Country	Code_WMO	mst	Long	Lat	Alt.m	years	I	II	III	IV	V	VI	VII	VIII	IX	X	XI	XII
211	36870	Almaty	76.93	43.23	847	1915	-999.0	-999.0	-999.0	-999.0	23.6	29.1	30.1	30.7	26.7	14.6	8.8	4.6
211	36870	Almaty	76.93	43.23	847	1916	0.1	-3.5	5.9	17.1	22.8	24.3	29.4	30.8	-999.0	14.5	0.6	0.4
211	36870	Almaty	76.93	43.23	847	1917	2.7	4.1	5.1	14.7	27.6	26.5	30.5	29.5	23.5	14.5	6.9	-2.3
211	36870	Almaty	76.93	43.23	847	1919	-999.0	1.9	5.8	18.4	22.8	-999.0	-999.0	29.8	20.7	17.9	8.8	0.9
211	36870	Almaty	76.93	43.23	847	1920	-999.0	-999.0	3.6	13.8	20.2	26.8	28.7	27.5	21.9	14.9	3.8	-6.4
211	36870	Almaty	76.93	43.23	847	1921	-0.3	0.9	4.1	14.9	17.5	23.5	28.0	26.9	22.7	15.5	7.1	2.2
211	36870	Almaty	76.93	43.23	847	1922	-1.6	0.4	9.0	17.4	21.8	26.1	28.6	27.6	24.3	17.5	8.6	2.8
211	36870	Almaty	76.93	43.23	847	1923	-4.3	0.6	6.7	15.8	21.0	26.4	27.6	32.7	20.8	15.2	7.9	-0.5
211	36870	Almaty	76.93	43.23	847	1924	0.2	0.8	4.8	16.9	18.2	24.4	30.6	30.3	23.5	15.5	7.2	1.1
211	36870	Almaty	76.93	43.23	847	1925	-0.8	-3.0	10.5	15.0	22.6	26.9	30.6	29.4	25.0	17.3	7.5	8.2
211	36870	Almaty	76.93	43.23	847	1926	-0.5	1.1	10.7	14.4	21.8	26.2	28.6	29.9	23.7	15.9	4.3	-0.4
211	36870	Almaty	76.93	43.23	847	1927	-2.4	-1.3	4.0	19.3	21.7	27.9	32.1	29.7	22.7	18.9	6.9	1.5
211	36870	Almaty	76.93	43.23	847	1928	-2.3	2.6	4.0	15.1	22.8	27.6	28.4	27.7	20.6	15.8	6.7	-4.2
211	36870	Almaty	76.93	43.23	847	1929	-6.2	-0.5	8.0	20.8	20.2	25.9	29.2	27.6	24.9	13.1	6.1	-7.2
211	36870	Almaty	76.93	43.23	847	1930	-5.5	0.5	9.1	14.4	21.9	27.1	30.4	27.6	21.3	13.5	8.8	-2.8
211	36870	Almaty	76.93	43.23	847	1931	-4.8	-1.9	8.0	15.2	18.9	25.4	27.6	28.9	26.7	17.0	5.5	0.2
211	36870	Almaty	76.93	43.23	847	1932	0.6	3.5	10.6	19.1	21.7	26.3	31.6	26.1	22.7	14.4	5.2	-3.7
211	36870	Almaty	76.93	43.23	847	1933	-5.1	0.3	3.1	18.0	23.4	25.8	30.4	30.6	22.9	14.1	8.3	2.2
211	36870	Almaty	76.93	43.23	847	1934	-6.0	4.1	6.9	12.0	17.7	26.4	26.7	27.8	19.4	14.5	3.1	1.7
211	36870	Almaty	76.93	43.23	847	1935	-6.1	2.2	7.1	15.6	22.7	25.6	29.6	31.1	22.2	15.5	0.1	-6.0
211	36870	Almaty	76.93	43.23	847	1936	-4.4	-1.2	3.4	14.7	20.7	27.0	29.1	25.3	23.7	20.3	8.0	0.1
211	36870	Almaty	76.93	43.23	847	1937	-4.1	-0.2	3.8	13.9	20.9	24.6	29.4	27.9	24.5	16.5	1.0	-1.4
211	36870	Almaty	76.93	43.23	847	1938	-0.8	2.6	7.7	20.8	24.9	26.1	30.0	28.7	23.7	15.7	7.3	-3.6
211	36870	Almaty	76.93	43.23	847	1939	-1.3	1.9	4.7	14.8	22.6	28.6	31.3	29.8	24.6	15.3	6.5	4.3
211	36870	Almaty	76.93	43.23	847	1940	-1.0	1.7	8.9	18.9	20.7	28.8	30.7	28.6	22.5	17.0	7.7	5.9
211	36870	Almaty	76.93	43.23	847	1941	1.7	3.2	11.6	18.0	23.5	30.1	28.6	30.1	23.8	19.1	7.6	3.1
211	36870	Almaty	76.93	43.23	847	1942	1.3	-6.3	9.5	15.2	20.6	26.4	29.8	27.5	24.0	16.7	8.0	1.7
211	36870	Almaty	76.93	43.23	847	1943	-1.0	-1.3	4.9	16.7	24.0	26.0	32.5	30.1	24.4	15.8	2.6	2.0
211	36870	Almaty	76.93	43.23	847	1944	-0.4	3.9	13.2	17.2	24.4	27.6	33.5	30.4	22.9	12.7	3.2	-7.2
211	36870	Almaty	76.93	43.23	847	1945	-2.2	-4.7	3.9	18.6	22.8	26.4	29.5	31.1	24.4	19.5	4.6	1.9
211	36870	Almaty	76.93	43.23	847	1946	-0.3	5.1	5.2	18.6	22.0	24.2	28.6	27.1	24.7	19.9	4.5	-3.1
211	36870	Almaty	76.93	43.23	847	1947	-0.5	-1.2	12.8	18.6	20.7	24.8	28.2	29.4	23.2	15.6	10.8	-1.7
211	36870	Almaty	76.93	43.23	847	1948	2.0	0.6	8.6	14.7	21.6	26.0	31.7	29.4	22.7	16.7	7.4	-0.4
211	36870	Almaty	76.93	43.23	847	1949	-0.7	3.0	5.2	16.9	20.3	25.1	28.9	28.6	20.7	14.5	4.2	-2.3
211	36870	Almaty	76.93	43.23	847	1950	0.4	0.0	8.4	14.9	24.7	27.6	31.0	29.6	23.3	14.4	2.4	-2.6
211	36870	Almaty	76.93	43.23	847	1951	-2.6	-8.2	3.3	18.0	23.8	24.5	30.0	29.0	25.2	14.3	4.7	4.1
211	36870	Almaty	76.93	43.23	847	1952	1.2	-0.2	6.3	15.8	20.4	25.5	29.1	29.2	22.9	15.6	-1.8	-1.8
211	36870	Almaty	76.93	43.23	847	1953	0.6	4.8	8.8	15.5	23.6	26.0	30.2	27.3	26.1	12.7	3.3	0.1
211	36870	Almaty	76.93	43.23	847	1954	-2.4	0.2	3.3	15.8	20.0	22.8	26.6	28.4	22.8	17.8	5.3	-4.8
211	36870	Almaty	76.93	43.23	847	1955	-2.1	2.5	5.8	13.2	21.4	28.2	30.2	30.8	24.2	15.9	10.7	3.4
211	36870	Almaty	76.93	43.23	847	1956	-4.1	0.7	6.4	18.3	22.1	24.4	33.0	29.0	24.5	17.6	12.1	0.1
211	36870	Almaty	76.93	43.23	847	1957	-3.3	-2.7	8.8	13.8	21.1	27.8	28.5	27.8	24.0	15.7	6.3	3.4
211	36870	Almaty	76.93	43.23	847	1958	-0.8	6.2	10.2	14.7	18.8	23.6	28.9	25.3	22.9	15.4	3.0	2.0
211	36870	Almaty	76.93	43.23	847	1959	-0.1	-0.2	4.2	18.2	19.5	26.2	26.6	28.1	27.7	16.3	3.2	-3.8
211	36870	Almaty	76.93	43.23	847	1960	2.2	3.3	2.9	15.1	17.1	26.2	27.5	28.5	22.6	15.5	3.6	0.8
211	36870	Almaty	76.93	43.23	847	1961	-0.5	-0.3	8.8	19.3	25.5	26.6	29.5	28.5	23.9	12.0	6.7	1.8
211	36870	Almaty	76.93	43.23	847	1962	-0.4	3.0	13.2	16.3	21.9	27.2	30.6	29.8	22.5	15.1	1.7	3.0
211	36870	Almaty	76.93	43.23	847	1963	4.0	5.2	11.4	14.2	22.0	27.4	29.4	27.8	22.4	16.6	8.2	2.4
211	36870	Almaty	76.93	43.23	847	1964	-1.8	-5.1	8.4	15.4	20.8	26.7	27.8	28.9	22.4	14.3	9.8	-2.4
211	36870	Almaty	76.93	43.23	847	1965	0.1	0.5	7.7	17.7	23.7	27.5	31.5	28.9	22.7	16.0	9.5	2.0
211	36870	Almaty	76.93	43.23	847	1966	0.8	4.3	7.5	14.9	20.1	28.4	28.9	29.3	24.6	14.2	4.0	-1.7
211	36870	Almaty	76.93	43.23	847	1967	-1.3	-0.4	6.6	17.5	21.9	25.9	29.6	27.0	21.9	14.9	5.1	3.1
211	36870	Almaty	76.93	43.23	847	1968	1.6	-0.5	11.3	14.7	20.9	27.5	30.1	28.7	22.3	15.3	6.3	-2.6
211	36870	Almaty	76.93	43.23	847	1969	-9.0	-8.2	6.5	16.6	21.0	25.7	28.9	26.8	21.1	14.8	6.9	3.8
211	36870	Almaty	76.93	43.23	847	1970	-0.9	3.6	5.7	16.7	22.3	26.5	28.8	28.7	23.6	16.4	5.9	-0.1
211	36870	Almaty	76.93	43.23	847	1971	-1.1	0.6	7.5	16.8	21.5	28.3	28.5	29.1	23.7	18.4	10.6	7.7
211	36870	Almaty	76.93	43.23	847	1972	-2.6	-4.9	5.5	17.4	21.7	26.0	26.8	26.7	22.5	16.3	9.3	-1.4
211	36870	Almaty	76.93	43.23	847	1973	-0.6	1.7	5.5	17.0	20.7	27.1	31.2	28.8	22.4	16.3	11.0	4.0
211	36870	Almaty	76.93	43.23	847	1974	-2.9	-4.2	8.1	17.3	22.9	27.8	31.6	27.2	22.6	15.9	8.4	-6.3
211	36870	Almaty	76.93	43.23	847	1975	1.5	1.8	9.6	18.2	21.9	27.6	31.5	30.2	24.5	15.8	4.1	2.3
211	36870	Almaty	76.93	43.23	847	1976	3.9	0.8	3.9	16.6	23.3	26.8	31.2	30.3	23.3	13.9	3.5	-2.8
211	36870	Almaty	76.93	43.23	847	1977	-5.5	1.1	10.2	18.8	24.5	31.1	30.4	29.5	25.5	15.4	8.7	2.9
211	36870	Almaty	76.93	43.23	847	1978	0.1	-0.6	6.5	19.2	22.7	27.0	30.4	28.2	26.2	16.2	5.4	5.9
211	36870	Almaty	76.93	43.23	847	1979	-1.2	5.7	6.8	15.9	19.8	25.9	29.5	28.7	22.8	18.5	6.9	5.3
211	36870	Almaty	76.93	43.23	847	1980	-1.1	-2.0	5.5	17.8	23.1	26.6	30.8	29.2	24.2	17.3	11.7	5.4
211	36870	Almaty	76.93	43.23	847	1981	0.5	0.5	11.4	17.9	22.9	27.0	29.4	27.9	23.5	13.8	5.6	1.0
211	36870	Almaty	76.93	43.23	847	1982	1.9	2.2	7.2	20.0	25.6	27.8	29.1	28.6	22.8	15.6	3.9	1.7
211	36870	Almaty	76.93	43.23	847	1983	2.6	6.6	8.9	18.4	22.0	26.6	31.2	31.4	24.4	15.9	10.0	2.7
211	36870	Almaty	76.93	43.23	847	1984	-4.1	-6.0	7.6	16.1	22.3	29.4	31.6	32.5	23.4	16.7	7.1	-9.2
211	36870	Almaty	76.93	43.23	847	1985	-0.4	4.3	2.9	-999.0	22.1	27.7	31.2	27.9	23.9	15.0	5.5	2.5
211	36870	Almaty	76.93	43.23	847	1986	2.1	1.8	4.9	16.8	22.6	26.2	29.6	28.3	25.9	15.4	5.5	3.2
211	36870	Almaty	76.93	43.23	847	1987	3.8	4.9	8.5	14.9	22.0	23.6	29.3	30.9	24.1	9.2	6.2	5.2
211	36870	Almaty	76.93	43.23	847	1988	0.9	-3.2	4.2	18.8	19.6	28.0	29.6	25.8	24.1	15.0	12.5	6.0
211	36870	Almaty	76.93	43.23	847	1989	0.4	-0.9	8.3	14.3	20.5	25.8	28.9	29.5	22.9	16.3	6.1	5.8
211	36870	Almaty	76.93	43.23	847	1990	0.0	1.1	8.4	16.7	23.5	29.8	29.1	28.9	26.1	16.5	8.8	2.8
211	36870	Almaty	76.93	43.23	847	1991	0.2	1.0	6.0	17.8	22.8	27.8	31.8	29.4	25.4	18.5	9.4	2.7
211	36870	Almaty	76.93	43.23	847	1992	2.6	4.6	15.6	18.4	19.5	25.5	29.7	26.4	21.0	16.1	11.9	3.0
211	36870	Almaty	76.93	43.23	847	1993	0.9	2.6	8.4	16.6	19.4	26.7	28.5	26.6	23.8	14.9	3.3	1.5
211	36870	Almaty	76.93	43.23	847	1994	-0.8	-1.1	8.2	14.1	22.5	28.3	30.1	30.2	21.2	16.4	11.6	2.6
211	36870	Almaty	76.93	43.23	847	1995	-0.9	3.2	8.2	17.7	22.4	28.8	30.4	-999.0	24.9	15.8	11.2	3.2
211	36870	Almaty	76.93	43.23	847	1996	-2.4	1.0	3.7	14.5	21.6	27.3	30.2	29.2	25.4	16.5	4.9	5.0
211	36870	Almaty	76.93	43.23	847	1997	3.4	2.3	10.3	21.2	22.2	28.6	32.8	30.6	27.0	22.7	4.6	1.3
211	36870	Almaty	76.93	43.23	847	1998	-1.5	3.0	4.3	17.1	20.7	26.5	30.7	31.0	25.5	18.0	10.0	3.8
211	36870	Almaty	76.93	43.23	847	1999	0.9	7.7	5.9	16.8	23.1	27.0	29.2	32.0	25.2	18.8	7.8	5.0
211	36870	Almaty	76.93	43.23	847	2000	2.4	3.4	10.0	21.3	25.9	29.1	31.8	31.5	25.9	12.0	4.7	4.5
211	36870	Almaty	76.93	43.23	847	2001	0.0	3.4	13.2	17.2	27.0	31.2	30.4	29.8	23.7	14.2	10.2	-0.7
211	36870	Almaty	76.93	43.23	847	2002	3.1	4.7	12.8	14.3	21.8	26.8	29.5	31.1	25.4	18.2	10.9	-1.1
211	36870	Almaty	76.93	43.23	847	2003	3.5	2.6	8.2	13.2	21.5	26.9	28.5	29.3	25.0	18.4	5.7	2.4
211	36879	Big Almaty Lake	76.98	43.07	2516	1932	-999.0	-2.3	4.5	9.1	8.7	13.3	16.7	12.9	10.4	-999.0	1.5	-6.3
211	36879	Big Almaty Lake	76.98	43.07	2516	1933	-5.5	-999.0	-999.0	-999.0	-999.0	-999.0	-999.0	-999.0	-999.0	-999.0	-999.0	-999.0
211	36879	Big Almaty Lake	76.98	43.07	2516	1934	-6.4	-0.8	1.0	6.6	7.4	14.8	14.0	15.3	8.8	6.1	-1.4	-2.8
211	36879	Big Almaty Lake	76.98	43.07	2516	1935	-6.2	1.4	1.7	4.2	-999.0	11.8	15.1	16.2	10.1	6.2	-2.2	-4.4
211	36879	Big Almaty Lake	76.98	43.07	2516	1936	-6.0	-1.9	-0.8	4.6	9.9	13.2	14.8	12.3	12.4	10.5	2.4	-3.7
211	36879	Big Almaty Lake	76.98	43.07	2516	1937	-6.6	-0.9	-1.2	3.3	9.6	12.1	15.9	14.5	12.3	6.1	-4.2	-2.1
211	36879	Big Almaty Lake	76.98	43.07	2516	1938	-3.0	-2.8	0.3	8.2	12.1	12.3	14.8	14.6	10.0	5.3	0.4	-3.5
211	36879	Big Almaty Lake	76.98	43.07	2516	1939	-3.9	-0.6	0.1	4.0	10.3	13.8	16.8	16.2	12.4	7.2	1.6	0.2
211	36879	Big Almaty Lake	76.98	43.07	2516	1940	-2.1	-0.8	0.6	7.0	9.5	14.5	15.9	13.2	9.8	7.7	3.1	0.0
211	36879	Big Almaty Lake	76.98	43.07	2516	1941	-3.0	-0.7	4.7	7.4	11.9	15.5	14.4	15.4	11.1	10.5	0.2	-1.5
211	36879	Big Almaty Lake	76.98	43.07	2516	1942	-2.3	-4.8	2.9	6.1	8.7	13.8	15.9	13.8	11.4	6.6	2.7	-2.9
211	36879	Big Almaty Lake	76.98	43.07	2516	1943	-3.4	-2.4	-1.6	4.6	10.0	11.8	17.4	16.8	11.8	5.7	0.5	-2.1
211	36879	Big Almaty Lake	76.98	43.07	2516	1944	-4.1	-0.5	5.8	5.5	11.4	12.8	18.6	16.5	10.9	4.6	-0.6	-7.9
211	36879	Big Almaty Lake	76.98	43.07	2516	1945	-5.6	-8.9	-0.2	7.4	10.9	12.9	14.9	15.9	12.2	9.3	-0.5	-2.0
211	36879	Big Almaty Lake	76.98	43.07	2516	1946	-3.4	3.1	-0.1	8.4	10.1	11.8	14.6	13.9	11.3	10.4	-0.6	-5.2
211	36879	Big Almaty Lake	76.98	43.07	2516	1947	-3.5	-2.2	4.6	6.9	9.3	12.4	14.6	15.2	11.3	5.3	5.1	-3.8
211	36879	Big Almaty Lake	76.98	43.07	2516	1948	-1.2	-2.1	1.4	4.4	8.7	12.4	17.3	15.7	10.5	7.3	1.5	-4.6
211	36879	Big Almaty Lake	76.98	43.07	2516	1949	-2.8	-2.8	-0.8	7.3	9.2	11.8	14.7	14.5	8.6	5.2	-1.9	-4.8
211	36879	Big Almaty Lake	76.98	43.07	2516	1950	-1.0	-3.1	1.0	4.3	11.0	13.7	16.1	16.0	10.6	6.4	-0.5	-2.0
211	36879	Big Almaty Lake	76.98	43.07	2516	1951	-4.2	-7.3	1.9	4.6	11.2	11.5	14.7	14.6	13.3	7.8	1.7	0.7
211	36879	Big Almaty Lake	76.98	43.07	2516	1952	-2.1	-0.8	1.6	7.8	10.3	12.9	16.8	16.7	11.1	7.3	-3.3	-2.4
211	36879	Big Almaty Lake	76.98	43.07	2516	1953	-3.4	2.6	1.6	3.3	12.2	13.9	17.3	14.2	14.1	4.2	-0.8	-2.3
211	36879	Big Almaty Lake	76.98	43.07	2516	1954	-4.5	-2.5	0.4	7.0	8.3	11.1	14.3	14.9	11.5	7.1	-0.7	-5.3
211	36879	Big Almaty Lake	76.98	43.07	2516	1955	-4.1	-0.4	1.0	2.7	9.6	14.8	15.9	16.6	10.6	6.2	4.1	0.0
211	36879	Big Almaty Lake	76.98	43.07	2516	1956	-4.9	-1.2	1.4	7.4	10.8	11.2	18.7	15.4	12.5	8.1	4.8	-2.7
211	36879	Big Almaty Lake	76.98	43.07	2516	1957	-4.9	-3.9	3.3	2.7	7.3	13.3	14.2	13.6	10.8	7.4	0.9	-1.0
211	36879	Big Almaty Lake	76.98	43.07	2516	1958	-1.7	0.0	3.1	6.8	6.8	12.2	16.6	12.7	11.9	7.0	-1.5	-1.3
211	36879	Big Almaty Lake	76.98	43.07	2516	1959	-2.9	-4.2	0.6	7.5	7.3	12.8	13.4	14.5	15.2	7.4	-0.5	-4.5
211	36879	Big Almaty Lake	76.98	43.07	2516	1960	-2.6	1.6	-0.6	4.6	6.5	13.4	14.3	16.4	9.8	7.0	-0.2	-1.3
211	36879	Big Almaty Lake	76.98	43.07	2516	1961	-3.1	-5.1	1.9	6.9	12.6	13.6	15.3	14.5	12.1	3.0	2.9	-1.3
211	36879	Big Almaty Lake	76.98	43.07	2516	1962	-3.9	-0.5	4.5	5.3	9.2	13.4	15.7	15.7	9.7	6.1	-2.8	-0.4
211	36879	Big Almaty Lake	76.98	43.07	2516	1963	1.4	0.4	3.4	5.5	10.1	14.2	14.7	13.8	10.7	7.0	2.7	-0.5
211	36879	Big Almaty Lake	76.98	43.07	2516	1964	-6.1	-3.8	2.5	5.2	7.7	13.0	13.9	14.7	10.0	4.1	3.0	-1.2
211	36879	Big Almaty Lake	76.98	43.07	2516	1965	-1.4	-3.7	-1.5	6.5	10.1	13.0	16.8	14.8	10.8	7.7	3.0	-0.1
211	36879	Big Almaty Lake	76.98	43.07	2516	1966	-1.1	1.4	1.3	5.0	8.5	14.6	15.3	15.3	12.0	5.0	0.3	-3.2
211	36879	Big Almaty Lake	76.98	43.07	2516	1967	-3.8	-2.2	2.8	6.1	8.7	12.9	14.6	13.7	10.5	4.8	0.6	0.9
211	36879	Big Almaty Lake	76.98	43.07	2516	1968	-2.0	-4.2	1.8	4.4	8.5	13.5	15.4	15.1	11.6	5.4	1.3	-3.9
211	36879	Big Almaty Lake	76.98	43.07	2516	1969	-8.6	-7.3	3.1	6.7	9.9	13.1	15.1	14.0	10.7	6.7	3.3	0.5
211	36879	Big Almaty Lake	76.98	43.07	2516	1970	-3.0	-1.1	-1.1	6.6	10.3	12.3	14.4	16.1	-999.0	7.2	3.2	-2.5
211	36879	Big Almaty Lake	76.98	43.07	2516	1971	-3.7	-2.5	3.0	6.6	9.5	14.8	14.4	14.2	10.3	7.4	3.9	2.1
211	36879	Big Almaty Lake	76.98	43.07	2516	1972	-4.8	-7.8	0.5	5.8	9.6	12.3	12.7	13.1	10.3	8.3	3.9	-2.5
211	36879	Big Almaty Lake	76.98	43.07	2516	1973	-4.6	1.1	0.5	6.7	9.1	14.1	17.7	15.2	11.6	8.2	6.2	1.1
211	36879	Big Almaty Lake	76.98	43.07	2516	1974	-6.3	-6.4	0.2	8.7	10.9	13.0	15.7	13.5	10.1	7.3	1.9	-5.6
211	36879	Big Almaty Lake	76.98	43.07	2516	1975	-1.8	-2.8	1.1	5.3	8.7	13.3	16.3	15.7	16.3	6.3	2.7	-1.3
211	36879	Big Almaty Lake	76.98	43.07	2516	1976	0.3	-4.1	-0.6	6.0	10.0	12.6	16.2	15.9	11.2	9.8	0.2	-3.7
211	36879	Big Almaty Lake	76.98	43.07	2516	1977	-6.4	-1.5	4.2	7.1	10.3	15.3	15.2	15.8	12.8	7.3	4.8	-1.6
211	36879	Big Almaty Lake	76.98	43.07	2516	1978	-3.2	-3.9	0.2	8.3	10.8	14.3	16.2	14.9	13.4	7.3	0.7	1.8
211	36879	Big Almaty Lake	76.98	43.07	2516	1979	-2.2	0.9	-1.0	6.3	7.3	13.7	16.1	15.8	10.3	9.6	3.9	0.6
211	36879	Big Almaty Lake	76.98	43.07	2516	1980	-3.3	-3.5	-0.4	-999.0	11.7	12.9	17.0	15.7	12.7	8.4	4.9	2.0
211	36879	Big Almaty Lake	76.98	43.07	2516	1981	-2.7	-2.2	3.4	7.4	10.9	13.5	15.2	13.0	10.1	4.0	1.2	-0.7
211	36879	Big Almaty Lake	76.98	43.07	2516	1982	-1.2	-3.2	-0.5	7.8	10.8	13.7	14.6	14.1	10.3	7.4	0.7	-0.6
211	36879	Big Almaty Lake	76.98	43.07	2516	1983	-1.6	-0.6	0.1	5.7	9.7	12.6	16.5	18.1	11.1	7.0	4.3	-1.4
211	36879	Big Almaty Lake	76.98	43.07	2516	1984	-5.9	-8.2	2.7	4.8	9.1	14.6	16.2	18.8	9.8	6.8	2.5	-9.0
211	36879	Big Almaty Lake	76.98	43.07	2516	1985	-2.9	-0.1	-1.4	8.4	9.4	14.1	16.9	14.2	11.9	6.9	1.4	-0.5
211	36879	Big Almaty Lake	76.98	43.07	2516	1986	-1.9	-1.6	-2.3	4.3	9.7	12.5	16.1	14.8	13.4	7.2	0.9	-1.5
211	36879	Big Almaty Lake	76.98	43.07	2516	1987	-1.8	0.2	2.2	4.6	8.7	10.6	15.2	17.1	12.3	2.2	1.3	2.1
211	36879	Big Almaty Lake	76.98	43.07	2516	1988	-2.1	-2.9	0.2	7.6	7.4	14.5	17.1	13.9	12.3	5.7	6.4	1.8
211	36879	Big Almaty Lake	76.98	43.07	2516	1989	-4.3	-7.8	1.1	2.3	8.0	11.1	14.5	15.5	11.1	7.8	1.3	0.3
211	36891	Chilik	78.25	43.60	606	1933	-999.0	-999.0	-999.0	-999.0	-999.0	-999.0	31.5	31.4	24.5	15.9	9.2	1.2
211	36891	Chilik	78.25	43.60	606	1934	-8.1	4.3	9.6	15.8	21.7	29.3	29.0	29.7	21.8	-999.0	-999.0	-999.0
211	36891	Chilik	78.25	43.60	606	1935	-999.0	4.4	10.6	18.4	25.5	27.7	30.7	31.8	23.6	17.2	1.2	-999.0
211	36891	Chilik	78.25	43.60	606	1937	-5.9	-4.6	3.5	16.1	23.5	26.9	31.7	29.8	26.1	17.8	0.9	-3.0
211	36891	Chilik	78.25	43.60	606	1938	-1.7	2.9	9.8	22.9	27.3	28.7	32.1	30.6	24.6	17.0	7.3	-5.4
211	36891	Chilik	78.25	43.60	606	1939	-5.3	0.6	7.5	17.7	26.0	31.2	33.2	31.3	27.0	16.9	7.2	4.2
211	36891	Chilik	78.25	43.60	606	1940	-1.8	2.4	11.4	21.1	23.6	31.7	33.0	30.5	24.6	17.5	7.7	5.3
211	36891	Chilik	78.25	43.60	606	1941	1.0	4.4	13.4	20.7	26.6	32.5	30.4	31.9	25.2	20.4	6.8	2.0
211	36891	Chilik	78.25	43.60	606	1942	-1.5	-6.3	11.1	17.8	22.2	29.8	33.0	30.4	25.8	18.1	8.1	0.9
211	36891	Chilik	78.25	43.60	606	1943	-1.7	-1.4	7.9	19.4	27.0	28.2	34.5	32.0	25.8	16.5	4.6	-0.9
211	36891	Chilik	78.25	43.60	606	1944	-4.5	-0.1	14.7	19.8	27.0	30.2	35.0	31.9	24.8	15.3	3.4	-9.1
211	36891	Chilik	78.25	43.60	606	1945	-3.5	-5.4	5.8	21.7	25.9	29.0	31.6	32.9	25.7	20.3	4.2	-1.5
211	36891	Chilik	78.25	43.60	606	1946	-3.4	3.2	7.5	20.2	24.4	27.0	31.5	29.3	26.7	21.0	4.5	-4.5
211	36891	Chilik	78.25	43.60	606	1947	-4.3	-1.4	15.6	21.4	23.9	28.5	31.2	31.1	24.8	17.4	10.5	-5.0
211	36891	Chilik	78.25	43.60	606	1948	0.0	-0.6	10.7	17.3	24.5	28.1	33.6	31.0	24.3	18.6	7.0	-2.8
211	36891	Chilik	78.25	43.60	606	1949	-3.0	4.0	8.4	20.4	24.4	28.2	30.7	30.3	22.7	16.4	5.0	-1.5
211	36891	Chilik	78.25	43.60	606	1950	0.8	0.6	10.5	17.4	27.8	30.0	32.9	31.4	25.4	15.7	2.0	-5.4
211	36891	Chilik	78.25	43.60	606	1951	-5.0	-8.6	5.3	20.6	27.1	28.0	31.9	30.7	27.1	16.1	4.6	3.2
211	36891	Chilik	78.25	43.60	606	1952	0.3	2.4	10.2	17.2	23.4	27.9	32.0	31.6	25.0	16.4	-1.6	-5.6
211	36891	Chilik	78.25	43.60	606	1953	-3.4	2.3	10.2	17.6	26.8	28.5	32.5	29.5	28.0	14.6	3.3	-1.8
211	36891	Chilik	78.25	43.60	606	1954	-5.9	-2.3	5.0	19.3	22.4	25.4	29.0	30.3	25.2	19.7	5.1	-8.6
211	36891	Chilik	78.25	43.60	606	1955	-6.9	-0.6	7.1	14.6	24.4	30.4	32.1	32.5	26.3	17.4	9.7	2.4
211	36891	Chilik	78.25	43.60	606	1956	-8.9	-1.8	7.8	20.4	23.9	26.3	34.9	30.4	26.1	18.3	11.9	-0.6
211	36891	Chilik	78.25	43.60	606	1957	-6.6	-4.1	9.4	16.2	23.5	29.9	30.5	29.7	25.9	17.3	5.7	2.5
211	36891	Chilik	78.25	43.60	606	1958	-1.3	6.4	11.5	17.1	20.6	25.9	31.3	28.3	25.4	17.2	4.4	1.7
211	36891	Chilik	78.25	43.60	606	1959	-3.2	-0.7	6.1	19.6	22.0	29.3	29.1	30.2	29.6	17.1	4.1	-6.5
211	36891	Chilik	78.25	43.60	606	1960	-2.5	1.2	5.3	18.3	19.2	28.9	29.2	30.7	24.1	17.1	4.1	-999.0
211	36891	Chilik	78.25	43.60	606	1961	-4.0	-1.3	11.1	22.1	27.9	29.0	31.7	30.5	25.9	13.7	8.1	3.1
211	36891	Chilik	78.25	43.60	606	1962	-0.7	6.5	15.6	19.1	25.0	30.2	32.7	32.1	24.5	16.8	2.9	0.2
211	36891	Chilik	78.25	43.60	606	1963	3.5	7.6	13.7	16.8	24.9	30.4	31.6	30.0	24.3	17.4	8.4	1.0
211	36891	Chilik	78.25	43.60	606	1964	-3.0	-2.7	10.3	17.8	23.2	28.9	29.7	30.9	24.2	15.5	10.5	-2.5
211	36891	Chilik	78.25	43.60	606	1965	-1.1	0.9	11.3	20.1	26.5	29.8	33.7	30.6	25.0	17.5	8.8	2.4
211	36885	Issyk	77.47	43.37	1098	1937	-999.0	-999.0	-999.0	-999.0	-999.0	-999.0	28.0	26.6	23.2	15.1	1.3	0.5
211	36885	Issyk	77.47	43.37	1098	1938	1.9	3.2	6.9	19.0	23.3	24.6	23.2	27.3	21.9	13.8	6.9	-1.6
211	36885	Issyk	77.47	43.37	1098	1939	0.8	4.1	5.8	14.5	21.7	27.7	30.5	28.7	25.2	13.7	7.0	5.7
211	36885	Issyk	77.47	43.37	1098	1940	1.2	2.4	8.0	17.1	19.2	27.1	29.4	27.0	21.1	16.1	8.3	7.2
211	36885	Issyk	77.47	43.37	1098	1941	2.5	3.2	10.9	16.3	22.0	28.5	27.3	28.2	22.2	17.9	7.2	4.1
211	36885	Issyk	77.47	43.37	1098	1942	2.7	-5.2	9.2	14.5	18.8	25.0	28.7	26.2	22.1	15.0	-999.0	-999.0
211	36885	Issyk	77.47	43.37	1098	1943	-999.0	-999.0	3.7	15.8	23.3	25.9	31.0	29.5	23.5	14.8	4.0	3.9
211	36885	Issyk	77.47	43.37	1098	1944	1.7	-5.6	12.8	16.6	23.3	26.5	32.0	28.5	21.4	12.7	3.3	-5.2
211	36885	Issyk	77.47	43.37	1098	1946	-999.0	-999.0	-999.0	16.9	20.0	22.6	26.7	25.0	22.5	18.6	5.3	-0.4
211	36885	Issyk	77.47	43.37	1098	1947	2.5	1.3	11.8	16.7	19.1	23.2	26.4	27.4	21.3	14.6	11.4	1.1
211	36885	Issyk	77.47	43.37	1098	1948	4.3	3.6	8.7	13.3	20.0	23.6	29.5	26.9	20.8	14.8	8.0	1.0
211	36885	Issyk	77.47	43.37	1098	1949	1.7	3.4	4.7	15.7	18.7	22.8	26.6	26.3	18.5	12.8	3.4	-1.2
211	36885	Issyk	77.47	43.37	1098	1950	2.1	2.0	7.2	12.6	22.8	25.3	28.4	27.2	21.2	13.0	3.0	-0.2
211	36885	Issyk	77.47	43.37	1098	1951	-0.5	-5.2	4.4	16.1	22.4	22.8	27.8	26.6	23.2	13.6	5.9	6.4
211	36885	Issyk	77.47	43.37	1098	1952	2.9	-999.0	5.5	14.0	18.6	23.2	27.3	27.3	20.9	13.7	-1.7	1.8
211	36885	Issyk	77.47	43.37	1098	1953	1.8	7.4	7.4	13.2	21.4	23.9	28.5	25.1	24.0	11.6	5.1	1.8
211	36885	Issyk	77.47	43.37	1098	1954	-0.7	1.4	3.9	14.5	17.8	20.5	24.5	26.2	20.8	16.1	5.3	-1.1
211	36885	Issyk	77.47	43.37	1098	1955	1.3	4.9	6.7	11.2	19.4	26.1	27.9	28.1	21.6	14.3	11.2	4.8
211	36885	Issyk	77.47	43.37	1098	1956	-1.3	2.6	5.8	16.1	19.9	22.0	30.8	26.7	22.6	16.0	11.7	1.3
211	36885	Issyk	77.47	43.37	1098	1957	-0.6	-1.0	9.1	11.7	19.0	25.7	26.6	25.7	22.0	14.3	6.5	4.7
211	36885	Issyk	77.47	43.37	1098	1958	2.6	6.6	9.1	13.4	16.7	22.0	27.2	23.9	21.3	14.2	3.7	3.7
211	36885	Issyk	77.47	43.37	1098	1959	2.3	1.3	4.5	16.4	17.7	24.7	25.0	26.3	26.6	15.4	3.8	-1.5
211	36885	Issyk	77.47	43.37	1098	1960	3.6	5.9	3.2	13.8	15.6	24.6	25.2	26.7	20.6	14.4	4.0	3.0
211	36885	Issyk	77.47	43.37	1098	1961	1.4	-0.1	8.0	17.6	23.5	24.6	27.5	26.4	22.1	10.4	7.7	4.8
211	36885	Issyk	77.47	43.37	1098	1962	1.4	4.2	11.5	14.5	20.0	25.3	28.6	27.9	20.5	13.4	1.8	5.5
211	36885	Issyk	77.47	43.37	1098	1963	7.1	6.0	10.1	12.6	20.3	25.8	27.7	25.9	20.5	15.7	8.3	4.0
211	36885	Issyk	77.47	43.37	1098	1964	-0.5	-1.8	8.3	13.8	19.3	25.2	26.0	27.4	20.6	12.4	10.2	-0.8
211	36885	Issyk	77.47	43.37	1098	1965	1.7	1.2	7.0	15.6	22.0	25.7	29.8	26.9	20.9	15.0	10.0	3.8
211	36907	Kegen'	79.23	43.02	1845	1931	-9.0	-12.5	4.8	11.3	13.1	18.6	-999.0	-999.0	-999.0	-999.0	-999.0	-999.0
211	36907	Kegen'	79.23	43.02	1845	1932	-3.5	-2.9	8.2	14.8	15.3	19.8	23.4	19.2	17.3	10.8	2.6	-7.1
211	36907	Kegen'	79.23	43.02	1845	1933	-999.0	-3.6	0.9	13.4	19.1	19.4	22.3	24.5	17.5	7.2	1.7	-2.6
211	36907	Kegen'	79.23	43.02	1845	1934	-13.4	-3.2	-0.3	7.1	13.6	20.1	20.2	21.0	13.9	10.8	0.5	-2.2
211	36907	Kegen'	79.23	43.02	1845	1935	-999.0	-999.0	-999.0	-999.0	-999.0	-999.0	-999.0	-999.0	-999.0	-999.0	-999.0	-999.0
211	36907	Kegen'	79.23	43.02	1845	1936	-999.0	-999.0	-999.0	-999.0	-999.0	-999.0	-999.0	-999.0	-999.0	-999.0	-999.0	-999.0
211	36907	Kegen'	79.23	43.02	1845	1937	-999.0	-999.0	-999.0	-999.0	-999.0	-999.0	-999.0	-999.0	-999.0	-999.0	-999.0	-999.0
211	36907	Kegen'	79.23	43.02	1845	1938	-999.0	-999.0	-999.0	-999.0	-999.0	-999.0	-999.0	-999.0	-999.0	-999.0	-999.0	-999.0
211	36907	Kegen'	79.23	43.02	1845	1939	-999.0	-999.0	-999.0	-999.0	-999.0	-999.0	-999.0	-999.0	-999.0	-999.0	-999.0	-999.0
211	36907	Kegen'	79.23	43.02	1845	1940	-999.0	-999.0	-999.0	-999.0	-999.0	-999.0	-999.0	-999.0	-999.0	-999.0	-999.0	-999.0
211	36907	Kegen'	79.23	43.02	1845	1941	-999.0	-999.0	-999.0	-999.0	-999.0	-999.0	-999.0	-999.0	-999.0	-999.0	-999.0	-999.0
211	36907	Kegen'	79.23	43.02	1845	1942	-999.0	-999.0	-999.0	-999.0	-999.0	-999.0	-999.0	-999.0	-999.0	-999.0	-999.0	-999.0
211	36907	Kegen'	79.23	43.02	1845	1943	-999.0	-999.0	-999.0	-999.0	-999.0	-999.0	-999.0	-999.0	-999.0	-999.0	-999.0	-999.0
211	36907	Kegen'	79.23	43.02	1845	1944	-999.0	-999.0	-999.0	-999.0	-999.0	-999.0	-999.0	-999.0	-999.0	-999.0	-999.0	-999.0
211	36907	Kegen'	79.23	43.02	1845	1945	-999.0	-999.0	-999.0	-999.0	-999.0	-999.0	-999.0	-999.0	-999.0	-999.0	-999.0	-999.0
211	36907	Kegen'	79.23	43.02	1845	1946	-999.0	-999.0	-999.0	-999.0	-999.0	-999.0	-999.0	-999.0	-999.0	-999.0	-999.0	-999.0
211	36907	Kegen'	79.23	43.02	1845	1947	-999.0	-999.0	-999.0	-999.0	-999.0	-999.0	-999.0	22.7	-999.0	-999.0	7.6	-6.9
211	36907	Kegen'	79.23	43.02	1845	1948	-999.0	-999.0	-999.0	10.7	15.6	20.5	25.2	23.3	17.1	12.5	3.0	-5.4
211	36907	Kegen'	79.23	43.02	1845	1949	-5.5	-2.1	1.8	13.0	15.7	18.5	20.7	21.9	14.4	11.5	-2.0	-7.3
211	36907	Kegen'	79.23	43.02	1845	1950	-3.8	-5.0	3.8	9.1	18.3	20.6	23.1	23.0	16.7	9.9	-0.5	-6.9
211	36907	Kegen'	79.23	43.02	1845	1951	-6.0	-9.5	1.6	11.2	18.3	18.9	21.5	21.8	19.7	10.8	0.8	-1.2
211	36907	Kegen'	79.23	43.02	1845	1952	-4.9	-3.5	2.8	10.2	15.4	17.8	22.6	23.7	17.1	11.0	-3.4	-6.0
211	36907	Kegen'	79.23	43.02	1845	1953	-5.4	-0.8	3.2	9.0	18.4	20.1	24.1	20.8	20.9	7.5	-1.3	-3.7
211	36907	Kegen'	79.23	43.02	1845	1954	-6.9	-3.6	1.5	12.3	13.4	16.2	19.6	21.1	17.4	13.5	2.0	-8.2
211	36907	Kegen'	79.23	43.02	1845	1955	-6.9	-3.1	3.6	7.3	16.1	21.4	22.4	23.2	17.0	10.8	3.9	-1.7
211	36907	Kegen'	79.23	43.02	1845	1956	-9.2	-2.6	1.4	12.3	15.7	17.3	25.9	21.0	19.4	12.9	8.1	-3.1
211	36907	Kegen'	79.23	43.02	1845	1957	-7.8	-4.8	6.3	8.2	13.8	21.1	21.0	21.0	17.9	11.6	2.4	-1.8
211	36907	Kegen'	79.23	43.02	1845	1958	-4.4	-0.2	6.5	11.1	12.8	18.6	22.8	19.0	17.7	11.6	-1.7	-2.3
211	36907	Kegen'	79.23	43.02	1845	1959	-5.6	-4.6	1.6	12.5	13.5	19.3	19.5	20.9	21.3	11.5	1.1	-6.5
211	36907	Kegen'	79.23	43.02	1845	1960	-4.7	0.4	0.9	9.8	12.4	19.4	20.4	22.2	16.4	11.1	-0.9	-3.5
211	36907	Kegen'	79.23	43.02	1845	1961	-6.0	-6.6	2.7	13.2	19.6	20.0	21.4	20.9	17.9	6.4	0.2	-3.1
211	36907	Kegen'	79.23	43.02	1845	1962	-6.4	-1.1	8.4	11.2	15.9	20.2	23.0	23.3	16.8	10.5	-3.4	-4.0
211	36907	Kegen'	79.23	43.02	1845	1963	-5.1	-0.5	6.5	10.2	17.0	21.7	22.6	21.9	16.8	10.8	4.8	0.0
211	36907	Kegen'	79.23	43.02	1845	1964	-4.3	-3.5	5.5	10.3	13.9	19.4	20.4	21.4	15.4	8.5	5.1	-4.2
211	36907	Kegen'	79.23	43.02	1845	1965	-4.7	-3.8	3.2	11.9	16.3	19.9	23.4	21.9	17.4	12.2	3.6	0.2
211	36907	Kegen'	79.23	43.02	1845	1966	-1.7	0.9	2.9	9.1	14.3	21.0	22.0	22.8	18.9	9.7	-1.3	-6.2
211	36907	Kegen'	79.23	43.02	1845	1967	-8.1	-4.4	3.4	12.6	15.7	19.6	21.5	20.1	16.5	9.5	1.2	1.9
211	36907	Kegen'	79.23	43.02	1845	1968	0.9	-3.3	6.6	10.3	15.9	20.3	22.4	22.1	17.6	9.5	2.0	-6.3
211	36907	Kegen'	79.23	43.02	1845	1969	-10.9	-9.9	2.4	11.1	16.4	19.0	21.8	21.0	16.8	10.9	6.0	2.6
211	36907	Kegen'	79.23	43.02	1845	1970	-3.5	0.5	1.6	12.1	17.1	20.2	21.6	22.5	-999.0	11.3	3.2	-3.8
211	36907	Kegen'	79.23	43.02	1845	1971	-6.6	-2.8	3.9	11.6	15.8	21.5	20.5	22.2	17.2	12.9	6.4	3.2
211	36907	Kegen'	79.23	43.02	1845	1972	-5.6	-9.3	2.7	11.1	16.7	18.7	19.9	20.9	16.7	11.6	3.7	-3.5
211	36907	Kegen'	79.23	43.02	1845	1973	-5.3	-1.2	1.9	12.4	14.8	20.4	24.8	22.1	17.1	12.4	7.2	2.6
211	36907	Kegen'	79.23	43.02	1845	1974	-6.3	-7.1	2.9	13.9	17.2	20.3	23.9	21.1	16.4	9.5	1.6	-10.5
211	36907	Kegen'	79.23	43.02	1845	1975	-4.8	-3.0	3.2	11.8	15.1	20.1	23.5	22.4	23.5	11.0	1.6	-3.3
211	36907	Kegen'	79.23	43.02	1845	1976	0.9	-3.1	2.2	10.4	17.0	18.8	23.0	23.3	16.8	10.2	-0.2	-5.3
211	36907	Kegen'	79.23	43.02	1845	1977	-7.9	-2.8	6.2	12.9	17.5	22.4	22.1	23.0	19.2	11.4	6.4	-3.1
211	36907	Kegen'	79.23	43.02	1845	1978	-5.9	-4.9	3.0	14.1	17.0	20.3	23.9	22.2	19.5	12.5	0.8	0.1
211	36907	Kegen'	79.23	43.02	1845	1979	-6.0	-0.7	0.6	11.0	14.3	19.6	22.0	21.9	15.2	12.4	3.2	1.4
211	36907	Kegen'	79.23	43.02	1845	1980	-4.4	-3.6	1.0	-999.0	18.0	18.6	23.7	22.4	18.6	13.6	7.0	0.1
211	36907	Kegen'	79.23	43.02	1845	1981	-4.7	-3.6	5.8	12.5	16.5	20.1	21.8	20.7	17.0	8.2	-0.5	-3.8
211	36907	Kegen'	79.23	43.02	1845	1982	-4.5	-3.2	2.0	14.3	18.0	20.9	22.3	21.0	16.8	11.9	1.3	-0.8
211	36907	Kegen'	79.23	43.02	1845	1983	-2.2	2.6	4.2	12.3	16.1	19.1	23.4	24.8	16.8	10.2	5.1	-1.7
211	36907	Kegen'	79.23	43.02	1845	1984	-5.2	-7.1	4.5	9.9	15.8	21.2	23.0	26.0	15.3	11.2	2.0	-12.4
211	36907	Kegen'	79.23	43.02	1845	1985	-6.2	-1.0	-1.3	13.4	16.0	20.2	23.5	21.3	18.2	10.8	1.0	-2.1
211	36907	Kegen'	79.23	43.02	1845	1986	-3.7	-2.8	-0.3	10.4	16.2	19.1	23.2	22.1	20.4	11.8	1.8	-2.8
211	36907	Kegen'	79.23	43.02	1845	1987	3.4	-0.8	2.8	10.0	15.8	16.8	22.3	24.6	18.4	13.2	0.0	-0.8
211	36907	Kegen'	79.23	43.02	1845	1988	-5.6	-5.9	1.6	13.3	13.6	21.2	22.9	20.1	16.6	10.0	8.6	2.4
211	36907	Kegen'	79.23	43.02	1845	1989	-3.8	-5.1	5.9	8.7	15.0	18.2	21.7	23.0	17.8	11.3	2.1	1.9
211	36846	Kugaly	78.67	44.48	1410	1932	-999.0	-999.0	-999.0	-999.0	-999.0	-999.0	-999.0	22.4	19.6	12.4	3.8	-5.4
211	36846	Kugaly	78.67	44.48	1410	1933	-999.0	-999.0	-999.0	15.3	-999.0	22.2	24.8	26.4	-999.0	-999.0	6.2	-1.0
211	36846	Kugaly	78.67	44.48	1410	1934	-7.8	-0.6	2.0	-999.0	-999.0	22.3	21.7	23.6	15.6	12.3	1.5	-1.1
211	36846	Kugaly	78.67	44.48	1410	1935	-999.0	0.7	3.6	11.6	19.1	21.2	24.9	26.9	19.3	12.5	-0.3	-6.2
211	36846	Kugaly	78.67	44.48	1410	1936	-999.0	-999.0	-999.0	-999.0	-999.0	-999.0	-999.0	-999.0	-999.0	-999.0	-999.0	-999.0
211	36846	Kugaly	78.67	44.48	1410	1937	-6.6	-1.6	1.0	8.5	17.1	19.8	24.5	24.1	21.0	13.9	-2.6	-3.5
211	36846	Kugaly	78.67	44.48	1410	1938	-3.3	-1.7	3.1	16.8	21.0	21.7	25.1	24.7	19.3	11.9	3.1	-4.6
211	36846	Kugaly	78.67	44.48	1410	1940	-3.1	-0.7	2.5	13.8	16.7	23.6	26.8	24.2	18.6	13.4	4.1	1.5
211	36846	Kugaly	78.67	44.48	1410	1941	-1.8	-0.4	5.4	14.7	19.2	25.0	24.0	25.5	19.8	16.4	2.7	-0.6
211	36846	Kugaly	78.67	44.48	1410	1942	-3.0	-6.4	4.3	12.2	15.9	22.1	25.2	24.0	20.2	13.2	5.0	-2.5
211	36846	Kugaly	78.67	44.48	1410	1943	-3.2	-3.1	0.3	10.8	19.6	20.5	27.7	26.1	20.8	11.4	0.5	-1.8
211	36846	Kugaly	78.67	44.48	1410	1944	-3.8	0.2	8.7	13.4	19.6	23.3	28.2	26.1	19.3	11.2	-0.9	-8.6
211	36846	Kugaly	78.67	44.48	1410	1945	-4.7	-7.0	1.2	14.8	20.7	-999.0	25.2	27.0	20.2	-999.0	-999.0	-999.0
211	36846	Kugaly	78.67	44.48	1410	1946	-999.0	-999.0	-999.0	-999.0	-999.0	-999.0	23.9	22.7	20.5	17.6	0.2	-5.2
211	36846	Kugaly	78.67	44.48	1410	1947	-3.6	-2.7	7.8	15.4	17.0	20.9	23.8	25.3	21.2	-999.0	-999.0	-999.0
211	36846	Kugaly	78.67	44.48	1410	1948	-1.2	-2.2	3.9	11.2	17.9	21.5	27.4	26.1	19.0	14.3	4.8	-3.0
211	36846	Kugaly	78.67	44.48	1410	1949	-999.0	-999.0	-999.0	12.5	16.5	20.2	22.6	24.8	16.5	12.4	1.6	-6.0
211	36846	Kugaly	78.67	44.48	1410	1950	-1.6	-3.5	3.3	10.3	19.8	21.8	25.4	25.7	19.7	11.5	-2.5	-4.9
211	36846	Kugaly	78.67	44.48	1410	1951	-4.9	-9.5	1.2	12.9	20.4	20.6	-999.0	24.9	22.4	12.0	1.7	0.1
211	36846	Kugaly	78.67	44.48	1410	1952	-2.8	-2.2	1.9	9.0	17.0	19.5	23.7	25.8	19.5	12.8	-1.7	-2.6
211	36846	Kugaly	78.67	44.48	1410	1953	-3.3	1.4	3.7	10.5	20.0	21.3	25.6	23.2	24.0	9.6	-0.6	-3.0
211	36846	Kugaly	78.67	44.48	1410	1954	-5.4	-3.0	0.3	12.7	15.3	18.0	21.9	24.0	19.1	15.3	2.3	-6.3
211	36846	Kugaly	78.67	44.48	1410	1955	-4.3	-1.2	2.6	6.4	18.1	23.4	23.9	25.6	19.2	12.7	6.2	-0.4
211	36846	Kugaly	78.67	44.48	1410	1957	-5.9	-4.7	5.4	9.1	17.1	23.9	23.8	23.6	20.9	13.1	2.0	-0.4
211	36846	Kugaly	78.67	44.48	1410	1958	-3.0	0.8	4.2	11.0	14.2	19.0	23.6	21.3	19.6	13.6	-0.2	-0.7
211	36846	Kugaly	78.67	44.48	1410	1959	-2.0	-2.9	1.6	11.6	15.8	21.8	21.9	23.2	24.1	12.4	1.2	-5.4
211	36846	Kugaly	78.67	44.48	1410	1960	-3.1	1.3	0.3	8.3	13.2	21.3	22.1	24.6	19.4	13.2	0.5	-1.7
211	36846	Kugaly	78.67	44.48	1410	1961	-3.6	-3.7	3.1	15.6	21.3	22.3	24.3	24.6	20.8	7.8	2.0	-1.0
211	36846	Kugaly	78.67	44.48	1410	1962	-3.4	1.0	8.7	13.4	18.5	22.8	25.9	26.7	19.3	12.7	-0.6	-0.6
211	36846	Kugaly	78.67	44.48	1410	1963	0.5	1.7	6.7	11.5	18.4	23.2	25.3	24.6	19.1	13.2	4.5	-0.2
211	36846	Kugaly	78.67	44.48	1410	1964	-4.7	-4.6	4.1	11.4	16.6	22.1	22.6	24.5	18.5	10.8	7.7	-3.1
211	36846	Kugaly	78.67	44.48	1410	1965	-1.8	-1.4	4.3	14.4	20.2	22.7	27.4	25.3	20.5	13.4	3.8	-0.2
211	36846	Kugaly	78.67	44.48	1410	1966	-6.3	-1.8	2.5	13.4	17.6	18.9	27.4	25.2	21.1	14.3	10.6	-1.8
211	36846	Kugaly	78.67	44.48	1410	1966	-1.7	0.7	1.8	8.9	15.5	22.8	23.8	25.2	22.4	11.9	-0.1	-4.8
211	36846	Kugaly	78.67	44.48	1410	1967	-4.2	-2.5	3.4	14.0	18.3	21.9	23.1	22.7	19.1	12.0	4.9	4.0
211	36846	Kugaly	78.67	44.48	1410	1968	-0.1	-0.6	6.6	12.2	18.5	22.8	24.8	25.3	19.8	11.5	3.5	-4.9
211	36846	Kugaly	78.67	44.48	1410	1969	-3.7	-0.5	1.7	10.0	18.7	23.0	26.7	26.1	21.6	12.7	2.6	0.9
211	36846	Kugaly	78.67	44.48	1410	1969	-9.7	-8.5	2.9	12.0	17.1	21.6	24.1	23.2	18.9	12.1	7.3	4.2
211	36846	Kugaly	78.67	44.48	1410	1970	-3.1	0.0	0.5	14.2	18.4	21.5	24.3	24.2	-999.0	13.5	3.6	-3.2
211	36846	Kugaly	78.67	44.48	1410	1971	-3.8	-2.0	2.6	13.0	17.1	23.7	23.4	24.6	20.1	15.5	6.3	3.2
211	36846	Kugaly	78.67	44.48	1410	1972	-4.5	-6.8	2.8	11.4	19.2	21.1	21.5	23.1	18.3	14.1	3.6	-4.6
211	36846	Kugaly	78.67	44.48	1410	1973	-4.9	-1.0	2.0	13.3	16.0	21.4	26.6	24.8	20.0	13.9	9.4	4.7
211	36846	Kugaly	78.67	44.48	1410	1974	-6.0	-6.9	2.7	14.6	19.8	23.4	27.8	24.2	19.3	13.1	2.6	-7.9
211	36846	Kugaly	78.67	44.48	1410	1975	-3.0	-2.1	3.3	12.9	17.8	22.4	25.4	25.9	25.4	12.8	0.5	-1.3
211	36846	Kugaly	78.67	44.48	1410	1976	0.6	-3.4	0.8	12.0	18.9	21.0	25.3	25.9	19.0	11.2	-1.2	-4.9
211	36846	Kugaly	78.67	44.48	1410	1977	-7.2	-2.4	4.2	14.5	19.3	24.9	24.4	25.1	22.0	12.7	8.2	-1.8
211	36846	Kugaly	78.67	44.48	1410	1978	-4.3	-3.6	2.9	15.9	18.5	21.9	25.7	24.5	22.2	13.9	2.1	2.2
211	36846	Kugaly	78.67	44.48	1410	1979	-4.4	1.8	0.9	11.9	16.3	21.3	23.2	25.0	17.9	13.9	4.7	1.8
211	36846	Kugaly	78.67	44.48	1410	1980	-4.0	-3.4	0.6	-999.0	20.0	20.6	26.3	25.9	21.0	15.9	9.3	1.4
211	36846	Kugaly	78.67	44.48	1410	1981	-2.3	-2.8	5.8	14.6	19.1	22.2	24.5	23.2	19.7	10.8	2.7	-0.1
211	36846	Kugaly	78.67	44.48	1410	1982	-0.5	-0.6	2.2	15.8	20.2	23.3	25.2	24.4	20.0	13.8	1.2	-0.2
211	36846	Kugaly	78.67	44.48	1410	1983	-0.8	2.1	5.2	15.2	17.4	21.1	26.3	27.8	20.0	13.4	5.4	-1.0
211	36846	Kugaly	78.67	44.48	1410	1984	-4.4	-6.9	4.4	12.2	17.5	22.7	25.3	28.4	18.8	13.7	2.8	-10.6
211	36846	Kugaly	78.67	44.48	1410	1985	-2.7	-0.8	-0.2	14.6	18.1	22.4	26.3	24.3	21.7	11.1	2.1	-0.5
211	36846	Kugaly	78.67	44.48	1410	1986	-1.4	-1.4	1.1	12.1	18.0	21.4	25.2	24.3	22.8	13.2	4.0	-0.5
211	36846	Kugaly	78.67	44.48	1410	1987	-0.2	0.8	3.6	10.4	17.9	19.3	25.0	26.8	20.8	15.6	1.3	1.9
211	36846	Kugaly	78.67	44.48	1410	1988	-2.4	-4.8	2.5	14.2	15.1	23.0	24.5	22.5	21.1	12.7	11.3	4.1
211	36846	Kugaly	78.67	44.48	1410	1989	-2.7	-4.3	7.1	10.3	17.3	20.6	24.3	25.9	20.2	13.5	2.3	2.5
211	36889	Mynzhilky	77.07	43.08	3017	1913	-5.7	-5.1	-2.8	3.9	6.8	8.0	13.0	11.9	8.9	2.3	-2.0	-5.2
211	36889	Mynzhilky	77.07	43.08	3017	1936	-999.0	-999.0	-999.0	-999.0	-999.0	-999.0	-999.0	-999.0	-999.0	-999.0	-999.0	-6.4
211	36889	Mynzhilky	77.07	43.08	3017	1937	-9.7	-3.8	-2.8	1.2	-999.0	8.5	11.9	10.8	9.3	3.5	-7.0	-6.0
211	36889	Mynzhilky	77.07	43.08	3017	1938	-6.3	-5.4	-2.2	5.2	8.4	8.3	10.5	10.9	6.5	2.3	-1.9	-6.2
211	36889	Mynzhilky	77.07	43.08	3017	1939	-5.9	-2.0	-1.0	2.7	7.6	9.9	12.9	12.4	8.8	4.5	-2.8	-3.9
211	36889	Mynzhilky	77.07	43.08	3017	1940	-5.2	-4.4	-0.2	5.2	6.9	10.5	11.8	9.7	6.3	4.2	-1.3	-4.3
211	36889	Mynzhilky	77.07	43.08	3017	1941	-6.0	-4.1	1.7	5.6	8.5	11.2	10.7	12.1	8.2	6.7	-999.0	-4.3
211	36889	Mynzhilky	77.07	43.08	3017	1942	-5.9	-7.1	0.4	4.4	6.4	10.8	12.5	10.7	8.0	3.6	-0.2	-5.3
211	36889	Mynzhilky	77.07	43.08	3017	1944	-7.2	-3.9	3.0	3.4	7.8	9.3	14.3	13.2	7.5	1.1	-4.4	-10.9
211	36889	Mynzhilky	77.07	43.08	3017	1945	-8.4	-11.0	-2.4	4.6	7.8	9.4	11.2	-999.0	9.3	5.8	-2.8	-5.8
211	36889	Mynzhilky	77.07	43.08	3017	1946	-6.3	-0.3	-2.9	6.1	7.1	8.5	11.1	10.3	8.3	7.3	-2.7	-7.2
211	36889	Mynzhilky	77.07	43.08	3017	1947	-6.6	-4.0	2.9	5.4	6.9	9.2	11.4	12.1	8.8	2.9	1.4	-6.4
211	36889	Mynzhilky	77.07	43.08	3017	1948	-4.7	-5.1	-0.3	3.8	6.5	9.6	13.4	12.6	8.1	4.9	-1.1	-6.6
211	36889	Mynzhilky	77.07	43.08	3017	1949	-5.3	-4.3	-2.4	5.1	7.1	8.7	11.4	11.4	6.3	3.4	-4.2	-5.0
211	36889	Mynzhilky	77.07	43.08	3017	1950	-4.4	-6.4	-0.6	3.2	8.1	10.1	12.3	12.8	8.0	3.6	-3.9	-6.6
211	36889	Mynzhilky	77.07	43.08	3017	1951	-6.7	-10.0	-0.5	2.1	8.6	8.3	10.8	10.7	10.0	4.8	-2.0	-2.9
211	36889	Mynzhilky	77.07	43.08	3017	1952	-4.7	-3.7	-0.9	4.2	7.6	8.7	11.9	12.4	7.7	4.0	-4.9	-5.1
211	36889	Mynzhilky	77.07	43.08	3017	1953	-6.2	-1.4	0.2	1.6	8.9	9.6	12.9	10.2	10.0	1.5	-3.4	-4.5
211	36889	Mynzhilky	77.07	43.08	3017	1954	-8.2	-5.5	-0.6	4.2	5.2	7.5	9.8	11.1	8.5	3.7	-4.0	-8.6
211	36889	Mynzhilky	77.07	43.08	3017	1955	-7.7	-4.3	-0.8	0.6	6.9	9.7	10.8	12.7	7.3	3.3	0.5	-3.1
211	36889	Mynzhilky	77.07	43.08	3017	1956	-8.8	-3.6	-0.8	5.8	7.6	8.4	14.8	11.9	9.4	4.6	0.8	-6.6
211	36889	Mynzhilky	77.07	43.08	3017	1957	-8.5	-8.1	0.2	0.1	4.0	9.5	10.1	9.7	7.2	4.6	-1.9	-4.5
211	36889	Mynzhilky	77.07	43.08	3017	1958	-6.0	-3.8	-0.5	3.8	3.8	9.0	12.8	9.4	9.0	3.6	-4.5	-4.1
211	36889	Mynzhilky	77.07	43.08	3017	1959	-6.6	-7.1	-2.1	4.7	4.4	9.0	10.2	10.8	11.9	4.3	-4.1	-7.3
211	36889	Mynzhilky	77.07	43.08	3017	1960	-6.3	-2.3	-3.2	1.8	3.9	9.4	10.8	12.3	6.5	3.8	-3.4	-4.8
211	36889	Mynzhilky	77.07	43.08	3017	1961	-7.1	-8.1	-1.3	3.6	8.8	9.8	11.4	10.9	9.0	0.5	-1.7	-6.4
211	36889	Mynzhilky	77.07	43.08	3017	1962	-7.3	-3.7	1.4	2.7	6.1	9.9	11.6	11.6	6.4	3.0	-6.2	-4.1
211	36889	Mynzhilky	77.07	43.08	3017	1963	-3.3	-2.4	0.6	3.9	6.9	10.6	10.9	10.5	7.7	3.7	-0.8	-3.1
211	36889	Mynzhilky	77.07	43.08	3017	1964	-8.8	-7.8	-0.4	2.9	4.9	9.6	10.0	11.0	6.7	1.3	-0.7	-5.3
211	36889	Mynzhilky	77.07	43.08	3017	1965	-5.9	-7.2	-2.4	2.9	6.6	8.6	12.0	11.2	7.8	4.1	-1.3	-5.7
211	36889	Mynzhilky	77.07	43.08	3017	1966	-5.5	-3.1	-2.4	1.8	5.0	10.3	11.1	11.5	8.3	-999.0	3.9	-7.3
211	36889	Mynzhilky	77.07	43.08	3017	1967	-8.6	-5.1	-0.7	3.2	5.4	9.3	10.9	10.3	7.6	2.0	-4.1	-2.8
211	36889	Mynzhilky	77.07	43.08	3017	1968	-6.5	-7.0	-0.1	2.2	5.6	9.3	11.4	11.2	8.3	2.0	-1.9	-7.3
211	36889	Mynzhilky	77.07	43.08	3017	1969	-11.0	-10.3	0.7	4.2	7.3	9.6	11.7	11.6	7.5	3.7	-0.4	-3.4
211	36889	Mynzhilky	77.07	43.08	3017	1970	-6.8	-5.0	-2.8	4.3	7.1	9.3	11.1	12.8	-999.0	4.1	-1.3	-6.1
211	36889	Mynzhilky	77.07	43.08	3017	1971	-7.1	-5.3	0.0	4.3	6.7	11.3	10.7	11.2	6.6	5.0	-0.4	-2.0
211	36889	Mynzhilky	77.07	43.08	3017	1972	-7.0	-11.2	-2.1	3.0	6.2	8.4	8.8	9.8	7.1	4.3	-0.8	-5.5
211	36889	Mynzhilky	77.07	43.08	3017	1973	-7.9	-4.5	-2.0	4.3	5.9	10.3	13.6	11.4	8.2	4.1	1.5	-3.8
211	36889	Mynzhilky	77.07	43.08	3017	1974	-8.9	-9.1	-2.0	5.7	8.0	9.1	12.5	10.1	7.1	3.7	2.2	-9.7
211	36889	Mynzhilky	77.07	43.08	3017	1975	-6.2	-6.2	-2.0	2.3	5.6	9.2	12.0	12.0	12.0	3.7	-3.0	-5.4
211	36889	Mynzhilky	77.07	43.08	3017	1976	-3.4	-6.5	-3.1	3.6	6.8	8.6	12.2	12.2	7.7	3.8	-3.7	-7.6
211	36889	Mynzhilky	77.07	43.08	3017	1977	-9.0	-5.0	0.4	4.1	6.9	11.1	11.3	12.6	9.5	6.0	-0.3	-4.9
211	36889	Mynzhilky	77.07	43.08	3017	1978	-7.7	-6.6	-2.5	5.3	7.9	10.5	12.3	11.7	9.8	4.6	-2.5	-1.3
211	36889	Mynzhilky	77.07	43.08	3017	1979	-5.6	-2.3	-2.6	3.6	4.9	10.3	12.2	12.0	6.9	6.1	-0.3	-3.5
211	36889	Mynzhilky	77.07	43.08	3017	1980	-6.6	-5.5	-3.0	-999.0	8.6	9.2	13.5	12.1	9.4	5.6	1.1	-2.7
211	36889	Mynzhilky	77.07	43.08	3017	1981	-6.2	-5.1	1.0	4.9	8.3	9.9	11.6	9.2	7.1	1.7	-2.4	-4.6
211	36889	Mynzhilky	77.07	43.08	3017	1982	-4.5	-6.2	-2.0	5.0	6.9	9.5	11.1	10.5	7.0	4.0	-2.0	-4.2
211	36889	Mynzhilky	77.07	43.08	3017	1983	-4.8	-4.3	-3.1	2.9	6.8	8.8	12.6	14.4	7.9	4.0	0.7	-4.9
211	36889	Mynzhilky	77.07	43.08	3017	1984	-8.9	-10.0	-0.2	2.7	6.1	11.1	12.1	15.2	6.5	3.9	-1.5	-11.1
211	36889	Mynzhilky	77.07	43.08	3017	1985	-6.1	-3.8	-3.9	5.6	6.3	10.4	13.3	11.0	9.0	4.0	-2.9	-3.8
211	36889	Mynzhilky	77.07	43.08	3017	1986	-6.0	-4.3	-3.8	2.3	6.5	8.8	12.3	11.7	10.0	4.2	-2.8	-4.6
211	36889	Mynzhilky	77.07	43.08	3017	1987	-5.3	-3.0	-0.7	3.0	5.9	7.5	11.1	13.4	9.2	-0.1	-2.5	-1.7
211	36889	Mynzhilky	77.07	43.08	3017	1988	-5.8	-6.2	-2.1	5.1	5.1	10.7	13.1	10.9	9.1	2.3	1.7	-2.0
211	36889	Mynzhilky	77.07	43.08	3017	1989	-7.2	-9.6	-1.0	0.3	5.5	7.8	10.8	11.6	7.8	4.1	4.0	-2.8
211	36953	Narynkol	72.45	42.72	1806	1947	-999.0	-999.0	-999.0	-999.0	-999.0	-999.0	-999.0	-999.0	-999.0	-999.0	8.2	-6.2
211	36953	Narynkol	72.45	42.72	1806	1948	-3.9	-4.5	1.4	12.3	17.3	21.6	25.1	24.8	19.0	13.6	3.5	-5.2
211	36953	Narynkol	72.45	42.72	1806	1949	-5.0	-3.2	2.3	14.8	17.2	19.8	21.4	23.7	16.1	11.9	-0.2	-5.3
211	36953	Narynkol	72.45	42.72	1806	1950	-3.2	-4.1	4.9	11.0	19.2	21.5	23.7	24.7	19.0	12.0	0.6	-5.6
211	36953	Narynkol	72.45	42.72	1806	1951	-6.5	-9.9	0.1	12.0	20.0	19.5	22.1	23.1	21.7	13.1	0.2	-1.4
211	36953	Narynkol	72.45	42.72	1806	1952	-3.6	-3.2	1.7	13.1	16.5	19.6	23.2	23.8	19.4	11.0	-2.8	-5.7
211	36953	Narynkol	72.45	42.72	1806	1953	-4.9	0.1	2.9	10.4	19.4	20.7	23.9	21.4	21.5	8.3	-0.5	-4.9
211	36953	Narynkol	72.45	42.72	1806	1954	-7.2	-4.0	-0.4	13.7	14.6	18.0	20.3	21.2	19.5	14.8	3.3	-7.1
211	36953	Narynkol	72.45	42.72	1806	1955	-6.1	-2.9	3.8	8.9	17.5	21.6	22.8	24.3	18.9	12.0	4.1	-1.6
211	36953	Narynkol	72.45	42.72	1806	1956	-8.8	-2.5	0.7	12.8	17.6	18.8	26.5	22.6	20.9	13.6	8.7	-3.1
211	36953	Narynkol	72.45	42.72	1806	1957	-6.1	-5.2	7.2	9.8	15.4	22.4	22.0	22.6	18.9	12.5	3.0	-1.0
211	36953	Narynkol	72.45	42.72	1806	1958	-4.0	0.0	8.0	12.4	14.3	20.7	24.5	20.0	18.6	12.1	-0.4	-2.3
211	36953	Narynkol	72.45	42.72	1806	1959	-4.3	-5.5	0.8	13.5	15.1	20.4	20.7	20.7	22.3	13.1	0.8	-5.7
211	36953	Narynkol	72.45	42.72	1806	1960	-4.0	0.9	1.1	10.5	14.0	20.9	21.5	24.0	17.9	13.3	1.2	-3.2
211	36953	Narynkol	72.45	42.72	1806	1961	-5.0	-4.7	3.8	15.0	21.7	22.4	23.4	22.6	20.1	7.7	2.2	-2.7
211	36953	Narynkol	72.45	42.72	1806	1962	-4.5	-0.3	9.5	13.7	17.5	20.3	23.4	24.8	17.6	12.6	-1.1	-2.1
211	36953	Narynkol	72.45	42.72	1806	1963	-0.4	2.5	7.6	12.2	17.7	21.7	23.0	22.5	19.0	11.5	4.5	-0.3
211	36953	Narynkol	72.45	42.72	1806	1964	-5.8	-3.9	5.0	11.6	16.1	20.8	22.0	22.8	17.7	10.2	5.5	-4.4
211	36953	Narynkol	72.45	42.72	1806	1965	-3.7	-3.3	2.7	13.9	18.4	21.3	24.7	23.7	18.7.	13.4	5.6	1.7
211	36953	Narynkol	72.45	42.72	1806	1966	-1.3	1.5	2.7	10.6	16.0	22.9	24.0	24.5	19.9	11.1	-0.6	-5.3
211	36953	Narynkol	72.45	42.72	1806	1967	-5.7	-3.6	2.9	14.4	17.2	20.6	23.3	22.2	17.7	10.7	0.5	1.5
211	36953	Narynkol	72.45	42.72	1806	1968	-0.9	-2.9	7.6	12.1	16.9	21.1	24.1	23.3	18.9	10.7	3.3	-4.5
211	36953	Narynkol	72.45	42.72	1806	1969	-10.4	-9.9	3.0	13.3	18.1	20.1	23.0	22.9	18.2	12.0	5.2	1.3
211	36953	Narynkol	72.45	42.72	1806	1970	-4.7	-1.7	-0.8	13.7	18.5	20.7	22.2	23.1	-999.0	12.0	3.7	-4.0
211	36953	Narynkol	72.45	42.72	1806	1971	-7.3	-3.4	3.6	13.4	17.1	21.5	21.4	23.5	18.4	14.7	7.0	2.9
211	36953	Narynkol	72.45	42.72	1806	1972	-6.7	-10.3	1.6	13.0	18.2	20.1	20.5	21.3	17.8	13.3	4.8	-4.0
211	36953	Narynkol	72.45	42.72	1806	1973	-6.1	-1.8	2.0	14.4	16.5	20.9	25.5	23.6	18.5	12.3	7.0	3.7
211	36953	Narynkol	72.45	42.72	1806	1974	-6.8	-6.8	2.8	15.8	18.7	20.9	24.7	21.7	18.4	11.7	3.6	-8.0
211	36953	Narynkol	72.45	42.72	1806	1975	-5.1	-3.6	3.1	13.9	16.8	21.1	24.5	23.2	24.5	11.9	0.6	-3.8
211	36953	Narynkol	72.45	42.72	1806	1976	-0.6	-4.0	0.4	12.3	17.9	19.6	24.1	24.9	18.1	10.5	-1.0	-5.3
211	36953	Narynkol	72.45	42.72	1806	1977	-8.8	-4.1	4.6	15.5	19.3	23.6	23.4	25.0	20.7	12.6	7.3	-2.5
211	36953	Narynkol	72.45	42.72	1806	1978	-6.7	-5.3	2.5	15.3	19.2	21.4	24.4	24.6	21.6	13.2	1.6	-0.6
211	36953	Narynkol	72.45	42.72	1806	1979	-5.6	-0.1	-0.2	12.7	15.4	20.8	23.6	23.9	17.0	14.2	4.1	1.0
211	36953	Narynkol	72.45	42.72	1806	1980	-4.6	-4.9	-1.0	-999.0	19.3	19.9	25.4	22.9	20.0	14.9	8.0	1.9
211	36953	Narynkol	72.45	42.72	1806	1981	-3.6	-3.7	5.7	14.1	18.0	20.6	23.2	22.0	18.3	10.0	2.1	-3.4
211	36953	Narynkol	72.45	42.72	1806	1982	-4.2	-3.6	2.8	15.6	19.2	20.8	23.9	22.0	17.9	12.2	0.4	-3.3
211	36953	Narynkol	72.45	42.72	1806	1983	-3.9	-0.3	3.0	14.3	17.6	20.4	24.8	26.4	18.9	11.8	6.0	-0.4
211	36953	Narynkol	72.45	42.72	1806	1984	-5.8	-8.5	3.3	11.4	17.9	22.9	24.5	28.1	17.8	11.8	4.4	-10.7
211	36953	Narynkol	72.45	42.72	1806	1985	-5.3	-0.9	-0.5	14.8	17.6	21.4	24.7	22.7	20.4	11.0	1.7	-3.2
211	36953	Narynkol	72.45	42.72	1806	1986	-5.0	-2.4	-0.2	12.2	16.1	21.0	24.4	24.0	21.9	13.0	3.4	-2.8
211	36953	Narynkol	72.45	42.72	1806	1987	-3.8	-1.5	2.7	11.8	17.6	17.7	22.7	25.4	20.1	6.3	1.3	-0.1
211	36953	Narynkol	72.45	42.72	1806	1988	-4.1	-5.7	0.4	14.6	15.6	22.3	25.7	22.1	19.6	11.5	8.4	2.9
211	36953	Narynkol	72.45	42.72	1806	1989	-5.6	-5.9	4.1	10.6	18.8	20.1	23.6	23.3	18.5	12.4	4.4	2.6
211	36905	Podgornoe	79.47	43.33	1273	1934	-999.0	-999.0	-999.0	-999.0	-999.0	-999.0	25.0	-999.0	16.5	12.3	2.2	-999.0
211	36905	Podgornoe	79.47	43.33	1273	1936	-999.0	-999.0	3.3	12.8	-999.0	-999.0	-999.0	-999.0	-999.0	-999.0	-999.0	-999.0
211	36905	Podgornoe	79.47	43.33	1273	1937	-3.4	1.9	3.5	11.5	19.2	22.3	27.6	26.4	22.7	14.1	-0.8	-999.0
211	36905	Podgornoe	79.47	43.33	1273	1938	0.3	1.6	5.9	18.2	22.8	24.0	27.2	26.4	20.7	12.9	5.3	-1.1
211	36905	Podgornoe	79.47	43.33	1273	1939	-0.7	2.0	4.1	12.7	21.2	25.7	28.2	27.2	22.6	13.3	5.4	3.8
211	36905	Podgornoe	79.47	43.33	1273	1940	-999.0	0.9	7.1	16.5	18.5	25.2	28.5	26.2	20.0	14.5	6.2	5.0
211	36905	Podgornoe	79.47	43.33	1273	1941	0.7	2.3	10.0	15.7	20.8	27.1	26.0	27.8	20.9	16.8	5.4	2.8
211	36905	Podgornoe	79.47	43.33	1273	1942	1.1	-4.4	6.8	13.8	18.6	-999.0	-999.0	-999.0	-999.0	-999.0	-999.0	-999.0
211	36905	Podgornoe	79.47	43.33	1273	1943	-999.0	-999.0	-999.0	14.8	22.5	23.1	30.2	-999.0	-999.0	-999.0	-999.0	-999.0
211	36905	Podgornoe	79.47	43.33	1273	1944	-999.0	-999.0	-999.0	15.1	21.8	24.4	30.6	28.0	-999.0	-999.0	-999.0	-999.0
211	36905	Podgornoe	79.47	43.33	1273	1945	-999.0	-4.5	3.2	17.1	-999.0	-999.0	-999.0	-999.0	-999.0	-999.0	-999.0	-999.0
211	36905	Podgornoe	79.47	43.33	1273	1946	0.7	-999.0	-999.0	16.2	18.9	21.7	26.4	25.0	-999.0	-999.0	2.8	-999.0
211	36905	Podgornoe	79.47	43.33	1273	1947	-999.0	-0.2	11.5	16.1	-999.0	-999.0	-999.0	-999.0	-999.0	-999.0	-999.0	-999.0
211	36905	Podgornoe	79.47	43.33	1273	1949	-999.0	-999.0	-999.0	-999.0	-999.0	-999.0	-999.0	26.5	18.0	12.3	2.2	-1.7
211	36905	Podgornoe	79.47	43.33	1273	1950	1.0	-0.4	6.9	12.8	22.8	25.3	27.9	27.2	20.0	12.1	1.6	-1.4
211	36905	Podgornoe	79.47	43.33	1273	1951	-1.7	-6.4	4.1	15.2	22.7	23.1	26.3	26.5	23.0	12.8	4.7	3.5
211	36905	Podgornoe	79.47	43.33	1273	1952	1.8	0.7	5.2	13.2	18.3	22.2	27.3	27.9	20.8	13.0	-1.4	0.6
211	36905	Podgornoe	79.47	43.33	1273	1953	0.6	4.8	6.2	12.7	21.6	24.1	28.9	25.3	24.1	10.8	2.8	0.3
211	36905	Podgornoe	79.47	43.33	1273	1954	-2.2	0.2	3.5	14.6	17.3	20.3	24.0	25.3	21.1	15.5	4.5	-3.1
211	36905	Podgornoe	79.47	43.33	1273	1955	-0.7	2.3	5.9	10.6	19.8	25.8	26.8	27.6	20.7	13.8	8.8	3.7
211	36905	Podgornoe	79.47	43.33	1273	1956	-2.4	1.4	5.3	16.0	19.3	21.9	30.6	25.9	22.5	15.0	9.9	0.3
211	36905	Podgornoe	79.47	43.33	1273	1957	-2.7	-2.5	8.0	11.8	18.8	26.4	26.2	25.8	21.6	13.4	4.9	2.4
211	36905	Podgornoe	79.47	43.33	1273	1958	0.4	3.9	8.2	13.5	16.7	22.0	26.4	23.0	20.3	13.4	2.4	1.8
211	36905	Podgornoe	79.47	43.33	1273	1959	1.4	-0.7	3.7	15.3	17.4	23.3	24.2	25.1	25.1	14.0	2.8	-2.8
211	36905	Podgornoe	79.47	43.33	1273	1960	1.4	4.5	2.0	13.0	14.9	23.6	24.2	26.2	19.6	13.8	3.5	1.5
211	36905	Podgornoe	79.47	43.33	1273	1961	-999.0	-999.0	6.8	16.5	23.6	24.2	26.3	25.3	21.7	9.4	5.7	2.7
211	36905	Podgornoe	79.47	43.33	1273	1962	0.3	4.1	11.6	14.4	19.9	24.6	27.7	27.6	20.0	12.5	0.8	2.9
211	36905	Podgornoe	79.47	43.33	1273	1963	4.4	4.1	9.3	12.8	19.5	25.1	26.5	25.2	19.8	13.7	6.7	2.5
211	36905	Podgornoe	79.47	43.33	1273	1964	-2.2	-3.0	7.2	12.6	17.6	22.9	24.0	25.1	19.5	11.2	7.8	-0.6
211	36905	Podgornoe	79.47	43.33	1273	1965	0.8	0.4	6.3	15.3	21.3	24.8	28.5	26.4	20.7	13.8	7.6	3.1
211	36905	Podgornoe	79.47	43.33	1273	1966	1.5	4.3	5.7	12.6	17.5	25.3	26.4	27.0	22.3	12.3	3.2	-1.3
211	36905	Podgornoe	79.47	43.33	1273	1967	0.7	0.9	6.9	15.7	19.8	24.0	26.1	24.8	19.6	11.9	3.8	3.9
211	36905	Podgornoe	79.47	43.33	1273	1968	2.7	-0.3	9.3	13.3	20.2	24.8	26.6	25.9	20.4	11.7	5.7	-1.1
211	36905	Podgornoe	79.47	43.33	1273	1969	-7.5	-6.4	4.9	13.6	18.6	22.7	25.6	24.9	19.1	12.6	5.8	4.2
211	36905	Podgornoe	79.47	43.33	1273	1970	-0.9	2.4	4.1	15.1	20.3	24.2	26.1	25.6	-999.0	13.3	6.3	-0.1
211	36905	Podgornoe	79.47	43.33	1273	1971	-1.6	0.6	6.7	14.5	18.8	25.9	25.4	26.1	20.9	15.5	9.0	6.3
211	36905	Podgornoe	79.47	43.33	1273	1972	-3.1	-6.7	4.4	14.3	19.9	22.8	24.0	24.1	19.6	13.9	7.9	-1.2
211	36905	Podgornoe	79.47	43.33	1273	1973	-1.7	1.8	5.0	14.9	18.2	24.1	28.3	26.1	20.1	13.2	9.2	4.6
211	36905	Podgornoe	79.47	43.33	1273	1974	-3.3	-4.7	4.7	15.3	20.8	24.9	28.7	25.0	19.9	12.6	6.5	-4.5
211	36905	Podgornoe	79.47	43.33	1273	1975	0.6	0.6	6.9	15.5	19.5	24.3	27.6	26.4	27.6	12.8	3.4	1.6
211	36905	Podgornoe	79.47	43.33	1273	1976	3.2	-0.9	3.6	13.3	20.6	23.2	27.8	21.3	19.5	11.1	2.1	-1.5
211	36905	Podgornoe	79.47	43.33	1273	1977	-4.6	1.0	8.1	16.2	21.6	26.7	26.4	26.8	22.8	-999.0	8.4	1.2
211	36905	Podgornoe	79.47	43.33	1273	1978	-0.2	-1.1	5.1	17.1	20.5	24.4	28.3	26.0	23.0	13.7	3.5	4.1
211	36905	Podgornoe	79.47	43.33	1273	1979	-1.8	4.0	4.3	13.6	17.9	23.0	26.3	26.4	19.1	15.6	6.0	4.4
211	36905	Podgornoe	79.47	43.33	1273	1980	-1.4	-2.1	3.5	-999.0	21.1	23.3	28.1	26.3	21.5	15.0	9.6	5.2
211	36905	Podgornoe	79.47	43.33	1273	1981	0.8	0.6	9.3	15.4	20.1	24.2	26.9	25.2	20.3	10.9	3.7	2.9
211	36905	Podgornoe	79.47	43.33	1273	1982	1.8	1.3	5.5	17.5	22.4	24.9	26.5	25.7	20.4	13.4	3.0	2.2
211	36905	Podgornoe	79.47	43.33	1273	1983	-1.0	4.3	7.3	15.9	19.6	23.4	27.9	28.9	21.0	13.1	7.8	2.2
211	36905	Podgornoe	79.47	43.33	1273	1984	-2.6	-6.0	6.3	13.3	19.1	25.5	27.6	29.4	19.6	13.1	5.1	-8.2
211	36905	Podgornoe	79.47	43.33	1273	1985	-0.1	2.4	2.0	16.4	19.8	24.5	27.9	24.8	21.2	12.1	4.5	2.2
211	36905	Podgornoe	79.47	43.33	1273	1986	1.0	0.5	2.6	13.9	19.5	23.1	27.7	26.5	23.5	12.6	4.9	1.6
211	36905	Podgornoe	79.47	43.33	1273	1987	2.6	2.5	6.0	12.5	19.1	21.0	26.3	28.1	21.5	13.6	4.1	4.6
211	36905	Podgornoe	79.47	43.33	1273	1988	0.2	-3.2	3.3	16.5	17.1	25.5	27.2	24.2	21.7	12.6	10.7	5.0
211	36905	Podgornoe	79.47	43.33	1273	1989	-1.9	-3.3	7.0	11.6	19.0	24.3	27.6	27.8	21.3	14.7	5.2	5.3
211	36952	Sarydzhas	79.60	42.92	1252	1940	-999.0	-999.0	-999.0	-999.0	-999.0	-999.0	23.2	-999.0	-999.0	11.9	2.6	-1.4
211	36952	Sarydzhas	79.60	42.92	1252	1941	-4.4	-1.4	5.6	13.3	18.2	21.8	21.2	22.9	18.4	14.8	2.0	-2.1
211	36952	Sarydzhas	79.60	42.92	1252	1942	-4.5	-6.4	3.4	11.6	15.6	21.6	22.2	.22.1	19.5	12.7	4.3	-4.3
211	36952	Sarydzhas	79.60	42.92	1252	1943	-4.1	-4.8	0.7	10.4	18.4	17.9	24.7	22.7	19.4	11.0	1.1	-5.0
211	36952	Sarydzhas	79.60	42.92	1252	1944	-7.6	-3.0	6.2	-999.0	-999.0	-999.0	-999.0	-999.0	-999.0	-999.0	-1.6	-11.2
211	36952	Sarydzhas	79.60	42.92	1252	1945	-999.0	-999.0	-999.0	-999.0	19.0	19.8	22.3	22.9	18.4	15.0	-0.3	-5.3
211	36952	Sarydzhas	79.60	42.92	1252	1946	-5.8	-1.6	-0.9	11.6	16.3	18.3	21.5	21.0	19.2	15.0	-0.5	-6.6
211	36952	Sarydzhas	79.60	42.92	1252	1947	-6.0	-4.1	6.9	13.7	16.7	19.5	22.7	22.7	17.9	10.7	5.5	-7.9
211	36952	Sarydzhas	79.60	42.92	1252	1948	-5.5	-5.4	1.5	10.9	16.1	20.4	24.2	23.5	17.9	13.0	2.0	-6.3
211	36952	Sarydzhas	79.60	42.92	1252	1949	-6.8	-3.4	1.1	13.2	16.7	18.9	20.8	22.3	14.7	11.3	-2.3	-6.9
211	36952	Sarydzhas	79.60	42.92	1252	1950	-4.4	-5.2	2.0	7.3	17.6	19.5	22.3	23.5	17.6	10.3	-0.9	-6.7
211	36952	Sarydzhas	79.60	42.92	1252	1951	-6.7	-9.4	1.2	10.0	18.6	18.7	21.1	21.7	20.3	11.3	0.3	-2.3
211	36952	Sarydzhas	79.60	42.92	1252	1952	-4.1	-2.3	2.2	10.7	15.7	18.0	22.2	23.4	18.3	9.9	-3.8	-6.1
211	36952	Sarydzhas	79.60	42.92	1252	1953	-6.0	-1.1	2.1	8.0	18.4	19.8	23.3	20.7	20.7	6.7	-2.5	-5.1
211	36952	Sarydzhas	79.60	42.92	1252	1954	-7.1	-3.9	0.8	12.2	12.8	17.0	19.5	20.7	18.3	13.4	-1.4	-8.0
211	36952	Sarydzhas	79.60	42.92	1252	1955	-7.3	-3.1	1.5	6.8	16.5	20.3	21.8	23.0	17.5	11.2	2.7	-2.2
211	36952	Sarydzhas	79.60	42.92	1252	1956	-10.0	-3.2	0.7	11.2	15.7	16.7	24.3	20.5	19.6	12.3	6.5	-3.9
211	36952	Sarydzhas	79.60	42.92	1252	1957	-7.7	-5.7	4.9	7.7	13.6	20.5	20.6	20.9	17.4	11.7	1.2	-2.9
211	36952	Sarydzhas	79.60	42.92	1252	1958	-4.6	-0.8	5.9	11.2	13.6	19.4	23.0	19.3	17.8	11.3	-2.0	-3.2
211	36952	Sarydzhas	79.60	42.92	1252	1959	-5.5	-4.8	0.6	11.4	13.8	19.4	19.7	20.0	21.5	11.9	0.8	-6.5
211	36952	Sarydzhas	79.60	42.92	1252	1960	-5.2	0.1	0.3	9.0	12.6	19.4	20.7	22.6	16.5	11.1	-0.3	-3.6
211	36952	Sarydzhas	79.60	42.92	1252	1961	-5.6	-5.2	2.1	13.4	19.7	20.6	21.4	20.7	18.7	6.7	-0.2	-5.1
211	36952	Sarydzhas	79.60	42.92	1252	1962	-6.5	-1.0	8.0	12.7	16.6	19.5	22.7	23.7	16.4	10.8	-3.4	-4.4
211	36952	Sarydzhas	79.60	42.92	1252	1963	-4.3	0.0	5.4	10.7	16.7	20.5	21.7	21.5	18.0	10.8	4.4	-0.7
211	36952	Sarydzhas	79.60	42.92	1252	1964	-5.8	-3.6	4.3	10.4	14.5	20.0	21.0	22.0	16.2	9.5	5.5	-4.5
211	36952	Sarydzhas	79.60	42.92	1252	1965	-4.7	-3.8	2.6	12.1	17.2	20.5	23.2	22.1	18.3	12.2	2.6	-1.2
211	36952	Sarydzhas	79.60	42.92	1252	1966	-3.1	0.1	2.2	8.2	14.3	20.6	22.2	22.4	18.8	8.7	-1.5	-5.5
211	36952	Sarydzhas	79.60	42.92	1252	1967	-7.5	-4.3	2.4	12.4	16.3	19.5	21.8	20.8	17.2	9.9	0.1	0.8
211	36952	Sarydzhas	79.60	42.92	1252	1968	-2.4	-3.7	5.8	10.8	17.1	20.5	22.8	22.8	17.9	9.6	1.7	-5.5
211	36952	Sarydzhas	79.60	42.92	1252	1969	-9.6	-9.2	1.8	11.0	17.0	19.2	22.0	21.6	16.9	11.0	5.0	0.9
211	36952	Sarydzhas	79.60	42.92	1252	1970	-4.9	-1.3	0.4	11.8	16.6	18.8	20.2	21.4	-999.0	10.3	2.0	-4.1
211	36952	Sarydzhas	79.60	42.92	1252	1971	-7.8	-3.2	2.6	12.2	16.2	21.2	20.2	22.7	16.8	12.9	5.9	1.9
211	36952	Sarydzhas	79.60	42.92	1252	1972	-5.3	-9.1	2.5	11.9	17.4	19.3	19.5	20.4	16.4	10.5	2.0	-4.4
211	36952	Sarydzhas	79.60	42.92	1252	1973	-6.2	-2.2	1.2	12.9	14.8	19.5	23.6	22.2	18.0	11.3	5.2	2.3
211	36952	Sarydzhas	79.60	42.92	1252	1974	-6.7	-5.7	3.1	14.5	17.8	19.8	23.3	20.8	16.6	8.7	1.1	-8.3
211	36952	Sarydzhas	79.60	42.92	1252	1975	-5.9	-3.3	2.5	11.7	15.0	19.7	22.8	21.9	22.8	11.5	0.9	-3.8
211	36952	Sarydzhas	79.60	42.92	1252	1976	-0.1	-3.7	2.0	11.0	17.1	18.7	22.6	23.5	17.7	10.3	-1.1	-5.7
211	36952	Sarydzhas	79.60	42.92	1252	1977	-7.2	-3.1	4.9	13.2	17.8	22.3	22.0	23.7	20.2	11.4	6.2	-2.9
211	36952	Sarydzhas	79.60	42.92	1252	1978	-5.7	-4.1	2.8	14.6	18.5	20.8	23.9	23.7	21.0	12.3	1.8	0.3
211	36952	Sarydzhas	79.60	42.92	1252	1979	-4.8	-0.4	0.7	10.7	14.8	20.1	21.8	22.7	16.0	13.7	3.8	0.7
211	36952	Sarydzhas	79.60	42.92	1252	1980	-4.6	-3.2	1.0	-999.0	19.3	18.8	24.4	22.1	18.9	14.5	7.1	1.5
211	36952	Sarydzhas	79.60	42.92	1252	1981	-2.8	-3.0	5.8	13.1	17.6	19.9	22.0	21.0	17.6	8.8	1.5	-3.0
211	36952	Sarydzhas	79.60	42.92	1252	1982	-3.8	-3.1	3.0	14.6	17.9	20.5	22.5	21.2	17.4	12.8	1.4	-1.7
211	36952	Sarydzhas	79.60	42.92	1252	1983	-2.4	1.1	4.4	13.1	16.7	19.1	23.3	25.3	17.8	11.0	5.6	-0.5
211	36952	Sarydzhas	79.60	42.92	1252	1984	-4.2	-6.8	4.1	10.5	17.0	21.5	22.8	26.4	16.1	11.2	2.6	-9.5
211	36952	Sarydzhas	79.60	42.92	1252	1985	-4.3	-0.2	0.2	13.7	16.4	20.7	23.7	21.8	19.4	10.2	1.3	-3.0
211	36952	Sarydzhas	79.60	42.92	1252	1986	-4.3	-2.1	0.4	10.7	16.5	19.3	23.3	22.9	20.5	11.9	2.5	-2.4
211	36952	Sarydzhas	79.60	42.92	1252	1987	-3.0	-0.3	3.4	10.1	16.7	16.9	22.0	24.6	19.4	4.3	0.0	-1.0
211	36952	Sarydzhas	79.60	42.92	1252	1988	-4.3	-4.4	1.5	13.0	14.5	20.9	23.5	21.1	16.7	10.6	8.0	2.2
211	36952	Sarydzhas	79.60	42.92	1252	1989	-3.8	-4.5	5.7	9.3	15.6	19.2	22.0	22.7	18.3	11.8	3.1	2.6
211	36888	Ust'-Gorelnik	77.03	43.08	1935	1936	-999.0	-999.0	-999.0	-999.0	-999.0	-999.0	-999.0	-999.0	-999.0	12.7	-999.0	-999.0
211	36888	Ust'-Gorelnik	77.03	43.08	1935	1937	-999.0	-999.0	0.8	5.5	12.4	15.6	20.0	18.4	15.6	9.4	-1.4	-0.5
211	36888	Ust'-Gorelnik	77.03	43.08	1935	1938	-0.7	0.2	1.9	11.6	15.6	16.3	19.3	18.5	13.8	8.2	3.0	-1.6
211	36888	Ust'-Gorelnik	77.03	43.08	1935	1939	-1.0	1.4	1.9	6.1	13.8	18.3	20.9	20.2	16.0	9.5	4.4	2.2
211	36888	Ust'-Gorelnik	77.03	43.08	1935	1940	-0.6	1.5	2.5	9.9	12.6	18.8	20.6	17.8	13.8	10.7	5.3	2.5
211	36888	Ust'-Gorelnik	77.03	43.08	1935	1941	0.0	1.8	7.1	9.4	16.0	20.6	19.4	20.2	14.8	13.2	3.4	0.8
211	36888	Ust'-Gorelnik	77.03	43.08	1935	1942	0.2	-2.9	5.4	8.6	12.0	17.6	20.4	17.6	14.8	10.1	6.1	0.0
211	36888	Ust'-Gorelnik	77.03	43.08	1935	1943	-1.1	0.2	0.9	7.9	14.8	16.4	22.7	20.8	15.5	8.3	2.0	0.4
211	36888	Ust'-Gorelnik	77.03	43.08	1935	1944	-1.8	1.4	8.4	8.9	15.8	17.4	23.5	21.2	14.5	7.3	1.4	-7.1
211	36888	Ust'-Gorelnik	77.03	43.08	1935	1945	-3.3	-5.8	1.9	10.2	14.6	17.4	19.6	21.3	15.7	12.6	2.1	-999.0
211	36888	Ust'-Gorelnik	77.03	43.08	1935	1946	-999.0	-999.0	-999.0	-999.0	-999.0	-999.0	19.2	17.3	15.3	13.4	1.5	-3.0
211	36888	Ust'-Gorelnik	77.03	43.08	1935	1947	-0.7	-0.4	7.3	10.6	12.7	16.4	18.8	19.9	14.9	8.4	7.3	-999.0
211	36888	Ust'-Gorelnik	77.03	43.08	1935	1948	1.9	1.1	4.2	7.0	12.6	16.4	21.7	20.1	14.3	9.6	4.2	-2.9
211	36888	Ust'-Gorelnik	77.03	43.08	1935	1949	-1.7	-0.3	0.6	9.4	12.5	15.7	19.0	18.7	11.9	7.5	-0.3	-2.6
211	36888	Ust'-Gorelnik	77.03	43.08	1935	1950	0.8	-1.3	2.6	5.4	15.1	17.7	20.5	19.7	14.0	8.3	0.6	-2.7
211	36888	Ust'-Gorelnik	77.03	43.08	1935	1951	-3.3	-7.2	2.5	8.3	15.0	15.4	19.3	19.0	17.0	9.8	3.2	2.7
211	36888	Ust'-Gorelnik	77.03	43.08	1935	1952	0.3	0.8	2.3	9.1	12.3	16.0	19.6	19.7	13.9	9.3	-2.5	-0.1
211	36888	Ust'-Gorelnik	77.03	43.08	1935	1953	-0.9	4.6	3.6	5.7	14.9	17.0	20.5	17.3	16.9	6.5	1.5	-0.6
211	36888	Ust'-Gorelnik	77.03	43.08	1935	1954	-3.1	-1.3	1.9	9.4	11.1	13.6	17.4	18.1	13.9	9.9	1.5	-3.9
211	36888	Ust'-Gorelnik	77.03	43.08	1935	1955	-2.1	1.3	2.5	4.5	12.3	18.0	19.6	20.6	14.4	8.5	6.4	2.0
211	36888	Ust'-Gorelnik	77.03	43.08	1935	1956	-3.4	0.3	1.8	9.3	13.7	14.9	22.9	19.2	15.5	11.1	7.7	-1.2
211	36888	Ust'-Gorelnik	77.03	43.08	1935	1957	-3.1	-2.7	5.1	4.8	11.3	17.5	18.1	17.4	14.3	9.6	2.8	1.1
211	36888	Ust'-Gorelnik	77.03	43.08	1935	1958	0.2	1.8	4.9	8.7	9.9	14.4	20.1	16.3	14.6	9.8	0.5	0.7
211	36888	Ust'-Gorelnik	77.03	43.08	1935	1959	-0.5	-2.1	1.9	9.7	10.5	16.9	16.9	18.7	18.7	10.2	1.3	-2.5
211	36888	Ust'-Gorelnik	77.03	43.08	1935	1960	-0.1	4.1	1.3	6.8	9.4	17.1	18.2	19.1	13.5	10.1	2.4	1.3
211	36888	Ust'-Gorelnik	77.03	43.08	1935	1961	-0.1	-2.9	4.5	10.2	16.2	17.5	19.5	18.7	15.4	5.7	5.2	2.0
211	36888	Ust'-Gorelnik	77.03	43.08	1935	1962	-0.9	3.1	7.8	6.0	12.9	17.6	20.2	20.0	13.3	8.4	-0.2	1.6
211	36888	Ust'-Gorelnik	77.03	43.08	1935	1963	4.4	4.0	6.4	7.8	13.1	18.0	19.1	17.6	13.7	10.3	5.6	2.1
211	36888	Ust'-Gorelnik	77.03	43.08	1935	1964	-3.4	-1.4	5.2	8.0	11.4	17.1	18.0	18.8	13.2	-999.0	-999.0	-999.0
211	36888	Ust'-Gorelnik	77.03	43.08	1935	1965	-999.0	-999.0	2.8	8.9	14.1	17.2	21.0	18.8	13.8	10.3	5.9	2.2
211	36887	Verhniy Gorelnik	77.00	42.50	2262	1936	-999.0	-999.0	-999.0	-999.0	-999.0	-999.0	-999.0	-999.0	-999.0	11.2	3.6	-2.7
211	36887	Verhniy Gorelnik	77.00	42.50	2262	1937	-5.8	0.9	0.5	3.7	10.4	13.4	17.6	16.6	14.6	8.1	-2.2	-0.7
211	36887	Verhniy Gorelnik	77.00	42.50	2262	1938	-1.8	-0.7	1.1	10.2	13.7	14.1	17.0	16.7	12.3	7.6	2.2	-2.1
211	36887	Verhniy Gorelnik	77.00	42.50	2262	1939	-2.0	1.5	1.7	5.2	11.8	16.0	18.9	18.6	14.5	8.7	3.7	1.7
211	36887	Verhniy Gorelnik	77.00	42.50	2262	1940	-0.8	0.9	2.2	8.2	10.8	16.7	18.3	15.5	11.7	8.9	4.6	1.4
211	36887	Verhniy Gorelnik	77.00	42.50	2262	1941	-0.9	0.9	6.5	8.4	13.6	17.5	16.4	17.7	13.2	12.1	2.5	0.0
211	36887	Verhniy Gorelnik	77.00	42.50	2262	1942	-0.8	-3.6	4.5	7.4	10.3	15.5	18.2	15.5	13.0	8.4	4.8	-1.5
211	36887	Verhniy Gorelnik	77.00	42.50	2262	1943	-2.2	-0.9	-0.6	6.2	11.9	13.5	19.9	18.4	13.9	7.1	1.2	0.1
211	36887	Verhniy Gorelnik	77.00	42.50	2262	1944	-2.2	1.0	6.8	6.9	13.3	14.9	20.9	18.6	12.8	5.9	1.3	-6.8
211	36887	Verhniy Gorelnik	77.00	42.50	2262	1945	-4.3	-6.5	0.6	8.4	12.4	14.8	16.7	18.9	14.1	11.2	1.2	0.2
211	36887	Verhniy Gorelnik	77.00	42.50	2262	1946	-1.6	5.0	1.0	10.4	11.7	13.5	16.5	15.1	13.0	11.2	1.2	-3.9
211	36887	Verhniy Gorelnik	77.00	42.50	2262	1947	-1.4	-0.9	5.9	8.1	10.7	14.0	16.2	17.1	13.2	6.9	6.5	-1.3
211	36887	Verhniy Gorelnik	77.00	42.50	2262	1948	1.0	0.1	3.4	5.8	10.5	14.0	19.4	18.4	12.4	8.7	3.6	-3.2
211	36887	Verhniy Gorelnik	77.00	42.50	2262	1949	-1.3	-0.9	0.5	8.3	10.7	13.3	16.8	16.3	10.4	6.6	-0.3	-3.0
211	36887	Verhniy Gorelnik	77.00	42.50	2262	1950	0.6	-2.0	1.5	4.0	12.8	15.2	17.8	17.6	12.2	7.0	0.0	-2.5
211	36887	Verhniy Gorelnik	77.00	42.50	2262	1951	-3.6	-7.3	1.5	5.9	12.8	12.9	16.9	17.0	15.5	8.8	2.9	2.1
211	36887	Verhniy Gorelnik	77.00	42.50	2262	1952	-0.6	0.9	1.6	8.3	10.7	13.5	17.2	17.9	12.8	8.6	-2.6	-0.4
211	36887	Verhniy Gorelnik	77.00	42.50	2262	1953	-1.5	3.8	2.6	4.0	13.0	14.7	18.1	15.3	15.3	5.3	0.6	-0.7
211	36887	Verhniy Gorelnik	77.00	42.50	2262	1954	-3.2	-1.4	1.4	7.8	9.3	11.8	15.4	16.3	12.7	9.2	1.2	-3.1
211	36887	Verhniy Gorelnik	77.00	42.50	2262	1955	-2.2	1.3	2.2	3.7	10.4	15.7	17.5	19.0	12.6	7.9	5.9	1.9
211	36887	Verhniy Gorelnik	77.00	42.50	2262	1956	-3.0	0.3	1.9	8.2	12.0	12.8	20.7	17.4	14.5	10.4	7.0	-1.8
211	36887	Verhniy Gorelnik	77.00	42.50	2262	1957	-3.5	-2.8	4.9	3.7	9.1	15.1	15.7	15.1	12.9	8.6	2.5	0.9
211	36887	Verhniy Gorelnik	77.00	42.50	2262	1958	-0.3	1.6	4.3	8.3	8.2	13.2	17.9	14.3	13.5	8.7	-0.1	0.2
211	36887	Verhniy Gorelnik	77.00	42.50	2262	1959	-0.7	-2.2	2.3	9.1	8.7	14.5	14.6	16.4	17.2	9.3	1.0	-2.6
211	36887	Verhniy Gorelnik	77.00	42.50	2262	1960	-0.6	3.1	0.4	5.4	7.5	15.2	16.0	17.0	12.0	9.1	2.0	0.6
211	36887	Verhniy Gorelnik	77.00	42.50	2262	1961	-1.1	-3.2	3.7	8.3	14.3	15.1	17.3	16.5	14.2	4.2	4.1	-0.1
211	36887	Verhniy Gorelnik	77.00	42.50	2262	1962	-2.1	1.7	6.3	6.4	10.7	15.3	17.8	18.1	11.5	7.6	-1.1	0.9
211	36887	Verhniy Gorelnik	77.00	42.50	2262	1963	2.6	2.5	5.2	6.8	11.1	16.0	16.8	15.7	12.2	8.8	4.9	1.5
211	36887	Verhniy Gorelnik	77.00	42.50	2262	1964	-4.3	-2.2	4.0	6.4	9.2	14.9	15.6	16.8	11.8	5.5	4.9	-0.3
211	36887	Verhniy Gorelnik	77.00	42.50	2262	1965	0.2	-1.8	1.2	7.2	11.7	14.8	18.7	16.7	12.3	8.9	5.1	1.4
211	36887	Verhniy Gorelnik	77.00	42.50	2262	1966	-0.5	3.0	1.8	5.4	9.5	16.6	17.0	17.3	13.6	-999.0	2.1	-1.4
211	36887	Verhniy Gorelnik	77.00	42.50	2262	1967	-1.3	-0.2	4.6	-999.0	10.0	14.4	16.6	15.5	12.3	6.3	1.8	1.7
211	36887	Verhniy Gorelnik	77.00	42.50	2262	1968	-0.6	-2.5	3.0	6.3	10.3	15.1	17.3	17.1	13.7	7.2	3.1	-2.8
211	36887	Verhniy Gorelnik	77.00	42.50	2262	1969	-7.0	-5.6	4.2	8.2	11.3	14.6	16.7	15.3	12.0	8.1	4.2	1.9
211	36887	Verhniy Gorelnik	77.00	42.50	2262	1970	-1.6	0.6	-0.2	8.1	12.1	14.4	16.4	17.5	-999.0	8.8	4.5	-0.7
211	36887	Verhniy Gorelnik	77.00	42.50	2262	1971	-2.3	-0.9	4.4	7.9	11.1	16.8	16.2	16.7	12.6	9.4	5.6	3.6
211	36887	Verhniy Gorelnik	77.00	42.50	2262	1972	-4.1	-6.1	1.9	8.8	10.9	14.1	14.4	14.6	12.1	9.8	5.6	-1.6
211	36887	Verhniy Gorelnik	77.00	42.50	2262	1973	-3.6	1.4	1.2	8.0	10.6	15.9	19.4	17.2	13.3	9.6	7.4	2.3
211	36887	Verhniy Gorelnik	77.00	42.50	2262	1974	-4.9	-5.3	1.4	10.1	12.5	15.1	19.2	15.7	11.8	8.6	3.7	-4.9
211	36887	Verhniy Gorelnik	77.00	42.50	2262	1975	-0.5	-1.1	2.5	6.6	10.5	15.3	18.6	18.3	13.6	7.8	1.3	0.4
211	36887	Verhniy Gorelnik	77.00	42.50	2262	1976	1.9	-3.5	-0.1	7.0	11.9	14.4	18.4	18.4	13.2	7.6	1.1	-2.4
211	36887	Verhniy Gorelnik	77.00	42.50	2262	1977	-4.8	0.1	5.1	8.5	12.2	17.2	17.1	17.5	14.8	9.0	5.9	-0.1
211	36887	Verhniy Gorelnik	77.00	42.50	2262	1978	-1.9	-2.0	0.9	9.9	12.2	15.6	18.2	17.0	15.6	9.3	2.3	3.7
211	36887	Verhniy Gorelnik	77.00	42.50	2262	1979	-0.5	3.2	0.1	7.5	8.8	15.1	17.3	17.1	12.0	11.3	5.0	1.7
211	36887	Verhniy Gorelnik	77.00	42.50	2262	1980	-2.1	-3.2	0.4	-999.0	13.2	14.7	18.9	17.8	14.3	10.5	6.5	3.7
211	36887	Verhniy Gorelnik	77.00	42.50	2262	1981	-0.6	-0.4	4.8	8.8	12.4	15.5	17.1	15.1	12.5	5.6	3.7	1.4
211	36887	Verhniy Gorelnik	77.00	42.50	2262	1982	0.6	-0.8	1.3	9.5	13.0	15.5	16.9	16.4	12.4	9.5	2.3	1.3
211	36887	Verhniy Gorelnik	77.00	42.50	2262	1983	0.2	1.5	1.4	7.2	11.7	14.7	18.4	20.7	13.3	8.6	6.8	0.4
211	36887	Verhniy Gorelnik	77.00	42.50	2262	1984	-3.8	-6.5	4.0	6.4	11.4	16.6	18.3	21.3	12.1	8.9	4.2	-8.3
211	36887	Verhniy Gorelnik	77.00	42.50	2262	1985	-0.3	2.3	-0.2	10.4	11.5	15.8	19.0	15.7	13.6	8.0	3.5	1.6
211	36887	Verhniy Gorelnik	77.00	42.50	2262	1986	0.6	-0.5	-1.0	5.5	11.8	14.5	18.1	17.0	15.9	9.0	2.1	-0.1
211	36887	Verhniy Gorelnik	77.00	42.50	2262	1987	0.9	1.7	3.2	5.8	10.2	12.3	16.9	18.9	14.1	3.4	2.9	4.4
211	36887	Verhniy Gorelnik	77.00	42.50	2262	1988	-0.3	-1.9	0.8	9.0	8.9	16.0	18.3	15.2	13.8	7.1	8.3	2.9
211	36887	Verhniy Gorelnik	77.00	42.50	2262	1989	-2.8	-6.0	3.0	3.7	9.8	13.3	16.6	17.8	13.0	9.8	3.2	2.3
213	38357	Aktash (Kyrg) 	73.10	42.50	2150	1961	-0.6	-1.5	5.5	12.2	18.9	19.8	22.6	21.8	19.1	8.7	6.1	1.9
213	38357	Aktash (Kyrg) 	73.10	42.50	2150	1962	0.1	4.4	10.8	10.8	14.4	18.8	23.1	23.2	16.0	11.4	-0.2	1.0
213	38357	Aktash (Kyrg) 	73.10	42.50	2150	1963	4.5	4.7	6.8	-999.0	15.4	19.2	20.8	21.1	18.1	12.9	5.9	3.0
213	38357	Aktash (Kyrg) 	73.10	42.50	2150	1964	-2.4	-0.3	6.8	9.6	14.2	18.8	19.7	21.6	17.5	10.3	7.0	-0.4
213	38357	Aktash (Kyrg) 	73.10	42.50	2150	1965	-0.1	-0.7	4.1	10.4	16.9	18.9	23.2	21.9	16.9	11.8	5.6	3.5
213	38357	Aktash (Kyrg) 	73.10	42.50	2150	1966	3.8	4.2	3.5	9.0	13.8	20.7	21.4	22.3	18.4	10.5	3.1	-1.1
213	38357	Aktash (Kyrg) 	73.10	42.50	2150	1967	-2.4	-0.4	6.3	11.0	13.6	18.2	20.6	21.3	17.7	10.6	4.9	3.5
213	38357	Aktash (Kyrg) 	73.10	42.50	2150	1968	0.6	0.0	5.7	10.1	14.4	18.5	22.0	22.9	18.6	11.3	3.8	-1.5
213	38357	Aktash (Kyrg) 	73.10	42.50	2150	1969	-6.7	-5.1	5.9	11.5	15.2	18.5	20.4	22.5	17.0	11.3	6.5	3.6
213	38357	Aktash (Kyrg) 	73.10	42.50	2150	1970	-1.3	2.0	3.3	12.2	16.0	18.3	19.9	23.2	18.8	12.0	5.2	-0.8
213	38357	Aktash (Kyrg) 	73.10	42.50	2150	1971	-2.1	0.7	6.7	11.1	15.4	21.2	22.0	22.1	17.6	12.5	7.4	5.3
213	38357	Aktash (Kyrg) 	73.10	42.50	2150	1972	-2.6	-4.4	4.4	10.4	14.7	17.4	18.8	19.7	17.9	13.4	6.1	-0.9
213	38357	Aktash (Kyrg) 	73.10	42.50	2150	1973	-999.0	1.7	-999.0	12.4	15.3	21.5	25.2	23.0	17.3	13.1	8.4	3.3
213	38357	Aktash (Kyrg) 	73.10	42.50	2150	1974	-3.4	-999.0	5.6	12.3	16.4	-999.0	-999.0	20.2	16.7	12.4	5.2	-999.0
213	38357	Aktash (Kyrg) 	73.10	42.50	2150	1975	-0.1	0.0	3.4	13.1	14.6	19.6	23.7	23.1	17.7	10.8	2.6	1.3
213	38357	Aktash (Kyrg) 	73.10	42.50	2150	1976	2.7	-2.1	2.0	10.5	15.9	18.3	23.0	24.8	16.8	9.9	1.3	-0.8
213	38357	Aktash (Kyrg) 	73.10	42.50	2150	1977	-4.7	1.3	7.5	14.3	16.4	21.0	23.5	23.6	20.4	11.7	8.5	0.7
213	38357	Aktash (Kyrg) 	73.10	42.50	2150	1978	-1.2	-0.2	3.9	13.6	16.8	19.9	24.3	23.7	21.2	12.7	2.9	3.8
213	38357	Aktash (Kyrg) 	73.10	42.50	2150	1979	0.3	3.3	3.2	10.1	12.7	19.2	24.7	22.9	18.2	15.9	8.3	3.2
213	38357	Aktash (Kyrg) 	73.10	42.50	2150	1980	-0.6	-2.2	3.4	13.3	16.8	18.9	24.9	23.4	19.6	12.8	7.7	4.1
213	38357	Aktash (Kyrg) 	73.10	42.50	2150	1981	-0.5	-0.2	7.3	12.8	16.6	19.0	21.3	20.0	17.9	9.8	5.7	2.4
213	38357	Aktash (Kyrg) 	73.10	42.50	2150	1982	1.9	1.2	4.6	14.6	18.0	19.4	21.6	21.8	17.2	11.5	2.3	1.6
213	38357	Aktash (Kyrg) 	73.10	42.50	2150	1983	0.9	3.4	4.3	11.9	14.8	18.1	22.9	25.2	18.6	12.5	7.8	1.2
213	38357	Aktash (Kyrg) 	73.10	42.50	2150	1984	-2.8	-5.9	6.5	10.0	15.0	20.6	25.5	27.4	16.9	11.6	4.9	-5.8
213	38357	Aktash (Kyrg) 	73.10	42.50	2150	1985	0.9	3.6	1.9	14.0	15.6	21.0	24.5	21.7	14.3	10.4	4.8	1.9
213	38357	Aktash (Kyrg) 	73.10	42.50	2150	1986	0.8	2.9	1.2	10.2	14.7	17.7	23.8	22.5	21.0	12.0	3.7	0.2
213	38357	Aktash (Kyrg) 	73.10	42.50	2150	1987	1.2	2.9	5.4	8.8	14.6	16.5	19.9	23.8	18.2	6.1	4.1	3.2
213	38357	Aktash (Kyrg) 	73.10	42.50	2150	1988	-0.9	1.2	3.3	12.2	12.6	20.9	23.5	21.4	18.8	10.9	10.1	5.0
213	38357	Aktash (Kyrg) 	73.10	42.50	2150	1989	-4.1	-4.4	5.9	7.2	13.1	17.8	21.8	22.6	18.1	12.9	3.5	1.7
213	38357	Aktash (Kyrg) 	73.10	42.50	2150	1990	-1.4	-0.1	3.5	9.8	17.7	23.5	21.7	23.3	22.1	12.4	-999.0	-999.0
213	38466	Angren  (Kyrg)	70.80	41.60	2286	1962	-3.8	-0.4	6.7	9.3	13.4	18.2	24.6	23.6	17.8	10.6	-1.9	-1.6
213	38466	Angren  (Kyrg)	70.80	41.60	2286	1963	-999.0	-999.0	-999.0	-999.0	-999.0	-999.0	21.3	21.6	17.8	12.3	1.6	-0.6
213	38466	Angren  (Kyrg)	70.80	41.60	2286	1964	-7.6	-2.3	3.8	6.5	13.6	18.4	21.2	23.4	17.6	10.0	4.1	-2.0
213	38466	Angren  (Kyrg)	70.80	41.60	2286	1965	-2.1	-3.2	1.0	8.6	16.5	19.3	23.8	23.2	16.4	10.4	3.0	-0.6
213	38466	Angren  (Kyrg)	70.80	41.60	2286	1966	0.0	1.2	1.1	7.6	13.4	20.5	22.4	21.9	17.9	9.1	4.1	-1.2
213	38466	Angren  (Kyrg)	70.80	41.60	2286	1967	-4.2	-2.6	3.1	9.5	13.3	18.7	22.4	23.9	18.5	8.2	3.0	-0.3
213	38466	Angren  (Kyrg)	70.80	41.60	2286	1968	-3.2	-3.2	2.2	8.8	12.9	17.6	22.7	23.7	19.6	11.0	-999.0	-999.0
213	38466	Angren  (Kyrg)	70.80	41.60	2286	1969	-7.1	-999.0	-999.0	-999.0	-999.0	-999.0	-999.0	-999.0	-999.0	-999.0	-999.0	-999.0
213	38466	Angren  (Kyrg)	70.80	41.60	2286	1970	-3.3	-0.4	1.2	11.2	15.9	19.4	20.2	24.7	19.4	-999.0	3.9	-999.0
213	38466	Angren  (Kyrg)	70.80	41.60	2286	1971	-3.6	-2.3	4.6	10.9	15.8	21.7	23.5	23.8	18.6	12.5	3.8	-0.6
213	38466	Angren  (Kyrg)	70.80	41.60	2286	1972	-6.3	-7.7	0.4	7.8	13.8	17.0	19.3	21.8	19.4	13.1	-999.0	-999.0
213	38466	Angren  (Kyrg)	70.80	41.60	2286	1973	-6.8	-1.8	-0.5	9.1	14.3	21.7	25.3	24.4	17.3	11.3	5.8	0.9
213	38466	Angren  (Kyrg)	70.80	41.60	2286	1974	-6.3	-5.2	2.2	10.4	14.7	19.7	23.3	20.5	15.9	11.2	2.9	-6.0
213	38466	Angren  (Kyrg)	70.80	41.60	2286	1975	-4.1	-4.0	0.9	11.2	13.1	19.9	24.9	24.6	18.2	10.8	-0.4	-2.3
213	38466	Angren  (Kyrg)	70.80	41.60	2286	1976	-1.3	-4.7	0.0	7.9	15.4	19.8	25.0	26.5	17.0	8.2	0.6	-3.2
213	38466	Angren  (Kyrg)	70.80	41.60	2286	1977	-6.8	-2.3	4.9	13.8	14.7	20.3	24.5	24.0	20.0	9.8	4.3	-2.4
213	38466	Angren  (Kyrg)	70.80	41.60	2286	1978	-4.0	-3.2	0.5	10.3	15.6	20.1	25.3	25.5	22.1	12.3	1.1	2.0
213	38466	Angren  (Kyrg)	70.80	41.60	2286	1979	-0.9	0.5	1.4	9.7	13.8	19.5	25.7	22.5	19.0	14.7	6.5	-0.2
213	38466	Angren  (Kyrg)	70.80	41.60	2286	1980	-3.9	-3.6	1.6	11.0	15.8	19.6	25.8	23.7	19.2	11.0	6.0	1.8
213	38466	Angren  (Kyrg)	70.80	41.60	2286	1981	-2.1	-1.5	3.9	10.0	16.0	16.8	20.9	20.1	17.5	9.7	6.8	-0.5
213	38466	Angren  (Kyrg)	70.80	41.60	2286	1982	-2.3	-3.7	1.3	12.6	16.8	20.0	22.6	22.8	15.2	9.2	-0.6	-1.3
213	38466	Angren  (Kyrg)	70.80	41.60	2286	1983	-2.9	-0.7	0.8	10.5	-999.0	18.4	24.4	26.4	19.1	11.3	4.4	-1.7
213	38466	Angren  (Kyrg)	70.80	41.60	2286	1984	-5.7	-7.6	2.4	8.1	14.5	20.9	27.1	28.5	17.4	10.5	2.1	-7.6
213	38466	Angren  (Kyrg)	70.80	41.60	2286	1985	-3.2	-0.4	-0.2	11.1	14.4	20.3	25.1	-999.0	20.9	-999.0	2.5	-0.7
213	38466	Angren  (Kyrg)	70.80	41.60	2286	1986	-2.4	0.0	-0.8	9.3	15.0	18.8	24.9	23.5	20.9	11.2	1.9	-3.0
213	38466	Angren  (Kyrg)	70.80	41.60	2286	1987	-1.9	-0.3	3.0	5.9	14.2	17.4	19.8	24.3	18.6	6.6	3.5	1.6
213	38466	Angren  (Kyrg)	70.80	41.60	2286	1988	-2.4	-1.4	1.0	10.2	13.3	20.3	24.5	21.9	19.6	9.6	7.3	0.7
213	38466	Angren  (Kyrg)	70.80	41.60	2286	1989	-5.3	-6.2	2.3	6.7	13.3	18.5	22.6	23.3	18.4	12.7	1.3	0.4
213	38466	Angren  (Kyrg)	70.80	41.60	2286	1990	-4.0	-2.5	1.2	7.5	16.7	22.5	22.3	25.1	23.1	-999.0	-999.0	-999.0
213	38623	Arpa	74.90	40.80	3000	1962	-12.6	-6.7	4.0	8.3	10.7	14.8	18.8	18.3	12.6	7.0	-7.3	-12.8
213	38623	Arpa	74.90	40.80	3000	1963	-13.2	-8.0	-1.9	7.6	13.3	16.1	17.4	18.4	14.4	7.4	-8.0	-8.3
213	38623	Arpa	74.90	40.80	3000	1964	-16.0	-9.4	-0.7	5.9	9.7	14.8	16.7	18.8	13.9	6.9	1.2	-10.3
213	38623	Arpa	74.90	40.80	3000	1965	-9.3	-10.5	-1.5	7.6	12.2	14.7	17.7	17.2	13.1	8.3	-6.6	-13.6
213	38623	Arpa	74.90	40.80	3000	1966	-999.0	-999.0	-999.0	-999.0	-999.0	-999.0	-999.0	-999.0	-999.0	-999.0	-999.0	-999.0
213	38623	Arpa	74.90	40.80	3000	1967	-999.0	-999.0	-999.0	-999.0	-999.0	-999.0	-999.0	-999.0	-999.0	-999.0	-999.0	-999.0
213	38623	Arpa	74.90	40.80	3000	1968	-999.0	-999.0	-999.0	-999.0	-999.0	-999.0	-999.0	-999.0	-999.0	-999.0	-999.0	-999.0
213	38623	Arpa	74.90	40.80	3000	1969	-999.0	-999.0	-999.0	-999.0	-999.0	-999.0	-999.0	-999.0	-999.0	-999.0	-999.0	-999.0
213	38623	Arpa	74.90	40.80	3000	1970	-13.5	-7.8	-3.9	7.2	13.5	16.0	17.6	19.9	16.3	7.1	-3.4	-999.0
213	38623	Arpa	74.90	40.80	3000	1971	-12.7	-8.4	-1.2	8.8	7.7	14.9	18.4	19.2	-999.0	-999.0	2.8	-13.3
213	38623	Arpa	74.90	40.80	3000	1972	-14.3	-13.2	-5.1	2.1	10.3	13.8	15.5	16.4	14.3	4.0	-6.8	-12.8
213	38623	Arpa	74.90	40.80	3000	1973	-13.7	-8.4	-2.9	6.7	11.3	17.0	21.4	21.1	16.0	8.9	4.1	-2.2
213	38623	Arpa	74.90	40.80	3000	1974	-7.0	-8.5	-1.4	11.8	12.7	16.2	19.1	18.0	12.7	7.1	0.1	-12.9
213	38623	Arpa	74.90	40.80	3000	1975	-999.0	-10.3	-3.8	6.3	9.9	-999.0	18.8	20.0	14.2	8.6	-3.8	-7.6
213	38623	Arpa	74.90	40.80	3000	1976	-6.4	-10.0	-3.0	6.3	12.5	15.1	20.0	20.4	12.5	6.2	-6.4	-10.0
213	38623	Arpa	74.90	40.80	3000	1977	-11.6	-11.3	-0.8	9.1	11.2	17.4	20.0	20.6	15.6	5.9	-6.5	-13.5
213	38623	Arpa	74.90	40.80	3000	1978	-17.2	-11.0	-5.1	6.8	13.4	17.0	21.6	20.2	16.0	6.7	-4.9	-8.9
213	38623	Arpa	74.90	40.80	3000	1979	-13.4	-7.9	-3.3	3.4	8.0	15.7	20.0	18.8	13.4	10.7	1.9	-3.7
213	38623	Arpa	74.90	40.80	3000	1980	-8.1	-7.6	3.4	6.3	11.7	16.0	19.9	18.2	14.6	9.5	2.5	-2.2
213	38623	Arpa	74.90	40.80	3000	1981	-5.3	-6.1	0.5	6.9	12.3	14.3	17.9	16.2	13.3	2.6	-4.9	-13.0
213	38623	Arpa	74.90	40.80	3000	1982	-12.5	-11.6	-3.1	6.5	12.9	15.1	17.7	17.9	11.7	6.8	-7.5	-15.9
213	38623	Arpa	74.90	40.80	3000	1983	-14.7	-9.9	-4.8	4.4	11.3	14.4	17.9	21.5	14.0	8.7	1.9	-5.7
213	38623	Arpa	74.90	40.80	3000	1984	-7.9	-11.6	-1.3	5.3	11.5	17.2	20.7	23.8	12.7	8.6	-5.4	-16.1
213	38623	Arpa	74.90	40.80	3000	1985	-15.2	-9.8	-5.0	6.8	10.5	15.4	20.4	-999.0	15.8	-999.0	-8.9	-12.0
213	38623	Arpa	74.90	40.80	3000	1986	-15.0	-16.6	-4.7	3.5	11.5	13.5	18.0	18.1	16.0	8.3	-3.3	-12.6
213	38623	Arpa	74.90	40.80	3000	1987	-13.3	-10.3	-1.5	3.8	9.1	11.9	16.2	19.5	15.8	-0.4	-8.2	-10.6
213	38623	Arpa	74.90	40.80	3000	1988	-13.3	-10.3	-4.6	2.3	10.1	17.0	20.5	18.4	14.8	6.1	-2.4	-10.2
213	38623	Arpa	74.90	40.80	3000	1989	-14.9	-12.0	-2.1	3.2	10.3	19.0	18.5	18.6	14.9	11.5	-7.2	-12.1
213	38623	Arpa	74.90	40.80	3000	1990	-14.3	-11.8	-7.5	1.2	14.0	18.5	18.2	19.4	17.4	8.0	-3.3	-999.0
213	36969	Atbashi	75.80	41.20	2025	1961	-14.2	-10.3	0.7	15.8	21.9	23.3	26.4	25.2	22.0	10.9	2.8	-4.1
213	36969	Atbashi	75.80	41.20	2025	1962	-11.9	-2.3	11.0	15.0	16.8	20.3	23.9	24.8	19.2	13.8	-1.2	-8.4
213	36969	Atbashi	75.80	41.20	2025	1963	-9.9	-2.0	5.8	-999.0	19.3	22.2	23.1	24.2	21.2	14.0	-999.0	-6.4
213	36969	Atbashi	75.80	41.20	2025	1964	-15.7	-7.5	3.6	12.2	16.2	20.5	21.6	23.4	19.8	13.3	4.8	-6.8
213	36969	Atbashi	75.80	41.20	2025	1965	-6.3	-4.2	5.9	15.2	18.9	20.6	23.2	23.5	19.5	14.3	-0.6	-9.5
213	36969	Atbashi	75.80	41.20	2025	1966	-8.4	-6.3	0.6	10.9	16.1	23.2	23.7	23.5	19.5	11.5	3.0	-7.1
213	36969	Atbashi	75.80	41.20	2025	1967	-14.4	-7.2	1.8	14.7	17.0	20.8	22.8	24.5	20.9	11.5	0.4	-5.8
213	36969	Atbashi	75.80	41.20	2025	1968	-10.3	-4.7	7.2	13.3	16.1	20.5	24.7	25.8	21.2	16.2	3.1	-9.4
213	36969	Atbashi	75.80	41.20	2025	1969	-12.9	-14.2	2.1	10.2	18.4	19.9	22.6	24.6	18.8	13.7	5.7	-3.4
213	36969	Atbashi	75.80	41.20	2025	1970	-13.2	-2.9	-2.3	14.5	19.6	22.7	22.5	24.9	21.7	14.7	5.0	-8.4
213	36969	Atbashi	75.80	41.20	2025	1971	-15.6	-7.7	4.4	15.6	17.9	22.8	24.4	25.3	18.9	15.0	5.3	-5.2
213	36969	Atbashi	75.80	41.20	2025	1972	-9.2	-10.9	2.2	13.8	17.8	18.9	21.0	22.0	20.2	12.7	3.9	-5.6
213	36969	Atbashi	75.80	41.20	2025	1973	-8.7	-4.0	2.3	15.1	17.2	21.8	26.6	26.8	20.6	14.3	7.8	-0.4
213	36969	Atbashi	75.80	41.20	2025	1974	-7.1	-6.4	3.4	-999.0	18.7	21.3	23.4	22.4	19.1	13.6	4.3	-8.4
213	36969	Atbashi	75.80	41.20	2025	1975	-10.0	-5.4	4.9	15.5	16.6	21.2	25.0	26.4	20.6	14.4	-0.3	-7.3
213	36969	Atbashi	75.80	41.20	2025	1976	-3.5	-4.5	4.0	14.7	19.3	22.1	26.6	26.7	19.1	11.7	-0.5	-7.7
213	36969	Atbashi	75.80	41.20	2025	1977	-11.9	-9.9	3.3	16.0	18.5	23.8	26.6	27.0	22.4	13.0	5.4	-5.4
213	36969	Atbashi	75.80	41.20	2025	1978	-10.7	-7.3	2.7	15.9	20.3	23.3	27.9	26.9	22.4	13.9	2.1	-5.7
213	36969	Atbashi	75.80	41.20	2025	1979	-12.9	-5.2	2.9	12.5	16.2	21.2	26.6	25.4	20.4	17.4	5.8	-1.6
213	36969	Atbashi	75.80	41.20	2025	1980	-6.8	-4.7	2.5	14.6	18.8	21.1	26.1	25.0	21.2	15.7	5.6	-3.3
213	36969	Atbashi	75.80	41.20	2025	1981	-4.5	-2.1	7.7	14.1	19.0	19.7	23.5	21.9	19.8	10.9	2.8	-4.9
213	36969	Atbashi	75.80	41.20	2025	1982	-9.4	-6.0	5.2	16.5	20.1	21.8	23.8	24.1	18.7	12.4	-4.3	-14.5
213	36969	Atbashi	75.80	41.20	2025	1983	-11.3	-6.7	2.3	13.6	17.9	19.6	24.0	27.8	20.5	14.0	4.7	-3.9
213	36969	Atbashi	75.80	41.20	2025	1984	-6.0	-8.4	1.9	12.9	18.3	23.7	27.3	30.3	19.8	13.4	2.9	-15.7
213	36969	Atbashi	75.80	41.20	2025	1985	-12.5	-6.7	0.7	17.6	18.9	22.6	26.4	-999.0	21.8	13.6	-0.6	-6.0
213	36969	Atbashi	75.80	41.20	2025	1986	-8.1	-3.2	1.7	11.7	17.8	19.6	24.8	23.8	22.7	14.0	3.2	-10.8
213	36969	Atbashi	75.80	41.20	2025	1987	-11.4	-5.7	5.0	12.7	17.4	18.0	21.6	26.0	21.9	9.0	-2.4	-8.2
213	36969	Atbashi	75.80	41.20	2025	1988	-11.0	-8.8	1.3	14.0	16.4	22.8	25.8	23.9	20.7	12.5	7.1	-2.4
213	36969	Atbashi	75.80	41.20	2025	1989	-12.2	-6.9	5.0	11.2	16.2	23.5	23.8	23.7	20.9	15.3	-0.9	-5.9
213	36969	Atbashi	75.80	41.20	2025	1990	-10.3	-6.6	-1.1	11.2	20.3	24.8	24.0	25.6	24.5	14.2	5.4	-999.0
213	38355	Baityk	74.50	42.70	1579	1961	2.2	-0.4	7.3	13.3	20.2	21.6	23.7	22.4	19.0	8.6	7.9	5.5
213	38355	Baityk	74.50	42.70	1579	1962	2.1	5.3	11.5	10.8	15.7	21.3	24.3	23.0	16.5	11.2	2.3	3.8
213	38355	Baityk	74.50	42.70	1579	1963	7.5	6.2	8.5	-999.0	16.4	21.7	23.2	21.4	17.8	13.6	8.3	4.4
213	38355	Baityk	74.50	42.70	1579	1964	-1.3	2.5	8.1	10.4	14.7	20.8	21.7	22.8	16.9	9.7	8.8	1.7
213	38355	Baityk	74.50	42.70	1579	1965	3.0	2.5	5.5	12.6	18.1	21.1	25.1	22.4	17.3	12.7	9.2	6.3
213	38355	Baityk	74.50	42.70	1579	1966	6.2	6.9	5.4	10.3	14.9	22.9	23.2	23.4	18.6	10.1	6.7	1.6
213	38355	Baityk	74.50	42.70	1579	1967	2.0	2.8	8.3	11.8	14.7	20.1	22.6	21.4	16.8	10.1	6.2	4.6
213	38355	Baityk	74.50	42.70	1579	1968	3.4	0.9	6.9	10.9	14.8	19.9	23.5	22.9	17.9	12.1	6.6	0.4
213	38355	Baityk	74.50	42.70	1579	1969	-5.6	-4.0	7.3	12.6	15.6	20.0	22.5	21.7	17.6	12.0	7.2	6.2
213	38355	Baityk	74.50	42.70	1579	1970	1.5	5.0	4.7	13.5	17.2	20.2	22.0	22.4	17.8	12.4	8.4	2.3
213	38355	Baityk	74.50	42.70	1579	1971	0.7	2.3	8.9	12.5	16.3	22.8	23.7	23.0	19.0	14.5	10.8	7.7
213	38355	Baityk	74.50	42.70	1579	1972	-2.4	-3.7	5.3	12.4	15.6	19.6	20.5	20.2	17.4	13.5	10.1	0.5
213	38355	Baityk	74.50	42.70	1579	1973	-0.7	4.2	4.0	12.8	15.6	21.6	26.2	23.0	17.3	14.5	11.3	6.4
213	38355	Baityk	74.50	42.70	1579	1974	-1.8	-1.8	5.8	13.4	17.2	21.5	24.8	21.0	17.2	12.8	7.8	-0.4
213	38355	Baityk	74.50	42.70	1579	1975	2.8	1.8	6.3	13.0	16.5	21.1	25.4	23.2	17.9	11.3	5.2	3.6
213	38355	Baityk	74.50	42.70	1579	1976	5.8	-0.2	2.6	11.6	16.9	20.1	24.8	24.9	17.5	11.2	4.4	1.4
213	38355	Baityk	74.50	42.70	1579	1977	-3.0	3.3	8.9	14.2	17.3	23.0	23.8	23.1	20.0	12.3	9.0	3.1
213	38355	Baityk	74.50	42.70	1579	1978	1.8	1.0	4.6	14.2	16.9	21.1	24.5	22.2	20.6	12.8	4.6	6.9
213	38355	Baityk	74.50	42.70	1579	1979	2.4	6.2	3.7	11.8	13.6	20.2	24.0	23.2	17.7	15.6	13.6	5.7
213	38355	Baityk	74.50	42.70	1579	1980	0.7	-1.2	3.5	14.4	17.7	20.8	25.4	23.3	19.0	13.5	10.2	8.0
213	38355	Baityk	74.50	42.70	1579	1981	2.2	2.1	8.6	13.1	16.7	20.3	22.9	20.8	17.5	9.9	7.6	4.5
213	38355	Baityk	74.50	42.70	1579	1982	3.9	1.7	4.2	15.1	18.5	21.4	22.6	22.0	17.3	12.7	3.6	4.5
213	38355	Baityk	74.50	42.70	1579	1983	3.5	5.9	5.0	12.8	15.7	20.4	24.9	24.8	18.0	12.2	10.4	4.1
213	38355	Baityk	74.50	42.70	1579	1984	-0.7	-5.5	5.9	10.5	15.6	22.3	25.5	25.9	16.9	12.2	6.7	-5.1
213	38355	Baityk	74.50	42.70	1579	1985	2.6	5.2	2.5	14.8	16.7	21.9	24.8	21.9	17.3	11.1	6.5	4.7
213	38355	Baityk	74.50	42.70	1579	1986	3.8	2.7	2.2	10.9	16.8	19.8	24.3	22.2	20.8	13.2	5.6	2.9
213	38355	Baityk	74.50	42.70	1579	1987	4.2	4.5	5.9	10.0	15.7	18.1	22.3	24.2	18.2	6.4	5.9	8.0
213	38355	Baityk	74.50	42.70	1579	1988	2.4	1.8	4.0	13.8	14.0	22.2	24.1	21.2	18.7	11.4	12.5	6.8
213	38355	Baityk	74.50	42.70	1579	1989	-0.6	-3.1	7.3	8.9	14.5	19.4	23.5	23.8	17.8	13.7	6.7	5.8
213	38355	Baityk	74.50	42.70	1579	1990	0.7	1.7	5.8	10.2	18.0	24.1	23.1	22.9	20.8	13.4	-999.0	-999.0
213	38353	Bishkek	74.50	42.85	823	1936	-0.9	3.3	6.1	15.4	22.0	28.4	29.6	26.4	24.8	22.1	11.3	3.7
213	38353	Bishkek	74.50	42.85	823	1937	-0.7	3.7	8.3	14.3	21.7	26.1	31.8	30.2	26.0	17.6	3.8	1.5
213	38353	Bishkek	74.50	42.85	823	1938	2.7	4.6	8.3	21.7	26.5	28.1	30.5	30.5	24.8	16.1	8.3	-0.1
213	38353	Bishkek	74.50	42.85	823	1939	1.6	4.6	8.7	15.2	23.4	29.7	32.1	29.8	25.0	15.9	9.9	7.6
213	38353	Bishkek	74.50	42.85	823	1940	2.0	4.4	10.6	21.0	21.3	30.3	32.8	30.4	24.3	18.6	11.1	8.6
213	38353	Bishkek	74.50	42.85	823	1941	3.3	6.3	14.3	18.9	24.8	31.2	30.5	31.2	25.6	22.0	9.2	4.9
213	38353	Bishkek	74.50	42.85	823	1942	4.6	-4.7	11.9	16.6	22.2	27.9	31.3	28.9	24.7	18.5	10.1	5.1
213	38353	Bishkek	74.50	42.85	823	1943	1.6	1.4	6.6	17.9	25.2	28.2	33.9	31.2	25.0	17.0	4.5	4.1
213	38353	Bishkek	74.50	42.85	823	1944	2.3	7.8	16.9	19.1	25.8	29.1	34.3	30.3	23.8	15.0	5.9	-6.1
213	38353	Bishkek	74.50	42.85	823	1945	-0.3	-2.5	5.9	19.4	23.9	27.9	30.6	32.1	25.5	21.4	6.5	4.9
213	38353	Bishkek	74.50	42.85	823	1946	1.0	9.6	9.2	19.5	24.9	26.4	31.1	28.9	26.4	20.9	6.5	-1.4
213	38353	Bishkek	74.50	42.85	823	1947	1.6	1.6	16.0	19.9	22.0	27.7	29.8	30.2	24.2	17.1	13.9	0.1
213	38353	Bishkek	74.50	42.85	823	1948	4.7	4.8	10.8	15.7	23.6	27.3	33.1	30.3	23.1	18.1	10.2	0.9
213	38353	Bishkek	74.50	42.85	823	1949	0.3	4.7	7.5	17.8	21.4	25.6	30.0	29.1	21.2	15.4	6.3	2.4
213	38353	Bishkek	74.50	42.85	823	1950	2.1	2.2	10.5	16.4	25.4	29.1	31.5	30.3	24.7	16.9	4.0	-2.7
213	38353	Bishkek	74.50	42.85	823	1951	-1.0	-5.9	5.7	19.8	25.4	25.2	31.3	30.1	25.7	15.5	6.0	7.7
213	38353	Bishkek	74.50	42.85	823	1952	4.0	5.2	9.0	17.2	22.1	26.7	30.9	30.4	23.9	17.9	1.0	2.2
213	38353	Bishkek	74.50	42.85	823	1953	3.7	8.8	10.2	16.5	24.5	26.7	31.8	28.6	26.5	14.2	6.0	2.2
213	38353	Bishkek	74.50	42.85	823	1954	0.6	1.7	5.5	17.9	21.9	24.2	29.4	29.4	24.3	19.5	7.2	-1.5
213	38353	Bishkek	74.50	42.85	823	1955	2.5	6.0	8.6	14.7	22.8	29.2	31.0	31.1	25.1	18.3	13.3	5.4
213	38353	Bishkek	74.50	42.85	823	1956	-0.3	3.9	8.5	19.7	22.6	25.7	33.9	30.8	24.9	19.1	15.3	3.1
213	38353	Bishkek	74.50	42.85	823	1957	-1.6	0.2	11.4	15.3	23.2	28.9	29.5	28.8	25.9	17.2	7.7	5.3
213	38353	Bishkek	74.50	42.85	823	1958	3.9	8.6	12.3	15.4	19.6	26.3	30.9	27.6	23.9	17.7	5.2	4.1
213	38353	Bishkek	74.50	42.85	823	1959	2.2	3.2	6.8	19.3	21.6	27.8	27.9	29.6	29.5	17.7	5.5	-0.7
213	38353	Bishkek	74.50	42.85	823	1960	5.6	7.7	5.3	17.2	18.7	27.7	28.8	29.9	24.0	18.5	5.8	3.1
213	38353	Bishkek	74.50	42.85	823	1961	2.3	1.6	11.0	19.9	27.2	28.4	30.8	29.7	24.9	13.5	11.4	5.5
213	38353	Bishkek	74.50	42.85	823	1962	3.0	6.3	16.2	17.0	22.2	28.8	31.9	30.0	23.1	16.7	3.3	4.9
213	38353	Bishkek	74.50	42.85	823	1963	8.8	8.9	12.9	16.6	23.1	28.3	30.3	28.4	24.2	19.2	10.6	5.4
213	38353	Bishkek	74.50	42.85	823	1964	1.0	1.4	11.5	15.8	21.9	27.4	28.8	29.7	23.4	14.8	12.6	-0.1
213	38353	Bishkek	74.50	42.85	823	1965	1.9	2.9	10.4	18.7	25.5	28.8	32.6	29.2	23.5	17.6	12.3	7.2
213	38353	Bishkek	74.50	42.85	823	1966	6.1	8.2	9.5	16.2	21.6	30.1	30.6	31.2	25.7	15.5	6.6	1.4
213	38353	Bishkek	74.50	42.85	823	1967	4.1	2.9	11.9	18.3	21.6	26.9	30.3	28.7	23.6	15.9	9.2	6.8
213	38353	Bishkek	74.50	42.85	823	1968	5.8	3.5	12.4	16.7	22.4	28.1	31.3	30.5	24.1	18.0	9.7	-0.2
213	38353	Bishkek	74.50	42.85	823	1969	-6.2	-5.3	9.0	18.7	22.1	27.0	30.2	29.3	23.8	16.4	9.4	8.5
213	38353	Bishkek	74.50	42.85	823	1970	2.2	6.3	8.4	18.5	23.7	27.6	30.2	30.4	25.0	17.3	9.2	3.8
213	38353	Bishkek	74.50	42.85	823	1971	0.8	3.8	12.1	17.3	22.7	30.0	30.7	29.5	25.4	19.3	13.0	10.8
213	38353	Bishkek	74.50	42.85	823	1972	-1.6	-3.4	6.5	18.2	22.7	26.7	28.3	27.5	24.1	18.4	13.4	0.9
213	38353	Bishkek	74.50	42.85	823	1973	1.9	4.4	8.0	18.5	21.9	29.1	33.1	30.0	23.1	19.2	14.2	7.1
213	38353	Bishkek	74.50	42.85	823	1974	-0.6	-1.5	9.9	18.5	24.3	29.5	32.9	28.2	23.9	18.7	11.1	-2.2
213	38353	Bishkek	74.50	42.85	823	1975	3.7	3.8	11.5	20.3	24.1	28.6	33.2	30.8	25.1	17.4	6.8	5.4
213	38353	Bishkek	74.50	42.85	823	1976	7.6	2.4	6.2	17.1	23.9	27.5	32.0	32.0	23.9	15.6	6.0	0.3
213	38353	Bishkek	74.50	42.85	823	1977	-2.9	4.1	13.6	20.6	24.7	31.3	31.3	30.1	26.4	16.2	11.7	3.7
213	38353	Bishkek	74.50	42.85	823	1978	3.4	1.6	9.0	19.8	23.3	27.5	31.9	29.0	27.0	17.4	6.9	8.6
213	38353	Bishkek	74.50	42.85	823	1979	0.7	8.6	8.6	16.8	20.2	27.1	31.2	29.4	24.1	20.8	10.1	9.2
213	38353	Bishkek	74.50	42.85	823	1980	2.3	0.8	7.4	19.7	24.0	28.0	33.2	30.5	25.8	18.8	14.1	8.0
213	38353	Bishkek	74.50	42.85	823	1981	4.2	2.6	13.9	18.6	23.5	27.8	30.3	28.8	24.5	15.4	10.0	5.4
213	38353	Bishkek	74.50	42.85	823	1982	5.3	4.2	9.0	21.5	25.9	28.7	30.3	29.2	24.1	16.8	5.4	5.1
213	38353	Bishkek	74.50	42.85	823	1983	5.9	9.1	11.2	19.4	22.4	28.2	33.0	32.2	25.0	17.5	13.8	5.8
213	38353	Bishkek	74.50	42.85	823	1984	-1.2	-4.1	9.7	16.4	22.9	30.2	33.1	33.4	24.2	17.7	9.6	-7.9
213	38353	Bishkek	74.50	42.85	823	1985	2.7	7.5	6.1	20.6	23.8	29.2	32.3	29.2	25.1	15.6	8.1	5.7
213	38353	Bishkek	74.50	42.85	823	1986	6.4	5.7	6.7	17.4	23.4	27.7	32.2	29.7	27.1	17.8	8.1	5.5
213	38353	Bishkek	74.50	42.85	823	1987	7.1	8.4	10.4	15.3	22.4	24.7	29.5	31.1	25.0	11.2	8.2	9.6
213	38353	Bishkek	74.50	42.85	823	1988	3.6	0.7	8.9	20.1	20.4	29.3	32.1	28.7	25.6	16.9	16.0	9.6
213	38353	Bishkek	74.50	42.85	823	1989	1.8	0.5	9.8	15.3	21.7	28.0	31.9	31.2	24.5	18.6	8.8	8.7
213	38353	Bishkek	74.50	42.85	823	1990	0.6	3.1	11.1	16.6	24.7	31.7	31.3	30.8	27.8	19.0	13.0	4.8
213	38353	Bishkek	74.50	42.85	823	1991	2.5	3.6	9.0	19.5	23.3	28.0	32.5	30.5	25.9	19.6	11.6	3.7
213	38353	Bishkek	74.50	42.85	823	1992	-999.0	-999.0	-999.0	-999.0	-999.0	-999.0	-999.0	-999.0	-999.0	-999.0	-999.0	-999.0
213	38353	Bishkek	74.50	42.85	823	1993	-999.0	-999.0	-999.0	-999.0	-999.0	-999.0	-999.0	-999.0	-999.0	-999.0	-999.0	-999.0
213	38353	Bishkek	74.50	42.85	823	1994	-999.0	-999.0	-999.0	-999.0	-999.0	-999.0	-999.0	-999.0	-999.0	-999.0	-999.0	-999.0
213	38353	Bishkek	74.50	42.85	823	1995	-999.0	-999.0	-999.0	-999.0	-999.0	-999.0	-999.0	-999.0	-999.0	-999.0	-999.0	-999.0
213	38353	Bishkek	74.50	42.85	823	1996	-999.0	-999.0	-999.0	-999.0	-999.0	-999.0	-999.0	-999.0	-999.0	-999.0	-999.0	-999.0
213	38353	Bishkek	74.50	42.85	823	1997	-999.0	-999.0	-999.0	-999.0	-999.0	-999.0	-999.0	-999.0	-999.0	-999.0	-999.0	3.8
213	38353	Bishkek	74.50	42.85	823	1998	1.8	3.9	7.4	18.5	21.6	26.9	32.0	32.3	-999.0	-999.0	-999.0	6.5
213	38353	Bishkek	74.50	42.85	823	1999	2.6	9.7	6.8	16.6	24.6	27.7	29.5	32.4	25.1	19.8	9.0	7.1
213	38353	Bishkek	74.50	42.85	823	2000	4.3	6.0	11.9	23.4	27.8	32.5	33.9	32.0	26.4	13.2	7.6	6.6
213	38353	Bishkek	74.50	42.85	823	2001	1.6	7.0	16.7	20.1	30.2	33.9	31.4	30.9	25.1	16.4	12.5	3.2
213	38353	Bishkek	74.50	42.85	823	2002	6.6	7.9	15.5	17.8	24.0	29.1	32.5	33.4	28.2	20.8	13.3	0.9
213	38353	Bishkek	74.50	42.85	823	2003	6.5	6.3	12.1	15.5	24.2	29.9	31.9	32.3	28.0	21.8	9.6	6.3
213	36994	Chatirkul	75.80	40.60	3540	1961	-11.3	-11.9	-5.3	3.0	9.1	11.4	14.6	13.1	9.8	0.8	-2.8	-7.6
213	36994	Chatirkul	75.80	40.60	3540	1962	-10.5	-6.3	0.5	2.7	5.4	8.5	12.8	12.0	7.0	1.9	-8.0	-9.5
213	36994	Chatirkul	75.80	40.60	3540	1963	-9.1	-5.7	-3.0	2.9	7.7	10.9	12.1	12.7	9.2	3.0	-3.1	-5.7
213	36994	Chatirkul	75.80	40.60	3540	1964	-14.5	-11.6	-2.8	1.7	3.8	9.1	11.5	12.3	8.2	2.7	-1.5	-8.7
213	36994	Chatirkul	75.80	40.60	3540	1965	-10.0	-10.4	-3.8	2.3	6.3	9.0	12.1	11.7	7.3	3.9	-4.1	-11.2
213	36994	Chatirkul	75.80	40.60	3540	1966	-999.0	-999.0	-999.0	-999.0	-999.0	-999.0	-999.0	-999.0	-999.0	-999.0	-999.0	-999.0
213	36994	Chatirkul	75.80	40.60	3540	1967	-999.0	-999.0	-999.0	-999.0	-999.0	-999.0	-999.0	-999.0	-999.0	-999.0	-999.0	-999.0
213	36994	Chatirkul	75.80	40.60	3540	1968	-13.3	-10.9	-2.2	1.6	5.1	9.8	13.6	13.6	8.8	2.1	-5.5	-11.4
213	36994	Chatirkul	75.80	40.60	3540	1969	-12.0	-11.9	-0.2	2.1	6.2	8.5	12.2	13.8	7.0	3.5	-3.4	-10.3
213	36994	Chatirkul	75.80	40.60	3540	1970	-14.9	-10.1	-6.0	2.8	7.6	9.8	11.3	13.3	9.1	3.5	-3.3	-10.3
213	36994	Chatirkul	75.80	40.60	3540	1971	-12.4	-10.4	-1.6	3.3	5.6	12.0	13.0	11.6	6.2	3.6	-3.8	-11.7
213	36994	Chatirkul	75.80	40.60	3540	1972	-12.6	-14.0	-3.8	0.6	6.4	8.8	10.3	10.4	8.0	1.8	-3.7	-9.7
213	36994	Chatirkul	75.80	40.60	3540	1973	-13.1	-7.9	-5.1	2.6	5.6	11.5	15.7	15.4	9.5	3.3	-0.4	-6.4
213	36994	Chatirkul	75.80	40.60	3540	1974	-10.3	-12.5	-4.3	6.2	6.5	9.4	12.2	10.8	6.9	0.5	-6.7	-14.2
213	36994	Chatirkul	75.80	40.60	3540	1975	-13.3	-999.0	-4.8	1.0	3.5	9.3	13.8	13.9	8.4	3.6	-6.0	-8.6
213	36994	Chatirkul	75.80	40.60	3540	1976	-8.0	-9.0	-5.4	2.0	7.9	10.0	15.2	15.2	7.6	2.0	-4.7	-11.2
213	36994	Chatirkul	75.80	40.60	3540	1977	-12.5	-11.6	-3.7	3.1	5.8	12.3	14.6	13.7	9.3	1.1	-8.2	-14.1
213	36994	Chatirkul	75.80	40.60	3540	1978	-16.7	-12.2	-6.6	3.1	8.5	12.4	16.3	14.6	10.5	2.6	-5.7	-8.0
213	36994	Chatirkul	75.80	40.60	3540	1979	-12.8	-7.9	-5.0	0.6	3.0	10.8	14.9	13.1	8.2	5.9	-0.6	-6.5
213	36994	Chatirkul	75.80	40.60	3540	1980	-10.3	-7.8	-4.9	3.6	7.0	11.1	14.4	12.4	8.8	3.4	-1.9	-6.0
213	36994	Chatirkul	75.80	40.60	3540	1981	-9.3	-9.4	-2.4	1.9	7.3	9.2	12.4	10.6	7.8	-0.2	-6.1	-12.2
213	36994	Chatirkul	75.80	40.60	3540	1982	-13.5	-13.7	-5.6	1.6	7.8	9.4	11.7	13.1	5.3	2.8	-7.2	-999.0
213	36994	Chatirkul	75.80	40.60	3540	1983	-13.2	-9.0	-6.2	0.9	6.5	8.7	12.5	16.4	9.0	2.6	-1.3	-7.8
213	36994	Chatirkul	75.80	40.60	3540	1984	-10.2	-11.8	-2.4	1.1	7.0	12.3	15.2	18.4	7.6	3.3	-3.6	-13.3
213	36994	Chatirkul	75.80	40.60	3540	1985	-12.6	-7.4	-5.5	4.2	5.7	9.6	15.3	12.5	9.9	-999.0	-7.1	-9.1
213	36994	Chatirkul	75.80	40.60	3540	1986	-13.9	-9.7	-5.9	-0.1	4.9	8.2	13.2	12.2	9.4	2.5	-5.0	-10.2
213	36994	Chatirkul	75.80	40.60	3540	1987	-10.5	-8.0	-2.8	0.6	4.5	6.7	10.3	14.0	9.7	-2.2	-6.4	-10.1
213	36994	Chatirkul	75.80	40.60	3540	1988	-12.7	-10.6	-5.6	1.6	5.8	11.0	14.6	12.4	7.9	0.9	-2.3	-10.4
213	36994	Chatirkul	75.80	40.60	3540	1989	-14.2	-12.1	-4.5	-1.9	5.1	7.6	12.1	11.8	8.4	4.4	-4.3	-8.4
213	36994	Chatirkul	75.80	40.60	3540	1990	-11.1	-11.5	-5.7	-0.6	8.4	13.3	13.2	15.2	12.3	4.0	-2.4	-999.0
213	38745	Daraut-Kurgan	72.18	39.55	2470	1961	-8.1	-8.0	0.3	11.6	19.7	21.0	25.8	24.1	21.7	11.5	1.2	-6.8
213	38745	Daraut-Kurgan	72.18	39.55	2470	1962	-7.3	-3.0	5.3	10.2	15.3	19.7	23.7	23.6	18.3	12.4	-0.9	-3.3
213	38745	Daraut-Kurgan	72.18	39.55	2470	1963	-4.5	-0.1	1.5	-999.0	-999.0	22.4	23.4	23.9	19.8	15.0	0.1	-5.8
213	38745	Daraut-Kurgan	72.18	39.55	2470	1964	-11.7	-5.4	2.6	8.5	14.4	19.6	22.0	23.8	19.8	12.8	4.8	-5.5
213	38745	Daraut-Kurgan	72.18	39.55	2470	1965	-6.2	-7.5	-0.8	7.8	17.1	19.5	23.5	22.2	18.9	13.8	3.5	-3.7
213	38745	Daraut-Kurgan	72.18	39.55	2470	1966	-0.7	-1.5	1.3	9.4	14.0	22.0	22.4	23.3	19.0	9.3	4.3	-2.2
213	38745	Daraut-Kurgan	72.18	39.55	2470	1967	-10.1	-4.6	-0.2	10.4	14.3	20.0	23.0	24.0	20.2	11.1	4.7	-3.9
213	38745	Daraut-Kurgan	72.18	39.55	2470	1968	-8.7	-5.9	3.7	11.2	14.1	19.7	24.1	24.4	20.8	12.1	4.8	-6.6
213	38745	Daraut-Kurgan	72.18	39.55	2470	1969	-6.1	-999.0	5.0	10.2	16.2	20.1	22.2	24.3	18.3	12.5	3.4	-1.8
213	38745	Daraut-Kurgan	72.18	39.55	2470	1970	-5.7	-1.2	2.2	13.3	17.0	20.1	21.2	25.4	20.7	13.1	4.8	-2.9
213	38745	Daraut-Kurgan	72.18	39.55	2470	1971	-7.5	-3.3	6.0	13.4	17.1	23.1	24.4	24.8	18.7	14.4	5.8	1.4
213	38745	Daraut-Kurgan	72.18	39.55	2470	1972	-5.0	-9.8	0.5	8.3	18.7	19.5	20.4	22.1	19.3	12.7	6.7	-999.0
213	38745	Daraut-Kurgan	72.18	39.55	2470	1973	-6.2	-999.0	-999.0	-999.0	-999.0	22.7	26.6	26.5	24.0	-999.0	-999.0	-0.7
213	38745	Daraut-Kurgan	72.18	39.55	2470	1974	-6.0	-999.0	-999.0	-999.0	17.7	20.4	23.8	22.2	19.6	12.5	2.3	-6.4
213	38745	Daraut-Kurgan	72.18	39.55	2470	1975	-8.6	-5.4	1.0	-999.0	-999.0	-999.0	-999.0	-999.0	19.8	12.9	-2.0	-7.6
213	38745	Daraut-Kurgan	72.18	39.55	2470	1976	-8.9	-7.2	-2.4	8.4	17.2	19.3	24.9	25.0	19.6	10.2	2.0	-2.4
213	38745	Daraut-Kurgan	72.18	39.55	2470	1977	-7.2	-7.1	4.6	14.2	15.6	21.9	25.1	25.0	21.2	12.2	4.0	-2.9
213	38745	Daraut-Kurgan	72.18	39.55	2470	1978	-7.5	-1.5	0.9	13.0	18.0	21.8	26.5	25.4	21.9	12.4	-1.6	-2.9
213	38745	Daraut-Kurgan	72.18	39.55	2470	1979	-6.5	-5.2	-0.4	11.9	13.7	20.3	25.3	22.4	19.4	15.4	1.8	-4.7
213	38745	Daraut-Kurgan	72.18	39.55	2470	1980	-8.2	-4.7	-0.2	12.0	17.0	20.7	25.0	23.9	20.3	13.7	5.8	-1.3
213	38745	Daraut-Kurgan	72.18	39.55	2470	1981	-5.0	-3.6	0.7	11.6	17.7	19.2	22.7	21.8	19.3	10.2	4.8	-4.2
213	38745	Daraut-Kurgan	72.18	39.55	2470	1982	-7.4	-6.8	0.4	11.3	17.5	20.4	23.1	23.5	17.6	11.0	-0.5	-6.7
213	38745	Daraut-Kurgan	72.18	39.55	2470	1983	-7.8	-7.1	-3.1	9.9	17.3	19.0	22.9	26.6	20.0	13.4	6.5	-1.4
213	38745	Daraut-Kurgan	72.18	39.55	2470	1984	-8.0	-7.0	3.1	10.2	16.2	22.9	26.1	29.1	18.6	12.7	4.4	-5.8
213	38745	Daraut-Kurgan	72.18	39.55	2470	1985	-6.6	-4.1	1.7	13.4	16.2	21.3	25.8	23.7	20.9	12.4	1.3	-5.0
213	38745	Daraut-Kurgan	72.18	39.55	2470	1986	-9.7	-5.0	-0.9	8.0	16.0	19.4	24.8	24.2	21.0	14.3	3.6	-5.8
213	38745	Daraut-Kurgan	72.18	39.55	2470	1987	-4.4	-1.9	5.6	9.4	13.9	17.7	21.6	24.3	20.6	9.5	5.8	-1.1
213	38745	Daraut-Kurgan	72.18	39.55	2470	1988	-6.6	-4.7	-0.1	9.0	14.8	21.7	25.3	23.2	20.6	10.9	8.4	-0.8
213	38745	Daraut-Kurgan	72.18	39.55	2470	1989	-8.5	-6.9	3.5	9.0	15.2	18.9	22.6	23.4	20.4	14.8	-0.1	-5.1
213	38745	Daraut-Kurgan	72.18	39.55	2470	1990	-4.8	-5.7	-1.7	7.2	17.9	22.4	23.1	24.0	22.8	13.2	-999.0	-999.0
213	36963	Dolon	75.80	41.80	3040	1961	-10.0	-10.2	-2.8	6.9	12.9	13.7	16.4	15.6	13.2	2.0	-3.8	-8.9
213	36963	Dolon	75.80	41.80	3040	1962	-10.6	-5.1	2.9	6.0	8.3	12.2	14.5	15.4	10.0	4.0	-8.0	-7.9
213	36963	Dolon	75.80	41.80	3040	1963	-6.7	-4.0	-1.0	-999.0	9.9	13.0	13.7	14.7	11.8	4.8	-999.0	-5.8
213	36963	Dolon	75.80	41.80	3040	1964	-12.5	-9.4	-1.1	3.1	7.2	11.7	12.4	14.6	10.2	4.3	-0.5	-7.8
213	36963	Dolon	75.80	41.80	3040	1965	-7.0	-9.2	-2.2	4.9	9.3	11.2	14.0	14.7	10.4	5.7	-4.4	-8.4
213	36963	Dolon	75.80	41.80	3040	1966	-7.6	-6.2	-4.0	2.4	6.8	13.8	13.6	13.8	10.5	2.6	-4.7	-8.7
213	36963	Dolon	75.80	41.80	3040	1967	-12.0	-8.4	-1.3	5.3	7.9	11.7	13.6	14.2	11.3	2.2	-4.4	-5.7
213	36963	Dolon	75.80	41.80	3040	1968	-8.5	-8.0	-0.6	3.4	8.0	11.5	14.5	15.5	12.0	3.9	-4.5	-10.0
213	36963	Dolon	75.80	41.80	3040	1969	-12.6	-12.7	-1.5	3.4	9.2	11.5	13.3	14.8	9.1	4.1	-1.3	-5.7
213	36963	Dolon	75.80	41.80	3040	1970	-10.6	-6.9	-3.9	5.3	9.5	12.3	12.9	15.5	12.2	5.3	-2.3	-9.1
213	36963	Dolon	75.80	41.80	3040	1971	-11.6	-8.9	-1.2	6.2	8.7	13.2	14.2	16.1	9.9	6.5	-1.5	-4.2
213	36963	Dolon	75.80	41.80	3040	1972	-9.7	-13.0	-2.3	4.5	9.9	11.0	12.0	13.0	10.1	3.6	-4.0	-9.0
213	36963	Dolon	75.80	41.80	3040	1973	-10.9	-6.3	-3.7	5.4	8.0	12.6	17.2	17.3	12.5	5.2	1.0	-4.0
213	36963	Dolon	75.80	41.80	3040	1974	-11.0	-10.6	-2.7	8.2	9.6	11.5	13.9	12.6	9.8	4.8	-3.7	-11.3
213	36963	Dolon	75.80	41.80	3040	1975	-9.6	-7.4	-2.1	6.7	7.1	11.9	14.9	15.3	10.7	5.4	-5.7	-8.4
213	36963	Dolon	75.80	41.80	3040	1976	-5.3	-7.7	-2.5	5.3	10.0	12.2	15.6	16.7	10.0	3.6	-5.3	-9.8
213	36963	Dolon	75.80	41.80	3040	1977	-11.2	-9.2	-1.4	6.8	9.7	13.9	15.6	17.2	12.8	4.0	-2.6	-8.8
213	36963	Dolon	75.80	41.80	3040	1978	-11.0	-9.0	-3.9	6.4	10.7	13.6	17.6	17.6	13.9	5.0	-4.7	-5.0
213	36963	Dolon	75.80	41.80	3040	1979	-9.2	-5.6	-999.0	3.8	7.3	12.3	16.7	15.8	11.4	8.5	-0.1	-4.0
213	36963	Dolon	75.80	41.80	3040	1980	-9.2	-7.1	-3.2	5.8	11.0	12.3	17.0	15.4	12.0	6.6	-1.0	-5.1
213	36963	Dolon	75.80	41.80	3040	1981	-7.8	-6.9	0.1	5.0	10.8	11.5	14.2	12.2	10.0	1.7	-3.8	-8.0
213	36963	Dolon	75.80	41.80	3040	1982	-6.6	-7.9	-2.2	6.9	10.1	11.9	13.9	14.0	9.0	4.5	-6.3	-9.0
213	36963	Dolon	75.80	41.80	3040	1983	-9.3	-6.6	-3.8	4.3	8.2	10.4	14.2	17.4	11.0	5.7	-0.9	-7.0
213	36963	Dolon	75.80	41.80	3040	1984	-10.1	-12.4	-1.2	3.2	8.7	13.2	17.0	20.8	10.2	5.2	-4.1	-999.0
213	36963	Dolon	75.80	41.80	3040	1985	-10.6	-6.4	-4.5	6.8	7.4	12.4	16.4	-999.0	12.5	4.4	-5.0	-6.5
213	36963	Dolon	75.80	41.80	3040	1986	-8.2	-6.4	-4.5	2.1	9.9	-999.0	14.9	14.5	12.4	5.1	-3.8	-8.8
213	36963	Dolon	75.80	41.80	3040	1987	-8.7	-6.3	-2.2	3.0	7.6	9.1	13.1	16.2	12.1	-0.4	-4.7	-6.2
213	36963	Dolon	75.80	41.80	3040	1988	-9.4	-9.1	-4.4	4.8	6.7	13.5	15.6	13.8	10.9	2.9	0.9	-4.6
213	36963	Dolon	75.80	41.80	3040	1989	-10.9	-10.4	-1.4	1.2	6.3	9.3	13.5	13.9	11.3	5.9	-4.1	-4.6
213	36963	Dolon	75.80	41.80	3040	1990	-8.6	-7.3	-3.3	3.2	11.2	15.3	13.5	15.3	14.7	5.9	-999.0	-999.0
213	38487	Dzhergetal	73.10	41.57	1800	1961	4.8	1.8	9.9	17.4	25.6	27.8	31.1	29.7	26.3	15.4	10.7	5.9
213	38487	Dzhergetal	73.10	41.57	1800	1962	2.1	7.1	16.1	16.8	21.6	27.0	32.0	30.0	23.7	17.1	4.3	3.7
213	38487	Dzhergetal	73.10	41.57	1800	1963	6.3	8.6	11.9	-999.0	22.0	26.9	29.1	28.6	25.2	19.7	10.1	6.0
213	38487	Dzhergetal	73.10	41.57	1800	1964	-0.8	3.8	11.3	15.6	21.1	26.8	28.4	29.1	24.6	16.7	12.0	1.4
213	38487	Dzhergetal	73.10	41.57	1800	1965	3.1	3.0	9.4	18.1	23.7	27.6	31.5	29.7	24.4	18.0	11.1	7.8
213	38487	Dzhergetal	73.10	41.57	1800	1966	8.3	9.7	8.7	15.8	20.7	28.5	30.1	30.0	25.2	15.6	9.4	5.1
213	38487	Dzhergetal	73.10	41.57	1800	1967	3.7	4.0	12.2	16.7	19.4	26.1	28.7	29.8	25.0	16.2	10.2	6.8
213	38487	Dzhergetal	73.10	41.57	1800	1968	5.0	3.6	10.8	16.7	20.2	26.7	29.9	30.8	26.2	18.3	10.5	3.3
213	38487	Dzhergetal	73.10	41.57	1800	1969	-2.0	-0.9	9.1	16.5	21.0	25.9	28.0	28.6	23.6	17.1	9.5	8.3
213	38487	Dzhergetal	73.10	41.57	1800	1970	3.2	7.8	9.2	18.1	23.0	26.3	27.9	30.0	24.5	18.5	12.7	4.9
213	38487	Dzhergetal	73.10	41.57	1800	1971	-0.1	4.8	12.3	18.5	23.6	28.8	30.3	29.0	24.6	19.3	14.2	9.7
213	38487	Dzhergetal	73.10	41.57	1800	1972	-0.5	-4.0	6.1	17.7	21.2	25.2	26.4	26.4	24.9	19.0	13.0	1.9
213	38487	Dzhergetal	73.10	41.57	1800	1973	0.0	5.9	8.6	18.4	22.2	29.1	32.0	30.2	24.1	19.3	14.9	7.3
213	38487	Dzhergetal	73.10	41.57	1800	1974	-0.1	0.2	8.9	19.1	23.4	27.9	31.3	27.9	24.6	17.8	11.0	2.5
213	38487	Dzhergetal	73.10	41.57	1800	1975	2.9	3.0	9.5	18.0	21.9	28.5	32.0	30.5	25.3	18.0	6.2	5.1
213	38487	Dzhergetal	73.10	41.57	1800	1976	6.2	1.8	7.3	17.3	22.7	26.8	30.8	31.7	25.0	16.0	7.0	3.6
213	38487	Dzhergetal	73.10	41.57	1800	1977	-1.8	4.8	14.1	20.7	22.3	28.7	30.8	30.1	26.6	17.3	11.8	4.9
213	38487	Dzhergetal	73.10	41.57	1800	1978	2.2	2.5	7.9	19.6	22.8	27.5	31.1	29.1	27.2	19.1	6.8	8.9
213	38487	Dzhergetal	73.10	41.57	1800	1979	3.9	7.5	9.5	16.3	18.9	26.9	31.3	29.7	24.9	21.8	11.0	8.2
213	38487	Dzhergetal	73.10	41.57	1800	1980	2.5	1.5	8.0	19.5	23.2	26.6	31.5	29.4	26.0	18.8	13.8	10.0
213	38487	Dzhergetal	73.10	41.57	1800	1981	5.0	4.5	12.9	17.9	22.1	25.7	29.2	27.5	24.7	15.6	12.1	7.3
213	38487	Dzhergetal	73.10	41.57	1800	1982	4.7	3.3	9.0	20.3	24.3	28.0	30.6	29.1	23.6	16.7	5.7	4.1
213	38487	Dzhergetal	73.10	41.57	1800	1983	3.9	7.6	9.6	17.3	22.2	26.0	30.5	31.2	24.3	17.6	12.9	5.1
213	38487	Dzhergetal	73.10	41.57	1800	1984	2.2	-2.7	9.2	16.9	22.4	28.9	33.0	33.0	24.5	17.3	9.8	-1.7
213	38487	Dzhergetal	73.10	41.57	1800	1985	2.8	6.8	6.5	19.9	22.2	28.2	31.3	28.5	26.6	16.8	9.7	5.2
213	38487	Dzhergetal	73.10	41.57	1800	1986	5.3	6.3	6.8	17.0	21.8	25.9	31.2	29.8	27.5	-999.0	-999.0	3.3
213	38487	Dzhergetal	73.10	41.57	1800	1987	5.6	6.7	12.5	15.1	22.0	24.6	28.0	30.6	24.6	12.2	9.4	8.4
213	38487	Dzhergetal	73.10	41.57	1800	1988	4.2	4.8	9.4	19.1	20.2	28.2	31.1	28.9	25.6	17.3	15.0	8.3
213	38487	Dzhergetal	73.10	41.57	1800	1989	1.2	0.6	11.3	15.4	19.3	26.7	30.2	30.2	25.0	19.5	9.3	7.5
213	38627	Gulcha	73.45	40.32	1561	1961	3.7	2.7	10.9	17.5	24.3	26.3	29.3	27.8	25.3	15.3	-999.0	-999.0
213	38627	Gulcha	73.45	40.32	1561	1962	0.0	6.5	16.1	16.7	19.4	24.7	29.4	28.0	22.5	17.2	4.7	1.7
213	38627	Gulcha	73.45	40.32	1561	1963	3.8	8.5	13.0	-999.0	21.1	25.6	27.0	27.3	24.2	19.5	10.1	5.9
213	38627	Gulcha	73.45	40.32	1561	1964	-0.7	2.2	11.4	16.0	19.1	24.5	26.7	28.2	24.1	17.0	12.5	2.3
213	38627	Gulcha	73.45	40.32	1561	1965	5.3	2.4	10.2	17.6	21.8	25.4	28.5	27.7	23.4	18.5	11.0	7.9
213	38627	Gulcha	73.45	40.32	1561	1966	7.9	8.1	9.4	15.4	19.3	26.6	27.6	28.0	23.7	-999.0	8.2	1.2
213	38627	Gulcha	73.45	40.32	1561	1967	0.6	3.0	12.7	16.9	18.4	24.3	27.4	28.5	24.5	16.2	9.0	6.1
213	38627	Gulcha	73.45	40.32	1561	1968	4.9	5.9	11.6	17.1	18.5	24.3	27.6	28.6	24.7	17.3	10.4	1.0
213	38627	Gulcha	73.45	40.32	1561	1969	-3.7	1.9	8.7	16.5	20.3	24.1	26.0	27.6	22.3	16.8	10.3	6.4
213	38627	Gulcha	73.45	40.32	1561	1970	1.0	7.1	8.9	17.4	22.0	25.0	25.4	28.9	23.9	18.6	11.6	3.1
213	38627	Gulcha	73.45	40.32	1561	1971	1.1	5.0	13.3	18.0	21.5	27.2	28.2	23.1	23.3	18.9	13.9	8.0
213	38627	Gulcha	73.45	40.32	1561	1972	-1.4	-4.5	7.4	17.7	20.2	23.8	24.6	25.4	24.4	18.4	13.4	2.7
213	38627	Gulcha	73.45	40.32	1561	1973	1.1	5.5	8.4	19.1	21.0	28.1	31.0	29.4	21.8	19.5	15.6	8.6
213	38627	Gulcha	73.45	40.32	1561	1974	-0.3	0.7	8.3	19.7	21.3	25.2	28.6	26.0	23.0	16.8	11.2	-0.2
213	38627	Gulcha	73.45	40.32	1561	1975	0.8	3.4	10.7	17.1	19.8	25.8	30.5	29.5	25.0	18.0	7.4	4.6
213	38627	Gulcha	73.45	40.32	1561	1976	6.1	1.9	7.6	17.3	21.7	25.2	29.6	31.2	24.5	16.6	8.7	5.4
213	38627	Gulcha	73.45	40.32	1561	1977	-999.0	-999.0	-999.0	20.0	20.6	26.6	29.6	29.2	25.6	-999.0	13.8	4.1
213	38627	Gulcha	73.45	40.32	1561	1978	1.7	3.4	9.3	19.8	22.5	26.3	30.8	30.1	27.3	19.0	7.5	7.4
213	38627	Gulcha	73.45	40.32	1561	1979	3.5	7.8	10.0	16.6	18.5	25.7	30.8	28.4	24.1	21.5	12.4	7.6
213	38627	Gulcha	73.45	40.32	1561	1980	3.0	2.5	9.5	18.7	21.5	25.5	30.3	29.7	26.1	19.8	13.7	9.8
213	38627	Gulcha	73.45	40.32	1561	1981	5.4	4.7	13.0	18.5	21.6	24.8	27.4	26.3	24.1	15.9	10.9	5.4
213	38627	Gulcha	73.45	40.32	1561	1982	4.1	4.3	9.5	20.3	23.4	26.4	28.6	28.4	23.0	17.9	6.3	4.9
213	38627	Gulcha	73.45	40.32	1561	1983	3.0	8.4	10.7	17.5	22.5	24.5	28.8	31.7	24.7	19.0	13.6	6.0
213	38627	Gulcha	73.45	40.32	1561	1984	3.6	-2.4	9.7	17.2	21.8	27.5	31.8	33.4	24.2	18.2	10.1	-4.1
213	38627	Gulcha	73.45	40.32	1561	1985	1.6	6.5	6.9	20.6	20.8	26.3	30.5	27.9	26.2	17.5	9.5	4.7
213	38627	Gulcha	73.45	40.32	1561	1986	5.0	5.8	7.1	16.7	20.7	23.9	29.5	28.3	26.5	18.8	8.7	2.3
213	38627	Gulcha	73.45	40.32	1561	1987	5.7	6.9	12.6	15.6	20.9	22.0	25.5	28.9	24.7	13.3	10.3	6.9
213	38627	Gulcha	73.45	40.32	1561	1988	4.1	6.0	10.0	19.2	20.0	27.1	29.8	28.0	25.6	17.7	15.5	7.1
213	38627	Gulcha	73.45	40.32	1561	1989	0.9	1.8	12.8	15.0	20.0	24.8	28.1	29.8	25.5	20.6	10.9	7.0
213	38627	Gulcha	73.45	40.32	1561	1990	2.3	3.1	11.1	17.0	24.5	-999.0	28.0	30.4	28.8	19.9	-999.0	-999.0
213	38741	Haidarkan	71.30	39.97	2000	1961	1.0	-2.9	4.3	11.8	20.0	22.5	25.9	23.4	20.5	10.5	6.6	1.8
213	38741	Haidarkan	71.30	39.97	2000	1962	-1.0	2.6	9.6	10.9	15.7	21.2	26.5	24.2	17.6	11.5	0.9	1.1
213	38741	Haidarkan	71.30	39.97	2000	1963	3.2	4.4	7.0	-999.0	16.0	22.2	23.6	23.4	19.4	14.9	6.1	3.4
213	38741	Haidarkan	71.30	39.97	2000	1964	-4.6	0.2	6.5	10.1	15.9	21.7	23.2	23.7	19.3	11.0	7.7	0.0
213	38741	Haidarkan	71.30	39.97	2000	1965	1.1	-0.6	3.6	11.6	18.1	21.8	24.9	23.7	18.4	13.7	7.4	4.7
213	38741	Haidarkan	71.30	39.97	2000	1966	6.0	4.3	4.4	10.5	15.6	23.8	25.0	23.7	19.4	10.6	5.9	1.3
213	38741	Haidarkan	71.30	39.97	2000	1967	-0.8	0.5	6.1	11.4	14.7	21.6	24.1	24.4	19.4	10.8	6.3	3.0
213	38741	Haidarkan	71.30	39.97	2000	1968	1.3	0.2	6.0	11.7	14.6	20.9	24.8	25.0	20.5	12.8	6.7	0.2
213	38741	Haidarkan	71.30	39.97	2000	1969	-4.3	-2.2	6.8	11.8	15.7	21.0	23.0	23.6	17.8	11.9	5.7	4.6
213	38741	Haidarkan	71.30	39.97	2000	1970	-0.2	2.9	4.0	13.5	18.6	22.5	22.9	25.1	19.1	13.6	9.7	1.8
213	38741	Haidarkan	71.30	39.97	2000	1971	0.0	3.2	8.6	12.8	18.4	24.5	25.2	24.2	18.8	14.1	9.3	6.4
213	38741	Haidarkan	71.30	39.97	2000	1972	-2.0	-4.0	3.7	11.6	15.9	20.4	21.5	21.8	19.3	13.6	9.7	-0.4
213	38741	Haidarkan	71.30	39.97	2000	1973	-2.8	3.7	4.3	12.9	16.7	24.9	27.5	25.5	18.9	14.6	11.2	5.0
213	38741	Haidarkan	71.30	39.97	2000	1974	-2.6	-1.2	6.0	14.5	17.5	22.4	25.2	21.8	18.4	12.8	7.8	0.3
213	38741	Haidarkan	71.30	39.97	2000	1975	0.4	0.9	5.4	12.5	16.3	23.3	26.6	25.4	19.9	12.4	4.5	2.8
213	38741	Haidarkan	71.30	39.97	2000	1976	2.9	-1.1	3.4	11.4	17.4	21.5	26.5	26.6	19.5	11.6	5.9	2.9
213	38741	Haidarkan	71.30	39.97	2000	1977	-3.6	2.4	9.4	15.4	17.7	23.9	26.0	24.6	20.4	12.3	8.9	2.0
213	38741	Haidarkan	71.30	39.97	2000	1978	-0.5	0.9	4.3	14.4	17.7	22.7	26.7	24.5	21.4	13.7	3.6	5.4
213	38741	Haidarkan	71.30	39.97	2000	1979	1.5	3.5	4.0	12.1	13.4	21.8	26.6	23.9	19.6	15.9	7.6	3.6
213	38741	Haidarkan	71.30	39.97	2000	1980	-0.8	-1.4	3.4	13.9	17.8	22.2	26.5	24.3	20.2	13.2	9.0	5.7
213	38741	Haidarkan	71.30	39.97	2000	1981	1.4	1.4	7.4	12.5	17.7	19.6	23.0	21.2	18.7	9.4	8.0	3.4
213	38741	Haidarkan	71.30	39.97	2000	1982	1.4	-0.9	3.3	13.6	18.6	22.2	24.2	23.2	17.2	11.4	2.7	1.9
213	38741	Haidarkan	71.30	39.97	2000	1983	0.1	2.6	3.3	11.0	17.2	21.2	26.0	26.5	18.9	12.4	9.5	1.7
213	38741	Haidarkan	71.30	39.97	2000	1984	-2.0	-5.1	5.6	12.0	17.0	23.6	27.5	28.0	18.3	11.7	6.3	-3.5
213	38741	Haidarkan	71.30	39.97	2000	1985	0.0	3.8	2.2	14.6	16.8	23.2	26.4	23.2	20.7	12.0	6.4	3.0
213	38741	Haidarkan	71.30	39.97	2000	1986	1.5	2.5	1.7	11.4	17.0	20.9	25.6	26.1	21.3	14.1	6.1	1.5
213	38741	Haidarkan	71.30	39.97	2000	1987	2.8	3.9	7.6	10.1	16.8	19.6	21.7	25.3	19.5	8.7	8.1	6.5
213	38741	Haidarkan	71.30	39.97	2000	1988	2.1	3.0	5.0	13.3	14.7	22.6	25.9	23.4	19.8	11.6	10.9	5.0
213	38741	Haidarkan	71.30	39.97	2000	1989	-1.8	-3.2	6.2	9.7	14.5	21.3	24.2	24.4	19.3	14.3	6.2	4.5
213	38741	Haidarkan	71.30	39.97	2000	1990	-0.2	1.4	4.3	10.6	18.7	24.3	23.3	24.9	21.8	13.1	-999.0	-999.0
213	38722	Isfana	69.52	39.83	1300	1961	4.8	1.9	10.0	15.2	24.6	26.5	28.8	27.0	23.7	14.1	11.0	7.1
213	38722	Isfana	69.52	39.83	1300	1962	3.0	7.2	14.2	15.0	19.8	25.5	29.7	27.2	20.9	15.4	4.8	4.8
213	38722	Isfana	69.52	39.83	1300	1963	8.6	9.7	11.0	-999.0	20.0	26.9	27.5	26.4	22.7	18.6	10.9	7.1
213	38722	Isfana	69.52	39.83	1300	1964	-0.2	3.9	10.7	13.2	19.8	26.0	27.3	27.4	22.7	14.6	12.4	3.0
213	38722	Isfana	69.52	39.83	1300	1965	4.1	3.2	8.5	15.6	23.3	26.5	29.1	27.5	21.7	17.2	12.3	8.1
213	38722	Isfana	69.52	39.83	1300	1966	9.9	9.6	8.4	14.8	20.1	28.4	28.6	27.8	23.1	14.7	9.9	6.8
213	38722	Isfana	69.52	39.83	1300	1967	5.4	3.9	10.7	15.3	19.5	26.2	28.7	27.8	23.4	15.3	11.7	7.8
213	38722	Isfana	69.52	39.83	1300	1968	5.9	7.1	10.4	14.8	19.8	26.5	29.0	28.3	23.9	16.8	10.7	3.8
213	38722	Isfana	69.52	39.83	1300	1969	-2.4	-0.5	9.5	14.5	19.2	24.8	26.5	26.8	22.1	16.2	9.0	9.1
213	38722	Isfana	69.52	39.83	1300	1970	3.1	8.2	8.4	16.6	22.4	25.8	27.4	28.5	22.6	17.8	13.5	4.4
213	38722	Isfana	69.52	39.83	1300	1971	2.5	4.8	12.2	16.0	24.1	30.8	31.4	29.3	24.4	19.3	14.2	8.7
213	38722	Isfana	69.52	39.83	1300	1972	-2.4	-2.6	5.5	15.8	18.9	24.6	25.8	25.4	22.6	17.7	14.3	-999.0
213	38722	Isfana	69.52	39.83	1300	1973	-1.3	6.7	7.0	17.0	20.9	27.9	30.6	28.4	22.0	18.5	14.6	7.7
213	38722	Isfana	69.52	39.83	1300	1974	-1.3	0.4	9.6	16.5	21.4	26.3	29.2	25.8	22.6	17.1	11.1	3.6
213	38722	Isfana	69.52	39.83	1300	1975	3.6	2.7	8.7	15.6	21.0	27.4	30.2	28.2	23.0	15.9	6.7	3.6
213	38722	Isfana	69.52	39.83	1300	1976	4.7	-0.1	5.2	15.6	21.9	25.6	29.6	30.1	22.8	15.0	8.3	5.0
213	38722	Isfana	69.52	39.83	1300	1977	-2.9	4.9	13.5	19.8	22.1	28.4	28.9	27.2	24.0	15.8	12.2	3.7
213	38722	Isfana	69.52	39.83	1300	1978	2.0	2.9	7.3	17.4	20.8	26.4	29.4	27.5	25.6	18.2	5.7	7.8
213	38722	Isfana	69.52	39.83	1300	1979	2.7	6.5	8.2	16.5	17.5	26.2	30.3	27.4	22.9	21.0	11.0	7.8
213	38722	Isfana	69.52	39.83	1300	1980	2.0	0.8	7.6	18.1	21.6	26.2	30.5	26.6	23.8	16.2	13.1	8.8
213	38722	Isfana	69.52	39.83	1300	1981	4.3	4.1	11.2	15.7	20.5	24.0	27.3	25.3	22.7	13.3	11.4	6.1
213	38722	Isfana	69.52	39.83	1300	1982	3.8	1.8	6.3	17.8	22.2	25.6	27.9	26.6	20.9	15.4	4.6	4.4
213	38722	Isfana	69.52	39.83	1300	1983	2.0	6.6	6.7	15.7	20.5	25.7	30.4	29.5	22.2	16.3	13.3	4.5
213	38722	Isfana	69.52	39.83	1300	1984	1.9	-2.3	8.3	15.1	20.0	27.1	31.0	30.7	21.7	15.5	10.1	-2.3
213	38722	Isfana	69.52	39.83	1300	1985	1.7	5.2	6.1	18.3	20.3	27.4	29.3	25.8	24.4	15.3	10.5	4.7
213	38722	Isfana	69.52	39.83	1300	1986	5.3	6.2	5.3	15.2	21.9	25.5	29.1	27.1	24.9	18.3	9.3	3.4
213	38722	Isfana	69.52	39.83	1300	1987	5.8	6.8	11.0	13.4	20.5	24.3	26.1	28.9	22.5	11.1	11.1	9.2
213	38722	Isfana	69.52	39.83	1300	1988	3.2	4.7	7.8	17.4	18.6	27.4	29.8	26.8	23.0	15.7	15.1	8.4
213	38722	Isfana	69.52	39.83	1300	1989	-0.3	-0.7	9.8	13.9	18.2	25.6	28.5	27.6	22.6	18.9	9.4	7.8
213	38722	Isfana	69.52	39.83	1300	1990	1.9	3.7	8.7	14.4	22.1	28.8	27.7	28.5	25.2	16.8	-999.0	-999.0
213	36919	Kochkorka	75.70	42.20	1810	1961	-6.0	-1.8	8.3	16.1	21.9	23.0	24.5	23.8	21.7	13.0	6.8	0.1
213	36919	Kochkorka	75.70	42.20	1810	1962	0.0	5.7	13.1	14.8	17.8	21.8	25.2	24.5	19.4	14.0	2.2	1.6
213	36919	Kochkorka	75.70	42.20	1810	1963	0.7	5.3	9.5	-999.0	18.7	22.8	23.9	23.3	21.6	15.3	5.5	2.9
213	36919	Kochkorka	75.70	42.20	1810	1964	-2.5	3.0	10.2	13.8	14.1	21.7	21.8	24.2	19.5	13.7	6.6	-5.1
213	36919	Kochkorka	75.70	42.20	1810	1965	-3.7	1.4	6.9	15.1	19.2	22.0	24.0	23.8	19.3	15.7	6.7	1.7
213	36919	Kochkorka	75.70	42.20	1810	1966	3.2	5.8	6.8	13.3	17.2	24.2	24.3	23.7	20.1	12.6	3.7	-1.6
213	36919	Kochkorka	75.70	42.20	1810	1967	-4.2	1.7	9.2	15.8	18.1	22.0	23.4	23.6	20.8	13.3	5.6	1.7
213	36919	Kochkorka	75.70	42.20	1810	1968	0.9	4.7	9.8	13.4	17.9	21.9	24.3	24.7	21.4	14.9	7.6	-2.0
213	36919	Kochkorka	75.70	42.20	1810	1969	-3.2	0.1	9.6	14.8	19.9	21.5	24.1	24.0	19.4	15.0	7.8	4.2
213	36919	Kochkorka	75.70	42.20	1810	1970	-0.1	4.9	7.7	15.1	19.6	22.0	22.7	24.3	21.2	14.7	8.3	1.1
213	36919	Kochkorka	75.70	42.20	1810	1971	-0.2	2.3	10.2	15.8	19.2	23.1	23.7	24.9	19.1	15.6	8.3	4.9
213	36919	Kochkorka	75.70	42.20	1810	1972	0.3	-1.2	8.2	14.7	19.8	26.0	22.1	30.2	19.9	15.0	7.8	0.4
213	36919	Kochkorka	75.70	42.20	1810	1973	0.0	3.1	6.4	16.6	18.2	23.3	26.9	25.8	21.2	14.8	9.0	2.0
213	36919	Kochkorka	75.70	42.20	1810	1974	-1.4	0.8	8.9	16.7	18.7	20.9	23.8	22.1	19.6	13.9	7.7	-2.2
213	36919	Kochkorka	75.70	42.20	1810	1975	-0.4	2.1	9.2	16.1	17.5	21.5	24.8	23.4	-999.0	15.5	5.0	0.4
213	36919	Kochkorka	75.70	42.20	1810	1976	1.6	2.2	7.4	15.6	19.6	21.5	24.8	25.3	19.4	13.0	4.6	-3.1
213	36919	Kochkorka	75.70	42.20	1810	1977	-4.2	2.1	9.6	16.2	18.7	24.1	24.1	24.9	21.5	14.1	8.9	1.2
213	36919	Kochkorka	75.70	42.20	1810	1978	-1.4	0.3	6.2	16.7	20.4	22.6	25.6	25.0	22.2	14.8	5.1	2.8
213	36919	Kochkorka	75.70	42.20	1810	1979	-0.3	4.1	6.9	13.0	16.8	21.7	25.5	24.1	19.4	17.1	6.8	3.0
213	36919	Kochkorka	75.70	42.20	1810	1980	-0.5	2.6	7.7	15.8	20.4	22.0	26.2	24.0	20.7	15.6	9.2	4.0
213	36919	Kochkorka	75.70	42.20	1810	1981	1.6	3.4	10.6	15.9	18.9	21.1	23.3	22.3	20.1	12.6	6.2	1.0
213	36919	Kochkorka	75.70	42.20	1810	1982	0.8	2.3	9.0	17.5	20.5	22.4	23.7	22.9	19.2	13.2	3.2	-2.3
213	36919	Kochkorka	75.70	42.20	1810	1983	-2.1	3.8	7.5	15.0	18.1	21.1	24.6	27.7	21.4	15.2	8.1	1.6
213	36919	Kochkorka	75.70	42.20	1810	1984	-3.3	-3.1	9.0	13.7	18.7	23.1	26.2	28.3	19.2	-999.0	7.8	-999.0
213	36919	Kochkorka	75.70	42.20	1810	1985	0.2	4.9	6.2	17.4	18.7	22.6	25.6	-999.0	21.4	-999.0	4.1	-1.9
213	36919	Kochkorka	75.70	42.20	1810	1986	-2.2	3.2	5.5	13.4	18.3	20.6	24.2	23.9	22.0	16.1	7.2	-0.7
213	36919	Kochkorka	75.70	42.20	1810	1987	1.1	4.0	9.1	13.9	18.8	19.1	23.5	26.7	21.7	11.0	6.6	0.3
213	36919	Kochkorka	75.70	42.20	1810	1988	-1.8	1.8	7.4	16.5	16.5	23.3	25.5	23.4	20.1	13.5	9.7	2.5
213	36919	Kochkorka	75.70	42.20	1810	1989	-4.0	0.3	9.3	11.9	16.4	20.5	23.7	23.7	21.0	15.8	5.9	2.5
213	36919	Kochkorka	75.70	42.20	1810	1990	2.4	3.8	9.1	14.6	21.0	26.1	23.4	24.9	24.4	-999.0	-999.0	-999.0
213	36974	Naryn	76.00	41.40	2039	1925	-999.0	-999.0	-999.0	-999.0	-999.0	-999.0	-999.0	-999.0	20.6	14.3	-999.0	-999.0
213	36974	Naryn	76.00	41.40	2039	1926	-999.0	-999.0	-999.0	13.1	18.2	20.4	22.9	26.7	20.2	13.3	-999.0	-999.0
213	36974	Naryn	76.00	41.40	2039	1927	-999.0	-999.0	-999.0	15.4	17.4	21.4	25.7	24.6	18.7	15.5	-999.0	-999.0
213	36974	Naryn	76.00	41.40	2039	1928	-999.0	-999.0	-999.0	10.9	19.7	22.3	21.5	22.1	17.3	13.3	-999.0	-999.0
213	36974	Naryn	76.00	41.40	2039	1929	-999.0	-999.0	0.2	15.6	16.6	20.6	24.1	22.8	-999.0	-999.0	-999.0	-999.0
213	36974	Naryn	76.00	41.40	2039	1930	-999.0	-999.0	-999.0	-999.0	-999.0	-999.0	-999.0	-999.0	-999.0	-999.0	-999.0	-999.0
213	36974	Naryn	76.00	41.40	2039	1931	-10.4	-12.0	-1.7	14.2	15.5	19.8	21.4	24.1	22.1	14.1	1.9	-7.8
213	36974	Naryn	76.00	41.40	2039	1932	-8.8	-10.3	4.2	15.5	16.8	21.2	25.3	21.6	19.1	11.1	1.8	-9.3
213	36974	Naryn	76.00	41.40	2039	1933	-13.6	-7.5	-0.4	13.1	19.4	21.2	25.6	27.2	21.1	10.9	3.2	-5.8
213	36974	Naryn	76.00	41.40	2039	1934	-999.0	-999.0	-3.6	9.3	14.4	21.2	21.7	22.3	16.7	11.9	-0.1	-4.1
213	36974	Naryn	76.00	41.40	2039	1935	-12.9	-8.0	1.6	10.7	17.0	20.7	24.3	26.0	18.7	12.9	-1.6	-14.4
213	36974	Naryn	76.00	41.40	2039	1936	-999.0	-8.4	-999.0	10.7	19.1	21.8	23.9	23.3	22.2	15.8	4.4	-5.8
213	36974	Naryn	76.00	41.40	2039	1937	-11.5	-4.6	1.0	10.9	17.8	20.5	24.5	24.3	20.5	-999.0	-999.0	-8.2
213	36974	Naryn	76.00	41.40	2039	1938	-9.2	-5.6	-2.4	16.3	21.1	20.5	24.4	24.6	18.5	-999.0	4.7	-5.2
213	36974	Naryn	76.00	41.40	2039	1939	-10.9	-8.8	-0.9	11.6	20.9	21.9	26.0	26.4	21.8	14.3	4.7	-0.1
213	36974	Naryn	76.00	41.40	2039	1940	-3.6	-2.5	6.9	15.8	18.2	22.6	23.4	23.6	19.1	13.6	1.8	-4.1
213	36974	Naryn	76.00	41.40	2039	1941	-8.5	-2.6	4.4	14.9	20.5	23.8	24.3	25.6	21.2	16.3	1.5	-8.1
213	36974	Naryn	76.00	41.40	2039	1942	-11.1	-9.8	0.6	14.1	17.2	22.6	25.0	24.9	20.4	13.8	4.1	-4.4
213	36974	Naryn	76.00	41.40	2039	1943	-4.7	-2.2	2.5	9.6	18.4	20.7	27.0	24.8	22.0	12.2	-1.0	-8.0
213	36974	Naryn	76.00	41.40	2039	1944	-14.8	-9.1	3.8	14.2	20.1	19.1	27.6	26.1	20.4	10.2	-1.6	-12.0
213	36974	Naryn	76.00	41.40	2039	1945	-12.0	-11.0	-3.8	10.3	18.6	21.2	24.7	24.0	21.2	15.6	2.4	-8.8
213	36974	Naryn	76.00	41.40	2039	1946	-8.2	-3.5	1.9	15.8	19.3	20.0	23.4	23.5	21.3	16.6	1.4	-8.0
213	36974	Naryn	76.00	41.40	2039	1947	-10.8	-5.5	8.7	16.2	19.5	20.8	25.0	25.7	20.7	9.9	4.4	-8.9
213	36974	Naryn	76.00	41.40	2039	1948	-10.2	-6.6	1.4	12.0	17.3	20.4	25.5	25.3	19.9	14.2	2.5	-9.0
213	36974	Naryn	76.00	41.40	2039	1949	-9.2	-5.6	2.9	13.0	17.8	18.7	24.2	22.1	17.2	13.1	-0.1	-9.3
213	36974	Naryn	76.00	41.40	2039	1950	-9.5	-10.2	3.0	11.1	18.8	21.6	24.7	25.9	20.5	12.1	-999.0	-14.5
213	36974	Naryn	76.00	41.40	2039	1951	-10.3	-9.0	-0.2	11.3	19.4	20.0	22.3	23.6	21.9	12.9	-1.5	-8.3
213	36974	Naryn	76.00	41.40	2039	1952	-12.2	-7.0	0.0	11.9	17.6	20.4	24.0	24.7	19.7	13.4	2.0	-10.5
213	36974	Naryn	76.00	41.40	2039	1953	-13.8	-5.7	-0.2	8.3	19.7	20.7	25.8	22.8	21.8	9.7	-2.2	-10.5
213	36974	Naryn	76.00	41.40	2039	1954	-12.8	-7.7	-0.7	15.0	16.1	19.2	21.3	21.7	19.7	13.7	2.8	-13.2
213	36974	Naryn	76.00	41.40	2039	1955	-12.6	-5.7	1.6	9.4	17.9	22.4	22.9	25.8	18.6	13.7	0.3	-5.7
213	36974	Naryn	76.00	41.40	2039	1956	-14.5	-6.7	-0.9	12.0	19.2	19.5	28.7	25.5	21.5	14.5	6.9	-8.1
213	36974	Naryn	76.00	41.40	2039	1957	-10.4	-11.9	3.0	12.1	15.5	20.5	21.8	23.6	19.3	13.8	1.8	-6.5
213	36974	Naryn	76.00	41.40	2039	1958	-10.0	-5.7	6.5	13.7	15.9	21.2	25.5	22.6	21.5	12.9	0.5	-4.7
213	36974	Naryn	76.00	41.40	2039	1959	-11.3	-9.4	-0.4	14.0	16.2	21.4	23.8	24.4	25.2	14.7	1.3	-7.1
213	36974	Naryn	76.00	41.40	2039	1960	-12.7	-4.5	-0.5	11.4	15.5	21.0	24.7	27.0	19.1	13.9	-0.1	-11.1
213	36974	Naryn	76.00	41.40	2039	1961	-12.2	-9.0	1.0	15.7	22.2	23.6	26.2	25.1	21.6	10.0	2.6	-5.5
213	36974	Naryn	76.00	41.40	2039	1962	-12.4	-4.2	9.9	14.9	17.0	21.3	24.6	24.9	19.3	13.1	-1.8	-8.8
213	36974	Naryn	76.00	41.40	2039	1963	-11.3	-6.2	3.2	14.5	19.1	22.1	22.9	24.2	20.3	13.1	1.2	-7.9
213	36974	Naryn	76.00	41.40	2039	1964	-14.5	-7.6	2.9	11.9	15.9	20.8	21.6	24.0	19.5	11.8	3.3	-6.4
213	36974	Naryn	76.00	41.40	2039	1965	-6.0	-7.6	2.4	14.6	18.9	21.1	23.8	23.7	19.4	13.4	0.8	-7.0
213	36974	Naryn	76.00	41.40	2039	1966	-5.7	-5.9	-0.3	10.7	15.9	23.3	23.5	23.3	19.7	11.2	0.9	-7.6
213	36974	Naryn	76.00	41.40	2039	1967	-14.6	-7.9	3.8	14.9	17.0	21.0	22.7	23.9	20.2	11.1	1.0	-5.2
213	36974	Naryn	76.00	41.40	2039	1968	-9.0	-5.8	6.9	12.9	16.3	20.8	24.5	25.9	20.7	12.0	1.9	-10.4
213	36974	Naryn	76.00	41.40	2039	1969	-12.4	-12.5	1.2	10.1	18.3	19.9	22.0	24.6	18.0	12.3	4.9	-3.4
213	36974	Naryn	76.00	41.40	2039	1970	-10.8	-2.8	3.2	14.1	19.2	22.1	22.5	24.9	20.9	13.3	4.0	-7.7
213	36974	Naryn	76.00	41.40	2039	1971	-14.7	-7.3	2.9	15.8	17.8	22.8	24.7	25.3	19.0	14.6	5.0	-1.8
213	36974	Naryn	76.00	41.40	2039	1972	-8.3	-10.9	1.5	13.6	18.5	19.8	21.4	22.4	19.8	12.3	2.3	-7.2
213	36974	Naryn	76.00	41.40	2039	1973	-9.4	-5.0	0.4	14.1	16.6	21.6	26.8	26.7	20.3	13.6	7.0	-1.9
213	36974	Naryn	76.00	41.40	2039	1974	-8.1	-5.9	4.6	17.5	18.6	21.4	24.0	22.6	18.8	13.2	3.4	-9.8
213	36974	Naryn	76.00	41.40	2039	1975	-12.1	-6.9	4.0	15.3	15.8	21.0	25.1	25.6	19.8	13.1	0.0	-6.7
213	36974	Naryn	76.00	41.40	2039	1976	-3.7	-4.9	3.6	14.5	19.2	21.8	25.8	26.2	18.5	11.1	-1.5	-8.5
213	36974	Naryn	76.00	41.40	2039	1977	-11.0	-10.4	3.3	15.3	17.6	23.7	25.8	26.1	21.7	12.1	4.5	-6.4
213	36974	Naryn	76.00	41.40	2039	1978	-12.2	-9.5	0.9	15.5	19.8	23.0	27.5	26.4	22.1	13.2	1.5	-5.1
213	36974	Naryn	76.00	41.40	2039	1979	-11.8	-6.2	1.0	12.2	16.0	21.5	26.3	25.1	19.6	16.3	5.1	-1.4
213	36974	Naryn	76.00	41.40	2039	1980	-6.8	-3.9	3.0	14.1	19.4	21.0	26.1	25.0	21.0	14.9	5.8	-3.7
213	36974	Naryn	76.00	41.40	2039	1981	-5.0	-3.6	5.4	13.6	19.0	20.4	24.3	22.2	18.9	10.7	2.2	-6.6
213	36974	Naryn	76.00	41.40	2039	1982	-7.9	-5.0	5.6	16.5	19.8	22.1	23.7	23.8	18.4	12.3	-2.9	-11.4
213	36974	Naryn	76.00	41.40	2039	1983	-9.5	-6.3	2.6	13.4	17.4	19.8	24.4	27.6	19.9	13.5	4.9	-3.1
213	36974	Naryn	76.00	41.40	2039	1984	-5.8	-8.6	1.8	-999.0	18.0	23.6	27.0	29.7	19.1	12.9	2.3	-15.0
213	36974	Naryn	76.00	41.40	2039	1985	-11.8	-6.9	-0.8	15.7	17.6	22.1	26.4	24.7	21.6	13.1	-1.7	-6.3
213	36974	Naryn	76.00	41.40	2039	1986	-8.7	-4.9	0.4	12.0	17.5	19.3	24.6	24.1	22.4	13.4	2.4	-8.8
213	36974	Naryn	76.00	41.40	2039	1987	-9.4	-5.4	4.8	12.0	16.9	18.0	22.3	26.3	21.4	8.4	-3.4	-6.6
213	36974	Naryn	76.00	41.40	2039	1988	-9.2	-7.6	1.2	14.3	15.9	22.6	25.9	24.1	20.5	12.3	6.8	-3.1
213	36974	Naryn	76.00	41.40	2039	1989	-8.8	-5.2	5.7	11.1	16.3	18.9	24.2	24.0	20.5	14.4	-0.4	-5.1
213	36974	Naryn	76.00	41.40	2039	1990	-8.0	-5.2	0.0	12.0	20.6	25.4	24.5	25.6	24.2	13.9	5.3	-4.3
213	36974	Naryn	76.00	41.40	2039	1991	-8.2	-7.2	1.7	14.2	18.6	21.0	24.5	24.4	21.8	14.1	5.9	-6.1
213	36974	Naryn	76.00	41.40	2039	1992	-999.0	-999.0	-999.0	-999.0	-999.0	-999.0	-999.0	-999.0	-999.0	-999.0	-999.0	-999.0
213	36974	Naryn	76.00	41.40	2039	1993	-999.0	-999.0	-999.0	-999.0	-999.0	-999.0	-999.0	-999.0	-999.0	-999.0	-999.0	-999.0
213	36974	Naryn	76.00	41.40	2039	1994	-11.9	-9.0	2.7	8.8	18.5	23.5	26.5	26.8	18.9	15.1	5.0	-7.0
213	36974	Naryn	76.00	41.40	2039	1995	-11.7	-8.4	2.5	12.5	18.2	21.0	25.4	26.0	22.7	13.5	7.1	-2.9
213	36974	Naryn	76.00	41.40	2039	1996	-7.7	-5.3	1.9	10.8	15.7	20.6	24.0	24.9	22.7	13.0	3.7	-1.5
213	36974	Naryn	76.00	41.40	2039	1997	-5.1	-3.6	8.3	20.1	18.2	22.7	28.7	27.0	23.7	17.9	4.4	-4.5
213	36974	Naryn	76.00	41.40	2039	1998	-6.6	-4.0	3.1	14.6	16.9	21.2	25.3	24.5	23.3	-999.0	-999.0	-6.3
213	36974	Naryn	76.00	41.40	2039	1999	-10.5	-3.9	1.7	11.3	18.5	20.3	22.4	25.5	22.5	15.6	4.0	-2.1
213	36974	Naryn	76.00	41.40	2039	2000	-4.9	-3.3	7.5	13.9	20.3	21.3	23.9	25.5	21.0	10.2	2.3	-5.2
213	36974	Naryn	76.00	41.40	2039	2001	-7.1	-3.4	7.8	14.3	20.8	24.7	25.3	24.0	20.0	12.4	6.9	-8.1
213	36974	Naryn	76.00	41.40	2039	2002	-8.9	-4.8	5.7	13.6	17.7	22.9	24.4	27.5	20.9	15.7	7.8	-5.2
213	36974	Naryn	76.00	41.40	2039	2003	-8.5	-6.0	-1.4	9.0	16.5	21.1	23.6	25.0	21.2	13.0	2.0	-8.8
213	36948	Przhevalsk	78.40	42.40	1716	1961	-1.7	-1.4	5.4	15.3	21.3	22.7	23.9	22.7	21.1	11.9	4.8	0.2
213	36948	Przhevalsk	78.40	42.40	1716	1962	-1.9	1.4	11.4	14.3	17.8	21.0	24.9	25.3	18.9	13.5	2.4	0.4
213	36948	Przhevalsk	78.40	42.40	1716	1963	-1.3	1.7	8.2	-999.0	18.0	22.7	23.9	22.4	20.6	14.1	6.4	2.7
213	36948	Przhevalsk	78.40	42.40	1716	1964	-2.7	-0.3	7.0	12.5	16.5	21.1	22.0	22.9	18.9	12.9	7.0	0.5
213	36948	Przhevalsk	78.40	42.40	1716	1965	0.9	0.6	6.5	14.7	18.7	21.7	23.3	24.1	19.3	14.6	5.9	3.3
213	36948	Przhevalsk	78.40	42.40	1716	1966	0.9	2.3	5.4	12.4	16.0	22.8	23.7	23.6	20.3	12.7	2.9	0.0
213	36948	Przhevalsk	78.40	42.40	1716	1967	-3.2	-1.4	5.6	14.9	18.2	21.3	23.3	22.6	19.6	12.6	4.5	3.9
213	36948	Przhevalsk	78.40	42.40	1716	1968	1.3	0.3	8.2	10.8	17.4	21.6	24.2	24.1	19.7	13.1	5.9	1.8
213	36948	Przhevalsk	78.40	42.40	1716	1969	-4.1	-4.1	4.8	13.1	18.8	20.0	23.2	23.3	18.8	13.9	7.2	3.8
213	36948	Przhevalsk	78.40	42.40	1716	1970	-1.8	-0.4	3.4	14.8	18.7	22.0	22.0	23.5	20.2	13.8	7.5	1.2
213	36948	Przhevalsk	78.40	42.40	1716	1971	-1.3	0.8	6.3	14.4	18.4	22.1	22.4	24.4	18.2	15.0	6.8	4.6
213	36948	Przhevalsk	78.40	42.40	1716	1972	-1.6	-2.7	6.5	13.7	18.9	21.5	21.8	22.3	18.8	13.2	7.5	0.2
213	36948	Przhevalsk	78.40	42.40	1716	1973	-2.4	-0.2	3.7	13.4	17.8	22.7	25.9	25.0	19.1	13.9	8.7	4.1
213	36948	Przhevalsk	78.40	42.40	1716	1974	-2.7	-1.0	5.1	16.0	19.0	21.2	24.6	22.4	18.8	12.7	4.8	-3.1
213	36948	Przhevalsk	78.40	42.40	1716	1975	-2.7	-1.6	7.1	14.9	16.2	21.7	24.8	23.4	19.5	13.6	4.2	-1.7
213	36948	Przhevalsk	78.40	42.40	1716	1976	0.0	0.0	5.0	14.8	19.1	21.0	24.3	24.9	19.0	12.5	3.6	0.1
213	36948	Przhevalsk	78.40	42.40	1716	1977	-4.1	-1.0	6.5	15.9	19.0	24.0	24.5	25.1	21.4	13.8	8.7	0.8
213	36948	Przhevalsk	78.40	42.40	1716	1978	-2.2	-2.1	5.3	16.3	20.8	22.2	25.3	25.4	22.1	15.0	5.1	2.1
213	36948	Przhevalsk	78.40	42.40	1716	1979	-1.8	1.1	5.2	13.0	16.8	20.6	23.8	24.6	18.9	17.0	7.4	3.8
213	36948	Przhevalsk	78.40	42.40	1716	1980	-1.5	0.1	5.1	15.2	20.2	21.7	26.4	23.8	20.3	15.8	9.5	3.5
213	36948	Przhevalsk	78.40	42.40	1716	1981	0.6	1.7	8.7	14.7	17.7	20.4	22.7	22.1	18.8	10.7	5.1	1.0
213	36948	Przhevalsk	78.40	42.40	1716	1982	0.4	-0.2	7.2	16.6	19.8	21.9	23.2	22.4	18.6	13.7	3.7	-1.0
213	36948	Przhevalsk	78.40	42.40	1716	1983	-1.7	0.0	5.2	14.4	17.7	20.5	24.6	26.7	19.8	13.7	6.8	0.4
213	36948	Przhevalsk	78.40	42.40	1716	1984	-2.0	-3.2	6.4	12.5	17.8	22.3	25.4	27.9	18.5	12.5	5.1	-3.4
213	36948	Przhevalsk	78.40	42.40	1716	1985	-1.3	0.8	3.1	15.5	17.9	22.4	25.1	23.1	21.1	13.9	4.2	0.1
213	36948	Przhevalsk	78.40	42.40	1716	1986	-1.2	0.5	3.9	13.5	17.6	20.5	24.2	23.8	21.6	14.5	6.1	0.3
213	36948	Przhevalsk	78.40	42.40	1716	1987	-1.5	1.2	6.4	12.4	17.5	18.6	22.6	26.1	20.8	8.1	5.4	1.6
213	36948	Przhevalsk	78.40	42.40	1716	1988	-0.2	-0.5	5.4	15.7	15.9	23.1	25.8	23.6	19.5	11.8	7.9	4.5
213	36948	Przhevalsk	78.40	42.40	1716	1989	-1.5	-1.4	7.5	11.3	16.0	20.4	24.0	24.4	20.2	14.7	4.9	3.1
213	36948	Przhevalsk	78.40	42.40	1716	1990	-0.4	0.2	6.8	14.5	20.3	26.0	22.9	24.7	23.5	14.7	7.9	-999.0
213	36927	Rybach'e	76.18	42.47	1660	1961	1.2	1.1	6.1	13.9	20.5	22.2	24.3	23.9	20.6	12.4	6.6	2.8
213	36927	Rybach'e	76.18	42.47	1660	1962	0.8	4.0	10.6	13.4	16.9	21.1	25.6	24.8	19.0	13.7	3.3	2.9
213	36927	Rybach'e	76.18	42.47	1660	1963	1.7	4.1	7.7	-999.0	17.0	22.7	24.1	22.7	20.7	14.0	7.2	3.9
213	36927	Rybach'e	76.18	42.47	1660	1964	-0.3	2.9	8.2	11.9	16.1	21.0	21.4	23.1	18.6	12.9	6.6	1.4
213	36927	Rybach'e	76.18	42.47	1660	1965	1.8	2.4	5.5	13.5	18.1	21.8	23.6	23.9	18.4	13.9	7.6	3.4
213	36927	Rybach'e	76.18	42.47	1660	1966	3.1	4.9	6.0	11.8	15.7	23.1	23.9	23.9	19.8	12.6	5.3	2.1
213	36927	Rybach'e	76.18	42.47	1660	1967	0.3	1.5	7.4	13.9	17.8	21.9	23.8	23.0	19.8	12.8	6.6	4.4
213	36927	Rybach'e	76.18	42.47	1660	1968	1.9	2.0	8.0	11.3	16.8	21.8	24.5	24.5	19.7	13.7	7.2	3.1
213	36927	Rybach'e	76.18	42.47	1660	1969	-1.9	-0.8	6.4	13.0	18.3	21.0	24.2	24.4	19.1	13.8	8.3	6.0
213	36927	Rybach'e	76.18	42.47	1660	1970	1.7	3.6	6.8	13.2	18.5	21.5	22.8	23.3	20.0	13.5	9.0	3.3
213	36927	Rybach'e	76.18	42.47	1660	1971	1.3	2.1	7.4	16.5	17.8	22.4	23.2	24.0	18.0	14.0	8.0	5.7
213	36927	Rybach'e	76.18	42.47	1660	1972	-0.3	-1.6	6.1	12.2	17.9	21.3	22.4	22.3	18.9	14.1	8.3	2.7
213	36927	Rybach'e	76.18	42.47	1660	1973	0.0	2.5	5.0	14.1	17.3	21.5	26.0	25.9	19.0	13.7	8.6	4.4
213	36927	Rybach'e	76.18	42.47	1660	1974	-0.6	-0.2	6.8	14.4	17.6	20.6	23.6	22.0	18.8	13.2	7.4	-0.1
213	36927	Rybach'e	76.18	42.47	1660	1975	0.8	1.2	7.6	14.8	16.8	21.4	23.9	23.0	19.1	13.2	4.6	2.0
213	36927	Rybach'e	76.18	42.47	1660	1976	3.3	1.4	6.4	13.8	17.8	21.8	24.7	24.7	18.3	12.6	4.6	0.7
213	36927	Rybach'e	76.18	42.47	1660	1977	-1.9	1.8	7.2	14.8	17.5	24.4	24.6	24.1	20.9	13.8	9.3	2.8
213	36927	Rybach'e	76.18	42.47	1660	1978	0.4	0.6	5.5	15.4	19.7	22.0	24.9	25.1	21.8	14.8	6.6	4.7
213	36927	Rybach'e	76.18	42.47	1660	1979	1.4	3.3	5.4	11.9	16.1	20.3	24.4	23.9	18.9	15.9	7.6	5.4
213	36927	Rybach'e	76.18	42.47	1660	1980	1.4	2.4	5.9	13.7	19.1	20.8	25.6	23.3	20.2	15.3	9.9	5.7
213	36927	Rybach'e	76.18	42.47	1660	1981	2.7	2.7	8.6	13.9	17.5	20.3	23.6	22.6	18.8	12.2	6.1	2.9
213	36927	Rybach'e	76.18	42.47	1660	1982	1.8	1.8	7.1	14.7	18.9	21.6	23.9	22.7	18.3	12.8	5.1	1.7
213	36927	Rybach'e	76.18	42.47	1660	1983	0.5	3.2	5.6	13.4	16.8	20.4	25.0	26.0	20.2	13.5	8.0	3.0
213	36927	Rybach'e	76.18	42.47	1660	1984	-0.4	-1.8	6.6	11.3	16.7	22.7	25.9	27.4	18.9	12.8	7.3	-1.9
213	36927	Rybach'e	76.18	42.47	1660	1985	1.4	3.3	4.4	14.4	16.4	22.1	25.2	23.2	20.4	14.0	5.7	2.7
213	36927	Rybach'e	76.18	42.47	1660	1986	1.4	2.4	3.5	12.4	16.6	20.0	23.2	23.5	20.9	14.5	7.2	2.0
213	36927	Rybach'e	76.18	42.47	1660	1987	1.6	2.8	7.6	11.5	17.3	19.0	23.0	26.0	20.2	9.6	6.5	3.7
213	36927	Rybach'e	76.18	42.47	1660	1988	2.3	2.1	6.3	14.9	15.7	23.0	25.7	22.9	19.2	13.0	9.5	4.8
213	36927	Rybach'e	76.18	42.47	1660	1989	-0.2	0.1	7.5	10.5	14.7	19.7	24.0	23.3	19.7	14.5	6.6	5.2
213	36927	Rybach'e	76.18	42.47	1660	1990	2.0	3.1	7.0	13.6	19.7	25.4	22.7	24.4	23.0	14.9	-999.0	-999.0
213	38745	Sarytash	73.25	39.73	3153	1961	-9.6	-10.1	-2.9	3.6	12.5	14.8	19.3	18.0	15.8	5.3	-4.0	-9.8
213	38745	Sarytash	73.25	39.73	3153	1962	-10.1	-5.9	0.5	4.4	9.7	13.4	16.8	16.8	11.4	6.0	-6.0	-8.2
213	38745	Sarytash	73.25	39.73	3153	1963	-6.5	-3.6	-1.7	-999.0	11.2	14.8	16.2	18.2	14.0	8.6	-3.9	-7.6
213	38745	Sarytash	73.25	39.73	3153	1964	-13.2	-8.5	-0.8	1.6	6.7	13.0	15.1	17.9	13.9	6.5	-1.7	-8.3
213	38745	Sarytash	73.25	39.73	3153	1965	-7.5	-9.2	-3.2	3.1	10.1	13.2	16.4	15.2	12.8	8.0	-3.6	-8.7
213	38745	Sarytash	73.25	39.73	3153	1966	-6.9	-4.7	3.8	1.0	6.7	15.3	15.9	16.9	12.2	3.1	-2.8	-6.7
213	38745	Sarytash	73.25	39.73	3153	1967	-10.7	-8.2	-3.2	2.8	7.5	13.5	16.6	17.6	15.0	5.1	-2.7	-6.4
213	38745	Sarytash	73.25	39.73	3153	1968	-9.8	-8.7	-2.2	4.0	7.7	13.0	16.8	18.0	14.5	5.6	-3.1	-9.6
213	38745	Sarytash	73.25	39.73	3153	1969	-11.1	-999.0	-0.4	2.0	9.0	13.7	16.3	18.1	12.0	3.9	-3.5	-6.7
213	38745	Sarytash	73.25	39.73	3153	1970	-10.1	-6.8	-4.1	4.5	11.5	14.3	14.9	18.9	14.3	6.9	-1.0	-8.4
213	38745	Sarytash	73.25	39.73	3153	1971	-10.1	-7.8	-0.3	6.5	10.2	16.2	17.4	19.0	12.5	8.1	-0.9	-2.8
213	38745	Sarytash	73.25	39.73	3153	1972	-10.3	-11.8	-2.8	2.6	10.3	14.1	15.0	15.8	14.5	5.4	-0.1	-8.1
213	38745	Sarytash	73.25	39.73	3153	1973	-11.4	-5.5	-3.8	4.4	10.8	16.7	20.3	20.2	15.1	7.9	2.3	-6.3
213	38745	Sarytash	73.25	39.73	3153	1974	-11.4	-9.5	-3.2	7.8	11.4	13.0	16.8	15.5	13.1	4.5	-3.0	-10.0
213	38745	Sarytash	73.25	39.73	3153	1975	-9.6	-9.0	-2.8	4.8	7.8	13.0	17.0	18.6	-999.0	5.7	-5.9	-9.0
213	38745	Sarytash	73.25	39.73	3153	1976	-8.5	-8.9	-4.6	2.3	10.6	12.3	17.5	18.6	14.0	4.4	-4.4	-8.2
213	38745	Sarytash	73.25	39.73	3153	1977	-11.0	-7.9	-0.7	6.9	9.5	14.8	18.5	19.2	15.3	6.6	-2.8	-8.5
213	38745	Sarytash	73.25	39.73	3153	1978	-11.4	-7.7	-4.7	6.1	13.0	17.4	21.0	19.9	16.2	6.1	-5.9	-5.8
213	38745	Sarytash	73.25	39.73	3153	1979	-8.8	-6.3	-4.7	5.0	7.4	14.9	19.1	16.2	13.5	9.9	-0.8	-7.6
213	38745	Sarytash	73.25	39.73	3153	1980	-10.6	-8.7	-4.3	4.9	11.4	14.3	18.1	17.5	14.2	7.9	0.0	-4.8
213	38745	Sarytash	73.25	39.73	3153	1981	-9.1	-7.4	-2.0	3.8	11.0	13.0	15.6	14.2	12.5	3.9	-1.6	-8.1
213	38745	Sarytash	73.25	39.73	3153	1982	-9.0	-9.8	-3.6	4.5	11.1	13.7	16.8	16.4	12.0	5.9	-4.8	-7.5
213	38745	Sarytash	73.25	39.73	3153	1983	-8.8	-7.2	-4.9	4.0	11.0	11.8	16.0	20.1	13.7	6.9	0.9	-6.9
213	38745	Sarytash	73.25	39.73	3153	1984	-10.4	-10.6	-2.0	3.0	10.5	16.3	18.9	22.6	12.1	5.9	-2.3	-11.0
213	38745	Sarytash	73.25	39.73	3153	1985	-9.8	-5.2	-999.0	4.8	9.5	13.7	18.4	-999.0	14.5	-999.0	-3.7	-5.8
213	38745	Sarytash	73.25	39.73	3153	1986	-9.1	-6.0	-5.0	2.7	9.1	12.7	17.8	17.5	14.4	7.8	-2.7	-8.0
213	38745	Sarytash	73.25	39.73	3153	1987	-7.7	-5.4	-0.7	1.5	5.8	10.7	13.9	17.8	14.7	1.4	-2.3	-5.5
213	38745	Sarytash	73.25	39.73	3153	1988	-9.1	-7.4	-4.4	2.9	7.6	14.4	18.0	16.9	14.2	4.2	0.6	-4.5
213	38745	Sarytash	73.25	39.73	3153	1989	-11.5	-11.5	-2.5	1.0	8.7	12.4	15.4	16.4	13.5	7.4	-4.8	-6.3
213	38745	Sarytash	73.25	39.73	3153	1990	-8.8	-8.3	-3.7	1.4	12.0	16.0	16.0	17.5	16.7	7.0	0.6	-999.0
213	38358	Susamyr	74.00	42.20	2087	1961	-16.0	-13.3	-4.5	11.6	20.2	22.0	24.9	24.0	20.6	7.6	-6.8	-16.7
213	38358	Susamyr	74.00	42.20	2087	1962	-18.6	-12.0	-0.9	11.5	15.9	20.9	24.1	24.3	18.2	11.5	-6.3	-14.3
213	38358	Susamyr	74.00	42.20	2087	1963	-17.5	-9.6	-3.7	-999.0	16.6	20.2	21.7	23.0	19.5	12.3	-999.0	-12.5
213	38358	Susamyr	74.00	42.20	2087	1964	-21.3	-11.7	-2.5	5.8	15.3	19.4	20.8	22.7	18.8	11.3	3.0	-7.5
213	38358	Susamyr	74.00	42.20	2087	1965	-11.2	-12.2	-3.1	9.9	18.6	19.3	23.7	23.1	17.9	11.1	-8.6	-18.5
213	38358	Susamyr	74.00	42.20	2087	1966	-999.0	-999.0	-999.0	-999.0	-999.0	-999.0	-999.0	-999.0	-999.0	-999.0	-999.0	-999.0
213	38358	Susamyr	74.00	42.20	2087	1967	-999.0	-999.0	-999.0	-999.0	-999.0	-999.0	-999.0	-999.0	-999.0	-999.0	-999.0	-999.0
213	38358	Susamyr	74.00	42.20	2087	1968	-14.7	-13.7	-1.2	3.8	15.9	18.8	23.2	25.3	19.9	11.3	-1.8	-14.2
213	38358	Susamyr	74.00	42.20	2087	1969	-15.0	-15.6	1.1	3.1	14.9	19.8	21.4	23.7	17.6	9.3	2.1	-4.0
213	38358	Susamyr	74.00	42.20	2087	1970	-12.7	-6.4	-4.6	8.7	16.5	20.3	21.4	24.6	20.3	10.0	-0.6	-12.6
213	38358	Susamyr	74.00	42.20	2087	1971	-18.9	-11.4	-2.6	8.3	16.9	21.8	23.2	24.1	18.5	13.6	0.6	-8.1
213	38358	Susamyr	74.00	42.20	2087	1972	-13.6	-15.9	-2.5	5.6	16.6	17.9	19.0	21.7	19.4	12.2	-4.2	-13.0
213	38358	Susamyr	74.00	42.20	2087	1973	-16.3	-10.1	-999.0	-999.0	15.3	21.8	25.8	25.7	19.0	11.4	3.6	-3.5
213	38358	Susamyr	74.00	42.20	2087	1974	-12.5	-12.4	-0.2	13.9	18.1	20.7	23.1	-999.0	16.7	12.7	-0.7	-15.6
213	38358	Susamyr	74.00	42.20	2087	1975	-15.1	-11.1	-2.2	13.6	15.3	-999.0	24.0	24.7	18.9	11.2	-8.8	-13.8
213	38358	Susamyr	74.00	42.20	2087	1976	-11.6	-9.5	-3.2	7.6	17.0	20.3	24.9	26.8	18.5	7.8	-10.3	-15.4
213	38358	Susamyr	74.00	42.20	2087	1977	-999.0	-12.5	-999.0	-999.0	15.8	22.2	24.3	25.5	21.8	8.9	-2.4	-13.3
213	38358	Susamyr	74.00	42.20	2087	1978	-19.8	-999.0	-5.1	7.8	17.3	21.0	26.0	25.5	21.9	11.1	-2.9	-7.2
213	38358	Susamyr	74.00	42.20	2087	1979	-999.0	-10.5	-5.5	6.4	14.3	19.4	25.2	23.8	19.2	15.2	3.2	-4.5
213	38358	Susamyr	74.00	42.20	2087	1980	-11.5	-7.2	-2.7	9.4	17.0	19.7	25.6	23.7	19.5	12.8	3.2	-11.2
213	38358	Susamyr	74.00	42.20	2087	1981	-12.2	-8.5	-1.7	8.5	18.2	19.4	22.5	21.0	18.6	10.2	0.3	-9.3
213	38358	Susamyr	74.00	42.20	2087	1982	-9.6	-7.8	0.4	12.5	19.0	20.9	21.6	22.0	16.9	10.4	-5.2	-11.9
213	38358	Susamyr	74.00	42.20	2087	1983	-11.9	-10.4	-2.7	10.1	15.8	18.6	23.4	26.8	19.3	11.0	-0.8	-11.9
213	38358	Susamyr	74.00	42.20	2087	1984	-16.6	-11.9	-1.3	6.6	15.2	21.4	26.4	29.3	17.1	-999.0	-999.0	-999.0
213	38358	Susamyr	74.00	42.20	2087	1985	-16.1	-10.4	-5.3	6.5	16.1	20.2	24.7	23.3	20.7	-999.0	-4.0	-11.1
213	38358	Susamyr	74.00	42.20	2087	1986	-15.4	-10.4	-3.1	8.9	15.4	17.5	24.6	23.2	21.5	10.5	-0.3	-11.1
213	38358	Susamyr	74.00	42.20	2087	1987	-12.9	-9.0	-0.8	3.1	14.4	18.1	21.6	24.6	20.0	6.6	-5.4	-7.9
213	38358	Susamyr	74.00	42.20	2087	1988	-13.7	-12.8	-2.9	4.6	13.7	20.7	23.0	23.2	20.0	8.3	2.8	-8.9
213	38358	Susamyr	74.00	42.20	2087	1989	-15.6	-12.1	-3.7	7.1	15.0	18.4	21.9	22.8	18.6	11.1	-10.1	-11.5
213	38358	Susamyr	74.00	42.20	2087	1990	-14.6	-12.9	-6.0	2.5	16.5	23.1	21.3	23.5	23.0	11.7	-1.3	-999.0
213	36982	Tien-Shan	78.20	41.90	3614	1962	-14.7	-9.8	-3.5	0.8	4.8	7.7	10.5	11.2	5.6	1.0	-10.1	-11.3
213	36982	Tien-Shan	78.20	41.90	3614	1963	-10.9	-8.4	-3.8	0.7	6.3	8.9	10.4	10.6	7.4	0.0	-8.2	-11.3
213	36982	Tien-Shan	78.20	41.90	3614	1964	-16.8	-11.7	-3.8	0.3	2.0	7.0	9.0	9.8	4.5	0.9	-3.3	-9.6
213	36982	Tien-Shan	78.20	41.90	3614	1965	-9.5	-12.0	-4.9	1.3	5.1	7.9	10.1	10.1	5.6	1.6	-6.0	-11.8
213	36982	Tien-Shan	78.20	41.90	3614	1966	-999.0	-999.0	-999.0	-999.0	-999.0	-999.0	-999.0	-999.0	-999.0	-999.0	-999.0	-999.0
213	36982	Tien-Shan	78.20	41.90	3614	1967	-999.0	-999.0	-999.0	-999.0	-999.0	-999.0	-999.0	-999.0	-999.0	-999.0	-999.0	-999.0
213	36982	Tien-Shan	78.20	41.90	3614	1968	-999.0	-999.0	-999.0	-999.0	-999.0	-999.0	-999.0	-999.0	-999.0	-999.0	-999.0	-999.0
213	36982	Tien-Shan	78.20	41.90	3614	1969	-999.0	-999.0	-999.0	-999.0	-999.0	-999.0	-999.0	-999.0	-999.0	-999.0	-999.0	-999.0
213	36982	Tien-Shan	78.20	41.90	3614	1970	-13.9	-10.1	-7.3	1.5	5.3	8.1	11.7	13.1	8.4	3.7	-5.0	-12.3
213	36982	Tien-Shan	78.20	41.90	3614	1971	-15.0	-10.9	-3.6	1.8	4.1	9.5	10.9	12.4	5.7	2.0	-3.8	-9.8
213	36982	Tien-Shan	78.20	41.90	3614	1972	-13.3	-15.8	-3.6	0.6	7.0	8.1	8.3	-999.0	-999.0	-999.0	-6.9	-12.8
213	36982	Tien-Shan	78.20	41.90	3614	1973	-15.5	-10.6	-6.6	0.9	3.1	8.4	13.4	12.4	7.9	-0.6	-5.0	-10.9
213	36982	Tien-Shan	78.20	41.90	3614	1974	-13.9	-13.7	-5.9	3.5	5.6	7.8	10.9	7.7	5.4	-0.7	-8.2	-16.3
213	36982	Tien-Shan	78.20	41.90	3614	1975	-15.4	-11.2	-4.9	0.2	2.2	7.3	11.0	10.6	6.8	1.8	-7.1	-13.5
213	36982	Tien-Shan	78.20	41.90	3614	1976	-11.3	-10.9	-6.7	-0.1	5.4	6.8	11.4	11.5	4.6	0.4	-8.5	-14.1
213	36982	Tien-Shan	78.20	41.90	3614	1977	-14.2	-999.0	-5.3	0.6	5.0	10.1	10.4	12.6	8.4	2.3	-5.3	-11.5
213	36982	Tien-Shan	78.20	41.90	3614	1978	-15.7	-999.0	-5.3	3.0	7.3	9.7	12.9	12.1	8.9	0.4	-10.1	-9.8
213	36982	Tien-Shan	78.20	41.90	3614	1979	-14.5	-9.7	-7.7	-0.3	2.4	8.1	11.3	12.0	5.0	2.6	-4.0	-8.9
213	36982	Tien-Shan	78.20	41.90	3614	1980	-13.2	-10.0	-7.3	1.0	7.2	8.3	12.5	10.6	7.8	2.4	-2.6	-9.4
213	36982	Tien-Shan	78.20	41.90	3614	1981	-12.4	-9.5	-2.8	1.5	7.0	7.4	11.0	9.1	4.9	-2.9	-9.4	-14.4
213	36982	Tien-Shan	78.20	41.90	3614	1982	-13.0	-12.6	-5.8	0.4	5.3	7.8	10.1	9.5	4.2	1.4	-9.7	-15.0
213	36982	Tien-Shan	78.20	41.90	3614	1983	-14.0	-12.0	-7.3	-0.3	-999.0	-999.0	-999.0	13.7	6.1	1.5	-4.8	-10.6
213	36982	Tien-Shan	78.20	41.90	3614	1984	-13.8	-14.2	-4.5	-1.0	5.0	9.5	12.1	15.4	5.0	1.6	-5.1	-14.7
213	36982	Tien-Shan	78.20	41.90	3614	1985	-12.7	-9.4	-6.5	2.0	4.5	8.3	11.6	-999.0	7.6	-999.0	-5.9	-10.9
213	36982	Tien-Shan	78.20	41.90	3614	1986	-13.8	-10.3	-5.3	-0.8	3.7	6.8	12.0	11.1	7.7	0.5	-8.3	-12.9
213	36982	Tien-Shan	78.20	41.90	3614	1987	-13.3	-8.8	-4.1	-0.2	3.5	5.9	10.3	12.3	8.3	-3.2	-8.1	-10.1
213	36982	Tien-Shan	78.20	41.90	3614	1988	-13.2	-12.4	-6.6	0.2	3.8	9.2	12.9	10.5	6.7	-0.5	-4.9	-9.7
213	36982	Tien-Shan	78.20	41.90	3614	1989	-16.5	-13.9	-5.9	-3.3	4.4	6.8	10.6	11.1	7.1	1.8	-6.2	-8.7
213	36982	Tien-Shan	78.20	41.90	3614	1990	-11.7	-10.4	-5.8	-1.4	6.3	10.8	10.9	11.5	10.3	1.6	-999.0	-999.0
213	36982	Tien-Shan	78.20	41.90	3614	1991	-999.0	-999.0	-999.0	-999.0	-999.0	-999.0	-999.0	-999.0	-999.0	-999.0	-999.0	-999.0
213	36982	Tien-Shan	78.20	41.90	3614	1992	-999.0	-999.0	-999.0	-999.0	-999.0	-999.0	-999.0	-999.0	-999.0	-999.0	-999.0	-999.0
213	36982	Tien-Shan	78.20	41.90	3614	1993	-999.0	-999.0	-999.0	-999.0	-999.0	-999.0	-999.0	-999.0	-999.0	-999.0	-999.0	-999.0
213	36982	Tien-Shan	78.20	41.90	3614	1994	-16.9	-13.4	-999.0	-2.0	5.7	9.4	13.5	-999.0	-999.0	-999.0	-999.0	-999.0
213	36982	Tien-Shan	78.20	41.90	3614	1995	-17.9	-11.1	-5.4	-0.7	6.0	9.3	12.8	12.9	8.2	0.3	-2.4	-9.8
213	36982	Tien-Shan	78.20	41.90	3614	1996	-12.7	-9.2	-4.8	-0.5	3.8	8.5	11.7	10.6	10.1	1.6	-8.5	-10.8
213	36982	Tien-Shan	78.20	41.90	3614	1997	-11.9	-11.8	-3.0	5.0	4.9	9.0	14.4	13.3	10.1	5.0	-6.0	-9.9
213	36982	Tien-Shan	78.20	41.90	3614	1998	-12.7	-8.5	-6.1	2.5	4.6	9.6	12.2	10.9	-999.0	-999.0	-999.0	-999.0
213	36982	Tien-Shan	78.20	41.90	3614	1999	-999.0	-999.0	-999.0	-999.0	-999.0	-999.0	-999.0	11.2	9.1	2.1	-3.7	-8.7
213	36982	Tien-Shan	78.20	41.90	3614	2000	-12.0	-12.2	-5.6	0.6	6.7	8.0	10.5	10.5	6.3	-0.9	-7.3	-10.2
213	36982	Tien-Shan	78.20	41.90	3614	2001	-12.7	-8.6	-2.3	0.7	6.5	10.8	11.5	10.4	5.2	0.1	-2.9	-11.5
213	36982	Tien-Shan	78.20	41.90	3614	2002	-11.3	-7.7	-3.0	1.2	4.1	10.2	10.7	13.1	6.2	1.7	-4.6	-11.3
213	36982	Tien-Shan	78.20	41.90	3614	2003	-10.3	-10.2	-5.9	-1.9	3.1	8.6	10.9	11.1	8.1	1.5	-7.5	-12.0
213		Tyuya-ashu Southern	73.80	42.30	3225	1962	-9.3	-5.7	0.4	0.9	4.5	8.6	11.4	11.8	6.0	1.0	-7.9	-6.6
213		Tyuya-ashu Southern	73.80	42.30	3225	1963	-4.5	-4.1	-2.4	2.5	5.7	8.9	9.6	10.3	7.1	1.9	-3.5	-5.8
213		Tyuya-ashu Southern	73.80	42.30	3225	1964	-12.3	-9.0	-2.9	-0.4	4.4	7.3	8.8	10.7	6.9	-0.5	-3.8	-6.8
213		Tyuya-ashu Southern	73.80	42.30	3225	1965	-7.4	-9.6	-3.6	2.1	6.1	7.3	11.4	11.5	6.6	0.9	-3.1	-5.5
213		Tyuya-ashu Southern	73.80	42.30	3225	1966	-999.0	-999.0	-999.0	-999.0	-999.0	-999.0	-999.0	-999.0	-999.0	-999.0	-999.0	-999.0
213		Tyuya-ashu Southern	73.80	42.30	3225	1967	-999.0	-999.0	-999.0	-999.0	-999.0	-999.0	-999.0	-999.0	-999.0	-999.0	-999.0	-999.0
213		Tyuya-ashu Southern	73.80	42.30	3225	1968	-9.3	-8.9	-3.7	0.0	4.7	7.1	11.4	12.6	8.2	0.3	-5.0	-9.3
213		Tyuya-ashu Southern	73.80	42.30	3225	1969	-13.2	-11.8	-3.4	2.6	5.1	8.4	9.6	11.5	6.3	0.1	-2.3	-5.5
213		Tyuya-ashu Southern	73.80	42.30	3225	1970	-8.7	-6.7	-3.7	4.0	5.7	8.3	9.8	12.7	8.9	2.3	-3.2	-8.1
213		Tyuya-ashu Southern	73.80	42.30	3225	1971	-8.3	-8.2	-1.1	2.5	5.9	10.1	11.2	12.5	7.0	3.6	-2.5	-5.0
213		Tyuya-ashu Southern	73.80	42.30	3225	1972	-10.9	-12.2	-5.0	1.6	5.2	6.6	8.1	9.7	7.2	2.5	-2.1	-8.4
213		Tyuya-ashu Southern	73.80	42.30	3225	1973	-12.0	-6.8	-4.6	1.8	5.5	9.4	13.6	13.1	7.7	1.5	-0.8	-4.3
213		Tyuya-ashu Southern	73.80	42.30	3225	1974	-12.8	-11.5	-3.6	2.7	6.2	8.0	11.7	9.0	5.5	2.4	-3.9	-10.7
213		Tyuya-ashu Southern	73.80	42.30	3225	1975	-8.9	-9.0	-5.1	3.9	4.1	8.2	11.8	12.8	7.6	0.3	-6.1	-6.6
213		Tyuya-ashu Southern	73.80	42.30	3225	1976	-6.0	-10.3	-4.4	2.1	6.3	7.9	11.9	13.8	6.4	-1.2	-5.2	-9.0
213		Tyuya-ashu Southern	73.80	42.30	3225	1977	-11.4	-7.7	-2.7	3.9	5.7	10.1	11.4	12.8	9.4	0.4	-2.0	-8.5
213		Tyuya-ashu Southern	73.80	42.30	3225	1978	-10.0	-8.9	-4.6	1.5	6.0	9.2	13.1	13.2	10.2	1.0	-6.0	-6.0
213		Tyuya-ashu Southern	73.80	42.30	3225	1979	-7.7	-5.0	-4.6	0.9	3.6	7.3	13.0	11.8	7.7	4.1	-1.3	-5.6
213		Tyuya-ashu Southern	73.80	42.30	3225	1980	-9.6	-8.8	-5.2	3.0	6.6	8.5	14.0	12.0	8.4	2.4	-2.3	-3.5
213		Tyuya-ashu Southern	73.80	42.30	3225	1981	-7.2	-8.4	-1.8	1.4	6.3	7.6	10.1	8.3	6.7	-0.2	-3.7	-6.6
213		Tyuya-ashu Southern	73.80	42.30	3225	1982	-7.0	-10.0	-4.9	3.6	6.7	8.5	10.1	10.6	5.6	1.8	-5.1	-5.9
213		Tyuya-ashu Southern	73.80	42.30	3225	1983	-7.4	-6.1	-4.7	2.8	5.2	7.5	11.6	14.4	7.7	0.7	-3.4	-8.9
213		Tyuya-ashu Southern	73.80	42.30	3225	1984	-12.2	-13.2	-4.4	-1.6	4.5	9.7	14.3	17.8	5.8	1.2	-5.0	-13.8
213		Tyuya-ashu Southern	73.80	42.30	3225	1985	-9.2	-7.0	-6.9	2.4	4.9	9.1	13.1	11.4	9.5	0.1	-5.8	-7.0
213		Tyuya-ashu Southern	73.80	42.30	3225	1986	-9.0	-6.5	-6.0	0.2	4.5	6.5	12.3	11.3	9.8	0.7	-5.6	-8.1
213		Tyuya-ashu Southern	73.80	42.30	3225	1987	-8.7	-6.7	-3.5	-1.1	3.7	6.2	9.9	12.8	8.0	-2.6	-5.5	-6.0
213		Tyuya-ashu Southern	73.80	42.30	3225	1988	-8.5	-7.6	-6.3	1.7	3.1	9.0	12.0	10.9	8.5	-0.1	-0.4	-999.0
213		Tyuya-ashu Southern	73.80	42.30	3225	1989	-11.8	-13.4	-2.9	-3.3	4.3	6.9	10.5	11.1	7.5	1.7	-5.1	-5.5
213		Tyuya-ashu Southern	73.80	42.30	3225	1990	-9.7	-8.2	-5.1	-0.7	6.2	11.7	10.1	11.6	11.2	1.9	-999.0	-999.0
213	38469	ustie r.Ters	70.80	41.60	1759	1961	2.7	-0.7	7.7	14.7	21.9	23.6	26.9	25.1	22.1	11.7	8.1	3.5
213	38469	ustie r.Ters	70.80	41.60	1759	1962	0.9	5.4	12.9	13.3	17.4	22.3	27.3	25.3	19.4	13.4	3.0	3.0
213	38469	ustie r.Ters	70.80	41.60	1759	1963	5.3	6.3	9.2	-999.0	17.9	23.7	25.0	24.5	20.8	16.0	8.6	-0.9
213	38469	ustie r.Ters	70.80	41.60	1759	1964	-3.0	1.8	9.3	11.6	17.7	22.6	24.4	24.7	20.5	12.7	9.2	2.5
213	38469	ustie r.Ters	70.80	41.60	1759	1965	2.5	1.4	6.1	13.7	19.9	23.0	25.8	24.5	19.7	14.4	9.0	5.9
213	38469	ustie r.Ters	70.80	41.60	1759	1966	-999.0	-999.0	-999.0	-999.0	-999.0	-999.0	-999.0	-999.0	-999.0	-999.0	-999.0	-999.0
213	38469	ustie r.Ters	70.80	41.60	1759	1967	-999.0	-999.0	-999.0	-999.0	-999.0	-999.0	-999.0	-999.0	-999.0	-999.0	-999.0	-999.0
213	38469	ustie r.Ters	70.80	41.60	1759	1968	1.8	1.2	7.7	13.4	16.0	21.6	25.1	25.3	21.4	13.8	6.9	-999.0
213	38469	ustie r.Ters	70.80	41.60	1759	1969	-4.6	-3.1	6.0	13.5	-999.0	21.9	-999.0	-999.0	18.7	13.2	7.8	5.5
213	38469	ustie r.Ters	70.80	41.60	1759	1970	1.4	5.1	6.6	15.1	19.8	22.6	23.4	25.4	20.4	14.7	9.2	1.7
213	38469	ustie r.Ters	70.80	41.60	1759	1971	0.3	2.8	10.7	14.8	20.4	25.3	26.2	25.0	20.5	15.6	10.2	6.2
213	38469	ustie r.Ters	70.80	41.60	1759	1972	-1.6	-4.8	4.8	14.7	18.3	21.6	22.9	22.8	20.6	15.2	10.3	0.4
213	38469	ustie r.Ters	70.80	41.60	1759	1973	-1.4	-999.0	-999.0	-999.0	-999.0	25.2	27.5	25.8	20.1	15.5	11.5	5.3
213	38469	ustie r.Ters	70.80	41.60	1759	1974	-1.9	-0.8	8.7	-999.0	18.9	22.8	25.6	23.2	19.9	14.9	8.2	-0.3
213	38469	ustie r.Ters	70.80	41.60	1759	1975	1.3	1.8	7.2	15.5	17.9	23.8	27.3	26.4	-999.0	14.5	5.1	4.2
213	38469	ustie r.Ters	70.80	41.60	1759	1976	5.0	-0.6	5.3	13.8	18.8	22.7	-999.0	26.9	20.4	-999.0	-999.0	-999.0
213	38469	ustie r.Ters	70.80	41.60	1759	1977	-999.0	-999.0	-999.0	-999.0	-999.0	-999.0	-999.0	-999.0	-999.0	-999.0	-999.0	-999.0
213	38469	ustie r.Ters	70.80	41.60	1759	1978	1.3	0.6	5.7	15.2	19.2	23.4	27.0	25.0	22.9	15.5	4.8	5.6
213	38469	ustie r.Ters	70.80	41.60	1759	1979	2.9	5.3	6.2	14.0	16.1	22.5	27.4	24.4	20.6	17.9	9.9	5.5
213	38469	ustie r.Ters	70.80	41.60	1759	1980	0.4	-0.7	5.6	15.5	19.2	23.1	27.1	25.1	21.6	15.2	10.2	7.4
213	38469	ustie r.Ters	70.80	41.60	1759	1981	2.8	1.9	9.7	14.2	19.4	21.3	24.1	22.2	20.0	12.1	8.2	3.8
213	38469	ustie r.Ters	70.80	41.60	1759	1982	2.6	1.3	6.5	16.7	19.9	22.9	24.9	24.1	18.6	13.6	3.5	2.7
213	38469	ustie r.Ters	70.80	41.60	1759	1983	1.4	4.9	6.4	14.2	18.3	21.3	25.3	26.7	20.4	14.1	10.2	2.6
213	38469	ustie r.Ters	70.80	41.60	1759	1984	0.4	-5.2	6.7	13.1	18.5	24.0	27.3	28.3	19.2	14.0	6.3	-4.4
213	38469	ustie r.Ters	70.80	41.60	1759	1985	0.4	4.3	3.9	16.4	17.7	23.1	26.3	-999.0	21.9	12.9	7.6	3.6
213	38469	ustie r.Ters	70.80	41.60	1759	1986	2.3	3.3	4.1	13.5	17.8	21.1	25.8	24.0	22.3	14.6	6.0	1.1
213	38469	ustie r.Ters	70.80	41.60	1759	1987	3.4	4.5	8.6	11.3	17.7	20.4	22.4	25.9	20.9	9.6	7.6	6.5
213	38469	ustie r.Ters	70.80	41.60	1759	1988	2.0	5.3	6.4	16.2	16.5	24.2	26.9	24.0	20.9	12.9	12.7	6.0
213	38469	ustie r.Ters	70.80	41.60	1759	1989	-1.1	-2.2	8.4	12.0	16.4	22.3	24.6	25.3	20.4	16.1	7.2	4.9
213	38469	ustie r.Ters	70.80	41.60	1759	1990	0.4	2.0	6.7	13.0	20.4	25.6	26.6	23.7	23.3	15.0	-999.0	-999.0
227	38719	Anzobsky pereval	68.87	39.08	3373	1940	-7.5	-7.4	-6.5	1.8	5.0	12.4	14.0	13.9	9.0	3.5	-1.7	-7.0
227	38719	Anzobsky pereval	68.87	39.08	3373	1941	-9.6	-5.6	-2.6	1.4	7.4	13.7	13.6	15.0	11.4	7.8	-1.9	-6.4
227	38719	Anzobsky pereval	68.87	39.08	3373	1942	-8.6	-10.0	-3.4	1.3	5.9	9.7	16.3	13.8	10.0	2.9	-2.4	-7.5
227	38719	Anzobsky pereval	68.87	39.08	3373	1943	-10.0	-8.9	-5.5	-1.1	2.7	9.3	15.1	14.5	10.5	2.6	-4.6	-6.5
227	38719	Anzobsky pereval	68.87	39.08	3373	1944	-10.1	-8.8	-1.4	0.1	7.9	10.0	18.3	17.0	9.2	0.1	-4.5	-11.2
227	38719	Anzobsky pereval	68.87	39.08	3373	1945	-11.2	-11.7	-6.1	0.1	4.8	10.0	13.7	14.1	11.7	5.6	-4.5	-7.6
227	38719	Anzobsky pereval	68.87	39.08	3373	1946	-9.5	-5.6	-5.3	3.1	8.3	10.2	13.1	13.4	11.8	7.5	-4.3	-9.5
227	38719	Anzobsky pereval	68.87	39.08	3373	1947	-8.9	-8.2	-0.5	0.7	4.7	9.5	14.5	16.8	11.0	2.0	0.7	-6.6
227	38719	Anzobsky pereval	68.87	39.08	3373	1948	-5.5	-7.4	-5.7	-0.8	5.7	8.9	15.8	14.3	9.6	4.4	-3.5	-10.4
227	38719	Anzobsky pereval	68.87	39.08	3373	1949	-9.7	-9.9	-6.2	0.0	4.5	7.2	15.6	11.4	8.8	0.5	-6.6	-7.2
227	38719	Anzobsky pereval	68.87	39.08	3373	1950	-9.8	-10.5	-6.0	-2.7	4.8	10.6	15.0	15.4	10.0	3.4	-4.8	-9.7
227	38719	Anzobsky pereval	68.87	39.08	3373	1951	-11.1	-10.7	-4.6	-1.8	4.8	7.3	11.3	13.3	10.8	3.5	-3.1	-4.8
227	38719	Anzobsky pereval	68.87	39.08	3373	1952	-8.8	-7.5	-5.6	2.3	3.6	9.3	13.4	14.0	9.9	5.5	-3.8	-7.8
227	38719	Anzobsky pereval	68.87	39.08	3373	1953	-9.2	-4.5	-5.9	-1.3	4.8	9.4	15.4	12.6	11.0	-1.0	-5.6	-7.4
227	38719	Anzobsky pereval	68.87	39.08	3373	1954	-10.8	-8.5	-5.4	0.6	4.5	7.5	10.4	11.0	10.2	2.9	-4.2	-7.4
227	38719	Anzobsky pereval	68.87	39.08	3373	1955	-8.0	-7.5	-4.0	-1.2	4.0	9.0	12.5	15.6	10.2	3.6	-1.0	-6.1
227	38719	Anzobsky pereval	68.87	39.08	3373	1956	-9.9	-8.0	-4.9	2.3	7.7	9.3	18.5	15.0	11.5	4.9	-0.3	-8.2
227	38719	Anzobsky pereval	68.87	39.08	3373	1957	-10.8	-10.0	-4.1	-1.5	3.3	9.3	11.4	12.9	8.8	3.1	-4.4	-7.4
227	38719	Anzobsky pereval	68.87	39.08	3373	1958	-5.9	-6.9	-3.5	1.0	2.5	9.3	14.3	11.6	10.5	2.9	-6.2	-6.3
227	38719	Anzobsky pereval	68.87	39.08	3373	1959	-7.2	-10.8	-4.8	2.8	4.1	9.6	12.4	15.4	15.3	5.8	-5.4	-8.5
227	38719	Anzobsky pereval	68.87	39.08	3373	1960	-7.0	-4.9	-7.3	-1.2	2.4	9.7	12.9	15.6	9.1	3.9	-4.6	-5.4
227	38719	Anzobsky pereval	68.87	39.08	3373	1961	-7.4	-10.9	-5.0	0.2	9.0	11.4	16.1	13.9	11.4	2.1	-2.2	-7.2
227	38719	Anzobsky pereval	68.87	39.08	3373	1962	-8.8	-6.8	-1.6	-0.6	2.9	8.9	14.9	14.4	8.9	2.1	-6.8	-6.2
227	38719	Anzobsky pereval	68.87	39.08	3373	1963	-4.9	-5.0	-3.2	1.8	4.5	11.1	12.6	13.2	9.8	5.0	-2.6	-5.8
227	38719	Anzobsky pereval	68.87	39.08	3373	1964	-13.3	-8.4	-2.4	-1.7	3.4	8.7	12.2	13.8	9.8	2.7	-2.5	-7.6
227	38719	Anzobsky pereval	68.87	39.08	3373	1965	-8.0	-9.4	-5.3	-0.9	6.3	10.0	13.9	14.3	8.1	3.2	-2.0	-5.2
227	38719	Anzobsky pereval	68.87	39.08	3373	1966	-4.6	-5.0	-5.2	-1.2	3.2	12.7	13.7	13.2	9.5	0.5	-1.9	-7.2
227	38719	Anzobsky pereval	68.87	39.08	3373	1967	-9.4	-8.6	-5.0	-1.1	2.8	10.0	14.0	14.7	9.8	0.3	-3.7	-6.5
227	38719	Anzobsky pereval	68.87	39.08	3373	1968	-8.9	-8.8	-4.4	0.3	2.5	9.1	14.3	14.6	11.2	2.7	-3.0	-7.3
227	38719	Anzobsky pereval	68.87	39.08	3373	1969	-10.7	-9.4	-2.1	0.7	4.8	9.8	12.0	13.9	8.0	2.4	-3.0	-5.8
227	38719	Anzobsky pereval	68.87	39.08	3373	1970	-9.0	-7.5	-5.4	2.1	6.9	11.6	12.0	15.6	10.5	4.5	-1.2	-7.7
227	38719	Anzobsky pereval	68.87	39.08	3373	1971	-8.5	-8.4	-1.8	1.2	7.3	13.9	14.7	14.7	9.4	4.3	-2.8	-4.5
227	38719	Anzobsky pereval	68.87	39.08	3373	1972	-11.1	-12.1	-5.4	0.8	3.0	8.9	10.3	11.4	10.2	3.9	-0.3	-7.9
227	38719	Anzobsky pereval	68.87	39.08	3373	1973	-11.4	-6.7	-5.3	4.0	5.3	13.4	16.9	14.0	10.5	4.5	1.0	-5.6
227	38719	Anzobsky pereval	68.87	39.08	3373	1974	-11.0	-10.3	-3.1	1.5	5.5	9.9	14.3	12.1	8.8	2.0	-1.9	-9.5
227	38719	Anzobsky pereval	68.87	39.08	3373	1975	-8.9	-10.5	-4.9	1.9	4.5	11.5	15.8	16.4	10.4	3.2	-4.9	-6.3
227	38719	Anzobsky pereval	68.87	39.08	3373	1976	-7.6	-10.5	-6.3	0.7	6.0	10.8	16.8	17.6	10.2	1.5	-3.6	-7.4
227	38719	Anzobsky pereval	68.87	39.08	3373	1977	-11.3	-7.7	0.2	3.9	5.3	13.4	16.2	15.7	12.0	3.2	-2.3	-7.4
227	38719	Anzobsky pereval	68.87	39.08	3373	1978	-10.3	-8.5	-5.9	0.8	5.7	11.7	16.3	16.2	13.6	4.0	-5.5	-5.1
227	38719	Anzobsky pereval	68.87	39.08	3373	1979	-6.8	-6.8	-5.4	2.4	2.6	10.7	16.7	13.5	11.5	7.3	-0.4	-6.1
227	38719	Anzobsky pereval	68.87	39.08	3373	1980	-10.2	-9.4	-4.9	3.1	6.8	11.7	16.7	15.3	11.5	2.6	-1.1	-4.2
227	38719	Anzobsky pereval	68.87	39.08	3373	1981	-8.5	-7.8	-3.2	1.2	6.7	8.1	13.2	12.0	9.8	1.1	-1.7	-7.0
227	38719	Anzobsky pereval	68.87	39.08	3373	1982	-8.7	-9.8	-5.6	3.4	7.4	11.2	13.4	14.1	7.3	1.7	-5.6	-6.6
227	38719	Anzobsky pereval	68.87	39.08	3373	1983	-8.2	-6.5	-6.6	1.1	6.1	10.3	15.4	18.0	10.7	4.2	-1.1	-7.4
227	38719	Anzobsky pereval	68.87	39.08	3373	1984	-10.7	-12.6	-4.0	0.0	4.5	13.1	17.9	20.7	10.4	3.0	-3.3	-10.9
227	38719	Anzobsky pereval	68.87	39.08	3373	1985	-8.7	-5.5	-6.0	3.1	4.8	12.9	17.4	13.9	12.3	2.8	-2.3	-6.3
227	38719	Anzobsky pereval	68.87	39.08	3373	1986	-8.9	-7.6	-7.8	-0.7	4.7	9.4	15.8	14.7	12.7	4.1	-4.0	-8.2
227	38719	Anzobsky pereval	68.87	39.08	3373	1987	-7.2	-6.9	-3.8	-1.4	-999.0	8.8	11.1	15.4	10.2	-0.5	-2.3	-3.7
227	38719	Anzobsky pereval	68.87	39.08	3373	1988	-7.9	-6.8	-5.6	2.3	4.1	11.8	15.5	13.4	11.4	1.6	1.2	-5.9
227	38719	Anzobsky pereval	68.87	39.08	3373	1989	-11.6	-12.2	-4.1	-2.9	2.7	9.5	12.9	14.0	10.1	5.6	-4.0	-5.5
227	38719	Anzobsky pereval	68.87	39.08	3373	1990	-8.7	-9.0	-4.6	-1.4	4.8	13.2	14.1	16.8	14.5	3.5	-999.0	-999.0
227	38930	Ayvadzh	68.03	36.98	318	1935	-999.0	-999.0	-999.0	-999.0	-999.0	-999.0	37.7	36.5	33.0	27.5	14.7	-999.0
227	38930	Ayvadzh	68.03	36.98	318	1936	-999.0	-999.0	-999.0	-999.0	-999.0	37.7	38.0	35.7	33.5	28.0	18.0	9.4
227	38930	Ayvadzh	68.03	36.98	318	1937	2.4	12.5	15.0	22.7	31.3	36.6	39.7	38.7	33.5	25.0	16.3	10.3
227	38930	Ayvadzh	68.03	36.98	318	1938	9.6	13.0	16.2	28.4	35.2	-999.0	-999.0	-999.0	33.0	25.7	15.3	9.8
227	38930	Ayvadzh	68.03	36.98	318	1939	9.2	11.7	15.2	22.2	32.5	40.8	41.0	38.8	32.9	24.6	18.7	14.8
227	38930	Ayvadzh	68.03	36.98	318	1940	10.8	14.7	15.4	26.9	32.6	39.4	40.9	38.3	32.8	26.6	18.1	12.6
227	38930	Ayvadzh	68.03	36.98	318	1941	7.7	15.1	21.2	25.7	34.7	40.4	39.8	38.9	33.8	27.5	18.6	11.0
227	38930	Ayvadzh	68.03	36.98	318	1942	6.7	8.5	18.1	24.7	32.5	35.9	40.8	37.1	31.8	26.4	20.3	9.4
227	38930	Ayvadzh	68.03	36.98	318	1943	6.8	9.9	14.3	23.0	30.5	36.8	40.1	37.7	31.8	24.3	16.6	13.3
227	38930	Ayvadzh	68.03	36.98	318	1944	11.1	14.4	23.3	25.5	32.5	36.3	41.0	37.5	31.6	24.5	18..0	2.7
227	38930	Ayvadzh	68.03	36.98	318	1945	6.5	9.5	14.9	22.4	28.8	35.7	38.2	-999.0	-999.0	-999.0	-999.0	-999.0
227	38930	Ayvadzh	68.03	36.98	318	1947	9.8	12.2	21.7	26.0	30.8	35.1	38.0	38.7	31.5	25.5	21.4	12.8
227	38930	Ayvadzh	68.03	36.98	318	1948	13.7	15.7	16.2	23.6	33.2	35.6	39.3	37.0	31.3	24.4	16.3	6.5
227	38930	Ayvadzh	68.03	36.98	318	1949	3.0	11.8	16.1	24.1	29.5	33.6	39.6	35.8	30.2	-999.0	15.2	12.8
227	38930	Ayvadzh	68.03	36.98	318	1950	5.5	8.3	19.3	22.5	31.2	36.8	39.7	37.7	32.0	26.5	12.8	8.0
227	38930	Ayvadzh	68.03	36.98	318	1951	6.8	7.7	15.1	24.5	31.3	34.5	38.8	37.9	33.8	26.9	17.4	13.6
227	38930	Ayvadzh	68.03	36.98	318	1952	8.3	14.6	17.5	26.3	30.2	36.5	39.4	37.4	32.0	25.4	14.2	9.6
227	38930	Ayvadzh	68.03	36.98	318	1953	11.0	16.5	15.7	24.7	31.1	36.1	39.1	36.8	31.8	22.0	14.1	7.4
227	38930	Ayvadzh	68.03	36.98	318	1954	8.0	10.3	15.0	24.5	32.3	35.2	37.7	35.9	31.9	25.6	15.4	7.7
227	38930	Ayvadzh	68.03	36.98	318	1955	11.4.	17.1	18.2	24.2	28.6	35.6	39.2	38.7	33.0	24.7	20.7	12.7
227	38930	Ayvadzh	68.03	36.98	318	1956	8.5	12.1	16.0	25.5	32.9	35.4	40.5	36.9	32.0	24.8	19.6	8.8
227	38930	Ayvadzh	68.03	36.98	318	1957	2.2	7.0	18.6	21.9	30.7	35.4	36.5	35.9	31.9	23.4	13.0	10.1
227	38930	Ayvadzh	68.03	36.98	318	1958	11.4	15.4	21.1	25.7	28.9	36.9	38.9	36.0	31.5	25.0	12.1	11.0
227	38930	Ayvadzh	68.03	36.98	318	1959	9.4	9.6	17.8	27.9	30.5	36.1	37.5	37.9	34.5	25.5	13.5	5.7
227	38930	Ayvadzh	68.03	36.98	318	1960	9.7	15.7	14.1	21.1	28.2	36.8	37.5	37.6	31.6	26.0	14.8	8.3
227	38930	Ayvadzh	68.03	36.98	318	1961	10.1	9.8	18.8	22.9	33.0	36.2	39.0	36.3	31.7	22.9	17.3	12.7
227	38930	Ayvadzh	68.03	36.98	318	1962	9.2	15.3	21.9	23.5	30.4	34.9	39.0	35.6	30.4	23.5	12.5	10.2
227	38930	Ayvadzh	68.03	36.98	318	1963	13.1	16.7	18.0	26.8	31.0	38.2	39.0	37.0	32.1	26.6	16.6	8.9
227	38930	Ayvadzh	68.03	36.98	318	1964	0.0	11.6	19.6	23.0	31.3	37.2	39.3	38.7	32.2	22.0	17.9	5.7
227	38930	Ayvadzh	68.03	36.98	318	1965	9.0	10.3	15.9	24.3	31.6	37.0	39.5	37.6	31.7	26.1	19.8	11.7
227	38956	Bulunkul	72.95	37.70	3747	1951	-14.7	-10.8	-3.1	1.4	9.2	11.9	14.6	17.2	13.4	7.1	-0.8	-4.6
227	38956	Bulunkul	72.95	37.70	3747	1952	-12.7	-8.1	-4.4	4.2	8.8	13.4	17.1	16.9	13.0	6.2	-1.5	-10.6
227	38956	Bulunkul	72.95	37.70	3747	1953	-16.9	-10.5	-3.2	2.4	9.8	13.6	19.2	16.6	13.8	3.8	-5.1	-10.8
227	38956	Bulunkul	72.95	37.70	3747	1954	-17.3	-11.2	-3.0	2.4	8.5	12.2	14.4	15.6	13.3	4.2	-2.3	-15.3
227	38956	Bulunkul	72.95	37.70	3747	1955	-16.0	-8.3	-2.5	-2.2	7.0	12.3	14.8	18.9	12.7	5.2	-0.4	-9.5
227	38956	Bulunkul	72.95	37.70	3747	1956	-17.7	-10.2	-3.9	4.3	11.9	13.6	21.8	17.9	13.6	4.9	0.2	-9.7
227	38956	Bulunkul	72.95	37.70	3747	1957	-14.1	-15.1	-6.6	0.2	6.5	12.1	15.9	16.1	10.6	4.7	-2.4	-15.5
227	38956	Bulunkul	72.95	37.70	3747	1958	-16.8	-16.1	-4.9	2.7	5.5	11.7	17.9	15.6	14.1	3.3	-3.3	-9.8
227	38956	Bulunkul	72.95	37.70	3747	1959	-17.9	-12.0	-4.2	3.1	6.9	13.3	16.6	18.3	17.7	7.9	-3.1	-10.1
227	38956	Bulunkul	72.95	37.70	3747	1960	-12.7	-5.5	-5.0	1.6	7.4	12.8	17.5	18.7	11.7	5.1	-7.0	-18.4
227	38956	Bulunkul	72.95	37.70	3747	1961	-17.1	-14.4	-5.7	3.4	10.9	13.8	19.6	18.1	15.1	4.5	-2.5	-13.1
227	38956	Bulunkul	72.95	37.70	3747	1962	-13.8	-9.8	-1.6	5.0	8.2	12.9	16.4	17.2	11.2	3.8	-4.8	-9.3
227	38956	Bulunkul	72.95	37.70	3747	1963	-9.7	-7.4	-3.9	5.3	9.7	14.6	17.1	17.4	12.6	6.5	-3.9	-10.9
227	38956	Bulunkul	72.95	37.70	3747	1964	-14.3	-9.5	-3.2	2.3	6.5	12.3	16.2	18.2	12.6	5.9	-1.6	-12.4
227	38956	Bulunkul	72.95	37.70	3747	1965	-13.8	-14.5	-9.2	-1.7	7.6	12.9	16.7	14.0	11.4	5.6	-9.7	-20.4
227	38956	Bulunkul	72.95	37.70	3747	1966	-16.8	-9.2	-5.6	-0.6	5.6	14.1	15.8	16.8	11.6	2.5	-4.5	-9.2
227	38956	Bulunkul	72.95	37.70	3747	1967	-14.9	-9.8	-6.3	2.4	7.2	13.3	17.2	17.1	13.2	2.9	-3.6	-10.4
227	38956	Bulunkul	72.95	37.70	3747	1968	-15.5	-11.7	-4.2	2.1	7.3	13.4	18.1	17.2	12.8	3.9	-2.8	-15.5
227	38956	Bulunkul	72.95	37.70	3747	1969	-14.1	-11.8	-1.7	0.2	7.4	12.8	16.6	18.4	11.9	5.3	-6.3	-12.1
227	38956	Bulunkul	72.95	37.70	3747	1970	-13.0	-9.8	-3.6	5.6	9.8	14.2	15.8	19.1	13.4	7.0	-0.8	-8.6
227	38956	Bulunkul	72.95	37.70	3747	1971	-10.9	-7.4	0.0	6.2	10.6	16.9	18.5	17.7	10.6	5.8	-1.7	-7.9
227	38956	Bulunkul	72.95	37.70	3747	1972	-10.1	-13.2	-5.3	-0.3	6.8	12.5	14.3	16.5	11.8	5.2	-5.2	-11.2
227	38956	Bulunkul	72.95	37.70	3747	1973	-14.3	-10.7	-6.9	1.2	8.3	15.7	20.3	19.7	14.1	5.8	0.5	-7.6
227	38956	Bulunkul	72.95	37.70	3747	1974	-11.5	-12.9	-3.7	5.6	8.9	13.0	17.3	15.8	11.3	6.1	-4.5	-15.6
227	38956	Bulunkul	72.95	37.70	3747	1975	-20.4	-12.5	-5.8	-999.0	-999.0	-999.0	-999.0	18.2	-999.0	5.4	-999.0	-999.0
227	38956	Bulunkul	72.95	37.70	3747	1976	-18.4	-999.0	-6.1	2.1	9.4	12.4	-999.0	18.8	12.4	5.0	-2.0	-8.8
227	38956	Bulunkul	72.95	37.70	3747	1977	-12.8	-10.8	-1.8	6.5	8.5	14.8	19.2	17.9	13.2	5.4	-10.9	-999.0
227	38956	Bulunkul	72.95	37.70	3747	1978	-19.1	-11.9	-8.0	1.9	10.2	15.8	20.6	18.9	14.4	5.7	-7.4	-12.6
227	38956	Bulunkul	72.95	37.70	3747	1979	-14.9	-11.3	-5.3	4.3	6.5	13.3	18.0	16.0	11.7	7.4	-1.7	-8.7
227	38956	Bulunkul	72.95	37.70	3747	1980	-13.0	-9.0	-5.4	4.6	9.5	14.6	18.4	16.8	12.1	6.0	-2.7	-14.0
227	38956	Bulunkul	72.95	37.70	3747	1981	-14.4	-9.2	-4.4	2.4	11.0	13.0	17.3	16.4	12.2	3.0	-2.9	-10.5
227	38956	Bulunkul	72.95	37.70	3747	1982	-13.3	-13.3	-4.7	3.5	9.6	12.3	16.5	17.7	10.3	4.7	-5.5	-16.7
227	38956	Bulunkul	72.95	37.70	3747	1983	-16.5	-13.4	-7.7	1.5	9.5	-999.0	16.6	20.5	13.7	5.7	-0.3	-8.1
227	38956	Bulunkul	72.95	37.70	3747	1984	-11.6	-11.6	-1.4	2.6	8.4	15.6	18.8	21.6	11.6	4.9	-2.9	-12.0
227	38956	Bulunkul	72.95	37.70	3747	1985	-17.3	-10.3	-2.3	5.6	8.6	13.2	19.1	17.7	13.1	4.6	-2.6	-12.6
227	38956	Bulunkul	72.95	37.70	3747	1986	-21.3	-15.0	-7.7	1.1	8.0	12.4	17.5	16.4	11.4	6.0	-3.1	-15.1
227	38956	Bulunkul	72.95	37.70	3747	1987	-19.6	-11.7	-3.6	-999.0	6.7	11.5	14.7	17.4	12.9	1.3	-4.5	-14.6
227	38956	Bulunkul	72.95	37.70	3747	1988	-15.7	-12.1	-5.8	1.9	8.8	14.2	19.1	16.8	13.3	3.2	0.3	-9.3
227	38956	Bulunkul	72.95	37.70	3747	1989	-15.7	-12.5	-4.3	-0.3	7.4	12.0	16.4	15.4	12.6	5.9	-7.8	-16.0
227	38956	Bulunkul	72.95	37.70	3747	1990	-13.7	-13.9	-10.3	-0.9	11.1	14.7	18.0	18.1	15.3	5.8	0.4	-999.0
227	38842	Bustonabad	69.63	38.67	1983	1948	-999.0	-999.0	-999.0	-999.0	-999.0	-999.0	-999.0	24.4	20.4	14.0	6.2	-2.3
227	38842	Bustonabad	69.63	38.67	1983	1949	-3.3	-2.2	1.7	9.3	16.6	17.3	25.2	-999.0	-999.0	-999.0	-999.0	0.0
227	38842	Bustonabad	69.63	38.67	1983	1950	-2.3	-3.1	3.0	8.2	16.7	22.0	26.3	25.2	20.2	14.0	3.3	-2.9
227	38842	Bustonabad	69.63	38.67	1983	1951	-3.2	-3.3	2.1	9.3	16.4	19.2	23.1	24.4	21.8	14.8	6.4	4.0
227	38842	Bustonabad	69.63	38.67	1983	1952	-1.5	0.2	1.8	11.3	16.0	21.3	25.0	24.9	20.6	15.8	5.9	-0.6
227	38842	Bustonabad	69.63	38.67	1983	1953	-2.7	2.4	2.0	9.5	16.9	21.2	25.8	24.2	20.9	9.2	3.0	0.3
227	38842	Bustonabad	69.63	38.67	1983	1954	-2.9	-1.2	2.4	11.2	16.2	19.7	22.4	23.5	21.3	14.0	5.3	-1.4
227	38842	Bustonabad	69.63	38.67	1983	1955	-1.5	1.5	3.9	9.6	14.7	20.4	24.4	26.3	21.2	13.9	8.3	2.0
227	38842	Bustonabad	69.63	38.67	1983	1956	-2.0	-0.6	2.7	11.1	19.5	21.1	27.7	25.0	21.8	15.4	10.4	0.3
227	38842	Bustonabad	69.63	38.67	1983	1957	-3.0	-4.3	2.8	7.4	14.8	19.5	22.5	23.6	19.7	12.9	4.2	-0.5
227	38842	Bustonabad	69.63	38.67	1983	1958	0.5	-0.9	4.6	11.7	13.7	20.9	25.1	23.2	21.4	13.7	3.5	1.7
227	38842	Bustonabad	69.63	38.67	1983	1959	-1.8	-3.0	3.0	13.3	14.7	20.8	24.1	26.0	24.6	16.5	4.5	-0.5
227	38842	Bustonabad	69.63	38.67	1983	1960	-1.1	2.4	1.1	8.5	14.2	21.7	24.0	25.4	20.1	14.7	4.1	0.6
227	38842	Bustonabad	69.63	38.67	1983	1961	-1.5	-4.1	2.6	11.3	19.4	22.3	26.5	24.7	22.1	12.6	5.5	-0.8
227	38842	Bustonabad	69.63	38.67	1983	1962	-2.5	0.2	6.6	9.6	14.7	20.0	25.2	23.7	18.3	13.3	1.6	-0.5
227	38842	Bustonabad	69.63	38.67	1983	1963	-0.1	1.5	4.1	12.2	16.1	21.9	24.3	23.7	20.2	15.7	5.9	1.4
227	38842	Bustonabad	69.63	38.67	1983	1964	-6.6	-1.4	4.5	8.4	15.2	20.7	23.2	24.2	19.5	12.9	7.0	-1.3
227	38842	Bustonabad	69.63	38.67	1983	1965	-0.4	-3.1	1.6	9.0	17.1	20.6	24.1	23.5	19.1	14.5	7.3	1.6
227	38842	Bustonabad	69.63	38.67	1983	1966	3.5	2.4	2.7	10.1	15.2	23.9	24.4	24.8	19.6	10.8	5.8	0.9
227	38842	Bustonabad	69.63	38.67	1983	1967	-3.2	-1.3	2.9	9.5	13.9	20.4	24.2	24.5	20.9	11.5	4.7	0.6
227	38842	Bustonabad	69.63	38.67	1983	1968	-2.5	-2.5	4.0	11.6	13.3	20.6	24.5	24.9	21.1	12.9	5.6	-1.7
227	38842	Bustonabad	69.63	38.67	1983	1969	-4.3	-3.5	5.0	8.3	14.9	20.1	22.9	23.9	19.3	12.9	5.0	2.5
227	38842	Bustonabad	69.63	38.67	1983	1970	-1.8	0.6	2.7	12.6	18.0	22.0	23.1	26.8	20.4	14.9	8.3	0.2
227	38842	Bustonabad	69.63	38.67	1983	1971	-2.6	-0.3	6.3	13.2	18.7	24.4	28.6	24.3	19.5	14.9	7.2	4.4
227	38842	Bustonabad	69.63	38.67	1983	1972	-3.0	-7.6	1.6	9.1	15.1	19.9	21.4	21.8	20.0	14.3	8.4	-1.2
227	38842	Bustonabad	69.63	38.67	1983	1973	-4.9	0.1	1.5	10.8	16.4	23.4	26.5	25.5	20.1	15.8	9.9	2.1
227	38842	Bustonabad	69.63	38.67	1983	1974	-3.8	-4.1	3.7	13.5	16.9	21.5	25.1	22.4	20.1	13.5	6.4	-2.5
227	38842	Bustonabad	69.63	38.67	1983	1975	-3.4	-2.6	2.0	11.1	15.1	21.2	26.2	25.6	20.7	-999.0	2.4	-0.5
227	38842	Bustonabad	69.63	38.67	1983	1976	-0.6	-2.6	0.7	8.9	17.8	21.3	26.7	26.0	21.3	12.6	4.7	0.8
227	38842	Bustonabad	69.63	38.67	1983	1977	-3.8	-1.7	7.6	14.4	15.5	23.6	26.8	25.6	21.1	14.1	8.3	0.6
227	38842	Bustonabad	69.63	38.67	1983	1978	-3.5	-1.0	0.9	11.8	17.9	22.4	26.3	25.1	22.8	14.8	2.9	3.5
227	38842	Bustonabad	69.63	38.67	1983	1979	-0.2	0.6	2.4	13.4	13.5	21.1	26.9	24.4	21.0	17.7	7.4	1.8
227	38842	Bustonabad	69.63	38.67	1983	1980	-2.1	-2.0	2.1	12.2	18.0	22.2	26.9	24.8	21.1	15.0	8.8	3.0
227	38842	Bustonabad	69.63	38.67	1983	1981	-0.8	-0.2	3.3	12.1	17.8	19.5	23.3	22.4	20.3	11.5	7.1	0.8
227	38842	Bustonabad	69.63	38.67	1983	1982	-0.8	-3.2	2.1	13.0	17.8	21.4	24.6	24.0	18.5	11.8	2.9	-0.5
227	38842	Bustonabad	69.63	38.67	1983	1983	-1.4	-0.7	0.9	11.3	17.0	19.9	25.1	26.5	21.1	14.2	9.4	-999.0
227	38842	Bustonabad	69.63	38.67	1983	1984	-2.9	-5.9	4.0	11.7	16.8	22.9	27.3	27.8	19.6	12.8	6.0	-3.7
227	38842	Bustonabad	69.63	38.67	1983	1985	-2.2	1.0	2.2	14.1	15.8	22.8	26.6	23.2	21.5	12.8	6.3	1.0
227	38842	Bustonabad	69.63	38.67	1983	1986	-1.4	0.9	2.3	11.1	16.4	21.0	26.4	24.8	21.3	15.3	5.9	-1.5
227	38842	Bustonabad	69.63	38.67	1983	1987	0.3	1.2	5.1	9.2	-999.0	19.9	22.1	26.3	21.3	9.5	7.8	4.3
227	38842	Bustonabad	69.63	38.67	1983	1988	-0.7	-0.1	2.3	12.7	16.5	22.2	26.4	24.2	21.4	12.5	10.7	3.0
227	38842	Bustonabad	69.63	38.67	1983	1989	-3.7	-4.1	3.5	9.0	14.3	20.7	23.2	23.8	20.6	-999.0	-999.0	2.3
227	38842	Bustonabad	69.63	38.67	1983	1990	-0.5	-999.0	-999.0	-999.0	-999.0	23.8	25.3	26.4	23.3	14.0	9.3	1.0
227	38734	Dehavz	70.20	39.45	2561	1928	-999.0	-999.0	-999.0	-999.0	-999.0	-999.0	-999.0	-999.0	-999.0	-999.0	4.6	-2.9
227	38734	Dehavz	70.20	39.45	2561	1929	-5.4	-2.7	4.2	11.6	12.6	16.7	21.7	20.7	18.9	9.7	3.0	-4.7
227	38734	Dehavz	70.20	39.45	2561	1930	-5.1	-1.5	3.9	8.0	14.5	18.1	23.7	21.5	14.6	10.0	5.5	-1.4
227	38734	Dehavz	70.20	39.45	2561	1931	-1.8	-5.4.	3.6	10.6	12.4	16.5	19.1	21.9	-999.0	-999.0	-999.0	-999.0
227	38734	Dehavz	70.20	39.45	2561	1932	-999.0	-999.0	-999.0	-999.0	-999.0	-999.0	-999.0	-999.0	-999.0	-999.0	-999.0	-999.0
227	38734	Dehavz	70.20	39.45	2561	1933	-999.0	-999.0	-999.0	-999.0	-999.0	-999.0	-999.0	-999.0	-999.0	-999.0	4.0	-0.3
227	38734	Dehavz	70.20	39.45	2561	1934	-8.5	0.2	1.9	7.4	9.7	18.2	19.4	21.1	15.6	10.3	2.3	-0.9
227	38734	Dehavz	70.20	39.45	2561	1935	-5.5	-0.1	2.8	8.2	13.9	15.2	21.7	22.3	16.6	10.7	0.5	-3.9
227	38734	Dehavz	70.20	39.45	2561	1936	-5.2	0.1	1.0	8.9	17.2	18.7	19.7	20.2	19.5	13.4	4.4	-3.5
227	38734	Dehavz	70.20	39.45	2561	1937	-5.0	0.7	2.0	8.2	14.0	18.3	21.0	21.7	-999.0	-999.0	2.0	-0.2
227	38734	Dehavz	70.20	39.45	2561	1938	-2.7	-1.4	0.7	11.6	17.9	17.2	19.5	20.9	15.8	11.0	3.2	-1.1
227	38734	Dehavz	70.20	39.45	2561	1939	-2.3	-1.2	2.1	6.8	16.5	19.4	21.8	22.6	18.6	11.0	4.0	-0.1
227	38734	Dehavz	70.20	39.45	2561	1940	-0.3	1.0	3.3	12.1	14.7	20.0	20.9	21.4	16.7	11.4	5.6	-1.1
227	38734	Dehavz	70.20	39.45	2561	1941	-3.1	1.1	5.0	9.9	17.2	21.1	20.8	22.5	19.6	15.5	4.5	-1.3
227	38734	Dehavz	70.20	39.45	2561	1942	-3.1	-3.0	3.6	10.3	16.0	18.5	23.3	21.8	18.7	11.3	4.2	-2.2
227	38734	Dehavz	70.20	39.45	2561	1943	-3.2	-1.4	2.2	8.8	13.4	18.0	23.0	22.5	18.9	11.1	3.2	-0.4
227	38734	Dehavz	70.20	39.45	2561	1944	-2.7	-0.9	5.4	10.7	17.5	17.2	25.2	24.3	17.0	8.4	2.8	-3.7
227	38734	Dehavz	70.20	39.45	2561	1945	-4.1	-4.0	2.4	9.9	15.2	18.2	21.0	21.6	19.4	13.2	3.0	-2.4
227	38734	Dehavz	70.20	39.45	2561	1946	-2.2	1.7	2.8	12.4	16.3	17.1	20.2	20.5	19.3	15.3	4.2	-2.0
227	38734	Dehavz	70.20	39.45	2561	1947	-2.0	-0.8	7.6	10.5	15.0	17.5	21.7	23.7	18.8	9.5	4.8	-0.7
227	38734	Dehavz	70.20	39.45	2561	1948	-1.4	-0.8	1.8	8.4	14.4	16.9	23.0	22.4	17.7	12.9	4.7	-3.5
227	38734	Dehavz	70.20	39.45	2561	1949	-3.0	-2.7	1.6	9.0	15.0	16.7	23.3	20.2	17.2	9.9	1.8	-0.9
227	38734	Dehavz	70.20	39.45	2561	1950	-2.9	-3.1	3.4	7.7	15.5	19.6	22.6	23.8	18.6	11.4	2.5	-1.9
227	38734	Dehavz	70.20	39.45	2561	1951	-3.9	-3.7	3.0	8.4	14.5	15.1	18.5	20.6	18.7	11.0	4.4	1.8
227	38734	Dehavz	70.20	39.45	2561	1952	-1.5	-0.1	1.7	10.2	13.8	18.1	21.0	21.6	18.1	13.3	3.8	-1.4
227	38734	Dehavz	70.20	39.45	2561	1953	-2.9	1.7	1.4	8.0	14.9	18.5	23.1	19.9	19.2	7.4	2.1	-0.9
227	38734	Dehavz	70.20	39.45	2561	1954	-4.4	-1.6	2.7	9.1	14.7	16.2	17.7	19.4	18.1	10.8	2.7	-3.0
227	38734	Dehavz	70.20	39.45	2561	1955	-1.5	0.4	2.7	7.4	13.7	17.7	19.2	22.6	17.3	11.0	5.2	-0.1
227	38734	Dehavz	70.20	39.45	2561	1956	-3.9	-0.9	3.2	11.3	17.1	17.2	25.6	22.3	19.2	12.6	7.3	-1.1
227	38734	Dehavz	70.20	39.45	2561	1957	-3.8	-3.9	3.3	7.1	13.2	18.6	18.5	20.6	16.8	11.2	2.9	-1.6
227	38734	Dehavz	70.20	39.45	2561	1958	-0.5	-0.8	3.1	9.4	11.6	17.8	21.6	19.0	18.7	10.9	2.8	0.3
227	38734	Dehavz	70.20	39.45	2561	1959	-1.8	-3.8	1.9	11.0	13.6	17.5	19.9	21.8	23.5	13.8	1.6	-2.4
227	38734	Dehavz	70.20	39.45	2561	1960	-2.0	1.7	0.2	6.8	11.7	18.3	20.5	23.3	16.7	11.3	2.4	0.7
227	38734	Dehavz	70.20	39.45	2561	1961	-1.8	-4.8	2.7	10.0	18.3	19.0	23.0	21.5	19.1	9.9	4.4	-2.1
227	38734	Dehavz	70.20	39.45	2561	1962	-2.7	-0.4	7.8	8.5	12.7	18.0	22.3	21.7	16.4	10.2	0.3	-1.3
227	38734	Dehavz	70.20	39.45	2561	1963	0.5	1.1	3.7	10.2	14.0	18.9	20.0	20.7	17.3	12.6	5.0	0.1
227	38734	Dehavz	70.20	39.45	2561	1964	-6.3	-2.2	4.5	6.1	12.6	17.6	19.6	21.3	17.6	11.2	4.6	-2.5
227	38734	Dehavz	70.20	39.45	2561	1965	-1.3	-3.5	2.9	8.3	15.6	17.1	21.5	21.4	16.4	10.8	4.3	0.6
227	38734	Dehavz	70.20	39.45	2561	1966	1.7	0.9	1.9	8.6	12.6	20.2	20.8	20.7	17.4	8.5	4.8	-1.5
227	38734	Dehavz	70.20	39.45	2561	1967	-4.6	-2.3	3.3	9.3	13.1	18.8	21.3	22.5	18.1	9.1	3.1	0.1
227	38734	Dehavz	70.20	39.45	2561	1968	-3.2	-1.7	3.6	10.4	12.8	17.8	22.5	22.6	18.1	10.2	3.7	-4.0
227	38734	Dehavz	70.20	39.45	2561	1969	-5.3	-4.0	4.5	7.7	14.5	18.7	19.9	22.3	16.3	10.4	3.6	0.9
227	38734	Dehavz	70.20	39.45	2561	1970	-2.4	0.4	3.1	11.3	15.4	18.9	19.1	22.3	18.5	12.3	5.0	-1.3
227	38734	Dehavz	70.20	39.45	2561	1971	-2.4	-1.1	6.4	10.7	13.5	21.4	21.5	22.1	16.9	12.9	4.7	2.6
227	38734	Dehavz	70.20	39.45	2561	1972	-3.3	-5.6	2.0	8.7	12.6	17.2	17.2	19.1	17.6	11.5	6.4	-2.0
227	38734	Dehavz	70.20	39.45	2561	1973	-5.4	-0.3	0.8	9.0	14.7	21.2	23.8	24.1	18.5	12.4	8.2	0.3
227	38734	Dehavz	70.20	39.45	2561	1974	-4.1	-3.0	5.8	10.1	14.7	17.8	20.8	18.9	15.9	11.2	4.9	-2.2
227	38734	Dehavz	70.20	39.45	2561	1975	-1.8	-2.1	2.8	12.1	12.9	18.7	22.7	24.1	17.3	12.6	1.6	-0.4
227	38734	Dehavz	70.20	39.45	2561	1976	-0.4	-2.6	2.5	9.4	15.5	18.5	23.1	25.3	17.2	9.0	3.0	-1.0
227	38734	Dehavz	70.20	39.45	2561	1977	-4.6	-1.1	7.0	12.4	14.0	20.9	23.4	23.2	19.7	10.7	6.4	-1.0
227	38734	Dehavz	70.20	39.45	2561	1978	-4.1	-0.7	1.2	9.7	15.1	19.9	24.2	23.8	21.2	11.2	1.4	1.1
227	38734	Dehavz	70.20	39.45	2561	1979	-1.7	-0.3	2.5	10.0	12.3	18.4	24.0	21.0	18.9	14.9	7.1	0.7
227	38734	Dehavz	70.20	39.45	2561	1980	-2.7	-2.9	1.2	10.9	15.6	19.3	24.1	22.6	18.7	11.1	5.8	1.4
227	38734	Dehavz	70.20	39.45	2561	1981	-1.9	-0.7	3.9	9.6	15.0	15.5	20.4	18.5	17.1	9.4	4.8	-1.0
227	38734	Dehavz	70.20	39.45	2561	1982	-1.1	-2.0	3.1	12.3	15.9	18.2	20.9	21.1	15.0	8.5	1.6	-1.4
227	38734	Dehavz	70.20	39.45	2561	1983	-1.8	-0.5	1.7	10.7	15.5	18.2	22.9	24.7	17.7	11.7	6.3	-1.4
227	38734	Dehavz	70.20	39.45	2561	1984	-3.8	-5.1	3.1	9.1	13.4	21.0	24.7	27.2	16.7	11.6	3.3	-5.3
227	38734	Dehavz	70.20	39.45	2561	1985	-2.9	0.1	2.8	12.6	13.3	20.1	24.5	20.9	19.9	10.2	4.7	0.3
227	38734	Dehavz	70.20	39.45	2561	1986	-1.0	2.0	1.4	9.7	14.2	18.3	23.5	22.6	20.4	12.5	4.2	-2.0
227	38734	Dehavz	70.20	39.45	2561	1987	-0.5	1.2	-999.0	8.0	13.9	16.6	18.9	22.9	18.6	8.9	6.4	2.9
227	38734	Dehavz	70.20	39.45	2561	1988	-1.5	0.0	2.6	12.2	13.4	20.1	23.0	20.9	18.8	9.5	8.7	1.4
227	38734	Dehavz	70.20	39.45	2561	1989	-4.5	-4.6	4.2	7.4	13.4	17.1	20.4	20.9	17.9	12.5	2.6	0.0
227	38734	Dehavz	70.20	39.45	2561	1990	-2.0	-1.4	3.1	7.6	15.6	21.8	21.2	23.2	21.7	11.7	-999.0	-999.0
227	38836	Dushanbe	68.78	38.58	790	1926	-999.0	-999.0	-999.0	17.8	26.3	29.4	34.7	37.7	30.9	24.6	13.2	10.3
227	38836	Dushanbe	68.78	38.58	790	1927	3.0	6.8	-999.0	-999.0	-999.0	-999.0	-999.0	-999.0	-999.0	-999.0	-999.0	-999.0
227	38836	Dushanbe	68.78	38.58	790	1928	-999.0	-999.0	-999.0	-999.0	-999.0	-999.0	-999.0	-999.0	28.6	24.1	17.7	8.4
227	38836	Dushanbe	68.78	38.58	790	1929	5.3	6.8	16.5	24.6	26.5	32.0	35.0	33.7	31.1	-999.0	-999.0	2.2
227	38836	Dushanbe	68.78	38.58	790	1930	1.1	7.2	15.0	19.4	26.2	31.9	37.7	34.3	27.2	21.9	18.9	9.2
227	38836	Dushanbe	68.78	38.58	790	1931	7.1	3.3	14.7	22.1	23.0	29.3	34.2	35.1	31.8	23.7	14.1	8.7
227	38836	Dushanbe	68.78	38.58	790	1932	6.0	9.5	17.9	23.9	24.9	32.5	37.3	33.5	30.0	22.4	13.7	3.2
227	38836	Dushanbe	68.78	38.58	790	1933	2.3	10.0	10.8	20.4	28.9	32.1	37.7	36.1	30.7	23.9	16.3	9.7
227	38836	Dushanbe	68.78	38.58	790	1934	-0.8	12.0	15.3	19.7	21.3	31.7	34.8	35.3	28.6	22.7	14.5	10.2
227	38836	Dushanbe	68.78	38.58	790	1935	2.3	11.3	14.4	21.3	25.4	26.9	35.0	35.8	29.5	22.8	13.5	9.9
227	38836	Dushanbe	68.78	38.58	790	1936	6.3	12.1	11.9	21.0	28.9	34.1	36.0	34.1	32.2	26.7	17.5	7.4
227	38836	Dushanbe	68.78	38.58	790	1937	4.7	11.3	12.8	19.5	26.4	32.4	36.4	35.9	30.9	22.7	15.8	10.4
227	38836	Dushanbe	68.78	38.58	790	1938	8.3	9.9	12.5	24.3	30.8	32.6	34.4	34.9	29.7	24.0	14.4	10.4
227	38836	Dushanbe	68.78	38.58	790	1939	7.6	9.9	13.2	18.9	28.1	35.0	36.1	35.1	30.9	23.4	17.4	13.8
227	38836	Dushanbe	68.78	38.58	790	1940	9.6	11.2	13.0	22.6	26.7	34.8	36.5	34.9	30.4	25.1	19.2	11.8
227	38836	Dushanbe	68.78	38.58	790	1941	7.1	13.7	18.4	22.4	29.9	35.8	35.6	35.9	31.8	28.0	17.4	12.1
227	38836	Dushanbe	68.78	38.58	790	1942	7.4	7.1	15.9	22.9	27.4	30.7	36.2	34.1	30.2	25.3	18.8	9.7
227	38836	Dushanbe	68.78	38.58	790	1943	7.6	9.4	11.6	20.0	24.7	31.8	36.6	34.6	29.9	22.9	15.4	11.8
227	38836	Dushanbe	68.78	38.58	790	1944	9.5	12.1	19.9	22.0	29.1	33.0	39.1	36.5	30.2	22.6	16.0	2.6
227	38836	Dushanbe	68.78	38.58	790	1945	4.6	6.2	12.1	20.8	24.9	31.7	35.1	35.4	31.4	26.7	16.5	10.3
227	38836	Dushanbe	68.78	38.58	790	1946	7.7	14.9	16.0	25.1	31.0	33.4	35.9	35.1	32.1	28.0	15.3	6.4
227	38836	Dushanbe	68.78	38.58	790	1947	8.9	10.9	19.9	22.7	26.9	31.6	35.9	37.5	31.0	23.5	20.8	12.1
227	38836	Dushanbe	68.78	38.58	790	1948	12.8	11.5	13.5	19.9	27.9	32.0	37.3	35.6	30.5	24.0	17.0	6.1
227	38836	Dushanbe	68.78	38.58	790	1949	4.2	8.8	13.5	21.5	26.5	29.1	36.7	32.8	30.0	19.9	14.6	11.9
227	38836	Dushanbe	68.78	38.58	790	1950	6.1	8.8	15.3	19.1	27.1	33.4	37.3	35.9	30.6	25.2	13.2	5.6
227	38836	Dushanbe	68.78	38.58	790	1951	5.9	6.3	13.8	20.4	26.9	30.3	34.1	35.0	32.4	25.1	16.5	13.4
227	38836	Dushanbe	68.78	38.58	790	1952	8.9	11.8	14.0	23.0	26.2	32.0	35.0	34.7	30.0	24.7	13.6	9.5
227	38836	Dushanbe	68.78	38.58	790	1953	9.3	14.8	13.1	20.7	26.5	31.8	36.1	34.4	30.9	19.8	12.7	7.9
227	38836	Dushanbe	68.78	38.58	790	1954	6.8	9.7	13.0	22.2	27.2	31.2	34.2	33.7	30.9	24.4	15.1	8.8
227	38836	Dushanbe	68.78	38.58	790	1955	11.7	14.6	15.1	21.2	25.0	31.5	35.8	36.6	31.4	23.8	21.1	12.8
227	38836	Dushanbe	68.78	38.58	790	1956	9.5	10.2	14.8	23.3	29.6	32.1	38.4	35.2	31.2	24.9	20.9	8.7
227	38836	Dushanbe	68.78	38.58	790	1957	4.1	7.6	16.1	18.9	26.0	31.4	34.0	34.6	30.5	22.6	13.6	9.2
227	38836	Dushanbe	68.78	38.58	790	1958	11.4	13.3	17.7	22.3	24.2	32.9	36.5	33.8	31.0	24.8	12.7	11.6
227	38836	Dushanbe	68.78	38.58	790	1959	10.9	7.8	15.2	24.3	26.3	33.0	35.8	36.7	34.5	26.4	13.9	7.4
227	38836	Dushanbe	68.78	38.58	790	1960	10.5	14.8	12.3	19.3	24.4	33.7	35.6	36.3	31.0	25.5	15.0	10.4
227	38836	Dushanbe	68.78	38.58	790	1961	10.5	7.8	16.0	21.3	30.6	34.1	37.6	35.3	32.1	22.7	17.4	11.9
227	38836	Dushanbe	68.78	38.58	790	1962	8.3	14.2	19.5	20.7	26.0	31.7	36.9	34.3	29.0	23.2	10.9	11.8
227	38836	Dushanbe	68.78	38.58	790	1963	14.1	13.9	16.6	22.8	26.3	33.8	34.8	33.8	30.0	25.9	16.2	11.1
227	38836	Dushanbe	68.78	38.58	790	1964	1.8	10.1	17.2	19.3	26.2	32.7	34.4	34.7	30.0	21.6	17.7	5.3
227	38836	Dushanbe	68.78	38.58	790	1965	8.3	7.9	13.5	20.7	27.2	32.1	34.8	33.3	28.9	24.7	18.5	13.0
227	38836	Dushanbe	68.78	38.58	790	1966	15.9	14.5	14.2	20.3	26.0	34.6	35.1	34.4	29.5	21.0	15.3	11.8
227	38836	Dushanbe	68.78	38.58	790	1967	8.4	9.3	15.7	20.4	23.9	31.4	35.0	34.1	29.9	21.5	16.4	11.1
227	38836	Dushanbe	68.78	38.58	790	1968	9.2	10.0	15.2	20.6	23.7	32.2	35.0	34.2	30.7	22.9	16.7	8.9
227	38836	Dushanbe	68.78	38.58	790	1969	4.1	4.8	16.0	19.4	25.0	31.6	34.2	33.4	28.5	22.6	14.3	13.8
227	38836	Dushanbe	68.78	38.58	790	1970	8.4	13.5	14.6	22.8	28.9	33.3	34.2	36.1	29.6	25.0	19.7	10.0
227	38836	Dushanbe	68.78	38.58	790	1971	7.0	10.6	18.2	23.0	30.0	35.1	35.6	34.4	29.6	24.4	18.7	14.9
227	38836	Dushanbe	68.78	38.58	790	1972	4.4	2.0	13.3	21.4	25.3	30.7	33.1	32.0	29.7	24.4	19.6	6.6
227	38836	Dushanbe	68.78	38.58	790	1973	4.2	11.9	13.4	22.7	26.6	35.1	36.7	34.9	29.5	25.0	20.4	12.3
227	38836	Dushanbe	68.78	38.58	790	1974	5.1	5.5	16.7	23.4	27.6	32.8	35.8	32.7	29.6	23.2	17.5	9.0
227	38836	Dushanbe	68.78	38.58	790	1975	7.7	9.3	14.4	21.1	26.3	33.6	37.2	35.2	30.8	23.5	13.9	9.3
227	38836	Dushanbe	68.78	38.58	790	1976	11.1	6.3	12.2	21.0	27.5	32.8	36.9	36.0	30.9	22.5	14.3	9.3
227	38836	Dushanbe	68.78	38.58	790	1977	2.1	10.8	20.3	23.6	26.5	35.1	37.5	35.3	31.2	23.1	17.2	10.8
227	38836	Dushanbe	68.78	38.58	790	1978	7.2	9.3	13.3	24.0	28.1	33.0	36.2	34.7	32.2	25.3	12.6	13.7
227	38836	Dushanbe	68.78	38.58	790	1979	9.4	12.6	14.0	23.3	23.1	32.8	37.3	33.9	30.7	27.5	16.7	12.4
227	38836	Dushanbe	68.78	38.58	790	1980	7.2	7.7	14.1	24.1	29.0	33.6	36.8	34.6	30.9	24.6	19.5	14.2
227	38836	Dushanbe	68.78	38.58	790	1981	10.0	10.5	16.7	22.7	27.9	31.2	34.6	33.7	30.4	21.5	18.0	12.6
227	38836	Dushanbe	68.78	38.58	790	1982	9.3	7.2	13.6	24.1	28.3	33.4	35.4	34.2	28.8	22.4	11.8	9.0
227	38836	Dushanbe	68.78	38.58	790	1983	8.5	13.5	13.1	21.3	28.1	32.4	37.0	36.5	31.0	23.7	20.3	9.8
227	38836	Dushanbe	68.78	38.58	790	1984	8.2	2.4	15.5	22.3	27.4	34.4	37.7	37.4	29.7	22.5	16.5	3.7
227	38836	Dushanbe	68.78	38.58	790	1985	7.9	13.2	13.3	23.8	26.7	34.8	36.9	33.3	30.9	22.2	17.1	10.6
227	38836	Dushanbe	68.78	38.58	790	1986	10.8	12.5	12.1	21.1	26.9	32.4	36.2	34.2	31.1	25.1	15.1	8.5
227	38836	Dushanbe	68.78	38.58	790	1987	12.1	11.8	16.5	19.6	26.7	31.6	33.6	36.3	30.3	18.2	17.0	14.4
227	38836	Dushanbe	68.78	38.58	790	1988	9.4	10.3	14.8	24.7	27.5	34.3	37.2	34.1	30.9	23.2	21.8	14.7
227	38836	Dushanbe	68.78	38.58	790	1989	6.4	5.7	16.7	20.5	24.3	32.6	34.7	-999.0	30.2	26.1	17.5	13.9
227	38836	Dushanbe	68.78	38.58	790	1990	7.8	-999.0	-999.0	-999.0	-999.0	-999.0	-999.0	-999.0	-999.0	-999.0	-999.0	-999.0
227	38836	Dushanbe	68.78	38.58	790	1991	-999.0	-999.0	-999.0	-999.0	-999.0	-999.0	-999.0	-999.0	-999.0	-999.0	-999.0	-999.0
227	38836	Dushanbe	68.78	38.58	790	1992	-999.0	-999.0	-999.0	-999.0	-999.0	-999.0	-999.0	-999.0	-999.0	-999.0	-999.0	-999.0
227	38836	Dushanbe	68.78	38.58	790	1993	-999.0	-999.0	-999.0	-999.0	-999.0	-999.0	-999.0	-999.0	-999.0	-999.0	-999.0	-999.0
227	38836	Dushanbe	68.78	38.58	790	1994	8.4	7.6	18.7	19.6	28.3	34.1	37.3	37.3	27.6	22.3	20.6	9.0
227	38836	Dushanbe	68.78	38.58	790	1995	10.7	11.0	15.1	22.8	-999.0	-999.0	-999.0	-999.0	-999.0	-999.0	-999.0	-999.0
227	38836	Dushanbe	68.78	38.58	790	1996	-999.0	-999.0	-999.0	-999.0	-999.0	-999.0	-999.0	-999.0	-999.0	-999.0	-999.0	-999.0
227	38836	Dushanbe	68.78	38.58	790	1997	-999.0	-999.0	-999.0	-999.0	-999.0	-999.0	-999.0	-999.0	-999.0	31.1	16.0	-999.0
227	38836	Dushanbe	68.78	38.58	790	1998	-999.0	-999.0	-999.0	-999.0	-999.0	-999.0	-999.0	-999.0	-999.0	-999.0	-999.0	-999.0
227	38836	Dushanbe	68.78	38.58	790	1999	-999.0	-999.0	-999.0	-999.0	27.6	32.1	33.6	36.1	-999.0	25.0	13.5	-999.0
227	38836	Dushanbe	68.78	38.58	790	2000	-999.0	-999.0	-999.0	-999.0	-999.0	-999.0	-999.0	-999.0	-999.0	-999.0	-999.0	-999.0
227	38836	Dushanbe	68.78	38.58	790	2001	10.1	12.6	18.9	25.2	-999.0	35.3	36.2	-999.0	-999.0	-999.0	18.4	13.1
227	38836	Dushanbe	68.78	38.58	790	2002	11.8	11.1	18.1	21.7	26.0	32.8	34.9	36.4	31.5	27.9	17.9	7.3
227	38836	Dushanbe	68.78	38.58	790	2003	11.8	10.8	14.0	20.6	24.0	31.0	36.4	34.8	30.7	26.4	15.0	8.6
227	38956	Dzhavshangoz	72.45	37.35	3436	1934	-999.0	-999.0	-999.0	-999.0	-999.0	-999.0	-999.0	-999.0	15.2	6.3	-3.2	-8.0
227	38956	Dzhavshangoz	72.45	37.35	3436	1935	-12.6	-7.2	-2.3	1.0	10.0	12.9	19.0	20.3	14.5	7.5	-2.4	-11.7
227	38956	Dzhavshangoz	72.45	37.35	3436	1936	-14.7	-5.5	-3.7	1.9	13.1	16.3	19.5	19.7	16.9	9.9	-0.2	-7.6
227	38956	Dzhavshangoz	72.45	37.35	3436	1937	-10.3	-3.7	-3.2	4.8	12.2	16.7	20.8	19.8	14.8	7.2	-2.7	-8.4
227	38956	Dzhavshangoz	72.45	37.35	3436	1938	-9.9	-8.9	-2.9	3.7	14.4	14.9	18.1	-999.0	-999.0	-999.0	-999.0	-999.0
227	38956	Dzhavshangoz	72.45	37.35	3436	1939	-11.3	-8.4	-3.7	1.9	-999.0	-999.0	-999.0	-999.0	-999.0	-999.0	1.1	-2.7
227	38956	Dzhavshangoz	72.45	37.35	3436	1940	-5.8	-5.4	-3.0	5.4	11.9	17.3	19.7	18.7	13.7	8.8	1.0	-8.3
227	38956	Dzhavshangoz	72.45	37.35	3436	1941	-9.8	-5.0	0.0	6.3	14.0	18.1	19.0	-999.0	-999.0	12.1	1.8	-7.1
227	38956	Dzhavshangoz	72.45	37.35	3436	1942	-8.8	-7.7	-0.1	6.7	12.5	14.9	21.0	20.8	16.2	7.9	2.4	-8.6
227	38956	Dzhavshangoz	72.45	37.35	3436	1943	-10.5	-6.9	-2.3	4.4	9.8	14.6	20.4	20.0	15.6	7.0	-1.1	-6.5
227	38956	Dzhavshangoz	72.45	37.35	3436	1945	-12.1	-8.8	-2.6	2.5	10.0	15.8	19.6	20.1	16.5	9.0	0.5	-6.8
227	38956	Dzhavshangoz	72.45	37.35	3436	1946	-9.8	-4.5	-2.8	7.8	13.4	15.6	20.0	20.0	15.6	11.7	-0.3	-8.6
227	38956	Dzhavshangoz	72.45	37.35	3436	1947	-10.8	-7.0	0.0	7.1	13.5	16.1	19.2	21.4	17.1	7.2	2.3	-7.8
227	38956	Dzhavshangoz	72.45	37.35	3436	1948	-9.2	-7.7	-3.5	4.8	10.5	13.4	19.9	20.6	16.1	10.8	-0.9	-9.7
227	38956	Dzhavshangoz	72.45	37.35	3436	1949	-9.3	-7.8	-1.8	2.5	11.8	11.6	19.5	18.1	15.8	8.4	-3.5	-12.0
227	38956	Dzhavshangoz	72.45	37.35	3436	1950	-10.4	-10.4	-3.0	0.6	11.0	16.4	21.5	20.3	15.3	8.0	-1.2	-9.1
227	38956	Dzhavshangoz	72.45	37.35	3436	1951	-9.7	-8.0	-2.4	3.4	11.2	14.4	17.1	20.0	16.5	9.9	2.1	-2.2
227	38956	Dzhavshangoz	72.45	37.35	3436	1952	-7.2	-5.4	-3.1	6.2	11.0	15.5	19.4	19.4	15.8	9.8	-1.8	-7.0
227	38956	Dzhavshangoz	72.45	37.35	3436	1953	-11.3	-4.2	-1.1	4.7	11.6	15.9	21.5	19.6	17.2	8.2	-2.3	-3.3
227	38956	Dzhavshangoz	72.45	37.35	3436	1954	-12.4	-7.0	-0.8	3.7	11.0	14.5	16.4	18.3	16.7	6.6	0.5	-11.4
227	38956	Dzhavshangoz	72.45	37.35	3436	1955	-10.4	-4.7	0.8	1.8	9.2	14.2	17.4	22.4	16.3	8.6	0.8	-5.2
227	38956	Dzhavshangoz	72.45	37.35	3436	1956	-11.2	-5.8	0.3	7.1	14.8	16.4	24.8	21.1	17.2	8.8	3.8	-7.0
227	38956	Dzhavshangoz	72.45	37.35	3436	1957	-10.7	-10.2	-2.1	1.9	7.8	14.4	18.1	18.7	13.8	7.7	0.6	-8.8
227	38956	Dzhavshangoz	72.45	37.35	3436	1958	-8.9	-8.6	-0.8	6.4	8.2	14.0	20.2	18.2	17.4	7.9	-4.2	-6.4
227	38956	Dzhavshangoz	72.45	37.35	3436	1959	-11.8	-8.9	-2.2	4.9	-999.0	-999.0	-999.0	-999.0	-999.0	-999.0	-0.7	-8.9
227	38956	Dzhavshangoz	72.45	37.35	3436	1960	-10.9	-4.3	-3.6	2.0	9.1	14.8	19.6	21.4	15.1	8.5	-3.9	-10.9
227	38956	Dzhavshangoz	72.45	37.35	3436	1961	-10.4	-10.8	-2.8	5.5	13.3	16.4	22.1	20.9	18.5	8.0	0.4	-8.3
227	38956	Dzhavshangoz	72.45	37.35	3436	1962	-9.9	-6.0	0.8	7.0	10.5	15.4	19.2	19.9	14.9	6.9	-3.1	-9.0
227	38956	Dzhavshangoz	72.45	37.35	3436	1963	-8.4	-3.9	-1.9	6.6	12.2	17.5	19.5	20.1	15.6	10.2	-0.9	-5.9
227	38956	Dzhavshangoz	72.45	37.35	3436	1964	-12.0	-7.2	-1.1	3.6	8.5	14.6	18.8	21.2	15.8	9.4	2.0	-7.8
227	38956	Dzhavshangoz	72.45	37.35	3436	1965	-6.9	-10.2	-3.7	1.3	10.4	15.1	18.6	16.6	14.6	9.2	-3.4	-9.6
227	38956	Dzhavshangoz	72.45	37.35	3436	1966	-7.2	-4.5	-1.8	2.2	7.9	16.0	18.0	19.6	14.7	6.3	-0.8	-5.8
227	38956	Dzhavshangoz	72.45	37.35	3436	1967	-11.4	-6.7	-3.3	4.6	8.7	15.5	19.7	20.0	16.4	5.4	-1.1	-5.8
227	38956	Dzhavshangoz	72.45	37.35	3436	1968	-10.5	-7.9	-0.8	5.1	8.6	15.9	20.7	19.9	16.3	6.7	-1.3	-8.4
227	38956	Dzhavshangoz	72.45	37.35	3436	1969	-10.1	-7.8	1.9	-3.0	9.5	14.7	18.9	21.2	14.8	7.7	-0.7	-5.0
227	38956	Dzhavshangoz	72.45	37.35	3436	1970	-7.6	-5.3	-1.4	8.1	12.3	17.0	17.7	22.1	17.0	10.4	1.9	-6.1
227	38956	Dzhavshangoz	72.45	37.35	3436	1971	-8.9	-5.7	0.2	8.0	13.0	19.8	20.9	20.4	13.9	9.3	1.5	-999.0
227	38956	Dzhavshangoz	72.45	37.35	3436	1972	-2.0	-999.0	-999.0	-999.0	-999.0	-999.0	-999.0	-999.0	-999.0	-999.0	-999.0	-999.0
227	38956	Dzhavshangoz	72.45	37.35	3436	1973	-11.2	-6.8	-2.7	4.1	10.9	18.5	23.1	23.0	17.7	9.3	4.2	-3.2
227	38956	Dzhavshangoz	72.45	37.35	3436	1974	-8.7	-8.1	-0.5	7.8	10.9	15.4	19.7	19.0	14.6	9.5	-1.0	-10.3
227	38956	Dzhavshangoz	72.45	37.35	3436	1975	-13.1	-8.0	-2.4	5.1	9.2	14.5	19.4	20.7	15.5	8.6	-0.8	-7.5
227	38956	Dzhavshangoz	72.45	37.35	3436	1976	-10.7	-8.4	-3.4	3.4	12.0	15.2	22.3	21.7	15.8	7.9	1.0	-5.9
227	38956	Dzhavshangoz	72.45	37.35	3436	1977	-10.4	-8.8	1.2	9.0	10.4	17.1	21.2	20.5	16.4	8.4	-3.7	-10.5
227	38956	Dzhavshangoz	72.45	37.35	3436	1978	-13.5	-8.9	-5.5	4.2	13.0	18.5	22.9	22.0	17.7	9.1	-2.2	-6.6
227	38956	Dzhavshangoz	72.45	37.35	3436	1979	-9.1	-6.8	-3.2	7.1	8.3	15.7	20.5	18.6	14.5	10.6	3.1	-4.1
227	38956	Dzhavshangoz	72.45	37.35	3436	1980	-8.0	-6.3	-3.0	7.0	12.1	17.5	21.1	19.4	15.5	8.7	1.2	-5.7
227	38956	Dzhavshangoz	72.45	37.35	3436	1981	-8.4	-5.9	-0.8	5.4	13.0	15.1	19.4	18.9	15.5	5.9	-0.5	-7.0
227	38956	Dzhavshangoz	72.45	37.35	3436	1982	-7.7	-8.7	-1.6	7.4	12.2	14.9	19.3	20.3	13.3	8.3	-1.7	-11.3
227	38956	Dzhavshangoz	72.45	37.35	3436	1983	-11.7	-9.2	-4.5	5.4	12.3	14.5	18.8	22.9	16.5	8.8	3.8	-4.7
227	38956	Dzhavshangoz	72.45	37.35	3436	1984	-9.6	-10.7	-1.6	4.1	10.4	10.2	20.7	24.4	-999.0	7.7	-0.1	-9.0
227	38956	Dzhavshangoz	72.45	37.35	3436	1985	-12.0	-6.5	0.5	8.4	11.2	15.5	21.6	20.1	16.3	7.9	-999.0	-7.3
227	38956	Dzhavshangoz	72.45	37.35	3436	1986	-12.6	-8.8	-3.9	3.8	10.0	15.0	19.8	19.0	15.2	9.1	1.0	-10.0
227	38956	Dzhavshangoz	72.45	37.35	3436	1987	-10.5	-6.6	-0.5	-999.0	-999.0	13.8	16.8	20.1	16.2	4.6	-1.2	-7.4
227	38956	Dzhavshangoz	72.45	37.35	3436	1988	-10.2	-8.1	-3.5	5.0	11.8	16.7	21.7	19.3	16.1	6.6	4.4	-3.3
227	38956	Dzhavshangoz	72.45	37.35	3436	1989	-9.9	-9.0	-0.3	3.3	9.4	13.7	18.3	18.3	15.7	9.2	-5.2	-9.5
227	38956	Dzhavshangoz	72.45	37.35	3436	1990	-10.3	-8.4	-5.1	0.7	13.1	17.4	20.2	21.1	18.8	8.8	3.1	-5.6
227	38844	Faizabad	69.32	38.55	1215	1942	-999.0	3.2	11.9	20.3	24.0	27.4	33.4	30.9	26.8	22.0	15.0	6.9
227	38844	Faizabad	69.32	38.55	1215	1943	3.6	5.4	-999.0	16.9	22.7	29.3	-999.0	-999.0	-999.0	-999.0	-999.0	7.9
227	38844	Faizabad	69.32	38.55	1215	1944	3.1	5.3	14.2	19.3	27.0	29.7	36.1	33.3	26.1	18.9	11.5	1.2
227	38844	Faizabad	69.32	38.55	1215	1945	0.8	2.4	7.8	17.6	22.2	28.8	31.8	31.8	27.5	23.5	12.9	6.3
227	38844	Faizabad	69.32	38.55	1215	1946	4.9	9.7	11.5	-999.0	-999.0	-999.0	-999.0	-999.0	-999.0	-999.0	-999.0	-999.0
227	38844	Faizabad	69.32	38.55	1215	1947	-999.0	-999.0	-999.0	-999.0	-999.0	-999.0	-999.0	-999.0	-999.0	-999.0	15.8	8.5
227	38844	Faizabad	69.32	38.55	1215	1948	7.7	6.8	9.5	17.0	24.7	28.7	31.0	31.8	27.1	20.9	14.1	3.4
227	38844	Faizabad	69.32	38.55	1215	1949	2.7	4.3	9.3	17.7	23.8	25.7	33.3	29.6	26.6	16.7	10.6	6.9
227	38844	Faizabad	69.32	38.55	1215	1950	2.6	2.5	10.7	15.1	23.3	29.3	33.2	31.6	26.2	21.0	9.7	2.3
227	38844	Faizabad	69.32	38.55	1215	1951	1.8	1.0	8.6	16.7	23.1	26.4	30.7	31.3	28.0	21.1	12.6	10.3
227	38844	Faizabad	69.32	38.55	1215	1952	4.7	6.5	9.1	18.7	23.0	28.8	32.1	31.4	26.4	21.5	10.1	5.7
227	38844	Faizabad	69.32	38.55	1215	1953	3.6	8.9	8.7	16.8	23.4	28.6	33.3	30.7	26.9	16.0	9.3	5.8
227	38844	Faizabad	69.32	38.55	1215	1954	2.5	4.6	8.3	18.5	23.8	27.8	30.5	29.9	26.9	20.6	12.1	4.6
227	38844	Faizabad	69.32	38.55	1215	1955	6.1	9.0	11.0	16.9	21.2	27.7	31.8	32.8	27.4	20.0	16.0	8.7
227	38844	Faizabad	69.32	38.55	1215	1956	3.5	5.2	10.0	18.9	26.0	28.6	34.9	31.0	27.2	21.2	17.6	6.3
227	38844	Faizabad	69.32	38.55	1215	1957	1.4	1.8	10.6	14.3	22.7	27.5	30.2	29.9	25.7	18.5	10.1	5.1
227	38844	Faizabad	69.32	38.55	1215	1958	6.6	5.8	11.9	18.6	20.1	28.9	32.6	29.6	26.8	19.9	9.0	7.5
227	38844	Faizabad	69.32	38.55	1215	1959	5.3	2.2	9.9	19.8	21.8	28.3	31.2	32.2	30.0	22.5	10.5	4.3
227	38844	Faizabad	69.32	38.55	1215	1960	5.5	9.3	7.5	15.2	20.7	29.7	31.5	31.9	26.2	21.0	10.6	7.6
227	38844	Faizabad	69.32	38.55	1215	1961	5.6	2.2	9.9	17.7	25.9	29.8	33.3	30.9	27.8	18.5	12.6	6.1
227	38844	Faizabad	69.32	38.55	1215	1962	3.4	8.0	15.0	16.6	21.6	27.5	32.6	30.3	24.6	19.0	7.9	6.4
227	38844	Faizabad	69.32	38.55	1215	1963	7.1	8.6	11.7	18.9	22.4	29.3	30.9	29.8	26.6	22.5	13.4	7.3
227	38844	Faizabad	69.32	38.55	1215	1964	-1.3	4.6	12.0	15.4	22.3	28.5	30.4	30.6	25.9	18.4	14.3	3.0
227	38844	Faizabad	69.32	38.55	1215	1965	4.9	2.5	8.3	16.8	23.8	28.4	31.4	30.2	25.5	21.7	14.6	9.3
227	38862	Fedchenko Glacier	72.22	38.83	4169	1933	-999.0	-999.0	-999.0	-999.0	-999.0	-999.0	-999.0	-999.0	5.6	-3.0	-9.0	-11.4
227	38862	Fedchenko Glacier	72.22	38.83	4169	1934	-18.6	-12.3	-10.8	-6.0	-4.1	2.9	5.5	7.3	2.2	-4.1	-12.1	-13.3
227	38862	Fedchenko Glacier	72.22	38.83	4169	1935	-17.9	-12.0	-10.2	-7.1	-1.0	1.1	7.3	8.7	3.9	-2.3	-999.0	-999.0
227	38862	Fedchenko Glacier	72.22	38.83	4169	1936	-999.0	-12.2	-11.5	-6.2	1.3	3.7	6.7	7.5	6.2	-0.8	-9.0	-14.7
227	38862	Fedchenko Glacier	72.22	38.83	4169	1937	-16.5	-12.5	-11.6	-6.5	-0.8	2.9	7.4	8.3	3.8	-3.8	-12.2	-13.6
227	38862	Fedchenko Glacier	72.22	38.83	4169	1938	-14.4	-14.1	-11.5	-2.2	3.0	3.0	7.2	8.4	1.3	-3.2	-10.6	-13.0
227	38862	Fedchenko Glacier	72.22	38.83	4169	1939	-14.9	-13.2	-10.8	-7.2	0.9	3.1	8.3	9.1	5.0	-3.1	-9.1	-11.9
227	38862	Fedchenko Glacier	72.22	38.83	4169	1940	-13.0	-13.0	-10.5	-3.8	-0.2	5.4	8.1	7.7	2.5	-2.9	-8.2	-12.9
227	38862	Fedchenko Glacier	72.22	38.83	4169	1941	-14.6	-11.8	-8.0	-4.0	1.6	6.3	8.3	9.9	5.0	0.4	-8.6	-12.4
227	38862	Fedchenko Glacier	72.22	38.83	4169	1942	-13.9	-14.3	-8.5	-4.0	0.2	3.9	9.6	9.5	5.1	-4.0	-8.5	-13.5
227	38862	Fedchenko Glacier	72.22	38.83	4169	1943	-14.7	-14.1	-10.5	-5.8	-1.3	2.2	8.7	8.9	5.1	-3.5	-9.9	-12.3
227	38862	Fedchenko Glacier	72.22	38.83	4169	1944	-15.3	-14.1	-7.7	-4.5	1.2	1.6	11.2	10.8	2.8	-6.1	-9.9	-15.7
227	38862	Fedchenko Glacier	72.22	38.83	4169	1945	-15.7	-18.1	-10.4	-5.5	-0.2	3.2	7.3	8.4	5.4	-1.7	-9.7	-13.5
227	38862	Fedchenko Glacier	72.22	38.83	4169	1946	-13.9	-9.6	-10.9	-2.5	0.1	2.0	6.8	8.3	4.7	0.7	-10.0	-14.3
227	38862	Fedchenko Glacier	72.22	38.83	4169	1947	-14.8	-13.4	-6.8	-3.9	0.8	3.8	8.6	10.2	-999.0	-999.0	-999.0	-999.0
227	38862	Fedchenko Glacier	72.22	38.83	4169	1948	-13.4	-14.1	-11.1	-5.5	-1.8	1.3	7.9	9.2	4.3	-1.3	-9.6	-15.0
227	38862	Fedchenko Glacier	72.22	38.83	4169	1949	-13.4	-14.2	-10.6	-4.6	0.0	1.1	7.8	6.9	3.5	-3.3	-12.2	-13.9
227	38862	Fedchenko Glacier	72.22	38.83	4169	1950	-14.8	-16.0	-10.9	-7.3	-0.2	3.9	9.7	10.0	4.6	-3.8	-10.4	-14.7
227	38862	Fedchenko Glacier	72.22	38.83	4169	1951	-15.7	-15.8	-9.6	-7.0	-0.3	1.7	5.2	8.6	5.5	-2.3	-8.2	-10.2
227	38862	Fedchenko Glacier	72.22	38.83	4169	1952	-13.1	-12.1	-11.2	-3.4	-0.9	2.9	6.7	8.3	4.2	-1.5	-9.8	-12.3
227	38862	Fedchenko Glacier	72.22	38.83	4169	1953	-15.8	-10.3	-10.1	-6.2	0.9	2.7	8.9	7.6	5.6	-5.2	-10.2	-11.4
227	38862	Fedchenko Glacier	72.22	38.83	4169	1954	-15.6	-13.0	-9.6	-4.0	-1.7	1.6	4.2	6.7	4.6	-4.1	-10.0	-14.6
227	38862	Fedchenko Glacier	72.22	38.83	4169	1955	-14.8	-13.1	-9.2	-7.8	-1.0	2.5	4.7	9.3	4.0	-2.3	-7.2	-11.2
227	38862	Fedchenko Glacier	72.22	38.83	4169	1956	-15.4	-13.0	-9.4	-3.5	2.0	3.6	11.8	9.2	5.7	-1.9	-7.1	-14.1
227	38862	Fedchenko Glacier	72.22	38.83	4169	1957	-16.3	-15.9	-9.6	-6.6	-3.2	1.8	5.1	7.1	3.0	-2.9	-9.7	-12.5
227	38862	Fedchenko Glacier	72.22	38.83	4169	1958	-12.0	-13.5	-9.4	-4.2	-3.6	2.0	7.3	5.8	5.1	-3.8	-10.7	-11.1
227	38862	Fedchenko Glacier	72.22	38.83	4169	1959	-13.8	-15.6	-9.8	-3.3	-2.3	2.5	6.1	8.5	9.0	-0.8	-10.3	-13.2
227	38862	Fedchenko Glacier	72.22	38.83	4169	1960	-13.9	-10.4	-11.5	-6.0	-2.6	2.7	7.3	9.8	3.3	-2.6	-10.5	-11.3
227	38862	Fedchenko Glacier	72.22	38.83	4169	1961	-13.2	-16.9	-10.2	-4.3	2.4	4.4	9.9	8.8	6.2	-4.2	-9.1	-14.2
227	38862	Fedchenko Glacier	72.22	38.83	4169	1962	-14.6	-12.9	-7.2	-5.3	-2.0	2.8	7.5	8.0	3.3	-4.2	-11.6	-12.8
227	38862	Fedchenko Glacier	72.22	38.83	4169	1963	-12.1	-11.5	-9.1	-3.7	0.0	4.2	7.0	8.4	3.7	-2.3	-8.6	-10.7
227	38862	Fedchenko Glacier	72.22	38.83	4169	1964	-17.7	-14.2	-8.0	-6.0	-3.0	2.0	5.5	7.6	4.1	-2.6	-9.1	-12.1
227	38862	Fedchenko Glacier	72.22	38.83	4169	1965	-13.0	-15.9	-10.3	-5.5	-0.2	2.5	7.2	6.5	3.5	-3.4	-8.4	-12.2
227	38862	Fedchenko Glacier	72.22	38.83	4169	1966	-12.0	-10.5	-10.5	-6.2	-2.6	4.5	5.4	7.8	3.0	-5.6	-10.2	-13.7
227	38862	Fedchenko Glacier	72.22	38.83	4169	1967	-15.9	-13.7	-10.2	-5.2	-2.2	3.1	6.6	8.2	4.3	-4.9	-10.7	-12.2
227	38862	Fedchenko Glacier	72.22	38.83	4169	1968	-14.9	-15.0	-9.6	-4.5	-1.8	2.8	8.2	8.3	5.2	-4.2	-8.5	-13.8
227	38862	Fedchenko Glacier	72.22	38.83	4169	1969	-16.3	-15.5	-7.5	-4.6	-0.2	3.2	5.7	8.6	2.9	-3.1	-8.6	-11.6
227	38862	Fedchenko Glacier	72.22	38.83	4169	1970	-14.6	-13.3	-11.0	-3.4	-0.1	3.7	5.1	9.2	4.6	-2.2	-9.0	-13.7
227	38862	Fedchenko Glacier	72.22	38.83	4169	1971	-15.2	-14.2	-7.9	-3.5	-0.5	6.3	8.3	9.2	2.5	-1.2	-8.1	-10.0
227	38862	Fedchenko Glacier	72.22	38.83	4169	1972	-14.8	-17.1	-9.7	-5.7	-1.5	1.8	3.4	6.8	3.4	-3.2	-8.3	-13.0
227	38862	Fedchenko Glacier	72.22	38.83	4169	1973	-16.6	-13.1	-10.9	-4.5	-0.9	4.8	10.2	10.4	5.8	-2.2	-6.3	-12.7
227	38862	Fedchenko Glacier	72.22	38.83	4169	1974	-16.1	-15.1	-8.8	-3.7	-0.6	1.6	6.8	5.9	2.7	-2.6	-9.7	-15.4
227	38862	Fedchenko Glacier	72.22	38.83	4169	1975	-14.6	-14.1	-9.7	-2.6	-1.8	3.1	7.8	9.3	3.9	-2.8	-10.8	-12.8
227	38862	Fedchenko Glacier	72.22	38.83	4169	1976	-13.2	-14.9	-11.3	-4.8	-0.6	2.8	9.6	10.3	3.3	-999.0	-999.0	-999.0
227	38862	Fedchenko Glacier	72.22	38.83	4169	1977	-15.6	-14.0	-7.4	-2.7	-1.3	4.4	9.4	9.9	6.3	-2.5	-7.5	-13.0
227	38862	Fedchenko Glacier	72.22	38.83	4169	1978	-16.0	-13.9	-11.1	-4.1	0.4	5.4	11.1	10.1	6.2	-2.8	-10.7	-10.6
227	38862	Fedchenko Glacier	72.22	38.83	4169	1979	-13.1	-12.8	-11.0	-3.5	-2.3	3.0	9.1	6.8	3.3	-999.0	-8.1	-11.9
227	38862	Fedchenko Glacier	72.22	38.83	4169	1980	-15.0	-13.6	-11.3	-3.9	0.1	4.7	9.8	9.2	5.0	-2.1	-6.6	-10.2
227	38862	Fedchenko Glacier	72.22	38.83	4169	1981	-14.2	-13.1	-9.0	-4.3	0.9	2.0	7.3	6.6	3.2	-5.1	-9.4	-13.0
227	38862	Fedchenko Glacier	72.22	38.83	4169	1982	-13.6	-15.2	-10.5	-3.1	0.6	3.4	7.5	8.4	2.2	-3.6	-10.2	-12.9
227	38862	Fedchenko Glacier	72.22	38.83	4169	1983	-13.2	-13.7	-11.7	-4.7	-0.8	1.5	6.0	10.8	3.8	-2.1	-7.6	-13.1
227	38862	Fedchenko Glacier	72.22	38.83	4169	1984	-16.6	-16.9	-8.9	-5.8	-1.9	5.6	9.9	13.2	3.8	-2.7	-9.4	-15.8
227	38862	Fedchenko Glacier	72.22	38.83	4169	1985	-14.8	-12.4	-10.4	-2.7	-1.5	3.7	9.8	8.3	5.1	-4.1	-999.0	-11.6
227	38862	Fedchenko Glacier	72.22	38.83	4169	1986	-14.6	-12.8	-12.1	-5.5	-2.0	2.1	8.7	8.4	4.9	-2.5	-8.8	-12.5
227	38862	Fedchenko Glacier	72.22	38.83	4169	1987	-999.0	-11.6	-8.7	-5.7	-2.6	0.9	4.2	8.1	4.6	-5.3	-8.1	-9.2
227	38862	Fedchenko Glacier	72.22	38.83	4169	1988	-12.6	-12.3	-10.4	-3.4	-1.6	4.2	9.2	8.0	4.9	-5.0	-6.1	-10.5
227	38862	Fedchenko Glacier	72.22	38.83	4169	1989	-16.3	-17.0	-9.8	-8.1	-1.8	0.9	5.8	6.9	3.7	-2.0	-10.3	-11.4
227	38862	Fedchenko Glacier	72.22	38.83	4169	1990	-13.5	-13.6	-10.7	-7.0	1.2	5.8	7.2	9.1	7.4	-999.0	-999.0	-999.0
227	38851	Garm	69.95	39.00	1316	1930	-999.0	-999.0	-999.0	-999.0	-999.0	26.8	33.2	31.0	24.0	18.4	12.5	3.2
227	38851	Garm	69.95	39.00	1316	1931	1.7	-2.1	7.2	17.3	18.9	24.6	27.9	30.8	28.4	20.7	9.2	0.9
227	38851	Garm	69.95	39.00	1316	1932	0.6	-1.4	11.3	19.3	20.7	26.7	31.7	28.6	-999.0	-999.0	-999.0	-999.0
227	38851	Garm	69.95	39.00	1316	1933	-4.7	1.3	5.6	16.1	24.7	25.7	34.3	34.3	29.0	21.1	11.4	2.3
227	38851	Garm	69.95	39.00	1316	1934	-999.0	-999.0	8.3	15.2	17.3	27.0	31.1	32.4	25.7	19.4	8.9	4.5
227	38851	Garm	69.95	39.00	1316	1935	-4.9	2.1	7.5	16.9	21.3	22.5	31.4	33.2	26.9	18.7	6.7	-1.4
227	38851	Garm	69.95	39.00	1316	1936	-4.2	3.4	5.3	16.2	24.8	29.6	-999.0	-999.0	29.4	22.7	12.0	0.3
227	38851	Garm	69.95	39.00	1316	1937	-4.8	1.1	3.3	13.8	22.4	26.4	32.2	33.0	28.4	18.3	9.3	5.0
227	38851	Garm	69.95	39.00	1316	1938	-0.6	1.2	4.8	19.8	27.7	28.2	31.7	-999.0	25.7	20.7	10.6	3.2
227	38851	Garm	69.95	39.00	1316	1939	-1.4	0.5	3.5	14.0	24.8	29.7	32.7	33.8	29.0	20.0	10.8	6.4
227	38851	Garm	69.95	39.00	1316	1940	1.8	2.6	7.9	19.8	22.7	29.9	33.2	32.8	27.6	21.0	13.2	4.2
227	38851	Garm	69.95	39.00	1316	1941	-1.1	4.0	11.0	17.7	25.1	31.1	33.2	-999.0	-999.0	-999.0	11.9	2.7
227	38851	Garm	69.95	39.00	1316	1942	-1.3	1.1	8.3	18.8	23.5	26.2	33.9	32.3	28.5	21.1	11.8	3.3
227	38851	Garm	69.95	39.00	1316	1943	-1.2	1.5	6.4	16.3	21.5	28.4	34.7	33.4	28.8	20.0	9.8	4.5
227	38851	Garm	69.95	39.00	1316	1944	-1.5	1.4	12.3	19.0	25.7	27.3	36.2	34.6	27.4	17.7	-999.0	-0.7
227	38851	Garm	69.95	39.00	1316	1945	-2.2	-999.0	3.0	14.8	22.1	26.4	-999.0	-999.0	-999.0	-999.0	-999.0	-999.0
227	38851	Garm	69.95	39.00	1316	1946	-999.0	-999.0	-999.0	-999.0	-999.0	-999.0	-999.0	-999.0	28.9	24.4	10.1	1.9
227	38851	Garm	69.95	39.00	1316	1947	-999.0	-999.0	13.5	19.8	23.8	28.0	33.4	35.1	28.7	18.9	12.5	6.2
227	38851	Garm	69.95	39.00	1316	1948	2.0	1.5	6.1	14.9	22.9	26.7	33.6	32.7	27.8	21.3	12.3	1.1
227	38851	Garm	69.95	39.00	1316	1949	-999.0	-999.0	-999.0	-999.0	-999.0	-999.0	-999.0	-999.0	26.7	17.6	9.2	3.6
227	38851	Garm	69.95	39.00	1316	1950	-1.2	-1.6	7.9	15.4	22.9	28.9	34.1	33.5	28.0	-999.0	-999.0	0.8
227	38851	Garm	69.95	39.00	1316	1951	-0.9	-1.7	6.1	15.6	22.4	25.1	29.2	-999.0	29.1	19.3	11.2	8.0
227	38851	Garm	69.95	39.00	1316	1952	0.8	2.6	5.3	17.2	22.1	27.3	31.8	32.7	28.1	22.0	10.8	3.3
227	38851	Garm	69.95	39.00	1316	1953	0.0	4.0	6.5	15.6	22.6	26.8	33.6	31.5	29.0	16.2	8.3	2.3
227	38851	Garm	69.95	39.00	1316	1954	-1.5	0.7	6.6	17.5	22.0	25.8	27.8	29.7	28.0	20.8	11.1	1.4
227	38851	Garm	69.95	39.00	1316	1955	2.3	6.3	9.4	16.8	21.5	26.9	30.8	34.4	28.8	20.9	14.0	5.0
227	38851	Garm	69.95	39.00	1316	1956	-0.3	1.9	6.5	18.2	25.0	27.5	36.2	32.9	29.0	21.8	15.9	3.8
227	38851	Garm	69.95	39.00	1316	1957	-1.6	-2.0	6.6	14.4	21.2	26.2	29.5	31.1	27.1	19.8	8.5	1.7
227	38851	Garm	69.95	39.00	1316	1958	2.0	9.0	9.4	17.0	19.9	27.5	32.1	30.3	28.8	20.2	8.8	4.9
227	38851	Garm	69.95	39.00	1316	1959	1.7	0.4	8.0	19.6	21.1	27.2	31.3	33.7	32.5	23.3	9.9	2.8
227	38851	Garm	69.95	39.00	1316	1960	1.4	5.9	6.9	15.3	20.1	27.7	31.7	34.0	27.5	21.3	9.1	4.7
227	38851	Garm	69.95	39.00	1316	1961	2.4	-0.2	8.1	18.2	26.5	30.2	35.1	31.7	29.7	19.8	11.1	3.0
227	38851	Garm	69.95	39.00	1316	1962	-2.2	3.6	14.3	15.3	20.6	27.2	32.8	32.4	26.6	20.4	7.6	3.0
227	38851	Garm	69.95	39.00	1316	1963	2.2	6.0	9.6	18.6	22.1	28.1	31.5	31.8	27.7	22.6	11.2	4.2
227	38851	Garm	69.95	39.00	1316	1964	-5.9	1.1	8.9	14.5	21.4	27.1	30.3	31.9	27.8	20.1	13.1	2.8
227	38851	Garm	69.95	39.00	1316	1965	2.5	-0.5	6.1	16.0	24.2	27.1	31.5	31.4	26.4	19.9	11.8	6.3
227	38851	Garm	69.95	39.00	1316	1966	7.3	7.4	8.4	16.0	21.2	30.5	32.1	32.3	27.0	16.1	11.8	4.2
227	38851	Garm	69.95	39.00	1316	1967	-0.2	1.4	8.1	16.5	20.3	27.4	32.2	32.8	28.3	17.6	10.2	4.5
227	38851	Garm	69.95	39.00	1316	1968	0.7	0.5	9.6	18.0	19.7	26.7	32.0	32.5	28.7	18.8	10.6	0.5
227	38851	Garm	69.95	39.00	1316	1969	-3.2	-1.5	6.4	14.4	21.0	26.4	29.2	31.0	26.1	18.5	10.3	6.3
227	38851	Garm	69.95	39.00	1316	1970	-0.3	3.5	9.4	18.6	23.7	28.7	29.2	33.8	28.2	21.5	13.4	4.1
227	38851	Garm	69.95	39.00	1316	1971	-1.6	3.3	13.1	19.0	24.4	31.2	33.3	32.9	27.0	21.9	12.5	8.4
227	38851	Garm	69.95	39.00	1316	1972	0.4	-5.2	5.1	15.6	21.5	25.1	28.0	30.1	27.3	20.3	14.2	2.9
227	38851	Garm	69.95	39.00	1316	1973	-1.4	2.6	5.5	17.3	22.6	30.0	34.5	34.5	28.4	22.0	15.1	7.7
227	38851	Garm	69.95	39.00	1316	1974	-1.0	-1.1	8.8	19.2	22.7	27.4	31.2	29.3	26.7	20.2	11.9	1.1
227	38851	Garm	69.95	39.00	1316	1975	-2.4	0.6	7.1	17.9	20.9	27.8	33.1	33.6	27.8	20.4	8.5	3.1
227	38851	Garm	69.95	39.00	1316	1976	1.9	0.1	5.2	15.7	23.8	27.7	34.2	34.5	28.5	17.4	10.5	5.4
227	38851	Garm	69.95	39.00	1316	1977	-2.0	-0.4	12.7	20.3	21.2	30.2	34.0	33.4	29.1	19.1	13.4	3.0
227	38851	Garm	69.95	39.00	1316	1978	-1.9	0.7	6.8	18.4	23.2	28.4	33.5	33.5	29.9	20.7	8.2	5.5
227	38851	Garm	69.95	39.00	1316	1979	3.1	5.6	9.4	18.5	19.8	27.2	33.5	31.3	27.9	23.3	13.5	5.8
227	38851	Garm	69.95	39.00	1316	1980	0.1	0.9	5.9	18.0	23.3	27.9	33.6	32.6	28.5	21.8	14.0	8.3
227	38851	Garm	69.95	39.00	1316	1981	2.7	1.6	8.4	18.4	23.5	25.3	29.6	29.3	27.4	17.1	12.1	4.8
227	38851	Garm	69.95	39.00	1316	1982	2.1	0.3	8.0	20.2	23.5	27.3	31.0	31.2	25.3	17.4	7.7	2.9
227	38851	Garm	69.95	39.00	1316	1983	0.5	3.6	6.7	18.1	22.6	25.9	31.3	33.5	27.9	21.3	14.9	-999.0
227	38851	Garm	69.95	39.00	1316	1984	0.1	-2.1	7.3	17.3	22.0	30.4	34.3	36.2	26.7	20.3	11.2	-2.2
227	38851	Garm	69.95	39.00	1316	1985	-0.1	3.6	9.1	20.6	22.0	29.0	33.9	31.6	29.3	19.7	12.2	5.4
227	38851	Garm	69.95	39.00	1316	1986	3.0	6.5	9.0	18.0	22.0	27.1	33.6	32.5	28.7	21.0	11.1	0.7
227	38851	Garm	69.95	39.00	1316	1987	1.5	4.9	11.0	15.4	-999.0	26.0	28.0	32.3	27.8	15.7	12.5	7.7
227	38851	Garm	69.95	39.00	1316	1988	1.4	3.3	8.1	19.4	21.9	28.2	32.8	31.0	28.7	18.8	16.0	6.5
227	38851	Garm	69.95	39.00	1316	1989	-1.7	-0.9	8.7	15.8	20.7	26.0	29.9	30.6	27.5	21.9	9.5	5.4
227	38851	Garm	69.95	39.00	1316	1990	1.5	2.5	7.8	15.7	23.9	29.5	30.7	32.9	30.5	20.7	14.3	4.8
227	38833	Gushari	68.83	38.88	1359	1945	-999.0	-999.0	-999.0	-999.0	-999.0	-999.0	-999.0	-999.0	26.9	22.3	11.4	6.2
227	38833	Gushari	68.83	38.88	1359	1946	4.5	9.4	10.5	20.5	26.2	28.1	31.0	30.1	27.2	23.7	11.3	4.3
227	38833	Gushari	68.83	38.88	1359	1947	4.6	5.8	15.0	18.4	22.5	27.0	31.2	32.5	26.1	18.0	15.2	7.2
227	38833	Gushari	68.83	38.88	1359	1948	7.3	6.1	8.9	15.1	23.0	26.8	32.6	30.6	25.6	19.7	12.6	2.7
227	38833	Gushari	68.83	38.88	1359	1949	2.0	4.1	8.0	16.1	22.0	24.1	32.4	28.2	25.0	15.8	9.8	6.5
227	38833	Gushari	68.83	38.88	1359	1950	2.8	4.2	9.5	14.6	22.2	27.8	32.2	30.6	25.0	19.7	9.3	2.0
227	38833	Gushari	68.83	38.88	1359	1951	2.7	2.8	9.2	15.5	22.4	25.2	29.2	30.5	27.1	19.6	12.4	10.1
227	38833	Gushari	68.83	38.88	1359	1952	4.9	6.3	8.9	18.0	21.9	27.4	31.5	30.9	26.0	20.6	10.4	5.9
227	38833	Gushari	68.83	38.88	1359	1953	4.8	9.4	8.4	15.9	22.6	27.3	32.3	29.9	26.3	15.6	9.0	5.8
227	38833	Gushari	68.83	38.88	1359	1954	2.9	5.4	9.1	17.6	23.3	26.5	28.8	28.8	26.2	19.3	10.5	5.9
227	38833	Gushari	68.83	38.88	1359	1955	6.7	8.0	9.7	16.5	20.6	26.5	30.7	32.2	26.5	19.1	15.8	7.7
227	38833	Gushari	68.83	38.88	1359	1956	4.5	5.9	9.6	18.9	25.5	27.3	34.1	30.5	26.8	20.5	16.4	5.7
227	38833	Gushari	68.83	38.88	1359	1957	2.3	4.1	10.6	14.5	21.1	26.1	29.0	29.5	25.1	18.5	10.4	5.6
227	38833	Gushari	68.83	38.88	1359	1958	6.2	7.3	11.4	17.3	19.4	28.1	32.0	28.5	26.6	19.4	9.7	7.6
227	38833	Gushari	68.83	38.88	1359	1959	5.8	4.1	9.5	19.2	21.2	27.7	30.6	32.3	30.4	22.5	10.2	4.7
227	38833	Gushari	68.83	38.88	1359	1960	5.9	9.2	7.1	14.1	19.5	28.7	30.7	31.7	25.6	20.3	9.8	7.5
227	38833	Gushari	68.83	38.88	1359	1961	5.3	3.6	10.1	17.1	26.0	29.3	32.8	30.3	27.2	17.7	11.9	5.8
227	38833	Gushari	68.83	38.88	1359	1962	3.4	7.6	14.8	16.1	20.5	26.6	32.1	29.7	23.9	18.3	6.7	5.7
227	38833	Gushari	68.83	38.88	1359	1963	8.2	8.3	12.0	17.9	21.9	28.3	30.2	29.3	25.7	21.3	12.5	6.9
227	38833	Gushari	68.83	38.88	1359	1964	-0.1	5.5	11.6	13.9	21.5	27.2	29.5	30.0	25.3	17.9	13.1	3.0
227	38833	Gushari	68.83	38.88	1359	1965	5.0	3.8	8.5	16.0	23.2	27.6	30.6	29.8	24.5	20.2	13.8	8.9
227	38833	Gushari	68.83	38.88	1359	1966	9.4	10.2	9.8	16.0	21.4	30.7	30.9	30.4	25.0	16.7	11.6	6.4
227	38833	Gushari	68.83	38.88	1359	1967	4.7	5.1	10.8	16.0	19.9	27.4	31.4	30.5	26.3	17.4	12.5	7.2
227	38833	Gushari	68.83	38.88	1359	1968	4.7	5.4	10.2	17.0	19.5	27.3	31.2	30.7	26.9	11.7	11.7	3.8
227	38833	Gushari	68.83	38.88	1359	1969	1.3	2.8	10.0	14.8	21.6	27.3	29.7	30.3	25.3	18.3	11.4	8.6
227	38833	Gushari	68.83	38.88	1359	1970	4.8	7.7	10.2	19.4	24.8	29.0	29.3	32.5	25.8	20.7	14.8	5.7
227	38833	Gushari	68.83	38.88	1359	1971	3.6	6.0	14.0	18.8	25.1	31.0	31.5	30.4	25.0	20.9	14.3	10.5
227	38833	Gushari	68.83	38.88	1359	1972	2.8	0.5	8.7	17.6	21.3	25.9	27.8	28.3	25.9	20.1	15.8	3.9
227	38833	Gushari	68.83	38.88	1359	1973	1.9	7.4	8.7	17.7	22.6	31.0	33.2	32.0	25.8	21.0	16.6	7.7
227	38833	Gushari	68.83	38.88	1359	1974	1.9	2.8	11.7	18.8	22.8	27.7	31.4	28.3	25.3	18.9	13.3	4.6
227	38833	Gushari	68.83	38.88	1359	1975	3.2	4.9	9.1	17.5	21.1	28.6	32.8	31.5	26.3	19.6	10.0	6.3
227	38833	Gushari	68.83	38.88	1359	1976	6.8	3.3	8.1	16.7	23.7	28.1	33.0	32.0	26.5	17.8	11.2	6.0
227	38833	Gushari	68.83	38.88	1359	1977	0.9	6.7	16.1	20.5	21.6	30.4	32.4	30.8	26.7	19.2	13.9	6.1
227	38833	Gushari	68.83	38.88	1359	1978	3.2	6.0	8.9	19.0	23.5	28.9	32.2	30.6	27.7	20.9	8.7	8.6
227	38833	Gushari	68.83	38.88	1359	1979	5.7	7.8	9.8	18.4	18.9	27.8	32.8	29.5	26.3	23.1	13.6	7.8
227	38833	Gushari	68.83	38.88	1359	1980	4.1	3.1	8.6	19.5	24.2	28.1	32.7	30.4	26.2	19.7	14.2	9.8
227	38833	Gushari	68.83	38.88	1359	1981	5.3	5.6	11.7	18.2	23.7	25.9	29.3	28.1	25.6	16.8	13.5	6.9
227	38833	Gushari	68.83	38.88	1359	1982	6.0	4.2	8.9	20.0	23.1	28.1	30.5	29.6	23.3	17.9	9.0	6.5
227	38833	Gushari	68.83	38.88	1359	1983	5.2	8.0	8.9	17.9	23.2	27.2	32.3	32.7	26.6	20.0	15.5	-999.0
227	38833	Gushari	68.83	38.88	1359	1984	2.8	0.7	9.4	17.6	22.4	29.9	33.2	33.6	25.2	18.6	11.4	1.6
227	38833	Gushari	68.83	38.88	1359	1985	4.3	7.9	9.4	20.5	22.0	29.5	32.7	29.3	27.1	18.7	13.4	6.8
227	38833	Gushari	68.83	38.88	1359	1986	6.4	8.6	8.4	17.5	22.5	27.8	32.2	30.3	26.9	21.2	11.8	4.7
227	38833	Gushari	68.83	38.88	1359	1987	7.1	8.6	11.5	15.3	-999.0	26.7	27.9	31.4	26.1	14.7	14.5	10.9
227	38833	Gushari	68.83	38.88	1359	1988	5.6	7.4	9.3	20.6	22.0	29.4	32.6	30.2	27.4	18.7	17.6	9.2
227	38833	Gushari	68.83	38.88	1359	1989	3.0	2.4	11.1	15.5	20.2	27.4	30.0	30.1	26.3	21.8	12.1	-999.0
227	38833	Gushari	68.83	38.88	1359	1990	4.5	-999.0	10.1	16.7	24.7	29.9	30.6	31.9	28.4	19.7	16.3	-999.0
227	38853	Haburabad	70.70	38.63	3347	1948	-999.0	-999.0	-999.0	-999.0	-999.0	-999.0	-999.0	15.5	10.9	6.5	-2.7	-9.2
227	38853	Haburabad	70.70	38.63	3347	1949	-8.1	-9.4	-4.4	0.8	6.5	7.2	15.0	12.3	10.4	3.0	-6.5	-8.4
227	38853	Haburabad	70.70	38.63	3347	1950	-9.4	-10.3	-4.9	-1.6	6.1	10.7	15.7	16.1	10.9	3.7	-4.9	-9.3
227	38853	Haburabad	70.70	38.63	3347	1951	-10.2	-9.7	-4.3	-0.9	5.6	8.1	11.0	13.7	11.9	4.5	-2.6	-4.3
227	38853	Haburabad	70.70	38.63	3347	1952	-8.0	-6.9	-5.6	1.6	5.1	10.1	13.2	14.9	11.1	6.5	-2.6	-7.4
227	38853	Haburabad	70.70	38.63	3347	1953	-10.3	-5.3	-4.8	0.5	6.4	10.1	15.2	14.1	11.7	0.8	-4.8	-6.2
227	38853	Haburabad	70.70	38.63	3347	1954	-10.5	-7.6	-4.3	1.4	4.9	8.8	10.9	11.7	11.0	3.2	-3.4	-9.1
227	38853	Haburabad	70.70	38.63	3347	1955	-9.6	-6.6	-3.5	-2.2	3.9	9.3	12.7	16.6	11.6	4.5	-1.4	-6.2
227	38853	Haburabad	70.70	38.63	3347	1956	-10.4	-7.8	-3.7	1.9	9.2	10.2	18.7	15.8	12.6	5.9	1.3	-7.8
227	38853	Haburabad	70.70	38.63	3347	1957	-10.4	-10.6	-3.7	-1.3	3.5	8.8	12.3	13.7	10.2	3.8	-3.8	-7.6
227	38853	Haburabad	70.70	38.63	3347	1958	-6.7	-8.7	-3.6	1.5	2.5	9.4	14.7	13.2	13.0	3.2	-4.3	-5.7
227	38853	Haburabad	70.70	38.63	3347	1959	-8.9	-10.4	-4.5	2.3	4.2	10.1	13.6	17.0	16.2	8.0	-4.4	-7.3
227	38853	Haburabad	70.70	38.63	3347	1960	-8.9	-5.1	-6.3	-0.6	3.8	10.8	13.8	17.0	10.7	5.2	-4.5	-6.6
227	38853	Haburabad	70.70	38.63	3347	1961	-8.7	-11.3	-5.2	1.8	8.9	11.6	17.3	15.1	13.4	2.8	-2.9	-0.2
227	38853	Haburabad	70.70	38.63	3347	1962	-9.6	-7.2	-1.5	0.9	4.2	9.5	14.9	15.2	10.0	3.6	-6.1	-7.9
227	38853	Haburabad	70.70	38.63	3347	1963	-7.5	-6.1	-3.5	2.8	6.3	11.2	13.6	14.9	11.3	6.7	-3.1	-5.6
227	38853	Haburabad	70.70	38.63	3347	1964	-12.8	-8.6	-2.6	-0.3	3.8	9.4	11.7	13.4	9.8	4.1	-1.8	-7.6
227	38853	Haburabad	70.70	38.63	3347	1965	-7.1	-10.3	-5.0	0.2	6.4	9.1	12.9	12.8	8.8	4.0	-3.1	-7.6
227	38853	Haburabad	70.70	38.63	3347	1966	-6.3	-5.3	-5.1	-0.6	3.9	12.4	12.8	14.0	9.6	0.2	-3.2	-7.5
227	38853	Haburabad	70.70	38.63	3347	1967	-10.1	-7.8	-4.5	0.4	4.1	9.8	13.3	14.3	11.3	1.9	-3.7	-5.1
227	38853	Haburabad	70.70	38.63	3347	1968	-7.9	-6.6	-2.2	2.1	3.1	10.0	13.4	17.6	11.2	2.9	-4.0	-7.0
227	38853	Haburabad	70.70	38.63	3347	1969	-9.6	-8.2	-2.0	1.7	7.0	9.8	11.8	12.8	8.3	3.6	-1.4	-4.3
227	38853	Haburabad	70.70	38.63	3347	1970	-7.1	-4.8	-2.6	2.7	7.1	11.2	11.8	16.1	10.6	5.3	-2.0	-7.9
227	38853	Haburabad	70.70	38.63	3347	1971	-9.9	-8.4	-2.8	2.5	7.7	13.3	14.7	14.6	9.2	5.7	-2.4	-4.1
227	38853	Haburabad	70.70	38.63	3347	1972	-8.8	-11.8	-4.4	-0.1	5.0	9.5	10.0	11.8	10.0	4.3	-1.2	-6.8
227	38853	Haburabad	70.70	38.63	3347	1973	-11.2	-6.9	-5.2	1.3	6.3	12.7	16.3	16.5	11.0	5.6	1.1	-6.1
227	38853	Haburabad	70.70	38.63	3347	1974	-10.2	-9.1	-2.6	3.3	6.4	10.1	13.3	11.8	9.2	4.0	-3.3	-9.6
227	38853	Haburabad	70.70	38.63	3347	1975	-9.6	-9.5	-5.0	1.6	4.2	9.7	14.7	15.4	10.3	4.4	-5.3	-7.5
227	38853	Haburabad	70.70	38.63	3347	1976	-7.8	-8.7	-5.1	1.1	7.1	9.3	15.1	16.0	10.1	2.1	-4.4	-8.1
227	38853	Haburabad	70.70	38.63	3347	1977	-10.4	-8.6	-1.9	3.8	4.6	11.5	14.8	14.7	11.1	4.2	-2.4	-7.6
227	38853	Haburabad	70.70	38.63	3347	1978	-10.9	-8.0	-6.2	2.1	8.2	12.1	15.7	15.7	12.3	3.8	-5.3	-5.2
227	38853	Haburabad	70.70	38.63	3347	1979	-7.3	-7.1	-5.9	2.6	3.4	10.3	15.2	19.9	9.8	7.2	-1.1	-6.3
227	38853	Haburabad	70.70	38.63	3347	1980	-9.0	-8.6	-5.5	2.8	7.1	11.4	15.5	14.7	11.1	5.9	-0.9	-5.2
227	38853	Haburabad	70.70	38.63	3347	1981	-9.2	-7.2	-3.4	1.8	8.1	8.6	12.5	11.7	10.0	1.5	-2.3	-7.3
227	38853	Haburabad	70.70	38.63	3347	1982	-8.4	-10.4	-5.3	2.3	6.4	9.8	13.1	14.0	7.8	1.9	-5.5	-8.3
227	38853	Haburabad	70.70	38.63	3347	1983	-8.6	-8.5	-6.2	1.0	6.0	8.8	13.5	16.6	11.2	5.1	0.0	-7.0
227	38853	Haburabad	70.70	38.63	3347	1984	-10.5	-11.3	-2.6	0.7	5.8	12.8	16.2	19.2	9.3	4.6	-2.2	-9.7
227	38853	Haburabad	70.70	38.63	3347	1985	-9.3	-6.1	-4.3	4.1	6.3	-999.0	15.4	13.5	11.4	3.1	-3.5	-6.6
227	38853	Haburabad	70.70	38.63	3347	1986	-9.5	-6.9	-5.7	0.7	4.9	9.5	14.3	13.7	10.9	4.7	-2.7	-8.3
227	38853	Haburabad	70.70	38.63	3347	1987	-7.6	-6.2	-3.2	-0.4	-999.0	8.2	-999.0	-999.0	10.5	1.2	-1.3	-3.1
227	38853	Haburabad	70.70	38.63	3347	1988	-6.5	-6.3	-4.2	2.2	6.1	11.1	15.2	13.2	11.1	2.5	2.5	-4.7
227	38853	Haburabad	70.70	38.63	3347	1989	-10.2	-9.7	-2.3	-0.5	5.6	8.9	11.5	12.6	10.8	6.0	-3.6	-6.2
227	38853	Haburabad	70.70	38.63	3347	1990	-7.2	-7.7	-4.9	-0.3	7.6	11.6	13.7	15.7	-999.0	-999.0	-999.0	-999.0
227	38714	Haramkul	68.73	38.58	2822	1962	-999.0	-999.0	-999.0	-999.0	-999.0	-999.0	-999.0	-999.0	-999.0	-999.0	-999.0	-2.4
227	38714	Haramkul	68.73	38.58	2822	1963	-0.2	-0.4	2.2	7.0	10.0	16.8	18.0	18.9	15.3	10.2	2.0	-1.4
227	38714	Haramkul	68.73	38.58	2822	1964	-8.7	-3.0	2.9	3.7	8.9	14.4	17.6	19.3	15.3	8.2	1.9	-3.8
227	38714	Haramkul	68.73	38.58	2822	1965	-3.2	-4.5	0.2	6.5	11.8	15.6	18.9	19.5	13.4	8.6	2.9	-1.0
227	38714	Haramkul	68.73	38.58	2822	1966	0.0	0.7	0.6	5.3	9.2	18.3	18.6	18.9	14.6	5.8	2.8	-2.9
227	38714	Haramkul	68.73	38.58	2822	1967	-5.0	-4.0	1.2	5.0	8.3	16.3	19.1	20.0	15.1	5.0	0.6	-2.2
227	38714	Haramkul	68.73	38.58	2822	1968	-4.5	-3.7	0.1	6.1	8.5	15.1	19.3	19.3	16.1	7.9	0.7	-3.7
227	38714	Haramkul	68.73	38.58	2822	1969	-6.8	-5.2	2.8	5.4	10.0	15.2	17.3	19.3	16.0	7.1	1.0	-1.2
227	38714	Haramkul	68.73	38.58	2822	1970	-4.4	-2.0	0.6	7.3	12.1	16.4	16.7	20.4	16.1	9.5	3.4	-3.6
227	38714	Haramkul	68.73	38.58	2822	1971	-3.8	-3.4	3.8	6.8	13.4	18.9	19.6	20.5	14.9	9.4	2.6	0.0
227	38714	Haramkul	68.73	38.58	2822	1972	-6.5	-7.4	0.5	6.4	8.7	15.0	16.0	17.0	15.6	8.8	4.0	-4.2
227	38714	Haramkul	68.73	38.58	2822	1973	-7.4	-1.6	-0.4	6.7	10.6	18.8	21.7	22.0	15.3	9.9	5.6	-1.7
227	38714	Haramkul	68.73	38.58	2822	1974	-6.8	-5.2	2.6	6.9	11.3	15.6	19.3	17.3	14.3	7.9	1.4	-5.0
227	38714	Haramkul	68.73	38.58	2822	1975	-4.7	-5.0	0.4	7.0	10.1	16.6	20.8	21.4	15.4	6.5	-0.3	-2.5
227	38714	Haramkul	68.73	38.58	2822	1976	-2.6	-5.4	-0.7	6.4	11.5	16.6	21.1	22.9	15.5	6.4	0.4	-3.5
227	38714	Haramkul	68.73	38.58	2822	1977	-7.5	-2.9	5.2	8.9	10.8	18.3	21.2	21.0	17.3	8.2	3.0	-2.4
227	38714	Haramkul	68.73	38.58	2822	1978	-5.2	-2.6	-0.5	7.0	11.7	17.4	21.5	21.5	18.6	8.8	-1.0	0.0
227	38714	Haramkul	68.73	38.58	2822	1979	-1.7	-0.8	0.5	8.3	6.6	16.9	22.3	18.5	16.9	12.0	3.8	-1.9
227	38714	Haramkul	68.73	38.58	2822	1980	-5.5	-5.0	0.6	8.5	12.0	16.3	21.6	20.1	15.8	7.1	3.1	0.5
227	38714	Haramkul	68.73	38.58	2822	1981	-4.1	-2.4	2.6	7.2	11.5	13.2	17.8	17.2	15.3	6.5	3.3	-2.7
227	38714	Haramkul	68.73	38.58	2822	1982	-3.9	-5.4	0.5	8.3	11.8	16.0	18.3	18.7	12.1	6.6	-0.7	-2.0
227	38714	Haramkul	68.73	38.58	2822	1983	-3.6	-1.9	-1.0	7.1	11.4	16.0	20.2	23.2	15.5	8.8	3.4	-3.9
227	38714	Haramkul	68.73	38.58	2822	1984	-6.6	-8.3	1.1	5.4	9.8	18.3	22.4	25.0	14.3	7.8	0.8	-6.6
227	38714	Haramkul	68.73	38.58	2822	1985	-4.6	-1.3	0.5	8.6	10.1	17.7	21.9	18.5	18.0	7.6	1.5	-2.1
227	38714	Haramkul	68.73	38.58	2822	1986	-3.6	-1.2	-1.7	6.1	11.0	15.3	20.7	19.4	17.2	9.5	0.7	-3.6
227	38714	Haramkul	68.73	38.58	2822	1987	-1.8	-0.8	2.7	5.8	10.0	14.6	15.8	20.0	15.5	4.6	2.7	0.9
227	38714	Haramkul	68.73	38.58	2822	1988	-2.7	-1.5	0.5	8.0	9.6	17.5	20.8	18.5	16.5	6.7	5.5	-1.1
227	38714	Haramkul	68.73	38.58	2822	1989	-6.5	-6.9	2.2	4.9	8.7	14.6	17.9	19.0	15.5	10.6	0.8	-1.2
227	38714	Haramkul	68.73	38.58	2822	1990	-4.0	-3.0	1.7	5.9	12.0	18.1	18.9	21.2	19.5	-999.0	-999.0	-999.0
227	38954	Horog	71.50	37.50	2075	1914	0.3	0.4	6.2	16.2	22.2	29.9	31.4	29.7	28.4	15.2	6.0	-999.0
227	38954	Horog	71.50	37.50	2075	1915	-999.0	0.3	-999.0	18.5	25.5	27.6	28.7	30.7	-999.0	21.8	13.4	5.5
227	38954	Horog	71.50	37.50	2075	1916	0.6	0.9	9.7	18.3	21.8	26.5	30.8	32.4	27.0	20.4	8.3	-999.0
227	38954	Horog	71.50	37.50	2075	1917	3.0	5.3	9.6	17.8	26.6	27.1	29.6	-999.0	-999.0	-999.0	-999.0	-999.0
227	38954	Horog	71.50	37.50	2075	1918	-999.0	-999.0	-999.0	-999.0	-999.0	-999.0	-999.0	-999.0	-999.0	-999.0	-999.0	-999.0
227	38954	Horog	71.50	37.50	2075	1919	-999.0	-999.0	-999.0	-999.0	-999.0	-999.0	-999.0	-999.0	-999.0	-999.0	-999.0	-999.0
227	38954	Horog	71.50	37.50	2075	1920	-999.0	-999.0	-999.0	-999.0	-999.0	-999.0	-999.0	-999.0	-999.0	-999.0	-999.0	-999.0
227	38954	Horog	71.50	37.50	2075	1921	-999.0	-999.0	-999.0	-999.0	-999.0	-999.0	-999.0	-999.0	-999.0	-999.0	-999.0	-999.0
227	38954	Horog	71.50	37.50	2075	1922	-999.0	-999.0	-999.0	-999.0	-999.0	-999.0	-999.0	-999.0	-999.0	-999.0	-999.0	-999.0
227	38954	Horog	71.50	37.50	2075	1923	-999.0	-999.0	-999.0	-999.0	-999.0	-999.0	-999.0	-999.0	-999.0	-999.0	-999.0	-999.0
227	38954	Horog	71.50	37.50	2075	1924	-999.0	-999.0	-999.0	-999.0	-999.0	-999.0	-999.0	-999.0	-999.0	-999.0	-999.0	-999.0
227	38954	Horog	71.50	37.50	2075	1925	-999.0	-999.0	-999.0	-999.0	-999.0	-999.0	-999.0	-999.0	-999.0	-999.0	-999.0	-999.0
227	38954	Horog	71.50	37.50	2075	1926	-999.0	-999.0	-999.0	-999.0	-999.0	-999.0	-999.0	-999.0	-999.0	-999.0	-999.0	-999.0
227	38954	Horog	71.50	37.50	2075	1927	-999.0	-999.0	-999.0	-999.0	-999.0	-999.0	-999.0	-999.0	-999.0	-999.0	-999.0	-999.0
227	38954	Horog	71.50	37.50	2075	1928	-999.0	-999.0	-999.0	-999.0	-999.0	-999.0	-999.0	-999.0	-999.0	-999.0	-999.0	-999.0
227	38954	Horog	71.50	37.50	2075	1929	-999.0	-999.0	-999.0	15.8	-999.0	23.6	-999.0	-999.0	-999.0	-999.0	-999.0	-999.0
227	38954	Horog	71.50	37.50	2075	1930	-6.6	-999.0	-999.0	-999.0	-999.0	29.8	31.4	28.7	23.6	17.7	11.7	2.7
227	38954	Horog	71.50	37.50	2075	1931	-0.5	-1.5	7.1	17.4	18.4	23.8	25.8	29.2	26.9	20.5	7.3	-3.0
227	38954	Horog	71.50	37.50	2075	1932	-1.1	-3.3	7.0	17.8	20.6	25.9	31.4	28.9	26.8	16.3	9.6	-0.7
227	38954	Horog	71.50	37.50	2075	1933	-6.8	-999.0	-999.0	-999.0	23.6	-999.0	-999.0	-999.0	-999.0	17.7	-999.0	2.0
227	38954	Horog	71.50	37.50	2075	1934	-6.7	-999.0	4.9	-999.0	16.8	23.9	26.4	-999.0	-999.0	-999.0	-999.0	-999.0
227	38954	Horog	71.50	37.50	2075	1935	-5.7	-0.1	5.8	11.5	19.8	-999.0	-999.0	-999.0	-999.0	-999.0	-999.0	-999.0
227	38954	Horog	71.50	37.50	2075	1936	-999.0	-999.0	-999.0	-999.0	-999.0	-999.0	-999.0	-999.0	26.5	19.4	8.1	0.0
227	38954	Horog	71.50	37.50	2075	1937	-4.1	1.4	3.3	12.5	20.8	26.3	29.4	29.7	24.9	16.1	-999.0	-999.0
227	38954	Horog	71.50	37.50	2075	1938	-3.1	-2.7	3.3	14.2	24.7	25.1	28.7	29.8	-999.0	18.1	7.7	0.6
227	38954	Horog	71.50	37.50	2075	1939	-4.0	-1.2	2.0	11.2	22.2	26.2	30.1	30.1	25.9	17.4	8.1	3.6
227	38954	Horog	71.50	37.50	2075	1940	-0.6	0.9	6.1	16.0	21.3	27.3	29.3	28.8	23.6	17.2	9.0	1.2
227	38954	Horog	71.50	37.50	2075	1941	-4.0	1.2	6.4	14.1	22.3	28.0	29.3	30.7	25.6	21.7	9.3	-0.1
227	38954	Horog	71.50	37.50	2075	1942	-3.0	1.0	8.9	16.7	22.2	25.0	31.4	30.4	26.0	17.2	9.6	-0.4
227	38954	Horog	71.50	37.50	2075	1943	-2.0	1.4	5.1	14.2	20.0	24.9	30.6	29.9	26.3	17.2	7.2	1.6
227	38954	Horog	71.50	37.50	2075	1944	-3.7	-0.3	8.5	15.6	23.2	24.5	33.2	31.9	24.4	14.3	7.1	-3.0
227	38954	Horog	71.50	37.50	2075	1945	-4.4	-2.3	-999.0	-999.0	20.3	-999.0	29.3	-999.0	-999.0	19.4	9.1	-0.8
227	38954	Horog	71.50	37.50	2075	1946	-0.1	2.5	7.5	18.6	22.6	25.2	30.0	30.2	26.1	22.0	9.7	2.0
227	38954	Horog	71.50	37.50	2075	1947	-1.0	3.0	11.9	19.0	23.3	26.3	30.1	32.2	27.9	17.2	9.8	1.1
227	38954	Horog	71.50	37.50	2075	1948	-0.1	1.2	4.5	13.5	19.7	24.1	30.2	30.4	26.4	19.6	9.5	-0.5
227	38954	Horog	71.50	37.50	2075	1949	-1.7	0.3	5.6	13.3	21.5	22.0	30.5	28.5	26.4	18.8	-999.0	-999.0
227	38954	Horog	71.50	37.50	2075	1950	-3.7	-4.3	-999.0	-999.0	22.7	26.7	31.8	31.1	26.2	18.0	8.0	0.3
227	38954	Horog	71.50	37.50	2075	1951	-1.9	-0.3	6.4	13.9	21.1	24.6	27.5	30.6	27.3	18.6	10.2	6.3
227	38954	Horog	71.50	37.50	2075	1952	-0.1	2.5	4.1	14.0	20.6	26.1	29.2	29.1	25.9	19.9	10.0	3.2
227	38954	Horog	71.50	37.50	2075	1953	-1.3	2.3	5.7	13.5	21.7	26.0	31.7	29.4	27.3	16.6	7.1	2.7
227	38954	Horog	71.50	37.50	2075	1954	-3.1	0.8	6.4	15.2	21.2	24.3	26.3	28.4	26.4	17.9	9.3	-1.6
227	38954	Horog	71.50	37.50	2075	1955	-1.8	3.8	8.1	11.7	19.6	24.6	27.2	31.3	26.2	19.3	11.2	3.7
227	38954	Horog	71.50	37.50	2075	1956	-2.2	1.9	5.7	17.0	24.7	26.2	34.3	30.8	27.7	19.4	12.8	2.4
227	38954	Horog	71.50	37.50	2075	1957	-1.3	-2.0	5.2	12.8	18.2	25.2	28.1	29.2	25.4	17.6	8.8	-0.1
227	38954	Horog	71.50	37.50	2075	1958	-0.1	0.0	6.8	14.7	17.9	24.6	30.0	28.7	26.8	18.2	9.8	3.9
227	38954	Horog	71.50	37.50	2075	1959	-1.1	-0.3	6.7	16.4	18.7	26.4	29.6	31.5	30.3	21.2	8.9	2.7
227	38954	Horog	71.50	37.50	2075	1960	-1.0	5.0	6.6	13.1	19.7	26.5	30.8	32.4	26.1	19.8	5.9	0.4
227	38954	Horog	71.50	37.50	2075	1961	-0.8	-1.1	7.2	16.8	24.9	27.7	32.6	31.1	28.9	19.0	9.5	0.1
227	38954	Horog	71.50	37.50	2075	1962	-2.6	1.3	10.6	15.9	20.5	25.9	29.1	29.6	24.6	17.1	7.4	1.7
227	38954	Horog	71.50	37.50	2075	1963	-1.6	2.8	8.1	17.1	21.9	27.6	29.1	30.0	25.8	19.7	8.7	4.5
227	38954	Horog	71.50	37.50	2075	1964	-3.6	0.0	6.6	13.7	18.6	25.1	28.2	29.8	25.2	19.0	10.1	1.7
227	38954	Horog	71.50	37.50	2075	1965	0.2	-2.1	3.8	13.1	21.7	25.8	28.5	27.3	24.7	17.8	7.1	0.4
227	38954	Horog	71.50	37.50	2075	1966	0.8	2.4	4.0	12.5	19.1	27.3	28.1	29.3	24.2	15.9	8.5	1.3
227	38954	Horog	71.50	37.50	2075	1967	-4.1	1.0	4.7	14.7	19.6	26.2	29.8	30.0	26.3	15.3	8.2	2.5
227	38954	Horog	71.50	37.50	2075	1968	-3.1	-1.2	6.7	15.0	19.7	26.0	30.6	30.0	26.4	16.6	9.3	-1.7
227	38954	Horog	71.50	37.50	2075	1969	-3.1	-1.5	6.9	12.8	19.9	25.1	28.3	29.8	24.5	16.4	9.0	1.9
227	38954	Horog	71.50	37.50	2075	1970	-0.1	3.2	8.0	17.0	22.8	27.4	27.9	32.1	26.9	20.1	11.3	2.5
227	38954	Horog	71.50	37.50	2075	1971	0.6	4.5	11.9	19.4	23.5	29.8	31.0	30.7	24.1	19.3	10.8	6.5
227	38954	Horog	71.50	37.50	2075	1972	2.3	-3.0	5.8	14.3	20.9	25.6	27.5	30.0	26.1	19.2	10.6	4.5
227	38954	Horog	71.50	37.50	2075	1973	-1.4	1.2	3.4	14.2	21.1	28.9	32.8	31.6	27.0	19.1	12.6	5.3
227	38954	Horog	71.50	37.50	2075	1974	-0.2	0.2	7.8	18.0	21.5	26.0	29.5	28.5	25.1	18.4	8.1	-2.6
227	38954	Horog	71.50	37.50	2075	1975	-5.6	-1.3	5.6	15.0	19.4	25.4	29.9	30.3	25.4	19.3	7.7	1.9
227	38954	Horog	71.50	37.50	2075	1976	-1.8	-0.2	4.6	15.3	22.7	25.5	32.0	31.6	26.0	17.5	9.6	4.5
227	38954	Horog	71.50	37.50	2075	1977	-2.0	0.0	9.7	19.1	20.7	27.1	31.7	30.5	26.7	17.4	7.4	-0.1
227	38954	Horog	71.50	37.50	2075	1978	-4.1	0.0	4.0	15.9	23.1	28.2	32.4	31.0	26.6	18.5	8.1	1.3
227	38954	Horog	71.50	37.50	2075	1979	-0.6	1.3	6.7	16.9	18.3	26.8	31.4	29.1	25.8	21.3	11.0	3.8
227	38954	Horog	71.50	37.50	2075	1980	1.7	1.3	5.5	16.8	22.5	28.1	31.4	30.2	26.4	19.2	11.2	3.7
227	38954	Horog	71.50	37.50	2075	1981	2.0	1.7	8.5	15.9	24.0	25.6	29.7	28.8	25.7	15.6	9.0	2.2
227	38954	Horog	71.50	37.50	2075	1982	-0.5	-1.3	6.7	17.6	22.6	26.1	29.8	30.6	24.0	16.3	6.7	0.3
227	38954	Horog	71.50	37.50	2075	1983	-1.6	0.5	4.9	16.2	22.3	24.5	28.2	33.0	26.8	19.7	12.7	5.4
227	38954	Horog	71.50	37.50	2075	1984	2.6	-1.0	8.2	15.2	20.3	28.9	31.7	33.6	25.2	18.9	8.7	0.1
227	38954	Horog	71.50	37.50	2075	1985	-1.4	2.1	9.3	19.0	21.8	26.8	32.4	31.0	27.4	17.9	10.5	1.9
227	38954	Horog	71.50	37.50	2075	1986	-2.1	3.0	6.5	15.2	21.0	25.5	30.8	29.9	26.1	19.8	9.7	-0.9
227	38954	Horog	71.50	37.50	2075	1987	-2.0	1.9	7.7	14.3	19.2	24.5	27.2	30.5	26.9	15.3	10.2	4.9
227	38954	Horog	71.50	37.50	2075	1988	-0.3	1.4	6.0	15.2	21.9	27.8	32.2	30.3	27.2	17.5	13.6	3.5
227	38954	Horog	71.50	37.50	2075	1989	-2.8	-1.3	8.4	13.4	20.4	24.4	28.4	29.8	26.9	19.9	6.9	2.3
227	38954	Horog	71.50	37.50	2075	1990	0.3	1.8	5.6	14.1	24.5	29.0	30.8	31.3	28.6	19.1	12.7	4.7
227	38954	Horog	71.50	37.50	2075	1991	0.8	0.1	6.3	16.1	18.8	25.8	28.9	30.1	26.4	16.2	11.2	0.4
227	38954	Horog	71.50	37.50	2075	1992	-2.2	-1.1	13.8	15.2	19.3	25.1	29.3	29.8	25.3	18.3	12.5	4.7
227	38954	Horog	71.50	37.50	2075	1993	-4.4	1.9	3.6	15.3	19.7	26.2	29.4	29.0	27.9	17.5	8.9	-999.0
227	38954	Horog	71.50	37.50	2075	1994	-2.5	1.4	6.4	12.3	21.6	27.6	33.0	32.6	23.5	17.6	11.3	0.5
227	38954	Horog	71.50	37.50	2075	1995	-2.0	0.2	4.5	14.1	22.1	25.9	31.3	31.8	26.3	18.1	12.7	-999.0
227	38954	Horog	71.50	37.50	2075	1996	-999.0	-999.0	-999.0	-999.0	19.0	-999.0	-999.0	-999.0	-999.0	-999.0	-999.0	-999.0
227	38954	Horog	71.50	37.50	2075	1997	-999.0	-999.0	-999.0	-999.0	-999.0	-999.0	-999.0	-999.0	-999.0	-999.0	-999.0	-999.0
227	38954	Horog	71.50	37.50	2075	1998	-999.0	-999.0	-999.0	-999.0	-999.0	-999.0	-999.0	-999.0	-999.0	-999.0	-999.0	-999.0
227	38954	Horog	71.50	37.50	2075	1999	-999.0	-999.0	-999.0	-999.0	22.1	-999.0	-999.0	29.7	27.5	-999.0	-999.0	2.9
227	38954	Horog	71.50	37.50	2075	2000	0.1	-999.0	6.1	17.1	25.9	27.5	30.9	30.5	26.4	18.2	9.3	0.2
227	38954	Horog	71.50	37.50	2075	2001	-2.0	1.0	9.8	19.0	25.4	30.9	31.1	30.2	26.2	18.4	11.4	1.0
227	38954	Horog	71.50	37.50	2075	2002	-3.1	2.6	9.4	-999.0	19.6	26.2	28.5	31.8	26.3	-999.0	11.9	-999.0
227	38954	Horog	71.50	37.50	2075	2003	1.8	2.3	4.8	-999.0	-999.0	-999.0	-999.0	-999.0	-999.0	-999.0	-999.0	-0.3
227	38846	Hovaling	69.95	38.35	1468	1939	3.6	4.6	7.2	-999.0	-999.0	-999.0	-999.0	-999.0	-999.0	-999.0	13.7	9.6
227	38846	Hovaling	69.95	38.35	1468	1940	6.6	6.6	8.9	17.7	22.1	29.0	31.2	29.7	24.9	20.4	15.0	8.0
227	38846	Hovaling	69.95	38.35	1468	1941	3.3	8.4	14.1	18.4	24.0	30.1	30.2	30.1	26.5	23.4	13.7	8.7
227	38846	Hovaling	69.95	38.35	1468	1942	4.3	2.6	10.8	18.9	22.0	25.2	30.9	28.7	24.7	19.9	14.7	6.9
227	38846	Hovaling	69.95	38.35	1468	1943	3.3	4.2	8.9	15.7	19.8	25.7	31.1	-999.0	-999.0	-999.0	-999.0	-999.0
227	38846	Hovaling	69.95	38.35	1468	1944	4.8	5.6	13.9	18.2	24.4	28.0	34.8	32.7	26.2	20.1	14.2	3.2
227	38846	Hovaling	69.95	38.35	1468	1945	-999.0	-999.0	-999.0	-999.0	-999.0	-999.0	-999.0	-999.0	-999.0	-999.0	-999.0	6.3
227	38846	Hovaling	69.95	38.35	1468	1946	4.6	10.9	11.3	21.2	25.4	28.0	31.0	29.9	27.4	23.6	13.9	-999.0
227	38846	Hovaling	69.95	38.35	1468	1947	-999.0	6.6	16.2	18.0	22.1	26.5	30.9	33.1	27.4	19.5	17.6	8.7
227	38846	Hovaling	69.95	38.35	1468	1948	8.8	7.1	10.3	17.4	22.7	26.8	32.3	30.5	25.7	-999.0	-999.0	-999.0
227	38846	Hovaling	69.95	38.35	1468	1949	-999.0	-999.0	-999.0	-999.0	-999.0	23.1	30.6	27.4	24.1	15.5	9.7	5.7
227	38846	Hovaling	69.95	38.35	1468	1950	3.4	3.3	10.0	13.5	21.5	26.5	31.1	29.9	24.5	19.8	9.8	1.7
227	38846	Hovaling	69.95	38.35	1468	1951	1.7	1.8	6.6	14.7	21.7	24.3	28.8	29.8	26.7	21.4	13.1	10.8
227	38846	Hovaling	69.95	38.35	1468	1952	4.8	8.4	9.6	18.9	21.5	26.8	30.7	30.0	25.3	20.2	10.1	6.1
227	38846	Hovaling	69.95	38.35	1468	1953	4.9	9.5	10.0	16.5	22.0	26.5	31.2	29.4	25.7	15.7	9.4	5.9
227	38846	Hovaling	69.95	38.35	1468	1954	-999.0	-999.0	8.8	18.7	22.5	25.7	28.9	28.3	25.5	19.2	11.8	4.4
227	38846	Hovaling	69.95	38.35	1468	1955	6.1	9.6	11.3	15.6	19.1	25.4	30.0	31.3	26.1	19.3	17.0	8.7
227	38846	Hovaling	69.95	38.35	1468	1956	3.5	5.8	10.1	18.8	24.2	26.3	32.9	29.6	26.0	20.2	17.5	6.8
227	38846	Hovaling	69.95	38.35	1468	1957	2.2	3.6	10.5	13.7	20.4	25.2	28.2	28.4	24.5	17.5	10.1	5.8
227	38846	Hovaling	69.95	38.35	1468	1958	7.2	7.3	-999.0	-999.0	-999.0	-999.0	-999.0	-999.0	-999.0	-999.0	8.9	7.6
227	38846	Hovaling	69.95	38.35	1468	1959	5.8	3.3	9.9	19.1	20.2	26.7	29.5	30.7	28.6	21.4	9.9	3.4
227	38846	Hovaling	69.95	38.35	1468	1960	3.6	9.8	8.2	14.3	19.2	27.2	29.7	30.2	24.8	19.6	10.4	8.8
227	38846	Hovaling	69.95	38.35	1468	1961	5.7	2.0	9.7	16.2	23.4	26.8	30.9	29.3	26.4	16.5	11.9	5.5
227	38846	Hovaling	69.95	38.35	1468	1962	1.5	6.4	13.5	15.4	19.6	24.8	29.7	27.9	22.4	17.1	6.9	6.1
227	38846	Hovaling	69.95	38.35	1468	1963	8.6	8.9	12.1	14.6	21.2	27.1	28.7	28.0	24.4	20.7	12.7	7.5
227	38846	Hovaling	69.95	38.35	1468	1964	-0.6	4.6	10.9	15.1	20.0	25.7	28.1	28.6	23.8	16.4	13.1	2.0
227	38846	Hovaling	69.95	38.35	1468	1965	5.1	2.4	7.1	15.5	20.9	25.6	29.2	28.1	23.5	19.7	14.4	10.0
227	38846	Hovaling	69.95	38.35	1468	1966	12.1	10.3	9.3	15.4	20.2	28.4	29.5	29.2	24.1	15.7	10.1	6.4
227	38846	Hovaling	69.95	38.35	1468	1967	2.3	5.1	9.7	15.1	18.4	24.8	29.2	29.2	25.0	16.8	12.1	7.1
227	38846	Hovaling	69.95	38.35	1468	1968	4.2	4.2	10.6	16.2	17.8	25.8	29.7	29.1	25.2	18.0	12.6	4.0
227	38846	Hovaling	69.95	38.35	1468	1969	0.8	1.5	10.8	15.2	20.0	25.4	28.7	28.3	23.7	18.4	11.3	10.1
227	38846	Hovaling	69.95	38.35	1468	1970	4.7	7.1	9.5	18.4	23.4	27.6	28.8	31.1	24.4	19.7	14.8	6.3
227	38846	Hovaling	69.95	38.35	1468	1971	1.9	4.7	12.0	18.4	23.5	28.5	29.7	28.7	23.7	19.3	14.6	11.7
227	38846	Hovaling	69.95	38.35	1468	1972	2.0	-1.2	8.0	16.4	20.3	24.9	27.2	26.6	24.4	19.3	15.7	3.8
227	38846	Hovaling	69.95	38.35	1468	1973	0.4	5.4	8.6	17.9	21.2	28.8	31.4	30.0	23.9	19.7	16.7	8.7
227	38846	Hovaling	69.95	38.35	1468	1974	1.8	1.6	9.8	19.3	21.6	26.3	29.8	27.4	23.9	17.9	12.6	3.4
227	38846	Hovaling	69.95	38.35	1468	1975	2.0	3.3	7.4	14.9	20.1	26.3	30.8	29.7	24.8	18.4	9.5	5.9
227	38846	Hovaling	69.95	38.35	1468	1976	5.9	3.4	6.4	16.0	21.8	26.3	31.8	30.5	25.6	18.3	10.5	6.1
227	38846	Hovaling	69.95	38.35	1468	1977	0.4	4.0	14.6	18.3	20.5	28.5	31.2	29.4	25.8	19.6	14.4	6.7
227	38846	Hovaling	69.95	38.35	1468	1978	2.5	3.6	8.1	19.4	23.3	28.1	31.2	29.7	26.6	20.3	9.8	10.2
227	38846	Hovaling	69.95	38.35	1468	1979	5.5	8.3	9.0	19.4	18.4	27.1	32.2	29.0	25.8	22.6	13.2	9.4
227	38846	Hovaling	69.95	38.35	1468	1980	4.1	3.0	8.7	20.1	23.7	28.5	32.0	29.7	26.0	20.8	15.9	12.0
227	38846	Hovaling	69.95	38.35	1468	1981	5.9	5.9	12.5	19.2	23.4	25.9	29.5	28.2	25.1	16.8	14.2	9.9
227	38846	Hovaling	69.95	38.35	1468	1982	7.4	3.0	7.9	19.1	22.7	27.6	30.2	29.2	23.7	19.0	9.5	6.9
227	38846	Hovaling	69.95	38.35	1468	1983	5.2	9.7	9.4	17.2	23.0	26.8	31.4	31.4	25.8	18.9	16.7	-999.0
227	38846	Hovaling	69.95	38.35	1468	1984	3.8	-0.6	10.6	18.1	22.4	28.7	32.5	32.7	24.5	18.4	13.3	1.6
227	38846	Hovaling	69.95	38.35	1468	1985	3.7	7.0	9.1	19.9	22.0	28.9	-999.0	28.3	26.1	18.1	13.4	8.1
227	38846	Hovaling	69.95	38.35	1468	1986	7.2	8.5	8.3	16.8	21.8	27.3	31.3	29.4	25.9	20.7	11.9	4.2
227	38846	Hovaling	69.95	38.35	1468	1987	5.9	6.9	12.6	16.3	-999.0	25.8	28.5	31.3	25.7	14.2	14.2	12.3
227	38846	Hovaling	69.95	38.35	1468	1988	5.8	5.6	9.6	19.7	21.9	28.6	32.2	28.8	25.8	18.0	18.1	10.5
227	38846	Hovaling	69.95	38.35	1468	1989	1.8	1.1	9.2	15.2	18.9	26.9	29.1	29.3	25.1	20.9	12.5	10.0
227	38846	Hovaling	69.95	38.35	1468	1990	3.7	4.2	9.2	15.9	24.3	29.2	30.4	31.0	27.5	19.4	16.6	6.5
227	38867	Humrogi	71.33	38.28	1737	1955	-999.0	-999.0	-999.0	-999.0	-999.0	-999.0	-999.0	-999.0	-999.0	-999.0	12.4	5.5
227	38867	Humrogi	71.33	38.28	1737	1956	-0.1	2.6	8.4	18.9	26.7	28.1	35.8	32.5	28.3	20.4	13.6	3.8
227	38867	Humrogi	71.33	38.28	1737	1957	0.2	-0.6	9.7	15.1	21.1	27.0	29.7	30.6	24.8	18.3	9.2	2.2
227	38867	Humrogi	71.33	38.28	1737	1958	1.1	2.0	10.7	16.0	19.8	27.3	32.5	29.9	28.2	18.5	9.6	5.1
227	38867	Humrogi	71.33	38.28	1737	1959	2.4	1.1	8.7	19.0	20.3	28.2	31.6	33.3	32.2	22.3	9.8	3.6
227	38867	Humrogi	71.33	38.28	1737	1960	1.9	6.9	8.6	15.6	21.1	28.4	32.1	33.3	26.1	19.8	7.6	3.3
227	38867	Humrogi	71.33	38.28	1737	1961	2.1	0.8	9.3	18.5	26.2	29.3	33.9	31.9	29.1	18.3	10.4	3.4
227	38867	Humrogi	71.33	38.28	1737	1962	1.5	5.5	15.0	15.8	21.4	27.7	31.6	31.1	25.3	18.0	7.6	3.7
227	38867	Humrogi	71.33	38.28	1737	1963	3.6	7.7	11.7	19.2	23.8	29.6	31.3	31.6	26.8	21.0	11.0	6.6
227	38867	Humrogi	71.33	38.28	1737	1964	-2.6	1.4	10.1	14.5	20.5	27.2	30.2	31.3	26.6	19.3	10.8	2.5
227	38867	Humrogi	71.33	38.28	1737	1965	2.8	0.5	8.0	16.0	23.7	27.8	31.0	29.9	25.7	18.8	10.3	4.6
227	38867	Humrogi	71.33	38.28	1737	1966	5.3	5.9	7.8	14.8	21.0	30.2	30.7	31.2	25.8	15.7	10.7	3.3
227	38867	Humrogi	71.33	38.28	1737	1967	-1.5	2.9	8.8	17.0	21.2	28.0	31.9	31.9	27.8	17.0	10.8	5.2
227	38867	Humrogi	71.33	38.28	1737	1968	1.3	3.5	9.9	17.8	21.1	28.5	32.7	31.9	28.0	18.4	11.4	1.1
227	38867	Humrogi	71.33	38.28	1737	1969	-1.4	-0.8	8.9	14.6	22.4	27.8	30.4	-999.0	26.1	18.6	10.8	6.0
227	38867	Humrogi	71.33	38.28	1737	1970	2.8	7.0	10.1	18.7	24.5	29.3	30.1	33.9	27.4	20.7	12.1	4.3
227	38867	Humrogi	71.33	38.28	1737	1971	2.5	5.3	13.4	19.8	24.6	31.4	32.0	31.9	25.3	20.8	11.8	9.1
227	38867	Humrogi	71.33	38.28	1737	1972	2.3	-2.6	7.5	16.2	21.8	26.6	28.4	30.0	26.3	19.6	13.1	4.0
227	38867	Humrogi	71.33	38.28	1737	1973	-0.3	3.1	7.1	16.7	22.7	30.9	34.9	33.7	28.2	20.5	13.8	5.9
227	38867	Humrogi	71.33	38.28	1737	1974	0.4	1.3	10.6	18.8	23.5	27.8	31.1	29.5	25.6	19.2	10.9	0.3
227	38867	Humrogi	71.33	38.28	1737	1975	-2.5	1.2	8.9	16.2	21.5	27.7	32.5	32.7	27.1	19.4	8.8	4.3
227	38867	Humrogi	71.33	38.28	1737	1976	1.8	1.4	7.2	17.3	24.0	27.7	33.6	33.3	26.6	16.9	10.0	5.4
227	38867	Humrogi	71.33	38.28	1737	1977	-1.1	2.4	12.3	20.1	21.8	29.3	33.3	32.2	27.9	18.2	10.7	2.4
227	38867	Humrogi	71.33	38.28	1737	1978	-2.1	1.8	7.6	18.0	24.9	30.2	33.9	32.6	27.2	18.5	8.1	3.9
227	38867	Humrogi	71.33	38.28	1737	1979	2.1	5.1	8.7	18.5	19.5	27.7	33.1	30.1	26.5	21.6	11.7	5.6
227	38867	Humrogi	71.33	38.28	1737	1980	1.8	2.3	7.8	19.5	23.1	29.3	33.0	31.5	27.2	20.2	12.5	6.8
227	38867	Humrogi	71.33	38.28	1737	1981	3.1	2.4	10.6	18.1	24.4	25.8	30.1	29.1	25.9	16.2	10.2	3.9
227	38867	Humrogi	71.33	38.28	1737	1982	2.0	0.8	8.8	19.2	23.5	27.1	30.4	30.7	23.9	16.7	7.2	2.2
227	38867	Humrogi	71.33	38.28	1737	1983	0.3	4.5	7.1	17.1	22.4	25.7	29.7	34.1	27.0	19.0	12.8	-999.0
227	38867	Humrogi	71.33	38.28	1737	1984	1.6	-1.5	8.9	15.9	21.3	29.8	32.7	35.3	25.0	18.5	9.4	-0.3
227	38867	Humrogi	71.33	38.28	1737	1985	0.0	3.4	9.0	20.1	22.0	27.7	33.0	30.4	27.6	18.7	-999.0	4.2
227	38867	Humrogi	71.33	38.28	1737	1986	0.5	5.5	7.3	16.6	21.5	25.9	31.7	30.6	26.9	19.4	9.8	0.7
227	38867	Humrogi	71.33	38.28	1737	1987	-0.7	4.1	8.9	-999.0	20.2	25.1	27.7	31.1	27.3	14.8	9.9	6.0
227	38867	Humrogi	71.33	38.28	1737	1988	1.3	3.5	7.6	16.9	22.3	28.5	32.8	30.3	27.3	17.2	13.6	5.1
227	38867	Humrogi	71.33	38.28	1737	1989	-2.2	-0.4	9.7	15.5	21.4	24.8	28.8	29.3	26.3	20.0	8.1	4.2
227	38867	Humrogi	71.33	38.28	1737	1990	1.0	2.7	7.7	15.7	25.2	29.3	30.7	32.3	29.2	19.1	12.4	4.4
227	38869	Irht	72.63	38.17	3290	1940	-4.8	-4.0	0.2	8.6	14.0	19.3	21.7	20.7	15.6	9.5	2.4	-3.9
227	38869	Irht	72.63	38.17	3290	1941	-5.3	-1.6	-2.6	7.3	15.6	19.7	20.9	22.3	16.6	12.5	2.5	-3.8
227	38869	Irht	72.63	38.17	3290	1942	-6.3	-5.0	3.8	8.5	14.З	16.4	22.6	22.2	17.2	7.8	3.4	-3.5
227	38869	Irht	72.63	38.17	3290	1943	-5.9	-4.2	0.6	6.5	11.2	16.2	22.3	21.3	16.7	8.5	0.9	2.0
227	38869	Irht	72.63	38.17	3290	1944	-5.7	-4.7	2.3	8.5	14.7	16.0	24.3	22.8	13.9	5.7	0.4	-5.7
227	38869	Irht	72.63	38.17	3290	1945	-9.2	-7.8	-1.4	5.8	12.2	17.3	21.5	21.2	17.5	9.4	1.5	-5.4
227	38869	Irht	72.63	38.17	3290	1946	-6.9	-2.9	-0.6	8.7	14.3	16.3	20.9	21.0	16.0	12.0	0.7	-4.9
227	38869	Irht	72.63	38.17	3290	1947	-7.6	-3.7	3.4	9.7	14.7	17.6	21.2	23.0	18.0	8.1	1.6	-4.3
227	38869	Irht	72.63	38.17	3290	1948	-6.0	-5.0	-0.5	5.6	11.8	15.3	21.8	21.7	16.9	10.8	1.4	-5.2
227	38869	Irht	72.63	38.17	3290	1949	-7.0	-4.6	0.9	6.1	13.1	14.3	21.7	19.7	17.0	9.1	-0.9	-5.2
227	38869	Irht	72.63	38.17	3290	1950	-6.9	-7.3	0.6	4.3	13.5	17.5	23.1	22.1	16.4	8.5	0.3	-4.7
227	38869	Irht	72.63	38.17	3290	1951	-7.9	-5.5	1.4	5.8	12.9	15.6	18.4	21.4	17.4	9.5	2.2	-1.3
227	38869	Irht	72.63	38.17	3290	1952	-6.0	-2.9	-0.5	7.8	12.4	17.0	20.4	20.2	16.3	9.9	1.7	-3.1
227	38869	Irht	72.63	38.17	3290	1953	-7.3	-3.0	0.5	6.7	13.5	17.1	23.1	20.1	17.5	7.2	-0.2	-2.2
227	38869	Irht	72.63	38.17	3290	1954	-7.3	-4.7	2.1	7.2	12.1	15.7	17.8	19.5	17.0	6.7	0.9	-6.2
227	38869	Irht	72.63	38.17	3290	1955	-7.0	-3.5	1.2	4.3	11.2	16.2	18.9	22.9	16.8	9.4	2.6	-2.3
227	38869	Irht	72.63	38.17	3290	1956	-7.1	-4.5	0.1	8.7	16.2	17.7	25.4	21.2	17.2	8.8	2.8	-4.4
227	38869	Irht	72.63	38.17	3290	1957	-6.3	-7.6	1.0	5.0	10.7	16.4	19.0	20.2	14.5	8.1	0.9	-4.7
227	38869	Irht	72.63	38.17	3290	1958	-6.1	-5.3	1.8	7.1	10.1	16.0	22.1	19.7	17.7	8.2	0.7	-2.8
227	38869	Irht	72.63	38.17	3290	1959	-7.2	-5.9	1.2	8.7	10.4	17.0	20.6	22.1	21.6	11.4	0.6	-4.4
227	38869	Irht	72.63	38.17	3290	1960	-7.4	-2.4	-1.2	5.1	11.3	16.4	21.6	22.7	15.5	8.9	-0.8	-5.7
227	38869	Irht	72.63	38.17	3290	1961	-6.3	-7.5	-0.8	7.8	14.2	17.3	23.0	21.5	18.9	7.9	0.4	-5.8
227	38869	Irht	72.63	38.17	3290	1962	-7.7	-4.1	3.9	7.6	11.7	16.7	19.5	20.2	15.3	7.4	-0.7	-4.8
227	38869	Irht	72.63	38.17	3290	1963	-6.9	-2.1	1.2	9.0	13.5	18.7	21.1	21.4	16.5	10.3	1.2	-1.5
227	38869	Irht	72.63	38.17	3290	1964	-8.3	-5.4	1.8	5.8	10.7	15.9	19.8	21.5	16.1	10.0	1.4	-6.1
227	38869	Irht	72.63	38.17	3290	1965	-6.6	-8.4	-1.5	5.9	12.8	16.7	19.8	17.1	15.0	8.6	0.6	-5.1
227	38869	Irht	72.63	38.17	3290	1966	-4.9	-2.7	0.1	5.0	10.2	18.1	18.6	20.2	14.8	7.0	0.1	-4.4
227	38869	Irht	72.63	38.17	3290	1967	-9.8	-4.5	-0.3	6.2	10.8	16.6	20.6	20.6	16.9	6.6	0.3	-2.7
227	38869	Irht	72.63	38.17	3290	1968	-8.1	-7.1	-0.2	6.3	10.0	16.8	21.9	20.3	16.5	6.9	0.6	-6.0
227	38869	Irht	72.63	38.17	3290	1969	-8.2	-6.8	2.5	4.9	12.5	16.7	19.9	21.5	15.3	8.9	0.9	-2.6
227	38869	Irht	72.63	38.17	3290	1970	-5.3	-4.1	-0.1	9.5	13.5	17.7	18.8	22.6	16.5	9.9	1.8	-3.9
227	38869	Irht	72.63	38.17	3290	1971	-6.4	-4.4	3.1	9.7	14.0	19.9	21.5	21.1	13.9	9.6	2.1	-1.0
227	38869	Irht	72.63	38.17	3290	1972	-5.2	-8.1	0.3	5.6	11.2	15.7	17.6	20.1	15.0	8.7	0.9	-3.7
227	38869	Irht	72.63	38.17	3290	1973	-8.3	-4.7	-1.4	6.2	11.7	18.7	23.4	22.6	17.4	8.8	2.8	-4.1
227	38869	Irht	72.63	38.17	3290	1974	-6.9	-7.0	1.8	9.5	12.2	16.1	20.1	19.0	15.2	9.3	0.3	-6.8
227	38869	Irht	72.63	38.17	3290	1975	-10.8	-6.3	0.6	7.0	11.0	16.3	20.9	21.5	16.0	9.4	-0.7	-4.8
227	38869	Irht	72.63	38.17	3290	1976	-999.0	-5.8	-1.1	7.3	13.6	16.4	22.6	22.4	16.0	7.8	0.8	-3.8
227	38869	Irht	72.63	38.17	3290	1977	-7.7	-6.4	2.4	10.0	12.0	-999.0	-999.0	-999.0	-999.0	8.7	0.2	-5.5
227	38869	Irht	72.63	38.17	3290	1978	-9.3	-4.9	-1.2	8.4	14.3	19.4	24.4	22.7	18.0	8.6	-0.7	-2.6
227	38869	Irht	72.63	38.17	3290	1979	-4.1	-3.5	-1.1	8.9	10.2	17.7	22.6	19.5	16.0	10.9	1.9	-3.0
227	38869	Irht	72.63	38.17	3290	1980	-5.4	-4.7	-0.6	9.5	13.1	18.2	21.8	21.0	16.7	9.6	2.1	-2.6
227	38869	Irht	72.63	38.17	3290	1981	-4.7	-3.9	1.5	8.1	15.3	16.5	20.7	19.9	15.7	-999.0	-999.0	-2.7
227	38869	Irht	72.63	38.17	3290	1982	-3.9	-6.5	-0.2	8.8	13.5	16.2	20.6	21.4	14.4	8.5	0.3	-5.2
227	38869	Irht	72.63	38.17	3290	1983	-6.2	-6.2	-1.8	7.7	13.5	16.0	20.0	23.8	16.9	9.4	3.8	-2.9
227	38869	Irht	72.63	38.17	3290	1984	-6.4	-7.3	2.1	0.7	11.8	19.8	22.5	24.5	15.0	8.6	1.3	-5.1
227	38869	Irht	72.63	38.17	3290	1985	-7.9	-4.6	1.5	10.2	12.3	16.7	22.7	-999.0	16.8	8.2	0.8	-5.3
227	38869	Irht	72.63	38.17	3290	1986	-10.2	-5.9	-2.0	6.9	11.3	15.4	20.8	20.0	14.5	9.0	1.4	-6.0
227	38869	Irht	72.63	38.17	3290	1987	-6.7	-3.8	-999.0	5.7	10.7	14.6	18.2	21.7	17.0	6.1	1.7	-2.3
227	38869	Irht	72.63	38.17	3290	1988	-5.8	-4.4	-0.3	7.9	12.3	18.5	23.1	20.7	17.2	7.9	4.2	-1.5
227	38869	Irht	72.63	38.17	3290	1989	-7.2	-6.8	1.7	5.2	11.8	15.5	20.1	19.6	14.6	9.7	0.5	-2.9
227	38869	Irht	72.63	38.17	3290	1990	-4.2	-3.5	-0.5	5.5	15.5	18.6	21.4	21.9	19.5	9.8	3.5	-999.0
227	38609	Isfara	70.10	40.13	847	1931	-999.0	-999.0	14.0	22.6	24.5	31.0	33.5	32.9	30.5	21.3	11.3	5.1
227	38609	Isfara	70.10	40.13	847	1932	4.1	6.4	16.5	24.0	25.4	31.9	35.2	30.8	27.4	19.5	9.8	-0.4
227	38609	Isfara	70.10	40.13	847	1933	0.7	7.1	10.2	22.4	29.6	31.0	35.7	34.0	28.9	20.5	14.0	6.3
227	38609	Isfara	70.10	40.13	847	1934	-2.6	7.7	13.6	17.7	22.3	31.9	32.5	33.0	25.0	19.6	9.9	6.8
227	38609	Isfara	70.10	40.13	847	1935	-0.1	9.2	11.8	20.8	26.5	28.2	33.9	34.3	26.6	20.9	7.8	4.1
227	38609	Isfara	70.10	40.13	847	1936	2.9	8.7	10.6	20.6	27.8	32.3	32.4	30.6	28.5	23.5	14.6	4.8
227	38609	Isfara	70.10	40.13	847	1937	1.7	8.6	11.0	17.5	26.2	31.3	34.0	33.5	29.2	20.0	9.6	5.8
227	38609	Isfara	70.10	40.13	847	1938	5.1	8.6	10.9	24.5	29.5	31.1	31.8	32.5	27.9	21.0	11.4	6.0
227	38609	Isfara	70.10	40.13	847	1939	4.0	8.5	12.2	18.5	28.3	33.2	34.8	32.5	28.2	20.5	13.1	11.1
227	38609	Isfara	70.10	40.13	847	1940	7.4	8.7	11.3	23.9	26.5	32.8	33.4	32.1	27.4	21.5	14.2	8.6
227	38609	Isfara	70.10	40.13	847	1941	4.2	10.6	17.1	22.3	29.3	34.0	33.2	33.4	29.0	24.1	12.5	6.4
227	38609	Isfara	70.10	40.13	847	1942	4.2	3.8	13.2	20.9	27.4	30.9	34.5	31.8	27.1	21.6	12.9	6.5
227	38609	Isfara	70.10	40.13	847	1943	4.3	6.2	9.3	19.3	25.4	30.3	35.1	32.7	27.8	20.5	11.3	6.7
227	38609	Isfara	70.10	40.13	847	1944	5.5	10.0	19.8	22.0	29.6	31.5	36.2	33.1	27.7	18.1	11.1	0.4
227	38609	Isfara	70.10	40.13	847	1945	1.6	2.4	9.2	21.0	26.1	30.5	32.6	33.8	-999.0	22.7	10.5	6.4
227	38609	Isfara	70.10	40.13	847	1946	4.7	11.4	14.4	22.4	28.9	30.6	33.1	31.4	29.1	23.4	10.8	3.6
227	38609	Isfara	70.10	40.13	847	1947	4.2	6.9	19.2	22.5	25.7	29.7	33.5	33.4	28.1	19.9	15.6	8.5
227	38609	Isfara	70.10	40.13	847	1948	8.8	8.9	12.0	18.6	27.1	30.9	35.2	33.5	26.5	19.9	13.6	2.4
227	38609	Isfara	70.10	40.13	847	1949	2.8	6.0	11.0	20.5	25.3	28.4	33.9	31.3	25.9	17.2	10.3	7.0
227	38609	Isfara	70.10	40.13	847	1950	4.1	6.0	14.8	19.5	27.6	31.5	33.3	32.6	27.2	20.0	9.1	3.2
227	38609	Isfara	70.10	40.13	847	1951	1.9	1.4	11.1	21.2	26.4	28.5	32.1	32.5	28.8	20.1	11.4	10.0
227	38609	Isfara	70.10	40.13	847	1952	6.5	9.7	12.6	21.4	25.7	30.2	33.5	33.4	27.4	21.7	8.4	5.6
227	38609	Isfara	70.10	40.13	847	1953	5.7	11.3	11.5	19.3	27.1	30.8	34.4	32.0	28.8	15.7	8.3	3.7
227	38609	Isfara	70.10	40.13	847	1954	1.8	4.5	9.6	21.6	26.0	28.3	31.5	31.4	28.0	22.4	12.3	5.3
227	38609	Isfara	70.10	40.13	847	1955	8.1	11.2	12.9	20.2	26.3	31.4	33.3	33.7	28.2	21.0	15.3	8.2
227	38609	Isfara	70.10	40.13	847	1956	4.5	6.3	11.7	22.3	27.6	29.6	35.9	32.5	27.6	21.7	16.0	5.1
227	38609	Isfara	70.10	40.13	847	1957	1.1	2.7	14.2	18.6	25.6	30.2	31.1	31.6	27.9	19.2	10.5	6.6
227	38609	Isfara	70.10	40.13	847	1958	6.7	10.5	15.9	19.7	23.9	31.3	34.0	30.4	27.5	20.0	8.5	7.2
227	38609	Isfara	70.10	40.13	847	1959	6.1	4.5	11.6	23.5	26.4	30.9	31.8	32.3	31.0	21.1	10.4	3.1
227	38609	Isfara	70.10	40.13	847	1960	6.4	10.6	9.7	19.4	23.8	32.5	32.4	32.7	26.2	21.1	10.6	6.8
227	38609	Isfara	70.10	40.13	847	1961	5.6	4.5	13.2	20.7	29.3	31.5	34.5	31.9	27.5	17.6	13.4	8.5
227	38609	Isfara	70.10	40.13	847	1962	4.8	10.3	18.5	19.9	25.5	30.6	35.3	32.0	25.4	19.0	7.0	6.2
227	38609	Isfara	70.10	40.13	847	1963	9.6	11.4	14.3	22.0	25.5	32.2	33.2	31.4	27.0	21.6	11.7	6.5
227	38609	Isfara	70.10	40.13	847	1964	1.2	5.9	14.2	17.3	25.5	31.1	32.5	31.9	27.0	18.2	14.3	3.2
227	38609	Isfara	70.10	40.13	847	1965	4.8	5.3	11.7	20.6	28.1	31.6	34.2	32.3	26.4	19.4	12.7	8.4
227	38957	Ishkashim	71.60	36.73	2523	1943	-1.5	2.4	6.3	13.6	18.4	23.6	28.8	28.0	23.8	-999.0	-999.0	-999.0
227	38957	Ishkashim	71.60	36.73	2523	1944	-999.0	-999.0	-999.0	14.1	21.3	23.2	30.7	29.2	21.2	12.4	5.2	-3.0
227	38957	Ishkashim	71.60	36.73	2523	1945	-7.0	-2.1	1.7	10.9	18.5	24.0	27.3	27.2	23.8	16.7	7.5	-2.0
227	38957	Ishkashim	71.60	36.73	2523	1946	-1.1	3.7	8.2	18.6	21.9	-999.0	-999.0	-999.0	-999.0	-999.0	6.0	-1.1
227	38957	Ishkashim	71.60	36.73	2523	1947	-2.8	2.7	12.0	16.2	21.4	24.4	27.4	29.7	25.0	15.0	7.9	-0.5
227	38957	Ishkashim	71.60	36.73	2523	1948	-2.1	1.5	6.4	14.4	19.1	22.0	27.7	27.3	23.6	17.5	6.8	-2.7
227	38957	Ishkashim	71.60	36.73	2523	1949	-4.0	-2.5	6.5	14.4	20.5	18.9	27.9	25.2	23.5	14.9	4.9	-3.2
227	38957	Ishkashim	71.60	36.73	2523	1950	-3.7	-2.1	5.9	10.6	19.2	24.1	28.9	27.3	22.2	15.1	5.1	-1.0
227	38957	Ishkashim	71.60	36.73	2523	1951	-1.0	0.4	8.7	12.6	19.2	22.3	24.8	27.3	23.8	16.7	8.7	4.6
227	38957	Ishkashim	71.60	36.73	2523	1952	0.3	1.7	3.5	14.7	19.0	23.9	27.2	26.5	22.8	16.7	8.5	1.2
227	38957	Ishkashim	71.60	36.73	2523	1953	-3.1	1.5	6.8	13.7	19.4	23.8	28.7	26.6	23.5	13.5	5.7	0.9
227	38957	Ishkashim	71.60	36.73	2523	1954	-6.6	-2.4	4.8	13.5	19.7	22.6	24.3	25.4	23.5	13.8	6.7	-5.3
227	38957	Ishkashim	71.60	36.73	2523	1955	-5.0	2.0	8.5	10.7	17.3	21.7	25.2	28.5	23.4	15.6	7.9	2.7
227	38957	Ishkashim	71.60	36.73	2523	1956	-2.4	1.5	8.5	17.0	23.3	24.3	31.0	27.3	24.3	15.8	9.7	-1.2
227	38957	Ishkashim	71.60	36.73	2523	1957	-2.9	-2.7	8.1	11.7	16.4	22.4	25.9	26.3	21.7	14.4	7.5	-1.4
227	38957	Ishkashim	71.60	36.73	2523	1958	-1.1	0.7	9.0	14.8	16.5	22.6	26.4	24.3	24.0	15.3	7.2	2.3
227	38957	Ishkashim	71.60	36.73	2523	1959	-4.5	-0.5	8.0	15.7	17.2	24.2	25.5	27.1	27.1	18.7	7.1	-1.2
227	38957	Ishkashim	71.60	36.73	2523	1960	-5.7	4.8	7.7	11.8	18.1	23.1	26.1	26.8	22.0	16.3	5.0	-0.2
227	38957	Ishkashim	71.60	36.73	2523	1961	-0.6	-1.3	8.0	15.3	21.4	24.3	27.8	27.0	25.3	15.3	6.7	-1.6
227	38957	Ishkashim	71.60	36.73	2523	1962	-1.8	-1.0	9.0	15.2	18.6	23.2	25.5	25.9	21.0	14.6	5.8	0.3
227	38957	Ishkashim	71.60	36.73	2523	1963	-0.2	5.2	8.3	15.8	19.7	24.7	25.8	26.5	22.6	17.3	6.4	1.9
227	38957	Ishkashim	71.60	36.73	2523	1964	-2.0	-0.5	7.9	14.2	17.3	23.1	25.5	27.1	22.4	16.5	8.2	-0.1
227	38957	Ishkashim	71.60	36.73	2523	1965	1.1	-3.4	2.7	12.5	19.5	23.5	25.5	24.1	21.8	16.5	5.8	-0.9
227	38957	Ishkashim	71.60	36.73	2523	1966	1.2	2.8	4.1	11.6	17.9	24.8	25.6	26.0	20.9	14.1	6.2	0.6
227	38957	Ishkashim	71.60	36.73	2523	1967	-4.9	1.4	7.0	13.9	16.7	23.5	26.6	26.0	23.2	12.7	5.3	0.0
227	38957	Ishkashim	71.60	36.73	2523	1968	-3.4	0.9	7.3	14.4	16.6	23.9	26.7	26.2	23.6	14.3	6.5	-0.2
227	38957	Ishkashim	71.60	36.73	2523	1969	-2.6	-3.4	10.1	12.2	18.7	23.0	26.1	27.0	21.6	14.8	6.9	1.1
227	38957	Ishkashim	71.60	36.73	2523	1970	-1.0	2.5	6.8	16.0	20.5	24.7	24.5	28.2	23.1	17.0	7.6	2.0
227	38957	Ishkashim	71.60	36.73	2523	1971	-1.5	3.2	10.1	16.5	21.1	26.4	26.4	26.2	20.8	15.9	7.5	4.2
227	38957	Ishkashim	71.60	36.73	2523	1972	2.3	-2.2	7.4	13.9	18.3	23.0	23.7	25.2	21.1	16.0	7.2	2.0
227	38957	Ishkashim	71.60	36.73	2523	1973	-3.1	0.3	2.6	13.8	19.6	26.0	28.5	27.7	23.9	15.9	9.8	2.2
227	38957	Ishkashim	71.60	36.73	2523	1974	-0.5	1.0	8.1	17.0	19.6	23.5	26.0	25.1	21.2	15.8	6.3	-6.1
227	38957	Ishkashim	71.60	36.73	2523	1975	-9.8	-2.8	6.2	14.4	18.7	-999.0	-999.0	26.9	22.4	-999.0	5.8	0.9
227	38957	Ishkashim	71.60	36.73	2523	1976	-3.2	-3.1	4.3	15.4	20.8	23.0	-999.0	27.6	23.3	16.2	7.8	2.7
227	38957	Ishkashim	71.60	36.73	2523	1977	-1.7	1.8	11.5	16.7	18.4	24.0	27.6	26.5	23.4	16.5	7.2	-1.4
227	38957	Ishkashim	71.60	36.73	2523	1978	-6.5	-1.0	4.2	15.3	21.4	25.7	27.2	27.3	23.7	16.5	5.4	-1.7
227	38957	Ishkashim	71.60	36.73	2523	1979	-1.7	1.4	6.1	14.9	15.6	23.8	27.6	25.3	21.8	18.4	8.2	3.1
227	38957	Ishkashim	71.60	36.73	2523	1980	0.4	1.1	7.6	16.8	20.3	25.7	27.7	26.2	23.1	16.8	9.0	1.6
227	38957	Ishkashim	71.60	36.73	2523	1981	0.5	0.7	8.0	15.2	21.7	22.7	26.5	25.4	22.8	13.5	6.3	0.2
227	38957	Ishkashim	71.60	36.73	2523	1982	0.2	-0.3	8.3	16.1	19.8	23.1	26.5	26.8	20.9	15.5	5.5	-2.0
227	38957	Ishkashim	71.60	36.73	2523	1983	-3.4	0.8	6.0	14.2	20.9	22.8	26.0	29.0	24.3	16.7	9.9	-999.0
227	38957	Ishkashim	71.60	36.73	2523	1984	-0.4	-1.7	9.0	15.3	19.8	26.7	27.9	30.4	21.9	15.4	7.7	-0.4
227	38957	Ishkashim	71.60	36.73	2523	1985	-1.6	3.7	10.1	17.2	19.2	23.8	28.5	27.4	23.9	16.1	7.8	-0.4
227	38957	Ishkashim	71.60	36.73	2523	1986	-6.3	1.9	6.4	15.1	19.2	24.0	26.9	26.0	23.7	17.5	9.0	-2.3
227	38957	Ishkashim	71.60	36.73	2523	1987	-3.5	3.2	10.3	-999.0	-999.0	23.0	25.1	28.0	24.7	14.1	9.0	2.5
227	38957	Ishkashim	71.60	36.73	2523	1988	-1.7	2.3	7.4	17.1	22.0	26.4	30.0	27.9	25.3	16.8	12.3	4.5
227	38957	Ishkashim	71.60	36.73	2523	1989	-0.3	1.3	10.7	14.2	19.6	24.1	27.0	27.8	25.5	18.8	6.6	2.5
227	38957	Ishkashim	71.60	36.73	2523	1990	2.7	0.9	6.9	15.4	25.0	27.7	29.4	30.2	27.7	18.7	11.8	3.6
227	38718	Iskanderkul	68.38	39.10	2204	1930	-4.0	0.8	5.9	11.7	17.7	21.9	28.2	25.4	17.3	13.2	-999.0	-999.0
227	38718	Iskanderkul	68.38	39.10	2204	1931	1.3	-3.5	6.8	-999.0	14.9	20.0	23.0	24.9	23.3	16.5	7.1	1.2
227	38718	Iskanderkul	68.38	39.10	2204	1932	0.9	-999.0	-999.0	14.8	16.6	21.3	27.1	23.6	21.0	12.0	6.7	-2.1
227	38718	Iskanderkul	68.38	39.10	2204	1933	-2.3	2.2	3.9	10.3	18.8	21.3	27.4	27.7	23.0	14.4	8.0	3.7
227	38718	Iskanderkul	68.38	39.10	2204	1934	-5.2	3.4	5.7	10.8	13.1	22.4	24.3	25.9	19.7	13.3	5.1	1.9
227	38718	Iskanderkul	68.38	39.10	2204	1935	-2.5	2.3	5.9	11.1	17.0	17.7	25.9	26.6	19.8	13.0	4.2	0.2
227	38718	Iskanderkul	68.38	39.10	2204	1936	-2.4	3.5	4.2	11.6	20.2	23.6	24.8	24.5	22.8	16.4	6.8	-1.2
227	38718	Iskanderkul	68.38	39.10	2204	1937	-3.2	2.8	4.7	10.6	17.1	22.3	25.8	26.0	20.9	13.3	4.8	1.6
227	38718	Iskanderkul	68.38	39.10	2204	1938	-1.2	0.4	3.9	13.9	20.7	21.2	23.2	24.7	19.1	14.1	5.6	1.7
227	38718	Iskanderkul	68.38	39.10	2204	1939	0.2	1.4	4.4	9.9	18.9	24.2	26.5	26.3	21.1	14.5	6.7	3.0
227	38718	Iskanderkul	68.38	39.10	2204	1940	1.9	3.5	5.0	14.7	17.8	23.8	25.0	25.2	20.4	15.2	7.8	2.5
227	38718	Iskanderkul	68.38	39.10	2204	1941	-0.3	3.5	7.4	12.8	19.6	25.2	24.9	26.3	22.2	18.3	8.2	2.8
227	38718	Iskanderkul	68.38	39.10	2204	1942	-0.3	-0.5	6.7	13.7	18.5	21.1	27.6	25.8	21.4	14.6	8.1	1.1
227	38718	Iskanderkul	68.38	39.10	2204	1943	-0.1	1.9	5.3	10.8	15.9	21.1	26.7	25.7	21.6	14.1	5.8	3.0
227	38718	Iskanderkul	68.38	39.10	2204	1944	1.3	1.8	9.0	13.4	20.6	21.9	29.7	27.9	20.4	12.0	6.7	-1.3
227	38718	Iskanderkul	68.38	39.10	2204	1945	-0.9	-0.5	5.1	12.8	17.9	22.5	25.8	25.9	22.6	-999.0	7.2	1.5
227	38718	Iskanderkul	68.38	39.10	2204	1946	0.2	4.5	6.2	16.0	20.0	21.5	24.3	24.5	22.5	18.0	6.6	0.2
227	38718	Iskanderkul	68.38	39.10	2204	1947	0.3	0.3	9.7	13.4	17.3	20.5	25.9	27.7	22.7	14.3	9.5	2.8
227	38718	Iskanderkul	68.38	39.10	2204	1948	1.9	2.5	5.5	11.1	17.7	20.3	27.4	26.1	20.8	15.6	7.6	0.0
227	38718	Iskanderkul	68.38	39.10	2204	1949	-0.8	1.1	4.9	12.0	17.7	19.3	27.8	23.3	20.5	12.0	4.2	1.0
227	38718	Iskanderkul	68.38	39.10	2204	1950	-0.4	-0.7	5.7	9.9	18.0	22.6	26.8	26.4	21.1	14.8	5.2	-0.1
227	38718	Iskanderkul	68.38	39.10	2204	1951	-1.2	-0.5	6.0	11.8	17.8	19.5	23.0	25.0	22.2	14.4	7.2	4.5
227	38718	Iskanderkul	68.38	39.10	2204	1952	1.2	3.0	4.8	14.2	16.3	21.6	25.1	25.4	21.2	16.2	7.0	0.9
227	38718	Iskanderkul	68.38	39.10	2204	1953	1.5	5.7	4.7	12.1	17.2	21.5	27.4	24.6	22.4	11.1	5.4	0.4
227	38718	Iskanderkul	68.38	39.10	2204	1954	-1.2	1.8	5.6	12.8	18.1	20.2	22.6	22.8	21.8	14.2	6.1	0.6
227	38718	Iskanderkul	68.38	39.10	2204	1955	2.0	3.4	6.2	11.8	17.1	20.8	24.2	27.2	21.0	14.3	9.4	3.5
227	38718	Iskanderkul	68.38	39.10	2204	1956	-0.6	2.1	6.8	14.4	20.4	21.1	30.4	26.2	22.0	15.5	10.3	0.0
227	38718	Iskanderkul	68.38	39.10	2204	1957	-1.0	-0.8	7.0	10.8	16.4	22.0	23.1	24.5	19.9	13.9	5.7	0.9
227	38718	Iskanderkul	68.38	39.10	2204	1958	2.5	2.4	7.2	13.3	15.5	21.1	26.0	23.0	21.4	14.2	5.7	3.7
227	38718	Iskanderkul	68.38	39.10	2204	1959	1.2	-0.5	5.4	15.3	16.5	21.1	24.1	26.2	26.2	16.8	5.5	0.6
227	38718	Iskanderkul	68.38	39.10	2204	1960	0.7	5.1	3.9	10.4	15.2	22.2	24.6	27.0	19.9	14.7	4.9	3.1
227	38718	Iskanderkul	68.38	39.10	2204	1961	0.6	-0.8	5.8	12.2	21.0	22.6	27.0	25.3	22.3	12.8	6.9	0.9
227	38718	Iskanderkul	68.38	39.10	2204	1962	0.1	3.2	10.2	11.5	16.0	21.1	26.1	25.1	19.7	13.1	2.8	1.9
227	38718	Iskanderkul	68.38	39.10	2204	1963	3.6	4.7	7.3	13.2	16.5	22.7	23.9	24.7	20.9	16.0	7.4	2.5
227	38718	Iskanderkul	68.38	39.10	2204	1964	-4.5	1.0	8.1	9.2	15.5	20.7	23.8	25.1	20.7	13.7	7.2	-1.2
227	38718	Iskanderkul	68.38	39.10	2204	1965	0.6	-0.2	5.0	11.8	18.8	21.3	25.2	25.2	19.2	14.5	8.4	2.9
227	38718	Iskanderkul	68.38	39.10	2204	1966	4.1	3.9	4.9	11.6	15.6	23.9	24.7	24.2	20.3	12.1	6.9	2.3
227	38718	Iskanderkul	68.38	39.10	2204	1967	-0.7	0.9	5.6	10.6	15.3	22.0	25.3	25.6	20.9	11.5	6.0	1.8
227	38718	Iskanderkul	68.38	39.10	2204	1968	-1.3	-0.7	5.9	11.7	14.8	20.7	26.2	25.5	21.5	13.0	6.3	0.2
227	38718	Iskanderkul	68.38	39.10	2204	1969	-2.1	-1.8	7.9	11.2	17.0	21.5	23.6	25.1	19.3	13.8	5.4	3.5
227	38718	Iskanderkul	68.38	39.10	2204	1970	-0.5	3.4	6.5	14.2	19.3	22.9	22.8	26.5	21.7	15.6	8.1	1.3
227	38718	Iskanderkul	68.38	39.10	2204	1971	-0.6	1.8	9.3	13.5	19.2	24.8	25.1	25.2	19.9	15.2	8.7	5.3
227	38718	Iskanderkul	68.38	39.10	2204	1972	-1.1	-4.4	5.3	13.3	15.2	20.6	21.8	22.5	20.7	14.4	9.4	0.5
227	38718	Iskanderkul	68.38	39.10	2204	1973	-2.2	3.2	3.9	12.6	17.3	24.3	27.8	27.1	21.0	15.1	10.1	2.5
227	38718	Iskanderkul	68.38	39.10	2204	1974	-1.5	-2.6	7.7	13.3	17.6	20.8	24.7	22.8	19.0	12.7	6.9	-0.6
227	38718	Iskanderkul	68.38	39.10	2204	1975	-0.5	0.1	5.3	14.2	16.4	23.5	-999.0	27.0	20.9	14.1	4.9	1.4
227	38718	Iskanderkul	68.38	39.10	2204	1976	1.1	-0.6	3.6	11.8	18.2	22.0	27.2	28.4	20.9	13.0	5.4	1.4
227	38718	Iskanderkul	68.38	39.10	2204	1977	-3.0	1.0	9.6	15.6	16.5	24.6	27.0	26.2	22.2	14.0	9.2	2.1
227	38718	Iskanderkul	68.38	39.10	2204	1978	-0.6	2.5	4.5	13.0	18.0	23.6	27.9	27.1	23.3	14.8	4.8	5.3
227	38718	Iskanderkul	68.38	39.10	2204	1979	0.9	2.4	4.9	13.2	15.2	21.9	28.1	24.3	22.2	17.5	8.7	3.2
227	38718	Iskanderkul	68.38	39.10	2204	1980	0.8	0.1	5.3	14.9	18.9	23.2	28.1	26.1	21.8	13.7	9.4	4.4
227	38718	Iskanderkul	68.38	39.10	2204	1981	1.2	3.0	7.7	12.9	18.4	20.1	24.6	23.7	21.2	12.6	7.9	2.6
227	38718	Iskanderkul	68.38	39.10	2204	1982	1.6	0.3	6.2	15.9	19.6	23.1	24.8	25.1	18.4	12.5	4.7	1.2
227	38718	Iskanderkul	68.38	39.10	2204	1983	0.5	1.6	4.1	12.4	18.3	21.9	26.5	28.4	21.5	14.7	9.7	-999.0
227	38718	Iskanderkul	68.38	39.10	2204	1984	-1.8	-3.4	5.9	12.2	16.7	24.2	28.6	30.5	20.2	13.8	7.0	-1.4
227	38718	Iskanderkul	68.38	39.10	2204	1985	1.2	3.9	6.1	15.3	17.0	24.1	28.2	24.5	23.0	14.0	7.6	2.2
227	38718	Iskanderkul	68.38	39.10	2204	1986	1.5	4.2	4.5	12.6	17.6	21.2	27.0	25.5	22.7	15.4	6.6	1.1
227	38718	Iskanderkul	68.38	39.10	2204	1987	3.7	3.6	8.0	10.9	-999.0	21.1	22.1	26.8	21.6	10.4	8.9	5.9
227	38718	Iskanderkul	68.38	39.10	2204	1988	0.9	2.5	5.6	14.7	16.2	23.2	26.9	24.7	21.7	12.5	10.8	4.4
227	38718	Iskanderkul	68.38	39.10	2204	1989	-1.1	-1.7	6.7	10.3	15.3	21.0	24.8	25.0	21.4	16.1	6.7	4.0
227	38718	Iskanderkul	68.38	39.10	2204	1990	1.7	1.8	6.5	12.0	19.6	24.7	25.5	27.3	24.7	14.8	9.8	1.8
227	38943	Kalai-Khumb	70.88	38.47	1284	1932	-999.0	-999.0	-999.0	-999.0	-999.0	-999.0	-999.0	-999.0	-999.0	18.3	10.9	0.3
227	38943	Kalai-Khumb	70.88	38.47	1284	1933	-1.1	5.1	9.6	18.7	27.0	29.2	34.5	34.6	29.8	22.4	13.3	5.0
227	38943	Kalai-Khumb	70.88	38.47	1284	1934	-1.4	6.2	11.5	17.7	-999.0	-999.0	-999.0	-999.0	27.5	20.9	10.7	6.9
227	38943	Kalai-Khumb	70.88	38.47	1284	1935	-0.5	5.9	11.5	17.6	23.6	25.3	32.8	33.5	27.8	20.7	9.3	2.0
227	38943	Kalai-Khumb	70.88	38.47	1284	1936	0.6	7.1	9.3	19.0	27.4	31.2	33.9	32.8	31.0	24.7	13.2	-999.0
227	38943	Kalai-Khumb	70.88	38.47	1284	1937	-999.0	5.4	8.5	16.7	24.6	29.8	33.9	34.4	29.4	20.6	10.2	5.6
227	38943	Kalai-Khumb	70.88	38.47	1284	1938	2.5	3.3	7.8	21.9	30.0	29.6	32.8	34.8	27.2	22.4	12.8	6.2
227	38943	Kalai-Khumb	70.88	38.47	1284	1939	1.1	4.1	8.6	18.1	26.7	31.0	34.8	35.3	30.7	22.4	12.5	8.0
227	38943	Kalai-Khumb	70.88	38.47	1284	1940	4.4	6.6	-999.0	21.0	25.8	31.9	34.7	34.0	28.7	22.8	14.9	6.7
227	38943	Kalai-Khumb	70.88	38.47	1284	1941	1.4	8.1	14.5	20.6	28.3	33.9	34.5	35.2	30.7	26.8	13.9	5.8
227	38943	Kalai-Khumb	70.88	38.47	1284	1942	2.0	3.8	12.8	21.4	26.0	29.2	35.6	34.3	29.8	22.9	13.9	5.8
227	38943	Kalai-Khumb	70.88	38.47	1284	1943	3.2	5.7	9.8	18.8	23.4	30.1	35.6	34.5	30.5	21.9	-999.0	6.4
227	38943	Kalai-Khumb	70.88	38.47	1284	1944	2.8	5.7	16.5	21.1	27.6	29.4	38.0	36.4	28.8	19.7	12.1	2.9
227	38943	Kalai-Khumb	70.88	38.47	1284	1945	0.3	2.1	5.9	17.0	25.1	30.1	34.1	35.5	30.9	24.2	-999.0	-999.0
227	38943	Kalai-Khumb	70.88	38.47	1284	1946	-999.0	-999.0	-999.0	22.2	27.6	-999.0	33.7	33.8	30.7	26.5	12.5	4.4
227	38943	Kalai-Khumb	70.88	38.47	1284	1947	2.0	6.8	11.0	22.6	27.8	30.6	34.1	35.7	30.7	21.9	14.9	6.6
227	38943	Kalai-Khumb	70.88	38.47	1284	1948	4.1	6.7	9.5	17.4	24.6	28.3	34.5	33.7	29.4	23.4	13.4	-999.0
227	38943	Kalai-Khumb	70.88	38.47	1284	1949	-999.0	-999.0	-999.0	-999.0	-999.0	-999.0	-999.0	-999.0	-999.0	20.4	11.2	5.5
227	38943	Kalai-Khumb	70.88	38.47	1284	1950	2.0	3.2	12.2	17.6	25.5	30.4	35.6	34.9	29.6	22.4	11.7	4.1
227	38943	Kalai-Khumb	70.88	38.47	1284	1951	2.1	2.2	11.2	18.6	24.9	28.3	31.1	32.8	30.6	21.4	13.2	8.8
227	38943	Kalai-Khumb	70.88	38.47	1284	1952	4.4	6.1	9.3	19.4	25.1	29.9	32.9	32.9	29.3	23.8	12.6	6.3
227	38943	Kalai-Khumb	70.88	38.47	1284	1953	3.6	8.5	10.5	17.6	25.8	29.9	34.7	32.6	30.4	18.9	10.0	6.1
227	38943	Kalai-Khumb	70.88	38.47	1284	1954	0.9	4.9	11.4	20.4	24.3	28.6	31.0	32.0	30.4	22.6	13.0	4.1
227	38943	Kalai-Khumb	70.88	38.47	1284	1955	5.0	10.3	12.2	18.4	24.1	29.7	32.7	35.0	29.7	22.3	15.2	7.9
227	38943	Kalai-Khumb	70.88	38.47	1284	1956	3.0	4.8	10.7	20.9	28.5	30.3	36.4	33.6	30.4	23.1	16.5	6.5
227	38943	Kalai-Khumb	70.88	38.47	1284	1957	2.6	3.0	11.6	17.5	22.9	28.4	32.4	33.4	28.9	20.8	10.8	5.4
227	38943	Kalai-Khumb	70.88	38.47	1284	1958	3.8	4.9	12.7	18.2	21.7	29.9	34.9	32.4	30.8	21.2	11.7	7.5
227	38943	Kalai-Khumb	70.88	38.47	1284	1959	5.2	3.6	11.1	21.3	22.8	30.6	34.3	35.6	34.6	25.2	11.6	6.3
227	38943	Kalai-Khumb	70.88	38.47	1284	1960	5.1	9.0	10.3	17.6	22.9	31.1	34.5	35.7	29.2	23.2	10.1	6.4
227	38943	Kalai-Khumb	70.88	38.47	1284	1961	4.6	4.0	11.4	20.9	28.7	32.1	36.3	34.4	31.8	21.9	13.3	5.6
227	38943	Kalai-Khumb	70.88	38.47	1284	1962	4.1	7.9	16.9	18.0	23.3	30.4	34.6	33.8	28.4	21.4	10.8	6.4
227	38943	Kalai-Khumb	70.88	38.47	1284	1963	7.0	10.3	14.2	21.4	25.2	31.2	33.6	33.9	29.6	24.7	13.3	8.7
227	38943	Kalai-Khumb	70.88	38.47	1284	1964	0.1	4.6	12.6	17.0	23.1	29.8	32.7	34.0	29.5	22.0	14.1	5.5
227	38943	Kalai-Khumb	70.88	38.47	1284	1965	5.8	3.4	10.4	18.0	26.3	30.5	33.6	32.7	28.8	21.6	13.6	8.3
227	38943	Kalai-Khumb	70.88	38.47	1284	1966	9.0	8.5	10.4	17.4	23.7	32.8	33.4	34.1	28.9	18.1	13.6	5.8
227	38943	Kalai-Khumb	70.88	38.47	1284	1967	1.9	4.9	12.0	19.3	22.7	30.1	34.4	34.2	30.6	19.6	12.8	7.2
227	38943	Kalai-Khumb	70.88	38.47	1284	1968	3.9	6.1	12.4	20.5	22.5	30.4	34.9	34.4	30.5	21.2	13.2	2.7
227	38943	Kalai-Khumb	70.88	38.47	1284	1969	1.0	2.0	9.8	16.7	23.7	29.5	32.3	33.7	28.7	20.8	13.6	8.7
227	38943	Kalai-Khumb	70.88	38.47	1284	1970	5.2	9.5	12.9	21.3	26.7	32.2	32.2	37.0	31.0	23.6	15.2	7.4
227	38943	Kalai-Khumb	70.88	38.47	1284	1971	4.9	8.3	16.1	22.5	29.3	34.6	34.9	34.7	28.8	23.9	14.2	11.4
227	38943	Kalai-Khumb	70.88	38.47	1284	1972	3.8	0.0	9.7	19.1	24.1	29.2	31.4	32.5	29.4	22.6	15.8	6.0
227	38943	Kalai-Khumb	70.88	38.47	1284	1973	1.5	5.9	9.4	19.6	24.9	33.6	37.4	36.2	30.8	23.7	17.4	9.9
227	38943	Kalai-Khumb	70.88	38.47	1284	1974	3.4	3.4	13.1	21.7	26.1	30.9	34.2	32.5	29.3	22.5	13.9	3.9
227	38943	Kalai-Khumb	70.88	38.47	1284	1975	1.6	4.6	11.5	19.2	23.6	23.8	-999.0	35.7	-999.0	22.9	11.9	7.4
227	38943	Kalai-Khumb	70.88	38.47	1284	1976	5.6	4.0	10.0	19.4	26.6	30.4	37.1	36.5	30.6	20.6	13.6	8.5
227	38943	Kalai-Khumb	70.88	38.47	1284	1977	1.3	5.4	15.4	23.0	24.3	32.9	36.4	35.3	30.8	22.2	14.7	5.5
227	38943	Kalai-Khumb	70.88	38.47	1284	1978	1.6	5.1	10.9	21.0	27.8	33.8	37.0	35.9	32.2	22.6	11.2	7.1
227	38943	Kalai-Khumb	70.88	38.47	1284	1979	5.9	9.2	11.8	21.3	21.9	31.1	36.8	33.8	30.3	26.1	16.0	9.5
227	38943	Kalai-Khumb	70.88	38.47	1284	1980	5.0	4.6	10.4	21.7	26.7	32.8	36.7	35.1	31.1	24.0	15.9	10.5
227	38943	Kalai-Khumb	70.88	38.47	1284	1981	5.7	4.9	12.7	21.2	32.0	29.5	33.5	32.7	30.2	20.0	13.9	7.2
227	38943	Kalai-Khumb	70.88	38.47	1284	1982	5.6	4.0	11.5	22.8	26.8	31.3	34.0	34.3	28.2	19.6	9.9	6.0
227	38943	Kalai-Khumb	70.88	38.47	1284	1983	4.1	8.9	11.1	20.9	25.2	28.6	33.2	37.2	31.0	23.6	17.1	-999.0
227	38943	Kalai-Khumb	70.88	38.47	1284	1984	5.4	2.3	11.6	19.5	25.2	33.8	36.8	39.0	29.3	23.0	13.1	3.5
227	38943	Kalai-Khumb	70.88	38.47	1284	1985	3.7	7.2	11.8	23.0	25.0	31.8	36.8	34.0	31.5	22.1	-999.0	8.1
227	38943	Kalai-Khumb	70.88	38.47	1284	1986	5.0	10.0	11.3	19.6	24.2	29.6	35.7	34.7	31.1	24.1	13.6	4.1
227	38943	Kalai-Khumb	70.88	38.47	1284	1987	4.5	7.9	11.9	17.5	-999.0	29.1	31.3	34.9	30.8	18.1	13.8	10.0
227	38943	Kalai-Khumb	70.88	38.47	1284	1988	5.2	7.4	10.5	20.1	25.5	32.3	36.3	33.6	31.2	20.9	17.7	8.6
227	38943	Kalai-Khumb	70.88	38.47	1284	1989	2.3	2.9	12.3	18.2	23.8	29.6	31.8	33.1	30.4	24.3	12.1	7.8
227	38943	Kalai-Khumb	70.88	38.47	1284	1990	4.1	6.7	11.3	18.8	28.0	32.8	35.0	36.2	33.2	23.2	16.8	7.3
227	38871	Karakul	73.55	39.02	3930	1940	-10.7	-6.3	-4.0	1.5	7.4	11.6	13.8	13.5	8.1	4.6	-2.1	-8.5
227	38871	Karakul	73.55	39.02	3930	1941	-10.5	-5.4	-0.7	3.8	9.8	13.1	17.6	16.3	10.4	6.8	-1.4	-7.5
227	38871	Karakul	73.55	39.02	3930	1942	-12.6	-10.7	-0.6	4.5	8.1	10.2	16.4	15.6	10.8	2.8	-1.4	-10.1
227	38871	Karakul	73.55	39.02	3930	1943	-13.9	-7.1	-3.2	1.6	6.1	9.7	15.2	14.4	10.5	2.8	-2.7	-6.1
227	38871	Karakul	73.55	39.02	3930	1944	-9.7	-7.3	-0.7	3.7	8.5	10.1	18.2	16.8	8.0	1.4	-4.2	-10.7
227	38871	Karakul	73.55	39.02	3930	1945	-12.9	-10.9	-4.1	-0.6	6.6	11.0	15.1	14.6	10.9	4.0	-2.4	-10.1
227	38871	Karakul	73.55	39.02	3930	1946	-11.1	-7.9	-5.4	5.3	8.4	10.8	15.0	14.6	9.5	6.2	-3.7	-9.1
227	38871	Karakul	73.55	39.02	3930	1947	-10.6	-6.5	0.2	3.5	8.9	11.9	14.7	16.3	11.9	2.6	-2.6	-9.4
227	38871	Karakul	73.55	39.02	3930	1948	-10.1	-7.6	-4.2	3.7	6.4	9.2	15.3	15.1	10.7	5.3	-4.0	-9.3
227	38871	Karakul	73.55	39.02	3930	1949	-12.3	-9.2	-2.6	3.5	7.9	8.7	15.0	13.0	10.3	3.0	-7.2	-10.9
227	38871	Karakul	73.55	39.02	3930	1950	-11.0	-12.6	-4.7	-1.0	7.7	11.3	16.8	15.4	9.8	3.1	-4.1	-10.5
227	38871	Karakul	73.55	39.02	3930	1951	-12.0	-8.9	-2.6	0.1	7.8	9.5	12.3	14.4	10.6	5.3	-1.9	-5.9
227	38871	Karakul	73.55	39.02	3930	1952	-16.4	-8.4	-4.1	4.6	6.8	10.8	14.4	13.2	9.6	3.6	-2.7	-8.7
227	38871	Karakul	73.55	39.02	3930	1953	-14.4	-5.7	-3.2	2.3	7.2	10.4	16.0	13.5	10.7	2.1	-4.4	-8.3
227	38871	Karakul	73.55	39.02	3930	1954	-11.0	-9.6	-1.6	4.0	6.1	10.2	12.2	12.7	10.8	0.1	-5.5	-10.4
227	38871	Karakul	73.55	39.02	3930	1955	-11.3	-6.8	-3.0	-1.4	4.8	9.9	12.8	16.2	10.3	3.2	-1.7	-8.2
227	38871	Karakul	73.55	39.02	3930	1956	-11.7	-7.2	-1.5	4.5	9.3	11.2	18.4	14.7	11.0	2.9	-1.6	-10.0
227	38871	Karakul	73.55	39.02	3930	1957	-10.1	-12.5	-3.6	1.1	5.1	9.2	12.9	13.5	8.3	3.1	-2.9	-9.4
227	38871	Karakul	73.55	39.02	3930	1958	-13.9	-10.8	-1.6	4.7	4.2	10.4	15.4	12.8	11.5	1.6	-3.3	-7.5
227	38871	Karakul	73.55	39.02	3930	1959	-12.8	-9.6	-3.5	3.9	4.8	11.0	14.3	15.5	14.6	5.1	-4.6	-9.9
227	38871	Karakul	73.55	39.02	3930	1960	-12.1	-7.6	-5.1	0.9	5.8	9.7	14.8	15.8	8.7	2.7	-5.0	-10.3
227	38871	Karakul	73.55	39.02	3930	1961	-11.1	-11.0	-4.0	2.2	8.4	11.0	16.4	15.0	12.4	1.9	-4.9	-10.0
227	38871	Karakul	73.55	39.02	3930	1962	-10.0	-6.8	-0.9	2.9	5.6	10.1	13.2	12.8	8.2	1.0	-5.5	-9.4
227	38871	Karakul	73.55	39.02	3930	1963	-9.2	-5.0	-2.3	4.1	7.8	11.8	14.2	14.5	9.7	4.4	-3.2	-6.8
227	38871	Karakul	73.55	39.02	3930	1964	-14.0	-8.2	-0.7	1.3	4.5	9.8	13.4	15.2	9.5	3.5	-3.3	-12.5
227	38871	Karakul	73.55	39.02	3930	1965	-14.8	-13.7	-7.3	0.2	5.4	9.7	13.6	11.2	8.7	4.1	-2.8	-10.5
227	38871	Karakul	73.55	39.02	3930	1966	-8.5	-8.5	-4.5	1.5	5.1	12.5	12.9	14.4	8.3	1.4	-4.9	-8.0
227	38871	Karakul	73.55	39.02	3930	1967	-11.8	-6.4	-3.1	3.8	4.8	11.2	14.8	14.2	10.9	2.5	-4.0	-7.1
227	38871	Karakul	73.55	39.02	3930	1968	-11.3	-8.1	-1.5	-3.3	4.4	11.0	15.3	14.3	10.4	2.1	-3.2	-11.3
227	38871	Karakul	73.55	39.02	3930	1969	-9.6	-9.0	0.8	1.8	7.0	10.6	14.7	15.4	9.1	4.8	-3.6	-10.1
227	38871	Karakul	73.55	39.02	3930	1970	-11.4	-8.2	-3.6	4.3	7.8	11.0	13.1	16.3	10.7	5.0	-2.5	-7.4
227	38871	Karakul	73.55	39.02	3930	1971	-10.5	-8.6	0.1	4.5	7.5	13.2	15.2	11.5	7.4	4.2	-1.9	-4.8
227	38871	Karakul	73.55	39.02	3930	1972	-8.3	-11.7	-4.6	1.3	6.0	10.5	11.9	13.7	9.1	3.2	-4.1	-9.0
227	38871	Karakul	73.55	39.02	3930	1973	-999.0	-6.9	-4.5	2.9	6.3	12.8	17.4	16.3	11.5	3.5	-3.6	-5.9
227	38871	Karakul	73.55	39.02	3930	1974	-11.6	-12.4	-3.9	4.7	6.8	10.2	13.7	12.8	8.8	0.3	-6.0	-12.9
227	38871	Karakul	73.55	39.02	3930	1975	-15.9	-9.8	-3.7	2.1	5.1	10.5	-999.0	14.8	9.5	3.9	-4.7	-999.0
227	38871	Karakul	73.55	39.02	3930	1976	-16.2	-10.7	-4.7	2.9	6.7	9.9	-999.0	15.3	10.3	3.6	-3.4	-999.0
227	38871	Karakul	73.55	39.02	3930	1977	-10.1	-8.0	-3.3	3.9	5.8	11.9	15.9	14.9	10.5	4.3	-2.3	-8.8
227	38871	Karakul	73.55	39.02	3930	1978	-14.6	-7.6	-5.1	4.4	8.7	13.8	18.2	15.9	11.3	4.2	-4.7	-4.8
227	38871	Karakul	73.55	39.02	3930	1979	-8.1	-6.2	-4.0	4.3	4.6	11.0	15.2	13.1	9.0	5.0	-2.3	-9.2
227	38871	Karakul	73.55	39.02	3930	1980	-12.4	-6.9	-3.9	4.8	8.0	12.4	15.5	13.9	9.8	4.4	-3.9	-11.9
227	38871	Karakul	73.55	39.02	3930	1981	-12.4	-8.0	-2.1	3.1	9.3	10.7	15.2	13.4	-999.0	2.3	-3.2	-8.1
227	38871	Karakul	73.55	39.02	3930	1982	-7.9	-9.4	-2.8	3.8	7.5	10.3	14.2	14.6	7.6	3.7	-5.3	-12.8
227	38871	Karakul	73.55	39.02	3930	1983	-11.2	-9.3	-6.8	1.2	7.6	9.9	13.5	17.1	11.0	3.7	-1.1	-7.4
227	38871	Karakul	73.55	39.02	3930	1984	-12.4	-11.3	-1.2	2.3	6.9	13.3	15.9	17.9	8.6	2.6	-2.8	-9.8
227	38871	Karakul	73.55	39.02	3930	1985	-11.2	-7.0	-2.4	4.2	6.4	10.8	16.0	14.8	9.7	3.4	-3.7	-13.4
227	38871	Karakul	73.55	39.02	3930	1986	-20.9	-14.1	-7.7	0.1	2.1	9.5	14.8	13.9	9.0	4.2	-2.9	-10.3
227	38871	Karakul	73.55	39.02	3930	1987	-12.3	-6.9	-0.8	-999.0	5.6	8.8	12.0	14.4	10.8	1.5	-1.8	-8.8
227	38871	Karakul	73.55	39.02	3930	1988	-10.7	-9.6	-3.9	3.6	6.0	12.0	16.4	14.5	10.8	2.2	-0.9	-6.1
227	38871	Karakul	73.55	39.02	3930	1989	-11.6	-10.2	-2.4	-0.5	5.6	9.3	13.7	12.7	10.2	3.8	-3.4	-9.9
227	38871	Karakul	73.55	39.02	3930	1990	-8.0	-7.4	-3.5	1.5	9.2	12.9	14.9	15.0	12.5	2.9	-1.3	-8.0
227	38840	Komsomolabad	69.98	38.87	1259	1947	-999.0	-999.0	-999.0	-999.0	-999.0	-999.0	-999.0	35.0	28.8	19.2	13.3	6.3
227	38840	Komsomolabad	69.98	38.87	1259	1948	2.9	2.4	6.4	14.9	22.7	27.2	33.9	33.0	28.2	21.5	12.6	1.1
227	38840	Komsomolabad	69.98	38.87	1259	1949	-0.3	1.7	6.8	16.0	23.2	24.2	33.3	30.0	27.4	18.2	10.0	3.9
227	38840	Komsomolabad	69.98	38.87	1259	1950	0.0	0.0	8.7	15.4	23.2	29.3	34.3	33.2	28.0	20.8	8.6	1.7
227	38840	Komsomolabad	69.98	38.87	1259	1951	0.4	0.3	6.7	16.0	22.6	25.7	29.6	32.3	29.4	20.0	11.7	8.6
227	38840	Komsomolabad	69.98	38.87	1259	1952	1.3	3.1	5.7	17.4	22.2	28.0	32.2	32.3	28.0	22.6	10.8	3.6
227	38840	Komsomolabad	69.98	38.87	1259	1953	0.8	4.9	7.0	15.4	22.6	27.3	33.8	31.7	28.5	15.8	8.5	2.8
227	38840	Komsomolabad	69.98	38.87	1259	1954	-0.3	1.8	6.5	17.6	22.1	26.4	28.3	30.6	28.5	21.0	10.9	1.1
227	38840	Komsomolabad	69.98	38.87	1259	1955	2.8	6.6	9.7	16.8	21.3	27.3	31.3	34.1	28.6	21.1	14.1	6.2
227	38840	Komsomolabad	69.98	38.87	1259	1956	0.5	2.5	6.8	18.1	25.3	28.4	36.7	33.0	29.5	22.1	16.1	4.5
227	38840	Komsomolabad	69.98	38.87	1259	1957	-0.4	0.3	7.3	14.2	21.2	26.4	30.2	31.6	27.4	19.8	8.7	2.1
227	38840	Komsomolabad	69.98	38.87	1259	1958	2.9	2.2	9.5	17.1	19.8	27.3	32.6	31.0	28.8	20.0	9.2	5.4
227	38840	Komsomolabad	69.98	38.87	1259	1959	1.5	0.9	8.3	19.6	20.9	27.5	31.8	34.0	32.7	24.0	10.4	3.3
227	38840	Komsomolabad	69.98	38.87	1259	1960	2.7	6.4	7.6	15.2	20.3	28.0	31.9	33.8	27.9	21.7	10.0	5.1
227	38840	Komsomolabad	69.98	38.87	1259	1961	3.2	0.4	8.5	18.0	26.0	30.0	34.4	32.3	29.7	20.0	11.6	3.1
227	38840	Komsomolabad	69.98	38.87	1259	1962	-0.8	4.3	14.1	15.7	20.8	27.4	33.2	32.0	26.4	20.1	7.6	3.5
227	38840	Komsomolabad	69.98	38.87	1259	1963	3.4	6.5	9.9	18.6	22.0	28.3	31.9	31.9	28.1	23.3	12.0	5.0
227	38840	Komsomolabad	69.98	38.87	1259	1964	-4.2	2.6	8.8	14.5	21.7	27.4	30.5	32.0	27.5	20.3	13.3	0.6
227	38840	Komsomolabad	69.98	38.87	1259	1965	3.5	0.5	6.7	16.0	24.3	28.2	31.8	31.5	26.6	20.3	12.6	7.2
227	38943	Kulyab	69.75	37.92	604	1930	-999.0	-999.0	-999.0	-999.0	-999.0	34.0	38.5	35.0	28.1	22.5	19.3	9.5
227	38943	Kulyab	69.75	37.92	604	1931	7.5	4.9	17.1	23.9	25.0	31.9	36.7	36.2	32.1	23.8	14.4	8.5
227	38943	Kulyab	69.75	37.92	604	1932	5.9	11.0	18.2	24.9	26.5	34.5	38.7	34.5	30.8	23.1	14.8	3.0
227	38943	Kulyab	69.75	37.92	604	1933	1.3	10.7	13.4	22.1	30.3	34.5	38.7	36.8	31.1	24.7	17.3	11.4
227	38943	Kulyab	69.75	37.92	604	1934	-0.7	12.7	17.1	21.3	23.3	33.1	36.2	37.0	29.8	23.3	15.3	11.0
227	38943	Kulyab	69.75	37.92	604	1935	2.7	13.8	17.0	-999.0	26.4	29.7	37.2	37.6	31.2	-999.0	-999.0	-999.0
227	38943	Kulyab	69.75	37.92	604	1936	-999.0	-999.0	14.4	24.4	30.6	-999.0	-999.0	36.0	33.0	27.4	17.0	8.2
227	38943	Kulyab	69.75	37.92	604	1937	2.1	11.5	14.4	20.4	28.6	35.0	38.2	37.2	32.0	23.5	15.8	10.9
227	38943	Kulyab	69.75	37.92	604	1938	9.3	11.9	14.9	25.5	32.8	34.7	36.8	36.5	31.2	24.6	16.0	10.7
227	38943	Kulyab	69.75	37.92	604	1939	8.9	12.0	14.8	20.8	29.1	37.6	38.0	36.4	32.2	24.0	19.1	14.4
227	38943	Kulyab	69.75	37.92	604	1940	10.9	13.8	15.0	23.7	29.5	37.3	38.1	35.9	31.2	26.2	19.0	12.8
227	38943	Kulyab	69.75	37.92	604	1941	8.4	15.0	20.5	23.7	31.4	37.9	37.2	36.7	32.0	27.6	18.8	11.9
227	38943	Kulyab	69.75	37.92	604	1942	8.7	8.0	18.2	23.5	29.3	33.6	38.9	35.6	31.1	26.3	20.8	9.8
227	38943	Kulyab	69.75	37.92	604	1943	-999.0	10.6	13.9	21.4	26.8	33.6	38.7	36.1	-999.0	-999.0	-999.0	-999.0
227	38943	Kulyab	69.75	37.92	604	1944	-999.0	-999.0	-999.0	-999.0	31.9	35.2	40.7	37.0	30.4	24.0	17.5	2.4
227	38943	Kulyab	69.75	37.92	604	1945	5.0	7.7	13.2	21.9	26.0	33.7	37.1	36.8	31.7	26.6	17.1	10.6
227	38943	Kulyab	69.75	37.92	604	1946	7.2	15.7	18.2	25.8	33.4	35.3	36.7	35.1	32.2	27.6	14.7	5.8
227	38943	Kulyab	69.75	37.92	604	1947	9.8	12.0	21.1	23.9	29.3	34.6	37.8	38.2	31.5	25.2	22.3	12.5
227	38943	Kulyab	69.75	37.92	604	1948	13.6	14.5	15.2	22.4	29.7	34.9	38.6	35.8	30.5	24.1	17.2	7.1
227	38943	Kulyab	69.75	37.92	604	1949	4.6	11.6	15.9	24.1	29.2	32.3	39.2	35.2	31.5	21.4	15.9	13.6
227	38943	Kulyab	69.75	37.92	604	1950	6.4	9.7	17.3	20.6	28.7	35.3	38.2	36.0	30.3	25.9	13.4	6.9
227	38943	Kulyab	69.75	37.92	604	1951	6.6	7.4	14.8	22.4	28.7	32.8	36.8	36.0	32.6	26.6	17.6	13.6
227	38943	Kulyab	69.75	37.92	604	1952	8.3	14.1	16.4	24.5	28.3	34.8	37.6	35.7	30.5	24.8	14.4	9.9
227	38943	Kulyab	69.75	37.92	604	1953	11.0	16.3	15.2	22.6	28.3	34.0	38.3	35.6	31.2	21.7	14.4	8.5
227	38943	Kulyab	69.75	37.92	604	1954	7.5	10.6	14.6	23.5	29.4	33.8	36.4	34.9	31.1	25.2	16.4	8.9
227	38943	Kulyab	69.75	37.92	604	1955	11.8	17.2	17.0	22.9	26.2	33.9	38.3	37.9	32.2	24.3	21.8	13.2
227	38943	Kulyab	69.75	37.92	604	1956	10.0	12.3	16.5	24.6	32.0	34.8	39.9	35.7	31.6	24.6	20.6	9.3
227	38943	Kulyab	69.75	37.92	604	1957	2.7	7.1	17.8	20.1	27.9	33.8	35.9	34.8	30.6	22.4	12.4	10.2
227	38943	Kulyab	69.75	37.92	604	1958	11.8	14.6	19.9	23.1	25.7	35.1	38.3	35.3	31.7	24.7	11.9	11.7
227	38943	Kulyab	69.75	37.92	604	1959	9.8	7.5	16.6	25.7	27.6	35.0	37.0	37.4	34.3	25.9	13.8	7.2
227	38943	Kulyab	69.75	37.92	604	1960	10.4	16.1	13.4	20.4	26.1	35.8	37.3	36.8	31.1	25.2	14.9	8.8
227	38943	Kulyab	69.75	37.92	604	1961	-999.0	8.6	17.6	22.0	31.2	35.7	39.0	36.4	32.1	22.5	17.4	12.3
227	38943	Kulyab	69.75	37.92	604	1962	8.5	14.3	20.1	21.0	27.0	33.5	38.6	35.6	29.4	23.2	12.2	11.1
227	38943	Kulyab	69.75	37.92	604	1963	13.8	16.0	17.6	24.1	27.8	35.5	37.4	35.8	31.4	26.4	16.7	10.6
227	38943	Kulyab	69.75	37.92	604	1964	1.3	11.1	18.3	20.9	27.9	34.9	36.6	36.5	31.6	22.6	19.1	6.1
227	38943	Kulyab	69.75	37.92	604	1965	9.6	9.9	15.3	22.7	28.5	34.6	37.6	35.9	30.7	26.4	19.4	12.8
227	38943	Kulyab	69.75	37.92	604	1966	16.7	16.3	16.4	22.1	28.3	37.5	37.6	36.8	31.1	22.6	15.3	12.3
227	38943	Kulyab	69.75	37.92	604	1967	6.9	10.5	17.1	21.4	26.0	33.7	37.7	36.2	31.5	22.8	17.7	11.0
227	38943	Kulyab	69.75	37.92	604	1968	10.2	12.1	17.6	-999.0	25.6	34.9	37.3	36.1	31.9	24.3	17.6	10.4
227	38943	Kulyab	69.75	37.92	604	1969	4.2	4.8	18.1	21.3	26.6	33.8	36.3	35.0	30.2	24.6	14.8	14.7
227	38943	Kulyab	69.75	37.92	604	1970	8.3	15.4	16.3	24.8	31.8	35.6	36.5	38.2	31.0	25.8	20.2	11.3
227	38943	Kulyab	69.75	37.92	604	1971	6.6	12.1	19.9	24.7	32.4	37.1	37.5	35.6	30.3	25.2	19.7	14.5
227	38943	Kulyab	69.75	37.92	604	1972	4.6	-0.8	13.9	23.4	26.8	33.6	35.3	33.2	30.8	25.2	19.0	6.7
227	38943	Kulyab	69.75	37.92	604	1973	3.1	12.7	15.2	24.2	28.6	37.1	38.5	36.6	30.2	25.6	19.9	11.8
227	38943	Kulyab	69.75	37.92	604	1974	5.6	5.3	17.2	25.4	29.2	35.0	37.4	34.4	30.5	24.0	17.2	9.6
227	38943	Kulyab	69.75	37.92	604	1975	7.8	10.3	16.0	20.5	27.5	34.9	38.2	36.2	31.3	23.6	13.4	8.6
227	38943	Kulyab	69.75	37.92	604	1976	10.5	7.2	13.2	-999.0	-999.0	34.5	38.2	36.5	31.6	23.7	13.5	7.5
227	38943	Kulyab	69.75	37.92	604	1977	0.4	11.0	21.8	24.4	29.0	36.8	38.2	35.9	31.3	23.4	18.4	11.3
227	38943	Kulyab	69.75	37.92	604	1978	7.9	10.5	15.0	25.9	30.0	35.8	38.0	35.9	32.6	26.1	13.4	13.2
227	38943	Kulyab	69.75	37.92	604	1979	8.8	12.7	15.4	24.6	24.3	34.5	38.6	34.9	31.4	-999.0	15.5	12.3
227	38943	Kulyab	69.75	37.92	604	1980	-999.0	7.9	15.0	26.0	31.1	36.1	38.4	35.6	31.1	25.2	19.8	12.9
227	38943	Kulyab	69.75	37.92	604	1981	10.4	11.4	18.4	24.0	30.3	35.4	36.6	34.9	30.6	22.1	19.1	13.0
227	38943	Kulyab	69.75	37.92	604	1982	-999.0	8.1	14.7	25.1	30.6	35.4	37.3	35.4	29.2	24.2	11.0	8.2
227	38943	Kulyab	69.75	37.92	604	1983	7.9	14.2	14.5	21.8	29.6	35.3	38.8	37.6	32.0	23.9	20.6	-999.0
227	38943	Kulyab	69.75	37.92	604	1984	8.7	3.1	18.0	24.5	30.1	36.9	39.3	38.9	30.7	23.0	18.5	4.1
227	38943	Kulyab	69.75	37.92	604	1985	8.7	15.0	14.1	24.4	28.3	36.8	39.0	34.8	31.9	-999.0	18.5	11.8
227	38943	Kulyab	69.75	37.92	604	1986	10.8	12.5	13.0	22.8	30.4	36.2	38.3	36.2	32.1	26.3	16.0	9.7
227	38943	Kulyab	69.75	37.92	604	1987	13.9	13.4	19.1	21.7	-999.0	35.0	36.5	38.3	31.5	19.7	17.8	14.8
227	38943	Kulyab	69.75	37.92	604	1988	9.7	11.0	16.9	25.1	30.7	37.6	39.2	35.3	31.3	24.6	21.7	15.4
227	38943	Kulyab	69.75	37.92	604	1989	6.2	6.0	18.0	22.7	25.7	35.6	37.1	35.7	30.9	25.9	17.4	12.9
227	38943	Kulyab	69.75	37.92	604	1990	6.4	10.6	15.3	22.5	32.9	37.5	37.5	37.2	32.9	24.3	20.7	9.3
227	38933	Kurgan-tyube	68.86	37.82	426	1936	6.5	14.7	14.9	23.6	32.9	37.5	38.0	35.7	33.1	27.8	17.9	9.1
227	38933	Kurgan-tyube	68.86	37.82	426	1937	2.3	11.8	15.0	21.4	30.3	35.5	38.5	37.0	32.2	24.3	17.1	10.6
227	38933	Kurgan-tyube	68.86	37.82	426	1938	9.2	12.9	15.8	26.8	34.3	35.3	36.2	36.4	31.7	25.5	16.3	9.9
227	38933	Kurgan-tyube	68.86	37.82	426	1939	8.9	12.1	15.0	21.4	31.0	37.5	37.7	35.8	31.6	24.6	19.8	15.8
227	38933	Kurgan-tyube	68.86	37.82	426	1940	11.1	14.4	15.7	25.0	30.6	37.1	37.7	35.5	31.1	27.1	19.5	13.1
227	38933	Kurgan-tyube	68.86	37.82	426	1941	8.0	15.2	21.5	25.2	33.2	38.4	37.1	36.5	32.5	27.9	18.3	11.1
227	38933	Kurgan-tyube	68.86	37.82	426	1942	6.5	8.6	18.8	24.7	30.5	34.4	38.4	35.0	30.6	26.6	21.4	9.7
227	38933	Kurgan-tyube	68.86	37.82	426	1943	6.1	11.0	14.3	22.8	28.1	35.1	38.6	35.5	30.7	24.0	16.8	13.8
227	38933	Kurgan-tyube	68.86	37.82	426	1944	10.9	14.3	22.9	24.7	32.5	35.8	40.4	37.1	30.9	24.8	18.8	2.4
227	38933	Kurgan-tyube	68.86	37.82	426	1945	5.7	8.8	15.2	23.3	28.2	35.5	37.1	37.3	32.7	28.1	17.8	11.7
227	38933	Kurgan-tyube	68.86	37.82	426	1946	8.1	15.9	19.5	28.2	34.8	35.6	37.0	35.2	32.6	28.4	14.9	6.1
227	38933	Kurgan-tyube	68.86	37.82	426	1947	10.7	12.5	22.3	25.9	31.1	34.4	37.4	37.6	31.5	25.8	23.2	13.0
227	38933	Kurgan-tyube	68.86	37.82	426	1948	13.9	14.6	-999.0	23.6	31.9	35.7	38.3	35.5	30.5	24.5	17.5	6.9
227	38933	Kurgan-tyube	68.86	37.82	426	1949	3.7	12.5	16.5	24.9	30.4	32.7	38.1	34.3	30.8	21.0	15.8	12.7
227	38933	Kurgan-tyube	68.86	37.82	426	1950	5.9	8.1	17.8	21.9	30.8	36.2	38.1	35.7	30.7	26.1	13.0	7.2
227	38933	Kurgan-tyube	68.86	37.82	426	1951	6.5	7.4	14.9	23.3	30.0	33.7	36.7	35.5	32.2	26.3	17.5	13.4
227	38933	Kurgan-tyube	68.86	37.82	426	1952	8.1	14.3	16.5	25.9	30.1	35.5	37.4	35.7	30.8	25.2	15.1	9.9
227	38933	Kurgan-tyube	68.86	37.82	426	1953	11.0	16.4	15.6	23.3	30.2	35.2	38.1	35.5	31.2	22.3	14.9	7.9
227	38933	Kurgan-tyube	68.86	37.82	426	1954	8.0	10.9	15.2	24.9	31.3	35.0	36.6	35.2	31.6	25.5	15.8	8.5
227	38933	Kurgan-tyube	68.86	37.82	426	1955	11.7	17.4	18.1	23.8	27.7	34.9	38.1	37.3	31.8	24.6	21.9	12.9
227	38933	Kurgan-tyube	68.86	37.82	426	1956	9.2	12.8	16.2	25.0	32.6	35.2	39.5	35.5	31.4	25.1	20.4	9.1
227	38933	Kurgan-tyube	68.86	37.82	426	1957	2.3	7.0	17.9	21.2	29.4	34.8	36.0	35.2	30.9	22.9	12.7	10.6
227	38933	Kurgan-tyube	68.86	37.82	426	1958	10.7	15.1	20.6	24.2	27.1	36.3	38.5	35.2	31.3	25.3	12.3	12.1
227	38933	Kurgan-tyube	68.86	37.82	426	1959	8.7	8.8	17.3	27.0	29.0	35.9	36.9	36.7	34.1	26.2	14.8	6.4
227	38933	Kurgan-tyube	68.86	37.82	426	1960	10.0	15.4	13.9	21.0	27.6	36.8	37.2	36.7	31.0	25.8	15.2	9.1
227	38933	Kurgan-tyube	68.86	37.82	426	1961	10.1	9.5	18.8	23.6	33.5	36.0	38.1	35.7	31.9	23.1	18.3	13.1
227	38933	Kurgan-tyube	68.86	37.82	426	1962	8.7	15.5	21.0	22.4	29.2	34.5	37.8	34.7	29.1	23.8	12.7	11.5
227	38933	Kurgan-tyube	68.86	37.82	426	1963	14.1	16.7	17.9	25.5	29.5	36.5	36.3	34.6	30.9	26.5	16.7	10.5
227	38933	Kurgan-tyube	68.86	37.82	426	1964	0.5	11.0	18.7	22.2	29.4	35.4	36.0	35.5	30.6	22.1	18.6	5.9
227	38933	Kurgan-tyube	68.86	37.82	426	1965	9.0	10.2	15.8	23.5	30.5	35.5	36.8	34.4	30.2	26.6	20.4	12.0
227	38933	Kurgan-tyube	68.86	37.82	426	1966	16.3	16.5	16.7	22.8	30.0	37.6	36.8	35.9	30.7	23.2	16.3	12.7
227	38933	Kurgan-tyube	68.86	37.82	426	1967	5.5	11.2	18.0	22.8	27.8	34.7	36.2	34.5	30.8	23.7	18.5	10.4
227	38933	Kurgan-tyube	68.86	37.82	426	1968	10.1	11.7	18.1	22.8	27.2	35.9	35.9	34.8	31.3	25.0	18.1	10.5
227	38933	Kurgan-tyube	68.86	37.82	426	1969	3.1	3.9	18.2	22.0	28.6	35.0	35.9	34.3	30.1	25.3	14.8	14.6
227	38933	Kurgan-tyube	68.86	37.82	426	1970	8.7	15.8	17.0	25.8	33.0	36.0	36.1	36.7	31.0	25.9	20.4	9.8
227	38933	Kurgan-tyube	68.86	37.82	426	1971	5.7	12.4	20.8	25.5	34.1	37.4	36.3	34.6	30.0	25.6	20.1	14.4
227	38933	Kurgan-tyube	68.86	37.82	426	1972	3.9	-1.2	14.4	24.1	28.1	34.5	35.4	33.3	31.4	26.0	19.9	7.0
227	38933	Kurgan-tyube	68.86	37.82	426	1973	1.9	13.2	15.5	24.9	30.3	37.8	37.7	36.1	30.4	26.9	20.2	11.2
227	38933	Kurgan-tyube	68.86	37.82	426	1974	5.4	6.2	18.0	26.4	31.7	36.0	37.1	34.1	31.0	25.3	18.3	10.0
227	38933	Kurgan-tyube	68.86	37.82	426	1975	8.6	11.3	16.3	22.1	29.6	36.3	37.7	35.3	31.3	24.7	14.5	8.7
227	38933	Kurgan-tyube	68.86	37.82	426	1976	10.3	7.8	13.7	23.1	30.4	35.5	37.7	35.8	31.8	24.8	14.7	8.0
227	38933	Kurgan-tyube	68.86	37.82	426	1977	-0.9	10.9	22.7	26.8	30.6	37.6	37.2	34.9	31.3	23.7	18.5	11.9
227	38933	Kurgan-tyube	68.86	37.82	426	1978	7.8	11.4	15.4	27.4	31.6	36.5	36.9	34.7	32.0	26.6	13.5	12.9
227	38933	Kurgan-tyube	68.86	37.82	426	1979	9.2	13.1	16.1	26.0	26.4	36.3	38.1	34.2	31.4	28.2	17.0	12.9
227	38933	Kurgan-tyube	68.86	37.82	426	1980	7.0	8.1	16.4	27.1	32.8	36.5	37.7	34.6	31.2	25.7	20.6	12.7
227	38933	Kurgan-tyube	68.86	37.82	426	1981	11.0	12.4	19.0	24.6	31.4	34.7	36.3	34.6	30.7	23.1	20.0	13.7
227	38933	Kurgan-tyube	68.86	37.82	426	1982	7.5	9.4	15.3	26.6	31.6	35.6	36.6	34.6	29.5	24.8	11.5	7.2
227	38933	Kurgan-tyube	68.86	37.82	426	1983	8.1	14.9	15.1	23.4	31.1	35.7	38.2	36.9	31.3	24.9	21.5	11.1
227	38933	Kurgan-tyube	68.86	37.82	426	1984	9.8	3.5	18.2	24.8	30.7	36.0	37.7	36.9	29.8	23.5	18.5	4.5
227	38933	Kurgan-tyube	68.86	37.82	426	1985	7.8	16.0	14.8	26.1	30.2	37.1	37.7	34.3	31.4	24.1	18.4	10.3
227	38933	Kurgan-tyube	68.86	37.82	426	1986	10.3	13.0	13.6	24.2	30.9	35.3	36.5	34.4	31.0	26.5	16.3	8.3
227	38933	Kurgan-tyube	68.86	37.82	426	1987	12.8	13.6	18.9	22.4	30.5	35.0	35.7	36.5	30.7	20.1	17.9	13.1
227	38933	Kurgan-tyube	68.86	37.82	426	1988	8.5	10.3	16.4	26.4	31.2	37.1	38.0	34.7	31.2	24.9	21.5	14.8
227	38933	Kurgan-tyube	68.86	37.82	426	1989	5.8	7.5	18.9	23.3	27.2	36.1	37.3	35.4	30.7	26.3	18.0	13.1
227	38933	Kurgan-tyube	68.86	37.82	426	1990	6.0	11.0	16.3	23.4	33.5	37.4	36.6	36.4	32.5	25.3	21.9	9.9
227	38933	Kurgan-tyube	68.86	37.82	426	1991	-999.0	-999.0	-999.0	-999.0	-999.0	-999.0	-999.0	-999.0	-999.0	-999.0	-999.0	-999.0
227	38933	Kurgan-tyube	68.86	37.82	426	1992	-999.0	-999.0	-999.0	-999.0	-999.0	-999.0	-999.0	-999.0	-999.0	-999.0	-999.0	-999.0
227	38933	Kurgan-tyube	68.86	37.82	426	1993	-999.0	-999.0	-999.0	-999.0	-999.0	-999.0	-999.0	-999.0	-999.0	-999.0	-999.0	-999.0
227	38933	Kurgan-tyube	68.86	37.82	426	1994	9.7	9.7	19.7	22.9	31.6	36.9	38.2	36.9	28.4	22.6	22.6	8.4
227	38933	Kurgan-tyube	68.86	37.82	426	1995	-999.0	-999.0	-999.0	-999.0	29.1	-999.0	-999.0	-999.0	-999.0	-999.0	-999.0	-999.0
227	38933	Kurgan-tyube	68.86	37.82	426	1996	-999.0	-999.0	-999.0	-999.0	-999.0	-999.0	-999.0	-999.0	-999.0	-999.0	-999.0	-999.0
227	38933	Kurgan-tyube	68.86	37.82	426	1997	-999.0	-999.0	-999.0	-999.0	-999.0	-999.0	-999.0	-999.0	-999.0	-999.0	-999.0	-999.0
227	38933	Kurgan-tyube	68.86	37.82	426	1998	-999.0	-999.0	-999.0	-999.0	-999.0	-999.0	-999.0	-999.0	-999.0	-999.0	-999.0	-999.0
227	38933	Kurgan-tyube	68.86	37.82	426	1999	-999.0	-999.0	-999.0	-999.0	30.6	36.4	36.8	36.9	-999.0	27.2	-999.0	-999.0
227	38933	Kurgan-tyube	68.86	37.82	426	2000	-999.0	-999.0	18.4	28.4	34.4	35.8	37.1	-999.0	-999.0	-999.0	16.8	12.4
227	38933	Kurgan-tyube	68.86	37.82	426	2001	8.2	-999.0	20.4	20.9	35.1	37.9	36.7	35.0	31.2	25.2	18.2	-999.0
227	38933	Kurgan-tyube	68.86	37.82	426	2002	12.1	11.0	19.9	-999.0	-999.0	-999.0	-999.0	-999.0	-999.0	-999.0	-999.0	-999.0
227	38599	Leninabad	69.73	40.22	425	1936	2.9	9.7	12.8	22.3	29.4	34.7	34.3	31.9	30.1	25.3	14.8	4.8
227	38599	Leninabad	69.73	40.22	425	1937	1.1	9.0	12.9	19.4	28.2	34.0	36.5	35.0	31.0	22.0	9.9	3.0
227	38599	Leninabad	69.73	40.22	425	1938	4.5	-999.0	-999.0	-999.0	-999.0	-999.0	-999.0	-999.0	-999.0	-999.0	-999.0	-999.0
227	38599	Leninabad	69.73	40.22	425	1939	3.4	8.9	13.4	20.3	30.6	37.2	38.7	35.1	-999.0	-999.0	-999.0	-999.0
227	38599	Leninabad	69.73	40.22	425	1940	4.7	9.2	12.8	26.2	28.4	36.8	37.7	35.7	30.1	22.5	13.4	8.3
227	38599	Leninabad	69.73	40.22	425	1941	2.5	10.6	17.5	23.4	32.0	37.7	36.6	36.3	30.7	25.1	11.8	4.9
227	38599	Leninabad	69.73	40.22	425	1942	2.7	4.3	13.8	21.7	29.5	35.1	37.9	34.5	29.2	22.9	12.6	6.7
227	38599	Leninabad	69.73	40.22	425	1943	4.0	5.9	11.0	20.9	28.4	33.7	38.8	35.4	29.4	20.9	11.0	6.5
227	38599	Leninabad	69.73	40.22	425	1944	5.4	11.5	22.0	24.1	32.4	35.4	40.2	35.7	30.2	20.2	11.5	-0.8
227	38599	Leninabad	69.73	40.22	425	1945	1.9	3.0	11.4	23.4	28.7	33.8	35.6	37.3	30.7	24.1	10.2	6.0
227	38599	Leninabad	69.73	40.22	425	1946	4.6	10.3	15.8	23.8	32.0	33.8	35.9	34.2	31.4	23.3	10.4	1.2
227	38599	Leninabad	69.73	40.22	425	1947	3.0	7.9	21.4	25.3	28.0	32.9	36.7	36.3	30.5	21.0	15.8	8.0
227	38599	Leninabad	69.73	40.22	425	1948	8.2	10.2	13.7	20.5	29.4	-999.0	37.9	35.4	28.3	20.7	13.4	1.7
227	38599	Leninabad	69.73	40.22	425	1949	0.4	6.9	12.7	21.8	27.1	31.9	36.9	34.0	27.8	18.6	9.9	5.7
227	38599	Leninabad	69.73	40.22	425	1950	2.0	5.6	16.1	21.8	31.4	35.0	35.9	34.1	29.4	20.6	7.9	0.6
227	38599	Leninabad	69.73	40.22	425	1951	0.5	0.3	11.8	23.7	29.0	31.8	36.6	36.1	30.9	20.6	11.2	8.7
227	38599	Leninabad	69.73	40.22	425	1952	5.8	10.6	13.7	22.4	28.2	34.0	37.2	36.1	29.3	23.1	6.7	4.5
227	38599	Leninabad	69.73	40.22	425	1953	5.2	11.9	12.1	20.9	29.5	34.8	38.1	34.9	30.9	16.6	7.0	3.0
227	38599	Leninabad	69.73	40.22	425	1954	0.7	4.0	9.8	22.8	28.4	31.8	35.4	34.2	29.7	23.8	11.4	3.6
227	38599	Leninabad	69.73	40.22	425	1955	6.4	11.4	13.9	21.3	29.2	35.3	36.9	36.0	29.9	21.9	14.6	7.8
227	38599	Leninabad	69.73	40.22	425	1956	3.0	6.0	12.4	24.0	30.0	33.2	38.6	35.1	29.1	22.6	15.2	3.9
227	38599	Leninabad	69.73	40.22	425	1957	-1.4	2.1	15.1	20.2	28.6	33.7	34.8	33.9	30.6	19.8	9.9	5.0
227	38599	Leninabad	69.73	40.22	425	1958	6.4	10.8	16.3	19.8	25.6	34.9	37.5	33.3	28.3	20.2	8.0	5.9
227	38599	Leninabad	69.73	40.22	425	1959	5.0	4.9	11.7	24.3	28.2	33.6	34.3	34.3	31.7	21.3	9.6	1.3
227	38599	Leninabad	69.73	40.22	425	1960	4.9	10.0	8.6	19.3	25.0	34.5	34.6	34.8	28.0	21.7	10.4	4.0
227	38599	Leninabad	69.73	40.22	425	1961	4.4	6.3	15.4	22.7	31.8	35.0	36.9	34.5	29.3	19.0	13.0	7.8
227	38599	Leninabad	69.73	40.22	425	1962	4.2	10.6	19.6	21.8	28.3	33.2	37.7	34.1	27.4	20.3	7.8	3.9
227	38599	Leninabad	69.73	40.22	425	1963	7.1	11.5	14.7	23.5	27.5	34.8	35.5	33.1	28.5	22.5	11.8	4.4
227	38599	Leninabad	69.73	40.22	425	1964	0.4	6.2	14.7	18.8	28.0	34.3	35.2	33.8	28.8	19.6	13.8	2.9
227	38599	Leninabad	69.73	40.22	425	1965	3.9	5.9	13.3	22.3	31.2	34.9	36.4	33.9	28.7	20.5	12.9	7.5
227	38599	Leninabad	69.73	40.22	425	1966	8.3	12.0	12.4	21.7	27.0	35.6	36.1	34.9	29.2	19.5	10.8	5.4
227	38599	Leninabad	69.73	40.22	425	1967	3.8	6.2	15.5	22.3	27.4	33.1	34.7	33.4	27.7	19.6	12.2	6.6
227	38599	Leninabad	69.73	40.22	425	1968	5.8	6.6	14.6	19.9	27.5	32.4	35.0	33.8	28.5	21.2	12.0	4.1
227	38599	Leninabad	69.73	40.22	425	1969	-4.4	-3.5	10.1	20.0	26.2	33.1	33.5	32.7	28.0	19.7	10.4	9.2
227	38599	Leninabad	69.73	40.22	425	1970	4.3	10.8	14.1	22.8	30.6	33.7	34.4	33.8	28.1	21.2	13.5	4.0
227	38599	Leninabad	69.73	40.22	425	1971	0.5	6.5	16.4	22.0	29.7	34.9	35.5	32.8	29.2	22.1	16.0	10.1
227	38599	Leninabad	69.73	40.22	425	1972	-0.2	-3.7	8.8	21.7	27.3	32.5	32.9	31.3	27.7	21.6	14.3	3.2
227	38599	Leninabad	69.73	40.22	425	1973	0.8	9.0	11.7	22.9	28.4	35.7	35.9	33.3	27.0	22.4	14.7	6.3
227	38599	Leninabad	69.73	40.22	425	1974	0.1	1.8	13.2	21.7	29.6	34.0	35.9	31.7	28.6	22.0	13.4	3.1
227	38599	Leninabad	69.73	40.22	425	1975	4.4	5.1	14.9	23.7	28.9	35.2	37.0	33.9	28.9	20.4	7.6	5.8
227	38599	Leninabad	69.73	40.22	425	1976	7.2	4.8	11.3	21.3	30.0	34.1	35.7	34.7	28.0	18.2	9.3	3.9
227	38599	Leninabad	69.73	40.22	425	1977	-1.0	6.4	17.8	26.4	29.5	35.8	35.2	33.1	30.1	18.5	13.1	5.0
227	38599	Leninabad	69.73	40.22	425	1978	2.9	4.1	13.0	23.4	27.9	33.8	35.8	31.9	30.8	21.8	9.7	8.8
227	38599	Leninabad	69.73	40.22	425	1979	3.3	8.6	13.9	19.7	24.7	33.4	37.0	33.3	28.6	23.7	12.3	7.3
227	38599	Leninabad	69.73	40.22	425	1980	3.4	2.9	12.9	24.0	29.6	33.9	36.9	32.8	29.1	20.7	16.4	7.9
227	38599	Leninabad	69.73	40.22	425	1981	6.4	7.8	16.2	21.9	27.9	32.3	35.4	33.3	28.5	19.0	13.9	7.2
227	38599	Leninabad	69.73	40.22	425	1982	5.1	7.0	12.5	25.7	30.4	33.8	34.8	32.8	28.1	19.4	7.8	4.4
227	38599	Leninabad	69.73	40.22	425	1983	3.9	10.7	13.1	23.3	28.9	34.0	36.8	34.6	28.2	20.9	15.0	5.2
227	38599	Leninabad	69.73	40.22	425	1984	3.6	-1.2	12.3	21.8	29.0	35.0	37.1	35.5	28.1	20.5	12.4	-3.4
227	38599	Leninabad	69.73	40.22	425	1985	0.4	7.2	11.0	24.7	28.7	35.7	36.3	32.7	30.3	19.7	11.7	5.0
227	38599	Leninabad	69.73	40.22	425	1986	6.1	8.5	12.1	22.6	29.8	33.2	35.8	33.5	30.9	22.2	11.7	4.0
227	38599	Leninabad	69.73	40.22	425	1987	7.0	9.1	14.8	18.5	29.0	32.9	34.2	35.1	28.5	16.1	10.5	8.4
227	38599	Leninabad	69.73	40.22	425	1988	4.4	8.1	13.2	24.1	26.8	36.0	37.3	33.4	29.3	21.3	16.6	9.4
227	38599	Leninabad	69.73	40.22	425	1989	2.3	3.1	16.4	21.4	26.9	34.1	36.5	34.8	28.5	22.7	11.0	7.3
227	38599	Leninabad	69.73	40.22	425	1990	3.2	7.9	14.2	20.9	29.7	36.6	35.0	-999.0	31.1	21.1	14.6	4.5
227	38599	Leninabad	69.73	40.22	425	1991	-999.0	-999.0	-999.0	-999.0	-999.0	-999.0	-999.0	-999.0	-999.0	-999.0	-999.0	-999.0
227	38599	Leninabad	69.73	40.22	425	1992	-999.0	-999.0	-999.0	-999.0	-999.0	-999.0	-999.0	-999.0	-999.0	-999.0	-999.0	-999.0
227	38599	Leninabad	69.73	40.22	425	1993	-999.0	-999.0	-999.0	-999.0	-999.0	-999.0	-999.0	-999.0	-999.0	-999.0	-999.0	-999.0
227	38599	Leninabad	69.73	40.22	425	1994	-999.0	-999.0	-999.0	-999.0	-999.0	-999.0	-999.0	-999.0	-999.0	-999.0	-999.0	-999.0
227	38599	Leninabad	69.73	40.22	425	1995	3.3	7.6	15.8	24.0	29.2	35.1	37.2	35.5	29.2	21.2	16.5	4.3
227	38854	Lyairun	70.90	38.90	2008	1962	-999.0	-999.0	-999.0	-999.0	-999.0	-999.0	-999.0	-999.0	-999.0	-999.0	-999.0	0.1
227	38854	Lyairun	70.90	38.90	2008	1963	2.4	4.3	7.6	14.4	17.8	22.2	25.3	26.8	22.9	18.2	7.0	3.3
227	38854	Lyairun	70.90	38.90	2008	1964	-4.5	0.7	6.4	10.5	15.7	21.2	24.3	26.5	23.1	16.4	9.4	0.5
227	38854	Lyairun	70.90	38.90	2008	1965	0.7	-1.1	5.4	10.5	18.6	21.1	25.5	26.1	21.8	15.3	8.6	3.8
227	38854	Lyairun	70.90	38.90	2008	1966	4.7	3.8	4.4	10.0	16.0	24.8	26.0	27.4	22.4	12.3	9.1	1.0
227	38854	Lyairun	70.90	38.90	2008	1967	-2.8	0.7	5.5	11.8	15.5	21.8	26.2	27.5	23.7	13.6	6.8	2.2
227	38854	Lyairun	70.90	38.90	2008	1968	-1.4	1.0	6.4	13.4	15.3	21.6	26.7	27.5	24.3	14.7	6.9	-999.0
227	38854	Lyairun	70.90	38.90	2008	1969	-4.0	-2.2	5.4	8.9	16.5	21.2	23.8	25.7	21.1	14.6	7.2	3.5
227	38854	Lyairun	70.90	38.90	2008	1970	-0.2	3.3	5.2	14.1	18.6	23.1	23.6	28.9	24.0	17.3	9.7	1.2
227	38854	Lyairun	70.90	38.90	2008	1971	-0.3	3.0	8.8	14.7	19.1	25.6	27.6	27.8	22.2	18.1	9.2	6.8
227	38854	Lyairun	70.90	38.90	2008	1972	-1.4	-4.3	5.0	10.7	16.9	20.0	22.4	25.0	22.5	15.5	11.2	-4.1
227	38854	Lyairun	70.90	38.90	2008	1973	-3.1	2.4	3.9	12.0	17.6	24.2	29.1	29.2	23.4	17.4	12.4	5.3
227	38854	Lyairun	70.90	38.90	2008	1974	-2.7	-1.6	6.5	14.3	17.3	21.7	26.0	24.3	21.8	15.6	7.5	-0.2
227	38854	Lyairun	70.90	38.90	2008	1975	-1.1	1.4	5.7	13.3	15.5	21.8	27.4	28.8	23.5	16.4	5.2	1.5
227	38854	Lyairun	70.90	38.90	2008	1976	1.6	-0.6	4.5	-999.0	18.5	21.4	28.4	29.7	23.3	13.5	8.2	2.8
227	38854	Lyairun	70.90	38.90	2008	1977	-2.8	0.9	8.8	15.7	16.4	24.3	28.1	28.3	24.5	15.8	10.4	1.2
227	38854	Lyairun	70.90	38.90	2008	1978	-2.3	1.0	4.5	13.6	19.4	24.4	28.5	28.7	25.7	16.3	3.8	2.8
227	38854	Lyairun	70.90	38.90	2008	1979	0.6	2.8	4.5	14.0	15.1	23.4	28.0	26.2	23.1	19.2	10.4	3.1
227	38854	Lyairun	70.90	38.90	2008	1980	-0.6	-0.4	4.4	12.7	18.4	23.5	28.7	27.9	24.3	17.3	10.0	5.0
227	38854	Lyairun	70.90	38.90	2008	1981	-0.1	0.5	5.9	13.4	19.3	20.3	24.6	24.5	22.7	13.1	8.5	1.7
227	38854	Lyairun	70.90	38.90	2008	1982	0.4	-0.6	5.1	14.4	18.4	21.8	25.5	26.8	20.6	14.0	3.3	0.5
227	38854	Lyairun	70.90	38.90	2008	1983	-0.2	3.1	4.8	13.3	17.4	20.4	25.4	29.0	23.3	17.2	11.6	2.9
227	38854	Lyairun	70.90	38.90	2008	1984	-0.4	-3.5	5.4	12.3	17.4	24.8	28.6	31.7	22.3	16.6	6.4	-4.0
227	38854	Lyairun	70.90	38.90	2008	1985	-1.1	2.4	4.4	14.4	17.2	23.3	28.4	26.7	24.4	15.6	7.9	3.4
227	38854	Lyairun	70.90	38.90	2008	1986	0.5	4.6	4.3	12.3	16.9	21.2	26.9	26.9	23.9	17.3	6.7	-1.2
227	38854	Lyairun	70.90	38.90	2008	1987	0.9	2.4	-999.0	-999.0	15.9	20.4	22.4	26.4	22.8	11.2	8.8	5.5
227	38854	Lyairun	70.90	38.90	2008	1988	0.5	2.7	4.8	12.4	16.8	23.3	28.2	25.9	24.3	14.8	13.6	4.2
227	38854	Lyairun	70.90	38.90	2008	1989	-2.3	-1.8	6.6	10.2	16.2	20.4	23.7	25.5	23.1	18.4	6.1	2.7
227	38854	Lyairun	70.90	38.90	2008	1990	0.3	1.3	4.2	10.8	19.3	24.5	26.7	28.4	26.2	16.7	11.9	-999.0
227	38744	Lyakhsh	71.25	38.32	1998	1961	-3.5	-4.4	3.9	14.7	23.1	25.5	30.3	27.8	25.8	15.5	6.2	-2.7
227	38744	Lyakhsh	71.25	38.32	1998	1962	-4.4	-0.2	10.2	11.8	16.7	22.9	28.8	27.4	22.0	15.0	-999.0	-2.4
227	38744	Lyakhsh	71.25	38.32	1998	1963	-2.6	2.0	4.6	15.5	19.5	24.8	27.3	27.9	23.6	18.4	5.9	-1.5
227	38744	Lyakhsh	71.25	38.32	1998	1964	-8.9	-2.9	5.4	10.7	17.0	22.8	25.8	27.6	24.0	16.1	8.5	-1.9
227	38744	Lyakhsh	71.25	38.32	1998	1965	-2.7	-4.3	2.8	11.2	20.0	23.0	26.9	26.6	22.2	16.5	7.6	-0.5
227	38744	Lyakhsh	71.25	38.32	1998	1966	2.7	1.8	4.0	12.2	16.9	26.1	26.9	27.8	22.9	12.5	7.9	0.0
227	38744	Lyakhsh	71.25	38.32	1998	1967	-6.2	-2.4	3.3	12.9	17.5	23.8	27.5	28.4	24.3	14.4	6.9	-0.6
227	38744	Lyakhsh	71.25	38.32	1998	1968	-5.0	-2.8	5.4	14.7	17.4	23.2	28.1	28.6	25.0	15.5	7.5	-3.1
227	38744	Lyakhsh	71.25	38.32	1998	1969	-5.9	-3.6	5.7	11.7	18.3	22.4	25.7	27.6	22.3	15.3	6.9	0.6
227	38744	Lyakhsh	71.25	38.32	1998	1970	-4.2	0.6	4.5	15.3	19.5	23.9	24.6	29.3	24.4	17.1	9.5	-0.2
227	38744	Lyakhsh	71.25	38.32	1998	1971	-4.4	0.0	8.8	15.7	20.2	27.2	28.7	28.8	22.8	17.9	8.7	4.4
227	38744	Lyakhsh	71.25	38.32	1998	1972	-3.4	-7.6	2.6	11.2	17.2	21.3	23.2	25.5	21.3	15.8	9.8	-1.8
227	38744	Lyakhsh	71.25	38.32	1998	1973	-6.1	-0.2	2.0	11.5	18.3	25.5	29.9	30.1	23.9	17.3	10.7	1.9
227	38744	Lyakhsh	71.25	38.32	1998	1974	-4.7	-4.7	5.1	15.6	19.9	23.8	27.5	25.8	22.8	16.2	6.2	-3.3
227	38744	Lyakhsh	71.25	38.32	1998	1975	-5.9	-3.0	3.3	13.8	16.9	-999.0	24.3	29.4	23.7	17.0	2.5	-3.2
227	38744	Lyakhsh	71.25	38.32	1998	1976	-3.7	-3.5	1.2	11.6	20.1	23.2	29.8	30.6	24.7	12.9	5.9	0.8
227	38744	Lyakhsh	71.25	38.32	1998	1977	-5.2	-3.7	7.6	17.2	18.7	26.2	30.1	29.2	25.0	15.4	9.0	-0.8
227	38744	Lyakhsh	71.25	38.32	1998	1978	-5.0	-0.9	3.2	15.5	20.5	25.7	30.3	29.7	25.7	16.1	2.2	0.0
227	38744	Lyakhsh	71.25	38.32	1998	1979	-2.1	-0.9	3.8	14.8	16.7	24.1	30.2	26.9	24.1	19.5	7.5	-0.3
227	38744	Lyakhsh	71.25	38.32	1998	1980	-5.4	-2.1	3.0	14.0	19.3	24.2	29.7	28.7	24.6	17.3	9.1	2.3
227	38744	Lyakhsh	71.25	38.32	1998	1981	-2.2	-1.7	3.8	14.3	19.9	21.9	26.3	25.5	23.5	13.2	8.3	0.0
227	38744	Lyakhsh	71.25	38.32	1998	1982	-3.9	-4.1	3.8	16.4	20.9	24.1	27.4	27.9	21.6	13.9	3.3	-3.0
227	38744	Lyakhsh	71.25	38.32	1998	1983	-4.0	-2.4	1.1	14.0	19.7	21.8	27.0	30.3	23.9	17.1	10.7	-999.0
227	38744	Lyakhsh	71.25	38.32	1998	1984	-3.3	-5.3	5.1	13.2	18.5	26.2	30.3	33.1	22.5	16.1	6.8	-999.0
227	38744	Lyakhsh	71.25	38.32	1998	1985	-4.6	0.6	3.4	16.3	18.8	25.1	29.7	27.3	24.7	15.7	7.0	-1.2
227	38744	Lyakhsh	71.25	38.32	1998	1986	-5.8	-1.3	2.5	12.9	19.0	23.4	28.9	28.6	24.9	17.7	6.6	-3.7
227	38744	Lyakhsh	71.25	38.32	1998	1987	-2.5	-0.2	7.0	11.5	-999.0	20.7	24.2	27.7	24.0	12.1	8.9	2.9
227	38744	Lyakhsh	71.25	38.32	1998	1988	-3.7	-1.7	3.4	13.1	18.0	24.6	28.9	26.8	24.8	14.6	12.2	2.3
227	38744	Lyakhsh	71.25	38.32	1998	1989	-5.9	-4.5	5.1	11.8	17.5	21.3	25.8	26.8	23.9	18.0	4.1	-0.9
227	38744	Lyakhsh	71.25	38.32	1998	1990	-2.0	-2.2	1.9	11.0	20.1	25.3	26.3	28.3	27.1	16.6	10.3	-0.1
227	38725	Madrushkent	69.65	39.43	2234	1933	0.1	4.4	5.7	12.8	19.6	20.5	27.1	28.3	-999.0	14.4	7.9	3.9
227	38725	Madrushkent	69.65	39.43	2234	1934	-3.3	4.2	7.4	12.2	13.0	22.3	24.3	25.4	-999.0	-999.0	-999.0	-999.0
227	38725	Madrushkent	69.65	39.43	2234	1935	-999.0	-999.0	-999.0	-999.0	-999.0	-999.0	-999.0	-999.0	-999.0	-999.0	-999.0	-999.0
227	38725	Madrushkent	69.65	39.43	2234	1936	-1.2	4.8	6.0	-999.0	21.8	23.2	25.2	25.3	23.6	16.2	8.1	-1.1
227	38725	Madrushkent	69.65	39.43	2234	1937	-3.0	4.4	7.0	11.9	17.8	22.6	25.4	26.6	21.3	-999.0	6.4	3.2
227	38725	Madrushkent	69.65	39.43	2234	1938	0.5	3.0	5.4	16.4	22.1	21.3	24.7	26.0	20.0	15.1	6.8	2.9
227	38725	Madrushkent	69.65	39.43	2234	1939	1.3	3.2	7.2	12.2	20.6	23.2	26.1	26.5	22.3	15.0	8.0	4.8
227	38725	Madrushkent	69.65	39.43	2234	1940	2.9	5.4	7.2	16.8	18.4	23.7	25.2	25.8	20.6	14.8	8.8	2.7
227	38725	Madrushkent	69.65	39.43	2234	1941	0.1	5.2	-999.0	-999.0	-999.0	-999.0	-999.0	-999.0	-999.0	-999.0	2.5	2.5
227	38725	Madrushkent	69.65	39.43	2234	1942	-999.0	1.2	8.0	14.4	19.2	21.1	27.8	26.4	22.4	14.6	7.6	2.0
227	38725	Madrushkent	69.65	39.43	2234	1943	0.5	2.7	6.1	13.1	16.4	21.4	26.5	25.8	22.1	14.5	7.1	3.2
227	38725	Madrushkent	69.65	39.43	2234	1944	2.4	3.6	10.6	14.5	20.4	21.3	29.6	28.0	20.6	11.9	6.7	-0.8
227	38725	Madrushkent	69.65	39.43	2234	1945	0.2	0.1	6.1	14.0	18.6	22.2	25.7	25.8	23.0	16.7	6.6	1.8
227	38725	Madrushkent	69.65	39.43	2234	1946	1.8	5.8	7.3	16.4	20.0	20.7	24.5	25.3	22.9	18.4	7.5	0.8
227	38725	Madrushkent	69.65	39.43	2234	1947	1.8	2.1	12.0	14.1	18.5	20.8	25.7	27.7	22.7	13.2	8.6	2.9
227	38725	Madrushkent	69.65	39.43	2234	1948	2.2	3.3	6.0	11.8	17.7	20.2	27.0	26.2	21.8	16.3	8.6	0.1
227	38725	Madrushkent	69.65	39.43	2234	1949	-0.3	1.4	6.5	13.9	19.0	19.6	27.4	24.1	21.0	12.8	5.3	2.3
227	38725	Madrushkent	69.65	39.43	2234	1950	0.2	0.2	7.3	11.5	19.0	22.7	26.7	27.0	22.1	14.9	6.2	1.7
227	38725	Madrushkent	69.65	39.43	2234	1951	-0.5	0.6	8.1	12.9	18.4	19.4	22.5	25.1	22.7	14.5	8.0	5.7
227	38725	Madrushkent	69.65	39.43	2234	1952	2.2	3.9	6.6	15.3	17.8	22.3	25.8	25.1	21.7	16.7	7.5	2.6
227	38725	Madrushkent	69.65	39.43	2234	1953	1.7	6.4	5.6	12.7	19.0	22.6	27.7	24.5	22.7	11.6	5.8	1.7
227	38725	Madrushkent	69.65	39.43	2234	1954	-1.6	2.5	7.7	14.4	19.2	20.3	21.9	23.5	22.1	14.3	6.8	2.5
227	38725	Madrushkent	69.65	39.43	2234	1955	3.1	4.6	7.2	12.4	17.3	21.6	23.4	27.2	21.4	15.4	9.8	3.7
227	38725	Madrushkent	69.65	39.43	2234	1956	0.8	3.5	8.0	15.5	21.0	21.6	30.1	26.3	23.0	16.4	10.8	2.5
227	38725	Madrushkent	69.65	39.43	2234	1957	-0.2	0.7	8.2	12.1	17.2	22.5	23.2	25.4	20.5	14.5	6.2	2.9
227	38725	Madrushkent	69.65	39.43	2234	1958	3.8	4.7	8.8	13.9	15.9	21.7	26.2	23.6	22.6	15.2	6.1	4.9
227	38725	Madrushkent	69.65	39.43	2234	1959	2.9	1.0	6.9	16.5	17.5	21.8	24.5	26.4	26.9	18.0	5.9	1.4
227	38725	Madrushkent	69.65	39.43	2234	1960	2.4	6.2	4.5	12.2	16.5	22.6	25.7	27.1	20.8	15.8	6.2	5.2
227	38725	Madrushkent	69.65	39.43	2234	1961	2.2	0.7	7.5	14.4	21.7	23.1	27.4	25.0	23.2	14.0	8.2	2.4
227	38725	Madrushkent	69.65	39.43	2234	1962	1.9	5.5	12.3	12.5	17.5	22.0	25.9	25.1	20.0	14.0	4.1	3.2
227	38725	Madrushkent	69.65	39.43	2234	1963	5.7	6.4	8.5	14.5	17.3	22.6	24.7	25.2	21.7	16.6	8.6	3.8
227	38725	Madrushkent	69.65	39.43	2234	1964	-3.6	1.9	9.3	10.5	16.8	21.6	24.4	26.7	21.5	15.0	8.3	-0.1
227	38725	Madrushkent	69.65	39.43	2234	1965	2.0	0.6	7.3	13.4	19.9	22.2	25.8	25.5	20.6	15.2	8.4	4.3
227	38725	Madrushkent	69.65	39.43	2234	1966	5.7	5.1	6.4	13.6	16.8	24.7	25.7	24.8	21.1	12.9	8.4	2.7
227	38725	Madrushkent	69.65	39.43	2234	1967	0.7	2.6	8.1	13.4	16.7	23.3	26.4	27.0	22.0	13.1	7.3	2.9
227	38725	Madrushkent	69.65	39.43	2234	1968	0.9	2.6	7.7	14.5	16.5	21.8	26.5	25.9	22.4	13.7	7.3	-0.5
227	38725	Madrushkent	69.65	39.43	2234	1969	-1.3	1.1	9.3	12.8	18.9	22.6	24.0	26.1	19.9	14.5	6.8	5.1
227	38725	Madrushkent	69.65	39.43	2234	1970	1.1	5.1	8.0	15.7	19.8	23.7	23.0	26.8	22.4	16.4	9.3	2.0
227	38725	Madrushkent	69.65	39.43	2234	1971	2.2	4.0	11.7	15.2	20.5	26.5	26.0	26.4	21.0	16.7	9.6	6.0
227	38725	Madrushkent	69.65	39.43	2234	1972	-0.6	-2.9	6.2	14.1	17.6	22.2	22.6	23.3	21.3	13.7	10.1	0.4
227	38725	Madrushkent	69.65	39.43	2234	1973	-1.7	4.2	5.0	13.9	18.7	26.1	28.1	27.5	22.1	-999.0	10.9	3.7
227	38725	Madrushkent	69.65	39.43	2234	1974	-1.1	0.2	10.0	14.1	19.4	22.0	25.2	23.1	19.8	14.3	8.3	0.7
227	38725	Madrushkent	69.65	39.43	2234	1975	1.2	1.7	6.7	15.1	16.8	22.7	26.5	26.7	21.1	15.5	6.2	3.0
227	38725	Madrushkent	69.65	39.43	2234	1976	2.7	0.9	6.6	13.6	19.5	22.5	27.6	28.1	21.2	12.3	6.6	2.6
227	38725	Madrushkent	69.65	39.43	2234	1977	-2.3	2.5	11.5	16.6	17.2	24.9	27.9	27.3	23.3	14.5	10.2	2.2
227	38725	Madrushkent	69.65	39.43	2234	1978	0.1	3.8	5.4	14.3	19.3	24.3	28.9	27.2	24.0	15.6	5.6	4.9
227	38725	Madrushkent	69.65	39.43	2234	1979	2.5	4.2	7.2	13.3	15.9	22.7	28.5	24.4	22.3	18.2	10.0	4.4
227	38725	Madrushkent	69.65	39.43	2234	1980	1.6	0.7	6.0	16.4	20.6	24.0	28.0	26.2	22.3	15.0	9.8	6.2
227	38725	Madrushkent	69.65	39.43	2234	1981	2.2	3.8	9.6	14.3	20.2	20.9	25.3	24.5	21.8	13.8	9.6	4.2
227	38725	Madrushkent	69.65	39.43	2234	1982	3.8	2.2	8.0	17.8	20.8	23.8	25.8	26.2	19.5	13.4	5.7	2.7
227	38725	Madrushkent	69.65	39.43	2234	1983	1.6	3.1	6.0	14.6	19.6	22.6	27.2	29.4	22.3	15.7	10.0	-999.0
227	38725	Madrushkent	69.65	39.43	2234	1984	0.1	-1.0	7.6	13.8	17.6	26.1	29.3	30.9	21.0	15.1	7.3	-0.2
227	38725	Madrushkent	69.65	39.43	2234	1985	2.2	5.3	7.3	16.9	17.9	23.9	29.2	25.7	24.0	-999.0	8.6	3.1
227	38725	Madrushkent	69.65	39.43	2234	1986	2.9	6.3	6.3	15.0	18.5	22.6	28.3	26.8	23.7	16.7	7.8	2.0
227	38725	Madrushkent	69.65	39.43	2234	1987	4.6	5.4	9.8	12.0	-999.0	21.5	23.0	27.8	22.7	12.1	10.0	6.7
227	38725	Madrushkent	69.65	39.43	2234	1988	1.4	3.7	7.7	17.1	17.4	24.2	28.1	26.6	23.6	13.6	12.3	5.3
227	38725	Madrushkent	69.65	39.43	2234	1989	0.0	0.2	9.7	12.3	17.5	21.8	25.2	25.8	22.4	17.1	7.3	5.1
227	38725	Madrushkent	69.65	39.43	2234	1990	2.3	4.0	8.0	13.2	20.5	26.0	26.0	27.6	25.5	15.9	11.2	2.8
227	38857	Muminabad	70.03	38.12	1191	1950	5.8	7.4	12.6	15.7	23.9	29.2	33.1	31.7	26.2	21.9	11.1	2.9
227	38857	Muminabad	70.03	38.12	1191	1951	4.1	4.6	11.5	17.2	23.6	26.8	31.0	31.3	28.4	23.1	14.9	12.2
227	38857	Muminabad	70.03	38.12	1191	1952	6.7	11.3	12.3	20.8	23.6	29.2	32.3	31.3	26.5	21.5	12.5	7.6
227	38857	Muminabad	70.03	38.12	1191	1953	7.5	13.6	12.4	18.7	23.8	28.5	33.0	30.8	27.0	17.7	11.8	7.4
227	38857	Muminabad	70.03	38.12	1191	1954	4.5	8.7	11.9	20.7	24.8	28.5	31.1	30.2	27.3	21.1	13.3	5.9
227	38857	Muminabad	70.03	38.12	1191	1955	8.7	12.6	13.7	18.0	21.3	28.2	32.1	32.9	27.9	20.8	19.0	10.9
227	38857	Muminabad	70.03	38.12	1191	1956	6.8	9.2	13.1	20.8	26.6	28.7	34.7	31.1	27.4	21.6	18.8	8.0
227	38857	Muminabad	70.03	38.12	1191	1957	2.4	5.0	13.6	16.0	23.0	27.7	30.4	30.6	26.5	19.0	11.7	8.3
227	38857	Muminabad	70.03	38.12	1191	1958	10.3	10.7	16.3	20.4	21.1	29.4	32.8	29.9	27.4	21.6	10.7	10.0
227	38857	Muminabad	70.03	38.12	1191	1959	9.7	5.6	13.4	21.6	22.8	29.3	31.6	32.6	30.4	23.4	11.2	5.6
227	38857	Muminabad	70.03	38.12	1191	1960	8.2	13.3	10.9	16.5	21.5	29.9	31.3	31.5	26.5	21.9	12.1	9.9
227	38857	Muminabad	70.03	38.12	1191	1961	7.7	4.3	13.7	18.6	25.8	29.5	32.8	31.2	28.0	19.1	14.6	9.2
227	38857	Muminabad	70.03	38.12	1191	1962	5.7	11.4	16.4	17.7	22.3	27.4	32.2	30.2	24.8	19.5	8.9	8.8
227	38857	Muminabad	70.03	38.12	1191	1963	11.1	12.1	14.2	20.0	23.3	29.5	31.1	30.3	26.9	23.1	14.6	9.2
227	38857	Muminabad	70.03	38.12	1191	1964	0.4	7.2	15.7	17.6	23.3	28.4	30.5	30.9	26.3	18.8	15.5	3.0
227	38857	Muminabad	70.03	38.12	1191	1965	6.8	5.7	11.3	18.4	23.7	28.8	31.7	29.9	26.0	22.5	16.9	11.9
227	38857	Muminabad	70.03	38.12	1191	1966	15.0	12.6	12.5	18.0	23.3	31.1	31.9	31.5	26.8	18.2	12.6	9.0
227	38857	Muminabad	70.03	38.12	1191	1967	5.6	7.6	13.5	-999.0	21.2	28.0	32.0	31.2	27.3	19.1	14.6	8.9
227	38857	Muminabad	70.03	38.12	1191	1968	6.5	8.0	13.1	18.0	20.4	28.4	31.3	30.7	27.1	19.7	14.3	7.1
227	38857	Muminabad	70.03	38.12	1191	1969	2.8	2.7	14.8	17.1	22.0	27.7	30.5	29.9	25.3	20.3	12.1	11.8
227	38857	Muminabad	70.03	38.12	1191	1970	6.6	11.1	11.5	19.9	25.7	29.6	30.3	32.8	26.0	21.2	16.6	8.6
227	38857	Muminabad	70.03	38.12	1191	1971	4.5	8.2	15.5	20.2	26.2	31.2	31.8	30.7	25.5	21.3	16.4	13.5
227	38857	Muminabad	70.03	38.12	1191	1972	5.7	0.1	11.8	18.6	21.9	27.5	29.4	28.5	26.4	21.5	16.5	4.9
227	38857	Muminabad	70.03	38.12	1191	1973	2.3	10.1	11.1	20.1	23.1	31.4	33.4	32.1	26.2	22.1	18.3	10.4
227	38857	Muminabad	70.03	38.12	1191	1974	4.3	3.2	13.4	21.4	24.2	29.2	32.1	30.0	26.6	20.4	14.6	6.4
227	38857	Muminabad	70.03	38.12	1191	1975	5.7	7.6	12.3	17.0	23.1	29.4	32.9	-999.0	27.7	-999.0	11.9	8.6
227	38857	Muminabad	70.03	38.12	1191	1976	9.5	6.1	10.3	18.8	-999.0	29.3	33.3	32.6	28.2	20.9	11.8	7.3
227	38857	Muminabad	70.03	38.12	1191	1977	1.7	8.9	17.6	20.6	23.3	31.2	33.2	31.8	28.0	21.0	15.3	8.7
227	38857	Muminabad	70.03	38.12	1191	1978	5.1	6.2	10.9	21.3	25.5	30.1	33.0	-999.0	28.9	22.5	11.3	12.0
227	38857	Muminabad	70.03	38.12	1191	1979	7.9	10.4	11.1	20.6	19.7	28.6	33.0	30.3	27.2	24.1	13.6	10.5
227	38857	Muminabad	70.03	38.12	1191	1980	5.4	6.1	11.7	21.3	25.4	30.5	33.6	31.4	27.5	22.1	17.7	12.4
227	38857	Muminabad	70.03	38.12	1191	1981	7.3	-999.0	14.7	-999.0	-999.0	-999.0	-999.0	30.2	26.9	18.3	15.3	-999.0
227	38857	Muminabad	70.03	38.12	1191	1982	-999.0	5.5	10.7	20.2	24.6	29.5	32.0	30.9	25.2	20.1	9.8	-999.0
227	38857	Muminabad	70.03	38.12	1191	1983	6.9	11.1	10.7	17.7	24.2	28.7	33.3	33.4	27.5	28.3	18.0	-999.0
227	38857	Muminabad	70.03	38.12	1191	1984	5.6	0.9	13.4	19.3	23.9	30.4	33.9	34.4	26.4	19.2	14.9	2.2
227	38857	Muminabad	70.03	38.12	1191	1985	6.1	11.3	11.0	20.8	23.3	30.6	33.4	30.0	27.9	20.1	14.7	8.7
227	38857	Muminabad	70.03	38.12	1191	1986	9.0	9.9	9.3	18.4	23.6	28.9	32.8	31.0	27.4	21.9	12.8	6.6
227	38857	Muminabad	70.03	38.12	1191	1987	10.3	9.2	15.1	17.7	-999.0	28.1	30.6	32.7	27.0	15.8	14.9	13.7
227	38857	Muminabad	70.03	38.12	1191	1988	8.1	8.1	12.1	20.8	24.4	31.2	33.8	30.5	27.6	20.3	19.4	12.6
227	38857	Muminabad	70.03	38.12	1191	1989	4.3	3.7	12.9	17.3	20.8	29.3	31.0	30.9	26.9	22.5	14.2	11.2
227	38857	Muminabad	70.03	38.12	1191	1990	6.1	7.6	11.8	18.1	26.4	31.0	31.8	32.5	28.8	20.7	18.2	7.8
227	38878	Murgab	73.97	38.17	3576	1930	-999.0	-4.3	-3.3	4.9	9.6	12.9	20.4	16.8	12.3	6.3	0.7	-3.8
227	38878	Murgab	73.97	38.17	3576	1931	-5.2	-7.2	-0.6	-999.0	-999.0	-999.0	-999.0	-999.0	-999.0	-999.0	-999.0	-999.0
227	38878	Murgab	73.97	38.17	3576	1932	-999.0	-999.0	-999.0	-999.0	-999.0	-999.0	-999.0	-999.0	13.8	3.9	-5.6	-7.4
227	38878	Murgab	73.97	38.17	3576	1933	-13.2	-3.9	-2.4	4.3	-999.0	-999.0	-999.0	-999.0	-999.0	7.3	0.5	-4.9
227	38878	Murgab	73.97	38.17	3576	1934	-20.2	-11.4	-3.1	6.1	8.5	15.8	19.2	18.4	14.3	4.5	-4.8	-8.7
227	38878	Murgab	73.97	38.17	3576	1935	-11.3	-3.5	1.2	4.2	10.2	13.3	18.5	18.1	13.6	5.1	-1.0	-7.5
227	38878	Murgab	73.97	38.17	3576	1936	-9.6	-2.6	-0.8	5.2	15.2	17.3	20.2	-999.0	15.1	8.1	-9.1	-14.2
227	38878	Murgab	73.97	38.17	3576	1937	-18.4	-7.8	-1.5	5.1	12.0	16.7	20.1	19.9	12.4	5.0	-2.3	-5.9
227	38878	Murgab	73.97	38.17	3576	1938	-13.2	-10.9	-1.8	6.6	14.9	15.0	19.1	19.9	12.1	6.9	-1.7	-4.7
227	38878	Murgab	73.97	38.17	3576	1939	-6.6	-3.7	-1.3	4.2	11.9	16.0	20.3	19.3	15.3	7.2	-1.2	-4.4
227	38878	Murgab	73.97	38.17	3576	1940	-7.2	-2.6	0.3	5.9	11.9	16.2	19.0	18.1	12.5	7.8	0.4	-7.7
227	38878	Murgab	73.97	38.17	3576	1941	-11.6	-1.8	2.6	8.1	14.5	17.5	19.3	21.0	14.7	10.6	1.2	-9.7
227	38878	Murgab	73.97	38.17	3576	1942	-12.7	-12.5	-0.9	8.7	12.0	14.3	21.3	20.6	15.7	7.0	2.1	-8.5
227	38878	Murgab	73.97	38.17	3576	1943	-14.5	-4.1	0.3	6.1	9.8	14.4	20.4	18.9	14.5	6.4	-0.4	-3.5
227	38878	Murgab	73.97	38.17	3576	1944	-8.0	-999.0	2.6	7.4	13.7	-999.0	23.5	21.6	12.3	6.4	-2.7	-6.6
227	38878	Murgab	73.97	38.17	3576	1945	-16.1	-7.2	-4.2	5.4	10.9	16.2	21.0	19.6	15.7	7.7	.0.8	-8.0
227	38878	Murgab	73.97	38.17	3576	1946	-8.2	-6.7	-0.3	10.4	13.6	16.7	20.9	20.5	13.8	-999.0	-0.8	-8.1
227	38878	Murgab	73.97	38.17	3576	1947	-7.0	-2.7	4.7	8.1	13.9	16.5	19.1	22.0	16.8	6.7	-0.2	-0.9
227	38878	Murgab	73.97	38.17	3576	1948	-8.4	-3.8	-0.6	7.8	11.6	14.0	19.9	20.5	16.0	9.4	-4.7	-11.0
227	38878	Murgab	73.97	38.17	3576	1949	-13.5	-7.7	1.0	8.2	13.0	13.3	21.0	18.4	-999.0	7.0	-4.3	-7.9
227	38878	Murgab	73.97	38.17	3576	1950	-12.2	-15.0	-0.6	3.4	11.9	16.1	22.6	20.1	13.7	7.4	-3.2	-9.7
227	38878	Murgab	73.97	38.17	3576	1951	-9.0	-5.6	1.9	4.5	11.9	13.8	16.8	20.0	14.5	10.1	2.5	-2.9
227	38878	Murgab	73.97	38.17	3576	1952	-12.2	-1.8	-0.3	9.2	11.6	15.7	19.0	17.9	14.3	8.0	1.4	-5.7
227	38878	Murgab	73.97	38.17	3576	1953	-7.9	-0.2	0.7	6.9	11.9	15.4	21.2	19.4	14.3	6.3	-1.5	-4.3
227	38878	Murgab	73.97	38.17	3576	1954	-12.3	-6.2	2.7	8.3	11.7	15.3	17.5	17.6	15.8	5.8	-0.3	-8.1
227	38878	Murgab	73.97	38.17	3576	1955	-7.2	-2.7	1.5	3.5	8.6	14.3	17.9	21.8	15.7	7.1	1.2	-2.4
227	38878	Murgab	73.97	38.17	3576	1956	-6.3	-2.3	1.9	9.3	15.0	16.7	23.2	18.2	15.4	4.9	0.3	-7.3
227	38878	Murgab	73.97	38.17	3576	1957	-7.3	-16.5	-4.7	4.7	9.6	13.1	18.8	18.7	13.1	7.6	1.1	-15.2
227	38878	Murgab	73.97	38.17	3576	1958	-16.9	-10.2	2.1	8.6	9.0	14.9	20.3	17.3	16.5	5.0	-3.6	-8.6
227	38878	Murgab	73.97	38.17	3576	1959	-18.3	-7.8	1.1	9.2	10.0	16.3	18.2	21.2	19.9	10.4	0.7	-3.9
227	38878	Murgab	73.97	38.17	3576	1960	-7.0	-1.5	0.1	5.3	10.9	14.6	20.1	21.0	14.0	7.8	-2.1	-8.9
227	38878	Murgab	73.97	38.17	3576	1961	-7.8	-8.4	0.3	6.4	12.1	15.9	21.5	19.8	17.4	6.4	-1.9	-8.3
227	38878	Murgab	73.97	38.17	3576	1962	-6.2	-3.5	2.4	8.1	10.4	14.8	17.4	17.4	11.9	6.1	-3.0	-6.4
227	38878	Murgab	73.97	38.17	3576	1963	-6.4	-0.6	1.7	8.0	12.3	16.7	19.3	19.6	14.9	9.0	0.5	-4.0
227	38878	Murgab	73.97	38.17	3576	1964	-11.2	-4.1	3.3	6.5	8.8	14.5	18.2	20.2	14.5	7.2	0.1	-12.5
227	38878	Murgab	73.97	38.17	3576	1965	-13.6	-14.3	-7.9	4.2	10.9	15.0	18.3	15.2	13.2	8.6	-3.2	-8.6
227	38878	Murgab	73.97	38.17	3576	1966	-10.2	-5.2	-1.7	5.3	10.0	16.5	17.1	18.7	-999.0	5.0	-2.9	-5.1
227	38878	Murgab	73.97	38.17	3576	1967	-10.3	-6.2	0.2	6.7	9.0	15.4	19.8	19.1	15.4	5.7	-0.4	-4.3
227	38878	Murgab	73.97	38.17	3576	1968	-6.4	-4.2	2.2	7.8	8.6	15.6	19.6	18.6	14.5	6.3	-0.4	-11.3
227	38878	Murgab	73.97	38.17	3576	1969	-8.1	-8.0	4.4	6.7	11.9	15.1	19.2	20.2	12.7	9.0	0.6	-4.0
227	38878	Murgab	73.97	38.17	3576	1970	-5.2	-2.2	1.3	9.6	13.1	16.9	17.8	21.6	15.3	9.0	9.0	-3.9
227	38878	Murgab	73.97	38.17	3576	1971	-7.0	-3.3	3.7	9.0	13.2	18.6	20.2	19.5	12.2	6.0	0.3	-3.2
227	38878	Murgab	73.97	38.17	3576	1972	-4.2	-9.1	-1.8	5.4	10.4	15.6	17.3	19.3	14.0	7.7	-0.3	-4.7
227	38878	Murgab	73.97	38.17	3576	1973	-8.7	-2.8	-2.0	7.2	10.9	18.0	22.6	21.9	16.2	7.6	0.7	-7.1
227	38878	Murgab	73.97	38.17	3576	1974	-6.0	-7.9	2.9	10.0	11.4	14.6	19.7	17.6	13.9	7.8	-3.2	-8.5
227	38878	Murgab	73.97	38.17	3576	1975	-9.2	-4.6	1.0	6.2	10.0	-999.0	-999.0	19.1	14.2	7.3	-3.9	-10.7
227	38878	Murgab	73.97	38.17	3576	1976	-11.1	-6.9	0.4	7.8	12.4	14.4	21.5	20.3	-999.0	-999.0	-999.0	-5.7
227	38878	Murgab	73.97	38.17	3576	1977	-7.1	-3.1	4.3	9.3	-999.0	16.3	21.9	20.1	14.9	8.7	0.7	-999.0
227	38878	Murgab	73.97	38.17	3576	1978	-12.3	-3.9	-0.4	8.7	13.9	19.0	22.6	20.9	16.2	8.5	-5.3	-8.6
227	38878	Murgab	73.97	38.17	3576	1979	-6.6	-2.5	0.8	9.6	9.3	16.2	19.9	17.4	13.6	9.8	0.7	-4.0
227	38878	Murgab	73.97	38.17	3576	1980	-6.8	-2.8	0.6	9.6	12.8	17.5	19.8	17.9	13.7	8.2	0.2	-12.2
227	38878	Murgab	73.97	38.17	3576	1981	-9.9	-3.7	2.7	7.5	14.4	15.6	18.9	18.6	13.9	6.0	0.1	-5.4
227	38878	Murgab	73.97	38.17	3576	1982	-4.4	-4.7	1.4	8.9	11.7	14.1	18.3	19.6	11.9	8.3	0.1	-7.8
227	38878	Murgab	73.97	38.17	3576	1983	-6.9	-4.0	-0.5	6.7	13.3	14.6	18.1	22.0	16.1	7.6	1.9	-999.0
227	38878	Murgab	73.97	38.17	3576	1984	-7.1	-5.1	4.4	7.8	12.6	18.8	20.7	23.1	13.8	7.3	0.5	-6.1
227	38878	Murgab	73.97	38.17	3576	1985	-7.1	-1.8	2.0	9.1	11.7	14.9	21.4	19.7	15.0	6.7	-999.0	-13.1
227	38878	Murgab	73.97	38.17	3576	1986	-24.5	-12.8	-1.9	6.0	10.9	15.1	19.6	17.5	12.6	8.3	0.9	-10.1
227	38878	Murgab	73.97	38.17	3576	1987	-10.4	-3.9	3.1	-999.0	-999.0	13.9	16.4	19.2	15.6	2.7	0.2	-14.0
227	38878	Murgab	73.97	38.17	3576	1988	-11.1	-9.1	-1.6	8.4	12.4	16.7	22.0	19.2	16.0	6.0	2.4	-5.1
227	38878	Murgab	73.97	38.17	3576	1989	-8.5	-6.6	2.4	4.6	10.7	14.4	17.8	16.8	14.6	7.1	-1.4	-7.7
227	38878	Murgab	73.97	38.17	3576	1990	-7.3	-9.8	-2.9	5.6	14.0	-999.0	20.1	20.6	17.7	8.0	1.9	-7.2
227	38843	Obigarm	69.70	38.72	1270	1932	-999.0	-999.0	-999.0	-999.0	-999.0	-999.0	-999.0	-999.0	25.9	18.0	9.3	-0.7
227	38843	Obigarm	69.70	38.72	1270	1933	-3.3	2.6	5.1	14.7	23.7	25.4	32.3	31.9	27.1	19.5	10.4	3.3
227	38843	Obigarm	69.70	38.72	1270	1934	-6.1	3.5	8.4	14.3	16.1	25.6	29.5	30.7	24.3	18.2	8.7	4.3
227	38843	Obigarm	69.70	38.72	1270	1935	-3.4	3.3	-999.0	15.6	19.8	21.3	29.5	31.0	25.3	17.6	7.2	-0.1
227	38843	Obigarm	69.70	38.72	1270	1936	-2.4	4.3	5.5	15.4	23.7	28.3	30.3	29.4	28.0	21.8	10.8	0.9
227	38843	Obigarm	69.70	38.72	1270	1937	-3.1	2.2	4.1	12.6	21.4	25.6	30.6	31.5	26.9	17.5	0.7	4.2
227	38843	Obigarm	69.70	38.72	1270	1938	0.5	0.5	5.0	18.2	26.2	27.1	30.0	31.3	24.5	19.9	9.1	3.1
227	38843	Obigarm	69.70	38.72	1270	1939	0.0	1.7	4.3	12.8	23.6	28.9	31.6	31.7	27.6	19.0	10.4	5.6
227	38843	Obigarm	69.70	38.72	1270	1940	2.2	3.3	7.1	18.0	21.5	28.4	31.2	30.6	26.3	19.6	13.0	4.1
227	38843	Obigarm	69.70	38.72	1270	1941	-0.4	5.2	10.6	17.0	23.8	29.7	30.9	32.0	27.6	-999.0	11.6	3.6
227	38843	Obigarm	69.70	38.72	1270	1942	-0.3	1.3	7.9	17.8	21.7	25.3	31.6	30.0	26.4	20.0	11.3	3.2
227	38843	Obigarm	69.70	38.72	1270	1943	-0.3	2.1	5.6	15.2	19.6	26.3	32.0	31.2	26.6	18.9	9.0	4.4
227	38843	Obigarm	69.70	38.72	1270	1944	-0.8	2.1	11.6	17.5	24.2	27.9	34.6	32.8	.26.0	17.0	9.6	0.8
227	38843	Obigarm	69.70	38.72	1270	1945	-1.7	-0.7	3.9	-999.0	-999.0	-999.0	-999.0	-999.0	-999.0	-999.0	-999.0	1.0
227	38843	Obigarm	69.70	38.72	1270	1946	1.1	5.6	9.5	19.6	24.7	27.8	31.9	31.1	28.8	23.8	9.9	2.0
227	38843	Obigarm	69.70	38.72	1270	1947	0.3	3.1	12.8	18.1	22.6	26.8	31.7	33.6	27.5	17.9	12.4	5.6
227	38843	Obigarm	69.70	38.72	1270	1948	3.2	2.8	6.2	13.9	21.7	25.5	32.2	31.1	26.5	19.8	10.7	0.3
227	38843	Obigarm	69.70	38.72	1270	1949	-0.7	1.5	6.7	14.9	21.9	22.8	31.4	28.3	25.8	16.6	8.6	3.5
227	38843	Obigarm	69.70	38.72	1270	1950	-0.1	-0.2	8.5	13.8	21.3	27.5	32.5	31.5	26.4	19.5	7.4	1.5
227	38843	Obigarm	69.70	38.72	1270	1951	0.1	-0.3	7.3	14.8	21.0	24.1	28.0	30.2	27.6	18.8	10.5	7.5
227	38843	Obigarm	69.70	38.72	1270	1952	0.8	2.9	5.6	16.1	20.7	26.8	30.7	31.0	26.5	20.4	9.7	3.6
227	38843	Obigarm	69.70	38.72	1270	1953	1.1	5.9	6.2	14.5	21.3	26.5	31.9	30.2	27.3	14.9	7.6	2.8
227	38843	Obigarm	69.70	38.72	1270	1954	0.1	2.1	6.6	16.5	21.2	25.3	27.8	29.0	27.3	20.0	10.1	1.9
227	38843	Obigarm	69.70	38.72	1270	1955	3.0	6.4	8.6	15.6	19.8	26.0	29.8	32.2	27.3	19.6	12.7	5.1
227	38843	Obigarm	69.70	38.72	1270	1956	-0.2	2.1	6.8	17.0	24.1	26.8	33.8	30.5	27.4	20.4	14.4	3.3
227	38843	Obigarm	69.70	38.72	1270	1957	-1.3	-1.4	7.2	12.9	19.8	24.8	28.4	29.2	25.5	18.3	7.7	1.7
227	38843	Obigarm	69.70	38.72	1270	1958	2.3	1.6	9.2	16.1	18.5	26.0	31.0	28.9	27.2	18.9	7.9	4.5
227	38843	Obigarm	69.70	38.72	1270	1959	-0.5	0.4	7.9	18.2	19.7	26.0	29.8	32.0	30.8	22.5	9.1	2.7
227	38843	Obigarm	69.70	38.72	1270	1960	-2.2	5.9	-999.0	-999.0	-999.0	-999.0	-999.0	-999.0	-999.0	-999.0	-999.0	-999.0
227	38944	Parhar	69.38	37.48	447	1932	-999.0	-999.0	-999.0	-999.0	-999.0	-999.0	-999.0	34.2	31.2	24.0	15.2	3.4
227	38944	Parhar	69.38	37.48	447	1933	0.0	11.3	13.7	23.3	31.4	35.2	39.3	37.3	32.1	25.8	17.9	11.1
227	38944	Parhar	69.38	37.48	447	1934	-0.8	12.6	17.7	22.4	24.4	-999.0	-999.0	36.8	30.7	24.3	15.8	11.1
227	38944	Parhar	69.38	37.48	447	1935	3.9	14.3	17.8	23.8	28.7	30.9	37.1	37.9	32.4	24.7	13.9	10.4
227	38944	Parhar	69.38	37.48	447	1936	5.6	14.3	14.7	23.5	32.2	37.4	38.0	36.5	33.8	28.6	17.4	8.6
227	38944	Parhar	69.38	37.48	447	1937	-999.0	-999.0	15.0	21.6	29.9	35.8	39.0	38.3	33.5	25.0	16.8	11.1
227	38944	Parhar	69.38	37.48	447	1939	-999.0	-999.0	-999.0	-999.0	-999.0	37.6	38.2	37.5	33.1	25.1	20.3	14.4
227	38944	Parhar	69.38	37.48	447	1940	12.6	14.6	15.4	24.8	30.3	37.1	38.0	37.1	32.9	27.9	19.5	13.2
227	38944	Parhar	69.38	37.48	447	1941	8.8	15.6	21.2	24.4	31.8	36.9	36.4	36.7	33.2	28.4	18.5	11.0
227	38944	Parhar	69.38	37.48	447	1942	8.5	9.1	18.8	23.9	29.8	34.1	38.7	36.6	32.7	27.5	21.7	10.4
227	38944	Parhar	69.38	37.48	447	1943	7.4	11.4	15.0	22.9	28.8	-999.0	-999.0	-999.0	-999.0	-999.0	-999.0	-999.0
227	38944	Parhar	69.38	37.48	447	1944	-999.0	-999.0	-999.0	-999.0	31.8	35.8	40.7	38.2	32.3	25.3	18.7	2.1
227	38944	Parhar	69.38	37.48	447	1945	6.3	8.8	14.0	22.0	27.2	34.4	35.7	37.3	33.3	28.1	17.9	11.2
227	38944	Parhar	69.38	37.48	447	1946	8.5	15.8	19.2	27.8	34.7	36.0	38.1	36.2	33.9	28.9	15.4	5.8
227	38944	Parhar	69.38	37.48	447	1947	10.6	12.6	22.2	25.2	30.1	34.8	38.6	39.2	32.7	26.3	22.6	12.1
227	38944	Parhar	69.38	37.48	447	1948	14.5	14.8	15.8	23.0	30.8	35.8	38.8	36.3	31.4	25.0	17.2	6.6
227	38944	Parhar	69.38	37.48	447	1949	4.0	11.8	15.9	24.2	30.1	33.3	38.9	35.6	32.9	22.0	15.9	12.7
227	38944	Parhar	69.38	37.48	447	1950	6.3	8.9	17.9	21.5	30.2	35.8	38.8	36.5	31.4	26.9	13.1	7.2
227	38944	Parhar	69.38	37.48	447	1951	6.8	7.4	15.2	23.2	30.0	33.4	36.9	36.2	33.4	26.7	17.4	13.7
227	38944	Parhar	69.38	37.48	447	1952	8.4	14.0	16.4	25.0	28.8	34.3	37.2	36.3	31.6	25.9	14.9	9.8
227	38944	Parhar	69.38	37.48	447	1953	10.9	16.3	15.7	23.0	29.3	34.8	38.1	36.6	32.3	22.3	14.6	8.4
227	38944	Parhar	69.38	37.48	447	1954	7.3	9.9	14.9	24.2	31.3	34.6	37.1	35.9	32.4	26.1	15.7	8.0
227	38944	Parhar	69.38	37.48	447	1955	11.4	17.3	17.9	23.4	27.6	34.9	39.1	38.6	33.4	25.4	21.6	12.8
227	38944	Parhar	69.38	37.48	447	1956	9.7	12.4	16.6	25.1	32.5	35.3	40.8	37.0	32.5	25.4	20.6	9.0
227	38944	Parhar	69.38	37.48	447	1957	2.3	6.9	18.3	21.1	29.1	34.9	36.7	36.3	32.4	23.2	12.8	10.0
227	38944	Parhar	69.38	37.48	447	1958	11.9	14.9	20.6	23.9	27.0	35.9	38.4	35.8	32.2	25.8	12.1	11.7
227	38944	Parhar	69.38	37.48	447	1959	9.7	7.7	17.4	23.8	29.0	35.9	37.8	38.5	35.5	27.4	14.2	7.3
227	38944	Parhar	69.38	37.48	447	1960	10.6	16.0	14.0	21.1	27.6	37.1	38.1	38.0	32.7	26.4	15.4	9.4
227	38944	Parhar	69.38	37.48	447	1961	10.2	9.3	18.9	23.3	33.0	36.8	39.7	37.4	33.2	23.9	18.0	13.0
227	38944	Parhar	69.38	37.48	447	1962	9.0	15.4	21.3	22.4	29.0	34.6	38.9	36.4	30.7	24.3	13.0	11.1
227	38944	Parhar	69.38	37.48	447	1963	14.0	16.9	18.1	25.5	28.8	36.3	37.5	36.6	32.6	27.7	17.1	9.9
227	38944	Parhar	69.38	37.48	447	1964	0.1	10.7	19.1	21.9	29.1	35.4	36.9	36.8	32.1	23.2	18.5	5.8
227	38944	Parhar	69.38	37.48	447	1965	9.2	10.2	16.2	23.3	29.7	35.2	37.5	35.5	31.6	26.9	19.7	12.7
227	38705	Pendjikent	67.60	39.50	1016	1916	7.4	1.7	12.3	18.9	24.1	27.7	34.0	35.0	26.9	18.5	8.6	9.6
227	38705	Pendjikent	67.60	39.50	1016	1917	11.1	11.1	14.1	23.2	30.5	30.6	33.4	33.0	28.1	17.8	13.0	6.5
227	38705	Pendjikent	67.60	39.50	1016	1918	5.1	5.4	9.3	17.2	-999.0	31.9	-999.0	-999.0	-999.0	-999.0	-999.0	-999.0
227	38705	Pendjikent	67.60	39.50	1016	1919	-999.0	-999.0	-999.0	-999.0	-999.0	-999.0	-999.0	33.4	24.8	20.1	15.7	-999.0
227	38705	Pendjikent	67.60	39.50	1016	1920	7.2	2.4	10.5	13.3	21.0	29.1	-999.0	-999.0	-999.0	-999.0	-999.0	-999.0
227	38705	Pendjikent	67.60	39.50	1016	1931	3.3	0.1	14.5	21.3	22.4	27.3	32.2	32.0	-999.0	-999.0	12.1	-999.0
227	38705	Pendjikent	67.60	39.50	1016	1932	-999.0	9.2	15.1	22.0	24.2	30.6	34.3	30.2	26.9	18.2	10.8	1.1
227	38705	Pendjikent	67.60	39.50	1016	1933	1.8	8.4	9.2	18.9	27.3	29.5	34.8	33.4	27.6	20.2	14.2	8.3
227	38705	Pendjikent	67.60	39.50	1016	1934	-3.7	10.2	12.6	16.5	19.0	29.6	31.9	32.2	24.4	19.1	10.7	7.0
227	38705	Pendjikent	67.60	39.50	1016	1935	1.0	10.4	12.6	20.1	24.6	26.3	33.6	33.7	26.1	20.2	9.1	7.6
227	38705	Pendjikent	67.60	39.50	1016	1936	5.7	9.7	10.5	18.3	26.0	32.0	32.6	31.0	28.7	23.9	14.5	5.5
227	38705	Pendjikent	67.60	39.50	1016	1937	2.5	9.2	10.0	16.0	23.7	29.8	33.9	33.1	28.0	19.8	10.7	6.5
227	38705	Pendjikent	67.60	39.50	1016	1938	6.6	9.2	9.6	21.4	27.6	29.8	30.6	31.2	26.8	20.4	11.4	7.7
227	38705	Pendjikent	67.60	39.50	1016	1939	5.9	7.1	11.3	16.7	25.7	32.6	34.2	31.8	27.3	20.5	14.3	11.6
227	38705	Pendjikent	67.60	39.50	1016	1940	7.7	9.2	10.6	21.2	24.6	32.2	33.5	31.9	27.1	21.8	15.7	11.1
227	38705	Pendjikent	67.60	39.50	1016	1941	6.4	12.1	16.3	20.2	27.0	33.1	32.1	32.1	28.2	24.6	14.7	9.1
227	38705	Pendjikent	67.60	39.50	1016	1942	6.4	5.1	13.5	18.8	24.9	29.8	33.8	30.7	26.2	21.1	15.1	7.6
227	38705	Pendjikent	67.60	39.50	1016	1943	5.3	5.8	8.5	17.3	23.0	29.1	34.1	31.3	26.1	19.3	11.7	9.4
227	38705	Pendjikent	67.60	39.50	1016	1944	6.9	10.7	18.9	19.3	27.6	30.8	36.5	32.6	27.1	19.1	13.8	-0.2
227	38705	Pendjikent	67.60	39.50	1016	1945	3.7	3.9	10.9	19.1	24.0	29.5	32.1	33.0	28.0	23.3	12.7	9.5
227	38705	Pendjikent	67.60	39.50	1016	1946	-6.2	13.2	15.2	22.5	28.6	30.2	32.7	31.1	29.1	23.5	11.0	4.9
227	38705	Pendjikent	67.60	39.50	1016	1947	6.6	8.3	17.6	20.0	23.9	28.7	32.5	33.2	27.1	20.1	18.0	9.7
227	38705	Pendjikent	67.60	39.50	1016	1948	10.9	10.1	12.5	17.1	25.7	30.2	35.2	32.4	26.4	20.3	14.3	4.3
227	38705	Pendjikent	67.60	39.50	1016	1949	4.5	7.3	11.0	18.8	22.9	28.2	33.6	30.0	25.4	15.8	10.5	10.4
227	38705	Pendjikent	67.60	39.50	1016	1950	4.9	7.0	13.3	16.9	26.6	31.3	33.2	31.8	27.0	20.8	9.6	3.1
227	38705	Pendjikent	67.60	39.50	1016	1951	3.0	3.6	10.9	19.6	24.9	27.5	32.2	31.6	27.7	20.2	13.3	11.4
227	38705	Pendjikent	67.60	39.50	1016	1952	7.3	11.2	12.5	19.8	23.6	30.2	33.3	32.3	26.1	21.0	9.0	6.8
227	38705	Pendjikent	67.60	39.50	1016	1953	7.4	13.1	11.5	17.6	24.1	29.1	33.3	31.1	26.9	16.6	9.1	3.4
227	38705	Pendjikent	67.60	39.50	1016	1954	5.1	7.4	9.2	19.7	24.8	27.9	31.8	29.8	26.7	21.3	11.6	6.9
227	38705	Pendjikent	67.60	39.50	1016	1955	9.4	12.2	13.1	19.0	24.4	30.0	33.4	33.0	27.1	20.0	17.2	10.1
227	38705	Pendjikent	67.60	39.50	1016	1956	7.1	7.9	11.3	20.5	26.0	29.4	35.4	32.2	26.7	20.8	17.5	6.9
227	38705	Pendjikent	67.60	39.50	1016	1957	1.9	5.1	14.1	16.3	24.2	29.5	31.2	31.1	27.1	18.3	11.2	8.0
227	38705	Pendjikent	67.60	39.50	1016	1958	9.2	11.6	16.2	18.8	21.9	30.9	34.0	30.4	26.5	20.2	8.2	8.6
227	38705	Pendjikent	67.60	39.50	1016	1959	8.2	5.1	10.9	22.6	24.5	30.3	31.3	32.0	30.5	22.1	10.0	4.3
227	38705	Pendjikent	67.60	39.50	1016	1960	8.6	12.3	7.7	16.9	22.2	30.6	31.3	32.0	26.1	21.8	11.8	8.2
227	38705	Pendjikent	67.60	39.50	1016	1961	7.8	4.9	14.3	18.0	28.0	30.7	34.2	32.3	27.9	18.3	14.4	10.9
227	38705	Pendjikent	67.60	39.50	1016	1962	6.5	11.9	17.5	18.4	23.7	30.2	34.5	31.9	25.3	18.6	7.1	8.3
227	38705	Pendjikent	67.60	39.50	1016	1963	12.6	12.9	14.5	20.8	23.2	31.6	32.4	30.6	27.3	22.4	13.7	7.7
227	38705	Pendjikent	67.60	39.50	1016	1964	0.6	6.4	15.0	16.2	23.9	29.9	32.1	31.5	26.6	18.0	15.6	4.4
227	38705	Pendjikent	67.60	39.50	1016	1965	5.2	6.4	10.9	18.8	26.7	30.6	33.1	31.5	25.3	21.1	15.3	10.6
227	38947	Pyandzh(Kirovobad)	69.08	37.23	362	1930	-999.0	8.9	21.0	22.1	30.7	36.3	39.6	36.0	29.2	23.7	20.2	10.3
227	38947	Pyandzh(Kirovobad)	69.08	37.23	362	1931	7.4	5.1	18.7	26.1	28.3	34.7	38.4	37.4	33.2	24.7	14.6	6.0
227	38947	Pyandzh(Kirovobad)	69.08	37.23	362	1932	5.3	11.0	19.0	25.8	28.6	35.2	37.6	35.2	31.3	23.5	15.0	3.4
227	38947	Pyandzh(Kirovobad)	69.08	37.23	362	1933	1.1	12.3	13.1	23.6	32.6	35.2	38.8	36.5	31.2	25.1	17.5	10.4
227	38947	Pyandzh(Kirovobad)	69.08	37.23	362	1934	-0.7	11.9	18.1	22.3	25.5	34.7	36.7	36.4	29.5	23.3	15.7	11.2
227	38947	Pyandzh(Kirovobad)	69.08	37.23	362	1935	2.5	14.3	17.5	24.2	29.2	31.6	36.6	36.5	30.3	24.5	13.9	10.0
227	38947	Pyandzh(Kirovobad)	69.08	37.23	362	1936	6.5	14.5	14.9	23.6	32.3	36.4	37.0	35.1	32.7	27.7	17.8	9.1
227	38947	Pyandzh(Kirovobad)	69.08	37.23	362	1937	0.6	12.0	15.0	21.8	30.6	35.8	38.3	37.4	32.3	24.7	16.6	10.6
227	38947	Pyandzh(Kirovobad)	69.08	37.23	362	1938	9.8	13.0	15.8	27.5	34.6	35.6	36.8	36.7	31.9	25.4	16.0	10.0
227	38947	Pyandzh(Kirovobad)	69.08	37.23	362	1939	9.5	12.2	14.9	22.0	31.3	38.6	38.2	36.8	32.4	25.0	19.9	15.4
227	38947	Pyandzh(Kirovobad)	69.08	37.23	362	1940	11.3	14.8	15.9	25.8	31.9	37.9	38.5	36.3	-999.0	27.3	19.1	13.1
227	38947	Pyandzh(Kirovobad)	69.08	37.23	362	1941	8.5	15.6	21.5	25.4	33.9	38.4	37.9	37.3	33.3	28.0	19.7	11.3
227	38947	Pyandzh(Kirovobad)	69.08	37.23	362	1942	6.5	8.8	18.6	24.6	31.9	34.8	38.5	35.8	31.5	27.0	21.5	10.4
227	38947	Pyandzh(Kirovobad)	69.08	37.23	362	1943	7.5	10.7	14.6	23.1	30.2	36.6	38.8	36.5	31.5	24.3	17.2	13.8
227	38947	Pyandzh(Kirovobad)	69.08	37.23	362	1944	11.2	15.1	23.5	25.6	33.9	37.1	41.2	37.9	33.1	27.3	20.4	4.6
227	38947	Pyandzh(Kirovobad)	69.08	37.23	362	1945	7.0	9.0	15.2	22.4	28.2	35.7	37.4	37.6	32.9	28.1	17.0	10.9
227	38947	Pyandzh(Kirovobad)	69.08	37.23	362	1946	7.9	15.8	20.0	28.8	35.7	36.4	37.5	35.9	33.0	28.5	15.4	6.1
227	38947	Pyandzh(Kirovobad)	69.08	37.23	362	1947	10.3	12.7	22.8	26.6	31.4	35.3	38.0	38.6	31.8	26.4	23.4	12.3
227	38947	Pyandzh(Kirovobad)	69.08	37.23	362	1948	14.0	16.0	16.4	23.9	33.0	36.2	38.7	36.5	31.1	25.2	17.6	7.2
227	38947	Pyandzh(Kirovobad)	69.08	37.23	362	1949	3.4	12.2	16.2	24.0	30.7	34.2	39.4	34.7	31.5	21.4	16.1	13.5
227	38947	Pyandzh(Kirovobad)	69.08	37.23	362	1950	5.4	8.2	19.0	22.4	31.8	36.3	38.5	36.3	30.9	26.6	13.5	8.1
227	38947	Pyandzh(Kirovobad)	69.08	37.23	362	1951	7.4	7.6	15.3	24.7	31.9	34.6	37.8	36.5	33.3	26.9	17.8	13.8
227	38947	Pyandzh(Kirovobad)	69.08	37.23	362	1952	8.2	14.8	17.3	26.0	30.5	35.9	38.2	36.5	31.6	25.7	14.8	10.0
227	38947	Pyandzh(Kirovobad)	69.08	37.23	362	1953	11.5	16.4	16.2	23.9	30.3	35.4	38.3	35.8	32.0	22.7	-999.0	8.5
227	38947	Pyandzh(Kirovobad)	69.08	37.23	362	1954	8.2	10.4	14.8	24.0	32.5	35.5	37.8	36.0	32.0	26.2	16.2	8.6
227	38947	Pyandzh(Kirovobad)	69.08	37.23	362	1955	12.0	18.1	18.9	24.7	29.0	35.8	38.9	38.0	32.7	25.1	22.3	13.6
227	38947	Pyandzh(Kirovobad)	69.08	37.23	362	1956	9.3	12.6	16.9	25.4	33.5	35.5	40.2	36.3	31.9	25.6	21.0	8.8
227	38947	Pyandzh(Kirovobad)	69.08	37.23	362	1957	1.3	6.5	18.5	21.1	30.1	35.1	36.6	35.7	31.4	23.2	13.5	10.2
227	38947	Pyandzh(Kirovobad)	69.08	37.23	362	1958	11.4	15.5	21.1	24.9	27.9	37.0	38.8	35.7	31.9	25.6	12.4	11.7
227	38947	Pyandzh(Kirovobad)	69.08	37.23	362	1959	9.3	8.5	17.6	-999.0	29.6	35.6	36.6	36.9	34.0	26.1	13.9	6.5
227	38947	Pyandzh(Kirovobad)	69.08	37.23	362	1960	10.2	15.9	13.7	21.1	27.9	37.1	37.0	36.3	31.2	25.7	15.3	9.0
227	38947	Pyandzh(Kirovobad)	69.08	37.23	362	1961	9.8	9.6	19.1	23.4	33.4	36.3	38.3	35.4	31.8	23.2	17.9	13.2
227	38947	Pyandzh(Kirovobad)	69.08	37.23	362	1962	8.4	15.3	21.4	22.8	29.9	34.6	37.9	34.9	29.4	24.1	13.0	10.6
227	38947	Pyandzh(Kirovobad)	69.08	37.23	362	1963	13.8	17.1	18.0	26.3	30.5	36.8	37.0	34.9	31.4	26.8	16.7	9.0
227	38947	Pyandzh(Kirovobad)	69.08	37.23	362	1964	-0.4	11.1	19.0	22.2	29.8	35.4	36.8	35.7	31.0	22.2	18.7	5.9
227	38947	Pyandzh(Kirovobad)	69.08	37.23	362	1965	8.9	10.4	15.7	23.8	30.4	35.5	37.5	34.8	30.4	26.5	19.2	12.0
227	38951	Rushan	71.52	37.95	1981	1947	-3.2	1.7	12.5	18.8	23.2	25.5	29.4	32.1	28.2	18.2	10.8	2.1
227	38951	Rushan	71.52	37.95	1981	1948	-1.2	0.9	4.6	13.8	20.2	24.1	29.6	29.9	26.3	20.0	9.7	-1.0
227	38951	Rushan	71.52	37.95	1981	1949	-2.7	-1.1	5.5	14.2	22.0	21.9	29.8	28.0	25.7	18.1	7.8	-0.5
227	38951	Rushan	71.52	37.95	1981	1950	-2.4	-3.0	7.0	13.0	21.8	26.7	31.2	30.7	26.1	17.8	8.1	1.1
227	38951	Rushan	71.52	37.95	1981	1951	-2.2	-0.9	7.0	15.0	21.5	24.2	27.0	29.1	26.5	17.8	10.1	6.1
227	38951	Rushan	71.52	37.95	1981	1952	-0.6	0.9	3.6	15.2	20.9	25.8	28.5	28.7	25.3	19.7	10.1	3.5
227	38951	Rushan	71.52	37.95	1981	1953	-0.6	2.3	6.9	14.2	22.0	25.5	30.6	28.3	-999.0	15.3	7.2	2.6
227	38951	Rushan	71.52	37.95	1981	1954	-4.0	-0.2	6.3	16.0	21.2	23.6	25.7	27.4	25.1	16.8	8.5	-2.6
227	38951	Rushan	71.52	37.95	1981	1955	-2.4	4.1	8.5	12.7	19.5	23.9	26.5	30.3	25.3	18.7	11.0	3.2
227	38951	Rushan	71.52	37.95	1981	1956	-3.6	0.4	5.8	17.3	24.8	25.7	32.8	29.6	26.7	18.7	12.4	2.0
227	38951	Rushan	71.52	37.95	1981	1957	-2.2	-3.1	6.0	13.7	18.8	24.7	27.4	28.5	24.5	17.5	8.3	-1.0
227	38951	Rushan	71.52	37.95	1981	1958	-1.6	-2.1	7.9	15.4	18.2	24.4	-999.0	27.9	26.4	17.3	9.1	3.7
227	38951	Rushan	71.52	37.95	1981	1959	-0.7	-0.9	6.4	16.7	18.7	25.5	28.4	30.2	29.5	20.8	8.0	2.3
227	38951	Rushan	71.52	37.95	1981	1961	-0.9	5.1	6.8	13.2	19.6	26.0	30.0	31.7	25.4	19.3	6.6	-0.1
227	38951	Rushan	71.52	37.95	1981	1962	-0.4	-1.9	6.6	17.0	24.6	27.2	31.5	30.4	28.4	18.4	8.7	0.9
227	38951	Rushan	71.52	37.95	1981	1963	-0.5	2.0	12.6	15.5	20.5	26.1	29.0	29.4	24.7	17.2	7.1	1.8
227	38951	Rushan	71.52	37.95	1981	1964	5.0	4.8	8.4	17.4	21.9	27.1	28.4	29.7	25.8	20.0	8.9	4.6
227	38951	Rushan	71.52	37.95	1981	1965	-3.8	-0.6	7.1	14.0	19.1	25.3	27.6	29.1	25.7	19.3	10.3	1.7
227	38951	Rushan	71.52	37.95	1981	1966	0.4	-2.4	3.9	13.6	21.6	25.3	28.2	27.4	24.8	17.8	7.8	1.7
227	38951	Rushan	71.52	37.95	1981	1967	-4.2	0.7	4.5	15.2	19.8	26.2	29.4	29.2	26.5	15.6	8.6	3.0
227	38951	Rushan	71.52	37.95	1981	1968	-1.9	0.5	7.5	15.2	18.8	25.8	29.9	29.2	26.9	16.8	9.1	-1.6
227	38951	Rushan	71.52	37.95	1981	1969	-3.3	-2.0	7.0	13.0	20.4	25.5	28.1	29.6	24.7	16.9	9.5	3.0
227	38951	Rushan	71.52	37.95	1981	1970	0.9	4.7	8.8	17.4	22.7	27.3	27.5	31.5	26.7	21.1	12.1	3.6
227	38951	Rushan	71.52	37.95	1981	1971	0.4	3.6	11.8	19.2	24.1	29.7	30.5	30.5	25.1	20.5	10.7	6.9
227	38951	Rushan	71.52	37.95	1981	1972	1.4	-2.7	5.4	14.3	20.2	25.3	26.5	28.5	24.9	18.8	10.2	3.6
227	38951	Rushan	71.52	37.95	1981	1973	-1.4	0.9	4.2	15.0	21.5	28.9	32.4	31.5	27.6	20.2	13.4	5.6
227	38951	Rushan	71.52	37.95	1981	1974	-999.0	0.6	8.3	17.9	21.8	26.6	29.4	29.0	25.6	19.0	8.7	-2.0
227	38951	Rushan	71.52	37.95	1981	1975	-5.4	-1.1	6.3	15.0	20.3	-999.0	30.7	30.4	26.6	19.6	7.8	2.5
227	38951	Rushan	71.52	37.95	1981	1976	-1.3	-0.4	4.9	15.5	23.5	26.3	31.6	31.2	26.3	17.0	10.0	4.4
227	38951	Rushan	71.52	37.95	1981	1977	-2.1	0.2	10.3	19.3	20.9	27.6	31.2	30.4	27.1	17.6	8.2	0.2
227	38951	Rushan	71.52	37.95	1981	1978	-4.5	-1.0	4.7	16.4	23.7	28.7	31.5	31.0	27.8	19.1	7.6	1.5
227	38951	Rushan	71.52	37.95	1981	1979	-0.5	2.5	7.8	17.0	18.5	26.9	30.6	28.5	25.8	21.5	10.9	4.4
227	38951	Rushan	71.52	37.95	1981	1980	1.3	0.5	5.6	17.7	21.9	28.6	30.8	29.8	26.2	19.4	11.3	4.1
227	38951	Rushan	71.52	37.95	1981	1981	1.4	0.8	8.6	16.5	-999.0	25.6	29.2	28.2	26.0	16.4	9.7	2.5
227	38951	Rushan	71.52	37.95	1981	1982	0.3	-0.9	7.7	18.5	23.5	26.8	29.7	29.5	24.2	-999.0	6.2	0.9
227	38951	Rushan	71.52	37.95	1981	1983	-1.6	2.5	5.3	16.5	22.3	25.1	28.0	31.7	26.0	-999.0	9.2	-999.0
227	38951	Rushan	71.52	37.95	1981	1984	2.0	-1.8	-999.0	15.0	20.0	28.8	30.9	32.6	25.4	18.8	8.9	-1.3
227	38951	Rushan	71.52	37.95	1981	1985	-2.1	1.3	8.7	18.8	21.4	26.4	31.3	29.4	27.1	17.6	10.0	1.7
227	38951	Rushan	71.52	37.95	1981	1986	-2.5	3.2	6.5	15.2	20.5	22.6	29.9	29.1	26.2	20.0	9.6	-0.7
227	38951	Rushan	71.52	37.95	1981	1987	-2.3	1.6	7.8	-999.0	19.4	24.2	26.7	29.3	26.2	14.8	9.5	4.5
227	38951	Rushan	71.52	37.95	1981	1988	-0.8	1.4	6.0	15.0	21.2	27.4	31.3	28.9	26.5	16.4	13.2	3.9
227	38951	Rushan	71.52	37.95	1981	1989	-3.5	-1.9	8.2	13.9	20.4	24.6	27.8	28.6	26.1	19.4	7.0	2.6
227	38951	Rushan	71.52	37.95	1981	1990	-0.4	0.9	5.5	14.7	24.7	28.4	30.5	30.6	28.3	18.8	12.1	3.8
227	38716	Sangiston	68.62	39.38	1502	1932	-999.0	-999.0	-999.0	-999.0	-999.0	-999.0	-999.0	-999.0	25.9	17.1	10.6	-0.4
227	38716	Sangiston	68.62	39.38	1502	1933	1.0	7.9	10.3	17.6	25.1	26.8	32.8	32.7	27.3	19.6	12.6	7.3
227	38716	Sangiston	68.62	39.38	1502	1934	-0.7	8.9	11.9	17.2	18.6	28.0	29.7	31.2	23.9	18.2	9.8	6.0
227	38716	Sangiston	68.62	39.38	1502	1935	1.2	8.8	11.7	18.3	21.9	22.9	30.3	32.1	24.8	18.4	8.2	4.8
227	38716	Sangiston	68.62	39.38	1502	1936	3.5	9.1	10.2	18.2	24.8	28.4	30.0	29.5	27.8	21.6	12.1	3.2
227	38716	Sangiston	68.62	39.38	1502	1937	0.5	8.3	10.5	16.1	22.1	27.1	30.8	31.5	26.0	18.4	10.3	5.2
227	38716	Sangiston	68.62	39.38	1502	1938	2.6	6.9	10.5	20.9	25.7	26.6	28.8	30.1	25.0	19.0	9.6	5.4
227	38716	Sangiston	68.62	39.38	1502	1939	5.1	7.5	10.7	16.3	25.0	29.1	31.3	31.0	26.7	19.6	11.6	8.9
227	38716	Sangiston	68.62	39.38	1502	1940	7.2	9.0	10.1	20.6	23.3	28.7	30.7	30.0	25.2	20.2	13.0	8.0
227	38716	Sangiston	68.62	39.38	1502	1941	4.2	9.6	14.9	19.5	25.5	30.0	29.9	30.9	27.0	23.4	12.7	7.1
227	38716	Sangiston	68.62	39.38	1502	1942	3.7	5.0	12.9	19.6	23.7	26.3	32.0	30.0	25.5	19.9	13.1	6.7
227	38716	Sangiston	68.62	39.38	1502	1943	5.6	7.9	10.3	16.7	21.2	26.3	31.6	30.4	25.8	-999.0	-999.0	-999.0
227	38716	Sangiston	68.62	39.38	1502	1944	-999.0	-999.0	16.5	18.5	-999.0	-999.0	-999.0	33.2	25.7	17.1	11.0	2.2
227	38716	Sangiston	68.62	39.38	1502	1945	4.2	4.6	10.7	19.7	22.3	26.6	-999.0	-999.0	-999.0	-999.0	-999.0	-999.0
227	38716	Sangiston	68.62	39.38	1502	1946	-999.0	-999.0	-999.0	-999.0	-999.0	-999.0	-999.0	-999.0	-999.0	-999.0	-999.0	-999.0
227	38716	Sangiston	68.62	39.38	1502	1947	-999.0	-999.0	17.3	19.2	22.5	26.0	30.8	32.3	26.6	18.2	14.9	7.8
227	38716	Sangiston	68.62	39.38	1502	1948	8.0	9.3	12.1	17.1	23.5	26.0	32.5	31.3	25.9	20.0	12.7	3.8
227	38716	Sangiston	68.62	39.38	1502	1949	4.1	7.5	11.9	18.9	23.3	24.4	32.3	29.1	25.2	17.2	9.7	6.8
227	38716	Sangiston	68.62	39.38	1502	1950	4.4	5.5	-999.0	-999.0	24.3	28.1	31.7	31.3	26.1	19.5	9.3	3.6
227	38716	Sangiston	68.62	39.38	1502	1951	1.8	3.8	12.0	17.1	23.6	24.3	28.4	30.1	27.4	20.0	12.1	9.2
227	38716	Sangiston	68.62	39.38	1502	1952	6.3	8.8	11.9	20.0	21.7	27.6	31.2	31.8	26.2	21.0	10.7	5.6
227	38716	Sangiston	68.62	39.38	1502	1953	6.5	12.0	10.7	17.8	23.4	27.4	32.9	30.0	26.9	16.0	8.9	3.1
227	38716	Sangiston	68.62	39.38	1502	1954	2.8	7.2	11.0	19.6	23.1	25.9	28.9	28.4	26.5	19.5	10.7	5.1
227	38716	Sangiston	68.62	39.38	1502	1955	6.6	9.9	11.9	17.4	22.0	26.9	30.9	32.5	26.4	19.1	14.2	8.3
227	38716	Sangiston	68.62	39.38	1502	1956	4.7	7.8	12.0	19.9	25.1	26.7	34.6	31.1	26.6	20.1	15.7	5.1
227	38716	Sangiston	68.62	39.38	1502	1957	2.8	5.8	13.2	16.1	22.3	26.7	28.2	29.7	25.2	19.3	10.5	6.9
227	38716	Sangiston	68.62	39.38	1502	1958	8.6	9.0	14.2	19.4	21.0	27.9	32.1	28.8	26.3	19.2	8.9	8.1
227	38716	Sangiston	68.62	39.38	1502	1959	6.3	5.1	11.5	21.9	22.4	27.0	29.3	31.2	30.6	21.1	10.4	4.7
227	38716	Sangiston	68.62	39.38	1502	1960	6.2	11.8	9.7	15.9	20.2	28.3	30.0	31.4	24.9	19.9	9.5	7.4
227	38716	Sangiston	68.62	39.38	1502	1961	6.2	4.6	12.3	18.1	26.2	27.7	31.6	30.0	27.3	17.5	12.0	6.5
227	38716	Sangiston	68.62	39.38	1502	1962	5.5	10.6	17.1	18.1	22.2	27.1	31.7	30.2	24.3	18.6	7.8	6.3
227	38716	Sangiston	68.62	39.38	1502	1963	9.1	10.8	13.7	19.4	21.9	28.4	29.4	29.2	26.1	21.6	12.3	7.6
227	38716	Sangiston	68.62	39.38	1502	1964	0.1	6.1	15.1	15.6	21.8	27.4	29.5	30.2	25.4	17.9	12.2	3.0
227	38716	Sangiston	68.62	39.38	1502	1965	5.6	6.1	11.6	18.4	24.6	27.4	30.6	30.1	24.1	20.2	13.3	8.1
227	38716	Sangiston	68.62	39.38	1502	1966	9.9	11.1	11.6	17.7	21.9	29.4	30.7	30.3	25.3	17.7	-999.0	7.5
227	38716	Sangiston	68.62	39.38	1502	1967	5.7	7.1	13.1	17.8	21.4	27.4	30.4	30.3	26.1	17.6	12.0	6.7
227	38716	Sangiston	68.62	39.38	1502	1968	4.9	6.2	12.7	18.3	20.6	27.0	30.9	30.6	26.9	18.8	12.6	5.8
227	38716	Sangiston	68.62	39.38	1502	1969	2.0	3.7	14.3	17.9	22.4	27.0	29.4	29.9	24.2	18.9	10.2	8.5
227	38716	Sangiston	68.62	39.38	1502	1970	5.1	10.0	12.2	20.8	25.1	28.2	28.8	31.8	26.2	20.5	14.2	5.3
227	38716	Sangiston	68.62	39.38	1502	1971	4.0	8.3	16.6	20.0	25.4	30.0	30.9	30.9	25.7	20.6	15.0	9.5
227	38716	Sangiston	68.62	39.38	1502	1972	2.2	1.1	11.3	19.0	21.8	25.9	27.3	27.4	25.4	19.2	14.5	2.3
227	38716	Sangiston	68.62	39.38	1502	1973	0.3	9.1	10.1	18.6	23.0	29.9	32.7	31.3	25.0	20.7	15.3	7.1
227	38716	Sangiston	68.62	39.38	1502	1974	3.0	2.8	13.6	19.5	23.3	27.4	30.5	27.9	24.9	18.3	12.5	4.2
227	38716	Sangiston	68.62	39.38	1502	1975	4.6	6.9	11.4	19.4	22.0	28.7	32.0	31.5	25.9	19.2	9.1	6.1
227	38716	Sangiston	68.62	39.38	1502	1976	7.3	5.2	10.5	18.4	23.3	27.6	32.5	32.9	26.3	18.5	11.2	7.0
227	38716	Sangiston	68.62	39.38	1502	1977	1.2	7.9	17.9	22.8	22.8	31.1	32.7	31.6	28.8	20.2	15.3	7.3
227	38716	Sangiston	68.62	39.38	1502	1978	4.5	8.2	11.2	19.9	23.9	28.6	31.7	30.8	28.0	20.0	-999.0	10.2
227	38716	Sangiston	68.62	39.38	1502	1979	6.0	8.5	11.6	18.7	20.0	27.9	32.2	29.1	26.3	22.7	13.8	8.0
227	38716	Sangiston	68.62	39.38	1502	1980	4.6	5.0	11.3	21.6	24.7	29.0	32.3	30.0	26.3	19.0	14.7	9.5
227	38716	Sangiston	68.62	39.38	1502	1981	5.8	7.6	14.3	19.8	24.1	25.9	29.5	28.1	25.5	17.2	13.3	7.5
227	38716	Sangiston	68.62	39.38	1502	1982	7.0	5.6	11.8	21.9	24.8	28.2	29.9	29.4	23.7	17.6	8.4	5.5
227	38716	Sangiston	68.62	39.38	1502	1983	5.0	8.4	11.0	19.1	24.2	28.1	32.0	32.9	26.2	19.1	15.1	-999.0
227	38716	Sangiston	68.62	39.38	1502	1984	3.0	1.5	13.0	19.2	23.4	30.1	33.5	33.9	24.8	18.3	12.1	1.0
227	38716	Sangiston	68.62	39.38	1502	1985	5.8	10.1	10.6	21.7	22.6	29.6	32.1	28.1	27.2	18.6	12.2	6.5
227	38716	Sangiston	68.62	39.38	1502	1986	7.0	9.9	9.2	19.0	23.4	27.2	30.9	29.7	27.5	20.7	11.4	5.8
227	38716	Sangiston	68.62	39.38	1502	1987	9.5	10.4	14.9	17.1	-999.0	27.6	27.8	31.7	26.2	14.9	14.1	10.8
227	38716	Sangiston	68.62	39.38	1502	1988	4.5	8.7	12.0	21.6	22.4	29.7	32.1	29.4	26.8	18.8	15.8	9.5
227	38716	Sangiston	68.62	39.38	1502	1989	3.3	3.7	14.2	17.7	21.0	27.8	30.2	30.3	26.0	21.9	11.9	9.1
227	38716	Sangiston	68.62	39.38	1502	1990	4.3	8.1	12.3	18.5	25.7	31.3	31.0	31.9	29.4	19.8	14.8	5.7
227	38844	Sanglok	69.23	38.25	2235	1948	-999.0	-999.0	-999.0	-999.0	-999.0	19.2	24.9	23.4	18.5	12.7	6.4	-1.4
227	38844	Sanglok	69.23	38.25	2235	1949	-1.4	-0.6	3.1	10.3	15.1	16.4	24.0	20.7	17.8	9.2	3.0	1.3
227	38844	Sanglok	69.23	38.25	2235	1950	-0.5	-1.6	2.7	6.1	15.0	20.3	24.2	23.1	17.7	12.6	3.4	-2.4
227	38844	Sanglok	69.23	38.25	2235	1951	-2.2	-2.2	3.5	7.8	14.5	17.4	21.6	22.6	19.8	14.1	7.0	4.4
227	38844	Sanglok	69.23	38.25	2235	1952	0.7	1.5	2.6	11.4	14.2	19.5	23.1	22.7	18.1	13.1	5.7	0.9
227	38844	Sanglok	69.23	38.25	2235	1953	-1.1	4.0	3.1	9.4	14.9	19.3	23.8	22.0	18.6	8.6	3.3	2.4
227	38844	Sanglok	69.23	38.25	2235	1954	-1.9	0.4	3.2	11.1	15.2	18.4	21.4	21.4	18.6	12.2	5.1	-0.1
227	38844	Sanglok	69.23	38.25	2235	1955	-0.2	2.4	4.3	8.7	12.2	18.4	22.5	24.2	18.9	11.7	9.2	2.7
227	38844	Sanglok	69.23	38.25	2235	1956	-1.1	0.5	3.9	11.3	17.4	19.0	25.9	22.7	19.3	12.8	9.6	0.5
227	38844	Sanglok	69.23	38.25	2235	1957	-2.4	-2.5	3.9	6.7	13.3	18.0	21.1	21.7	17.7	11.1	4.3	0.2
227	38844	Sanglok	69.23	38.25	2235	1958	2.0	0.6	5.7	11.6	11.7	19.4	23.2	21.3	18.9	12.1	3.4	3.3
227	38844	Sanglok	69.23	38.25	2235	1959	0.4	-1.6	3.9	12.3	13.2	19.2	22.3	23.7	21.8	14.4	4.1	0.0
227	38844	Sanglok	69.23	38.25	2235	1960	0.2	4.0	2.0	7.1	12.4	20.3	22.6	23.2	18.1	13.0	3.8	2.5
227	38844	Sanglok	69.23	38.25	2235	1961	-0.2	-4.0	3.5	9.6	17.4	20.6	24.5	22.4	19.7	10.3	5.8	-0.1
227	38844	Sanglok	69.23	38.25	2235	1962	-1.4	1.5	6.4	8.7	13.2	18.6	23.7	22.0	16.5	11.4	1.4	1.5
227	38844	Sanglok	69.23	38.25	2235	1963	2.3	3.1	4.9	10.9	14.4	20.9	22.5	21.9	18.2	14.6	5.9	3.2
227	38844	Sanglok	69.23	38.25	2235	1964	-5.2	0.0	6.0	9.0	13.6	19.5	21.5	22.3	17.7	10.9	6.7	-0.5
227	38844	Sanglok	69.23	38.25	2235	1965	1.2	-2.0	1.9	8.5	14.9	19.4	22.5	21.8	17.1	13.5	8.1	2.9
227	38844	Sanglok	69.23	38.25	2235	1966	4.5	3.0	3.1	8.5	14.1	21.9	22.9	22.6	17.6	9.4	3.8	1.5
227	38844	Sanglok	69.23	38.25	2235	1967	-1.6	0.2	4.2	8.4	11.8	18.8	22.5	22.3	18.4	10.2	4.6	1.3
227	38844	Sanglok	69.23	38.25	2235	1968	-1.0	-1.0	4.3	9.5	11.5	19.4	22.6	22.4	18.7	11.4	5.5	-0.8
227	38844	Sanglok	69.23	38.25	2235	1969	-3.3	-2.8	6.1	8.5	13.3	18.7	21.6	21.6	17.0	11.8	4.8	3.6
227	38844	Sanglok	69.23	38.25	2235	1970	-0.1	2.0	2.7	11.3	16.7	20.8	21.6	24.6	18.3	13.4	7.8	1.4
227	38844	Sanglok	69.23	38.25	2235	1971	-1.7	0.4	6.6	11.7	17.3	22.4	23.2	22.4	17.2	12.8	7.4	6.0
227	38844	Sanglok	69.23	38.25	2235	1972	-2.0	-6.8	3.1	9.4	13.0	18.5	20.2	19.8	17.9	12.7	8.1	0.9
227	38844	Sanglok	69.23	38.25	2235	1973	-3.8	1.4	2.2	10.8	14.4	22.3	24.6	23.7	17.6	13.2	9.2	2.4
227	38844	Sanglok	69.23	38.25	2235	1974	-2.1	-3.0	4.5	12.8	15.3	19.9	23.2	21.1	17.4	11.1	5.7	-1.4
227	38844	Sanglok	69.23	38.25	2235	1975	-1.8	-1.8	2.5	8.0	13.7	20.2	24.0	23.3	18.6	12.3	3.1	0.8
227	38844	Sanglok	69.23	38.25	2235	1976	0.6	-1.6	1.7	8.7	15.0	19.8	24.5	23.6	18.8	11.1	3.6	0.4
227	38844	Sanglok	69.23	38.25	2235	1977	-3.4	0.6	7.6	11.8	14.0	21.8	24.0	23.0	18.6	12.5	6.7	1.0
227	38844	Sanglok	69.23	38.25	2235	1978	-2.5	-0.8	1.4	11.9	16.5	20.8	23.7	22.9	20.0	13.1	3.1	4.6
227	38844	Sanglok	69.23	38.25	2235	1979	0.1	1.5	2.0	12.0	11.0	19.6	24.5	21.4	18.1	15.1	5.7	2.3
227	38844	Sanglok	69.23	38.25	2235	1980	-1.2	-1.8	2.5	12.4	16.5	20.9	24.5	22.9	19.0	13.4	8.3	4.6
227	38844	Sanglok	69.23	38.25	2235	1981	-0.2	0.7	5.0	11.0	15.7	18.4	21.7	20.7	17.7	9.5	6.9	2.4
227	38844	Sanglok	69.23	38.25	2235	1982	0.7	-1.7	2.6	10.9	15.3	20.0	22.3	21.4	15.7	11.1	2.7	1.0
227	38844	Sanglok	69.23	38.25	2235	1983	0.0	0.8	1.0	8.7	15.0	-999.0	23.4	24.1	18.6	11.9	9.1	0.3
227	38844	Sanglok	69.23	38.25	2235	1984	-2.8	-6.1	4.8	9.8	14.8	21.3	24.7	25.6	17.1	10.3	5.9	-3.0
227	38844	Sanglok	69.23	38.25	2235	1985	-0.9	2.7	2.9	12.7	14.3	21.5	24.5	21.5	19.0	11.5	5.9	1.1
227	38844	Sanglok	69.23	38.25	2235	1986	-0.1	1.6	0.5	9.0	14.5	19.6	23.5	22.2	18.8	13.3	4.9	-0.5
227	38844	Sanglok	69.23	38.25	2235	1987	1.8	1.3	5.5	-999.0	14.4	19.0	20.8	23.8	18.7	7.7	7.7	5.6
227	38844	Sanglok	69.23	38.25	2235	1988	1.3	1.0	2.6	11.6	15.2	21.3	24.8	21.5	18.5	10.5	10.4	4.3
227	38844	Sanglok	69.23	38.25	2235	1989	-2.3	-4.3	3.7	7.0	11.8	19.4	21.6	21.6	17.9	13.6	4.4	3.2
227	38844	Sanglok	69.23	38.25	2235	1990	-0.2	-0.8	2.8	7.7	17.0	21.3	22.7	23.7	20.2	-999.0	-999.0	-999.0
227	38835	Shahrinau	68.35	38.57	852	1930	0.0	7.0	14.1	19.0	25.7	31.6	35.8	32.3	25.9	21.2	18.2	8.6
227	38835	Shahrinau	68.35	38.57	852	1931	6.4	2.0	14.9	22.0	23.1	29.2	33.6	32.5	29.4	22.4	13.7	7.8
227	38835	Shahrinau	68.35	38.57	852	1932	5.5	9.5	17.0	23.4	24.9	32.7	35.8	31.4	28.3	21.5	13.0	2.4
227	38835	Shahrinau	68.35	38.57	852	1933	1.3	9.3	10.6	20.1	29.1	31.6	36.3	33.5	28.8	22.7	15.6	9.7
227	38835	Shahrinau	68.35	38.57	852	1934	-1.7	10.9	14.9	18.7	20.7	31.6	33.9	33.6	26.9	21.7	13.5	9.8
227	38835	Shahrinau	68.35	38.57	852	1935	1.3	10.8	14.1	21.2	25.1	26.5	34.1	33.7	27.9	21.9	12.7	8.6
227	38835	Shahrinau	68.35	38.57	852	1936	5.2	11.3	11.3	20.3	27.7	33.2	34.8	32.5	30.3	25.6	16.7	6.3
227	38835	Shahrinau	68.35	38.57	852	1937	2.7	10.6	12.0	18.8	25.8	31.8	35.7	34.2	29.1	22.2	14.8	9.2
227	38835	Shahrinau	68.35	38.57	852	1938	7.0	9.3	12.1	23.7	30.3	32.1	33.4	32.8	28.9	22.5	13.8	9.0
227	38835	Shahrinau	68.35	38.57	852	1939	6.7	8.6	12.7	18.3	27.8	34.9	34.9	32.7	29.1	22.4	16.5	12.7
227	38835	Shahrinau	68.35	38.57	852	1940	9.1	10.4	12.3	21.9	25.9	33.8	35.3	32.7	28.5	24.3	18.1	10.4
227	38835	Shahrinau	68.35	38.57	852	1941	6.1	12.8	17.5	21.5	28.6	34.6	33.8	33.4	29.5	26.5	16.1	10.8
227	38835	Shahrinau	68.35	38.57	852	1942	6.7	5.9	14.9	21.9	26.5	29.9	34.9	32.2	28.4	24.1	17.8	8.8
227	38835	Shahrinau	68.35	38.57	852	1943	6.4	8.3	11.1	19.0	24.2	31.1	35.1	32.4	27.9	21.8	14.2	10.8
227	38835	Shahrinau	68.35	38.57	852	1944	8.6	11.4	19.2	21.2	28.6	32.7	37.9	33.3	28.2	21.6	15.3	1.7
227	38835	Shahrinau	68.35	38.57	852	1945	4.1	5.4	11.3	20.1	24.5	30.8	33.7	33.8	29.1	25.3	15.7	9.3
227	38835	Shahrinau	68.35	38.57	852	1946	7.0	14.3	15.7	24.1	30.0	32.3	34.3	32.0	29.8	26.4	13.9	6.3
227	38835	Shahrinau	68.35	38.57	852	1947	8.0	9.7	19.0	21.9	26.0	31.1	34.0	33.6	28.2	22.3	19.9	11.5
227	38835	Shahrinau	68.35	38.57	852	1948	11.8	11.2	12.9	19.1	26.3	31.3	34.5	31.2	27.3	22.0	15.4	5.3
227	38835	Shahrinau	68.35	38.57	852	1949	3.9	8.1	12.7	20.3	25.6	28.4	35.2	30.7	27.5	18.2	12.8	10.1
227	38835	Shahrinau	68.35	38.57	852	1950	4.8	7.1	14.0	18.3	26.3	33.3	34.4	31.6	27.3	23.4	11.9	4.5
227	38835	Shahrinau	68.35	38.57	852	1951	5.0	4.4	12.5	19.3	26.3	29.6	33.8	32.8	29.5	24.2	15.0	12.9
227	38835	Shahrinau	68.35	38.57	852	1952	8.0	11.4	13.4	22.4	25.7	32.3	34.6	32.2	27.9	23.2	12.4	8.8
227	38835	Shahrinau	68.35	38.57	852	1953	8.8	14.2	12.7	19.8	25.9	31.7	34.7	31.6	27.9	19.1	12.2	7.0
227	38835	Shahrinau	68.35	38.57	852	1954	5.9	8.8	11.9	21.7	27.1	31.0	33.4	31.2	28.2	22.9	13.9	8.0
227	38835	Shahrinau	68.35	38.57	852	1955	10.6	13.3	14.4	20.2	24.6	31.0	34.9	33.3	28.6	21.8	19.6	11.8
227	38835	Shahrinau	68.35	38.57	852	1956	7.6	9.1	13.4	21.8	28.6	31.8	35.6	32.0	28.6	23.1	19.3	8.2
227	38835	Shahrinau	68.35	38.57	852	1957	2.9	6.0	15.4	17.9	25.2	30.6	32.8	31.3	27.8	20.4	12.4	8.7
227	38835	Shahrinau	68.35	38.57	852	1958	10.0	12.3	16.9	21.2	23.0	32.3	34.9	31.2	27.8	22.5	11.0	10.5
227	38835	Shahrinau	68.35	38.57	852	1959	9.1	6.6	14.5	23.4	25.1	31.6	32.9	32.9	30.4	23.8	12.6	5.6
227	38835	Shahrinau	68.35	38.57	852	1960	8.7	13.3	10.8	17.8	23.6	33.2	33.6	32.9	27.8	23.5	13.2	8.7
227	38835	Shahrinau	68.35	38.57	852	1961	8.7	6.3	15.0	19.8	29.6	32.7	34.2	31.9	28.3	20.3	15.7	10.4
227	38835	Shahrinau	68.35	38.57	852	1962	6.7	13.1	18.4	19.3	25.0	30.9	35.0	31.1	25.9	21.0	10.0	10.1
227	38835	Shahrinau	68.35	38.57	852	1963	12.7	13.1	15.6	21.7	25.1	32.8	33.6	31.0	27.9	24.2	15.3	9.9
227	38835	Shahrinau	68.35	38.57	852	1964	1.0	9.0	16.4	18.6	25.4	32.2	33.6	32.3	27.6	20.2	16.6	4.7
227	38835	Shahrinau	68.35	38.57	852	1965	7.4	7.3	12.8	20.2	26.8	32.1	33.4	31.5	27.2	23.9	17.8	12.1
227	38715	Shahristanskiy Pereval	68.58	39.57	3143	1938	-999.0	-999.0	-999.0	-999.0	-999.0	-999.0	-999.0	-999.0	-999.0	5.3	-1.3	-5.2
227	38715	Shahristanskiy Pereval	68.58	39.57	3143	1939	-6.9	-5.1	-2.3	2.1	10.2	14.7	15.9	16.6	12.3	6.4	0.7	-2.8
227	38715	Shahristanskiy Pereval	68.58	39.57	3143	1940	-3.7	-4.1	-2.5	5.3	9.0	14.9	15.6	15.1	11.0	6.8	2.5	-3.3
227	38715	Shahristanskiy Pereval	68.58	39.57	3143	1941	-6.5	-3.0	0.5	5.0	11.6	15.8	15.9	16.5	12.9	10.1	0.5	-4.2
227	38715	Shahristanskiy Pereval	68.58	39.57	3143	1942	-5.7	-7.2	-0.6	5.6	9.8	12.0	17.3	15.2	11.7	6.2	0.3	-5.0
227	38715	Shahristanskiy Pereval	68.58	39.57	3143	1943	-6.5	-6.0	-2.3	2.5	6.4	12.3	17.0	15.7	12.1	5.3	-1.4	-3.6
227	38715	Shahristanskiy Pereval	68.58	39.57	3143	1944	-5.9	-5.1	2.2	4.0	11.0	12.4	19.6	17.4	11.1	3.0	-1.6	-7.8
227	38715	Shahristanskiy Pereval	68.58	39.57	3143	1945	-7.7	-8.7	-2.4	4.9	8.0	12.4	15.9	15.5	12.6	8.1	-1.1	-4.1
227	38715	Shahristanskiy Pereval	68.58	39.57	3143	1946	-5.8	-1.7	-1.9	7.9	11.3	12.4	14.6	14.0	12.9	9.8	-0.3	-6.4
227	38715	Shahristanskiy Pereval	68.58	39.57	3143	1947	-5.9	-4.9	2.9	4.3	8.9	11.8	16.0	18.0	13.1	5.0	3.0	-3.6
227	38715	Shahristanskiy Pereval	68.58	39.57	3143	1948	-3.4	-4.5	-2.2	3.1	9.3	11.6	17.5	16.3	11.8	7.1	0.2	-7.4
227	38715	Shahristanskiy Pereval	68.58	39.57	3143	1949	-6.6	-6.4	-2.8	4.5	9.2	9.2	17.4	13.8	10.8	3.3	-3.1	-4.5
227	38715	Shahristanskiy Pereval	68.58	39.57	3143	1950	-7.3	-7.4	-2.5	0.4	8.7	12.9	17.2	16.6	11.5	6.4	-2.1	-6.4
227	38715	Shahristanskiy Pereval	68.58	39.57	3143	1951	-8.3	-7.6	-1.5	1.4	8.7	9.6	13.6	15.3	12.8	6.6	-0.1	-2.3
227	38715	Shahristanskiy Pereval	68.58	39.57	3143	1952	-5.5	-4.8	-3.0	5.8	8.2	12.6	15.1	15.5	11.6	7.5	-0.8	-4.8
227	38715	Shahristanskiy Pereval	68.58	39.57	3143	1953	-6.4	-1.6	-3.2	2.6	8.9	12.5	17.2	14.5	12.9	2.6	-2.5	-4.5
227	38715	Shahristanskiy Pereval	68.58	39.57	3143	1954	-7.8	-5.8	-2.2	5.1	9.0	11.2	12.9	13.0	11.9	4.9	-1.1	-4.1
227	38715	Shahristanskiy Pereval	68.58	39.57	3143	1955	-4.8	-4.3	-2.2	1.9	6.5	11.8	14.8	17.2	12.2	5.9	1.8	-3.5
227	38715	Shahristanskiy Pereval	68.58	39.57	3143	1956	-6.6	-5.4	-1.5	6.2	11.7	12.0	19.5	16.1	12.5	7.4	2.9	-5.0
227	38715	Shahristanskiy Pereval	68.58	39.57	3143	1957	-8.3	-7.1	-0.8	1.4	6.8	11.6	13.5	14.8	10.8	5.5	-1.7	-4.7
227	38715	Shahristanskiy Pereval	68.58	39.57	3143	1958	-3.3	-4.2	-0.7	4.9	6.3	12.8	16.2	13.1	12.1	5.4	-2.9	-3.7
227	38715	Shahristanskiy Pereval	68.58	39.57	3143	1959	-4.3	-8.0	-2.3	7.0	7.5	12.1	14.4	16.7	16.2	8.3	-2.3	-5.2
227	38715	Shahristanskiy Pereval	68.58	39.57	3143	1960	-4.2	-1.9	-4.2	1.9	6.0	13.6	15.0	17.1	10.7	6.4	-2.4	-2.5
227	38715	Shahristanskiy Pereval	68.58	39.57	3143	1961	-4.2	-9.0	-2.0	3.8	11.0	13.1	16.6	14.3	13.4	3.9	0.1	-4.4
227	38715	Shahristanskiy Pereval	68.58	39.57	3143	1962	-6.2	-3.5	2.0	3.2	6.6	11.7	16.3	15.0	9.9	4.7	-4.2	-3.6
227	38715	Shahristanskiy Pereval	68.58	39.57	3143	1963	-1.4	-2.5	-0.8	4.9	7.9	13.0	13.9	14.3	11.5	7.1	0.4	-2.5
227	38715	Shahristanskiy Pereval	68.58	39.57	3143	1964	-10.5	-5.5	0.7	1.3	7.4	12.1	13.8	15.4	11.3	4.6	0.3	-5.2
227	38715	Shahristanskiy Pereval	68.58	39.57	3143	1965	-4.7	-6.7	-1.8	3.6	9.4	13.3	15.1	15.0	9.9	6.4	1.0	-1.9
227	38715	Shahristanskiy Pereval	68.58	39.57	3143	1966	-1.0	-1.8	-2.7	2.5	7.1	15.1	15.2	14.4	10.6	3.7	0.8	-5.2
227	38715	Shahristanskiy Pereval	68.58	39.57	3143	1967	-6.9	-6.3	-1.3	3.4	6.2	12.7	15.5	16.0	11.8	3.9	0.9	-4.0
227	38715	Shahristanskiy Pereval	68.58	39.57	3143	1968	-7.2	-6.2	-2.0	4.0	5.6	12.5	15.5	16.1	12.8	4.7	-0.3	-5.6
227	38715	Shahristanskiy Pereval	68.58	39.57	3143	1969	-8.8	-7.5	0.5	3.6	8.4	12.4	14.4	14.7	9.8	6.0	0.6	-1.9
227	38715	Shahristanskiy Pereval	68.58	39.57	3143	1970	-5.4	-3.7	-1.9	6.5	11.0	13.8	13.5	17.0	11.7	7.3	1.6	-5.6
227	38715	Shahristanskiy Pereval	68.58	39.57	3143	1971	-5.3	-5.2	2.0	5.3	10.6	15.9	15.5	16.2	10.6	7.3	1.9	-1.0
227	38715	Shahristanskiy Pereval	68.58	39.57	3143	1972	-8.2	-9.9	-1.7	4.5	7.2	11.8	12.3	12.7	11.5	5.8	2.6	-5.7
227	38715	Shahristanskiy Pereval	68.58	39.57	3143	1973	-8.2	-3.4	-2.7	4.6	9.0	15.9	18.8	17.2	12.1	7.2	3.9	-2.7
227	38715	Shahristanskiy Pereval	68.58	39.57	3143	1974	-8.1	-7.3	-0.1	5.8	9.0	12.4	15.5	13.6	10.4	5.0	0.5	-5.8
227	38715	Shahristanskiy Pereval	68.58	39.57	3143	1975	-5.2	-6.7	-2.4	3.7	7.0	13.8	17.4	16.7	11.9	5.4	-2.2	-3.8
227	38715	Shahristanskiy Pereval	68.58	39.57	3143	1976	-4.7	-8.0	-3.5	3.6	9.2	12.3	17.3	17.8	11.8	4.7	-0.2	-4.2
227	38715	Shahristanskiy Pereval	68.58	39.57	3143	1977	-9.1	-4.7	3.6	6.9	7.8	15.1	17.4	16.6	12.5	6.0	1.8	-4.3
227	38715	Shahristanskiy Pereval	68.58	39.57	3143	1978	-7.5	-5.2	-3.3	5.3	10.5	14.6	18.2	17.6	13.8	6.6	-2.4	-2.0
227	38715	Shahristanskiy Pereval	68.58	39.57	3143	1979	-4.3	-4.1	-2.3	5.1	5.4	12.7	17.8	14.1	11.8	9.2	1.9	-3.5
227	38715	Shahristanskiy Pereval	68.58	39.57	3143	1980	-7.0	-7.0	-2.7	7.3	10.4	14.0	18.3	16.6	13.0	5.8	2.7	-0.3
227	38715	Shahristanskiy Pereval	68.58	39.57	3143	1981	-5.1	-4.1	0.5	5.8	10.5	11.1	14.0	13.2	11.8	3.5	1.3	-3.9
227	38715	Shahristanskiy Pereval	68.58	39.57	3143	1982	-5.5	-7.2	-2.6	6.6	9.9	13.3	14.8	14.6	8.8	4.9	-2.8	-3.9
227	38715	Shahristanskiy Pereval	68.58	39.57	3143	1983	-5.8	-4.5	-3.8	4.0	9.5	12.4	16.4	18.6	12.5	6.1	2.3	-5.0
227	38715	Shahristanskiy Pereval	68.58	39.57	3143	1984	-8.0	-10.7	-1.3	4.6	8.7	15.0	18.5	20.1	10.7	5.8	-0.4	-8.2
227	38715	Shahristanskiy Pereval	68.58	39.57	3143	1985	-5.8	-3.5	-2.8	6.9	7.5	13.9	18.3	14.7	13.7	4.7	0.4	-3.2
227	38715	Shahristanskiy Pereval	68.58	39.57	3143	1986	-4.6	-2.7	-3.9	3.4	8.2	12.2	16.8	15.2	13.0	6.9	-1.1	-4.8
227	38715	Shahristanskiy Pereval	68.58	39.57	3143	1987	-3.4	-3.3	-0.4	2.9	9.0	11.3	12.7	16.8	12.4	2.6	0.9	-0.4
227	38715	Shahristanskiy Pereval	68.58	39.57	3143	1988	-4.3	-3.4	-2.7	6.0	8.0	14.4	17.2	15.2	12.7	4.5	3.9	-2.4
227	38715	Shahristanskiy Pereval	68.58	39.57	3143	1989	-8.2	-9.6	-0.8	-999.0	6.6	12.4	14.9	15.6	12.8	8.3	-0.2	-2.6
227	38715	Shahristanskiy Pereval	68.58	39.57	3143	1990	-6.1	-5.9	-2.0	3.2	10.8	15.0	-999.0	17.0	15.2	6.7	3.3	-4.2
227	38966	Shaimak	74.62	37.53	3840	1959	-14.2	-6.5	-999.0	-999.0	-999.0	-999.0	-999.0	-999.0	17.9	8.9	-1.8	-5.4
227	38966	Shaimak	74.62	37.53	3840	1960	-9.1	-5.7	-3.3	2.1	6.6	12.5	19.3	19.3	12.3	5.5	-3.2	-10.7
227	38966	Shaimak	74.62	37.53	3840	1961	-10.6	-10.7	-2.0	3.4	9.7	13.8	19.8	18.3	16.8	3.3	-7.8	-12.7
227	38966	Shaimak	74.62	37.53	3840	1962	-10.0	-5.3	-0.5	5.8	8.7	13.5	15.3	15.3	9.4	3.1	-4.5	-8.0
227	38966	Shaimak	74.62	37.53	3840	1963	-10.0	-4.3	-5.2	4.4	10.3	15.0	17.9	18.3	13.1	6.6	-1.5	-4.8
227	38966	Shaimak	74.62	37.53	3840	1964	-11.4	-6.3	0.5	5.0	6.1	11.8	16.3	18.7	13.1	4.7	-2.3	-10.1
227	38966	Shaimak	74.62	37.53	3840	1965	-9.9	-12.0	-6.6	3.0	8.4	12.7	15.9	13.2	11.0	6.6	-0.2	-10.2
227	38966	Shaimak	74.62	37.53	3840	1966	-10.1	-4.9	-2.9	1.9	6.6	14.3	14.8	16.6	11.5	2.5	-4.0	-5.4
227	38966	Shaimak	74.62	37.53	3840	1967	-11.7	-6.3	-3.5	3.8	5.5	13.3	18.0	17.3	13.4	3.8	-2.0	-5.0
227	38966	Shaimak	74.62	37.53	3840	1968	-7.5	-7.1	0.7	6.2	7.6	14.1	17.8	17.3	13.1	4.3	-3.4	-7.5
227	38966	Shaimak	74.62	37.53	3840	1969	-7.1	-8.6	3.4	3.9	4.1	12.8	17.8	18.3	10.3	6.1	-5.5	-6.0
227	38966	Shaimak	74.62	37.53	3840	1970	-7.5	-6.8	-2.3	5.3	9.2	14.1	15.7	19.5	13.2	6.3	-2.6	-4.7
227	38966	Shaimak	74.62	37.53	3840	1971	-8.7	-5.4	1.4	6.9	10.4	17.4	19.2	18.3	9.9	3.9	-0.8	-3.8
227	38966	Shaimak	74.62	37.53	3840	1972	-4.7	-9.4	-0.6	3.6	8.1	13.4	14.7	16.1	11.9	4.8	-5.7	-6.7
227	38966	Shaimak	74.62	37.53	3840	1973	-11.3	-4.3	-3.3	4.2	8.8	16.3	20.1	20.2	14.3	4.3	0.9	-6.9
227	38966	Shaimak	74.62	37.53	3840	1974	-8.7	-8.1	-0.5	7.8	10.9	15.4	19.7	19.0	14.6	9.5	-1.0	-10.3
227	38966	Shaimak	74.62	37.53	3840	1975	-2.2	-9.2	-2.4	3.5	6.2	10.6	15.0	17.1	11.8	2.0	-11.0	-13.1
227	38966	Shaimak	74.62	37.53	3840	1976	-13.8	-7.9	-3.6	3.9	9.9	11.8	19.7	17.6	13.0	5.3	-1.8	-6.5
227	38966	Shaimak	74.62	37.53	3840	1977	-7.1	-6.3	0.9	6.9	9.0	14.2	20.6	18.4	12.3	6.4	-3.4	-8.7
227	38966	Shaimak	74.62	37.53	3840	1978	-13.8	-7.0	-5.0	5.4	12.1	17.6	19.3	19.2	14.6	7.3	-5.3	-5.5
227	38966	Shaimak	74.62	37.53	3840	1979	-999.0	-3.4	-1.5	8.1	6.7	13.9	18.6	15.7	11.2	8.2	0.6	-5.3
227	38966	Shaimak	74.62	37.53	3840	1980	-7.4	-5.0	-2.4	6.5	10.7	15.6	18.0	16.5	11.8	7.3	-1.0	-9.1
227	38966	Shaimak	74.62	37.53	3840	1981	-8.8	-3.9	0.4	3.6	12.3	13.2	16.8	17.2	11.4	3.7	-3.3	-5.4
227	38966	Shaimak	74.62	37.53	3840	1982	-5.2	-5.8	-1.1	3.4	9.6	12.4	16.8	18.3	10.0	6.0	-2.7	-11.4
227	38966	Shaimak	74.62	37.53	3840	1983	-11.2	-9.6	-4.9	3.3	10.6	11.7	16.2	20.5	13.9	4.2	-1.1	-5.5
227	38966	Shaimak	74.62	37.53	3840	1984	-8.7	-8.4	1.5	3.9	8.7	16.2	17.9	21.4	11.1	5.2	-0.1	-7.7
227	38966	Shaimak	74.62	37.53	3840	1985	-9.6	-4.3	0.3	6.3	7.8	11.7	19.2	16.4	12.7	4.4	-6.6	-15.3
227	38966	Shaimak	74.62	37.53	3840	1986	-21.1	-13.1	-7.3	0.0	7.6	12.6	17.2	14.8	11.0	6.0	-1.0	-8.9
227	38966	Shaimak	74.62	37.53	3840	1987	-9.4	-4.0	-999.0	1.3	7.6	11.3	13.7	16.8	13.5	0.6	-4.6	-13.4
227	38966	Shaimak	74.62	37.53	3840	1988	-10.2	-9.0	-3.7	4.9	10.3	14.2	19.8	16.7	13.4	3.9	1.8	-4.7
227	38966	Shaimak	74.62	37.53	3840	1989	-8.8	-7.2	0.7	2.7	6.9	11.6	15.2	14.1	12.1	4.0	-7.4	-10.4
227	38966	Shaimak	74.62	37.53	3840	1990	-8.4	-999.0	-6.9	-0.9	10.6	14.2	10.7	17.9	15.7	5.7	0.7	-6.2
227	38852	Tavildara	70.48	38.70	1616	1932	-999.0	-999.0	-999.0	-999.0	-999.0	-999.0	-999.0	-999.0	-999.0	17.2	8.8	-0.8
227	38852	Tavildara	70.48	38.70	1616	1933	-5.1	1.7	5.6	13.9	23.2	24.2	31.6	31.4	26.8	18.6	10.5	3.2
227	38852	Tavildara	70.48	38.70	1616	1934	-6.3	3.3	7.1	13.8	15.7	25.0	28.5	29.9	23.5	17.3	7.1	3.7
227	38852	Tavildara	70.48	38.70	1616	1935	-4.5	1.9	-999.0	-999.0	-999.0	-999.0	-999.0	30.0	-999.0	15.8	-999.0	-999.0
227	38852	Tavildara	70.48	38.70	1616	1936	-999.0	-999.0	-999.0	-999.0	-999.0	-999.0	-999.0	-999.0	-999.0	-999.0	-999.0	-999.0
227	38852	Tavildara	70.48	38.70	1616	1937	-999.0	-999.0	-999.0	-999.0	-999.0	-999.0	-999.0	-999.0	-999.0	-999.0	-999.0	-999.0
227	38852	Tavildara	70.48	38.70	1616	1938	-999.0	-999.0	-999.0	-999.0	-999.0	-999.0	-999.0	-999.0	-999.0	-999.0	-999.0	-999.0
227	38852	Tavildara	70.48	38.70	1616	1939	-999.0	-999.0	-999.0	-999.0	-999.0	27.5	29.7	30.7	26.4	17.8	9.8	5.3
227	38852	Tavildara	70.48	38.70	1616	1940	1.4	2.6	6.7	17.2	20.8	27.6	30.1	29.4	24.4	18.3	11.5	3.7
227	38852	Tavildara	70.48	38.70	1616	1941	-0.7	4.8	9.4	16.4	23.6	29.0	30.1	30.8	26.4	23.1	10.7	3.5
227	38852	Tavildara	70.48	38.70	1616	1942	-0.2	0.8	8.2	17.5	21.5	24.3	30.5	29.3	25.3	18.8	10.5	3.3
227	38852	Tavildara	70.48	38.70	1616	1943	-0.6	2.1	6.1	14.0	18.9	25.6	30.8	29.9	25.6	17.5	8.3	3.4
227	38852	Tavildara	70.48	38.70	1616	1944	-999.0	-999.0	11.2	16.7	23.2	25.2	33.3	31.5	24.4	15.6	9.0	-1.6
227	38852	Tavildara	70.48	38.70	1616	1945	-3.0	-1.7	3.1	13.2	20.0	24.6	29.3	29.7	26.8	20.7	8.3	-0.6
227	38852	Tavildara	70.48	38.70	1616	1946	0.8	4.6	8.7	18.8	23.0	25.6	29.4	29.2	26.3	-999.0	8.7	0.3
227	38852	Tavildara	70.48	38.70	1616	1947	-1.3	2.3	12.1	17.8	21.5	26.4	30.2	32.1	26.7	17.2	11.7	5.1
227	38852	Tavildara	70.48	38.70	1616	1948	-999.0	-999.0	-999.0	13.2	20.6	24.2	30.6	29.9	25.1	18.9	10.0	-1.1
227	38852	Tavildara	70.48	38.70	1616	1949	-2.4	0.3	5.2	14.4	20.9	21.0	30.3	27.1	24.5	15.9	7.0	2.1
227	38852	Tavildara	70.48	38.70	1616	1950	-1.2	-1.3	7.5	12.8	21.2	26.3	31.0	30.4	25.1	18.4	6.6	-1.5
227	38852	Tavildara	70.48	38.70	1616	1951	-2.0	-2.0	5.9	12.6	20.2	23.4	27.1	29.0	26.5	17.7	10.0	6.9
227	38852	Tavildara	70.48	38.70	1616	1952	0.3	2.4	5.2	15.7	-999.0	25.3	29.0	29.4	25.2	19.8	9.1	1.2
227	38852	Tavildara	70.48	38.70	1616	1952	-2.3	3.4	-999.0	13.8	18.4	25.1	30.4	29.3	24.0	17.3	5.7	2.3
227	38852	Tavildara	70.48	38.70	1616	1953	-0.6	4.8	5.6	13.3	20.7	25.3	31.3	29.1	26.2	14.0	6.8	2.4
227	38852	Tavildara	70.48	38.70	1616	1954	-1.3	0.7	5.5	16.0	19.9	24.1	26.4	27.3	25.5	18.5	8.4	0.5
227	38852	Tavildara	70.48	38.70	1616	1955	1.3	4.8	7.6	14.2	18.9	24.6	28.5	31.1	25.8	18.3	11.8	5.0
227	38852	Tavildara	70.48	38.70	1616	1956	-1.0	1.9	5.8	15.4	24.0	25.4	33.6	30.0	26.6	19.3	13.6	2.6
227	38852	Tavildara	70.48	38.70	1616	1957	-1.4	-1.8	7.0	12.5	18.5	23.7	27.6	28.7	24.4	17.1	7.1	0.9
227	38852	Tavildara	70.48	38.70	1616	1958	2.0	1.8	8.4	15.2	17.4	24.9	30.0	27.8	26.5	17.2	7.6	3.4
227	38852	Tavildara	70.48	38.70	1616	1959	-0.3	0.4	7.5.	17.6	18.3	25.1	29.2	31.6	30.3	21.5	8.2	2.0
227	38852	Tavildara	70.48	38.70	1616	1960	1.6	6.0	6.7	13.0	18.1	26.6	29.8	31.5	25.1	19.2	7.6	3.1
227	38852	Tavildara	70.48	38.70	1616	1961	1.8	0.5	6.6	15.8	23.9	27.5	32.3	29.9	27.3	17.9	9.8	0.5
227	38852	Tavildara	70.48	38.70	1616	1962	-2.3	3.4	-999.0	13.8	18.4	25.1	30.4	29.3	24.0	17.3	5.7	2.3
227	38852	Tavildara	70.48	38.70	1616	1963	2.7	5.9	9.0	16.8	20.1	25.8	28.9	29.2	25.0	20.3	10.1	3.8
227	38852	Tavildara	70.48	38.70	1616	1964	-4.8	1.4	8.3	13.3	19.1	24.6	27.8	29.4	25.0	18.0	11.1	2.0
227	38852	Tavildara	70.48	38.70	1616	1965	2.5	0.5	7.0	13.4	21.7	25.6	29.2	28.7	24.0	18.2	10.8	4.4
227	38852	Tavildara	70.48	38.70	1616	1966	6.6	7.0	7.4	14.0	19.3	28.6	29.3	29.8	24.9	14.7	9.7	3.2
227	38852	Tavildara	70.48	38.70	1616	1967	-0.3	2.5	8.7	14.6	17.8	25.2	29.9	29.9	25.8	15.3	8.8	3.9
227	38852	Tavildara	70.48	38.70	1616	1968	0.6	2.6	8.5	16.5	17.2	25.0	29.5	30.0	26.2	17.0	9.3	-0.2
227	38852	Tavildara	70.48	38.70	1616	1969	-2.4	-1.1	6.6	12.3	19.6	24.4	27.2	28.2	23.6	16.8	9.2	5.7
227	38852	Tavildara	70.48	38.70	1616	1970	1.0	4.7	8.0	17.9	22.4	27.0	27.4	31.7	25.7	19.4	12.4	2.9
227	38852	Tavildara	70.48	38.70	1616	1971	-1.2	3.4	11.4	17.3	22.7	29.0	30.3	29.8	24.2	19.7	10.6	7.4
227	38852	Tavildara	70.48	38.70	1616	1972	0.0	-4.2	5.8	14.1	19.5	22.5	25.9	27.0	24.9	18.5	12.4	2.6
227	38852	Tavildara	70.48	38.70	1616	1973	-1.4	3.7	6.0	-999.0	20.5	28.6	32.2	31.5	25.5	19.5	13.4	5.7
227	38852	Tavildara	70.48	38.70	1616	1974	-0.5	-0.1	8.7	17.5	20.7	25.5	29.5	27.5	24.8	17.9	10.3	1.6
227	38852	Tavildara	70.48	38.70	1616	1975	-1.5	1.6	7.2	15.6	18.9	26.1	31.2	31.2	25.8	18.8	7.2	2.8
227	38852	Tavildara	70.48	38.70	1616	1976	2.5	1.3	5.9	14.1	22.1	25.8	32.0	31.9	26.2	16.1	9.4	4.7
227	38852	Tavildara	70.48	38.70	1616	1977	-2.2	1.6	12.0	18.2	18.9	28.0	31.3	30.4	26.4	17.7	11.7	2.1
227	38852	Tavildara	70.48	38.70	1616	1978	-999.0	1.7	6.4	17.0	22.1	27.2	31.3	30.9	27.8	18.9	6.7	5.1
227	38852	Tavildara	70.48	38.70	1616	1979	3.3	6.0	8.1	17.2	17.8	25.5	31.8	29.1	25.8	21.9	11.7	4.7
227	38852	Tavildara	70.48	38.70	1616	1980	0.6	1.8	6.3	16.9	22.0	27.5	32.1	30.6	26.7	20.0	12.8	-999.0
227	38852	Tavildara	70.48	38.70	1616	1981	2.4	2.8	9.0	17.6	23.0	24.0	28.1	27.7	25.6	15.8	11.4	4.8
227	38852	Tavildara	70.48	38.70	1616	1982	2.7	0.7	7.5	18.4	21.9	25.8	29.5	29.3	23.4	16.0	6.6	2.5
227	38852	Tavildara	70.48	38.70	1616	1983	1.5	4.9	7.1	16.3	21.1	24.1	-999.0	-999.0	26.0	19.2	12.9	-999.0
227	38852	Tavildara	70.48	38.70	1616	1984	1.1	-1.6	8.0	15.5	20.5	28.7	32.3	33.9	-999.0	18.2	9.7	-999.0
227	38852	Tavildara	70.48	38.70	1616	1985	0.4	4.3	7.2	18.7	20.3	27.2	31.8	28.6	26.8	17.9	10.4	3.9
227	38852	Tavildara	70.48	38.70	1616	1986	2.3	5.5	7.1	15.5	19.9	25.0	30.6	29.8	26.4	19.6	9.2	0.8
227	38852	Tavildara	70.48	38.70	1616	1987	2.0	5.4	9.9	13.9	-999.0	24.0	26.5	30.0	25.8	14.1	11.7	6.9
227	38852	Tavildara	70.48	38.70	1616	1988	2.5	4.5	6.9	17.3	20.3	26.6	31.4	28.8	26.8	16.8	14.1	5.5
227	38852	Tavildara	70.48	38.70	1616	1989	-1.1	-0.6	9.1	13.9	19.3	25.3	27.6	28.8	26.0	20.7	9.1	5.7
227	38852	Tavildara	70.48	38.70	1616	1990	1.4	2.9	7.2	14.3	22.5	28.0	30.3	32.0	29.3	19.3	13.0	3.5
227	38713	Uratyube	68.98	39.90	1004	1930	-999.0	-999.0	-999.0	16.1	26.1	29.5	32.9	28.8	20.5	16.3	14.6	3.0
227	38713	Uratyube	68.98	39.90	1004	1931	3.1	-1.5	11.0	18.2	20.0	27.1	30.4	29.6	26.6	17.2	9.2	4.6
227	38713	Uratyube	68.98	39.90	1004	1932	2.9	5.3	12.8	20.0	21.5	28.3	31.8	27.7	24.4	16.2	7.3	-0.8
227	38713	Uratyube	68.98	39.90	1004	1933	1.0	5.7	7.3	16.9	25.1	27.6	32.7	30.7	24.8	17.6	12.3	6.1
227	38713	Uratyube	68.98	39.90	1004	1934	-3.3	6.9	10.3	14.0	17.5	27.9	29.7	30.4	21.4	16.1	7.1	5.1
227	38713	Uratyube	68.98	39.90	1004	1935	-0.2	7.2	9.4	17.5	22.4	24.6	31.6	31.8	23.8	17.9	6.1	4.3
227	38713	Uratyube	68.98	39.90	1004	1936	2.2	6.0	7.7	15.7	23.3	29.7	30.8	28.4	25.9	21.9	12.3	3.4
227	38713	Uratyube	68.98	39.90	1004	1937	1.4	6.5	8.0	13.8	22.0	28.5	32.7	31.6	26.4	17.3	7.5	5.1
227	38713	Uratyube	68.98	39.90	1004	1938	4.8	6.3	7.6	20.0	25.7	28.5	29.3	30.1	24.9	17.1	9.0	4.6
227	38713	Uratyube	68.98	39.90	1004	1939	3.9	5.4	9.0	14.2	23.8	31.6	33.3	30.1	25.5	18.0	11.1	9.5
227	38713	Uratyube	68.98	39.90	1004	1940	6.2	6.6	8.3	19.6	22.5	31.0	32.5	30.5	25.3	19.5	12.1	8.6
227	38713	Uratyube	68.98	39.90	1004	1941	3.4	8.9	13.6	17.9	25.8	31.8	30.8	30.8	25.8	22.4	11.4	6.7
227	38713	Uratyube	68.98	39.90	1004	1942	4.6	2.1	10.4	16.3	23.7	28.7	32.3	29.2	24.1	18.7	11.8	5.9
227	38713	Uratyube	68.98	39.90	1004	1943	4.0	3.7	6.1	15.2	21.9	28.0	33.3	30.1	24.2	16.5	8.6	6.2
227	38713	Uratyube	68.98	39.90	1004	1944	4.7	8.4	16.6	17.6	27.0	29.4	35.2	30.7	24.9	16.4	9.9	-1.4
227	38713	Uratyube	68.98	39.90	1004	1945	1.0	1.4	7.5	18.1	22.1	27.6	30.8	32.1	26.1	20.4	9.0	6.0
227	38713	Uratyube	68.98	39.90	1004	1946	4.0	10.3	11.4	19.2	26.6	28.6	30.9	29.2	27.0	20.6	8.3	3.3
227	38713	Uratyube	68.98	39.90	1004	1947	4.6	5.7	15.6	18.7	22.1	27.6	31.3	31.3	25.3	17.8	15.1	6.7
227	38713	Uratyube	68.98	39.90	1004	1948	7.8	7.4	9.3	14.6	23.6	29.3	33.3	31.3	23.9	17.4	11.3	2.1
227	38713	Uratyube	68.98	39.90	1004	1949	3.2	4.5	8.4	16.1	21.1	26.3	32.0	28.9	23.1	14.2	7.4	6.6
227	38713	Uratyube	68.98	39.90	1004	1950	2.1	4.0	10.9	15.8	25.4	29.8	31.9	30.8	25.1	17.7	7.3	2.8
227	38713	Uratyube	68.98	39.90	1004	1951	0.9	1.0	8.3	18.2	23.6	26.1	31.1	30.0	26.0	17.7	10.3	9.0
227	38713	Uratyube	68.98	39.90	1004	1952	5.4	8.2	9.2	17.3	22.2	27.9	31.9	31.0	24.6	19.0	6.3	5.0
227	38713	Uratyube	68.98	39.90	1004	1953	5.3	10.5	9.2	15.5	23.3	28.5	32.7	29.9	26.0	13.6	6.8	3.3
227	38713	Uratyube	68.98	39.90	1004	1954	2.6	4.1	7.3	17.5	22.7	26.3	30.5	29.3	25.2	19.8	9.8	5.0
227	38713	Uratyube	68.98	39.90	1004	1955	7.3	9.7	10.1	16.0	23.0	29.0	31.4	31.3	25.1	17.9	14.2	8.9
227	38713	Uratyube	68.98	39.90	1004	1956	4.5	5.7	8.7	18.5	24.1	27.8	33.9	30.6	24.7	19.0	14.9	4.6
227	38713	Uratyube	68.98	39.90	1004	1957	0.9	2.8	11.4	14.1	22.7	28.2	29.6	29.1	25.9	16.6	9.3	6.4
227	38713	Uratyube	68.98	39.90	1004	1958	6.9	8.8	12.9	15.6	19.9	29.3	32.0	28.2	24.0	17.3	5.8	6.7
227	38713	Uratyube	68.98	39.90	1004	1959	6.0	2.6	8.0	19.7	22.7	28.4	29.4	29.7	27.8	18.9	7.3	2.3
227	38713	Uratyube	68.98	39.90	1004	1960	5.6	9.5	5.1	14.2	19.3	28.9	29.3	29.8	23.6	18.6	8.8	5.9
227	38713	Uratyube	68.98	39.90	1004	1961	5.6	2.7	11.2	16.6	26.6	29.0	31.6	29.7	25.4	15.6	11.7	8.1
227	38713	Uratyube	68.98	39.90	1004	1962	3.2	9.0	15.3	16.4	22.2	27.6	32.2	29.5	23.1	17.0	5.3	6.0
227	38713	Uratyube	68.98	39.90	1004	1963	9.7	10.2	11.1	18.9	21.9	29.3	30.2	28.5	24.7	20.0	11.3	7.2
227	38713	Uratyube	68.98	39.90	1004	1964	0.5	4.6	11.9	14.5	21.9	28.3	30.0	29.7	24.7	16.1	13.4	2.7
227	38713	Uratyube	68.98	39.90	1004	1965	4.3	4.5	9.7	17.1	25.6	29.0	31.8	30.1	24.1	18.2	13.1	8.2
227	38713	Uratyube	68.98	39.90	1004	1966	10.3	10.2	9.5	15.9	21.9	30.6	31.0	30.1	24.9	15.9	9.9	7.3
227	38713	Uratyube	68.98	39.90	1004	1967	5.7	4.2	11.4	16.6	21.9	28.3	30.6	29.5	24.4	16.2	12.1	7.9
227	38713	Uratyube	68.98	39.90	1004	1968	6.1	5.1	11.3	15.5	22.3	27.9	30.5	30.1	25.0	18.3	11.8	5.0
227	38713	Uratyube	68.98	39.90	1004	1969	-1.9	-0.5	10.1	16.2	21.0	27.3	29.1	28.3	24.1	17.3	10.1	10.2
227	38713	Uratyube	68.98	39.90	1004	1970	4.2	8.9	10.1	18.4	24.6	28.4	29.9	30.2	24.3	18.6	13.8	5.9
227	38713	Uratyube	68.98	39.90	1004	1971	2.9	5.7	13.7	17.2	24.7	29.9	31.3	29.2	25.2	19.8	15.0	11.2
227	38713	Uratyube	68.98	39.90	1004	1972	0.4	-1.4	7.4	17.5	21.6	27.2	28.2	27.1	24.1	19.6	14.4	2.2
227	38713	Uratyube	68.98	39.90	1004	1973	-1.1	7.9	8.2	18.3	22.4	30.1	32.0	29.7	23.1	19.4	15.0	8.2
227	38713	Uratyube	68.98	39.90	1004	1974	0.0	1.5	9.8	17.6	24.3	28.8	31.4	27.4	24.4	19.0	12.8	3.9
227	38713	Uratyube	68.98	39.90	1004	1975	4.8	4.8	10.8	18.5	24.0	30.2	32.6	30.4	25.5	17.4	8.0	6.0
227	38713	Uratyube	68.98	39.90	1004	1976	7.3	2.6	7.2	17.2	24.0	28.6	32.1	31.6	24.7	15.9	8.7	5.5
227	38713	Uratyube	68.98	39.90	1004	1977	-0.8	6.9	14.4	21.4	24.8	30.0	31.0	29.5	26.2	16.7	12.7	5.8
227	38713	Uratyube	68.98	39.90	1004	1978	3.8	4.1	9.2	19.2	22.4	28.4	31.5	28.9	27.5	19.9	7.7	10.1
227	38713	Uratyube	68.98	39.90	1004	1979	4.4	8.7	9.9	17.1	19.9	28.2	32.1	29.4	25.4	22.2	11.8	9.5
227	38713	Uratyube	68.98	39.90	1004	1980	3.7	2.7	9.2	20.5	25.0	29.3	32.6	29.3	25.8	17.8	15.1	10.5
227	38713	Uratyube	68.98	39.90	1004	1981	6.7	6.3	12.9	17.9	22.6	27.1	30.1	28.7	25.0	15.1	13.0	8.4
227	38713	Uratyube	68.98	39.90	1004	1982	6.4	4.4	8.8	21.0	25.2	28.8	30.5	29.1	24.3	17.1	6.3	6.5
227	38713	Uratyube	68.98	39.90	1004	1983	4.9	9.8	9.2	18.4	23.6	28.8	32.8	31.4	24.4	17.8	14.5	-999.0
227	38713	Uratyube	68.98	39.90	1004	1984	2.8	-1.5	10.2	17.2	23.5	30.0	32.8	32.6	24.3	17.5	11.3	-0.9
227	38713	Uratyube	68.98	39.90	1004	1985	3.8	8.4	7.7	19.9	23.7	30.2	32.2	28.6	26.8	17.0	11.1	6.7
227	38713	Uratyube	68.98	39.90	1004	1986	7.1	7.1	7.3	17.5	25.3	28.7	32.0	30.2	27.9	20.0	10.8	5.9
227	38713	Uratyube	68.98	39.90	1004	1987	7.9	8.1	12.2	15.2	-999.0	27.8	29.3	31.5	24.7	12.5	10.7	10.5
227	38713	Uratyube	68.98	39.90	1004	1988	4.9	5.6	9.2	19.2	21.5	30.5	32.2	29.1	25.4	18.3	16.1	10.0
227	38713	Uratyube	68.98	39.90	1004	1989	2.1	1.4	12.1	16.3	21.2	29.1	31.5	30.5	24.7	20.8	10.8	9.1
227	38713	Uratyube	68.98	39.90	1004	1990	2.4	5.6	10.6	15.9	24.5	31.2	30.4	30.6	27.6	18.6	14.4	5.2
231	38601	Ablyk	69.93	42.95	845	1935	-0.1	-999.0	11.0	19.9	24.4	25.6	32.0	32.6	24.9	20.3	7.4	6.2
231	38601	Ablyk	69.93	42.95	845	1936	4.0	8.3	9.9	-999.0	-999.0	-999.0	30.9	29.1	28.0	24.3	15.3	5.3
231	38601	Ablyk	69.93	42.95	845	1937	2.9	9.2	10.8	15.9	23.8	29.4	33.0	33.0	28.8	19.9	10.5	6.6
231	38601	Ablyk	69.93	42.95	845	1938	7.2	9.1	9.6	22.4	27.5	30.2	30.9	32.0	27.4	19.6	12.0	6.2
231	38601	Ablyk	69.93	42.95	845	1939	5.0	7.8	11.5	16.7	25.5	32.1	34.2	31.3	27.0	19.6	14.4	12.2
231	38601	Ablyk	69.93	42.95	845	1940	7.1	8.1	10.8	-999.0	-999.0	-999.0	34.6	32.4	27.3	21.6	15.1	10.5
231	38601	Ablyk	69.93	42.95	845	1941	5.0	11.6	16.5	20.6	27.6	33.3	32.3	32.4	27.8	24.4	14.0	8.9
231	38601	Ablyk	69.93	42.95	845	1942	6.0	2.6	12.7	19.2	24.8	29.4	33.7	30.8	25.8	21.1	14.1	7.8
231	38601	Ablyk	69.93	42.95	845	1943	4.4	3.8	8.4	17.7	23.6	29.1	34.7	32.3	26.3	18.6	11.7	7.7
231	38601	Ablyk	69.93	42.95	845	1944	6.5	11.2	19.1	20.4	27.8	31.0	36.5	32.4	26.5	18.2	12.0	0.1
231	38601	Ablyk	69.93	42.95	845	1945	2.4	1.5	9.2	19.9	23.9	29.6	32.1	34.1	27.5	23.6	10.6	7.2
231	38601	Ablyk	69.93	42.95	845	1946	4.9	12.7	12.8	20.4	27.5	29.8	32.4	30.9	28.4	23.2	10.2	3.5
231	38601	Ablyk	69.93	42.95	845	1947	4.7	7.3	18.0	20.3	23.1	-999.0	-999.0	33.1	27.6	19.6	17.7	9.0
231	38601	Ablyk	69.93	42.95	845	1948	11.4	10.1	11.6	17.3	25.4	29.9	35.0	32.6	26.0	20.0	14.1	2.5
231	38601	Ablyk	69.93	42.95	845	1949	3.1	6.3	11.0	19.1	22.6	27.2	33.2	30.6	25.0	17.4	10.4	9.1
231	38601	Ablyk	69.93	42.95	845	1950	4.7	6.3	13.6	18.0	27.1	31.3	33.4	32.2	27.2	20.7	8.4	1.9
231	38601	Ablyk	69.93	42.95	845	1951	2.5	17.4	10.4	20.2	25.5	27.7	32.7	32.4	28.2	19.0	12.9	11.3
231	38601	Ablyk	69.93	42.95	845	1952	7.8	10.4	12.3	19.5	23.9	29.8	33.9	33.5	26.9	21.2	7.1	5.8
231	38601	Ablyk	69.93	42.95	845	1953	6.4	12.3	10.9	17.4	24.1	29.6	33.5	30.9	27.4	15.6	7.9	4.7
231	38601	Ablyk	69.93	42.95	845	1954	2.7	5.3	8.3	19.9	24.7	27.9	32.3	30.3	26.8	21.5	11.0	5.3
231	38601	Ablyk	69.93	42.95	845	1955	9.0	10.9	11.5	17.9	24.5	30.7	33.3	32.9	27.3	19.8	16.3	9.3
231	38601	Ablyk	69.93	42.95	845	1956	4.1	7.2	11.1	21.0	26.2	29.3	35.3	31.8	26.4	20.5	17.5	5.9
231	38601	Ablyk	69.93	42.95	845	1957	0.9	4.0	13.6	16.4	24.6	29.5	31.6	31.6	28.1	18.2	10.3	7.7
231	38601	Ablyk	69.93	42.95	845	1958	8.5	11.5	15.3	17.8	21.1	31.1	34.3	30.3	26.1	19.6	8.4	7.8
231	38601	Ablyk	69.93	42.95	845	1959	7.7	4.7	10.1	21.6	24.4	29.9	30.8	31.6	29.9	20.5	9.0	-999.0
231	38601	Ablyk	69.93	42.95	845	1960	6.8	11.4	7.2	16.5	20.5	30.6	31.1	31.9	25.5	20.6	11.3	6.9
231	38601	Ablyk	69.93	42.95	845	1961	5.1	4.8	13.3	18.9	28.4	31.0	33.8	32.2	27.6	17.0	14.3	10.3
231	38601	Ablyk	69.93	42.95	845	1962	5.0	11.2	17.5	18.3	24.7	29.9	35.0	32.2	25.3	19.5	6.7	7.4
231	38601	Ablyk	69.93	42.95	845	1963	11.2	12.5	13.7	20.4	23.6	31.6	32.6	30.5	26.4	22.1	13.4	8.4
231	38601	Ablyk	69.93	42.95	845	1964	2.2	6.4	14.1	16.6	23.9	30.1	31.9	31.8	26.2	17.9	15.9	3.8
231	38601	Ablyk	69.93	42.95	845	1965	5.2	6.6	11.7	19.5	27.2	31.0	33.9	31.9	26.4	20.8	14.6	10.8
231	38818	Akrabat	66.83	38.25	1599	1950	-999.0	-999.0	-999.0	-999.0	-999.0	-999.0	-999.0	28.5	22.3	17.1	7.0	-999.0
231	38818	Akrabat	66.83	38.25	1599	1951	0.8	0.6	7.2	13.0	20.2	24.0	28.5	28.0	24.3	18.2	10.6	8.2
231	38818	Akrabat	66.83	38.25	1599	1952	3.8	6.2	7.5	16.4	19.5	26.1	30.0	28.6	22.9	17.4	7.6	4.3
231	38818	Akrabat	66.83	38.25	1599	1953	3.3	9.0	7.3	14.1	20.3	25.5	31.0	28.1	23.8	13.8	7.3	4.6
231	38818	Akrabat	66.83	38.25	1599	1954	1.5	3.9	б.б	15.5	21.3	25.0	28.0	26.5	-999.0	-999.0	-999.0	-999.0
231	38818	Akrabat	66.83	38.25	1599	1955	-999.0	-999.0	-999.0	-999.0	-999.0	-999.0	-999.0	-999.0	-999.0	16.2	13.6	7.1
231	38818	Akrabat	66.83	38.25	1599	1956	3.1	4.0	8.0	15.8	22.6	25.8	32.9	28.5	23.6	16.9	13.3	3.9
231	38818	Akrabat	66.83	38.25	1599	1957	-0.1	1.5	9.4	11.5	19.0	25.3	27.6	27.3	22.6	14.8	7.8	4.4
231	38818	Akrabat	66.83	38.25	1599	1958	5.4	6.2	11.0	15.9	17.8	26.8	30.6	27.0	23.4	16.5	5.8	6.3
231	38818	Akrabat	66.83	38.25	1599	1959	4.2	1.3	8.8	17.5	20.0	26.6	28.6	29.5	27.2	18.0	7.1	2.3
231	38818	Akrabat	66.83	38.25	1599	1960	4.2	8.6	5.1	11.1	17.1	26.9	28.7	29.3	22.6	17.1	7.5	6.6
231	38818	Akrabat	66.83	38.25	1599	1961	3.7	0.8	9.2	12.7	23.5	26.9	30.7	28.3	24.2	14.3	10.2	5.4
231	38818	Akrabat	66.83	38.25	1599	1962	1.9	6.8	12.1	13.2	18.7	25.1	30.3	27.4	21.1	15.1	5.3	5.6
231	38818	Akrabat	66.83	38.25	1599	1963	7.5	8.2	9.7	15.8	18.5	26.9	28.5	27.2	23.1	18.4	10.3	6.3
231	38818	Akrabat	66.83	38.25	1599	1964	-2.2	3.5	10.7	12.4	19.4	26.1	28.5	28.6	22.8	14.0	10.5	1.7
231	38818	Akrabat	66.83	38.25	1599	1965	3.3	1.7	6.7	13.6	21.2	26.3	30.0	28.0	21.7	17.9	12.3	7.1
231	38818	Akrabat	66.83	38.25	1599	1966	9.5	8.1	7.7	13.6	20.2	29.3	29.2	28.0	22.7	14.0	8.2	5.7
231	38818	Akrabat	66.83	38.25	1599	1967	3.3	2.9	9.1	12.8	17.9	25.8	29.2	28.3	23.0	14.0	9.2	5.0
231	38818	Akrabat	66.83	38.25	1599	1968	2.9	2.4	8.2	12.8	17.3	26.1	29.5	28.5	23.9	-999.0	9.9	3.2
231	38818	Akrabat	66.83	38.25	1599	1969	-1.1	-0.8	9.6	13.5	18.1	25.8	28.2	27.9	21.9	16.0	7.7	7.9
231	38818	Akrabat	66.83	38.25	1599	1970	2.9	6.3	7.4	16.4	23.2	27.5	28.4	29.9	22.9	17.4	12.4	4.7
231	38818	Akrabat	66.83	38.25	1599	1971	0.8	4.4	10.9	15.8	24.2	29.0	29.1	27.8	22.3	16.6	11.8	9.8
231	38818	Akrabat	66.83	38.25	1599	1972	-0.6	-4.7	5.9	14.6	18.1	24.5	26.3	25.1	22.9	17.5	12.8	1.0
231	38818	Akrabat	66.83	38.25	1599	1973	-1.1	5.8	6.6	15.2	20.4	29.1	31.4	29.4	21.9	17.9	13.2	5.7
231	38818	Akrabat	66.83	38.25	1599	1974	1.0	-7.0	-999.0	-999.0	20.1	28.4	32.6	30.4	-999.0	15.8	11.0	-999.0
231	38818	Akrabat	66.83	38.25	1599	1975	-999.0	1.9	7.2	13.4	20.1	28.4	32.6	30.4	24.2	-999.0	-999.0	4.8
231	38818	Akrabat	66.83	38.25	1599	1976	5.7	0.4	5.1	13.9	20.4	26.4	31.5	-999.0	-999.0	15.5	7.6	3.1
231	38818	Akrabat	66.83	38.25	1599	1977	-2.0	4.8	13.0	17.0	20.9	29.2	30.3	27.5	23.0	15.6	10.9	5.5
231	38818	Akrabat	66.83	38.25	1599	1978	1.2	2.7	5.5	16.8	21.6	26.9	30.6	28.9	25.2	17.6	6.9	8.9
231	38818	Akrabat	66.83	38.25	1599	1979	4.1	5.7	6.4	15.9	16.8	25.9	31.9	27.7	24.2	19.8	9.6	6.2
231	38818	Akrabat	66.83	38.25	1599	1980	1.6	0.9	7.5	17.5	22.5	28.3	37.3	28.8	23.8	16.3	12.8	8.7
231	38818	Akrabat	66.83	38.25	1599	1981	3.4	4.1	10.2	14.8	20.2	24.5	28.6	27.0	23.6	13.9	11.7	7.2
231	38818	Akrabat	66.83	38.25	1599	1982	4.0	2.0	7.0	17.2	22.1	26.7	28.7	27.5	21.1	15.3	6.1	3.8
231	38818	Akrabat	66.83	38.25	1599	1983	3.6	5.7	5.8	14.4	21.7	27.1	31.6	30.7	24.1	16.2	14.0	4.4
231	38818	Akrabat	66.83	38.25	1599	1984	1.2	-3.2	9.1	15.7	21.6	28.5	32.5	32.8	22.6	15.8	10.5	-0.9
231	38818	Akrabat	66.83	38.25	1599	1985	2.4	7.1	6.3	17.3	21.3	29.0	31.8	27.2	25.0	15.9	11.0	5.4
231	38818	Akrabat	66.83	38.25	1599	1986	5.1	6.0	4.8	14.7	22.0	26.9	31.0	28.3	24.7	18.2	9.2	3.3
231	38818	Akrabat	66.83	38.25	1599	1987	6.6	5.9	10.2	13.0	21.4	26.0	27.4	30.1	23.5	11.8	11.9	10.1
231	38818	Akrabat	66.83	38.25	1599	1988	4.4	4.6	8.1	17.5	20.4	28.6	31.0	27.3	23.4	16.1	15.1	8.0
231	38818	Akrabat	66.83	38.25	1599	1989	0.3	-0.8	9.3	13.8	17.9	26.6	29.6	28.5	23.9	19.1	10.2	7.5
231	38818	Akrabat	66.83	38.25	1599	1990	1.6	2.6	7.7	13.5	23.3	29.2	29.1	30.0	26.2	16.9	13.5	3.7
231		Amankutan	66.88	39.23	1200	1932	-999.0	-999.0	-999.0	-999.0	-999.0	27.8	30.9	28.1	25.2	-999.0	-999.0	-999.0
231		Amankutan	66.88	39.23	1200	1933	-999.0	7.6	8.0	16.3	24.9	26.4	31.2	29.9	25.4	-999.0	13.1	7.8
231		Amankutan	66.88	39.23	1200	1934	-2.5	9.I	9.7	14.4	16.1	26.3	28.2	29.3	21.9	17.0	8.8	-999.0
231		Amankutan	66.88	39.23	1200	1935	1.0	8.3	10.5	16.8	21.3	23.1	28.6	29.8	23.9	18.0	8.8	6.1
231		Amankutan	66.88	39.23	1200	1936	3.1	7.3	8.0	15.3	22.6	28.3	29.0	27.9	26.3	21.7	12.3	4.1
231		Amankutan	66.88	39.23	1200	1937	2.5	7.б	7.6	14.1	21.3	26.5	30.6	30.6	25.4	17.9	10.0	7.0
231		Amankutan	66.88	39.23	1200	1938	5.5	7.3	7.8	18.7	24.3	26.4	28.2	29.0	24.8	18.5	10.4	6.8
231		Amankutan	66.88	39.23	1200	1939	5.2	5.9	8.8	13.7	22.1	28.9	30.8	28.9	25.0	18.6	12.6	9.7
231		Amankutan	66.88	39.23	1200	1940	7.2	7.9	8.4	18.3	22.0	29.0	30.5	29.2	24.4	20.3	14.2	9.7
231		Amankutan	66.88	39.23	1200	1941	5.6	10.6	14.3	17.5	24.4	29.2	29.8	29.8	26.0	22.7	13.4	8.1
231		Amankutan	66.88	39.23	1200	1942	-999.0	3.8	12.4	17.0	22.8	26.1	29.9	27.9	24.7	19.8	14.6	6.4
231		Amankutan	66.88	39.23	1200	1943	5.2	5.0	6.8	15.4	20.4	25.7	30.6	28.4	-999.0	-999.0	-999.0	-999.0
231		Amankutan	66.88	39.23	1200	1944	-999.0	-999.0	-999.0	-999.0	-999.0	-999.0	-999.0	29.8	24.8	-999.0	-999.0	-999.0
231		Amankutan	66.88	39.23	1200	1945	-999.0	-999.0	-999.0	-999.0	-999.0	-999.0	-999.0	-999.0	-999.0	-999.0	-999.0	-999.0
231		Amankutan	66.88	39.23	1200	1946	-999.0	-999.0	-999.0	-999.0	-999.0	-999.0	29.6	27.7	26.7	21.4	9.6	4.7
231		Amankutan	66.88	39.23	1200	1947	6.6	6.9	15.3	17.8	21.4	26.6	29.9	30.4	25.8	18.5	16.4	8.5
231		Amankutan	66.88	39.23	1200	1948	9.3	8.7	10.1	14.6	22.8	27.9	31.5	30.8	24.8	18.3	12.5	3.5
231		Amankutan	66.88	39.23	1200	1949	4.1	5.3	9.0	16.7	20.5	24.7	30.2	27.9	24.2	14.5	8.6	8.7
231		Amankutan	66.88	39.23	1200	1950	4.4	6.3	11.4	14.7	22.4	27.4	30.5	29.6	24.8	19.2	8.9	3.6
231		Amankutan	66.88	39.23	1200	1951	3.6	3.4	9.5	16.5	22.3	25.5	29.8	29.8	26.3	19.6	12.1	10.1
231		Amankutan	66.88	39.23	1200	1952	6.2	9.2	10.3	17.8	21.1	26.9	30.8	30.3	24.6	19.8	8.2	6.7
231		Amankutan	66.88	39.23	1200	1953	7.0	11.5	9.0	14.9	21.8	26.8	30.1	28.5	25.4	15.0	8.5	4.1
231		Amankutan	66.88	39.23	1200	1954	4.4	5.2	7.6	17.0	22.1	25.5	29.6	28.2	25.3	19.2	10.4	7.0
231		Amankutan	66.88	39.23	1200	1955	7.7	10.2	10.9	16.1	24.0	26.8	30.5	30.1	25.5	18.4	15.5	9.2
231		Amankutan	66.88	39.23	1200	1956	5.7	7.2	9.2	18.1	23.6	26.6	31.4	29.8	25.1	19.4	15.8	6.6
231		Amankutan	66.88	39.23	1200	1957	1.5	5.2	11.9	13.2	21.2	26.4	29.1	28.6	25.4	17.0	10.2	6.8
231		Amankutan	66.88	39.23	1200	1958	8.4	9.5	14.2	17.6	19.6	28.5	30.9	28.2	25.4	18.4	7.0	8.4
231		Amankutan	66.88	39.23	1200	1959	7.3	4.0	9.4	19.9	21.6	27.1	28.6	29.3	28.2	20.0	8.9	4.4
231		Amankutan	66.88	39.23	1200	1960	7.4	10.2	6.3	13.8	18.7	27.6	28.5	29.7	24.1	18.8	9.8	7.9
231		Amankutan	66.88	39.23	1200	1961	6.3	2.9	11.3	15.2	24.8	27.7	30.4	28.4	25.3	16.2	12.6	9.0
231		Amankutan	66.88	39.23	1200	1962	4.6	9.5	14.5	15.2	20.8	26.3	30.8	28.6	23.0	16.8	6.3	7.9
231		Amankutan	66.88	39.23	1200	1963	10.7	10.5	11.8	18.1	20.5	27.6	28.9	28.0	25.0	20.1	11.9	8.3
231	38827	Baisun	67.20	38.20	1241	1933	-999.0	-999.0	9.5	-999.0	-999.0	29.2	34.5	32.3	26.6	19.8	14.3	9.2
231	38827	Baisun	67.20	38.20	1241	1934	-0.3	10.6	12.0	16.0	17.7	29.1	31.4	31.4	23.9	18.7	11.3	8.0
231	38827	Baisun	67.20	38.20	1241	1935	1.8	9.5	12.0	17.6	22.5	25.0	32.6	32.6	25.8	19.5	11.1	7.4
231	38827	Baisun	67.20	38.20	1241	1936	4.3	9.0	9.2	17.0	25.9	31.6	32.3	30.4	28.1	22.7	13.9	5.2
231	38827	Baisun	67.20	38.20	1241	1937	4.4	9.2	9.7	15.6	23.7	30.2	33.5	32.4	27.0	19.8	12.5	8.6
231	38827	Baisun	67.20	38.20	1241	1938	7.0	7.8	9.8	20.2	27.9	29.6	30.9	31.1	25.7	19.6	11.7	8.2
231	38827	Baisun	67.20	38.20	1241	1939	6.2	7.7	10.4	14.9	24.6	32.7	33.3	31.9	27.2	19.9	15.2	11.7
231	38827	Baisun	67.20	38.20	1241	1940	8.8	9.2	9.5	18.7	24.3	32.1	33.1	31.0	26.2	21.3	16.1	10.0
231	38827	Baisun	67.20	38.20	1241	1941	6.3	11.1	15.4	19.0	26.4	32.8	31.6	31.7	27.1	23.7	15.3	10.6
231	38827	Baisun	67.20	38.20	1241	1942	7.1	4.1	13.8	18.9	24.6	27.9	33.6	30.5	25.9	21.0	16.2	8.0
231	38827	Baisun	67.20	38.20	1241	1943	6.6	7.4	9.4	16.5	21.6	28.8	33.9	31.3	25.9	19.1	12.3	10.3
231	38827	Baisun	67.20	38.20	1241	1944	7.2	9.1	16.8	18.9	27.1	30.0	-999.0	-999.0	26.1	19.4	14.3	2.6
231	38827	Baisun	67.20	38.20	1241	1945	5.0	4.8	10.7	17.6	22.2	29.7	32.8	32.7	-999.0	-999.0	-999.0	-999.0
231	38827	Baisun	67.20	38.20	1241	1946	-999.0	-999.0	-999.0	-999.0	28.5	30.0	31.8	30.7	27.5	23.7	11.9	6.2
231	38827	Baisun	67.20	38.20	1241	1947	8.0	8.6	15.9	19.1	24.5	28.8	32.8	33.5	26.7	20.0	18.2	10.3
231	38827	Baisun	67.20	38.20	1241	1948	11.1	9.7	11.1	16.3	24.9	29.2	33.8	31.5	26.0	19.8	14.1	5.2
231	38827	Baisun	67.20	38.20	1241	1949	5.2	7.1	10.5	18.0	23.7	26.6	34.1	29.4	25.8	16.0	10.4	10.0
231	38827	Baisun	67.20	38.20	1241	1950	6.2	7.2	11.6	15.0	24.1	30.7	33.5	31.7	25.7	20.7	11.0	3.7
231	38827	Baisun	67.20	38.20	1241	1951	5.1	5.1	10.4	16.5	23.9	27.7	31.5	31.3	27.6	22.1	14.1	11.8
231	38827	Baisun	67.20	38.20	1241	1952	7.6	10.4	11.3	19.9	23.1	29.7	32.9	31.5	26.0	20.5	10.8	8.3
231	38827	Baisun	67.20	38.20	1241	1953	7.9	13.4	11.1	17.3	23.6	29.4	33.6	30.7	26.7	17.3	11.3	7.6
231	38827	Baisun	67.20	38.20	1241	1954	5.8	7.9	10.0	19.1	25.4	28.6	31.1	30.0	26.5	20.1	12.1	8.4
231	38827	Baisun	67.20	38.20	1241	1955	8.8	11.6	12.5	17.8	22.2	27.7	32.0	32.6	27.1	19.5	17.9	10.7
231	38827	Baisun	67.20	38.20	1241	1956	7.3	8.3	11.5	19.0	25.6	28.4	34.7	31.1	26.6	20.3	17.3	7.4
231	38827	Baisun	67.20	38.20	1241	1957	4.1	6.3	13.0	13.0	22.5	27.8	30.1	29.9	25.3	18.1	11.8	8.2
231	38827	Baisun	67.20	38.20	1241	1958	9.6	10.4	15.1	18.9	21.4	29.8	32.8	29.7	26.4	20.0	9.3	9.8
231	38827	Baisun	67.20	38.20	1241	1959	9.1	6.3	12.5	21.0	23.0	29.5	31.8	32.7	30.2	21.8	10.8	5.8
231	38827	Baisun	67.20	38.20	1241	1960	8.4	12.2	8.8	14.5	20.8	29.8	31.2	31.8	25.9	20.7	11.5	9.2
231	38827	Baisun	67.20	38.20	1241	1961	7.1	4.7	12.8	16.2	26.5	29.6	33.0	30.9	27.3	18.0	14.2	9.7
231	38827	Baisun	67.20	38.20	1241	1962	6.0	10.8	15.4	16.6	22.6	27.9	33.0	30.6	24.4	18.8	8.4	10.3
231	38827	Baisun	67.20	38.20	1241	1963	12.3	11.8	13.4	19.2	22.3	30.4	31.5	30.3	26.5	22.1	14.2	10.4
231	38827	Baisun	67.20	38.20	1241	1964	2.6	8.1	14.5	16.1	22.9	29.2	31.2	31.3	26.1	17.9	15.0	5.2
231	38827	Baisun	67.20	38.20	1241	1965	6.6	5.9	10.6	17.1	24.3	29.3	32.4	31.0	25.4	21.6	16.3	11.2
231	38702	Bogarnoe	67.45	39.93	748	1931	2.7	-3.7	12.8	19.6	21.9	29.5	33.8	32.5	29.3	19.3	9.4	4.4
231	38702	Bogarnoe	67.45	39.93	748	1932	3.2	9.1	14.1	21.8	24.3	31.4	34.7	30.0	26.6	18.1	8.7	-1.6
231	38702	Bogarnoe	67.45	39.93	748	1933	-1.1	6.8	8.2	18.7	27.3	30.1	35.7	33.2	27.0	19.6	13.0	7.8
231	38702	Bogarnoe	67.45	39.93	748	1934	-4.6	8.5	12.0	15.6	19.6	30.2	32.2	32.9	24.5	18.8	8.7	5.5
231	38702	Bogarnoe	67.45	39.93	748	1935	-999.0	-999.0	11.8	20.3	25.4	27.0	34.1	34.3	26.2	20.8	6.7	4.9
231	38702	Bogarnoe	67.45	39.93	748	1936	3.0	7.0	10.0	17.8	25.5	33.3	33.5	31.0	28.1	24.7	13.7	4.0
231	38702	Bogarnoe	67.45	39.93	748	1937	1.3	7.4	8.5	15.5	24.4	31.4	35.5	34.4	28.8	19.4	8.6	3.9
231	38702	Bogarnoe	67.45	39.93	748	1938	5.4	8.9	9.3	22.1	28.8	31.9	31.9	32.6	27.9	19.2	11.5	4.6
231	38702	Bogarnoe	67.45	39.93	748	1939	5.0	6.6	10.5	16.3	25.7	34.6	36.3	32.3	27.6	20.1	12.4	10.1
231	38702	Bogarnoe	67.45	39.93	748	1940	6.7	8.2	10.5	22.2	26.0	33.8	35.3	33.0	27.7	21.6	13.6	10.8
231	38702	Bogarnoe	67.45	39.93	748	1941	5.8	10.4	15.3	19.7	28.1	34.7	33.5	33.1	28.2	24.4	12.8	7.4
231	38702	Bogarnoe	67.45	39.93	748	1942	6.9	2.6	13.4	17.6	25.0	31.7	35.2	31.4	26.1	21.0	13.2	6.4
231	38702	Bogarnoe	67.45	39.93	748	1943	3.0	3.4	6.8	17.3	24.0	30.1	35.2	32.0	25.9	18.2	10.1	7.8
231	38702	Bogarnoe	67.45	39.93	748	1944	6.1	10.1	17.9	19.2	28.3	32.1	37.2	32.8	26.3	19.1	11.7	-2.8
231	38702	Bogarnoe	67.45	39.93	748	1945	1.3	0.6	8.5	19.0	24.0	30.2	32.9	34.6	27.4	23.1	11.2	8.3
231	38702	Bogarnoe	67.45	39.93	748	1946	3.5	12.2	13.6	21.9	29.9	31.6	33.3	31.2	28.4	22.6	10.5	2.2
231	38702	Bogarnoe	67.45	39.93	748	1947	4.6	6.0	17.0	20.2	23.9	29.7	33.2	33.1	27.2	21.1	16.3	7.8
231	38702	Bogarnoe	67.45	39.93	748	1948	9.7	9.8	11.5	16.7	25.8	31.6	35.8	33.5	26.5	19.9	13.3	3.1
231	38702	Bogarnoe	67.45	39.93	748	1949	2.4	5.7	10.4	17.7	22.6	29.4	34.6	31.6	25.0	15.7	7.7	6.5
231	38702	Bogarnoe	67.45	39.93	748	1950	2.7	3.9	13.6	18.3	28.0	32.4	34.0	32.3	26.7	20.1	7.9	1.6
231	38702	Bogarnoe	67.45	39.93	748	1951	1.6	-1.0	8.6	20.2	25.8	29.0	33.9	32.3	28.0	18.5	10.9	8.7
231	38702	Bogarnoe	67.45	39.93	748	1952	6.0	10.1	11.1	18.4	23.4	30.7	34.9	33.4	26.3	21.0	5.0	4.5
231	38702	Bogarnoe	67.45	39.93	748	1953	6.7	12.3	11.4	17.4	25.4	30.5	35.1	32.2	28.1	15.9	7.4	3.3
231	38702	Bogarnoe	67.45	39.93	748	1954	4.0	4.7	7.2	18.4	24.9	27.7	33.5	31.8	26.9	21.8	9.8	3.3
231	38702	Bogarnoe	67.45	39.93	748	1955	8.0	12.1	11.2	18.3	25.3	31.6	34.5	33.8	27.2	19.6	15.7	9.4
231	38702	Bogarnoe	67.45	39.93	748	1956	3.5	5.9	9.8	20.4	26.0	30.2	36.4	33.1	26.5	20.5	16.6	4.7
231	38702	Bogarnoe	67.45	39.93	748	1957	-0.4	1.8	12.7	16.6	25.4	30.7	32.4	31.7	28.1	17.9	10.2	5.6
231	38702	Bogarnoe	67.45	39.93	748	1958	7.6	11.2	15.2	16.8	22.0	32.0	34.8	30.9	26.6	19.7	7.4	7.3
231	38702	Bogarnoe	67.45	39.93	748	1959	6.0	4.1	9.1	22.1	24.5	31.0	32.2	32.2	30.0	20.7	7.3	1.2
231	38702	Bogarnoe	67.45	39.93	748	1960	7.5	10.3	5.5	16.3	21.8	31.8	32.4	32.3	25.6	21.2	9.6	5.3
231	38702	Bogarnoe	67.45	39.93	748	1961	5.7	4.5	13.8	18.2	28.9	32.3	34.4	32.5	27.5	16.8	13.4	9.5
231	38702	Bogarnoe	67.45	39.93	748	1962	3.5	10.3	16.9	17.7	25.4	31.4	35.5	32.1	24.6	16.3	6.4	6.8
231	38702	Bogarnoe	67.45	39.93	748	1963	9.6	11.3	13.5	21.2	24.3	32.3	33.6	31.2	27.3	22.0	12.0	6.6
231	38702	Bogarnoe	67.45	39.93	748	1964	0.2	6.0	14.5	16.2	23.5	30.6	32.8	31.7	26.6	17.6	15.3	2.9
231	38702	Bogarnoe	67.45	39.93	748	1965	2.8	6.2	11.6	19.1	27.1	31.6	39.3	31.9	26.4	20.3	14.8	9.3
231	38464	Charvak	70.00	41.60	974	1918	-999.0	-999.0	-999.0	15.1	24.5	29.8	30.8	31.4	26.7	19.3	8.2	0.2
231	38464	Charvak	70.00	41.60	974	1919	-1.9	4.5	8.5	19.5	23.8	27.6	31.5	32.2	23.9	19.9	14.4	5.9
231	38464	Charvak	70.00	41.60	974	1920	-999.0	0.4	8.0	13.8	21.0	26.9	30.4	29.7	24.7	17.3	7.0	-1.3
231	38464	Charvak	70.00	41.60	974	1921	2.2	2.0	7.1	16.5	20.4	25.5	31.0	28.7	25.4	17.8	-999.0	5.3
231	38464	Charvak	70.00	41.60	974	1922	2.6	4.5	10.8	19.2	22.5	28.2	31.7	30.9	27.5	19.4	14.8	7.4
231	38464	Charvak	70.00	41.60	974	1923	2.7	3.1	-999.0	-999.0	23.6	28.8	30.9	33.1	23.0	16.8	11.6	4.4
231	38464	Charvak	70.00	41.60	974	1924	4.0	5.4	10.3	18.0	20.1	26.6	32.0	31.1	25.7	19.8	10.6	4.2
231	38464	Charvak	70.00	41.60	974	1925	0.0	1.7	13.7	16.9	25.4	30.5	33.3	30.6	27.2	20.4	11.4	11.0
231	38464	Charvak	70.00	41.60	974	1926	4.6	5.0	13.0	15.6	24.7	26.9	29.1	32.2	26.1	19.6	7.7	5.7
231	38464	Charvak	70.00	41.60	974	1927	-0.6	3.1	7.8	19.8	24.4	30.0	33.7	31.1	25.7	23.2	11.6	5.4
231	38464	Charvak	70.00	41.60	974	1928	-0.7	4.7	6.7	16.3	24.3	29.4	30.1	28.8	-999.0	19.2	12.3	3.2
231	38464	Charvak	70.00	41.60	974	1929	-1.4	2.0	10.7	22.3	22.3	27.0	31.3	30.8	26.9	17.6	11.6	-2.0
231	38464	Charvak	70.00	41.60	974	1930	-1.7	2.5	9.9	17.0	23.7	29.7	33.5	29.6	22.9	17.8	14.4	13.0
231	38464	Charvak	70.00	41.60	974	1931	2.1	-2.3	9.8	19.1	21.1	27.2	30.2	30.5	29.2	19.0	9.7	4.4
231	38464	Charvak	70.00	41.60	974	1932	2.7	4.0	14.2	21.5	22.7	29.0	32.3	28.9	26.4	18.2	8.5	-1.7
231	38464	Charvak	70.00	41.60	974	1933	0.1	4.2	7.4	18.9	26.8	28.0	33.9	32.3	27.0	18.5	13.2	3.8
231	38464	Charvak	70.00	41.60	974	1934	-3.9	6.0	10.3	14.7	19.6	28.6	30.2	30.2	22.6	18.4	9.4	4.6
231	38464	Charvak	70.00	41.60	974	1935	-2.5	6.6	8.6	18.7	24.2	25.0	31.8	33.1	24.6	19.5	6.8	2.6
231	38464	Charvak	70.00	41.60	974	1936	0.7	6.3	7.9	17.4	24.4	30.2	30.9	29.0	27.5	23.4	14.0	3.6
231	38464	Charvak	70.00	41.60	974	1937	0.3	6.3	8.8	15.4	22.7	28.6	33.2	32.6	28.0	19.3	8.4	4.4
231	38464	Charvak	70.00	41.60	974	1938	4.1	5.7	8.1	21.9	26.9	29.6	30.5	31.2	26.8	19.2	10.2	3.4
231	38464	Charvak	70.00	41.60	974	1939	2.4	3.9	8.8	16.0	25.1	31.2	33.7	31.4	27.9	19.2	12.4	8.2
231	38464	Charvak	70.00	41.60	974	1940	4.7	5.9	9.6	21.0	22.9	31.0	33.1	31.9	26.2	19.5	13.4	7.3
231	38464	Charvak	70.00	41.60	974	1941	2.0	6.8	13.8	18.8	26.6	32.0	31.2	31.7	27.5	24.1	10.3	4.6
231	38464	Charvak	70.00	41.60	974	1942	3.7	1.4	10.0	18.1	24.2	28.8	33.2	31.4	25.9	20.6	12.3	5.5
231	38464	Charvak	70.00	41.60	974	1943	3.0	3.4	7.3	16.9	22.9	28.5	34.1	31.0	25.8	17.5	8.5	5.6
231	38464	Charvak	70.00	41.60	974	1944	3.1	7.4	17.3	19.6	26.1	29.7	34.7	31.6	25.7	16.7	10.4	3.0
231	38464	Charvak	70.00	41.60	974	1945	-999.0	-999.0	7.1	19.3	24.6	29.4	31.7	33.0	27.4	23.2	9.4	5.2
231	38464	Charvak	70.00	41.60	974	1946	-999.0	-999.0	-999.0	-999.0	-999.0	28.6	31.3	30.3	27.8	21.8	8.5	1.9
231	38464	Charvak	70.00	41.60	974	1947	2.4	4.5	15.8	19.6	22.0	26.7	31.0	31.4	26.1	17.9	14.9	5.5
231	38464	Charvak	70.00	41.60	974	1948	6.5	5.6	9.0	16.0	24.3	28.3	33.6	31.4	24.6	19.3	12.2	0.4
231	38464	Charvak	70.00	41.60	974	1949	1.1	3.5	8.0	17.4	22.0	25.8	31.6	28.9	23.7	15.6	8.7	5.6
231	38464	Charvak	70.00	41.60	974	1950	1.9	3.2	11.5	17.6	25.2	29.9	31.9	31.5	26.4	19.1	6.6	-0.3
231	38464	Charvak	70.00	41.60	974	1951	3.0	-0.3	6.8	19.4	24.5	25.5	30.7	31.2	27.1	17.7	11.0	8.1
231	38464	Charvak	70.00	41.60	974	1952	4.2	6.5	8.7	17.9	23.3	28.2	32.1	31.8	25.9	20.3	6.2	3.2
231	38464	Charvak	70.00	41.60	974	1953	3.4	8.3	9.0	17.0	24.2	28.2	33.2	30.2	27.1	15.1	5.9	3.1
231	38464	Charvak	70.00	41.60	974	1954	0.7	3.4	7.0	18.8	24.0	26.5	30.6	29.1	26.4	21.0	10.9	3.2
231	38464	Charvak	70.00	41.60	974	1955	5.9	7.4	10.0	17.0	24.3	29.6	31.3	32.1	26.5	19.7	13.3	6.9
231	38464	Charvak	70.00	41.60	974	1956	1.8	4.6	9.4	19.7	24.5	27.7	35.1	32.0	26.3	20.7	15.7	4.3
231	38464	Charvak	70.00	41.60	974	1957	-0.4	2.8	11.7	16.6	23.9	28.5	29.8	29.9	27.2	18.0	8.9	5.1
231	38464	Charvak	70.00	41.60	974	1958	5.1	6.6	12.0	16.9	20.5	29.4	32.3	28.7	25.2	19.1	6.7	5.1
231	38464	Charvak	70.00	41.60	974	1959	3.9	2.1	7.9	19.9	24.3	28.6	29.5	30.1	30.2	19.5	7.4	1.5
231	38464	Charvak	70.00	41.60	974	1960	2.9	7.3	5.2	15.3	19.7	29.3	29.9	31.2	25.2	20.2	9.9	6.3
231	38464	Charvak	70.00	41.60	974	1961	6.3	4.0	10.5	19.1	27.6	29.3	33.6	32.2	27.8	16.0	12.2	5.5
231	38464	Charvak	70.00	41.60	974	1962	2.5	7.4	17.0	17.8	23.1	28.2	34.2	32.0	25.6	18.6	5.7	3.8
231	38464	Charvak	70.00	41.60	974	1963	6.0	9.6	12.7	19.4	22.9	29.7	30.9	29.4	25.7	21.4	11.4	4.5
231	38464	Charvak	70.00	41.60	974	1964	-0.7	3.8	11.3	16.0	23.4	28.4	30.4	31.2	25.7	17.6	13.6	2.8
231	38464	Charvak	70.00	41.60	974	1965	3.5	3.0	9.7	18.9	25.9	29.5	33.5	31.9	25.7	19.3	12.0	8.7
231	38819	Dehkanabad	66.50	38.35	937	1933	-999.0	-999.0	-999.0	-999.0	30.1	32.0	37.1	35.7	29.5	21.9	15.6	10.2
231	38819	Dehkanabad	66.50	38.35	937	1934	-1.8	12.7	13.8	17.9	20.4	32.2	34.3	34.9	26.8	-999.0	12.9	-999.0
231	38819	Dehkanabad	66.50	38.35	937	1935	3.7	-999.0	-999.0	-999.0	-999.0	-999.0	36.3	36.1	28.6	22.2	12.0	10.1
231	38819	Dehkanabad	66.50	38.35	937	1936	7.1	11.2	11.9	19.9	28.7	34.6	34.7	33.1	30.6	-999.0	-999.0	-999.0
231	38819	Dehkanabad	66.50	38.35	937	1937	-999.0	-999.0	-999.0	-999.0	-999.0	-999.0	-999.0	-999.0	-999.0	-999.0	-999.0	-999.0
231	38819	Dehkanabad	66.50	38.35	937	1938	-999.0	-999.0	-999.0	-999.0	-999.0	-999.0	-999.0	-999.0	-999.0	22.2	13.9	10.6
231	38819	Dehkanabad	66.50	38.35	937	1939	8.7	10.4	13.2	17.5	27.4	35.5	36.3	34.5	29.1	22.6	16.6	14.0
231	38819	Dehkanabad	66.50	38.35	937	1940	10.4	11.8	11.6	22.6	27.4	35.2	35.8	34.0	28.7	23.9	17.9	13.3
231	38819	Dehkanabad	66.50	38.35	937	1941	8.9	14.3	17.9	21.5	30.2	36.0	34.5	34.1	30.4	26.3	17.8	12.3
231	38819	Dehkanabad	66.50	38.35	937	1942	10.2	6.6	16.1	20.4	28.2	32.5	37.1	33.2	28.3	23.8	18.5	9.9
231	38819	Dehkanabad	66.50	38.35	937	1943	8.2	8.3	10.8	19.1	25.6	32.0	37.1	34.1	28.2	20.6	14.8	12.2
231	38819	Dehkanabad	66.50	38.35	937	1944	9.9	12.7	19.7	21.5	30.3	33.2	39.4	-999.0	-999.0	21.9	16.3	2.5
231	38819	Dehkanabad	66.50	38.35	937	1945	5.9	6.1	13.0	21.0	25.7	-999.0	-999.0	-999.0	-999.0	-999.0	-999.0	-999.0
231	38819	Dehkanabad	66.50	38.35	937	1946	-999.0	-999.0	-999.0	-999.0	31.9	32.8	34.5	33.6	30.7	25.4	12.7	6.7
231	38819	Dehkanabad	66.50	38.35	937	1947	10.2	10.8	18.5	22.0	-999.0	-999.0	36.1	36.9	29.3	23.3	21.2	12.4
231	38819	Dehkanabad	66.50	38.35	937	1948	13.8	13.5	13.8	20.1	29.1	33.0	37.6	34.6	28.6	22.3	16.5	6.2
231	38819	Dehkanabad	66.50	38.35	937	1949	5.7	9.8	12.2	19.6	25.4	30.7	37.2	32.3	28.4	18.2	12.6	12.2
231	38819	Dehkanabad	66.50	38.35	937	1950	6.7	9.7	15.4	18.3	27.8	33.0	35.7	34.0	27.9	23.1	11.7	6.4
231	38819	Dehkanabad	66.50	38.35	937	1951	5.6	6.7	13.0	20.4	27.5	30.4	34.6	33.9	30.0	23.2	16.2	13.7
231	38819	Dehkanabad	66.50	38.35	937	1952	9.7	13.0	14.4	22.2	26.0	32.5	35.8	34.4	28.6	23.4	11.8	9.5
231	38819	Dehkanabad	66.50	38.35	937	1953	10.3	15.8	13.5	19.8	27.0	32.5	36.7	33.6	29.6	19.6	12.9	6.6
231	38819	Dehkanabad	66.50	38.35	937	1954	8.4	9.4	11.6	21.1	28.6	31.1	34.3	32.8	29.1	23.6	13.9	9.4
231	38819	Dehkanabad	66.50	38.35	937	1955	11.1	14.9	14.5	21.0	26.3	32.6	35.6	36.0	30.0	22.3	20.8	13.2
231	38819	Dehkanabad	66.50	38.35	937	1956	8.8	10.5	13.3	22.5	29.2	31.8	38.5	34.3	29.1	23.1	20.5	9.7
231	38819	Dehkanabad	66.50	38.35	937	1957	4.2	7.5	15.7	17.9	26.6	31.8	33.2	33.1	28.9	20.6	13.1	9.3
231	38819	Dehkanabad	66.50	38.35	937	1958	11.6	13.5	18.1	21.4	24.8	33.1	36.5	33.0	28.8	22.0	10.1	11.4
231	38819	Dehkanabad	66.50	38.35	937	1959	9.8	7.1	13.5	24.2	27.1	32.8	34.2	35.0	32.5	23.4	12.6	6.1
231	38819	Dehkanabad	66.50	38.35	937	1960	11.0	14.9	10.0	17.7	24.0	33.3	34.1	34.7	28.3	23.0	14.2	8.1
231	38819	Dehkanabad	66.50	38.35	937	1961	9.4	7.3	16.1	18.8	30.4	33.1	36.3	34.0	29.5	20.1	16.4	13.3
231	38819	Dehkanabad	66.50	38.35	937	1962	7.4	13.9	18.4	19.8	26.1	31.9	36.1	33.4	26.8	21.1	9.6	11.4
231	38819	Dehkanabad	66.50	38.35	937	1963	14.3	14.5	16.0	22.8	25.7	33.6	34.2	32.6	29.0	24.4	16.1	10.8
231	38819	Dehkanabad	66.50	38.35	937	1964	2.6	10.6	17.4	18.8	25.9	32.1	34.3	33.9	28.6	19.2	17.6	5.9
231	38819	Dehkanabad	66.50	38.35	937	1965	7.1	9.2	13.2	20.3	29.0	33.0	36.1	34.1	27.8	23.7	18.3	13.0
231	38829	Denau	67.90	38.27	516	1931	8.0	4.6	17.7	24.3	25.7	33.1	37.3	36.5	32.9	25.1	16.0	9.4
231	38829	Denau	67.90	38.27	516	1932	7.5	13.2	18.6	25.0	27.5	35.2	38.8	33.9	30.8	23.7	15.5	3.9
231	38829	Denau	67.90	38.27	516	1933	2.6	13.1	13.2	22.3	31.0	34.0	39.4	36.7	31.4	25.2	18.3	11.2
231	38829	Denau	67.90	38.27	516	1934	0.0	14.4	17.8	21.2	23.3	34.2	36.7	36.6	29.5	23.7	15.9	11.2
231	38829	Denau	67.90	38.27	516	1935	4.0	13.6	16.6	23.5	28.4	29.8	37.3	37.1	30.8	24.5	14.6	11.0
231	38829	Denau	67.90	38.27	516	1936	8.7	13.8	14.1	22.7	30.6	36.4	37.6	35.4	32.8	28.0	19.1	9.0
231	38829	Denau	67.90	38.27	516	1937	6.0	13.1	14.9	20.6	29.1	35.3	38.5	36.8	31.4	24.2	16.9	11.2
231	38829	Denau	67.90	38.27	516	1938	9.3	12.3	14.8	25.8	33.3	35.0	36.2	35.9	31.0	24.5	16.2	11.1
231	38829	Denau	67.90	38.27	516	1939	9.0	11.0	15.0	20.2	30.5	38.1	37.9	35.7	31.4	24.0	19.1	15.3
231	38829	Denau	67.90	38.27	516	1940	10.8	13.4	14.8	24.9	29.9	37.5	38.2	35.5	30.6	26.2	19.3	13.5
231	38829	Denau	67.90	38.27	516	1941	8.7	15.5	20.1	24.3	32.1	38.0	37.1	36.2	32.3	28.3	19.1	13.8
231	38829	Denau	67.90	38.27	516	1942	8.9	9.1	18.1	24.2	29.9	34.0	38.5	34.9	30.5	26.5	20.6	11.1
231	38829	Denau	67.90	38.27	516	1943	9.8	11.2	13.8	21.9	27.2	34.3	38.7	35.4	29.9	24.5	17.0	13.7
231	38829	Denau	67.90	38.27	516	1944	11.9	14.7	22.9	23.9	32.0	35.2	39.8	35.7	30.4	24.1	18.4	3.8
231	38829	Denau	67.90	38.27	516	1945	6.7	8.3	14.1	22.9	27.4	34.2	36.8	36.5	31.5	27.7	17.5	11.8
231	38829	Denau	67.90	38.27	516	1946	8.9	15.8	18.3	26.7	33.5	35.4	36.5	34.5	32.2	28.1	15.9	7.5
231	38829	Denau	67.90	38.27	516	1947	11.0	12.0	21.7	25.1	29.8	34.1	37.4	37.4	31.0	25.5	23.4	14.0
231	38829	Denau	67.90	38.27	516	1948	14.8	14.7	16.0	22.2	31.1	35.2	38.7	35.4	30.4	24.6	17.9	7.7
231	38829	Denau	67.90	38.27	516	1949	6.4	11.1	15.3	23.0	28.6	32.3	38.5	34.2	30.2	20.2	15.5	13.0
231	38829	Denau	67.90	38.27	516	1950	6.5	9.9	17.3	21.4	29.7	36.0	37.9	34.2	29.6	25.7	14.2	7.3
231	38829	Denau	67.90	38.27	516	1951	7.6	7.8	15.4	22.5	29.8	32.7	35.6	34.7	31.7	26.2	17.4	15.0
231	38829	Denau	67.90	38.27	516	1952	9.6	14.2	16.3	25.6	28.6	34.4	36.4	34.3	29.5	24.8	14.6	11.1
231	38829	Denau	67.90	38.27	516	1953	11.7	17.4	15.1	23.0	29.3	34.3	37.0	34.1	30.0	21.6	14.6	8.6
231	38829	Denau	67.90	38.27	516	1954	8.2	11.0	14.3	23.9	30.5	33.8	35.3	33.6	29.9	25.0	16.0	10.3
231	38829	Denau	67.90	38.27	516	1955	12.8	16.3	17.1	23.4	27.7	33.4	36.9	35.6	30.8	23.9	22.3	13.9
231	38829	Denau	67.90	38.27	516	1956	9.4	11.8	15.8	24.1	31.2	34.0	37.6	34.0	30.6	25.0	21.5	9.7
231	38829	Denau	67.90	38.27	516	1957	4.5	8.7	18.3	20.8	28.5	33.6	35.0	34.0	30.4	22.6	15.0	10.6
231	38829	Denau	67.90	38.27	516	1958	12.7	15.4	19.8	23.9	27.0	35.3	36.9	33.9	30.0	24.7	12.8	12.8
231	38829	Denau	67.90	38.27	516	1959	10.6	8.9	17.1	26.2	28.5	34.5	35.5	35.6	32.9	25.8	14.7	7.9
231	38829	Denau	67.90	38.27	516	1960	11.7	15.8	13.5	20.1	26.6	36.0	36.1	35.2	30.1	25.5	15.7	9.2
231	38829	Denau	67.90	38.27	516	1961	11.1	9.8	18.2	22.3	32.7	35.1	37.2	34.8	30.7	22.7	18.6	13.4
231	38829	Denau	67.90	38.27	516	1962	9.1	16.0	22.0	22.9	29.3	34.0	37.6	33.6	28.2	23.9	12.8	12.9
231	38829	Denau	67.90	38.27	516	1963	16.0	16.0	17.9	24.7	28.2	35.7	35.9	33.6	30.2	26.6	17.5	12.2
231	38829	Denau	67.90	38.27	516	1964	2.5	12.0	19.2	20.9	29.1	35.0	36.0	34.5	29.8	22.2	19.4	7.2
231	38829	Denau	67.90	38.27	516	1965	9.0	10.0	15.4	23.4	30.3	34.9	36.8	34.0	29.4	25.6	20.4	13.9
231	38460	Dukant	70.07	41.15	2001	1959	3.0	0.2	4.3	13.6	15.8	20.4	21.8	23.1	23.6	13.3	3.5	0.9
231	38460	Dukant	70.07	41.15	2001	1960	3.3	5.7	2.3	8.4	12.2	21.0	22.1	23.9	17.4	13.5	5.2	4.6
231	38460	Dukant	70.07	41.15	2001	1961	2.4	-2.2	5.6	10.8	19.4	21.2	24.7	23.5	20.2	9.8	7.6	3.2
231	38460	Dukant	70.07	41.15	2001	1962	0.6	4.2	10.3	10.1	14.7	19.9	25.3	23.7	17.6	11.6	1.0	3.4
231	38460	Dukant	70.07	41.15	2001	1963	6.0	5.6	7.2	12.4	15.0	21.5	22.7	22.0	18.4	14.6	7.3	4.5
231	38460	Dukant	70.07	41.15	2001	1964	3.1	1.2	6.8	8.8	14.4	20.2	21.9	23.0	18.2	10.7	8.1	1.0
231	38460	Dukant	70.07	41.15	2001	1965	2.2	0.5	3.9	10.9	17.3	21.0	24.5	23.7	18.3	13.1	8.2	5.3
231	38579	Dzhizak	67.83	40.11	344	1915	9.8	8.2	19.9	21.6	30.6	36.1	36.6	37.4	32.4	22.6	17.6	12.4
231	38579	Dzhizak	67.83	40.11	344	1916	7.4	4.7	14.4	24.4	30.6	31.4	36.5	37.0	29.8	20.1	9.0	8.2
231	38579	Dzhizak	67.83	40.11	344	1917	12.2	12.1	15.4	24.8	-999.0	32.9	36.1	35.5	29.5	19.8	13.1	4.8
231	38579	Dzhizak	67.83	40.11	344	1918	6.5	5.2	10.9	19.5	29.5	34.6	36.5	36.3	30.5	22.5	10.6	1.7
231	38579	Dzhizak	67.83	40.11	344	1919	-1.9	9.5	12.1	24.0	28.4	32.7	36.6	36.4	27.7	23.3	16.4	6.1
231	38579	Dzhizak	67.83	40.11	344	1920	6.7	3.0	13.1	16.9	25.6	33.8	35.4	34.3	28.5	22.1	9.1	-3.3
231	38579	Dzhizak	67.83	40.11	344	1921	-999.0	6.9	9.3	20.4	24.7	32.6	37.1	34.2	29.3	21.8	12.0	8.0
231	38579	Dzhizak	67.83	40.11	344	1922	5.7	7.9	15.0	21.4	26.9	33.2	36.4	34.1	29.6	23.5	17.1	9.8
231	38579	Dzhizak	67.83	40.11	344	1923	5.0	5.8	14.1	18.8	27.8	34.6	35.2	37.0	26.3	20.5	13.2	5.3
231	38579	Dzhizak	67.83	40.11	344	1924	6.4	8.5	13.2	20.1	24.8	31.8	35.8	34.5	23.4	22.7	12.8	4.0
231	38579	Dzhizak	67.83	40.11	344	1925	3.0	4.0	17.6	20.3	28.9	34.8	36.3	33.7	29.9	21.9	14.9	14.1
231	38579	Dzhizak	67.83	40.11	344	1926	7.0	8.4	15.8	18.0	-999.0	-999.0	-999.0	-999.0	-999.0	-999.0	-999.0	-999.0
231	38579	Dzhizak	67.83	40.11	344	1928	-999.0	-999.0	-999.0	-999.0	-999.0	-999.0	33.7	32.0	27.0	20.9	14.6	5.0
231	38579	Dzhizak	67.83	40.11	344	1929	-0.6	4.4	14.3	24.9	27.2	31.9	34.5	33.4	30.4	19.3	13.6	-3.9
231	38579	Dzhizak	67.83	40.11	344	1930	-3.6	3.9	14.8	19.7	27.8	35.3	37.6	33.2	25.2	20.1	18.0	3.4
231	38579	Dzhizak	67.83	40.11	344	1931	3.5	-4.0	15.6	21.4	25.3	32.7	36.6	34.4	31.5	21.4	10.2	6.1
231	38579	Dzhizak	67.83	40.11	344	1932	5.0	10.2	16.4	24.1	27.3	34.1	36.6	32.2	28.5	19.7	9.7	-0.5
231	38579	Dzhizak	67.83	40.11	344	1933	-1.1	7.5	10.7	21.3	29.8	32.9	37.7	34.9	28.6	21.4	15.4	7.7
231	38579	Dzhizak	67.83	40.11	344	1933	8.1	14.1	13.1	19.6	27.5	33.2	37.3	33.9	29.6	17.8	8.6	4.6
231	38579	Dzhizak	67.83	40.11	344	1934	-4.1	9.7	14.0	17.6	22.0	33.0	34.1	34.4	26.2	20.4	10.3	6.5
231	38579	Dzhizak	67.83	40.11	344	1935	-2.2	10.7	12.9	22.7	27.7	29.8	36.1	36.1	28.0	22.6	7.7	5.1
231	38579	Dzhizak	67.83	40.11	344	1936	5.5	8.6	12.5	20.2	27.9	35.1	35.5	33.1	30.4	25.9	15.3	5.4
231	38579	Dzhizak	67.83	40.11	344	1937	1.7	8.4	10.8	18.1	26.6	33.8	37.4	35.7	30.8	21.6	10.0	4.1
231	38579	Dzhizak	67.83	40.11	344	1938	6.7	10.9	11.7	23.8	30.9	33.7	34.0	34.6	29.3	20.9	12.8	4.9
231	38579	Dzhizak	67.83	40.11	344	1939	6.3	8.3	12.9	18.5	29.0	36.7	37.9	34.0	29.5	-999.0	14.0	11.7
231	38579	Dzhizak	67.83	40.11	344	1940	6.2	9.5	12.8	25.0	23.4	36.1	37.3	34.9	29.9	23.0	15.2	12.8
231	38579	Dzhizak	67.83	40.11	344	1941	6.7	12.1	16.7	21.8	31.2	37.0	35.5	35.2	29.9	25.8	13.3	9.3
231	38579	Dzhizak	67.83	40.11	344	1942	7.5	3.6	14.6	19.8	28.1	34.0	36.5	33.0	26.1	23.0	14.7	7.7
231	38579	Dzhizak	67.83	40.11	344	1943	4.2	4.6	-999.0	19.6	27.2	32.7	37.1	34.0	27.8	20.1	11.8	8.2
231	38579	Dzhizak	67.83	40.11	344	1944	8.0	12.8	20.6	22.3	31.3	34.0	38.6	34.8	28.1	21.3	12.5	-1.4
231	38579	Dzhizak	67.83	40.11	344	1945	3.4	2.6	10.8	22.0	26.9	32.7	34.3	36.0	28.8	24.4	11.2	8.8
231	38579	Dzhizak	67.83	40.11	344	1946	4.7	13.4	15.0	23.3	31.8	33.3	34.8	32.7	30.4	23.8	12.3	1.3
231	38579	Dzhizak	67.83	40.11	344	1947	5.5	8.3	19.2	22.2	26.1	31.7	35.1	34.8	29.1	22.5	18.0	8.9
231	38579	Dzhizak	67.83	40.11	344	1948	10.7	11.7	13.8	19.2	28.6	33.7	37.5	35.0	28.0	22.0	15.0	3.6
231	38579	Dzhizak	67.83	40.11	344	1949	3.2	8.0	12.4	19.8	25.4	31.9	35.7	33.0	26.5	17.5	10.1	7.9
231	38579	Dzhizak	67.83	40.11	344	1951	2.1	-0.1	10.8	22.9	28.3	31.3	35.8	34.2	30.1	19.9	11.9	10.1
231	38579	Dzhizak	67.83	40.11	344	1952	6.8	11.5	13.1	20.6	26.2	33.2	36.8	35.4	28.4	22.9	6.2	3.5
231	38579	Dzhizak	67.83	40.11	344	1954	4.7	5.5	8.6	20.0	27.1	30.7	35.6	33.6	29.2	23.2	11.0	4.4
231	38579	Dzhizak	67.83	40.11	344	1955	8.9	13.4	12.7	20.2	28.0	34.4	36.3	35.5	29.4	21.7	16.8	9.9
231	38579	Dzhizak	67.83	40.11	344	1956	3.5	6.5	11.6	22.4	28.7	32.6	38.5	34.8	26.0	22.6	18.0	5.2
231	38579	Dzhizak	67.83	40.11	344	1956	8.4	12.7	16.5	18.6	24.8	34.2	36.6	32.8	28.0	21.4	9.0	7.9
231	38579	Dzhizak	67.83	40.11	344	1957	-0.2	3.4	14.9	19.2	28.2	33.4	34.9	34.0	30.4	19.9	11.3	6.7
231	38579	Dzhizak	67.83	40.11	344	1959	-999.0	-999.0	-999.0	-999.0	-999.0	-999.0	-999.0	-999.0	-999.0	-999.0	8.7	1.1
231	38579	Dzhizak	67.83	40.11	344	1960	3.5	5.3	16.2	21.3	30.9	34.7	35.9	33.6	28.4	22.0	8.2	3.0
231	38579	Dzhizak	67.83	40.11	344	1960	8.5	11.9	7.3	18.9	24.1	34.6	34.3	34.6	27.7	23.8	11.9	5.8
231	38579	Dzhizak	67.83	40.11	344	1961	7.1	7.3	16.6	21.3	31.9	34.4	36.5	34.8	29.6	19.0	15.4	10.2
231	38579	Dzhizak	67.83	40.11	344	1962	4.8	12.0	19.2	20.9	28.2	33.5	37.7	34.7	26.9	20.4	6.4	6.3
231	38579	Dzhizak	67.83	40.11	344	1963	10.4	13.6	15.2	23.5	26.9	34.8	35.8	33.3	28.6	24.2	13.2	7.2
231	38579	Dzhizak	67.83	40.11	344	1964	1.5	7.4	15.9	18.7	26.4	32.8	34.9	34.2	28.6	19.5	17.4	3.8
231	38579	Dzhizak	67.83	40.11	344	1965	3.8	7.3	14.1	22.0	30.7	34.1	36.6	34.4	29.0	21.7	16.1	10.7
231	38614	Fedchenko	72.07	40.57	466	1928	-999.0	-999.0	-999.0	-999.0	-999.0	-999.0	33.7	32.4	26.8	22.2	14.6	4.4
231	38614	Fedchenko	72.07	40.57	466	1929	-1.7	2.7	14.6	26.8	27.6	31.9	34.7	33.4	29.4	20.0	13.9	-0.8
231	38614	Fedchenko	72.07	40.57	466	1930	-2.8	2.7	13.1	20.9	29.0	32.9	35.8	32.4	25.2	19.8	16.1	2.6
231	38614	Fedchenko	72.07	40.57	466	1931	1.8	0.8	14.8	23.7	25.9	32.0	33.2	32.8	30.4	22.1	10.2	4.3
231	38614	Fedchenko	72.07	40.57	466	1932	4.1	3.0	17.7	26.2	27.8	33.0	35.2	31.1	27.9	20.8	9.4	-1.0
231	38614	Fedchenko	72.07	40.57	466	1933	-3.5	-999.0	-999.0	-999.0	30.8	32.3	36.5	33.4	29.0	21.7	14.4	5.1
231	38614	Fedchenko	72.07	40.57	466	1934	-2.6	7.4	15.0	19.1	24.7	32.9	33.6	33.0	25.7	21.3	11.3	7.2
231	38614	Fedchenko	72.07	40.57	466	1935	-2.9	7.7	12.8	22.8	28.6	29.8	34.5	33.5	26.8	22.0	8.9	3.9
231	38614	Fedchenko	72.07	40.57	466	1936	1.5	8.9	11.6	22.2	28.7	34.0	33.3	30.8	28.9	24.7	-999.0	-999.0
231	38614	Fedchenko	72.07	40.57	466	1937	0.1	7.6	12.2	18.8	28.2	ЗЗ.1	34.5	33.1	29.8	21.7	9.9	2.5
231	38614	Fedchenko	72.07	40.57	466	1938	-999.0	-999.0	-999.0	-999.0	-999.0	-999.0	-999.0	-999.0	-999.0	-999.0	-999.0	-999.0
231	38614	Fedchenko	72.07	40.57	466	1939	2.7	8.0	13.4	21.1	30.4	34.9	35.5	32.6	28.6	21.0	13.5	10.7
231	38614	Fedchenko	72.07	40.57	466	1940	6.5	9.5	12.7	26.1	28.2	35.3	34.8	33.2	28.6	22.7	14.2	8.1
231	38614	Fedchenko	72.07	40.57	466	1941	2.0	10.7	18.4	24.0	30.8	35.3	33.9	33.8	29.3	24.6	11.5	5.5
231	38614	Fedchenko	72.07	40.57	466	1942	2.5	4.8	13.6	22.3	28.7	32.6	35.6	32.3	28.0	23.1	13.6	7.2
231	38614	Fedchenko	72.07	40.57	466	1943	3.9	6.1	11.3	21.0	26.9	31.8	36.3	33.4	28.6	20.8	11.5	6.1
231	38614	Fedchenko	72.07	40.57	466	1944	5.3	11.1	21.3	23.6	30.7	33.1	37.0	33.3	28.1	19.4	12.2	-0.1
231	38614	Fedchenko	72.07	40.57	466	1945	1.4	2.3	9.9	23.1	27.3	31.9	33.7	34.5	29.2	24.2	10.9	6.5
231	38614	Fedchenko	72.07	40.57	466	1946	4.6	10.2	16.3	24.9	30.7	32.1	34.0	32.2	29.9	24.8	11.2	1.6
231	38614	Fedchenko	72.07	40.57	466	1947	1.2	6.6	21.4	25.0	28.1	32.0	35.5	34.6	29.2	21.4	16.4	8.6
231	38614	Fedchenko	72.07	40.57	466	1948	8.4	10.0	13.2	20.2	28.7	32.8	36.4	33.9	27.5	21.6	14.4	2.1
231	38614	Fedchenko	72.07	40.57	466	1949	0.9	6.6	12.6	-999.0	-999.0	-999.0	-999.0	-999.0	-999.0	-999.0	-999.0	6.4
231	38614	Fedchenko	72.07	40.57	466	1950	2.4	4.0	16.1	21.4	29.5	33.6	34.6	33.0	28.4	21.4	8.5	1.5
231	38614	Fedchenko	72.07	40.57	466	1951	-0.2	-0.2	11.1	24.0	28.8	30.3	33.4	33.0	29.7	21.0	11.5	8.5
231	38614	Fedchenko	72.07	40.57	466	1952	5.2	10.8	13.3	22.5	28.1	32.2	33.9	33.3	28.3	22.6	8.4	5.1
231	38614	Fedchenko	72.07	40.57	466	1953	4.6	10.9	12.5	20.8	29.6	32.9	35.9	32.3	29.2	17.8	7.8	2.7
231	38614	Fedchenko	72.07	40.57	466	1954	0.8	3.4	10.3	23.1	28.4	31.0	32.8	32.1	28.7	23.5	12.4	2.7
231	38614	Fedchenko	72.07	40.57	466	1955	6.4	11.2	13.6	22.4	28.7	33.1	34.2	33.9	28.2	22.1	15.4	7.3
231	38614	Fedchenko	72.07	40.57	466	1957	-1.7	0.6	15.1	21.0	27.9	33.2	33.4	32.1	28.8	20.2	10.8	5.0
231	38614	Fedchenko	72.07	40.57	466	1958	5.8	11.0	16.9	21.3	26.4	33.9	35.7	31.3	27.9	21.2	9.0	5.5
231	38614	Fedchenko	72.07	40.57	466	1959	5.0	4.9	12.0	25.0	28.7	33.0	33.0	32.8	31.3	21.9	10.9	2.1
231	38614	Fedchenko	72.07	40.57	466	1960	5.3	10.0	9.8	21.4	25.4	34.0	33.7	33.2	27.4	22.4	11.4	4.5
231	38614	Fedchenko	72.07	40.57	466	1961	5.4	7.1	16.0	23.9	32.3	33.4	35.5	32.7	28.8	20.1	13.8	8.4
231	38614	Fedchenko	72.07	40.57	466	1962	4.5	11.5	20.5	21.8	28.0	32.7	36.7	32.7	27.3	21.2	8.9	5.0
231	38614	Fedchenko	72.07	40.57	466	1963	6.9	12.4	16.1	24.6	28.2	34.1	33.9	32.2	28.6	23.8	12.7	4.5
231	38614	Fedchenko	72.07	40.57	466	1964	-0.1	5.2	15.5	20.4	28.0	33.1	33.7	32.7	28.3	20.3	15.1	2.9
231	38614	Fedchenko	72.07	40.57	466	1965	4.6	5.9	14.4	23.6	30.6	33.7	34.5	32.1	27.5	21.1	13.6	7.9
231	38614	Fedchenko	72.07	40.57	466	1966	2.8	5.9	12.2	24.5	30.1	32.4	36.6	33.1	28.3	22.5	16.6	4.3
231	38618	Fergana	71.75	40.38	578	1907	-999.0	-999.0	-999.0	-999.0	-999.0	-999.0	-999.0	-999.0	-999.0	15.6	9.6	5.5
231	38618	Fergana	71.75	40.38	578	1908	-999.0	-999.0	-999.0	-999.0	-999.0	-999.0	-999.0	-999.0	-999.0	-999.0	-999.0	-999.0
231	38618	Fergana	71.75	40.38	578	1909	-999.0	-999.0	-999.0	-999.0	-999.0	-999.0	-999.0	-999.0	-999.0	-999.0	-999.0	-999.0
231	38618	Fergana	71.75	40.38	578	1910	-999.0	-999.0	-999.0	-999.0	-999.0	-999.0	-999.0	-999.0	-999.0	-999.0	-999.0	-999.0
231	38618	Fergana	71.75	40.38	578	1911	-999.0	-999.0	-999.0	-999.0	-999.0	-999.0	-999.0	-999.0	-999.0	-999.0	-999.0	-999.0
231	38618	Fergana	71.75	40.38	578	1912	-999.0	-999.0	-999.0	-999.0	-999.0	-999.0	-999.0	-999.0	-999.0	-999.0	-999.0	-999.0
231	38618	Fergana	71.75	40.38	578	1913	-999.0	-999.0	-999.0	-999.0	-999.0	-999.0	-999.0	-999.0	-999.0	19.7	11.5	7.1
231	38618	Fergana	71.75	40.38	578	1914	8.0	-999.0	-999.0	-999.0	-999.0	-999.0	-999.0	-999.0	-999.0	-999.0	-999.0	4.0
231	38618	Fergana	71.75	40.38	578	1915	6.0	5.5	-999.0	-999.0	-999.0	-999.0	-999.0	-999.0	-999.0	-999.0	-999.0	-999.0
231	38618	Fergana	71.75	40.38	578	1916	0.4	-1.4	-999.0	-999.0	-999.0	-999.0	-999.0	-999.0	-999.0	-999.0	-999.0	-999.0
231	38618	Fergana	71.75	40.38	578	1917	-999.0	-999.0	-999.0	-999.0	-999.0	-999.0	-999.0	-999.0	-999.0	-999.0	-999.0	-999.0
231	38618	Fergana	71.75	40.38	578	1918	-999.0	-999.0	-999.0	-999.0	29.7	34.3	35.4	34.9	30.0	21.9	10.0	1.4
231	38618	Fergana	71.75	40.38	578	1919	-2.2	5.0	11.9	24.2	27.8	30.8	33.1	32.9	26.9	22.6	15.1	6.6
231	38618	Fergana	71.75	40.38	578	1920	5.0	2.6	12.2	17.2	24.6	31.4	32.6	31.8	26.7	20.7	7.7	-1.9
231	38618	Fergana	71.75	40.38	578	1921	-999.0	4.7	8.6	21.3	24.5	29.5	33.3	31.1	26.5	22.0	13.7	6.3
231	38618	Fergana	71.75	40.38	578	1922	-999.0	-999.0	-999.0	-999.0	-999.0	-999.0	33.9	-999.0	-999.0	-999.0	-999.0	-999.0
231	38618	Fergana	71.75	40.38	578	1923	-999.0	-999.0	-999.0	-999.0	-999.0	31.0	32.2	32.9	25.4	20.4	14.4	3.7
231	38618	Fergana	71.75	40.38	578	1924	5.5	9.3	14.0	23.1	24.7	31.6	35.3	33.3	28.1	21.6	12.2	5.4
231	38618	Fergana	71.75	40.38	578	1925	1.8	5.7	16.6	22.3	29.9	33.7	35.6	34.6	29.6	22.6	13.1	12.2
231	38618	Fergana	71.75	40.38	578	1926	7.6	-999.0	-999.0	-999.0	-999.0	-999.0	-999.0	-999.0	-999.0	-999.0	-999.0	-999.0
231	38618	Fergana	71.75	40.38	578	1927	-999.0	-999.0	-999.0	-999.0	-999.0	-999.0	-999.0	-999.0	-999.0	-999.0	-999.0	-999.0
231	38618	Fergana	71.75	40.38	578	1928	-999.0	-999.0	-999.0	-999.0	-999.0	-999.0	-999.0	-999.0	-999.0	-999.0	14.0	4.2
231	38618	Fergana	71.75	40.38	578	1929	-0.1	4.0	14.8	25.9	27.1	31.3	34.2	33.4	29.7	18.9	12.6	-1.4
231	38618	Fergana	71.75	40.38	578	1930	-2.2	2.6	12.5	20.3	28.1	32.6	-999.0	32.9	24.8	19.1	15.5	2.4
231	38618	Fergana	71.75	40.38	578	1931	1.8	-0.3	13.9	22.9	25.0	31.7	33.0	32.8	30.1	21.3	9.8	4.4
231	38618	Fergana	71.75	40.38	578	1932	3.9	3.9	17.1	25.0	26.5	32.4	35.1	31.3	28.2	19.9	9.0	-1.5
231	38618	Fergana	71.75	40.38	578	1933	-2.7	6.3	11.1	22.4	29.9	31.9	36.6	34.5	29.0	20.8	13.3	5.2
231	38618	Fergana	71.75	40.38	578	1934	-3.2	6.7	13.9	18.1	23.0	31.5	32.5	33.4	25.3	20.0	10.1	6.6
231	38618	Fergana	71.75	40.38	578	1935	-2.6	8.1	12.0	21.5	27.2	28.5	33.9	33.8	26.3	20.7	7.9	3.2
231	38618	Fergana	71.75	40.38	578	1936	0.7	-999.0	-999.0	20.9	27.9	32.5	32.8	30.2	28.4	23.2	14.4	3.7
231	38618	Fergana	71.75	40.38	578	1937	0.2	7.4	11.4	18.3	27.0	32.0	34.0	33.8	29.1	20.6	8.7	2.9
231	38618	Fergana	71.75	40.38	578	1938	4.5	8.8	11.4	25.1	30.3	31.4	32.6	32.7	27.7	21.7	11.4	5.6
231	38618	Fergana	71.75	40.38	578	1939	3.3	7.8	12.3	19.9	29.3	34.0	35.1	32.8	28.3	20.2	12.5	10.0
231	38618	Fergana	71.75	40.38	578	1940	6.4	8.9	11.8	23.3	-999.0	-999.0	-999.0	-999.0	-999.0	-999.0	-999.0	-999.0
231	38618	Fergana	71.75	40.38	578	1941	-999.0	-999.0	17.5	23.0	30.0	34.6	33.7	33.7	28.8	24.1	11.3	5.1
231	38618	Fergana	71.75	40.38	578	1942	2.7	3.8	13.1	21.0	27.6	31.6	34.9	32.0	27.6	22.6	12.8	6.3
231	38618	Fergana	71.75	40.38	578	1943	3.1	5.5	10.5	20.1	26.1	31.2	35.8	33.5	28.2	20.1	10.6	5.8
231	38618	Fergana	71.75	40.38	578	1944	4.9	10.2	19.9	22.8	30.4	32.7	37.1	33.6	27.9	18.5	11.2	-1.2
231	38618	Fergana	71.75	40.38	578	1945	0.7	1.9	9.4	21.9	26.3	31.0	33.3	34.1	28.8	23.4	10.5	5.4
231	38618	Fergana	71.75	40.38	578	1946	3.7	9.9	15.0	23.5	29.9	31.5	33.5	32.1	29.5	23.9	10.1	1.5
231	38618	Fergana	71.75	40.38	578	1947	2.4	6.4	20.0	23.5	26.7	30.7	34.6	34.1	28.6	20.2	15.3	7.8
231	38618	Fergana	71.75	40.38	578	1948	7.7	8.8	12.1	18.8	27.6	31.7	35.8	33.3	26.7	20.4	13.0	1.5
231	38618	Fergana	71.75	40.38	578	1949	0.4	5.6	11.4	21.2	26.1	29.3	34.7	31.8	26.4	17.5	9.6	6.0
231	38618	Fergana	71.75	40.38	578	1950	2.5	3.6	15.0	20.4	28.5	32.6	34.3	33.2	27.5	20.4	8.0	0.8
231	38618	Fergana	71.75	40.38	578	1951	0.3	-0.2	10.6	22.6	27.2	29.2	32.9	33.2	29.4	20.3	10.6	8.7
231	38618	Fergana	71.75	40.38	578	1952	5.3	9.8	12.8	21.7	26.8	31.8	34.0	33.8	28.1	21.9	7.7	4.5
231	38618	Fergana	71.75	40.38	578	1953	4.3	10.5	11.7	19.9	28.3	31.7	35.2	32.4	28.9	16.7	7.4	2.5
231	38618	Fergana	71.75	40.38	578	1954	1.2	3.6	9.5	21.9	27.2	29.9	32.3	32.1	28.1	22.5	11.7	3.1
231	38618	Fergana	71.75	40.38	578	1955	6.3	10.6	12.9	21.2	27.7	32.6	34.1	34.0	28.0	21.4	14.8	7.3
231	38618	Fergana	71.75	40.38	578	1956	2.6	5.7	11.7	23.1	28.9	31.3	36.7	33.3	28.4	21.6	15.7	4.0
231	38618	Fergana	71.75	40.38	578	1957	-1.1	1.3	14.7	19.8	26.7	31.6	32.3	31.7	27.9	19.1	10.2	5.1
231	38618	Fergana	71.75	40.38	578	1958	5.7	10.0	16.3	20.4	25.2	32.7	34.8	31.0	27.3	20.5	8.3	6.0
231	38618	Fergana	71.75	40.38	578	1959	5.0	4.6	11.5	23.8	27.3	31.5	32.7	32.3	30.5	21.1	10.1	2.1
231	38618	Fergana	71.75	40.38	578	1960	4.9	9.4	9.6	20.4	24.8	33.1	33.2	32.9	27.0	21.8	10.4	4.8
231	38618	Fergana	71.75	40.38	578	1961	4.8	5.8	14.8	22.7	30.9	32.8	35.5	33.1	28.8	19.1	13.1	8.2
231	38618	Fergana	71.75	40.38	578	1962	4.4	11.1	19.9	21.2	27.2	31.8	36.1	33.0	26.9	20.2	8.1	5.2
231	38618	Fergana	71.75	40.38	578	1963	7.6	12.0	15.3	24.0	27.5	33.3	33.9	32.9	28.3	23.1	12.1	4.7
231	38618	Fergana	71.75	40.38	578	1964	0.3	5.2	14.8	19.3	27.5	32.4	33.1	32.5	27.9	19.6	15.0	2.9
231	38618	Fergana	71.75	40.38	578	1965	5.0	5.4	13.6	23.0	30.0	33.1	35.1	32.9	27.6	20.9	13.1	8.3
231	38618	Fergana	71.75	40.38	578	1966	9.0	12.0	12.6	21.4	26.4	33.9	34.2	33.1	28.0	19.4	11.9	6.1
231	38618	Fergana	71.75	40.38	578	1967	3.7	5.7	15.5	22.1	26.3	31.5	33.1	32.7	27.7	19.6	12.2	6.6
231	38618	Fergana	71.75	40.38	578	1968	5.5	6.6	14.8	21.1	26.5	32.0	34.1	33.3	28.9	21.5	12.9	4.4
231	38618	Fergana	71.75	40.38	578	1969	-2.6	-1.2	11.0	20.7	26.3	31.6	32.2	32.1	27.2	20.0	10.8	9.7
231	38618	Fergana	71.75	40.38	578	1970	4.3	11.7	13.9	23.0	29.4	32.7	32.9	33.3	28.1	20.9	14.2	5.2
231	38618	Fergana	71.75	40.38	578	1971	0.8	6.0	16.7	22.2	29.2	34.1	34.2	32.1	28.5	22.5	16.4	10.5
231	38618	Fergana	71.75	40.38	578	1972	0.9	-3.1	9.2	22.6	27.0	31.7	31.9	30.9	27.6	21.9	15.1	3.6
231	38618	Fergana	71.75	40.38	578	1973	1.3	7.1	11.6	22.5	27.8	34.3	35.4	33.0	27.1	22.4	15.8	7.1
231	38618	Fergana	71.75	40.38	578	1974	-0.1	1.6	12.8	22.3	28.5	32.9	34.8	31.0	27.8	21.5	13.9	2.7
231	38618	Fergana	71.75	40.38	578	1975	4.4	6.0	14.7	23.2	27.7	33.5	35.6	33.1	28.1	20.7	8.2	6.0
231	38618	Fergana	71.75	40.38	578	1976	7.1	4.9	11.4	21.4	28.6	32.6	35.0	34.6	27.6	18.2	9.4	4.2
231	38618	Fergana	71.75	40.38	578	1977	-1.7	6.0	17.6	25.7	28.3	34.3	34.7	32.9	29.2	19.2	12.5	5.0
231	38618	Fergana	71.75	40.38	578	1978	2.7	3.3	12.3	23.4	28.3	33.1	35.0	32.1	30.3	21.9	9.8	8.5
231	38618	Fergana	71.75	40.38	578	1979	3.8	9.1	14.1	20.5	25.0	32.8	35.8	32.7	27.8	23.7	12.7	8.2
231	38618	Fergana	71.75	40.38	578	1980	3.5	3.1	12.4	24.4	28.8	33.3	35.9	32.7	29.1	21.5	16.5	8.8
231	38618	Fergana	71.75	40.38	578	1981	7.2	8.5	17.3	22.2	28.7	32.1	33.5	31.5	27.7	18.6	14.0	7.7
231	38618	Fergana	71.75	40.38	578	1982	5.7	7.2	13.1	25.2	29.8	32.9	35.1	32.2	26.9	19.7	7.8	5.3
231	38618	Fergana	71.75	40.38	578	1983	4.2	10.5	13.2	22.5	28.3	32.3	35.3	34.2	27.7	21.2	15.8	5.3
231	38618	Fergana	71.75	40.38	578	1984	3.1	-1.1	12.0	22.1	28.1	33.9	36.2	35.0	27.5	20.7	12.5	-2.4
231	38618	Fergana	71.75	40.38	578	1985	1.7	7.7	10.9	24.6	27.6	34.1	35.4	31.9	29.5	19.9	12.2	5.1
231	38618	Fergana	71.75	40.38	578	1986	5.8	8.7	11.7	22.2	28.0	31.9	35.0	32.5	29.8	21.9	11.7	4.4
231	38618	Fergana	71.75	40.38	578	1987	7.5	8.6	15.6	18.8	28.0	31.0	32.9	34.1	27.8	15.8	10.6	8.2
231	38618	Fergana	71.75	40.38	578	1988	4.5	7.8	13.6	24.0	25.7	34.1	35.8	32.9	29.0	20.5	16.6	9.5
231	38618	Fergana	71.75	40.38	578	1989	2.4	3.0	16.2	21.1	25.7	32.6	34.5	33.5	28.1	22.9	11.7	7.5
231	38618	Fergana	71.75	40.38	578	1990	3.2	7.6	14.2	21.2	29.0	35.1	33.1	33.6	30.2	21.2	15.3	5.4
231	38618	Fergana	71.75	40.38	578	1991	3.0	6.4	12.7	23.3	26.6	31.9	34.5	32.4	28.1	21.8	12.6	6.6
231	38618	Fergana	71.75	40.38	578	1992	4.6	9.2	19.1	22.2	24.0	31.5	33.5	31.0	27.0	20.8	16.1	8.3
231	38618	Fergana	71.75	40.38	578	1993	3.1	7.9	12.2	22.3	23.7	32.6	34.3	32.0	28.4	18.6	8.9	3.8
231	38618	Fergana	71.75	40.38	578	1994	4.5	3.1	16.1	19.7	29.2	33.7	34.7	33.6	25.4	-999.0	15.8	6.4
231	38618	Fergana	71.75	40.38	578	1995	3.0	8.3	15.0	22.4	28.4	33.6	35.7	34.7	28.8	20.3	16.8	4.5
231	38618	Fergana	71.75	40.38	578	1996	3.3	5.7	11.7	18.7	26.6	32.2	34.7	33.1	29.8	20.5	10.8	9.2
231	38618	Fergana	71.75	40.38	578	1997	7.9	8.7	14.6	22.9	26.9	33.2	36.7	33.5	29.9	25.0	11.5	5.6
231	38618	Fergana	71.75	40.38	578	1998	3.2	5.2	13.6	22.8	24.8	31.4	35.2	34.2	30.1	-999.0	-999.0	8.5
231	38618	Fergana	71.75	40.38	578	1999	5.5	12.0	12.0	19.7	28.1	31.9	32.4	34.9	29.3	23.4	11.3	8.7
231	38618	Fergana	71.75	40.38	578	2000	6.7	8.5	15.4	25.3	30.5	33.2	35.4	34.4	29.9	18.0	12.0	7.7
231	38618	Fergana	71.75	40.38	578	2001	3.3	9.2	17.6	24.3	31.9	35.6	33.9	32.6	28.1	20.1	15.1	6.0
231	38618	Fergana	71.75	40.38	578	2002	6.0	9.3	17.3	21.7	26.7	32.6	34.8	34.9	29.8	24.6	15.5	3.1
231	38618	Fergana	71.75	40.38	578	2003	7.6	9.0	13.0	17.8	25.7	31.8	35.8	33.9	29.1	22.8	12.4	5.7
231	38577	Gallyaaral	67.58	40.03	601	1933	-999.0	-999.0	-999.0	20.1	28.6	31.6	37.1	34.6	28.3	20.4	13.5	6.0
231	38577	Gallyaaral	67.58	40.03	601	1934	-5.0	7.9	13.2	16.6	20.8	31.9	-999.0	33.8	25.7	19.9	9.3	5.5
231	38577	Gallyaaral	67.58	40.03	601	1935	-2.3	8.9	12.0	21.4	26.7	28.2	35.5	35.4	27.0	21.6	7.0	4.6
231	38577	Gallyaaral	67.58	40.03	601	1936	-999.0	-999.0	-999.0	-999.0	-999.0	-999.0	-999.0	-999.0	-999.0	-999.0	-999.0	-999.0
231	38577	Gallyaaral	67.58	40.03	601	1937	-999.0	-999.0	-999.0	-999.0	-999.0	-999.0	-999.0	-999.0	-999.0	-999.0	-999.0	-999.0
231	38577	Gallyaaral	67.58	40.03	601	1938	-999.0	-999.0	-999.0	-999.0	-999.0	-999.0	-999.0	-999.0	-999.0	-999.0	-999.0	-999.0
231	38577	Gallyaaral	67.58	40.03	601	1939	5.3	7.6	11.8	18.5	28.3	36.2	37.5	33.7	29.4	20.9	13.3	10.3
231	38577	Gallyaaral	67.58	40.03	601	1940	6.2	8.3	12.1	24.1	27.3	35.5	36.3	33.8	28.8	22.2	14.3	11.3
231	38577	Gallyaaral	67.58	40.03	601	1941	5.1	11.5	16.2	20.9	29.6	35.9	34.7	34.3	29.2	25.1	12.4	7.6
231	38577	Gallyaaral	67.58	40.03	601	1942	7.0	3.3	14.2	19.1	26.8	33.0	36.6	32.7	27.6	22.5	14.5	7.4
231	38577	Gallyaaral	67.58	40.03	601	1943	3.3	4.3	8.6	19.4	25.8	31.7	36.8	33.6	27.2	19.3	11.1	7.8
231	38577	Gallyaaral	67.58	40.03	601	1944	6.7	11.5	19.4	20.7	30.5	33.5	38.6	34.0	27.8	20.4	12.0	-2.1
231	38577	Gallyaaral	67.58	40.03	601	1945	1.4	1.9	9.3	20.9	25.5	31.7	33.8	35.5	28.5	24.1	11.0	7.0
231	38577	Gallyaaral	67.58	40.03	601	1946	3.5	12.4	14.0	22.5	31.2	32.7	34.5	32.6	30.0	23.1	11.0	0.1
231	38577	Gallyaaral	67.58	40.03	601	1947	2.7	6.7	17.8	20.8	25.0	30.9	34.3	34.0	28.0	22.0	17.0	8.1
231	38577	Gallyaaral	67.58	40.03	601	1948	9.6	10.2	12.1	17.5	26.9	32.5	36.7	34.1	27.2	20.9	13.9	2.7
231	38577	Gallyaaral	67.58	40.03	601	1949	2.9	6.6	11.5	18.3	23.8	30.8	35.5	32.5	26.0	16.6	9.0	7.5
231	38577	Gallyaaral	67.58	40.03	601	1950	1.6	3.0	14.8	19.9	30.0	34.1	35.4	33.7	28.1	21.2	8.4	-1.0
231	38577	Gallyaaral	67.58	40.03	601	1951	0.1	-1.0	9.4	21.8	27.8	30.9	35.6	33.9	29.9	19.9	12.2	9.2
231	38577	Gallyaaral	67.58	40.03	601	1952	6.1	10.9	12.3	19.4	25.2	32.9	36.6	34.9	27.8	22.2	5.9	3.7
231	38577	Gallyaaral	67.58	40.03	601	1953	6.6	12.6	12.1	18.6	27.0	32.7	36.9	33.4	29.6	16.5	7.6	2.9
231	38577	Gallyaaral	67.58	40.03	601	1954	4.1	4.7	-999.0	-999.0	-999.0	-999.0	-999.0	32.8	28.2	22.9	10.7	4.2
231	38577	Gallyaaral	67.58	40.03	601	1955	8.8	12.7	11.7	19.0	26.6	32.7	35.5	34.6	28.1	20.7	15.9	9.3
231	38577	Gallyaaral	67.58	40.03	601	1956	2.9	5.7	10.2	20.9	27.0	31.4	37.4	33.7	27.4	21.5	16.9	4.9
231	38577	Gallyaaral	67.58	40.03	601	1957	-0.8	1.3	13.3	17.7	26.6	31.9	33.6	32.8	29.5	19.1	10.2	5.5
231	38577	Gallyaaral	67.58	40.03	601	1958	6.9	11.7	15.5	17.4	23.4	33.5	36.3	32.1	27.6	20.3	8.1	7.2
231	38577	Gallyaaral	67.58	40.03	601	1959	6.9	3.7	9.8	23.1	26.2	32.5	33.5	33.4	30.9	21.3	8.0	0.4
231	38577	Gallyaaral	67.58	40.03	601	1960	6.7	11.1	6.0	17.3	22.9	33.4	33.2	33.2	26.7	22.2	10.5	5.8
231	38577	Gallyaaral	67.58	40.03	601	1961	6.4	5.9	14.7	19.6	30.3	33.5	35.8	33.8	28.8	17.7	13.8	10.1
231	38577	Gallyaaral	67.58	40.03	601	1962	3.6	11.1	18.2	19.2	26.9	33.0	37.1	33.5	26.3	19.9	7.5	4.6
231	38577	Gallyaaral	67.58	40.03	601	1963	8.3	12.5	14.4	22.3	25.5	33.9	35.1	32.5	28.2	23.1	12.1	5.7
231	38577	Gallyaaral	67.58	40.03	601	1964	-0.4	6.3	15.2	17.3	24.6	32.2	34.3	33.2	27.8	18.7	15.9	3.4
231	38577	Gallyaaral	67.58	40.03	601	1965	2.4	6.3	12.5	20.2	28.7	33.3	35.7	33.4	27.7	21.0	15.1	9.3
231	38399	Hiva	60.38	41.40	95	1927	-999.0	-999.0	-999.0	-999.0	-999.0	-999.0	-999.0	32.0	27.1	23.2	10.3	1.5
231	38399	Hiva	60.38	41.40	95	1928	-3.0	З.0	6.5	20.0	28.0	33.3	32.9	29.8	25.3	18.1	11.9	1.6
231	38399	Hiva	60.38	41.40	95	1929	-6.4	-2.8	9.8	25.2	27.8	31.0	34.5	-999.0	-999.0	18.2	10.2	-999.0
231	38399	Hiva	60.38	41.40	95	1930	-1.6	-1.0	12.2	19.3	28.2	33.8	36.4	31.3	24.4	16.9	12.4	-0.1
231	38399	Hiva	60.38	41.40	95	1931	-3.3	-5.6	13.2	21.6	-999.0	31.9	35.8	31.9	28.8	18.7	8.0	0.9
231	38399	Hiva	60.38	41.40	95	1932	1.4	8.7	13.1	25.5	27.9	32.0	34.0	30.4	26.7	18.8	8.5	-0.6
231	38399	Hiva	60.38	41.40	95	1933	-0.8	3.3	8.8	22.8	30.0	30.8	35.8	33.2	26.5	18.7	12.6	1.6
231	38399	Hiva	60.38	41.40	95	1934	-2.9	6.5	13.5	17.6	24.0	32.4	33.4	32.4	24.3	18.4	8.6	2.4
231	38399	Hiva	60.38	41.40	95	1935	-3.2	6.8	11.6	24.2	28.7	29.6	35.9	34.5	26.4	22.5	5.7	3.0
231	38399	Hiva	60.38	41.40	95	1936	4.0	-999.0	-999.0	21.6	28.0	33.7	33.5	31.6	26.9	22.0	13.5	2.8
231	38399	Hiva	60.38	41.40	95	1937	1.6	1.4	8.7	18.4	27.4	32.5	35.8	34.0	28.6	21.1	9.4	3.2
231	38399	Hiva	60.38	41.40	95	1938	6.3	8.1	10.3	-999.0	-999.0	32.2	32.3	32.7	-999.0	-999.0	-999.0	-999.0
231	38399	Hiva	60.38	41.40	95	1939	-1.1	6.3	11.6	18.6	29.1	36.1	34.9	31.5	26.7	17.7	11.6	6.0
231	38399	Hiva	60.38	41.40	95	1940	1.3	2.0	10.5	24.9	24.8	33.5	35.4	33.4	28.4	20.3	13.5	8.0
231	38399	Hiva	60.38	41.40	95	1941	2.6	9.1	16.2	21.5	30.4	35.8	32.8	31.7	28.2	21.8	10.3	4.9
231	38399	Hiva	60.38	41.40	95	1942	5.5	2.8	12.0	19.5	29.4	34.4	34.8	31.2	26.1	20.1	12.0	4.3
231	38399	Hiva	60.38	41.40	95	1943	0.6	1.1	5.9	21.4	29.8	32.2	36.2	33.1	26.0	20.2	8.8	4.2
231	38399	Hiva	60.38	41.40	95	1944	4.4	10.3	20.9	20.9	30.5	33.1	36.9	31.5	27.1	18.4	9.2	-3.2
231	38399	Hiva	60.38	41.40	95	1945	-0.5	0.0	10.2	22.8	27.7	32.4	34.0	34.3	26.9	21.9	7.5	4.4
231	38399	Hiva	60.38	41.40	95	1946	3.0	11.4	13.9	21.7	31.6	32.0	33.1	32.4	29.4	19.2	8.7	-1.3
231	38399	Hiva	60.38	41.40	95	1947	3.1	4.4	18.5	22.5	26.0	31.2	34.0	32.9	26.4	20.2	15.8	4.9
231	38399	Hiva	60.38	41.40	95	1948	6.1	10.1	11.6	18.7	29.7	34.8	35.3	32.2	26.1	20.3	12.2	-0.1
231	38399	Hiva	60.38	41.40	95	1949	-1.4	1.4	6.5	19.7	27.6	34.0	35.8	31.3	25.1	16.1	6.6	4.9
231	38399	Hiva	60.38	41.40	95	1950	-3.2	0.1	12.9	22.0	30.5	32.3	33.4	31.8	27.4	20.8	7.0	-0.4
231	38399	Hiva	60.38	41.40	95	1951	0.5	-0.8	13.5	24.8	30.2	31.7	34.8	31.3	26.8	16.8	8.1	6.5
231	38399	Hiva	60.38	41.40	95	1952	2.7	7.4	10.7	20.4	28.3	31.7	35.5	32.9	26.6	21.3	5.5	0.6
231	38399	Hiva	60.38	41.40	95	1953	5.0	12.7	11.8	19.6	29.0	31.9	34.4	32.2	26.8	16.5	6.7	0.9
231	38399	Hiva	60.38	41.40	95	1954	0.7	0.4	6.9	20.3	27.8	30.5	34.6	31.2	27.0	22.5	10.5	3.7
231	38399	Hiva	60.38	41.40	95	1955	6.1	10.5	11.9	20.3	29.2	33.4	34.9	33.0	27.0	20.2	12.2	5.9
231	38399	Hiva	60.38	41.40	95	1956	-999.0	2.5	9.7	23.1	26.8	31.8	35.3	32.4	26.0	20.7	13.2	2.3
231	38399	Hiva	60.38	41.40	95	1957	-1.8	4.6	-999.0	-999.0	-999.0	-999.0	-999.0	-999.0	-999.0	19.2	9.9	4.3
231	38399	Hiva	60.38	41.40	95	1958	6.7	11.6	13.8	18.6	27.2	34.0	34.4	31.0	24.9	18.3	6.4	3.8
231	38399	Hiva	60.38	41.40	95	1959	1.0	2.2	8.8	23.6	28.0	33.1	33.1	32.3	28.1	18.6	4.0	-1.2
231	38399	Hiva	60.38	41.40	95	1960	5.3	9.8	-999.0	21.6	26.3	34.9	33.0	31.7	26.1	20.2	9.3	3.6
231	38399	Hiva	60.38	41.40	95	1961	4.8	6.7	14.1	22.3	33.9	34.0	34.5	32.3	26.0	17.2	13.7	7.3
231	38399	Hiva	60.38	41.40	95	1962	2.9	8.6	16.4	20.0	28.6	32.7	35.9	31.3	26.0	19.0	8.3	4.7
231	38477	Kassansai	71.53	41.25	889	1933	0.3	5.3	8.8	20.1	28.3	29.8	34.5	31.6	28.5	19.2	12.2	4.8
231	38477	Kassansai	71.53	41.25	889	1934	-999.0	5.0	-999.0	16.5	-999.0	29.5	-999.0	31.1	24.1	18.6	-999.0	4.9
231	38477	Kassansai	71.53	41.25	889	1935	-0.2	6.4	9.5	20.5	-999.0	-999.0	32.0	31.2	24.1	19.2	7.8	3.7
231	38477	Kassansai	71.53	41.25	889	1936	1.5	6.7	9.2	18.4	25.6	31.0	30.6	-999.0	-999.0	-999.0	-999.0	3.6
231	38477	Kassansai	71.53	41.25	889	1937	-999.0	-999.0	-999.0	-999.0	-999.0	-999.0	-999.0	-999.0	-999.0	-999.0	-999.0	-999.0
231	38477	Kassansai	71.53	41.25	889	1938	-999.0	-999.0	-999.0	-999.0	-999.0	-999.0	-999.0	-999.0	-999.0	-999.0	-999.0	-999.0
231	38477	Kassansai	71.53	41.25	889	1939	-999.0	6.0	11.4	18.4	27.8	31.7	33.7	32.3	27.8	19.7	12.9	10.9
231	38477	Kassansai	71.53	41.25	889	1940	6.3	7.6	10.7	23.1	25.1	32.2	32.9	32.3	27.2	21.1	13.8	8.5
231	38477	Kassansai	71.53	41.25	889	1941	3.6	9.4	16.6	21.0	28.1	33.3	32.4	33.0	28.1	24.0	-999.0	5.9
231	38477	Kassansai	71.53	41.25	889	1942	4.1	2.5	11.8	19.1	25.4	29.7	33.8	30.8	26.8	21.2	12.9	6.4
231	38477	Kassansai	71.53	41.25	889	1943	4.2	4.6	9.3	18.1	24.4	29.1	34.7	32.1	26.8	19.0	-999.0	-999.0
231	38477	Kassansai	71.53	41.25	889	1944	-999.0	-999.0	19.9	21.7	28.6	31.0	36.3	33.3	27.3	18.2	11.3	1.5
231	38477	Kassansai	71.53	41.25	889	1945	2.3	2.4	-999.0	21.7	25.8	30.3	32.5	32.9	27.6	22.7	10.4	6.3
231	38477	Kassansai	71.53	41.25	889	1946	5.0	10.8	12.8	22.1	27.4	29.0	31.6	30.1	27.8	23.1	9.5	3.4
231	38477	Kassansai	71.53	41.25	889	1947	3.9	6.1	18.4	21.6	24.1	28.7	32.6	32.3	26.6	18.7	15.5	7.8
231	38477	Kassansai	71.53	41.25	889	1948	8.6	9.1	11.3	17.3	25.9	30.0	34.9	32.7	25.6	19.8	13.9	2.0
231	38477	Kassansai	71.53	41.25	889	1949	2.6	5.0	10.4	19.2	23.9	27.0	33.0	30.5	25.0	16.3	9.6	7.5
231	38477	Kassansai	71.53	41.25	889	1950	3.5	4.8	13.1	18.9	27.2	31.5	33.1	32.2	27.0	20.0	8.6	2.2
231	38477	Kassansai	71.53	41.25	889	1951	1.0	1.2	10.6	20.9	26.6	27.8	31.7	32.1	28.6	19.6	11.0	10.5
231	38477	Kassansai	71.53	41.25	889	1952	6.2	9.8	11.7	20.0	25.2	29.8	32.8	32.8	26.5	21.5	7.6	5.7
231	38477	Kassansai	71.53	41.25	889	1953	5.2	10.1	11.0	17.9	26.7	30.2	34.1	30.7	28.1	16.3	7.3	3.8
231	38477	Kassansai	71.53	41.25	889	1954	1.8	4.8	8.8	19.8	24.9	27.3	30.7	30.4	27.4	21.7	11.6	5.5
231	38477	Kassansai	71.53	41.25	889	1955	7.5	10.7	11.7	19.2	26.0	30.9	31.8	32.9	27.1	20.9	15.5	9.0
231	38477	Kassansai	71.53	41.25	889	1956	3.9	5.6	10.2	21.9	26.8	28.6	35.4	32.3	27.4	21.7	16.7	5.7
231	38477	Kassansai	71.53	41.25	889	1957	1.1	2.6	13.5	18.4	24.8	30.0	31.1	30.7	27.8	18.7	9.3	6.4
231	38477	Kassansai	71.53	41.25	889	1958	6.6	9.3	14.8	19.2	22.6	30.7	33.3	29.6	26.7	19.8	7.8	6.5
231	38477	Kassansai	71.53	41.25	889	1959	5.4	2.6	9.5	22.0	25.3	29.7	30.6	31.4	30.1	20.2	8.8	2.9
231	38477	Kassansai	71.53	41.25	889	1960	5.5	9.0	7.8	18.2	21.7	30.6	31.6	31.8	25.4	21.0	10.4	7.1
231	38477	Kassansai	71.53	41.25	889	1961	6.5	4.4	13.2	20.3	29.2	30.6	33.1	31.2	27.2	17.7	13.1	8.4
231	38477	Kassansai	71.53	41.25	889	1962	4.1	11.0	18.8	19.0	24.5	30.2	34.0	31.5	25.3	18.4	7.1	5.7
231	38477	Kassansai	71.53	41.25	889	1963	8.8	11.2	14.1	21.5	24.9	30.8	32.1	30.8	26.4	22.3	12.6	6.6
231	38477	Kassansai	71.53	41.25	889	1964	0.4	4.7	14.1	17.1	24.6	29.7	31.0	31.0	26.4	18.6	14.6	2.8
231	38477	Kassansai	71.53	41.25	889	1965	4.0	5.0	12.4	20.5	27.1	30.6	33.4	30.8	26.4	19.5	12.9	9.7
231	38468	Kizilcha	70.42	41.22	2075	1958	3.0	3.0	5.4	8.9	10.9	19.1	23.4	20.0	17.3	10.8	2.9	1.6
231	38468	Kizilcha	70.42	41.22	2075	1959	1.4	-0.9	3.9	8.5	13.8	18.9	21.3	22.9	23.2	11.9	2.1	-0.8
231	38468	Kizilcha	70.42	41.22	2075	1960	1.2	4.0	1.9	6.9	10.2	19.8	21.8	23.8	16.2	-999.0	-999.0	-999.0
231	38468	Kizilcha	70.42	41.22	2075	1961	-999.0	-999.0	3.9	9.8	18.1	20.2	24.9	23.0	19.4	8.7	5.6	1.6
231	38468	Kizilcha	70.42	41.22	2075	1962	-0.3	3.4	8.2	9.0	13.4	18.4	24.5	23.4	16.6	10.7	0.4	1.1
231	38468	Kizilcha	70.42	41.22	2075	1963	3.0	3.6	5.4	10.8	14.0	20.1	22.2	21.5	17.6	13.4	6.2	2.3
231	38468	Kizilcha	70.42	41.22	2075	1964	-3.8	0.7	5.7	7.2	13.3	18.5	21.0	22.9	18.1	10.2	7.5	1.4
231	38468	Kizilcha	70.42	41.22	2075	1965	1.8	0.7	4.3	9.6	16.4	20.5	24.2	23.0	17.5	11.8	5.6	3.9
231	38468	Kizilcha	70.42	41.22	2075	1966	3.5	5.1	3.5	8.3	13.4	21.5	23.3	23.0	18.4	9.8	6.0	0.7
231	38468	Kizilcha	70.42	41.22	2075	1967	-0.2	1.4	5.1	9.5	12.9	19.0	22.7	23.2	17.9	8.9	4.4	2.0
231	38468	Kizilcha	70.42	41.22	2075	1968	0.2	0.1	4.1	9.1	12.9	18.3	22.9	23.6	19.2	11.6	4.8	-0.8
231	38468	Kizilcha	70.42	41.22	2075	1969	-5.5	-3.1	5.0	7.7	13.4	18.4	20.4	22.0	16.9	10.1	5.8	3.4
231	38468	Kizilcha	70.42	41.22	2075	1970	-0.9	-999.0	3.1	10.2	16.8	19.5	-999.0	-999.0	19.2	12.5	6.9	0.1
231	38468	Kizilcha	70.42	41.22	2075	1971	-0.3	0.9	5.6	10.8	15.7	21.8	23.7	22.8	18.3	12.9	7.3	4.0
231	38468	Kizilcha	70.42	41.22	2075	1972	-4.1	-4.9	3.1	8.3	14.0	17.3	19.1	-999.0	18.0	13.1	-999.0	-0.7
231	38468	Kizilcha	70.42	41.22	2075	1973	-3.8	1.9	3.2	10.2	14.6	21.8	25.8	23.3	-999.0	12.3	8.3	3.6
231	38468	Kizilcha	70.42	41.22	2075	1974	-4.4	-3.1	4.0	11.0	15.0	19.8	23.7	-999.0	17.7	12.4	4.8	-999.0
231	38468	Kizilcha	70.42	41.22	2075	1975	-999.0	-1.3	2.8	10.8	14.1	20.7	25.4	24.1	17.9	11.4	1.9	1.4
231	38468	Kizilcha	70.42	41.22	2075	1976	2.5	-2.0	2.7	9.0	15.6	19.4	25.0	26.2	18.1	9.0	3.3	-0.2
231	38468	Kizilcha	70.42	41.22	2075	1977	-4.5	1.2	6.6	13.6	15.2	21.1	23.8	23.7	20.1	10.7	7.3	0.1
231	38468	Kizilcha	70.42	41.22	2075	1978	-1.6	-0.6	2.7	11.0	15.2	19.6	24.7	23.2	20.9	12.3	2.6	3.4
231	38468	Kizilcha	70.42	41.22	2075	1979	0.7	2.2	2.1	8.8	11.4	18.5	24.7	22.6	18.1	15.1	7.4	1.8
231	38468	Kizilcha	70.42	41.22	2075	1980	-1.5	-2.1	2.3	11.0	16.0	20.4	26.1	23.4	20.4	13.1	7.8	5.2
231	38468	Kizilcha	70.42	41.22	2075	1981	0.8	0.6	5.8	10.6	15.5	17.8	21.6	20.4	17.6	9.0	6.3	1.7
231	38468	Kizilcha	70.42	41.22	2075	1982	0.7	-1.3	2.9	12.5	16.3	20.1	23.1	22.8	16.8	10.9	2.1	1.9
231	38468	Kizilcha	70.42	41.22	2075	1983	0.1	2.3	2.9	10.3	14.3	18.6	24.0	25.4	18.6	11.7	7.8	1.5
231	38468	Kizilcha	70.42	41.22	2075	1984	-1.9	-4.7	5.0	9.3	15.7	22.0	27.1	27.5	18.6	12.5	5.1	-5.2
231	38468	Kizilcha	70.42	41.22	2075	1985	-0.9	1.7	1.8	11.7	14.5	20.8	25.1	21.9	20.4	9.7	4.3	1.6
231	38468	Kizilcha	70.42	41.22	2075	1986	-0.4	0.9	0.4	8.9	15.4	18.8	25.3	23.8	21.6	12.8	4.8	-0.1
231	38468	Kizilcha	70.42	41.22	2075	1987	1.1	2.4	5.0	7.0	15.2	18.2	21.1	25.2	19.1	6.8	4.8	4.8
231	38468	Kizilcha	70.42	41.22	2075	1988	0.9	2.8	3.5	11.9	13.8	21.4	25.8	23.5	20.2	10.9	10.4	3.9
231	38468	Kizilcha	70.42	41.22	2075	1989	-2.6	-3.1	5.9	7.6	13.1	19.1	23.0	23.7	18.2	13.8	5.2	3.0
231	38468	Kizilcha	70.42	41.22	2075	1990	-1.2	1.5	3.3	7.5	16.6	22.7	23.2	24.5	22.0	12.1	8.0	1.0
231	38606	Kokand	70.95	40.55	399	1928	0.1	4.2	10.7	22.1	29.4	34.3	33.8	32.2	27.2	22.1	14.0	4.6
231	38606	Kokand	70.95	40.55	399	1929	-999.0	-999.0	-999.0	-999.0	27.5	32.0	34.4	33.1	29.1	19.6	13.1	-1.1
231	38606	Kokand	70.95	40.55	399	1930	-2.7	3.1	-999.0	21.6	28.7	33.2	35.3	-999.0	25.0	19.0	-999.0	-999.0
231	38606	Kokand	70.95	40.55	399	1931	-999.0	0.8	15.3	24.3	26.5	32.2	33.4	32.4	29.2	20.8	10.2	3.8
231	38606	Kokand	70.95	40.55	399	1932	3.8	3.8	18.4	26.3	27.5	33.4	35.7	31.7	28.9	20.5	9.6	-1.4
231	38606	Kokand	70.95	40.55	399	1933	-3.2	6.3	11.5	24.0	31.1	33.0	37.2	34.3	29.1	21.8	14.1	4.6
231	38606	Kokand	70.95	40.55	399	1934	-3.4	6.9	14.8	19.5	24.8	33.0	33.3	33.5	26.1	21.1	10.6	6.5
231	38606	Kokand	70.95	40.55	399	1935	-3.3	7.8	12.5	23.5	29.4	30.7	35.7	35.2	27.6	22.2	9.5	3.9
231	38606	Kokand	70.95	40.55	399	1936	1.7	9.2	12.3	22.6	29.8	34.3	33.5	31.5	29.6	24.6	15.2	-999.0
231	38606	Kokand	70.95	40.55	399	1937	0.3	7.8	12.8	19.8	28.9	34.0	36.2	34.9	30.3	21.6	9.3	1.7
231	38606	Kokand	70.95	40.55	399	1938	3.8	9.2	12.3	26.7	31.6	33.3	33.8	34.0	28.8	22.6	12.3	5.3
231	38606	Kokand	70.95	40.55	399	1939	2.7	8.3	13.4	21.3	30.9	35.9	36.8	34.0	29.1	21.1	12.9	9.6
231	38606	Kokand	70.95	40.55	399	1940	5.5	9.3	12.9	26.3	28.5	35.6	35.3	34.1	29.0	22.9	13.7	7.6
231	38606	Kokand	70.95	40.55	399	1941	2.1	10.7	17.9	24.2	31.8	36.1	34.8	34.0	29.3	24.4	11.6	5.1
231	38606	Kokand	70.95	40.55	399	1942	1.7	4.5	13.7	22.3	29.0	33.1	35.7	32.8	28.0	22.5	12.4	6.5
231	38606	Kokand	70.95	40.55	399	1943	3.4	5.6	11.1	20.8	27.0	32.0	37.2	34.0	28.5	20.8	11.1	5.8
231	38606	Kokand	70.95	40.55	399	1944	4.8	10.5	16.6	24.3	31.6	33.9	37.3	33.5	28.4	19.4	11.3	-0.2
231	38606	Kokand	70.95	40.55	399	1945	1.3	2.0	10.4	22.6	27.8	32.3	34.3	34.9	29.4	23.4	10.2	5.3
231	38606	Kokand	70.95	40.55	399	1946	3.9	11.9	16.6	25.0	31.6	32.7	34.7	33.0	30.4	24.1	10.4	3.0
231	38606	Kokand	70.95	40.55	399	1947	-999.0	6.5	20.7	24.3	28.1	32.0	35.0	34.1	28.8	21.1	15.3	7.5
231	38606	Kokand	70.95	40.55	399	1948	6.6	9.1	13.1	20.1	28.9	32.3	36.2	33.9	27.0	20.6	13.3	0.9
231	38606	Kokand	70.95	40.55	399	1949	-0.5	5.8	12.4	21.8	27.1	30.6	35.4	32.4	27.4	18.6	10.5	5.5
231	38606	Kokand	70.95	40.55	399	1950	2.2	5.1	16.8	22.0	30.5	33.9	34.7	34.0	28.8	21.3	8.5	0.8
231	38606	Kokand	70.95	40.55	399	1951	0.0	0.3	12.1	24.0	28.3	30.4	34.5	34.2	30.1	21.1	11.6	8.9
231	38606	Kokand	70.95	40.55	399	1952	5.6	10.6	14.1	23.6	28.2	32.8	35.0	34.6	28.7	23.2	8.1	4.9
231	38606	Kokand	70.95	40.55	399	1953	4.7	11.3	12.8	21.4	29.4	33.3	36.6	33.9	30.2	17.8	8.0	3.0
231	38606	Kokand	70.95	40.55	399	1954	0.1	3.6	10.5	23.4	28.3	31.1	33.5	32.9	29.3	24.3	12.5	4.0
231	38606	Kokand	70.95	40.55	399	1955	6.7	12.0	14.4	23.4	29.6	34.0	35.4	35.1	29.1	22.7	15.0	7.7
231	38606	Kokand	70.95	40.55	399	1956	2.7	6.1	12.9	24.4	30.1	32.4	37.4	34.3	29.2	23.3	16.6	4.1
231	38606	Kokand	70.95	40.55	399	1957	-1.9	0.6	15.6	21.6	28.5	32.8	33.6	33.1	30.0	20.5	10.8	4.7
231	38606	Kokand	70.95	40.55	399	1958	5.7	10.6	17.2	21.9	26.6	34.1	35.9	32.0	28.0	21.6	8.8	6.0
231	38606	Kokand	70.95	40.55	399	1959	4.4	5.1	13.0	25.6	29.0	32.2	32.8	32.7	30.7	21.5	-999.0	-999.0
231	38606	Kokand	70.95	40.55	399	1960	-999.0	-999.0	10.5	21.5	26.0	33.9	33.8	33.6	27.7	22.5	12.1	4.3
231	38606	Kokand	70.95	40.55	399	1961	5.2	8.0	16.3	24.0	31.7	32.9	35.0	33.2	29.0	20.3	14.1	8.0
231	38606	Kokand	70.95	40.55	399	1962	4.7	11.7	20.6	22.7	28.3	32.3	35.9	32.9	27.5	21.0	8.8	4.3
231	38606	Kokand	70.95	40.55	399	1963	7.2	12.2	16.3	24.8	28.1	33.5	33.5	32.4	28.4	23.7	12.5	4.0
231	38606	Kokand	70.95	40.55	399	1964	-0.6	5.8	15.9	20.5	28.4	32.6	33.5	32.5	28.6	20.8	15.0	3.1
231	38606	Kokand	70.95	40.55	399	1965	5.0	6.6	14.8	24.3	30.8	33.4	35.0	33.5	28.6	21.1	13.8	7.4
231	38816	Minchukur	66.93	38.65	2132	1950	-999.0	-999.0	-999.0	-999.0	-999.0	-999.0	-999.0	-999.0	18.0	13.9	4.6	-0.1
231	38816	Minchukur	66.93	38.65	2132	1951	-0.4	-0.1	5.4	9.2	16.7	19.3	23.6	23.5	20.0	14.8	8.0	5.4
231	38816	Minchukur	66.93	38.65	2132	1952	1.7	3.3	4.8	-999.0	-999.0	-999.0	-999.0	23.9	18.5	13.7	6.3	2.7
231	38816	Minchukur	66.93	38.65	2132	1953	1.8	6.6	3.9	10.5	16.2	21.0	26.0	23.2	19.3	10.2	4.7	3.0
231	38816	Minchukur	66.93	38.65	2132	1954	-0.2	1.7	3.8	12.4	17.6	20.1	23.0	22.3	19.4	12.9	6.0	4.1
231	38816	Minchukur	66.93	38.65	2132	1955	2.5	4.0	5.4	10.6	15.1	20.9	24.9	25.7	19.7	12.5	10.6	4.9
231	38816	Minchukur	66.93	38.65	2132	1956	1.5	2.6	5.4	12.9	18.9	20.7	28.2	24.0	19.3	13.4	10.8	1.8
231	38816	Minchukur	66.93	38.65	2132	1957	-1.8	-0.1	6.2	7.9	15.0	20.7	22.6	22.7	18.2	11.4	5.3	3.0
231	38816	Minchukur	66.93	38.65	2132	1958	3.8	3.4	7.5	12.7	13.5	21.9	25.6	22.5	19.4	13.0	3.6	4.2
231	38816	Minchukur	66.93	38.65	2132	1959	3.4	0.0	5.5	14.0	16.0	21.7	24.0	25.3	23.4	14.9	5.1	2.2
231	38816	Minchukur	66.93	38.65	2132	1960	3.6	6.5	3.0	8.4	13.5	22.4	23.8	24.6	18.4	13.3	5.8	5.2
231	38816	Minchukur	66.93	38.65	2132	1961	2.0	-2.0	5.5	9.6	19.4	22.1	26.1	23.9	20.5	11.2	7.9	3.7
231	38816	Minchukur	66.93	38.65	2132	1962	0.9	4.1	9.0	9.9	14.9	20.5	25.6	23.2	17.2	11.9	2.9	4.2
231	38816	Minchukur	66.93	38.65	2132	1963	6.0	5.3	7.2	12.4	15.1	22.4	23.5	22.4	18.9	15.0	7.9	5.6
231	38816	Minchukur	66.93	38.65	2132	1964	3.3	1.9	8.2	9.4	15.2	21.4	23.7	23.7	18.7	10.5	8.1	0.7
231	38816	Minchukur	66.93	38.65	2132	1965	2.2	0.3	4.0	10.4	17.4	21.8	25.1	24.0	17.6	14.7	9.4	5.0
231	38816	Minchukur	66.93	38.65	2132	1966	6.8	5.5	4.5	10.3	16.3	24.3	24.6	23.6	18.6	10.3	5.9	3.3
231	38816	Minchukur	66.93	38.65	2132	1967	1.5	0.9	5.8	9.7	14.1	21.1	24.7	24.1	19.4	10.6	6.7	3.6
231	38816	Minchukur	66.93	38.65	2132	1968	1.4	0.7	-999.0	10.5	-999.0	21.6	25.1	24.1	19.6	12.2	7.3	1.2
231	38816	Minchukur	66.93	38.65	2132	1969	-1.9	-1.5	7.3	10.3	13.3	21.3	23.3	23.1	17.5	12.5	5.8	5.2
231	38816	Minchukur	66.93	38.65	2132	1970	0.9	3.3	4.5	12.7	18.8	22.2	23.3	25.6	18.5	14.2	10.0	2.5
231	38816	Minchukur	66.93	38.65	2132	1971	0.7	2.4	8.5	12.5	19.5	24.3	24.8	23.5	18.3	13.5	9.5	7.4
231	38816	Minchukur	66.93	38.65	2132	1972	-1.4	-3.4	4.7	11.3	14.3	20.0	21.6	21.0	19.1	14.0	10.8	0.7
231	38816	Minchukur	66.93	38.65	2132	1973	-1.3	4.0	4.2	12.4	16.3	24.7	27.2	25.2	18.2	14.6	11.5	4.5
231	38816	Minchukur	66.93	38.65	2132	1974	-1.0	-1.5	6.8	12.9	16.8	21.8	24.5	21.8	18.6	12.2	8.4	1.7
231	38816	Minchukur	66.93	38.65	2132	1975	0.9	0.6	5.0	10.4	15.5	22.8	26.1	25.2	19.7	12.8	5.2	3.2
231	38816	Minchukur	66.93	38.65	2132	1976	3.1	-1.0	2.6	10.5	-999.0	21.8	26.4	25.8	19.3	12.0	-999.0	-999.0
231	38816	Minchukur	66.93	38.65	2132	1977	-999.0	-999.0	10.6	14.1	-999.0	-999.0	-999.0	24.1	20.0	13.5	8.7	3.5
231	38816	Minchukur	66.93	38.65	2132	1978	-0.8	1.7	3.3	13.4	17.4	22.9	26.0	24.9	21.5	14.4	4.3	5.9
231	38816	Minchukur	66.93	38.65	2132	1979	2.1	3.1	3.5	13.3	13.7	22.0	27.1	23.7	20.2	16.9	8.3	3.8
231	38816	Minchukur	66.93	38.65	2132	1980	-0.1	-0.7	4.2	14.4	17.9	22.7	26.3	23.9	19.9	13.0	9.6	5.9
231	38816	Minchukur	66.93	38.65	2132	1981	1.2	1.7	6.4	11.8	16.2	19.6	23.3	22.0	19.0	9.8	8.6	4.3
231	38816	Minchukur	66.93	38.65	2132	1982	1.5	-0.5	3.8	13.4	17.8	22.5	23.9	23.2	16.7	12.4	4.0	2.6
231	38816	Minchukur	66.93	38.65	2132	1983	1.3	3.4	3.0	10.9	17.2	22.2	26.6	26.6	20.1	13.2	11.1	2.3
231	38816	Minchukur	66.93	38.65	2132	1984	-1.0	-5.0	6.0	12.2	17.1	23.5	27.9	28.4	18.4	12.3	7.9	-999.0
231	38816	Minchukur	66.93	38.65	2132	1985	1.6	5.0	3.7	-999.0	16.3	23.6	26.7	22.5	20.6	12.3	8.0	2.9
231	38816	Minchukur	66.93	38.65	2132	1986	2.6	3.5	1.6	10.4	17.6	21.9	26.3	24.0	20.8	14.7	6.3	1.8
231	38816	Minchukur	66.93	38.65	2132	1987	4.2	3.9	6.6	9.6	17.2	20.9	23.8	27.2	21.6	10.0	9.4	7.6
231	38816	Minchukur	66.93	38.65	2132	1988	2.7	3.0	4.5	-999.0	16.3	23.3	26.2	22.5	19.2	12.0	11.8	4.7
231	38816	Minchukur	66.93	38.65	2132	1989	-1.9	-2.9	5.6	9.3	13.8	21.9	24.4	23.7	19.5	15.5	7.2	4.4
231	38816	Minchukur	66.93	38.65	2132	1990	0.0	0.4	-999.0	10.0	19.1	24.7	24.2	25.7	22.3	13.2	10.9	1.6
231	38611	Namangan	71.35	41.00	474	1924	-999.0	-999.0	-999.0	-999.0	25.2	32.4	-999.0	-999.0	29.1	22.6	11.8	5.2
231	38611	Namangan	71.35	41.00	474	1925	-999.0	6.3	18.0	23.0	30.7	35.0	35.4	33.3	29.2	-999.0	-999.0	-999.0
231	38611	Namangan	71.35	41.00	474	1926	-999.0	10.1	18.0	20.6	29.6	31.6	33.6	-999.0	29.6	22.9	9.6	8.1
231	38611	Namangan	71.35	41.00	474	1927	-999.0	-999.0	-999.0	-999.0	-999.0	-999.0	-999.0	-999.0	-999.0	-999.0	-999.0	-999.0
231	38611	Namangan	71.35	41.00	474	1928	-999.0	-999.0	-999.0	-999.0	-999.0	-999.0	-999.0	-999.0	-999.0	-999.0	-999.0	-999.0
231	38611	Namangan	71.35	41.00	474	1929	-999.0	-999.0	-999.0	-999.0	26.9	31.6	34.2	33.5	29.4	20.2	13.7	-0.9
231	38611	Namangan	71.35	41.00	474	1930	-3.5	2.9	13.6	21.0	28.8	33.0	36.4	32.8	26.1	20.1	16.0	1.8
231	38611	Namangan	71.35	41.00	474	1931	1.9	0.6	14.8	-999.0	26.3	32.7	-999.0	33.9	32.1	22.6	10.7	4.1
231	38611	Namangan	71.35	41.00	474	1932	4.2.	3.6	18.3	26.1	28.5	32.9	34.9	31.5	28.6	20.8	9.2	4.7
231	38611	Namangan	71.35	41.00	474	1933	-8.3	6.5	11.5	23.9	30.9	32.4	36.2	34.1	29.1	21.6	14.4	4.6
231	38611	Namangan	71.35	41.00	474	1934	-3.0	7.3	15.3	19.1	23.9	32.6	33.8	33.8	25.9	21.4	10.9	7.6
231	38611	Namangan	71.35	41.00	474	1935	-3.2	7.5	13.1	22.9	28.9	30.2	35.5	35.0	27.5	21.6	9.5	4.2
231	38611	Namangan	71.35	41.00	474	1936	1.1	8.7	11.8	22.1	29.1	34.4	34.2	31.7	29.4	24.3	14.7	3.8
231	38611	Namangan	71.35	41.00	474	1937	-0.5	7.1	13.0	19.8	28.4	33.3	35.5	34.0	29.7	21.5	9.8	1.9
231	38611	Namangan	71.35	41.00	474	1938	4.4	9.4	12.4	27.1	31.2	33.0	33.3	33.5	29.1	22.1	12.0	5.7
231	38611	Namangan	71.35	41.00	474	1939	2.8	7.7	13.8	21.4	30.5	34.8	35.1	32.8	29.1	21.8	13.3	10.2
231	38611	Namangan	71.35	41.00	474	1940	5.5	9.5	13.1	26.5	28.4	34.8	35.0	33.6	28.6	23.2	13.6	8.0
231	38611	Namangan	71.35	41.00	474	1941	1.9	10.8	18.6	24.4	31.2	35.4	34.2	34.4	29.8	24.6	11.8	5.7
231	38611	Namangan	71.35	41.00	474	1942	2.7	5.0	14.2	22.7	28.9	32.9	35.6	33.1	28.2	23.1	13.5	7.5
231	38611	Namangan	71.35	41.00	474	1943	3.2	6.0	11.9	21.0	27.5	32.2	36.5	33.9	28.7	-999.0	11.4	6.3
231	38611	Namangan	71.35	41.00	474	1944	5.9	11.5	21.9	24.3	31.0	33.6	37.2	33.9	28.8	19.6	12.5	0.3
231	38611	Namangan	71.35	41.00	474	1945	2.1	2.2	10.3	23.3	27.8	32.2	34.1	35.0	29.7	24.2	11.1	7.1
231	38611	Namangan	71.35	41.00	474	1946	5.6	11.4	16.5	25.2	31.6	33.1	35.3	33.3	30.0	24.8	11.0	1.8
231	38611	Namangan	71.35	41.00	474	1947	1.4	6.4	21.1	24.5	27.6	31.7	35.6	34.7	29.0	21.4	16.6	8.5
231	38611	Namangan	71.35	41.00	474	1948	8.4	10.9	13.9	20.4	29.0	32.3	36.5	33.7	27.3	21.1	14.2	1.5
231	38611	Namangan	71.35	41.00	474	1949	0.7	6.5	12.6	21.9	27.5	31.1	35.5	32.6	27.0	18.1	10.6	6.6
231	38611	Namangan	71.35	41.00	474	1950	2.1	4.6	16.7	22.2	30.5	34.0	34.6	33.2	28.0	20.6	8.1	0.3
231	38611	Namangan	71.35	41.00	474	1951	-0.4	-0.3	11.3	23.7	28.6	30.5	33.6	32.9	29.2	20.3	11.4	8.7
231	38611	Namangan	71.35	41.00	474	1952	5.1	10.7	13.3	22.6	27.9	32.6	34.8	33.9	28.0	22.1	7.7	4.7
231	38611	Namangan	71.35	41.00	474	1953	4.4	10.4	12.4	20.6	29.6	32.8	35.7	32.2	28.7	17.5	7.7	2.4
231	38611	Namangan	71.35	41.00	474	1954	0.3	3.1	9.9	22.1	27.7	30.3	32.6	31.6	28.1	23.0	12.1	3.9
231	38611	Namangan	71.35	41.00	474	1955	6.6	11.2	13.2	21.8	28.5	33.3	33.9	34.5	28.3	21.7	15.2	7.7
231	38611	Namangan	71.35	41.00	474	1956	3.4	5.7	11.6	24.4	29.9	32.1	36.8	33.9	28.9	22.2	16.0	4.0
231	38611	Namangan	71.35	41.00	474	1957	-1.7	1.0	14.9	20.8	27.7	32.9	33.5	32.5	29.1	19.7	10.1	4.3
231	38611	Namangan	71.35	41.00	474	1958	5.6	11.2	17.1	21.4	26.0	33.4	35.6	31.5	28.0	20.9	8.4	5.7
231	38611	Namangan	71.35	41.00	474	1959	4.4	3.8	11.9	24.5	28.4	32.6	32.6	32.6	31.4	21.5	10.4	2.1
231	38611	Namangan	71.35	41.00	474	1960	5.1	9.4	9.4	20.8	25.2	33.8	33.7	33.8	27.4	21.8	11.2	4.4
231	38611	Namangan	71.35	41.00	474	1961	6.1	6.9	16.0	23.3	32.1	33.6	35.1	33.0	28.9	19.7	13.2	7.7
231	38611	Namangan	71.35	41.00	474	1962	4.8	11.7	20.5	21.9	28.1	32.9	36.6	33.4	27.8	20.9	8.4	4.6
231	38611	Namangan	71.35	41.00	474	1963	6.6	12.2	16.2	24.6	29.2	34.6	35.2	33.0	29.2	24.7	13.7	5.3
231	38611	Namangan	71.35	41.00	474	1964	-0.3	5.6	16.2	20.3	28.2	33.3	33.7	32.6	27.9	19.7	14.5	2.8
231	38611	Namangan	71.35	41.00	474	1965	4.6	6.0	14.9	23.3	30.7	34.1	35.4	32.8	27.8	20.7	13.5	8.0
231	38600	Naugarzan	70.40	42.00	2020	1960	2.5	4.7	1.8	8.7	12.9	22.4	24.4	25.5	17.7	13.2	4.5	3.7
231	38600	Naugarzan	70.40	42.00	2020	1961	1.6	-8.0	6.0	11.4	20.4	22.7	26.6	24.6	20.7	9.7	7.1	2.6
231	38600	Naugarzan	70.40	42.00	2020	1962	0.2	3.5	10.4	10.6	15.5	21.1	27.0	25.0	18.3	11.9	0.9	2.2
231	38600	Naugarzan	70.40	42.00	2020	1963	4.7	4.8	6.7	12.9	15.7	23.1	25.0	23.7	19.1	14.8	7.0	4.3
231	38600	Naugarzan	70.40	42.00	2020	1964	-8.6	0.6	6.9	8.9	16.0	22.1	23.7	24.7	19.1	11.0	7.7	1.1
231	38600	Naugarzan	70.40	42.00	2020	1965	2.0	-0.2	3.8	11.2	18.8	23.0	28.7	24.6	18.5	12.7	7.6	4.6
231	38565	Nurata	65.68	40.55	485	1933	0.3	7.9	9.0	20.6	28.5	30.8	34.9	33.2	27.1	19.8	14.4	7.7
231	38565	Nurata	65.68	40.55	485	1934	-3.1	9.7	13.8	17.2	21.7	31.9	31.7	32.8	24.3	19.6	9.6	5.7
231	38565	Nurata	65.68	40.55	485	1935	-1.3	10.6	-999.0	-999.0	-999.0	-999.0	-999.0	-999.0	-999.0	21.3	7.2	6.3
231	38565	Nurata	65.68	40.55	485	1936	6.2	9.0	12.0	19.1	27.5	33.4	33.7	-999.0	-999.0	-999.0	15.6	5.3
231	38565	Nurata	65.68	40.55	485	1937	4.2	9.0	11.0	16.0	27.1	32.4	36.0	34.3	29.4	20.4	10.6	6.0
231	38565	Nurata	65.68	40.55	485	1938	8.0	10.9	10.7	23.6	29.8	31.9	32.2	32.1	27.4	20.1	12.7	4.6
231	38565	Nurata	65.68	40.55	485	1939	6.1	8.3	12.9	17.6	27.3	35.0	35.3	31.4	27.9	20.4	14.2	11.8
231	38565	Nurata	65.68	40.55	485	1940	5.6	10.4	13.1	24.0	27.0	33.9	35.3	33.1	28.1	-999.0	15.7	12.6
231	38565	Nurata	65.68	40.55	485	1941	7.3	12.9	16.9	21.9	30.0	35.2	33.4	33.1	28.6	23.9	13.8	9.2
231	38565	Nurata	65.68	40.55	485	1942	8.9	4.0	14.8	19.8	28.1	33.3	35.7	31.5	26.6	22.0	14.7	8.0
231	38565	Nurata	65.68	40.55	485	1943	5.2	3.8	7.9	19.8	27.2	31.0	35.8	32.4	26.3	19.5	11.7	7.9
231	38565	Nurata	65.68	40.55	485	1944	7.8	11.8	19.6	21.0	29.8	32.2	37.5	32.8	26.4	19.1	12.5	-1.7
231	38565	Nurata	65.68	40.55	485	1945	3.3	-999.0	-999.0	-999.0	-999.0	31.9	34.2	36.3	28.0	23.4	9.7	9.0
231	38565	Nurata	65.68	40.55	485	1946	4.1	13.1	14.5	21.6	30.7	31.2	32.7	31.5	28.9	22.0	10.7	2.0
231	38565	Nurata	65.68	40.55	485	1947	7.1	8.8	18.9	-999.0	-999.0	-999.0	-999.0	-999.0	-999.0	-999.0	-999.0	-999.0
231	38565	Nurata	65.68	40.55	485	1948	-999.0	-999.0	-999.0	-999.0	26.4	32.3	36.9	34.0	27.0	20.9	14.4	3.8
231	38565	Nurata	65.68	40.55	485	1949	2.6	5.9	10.1	19.2	24.7	30.9	35.3	31.9	25.4	16.6	11.0	9.4
231	38565	Nurata	65.68	40.55	485	1950	3.6	6.5	15.5	20.7	29.4	32.9	-999.0	-999.0	27.1	21.0	8.6	2.4
231	38565	Nurata	65.68	40.55	485	1951	3.1	0.0	10.8	22.2	26.5	30.0	34.4	33.1	28.3	19.1	12.0	10.3
231	38565	Nurata	65.68	40.55	485	1952	7.4	11.4	12.6	20.4	25.6	31.7	35.8	34.2	26.9	21.9	6.8	5.3
231	38565	Nurata	65.68	40.55	485	1953	8.5	14.7	12.0	20.1	26.2	31.6	35.8	32.9	28.6	17.9	9.3	5.0
231	38565	Nurata	65.68	40.55	485	1954	5.4	4.7	8.0	19.0	26.3	29.3	34.0	31.5	27.4	21.6	10.3	5.7
231	38565	Nurata	65.68	40.55	485	1955	9.0	13.2	12.9	19.4	26.6	32.6	34.9	34.2	27.5	20.3	16.7	10.0
231	38565	Nurata	65.68	40.55	485	1956	3.6	7.1	11.2	21.6	26.6	30.7	36.5	32.6	26.4	21.3	17.0	5.5
231	38565	Nurata	65.68	40.55	485	1957	0.3	4.7	15.4	17.8	26.7	31.3	32.6	31.5	28.4	18.5	12.0	7.7
231	38565	Nurata	65.68	40.55	485	1958	9.6	12.5	17.0	18.9	25.2	33.9	36.6	32.3	27.5	20.2	8.7	8.0
231	38565	Nurata	65.68	40.55	485	1959	7.0	5.7	10.7	23.9	27.6	33.5	33.3	33.9	31.3	20.3	7.0	1.4
231	38565	Nurata	65.68	40.55	485	1960	10.4	12.7	6.6	19.1	24.0	33.9	33.5	33.8	27.1	21.6	11.1	5.0
231	38565	Nurata	65.68	40.55	485	1961	7.7	6.7	14.8	20.3	32.2	34.2	36.1	34.6	28.5	18.0	16.0	11.7
231	38565	Nurata	65.68	40.55	485	1962	7.1	12.6	18.7	20.5	27.8	33.3	37.7	33.9	26.4	19.9	7.8	8.3
231	38565	Nurata	65.68	40.55	485	1963	12.0	13.1	15.0	24.1	27.8	34.9	35.2	32.5	28.1	22.9	12.6	7.6
231	38565	Nurata	65.68	40.55	485	1964	2.0	7.5	15.9	17.5	26.4	32.0	34.5	33.5	27.6	17.5	16.4	3.1
231	38565	Nurata	65.68	40.55	485	1965	3.0	6.5	14.5	21.8	30.1	33.3	36.3	34.0	27.4	20.7	16.0	10.9
231	38339	Oigaing	70.88	42.17	2151	1966	-2.1	0.0	-0.5	5.1	12.2	20.9	22.9	23.4	18.4	9.0	3.5	-2.9
231	38339	Oigaing	70.88	42.17	2151	1967	-6.3	-3.9	2.9	7.0	13.9	19.3	21.4	23.6	17.7	7.9	1.9	-2.3
231	38339	Oigaing	70.88	42.17	2151	1968	-4.3	-1.8	3.1	6.6	13.5	17.6	22.6	24.9	19.6	10.5	0.0	-4.8
231	38339	Oigaing	70.88	42.17	2151	1969	-8.5	-6.7	0.7	5.2	10.8	20.0	20.7	22.7	16.3	7.6	0.6	-1.3
231	38339	Oigaing	70.88	42.17	2151	1970	-5.6	-1.5	1.6	9.0	15.7	18.6	20.4	24.9	20.2	12.0	2.5	-3.7
231	38339	Oigaing	70.88	42.17	2151	1971	-4.8	-3.0	3.2	8.1	15.8	21.7	24.4	24.2	20.1	12.6	2.8	-0.7
231	38339	Oigaing	70.88	42.17	2151	1972	-6.8	-7.3	0.2	5.7	13.4	16.3	19.4	21.5	18.9	12.7	2.2	-5.2
231	38339	Oigaing	70.88	42.17	2151	1973	-7.7	-2.5	0.0	7.0	14.5	21.8	26.3	25.1	17.1	11.3	5.2	-0.8
231	38339	Oigaing	70.88	42.17	2151	1974	-7.6	-5.9	2.4	9.8	15.8	19.2	23.0	20.1	16.2	12.2	1.8	-7.7
231	38339	Oigaing	70.88	42.17	2151	1975	-5.0	-5.0	0.1	10.3	14.5	20.8	25.2	25.0	19.3	10.5	-1.8	-4.5
231	38339	Oigaing	70.88	42.17	2151	1976	-3.1	-6.0	-0.4	5.1	16.3	20.4	25.9	28.2	16.7	6.8	-1.9	-5.0
231	38339	Oigaing	70.88	42.17	2151	1977	-999.0	-999.0	4.0	13.3	14.7	21.0	24.6	24.0	20.8	8.7	1.8	-4.2
231	38339	Oigaing	70.88	42.17	2151	1978	-5.5	-4.2	0.7	7.5	15.0	19.2	24.9	24.7	21.1	10.5	-1.3	-0.8
231	38339	Oigaing	70.88	42.17	2151	1979	-3.5	-1.1	1.0	5.9	11.5	18.8	25.4	23.3	18.6	14.0	5.8	-2.1
231	38339	Oigaing	70.88	42.17	2151	1980	-5.7	-4.9	0.8	8.2	15.6	19.4	26.2	24.4	19.7	10.9	5.0	-0.3
231	38339	Oigaing	70.88	42.17	2151	1981	-3.5	-3.3	3.2	7.2	15.9	17.6	20.8	20.4	17.4	9.6	4.2	-3.0
231	38339	Oigaing	70.88	42.17	2151	1982	-3.8	-4.6	0.8	11.0	17.0	19.8	21.9	22.9	16.1	8.9	-1.5	-2.8
231	38339	Oigaing	70.88	42.17	2151	1983	-4.3	-2.0	1.1	10.6	14.3	17.5	23.0	26.2	18.4	10.8	1.4	-4.1
231	38339	Oigaing	70.88	42.17	2151	1984	-7.1	-7.7	1.3	4.6	14.2	21.9	28.0	29.5	17.7	10.1	0.4	-9.7
231	38339	Oigaing	70.88	42.17	2151	1985	-4.9	-1.6	-1.7	-999.0	14.2	19.7	23.7	22.0	20.3	8.2	0.8	-2.7
231	38339	Oigaing	70.88	42.17	2151	1986	-4.9	-3.0	-1.2	7.3	13.1	16.9	24.0	23.9	22.0	10.9	1.4	-3.9
231	38339	Oigaing	70.88	42.17	2151	1987	-2.9	-1.0	2.2	4.2	10.3	18.2	20.8	25.6	-999.0	6.3	1.5	-0.1
231	38339	Oigaing	70.88	42.17	2151	1988	-3.9	-2.9	0.2	6.4	12.1	21.1	24.8	-999.0	19.2	8.6	6.3	-0.6
231	38339	Oigaing	70.88	42.17	2151	1989	-6.4	-6.8	3.1	5.5	13.7	18.0	23.6	24.1	18.5	-999.0	0.1	-1.8
231	38339	Oigaing	70.88	42.17	2151	1990	-5.7	-3.4	0.4	5.1	13.7	23.5	21.5	24.4	22.4	10.9	-999.0	-999.0
231	38462	Pskem	70.37	41.90	1256	1937	-999.0	-999.0	-999.0	13.1	20.2	24.9	29.9	31.2	26.3	18.4	7.6	4.4
231	38462	Pskem	70.37	41.90	1256	1938	2.5	3.8	6.1	19.7	24.4	26.8	28.3	30.9	25.2	18.1	6.4	1.5
231	38462	Pskem	70.37	41.90	1256	1939	0.9	3.2	5.7	13.4	23.0	28.1	31.3	30.2	25.5	17.9	10.6	6.4
231	38462	Pskem	70.37	41.90	1256	1940	3.4	4.3	7.8	19.5	20.4	27.6	30.5	30.7	24.5	17.6	11.7	5.9
231	38462	Pskem	70.37	41.90	1256	1941	1.0	5.6	10.2	17.3	23.8	29.4	29.2	30.5	26.1	22.4	8.1	2.9
231	38462	Pskem	70.37	41.90	1256	1942	2.3	1.2	7.4	15.6	22.0	25.8	31.4	29.1	24.0	18.4	9.5	3.9
231	38462	Pskem	70.37	41.90	1256	1943	1.8	1.7	5.5	13.9	21.5	25.4	32.2	29.6	24.9	16.0	6.4	3.6
231	38462	Pskem	70.37	41.90	1256	1944	2.1	5.6	13.9	17.8	24.1	27.2	33.7	30.9	24.7	14.6	8.1	0.0
231	38462	Pskem	70.37	41.90	1256	1945	0.2	-0.5	5.1	15.6	21.8	25.5	29.3	31.2	25.6	20.4	5.6	2.8
231	38462	Pskem	70.37	41.90	1256	1946	1.6	7.0	8.2	17.0	23.1	25.3	29.4	28.2	26.1	20.1	7.4	1.3
231	38462	Pskem	70.37	41.90	1256	1947	1.6	3.9	12.5	17.4	19.3	23.4	28.8	30.0	24.6	15.7	12.8	3.7
231	38462	Pskem	70.37	41.90	1256	1948	5.4	4.7	7.1	13.5	22.1	25.4	31.9	30.8	23.4	18.1	10.8	-1.1
231	38462	Pskem	70.37	41.90	1256	1949	0.6	2.4	6.4	13.7	20.5	22.9	30.1	27.4	22.3	14.6	6.6	3.6
231	38462	Pskem	70.37	41.90	1256	1950	0.9	2.3	7.9	15.5	22.7	26.7	30.0	30.0	25.0	17.5	4.9	-0.7
231	38462	Pskem	70.37	41.90	1256	1951	-0.9	-0.1	7.7	15.4	23.3	22.5	28.0	29.2	25.9	15.9	9.2	6.3
231	38462	Pskem	70.37	41.90	1256	1952	3.3	6.5	6.5	15.4	21.0	25.5	29.7	30.7	24.5	19.2	6.0	2.0
231	38462	Pskem	70.37	41.90	1256	1953	2.9	6.9	6.6	14.6	22.0	26.0	31.5	29.1	25.3	13.3	4.9	2.2
231	38462	Pskem	70.37	41.90	1256	1954	0.0	3.1	5.9	15.8	21.1	23.2	27.7	27.3	25.0	19.0	9.4	2.3
231	38462	Pskem	70.37	41.90	1256	1955	4.5	5.8	7.5	13.9	21.3	26.5	28.9	31.0	25.1	18.5	11.2	5.0
231	38462	Pskem	70.37	41.90	1256	1956	2.2	4.8	6.7	16.9	21.5	24.4	33.2	30.8	25.2	18.5	13.4	3.2
231	38462	Pskem	70.37	41.90	1256	1957	-0.8	3.3	9.2	16.2	21.2	25.6	27.3	28.6	25.2	16.9	7.3	4.2
231	38462	Pskem	70.37	41.90	1256	1958	4.3	6.4	9.4	14.6	18.1	25.7	30.2	27.3	24.4	17.3	5.2	3.6
231	38462	Pskem	70.37	41.90	1256	1959	3.0	1.5	6.0	16.3	21.4	25.2	27.5	28.8	29.6	17.6	6.0	1.0
231	38462	Pskem	70.37	41.90	1256	1960	2.9	6.0	4.7	11.4	17.2	25.9	27.7	30.0	23.0	18.1	8.5	6.5
231	38462	Pskem	70.37	41.90	1256	1961	4.5	2.7	8.9	17.6	25.6	27.0	31.0	29.9	25.9	14.3	9.8	4.8
231	38462	Pskem	70.37	41.90	1256	1962	1.7	6.4	14.6	15.7	20.1	25.4	30.9	30.0	23.5	16.9	3.9	2.7
231	38462	Pskem	70.37	41.90	1256	1963	6.1	7.1	10.3	17.2	20.5	26.1	28.4	27.6	24.4	19.4	9.2	3.8
231	38462	Pskem	70.37	41.90	1256	1964	-1.9	3.6	8.6	13.3	20.5	25.4	28.0	29.4	23.7	16.1	11.2	3.2
231	38462	Pskem	70.37	41.90	1256	1965	3.4	2.7	7.6	17.0	23.4	26.4	31.3	29.8	23.7	16.8	9.7	7.3
231	38462	Pskem	70.37	41.90	1256	1966	6.2	7.6	7.9	16.0	20.1	28.4	29.9	30.4	24.8	16.4	10.3	4.0
231	38462	Pskem	70.37	41.90	1256	1967	3.0	3.4	10.3	15.9	19.6	25.4	28.5	29.3	24.0	14.8	10.2	5.3
231	38462	Pskem	70.37	41.90	1256	1968	2.9	4.4	8.8	15.0	19.8	24.6	29.5	30.2	25.1	17.0	8.3	1.9
231	38462	Pskem	70.37	41.90	1256	1969	-3.7	-1.2	5.7	13.7	20.3	25.8	26.8	28.4	22.9	15.4	10.0	6.7
231	38462	Pskem	70.37	41.90	1256	1970	1.7	5.4	9.2	17.5	22.2	25.4	27.9	30.4	24.8	18.1	11.2	2.7
231	38462	Pskem	70.37	41.90	1256	1971	1.7	3.8	10.3	16.8	21.7	27.8	29.9	28.9	24.7	18.7	11.0	6.7
231	38462	Pskem	70.37	41.90	1256	1972	-1.8	-2.7	5.9	14.8	20.4	22.8	25.8	26.8	24.2	19.2	11.5	0.3
231	38462	Pskem	70.37	41.90	1256	1973	-1.3	4.2	6.5	16.4	20.9	27.6	31.8	30.0	23.3	18.6	13.5	7.5
231	38462	Pskem	70.37	41.90	1256	1974	-1.1	1.1	9.9	16.7	22.1	26.7	30.5	27.2	24.0	19.0	10.4	0.8
231	38462	Pskem	70.37	41.90	1256	1975	1.3	1.8	7.1	19.0	21.1	27.2	31.8	30.8	24.7	16.9	5.9	3.9
231	38462	Pskem	70.37	41.90	1256	1976	5.2	1.0	6.4	15.1	22.4	26.1	31.2	32.5	23.4	14.3	7.2	3.3
231	38462	Pskem	70.37	41.90	1256	1977	-1.7	5.0	12.7	21.2	21.3	27.5	30.1	29.8	26.5	16.2	12.4	2.7
231	38462	Pskem	70.37	41.90	1256	1978	1.6	2.9	7.7	17.6	21.1	25.6	30.5	29.8	27.6	18.2	6.1	5.3
231	38462	Pskem	70.37	41.90	1256	1979	3.1	6.2	8.2	15.3	18.6	25.4	31.6	29.8	25.1	21.3	13.0	6.2
231	38462	Pskem	70.37	41.90	1256	1980	1.7	1.7	7.6	17.6	22.0	26.2	32.1	29.6	25.7	18.1	12.4	9.8
231	38462	Pskem	70.37	41.90	1256	1981	4.3	4.6	10.6	17.4	22.0	24.5	28.2	27.5	24.4	16.5	11.5	4.8
231	38462	Pskem	70.37	41.90	1256	1982	4.2	3.5	7.7	20.0	23.2	26.8	29.6	29.3	23.3	16.0	5.6	4.9
231	38462	Pskem	70.37	41.90	1256	1983	2.3	7.7	9.1	18.0	20.3	24.8	31.0	32.1	25.2	18.3	11.5	5.0
231	38462	Pskem	70.37	41.90	1256	1984	2.1	-1.2	7.9	16.1	21.3	27.9	33.4	34.1	24.1	17.4	8.2	-1.8
231	38462	Pskem	70.37	41.90	1256	1985	2.2	5.2	6.1	18.8	21.1	27.3	31.4	28.5	27.0	15.9	9.0	5.0
231	38462	Pskem	70.37	41.90	1256	1986	4.1	6.1	6.7	16.8	21.8	25.9	31.4	29.7	27.7	18.1	8.6	2.5
231	38462	Pskem	70.37	41.90	1256	1987	3.5	5.5	9.3	12.8	21.1	25.2	28.0	31.7	24.9	12.3	9.5	7.6
231	38462	Pskem	70.37	41.90	1256	1988	3.3	5.5	7.0	17.8	18.9	27.6	31.3	28.8	25.7	16.8	14.6	6.6
231	38462	Pskem	70.37	41.90	1256	1989	-0.2	0.6	9.8	13.8	19.5	25.3	30.0	30.0	24.3	18.8	8.3	5.7
231	38462	Pskem	70.37	41.90	1256	1990	0.8	4.5	7.2	14.6	22.6	29.3	28.2	30.1	27.9	17.3	12.9	4.1
231	38462	Pskem	70.37	41.90	1256	1991	-999.0	-999.0	-999.0	-999.0	-999.0	-999.0	-999.0	-999.0	-999.0	-999.0	-999.0	-999.0
231	38462	Pskem	70.37	41.90	1256	1992	-999.0	-999.0	-999.0	-999.0	-999.0	-999.0	-999.0	-999.0	-999.0	-999.0	-999.0	-999.0
231	38462	Pskem	70.37	41.90	1256	1993	-999.0	-999.0	-999.0	-999.0	-999.0	-999.0	-999.0	-999.0	-999.0	-999.0	-999.0	-999.0
231	38462	Pskem	70.37	41.90	1256	1994	3.0	0.7	10.2	12.8	22.6	27.7	30.5	30.9	22.3	18.6	11.3	2.8
231	38462	Pskem	70.37	41.90	1256	1995	2.2	5.2	10.1	18.5	22.5	28.0	30.8	30.9	25.9	16.9	14.4	3.7
231	38462	Pskem	70.37	41.90	1256	1996	1.5	3.1	6.2	12.1	20.0	25.5	28.9	29.5	26.4	17.1	10.2	7.7
231	38462	Pskem	70.37	41.90	1256	1997	2.4	4.0	9.1	18.5	19.6	26.7	32.1	30.1	26.4	22.0	8.9	3.1
231	38462	Pskem	70.37	41.90	1256	1998	0.5	1.9	7.1	16.7	20.6	24.9	29.2	29.3	25.8	-999.0	-999.0	6.2
231	38462	Pskem	70.37	41.90	1256	1999	3.6	7.5	7.7	15.0	22.1	24.4	26.7	31.2	25.2	20.0	6.1	6.6
231	38462	Pskem	70.37	41.90	1256	2000	2.9	3.9	9.5	19.9	23.1	27.6	30.5	31.3	25.7	12.7	8.0	4.4
231	38462	Pskem	70.37	41.90	1256	2001	1.6	4.3	12.0	18.9	25.2	29.8	29.5	27.8	23.0	14.7	11.8	2.9
231	38462	Pskem	70.37	41.90	1256	2002	3.7	4.9	11.7	15.6	19.3	24.4	29.6	30.8	26.7	21.4	13.2	0.8
231	38462	Pskem	70.37	41.90	1256	2003	3.5	4.1	7.0	13.2	19.0	24.8	29.3	29.7	25.7	18.5	7.5	3.2
231	38696	Samarkand	67.00	39.70	726	1936	6.9	9.8	11.9	19.6	27.3	32.7	33.4	31.8	29.2	25.1	16.2	6.5
231	38696	Samarkand	67.00	39.70	726	1937	3.6	10.7	11.1	17.6	26.0	31.6	35.0	33.8	29.1	21.6	12.7	7.0
231	38696	Samarkand	67.00	39.70	726	1938	7.6	10.7	11.0	22.8	28.7	30.8	30.8	31.4	27.9	21.3	12.6	7.4
231	38696	Samarkand	67.00	39.70	726	1939	6.7	8.2	11.8	17.5	26.7	33.4	34.1	31.2	27.3	21.3	14.8	12.3
231	38696	Samarkand	67.00	39.70	726	1940	7.8	10.2	11.4	23.0	25.8	32.8	34.2	32.1	27.7	22.6	15.5	11.8
231	38696	Samarkand	67.00	39.70	726	1941	7.3	12.6	17.3	21.6	28.2	33.4	32.4	32.2	28.4	25.1	15.2	9.6
231	38696	Samarkand	67.00	39.70	726	1942	8.4	5.8	14.8	19.5	26.4	31.1	33.8	30.5	26.9	22.8	15.9	8.0
231	38696	Samarkand	67.00	39.70	726	1943	6.3	6.1	9.0	19.0	24.9	29.9	34.0	31.4	26.5	20.3	12.5	9.5
231	38696	Samarkand	67.00	39.70	726	1944	7.9	11.7	19.6	20.5	28.6	31.5	36.0	32.4	27.2	20.0	14.5	-0.2
231	38696	Samarkand	67.00	39.70	726	1945	3.6	3.9	11.1	20.4	24.8	30.5	32.0	33.5	28.3	24.2	12.8	9.1
231	38696	Samarkand	67.00	39.70	726	1946	5.4	13.3	15.0	22.9	29.8	30.9	32.6	31.0	29.3	24.0	12.5	4.7
231	38696	Samarkand	67.00	39.70	726	1947	6.8	8.2	18.7	21.9	25.2	29.4	32.5	32.6	27.8	21.5	19.3	10.3
231	38696	Samarkand	67.00	39.70	726	1948	11.9	11.8	13.0	18.1	27.2	31.6	34.9	32.5	26.9	20.8	15.7	4.0
231	38696	Samarkand	67.00	39.70	726	1949	4.1	7.7	11.2	19.1	24.0	29.5	33.6	30.3	25.7	16.7	11.1	9.9
231	38696	Samarkand	67.00	39.70	726	1950	4.7	6.9	14.7	19.0	28.2	32.0	33.4	32.0	27.3	21.8	10.5	3.9
231	38696	Samarkand	67.00	39.70	726	1951	3.1	3.1	11.3	20.9	27.1	29.3	33.3	32.2	28.4	20.3	12.9	11.7
231	38696	Samarkand	67.00	39.70	726	1952	7.5	12.2	13.0	20.3	25.0	31.0	33.9	32.7	26.9	22.5	8.8	6.8
231	38696	Samarkand	67.00	39.70	726	1953	8.0	14.2	12.4	18.7	26.4	30.6	33.6	31.4	28.2	17.4	10.3	3.9
231	38696	Samarkand	67.00	39.70	726	1954	6.4	6.8	9.0	20.2	26.1	29.1	32.9	30.7	27.7	23.1	12.5	6.2
231	38696	Samarkand	67.00	39.70	726	1955	9.9	13.7	13.5	20.0	26.2	31.6	34.0	33.5	28.3	21.9	18.1	11.4
231	38696	Samarkand	67.00	39.70	726	1956	7.1	8.1	12.2	21.7	27.3	30.6	35.8	33.2	27.9	22.1	19.2	7.0
231	38696	Samarkand	67.00	39.70	726	1957	2.5	5.1	15.3	17.7	26.5	31.1	32.6	32.4	28.9	19.7	12.4	7.6
231	38696	Samarkand	67.00	39.70	726	1958	8.8	12.9	17.1	19.4	23.8	32.8	34.7	31.3	27.8	21.9	9.8	9.2
231	38696	Samarkand	67.00	39.70	726	1959	8.3	5.6	11.0	23.7	26.0	31.3	32.1	32.4	30.6	22.8	10.0	4.1
231	38696	Samarkand	67.00	39.70	726	1960	9.3	12.3	7.5	17.5	23.0	32.1	32.1	32.2	26.9	23.0	12.3	7.5
231	38696	Samarkand	67.00	39.70	726	1961	8.3	6.6	15.3	19.2	29.9	32.3	34.2	32.2	28.3	19.9	16.2	12.0
231	38696	Samarkand	67.00	39.70	726	1962	5.9	13.0	18.5	19.8	25.9	31.6	35.2	32.3	26.3	20.0	8.4	8.9
231	38696	Samarkand	67.00	39.70	726	1963	12.9	13.1	14.6	22.5	24.7	32.2	33.4	31.3	28.4	23.7	14.6	8.9
231	38696	Samarkand	67.00	39.70	726	1964	2.1	7.5	16.0	17.6	25.6	30.9	33.1	32.3	27.6	19.2	17.1	4.7
231	38696	Samarkand	67.00	39.70	726	1965	5.1	7.9	12.6	20.5	28.2	31.8	34.2	32.1	26.8	21.3	16.3	11.3
231	38696	Samarkand	67.00	39.70	726	1966	14.7	13.6	12.8	20.0	25.6	33.8	33.8	32.5	27.6	19.0	12.5	10.4
231	38696	Samarkand	67.00	39.70	726	1967	8.9	6.1	15.0	19.6	25.3	31.2	33.3	31.9	27.7	19.4	14.8	10.0
231	38696	Samarkand	67.00	39.70	726	1968	8.8	8.6	13.6	18.5	24.7	31.2	32.7	32.4	28.5	21.3	15.1	7.4
231	38696	Samarkand	67.00	39.70	726	1969	-1.1	0.1	13.0	18.9	24.2	31.0	31.7	31.1	26.9	21.2	12.3	12.8
231	38696	Samarkand	67.00	39.70	726	1970	6.3	12.4	13.7	21.9	29.2	31.9	33.1	33.0	27.8	22.7	17.9	8.2
231	38696	Samarkand	67.00	39.70	726	1971	3.9	8.7	17.2	20.8	28.9	32.8	34.4	32.3	28.7	23.0	18.2	13.6
231	38696	Samarkand	67.00	39.70	726	1972	1.4	-1.0	9.9	20.9	24.5	30.5	31.5	29.9	27.2	23.0	17.7	2.9
231	38696	Samarkand	67.00	39.70	726	1973	2.1	11.6	11.6	20.8	25.8	33.0	34.2	31.9	26.0	23.5	18.3	10.2
231	38696	Samarkand	67.00	39.70	726	1974	1.2	2.9	13.6	19.6	27.5	31.8	34.1	30.9	27.2	22.5	16.6	6.8
231	38696	Samarkand	67.00	39.70	726	1975	6.3	7.5	14.6	21.5	26.2	33.3	35.3	33.2	28.2	21.5	10.9	8.8
231	38696	Samarkand	67.00	39.70	726	1976	10.6	5.6	10.7	20.3	27.0	31.6	34.4	34.7	28.0	19.7	12.1	7.4
231	38696	Samarkand	67.00	39.70	726	1977	0.3	9.7	19.5	24.7	27.5	33.9	33.7	32.1	29.1	18.8	13.6	7.6
231	38696	Samarkand	67.00	39.70	726	1978	6.1	5.4	12.2	21.7	25.6	30.9	34.0	31.2	30.0	22.5	9.2	13.8
231	38696	Samarkand	67.00	39.70	726	1979	6.3	10.0	12.2	20.7	22.6	30.6	34.5	31.9	28.1	24.7	14.1	10.8
231	38696	Samarkand	67.00	39.70	726	1980	5.7	4.4	11.9	24.0	27.4	31.9	35.0	31.7	28.6	20.7	18.1	11.3
231	38696	Samarkand	67.00	39.70	726	1981	9.3	9.0	15.8	20.4	25.4	30.3	32.6	31.1	27.4	18.7	16.9	11.0
231	38696	Samarkand	67.00	39.70	726	1982	7.2	7.3	12.2	23.6	27.8	31.6	32.9	31.9	26.3	19.3	7.6	6.3
231	38696	Samarkand	67.00	39.70	726	1983	7.1	12.9	12.0	20.8	26.7	32.0	35.7	33.0	27.4	20.9	17.5	8.4
231	38696	Samarkand	67.00	39.70	726	1984	4.9	0.1	12.6	21.0	26.5	32.8	35.5	34.8	27.1	20.3	14.8	-0.2
231	38696	Samarkand	67.00	39.70	726	1985	5.5	12.8	10.6	22.8	26.8	33.4	34.4	30.6	29.1	19.8	15.4	10.1
231	38696	Samarkand	67.00	39.70	726	1986	10.2	9.8	9.4	20.5	28.2	31.2	34.1	32.0	29.6	22.9	13.0	8.3
231	38696	Samarkand	67.00	39.70	726	1987	10.8	11.4	14.9	18.0	26.6	30.4	31.9	33.7	27.4	15.3	14.6	13.5
231	38696	Samarkand	67.00	39.70	726	1988	6.6	9.0	13.5	22.9	25.7	34.1	35.0	31.6	27.9	21.6	19.7	13.0
231	38696	Samarkand	67.00	39.70	726	1989	3.3	2.7	15.1	20.2	24.4	31.9	34.2	32.7	27.9	23.8	15.1	10.7
231	38696	Samarkand	67.00	39.70	726	1990	3.9	7.7	14.0	19.1	27.2	34.1	33.4	33.1	30.3	21.4	17.8	7.1
231	38696	Samarkand	67.00	39.70	726	1991	5.1	7.2	11.9	21.6	24.8	30.6	34.2	32.5	27.8	22.6	13.6	9.0
231	38696	Samarkand	67.00	39.70	726	1992	6.5	11.0	19.7	19.8	21.1	29.9	33.7	30.2	25.9	20.6	17.8	10.8
231	38696	Samarkand	67.00	39.70	726	1993	5.5	8.4	11.6	21.1	23.4	30.7	33.1	31.0	28.3	19.4	9.9	7.1
231	38696	Samarkand	67.00	39.70	726	1994	6.3	5.0	16.3	18.6	26.8	33.4	33.2	33.3	25.3	21.2	19.1	8.5
231	38696	Samarkand	67.00	39.70	726	1995	7.6	10.1	13.6	21.8	26.5	32.7	35.5	34.1	28.5	21.0	19.7	7.9
231	38696	Samarkand	67.00	39.70	726	1996	5.8	8.2	10.5	19.6	26.1	31.8	34.0	32.0	29.2	21.3	13.1	14.1
231	38696	Samarkand	67.00	39.70	726	1997	9.5	8.4	-999.0	-999.0	-999.0	-999.0	-999.0	-999.0	29.2	25.4	13.6	8.6
231	38696	Samarkand	67.00	39.70	726	1998	5.4	7.8	13.4	22.4	24.2	30.3	34.0	33.4	-999.0	-999.0	-999.0	11.5
231	38696	Samarkand	67.00	39.70	726	1999	7.0	14.4	12.2	18.5	26.9	31.7	32.7	34.5	28.3	23.2	12.0	11.3
231	38696	Samarkand	67.00	39.70	726	2000	9.1	9.5	15.1	25.6	29.4	32.8	34.3	34.3	29.0	19.0	12.0	9.8
231	38696	Samarkand	67.00	39.70	726	2001	5.1	10.2	17.1	24.6	32.1	34.8	33.0	32.9	28.1	20.6	16.7	10.2
231	38696	Samarkand	67.00	39.70	726	2002	9.1	9.8	16.7	19.1	25.2	30.9	33.8	34.0	29.9	25.5	16.8	4.3
231	38696	Samarkand	67.00	39.70	726	2003	8.7	10.9	12.9	18.6	24.1	29.9	34.5	33.3	28.5	24.7	13.2	8.0
231	38711	Sanzar	68.02	39.72	1313	1934	-999.0	-999.0	-999.0	-999.0	-999.0	-999.0	-999.0	-999.0	-999.0	17.0	8.8	6.1
231	38711	Sanzar	68.02	39.72	1313	1935	-999.0	-999.0	-999.0	-999.0	-999.0	-999.0	-999.0	-999.0	-999.0	-999.0	-999.0	-999.0
231	38711	Sanzar	68.02	39.72	1313	1936	3.8	-999.0	8.5	15.3	23.0	28.9	29.9	28.5	26.7	21.7	-999.0	-999.0
231	38711	Sanzar	68.02	39.72	1313	1937	2.0	6.8	7.7	13.7	20.8	26.5	30.6	30.2	25.4	17.0	9.7	5.9
231	38711	Sanzar	68.02	39.72	1313	1938	4.3	5.1	7.5	18.7	23.5	26.1	27.9	28.6	24.3	17.2	8.9	5.9
231	38711	Sanzar	68.02	39.72	1313	1939	3.9	4.7	8.7	14.2	22.7	29.3	31.0	29.9	24.8	17.2	11.7	10.0
231	38711	Sanzar	68.02	39.72	1313	1940	6.5	7.0	8.2	18.6	21.4	29.1	30.7	29.2	24.3	18.9	14.0	8.6
231	38711	Sanzar	68.02	39.72	1313	1941	3.9	9.2	14.1	17.1	23.8	29.5	29.4	29.5	25.5	21.8	11.4	7.6
231	38711	Sanzar	68.02	39.72	1313	1942	4.7	2.3	10.7	16.5	21.9	26.3	-999.0	28.3	23.5	18.6	13.0	6.1
231	38711	Sanzar	68.02	39.72	1313	1943	4.2	4.5	7.4	15.2	20.0	26.1	32.1	29.4	24.5	16.9	10.1	-999.0
231	38711	Sanzar	68.02	39.72	1313	1944	5.9	8.4	16.0	16.8	25.0	28.2	34.1	31.0	23.7	15.6	11.5	3.0
231	38711	Sanzar	68.02	39.72	1313	1945	1.8	2.5	7.7	17.5	20.5	26.7	30.2	30.7	25.8	20.9	10.0	7.7
231	38711	Sanzar	68.02	39.72	1313	1946	4.3	10.7	11.4	19.3	24.7	27.6	29.8	28.3	26.0	20.6	9.0	2.9
231	38711	Sanzar	68.02	39.72	1313	1947	3.9	5.8	15.0	17.2	20.3	26.1	30.4	31.3	24.6	17.4	15.8	7.8
231	38711	Sanzar	68.02	39.72	1313	1948	9.1	8.0	10.0	14.2	22.0	27.2	32.0	30.1	23.2	17.2	11.4	2.7
231	38711	Sanzar	68.02	39.72	1313	1949	3.4	4.6	8.6	16.1	19.9	23.8	30.9	27.5	22.8	13.8	8.4	8.6
231	38711	Sanzar	68.02	39.72	1313	1950	3.8	5.8	10.6	14.0	23.2	27.7	30.7	29.3	23.8	17.6	7.5	0.9
231	38711	Sanzar	68.02	39.72	1313	1951	0.5	1.7	8.6	15.5	21.4	24.0	28.6	28.8	25.2	18.0	11.1	10.0
231	38711	Sanzar	68.02	39.72	1313	1952	5.3	8.9	9.7	17.1	20.3	26.5	30.5	30.1	24.0	18.8	7.1	5.5
231	38711	Sanzar	68.02	39.72	1313	1953	5.7	10.0	9.4	15.0	21.2	25.7	30.8	28.5	24.8	14.0	6.7	2.4
231	38711	Sanzar	68.02	39.72	1313	1954	3.1	5.1	7.6	16.9	21.8	25.1	28.6	27.4	24.4	18.5	9.4	5.7
231	38711	Sanzar	68.02	39.72	1313	1955	7.5	9.2	10.4	15.6	20.7	26.1	30.2	30.6	24.9	17.5	14.6	8.4
231	38711	Sanzar	68.02	39.72	1313	1956	3.7	5.9	9.8	17.8	22.5	26.2	33.0	29.8	24.7	18.6	15.5	6.1
231	38711	Sanzar	68.02	39.72	1313	1957	0.2	3.1	11.3	13.7	20.9	25.5	28.0	28.2	24.2	16.2	8.9	6.9
231	38711	Sanzar	68.02	39.72	1313	1958	7.0	8.4	13.6	16.9	18.6	27.2	31.0	27.6	24.3	17.2	6.8	7.6
231	38711	Sanzar	68.02	39.72	1313	1959	5.9	2.4	8.2	19.4	21.3	26.5	28.4	29.4	28.2	18.9	8.1	2.6
231	38711	Sanzar	68.02	39.72	1313	1960	5.2	9.1	5.5	13.5	18.0	26.7	28.2	29.4	22.6	18.3	9.1	7.4
231	38711	Sanzar	68.02	39.72	1313	1961	6.5	2.4	11.1	15.1	24.7	27.0	30.5	28.7	24.8	15.1	11.5	7.7
231	38711	Sanzar	68.02	39.72	1313	1962	2.8	8.8	14.5	15.0	20.1	25.3	30.7	28.9	22.3	16.0	5.1	5.0
231	38711	Sanzar	68.02	39.72	1313	1963	10.2	-999.0	11.9	17.7	19.9	27.1	28.9	27.4	23.9	19.5	11.5	8.2
231	38711	Sanzar	68.02	39.72	1313	1964	-1.1	4.7	12.4	13.9	20.1	26.5	28.5	28.8	23.6	15.1	12.9	3.6
231	38711	Sanzar	68.02	39.72	1313	1965	5.1	4.5	8.7	16.2	23.6	27.2	30.5	28.9	22.6	18.1	13.7	9.0
231	38711	Sanzar	68.02	39.72	1313	1966	11.4	10.7	9.6	15.0	20.4	29.3	29.9	28.8	23.6	15.2	10.5	7.6
231	38711	Sanzar	68.02	39.72	1313	1967	6.2	4.6	11.1	15.5	19.8	26.6	29.7	28.9	23.6	14.9	11.3	7.5
231	38711	Sanzar	68.02	39.72	1313	1968	6.3	5.5	10.5	15.0	19.4	26.2	29.9	29.5	24.2	17.3	11.5	-999.0
231	38711	Sanzar	68.02	39.72	1313	1969	-0.9	0.9	10.8	15.4	19.7	25.8	27.6	27.9	22.4	17.0	9.7	10.4
231	38711	Sanzar	68.02	39.72	1313	1970	4.7	9.1	9.4	17.9	23.3	27.3	28.5	30.3	23.9	18.2	14.2	5.5
231	38711	Sanzar	68.02	39.72	1313	1971	2.5	6.3	13.0	16.6	23.2	25.1	29.6	28.3	23.7	18.8	14.4	10.8
231	38711	Sanzar	68.02	39.72	1313	1972	-0.3	-2.0	8.1	16.8	19.4	24.6	26.1	25.6	22.8	18.5	13.8	1.6
231	38711	Sanzar	68.02	39.72	1313	1973	-999.0	-999.0	-999.0	17.4	20.7	28.9	31.7	29.9	22.9	19.1	15.6	8.4
231	38711	Sanzar	68.02	39.72	1313	1974	-999.0	1.2	9.6	17.2	21.9	26.7	29.9	26.8	23.5	18.3	13.9	4.7
231	38711	Sanzar	68.02	39.72	1313	1975	3.9	4.4	-999.0	-999.0	22.2	28.9	31.6	30.3	-999.0	17.7	7.9	-999.0
231	38711	Sanzar	68.02	39.72	1313	1976	-999.0	2.6	7.1	16.5	22.1	26.4	31.0	31.2	24.2	15.7	9.5	5.1
231	38711	Sanzar	68.02	39.72	1313	1977	-1.1	6.6	15.6	20.2	22.4	-999.0	30.6	29.4	25.9	16.6	12.4	5.2
231	38711	Sanzar	68.02	39.72	1313	1978	2.1	4.0	8.4	18.6	22.1	27.3	31.1	29.1	27.8	20.5	9.5	10.3
231	38711	Sanzar	68.02	39.72	1313	1979	4.5	9.2	9.2	18.1	18.8	26.8	31.0	28.6	25.0	-999.0	12.0	8.5
231	38711	Sanzar	68.02	39.72	1313	1980	3.3	2.1	8.7	19.6	22.4	27.3	31.4	28.9	24.7	16.9	14.8	10.9
231	38711	Sanzar	68.02	39.72	1313	1981	5.3	5.6	12.0	16.5	20.8	25.1	28.4	27.1	23.6	14.2	13.1	8.5
231	38711	Sanzar	68.02	39.72	1313	1982	5.5	3.1	8.1	19.3	23.1	26.7	29.2	28.3	22.2	16.0	5.7	4.4
231	38711	Sanzar	68.02	39.72	1313	1983	3.4	8.9	8.5	16.3	21.4	26.8	31.4	30.8	23.7	17.1	14.7	5.5
231	38711	Sanzar	68.02	39.72	1313	1984	1.6	-1.9	9.6	16.3	21.2	27.9	31.5	32.4	22.9	16.4	11.7	-1.0
231	38711	Sanzar	68.02	39.72	1313	1985	2.9	8.3	7.6	18.4	21.0	28.5	30.8	27.4	25.7	16.3	11.5	7.4
231	38711	Sanzar	68.02	39.72	1313	1986	7.3	7.2	5.7	15.6	22.5	26.5	30.3	28.5	25.9	18.8	9.7	4.5
231	38711	Sanzar	68.02	39.72	1313	1987	7.5	8.2	11.7	14.1	22.1	25.5	26.5	30.0	23.7	11.6	11.4	11.1
231	38711	Sanzar	68.02	39.72	1313	1988	4.1	6.3	8.5	17.9	20.0	28.0	31.2	28.5	24.8	17.3	16.9	9.9
231	38711	Sanzar	68.02	39.72	1313	1989	0.4	-0.1	10.7	15.4	19.6	27.3	29.9	29.5	24.5	20.9	11.9	9.5
231	38711	Sanzar	68.02	39.72	1313	1990	2.0	4.9	9.9	-999.0	23.3	29.3	29.3	30.4	27.3	17.8	-999.0	-999.0
231	38708	Severtsova Glacier	67.65	39.12	2780	1959	-999.0	-999.0	-999.0	-999.0	-999.0	-999.0	-999.0	-999.0	-999.0	-999.0	1.2	-1.8
231	38708	Severtsova Glacier	67.65	39.12	2780	1960	-1.0	2.0	-0.3	5.0	9.6	16.9	18.7	20.1	13.7	9.1	1.5	1.1
231	38708	Severtsova Glacier	67.65	39.12	2780	1961	-1.5	-4.3	1.7	6.3	15.0	16.8	21.1	18.6	16.2	7.2	3.9	-1.2
231	38708	Severtsova Glacier	67.65	39.12	2780	1962	-2.5	0.2	5.0	6.3	10.3	15.0	20.1	18.5	13.6	7.9	-0.3	-0.6
231	38708	Severtsova Glacier	67.65	39.12	2780	1963	1.4	1.0	2.9	8.1	10.8	16.8	18.0	18.0	15.0	10.8	4.4	1.1
231	38708	Severtsova Glacier	67.65	39.12	2780	1964	-6.9	-1.7	5.3	5.2	10.9	16.0	18.1	16.9	14.6	7.4	5.0	-1.9
231	38708	Severtsova Glacier	67.65	39.12	2780	1965	-1.2	-2.9	1.9	6.7	13.1	16.4	19.4	19.1	13.4	10.7	5.5	2.1
231	38708	Severtsova Glacier	67.65	39.12	2780	1966	2.9	2.6	1.6	6.0	11.3	18.8	18.9	18.3	14.0	7.5	4.1	0.7
231	38708	Severtsova Glacier	67.65	39.12	2780	1967	-2.1	-2.4	2.1	6.3	9.9	15.9	19.5	19.6	15.3	6.9	2.9	-0.7
231	38708	Severtsova Glacier	67.65	39.12	2780	1968	-3.5	-2.2	2.1	6.6	9.2	15.7	20.0	19.6	15.8	8.1	3.4	-1.9
231	38708	Severtsova Glacier	67.65	39.12	2780	1969	-5.2	-3.7	3.5	6.2	6.2	16.1	18.0	19.0	13.4	8.8	2.9	0.7
231	38708	Severtsova Glacier	67.65	39.12	2780	1970	-2.1	-1.0	1.4	8.5	13.8	17.4	17.7	21.0	15.1	9.8	5.0	-2.1
231	38708	Severtsova Glacier	67.65	39.12	2780	1971	-1.4	-1.7	4.4	8.0	13.8	18.7	19.0	18.8	14.1	9.5	4.6	2.0
231	38708	Severtsova Glacier	67.65	39.12	2780	1972	-5.1	-6.1	1.4	7.8	10.3	14.9	15.9	16.0	14.7	9.5	5.3	-4.1
231	38708	Severtsova Glacier	67.65	39.12	2780	1973	-999.0	-999.0	-999.0	-999.0	-999.0	-999.0	22.4	-999.0	-999.0	10.4	6.6	-0.1
231	38708	Severtsova Glacier	67.65	39.12	2780	1974	-5.8	-4.9	2.9	8.5	11.9	15.8	19.0	17.0	13.4	7.7	3.6	-3.3
231	38708	Severtsova Glacier	67.65	39.12	2780	1975	-3.0	-4.5	0.8	7.2	10.6	16.9	21.2	21.2	15.5	9.2	1.2	-1.0
231	38708	Severtsova Glacier	67.65	39.12	2780	1976	-1.7	-5.1	-0.5	6.4	12.1	16.1	21.6	22.1	15.3	7.7	2.6	-1.1
231	38708	Severtsova Glacier	67.65	39.12	2780	1977	-6.2	-0.9	6.2	10.3	11.6	18.5	21.2	19.9	15.7	9.2	4.4	-0.9
231	38708	Severtsova Glacier	67.65	39.12	2780	1978	-4.1	-1.3	0.3	8.4	13.0	17.1	20.6	20.5	17.2	9.7	1.0	1.2
231	38708	Severtsova Glacier	67.65	39.12	2780	1979	-1.3	-1.1	0.9	8.8	9.0	16.4	21.8	18.4	16.0	12.1	5.2	-0.1
231	38708	Severtsova Glacier	67.65	39.12	2780	1980	-3.9	-3.3	0.1	9.9	13.2	17.5	22.3	20.1	16.2	9.8	5.7	1.7
231	38708	Severtsova Glacier	67.65	39.12	2780	1981	-2.1	-1.3	3.6	8.1	13.0	14.4	18.4	17.4	15.3	6.9	11.0	-0.9
231	38708	Severtsova Glacier	67.65	39.12	2780	1982	-2.6	-4.9	0.3	9.6	13.2	17.0	18.7	18.7	11.9	8.3	0.8	-1.7
231	38708	Severtsova Glacier	67.65	39.12	2780	1983	-3.0	-0.8	-1.0	7.0	12.7	16.5	21.5	22.8	15.4	8.7	5.0	-2.0
231	38708	Severtsova Glacier	67.65	39.12	2780	1984	-4.6	-7.8	1.6	7.3	11.6	17.6	22.0	24.1	13.6	8.3	3.1	-5.5
231	38708	Severtsova Glacier	67.65	39.12	2780	1985	-3.3	-0.1	0.6	9.7	11.6	18.3	22.3	18.7	17.1	9.0	3.7	-1.0
231	38708	Severtsova Glacier	67.65	39.12	2780	1986	-1.9	-0.9	-2.0	7.1	12.0	15.7	20.1	18.5	16.0	9.7	2.0	-2.0
231	38708	Severtsova Glacier	67.65	39.12	2780	1987	-0.7	0.3	3.1	6.0	12.3	15.5	16.3	20.3	15.1	5.6	4.6	2.8
231	38708	Severtsova Glacier	67.65	39.12	2780	1988	-1.6	0.2	1.3	8.9	11.4	17.9	21.1	18.7	15.7	8.6	8.2	0.9
231	38708	Severtsova Glacier	67.65	39.12	2780	1989	-4.9	-5.9	2.4	5.2	10.3	16.5	18.1	18.5	15.0	11.2	2.9	0.6
231	38708	Severtsova Glacier	67.65	39.12	2780	1990	-3.1	-1.8	1.8	6.5	14.3	18.8	19.7	21.4	18.3	-999.0	-999.0	-999.0
231	38413	Tamdy	64.62	41.73	237	1932	-999.0	-999.0	-999.0	-999.0	-999.0	-999.0	-999.0	32.1	28.2	18.1	8.4	-1.3
231	38413	Tamdy	64.62	41.73	237	1933	-1.3	3.2	-999.0	22.2	30.4	32.4	38.0	35.5	28.1	19.1	-999.0	3.2
231	38413	Tamdy	64.62	41.73	237	1934	-6.8	6.1	13.6	17.8	23.7	34.3	34.7	34.6	24.7	18.6	8.7	2.4
231	38413	Tamdy	64.62	41.73	237	1935	-4.3	8.2	11.0	23.3	33.9	35.0	37.8	36.9	27.4	21.7	6.3	2.9
231	38413	Tamdy	64.62	41.73	237	1936	4.0	7.7	10.0	20.5	29.8	35.5	35.8	33.6	28.8	22.9	12.6	2.2
231	38413	Tamdy	64.62	41.73	237	1937	0.7	4.4	10.3	18.2	28.1	34.1	37.9	36.4	30.9	20.9	9.1	3.5
231	38413	Tamdy	64.62	41.73	237	1938	7.6	8.6	10.1	25.2	31.2	34.1	34.6	34.6	28.7	19.8	10.7	-1.8
231	38413	Tamdy	64.62	41.73	237	1939	0.7	7.2	12.9	18.5	29.8	37.6	37.7	33.6	28.8	18.5	11.6	8.0
231	38413	Tamdy	64.62	41.73	237	1940	1.1	5.5	11.4	25.1	26.9	35.7	37.5	36.1	29.3	21.2	13.3	9.1
231	38413	Tamdy	64.62	41.73	237	1941	3.4	10.1	16.8	22.6	31.4	38.1	35.7	34.8	30.2	23.5	10.8	6.3
231	38413	Tamdy	64.62	41.73	237	1942	5.9	3.5	13.7	19.7	30.5	36.5	38.4	34.3	28.0	20.9	12.8	4.9
231	38413	Tamdy	64.62	41.73	237	1943	1.7	-999.0	7.9	21.5	30.7	33.7	38.9	35.5	27.8	19.7	9.2	4.7
231	38413	Tamdy	64.62	41.73	237	1944	3.5	10.9	20.9	22.5	32.2	34.8	40.3	35.0	28.5	18.8	9.1	-3.0
231	38413	Tamdy	64.62	41.73	237	1945	-0.2	0.7	10.6	22.5	28.4	33.8	36.4	38.0	29.1	23.2	5.9	4.2
231	38413	Tamdy	64.62	41.73	237	1946	1.5	11.5	14.1	22.0	31.6	33.2	35.4	33.8	30.4	20.6	8.7	-1.8
231	38413	Tamdy	64.62	41.73	237	1947	2.7	5.9	19.4	22.7	26.4	31.5	35.3	35.4	28.4	20.6	16.4	4.7
231	38413	Tamdy	64.62	41.73	237	1948	7.1	9.1	12.0	18.9	29.4	34.8	38.2	35.4	27.1	20.7	11.9	-0.5
231	38413	Tamdy	64.62	41.73	237	1949	-0.7	3.6	8.3	20.2	26.9	33.9	37.2	33.4	25.5	15.7	7.7	4.5
231	38413	Tamdy	64.62	41.73	237	1950	-1.4	0.4	13.9	21.6	30.6	34.4	36.0	34.4	28.1	20.4	5.5	-1.9
231	38413	Tamdy	64.62	41.73	237	1951	1.0	-2.4	11.9	25.2	31.1	32.6	37.2	34.9	29.3	18.5	9.9	8.1
231	38413	Tamdy	64.62	41.73	237	1952	4.8	9.4	11.6	22.4	28.7	33.6	38.5	36.9	29.1	22.7	4.9	-0.1
231	38413	Tamdy	64.62	41.73	237	1953	6.5	13.8	12.0	21.6	29.8	33.8	37.5	34.8	29.4	17.0	7.2	3.0
231	38413	Tamdy	64.62	41.73	237	1954	1.8	1.4	6.4	20.3	27.9	32.0	36.4	34.5	29.0	22.6	10.5	2.8
231	38413	Tamdy	64.62	41.73	237	1955	5.9	11.9	12.7	21.6	30.2	35.4	37.3	36.4	28.8	19.6	13.6	6.8
231	38413	Tamdy	64.62	41.73	237	1956	-1.7	3.0	10.1	23.9	28.5	32.9	39.1	35.5	27.4	21.7	14.5	2.3
231	38413	Tamdy	64.62	41.73	237	1957	-2.4	3.0	13.4	20.0	29.5	33.8	34.6	33.9	30.6	18.9	10.7	5.5
231	38413	Tamdy	64.62	41.73	237	1958	7.4	12.0	16.1	19.0	26.9	35.6	38.2	33.9	27.6	19.8	6.8	4.8
231	38413	Tamdy	64.62	41.73	237	1959	2.5	5.0	9.8	24.3	-999.0	-999.0	-999.0	-999.0	-999.0	17.2	4.7	-1.6
231	38413	Tamdy	64.62	41.73	237	1960	7.4	11.1	6.5	20.7	25.8	36.0	35.2	35.4	28.1	21.0	9.5	3.2
231	38413	Tamdy	64.62	41.73	237	1961	4.7	6.3	14.5	22.5	34.3	35.4	37.0	35.3	27.9	17.0	14.3	7.1
231	38413	Tamdy	64.62	41.73	237	1962	3.0	9.2	17.7	21.1	28.4	33.5	38.5	34.1	27.4	19.3	6.9	4.9
231	38413	Tamdy	64.62	41.73	237	1963	7.2	11.1	13.8	22.8	28.6	35.2	36.6	33.4	28.7	22.3	11.9	4.3
231	38413	Tamdy	64.62	41.73	237	1964	0.6	5.0	14.4	18.9	28.8	34.4	37.2	34.4	28.2	16.7	14.0	1.5
231	38413	Tamdy	64.62	41.73	237	1965	1.3	4.3	14.5	22.3	31.2	35.1	37.8	35.2	28.3	19.2	13.6	8.2
231	38413	Tamdy	64.62	41.73	237	1966	7.9	11.2	13.4	21.8	28.3	36.5	37.7	36.3	28.2	18.6	9.7	0.9
231	38413	Tamdy	64.62	41.73	237	1967	3.9	3.5	12.0	21.9	28.1	35.0	36.1	34.6	27.5	18.8	12.6	6.9
231	38413	Tamdy	64.62	41.73	237	1968	6.5	6.7	15.5	20.0	28.9	34.2	36.6	35.6	28.8	18.9	11.2	-0.4
231	38413	Tamdy	64.62	41.73	237	1969	-9.1	-7.6	8.6	20.8	28.2	35.4	36.1	34.8	28.4	21.4	12.3	10.8
231	38413	Tamdy	64.62	41.73	237	1970	-1.7	7.9	13.9	24.4	31.3	35.0	36.3	36.0	28.9	20.6	11.9	0.7
231	38413	Tamdy	64.62	41.73	237	1971	1.2	7.0	16.2	19.6	29.9	34.7	37.1	34.4	30.2	21.5	15.1	8.7
231	38413	Tamdy	64.62	41.73	237	1972	-4.4	-3.8	8.7	22.1	28.1	34.3	35.1	32.4	28.2	21.7	14.6	1.0
231	38413	Tamdy	64.62	41.73	237	1973	-0.6	8.8	11.9	22.1	28.5	36.3	38.1	35.5	25.9	20.6	14.2	5.3
231	38413	Tamdy	64.62	41.73	237	1974	-2.0	-0.1	13.5	20.0	31.0	35.1	37.8	34.4	29.1	22.9	13.4	1.2
231	38413	Tamdy	64.62	41.73	237	1975	4.9	4.2	14.6	25.4	30.0	36.3	39.6	36.7	31.0	20.0	9.0	6.0
231	38413	Tamdy	64.62	41.73	237	1976	8.4	-0.5	8.8	21.8	29.6	34.9	37.9	37.7	29.3	16.6	7.1	0.0
231	38413	Tamdy	64.62	41.73	237	1977	-6.5	3.9	17.1	26.2	31.3	38.2	37.0	34.6	30.5	17.6	10.9	3.0
231	38413	Tamdy	64.62	41.73	237	1978	2.2	-0.5	9.7	22.2	26.0	32.9	37.5	33.4	31.7	19.9	8.7	8.0
231	38413	Tamdy	64.62	41.73	237	1979	1.5	6.3	12.5	21.5	27.3	33.4	38.7	35.5	29.7	22.9	11.7	8.4
231	38413	Tamdy	64.62	41.73	237	1980	1.9	0.7	10.8	24.4	30.2	35.6	39.0	34.3	28.7	18.0	13.5	7.8
231	38413	Tamdy	64.62	41.73	237	1981	6.6	5.8	15.0	19.5	26.4	32.7	37.3	34.7	28.9	18.5	13.0	6.4
231	38413	Tamdy	64.62	41.73	237	1982	1.2	3.9	11.2	25.6	30.4	34.1	35.4	34.3	28.4	18.9	6.0	4.9
231	38413	Tamdy	64.62	41.73	237	1983	4.7	11.2	12.8	24.5	29.5	35.3	40.5	36.3	28.3	19.6	13.7	4.9
231	38413	Tamdy	64.62	41.73	237	1984	2.6	-1.9	10.1	21.1	28.5	35.5	39.6	38.3	28.6	19.9	10.5	-5.7
231	38413	Tamdy	64.62	41.73	237	1985	-0.2	8.6	10.3	24.8	30.0	37.1	37.9	33.1	29.5	17.9	9.7	4.4
231	38413	Tamdy	64.62	41.73	237	1986	4.8	8.2	9.0	22.3	30.2	34.4	37.1	34.2	31.4	19.5	9.7	4.8
231	38413	Tamdy	64.62	41.73	237	1987	7.0	9.5	11.4	18.7	30.0	34.5	36.7	37.0	28.4	15.2	9.9	8.5
231	38413	Tamdy	64.62	41.73	237	1988	2.2	1.0	12.3	24.3	26.4	37.6	38.4	33.9	28.8	20.1	14.0	9.1
231	38413	Tamdy	64.62	41.73	237	1989	0.8	3.2	14.6	19.4	27.8	34.6	38.0	35.4	27.9	22.4	12.2	5.4
231	38413	Tamdy	64.62	41.73	237	1990	-0.6	5.8	15.3	21.2	30.2	38.0	36.8	35.0	31.3	19.6	13.5	3.1
231	38413	Tamdy	64.62	41.73	237	1991	0.0	4.6	11.3	23.1	27.4	34.6	37.3	34.9	28.8	22.6	9.7	4.2
231	38413	Tamdy	64.62	41.73	237	1992	3.4	8.2	19.2	21.5	24.9	34.2	37.2	32.7	27.2	19.9	15.0	6.6
231	38413	Tamdy	64.62	41.73	237	1993	3.2	4.8	11.1	22.3	27.1	36.0	37.5	33.8	28.6	18.9	3.0	-0.6
231	38413	Tamdy	64.62	41.73	237	1994	2.0	0.9	13.5	20.0	30.2	36.5	35.7	36.0	26.7	21.8	13.8	3.5
231	38413	Tamdy	64.62	41.73	237	1995	4.2	8.7	13.8	24.7	29.0	35.6	38.5	36.6	29.3	19.4	15.7	5.0
231	38413	Tamdy	64.62	41.73	237	1996	1.7	4.2	10.1	19.2	28.9	34.9	37.1	35.0	29.9	18.6	10.1	8.8
231	38413	Tamdy	64.62	41.73	237	1997	4.5	4.3	13.9	23.7	28.5	37.2	39.0	35.9	30.0	26.4	7.0	2.8
231	38413	Tamdy	64.62	41.73	237	1998	-1.5	3.5	12.3	23.9	30.6	35.4	38.1	34.7	29.6	-999.0	-999.0	6.7
231	38413	Tamdy	64.62	41.73	237	1999	13.0	8.9	-999.0	-999.0	-999.0	-999.0	35.6	-999.0	28.9	-999.0	-999.0	13.8
231	38413	Tamdy	64.62	41.73	237	2000	4.7	7.3	15.1	26.9	30.5	34.8	37.2	37.0	30.0	16.9	10.0	5.9
231	38413	Tamdy	64.62	41.73	237	2001	1.1	6.5	18.0	25.0	34.1	36.9	35.5	34.4	27.2	17.6	12.6	6.1
231	38413	Tamdy	64.62	41.73	237	2002	7.4	10.0	18.0	19.1	28.9	32.6	34.5	38.0	32.2	23.7	13.9	-0.9
231	38413	Tamdy	64.62	41.73	237	2003	4.4	5.0	10.9	18.9	25.3	32.5	37.2	36.6	29.9	24.0	10.7	4.6
231	38457	Tashkent	69.30	41.33	477	1881	-999.0	-999.0	-999.0	-999.0	-999.0	33.1	-999.0	34.9	28.4	19.6	-999.0	-999.0
231	38457	Tashkent	69.30	41.33	477	1882	-999.0	4.6	-999.0	-999.0	-999.0	33.7	-999.0	35.1	-999.0	17.0	16.8	-999.0
231	38457	Tashkent	69.30	41.33	477	1883	-999.0	-999.0	15.0	-999.0	28.9	34.4	-999.0	35.2	27.6	19.7	-999.0	-999.0
231	38457	Tashkent	69.30	41.33	477	1884	-999.0	7.0	-999.0	-999.0	-999.0	-999.0	-999.0	-999.0	26.1	18.0	-999.0	-999.0
231	38457	Tashkent	69.30	41.33	477	1885	-999.0	-999.0	-999.0	-999.0	-999.0	-999.0	-999.0	-999.0	-999.0	-999.0	-999.0	-999.0
231	38457	Tashkent	69.30	41.33	477	1886	-999.0	-999.0	-999.0	-999.0	-999.0	-999.0	-999.0	-999.0	-999.0	-999.0	-999.0	-999.0
231	38457	Tashkent	69.30	41.33	477	1887	-999.0	-999.0	-999.0	-999.0	-999.0	-999.0	-999.0	-999.0	-999.0	-999.0	-999.0	-999.0
231	38457	Tashkent	69.30	41.33	477	1888	-999.0	-999.0	-999.0	-999.0	-999.0	-999.0	-999.0	-999.0	-999.0	-999.0	-999.0	-999.0
231	38457	Tashkent	69.30	41.33	477	1889	-999.0	-999.0	-999.0	-999.0	-999.0	-999.0	-999.0	-999.0	-999.0	-999.0	-999.0	-999.0
231	38457	Tashkent	69.30	41.33	477	1890	-999.0	-999.0	-999.0	-999.0	-999.0	-999.0	-999.0	-999.0	-999.0	-999.0	-999.0	-999.0
231	38457	Tashkent	69.30	41.33	477	1891	-999.0	-999.0	-999.0	-999.0	-999.0	-999.0	-999.0	-999.0	-999.0	-999.0	13.1	-999.0
231	38457	Tashkent	69.30	41.33	477	1892	-999.0	-999.0	-999.0	-999.0	-999.0	-999.0	-999.0	-999.0	-999.0	-999.0	-999.0	-999.0
231	38457	Tashkent	69.30	41.33	477	1893	-999.0	4.8	14.5	21.3	27.5	35.5	35.6	33.6	31.5	19.6	16.1	9.7
231	38457	Tashkent	69.30	41.33	477	1894	0.8	10.9	15.4	19.1	27.6	34.1	36.0	33.4	29.7	19.3	11.0	5.6
231	38457	Tashkent	69.30	41.33	477	1895	2.2	11.7	18.6	23.5	27.1	33.1	36.0	32.1	28.1	19.2	12.0	9.7
231	38457	Tashkent	69.30	41.33	477	1896	10.3	10.7	15.0	18.4	27.6	31.2	34.7	33.2	28.1	19.7	11.0	6.3
231	38457	Tashkent	69.30	41.33	477	1897	2.3	7.9	11.9	19.3	26.5	31.7	36.4	34.4	30.1	20.8	15.4	7.6
231	38457	Tashkent	69.30	41.33	477	1898	3.4	5.7	-999.0	-999.0	-999.0	-999.0	35.6	32.3	27.5	22.7	10.2	9.7
231	38457	Tashkent	69.30	41.33	477	1899	6.4	12.7	17.3	22.1	29.3	35.2	35.6	36.2	29.4	23.7	11.2	3.8
231	38457	Tashkent	69.30	41.33	477	1900	-2.3	3.9	15.8	19.1	30.0	32.2	36.0	33.1	28.2	21.6	12.4	9.4
231	38457	Tashkent	69.30	41.33	477	1901	4.8	9.6	17.0	21.5	26.6	30.3	35.5	32.9	28.4	14.2	15.0	10.6
231	38457	Tashkent	69.30	41.33	477	1902	9.1	8.8	14.7	18.8	28.3	34.9	34.3	34.7	28.5	20.0	12.5	9.1
231	38457	Tashkent	69.30	41.33	477	1903	5.0	9.6	6.7	19.2	25.4	32.4	34.1	33.8	28.6	22.6	12.8	6.3
231	38457	Tashkent	69.30	41.33	477	1904	0.8	11.8	14.2	18.9	28.4	33.1	35.5	34.0	27.2	17.9	16.5	9.7
231	38457	Tashkent	69.30	41.33	477	1905	3.8	3.4	8.3	20.9	26.0	32.1	34.6	32.5	29.7	24.5	15.0	7.6
231	38457	Tashkent	69.30	41.33	477	1906	3.4	5.3	14.4	18.0	26.8	34.3	34.0	34.6	27.9	21.6	14.7	9.7
231	38457	Tashkent	69.30	41.33	477	1907	6.1	5.7	12.5	21.8	24.3	30.3	35.1	33.2	25.9	15.1	10.3	9.1
231	38457	Tashkent	69.30	41.33	477	1908	5.7	6.7	11.6	20.0	26.0	31.7	35.9	33.7	28.9	16.9	16.5	7.9
231	38457	Tashkent	69.30	41.33	477	1909	3.1	8.7	14.1	23.8	27.5	32.2	33.9	33.9	28.7	19.3	19.1	11.5
231	38457	Tashkent	69.30	41.33	477	1910	8.8	8.4	12.5	19.7	29.3	32.4	36.6	34.2	-999.0	-999.0	-999.0	-999.0
231	38457	Tashkent	69.30	41.33	477	1911	3.8	8.5	11.9	21.0	26.6	34.2	33.5	32.7	27.4	16.9	11.7	3.9
231	38457	Tashkent	69.30	41.33	477	1912	5.4	10.4	14.0	23.3	26.2	33.3	35.6	32.2	26.5	23.0	12.9	7.1
231	38457	Tashkent	69.30	41.33	477	1913	6.1	6.7	13.1	18.4	29.4	32.7	37.6	32.2	29.2	20.2	13.3	11.6
231	38457	Tashkent	69.30	41.33	477	1914	10.5	7.5	14.9	22.0	26.6	35.1	35.5	34.6	30.4	20.8	13.4	5.0
231	38457	Tashkent	69.30	41.33	477	1915	10.2	7.5	20.7	-999.0	28.8	35.8	34.7	35.7	32.0	21.2	18.1	11.8
231	38457	Tashkent	69.30	41.33	477	1916	8.3	4.9	14.5	23.6	29.0	30.5	35.8	36.0	29.0	20.4	9.4	8.8
231	38457	Tashkent	69.30	41.33	477	1917	12.2	12.2	14.9	24.7	33.3	32.0	35.6	35.1	29.3	19.4	13.2	6.8
231	38457	Tashkent	69.30	41.33	477	1918	7.3	6.6	11.7	19.7	28.5	34.3	35.3	35.4	30.4	21.9	11.0	2.5
231	38457	Tashkent	69.30	41.33	477	1919	1.0	9.7	12.6	24.1	28.0	32.2	35.4	35.0	27.0	22.7	16.0	8.9
231	38457	Tashkent	69.30	41.33	477	1920	-999.0	-999.0	13.2	17.2	25.4	32.2	34.5	32.2	26.7	19.9	8.8	-2.5
231	38457	Tashkent	69.30	41.33	477	1921	4.1	5.1	9.1	19.8	23.2	29.9	34.7	31.7	28.0	20.8	12.9	7.9
231	38457	Tashkent	69.30	41.33	477	1922	6.5	8.5	15.3	22.3	26.5	33.1	35.9	34.0	30.0	22.7	17.3	10.3
231	38457	Tashkent	69.30	41.33	477	1923	5.6	7.3	14.3	19.3	27.3	33.9	34.9	36.4	25.9	19.7	13.0	6.4
231	38457	Tashkent	69.30	41.33	477	1924	7.2	8.7	13.9	20.7	23.8	31.6	36.3	34.9	28.6	22.0	13.2	4.2
231	38457	Tashkent	69.30	41.33	477	1925	3.0	3.9	17.0	19.6	28.3	33.9	36.3	33.7	29.3	21.6	13.7	14.6
231	38457	Tashkent	69.30	41.33	477	1926	7.3	8.1	15.9	17.6	28.4	30.7	32.6	34.9	28.8	21.6	8.5	8.8
231	38457	Tashkent	69.30	41.33	477	1927	1.6	6.2	11.9	22.1	27.7	33.9	36.1	33.5	27.9	24.2	13.3	7.4
231	38457	Tashkent	69.30	41.33	477	1928	0.8	7.4	8.9	18.9	27.4	33.3	33.6	31.8	26.0	20.5	14.4	5.3
231	38457	Tashkent	69.30	41.33	477	1929	0.1	4.4	14.3	24.7	25.5	30.6	34.5	33.0	29.2	19.0	13.3	-1.7
231	38457	Tashkent	69.30	41.33	477	1930	-1.6	4.6	14.3	19.1	26.8	33.6	36.8	32.5	24.3	19.6	16.9	3.1
231	38457	Tashkent	69.30	41.33	477	1931	3.6	-1.7	14.7	21.6	24.8	31.3	34.6	33.4	31.0	20.4	10.8	5.3
231	38457	Tashkent	69.30	41.33	477	1932	4.6	8.5	16.9	23.7	26.1	32.3	35.7	31.3	28.1	19.4	9.7	-0.5
231	38457	Tashkent	69.30	41.33	477	1933	-0.6	8.0	10.5	21.4	28.5	30.7	36.3	34.5	28.6	20.5	14.2	6.5
231	38457	Tashkent	69.30	41.33	477	1934	-2.9	10.2	14.7	16.8	22.1	32.1	33.2	33.6	24.9	20.0	10.2	6.4
231	38457	Tashkent	69.30	41.33	477	1935	-1.2	10.7	12.5	22.1	26.9	28.6	35.2	35.4	26.8	21.4	8.3	5.8
231	38457	Tashkent	69.30	41.33	477	1936	5.5	8.7	11.1	20.0	27.0	33.4	33.9	31.4	29.0	24.8	16.0	4.8
231	38457	Tashkent	69.30	41.33	477	1937	2.3	8.8	12.0	17.3	25.5	32.2	36.3	34.7	29.8	20.6	10.3	4.5
231	38457	Tashkent	69.30	41.33	477	1938	6.7	10.6	11.0	23.8	30.3	32.7	33.0	33.7	28.6	20.8	12.4	5.2
231	38457	Tashkent	69.30	41.33	477	1939	6.1	8.6	12.9	18.4	28.2	35.2	36.8	33.7	28.6	20.8	14.1	11.5
231	38457	Tashkent	69.30	41.33	477	1940	6.9	9.1	12.5	23.5	26.2	34.5	36.3	34.1	28.6	21.9	15.0	11.3
231	38457	Tashkent	69.30	41.33	477	1941	6.0	12.0	17.7	21.7	29.4	35.6	34.1	34.1	29.3	24.9	13.4	9.0
231	38457	Tashkent	69.30	41.33	477	1942	6.4	4.5	14.0	20.3	27.6	32.6	36.4	33.2	27.6	22.5	13.9	8.1
231	38457	Tashkent	69.30	41.33	477	1943	4.7	4.4	9.9	19.7	26.0	31.6	37.1	34.0	28.3	20.0	11.9	8.2
231	38457	Tashkent	69.30	41.33	477	1944	7.4	12.4	21.0	22.7	30.1	33.5	38.5	34.6	28.4	19.7	13.0	-0.6
231	38457	Tashkent	69.30	41.33	477	1945	2.7	2.5	11.1	22.3	27.1	32.4	34.4	35.8	29.0	24.2	10.1	7.9
231	38457	Tashkent	69.30	41.33	477	1946	4.7	13.6	14.7	22.0	30.2	32.3	34.4	33.0	30.2	23.6	11.3	2.5
231	38457	Tashkent	69.30	41.33	477	1947	5.0	8.2	20.0	22.3	25.1	30.3	34.2	34.6	28.7	21.4	18.6	8.8
231	38457	Tashkent	69.30	41.33	477	1948	11.4	11.0	13.6	19.1	27.9	32.8	36.9	34.2	27.1	21.2	15.1	3.3
231	38457	Tashkent	69.30	41.33	477	1949	2.8	6.5	12.1	20.0	24.5	30.4	35.0	32.2	26.3	17.1	10.3	8.3
231	38457	Tashkent	69.30	41.33	477	1950	2.5	5.9	15.3	20.5	29.0	33.8	35.4	33.9	28.3	21.1	8.3	1.8
231	38457	Tashkent	69.30	41.33	477	1951	2.4	0.8	11.7	22.5	27.8	29.7	34.4	33.9	29.1	19.4	12.9	10.3
231	38457	Tashkent	69.30	41.33	477	1952	6.9	11.9	12.9	20.9	25.7	32.2	35.7	34.7	27.7	22.0	6.6	4.4
231	38457	Tashkent	69.30	41.33	477	1953	7.5	14.1	12.9	19.7	27.2	31.9	36.0	33.1	29.4	16.7	9.6	4.2
231	38457	Tashkent	69.30	41.33	477	1954	4.5	5.4	9.1	21.1	26.7	29.7	34.5	32.3	28.7	23.0	11.3	5.0
231	38457	Tashkent	69.30	41.33	477	1955	8.9	12.8	12.7	19.6	27.2	33.5	35.3	35.1	28.7	21.5	17.1	9.7
231	38457	Tashkent	69.30	41.33	477	1956	4.4	6.9	12.0	22.9	27.9	31.3	37.6	34.0	28.2	21.9	17.8	5.3
231	38457	Tashkent	69.30	41.33	477	1957	0.2	3.6	15.0	18.6	26.9	32.4	33.4	32.9	29.5	19.4	11.3	6.8
231	38457	Tashkent	69.30	41.33	477	1958	9.3	12.5	16.5	18.6	23.3	33.2	36.0	32.0	27.6	20.8	9.2	7.3
231	38457	Tashkent	69.30	41.33	477	1959	7.1	5.5	11.5	23.6	27.1	32.1	32.7	33.4	31.6	21.2	9.4	2.3
231	38457	Tashkent	69.30	41.33	477	1960	7.4	12.2	7.7	18.9	23.6	33.3	33.3	33.8	27.9	22.5	12.2	5.4
231	38457	Tashkent	69.30	41.33	477	1961	7.6	6.4	14.9	21.3	30.8	33.3	36.2	34.2	29.1	18.5	15.2	11.0
231	38457	Tashkent	69.30	41.33	477	1962	5.2	12.8	19.0	20.4	27.2	32.5	37.1	34.3	27.2	20.8	7.7	7.5
231	38457	Tashkent	69.30	41.33	477	1963	11.0	13.4	15.4	22.7	26.0	33.3	34.3	32.2	27.9	23.3	13.4	7.6
231	38457	Tashkent	69.30	41.33	477	1964	1.9	7.4	16.1	18.1	26.0	32.2	34.0	33.4	27.9	19.2	17.2	3.6
231	38457	Tashkent	69.30	41.33	477	1965	3.9	6.9	14.1	22.3	29.9	33.0	36.4	33.7	27.5	21.1	15.3	11.0
231	38457	Tashkent	69.30	41.33	477	1966	12.0	13.6	13.8	21.0	26.8	35.2	36.0	34.9	28.8	19.5	10.8	7.8
231	38457	Tashkent	69.30	41.33	477	1967	8.2	7.0	15.7	21.3	26.5	32.4	34.8	33.6	28.0	19.1	14.7	9.8
231	38457	Tashkent	69.30	41.33	477	1968	9.2	9.1	15.0	19.2	26.0	32.3	35.0	34.2	28.9	21.1	14.0	5.3
231	38457	Tashkent	69.30	41.33	477	1969	-2.2	-1.6	12.0	20.3	25.2	31.8	32.8	32.9	27.5	20.6	12.5	12.9
231	38457	Tashkent	69.30	41.33	477	1970	5.5	12.1	14.1	22.9	28.8	32.3	33.8	34.6	28.4	22.3	15.2	7.0
231	38457	Tashkent	69.30	41.33	477	1971	3.3	8.9	18.4	21.3	28.2	34.1	35.3	33.3	29.3	23.6	17.6	12.8
231	38457	Tashkent	69.30	41.33	477	1972	0.4	-1.2	10.0	21.8	25.9	31.1	32.6	31.6	28.1	22.6	17.1	3.6
231	38457	Tashkent	69.30	41.33	477	1973	2.6	10.8	12.6	22.2	26.7	34.2	36.7	34.2	26.7	23.2	17.6	9.0
231	38457	Tashkent	69.30	41.33	477	1974	0.3	1.7	14.1	21.4	28.0	33.0	36.1	31.8	28.1	22.6	15.0	6.1
231	38457	Tashkent	69.30	41.33	477	1975	6.5	7.2	15.5	23.7	28.1	34.5	37.5	34.9	29.4	20.9	10.6	8.8
231	38457	Tashkent	69.30	41.33	477	1976	10.6	6.2	12.1	21.8	28.6	33.1	36.8	36.1	28.8	18.7	10.6	5.0
231	38457	Tashkent	69.30	41.33	477	1977	-0.1	9.4	18.5	25.5	28.8	35.2	35.6	34.1	30.1	19.5	14.1	8.0
231	38457	Tashkent	69.30	41.33	477	1978	6.7	5.9	13.2	23.4	26.3	32.7	35.7	33.1	31.1	22.5	9.8	12.4
231	38457	Tashkent	69.30	41.33	477	1979	5.1	10.2	13.6	21.0	23.9	31.7	36.1	33.8	28.6	24.1	13.7	11.6
231	38457	Tashkent	69.30	41.33	477	1980	6.2	4.3	12.8	23.7	28.1	33.4	37.6	33.8	29.3	20.5	17.4	10.6
231	38457	Tashkent	69.30	41.33	477	1981	9.2	9.1	16.4	21.5	26.9	31.5	34.7	33.0	28.3	19.1	15.7	10.6
231	38457	Tashkent	69.30	41.33	477	1982	7.2	7.9	12.9	24.5	29.0	33.3	34.8	33.7	27.9	20.1	7.5	6.6
231	38457	Tashkent	69.30	41.33	477	1983	7.1	13.4	13.6	22.6	27.2	33.5	37.7	35.7	28.7	21.5	17.9	7.9
231	38457	Tashkent	69.30	41.33	477	1984	4.6	-0.2	13.3	21.1	27.9	33.9	37.7	36.9	27.9	21.1	14.4	-1.5
231	38457	Tashkent	69.30	41.33	477	1985	4.9	12.4	11.4	24.3	27.6	34.4	36.5	33.2	30.6	19.6	13.7	8.8
231	38457	Tashkent	69.30	41.33	477	1986	10.1	10.1	11.4	22.0	29.3	32.7	36.5	34.1	31.1	22.2	13.4	8.4
231	38457	Tashkent	69.30	41.33	477	1987	10.8	12.0	14.2	18.6	27.4	32.0	33.6	35.8	28.4	15.9	13.1	12.9
231	38457	Tashkent	69.30	41.33	477	1988	7.0	8.5	13.9	23.7	25.4	34.8	37.0	33.5	29.4	21.0	18.9	12.7
231	38457	Tashkent	69.30	41.33	477	1989	4.0	4.4	16.6	20.0	25.8	33.4	36.1	35.0	27.9	23.7	14.5	10.9
231	38457	Tashkent	69.30	41.33	477	1990	4.1	9.0	14.6	20.3	28.3	35.9	34.8	34.8	31.1	21.2	16.8	7.7
231	38457	Tashkent	69.30	41.33	477	1991	4.9	9.0	13.6	22.9	26.6	32.2	36.2	34.5	29.4	23.5	13.6	8.9
231	38457	Tashkent	69.30	41.33	477	1992	7.3	12.0	20.9	21.4	22.9	31.5	34.7	31.9	27.5	20.8	18.3	10.7
231	38457	Tashkent	69.30	41.33	477	1993	6.6	8.7	12.6	22.1	24.2	32.4	35.3	32.9	29.0	20.2	8.1	6.3
231	38457	Tashkent	69.30	41.33	477	1994	6.2	5.0	16.9	19.3	28.2	34.6	35.0	35.2	26.0	22.5	18.2	7.9
231	38457	Tashkent	69.30	41.33	477	1995	6.9	10.2	15.2	23.0	28.1	34.1	36.6	35.2	29.4	21.0	19.2	8.1
231	38457	Tashkent	69.30	41.33	477	1996	4.9	7.4	11.9	19.6	26.6	32.9	35.0	33.9	29.8	21.3	-999.0	13.2
231	38457	Tashkent	69.30	41.33	477	1997	8.4	7.9	15.2	22.9	26.2	33.9	37.2	34.6	30.1	25.9	12.0	8.4
231	38457	Tashkent	69.30	41.33	477	1998	5.6	6.9	13.3	23.0	25.0	31.4	35.2	34.4	30.0	-999.0	-999.0	11.6
231	38457	Tashkent	69.30	41.33	477	1999	8.4	15.1	-999.0	-999.0	-999.0	-999.0	33.2	36.0	29.2	-999.0	11.2	11.2
231	38457	Tashkent	69.30	41.33	477	2000	9.4	9.9	16.3	26.1	30.2	34.2	36.8	36.3	30.2	17.9	12.7	9.3
231	38457	Tashkent	69.30	41.33	477	2001	4.6	10.8	18.5	24.7	32.9	36.7	35.0	34.3	28.1	19.2	16.4	10.1
231	38457	Tashkent	69.30	41.33	477	2002	9.5	10.7	18.8	21.0	27.2	33.1	36.8	36.2	32.3	27.1	17.4	3.8
231	38457	Tashkent	69.30	41.33	477	2003	10.2	10.8	14.0	19.2	25.8	31.7	36.4	35.6	29.8	24.8	13.4	-999.0
231	38927	Termez	67.27	37.23	310	1936	9.4	14.8	15.2	25.0	33.9	38.8	39.5	37.2	34.3	28.7	19.0	9.5
231	38927	Termez	67.27	37.23	310	1937	6.5	13.7	15.8	22.9	32.6	37.3	40.7	39.3	33.5	24.8	16.8	11.6
231	38927	Termez	67.27	37.23	310	1938	10.5	13.7	16.1	28.8	35.3	36.1	37.7	37.9	32.7	25.5	16.5	11.6
231	38927	Termez	67.27	37.23	310	1939	10.7	12.6	16.2	23.0	32.6	39.9	39.9	38.4	33.0	25.4	20.3	16.2
231	38927	Termez	67.27	37.23	310	1940	11.4	15.5	15.6	28.1	32.8	39.3	40.3	38.0	32.9	27.4	19.6	14.0
231	38927	Termez	67.27	37.23	310	1941	9.4	16.2	22.0	26.6	34.3	39.7	38.9	38.2	33.4	28.2	19.5	12.2
231	38927	Termez	67.27	37.23	310	1942	9.4	9.5	19.9	25.6	33.4	36.5	40.4	37.0	32.2	27.6	21.3	11.3
231	38927	Termez	67.27	37.23	310	1943	9.0	11.3	15.1	24.0	31.0	36.6	40.9	38.3	31.7	24.7	16.9	13.4
231	38927	Termez	67.27	37.23	310	1944	11.4	15.0	24.1	26.6	34.5	37.7	43.0	39.0	32.5	25.7	18.9	3.3
231	38927	Termez	67.27	37.23	310	1945	7.9	9.9	15.8	24.8	30.5	37.2	39.5	39.0	33.4	27.8	16.9	11.9
231	38927	Termez	67.27	37.23	310	1946	-999.0	-999.0	-999.0	-999.0	-999.0	-999.0	-999.0	-999.0	-999.0	-999.0	-999.0	-999.0
231	38927	Termez	67.27	37.23	310	1947	10.7	12.4	22.2	27.3	32.1	35.8	39.5	40.2	32.8	26.3	22.4	13.3
231	38927	Termez	67.27	37.23	310	1948	14.5	16.2	16.4	24.5	33.9	37.2	40.6	37.6	31.6	25.0	17.4	7.3
231	38927	Termez	67.27	37.23	310	1949	4.4	12.3	16.6	25.6	31.6	35.6	40.8	36.7	31.9	21.3	15.9	13.3
231	38927	Termez	67.27	37.23	310	1950	6.3	10.0	19.4	23.1	32.9	38.1	40.3	37.7	31.4	26.5	14.1	8.7
231	38927	Termez	67.27	37.23	310	1951	7.8	8.2	16.1	25.8	33.2	35.4	39.3	38.4	34.0	27.4	18.4	14.9
231	38927	Termez	67.27	37.23	310	1952	10.5	14.5	-999.0	28.6	31.9	37.1	39.7	37.3	31.9	25.5	14.2	-999.0
231	38927	Termez	67.27	37.23	310	1953	-999.0	-999.0	-999.0	-999.0	-999.0	37.0	-999.0	-999.0	-999.0	-999.0	-999.0	-999.0
231	38927	Termez	67.27	37.23	310	1954	-999.0	-999.0	15.5	26.1	33.6	36.0	38.6	36.9	32.2	26.1	16.4	9.4
231	38927	Termez	67.27	37.23	310	1955	12.3	17.7	18.4	25.7	30.6	37.2	40.5	39.7	33.3	25.1	22.3	14.4
231	38927	Termez	67.27	37.23	310	1956	9.6	12.9	16.8	26.8	34.1	36.0	40.7	36.9	32.0	25.5	20.7	9.9
231	38927	Termez	67.27	37.23	310	1957	3.6	9.2	19.4	22.7	31.2	36.0	37.4	36.5	32.3	23.5	14.9	10.6
231	38927	Termez	67.27	37.23	310	1958	12.8	16.4	22.0	27.0	30.0	38.0	39.5	36.5	32.0	25.5	13.1	12.3
231	38927	Termez	67.27	37.23	310	1959	10.8	10.6	18.0	29.5	31.9	37.2	38.4	38.8	35.1	26.3	14.5	7.0
231	38927	Termez	67.27	37.23	310	1960	11.5	16.4	14.6	22.0	29.8	38.3	38.5	38.3	32.4	26.5	15.4	9.3
231	38927	Termez	67.27	37.23	310	1961	10.9	10.2	19.5	24.1	34.5	37.2	40.3	37.6	32.9	23.5	18.6	14.2
231	38927	Termez	67.27	37.23	310	1962	9.9	16.2	22.7	25.2	31.3	35.5	39.9	36.3	29.7	24.2	12.9	12.0
231	38927	Termez	67.27	37.23	310	1963	14.8	17.4	18.9	27.6	32.0	38.1	38.6	36.7	32.7	27.2	18.5	11.6
231	38927	Termez	67.27	37.23	310	1964	3.7	13.0	20.4	23.2	31.5	37.0	38.6	37.3	32.0	22.3	18.7	6.8
231	38927	Termez	67.27	37.23	310	1965	8.9	11.3	16.1	24.5	32.4	36.5	39.3	36.4	30.7	26.3	21.0	13.5
231	38927	Termez	67.27	37.23	310	1966	17.3	17.3	17.7	24.9	31.7	38.9	38.6	37.4	31.4	23.1	16.3	13.8
231	38927	Termez	67.27	37.23	310	1967	9.9	11.3	19.2	24.2	30.0	35.7	38.4	36.8	32.1	23.9	18.7	13.0
231	38927	Termez	67.27	37.23	310	1968	12.2	12.3	19.5	23.7	30.8	37.1	38.8	37.4	33.4	25.5	18.8	10.7
231	38927	Termez	67.27	37.23	310	1969	4.0	4.9	18.1	23.3	29.6	36.3	38.0	35.8	31.2	25.5	15.1	15.9
231	38927	Termez	67.27	37.23	310	1970	9.5	17.0	18.0	27.2	35.3	37.5	37.9	38.7	31.6	25.9	20.6	10.9
231	38927	Termez	67.27	37.23	310	1971	6.6	13.8	20.6	26.3	34.8	38.1	38.7	36.1	30.9	25.9	20.3	15.9
231	38927	Termez	67.27	37.23	310	1972	5.4	10.3	14.7	25.2	29.8	35.6	36.0	33.5	31.7	26.3	20.3	7.1
231	38927	Termez	67.27	37.23	310	1973	5.1	15.0	16.5	25.3	31.6	38.5	39.0	37.1	30.6	26.6	20.2	11.9
231	38927	Termez	67.27	37.23	310	1974	6.9	7.8	18.7	26.7	32.5	36.6	38.4	35.0	31.0	25.0	19.1	11.0
231	38927	Termez	67.27	37.23	310	1975	10.0	12.2	17.8	23.3	31.6	37.7	39.8	36.5	32.3	24.9	15.7	10.8
231	38927	Termez	67.27	37.23	310	1976	12.4	9.4	15.4	25.1	32.7	37.7	40.0	38.2	32.8	24.9	14.9	9.2
231	38927	Termez	67.27	37.23	310	1977	0.8	12.7	23.8	28.3	33.0	39.6	39.9	37.5	32.7	23.6	17.7	12.5
231	38927	Termez	67.27	37.23	310	1978	8.9	12.4	16.2	28.4	32.6	37.3	39.5	36.9	34.0	26.7	13.9	15.3
231	38927	Termez	67.27	37.23	310	1979	9.9	14.0	17.1	27.4	28.6	36.9	40.4	36.8	32.9	28.4	16.3	16.4
231	38927	Termez	67.27	37.23	310	1980	8.4	8.7	17.7	28.9	33.8	37.3	39.7	37.3	32.7	25.5	21.1	14.0
231	38927	Termez	67.27	37.23	310	1981	12.0	13.6	21.3	26.3	32.4	35.8	38.6	36.4	32.4	23.2	20.0	14.6
231	38927	Termez	67.27	37.23	310	1982	10.4	11.3	16.3	28.0	32.7	36.8	38.9	36.3	30.7	25.3	12.0	9.2
231	38927	Termez	67.27	37.23	310	1983	9.9	15.7	15.4	25.4	32.5	37.1	40.0	38.7	32.9	25.0	21.7	11.8
231	38927	Termez	67.27	37.23	310	1984	10.0	5.8	19.3	26.7	32.5	37.4	39.8	39.1	31.1	24.5	18.6	4.4
231	38927	Termez	67.27	37.23	310	1985	8.9	16.5	16.4	27.7	32.6	39.3	40.1	36.1	33.3	24.9	19.2	10.9
231	38927	Termez	67.27	37.23	310	1986	12.9	14.5	14.9	25.8	33.3	37.4	39.6	36.9	33.4	26.9	17.8	10.9
231	38927	Termez	67.27	37.23	310	1987	14.4	14.8	20.2	24.0	32.3	36.1	38.0	39.4	32.3	20.2	17.6	15.0
231	38927	Termez	67.27	37.23	310	1988	10.5	11.7	18.2	28.1	32.8	38.9	40.1	37.3	32.7	25.4	22.0	15.8
231	38927	Termez	67.27	37.23	310	1989	7.5	9.8	19.6	25.5	29.4	37.8	39.8	38.0	32.4	27.7	18.8	14.4
231	38927	Termez	67.27	37.23	310	1990	7.0	11.5	18.5	24.5	34.9	39.3	39.5	38.4	34.5	26.3	22.3	10.0
231	38927	Termez	67.27	37.23	310	1991	9.9	11.1	16.3	25.7	30.4	37.9	40.5	38.4	32.4	26.1	17.6	12.1
231	38927	Termez	67.27	37.23	310	1992	9.5	14.8	24.3	25.5	28.9	38.3	40.2	36.8	31.9	25.5	20.5	13.7
231	38927	Termez	67.27	37.23	310	1993	10.4	13.5	17.1	27.2	31.3	37.6	39.8	36.8	33.5	23.4	15.2	11.2
231	38927	Termez	67.27	37.23	310	1994	10.9	10.6	20.1	25.0	34.0	39.5	41.0	40.5	29.9	23.9	23.2	11.9
231	38927	Termez	67.27	37.23	310	1995	12.3	13.9	18.2	26.7	33.9	39.7	42.3	39.8	33.2	26.0	23.5	12.6
231	38927	Termez	67.27	37.23	310	1996	9.6	12.9	15.8	24.9	31.4	38.3	40.2	37.2	34.5	24.8	16.0	15.8
231	38927	Termez	67.27	37.23	310	1997	13.8	14.3	17.6	25.7	31.5	39.2	41.4	38.3	33.3	28.5	17.5	12.5
231	38927	Termez	67.27	37.23	310	1998	10.7	10.8	16.6	27.5	31.3	36.3	40.1	38.6	-999.0	-999.0	-999.0	15.1
231	38927	Termez	67.27	37.23	310	1999	10.7	17.5	15.5	23.8	32.3	38.5	38.7	39.6	33.0	27.7	15.2	13.7
231	38927	Termez	67.27	37.23	310	2000	11.7	13.2	19.3	31.3	36.5	38.1	39.9	39.3	34.0	24.8	15.4	13.6
231	38927	Termez	67.27	37.23	310	2001	9.5	14.4	21.4	30.6	37.0	39.9	38.9	37.2	32.1	25.7	20.1	13.4
231	38927	Termez	67.27	37.23	310	2002	12.7	13.8	21.8	26.0	31.7	37.8	38.9	39.0	33.6	29.2	19.1	7.3
231	38927	Termez	67.27	37.23	310	2003	11.5	13.4	17.8	24.3	29.5	36.6	40.6	38.2	33.1	28.8	17.7	11.3
231	38396	Urgench	60.63	41.57	100	1927	-999.0	-999.0	-999.0	-999.0	-999.0	-999.0	34.9	32.0	27.0	-999.0	-999.0	-999.0
231	38396	Urgench	60.63	41.57	100	1928	-999.0	-999.0	-999.0	19.8	28.8	33.5	33.0	29.9	-999.0	-999.0	-999.0	-999.0
231	38396	Urgench	60.63	41.57	100	1929	-6.8	-999.0	-999.0	-999.0	-999.0	31.0	35.3	32.2	28.1	18.6	10.6	-5.9
231	38396	Urgench	60.63	41.57	100	1930	-1.4	-1.5	11.4	19.0	28.7	34.4	36.9	32.2	24.7	16.9	12.5	-0.2
231	38396	Urgench	60.63	41.57	100	1931	-3.6	-6.4	12.7	21.8	26.2	32.0	36.2	31.9	29.6	18.9	8.0	1.1
231	38396	Urgench	60.63	41.57	100	1932	1.4	8.5	12.5	25.4	28.5	32.5	34.2	31.4	27.1	18.2	8.1	-0.8
231	38396	Urgench	60.63	41.57	100	1933	0.8	3.0	8.4	22.3	30.3	31.4	36.1	33.5	27.0	18.8	11.2	1.2
231	38396	Urgench	60.63	41.57	100	1934	-3.6	6.5	-999.0	17.6	24.3	32.6	33.5	32.4	23.7	17.8	8.4	2.0
231	38396	Urgench	60.63	41.57	100	1935	-4.4	6.4	11.1	24.5	29.2	29.5	35.3	34.4	26.3	22.2	5.4	2.2
231	38396	Urgench	60.63	41.57	100	1936	3.5	4.2	6.8	21.5	28.2	33.8	33.6	31.8	27.0	21.5	12.9	2.1
231	38396	Urgench	60.63	41.57	100	1937	0.9	0.6	8.0	18.2	27.3	32.7	35.4	34.2	28.8	20.7	9.0	2.9
231	38396	Urgench	60.63	41.57	100	1938	5.7	7.7	9.7	24.6	29.1	32.2	31.7	32.8	27.5	20.0	11.1	-2.2
231	38396	Urgench	60.63	41.57	100	1939	-0.9	6.2	11.3	18.7	30.0	36.7	35.6	32.1	26.8	17.3	11.1	5.6
231	38396	Urgench	60.63	41.57	100	1940	0.4	1.2	10.1	25.0	25.0	33.3	35.7	34.7	28.6	19.7	12.7	7.4
231	38396	Urgench	60.63	41.57	100	1941	2.0	8.5	15.1	23.2	29.7	35.8	33.5	32.1	28.6	21.3	9.7	4.7
231	38396	Urgench	60.63	41.57	100	1942	4.9	2.4	11.6	19.2	29.0	34.4	35.7	32.3	26.1	19.9	11.5	3.9
231	38396	Urgench	60.63	41.57	100	1943	-0.1	0.6	5.4	21.1	30.0	31.9	36.2	32.9	26.1	20.0	8.2	3.5
231	38396	Urgench	60.63	41.57	100	1944	4.3	10.2	20.4	20.9	30.7	33.0	37.0	32.3	27.3	18.3	8.8	-4.1
231	38396	Urgench	60.63	41.57	100	1945	-1.1	-1.1	9.9	22.7	27.8	32.5	34.4	35.1	27.3	21.9	7.1	4.2
231	38396	Urgench	60.63	41.57	100	1946	2.3	10.9	13.6	20.9	31.3	32.0	32.8	32.4	29.5	19.0	8.4	-2.0
231	38396	Urgench	60.63	41.57	100	1947	2.7	4.2	18.6	23.0	26.2	31.2	34.3	33.7	26.6	19.7	16.0	4.6
231	38396	Urgench	60.63	41.57	100	1948	5.8	9.4	11.6	18.9	30.3	34.8	35.5	33.1	26.2	20.3	12.2	0.1
231	38396	Urgench	60.63	41.57	100	1949	-1.3	1.6	6.9	20.0	27.8	34.6	36.0	32.1	25.6	16.3	8.6	4.8
231	38396	Urgench	60.63	41.57	100	1950	-3.2	0.6	13.1	22.6	30.6	32.6	33.8	32.9	27.8	20.5	6.4	-1.5
231	38396	Urgench	60.63	41.57	100	1951	-0.2	-1.7	13.3	24.8	30.3	31.8	35.1	32.6	26.9	16.7	8.0	6.0
231	38396	Urgench	60.63	41.57	100	1952	2.2	7.8	10.7	20.2	28.3	32.1	36.4	34.3	27.5	21.1	5.1	-1.1
231	38396	Urgench	60.63	41.57	100	1953	5.0	12.4	11.5	19.9	29.3	32.5	35.6	34.0	21.5	16.1	6.4	0.7
231	38396	Urgench	60.63	41.57	100	1954	-0.2	-0.2	6.0	20.4	28.3	31.3	35.6	32.5	27.9	22.5	10.3	3.4
231	38396	Urgench	60.63	41.57	100	1955	5.9	10.5	12.0	20.7	29.8	34.4	35.9	34.3	27.7	20.4	12.5	5.7
231	38396	Urgench	60.63	41.57	100	1956	-2.2	3.0	10.1	23.6	27.5	32.8	37.0	34.0	26.7	20.6	13.1	1.9
231	38396	Urgench	60.63	41.57	100	1957	-2.0	3.8	12.3	20.7	30.0	32.2	32.9	32.4	29.9	19.4	10.0	4.4
231	38396	Urgench	60.63	41.57	100	1958	6.6	11.3	13.7	18.7	27.3	34.8	35.3	32.1	25.4	18.4	6.6	3.6
231	38396	Urgench	60.63	41.57	100	1959	0.9	2.5	8.8	23.9	28.0	33.3	33.7	33.6	29.4	18.4	3.8	-1.9
231	38396	Urgench	60.63	41.57	100	1960	5.2	9.3	6.6	21.5	26.4	35.1	33.7	33.1	27.0	20.2	8.8	2.5
231	38396	Urgench	60.63	41.57	100	1961	4.4	6.4	14.3	22.5	34.0	34.7	35.7	33.8	26.7	17.0	13.2	7.2
231	38396	Urgench	60.63	41.57	100	1962	2.5	8.2	16.5	20.5	28.8	33.3	37.5	32.7	26.6	18.8	7.9	4.1
231	38396	Urgench	60.63	41.57	100	1963	7.4	10.4	13.0	22.6	28.9	39.5	35.2	32.0	26.9	21.2	11.3	2.9
231	38396	Urgench	60.63	41.57	100	1964	0.1	3.7	13.3	18.2	29.4	33.2	35.7	33.5	27.4	16.6	13.7	-0.1
231	38396	Urgench	60.63	41.57	100	1965	-0.9	4.4	13.7	20.6	30.4	34.3	36.0	33.6	27.2	18.0	13.5	8.3
