Country	Code_WMO	mst	Long	Lat	Alt.m	years	I	II	III	IV	V	VI	VII	VIII	IX	X	XI	XII
211	36870	Almaty	76.93	43.23	847	1915	-999.0	-999.0	-999.0	-999.0	12.6	16.9	17.9	18.1	13.8	4.4	-2.0	-4.5
211	36870	Almaty	76.93	43.23	847	1916	-9.6	-999.0	-2.3	6.9	11.3	13.8	16.8	18.2	14.1	4.3	-10.8	-10.5
211	36870	Almaty	76.93	43.23	847	1917	-8.6	-4.9	-4.8	2.1	14.5	14.0	18.8	17.8	10.5	3.6	-2.0	-11.3
211	36870	Almaty	76.93	43.23	847	1918	-999.0	-999.0	-999.0	-999.0	-999.0	-999.0	-999.0	-999.0	-999.0	-999.0	-999.0	-999.0
211	36870	Almaty	76.93	43.23	847	1919	-999.0	-9.7	-4.0	6.3	11.5	-999.0	-999.0	16.6	8.4	5.0	-2.5	-7.4
211	36870	Almaty	76.93	43.23	847	1920	-999.0	-16.7	-5.7	4.4	9.4	15.8	16.0	15.5	9.8	4.1	-4.8	-17.4
211	36870	Almaty	76.93	43.23	847	1921	-12.1	-9.0	-4.7	5.9	8.4	13.2	16.7	15.1	10.0	5.0	-4.1	-7.6
211	36870	Almaty	76.93	43.23	847	1922	-10.5	-9.2	-1.1	5.1	11.6	15.0	16.6	15.5	10.6	5.1	-1.8	-6.2
211	36870	Almaty	76.93	43.23	847	1923	-15.1	-9.6	-2.7	5.5	10.2	15.2	15.5	19.1	8.9	5.1	-0.7	-10.7
211	36870	Almaty	76.93	43.23	847	1924	-10.5	-7.7	-4.3	6.8	8.1	12.7	18.8	16.5	10.9	4.7	-3.6	-6.1
211	36870	Almaty	76.93	43.23	847	1925	-10.4	-13.3	-0.3	4.2	9.8	14.3	17.3	16.9	12.3	6.4	-2.9	-1.7
211	36870	Almaty	76.93	43.23	847	1926	-8.8	-7.8	0.9	4.5	10.6	14.5	16.1	17.2	11.0	3.8	-5.7	-9.2
211	36870	Almaty	76.93	43.23	847	1927	-13.6	-10.4	-5.4	6.4	10.4	14.5	18.8	17.0	11.4	6.8	-2.7	-7.5
211	36870	Almaty	76.93	43.23	847	1928	-12.6	-7.5	-4.6	4.9	12.4	15.7	16.8	15.3	9.3	4.1	-2.3	-14.0
211	36870	Almaty	76.93	43.23	847	1929	-17.5	-11.5	-1.6	9.3	8.4	14.4	16.3	14.3	11.6	1.3	-4.1	-18.3
211	36870	Almaty	76.93	43.23	847	1930	-17.2	-11.4	-1.9	2.9	11.5	16.1	17.9	15.8	10.1	3.8	-0.9	-12.4
211	36870	Almaty	76.93	43.23	847	1931	-14.0	-21.3	-3.8	4.4	9.2	15.2	16.8	16.7	13.5	6.1	-4.6	-9.0
211	36870	Almaty	76.93	43.23	847	1932	-9.4	-8.7	0.4	7.3	10.5	14.9	19.1	14.1	10.3	4.0	-4.5	-13.6
211	36870	Almaty	76.93	43.23	847	1933	-14.9	-9.9	-5.8	7.8	11.5	15.0	17.4	18.0	9.8	2.6	-2.3	-7.0
211	36870	Almaty	76.93	43.23	847	1934	-15.8	-5.2	-2.5	2.8	9.0	15.7	15.2	15.4	8.4	3.3	-6.1	-8.1
211	36870	Almaty	76.93	43.23	847	1935	-15.0	-6.0	-1.6	4.2	11.2	15.3	17.3	17.5	10.3	6.1	-8.4	-15.4
211	36870	Almaty	76.93	43.23	847	1936	-14.3	-10.5	-5.9	3.6	9.9	15.4	17.2	13.3	11.2	9.0	-1.9	-9.3
211	36870	Almaty	76.93	43.23	847	1937	-13.7	-10.8	-5.4	3.4	10.9	14.0	17.9	14.8	12.4	5.5	-9.1	-10.9
211	36870	Almaty	76.93	43.23	847	1938	-9.8	-8.2	-2.2	8.1	13.0	14.2	17.9	15.7	10.3	4.0	-2.1	-12.5
211	36870	Almaty	76.93	43.23	847	1939	-12.6	-8.2	-3.1	3.5	11.8	16.7	18.6	16.1	12.2	3.8	-1.7	-3.1
211	36870	Almaty	76.93	43.23	847	1940	-10.3	-7.3	0.2	7.1	9.6	17.2	18.4	16.2	10.3	6.5	-2.4	-3.7
211	36870	Almaty	76.93	43.23	847	1941	-8.4	-5.5	0.6	7.6	12.2	18.2	16.1	17.1	11.4	6.5	-1.3	-5.0
211	36870	Almaty	76.93	43.23	847	1942	-7.8	-16.0	-1.1	4.9	10.3	16.2	18.4	15.2	11.1	5.0	-2.0	-7.0
211	36870	Almaty	76.93	43.23	847	1943	-10.1	-10.6	-3.0	5.2	12.0	14.6	19.2	17.5	11.2	3.8	-6.8	-9.5
211	36870	Almaty	76.93	43.23	847	1944	-10.2	-6.4	2.6	5.9	12.3	16.5	20.1	16.4	10.7	3.2	-5.3	-18.1
211	36870	Almaty	76.93	43.23	847	1945	-11.2	-15.4	-5.8	7.6	12.1	15.6	17.0	18.1	11.6	7.8	-4.3	-7.9
211	36870	Almaty	76.93	43.23	847	1946	-9.0	-4.9	-5.0	7.5	11.6	13.4	16.7	14.9	11.9	7.4	-5.0	-12.2
211	36870	Almaty	76.93	43.23	847	1947	-10.4	-9.8	3.0	7.7	10.8	13.4	15.6	16.7	11.0	4.8	1.4	-12.6
211	36870	Almaty	76.93	43.23	847	1948	-7.3	-10.2	-1.0	4.3	11.0	14.4	19.2	15.9	10.9	5.4	-3.9	-10.8
211	36870	Almaty	76.93	43.23	847	1949	-10.7	-6.6	-3.6	6.3	11.3	15.7	16.7	16.7	8.8	2.6	-4.5	-10.3
211	36870	Almaty	76.93	43.23	847	1950	-8.2	-9.3	-0.7	3.8	13.7	15.9	18.7	17.0	11.2	3.5	-6.6	-13.3
211	36870	Almaty	76.93	43.23	847	1951	-11.8	-18.6	-6.6	6.8	13.5	14.5	17.8	16.4	12.5	6.1	-4.3	-3.6
211	36870	Almaty	76.93	43.23	847	1952	-7.4	-6.7	-1.3	5.6	10.2	14.3	17.9	17.3	11.0	3.7	-9.8	-13.8
211	36870	Almaty	76.93	43.23	847	1953	-9.6	-5.2	-1.1	5.3	13.0	15.8	18.5	15.3	13.8	2.6	-6.1	-8.9
211	36870	Almaty	76.93	43.23	847	1954	-11.7	-11.2	-6.0	6.0	9.2	12.7	16.4	17.0	11.1	6.4	-4.7	-15.5
211	36870	Almaty	76.93	43.23	847	1955	-12.5	-7.3	-3.2	2.7	11.4	17.6	18.1	18.5	12.2	4.2	-0.2	-6.1
211	36870	Almaty	76.93	43.23	847	1956	-14.2	-8.6	-2.3	7.2	11.2	13.3	20.4	16.2	11.7	5.1	1.9	-8.3
211	36870	Almaty	76.93	43.23	847	1957	-13.7	-12.2	-1.7	3.0	9.2	16.6	17.1	16.2	12.4	5.1	-3.4	-5.6
211	36870	Almaty	76.93	43.23	847	1958	-9.4	-3.9	1.0	5.2	8.4	12.8	17.8	15.4	11.3	3.6	-4.5	-6.4
211	36870	Almaty	76.93	43.23	847	1959	-9.2	-8.6	-3.3	7.3	8.5	15.9	16.3	17.0	14.7	5.5	-5.2	-11.9
211	36870	Almaty	76.93	43.23	847	1960	-7.9	-5.7	-6.1	3.7	8.1	15.5	17.1	16.7	11.5	4.1	-6.0	-8.1
211	36870	Almaty	76.93	43.23	847	1961	-10.3	-8.3	-1.0	7.9	13.8	15.3	17.9	16.3	11.7	2.4	-2.7	-6.9
211	36870	Almaty	76.93	43.23	847	1962	-10.7	-4.8	2.5	5.2	12.3	15.4	18.8	17.9	11.8	5.1	-5.5	-8.7
211	36870	Almaty	76.93	43.23	847	1963	-6.6	-3.7	1.4	3.1	11.3	16.3	18.3	15.5	9.8	6.0	-0.7	-6.6
211	36870	Almaty	76.93	43.23	847	1964	-11.6	-13.0	-1.2	6.1	9.8	14.6	16.9	16.6	10.8	2.8	-0.5	-10.5
211	36870	Almaty	76.93	43.23	847	1965	-9.5	-9.2	-1.8	7.2	12.4	16.2	19.5	16.4	10.9	5.2	0.4	-7.0
211	36870	Almaty	76.93	43.23	847	1966	-7.9	-5.4	-0.4	4.2	8.6	17.5	17.6	17.8	13.3	3.8	-6.1	-10.1
211	36870	Almaty	76.93	43.23	847	1967	-11.3	-9.8	-1.8	6.6	12.3	14.9	17.3	14.8	9.6	4.4	-5.3	-4.8
211	36870	Almaty	76.93	43.23	847	1968	-7.5	-9.9	2.0	3.0	11.7	15.4	17.5	15.6	8.6	3.4	-1.9	-9.5
211	36870	Almaty	76.93	43.23	847	1969	-18.6	-18.6	-2.8	5.9	10.7	14.7	17.5	14.3	9.0	3.8	-1.8	-3.7
211	36870	Almaty	76.93	43.23	847	1970	-10.5	-5.9	-3.9	6.2	10.0	14.9	17.1	16.5	10.6	3.8	-4.1	-8.0
211	36870	Almaty	76.93	43.23	847	1971	-12.0	-9.2	-3.6	5.7	9.7	16.2	16.5	16.0	10.7	5.7	1.3	-1.0
211	36870	Almaty	76.93	43.23	847	1972	-12.3	-15.1	-4.5	5.0	11.2	14.8	15.2	14.7	10.3	3.6	-0.9	-8.0
211	36870	Almaty	76.93	43.23	847	1973	-10.7	-8.9	-2.7	7.2	9.7	15.4	18.1	16.0	9.3	3.8	0.0	-5.9
211	36870	Almaty	76.93	43.23	847	1974	-12.3	-14.3	-2.9	6.5	12.0	15.8	19.9	15.3	10.7	3.3	-1.1	-14.7
211	36870	Almaty	76.93	43.23	847	1975	-8.5	-8.5	-0.1	5.8	9.5	15.2	18.8	17.2	12.4	4.0	-6.0	-8.3
211	36870	Almaty	76.93	43.23	847	1976	-5.4	-8.0	-4.2	5.6	11.9	15.1	18.4	16.4	10.7	2.7	-6.2	-10.5
211	36870	Almaty	76.93	43.23	847	1977	-14.2	-9.3	-1.8	6.2	11.1	17.9	17.3	16.4	12.0	4.1	0.8	-7.2
211	36870	Almaty	76.93	43.23	847	1978	-11.5	-10.0	-1.7	7.9	11.2	15.4	18.4	14.6	12.4	4.2	-2.7	-2.7
211	36870	Almaty	76.93	43.23	847	1979	-11.3	-4.6	-3.8	4.9	8.0	13.7	17.0	16.0	9.8	6.6	-4.3	-2.7
211	36870	Almaty	76.93	43.23	847	1980	-10.3	-9.2	-4.4	6.9	11.6	14.4	17.4	16.0	10.8	5.1	2.9	-3.4
211	36870	Almaty	76.93	43.23	847	1981	-8.3	-8.8	1.8	6.2	11.2	15.1	17.9	15.8	10.9	2.6	-4.7	-8.6
211	36870	Almaty	76.93	43.23	847	1982	-7.3	-7.3	-2.1	6.4	12.6	15.3	17.2	16.4	9.9	4.5	-3.7	-9.2
211	36870	Almaty	76.93	43.23	847	1983	-6.8	-3.7	-0.7	6.4	9.6	15.0	18.1	18.0	11.4	3.5	-1.0	-6.2
211	36870	Almaty	76.93	43.23	847	1984	-12.1	-14.9	-0.3	3.9	11.2	15.9	17.7	17.7	10.6	3.4	-1.3	-18.9
211	36870	Almaty	76.93	43.23	847	1985	-11.9	-6.0	-5.8	-999.0	9.2	14.5	18.7	15.9	9.9	3.6	-5.3	-5.7
211	36870	Almaty	76.93	43.23	847	1986	-6.8	-7.5	-3.9	4.9	10.8	14.1	17.6	15.9	11.6	2.7	-3.0	-6.5
211	36870	Almaty	76.93	43.23	847	1987	-5.8	-3.7	-0.8	4.8	10.7	13.4	17.5	17.6	11.1	0.6	-4.0	-3.8
211	36870	Almaty	76.93	43.23	847	1988	-8.1	-13.0	-3.4	6.4	8.7	15.5	17.6	15.2	11.9	3.0	0.9	-3.5
211	36870	Almaty	76.93	43.23	847	1989	-9.4	-10.0	-3.2	2.2	10.0	13.7	17.2	15.7	11.0	5.3	-3.3	-1.5
211	36870	Almaty	76.93	43.23	847	1990	-9.8	-7.3	-0.7	5.4	11.2	17.1	17.3	16.5	12.3	5.1	-1.1	-4.6
211	36870	Almaty	76.93	43.23	847	1991	-9.0	-9.0	-2.9	6.3	10.1	16.4	18.8	16.0	12.1	5.3	-1.2	-5.2
211	36870	Almaty	76.93	43.23	847	1992	-6.2	-4.9	-3.2	7.5	9.2	14.8	17.3	14.7	8.7	3.7	-0.3	-4.9
211	36870	Almaty	76.93	43.23	847	1993	-8.5	-5.8	-0.9	4.9	8.2	16.0	18.1	14.9	10.3	3.9	-4.5	-7.6
211	36870	Almaty	76.93	43.23	847	1994	-9.6	-10.6	-3.2	3.7	11.0	16.0	18.0	17.4	8.8	3.5	2.4	-5.6
211	36870	Almaty	76.93	43.23	847	1995	-11.8	-5.7	-1.8	6.0	11.0	16.6	17.8	-999.0	11.9	3.9	-0.3	-7.9
211	36870	Almaty	76.93	43.23	847	1996	-15.6	-11.5	-6.4	-2.2	8.9	13.2	15.8	13.0	8.6	2.2	-4.8	-7.1
211	36870	Almaty	76.93	43.23	847	1997	-9.5	-12.0	-0.8	8.4	10.2	14.0	16.3	13.5	9.6	5.0	-8.6	-12.5
211	36870	Almaty	76.93	43.23	847	1998	-12.2	-9.8	-4.9	3.8	8.0	14.3	16.5	15.6	9.3	1.9	-4.4	-7.4
211	36870	Almaty	76.93	43.23	847	1999	-10.7	-4.9	-5.9	3.8	9.7	12.8	16.1	15.1	10.0	4.0	-4.1	-6.7
211	36870	Almaty	76.93	43.23	847	2000	-10.8	11.4	-3.3	6.3	11.2	14.3	17.1	15.7	9.2	0.8	-4.2	-4.9
211	36870	Almaty	76.93	43.23	847	2001	-12.4	-7.7	-0.3	3.4	12.2	15.0	16.2	15.3	9.8	2.6	-0.8	-13.3
211	36870	Almaty	76.93	43.23	847	2002	-9.3	-5.4	2.0	5.1	10.1	15.2	15.5	16.3	9.0	4.3	-0.7	-10.9
211	36870	Almaty	76.93	43.23	847	2003	-9.4	-8.7	-2.1	1.0	9.6	13.6	15.9	14.0	8.9	2.9	-4.4	-9.4
211	35796	Balhash	75.08	46.80	350	1936	-22.8	-999.0	-15.3	-1.1	7.8	15.3	17.1	12.6	9.3	4.9	-6.5	-14.4
211	35796	Balhash	75.08	46.80	350	1937	-21.2	-16.4	-14.2	0.0	8.4	14.7	18.5	15.3	10.6	2.0	-11.9	-17.3
211	35796	Balhash	75.08	46.80	350	1938	-17.9	-15.4	-6.8	4.3	10.4	14.3	16.6	15.4	7.6	-0.1	-5.8	-23.5
211	35796	Balhash	75.08	46.80	350	1939	-20.3	-16.0	-10.1	1.6	10.6	16.6	18.8	15.4	8.6	0.2	-7.3	-10.0
211	35796	Balhash	75.08	46.80	350	1940	-18.5	-15.6	-5.0	4.0	8.8	16.6	19.5	16.9	9.0	1.6	-7.1	-9.3
211	35796	Balhash	75.08	46.80	350	1941	-14.1	-16.9	-6.9	3.6	9.7	17.2	16.8	16.1	8.9	1.9	-7.5	-13.4
211	35796	Balhash	75.08	46.80	350	1942	-14.5	-22.3	-7.1	1.3	8.1	15.9	18.0	15.1	9.8	1.0	-5.2	-13.6
211	35796	Balhash	75.08	46.80	350	1943	-20.2	-19.6	-13.4	2.8	10.7	14.4	18.7	17.0	9.4	0.4	-9.7	-16.5
211	35796	Balhash	75.08	46.80	350	1944	-17.1	-12.7	-2.8	2.9	10.2	15.6	18.6	14.4	9.1	1.1	-9.2	-20.9
211	35796	Balhash	75.08	46.80	350	1945	-17.5	-24.8	-13.2	3.2	-999.0	16.6	16.5	16.7	8.9	4.0	-10.1	-14.9
211	35796	Balhash	75.08	46.80	350	1946	-19.3	-13.2	-12.9	3.6	9.0	12.5	-999.0	14.5	8.1	2.2	-9.4	-20.6
211	35796	Balhash	75.08	46.80	350	1947	-20.6	-18.1	-5.4	4.1	-999.0	-999.0	15.3	-999.0	-999.0	-999.0	-999.0	-999.0
211	35796	Balhash	75.08	46.80	350	1948	-999.0	-999.0	-999.0	-999.0	-999.0	-999.0	-999.0	-999.0	-999.0	-999.0	-999.0	-999.0
211	35796	Balhash	75.08	46.80	350	1949	-999.0	-999.0	-999.0	-999.0	-999.0	-999.0	-999.0	-999.0	-999.0	-999.0	-999.0	-999.0
211	35796	Balhash	75.08	46.80	350	1950	-999.0	-999.0	-999.0	0.3	11.2	15.2	17.4	15.6	-999.0	-0.8	-12.3	-20.0
211	35796	Balhash	75.08	46.80	350	1951	-19.3	-26.3	-11.9	4.5	11.8	15.6	19.2	14.1	10.0	1.9	-8.0	-9.0
211	35796	Balhash	75.08	46.80	350	1952	-16.6	-15.5	-10.5	2.1	9.5	15.2	18.6	17.7	10.3	-0.6	-14.9	-19.1
211	35796	Balhash	75.08	46.80	350	1953	-19.8	-12.3	-5.2	1.5	11.3	15.9	19.4	14.2	10.9	0.1	-11.9	-15.6
211	35796	Balhash	75.08	46.80	350	1954	-20.5	-20.5	-13.0	1.0	6.0	12.7	16.5	16.8	10.3	1.6	-7.4	-15.6
211	35796	Balhash	75.08	46.80	350	1955	-18.3	-16.6	-11.0	0.3	11.5	18.3	18.4	16.8	9.2	-0.2	-6.2	-12.5
211	35796	Balhash	75.08	46.80	350	1956	-22.1	-17.4	-9.7	4.1	9.5	13.7	19.7	16.1	7.7	1.9	-4.0	-14.8
211	35796	Balhash	75.08	46.80	350	1957	-22.8	-19.7	-10.5	0.5	8.1	15.8	16.6	14.6	10.9	2.5	-8.0	-12.3
211	35796	Balhash	75.08	46.80	350	1958	-18.1	-14.2	-7.3	1.6	8.0	12.2	16.8	15.3	8.0	0.4	-7.2	-14.1
211	35796	Balhash	75.08	46.80	350	1959	-16.0	-16.1	-8.7	4.3	7.8	16.3	15.8	15.5	11.4	0.3	-11.1	-20.4
211	35796	Balhash	75.08	46.80	350	1960	-16.7	-16.3	-16.6	0.8	6.1	15.4	15.3	14.8	8.9	-0.9	-11.7	-15.4
211	35796	Balhash	75.08	46.80	350	1961	-17.6	-16.0	-7.8	4.5	11.6	14.4	17.2	15.7	9.3	-0.6	-5.5	-14.2
211	35796	Balhash	75.08	46.80	350	1962	-19.4	-16.1	-4.2	2.7	12.0	16.2	19.0	15.9	10.9	2.2	-8.9	-17.2
211	35796	Balhash	75.08	46.80	350	1963	-15.0	-12.6	-2.3	-1.3	9.3	16.3	18.1	13.7	7.4	3.0	-3.2	-14.7
211	35796	Balhash	75.08	46.80	350	1964	-17.6	-21.8	-9.9	1.8	8.6	14.7	17.2	16.1	8.7	-0.5	-3.8	-12.2
211	35796	Balhash	75.08	46.80	350	1965	-16.4	-18.9	-7.1	2.5	10.9	15.4	20.0	16.1	9.7	2.3	-4.4	-12.3
211	35796	Balhash	75.08	46.80	350	1966	-14.8	-14.8	-4.0	2.2	8.0	17.1	18.8	17.2	12.0	0.7	-9.2	-20.2
211	35796	Balhash	75.08	46.80	350	1967	-22.3	-19.5	-7.9	2.4	12.3	16.0	18.4	15.1	6.8	3.9	-7.6	-10.4
211	35796	Balhash	75.08	46.80	350	1968	-14.5	-17.0	-2.6	1.4	12.1	15.9	17.8	15.1	6.0	-0.2	-8.8	-18.7
211	35796	Balhash	75.08	46.80	350	1969	-29.5	-28.6	-11.3	1.2	10.0	15.5	19.4	13.7	9.1	2.0	-4.4	-9.6
211	35796	Balhash	75.08	46.80	350	1970	-18.2	-13.5	-10.8	3.3	10.2	15.2	17.2	15.6	10.3	1.7	-7.6	-17.9
211	35796	Balhash	75.08	46.80	350	1971	-20.9	-19.5	-10.7	2.8	9.7	15.5	17.7	14.9	9.6	2.8	-2.7	-7.0
211	35796	Balhash	75.08	46.80	350	1972	-22.0	-22.6	-13.3	2.8	10.2	16.1	16.4	14.6	7.7	0.6	-5.8	-13.4
211	35796	Balhash	75.08	46.80	350	1973	-18.6	-17.9	-8.3	4.3	9.5	16.7	18.8	15.6	8.7	0.8	-3.4	-10.9
211	35796	Balhash	75.08	46.80	350	1974	-21.4	-26.1	-12.5	4.1	12.4	16.3	20.4	15.5	9.4	1.0	-8.8	-18.5
211	35796	Balhash	75.08	46.80	350	1975	-15.7	-18.7	-7.7	3.1	8.2	15.4	19.1	15.3	9.5	0.3	-10.5	-15.5
211	35796	Balhash	75.08	46.80	350	1976	-13.9	-18.3	-14.6	2.3	11.8	16.5	17.9	16.5	8.9	-1.2	-12.0	-18.5
211	35796	Balhash	75.08	46.80	350	1977	-23.1	-20.8	-13.1	3.5	11.2	18.9	17.4	15.0	9.9	1.7	-2.7	-16.1
211	35796	Balhash	75.08	46.80	350	1978	-21.8	-20.6	-8.1	4.9	9.6	17.2	18.5	13.1	10.5	1.5	-3.0	-10.5
211	35796	Balhash	75.08	46.80	350	1979	-20.5	-15.2	-14.6	-0.6	9.3	16.0	18.4	15.2	9.7	3.4	-7.5	-7.7
211	35796	Balhash	75.08	46.80	350	1980	-19.5	-18.1	-11.3	3.2	11.7	16.5	17.8	14.7	8.7	1.9	-2.7	-10.8
211	35796	Balhash	75.08	46.80	350	1981	-14.2	-15.5	-4.4	4.2	10.8	17.2	19.0	17.2	10.7	0.7	-8.3	-16.0
211	35796	Balhash	75.08	46.80	350	1982	-16.1	-18.6	-13.0	4.1	12.2	17.0	17.8	16.0	10.6	3.5	-4.0	-14.1
211	35796	Balhash	75.08	46.80	350	1983	-14.8	-15.1	-4.3	4.3	8.9	16.4	18.9	16.7	8.9	2.2	-2.6	-14.0
211	35796	Balhash	75.08	46.80	350	1984	-19.2	-25.2	-8.7	0.3	10.4	15.4	18.5	16.4	8.3	1.4	-6.4	-21.9
211	35796	Balhash	75.08	46.80	350	1985	-999.0	-13.5	-14.0	-999.0	8.5	15.1	19.1	15.3	8.4	1.6	-9.0	-14.0
211	35796	Balhash	75.08	46.80	350	1986	-16.0	-19.2	-13.0	1.7	11.5	14.0	18.4	15.9	9.4	0.8	-7.8	-12.6
211	35796	Balhash	75.08	46.80	350	1987	-16.4	-13.2	-7.6	1.7	11.5	13.7	20.8	16.5	9.7	-1.7	-9.5	-11.9
211	35796	Balhash	75.08	46.80	350	1988	-15.2	-21.7	-10.5	1.8	8.8	16.5	18.8	15.9	11.1	0.7	-4.1	-9.3
211	35796	Balhash	75.08	46.80	350	1989	-16.9	-18.9	-8.4	0.8	11.1	14.6	18.7	16.5	9.2	3.0	-6.1	-4.7
211	35796	Balhash	75.08	46.80	350	1990	-999.0	-999.0	-999.0	-999.0	-999.0	-999.0	-999.0	-999.0	-999.0	-999.0	-999.0	-999.0
211	35796	Balhash	75.08	46.80	350	1991	-999.0	-999.0	-999.0	-999.0	-999.0	-999.0	-999.0	-999.0	-999.0	-999.0	-999.0	-999.0
211	35796	Balhash	75.08	46.80	350	1992	-999.0	-999.0	-999.0	-999.0	-999.0	-999.0	-999.0	-999.0	-999.0	-999.0	-999.0	-999.0
211	35796	Balhash	75.08	46.80	350	1993	-999.0	-999.0	-999.0	-999.0	-999.0	-999.0	-999.0	-999.0	-999.0	-999.0	-999.0	-999.0
211	35796	Balhash	75.08	46.80	350	1994	-19.6	-24.9	-10.6	2.0	10.4	16.4	18.0	15.3	7.5	0.2	-1.2	-11.4
211	35796	Balhash	75.08	46.80	350	1995	-20.6	-17.0	-8.6	4.3	9.2	15.5	18.6	16.0	9.1	2.0	-5.1	-18.4
211	35796	Balhash	75.08	46.80	350	1996	-23.8	-17.0	-13.9	-1.4	8.7	15.5	18.4	13.6	8.2	0.1	-7.1	-12.0
211	35796	Balhash	75.08	46.80	350	1997	-19.1	-20.2	-5.8	6.6	11.5	15.1	16.6	14.2	9.4	4.7	-11.3	-17.4
211	35796	Balhash	75.08	46.80	350	1998	-20.7	-16.4	-11.4	0.2	8.7	16.3	18.8	17.6	7.6	1.1	-8.1	-14.6
211	35796	Balhash	75.08	46.80	350	1999	-17.9	-12.7	-13.1	2.4	10.1	14.4	18.2	16.9	10.0	3.9	-6.4	-11.9
211	35796	Balhash	75.08	46.80	350	2000	-18.7	-17.5	-8.3	5.4	11.2	16.7	18.3	17.1	8.0	-1.5	-11.1	-13.8
211	35796	Balhash	75.08	46.80	350	2001	-20.6	-17.5	-6.8	2.4	12.1	15.8	17.1	16.4	7.8	1.0	-3.6	-17.8
211	35796	Balhash	75.08	46.80	350	2002	-10.8	-10.1	-0.5	2.3	9.9	15.9	17.6	17.8	9.6	2.0	-3.5	-18.2
211	35796	Balhash	75.08	46.80	350	2003	-18.0	-19.4	-12.7	-0.1	11.5	16.2	16.5	17.0	10.4	2.9	-8.8	-15.9
211	36879	Big Almaty Lake	76.98	43.07	2516	1951	-13.3	-17.4	-8.7	-3.0	3.2	3.6	7.5	6.9	4.5	-0.8	-7.1	-7.5
211	36879	Big Almaty Lake	76.98	43.07	2516	1952	-10.9	-10.2	-8.5	-2.2	1.9	5.2	3.5	9.0	3.4	-1.3	-10.8	-11.7
211	36879	Big Almaty Lake	76.98	43.07	2516	1953	-11.4	-7.8	-7.6	-4.6	3.9	6.5	9.5	6.9	6.1	-5.4	-9.6	-11.2
211	36879	Big Almaty Lake	76.98	43.07	2516	1954	-13.4	-12.8	-9.5	-0.5	0.4	3.6	7.3	7.8	4.4	0.5	-7.8	-13.4
211	36879	Big Almaty Lake	76.98	43.07	2516	1955	-13.2	-10.1	-7.9	-6.5	1.5	7.5	7.6	8.6	2.9	-1.8	-4.9	-8.8
211	36879	Big Almaty Lake	76.98	43.07	2516	1956	-13.1	-11.6	-8.9	-1.3	2.1	3.6	10.6	7.8	3.9	-0.6	-3.3	-11.6
211	36879	Big Almaty Lake	76.98	43.07	2516	1957	-14.6	-13.8	-6.4	-6.5	-0.4	6.4	7.1	6.6	3.5	-2.1	-8.7	-10.0
211	36879	Big Almaty Lake	76.98	43.07	2516	1958	-10.9	-10.0	-6.8	-2.8	-0.7	4.8	8.6	6.2	3.9	-1.2	-10.2	-9.2
211	36879	Big Almaty Lake	76.98	43.07	2516	1959	-10.7	-13.1	-9.3	-0.9	-0.4	5.3	7.0	7.6	7.3	-1.3	-8.7	-12.2
211	36879	Big Almaty Lake	76.98	43.07	2516	1960	-10.9	-7.9	-11.4	-1.7	-0.8	5.9	7.0	8.2	3.3	-1.1	-8.9	-9.6
211	36879	Big Almaty Lake	76.98	43.07	2516	1961	-11.9	-13.8	-8.1	-1.0	4.5	6.1	8.4	7.3	3.9	-4.5	-7.1	-9.2
211	36879	Big Almaty Lake	76.98	43.07	2516	1962	-13.0	-8.8	-3.1	-3.1	2.4	5.3	8.8	8.4	2.9	-2.1	-10.8	-9.9
211	36879	Big Almaty Lake	76.98	43.07	2516	1963	-8.1	-7.4	-6.2	-3.0	2.6	6.3	7.6	6.4	2.8	-0.3	-6.2	-9.0
211	36879	Big Almaty Lake	76.98	43.07	2516	1964	-16.3	-12.5	-7.0	-2.9	0.4	5.5	7.4	7.7	2.6	-3.8	-6.2	-11.9
211	36879	Big Almaty Lake	76.98	43.07	2516	1965	-11.0	-13.0	-8.7	-1.6	2.6	5.2	9.2	7.2	2.5	-1.3	-5.6	-8.5
211	36879	Big Almaty Lake	76.98	43.07	2516	1967	-12.6	-12.8	-6.8	-2.4	1.5	4.8	6.9	6.1	2.6	-2.5	-8.0	-7.7
211	36879	Big Almaty Lake	76.98	43.07	2516	1968	-11.1	-12.4	-6.4	-4.2	2.0	5.5	7.6	7.6	3.0	-3.1	-6.7	-12.4
211	36879	Big Almaty Lake	76.98	43.07	2516	1969	-17.7	-17.1	-7.5	-1.7	2.3	5.3	7.5	6.2	2.6	-2.6	-5.5	-7.2
211	36879	Big Almaty Lake	76.98	43.07	2516	1970	-13.0	-10.4	-10.1	-1.2	1.6	4.6	7.1	7.9	-999.0	-1.3	-6.1	-10.7
211	36879	Big Almaty Lake	76.98	43.07	2516	1971	-13.6	-12.5	-5.9	-2.4	1.0	6.7	6.8	6.7	2.9	-0.8	-3.9	-6.4
211	36879	Big Almaty Lake	76.98	43.07	2516	1972	-15.7	-18.1	-10.5	-3.5	2.2	4.7	5.4	5.5	2.9	-0.9	-5.1	-11.7
211	36879	Big Almaty Lake	76.98	43.07	2516	1973	-15.3	-9.0	-9.4	-1.0	1.0	6.1	9.3	7.1	2.4	-1.4	-3.8	-7.5
211	36879	Big Almaty Lake	76.98	43.07	2516	1974	-15.6	-16.3	-8.8	-1.1	3.1	5.7	13.5	5.7	2.7	-1.4	-6.8	-14.9
211	36879	Big Almaty Lake	76.98	43.07	2516	1975	-12.3	-13.4	-8.1	-2.7	0.3	5.3	8.5	7.6	18.5	-2.5	-6.6	-10.7
211	36879	Big Almaty Lake	76.98	43.07	2516	1976	-8.7	-14.1	-11.0	-2.7	2.4	4.9	8.6	7.3	2.1	0.5	-9.2	-12.2
211	36879	Big Almaty Lake	76.98	43.07	2516	1977	-15.8	-11.8	-6.4	-1.4	2.2	7.8	7.4	7.4	4.5	-1.5	-3.4	-11.5
211	36879	Big Almaty Lake	76.98	43.07	2516	1978	-13.2	-14.1	-9.0	-0.2	2.8	6.2	8.4	6.6	4.9	-1.2	-8.9	-7.5
211	36879	Big Almaty Lake	76.98	43.07	2516	1979	-12.6	-9.0	-10.3	-2.8	-0.7	5.0	7.7	7.9	2.2	1.4	-6.0	-7.7
211	36879	Big Almaty Lake	76.98	43.07	2516	1980	-13.3	-13.2	-9.6	-999.0	3.4	4.8	8.7	7.7	3.8	-0.1	-3.7	-7.0
211	36879	Big Almaty Lake	76.98	43.07	2516	1981	-11.5	-12.7	-5.6	-1.5	2.7	5.7	8.1	6.2	2.5	-3.6	-7.4	-9.2
211	36879	Big Almaty Lake	76.98	43.07	2516	1982	-10.9	-12.7	-8.8	-1.1	2.9	5.5	7.5	6.5	2.3	-1.4	-9.1	-9.4
211	36879	Big Almaty Lake	76.98	43.07	2516	1983	-11.3	-9.5	-8.9	-1.5	1.0	5.1	8.9	9.7	3.6	-2.7	-5.4	-9.9
211	36879	Big Almaty Lake	76.98	43.07	2516	1984	-14.4	-17.8	-7.1	-4.0	1.5	6.2	8.1	10.0	2.2	-1.7	-7.0	-18.0
211	36879	Big Almaty Lake	76.98	43.07	2516	1985	-11.7	-9.5	-11.6	-0.7	0.8	5.8	8.9	7.0	3.3	-2.8	-7.7	-8.6
211	36879	Big Almaty Lake	76.98	43.07	2516	1986	-10.7	-11.2	-10.9	-3.6	1.6	4.9	8.6	7.2	4.6	-1.3	-7.2	-10.8
211	36879	Big Almaty Lake	76.98	43.07	2516	1987	-10.2	-9.9	-7.1	-3.5	0.9	3.3	8.3	8.9	3.6	-6.2	-8.3	-7.6
211	36879	Big Almaty Lake	76.98	43.07	2516	1988	-11.7	-13.7	-9.5	-1.6	-0.5	6.0	8.5	6.2	3.7	-3.1	-2.7	-7.6
211	36879	Big Almaty Lake	76.98	43.07	2516	1989	-14.7	-16.7	-7.6	-6.5	0.4	3.6	6.8	7.1	2.6	-0.9	-7.2	-7.9
211	35394	Karaganda	73.13	49.80	555	1936	-19.6	-18.0	-15.3	-4.5	3.8	11.4	13.2	9.3	6.2	2.5	-9.3	-15.0
211	35394	Karaganda	73.13	49.80	555	1937	-22.8	-19.5	-14.9	-3.3	3.8	11.6	14.7	10.9	7.4	-0.1	-11.8	-19.6
211	35394	Karaganda	73.13	49.80	555	1938	-20.4	-17.1	-13.0	2.4	8.3	10.9	12.3	11.6	4.1	-1.7	-7.3	-24.7
211	35394	Karaganda	73.13	49.80	555	1939	-22.3	-16.9	-12.9	0.7	7.1	12.8	14.4	11.4	6.3	-4.1	-12.8	-10.9
211	35394	Karaganda	73.13	49.80	555	1940	-22.2	-18.1	-7.9	2.0	5.1	12.4	16.0	12.2	5.2	-1.7	-9.0	-12.9
211	35394	Karaganda	73.13	49.80	555	1941	-18.1	-21.0	-9.6	-0.5	6.2	13.2	12.8	12.3	6.4	-0.9	-15.0	-18.8
211	35394	Karaganda	73.13	49.80	555	1942	-16.7	-24.4	-13.3	-1.7	4.4	12.5	13.7	10.6	6.4	-0.3	-8.0	-16.6
211	35394	Karaganda	73.13	49.80	555	1943	-22.9	-23.8	-18.5	0.0	7.3	10.9	13.6	12.2	5.5	-2.0	-15.4	-17.1
211	35394	Karaganda	73.13	49.80	555	1944	-17.8	-14.6	-4.8	-0.2	5.9	9.9	13.2	9.7	5.6	-0.2	-13.8	-23.7
211	35394	Karaganda	73.13	49.80	555	1945	-20.9	-27.4	-15.6	-0.4	6.9	11.3	12.0	14.2	5.0	0.7	-999.0	-15.3
211	35394	Karaganda	73.13	49.80	555	1946	-18.5	-11.6	-14.9	-0.3	4.9	8.4	12.2	9.4	5.0	-1.7	-12.8	-24.3
211	35394	Karaganda	73.13	49.80	555	1947	-21.9	-21.4	-8.6	0.5	4.5	8.9	11.0	10.3	5.4	-1.5	-3.7	-19.2
211	35394	Karaganda	73.13	49.80	555	1948	-15.7	-20.9	-12.0	-1.5	6.8	10.8	14.1	11.1	6.0	1.2	-9.8	-19.3
211	35394	Karaganda	73.13	49.80	555	1949	-17.3	-18.7	-16.9	-0.6	6.2	11.1	11.5	13.1	2.1	-2.2	-12.9	-22.5
211	35394	Karaganda	73.13	49.80	555	1950	-21.5	-21.1	-12.1	-2.4	6.8	11.1	12.3	11.2	6.7	-2.6	-17.6	-19.3
211	35394	Karaganda	73.13	49.80	555	1951	-21.1	-30.8	-14.4	1.1	8.3	11.4	15.6	-999.0	-999.0	-1.9	-12.3	-10.1
211	35394	Karaganda	73.13	49.80	555	1952	-18.5	-19.6	-15.6	-3.0	5.7	11.2	14.3	12.7	7.1	-2.9	-19.7	-19.4
211	35394	Karaganda	73.13	49.80	555	1953	-19.8	-13.9	-9.3	-1.1	8.0	10.4	14.6	9.8	7.9	-2.3	-17.1	-15.1
211	35394	Karaganda	73.13	49.80	555	1954	-23.9	-24.2	-15.6	-5.6	4.2	9.9	12.6	12.7	6.8	-0.7	-9.7	-18.4
211	35394	Karaganda	73.13	49.80	555	1955	-17.9	-17.1	-14.1	-2.6	7.6	13.5	13.5	12.2	5.7	-2.4	-10.5	-18.0
211	35394	Karaganda	73.13	49.80	555	1956	-21.7	-21.4	-16.5	0.6	5.9	9.6	13.9	11.9	3.4	0.0	-6.1	-15.3
211	35394	Karaganda	73.13	49.80	555	1957	-22.0	-19.8	-14.1	-3.1	5.3	12.0	12.7	10.2	6.7	-0.7	-10.7	-14.0
211	35394	Karaganda	73.13	49.80	555	1958	-20.2	-14.2	-12.8	-2.8	4.4	9.9	12.9	10.9	4.3	-1.4	-8.3	-18.3
211	35394	Karaganda	73.13	49.80	555	1959	-17.6	-16.6	-11.6	0.8	4.6	12.5	12.1	11.1	7.5	-2.1	-14.4	-21.8
211	35394	Karaganda	73.13	49.80	555	1960	-16.2	-17.1	-19.3	-2.8	2.6	12.1	12.0	10.9	5.8	-4.0	-15.1	-14.9
211	35394	Karaganda	73.13	49.80	555	1961	-16.6	-17.7	-8.8	1.8	7.6	11.5	13.5	11.9	6.1	-2.9	-8.3	-13.0
211	35394	Karaganda	73.13	49.80	555	1962	-16.2	-17.2	-6.6	0.9	9.1	13.5	14.8	11.6	6.7	-0.8	-12.8	-16.9
211	35394	Karaganda	73.13	49.80	555	1963	-13.3	-13.3	-7.8	-4.7	4.9	12.3	14.6	9.4	3.4	0.7	-5.1	-15.8
211	35394	Karaganda	73.13	49.80	555	1964	-14.8	-23.3	-14.2	-2.3	5.4	11.6	13.3	11.7	4.8	-3.2	-4.8	-14.0
211	35394	Karaganda	73.13	49.80	555	1965	-18.3	-19.4	-7.8	-0.3	7.7	11.3	15.9	11.0	6.1	-0.2	-7.7	-12.7
211	35394	Karaganda	73.13	49.80	555	1966	-17.9	-17.0	-10.1	-0.4	3.8	11.4	15.3	12.7	7.3	-4.0	-12.0	-25.0
211	35394	Karaganda	73.13	49.80	555	1967	-21.0	-19.2	-9.9	0.9	8.3	12.0	13.9	10.7	2.7	0.9	-9.2	-12.7
211	35394	Karaganda	73.13	49.80	555	1968	-17.2	-17.9	-6.5	-1.8	7.7	10.9	13.0	11.7	2.9	-4.6	-12.9	-22.3
211	35394	Karaganda	73.13	49.80	555	1969	-31.3	-27.6	-16.0	-0.5	4.8	10.8	15.6	9.4	5.1	-1.6	-7.4	-13.0
211	35394	Karaganda	73.13	49.80	555	1970	-19.5	-16.9	-13.9	-0.1	6.0	10.7	12.9	11.5	7.0	0.0	-11.0	-19.5
211	35394	Karaganda	73.13	49.80	555	1971	-18.2	-20.2	-12.5	-0.3	5.3	11.1	14.1	9.5	6.1	-0.4	-5.1	-11.0
211	35394	Karaganda	73.13	49.80	555	1972	-26.2	-20.7	-15.5	1.4	5.6	11.0	11.2	8.8	3.4	-2.0	-7.6	-13.7
211	35394	Karaganda	73.13	49.80	555	1973	-19.9	-18.5	-11.1	1.4	5.6	11.6	14.0	11.8	3.8	-1.8	-4.9	-11.1
211	35394	Karaganda	73.13	49.80	555	1974	-21.8	-24.7	-11.5	1.8	8.2	11.8	17.0	10.9	6.0	-1.4	-12.4	-20.3
211	35394	Karaganda	73.13	49.80	555	1975	-14.7	-16.8	-8.2	2.2	3.9	10.9	14.5	11.0	6.6	-2.1	-12.0	-14.9
211	35394	Karaganda	73.13	49.80	555	1976	-12.4	-23.4	-16.5	0.8	7.5	12.8	12.5	13.0	5.1	-7.2	-14.4	-21.0
211	35394	Karaganda	73.13	49.80	555	1977	-24.5	-20.3	-10.7	2.2	8.8	15.5	14.6	11.0	6.4	-1.5	-3.9	-16.2
211	35394	Karaganda	73.13	49.80	555	1978	-17.3	-18.9	-10.1	1.6	5.1	13.2	14.8	9.7	8.5	-0.2	-6.8	-14.6
211	35394	Karaganda	73.13	49.80	555	1979	-20.5	-14.6	-12.1	-3.5	5.4	11.5	14.6	10.8	6.8	0.8	-9.2	-9.5
211	35394	Karaganda	73.13	49.80	555	1980	-20.0	-18.8	-14.7	0.0	8.0	12.1	14.2	11.3	6.5	-0.7	-7.3	-14.0
211	35394	Karaganda	73.13	49.80	555	1981	-19.3	-17.9	-7.9	0.5	6.8	13.9	14.4	14.4	7.1	-1.2	-9.1	-16.1
211	35394	Karaganda	73.13	49.80	555	1982	-17.1	-18.0	-16.2	2.0	8.1	13.5	14.7	11.5	7.4	1.1	-8.1	-11.6
211	35394	Karaganda	73.13	49.80	555	1983	-11.6	-10.9	-8.1	0.8	4.3	12.9	15.6	12.1	5.2	0.4	-5.6	-12.6
211	35394	Karaganda	73.13	49.80	555	1984	-17.1	-24.2	-10.0	-4.6	5.9	11.5	14.1	12.5	6.0	0.3	-11.0	-25.1
211	35394	Karaganda	73.13	49.80	555	1985	-17.4	-15.8	-15.1	-999.0	3.9	11.0	15.2	11.5	5.6	-1.7	-10.0	-13.7
211	35394	Karaganda	73.13	49.80	555	1986	-14.5	-19.8	-10.0	0.3	7.4	9.7	14.0	11.7	5.9	-1.1	-9.6	-18.0
211	35394	Karaganda	73.13	49.80	555	1987	-17.4	-14.9	-13.2	-3.2	8.0	10.5	15.8	12.6	7.6	-4.1	-16.3	-15.1
211	35394	Karaganda	73.13	49.80	555	1988	-17.2	-22.0	-12.5	-0.1	5.5	13.0	15.5	12.8	7.4	-1.9	-6.3	-11.8
211	35394	Karaganda	73.13	49.80	555	1989	-14.5	-17.5	-9.2	-2.5	7.1	10.5	14.9	12.1	4.8	0.0	-7.7	-9.4
211	35394	Karaganda	73.13	49.80	555	1990	-999.0	-999.0	-999.0	-999.0	-999.0	-999.0	-999.0	-999.0	-999.0	-999.0	-999.0	-999.0
211	35394	Karaganda	73.13	49.80	555	1991	-999.0	-999.0	-999.0	-999.0	-999.0	-999.0	-999.0	-999.0	-999.0	-999.0	-999.0	-999.0
211	35394	Karaganda	73.13	49.80	555	1992	-999.0	-999.0	-999.0	-999.0	-999.0	-999.0	-999.0	-999.0	-999.0	-999.0	-999.0	-999.0
211	35394	Karaganda	73.13	49.80	555	1993	-999.0	-999.0	-999.0	-999.0	-999.0	-999.0	-999.0	-999.0	-999.0	-999.0	-999.0	-999.0
211	35394	Karaganda	73.13	49.80	555	1994	-17.9	-22.8	-11.3	-0.7	7.5	14.0	13.6	12.1	5.0	-0.4	-4.8	-14.0
211	35394	Karaganda	73.13	49.80	555	1995	-18.5	-15.0	-9.6	2.1	6.2	11.9	15.0	12.1	5.8	-1.0	-6.3	-16.5
211	35394	Karaganda	73.13	49.80	555	1996	-23.9	-19.7	-17.6	-3.8	6.5	13.1	14.2	10.0	5.4	-1.6	-10.2	-14.2
211	35394	Karaganda	73.13	49.80	555	1997	-16.8	-18.1	-7.2	3.6	8.6	11.8	13.3	12.0	6.8	3.6	-13.8	-19.0
211	35394	Karaganda	73.13	49.80	555	1998	-20.8	-18.9	-13.7	-2.8	6.3	14.0	16.8	15.1	4.9	-0.8	-14.0	-14.3
211	35394	Karaganda	73.13	49.80	555	1999	-16.2	-13.7	-19.1	-0.7	7.1	10.4	15.3	13.1	6.7	2.6	-10.7	-12.8
211	35394	Karaganda	73.13	49.80	555	2000	-18.1	-15.7	-11.5	3.8	5.3	13.5	12.9	13.7	6.1	-3.7	-12.8	-11.5
211	35394	Karaganda	73.13	49.80	555	2001	-18.2	-18.5	-6.0	0.1	9.2	11.8	11.7	11.7	4.0	-1.3	-5.9	-17.3
211	35394	Karaganda	73.13	49.80	555	2002	-10.6	-9.9	-3.2	-1.5	4.8	10.6	12.5	11.9	5.6	-2.0	-6.1	-22.0
211	35394	Karaganda	73.13	49.80	555	2003	-17.0	-19.5	-13.8	-2.9	8.5	11.9	11.6	13.3	6.5	-1.2	-11.2	-14.1
211	36907	Kegen'	79.23	43.02	1845	1951	-18.4	-21.4	-12.2	-3.1	3.3	4.4	7.1	5.9	2.1	-0.9	-9.9	-12.3
211	36907	Kegen'	79.23	43.02	1845	1952	-17.9	-18.0	-8.7	-2.2	1.1	4.9	7.5	6.5	1.1	-6.1	-14.8	-19.9
211	36907	Kegen'	79.23	43.02	1845	1953	-18.7	-13.8	-7.0	-3.7	2.8	7.6	7.2	5.0	2.0	-4.7	-12.1	-15.0
211	36907	Kegen'	79.23	43.02	1845	1954	-18.2	-14.7	-11.6	0.2	1.3	4.5	7.2	7.1	1.8	-5.5	-12.2	-21.0
211	36907	Kegen'	79.23	43.02	1845	1955	-21.1	-16.7	-7.2	-4.2	1.5	5.8	6.7	7.2	1.2	-6.3	-9.3	-12.3
211	36907	Kegen'	79.23	43.02	1845	1956	-22.6	-14.4	-7.8	-1.6	5.9	4.5	8.6	6.3	1.9	-4.5	-7.5	-15.9
211	36907	Kegen'	79.23	43.02	1845	1957	-20.7	-19.6	-6.8	-4.3	-0.4	6.4	6.9	5.5	1.4	-5.1	-10.7	-13.5
211	36907	Kegen'	79.23	43.02	1845	1958	-17.6	-13.3	-5.7	-0.9	1.1	3.7	7.8	6.4	1.3	-2.5	-11.7	-11.4
211	36907	Kegen'	79.23	43.02	1845	1959	-17.1	-16.2	-9.7	-1.2	0.5	5.8	7.9	7.9	3.4	-2.2	-10.0	-17.7
211	36907	Kegen'	79.23	43.02	1845	1960	-16.9	-11.2	-9.3	-4.2	2.0	5.3	7.5	5.4	2.2	-3.6	-13.1	-15.7
211	36907	Kegen'	79.23	43.02	1845	1961	-20.1	-19.7	-9.9	-1.0	3.8	5.1	8.2	5.8	2.9	-6.1	-12.1	-15.6
211	36907	Kegen'	79.23	43.02	1845	1962	-19.6	-15.2	-4.9	-2.6	4.5	5.3	8.2	6.8	3.2	-2.8	-14.2	-17.2
211	36907	Kegen'	79.23	43.02	1845	1963	-18.6	-13.3	-5.1	-2.1	3.2	5.7	6.6	4.8	0.8	-2.3	-6.6	-11.5
211	36907	Kegen'	79.23	43.02	1845	1964	-17.6	-15.3	-5.9	-0.7	2.0	5.9	8.0	6.6	2.3	-6.0	-8.5	-16.1
211	36907	Kegen'	79.23	43.02	1845	1965	-16.8	-15.6	-9.2	-0.3	3.4	5.6	8.5	6.1	2.1	-2.1	-5.7	-13.1
211	36907	Kegen'	79.23	43.02	1845	1966	-14.5	-11.2	-6.1	-2.2	1.2	8.5	7.8	8.4	3.5	-3.3	-12.8	-17.6
211	36907	Kegen'	79.23	43.02	1845	1967	-21.1	-16.7	-8.5	-0.8	3.4	6.9	7.5	6.2	2.2	-2.8	-13.1	-11.7
211	36907	Kegen'	79.23	43.02	1845	1968	-13.0	-17.3	-4.3	-2.4	4.4	7.2	7.8	5.4	1.1	-3.3	-9.1	-17.8
211	36907	Kegen'	79.23	43.02	1845	1969	-21.6	-22.0	-6.0	0.2	3.7	6.2	8.2	5.7	0.9	-1.7	-7.2	-10.1
211	36907	Kegen'	79.23	43.02	1845	1970	-16.2	-12.8	-11.8	0.2	2.8	5.5	8.1	7.0	-999.0	-2.8	-8.1	-14.9
211	36907	Kegen'	79.23	43.02	1845	1971	-20.9	-14.7	-7.4	-1.2	2.6	7.8	7.6	5.9	0.6	-3.1	-6.4	-8.1
211	36907	Kegen'	79.23	43.02	1845	1972	-15.1	-22.4	-9.2	-2.6	4.3	6.7	6.3	6.4	2.7	-3.7	-7.8	-14.8
211	36907	Kegen'	79.23	43.02	1845	1973	-17.0	-12.6	-8.6	0.7	2.8	7.3	8.8	6.9	1.2	-3.4	-6.4	-13.4
211	36907	Kegen'	79.23	43.02	1845	1974	-17.9	-19.4	-10.1	1.2	4.9	7.0	9.7	6.2	2.2	-4.3	-9.8	-21.7
211	36907	Kegen'	79.23	43.02	1845	1975	-16.2	-15.0	-7.0	-2.6	1.9	6.7	8.5	8.2	3.1	-2.0	-9.8	-15.4
211	36907	Kegen'	79.23	43.02	1845	1976	-11.9	-13.5	-9.6	-1.0	4.2	6.4	8.6	5.2	3.2	-1.9	-11.7	-16.3
211	36907	Kegen'	79.23	43.02	1845	1977	-18.5	-15.9	-6.2	-1.0	2.5	9.0	8.0	7.4	4.2	-0.5	-3.7	-12.2
211	36907	Kegen'	79.23	43.02	1845	1978	-17.4	-16.7	-6.1	1.2	5.1	8.0	9.0	6.3	3.1	-0.3	-9.6	-9.0
211	36907	Kegen'	79.23	43.02	1845	1979	-17.5	-12.9	-11.2	-0.1	2.1	7.2	8.5	7.4	2.6	0.5	-10.7	-10.0
211	36907	Kegen'	79.23	43.02	1845	1980	-15.3	-14.3	-8.8	-999.0	5.7	7.1	8.4	7.9	2.9	-1.4	-3.5	-12.4
211	36907	Kegen'	79.23	43.02	1845	1981	-17.1	-14.8	-3.9	1.1	6.1	7.7	9.3	6.6	2.6	-3.8	-11.6	-16.0
211	36907	Kegen'	79.23	43.02	1845	1982	-15.6	-15.1	-9.5	-1.7	3.8	7.2	8.2	7.6	2.4	-1.4	-8.3	-13.2
211	36907	Kegen'	79.23	43.02	1845	1983	-12.2	-12.6	-7.0	-1.3	4.0	6.7	8.4	9.2	3.3	-2.3	-5.9	-12.3
211	36907	Kegen'	79.23	43.02	1845	1984	-17.9	-18.8	-5.4	-1.5	4.1	7.6	8.2	6.0	2.0	-2.4	-8.2	-22.0
211	36907	Kegen'	79.23	43.02	1845	1985	-16.7	-11.9	-11.4	0.5	3.2	6.4	10.0	7.7	0.7	-1.9	-10.2	-11.0
211	36907	Kegen'	79.23	43.02	1845	1986	-15.4	-15.9	-9.5	-1.6	4.2	6.8	9.6	7.4	3.5	-1.8	-7.8	-12.0
211	36907	Kegen'	79.23	43.02	1845	1987	-12.9	-10.6	-6.3	-0.2	2.9	5.4	9.8	8.3	4.1	-6.2	-10.4	-8.9
211	36907	Kegen'	79.23	43.02	1845	1988	-15.4	-18.8	-7.2	0.1	2.8	7.5	10.1	7.5	4.9	-3.5	-4.0	-8.9
211	36907	Kegen'	79.23	43.02	1845	1989	-14.8	-16.1	-8.8	-3.7	3.8	6.8	9.0	8.1	3.2	-0.3	-9.1	-8.2
211	36846	Kugaly	78.67	44.48	1410	1951	-14.4	-19.7	-10.0	1.0	7.1	8.9	-999.0	8.4	6.1	2.0	-7.9	-9.0
211	36846	Kugaly	78.67	44.48	1410	1952	-10.6	-12.9	-7.8	-1.0	4.9	7.8	10.7	10.2	4.9	-2.0	-12.9	-13.6
211	36846	Kugaly	78.67	44.48	1410	1953	-11.9	-8.3	-6.1	-0.8	6.8	9.8	11.2	8.1	7.4	-2.0	-9.8	-11.7
211	36846	Kugaly	78.67	44.48	1410	1954	-14.2	-13.6	-9.8	1.1	2.3	7.0	10.0	10.6	5.6	0.8	-8.6	-15.5
211	36846	Kugaly	78.67	44.48	1410	1955	-14.3	-11.0	-7.3	-3.4	5.5	10.1	10.8	11.6	5.5	-1.5	-4.8	-9.2
211	36846	Kugaly	78.67	44.48	1410	1956	-16.2	-11.7	-7.3	1.4	5.7	7.6	12.1	9.2	5.8	-0.1	-2.3	-11.1
211	36846	Kugaly	78.67	44.48	1410	1957	-15.5	-16.1	-5.9	-2.1	2.2	9.7	10.1	9.0	6.0	-0.7	-8.4	-9.4
211	36846	Kugaly	78.67	44.48	1410	1958	-13.3	-9.5	-5.2	-0.1	2.7	6.1	10.9	8.8	5.0	-1.0	-9.5	-10.4
211	36846	Kugaly	78.67	44.48	1410	1959	-11.7	-13.5	-8.9	0.7	2.5	9.0	9.9	9.5	7.8	0.3	-9.1	-14.8
211	36846	Kugaly	78.67	44.48	1410	1960	-12.2	-8.3	-11.3	-3.1	2.9	8.9	10.1	9.3	5.5	-0.2	-10.2	-11.6
211	36846	Kugaly	78.67	44.48	1410	1961	-13.5	-14.0	-7.1	2.2	6.8	7.8	10.3	9.2	6.5	2.9	-8.0	-10.5
211	36846	Kugaly	78.67	44.48	1410	1962	-14.0	-10.0	-3.0	-0.4	7.2	8.4	10.7	10.8	6.4	-0.6	-10.2	-11.0
211	36846	Kugaly	78.67	44.48	1410	1963	-9.6	-8.8	-4.1	-1.6	5.4	9.0	10.6	8.9	3.4	0.9	-5.2	-9.6
211	36846	Kugaly	78.67	44.48	1410	1964	-15.0	-15.4	-6.6	0.9	4.4	8.1	10.8	9.2	4.3	-2.8	-4.4	-13.8
211	36846	Kugaly	78.67	44.48	1410	1965	-12.3	-12.6	-1.5	1.9	6.0	8.6	11.4	9.9	5.0	0.5	-5.4	-11.0
211	36846	Kugaly	78.67	44.48	1410	1966	-12.0	-9.2	-6.4	-1.6	3.5	10.3	10.8	10.9	6.9	-1.3	-10.6	-13.5
211	36846	Kugaly	78.67	44.48	1410	1967	-14.1	-13.3	-6.9	1.0	6.0	8.7	10.0	8.0	3.6	0.0	-8.9	-8.2
211	36846	Kugaly	78.67	44.48	1410	1968	-11.0	-13.6	-3.5	-1.3	6.3	8.4	9.8	8.6	3.3	-1.7	-6.1	-13.9
211	36846	Kugaly	78.67	44.48	1410	1969	-19.7	-20.2	-7.1	0.7	5.6	8.6	10.5	7.6	3.5	-0.2	-4.8	-7.9
211	36846	Kugaly	78.67	44.48	1410	1970	-14.2	-12.3	-11.1	1.8	4.7	7.8	10.3	9.5	-999.0	-0.4	-7.6	-12.3
211	36846	Kugaly	78.67	44.48	1410	1971	-15.6	-12.9	-7.7	0.8	4.4	8.8	9.6	8.9	4.6	1.1	-3.1	-4.9
211	36846	Kugaly	78.67	44.48	1410	1972	-16.7	-20.5	-10.1	-0.1	6.3	8.9	8.7	8.6	4.0	-0.2	-5.6	-13.3
211	36846	Kugaly	78.67	44.48	1410	1973	-15.5	-13.0	-7.7	2.4	4.3	8.7	10.8	8.8	4.1	0.0	-3.0	-7.4
211	36846	Kugaly	78.67	44.48	1410	1974	-15.6	-18.2	-9.4	2.4	6.7	9.1	12.5	9.0	4.3	-1.5	-7.2	-18.0
211	36846	Kugaly	78.67	44.48	1410	1975	-12.8	-13.3	-7.5	-0.8	3.3	8.5	11.0	10.6	5.5	-0.5	-9.9	-11.6
211	36846	Kugaly	78.67	44.48	1410	1976	-10.1	-13.7	-10.2	0.2	6.6	8.3	9.6	8.4	5.0	-0.5	-11.1	-14.2
211	36846	Kugaly	78.67	44.48	1410	1977	-17.1	-13.6	-6.9	0.5	5.1	11.0	9.6	9.8	6.4	0.7	-2.6	-11.5
211	36846	Kugaly	78.67	44.48	1410	1978	-14.2	-14.4	-6.3	3.3	6.2	9.6	10.3	7.4	6.2	0.0	-8.1	-6.9
211	36846	Kugaly	78.67	44.48	1410	1979	-14.2	-8.8	-10.6	0.7	3.5	8.5	10.2	9.1	4.3	2.0	-7.2	-6.5
211	36846	Kugaly	78.67	44.48	1410	1980	-14.6	-13.3	-10.8	-999.0	6.8	8.0	10.1	9.6	5.2	0.8	-1.2	-8.1
211	36846	Kugaly	78.67	44.48	1410	1981	-12.1	-13.6	-4.1	2.1	6.4	9.6	10.4	8.2	4.5	-2.1	-8.8	-10.9
211	36846	Kugaly	78.67	44.48	1410	1982	-10.8	-12.0	-8.5	0.6	6.8	8.7	9.8	9.6	4.8	0.7	-8.1	-10.7
211	36846	Kugaly	78.67	44.48	1410	1983	-10.2	-9.1	-5.5	1.2	4.5	8.3	10.5	11.4	5.7	0.1	-4.6	-9.6
211	36846	Kugaly	78.67	44.48	1410	1984	-14.9	-18.4	-5.1	-0.2	5.3	9.7	10.3	11.2	5.2	0.3	-7.0	-19.9
211	36846	Kugaly	78.67	44.48	1410	1985	-13.0	-10.2	-10.8	1.4	4.7	8.3	11.7	9.8	5.2	-0.9	-7.7	-9.1
211	36846	Kugaly	78.67	44.48	1410	1986	-10.8	-12.4	-8.9	0.0	6.0	7.9	11.4	9.3	6.6	-0.1	-6.5	-10.0
211	36846	Kugaly	78.67	44.48	1410	1987	-9.7	-9.9	-6.6	-0.5	4.8	7.8	11.9	10.8	6.2	-4.4	-9.2	-7.5
211	36846	Kugaly	78.67	44.48	1410	1988	-11.5	-15.9	-7.7	1.1	4.1	10.2	11.5	9.2	6.2	-0.9	-1.1	-6.5
211	36846	Kugaly	78.67	44.48	1410	1989	-12.7	-14.4	-6.3	-2.4	5.4	7.5	10.2	10.2	6.0	1.4	-7.9	-5.7
211	36889	Mynzhilky	77.07	43.08	3017	1951	-16.4	-19.9	-11.8	-7.1	-0.3	0.5	3.7	3.4	1.4	-4.3	-11.0	-11.5
211	36889	Mynzhilky	77.07	43.08	3017	1952	-15.6	-13.5	-11.8	-5.4	-2.3	0.9	1.8	4.8	-0.1	-5.0	-13.8	-14.4
211	36889	Mynzhilky	77.07	43.08	3017	1953	-15.3	-11.6	-11.5	-8.4	0.2	2.3	5.4	2.9	2.3	-8.4	-13.4	-14.2
211	36889	Mynzhilky	77.07	43.08	3017	1954	-16.4	-15.5	-12.1	-3.9	-4.1	-0.2	2.0	3.6	0.8	-3.5	-11.6	-16.6
211	36889	Mynzhilky	77.07	43.08	3017	1955	-16.0	-13.8	-10.9	-9.8	-2.2	3.2	3.5	4.7	-0.4	-4.5	-8.1	-12.1
211	36889	Mynzhilky	77.07	43.08	3017	1956	-16.6	-14.2	-11.6	-5.0	-1.2	0.4	7.2	4.6	0.9	-3.6	-6.6	-14.4
211	36889	Mynzhilky	77.07	43.08	3017	1957	-17.3	-16.0	-9.8	-9.5	-3.8	2.6	3.5	3.0	0.2	-5.0	-11.7	-12.8
211	36889	Mynzhilky	77.07	43.08	3017	1958	-13.8	-13.4	-10.3	-5.4	-4.4	1.2	5.0	2.4	0.5	-5.2	-13.2	-12.3
211	36889	Mynzhilky	77.07	43.08	3017	1959	-14.2	-16.2	-12.6	-4.7	-3.8	2.1	5.3	3.8	3.8	-4.6	-12.6	-15.2
211	36889	Mynzhilky	77.07	43.08	3017	1960	-14.3	-11.2	-14.0	-7.9	-4.4	1.5	3.0	4.5	-0.4	-4.8	-12.0	-12.5
211	36889	Mynzhilky	77.07	43.08	3017	1961	-14.9	-16.1	-11.8	-4.8	0.8	2.5	4.5	4.0	0.0	-8.1	-10.2	-12.8
211	36889	Mynzhilky	77.07	43.08	3017	1962	-15.9	-12.3	-6.8	-6.4	-0.6	1.9	5.0	4.7	-0.6	-4.8	-13.8	-12.7
211	36889	Mynzhilky	77.07	43.08	3017	1963	-11.2	-10.8	-9.6	-6.0	-1.0	2.6	4.0	3.1	-0.5	-3.9	-9.4	-11.5
211	36889	Mynzhilky	77.07	43.08	3017	1964	-19.0	-15.9	-10.2	-6.3	-3.6	1.9	3.6	4.2	-0.6	-6.8	-9.4	-14.1
211	36889	Mynzhilky	77.07	43.08	3017	1965	-13.5	-16.6	-11.7	-4.9	-0.7	2.0	5.6	3.8	-0.4	-4.4	-8.8	-11.8
211	36889	Mynzhilky	77.07	43.08	3017	1966	-14.1	-12.0	-11.6	-7.1	-4.1	3.3	4.4	5.0	1.2	-999.0	-12.3	-14.0
211	36889	Mynzhilky	77.07	43.08	3017	1967	-15.6	-15.5	-10.3	-5.3	-1.8	1.9	3.5	3.3	-0.1	-5.7	-11.4	-10.2
211	36889	Mynzhilky	77.07	43.08	3017	1968	-14.3	-15.4	-9.7	-7.9	-0.9	2.4	4.2	3.8	0.1	-6.2	-10.2	-14.9
211	36889	Mynzhilky	77.07	43.08	3017	1969	-20.2	-19.4	-9.9	-5.2	-1.0	1.9	4.0	2.7	-0.6	-5.8	-8.3	-10.5
211	36889	Mynzhilky	77.07	43.08	3017	1970	-16.0	-14.1	-12.9	-4.3	-1.7	1.2	3.7	4.5	-999.0	-4.5	-9.2	-13.5
211	36889	Mynzhilky	77.07	43.08	3017	1971	-16.4	-15.3	-9.4	-6.0	-2.2	3.3	3.4	3.0	-0.7	-4.0	-7.7	-9.7
211	36889	Mynzhilky	77.07	43.08	3017	1972	-17.8	-20.3	-12.7	-6.8	-0.6	1.8	1.9	2.7	-0.1	-4.0	-8.6	-13.9
211	36889	Mynzhilky	77.07	43.08	3017	1973	-12.6	-14.3	-12.0	-4.0	-2.1	3.0	5.8	3.9	-0.5	4.8	-7.1	-10.8
211	36889	Mynzhilky	77.07	43.08	3017	1974	-18.0	-18.1	-11.6	-3.8	0.1	2.4	5.5	2.5	-0.4	-4.5	-10.3	-17.3
211	36889	Mynzhilky	77.07	43.08	3017	1975	-14.8	-15.8	-11.0	-6.2	-2.7	2.0	4.9	4.7	4.9	-6.0	-12.0	-13.5
211	36889	Mynzhilky	77.07	43.08	3017	1976	-11.8	-16.2	-13.0	-6.0	-0.7	1.6	5.2	4.0	-0.3	-6.0	-11.9	-14.8
211	36889	Mynzhilky	77.07	43.08	3017	1977	-18.3	-14.8	-9.4	-4.6	-1.0	4.6	4.3	4.7	1.5	-4.6	-7.1	-14.9
211	36889	Mynzhilky	77.07	43.08	3017	1978	-16.1	-16.6	-12.1	-2.9	0.2	3.2	5.4	3.8	2.1	-4.1	-11.6	-10.1
211	36889	Mynzhilky	77.07	43.08	3017	1979	-14.6	-11.6	-12.6	-5.2	-3.8	2.0	4.9	4.7	-1.0	-1.5	-8.8	-10.9
211	36889	Mynzhilky	77.07	43.08	3017	1980	-15.5	-14.7	-12.3	-999.0	0.6	1.9	5.9	4.6	1.4	-2.6	-6.3	-9.7
211	36889	Mynzhilky	77.07	43.08	3017	1981	-14.0	-15.1	-8.2	-4.5	0.1	2.9	4.9	3.1	-0.1	-6.3	-10.3	-11.8
211	36889	Mynzhilky	77.07	43.08	3017	1982	-13.1	-15.6	-10.8	-3.6	-0.3	2.5	4.6	3.8	-0.3	-4.1	-11.1	-11.6
211	36889	Mynzhilky	77.07	43.08	3017	1983	-13.4	-12.5	-12.2	-4.5	-1.8	1.6	5.5	6.5	0.8	-5.4	-8.5	-12.6
211	36889	Mynzhilky	77.07	43.08	3017	1984	-16.6	-19.4	-9.6	-6.8	-1.4	3.4	5.2	7.2	-0.8	-4.8	-9.9	-19.9
211	36889	Mynzhilky	77.07	43.08	3017	1985	-14.3	-12.3	-13.9	-3.8	-2.0	2.6	5.7	4.3	1.4	-5.6	-11.1	-11.4
211	36889	Mynzhilky	77.07	43.08	3017	1986	-13.5	-13.5	-13.6	-6.4	-1.4	1.9	5.6	4.3	1.9	-4.5	-9.8	-13.3
211	36889	Mynzhilky	77.07	43.08	3017	1987	-13.0	-12.6	-9.6	-6.1	-2.0	0.1	4.9	6.1	1.1	-8.7	-10.9	-9.8
211	36889	Mynzhilky	77.07	43.08	3017	1988	-14.0	-15.7	-11.3	-4.2	-3.5	3.2	6.2	4.1	1.6	-5.8	-6.0	-10.2
211	36889	Mynzhilky	77.07	43.08	3017	1989	-16.4	-18.8	-9.8	-9.4	-1.4	1.3	4.2	4.4	0.5	-4.0	-5.7	-10.3
211	36953	Narynkol	72.45	42.72	1806	1951	-20.8	-24.1	-13.5	-1.9	4.1	5.3	7.3	6.4	3.3	-0.2	-11.0	-15.6
211	36953	Narynkol	72.45	42.72	1806	1952	-19.9	-17.6	-9.9	-0.3	2.5	5.1	8.7	8.2	3.3	-4.6	-13.3	-21.3
211	36953	Narynkol	72.45	42.72	1806	1953	-20.0	-15.1	-7.8	-2.1	4.3	8.1	9.0	6.0	3.7	-4.9	-13.9	-18.7
211	36953	Narynkol	72.45	42.72	1806	1954	-22.2	-19.1	-13.6	1.5	1.9	5.0	7.8	7.5	3.5	-4.3	-12.3	-21.2
211	36953	Narynkol	72.45	42.72	1806	1955	-22.8	-18.8	-7.6	-3.8	2.9	6.9	7.3	7.9	2.1	-4.4	-10.3	-13.6
211	36953	Narynkol	72.45	42.72	1806	1956	-24.2	-17.1	-9.4	-1.3	4.4	5.2	9.5	7.5	4.2	-3.2	-6.7	-18.0
211	36953	Narynkol	72.45	42.72	1806	1957	-21.3	-21.7	-7.1	-2.4	0.6	7.6	7.9	6.8	2.7	-3.4	-9.4	-14.9
211	36953	Narynkol	72.45	42.72	1806	1958	-18.5	-16.3	-1.0	0.6	2.9	5.1	8.9	7.1	3.5	-1.9	-11.2	-15.3
211	36953	Narynkol	72.45	42.72	1806	1959	-18.8	-19.7	-11.4	-0.1	1.4	6.3	8.9	7.8	5.5	-0.6	-9.2	-17.7
211	36953	Narynkol	72.45	42.72	1806	1960	-18.6	-11.9	-8.2	-2.5	3.0	6.6	8.4	7.6	4.4	-1.5	-11.8	-17.3
211	36953	Narynkol	72.45	42.72	1806	1961	-19.6	-18.7	-9.4	0.7	5.3	7.2	9.6	8.1	5.3	-4.5	-11.5	-17.6
211	36953	Narynkol	72.45	42.72	1806	1962	-19.2	-15.4	-3.3	-0.2	6.3	6.9	9.3	8.7	4.3	-1.7	-11.6	-17.1
211	36953	Narynkol	72.45	42.72	1806	1963	-17.0	-11.0	-3.6	0.0	4.9	7.0	8.6	7.0	3.0	-0.6	-7.0	-13.6
211	36953	Narynkol	72.45	42.72	1806	1964	-19.7	-17.1	-5.8	0.7	3.4	6.9	8.9	7.6	4.3	-3.4	-8.5	-17.3
211	36953	Narynkol	72.45	42.72	1806	1965	-16.7	-17.9	-8.1	1.5	5.0	6.8	9.8	8.4	3.9	-0.6	-5.4	-14.1
211	36953	Narynkol	72.45	42.72	1806	1966	-15.4	-12.9	-6.9	-1.1	2.4	9.0	8.9	9.7	5.4	-2.3	-14.6	-17.5
211	36953	Narynkol	72.45	42.72	1806	1967	-21.3	-18.8	-8.0	1.2	5.2	8.1	8.4	7.5	3.9	-1.7	-11.8	-12.1
211	36953	Narynkol	72.45	42.72	1806	1968	-14.4	-16.3	-3.1	-0.7	5.4	8.1	9.4	7.3	3.3	-1.8	-7.4	-15.4
211	36953	Narynkol	72.45	42.72	1806	1969	-21.3	-22.3	-6.0	1.4	5.3	7.3	9.1	7.9	2.5	0.0	-7.4	-11.4
211	36953	Narynkol	72.45	42.72	1806	1970	-18.2	-14.0	-12.1	1.9	4.2	6.6	9.2	8.6	-999.0	-1.8	-7.4	-16.2
211	36953	Narynkol	72.45	42.72	1806	1971	-21.5	-15.8	-8.4	0.3	4.3	8.4	9.1	7.9	3.1	-1.7	-5.8	-9.2
211	36953	Narynkol	72.45	42.72	1806	1972	-18.2	-21.8	-9.0	-1.1	6.2	7.7	7.3	8.1	4.5	-2.2	-7.4	-15.3
211	36953	Narynkol	72.45	42.72	1806	1973	-18.5	-14.9	-8.5	2.2	4.3	7.8	10.6	8.6	3.6	-2.4	-6.0	-12.6
211	36953	Narynkol	72.45	42.72	1806	1974	-18.6	-19.7	-10.0	2.4	6.0	8.0	10.2	7.3	4.1	-2.7	-8.6	-20.8
211	36953	Narynkol	72.45	42.72	1806	1975	-18.0	-16.9	-7.4	-0.2	3.2	7.5	9.1	9.4	9.1	-1.4	-12.7	-16.7
211	36953	Narynkol	72.45	42.72	1806	1976	-15.3	-16.2	-10.3	0.8	5.7	7.3	8.9	7.8	4.7	-1.6	-13.1	-18.4
211	36953	Narynkol	72.45	42.72	1806	1977	-19.7	-18.1	-6.8	0.5	3.8	10.2	8.8	8.6	5.4	0.1	-3.7	-14.3
211	36953	Narynkol	72.45	42.72	1806	1978	-19.6	-17.5	-5.2	1.7	5.8	8.5	10.3	7.8	4.2	-0.5	-9.3	-11.9
211	36953	Narynkol	72.45	42.72	1806	1979	-18.6	-14.7	-11.3	0.5	3.5	6.5	9.1	8.9	3.6	0.4	-9.8	-10.6
211	36953	Narynkol	72.45	42.72	1806	1980	-17.7	-15.8	-10.3	-999.0	6.7	7.1	9.3	8.5	4.0	-0.2	-3.8	-11.4
211	36953	Narynkol	72.45	42.72	1806	1981	-16.4	-16.0	-5.6	1.6	6.7	8.7	10.0	7.7	3.7	-2.5	-9.9	-17.3
211	36953	Narynkol	72.45	42.72	1806	1982	-17.0	-17.3	-8.4	-0.5	5.2	7.8	8.8	8.6	3.8	-0.9	-10.0	-17.1
211	36953	Narynkol	72.45	42.72	1806	1983	-16.1	-14.4	-6.6	0.7	4.5	7.4	9.5	11.0	4.4	-1.3	-6.9	-12.9
211	36953	Narynkol	72.45	42.72	1806	1984	-18.7	-20.4	-6.0	0.1	4.6	8.2	9.5	10.5	3.5	-2.5	-5.9	-21.1
211	36953	Narynkol	72.45	42.72	1806	1985	-17.9	-13.8	-10.9	1.3	3.4	6.9	9.6	6.8	2.7	-1.1	-11.1	-14.8
211	36953	Narynkol	72.45	42.72	1806	1986	-18.0	-16.5	-9.6	-0.2	4.0	8.8	10.1	9.0	4.5	-0.9	-6.9	-14.6
211	36953	Narynkol	72.45	42.72	1806	1987	-15.9	-13.8	-6.4	0.8	4.2	6.7	10.2	8.8	5.1	-4.1	-10.0	-11.8
211	36953	Narynkol	72.45	42.72	1806	1988	-17.7	-18.8	-9.7	0.2	3.6	8.4	10.3	8.7	6.5	-2.5	-5.2	-11.2
211	36953	Narynkol	72.45	42.72	1806	1989	-18.2	-18.9	-9.3	-2.5	4.9	6.8	9.9	8.1	4.3	-0.1	-7.5	-9.7
211	36905	Podgornoe	79.47	43.33	1273	1951	-11.5	-17.3	-5.6	5.5	11.8	13.1	15.7	16.6	12.7	5.3	-3.2	-4.3
211	36905	Podgornoe	79.47	43.33	1273	1952	-7.3	-7.3	-2.3	3.7	8.8	12.1	16.9	17.1	10.5	3.3	-9.5	-10.6
211	36905	Podgornoe	79.47	43.33	1273	1953	-8.7	-4.3	-1.8	3.6	11.5	14.3	17.9	14.3	13.2	1.3	-6.2	-8.7
211	36905	Podgornoe	79.47	43.33	1273	1954	-11.6	-10.0	-5.9	6.3	7.3	10.6	13.9	14.9	10.6	5.7	-4.5	-13.2
211	36905	Podgornoe	79.47	43.33	1273	1955	-11.0	-7.1	-2.2	1.4	9.7	15.4	15.9	16.7	10.5	3.7	-1.2	-6.2
211	36905	Podgornoe	79.47	43.33	1273	1956	-12.6	-8.0	-2.4	6.3	9.8	11.7	18.9	15.1	11.5	4.5	1.2	-8.1
211	36905	Podgornoe	79.47	43.33	1273	1957	-12.2	-12.1	-1.5	1.7	7.5	14.9	15.5	14.8	11.2	4.0	-4.2	-5.5
211	36905	Podgornoe	79.47	43.33	1273	1958	-9.1	-4.8	-0.3	4.1	6.8	11.5	15.9	13.7	9.4	3.5	-5.3	-6.8
211	36905	Podgornoe	79.47	43.33	1273	1959	-8.1	-9.9	-5.0	5.3	-999.0	-999.0	-999.0	-999.0	14.7	4.7	-4.9	-11.4
211	36905	Podgornoe	79.47	43.33	1273	1960	-8.9	-4.3	-5.6	2.8	6.3	13.2	14.0	15.3	9.6	3.7	-6.0	-8.0
211	36905	Podgornoe	79.47	43.33	1273	1961	-9.5	-10.0	-2.2	6.3	12.5	13.8	15.8	14.7	11.0	0.8	-3.2	-6.5
211	36905	Podgornoe	79.47	43.33	1273	1962	-10.2	-5.2	1.3	3.9	10.3	12.9	16.8	17.5	10.2	3.4	-7.2	-8.4
211	36905	Podgornoe	79.47	43.33	1273	1963	-6.8	-3.6	0.5	3.3	10.1	14.7	16.4	15.0	9.7	4.7	-1.1	-6.1
211	36905	Podgornoe	79.47	43.33	1273	1964	-11.7	-11.5	-1.7	4.8	8.7	13.0	14.7	14.7	9.0	1.4	-2.3	-10.1
211	36905	Podgornoe	79.47	43.33	1273	1965	-8.3	-8.7	-2.4	5.5	11.8	14.3	18.2	15.5	10.2	4.3	-0.3	-6.3
211	36905	Podgornoe	79.47	43.33	1273	1966	-8.0	-4.7	-1.2	3.3	7.4	15.2	16.0	16.9	12.6	3.0	-6.3	-9.8
211	36905	Podgornoe	79.47	43.33	1273	1967	-10.3	-9.2	-2.0	6.0	10.2	14.3	15.3	14.5	9.5	3.6	-5.6	-4.5
211	36905	Podgornoe	79.47	43.33	1273	1968	-6.6	-9.5	0.6	2.3	10.8	14.5	15.8	15.2	9.7	2.4	-2.0	-9.4
211	36905	Podgornoe	79.47	43.33	1273	1969	-16.3	-16.6	-3.3	5.0	9.4	13.0	15.6	13.9	8.8	3.4	-1.5	-3.5
211	36905	Podgornoe	79.47	43.33	1273	1970	-10.1	-6.6	-4.7	5.6	9.4	12.9	15.7	15.5	-999.0	4.0	-3.5	-7.9
211	36905	Podgornoe	79.47	43.33	1273	1971	-11.9	-8.4	-2.6	4.3	8.4	14.8	15.5	15.5	10.6	5.7	1.0	-2.5
211	36905	Podgornoe	79.47	43.33	1273	1972	-12.7	-16.1	-5.3	3.8	11.1	12.9	13.4	14.2	9.9	4.2	-0.9	-9.2
211	36905	Podgornoe	79.47	43.33	1273	1973	-11.2	-7.7	-3.1	6.1	8.5	13.8	17.8	15.9	8.8	3.3	0.0	-4.6
211	36905	Podgornoe	79.47	43.33	1273	1974	-12.2	-13.7	-3.9	6.1	11.3	14.7	18.5	14.4	10.2	3.6	-1.5	-13.8
211	36905	Podgornoe	79.47	43.33	1273	1975	-8.4	-9.2	-1.6	5.5	8.4	14.2	17.4	16.5	7.4	4.1	-5.3	-7.9
211	36905	Podgornoe	79.47	43.33	1273	1976	-5.3	-9.0	-4.2	4.2	11.4	13.4	16.8	16.3	9.5	2.1	-6.7	-10.4
211	36905	Podgornoe	79.47	43.33	1273	1977	-13.5	-9.2	-2.0	5.9	10.3	16.1	16.1	15.8	12.1	-999.0	1.3	-7.7
211	36905	Podgornoe	79.47	43.33	1273	1978	-9.9	-10.0	-1.8	6.9	10.1	14.3	17.9	14.7	12.4	3.8	-4.4	-3.6
211	36905	Podgornoe	79.47	43.33	1273	1979	-11.2	-4.6	-4.3	3.9	7.6	12.7	15.6	16.0	9.4	6.6	-4.2	-3.0
211	36905	Podgornoe	79.47	43.33	1273	1980	-10.0	-9.2	-4.9	-999.0	11.0	12.8	16.7	15.1	10.2	5.1	1.9	-4.8
211	36905	Podgornoe	79.47	43.33	1273	1981	-8.4	-9.3	0.3	5.1	10.2	13.8	16.5	15.2	10.3	2.3	-5.1	-7.0
211	36905	Podgornoe	79.47	43.33	1273	1982	-7.0	-7.6	-3.2	6.3	12.3	14.2	16.0	15.5	10.3	4.4	-4.3	-7.2
211	36905	Podgornoe	79.47	43.33	1273	1983	-7.1	-4.3	-1.1	6.2	9.0	13.3	17.6	18.2	10.8	3.4	-1.6	-6.0
211	36905	Podgornoe	79.47	43.33	1273	1984	-11.6	-14.7	-1.4	-2.6	9.6	14.8	17.1	18.7	10.0	3.7	-2.8	-17.0
211	36905	Podgornoe	79.47	43.33	1273	1985	-9.6	-6.4	-6.0	5.7	8.9	14.0	17.4	15.1	10.4	3.0	-5.0	-6.1
211	36905	Podgornoe	79.47	43.33	1273	1986	-7.7	-8.5	-4.5	4.6	9.8	13.0	17.7	15.1	12.0	2.7	-2.8	-7.7
211	36905	Podgornoe	79.47	43.33	1273	1987	-7.5	-5.6	-1.7	4.0	9.4	12.0	17.0	17.3	10.8	0.1	-4.3	-3.7
211	36905	Podgornoe	79.47	43.33	1273	1988	-8.5	-12.1	-3.5	6.4	7.5	14.5	16.1	13.7	10.6	3.3	1.2	-3.9
211	36905	Podgornoe	79.47	43.33	1273	1989	-10.0	-11.1	-2.5	0.9	9.5	13.2	16.4	15.4	10.7	4.8	-3.2	-2.5
211	36952	Sarydzhas	79.60	42.92	1252	1951	-17.3	-20.2	-11.5	-2.6	3.2	4.5	5.9	5.1	2.7	-0.8	-10.3	-13.3
211	36952	Sarydzhas	79.60	42.92	1252	1952	-15.8	-14.9	-8.5	-1.9	1.5	4.2	7.1	7.2	2.1	-5.1	-12.7	-18.1
211	36952	Sarydzhas	79.60	42.92	1252	1953	-17.5	-12.7	-7.9	-3.1	3.4	6.8	7.6	5.6	3.1	-5.2	-12.3	-15.0
211	36952	Sarydzhas	79.60	42.92	1252	1954	-17.5	-15.3	-11.3	0.7	1.0	3.8	6.2	6.6	2.2	-4.1	-11.1	-18.8
211	36952	Sarydzhas	79.60	42.92	1252	1955	-20.0	-15.9	-7.8	-4.6	2.1	5.5	5.8	7.0	1.4	-4.3	-9.4	-12.2
211	36952	Sarydzhas	79.60	42.92	1252	1956	-20.8	-15.2	-9.1	-1.7	3.3	3.8	8.3	5.9	2.1	-4.2	-6.9	-16.2
211	36952	Sarydzhas	79.60	42.92	1252	1957	-18.4	-18.6	-7.1	-4.1	-0.1	6.2	6.8	5.7	2.2	-4.3	-10.4	-14.0
211	36952	Sarydzhas	79.60	42.92	1252	1958	-15.8	-14.1	-5.7	-0.8	1.3	4.1	7.7	6.2	2.5	-2.2	-11.5	-12.7
211	36952	Sarydzhas	79.60	42.92	1252	1959	-16.4	-16.0	-10.3	-1.0	0.5	6.3	8.4	7.3	4.7	-1.2	-9.0	-16.4
211	36952	Sarydzhas	79.60	42.92	1252	1960	-17.0	-11.9	-9.6	-3.6	1.9	5.2	7.2	6.5	2.9	-2.6	-12.1	-15.4
211	36952	Sarydzhas	79.60	42.92	1252	1961	-17.5	-17.3	-10.2	-0.5	3.8	5.1	8.1	6.2	3.4	-5.5	-12.5	-16.8
211	36952	Sarydzhas	79.60	42.92	1252	1962	-17.5	-14.1	-4.3	-1.7	4.6	5.3	7.4	7.2	3.3	-2.4	-13.7	-16.4
211	36952	Sarydzhas	79.60	42.92	1252	1963	-17.6	-13.4	-5.9	-1.3	3.5	5.3	7.1	5.2	2.1	-2.0	-7.5	-12.2
211	36952	Sarydzhas	79.60	42.92	1252	1964	-17.9	-15.3	-6.8	-0.7	1.8	5.3	7.1	6.4	2.4	-4.7	-8.2	-15.7
211	36952	Sarydzhas	79.60	42.92	1252	1965	-16.0	-16.2	-9.5	0.0	3.1	5.3	8.3	6.7	2.5	1.4	-7.4	-14.7
211	36952	Sarydzhas	79.60	42.92	1252	1966	-15.1	-13.6	-7.5	-3.2	0.7	7.6	7.2	8.0	3.6	-3.5	-13.9	-16.1
211	36952	Sarydzhas	79.60	42.92	1252	1967	-20.9	-16.8	-9.3	-0.3	3.5	6.2	7.3	6.1	2.8	-2.7	-12.8	-12.2
211	36952	Sarydzhas	79.60	42.92	1252	1968	-14.2	-16.6	-4.3	-2.4	4.4	6.5	7.4	5.6	1.7	-3.2	-9.8	-16.1
211	36952	Sarydzhas	79.60	42.92	1252	1969	-20.2	-20.7	-6.2	0.0	3.9	5.6	7.3	5.7	1.0	-1.5	-7.7	-10.1
211	36952	Sarydzhas	79.60	42.92	1252	1970	-17.3	-14.1	-11.5	0.3	2.2	4.8	7.6	6.7	-999.0	-3.1	-8.7	-15.5
211	36952	Sarydzhas	79.60	42.92	1252	1971	-20.3	-15.6	-8.2	-1.1	2.6	7.0	7.7	6.1	1.3	-2.8	-7.5	-9.4
211	36952	Sarydzhas	79.60	42.92	1252	1972	-16.5	-21.2	-9.0	-2.4	4.3	6.7	6.4	6.6	2.9	-3.7	-9.4	-14.7
211	36952	Sarydzhas	79.60	42.92	1252	1973	-17.6	-14.1	-9.7	1.6	2.9	6.8	8.8	6.6	2.1	-3.3	-7.6	-13.2
211	36952	Sarydzhas	79.60	42.92	1252	1974	-17.0	-18.6	-10.1	1.1	5.0	6.7	9.2	5.8	2.3	-4.0	-10.3	-20.5
211	36952	Sarydzhas	79.60	42.92	1252	1975	-17.6	-16.3	-8.8	-1.7	1.4	6.3	7.6	7.8	7.6	-1.9	-11.8	-16.3
211	36952	Sarydzhas	79.60	42.92	1252	1976	-13.6	-14.9	-10.3	-0.8	4.2	6.2	7.8	6.4	3.2	-2.5	-12.6	-16.8
211	36952	Sarydzhas	79.60	42.92	1252	1977	-18.2	-16.8	-7.8	-1.3	2.4	8.9	7.5	7.6	4.5	-1.1	-4.4	-14.4
211	36952	Sarydzhas	79.60	42.92	1252	1978	-18.9	-16.6	-6.7	1.0	4.7	7.6	8.7	6.6	3.4	-1.4	-9.8	-10.8
211	36952	Sarydzhas	79.60	42.92	1252	1979	-17.7	-14.1	-11.2	-0.5	2.3	5.7	7.6	7.5	2.2	-0.4	-10.3	-11.2
211	36952	Sarydzhas	79.60	42.92	1252	1980	-16.7	-14.6	-10.4	-999.0	5.1	5.8	7.6	7.4	2.6	-0.7	-4.4	-11.3
211	36952	Sarydzhas	79.60	42.92	1252	1981	-15.5	-15.4	-6.0	0.6	5.4	7.1	8.4	6.1	1.8	-3.4	-11.2	-16.0
211	36952	Sarydzhas	79.60	42.92	1252	1982	-15.8	-15.5	-9.2	-1.2	3.8	6.2	7.6	7.5	2.2	-1.9	-9.5	-15.2
211	36952	Sarydzhas	79.60	42.92	1252	1983	-14.2	-13.6	-7.8	-0.8	3.1	5.8	8.4	9.1	2.8	-3.0	-6.3	-13.1
211	36952	Sarydzhas	79.60	42.92	1252	1984	-18.1	-18.5	-6.7	-1.2	3.5	6.9	8.2	8.7	1.6	-5.1	-8.8	-20.4
211	36952	Sarydzhas	79.60	42.92	1252	1985	-16.9	-12.7	-11.4	-0.4	2.4	5.3	8.2	7.2	1.2	-2.6	-11.2	-14.2
211	36952	Sarydzhas	79.60	42.92	1252	1986	-17.9	-16.2	-9.6	-1.6	3.0	5.7	8.6	7.0	3.2	-1.9	-8.1	-13.7
211	36952	Sarydzhas	79.60	42.92	1252	1987	-14.2	-12.9	-6.9	-0.9	2.7	5.0	8.6	7.4	3.2	-5.5	-11.1	-11.4
211	36952	Sarydzhas	79.60	42.92	1252	1988	-16.0	-17.1	-8.9	-0.5	1.8	6.5	9.0	7.3	3.9	-3.1	-6.0	-10.7
211	36952	Sarydzhas	79.60	42.92	1252	1989	-16.2	-16.6	-8.7	-4.2	3.5	5.6	8.5	8.2	2.8	-1.0	-9.0	-9.0
211	36177	Semipalatinsk	80.30	50.40	202	1902	-999.0	-999.0	-10.8	-3.0	7.1	12.9	15.3	12.6	8.2	-0.9	-11.5	-20.9
211	36177	Semipalatinsk	80.30	50.40	202	1903	-19.8	-12.4	-18.8	-3.3	5.5	11.0	-999.0	10.9	7.4	-1.6	-12.0	-19.9
211	36177	Semipalatinsk	80.30	50.40	202	1904	-19.7	-13.8	-17.8	-11.4	7.2	12.9	13.8	13.1	5.6	-0.6	-7.7	-10.8
211	36177	Semipalatinsk	80.30	50.40	202	1905	-19.2	-20.1	-24.2	-7.0	5.7	11.6	15.4	13.5	6.4	-1.0	-8.1	-13.1
211	36177	Semipalatinsk	80.30	50.40	202	1906	-21.7	-24.7	-10.3	1.1	5.8	13.5	13.3	13.6	6.3	-0.7	-14.8	-12.9
211	36177	Semipalatinsk	80.30	50.40	202	1907	-21.6	-19.9	-14.0	-2.1	7.2	10.7	13.1	13.2	7.7	-0.3	-14.5	-13.9
211	36177	Semipalatinsk	80.30	50.40	202	1908	-20.6	-25.8	-15.0	-1.2	9.9	12.7	14.5	13.7	6.5	-1.0	-11.7	-13.4
211	36177	Semipalatinsk	80.30	50.40	202	1909	-22.3	-18.0	-22.5	1.1	5.7	13.5	17.2	13.2	4.6	-4.9	-7.2	-17.8
211	36177	Semipalatinsk	80.30	50.40	202	1910	-21.4	-23.1	-16.7	-1.8	8.4	11.7	12.4	9.9	5.5	-2.3	-16.2	-18.0
211	36177	Semipalatinsk	80.30	50.40	202	1911	-22.4	-19.8	-15.6	0.2	-999.0	-999.0	-999.0	-999.0	-999.0	-999.0	-999.0	-20.0
211	36177	Semipalatinsk	80.30	50.40	202	1912	-19.8	-17.6	-22.3	-1.9	8.3	11.7	14.5	8.5	-999.0	-3.0	-12.0	-19.7
211	36177	Semipalatinsk	80.30	50.40	202	1913	-17.8	-20.3	-11.4	-6.1	6.5	11.9	13.3	10.4	4.3	-0.7	-7.5	-11.0
211	36177	Semipalatinsk	80.30	50.40	202	1914	-11.6	-13.8	-12.9	0.5	6.3	12.7	11.7	12.7	4.6	-3.9	-10.1	-19.5
211	36177	Semipalatinsk	80.30	50.40	202	1915	-22.6	-20.8	-12.0	-1.2	9.1	15.2	16.0	13.6	6.3	-3.4	-9.3	-14.9
211	36177	Semipalatinsk	80.30	50.40	202	1916	-17.4	-21.2	-18.1	-2.3	-999.0	12.1	17.2	11.2	6.0	-2.3	-11.2	-22.6
211	36177	Semipalatinsk	80.30	50.40	202	1917	-19.9	-21.9	-16.5	-0.7	7.2	11.0	13.8	10.8	5.7	-1.0	-7.8	-21.5
211	36177	Semipalatinsk	80.30	50.40	202	1918	-17.3	-21.3	-11.7	-2.5	4.7	12.4	15.4	12.4	5.1	-1.8	-11.9	-26.7
211	36177	Semipalatinsk	80.30	50.40	202	1919	-27.1	-15.9	-16.4	-1.4	6.8	11.3	14.5	11.8	6.1	1.5	-10.6	-999.0
211	36177	Semipalatinsk	80.30	50.40	202	1920	-999.0	-999.0	-999.0	-999.0	-999.0	-999.0	-999.0	-999.0	-999.0	-999.0	-999.0	-999.0
211	36177	Semipalatinsk	80.30	50.40	202	1921	-999.0	-999.0	-999.0	-999.0	-999.0	-999.0	-999.0	12.7	-999.0	0.5	-999.0	-999.0
211	36177	Semipalatinsk	80.30	50.40	202	1922	-999.0	-999.0	-999.0	-999.0	-999.0	-999.0	-999.0	-999.0	-999.0	-999.0	-999.0	-999.0
211	36177	Semipalatinsk	80.30	50.40	202	1923	-999.0	-999.0	-999.0	-999.0	-999.0	-999.0	-999.0	-999.0	6.6	2.7	-5.2	-15.3
211	36177	Semipalatinsk	80.30	50.40	202	1924	-21.6	-26.0	-16.9	0.2	7.3	10.3	18.3	12.8	6.1	-0.7	-5.5	-15.5
211	36177	Semipalatinsk	80.30	50.40	202	1925	-15.6	-20.6	-12.6	-4.9	4.7	11.6	13.1	13.1	7.1	1.4	-5.7	-13.9
211	36177	Semipalatinsk	80.30	50.40	202	1926	-18.1	-21.0	-9.1	-0.1	3.6	12.0	13.9	12.0	5.7	1.1	-7.4	-19.8
211	36177	Semipalatinsk	80.30	50.40	202	1927	-24.6	-20.8	-20.2	-3.9	8.0	11.1	15.2	12.2	7.2	-0.1	-10.7	-16.7
211	36177	Semipalatinsk	80.30	50.40	202	1928	-19.7	-17.9	-20.1	-4.0	7.9	13.0	15.4	13.9	7.3	-0.1	-9.2	-23.4
211	36177	Semipalatinsk	80.30	50.40	202	1929	-25.9	-25.6	-11.0	3.2	4.6	14.0	14.9	11.4	7.1	1.2	-6.7	-29.2
211	36177	Semipalatinsk	80.30	50.40	202	1930	-22.4	-21.1	-7.8	-4.1	7.8	14.0	15.0	12.3	4.2	-0.7	-7.3	-17.2
211	36177	Semipalatinsk	80.30	50.40	202	1931	-24.6	-32.5	-12.2	-1.1	5.5	14.1	14.8	14.8	7.7	2.0	-11.3	-17.5
211	36177	Semipalatinsk	80.30	50.40	202	1932	-15.0	-18.0	-12.0	1.5	6.6	13.1	17.7	12.2	7.1	2.0	-6.9	-16.1
211	36177	Semipalatinsk	80.30	50.40	202	1933	-27.5	-25.0	-12.5	1.6	6.3	11.5	16.2	14.2	3.6	-3.3	-7.7	-16.9
211	36177	Semipalatinsk	80.30	50.40	202	1934	-20.6	-15.6	-17.4	-7.7	6.4	12.8	13.4	12.0	3.6	-0.1	-10.8	-17.5
211	36177	Semipalatinsk	80.30	50.40	202	1935	-21.8	-15.0	-10.2	-2.6	7.4	14.3	16.7	12.7	6.6	1.2	-15.8	-25.9
211	36177	Semipalatinsk	80.30	50.40	202	1936	-19.8	-19.3	-16.4	-4.2	4.4	12.4	13.7	10.7	6.3	2.8	-5.7	-15.8
211	36177	Semipalatinsk	80.30	50.40	202	1937	-25.4	-19.6	-17.3	-3.5	6.1	12.1	14.4	10.0	6.5	1.4	-11.2	-20.8
211	36177	Semipalatinsk	80.30	50.40	202	1938	-24.7	-15.3	-11.3	2.3	8.0	11.9	15.5	11.3	3.5	-0.2	-5.2	-25.4
211	36177	Semipalatinsk	80.30	50.40	202	1939	-23.8	-17.1	-15.4	1.6	7.7	12.8	14.8	11.4	6.0	-2.7	-11.6	-11.7
211	36177	Semipalatinsk	80.30	50.40	202	1940	-27.4	-21.0	-8.0	0.9	6.8	13.7	16.4	13.6	5.3	0.1	-8.7	-12.7
211	36177	Semipalatinsk	80.30	50.40	202	1941	-15.9	-22.5	-8.6	-0.5	6.4	14.2	14.1	12.7	6.2	0.6	-14.2	-18.4
211	36177	Semipalatinsk	80.30	50.40	202	1942	-18.1	-24.7	-10.7	-0.1	5.5	13.7	15.5	13.1	8.5	0.8	-6.3	-13.5
211	36177	Semipalatinsk	80.30	50.40	202	1943	-23.5	-20.9	-15.4	0.4	7.9	12.6	15.0	15.1	5.8	-1.0	-14.6	-14.0
211	36177	Semipalatinsk	80.30	50.40	202	1944	-19.9	-17.3	-5.6	1.5	7.1	12.5	-999.0	-999.0	-999.0	-999.0	-16.1	-24.2
211	36177	Semipalatinsk	80.30	50.40	202	1945	-24.7	-29.3	-16.2	0.4	9.5	12.7	15.1	11.9	7.2	2.0	-9.1	-18.6
211	36177	Semipalatinsk	80.30	50.40	202	1946	-17.8	-11.2	-13.8	2.1	6.4	11.9	16.0	13.0	7.2	1.4	-8.9	-22.1
211	36177	Semipalatinsk	80.30	50.40	202	1947	-21.6	-24.2	-9.8	2.6	6.2	11.2	13.6	12.5	5.9	-0.4	-4.2	-21.9
211	36177	Semipalatinsk	80.30	50.40	202	1948	-15.3	-21.6	-12.4	0.1	5.8	12.1	15.8	11.0	7.3	0.6	-11.5	-16.4
211	36177	Semipalatinsk	80.30	50.40	202	1949	-15.7	-17.3	-18.0	-0.2	6.3	12.9	13.6	13.9	5.3	0.2	-13.4	-26.7
211	36177	Semipalatinsk	80.30	50.40	202	1950	-21.2	-24.4	-13.0	-3.4	7.4	12.4	-999.0	13.2	8.0	-2.6	-20.4	-19.3
211	36177	Semipalatinsk	80.30	50.40	202	1951	-22.4	-29.9	-14.2	0.4	8.9	13.2	16.6	-999.0	7.5	-0.2	-11.0	-8.3
211	36177	Semipalatinsk	80.30	50.40	202	1952	-19.0	-25.6	-19.2	-1.2	7.8	12.7	16.4	14.2	7.9	-1.6	-20.7	-20.6
211	36177	Semipalatinsk	80.30	50.40	202	1953	-22.3	-19.3	-8.0	-0.3	7.8	12.8	17.5	12.4	8.6	0.1	-15.1	-17.4
211	36177	Semipalatinsk	80.30	50.40	202	1954	-27.8	-25.5	-18.3	-6.7	3.7	11.5	13.6	13.8	-999.0	-999.0	-12.8	-27.4
211	36177	Semipalatinsk	80.30	50.40	202	1955	-22.1	-21.0	-15.0	-2.3	8.1	14.8	15.0	12.4	6.1	-999.0	-999.0	-15.6
211	36177	Semipalatinsk	80.30	50.40	202	1956	-25.6	-24.1	-16.1	0.7	8.3	10.5	16.5	-999.0	-999.0	0.6	-9.3	-18.1
211	36177	Semipalatinsk	80.30	50.40	202	1957	-22.9	-22.7	-13.5	-1.4	5.2	12.4	12.9	11.4	4.7	0.4	-8.5	-12.3
211	36177	Semipalatinsk	80.30	50.40	202	1958	-22.6	-15.8	-15.7	-2.0	5.4	10.1	14.0	12.4	3.6	-0.6	-7.0	-18.9
211	36177	Semipalatinsk	80.30	50.40	202	1959	-23.3	-21.5	-12.8	1.5	4.8	12.5	13.2	11.1	5.3	-0.7	-17.2	-24.2
211	36177	Semipalatinsk	80.30	50.40	202	1960	-21.9	-20.7	-20.0	-3.7	3.5	12.5	13.0	11.5	5.0	-4.3	-16.6	-19.3
211	36177	Semipalatinsk	80.30	50.40	202	1961	-18.6	-19.8	-12.0	2.4	6.1	9.9	14.0	10.7	5.7	-3.5	-8.1	-15.7
211	36177	Semipalatinsk	80.30	50.40	202	1962	-18.4	-19.2	-9.3	0.5	9.9	12.2	14.2	10.7	5.9	-0.9	-14.4	-16.7
211	36177	Semipalatinsk	80.30	50.40	202	1963	-16.1	-14.2	-4.8	-5.0	3.8	11.1	14.5	11.3	4.0	1.1	-3.0	-14.7
211	36177	Semipalatinsk	80.30	50.40	202	1964	-14.3	-29.2	-12.9	-3.0	4.4	11.4	14.0	11.1	4.4	-2.6	-5.6	-13.5
211	36177	Semipalatinsk	80.30	50.40	202	1965	-19.6	-22.8	-15.5	-2.7	7.8	11.9	15.7	12.9	6.4	0.5	-8.6	-18.7
211	36177	Semipalatinsk	80.30	50.40	202	1966	-22.3	-19.8	-11.1	-1.7	4.7	13.1	14.7	11.7	6.9	-1.4	-13.5	-32.0
211	36177	Semipalatinsk	80.30	50.40	202	1967	-23.4	-20.4	-10.7	-0.2	7.7	11.6	14.9	10.7	2.5	0.9	-13.5	-17.4
211	36177	Semipalatinsk	80.30	50.40	202	1968	-19.9	-23.2	-6.4	-0.7	6.7	10.5	14.2	11.5	1.7	-4.2	-14.0	-22.8
211	36177	Semipalatinsk	80.30	50.40	202	1969	-35.4	-31.4	-19.8	-2.0	5.9	11.4	16.9	9.6	5.1	0.1	-9.6	-20.2
211	36177	Semipalatinsk	80.30	50.40	202	1970	-21.5	-17.4	-15.5	0.2	6.4	11.5	12.8	10.6	5.9	-0.2	-11.7	-20.8
211	36177	Semipalatinsk	80.30	50.40	202	1971	-18.4	-22.9	-14.9	1.3	5.5	10.6	14.0	10.6	4.2	-1.3	-5.5	-12.3
211	36177	Semipalatinsk	80.30	50.40	202	1972	-26.2	-19.4	-14.5	1.4	4.5	12.6	12.2	9.7	3.0	-2.1	-6.3	-17.9
211	36177	Semipalatinsk	80.30	50.40	202	1973	-19.6	-20.9	-12.6	-0.6	4.8	12.5	13.7	10.5	3.9	-1.6	-4.0	-13.4
211	36177	Semipalatinsk	80.30	50.40	202	1974	-24.7	-26.2	-14.6	1.8	6.4	11.5	15.5	10.9	4.7	-3.0	-13.4	-25.3
211	36177	Semipalatinsk	80.30	50.40	202	1975	-16.3	-14.7	-8.0	-0.1	5.2	10.6	13.8	9.0	5.3	-0.9	-13.3	-17.7
211	36177	Semipalatinsk	80.30	50.40	202	1976	-14.7	-21.7	-17.7	-0.4	6.1	13.7	13.4	11.7	4.8	-3.5	-17.7	-25.7
211	36177	Semipalatinsk	80.30	50.40	202	1977	-29.8	-23.2	-12.7	0.3	7.6	14.1	14.8	10.7	6.0	-0.7	-5.5	-16.1
211	36177	Semipalatinsk	80.30	50.40	202	1978	-19.5	-20.4	-12.7	2.2	3.8	14.3	15.6	8.8	5.4	0.1	-4.4	-14.0
211	36177	Semipalatinsk	80.30	50.40	202	1979	-20.8	-14.7	-14.6	-5.6	6.6	12.7	15.6	11.1	5.9	0.7	-10.4	-11.6
211	36177	Semipalatinsk	80.30	50.40	202	1980	-21.2	-22.7	-17.6	-0.8	8.2	12.1	14.6	11.0	3.9	-2.3	-6.3	-15.4
211	36177	Semipalatinsk	80.30	50.40	202	1981	-20.7	-18.4	-7.9	2.0	8.1	15.6	14.4	12.7	6.9	-1.8	-10.3	-18.1
211	36177	Semipalatinsk	80.30	50.40	202	1982	-18.5	-16.7	-18.2	1.9	8.8	13.6	14.2	11.4	5.8	2.2	-4.9	-14.0
211	36177	Semipalatinsk	80.30	50.40	202	1983	-13.0	-13.9	-5.8	-0.6	4.4	13.2	15.1	11.8	4.2	0.5	-3.6	-12.9
211	36177	Semipalatinsk	80.30	50.40	202	1984	-20.2	-26.6	-9.6	-3.7	6.6	13.0	13.7	10.7	5.1	1.6	-12.9	-25.6
211	36177	Semipalatinsk	80.30	50.40	202	1985	-20.0	-21.2	-17.6	-999.0	4.5	10.7	14.2	11.9	3.3	0.2	-7.6	-14.6
211	36177	Semipalatinsk	80.30	50.40	202	1986	-17.1	-23.3	-10.8	-0.8	8.7	10.9	14.8	11.8	4.6	-1.1	-9.2	-18.0
211	36177	Semipalatinsk	80.30	50.40	202	1987	-17.9	-16.0	-13.7	-1.2	8.5	9.9	16.3	12.8	7.2	-3.0	-17.0	-15.7
211	36177	Semipalatinsk	80.30	50.40	202	1988	-18.1	-24.8	-15.0	0.4	6.2	10.9	14.2	11.7	7.2	-1.6	-5.8	-11.8
211	36177	Semipalatinsk	80.30	50.40	202	1989	-14.1	-17.1	-11.4	-1.4	7.4	10.9	14.6	11.8	4.0	-1.1	-8.6	-10.6
211	36177	Semipalatinsk	80.30	50.40	202	1990	-999.0	-999.0	-999.0	-999.0	-999.0	-999.0	-999.0	-999.0	-999.0	-999.0	-999.0	-999.0
211	36177	Semipalatinsk	80.30	50.40	202	1991	-999.0	-999.0	-999.0	-999.0	-999.0	-999.0	-999.0	-999.0	-999.0	-999.0	-999.0	-999.0
211	36177	Semipalatinsk	80.30	50.40	202	1992	-999.0	-999.0	-999.0	-999.0	-999.0	-999.0	-999.0	-999.0	-999.0	-999.0	-999.0	-999.0
211	36177	Semipalatinsk	80.30	50.40	202	1993	-999.0	-999.0	-999.0	-999.0	-999.0	-999.0	-999.0	-999.0	-999.0	-999.0	-999.0	-999.0
211	36177	Semipalatinsk	80.30	50.40	202	1994	-20.0	-23.0	-13.0	-1.0	6.4	12.7	14.2	11.7	3.8	-2.1	-4.3	-12.3
211	36177	Semipalatinsk	80.30	50.40	202	1995	-20.5	-16.4	-11.2	0.4	5.3	9.3	15.6	13.0	3.4	0.2	-6.8	-15.7
211	36177	Semipalatinsk	80.30	50.40	202	1996	-25.6	-22.9	-16.6	-2.9	5.4	12.0	15.7	9.7	4.6	-2.8	-10.4	-15.7
211	36177	Semipalatinsk	80.30	50.40	202	1997	-17.1	-17.1	-5.5	3.0	9.2	11.7	13.4	10.7	4.8	-0.2	-15.0	-19.4
211	36177	Semipalatinsk	80.30	50.40	202	1998	-27.6	-20.7	-15.8	-1.0	6.5	14.1	16.9	13.6	2.7	0.7	-13.3	-14.3
211	36177	Semipalatinsk	80.30	50.40	202	1999	-19.1	-15.3	-20.7	-1.2	7.6	11.6	16.9	13.0	-999.0	1.1	-9.8	-11.3
211	36177	Semipalatinsk	80.30	50.40	202	2000	-999.0	-17.0	-11.0	1.3	-999.0	13.5	-999.0	-999.0	-999.0	-999.0	-999.0	-999.0
211	36177	Semipalatinsk	80.30	50.40	202	2001	-22.2	-19.9	-7.4	0.1	8.7	12.6	13.7	12.0	5.2	-0.5	-5.7	-19.9
211	36177	Semipalatinsk	80.30	50.40	202	2002	-10.4	-9.7	-2.9	-0.7	5.4	12.1	13.9	12.4	5.3	-2.5	-6.1	-21.5
211	36177	Semipalatinsk	80.30	50.40	202	2003	-19.5	-19.1	-14.4	-2.3	7.9	13.2	12.5	12.1	6.8	-1.6	-12.1	-13.9
211	36887	Verhniy Gorelnik	77.00	42.50	2262	1951	-11.6	-16.3	-6.8	-0.8	5.3	5.8	9.6	9.3	7.0	0.7	-5.5	-5.2
211	36887	Verhniy Gorelnik	77.00	42.50	2262	1952	-7.8	-7.7	-6.6	-1.0	3.1	6.2	10.0	10.3	4.8	-0.3	-10.3	-9.7
211	36887	Verhniy Gorelnik	77.00	42.50	2262	1953	-8.7	-5.4	-6.4	-2.8	5.3	7.4	10.7	7.9	7.4	-3.2	-7.9	-9.4
211	36887	Verhniy Gorelnik	77.00	42.50	2262	1954	-11.5	-10.7	-7.8	0.8	1.5	4.6	8.4	9.0	5.3	1.8	-6.6	-11.3
211	36887	Verhniy Gorelnik	77.00	42.50	2262	1955	-10.0	-8.1	-5.9	-4.6	3.3	8.6	9.2	10.4	5.1	0.0	-2.7	-5.7
211	36887	Verhniy Gorelnik	77.00	42.50	2262	1956	-10.8	-9.4	-6.7	0.8	3.6	5.2	13.1	9.6	5.9	1.6	-1.5	-9.3
211	36887	Verhniy Gorelnik	77.00	42.50	2262	1957	-12.4	-11.8	-4.2	-4.5	1.7	8.1	8.8	8.2	5.4	-0.3	-6.8	-7.5
211	36887	Verhniy Gorelnik	77.00	42.50	2262	1958	-8.7	-7.6	-4.6	-1.6	0.6	5.8	10.3	7.6	5.0	0.1	-8.3	-7.3
211	36887	Verhniy Gorelnik	77.00	42.50	2262	1959	-8.4	-11.4	-7.8	0.8	0.6	7.5	8.2	9.1	8.6	0.3	-7.0	-10.4
211	36887	Verhniy Gorelnik	77.00	42.50	2262	1960	-8.7	-5.5	-9.6	-2.7	0.3	7.1	8.3	9.4	4.8	0.2	-7.4	-7.7
211	36887	Verhniy Gorelnik	77.00	42.50	2262	1961	-9.4	-11.8	-6.0	0.8	6.1	7.1	9.8	8.8	5.4	-3.2	-5.1	-6.7
211	36887	Verhniy Gorelnik	77.00	42.50	2262	1962	-10.3	-6.3	-0.9	-1.6	4.2	6.9	10.4	10.3	4.4	-0.7	-9.0	-7.6
211	36887	Verhniy Gorelnik	77.00	42.50	2262	1963	-5.1	-5.1	-4.0	-2.1	3.7	7.9	9.3	8.0	4.0	0.9	-4.2	-7.0
211	36887	Verhniy Gorelnik	77.00	42.50	2262	1964	-14.1	-10.1	-4.9	-1.1	1.9	7.0	8.9	9.3	4.2	-2.2	-4.1	-9.6
211	36887	Verhniy Gorelnik	77.00	42.50	2262	1965	-8.4	-10.6	-6.6	0.3	4.8	7.5	11.2	9.0	4.1	0.3	-3.3	-6.1
211	36887	Verhniy Gorelnik	77.00	42.50	2262	1966	-8.0	-6.7	-6.4	-2.6	1.2	9.0	9.7	10.7	6.2	-999.0	-5.9	-8.8
211	36887	Verhniy Gorelnik	77.00	42.50	2262	1967	-9.9	-10.7	-4.6	-999.0	3.4	6.7	8.8	7.8	4.3	-0.9	-5.8	-5.9
211	36887	Verhniy Gorelnik	77.00	42.50	2262	1968	-9.1	-10.1	-4.4	-2.8	3.8	7.1	9.2	8.7	4.5	-1.8	-4.3	-10.5
211	36887	Verhniy Gorelnik	77.00	42.50	2262	1969	-16.3	-15.3	-5.8	0.1	3.7	6.9	9.4	7.7	4.1	-1.2	-3.6	-4.9
211	36887	Verhniy Gorelnik	77.00	42.50	2262	1970	-10.8	-8.2	-8.0	0.1	3.3	6.5	8.8	9.3	-999.0	0.2	-4.6	-8.5
211	36887	Verhniy Gorelnik	77.00	42.50	2262	1971	-11.6	-10.0	-4.1	-0.9	2.6	8.5	8.9	8.6	4.7	1.1	-1.9	-4.4
211	36887	Verhniy Gorelnik	77.00	42.50	2262	1972	-13.7	-16.1	-8.5	-1.0	3.8	6.3	6.9	7.2	4.1	1.2	-2.9	-9.8
211	36887	Verhniy Gorelnik	77.00	42.50	2262	1973	-12.9	-8.8	-7.2	0.5	2.2	7.8	10.9	8.7	4.1	0.2	-1.9	-5.5
211	36887	Verhniy Gorelnik	77.00	42.50	2262	1974	-13.4	-14.5	-6.4	0.2	4.6	7.3	10.9	7.2	4.2	0.1	-5.0	-12.6
211	36887	Verhniy Gorelnik	77.00	42.50	2262	1975	-9.8	-11.0	-5.9	0.1	2.0	7.0	10.4	9.6	5.2	-1.0	-7.2	-8.2
211	36887	Verhniy Gorelnik	77.00	42.50	2262	1976	-6.3	-12.5	-8.7	-1.8	3.9	6.3	10.2	9.1	3.7	-1.7	-7.3	-9.9
211	36887	Verhniy Gorelnik	77.00	42.50	2262	1977	-13.5	-9.3	-4.5	-0.2	3.8	9.6	8.7	9.0	6.1	0.1	-1.4	-9.1
211	36887	Verhniy Gorelnik	77.00	42.50	2262	1978	-10.3	-11.8	-6.6	1.4	4.0	7.6	10.5	8.2	6.7	0.7	-7.0	-5.3
211	36887	Verhniy Gorelnik	77.00	42.50	2262	1979	-10.5	-6.6	-8.1	-1.3	0.6	6.6	9.6	9.4	3.7	3.1	-4.0	-5.3
211	36887	Verhniy Gorelnik	77.00	42.50	2262	1980	-10.6	-11.0	-7.9	-999.0	5.2	6.6	10.5	9.2	5.3	1.6	-1.6	-3.7
211	36887	Verhniy Gorelnik	77.00	42.50	2262	1981	-8.9	-10.2	-3.4	0.4	4.4	7.6	9.7	7.8	4.5	-2.0	-5.0	-6.9
211	36887	Verhniy Gorelnik	77.00	42.50	2262	1982	-8.2	-10.6	-6.8	0.9	5.0	7.4	8.9	8.1	3.8	0.5	-7.1	-6.8
211	36887	Verhniy Gorelnik	77.00	42.50	2262	1983	-8.6	-6.9	-6.5	0.2	2.6	6.9	10.4	11.3	5.3	-0.8	-3.2	-7.2
211	36887	Verhniy Gorelnik	77.00	42.50	2262	1984	-11.8	-15.9	-5.1	-2.5	3.3	8.1	9.9	12.0	4.2	-0.1	-4.7	-15.4
211	36887	Verhniy Gorelnik	77.00	42.50	2262	1985	-8.9	-7.3	-8.8	1.4	2.6	7.2	10.3	8.4	5.0	-1.2	-5.6	-6.4
211	36887	Verhniy Gorelnik	77.00	42.50	2262	1986	-7.9	-8.7	-8.8	-1.6	3.5	6.4	10.3	8.7	6.6	0.3	-5.3	-8.4
211	36887	Verhniy Gorelnik	77.00	42.50	2262	1987	-7.4	-7.6	-5.0	-2.1	2.9	4.9	9.9	10.5	5.2	-4.7	-5.9	-4.9
211	36887	Verhniy Gorelnik	77.00	42.50	2262	1988	-9.2	-11.3	-7.3	1.0	1.3	8.2	10.4	8.1	6.7	-1.3	-0.1	-5.4
211	36887	Verhniy Gorelnik	77.00	42.50	2262	1989	-12.1	-13.8	-4.8	-4.7	2.4	5.9	9.2	9.1	4.6	0.9	-4.8	-4.9
213	38357	Aktash (Kyrg) 	73.10	42.50	2150	1961	-11.6	-13.9	-6.9	0.3	5.3	6.1	7.9	7.2	3.7	-3.5	-5.4	-9.0
213	38357	Aktash (Kyrg) 	73.10	42.50	2150	1962	-18.7	-8.8	-1.0	-1.2	3.8	5.8	8.3	7.4	2.5	-1.3	-10.5	-9.9
213	38357	Aktash (Kyrg) 	73.10	42.50	2150	1963	-8.6	-6.9	-3.9	-999.0	4.7	7.0	7.7	5.3	2.5	0.1	-5.6	-7.8
213	38357	Aktash (Kyrg) 	73.10	42.50	2150	1964	-15.2	-11.2	-3.7	-0.7	2.3	6.4	7.5	6.4	2.7	-4.1	-6.3	-12.6
213	38357	Aktash (Kyrg) 	73.10	42.50	2150	1965	-11.7	-13.5	-7.6	-0.3	4.5	5.7	8.9	7.0	3.3	0.1	-4.2	-7.6
213	38357	Aktash (Kyrg) 	73.10	42.50	2150	1966	-8.7	-7.6	-6.3	-1.4	2.0	7.4	8.1	8.3	4.1	-1.9	-8.3	-10.6
213	38357	Aktash (Kyrg) 	73.10	42.50	2150	1967	-13.3	-12.6	-5.8	0.0	3.0	6.0	6.9	6.6	3.3	-0.8	-6.0	-7.5
213	38357	Aktash (Kyrg) 	73.10	42.50	2150	1968	-10.8	-12.6	-4.3	-1.5	3.5	6.6	7.1	6.8	3.5	-1.9	-6.0	-11.5
213	38357	Aktash (Kyrg) 	73.10	42.50	2150	1969	-18.7	-18.1	-4.7	0.3	3.5	6.4	7.0	5.9	2.9	-1.4	-5.7	-7.0
213	38357	Aktash (Kyrg) 	73.10	42.50	2150	1970	-13.4	-9.0	-8.8	1.6	3.1	5.1	7.6	8.1	3.7	-0.4	-5.1	-10.1
213	38357	Aktash (Kyrg) 	73.10	42.50	2150	1971	-13.2	-11.1	-4.4	-0.4	3.3	7.3	7.7	5.6	3.7	-0.4	-3.1	-5.3
213	38357	Aktash (Kyrg) 	73.10	42.50	2150	1972	-15.9	-17.4	-7.5	-2.1	3.2	6.1	5.5	4.8	2.6	-0.4	-4.6	-11.9
213	38357	Aktash (Kyrg) 	73.10	42.50	2150	1973	-999.0	-9.6	-999.0	0.6	3.4	6.9	9.3	7.2	2.5	-0.3	-3.6	-9.0
213	38357	Aktash (Kyrg) 	73.10	42.50	2150	1974	-15.6	-999.0	-7.4	0.9	4.2	-999.0	-999.0	6.5	4.0	-0.4	-5.2	-999.0
213	38357	Aktash (Kyrg) 	73.10	42.50	2150	1975	-11.5	-12.1	-7.0	-0.5	2.1	6.5	8.6	8.1	3.4	-1.3	-8.7	-9.6
213	38357	Aktash (Kyrg) 	73.10	42.50	2150	1976	-8.5	-13.2	-8.2	0.0	4.2	5.3	8.2	8.1	3.1	-1.5	-9.0	-11.4
213	38357	Aktash (Kyrg) 	73.10	42.50	2150	1977	-15.4	-10.6	-3.6	1.2	4.2	8.1	8.6	7.4	4.8	-0.2	-2.3	-10.9
213	38357	Aktash (Kyrg) 	73.10	42.50	2150	1978	-12.6	-13.2	-7.1	1.7	4.8	7.0	8.9	6.2	4.9	0.3	-8.2	-6.3
213	38357	Aktash (Kyrg) 	73.10	42.50	2150	1979	-11.0	-7.8	-8.0	0.3	1.3	6.2	8.6	8.2	3.2	2.9	-5.3	-6.8
213	38357	Aktash (Kyrg) 	73.10	42.50	2150	1980	-13.0	-12.9	-7.7	1.7	4.8	6.7	9.3	8.0	4.8	0.9	-1.8	-5.9
213	38357	Aktash (Kyrg) 	73.10	42.50	2150	1981	-11.0	-11.1	-3.4	1.0	5.1	6.3	9.1	6.9	3.4	-2.8	-5.6	-9.0
213	38357	Aktash (Kyrg) 	73.10	42.50	2150	1982	-10.0	-11.8	-6.5	0.3	3.9	6.5	8.2	7.2	3.4	-0.8	-8.5	-9.5
213	38357	Aktash (Kyrg) 	73.10	42.50	2150	1983	-10.7	-9.1	-6.5	0.5	3.9	6.2	8.8	9.2	3.3	-1.9	-3.7	-9.3
213	38357	Aktash (Kyrg) 	73.10	42.50	2150	1984	-14.8	-17.7	-5.1	-1.6	3.0	7.1	8.9	9.9	3.3	-1.2	-5.9	-16.9
213	38357	Aktash (Kyrg) 	73.10	42.50	2150	1985	-10.7	-8.0	-9.5	1.2	3.2	6.6	9.3	7.4	20.6	-1.7	-7.3	-8.8
213	38357	Aktash (Kyrg) 	73.10	42.50	2150	1986	-9.9	-9.6	-9.6	-0.8	3.6	5.9	8.5	7.5	5.1	-0.5	-7.1	-10.4
213	38357	Aktash (Kyrg) 	73.10	42.50	2150	1987	-9.0	-6.8	-4.1	-1.1	3.3	4.4	8.2	8.6	3.8	-4.2	-6.3	-6.4
213	38357	Aktash (Kyrg) 	73.10	42.50	2150	1988	-10.8	-11.0	-6.9	0.8	2.1	7.5	9.6	7.1	4.1	-2.3	-1.5	-6.9
213	38357	Aktash (Kyrg) 	73.10	42.50	2150	1989	-14.1	-16.2	-6.2	-3.7	2.1	4.6	8.4	7.2	3.0	0.6	-7.0	-6.4
213	38357	Aktash (Kyrg) 	73.10	42.50	2150	1990	-12.7	-11.0	-6.5	-0.7	5.2	8.3	8.0	8.4	5.7	-0.4	-999.0	-999.0
213	38466	Angren  (Kyrg)	70.80	41.60	2286	1962	-11.7	-8.7	-1.8	-0.1	3.7	7.4	11.8	11.1	5.2	0.5	-9.1	-9.0
213	38466	Angren  (Kyrg)	70.80	41.60	2286	1963	-8.2	-6.6	-5.5	1.7	5.1	9.2	10.0	9.6	6.2	2.5	-6.5	-7.6
213	38466	Angren  (Kyrg)	70.80	41.60	2286	1964	-15.9	-10.8	-5.2	-1.5	3.7	8.1	10.0	10.5	5.8	-1.2	-5.2	-10.1
213	38466	Angren  (Kyrg)	70.80	41.60	2286	1965	-10.1	-12.2	-7.9	-0.3	6.0	7.9	11.7	10.8	5.3	1.4	-4.4	-7.7
213	38466	Angren  (Kyrg)	70.80	41.60	2286	1966	-7.7	-7.1	-6.1	-1.2	3.6	9.8	10.4	10.6	6.8	-0.4	-5.6	-8.3
213	38466	Angren  (Kyrg)	70.80	41.60	2286	1967	-12.2	-11.4	-5.9	0.1	3.8	7.5	10.0	10.3	6.1	-0.4	-5.0	-7.6
213	38466	Angren  (Kyrg)	70.80	41.60	2286	1968	-11.3	-11.6	-5.4	-0.5	3.8	7.6	9.9	10.6	6.1	0.2	-999.0	-999.0
213	38466	Angren  (Kyrg)	70.80	41.60	2286	1969	-15.5	-999.0	-999.0	-999.0	-999.0	-999.0	-999.0	-999.0	-999.0	-999.0	-999.0	-999.0
213	38466	Angren  (Kyrg)	70.80	41.60	2286	1970	-11.7	-8.4	-8.6	1.6	4.9	7.5	9.1	11.1	6.4	-999.0	-4.2	-999.0
213	38466	Angren  (Kyrg)	70.80	41.60	2286	1971	-13.0	-11.4	-4.9	0.5	5.4	9.9	11.1	9.6	6.1	1.0	-3.6	-6.5
213	38466	Angren  (Kyrg)	70.80	41.60	2286	1972	-14.0	-16.4	-8.0	1.3	4.2	7.6	8.2	8.7	7.2	2.8	-999.0	-999.0
213	38466	Angren  (Kyrg)	70.80	41.60	2286	1973	-14.4	-9.4	-7.2	1.2	5.1	10.5	13.3	11.8	5.6	1.4	-2.3	-7.3
213	38466	Angren  (Kyrg)	70.80	41.60	2286	1974	-14.2	-13.5	-6.7	1.1	5.0	7.9	11.1	8.5	5.4	0.8	-5.5	-13.1
213	38466	Angren  (Kyrg)	70.80	41.60	2286	1975	-12.8	-12.1	-6.8	1.8	3.8	8.7	12.0	11.2	6.3	-0.1	-8.4	-10.3
213	38466	Angren  (Kyrg)	70.80	41.60	2286	1976	-6.5	-12.8	-8.3	-0.2	5.7	8.0	12.3	13.0	6.0	-0.4	-7.3	-10.8
213	38466	Angren  (Kyrg)	70.80	41.60	2286	1977	-15.0	-11.3	-4.6	2.5	5.3	9.8	11.4	10.6	7.3	0.6	-2.8	-10.3
213	38466	Angren  (Kyrg)	70.80	41.60	2286	1978	-12.3	-12.9	-8.1	0.8	5.2	8.6	12.2	9.5	8.4	1.4	-8.0	-6.0
213	38466	Angren  (Kyrg)	70.80	41.60	2286	1979	-10.2	-8.9	-8.2	0.8	2.8	8.0	11.9	10.6	7.1	4.6	-3.2	-6.8
213	38466	Angren  (Kyrg)	70.80	41.60	2286	1980	-12.1	-11.9	-8.0	1.5	5.6	8.2	12.6	10.7	6.6	0.8	-2.0	-6.1
213	38466	Angren  (Kyrg)	70.80	41.60	2286	1981	-10.8	-10.8	-3.3	-0.3	5.4	6.4	10.3	8.3	5.8	-1.3	-4.7	-9.2
213	38466	Angren  (Kyrg)	70.80	41.60	2286	1982	-11.2	-12.9	-7.3	0.3	5.0	8.6	11.1	10.6	4.9	0.4	-8.3	-8.8
213	38466	Angren  (Kyrg)	70.80	41.60	2286	1983	-11.1	-9.8	-7.8	1.6	-999.0	7.6	11.7	13.5	7.3	0.2	-3.5	-8.7
213	38466	Angren  (Kyrg)	70.80	41.60	2286	1984	-13.3	-16.0	-6.5	-1.0	4.3	9.6	13.4	14.7	5.1	0.0	-5.7	-15.3
213	38466	Angren  (Kyrg)	70.80	41.60	2286	1985	-10.5	-8.4	-9.0	1.4	4.6	8.8	12.6	-999.0	7.3	-999.0	-6.2	-8.5
213	38466	Angren  (Kyrg)	70.80	41.60	2286	1986	-10.7	-9.3	-9.6	-1.1	4.1	7.4	11.0	10.6	8.2	1.1	-6.0	-10.8
213	38466	Angren  (Kyrg)	70.80	41.60	2286	1987	-9.4	-9.4	-5.3	-2.8	2.8	6.6	9.3	11.8	6.5	-2.1	-4.4	-5.7
213	38466	Angren  (Kyrg)	70.80	41.60	2286	1988	-10.0	-10.0	-7.4	0.9	3.0	9.2	12.6	10.1	6.8	-0.9	-1.4	-7.0
213	38466	Angren  (Kyrg)	70.80	41.60	2286	1989	-13.4	-14.7	-6.4	-3.2	3.4	7.7	10.4	11.1	5.9	2.3	-7.1	-6.6
213	38466	Angren  (Kyrg)	70.80	41.60	2286	1990	-11.3	-10.3	-6.3	-1.1	6.2	11.0	10.5	11.5	8.7	-999.0	-999.0	-999.0
213	38623	Arpa	74.90	40.80	3000	1962	-33.2	-28.8	-14.0	-5.9	-2.1	-0.8	1.0	1.3	-3.7	-10.0	-24.4	-31.2
213	38623	Arpa	74.90	40.80	3000	1963	-35.1	-29.8	-21.6	-5.0	-1.6	-0.9	1.4	-0.7	-6.3	-7.7	-20.2	-26.3
213	38623	Arpa	74.90	40.80	3000	1964	-36.2	-28.2	-19.0	-5.0	-4.1	-1.7	1.2	0.4	-4.8	-15.8	-19.9	-27.6
213	38623	Arpa	74.90	40.80	3000	1965	-28.7	-31.1	-21.7	-5.4	-3.6	-1.1	2.5	-1.0	-4.3	-8.1	-24.5	-34.3
213	38623	Arpa	74.90	40.80	3000	1966	-999.0	-999.0	-999.0	-999.0	-999.0	-999.0	-999.0	-999.0	-999.0	-999.0	-999.0	-999.0
213	38623	Arpa	74.90	40.80	3000	1967	-999.0	-999.0	-999.0	-999.0	-999.0	-999.0	-999.0	-999.0	-999.0	-999.0	-999.0	-999.0
213	38623	Arpa	74.90	40.80	3000	1968	-999.0	-999.0	-999.0	-999.0	-999.0	-999.0	-999.0	-999.0	-999.0	-999.0	-999.0	-999.0
213	38623	Arpa	74.90	40.80	3000	1969	-999.0	-999.0	-999.0	-999.0	-999.0	-999.0	-999.0	-999.0	-999.0	-999.0	-999.0	-999.0
213	38623	Arpa	74.90	40.80	3000	1970	-33.8	-29.9	-25.9	-6.2	-3.6	-1.3	1.6	1.9	-5.3	15.5	-23.7	-999.0
213	38623	Arpa	74.90	40.80	3000	1971	-34.0	-27.8	-21.5	-5.2	1.2	1.1	1.3	0.8	-999.0	-999.0	-16.6	-25.3
213	38623	Arpa	74.90	40.80	3000	1972	-24.7	-32.6	-17.6	-9.3	-0.6	-0.2	0.4	1.6	-3.5	-16.2	-27.2	-30.5
213	38623	Arpa	74.90	40.80	3000	1973	-32.0	-28.5	-21.1	-6.6	-1.1	1.3	-0.3	-1.6	-4.8	-13.4	-18.0	-25.9
213	38623	Arpa	74.90	40.80	3000	1974	-26.1	-28.7	-21.5	-4.5	-1.8	-0.1	2.3	-1.2	-4.6	-7.6	-17.7	-29.8
213	38623	Arpa	74.90	40.80	3000	1975	-999.0	-29.8	-23.3	-4.3	-3.1	-999.0	0.8	1.5	-5.1	-12.2	-22.2	-26.3
213	38623	Arpa	74.90	40.80	3000	1976	-26.2	-28.5	-23.0	-7.5	-3.5	-1.5	1.1	-0.7	-2.2	-8.0	-24.5	-26.9
213	38623	Arpa	74.90	40.80	3000	1977	-25.3	-32.5	-18.7	-5.3	-1.4	0.4	-0.3	0.8	-3.0	-7.2	-22.9	-30.3
213	38623	Arpa	74.90	40.80	3000	1978	-35.8	-31.2	-24.7	-7.3	-1.3	0.3	2.0	-0.5	-5.7	-8.6	-20.2	-25.5
213	38623	Arpa	74.90	40.80	3000	1979	-31.4	-29.3	-21.7	-7.3	-3.3	-0.1	-0.6	1.7	-3.6	-8.5	-18.0	-21.7
213	38623	Arpa	74.90	40.80	3000	1980	-27.0	-25.9	-23.3	-6.7	-1.0	-0.8	1.0	1.2	-5.0	-8.6	-14.1	-21.4
213	38623	Arpa	74.90	40.80	3000	1981	-22.4	-22.3	-16.1	-4.5	0.9	0.6	2.3	0.2	-5.9	-10.0	-21.4	-31.8
213	38623	Arpa	74.90	40.80	3000	1982	-31.4	-31.8	-22.0	-8.7	-3.7	-1.4	0.6	0.0	-3.9	-12.3	-24.5	-33.3
213	38623	Arpa	74.90	40.80	3000	1983	-31.4	-32.2	-24.8	-8.4	-1.5	-1.5	0.2	1.5	-4.5	-11.2	-17.3	-25.5
213	38623	Arpa	74.90	40.80	3000	1984	-28.1	-27.3	-18.0	-6.6	-2.8	-0.9	1.3	1.6	-5.1	-13.9	-20.8	-32.7
213	38623	Arpa	74.90	40.80	3000	1985	-32.1	-27.5	-21.2	-7.6	-2.4	0.0	1.7	-999.0	-5.9	-999.0	-28.2	-27.6
213	38623	Arpa	74.90	40.80	3000	1986	-33.6	-30.8	-22.0	-11.0	-3.9	0.1	0.5	-0.5	-4.8	-10.1	-19.5	-26.6
213	38623	Arpa	74.90	40.80	3000	1987	-28.7	-26.8	-16.9	-8.6	-3.6	-0.3	1.4	0.7	-3.4	-15.8	-23.2	-25.1
213	38623	Arpa	74.90	40.80	3000	1988	-29.2	-28.4	-20.7	-12.5	-1.8	-0.2	3.0	0.7	-2.9	-11.2	-19.7	-26.7
213	38623	Arpa	74.90	40.80	3000	1989	-32.5	-30.0	-20.0	-9.8	-3.2	-0.8	1.9	0.1	-4.5	-10.2	-24.8	-26.6
213	38623	Arpa	74.90	40.80	3000	1990	-28.3	-27.0	-23.9	-11.8	-0.4	0.5	2.0	0.3	-2.4	-10.8	-18.3	-999.0
213	36969	Atbashi	75.80	41.20	2025	1961	-26.8	-26.6	-14.8	0.4	3.9	4.7	7.8	6.6	2.9	-5.5	-13.4	-20.0
213	36969	Atbashi	75.80	41.20	2025	1962	-26.1	-17.8	-5.2	0.3	4.6	5.7	7.8	6.8	2.4	-3.4	-13.6	-23.0
213	36969	Atbashi	75.80	41.20	2025	1963	-27.5	-19.6	-7.8	-999.0	5.1	6.4	7.6	5.3	0.4	-1.2	-999.0	-18.5
213	36969	Atbashi	75.80	41.20	2025	1964	-29.2	-20.8	-9.1	0.6	2.5	4.9	8.1	6.1	1.8	-7.4	-13.2	-19.6
213	36969	Atbashi	75.80	41.20	2025	1965	-19.4	-19.7	-7.2	0.0	4.1	5.0	7.9	5.9	1.8	-2.1	-8.7	-23.6
213	36969	Atbashi	75.80	41.20	2025	1966	-21.7	-20.8	-9.8	-0.8	2.2	6.5	7.2	7.1	3.4	-3.3	-13.2	-19.1
213	36969	Atbashi	75.80	41.20	2025	1967	-26.9	-22.6	-8.0	-0.5	3.7	6.9	6.6	5.0	1.4	-2.5	-9.6	-17.5
213	36969	Atbashi	75.80	41.20	2025	1968	-23.0	-20.9	-3.1	0.3	4.3	6.1	6.9	5.7	1.3	-4.1	-9.7	-18.9
213	36969	Atbashi	75.80	41.20	2025	1969	-22.9	-27.5	-9.1	-0.3	4.4	5.2	7.3	6.0	1.9	-2.1	-9.2	-14.9
213	36969	Atbashi	75.80	41.20	2025	1970	-26.7	-16.1	-10.2	1.4	2.9	5.3	7.8	7.4	2.3	-3.9	-8.8	-18.1
213	36969	Atbashi	75.80	41.20	2025	1971	-29.3	-21.2	-9.9	0.8	4.6	7.3	7.2	5.4	4.9	-3.9	-8.4	-16.1
213	36969	Atbashi	75.80	41.20	2025	1972	-22.2	-25.7	-10.6	-1.1	4.6	4.5	6.1	6.8	1.7	-3.9	-9.2	-17.3
213	36969	Atbashi	75.80	41.20	2025	1973	-22.9	-18.9	-10.1	0.9	3.2	7.0	7.5	6.3	1.7	-5.2	-9.5	-19.1
213	36969	Atbashi	75.80	41.20	2025	1974	-20.5	-21.1	-11.4	-999.0	4.8	6.1	8.4	5.4	2.3	-3.4	-9.7	-20.2
213	36969	Atbashi	75.80	41.20	2025	1975	-25.4	-21.4	-7.2	0.3	2.8	6.3	7.1	7.9	2.2	-4.7	-13.3	-21.2
213	36969	Atbashi	75.80	41.20	2025	1976	-19.6	-18.3	-8.6	0.6	4.2	6.5	8.1	6.5	3.2	-2.1	-13.6	-20.8
213	36969	Atbashi	75.80	41.20	2025	1977	-22.2	-25.8	-8.9	0.3	4.6	7.5	7.3	7.1	2.7	-0.2	-5.0	-16.6
213	36969	Atbashi	75.80	41.20	2025	1978	-25.4	-23.2	-7.6	1.4	5.3	7.6	8.8	6.8	1.4	-1.8	-9.5	-15.7
213	36969	Atbashi	75.80	41.20	2025	1979	-25.6	-21.4	-10.0	1.6	3.3	6.0	7.5	8.3	1.2	-1.9	-11.4	-14.9
213	36969	Atbashi	75.80	41.20	2025	1980	-20.5	-17.2	-10.0	0.9	4.8	5.9	7.9	7.5	1.9	-2.1	-5.8	-15.5
213	36969	Atbashi	75.80	41.20	2025	1981	-17.6	-15.5	-5.6	1.3	7.0	6.4	9.0	6.4	0.9	-1.9	-10.4	-18.2
213	36969	Atbashi	75.80	41.20	2025	1982	-22.6	-21.1	-7.1	-0.5	3.7	5.3	6.9	7.1	1.2	-4.5	-14.5	-26.8
213	36969	Atbashi	75.80	41.20	2025	1983	-23.8	-22.7	-9.7	0.1	4.1	6.1	7.6	8.0	2.5	-3.3	-8.3	-16.9
213	36969	Atbashi	75.80	41.20	2025	1984	-20.8	-21.1	-10.1	0.2	3.8	6.8	8.2	8.3	1.8	-5.9	-7.9	-27.3
213	36969	Atbashi	75.80	41.20	2025	1985	-24.9	-21.0	-12.9	0.0	4.1	6.4	7.8	-999.0	1.4	-2.1	-12.6	-17.6
213	36969	Atbashi	75.80	41.20	2025	1986	-23.0	-19.0	-8.6	-1.3	3.4	6.5	7.9	6.9	2.6	-1.5	-8.5	-19.5
213	36969	Atbashi	75.80	41.20	2025	1987	-22.6	-18.0	-4.5	0.5	3.3	5.7	7.7	6.4	2.2	-2.6	-10.2	-16.5
213	36969	Atbashi	75.80	41.20	2025	1988	-21.8	-21.8	-9.1	-0.7	4.1	6.6	8.8	6.6	3.2	-2.9	-7.5	-14.8
213	36969	Atbashi	75.80	41.20	2025	1989	-25.6	-21.1	-8.4	-1.5	3.7	-0.8	8.5	6.1	1.3	-3.1	-12.5	-14.5
213	36969	Atbashi	75.80	41.20	2025	1990	-21.4	-18.7	-13.4	-0.9	5.3	7.4	8.2	7.4	2.2	-2.4	-7.5	-999.0
213	38355	Baityk	74.50	42.70	1579	1961	-8.1	-11.0	-4.1	3.9	9.5	11.2	13.6	12.1	7.9	-0.6	-2.9	-5.7
213	38355	Baityk	74.50	42.70	1579	1962	-9.2	-4.6	1.7	1.9	7.3	10.1	13.6	12.9	7.2	1.8	-7.5	-7.1
213	38355	Baityk	74.50	42.70	1579	1963	-5.0	-3.1	-1.0	-999.0	7.1	11.8	12.9	11.4	6.9	4.0	-2.3	-6.2
213	38355	Baityk	74.50	42.70	1579	1964	-13.1	-8.0	-2.0	2.4	5.8	10.2	12.4	12.2	6.9	-0.4	-2.2	-9.2
213	38355	Baityk	74.50	42.70	1579	1965	-7.8	-9.2	-3.7	3.6	8.7	10.9	14.9	12.1	7.5	2.8	-0.4	-4.3
213	38355	Baityk	74.50	42.70	1579	1966	-5.3	-3.8	-2.7	1.4	4.8	12.8	13.2	13.6	8.8	1.0	-5.0	-7.4
213	38355	Baityk	74.50	42.70	1579	1967	-8.3	-9.1	-2.4	3.5	6.7	10.2	12.2	11.6	7.3	1.6	-3.1	-4.1
213	38355	Baityk	74.50	42.70	1579	1968	-7.5	-9.0	-1.7	0.5	7.0	10.5	12.5	12.7	6.7	1.0	-2.0	-8.5
213	38355	Baityk	74.50	42.70	1579	1969	-15.9	-15.3	-3.0	3.5	6.9	10.5	13.0	11.4	7.2	1.3	2.5	-3.0
213	38355	Baityk	74.50	42.70	1579	1970	-10.1	-5.9	-6.3	4.1	6.3	9.5	12.4	12.3	7.1	2.0	-3.3	-7.1
213	38355	Baityk	74.50	42.70	1579	1971	-11.2	-8.9	-2.0	2.4	5.6	11.9	12.5	11.4	7.9	3.2	0.1	-2.6
213	38355	Baityk	74.50	42.70	1579	1972	-13.9	-15.8	-6.2	2.0	6.9	10.0	10.7	10.2	7.1	2.4	-0.7	-9.5
213	38355	Baityk	74.50	42.70	1579	1973	-12.0	-7.5	-4.9	3.7	6.7	11.6	14.6	12.2	5.8	2.4	-0.9	-4.6
213	38355	Baityk	74.50	42.70	1579	1974	-12.3	-13.3	-4.9	3.8	7.8	10.9	14.7	10.7	7.3	2.4	-2.1	-11.2
213	38355	Baityk	74.50	42.70	1579	1975	-8.4	-9.7	-3.2	2.9	6.3	10.3	15.0	13.3	8.1	1.2	-5.2	-7.3
213	38355	Baityk	74.50	42.70	1579	1976	-5.1	-10.6	-5.8	3.0	7.5	10.1	13.9	13.3	6.8	0.6	-5.9	-8.6
213	38355	Baityk	74.50	42.70	1579	1977	-13.1	-7.8	-1.6	3.9	7.7	12.8	12.6	11.9	8.3	1.8	0.5	-7.6
213	38355	Baityk	74.50	42.70	1579	1978	-9.3	-10.3	-4.2	4.6	7.6	10.9	13.8	11.0	9.0	2.6	-5.7	-3.1
213	38355	Baityk	74.50	42.70	1579	1979	10.2	-5.5	-5.7	3.3	4.6	9.8	13.1	12.2	7.1	4.9	8.2	-2.9
213	38355	Baityk	74.50	42.70	1579	1980	-9.8	-10.1	-5.9	4.1	8.4	6.5	14.3	12.5	8.1	3.8	1.4	-2.1
213	38355	Baityk	74.50	42.70	1579	1981	-7.7	-8.6	-0.9	3.3	8.0	10.4	13.0	11.1	7.0	0.5	-2.8	-6.1
213	38355	Baityk	74.50	42.70	1579	1982	-7.4	-9.8	-4.6	3.8	8.1	11.0	12.2	12.4	6.9	2.4	-5.8	-6.4
213	38355	Baityk	74.50	42.70	1579	1983	-7.1	-4.7	-4.2	3.6	6.8	10.5	14.4	14.3	8.0	1.5	-1.6	-5.8
213	38355	Baityk	74.50	42.70	1579	1984	-11.2	-15.4	-2.8	1.2	7.0	11.9	14.7	14.3	7.0	1.8	-2.9	-15.3
213	38355	Baityk	74.50	42.70	1579	1985	-8.4	-5.4	-6.6	4.5	6.3	11.2	14.3	11.6	19.1	0.5	-4.4	-5.5
213	38355	Baityk	74.50	42.70	1579	1986	-6.4	-6.6	-6.6	1.6	7.1	9.7	13.0	11.9	8.9	2.0	-3.7	-7.3
213	38355	Baityk	74.50	42.70	1579	1987	-6.1	-6.6	-1.6	1.1	6.1	8.3	12.6	13.2	7.0	-2.3	-4.1	-2.0
213	38355	Baityk	74.50	42.70	1579	1988	-7.5	-8.9	-4.2	3.6	5.0	11.1	13.3	10.4	7.7	0.3	1.0	-4.1
213	38355	Baityk	74.50	42.70	1579	1989	-11.1	-12.6	-3.2	-1.6	5.8	9.0	12.8	12.1	6.8	3.4	-3.6	-3.2
213	38355	Baityk	74.50	42.70	1579	1990	-10.6	-8.2	-3.6	1.6	7.4	12.3	12.4	12.5	8.3	2.0	-999.0	-999.0
213	38353	Bishkek	74.50	42.85	823	1936	-12.6	-7.8	-4.7	5.1	10.0	14.6	16.6	13.4	11.5	9.0	-0.9	-8.6
213	38353	Bishkek	74.50	42.85	823	1937	-11.0	-6.2	-2.3	4.0	10.6	14.3	17.8	15.8	12.1	5.6	-9.0	-10.9
213	38353	Bishkek	74.50	42.85	823	1938	-7.8	-6.5	-2.5	7.9	13.8	14.3	17.7	16.4	10.6	4.3	-1.8	-8.6
213	38353	Bishkek	74.50	42.85	823	1939	-8.6	-5.7	-1.3	3.4	11.3	16.5	19.4	16.4	11.7	4.3	-0.2	-1.8
213	38353	Bishkek	74.50	42.85	823	1940	-9.1	-5.7	0.5	7.4	9.3	15.4	17.6	14.9	10.4	7.3	-1.1	-2.9
213	38353	Bishkek	74.50	42.85	823	1941	-6.9	-2.0	2.1	7.9	11.7	16.2	15.3	16.4	10.5	6.8	-0.4	-3.1
213	38353	Bishkek	74.50	42.85	823	1942	-5.6	-15.7	0.9	5.4	11.2	15.8	17.1	14.3	9.3	4.0	-0.9	-5.4
213	38353	Bishkek	74.50	42.85	823	1943	-7.7	-9.6	-1.7	5.0	10.7	13.6	17.6	16.1	9.4	2.6	-5.8	-7.8
213	38353	Bishkek	74.50	42.85	823	1944	-7.7	-1.7	3.6	6.2	11.4	15.7	18.9	15.0	9.3	4.2	-3.0	-17.1
213	38353	Bishkek	74.50	42.85	823	1945	-11.0	-15.5	-5.2	7.4	11.4	14.9	16.4	17.3	11.1	7.1	-3.7	-6.0
213	38353	Bishkek	74.50	42.85	823	1946	-6.9	-1.4	-1.0	7.9	12.4	13.8	16.9	15.0	11.0	6.8	-5.0	-12.3
213	38353	Bishkek	74.50	42.85	823	1947	-8.7	-7.3	4.0	7.3	10.8	12.8	15.5	16.0	10.2	4.3	1.9	-11.0
213	38353	Bishkek	74.50	42.85	823	1948	-4.2	-7.1	-0.6	4.7	9.8	13.5	17.6	14.7	9.4	4.0	-1.8	-9.8
213	38353	Bishkek	74.50	42.85	823	1949	-10.0	-4.3	-1.9	6.3	11.1	14.3	15.7	15.3	7.5	2.4	-4.2	-9.8
213	38353	Bishkek	74.50	42.85	823	1950	-8.0	-9.7	0.5	4.7	12.8	15.1	17.4	15.3	9.8	4.3	-7.2	-15.5
213	38353	Bishkek	74.50	42.85	823	1951	-11.7	-17.3	-5.1	6.0	12.5	12.9	15.8	15.1	11.2	6.2	-3.7	-1.8
213	38353	Bishkek	74.50	42.85	823	1952	-4.9	-2.9	0.0	6.5	9.6	13.6	16.7	16.0	9.9	3.1	-8.5	-10.7
213	38353	Bishkek	74.50	42.85	823	1953	-7.7	-2.3	-0.1	5.3	11.8	15.0	17.5	15.0	11.7	2.4	-5.1	-8.5
213	38353	Bishkek	74.50	42.85	823	1954	-10.3	-9.9	-4.6	7.3	9.4	13.0	16.0	16.1	10.5	4.8	-4.8	-14.8
213	38353	Bishkek	74.50	42.85	823	1955	-11.0	-5.2	-1.5	2.6	10.5	15.9	17.5	17.5	11.1	2.5	0.1	-4.8
213	38353	Bishkek	74.50	42.85	823	1956	-15.1	-6.7	-0.6	7.1	11.3	12.6	18.9	15.1	10.0	3.8	1.4	-8.6
213	38353	Bishkek	74.50	42.85	823	1957	-14.2	-12.9	0.2	2.7	8.9	15.2	16.3	15.2	11.0	3.8	-3.9	-6.2
213	38353	Bishkek	74.50	42.85	823	1958	-5.6	-3.0	2.0	5.7	8.1	13.1	16.9	14.5	10.0	3.2	-3.8	-5.0
213	38353	Bishkek	74.50	42.85	823	1959	-8.2	-6.7	-1.9	7.6	8.8	15.4	16.3	16.8	13.6	4.8	-2.5	-9.9
213	38353	Bishkek	74.50	42.85	823	1960	-5.8	-2.6	-4.6	4.2	8.7	14.9	16.6	15.7	10.6	4.1	-5.2	-8.5
213	38353	Bishkek	74.50	42.85	823	1961	-9.2	-6.7	-0.2	7.5	14.0	14.9	17.8	15.3	11.1	2.6	-1.1	-4.7
213	38353	Bishkek	74.50	42.85	823	1962	-8.0	-3.0	3.9	5.2	11.4	14.4	17.5	16.2	10.8	5.2	-6.0	-8.0
213	38353	Bishkek	74.50	42.85	823	1963	-4.2	-0.1	2.3	5.3	11.2	15.4	17.1	14.7	9.1	6.6	0.0	-3.9
213	38353	Bishkek	74.50	42.85	823	1964	-10.7	-8.0	0.7	6.7	9.5	14.1	16.6	15.7	10.3	2.4	0.0	-9.7
213	38353	Bishkek	74.50	42.85	823	1965	-8.1	-7.2	0.3	7.1	12.5	15.2	18.6	15.6	10.2	5.6	2.1	-4.0
213	38353	Bishkek	74.50	42.85	823	1966	-5.2	-2.4	1.0	4.8	8.4	17.2	17.0	17.1	12.0	3.9	-5.8	-7.6
213	38353	Bishkek	74.50	42.85	823	1967	-8.3	-7.8	0.5	7.1	11.4	13.7	16.4	14.5	9.6	4.5	-2.6	-1.9
213	38353	Bishkek	74.50	42.85	823	1968	-6.2	-8.1	2.1	3.6	11.0	14.8	16.7	14.6	8.9	3.6	-0.4	-9.4
213	38353	Bishkek	74.50	42.85	823	1969	-16.8	-18.8	-1.2	7.1	11.0	14.6	17.2	14.9	9.7	4.5	-0.5	-1.4
213	38353	Bishkek	74.50	42.85	823	1970	-9.3	-3.3	-2.0	8.0	9.9	13.9	16.2	16.0	10.2	4.2	-2.7	-6.4
213	38353	Bishkek	74.50	42.85	823	1971	-12.0	-7.2	-0.5	6.1	9.8	15.5	16.3	14.7	10.4	5.7	2.4	0.5
213	38353	Bishkek	74.50	42.85	823	1972	-12.7	-16.2	-3.6	5.4	11.3	15.0	15.4	14.2	10.2	4.0	1.0	-6.6
213	38353	Bishkek	74.50	42.85	823	1973	-10.6	-6.0	-0.5	7.9	10.5	16.0	17.7	15.7	9.1	4.4	0.7	-5.7
213	38353	Bishkek	74.50	42.85	823	1974	-12.2	-13.4	-2.0	7.3	11.6	16.0	19.5	14.2	11.1	4.1	0.8	-14.0
213	38353	Bishkek	74.50	42.85	823	1975	-8.1	-7.7	1.3	6.0	10.0	14.6	18.7	16.9	12.1	4.3	-4.4	-6.2
213	38353	Bishkek	74.50	42.85	823	1976	-2.8	-7.5	-1.3	6.4	11.5	15.3	18.8	15.6	10.4	3.7	-5.0	-9.4
213	38353	Bishkek	74.50	42.85	823	1977	-13.7	-7.7	0.9	6.5	11.2	17.2	17.4	16.7	11.3	4.8	2.2	-7.2
213	38353	Bishkek	74.50	42.85	823	1978	-9.6	-9.3	-0.6	8.7	11.5	15.3	17.9	14.3	11.5	4.8	-2.2	-1.4
213	38353	Bishkek	74.50	42.85	823	1979	-10.7	-3.0	-2.3	6.8	8.1	13.9	17.0	15.7	9.8	7.3	-2.6	-1.0
213	38353	Bishkek	74.50	42.85	823	1980	-8.7	-8.4	-2.3	7.8	12.0	15.0	17.1	16.1	10.5	5.8	4.2	-1.7
213	38353	Bishkek	74.50	42.85	823	1981	-5.4	-6.4	2.3	7.2	12.1	14.4	17.2	15.3	10.6	3.6	-1.8	-5.0
213	38353	Bishkek	74.50	42.85	823	1982	-5.9	-5.7	-0.8	6.6	12.3	15.3	17.0	16.3	10.0	5.2	-3.2	-7.0
213	38353	Bishkek	74.50	42.85	823	1983	-5.6	-2.6	0.1	6.6	10.2	14.8	17.9	17.4	11.1	4.2	0.4	-5.9
213	38353	Bishkek	74.50	42.85	823	1984	-11.1	-15.7	1.2	5.1	11.2	16.4	17.6	17.5	10.4	4.2	-0.2	-18.2
213	38353	Bishkek	74.50	42.85	823	1985	-8.6	-4.1	-3.8	6.8	10.1	15.4	18.5	16.0	10.0	4.2	-4.5	-3.3
213	38353	Bishkek	74.50	42.85	823	1986	-3.7	-4.1	-2.8	4.9	11.5	15.0	18.0	15.8	11.9	4.4	-1.6	-5.4
213	38353	Bishkek	74.50	42.85	823	1987	-3.4	-2.1	2.3	5.3	10.7	12.2	17.0	16.6	11.2	1.5	-3.1	-1.3
213	38353	Bishkek	74.50	42.85	823	1988	-6.4	-9.0	-0.7	7.7	9.4	15.5	17.9	14.9	11.9	3.8	2.5	-2.1
213	38353	Bishkek	74.50	42.85	823	1989	-9.8	-10.1	-2.9	2.7	10.2	14.1	17.2	15.2	10.8	6.5	-1.9	-0.6
213	38353	Bishkek	74.50	42.85	823	1990	-10.1	-6.3	0.7	5.9	11.4	16.8	17.9	16.6	11.4	5.1	0.9	-3.4
213	38353	Bishkek	74.50	42.85	823	1991	-8.9	-8.1	-1.7	7.1	10.4	15.3	18.7	15.3	11.3	5.6	-0.6	27.8
213	38353	Bishkek	74.50	42.85	823	1992	-999.0	-999.0	-999.0	-999.0	-999.0	-999.0	-999.0	-999.0	-999.0	-999.0	-999.0	-999.0
213	38353	Bishkek	74.50	42.85	823	1993	-999.0	-999.0	-999.0	-999.0	-999.0	-999.0	-999.0	-999.0	-999.0	-999.0	-999.0	-999.0
213	38353	Bishkek	74.50	42.85	823	1994	-999.0	-999.0	-999.0	-999.0	-999.0	-999.0	-999.0	-999.0	-999.0	-999.0	-999.0	-999.0
213	38353	Bishkek	74.50	42.85	823	1995	-999.0	-999.0	-999.0	-999.0	-999.0	-999.0	-999.0	-999.0	-999.0	-999.0	-999.0	-999.0
213	38353	Bishkek	74.50	42.85	823	1996	-999.0	-999.0	-999.0	-999.0	-999.0	-999.0	-999.0	-999.0	-999.0	-999.0	-999.0	-999.0
213	38353	Bishkek	74.50	42.85	823	1997	-999.0	-999.0	-999.0	-999.0	-999.0	-999.0	-999.0	-999.0	-999.0	-999.0	-999.0	-6.2
213	38353	Bishkek	74.50	42.85	823	1998	-7.4	-5.2	-1.7	5.5	8.6	14.7	18.5	17.8	11.8	-999.0	-999.0	-3.5
213	38353	Bishkek	74.50	42.85	823	1999	-7.6	-1.8	-2.7	4.5	9.7	13.9	16.3	17.4	11.3	5.5	1.5	-4.4
213	38353	Bishkek	74.50	42.85	823	2000	-4.9	-6.5	0.3	9.0	11.9	16.3	18.4	18.0	11.1	2.7	1.6	-2.8
213	38353	Bishkek	74.50	42.85	823	2001	-10.6	-5.3	1.8	4.8	13.2	16.3	16.8	15.8	9.6	3.6	1.0	-10.3
213	38353	Bishkek	74.50	42.85	823	2002	-5.7	-4.1	2.3	5.5	9.9	15.2	16.4	16.8	10.4	6.2	1.8	-10.1
213	38353	Bishkek	74.50	42.85	823	2003	-5.0	-5.0	-0.4	2.7	9.6	14.9	17.3	15.9	11.1	5.9	-0.6	-6.0
213	36994	Chatirkul	75.80	40.60	3540	1961	-28.1	-29.1	-22.7	-7.4	-3.8	-1.1	1.4	0.9	-1.9	-11.0	-18.0	-23.7
213	36994	Chatirkul	75.80	40.60	3540	1962	-26.2	-22.5	-14.3	-8.7	-5.0	-1.1	1.2	1.7	-2.7	-7.3	-19.8	-26.4
213	36994	Chatirkul	75.80	40.60	3540	1963	-28.9	-24.5	-19.8	-6.8	-3.3	-0.4	0.5	0.3	-3.7	-7.4	-17.8	-20.0
213	36994	Chatirkul	75.80	40.60	3540	1964	-30.2	-26.2	-19.1	-9.8	-5.7	-1.2	0.4	1.3	-2.2	-9.4	-16.5	-21.9
213	36994	Chatirkul	75.80	40.60	3540	1965	-26.3	-25.7	-19.6	-7.3	-2.9	-1.4	1.4	0.5	-3.2	-6.2	-17.5	-27.4
213	36994	Chatirkul	75.80	40.60	3540	1966	-999.0	-999.0	-999.0	-999.0	-999.0	-999.0	-999.0	-999.0	-999.0	-999.0	-999.0	-999.0
213	36994	Chatirkul	75.80	40.60	3540	1967	-999.0	-999.0	-999.0	-999.0	-999.0	-999.0	-999.0	-999.0	-999.0	-999.0	-999.0	-999.0
213	36994	Chatirkul	75.80	40.60	3540	1968	-30.4	-26.9	-19.0	-12.0	-4.2	-0.5	0.9	0.3	-4.4	-10.3	-20.5	-24.9
213	36994	Chatirkul	75.80	40.60	3540	1969	-25.2	-27.3	-16.2	-13.4	-4.4	-0.8	0.7	2.2	-3.2	-8.3	-16.8	-24.6
213	36994	Chatirkul	75.80	40.60	3540	1970	-30.7	-26.3	-22.8	-8.3	-4.4	-1.4	0.4	1.5	-2.5	-8.1	-14.4	-24.0
213	36994	Chatirkul	75.80	40.60	3540	1971	-28.9	-25.8	-18.9	-7.0	-3.5	0.4	1.2	0.2	-4.5	-8.4	-18.4	-27.6
213	36994	Chatirkul	75.80	40.60	3540	1972	-26.3	-27.8	-19.8	-10.7	-3.5	0.7	-0.2	0.8	-2.0	-9.4	-17.4	-23.9
213	36994	Chatirkul	75.80	40.60	3540	1973	-27.6	-21.8	-18.7	-7.8	-3.6	0.2	2.3	0.8	-3.2	-9.9	-15.5	-23.4
213	36994	Chatirkul	75.80	40.60	3540	1974	-25.3	-26.1	-19.7	-6.1	-3.3	-1.0	1.2	-1.0	-3.3	-12.6	-19.4	-27.1
213	36994	Chatirkul	75.80	40.60	3540	1975	-30.2	-999.0	-20.5	-9.3	-5.2	-0.8	0.8	2.4	-3.5	-9.0	-20.4	-23.8
213	36994	Chatirkul	75.80	40.60	3540	1976	-23.2	-24.1	-20.2	-10.0	-4.5	-1.3	1.2	0.8	-3.1	-8.3	-18.0	-23.0
213	36994	Chatirkul	75.80	40.60	3540	1977	-23.8	-26.7	-16.0	-7.1	-3.1	1.5	3.3	0.5	-1.8	-9.4	-23.5	-29.8
213	36994	Chatirkul	75.80	40.60	3540	1978	-32.1	-28.8	-23.4	-11.4	-2.2	1.9	3.1	1.8	-2.7	-8.1	-18.0	-22.6
213	36994	Chatirkul	75.80	40.60	3540	1979	-26.2	-23.8	-16.5	-8.8	-5.8	-1.5	1.5	1.9	-2.7	-6.3	-15.4	-19.8
213	36994	Chatirkul	75.80	40.60	3540	1980	-26.1	-21.7	-18.9	-8.1	-2.6	-1.0	1.7	0.7	-3.4	-6.6	-16.2	-22.7
213	36994	Chatirkul	75.80	40.60	3540	1981	-24.0	-23.9	-17.3	-13.0	-2.6	-1.7	1.2	-0.3	-4.0	-9.8	-18.9	-26.9
213	36994	Chatirkul	75.80	40.60	3540	1982	-28.9	-29.4	-19.6	-10.2	-4.3	-1.3	0.7	-1.4	-4.4	-8.2	-18.7	-999.0
213	36994	Chatirkul	75.80	40.60	3540	1983	-27.7	-27.3	-23.7	-10.2	-3.5	-2.3	1.2	2.6	-2.5	-9.0	-15.6	-24.4
213	36994	Chatirkul	75.80	40.60	3540	1984	-26.3	-25.0	-15.8	-9.4	-4.5	-0.2	2.3	4.1	-4.4	-11.3	-17.1	-25.1
213	36994	Chatirkul	75.80	40.60	3540	1985	-28.5	-23.7	-19.8	-9.3	-4.9	-0.5	2.6	0.9	-3.9	-999.0	-21.6	-23.5
213	36994	Chatirkul	75.80	40.60	3540	1986	-29.8	-26.7	-19.7	-13.3	-5.0	-1.1	1.4	1.3	-1.5	-7.4	-16.6	-23.3
213	36994	Chatirkul	75.80	40.60	3540	1987	-25.1	-23.1	-15.9	-9.9	-4.9	-2.2	-0.2	1.5	-3.0	-12.7	-20.0	-24.5
213	36994	Chatirkul	75.80	40.60	3540	1988	-27.6	-25.5	-21.6	-12.7	-4.3	-0.7	2.4	0.1	-2.3	-8.7	-16.4	-26.0
213	36994	Chatirkul	75.80	40.60	3540	1989	-30.8	-27.2	-20.4	-14.0	-5.9	-1.6	1.5	0.3	-3.5	-7.2	-18.5	-23.7
213	36994	Chatirkul	75.80	40.60	3540	1990	-26.9	-26.6	-24.8	-14.7	-2.9	0.8	0.8	0.6	-1.3	-9.7	-15.4	-999.0
213	38745	Daraut-Kurgan	72.18	39.55	2470	1961	-19.6	-19.0	-11.4	-1.1	4.1	4.9	8.2	6.3	3.5	-2.9	12.3	-19.1
213	38745	Daraut-Kurgan	72.18	39.55	2470	1962	-19.5	-15.8	-8.9	-0.1	2.4	5.1	7.5	7.8	3.0	-2.2	-11.3	-14.9
213	38745	Daraut-Kurgan	72.18	39.55	2470	1963	-20.2	-13.0	-9.7	-999.0	-999.0	6.4	8.2	6.8	2.0	-0.3	-10.9	-16.6
213	38745	Daraut-Kurgan	72.18	39.55	2470	1964	-22.6	-15.4	-7.6	-0.5	1.8	4.9	7.4	6.5	3.2	-4.8	-10.0	-16.0
213	38745	Daraut-Kurgan	72.18	39.55	2470	1965	-16.8	-19.7	-13.1	2.7	3.0	5.0	8.6	6.2	2.0	0.1	-7.2	-17.7
213	38745	Daraut-Kurgan	72.18	39.55	2470	1966	-14.2	-13.8	-6.9	-1.2	2.1	6.2	6.7	7.2	3.2	-1.9	-11.2	-14.6
213	38745	Daraut-Kurgan	72.18	39.55	2470	1967	-22.1	-15.6	-13.2	-2.0	2.6	6.1	8.0	6.3	2.8	-2.9	-7.4	-14.3
213	38745	Daraut-Kurgan	72.18	39.55	2470	1968	-20.3	-19.0	-4.5	0.0	2.6	6.0	8.0	7.4	1.9	-2.3	-7.6	-15.0
213	38745	Daraut-Kurgan	72.18	39.55	2470	1969	-14.8	-999.0	-2.1	-1.1	2.8	5.2	6.9	7.0	2.2	-0.1	-8.4	-11.2
213	38745	Daraut-Kurgan	72.18	39.55	2470	1970	-16.8	-12.3	-9.0	0.8	2.9	5.5	7.1	8.3	3.2	-2.0	-8.7	-11.8
213	38745	Daraut-Kurgan	72.18	39.55	2470	1971	-21.1	-13.5	-6.4	1.2	4.3	8.0	8.7	6.9	1.9	-3.5	-7.3	-11.7
213	38745	Daraut-Kurgan	72.18	39.55	2470	1972	-12.7	-20.5	-9.4	-3.3	2.9	5.2	5.9	7.0	2.8	-2.1	-7.2	-999.0
213	38745	Daraut-Kurgan	72.18	39.55	2470	1973	-18.0	-999.0	-999.0	-999.0	-999.0	7.3	10.1	7.8	3.6	-999.0	-999.0	-16.0
213	38745	Daraut-Kurgan	72.18	39.55	2470	1974	-16.2	-999.0	-999.0	-999.0	3.2	6.0	8.6	6.6	2.7	-2.7	-8.9	-16.7
213	38745	Daraut-Kurgan	72.18	39.55	2470	1975	-21.3	-15.9	-8.5	-999.0	-999.0	-999.0	-999.0	-999.0	3.2	-2.7	-13.6	-18.9
213	38745	Daraut-Kurgan	72.18	39.55	2470	1976	-19.4	-17.3	-13.3	-1.8	3.3	4.8	9.0	7.7	3.8	-1.0	-10.8	-13.1
213	38745	Daraut-Kurgan	72.18	39.55	2470	1977	-15.1	-20.6	-6.2	0.7	3.9	7.5	9.1	7.2	3.5	0.6	-5.1	-12.3
213	38745	Daraut-Kurgan	72.18	39.55	2470	1978	-17.9	-12.5	-8.4	0.4	4.0	6.0	10.1	7.7	2.2	-0.7	-11.2	-12.2
213	38745	Daraut-Kurgan	72.18	39.55	2470	1979	-17.6	-16.5	-10.2	2.3	2.1	5.1	9.1	8.4	3.0	-0.4	-10.8	-13.6
213	38745	Daraut-Kurgan	72.18	39.55	2470	1980	-18.6	-12.5	-8.5	0.8	4.5	6.0	9.2	8.2	3.4	-0.9	-5.5	-14.1
213	38745	Daraut-Kurgan	72.18	39.55	2470	1981	-15.3	-13.7	-10.3	-0.1	5.4	5.1	8.5	6.7	2.4	-1.9	-7.8	-15.3
213	38745	Daraut-Kurgan	72.18	39.55	2470	1982	-18.2	-17.8	-9.7	-2.1	4.1	5.7	7.2	7.3	1.9	-2.9	-9.9	-18.5
213	38745	Daraut-Kurgan	72.18	39.55	2470	1983	-18.7	-21.3	-14.9	-0.7	4.2	4.9	7.5	9.4	4.2	-2.8	-7.0	-13.3
213	38745	Daraut-Kurgan	72.18	39.55	2470	1984	-18.8	-16.8	-6.1	-0.3	3.1	7.6	9.5	9.3	2.1	-3.8	-4.7	-15.8
213	38745	Daraut-Kurgan	72.18	39.55	2470	1985	-16.9	-12.2	-7.2	-0.5	3.2	5.7	9.1	7.9	2.7	-0.2	-10.0	-15.9
213	38745	Daraut-Kurgan	72.18	39.55	2470	1986	-22.2	-17.6	-10.6	-3.1	1.9	5.5	8.6	7.6	3.4	-1.1	-7.1	-15.2
213	38745	Daraut-Kurgan	72.18	39.55	2470	1987	-13.8	-11.5	-2.8	-1.0	1.4	4.6	7.0	7.7	3.6	-1.8	-4.7	-11.4
213	38745	Daraut-Kurgan	72.18	39.55	2470	1988	-16.3	-17.1	-9.8	-2.7	2.6	6.1	8.9	6.8	3.1	-2.1	-6.1	-11.1
213	38745	Daraut-Kurgan	72.18	39.55	2470	1989	-19.9	-17.6	-7.9	-2.2	1.5	4.9	7.7	6.9	3.5	-1.2	-12.3	-15.1
213	38745	Daraut-Kurgan	72.18	39.55	2470	1990	-14.6	-17.1	-13.3	-2.5	4.4	6.9	7.9	7.7	3.1	-2.2	-999.0	-999.0
213	36963	Dolon	75.80	41.80	3040	1961	18.1	-18.3	-12.9	-3.8	0.5	1.4	4.4	3.8	0.9	-7.1	-12.8	-17.0
213	36963	Dolon	75.80	41.80	3040	1962	-18.9	-15.1	-7.6	-4.4	-1.0	1.4	3.7	4.1	-0.6	-4.6	-14.8	-15.9
213	36963	Dolon	75.80	41.80	3040	1963	-16.1	-13.7	-10.1	-999.0	0.3	2.2	2.9	2.3	-0.1	-3.2	-999.0	-13.1
213	36963	Dolon	75.80	41.80	3040	1964	-20.9	-16.5	-10.2	-4.5	-2.5	1.1	3.3	3.4	-0.6	-6.4	-11.0	-15.4
213	36963	Dolon	75.80	41.80	3040	1965	-15.2	-17.8	-11.9	-4.0	-0.6	1.0	4.2	3.0	-0.8	-3.7	-11.5	-16.5
213	36963	Dolon	75.80	41.80	3040	1966	-15.6	-14.8	-11.4	-5.9	-2.4	2.5	2.9	3.7	0.4	-6.2	-14.2	-15.8
213	36963	Dolon	75.80	41.80	3040	1967	-19.5	-16.7	-11.3	-4.4	-1.1	1.7	3.1	2.4	0.0	-6.1	-13.0	-13.7
213	36963	Dolon	75.80	41.80	3040	1968	-17.0	-17.9	-8.6	-5.5	-0.8	1.3	3.6	3.5	-0.2	-5.9	-11.8	-16.4
213	36963	Dolon	75.80	41.80	3040	1969	-19.5	-20.3	-8.1	-5.3	-0.7	0.9	3.3	3.2	-1.0	-4.1	-10.0	-13.8
213	36963	Dolon	75.80	41.80	3040	1970	-18.9	-15.3	-13.4	-3.5	-1.5	1.2	2.9	4.4	-0.2	-5.4	-10.5	-15.9
213	36963	Dolon	75.80	41.80	3040	1971	-19.9	-16.5	-9.7	-3.8	-0.5	2.4	4.0	2.6	-1.7	-5.6	-10.0	-13.0
213	36963	Dolon	75.80	41.80	3040	1972	-17.7	-21.3	-11.1	-6.0	-0.6	0.8	0.8	2.4	0.6	-6.0	-11.9	-16.4
213	36963	Dolon	75.80	41.80	3040	1973	-19.2	-15.8	-12.5	-3.0	-1.0	2.4	5.1	4.1	-0.2	-5.1	-9.0	-14.3
213	36963	Dolon	75.80	41.80	3040	1974	-19.2	-18.8	-11.9	-2.1	-0.1	1.4	3.7	1.6	-0.7	-5.2	-11.2	-18.8
213	36963	Dolon	75.80	41.80	3040	1975	-18.4	-17.0	-10.6	-4.4	-2.5	1.0	3.6	4.6	-0.1	-5.0	-14.3	-16.8
213	36963	Dolon	75.80	41.80	3040	1976	-14.9	-16.1	-11.7	-4.6	-0.6	1.0	4.0	3.8	-0.1	-4.9	-13.7	-17.3
213	36963	Dolon	75.80	41.80	3040	1977	-19.0	-17.8	-10.7	-4.3	-0.9	3.4	3.7	4.3	1.5	-4.4	-9.5	-16.6
213	36963	Dolon	75.80	41.80	3040	1978	-19.5	-18.0	-12.9	-2.9	0.3	2.8	5.6	4.5	0.4	-4.1	-12.8	-12.3
213	36963	Dolon	75.80	41.80	3040	1979	-17.8	-14.8	-999.0	-3.7	-2.6	1.4	4.5	4.1	-0.5	-2.1	-11.2	-13.4
213	36963	Dolon	75.80	41.80	3040	1980	-18.2	-15.8	-12.2	-3.1	0.8	1.8	5.0	4.1	0.5	-2.0	-7.3	-13.0
213	36963	Dolon	75.80	41.80	3040	1981	-16.0	-14.6	-8.3	-3.3	1.5	1.9	4.4	2.7	-0.6	-6.0	-12.1	-15.5
213	36963	Dolon	75.80	41.80	3040	1982	-16.0	-16.8	-9.9	-3.3	-0.3	1.1	2.8	3.3	-1.3	-5.0	-13.1	-16.5
213	36963	Dolon	75.80	41.80	3040	1983	-17.1	-16.4	-12.2	-4.2	-0.6	0.8	3.8	5.6	0.6	-4.6	-9.7	-15.3
213	36963	Dolon	75.80	41.80	3040	1984	-19.2	-19.8	-10.1	-4.9	-0.9	2.6	4.7	6.7	-0.7	-6.1	-11.3	-999.0
213	36963	Dolon	75.80	41.80	3040	1985	-17.1	-14.5	-12.9	-3.5	-1.2	1.8	5.2	-999.0	0.4	-4.7	-13.6	-15.2
213	36963	Dolon	75.80	41.80	3040	1986	-17.6	-15.7	-13.5	-6.2	0.9	-999.0	4.6	3.8	1.4	-4.0	-11.0	-15.6
213	36963	Dolon	75.80	41.80	3040	1987	-15.6	-13.9	-8.6	-4.7	-1.7	0.1	3.4	4.4	1.3	-7.1	-12.2	-12.1
213	36963	Dolon	75.80	41.80	3040	1988	-16.3	-17.3	-11.5	-4.0	-2.0	2.6	5.1	4.1	0.9	-5.9	-8.3	-12.9
213	36963	Dolon	75.80	41.80	3040	1989	-19.2	-18.3	-11.0	-8.1	-1.6	0.5	3.3	2.9	0.3	-3.9	-13.6	-12.9
213	36963	Dolon	75.80	41.80	3040	1990	-16.0	-15.8	-12.2	-5.2	0.3	3.8	3.6	3.9	2.0	-4.1	-999.0	-999.0
213	38487	Dzhergetal	73.10	41.57	1800	1961	-5.9	-7.0	-1.8	6.6	12.3	13.9	16.9	14.8	11.1	3.6	-2.2	-6.0
213	38487	Dzhergetal	73.10	41.57	1800	1962	-11.1	-3.6	4.5	6.3	9.7	12.8	17.8	15.6	9.5	4.4	-6.5	-8.6
213	38487	Dzhergetal	73.10	41.57	1800	1963	-8.0	-0.9	1.1	-999.0	10.5	14.1	15.7	14.4	10.4	7.2	-1.2	-4.9
213	38487	Dzhergetal	73.10	41.57	1800	1964	-13.3	-2.7	1.0	5.9	10.2	13.7	16.0	14.6	10.0	1.8	-1.0	-7.5
213	38487	Dzhergetal	73.10	41.57	1800	1965	-7.0	-8.3	-1.3	6.2	11.9	13.8	16.7	15.3	10.4	6.5	2.2	-3.5
213	38487	Dzhergetal	73.10	41.57	1800	1966	-2.8	0.2	0.7	6.2	9.1	14.7	15.8	16.1	11.2	3.7	-3.1	-2.9
213	38487	Dzhergetal	73.10	41.57	1800	1967	-7.9	-7.0	0.4	6.2	10.1	13.4	15.0	15.6	11.1	3.9	0.5	-2.2
213	38487	Dzhergetal	73.10	41.57	1800	1968	-5.8	-7.9	1.8	5.8	9.5	14.0	15.9	15.9	11.0	5.0	0.8	-5.6
213	38487	Dzhergetal	73.10	41.57	1800	1969	-14.0	-14.9	-0.2	6.6	10.1	13.5	14.9	14.2	10.0	5.3	-0.2	-0.9
213	38487	Dzhergetal	73.10	41.57	1800	1970	-8.7	-1.0	-0.8	7.6	10.1	12.9	15.7	15.5	9.4	4.2	0.7	-5.9
213	38487	Dzhergetal	73.10	41.57	1800	1971	-9.5	-6.6	1.2	6.3	11.2	15.1	16.6	14.4	10.0	4.2	2.0	-2.5
213	38487	Dzhergetal	73.10	41.57	1800	1972	-12.1	-16.7	-4.0	5.8	10.0	12.7	13.2	12.6	9.6	5.1	0.7	-7.2
213	38487	Dzhergetal	73.10	41.57	1800	1973	-12.4	-6.0	-1.0	7.6	11.1	15.7	16.9	14.9	8.7	4.6	0.3	-7.0
213	38487	Dzhergetal	73.10	41.57	1800	1974	-13.3	-11.2	-2.2	7.3	11.1	14.2	17.4	14.0	11.6	4.2	0.8	-8.3
213	38487	Dzhergetal	73.10	41.57	1800	1975	-10.3	-9.6	0.6	7.2	10.2	14.4	17.9	16.2	11.4	4.8	-5.0	-7.3
213	38487	Dzhergetal	73.10	41.57	1800	1976	-3.9	-7.3	-1.1	6.5	10.8	13.3	17.3	15.8	11.4	4.1	-4.1	-6.9
213	38487	Dzhergetal	73.10	41.57	1800	1977	-11.9	-6.6	3.3	8.7	11.3	15.1	16.4	15.3	10.5	6.2	2.3	-6.7
213	38487	Dzhergetal	73.10	41.57	1800	1978	-11.5	-10.7	-1.4	8.0	11.2	13.9	17.1	13.5	11.8	6.4	-3.1	-0.9
213	38487	Dzhergetal	73.10	41.57	1800	1979	-8.2	-4.1	-0.1	8.0	7.8	13.5	16.4	15.3	10.6	7.3	-0.7	-2.1
213	38487	Dzhergetal	73.10	41.57	1800	1980	-8.7	-8.0	-1.6	9.0	10.9	13.6	17.1	14.9	10.3	5.8	3.5	-1.3
213	38487	Dzhergetal	73.10	41.57	1800	1981	-3.9	-2.9	2.4	6.5	11.6	12.9	16.2	14.9	10.1	4.1	0.5	-2.3
213	38487	Dzhergetal	73.10	41.57	1800	1982	-6.2	-6.7	0.5	7.3	11.3	14.4	16.5	15.3	10.4	4.7	-4.5	-7.4
213	38487	Dzhergetal	73.10	41.57	1800	1983	-7.3	-3.1	0.2	7.1	10.5	13.3	16.7	17.0	10.7	4.0	1.7	-5.2
213	38487	Dzhergetal	73.10	41.57	1800	1984	-9.5	-12.6	-1.3	6.7	10.0	14.9	18.2	16.8	9.9	4.1	1.3	-14.9
213	38487	Dzhergetal	73.10	41.57	1800	1985	-4.0	-4.4	-2.9	7.3	10.5	14.0	16.3	14.5	10.6	5.0	-1.7	-3.3
213	38487	Dzhergetal	73.10	41.57	1800	1986	-4.2	-3.8	-1.9	5.9	9.5	11.9	16.5	14.9	11.5	-999.0	-999.0	-6.4
213	38487	Dzhergetal	73.10	41.57	1800	1987	-4.4	-2.7	3.5	5.2	9.8	12.4	14.9	16.5	10.7	2.2	0.4	-1.1
213	38487	Dzhergetal	73.10	41.57	1800	1988	-6.2	-4.7	0.9	7.9	9.0	14.7	16.9	14.4	11.4	4.0	3.1	-2.0
213	38487	Dzhergetal	73.10	41.57	1800	1989	-9.7	-9.9	0.5	3.9	8.8	13.5	16.3	15.9	11.2	6.4	-2.5	-0.5
213	38627	Gulcha	73.45	40.32	1561	1961	-11.6	-8.6	-3.8	3.8	7.8	8.0	11.2	9.3	5.8	-0.7	-5.5	-11.8
213	38627	Gulcha	73.45	40.32	1561	1962	-16.2	-7.4	0.2	4.8	6.8	8.0	11.1	10.5	5.1	1.1	-7.9	-13.5
213	38627	Gulcha	73.45	40.32	1561	1963	-14.1	-5.2	-1.4	-999.0	7.6	9.5	10.9	8.8	4.7	3.3	-3.4	-7.1
213	38627	Gulcha	73.45	40.32	1561	1964	-16.4	-10.2	-2.0	3.9	6.3	8.0	10.7	9.4	5.4	-2.9	-6.1	-10.3
213	38627	Gulcha	73.45	40.32	1561	1965	-8.4	-11.2	-3.7	3.8	7.1	8.7	11.1	9.1	5.6	2.5	-1.6	-8.5
213	38627	Gulcha	73.45	40.32	1561	1966	-8.3	-3.7	-0.6	3.9	5.9	9.0	10.6	10.4	6.3	-999.0	-7.8	-11.7
213	38627	Gulcha	73.45	40.32	1561	1967	-14.2	-7.9	-1.5	3.5	6.9	9.3	10.6	8.8	5.0	0.4	-3.0	-5.3
213	38627	Gulcha	73.45	40.32	1561	1968	-9.2	-8.7	0.0	3.7	6.8	9.3	10.3	10.4	5.7	1.3	-2.6	-8.5
213	38627	Gulcha	73.45	40.32	1561	1969	-14.8	-15.7	-1.3	3.6	7.7	8.9	10.5	10.3	6.1	3.1	-2.7	-4.9
213	38627	Gulcha	73.45	40.32	1561	1970	-12.1	-4.4	-3.0	5.9	7.2	8.5	10.8	11.6	6.3	2.0	-1.9	-7.4
213	38627	Gulcha	73.45	40.32	1561	1971	-13.4	-6.3	-0.7	5.0	7.6	10.8	12.0	10.2	5.7	0.2	-2.0	-6.7
213	38627	Gulcha	73.45	40.32	1561	1972	-12.3	-17.1	-4.2	2.7	7.8	9.2	9.3	10.0	6.0	1.5	-2.6	-7.2
213	38627	Gulcha	73.45	40.32	1561	1973	-12.1	-7.3	-1.8	5.4	7.3	10.6	13.2	10.8	3.6	0.3	-3.0	-9.4
213	38627	Gulcha	73.45	40.32	1561	1974	-14.3	-11.9	-4.1	5.6	7.6	9.0	12.1	10.3	6.9	1.0	-2.4	-13.0
213	38627	Gulcha	73.45	40.32	1561	1975	-14.3	-10.3	-1.0	4.9	6.5	9.0	11.6	11.0	6.7	0.5	-6.3	-9.6
213	38627	Gulcha	73.45	40.32	1561	1976	-8.0	-9.8	-3.2	4.4	7.5	9.3	12.3	10.1	6.4	1.8	-5.5	-8.2
213	38627	Gulcha	73.45	40.32	1561	1977	-999.0	-999.0	-999.0	5.3	8.7	9.9	11.5	10.9	6.4	-999.0	-0.5	-9.0
213	38627	Gulcha	73.45	40.32	1561	1978	-12.7	-11.3	-2.9	5.1	8.4	10.1	12.4	10.5	5.9	3.2	-3.6	-4.0
213	38627	Gulcha	73.45	40.32	1561	1979	-9.0	-5.6	-2.1	5.7	5.3	9.0	10.5	11.0	6.0	3.2	-3.6	-4.7
213	38627	Gulcha	73.45	40.32	1561	1980	-10.4	-7.5	-2.1	6.7	8.0	10.0	11.7	11.3	6.4	3.1	-0.1	-6.3
213	38627	Gulcha	73.45	40.32	1561	1981	-8.0	-5.7	0.4	4.7	10.0	9.1	11.7	10.8	5.4	1.6	-4.2	-8.0
213	38627	Gulcha	73.45	40.32	1561	1982	-9.2	-8.0	-0.6	4.7	7.7	10.3	10.9	10.7	5.1	1.8	-5.1	-9.8
213	38627	Gulcha	73.45	40.32	1561	1983	-9.3	-7.0	-2.1	4.6	8.3	8.6	11.3	12.1	7.7	0.7	-2.4	-8.2
213	38627	Gulcha	73.45	40.32	1561	1984	-11.7	-13.6	-2.5	3.9	7.1	10.7	12.9	13.1	6.4	0.6	-0.8	-15.8
213	38627	Gulcha	73.45	40.32	1561	1985	-12.1	-6.9	-3.1	6.7	6.9	9.7	12.6	12.1	6.1	2.9	-4.2	-6.0
213	38627	Gulcha	73.45	40.32	1561	1986	-8.9	-6.4	-3.2	3.7	6.3	10.0	12.6	11.8	7.9	3.0	-3.7	-8.4
213	38627	Gulcha	73.45	40.32	1561	1987	-6.4	-4.6	1.3	3.4	6.8	8.7	10.5	11.9	7.4	0.9	-1.6	-4.1
213	38627	Gulcha	73.45	40.32	1561	1988	-8.1	-6.2	-0.9	4.9	6.9	10.2	13.4	11.4	7.6	1.3	-0.6	-5.0
213	38627	Gulcha	73.45	40.32	1561	1989	-13.1	-11.2	-1.3	1.4	6.1	9.3	10.9	10.6	5.7	2.1	-5.0	-4.8
213	38627	Gulcha	73.45	40.32	1561	1990	-8.9	-5.6	-1.7	3.6	9.3	-999.0	12.1	12.2	6.9	1.6	-999.0	-999.0
213	38741	Haidarkan	71.30	39.97	2000	1961	-8.8	-12.4	-5.7	3.1	9.6	10.8	13.9	11.9	8.6	0.9	-3.5	-7.4
213	38741	Haidarkan	71.30	39.97	2000	1962	-10.3	-6.5	0.4	2.6	6.3	9.7	14.5	12.3	6.9	2.1	-8.1	-8.7
213	38741	Haidarkan	71.30	39.97	2000	1963	-7.0	-4.9	-2.5	-999.0	7.3	11.4	12.4	11.4	-999.0	-999.0	-999.0	-999.0
213	38741	Haidarkan	71.30	39.97	2000	1964	-999.0	-999.0	-999.0	-999.0	6.3	10.5	12.3	11.6	7.8	0.8	-2.7	-9.9
213	38741	Haidarkan	71.30	39.97	2000	1965	-8.3	-10.4	-5.3	2.8	8.0	10.1	13.5	12.0	7.4	4.3	-0.7	-5.2
213	38741	Haidarkan	71.30	39.97	2000	1966	-3.5	-4.6	-3.9	2.5	6.2	12.3	13.0	12.6	8.5	2.1	-4.8	-8.4
213	38741	Haidarkan	71.30	39.97	2000	1967	-11.3	-10.3	-3.5	2.6	6.1	10.4	12.5	11.6	8.2	1.8	-1.4	-4.9
213	38741	Haidarkan	71.30	39.97	2000	1968	-8.9	-10.1	-1.7	2.8	6.2	10.9	12.5	12.7	8.3	2.3	-1.5	-8.2
213	38741	Haidarkan	71.30	39.97	2000	1969	-13.9	-13.6	-1.7	2.7	6.8	10.5	11.9	11.8	7.3	3.7	-2.2	-3.0
213	38741	Haidarkan	71.30	39.97	2000	1970	-9.9	-5.5	-5.0	4.8	7.5	10.5	12.4	13.3	7.6	3.3	-0.5	-7.7
213	38741	Haidarkan	71.30	39.97	2000	1971	-12.2	-8.2	-2.2	3.4	8.1	11.5	13.0	11.9	7.7	2.8	-0.2	-3.7
213	38741	Haidarkan	71.30	39.97	2000	1972	-12.0	-15.8	-5.8	2.2	7.0	9.8	10.5	10.3	7.8	3.6	0.2	-9.0
213	38741	Haidarkan	71.30	39.97	2000	1973	-13.0	-6.7	-4.7	1.2	6.7	12.7	15.1	12.8	7.4	3.3	0.0	-5.7
213	38741	Haidarkan	71.30	39.97	2000	1974	-13.1	-12.0	-4.3	4.5	7.6	11.1	13.4	10.5	7.9	2.4	-1.8	-10.2
213	38741	Haidarkan	71.30	39.97	2000	1975	-11.7	-10.4	-4.2	4.0	6.4	11.1	13.9	13.2	8.3	2.8	-6.1	-8.2
213	38741	Haidarkan	71.30	39.97	2000	1976	-7.6	-11.9	-6.8	2.4	7.6	10.0	13.8	13.3	8.2	2.5	-5.4	-7.2
213	38741	Haidarkan	71.30	39.97	2000	1977	-12.8	-9.6	-0.6	5.4	8.4	12.4	13.3	12.3	8.6	3.4	0.5	-8.4
213	38741	Haidarkan	71.30	39.97	2000	1978	-12.9	-10.7	-5.6	4.3	7.7	10.5	13.8	12.0	9.3	3.7	-4.9	-3.4
213	38741	Haidarkan	71.30	39.97	2000	1979	-8.6	-7.5	-5.4	4.2	4.5	10.0	12.9	12.0	7.1	4.9	-3.2	-6.2
213	38741	Haidarkan	71.30	39.97	2000	1980	-12.3	-10.7	-6.3	3.9	6.5	10.3	13.0	11.2	8.2	4.1	0.7	-3.3
213	38741	Haidarkan	71.30	39.97	2000	1981	-7.1	-7.0	-1.3	3.3	8.2	8.7	11.8	9.4	5.9	-0.4	-3.3	-6.7
213	38741	Haidarkan	71.30	39.97	2000	1982	-10.4	-12.0	-5.1	2.7	7.6	9.9	11.9	10.9	5.6	1.3	-6.3	-9.2
213	38741	Haidarkan	71.30	39.97	2000	1983	-9.9	-9.0	-6.0	1.9	6.4	9.0	12.5	13.6	8.4	2.1	-0.5	-7.0
213	38741	Haidarkan	71.30	39.97	2000	1984	-12.5	-15.3	-4.1	2.3	6.3	11.8	14.6	14.5	6.7	1.6	-2.4	-14.8
213	38741	Haidarkan	71.30	39.97	2000	1985	-10.0	-6.5	-6.9	4.7	6.5	11.5	14.0	11.5	8.7	2.6	-2.4	-5.9
213	38741	Haidarkan	71.30	39.97	2000	1986	-8.7	-7.7	-6.4	2.4	7.1	10.1	13.3	12.4	9.3	4.1	-3.5	-8.3
213	38741	Haidarkan	71.30	39.97	2000	1987	-7.2	-6.3	-0.4	2.0	6.8	9.0	11.1	13.3	8.2	0.2	-0.8	-3.0
213	38741	Haidarkan	71.30	39.97	2000	1988	-8.1	-7.3	-3.4	4.2	5.9	11.6	14.4	11.7	8.7	2.3	1.8	-3.8
213	38741	Haidarkan	71.30	39.97	2000	1989	-12.0	-12.9	-3.0	0.3	5.1	10.5	12.9	12.5	8.0	4.9	-4.2	-4.6
213	38741	Haidarkan	71.30	39.97	2000	1990	-10.5	-9.3	-4.5	2.3	8.6	12.4	12.5	13.4	9.6	2.7	-999.0	-999.0
213	38722	Isfana	69.52	39.83	1300	1961	-4.9	-6.6	-0.7	5.8	11.0	11.6	14.6	12.3	8.9	1.4	-2.0	-4.1
213	38722	Isfana	69.52	39.83	1300	1962	-7.6	-2.1	3.0	5.0	8.4	10.7	14.5	12.6	6.5	3.3	-5.6	-6.0
213	38722	Isfana	69.52	39.83	1300	1963	-4.1	-1.3	0.5	-999.0	9.2	12.6	13.4	11.6	8.0	5.7	-0.6	-4.8
213	38722	Isfana	69.52	39.83	1300	1964	-12.6	-5.1	1.2	4.8	8.0	11.1	13.4	12.1	7.5	0.3	-1.5	-8.1
213	38722	Isfana	69.52	39.83	1300	1965	-5.9	-6.7	-1.7	5.1	9.5	11.6	14.4	12.1	7.7	5.7	1.8	-3.5
213	38722	Isfana	69.52	39.83	1300	1966	-2.1	0.0	0.4	5.1	7.5	12.9	13.7	13.3	8.5	2.9	-3.8	-3.1
213	38722	Isfana	69.52	39.83	1300	1967	-6.8	-5.9	-0.7	5.2	8.1	11.9	13.8	12.3	8.2	3.4	0.5	-2.2
213	38722	Isfana	69.52	39.83	1300	1968	-5.6	-6.3	1.0	4.5	8.1	12.5	13.9	13.7	9.1	4.2	0.9	-3.4
213	38722	Isfana	69.52	39.83	1300	1969	-11.1	-11.2	0.5	5.2	9.0	12.0	13.8	12.7	9.1	5.1	-0.3	0.0
213	38722	Isfana	69.52	39.83	1300	1970	-5.8	-2.0	1.3	7.0	9.3	10.8	14.5	14.5	8.7	4.8	1.0	-4.6
213	38722	Isfana	69.52	39.83	1300	1971	-8.6	-4.3	1.0	5.5	10.1	14.0	15.3	12.9	9.0	4.6	2.8	-1.0
213	38722	Isfana	69.52	39.83	1300	1972	-10.1	-13.3	-2.3	4.4	9.1	11.5	14.6	11.0	8.6	4.9	1.7	-999.0
213	38722	Isfana	69.52	39.83	1300	1973	-11.4	-3.2	-0.9	6.4	9.1	13.2	15.7	13.2	7.4	4.6	1.2	-4.8
213	38722	Isfana	69.52	39.83	1300	1974	-10.2	-9.7	-1.4	6.1	8.8	11.0	13.7	11.8	9.6	4.0	0.1	-7.1
213	38722	Isfana	69.52	39.83	1300	1975	-7.4	-7.3	-0.2	6.0	9.5	13.2	15.8	13.8	10.4	4.8	-2.9	-4.5
213	38722	Isfana	69.52	39.83	1300	1976	-3.2	-8.4	-2.3	5.6	10.2	11.7	15.4	14.2	10.4	4.6	-3.0	-5.5
213	38722	Isfana	69.52	39.83	1300	1977	-10.0	-4.4	3.3	7.9	11.4	14.5	14.1	13.2	9.6	6.4	3.4	-5.1
213	38722	Isfana	69.52	39.83	1300	1978	-8.2	-6.6	-1.0	6.7	9.9	12.5	14.4	12.0	10.5	6.5	-2.8	-0.1
213	38722	Isfana	69.52	39.83	1300	1979	-5.6	-3.1	-0.8	8.0	6.7	11.7	13.9	13.5	10.1	7.7	-1.7	-1.2
213	38722	Isfana	69.52	39.83	1300	1980	-6.8	-6.8	-1.2	8.4	10.8	12.8	14.9	13.0	10.0	5.6	3.9	-0.7
213	38722	Isfana	69.52	39.83	1300	1981	-2.9	-3.1	2.4	5.6	10.7	11.9	14.7	12.4	10.0	2.7	0.2	-2.0
213	38722	Isfana	69.52	39.83	1300	1982	-5.3	-6.4	-0.3	5.7	9.8	11.9	13.7	12.9	8.9	4.8	-2.8	-5.1
213	38722	Isfana	69.52	39.83	1300	1983	-4.8	-3.3	-1.2	5.8	9.6	13.0	15.7	15.0	10.0	4.2	2.5	-4.7
213	38722	Isfana	69.52	39.83	1300	1984	-9.5	-13.1	0.0	6.0	9.3	13.6	15.9	15.0	8.7	4.1	1.3	-11.8
213	38722	Isfana	69.52	39.83	1300	1985	-6.7	-2.7	-2.4	6.7	8.8	12.5	13.2	12.9	10.1	3.5	-0.6	-2.9
213	38722	Isfana	69.52	39.83	1300	1986	-4.2	-2.7	-3.4	4.8	10.3	12.6	14.5	13.2	10.7	6.6	-0.6	-4.6
213	38722	Isfana	69.52	39.83	1300	1987	-2.0	-2.4	3.2	4.9	9.1	11.4	13.1	14.1	9.3	1.6	0.4	-1.1
213	38722	Isfana	69.52	39.83	1300	1988	-5.2	-4.0	0.0	6.7	8.2	12.5	15.7	12.8	9.7	3.5	2.7	-2.0
213	38722	Isfana	69.52	39.83	1300	1989	-9.5	-10.9	-0.2	1.8	6.6	11.3	14.0	13.2	8.8	6.4	-1.6	-0.3
213	38722	Isfana	69.52	39.83	1300	1990	-6.5	-4.2	-0.3	5.5	10.7	13.9	14.2	14.4	9.8	4.3	-999.0	-999.0
213	36919	Kochkorka	75.70	42.20	1810	1961	-23.4	-19.2	-8.5	-0.5	4.0	5.7	7.6	5.0	2.8	-4.2	-10.5	-18.4
213	36919	Kochkorka	75.70	42.20	1810	1962	-19.1	-13.5	-5.9	-0.9	4.9	5.7	6.6	5.8	1.6	-4.2	-10.7	-16.1
213	36919	Kochkorka	75.70	42.20	1810	1963	-19.5	-12.2	-5.4	-999.0	4.8	6.6	7.3	5.0	0.6	-1.7	-7.8	-12.3
213	36919	Kochkorka	75.70	42.20	1810	1964	-18.6	-12.5	-5.7	0.5	2.0	5.8	8.5	5.4	1.0	-6.7	-11.1	-21.0
213	36919	Kochkorka	75.70	42.20	1810	1965	-21.2	-15.2	-7.2	0.3	4.2	6.0	7.8	5.2	1.6	-1.2	-6.2	-13.0
213	36919	Kochkorka	75.70	42.20	1810	1966	-14.6	-10.4	-4.9	0.4	1.8	6.8	10.7	7.7	2.4	-3.5	-12.9	-15.7
213	36919	Kochkorka	75.70	42.20	1810	1967	-21.2	-13.5	-6.8	-0.4	3.4	7.0	7.3	5.3	0.7	-3.2	-11.9	-15.0
213	36919	Kochkorka	75.70	42.20	1810	1968	-15.5	-16.0	-3.8	-0.8	5.2	6.7	6.5	5.0	0.2	-5.3	-9.2	-13.9
213	36919	Kochkorka	75.70	42.20	1810	1969	-17.5	-16.4	-2.4	0.1	4.2	5.5	8.3	4.8	1.4	-0.3	-8.4	13.2
213	36919	Kochkorka	75.70	42.20	1810	1970	-18.1	-11.6	-9.1	0.9	3.1	4.8	7.3	6.3	0.8	-4.4	-6.4	-12.8
213	36919	Kochkorka	75.70	42.20	1810	1971	-19.1	-13.0	-5.9	4.2	4.0	7.5	7.2	4.6	1.1	-3.7	-7.5	-9.6
213	36919	Kochkorka	75.70	42.20	1810	1972	-13.0	-16.3	-5.1	-1.6	4.9	1.5	5.7	1.6	1.8	-4.0	-8.4	-14.4
213	36919	Kochkorka	75.70	42.20	1810	1973	-16.2	-13.6	-8.0	1.9	3.8	7.4	7.5	5.7	1.0	-4.3	-8.6	-17.5
213	36919	Kochkorka	75.70	42.20	1810	1974	-17.5	-15.5	-6.6	2.2	5.0	5.7	8.3	5.0	1.1	-4.7	-8.4	-19.4
213	36919	Kochkorka	75.70	42.20	1810	1975	-18.4	-14.6	-5.3	-2.3	1.9	5.7	6.5	6.6	-999.0	-3.4	12.5	-17.5
213	36919	Kochkorka	75.70	42.20	1810	1976	-16.3	-12.0	-7.5	0.3	3.8	5.4	7.8	4.8	1.9	-0.8	-11.4	-17.9
213	36919	Kochkorka	75.70	42.20	1810	1977	-17.2	-14.8	-6.0	-1.0	3.7	7.9	7.0	7.0	2.4	-1.0	-6.0	-13.0
213	36919	Kochkorka	75.70	42.20	1810	1978	-18.9	-16.1	-6.4	2.2	5.8	7.2	8.2	4.4	0.6	-0.3	-8.6	-8.4
213	36919	Kochkorka	75.70	42.20	1810	1979	-16.8	-13.2	-7.6	1.6	3.1	6.3	7.8	7.8	1.0	-0.2	-11.2	-13.2
213	36919	Kochkorka	75.70	42.20	1810	1980	-17.0	-10.9	-5.7	1.5	5.9	6.5	7.9	6.9	2.4	-1.2	-3.1	-12.6
213	36919	Kochkorka	75.70	42.20	1810	1981	-14.5	-9.9	-3.4	2.0	6.8	7.1	9.0	6.3	1.3	-2.9	-9.6	-15.9
213	36919	Kochkorka	75.70	42.20	1810	1982	-15.9	-13.0	-6.0	-0.9	3.9	6.3	7.7	6.7	2.0	-3.1	-9.6	-18.2
213	36919	Kochkorka	75.70	42.20	1810	1983	-16.5	-13.8	-6.3	0.1	4.1	6.3	7.2	7.3	2.6	-3.4	-8.0	-15.1
213	36919	Kochkorka	75.70	42.20	1810	1984	-20.8	-17.6	-5.6	-0.2	4.8	6.8	7.9	6.9	1.7	-999.0	-6.3	-999.0
213	36919	Kochkorka	75.70	42.20	1810	1985	-15.6	-10.7	-7.2	0.2	4.4	6.3	9.0	-999.0	0.8	-999.0	-11.1	-14.9
213	36919	Kochkorka	75.70	42.20	1810	1986	-18.6	-13.5	-7.0	-0.6	3.7	6.3	8.6	6.9	2.3	-2.2	-6.6	-13.9
213	36919	Kochkorka	75.70	42.20	1810	1987	-13.3	-9.7	-2.4	0.9	3.9	5.1	8.7	6.8	3.3	-2.1	-8.1	-12.8
213	36919	Kochkorka	75.70	42.20	1810	1988	-15.1	-12.1	-4.9	0.6	3.7	7.0	9.1	7.5	3.5	-3.6	-6.3	-12.9
213	36919	Kochkorka	75.70	42.20	1810	1989	-19.0	-13.0	-8.3	-2.7	4.4	5.4	8.0	5.9	3.2	-1.5	-9.2	-12.1
213	36919	Kochkorka	75.70	42.20	1810	1990	-12.9	-11.6	-5.9	0.8	5.6	8.3	8.9	7.8	2.5	-999.0	-999.0	-999.0
213	36974	Naryn	76.00	41.40	2039	1913	-21.4	-21.5	-999.0	-1.9	4.7	7.3	9.1	7.5	3.8	0.7	-11.0	-18.6
213	36974	Naryn	76.00	41.40	2039	1914	-18.9	-16.5	-7.0	2.1	5.5	9.8	9.9	9.0	6.4	-999.0	-999.0	-999.0
213	36974	Naryn	76.00	41.40	2039	1915	-22.6	-21.5	-12.4	2.5	6.0	8.7	9.1	9.7	6.4	0.2	-6.6	-14.2
213	36974	Naryn	76.00	41.40	2039	1916	-999.0	-999.0	-999.0	-999.0	-999.0	7.5	9.9	11.9	6.1	-999.0	-16.9	-22.6
213	36974	Naryn	76.00	41.40	2039	1917	-24.0	-15.1	-999.0	-999.0	7.7	8.4	10.5	12.1	5.1	-1.7	-11.6	-23.8
213	36974	Naryn	76.00	41.40	2039	1918	-25.1	-18.7	-7.7	0.4	7.1	9.1	9.6	10.1	4.1	-0.2	-13.2	-25.6
213	36974	Naryn	76.00	41.40	2039	1919	-28.1	-22.0	-13.6	0.2	6.1	7.5	9.5	10.4	3.8	-0.8	-9.9	-17.0
213	36974	Naryn	76.00	41.40	2039	1920	-15.9	-19.7	-12.9	-0.6	3.1	7.2	8.5	7.4	4.0	-999.0	-999.0	-999.0
213	36974	Naryn	76.00	41.40	2039	1921	-999.0	-999.0	-999.0	-999.0	-999.0	-999.0	-999.0	8.5	3.3	-1.4	-8.4	-18.7
213	36974	Naryn	76.00	41.40	2039	1922	-21.6	-17.8	-11.6	1.0	-999.0	8.0	9.8	-999.0	-999.0	-999.0	-8.1	-13.7
213	36974	Naryn	76.00	41.40	2039	1923	-999.0	-999.0	-7.3	0.7	4.4	-999.0	-999.0	13.5	-999.0	-999.0	-999.0	-19.2
213	36974	Naryn	76.00	41.40	2039	1924	-999.0	-999.0	-999.0	-999.0	-999.0	-999.0	-999.0	-999.0	-999.0	-999.0	-999.0	-999.0
213	36974	Naryn	76.00	41.40	2039	1925	-999.0	-999.0	-999.0	-999.0	-999.0	-999.0	-999.0	-999.0	4.3	0.8	-10.1	-19.3
213	36974	Naryn	76.00	41.40	2039	1926	-21.4	-17.0	-7.0	0.6	5.7	7.5	8.5	9.8	5.5	-2.1	-13.5	-16.5
213	36974	Naryn	76.00	41.40	2039	1927	-20.7	-17.6	-8.9	0.9	5.0	7.2	10.2	9.0	4.3	1.9	-8.0	-19.1
213	36974	Naryn	76.00	41.40	2039	1928	-26.6	-18.2	-13.4	0.4	5.4	8.5	9.2	7.9	2.8	-2.0	-6.9	-16.5
213	36974	Naryn	76.00	41.40	2039	1929	-25.7	-22.3	-8.6	2.6	3.3	6.0	9.8	8.3	-999.0	-999.0	-999.0	-999.0
213	36974	Naryn	76.00	41.40	2039	1930	-999.0	-999.0	-999.0	-999.0	-999.0	-999.0	-999.0	-999.0	-999.0	-999.0	-999.0	-999.0
213	36974	Naryn	76.00	41.40	2039	1931	-21.7	-23.8	-10.6	2.1	5.0	6.8	8.9	9.2	5.8	0.1	-9.8	-18.3
213	36974	Naryn	76.00	41.40	2039	1932	-20.8	-23.0	-7.2	2.5	4.8	7.8	11.2	8.0	5.3	-1.9	-9.3	-20.3
213	36974	Naryn	76.00	41.40	2039	1933	-26.6	-19.7	-11.8	1.3	6.6	8.6	10.3	11.0	4.9	-0.5	-7.6	-999.0
213	36974	Naryn	76.00	41.40	2039	1934	-999.0	-999.0	-999.0	-999.0	-999.0	-999.0	-999.0	-999.0	-999.0	-999.0	-12.5	-14.4
213	36974	Naryn	76.00	41.40	2039	1935	-25.8	-20.3	-8.1	-1.3	4.0	7.6	9.3	9.4	3.4	-0.8	-9.7	-25.2
213	36974	Naryn	76.00	41.40	2039	1936	-999.0	-19.9	-999.0	-0.6	5.5	7.3	9.1	7.1	5.2	0.7	-8.9	-17.7
213	36974	Naryn	76.00	41.40	2039	1937	-23.2	-16.4	-10.7	-0.8	5.2	7.0	8.9	8.6	5.3	-1.3	-14.5	-18.2
213	36974	Naryn	76.00	41.40	2039	1938	-21.0	-17.7	-13.3	2.0	7.4	7.1	11.1	9.0	5.0	-999.0	-8.3	-15.2
213	36974	Naryn	76.00	41.40	2039	1939	-21.9	-20.4	-12.9	-1.5	5.5	7.3	10.7	9.9	6.1	0.2	-7.7	-12.8
213	36974	Naryn	76.00	41.40	2039	1940	-15.5	-13.4	-5.2	1.3	4.8	8.8	9.7	8.4	4.3	2.8	-8.9	-13.9
213	36974	Naryn	76.00	41.40	2039	1941	-19.4	-13.8	-5.5	2.9	7.1	8.6	9.3	9.9	4.3	2.7	-8.4	-17.6
213	36974	Naryn	76.00	41.40	2039	1942	-21.4	-19.6	-9.0	1.7	6.0	8.9	10.3	9.3	5.1	0.0	-4.9	-14.0
213	36974	Naryn	76.00	41.40	2039	1943	-15.3	-13.0	-6.6	-2.2	4.9	6.5	10.7	9.8	5.3	-2.2	-10.3	-18.2
213	36974	Naryn	76.00	41.40	2039	1944	-25.4	-21.0	-8.9	1.3	6.0	7.2	10.7	9.8	4.2	-0.4	-10.9	-22.1
213	36974	Naryn	76.00	41.40	2039	1945	-23.7	-22.5	-14.6	-1.1	5.5	7.7	9.1	9.0	5.9	0.1	-6.4	-19.4
213	36974	Naryn	76.00	41.40	2039	1946	-18.2	-16.3	-8.6	2.7	5.6	6.7	9.0	8.7	4.0	1.0	-11.2	-18.3
213	36974	Naryn	76.00	41.40	2039	1947	-20.7	-16.1	-3.2	1.6	6.4	7.3	9.4	9.8	5.5	-0.4	-5.9	-18.1
213	36974	Naryn	76.00	41.40	2039	1948	-21.3	-18.0	-8.2	1.2	4.7	6.9	10.0	9.5	4.5	-1.3	-10.0	-17.5
213	36974	Naryn	76.00	41.40	2039	1949	-19.2	-16.2	-6.4	1.4	6.0	8.0	9.1	9.0	3.2	-1.7	-10.7	-19.4
213	36974	Naryn	76.00	41.40	2039	1950	-19.5	-21.6	-5.5	-0.5	6.3	7.6	10.5	10.3	5.3	-0.6	-13.9	-25.1
213	36974	Naryn	76.00	41.40	2039	1951	-20.2	-19.5	-10.7	0.2	5.7	7.0	8.5	8.8	6.0	2.3	-9.5	-16.7
213	36974	Naryn	76.00	41.40	2039	1952	-22.2	-17.0	-9.6	1.0	4.6	7.8	10.2	9.9	4.5	-0.8	-6.8	-21.4
213	36974	Naryn	76.00	41.40	2039	1953	-24.7	-17.5	-8.3	-1.0	6.8	8.8	10.6	8.1	6.6	-3.0	-11.7	-19.2
213	36974	Naryn	76.00	41.40	2039	1954	-22.3	-19.1	-10.2	2.8	3.8	7.2	8.9	8.6	4.9	-0.1	-8.2	-22.7
213	36974	Naryn	76.00	41.40	2039	1955	-23.4	-17.6	-6.9	-1.9	4.9	8.5	8.8	10.7	4.9	-0.4	-9.9	-13.7
213	36974	Naryn	76.00	41.40	2039	1956	-25.2	-17.4	-10.2	-0.2	6.5	6.6	12.4	9.1	5.9	-0.7	-6.7	-18.4
213	36974	Naryn	76.00	41.40	2039	1957	-20.5	-23.2	-8.4	-0.6	3.7	8.1	9.2	8.5	4.8	-0.2	-8.0	-15.4
213	36974	Naryn	76.00	41.40	2039	1958	-19.8	-17.7	-5.2	2.7	3.7	7.6	10.6	8.6	6.9	-1.0	-10.1	-13.2
213	36974	Naryn	76.00	41.40	2039	1959	-22.0	-20.1	-10.2	1.8	4.2	8.1	9.6	10.3	8.1	1.2	-6.6	-15.5
213	36974	Naryn	76.00	41.40	2039	1960	-23.6	-14.9	-8.1	-1.1	4.9	7.8	9.6	9.7	5.4	0.5	-9.8	-22.6
213	36974	Naryn	76.00	41.40	2039	1961	-23.8	-20.8	-9.9	2.5	7.1	8.3	11.3	10.5	7.9	-1.3	-8.6	-17.0
213	36974	Naryn	76.00	41.40	2039	1962	-23.2	-15.9	-2.7	2.7	5.9	7.9	10.2	10.2	5.1	0.1	-11.1	-20.8
213	36974	Naryn	76.00	41.40	2039	1963	-24.1	-18.6	-6.9	3.2	7.0	9.1	9.7	8.8	5.2	2.1	-7.5	-16.9
213	36974	Naryn	76.00	41.40	2039	1964	-25.6	-17.1	-6.7	1.8	4.5	7.4	9.7	9.1	5.4	-2.6	-9.0	-16.4
213	36974	Naryn	76.00	41.40	2039	1965	-16.6	-18.1	-7.3	2.1	6.5	7.7	10.3	9.6	5.4	1.7	-6.5	-17.9
213	36974	Naryn	76.00	41.40	2039	1966	-16.0	-17.5	-7.9	0.7	4.1	9.3	10.1	10.1	6.6	-0.3	-10.0	-17.1
213	36974	Naryn	76.00	41.40	2039	1967	-25.1	-18.9	-6.6	2.5	5.8	8.9	9.9	9.6	5.8	-0.1	-7.6	-15.0
213	36974	Naryn	76.00	41.40	2039	1968	-19.2	-16.9	-2.7	1.9	5.8	8.3	10.2	10.4	6.2	0.1	-7.4	-18.1
213	36974	Naryn	76.00	41.40	2039	1969	-21.3	-24.3	-5.6	0.4	6.1	7.4	9.6	9.4	5.0	0.9	-6.0	-12.8
213	36974	Naryn	76.00	41.40	2039	1970	-21.7	-12.3	-7.2	2.8	5.6	8.2	10.0	11.0	7.0	0.0	-6.4	-15.8
213	36974	Naryn	76.00	41.40	2039	1971	-26.1	-17.6	-7.1	3.8	6.3	9.7	11.1	10.0	5.4	1.2	-5.4	-12.2
213	36974	Naryn	76.00	41.40	2039	1972	-18.4	-20.8	-7.7	1.2	6.7	8.0	8.5	9.5	6.3	0.2	-7.4	-16.1
213	36974	Naryn	76.00	41.40	2039	1973	-20.4	-16.2	-8.9	2.9	5.8	9.2	11.5	10.9	6.2	-0.5	-5.6	-15.7
213	36974	Naryn	76.00	41.40	2039	1974	-18.4	-16.5	-6.5	4.6	7.2	8.6	10.8	8.7	5.9	0.6	-6.6	-19.6
213	36974	Naryn	76.00	41.40	2039	1975	-22.5	-17.3	-4.8	2.7	4.9	8.6	11.0	12.0	6.8	0.2	-11.1	-16.7
213	36974	Naryn	76.00	41.40	2039	1976	-15.6	-14.6	-5.7	2.8	6.6	8.3	11.9	11.0	6.8	0.5	-10.9	-17.8
213	36974	Naryn	76.00	41.40	2039	1977	-19.3	-21.2	-5.3	2.9	6.3	10.6	11.5	11.7	7.4	2.1	-3.1	-14.7
213	36974	Naryn	76.00	41.40	2039	1978	-22.6	-20.1	-7.5	3.7	7.1	9.3	12.6	11.4	6.6	1.9	-7.8	-13.6
213	36974	Naryn	76.00	41.40	2039	1979	-22.6	-18.0	-8.4	3.2	4.5	8.4	11.4	11.5	5.9	3.2	-7.4	-12.0
213	36974	Naryn	76.00	41.40	2039	1980	-16.6	-12.7	-5.9	3.5	7.1	8.7	11.3	11.5	6.8	2.5	-2.8	-12.9
213	36974	Naryn	76.00	41.40	2039	1981	-14.8	-12.6	-3.6	3.3	8.5	8.2	11.1	9.1	5.6	0.6	-7.9	-16.6
213	36974	Naryn	76.00	41.40	2039	1982	-18.4	-16.0	-4.1	2.7	6.7	8.5	10.4	10.1	5.1	-0.4	-11.7	-22.9
213	36974	Naryn	76.00	41.40	2039	1983	-20.4	-17.5	-7.2	1.8	5.7	7.4	10.0	12.3	6.3	0.7	-5.7	-13.5
213	36974	Naryn	76.00	41.40	2039	1984	-17.8	-18.7	-7.5	-999.0	6.2	9.7	11.7	13.3	5.6	-1.2	-6.5	-24.5
213	36974	Naryn	76.00	41.40	2039	1985	-22.8	-18.9	-10.4	2.8	5.7	8.7	11.8	11.0	6.7	1.2	-11.3	-16.0
213	36974	Naryn	76.00	41.40	2039	1986	-20.6	-15.6	-7.0	1.0	5.8	8.3	11.1	10.1	7.4	1.4	-6.0	-17.9
213	36974	Naryn	76.00	41.40	2039	1987	-19.6	-14.9	-2.9	1.8	5.2	7.0	9.8	10.2	6.3	-0.6	-10.8	-15.0
213	36974	Naryn	76.00	41.40	2039	1988	-19.6	-18.6	-6.8	2.5	5.1	8.9	11.8	10.1	6.7	0.2	-4.3	-13.2
213	36974	Naryn	76.00	41.40	2039	1989	-20.5	-16.5	-5.5	-0.6	5.4	7.5	10.7	9.4	6.0	1.4	-10.6	-12.8
213	36974	Naryn	76.00	41.40	2039	1990	-18.6	-15.3	-8.5	0.9	7.3	10.4	10.9	10.9	7.8	1.3	-4.4	-13.0
213	36974	Naryn	76.00	41.40	2039	1991	-18.2	-18.2	-6.9	2.6	6.2	9.1	10.4	9.3	6.7	0.3	-6.6	-14.4
213	36974	Naryn	76.00	41.40	2039	1992	-999.0	-999.0	-999.0	-999.0	-999.0	-999.0	-999.0	-999.0	-999.0	-999.0	-999.0	-999.0
213	36974	Naryn	76.00	41.40	2039	1993	-999.0	-999.0	-999.0	-999.0	-999.0	-999.0	-999.0	-999.0	-999.0	-999.0	-999.0	-999.0
213	36974	Naryn	76.00	41.40	2039	1994	-23.6	-20.0	-7.1	-1.1	5.2	9.8	11.7	11.7	5.0	0.9	-2.8	-15.0
213	36974	Naryn	76.00	41.40	2039	1995	-23.4	-20.6	-8.3	1.0	5.0	8.8	10.8	9.9	7.1	-1.1	-6.7	-15.8
213	36974	Naryn	76.00	41.40	2039	1996	-19.6	-17.5	-5.8	-0.2	4.1	7.9	9.1	9.8	6.1	0.2	-8.0	-13.5
213	36974	Naryn	76.00	41.40	2039	1997	-15.3	-15.9	-3.7	5.0	5.3	8.6	11.5	10.1	7.4	2.6	-7.1	-15.5
213	36974	Naryn	76.00	41.40	2039	1998	-17.9	-15.2	-6.9	3.8	5.4	9.0	10.6	10.0	7.6	-999.0	-999.0	-15.1
213	36974	Naryn	76.00	41.40	2039	1999	-22.7	-14.3	-7.6	-0.5	5.1	7.2	9.6	9.6	6.7	1.4	-6.7	-14.2
213	36974	Naryn	76.00	41.40	2039	2000	-17.3	-17.7	-5.5	2.2	7.0	7.6	10.3	9.6	6.4	-0.4	-6.9	-15.3
213	36974	Naryn	76.00	41.40	2039	2001	-19.0	-14.6	-3.7	2.2	7.6	10.8	10.6	10.5	5.1	1.2	-3.4	-17.8
213	36974	Naryn	76.00	41.40	2039	2002	-21.3	-15.3	-3.9	3.1	4.8	9.5	9.5	11.4	6.4	3.1	-3.6	-14.3
213	36974	Naryn	76.00	41.40	2039	2003	-18.3	-17.1	-11.1	-0.4	4.7	7.9	10.1	9.6	5.7	0.2	-7.2	-18.8
213	36948	Przhevalsk	78.40	42.40	1716	1961	-11.1	-10.3	-4.4	2.4	6.6	8.7	11.1	9.3	6.3	-0.9	-5.5	-10.2
213	36948	Przhevalsk	78.40	42.40	1716	1962	-11.6	-7.9	-1.1	1.5	6.7	7.9	10.6	10.3	6.0	0.7	-6.5	-10.1
213	36948	Przhevalsk	78.40	42.40	1716	1963	-10.8	-8.1	-2.5	-999.0	6.2	8.6	10.1	8.6	5.6	1.9	-3.8	-6.3
213	36948	Przhevalsk	78.40	42.40	1716	1964	-12.3	-9.0	-2.9	2.0	4.4	8.0	10.0	9.2	5.4	-0.8	-5.2	-9.1
213	36948	Przhevalsk	78.40	42.40	1716	1965	-8.7	-9.5	-4.4	2.5	6.1	8.3	10.4	9.5	5.1	1.5	-3.3	-8.3
213	36948	Przhevalsk	78.40	42.40	1716	1966	-9.5	-7.0	-3.0	0.7	3.3	10.0	9.9	11.0	6.5	0.2	-6.9	-9.1
213	36948	Przhevalsk	78.40	42.40	1716	1967	-13.2	-11.5	-3.9	2.0	5.8	9.1	9.7	8.6	5.6	0.5	-5.7	-6.5
213	36948	Przhevalsk	78.40	42.40	1716	1968	-9.4	-9.7	-1.9	0.0	6.7	9.3	10.3	9.3	4.7	0.4	-3.9	-7.5
213	36948	Przhevalsk	78.40	42.40	1716	1969	-12.5	-13.5	-2.5	1.8	6.1	7.7	10.1	9.2	4.5	1.3	-4.1	-6.3
213	36948	Przhevalsk	78.40	42.40	1716	1970	-11.9	-9.5	-6.3	2.2	5.3	7.6	9.5	9.4	6.1	0.5	-2.7	-7.4
213	36948	Przhevalsk	78.40	42.40	1716	1971	-11.8	-8.5	-3.9	1.6	5.2	9.4	10.0	9.1	4.6	1.0	-2.9	-4.9
213	36948	Przhevalsk	78.40	42.40	1716	1972	-10.4	-12.2	-3.9	0.2	6.8	8.8	8.4	8.9	5.3	0.1	-3.2	-8.9
213	36948	Przhevalsk	78.40	42.40	1716	1973	-11.9	-10.2	-5.4	3.1	5.7	9.0	11.4	9.8	5.2	-0.2	-2.8	-7.7
213	36948	Przhevalsk	78.40	42.40	1716	1974	-11.8	-10.6	-5.0	3.7	6.6	8.5	11.0	8.2	5.0	-0.1	-4.9	-13.2
213	36948	Przhevalsk	78.40	42.40	1716	1975	-12.7	-10.7	-2.8	1.1	4.0	8.0	9.6	9.7	5.7	0.5	-6.7	-11.0
213	36948	Przhevalsk	78.40	42.40	1716	1976	-9.0	-8.6	-4.2	1.9	6.3	8.4	10.5	9.0	6.2	0.7	-6.3	-9.3
213	36948	Przhevalsk	78.40	42.40	1716	1977	-12.1	-11.3	-4.1	1.8	5.0	10.5	9.9	10.1	6.2	1.5	-1.8	-8.9
213	36948	Przhevalsk	78.40	42.40	1716	1978	-12.9	-11.2	-3.2	3.3	7.2	9.5	11.2	9.5	5.9	1.4	-4.8	-6.2
213	36948	Przhevalsk	78.40	42.40	1716	1979	-11.4	-8.5	-5.0	2.4	4.6	7.7	10.0	10.5	5.5	3.2	-5.0	-6.2
213	36948	Przhevalsk	78.40	42.40	1716	1980	-11.2	-7.6	-4.1	2.6	7.4	8.5	11.0	9.8	5.9	2.5	-0.6	-6.1
213	36948	Przhevalsk	78.40	42.40	1716	1981	-8.3	-7.3	-1.8	2.7	7.6	8.4	10.8	8.9	5.1	-0.2	-4.9	-8.7
213	36948	Przhevalsk	78.40	42.40	1716	1982	-8.8	-10.0	-3.0	1.6	6.3	8.4	10.1	9.7	4.8	0.8	-6.1	-10.3
213	36948	Przhevalsk	78.40	42.40	1716	1983	-10.1	-9.3	-4.7	1.8	5.2	7.7	10.3	11.2	5.7	1.0	-4.0	-8.5
213	36948	Przhevalsk	78.40	42.40	1716	1984	-11.8	-11.9	-2.6	0.9	5.3	8.7	10.5	11.2	5.7	-0.1	-3.4	-11.1
213	36948	Przhevalsk	78.40	42.40	1716	1985	-9.9	-7.2	-4.9	2.6	4.9	9.1	11.5	10.6	5.9	1.4	-6.0	-7.8
213	36948	Przhevalsk	78.40	42.40	1716	1986	-10.4	-8.6	-4.6	1.3	5.4	8.1	10.8	10.1	7.2	1.8	-2.7	-8.1
213	36948	Przhevalsk	78.40	42.40	1716	1987	-10.0	-6.0	-1.9	1.9	5.3	7.2	11.2	10.9	6.2	-0.1	-4.4	-6.1
213	36948	Przhevalsk	78.40	42.40	1716	1988	-8.7	-9.2	-3.3	2.5	5.0	9.6	12.0	10.8	6.8	0.2	-1.9	-5.1
213	36948	Przhevalsk	78.40	42.40	1716	1989	-10.8	-10.3	-4.0	-0.5	5.9	7.8	10.2	9.2	5.6	1.1	-5.7	-5.8
213	36948	Przhevalsk	78.40	42.40	1716	1990	-10.5	-10.0	-3.2	1.9	6.7	10.4	10.6	10.4	7.4	1.1	-3.1	-999.0
213	36927	Rybach'e	76.18	42.47	1660	1961	-8.6	-8.1	-3.4	4.0	9.7	11.5	14.4	13.2	10.0	1.3	-3.0	-7.2
213	36927	Rybach'e	76.18	42.47	1660	1962	-8.7	-5.8	0.2	3.5	8.2	10.5	14.8	14.3	8.5	3.2	-6.0	-6.8
213	36927	Rybach'e	76.18	42.47	1660	1963	-6.5	-4.6	-1.7	-999.0	8.2	12.2	13.6	12.4	8.4	4.4	-1.8	-5.1
213	36927	Rybach'e	76.18	42.47	1660	1964	-11.0	-6.5	-2.2	3.6	6.4	11.0	13.1	13.4	8.5	1.8	-3.3	-7.4
213	36927	Rybach'e	76.18	42.47	1660	1965	-6.6	-7.2	-3.8	4.3	8.5	11.4	13.8	13.2	8.4	3.9	-1.0	-6.2
213	36927	Rybach'e	76.18	42.47	1660	1966	-6.1	-4.6	-2.8	2.3	5.6	12.6	13.4	14.3	9.7	2.7	-4.8	-6.6
213	36927	Rybach'e	76.18	42.47	1660	1967	-9.1	-7.4	-2.3	4.0	7.7	11.5	13.2	12.7	9.6	3.5	-3.1	-4.7
213	36927	Rybach'e	76.18	42.47	1660	1968	-7.0	-4.3	-999.0	1.5	8.3	11.6	13.3	13.0	7.7	12.3	-2.2	-6.3
213	36927	Rybach'e	76.18	42.47	1660	1969	-12.0	-11.5	-1.2	3.3	7.9	11.0	13.5	13.7	8.4	3.1	-1.4	-3.6
213	36927	Rybach'e	76.18	42.47	1660	1970	-8.7	-5.6	-4.1	4.1	7.7	10.7	13.1	13.5	9.6	3.8	-1.4	-5.9
213	36927	Rybach'e	76.18	42.47	1660	1971	-999.0	-6.9	-1.9	3.0	7.4	12.2	13.3	12.6	8.0	3.5	-1.0	-3.5
213	36927	Rybach'e	76.18	42.47	1660	1972	-9.5	-11.6	-4.3	1.0	8.3	11.1	11.7	12.0	8.5	2.8	-2.1	-6.8
213	36927	Rybach'e	76.18	42.47	1660	1973	-10.1	-6.6	-3.8	4.6	7.6	11.9	15.3	14.3	7.8	2.3	-1.6	-6.1
213	36927	Rybach'e	76.18	42.47	1660	1974	-10.0	-10.2	-3.7	4.4	7.5	11.3	13.9	11.5	8.0	2.7	-2.7	-10.8
213	36927	Rybach'e	76.18	42.47	1660	1975	-9.1	-8.2	-2.6	3.0	5.9	11.0	14.1	13.9	9.7	3.1	-5.2	-7.0
213	36927	Rybach'e	76.18	42.47	1660	1976	-4.8	-7.4	-3.2	3.5	8.4	12.0	14.8	14.5	9.0	3.0	-4.5	-8.3
213	36927	Rybach'e	76.18	42.47	1660	1977	-9.8	-6.7	-1.8	4.6	8.5	14.6	14.4	14.4	10.8	4.4	1.6	-6.4
213	36927	Rybach'e	76.18	42.47	1660	1978	-8.8	-8.0	-2.9	5.3	9.5	12.3	15.7	13.4	10.2	4.5	-3.2	-2.7
213	36927	Rybach'e	76.18	42.47	1660	1979	-7.4	-4.7	-3.9	3.9	6.0	10.9	14.1	14.7	9.0	6.2	-2.0	-3.7
213	36927	Rybach'e	76.18	42.47	1660	1980	-7.8	-6.2	-3.1	4.4	9.3	11.5	15.1	14.0	9.8	5.6	2.2	-3.4
213	36927	Rybach'e	76.18	42.47	1660	1981	-5.8	-5.5	-0.1	4.3	9.4	11.5	14.2	12.9	9.0	3.1	-2.8	-5.4
213	36927	Rybach'e	76.18	42.47	1660	1982	-6.2	-7.0	-2.3	4.3	9.0	11.5	13.9	13.6	8.8	3.8	-3.2	-6.9
213	36927	Rybach'e	76.18	42.47	1660	1983	-6.8	-5.4	-2.2	4.6	7.9	10.7	14.9	16.1	10.1	3.6	-0.7	-5.8
213	36927	Rybach'e	76.18	42.47	1660	1984	-8.9	-10.5	-1.0	2.7	8.1	12.3	15.6	16.4	9.2	2.9	-1.6	-10.6
213	36927	Rybach'e	76.18	42.47	1660	1985	-7.2	-4.3	-3.6	4.1	7.3	11.9	15.1	13.9	9.6	3.5	-3.8	-5.1
213	36927	Rybach'e	76.18	42.47	1660	1986	-6.9	-6.3	-4.6	3.4	7.5	11.0	14.4	13.5	10.4	3.8	-2.1	-6.0
213	36927	Rybach'e	76.18	42.47	1660	1987	-5.9	-3.9	0.3	3.1	7.8	9.7	14.1	15.4	9.5	1.2	-2.1	-3.2
213	36927	Rybach'e	76.18	42.47	1660	1988	-5.9	-6.7	-2.4	4.8	6.7	12.6	15.4	11.7	9.9	3.4	1.2	-3.5
213	36927	Rybach'e	76.18	42.47	1660	1989	-9.2	-8.9	-2.0	0.1	6.8	10.8	14.0	13.2	9.4	4.6	-2.9	-2.7
213	36927	Rybach'e	76.18	42.47	1660	1990	-6.9	-5.6	-2.3	4.0	9.1	15.2	14.2	14.7	11.7	3.8	-999.0	-999.0
213	38745	Sarytash	73.25	39.73	3153	1961	-23.4	-24.1	-18.0	-6.6	-1.1	-1.5	2.6	1.7	-2.2	-9.9	-18.5	-24.0
213	38745	Sarytash	73.25	39.73	3153	1962	-24.7	-20.2	-12.2	-4.6	-2.5	-0.2	2.3	2.7	-2.4	-7.9	-17.2	-21.1
213	38745	Sarytash	73.25	39.73	3153	1963	-23.4	-18.9	-15.1	-999.0	-0.8	0.4	2.2	0.9	-3.4	-6.1	-17.4	-20.6
213	38745	Sarytash	73.25	39.73	3153	1964	-26.9	-20.7	-14.1	-7.3	-2.7	-0.3	2.6	1.7	-2.2	-10.8	-15.2	-19.1
213	38745	Sarytash	73.25	39.73	3153	1965	-18.7	-22.5	-16.8	-6.8	-1.2	-0.3	3.4	1.4	-2.1	-5.1	-13.4	-23.2
213	38745	Sarytash	73.25	39.73	3153	1966	-21.2	-18.1	-13.3	-8.5	-3.1	0.8	1.4	2.4	-1.2	-6.8	16.8	-18.7
213	38745	Sarytash	73.25	39.73	3153	1967	-24.2	-19.9	-18.4	-8.8	-2.2	0.6	2.1	0.8	-3.2	-7.4	-15.0	-18.0
213	38745	Sarytash	73.25	39.73	3153	1968	-22.9	-22.3	-11.8	-6.3	-1.7	1.0	2.6	1.9	-3.7	-7.6	-15.9	-19.0
213	38745	Sarytash	73.25	39.73	3153	1969	-21.1	-999.0	-8.8	-8.2	-2.2	0.2	1.9	1.8	-2.4	-6.0	-13.5	-18.5
213	38745	Sarytash	73.25	39.73	3153	1970	-22.7	-20.0	-17.7	-5.4	-1.9	-0.1	2.4	3.3	-2.2	-7.7	-13.7	-19.2
213	38745	Sarytash	73.25	39.73	3153	1971	-25.3	-18.2	-13.8	-3.8	-1.1	2.2	2.9	0.9	-2.6	-8.1	-14.0	-16.7
213	38745	Sarytash	73.25	39.73	3153	1972	-18.9	-23.9	-999.0	-8.8	2.2	0.1	0.9	2.3	-2.6	-8.5	-7.3	-20.0
213	38745	Sarytash	73.25	39.73	3153	1973	-23.3	-18.9	-16.2	-5.8	-1.9	1.2	4.5	2.1	-2.5	-8.8	-13.0	-20.2
213	38745	Sarytash	73.25	39.73	3153	1974	-23.6	-22.2	-15.6	-3.4	-1.0	0.7	2.6	1.3	-1.8	-7.3	-15.9	-23.1
213	38745	Sarytash	73.25	39.73	3153	1975	-24.9	-21.8	-15.4	-4.2	-2.3	0.4	2.4	3.1	-999.0	-8.2	-19.5	-22.4
213	38745	Sarytash	73.25	39.73	3153	1976	-22.4	-21.0	-18.0	-6.6	-0.7	0.2	3.6	2.3	-2.3	-6.3	-16.1	-19.6
213	38745	Sarytash	73.25	39.73	3153	1977	-20.8	-23.7	-13.3	-3.4	-0.7	2.1	3.2	2.7	-1.1	-4.6	-13.5	-19.6
213	38745	Sarytash	73.25	39.73	3153	1978	-23.9	-21.0	-16.1	-4.2	-0.7	1.2	5.3	3.5	-1.4	-5.6	-16.0	-15.7
213	38745	Sarytash	73.25	39.73	3153	1979	-20.9	-19.6	-15.8	-2.7	-2.6	0.1	3.0	3.8	-2.4	-5.1	-13.9	-19.1
213	38745	Sarytash	73.25	39.73	3153	1980	-23.7	-18.1	-16.0	-5.6	0.1	1.1	3.9	2.7	-1.7	-5.3	-11.0	-18.8
213	38745	Sarytash	73.25	39.73	3153	1981	-20.3	-18.5	-14.2	-5.3	9.9	0.7	4.2	2.5	-2.6	-5.7	-13.8	-20.1
213	38745	Sarytash	73.25	39.73	3153	1982	-21.4	-22.1	-15.5	-7.1	-0.7	0.9	2.3	2.1	-2.9	-6.9	-15.2	-20.4
213	38745	Sarytash	73.25	39.73	3153	1983	-21.3	-21.9	-17.9	-4.2	-0.6	0.2	2.9	4.9	-0.5	-7.4	-11.3	-17.9
213	38745	Sarytash	73.25	39.73	3153	1984	-23.3	-21.2	-11.8	-5.8	-1.4	2.5	4.5	5.6	-1.9	-7.9	-11.8	-22.9
213	38745	Sarytash	73.25	39.73	3153	1985	-22.2	-18.9	-999.0	-6.2	-1.0	1.2	3.9	-999.0	-0.8	-999.0	-16.0	-19.2
213	38745	Sarytash	73.25	39.73	3153	1986	-23.1	-20.9	-15.7	-7.4	-1.7	1.2	4.2	3.3	-0.2	-5.0	-11.7	-15.3
213	38745	Sarytash	73.25	39.73	3153	1987	-20.0	-18.3	-11.2	-7.9	-4.5	0.0	2.8	3.4	-0.5	-8.4	-13.2	-15.7
213	38745	Sarytash	73.25	39.73	3153	1988	-20.7	-20.0	-14.5	-7.3	-2.6	1.4	4.9	2.5	-0.9	-7.7	-10.9	-15.2
213	38745	Sarytash	73.25	39.73	3153	1989	-22.3	-22.6	-14.3	-9.4	-2.3	0.1	3.1	2.1	-1.4	-4.9	-17.3	-17.1
213	38745	Sarytash	73.25	39.73	3153	1990	-19.1	-19.7	-16.6	-7.6	0.2	2.8	3.2	3.5	0.4	-6.5	-10.7	-999.0
213	38358	Susamyr	74.00	42.20	2087	1961	-30.6	-28.1	-21.6	-4.0	-0.4	0.1	4.4	1.7	-1.4	-7.7	-19.1	-29.0
213	38358	Susamyr	74.00	42.20	2087	1962	-33.1	-26.8	-15.8	-3.0	1.4	1.0	3.1	2.9	-1.6	-6.5	-19.1	-27.5
213	38358	Susamyr	74.00	42.20	2087	1963	-33.4	-25.6	-18.9	-999.0	1.8	3.2	2.9	0.8	-4.0	-4.1	-999.0	-22.9
213	38358	Susamyr	74.00	42.20	2087	1964	-34.4	-25.4	-16.1	-4.4	-0.9	1.7	5.1	2.1	-2.2	-10.7	-16.1	-22.8
213	38358	Susamyr	74.00	42.20	2087	1965	-24.5	-28.0	-17.9	-5.2	-0.3	2.1	3.1	2.2	-1.5	-3.0	-19.5	-32.6
213	38358	Susamyr	74.00	42.20	2087	1966	-999.0	-999.0	-999.0	-999.0	-999.0	-999.0	-999.0	-999.0	-999.0	-999.0	-999.0	-999.0
213	38358	Susamyr	74.00	42.20	2087	1967	-999.0	-999.0	-999.0	-999.0	-999.0	-999.0	-999.0	-999.0	-999.0	-999.0	-999.0	-999.0
213	38358	Susamyr	74.00	42.20	2087	1968	-26.7	-29.6	-11.8	-6.7	1.9	3.5	2.6	1.2	-2.9	-7.3	-15.1	-25.7
213	38358	Susamyr	74.00	42.20	2087	1969	-27.6	-31.4	-9.9	-4.2	1.4	3.9	5.1	1.9	-0.9	-2.8	-10.3	-15.5
213	38358	Susamyr	74.00	42.20	2087	1970	-29.7	-21.4	-20.3	-2.4	0.1	2.2	4.4	3.5	-2.1	-5.3	-12.3	-24.2
213	38358	Susamyr	74.00	42.20	2087	1971	-33.7	-26.1	-15.7	-4.0	1.3	3.5	4.9	1.7	-3.5	-7.8	-10.3	-19.6
213	38358	Susamyr	74.00	42.20	2087	1972	-27.1	-31.9	-15.8	-7.7	1.6	4.3	3.5	2.2	-0.1	-6.1	-17.2	-23.6
213	38358	Susamyr	74.00	42.20	2087	1973	-29.7	-25.1	-999.0	-999.0	2.1	4.5	5.0	3.1	-0.8	-6.2	-11.2	-21.5
213	38358	Susamyr	74.00	42.20	2087	1974	-24.9	-28.9	-15.5	-1.0	1.5	4.0	6.0	-999.0	0.2	-6.7	-13.2	-30.4
213	38358	Susamyr	74.00	42.20	2087	1975	-29.6	-25.8	-15.3	-3.8	0.4	-999.0	4.7	4.5	-0.6	-6.5	-21.4	-27.4
213	38358	Susamyr	74.00	42.20	2087	1976	-26.0	-24.0	-18.6	-4.6	1.9	2.3	4.6	1.8	-0.1	-2.9	-23.4	-28.2
213	38358	Susamyr	74.00	42.20	2087	1977	-26.6	-28.8	-999.0	-999.0	1.4	5.5	4.7	3.2	-2.7	-2.9	-10.4	-24.3
213	38358	Susamyr	74.00	42.20	2087	1978	-33.7	-30.8	-19.5	-2.6	3.2	4.5	5.2	1.8	-2.9	-3.8	-15.1	-17.2
213	38358	Susamyr	74.00	42.20	2087	1979	-29.5	-25.3	-20.2	-2.0	0.4	2.9	4.1	4.0	-1.8	-3.5	-14.9	-16.5
213	38358	Susamyr	74.00	42.20	2087	1980	-25.1	-20.3	-17.3	-3.0	2.4	3.3	4.2	3.5	-0.7	-3.7	-7.7	-23.4
213	38358	Susamyr	74.00	42.20	2087	1981	-25.0	-21.7	-12.8	-2.9	3.8	3.5	5.6	3.1	-1.8	-6.5	-16.0	-25.2
213	38358	Susamyr	74.00	42.20	2087	1982	-25.3	-23.6	-14.0	-6.0	0.3	3.9	5.3	3.2	-1.4	-5.1	-15.4	-26.5
213	38358	Susamyr	74.00	42.20	2087	1983	-23.8	-27.2	-17.2	-3.1	1.7	3.0	3.6	4.2	-0.7	-8.2	-13.2	-24.3
213	38358	Susamyr	74.00	42.20	2087	1984	-30.7	-26.2	-12.9	-4.1	1.3	3.9	3.5	3.0	-1.6	-999.0	-999.0	-999.0
213	38358	Susamyr	74.00	42.20	2087	1985	-28.5	-24.6	-19.0	-5.3	1.2	3.0	5.2	3.4	-3.1	-999.0	-16.4	-22.9
213	38358	Susamyr	74.00	42.20	2087	1986	-28.5	-25.6	-16.7	-4.5	0.8	3.7	4.5	3.4	-0.7	-4.3	-10.9	-22.1
213	38358	Susamyr	74.00	42.20	2087	1987	-23.7	-21.4	-11.7	-5.7	0.0	2.6	5.7	3.6	-0.7	-5.4	-16.9	-17.7
213	38358	Susamyr	74.00	42.20	2087	1988	-24.6	-28.7	-14.7	-5.9	1.5	4.5	6.5	4.1	-0.2	-6.4	-9.0	-20.0
213	38358	Susamyr	74.00	42.20	2087	1989	-26.8	-25.3	-17.3	-4.9	1.1	3.0	4.9	3.0	-0.3	-2.9	-22.0	-20.7
213	38358	Susamyr	74.00	42.20	2087	1990	-25.5	-25.3	-17.3	-4.8	2.6	5.0	6.3	4.7	-0.7	-5.1	-12.1	-999.0
213	36982	Tien-Shan	78.20	41.90	3614	1962	-30.5	-27.3	-20.1	-11.2	-5.0	-3.2	-1.2	-1.4	-5.2	-11.4	-22.5	-26.6
213	36982	Tien-Shan	78.20	41.90	3614	1963	-28.8	-25.0	-19.3	-11.8	-3.8	-2.9	-2.2	-3.1	-6.5	-12.4	-24.3	-24.6
213	36982	Tien-Shan	78.20	41.90	3614	1964	-31.6	-27.5	-20.5	-13.4	-9.7	-3.8	-1.2	-2.1	-5.1	-12.9	-19.8	-25.6
213	36982	Tien-Shan	78.20	41.90	3614	1965	-26.7	-28.8	-22.7	-11.1	-4.7	-4.2	-0.4	-1.5	-4.9	-9.8	-19.3	-27.7
213	36982	Tien-Shan	78.20	41.90	3614	1966	-999.0	-999.0	-999.0	-999.0	-999.0	-999.0	-999.0	-999.0	-999.0	-999.0	-999.0	-999.0
213	36982	Tien-Shan	78.20	41.90	3614	1967	-999.0	-999.0	-999.0	-999.0	-999.0	-999.0	-999.0	-999.0	-999.0	-999.0	-999.0	-999.0
213	36982	Tien-Shan	78.20	41.90	3614	1968	-999.0	-999.0	-999.0	-999.0	-999.0	-999.0	-999.0	-999.0	-999.0	-999.0	-999.0	-999.0
213	36982	Tien-Shan	78.20	41.90	3614	1969	-999.0	-999.0	-999.0	-999.0	-999.0	-999.0	-999.0	-999.0	-999.0	-999.0	-999.0	-999.0
213	36982	Tien-Shan	78.20	41.90	3614	1970	-29.8	-27.0	-25.1	-13.0	-6.6	-3.9	-1.5	-0.8	-5.6	-11.2	-18.5	-25.1
213	36982	Tien-Shan	78.20	41.90	3614	1971	-31.3	-26.8	-20.3	-11.2	-5.0	-2.2	-0.8	-2.4	-7.0	-11.4	-18.4	-23.5
213	36982	Tien-Shan	78.20	41.90	3614	1972	-26.7	-30.6	-19.4	-12.6	-4.7	-2.9	-3.0	-999.0	-999.0	-999.0	-21.3	-26.2
213	36982	Tien-Shan	78.20	41.90	3614	1973	-28.5	-25.4	-22.6	-12.6	-6.0	-2.3	-0.9	-2.7	-6.8	-17.2	-20.6	-26.6
213	36982	Tien-Shan	78.20	41.90	3614	1974	-28.4	-30.0	-22.5	-9.3	-5.1	-2.4	-0.5	-3.4	-5.8	-14.5	-23.5	-30.1
213	36982	Tien-Shan	78.20	41.90	3614	1975	-31.1	-27.1	-22.0	-12.7	-6.8	-3.0	-2.7	-0.7	-5.7	-10.8	-21.8	-27.0
213	36982	Tien-Shan	78.20	41.90	3614	1976	-26.0	-25.1	-21.6	-12.7	-4.6	-3.5	-1.8	-2.6	-6.7	-10.9	-21.3	-28.4
213	36982	Tien-Shan	78.20	41.90	3614	1977	-28.1	-29.8	-22.9	-12.0	-6.7	-2.1	-2.8	-2.3	-5.2	-9.8	-19.8	-26.7
213	36982	Tien-Shan	78.20	41.90	3614	1978	-31.5	-27.4	-21.9	-10.8	-5.2	-1.9	0.1	-2.6	-6.8	-13.0	25.2	-22.5
213	36982	Tien-Shan	78.20	41.90	3614	1979	-29.7	-25.3	-23.5	-11.9	-8.9	3.6	-2.4	-1.5	-9.4	-8.8	-18.7	-23.3
213	36982	Tien-Shan	78.20	41.90	3614	1980	-28.6	-25.1	-22.5	-11.4	-3.8	-3.3	-1.1	-0.9	-5.3	-10.6	-17.2	-25.3
213	36982	Tien-Shan	78.20	41.90	3614	1981	-27.6	-23.7	-19.3	-13.0	-3.4	-3.0	0.4	-2.6	-8.5	-15.9	-25.2	-29.2
213	36982	Tien-Shan	78.20	41.90	3614	1982	-27.3	-29.5	-23.3	-14.5	-6.0	-3.8	-1.7	-1.8	-6.8	-11.1	-22.7	-29.4
213	36982	Tien-Shan	78.20	41.90	3614	1983	-28.2	-30.2	-25.9	-15.3	-999.0	-999.0	-999.0	-0.5	-5.8	-11.2	-20.0	-26.4
213	36982	Tien-Shan	78.20	41.90	3614	1984	-29.2	-28.9	-20.6	-14.3	-5.7	-3.2	-2.7	-1.0	-7.8	-14.3	-18.8	-28.3
213	36982	Tien-Shan	78.20	41.90	3614	1985	-27.6	-23.8	-21.5	-13.6	-6.8	-3.3	-1.4	-999.0	-7.1	-999.0	-21.7	-25.5
213	36982	Tien-Shan	78.20	41.90	3614	1986	-30.2	-28.0	-22.1	-14.3	-7.2	-3.2	-1.0	-1.8	-5.0	-12.4	-21.7	-25.4
213	36982	Tien-Shan	78.20	41.90	3614	1987	-27.3	-25.9	-20.2	-14.6	-9.1	-4.0	-0.5	-2.3	-5.4	-15.5	-22.9	-23.3
213	36982	Tien-Shan	78.20	41.90	3614	1988	-26.8	-27.7	-23.2	-15.2	-6.2	-2.8	-0.8	-2.1	-4.8	-13.6	-19.6	-23.8
213	36982	Tien-Shan	78.20	41.90	3614	1989	-28.5	-27.3	-21.9	-18.4	-4.3	-3.3	-0.8	-2.6	-6.2	-10.7	-21.1	-23.1
213	36982	Tien-Shan	78.20	41.90	3614	1990	-25.1	-27.8	-22.2	-15.1	-5.5	-1.9	-0.7	-1.5	-5.0	-10.7	-999.0	-999.0
213	36982	Tien-Shan	78.20	41.90	3614	1991	-999.0	-999.0	-999.0	-999.0	-999.0	-999.0	-999.0	-999.0	-999.0	-999.0	-999.0	-999.0
213	36982	Tien-Shan	78.20	41.90	3614	1992	-999.0	-999.0	-999.0	-999.0	-999.0	-999.0	-999.0	-999.0	-999.0	-999.0	-999.0	-999.0
213	36982	Tien-Shan	78.20	41.90	3614	1993	-999.0	-999.0	-999.0	-999.0	-999.0	-999.0	-999.0	-999.0	-999.0	-999.0	-999.0	-999.0
213	36982	Tien-Shan	78.20	41.90	3614	1994	-29.5	-27.7	-999.0	-15.1	-7.4	-2.3	0.6	-999.0	-999.0	-999.0	-999.0	-999.0
213	36982	Tien-Shan	78.20	41.90	3614	1995	-33.5	-28.8	-22.0	-17.0	-8.4	-4.1	-1.2	-1.7	-5.7	-14.6	-19.9	-27.0
213	36982	Tien-Shan	78.20	41.90	3614	1996	-30.9	-27.7	-19.2	-13.8	-7.7	-2.6	-1.0	-1.6	-4.6	-14.2	-25.4	-27.6
213	36982	Tien-Shan	78.20	41.90	3614	1997	-27.8	-30.2	-21.2	-11.1	-7.8	-2.8	0.7	-1.4	-4.8	-11.0	-21.3	-26.6
213	36982	Tien-Shan	78.20	41.90	3614	1998	-29.7	-24.8	-21.1	-10.5	-6.2	-0.9	0.5	-0.4	-999.0	-999.0	-999.0	-999.0
213	36982	Tien-Shan	78.20	41.90	3614	1999	-999.0	-999.0	-999.0	-999.0	-999.0	-999.0	-999.0	-0.1	-3.0	-9.3	-15.4	-22.4
213	36982	Tien-Shan	78.20	41.90	3614	2000	-25.1	-27.0	-20.2	-10.0	-3.9	-1.8	0.3	-0.5	-4.1	-10.7	-20.1	-22.4
213	36982	Tien-Shan	78.20	41.90	3614	2001	-24.6	-22.3	-16.0	-11.7	-4.2	-0.5	-0.2	-0.3	-6.8	-12.6	-16.4	-23.9
213	36982	Tien-Shan	78.20	41.90	3614	2002	-24.6	-22.1	-16.2	-8.5	-5.8	-0.8	-0.5	0.0	-4.9	-10.1	-17.6	-21.8
213	36982	Tien-Shan	78.20	41.90	3614	2003	-22.7	-23.4	-19.7	-14.3	-6.8	-1.7	-0.3	-0.9	-4.3	-10.6	-19.4	-25.3
213		Tyuya-ashu Southern	73.80	42.30	3225	1962	-19.2	-16.2	-9.8	-7.3	-2.8	0.1	3.5	3.5	-1.6	-5.9	-16.4	-16.2
213		Tyuya-ashu Southern	73.80	42.30	3225	1963	-15.9	-14.6	-18.0	-6.5	-2.0	1.1	2.3	2.2	-0.8	-4.6	-12.2	-13.1
213		Tyuya-ashu Southern	73.80	42.30	3225	1964	-21.5	-17.5	-12.0	-8.3	-4.5	-0.3	2.1	2.5	-1.0	-7.7	-12.0	-16.1
213		Tyuya-ashu Southern	73.80	42.30	3225	1965	-16.3	-19.1	-13.8	-7.5	-1.9	-0.2	3.6	2.7	-1.9	-6.3	-12.0	-15.0
213		Tyuya-ashu Southern	73.80	42.30	3225	1966	-999.0	-999.0	-999.0	-999.0	-999.0	-999.0	-999.0	-999.0	-999.0	-999.0	-999.0	-999.0
213		Tyuya-ashu Southern	73.80	42.30	3225	1967	-999.0	-999.0	-999.0	-999.0	-999.0	-999.0	-999.0	-999.0	-999.0	-999.0	-999.0	-999.0
213		Tyuya-ashu Southern	73.80	42.30	3225	1968	-17.9	-19.0	-12.2	-8.8	-2.8	0.3	3.0	3.5	-0.4	-6.6	-12.6	-16.4
213		Tyuya-ashu Southern	73.80	42.30	3225	1969	-21.3	-21.6	-10.3	-6.9	-2.9	-0.1	2.7	2.8	-1.7	-7.0	-12.0	-14.5
213		Tyuya-ashu Southern	73.80	42.30	3225	1970	-19.2	-16.2	-16.1	-6.2	-3.6	-0.3	2.2	3.7	-0.8	-6.4	-11.8	-16.1
213		Tyuya-ashu Southern	73.80	42.30	3225	1971	-19.1	-17.9	-12.1	-7.0	-2.6	1.8	3.0	2.6	-1.4	-5.5	-10.9	-13.0
213		Tyuya-ashu Southern	73.80	42.30	3225	1972	-19.6	-22.6	-14.0	-9.3	-2.7	-0.3	0.7	1.5	-0.2	-5.7	-11.5	-16.3
213		Tyuya-ashu Southern	73.80	42.30	3225	1973	-20.8	-17.0	-14.5	-6.0	-3.1	1.9	4.8	3.7	-1.3	-6.0	-10.2	-14.6
213		Tyuya-ashu Southern	73.80	42.30	3225	1974	-20.7	-20.4	-13.8	-4.7	-1.9	0.5	3.4	1.0	-1.3	-5.3	-12.5	-19.8
213		Tyuya-ashu Southern	73.80	42.30	3225	1975	-18.8	-18.3	-13.3	-7.0	-4.5	0.2	3.1	3.9	-0.8	-6.9	-15.3	-16.4
213		Tyuya-ashu Southern	73.80	42.30	3225	1976	-15.6	-17.9	-14.4	-7.2	-2.3	0.3	4.0	4.1	-1.3	-8.3	-14.8	-17.8
213		Tyuya-ashu Southern	73.80	42.30	3225	1977	-20.7	-18.4	-12.3	-6.3	-3.0	2.7	3.4	4.0	0.7	-6.4	-10.5	-17.4
213		Tyuya-ashu Southern	73.80	42.30	3225	1978	-20.0	-19.2	-15.1	-5.5	-1.8	1.4	4.8	3.4	0.6	-5.8	-14.0	-12.6
213		Tyuya-ashu Southern	73.80	42.30	3225	1979	-17.4	-15.3	-15.0	-6.4	-5.5	-0.4	4.0	3.4	-1.0	-2.4	-11.1	-13.3
213		Tyuya-ashu Southern	73.80	42.30	3225	1980	-18.4	-17.1	-15.0	-5.8	-1.7	0.7	4.5	3.5	-0.1	-4.3	-8.6	-13.3
213		Tyuya-ashu Southern	73.80	42.30	3225	1981	-16.8	-16.1	-11.1	-6.7	-0.7	0.2	3.1	1.9	-1.6	-7.9	-12.6	-15.2
213		Tyuya-ashu Southern	73.80	42.30	3225	1982	-16.4	-18.5	-13.3	-6.2	-1.7	0.7	2.9	3.2	-2.4	-6.1	-14.1	-15.6
213		Tyuya-ashu Southern	73.80	42.30	3225	1983	-16.4	-16.8	-14.7	-6.3	-2.8	-0.2	3.8	5.9	0.1	-6.5	-11.1	-15.4
213		Tyuya-ashu Southern	73.80	42.30	3225	1984	-20.1	-21.1	-12.3	-9.2	-3.4	1.3	4.6	7.1	-2.2	-7.8	-12.3	-21.9
213		Tyuya-ashu Southern	73.80	42.30	3225	1985	-17.7	-15.6	-15.5	-6.3	-3.5	0.6	4.8	3.2	0.1	-6.8	-14.4	-15.5
213		Tyuya-ashu Southern	73.80	42.30	3225	1986	-18.0	-16.7	-15.8	-8.2	-3.5	-0.8	3.6	2.8	0.9	-6.5	-12.1	-16.2
213		Tyuya-ashu Southern	73.80	42.30	3225	1987	-16.1	-14.9	-11.6	-8.9	-4.2	-1.8	2.7	4.3	-0.2	-9.5	-12.6	-12.8
213		Tyuya-ashu Southern	73.80	42.30	3225	1988	-16.9	-18.0	-13.6	-7.0	-5.1	1.2	4.3	2.9	-0.2	-8.1	-9.6	-999.0
213		Tyuya-ashu Southern	73.80	42.30	3225	1989	-19.5	-20.5	-12.7	-11.0	-3.8	-0.5	2.9	2.8	-1.4	-5.8	-14.3	-13.1
213		Tyuya-ashu Southern	73.80	42.30	3225	1990	-17.5	-17.2	-14.1	-8.9	-2.0	2.8	2.3	3.9	2.1	-5.3	-999.0	-999.0
213	38469	ustie r.Ters	70.80	41.60	1759	1961	-5.8	-7.8	-1.7	5.1	11.0	12.5	16.0	14.1	10.7	2.2	-1.2	-4.4
213	38469	ustie r.Ters	70.80	41.60	1759	1962	-7.5	-3.1	3.4	4.4	7.7	11.5	16.2	15.0	8.6	4.0	-4.6	-5.3
213	38469	ustie r.Ters	70.80	41.60	1759	1963	-3.6	-1.7	0.0	-999.0	8.5	13.3	14.4	13.9	10.0	6.5	-0.8	-4.2
213	38469	ustie r.Ters	70.80	41.60	1759	1964	-12.1	-6.5	0.1	3.6	7.8	12.6	14.4	14.0	9.6	1.4	-0.7	-7.1
213	38469	ustie r.Ters	70.80	41.60	1759	1965	-5.5	-7.9	-2.4	4.6	9.9	12.4	15.6	14.1	9.3	4.8	0.8	-3.0
213	38469	ustie r.Ters	70.80	41.60	1759	1966	-999.0	-999.0	-999.0	-999.0	-999.0	-999.0	-999.0	-999.0	-999.0	-999.0	-999.0	-999.0
213	38469	ustie r.Ters	70.80	41.60	1759	1967	-999.0	-999.0	-999.0	-999.0	-999.0	-999.0	-999.0	-999.0	-999.0	-999.0	-999.0	-999.0
213	38469	ustie r.Ters	70.80	41.60	1759	1968	-5.9	-6.8	0.5	4.1	7.3	11.7	14.9	15.0	10.2	4.4	-0.5	-999.0
213	38469	ustie r.Ters	70.80	41.60	1759	1969	-13.7	-12.8	-1.1	4.2	-999.0	11.7	-999.0	-999.0	9.1	3.7	-0.2	-1.9
213	38469	ustie r.Ters	70.80	41.60	1759	1970	-7.1	-2.9	-2.6	6.2	8.9	12.5	13.6	15.3	10.2	5.2	0.6	-5.2
213	38469	ustie r.Ters	70.80	41.60	1759	1971	-9.2	-5.6	0.8	5.2	9.8	14.6	16.0	14.3	9.8	5.5	2.0	-0.1
213	38469	ustie r.Ters	70.80	41.60	1759	1972	-10.9	-13.6	-3.4	4.3	8.8	11.3	12.1	12.6	10.0	5.5	1.0	-7.2
213	38469	ustie r.Ters	70.80	41.60	1759	1973	-10.6	-999.0	-999.0	-999.0	-999.0	14.6	16.9	14.8	9.7	5.2	1.8	-3.6
213	38469	ustie r.Ters	70.80	41.60	1759	1974	-10.6	-9.8	-2.3	-999.0	8.5	12.4	15.7	12.6	10.1	4.5	-0.7	-8.9
213	38469	ustie r.Ters	70.80	41.60	1759	1975	-7.6	-7.2	-1.3	6.0	7.9	12.7	16.1	15.5	-999.0	3.9	-4.1	-5.3
213	38469	ustie r.Ters	70.80	41.60	1759	1976	-3.8	-7.7	-2.6	4.0	9.5	12.4	-999.0	16.6	10.0	-999.0	-999.0	-999.0
213	38469	ustie r.Ters	70.80	41.60	1759	1977	-999.0	-999.0	-999.0	-999.0	-999.0	-999.0	-999.0	-999.0	-999.0	-999.0	-999.0	-999.0
213	38469	ustie r.Ters	70.80	41.60	1759	1978	-8.4	-8.0	-2.1	6.3	9.6	13.1	16.9	14.5	12.4	5.8	-2.9	-2.1
213	38469	ustie r.Ters	70.80	41.60	1759	1979	-5.8	-2.8	-2.1	5.7	6.4	12.1	16.9	14.7	10.3	7.9	-0.8	-1.8
213	38469	ustie r.Ters	70.80	41.60	1759	1980	-7.5	-8.2	-2.6	6.8	9.8	13.1	17.1	14.8	11.5	6.0	2.8	-0.5
213	38469	ustie r.Ters	70.80	41.60	1759	1981	-5.0	-5.4	0.9	5.0	9.7	11.3	14.9	12.7	9.8	2.6	-0.6	-3.3
213	38469	ustie r.Ters	70.80	41.60	1759	1982	-5.0	-6.7	-1.4	0.9	10.8	13.4	15.7	14.8	9.7	4.8	-3.3	-4.6
213	38469	ustie r.Ters	70.80	41.60	1759	1983	-6.0	-3.5	-1.6	5.9	8.9	11.9	16.0	16.5	10.8	3.8	1.7	-4.4
213	38469	ustie r.Ters	70.80	41.60	1759	1984	-7.9	-13.2	-1.6	4.4	8.8	13.8	17.2	17.7	9.6	4.3	-0.5	-11.9
213	38469	ustie r.Ters	70.80	41.60	1759	1985	-7.0	-3.7	-3.7	6.8	8.6	13.6	16.6	-999.0	11.3	4.0	-2.4	-3.7
213	38469	ustie r.Ters	70.80	41.60	1759	1986	-5.3	-4.0	-3.7	4.7	9.0	12.1	16.4	14.8	12.3	5.6	-1.2	-6.0
213	38469	ustie r.Ters	70.80	41.60	1759	1987	-4.2	-3.1	1.6	3.5	8.4	10.9	13.1	15.9	10.2	1.5	-1.1	-1.5
213	38469	ustie r.Ters	70.80	41.60	1759	1988	-6.0	-4.9	-1.6	6.7	7.4	14.2	16.7	14.0	10.9	3.6	3.8	-1.1
213	38469	ustie r.Ters	70.80	41.60	1759	1989	-8.6	-10.0	-0.4	2.5	7.2	12.6	14.7	14.9	9.9	6.7	-1.6	-1.3
213	38469	ustie r.Ters	70.80	41.60	1759	1990	-7.0	-5.2	-1.2	4.1	10.1	15.1	16.9	15.6	11.7	4.8	-999.0	-999.0
227	38719	Anzobsky pereval	68.87	39.08	3373	1951	-16.4	-16.5	-10.9	-6.9	-1.3	0.2	3.7	5.1	2.2	-1.9	-8.5	-10.3
227	38719	Anzobsky pereval	68.87	39.08	3373	1952	-14.0	-13.1	-11.7	-3.3	-2.1	2.7	5.7	5.4	1.2	-3.0	-9.8	-13.3
227	38719	Anzobsky pereval	68.87	39.08	3373	1953	-15.1	-10.7	-12.1	-6.1	-0.5	3.2	7.3	4.7	2.1	-7.2	-10.8	-12.9
227	38719	Anzobsky pereval	68.87	39.08	3373	1954	-16.1	-14.9	-11.1	-4.6	-1.1	1.4	3.8	3.6	1.6	-4.4	-10.6	-13.9
227	38719	Anzobsky pereval	68.87	39.08	3373	1955	-14.1	-12.7	-9.7	-8.2	-2.4	1.6	4.3	6.7	1.7	-4.7	-7.0	-10.9
227	38719	Anzobsky pereval	68.87	39.08	3373	1956	-15.4	-13.6	-10.2	-4.3	1.2	1.7	9.3	5.8	2.4	-3.4	-6.8	-13.8
227	38719	Anzobsky pereval	68.87	39.08	3373	1957	-16.2	-17.4	-10.3	-7.8	-2.6	1.8	4.0	4.2	0.0	-4.3	-10.4	-13.2
227	38719	Anzobsky pereval	68.87	39.08	3373	1958	-11.5	-13.3	-9.7	-3.9	-3.7	1.8	6.5	3.2	2.1	-4.5	-12.0	-11.0
227	38719	Anzobsky pereval	68.87	39.08	3373	1959	-13.6	-17.0	-11.1	-3.6	-1.9	2.4	5.2	6.9	5.4	-2.3	-10.2	-13.2
227	38719	Anzobsky pereval	68.87	39.08	3373	1960	-13.7	-10.8	-13.5	-7.7	-3.2	2.6	5.9	6.2	0.7	-3.7	-10.4	-11.7
227	38719	Anzobsky pereval	68.87	39.08	3373	1961	-14.0	-17.5	-11.6	-5.9	1.1	2.9	7.1	5.1	2.5	-5.6	-9.5	-13.5
227	38719	Anzobsky pereval	68.87	39.08	3373	1962	-15.0	-12.7	-7.8	-5.8	-3.0	1.8	6.1	5.1	-0.2	-4.9	-12.9	-12.7
227	38719	Anzobsky pereval	68.87	39.08	3373	1963	-11.7	-11.3	-9.9	-4.1	-1.4	3.1	5.1	4.5	1.3	-2.0	-8.5	-11.6
227	38719	Anzobsky pereval	68.87	39.08	3373	1964	-20.2	-15.1	-8.6	-7.2	-3.0	1.8	4.5	5.2	1.1	-5.4	-9.2	-14.0
227	38719	Anzobsky pereval	68.87	39.08	3373	1965	-13.1	-16.0	-11.3	-6.4	-0.9	2.2	5.3	4.3	-0.2	-3.0	-7.8	-11.7
227	38719	Anzobsky pereval	68.87	39.08	3373	1966	-10.6	-10.7	-10.8	-7.2	-2.5	4.4	5.0	4.8	0.6	-5.8	-9.5	-12.6
227	38719	Anzobsky pereval	68.87	39.08	3373	1967	-16.0	-15.0	-11.5	-7.0	-2.9	2.5	5.6	5.4	1.1	-6.0	-10.0	-12.0
227	38719	Anzobsky pereval	68.87	39.08	3373	1968	-15.5	-15.8	-10.3	-5.7	-3.5	2.2	5.5	5.6	1.5	-4.8	-9.7	-13.2
227	38719	Anzobsky pereval	68.87	39.08	3373	1969	-18.4	-17.0	-8.0	-7.0	-2.0	1.7	4.4	4.7	-0.2	-3.8	-9.9	-11.1
227	38719	Anzobsky pereval	68.87	39.08	3373	1970	-15.3	-13.0	-12.5	-3.9	-0.7	3.2	3.9	6.8	1.3	-3.3	-7.9	-13.3
227	38719	Anzobsky pereval	68.87	39.08	3373	1971	-15.2	-14.3	-8.6	-4.6	0.5	5.2	5.3	5.0	-0.2	-3.9	-7.3	-9.7
227	38719	Anzobsky pereval	68.87	39.08	3373	1972	-16.6	-19.4	-10.9	-6.6	-2.7	1.9	2.4	3.0	0.6	-3.7	-7.4	-13.8
227	38719	Anzobsky pereval	68.87	39.08	3373	1973	-18.4	-12.5	-12.2	-5.3	-1.4	5.3	7.4	6.2	0.7	-3.5	-6.5	-12.2
227	38719	Anzobsky pereval	68.87	39.08	3373	1974	-17.9	-16.7	-10.0	-4.2	-1.5	2.0	5.5	3.5	0.4	-5.0	-9.3	-15.9
227	38719	Anzobsky pereval	68.87	39.08	3373	1975	-16.0	-15.8	-11.3	-4.9	-2.7	2.6	5.7	6.0	1.3	-4.7	-11.3	-13.4
227	38719	Anzobsky pereval	68.87	39.08	3373	1976	-13.1	-16.7	-13.0	-6.1	-1.1	2.2	7.0	7.0	1.5	-4.8	-10.9	-14.0
227	38719	Anzobsky pereval	68.87	39.08	3373	1977	-18.3	-15.6	-8.0	-3.7	-1.3	4.2	7.1	5.8	1.7	-3.4	-7.1	-13.0
227	38719	Anzobsky pereval	68.87	39.08	3373	1978	-16.7	-15.4	-13.5	-4.6	-0.4	3.6	7.6	6.2	2.6	-3.1	-11.3	-9.9
227	38719	Anzobsky pereval	68.87	39.08	3373	1979	-13.2	-13.0	-12.2	-3.6	-3.6	2.9	7.1	4.6	1.8	-0.9	-7.9	-11.8
227	38719	Anzobsky pereval	68.87	39.08	3373	1980	-15.6	-15.2	-11.5	-3.6	-0.1	3.3	7.1	5.8	1.5	-3.5	-6.6	-10.1
227	38719	Anzobsky pereval	68.87	39.08	3373	1981	-14.1	-13.2	-9.3	-5.2	0.0	1.5	5.3	4.0	1.4	-5.5	-8.0	-12.0
227	38719	Anzobsky pereval	68.87	39.08	3373	1982	-14.2	-16.3	-11.4	-4.2	-0.2	2.9	5.2	5.2	-0.7	-4.5	-11.0	-12.8
227	38719	Anzobsky pereval	68.87	39.08	3373	1983	-14.5	-14.1	-12.9	-4.8	-0.3	2.2	6.3	8.2	2.5	-4.4	-7.2	-13.0
227	38719	Anzobsky pereval	68.87	39.08	3373	1984	-17.2	-20.0	-9.9	-5.9	-1.7	4.8	7.7	9.1	0.3	-5.0	-8.6	-16.7
227	38719	Anzobsky pereval	68.87	39.08	3373	1985	-14.6	-12.9	-12.1	-3.8	-1.9	3.3	7.6	4.5	2.5	-4.1	-9.0	-11.9
227	38719	Anzobsky pereval	68.87	39.08	3373	1986	-14.4	-12.8	-13.3	-6.0	-1.6	2.3	6.1	5.1	2.2	-3.0	-9.4	-13.7
227	38719	Anzobsky pereval	68.87	39.08	3373	1987	-12.6	-13.1	-8.3	-6.6	-999.0	1.3	3.6	6.9	1.7	-6.0	-7.6	-9.1
227	38719	Anzobsky pereval	68.87	39.08	3373	1988	-13.6	-13.2	-11.2	-4.1	-1.4	3.7	7.8	5.0	2.2	-5.3	-5.4	-10.4
227	38719	Anzobsky pereval	68.87	39.08	3373	1989	-16.8	-18.5	-10.5	-8.8	-3.7	2.1	4.5	5.0	1.7	-2.4	-9.9	-10.1
227	38719	Anzobsky pereval	68.87	39.08	3373	1990	-13.4	-14.5	-10.9	-6.6	0.7	4.4	6.0	7.1	4.0	-3.5	-999.0	-999.0
227	38956	Bulunkul	72.95	37.70	3747	1951	-32.5	-28.9	-25.6	-13.4	-3.3	-2.7	-0.2	-0.2	-4.5	-9.0	-17.0	-21.9
227	38956	Bulunkul	72.95	37.70	3747	1952	-32.6	-27.1	-25.7	-11.3	-4.1	-1.6	3.4	3.6	-4.3	-12.6	-15.5	-25.3
227	38956	Bulunkul	72.95	37.70	3747	1953	-37.4	-31.3	-19.9	-10.1	-1.6	0.8	3.1	0.4	-3.8	-12.8	-18.3	-26.2
227	38956	Bulunkul	72.95	37.70	3747	1954	-33.9	-29.2	-24.7	-15.4	-3.9	-1.3	1.3	0.8	-3.3	-11.8	-18.7	-34.0
227	38956	Bulunkul	72.95	37.70	3747	1955	-37.7	-29.6	-17.7	-23.6	-4.6	-0.4	0.0	0.9	-6.4	-12.0	-18.8	-25.5
227	38956	Bulunkul	72.95	37.70	3747	1956	-37.5	-28.6	-22.1	-9.2	-2.5	-1.4	6.5	4.1	-3.3	-10.2	-18.8	-27.3
227	38956	Bulunkul	72.95	37.70	3747	1957	-31.8	-36.4	-30.7	-14.6	-4.9	-1.4	0.0	-0.3	-6.1	-10.4	-15.9	-32.4
227	38956	Bulunkul	72.95	37.70	3747	1958	-35.3	-39.0	-26.2	-10.3	-4.6	-1.4	2.5	-0.7	-4.9	-12.0	-18.4	-24.1
227	38956	Bulunkul	72.95	37.70	3747	1959	-38.8	-30.1	-20.9	-13.8	-3.2	-1.4	2.0	2.1	-2.6	-11.0	-15.1	-25.5
227	38956	Bulunkul	72.95	37.70	3747	1960	-31.8	-23.4	-19.7	-10.8	-5.2	-1.9	1.3	0.7	-4.6	-12.1	-22.9	-38.8
227	38956	Bulunkul	72.95	37.70	3747	1961	-37.7	-34.6	-26.3	-8.5	-3.0	-0.9	3.6	0.9	-4.6	-11.9	-20.9	-30.4
227	38956	Bulunkul	72.95	37.70	3747	1962	-32.5	-29.5	-23.4	-6.0	-4.4	-1.0	2.2	2.9	-2.8	-11.0	-18.3	-25.4
227	38956	Bulunkul	72.95	37.70	3747	1963	-30.3	-27.1	-21.9	-7.3	-3.4	-0.7	1.0	-0.5	-6.5	-10.0	-19.1	-28.8
227	38956	Bulunkul	72.95	37.70	3747	1964	-30.9	-24.3	-21.5	-8.8	-5.7	-1.4	1.6	1.0	-4.5	-13.3	-18.4	-27.4
227	38956	Bulunkul	72.95	37.70	3747	1965	-29.5	-31.9	-30.6	-20.1	-4.9	-1.4	3.0	2.4	-4.9	-9.0	-23.4	-40.2
227	38956	Bulunkul	72.95	37.70	3747	1966	-38.2	-27.9	-22.9	-16.1	-5.2	0.0	2.2	0.7	-4.2	-10.5	-21.9	-23.3
227	38956	Bulunkul	72.95	37.70	3747	1967	-32.9	-25.9	-27.8	-13.7	-3.7	-0.2	1.6	1.3	-3.0	-11.5	-20.1	-26.9
227	38956	Bulunkul	72.95	37.70	3747	1968	-34.8	-34.3	-22.4	-13.4	-3.3	-0.7	2.2	3.1	-5.8	-12.9	-19.2	-29.4
227	38956	Bulunkul	72.95	37.70	3747	1969	-30.4	-28.8	-19.1	-16.4	-5.2	-0.1	1.3	1.5	-4.8	-9.2	-21.2	-29.4
227	38956	Bulunkul	72.95	37.70	3747	1970	-31.0	-30.5	-20.7	-6.9	-4.3	-1.9	0.8	1.5	-4.6	-10.2	-19.2	-21.9
227	38956	Bulunkul	72.95	37.70	3747	1971	-30.5	-21.8	-16.1	-6.4	-4.3	2.0	2.8	0.3	-6.4	-12.1	-18.5	-23.5
227	38956	Bulunkul	72.95	37.70	3747	1972	-22.9	-27.9	-20.8	-19.0	-3.5	-0.9	-0.1	1.1	-5.1	-11.7	-19.6	-26.1
227	38956	Bulunkul	72.95	37.70	3747	1973	-29.1	-28.2	-25.8	-12.6	-2.2	0.9	4.4	1.5	-4.6	-12.6	-18.7	-26.0
227	38956	Bulunkul	72.95	37.70	3747	1974	-26.3	-27.8	-23.5	-6.4	-2.4	0.4	3.2	0.1	-5.4	-11.9	-21.8	-31.0
227	38956	Bulunkul	72.95	37.70	3747	1975	-39.0	-31.0	-25.8	-999.0	-999.0	-999.0	-999.0	3.4	-999.0	-11.2	-999.0	-999.0
227	38956	Bulunkul	72.95	37.70	3747	1976	-36.9	-999.0	-28.4	-15.4	-3.2	-1.2	-999.0	2.6	-4.8	-10.2	-19.0	-25.0
227	38956	Bulunkul	72.95	37.70	3747	1977	-27.4	-33.8	-20.6	-6.3	-3.3	0.6	3.4	3.0	-3.1	-8.7	-27.9	-33.4
227	38956	Bulunkul	72.95	37.70	3747	1978	-36.6	-31.0	-28.5	-14.4	-2.3	0.4	5.5	3.0	-6.0	-11.1	-23.5	-29.4
227	38956	Bulunkul	72.95	37.70	3747	1979	-33.6	-32.8	-26.8	-7.6	-3.2	-1.5	3.3	3.7	-3.9	-10.5	-20.9	-24.4
227	38956	Bulunkul	72.95	37.70	3747	1980	-29.5	-23.7	-23.3	-9.9	-2.1	-0.3	4.6	2.5	-4.6	-10.7	-19.0	-32.9
227	38956	Bulunkul	72.95	37.70	3747	1981	-32.7	-26.6	-26.2	-12.2	-1.1	-1.0	3.9	-0.3	-6.0	-11.9	-19.2	-27.7
227	38956	Bulunkul	72.95	37.70	3747	1982	-31.2	-33.8	-23.4	-11.2	-3.0	-0.2	1.9	1.6	-5.3	-11.0	-20.0	-32.3
227	38956	Bulunkul	72.95	37.70	3747	1983	-34.3	-35.6	-27.4	-12.1	-2.9	-999.0	1.6	3.8	-4.5	-12.2	-18.5	-24.1
227	38956	Bulunkul	72.95	37.70	3747	1984	-27.7	-25.0	-15.1	-8.3	-3.3	0.3	4.4	6.0	-4.7	-12.1	-17.6	-27.1
227	38956	Bulunkul	72.95	37.70	3747	1985	-35.4	-28.2	-15.8	-7.7	-4.3	0.0	4.6	4.0	-4.5	-9.7	-16.7	-27.4
227	38956	Bulunkul	72.95	37.70	3747	1986	-41.3	-35.6	-26.4	-13.6	-3.8	0.1	4.5	3.4	-1.4	-9.5	-16.6	-30.6
227	38956	Bulunkul	72.95	37.70	3747	1987	-37.7	-30.4	-22.0	-999.0	-4.2	-0.5	2.5	2.8	-5.0	-10.5	-21.4	-29.5
227	38956	Bulunkul	72.95	37.70	3747	1988	-32.8	-29.2	-23.9	-14.5	-3.0	0.5	4.0	1.6	-4.0	-9.6	-16.6	-24.2
227	38956	Bulunkul	72.95	37.70	3747	1989	-33.5	-29.1	-23.5	-14.0	-4.9	-1.7	3.1	1.7	-3.6	-10.7	-22.6	-29.7
227	38956	Bulunkul	72.95	37.70	3747	1990	-26.8	-30.9	-31.4	-17.1	-2.2	2.9	3.8	2.3	-4.6	-10.5	-17.3	-999.0
227	38842	Bustonabad	69.63	38.67	1983	1951	-7.8	-8.4	-2.5	2.6	8.5	10.4	13.9	15.3	12.2	7.5	0.9	-1.2
227	38842	Bustonabad	69.63	38.67	1983	1952	-5.3	-3.8	-2.7	4.9	7.8	12.5	15.2	15.3	10.9	6.2	-0.6	-4.9
227	38842	Bustonabad	69.63	38.67	1983	1953	-6.7	-2.1	-3.2	3.2	9.2	12.0	16.3	14.5	11.3	2.2	-1.6	-4.1
227	38842	Bustonabad	69.63	38.67	1983	1954	-6.8	-6.1	-3.2	4.6	8.6	11.3	13.3	13.3	11.0	5.5	-0.9	-5.6
227	38842	Bustonabad	69.63	38.67	1983	1955	-5.5	-3.1	-0.9	1.7	7.2	12.1	14.3	16.3	11.4	4.5	2.2	-2.1
227	38842	Bustonabad	69.63	38.67	1983	1956	-6.3	-5.6	-1.7	4.6	11.3	12.3	19.1	15.9	12.1	6.0	3.1	-4.8
227	38842	Bustonabad	69.63	38.67	1983	1957	-7.5	-8.9	-1.8	1.3	7.2	11.0	13.4	13.8	9.5	4.7	-1.5	-4.6
227	38842	Bustonabad	69.63	38.67	1983	1958	-3.5	-5.2	-0.7	4.9	5.9	12.1	15.8	13.5	11.5	5.4	-2.8	-2.2
227	38842	Bustonabad	69.63	38.67	1983	1959	-6.2	-8.0	-2.4	5.8	7.5	11.9	14.8	16.5	14.6	7.7	-1.0	-5.7
227	38842	Bustonabad	69.63	38.67	1983	1960	-5.6	-2.2	-4.8	1.6	6.0	12.7	15.6	15.7	10.9	6.1	-1.3	-3.5
227	38842	Bustonabad	69.63	38.67	1983	1961	-5.7	-8.5	-2.3	3.9	10.8	12.7	17.4	14.6	12.5	4.2	-0.6	-4.9
227	38842	Bustonabad	69.63	38.67	1983	1962	-7.5	-3.6	1.2	3.3	6.9	11.7	15.9	14.8	9.5	4.8	-3.7	-4.5
227	38842	Bustonabad	69.63	38.67	1983	1963	-4.0	-2.6	-1.4	5.4	8.2	12.9	14.6	14.5	10.4	7.0	0.2	-4.5
227	38842	Bustonabad	69.63	38.67	1983	1964	-12.8	-6.9	-1.0	1.2	7.0	11.5	14.4	14.7	10.6	3.7	0.4	-6.4
227	38842	Bustonabad	69.63	38.67	1983	1965	-4.4	-7.4	-3.5	2.8	8.9	11.9	15.3	13.8	9.6	7.3	1.9	-3.7
227	38842	Bustonabad	69.63	38.67	1983	1966	-1.5	-1.8	-2.3	2.9	7.6	14.8	14.8	15.3	10.6	3.7	-0.8	-3.7
227	38842	Bustonabad	69.63	38.67	1983	1967	-7.8	-6.8	-2.3	2.7	6.9	12.0	15.6	15.6	11.4	4.1	0.0	-3.3
227	38842	Bustonabad	69.63	38.67	1983	1968	-6.4	-7.0	-0.9	4.4	6.4	12.1	15.4	15.3	11.2	5.2	0.4	-5.2
227	38842	Bustonabad	69.63	38.67	1983	1969	-9.8	-9.4	-0.5	2.6	7.7	11.7	14.1	14.5	9.4	5.9	-0.5	-1.7
227	38842	Bustonabad	69.63	38.67	1983	1970	-6.2	-3.4	-2.8	5.3	9.8	13.2	13.6	16.9	11.1	6.7	2.1	-4.0
227	38842	Bustonabad	69.63	38.67	1983	1971	-7.5	-5.1	0.3	5.0	10.2	15.1	16.2	15.4	10.4	6.2	2.2	-0.3
227	38842	Bustonabad	69.63	38.67	1983	1972	-7.9	-12.7	-2.7	2.6	7.3	11.6	12.7	12.9	10.8	6.1	2.4	-6.1
227	38842	Bustonabad	69.63	38.67	1983	1973	-9.7	-3.8	-3.2	4.2	8.6	15.0	17.4	16.9	10.7	6.3	2.5	-3.3
227	38842	Bustonabad	69.63	38.67	1983	1974	-8.5	-7.3	-1.3	5.1	8.6	12.1	15.2	13.1	10.7	5.1	0.4	-6.2
227	38842	Bustonabad	69.63	38.67	1983	1975	-7.6	-6.5	-2.3	4.4	6.3	12.3	16.2	16.4	11.4	-999.0	-3.0	-5.2
227	38842	Bustonabad	69.63	38.67	1983	1976	-4.6	-7.7	-4.5	2.8	8.7	11.7	17.2	16.6	11.8	4.8	-1.5	-5.1
227	38842	Bustonabad	69.63	38.67	1983	1977	-9.8	-6.7	0.8	6.1	8.1	14.2	16.6	15.7	11.3	6.1	2.5	-4.0
227	38842	Bustonabad	69.63	38.67	1983	1978	-8.1	-6.5	-3.6	7.9	8.8	13.6	17.3	15.9	12.3	6.9	-2.3	-1.3
227	38842	Bustonabad	69.63	38.67	1983	1979	-5.4	-3.7	-2.7	5.6	5.9	12.2	17.2	15.4	12.0	9.5	0.9	-2.7
227	38842	Bustonabad	69.63	38.67	1983	1980	-7.0	-6.9	-2.5	5.6	10.0	14.0	17.5	16.5	11.8	6.9	3.0	-1.3
227	38842	Bustonabad	69.63	38.67	1983	1981	-5.0	-5.1	-1.0	4.9	9.9	11.2	14.6	13.3	11.4	4.0	2.1	-3.1
227	38842	Bustonabad	69.63	38.67	1983	1982	-5.6	-7.9	-2.7	5.3	9.3	11.9	14.8	15.1	9.5	5.1	-2.1	-4.9
227	38842	Bustonabad	69.63	38.67	1983	1983	-6.4	-5.1	-3.9	4.4	9.3	11.2	15.0	17.4	12.2	5.1	2.8	-999.0
227	38842	Bustonabad	69.63	38.67	1983	1984	-7.7	-11.5	-0.9	4.2	8.5	14.8	17.7	19.1	10.5	4.5	1.0	-8.8
227	38842	Bustonabad	69.63	38.67	1983	1985	-6.3	-4.2	-3.2	5.5	7.9	13.1	17.1	14.9	12.0	5.4	0.4	-3.5
227	38842	Bustonabad	69.63	38.67	1983	1986	-6.0	-4.7	-4.5	3.3	7.6	12.4	16.7	15.8	12.4	7.2	0.5	-5.8
227	38842	Bustonabad	69.63	38.67	1983	1987	-4.1	-4.3	0.4	3.0	-999.0	11.3	13.2	16.9	11.7	2.9	1.5	-0.7
227	38842	Bustonabad	69.63	38.67	1983	1988	-5.4	-5.2	-2.1	5.5	8.4	13.1	17.3	14.9	12.2	4.5	3.9	-1.7
227	38842	Bustonabad	69.63	38.67	1983	1989	-8.8	-9.2	-1.7	1.5	6.0	11.4	14.2	14.7	11.0	-999.0	-999.0	-1.7
227	38842	Bustonabad	69.63	38.67	1983	1990	-5.4	-999.0	-999.0	-999.0	-999.0	14.6	15.8	17.0	13.9	5.8	3.1	-4.4
227	38734	Dehavz	70.20	39.45	2561	1951	-10.4	-11.7	-6.0	-1.7	3.7	4.7	6.6	7.5	5.5	2.8	-3.1	-5.9
227	38734	Dehavz	70.20	39.45	2561	1952	-8.7	-7.6	-6.1	1.1	3.4	6.5	8.4	7.9	4.7	0.8	-4.3	-8.8
227	38734	Dehavz	70.20	39.45	2561	1953	-11.0	-6.8	-6.1	-0.4	5.1	7.2	9.4	7.9	5.5	-2.4	-5.3	-8.1
227	38734	Dehavz	70.20	39.45	2561	1954	-11.1	-9.3	-5.0	0.8	3.4	5.5	7.1	6.9	4.8	0.3	-6.6	-11.1
227	38734	Dehavz	70.20	39.45	2561	1955	-11.0	-7.3	-3.7	-3.3	3.1	6.3	7.1	9.1	5.3	-0.2	-3.2	-6.1
227	38734	Dehavz	70.20	39.45	2561	1956	-11.7	-8.0	-4.5	0.8	6.1	5.7	10.7	8.2	6.0	0.7	-2.0	-9.1
227	38734	Dehavz	70.20	39.45	2561	1957	-10.3	-13.2	-5.5	-2.2	3.0	6.0	7.6	7.4	3.9	-0.3	-4.5	-8.5
227	38734	Dehavz	70.20	39.45	2561	1958	-7.7	-10.6	-4.4	1.2	1.4	5.9	8.7	6.8	5.6	1.0	-5.6	-4.7
227	38734	Dehavz	70.20	39.45	2561	1959	-10.0	-10.8	-5.5	0.5	3.4	6.3	7.9	8.8	7.6	2.6	-5.0	-8.7
227	38734	Dehavz	70.20	39.45	2561	1960	-10.2	-5.9	-7.5	-2.9	1.5	6.5	9.0	8.8	4.9	0.5	-5.2	-8.5
227	38734	Dehavz	70.20	39.45	2561	1961	-10.3	-12.8	-6.2	0.0	5.4	6.4	9.3	7.5	6.3	0.0	-5.9	-9.6
227	38734	Dehavz	70.20	39.45	2561	1962	-10.5	-8.0	-2.9	0.2	2.7	6.1	8.2	8.0	3.9	0.4	-7.6	-9.6
227	38734	Dehavz	70.20	39.45	2561	1963	-9.7	-7.2	-5.4	0.8	3.8	6.4	8.2	8.2	5.1	2.4	-3.5	-7.5
227	38734	Dehavz	70.20	39.45	2561	1964	-15.2	-10.5	-3.3	-1.1	2.6	5.7	7.5	8.1	4.6	-1.2	-5.0	-11.0
227	38734	Dehavz	70.20	39.45	2561	1965	-8.3	-11.6	-6.3	-1.2	3.7	5.9	8.3	5.7	3.8	2.0	-4.0	-9.0
227	38734	Dehavz	70.20	39.45	2561	1966	-8.3	-7.5	-5.5	-0.8	2.6	7.2	7.7	7.8	4.5	-0.6	-6.9	-9.1
227	38734	Dehavz	70.20	39.45	2561	1967	-12.6	-9.2	-5.7	-0.8	2.9	6.3	8.8	8.4	5.4	-1.0	-4.7	-7.3
227	38734	Dehavz	70.20	39.45	2561	1968	-10.2	-11.2	-3.8	0.3	2.5	5.8	8.2	8.1	4.8	0.0	-4.0	-9.7
227	38734	Dehavz	70.20	39.45	2561	1969	-11.9	-11.6	-1.5	-0.5	3.0	5.6	7.9	7.3	3.5	0.7	-5.7	-6.4
227	38734	Dehavz	70.20	39.45	2561	1970	-10.7	-7.6	-6.8	0.8	3.4	6.4	7.3	8.6	4.9	1.5	-4.3	-7.2
227	38734	Dehavz	70.20	39.45	2561	1971	-12.7	-8.8	-3.7	1.4	4.8	8.3	8.3	8.1	3.5	0.4	-2.6	-5.3
227	38734	Dehavz	70.20	39.45	2561	1972	-10.2	-15.1	-5.7	-2.3	2.6	6.2	6.7	6.7	3.8	0.3	-4.2	-9.2
227	38734	Dehavz	70.20	39.45	2561	1973	-13.0	-8.3	-7.3	-0.2	3.2	7.1	8.8	7.7	3.9	-0.6	-2.8	-9.5
227	38734	Dehavz	70.20	39.45	2561	1974	-12.6	-12.3	-5.2	0.7	3.3	5.2	7.8	5.9	3.6	1.3	-5.1	-11.9
227	38734	Dehavz	70.20	39.45	2561	1975	-12.6	-11.2	-7.2	-0.5	1.1	5.3	8.2	8.4	4.7	-0.1	-7.2	-9.2
227	38734	Dehavz	70.20	39.45	2561	1976	-8.9	-10.5	-7.2	-0.8	3.9	5.8	9.3	8.6	5.7	0.6	-7.2	-9.7
227	38734	Dehavz	70.20	39.45	2561	1977	-12.2	-11.9	-3.7	1.6	3.8	7.7	9.5	8.6	4.9	2.0	-1.3	-8.3
227	38734	Dehavz	70.20	39.45	2561	1978	-12.3	-10.0	-7.7	0.7	4.7	7.2	9.6	8.9	5.8	1.7	-5.6	-4.6
227	38734	Dehavz	70.20	39.45	2561	1979	-9.7	-8.2	-6.3	1.4	1.7	6.1	8.9	8.2	4.5	3.0	-5.1	-6.4
227	38734	Dehavz	70.20	39.45	2561	1980	-9.9	-8.8	-6.6	1.8	5.1	6.9	9.4	8.8	5.2	2.0	-1.4	-6.9
227	38734	Dehavz	70.20	39.45	2561	1981	-9.2	-7.4	-4.0	0.8	5.8	5.8	8.2	6.9	4.4	-0.1	-4.6	-6.7
227	38734	Dehavz	70.20	39.45	2561	1982	-8.3	-10.4	-5.4	0.5	5.0	6.5	7.8	8.1	3.8	0.0	-5.1	-9.4
227	38734	Dehavz	70.20	39.45	2561	1983	-9.3	-11.0	-7.3	0.9	4.9	5.9	8.4	10.1	6.3	0.1	-2.5	-8.7
227	38734	Dehavz	70.20	39.45	2561	1984	-13.3	-12.9	-3.9	0.0	3.9	8.4	9.8	10.3	4.4	-0.4	-3.3	-13.0
227	38734	Dehavz	70.20	39.45	2561	1985	-10.1	-7.8	-6.1	1.1	3.5	6.8	9.9	8.1	5.1	0.8	-4.8	-7.5
227	38734	Dehavz	70.20	39.45	2561	1986	-10.4	-8.0	-7.6	-0.5	3.2	6.6	8.9	8.5	5.5	1.3	-4.1	-8.9
227	38734	Dehavz	70.20	39.45	2561	1987	-8.2	-7.7	-999.0	-1.0	2.8	4.8	6.8	8.7	5.3	-0.7	-2.3	-5.2
227	38734	Dehavz	70.20	39.45	2561	1988	-9.4	-9.5	-4.8	0.5	3.6	6.7	9.7	8.2	5.7	-0.5	-1.5	-5.9
227	38734	Dehavz	70.20	39.45	2561	1989	-12.2	-12.8	-5.4	-2.7	1.8	5.5	8.0	8.0	5.2	1.2	-5.9	-5.8
227	38734	Dehavz	70.20	39.45	2561	1990	-7.5	-8.7	-6.3	-1.0	4.7	7.9	9.1	9.5	6.5	0.8	-999.0	-999.0
227	38836	Dushanbe	68.78	38.58	790	1926	-999.0	-999.0	-999.0	9.1	-999.0	-999.0	-999.0	-999.0	-999.0	5.5	-0.8	0.8
227	38836	Dushanbe	68.78	38.58	790	1927	-6.0	-2.5	1.1	-999.0	12.9	15.8	20.1	17.5	12.1	8.4	3.2	0.2
227	38836	Dushanbe	68.78	38.58	790	1928	-5.2	-1.6	0.2	9.6	13.3	16.4	18.1	16.8	10.4	6.8	3.8	0.0
227	38836	Dushanbe	68.78	38.58	790	1929	-4.9	-2.6	5.0	10.3	12.4	16.0	18.9	16.8	13.3	6.7	3.7	-5.4
227	38836	Dushanbe	68.78	38.58	790	1930	-8.2	-2.7	3.6	8.9	13.1	17.4	20.9	17.7	11.8	7.7	4.9	-0.8
227	38836	Dushanbe	68.78	38.58	790	1931	-0.1	-4.4	3.6	10.5	12.0	15.6	18.5	17.9	13.2	7.4	2.6	-1.5
227	38836	Dushanbe	68.78	38.58	790	1932	-1.4	-0.9	5.8	10.3	11.9	17.0	20.7	17.0	12.7	6.1	2.5	-5.8
227	38836	Dushanbe	68.78	38.58	790	1933	-8.2	0.3	1.1	8.6	13.4	17.0	20.9	19.3	12.6	7.4	4.6	2.3
227	38836	Dushanbe	68.78	38.58	790	1934	-10.3	2.0	3.9	9.3	10.7	16.4	18.4	17.7	10.9	5.2	1.6	2.2
227	38836	Dushanbe	68.78	38.58	790	1935	-6.9	1.9	3.3	8.0	12.4	14.3	18.4	17.9	11.4	7.5	2.5	0.4
227	38836	Dushanbe	68.78	38.58	790	1936	-4.0	2.3	1.4	8.1	14.6	17.5	18.7	16.2	13.4	8.0	2.2	-1.1
227	38836	Dushanbe	68.78	38.58	790	1937	-6.0	0.4	1.4	7.3	14.0	16.9	18.6	16.3	12.3	7.2	1.1	-2.0
227	38836	Dushanbe	68.78	38.58	790	1938	-0.5	1.0	2.5	10.2	15.3	15.7	17.7	16.1	10.7	6.2	1.0	1.1
227	38836	Dushanbe	68.78	38.58	790	1939	-0.8	-0.6	1.8	5.4	13.0	17.4	18.8	16.0	11.2	7.9	4.6	3.2
227	38836	Dushanbe	68.78	38.58	790	1940	0.3	2.1	2.3	9.5	11.9	17.3	18.5	16.0	11.7	9.3	3.7	0.7
227	38836	Dushanbe	68.78	38.58	790	1941	-2.4	3.1	6.5	9.5	14.5	17.5	17.0	17.0	11.1	9.4	3.6	0.9
227	38836	Dushanbe	68.78	38.58	790	1942	-1.6	-0.1	4.5	9.8	14.3	16.5	18.8	15.7	10.3	7.5	6.6	-0.5
227	38836	Dushanbe	68.78	38.58	790	1943	-2.6	0.0	2.0	8.1	12.6	15.1	17.4	16.2	10.9	5.4	2.7	2.6
227	38836	Dushanbe	68.78	38.58	790	1944	-0.4	0.7	6.0	8.9	14.0	15.7	18.9	17.2	10.6	7.7	3.8	-5.6
227	38836	Dushanbe	68.78	38.58	790	1945	-4.5	-3.1	1.7	8.0	12.0	15.9	17.9	17.1	12.0	5.9	4.5	-1.1
227	38836	Dushanbe	68.78	38.58	790	1946	-2.2	3.2	4.5	11.2	14.6	16.3	17.6	16.6	11.5	8.3	-0.1	-4.0
227	38836	Dushanbe	68.78	38.58	790	1947	-0.3	0.6	6.7	9.1	13.4	15.2	17.4	17.8	11.6	7.7	6.1	-0.1
227	38836	Dushanbe	68.78	38.58	790	1948	0.4	0.3	2.5	9.3	12.8	15.3	19.2	16.4	11.8	6.3	1.5	-3.0
227	38836	Dushanbe	68.78	38.58	790	1949	-5.7	-0.2	3.1	9.0	12.7	15.0	17.9	15.6	10.6	4.5	0.5	-0.1
227	38836	Dushanbe	68.78	38.58	790	1950	-3.4	-2.6	3.8	6.2	12.9	16.8	18.5	16.8	10.3	6.6	-0.8	-2.4
227	38836	Dushanbe	68.78	38.58	790	1951	-2.7	-4.0	2.3	8.2	13.2	13.7	16.7	15.1	11.7	10.8	3.6	2.1
227	38836	Dushanbe	68.78	38.58	790	1952	-0.1	2.3	4.0	10.2	12.2	16.3	17.8	16.3	11.4	5.4	1.7	0.1
227	38836	Dushanbe	68.78	38.58	790	1953	-0.2	2.8	3.4	9.2	13.9	15.4	17.9	15.6	11.1	5.2	2.9	-0.2
227	38836	Dushanbe	68.78	38.58	790	1954	-1.4	-0.5	3.3	9.9	12.4	14.4	17.4	15.7	11.2	6.3	1.0	-1.8
227	38836	Dushanbe	68.78	38.58	790	1955	-1.0	2.3	5.8	6.5	12.7	15.1	17.4	16.9	11.8	5.5	5.2	3.1
227	38836	Dushanbe	68.78	38.58	790	1956	-1.7	0.0	4.2	9.3	14.4	15.2	20.1	16.7	12.3	6.4	3.4	-2.2
227	38836	Dushanbe	68.78	38.58	790	1957	-4.2	-2.9	4.8	7.8	12.1	15.5	16.9	16.0	10.0	6.9	1.2	0.5
227	38836	Dushanbe	68.78	38.58	790	1958	1.6	0.8	5.7	10.4	11.1	16.2	18.9	15.9	12.2	7.0	0.4	3.3
227	38836	Dushanbe	68.78	38.58	790	1959	-1.8	-2.3	3.7	10.9	12.3	16.1	18.6	18.6	14.4	8.5	3.2	-2.0
227	38836	Dushanbe	68.78	38.58	790	1960	-1.0	2.5	0.8	7.2	11.3	17.0	18.4	16.4	12.6	6.8	2.6	-0.8
227	38836	Dushanbe	68.78	38.58	790	1961	0.4	-1.4	4.2	9.4	15.6	16.3	19.8	17.1	13.8	5.9	2.0	0.8
227	38836	Dushanbe	68.78	38.58	790	1962	-1.9	2.9	6.8	9.6	-999.0	15.7	19.6	17.5	11.8	7.2	1.1	-0.5
227	38836	Dushanbe	68.78	38.58	790	1963	0.1	3.4	4.6	10.4	12.9	18.1	18.3	16.4	12.8	9.7	4.0	-0.8
227	38836	Dushanbe	68.78	38.58	790	1964	-8.7	-0.2	5.8	8.6	12.2	16.4	18.3	16.8	12.3	2.9	1.6	-4.8
227	38836	Dushanbe	68.78	38.58	790	1965	0.6	-0.4	3.2	9.1	12.3	15.0	17.2	14.9	9.4	9.0	4.6	-1.9
227	38836	Dushanbe	68.78	38.58	790	1966	0.8	3.9	4.9	8.3	11.9	16.4	16.7	14.7	9.8	6.7	-0.5	-0.3
227	38836	Dushanbe	68.78	38.58	790	1967	-4.6	-1.1	2.5	8.4	11.9	15.6	16.7	14.3	10.0	6.0	3.2	1.3
227	38836	Dushanbe	68.78	38.58	790	1968	-1.8	-2.1	5.8	9.1	11.4	16.2	16.6	14.1	9.1	5.6	3.9	1.8
227	38836	Dushanbe	68.78	38.58	790	1969	-6.2	-4.7	6.5	8.3	-999.0	15.9	17.8	14.8	10.2	8.9	2.0	2.3
227	38836	Dushanbe	68.78	38.58	790	1970	-1.3	2.4	2.9	10.5	12.8	15.5	17.6	15.7	10.4	6.2	2.6	-0.7
227	38836	Dushanbe	68.78	38.58	790	1971	-3.9	0.1	5.3	9.8	12.8	16.5	17.2	13.5	9.7	5.2	4.8	1.7
227	38836	Dushanbe	68.78	38.58	790	1972	-5.4	-9.2	2.7	7.8	12.5	15.5	15.5	13.3	10.1	5.6	3.5	-2.2
227	38836	Dushanbe	68.78	38.58	790	1973	-7.2	0.1	3.8	10.2	12.9	17.2	18.0	15.3	10.0	5.1	2.7	-1.2
227	38836	Dushanbe	68.78	38.58	790	1974	-4.9	-4.3	3.9	10.9	12.4	15.4	18.7	14.0	10.7	5.3	1.6	-1.5
227	38836	Dushanbe	68.78	38.58	790	1975	-3.6	-1.6	3.4	9.2	11.4	15.5	16.8	15.8	11.4	5.3	-0.1	-2.8
227	38836	Dushanbe	68.78	38.58	790	1976	0.0	-2.2	1.7	9.1	12.5	16.0	18.2	15.9	11.2	7.7	0.4	-1.1
227	38836	Dushanbe	68.78	38.58	790	1977	-7.1	-2.9	6.0	10.6	13.8	18.2	18.2	15.6	10.4	9.2	6.7	1.5
227	38836	Dushanbe	68.78	38.58	790	1978	-3.3	-1.6	2.5	11.0	13.3	17.5	18.5	15.6	10.9	8.3	2.2	3.2
227	38836	Dushanbe	68.78	38.58	790	1979	-1.1	0.8	3.4	11.3	10.7	16.2	18.1	17.5	11.8	8.0	1.8	1.8
227	38836	Dushanbe	68.78	38.58	790	1980	-2.1	-1.5	4.4	11.1	14.0	17.3	18.2	16.5	11.6	8.5	6.0	1.0
227	38836	Dushanbe	68.78	38.58	790	1981	0.0	0.9	5.7	9.7	14.2	16.5	19.2	15.7	11.1	6.4	3.0	2.3
227	38836	Dushanbe	68.78	38.58	790	1982	-2.4	-1.4	3.5	9.8	14.6	16.9	17.6	17.7	10.8	8.7	2.4	-2.5
227	38836	Dushanbe	68.78	38.58	790	1983	-1.8	0.4	3.0	10.3	14.6	17.5	20.4	19.5	14.0	7.0	6.3	1.8
227	38836	Dushanbe	68.78	38.58	790	1984	-1.3	-6.4	6.3	10.4	14.6	19.3	21.0	19.8	12.8	6.9	6.7	-3.5
227	38836	Dushanbe	68.78	38.58	790	1985	-0.7	2.5	3.7	10.9	13.8	19.3	21.3	18.4	13.4	9.1	4.6	2.2
227	38836	Dushanbe	68.78	38.58	790	1986	-0.1	1.3	2.3	9.9	14.4	18.2	20.6	18.3	14.6	10.5	4.7	0.5
227	38836	Dushanbe	68.78	38.58	790	1987	2.3	2.1	8.3	9.4	13.8	17.9	19.7	19.5	15.1	7.4	4.9	3.3
227	38836	Dushanbe	68.78	38.58	790	1988	0.0	0.8	5.7	11.4	14.0	18.9	21.8	17.8	13.7	7.4	6.4	4.0
227	38836	Dushanbe	68.78	38.58	790	1989	-2.6	-3.5	4.8	8.3	11.3	17.7	19.5	-999.0	12.4	8.2	4.0	4.1
227	38836	Dushanbe	68.78	38.58	790	1990	-0.8	-999.0	-999.0	-999.0	-999.0	-999.0	-999.0	-999.0	-999.0	-999.0	-999.0	-999.0
227	38836	Dushanbe	68.78	38.58	790	1991	-999.0	-999.0	-999.0	-999.0	-999.0	-999.0	-999.0	-999.0	-999.0	-999.0	-999.0	-999.0
227	38836	Dushanbe	68.78	38.58	790	1992	-999.0	-999.0	-999.0	-999.0	-999.0	-999.0	-999.0	-999.0	-999.0	-999.0	-999.0	-999.0
227	38836	Dushanbe	68.78	38.58	790	1993	-999.0	-999.0	-999.0	-999.0	-999.0	-999.0	-999.0	-999.0	-999.0	-999.0	-999.0	-999.0
227	38836	Dushanbe	68.78	38.58	790	1994	-0.1	-0.6	6.6	6.7	13.8	18.5	20.0	18.5	10.8	8.1	7.6	-1.0
227	38836	Dushanbe	68.78	38.58	790	1995	-0.5	0.8	5.1	10.3	-999.0	-999.0	-999.0	-999.0	-999.0	-999.0	-999.0	-999.0
227	38836	Dushanbe	68.78	38.58	790	1996	-999.0	-999.0	-999.0	-999.0	-999.0	-999.0	-999.0	-999.0	-999.0	-999.0	-999.0	-999.0
227	38836	Dushanbe	68.78	38.58	790	1997	-999.0	-999.0	-999.0	-999.0	-999.0	-999.0	-999.0	18.2	12.0	-999.0	3.7	-999.0
227	38836	Dushanbe	68.78	38.58	790	1998	-999.0	-999.0	-999.0	-999.0	-999.0	-999.0	-999.0	-999.0	-999.0	-999.0	-999.0	-999.0
227	38836	Dushanbe	68.78	38.58	790	1999	-999.0	-999.0	-999.0	-999.0	14.0	16.7	18.4	18.8	-999.0	9.4	-999.0	-999.0
227	38836	Dushanbe	68.78	38.58	790	2000	-999.0	-999.0	-999.0	-999.0	-999.0	-999.0	-999.0	-999.0	-999.0	-999.0	-999.0	-999.0
227	38836	Dushanbe	68.78	38.58	790	2001	-999.0	-999.0	5.0	-999.0	-999.0	18.1	19.3	-999.0	-999.0	-999.0	5.2	2.3
227	38836	Dushanbe	68.78	38.58	790	2002	0.4	1.6	6.5	10.1	12.8	16.9	17.6	17.2	12.0	9.2	3.8	-2.9
227	38836	Dushanbe	68.78	38.58	790	2003	1.9	1.2	3.7	8.9	11.0	15.6	19.0	16.3	12.3	7.6	2.4	-1.1
227	38956	Dzhavshangoz	72.45	37.35	3436	1951	-23.5	-23.6	-18.0	-8.2	-0.9	-1.1	1.4	1.6	-2.9	-5.3	-11.5	-16.2
227	38956	Dzhavshangoz	72.45	37.35	3436	1952	-20.4	-20.2	-19.5	-6.4	-1.7	0.2	4.2	4.3	-2.8	-9.3	-12.6	-18.7
227	38956	Dzhavshangoz	72.45	37.35	3436	1953	-26.4	-20.5	-14.0	-5.9	-0.3	2.3	4.3	1.7	-1.7	-9.8	-14.0	-19.2
227	38956	Dzhavshangoz	72.45	37.35	3436	1954	-27.2	-22.5	-18.2	-9.8	-2.0	-0.1	2.4	1.4	-1.8	-8.8	-14.2	-27.6
227	38956	Dzhavshangoz	72.45	37.35	3436	1955	-28.0	-22.2	-11.0	-13.4	-3.0	0.2	1.5	2.8	-4.4	-9.5	-16.8	-18.6
227	38956	Dzhavshangoz	72.45	37.35	3436	1956	-28.5	-22.0	-16.3	-4.5	-1.7	-0.7	7.0	5.2	-1.9	-8.0	-13.7	-22.4
227	38956	Dzhavshangoz	72.45	37.35	3436	1957	-24.5	-27.6	-20.2	-10.2	-2.4	0.7	2.0	1.8	-4.1	-7.5	-11.7	-23.1
227	38956	Dzhavshangoz	72.45	37.35	3436	1958	-23.9	-26.8	-16.7	-4.0	-2.9	-0.3	3.1	0.9	-2.6	-8.1	-17.0	-17.3
227	38956	Dzhavshangoz	72.45	37.35	3436	1959	-28.2	-24.7	-15.9	-9.8	-1.2	-1.1	3.1	2.3	-1.1	-8.2	-12.7	-21.8
227	38956	Dzhavshangoz	72.45	37.35	3436	1960	-26.9	-20.6	-17.4	-11.5	-3.1	0.2	2.6	1.9	-2.8	-9.0	-18.1	-27.2
227	38956	Dzhavshangoz	72.45	37.35	3436	1961	-26.1	-27.0	-20.4	-5.9	-0.9	0.9	4.8	2.2	-2.6	-9.7	-16.3	-23.3
227	38956	Dzhavshangoz	72.45	37.35	3436	1962	-26.0	-22.4	-16.7	-3.8	-2.2	0.8	4.5	4.3	-2.0	-8.1	-15.9	-23.1
227	38956	Dzhavshangoz	72.45	37.35	3436	1963	-26.6	-20.4	-17.3	-5.0	-1.2	0.8	2.7	1.0	-4.3	-7.3	-15.5	-21.4
227	38956	Dzhavshangoz	72.45	37.35	3436	1964	-26.3	-22.4	-16.9	-7.7	-3.0	0.0	2.9	1.6	-2.9	-10.2	-14.7	-20.0
227	38956	Dzhavshangoz	72.45	37.35	3436	1965	-19.8	-25.3	-21.4	-12.6	-2.2	0.4	4.7	3.0	-4.1	-6.3	-16.2	-25.7
227	38956	Dzhavshangoz	72.45	37.35	3436	1966	-23.0	-19.4	-16.5	-10.5	-3.0	0.8	2.8	1.7	-6.3	-6.8	-18.2	-19.5
227	38956	Dzhavshangoz	72.45	37.35	3436	1967	-26.8	-21.0	-19.7	-8.5	-2.2	0.8	2.6	2.7	-3.4	-8.0	-15.8	-20.8
227	38956	Dzhavshangoz	72.45	37.35	3436	1968	-26.5	-25.4	-14.4	-8.7	-1.6	0.7	3.2	3.8	-4.3	-10.2	-15.4	-21.0
227	38956	Dzhavshangoz	72.45	37.35	3436	1969	-24.7	-22.6	-12.3	-10.5	-3.1	0.6	2.1	2.6	-3.2	-5.7	-13.2	-18.3
227	38956	Dzhavshangoz	72.45	37.35	3436	1970	-20.1	-19.5	-13.8	-4.6	-2.0	0.0	2.3	3.0	-2.5	-7.6	-15.2	-19.7
227	38956	Dzhavshangoz	72.45	37.35	3436	1971	-25.3	-18.5	-15.0	-3.7	-1.7	3.3	3.8	1.3	-3.6	-9.6	-14.5	-999.0
227	38956	Dzhavshangoz	72.45	37.35	3436	1972	-17.7	-999.0	-999.0	-999.0	-999.0	-999.0	-999.0	-999.0	-999.0	-999.0	-999.0	-999.0
227	38956	Dzhavshangoz	72.45	37.35	3436	1973	-25.9	-23.2	-19.8	-9.1	-0.8	2.5	5.2	3.6	-3.0	-10.0	-14.1	-20.2
227	38956	Dzhavshangoz	72.45	37.35	3436	1974	-22.2	-21.1	-16.1	-3.6	-1.0	0.7	3.5	0.7	-4.1	-10.1	-17.7	-25.5
227	38956	Dzhavshangoz	72.45	37.35	3436	1975	-28.9	-25.2	-20.1	-6.5	-1.6	0.1	3.1	4.6	-2.5	-8.9	-17.1	-22.1
227	38956	Dzhavshangoz	72.45	37.35	3436	1976	-26.3	-23.1	-21.0	-10.3	-1.1	1.3	4.3	3.9	-3.1	-7.2	-15.5	-19.6
227	38956	Dzhavshangoz	72.45	37.35	3436	1977	-22.2	-26.8	-13.1	-3.5	-1.0	2.9	4.6	2.9	-1.6	-6.0	-18.2	-24.3
227	38956	Dzhavshangoz	72.45	37.35	3436	1978	-28.8	-24.5	-21.4	-8.7	-0.9	1.2	6.3	3.9	-3.8	-7.4	-14.6	-19.6
227	38956	Dzhavshangoz	72.45	37.35	3436	1979	-22.9	-20.9	-17.8	-3.6	-2.6	0.3	4.6	4.2	-2.6	-6.7	-14.8	-17.8
227	38956	Dzhavshangoz	72.45	37.35	3436	1980	-20.6	-17.8	-18.2	-5.7	-0.4	0.7	5.2	3.8	-2.1	-7.1	-13.0	-21.9
227	38956	Dzhavshangoz	72.45	37.35	3436	1981	-21.7	-20.2	-16.1	-5.6	1.0	0.5	5.0	1.6	-4.1	-8.8	-15.0	-20.8
227	38956	Dzhavshangoz	72.45	37.35	3436	1982	-21.7	-23.8	-14.5	-5.8	-1.2	1.8	3.9	4.0	-3.4	-6.5	-13.9	-24.1
227	38956	Dzhavshangoz	72.45	37.35	3436	1983	-25.4	-26.8	-18.1	-5.6	-0.7	0.5	4.0	6.4	-1.6	-8.7	-12.8	-18.4
227	38956	Dzhavshangoz	72.45	37.35	3436	1984	-24.1	-22.8	-13.7	-6.7	-1.0	3.1	6.2	7.9	-999.0	-8.3	-11.8	-21.5
227	38956	Dzhavshangoz	72.45	37.35	3436	1985	-26.3	-22.7	-11.3	-4.8	-1.7	1.7	6.1	5.3	-2.5	-6.4	-999.0	-20.3
227	38956	Dzhavshangoz	72.45	37.35	3436	1986	-28.8	-24.7	-18.9	-8.1	-2.5	1.3	5.9	3.9	0.3	-7.1	-12.4	-21.8
227	38956	Dzhavshangoz	72.45	37.35	3436	1987	-26.0	-21.4	-13.5	-999.0	-999.0	0.3	3.4	3.3	-2.8	-5.9	-13.8	-20.5
227	38956	Dzhavshangoz	72.45	37.35	3436	1988	-23.2	-22.5	-15.6	-7.8	-1.2	1.9	5.4	3.6	-1.3	-7.2	-11.7	-16.0
227	38956	Dzhavshangoz	72.45	37.35	3436	1989	-26.7	-21.4	-11.9	-9.2	-2.7	0.4	4.6	3.1	-3.1	-7.5	-18.2	-21.7
227	38956	Dzhavshangoz	72.45	37.35	3436	1990	-21.4	-22.2	-21.1	-10.7	-1.2	3.9	4.7	4.2	-2.6	-7.3	-13.3	-17.2
227	38862	Fedchenko Glacier	72.22	38.83	4169	1951	-20.2	-20.4	-15.5	-13.2	-7.2	-6.1	-3.0	-1.4	-3.8	-6.6	-12.5	-15.6
227	38862	Fedchenko Glacier	72.22	38.83	4169	1952	-17.7	-16.6	-16.3	-8.6	-6.9	-3.3	-0.4	-0.1	-3.9	-9.1	-13.7	-17.2
227	38862	Fedchenko Glacier	72.22	38.83	4169	1953	-20.7	-15.6	-15.1	-10.4	-5.4	-2.9	0.9	-1.0	-2.9	-11.3	-14.4	-15.3
227	38862	Fedchenko Glacier	72.22	38.83	4169	1954	-20.1	-18.6	-14.7	-9.6	-7.2	-4.7	-1.6	-1.5	-3.8	-11.0	-15.2	-19.2
227	38862	Fedchenko Glacier	72.22	38.83	4169	1955	-19.8	-17.1	-13.0	-13.9	-7.9	-3.7	-1.9	0.8	-3.7	-9.2	-12.5	-15.1
227	38862	Fedchenko Glacier	72.22	38.83	4169	1956	-20.1	-17.5	-13.9	-9.2	-4.5	-3.5	3.3	0.3	-2.4	-8.2	-12.0	-18.7
227	38862	Fedchenko Glacier	72.22	38.83	4169	1957	-19.8	-21.7	-15.2	-12.1	-8.2	-4.2	-1.3	-1.1	-5.1	-9.2	-14.0	-17.0
227	38862	Fedchenko Glacier	72.22	38.83	4169	1958	-16.2	-19.0	-13.9	-7.8	-9.0	-3.9	0.1	-1.7	-2.8	-9.4	-14.4	-14.3
227	38862	Fedchenko Glacier	72.22	38.83	4169	1959	-19.0	-20.0	-14.6	-10.1	-7.5	-3.4	-0.3	1.2	0.1	-7.1	-13.4	-17.5
227	38862	Fedchenko Glacier	72.22	38.83	4169	1960	-19.1	-15.0	-16.3	-12.4	-8.1	-3.9	0.9	0.8	-4.4	-9.5	-15.0	-16.9
227	38862	Fedchenko Glacier	72.22	38.83	4169	1961	-18.6	-21.0	-16.3	-10.7	-5.4	-2.8	1.3	-0.2	-2.0	-10.3	-14.9	-18.8
227	38862	Fedchenko Glacier	72.22	38.83	4169	1962	-19.9	-17.3	-13.6	-9.6	-7.8	-3.7	-0.6	-0.3	-4.8	-9.8	-16.0	-17.6
227	38862	Fedchenko Glacier	72.22	38.83	4169	1963	-17.7	-15.9	-14.9	-8.9	-5.7	-2.4	-0.5	-0.3	-4.1	-7.6	-13.7	-15.9
227	38862	Fedchenko Glacier	72.22	38.83	4169	1964	-23.0	-18.8	-13.3	-10.9	-8.8	-4.3	-1.1	-0.5	-4.1	-9.4	-14.1	-16.8
227	38862	Fedchenko Glacier	72.22	38.83	4169	1965	-17.3	-20.2	-15.4	-11.1	-7.4	-3.9	0.1	-2.1	-4.9	-8.2	-12.9	-17.4
227	38862	Fedchenko Glacier	72.22	38.83	4169	1966	-16.7	-15.2	-14.9	-11.4	-8.1	-2.5	-1.0	-0.3	-4.4	-10.7	-16.5	-17.7
227	38862	Fedchenko Glacier	72.22	38.83	4169	1967	-20.6	-17.8	-15.9	-11.0	-7.7	-3.3	-0.4	-0.6	-3.8	-10.4	-15.0	-16.3
227	38862	Fedchenko Glacier	72.22	38.83	4169	1968	-19.8	-19.6	-13.6	-9.6	-7.7	-3.1	0.0	-0.3	-3.8	-9.9	-14.1	-17.8
227	38862	Fedchenko Glacier	72.22	38.83	4169	1969	-20.5	-19.9	-11.2	-11.0	-6.8	-3.5	-0.8	0.1	-4.6	-7.7	-13.4	-15.5
227	38862	Fedchenko Glacier	72.22	38.83	4169	1970	-18.8	-17.8	-16.3	-8.5	-6.3	-3.3	-1.2	1.2	-3.7	-8.3	-14.1	-17.1
227	38862	Fedchenko Glacier	72.22	38.83	4169	1971	-20.4	-18.1	-13.4	-8.8	-5.9	-0.8	0.2	-0.5	-5.9	-9.0	-12.9	-14.7
227	38862	Fedchenko Glacier	72.22	38.83	4169	1972	-18.7	-22.8	-14.7	-12.5	-7.7	-4.5	-3.0	-1.7	-4.5	-9.3	-13.2	-16.3
227	38862	Fedchenko Glacier	72.22	38.83	4169	1973	-21.0	-17.2	-15.6	-8.9	-6.7	-1.3	2.5	1.5	-2.7	-8.9	-11.9	-17.6
227	38862	Fedchenko Glacier	72.22	38.83	4169	1974	-20.7	-20.4	-14.2	-7.9	-6.4	-2.5	0.6	-1.7	-4.4	-10.0	-15.1	-19.4
227	38862	Fedchenko Glacier	72.22	38.83	4169	1975	-20.7	-19.7	-15.5	-10.1	-7.7	-4.1	-0.3	1.0	-3.6	-8.9	-15.6	-17.6
227	38862	Fedchenko Glacier	72.22	38.83	4169	1976	-17.8	-19.2	-15.8	-10.1	-6.4	-3.7	1.5	0.9	-3.6	-999.0	-999.0	-999.0
227	38862	Fedchenko Glacier	72.22	38.83	4169	1977	-20.1	-19.7	-13.1	-9.0	-6.4	-1.6	1.4	0.7	-2.8	-7.7	-12.0	-17.4
227	38862	Fedchenko Glacier	72.22	38.83	4169	1978	-20.9	-19.1	-17.8	-8.6	-4.9	-1.3	2.4	1.5	-2.6	-7.8	-15.2	-14.2
227	38862	Fedchenko Glacier	72.22	38.83	4169	1979	-17.7	-17.3	-15.7	-7.1	-8.1	-3.6	0.7	-0.1	-4.1	-999.0	-13.4	-15.8
227	38862	Fedchenko Glacier	72.22	38.83	4169	1980	-19.0	-17.8	-15.8	-8.2	-4.6	-1.8	1.2	0.4	-2.9	-7.8	-11.3	-15.1
227	38862	Fedchenko Glacier	72.22	38.83	4169	1981	-18.2	-17.1	-13.9	-9.3	-4.1	-3.9	0.2	-1.1	-4.0	-9.9	-14.1	-16.5
227	38862	Fedchenko Glacier	72.22	38.83	4169	1982	-17.7	-20.5	-15.6	-10.3	-6.5	-3.4	-0.4	0.1	-5.5	-9.2	-14.4	-18.6
227	38862	Fedchenko Glacier	72.22	38.83	4169	1983	-18.4	-19.1	-17.3	-10.1	-5.9	-4.2	-0.3	2.5	-3.1	-9.2	-12.1	-16.8
227	38862	Fedchenko Glacier	72.22	38.83	4169	1984	-20.7	-22.0	-13.0	-9.8	-5.9	-1.3	1.6	4.0	-4.3	-9.3	-13.1	-19.6
227	38862	Fedchenko Glacier	72.22	38.83	4169	1985	-19.4	-17.3	-14.7	-9.4	-6.6	-3.0	1.7	0.4	-3.4	-8.7	-999.0	-16.3
227	38862	Fedchenko Glacier	72.22	38.83	4169	1986	-19.4	-17.7	-17.0	-10.7	-7.7	-3.5	1.0	0.0	-3.1	-8.3	-13.1	-17.1
227	38862	Fedchenko Glacier	72.22	38.83	4169	1987	-999.0	-16.6	-12.1	-10.8	-8.2	-4.7	-1.4	0.5	-3.2	-9.9	-12.3	-14.2
227	38862	Fedchenko Glacier	72.22	38.83	4169	1988	-17.8	-17.9	-15.0	-9.2	-6.3	-2.3	2.0	0.0	-2.9	-9.9	-11.2	-14.7
227	38862	Fedchenko Glacier	72.22	38.83	4169	1989	-20.8	-21.4	-14.4	-13.4	-8.2	-4.2	-0.7	-0.7	-3.9	-8.6	-14.5	-14.9
227	38862	Fedchenko Glacier	72.22	38.83	4169	1990	-17.0	-18.2	-16.3	-11.5	-4.2	-0.9	0.4	1.2	-1.1	-999.0	-999.0	-999.0
227	38851	Garm	69.95	39.00	1316	1951	-7.3	-9.4	-0.9	5.9	10.6	10.8	14.3	-999.0	10.5	9.3	3.6	0.6
227	38851	Garm	69.95	39.00	1316	1952	-5.3	-3.5	-1.0	7.4	9.9	12.6	16.0	15.8	11.2	5.0	0.2	-3.8
227	38851	Garm	69.95	39.00	1316	1953	-7.1	-3.5	-0.8	5.2	11.4	13.2	16.3	14.3	11.1	4.0	1.2	-3.1
227	38851	Garm	69.95	39.00	1316	1954	-7.7	-5.3	-1.7	7.5	10.3	12.0	14.1	13.2	10.7	5.1	0.3	-5.9
227	38851	Garm	69.95	39.00	1316	1955	-5.9	-0.9	2.5	4.4	9.6	12.4	14.9	15.7	10.4	4.7	3.4	-0.4
227	38851	Garm	69.95	39.00	1316	1956	-8.7	-4.0	-0.1	6.6	11.3	11.7	17.9	15.6	11.7	4.6	1.8	-3.6
227	38851	Garm	69.95	39.00	1316	1957	-8.1	-10.0	-0.6	5.2	9.3	12.5	14.2	14.7	8.6	5.6	0.5	-4.0
227	38851	Garm	69.95	39.00	1316	1958	-3.3	-7.1	1.4	7.6	8.3	12.2	15.8	13.8	11.7	5.9	0.4	-0.2
227	38851	Garm	69.95	39.00	1316	1959	-5.5	-5.8	1.0	7.8	9.3	13.0	15.5	15.5	13.0	6.3	2.6	-3.5
227	38851	Garm	69.95	39.00	1316	1960	-4.2	-0.5	0.1	5.5	7.9	12.1	14.4	14.5	10.6	5.3	1.5	-2.9
227	38851	Garm	69.95	39.00	1316	1961	-4.0	-7.4	0.2	6.9	11.5	13.0	16.4	14.4	12.0	4.6	0.8	-5.0
227	38851	Garm	69.95	39.00	1316	1962	-10.2	-2.8	3.0	6.4	9.1	11.8	16.0	15.5	10.4	5.8	-0.4	-4.0
227	38851	Garm	69.95	39.00	1316	1963	-6.0	-0.8	1.1	7.6	10.2	13.8	14.3	13.4	10.3	7.4	-999.0	-2.6
227	38851	Garm	69.95	39.00	1316	1964	-999.0	-999.0	1.2	5.6	9.4	11.8	14.3	14.6	10.5	3.5	0.8	-3.9
227	38851	Garm	69.95	39.00	1316	1965	-2.6	-6.8	-1.1	5.7	10.2	12.7	15.9	14.3	10.0	8.4	3.9	-1.4
227	38851	Garm	69.95	39.00	1316	1966	-1.1	-0.6	1.3	6.3	9.3	14.3	15.6	14.8	10.6	5.9	-0.1	-3.2
227	38851	Garm	69.95	39.00	1316	1967	-6.8	-4.5	-0.5	5.9	9.3	12.8	14.9	15.0	10.5	5.2	2.3	-0.9
227	38851	Garm	69.95	39.00	1316	1968	-5.1	-7.8	2.7	7.6	9.3	12.9	15.5	15.1	9.3	5.3	2.9	-5.9
227	38851	Garm	69.95	39.00	1316	1969	-10.0	-9.1	0.6	5.2	9.9	13.0	14.9	14.5	9.6	8.0	2.8	0.4
227	38851	Garm	69.95	39.00	1316	1970	-7.4	-3.5	0.9	8.1	9.9	13.0	14.8	15.7	10.7	6.6	2.5	-1.4
227	38851	Garm	69.95	39.00	1316	1971	-10.5	-3.3	4.4	8.2	10.9	14.6	16.4	14.5	10.7	5.4	3.5	-999.0
227	38851	Garm	69.95	39.00	1316	1972	-999.0	-999.0	-999.0	4.9	9.9	12.4	13.7	13.5	10.8	6.1	3.4	-3.1
227	38851	Garm	69.95	39.00	1316	1973	-8.6	-4.6	-1.3	7.7	9.9	14.7	17.1	16.4	10.9	5.1	1.9	-1.6
227	38851	Garm	69.95	39.00	1316	1974	-7.6	-9.4	0.0	8.6	9.7	12.5	15.4	12.4	9.8	5.0	1.8	-6.2
227	38851	Garm	69.95	39.00	1316	1975	-11.1	-7.0	-0.6	7.3	8.8	13.0	15.4	15.6	10.9	4.9	0.0	-3.2
227	38851	Garm	69.95	39.00	1316	1976	-4.4	-5.6	-2.2	5.8	10.6	12.6	17.0	15.7	10.4	6.1	0.7	-2.2
227	38851	Garm	69.95	39.00	1316	1977	-7.8	-9.0	2.9	8.1	10.3	14.1	15.9	14.8	10.1	7.8	4.3	-3.3
227	38851	Garm	69.95	39.00	1316	1978	-9.8	-7.7	-1.2	7.6	10.7	13.3	15.9	14.8	10.5	6.5	0.9	-0.1
227	38851	Garm	69.95	39.00	1316	1979	-3.9	-1.5	1.0	8.5	8.1	12.0	15.3	15.5	10.6	6.3	1.4	-0.4
227	38851	Garm	69.95	39.00	1316	1980	-5.9	-4.6	-0.9	7.6	10.7	13.3	15.6	14.9	10.8	6.7	4.0	-0.1
227	38851	Garm	69.95	39.00	1316	1981	-3.7	-4.5	1.0	7.6	11.6	12.1	15.4	12.3	9.3	5.2	1.0	-0.9
227	38851	Garm	69.95	39.00	1316	1982	-4.5	-6.8	-0.1	6.9	9.9	12.2	13.7	14.7	8.6	5.9	1.4	-3.6
227	38851	Garm	69.95	39.00	1316	1983	-4.8	-4.0	-0.8	6.9	10.6	12.3	15.0	16.4	11.0	4.7	3.3	-999.0
227	38851	Garm	69.95	39.00	1316	1984	-8.3	-9.8	0.5	6.8	9.9	14.4	16.7	17.4	10.0	4.3	3.2	-10.2
227	38851	Garm	69.95	39.00	1316	1985	-6.7	-3.3	0.5	8.1	9.1	12.7	15.9	14.5	9.8	6.8	2.5	-0.9
227	38851	Garm	69.95	39.00	1316	1986	-4.9	-1.6	0.2	6.5	9.5	12.7	16.1	14.8	11.2	6.1	1.7	-5.3
227	38851	Garm	69.95	39.00	1316	1987	-6.2	-1.7	3.2	6.2	-999.0	11.7	14.1	14.5	10.7	4.9	2.3	0.5
227	38851	Garm	69.95	39.00	1316	1988	-4.2	-3.5	1.2	7.6	9.7	12.7	16.2	13.7	11.1	4.9	3.6	0.3
227	38851	Garm	69.95	39.00	1316	1989	-8.7	-8.9	0.3	5.0	7.7	12.6	13.1	14.1	9.4	5.7	1.3	0.0
227	38851	Garm	69.95	39.00	1316	1990	-4.1	-4.0	0.0	5.4	11.3	14.3	15.7	15.9	11.0	5.6	3.4	-2.1
227	38833	Gushari	68.83	38.88	1359	1951	-4.8	-6.4	0.1	5.7	10.3	12.0	15.2	15.6	12.6	9.4	3.1	1.1
227	38833	Gushari	68.83	38.88	1359	1952	-3.3	-0.8	0.8	7.6	9.0	13.5	16.9	16.7	11.6	6.4	-0.8	-2.2
227	38833	Gushari	68.83	38.88	1359	1953	-3.5	0.1	0.7	6.0	10.7	13.5	17.7	15.6	11.8	4.3	0.8	-1.3
227	38833	Gushari	68.83	38.88	1359	1954	-4.2	-2.9	0.5	7.2	10.5	13.3	15.4	14.9	11.7	6.5	0.4	-3.9
227	38833	Gushari	68.83	38.88	1359	1955	-2.7	-0.1	2.6	4.6	9.5	12.9	16.0	17.5	12.1	5.6	4.8	1.1
227	38833	Gushari	68.83	38.88	1359	1956	-4.4	-2.2	1.4	6.8	11.7	13.5	19.0	16.5	12.9	6.6	3.9	-3.2
227	38833	Gushari	68.83	38.88	1359	1957	-5.8	-6.3	1.7	4.8	9.3	12.7	15.0	15.4	10.2	6.8	1.1	-1.7
227	38833	Gushari	68.83	38.88	1359	1958	-0.6	-2.3	3.1	8.1	8.2	14.1	17.8	15.3	12.4	6.8	-0.4	1.4
227	38833	Gushari	68.83	38.88	1359	1959	-3.6	-5.0	0.6	8.2	9.6	13.6	16.8	18.2	14.5	8.0	1.7	-3.5
227	38833	Gushari	68.83	38.88	1359	1960	-3.3	0.6	-1.6	4.9	8.2	14.2	16.6	16.2	12.4	6.4	1.3	-1.5
227	38833	Gushari	68.83	38.88	1359	1961	-2.5	-4.7	1.2	6.6	11.8	14.4	18.2	15.8	13.2	5.8	0.2	-2.5
227	38833	Gushari	68.83	38.88	1359	1962	-4.9	-0.3	4.4	7.1	8.8	12.6	17.6	16.2	11.2	6.5	-1.8	-3.0
227	38833	Gushari	68.83	38.88	1359	1963	-2.3	0.3	2.4	7.3	9.9	14.6	16.2	14.8	12.1	9.0	2.7	-1.7
227	38833	Gushari	68.83	38.88	1359	1964	-10.2	-3.4	2.3	4.8	9.0	13.5	16.1	15.7	11.9	4.7	1.4	-5.1
227	38833	Gushari	68.83	38.88	1359	1965	-2.4	-4.1	0.0	6.2	10.3	13.6	16.7	15.8	11.0	9.1	4.4	-0.9
227	38833	Gushari	68.83	38.88	1359	1966	-0.1	2.0	1.7	5.5	9.2	16.1	17.0	16.5	11.9	6.3	0.8	-1.6
227	38833	Gushari	68.83	38.88	1359	1967	-5.3	-3.4	0.9	5.5	8.8	13.3	16.8	15.9	12.0	5.6	2.3	-0.4
227	38833	Gushari	68.83	38.88	1359	1968	-3.9	-4.8	2.3	7.0	8.5	13.2	16.3	15.7	11.2	8.6	2.9	-2.7
227	38833	Gushari	68.83	38.88	1359	1969	-7.6	-7.2	2.6	5.5	9.4	13.1	16.0	15.7	11.0	8.0	1.3	1.4
227	38833	Gushari	68.83	38.88	1359	1970	-3.6	-0.3	0.8	8.6	10.7	14.6	16.2	17.4	11.9	7.5	4.0	-2.0
227	38833	Gushari	68.83	38.88	1359	1971	-6.4	-2.3	3.5	7.7	11.4	16.1	17.4	15.3	10.3	6.6	4.5	1.6
227	38833	Gushari	68.83	38.88	1359	1972	-5.8	-10.7	0.3	5.6	9.0	12.7	14.3	13.8	11.3	6.6	3.9	-3.6
227	38833	Gushari	68.83	38.88	1359	1973	-7.7	-2.0	0.0	7.3	9.6	15.9	18.3	16.7	11.8	6.8	3.8	-0.6
227	38833	Gushari	68.83	38.88	1359	1974	-6.6	-6.4	1.1	7.8	9.8	13.4	17.3	14.1	11.2	5.5	2.5	-4.2
227	38833	Gushari	68.83	38.88	1359	1975	-6.1	-4.0	0.6	7.5	8.9	13.9	17.8	17.2	12.2	4.3	-0.2	-2.6
227	38833	Gushari	68.83	38.88	1359	1976	-1.0	-4.5	-0.8	5.9	9.9	13.5	18.0	16.6	12.2	7.0	-0.3	-3.0
227	38833	Gushari	68.83	38.88	1359	1977	-7.3	-4.5	3.7	8.1	10.1	15.1	17.5	15.9	11.6	8.1	5.7	-1.5
227	38833	Gushari	68.83	38.88	1359	1978	-5.8	-4.4	-0.8	7.7	10.2	14.3	17.5	15.7	11.8	7.7	0.2	1.4
227	38833	Gushari	68.83	38.88	1359	1979	-3.1	-0.8	0.0	8.3	7.8	13.0	17.0	16.0	11.6	8.8	2.1	-0.1
227	38833	Gushari	68.83	38.88	1359	1980	-4.5	-4.1	0.4	8.1	10.6	14.2	17.0	15.8	11.5	7.8	4.6	0.5
227	38833	Gushari	68.83	38.88	1359	1981	-2.9	-2.5	2.2	7.0	10.7	12.4	15.7	14.0	11.0	5.1	2.1	-0.1
227	38833	Gushari	68.83	38.88	1359	1982	-2.8	-5.1	0.1	6.7	10.5	13.3	15.3	15.3	9.7	6.5	0.7	-3.5
227	38833	Gushari	68.83	38.88	1359	1983	-4.2	-2.3	0.3	6.6	10.1	12.4	16.3	17.2	12.1	5.1	4.1	-999.0
227	38833	Gushari	68.83	38.88	1359	1984	-6.7	-9.4	1.4	6.4	9.2	15.0	17.6	17.8	10.5	4.6	3.3	-7.6
227	38833	Gushari	68.83	38.88	1359	1985	-4.7	-1.4	-0.4	6.9	9.0	13.6	17.2	15.1	10.9	6.9	1.8	-1.2
227	38833	Gushari	68.83	38.88	1359	1986	-3.3	-2.0	-1.1	5.6	9.1	12.6	16.5	14.9	11.5	7.0	1.9	-3.2
227	38833	Gushari	68.83	38.88	1359	1987	-2.1	-1.1	3.7	5.7	-999.0	12.2	14.5	16.1	11.5	4.8	3.1	1.1
227	38833	Gushari	68.83	38.88	1359	1988	-2.9	-2.6	1.5	7.9	9.7	14.4	18.2	15.0	12.3	5.5	5.3	0.9
227	38833	Gushari	68.83	38.88	1359	1989	-6.7	-7.1	0.6	4.7	7.3	12.5	15.0	14.6	10.9	6.9	1.1	-999.0
227	38833	Gushari	68.83	38.88	1359	1990	-3.2	-999.0	0.6	5.7	11.1	14.4	15.6	16.5	12.5	6.0	3.6	-999.0
227	38853	Haburabad	70.70	38.63	3347	1951	-15.6	-15.7	-9.9	-6.5	-0.4	1.2	4.6	5.8	3.4	-1.1	-7.3	-9.5
227	38853	Haburabad	70.70	38.63	3347	1952	-13.3	-12.1	-11.2	-3.2	-1.2	3.2	6.4	6.4	1.9	-2.1	-8.3	-12.4
227	38853	Haburabad	70.70	38.63	3347	1953	-15.0	-11.0	-10.7	-5.3	0.5	3.2	8.2	5.5	2.8	-6.6	-9.9	-11.5
227	38853	Haburabad	70.70	38.63	3347	1954	-15.7	-14.1	-10.1	-3.9	-1.0	2.2	4.5	5.0	2.6	-3.9	-10.0	-15.0
227	38853	Haburabad	70.70	38.63	3347	1955	-15.2	-12.7	-8.8	-8.6	-2.4	2.0	5.3	8.0	2.4	-3.4	-7.1	-10.3
227	38853	Haburabad	70.70	38.63	3347	1956	-15.5	-13.6	-9.2	-3.8	1.9	2.8	9.7	6.2	3.3	-2.4	-5.5	-13.1
227	38853	Haburabad	70.70	38.63	3347	1957	-15.1	-17.5	-10.2	-7.0	-2.1	2.0	5.2	5.4	1.1	-3.6	-9.1	-12.7
227	38853	Haburabad	70.70	38.63	3347	1958	-12.2	-14.2	-9.0	-3.2	-3.4	2.1	7.3	4.6	3.1	-3.5	-10.0	-9.9
227	38853	Haburabad	70.70	38.63	3347	1959	-14.6	-15.6	-10.0	-3.7	-1.7	3.4	6.4	7.6	6.5	-1.2	-8.8	-13.0
227	38853	Haburabad	70.70	38.63	3347	1960	-14.7	-10.2	-12.3	-6.6	-2.7	3.2	6.7	7.2	1.4	-2.9	-10.7	-12.7
227	38853	Haburabad	70.70	38.63	3347	1961	-14.5	-16.9	-11.5	-5.1	1.5	4.3	8.0	5.5	3.5	-4.6	-9.6	-13.7
227	38853	Haburabad	70.70	38.63	3347	1962	-15.1	-12.4	-7.4	-4.7	-2.0	2.9	6.9	5.3	0.3	-4.0	-11.5	-13.0
227	38853	Haburabad	70.70	38.63	3347	1963	-13.0	-11.0	-9.5	-3.5	-0.5	3.6	5.8	5.1	2.0	-1.4	-8.6	-11.3
227	38853	Haburabad	70.70	38.63	3347	1964	-19.2	-14.6	-8.4	-5.9	-2.4	2.6	5.8	6.3	2.0	-4.3	-8.6	-13.5
227	38853	Haburabad	70.70	38.63	3347	1965	-12.4	-15.7	-10.8	-5.5	-0.4	2.7	6.3	4.6	1.2	-1.9	-8.0	-12.9
227	38853	Haburabad	70.70	38.63	3347	1966	-11.2	-10.0	-10.5	-6.4	-2.0	5.3	6.0	6.5	1.9	-4.6	-9.6	-12.6
227	38853	Haburabad	70.70	38.63	3347	1967	-16.7	-13.7	-10.9	-5.8	-2.3	2.6	6.7	6.3	2.5	-5.0	-9.4	-11.1
227	38853	Haburabad	70.70	38.63	3347	1968	-15.3	-15.4	-9.3	-4.9	-2.7	2.6	6.2	5.9	3.0	-3.9	-8.5	-12.8
227	38853	Haburabad	70.70	38.63	3347	1969	-16.5	-15.6	-6.7	-6.0	-1.7	2.3	5.4	6.2	0.8	-2.7	-8.6	-10.4
227	38853	Haburabad	70.70	38.63	3347	1970	-13.9	-12.6	-11.9	-3.4	0.0	4.2	4.8	8.6	2.6	-1.9	-7.3	-12.6
227	38853	Haburabad	70.70	38.63	3347	1971	-15.4	-13.3	-8.1	-3.1	0.7	6.3	6.7	6.2	0.9	-2.7	-7.4	-9.1
227	38853	Haburabad	70.70	38.63	3347	1972	-14.5	-19.1	-10.1	-6.3	-1.9	2.1	3.6	4.2	2.4	-2.6	-7.1	-12.5
227	38853	Haburabad	70.70	38.63	3347	1973	-17.4	-12.8	-11.4	-4.2	-0.9	5.8	8.9	7.5	2.2	-2.4	-6.1	-11.5
227	38853	Haburabad	70.70	38.63	3347	1974	-16.2	-15.7	-9.6	-3.0	-0.5	3.0	6.1	4.2	1.8	-3.4	-8.8	-14.9
227	38853	Haburabad	70.70	38.63	3347	1975	-16.4	-15.4	-10.9	-4.5	-2.2	2.8	7.2	7.4	2.7	-3.0	-11.0	-13.2
227	38853	Haburabad	70.70	38.63	3347	1976	-13.4	-15.3	-11.9	-5.6	-0.6	2.5	8.2	7.4	2.9	-3.5	-9.6	-12.5
227	38853	Haburabad	70.70	38.63	3347	1977	-16.4	-15.1	-7.8	-2.4	-0.7	4.8	8.2	7.0	2.9	-1.7	-6.2	-12.6
227	38853	Haburabad	70.70	38.63	3347	1978	-16.5	-13.8	-12.0	-3.2	0.5	5.4	8.7	7.1	4.0	-1.8	-10.0	-9.6
227	38853	Haburabad	70.70	38.63	3347	1979	-13.0	-12.5	-11.1	-2.3	-2.6	3.6	8.3	5.6	2.3	0.7	-7.0	-11.1
227	38853	Haburabad	70.70	38.63	3347	1980	-14.4	-14.2	-10.6	-2.7	0.6	5.2	8.3	6.7	3.0	-1.5	-5.7	-10.0
227	38853	Haburabad	70.70	38.63	3347	1981	-13.6	-12.6	-9.1	-4.0	1.3	2.5	6.2	4.8	2.7	-4.4	-7.7	-11.6
227	38853	Haburabad	70.70	38.63	3347	1982	-13.4	-15.7	-10.3	-3.6	0.4	3.2	6.4	6.1	0.5	-3.4	-9.3	-12.6
227	38853	Haburabad	70.70	38.63	3347	1983	-14.3	-13.9	-12.5	-4.4	-0.4	1.7	5.9	8.8	3.3	-3.1	-7.0	-12.2
227	38853	Haburabad	70.70	38.63	3347	1984	-16.8	-19.2	-8.7	-5.0	-0.9	5.6	8.3	9.7	1.4	-3.7	-7.8	-15.8
227	38853	Haburabad	70.70	38.63	3347	1985	-15.1	-13.2	-11.4	-3.8	-1.3	-999.0	8.6	5.1	3.0	-3.2	-8.7	-12.1
227	38853	Haburabad	70.70	38.63	3347	1986	-15.5	-12.8	-12.6	-5.8	-1.7	3.0	7.8	6.2	3.0	-2.2	-8.1	-13.5
227	38853	Haburabad	70.70	38.63	3347	1987	-13.7	-12.5	-7.6	-5.7	-999.0	1.9	-999.0	-999.0	2.9	-4.9	-7.3	-9.6
227	38853	Haburabad	70.70	38.63	3347	1988	-13.5	-13.6	-10.3	-3.7	-0.5	4.2	8.4	5.2	3.2	-4.4	-4.6	-10.1
227	38853	Haburabad	70.70	38.63	3347	1989	-16.8	-17.5	-9.8	-8.1	-2.6	2.4	5.2	5.4	2.6	-1.6	-9.8	-10.5
227	38853	Haburabad	70.70	38.63	3347	1990	-12.5	-13.2	-11.3	-5.8	1.4	5.8	7.2	7.9	-999.0	-999.0	-999.0	-999.0
227	38714	Haramkul	68.73	38.58	2822	1963	-7.2	-7.3	-6.3	-0.2	2.4	7.7	9.6	9.2	6.0	2.0	-3.9	-7.7
227	38714	Haramkul	68.73	38.58	2822	1964	-16.1	-10.8	-4.7	-3.4	1.5	6.6	9.3	9.7	5.4	-0.9	-5.0	-10.1
227	38714	Haramkul	68.73	38.58	2822	1965	-9.0	-11.8	-7.5	-2.5	3.3	6.6	9.8	8.9	4.2	0.7	-3.1	-7.2
227	38714	Haramkul	68.73	38.58	2822	1966	-6.0	-6.2	-6.8	-2.6	1.9	9.4	9.5	9.4	5.2	-1.3	-4.2	-8.2
227	38714	Haramkul	68.73	38.58	2822	1967	-11.3	-10.7	-6.8	-2.8	1.4	7.4	10.5	9.9	5.8	-1.6	-5.2	-7.7
227	38714	Haramkul	68.73	38.58	2822	1968	-10.9	-11.3	-6.2	-1.5	1.2	7.0	10.3	10.2	6.2	-0.3	-5.1	-9.1
227	38714	Haramkul	68.73	38.58	2822	1969	-14.3	-12.9	-4.4	-2.2	2.2	6.6	9.2	9.7	4.5	0.4	-5.3	-6.5
227	38714	Haramkul	68.73	38.58	2822	1970	-10.7	-8.3	-7.7	0.1	4.3	8.0	8.2	11.5	6.2	1.2	-2.9	-9.1
227	38714	Haramkul	68.73	38.58	2822	1971	-10.9	-13.5	-4.2	-0.5	5.2	9.6	10.1	10.0	4.4	0.7	-2.9	-5.3
227	38714	Haramkul	68.73	38.58	2822	1972	-12.7	-15.7	-7.1	-2.1	1.3	6.8	7.0	7.3	5.6	0.8	-2.5	-10.2
227	38714	Haramkul	68.73	38.58	2822	1973	-14.3	-8.5	-8.0	-1.2	2.7	10.0	12.1	11.3	5.8	1.3	-1.9	-7.8
227	38714	Haramkul	68.73	38.58	2822	1974	-13.7	-12.5	-5.6	-0.8	2.9	6.8	11.0	8.1	5.0	-0.1	-4.7	-11.5
227	38714	Haramkul	68.73	38.58	2822	1975	-11.6	-11.4	-7.0	-0.4	1.9	7.5	11.0	11.0	6.0	0.2	-6.9	-9.1
227	38714	Haramkul	68.73	38.58	2822	1976	-8.7	-12.5	-8.9	-1.6	3.3	7.1	11.7	11.5	5.9	-999.0	-6.4	-9.1
227	38714	Haramkul	68.73	38.58	2822	1977	-13.9	-10.5	-3.0	1.2	3.3	9.1	11.7	10.3	6.3	0.8	-2.6	-8.8
227	38714	Haramkul	68.73	38.58	2822	1978	-12.5	-10.9	-8.9	-0.5	3.9	8.3	12.3	10.9	7.3	1.0	-7.1	-6.1
227	38714	Haramkul	68.73	38.58	2822	1979	-9.0	-8.4	-7.6	0.3	0.8	8.0	11.8	9.4	6.3	3.6	-3.1	-7.4
227	38714	Haramkul	68.73	38.58	2822	1980	-11.5	-11.6	-7.2	0.7	4.3	8.3	11.9	10.3	6.3	0.5	-2.4	-5.7
227	38714	Haramkul	68.73	38.58	2822	1981	-10.1	-9.5	-5.3	-1.0	4.5	5.7	9.5	7.9	5.9	-1.3	-3.6	-7.8
227	38714	Haramkul	68.73	38.58	2822	1982	-10.2	-12.5	-7.7	0.2	4.2	7.4	9.2	9.3	3.5	-0.5	-6.6	-8.4
227	38714	Haramkul	68.73	38.58	2822	1983	-10.6	-9.5	-8.8	-0.9	3.8	6.6	10.8	12.1	6.7	0.1	-3.5	-9.5
227	38714	Haramkul	68.73	38.58	2822	1984	-13.1	-16.2	-6.2	-1.5	2.2	9.5	12.4	13.9	4.7	-0.6	-4.5	-13.0
227	38714	Haramkul	68.73	38.58	2822	1985	-10.6	-8.9	-8.4	0.4	2.5	8.3	12.3	9.0	6.7	0.2	-4.4	-7.9
227	38714	Haramkul	68.73	38.58	2822	1986	-10.2	-9.0	-9.4	-2.0	2.7	6.8	10.9	9.7	6.6	1.5	-5.3	-9.7
227	38714	Haramkul	68.73	38.58	2822	1987	-8.6	-8.7	-4.7	-3.2	2.4	2.6	7.4	11.2	6.3	-1.9	-3.2	-4.9
227	38714	Haramkul	68.73	38.58	2822	1988	-9.6	-9.1	-7.1	0.4	2.7	8.3	11.8	9.6	6.7	-1.1	-1.3	-6.5
227	38714	Haramkul	68.73	38.58	2822	1989	-13.2	-14.4	-6.4	-4.1	0.7	6.6	9.1	9.4	6.0	2.3	-5.7	-6.3
227	38714	Haramkul	68.73	38.58	2822	1990	-9.9	-10.2	-6.8	-2.3	5.1	9.2	9.8	11.3	8.6	-999.0	-999.0	-999.0
227	38954	Horog	71.50	37.50	2075	1914	-10.4	-11.1	-3.8	5.0	9.7	14.7	14.8	-999.0	7.3	-999.0	-1.2	-9.0
227	38954	Horog	71.50	37.50	2075	1915	-10.5	-9.5	-1.1	6.4	11.7	13.2	14.7	15.4	11.8	6.5	1.1	-5.6
227	38954	Horog	71.50	37.50	2075	1916	-8.9	-7.8	0.1	6.6	8.5	13.1	15.0	16.8	10.7	5.5	-3.6	-7.3
227	38954	Horog	71.50	37.50	2075	1917	-7.3	-3.3	-1.1	4.9	12.4	13.3	15.6	-999.0	-999.0	-999.0	-999.0	-999.0
227	38954	Horog	71.50	37.50	2075	1918	-999.0	-999.0	-999.0	-999.0	-999.0	-999.0	-999.0	-999.0	-999.0	-999.0	-999.0	-999.0
227	38954	Horog	71.50	37.50	2075	1919	-999.0	-999.0	-999.0	-999.0	-999.0	-999.0	-999.0	-999.0	-999.0	-999.0	-999.0	-999.0
227	38954	Horog	71.50	37.50	2075	1920	-999.0	-999.0	-999.0	-999.0	-999.0	-999.0	-999.0	-999.0	-999.0	-999.0	-999.0	-999.0
227	38954	Horog	71.50	37.50	2075	1921	-999.0	-999.0	-999.0	-999.0	-999.0	-999.0	-999.0	-999.0	-999.0	-999.0	-999.0	-999.0
227	38954	Horog	71.50	37.50	2075	1922	-999.0	-999.0	-999.0	-999.0	-999.0	-999.0	-999.0	-999.0	-999.0	-999.0	-999.0	-999.0
227	38954	Horog	71.50	37.50	2075	1923	-999.0	-999.0	-999.0	-999.0	-999.0	-999.0	-999.0	-999.0	-999.0	-999.0	-999.0	-999.0
227	38954	Horog	71.50	37.50	2075	1924	-999.0	-999.0	-999.0	-999.0	-999.0	-999.0	-999.0	-999.0	-999.0	-999.0	-999.0	-999.0
227	38954	Horog	71.50	37.50	2075	1925	-999.0	-16.2	-2.3	-999.0	7.1	-999.0	14.4	-999.0	-999.0	-999.0	-999.0	-999.0
227	38954	Horog	71.50	37.50	2075	1926	-999.0	-999.0	-999.0	-999.0	-999.0	-999.0	-999.0	-999.0	-999.0	-999.0	-999.0	-999.0
227	38954	Horog	71.50	37.50	2075	1927	-999.0	-999.0	-999.0	-999.0	-999.0	-999.0	-999.0	-999.0	-999.0	-999.0	-999.0	-999.0
227	38954	Horog	71.50	37.50	2075	1928	-999.0	-999.0	-999.0	-999.0	-999.0	-999.0	-999.0	-999.0	-999.0	-999.0	-999.0	-999.0
227	38954	Horog	71.50	37.50	2075	1929	-999.0	-999.0	-999.0	8.2	-999.0	-999.0	-999.0	-999.0	-999.0	-999.0	-999.0	-999.0
227	38954	Horog	71.50	37.50	2075	1930	-999.0	-999.0	-6.1	2.4	-999.0	10.1	14.4	12.5	7.9	-999.0	-5.3	-10.6
227	38954	Horog	71.50	37.50	2075	1931	-8.2	-9.2	-1.4	6.9	7.6	10.5	12.7	14.2	11.0	6.4	-0.6	-11.7
227	38954	Horog	71.50	37.50	2075	1932	-8.5	-12.5	-1.9	6.5	7.9	12.2	16.1	13.1	10.7	4.0	0.7	-9.6
227	38954	Horog	71.50	37.50	2075	1933	-16.4	-999.0	-999.0	-999.0	9.7	-999.0	-999.0	-999.0	-999.0	3.0	-999.0	-4.3
227	38954	Horog	71.50	37.50	2075	1934	-16.2	-999.0	-5.7	-999.0	6.3	10.3	-999.0	-999.0	-999.0	-999.0	-999.0	-999.0
227	38954	Horog	71.50	37.50	2075	1935	-15.2	-12.0	-5.1	2.4	7.4	-999.0	-999.0	-999.0	-999.0	-999.0	-999.0	-999.0
227	38954	Horog	71.50	37.50	2075	1936	-999.0	-999.0	-999.0	-999.0	-999.0	-999.0	-999.0	-999.0	9.5	6.0	-0.1	-6.0
227	38954	Horog	71.50	37.50	2075	1937	-11.2	-7.0	-4.4	3.1	9.3	12.5	15.3	14.1	11.0	5.4	-3.5	-999.0
227	38954	Horog	71.50	37.50	2075	1938	-10.9	-12.3	-5.2	4.3	11.5	12.0	14.5	14.5	9.4	5.7	-0.8	-5.3
227	38954	Horog	71.50	37.50	2075	1939	-11.5	-11.0	-6.5	2.0	9.5	13.1	16.0	15.1	10.7	6.1	-0.4	-3.3
227	38954	Horog	71.50	37.50	2075	1940	-6.8	-5.0	-1.6	5.4	8.8	13.8	15.7	15.3	10.5	6.8	0.3	-5.4
227	38954	Horog	71.50	37.50	2075	1941	-12.5	-7.6	-1.7	5.0	9.8	13.6	14.4	15.5	10.8	8.5	0.9	-6.6
227	38954	Horog	71.50	37.50	2075	1942	-11.3	-7.5	0.4	6.3	9.8	12.3	16.9	15.6	10.5	5.3	1.7	-6.8
227	38954	Horog	71.50	37.50	2075	1943	-8.7	-5.7	-1.8	3.5	9.0	11.5	15.6	15.5	11.9	4.8	-0.8	-4.6
227	38954	Horog	71.50	37.50	2075	1944	-12.4	-10.0	-1.5	5.6	10.9	11.0	16.8	-999.0	-999.0	-999.0	0.2	-10.3
227	38954	Horog	71.50	37.50	2075	1945	-13.5	-12.0	-999.0	-999.0	-999.0	-999.0	-999.0	-999.0	-999.0	4.5	1.1	-8.9
227	38954	Horog	71.50	37.50	2075	1946	-10.8	-7.1	-0.7	6.4	9.7	11.3	-999.0	-999.0	-999.0	-999.0	-999.0	-7.4
227	38954	Horog	71.50	37.50	2075	1947	-13.3	-8.4	0.7	5.7	10.3	12.2	15.9	16.6	11.0	4.3	-0.3	-9.2
227	38954	Horog	71.50	37.50	2075	1948	-13.7	-10.0	-3.9	4.7	8.5	11.1	15.3	17.1	9.8	3.4	-1.7	-9.5
227	38954	Horog	71.50	37.50	2075	1949	-13.0	-11.4	-2.4	3.9	9.4	9.8	16.0	14.2	9.0	4.4	-2.9	-9.6
227	38954	Horog	71.50	37.50	2075	1950	-12.8	-15.5	-2.0	3.1	9.0	13.0	17.2	16.6	10.3	3.7	-2.5	-11.2
227	38954	Horog	71.50	37.50	2075	1951	-11.6	-10.9	-1.9	4.2	9.3	11.1	13.8	14.8	10.8	6.2	1.0	-3.2
227	38954	Horog	71.50	37.50	2075	1952	-9.7	-7.6	-4.3	4.5	8.6	11.8	15.2	15.4	9.8	3.9	0.1	-4.1
227	38954	Horog	71.50	37.50	2075	1953	-10.7	-8.5	-0.7	4.7	10.6	12.6	16.0	14.5	10.7	2.4	-0.2	-3.6
227	38954	Horog	71.50	37.50	2075	1954	-13.7	-10.4	-3.1	5.5	8.4	11.2	13.1	13.6	10.8	3.5	-1.8	-999.0
227	38954	Horog	71.50	37.50	2075	1955	-15.9	-6.8	1.0	1.7	8.3	11.3	12.5	15.2	8.9	3.6	-1.2	-5.0
227	38954	Horog	71.50	37.50	2075	1956	-17.1	-9.3	-1.4	5.7	10.5	12.0	-999.0	16.7	11.5	4.1	-0.6	-8.2
227	38954	Horog	71.50	37.50	2075	1957	-11.4	-15.2	-5.2	4.2	7.6	11.2	14.1	13.7	8.7	3.9	-0.3	-10.5
227	38954	Horog	71.50	37.50	2075	1958	-11.9	-14.7	-2.1	5.8	6.8	10.7	14.6	12.8	10.3	3.7	-0.7	-2.5
227	38954	Horog	71.50	37.50	2075	1959	-12.0	-11.2	-1.8	4.6	7.8	11.1	14.5	15.5	12.9	5.2	0.2	-6.4
227	38954	Horog	71.50	37.50	2075	1960	-13.7	-3.7	-0.9	3.1	7.1	11.6	14.6	15.2	9.3	3.9	-2.3	-12.0
227	38954	Horog	71.50	37.50	2075	1961	-11.0	-11.8	-2.7	5.3	10.8	12.7	16.9	14.7	11.2	3.3	-3.1	-9.9
227	38954	Horog	71.50	37.50	2075	1962	-13.9	-8.5	0.0	5.7	7.6	11.3	14.4	14.8	9.5	2.9	-2.2	-8.5
227	38954	Horog	71.50	37.50	2075	1963	-15.3	-6.7	-1.2	6.4	9.0	12.9	14.1	14.0	9.4	5.7	-1.1	-4.9
227	38954	Horog	71.50	37.50	2075	1964	-12.2	-9.2	-1.9	4.0	7.2	11.2	13.9	13.5	10.2	2.4	-2.1	-7.2
227	38954	Horog	71.50	37.50	2075	1965	-8.6	-12.2	-5.6	3.8	8.5	11.2	14.5	13.1	8.4	4.7	-0.4	-9.2
227	38954	Horog	71.50	37.50	2075	1966	-8.4	-4.6	-2.2	3.5	7.9	11.7	13.1	13.9	9.4	4.0	-3.3	-7.3
227	38954	Horog	71.50	37.50	2075	1967	-14.2	-6.8	-4.9	4.4	7.7	11.8	14.8	14.6	10.5	3.8	-0.8	-5.3
227	38954	Horog	71.50	37.50	2075	1968	-13.3	-11.1	-0.4	5.0	8.8	11.6	15.5	15.5	9.1	3.3	0.4	-8.9
227	38954	Horog	71.50	37.50	2075	1969	-11.9	-11.3	-0.2	3.4	7.8	11.3	13.3	14.5	8.9	5.0	-0.5	-6.2
227	38954	Horog	71.50	37.50	2075	1970	-8.7	-6.1	-0.7	5.6	8.7	11.9	13.6	15.7	10.1	4.4	-1.1	-5.4
227	38954	Horog	71.50	37.50	2075	1971	-9.9	-4.1	1.2	7.0	10.3	15.7	16.5	14.5	9.0	3.7	-0.9	-3.4
227	38954	Horog	71.50	37.50	2075	1972	-5.4	-11.4	-1.5	4.6	8.5	11.6	12.6	14.3	10.3	4.7	0.5	-4.2
227	38954	Horog	71.50	37.50	2075	1973	-10.5	-7.7	-4.4	5.0	9.0	14.1	17.7	17.1	10.8	3.7	-0.9	-6.2
227	38954	Horog	71.50	37.50	2075	1974	-8.8	-8.2	-1.7	7.2	9.3	11.7	14.7	12.3	9.1	2.3	-2.2	-10.8
227	38954	Horog	71.50	37.50	2075	1975	-17.9	-12.2	-3.4	5.7	8.1	12.0	14.4	15.9	10.3	3.6	-3.2	-7.8
227	38954	Horog	71.50	37.50	2075	1976	-13.5	-9.7	-4.2	5.2	9.3	11.6	16.3	16.2	10.1	5.4	-2.6	-5.0
227	38954	Horog	71.50	37.50	2075	1977	-10.0	-11.9	0.3	7.6	9.2	12.7	16.3	15.0	10.3	5.9	-0.7	-8.4
227	38954	Horog	71.50	37.50	2075	1978	-15.8	-11.4	-4.3	5.3	9.3	12.7	17.9	15.8	9.8	4.5	-1.0	-8.0
227	38954	Horog	71.50	37.50	2075	1979	-10.9	-7.7	-1.8	6.7	7.8	11.7	15.8	15.7	10.8	5.6	-1.7	-4.2
227	38954	Horog	71.50	37.50	2075	1980	-6.2	-6.1	-2.6	5.9	9.8	12.7	16.6	15.2	10.1	5.1	0.5	-5.6
227	38954	Horog	71.50	37.50	2075	1981	-7.0	-7.2	-0.2	5.8	10.8	11.6	15.5	13.6	9.7	3.5	-1.0	-6.1
227	38954	Horog	71.50	37.50	2075	1982	-10.7	-12.8	-1.4	5.6	9.7	12.3	14.3	16.1	9.0	4.2	-0.5	-8.7
227	38954	Horog	71.50	37.50	2075	1983	-12.6	-10.1	-3.5	5.2	9.2	10.8	13.2	17.8	10.1	3.8	-0.4	-4.3
227	38954	Horog	71.50	37.50	2075	1984	-7.0	-9.1	0.1	4.8	8.5	13.7	17.4	19.3	10.0	3.4	0.2	-8.4
227	38954	Horog	71.50	37.50	2075	1985	-12.9	-9.3	0.6	6.4	8.6	11.6	16.7	16.3	10.1	4.6	-0.7	-5.8
227	38954	Horog	71.50	37.50	2075	1986	-12.5	-5.9	-1.8	4.4	8.1	11.2	16.8	15.4	11.3	4.7	-0.5	-8.7
227	38954	Horog	71.50	37.50	2075	1987	-15.4	-8.4	0.3	4.7	7.2	10.5	13.1	14.1	9.9	4.4	0.2	-3.3
227	38954	Horog	71.50	37.50	2075	1988	-9.5	-7.5	-1.2	4.4	8.8	12.0	15.8	13.9	10.2	3.5	-0.3	-4.9
227	38954	Horog	71.50	37.50	2075	1989	-15.9	-11.9	-1.5	2.3	7.1	10.3	14.1	13.7	8.9	4.2	-2.6	-5.4
227	38954	Horog	71.50	37.50	2075	1990	-7.5	-7.3	-3.4	4.0	10.2	13.9	15.6	15.7	10.4	4.1	-0.9	-3.8
227	38954	Horog	71.50	37.50	2075	1991	-8.0	-10.5	-1.9	5.3	7.2	11.9	13.7	14.4	10.7	3.9	-0.7	-5.5
227	38954	Horog	71.50	37.50	2075	1992	-11.9	-11.4	-3.2	4.5	8.3	11.1	15.0	14.2	11.0	3.9	0.3	-3.6
227	38954	Horog	71.50	37.50	2075	1993	-17.5	-6.1	-3.9	4.6	8.5	12.2	15.3	13.9	11.6	3.4	0.9	-999.0
227	38954	Horog	71.50	37.50	2075	1994	-13.4	-10.2	-1.8	2.3	8.6	12.9	17.6	16.2	9.3	4.5	0.3	-7.8
227	38954	Horog	71.50	37.50	2075	1995	-13.8	-14.8	-5.3	4.3	9.1	11.8	15.2	16.0	9.2	3.1	-1.9	-999.0
227	38954	Horog	71.50	37.50	2075	1996	-999.0	-999.0	-999.0	-999.0	8.0	-999.0	-999.0	-999.0	-999.0	-999.0	-999.0	-999.0
227	38954	Horog	71.50	37.50	2075	1997	-999.0	-999.0	-999.0	-999.0	-999.0	-999.0	-999.0	-999.0	-999.0	-999.0	-999.0	-999.0
227	38954	Horog	71.50	37.50	2075	1998	-999.0	-999.0	-999.0	-999.0	-999.0	-999.0	-999.0	-999.0	-999.0	-999.0	-999.0	-999.0
227	38954	Horog	71.50	37.50	2075	1999	-999.0	-999.0	-999.0	-999.0	-999.0	-999.0	-999.0	15.8	-999.0	-999.0	-999.0	-6.4
227	38954	Horog	71.50	37.50	2075	2000	-9.7	-999.0	-3.1	5.8	11.5	13.5	16.9	16.2	10.7	5.0	0.1	-9.4
227	38954	Horog	71.50	37.50	2075	2001	-12.2	-8.1	-0.6	6.8	11.3	-999.0	16.1	15.1	9.6	5.1	0.5	-9.2
227	38954	Horog	71.50	37.50	2075	2002	-14.1	-6.0	0.6	-999.0	7.8	11.8	14.5	15.1	-999.0	-999.0	-999.0	-999.0
227	38954	Horog	71.50	37.50	2075	2003	-6.7	-999.0	-4.4	-999.0	-999.0	-999.0	-999.0	-999.0	-999.0	-999.0	-999.0	-7.5
227	38846	Hovaling	69.95	38.35	1468	1951	-7.6	-7.9	-2.3	4.1	9.8	10.9	15.2	15.6	12.7	-999.0	2.9	0.1
227	38846	Hovaling	69.95	38.35	1468	1952	-4.6	0.1	0.8	8.4	9.9	13.7	17.1	16.7	11.6	6.0	0.3	-3.5
227	38846	Hovaling	69.95	38.35	1468	1953	-6.3	-0.1	0.0	6.4	11.6	14.0	17.6	15.7	11.5	3.0	0.0	-2.5
227	38846	Hovaling	69.95	38.35	1468	1954	-5.4	-5.2	-0.6	7.5	10.8	13.2	16.1	15.0	11.6	6.0	-1.2	-5.6
227	38846	Hovaling	69.95	38.35	1468	1955	-3.8	-0.4	2.2	3.4	8.8	13.3	16.2	17.1	11.9	5.0	3.9	0.6
227	38846	Hovaling	69.95	38.35	1468	1956	-6.1	-3.0	1.3	7.3	12.0	13.0	19.7	16.2	12.2	5.7	3.2	-4.4
227	38846	Hovaling	69.95	38.35	1468	1957	-8.2	-7.9	1.0	5.0	10.5	15.1	17.5	17.1	12.0	7.0	0.5	-3.1
227	38846	Hovaling	69.95	38.35	1468	1958	-0.8	-4.0	-999.0	-999.0	-999.0	-999.0	-999.0	-999.0	-999.0	-999.0	-0.8	1.1
227	38846	Hovaling	69.95	38.35	1468	1959	-3.4	-7.2	0.7	8.9	10.4	16.4	18.8	19.7	16.8	9.5	1.6	-4.6
227	38846	Hovaling	69.95	38.35	1468	1960	-5.3	0.8	-2.0	5.2	9.2	16.6	18.5	18.7	13.6	8.4	1.1	-1.0
227	38846	Hovaling	69.95	38.35	1468	1961	-2.4	-6.1	0.5	6.9	12.9	15.9	19.9	17.7	14.7	6.4	0.9	-2.6
227	38846	Hovaling	69.95	38.35	1468	1962	-7.0	-1.6	4.0	7.1	10.1	14.3	18.7	17.3	11.8	7.2	-1.7	-2.8
227	38846	Hovaling	69.95	38.35	1468	1963	-2.1	0.8	1.9	8.5	11.0	16.4	17.6	16.7	13.1	10.1	2.6	2.2
227	38846	Hovaling	69.95	38.35	1468	1964	-12.2	-4.6	2.1	5.7	9.8	14.7	17.3	17.4	12.6	4.3	1.8	-6.7
227	38846	Hovaling	69.95	38.35	1468	1965	-2.8	-6.6	-1.0	6.5	11.0	15.2	18.4	16.8	12.1	9.7	4.3	-0.8
227	38846	Hovaling	69.95	38.35	1468	1966	1.2	2.1	1.0	5.8	10.3	17.1	18.5	18.1	13.0	6.7	1.3	-2.1
227	38846	Hovaling	69.95	38.35	1468	1967	-7.2	-4.2	-0.5	5.3	9.5	14.9	18.5	17.8	13.4	6.5	3.1	-0.7
227	38846	Hovaling	69.95	38.35	1468	1968	-4.7	-5.8	2.4	7.2	9.1	15.7	18.2	17.9	13.2	7.6	3.8	-3.0
227	38846	Hovaling	69.95	38.35	1468	1969	-7.9	-8.2	2.8	6.2	10.5	15.2	18.0	17.6	12.7	9.3	2.3	1.9
227	38846	Hovaling	69.95	38.35	1468	1970	-4.1	-1.3	-0.1	8.3	12.4	16.2	17.9	19.9	13.6	9.2	5.0	-1.8
227	38846	Hovaling	69.95	38.35	1468	1971	-7.6	-4.2	2.4	8.4	13.1	17.8	19.0	17.4	12.7	8.0	5.2	2.0
227	38846	Hovaling	69.95	38.35	1468	1972	-7.0	-13.1	-0.6	6.5	10.5	15.0	16.6	15.6	13.3	8.6	4.8	-3.8
227	38846	Hovaling	69.95	38.35	1468	1973	-9.1	-3.0	0.3	8.2	11.7	18.4	20.2	18.9	13.1	8.6	5.0	-1.2
227	38846	Hovaling	69.95	38.35	1468	1974	-8.4	-8.4	0.3	9.0	11.6	15.4	19.0	16.3	13.3	6.7	3.4	-3.7
227	38846	Hovaling	69.95	38.35	1468	1975	-7.9	-6.2	-0.4	7.1	10.2	15.7	19.4	18.9	14.3	7.8	-0.5	-3.2
227	38846	Hovaling	69.95	38.35	1468	1976	-2.1	-6.5	-2.2	6.0	11.5	15.3	20.2	19.3	14.2	7.9	-0.4	-2.5
227	38846	Hovaling	69.95	38.35	1468	1977	-8.9	-6.0	3.3	8.8	11.3	17.0	19.5	18.4	13.6	6.4	5.5	-1.5
227	38846	Hovaling	69.95	38.35	1468	1978	-6.7	-6.1	-1.5	8.7	12.3	17.0	20.2	18.4	14.7	9.8	-0.3	1.4
227	38846	Hovaling	69.95	38.35	1468	1979	-4.0	-2.5	-0.7	8.9	8.5	15.2	19.7	18.1	13.8	10.6	2.4	0.2
227	38846	Hovaling	69.95	38.35	1468	1980	-5.6	-5.3	-0.2	9.5	12.7	16.8	20.0	18.2	13.5	9.1	5.3	0.6
227	38846	Hovaling	69.95	38.35	1468	1981	-3.5	-3.7	2.0	7.5	12.0	14.7	18.6	16.7	13.2	6.6	3.2	0.3
227	38846	Hovaling	69.95	38.35	1468	1982	-3.7	-6.7	-0.2	7.9	12.3	15.7	18.0	17.7	11.7	7.8	1.1	-3.4
227	38846	Hovaling	69.95	38.35	1468	1983	-4.3	-1.2	-1.3	6.6	11.9	15.1	19.2	20.3	14.8	7.6	5.3	-999.0
227	38846	Hovaling	69.95	38.35	1468	1984	-3.8	-11.4	2.0	7.5	11.8	17.4	20.7	21.4	13.1	6.5	4.4	-9.2
227	38846	Hovaling	69.95	38.35	1468	1985	-5.5	-2.1	-0.4	8.3	11.0	16.5	-999.0	17.3	14.0	7.7	3.1	-0.6
227	38846	Hovaling	69.95	38.35	1468	1986	-3.4	-1.9	-1.6	6.1	11.1	15.7	19.5	17.4	14.2	9.4	3.1	-3.7
227	38846	Hovaling	69.95	38.35	1468	1987	-2.3	-1.8	4.2	6.1	-999.0	14.5	17.0	19.1	13.7	5.3	4.3	2.3
227	38846	Hovaling	69.95	38.35	1468	1988	-3.1	-3.0	1.6	8.8	11.8	16.8	20.5	17.4	14.0	7.5	6.5	1.9
227	38846	Hovaling	69.95	38.35	1468	1989	-7.3	-9.3	0.4	4.8	8.5	15.2	18.0	17.2	12.9	9.2	2.5	2.0
227	38846	Hovaling	69.95	38.35	1468	1990	-4.2	-3.3	0.4	6.4	13.4	16.9	18.6	19.0	15.5	8.3	5.8	-2.4
227	38867	Humrogi	71.33	38.28	1737	1955	-999.0	-999.0	-999.0	-999.0	-999.0	-999.0	-999.0	-999.0	-999.0	-999.0	3.0	0.2
227	38867	Humrogi	71.33	38.28	1737	1956	-7.0	-3.4	1.4	7.3	14.3	16.5	24.7	21.5	16.6	8.5	4.0	-3.0
227	38867	Humrogi	71.33	38.28	1737	1957	-5.3	-7.7	0.8	6.2	10.1	15.0	18.4	18.6	14.2	8.1	1.9	-2.8
227	38867	Humrogi	71.33	38.28	1737	1958	-4.3	-6.0	3.0	7.5	9.8	14.9	20.1	18.4	15.7	7.7	1.5	0.5
227	38867	Humrogi	71.33	38.28	1737	1959	-4.6	-4.9	1.6	8.2	10.4	15.9	19.9	21.1	19.0	10.0	3.3	-2.6
227	38867	Humrogi	71.33	38.28	1737	1960	-6.1	-0.2	1.2	6.4	9.8	15.9	20.2	21.6	15.2	9.0	1.0	-4.1
227	38867	Humrogi	71.33	38.28	1737	1961	-4.5	-5.4	0.9	8.2	14.1	17.2	22.8	20.3	17.4	8.6	0.9	-3.7
227	38867	Humrogi	71.33	38.28	1737	1962	-6.2	-1.5	5.1	7.5	10.9	16.5	20.5	20.8	15.2	7.8	0.3	-3.3
227	38867	Humrogi	71.33	38.28	1737	1963	-5.4	-0.1	3.4	9.2	12.1	16.9	19.7	20.3	15.4	11.0	2.7	-1.0
227	38867	Humrogi	71.33	38.28	1737	1964	-9.3	-4.3	2.5	6.4	10.3	14.9	18.4	19.4	16.0	7.6	1.7	-3.5
227	38867	Humrogi	71.33	38.28	1737	1965	-2.8	-4.9	0.5	6.9	12.2	15.8	19.4	18.3	14.6	9.4	3.3	-2.9
227	38867	Humrogi	71.33	38.28	1737	1966	-2.8	0.1	1.5	6.3	10.8	17.6	18.6	20.1	15.0	6.9	0.6	-3.2
227	38867	Humrogi	71.33	38.28	1737	1967	-8.7	-3.2	0.7	7.1	10.7	16.2	20.1	20.9	16.1	7.0	2.4	-0.9
227	38867	Humrogi	71.33	38.28	1737	1968	-5.1	-4.9	2.9	8.0	10.8	15.6	20.6	20.9	15.6	8.2	3.1	-3.6
227	38867	Humrogi	71.33	38.28	1737	1969	-7.6	-7.7	2.4	5.9	10.9	14.8	17.1	-999.0	14.8	9.6	2.6	-0.2
227	38867	Humrogi	71.33	38.28	1737	1970	-3.1	-0.8	1.7	8.7	12.4	16.7	17.0	21.2	16.1	9.6	3.2	-1.5
227	38867	Humrogi	71.33	38.28	1737	1971	-5.7	-1.0	3.9	9.7	13.5	20.0	21.2	21.1	14.6	8.5	3.6	1.2
227	38867	Humrogi	71.33	38.28	1737	1972	-3.4	-9.8	0.7	6.3	10.7	14.1	16.3	19.2	14.7	8.6	3.7	-2.0
227	38867	Humrogi	71.33	38.28	1737	1973	-7.1	-2.7	0.3	8.0	11.6	18.0	22.8	22.1	16.6	8.5	3.5	-2.3
227	38867	Humrogi	71.33	38.28	1737	1974	-5.7	-6.2	1.4	9.4	12.4	15.5	18.7	18.2	14.9	7.6	2.0	-5.5
227	38867	Humrogi	71.33	38.28	1737	1975	-9.8	-6.0	1.0	7.3	10.8	15.6	20.1	21.4	16.0	8.4	-0.2	-3.0
227	38867	Humrogi	71.33	38.28	1737	1976	-4.5	-4.0	-0.2	7.2	12.5	15.9	22.2	22.0	15.8	8.9	1.1	-1.7
227	38867	Humrogi	71.33	38.28	1737	1977	-5.9	-6.1	3.2	9.9	12.5	-999.0	22.7	22.5	17.1	9.8	4.7	-2.3
227	38867	Humrogi	71.33	38.28	1737	1978	-7.7	-4.7	0.9	8.9	13.5	18.4	24.6	23.4	18.7	9.7	2.2	-0.9
227	38867	Humrogi	71.33	38.28	1737	1979	-3.5	-1.9	1.1	10.0	10.5	16.3	21.9	20.3	16.1	11.2	2.7	0.2
227	38867	Humrogi	71.33	38.28	1737	1980	-3.7	-2.8	1.3	9.7	13.4	18.6	23.0	22.3	16.7	10.2	5.1	-0.1
227	38867	Humrogi	71.33	38.28	1737	1981	-2.3	-3.4	3.0	8.9	14.4	16.0	20.6	20.3	16.1	8.3	2.7	-1.8
227	38867	Humrogi	71.33	38.28	1737	1982	-3.5	-4.6	1.6	9.6	13.7	13.1	20.7	21.6	14.9	7.9	1.6	-3.3
227	38867	Humrogi	71.33	38.28	1737	1983	-4.3	-3.5	0.3	8.6	12.5	14.7	18.0	23.6	16.4	9.1	4.6	-999.0
227	38867	Humrogi	71.33	38.28	1737	1984	-4.4	-6.9	2.1	7.7	11.5	19.5	23.2	25.5	15.8	8.5	3.8	-5.4
227	38867	Humrogi	71.33	38.28	1737	1985	-5.3	-2.3	2.0	10.0	12.1	16.1	23.3	21.9	16.8	9.5	-999.0	-1.1
227	38867	Humrogi	71.33	38.28	1737	1986	-5.4	-1.5	0.5	7.5	11.2	15.7	22.2	21.8	17.2	9.7	3.5	-4.0
227	38867	Humrogi	71.33	38.28	1737	1987	-6.1	-1.6	3.0	-999.0	10.4	14.7	17.6	20.7	16.1	7.0	3.6	0.4
227	38867	Humrogi	71.33	38.28	1737	1988	-3.6	-2.3	1.4	7.8	12.3	17.1	22.2	20.4	17.0	8.0	4.9	-0.1
227	38867	Humrogi	71.33	38.28	1737	1989	-7.7	-9.8	2.1	6.6	10.9	15.3	18.7	19.8	15.3	9.3	1.6	-0.9
227	38867	Humrogi	71.33	38.28	1737	1990	-2.9	-2.5	1.1	7.3	14.1	18.2	21.1	22.3	18.4	9.6	4.1	-0.7
227	38869	Irht	72.63	38.17	3290	1951	-17.5	-17.5	-11.8	-4.8	1.8	2.7	5.1	6.4	2.3	-1.1	-6.5	-10.6
227	38869	Irht	72.63	38.17	3290	1952	-17.3	-15.0	-13.3	-3.0	1.1	4.4	7.7	7.7	2.1	-3.2	-7.2	-12.9
227	38869	Irht	72.63	38.17	3290	1953	-19.1	-16.2	-10.5	-4.1	2.6	5.3	7.9	5.5	2.9	-4.3	-8.2	-11.1
227	38869	Irht	72.63	38.17	3290	1954	-17.4	-16.0	-11.3	-3.1	1.1	3.6	6.0	5.7	2.7	-4.5	-9.2	-16.8
227	38869	Irht	72.63	38.17	3290	1955	-20.4	-13.4	-7.1	-6.5	0.4	4.3	5.4	7.2	1.6	-4.0	-8.1	-11.7
227	38869	Irht	72.63	38.17	3290	1956	-20.7	-16.1	-10.2	-2.2	3.4	3.9	10.8	8.8	3.2	-3.2	-7.7	-13.7
227	38869	Irht	72.63	38.17	3290	1957	-16.7	-21.2	-13.1	-4.4	0.2	4.1	5.4	5.9	0.5	-2.9	-7.5	-15.1
227	38869	Irht	72.63	38.17	3290	1958	-18.0	-22.1	-11.0	-1.8	-0.3	4.0	7.7	4.8	2.3	-4.0	-10.6	-11.1
227	38869	Irht	72.63	38.17	3290	1959	-20.0	-17.6	-10.5	-4.2	0.4	3.9	6.4	6.5	4.3	-2.4	-6.3	-12.2
227	38869	Irht	72.63	38.17	3290	1960	-18.5	-14.1	-10.4	-4.6	0.3	3.8	7.1	7.5	2.1	-3.6	-10.2	-16.9
227	38869	Irht	72.63	38.17	3290	1961	-18.9	-19.0	-12.1	-2.1	3.0	4.6	8.7	7.1	3.9	-3.3	-9.7	-14.6
227	38869	Irht	72.63	38.17	3290	1962	-18.3	-15.4	-7.7	-2.3	1.0	4.7	7.4	6.9	2.5	-3.7	-9.2	-13.9
227	38869	Irht	72.63	38.17	3290	1963	-18.2	-14.0	-8.3	-1.5	2.0	5.1	6.9	6.5	2.0	-2.0	-8.8	-12.1
227	38869	Irht	72.63	38.17	3290	1964	-18.0	-15.3	-8.9	-2.8	0.2	3.8	6.9	6.4	2.8	-3.9	-9.1	-14.5
227	38869	Irht	72.63	38.17	3290	1965	-16.8	-19.2	-15.1	-5.6	2.0	3.7	7.4	6.3	1.7	-1.6	-8.4	-15.9
227	38869	Irht	72.63	38.17	3290	1966	-15.8	-14.6	-10.1	-5.2	0.6	5.5	6.0	6.4	2.2	-3.1	-10.2	-13.9
227	38869	Irht	72.63	38.17	3290	1967	-21.3	-14.9	-14.2	-4.7	0.3	5.2	7.3	6.8	2.3	-3.6	-9.0	-11.7
227	38869	Irht	72.63	38.17	3290	1968	-18.6	-18.7	-9.2	-3.4	0.6	4.6	7.8	8.1	1.8	-3.9	-8.4	-14.2
227	38869	Irht	72.63	38.17	3290	1969	-17.4	-17.7	-7.4	-4.6	1.8	4.5	6.5	6.6	1.5	-1.9	-7.8	-12.5
227	38869	Irht	72.63	38.17	3290	1970	-16.2	-15.1	-9.2	-1.5	1.4	4.5	5.8	8.1	2.6	-2.3	-8.8	-13.0
227	38869	Irht	72.63	38.17	3290	1971	-19.0	-14.0	-8.1	-1.0	1.9	7.1	8.6	6.9	0.7	-3.7	-8.3	-10.1
227	38869	Irht	72.63	38.17	3290	1972	-11.6	-17.8	-10.8	-5.7	0.6	4.0	4.6	6.6	1.7	-3.0	-7.0	-11.3
227	38869	Irht	72.63	38.17	3290	1973												
227	38869	Irht	72.63	38.17	3290	1974	-16.6	-16.1	-10.1	-1.7	1.5	3.9	7.2	5.0	1.6	-4.3	-10.8	-16.8
227	38869	Irht	72.63	38.17	3290	1975	-23.5	-18.6	-12.9	-2.5	0.7	4.4	7.1	8.9	2.9	-2.9	-11.1	-14.3
227	38869	Irht	72.63	38.17	3290	1976	-999.0	-16.4	-13.5	-4.0	1.9	4.7	9.3	8.3	2.8	-1.9	-9.0	-12.5
227	38869	Irht	72.63	38.17	3290	1977	-16.2	-20.4	-10.5	-1.0	1.2	-999.0	-999.0	-999.0	-999.0	-1.5	-9.1	-14.6
227	38869	Irht	72.63	38.17	3290	1978	-20.2	-17.1	-12.9	-3.0	2.1	5.5	9.7	9.6	2.5	-2.5	-9.1	-12.5
227	38869	Irht	72.63	38.17	3290	1979	-16.0	-16.1	-12.1	-0.5	0.9	4.8	8.7	7.6	2.4	-1.9	-8.2	-12.1
227	38869	Irht	72.63	38.17	3290	1980	-15.7	-13.6	-10.6	-1.0	2.9	5.8	8.8	7.1	2.7	-2.2	-6.7	-13.6
227	38869	Irht	72.63	38.17	3290	1981	-15.4	-14.7	-10.0	-2.0	3.0	3.7	8.3	5.8	1.5	-999.0	-999.0	-14.5
227	38869	Irht	72.63	38.17	3290	1982	-16.1	-19.9	-10.7	-2.4	2.4	4.1	7.0	7.7	1.2	-2.9	-8.8	-15.5
227	38869	Irht	72.63	38.17	3290	1983	-17.4	-18.7	-13.3	-2.4	2.0	3.4	7.0	9.7	3.3	-3.2	-7.5	-12.1
227	38869	Irht	72.63	38.17	3290	1984	-17.3	-17.6	-8.9	-2.7	1.3	5.9	9.2	11.1	2.3	-3.3	-6.6	-13.7
227	38869	Irht	72.63	38.17	3290	1985	-18.1	-16.2	-8.2	-1.0	1.3	4.3	9.2	-999.0	2.5	-2.2	-8.8	-13.7
227	38869	Irht	72.63	38.17	3290	1986	-22.1	-19.1	-13.0	-4.1	0.3	4.5	9.1	7.8	3.1	-2.7	-8.3	-15.1
227	38869	Irht	72.63	38.17	3290	1987	-18.9	-16.2	-999.0	-3.4	0.3	3.0	6.2	7.4	2.3	-2.4	-6.9	-12.0
227	38869	Irht	72.63	38.17	3290	1988	-16.8	-17.3	-10.8	-3.5	1.4	5.3	8.8	6.9	2.5	-3.6	-7.0	-11.8
227	38869	Irht	72.63	38.17	3290	1989	-19.6	-19.0	-10.5	-5.1	0.4	3.0	6.7	5.7	0.9	-3.2	-10.6	-13.3
227	38869	Irht	72.63	38.17	3290	1990	-13.1	-15.7	-13.9	-4.8	2.7	5.8	7.4	6.9	2.8	-3.3	-8.1	-999.0
227	38957	Ishkashim	71.60	36.73	2523	1951	-11.1	-9.6	-3.4	0.6	6.7	8.3	11.0	11.8	8.4	4.2	-1.9	-5.8
227	38957	Ishkashim	71.60	36.73	2523	1952	-9.5	-6.8	-4.6	2.6	5.8	9.7	13.8	12.8	6.9	2.6	-2.5	-7.8
227	38957	Ishkashim	71.60	36.73	2523	1953	-12.6	-7.6	-2.8	2.6	7.5	10.0	14.3	11.5	8.7	0.4	-3.5	-5.8
227	38957	Ishkashim	71.60	36.73	2523	1954	-15.8	-11.5	-4.1	2.3	6.2	8.7	10.8	11.2	8.5	1.4	-4.2	-14.7
227	38957	Ishkashim	71.60	36.73	2523	1955	-16.1	-8.3	-1.1	-1.2	5.1	8.9	11.2	13.2	7.9	2.1	-4.0	-6.2
227	38957	Ishkashim	71.60	36.73	2523	1956	-13.4	-8.9	-1.7	3.6	8.5	10.3	16.5	13.1	9.2	2.5	-2.7	-9.9
227	38957	Ishkashim	71.60	36.73	2523	1957	-11.1	-12.9	-4.2	1.0	5.0	9.1	11.7	11.1	6.6	1.9	-3.2	-9.4
227	38957	Ishkashim	71.60	36.73	2523	1958	-10.3	-11.1	-2.5	3.9	4.4	8.1	12.8	10.6	8.3	1.7	-5.1	-6.5
227	38957	Ishkashim	71.60	36.73	2523	1959	-16.1	-11.0	-2.7	2.2	5.3	9.5	12.9	13.2	11.1	3.3	-2.6	-10.9
227	38957	Ishkashim	71.60	36.73	2523	1960	-15.6	-5.8	-4.0	0.5	4.7	9.5	13.1	12.7	7.9	1.8	-5.4	-12.4
227	38957	Ishkashim	71.60	36.73	2523	1961	-12.4	-11.5	-4.6	2.2	7.7	10.7	14.8	12.8	9.5	1.3	-6.0	-12.6
227	38957	Ishkashim	71.60	36.73	2523	1962	-13.1	-13.2	-2.3	3.3	4.7	9.4	12.6	12.5	7.1	1.2	-5.5	-10.8
227	38957	Ishkashim	71.60	36.73	2523	1963	-14.2	-7.1	-3.2	3.1	6.4	11.1	11.8	11.4	6.3	3.2	-4.3	-9.8
227	38957	Ishkashim	71.60	36.73	2523	1964	-13.5	-9.5	-2.6	1.9	4.7	8.4	11.7	11.6	8.1	0.7	-5.1	-10.4
227	38957	Ishkashim	71.60	36.73	2523	1965	-9.0	-11.8	-5.8	1.0	5.5	9.1	12.1	11.6	6.9	2.9	-3.6	-12.9
227	38957	Ishkashim	71.60	36.73	2523	1966	-11.1	-4.9	-3.7	1.3	5.6	10.4	12.2	12.2	7.6	1.5	-7.5	-9.3
227	38957	Ishkashim	71.60	36.73	2523	1967	-15.2	-8.0	-5.0	1.6	4.8	9.8	12.7	12.4	8.5	1.1	-4.3	-8.0
227	38957	Ishkashim	71.60	36.73	2523	1968	-12.8	-10.5	-2.2	2.2	5.4	10.2	13.2	13.2	7.5	0.7	-4.7	-8.7
227	38957	Ishkashim	71.60	36.73	2523	1969	-12.7	-11.6	-0.8	0.8	5.5	9.8	11.9	12.9	7.3	2.9	-4.0	-8.5
227	38957	Ishkashim	71.60	36.73	2523	1970	-9.4	-7.6	-3.4	3.7	6.9	10.3	11.7	13.9	9.0	2.9	-4.7	-8.1
227	38957	Ishkashim	71.60	36.73	2523	1971	-12.7	-7.4	-1.5	4.5	8.2	13.3	13.8	12.4	7.4	1.8	-4.8	-7.9
227	38957	Ishkashim	71.60	36.73	2523	1972	-8.2	-12.4	-3.1	1.1	5.9	9.3	10.5	11.7	7.6	2.6	-3.4	-8.4
227	38957	Ishkashim	71.60	36.73	2523	1973	-12.8	-8.1	-6.1	2.9	9.0	12.4	15.0	14.0	9.0	2.1	-3.5	-10.0
227	38957	Ishkashim	71.60	36.73	2523	1974	-10.5	-5.7	2.7	4.2	6.7	9.7	13.1	11.2	8.0	1.3	-5.2	-15.5
227	38957	Ishkashim	71.60	36.73	2523	1975	-20.2	-12.4	-3.9	3.2	5.8	-999.0	-999.0	14.0	9.4	-999.0	-6.3	-10.4
227	38957	Ishkashim	71.60	36.73	2523	1976	-12.8	-11.9	-5.7	2.3	6.8	9.4	-999.0	14.2	9.5	3.3	-5.2	-9.3
227	38957	Ishkashim	71.60	36.73	2523	1977	-11.0	-12.0	-2.0	5.2	6.3	10.3	14.5	13.0	9.1	4.3	-2.8	-9.9
227	38957	Ishkashim	71.60	36.73	2523	1978	-15.5	-10.7	-4.9	2.9	7.5	11.6	15.2	14.1	9.1	3.5	-4.8	-10.8
227	38957	Ishkashim	71.60	36.73	2523	1979	-11.3	-9.0	-4.7	3.7	5.3	10.1	14.3	12.9	8.5	4.1	-4.7	-7.9
227	38957	Ishkashim	71.60	36.73	2523	1980	-10.0	-7.9	-3.0	4.1	7.2	11.3	14.9	13.5	9.3	3.7	-1.9	-8.9
227	38957	Ishkashim	71.60	36.73	2523	1981	-9.5	-8.3	-2.0	3.6	8.4	9.2	14.2	12.2	8.3	2.1	-3.9	-9.5
227	38957	Ishkashim	71.60	36.73	2523	1982	-10.9	-10.0	-2.2	3.3	7.4	10.1	12.4	13.7	7.5	2.9	-3.5	-11.7
227	38957	Ishkashim	71.60	36.73	2523	1983	-12.8	-10.8	-5.2	2.9	7.3	8.1	12.1	15.5	9.3	2.4	-3.5	-999.0
227	38957	Ishkashim	71.60	36.73	2523	1984	-11.6	-11.4	-1.7	2.7	6.3	12.5	15.3	16.8	8.3	1.6	-2.9	-10.4
227	38957	Ishkashim	71.60	36.73	2523	1985	-12.1	-8.3	-1.7	4.0	5.9	9.8	15.0	13.4	8.7	2.7	-3.6	-10.0
227	38957	Ishkashim	71.60	36.73	2523	1986	-17.9	-9.7	-4.8	2.1	5.5	9.4	14.1	12.7	9.2	2.7	-2.8	-11.3
227	38957	Ishkashim	71.60	36.73	2523	1987	-14.4	-8.2	-1.2	-999.0	-999.0	8.0	11.2	12.8	8.6	2.0	-3.2	-8.8
227	38957	Ishkashim	71.60	36.73	2523	1988	-11.8	-8.4	-2.9	2.7	6.9	10.4	14.6	12.4	8.7	1.8	-3.0	-7.3
227	38957	Ishkashim	71.60	36.73	2523	1989	-13.8	-11.8	-2.9	-0.6	4.7	8.7	12.1	12.0	7.9	2.9	-5.4	-8.5
227	38957	Ishkashim	71.60	36.73	2523	1990	-9.1	-8.7	-5.4	1.3	7.9	11.8	13.7	14.0	9.6	2.1	-3.7	-8.2
227	38718	Iskanderkul	68.38	39.10	2204	1951	-9.8	-12.3	-5.1	0.7	5.7	6.5	8.5	9.6	7.2	4.9	-1.2	-4.0
227	38718	Iskanderkul	68.38	39.10	2204	1952	-7.5	-5.8	-4.0	3.3	4.8	8.3	10.0	9.1	5.4	1.5	-3.1	-7.0
227	38718	Iskanderkul	68.38	39.10	2204	1953	-8.9	-4.9	-3.6	1.7	6.1	7.9	11.0	8.9	6.3	-0.2	-3.2	-6.8
227	38718	Iskanderkul	68.38	39.10	2204	1954	-8.7	-8.0	-3.1	3.2	5.7	7.7	8.5	8.3	6.1	1.6	-4.6	-9.1
227	38718	Iskanderkul	68.38	39.10	2204	1955	-9.5	-6.2	-1.8	-0.7	5.6	6.9	8.5	10.6	6.2	0.9	-1.0	-4.7
227	38718	Iskanderkul	68.38	39.10	2204	1956	-11.0	-7.3	-2.7	2.3	7.3	6.5	12.3	9.6	6.4	1.5	-1.2	-8.3
227	38718	Iskanderkul	68.38	39.10	2204	1957	-9.1	-12.9	-4.1	0.3	5.0	7.6	9.4	9.1	5.4	1.6	-3.1	-7.0
227	38718	Iskanderkul	68.38	39.10	2204	1958	-6.1	-8.6	-2.3	3.4	4.0	7.1	10.0	7.9	6.7	2.1	-5.1	-3.0
227	38718	Iskanderkul	68.38	39.10	2204	1959	-8.3	-9.3	-3.8	3.2	4.8	7.5	9.8	10.1	7.9	3.3	-2.8	-7.5
227	38718	Iskanderkul	68.38	39.10	2204	1960	-9.3	-5.2	-5.5	-0.2	4.2	8.1	9.8	10.0	5.5	1.7	-3.9	-7.0
227	38718	Iskanderkul	68.38	39.10	2204	1961	-8.9	-11.0	-4.3	1.4	7.0	8.0	10.9	9.2	7.5	1.1	-4.4	-8.1
227	38718	Iskanderkul	68.38	39.10	2204	1962	-9.0	-7.0	-1.2	2.2	5.0	7.9	10.1	9.7	5.2	1.2	-5.8	-7.4
227	38718	Iskanderkul	68.38	39.10	2204	1963	-8.3	-5.6	-2.6	2.8	5.7	8.3	9.4	9.6	5.8	3.1	-1.9	-6.6
227	38718	Iskanderkul	68.38	39.10	2204	1964	-14.2	-9.8	-2.1	0.5	4.8	7.7	9.6	9.1	5.7	-0.2	-3.7	-10.0
227	38718	Iskanderkul	68.38	39.10	2204	1965	-7.5	-9.2	-4.7	1.2	6.2	7.8	9.9	9.2	5.7	3.6	-1.6	-6.6
227	38718	Iskanderkul	68.38	39.10	2204	1966	-6.3	-5.6	-3.1	1.5	4.9	9.1	9.2	9.3	5.8	0.9	-4.9	-6.9
227	38718	Iskanderkul	68.38	39.10	2204	1967	-11.4	-8.8	-5.3	1.1	4.7	8.0	10.2	10.0	6.7	0.7	-3.7	-6.2
227	38718	Iskanderkul	68.38	39.10	2204	1968	-10.2	-11.7	-2.5	1.7	4.6	8.0	10.2	9.7	5.8	1.8	-2.4	-6.5
227	38718	Iskanderkul	68.38	39.10	2204	1969	-11.4	-11.9	-0.6	1.2	5.7	7.4	10.0	9.3	5.7	3.2	-3.3	-5.0
227	38718	Iskanderkul	68.38	39.10	2204	1970	-9.6	-6.2	-4.4	3.5	6.2	8.2	9.8	10.1	6.6	2.7	-2.0	-6.3
227	38718	Iskanderkul	68.38	39.10	2204	1971	-11.4	-7.9	-2.8	3.0	7.0	9.8	10.2	9.6	5.1	1.5	-0.9	-4.0
227	38718	Iskanderkul	68.38	39.10	2204	1972	-9.7	-14.5	-4.5	0.5	4.7	7.6	8.1	8.2	5.8	1.6	-1.7	-7.2
227	38718	Iskanderkul	68.38	39.10	2204	1973	-11.6	-7.0	-6.1	1.9	5.6	9.2	11.3	9.9	5.9	1.4	-1.3	-7.3
227	38718	Iskanderkul	68.38	39.10	2204	1974	-10.6	-12.0	-4.6	3.2	5.3	7.5	10.3	8.8	5.9	0.3	-3.7	-9.7
227	38718	Iskanderkul	68.38	39.10	2204	1975	-11.6	-10.3	-4.8	2.7	4.3	7.7	-999.0	10.6	6.4	1.3	-5.3	-8.6
227	38718	Iskanderkul	68.38	39.10	2204	1976	-9.1	-10.1	-6.7	1.0	5.6	7.5	11.6	8.7	7.0	2.8	-5.1	-8.2
227	38718	Iskanderkul	68.38	39.10	2204	1977	-12.1	-13.8	-3.3	3.4	6.0	9.5	11.6	10.2	6.6	3.8	0.1	-5.7
227	38718	Iskanderkul	68.38	39.10	2204	1978	-10.0	-8.8	-5.6	3.0	6.2	9.1	11.6	10.2	6.5	3.4	-3.5	-2.3
227	38718	Iskanderkul	68.38	39.10	2204	1979	-8.2	-7.5	-5.4	3.5	3.9	7.7	10.6	10.0	6.5	3.6	-3.6	-5.1
227	38718	Iskanderkul	68.38	39.10	2204	1980	-8.7	-8.1	-4.2	3.7	6.5	8.6	11.1	10.1	6.3	3.3	0.1	-6.1
227	38718	Iskanderkul	68.38	39.10	2204	1981	-8.5	-6.4	-2.2	2.1	6.8	7.0	10.0	8.4	5.5	1.0	-2.9	-5.7
227	38718	Iskanderkul	68.38	39.10	2204	1982	-7.6	-9.5	-3.6	2.3	6.2	8.2	9.4	9.6	5.5	2.4	-3.3	-8.3
227	38718	Iskanderkul	68.38	39.10	2204	1983	-9.3	-11.1	-6.4	1.8	8.4	7.6	10.4	11.7	7.3	1.3	-1.2	-999.0
227	38718	Iskanderkul	68.38	39.10	2204	1984	-12.9	-14.0	-3.4	1.7	5.6	9.6	11.4	11.6	5.4	0.6	-1.0	-10.6
227	38718	Iskanderkul	68.38	39.10	2204	1985	-8.1	-6.2	-4.7	3.8	5.1	7.9	10.9	9.0	6.0	2.3	-3.2	-6.0
227	38718	Iskanderkul	68.38	39.10	2204	1986	-8.1	-6.6	-5.7	1.3	5.2	7.8	10.5	9.6	6.6	2.6	-2.8	-7.0
227	38718	Iskanderkul	68.38	39.10	2204	1987	-6.1	-6.5	-0.4	1.3	-999.0	6.4	8.0	9.4	6.5	0.9	-1.0	-3.4
227	38718	Iskanderkul	68.38	39.10	2204	1988	-8.4	-7.0	-2.7	2.8	5.2	8.2	11.2	9.6	6.6	0.7	-0.4	-4.5
227	38718	Iskanderkul	68.38	39.10	2204	1989	-10.5	-11.8	-4.9	-0.8	3.7	7.2	8.8	9.4	6.1	2.5	-4.2	-3.9
227	38718	Iskanderkul	68.38	39.10	2204	1990	-6.2	-7.3	-3.7	1.3	6.8	8.9	10.1	10.6	7.1	1.7	-1.0	-6.7
227	38943	Kalai-Khumb	70.88	38.47	1284	1951	-3.2	-4.7	2.7	8.1	12.1	13.3	15.8	17.5	13.8	10.4	4.4	1.1
227	38943	Kalai-Khumb	70.88	38.47	1284	1952	-1.6	0.0	2.3	9.0	11.0	14.3	17.8	18.1	13.8	7.4	2.3	0.1
227	38943	Kalai-Khumb	70.88	38.47	1284	1953	-2.3	1.0	3.0	8.1	13.3	15.1	19.0	17.5	-999.0	5.5	2.9	1.3
227	38943	Kalai-Khumb	70.88	38.47	1284	1954	-4.8	-1.6	3.6	9.4	10.9	13.8	15.6	15.6	12.6	6.6	1.1	-1.9
227	38943	Kalai-Khumb	70.88	38.47	1284	1955	-2.8	1.4	5.1	5.9	11.1	13.8	14.9	17.3	12.2	6.3	2.6	1.9
227	38943	Kalai-Khumb	70.88	38.47	1284	1956	-3.6	-1.2	2.8	8.5	13.3	14.8	21.8	19.2	14.3	6.6	-999.0	-999.0
227	38943	Kalai-Khumb	70.88	38.47	1284	1957	-999.0	-999.0	-999.0	-999.0	-999.0	-999.0	-999.0	-999.0	-999.0	-999.0	4.5	-0.8
227	38943	Kalai-Khumb	70.88	38.47	1284	1958	-2.4	-5.6	2.9	8.6	12.1	15.6	18.3	18.8	14.3	9.0	3.7	0.1
227	38943	Kalai-Khumb	70.88	38.47	1284	1959	-2.3	-3.2	4.6	9.4	10.7	15.1	18.6	17.8	15.7	8.6	2.6	2.5
227	38943	Kalai-Khumb	70.88	38.47	1284	1960	-2.2	-2.1	3.8	9.1	12.2	16.1	19.6	20.0	17.6	10.2	5.3	0.4
227	38943	Kalai-Khumb	70.88	38.47	1284	1961	-2.6	1.7	2.8	8.1	10.9	16.2	19.5	20.1	15.6	9.7	2.6	-1.6
227	38943	Kalai-Khumb	70.88	38.47	1284	1962	-1.7	-1.8	2.9	9.4	14.8	17.4	21.7	20.0	16.9	9.8	2.5	-1.2
227	38943	Kalai-Khumb	70.88	38.47	1284	1963	-2.8	0.8	6.1	9.7	11.9	17.0	20.0	21.1	16.3	9.3	2.5	-1.0
227	38943	Kalai-Khumb	70.88	38.47	1284	1964	-3.1	2.0	4.7	10.7	12.9	16.8	18.8	20.2	15.4	11.9	4.1	0.5
227	38943	Kalai-Khumb	70.88	38.47	1284	1965	-7.5	-2.4	4.5	8.5	11.5	15.3	17.8	19.2	15.7	8.4	3.0	-1.2
227	38943	Kalai-Khumb	70.88	38.47	1284	1966	-0.2	-2.4	2.5	8.8	13.4	16.6	19.9	18.7	15.3	10.8	4.7	-1.8
227	38943	Kalai-Khumb	70.88	38.47	1284	1967	-6.0	-0.7	3.3	9.0	12.0	16.1	19.8	20.0	15.9	8.5	3.8	0.8
227	38943	Kalai-Khumb	70.88	38.47	1284	1968	-2.2	-2.0	5.4	9.7	12.2	16.1	20.0	20.1	14.6	8.7	4.3	-1.7
227	38943	Kalai-Khumb	70.88	38.47	1284	1969	-5.8	-5.7	2.8	7.7	11.7	14.8	16.5	18.8	14.2	10.7	4.1	1.7
227	38943	Kalai-Khumb	70.88	38.47	1284	1970	-0.5	1.7	3.8	10.4	12.7	16.5	17.9	20.7	14.1	10.0	4.1	0.7
227	38943	Kalai-Khumb	70.88	38.47	1284	1971	-3.5	0.8	5.8	11.2	14.6	19.8	21.5	19.6	16.0	8.8	4.6	1.7
227	38943	Kalai-Khumb	70.88	38.47	1284	1972	-1.5	-8.4	2.4	8.2	12.3	15.3	16.9	19.7	15.0	9.2	5.1	0.1
227	38943	Kalai-Khumb	70.88	38.47	1284	1973	-4.8	-1.6	2.4	10.5	12.9	17.7	22.3	22.2	16.5	9.0	3.9	-1.2
227	38943	Kalai-Khumb	70.88	38.47	1284	1974	-3.4	-4.4	3.4	11.4	12.9	16.4	19.4	18.4	15.4	8.7	3.7	-2.1
227	38943	Kalai-Khumb	70.88	38.47	1284	1975	-7.4	-4.0	3.2	9.5	11.9	16.6	-999.0	21.2	-999.0	8.8	2.0	-0.6
227	38943	Kalai-Khumb	70.88	38.47	1284	1976	-1.5	-2.0	2.0	9.4	13.4	16.4	21.4	22.2	16.5	10.4	2.2	0.0
227	38943	Kalai-Khumb	70.88	38.47	1284	1977	-4.1	-4.7	4.9	8.9	13.1	16.7	20.9	20.9	16.0	10.9	5.5	-1.1
227	38943	Kalai-Khumb	70.88	38.47	1284	1978	-6.1	-3.8	2.0	10.0	13.4	17.7	22.3	21.0	16.0	10.5	4.0	1.0
227	38943	Kalai-Khumb	70.88	38.47	1284	1979	-1.0	0.5	3.1	11.2	11.4	15.3	19.9	20.0	15.4	10.9	3.3	1.9
227	38943	Kalai-Khumb	70.88	38.47	1284	1980	-1.5	-1.4	3.2	10.4	13.9	17.3	21.1	20.8	16.4	10.9	5.9	0.4
227	38943	Kalai-Khumb	70.88	38.47	1284	1981	-0.8	-1.4	4.1	9.8	17.2	15.6	19.3	18.7	15.8	9.5	3.4	0.3
227	38943	Kalai-Khumb	70.88	38.47	1284	1982	-1.3	-3.5	3.6	10.4	14.1	16.9	18.9	20.9	14.9	9.0	3.3	-1.4
227	38943	Kalai-Khumb	70.88	38.47	1284	1983	-2.1	-0.8	2.6	10.0	12.7	14.4	17.2	21.5	15.8	9.5	4.8	-999.0
227	38943	Kalai-Khumb	70.88	38.47	1284	1984	-2.5	-4.9	3.6	8.9	13.1	18.5	21.4	23.0	15.1	8.7	5.3	-2.8
227	38943	Kalai-Khumb	70.88	38.47	1284	1985	-4.2	-0.9	3.6	10.4	12.3	16.2	20.9	21.5	15.6	10.3	-999.0	0.6
227	38943	Kalai-Khumb	70.88	38.47	1284	1986	-3.0	0.4	2.4	8.7	12.0	16.1	20.4	20.5	16.8	9.8	4.9	-2.5
227	38943	Kalai-Khumb	70.88	38.47	1284	1987	-5.2	0.3	4.5	8.0	-999.0	14.8	16.6	18.9	15.4	8.5	4.7	1.8
227	38943	Kalai-Khumb	70.88	38.47	1284	1988	-0.7	0.3	3.2	8.9	13.1	16.5	20.2	18.9	16.3	9.1	5.2	1.7
227	38943	Kalai-Khumb	70.88	38.47	1284	1989	-6.0	-4.1	3.6	7.5	11.2	15.9	18.2	18.2	14.5	9.5	3.0	1.2
227	38943	Kalai-Khumb	70.88	38.47	1284	1990	-0.7	0.3	3.1	8.7	14.2	17.3	19.9	21.9	17.3	9.9	4.8	0.9
227	38871	Karakul	73.55	39.02	3930	1951	-22.1	-20.4	-14.7	-11.9	-4.9	-2.1	0.5	1.1	-2.7	-5.9	-11.8	-17.2
227	38871	Karakul	73.55	39.02	3930	1952	-31.5	-23.0	-18.1	-7.6	-4.7	-1.1	2.2	2.1	-2.4	-9.2	-12.1	-18.4
227	38871	Karakul	73.55	39.02	3930	1953	-26.4	-19.4	-14.8	-8.4	-3.9	-0.5	3.0	1.3	-1.5	-9.1	-14.5	-18.7
227	38871	Karakul	73.55	39.02	3930	1954	-21.2	-21.5	-14.9	-8.8	-6.0	-1.9	1.0	1.8	-2.2	-9.9	-16.3	-21.0
227	38871	Karakul	73.55	39.02	3930	1955	-22.4	-17.6	-13.6	-14.7	-5.6	-1.2	0.6	2.4	-3.2	-9.2	-13.8	-19.1
227	38871	Karakul	73.55	39.02	3930	1956	-24.2	-18.6	-13.1	-8.8	-4.0	-1.5	5.6	3.8	-1.2	-8.1	-12.7	-19.9
227	38871	Karakul	73.55	39.02	3930	1957	-20.2	-24.8	-16.5	-10.3	-5.9	-1.8	1.5	0.8	-4.0	-8.0	-13.0	-19.6
227	38871	Karakul	73.55	39.02	3930	1958	-27.9	-26.4	-14.1	-5.6	-6.4	-1.3	2.6	0.3	-4.2	-8.6	-13.8	-17.4
227	38871	Karakul	73.55	39.02	3930	1959	-25.2	-20.7	-14.6	-8.9	-5.4	-0.2	2.0	2.2	0.7	-6.5	-13.7	-19.7
227	38871	Karakul	73.55	39.02	3930	1960	-24.6	-21.4	-16.1	-10.9	-5.3	-1.8	1.8	2.3	-2.4	-8.7	-15.0	-22.3
227	38871	Karakul	73.55	39.02	3930	1961	-23.1	-21.9	-16.4	-9.7	-4.3	-1.0	3.8	1.6	-1.6	-9.6	-16.3	-21.8
227	38871	Karakul	73.55	39.02	3930	1962	-21.7	-19.0	-14.7	-7.6	-5.1	-1.0	2.2	2.7	-2.1	-9.1	-14.5	-20.0
227	38871	Karakul	73.55	39.02	3930	1963	-22.6	-17.4	-13.1	-6.6	-3.1	0.1	2.0	1.6	-3.2	-7.2	-14.3	-18.2
227	38871	Karakul	73.55	39.02	3930	1964	-24.7	-18.9	-12.7	-8.5	-5.7	-0.9	2.0	2.0	-2.7	-7.6	-14.4	-23.4
227	38871	Karakul	73.55	39.02	3930	1965	-26.8	-27.0	-23.9	-13.3	-4.9	-2.3	3.0	1.4	-2.9	-5.9	-13.0	-21.9
227	38871	Karakul	73.55	39.02	3930	1966	-20.2	-21.2	-14.5	-9.2	-5.6	-0.7	1.2	1.9	-2.1	-8.5	-16.9	-18.5
227	38871	Karakul	73.55	39.02	3930	1967	-23.8	-17.4	-15.6	-9.5	-5.8	-0.5	2.4	1.5	-2.5	-8.4	-15.0	-18.3
227	38871	Karakul	73.55	39.02	3930	1968	-23.1	-20.6	-12.2	-9.1	-5.1	-0.4	2.9	2.6	-2.8	-8.5	-13.4	-20.8
227	38871	Karakul	73.55	39.02	3930	1969	-19.2	-18.4	-10.1	-10.3	-4.4	-0.6	2.1	2.4	-2.9	-6.2	-14.6	-22.6
227	38871	Karakul	73.55	39.02	3930	1970	-23.4	-22.6	-16.7	-7.5	-4.7	-0.8	2.0	3.6	-1.4	-6.9	-13.0	-16.3
227	38871	Karakul	73.55	39.02	3930	1971	-22.1	-17.8	-12.5	-6.4	-3.1	2.2	3.3	2.2	-3.8	-8.7	-13.4	-15.7
227	38871	Karakul	73.55	39.02	3930	1972	-16.4	-22.1	-16.4	-10.5	-4.4	-0.4	0.7	2.2	-2.5	-8.0	-13.3	-19.0
227	38871	Karakul	73.55	39.02	3930	1973	-23.6	-18.1	-15.6	-7.8	-4.1	0.8	4.7	3.4	-999.0	-7.9	-12.5	-27.4
227	38871	Karakul	73.55	39.02	3930	1974	-21.7	-22.2	-15.4	-6.7	-4.2	-0.1	2.9	1.0	-3.7	-10.4	-16.1	-22.2
227	38871	Karakul	73.55	39.02	3930	1975	-27.4	-21.8	-14.2	-8.2	-5.4	-999.0	-999.0	2.9	-2.4	-7.2	-15.7	-999.0
227	38871	Karakul	73.55	39.02	3930	1976	-29.5	-23.0	-18.0	-8.6	-4.9	-1.6	-999.0	2.3	-2.1	-6.5	-14.9	-999.0
227	38871	Karakul	73.55	39.02	3930	1977	-19.6	-21.1	-13.8	-7.7	-4.0	1.4	3.4	2.4	-1.4	-5.3	-12.1	-17.8
227	38871	Karakul	73.55	39.02	3930	1978	-24.4	-18.6	-16.4	-7.1	-2.7	1.5	5.4	4.0	-2.2	-6.8	-14.0	-14.8
227	38871	Karakul	73.55	39.02	3930	1979	-18.5	-17.3	-15.7	-5.4	-5.4	-0.2	3.2	3.0	-2.4	-6.4	-14.3	-20.2
227	38871	Karakul	73.55	39.02	3930	1980	-24.7	-18.2	-15.1	-6.4	-2.4	0.5	4.1	2.9	-2.2	-7.1	-13.1	-23.7
227	38871	Karakul	73.55	39.02	3930	1981	-24.9	-19.9	-15.8	-7.6	-1.8	-0.1	3.6	1.5	-999.0	-7.8	-13.3	-19.4
227	38871	Karakul	73.55	39.02	3930	1982	-19.5	-20.0	-13.8	-9.1	-4.3	-0.6	2.4	2.7	-3.4	-7.3	-13.8	-22.5
227	38871	Karakul	73.55	39.02	3930	1983	-22.0	-21.5	-20.0	-10.2	-3.6	-1.8	1.8	4.7	-1.0	-7.7	-11.8	-17.5
227	38871	Karakul	73.55	39.02	3930	1984	-22.4	-20.4	-12.5	-8.2	-3.4	0.7	3.7	6.1	-2.4	-8.6	-11.9	-17.8
227	38871	Karakul	73.55	39.02	3930	1985	-21.5	-18.4	-12.0	-7.6	-4.0	-0.3	4.3	3.5	-2.0	-6.5	-13.3	-24.1
227	38871	Karakul	73.55	39.02	3930	1986	-34.4	-29.4	-20.6	-12.0	-5.4	-1.0	4.0	3.6	-1.4	-6.0	-11.0	-19.6
227	38871	Karakul	73.55	39.02	3930	1987	-23.7	-18.2	-11.1	-999.0	-5.5	-1.5	1.8	3.3	-1.5	-6.9	-11.3	-18.6
227	38871	Karakul	73.55	39.02	3930	1988	-20.5	-22.3	-15.0	-5.7	-3.9	0.7	4.2	2.3	-1.5	-7.7	-11.8	-16.0
227	38871	Karakul	73.55	39.02	3930	1989	-22.2	-19.8	-14.4	-12.1	-6.2	-1.0	2.8	1.8	-1.5	-7.2	-14.2	-19.6
227	38871	Karakul	73.55	39.02	3930	1990	-17.2	-17.3	-15.4	-9.7	-3.4	2.1	3.5	3.4	-0.7	-7.3	-11.2	-16.9
227	38943	Kulyab	69.75	37.92	604	1951	-1.6	-2.3	4.3	10.6	15.0	16.7	-999.0	-999.0	15.2	13.6	6.0	2.4
227	38943	Kulyab	69.75	37.92	604	1952	-0.3	4.5	6.3	11.2	12.1	19.2	-999.0	-999.0	14.6	9.2	3.5	0.1
227	38943	Kulyab	69.75	37.92	604	1953	0.8	5.0	5.4	11.2	15.6	19.0	21.7	19.7	15.1	8.1	5.0	1.1
227	38943	Kulyab	69.75	37.92	604	1954	-1.5	0.9	4.9	12.0	14.4	18.3	21.2	19.8	15.9	9.9	2.7	-1.7
227	38943	Kulyab	69.75	37.92	604	1955	0.0	4.3	7.7	8.8	11.1	18.4	20.9	21.5	15.7	9.0	6.5	3.9
227	38943	Kulyab	69.75	37.92	604	1956	0.1	1.6	6.3	11.9	16.9	18.2	24.2	20.9	16.5	9.5	5.5	-0.6
227	38943	Kulyab	69.75	37.92	604	1957	-4.8	-2.8	6.7	9.9	14.6	19.4	21.3	20.5	14.3	9.8	2.6	2.6
227	38943	Kulyab	69.75	37.92	604	1958	3.6	2.5	8.2	12.7	13.5	19.2	22.9	20.2	16.5	10.3	2.1	4.1
227	38943	Kulyab	69.75	37.92	604	1959	-0.3	-2.0	5.9	12.8	14.7	19.9	22.9	22.6	19.0	11.5	5.2	-0.6
227	38943	Kulyab	69.75	37.92	604	1960	0.7	4.6	3.2	9.5	13.5	19.3	21.7	20.4	15.8	9.9	4.1	0.3
227	38943	Kulyab	69.75	37.92	604	1961	-999.0	0.4	6.1	10.9	17.0	19.4	23.8	21.6	17.8	9.6	4.6	2.9
227	38943	Kulyab	69.75	37.92	604	1962	0.0	4.7	8.3	11.6	13.8	17.4	22.6	21.4	15.4	10.3	3.9	0.9
227	38943	Kulyab	69.75	37.92	604	1963	1.5	5.8	6.7	12.1	14.8	20.4	21.3	20.0	16.2	12.9	6.2	0.5
227	38943	Kulyab	69.75	37.92	604	1964	-8.0	1.5	7.6	11.0	14.7	19.3	21.6	20.4	15.6	7.9	4.6	-2.8
227	38943	Kulyab	69.75	37.92	604	1965	1.8	1.2	5.1	10.9	14.6	18.8	22.5	21.0	15.6	13.6	7.8	0.4
227	38943	Kulyab	69.75	37.92	604	1966	3.7	6.6	7.0	11.3	15.1	21.1	23.0	22.4	17.0	11.0	3.9	2.3
227	38943	Kulyab	69.75	37.92	604	1967	-2.7	1.4	5.2	10.9	14.2	19.3	22.2	21.2	16.8	10.6	7.1	2.9
227	38943	Kulyab	69.75	37.92	604	1968	1.1	0.8	7.7	-999.0	13.9	20.2	22.3	21.6	16.3	11.0	7.4	4.3
227	38943	Kulyab	69.75	37.92	604	1969	-3.5	-3.4	8.1	11.0	14.9	19.1	21.6	20.6	15.4	12.6	5.2	4.8
227	38943	Kulyab	69.75	37.92	604	1970	0.7	4.8	5.0	12.8	16.1	19.6	22.0	22.6	16.8	12.2	7.2	1.7
227	38943	Kulyab	69.75	37.92	604	1971	-1.6	2.2	8.1	12.8	16.7	21.9	-999.0	20.8	16.5	10.0	8.3	4.5
227	38943	Kulyab	69.75	37.92	604	1972	-2.7	-9.7	4.6	11.5	15.2	19.4	20.0	20.0	16.9	12.3	7.4	0.0
227	38943	Kulyab	69.75	37.92	604	1973	-5.0	2.9	6.1	13.1	16.4	22.3	24.1	22.4	16.6	11.1	6.8	1.5
227	38943	Kulyab	69.75	37.92	604	1974	-1.9	-2.3	6.6	13.8	16.1	20.3	23.8	19.9	16.3	9.8	5.8	1.5
227	38943	Kulyab	69.75	37.92	604	1975	-0.6	0.6	6.0	11.5	14.9	19.5	22.6	22.2	17.6	10.6	3.2	0.2
227	38943	Kulyab	69.75	37.92	604	1976	2.0	0.2	3.6	-999.0	-999.0	19.7	23.5	22.0	17.0	11.5	3.3	0.6
227	38943	Kulyab	69.75	37.92	604	1977	-5.7	-0.1	8.6	13.1	16.4	21.5	22.7	21.6	16.1	12.3	9.0	3.2
227	38943	Kulyab	69.75	37.92	604	1978	-0.8	0.8	4.6	13.3	15.7	21.2	23.5	21.4	16.8	13.1	4.1	4.7
227	38943	Kulyab	69.75	37.92	604	1979	1.3	3.1	5.7	13.6	13.2	19.4	23.1	22.3	17.6	-999.0	4.2	3.2
227	38943	Kulyab	69.75	37.92	604	1980	-999.0	-0.5	5.8	14.3	18.1	22.0	24.1	22.0	16.9	12.4	8.0	2.5
227	38943	Kulyab	69.75	37.92	604	1981	1.3	1.6	7.3	11.5	17.4	20.1	22.9	19.7	15.6	9.5	5.6	3.1
227	38943	Kulyab	69.75	37.92	604	1982	-999.0	-1.5	4.7	11.9	17.7	21.0	22.0	21.2	14.5	11.0	3.3	-1.9
227	38943	Kulyab	69.75	37.92	604	1983	-1.1	1.6	3.5	11.6	16.9	20.9	24.3	22.9	16.8	9.2	7.3	-999.0
227	38943	Kulyab	69.75	37.92	604	1984	-1.6	-8.3	7.2	11.6	16.7	21.9	24.5	23.8	15.4	8.6	7.8	-3.5
227	38943	Kulyab	69.75	37.92	604	1985	-1.2	2.9	3.8	11.8	15.4	22.0	24.4	20.2	15.9	-999.0	5.3	1.9
227	38943	Kulyab	69.75	37.92	604	1986	-1.2	1.4	3.0	10.8	16.5	21.2	23.7	21.3	17.8	12.4	5.5	-0.5
227	38943	Kulyab	69.75	37.92	604	1987	1.9	1.7	8.8	10.4	-999.0	19.8	22.0	22.1	16.0	8.2	4.9	3.0
227	38943	Kulyab	69.75	37.92	604	1988	0.0	0.0	6.5	12.4	16.3	22.5	24.8	20.9	17.4	10.2	7.6	3.7
227	38943	Kulyab	69.75	37.92	604	1989	-3.2	-3.2	6.4	10.0	13.5	20.2	23.6	21.2	16.2	11.6	5.7	4.8
227	38943	Kulyab	69.75	37.92	604	1990	-1.3	2.4	5.5	11.1	18.8	22.5	23.4	23.4	18.1	10.8	7.5	0.7
227	38933	Kurgan-tyube	68.86	37.82	426	1936	-3.9	2.3	2.7	9.0	15.8	17.7	18.2	15.4	12.5	7.0	0.6	-0.9
227	38933	Kurgan-tyube	68.86	37.82	426	1937	-999.0	0.7	2.8	7.9	15.2	17.7	18.5	15.6	11.6	7.1	0.3	-3.0
227	38933	Kurgan-tyube	68.86	37.82	426	1938	-0.4	2.0	4.3	11.7	16.8	16.6	18.4	16.2	11.1	5.9	1.0	1.0
227	38933	Kurgan-tyube	68.86	37.82	426	1939	-0.3	1.3	3.2	7.0	13.9	18.2	19.7	15.8	11.2	7.7	4.4	2.5
227	38933	Kurgan-tyube	68.86	37.82	426	1940	0.2	3.6	3.5	11.2	14.7	19.1	19.2	16.5	12.1	10.2	3.5	0.8
227	38933	Kurgan-tyube	68.86	37.82	426	1941	-2.6	4.6	8.5	11.9	17.0	18.3	17.7	17.2	11.4	10.4	4.0	0.5
227	38933	Kurgan-tyube	68.86	37.82	426	1942	-2.9	1.5	6.4	11.1	16.1	18.7	19.6	16.4	10.0	8.1	7.6	-1.0
227	38933	Kurgan-tyube	68.86	37.82	426	1943	-4.6	0.3	4.4	9.7	14.7	16.3	18.0	16.6	10.6	5.7	3.1	3.1
227	38933	Kurgan-tyube	68.86	37.82	426	1944	0.4	1.8	7.6	11.7	16.7	17.6	19.9	17.7	10.8	8.8	4.5	-5.3
227	38933	Kurgan-tyube	68.86	37.82	426	1945	-3.8	-0.3	4.2	10.3	14.3	18.8	17.9	17.2	12.4	5.7	4.2	-1.1
227	38933	Kurgan-tyube	68.86	37.82	426	1946	-1.8	3.3	6.7	12.6	16.7	16.9	17.7	15.7	10.3	7.9	-0.5	-4.5
227	38933	Kurgan-tyube	68.86	37.82	426	1947	0.7	2.0	8.2	11.6	15.9	16.7	17.5	17.4	11.7	7.2	5.1	-0.4
227	38933	Kurgan-tyube	68.86	37.82	426	1948	0.1	2.0	4.9	12.1	16.0	16.7	19.6	17.6	11.6	6.4	1.8	-2.3
227	38933	Kurgan-tyube	68.86	37.82	426	1949	-6.5	2.5	5.6	11.5	15.0	16.8	18.5	17.4	10.6	4.8	0.6	-0.1
227	38933	Kurgan-tyube	68.86	37.82	426	1950	-3.0	-3.7	5.9	8.8	14.9	17.5	-999.0	16.9	10.1	5.9	0.6	-999.0
227	38933	Kurgan-tyube	68.86	37.82	426	1951	-0.7	-2.5	4.0	10.3	15.5	15.4	17.7	15.4	11.7	11.7	3.6	1.4
227	38933	Kurgan-tyube	68.86	37.82	426	1952	0.4	4.2	6.5	12.2	14.4	17.8	19.0	17.7	11.1	4.3	1.1	-0.3
227	38933	Kurgan-tyube	68.86	37.82	426	1953	0.4	4.3	5.4	10.6	16.2	17.5	18.9	15.6	11.2	5.7	2.6	1.2
227	38933	Kurgan-tyube	68.86	37.82	426	1954	-0.7	0.5	4.9	11.7	14.8	16.6	18.2	16.2	11.1	6.0	1.3	-2.0
227	38933	Kurgan-tyube	68.86	37.82	426	1955	-1.9	2.9	7.7	8.4	14.7	17.7	17.8	17.2	10.9	4.4	3.3	2.5
227	38933	Kurgan-tyube	68.86	37.82	426	1956	-1.2	1.0	6.3	11.5	16.6	15.7	19.7	16.1	11.9	5.1	0.9	-1.6
227	38933	Kurgan-tyube	68.86	37.82	426	1957	-3.7	-2.9	6.6	9.5	14.2	17.7	17.5	16.2	9.4	6.7	1.5	2.2
227	38933	Kurgan-tyube	68.86	37.82	426	1958	2.4	2.0	7.6	12.6	13.2	18.0	19.8	16.8	12.3	6.8	0.6	3.6
227	38933	Kurgan-tyube	68.86	37.82	426	1959	-1.3	-1.1	5.1	12.2	14.1	17.5	19.0	17.9	13.4	7.9	3.6	-1.9
227	38933	Kurgan-tyube	68.86	37.82	426	1960	-0.7	3.7	3.0	9.3	13.1	17.3	17.9	15.5	11.5	5.0	2.5	-1.0
227	38933	Kurgan-tyube	68.86	37.82	426	1961	0.1	-0.2	5.7	10.5	16.8	16.0	18.9	16.0	12.5	5.2	1.2	0.3
227	38933	Kurgan-tyube	68.86	37.82	426	1962	-0.8	3.8	7.8	11.9	14.2	16.3	18.5	16.6	10.6	6.6	2.1	-1.6
227	38933	Kurgan-tyube	68.86	37.82	426	1963	-1.7	4.6	6.5	12.2	15.5	18.7	17.2	14.7	11.0	8.6	3.5	-1.7
227	38933	Kurgan-tyube	68.86	37.82	426	1964	-9.0	0.7	7.3	10.9	14.1	17.1	18.2	15.7	11.1	3.7	1.0	-3.8
227	38933	Kurgan-tyube	68.86	37.82	426	1965	1.4	1.6	5.0	10.7	14.3	16.6	18.9	16.4	11.0	10.3	4.9	-3.5
227	38933	Kurgan-tyube	68.86	37.82	426	1966	-0.3	6.0	6.7	10.4	14.1	18.4	18.3	16.2	11.4	8.2	-0.5	-0.7
227	38933	Kurgan-tyube	68.86	37.82	426	1967	-4.7	1.3	4.6	10.6	14.0	18.5	19.3	16.6	12.4	7.6	4.8	1.3
227	38933	Kurgan-tyube	68.86	37.82	426	1968	0.0	0.0	7.5	11.3	14.3	19.6	19.2	16.8	11.7	7.4	4.8	4.2
227	38933	Kurgan-tyube	68.86	37.82	426	1969	-5.1	-4.4	7.8	10.4	14.7	18.4	19.9	17.3	11.8	10.3	3.5	2.4
227	38933	Kurgan-tyube	68.86	37.82	426	1970	0.1	3.1	4.8	12.5	15.3	17.8	19.8	18.1	12.4	8.3	2.7	-0.4
227	38933	Kurgan-tyube	68.86	37.82	426	1971	-2.5	1.7	7.2	12.6	16.2	19.4	19.4	16.2	11.8	7.2	5.4	1.5
227	38933	Kurgan-tyube	68.86	37.82	426	1972	-3.2	-999.0	4.4	10.5	15.1	18.6	18.0	15.9	12.8	7.8	4.0	-0.7
227	38933	Kurgan-tyube	68.86	37.82	426	1973	-6.8	2.6	6.1	12.6	15.6	19.8	20.3	17.3	12.6	7.2	3.1	-1.2
227	38933	Kurgan-tyube	68.86	37.82	426	1974	-2.3	-1.7	6.2	13.5	15.5	18.4	20.4	16.1	12.6	6.6	2.6	0.6
227	38933	Kurgan-tyube	68.86	37.82	426	1975	-1.6	0.4	5.7	11.3	14.5	17.9	19.4	17.8	13.6	7.1	0.6	-1.0
227	38933	Kurgan-tyube	68.86	37.82	426	1976	1.3	0.5	3.6	11.2	15.6	18.1	20.4	18.0	13.3	9.4	0.5	0.3
227	38933	Kurgan-tyube	68.86	37.82	426	1977	-7.0	-2.2	7.8	13.4	16.2	20.2	19.9	17.5	12.4	10.4	8.2	2.6
227	38933	Kurgan-tyube	68.86	37.82	426	1978	-1.1	1.5	4.5	13.1	16.4	19.8	20.3	17.2	12.5	9.7	3.0	3.2
227	38933	Kurgan-tyube	68.86	37.82	426	1979	0.3	2.2	5.6	13.7	13.6	19.1	20.2	19.1	13.6	9.6	2.5	2.1
227	38933	Kurgan-tyube	68.86	37.82	426	1980	-1.3	-0.8	6.2	14.1	17.2	20.1	20.2	17.9	12.7	9.5	6.1	0.7
227	38933	Kurgan-tyube	68.86	37.82	426	1981	1.2	3.0	7.6	11.0	16.7	18.0	20.4	16.8	12.6	7.5	3.5	2.5
227	38933	Kurgan-tyube	68.86	37.82	426	1982	-1.7	0.3	5.6	11.7	16.3	18.2	18.8	18.1	11.8	9.8	3.3	-2.3
227	38933	Kurgan-tyube	68.86	37.82	426	1983	-0.2	1.1	4.1	11.7	16.1	18.5	20.6	19.7	13.9	7.0	4.3	1.4
227	38933	Kurgan-tyube	68.86	37.82	426	1984	-1.2	-4.9	7.9	11.6	16.5	19.5	21.0	19.8	12.1	6.6	7.0	-1.8
227	38933	Kurgan-tyube	68.86	37.82	426	1985	-0.5	2.9	4.8	12.3	15.2	19.3	20.8	17.8	12.7	8.8	3.9	2.4
227	38933	Kurgan-tyube	68.86	37.82	426	1986	-0.6	1.6	3.4	10.8	15.9	18.6	19.7	17.8	13.9	9.4	4.3	0.4
227	38933	Kurgan-tyube	68.86	37.82	426	1987	1.4	2.1	9.6	10.6	14.9	18.1	19.7	18.4	14.3	8.4	4.0	1.3
227	38933	Kurgan-tyube	68.86	37.82	426	1988	0.0	0.4	6.7	12.2	15.3	19.4	20.9	17.4	13.5	7.4	4.9	3.0
227	38933	Kurgan-tyube	68.86	37.82	426	1989	-1.9	-0.9	6.1	8.3	13.0	18.0	20.2	17.8	12.8	8.5	4.0	3.8
227	38933	Kurgan-tyube	68.86	37.82	426	1990	0.2	2.7	5.2	10.9	17.5	20.1	19.8	19.1	14.1	8.3	5.0	0.2
227	38933	Kurgan-tyube	68.86	37.82	426	1991	-999.0	-999.0	-999.0	-999.0	-999.0	-999.0	-999.0	-999.0	-999.0	-999.0	-999.0	-999.0
227	38933	Kurgan-tyube	68.86	37.82	426	1992	-999.0	-999.0	-999.0	-999.0	-999.0	-999.0	-999.0	-999.0	-999.0	-999.0	-999.0	-999.0
227	38933	Kurgan-tyube	68.86	37.82	426	1993	-999.0	-999.0	-999.0	-999.0	-999.0	-999.0	-999.0	-999.0	-999.0	-999.0	-999.0	-999.0
227	38933	Kurgan-tyube	68.86	37.82	426	1994	1.3	0.5	7.9	9.4	15.9	19.0	21.2	20.4	11.6	8.7	7.1	0.4
227	38933	Kurgan-tyube	68.86	37.82	426	1995	-999.0	-999.0	-999.0	-999.0	12.6	-999.0	-999.0	-999.0	-999.0	-999.0	-999.0	-999.0
227	38933	Kurgan-tyube	68.86	37.82	426	1996	-999.0	-999.0	-999.0	-999.0	-999.0	-999.0	-999.0	-999.0	-999.0	-999.0	-999.0	-999.0
227	38933	Kurgan-tyube	68.86	37.82	426	1997	-999.0	-999.0	-999.0	-999.0	-999.0	-999.0	-999.0	-999.0	-999.0	-999.0	-999.0	-999.0
227	38933	Kurgan-tyube	68.86	37.82	426	1998	-999.0	-999.0	-999.0	-999.0	-999.0	-999.0	-999.0	-999.0	-999.0	-999.0	-999.0	-999.0
227	38933	Kurgan-tyube	68.86	37.82	426	1999	-999.0	-999.0	-999.0	-999.0	16.5	19.8	21.8	20.2	-999.0	11.3	-999.0	-999.0
227	38933	Kurgan-tyube	68.86	37.82	426	2000	-999.0	-999.0	5.3	12.8	17.8	20.3	20.5	-999.0	-999.0	-999.0	3.7	1.8
227	38933	Kurgan-tyube	68.86	37.82	426	2001	-1.5	-999.0	6.4	13.7	18.3	20.4	21.0	18.8	13.6	11.2	5.0	-999.0
227	38933	Kurgan-tyube	68.86	37.82	426	2002	1.4	2.9	7.7	-999.0	-999.0	-999.0	-999.0	-999.0	-999.0	-999.0	-999.0	-999.0
227	38599	Leninabad	69.73	40.22	425	1936	-7.4	-0.2	1.4	8.8	13.6	17.7	-999.0	14.9	12.0	7.2	1.5	-2.2
227	38599	Leninabad	69.73	40.22	425	1937	-6.4	-0.8	1.3	6.5	13.6	18.2	-999.0	-999.0	10.9	5.0	-2.0	-3.9
227	38599	Leninabad	69.73	40.22	425	1938	-1.8	-999.0	2.7	10.5	15.7	15.5	17.9	-999.0	-999.0	5.3	0.1	-2.0
227	38599	Leninabad	69.73	40.22	425	1939	-1.7	-0.9	2.5	6.3	14.7	21.2	-999.0	19.3	13.4	7.1	3.0	-999.0
227	38599	Leninabad	69.73	40.22	425	1940	-2.6	0.6	1.9	10.8	14.3	20.2	22.6	19.8	14.2	10.0	3.2	-0.3
227	38599	Leninabad	69.73	40.22	425	1941	-4.4	3.0	6.6	11.0	16.4	20.5	21.3	19.9	13.4	9.7	2.7	-0.9
227	38599	Leninabad	69.73	40.22	425	1942	-3.5	-2.4	3.7	8.7	15.4	19.7	21.8	18.3	12.5	7.7	4.7	-0.5
227	38599	Leninabad	69.73	40.22	425	1943	-4.4	-3.0	1.9	8.6	15.0	18.8	22.7	20.5	-999.0	-999.0	1.4	-0.4
227	38599	Leninabad	69.73	40.22	425	1944	-1.7	0.3	6.3	10.9	17.2	19.9	-999.0	19.4	13.6	8.1	2.6	-8.3
227	38599	Leninabad	69.73	40.22	425	1945	-5.4	-5.9	1.4	9.9	14.0	18.6	21.2	21.1	14.0	7.6	1.9	-1.3
227	38599	Leninabad	69.73	40.22	425	1946	-2.9	1.6	4.7	10.0	17.0	18.3	21.0	19.7	13.4	8.9	-2.1	-7.9
227	38599	Leninabad	69.73	40.22	425	1947	-3.8	-0.3	7.0	10.4	14.5	17.4	20.0	20.9	13.7	8.0	4.5	-1.4
227	38599	Leninabad	69.73	40.22	425	1948	-1.3	0.0	2.8	8.9	15.2	19.4	21.7	20.2	13.0	5.9	0.5	-5.6
227	38599	Leninabad	69.73	40.22	425	1949	-7.4	-0.8	2.9	9.8	13.9	17.5	20.8	19.6	12.0	4.0	-1.2	-3.4
227	38599	Leninabad	69.73	40.22	425	1950	-5.3	-4.5	5.0	8.3	16.8	20.1	20.7	19.4	12.8	6.9	-3.1	-10.0
227	38599	Leninabad	69.73	40.22	425	1951	-5.4	-7.5	1.2	11.1	15.5	17.8	21.1	20.2	15.0	10.3	3.0	1.1
227	38599	Leninabad	69.73	40.22	425	1952	-2.4	2.1	4.0	10.2	14.0	19.3	21.9	20.7	13.4	6.5	-1.5	-3.1
227	38599	Leninabad	69.73	40.22	425	1953	-1.1	2.4	3.2	9.3	15.9	19.9	22.6	19.6	13.9	5.5	0.0	-1.3
227	38599	Leninabad	69.73	40.22	425	1954	-4.6	-3.5	0.5	11.5	14.5	17.9	21.4	19.7	14.3	8.3	-0.8	-4.6
227	38599	Leninabad	69.73	40.22	425	1955	-4.7	1.4	4.4	7.4	15.5	19.6	21.6	20.6	14.2	5.8	3.4	0.9
227	38599	Leninabad	69.73	40.22	425	1956	-4.6	-1.9	3.3	10.6	16.7	18.3	23.2	19.7	13.7	6.7	2.5	-2.3
227	38599	Leninabad	69.73	40.22	425	1957	-7.2	-5.4	4.3	7.8	14.7	19.4	20.7	19.2	13.5	6.8	0.6	-1.2
227	38599	Leninabad	69.73	40.22	425	1958	0.2	0.7	5.9	10.4	13.3	19.9	22.1	18.9	13.9	7.9	0.1	1.4
227	38599	Leninabad	69.73	40.22	425	1959	-1.3	-2.1	3.2	12.1	14.6	19.5	20.9	20.4	16.0	8.8	2.7	-3.5
227	38599	Leninabad	69.73	40.22	425	1960	-1.4	2.2	0.2	7.4	13.0	20.5	20.9	19.1	14.4	8.3	2.6	-1.6
227	38599	Leninabad	69.73	40.22	425	1961	-1.6	-1.2	4.4	10.5	17.4	20.3	22.2	19.5	14.5	5.9	1.6	0.1
227	38599	Leninabad	69.73	40.22	425	1962	-2.5	1.6	7.0	10.1	15.7	18.8	22.5	19.7	12.7	7.9	0.2	-3.3
227	38599	Leninabad	69.73	40.22	425	1963	-1.2	4.0	5.2	12.1	16.0	21.4	21.6	18.7	13.3	10.2	3.4	-2.3
227	38599	Leninabad	69.73	40.22	425	1964	-7.6	-0.7	6.1	9.9	14.7	19.8	21.8	19.3	13.7	5.9	2.5	-4.6
227	38599	Leninabad	69.73	40.22	425	1965	-2.3	-1.2	2.7	10.3	16.5	20.0	21.8	18.7	14.0	9.6	5.8	-0.4
227	38599	Leninabad	69.73	40.22	425	1966	-0.1	3.1	5.2	10.0	14.1	21.7	21.7	20.7	14.4	8.0	-0.8	-0.4
227	38599	Leninabad	69.73	40.22	425	1967	-3.4	-2.0	3.8	10.7	15.1	19.3	20.3	18.2	13.3	8.4	4.9	0.7
227	38599	Leninabad	69.73	40.22	425	1968	-0.9	-1.7	5.5	9.7	15.2	19.9	20.5	18.4	12.8	8.0	4.3	-0.3
227	38599	Leninabad	69.73	40.22	425	1969	-10.8	-11.4	3.4	10.1	14.5	18.5	20.2	17.8	13.8	9.3	3.1	3.0
227	38599	Leninabad	69.73	40.22	425	1970	-1.8	2.9	3.3	12.4	15.7	18.3	20.8	18.8	12.6	8.8	4.0	-1.6
227	38599	Leninabad	69.73	40.22	425	1971	-7.5	-1.3	6.2	10.2	15.7	20.5	20.7	17.7	14.0	9.3	6.8	2.7
227	38599	Leninabad	69.73	40.22	425	1972	-6.6	-12.3	0.7	9.1	15.2	19.1	19.5	17.6	13.4	8.0	5.3	-1.8
227	38599	Leninabad	69.73	40.22	425	1973	-6.7	-0.8	3.6	11.8	15.8	20.9	21.9	18.5	11.7	7.6	3.5	-1.7
227	38599	Leninabad	69.73	40.22	425	1974	-6.6	-6.1	3.2	11.2	16.0	19.4	21.7	17.0	14.6	8.4	3.9	-3.8
227	38599	Leninabad	69.73	40.22	425	1975	-4.0	-3.2	5.5	11.4	15.3	19.4	21.6	19.1	14.3	7.6	-0.7	-1.7
227	38599	Leninabad	69.73	40.22	425	1976	0.0	-2.0	2.6	10.5	16.8	19.5	21.3	18.9	13.6	7.4	-0.7	-2.8
227	38599	Leninabad	69.73	40.22	425	1977	-8.3	-2.2	7.1	11.3	16.9	21.3	21.1	18.6	13.6	9.4	7.3	-0.7
227	38599	Leninabad	69.73	40.22	425	1978	-3.3	-4.2	3.6	11.8	15.6	19.4	21.5	17.3	14.4	9.6	2.1	2.7
227	38599	Leninabad	69.73	40.22	425	1979	-3.1	0.6	3.8	11.9	12.4	18.3	21.2	19.4	13.5	9.8	1.2	1.4
227	38599	Leninabad	69.73	40.22	425	1980	-3.2	-3.4	3.0	13.0	16.3	20.0	21.2	18.7	13.7	8.9	7.7	1.5
227	38599	Leninabad	69.73	40.22	425	1981	0.8	1.3	6.7	10.7	16.0	18.9	21.7	18.9	13.4	7.3	3.9	0.8
227	38599	Leninabad	69.73	40.22	425	1982	-2.2	-1.3	3.5	11.3	15.8	18.6	20.3	18.5	13.3	9.1	0.8	-2.8
227	38599	Leninabad	69.73	40.22	425	1983	-2.5	-0.2	3.1	11.2	15.4	19.0	21.5	19.5	14.3	7.2	5.4	-1.0
227	38599	Leninabad	69.73	40.22	425	1984	-3.3	-9.5	4.2	10.4	15.6	20.0	21.8	19.9	13.4	7.0	4.8	-11.3
227	38599	Leninabad	69.73	40.22	425	1985	-5.7	0.5	2.6	11.6	14.9	19.4	21.3	18.7	13.5	7.2	2.0	0.1
227	38599	Leninabad	69.73	40.22	425	1986	-0.8	0.4	1.1	9.9	16.1	19.3	20.7	18.7	14.0	8.8	2.4	-1.7
227	38599	Leninabad	69.73	40.22	425	1987	-0.2	0.7	7.1	9.2	14.5	18.5	20.3	20.2	13.7	5.9	2.5	1.3
227	38599	Leninabad	69.73	40.22	425	1988	-0.8	-0.7	3.9	11.4	14.2	20.4	21.9	18.9	13.8	7.1	5.9	1.5
227	38599	Leninabad	69.73	40.22	425	1989	-4.3	-4.4	4.3	7.1	13.7	19.1	21.2	18.6	12.6	9.1	2.7	2.8
227	38599	Leninabad	69.73	40.22	425	1990	-2.7	1.3	4.4	10.2	16.5	21.5	20.9	-999.0	14.0	7.0	5.2	-1.3
227	38599	Leninabad	69.73	40.22	425	1991	-999.0	-999.0	-999.0	-999.0	-999.0	-999.0	-999.0	-999.0	-999.0	-999.0	-999.0	-999.0
227	38599	Leninabad	69.73	40.22	425	1992	-999.0	-999.0	-999.0	-999.0	-999.0	-999.0	-999.0	-999.0	-999.0	-999.0	-999.0	-999.0
227	38599	Leninabad	69.73	40.22	425	1993	-999.0	-999.0	-999.0	-999.0	-999.0	-999.0	-999.0	-999.0	-999.0	-999.0	-999.0	-999.0
227	38599	Leninabad	69.73	40.22	425	1994	-999.0	-999.0	-999.0	-999.0	-999.0	-999.0	-999.0	-999.0	-999.0	-999.0	-999.0	-999.0
227	38599	Leninabad	69.73	40.22	425	1995	-2.4	0.3	4.8	10.3	14.9	20.0	21.2	18.8	12.8	7.9	3.9	-2.5
227	38599	Leninabad	69.73	40.22	425	1996	-999.0	-999.0	-999.0	-999.0	-999.0	-999.0	-999.0	-999.0	-999.0	-999.0	-999.0	-999.0
227	38599	Leninabad	69.73	40.22	425	1997	-999.0	-999.0	-999.0	-999.0	-999.0	-999.0	-999.0	-999.0	-999.0	-999.0	-999.0	-999.0
227	38599	Leninabad	69.73	40.22	425	1998	-999.0	-999.0	-999.0	-999.0	-999.0	-999.0	-999.0	-999.0	-999.0	-999.0	-999.0	-999.0
227	38599	Leninabad	69.73	40.22	425	1999	-999.0	-999.0	-999.0	-999.0	-999.0	-999.0	-999.0	-999.0	-999.0	-999.0	-999.0	-999.0
227	38599	Leninabad	69.73	40.22	425	2000	-999.0	-999.0	-999.0	-999.0	-999.0	-999.0	-999.0	-999.0	-999.0	-999.0	-999.0	-999.0
227	38599	Leninabad	69.73	40.22	425	2001	-999.0	-999.0	-999.0	-999.0	-999.0	-999.0	-999.0	-999.0	12.9	7.8	5.1	0.4
227	38854	Lyairun	70.90	38.90	2008	1963	-7.6	-4.2	-2.3	4.2	6.1	9.2	10.0	10.5	7.4	5.1	-1.6	-5.6
227	38854	Lyairun	70.90	38.90	2008	1964	-13.8	-7.9	-1.6	1.8	4.8	7.9	10.5	10.8	7.0	1.2	-2.1	-7.4
227	38854	Lyairun	70.90	38.90	2008	1965	-5.6	-9.2	-4.1	1.5	6.4	7.9	11.4	10.2	6.5	5.4	-0.5	-5.7
227	38854	Lyairun	70.90	38.90	2008	1966	-4.7	-3.3	-2.9	1.3	5.7	10.0	11.0	11.7	7.5	2.0	-2.9	-6.7
227	38854	Lyairun	70.90	38.90	2008	1967	-10.7	-7.3	-4.2	1.5	4.9	8.5	11.0	11.0	7.7	2.1	-1.5	-4.8
227	38854	Lyairun	70.90	38.90	2008	1968	-8.8	-9.3	-1.3	3.1	4.9	8.6	11.2	11.2	7.0	2.4	-1.4	-999.0
227	38854	Lyairun	70.90	38.90	2008	1969	-11.3	-10.9	-0.6	1.0	5.2	8.1	9.9	10.6	6.5	4.2	-1.7	-3.5
227	38854	Lyairun	70.90	38.90	2008	1970	-7.6	-5.1	-3.9	3.5	6.4	8.6	10.2	12.4	7.6	4.3	-0.2	-5.5
227	38854	Lyairun	70.90	38.90	2008	1971	-10.3	-6.1	-1.2	4.2	6.7	10.1	11.8	11.2	6.6	2.6	0.0	-2.6
227	38854	Lyairun	70.90	38.90	2008	1972	-8.1	-14.4	-3.4	0.8	5.6	7.8	8.9	9.4	7.5	3.4	0.3	0.5
227	38854	Lyairun	70.90	38.90	2008	1973	-11.4	-6.1	-4.6	3.3	6.1	10.7	13.2	12.8	7.9	3.4	0.4	-5.0
227	38854	Lyairun	70.90	38.90	2008	1974	-10.0	-9.7	-3.2	5.1	6.3	8.5	11.2	9.5	7.7	3.1	-1.2	-7.5
227	38854	Lyairun	70.90	38.90	2008	1975	-10.3	-9.7	-3.5	3.0	4.9	8.5	12.0	13.1	6.9	3.3	-3.6	-6.8
227	38854	Lyairun	70.90	38.90	2008	1976	-6.8	-8.6	-5.3	-999.0	6.7	7.8	12.5	12.4	8.2	3.4	-2.9	-6.0
227	38854	Lyairun	70.90	38.90	2008	1977	-10.0	-9.5	-0.9	4.5	6.5	9.8	12.0	11.5	7.5	4.6	1.0	-5.7
227	38854	Lyairun	70.90	38.90	2008	1978	-10.3	-8.1	-5.2	3.0	7.5	9.6	12.7	12.1	8.2	4.1	-3.5	-3.2
227	38854	Lyairun	70.90	38.90	2008	1979	-7.6	-5.9	-4.4	4.7	4.6	8.3	12.1	12.0	7.7	5.6	-1.5	-3.8
227	38854	Lyairun	70.90	38.90	2008	1980	-8.7	-7.6	-3.8	3.1	7.3	9.4	12.3	12.2	8.2	4.6	0.7	-3.5
227	38854	Lyairun	70.90	38.90	2008	1981	-7.1	-6.4	-2.7	3.8	8.1	8.1	11.7	9.8	7.7	1.9	-1.2	-5.4
227	38854	Lyairun	70.90	38.90	2008	1982	-7.5	-9.3	-4.2	3.3	7.0	8.3	10.5	11.8	5.8	3.1	-3.5	-7.3
227	38854	Lyairun	70.90	38.90	2008	1983	-7.6	-7.7	-4.9	3.0	6.9	7.6	10.7	13.4	8.8	3.2	1.0	-5.4
227	38854	Lyairun	70.90	38.90	2008	1984	-9.9	-12.5	-1.9	2.5	6.2	10.5	13.1	14.7	7.4	2.4	-0.4	-10.8
227	38854	Lyairun	70.90	38.90	2008	1985	-8.6	-5.9	-4.1	3.8	5.3	8.9	12.9	11.4	7.4	3.7	-1.1	-5.2
227	38854	Lyairun	70.90	38.90	2008	1986	-8.5	-5.9	-4.6	1.9	5.4	8.8	12.0	11.1	7.8	4.2	-1.8	-7.6
227	38854	Lyairun	70.90	38.90	2008	1987	-7.2	-5.4	-999.0	-999.0	4.9	7.3	9.8	11.2	7.7	1.3	-0.5	-2.2
227	38854	Lyairun	70.90	38.90	2008	1988	-6.9	-6.6	-2.7	2.6	6.3	9.4	12.4	10.6	8.3	2.2	1.5	-2.9
227	38854	Lyairun	70.90	38.90	2008	1989	-10.7	-11.4	-3.0	0.4	4.4	8.0	10.7	9.9	6.9	3.9	3.0	-4.1
227	38854	Lyairun	70.90	38.90	2008	1990	-6.4	-7.5	-4.6	1.6	7.6	10.1	11.5	12.5	8.9	3.5	0.5	-999.0
227	38744	Lyakhsh	71.25	38.32	1998	1961	-12.7	-13.3	-6.2	2.2	7.5	8.8	13.6	11.0	8.6	1.3	-6.3	-12.4
227	38744	Lyakhsh	71.25	38.32	1998	1962	-13.8	-9.2	-2.1	2.6	5.2	8.6	12.8	13.0	7.6	1.6	-6.4	-10.9
227	38744	Lyakhsh	71.25	38.32	1998	1963	-13.7	-7.4	-4.6	4.2	6.2	9.9	11.5	11.4	6.8	4.0	-3.8	-10.2
227	38744	Lyakhsh	71.25	38.32	1998	1964	-18.1	-11.9	-4.1	2.0	5.4	8.1	10.9	10.7	7.0	-0.3	-4.9	-10.1
227	38744	Lyakhsh	71.25	38.32	1998	1965	-10.9	-14.6	-7.3	1.0	6.4	8.7	12.2	10.4	6.2	3.8	-1.8	-10.5
227	38744	Lyakhsh	71.25	38.32	1998	1966	-8.9	-6.6	-2.7	2.0	5.7	9.8	10.6	11.8	7.2	1.4	-5.0	-10.2
227	38744	Lyakhsh	71.25	38.32	1998	1967	-15.8	-11.3	-7.5	1.8	5.9	9.3	12.2	13.4	7.9	1.2	-2.6	-8.2
227	38744	Lyakhsh	71.25	38.32	1998	1968	-13.7	-14.2	-2.1	3.4	5.8	9.0	12.6	12.4	7.1	1.4	-2.8	-10.5
227	38744	Lyakhsh	71.25	38.32	1998	1969	-14.1	-13.3	-1.4	2.0	6.0	8.3	10.1	8.6	5.9	3.9	-3.1	-7.3
227	38744	Lyakhsh	71.25	38.32	1998	1970	-12.7	-8.6	-4.3	4.3	6.4	8.7	10.6	12.1	7.5	3.1	-3.1	-8.5
227	38744	Lyakhsh	71.25	38.32	1998	1971	-14.9	-9.0	-2.4	4.5	7.3	11.5	13.0	11.5	6.5	1.1	-2.1	-6.0
227	38744	Lyakhsh	71.25	38.32	1998	1972	-10.3	-17.4	-5.3	0.0	6.3	8.2	9.0	10.5	7.0	2.5	-2.4	-9.4
227	38744	Lyakhsh	71.25	38.32	1998	1973	-14.9	-9.5	-6.0	2.5	6.9	9.9	14.1	13.4	7.7	1.6	-2.2	-8.5
227	38744	Lyakhsh	71.25	38.32	1998	1974	-12.9	-13.0	-5.0	4.4	6.0	8.4	12.3	9.3	6.3	1.1	-3.6	-11.8
227	38744	Lyakhsh	71.25	38.32	1998	1975	-15.5	-11.9	-5.6	3.6	5.3	-999.0	12.1	14.0	8.3	1.4	-7.3	-11.2
227	38744	Lyakhsh	71.25	38.32	1998	1976	-12.1	-11.9	-8.2	1.9	6.5	7.9	13.8	13.6	8.2	2.7	-4.4	-7.5
227	38744	Lyakhsh	71.25	38.32	1998	1977	-12.4	-14.1	-1.1	4.9	6.7	10.8	13.4	11.5	7.6	4.1	0.2	-8.6
227	38744	Lyakhsh	71.25	38.32	1998	1978	-13.7	-10.2	-5.5	3.8	7.1	9.6	13.7	13.4	6.7	2.2	-4.7	-7.4
227	38744	Lyakhsh	71.25	38.32	1998	1979	-11.1	-10.2	-5.6	5.5	5.4	8.3	13.4	12.5	7.3	3.5	-4.3	-7.8
227	38744	Lyakhsh	71.25	38.32	1998	1980	-14.0	-9.5	-5.1	4.0	7.5	9.2	13.4	11.7	6.9	2.9	-0.8	-7.0
227	38744	Lyakhsh	71.25	38.32	1998	1981	-10.5	-9.3	-4.9	3.3	8.1	7.3	11.8	10.3	6.5	1.4	-3.1	-8.0
227	38744	Lyakhsh	71.25	38.32	1998	1982	-12.5	-12.9	-4.3	2.9	7.6	8.7	11.1	11.4	5.2	1.4	-4.7	-11.5
227	38744	Lyakhsh	71.25	38.32	1998	1983	-11.8	-13.1	-7.7	3.5	7.0	7.5	10.1	12.7	7.9	0.9	-2.1	-999.0
227	38744	Lyakhsh	71.25	38.32	1998	1984	-13.0	-14.3	-2.8	2.7	5.8	10.9	14.2	14.7	6.4	0.5	-0.7	-999.0
227	38744	Lyakhsh	71.25	38.32	1998	1985	-12.9	-9.2	-4.4	3.8	6.0	8.7	13.2	12.3	6.6	3.0	-3.1	-9.3
227	38744	Lyakhsh	71.25	38.32	1998	1986	-14.8	-10.7	-4.9	2.4	5.3	8.9	12.9	12.1	7.6	2.1	-2.6	-11.4
227	38744	Lyakhsh	71.25	38.32	1998	1987	-11.8	-9.6	-0.7	2.3	-999.0	7.5	9.9	10.9	6.5	1.5	-1.2	-3.2
227	38744	Lyakhsh	71.25	38.32	1998	1988	-11.7	-11.2	-4.4	1.9	5.8	8.7	11.8	10.2	7.4	1.5	-1.4	-6.2
227	38744	Lyakhsh	71.25	38.32	1998	1989	-14.8	-13.8	-4.8	0.8	4.5	8.0	10.7	10.1	6.2	2.1	-6.2	-8.5
227	38744	Lyakhsh	71.25	38.32	1998	1990	-9.0	-10.7	-7.3	1.0	7.6	10.4	11.1	11.2	7.4	1.5	-1.8	-9.1
227	38725	Madrushkent	69.65	39.43	2234	1951	-8.3	-8.8	-2.4	1.5	6.4	7.3	9.4	10.4	8.2	4.9	-0.5	-3.2
227	38725	Madrushkent	69.65	39.43	2234	1952	-5.8	-4.4	-2.6	4.1	5.6	8.9	11.4	10.9	7.0	2.7	-2.1	-6.1
227	38725	Madrushkent	69.65	39.43	2234	1953	-7.5	-3.4	-2.7	2.5	7.4	10.0	12.2	10.5	7.7	0.1	-3.4	-5.5
227	38725	Madrushkent	69.65	39.43	2234	1954	-8.0	-5.5	-2.1	4.0	6.3	8.0	9.5	9.3	7.3	2.3	-4.0	-7.9
227	38725	Madrushkent	69.65	39.43	2234	1955	-8.4	-4.8	-1.0	0.1	5.9	8.5	9.8	12.1	7.4	1.6	-0.7	-3.0
227	38725	Madrushkent	69.65	39.43	2234	1956	-8.8	-5.3	-1.9	3.4	8.0	8.2	14.1	11.6	7.7	2.0	-0.2	-7.3
227	38725	Madrushkent	69.65	39.43	2234	1957	-8.2	-9.9	-2.1	1.5	5.1	8.8	10.3	10.1	5.8	2.0	-2.4	-5.4
227	38725	Madrushkent	69.65	39.43	2234	1958	-4.0	-6.5	-1.1	4.0	4.1	8.1	11.6	9.5	7.7	2.3	-4.5	-2.2
227	38725	Madrushkent	69.65	39.43	2234	1959	-6.9	-7.6	-2.3	4.2	5.9	8.9	11.0	12.4	10.7	3.5	-2.5	-6.6
227	38725	Madrushkent	69.65	39.43	2234	1960	-7.4	-3.0	-4.7	1.0	4.6	9.1	11.7	11.7	6.8	2.1	-2.8	-5.6
227	38725	Madrushkent	69.65	39.43	2234	1961	-7.5	-9.5	-2.7	3.2	8.1	9.2	12.8	10.5	8.5	1.2	-4.1	-6.9
227	38725	Madrushkent	69.65	39.43	2234	1962	-8.4	-4.8	0.4	3.3	5.3	8.7	11.4	11.0	6.0	1.7	-6.0	-6.5
227	38725	Madrushkent	69.65	39.43	2234	1963	-6.6	-4.2	-1.5	3.4	6.2	9.1	11.0	10.4	7.2	4.1	-1.6	-5.4
227	38725	Madrushkent	69.65	39.43	2234	1964	-13.7	-7.7	-0.7	1.3	5.2	8.3	10.7	10.8	6.8	0.0	-3.4	-8.6
227	38725	Madrushkent	69.65	39.43	2234	1965	-5.9	-8.0	-3.4	2.0	6.3	8.5	11.5	10.1	6.0	4.0	-1.9	-6.3
227	38725	Madrushkent	69.65	39.43	2234	1966	-5.5	-3.6	-2.2	2.1	4.9	10.0	10.4	10.5	6.6	1.4	-1.5	-6.5
227	38725	Madrushkent	69.65	39.43	2234	1967	-9.8	-6.8	-2.8	2.0	5.4	9.0	11.5	11.0	6.9	0.8	-2.8	-4.9
227	38725	Madrushkent	69.65	39.43	2234	1968	-7.8	-8.6	-1.2	3.5	5.4	8.6	11.2	10.6	6.4	1.3	-2.2	-6.9
227	38725	Madrushkent	69.65	39.43	2234	1969	-9.7	-9.4	0.7	2.2	6.3	8.6	10.9	10.9	6.0	2.6	-3.2	-4.1
227	38725	Madrushkent	69.65	39.43	2234	1970	-7.9	-4.8	-3.3	3.9	5.8	8.7	9.5	10.9	6.4	2.9	-2.0	-6.5
227	38725	Madrushkent	69.65	39.43	2234	1971	-10.8	-6.3	-1.2	3.4	7.0	10.8	10.7	10.4	5.7	1.0	-0.8	-3.2
227	38725	Madrushkent	69.65	39.43	2234	1972	-8.8	-12.9	-3.2	1.2	5.2	8.4	8.1	8.3	5.8	2.0	-1.6	-7.7
227	38725	Madrushkent	69.65	39.43	2234	1973	-10.9	-5.0	-3.8	3.1	6.1	10.2	12.3	11.4	6.8	-999.0	-0.7	-6.4
227	38725	Madrushkent	69.65	39.43	2234	1974	-10.0	-9.4	-1.3	4.5	6.3	8.3	11.3	9.2	6.3	0.7	-2.8	-8.7
227	38725	Madrushkent	69.65	39.43	2234	1975	-9.2	-7.2	-2.8	3.5	4.6	8.7	11.6	11.7	7.3	1.4	-5.1	-7.3
227	38725	Madrushkent	69.65	39.43	2234	1976	-5.9	-8.0	-4.2	2.0	6.0	8.3	12.5	11.6	6.8	2.3	-4.7	-7.0
227	38725	Madrushkent	69.65	39.43	2234	1977	-10.0	-8.6	-0.5	4.2	6.2	10.5	12.7	11.1	6.6	3.0	0.5	-6.1
227	38725	Madrushkent	69.65	39.43	2234	1978	-9.1	-7.2	-4.0	3.8	6.8	9.8	13.5	11.4	7.9	2.8	-3.6	-1.6
227	38725	Madrushkent	69.65	39.43	2234	1979	-6.7	-5.2	-3.4	3.7	3.9	8.4	12.1	10.9	6.5	3.7	-3.6	-4.3
227	38725	Madrushkent	69.65	39.43	2234	1980	-7.5	-7.2	-3.0	4.9	7.3	9.5	12.4	11.2	6.4	2.8	0.2	-4.3
227	38725	Madrushkent	69.65	39.43	2234	1981	-6.8	-5.2	-0.8	3.1	7.4	7.8	10.7	9.4	6.2	0.8	-2.6	-4.6
227	38725	Madrushkent	69.65	39.43	2234	1982	-5.7	-7.3	-2.5	3.3	7.2	9.1	10.8	10.3	5.3	1.9	-3.3	-7.3
227	38725	Madrushkent	69.65	39.43	2234	1983	-7.7	-8.5	-4.0	3.3	7.1	8.0	11.0	12.7	7.3	0.9	-1.0	-999.0
227	38725	Madrushkent	69.65	39.43	2234	1984	-10.9	-11.9	-1.1	2.9	5.9	10.5	12.7	12.9	5.0	0.4	-0.9	-10.5
227	38725	Madrushkent	69.65	39.43	2234	1985	-7.2	-5.2	-4.1	3.7	5.3	8.8	12.4	10.0	7.0	-999.0	-3.1	-5.0
227	38725	Madrushkent	69.65	39.43	2234	1986	-7.3	-4.8	-5.1	1.8	5.6	8.8	11.8	10.8	7.4	2.4	-2.4	-6.4
227	38725	Madrushkent	69.65	39.43	2234	1987	-5.1	-4.8	0.3	1.9	-999.0	7.2	9.5	11.9	7.2	0.8	-0.7	-2.7
227	38725	Madrushkent	69.65	39.43	2234	1988	-7.1	-6.0	-2.2	3.9	5.7	9.0	12.5	10.2	6.8	1.0	0.1	-3.5
227	38725	Madrushkent	69.65	39.43	2234	1989	-9.7	-10.4	-2.8	0.2	4.3	7.7	10.1	10.0	6.5	2.8	-3.9	-3.0
227	38725	Madrushkent	69.65	39.43	2234	1990	-6.4	-6.1	-3.2	1.7	7.2	10.3	11.5	12.1	8.4	1.8	-0.8	-6.2
227	38857	Muminabad	70.03	38.12	1191	1951	-6.0	-8.6	0.0	5.6	10.5	8.8	11.4	9.7	6.5	7.4	1.7	-999.0
227	38857	Muminabad	70.03	38.12	1191	1952	-5.9	0.5	2.1	8.5	9.3	12.0	14.0	12.5	6.2	0.7	-1.9	-4.0
227	38857	Muminabad	70.03	38.12	1191	1953	-4.0	1.4	1.3	6.9	11.5	12.4	13.1	10.4	6.4	1.6	0.5	-1.7
227	38857	Muminabad	70.03	38.12	1191	1954	-5.2	-3.6	0.0	8.0	9.7	11.0	13.4	10.6	6.1	1.4	-3.5	-7.2
227	38857	Muminabad	70.03	38.12	1191	1955	-4.9	0.0	3.0	3.2	9.2	11.4	11.8	11.0	5.4	0.4	1.7	0.1
227	38857	Muminabad	70.03	38.12	1191	1956	-4.7	-2.4	2.6	7.7	11.0	10.0	14.1	10.5	6.4	-0.2	-1.0	-6.4
227	38857	Muminabad	70.03	38.12	1191	1957	-9.7	-8.7	1.5	5.6	9.9	12.8	12.5	11.4	4.9	3.4	-1.2	-1.6
227	38857	Muminabad	70.03	38.12	1191	1958	0.4	-1.7	4.7	8.6	8.4	12.7	13.8	10.7	7.3	2.4	-3.4	-0.6
227	38857	Muminabad	70.03	38.12	1191	1959	-4.8	-7.1	1.9	7.8	8.6	12.2	13.2	13.2	8.8	3.2	0.9	-4.2
227	38857	Muminabad	70.03	38.12	1191	1960	-3.2	0.4	-0.6	5.3	8.7	13.4	12.9	11.3	7.4	1.9	-0.1	-3.2
227	38857	Muminabad	70.03	38.12	1191	1961	-2.2	-4.7	1.8	6.1	11.2	10.2	13.1	11.4	8.0	1.9	-2.1	-1.4
227	38857	Muminabad	70.03	38.12	1191	1962	-6.4	0.3	4.0	7.4	8.7	10.7	13.6	12.1	6.1	2.5	-1.8	-4.1
227	38857	Muminabad	70.03	38.12	1191	1963	-3.1	2.1	2.3	7.7	10.0	13.4	12.3	9.5	6.6	4.5	1.5	-2.9
227	38857	Muminabad	70.03	38.12	1191	1964	-13.7	-3.1	3.7	6.8	8.9	12.3	13.5	11.7	6.9	-0.1	-1.0	-7.7
227	38857	Muminabad	70.03	38.12	1191	1965	-1.6	-4.1	0.9	6.8	9.4	11.5	14.5	11.7	6.7	7.1	3.2	-3.6
227	38857	Muminabad	70.03	38.12	1191	1966	-1.2	2.7	2.6	6.0	9.5	13.0	13.8	11.9	7.2	5.5	-1.7	-2.6
227	38857	Muminabad	70.03	38.12	1191	1967	-8.1	-2.3	0.8	-999.0	8.9	12.7	13.6	11.5	7.4	3.9	2.3	-1.3
227	38857	Muminabad	70.03	38.12	1191	1968	-4.5	-4.7	4.1	7.2	9.1	15.3	17.3	16.2	11.3	6.7	4.0	-0.1
227	38857	Muminabad	70.03	38.12	1191	1969	-6.8	-6.2	4.6	6.9	10.7	14.7	17.2	16.1	11.1	9.0	2.3	2.3
227	38857	Muminabad	70.03	38.12	1191	1970	-2.4	-0.7	1.2	9.0	11.7	14.5	16.9	17.7	11.9	7.8	4.3	-0.8
227	38857	Muminabad	70.03	38.12	1191	1971	-5.9	-2.0	4.2	8.7	11.9	16.1	17.4	15.6	11.6	6.3	5.1	1.7
227	38857	Muminabad	70.03	38.12	1191	1972	-5.3	-11.2	1.0	6.9	10.5	14.1	14.9	13.9	11.7	7.2	4.6	-3.0
227	38857	Muminabad	70.03	38.12	1191	1973	-7.8	-2.7	2.4	8.8	11.2	16.3	18.3	17.1	11.6	7.0	4.3	-1.2
227	38857	Muminabad	70.03	38.12	1191	1974	-5.8	-6.1	2.5	9.3	10.9	14.7	18.1	14.7	11.7	5.6	3.1	-2.3
227	38857	Muminabad	70.03	38.12	1191	1975	-4.9	-4.4	2.0	7.6	10.3	14.3	17.6	-999.0	12.3	-999.0	0.4	-2.6
227	38857	Muminabad	70.03	38.12	1191	1976	-0.7	-4.4	-0.5	7.1	-999.0	14.5	18.3	17.2	12.4	7.8	0.7	-1.8
227	38857	Muminabad	70.03	38.12	1191	1977	-7.6	-3.7	5.0	9.2	11.3	16.2	17.5	16.6	11.7	8.6	5.5	-0.7
227	38857	Muminabad	70.03	38.12	1191	1978	-4.6	-3.6	0.7	9.2	11.5	15.8	18.2	-999.0	12.6	8.7	1.1	2.3
227	38857	Muminabad	70.03	38.12	1191	1979	-2.1	-0.3	1.3	10.1	8.7	14.5	17.9	16.7	12.5	9.1	2.3	0.9
227	38857	Muminabad	70.03	38.12	1191	1980	-4.1	-3.2	2.1	10.1	12.8	15.9	18.2	16.4	12.0	8.5	5.8	1.1
227	38857	Muminabad	70.03	38.12	1191	1981	-1.7	-999.0	4.3	-999.0	-999.0	-999.0	-999.0	15.8	11.3	6.2	3.0	-999.0
227	38857	Muminabad	70.03	38.12	1191	1982	-999.0	-4.5	1.6	8.2	12.5	15.0	16.4	16.3	10.3	7.9	1.3	-999.0
227	38857	Muminabad	70.03	38.12	1191	1983	-2.2	-0.5	0.3	7.8	11.6	14.4	18.1	18.8	13.1	5.9	5.1	-999.0
227	38857	Muminabad	70.03	38.12	1191	1984	-4.8	-9.5	3.8	8.0	11.4	15.3	18.4	18.8	10.9	5.3	4.8	-8.1
227	38857	Muminabad	70.03	38.12	1191	1985	-3.9	0.5	1.3	8.1	10.1	15.1	18.0	15.6	11.9	6.9	3.1	-0.1
227	38857	Muminabad	70.03	38.12	1191	1986	-2.3	-1.3	-0.2	6.7	10.8	14.3	17.7	16.2	12.6	8.1	3.0	-2.3
227	38857	Muminabad	70.03	38.12	1191	1987	0.2	-0.5	5.8	6.6	-999.0	13.7	16.6	17.6	12.4	5.3	4.0	2.6
227	38857	Muminabad	70.03	38.12	1191	1988	-1.9	-1.6	2.9	8.5	10.8	15.8	18.7	15.8	12.5	6.4	5.4	2.3
227	38857	Muminabad	70.03	38.12	1191	1989	-6.1	-7.1	2.5	5.7	8.9	14.2	17.4	15.9	11.5	7.4	3.1	2.4
227	38857	Muminabad	70.03	38.12	1191	1990	-3.3	-1.2	2.0	7.1	13.2	16.3	17.2	17.6	13.2	7.0	5.0	-2.0
227	38878	Murgab	73.97	38.17	3576	1951	-22.0	-18.9	-12.8	-8.2	-1.6	0.1	2.9	3.6	-0.9	-5.9	-13.0	-17.8
227	38878	Murgab	73.97	38.17	3576	1952	-26.6	-15.9	-13.8	-5.1	-2.8	0.4	5.3	5.5	-1.0	-8.3	-11.8	-18.0
227	38878	Murgab	73.97	38.17	3576	1953	-23.2	-16.7	-10.6	-6.5	-0.9	3.1	6.1	3.9	0.0	-8.2	-13.2	-16.1
227	38878	Murgab	73.97	38.17	3576	1954	-25.1	-18.7	-11.4	-6.5	-2.3	1.5	3.8	4.8	0.1	-8.2	-15.7	-23.6
227	38878	Murgab	73.97	38.17	3576	1955	-24.3	-18.4	-9.4	-9.6	-2.9	2.1	3.7	4.8	-2.8	-8.2	-15.2	-18.5
227	38878	Murgab	73.97	38.17	3576	1956	-22.7	-16.9	-10.8	-5.9	-0.8	1.0	8.5	6.2	0.2	-6.3	-14.6	-20.9
227	38878	Murgab	73.97	38.17	3576	1957	-19.9	-29.0	-21.2	-6.6	-2.2	1.9	4.1	3.7	-2.3	-8.4	-13.6	-26.4
227	38878	Murgab	73.97	38.17	3576	1958	-31.5	-27.6	-15.2	-4.7	-3.3	-0.4	4.0	1.6	-3.2	-11.5	-19.1	-21.8
227	38878	Murgab	73.97	38.17	3576	1959	-31.9	-23.6	-15.1	-9.3	-3.2	-0.6	2.2	2.3	-0.2	-8.9	-14.7	-19.7
227	38878	Murgab	73.97	38.17	3576	1960	-23.6	-18.8	-13.6	-9.5	-3.7	-0.2	3.7	3.6	-2.4	-10.3	-17.2	-24.9
227	38878	Murgab	73.97	38.17	3576	1961	-23.8	-22.4	-15.1	-7.1	-1.1	2.0	6.4	4.0	-1.7	-9.5	-18.8	-25.6
227	38878	Murgab	73.97	38.17	3576	1962	-23.2	-19.9	-15.1	-4.5	-2.8	1.1	4.8	5.2	0.0	-9.5	-15.9	-21.5
227	38878	Murgab	73.97	38.17	3576	1963	-26.2	-18.6	-12.8	-5.5	-1.7	1.5	4.8	2.6	-4.2	-9.4	-16.3	-20.8
227	38878	Murgab	73.97	38.17	3576	1964	-26.6	-18.8	-12.4	-6.2	-4.3	0.3	4.1	3.5	-2.2	-11.0	-16.8	-23.9
227	38878	Murgab	73.97	38.17	3576	1965	-27.7	-29.4	-25.9	-10.0	-2.1	0.5	4.9	2.7	-2.6	-7.0	-16.4	-27.3
227	38878	Murgab	73.97	38.17	3576	1966	-28.2	-18.4	-14.8	-6.4	-3.2	1.4	3.7	3.7	-999.0	-8.7	-19.2	-20.8
227	38878	Murgab	73.97	38.17	3576	1967	-26.7	-20.0	-14.8	-8.7	-2.6	1.9	4.5	3.4	-3.0	-9.4	-17.1	-19.5
227	38878	Murgab	73.97	38.17	3576	1968	-22.7	-20.6	-11.7	-7.2	-2.6	2.3	4.9	4.8	-3.5	-9.2	-16.0	-23.3
227	38878	Murgab	73.97	38.17	3576	1969	-22.0	-21.3	-8.7	-7.3	-2.7	1.5	3.2	4.7	-2.1	-7.6	-15.4	-21.1
227	38878	Murgab	73.97	38.17	3576	1970	-21.1	-19.5	-14.1	-5.2	-2.4	0.4	3.3	4.1	-2.0	-8.8	-8.8	-18.6
227	38878	Murgab	73.97	38.17	3576	1971	-24.9	-18.5	-13.0	-5.3	-2.0	4.0	5.6	3.7	-2.4	-10.0	-15.8	-19.0
227	38878	Murgab	73.97	38.17	3576	1972	-16.5	-20.5	-15.6	-7.6	-2.4	1.1	1.6	4.5	-3.2	-10.1	-16.3	-19.6
227	38878	Murgab	73.97	38.17	3576	1973	-23.0	-18.5	-15.5	-4.9	-1.9	2.0	7.0	5.0	-1.6	-11.1	-19.6	-23.3
227	38878	Murgab	73.97	38.17	3576	1974	-20.3	-19.9	-12.4	-6.1	-2.9	2.1	5.6	3.6	-2.3	-10.1	-18.2	-21.2
227	38878	Murgab	73.97	38.17	3576	1975	-25.2	-18.6	-13.9	-4.4	-2.5	-999.0	-999.0	5.1	-1.4	-9.3	-19.1	-25.0
227	38878	Murgab	73.97	38.17	3576	1976	-25.0	-19.0	-14.0	-6.8	-1.6	0.8	6.5	4.9	-999.0	-999.0	-999.0	-20.4
227	38878	Murgab	73.97	38.17	3576	1977	-17.9	-20.7	-12.9	-3.3	-999.0	4.2	6.3	5.3	0.5	-5.7	-13.7	-999.0
227	38878	Murgab	73.97	38.17	3576	1978	-26.0	-19.1	-14.0	-6.6	-2.0	1.9	7.8	6.1	-2.7	-9.2	-17.5	-23.3
227	38878	Murgab	73.97	38.17	3576	1979	-22.0	-19.9	-14.9	-4.7	-2.5	0.8	4.8	5.1	-2.1	-7.5	-15.7	-19.0
227	38878	Murgab	73.97	38.17	3576	1980	-21.1	-16.2	-13.4	-5.2	-0.7	1.3	7.0	4.2	-0.5	-7.6	-14.0	-26.6
227	38878	Murgab	73.97	38.17	3576	1981	-24.7	-17.3	-12.3	-5.9	1.1	1.7	6.3	3.5	-2.0	-9.4	-16.0	-22.4
227	38878	Murgab	73.97	38.17	3576	1982	-20.7	-20.2	-13.0	-6.9	-2.4	1.1	5.0	5.2	-2.2	-8.3	-14.0	-22.0
227	38878	Murgab	73.97	38.17	3576	1983	-21.8	-22.4	-14.7	-7.3	-1.3	0.0	3.5	7.0	-0.7	-8.5	-15.2	-999.0
227	38878	Murgab	73.97	38.17	3576	1984	-23.1	-17.1	-11.1	-7.3	-2.2	2.0	6.4	7.6	-2.0	-9.4	-15.0	-18.8
227	38878	Murgab	73.97	38.17	3576	1985	-23.0	-18.5	-11.6	-6.8	-2.7	1.1	7.3	6.3	-1.8	-6.1	-999.0	-24.8
227	38878	Murgab	73.97	38.17	3576	1986	-37.3	-28.3	-16.0	-6.6	-2.6	1.8	6.6	5.9	-0.1	-7.1	-13.2	-22.1
227	38878	Murgab	73.97	38.17	3576	1987	-25.7	-18.6	-10.4	-999.0	-999.0	0.3	3.5	4.1	-2.5	-10.2	-15.0	-25.8
227	38878	Murgab	73.97	38.17	3576	1988	-25.1	-24.3	-15.2	-6.5	-2.1	1.5	5.6	4.3	-1.9	-7.4	-14.8	-19.1
227	38878	Murgab	73.97	38.17	3576	1989	-23.8	-19.5	-13.2	-9.7	-3.4	-0.3	4.2	4.1	-1.4	-8.1	-16.2	-20.5
227	38878	Murgab	73.97	38.17	3576	1990	-19.1	-26.2	-18.5	-7.6	-1.1	-999.0	5.7	5.2	0.4	-7.5	-14.3	-19.3
227	38951	Rushan	71.52	37.95	1981	1951	-7.8	-10.3	-0.9	4.3	9.0	10.5	12.9	14.3	9.5	6.4	1.6	-1.8
227	38951	Rushan	71.52	37.95	1981	1952	-5.8	-5.6	-2.1	5.9	8.5	11.0	14.7	15.1	9.9	3.1	0.2	-3.2
227	38951	Rushan	71.52	37.95	1981	1953	-7.1	-4.3	-0.5	4.3	10.0	13.1	-999.0	14.4	10.6	2.9	0.9	-2.1
227	38951	Rushan	71.52	37.95	1981	1954	-9.8	-6.7	-1.2	6.4	8.5	11.5	13.6	14.4	11.1	3.6	-0.9	-7.8
227	38951	Rushan	71.52	37.95	1981	1955	-9.1	-2.9	1.6	3.7	9.3	11.6	12.5	14.6	8.6	3.3	0.3	-2.7
227	38951	Rushan	71.52	37.95	1981	1956	-12.7	-7.0	-1.1	5.4	9.8	11.5	18.2	16.3	10.6	3.0	-0.1	-4.8
227	38951	Rushan	71.52	37.95	1981	1957	-8.7	-11.3	-2.3	4.4	7.9	11.6	14.0	13.4	8.1	3.7	0.3	-5.4
227	38951	Rushan	71.52	37.95	1981	1958	-8.2	-9.4	-0.1	6.0	6.9	10.6	-999.0	13.2	9.7	3.9	-0.4	-0.9
227	38951	Rushan	71.52	37.95	1981	1959	-7.0	-8.4	-0.4	6.2	8.2	11.3	14.2	15.0	12.5	4.4	1.2	-3.3
227	38951	Rushan	71.52	37.95	1981	1960	-7.3	-2.1	0.1	4.5	7.5	11.8	14.5	15.1	10.0	3.6	-1.3	-6.2
227	38951	Rushan	71.52	37.95	1981	1961	-6.9	-8.7	-0.7	6.4	11.0	12.0	16.6	15.5	11.4	4.4	-1.8	-5.7
227	38951	Rushan	71.52	37.95	1981	1962	-9.0	-5.5	1.3	5.9	8.0	12.1	15.0	16.7	11.0	3.8	-1.2	-5.5
227	38951	Rushan	71.52	37.95	1981	1963	-8.3	-3.1	0.7	6.5	8.8	12.8	14.6	14.9	10.1	6.0	0.7	-2.4
227	38951	Rushan	71.52	37.95	1981	1964	-14.2	-8.4	-0.2	4.7	8.0	10.8	13.6	14.1	11.0	2.5	-1.2	-5.2
227	38951	Rushan	71.52	37.95	1981	1965	-6.3	-8.9	-2.5	5.1	8.4	10.4	14.0	13.1	8.9	5.4	1.2	-4.8
227	38951	Rushan	71.52	37.95	1981	1966	-4.1	-2.4	-0.4	4.5	8.6	11.8	13.3	13.6	9.0	4.6	-1.9	-7.0
227	38951	Rushan	71.52	37.95	1981	1967	-13.0	-5.9	-3.4	4.3	8.2	11.7	14.1	14.2	9.5	3.8	0.1	-2.1
227	38951	Rushan	71.52	37.95	1981	1968	-8.0	-8.1	1.0	5.5	8.6	11.0	15.6	15.3	8.5	2.9	0.9	-6.1
227	38951	Rushan	71.52	37.95	1981	1969	-10.7	-9.8	0.6	4.4	8.3	11.2	13.2	15.4	8.8	5.9	1.4	-2.4
227	38951	Rushan	71.52	37.95	1981	1970	-4.6	-2.9	0.8	6.5	8.7	11.6	13.4	16.4	10.8	4.6	-0.1	-3.5
227	38951	Rushan	71.52	37.95	1981	1971	-8.4	-4.0	1.5	7.1	10.2	14.4	15.8	13.9	8.1	2.3	0.6	-1.5
227	38951	Rushan	71.52	37.95	1981	1972	-4.9	-11.4	-1.5	3.9	7.4	10.5	11.8	14.1	8.8	3.5	2.5	-4.5
227	38951	Rushan	71.52	37.95	1981	1973	-8.6	-5.3	-1.7	6.1	8.7	12.9	16.5	15.9	10.2	2.9	-0.4	-4.0
227	38951	Rushan	71.52	37.95	1981	1974	-999.0	-6.8	-0.3	7.1	8.1	11.1	14.6	12.3	8.5	2.4	-0.4	-7.6
227	38951	Rushan	71.52	37.95	1981	1975	-12.4	-8.8	-1.3	6.1	7.7	-999.0	13.7	16.0	9.6	3.6	-1.9	-4.0
227	38951	Rushan	71.52	37.95	1981	1976	-7.2	-6.8	-2.5	5.2	9.0	11.4	16.3	15.6	9.8	5.3	-1.2	-2.8
227	38951	Rushan	71.52	37.95	1981	1977	-8.8	-9.5	1.0	7.2	9.0	12.1	16.2	15.4	10.4	5.3	2.3	-4.9
227	38951	Rushan	71.52	37.95	1981	1978	-11.3	-8.4	-1.3	6.3	9.5	12.7	18.2	16.5	9.5	4.3	0.1	-4.9
227	38951	Rushan	71.52	37.95	1981	1979	-7.4	-4.9	-0.3	7.3	7.3	10.8	14.9	15.7	9.7	4.1	-1.4	-1.9
227	38951	Rushan	71.52	37.95	1981	1980	-5.6	-5.6	-1.0	6.5	9.3	12.2	16.8	15.6	9.1	4.3	1.1	-1.9
227	38951	Rushan	71.52	37.95	1981	1981	-5.5	-5.6	0.8	6.4	-999.0	10.6	15.6	13.8	8.9	4.0	0.4	-3.8
227	38951	Rushan	71.52	37.95	1981	1982	-7.0	-8.9	-0.1	5.7	9.9	11.4	13.7	15.7	8.1	-999.0	0.2	-4.3
227	38951	Rushan	71.52	37.95	1981	1983	-4.8	-4.5	-1.6	6.1	9.0	10.1	12.5	17.4	9.3	-999.0	3.0	-999.0
227	38951	Rushan	71.52	37.95	1981	1984	-5.7	-8.6	-999.0	5.0	8.3	13.2	15.6	18.2	9.3	3.1	1.3	-7.6
227	38951	Rushan	71.52	37.95	1981	1985	-9.0	-5.5	0.2	6.1	8.3	10.2	15.7	15.7	8.8	3.9	-0.4	-3.9
227	38951	Rushan	71.52	37.95	1981	1986	-9.0	-3.7	-1.0	4.9	7.3	11.1	15.1	14.8	10.0	3.6	-0.4	-5.6
227	38951	Rushan	71.52	37.95	1981	1987	-8.6	-4.8	1.3	-999.0	7.0	9.6	12.4	13.2	8.6	3.9	1.5	-1.3
227	38951	Rushan	71.52	37.95	1981	1988	-6.3	-4.8	-0.4	4.7	8.1	11.0	14.9	13.5	9.5	2.8	-0.4	-2.8
227	38951	Rushan	71.52	37.95	1981	1989	-12.9	-10.5	-1.1	2.6	6.8	9.6	13.1	12.8	7.5	2.8	-0.4	-2.5
227	38951	Rushan	71.52	37.95	1981	1990	-6.3	-5.4	-0.8	4.3	9.2	12.8	14.5	15.4	9.8	3.7	-0.8	-2.6
227	38716	Sangiston	68.62	39.38	1502	1951	-6.3	-6.0	0.5	5.7	10.9	11.9	16.2	15.5	12.3	8.3	2.5	0.4
227	38716	Sangiston	68.62	39.38	1502	1952	-3.6	-0.8	1.1	8.1	9.2	13.5	17.0	16.1	10.8	5.9	-0.5	-4.2
227	38716	Sangiston	68.62	39.38	1502	1953	-3.9	0.3	0.4	5.8	10.7	-999.0	18.3	15.3	11.8	3.8	-0.2	-4.2
227	38716	Sangiston	68.62	39.38	1502	1954	-4.5	-3.1	-0.3	7.8	10.2	12.1	15.1	14.7	11.8	6.4	-0.6	-4.5
227	38716	Sangiston	68.62	39.38	1502	1955	-5.3	-1.1	2.6	4.3	9.8	13.3	15.9	17.1	11.7	5.1	3.3	0.4
227	38716	Sangiston	68.62	39.38	1502	1956	-5.3	-2.5	1.1	7.4	12.0	12.5	19.1	16.5	11.8	6.3	2.4	-4.1
227	38716	Sangiston	68.62	39.38	1502	1957	-6.3	-5.7	2.0	4.6	9.2	13.5	14.8	15.3	10.4	5.9	-0.6	-2.5
227	38716	Sangiston	68.62	39.38	1502	1958	-1.3	-2.9	2.6	7.2	8.5	13.7	18.0	14.5	12.4	6.0	-2.2	0.2
227	38716	Sangiston	68.62	39.38	1502	1959	-4.2	-5.1	0.8	9.0	9.8	13.7	16.1	16.9	14.6	7.1	0.4	-3.8
227	38716	Sangiston	68.62	39.38	1502	1960	-4.2	0.2	-1.5	4.6	8.5	14.1	16.1	16.2	11.0	6.4	0.5	-3.4
227	38716	Sangiston	68.62	39.38	1502	1961	-3.8	-5.5	0.2	6.4	12.1	13.7	17.7	15.2	12.4	4.5	-0.3	-3.4
227	38716	Sangiston	68.62	39.38	1502	1962	-5.1	-0.8	4.2	6.4	9.4	13.2	17.0	16.3	10.1	5.8	-1.9	-3.8
227	38716	Sangiston	68.62	39.38	1502	1963	-3.5	-0.5	2.5	7.8	10.2	15.0	15.9	14.8	11.5	8.5	1.3	-3.0
227	38716	Sangiston	68.62	39.38	1502	1964	-10.9	-3.4	3.3	5.2	9.1	13.5	15.6	15.6	11.4	3.9	0.2	-6.2
227	38716	Sangiston	68.62	39.38	1502	1965	-3.3	-3.8	0.2	5.9	11.2	13.6	16.6	15.4	10.4	8.2	2.6	-3.3
227	38716	Sangiston	68.62	39.38	1502	1966	-2.1	0.4	1.7	5.9	9.5	15.4	16.1	15.4	11.1	4.7	-1.4	-2.9
227	38716	Sangiston	68.62	39.38	1502	1967	-6.2	-4.2	0.3	6.1	9.5	14.5	16.5	16.0	11.5	4.9	0.8	-2.0
227	38716	Sangiston	68.62	39.38	1502	1968	-4.5	-5.1	2.3	6.5	8.8	14.1	16.0	15.7	11.1	6.1	1.6	-2.4
227	38716	Sangiston	68.62	39.38	1502	1969	-8.0	-7.2	3.2	5.8	10.1	13.4	15.5	15.0	10.4	6.8	0.0	-0.8
227	38716	Sangiston	68.62	39.38	1502	1970	-4.5	-1.1	0.3	8.1	10.9	13.9	15.9	16.4	11.0	6.4	2.5	-3.4
227	38716	Sangiston	68.62	39.38	1502	1971	-7.3	-2.8	3.0	7.2	11.6	15.6	16.4	15.4	11.2	6.1	3.2	-0.2
227	38716	Sangiston	68.62	39.38	1502	1972	-7.3	-9.6	-0.1	6.1	9.6	13.2	13.7	13.0	10.5	6.0	2.6	-5.3
227	38716	Sangiston	68.62	39.38	1502	1973	-9.0	-1.5	0.2	7.4	10.5	15.6	17.7	15.5	10.2	6.2	2.6	-3.5
227	38716	Sangiston	68.62	39.38	1502	1974	-7.0	-6.7	1.4	8.0	10.2	13.7	16.9	14.6	11.1	4.8	1.6	-6.2
227	38716	Sangiston	68.62	39.38	1502	1975	-6.2	-4.2	1.2	7.1	9.5	14.4	17.3	16.5	11.8	5.6	-1.6	-4.4
227	38716	Sangiston	68.62	39.38	1502	1976	-2.7	-4.9	-0.8	6.3	10.4	13.6	17.2	16.7	11.3	6.1	-1.9	-4.0
227	38716	Sangiston	68.62	39.38	1502	1977	-8.1	-4.2	3.8	-999.0	-999.0	15.4	16.5	15.4	11.0	6.8	3.8	-2.5
227	38716	Sangiston	68.62	39.38	1502	1978	-6.9	-5.1	-0.7	7.9	10.7	14.4	17.0	14.5	11.6	7.2	-999.0	0.9
227	38716	Sangiston	68.62	39.38	1502	1979	-3.4	-2.0	0.1	7.8	7.4	13.0	16.4	15.1	10.8	8.2	0.0	-1.2
227	38716	Sangiston	68.62	39.38	1502	1980	-5.5	-4.6	0.6	9.0	11.3	14.6	16.9	15.1	11.0	6.7	4.3	-0.9
227	38716	Sangiston	68.62	39.38	1502	1981	-3.3	-2.1	3.2	6.7	11.2	12.5	15.8	14.0	10.6	4.3	1.7	-1.8
227	38716	Sangiston	68.62	39.38	1502	1982	-4.1	-4.6	0.5	7.3	9.9	13.3	15.4	14.9	9.7	6.1	-1.0	-4.6
227	38716	Sangiston	68.62	39.38	1502	1983	-4.7	-3.4	-0.2	6.6	11.1	13.7	16.7	16.8	11.1	4.9	3.0	-999.0
227	38716	Sangiston	68.62	39.38	1502	1984	-7.5	-9.3	2.2	7.0	9.8	14.9	17.5	17.2	9.9	4.7	2.5	-8.1
227	38716	Sangiston	68.62	39.38	1502	1985	-4.1	-1.4	-0.6	8.2	10.0	14.3	17.2	14.6	11.4	5.7	0.9	-2.1
227	38716	Sangiston	68.62	39.38	1502	1986	-3.8	-2.2	-2.2	6.1	10.2	13.3	15.9	14.7	11.5	6.4	0.3	-3.8
227	38716	Sangiston	68.62	39.38	1502	1987	-1.9	-1.6	4.0	5.6	-999.0	13.0	14.2	15.8	10.9	4.0	2.3	0.2
227	38716	Sangiston	68.62	39.38	1502	1988	-3.8	-2.3	1.2	8.2	9.7	14.1	17.3	14.2	10.7	4.9	3.7	0.0
227	38716	Sangiston	68.62	39.38	1502	1989	-7.0	-7.3	1.1	4.1	8.0	13.1	14.9	14.4	10.2	6.7	-0.4	-0.1
227	38716	Sangiston	68.62	39.38	1502	1990	-4.5	-2.2	1.1	6.0	11.9	15.0	15.8	15.4	11.5	5.3	2.7	-3.1
227	38844	Sanglok	69.23	38.25	2235	1951	-7.9	-8.6	-2.7	2.0	8.2	10.5	15.1	15.2	12.1	7.2	1.3	-1.2
227	38844	Sanglok	69.23	38.25	2235	1952	-4.6	-3.3	-2.6	5.6	7.7	13.3	16.4	15.9	10.7	5.9	-0.8	-4.6
227	38844	Sanglok	69.23	38.25	2235	1953	-5.4	-1.1	-3.1	2.9	8.9	13.5	18.2	15.4	11.5	1.8	-1.9	-4.2
227	38844	Sanglok	69.23	38.25	2235	1954	-7.1	-5.6	-3.3	4.7	9.1	12.2	14.7	14.5	11.2	5.3	-1.3	-4.7
227	38844	Sanglok	69.23	38.25	2235	1955	-4.8	-2.9	-1.1	1.7	6.2	12.2	16.3	17.6	11.9	4.7	3.2	-2.0
227	38844	Sanglok	69.23	38.25	2235	1956	-5.7	-5.4	-2.0	5.1	10.8	12.8	19.9	15.6	11.9	5.5	3.1	-5.1
227	38844	Sanglok	69.23	38.25	2235	1957	-7.5	-7.9	-1.6	0.4	6.8	12.0	14.6	14.8	10.3	4.4	-2.2	-4.2
227	38844	Sanglok	69.23	38.25	2235	1958	-3.1	-3.9	-0.5	4.7	5.6	13.1	17.2	14.2	11.5	5.2	-3.0	-2.0
227	38844	Sanglok	69.23	38.25	2235	1959	-4.4	-8.0	-2.6	6.0	7.1	13.6	15.8	17.1	15.0	7.0	-1.9	-6.0
227	38844	Sanglok	69.23	38.25	2235	1960	-5.0	-1.6	-5.7	1.0	5.7	13.9	16.3	16.4	10.5	5.8	-1.7	-2.8
227	38844	Sanglok	69.23	38.25	2235	1961	-5.3	-6.8	-2.3	3.3	10.5	13.6	17.7	15.1	12.1	3.6	-0.2	-4.1
227	38844	Sanglok	69.23	38.25	2235	1962	-7.1	-3.2	1.2	3.0	6.8	11.7	16.7	14.6	9.2	4.5	-4.4	-3.8
227	38844	Sanglok	69.23	38.25	2235	1963	-2.0	-1.8	-1.0	4.7	7.5	14.0	15.3	14.7	10.8	7.4	0.3	-2.6
227	38844	Sanglok	69.23	38.25	2235	1964	-11.5	-5.9	0.2	1.7	7.2	12.8	14.8	15.5	10.6	2.9	0.2	-6.4
227	38844	Sanglok	69.23	38.25	2235	1965	-4.1	-7.0	-3.2	2.7	8.6	13.0	15.7	14.3	9.7	6.8	1.8	-2.7
227	38844	Sanglok	69.23	38.25	2235	1966	-0.5	-1.7	-2.6	2.4	7.4	15.1	15.9	15.4	10.4	2.9	-1.6	-3.7
227	38844	Sanglok	69.23	38.25	2235	1967	-6.5	-6.7	-2.2	2.5	5.9	11.9	15.9	15.6	11.0	3.3	-0.2	-3.0
227	38844	Sanglok	69.23	38.25	2235	1968	-5.9	-6.3	-1.3	3.1	5.3	12.6	15.6	15.3	11.2	4.4	0.0	-4.8
227	38844	Sanglok	69.23	38.25	2235	1969	-10.3	-9.0	1.0	2.4	7.1	12.0	15.0	14.9	9.5	4.9	-0.9	-1.3
227	38844	Sanglok	69.23	38.25	2235	1970	-5.6	-3.0	-3.2	4.8	9.9	13.9	14.3	17.5	10.5	5.8	2.0	-3.4
227	38844	Sanglok	69.23	38.25	2235	1971	-7.2	-5.7	0.4	3.9	11.0	15.9	15.8	14.9	9.8	5.4	2.2	-0.1
227	38844	Sanglok	69.23	38.25	2235	1972	-8.4	-12.6	-2.9	3.0	6.3	11.9	13.5	12.5	10.4	5.8	1.9	-6.5
227	38844	Sanglok	69.23	38.25	2235	1973	-10.1	-3.9	-3.3	3.9	8.2	15.7	17.8	16.6	9.9	5.9	2.5	-3.2
227	38844	Sanglok	69.23	38.25	2235	1974	-9.5	-9.2	-1.3	5.0	8.3	12.7	15.7	13.3	10.1	4.4	0.1	-6.4
227	38844	Sanglok	69.23	38.25	2235	1975	-7.2	-6.7	-2.5	3.1	6.4	12.8	17.1	16.1	11.1	4.5	-2.3	-4.7
227	38844	Sanglok	69.23	38.25	2235	1976	-4.2	-8.5	-4.9	2.6	8.5	12.6	17.4	16.3	11.1	4.1	-1.8	-5.1
227	38844	Sanglok	69.23	38.25	2235	1977	-10.3	-5.8	1.6	4.9	7.6	15.2	17.2	15.3	11.1	5.5	1.8	-4.1
227	38844	Sanglok	69.23	38.25	2235	1978	-7.2	-6.7	-4.1	5.0	9.3	13.6	17.4	15.8	12.2	6.4	-3.1	-0.3
227	38844	Sanglok	69.23	38.25	2235	1979	-5.3	-3.6	-3.5	5.4	5.0	13.7	18.0	14.6	11.1	8.6	0.2	-2.7
227	38844	Sanglok	69.23	38.25	2235	1980	-6.9	-7.3	-2.6	6.1	9.9	14.4	17.7	15.7	11.2	6.2	3.3	-0.4
227	38844	Sanglok	69.23	38.25	2235	1981	-5.3	-5.0	-0.4	4.5	9.5	11.9	15.1	14.2	11.1	3.1	1.0	-2.4
227	38844	Sanglok	69.23	38.25	2235	1982	-5.1	-8.0	-3.0	4.9	9.4	13.5	15.7	14.9	9.3	5.0	-2.4	-4.1
227	38844	Sanglok	69.23	38.25	2235	1983	-6.2	-3.9	-4.2	3.3	9.0	-999.0	16.5	17.7	11.8	4.5	2.6	-4.7
227	38844	Sanglok	69.23	38.25	2235	1984	-7.6	-12.4	-0.7	4.0	8.4	15.2	17.9	18.6	10.0	3.7	0.6	-8.5
227	38844	Sanglok	69.23	38.25	2235	1985	-3.7	-3.6	-3.5	5.3	7.8	14.4	17.9	14.2	11.1	4.3	0.1	-4.1
227	38844	Sanglok	69.23	38.25	2235	1986	-5.5	-4.1	-5.4	2.7	7.7	12.8	16.9	15.1	11.9	6.5	-0.3	-5.4
227	38844	Sanglok	69.23	38.25	2235	1987	-2.8	-4.6	0.3	-999.0	8.2	11.8	14.1	17.4	11.1	1.6	1.6	0.1
227	38844	Sanglok	69.23	38.25	2235	1988	-5.2	-5.0	-2.4	5.6	8.9	14.3	17.9	14.3	11.3	3.5	4.1	-1.4
227	38844	Sanglok	69.23	38.25	2235	1989	-8.7	-10.0	-1.8	1.0	5.7	12.8	14.8	14.6	10.5	6.6	-0.5	-1.2
227	38844	Sanglok	69.23	38.25	2235	1990	-5.8	-5.6	-2.8	2.5	10.3	15.1	16.3	16.6	13.1	-999.0	-999.0	-999.0
227	38715	Shahristanskiy Pereval	68.58	39.57	3143	1951	-12.7	-13.0	-7.6	-4.4	1.3	2.3	6.0	6.8	4.7	0.2	-5.1	-7.4
227	38715	Shahristanskiy Pereval	68.58	39.57	3143	1952	-10.5	-9.7	-8.2	-0.2	0.7	4.5	7.3	7.2	3.1	-0.3	-6.4	-10.1
227	38715	Shahristanskiy Pereval	68.58	39.57	3143	1953	-999.0	-999.0	-999.0	-999.0	-999.0	-999.0	-999.0	-999.0	-999.0	-999.0	-999.0	-999.0
227	38715	Shahristanskiy Pereval	68.58	39.57	3143	1954	-12.2	-11.2	-8.6	-1.7	1.3	3.0	5.8	5.8	3.8	-2.0	-7.0	-9.7
227	38715	Shahristanskiy Pereval	68.58	39.57	3143	1955	-10.3	-9.4	-7.4	-4.8	-0.2	3.9	6.8	8.2	3.7	-1.9	-3.7	-8.1
227	38715	Shahristanskiy Pereval	68.58	39.57	3143	1956	-12.0	-10.6	-7.6	-1.0	3.1	3.6	10.1	7.1	3.8	-0.7	-3.6	-10.3
227	38715	Shahristanskiy Pereval	68.58	39.57	3143	1957	-13.4	-13.3	-6.6	-5.6	-0.6	4.1	5.5	5.6	2.1	-1.7	-8.0	-9.6
227	38715	Shahristanskiy Pereval	68.58	39.57	3143	1958	-8.2	-10.0	-6.6	-1.3	-1.1	4.9	8.4	5.2	4.4	-1.6	-9.0	-7.8
227	38715	Shahristanskiy Pereval	68.58	39.57	3143	1959	-10.3	-14.0	-8.2	-0.8	-0.2	4.0	6.3	7.9	7.7	0.3	-8.3	-10.7
227	38715	Shahristanskiy Pereval	68.58	39.57	3143	1960	-9.9	-7.5	-11.0	-5.0	-1.4	4.7	7.1	7.7	2.4	-1.2	-7.4	-7.9
227	38715	Shahristanskiy Pereval	68.58	39.57	3143	1961	-10.9	-14.4	-8.4	-3.5	2.7	4.2	7.7	5.8	4.6	-3.2	-6.1	-10.5
227	38715	Shahristanskiy Pereval	68.58	39.57	3143	1962	-12.0	-9.2	-4.6	-3.7	-0.8	3.4	7.6	6.4	1.5	-2.6	-9.9	-9.1
227	38715	Shahristanskiy Pereval	68.58	39.57	3143	1963	-7.3	-8.1	-6.6	-1.7	0.8	5.4	6.6	6.3	3.6	0.2	-5.5	-7.9
227	38715	Shahristanskiy Pereval	68.58	39.57	3143	1964	-17.3	-11.3	-5.4	-4.5	-0.3	4.2	6.1	7.2	2.7	-3.3	-6.3	-11.6
227	38715	Shahristanskiy Pereval	68.58	39.57	3143	1965	-10.5	-12.9	-9.0	-4.0	1.4	3.9	6.8	6.0	2.3	-0.6	-4.6	-7.7
227	38715	Shahristanskiy Pereval	68.58	39.57	3143	1966	-6.5	-7.4	-8.5	-4.3	-0.2	6.6	6.4	6.4	2.9	-3.4	-6.3	-9.4
227	38715	Shahristanskiy Pereval	68.58	39.57	3143	1967	-11.6	-11.6	-7.9	-3.6	-0.3	4.1	7.5	6.8	3.5	-3.0	-6.4	-8.7
227	38715	Shahristanskiy Pereval	68.58	39.57	3143	1968	-11.5	-11.9	-7.2	2.9	-1.0	4.9	7.0	7.6	4.1	-2.5	-5.8	-10.1
227	38715	Shahristanskiy Pereval	68.58	39.57	3143	1969	-14.4	-13.7	-5.2	-2.9	0.5	4.9	6.7	6.7	1.6	-1.2	-6.6	-7.7
227	38715	Shahristanskiy Pereval	68.58	39.57	3143	1970	-11.6	-9.3	-8.7	-1.2	2.0	4.9	6.0	8.4	3.6	-0.6	-4.3	-10.6
227	38715	Shahristanskiy Pereval	68.58	39.57	3143	1971	-11.8	-11.4	-5.2	-2.2	2.6	6.8	7.0	6.9	2.1	-1.0	-4.0	-6.1
227	38715	Shahristanskiy Pereval	68.58	39.57	3143	1972	-13.8	-15.7	-8.0	-3.2	-0.2	4.0	4.0	4.4	3.1	-0.6	-3.8	-11.2
227	38715	Shahristanskiy Pereval	68.58	39.57	3143	1973	-15.5	-9.5	-9.2	-2.4	0.9	7.2	9.7	7.6	2.6	-0.6	-3.6	-8.9
227	38715	Shahristanskiy Pereval	68.58	39.57	3143	1974	-14.7	-13.7	-6.4	-1.9	0.9	4.0	7.6	4.9	1.9	-2.5	-6.0	-12.1
227	38715	Shahristanskiy Pereval	68.58	39.57	3143	1975	-12.2	-12.6	-8.5	-2.8	-0.6	4.8	8.0	7.6	3.5	-1.7	-8.1	-10.2
227	38715	Shahristanskiy Pereval	68.58	39.57	3143	1976	-9.4	-14.2	-9.9	-2.7	0.8	4.2	8.8	8.9	3.4	-2.2	-7.2	-10.1
227	38715	Shahristanskiy Pereval	68.58	39.57	3143	1977	-15.1	-11.5	-4.1	-0.9	1.2	7.2	8.3	7.4	3.9	-1.1	-4.1	-9.6
227	38715	Shahristanskiy Pereval	68.58	39.57	3143	1978	-13.2	-11.8	-10.0	-1.5	2.3	5.4	9.0	7.9	4.8	-0.6	-8.2	-6.7
227	38715	Shahristanskiy Pereval	68.58	39.57	3143	1979	-9.9	-9.7	-8.8	-1.6	-1.9	4.8	8.9	6.5	4.1	1.9	-4.6	-8.4
227	38715	Shahristanskiy Pereval	68.58	39.57	3143	1980	-12.0	-12.7	-8.3	-0.4	2.5	5.3	9.1	7.5	3.9	-1.0	-3.3	-6.5
227	38715	Shahristanskiy Pereval	68.58	39.57	3143	1981	-10.8	-10.4	-6.0	-2.1	2.6	3.3	6.7	5.2	3.3	-3.2	-4.6	-8.6
227	38715	Shahristanskiy Pereval	68.58	39.57	3143	1982	-11.0	-13.3	-8.4	-1.3	1.7	5.0	7.1	6.7	1.5	-1.8	-7.4	-9.1
227	38715	Shahristanskiy Pereval	68.58	39.57	3143	1983	-11.6	-10.2	-9.7	-2.6	2.2	4.7	8.4	9.9	4.4	-1.8	-3.7	-10.3
227	38715	Shahristanskiy Pereval	68.58	39.57	3143	1984	-13.9	-16.8	-7.1	-3.0	0.6	5.9	9.3	11.0	2.6	-1.9	-5.8	-13.8
227	38715	Shahristanskiy Pereval	68.58	39.57	3143	1985	-11.4	-9.9	-9.5	-0.9	0.2	6.0	9.1	5.7	4.6	-1.4	-5.7	-8.8
227	38715	Shahristanskiy Pereval	68.58	39.57	3143	1986	-10.7	-9.6	-11.5	-3.9	0.3	4.4	8.3	6.6	4.7	-0.3	-6.3	-9.9
227	38715	Shahristanskiy Pereval	68.58	39.57	3143	1987	-8.9	-9.3	-5.7	-3.7	1.0	3.3	5.3	8.8	3.7	-3.7	-4.7	-6.3
227	38715	Shahristanskiy Pereval	68.58	39.57	3143	1988	-10.6	-10.4	-8.9	-1.5	0.1	6.2	9.0	6.4	3.5	-2.9	-2.3	-7.3
227	38715	Shahristanskiy Pereval	68.58	39.57	3143	1989	-14.1	-15.6	-7.9	-999.0	-1.3	4.3	6.6	6.6	3.7	0.3	-6.8	-7.6
227	38715	Shahristanskiy Pereval	68.58	39.57	3143	1990	-11.4	-11.5	-8.4	-3.7	3.2	6.8	-999.0	8.5	6.2	-1.4	-3.2	-10.0
227	38966	Shaimak	74.62	37.53	3840	1959	-29.0	-20.5	-13.9	-8.7	-3.2	-0.4	2.5	1.5	-1.6	-8.1	-14.6	-19.8
227	38966	Shaimak	74.62	37.53	3840	1960	-24.2	-21.6	-17.4	-9.7	-5.1	1.1	2.1	2.4	-4.5	-10.2	-17.4	-27.3
227	38966	Shaimak	74.62	37.53	3840	1961	-25.2	-24.3	-17.3	-9.8	-2.5	0.8	3.6	1.3	-3.2	-10.9	-22.9	-27.3
227	38966	Shaimak	74.62	37.53	3840	1962	-23.9	-19.7	-16.8	-6.5	-4.2	-0.7	2.7	2.7	-2.0	-9.7	-17.5	-21.9
227	38966	Shaimak	74.62	37.53	3840	1963	-26.7	-19.6	-18.7	-6.5	-3.0	-0.6	2.1	0.4	-4.8	-8.5	-16.2	-20.3
227	38966	Shaimak	74.62	37.53	3840	1964	-24.6	-19.5	-13.7	-7.4	-4.9	-1.4	1.6	1.0	-4.3	-11.5	-18.6	-22.7
227	38966	Shaimak	74.62	37.53	3840	1965	-24.0	-25.6	-23.3	-10.0	-3.4	-1.3	2.5	0.7	-4.6	-7.5	-15.2	-26.6
227	38966	Shaimak	74.62	37.53	3840	1966	-26.3	-18.2	-15.8	-9.7	-3.9	-0.1	1.0	2.4	-3.2	-9.1	-19.7	-19.1
227	38966	Shaimak	74.62	37.53	3840	1967	-25.6	-20.3	-18.8	-10.1	-4.5	-0.2	1.8	1.6	-4.0	-9.9	-17.0	-20.1
227	38966	Shaimak	74.62	37.53	3840	1968	-21.1	-22.3	-12.8	-8.2	-3.6	-1.0	1.9	1.6	-4.9	-10.8	-17.7	-20.0
227	38966	Shaimak	74.62	37.53	3840	1969	-20.1	-21.3	-9.8	-8.9	-999.0	-1.3	1.1	2.6	-2.9	-8.3	-19.5	-20.6
227	38966	Shaimak	74.62	37.53	3840	1970	-20.8	-20.3	-15.5	-7.7	3.3	-0.5	1.8	2.5	-1.9	-8	-17.2	-18.3
227	38966	Shaimak	74.62	37.53	3840	1971	-23.1	-17.4	-13.5	-5.6	-2.9	2.2	3.5	2.1	-3.2	-9.6	-14.4	-19.1
227	38966	Shaimak	74.62	37.53	3840	1972	-16.5	-19.6	-13.3	-10.3	-4.2	-0.7	1.2	2.6	-4.9	-9.8	-19.2	-19.3
227	38966	Shaimak	74.62	37.53	3840	1973	-21.9	-16.8	-15.7	-6.3	-2.7	0.3	4.1	1.9	-2.5	-10.1	-16.5	-22.6
227	38966	Shaimak	74.62	37.53	3840	1974	-22.2	-21.1	-16.1	-3.6	-1.0	0.7	3.5	0.7	-4.1	-10.1	-17.7	-25.5
227	38966	Shaimak	74.62	37.53	3840	1975	-24.5	-20.9	-15.1	-6.3	-3.6	-0.9	1.8	3.2	-3.0	-12.3	-27.1	-28.2
227	38966	Shaimak	74.62	37.53	3840	1976	-27.2	-20.9	-19.0	-9.5	-2.4	-1.2	3.5	2.0	-3.0	-8.6	-17.0	-20.5
227	38966	Shaimak	74.62	37.53	3840	1977	-19.6	-22.5	-14.2	-5.8	-3.1	0.3	3.9	2.0	-1.3	-6.7	-17.2	-22.8
227	38966	Shaimak	74.62	37.53	3840	1978	-26.2	-19.8	-18.5	-8.1	-3.0	-0.2	5.0	3.8	-4.2	-9.2	-20.1	-20.4
227	38966	Shaimak	74.62	37.53	3840	1979	-999.0	-19.5	-16.0	-5.2	-3.1	-0.9	2.2	2.6	-3.4	-7.6	-15.4	-17.8
227	38966	Shaimak	74.62	37.53	3840	1980	-21.0	-17.0	-16.4	-6.0	-2.0	-0.5	3.5	1.9	-2.3	-8.2	-16.1	-24.7
227	38966	Shaimak	74.62	37.53	3840	1981	-22.7	-16.8	-13.9	-9.2	-0.8	-0.7	2.8	2.1	-3.5	-9.2	-17.4	-20.6
227	38966	Shaimak	74.62	37.53	3840	1982	-18.9	-20.4	-14.1	-10.1	-3.1	-1.0	2.1	2.7	-3.6	-8.6	-15.5	-24.3
227	38966	Shaimak	74.62	37.53	3840	1983	-24.5	-23.8	-17.6	-8.2	-2.7	-1.9	0.9	3.1	-3.0	-9.4	-15.8	-20.3
227	38966	Shaimak	74.62	37.53	3840	1984	-22.9	-20.5	-11.8	-8.9	-2.8	0.4	3.8	4.4	-3.4	-9.5	-14.9	-20.9
227	38966	Shaimak	74.62	37.53	3840	1985	-24.4	-19.9	-12.0	-7.0	-3.3	-0.6	4.2	4.9	-3.5	-9.7	-19.6	-28.6
227	38966	Shaimak	74.62	37.53	3840	1986	-36.6	-27.9	-21.8	0.0	-3.9	-0.8	3.9	3.3	-2.8	-8.4	-14.0	-21.0
227	38966	Shaimak	74.62	37.53	3840	1987	-24.5	-17.8	-999.0	-10.8	-4.1	-1.6	1.5	1.5	-4.0	-11.5	-18.2	-27.7
227	38966	Shaimak	74.62	37.53	3840	1988	-23.5	-22.8	-15.3	-8.0	-3.1	0.2	4.0	2.0	0.0	-8.3	-14.2	-19.1
227	38966	Shaimak	74.62	37.53	3840	1989	-22.9	-19.3	-12.3	-11.0	-4.5	-1.4	2.3	1.2	-3.7	-9.4	-20.5	-23.6
227	38966	Shaimak	74.62	37.53	3840	1990	-19.3	-999.0	-22.2	-12.5	-3.0	1.5	18.1	2.2	-3.2	-9.0	-14.5	-18.9
227	38852	Tavildara	70.48	38.70	1616	1951	-9.2	-11.4	-3.6	2.6	8.3	8.8	12.0	11.6	9.0	7.6	1.0	-2.0
227	38852	Tavildara	70.48	38.70	1616	1952	-7.7	-5.9	-2.9	5.1	-999.0	10.5	13.6	13.6	9.0	3.6	0.2	-6.3
227	38852	Tavildara	70.48	38.70	1616	1953	-9.4	-4.4	-1.7	4.3	9.0	11.6	14.4	12.7	9.5	2.1	-0.8	-4.1
227	38852	Tavildara	70.48	38.70	1616	1954	-9.2	-8.3	-3.2	5.1	7.6	10.5	12.5	11.0	8.7	3.5	-2.4	-9.4
227	38852	Tavildara	70.48	38.70	1616	1955	-10.4	-4.4	1.0	2.6	7.4	10.2	12.5	13.7	8.7	3.0	0.5	-1.5
227	38852	Tavildara	70.48	38.70	1616	1956	-11.6	-5.9	-2.0	3.8	9.2	10.0	16.2	13.8	10.3	3.5	0.6	-6.1
227	38852	Tavildara	70.48	38.70	1616	1957	-9.5	-12.9	-2.5	3.2	7.0	10.5	12.3	12.4	7.2	4.2	-1.4	-6.5
227	38852	Tavildara	70.48	38.70	1616	1958	-5.9	-9.2	-0.2	5.8	6.1	9.9	12.9	11.7	9.8	3.9	-1.7	-1.8
227	38852	Tavildara	70.48	38.70	1616	1959	-10.8	-8.2	-1.3	5.1	7.1	10.2	12.9	13.8	11.2	4.9	1.2	-5.8
227	38852	Tavildara	70.48	38.70	1616	1960	-9.7	-2.2	-1.9	3.2	5.7	10.5	12.7	13.3	9.2	3.4	-1.1	-8.4
227	38852	Tavildara	70.48	38.70	1616	1961	-8.0	-9.9	-3.2	4.2	9.0	10.3	14.7	13.1	10.5	3.5	-2.0	-8.1
227	38852	Tavildara	70.48	38.70	1616	1962	-12.3	-6.3	-999.0	4.5	7.1	10.2	13.5	13.6	8.6	4.1	-2.6	-6.6
227	38852	Tavildara	70.48	38.70	1616	1963	-9.3	-2.3	-0.7	5.8	8.0	11.6	12.3	12.4	9.7	6.6	0.3	-4.8
227	38852	Tavildara	70.48	38.70	1616	1964	-15.7	-7.7	-1.0	3.9	6.7	9.5	12.2	12.3	8.5	1.8	-1.8	-6.3
227	38852	Tavildara	70.48	38.70	1616	1965	-5.4	-9.6	-3.1	3.1	7.9	10.3	13.7	12.0	8.0	6.8	1.3	-5.8
227	38852	Tavildara	70.48	38.70	1616	1966	-4.5	-0.8	0.1	3.8	7.1	11.0	13.0	13.0	9.0	3.7	-2.7	-5.7
227	38852	Tavildara	70.48	38.70	1616	1967	-11.1	-5.7	-3.0	3.5	6.8	10.7	13.0	12.8	8.9	3.2	-0.1	-3.3
227	38852	Tavildara	70.48	38.70	1616	1968	-8.7	-9.2	1.0	5.3	6.9	10.9	12.6	13.2	7.9	3.6	1.2	-7.4
227	38852	Tavildara	70.48	38.70	1616	1969	-11.4	-11.0	0.3	2.8	7.3	10.2	12.1	12.2	8.1	6.0	-0.4	-1.9
227	38852	Tavildara	70.48	38.70	1616	1970	-8.5	-4.9	-1.5	5.7	7.9	10.9	12.8	13.8	9.2	4.8	0.7	-4.8
227	38852	Tavildara	70.48	38.70	1616	1971	-13.5	-6.0	-0.4	6.1	8.8	12.5	14.2	12.4	8.6	2.8	0.8	-2.0
227	38852	Tavildara	70.48	38.70	1616	1972	-7.2	-15.5	-2.2	2.7	7.4	10.0	10.8	11.3	8.5	4.0	1.1	-5.3
227	38852	Tavildara	70.48	38.70	1616	1973	-11.8	-6.4	-2.7	-999.0	8.1	12.1	14.7	14.0	9.5	3.5	0.1	-5.3
227	38852	Tavildara	70.48	38.70	1616	1974	-10.6	-10.7	-2.3	7.1	7.9	10.7	13.5	11.3	8.6	3.0	-0.5	-8.6
227	38852	Tavildara	70.48	38.70	1616	1975	-14.5	-10.0	-2.4	5.1	6.6	10.7	13.1	14.3	9.7	3.7	-3.4	-7.1
227	38852	Tavildara	70.48	38.70	1616	1976	-8.6	-8.4	-4.2	3.4	8.4	10.2	14.2	14.8	9.5	5.2	-2.1	-4.5
227	38852	Tavildara	70.48	38.70	1616	1977	-10.2	-11.6	-0.3	6.3	-999.0	-999.0	13.8	12.9	8.2	5.7	1.8	-5.8
227	38852	Tavildara	70.48	38.70	1616	1978	-12.5	-9.0	-3.5	5.4	8.8	11.5	14.5	13.0	8.7	4.8	-1.5	-2.2
227	38852	Tavildara	70.48	38.70	1616	1979	-6.1	-4.0	-1.6	6.8	6.3	10.0	12.9	13.4	9.1	5.1	-1.8	-3.3
227	38852	Tavildara	70.48	38.70	1616	1980	-9.4	-6.7	-2.3	5.2	9.0	11.4	13.9	13.2	8.8	5.1	1.8	-999.0
227	38852	Tavildara	70.48	38.70	1616	1981	-7.2	-6.8	-1.2	5.3	9.3	9.5	13.1	11.2	7.8	3.0	-0.8	-3.4
227	38852	Tavildara	70.48	38.70	1616	1982	-8.2	-11.1	-2.5	4.7	8.3	10.0	11.9	12.7	6.7	3.7	-2.0	-9.1
227	38852	Tavildara	70.48	38.70	1616	1983	-8.3	-8.0	-3.5	4.6	8.1	9.3	-999.0	-999.0	9.2	2.7	0.8	-999.0
227	38852	Tavildara	70.48	38.70	1616	1984	-10.9	-12.2	-1.4	4.6	7.8	11.7	14.5	15.4	-999.0	2.3	1.5	-999.0
227	38852	Tavildara	70.48	38.70	1616	1985	-10.1	-6.5	-2.7	5.1	6.9	10.5	13.8	12.7	8.2	4.3	-0.5	-4.1
227	38852	Tavildara	70.48	38.70	1616	1986	-9.3	-6.1	-2.1	3.8	6.9	10.5	13.7	12.5	8.6	4.4	-0.3	-7.8
227	38852	Tavildara	70.48	38.70	1616	1987	-10.0	-4.6	0.9	4.1	-999.0	9.5	11.8	13.1	9.7	3.5	0.8	-1.7
227	38852	Tavildara	70.48	38.70	1616	1988	-6.9	-6.1	-0.9	4.7	8.0	11.1	14.8	12.7	9.8	3.2	0.8	-2.4
227	38852	Tavildara	70.48	38.70	1616	1989	-12.4	-12.0	-2.5	2.7	6.0	9.9	12.5	11.8	7.8	3.5	-1.5	-1.9
227	38852	Tavildara	70.48	38.70	1616	1990	-6.6	-7.0	-2.9	3.7	8.8	11.6	13.4	14.1	10.0	4.0	0.7	-4.3
227	38713	Uratyube	68.98	39.90	1004	1951	-8.0	-9.3	-0.6	7.6	12.0	12.9	17.3	16.1	12.1	7.3	1.4	-0.3
227	38713	Uratyube	68.98	39.90	1004	1952	-3.2	0.0	0.9	7.1	10.1	14.2	18.1	17.3	10.6	5.1	-3.0	-4.8
227	38713	Uratyube	68.98	39.90	1004	1953	-3.5	0.6	-0.3	6.2	11.9	15.0	18.4	16.1	11.6	2.7	-2.2	-5.2
227	38713	Uratyube	68.98	39.90	1004	1954	-6.4	-5.7	-2.4	7.9	10.7	13.5	17.3	16.1	11.3	7.0	-1.6	-4.5
227	38713	Uratyube	68.98	39.90	1004	1955	-4.4	-1.1	1.5	3.7	11.6	15.7	17.4	17.2	11.4	4.3	2.4	-0.4
227	38713	Uratyube	68.98	39.90	1004	1956	-6.0	-4.0	0.4	7.3	12.1	14.0	19.6	16.8	11.1	5.9	2.2	-5.9
227	38713	Uratyube	68.98	39.90	1004	1957	-8.4	-8.0	1.6	4.1	10.6	15.0	16.5	15.8	11.7	5.3	-1.7	-3.5
227	38713	Uratyube	68.98	39.90	1004	1958	-1.3	-0.7	3.0	7.0	9.1	15.1	18.8	15.7	10.9	5.0	-3.0	-0.7
227	38713	Uratyube	68.98	39.90	1004	1959	-3.9	-6.3	-0.4	9.0	10.9	15.9	17.0	16.7	13.7	5.9	-0.7	-5.5
227	38713	Uratyube	68.98	39.90	1004	1960	-4.1	0.3	-2.9	4.6	9.5	16.3	16.6	16.3	11.2	6.0	0.0	-3.1
227	38713	Uratyube	68.98	39.90	1004	1961	-3.6	-4.5	0.7	7.3	14.2	15.6	18.2	16.5	11.5	3.3	-0.4	-1.4
227	38713	Uratyube	68.98	39.90	1004	1962	-6.0	0.1	4.7	6.7	11.1	14.3	18.8	16.2	9.9	5.3	-4.0	-4.4
227	38713	Uratyube	68.98	39.90	1004	1963	-1.3	0.3	1.5	8.9	11.6	16.6	17.6	15.6	10.7	7.9	1.0	-3.4
227	38713	Uratyube	68.98	39.90	1004	1964	-11.3	-3.6	2.8	6.1	10.8	15.3	17.6	16.1	11.1	3.0	0.7	-6.8
227	38713	Uratyube	68.98	39.90	1004	1965	-5.4	-4.6	0.1	7.0	13.1	15.9	18.5	16.5	11.2	6.8	2.7	-2.3
227	38713	Uratyube	68.98	39.90	1004	1966	-1.0	1.1	1.6	6.4	10.5	17.0	18.1	17.1	11.6	4.7	-2.5	-2.6
227	38713	Uratyube	68.98	39.90	1004	1967	-5.7	-5.0	0.9	7.4	10.6	15.6	17.7	15.8	11.0	5.2	2.2	-0.7
227	38713	Uratyube	68.98	39.90	1004	1968	-4.4	-4.4	2.2	5.4	11.0	15.3	-999.0	16.3	10.8	5.5	1.5	-2.4
227	38713	Uratyube	68.98	39.90	1004	1969	-11.9	-11.8	1.0	6.8	11.2	15.1	17.1	15.3	11.0	5.9	1.1	0.9
227	38713	Uratyube	68.98	39.90	1004	1970	-4.8	-0.4	0.4	9.0	11.6	14.2	17.2	16.2	10.6	5.0	1.2	-4.0
227	38713	Uratyube	68.98	39.90	1004	1971	-8.9	-3.6	3.0	6.4	12.1	16.4	17.5	15.0	11.5	6.0	3.8	0.5
227	38713	Uratyube	68.98	39.90	1004	1972	-10.4	-13.2	-1.6	5.9	11.3	15.3	15.1	14.3	10.9	6.4	2.1	-5.3
227	38713	Uratyube	68.98	39.90	1004	1973	-9.8	-2.3	-0.1	8.1	11.4	16.7	18.3	16.2	8.9	5.6	1.8	-3.8
227	38713	Uratyube	68.98	39.90	1004	1974	-9.8	-9.2	-0.2	7.4	12.2	15.6	18.2	14.3	11.4	5.5	1.5	-6.2
227	38713	Uratyube	68.98	39.90	1004	1975	-6.5	-5.8	1.2	8.0	11.5	16.2	19.2	16.0	11.2	4.5	-2.6	-4.2
227	38713	Uratyube	68.98	39.90	1004	1976	-2.0	-6.4	-0.6	7.5	12.3	15.3	18.6	17.5	10.6	4.4	-3.2	-4.5
227	38713	Uratyube	68.98	39.90	1004	1977	-10.7	-4.2	3.8	9.1	-999.0	-999.0	18.2	16.2	11.6	6.2	4.3	-4.2
227	38713	Uratyube	68.98	39.90	1004	1978	-6.7	-7.2	0.3	8.3	11.4	15.6	18.1	14.1	12.1	6.4	-1.2	0.6
227	38713	Uratyube	68.98	39.90	1004	1979	-5.6	-1.8	0.9	8.5	8.3	14.7	18.0	16.3	11.2	7.9	-0.9	-0.1
227	38713	Uratyube	68.98	39.90	1004	1980	-6.1	-5.6	0.0	9.8	13.1	16.2	18.5	15.8	11.0	5.8	4.8	-0.5
227	38713	Uratyube	68.98	39.90	1004	1981	-1.9	-1.9	3.0	6.7	11.8	14.8	18.0	15.7	10.9	4.0	0.8	-1.8
227	38713	Uratyube	68.98	39.90	1004	1982	-4.1	-5.9	0.2	7.6	11.8	14.8	16.6	15.5	10.8	5.3	-3.0	-4.3
227	38713	Uratyube	68.98	39.90	1004	1983	-5.2	-1.6	-0.4	7.8	11.8	15.7	18.6	16.6	10.8	4.3	2.6	-999.0
227	38713	Uratyube	68.98	39.90	1004	1984	-7.7	-12.0	1.5	6.9	11.1	16.5	18.9	17.8	10.6	4.5	1.8	-12.6
227	38713	Uratyube	68.98	39.90	1004	1985	-6.4	-2.6	-1.3	8.2	11.1	16.5	17.6	14.7	10.9	4.1	-1.5	-2.6
227	38713	Uratyube	68.98	39.90	1004	1986	-2.9	-2.5	-2.4	6.4	11.8	14.8	17.4	15.7	12.4	5.9	0.6	-4.1
227	38713	Uratyube	68.98	39.90	1004	1987	-2.2	-2.0	4.1	5.4	-999.0	14.3	16.8	17.8	11.3	2.7	0.4	-1.0
227	38713	Uratyube	68.98	39.90	1004	1988	-4.1	-3.6	1.0	9.1	10.5	16.8	18.8	15.9	11.6	5.2	3.9	-0.3
227	38713	Uratyube	68.98	39.90	1004	1989	-8.1	-8.7	1.7	3.8	9.5	15.5	18.1	16.4	10.0	6.4	-0.8	0.6
227	38713	Uratyube	68.98	39.90	1004	1990	-5.8	-1.9	1.7	6.6	12.7	18.0	17.8	17.1	12.0	5.2	2.6	-3.3
229	38880	Ashgabat	58.33	37.97	228	1937	-999.0	-999.0	-999.0	-999.0	-999.0	20.7	25.1	23.6	17.7	11.4	1.8	-0.9
229	38880	Ashgabat	58.33	37.97	228	1938	1.5	2.5	3.0	12.8	18.0	20.5	22.5	22.3	16.6	9.6	4.1	0.3
229	38880	Ashgabat	58.33	37.97	228	1939	0.1	1.1	4.5	7.7	16.5	24.1	23.7	21.6	17.1	9.5	5.3	2.9
229	38880	Ashgabat	58.33	37.97	228	1940	-1.1	1.1	2.9	11.8	15.6	22.2	25.0	21.7	18.4	12.7	6.5	3.9
229	38880	Ashgabat	58.33	37.97	228	1941	-2.1	4.4	6.8	11.2	19.1	23.4	23.3	22.8	17.5	10.9	4.6	0.7
229	38880	Ashgabat	58.33	37.97	228	1942	0.2	-2.2	3.9	8.8	17.6	22.8	24.6	21.0	16.4	12.1	6.2	1.1
229	38880	Ashgabat	58.33	37.97	228	1943	-2.8	-2.2	1.7	9.7	16.8	20.4	-999.0	-999.0	-999.0	11.3	4.0	2.3
229	38880	Ashgabat	58.33	37.97	228	1944	0.3	3.1	-999.0	10.5	17.9	22.6	-999.0	21.8	16.4	10.6	4.8	-7.2
229	38880	Ashgabat	58.33	37.97	228	1945	-999.0	-999.0	-999.0	-999.0	-999.0	-999.0	-999.0	-999.0	-999.0	-999.0	-999.0	-999.0
229	38880	Ashgabat	58.33	37.97	228	1946	-999.0	-999.0	-999.0	-999.0	-999.0	-999.0	-999.0	-999.0	-999.0	-999.0	-999.0	-999.0
229	38880	Ashgabat	58.33	37.97	228	1947	-999.0	-999.0	-999.0	-999.0	-999.0	-999.0	-999.0	-999.0	-999.0	-999.0	-999.0	-999.0
229	38880	Ashgabat	58.33	37.97	228	1948	-999.0	-999.0	-999.0	-999.0	-999.0	-999.0	-999.0	-999.0	-999.0	-999.0	-999.0	-999.0
229	38880	Ashgabat	58.33	37.97	228	1949	-999.0	-999.0	-999.0	-999.0	-999.0	-999.0	-999.0	-999.0	-999.0	-999.0	-999.0	-999.0
229	38880	Ashgabat	58.33	37.97	228	1950	-999.0	-999.0	-999.0	-999.0	-999.0	-999.0	-999.0	-999.0	-999.0	-999.0	-999.0	-999.0
229	38880	Ashgabat	58.33	37.97	228	1951	-2.6	-6.4	3.6	12.3	17.6	19.5	23.6	21.0	17.1	11.1	3.4	3.1
229	38880	Ashgabat	58.33	37.97	228	1952	-0.7	3.5	4.7	10.4	15.9	20.2	23.7	21.7	15.7	10.2	0.9	-2.5
229	38880	Ashgabat	58.33	37.97	228	1953	1.7	4.9	3.2	10.4	16.9	21.9	23.6	21.3	15.7	8.0	2.2	-0.6
229	38880	Ashgabat	58.33	37.97	228	1954	-0.8	-1.8	1.2	10.9	16.3	19.4	24.3	20.7	14.9	11.3	2.4	-0.2
229	38880	Ashgabat	58.33	37.97	228	1955	0.5	4.4	5.3	9.7	15.9	21.5	24.4	23.0	16.9	8.4	6.0	2.5
229	38880	Ashgabat	58.33	37.97	228	1956	-1.9	0.3	4.0	11.5	15.7	19.5	24.7	21.0	16.8	8.7	5.9	-1.1
229	38880	Ashgabat	58.33	37.97	228	1957	-3.3	0.5	4.9	9.6	16.6	19.2	21.1	20.2	15.5	9.2	3.0	0.8
229	38880	Ashgabat	58.33	37.97	228	1958	3.5	3.0	7.0	10.9	15.4	21.2	23.3	20.5	15.1	8.6	-0.8	1.7
229	38880	Ashgabat	58.33	37.97	228	1959	-1.5	-2.0	3.8	12.9	15.5	20.3	22.0	23.7	18.0	9.3	0.6	-4.9
229	38880	Ashgabat	58.33	37.97	228	1960	1.2	4.2	0.3	10.6	14.7	21.5	22.7	21.4	15.5	10.2	3.6	-1.5
229	38880	Ashgabat	58.33	37.97	228	1961	0.0	-0.5	5.2	11.4	19.0	20.2	24.7	21.8	15.7	6.6	5.0	2.9
229	38880	Ashgabat	58.33	37.97	228	1962	-1.2	3.0	7.0	10.4	16.2	19.3	23.6	19.0	12.5	7.9	0.4	0.7
229	38880	Ashgabat	58.33	37.97	228	1963	2.7	5.0	4.2	12.2	16.3	20.9	23.0	19.6	15.0	10.3	3.9	-1.7
229	38880	Ashgabat	58.33	37.97	228	1964	-5.3	1.2	6.0	9.4	15.9	20.3	23.4	21.3	15.2	5.5	4.7	-5.7
229	38880	Ashgabat	58.33	37.97	228	1965	-2.2	1.0	4.1	9.5	17.1	20.9	23.4	20.6	15.1	10.2	6.5	1.7
229	38880	Ashgabat	58.33	37.97	228	1966	3.5	3.3	5.9	10.8	15.2	22.2	22.4	21.0	15.1	8.4	1.0	0.5
229	38880	Ashgabat	58.33	37.97	228	1967	-1.8	-0.8	4.0	10.7	16.2	18.7	22.2	19.9	15.6	9.5	6.4	1.6
229	38880	Ashgabat	58.33	37.97	228	1968	0.5	-0.7	6.0	9.7	17.0	19.5	21.1	20.4	14.5	9.1	5.1	1.6
229	38880	Ashgabat	58.33	37.97	228	1969	-9.3	-10.8	3.8	9.8	15.2	19.8	22.4	19.2	15.5	9.9	2.9	3.5
229	38880	Ashgabat	58.33	37.97	228	1970	-1.6	3.1	5.6	12.6	17.3	19.3	22.4	22.3	15.0	9.7	5.0	-2.0
229	38880	Ashgabat	58.33	37.97	228	1971	-2.0	0.3	6.4	9.8	17.0	19.8	22.7	19.4	15.1	10.1	7.1	3.3
229	38880	Ashgabat	58.33	37.97	228	1972	-7.3	-8.7	1.7	11.0	14.2	20.8	20.8	17.9	16.0	10.7	5.9	-2.2
229	38880	Ashgabat	58.33	37.97	228	1973	-4.5	2.0	4.5	12.1	15.6	21.7	22.4	21.5	14.0	9.8	4.6	-0.4
229	38880	Ashgabat	58.33	37.97	228	1974	-4.6	-3.2	4.6	9.7	17.2	21.2	23.0	18.6	14.7	8.2	6.0	-1.7
229	38880	Ashgabat	58.33	37.97	228	1975	-0.4	0.0	4.9	11.3	17.0	21.3	23.6	21.4	16.3	8.7	2.1	0.2
229	38880	Ashgabat	58.33	37.97	228	1976	1.6	-2.1	1.8	11.4	16.7	21.2	23.3	20.4	15.8	7.8	0.0	-2.8
229	38880	Ashgabat	58.33	37.97	228	1977	-8.7	0.2	8.4	12.6	17.0	23.1	23.4	20.3	16.4	8.3	7.1	1.7
229	38880	Ashgabat	58.33	37.97	228	1978	-1.2	-1.9	4.5	11.7	14.6	19.1	23.0	18.3	17.4	10.2	3.2	3.0
229	38880	Ashgabat	58.33	37.97	228	1979	-1.9	2.2	5.4	12.1	13.5	19.1	23.9	20.4	16.7	12.6	2.7	2.8
229	38880	Ashgabat	58.33	37.97	228	1980	-3.0	-2.9	4.6	13.3	17.3	20.9	22.8	20.6	15.6	9.4	7.7	2.7
229	38880	Ashgabat	58.33	37.97	228	1981	1.9	2.1	7.9	10.4	15.5	20.4	24.0	20.9	15.8	7.9	5.3	2.5
229	38880	Ashgabat	58.33	37.97	228	1982	-2.0	-0.2	3.7	13.0	16.6	20.3	22.3	20.0	14.0	9.4	1.4	-0.6
229	38880	Ashgabat	58.33	37.97	228	1983	0.0	2.2	3.6	11.8	17.6	21.7	25.1	22.5	16.2	8.5	6.6	1.0
229	38880	Ashgabat	58.33	37.97	228	1984	-1.7	-6.4	5.4	11.3	15.3	20.4	23.9	22.8	14.9	9.0	6.3	-5.8
229	38880	Ashgabat	58.33	37.97	228	1985	-1.6	2.7	2.8	12.1	16.4	22.3	23.3	19.9	15.1	8.2	4.3	2.0
229	38880	Ashgabat	58.33	37.97	228	1986	0.9	1.5	1.1	10.8	16.7	20.1	22.4	19.7	16.6	10.9	3.7	1.6
229	38880	Ashgabat	58.33	37.97	228	1987	2.4	1.6	6.5	9.8	17.7	20.5	22.9	22.4	14.8	6.4	4.8	2.1
229	38880	Ashgabat	58.33	37.97	228	1988	0.0	-0.5	5.8	12.4	15.7	21.6	22.9	20.0	15.7	9.2	6.8	3.8
229	38880	Ashgabat	58.33	37.97	228	1989	-1.7	-2.0	6.1	10.2	14.3	22.2	24.7	21.8	14.5	11.7	4.3	4.2
229	38880	Ashgabat	58.33	37.97	228	1990	-999.0	-999.0	-999.0	-999.0	-999.0	-999.0	-999.0	-999.0	-999.0	-999.0	-999.0	-999.0
229	38880	Ashgabat	58.33	37.97	228	1991	-999.0	-999.0	-999.0	-999.0	-999.0	-999.0	-999.0	-999.0	-999.0	-999.0	-999.0	-999.0
229	38880	Ashgabat	58.33	37.97	228	1992	-999.0	-999.0	-999.0	-999.0	-999.0	-999.0	-999.0	-999.0	-999.0	-999.0	-999.0	-999.0
229	38880	Ashgabat	58.33	37.97	228	1993	-999.0	-999.0	-999.0	-999.0	-999.0	-999.0	-999.0	-999.0	-999.0	-999.0	-999.0	-999.0
229	38880	Ashgabat	58.33	37.97	228	1994	0.3	-2.2	5.7	9.6	16.4	20.9	23.2	22.9	12.0	8.9	7.3	-2.0
229	38880	Ashgabat	58.33	37.97	228	1995	-0.6	0.5	3.4	12.0	15.4	20.8	25.2	22.6	15.2	8.3	5.4	-1.6
229	38880	Ashgabat	58.33	37.97	228	1996	-4.4	-2.5	3.6	8.7	16.9	21.5	23.6	20.2	17.2	9.6	2.7	-0.2
229	38880	Ashgabat	58.33	37.97	228	1997	0.3	-1.1	3.8	11.9	16.7	22.8	24.8	21.0	16.4	13.2	2.5	0.0
229	38880	Ashgabat	58.33	37.97	228	1998	-0.2	-1.2	4.0	13.1	15.7	22.2	23.9	24.0	-999.0	-999.0	-999.0	3.7
229	38880	Ashgabat	58.33	37.97	228	1999	0.1	2.7	3.3	9.4	15.1	22.5	23.8	25.1	17.1	12.2	4.3	2.6
229	38880	Ashgabat	58.33	37.97	228	2000	-1.6	1.1	4.7	15.3	19.0	22.3	25.0	25.0	19.3	9.5	2.9	2.8
229	38880	Ashgabat	58.33	37.97	228	2001	-2.5	0.2	6.3	13.1	18.4	22.0	23.1	21.6	15.0	8.8	5.2	1.0
229	38880	Ashgabat	58.33	37.97	228	2002	0.7	1.8	6.7	10.5	15.4	20.1	22.7	21.7	15.8	12.6	6.8	-4.7
229	38880	Ashgabat	58.33	37.97	228	2003	-0.2	2.0	3.9	9.2	14.1	18.4	22.4	21.5	15.7	11.3	4.7	0.3
229	38895	Bairam-ali	62.18	37.60	241	1895	-12.4	2.3	7.3	13.4	-999.0	-999.0	-999.0	-999.0	8.2	3.8	-2.7	-4.3
229	38895	Bairam-ali	62.18	37.60	241	1896	-3.7	-6.6	3.3	6.0	12.1	-999.0	17.6	-999.0	-999.0	-1.3	-4.0	-5.5
229	38895	Bairam-ali	62.18	37.60	241	1897	-6.9	-1.2	1.6	8.5	14.8	17.9	21.3	17.8	-999.0	4.2	2.8	0.7
229	38895	Bairam-ali	62.18	37.60	241	1898	-999.0	-2.7	1.4	8.3	14.7	-999.0	20.3	17.1	12.5	7.4	-1.6	-2.6
229	38895	Bairam-ali	62.18	37.60	241	1899	-3.0	0.6	5.7	10.3	14.2	20.3	19.6	18.5	12.0	7.4	2.0	-5.7
229	38895	Bairam-ali	62.18	37.60	241	1900	-9.7	-2.8	6.3	8.9	15.0	18.2	21.6	17.3	11.2	7.2	3.1	-0.4
229	38895	Bairam-ali	62.18	37.60	241	1901	-3.8	-4.6	5.6	9.6	15.6	17.4	19.6	16.2	11.6	3.5	2.0	0.3
229	38895	Bairam-ali	62.18	37.60	241	1902	-0.2	-1.3	4.2	8.6	14.7	18.9	20.4	18.2	10.7	6.6	3.3	1.0
229	38895	Bairam-ali	62.18	37.60	241	1903	-6.7	-0.4	-1.2	7.9	13.3	19.0	19.6	18.0	12.4	6.3	-0.6	-3.7
229	38895	Bairam-ali	62.18	37.60	241	1904	-12.8	1.7	4.5	7.8	14.6	17.7	19.7	17.8	11.4	2.5	4.2	1.8
229	38895	Bairam-ali	62.18	37.60	241	1905	-5.8	-4.3	-0.7	9.0	15.0	18.6	18.9	18.9	12.1	8.8	3.1	-1.5
229	38895	Bairam-ali	62.18	37.60	241	1906	-5.8	-2.5	1.9	6.6	15.5	19.5	20.0	18.1	11.4	6.4	0.6	0.4
229	38895	Bairam-ali	62.18	37.60	241	1907	-3.2	-3.3	2.8	11.2	12.9	16.3	20.0	18.2	11.2	3.6	1.5	-1.4
229	38895	Bairam-ali	62.18	37.60	241	1908	-3.2	-1.0	1.1	8.7	12.7	17.7	20.7	17.2	12.6	4.5	3.6	-0.8
229	38895	Bairam-ali	62.18	37.60	241	1909	-4.6	-1.2	-999.0	-999.0	-999.0	-999.0	19.5	18.3	10.7	4.8	4.2	-0.2
229	38895	Bairam-ali	62.18	37.60	241	1910	-3.2	-0.2	2.4	6.6	16.3	17.7	20.0	17.8	10.7	6.4	0.0	-6.4
229	38895	Bairam-ali	62.18	37.60	241	1911	-3.5	0.1	2.7	8.8	14.7	19.2	19.1	17.2	10.9	4.0	-0.1	-3.3
229	38895	Bairam-ali	62.18	37.60	241	1912	-2.2	1.8	3.6	9.2	13.6	18.5	19.9	-999.0	8.8	7.1	0.6	-0.7
229	38895	Bairam-ali	62.18	37.60	241	1913	0.3	-3.6	0.7	6.6	15.5	17.3	20.4	-999.0	11.7	7.6	3.9	1.6
229	38895	Bairam-ali	62.18	37.60	241	1914	2.0	0.1	4.7	10.4	15.1	21.5	21.8	19.2	12.9	7.8	5.7	-3.1
229	38895	Bairam-ali	62.18	37.60	241	1915	-999.0	-999.0	-999.0	-999.0	-999.0	-999.0	-999.0	-999.0	-999.0	4.8	2.2	-0.9
229	38895	Bairam-ali	62.18	37.60	241	1916	-1.4	-3.8	3.6	10.3	13.6	14.8	19.9	19.4	-999.0	2.4	-6.9	-3.2
229	38895	Bairam-ali	62.18	37.60	241	1917	-0.2	1.4	1.2	7.1	17.3	18.5	20.5	18.8	11.8	4.4	-0.8	-5.2
229	38895	Bairam-ali	62.18	37.60	241	1918	-2.1	0.6	2.3	6.4	14.4	17.7	-999.0	17.1	-999.0	-999.0	-999.0	-999.0
229	38895	Bairam-ali	62.18	37.60	241	1919	-999.0	-999.0	2.6	10.5	13.3	-999.0	-999.0	-999.0	-999.0	-999.0	1.8	-0.2
229	38895	Bairam-ali	62.18	37.60	241	1920	-0.4	-999.0	-999.0	-999.0	-999.0	18.3	19.8	17.3	13.2	7.5	-0.9	-9.0
229	38895	Bairam-ali	62.18	37.60	241	1921	-2.2	-1.1	0.5	10.6	11.6	18.3	21.5	16.6	11.1	5.9	2.0	0.4
229	38895	Bairam-ali	62.18	37.60	241	1922	0.7	-1.8	4.6	10.2	13.6	18.1	21.3	17.9	11.7	7.0	3.1	0.4
229	38895	Bairam-ali	62.18	37.60	241	1923	-2.1	0.8	4.5	7.9	11.7	19.4	20.2	20.2	9.6	6.9	-1.3	-5.1
229	38895	Bairam-ali	62.18	37.60	241	1924	-1.4	0.6	4.4	9.7	11.6	17.3	20.8	18.3	10.6	6.5	1.7	-2.3
229	38895	Bairam-ali	62.18	37.60	241	1925	-5.1	-4.8	4.3	10.4	15.1	19.0	21.2	18.7	11.3	9.0	1.3	0.5
229	38895	Bairam-ali	62.18	37.60	241	1926	-1.3	1.3	4.7	-999.0	-999.0	-999.0	-999.0	-999.0	-999.0	-999.0	-999.0	-999.0
229	38895	Bairam-ali	62.18	37.60	241	1927	-9.8	-3.1	0.2	9.6	15.2	18.0	22.3	19.6	13.2	8.3	0.9	0.3
229	38895	Bairam-ali	62.18	37.60	241	1928	-4.2	-2.0	0.6	9.7	14.8	19.9	20.3	17.6	11.5	6.0	1.7	-1.6
229	38895	Bairam-ali	62.18	37.60	241	1929	-10.2	-2.0	4.7	11.3	15.5	17.6	21.0	16.7	14.6	4.6	0.3	-8.8
229	38895	Bairam-ali	62.18	37.60	241	1930	-10.2	-3.6	3.6	9.1	14.8	20.2	22.9	18.8	10.8	6.0	3.1	-4.4
229	38895	Bairam-ali	62.18	37.60	241	1931	-3.7	-7.7	4.0	11.2	13.6	17.7	20.7	20.0	14.1	5.5	-0.7	-1.1
229	38895	Bairam-ali	62.18	37.60	241	1932	-1.7	0.4	5.0	10.9	12.8	18.1	22.0	16.3	11.5	3.8	-1.2	-8.4
229	38895	Bairam-ali	62.18	37.60	241	1933	-5.2	0.7	1.1	8.7	15.0	17.2	21.3	18.8	9.3	4.6	2.5	1.1
229	38895	Bairam-ali	62.18	37.60	241	1934	-9.4	0.3	2.8	8.4	11.4	19.1	19.1	18.4	9.5	4.3	-2.0	-0.5
229	38895	Bairam-ali	62.18	37.60	241	1935	-6.7	1.3	2.8	8.7	12.7	15.8	20.4	19.1	10.3	6.3	0.2	-3.0
229	38895	Bairam-ali	62.18	37.60	241	1936	-6.7	0.7	1.2	9.3	15.1	18.6	20.0	16.8	12.1	9.2	1.3	-2.5
229	38895	Bairam-ali	62.18	37.60	241	1937	-5.6	-0.2	1.1	7.0	15.1	18.4	21.0	17.5	12.4	5.9	-2.1	-3.9
229	38895	Bairam-ali	62.18	37.60	241	1938	0.8	2.2	3.4	11.7	16.5	17.2	20.2	17.9	11.5	5.4	0.6	-0.8
229	38895	Bairam-ali	62.18	37.60	241	1939	-0.4	0.3	3.8	7.1	14.1	20.8	21.7	18.3	12.9	6.6	4.1	2.0
229	38895	Bairam-ali	62.18	37.60	241	1940	0.3	2.1	1.8	10.6	14.9	21.0	23.0	20.2	14.6	10.2	4.1	2.7
229	38895	Bairam-ali	62.18	37.60	241	1941	-2.1	4.8	7.3	11.6	17.6	21.5	21.1	20.7	14.5	9.9	2.6	0.6
229	38895	Bairam-ali	62.18	37.60	241	1942	0.1	-1.7	4.9	9.1	17.7	21.0	22.9	18.9	12.4	8.9	6.1	-0.6
229	38895	Bairam-ali	62.18	37.60	241	1943	-3.5	-1.7	1.7	9.4	14.6	19.0	22.7	20.3	12.2	5.8	2.1	0.8
229	38895	Bairam-ali	62.18	37.60	241	1944	0.5	2.2	8.4	10.7	17.1	20.0	24.2	19.8	13.5	7.5	2.3	-8.7
229	38895	Bairam-ali	62.18	37.60	241	1945	-2.1	-2.4	2.8	9.6	13.7	19.1	21.5	21.5	14.1	7.4	2.1	0.1
229	38895	Bairam-ali	62.18	37.60	241	1946	-2.1	3.3	5.4	9.8	18.0	18.6	20.1	19.3	14.2	8.3	-3.1	-6.5
229	38895	Bairam-ali	62.18	37.60	241	1947	1.2	0.9	7.2	10.3	14.7	18.0	20.9	21.0	12.7	7.5	5.9	-2.4
229	38895	Bairam-ali	62.18	37.60	241	1948	0.4	0.3	3.4	8.6	16.6	20.4	23.3	19.4	13.3	6.6	2.0	-3.9
229	38895	Bairam-ali	62.18	37.60	241	1949	-5.9	-0.6	3.6	9.6	14.4	19.7	22.2	19.9	12.2	2.9	-1.3	-0.7
229	38895	Bairam-ali	62.18	37.60	241	1950	-5.0	-5.8	5.4	8.3	17.3	20.3	21.8	19.7	11.9	8.1	-2.7	-5.8
229	38895	Bairam-ali	62.18	37.60	241	1951	-3.4	-6.0	2.3	9.8	16.3	17.5	21.6	19.2	14.7	10.1	1.3	1.9
229	38895	Bairam-ali	62.18	37.60	241	1952	-0.8	3.7	4.4	10.7	15.3	19.3	22.2	19.6	13.1	6.1	-0.9	-3.2
229	38895	Bairam-ali	62.18	37.60	241	1953	0.5	4.5	3.7	10.5	16.1	19.4	22.6	19.5	13.0	5.6	2.1	-1.0
229	38895	Bairam-ali	62.18	37.60	241	1954	-0.8	-1.8	1.4	10.8	14.7	18.3	21.2	18.9	12.4	7.2	1.2	-0.7
229	38895	Bairam-ali	62.18	37.60	241	1955	-1.6	3.2	5.4	8.3	15.1	20.4	22.2	21.2	14.1	5.0	4.5	2.3
229	38895	Bairam-ali	62.18	37.60	241	1956	-3.2	0.3	4.3	11.3	16.1	18.0	24.2	19.9	13.8	5.2	3.7	-2.0
229	38895	Bairam-ali	62.18	37.60	241	1957	-3.5	-1.1	5.1	8.0	15.3	19.6	20.6	18.9	12.3	7.1	1.9	0.9
229	38895	Bairam-ali	62.18	37.60	241	1958	3.2	1.4	7.4	11.6	14.5	20.4	22.8	19.6	14.0	6.9	-2.3	1.3
229	38895	Bairam-ali	62.18	37.60	241	1959	-1.4	-1.7	3.6	12.4	14.9	20.0	21.7	21.7	16.5	8.5	-0.4	-4.9
229	38895	Bairam-ali	62.18	37.60	241	1960	0.3	3.7	0.6	9.7	14.4	21.2	22.1	20.4	14.2	8.1	2.2	-2.1
229	38895	Bairam-ali	62.18	37.60	241	1961	-1.0	-1.7	4.6	10.9	18.5	19.5	23.7	20.9	14.6	5.2	3.4	1.1
229	38895	Bairam-ali	62.18	37.60	241	1962	-2.9	3.6	7.3	10.9	15.8	18.5	23.1	19.0	12.6	6.9	0.0	0.1
229	38895	Bairam-ali	62.18	37.60	241	1963	1.5	4.4	4.6	12.6	16.7	21.4	21.9	19.0	13.5	9.2	3.5	-1.7
229	38895	Bairam-ali	62.18	37.60	241	1964	-6.5	1.7	7.0	10.4	15.2	19.8	22.9	20.0	13.3	4.0	2.1	-5.4
229	38895	Bairam-ali	62.18	37.60	241	1965	-1.5	0.4	4.1	10.3	17.6	20.0	23.3	19.7	13.7	9.9	5.5	0.0
229	38895	Bairam-ali	62.18	37.60	241	1966	2.3	3.3	5.4	11.2	15.1	22.4	23.0	21.1	14.7	7.7	-0.9	-1.3
229	38895	Bairam-ali	62.18	37.60	241	1967	-4.1	-0.6	4.3	10.9	15.5	19.8	22.1	19.8	14.2	8.3	5.0	0.8
229	38895	Bairam-ali	62.18	37.60	241	1968	0.4	-1.5	5.8	9.9	16.4	20.4	22.0	19.5	13.1	7.8	3.9	1.2
229	38895	Bairam-ali	62.18	37.60	241	1969	-10.3	-10.3	4.5	10.1	15.5	19.1	21.7	18.1	14.4	9.4	2.1	2.9
229	38895	Bairam-ali	62.18	37.60	241	1970	-1.7	3.0	4.1	12.9	17.6	19.4	21.9	21.1	12.9	8.4	4.0	-2.1
229	38895	Bairam-ali	62.18	37.60	241	1971	-4.0	0.3	7.0	10.5	16.6	20.6	22.3	18.8	13.1	8.6	6.6	3.7
229	38895	Bairam-ali	62.18	37.60	241	1972	-7.9	-10.3	2.7	11.4	14.8	20.2	20.3	17.1	14.0	8.4	4.4	-2.5
229	38895	Bairam-ali	62.18	37.60	241	1973	-4.9	2.4	5.2	13.0	15.6	21.9	22.4	20.7	12.1	8.9	4.0	-0.7
229	38895	Bairam-ali	62.18	37.60	241	1974	-5.2	-2.5	4.3	10.3	16.1	20.1	22.8	18.0	12.9	5.5	4.1	-2.2
229	38895	Bairam-ali	62.18	37.60	241	1975	-1.5	-0.3	5.4	11.7	16.3	21.2	23.0	20.4	14.9	6.6	1.0	0.3
229	38895	Bairam-ali	62.18	37.60	241	1976	2.7	-1.4	2.6	11.5	16.8	20.0	22.9	19.9	14.7	7.8	-1.1	-2.4
229	38895	Bairam-ali	62.18	37.60	241	1977	-7.9	-0.3	7.6	12.9	17.1	22.8	22.5	19.8	14.3	8.4	7.0	1.6
229	38895	Bairam-ali	62.18	37.60	241	1978	-1.3	-1.6	4.1	12.5	15.6	19.9	22.4	18.5	14.4	9.4	2.4	3.7
229	38895	Bairam-ali	62.18	37.60	241	1979	-1.7	2.6	5.5	13.6	13.5	19.0	23.4	19.7	15.3	11.6	1.4	3.2
229	38895	Bairam-ali	62.18	37.60	241	1980	-2.8	-3.2	4.9	14.0	17.0	20.3	22.6	19.4	13.4	8.0	6.9	1.5
229	38895	Bairam-ali	62.18	37.60	241	1981	1.7	2.7	8.4	11.6	16.4	19.7	22.8	20.4	14.7	6.9	4.8	1.4
229	38895	Bairam-ali	62.18	37.60	241	1982	-2.4	0.3	4.5	12.0	16.5	19.7	21.4	19.8	12.5	9.2	1.6	-1.6
229	38895	Bairam-ali	62.18	37.60	241	1983	0.4	1.7	3.7	12.2	17.3	21.5	24.4	21.8	15.1	7.4	6.1	0.0
229	38895	Bairam-ali	62.18	37.60	241	1984	-2.3	-6.3	5.8	11.9	16.0	20.7	23.8	21.7	13.2	7.8	5.5	-7.6
229	38895	Bairam-ali	62.18	37.60	241	1985	-1.5	3.3	2.7	12.3	16.5	21.8	22.8	19.4	13.2	7.5	3.1	0.6
229	38895	Bairam-ali	62.18	37.60	241	1986	0.9	1.5	1.7	10.5	17.3	20.0	22.7	19.7	15.3	9.6	3.4	1.7
229	38895	Bairam-ali	62.18	37.60	241	1987	2.3	1.9	7.3	10.5	17.5	20.3	22.7	21.7	14.6	5.0	4.0	1.9
229	38895	Bairam-ali	62.18	37.60	241	1988	0.8	-0.2	6.2	13.0	16.0	21.2	23.4	19.5	14.3	8.1	6.0	4.0
229	38895	Bairam-ali	62.18	37.60	241	1989	-2.4	-2.6	6.2	9.6	14.2	20.6	23.2	20.3	13.4	9.7	3.4	4.3
229	38895	Bairam-ali	62.18	37.60	241	1990	-999.0	-999.0	-999.0	-999.0	-999.0	-999.0	-999.0	-999.0	-999.0	-999.0	-999.0	-999.0
229	38895	Bairam-ali	62.18	37.60	241	1991	-999.0	-999.0	-999.0	-999.0	-999.0	-999.0	-999.0	-999.0	-999.0	-999.0	-999.0	-999.0
229	38895	Bairam-ali	62.18	37.60	241	1992	-999.0	-999.0	-999.0	-999.0	-999.0	-999.0	-999.0	-999.0	-999.0	-999.0	-999.0	-999.0
229	38895	Bairam-ali	62.18	37.60	241	1993	-999.0	-999.0	-999.0	-999.0	-999.0	-999.0	-999.0	-999.0	-999.0	-999.0	-999.0	-999.0
229	38895	Bairam-ali	62.18	37.60	241	1994	0.7	-1.9	7.3	9.5	16.5	21.4	22.8	22.1	11.8	8.5	7.8	-0.4
229	38895	Bairam-ali	62.18	37.60	241	1995	0.9	1.5	4.9	12.4	16.9	20.8	24.4	21.4	14.5	6.9	5.5	-0.2
229	38895	Bairam-ali	62.18	37.60	241	1996	-3.3	-1.8	4.3	10.0	16.1	21.3	23.5	19.5	16.7	8.8	2.6	2.2
229	38895	Bairam-ali	62.18	37.60	241	1997	0.9	-0.3	-999.0	-999.0	-999.0	-999.0	-999.0	-999.0	-999.0	-999.0	-999.0	-999.0
229	38895	Bairam-ali	62.18	37.60	241	1998	0.4	-0.4	4.0	13.3	16.1	21.9	23.9	22.7	16.6	-999.0	-999.0	2.8
229	38895	Bairam-ali	62.18	37.60	241	1999	0.0	5.7	5.5	9.9	15.0	21.2	22.5	22.1	15.1	10.4	3.6	1.5
229	38895	Bairam-ali	62.18	37.60	241	2000	-0.4	0.7	3.8	13.8	17.8	19.9	23.5	22.0	16.1	9.0	2.5	2.2
229	38895	Bairam-ali	62.18	37.60	241	2001	-3.6	1.4	6.8	13.4	19.8	21.6	23.1	20.4	14.0	8.7	6.0	1.8
229	38895	Bairam-ali	62.18	37.60	241	2002	2.0	2.7	7.4	11.8	15.9	21.0	22.5	20.9	14.0	11.9	5.4	-2.2
229	38895	Bairam-ali	62.18	37.60	241	2003	0.9	2.5	5.4	10.6	14.6	19.4	23.8	22.0	15.4	10.5	5.1	1.2
229	38687	Chardzhou	63.58	39.10	193	1896	-999.0	-999.0	-999.0	10.1	17.0	21.0	22.7	20.4	13.1	6.1	-999.0	-1.3
229	38687	Chardzhou	63.58	39.10	193	1897	-5.6	-1.0	1.6	-999.0	16.1	19.3	22.3	19.7	14.9	5.9	3.7	0.4
229	38687	Chardzhou	63.58	39.10	193	1898	-5.7	-2.1	-999.0	-999.0	15.7	19.8	22.2	18.3	14.2	8.4	-999.0	-0.8
229	38687	Chardzhou	63.58	39.10	193	1899	-2.0	2.4	6.6	11.1	16.0	19.7	20.9	20.9	13.5	9.1	2.4	-5.3
229	38687	Chardzhou	63.58	39.10	193	1900	-11.8	-999.0	-999.0	-999.0	-999.0	-999.0	-999.0	-999.0	-999.0	-999.0	-999.0	-999.0
229	38687	Chardzhou	63.58	39.10	193	1901	-999.0	-999.0	-999.0	-999.0	-999.0	19.0	21.3	18.7	14.1	4.9	4.6	1.0
229	38687	Chardzhou	63.58	39.10	193	1902	0.2	-0.2	4.2	8.9	16.8	20.5	21.2	19.9	-999.0	8.0	2.5	1.5
229	38687	Chardzhou	63.58	39.10	193	1903	-4.4	1.2	-1.1	9.0	15.3	-999.0	-999.0	-999.0	14.7	8.1	0.1	-4.0
229	38687	Chardzhou	63.58	39.10	193	1904	-11.0	0.7	2.9	7.3	16.1	18.9	20.5	19.2	12.9	3.9	4.7	1.2
229	38687	Chardzhou	63.58	39.10	193	1905	-5.1	-4.6	-1.7	9.0	15.3	19.3	21.1	-999.0	13.2	9.1	3.4	-999.0
229	38687	Chardzhou	63.58	39.10	193	1906	-5.5	-2.5	2.1	6.7	15.4	21.1	21.4	20.3	13.1	8.4	2.2	1.9
229	38687	Chardzhou	63.58	39.10	193	1907	-0.4	-3.1	2.2	12.1	14.2	18.2	21.4	19.7	13.2	4.8	1.4	-999.0
229	38687	Chardzhou	63.58	39.10	193	1908	-2.7	-1.6	-999.0	-999.0	-999.0	-999.0	-999.0	-999.0	-999.0	-999.0	-999.0	-999.0
229	38687	Chardzhou	63.58	39.10	193	1909	-999.0	-999.0	-999.0	-999.0	15.6	19.1	21.5	19.8	13.1	5.3	6.1	0.8
229	38687	Chardzhou	63.58	39.10	193	1910	-1.3	-0.8	2.6	8.7	17.7	19.0	22.2	19.4	12.8	6.3	0.9	-6.1
229	38687	Chardzhou	63.58	39.10	193	1911	-4.7	0.4	3.4	10.3	16.3	21.2	20.5	18.7	12.8	-999.0	-999.0	-4.5
229	38687	Chardzhou	63.58	39.10	193	1912	-999.0	-999.0	2.0	9.6	14.9	19.7	21.6	17.8	11.5	8.3	1.3	0.1
229	38687	Chardzhou	63.58	39.10	193	1913	-0.3	-2.8	1.0	8.0	16.9	18.8	22.2	18.8	13.9	8.0	3.3	1.4
229	38687	Chardzhou	63.58	39.10	193	1914	2.4	-0.2	5.5	11.4	16.4	22.2	21.7	19.5	14.3	7.0	4.6	-2.9
229	38687	Chardzhou	63.58	39.10	193	1915	-0.5	-0.9	9.0	11.7	17.4	21.1	21.4	20.5	15.8	7.3	3.4	0.3
229	38687	Chardzhou	63.58	39.10	193	1916	0.0	-2.4	4.3	11.4	16.5	17.3	21.4	21.2	13.5	5.4	-999.0	-999.0
229	38687	Chardzhou	63.58	39.10	193	1917	0.9	1.7	2.7	8.8	18.4	18.5	21.1	20.0	13.7	5.6	0.4	-4.7
229	38687	Chardzhou	63.58	39.10	193	1918	-999.0	-999.0	-999.0	-999.0	-999.0	-999.0	-999.0	-999.0	-999.0	-999.0	-999.0	-999.0
229	38687	Chardzhou	63.58	39.10	193	1919	-999.0	-999.0	-999.0	-999.0	-999.0	-999.0	-999.0	-999.0	-999.0	-999.0	-999.0	-999.0
229	38687	Chardzhou	63.58	39.10	193	1920	-999.0	-999.0	-999.0	-999.0	-999.0	-999.0	-999.0	-999.0	-999.0	-999.0	-999.0	-999.0
229	38687	Chardzhou	63.58	39.10	193	1921	-999.0	-999.0	-999.0	-999.0	-999.0	-999.0	-999.0	-999.0	-999.0	-999.0	-999.0	-999.0
229	38687	Chardzhou	63.58	39.10	193	1922	-999.0	-999.0	-999.0	-999.0	-999.0	-999.0	-999.0	-999.0	-999.0	-999.0	-999.0	-999.0
229	38687	Chardzhou	63.58	39.10	193	1923	-999.0	-999.0	-999.0	-999.0	-999.0	-999.0	-999.0	-999.0	10.7	-999.0	-999.0	-999.0
229	38687	Chardzhou	63.58	39.10	193	1924	-999.0	-999.0	-999.0	-999.0	-999.0	-999.0	-999.0	-999.0	-999.0	-999.0	-999.0	-999.0
229	38687	Chardzhou	63.58	39.10	193	1925	-999.0	-999.0	-999.0	-999.0	-999.0	-999.0	-999.0	-999.0	-999.0	-999.0	-999.0	-999.0
229	38687	Chardzhou	63.58	39.10	193	1926	-999.0	-999.0	-999.0	-999.0	-999.0	-999.0	-999.0	-999.0	-999.0	-999.0	-999.0	-999.0
229	38687	Chardzhou	63.58	39.10	193	1927	-8.0	-2.8	-0.5	10.9	15.4	18.2	21.4	18.1	13.1	9.0	0.7	0.1
229	38687	Chardzhou	63.58	39.10	193	1928	-5.5	-1.6	0.8	9.9	15.8	19.4	19.1	16.7	10.8	5.8	1.4	-1.6
229	38687	Chardzhou	63.58	39.10	193	1929	-8.6	-3.3	4.4	12.6	13.6	17.2	19.3	16.1	14.1	4.1	-0.3	-10.7
229	38687	Chardzhou	63.58	39.10	193	1930	-8.7	-4.2	3.5	8.9	14.9	19.8	21.7	18.2	10.8	6.3	3.1	-4.9
229	38687	Chardzhou	63.58	39.10	193	1931	-3.8	-9.0	5.0	12.0	13.9	18.1	20.5	18.2	13.9	5.8	-1.2	-0.8
229	38687	Chardzhou	63.58	39.10	193	1932	-1.7	0.6	5.4	13.0	14.4	18.5	21.9	17.1	12.1	4.7	-1.0	-8.0
229	38687	Chardzhou	63.58	39.10	193	1933	-6.1	0.7	1.7	10.0	16.5	18.4	21.4	19.2	11.4	5.3	2.9	0.4
229	38687	Chardzhou	63.58	39.10	193	1934	-9.4	0.1	2.8	9.2	11.9	19.5	20.1	19.2	10.8	4.0	-1.6	-1.2
229	38687	Chardzhou	63.58	39.10	193	1935	-7.6	1.2	2.5	8.3	13.9	16.9	21.0	19.6	11.3	7.1	-1.7	-3.8
229	38687	Chardzhou	63.58	39.10	193	1936	-6.0	-0.5	1.5	8.9	15.2	19.4	20.8	17.6	13.2	8.9	1.8	-3.7
229	38687	Chardzhou	63.58	39.10	193	1937	-5.3	-1.6	1.0	7.2	15.8	19.8	21.9	19.4	14.7	6.6	-1.8	-4.4
229	38687	Chardzhou	63.58	39.10	193	1938	-999.0	0.9	2.0	12.8	18.4	19.1	21.1	18.9	13.3	-999.0	-999.0	-3.4
229	38687	Chardzhou	63.58	39.10	193	1939	-1.5	0.2	2.9	7.9	15.2	21.0	21.6	18.5	13.8	6.0	3.7	1.9
229	38687	Chardzhou	63.58	39.10	193	1940	-1.3	0.4	1.9	10.8	14.0	-999.0	-999.0	18.4	14.3	9.1	3.0	1.3
229	38687	Chardzhou	63.58	39.10	193	1941	-3.4	3.5	7.0	11.4	17.2	-999.0	-999.0	-999.0	-999.0	-999.0	-999.0	-0.2
229	38687	Chardzhou	63.58	39.10	193	1942	-0.5	-3.5	3.4	9.0	17.0	-999.0	-999.0	-999.0	-999.0	-999.0	-999.0	-999.0
229	38687	Chardzhou	63.58	39.10	193	1943	-999.0	-999.0	1.3	9.3	16.3	19.6	22.7	20.8	12.8	6.0	0.9	-1.0
229	38687	Chardzhou	63.58	39.10	193	1944	-0.2	1.2	8.4	11.5	17.4	20.0	24.2	20.1	13.5	6.6	1.0	-9.9
229	38687	Chardzhou	63.58	39.10	193	1945	-3.0	-4.7	1.9	10.6	15.1	20.8	22.3	21.4	14.5	8.3	1.4	-0.5
229	38687	Chardzhou	63.58	39.10	193	1946	-2.9	2.7	5.3	10.0	18.0	18.1	20.2	19.6	14.9	8.6	-2.3	-8.1
229	38687	Chardzhou	63.58	39.10	193	1947	0.5	0.0	6.9	10.5	14.9	18.0	19.0	-999.0	13.7	6.9	4.9	-3.9
229	38687	Chardzhou	63.58	39.10	193	1948	-0.4	0.4	2.9	9.2	16.8	19.5	22.9	19.8	13.5	6.5	0.8	-4.5
229	38687	Chardzhou	63.58	39.10	193	1949	-999.0	-999.0	-999.0	-999.0	16.1	19.2	-999.0	-999.0	-999.0	2.8	-1.5	-2.6
229	38687	Chardzhou	63.58	39.10	193	1950	-6.5	-4.0	4.7	8.1	17.1	19.9	20.6	18.0	10.8	6.2	-4.7	-8.0
229	38687	Chardzhou	63.58	39.10	193	1951	-4.4	-8.5	1.6	10.2	15.8	17.1	20.6	17.6	13.6	9.3	1.4	1.3
229	38687	Chardzhou	63.58	39.10	193	1952	-1.9	3.4	3.6	11.0	15.2	20.0	22.7	20.5	13.3	6.4	-1.8	-3.5
229	38687	Chardzhou	63.58	39.10	193	1953	-0.3	3.5	3.3	10.1	16.6	20.2	23.0	19.2	13.8	6.1	0.5	-1.4
229	38687	Chardzhou	63.58	39.10	193	1954	-1.8	-2.7	0.1	11.6	15.2	18.3	21.3	19.3	13.0	7.4	-0.6	-4.1
229	38687	Chardzhou	63.58	39.10	193	1955	-3.9	0.8	4.2	7.3	15.6	20.0	21.7	20.5	13.9	4.8	3.4	1.3
229	38687	Chardzhou	63.58	39.10	193	1956	-4.5	-1.5	3.2	12.3	17.1	18.3	23.2	19.4	13.6	6.0	2.7	-3.1
229	38687	Chardzhou	63.58	39.10	193	1957	-6.3	-2.9	3.8	8.0	14.2	19.5	20.3	19.0	12.6	6.8	0.9	0.4
229	38687	Chardzhou	63.58	39.10	193	1958	2.0	-0.1	6.1	10.5	13.9	20.1	22.8	19.0	12.8	6.3	-2.3	0.9
229	38687	Chardzhou	63.58	39.10	193	1959	-1.8	-1.8	2.9	12.3	15.1	19.4	20.7	20.4	16.0	7.4	-1.3	-5.0
229	38687	Chardzhou	63.58	39.10	193	1960	-1.3	3.0	0.0	9.0	13.9	20.1	20.7	19.1	13.6	6.7	1.2	-2.3
229	38687	Chardzhou	63.58	39.10	193	1961	-1.6	-2.2	3.5	10.5	18.1	18.5	21.8	19.6	13.4	4.8	2.2	-0.1
229	38687	Chardzhou	63.58	39.10	193	1962	-4.2	1.5	6.5	10.5	15.6	18.2	21.6	17.4	11.8	6.7	-0.6	-2.6
229	38687	Chardzhou	63.58	39.10	193	1963	-0.3	3.7	4.3	12.4	17.0	20.4	21.2	18.1	13.0	8.7	3.1	-2.3
229	38687	Chardzhou	63.58	39.10	193	1964	-6.8	-0.3	5.9	10.7	15.4	19.4	21.9	19.0	13.2	4.0	1.9	-4.7
229	38687	Chardzhou	63.58	39.10	193	1965	-2.3	-1.1	3.6	9.9	17.2	19.7	22.2	18.8	13.2	8.9	4.5	-0.7
229	38687	Chardzhou	63.58	39.10	193	1966	0.4	2.6	5.2	10.6	14.4	22.0	22.8	21.2	14.8	7.1	-1.1	-1.7
229	38687	Chardzhou	63.58	39.10	193	1967	-4.6	-0.9	3.6	11.3	15.8	19.9	21.8	19.2	13.5	7.3	4.7	0.6
229	38687	Chardzhou	63.58	39.10	193	1968	-0.2	-1.8	-999.0	9.4	16.1	20.5	21.2	19.3	12.6	7.1	3.0	-0.4
229	38687	Chardzhou	63.58	39.10	193	1969	-13.2	-11.5	3.5	10.2	15.6	19.8	21.9	19.0	14.7	8.7	2.1	2.8
229	38687	Chardzhou	63.58	39.10	193	1970	-3.2	2.1	3.3	12.5	17.2	19.2	21.2	20.5	13.8	8.6	2.5	-2.1
229	38687	Chardzhou	63.58	39.10	193	1971	-4.7	-0.6	6.8	10.4	16.5	21.0	22.2	19.2	14.4	8.5	6.4	2.8
229	38687	Chardzhou	63.58	39.10	193	1972	-8.6	-8.9	1.2	10.9	16.3	21.0	21.2	18.0	14.5	8.1	4.5	-3.0
229	38687	Chardzhou	63.58	39.10	193	1973	-6.0	1.6	4.2	12.9	16.3	22.0	22.9	20.8	12.1	8.3	3.4	-1.2
229	38687	Chardzhou	63.58	39.10	193	1974	-5.4	-3.9	3.4	10.7	16.4	20.6	23.0	17.4	13.0	5.5	2.4	-3.6
229	38687	Chardzhou	63.58	39.10	193	1975	-1.8	-1.8	5.0	11.7	15.1	19.6	21.7	19.2	13.6	5.1	-1.9	-1.4
229	38687	Chardzhou	63.58	39.10	193	1976	1.2	-3.0	1.9	11.8	16.7	19.4	21.9	19.5	12.9	5.6	-2.7	-4.3
229	38687	Chardzhou	63.58	39.10	193	1977	-8.4	-1.1	6.1	12.3	17.1	22.2	21.7	18.5	13.4	7.5	6.9	-0.2
229	38687	Chardzhou	63.58	39.10	193	1978	-1.8	-4.1	3.3	12.7	15.3	19.6	21.3	17.0	13.7	7.5	1.3	2.7
229	38687	Chardzhou	63.58	39.10	193	1979	-3.7	1.7	4.6	12.6	13.0	17.9	21.4	18.6	13.5	9.3	0.2	1.7
229	38687	Chardzhou	63.58	39.10	193	1980	-4.1	-2.6	3.7	13.1	16.6	19.8	21.6	18.4	12.8	7.0	5.5	0.5
229	38687	Chardzhou	63.58	39.10	193	1981	1.3	1.3	7.4	11.4	16.4	19.1	22.3	19.1	13.7	5.1	3.0	0.3
229	38687	Chardzhou	63.58	39.10	193	1982	-3.4	-0.7	3.6	11.7	15.6	18.6	20.3	17.8	11.6	7.7	0.3	-2.9
229	38687	Chardzhou	63.58	39.10	193	1983	-0.2	0.9	3.2	12.2	16.6	20.4	22.6	20.7	13.2	5.8	4.8	-1.0
229	38687	Chardzhou	63.58	39.10	193	1984	-3.5	-7.9	4.6	10.4	15.0	18.8	21.8	20.4	11.4	7.0	3.8	-10.4
229	38687	Chardzhou	63.58	39.10	193	1985	-3.0	2.3	1.7	11.7	14.5	19.5	21.2	17.1	11.7	5.9	-0.4	-0.2
229	38687	Chardzhou	63.58	39.10	193	1986	-0.3	0.6	-0.2	9.6	15.6	18.1	19.8	17.1	13.3	7.4	1.6	0.0
229	38687	Chardzhou	63.58	39.10	193	1987	0.2	-0.2	6.6	9.3	15.1	18.4	20.3	19.5	12.5	3.8	1.1	-0.1
229	38687	Chardzhou	63.58	39.10	193	1988	-1.0	-1.9	5.2	12.4	14.5	20.1	21.8	17.7	12.4	5.5	4.7	1.8
229	38687	Chardzhou	63.58	39.10	193	1989	-3.7	-3.8	4.2	7.8	12.9	17.7	20.9	17.6	11.0	7.3	0.4	3.5
229	38687	Chardzhou	63.58	39.10	193	1990	-999.0	-999.0	-999.0	-999.0	-999.0	-999.0	-999.0	-999.0	-999.0	-999.0	-999.0	-999.0
229	38687	Chardzhou	63.58	39.10	193	1991	-999.0	-999.0	-999.0	-999.0	-999.0	-999.0	-999.0	-999.0	-999.0	-999.0	-999.0	-999.0
229	38687	Chardzhou	63.58	39.10	193	1992	-999.0	-999.0	-999.0	-999.0	-999.0	-999.0	-999.0	-999.0	-999.0	-999.0	-999.0	-999.0
229	38687	Chardzhou	63.58	39.10	193	1993	-999.0	-999.0	-999.0	-999.0	-999.0	-999.0	-999.0	-999.0	-999.0	-999.0	-999.0	-999.0
229	38687	Chardzhou	63.58	39.10	193	1994	-1.4	-3.8	5.0	7.6	14.9	20.0	20.8	19.8	9.9	6.9	6.3	-2.2
229	38687	Chardzhou	63.58	39.10	193	1995	-1.8	0.0	3.7	11.2	15.6	18.7	21.7	18.5	11.7	5.2	2.9	-3.0
229	38687	Chardzhou	63.58	39.10	193	1996	-5.7	-4.6	2.8	9.7	14.8	19.1	21.1	17.4	13.1	5.6	0.0	-0.8
229	38687	Chardzhou	63.58	39.10	193	1997	-1.0	-3.1	4.0	12.0	15.1	20.9	21.3	18.2	13.2	9.5	-0.7	-1.5
229	38687	Chardzhou	63.58	39.10	193	1998	-2.0	-2.6	2.5	12.0	15.4	19.7	21.8	20.1	13.2	-999.0	-999.0	-0.1
229	38687	Chardzhou	63.58	39.10	193	1999	-2.0	4.4	2.5	8.7	13.7	18.6	20.1	19.2	12.5	7.8	1.0	-0.7
229	38687	Chardzhou	63.58	39.10	193	2000	-1.6	-1.0	2.4	11.8	14.6	17.2	19.6	17.8	12.1	5.1	-0.6	0.6
229	38687	Chardzhou	63.58	39.10	193	2001	-6.2	-0.8	6.1	11.0	16.7	19.2	18.9	16.4	10.6	6.1	5.2	-0.6
229	38687	Chardzhou	63.58	39.10	193	2002	0.2	1.8	6.7	11.5	14.7	18.6	19.8	19.1	12.2	9.0	2.8	-5.2
229	38687	Chardzhou	63.58	39.10	193	2003	-0.2	1.0	4.0	9.7	13.8	17.5	20.0	17.9	12.6	8.2	4.1	-0.7
229	38750	Gasan-kuli	53.97	37.47	23	1926	-999.0	-999.0	-999.0	-999.0	-999.0	20.0	23.5	25.7	20.1	11.9	4.2	3.3
229	38750	Gasan-kuli	53.97	37.47	23	1927	-3.3	-0.3	3.9	9.3	15.8	22.0	24.7	25.0	20.6	15.7	7.9	3.7
229	38750	Gasan-kuli	53.97	37.47	23	1928	-0.5	1.6	2.7	11.5	16.0	21.5	23.2	22.1	19.7	13.3	7.6	-999.0
229	38750	Gasan-kuli	53.97	37.47	23	1929	-2.0	0.3	3.7	9.2	17.5	20.2	24.2	24.3	20.6	13.6	6.3	-3.3
229	38750	Gasan-kuli	53.97	37.47	23	1930	-4.1	-1.4	3.7	10.4	15.9	20.6	24.7	25.2	18.6	11.8	7.6	0.3
229	38750	Gasan-kuli	53.97	37.47	23	1931	0.2	-2.2	4.8	9.1	14.8	19.5	25.9	24.4	21.0	11.8	6.3	1.6
229	38750	Gasan-kuli	53.97	37.47	23	1932	1.5	2.6	5.8	11.9	16.7	21.3	24.4	24.2	20.4	12.3	4.9	-2.2
229	38750	Gasan-kuli	53.97	37.47	23	1933	-1.2	2.6	3.0	9.0	16.8	20.0	24.8	25.6	20.3	13.6	7.5	2.0
229	38750	Gasan-kuli	53.97	37.47	23	1934	-2.3	2.4	4.3	9.9	13.7	20.8	24.9	24.9	18.3	11.8	5.3	1.4
229	38750	Gasan-kuli	53.97	37.47	23	1935	-3.4	2.7	4.0	9.3	15.6	18.8	22.9	-999.0	20.9	13.9	6.9	2.6
229	38750	Gasan-kuli	53.97	37.47	23	1936	-1.4	2.5	2.8	10.6	15.7	21.7	25.4	24.9	19.7	13.8	5.9	0.6
229	38750	Gasan-kuli	53.97	37.47	23	1937	-1.0	0.9	2.7	8.1	15.8	18.8	24.7	26.3	20.0	14.0	6.5	1.8
229	38750	Gasan-kuli	53.97	37.47	23	1938	1.9	3.0	3.4	10.6	16.9	20.4	24.9	24.3	20.4	12.7	5.9	2.2
229	38750	Gasan-kuli	53.97	37.47	23	1939	0.5	1.9	4.9	9.2	16.4	22.3	25.0	25.5	19.3	12.6	7.9	4.5
229	38750	Gasan-kuli	53.97	37.47	23	1940	1.9	3.1	4.3	11.3	15.6	21.1	24.2	23.4	20.8	13.6	8.7	4.6
229	38750	Gasan-kuli	53.97	37.47	23	1941	0.3	4.1	6.8	10.5	17.1	21.7	25.4	25.2	19.9	11.7	6.8	1.8
229	38750	Gasan-kuli	53.97	37.47	23	1942	2.2	0.3	4.3	8.5	16.1	21.1	24.1	22.7	19.1	14.2	8.9	1.2
229	38750	Gasan-kuli	53.97	37.47	23	1943	-1.6	-0.8	3.4	8.6	15.6	19.1	24.4	24.3	19.0	12.0	6.3	3.1
229	38750	Gasan-kuli	53.97	37.47	23	1944	0.9	2.9	7.6	10.3	15.7	20.9	24.5	24.2	19.1	12.0	5.5	-3.8
229	38750	Gasan-kuli	53.97	37.47	23	1945	-1.0	-1.1	1.8	8.3	12.3	18.1	-999.0	-999.0	18.6	11.5	5.4	2.5
229	38750	Gasan-kuli	53.97	37.47	23	1946	-999.0	2.0	5.8	9.9	15.6	19.6	-999.0	-999.0	19.1	12.1	3.0	-1.8
229	38750	Gasan-kuli	53.97	37.47	23	1947	1.8	0.9	6.0	9.3	14.2	18.3	-999.0	-999.0	15.8	12.2	6.6	1.6
229	38750	Gasan-kuli	53.97	37.47	23	1948	2.1	0.7	3.3	8.2	16.2	20.2	-999.0	-999.0	18.5	10.8	4.3	-1.9
229	38750	Gasan-kuli	53.97	37.47	23	1949	-3.2	-1.8	3.6	8.2	12.7	19.5	23.0	-999.0	18.6	7.7	4.3	2.5
229	38750	Gasan-kuli	53.97	37.47	23	1950	-2.3	0.5	5.0	9.4	16.6	20.3	24.2	22.2	17.0	13.2	3.3	-0.3
229	38750	Gasan-kuli	53.97	37.47	23	1951	-1.2	-3.1	3.5	8.3	15.8	20.5	-999.0	22.5	19.0	13.2	5.8	2.5
229	38750	Gasan-kuli	53.97	37.47	23	1952	0.2	3.8	4.6	9.3	14.0	18.4	-999.0	-999.0	18.9	12.4	2.9	-1.4
229	38750	Gasan-kuli	53.97	37.47	23	1953	1.4	3.0	2.7	9.4	13.6	19.6	23.0	24.4	18.7	11.2	4.8	-0.6
229	38750	Gasan-kuli	53.97	37.47	23	1954	-0.2	-1.5	2.8	8.8	14.6	20.1	24.3	22.9	19.0	11.9	6.8	1.4
229	38750	Gasan-kuli	53.97	37.47	23	1955	0.4	2.2	5.3	8.5	14.7	19.7	23.1	23.9	19.1	11.6	6.5	2.6
229	38750	Gasan-kuli	53.97	37.47	23	1956	0.4	0.8	3.8	9.8	12.8	17.4	22.6	22.9	17.5	9.6	5.3	0.5
229	38750	Gasan-kuli	53.97	37.47	23	1957	-1.6	0.8	4.3	9.0	15.8	19.4	20.8	21.6	18.1	10.9	4.1	1.1
229	38750	Gasan-kuli	53.97	37.47	23	1958	2.6	0.5	7.1	10.0	14.5	19.2	23.1	22.8	17.7	11.6	0.5	1.8
229	38750	Gasan-kuli	53.97	37.47	23	1959	0.6	-0.7	3.0	10.4	15.2	19.6	22.4	24.1	19.7	11.4	3.4	-0.5
229	38750	Gasan-kuli	53.97	37.47	23	1960	0.7	1.3	0.8	9.1	13.6	19.7	23.1	24.6	18.3	12.6	5.2	2.3
229	38750	Gasan-kuli	53.97	37.47	23	1961	0.7	0.8	3.7	8.9	16.1	19.8	24.0	22.6	19.1	10.4	5.5	3.5
229	38750	Gasan-kuli	53.97	37.47	23	1962	-0.3	2.0	6.0	10.8	14.9	19.0	23.3	21.7	14.4	9.4	2.7	0.7
229	38750	Gasan-kuli	53.97	37.47	23	1963	1.8	2.1	3.7	10.9	15.1	18.4	23.6	23.0	19.0	14.1	4.0	-0.6
229	38750	Gasan-kuli	53.97	37.47	23	1964	-4.0	0.2	3.9	8.1	-999.0	-999.0	-999.0	23.0	17.7	7.4	4.5	-0.6
229	38750	Gasan-kuli	53.97	37.47	23	1965	0.0	0.2	3.4	8.7	15.0	19.6	23.1	21.5	18.1	12.4	6.1	2.1
229	38750	Gasan-kuli	53.97	37.47	23	1966	2.9	3.5	5.9	11.4	15.3	19.8	22.5	24.6	17.7	11.1	3.7	2.3
229	38750	Gasan-kuli	53.97	37.47	23	1967	-0.7	0.1	3.5	9.0	14.5	17.8	23.4	23.6	18.4	11.6	7.6	2.2
229	38750	Gasan-kuli	53.97	37.47	23	1968	2.0	0.2	4.3	9.4	15.4	18.1	21.2	22.1	17.8	11.5	7.1	3.7
229	38750	Gasan-kuli	53.97	37.47	23	1969	-4.8	-3.2	4.8	9.3	15.4	19.7	-999.0	21.0	17.5	11.1	3.0	4.1
229	38750	Gasan-kuli	53.97	37.47	23	1970	1.1	3.1	7.1	10.9	15.3	17.9	22.5	24.8	18.1	11.1	7.0	0.6
229	38750	Gasan-kuli	53.97	37.47	23	1971	-1.6	0.9	5.0	9.4	15.9	19.0	23.5	23.6	17.9	11.8	7.7	4.6
229	38750	Gasan-kuli	53.97	37.47	23	1972	-4.1	-3.9	2.5	8.8	14.6	21.3	24.2	20.9	18.5	13.6	6.4	1.3
229	38750	Gasan-kuli	53.97	37.47	23	1973	-1.3	2.7	5.6	11.1	15.5	20.4	23.1	23.9	17.5	11.9	5.5	1.9
229	38750	Gasan-kuli	53.97	37.47	23	1974	-1.2	-1.1	4.9	9.4	15.9	19.5	23.0	22.1	18.7	8.5	7.6	0.9
229	38750	Gasan-kuli	53.97	37.47	23	1975	0.6	0.3	3.7	10.0	16.9	21.2	24.5	22.7	19.1	11.1	4.1	1.1
229	38750	Gasan-kuli	53.97	37.47	23	1976	0.7	-0.7	1.9	9.8	15.4	19.1	23.1	23.1	19.4	9.0	2.2	2.3
229	38750	Gasan-kuli	53.97	37.47	23	1977	-2.2	1.8	6.6	11.2	15.4	21.3	23.6	22.1	18.6	9.9	-999.0	2.2
229	38750	Gasan-kuli	53.97	37.47	23	1978	0.0	1.3	5.4	11.1	13.9	18.0	21.4	22.4	18.2	12.2	4.2	4.1
229	38750	Gasan-kuli	53.97	37.47	23	1979	0.2	2.7	4.5	11.0	13.8	18.7	23.2	20.8	18.9	14.3	5.8	3.3
229	38750	Gasan-kuli	53.97	37.47	23	1980	0.5	-0.6	5.1	12.1	15.6	18.6	22.2	23.6	18.3	11.9	8.6	4.7
229	38750	Gasan-kuli	53.97	37.47	23	1981	3.2	4.0	7.3	10.2	15.4	19.4	23.8	24.4	19.4	11.8	7.3	3.6
229	38750	Gasan-kuli	53.97	37.47	23	1982	0.6	0.4	3.5	10.9	15.7	19.3	23.4	22.5	17.1	10.4	4.0	-0.7
229	38750	Gasan-kuli	53.97	37.47	23	1983	-0.3	1.1	3.7	9.8	16.8	20.9	23.6	24.1	18.6	8.8	6.8	2.0
229	38750	Gasan-kuli	53.97	37.47	23	1984	0.0	-2.2	5.5	11.0	14.6	18.9	22.6	23.8	18.6	11.6	8.9	-0.8
229	38750	Gasan-kuli	53.97	37.47	23	1985	1.4	2.8	2.9	10.2	15.4	20.6	22.9	21.6	19.4	10.8	7.3	3.2
229	38750	Gasan-kuli	53.97	37.47	23	1986	2.5	2.7	1.8	10.4	15.3	20.0	23.0	23.1	18.8	13.4	6.1	2.6
229	38750	Gasan-kuli	53.97	37.47	23	1987	2.6	3.3	6.6	8.9	17.0	21.0	22.7	24.6	18.3	9.6	6.6	3.4
229	38750	Gasan-kuli	53.97	37.47	23	1988	2.8	2.2	6.9	12.2	16.0	21.8	24.2	23.6	19.2	13.3	8.7	4.8
229	38750	Gasan-kuli	53.97	37.47	23	1989	-0.1	-0.9	7.0	11.4	15.4	20.7	25.0	25.0	19.6	14.5	6.1	4.9
229	38750	Gasan-kuli	53.97	37.47	23	1990	-999.0	-999.0	-999.0	-999.0	-999.0	-999.0	-999.0	-999.0	-999.0	-999.0	-999.0	-999.0
229	38750	Gasan-kuli	53.97	37.47	23	1991	-999.0	-999.0	-999.0	-999.0	-999.0	-999.0	-999.0	-999.0	-999.0	-999.0	-999.0	-999.0
229	38750	Gasan-kuli	53.97	37.47	23	1992	-999.0	-999.0	-999.0	-999.0	-999.0	-999.0	-999.0	-999.0	-999.0	-999.0	-999.0	-999.0
229	38750	Gasan-kuli	53.97	37.47	23	1993	-999.0	-999.0	-999.0	-999.0	-999.0	-999.0	-999.0	-999.0	-999.0	-999.0	-999.0	-999.0
229	38750	Gasan-kuli	53.97	37.47	23	1994	3.1	0.5	5.7	11.4	16.0	20.1	23.6	25.0	17.3	12.5	9.1	1.6
229	38750	Gasan-kuli	53.97	37.47	23	1995	2.9	3.4	5.6	12.1	16.6	20.1	24.3	25.5	19.7	11.2	7.5	1.7
229	38750	Gasan-kuli	53.97	37.47	23	1996	-0.1	1.7	5.0	9.4	16.4	20.3	24.8	25.0	20.2	12.3	6.1	2.9
229	38750	Gasan-kuli	53.97	37.47	23	1997	2.0	1.2	3.7	9.6	16.0	20.7	25.4	24.5	18.5	14.9	6.1	2.9
229	38750	Gasan-kuli	53.97	37.47	23	1998	1.6	0.7	4.5	11.4	16.3	23.2	25.2	25.4	-999.0	-999.0	-999.0	3.5
229	38750	Gasan-kuli	53.97	37.47	23	1999	1.6	4.0	5.2	10.3	15.0	20.7	23.2	25.1	19.5	14.2	5.8	2.5
229	38750	Gasan-kuli	53.97	37.47	23	2000	0.5	2.5	4.7	12.6	16.4	19.0	24.2	24.6	21.8	12.6	5.6	3.9
229	38750	Gasan-kuli	53.97	37.47	23	2001	-0.1	2.0	6.8	12.1	16.5	20.2	24.1	24.1	19.1	12.3	8.2	3.8
229	38750	Gasan-kuli	53.97	37.47	23	2002	3.0	3.9	6.8	11.3	14.8	19.8	25.0	25.7	22.3	16.1	8.6	-0.4
229	38750	Gasan-kuli	53.97	37.47	23	2003	1.6	3.0	4.9	9.6	14.3	18.9	23.9	24.6	19.6	15.9	7.5	5.5
229	38763	Kizyl-arvat	56.28	38.98	97	1891	-9.9	-8.4	1.5	10.1	15.2	20.4	21.6	21.7	-999.0	-999.0	4.0	0.4
229	38763	Kizyl-arvat	56.28	38.98	97	1892	-999.0	-999.0	2.3	9.1	15.5	20.3	22.5	21.3	14.5	9.4	0.7	-0.2
229	38763	Kizyl-arvat	56.28	38.98	97	1893	-8.8	-5.7	4.4	9.4	16.6	-999.0	-999.0	-999.0	18.3	8.8	4.8	1.3
229	38763	Kizyl-arvat	56.28	38.98	97	1894	-8.5	0.5	4.4	8.0	16.9	21.4	22.8	20.9	16.4	8.8	1.5	-4.0
229	38763	Kizyl-arvat	56.28	38.98	97	1895	-7.3	1.9	6.1	-999.0	15.8	20.5	23.2	19.3	-999.0	10.8	-999.0	1.5
229	38763	Kizyl-arvat	56.28	38.98	97	1896	1.1	-1.3	4.9	-999.0	-999.0	20.5	23.3	21.9	16.1	6.3	0.9	0.5
229	38763	Kizyl-arvat	56.28	38.98	97	1897	-5.0	-0.5	1.9	9.4	16.8	21.0	-999.0	-999.0	-999.0	9.0	4.2	-0.7
229	38763	Kizyl-arvat	56.28	38.98	97	1898	-5.5	-1.7	-999.0	6.8	16.9	20.1	24.6	22.2	16.3	10.8	0.1	-0.5
229	38763	Kizyl-arvat	56.28	38.98	97	1899	-1.5	1.0	5.1	-999.0	-999.0	21.7	23.0	24.0	16.6	-999.0	2.6	-5.7
229	38763	Kizyl-arvat	56.28	38.98	97	1900	-11.1	-4.6	5.6	9.8	16.9	20.6	23.0	21.0	16.5	11.9	3.4	1.3
229	38763	Kizyl-arvat	56.28	38.98	97	1901	-2.5	-1.4	5.9	10.6	17.3	20.8	23.8	21.4	16.0	5.4	4.5	2.7
229	38763	Kizyl-arvat	56.28	38.98	97	1902	-1.2	-1.5	3.5	8.8	16.6	23.2	23.4	23.2	15.5	8.2	3.6	2.9
229	38763	Kizyl-arvat	56.28	38.98	97	1903	-3.2	2.2	-0.7	9.1	16.8	22.3	24.1	21.9	16.7	10.8	2.2	-2.3
229	38763	Kizyl-arvat	56.28	38.98	97	1904	-9.2	1.9	4.6	8.9	17.1	20.2	23.5	21.9	16.1	7.9	7.1	2.6
229	38763	Kizyl-arvat	56.28	38.98	97	1905	-4.6	-2.0	-0.3	9.4	15.4	22.3	24.1	22.8	16.8	12.4	5.5	-0.5
229	38763	Kizyl-arvat	56.28	38.98	97	1906	-3.9	-1.7	3.0	8.2	17.1	22.2	23.6	22.5	14.8	10.8	2.6	2.1
229	38763	Kizyl-arvat	56.28	38.98	97	1907	-1.2	-3.1	3.8	10.7	16.1	20.0	25.4	21.9	-999.0	-999.0	-0.3	-0.5
229	38763	Kizyl-arvat	56.28	38.98	97	1908	-999.0	-1.1	-999.0	10.1	15.2	21.6	24.5	23.2	16.8	6.9	4.6	0.5
229	38763	Kizyl-arvat	56.28	38.98	97	1909	-4.9	-0.5	4.3	10.7	15.7	19.8	22.7	22.2	15.7	8.0	6.6	0.9
229	38763	Kizyl-arvat	56.28	38.98	97	1910	-1.5	0.4	2.2	9.9	17.4	19.8	24.0	21.8	16.1	9.9	3.3	-4.8
229	38763	Kizyl-arvat	56.28	38.98	97	1911	-6.5	-0.7	2.1	9.4	16.5	21.6	24.0	21.9	15.4	6.8	2.1	-3.3
229	38763	Kizyl-arvat	56.28	38.98	97	1912	-2.9	1.9	4.1	8.8	14.9	22.4	24.0	20.9	13.8	10.3	3.4	-1.5
229	38763	Kizyl-arvat	56.28	38.98	97	1913	-1.0	-2.1	2.1	8.7	17.5	20.3	26.1	20.6	16.9	9.3	5.0	2.1
229	38763	Kizyl-arvat	56.28	38.98	97	1914	1.8	1.6	6.6	11.0	16.6	22.3	25.1	-999.0	-999.0	10.7	3.8	-1.3
229	38763	Kizyl-arvat	56.28	38.98	97	1915	0.5	-0.5	7.8	10.4	17.6	21.8	23.4	23.5	19.6	8.7	4.8	2.0
229	38763	Kizyl-arvat	56.28	38.98	97	1916	-0.7	-2.6	3.2	10.0	15.7	16.5	23.6	-999.0	-999.0	-999.0	-999.0	-999.0
229	38763	Kizyl-arvat	56.28	38.98	97	1917	-999.0	-999.0	-999.0	-999.0	-999.0	-999.0	-999.0	-999.0	-999.0	-999.0	-999.0	-999.0
229	38763	Kizyl-arvat	56.28	38.98	97	1918	-999.0	-999.0	-999.0	-999.0	-999.0	-999.0	-999.0	-999.0	-999.0	-999.0	-999.0	-999.0
229	38763	Kizyl-arvat	56.28	38.98	97	1919	-999.0	-999.0	-999.0	-999.0	-999.0	-999.0	-999.0	-999.0	-999.0	-999.0	-999.0	-999.0
229	38763	Kizyl-arvat	56.28	38.98	97	1920	-999.0	-999.0	-999.0	-999.0	-999.0	-999.0	-999.0	-999.0	-999.0	-999.0	-999.0	-999.0
229	38763	Kizyl-arvat	56.28	38.98	97	1921	-999.0	-999.0	-999.0	-999.0	-999.0	-999.0	-999.0	-999.0	-999.0	-999.0	-999.0	-999.0
229	38763	Kizyl-arvat	56.28	38.98	97	1922	-999.0	-999.0	-999.0	-999.0	-999.0	-999.0	-999.0	-999.0	-999.0	-999.0	-999.0	-999.0
229	38763	Kizyl-arvat	56.28	38.98	97	1923	-999.0	-999.0	-999.0	-999.0	-999.0	-999.0	-999.0	-999.0	-999.0	-999.0	-999.0	-999.0
229	38763	Kizyl-arvat	56.28	38.98	97	1924	-999.0	-999.0	-999.0	-999.0	-999.0	-999.0	-999.0	-999.0	-999.0	-999.0	-999.0	-999.0
229	38763	Kizyl-arvat	56.28	38.98	97	1925	-999.0	-4.1	6.8	9.0	15.3	21.2	24.2	21.7	16.8	10.9	2.0	2.3
229	38763	Kizyl-arvat	56.28	38.98	97	1926	-2.1	0.5	4.7	8.1	16.0	19.1	21.8	23.9	15.5	9.1	-0.2	1.6
229	38763	Kizyl-arvat	56.28	38.98	97	1927	-7.6	-2.2	2.7	10.1	14.2	-999.0	22.8	22.4	16.0	11.8	3.7	-0.8
229	38763	Kizyl-arvat	56.28	38.98	97	1928	-5.6	-2.2	0.8	10.8	16.1	20.9	22.0	19.4	15.8	9.1	3.0	-1.3
229	38763	Kizyl-arvat	56.28	38.98	97	1929	-7.0	-4.9	3.0	10.7	17.3	19.8	23.1	19.3	17.4	7.4	1.6	-9.6
229	38763	Kizyl-arvat	56.28	38.98	97	1930	-8.7	-4.6	4.1	9.7	16.3	21.0	24.5	20.5	15.1	8.6	4.9	-3.5
229	38763	Kizyl-arvat	56.28	38.98	97	1931	-5.2	-9.3	4.5	10.5	14.2	20.3	25.1	21.3	18.2	8.8	0.1	-1.6
229	38763	Kizyl-arvat	56.28	38.98	97	1932	-0.8	0.6	4.5	12.5	16.5	20.7	24.0	20.2	15.7	8.7	1.2	-4.5
229	38763	Kizyl-arvat	56.28	38.98	97	1933	-2.9	0.6	1.0	9.7	17.1	19.8	24.8	22.9	14.3	9.6	4.7	-1.4
229	38763	Kizyl-arvat	56.28	38.98	97	1934	-7.0	1.0	4.3	9.7	12.8	21.1	23.0	22.7	14.2	8.2	0.6	-0.2
229	38763	Kizyl-arvat	56.28	38.98	97	1935	-8.2	1.6	2.8	10.9	15.6	18.3	22.7	24.3	16.9	11.4	1.9	-2.6
229	38763	Kizyl-arvat	56.28	38.98	97	1936	-5.1	-0.8	1.0	10.1	16.0	20.5	24.0	21.6	16.6	10.9	3.8	-1.7
229	38763	Kizyl-arvat	56.28	38.98	97	1937	-3.5	-2.2	0.6	8.0	16.5	20.6	25.7	24.1	16.4	10.6	1.4	-1.5
229	38763	Kizyl-arvat	56.28	38.98	97	1938	0.5	1.7	2.4	11.6	17.7	20.0	22.5	21.5	15.8	9.2	2.5	-2.5
229	38763	Kizyl-arvat	56.28	38.98	97	1939	-0.6	0.3	3.7	9.0	16.9	23.9	23.2	22.1	15.7	8.8	5.7	2.2
229	38763	Kizyl-arvat	56.28	38.98	97	1940	-1.3	-0.1	1.8	11.3	15.1	21.8	24.4	19.8	17.2	10.3	6.1	3.2
229	38763	Kizyl-arvat	56.28	38.98	97	1941	-2.9	3.5	6.3	10.8	18.1	22.6	24.2	22.9	17.0	10.0	3.8	0.2
229	38763	Kizyl-arvat	56.28	38.98	97	1942	-0.4	-3.8	3.3	8.6	17.3	22.5	24.4	21.3	16.1	11.4	5.4	-0.7
229	38763	Kizyl-arvat	56.28	38.98	97	1943	-4.6	-2.7	1.5	9.2	16.7	20.0	24.7	22.7	15.5	8.7	1.8	1.1
229	38763	Kizyl-arvat	56.28	38.98	97	1944	0.5	2.9	8.5	10.3	16.9	21.8	25.1	22.7	15.9	9.1	2.7	-9.3
229	38763	Kizyl-arvat	56.28	38.98	97	1945	-3.4	-3.8	1.8	9.8	14.9	20.5	23.4	24.1	17.8	11.8	2.9	-0.2
229	38763	Kizyl-arvat	56.28	38.98	97	1946	-1.8	2.6	5.3	10.1	18.9	21.7	23.2	21.5	18.0	9.8	0.2	-7.4
229	38763	Kizyl-arvat	56.28	38.98	97	1947	0.9	0.0	7.4	11.1	16.0	19.5	-999.0	-999.0	15.0	10.7	7.5	-2.2
229	38763	Kizyl-arvat	56.28	38.98	97	1948	0.1	-0.1	2.9	8.4	17.0	-999.0	-999.0	-999.0	17.1	8.6	2.8	-3.7
229	38763	Kizyl-arvat	56.28	38.98	97	1949	-6.6	-1.0	2.1	9.7	16.6	22.8	25.8	22.5	16.7	6.0	2.2	-0.7
229	38763	Kizyl-arvat	56.28	38.98	97	1950	-8.0	-4.2	4.8	11.0	18.9	20.9	24.2	21.6	15.2	11.5	-0.1	-5.6
229	38763	Kizyl-arvat	56.28	38.98	97	1951	-3.3	-8.3	2.6	12.9	18.5	20.3	24.5	21.9	17.9	10.9	3.3	2.5
229	38763	Kizyl-arvat	56.28	38.98	97	1952	-1.2	2.8	3.9	10.1	16.2	20.9	24.3	22.4	16.9	10.6	0.1	-4.6
229	38763	Kizyl-arvat	56.28	38.98	97	1953	0.7	3.8	3.0	10.2	17.2	22.9	24.7	23.7	16.3	8.8	1.0	-0.8
229	38763	Kizyl-arvat	56.28	38.98	97	1954	-2.1	-3.4	-0.2	10.3	17.5	19.8	25.4	22.6	15.9	11.2	1.8	-0.1
229	38763	Kizyl-arvat	56.28	38.98	97	1955	-0.5	3.6	4.9	9.8	16.7	21.8	25.4	23.6	18.5	9.2	5.6	2.0
229	38763	Kizyl-arvat	56.28	38.98	97	1956	-3.7	-1.6	3.2	-999.0	15.4	20.5	25.1	23.9	17.4	8.9	5.4	-2.3
229	38763	Kizyl-arvat	56.28	38.98	97	1957	-5.0	0.5	4.1	9.6	17.2	20.8	22.2	21.6	16.9	10.5	2.2	0.5
229	38763	Kizyl-arvat	56.28	38.98	97	1958	2.2	2.2	6.3	10.2	16.8	22.3	24.4	22.2	16.3	9.4	-1.2	1.2
229	38763	Kizyl-arvat	56.28	38.98	97	1959	-2.2	-1.2	2.6	12.7	16.7	21.2	23.4	24.7	19.1	9.3	0.2	-6.1
229	38763	Kizyl-arvat	56.28	38.98	97	1960	0.1	2.2	-0.6	9.6	14.9	21.9	24.3	24.5	17.1	11.3	2.4	-1.4
229	38763	Kizyl-arvat	56.28	38.98	97	1961	-1.6	-1.0	4.8	10.7	20.2	22.4	25.6	23.9	17.3	8.5	4.8	2.5
229	38763	Kizyl-arvat	56.28	38.98	97	1962	-1.9	1.9	6.6	10.8	17.1	21.5	26.0	21.3	15.0	8.5	0.6	-0.4
229	38763	Kizyl-arvat	56.28	38.98	97	1963	1.1	3.4	3.5	12.7	16.9	21.7	25.2	23.2	17.9	11.4	3.7	-3.3
229	38763	Kizyl-arvat	56.28	38.98	97	1964	-4.1	0.3	5.2	9.2	16.7	21.7	24.9	23.9	17.7	6.4	3.1	-5.6
229	38763	Kizyl-arvat	56.28	38.98	97	1965	-2.6	-0.7	2.8	7.9	16.5	21.1	24.8	22.8	16.5	9.8	5.3	1.1
229	38763	Kizyl-arvat	56.28	38.98	97	1966	1.4	2.0	4.8	10.5	15.8	22.1	23.7	23.4	15.8	8.8	1.3	-2.0
229	38763	Kizyl-arvat	56.28	38.98	97	1967	-4.0	-2.4	3.0	10.2	17.2	19.7	23.9	22.9	17.1	9.4	5.6	0.4
229	38763	Kizyl-arvat	56.28	38.98	97	1968	-0.8	-2.4	4.7	8.6	17.2	20.2	23.7	22.4	16.6	9.8	4.2	0.5
229	38763	Kizyl-arvat	56.28	38.98	97	1969	-10.9	-13.1	3.4	8.4	15.3	21.2	22.2	21.1	16.3	9.0	2.5	2.9
229	38763	Kizyl-arvat	56.28	38.98	97	1970	-2.0	1.7	4.4	11.7	17.7	20.5	23.9	24.7	16.9	9.6	4.8	-1.5
229	38763	Kizyl-arvat	56.28	38.98	97	1971	-2.7	-1.2	5.6	9.0	17.8	20.7	24.8	22.0	16.7	9.7	6.6	3.2
229	38763	Kizyl-arvat	56.28	38.98	97	1972	-9.8	-9.9	1.6	12.0	15.5	22.1	24.0	20.1	18.0	11.8	5.4	-3.5
229	38763	Kizyl-arvat	56.28	38.98	97	1973	-5.4	0.4	4.5	11.2	16.2	22.4	24.6	25.0	16.4	11.3	4.3	-0.1
229	38763	Kizyl-arvat	56.28	38.98	97	1974	-5.3	-4.5	4.0	9.3	17.2	22.1	23.5	21.1	16.4	7.8	6.2	-2.5
229	38763	Kizyl-arvat	56.28	38.98	97	1975	-1.6	-1.7	3.5	11.0	18.4	23.4	26.5	23.2	18.1	9.2	1.1	-1.8
229	38763	Kizyl-arvat	56.28	38.98	97	1976	0.3	-7.3	0.7	10.6	17.4	22.3	25.1	22.9	18.0	7.6	-0.5	-2.7
229	38763	Kizyl-arvat	56.28	38.98	97	1977	-12.0	-0.9	7.3	12.8	17.6	24.1	25.2	23.0	18.4	8.5	6.5	0.7
229	38763	Kizyl-arvat	56.28	38.98	97	1978	-1.5	-3.0	4.7	11.3	15.0	19.7	24.5	21.5	19.3	10.5	2.4	2.6
229	38763	Kizyl-arvat	56.28	38.98	97	1979	-3.1	1.1	4.9	11.8	14.8	20.2	25.3	21.6	18.1	12.8	2.5	1.7
229	38763	Kizyl-arvat	56.28	38.98	97	1980	-3.9	-4.0	3.1	12.7	17.2	21.9	25.6	21.8	16.5	8.7	6.7	2.6
229	38763	Kizyl-arvat	56.28	38.98	97	1981	0.9	0.8	7.0	9.8	15.8	21.4	25.2	23.1	17.1	8.7	4.8	0.1
229	38763	Kizyl-arvat	56.28	38.98	97	1982	-3.4	-2.3	2.1	12.8	17.5	21.5	25.0	21.1	15.0	9.0	1.8	-2.9
229	38763	Kizyl-arvat	56.28	38.98	97	1983	-1.2	0.5	2.6	10.8	18.7	22.8	27.3	24.4	18.2	8.6	5.9	0.3
229	38763	Kizyl-arvat	56.28	38.98	97	1984	-2.5	-9.7	4.3	11.6	16.2	21.8	26.7	25.1	16.4	9.8	5.7	-6.6
229	38763	Kizyl-arvat	56.28	38.98	97	1985	-3.0	2.0	1.6	11.8	18.0	23.9	25.2	21.9	17.2	8.0	4.0	1.6
229	38763	Kizyl-arvat	56.28	38.98	97	1986	0.7	0.1	0.6	11.2	17.2	21.5	25.5	23.1	17.8	10.0	2.6	1.0
229	38763	Kizyl-arvat	56.28	38.98	97	1987	0.6	1.2	5.3	8.7	19.4	23.7	25.4	25.2	16.3	6.1	3.5	0.6
229	38763	Kizyl-arvat	56.28	38.98	97	1988	-1.2	-1.4	5.3	12.0	16.1	22.9	24.5	22.1	16.8	9.2	6.1	2.0
229	38763	Kizyl-arvat	56.28	38.98	97	1989	-2.1	-2.4	5.3	10.7	15.5	23.1	26.6	24.8	16.6	12.4	3.3	3.5
229	38763	Kizyl-arvat	56.28	38.98	97	1990	-999.0	-999.0	-999.0	-999.0	-999.0	-999.0	-999.0	-999.0	-999.0	-999.0	-999.0	-999.0
229	38763	Kizyl-arvat	56.28	38.98	97	1991	-999.0	-999.0	-999.0	-999.0	-999.0	-999.0	-999.0	-999.0	-999.0	-999.0	-999.0	-999.0
229	38763	Kizyl-arvat	56.28	38.98	97	1992	-999.0	-999.0	-999.0	-999.0	-999.0	-999.0	-999.0	-999.0	-999.0	-999.0	-999.0	-999.0
229	38763	Kizyl-arvat	56.28	38.98	97	1993	-999.0	-999.0	-999.0	-999.0	-999.0	-999.0	-999.0	-999.0	-999.0	-999.0	-999.0	-999.0
229	38763	Kizyl-arvat	56.28	38.98	97	1994	1.6	-3.3	5.0	10.4	18.0	21.8	25.0	25.8	14.8	10.0	7.7	-0.9
229	38763	Kizyl-arvat	56.28	38.98	97	1995	-0.3	1.3	3.9	13.2	16.5	22.5	26.1	24.8	17.8	8.8	6.7	-1.8
229	38763	Kizyl-arvat	56.28	38.98	97	1996	-4.5	-2.9	3.0	9.0	17.7	21.8	26.1	22.7	18.9	10.9	3.6	0.1
229	38763	Kizyl-arvat	56.28	38.98	97	1997	0.2	-0.5	4.0	11.5	17.4	24.0	25.8	24.4	17.0	13.5	1.2	0.3
229	38763	Kizyl-arvat	56.28	38.98	97	1998	-1.0	-0.7	4.1	11.8	16.7	24.2	26.0	24.9	-999.0	-999.0	-999.0	2.0
229	38763	Kizyl-arvat	56.28	38.98	97	1999	0.3	3.1	3.9	10.9	16.4	22.2	23.6	24.6	17.0	11.2	4.3	1.9
229	38763	Kizyl-arvat	56.28	38.98	97	2000	-1.3	1.3	4.0	14.3	17.4	21.0	25.2	23.9	18.6	9.3	1.8	3.2
229	38763	Kizyl-arvat	56.28	38.98	97	2001	-2.9	0.6	6.5	13.6	19.4	23.0	24.9	24.2	17.2	9.7	6.1	1.1
229	38763	Kizyl-arvat	56.28	38.98	97	2002	1.7	2.5	6.6	10.5	15.2	21.9	25.2	24.4	18.8	13.7	6.1	-5.0
229	38763	Kizyl-arvat	56.28	38.98	97	2003	0.2	2.1	4.2	9.4	15.4	19.7	25.3	23.7	17.1	12.9	4.9	1.2
229	38507	Krasnovodsk	52.98	40.03	89	1936	0.8	1.2	2.9	9.9	-999.0	-999.0	25.6	25.8	19.0	14.3	9.0	2.8
229	38507	Krasnovodsk	52.98	40.03	89	1937	0.0	0.8	2.8	10.0	15.1	18.4	26.0	27.1	22.8	15.2	6.7	3.6
229	38507	Krasnovodsk	52.98	40.03	89	1938	3.5	3.3	4.2	11.5	16.4	20.7	26.4	25.7	21.8	15.1	8.3	1.8
229	38507	Krasnovodsk	52.98	40.03	89	1939	1.9	3.2	5.1	10.0	18.3	21.6	24.6	25.5	19.5	11.9	9.7	5.6
229	38507	Krasnovodsk	52.98	40.03	89	1940	0.8	1.5	4.5	11.3	14.9	21.7	24.8	27.5	21.3	14.5	9.6	5.5
229	38507	Krasnovodsk	52.98	40.03	89	1941	0.0	5.0	7.2	11.8	17.4	21.6	27.0	23.9	21.2	13.9	7.4	3.1
229	38507	Krasnovodsk	52.98	40.03	89	1942	2.6	-1.1	3.4	8.8	16.3	21.8	25.2	25.1	19.6	15.0	8.6	-999.0
229	38507	Krasnovodsk	52.98	40.03	89	1943	-0.4	-0.6	2.3	11.4	-999.0	-999.0	-999.0	-999.0	-999.0	14.2	7.2	4.5
229	38507	Krasnovodsk	52.98	40.03	89	1944	3.1	5.5	8.8	11.1	16.7	22.4	22.8	-999.0	20.9	14.6	8.9	-3.6
229	38507	Krasnovodsk	52.98	40.03	89	1945	-999.0	0.1	4.5	9.3	-999.0	-999.0	-999.0	-999.0	-999.0	14.8	6.6	2.8
229	38507	Krasnovodsk	52.98	40.03	89	1946	-999.0	-999.0	-999.0	-999.0	-999.0	-999.0	-999.0	-999.0	-999.0	-999.0	-999.0	-999.0
229	38507	Krasnovodsk	52.98	40.03	89	1947	2.4	2.1	7.5	11.5	14.9	19.3	-999.0	22.1	19.2	14.1	11.3	4.9
229	38507	Krasnovodsk	52.98	40.03	89	1948	4.8	-999.0	4.6	9.3	-999.0	-999.0	-999.0	-999.0	-999.0	-999.0	8.0	-0.2
229	38507	Krasnovodsk	52.98	40.03	89	1949	-1.6	0.5	4.0	8.8	-999.0	-999.0	-999.0	-999.0	19.6	10.6	7.4	3.9
229	38507	Krasnovodsk	52.98	40.03	89	1950	-3.1	0.6	6.3	12.5	17.4	18.9	-999.0	-999.0	-999.0	15.0	5.0	0.0
229	38507	Krasnovodsk	52.98	40.03	89	1951	-0.3	-3.2	5.9	13.8	17.1	-999.0	-999.0	-999.0	18.0	12.3	7.4	5.1
229	38507	Krasnovodsk	52.98	40.03	89	1952	1.9	4.1	4.4	9.5	15.1	19.3	-999.0	-999.0	-999.0	16.1	4.4	0.2
229	38507	Krasnovodsk	52.98	40.03	89	1953	3.5	5.6	4.5	11.5	16.2	22.9	24.3	26.8	19.5	11.8	3.3	0.7
229	38507	Krasnovodsk	52.98	40.03	89	1954	0.9	-1.2	1.5	8.3	17.6	22.6	26.6	25.4	21.2	16.3	8.5	3.6
229	38507	Krasnovodsk	52.98	40.03	89	1955	3.1	6.0	5.4	9.9	17.2	22.5	24.7	25.3	20.8	15.6	8.5	4.4
229	38507	Krasnovodsk	52.98	40.03	89	1956	1.1	1.0	3.6	10.9	14.0	20.4	23.4	25.7	18.9	14.4	8.4	2.5
229	38507	Krasnovodsk	52.98	40.03	89	1957	-1.5	3.9	5.3	13.0	19.6	22.1	23.2	24.9	23.1	13.5	5.8	4.0
229	38507	Krasnovodsk	52.98	40.03	89	1958	4.5	5.4	7.2	9.9	19.1	-999.0	-999.0	-999.0	-999.0	-999.0	-999.0	-999.0
229	38507	Krasnovodsk	52.98	40.03	89	1959	-999.0	-999.0	-999.0	-999.0	-999.0	-999.0	-999.0	-999.0	-999.0	-999.0	-999.0	-999.0
229	38507	Krasnovodsk	52.98	40.03	89	1960	-999.0	-999.0	-999.0	-999.0	-999.0	-999.0	-999.0	-999.0	-999.0	15.3	7.2	3.6
229	38507	Krasnovodsk	52.98	40.03	89	1961	1.8	3.1	5.9	11.7	18.9	23.4	24.6	24.1	19.0	11.9	9.1	6.3
229	38507	Krasnovodsk	52.98	40.03	89	1962	2.2	4.7	8.7	12.0	16.9	21.1	26.0	24.3	18.7	12.8	4.7	2.5
229	38507	Krasnovodsk	52.98	40.03	89	1963	3.3	4.3	5.0	11.2	16.0	19.9	24.9	23.5	20.4	15.3	7.4	1.4
229	38507	Krasnovodsk	52.98	40.03	89	1964	-1.4	2.9	5.7	9.8	17.1	22.3	23.3	22.4	19.1	11.9	8.4	0.1
229	38507	Krasnovodsk	52.98	40.03	89	1965	-0.1	2.3	5.6	8.3	17.1	21.1	24.4	23.5	19.7	11.7	9.4	6.5
229	38507	Krasnovodsk	52.98	40.03	89	1966	3.4	3.3	4.3	10.0	13.9	19.0	22.7	23.2	15.1	9.3	3.9	1.2
229	38507	Krasnovodsk	52.98	40.03	89	1967	0.2	-1.3	2.9	7.8	14.9	17.3	21.0	23.1	15.5	10.8	7.5	3.3
229	38507	Krasnovodsk	52.98	40.03	89	1968	2.0	-0.8	2.9	8.3	16.6	16.7	20.6	20.6	17.3	10.4	5.8	1.3
229	38507	Krasnovodsk	52.98	40.03	89	1969	-8.1	-9.3	1.8	7.1	13.0	19.1	18.5	20.0	15.0	10.0	2.9	3.4
229	38507	Krasnovodsk	52.98	40.03	89	1970	-2.0	2.3	4.0	9.7	14.3	16.9	22.0	22.6	15.7	10.0	6.2	-0.3
229	38507	Krasnovodsk	52.98	40.03	89	1971	-1.6	-1.0	3.6	7.2	14.9	18.7	24.0	22.0	17.1	9.6	6.1	3.3
229	38507	Krasnovodsk	52.98	40.03	89	1972	-5.8	-6.5	0.8	9.1	13.7	19.8	22.7	21.3	16.5	11.9	7.0	-2.0
229	38507	Krasnovodsk	52.98	40.03	89	1973	-3.6	1.4	3.0	9.2	13.7	17.3	21.0	21.4	13.5	10.6	5.1	1.6
229	38507	Krasnovodsk	52.98	40.03	89	1974	-3.2	-3.4	1.6	6.4	13.5	17.3	19.1	19.9	16.4	8.6	6.2	-0.7
229	38507	Krasnovodsk	52.98	40.03	89	1975	-0.7	-1.0	1.7	9.4	15.3	20.6	23.7	21.6	17.2	8.9	1.7	-0.9
229	38507	Krasnovodsk	52.98	40.03	89	1976	0.9	-5.3	0.1	9.1	13.4	18.0	20.8	23.5	17.4	7.4	1.1	-0.6
229	38507	Krasnovodsk	52.98	40.03	89	1977	-8.1	-1.2	5.1	8.4	15.1	19.7	22.3	21.1	16.9	7.6	5.7	0.6
229	38507	Krasnovodsk	52.98	40.03	89	1978	-0.4	-1.7	3.4	8.1	11.7	16.1	20.0	21.0	17.5	11.1	3.3	3.7
229	38507	Krasnovodsk	52.98	40.03	89	1979	-2.0	0.9	4.1	8.8	13.9	17.3	22.7	21.2	17.1	11.9	4.0	2.7
229	38507	Krasnovodsk	52.98	40.03	89	1980	-2.9	-3.5	2.4	8.9	13.7	17.9	22.7	21.2	15.5	9.1	7.1	3.1
229	38507	Krasnovodsk	52.98	40.03	89	1981	2.0	0.6	5.4	7.7	13.1	17.6	21.9	22.1	16.8	9.9	5.6	2.6
229	38507	Krasnovodsk	52.98	40.03	89	1982	-2.1	-2.8	0.9	9.7	13.4	17.8	22.4	20.0	16.8	8.0	1.2	0.2
229	38507	Krasnovodsk	52.98	40.03	89	1983	0.3	1.5	2.2	9.4	16.3	18.7	23.3	21.5	16.6	9.0	5.5	0.7
229	38507	Krasnovodsk	52.98	40.03	89	1984	-1.8	-7.2	3.1	9.7	13.4	17.9	23.7	21.1	16.9	10.2	5.9	-4.8
229	38507	Krasnovodsk	52.98	40.03	89	1985	-1.7	1.3	-0.2	7.8	14.0	19.1	20.6	21.0	16.8	8.4	4.6	1.8
229	38507	Krasnovodsk	52.98	40.03	89	1986	1.3	0.8	-0.1	10.4	13.0	18.7	22.2	21.9	17.0	10.5	4.5	2.3
229	38507	Krasnovodsk	52.98	40.03	89	1987	1.8	1.0	2.8	5.3	14.6	20.8	21.4	21.1	14.8	5.4	3.5	1.5
229	38507	Krasnovodsk	52.98	40.03	89	1988	0.1	-1.3	4.4	9.4	13.1	20.9	21.8	20.7	15.7	9.9	6.2	3.8
229	38507	Krasnovodsk	52.98	40.03	89	1989	-1.3	-1.6	3.9	8.6	12.3	19.0	23.9	22.0	16.2	11.3	5.0	2.6
229	38507	Krasnovodsk	52.98	40.03	89	1990	-999.0	-999.0	-999.0	-999.0	-999.0	-999.0	-999.0	-999.0	-999.0	-999.0	-999.0	-999.0
229	38507	Krasnovodsk	52.98	40.03	89	1991	-999.0	-999.0	-999.0	-999.0	-999.0	-999.0	-999.0	-999.0	-999.0	-999.0	-999.0	-999.0
229	38507	Krasnovodsk	52.98	40.03	89	1991	-999.0	-999.0	-999.0	-999.0	-999.0	-999.0	-999.0	-999.0	-999.0	-999.0	-999.0	-999.0
229	38507	Krasnovodsk	52.98	40.03	89	1992	-999.0	-999.0	-999.0	-999.0	-999.0	-999.0	-999.0	-999.0	-999.0	-999.0	-999.0	-999.0
229	38507	Krasnovodsk	52.98	40.03	89	1993	-999.0	-999.0	-999.0	-999.0	-999.0	-999.0	-999.0	-999.0	-999.0	-999.0	-999.0	-999.0
229	38507	Krasnovodsk	52.98	40.03	89	1994	1.0	-3.2	3.0	7.5	12.7	16.8	19.8	21.4	15.0	9.3	6.7	-0.6
229	38507	Krasnovodsk	52.98	40.03	89	1995	1.0	0.8	3.0	10.1	14.8	18.6	21.8	22.4	16.7	8.2	6.6	0.6
229	38507	Krasnovodsk	52.98	40.03	89	1996	-4.2	-2.9	0.6	6.2	15.8	16.7	22.3	22.0	17.0	9.6	3.7	2.3
229	38507	Krasnovodsk	52.98	40.03	89	1997	0.3	-1.2	1.5	7.3	13.4	18.6	21.3	22.3	14.6	12.1	3.7	0.8
229	38507	Krasnovodsk	52.98	40.03	89	1998	-1.7	-2.5	2.2	9.3	13.7	22.1	22.4	23.2	-999.0	-999.0	-999.0	2.1
229	38507	Krasnovodsk	52.98	40.03	89	1999	-0.3	2.0	2.8	8.2	12.3	18.7	20.8	24.5	16.6	11.7	3.3	2.4
229	38507	Krasnovodsk	52.98	40.03	89	2000	-0.4	1.1	2.5	10.6	13.0	18.2	23.5	23.2	17.5	8.8	3.0	2.8
229	38507	Krasnovodsk	52.98	40.03	89	2001	-1.9	1.5	4.6	10.1	13.7	18.2	22.4	20.4	16.1	8.2	6.1	1.7
229	38507	Krasnovodsk	52.98	40.03	89	2002	2.1	2.1	5.9	8.1	11.9	17.2	23.7	22.3	18.5	12.2	5.8	-5.5
229	38507	Krasnovodsk	52.98	40.03	89	2003	-0.1	0.6	1.6	6.2	12.8	15.8	22.1	22.7	16.8	12.3	4.7	1.8
229	38987	Kushka	62.35	35.28	57	1904	-999.0	-999.0	-999.0	-999.0	-999.0	-999.0	-999.0	-999.0	-999.0	3.0	3.8	0.6
229	38987	Kushka	62.35	35.28	57	1905	-9.5	-2.3	0.0	11.0	13.5	18.2	19.6	14.2	6.0	3.7	0.7	-2.4
229	38987	Kushka	62.35	35.28	57	1906	-1.4	-3.6	2.3	7.0	12.4	17.8	17.4	11.9	7.9	0.5	4.6	-0.5
229	38987	Kushka	62.35	35.28	57	1907	-4.7	2.2	-999.0	-999.0	-999.0	14.9	19.5	12.2	6.3	1.9	-1.3	-2.1
229	38987	Kushka	62.35	35.28	57	1908	-999.0	-2.3	3.8	7.1	12.0	17.7	18.4	13.1	7.0	-999.0	-0.2	-3.5
229	38987	Kushka	62.35	35.28	57	1909	-999.0	-999.0	-999.0	-999.0	-999.0	-999.0	-999.0	-999.0	-999.0	-999.0	-999.0	-999.0
229	38987	Kushka	62.35	35.28	57	1910	-999.0	-999.0	-999.0	-999.0	-999.0	-999.0	-999.0	-999.0	-999.0	-999.0	-999.0	-999.0
229	38987	Kushka	62.35	35.28	57	1911	-999.0	-999.0	-999.0	-999.0	-999.0	-999.0	-999.0	-999.0	-999.0	-999.0	-999.0	-999.0
229	38987	Kushka	62.35	35.28	57	1912	-999.0	-999.0	-999.0	-999.0	-999.0	-999.0	-999.0	-999.0	-999.0	-999.0	-999.0	-999.0
229	38987	Kushka	62.35	35.28	57	1913	-999.0	-999.0	-999.0	-999.0	-999.0	-999.0	-999.0	-999.0	9.0	7.3	3.6	1.9
229	38987	Kushka	62.35	35.28	57	1914	2.6	-1.0	3.9	9.1	11.8	18.0	16.7	14.8	10.2	6.6	6.1	-2.7
229	38987	Kushka	62.35	35.28	57	1915	-1.2	-2.3	7.0	9.1	13.6	16.3	17.1	16.4	11.3	3.5	1.4	-0.4
229	38987	Kushka	62.35	35.28	57	1916	0.4	-3.5	3.8	8.9	10.8	12.0	16.3	16.5	9.0	1.2	-5.0	-2.2
229	38987	Kushka	62.35	35.28	57	1917	0.6	1.7	0.8	5.0	15.2	15.9	17.6	16.8	9.0	2.6	-2.2	-5.3
229	38987	Kushka	62.35	35.28	57	1918	-1.4	0.6	2.5	5.7	12.8	14.4	17.7	13.9	9.1	-999.0	-999.0	-999.0
229	38987	Kushka	62.35	35.28	57	1919	-999.0	-999.0	-999.0	-999.0	-999.0	-999.0	-999.0	-999.0	-999.0	-999.0	-999.0	-999.0
229	38987	Kushka	62.35	35.28	57	1920	-999.0	-999.0	-999.0	-999.0	-999.0	-999.0	-999.0	-999.0	-999.0	-999.0	-999.0	-999.0
229	38987	Kushka	62.35	35.28	57	1921	-999.0	-999.0	-999.0	-999.0	-999.0	-999.0	17.2	-999.0	7.7	4.3	2.1	2.5
229	38987	Kushka	62.35	35.28	57	1922	0.9	-3.0	3.6	8.2	10.8	14.5	16.1	14.4	9.8	-999.0	-999.0	-999.0
229	38987	Kushka	62.35	35.28	57	1923	-999.0	-1.1	4.5	7.0	8.6	-999.0	13.5	14.6	5.7	4.7	-2.2	-5.6
229	38987	Kushka	62.35	35.28	57	1924	-1.8	-0.3	4.0	8.6	6.3	-999.0	15.8	-999.0	6.1	2.9	-0.1	-3.1
229	38987	Kushka	62.35	35.28	57	1925	-6.2	-6.0	3.8	6.5	9.9	13.9	-999.0	-999.0	-999.0	7.0	0.8	-1.0
229	38987	Kushka	62.35	35.28	57	1926	-1.2	1.2	2.5	4.6	-999.0	-999.0	-999.0	-999.0	-999.0	-999.0	-999.0	-999.0
229	38987	Kushka	62.35	35.28	57	1927	-999.0	-2.6	-0.2	7.1	12.0	14.5	18.8	15.6	10.5	5.7	-0.4	1.0
229	38987	Kushka	62.35	35.28	57	1928	-2.9	-1.0	0.5	9.5	11.5	14.7	16.5	15.0	7.5	4.1	0.4	-0.5
229	38987	Kushka	62.35	35.28	57	1929	-5.5	-1.5	4.2	9.0	11.0	14.4	17.3	12.9	11.4	3.6	-0.3	-8.5
229	38987	Kushka	62.35	35.28	57	1930	-12.1	-4.3	2.1	8.3	11.8	15.7	17.7	13.4	7.9	5.2	1.8	-1.4
229	38987	Kushka	62.35	35.28	57	1931	-3.1	-6.3	3.3	10.0	11.1	13.2	16.4	15.5	9.9	3.9	0.9	-1.9
229	38987	Kushka	62.35	35.28	57	1932	-2.3	0.2	5.1	8.9	10.5	14.2	19.3	13.9	9.1	2.9	-0.5	-7.9
229	38987	Kushka	62.35	35.28	57	1933	-7.6	1.1	1.3	7.4	12.2	14.9	18.7	15.4	7.4	3.3	3.1	2.7
229	38987	Kushka	62.35	35.28	57	1934	-10.4	0.0	2.9	8.1	9.6	15.2	16.6	16.0	7.9	2.5	-1.8	1.8
229	38987	Kushka	62.35	35.28	57	1935	-5.2	2.2	3.2	7.2	11.0	14.0	16.9	15.5	8.9	5.5	0.8	0.0
229	38987	Kushka	62.35	35.28	57	1936	-4.1	1.1	1.7	8.0	12.6	15.9	17.3	14.0	10.2	7.5	1.0	-3.1
229	38987	Kushka	62.35	35.28	57	1937	-5.2	0.0	0.5	5.4	13.2	15.3	18.2	14.7	10.0	4.1	-1.1	-4.1
229	38987	Kushka	62.35	35.28	57	1938	0.7	2.6	2.4	9.1	13.0	13.5	15.8	14.2	8.6	3.0	0.3	0.7
229	38987	Kushka	62.35	35.28	57	1939	-1.1	-0.3	2.3	5.7	10.7	16.5	16.8	13.4	9.3	5.2	2.1	1.7
229	38987	Kushka	62.35	35.28	57	1940	-0.3	2.9	0.8	7.1	11.8	15.5	17.6	14.5	9.9	7.8	2.1	1.7
229	38987	Kushka	62.35	35.28	57	1941	-1.3	4.4	6.4	10.5	13.7	16.7	-999.0	16.2	10.2	7.5	1.4	1.0
229	38987	Kushka	62.35	35.28	57	1942	1.1	0.1	4.2	7.2	12.7	15.0	18.1	13.9	8.0	6.7	3.9	-2.1
229	38987	Kushka	62.35	35.28	57	1943	-4.8	-0.5	1.5	7.4	11.0	13.6	-999.0	-999.0	-999.0	-999.0	-999.0	1.9
229	38987	Kushka	62.35	35.28	57	1944	1.0	0.4	6.6	7.8	12.2	15.2	18.7	15.3	9.3	4.9	2.0	-8.2
229	38987	Kushka	62.35	35.28	57	1945	-3.3	-1.6	2.4	7.4	10.3	15.5	16.4	16.4	9.7	4.7	1.6	-1.9
229	38987	Kushka	62.35	35.28	57	1946	-3.7	2.1	5.5	8.6	14.5	14.9	16.7	15.5	10.0	7.3	-3.3	-6.4
229	38987	Kushka	62.35	35.28	57	1947	2.3	1.3	6.7	7.6	10.8	14.1	16.4	16.6	9.4	5.1	5.0	-1.2
229	38987	Kushka	62.35	35.28	57	1948	-0.6	0.7	2.8	8.5	13.0	16.4	18.7	15.4	9.8	4.1	-0.2	-4.2
229	38987	Kushka	62.35	35.28	57	1949	-7.0	1.2	3.7	8.1	10.7	14.3	16.5	14.9	7.7	0.8	-3.4	-2.5
229	38987	Kushka	62.35	35.28	57	1950	-3.8	-4.3	2.7	5.8	12.7	14.8	17.6	14.8	7.3	5.4	-3.6	-3.1
229	38987	Kushka	62.35	35.28	57	1951	-2.2	-5.1	1.8	8.4	13.6	12.8	16.9	14.3	11.4	9.7	1.3	2.2
229	38987	Kushka	62.35	35.28	57	1952	-0.9	4.2	4.5	9.1	11.5	15.6	17.8	15.2	9.2	3.2	-1.5	-2.3
229	38987	Kushka	62.35	35.28	57	1953	0.6	3.4	3.6	8.5	12.8	15.3	18.8	14.8	9.5	4.7	1.3	-1.7
229	38987	Kushka	62.35	35.28	57	1954	0.3	-0.5	2.5	10.2	11.8	13.3	17.1	14.3	8.6	4.1	1.1	-1.1
229	38987	Kushka	62.35	35.28	57	1955	0.3	2.2	5.3	7.4	11.0	15.1	17.8	17.0	10.2	2.5	2.3	3.2
229	38987	Kushka	62.35	35.28	57	1956	-1.4	0.8	3.3	10.0	12.0	13.4	19.7	15.0	10.4	3.0	1.2	-1.8
229	38987	Kushka	62.35	35.28	57	1957	-5.4	-3.5	4.8	6.6	11.7	14.1	15.9	14.2	7.9	5.0	1.3	1.9
229	38987	Kushka	62.35	35.28	57	1958	1.5	-0.1	5.9	10.5	10.7	16.3	18.0	15.6	10.6	4.7	-3.1	1.4
229	38987	Kushka	62.35	35.28	57	1959	-4.3	-3.4	3.6	10.2	11.3	14.9	17.1	17.3	12.2	5.9	-1.0	-4.2
229	38987	Kushka	62.35	35.28	57	1960	-0.8	2.7	-2.1	7.8	10.6	15.8	17.9	15.3	10.3	4.9	0.5	-3.9
229	38987	Kushka	62.35	35.28	57	1961	-0.4	-1.8	4.0	7.7	13.7	14.2	19.3	16.1	11.4	2.9	1.8	1.4
229	38987	Kushka	62.35	35.28	57	1962	-1.5	3.0	5.6	9.3	12.6	15.1	18.8	15.5	9.3	5.5	-1.2	0.2
229	38987	Kushka	62.35	35.28	57	1963	0.1	5.0	3.5	11.2	15.2	17.7	19.4	15.9	11.2	7.9	3.6	-3.7
229	38987	Kushka	62.35	35.28	57	1964	-999.0	0.9	6.4	9.0	10.9	14.1	17.9	14.8	9.2	0.2	-0.6	-6.7
229	38987	Kushka	62.35	35.28	57	1965	-1.1	0.4	3.0	8.0	12.5	15.1	18.5	15.3	9.8	8.4	4.9	-1.1
229	38987	Kushka	62.35	35.28	57	1966	1.3	3.7	3.9	8.2	11.3	17.5	17.9	16.0	10.7	6.2	-2.3	-2.0
229	38987	Kushka	62.35	35.28	57	1967	-7.9	-2.6	2.8	9.0	11.3	14.7	17.7	15.8	11.3	5.8	4.1	0.8
229	38987	Kushka	62.35	35.28	57	1968	-0.8	-0.9	4.2	7.8	11.2	15.8	17.6	15.2	9.5	6.2	3.9	2.3
229	38987	Kushka	62.35	35.28	57	1969	-7.8	-6.3	5.3	8.5	11.5	14.9	18.2	14.2	9.7	7.6	1.3	1.7
229	38987	Kushka	62.35	35.28	57	1970	-1.7	3.3	2.9	10.1	12.8	15.0	17.1	17.6	9.4	5.2	2.3	-2.7
229	38987	Kushka	62.35	35.28	57	1971	-4.7	0.4	5.2	9.3	13.1	17.3	18.3	15.4	10.2	5.7	5.4	2.6
229	38987	Kushka	62.35	35.28	57	1972	-8.5	-999.0	1.4	9.2	11.9	15.8	15.1	12.3	9.7	4.4	2.8	-4.0
229	38987	Kushka	62.35	35.28	57	1973	-6.3	2.4	3.9	10.5	11.7	17.2	17.9	16.1	8.7	4.8	0.3	-2.0
229	38987	Kushka	62.35	35.28	57	1974	-5.7	-4.8	4.0	8.6	11.3	15.0	18.2	13.0	9.3	1.5	1.2	-1.5
229	38987	Kushka	62.35	35.28	57	1975	-2.1	-0.4	3.9	8.8	12.4	15.6	18.0	16.0	10.5	3.5	-1.1	-1.9
229	38987	Kushka	62.35	35.28	57	1976	2.2	-2.4	1.2	10.1	13.6	14.7	17.7	14.9	10.4	5.6	-3.2	-1.6
229	38987	Kushka	62.35	35.28	57	1977	-7.0	-0.1	5.5	10.3	13.0	18.4	18.7	16.0	10.3	7.7	6.2	1.3
229	38987	Kushka	62.35	35.28	57	1978	-3.3	-0.5	2.9	9.3	12.5	15.9	17.5	14.3	10.0	6.4	1.8	3.4
229	38987	Kushka	62.35	35.28	57	1979	-0.9	2.6	3.3	11.2	9.2	15.0	18.3	15.5	11.0	8.5	-0.6	1.0
229	38987	Kushka	62.35	35.28	57	1980	-3.4	-3.2	4.8	11.9	14.1	16.1	17.6	15.7	10.0	6.3	5.7	1.1
229	38987	Kushka	62.35	35.28	57	1981	1.4	1.9	7.1	9.8	13.7	15.9	19.4	16.4	11.1	5.3	2.4	2.5
229	38987	Kushka	62.35	35.28	57	1982	-2.0	0.2	3.2	9.5	12.9	15.8	17.1	15.7	9.3	7.8	2.2	-1.6
229	38987	Kushka	62.35	35.28	57	1983	-1.3	1.0	1.8	9.2	13.2	17.1	20.1	18.4	12.2	4.3	3.9	0.3
229	38987	Kushka	62.35	35.28	57	1984	-0.3	-5.6	6.3	9.1	12.8	16.9	20.1	19.3	10.1	4.7	4.9	-4.0
229	38987	Kushka	62.35	35.28	57	1985	-0.3	2.6	2.7	9.9	13.1	18.1	20.4	16.0	10.3	5.8	2.8	0.0
229	38987	Kushka	62.35	35.28	57	1986	-1.6	0.3	1.0	8.1	13.7	17.0	19.1	15.5	11.6	8.1	3.4	0.9
229	38987	Kushka	62.35	35.28	57	1987	0.8	1.0	7.2	8.5	13.3	16.4	19.5	18.1	12.5	4.2	2.5	0.7
229	38987	Kushka	62.35	35.28	57	1988	-1.2	-0.3	5.3	11.2	13.1	17.1	20.7	16.5	11.8	5.3	4.4	3.5
229	38987	Kushka	62.35	35.28	57	1989	-2.6	-4.0	5.2	7.4	10.6	16.9	20.3	17.1	11.5	7.5	3.6	3.5
229	38987	Kushka	62.35	35.28	57	1990	-999.0	-999.0	-999.0	-999.0	-999.0	-999.0	-999.0	-999.0	-999.0	-999.0	-999.0	-999.0
229	38987	Kushka	62.35	35.28	57	1991	-999.0	-999.0	-999.0	-999.0	-999.0	-999.0	-999.0	-999.0	-999.0	-999.0	-999.0	-999.0
229	38987	Kushka	62.35	35.28	57	1992	-999.0	-999.0	-999.0	-999.0	-999.0	-999.0	-999.0	-999.0	-999.0	-999.0	-999.0	-999.0
229	38987	Kushka	62.35	35.28	57	1993	-999.0	-999.0	-999.0	-999.0	-999.0	-999.0	-999.0	-999.0	-999.0	-999.0	-999.0	-999.0
229	38987	Kushka	62.35	35.28	57	1994	0.6	-2.0	6.3	7.0	14.6	18.1	20.2	20.0	8.5	6.6	7.5	0.8
229	38987	Kushka	62.35	35.28	57	1995	0.5	1.7	3.6	9.5	12.2	16.5	20.9	18.6	11.5	5.8	3.7	0.2
229	38987	Kushka	62.35	35.28	57	1996	-1.9	-0.2	4.9	8.8	11.6	18.2	19.5	16.7	13.9	6.8	-0.5	-0.5
229	38987	Kushka	62.35	35.28	57	1997	-1.5	-1.8	4.3	10.9	12.4	20.4	20.9	18.1	12.8	10.4	2.1	0.6
229	38987	Kushka	62.35	35.28	57	1998	-0.1	-0.8	4.4	11.3	14.0	17.9	20.2	19.5	13.6	-999.0	-999.0	1.6
229	38987	Kushka	62.35	35.28	57	1999	-0.3	4.4	4.5	8.2	12.2	18.0	19.7	18.2	12.7	7.6	3.5	1.3
229	38987	Kushka	62.35	35.28	57	2000	0.0	-0.7	2.7	10.7	15.1	17.8	20.0	18.4	14.6	7.5	2.4	2.3
229	38987	Kushka	62.35	35.28	57	2001	-3.7	0.5	4.9	11.9	16.7	19.2	19.3	17.2	11.7	7.0	4.2	2.5
229	38987	Kushka	62.35	35.28	57	2002	0.9	2.1	5.1	10.6	14.3	18.1	19.0	17.6	11.1	8.7	4.2	-3.5
229	38987	Kushka	62.35	35.28	57	2003	0.3	2.5	4.3	8.9	10.8	15.7	20.0	17.3	11.9	7.7	2.7	-0.2
229	38974	Serahs	61.22	36.53	53	1936	-3.7	1.8	2.7	10.1	-999.0	-999.0	21.4	18.1	14.3	11.5	3.6	-0.6
229	38974	Serahs	61.22	36.53	53	1937	-4.5	1.3	1.9	7.1	15.1	18.2	21.6	17.9	12.1	-999.0	-999.0	-999.0
229	38974	Serahs	61.22	36.53	53	1938	-999.0	-999.0	-999.0	-999.0	-999.0	-999.0	20.1	17.4	11.4	-999.0	1.3	-999.0
229	38974	Serahs	61.22	36.53	53	1939	-0.4	1.0	4.5	7.6	13.9	20.6	20.2	17.8	14.3	8.6	4.6	2.4
229	38974	Serahs	61.22	36.53	53	1940	-999.0	3.6	4.0	10.9	16.2	-999.0	-999.0	-999.0	-999.0	-999.0	-999.0	-999.0
229	38974	Serahs	61.22	36.53	53	1941	-999.0	-999.0	-999.0	-999.0	-999.0	-999.0	-999.0	-999.0	-999.0	-999.0	-999.0	-999.0
229	38974	Serahs	61.22	36.53	53	1942	-999.0	-999.0	5.4	8.9	16.5	19.4	21.6	17.3	12.8	10.5	7.1	0.4
229	38974	Serahs	61.22	36.53	53	1943	-2.3	0.0	2.5	9.8	14.7	17.7	21.2	20.1	12.3	7.1	4.2	2.9
229	38974	Serahs	61.22	36.53	53	1944	1.5	3.0	8.7	10.3	16.6	20.2	23.9	19.3	13.7	8.9	4.2	-999.0
229	38974	Serahs	61.22	36.53	53	1945	-999.0	-999.0	-999.0	-999.0	-999.0	-999.0	20.5	-999.0	-999.0	9.7	3.8	2.3
229	38974	Serahs	61.22	36.53	53	1946	-0.1	4.4	6.6	10.6	18.4	18.9	20.2	19.1	14.7	10.7	-0.4	-5.4
229	38974	Serahs	61.22	36.53	53	1947	2.8	2.3	7.7	10.7	15.3	18.7	21.0	21.6	13.8	9.4	7.5	-0.4
229	38974	Serahs	61.22	36.53	53	1948	2.3	2.2	4.7	9.4	17.1	20.7	21.3	20.2	14.2	8.3	3.5	-3.3
229	38974	Serahs	61.22	36.53	53	1949	-4.5	0.8	4.6	9.9	14.2	19.8	20.8	19.5	13.1	4.2	0.5	0.9
229	38974	Serahs	61.22	36.53	53	1950	-5.5	-4.4	5.8	9.5	16.9	19.9	21.3	19.3	12.5	9.5	-0.4	-4.3
229	38974	Serahs	61.22	36.53	53	1951	-1.8	-4.1	3.0	11.0	17.3	17.3	21.4	19.3	16.1	11.7	2.9	3.1
229	38974	Serahs	61.22	36.53	53	1952	0.2	5.0	5.6	10.7	15.1	19.6	22.3	19.7	14.0	8.1	0.6	-2.7
229	38974	Serahs	61.22	36.53	53	1953	2.5	6.2	4.5	10.2	16.2	19.9	22.7	20.1	14.6	7.2	3.5	0.2
229	38974	Serahs	61.22	36.53	53	1954	0.7	-0.2	2.9	11.2	15.2	18.2	22.5	19.7	13.8	9.3	3.1	0.6
229	38974	Serahs	61.22	36.53	53	1955	0.8	4.4	6.4	9.7	14.7	20.5	23.3	21.3	15.2	6.3	6.6	4.0
229	38974	Serahs	61.22	36.53	53	1956	-2.0	1.8	4.7	11.4	15.3	17.6	24.9	19.6	15.3	7.9	5.8	0.0
229	38974	Serahs	61.22	36.53	53	1957	-3.7	0.3	6.0	9.0	15.9	19.1	20.5	19.3	13.6	8.4	3.5	1.6
229	38974	Serahs	61.22	36.53	53	1958	4.0	2.4	8.2	12.3	14.6	20.7	22.5	19.8	15.3	8.5	-0.3	2.5
229	38974	Serahs	61.22	36.53	53	1959	-0.5	-1.2	4.4	12.9	15.1	20.4	21.6	23.0	17.9	10.0	1.1	-4.0
229	38974	Serahs	61.22	36.53	53	1960	2.3	5.3	1.0	10.7	14.7	20.6	21.9	20.2	15.2	10.3	3.2	-1.7
229	38974	Serahs	61.22	36.53	53	1961	0.3	-0.4	4.9	11.1	17.5	19.2	23.4	20.0	16.0	7.3	5.8	2.1
229	38974	Serahs	61.22	36.53	53	1962	-0.6	3.9	8.0	10.6	16.2	18.5	22.9	18.8	13.0	8.0	-0.3	1.9
229	38974	Serahs	61.22	36.53	53	1963	3.4	5.5	5.5	13.0	16.9	20.8	22.2	19.1	15.2	10.8	5.3	-1.2
229	38974	Serahs	61.22	36.53	53	1964	-4.9	2.6	7.4	10.1	14.9	19.5	23.0	20.0	14.4	5.2	4.4	-5.6
229	38974	Serahs	61.22	36.53	53	1965	-1.0	1.3	4.0	10.6	16.6	19.9	23.1	20.0	15.1	11.9	7.6	1.7
229	38974	Serahs	61.22	36.53	53	1966	2.9	4.4	6.2	11.1	15.8	22.1	22.8	21.1	15.7	8.9	0.6	0.3
229	38974	Serahs	61.22	36.53	53	1967	-2.0	-0.4	4.2	10.6	15.6	18.9	21.4	19.5	15.5	9.4	6.8	2.0
229	38974	Serahs	61.22	36.53	53	1968	1.6	-0.3	5.8	9.9	16.3	19.9	20.8	20.4	15.0	9.4	5.2	2.1
229	38974	Serahs	61.22	36.53	53	1969	-8.3	-9.1	5.1	10.4	14.7	19.1	22.3	18.4	14.3	10.7	2.9	4.3
229	38974	Serahs	61.22	36.53	53	1970	-1.2	4.1	5.3	13.0	17.5	19.5	22.1	21.6	14.5	10.0	5.5	-2.6
229	38974	Serahs	61.22	36.53	53	1971	-2.4	1.1	7.3	10.6	17.0	20.2	22.6	19.6	15.2	10.4	7.6	4.7
229	38974	Serahs	61.22	36.53	53	1972	-6.5	-999.0	2.4	11.3	14.3	20.2	19.9	16.9	14.7	9.1	5.9	-1.7
229	38974	Serahs	61.22	36.53	53	1973	-3.0	3.1	5.6	12.8	15.7	21.9	22.8	20.6	13.7	9.8	5.4	0.1
229	38974	Serahs	61.22	36.53	53	1974	-5.0	-3.7	5.3	10.1	15.8	20.3	23.4	18.2	14.9	7.5	5.5	-1.8
229	38974	Serahs	61.22	36.53	53	1975	0.0	1.3	5.7	11.8	17.2	21.2	22.0	21.3	16.3	8.9	2.2	0.3
229	38974	Serahs	61.22	36.53	53	1976	3.9	-0.6	2.6	11.2	16.8	20.3	23.1	21.6	15.8	8.2	0.7	-1.6
229	38974	Serahs	61.22	36.53	53	1977	-8.5	0.9	8.4	13.6	17.8	24.0	22.9	20.1	15.1	9.5	6.8	2.3
229	38974	Serahs	61.22	36.53	53	1978	-1.3	-0.3	4.4	11.8	15.6	20.5	22.9	18.6	16.8	11.0	2.9	4.8
229	38974	Serahs	61.22	36.53	53	1979	-0.4	3.5	5.9	13.3	13.1	19.5	23.2	20.6	16.6	13.2	2.6	3.8
229	38974	Serahs	61.22	36.53	53	1980	-2.9	-2.4	5.3	14.0	17.5	21.0	23.1	20.4	15.2	9.5	8.1	2.6
229	38974	Serahs	61.22	36.53	53	1981	2.8	3.0	7.9	11.6	16.6	21.3	23.8	20.9	16.1	8.6	5.4	3.6
229	38974	Serahs	61.22	36.53	53	1982	-1.2	0.9	4.5	11.9	16.5	19.8	21.5	19.8	14.6	10.3	2.6	-0.7
229	38974	Serahs	61.22	36.53	53	1983	1.6	2.6	3.5	12.3	17.8	21.8	24.9	21.8	15.8	8.2	7.8	1.3
229	38974	Serahs	61.22	36.53	53	1984	-0.9	-6.4	5.8	11.8	15.5	20.0	24.6	23.1	14.9	8.9	7.1	-6.0
229	38974	Serahs	61.22	36.53	53	1985	-1.1	3.7	2.9	12.4	16.6	22.7	23.8	19.7	15.6	9.1	4.8	2.0
229	38974	Serahs	61.22	36.53	53	1986	1.9	2.1	2.2	10.4	17.5	20.3	22.3	19.9	16.5	11.0	4.6	2.6
229	38974	Serahs	61.22	36.53	53	1987	3.7	2.2	7.1	10.9	17.4	20.4	23.4	22.3	16.1	6.6	5.2	3.1
229	38974	Serahs	61.22	36.53	53	1988	1.1	0.8	7.0	12.8	16.2	22.2	23.7	20.5	15.9	10.1	7.8	5.9
229	38974	Serahs	61.22	36.53	53	1989	-1.4	-1.6	6.5	10.3	14.9	21.1	24.5	21.1	15.3	12.1	5.6	4.7
229	38974	Serahs	61.22	36.53	53	1990	-999.0	-999.0	-999.0	-999.0	-999.0	-999.0	-999.0	-999.0	-999.0	-999.0	-999.0	-999.0
229	38974	Serahs	61.22	36.53	53	1991	-999.0	-999.0	-999.0	-999.0	-999.0	-999.0	-999.0	-999.0	-999.0	-999.0	-999.0	-999.0
229	38974	Serahs	61.22	36.53	53	1992	-999.0	-999.0	-999.0	-999.0	-999.0	-999.0	-999.0	-999.0	-999.0	-999.0	-999.0	-999.0
229	38974	Serahs	61.22	36.53	53	1993	-999.0	-999.0	-999.0	-999.0	-999.0	-999.0	-999.0	-999.0	-999.0	-999.0	-999.0	-999.0
229	38974	Serahs	61.22	36.53	53	1994	1.6	-1.1	7.5	9.2	16.5	21.0	22.7	22.6	12.4	8.3	8.8	0.3
229	38974	Serahs	61.22	36.53	53	1995	1.8	1.3	4.8	12.3	16.1	20.7	24.7	21.5	15.5	8.5	6.9	1.5
229	38974	Serahs	61.22	36.53	53	1996	-2.1	-0.2	5.3	10.2	16.4	21.7	23.0	19.4	17.7	9.9	3.4	4.0
229	38974	Serahs	61.22	36.53	53	1997	2.1	0.5	4.6	13.0	16.4	22.1	23.1	20.9	16.1	13.5	2.8	2.0
229	38974	Serahs	61.22	36.53	53	1998	0.5	0.3	4.5	13.1	15.9	21.5	23.2	22.3	17.6	-999.0	-999.0	3.4
229	38974	Serahs	61.22	36.53	53	1999	-0.2	6.4	5.8	10.3	15.1	21.6	22.4	22.7	16.2	11.8	4.5	3.2
229	38974	Serahs	61.22	36.53	53	2000	0.4	1.6	5.1	15.6	19.0	20.8	23.7	22.5	18.8	10.0	3.5	3.4
229	38974	Serahs	61.22	36.53	53	2001	-2.1	3.2	7.8	14.9	20.4	22.7	23.5	22.2	16.1	10.2	7.9	2.9
229	38974	Serahs	61.22	36.53	53	2002	3.9	4.3	8.1	12.6	16.1	22.3	23.0	22.7	17.0	14.3	7.2	-2.3
229	38974	Serahs	61.22	36.53	53	2003	2.4	4.5	6.0	11.6	15.7	20.0	25.0	22.8	17.6	13.1	6.7	3.5
231	38818	Akrabat	66.83	38.25	1599	1966	2.9	2.1	1.3	6.2	11.2	18.4	18.9	18.3	14.0	6.2	-1.5	0.0
231	38818	Akrabat	66.83	38.25	1599	1967	-2.5	-3.9	1.3	6.0	10.0	15.6	19.0	18.8	13.9	6.5	3.3	0.6
231	38818	Akrabat	66.83	38.25	1599	1968	-2.1	-2.8	2.1	6.2	10.1	16.3	18.5	18.4	13.7	-999.0	3.9	-1.1
231	38818	Akrabat	66.83	38.25	1599	1969	-8.0	-7.5	2.2	5.8	10.0	15.5	17.9	17.6	12.2	7.6	1.1	2.1
231	38818	Akrabat	66.83	38.25	1599	1970	-3.2	0.2	0.1	8.5	13.2	16.2	18.2	19.6	13.3	8.3	4.8	-0.9
231	38818	Akrabat	66.83	38.25	1599	1971	-5.1	-5.2	3.8	7.4	14.3	18.5	18.6	17.8	13.0	8.3	5.7	2.8
231	38818	Akrabat	66.83	38.25	1599	1972	-6.7	-10.6	-0.6	6.7	9.7	15.2	16.3	15.7	13.2	8.4	5.7	-4.2
231	38818	Akrabat	66.83	38.25	1599	1973	-7.2	-0.4	0.0	7.6	11.6	18.6	21.0	19.6	12.1	9.2	5.6	-0.6
231	38818	Akrabat	66.83	38.25	1599	1974	-6.8	-6.4	-999.0	-999.0	11.8	17.4	20.7	19.0	-999.0	7.5	4.0	-999.0
231	38818	Akrabat	66.83	38.25	1599	1975	-999.0	-3.1	1.2	7.4	11.8	17.4	20.7	19.0	14.3	-999.0	-999.0	-1.6
231	38818	Akrabat	66.83	38.25	1599	1976	-0.4	-5.5	-1.5	7.1	12.4	16.7	21.3	-999.0	-999.0	7.2	0.7	-2.1
231	38818	Akrabat	66.83	38.25	1599	1977	-7.9	-2.0	5.6	9.6	13.0	19.5	20.6	18.2	14.5	8.4	5.0	0.9
231	38818	Akrabat	66.83	38.25	1599	1978	-4.2	-3.8	-1.3	9.3	12.3	17.0	20.3	19.1	15.0	9.3	-0.7	3.0
231	38818	Akrabat	66.83	38.25	1599	1979	-2.8	-0.4	0.0	8.7	8.8	16.3	21.0	18.2	14.6	11.7	2.5	0.4
231	38818	Akrabat	66.83	38.25	1599	1980	-4.9	-5.6	0.2	10.1	13.9	17.5	22.3	17.9	13.6	8.3	6.5	1.9
231	38818	Akrabat	66.83	38.25	1599	1981	-1.6	-1.9	3.3	6.4	12.0	14.1	17.8	16.4	13.2	5.6	3.6	1.0
231	38818	Akrabat	66.83	38.25	1599	1982	-2.8	-4.9	0.0	8.3	12.4	16.1	18.1	17.5	11.3	7.4	-0.1	-2.4
231	38818	Akrabat	66.83	38.25	1599	1983	-3.2	-0.7	-0.8	6.7	12.6	16.1	20.0	19.7	13.9	7.2	6.2	-2.5
231	38818	Akrabat	66.83	38.25	1599	1984	-5.1	-9.9	2.2	7.3	11.6	17.7	22.2	22.4	12.5	6.9	3.6	-7.7
231	38818	Akrabat	66.83	38.25	1599	1985	-3.1	-0.5	-1.1	9.0	11.4	18.4	21.3	16.9	14.8	7.4	3.4	-0.6
231	38818	Akrabat	66.83	38.25	1599	1986	-1.1	-0.9	-2.6	6.7	12.1	16.9	20.3	18.1	15.0	9.5	2.5	-2.6
231	38818	Akrabat	66.83	38.25	1599	1987	0.9	-1.2	3.7	5.5	11.7	15.3	17.1	20.6	13.3	4.1	3.9	2.8
231	38818	Akrabat	66.83	38.25	1599	1988	-2.2	-2.5	0.9	8.6	11.0	17.7	20.1	16.7	13.2	6.9	7.2	1.8
231	38818	Akrabat	66.83	38.25	1599	1989	-5.9	-7.3	1.8	4.8	8.3	15.8	18.4	17.3	13.2	9.5	2.9	1.7
231	38818	Akrabat	66.83	38.25	1599	1990	-4.2	-2.9	0.7	5.9	13.6	18.5	18.8	20.0	15.9	7.6	6.0	-2.1
231	38618	Fergana	71.75	40.38	578	1881	-999.0	-999.0	-999.0	-999.0	-999.0	-999.0	-999.0	-999.0	-999.0	-999.0	-999.0	-9.7
231	38618	Fergana	71.75	40.38	578	1882	-11.8	-999.0	-999.0	8.2	-999.0	17.7	18.9	-999.0	11.9	4.6	-0.8	-2.3
231	38618	Fergana	71.75	40.38	578	1883	-6.9	-10.4	2.6	10.6	14.0	17.9	19.8	18.1	11.3	5.1	0.7	-2.1
231	38618	Fergana	71.75	40.38	578	1884	-4.6	-3.0	1.4	9.2	12.7	18.0	18.5	16.8	11.1	4.6	-2.5	-3.6
231	38618	Fergana	71.75	40.38	578	1885	-999.0	-999.0	-999.0	-999.0	-999.0	-999.0	-999.0	-999.0	-999.0	-999.0	-999.0	-999.0
231	38618	Fergana	71.75	40.38	578	1886	-999.0	-999.0	-999.0	-999.0	-999.0	-999.0	-999.0	-999.0	-999.0	-999.0	-999.0	-999.0
231	38618	Fergana	71.75	40.38	578	1887	-999.0	-999.0	-999.0	-999.0	-999.0	-999.0	-999.0	-999.0	-999.0	-999.0	-999.0	-999.0
231	38618	Fergana	71.75	40.38	578	1888	-2.4	-0.8	5.3	9.9	14.0	16.5	20.7	17.9	11.1	7.3	2.2	-2.4
231	38618	Fergana	71.75	40.38	578	1889	-11.2	-4.8	4.6	10.5	11.1	18.2	19.7	17.1	12.6	3.8	-1.3	-3.9
231	38618	Fergana	71.75	40.38	578	1890	-11.9	-9.2	0.7	10.1	12.6	17.6	19.2	17.1	11.8	5.8	1.3	-4.0
231	38618	Fergana	71.75	40.38	578	1891	-9.4	-14.3	-0.3	8.0	13.6	16.4	17.4	-999.0	12.5	5.9	2.8	-1.6
231	38618	Fergana	71.75	40.38	578	1892	-999.0	-999.0	-999.0	-999.0	-999.0	-999.0	-999.0	-999.0	-999.0	-999.0	-999.0	-999.0
231	38618	Fergana	71.75	40.38	578	1893	-11.1	-8.8	2.6	10.1	13.4	-999.0	-999.0	-999.0	-999.0	-999.0	-999.0	-999.0
231	38618	Fergana	71.75	40.38	578	1894	-999.0	-999.0	-999.0	-999.0	-999.0	-999.0	-999.0	-999.0	-999.0	-999.0	-999.0	-999.0
231	38618	Fergana	71.75	40.38	578	1895	-999.0	-999.0	-999.0	-999.0	-999.0	-999.0	-999.0	-999.0	-999.0	-999.0	-999.0	-999.0
231	38618	Fergana	71.75	40.38	578	1896	-999.0	-999.0	-999.0	-999.0	-999.0	-999.0	-999.0	-999.0	-999.0	-999.0	-999.0	-999.0
231	38618	Fergana	71.75	40.38	578	1897	-999.0	-999.0	-999.0	-999.0	-999.0	-999.0	-999.0	-999.0	-999.0	-999.0	-999.0	-999.0
231	38618	Fergana	71.75	40.38	578	1898	-999.0	-999.0	-999.0	-999.0	-999.0	-999.0	-999.0	-999.0	-999.0	-999.0	-999.0	-999.0
231	38618	Fergana	71.75	40.38	578	1899	-999.0	-999.0	-999.0	9.1	13.4	18.2	18.0	-999.0	-999.0	-999.0	-999.0	-3.2
231	38618	Fergana	71.75	40.38	578	1900	-999.0	-999.0	-999.0	-999.0	-999.0	-999.0	-999.0	-999.0	-999.0	-999.0	-999.0	-999.0
231	38618	Fergana	71.75	40.38	578	1901	-999.0	-999.0	-999.0	-999.0	-999.0	-999.0	-999.0	-999.0	-999.0	-999.0	-999.0	-999.0
231	38618	Fergana	71.75	40.38	578	1902	-999.0	-999.0	-999.0	-999.0	-999.0	-999.0	-999.0	-999.0	-999.0	-999.0	-999.0	-999.0
231	38618	Fergana	71.75	40.38	578	1903	-999.0	-999.0	-999.0	-999.0	-999.0	-999.0	-999.0	-999.0	-999.0	-999.0	-999.0	-999.0
231	38618	Fergana	71.75	40.38	578	1904	-999.0	-999.0	-999.0	-999.0	-999.0	-999.0	-999.0	-999.0	-999.0	-999.0	-999.0	-999.0
231	38618	Fergana	71.75	40.38	578	1905	-999.0	-999.0	-999.0	6.0	13.8	16.5	18.4	16.9	11.6	7.7	1.6	-3.4
231	38618	Fergana	71.75	40.38	578	1906	-9.2	-1.8	2.5	6.8	13.0	17.7	17.9	17.8	11.3	6.3	1.5	-0.6
231	38618	Fergana	71.75	40.38	578	1907	-4.8	-4.2	1.3	10.2	11.9	15.2	-999.0	-999.0	-999.0	5.1	1.4	-2.7
231	38618	Fergana	71.75	40.38	578	1908	-4.1	-7.2	0.8	9.6	12.6	15.8	18.8	16.1	10.4	3.6	1.1	-2.9
231	38618	Fergana	71.75	40.38	578	1909	-11.4	-4.6	3.0	10.5	13.3	16.0	17.6	16.2	11.2	5.5	-999.0	-3.3
231	38618	Fergana	71.75	40.38	578	1910	-4.3	-0.7	1.5	-999.0	14.2	16.4	19.3	16.0	10.5	3.5	-1.6	-11.8
231	38618	Fergana	71.75	40.38	578	1911	-7.1	-3.6	2.9	7.7	12.6	18.2	16.5	14.8	10.5	-999.0	-1.3	-6.4
231	38618	Fergana	71.75	40.38	578	1912	-5.6	-1.8	1.9	13.2	15.7	-999.0	20.0	-999.0	-999.0	-999.0	0.1	-2.3
231	38618	Fergana	71.75	40.38	578	1913	-1.9	-3.4	-999.0	-999.0	-999.0	-999.0	-999.0	-999.0	10.0	-999.0	-999.0	-2.1
231	38618	Fergana	71.75	40.38	578	1914	-2.9	-999.0	-999.0	-999.0	-999.0	-999.0	-999.0	-999.0	-999.0	-999.0	-999.0	-999.0
231	38618	Fergana	71.75	40.38	578	1915	-999.0	-1.5	-999.0	-999.0	-999.0	-999.0	-999.0	-999.0	-999.0	-999.0	-999.0	-999.0
231	38618	Fergana	71.75	40.38	578	1916	-7.7	-999.0	-999.0	-999.0	-999.0	-999.0	-999.0	-999.0	-999.0	-999.0	-999.0	-999.0
231	38618	Fergana	71.75	40.38	578	1917	-999.0	-999.0	-999.0	-999.0	-999.0	-999.0	-999.0	-999.0	-999.0	-999.0	-999.0	-999.0
231	38618	Fergana	71.75	40.38	578	1918	-999.0	-999.0	-999.0	-999.0	13.4	15.9	17.6	16.4	10.5	5.8	-1.5	-6.0
231	38618	Fergana	71.75	40.38	578	1919	-13.5	-6.0	1.1	9.7	12.4	15.2	16.5	14.9	8.9	5.1	-0.2	-2.9
231	38618	Fergana	71.75	40.38	578	1920	-2.6	-6.0	1.6	6.3	10.4	-999.0	17.5	15.0	11.3	5.8	-0.5	-8.9
231	38618	Fergana	71.75	40.38	578	1921	-10.1	-3.5	-1.0	10.5	10.9	14.7	17.1	14.5	9.2	4.9	0.8	-1.9
231	38618	Fergana	71.75	40.38	578	1922	-0.6	-1.5	3.8	-999.0	12.9	15.9	17.6	15.3	11.0	5.6	0.3	-0.5
231	38618	Fergana	71.75	40.38	578	1923	-4.1	-2.7	2.9	9.1	12.7	17.0	16.3	17.4	9.3	5.5	-1.3	-8.7
231	38618	Fergana	71.75	40.38	578	1924	-6.7	-1.5	4.0	9.9	10.8	16.0	19.0	16.5	11.1	5.4	-0.5	-2.3
231	38618	Fergana	71.75	40.38	578	1925	-6.8	-7.0	2.6	8.9	12.6	15.7	18.0	15.5	9.9	7.3	-1.6	-2.3
231	38618	Fergana	71.75	40.38	578	1926	-2.7	-1.9	3.2	6.4	13.5	15.7	17.0	16.2	10.7	2.9	-4.7	-2.4
231	38618	Fergana	71.75	40.38	578	1927	-8.6	-5.1	-0.5	9.1	13.0	16.1	17.5	16.1	10.9	7.7	0.2	-1.8
231	38618	Fergana	71.75	40.38	578	1928	-7.3	-5.0	0.1	8.4	13.5	16.2	17.7	15.7	9.2	4.1	2.3	-3.2
231	38618	Fergana	71.75	40.38	578	1929	-11.5	-5.5	3.8	9.8	12.3	15.9	18.5	16.5	12.3	3.3	0.3	-8.1
231	38618	Fergana	71.75	40.38	578	1930	-13.6	-5.8	1.0	7.4	13.0	16.3	18.9	15.9	10.4	5.3	1.7	-7.9
231	38618	Fergana	71.75	40.38	578	1931	-7.8	-7.4	1.8	9.7	12.9	16.7	18.3	16.9	12.5	5.7	-1.0	-3.3
231	38618	Fergana	71.75	40.38	578	1932	-3.4	-8.0	4.8	10.2	12.8	17.0	20.1	15.5	11.7	4.5	-1.8	-9.4
231	38618	Fergana	71.75	40.38	578	1933	-13.6	-3.4	1.1	9.2	14.2	17.1	20.5	18.4	11.6	5.4	1.3	-1.5
231	38618	Fergana	71.75	40.38	578	1934	-11.4	-2.7	2.6	8.5	10.9	17.1	18.8	17.4	10.8	5.0	-1.8	-1.0
231	38618	Fergana	71.75	40.38	578	1935	-12.8	-1.9	2.0	7.8	13.0	15.9	19.0	17.6	10.8	6.6	1.1	-3.2
231	38618	Fergana	71.75	40.38	578	1936	-8.9	-999.0	-999.0	8.2	14.2	17.5	18.9	16.1	13.2	7.3	1.3	-4.6
231	38618	Fergana	71.75	40.38	578	1937	-8.6	-1.1	1.2	7.2	13.6	17.6	19.0	17.3	12.9	6.4	-3.0	-5.5
231	38618	Fergana	71.75	40.38	578	1938	-3.2	-0.5	1.6	11.1	-999.0	16.3	18.8	16.6	11.9	6.3	0.2	-1.8
231	38618	Fergana	71.75	40.38	578	1939	-3.1	-1.4	1.6	5.6	14.9	18.5	20.0	16.7	11.1	6.9	1.4	-0.4
231	38618	Fergana	71.75	40.38	578	1940	-2.9	0.5	1.9	10.5	13.0	19.5	19.7	16.9	12.3	9.6	0.8	-2.3
231	38618	Fergana	71.75	40.38	578	1941	-5.6	1.5	5.9	10.9	15.4	18.1	18.4	17.8	12.3	8.8	2.3	-2.2
231	38618	Fergana	71.75	40.38	578	1942	-5.4	-1.5	3.3	9.0	14.9	18.0	19.9	16.6	10.8	7.5	4.3	-1.2
231	38618	Fergana	71.75	40.38	578	1943	-5.4	-2.5	2.5	7.9	-999.0	-999.0	-999.0	-999.0	-999.0	-999.0	-999.0	-1.7
231	38618	Fergana	71.75	40.38	578	1944	-3.9	-0.6	5.3	10.5	16.4	17.2	21.3	16.8	11.7	6.7	2.0	-10.1
231	38618	Fergana	71.75	40.38	578	1945	-7.4	-6.2	-0.5	9.1	13.6	-999.0	-999.0	-999.0	-999.0	-999.0	-999.0	-999.0
231	38618	Fergana	71.75	40.38	578	1946	-999.0	-999.0	-999.0	11.5	15.4	17.4	18.0	17.3	11.3	7.4	-2.3	-8.4
231	38618	Fergana	71.75	40.38	578	1947	-7.1	-1.4	6.7	9.6	13.8	15.9	18.1	17.9	12.0	6.4	3.9	-2.5
231	38618	Fergana	71.75	40.38	578	1948	-1.8	-1.1	1.6	8.8	13.7	17.1	19.2	17.4	10.6	4.9	0.6	-6.2
231	38618	Fergana	71.75	40.38	578	1949	-7.0	-1.1	3.2	9.5	13.6	15.5	18.8	17.6	10.4	3.8	-0.6	-4.2
231	38618	Fergana	71.75	40.38	578	1950	-7.0	-6.9	5.1	8.4	15.4	17.8	19.1	17.0	10.3	5.9	-2.2	-8.0
231	38618	Fergana	71.75	40.38	578	1951	-7.6	-8.6	1.1	10.0	14.2	15.0	17.8	17.1	12.6	8.7	1.6	-0.3
231	38618	Fergana	71.75	40.38	578	1952	-2.9	0.9	3.7	10.2	12.6	16.8	19.2	17.7	11.6	6.1	-0.6	-3.7
231	38618	Fergana	71.75	40.38	578	1953	-2.7	0.6	3.0	8.8	15.1	18.5	20.3	17.0	12.9	4.6	-0.8	-2.7
231	38618	Fergana	71.75	40.38	578	1954	-5.8	-4.3	1.3	10.6	12.9	16.1	18.5	17.2	12.5	7.4	-0.9	-5.8
231	38618	Fergana	71.75	40.38	578	1955	-5.8	0.0	4.3	6.6	14.1	17.3	18.1	17.5	11.8	5.3	2.3	0.6
231	38618	Fergana	71.75	40.38	578	1956	-4.8	-1.8	3.2	9.8	15.5	16.8	21.0	17.3	12.2	6.4	2.0	-3.9
231	38618	Fergana	71.75	40.38	578	1957	-7.9	-8.3	4.2	8.0	13.6	17.7	18.6	16.9	11.9	5.9	0.3	-2.7
231	38618	Fergana	71.75	40.38	578	1958	-1.9	-0.4	4.5	10.2	12.4	17.5	19.7	16.6	12.1	6.4	-1.2	0.2
231	38618	Fergana	71.75	40.38	578	1959	-3.1	-3.2	2.6	11.3	13.9	17.4	18.2	17.9	14.1	6.9	1.4	-4.1
231	38618	Fergana	71.75	40.38	578	1960	-3.1	0.9	1.0	7.0	12.5	18.2	19.2	16.8	12.6	7.0	1.9	-3.2
231	38618	Fergana	71.75	40.38	578	1961	-3.4	-1.7	2.5	10.0	16.7	16.9	20.3	16.8	12.9	4.9	0.4	-3.5
231	38618	Fergana	71.75	40.38	578	1962	-4.2	0.8	6.4	9.5	13.8	17.1	20.0	17.4	11.6	6.9	-1.2	-4.7
231	38618	Fergana	71.75	40.38	578	1963	-4.0	1.6	4.1	11.7	14.5	18.2	19.0	16.3	12.1	9.1	1.4	-2.6
231	38618	Fergana	71.75	40.38	578	1964	-10.3	-1.5	4.8	9.3	13.4	17.0	18.9	16.7	12.3	4.6	0.1	-4.4
231	38618	Fergana	71.75	40.38	578	1965	-2.0	-1.7	1.9	9.8	14.9	17.9	19.6	17.1	12.1	8.4	2.7	-3.1
231	38618	Fergana	71.75	40.38	578	1966	-1.9	2.5	4.5	10.2	13.2	18.4	19.2	18.2	12.7	7.0	-1.3	-1.7
231	38618	Fergana	71.75	40.38	578	1967	-5.5	-2.2	3.3	10.0	13.4	17.8	18.7	17.2	12.4	6.9	2.9	-0.2
231	38618	Fergana	71.75	40.38	578	1968	-2.7	-2.6	5.4	8.9	13.6	17.8	18.6	17.8	12.0	7.3	2.3	-0.1
231	38618	Fergana	71.75	40.38	578	1969	-11.0	-12.1	2.8	9.8	14.5	17.7	18.4	17.3	12.5	7.9	1.9	1.1
231	38618	Fergana	71.75	40.38	578	1970	-2.3	1.5	3.0	11.7	14.2	17.5	18.8	18.6	12.4	7.6	2.8	-3.1
231	38618	Fergana	71.75	40.38	578	1971	-10.3	-2.4	5.2	10.5	15.1	18.0	18.4	16.0	12.8	7.2	3.9	0.5
231	38618	Fergana	71.75	40.38	578	1972	-6.5	-13.6	0.7	9.3	14.8	17.1	17.4	16.3	12.6	8.2	2.9	-1.7
231	38618	Fergana	71.75	40.38	578	1973	-7.2	-1.8	3.1	11.0	14.5	19.7	20.4	17.6	11.7	6.8	2.5	-2.8
231	38618	Fergana	71.75	40.38	578	1974	-7.5	-6.2	3.0	10.6	14.9	18.2	20.0	16.6	13.6	7.5	2.8	-5.1
231	38618	Fergana	71.75	40.38	578	1975	-4.8	-3.2	4.5	11.8	13.8	18.4	20.9	18.2	13.1	6.7	-1.7	-2.9
231	38618	Fergana	71.75	40.38	578	1976	-0.8	-1.9	3.1	10.6	15.5	18.3	20.0	18.0	12.5	6.9	-0.9	-3.9
231	38618	Fergana	71.75	40.38	578	1977	-7.9	-3.4	6.1	12.6	15.9	19.2	20.3	18.4	13.7	8.9	5.8	-1.7
231	38618	Fergana	71.75	40.38	578	1978	-5.6	-6.1	3.1	11.1	15.0	18.7	20.5	16.9	13.9	8.8	1.2	1.3
231	38618	Fergana	71.75	40.38	578	1979	-2.0	-0.5	4.1	11.6	12.8	17.6	20.5	18.8	13.3	9.8	1.1	0.0
231	38618	Fergana	71.75	40.38	578	1980	-4.1	-3.2	3.1	12.1	15.3	17.9	20.2	17.7	12.7	8.2	5.8	-0.4
231	38618	Fergana	71.75	40.38	578	1981	-1.0	1.1	6.3	10.8	16.2	17.3	20.2	17.7	12.6	7.1	3.2	-0.8
231	38618	Fergana	71.75	40.38	578	1982	-2.3	-1.5	4.4	11.5	15.7	18.1	19.3	17.5	12.3	7.1	0.6	-3.5
231	38618	Fergana	71.75	40.38	578	1983	-3.3	-0.5	3.3	11.2	14.7	17.6	19.5	19.1	13.7	6.6	3.3	-2.2
231	38618	Fergana	71.75	40.38	578	1984	-5.0	-8.7	3.5	10.2	14.7	19.3	20.7	19.1	12.8	6.7	4.1	-10.7
231	38618	Fergana	71.75	40.38	578	1985	-6.0	-0.4	2.6	11.4	14.4	18.7	21.3	17.8	13.3	7.6	1.5	-0.6
231	38618	Fergana	71.75	40.38	578	1986	-1.5	-0.1	1.9	10.0	14.5	17.6	20.8	18.2	13.9	8.3	2.2	-2.8
231	38618	Fergana	71.75	40.38	578	1987	-0.8	0.5	7.1	9.1	14.4	17.2	18.9	19.0	13.5	5.8	1.8	-0.1
231	38618	Fergana	71.75	40.38	578	1988	-1.6	-0.3	4.4	11.5	13.3	18.6	21.4	18.3	13.8	7.2	5.3	0.8
231	38618	Fergana	71.75	40.38	578	1989	-5.7	-3.5	4.6	7.6	12.7	17.8	20.0	17.7	12.2	8.9	1.0	1.4
231	38618	Fergana	71.75	40.38	578	1990	-3.2	0.9	3.8	9.7	15.6	20.2	19.9	19.4	13.8	7.3	4.2	-0.9
231	38618	Fergana	71.75	40.38	578	1991	-4.0	-1.1	4.5	11.3	14.3	18.0	19.7	16.7	13.5	7.6	3.0	0.3
231	38618	Fergana	71.75	40.38	578	1992	-1.0	0.1	2.5	11.0	13.2	18.1	20.0	17.5	13.0	6.7	4.1	1.0
231	38618	Fergana	71.75	40.38	578	1993	-5.1	0.6	3.6	9.6	13.3	18.4	20.6	17.6	14.0	6.7	2.9	-1.2
231	38618	Fergana	71.75	40.38	578	1994	-3.5	-3.6	6.0	8.3	15.0	19.5	20.8	19.6	11.5	-999.0	5.9	-0.9
231	38618	Fergana	71.75	40.38	578	1995	-4.3	-0.5	5.3	10.7	14.9	19.4	20.7	19.3	13.9	7.2	3.6	-3.3
231	38618	Fergana	71.75	40.38	578	1996	-5.3	-2.2	3.8	8.2	12.5	18.5	20.0	17.6	14.0	7.5	0.6	-1.3
231	38618	Fergana	71.75	40.38	578	1997	-1.3	-2.5	4.3	11.5	13.9	18.5	20.5	17.5	13.8	10.2	0.8	-2.0
231	38618	Fergana	71.75	40.38	578	1998	-2.4	-1.9	4.1	11.6	13.2	18.4	20.9	19.9	15.1	-999.0	-999.0	1.1
231	38618	Fergana	71.75	40.38	578	1999	-2.3	2.4	4.3	8.0	13.8	16.8	19.6	19.6	14.5	9.4	2.3	-1.3
231	38618	Fergana	71.75	40.38	578	2000	-2.2	-1.8	3.1	11.4	16.1	16.8	20.5	18.8	14.3	7.8	2.0	0.0
231	38618	Fergana	71.75	40.38	578	2001	-4.1	-0.3	4.6	10.5	16.8	19.1	19.7	18.0	12.5	7.6	4.0	-1.1
231	38618	Fergana	71.75	40.38	578	2002	-1.6	0.1	5.0	10.3	13.6	18.1	18.9	18.5	13.9	10.2	4.2	-4.5
231	38618	Fergana	71.75	40.38	578	2003	-0.3	0.1	4.0	8.5	12.3	18.0	21.1	18.5	14.5	8.6	3.7	-1.8
231	38468	Kizilcha	70.42	41.22	2075	1966	-4.4	-3.3	-4.5	0.5	5.1	12.2	12.8	13.1	8.7	1.6	-3.3	-5.9
231	38468	Kizilcha	70.42	41.22	2075	1967	-8.1	-9.2	-3.3	1.6	5.2	9.2	12.1	12.2	7.4	1.1	-1.5	-3.8
231	38468	Kizilcha	70.42	41.22	2075	1968	-7.5	-8.3	-3.3	1.1	5.4	10.1	12.4	12.9	9.0	2.3	-2.3	-7.7
231	38468	Kizilcha	70.42	41.22	2075	1969	-14.5	-13.4	-3.6	0.9	4.9	9.4	10.6	11.5	7.6	1.4	-2.2	-3.1
231	38468	Kizilcha	70.42	41.22	2075	1970	-8.6	-999.0	-5.5	3.6	7.2	9.6	-999.0	12.6	8.4	3.5	-1.0	-6.6
231	38468	Kizilcha	70.42	41.22	2075	1971	-9.8	-7.4	-2.1	2.2	6.9	12.5	13.2	11.8	8.6	3.9	0.4	-2.7
231	38468	Kizilcha	70.42	41.22	2075	1972	-11.5	-13.7	-5.9	0.9	6.2	9.5	10.0	-999.0	8.4	4.1	-999.0	-8.3
231	38468	Kizilcha	70.42	41.22	2075	1973	-12.1	-6.8	-4.9	2.9	6.2	12.1	15.0	12.7	-999.0	4.2	0.8	-3.4
231	38468	Kizilcha	70.42	41.22	2075	1974	-11.8	-10.5	-4.3	3.2	7.7	10.8	14.1	-999.0	8.2	3.2	-2.6	-999.0
231	38468	Kizilcha	70.42	41.22	2075	1975	-999.0	-9.6	-4.5	3.3	4.9	10.7	14.2	13.1	8.5	2.2	-5.5	-6.8
231	38468	Kizilcha	70.42	41.22	2075	1976	-5.4	-10.7	-5.9	1.2	7.3	9.8	14.4	15.1	7.7	0.6	-4.3	-6.8
231	38468	Kizilcha	70.42	41.22	2075	1977	-12.5	-7.6	-1.1	4.8	7.1	11.7	13.3	12.3	9.5	2.4	1.4	-7.3
231	38468	Kizilcha	70.42	41.22	2075	1978	-9.0	-10.0	-4.7	3.1	6.6	10.8	14.5	12.7	10.8	3.7	-5.5	-3.6
231	38468	Kizilcha	70.42	41.22	2075	1979	-7.1	-6.0	-5.3	2.7	4.2	10.3	14.8	13.3	8.9	7.0	-0.6	-3.9
231	38468	Kizilcha	70.42	41.22	2075	1980	-9.5	-9.7	-5.3	3.7	7.7	10.4	14.8	12.3	9.0	3.3	0.7	-2.1
231	38468	Kizilcha	70.42	41.22	2075	1981	-6.5	-7.4	-2.1	2.3	6.9	9.7	12.7	11.2	8.1	1.0	-1.2	-5.0
231	38468	Kizilcha	70.42	41.22	2075	1982	-7.1	-9.8	-5.3	3.8	7.7	10.3	12.8	12.2	7.4	2.7	-5.9	-5.6
231	38468	Kizilcha	70.42	41.22	2075	1983	-7.9	-5.9	-5.1	2.9	6.5	10.1	14.5	15.0	8.6	2.1	-0.2	-5.7
231	38468	Kizilcha	70.42	41.22	2075	1984	-9.7	-14.4	-3.7	1.0	6.0	11.7	15.8	16.0	7.1	2.3	-3.1	-13.4
231	38468	Kizilcha	70.42	41.22	2075	1985	-8.0	-6.6	-7.0	3.5	5.8	11.0	14.4	11.8	10.1	1.4	-3.0	-5.2
231	38468	Kizilcha	70.42	41.22	2075	1986	-6.6	-5.5	-7.4	2.0	6.0	9.6	13.8	12.8	10.7	3.4	-3.5	-7.0
231	38468	Kizilcha	70.42	41.22	2075	1987	-5.9	-6.0	-1.9	-0.3	6.3	8.6	11.5	14.3	8.2	-1.4	-2.5	-3.1
231	38468	Kizilcha	70.42	41.22	2075	1988	-7.7	-7.2	-5.4	3.4	4.5	11.5	14.3	11.9	8.4	1.3	1.6	-4.0
231	38468	Kizilcha	70.42	41.22	2075	1989	-10.8	-12.5	-3.3	-1.8	4.5	9.7	12.7	12.8	7.3	4.0	-3.4	-3.2
231	38468	Kizilcha	70.42	41.22	2075	1990	-9.1	-7.6	-4.4	0.5	8.0	13.5	12.4	13.1	10.6	2.1	-0.7	-7.4
231	38816	Minchukur	66.93	38.65	2132	1966	-0.6	-1.7	-2.4	2.3	7.6	14.6	15.0	14.1	9.8	2.5	-1.4	-3.9
231	38816	Minchukur	66.93	38.65	2132	1967	-6.2	-7.1	-2.8	1.8	6.2	11.6	15.1	14.7	9.8	2.7	-0.6	-3.1
231	38816	Minchukur	66.93	38.65	2132	1968	-6.0	-6.5	-999.0	2.5	-999.0	12.8	15.0	14.7	10.2	3.8	0.2	-5.2
231	38816	Minchukur	66.93	38.65	2132	1969	-10.2	-9.7	-0.6	2.8	6.1	12.5	14.3	13.9	10.2	3.7	-1.6	-1.5
231	38816	Minchukur	66.93	38.65	2132	1970	-6.3	-3.7	-3.7	4.6	9.2	12.9	13.7	15.9	9.6	5.0	1.7	-4.7
231	38816	Minchukur	66.93	38.65	2132	1971	-7.6	-5.5	-0.2	3.5	9.9	13.9	14.5	13.5	8.9	4.6	1.5	-0.9
231	38816	Minchukur	66.93	38.65	2132	1972	-8.9	-12.4	-3.2	2.8	6.1	11.4	12.1	11.3	8.8	4.9	2.3	-7.1
231	38816	Minchukur	66.93	38.65	2132	1973	-10.2	-3.8	-3.4	4.2	7.9	14.5	16.1	15.7	8.7	5.2	1.8	-3.7
231	38816	Minchukur	66.93	38.65	2132	1974	-9.4	-9.2	-1.7	4.0	7.9	12.4	15.1	12.1	9.1	3.6	-0.4	-6.2
231	38816	Minchukur	66.93	38.65	2132	1975	-7.4	-7.0	-3.1	3.1	7.3	13.4	16.4	15.4	10.4	3.6	-2.7	-4.6
231	38816	Minchukur	66.93	38.65	2132	1976	-3.9	-8.8	-5.4	2.8	-999.0	12.7	16.8	16.1	10.2	3.3	-999.0	-999.0
231	38816	Minchukur	66.93	38.65	2132	1977	-999.0	-999.0	1.3	5.5	8.2	13.8	16.0	14.0	10.3	4.7	1.5	-4.5
231	38816	Minchukur	66.93	38.65	2132	1978	-8.0	-7.4	-4.5	5.0	8.9	13.1	16.5	15.3	11.8	5.5	-3.2	-0.7
231	38816	Minchukur	66.93	38.65	2132	1979	-5.8	-4.0	-3.7	5.4	4.4	12.4	17.2	14.3	11.1	8.1	0.6	-3.1
231	38816	Minchukur	66.93	38.65	2132	1980	-7.7	-7.8	-3.1	5.9	9.4	13.1	17.0	14.4	10.2	5.0	2.9	-1.0
231	38816	Minchukur	66.93	38.65	2132	1981	-5.3	-4.8	-0.3	3.5	8.5	11.1	14.4	12.7	10.1	2.7	1.0	-2.3
231	38816	Minchukur	66.93	38.65	2132	1982	-5.4	-8.2	-3.4	4.8	9.0	12.7	14.6	14.0	7.7	4.4	-2.7	-4.7
231	38816	Minchukur	66.93	38.65	2132	1983	-6.7	-4.5	-4.2	3.3	9.0	13.0	17.3	17.0	10.6	3.8	2.4	-5.1
231	38816	Minchukur	66.93	38.65	2132	1984	-8.7	-12.8	-1.8	3.1	8.1	14.2	18.2	19.0	8.9	3.1	0.2	-999.0
231	38816	Minchukur	66.93	38.65	2132	1985	-6.9	-4.9	-5.4	-999.0	7.5	14.8	17.0	12.5	10.4	3.7	-0.2	-4.2
231	38816	Minchukur	66.93	38.65	2132	1986	-4.9	-4.2	-6.1	2.7	7.7	12.4	16.1	13.5	11.2	6.0	-0.9	-6.1
231	38816	Minchukur	66.93	38.65	2132	1987	-3.5	-4.4	0.1	2.0	8.1	11.6	12.5	16.8	9.2	-0.2	0.9	-0.2
231	38816	Minchukur	66.93	38.65	2132	1988	-5.6	-5.5	-3.2	-999.0	7.1	13.4	16.7	13.0	9.5	3.4	3.3	-2.0
231	38816	Minchukur	66.93	38.65	2132	1989	-9.3	-10.7	-2.2	0.6	4.8	12.2	14.4	13.6	9.4	5.6	-1.4	-1.7
231	38816	Minchukur	66.93	38.65	2132	1990	-6.6	-5.7	-999.0	1.9	10.0	14.9	15.2	14.6	12.3	4.0	2.5	-5.3
231	38339	Oigaing	70.88	42.17	2151	1966	-12.5	-11.6	-7.3	-4.6	0.9	5.8	6.7	7.2	3.7	-3.0	-4.0	-11.0
231	38339	Oigaing	70.88	42.17	2151	1967	-15.6	-15.2	-9.6	-3.3	2.4	4.6	6.8	6.4	2.7	-2.5	-8.7	-10.8
231	38339	Oigaing	70.88	42.17	2151	1968	-14.0	-16.1	-8.7	-3.5	1.9	4.8	5.6	6.4	2.6	-2.7	-9.5	-13.7
231	38339	Oigaing	70.88	42.17	2151	1969	-18.5	-19.5	-6.6	-3.8	0.5	4.6	5.8	4.9	1.8	-3.6	-8.6	-9.6
231	38339	Oigaing	70.88	42.17	2151	1970	-15.7	-11.4	-12.7	-0.4	2.4	4.5	6.3	7.3	3.0	-1.8	-7.5	-12.2
231	38339	Oigaing	70.88	42.17	2151	1971	-16.8	-13.6	-8.0	-2.0	2.8	5.5	6.1	5.6	2.3	-2.4	-6.7	-9.2
231	38339	Oigaing	70.88	42.17	2151	1972	-16.3	-20.3	-10.1	-5.6	1.7	4.9	4.7	4.8	3.7	-0.8	-8.5	-12.8
231	38339	Oigaing	70.88	42.17	2151	1973	-17.2	-13.6	-10.5	-1.3	2.4	5.8	8.6	8.2	2.1	-1.0	-5.2	-10.7
231	38339	Oigaing	70.88	42.17	2151	1974	-15.4	-16.6	-9.3	0.2	3.2	5.5	8.5	6.1	3.3	-1.1	-8.7	-16.4
231	38339	Oigaing	70.88	42.17	2151	1975	-14.4	-14.4	-9.6	-2.2	1.2	4.6	7.6	7.4	3.3	-2.2	-11.1	-13.7
231	38339	Oigaing	70.88	42.17	2151	1976	-12.1	-14.5	-10.9	-3.1	2.3	3.7	8.1	8.5	3.2	-2.8	-11.6	-14.4
231	38339	Oigaing	70.88	42.17	2151	1977	-17.4	-14.7	-7.9	-0.2	3.3	6.4	7.7	7.1	3.9	-1.7	-6.1	-13.3
231	38339	Oigaing	70.88	42.17	2151	1978	-15.8	-15.9	-11.8	-1.5	2.5	5.3	7.8	6.6	3.8	0.8	-10.7	-7.5
231	38339	Oigaing	70.88	42.17	2151	1979	-14.3	-11.6	-11.6	-0.8	0.4	4.7	7.1	7.1	3.1	1.3	-7.5	-9.3
231	38339	Oigaing	70.88	42.17	2151	1980	-14.7	-14.0	-10.1	-1.2	2.8	4.5	7.5	6.8	3.7	-0.7	-3.3	-10.0
231	38339	Oigaing	70.88	42.17	2151	1981	-14.0	-12.7	-7.6	-2.6	3.3	4.6	7.4	5.1	2.7	-2.9	-6.9	-11.9
231	38339	Oigaing	70.88	42.17	2151	1982	-13.5	-14.4	-9.8	-0.3	2.8	4.3	7.0	7.0	2.0	-1.8	-11.6	-12.6
231	38339	Oigaing	70.88	42.17	2151	1983	-13.6	-13.6	-11.6	-0.7	2.7	4.8	7.1	9.3	4.1	-2.0	-7.1	-12.5
231	38339	Oigaing	70.88	42.17	2151	1984	-18.1	-19.1	-9.0	-4.5	1.2	5.3	5.3	9.9	2.1	-2.9	-7.4	-18.2
231	38339	Oigaing	70.88	42.17	2151	1985	-14.0	-11.1	-12.6	-999.0	1.4	3.9	6.8	6.4	2.7	-2.6	-10.8	-11.2
231	38339	Oigaing	70.88	42.17	2151	1986	-14.4	-14.6	-12.0	-3.9	1.9	3.7	6.1	7.3	4.8	-1.7	-7.9	-13.1
231	38339	Oigaing	70.88	42.17	2151	1987	-12.1	-12.3	-6.9	-4.5	-0.6	3.9	6.9	7.5	-999.0	-4.3	-7.4	-8.4
231	38339	Oigaing	70.88	42.17	2151	1988	-11.6	-14.0	-9.9	-3.6	0.9	5.5	7.7	-999.0	3.2	-4.5	-4.1	-10.1
231	38339	Oigaing	70.88	42.17	2151	1989	-16.0	-16.9	-10.9	-7.0	0.9	3.8	6.6	6.5	1.8	-999.0	-12.2	-9.7
231	38339	Oigaing	70.88	42.17	2151	1990	-14.7	-13.5	-10.0	-3.8	1.7	6.1	7.0	6.8	2.8	-2.2	-999.0	-999.0
231	38462	Pskem	70.37	41.90	1256	1966	-3.1	-2.4	-0.7	6.9	7.0	12.6	13.7	14.1	9.6	3.5	-2.4	-4.2
231	38462	Pskem	70.37	41.90	1256	1967	-7.2	-7.6	-0.8	4.4	7.8	10.8	12.9	12.9	9.2	3.3	0.1	-2.5
231	38462	Pskem	70.37	41.90	1256	1968	-5.7	-6.9	-0.3	4.0	7.9	11.2	13.0	13.4	9.3	4.3	-0.9	-6.3
231	38462	Pskem	70.37	41.90	1256	1969	-12.5	-14.6	-1.9	4.0	7.9	10.9	12.8	12.4	8.5	3.7	0.2	-0.7
231	38462	Pskem	70.37	41.90	1256	1970	-7.4	-2.4	-2.5	6.3	8.3	10.4	13.0	13.9	9.2	5.0	0.9	-14.6
231	38462	Pskem	70.37	41.90	1256	1971	-10.1	-5.5	0.1	5.3	8.5	13.0	14.1	12.7	9.3	5.2	2.4	-0.7
231	38462	Pskem	70.37	41.90	1256	1972	-9.8	-14.5	-3.7	3.6	8.2	10.9	11.0	11.3	9.2	4.9	1.6	-6.7
231	38462	Pskem	70.37	41.90	1256	1973	-10.4	-5.3	-2.5	5.6	8.2	12.5	15.2	13.7	7.6	4.8	1.6	-3.4
231	38462	Pskem	70.37	41.90	1256	1974	-9.4	-9.8	-2.4	5.8	8.8	11.7	15.1	12.0	9.6	4.5	-0.3	-8.1
231	38462	Pskem	70.37	41.90	1256	1975	-7.7	-8.1	-2.7	5.1	7.4	11.8	15.9	14.4	9.4	3.5	-3.6	-4.8
231	38462	Pskem	70.37	41.90	1256	1976	-4.2	-7.7	-2.6	4.5	9.2	10.8	15.4	15.2	8.9	3.2	-3.0	-5.9
231	38462	Pskem	70.37	41.90	1256	1977	-10.8	-6.1	1.1	6.8	9.6	13.0	13.8	13.1	10.1	4.9	2.8	-5.8
231	38462	Pskem	70.37	41.90	1256	1978	-8.8	-9.0	-2.3	6.0	8.4	11.4	14.7	12.5	11.0	5.5	-3.2	-1.2
231	38462	Pskem	70.37	41.90	1256	1979	-6.8	-3.7	-3.1	6.2	6.5	11.0	14.4	13.6	9.2	7.5	-0.6	-1.7
231	38462	Pskem	70.37	41.90	1256	1980	-7.7	-7.6	-2.8	6.5	8.7	11.2	14.9	13.4	9.8	5.1	3.6	-0.8
231	38462	Pskem	70.37	41.90	1256	1981	-4.5	-5.0	0.6	5.1	8.9	10.8	13.9	12.0	8.4	2.6	0.3	-4.4
231	38462	Pskem	70.37	41.90	1256	1982	-5.7	-7.4	-2.1	5.7	8.7	11.4	14.2	13.5	8.8	5.2	-4.2	-5.6
231	38462	Pskem	70.37	41.90	1256	1983	-6.5	-3.9	-1.6	5.6	8.5	11.1	14.6	15.3	9.5	4.0	1.9	-4.3
231	38462	Pskem	70.37	41.90	1256	1984	-8.9	-12.8	-1.1	4.7	7.6	12.2	16.1	16.2	8.1	3.7	0.0	-11.6
231	38462	Pskem	70.37	41.90	1256	1985	-7.1	-3.9	-4.5	6.1	7.8	12.0	15.2	13.0	9.9	3.5	-1.9	-3.3
231	38462	Pskem	70.37	41.90	1256	1986	-4.8	-4.1	-3.7	4.7	8.6	11.4	14.4	13.7	11.3	5.1	-1.2	-6.0
231	38462	Pskem	70.37	41.90	1256	1987	-4.8	-3.9	1.0	3.4	7.8	10.4	13.0	15.1	9.2	1.9	0.2	-0.6
231	38462	Pskem	70.37	41.90	1256	1988	-4.8	-5.5	-1.5	6.1	7.0	12.5	15.1	13.6	9.9	3.6	3.5	-1.0
231	38462	Pskem	70.37	41.90	1256	1989	-8.4	-9.9	-1.9	2.0	6.8	11.0	14.2	13.0	8.9	6.0	-2.0	-0.7
231	38462	Pskem	70.37	41.90	1256	1990	-7.8	-5.0	-1.4	4.5	10.0	14.2	14.2	14.3	10.8	4.5	2.3	-4.7
231	38462	Pskem	70.37	41.90	1256	1991	-999.0	-999.0	-999.0	-999.0	-999.0	-999.0	-999.0	-999.0	-999.0	-999.0	-999.0	-999.0
231	38462	Pskem	70.37	41.90	1256	1992	-999.0	-999.0	-999.0	-999.0	-999.0	-999.0	-999.0	-999.0	-999.0	-999.0	-999.0	-999.0
231	38462	Pskem	70.37	41.90	1256	1993	-999.0	-999.0	-999.0	-999.0	-999.0	-999.0	-999.0	-999.0	-999.0	-999.0	-999.0	-999.0
231	38462	Pskem	70.37	41.90	1256	1994	-8.3	-10.1	-0.8	2.1	8.6	12.4	14.3	13.9	6.7	5.1	2.2	-5.4
231	38462	Pskem	70.37	41.90	1256	1995	-8.0	-5.3	-1.6	4.8	7.9	12.3	14.6	13.5	9.2	3.1	1.6	-6.4
231	38462	Pskem	70.37	41.90	1256	1996	-8.8	-6.6	-2.5	1.8	6.7	11.1	13.3	12.3	9.1	4.1	-1.3	-1.8
231	38462	Pskem	70.37	41.90	1256	1997	-5.1	-8.1	-0.4	6.7	7.0	11.5	14.5	13.2	9.2	6.5	-1.7	-4.2
231	38462	Pskem	70.37	41.90	1256	1998	-7.0	-7.0	-3.1	4.5	7.2	11.6	13.6	13.7	10.4	-999.0	-999.0	-1.7
231	38462	Pskem	70.37	41.90	1256	1999	-6.0	-2.0	-1.3	3.0	7.7	10.3	11.8	14.9	9.3	5.4	-2.5	-2.8
231	38462	Pskem	70.37	41.90	1256	2000	-6.1	-6.9	-1.7	5.9	9.1	11.0	14.2	13.9	9.9	2.8	-1.3	-3.5
231	38462	Pskem	70.37	41.90	1256	2001	-8.6	-4.8	1.2	6.0	10.0	12.9	12.8	12.9	8.0	3.0	1.8	-4.7
231	38462	Pskem	70.37	41.90	1256	2002	-5.0	-5.0	0.3	5.1	6.7	10.8	12.8	14.3	9.8	6.8	2.4	-6.9
231	38462	Pskem	70.37	41.90	1256	2003	-4.0	-4.9	-2.3	3.2	6.7	10.8	13.4	13.7	10.1	5.2	-0.6	-5.5
231	38696	Samarkand	67.00	39.70	726	1936	-5.6	-0.1	0.5	7.6	13.9	16.6	17.3	15.6	13.2	8.0	2.8	-1.9
231	38696	Samarkand	67.00	39.70	726	1937	-6.1	-0.1	0.5	5.4	13.4	16.3	18.4	15.7	12.5	5.9	-0.9	-3.9
231	38696	Samarkand	67.00	39.70	726	1938	-1.3	1.0	1.7	10.8	15.0	13.3	15.2	13.7	9.2	5.7	-1.0	-1.2
231	38696	Samarkand	67.00	39.70	726	1939	-0.8	-0.6	1.8	4.9	11.7	15.3	16.4	14.3	9.6	4.8	2.6	2.2
231	38696	Samarkand	67.00	39.70	726	1940	-2.0	0.6	1.1	8.9	11.7	15.2	16.2	13.9	10.1	7.5	2.1	-0.1
231	38696	Samarkand	67.00	39.70	726	1941	-3.8	1.8	5.6	8.8	14.0	15.6	15.0	15.0	10.1	7.6	1.5	-0.6
231	38696	Samarkand	67.00	39.70	726	1942	-1.5	-1.9	2.4	7.1	13.6	15.4	16.8	13.6	8.8	6.1	4.3	-1.2
231	38696	Samarkand	67.00	39.70	726	1943	-4.3	-3.0	0.7	7.2	11.8	13.8	17.2	14.3	9.5	4.1	1.1	-0.1
231	38696	Samarkand	67.00	39.70	726	1944	-0.7	1.0	6.5	8.7	12.8	14.7	17.8	16.0	8.7	4.8	1.1	-9.5
231	38696	Samarkand	67.00	39.70	726	1945	-5.0	-5.6	0.9	8.3	11.3	15.4	15.7	15.7	11.3	5.9	0.4	-1.2
231	38696	Samarkand	67.00	39.70	726	1946	-2.7	1.9	3.7	8.7	13.9	14.4	15.2	15.0	10.8	7.0	-3.0	-7.2
231	38696	Samarkand	67.00	39.70	726	1947	-2.3	-0.1	6.5	8.0	12.1	13.5	15.6	16.4	10.6	5.4	4.7	-3.0
231	38696	Samarkand	67.00	39.70	726	1948	-0.3	-0.6	1.1	7.2	12.2	16.3	17.0	15.0	9.5	4.1	0.0	-5.5
231	38696	Samarkand	67.00	39.70	726	1949	-6.4	-1.1	1.4	7.9	11.6	15.6	16.9	15.0	9.5	1.4	-0.8	-2.1
231	38696	Samarkand	67.00	39.70	726	1950	-6.9	-4.4	3.5	6.0	12.8	15.9	17.6	15.2	9.2	4.4	-3.9	-7.8
231	38696	Samarkand	67.00	39.70	726	1951	-5.4	-6.6	1.2	8.1	12.8	13.2	16.0	15.2	10.9	8.3	1.6	1.1
231	38696	Samarkand	67.00	39.70	726	1952	-0.9	2.2	2.7	9.2	12.2	15.6	17.2	16.0	10.1	4.5	-1.7	-3.2
231	38696	Samarkand	67.00	39.70	726	1953	-1.4	1.7	1.7	8.0	12.5	15.5	17.5	14.6	9.4	3.1	-0.6	-3.1
231	38696	Samarkand	67.00	39.70	726	1954	-2.5	-3.7	-0.2	10.0	11.9	14.3	17.1	14.7	10.2	5.1	-0.9	-4.3
231	38696	Samarkand	67.00	39.70	726	1955	-2.4	1.0	3.4	5.6	11.3	15.4	16.8	15.9	10.9	3.8	3.6	1.6
231	38696	Samarkand	67.00	39.70	726	1956	-3.5	-1.9	2.0	9.7	13.4	14.2	18.3	15.5	10.7	5.0	1.8	-3.7
231	38696	Samarkand	67.00	39.70	726	1957	-7.5	-5.2	2.8	5.4	10.6	15.5	16.0	15.1	9.2	4.5	-0.7	-1.5
231	38696	Samarkand	67.00	39.70	726	1958	0.3	0.2	4.8	8.4	10.2	16.3	18.0	15.6	10.4	5.1	-2.5	1.0
231	38696	Samarkand	67.00	39.70	726	1959	-1.9	-4.7	1.5	10.0	11.0	15.3	16.3	16.5	13.0	6.2	0.3	-5.5
231	38696	Samarkand	67.00	39.70	726	1960	-1.5	1.4	-1.6	6.5	10.5	16.1	16.7	14.9	10.2	5.3	1.1	-2.8
231	38696	Samarkand	67.00	39.70	726	1961	-1.5	-2.7	2.4	8.0	15.2	15.1	17.9	15.6	11.4	3.5	1.4	0.6
231	38696	Samarkand	67.00	39.70	726	1962	-4.1	2.0	6.1	8.1	11.4	15.3	18.1	15.4	9.5	5.2	-1.0	-4.3
231	38696	Samarkand	67.00	39.70	726	1963	-0.2	3.1	3.4	10.5	13.4	17.1	16.6	14.1	9.7	7.4	0.7	-3.1
231	38696	Samarkand	67.00	39.70	726	1964	-9.6	-0.9	5.0	8.2	10.9	15.7	15.7	15.0	10.7	2.3	0.9	-5.9
231	38696	Samarkand	67.00	39.70	726	1965	-3.9	-2.4	1.6	7.8	12.6	14.6	17.8	14.1	9.2	7.5	3.9	-1.3
231	38696	Samarkand	67.00	39.70	726	1966	0.3	2.4	3.6	7.3	11.9	17.6	17.0	16.1	11.0	5.4	-1.7	-1.6
231	38696	Samarkand	67.00	39.70	726	1967	-5.6	-2.5	2.6	9.0	11.6	15.2	16.7	15.1	11.2	5.6	3.5	1.0
231	38696	Samarkand	67.00	39.70	726	1968	-0.1	-2.1	4.1	7.1	11.7	16.3	16.1	15.1	10.1	4.9	2.8	0.0
231	38696	Samarkand	67.00	39.70	726	1969	-10.7	-11.0	2.5	8.4	11.3	15.5	16.8	15.3	10.5	6.6	1.8	2.7
231	38696	Samarkand	67.00	39.70	726	1970	-2.5	1.5	1.8	10.0	13.0	14.4	17.2	15.9	10.1	5.9	2.1	-2.5
231	38696	Samarkand	67.00	39.70	726	1971	-8.1	-1.8	5.1	8.3	12.0	16.2	16.4	14.6	10.4	5.8	4.9	2.4
231	38696	Samarkand	67.00	39.70	726	1972	-7.7	-12.0	0.5	8.1	12.0	15.8	16.0	14.0	10.9	5.8	3.4	-3.5
231	38696	Samarkand	67.00	39.70	726	1973	-7.5	0.1	2.9	9.4	12.4	17.2	18.6	16.5	9.6	5.6	2.0	-2.0
231	38696	Samarkand	67.00	39.70	726	1974	-7.2	-5.7	2.9	9.3	12.9	16.2	17.3	14.5	11.4	4.6	1.6	-3.2
231	38696	Samarkand	67.00	39.70	726	1975	-3.4	-2.9	4.4	8.9	11.7	16.0	17.8	15.5	11.5	5.0	-2.0	-2.1
231	38696	Samarkand	67.00	39.70	726	1976	0.4	-3.0	1.6	9.3	13.8	15.3	18.7	15.9	11.2	5.5	-2.2	-3.0
231	38696	Samarkand	67.00	39.70	726	1977	-8.6	-2.6	5.2	10.0	14.4	18.4	17.8	15.9	11.5	6.9	6.1	-0.6
231	38696	Samarkand	67.00	39.70	726	1978	-3.4	-5.0	2.2	10.1	12.8	17.1	18.2	15.5	12.0	7.0	0.9	2.7
231	38696	Samarkand	67.00	39.70	726	1979	-2.9	0.9	3.0	10.8	10.3	15.7	18.0	16.8	12.0	8.7	0.6	1.8
231	38696	Samarkand	67.00	39.70	726	1980	-4.2	-3.9	2.2	11.7	13.9	17.3	18.1	16.8	12.0	7.3	5.6	0.5
231	38696	Samarkand	67.00	39.70	726	1981	0.8	0.4	5.6	8.8	13.7	15.7	18.2	16.2	12.0	5.4	2.7	1.2
231	38696	Samarkand	67.00	39.70	726	1982	-1.9	-1.4	2.2	9.7	13.5	16.1	18.6	16.7	10.3	7.9	-0.6	-3.3
231	38696	Samarkand	67.00	39.70	726	1983	-1.6	1.1	2.6	9.4	14.4	17.5	19.3	18.3	12.7	5.6	4.3	-1.0
231	38696	Samarkand	67.00	39.70	726	1984	-4.0	-9.8	4.4	8.6	13.5	17.0	19.3	18.7	11.2	5.8	4.1	-9.0
231	38696	Samarkand	67.00	39.70	726	1985	-2.7	1.4	1.7	10.6	13.3	17.4	19.1	15.7	12.5	6.2	1.1	1.0
231	38696	Samarkand	67.00	39.70	726	1986	0.1	0.4	-0.3	8.5	14.0	16.3	18.6	16.2	12.6	7.7	1.6	-0.8
231	38696	Samarkand	67.00	39.70	726	1987	0.7	0.7	5.5	7.4	12.6	16.6	17.9	18.0	12.3	4.6	2.2	1.0
231	38696	Samarkand	67.00	39.70	726	1988	-1.0	-0.9	3.6	10.7	12.7	18.3	19.2	16.5	12.3	5.7	4.8	2.3
231	38696	Samarkand	67.00	39.70	726	1989	-5.5	-6.4	4.1	5.9	11.0	15.8	19.2	15.8	11.0	7.3	2.0	2.7
231	38696	Samarkand	67.00	39.70	726	1990	-3.2	0.4	3.5	8.4	14.2	18.5	18.2	18.0	13.7	6.3	3.8	-2.0
231	38696	Samarkand	67.00	39.70	726	1991	-3.1	-1.1	2.9	9.7	12.4	16.7	19.0	16.6	12.6	6.7	3.0	2.1
231	38696	Samarkand	67.00	39.70	726	1992	-0.9	1.6	2.3	9.7	11.1	16.5	18.9	16.1	12.2	5.9	5.2	2.5
231	38696	Samarkand	67.00	39.70	726	1993	-2.1	0.2	2.9	9.1	12.2	17.0	18.6	16.3	12.9	5.4	1.3	-0.9
231	38696	Samarkand	67.00	39.70	726	1994	-2.3	-4.2	5.0	6.6	13.7	18.7	19.6	18.5	10.2	7.4	6.9	-1.0
231	38696	Samarkand	67.00	39.70	726	1995	-1.6	0.6	2.9	9.4	13.2	17.7	19.6	17.8	11.8	6.4	4.4	-2.0
231	38696	Samarkand	67.00	39.70	726	1996	-4.0	-2.1	2.1	7.8	12.1	17.0	18.1	16.1	13.3	5.8	1.0	1.0
231	38696	Samarkand	67.00	39.70	726	1997	-0.4	-2.4	-999.0	-999.0	-999.0	-999.0	-999.0	-999.0	13.0	9.8	1.3	-1.0
231	38696	Samarkand	67.00	39.70	726	1998	-2.9	-2.7	2.4	10.1	12.2	17.1	19.8	18.4	14.1	-999.0	-999.0	1.8
231	38696	Samarkand	67.00	39.70	726	1999	-1.3	3.4	1.9	6.4	12.5	16.6	17.9	18.5	14.0	9.1	2.6	0.6
231	38696	Samarkand	67.00	39.70	726	2000	-0.9	-1.8	2.7	11.6	11.7	16.3	17.5	17.4	12.7	6.2	1.1	0.7
231	38696	Samarkand	67.00	39.70	726	2001	-4.6	-1.2	4.3	10.3	16.4	17.7	17.5	16.3	11.7	5.7	4.2	0.6
231	38696	Samarkand	67.00	39.70	726	2002	-0.5	0.4	4.2	8.9	12.1	15.9	17.7	18.1	12.7	9.2	4.3	-5.7
231	38696	Samarkand	67.00	39.70	726	2003	0.8	0.1	2.0	7.9	11.1	16.0	18.6	16.3	12.6	9.0	2.9	-1.8
231	38711	Sanzar	68.02	39.72	1313	1966	-0.7	0.6	0.4	4.8	8.3	14.2	15.6	14.5	10.8	3.8	-1.8	-2.7
231	38711	Sanzar	68.02	39.72	1313	1967	-6.3	-6.5	-0.7	5.2	8.1	12.3	15.2	14.2	10.0	4.4	1.1	-1.3
231	38711	Sanzar	68.02	39.72	1313	1968	-4.4	-4.6	0.7	4.0	8.0	12.6	14.6	14.6	9.8	4.7	1.4	-999.0
231	38711	Sanzar	68.02	39.72	1313	1969	-12.1	-11.7	0.1	5.3	8.8	12.2	9.5	14.2	10.1	5.8	0.1	0.7
231	38711	Sanzar	68.02	39.72	1313	1970	-4.6	-1.6	-0.8	7.2	9.3	11.9	15.8	16.5	10.1	5.8	2.1	-3.8
231	38711	Sanzar	68.02	39.72	1313	1971	-9.2	-4.5	1.9	5.7	10.1	14.4	15.8	14.4	10.7	5.5	3.6	-0.4
231	38711	Sanzar	68.02	39.72	1313	1972	-10.1	-14.2	-1.3	5.0	9.1	12.0	12.4	12.5	10.2	6.1	2.6	-6.1
231	38711	Sanzar	68.02	39.72	1313	1973	-999.0	-999.0	-999.0	6.5	9.6	15.0	17.6	16.1	9.2	5.9	2.1	-3.6
231	38711	Sanzar	68.02	39.72	1313	1974	-999.0	-9.3	-0.6	6.5	9.7	13.6	17.0	14.1	10.3	5.0	0.7	-6.1
231	38711	Sanzar	68.02	39.72	1313	1975	-7.0	-7.0	-999.0	-999.0	9.7	14.1	17.6	16.4	-999.0	4.6	-3.0	-999.0
231	38711	Sanzar	68.02	39.72	1313	1976	-999.0	-7.7	-1.9	6.0	10.1	12.6	17.1	16.7	10.8	4.4	-1.7	-4.6
231	38711	Sanzar	68.02	39.72	1313	1977	-10.9	-4.4	3.6	8.3	11.5	-999.0	16.7	15.3	11.7	6.1	4.0	-4.3
231	38711	Sanzar	68.02	39.72	1313	1978	-8.5	-7.5	-0.5	7.5	9.5	13.9	17.0	14.1	11.6	6.0	-1.9	-0.6
231	38711	Sanzar	68.02	39.72	1313	1979	-6.6	-2.6	-1.5	7.0	6.5	13.9	17.0	16.0	11.3	-999.0	-0.1	-0.7
231	38711	Sanzar	68.02	39.72	1313	1980	-6.8	-7.4	-1.4	8.7	11.2	14.2	18.0	16.1	11.7	6.1	4.5	-0.3
231	38711	Sanzar	68.02	39.72	1313	1981	-3.5	-2.5	2.3	5.8	10.7	12.2	15.8	14.6	10.8	3.9	1.5	-1.6
231	38711	Sanzar	68.02	39.72	1313	1982	-4.9	-6.8	-0.7	6.8	10.8	13.6	16.2	15.9	9.7	5.4	-3.1	-5.5
231	38711	Sanzar	68.02	39.72	1313	1983	-6.1	-2.4	-1.1	6.5	10.6	13.7	17.3	17.4	11.6	4.5	2.4	-4.4
231	38711	Sanzar	68.02	39.72	1313	1984	-8.8	-13.2	0.9	5.8	9.4	14.9	17.7	18.8	10.2	4.4	1.6	-11.9
231	38711	Sanzar	68.02	39.72	1313	1985	-6.5	-2.8	-2.2	7.4	8.8	14.5	17.5	14.3	11.9	4.5	0.2	-1.8
231	38711	Sanzar	68.02	39.72	1313	1986	-3.3	-2.3	-3.3	5.5	10.2	13.1	16.9	15.3	11.9	6.7	-0.3	-4.9
231	38711	Sanzar	68.02	39.72	1313	1987	-2.2	-2.4	3.0	4.5	9.4	12.5	15.0	17.2	10.8	2.4	1.5	-0.6
231	38711	Sanzar	68.02	39.72	1313	1988	-5.1	-2.9	0.1	7.6	8.8	14.4	17.2	14.5	11.1	4.6	3.9	-0.3
231	38711	Sanzar	68.02	39.72	1313	1989	-9.3	-10.3	0.3	2.7	7.7	12.9	15.8	15.8	9.8	6.3	-0.4	0.3
231	38711	Sanzar	68.02	39.72	1313	1990	-7.4	-4.3	-0.1	-999.0	10.6	15.2	16.3	16.8	12.4	4.5	-999.0	-999.0
231	38708	Severtsova Glacier	67.65	39.12	2780	1966	-6.5	-7.7	-7.4	-3.1	2.1	7.6	8.1	7.2	3.5	-2.7	-5.8	-9.0
231	38708	Severtsova Glacier	67.65	39.12	2780	1967	-12.2	-11.3	-7.8	-2.6	1.3	5.4	7.7	7.8	4.0	-2.1	-6.6	-8.4
231	38708	Severtsova Glacier	67.65	39.12	2780	1968	-11.6	-11.9	-6.5	-1.9	1.4	6.1	7.8	8.0	3.9	-1.2	-5.0	-9.2
231	38708	Severtsova Glacier	67.65	39.12	2780	1969	-14.4	-14.0	-4.7	-2.9	-2.9	5.7	7.2	6.5	1.7	-0.9	-7.0	-7.7
231	38708	Severtsova Glacier	67.65	39.12	2780	1970	-11.7	-8.9	-8.4	0.1	3.7	6.1	7.4	8.2	3.6	0.0	-3.8	-9.8
231	38708	Severtsova Glacier	67.65	39.12	2780	1971	-12.5	-10.8	-5.0	-0.8	3.9	7.6	7.9	7.1	2.5	-0.9	-3.5	-6.0
231	38708	Severtsova Glacier	67.65	39.12	2780	1972	-13.1	-16.9	-7.6	-2.8	1.5	5.7	5.6	5.4	3.8	-0.4	-3.3	-11.1
231	38708	Severtsova Glacier	67.65	39.12	2780	1973	-999.0	-999.0	-999.0	-999.0	-999.0	-999.0	10.5	-999.0	-999.0	-0.3	-3.0	-8.9
231	38708	Severtsova Glacier	67.65	39.12	2780	1974	-14.3	-13.4	-6.7	-0.3	1.6	5.4	8.7	6.1	3.3	-1.5	-5.9	-11.6
231	38708	Severtsova Glacier	67.65	39.12	2780	1975	-11.8	-11.8	-7.6	-1.3	1.8	6.0	9.2	8.9	4.0	-2.2	-8.3	-10.3
231	38708	Severtsova Glacier	67.65	39.12	2780	1976	-9.2	-13.1	-10.0	-2.2	2.9	5.8	10.5	9.4	4.3	-1.3	-6.9	-9.6
231	38708	Severtsova Glacier	67.65	39.12	2780	1977	-14.2	-11.0	-3.6	0.6	3.1	8.0	9.6	7.9	4.3	0.8	-2.9	-8.9
231	38708	Severtsova Glacier	67.65	39.12	2780	1978	-13.2	-11.8	-9.7	0.0	3.6	6.4	9.5	8.7	5.0	0.7	-7.1	-4.9
231	38708	Severtsova Glacier	67.65	39.12	2780	1979	-9.9	-8.9	-8.6	0.6	0.2	5.8	9.7	7.9	4.6	1.9	-4.7	-7.4
231	38708	Severtsova Glacier	67.65	39.12	2780	1980	-12.2	-1.2	-7.6	1.5	3.9	6.7	9.8	8.1	4.0	0.3	-2.6	-7.2
231	38708	Severtsova Glacier	67.65	39.12	2780	1981	-11.1	-10.2	-5.8	-1.0	3.9	0.5	8.0	5.7	3.4	-2.3	4.4	-7.3
231	38708	Severtsova Glacier	67.65	39.12	2780	1982	-10.0	-12.9	-7.7	-1.0	3.1	5.6	7.1	7.7	2.1	-0.3	-6.8	-9.2
231	38708	Severtsova Glacier	67.65	39.12	2780	1983	-10.7	-9.7	-8.5	-1.0	3.6	5.5	9.7	10.3	4.4	-2.0	-3.5	-10.0
231	38708	Severtsova Glacier	67.65	39.12	2780	1984	-14.1	-16.6	-5.6	-1.7	2.4	6.9	10.4	11.6	2.2	-2.4	-4.8	-14.7
231	38708	Severtsova Glacier	67.65	39.12	2780	1985	-10.9	-9.3	-9.7	-0.2	1.5	6.6	9.5	6.0	3.7	-1.4	-5.8	-8.5
231	38708	Severtsova Glacier	67.65	39.12	2780	1986	-10.1	-8.9	-10.3	-2.3	1.7	5.8	8.7	7.4	4.7	0.0	-6.8	-10.3
231	38708	Severtsova Glacier	67.65	39.12	2780	1987	-8.9	-9.4	-4.8	-3.5	1.5	4.7	6.3	8.4	3.8	-3.4	-3.6	-5.3
231	38708	Severtsova Glacier	67.65	39.12	2780	1988	-10.5	-10.3	-8.4	-0.9	1.9	6.4	9.0	6.3	3.5	-2.7	-2.5	-7.0
231	38708	Severtsova Glacier	67.65	39.12	2780	1989	-13.8	-15.1	-7.8	-5.2	-0.8	5.0	7.8	6.8	3.8	0.4	-7.2	-6.8
231	38708	Severtsova Glacier	67.65	39.12	2780	1990	-10.6	-10.8	-8.0	-2.9	4.1	7.5	7.9	9.0	5.2	-999.0	-999.0	-999.0
231	38413	Tamdy	64.62	41.73	237	1932	-999.0	-999.0	-999.0	-999.0	-999.0	19.1	-999.0	17.8	12.6	5.6	-2.1	-8.9
231	38413	Tamdy	64.62	41.73	237	1933	-9.3	-3.5	-999.0	10.1	15.9	18.6	23.0	20.5	12.6	5.8	-999.0	-5.2
231	38413	Tamdy	64.62	41.73	237	1934	-13.8	-1.8	2.3	7.1	11.5	19.9	20.4	19.8	12.2	4.6	-2.6	-4.8
231	38413	Tamdy	64.62	41.73	237	1935	-13.3	-0.8	0.7	9.3	14.4	17.3	21.8	20.5	-999.0	-999.0	-999.0	-999.0
231	38413	Tamdy	64.62	41.73	237	1936	-999.0	-999.0	-1.6	7.8	14.9	20.6	21.5	19.0	12.3	8.4	0.4	-5.3
231	38413	Tamdy	64.62	41.73	237	1937	-7.5	-3.9	-1.4	4.9	13.5	18.3	21.6	17.9	12.9	5.9	-5.4	-8.0
231	38413	Tamdy	64.62	41.73	237	1938	-3.6	-0.9	0.0	11.6	16.0	17.2	18.4	17.8	11.0	4.8	-1.5	-10.2
231	38413	Tamdy	64.62	41.73	237	1939	-6.2	-2.4	1.6	5.7	14.3	-999.0	-999.0	-999.0	11.9	3.4	1.7	-0.1
231	38413	Tamdy	64.62	41.73	237	1940	-6.5	-3.6	0.4	10.0	12.5	19.9	21.3	19.1	12.3	6.6	0.2	-0.6
231	38413	Tamdy	64.62	41.73	237	1941	-6.2	1.0	3.6	9.8	14.8	20.8	19.3	18.5	12.8	8.0	0.0	-1.8
231	38413	Tamdy	64.62	41.73	237	1942	-1.8	-8.0	0.9	6.9	15.3	20.0	22.3	17.3	10.7	5.2	0.3	-3.3
231	38413	Tamdy	64.62	41.73	237	1943	-8.1	-999.0	-1.3	7.9	15.3	17.9	22.4	17.7	10.8	2.9	-1.5	-5.1
231	38413	Tamdy	64.62	41.73	237	1944	-3.1	1.2	6.0	9.4	14.6	18.3	23.2	16.9	11.3	4.2	-2.3	-13.9
231	38413	Tamdy	64.62	41.73	237	1945	-8.3	-10.7	-1.4	9.1	12.9	16.6	-999.0	18.9	11.7	8.0	-2.9	-4.8
231	38413	Tamdy	64.62	41.73	237	1946	-6.4	1.2	2.0	8.2	15.7	15.8	-999.0	16.9	13.5	6.6	-3.2	-12.0
231	38413	Tamdy	64.62	41.73	237	1947	-4.0	-2.9	6.1	9.4	12.7	15.7	19.4	18.8	12.7	5.8	2.7	-7.8
231	38413	Tamdy	64.62	41.73	237	1948	-3.1	-3.7	0.9	6.6	14.1	18.6	-999.0	18.3	11.1	5.7	-1.1	-9.0
231	38413	Tamdy	64.62	41.73	237	1949	-8.8	-4.4	-1.1	9.2	13.6	17.9	19.2	18.0	9.9	2.0	-2.7	-6.6
231	38413	Tamdy	64.62	41.73	237	1950	-10.1	-8.0	2.6	6.5	15.5	17.7	19.3	17.8	11.0	4.8	-8.6	-12.7
231	38413	Tamdy	64.62	41.73	237	1951	-8.4	-13.8	-0.2	10.4	15.1	16.1	20.0	17.4	11.3	6.9	-0.3	-0.6
231	38413	Tamdy	64.62	41.73	237	1952	-3.1	1.1	-0.1	8.0	13.3	16.7	20.9	19.3	11.7	4.6	-7.3	-9.7
231	38413	Tamdy	64.62	41.73	237	1953	-2.0	1.6	0.1	7.2	14.8	17.9	-999.0	-999.0	11.2	4.2	-2.7	-3.9
231	38413	Tamdy	64.62	41.73	237	1954	-5.7	-7.5	-4.5	9.3	12.4	15.9	20.3	17.3	11.5	6.2	-3.3	-6.2
231	38413	Tamdy	64.62	41.73	237	1955	-5.6	-0.6	1.0	6.2	13.9	18.5	21.1	19.8	12.2	3.1	1.7	-2.5
231	38413	Tamdy	64.62	41.73	237	1956	-11.0	-6.2	-0.4	10.9	14.3	16.8	22.4	18.5	11.7	5.0	2.0	-6.6
231	38413	Tamdy	64.62	41.73	237	1957	-11.0	-7.2	1.7	5.3	12.8	18.0	18.0	17.1	12.5	4.7	-1.0	-1.5
231	38413	Tamdy	64.62	41.73	237	1958	-0.8	0.0	3.8	7.8	13.9	20.9	23.9	20.1	13.0	5.6	-1.5	-2.6
231	38413	Tamdy	64.62	41.73	237	1959	-4.6	-3.6	0.7	11.7	13.7	20.2	20.9	21.4	15.8	6.1	-3.2	-9.3
231	38413	Tamdy	64.62	41.73	237	1960	-3.1	1.0	-3.0	7.7	12.9	21.6	21.5	20.3	13.9	8.2	-1.1	-4.4
231	38413	Tamdy	64.62	41.73	237	1961	-4.8	-4.1	2.6	10.8	19.1	20.5	23.4	21.2	14.1	4.5	1.9	-1.0
231	38413	Tamdy	64.62	41.73	237	1962	-5.3	-0.9	5.3	8.3	15.7	20.2	24.7	20.0	13.2	7.0	-1.8	-4.2
231	38413	Tamdy	64.62	41.73	237	1963	-2.9	2.3	3.0	9.0	16.9	21.5	22.9	19.6	14.4	9.3	2.2	-4.4
231	38413	Tamdy	64.62	41.73	237	1964	-8.0	-2.8	1.9	8.3	15.5	20.6	23.3	20.8	14.1	4.1	2.5	-6.3
231	38413	Tamdy	64.62	41.73	237	1965	-6.0	-4.8	2.3	9.1	16.7	20.5	24.4	20.2	14.6	7.8	3.1	-1.1
231	38413	Tamdy	64.62	41.73	237	1966	-1.8	-0.3	3.6	9.8	13.6	22.9	24.1	23.2	15.1	6.3	-2.3	-5.7
231	38413	Tamdy	64.62	41.73	237	1967	-6.3	-4.8	2.0	11.0	15.9	20.5	22.6	20.4	13.8	7.6	3.3	-0.5
231	38413	Tamdy	64.62	41.73	237	1968	-2.8	-4.1	3.7	7.7	16.0	20.6	22.1	21.3	13.8	6.0	0.7	-8.0
231	38413	Tamdy	64.62	41.73	237	1969	-17.2	-17.5	0.2	9.9	15.3	21.1	22.8	19.6	15.3	7.4	2.5	1.2
231	38413	Tamdy	64.62	41.73	237	1970	-9.5	-0.3	1.3	11.7	16.9	20.4	23.0	20.9	14.2	7.9	0.5	-5.7
231	38413	Tamdy	64.62	41.73	237	1971	-8.1	-4.5	2.9	8.4	15.0	20.0	23.4	19.6	15.4	9.0	5.5	1.4
231	38413	Tamdy	64.62	41.73	237	1972	-13.5	-13.2	-1.2	9.3	16.0	20.5	21.4	19.3	14.8	8.6	3.3	-5.3
231	38413	Tamdy	64.62	41.73	237	1973	-9.6	-2.2	2.0	11.4	15.2	22.2	23.8	22.1	12.6	7.1	3.2	-3.2
231	38413	Tamdy	64.62	41.73	237	1974	-10.3	-11.1	0.6	9.3	17.8	22.1	24.1	18.6	14.0	8.6	2.0	-6.7
231	38413	Tamdy	64.62	41.73	237	1975	-3.8	-4.8	3.7	11.5	16.1	22.2	25.6	21.8	16.5	5.5	-2.4	-1.9
231	38413	Tamdy	64.62	41.73	237	1976	-0.6	-8.7	-0.5	11.4	17.7	21.7	25.0	23.9	15.2	4.3	-3.3	-7.7
231	38413	Tamdy	64.62	41.73	237	1977	-15.3	-5.5	3.9	12.5	17.8	24.5	23.4	21.4	15.8	6.1	4.5	-3.0
231	38413	Tamdy	64.62	41.73	237	1978	-4.9	-9.3	0.9	11.3	14.9	20.6	23.8	18.4	17.2	7.1	0.4	-0.4
231	38413	Tamdy	64.62	41.73	237	1979	-7.0	-2.0	2.8	9.9	13.1	18.6	24.2	21.0	15.7	10.7	0.6	1.5
231	38413	Tamdy	64.62	41.73	237	1980	-6.5	-7.3	-0.3	11.8	16.5	21.3	23.9	19.7	14.1	7.4	6.0	0.1
231	38413	Tamdy	64.62	41.73	237	1981	-0.8	-1.8	5.5	9.9	14.4	20.4	24.6	21.8	16.2	5.2	1.8	-1.7
231	38413	Tamdy	64.62	41.73	237	1982	-6.2	-3.9	0.9	11.4	16.8	20.4	22.1	20.7	14.3	7.9	-0.5	-3.7
231	38413	Tamdy	64.62	41.73	237	1983	-2.8	0.3	1.2	12.6	17.1	21.9	26.2	22.5	14.4	7.1	3.9	-3.0
231	38413	Tamdy	64.62	41.73	237	1984	-5.4	-11.3	2.1	8.9	15.6	21.6	26.1	24.0	14.5	8.5	1.7	-13.3
231	38413	Tamdy	64.62	41.73	237	1985	-7.1	0.5	-0.1	11.0	16.0	22.5	24.8	20.3	14.5	5.8	-1.3	-2.5
231	38413	Tamdy	64.62	41.73	237	1986	-1.0	-2.7	-1.7	9.0	17.2	20.6	24.0	20.8	17.5	7.3	0.3	-2.7
231	38413	Tamdy	64.62	41.73	237	1987	-2.0	-2.2	3.0	8.4	16.0	20.4	23.1	23.0	14.5	3.6	0.0	-0.8
231	38413	Tamdy	64.62	41.73	237	1988	-3.8	-6.2	2.5	11.9	14.7	23.4	25.1	20.5	15.4	6.6	3.8	0.4
231	38413	Tamdy	64.62	41.73	237	1989	-5.7	-3.9	3.2	6.1	15.0	20.6	24.2	20.9	14.3	9.4	0.4	1.1
231	38413	Tamdy	64.62	41.73	237	1990	-6.8	-1.4	4.1	9.8	16.0	23.8	23.4	21.8	16.6	7.7	2.8	-4.1
231	38413	Tamdy	64.62	41.73	237	1991	-6.9	-4.2	1.4	11.4	15.3	21.4	23.5	20.5	15.4	9.7	1.8	-2.0
231	38413	Tamdy	64.62	41.73	237	1992	-2.7	-0.3	0.3	10.8	13.5	21.1	23.2	19.2	13.6	6.3	3.2	0.2
231	38413	Tamdy	64.62	41.73	237	1993	-4.2	-3.1	2.0	9.8	13.8	22.0	24.1	20.1	14.3	5.5	-3.1	-6.2
231	38413	Tamdy	64.62	41.73	237	1994	-5.0	-7.7	2.2	7.1	16.1	21.9	22.2	22.4	11.7	7.8	4.9	-4.6
231	38413	Tamdy	64.62	41.73	237	1995	-4.0	-0.8	1.6	10.9	15.4	20.6	24.2	21.9	15.9	7.5	4.8	-5.1
231	38413	Tamdy	64.62	41.73	237	1996	-7.4	-7.7	-1.4	6.2	14.8	20.9	23.5	19.9	15.0	6.8	-0.3	-1.6
231	38413	Tamdy	64.62	41.73	237	1997	-3.9	-5.3	3.3	12.0	16.2	23.0	24.1	21.2	15.2	11.9	-2.6	-6.4
231	38413	Tamdy	64.62	41.73	237	1998	-6.9	-5.8	-0.5	9.7	14.5	20.8	24.4	22.7	16.2	-999.0	-999.0	-1.7
231	38413	Tamdy	64.62	41.73	237	1999	-3.6	2.4	-0.3	8.5	16.0	20.5	22.3	24.1	15.0	9.7	-0.8	-1.0
231	38413	Tamdy	64.62	41.73	237	2000	-3.4	-2.2	1.6	13.2	15.6	20.3	23.6	22.6	15.2	5.0	-0.5	-0.4
231	38413	Tamdy	64.62	41.73	237	2001	-6.2	-2.2	5.6	10.9	19.1	22.0	22.2	20.3	13.1	5.8	3.1	-4.2
231	38413	Tamdy	64.62	41.73	237	2002	-1.0	0.8	5.2	9.0	13.5	19.0	23.9	22.8	16.3	9.7	2.6	-10.0
231	38413	Tamdy	64.62	41.73	237	2003	-2.5	-2.6	0.9	8.0	14.1	18.5	23.3	22.3	15.3	10.2	2.3	-3.6
231	38457	Tashkent	69.30	41.33	477	1881	-999.0	-999.0	-999.0	-999.0	-999.0	18.2	-999.0	19.3	14.4	7.7	-999.0	-999.0
231	38457	Tashkent	69.30	41.33	477	1882	-999.0	-5.4	-999.0	-999.0	-999.0	-999.0	-999.0	-999.0	-999.0	-999.0	4.6	-999.0
231	38457	Tashkent	69.30	41.33	477	1883	-999.0	-12.9	-999.0	-999.0	16.7	-999.0	-999.0	19.3	13.5	-999.0	-999.0	-999.0
231	38457	Tashkent	69.30	41.33	477	1884	-999.0	-999.0	-999.0	-999.0	-999.0	17.4	-999.0	-999.0	11.8	-999.0	-999.0	-999.0
231	38457	Tashkent	69.30	41.33	477	1885	-999.0	-999.0	-999.0	-999.0	-999.0	-999.0	-999.0	-999.0	-999.0	-999.0	-999.0	-999.0
231	38457	Tashkent	69.30	41.33	477	1886	-999.0	-999.0	-999.0	-999.0	-999.0	-999.0	-999.0	-999.0	-999.0	-999.0	-999.0	-999.0
231	38457	Tashkent	69.30	41.33	477	1887	-999.0	-999.0	-999.0	-999.0	-999.0	-999.0	-999.0	-999.0	-999.0	-999.0	-999.0	-999.0
231	38457	Tashkent	69.30	41.33	477	1888	-999.0	-999.0	-999.0	-999.0	-999.0	-999.0	-999.0	-999.0	-999.0	-999.0	-999.0	-999.0
231	38457	Tashkent	69.30	41.33	477	1889	-999.0	-999.0	-999.0	-999.0	-999.0	-999.0	-999.0	-999.0	-999.0	-999.0	-999.0	-999.0
231	38457	Tashkent	69.30	41.33	477	1890	-999.0	-999.0	-999.0	-999.0	-999.0	-999.0	-999.0	-999.0	-999.0	-999.0	-999.0	-999.0
231	38457	Tashkent	69.30	41.33	477	1891	-999.0	-999.0	-999.0	-999.0	-999.0	-999.0	-999.0	-999.0	-999.0	-999.0	3.6	-999.0
231	38457	Tashkent	69.30	41.33	477	1892	-999.0	0.4	0.6	10.2	14.4	17.0	18.6	16.3	10.1	5.7	-0.1	-999.0
231	38457	Tashkent	69.30	41.33	477	1893	-9.4	-5.8	3.9	9.9	13.2	17.8	18.1	15.5	12.5	3.7	2.6	0.2
231	38457	Tashkent	69.30	41.33	477	1894	-9.2	0.0	4.6	7.4	11.5	17.8	18.6	15.1	11.7	4.5	-0.7	-4.6
231	38457	Tashkent	69.30	41.33	477	1895	-11.0	0.9	7.5	10.7	13.5	16.1	18.5	15.3	11.1	4.4	0.9	-0.9
231	38457	Tashkent	69.30	41.33	477	1896	1.3	-1.0	5.1	7.4	14.1	16.6	18.4	16.0	9.7	3.9	-0.6	-2.4
231	38457	Tashkent	69.30	41.33	477	1897	-7.9	-2.3	0.9	7.4	12.2	14.6	18.7	15.7	12.1	4.0	3.7	-1.4
231	38457	Tashkent	69.30	41.33	477	1898	-8.5	-5.2	-999.0	-999.0	-999.0	-999.0	18.1	-999.0	10.1	6.2	-1.0	-1.0
231	38457	Tashkent	69.30	41.33	477	1899	-3.3	1.8	5.3	8.0	12.5	17.1	16.1	16.5	10.2	7.9	1.0	-4.1
231	38457	Tashkent	69.30	41.33	477	1900	-13.6	-8.5	4.2	6.8	15.6	17.0	19.0	15.5	10.5	7.2	3.8	-0.2
231	38457	Tashkent	69.30	41.33	477	1901	-6.5	-2.8	4.4	8.1	12.4	15.3	17.4	14.7	11.3	3.8	4.1	0.5
231	38457	Tashkent	69.30	41.33	477	1902	-1.4	-1.3	2.9	6.8	14.1	18.1	17.1	15.6	10.4	5.9	1.4	0.7
231	38457	Tashkent	69.30	41.33	477	1903	-5.7	-1.2	-2.5	7.0	11.7	16.3	17.9	16.4	12.4	6.6	0.9	-3.7
231	38457	Tashkent	69.30	41.33	477	1904	-12.1	-0.4	3.6	6.6	13.8	16.5	17.0	15.1	10.0	3.5	4.1	1.2
231	38457	Tashkent	69.30	41.33	477	1905	-6.4	-7.4	-1.4	7.8	13.3	16.5	18.3	16.0	11.7	8.5	3.0	-2.0
231	38457	Tashkent	69.30	41.33	477	1906	-7.9	-3.2	2.3	5.2	12.7	18.2	18.2	17.0	11.6	5.5	2.7	2.0
231	38457	Tashkent	69.30	41.33	477	1907	-4.6	-5.0	1.5	10.3	11.4	15.3	18.5	16.2	10.4	4.1	1.7	-0.9
231	38457	Tashkent	69.30	41.33	477	1908	-3.3	-2.4	1.8	9.4	12.3	15.5	18.0	15.4	11.3	3.3	4.3	-1.2
231	38457	Tashkent	69.30	41.33	477	1909	-9.9	-1.6	4.7	11.6	12.9	15.4	18.3	16.0	11.1	4.6	6.9	0.7
231	38457	Tashkent	69.30	41.33	477	1910	-0.2	-0.4	2.6	7.0	15.2	17.5	19.3	16.6	-999.0	5.4	0.5	-7.6
231	38457	Tashkent	69.30	41.33	477	1911	-4.5	-1.9	3.4	9.1	13.5	17.7	16.9	15.4	11.3	3.1	-0.6	-6.3
231	38457	Tashkent	69.30	41.33	477	1912	-2.8	-0.8	2.7	9.5	12.3	17.3	17.4	14.4	9.6	6.3	-0.5	-2.3
231	38457	Tashkent	69.30	41.33	477	1913	-999.0	-4.5	-0.8	5.2	14.2	15.6	18.5	14.1	10.8	7.1	2.7	1.7
231	38457	Tashkent	69.30	41.33	477	1914	0.9	-1.0	4.0	9.6	13.1	18.6	17.6	16.7	11.6	5.9	4.0	-3.3
231	38457	Tashkent	69.30	41.33	477	1915	-0.9	-2.1	7.8	10.2	14.0	18.7	18.6	17.4	12.5	6.0	3.7	1.1
231	38457	Tashkent	69.30	41.33	477	1916	-1.5	-5.7	4.5	10.6	14.3	14.2	18.0	16.8	11.6	4.5	-3.9	-2.2
231	38457	Tashkent	69.30	41.33	477	1917	0.6	1.2	2.4	7.5	15.8	14.7	17.8	17.0	10.8	4.6	0.3	-3.8
231	38457	Tashkent	69.30	41.33	477	1918	-4.1	-3.8	1.3	7.9	13.9	18.1	18.6	17.0	11.9	7.2	-0.1	-6.0
231	38457	Tashkent	69.30	41.33	477	1919	-11.9	-1.3	1.3	11.0	13.7	16.4	18.8	16.8	10.1	6.2	1.9	-0.8
231	38457	Tashkent	69.30	41.33	477	1920	-999.0	-999.0	2.5	5.7	12.1	18.1	18.9	16.5	12.5	7.6	0.0	-12.0
231	38457	Tashkent	69.30	41.33	477	1921	-6.5	-2.8	-0.2	10.0	10.9	16.1	18.0	15.1	10.6	7.2	1.7	-0.7
231	38457	Tashkent	69.30	41.33	477	1922	-1.0	0.0	5.1	9.7	13.4	17.2	19.5	16.1	12.8	7.6	4.2	1.0
231	38457	Tashkent	69.30	41.33	477	1923	-3.4	-1.5	4.1	8.9	13.0	18.9	17.6	19.0	9.6	7.8	1.3	-4.3
231	38457	Tashkent	69.30	41.33	477	1924	-3.8	0.2	3.9	9.3	10.0	17.0	19.5	17.1	11.6	7.7	2.0	-3.0
231	38457	Tashkent	69.30	41.33	477	1925	-6.7	-5.2	4.9	8.6	13.3	17.1	19.0	15.9	11.6	8.5	1.1	2.4
231	38457	Tashkent	69.30	41.33	477	1926	-0.3	-1.0	4.2	6.3	13.6	16.2	17.8	16.8	12.2	5.4	-2.5	0.4
231	38457	Tashkent	69.30	41.33	477	1927	-8.4	-2.7	-0.2	10.3	13.2	17.4	19.4	15.5	12.2	9.3	1.3	-0.1
231	38457	Tashkent	69.30	41.33	477	1928	-8.0	-2.6	0.0	7.7	14.5	18.2	18.7	16.3	10.0	6.3	3.5	-2.6
231	38457	Tashkent	69.30	41.33	477	1929	-9.4	-4.7	4.1	11.5	12.3	16.2	17.9	16.4	13.0	3.4	0.4	-10.8
231	38457	Tashkent	69.30	41.33	477	1930	-11.6	-6.5	3.1	7.2	13.4	18.9	18.8	14.8	10.3	6.9	4.7	-6.2
231	38457	Tashkent	69.30	41.33	477	1931	-4.8	-9.9	3.5	10.0	12.1	16.7	19.1	16.5	12.8	5.5	-2.1	-1.8
231	38457	Tashkent	69.30	41.33	477	1932	-2.4	-1.8	5.2	11.2	12.6	16.8	18.7	14.8	13.1	3.9	-3.1	-10.2
231	38457	Tashkent	69.30	41.33	477	1933	-10.5	-1.0	-0.5	9.6	14.3	16.0	18.6	16.6	10.2	4.9	2.0	-1.0
231	38457	Tashkent	69.30	41.33	477	1934	-12.3	-0.5	4.0	7.7	10.2	17.1	17.0	16.6	9.5	5.2	-1.4	-0.4
231	38457	Tashkent	69.30	41.33	477	1935	-10.8	0.5	1.9	8.5	12.5	15.2	17.8	17.2	10.0	7.4	-1.8	-2.6
231	38457	Tashkent	69.30	41.33	477	1936	-6.1	-1.4	0.3	8.5	13.0	17.0	17.1	14.3	11.6	9.5	2.2	-3.3
231	38457	Tashkent	69.30	41.33	477	1937	-7.0	-1.3	1.4	5.4	13.0	16.7	19.0	16.6	12.2	5.8	-2.0	-4.4
231	38457	Tashkent	69.30	41.33	477	1938	-1.5	1.5	1.8	10.5	15.3	16.1	17.4	16.3	11.8	5.7	0.9	-1.9
231	38457	Tashkent	69.30	41.33	477	1939	-1.1	-0.7	2.7	5.4	12.8	18.2	19.3	15.1	11.4	6.1	3.6	2.9
231	38457	Tashkent	69.30	41.33	477	1940	-2.1	0.9	2.9	10.1	12.6	17.5	19.9	16.3	11.9	9.9	2.3	1.6
231	38457	Tashkent	69.30	41.33	477	1941	-3.6	2.8	6.3	10.5	14.9	18.0	16.4	16.9	11.5	8.7	2.8	0.2
231	38457	Tashkent	69.30	41.33	477	1942	-1.7	-2.8	3.3	8.1	14.3	18.0	18.3	15.0	9.9	6.7	3.9	-0.1
231	38457	Tashkent	69.30	41.33	477	1943	-4.2	-3.9	1.7	8.3	13.3	16.0	18.9	15.7	10.1	4.3	1.3	-0.8
231	38457	Tashkent	69.30	41.33	477	1944	-0.6	2.3	6.5	9.8	15.0	17.5	19.1	15.5	10.1	6.4	2.3	-9.4
231	38457	Tashkent	69.30	41.33	477	1945	-5.7	-7.3	1.2	9.9	12.3	17.2	17.1	18.2	11.4	8.1	0.6	-1.2
231	38457	Tashkent	69.30	41.33	477	1946	-2.2	2.9	4.4	9.3	15.1	15.6	17.5	15.6	11.7	8.4	-1.7	-8.3
231	38457	Tashkent	69.30	41.33	477	1947	-2.6	0.4	7.5	9.1	12.6	15.2	16.4	16.6	11.7	6.7	5.8	-1.2
231	38457	Tashkent	69.30	41.33	477	1948	0.5	-0.2	2.3	7.8	12.6	16.1	19.0	16.2	10.0	4.8	1.5	-6.6
231	38457	Tashkent	69.30	41.33	477	1949	-6.7	-1.0	2.3	8.7	12.4	16.0	17.0	16.3	9.1	3.2	-0.3	-3.3
231	38457	Tashkent	69.30	41.33	477	1950	-5.8	-5.2	4.7	7.0	14.6	16.9	17.9	16.5	9.7	5.9	-4.0	-9.1
231	38457	Tashkent	69.30	41.33	477	1951	-5.0	-8.7	0.6	9.2	13.5	14.7	18.5	16.1	12.5	8.7	2.2	1.4
231	38457	Tashkent	69.30	41.33	477	1952	-1.2	2.4	3.2	9.3	12.0	16.5	20.2	17.7	11.1	5.9	-2.6	-5.0
231	38457	Tashkent	69.30	41.33	477	1953	-0.8	2.8	2.8	8.1	13.9	16.6	18.7	15.9	11.6	4.6	-0.2	-3.2
231	38457	Tashkent	69.30	41.33	477	1954	-3.3	-4.2	-0.6	10.8	11.7	15.0	19.3	17.3	11.8	7.5	-0.7	-4.8
231	38457	Tashkent	69.30	41.33	477	1955	-2.4	1.8	3.2	6.6	13.5	18.5	19.8	17.8	12.1	5.1	5.0	1.4
231	38457	Tashkent	69.30	41.33	477	1956	-4.4	-2.2	2.6	10.7	14.7	15.8	19.9	17.1	11.6	6.9	4.6	-3.3
231	38457	Tashkent	69.30	41.33	477	1957	-7.8	-5.2	4.1	6.3	12.8	17.1	18.0	16.3	13.0	6.1	-0.1	-2.2
231	38457	Tashkent	69.30	41.33	477	1958	1.0	2.1	5.9	9.0	11.0	17.8	19.7	16.5	11.6	6.8	-1.0	0.5
231	38457	Tashkent	69.30	41.33	477	1959	-1.2	-2.8	2.6	11.7	12.5	17.3	17.7	17.6	14.2	7.3	1.4	-4.7
231	38457	Tashkent	69.30	41.33	477	1960	-1.0	2.1	-0.9	7.6	11.6	17.8	17.1	15.9	11.9	7.3	1.4	-2.2
231	38457	Tashkent	69.30	41.33	477	1961	-1.6	-1.4	4.0	9.2	15.9	17.0	18.7	16.7	11.9	4.4	2.5	1.4
231	38457	Tashkent	69.30	41.33	477	1962	-3.8	2.8	7.1	8.0	13.2	16.3	19.9	17.0	10.6	6.5	-1.0	-3.4
231	38457	Tashkent	69.30	41.33	477	1963	0.6	4.5	4.5	11.0	13.6	18.7	18.7	15.5	11.4	8.6	2.4	-2.3
231	38457	Tashkent	69.30	41.33	477	1964	-7.6	-0.5	6.0	8.6	12.6	16.9	18.2	16.2	11.6	4.2	3.3	-4.8
231	38457	Tashkent	69.30	41.33	477	1965	-3.2	-2.2	3.2	9.3	14.7	16.7	19.9	17.0	12.4	8.7	4.9	0.5
231	38457	Tashkent	69.30	41.33	477	1966	1.4	2.6	4.6	9.0	12.1	19.3	20.0	18.9	13.1	6.6	-1.1	-0.1
231	38457	Tashkent	69.30	41.33	477	1967	-2.7	-2.3	4.5	10.2	13.3	17.8	18.3	16.7	12.4	7.4	4.6	1.3
231	38457	Tashkent	69.30	41.33	477	1968	0.2	-0.6	4.9	7.6	13.2	18.0	18.6	16.8	11.8	7.2	4.0	-1.9
231	38457	Tashkent	69.30	41.33	477	1969	-10.8	-12.2	3.1	10.1	13.3	17.2	18.5	15.9	13.0	7.8	2.9	4.2
231	38457	Tashkent	69.30	41.33	477	1970	-3.6	2.4	3.3	11.7	14.1	16.8	18.7	17.1	11.3	7.7	3.6	-1.5
231	38457	Tashkent	69.30	41.33	477	1971	-7.3	-1.5	6.4	9.5	13.6	18.0	18.8	15.7	12.7	8.3	7.7	3.7
231	38457	Tashkent	69.30	41.33	477	1972	-7.7	-11.0	1.1	10.0	13.6	17.6	17.0	15.4	12.0	7.5	5.6	-2.9
231	38457	Tashkent	69.30	41.33	477	1973	-6.8	0.4	3.4	10.7	13.7	17.9	19.9	17.2	10.4	8.0	4.5	-1.2
231	38457	Tashkent	69.30	41.33	477	1974	-7.1	-5.4	3.8	10.6	14.8	17.7	20.6	15.9	13.7	7.8	4.4	-3.2
231	38457	Tashkent	69.30	41.33	477	1975	-2.3	-2.8	5.9	9.9	13.4	18.2	20.1	17.7	13.1	6.8	0.2	-0.9
231	38457	Tashkent	69.30	41.33	477	1976	1.3	-1.9	2.7	10.5	14.8	17.0	19.7	18.0	12.6	6.1	0.0	-2.8
231	38457	Tashkent	69.30	41.33	477	1977	-8.3	-1.1	6.6	11.0	15.6	19.7	18.7	16.9	12.7	8.0	7.0	-1.1
231	38457	Tashkent	69.30	41.33	477	1978	-2.7	-4.3	3.3	11.3	13.8	18.0	19.8	15.5	13.7	8.8	1.6	3.6
231	38457	Tashkent	69.30	41.33	477	1979	-3.2	0.8	4.1	11.3	11.0	16.7	18.7	17.8	12.1	9.7	1.2	3.0
231	38457	Tashkent	69.30	41.33	477	1980	-2.8	-3.5	2.8	11.6	14.9	17.5	19.4	17.3	12.6	8.3	7.6	2.1
231	38457	Tashkent	69.30	41.33	477	1981	1.3	1.2	6.6	9.8	13.8	17.3	20.2	17.3	12.8	5.8	3.9	2.0
231	38457	Tashkent	69.30	41.33	477	1982	-1.6	-1.2	2.8	10.4	14.1	17.0	19.1	17.4	12.5	8.2	-0.5	-2.5
231	38457	Tashkent	69.30	41.33	477	1983	-1.4	1.8	3.5	10.3	13.6	18.2	20.5	18.9	12.7	6.8	5.9	-0.2
231	38457	Tashkent	69.30	41.33	477	1984	-3.0	-8.9	4.4	9.3	14.0	18.0	20.4	18.9	11.9	7.2	4.0	-10.3
231	38457	Tashkent	69.30	41.33	477	1985	-3.4	1.5	2.4	11.1	14.0	17.9	20.1	16.9	12.6	6.6	1.1	1.2
231	38457	Tashkent	69.30	41.33	477	1986	0.9	1.5	1.1	9.2	14.7	17.4	18.9	17.6	14.3	8.5	3.5	-0.8
231	38457	Tashkent	69.30	41.33	477	1987	1.2	1.7	6.7	8.3	13.4	17.0	19.4	19.3	12.7	4.4	2.8	2.6
231	38457	Tashkent	69.30	41.33	477	1988	-1.0	-0.8	4.0	12.0	12.5	19.2	20.4	17.8	13.0	6.5	6.4	2.8
231	38457	Tashkent	69.30	41.33	477	1989	-4.1	-4.4	5.1	6.2	12.3	17.4	20.2	17.8	11.8	8.7	2.8	3.7
231	38457	Tashkent	69.30	41.33	477	1990	-3.5	1.0	4.6	9.6	14.6	19.5	19.4	17.8	12.5	6.8	5.1	-0.3
231	38457	Tashkent	69.30	41.33	477	1991	-3.4	-0.4	3.6	10.5	13.8	17.1	19.8	16.6	13.2	7.6	3.1	0.7
231	38457	Tashkent	69.30	41.33	477	1992	-0.3	2.1	2.9	10.9	11.6	17.1	19.4	17.0	12.0	7.1	5.4	2.8
231	38457	Tashkent	69.30	41.33	477	1993	-1.4	0.8	3.5	9.4	11.7	17.6	19.6	16.5	12.5	6.1	1.3	-2.3
231	38457	Tashkent	69.30	41.33	477	1994	-2.7	-4.5	5.6	6.7	14.4	19.2	19.2	17.5	9.8	7.8	7.2	-0.7
231	38457	Tashkent	69.30	41.33	477	1995	-2.5	0.8	3.9	9.3	13.3	18.6	20.2	17.8	12.6	7.1	5.6	-2.1
231	38457	Tashkent	69.30	41.33	477	1996	-4.0	-3.0	2.0	7.8	12.0	17.2	19.7	15.9	13.2	6.7	1.2	1.8
231	38457	Tashkent	69.30	41.33	477	1997	-0.3	-2.5	3.0	10.7	13.1	19.3	20.1	17.4	13.1	10.7	0.5	-0.6
231	38457	Tashkent	69.30	41.33	477	1998	-2.0	-3.8	2.8	10.9	12.4	17.5	20.4	19.4	13.6	-999.0	-999.0	1.7
231	38457	Tashkent	69.30	41.33	477	1999	-2.4	3.6	2.6	7.5	13.8	17.0	19.3	20.1	13.5	6.2	2.5	-0.2
231	38457	Tashkent	69.30	41.33	477	2000	-0.6	-1.8	4.2	11.9	14.5	17.4	20.0	19.1	13.7	6.8	2.2	1.1
231	38457	Tashkent	69.30	41.33	477	2001	-4.6	0.6	5.9	10.3	17.2	19.3	18.9	17.7	11.6	6.8	5.8	0.2
231	38457	Tashkent	69.30	41.33	477	2002	0.2	0.8	5.7	9.6	12.5	17.4	19.1	18.9	13.2	10.0	4.8	-5.5
231	38457	Tashkent	69.30	41.33	477	2003	1.3	0.6	3.6	8.3	12.0	16.7	19.6	18.2	13.9	9.5	4.3	-1.0
231	38927	Termez	67.27	37.23	310	1936	-4.0	2.6	2.9	10.6	17.1	19.1	20.9	17.3	13.8	8.4	1.9	0.3
231	38927	Termez	67.27	37.23	310	1937	-3.8	1.7	3.4	8.8	17.0	18.9	21.1	16.9	12.7	6.6	0.1	-3.0
231	38927	Termez	67.27	37.23	310	1938	0.7	2.8	4.8	13.1	17.7	17.4	20.1	17.6	11.5	6.0	1.4	0.7
231	38927	Termez	67.27	37.23	310	1939	0.8	2.0	-999.0	7.6	15.0	18.2	-999.0	-999.0	-999.0	-999.0	4.4	2.9
231	38927	Termez	67.27	37.23	310	1940	0.3	3.5	3.8	11.3	15.3	18.4	-999.0	-999.0	12.8	10.3	4.6	1.3
231	38927	Termez	67.27	37.23	310	1941	-1.4	4.8	8.6	12.7	16.8	18.5	19.6	19.2	12.5	10.3	3.7	1.5
231	38927	Termez	67.27	37.23	310	1942	-0.2	1.1	5.7	10.8	17.1	19.0	22.1	19.0	11.9	9.0	7.6	-1.2
231	38927	Termez	67.27	37.23	310	1943	-2.6	-0.2	4.1	11.3	-999.0	18.1	21.1	19.3	12.8	6.2	3.6	3.5
231	38927	Termez	67.27	37.23	310	1944	1.6	2.5	9.1	12.0	18.4	19.9	-999.0	-999.0	13.7	9.3	4.8	-5.5
231	38927	Termez	67.27	37.23	310	1945	-2.3	-1.0	4.4	11.2	15.7	19.4	20.3	19.8	13.5	7.5	4.2	0.6
231	38927	Termez	67.27	37.23	310	1946	-999.0	-999.0	-999.0	-999.0	-999.0	-999.0	-999.0	-999.0	-999.0	-999.0	-999.0	-999.0
231	38927	Termez	67.27	37.23	310	1947	1.5	2.2	8.3	12.1	16.9	18.3	20.2	20.2	13.8	8.4	6.6	-0.2
231	38927	Termez	67.27	37.23	310	1948	0.5	2.6	5.2	11.9	17.1	18.9	-999.0	-999.0	-999.0	7.1	2.1	0.1
231	38927	Termez	67.27	37.23	310	1949	-999.0	-999.0	-999.0	-999.0	-999.0	-999.0	-999.0	19.9	15.1	5.3	2.1	0.5
231	38927	Termez	67.27	37.23	310	1950	-3.6	-2.4	6.9	9.7	17.5	19.8	-999.0	19.3	12.4	7.9	-0.9	-2.1
231	38927	Termez	67.27	37.23	310	1951	-1.3	-2.3	4.1	12.0	17.2	17.4	20.7	17.3	15.1	13.0	-999.0	-999.0
231	38927	Termez	67.27	37.23	310	1952	-999.0	4.7	6.9	13.5	14.9	-999.0	-999.0	-999.0	13.4	6.9	1.6	0.2
231	38927	Termez	67.27	37.23	310	1953	1.0	5.2	5.6	12.0	18.5	19.7	-999.0	19.1	14.0	7.1	3.1	1.3
231	38927	Termez	67.27	37.23	310	1954	0.5	0.3	4.4	12.9	17.2	18.6	21.4	19.7	13.7	8.3	2.2	-0.1
231	38927	Termez	67.27	37.23	310	1955	-0.2	4.1	7.9	10.7	16.6	20.7	21.3	21.5	14.5	7.0	5.1	3.7
231	38927	Termez	67.27	37.23	310	1956	-0.2	1.7	6.4	12.3	17.7	16.9	21.7	17.6	12.0	5.0	2.0	-1.2
231	38927	Termez	67.27	37.23	310	1957	-4.1	-1.5	5.7	9.1	15.1	18.4	18.6	17.2	9.9	6.4	2.3	2.3
231	38927	Termez	67.27	37.23	310	1958	1.7	1.6	7.7	13.3	14.5	19.0	20.8	17.1	13.2	7.2	-1.0	2.6
231	38927	Termez	67.27	37.23	310	1959	-1.5	-0.7	5.4	13.7	15.7	18.6	20.0	19.5	13.9	8.4	3.1	-3.0
231	38927	Termez	67.27	37.23	310	1960	-0.2	4.0	2.4	10.0	14.5	18.9	19.9	16.7	12.2	6.4	2.5	-0.7
231	38927	Termez	67.27	37.23	310	1961	0.3	-0.4	5.8	11.0	18.2	17.3	21.2	18.0	13.7	5.6	1.6	0.7
231	38927	Termez	67.27	37.23	310	1962	-1.7	3.4	7.5	12.4	15.2	16.4	19.7	18.5	11.4	6.5	1.2	-2.2
231	38927	Termez	67.27	37.23	310	1963	-0.3	4.5	5.5	13.5	17.2	19.3	19.0	16.2	11.8	9.3	4.1	-1.7
231	38927	Termez	67.27	37.23	310	1964	-7.0	1.8	7.7	11.3	15.1	17.3	19.9	17.1	11.7	4.1	2.0	-4.5
231	38927	Termez	67.27	37.23	310	1965	1.0	1.4	5.5	11.0	15.6	16.7	20.9	17.3	10.9	10.0	5.5	-2.1
231	38927	Termez	67.27	37.23	310	1966	1.3	5.5	7.1	11.6	15.3	20.1	20.4	18.1	13.1	8.6	-0.5	-0.4
231	38927	Termez	67.27	37.23	310	1967	-4.5	0.9	5.0	11.7	15.5	18.7	19.8	17.7	12.9	7.9	5.2	1.0
231	38927	Termez	67.27	37.23	310	1968	-0.1	-0.4	7.1	11.8	16.2	19.8	20.0	17.4	12.2	8.0	5.3	4.3
231	38927	Termez	67.27	37.23	310	1969	-4.8	-3.5	7.1	11.3	15.5	19.2	20.3	16.9	11.9	10.5	3.3	3.9
231	38927	Termez	67.27	37.23	310	1970	-1.0	2.8	5.1	13.3	16.4	17.9	20.2	19.3	12.4	8.2	3.8	-0.3
231	38927	Termez	67.27	37.23	310	1971	-2.9	1.5	7.2	12.2	15.6	19.3	20.7	16.3	12.6	8.2	6.5	2.3
231	38927	Termez	67.27	37.23	310	1972	-4.4	-999.0	4.1	11.3	15.9	18.5	17.6	15.7	12.8	7.5	4.8	-1.1
231	38927	Termez	67.27	37.23	310	1973	-5.1	3.1	5.9	13.1	16.6	20.4	20.3	18.5	12.3	7.7	3.7	-1.2
231	38927	Termez	67.27	37.23	310	1974	-2.8	-1.7	5.9	12.9	15.7	18.9	21.3	16.6	12.3	5.9	3.3	-0.1
231	38927	Termez	67.27	37.23	310	1975	-1.2	0.1	6.1	11.7	16.0	18.9	20.2	18.4	13.6	7.0	0.1	-0.5
231	38927	Termez	67.27	37.23	310	1976	1.4	0.7	3.6	12.0	17.4	18.2	21.9	19.0	13.4	9.3	-0.2	-0.4
231	38927	Termez	67.27	37.23	310	1977	-6.2	-0.5	8.0	14.2	17.9	20.9	21.3	19.4	12.7	11.1	8.8	2.3
231	38927	Termez	67.27	37.23	310	1978	-1.4	0.7	4.6	14.0	17.4	20.7	21.9	18.6	13.3	10.4	3.7	3.8
231	38927	Termez	67.27	37.23	310	1979	0.2	2.3	5.9	14.6	14.8	19.8	21.0	19.4	14.0	10.5	2.2	3.3
231	38927	Termez	67.27	37.23	310	1980	-2.4	-0.1	6.3	14.6	17.8	19.5	20.7	18.3	13.3	9.5	7.3	1.5
231	38927	Termez	67.27	37.23	310	1981	1.4	3.4	8.4	12.0	16.9	19.0	22.2	18.2	13.6	7.5	3.8	2.9
231	38927	Termez	67.27	37.23	310	1982	-1.1	0.3	5.2	12.4	16.5	18.6	20.1	19.4	11.9	10.4	3.0	-1.5
231	38927	Termez	67.27	37.23	310	1983	0.0	1.5	4.1	12.5	17.2	19.8	21.6	20.6	14.6	7.6	4.7	0.9
231	38927	Termez	67.27	37.23	310	1984	-2.0	-4.8	8.2	12.2	17.2	19.9	22.4	21.4	12.4	6.6	6.7	-3.4
231	38927	Termez	67.27	37.23	310	1985	-0.5	2.9	4.8	13.2	17.0	20.9	23.1	20.0	14.2	8.9	3.5	1.7
231	38927	Termez	67.27	37.23	310	1986	0.1	1.5	3.2	11.7	18.5	20.8	22.3	19.1	14.6	9.7	4.5	1.3
231	38927	Termez	67.27	37.23	310	1987	1.6	2.2	10.0	11.2	15.7	19.1	21.0	20.0	15.2	7.5	3.8	1.5
231	38927	Termez	67.27	37.23	310	1988	0.7	0.6	6.9	13.6	15.9	20.3	23.1	19.8	14.9	8.0	6.3	3.3
231	38927	Termez	67.27	37.23	310	1989	-2.2	-1.2	6.9	9.0	13.5	18.4	21.4	17.7	13.4	8.7	4.7	4.8
231	38927	Termez	67.27	37.23	310	1990	-0.6	2.9	5.3	10.9	18.5	20.5	20.5	20.1	13.5	8.1	4.7	-0.3
231	38927	Termez	67.27	37.23	310	1991	-0.7	0.2	6.0	12.0	15.5	19.8	20.6	18.3	14.3	8.2	4.3	3.3
231	38927	Termez	67.27	37.23	310	1992	-0.2	1.9	3.8	12.2	14.0	20.3	21.1	19.1	13.6	6.9	3.8	2.6
231	38927	Termez	67.27	37.23	310	1993	-2.0	2.8	5.0	12.1	16.1	20.5	22.3	19.4	16.1	6.8	3.9	1.3
231	38927	Termez	67.27	37.23	310	1994	1.2	-0.3	7.1	8.8	17.1	19.7	22.0	20.1	11.0	8.8	8.6	0.2
231	38927	Termez	67.27	37.23	310	1995	-0.3	1.6	5.1	11.6	16.1	19.7	21.7	19.1	13.0	7.4	4.2	-0.5
231	38927	Termez	67.27	37.23	310	1996	-3.3	1.3	5.7	11.3	14.1	19.9	21.0	17.5	14.0	7.6	0.9	-0.3
231	38927	Termez	67.27	37.23	310	1997	0.2	-1.1	5.9	12.7	14.9	21.0	21.6	18.6	13.0	10.6	3.0	1.6
231	38927	Termez	67.27	37.23	310	1998	1.2	-0.5	5.1	12.3	16.2	19.8	22.0	19.9	14.7	-999.0	-999.0	2.0
231	38927	Termez	67.27	37.23	310	1999	-0.3	4.4	5.7	9.9	14.9	19.3	22.9	20.0	14.8	9.8	3.9	0.1
231	38927	Termez	67.27	37.23	310	2000	0.0	-0.6	3.4	13.7	17.6	19.3	21.8	19.0	14.8	8.7	2.8	1.7
231	38927	Termez	67.27	37.23	310	2001	-2.6	1.5	6.4	14.4	19.5	20.5	21.5	19.2	13.8	9.8	5.4	2.9
231	38927	Termez	67.27	37.23	310	2002	0.9	2.9	7.1	12.7	16.8	19.6	20.2	19.7	13.1	10.4	5.2	-3.3
231	38927	Termez	67.27	37.23	310	2003	1.9	2.2	5.5	11.1	13.9	18.9	21.7	18.8	14.4	9.7	3.8	0.7
