{"type":"FeatureCollection","features":[{"type":"Feature","properties":{"pcode":"UZ03","level":1,"nameEn":"Andizhan","nameRu":"Андижанская","nameUz":"Andijon","type":"province","parent":null,"place":"uz:place/andijan"},"geometry":{"type":"Polygon","coordinates":[[[72.35866494475906,41.064262062192235],[72.36181594476193,41.06136706218949],[72.3666449447665,41.06148906218964],[72.39047194478869,41.05568606218423],[72.406920944804,41.04580306217501],[72.41150594480828,41.044548062173845],[72.42145494481754,41.04502106217426],[72.43057194482608,41.043647062173015],[72.43333394482866,41.041275062170826],[72.44776894484201,41.03720806216703],[72.46643794485936,41.03858106216828],[72.48316894487502,41.03578506216573],[72.49758094488841,41.030647062160895],[72.50081594489149,41.02546306215608],[72.50322694489371,41.01134106214296],[72.50092994489151,41.000774062133104],[72.48318394487501,40.975917062109914],[72.48336694487523,40.972183062106495],[72.48743394487903,40.968563062103094],[72.4905849448819,40.96892106210349],[72.50057194489119,40.98069706211444],[72.50546194489576,40.981639062115285],[72.51079494490074,40.98201706211565],[72.52091194491014,40.97814106211203],[72.52992994491856,40.97172506210599],[72.53990094492787,40.95686706209219],[72.55567894494256,40.93985706207629],[72.55860894494526,40.93466506207152],[72.57113594495698,40.92329706206094],[72.57344794495909,40.918319062056284],[72.57314994495877,40.910430062048896],[72.57286794495853,40.902984062042016],[72.57549194496096,40.890468062030415],[72.58170994496679,40.88581006202604],[72.5921239449765,40.881481062021976],[72.61796494500055,40.87567506201658],[72.62168094500399,40.8732450620143],[72.64670494502732,40.86512706200679],[72.68080894505907,40.855609061997846],[72.69273294507018,40.85885206200087],[72.70751094508392,40.85826406200036],[72.7320699451068,40.85400706199639],[72.75229594512572,40.860626062002524],[72.77235394514433,40.86380306200551],[72.78694094515791,40.86023306200216],[72.83479294520247,40.86948306201087],[72.85046294521709,40.869129062010444],[72.85960294522559,40.86634406200792],[72.86820194523364,40.861721062003596],[72.88223994524664,40.84829306199106],[72.90109994526426,40.83427406197803],[72.90923994527182,40.81706206196202],[72.91293294527522,40.81462406195969],[72.92716894528853,40.81193906195718],[72.93828494529888,40.81262206195792],[72.9388269452994,40.814231061959326],[72.95227794531188,40.81678706196173],[72.95632094531564,40.821670061966344],[72.9702069453286,40.82715606197137],[72.97885094533663,40.83507906197882],[72.99133294534826,40.835384061979006],[72.9989999453554,40.8388320619823],[72.99795494535446,40.845359061988376],[72.99577294535246,40.84760206199037],[72.98319994534076,40.85421706199662],[72.97569194533372,40.86230006200417],[72.98483994534224,40.885578062025765],[72.98982994534691,40.88933106202924],[72.99917594535557,40.88928606202925],[73.00141894535767,40.88521506202548],[73.02107194537598,40.86524506200687],[73.02807594538253,40.86286506200464],[73.04045094539401,40.86196106200383],[73.05888294541121,40.851108061993756],[73.06495594541686,40.84939506199209],[73.06973994542126,40.850627061993215],[73.08545594543597,40.85801306200011],[73.10952694545834,40.858463062000574],[73.1180109454663,40.856792061999],[73.12724994547489,40.85055906199319],[73.13107994547843,40.84354006198664],[73.13226994547955,40.83464406197835],[73.12775394547529,40.81581406196081],[73.12294694547084,40.80612106195177],[73.11363894546213,40.796119061942484],[73.10388094545314,40.79090806193765],[73.09491694544474,40.78913806193597],[73.06848894542016,40.778583061926135],[73.05921894541149,40.77703406192471],[73.04167894539516,40.770984061919116],[73.00572194536171,40.76708606191545],[72.99207294534901,40.752872061902266],[72.96697894532556,40.73957006188985],[72.93676694529744,40.72684806187791],[72.92753594528888,40.724372061875634],[72.91913594528104,40.72397606187529],[72.91806694527999,40.72029406187191],[72.89925294526253,40.71693806186877],[72.88834294525236,40.71122706186342],[72.87024594523551,40.70467706185731],[72.86561494523114,40.700008061853],[72.84859394521531,40.68890706184266],[72.83047394519852,40.683265061837425],[72.81526094518429,40.68065606183499],[72.79933094516947,40.6809990618353],[72.79083994516157,40.683105061837246],[72.78931394516009,40.682949061837036],[72.77378794514564,40.68136506183565],[72.76710494513947,40.67550206183016],[72.76609794513857,40.6702230618253],[72.76907294514126,40.662971061818475],[72.77716794514882,40.655372061811455],[72.77797594514959,40.649673061806126],[72.76184794513455,40.6397200617968],[72.75970394513257,40.63281606179036],[72.76123794513398,40.614593061773384],[72.76193194513456,40.6063000617657],[72.76350394513612,40.58762706174836],[72.7620689451348,40.569992061731895],[72.7570719451301,40.56736706172946],[72.74811494512173,40.566486061728604],[72.73683094511127,40.57149506173333],[72.72533394510049,40.58221406174333],[72.71613294509201,40.58749706174817],[72.68352494506158,40.59317006175348],[72.6765669450551,40.58706606174777],[72.6755589450542,40.57447006173604],[72.65677594503673,40.56421206172652],[72.6536329450338,40.560253061722875],[72.64909294502951,40.537048061701185],[72.63666494501791,40.519397061684735],[72.62209294500443,40.5167730616823],[72.61308194499594,40.517478061682986],[72.58297694496797,40.535980061700215],[72.5706169449564,40.53774606170183],[72.55116994493834,40.53705506170123],[72.53623094492441,40.54333106170706],[72.5182869449077,40.55638106171923],[72.51645594490596,40.55771606172044],[72.50553794489583,40.560653061723194],[72.4907449448821,40.555950061718825],[72.48622794487792,40.556526061719325],[72.47631794486861,40.56406006172638],[72.45658094485026,40.58415206174514],[72.44478594483925,40.600551061760406],[72.4145499448111,40.61992206177839],[72.41412294481077,40.62007506177853],[72.40605094480316,40.622970061781274],[72.3911739447893,40.619335061777875],[72.38471894478332,40.615970061774696],[72.36916294476879,40.61488706177373],[72.36102194476125,40.6158250617746],[72.35576594475643,40.61248706177144],[72.35241594475325,40.60691406176632],[72.35562094475624,40.60219506176187],[72.37988994477882,40.5959540617561],[72.38671094478516,40.59086606175132],[72.39330994479133,40.57708706173852],[72.39674294479454,40.57397006173561],[72.4194639448157,40.56859506173062],[72.42410194482002,40.56528406172747],[72.42825294482392,40.55944006172204],[72.42907694482469,40.55420306171719],[72.42744394482315,40.55027306171354],[72.4199369448161,40.54368506170739],[72.41401594481061,40.54193806170575],[72.3975369447952,40.54198006170585],[72.3916769447898,40.53886006170288],[72.38814494478648,40.5305360616952],[72.39116594478935,40.52306706168819],[72.40165694479913,40.52287606168802],[72.40875194480566,40.52511206169006],[72.41445894481103,40.52479906168983],[72.42011194481628,40.518768061684206],[72.42199694481798,40.50281106166936],[72.42504794482093,40.49442606166153],[72.4282299448238,40.49016106165752],[72.4355999448307,40.485771061653466],[72.44092494483564,40.47333106164185],[72.426245944822,40.450393061620495],[72.4161749448126,40.4292710616008],[72.42215694481816,40.415477061588],[72.4208139448169,40.40492606157814],[72.41703694481339,40.4023170615757],[72.41050694480734,40.40123706157471],[72.39901694479661,40.40414806157745],[72.38642094478487,40.40497206157821],[72.37853994477753,40.40751606158061],[72.36876594476846,40.412067061584835],[72.36219694476236,40.41875806159106],[72.33530394473725,40.438415061609355],[72.32119694472422,40.4460520616165],[72.31484194471825,40.44771506161803],[72.29770594470223,40.442695061613364],[72.29067194469577,40.446170061616584],[72.27995994468583,40.4580070616276],[72.27352094467975,40.46149406163083],[72.25407394466168,40.461208061630614],[72.2482979446562,40.463111061632375],[72.24453694465276,40.46689906163591],[72.24440694465267,40.46963806163845],[72.25163994465943,40.48835306165589],[72.25025094465809,40.492431061659616],[72.24046294464893,40.49697106166391],[72.21507994462539,40.49537606166241],[72.19196294460377,40.49952606166624],[72.18562994459786,40.49857306166537],[72.16563394457923,40.53774606170183],[72.19531994460692,40.55300106171605],[72.19693694460845,40.56747406172961],[72.17362194458673,40.584201061745105],[72.15128294456599,40.58465106174557],[72.13809894455366,40.604469061764036],[72.12505294454155,40.60049406176031],[72.10486594452276,40.607818061767134],[72.10715394452492,40.63467406179221],[72.08598994450513,40.62692606178494],[72.05737294447842,40.62778806178574],[72.00315794442794,40.63144606178909],[71.95871694438654,40.63495606179236],[71.9310069443608,40.63438706179191],[71.92151594435195,40.63419306179167],[71.90976694434102,40.635513061792885],[71.88501694431798,40.64633106180299],[71.86645494430067,40.649723061806085],[71.84895994428433,40.643306061800146],[71.83074894426738,40.662879061818415],[71.81894594425643,40.67716506183169],[71.79875094423758,40.691455061845026],[71.77402394421458,40.70280006185557],[71.75247894419454,40.71122706186342],[71.72553994416943,40.71513706186701],[71.70300994414843,40.720920061872455],[71.68116694412805,40.72665006187778],[71.66068994410907,40.7387730618891],[71.64274494409227,40.75506206190423],[71.6245649440753,40.742164061892296],[71.62032294407142,40.728389061879376],[71.62174194407274,40.70829706186071],[71.64619394409556,40.687278061841106],[71.63560394408566,40.67985106183419],[71.61593594406736,40.66596906182131],[71.59757194405017,40.650924061807224],[71.57387494402819,40.639339061796456],[71.56796194402264,40.65604406181208],[71.55623594401176,40.67138606182631],[71.53776494399452,40.69633406184957],[71.52232294398019,40.71675806186862],[71.5018759439611,40.72940006188034],[71.48642694394673,40.72928606188023],[71.47361694393479,40.73441306188496],[71.50491294396396,40.74542206189532],[71.54619494400244,40.757953061907],[71.56352194401855,40.769294061917485],[71.53737594399414,40.80175706194774],[71.5410149439976,40.81666106196161],[71.56205694401714,40.829925061973995],[71.59408494404694,40.84735106199021],[71.62689894407755,40.858772062000824],[71.65295394410181,40.87926406201991],[71.66436694411239,40.89420306203383],[71.67687194412414,40.89934506203864],[71.71237894415722,40.89597306203551],[71.72590594416977,40.91076206204919],[71.73647994417959,40.91252806205089],[71.7578579441995,40.907253062046],[71.774451944215,40.920429062058204],[71.81898394425646,40.92658606206404],[71.8533319442885,40.93210606206913],[71.90164094433348,40.926315062063736],[71.92675694435678,40.90908406204766],[71.99526894442064,40.90320506204218],[72.01465594443872,40.89541206203492],[72.03434694445697,40.90575006204457],[72.05596894447717,40.90299206204205],[72.06764194448803,40.886650062026796],[72.08107694450052,40.901287062040424],[72.09709094451547,40.893722062033376],[72.11715594453412,40.92216406205992],[72.12180994453844,40.93350606207039],[72.13497894455077,40.945568062081726],[72.13649694455212,40.9739790621081],[72.1634519445773,40.97343006210762],[72.18705694459922,41.00868906214043],[72.20034694461162,41.00255506213472],[72.21479694462505,41.00274606213489],[72.22312894463286,41.00514906213716],[72.23274194464176,41.01020806214185],[72.24575794465387,41.014568062145905],[72.26237394466933,41.02013706215105],[72.2764579446825,41.0248560621555],[72.29292994469786,41.02780506215827],[72.31913694472226,41.04289206217228],[72.33509794473707,41.057483062185916],[72.34360494474507,41.06319406219118],[72.35169194475259,41.06476906219271],[72.35866494475906,41.064262062192235]]]}},{"type":"Feature","properties":{"pcode":"UZ06","level":1,"nameEn":"Bukhara","nameRu":"Бухарская","nameUz":"Buxoro","type":"province","parent":null,"place":"uz:place/bukhara"},"geometry":{"type":"Polygon","coordinates":[[[63.67380106167065,40.67515506182987],[63.68308206167935,40.656181061812134],[63.81294206180024,40.672378061827295],[63.96301206193998,40.88908006202908],[63.99664606197129,40.90127506204041],[64.0780250620471,40.8651540620068],[64.05455006202529,40.73887606188919],[64.39373706234109,40.70800306186045],[64.4291380623741,40.823818061968296],[64.57976493751444,40.818370061963215],[64.6741559376023,40.82675106197108],[64.72585993765044,40.838676061982184],[64.72361693764834,40.868072062009496],[64.73486993765883,40.90260606204165],[64.76862993769026,40.90075306203994],[64.80661693772568,40.68794606184175],[64.88503193779871,40.64953906180596],[65.03736093794053,40.62275606178106],[65.2770379381638,40.613216061772164],[65.35195093823361,40.59701106175705],[65.38348293826296,40.61486806177367],[65.37534293825532,40.583827061744806],[65.35491893823627,40.55549606171839],[65.35956493824062,40.453460061623346],[65.36840793824888,40.44300406161362],[65.36829293824879,40.4317700616032],[65.28018093816672,40.448101061618345],[65.234366938124,40.44934006161952],[65.22417393811453,40.42953806160104],[65.24305693813211,40.416423061588915],[65.21008293810141,40.33283906151105],[65.16875393806295,40.324501061503284],[65.14601093804174,40.25205906143577],[65.07981093798008,40.25508806143859],[65.0111989379162,40.255535061439076],[64.97563093788307,40.2825430614642],[64.93667593784679,40.3026310614829],[64.89095993780417,40.3054610614855],[64.87087193778548,40.296054061476774],[64.84515293776157,40.25035406143424],[64.84176593775835,40.22789306141327],[64.87293993778748,40.21305006139947],[64.8620449377773,40.19644906138401],[64.85170693776766,40.16819306135767],[64.84169693775833,40.17342306136257],[64.83055793774795,40.16569506135536],[64.84387893776034,40.146617061337544],[64.8672329377821,40.13700406132864],[64.89720093781003,40.10919506130269],[64.86162493777692,40.10850506130209],[64.86048793777584,40.09553506129006],[64.81933493773747,40.086212061281344],[64.80154393772098,40.07331806126929],[64.77040093769193,40.016380061216275],[64.7559659376785,39.99741706119865],[64.74042493766406,39.985370061187396],[64.70786993763365,39.973571061176415],[64.68051093760826,39.959625061163386],[64.64169993757208,39.93985706114497],[64.60739793754011,39.89930706110728],[64.59627493752974,39.87041806108035],[64.58756193752167,39.851795061062965],[64.59634293752985,39.84419206105597],[64.6275019375588,39.81885106103235],[64.64746793757743,39.79631406101131],[64.64861193757856,39.77383806099043],[64.67962593760741,39.75645406097422],[64.69621993762283,39.753807060971745],[64.72721793765169,39.732097060951546],[64.74048593766405,39.71821906093863],[64.76924093769091,39.71205506093284],[64.78751293770785,39.69978306092145],[64.80349693772278,39.69377106091579],[64.78802393770837,39.681724060904635],[64.82226493774027,39.6599760608844],[64.87537293778973,39.709022060930046],[64.8897319378031,39.703765060925136],[64.87865393779272,39.688255060910684],[65.01441093791917,39.639133060864964],[65.01508293791979,39.51895106075302],[65.09008693798967,39.52455106075824],[65.11649293801428,39.51572406074998],[65.1315609380283,39.443008060682274],[65.1281279380251,39.41796106065899],[65.06251493796397,39.37550306061949],[65.02446693792857,39.354927060600296],[64.99796193790384,39.342414060588595],[64.97374693788137,39.32174606056934],[64.97138893787908,39.30095606055003],[64.94953893785876,39.30106306055009],[64.84366593776022,39.207492060463025],[64.91123893782311,39.11130506037338],[64.66362693759247,39.05252406031868],[64.62470193755628,39.0399510603069],[64.49646706243679,39.01756206028612],[64.39719306234443,38.92988906020442],[64.37039906231941,38.95285706022585],[64.36346406231297,38.95866706023122],[64.33107706228279,38.985809060256514],[64.32226506227461,38.986320060256965],[64.29685906225095,38.981414060252405],[64.2514190622086,38.96085706023328],[64.2296520621883,38.956562060229274],[64.20706906216728,38.95622606022901],[64.17711606213943,38.959190060231684],[64.15871406212221,38.96630406023828],[64.12612106209187,38.986850060257474],[64.09497006206287,39.00740806027668],[64.05645706202701,39.029544060297226],[64.03280606200502,39.04110706030796],[63.983863061959454,39.06987706033481],[63.93186906191102,39.101989060364716],[63.885818061868136,39.129066060389874],[63.846523061831526,39.148849060408374],[63.7989540617872,39.175865060433544],[63.78707806177616,39.181903060439126],[63.7766260617664,39.18910906044587],[63.74538006173727,39.20673306046222],[63.71692206171083,39.22838206048244],[63.692054061687614,39.251796060504184],[63.6858630616819,39.26248506051419],[63.676891061673544,39.268569060519845],[63.66013306165788,39.289287060539145],[63.62869606162867,39.31295306056123],[63.58282406158594,39.347488060593285],[63.579799061583095,39.349983060595704],[63.53912706154517,39.383579060626985],[63.52944906153622,39.387931060631],[63.508480061516664,39.40115306064328],[63.4532010614652,39.430721060670884],[63.42041306143461,39.44538806068451],[63.35847006137692,39.47477306071189],[63.303672061325905,39.503665060738804],[63.26214206128725,39.52754206076102],[63.17041706120184,39.57410806080443],[62.948581060995195,39.69612106091803],[62.797973060855,39.77575606099219],[62.48794906056624,39.95139306115577],[62.46228406054236,39.96973406117282],[62.44265706052406,39.99110006119272],[62.43915906052081,40.00000006120107],[62.434886060516845,40.01496106121495],[62.43629806051812,40.024059061223426],[62.42981706051212,40.03571706123429],[62.427005060509494,40.064861061261446],[62.411346060494886,40.08277106127819],[62.40060406048485,40.09297106128761],[62.396495060481044,40.09928106129349],[62.39709406048158,40.1100120613035],[62.4119180604954,40.12987506132205],[62.41435606049773,40.15198506134258],[62.41378406049712,40.17350706136259],[62.40548306048948,40.1902580613782],[62.40246206048661,40.21072006139729],[62.3923490604772,40.23782306142255],[62.38974306047483,40.244544061428776],[62.38840806047353,40.263351061446286],[62.383453060468916,40.276096061458176],[62.38431506046972,40.2861360614675],[62.39203206047691,40.301208061481596],[62.39316506047801,40.310779061490486],[62.39147906047636,40.317928061497135],[62.385997060471304,40.326805061505446],[62.375080060461094,40.33997706151767],[62.36565706045237,40.34783906152505],[62.35903906044623,40.351940061528815],[62.35005106043779,40.357505061533985],[62.33457106042342,40.37494606155029],[62.333248060422136,40.383453061558185],[62.34393606043206,40.40895806158197],[62.35037606043812,40.43323506160451],[62.34946006043721,40.438297061609276],[62.32862006041785,40.44584206161627],[62.31376606040403,40.44792506161817],[62.29746606038887,40.45645906162617],[62.271682060364824,40.47788606164614],[62.26366806035731,40.4847750616525],[62.23630906033191,40.49411306166121],[62.20771706030522,40.508514061674674],[62.19636906029469,40.52054206168586],[62.1885370602874,40.5310820616957],[62.144302060246176,40.556480061719334],[62.1388090602411,40.56176306172418],[62.397411060481964,40.71443906186646],[62.41845306050152,40.769927061918075],[62.18269306028198,40.959197062094375],[62.4084850604922,41.026794062157315],[62.12203506022545,41.3394010624485],[62.54311706061767,41.4243879375276],[62.605987060676114,41.30426706241573],[62.776977060835435,41.19077606231002],[62.92742506097554,40.97994606211367],[63.037891061078405,40.97947606211324],[63.34706806136637,40.87998906202056],[63.453079061465054,40.83802006198155],[63.689220061685035,40.69426306184759],[63.67380106167065,40.67515506182987]]]}},{"type":"Feature","properties":{"pcode":"UZ08","level":1,"nameEn":"Dzhizak","nameRu":"Джизакская","nameUz":"Jizzax","type":"province","parent":null,"place":"uz:place/jizzakh"},"geometry":{"type":"Polygon","coordinates":[[[67.32945994007521,41.202655062321135],[67.3483419400928,41.20058806231922],[67.37534994011801,41.20732806232551],[67.40283194014354,41.210590062328514],[67.43993294017812,41.209701062327696],[67.60642194033318,41.205554062323856],[67.7434759404608,41.20195006232045],[67.7729029404882,41.20215206232064],[67.77908994049403,41.20219406232074],[67.80345094051668,41.19342406231249],[67.84635894055664,41.16024006228164],[67.8736949405821,41.16453906228562],[67.89834494060503,41.11979606224393],[67.92707794063176,41.12474006224852],[67.9414819406452,41.1030040622283],[67.97279294067438,41.1078600622328],[67.9892119406897,41.12479006224857],[68.01567794071431,41.13559306225868],[68.05383294074986,41.122787062246715],[68.03987794073687,41.10385506222908],[68.00567594070502,41.09329606221927],[68.0037379407032,41.05656006218504],[68.02781594072563,41.0228880621537],[68.02462694072263,41.01136706214298],[67.98758594068813,40.99508206212782],[67.97873594067993,40.97405206210819],[67.97742394067866,40.94891706208473],[67.95837394066093,40.93013306206726],[67.91683894062231,40.92558206206313],[67.88036294058828,40.918933062056816],[67.87661694058485,40.895805062035286],[67.89604094060287,40.87198606201316],[67.93416494063842,40.86114806200308],[67.94724194065061,40.859184062001255],[67.98277994068367,40.853851061996274],[68.01032994070933,40.835464061979145],[68.03756694073476,40.81729106196222],[68.12382494081503,40.74482706189476],[68.17159194085956,40.72391506187522],[68.21954294090423,40.706848061859304],[68.2555839409377,40.69458706184793],[68.18511094087216,40.56155006172405],[68.18682794087373,40.50995206167597],[68.16534394085375,40.51743306168291],[68.16036894084908,40.526897061691734],[68.13502494082547,40.501544061668184],[68.12853194081946,40.45950606162897],[68.17599394086363,40.447792061618095],[68.17436894086214,40.394615061568594],[68.20600794089154,40.37327506154863],[68.1631389408517,40.32401206150279],[68.10051694079334,40.2703170614528],[68.11874294081038,40.2426710614271],[68.12630394081737,40.2196120614056],[68.19184794087839,40.2241970614098],[68.24825994093096,40.2206030614065],[68.27932694095985,40.21108606139764],[68.31096594098933,40.212532061398974],[68.37785294105161,40.22203406140784],[68.41859394108957,40.23072806141593],[68.46820794113576,40.222198061408],[68.48941794115554,40.212146061398656],[68.51538794117978,40.20951406139618],[68.54947594121144,40.21586906140205],[68.57907794123902,40.219852061405824],[68.58096994124084,40.214710061401014],[68.59937194125797,40.213188061399606],[68.5993109412579,40.19292006138077],[68.57721694123735,40.18698106137521],[68.5863489412458,40.15622306134649],[68.58893494124821,40.151912061342486],[68.53832194120108,40.14060906133196],[68.5332029411963,40.13056106132259],[68.54029794120292,40.12540806131785],[68.55178794121365,40.11741606131037],[68.57137994123188,40.10854306130213],[68.60840594126638,40.091777061286514],[68.63522294129126,40.092288061286965],[68.68163194133454,40.099697061293895],[68.7099149413609,40.1090350613026],[68.77197994141865,40.12241706131506],[68.79867494144355,40.13162906132365],[68.84754094148904,40.1413340613327],[68.87285594151265,40.1463500613373],[68.90914094154641,40.149890061340656],[68.97738594161004,40.15166406134231],[68.98512994161723,40.14776906133862],[68.99562794162698,40.14092606133225],[69.00438594163512,40.11959806131248],[69.01311394164327,40.09076606128556],[69.01422094164437,40.08021506127578],[69.00723994163776,40.06915606126545],[68.99107294162278,40.06815306126453],[68.95789294159181,40.074207061270194],[68.9383539415737,40.07423406127021],[68.92212594155853,40.07383706126978],[68.88938094152805,40.068023061264434],[68.87468694151431,40.060844061257704],[68.86410494150455,40.05329806125072],[68.86328794150374,40.04574906124366],[68.8594429415001,40.03612806123472],[68.85640694149734,40.034061061232805],[68.8461829414878,40.03841006123675],[68.83980494148189,40.05987906125682],[68.82398894146706,40.07824706127398],[68.80998194145405,40.07984906127543],[68.79731694144229,40.07654106127235],[68.79212894143741,40.071830061267946],[68.79145794143687,40.06303706125974],[68.79899494144382,40.053524061250855],[68.81212594145603,40.04498606124288],[68.81938894146288,40.037952061236425],[68.82053294146391,40.02740006122657],[68.8115689414555,40.00495506120559],[68.81237694145628,40.00000006120107],[68.84466494148646,39.97677206117943],[68.88313994152227,39.939506061144705],[68.90119094153904,39.922809061129115],[68.91293994154998,39.904338061111964],[68.9137109415507,39.89186006110032],[68.90953794154684,39.88045506108969],[68.8941419415325,39.86834306107839],[68.87666994151621,39.86681706107701],[68.8631659415036,39.87191006108176],[68.85006694149146,39.88753106109634],[68.84867794149012,39.917270061123965],[68.83830194148045,39.93954006114476],[68.81951894146297,39.97061506117369],[68.80385494144839,39.98532806118739],[68.79517294144023,39.98647606118849],[68.78507194143083,39.982860061185065],[68.78234094142833,39.97621106117894],[68.78416394143004,39.957965061161836],[68.806624941451,39.92490006113106],[68.82411894146726,39.892894061101316],[68.82494294146802,39.881378061090565],[68.8169859414606,39.86813306107825],[68.80934894145346,39.86350606107395],[68.78932094143485,39.860107061070806],[68.78285894142883,39.85353806106463],[68.77974694142597,39.836353061048634],[68.77701494142339,39.82970406104241],[68.77191094141862,39.825981061039016],[68.76190094140938,39.82427906103737],[68.74970994139794,39.83124906104386],[68.74301094139176,39.85247406106364],[68.72611894137601,39.8672060610774],[68.71838294136877,39.868869061078925],[68.71623894136678,39.869331061079315],[68.69973694135143,39.86009506107079],[68.68441694133708,39.84891506106031],[68.6733929413269,39.853931061065],[68.66102594131536,39.85610506106697],[68.65749294131206,39.85617806106715],[68.64735394130263,39.85638406106732],[68.64591194130126,39.850666061062014],[68.6454459413008,39.83725706104945],[68.64855094130378,39.818984061032424],[68.65194694130686,39.80933306102349],[68.64775794130301,39.796001061011076],[68.6449729413004,39.787429061003046],[68.63454394129067,39.773265060989914],[68.6290509412856,39.758045060975654],[68.62251994127946,39.748592060966935],[68.60870294126663,39.744079060962655],[68.59501594125389,39.7433960609621],[68.58985094124904,39.737751060956796],[68.58603594124548,39.73495106095418],[68.59187994125092,39.724292060944265],[68.63256794128883,39.6793740609024],[68.6266249412833,39.6507370608758],[68.60747494126548,39.634830060861006],[68.57549194123567,39.60575806083385],[68.55776194121917,39.594608060823454],[68.54394494120633,39.5891260608184],[68.54106094120361,39.57672106080684],[68.53937494120204,39.5633350607944],[68.53262294119574,39.54621106077839],[68.52376494118758,39.54063006077323],[68.51487694117924,39.534095060767115],[68.49154594115753,39.54029806077294],[68.46662894113435,39.53598706076885],[68.40245794107456,39.54390706077632],[68.37740294105124,39.5347860607678],[68.36240294103725,39.530269060763544],[68.35378994102919,39.53234106076552],[68.3489299410247,39.53530506076829],[68.33683694101347,39.545112060777434],[68.32581294100311,39.549144060781174],[68.31711494099514,39.55065506078256],[68.29499794097447,39.55449206078615],[68.2566899409388,39.55804006078946],[68.2293619409133,39.55564106078716],[68.20941094089476,39.551189060783045],[68.19336694087981,39.5533790607851],[68.18362394087073,39.559295060790625],[68.17134794085936,39.5633350607944],[68.15518894084423,39.561691060792846],[68.14035694083046,39.562892060793985],[68.10694094079933,39.564399060795395],[68.08608994077986,39.57240606080278],[68.070059940765,39.57553806080577],[68.04523394074181,39.574016060804276],[68.0341409407315,39.57610706080622],[68.02316194072132,39.58298806081272],[68.00973494070877,39.59086606082],[67.99005794069042,39.59692006082566],[67.96034194066283,39.59833106082694],[67.94046694064427,39.5967140608254],[67.8999019406065,39.61073306083852],[67.88891594059626,39.61759906084493],[67.87917994058722,39.62540806085219],[67.86058794056991,39.625679060852406],[67.8494559405595,39.626792060853454],[67.82740694053895,39.63860706086443],[67.80660194051956,39.65039806087546],[67.7967679405104,39.65436906087913],[67.78172994049646,39.64786506087309],[67.76051994047677,39.64240206086801],[67.7555609404721,39.64247106086803],[67.73585494045373,39.64848306087369],[67.71369894043313,39.65644406088108],[67.70501694042497,39.65655806088119],[67.69747094041799,39.65186306087677],[67.68604194040734,39.63955306086534],[67.6735609403957,39.63587906086191],[67.66233794038521,39.63314806085941],[67.64854394037242,39.625656060852364],[67.62816594035344,39.600032060828504],[67.6157149403418,39.59731206082603],[67.58471594031295,39.596733060825464],[67.5309439402629,39.58140906081121],[67.51367094024681,39.57648806080666],[67.49870994023293,39.57186506080234],[67.49601694023038,39.56039806079165],[67.49938194023346,39.542144060774596],[67.50013694023421,39.536087060768956],[67.48017794021563,39.550239060782154],[67.48480894021989,39.56482306079575],[67.48921194022404,39.58803106081733],[67.46794794020424,39.59621406082498],[67.46311894019975,39.58282806081254],[67.44812694018579,39.58576206081522],[67.44443494018238,39.60191706083028],[67.40673794014725,39.603767060832006],[67.40055794014147,39.61153706083932],[67.4041739401448,39.62158906084866],[67.39795594013907,39.62851306085508],[67.41040794015062,39.643398060868975],[67.40768394014808,39.65699706088163],[67.3943019401356,39.674255060897714],[67.41499994015494,39.678779060901924],[67.41963894015926,39.687110060909646],[67.44275594018077,39.69832206092011],[67.45542894019258,39.71826906093868],[67.46881094020503,39.72889706094852],[67.47307494020896,39.754981060972874],[67.48742594022238,39.762195060979565],[67.51774494025057,39.76306106098034],[67.53566694026723,39.75157506096968],[67.54227394027345,39.754772060972634],[67.54244894027362,39.758998060976616],[67.55325294028373,39.758701060976286],[67.54495194027591,39.76737906098439],[67.54526494027623,39.77498206099147],[67.53986294027122,39.77513106099163],[67.53211894026401,39.77111406098789],[67.52374994025617,39.7781100609944],[67.50359294023737,39.787960061003545],[67.48149794021684,39.80377906101834],[67.47449394021028,39.81833206103186],[67.45786194019483,39.83568906104805],[67.44287794018092,39.84031606105235],[67.41996694015958,39.86375006107416],[67.43318894017186,39.86931206107934],[67.42056194016004,39.878952061088256],[67.38200294012421,39.86222406107268],[67.36930794011236,39.870166061080106],[67.32486694007096,39.869628061079645],[67.29199194004038,39.85949306107018],[67.2726359400223,39.863368061073814],[67.24753493999899,39.858081061068816],[67.23893693999094,39.859989061070635],[67.22200693997516,39.8714020610813],[67.21621693996975,39.89098306109952],[67.19338893994853,39.88902206109767],[67.19058893994593,39.87133706108116],[67.15399093991184,39.8781540610876],[67.12581593988563,39.87799406108742],[67.09596993985777,39.89223006110073],[67.08784393985022,39.90848906111578],[67.082228939845,39.934829061140356],[67.0724019398358,39.932529061138254],[67.05380193981854,39.927886061133876],[67.04750793981265,39.93395906113951],[67.04669893981189,39.942432061147436],[67.03505693980101,39.95115606115552],[67.05293993981775,39.96679606117007],[67.0822979398451,39.96863906117184],[67.06358293982767,39.992755061194295],[67.05912693982349,40.021602061221216],[67.04896493981401,40.04213306124033],[67.02847193979494,40.0468360612447],[67.01055893977822,40.06331206126003],[66.99555893976431,40.06958306126588],[66.97296893974324,40.076858061272645],[66.9336919397066,40.07183806126798],[66.93515693970801,40.0836330612789],[66.96480493973566,40.09310906128775],[66.9783319397483,40.10801306130162],[66.98663993975599,40.12896306132111],[66.98738793975667,40.15176306134233],[66.97666093974664,40.15623806134657],[66.96517093973591,40.1708750613602],[66.95114093972286,40.17457906136362],[66.93859793971124,40.19092106137888],[66.91252093968694,40.192356061380195],[66.88609993966233,40.18279606137124],[66.86380693964159,40.20104506138832],[66.88960193966565,40.22499006141057],[66.87914193965585,40.23874606142343],[66.88178193965828,40.253059061436716],[66.87538093965233,40.25743406144077],[66.8735189396506,40.2676160614503],[66.89670493967222,40.277244061459285],[66.89954293967487,40.332130061510384],[66.89144093966735,40.351760061528665],[66.90804993968277,40.35899306153542],[66.91381793968812,40.36900706154473],[66.90668393968147,40.384380061559035],[66.88670293966284,40.40849606158149],[66.89286793966863,40.43034306160184],[66.85129493962997,40.42873306160034],[66.8280559396083,40.419090061591355],[66.80629693958805,40.42209606159414],[66.78847493957139,40.41955906159179],[66.77189593955598,40.41778906159011],[66.75262393953801,40.41819006159052],[66.74456693953057,40.42475506159663],[66.73099493951784,40.43143006160287],[66.72305193951043,40.44225606161292],[66.70915193949747,40.43828506160926],[66.69513693948451,40.4300460616016],[66.6839439394741,40.42388506159579],[66.66730393945853,40.4199600615922],[66.65629493944834,40.420181061592366],[66.65379293944596,40.42876006160036],[66.66522893945667,40.443450061614016],[66.67409493946487,40.46458406163372],[66.66791493945908,40.47526906164366],[66.67775693946837,40.50659906167281],[66.70135393949025,40.529872061694526],[66.71234093950048,40.61180106177081],[66.72837793951545,40.629962061787715],[66.77175893955584,40.65669206181267],[66.7717049395558,40.72839306187935],[66.7437739395298,40.82445506196887],[66.72225893950974,40.87414906201511],[66.68640093947631,40.878353062019045],[66.67359093946438,40.863063062004855],[66.64786493944042,40.8670500620086],[66.63316293942674,41.01940506215044],[66.7212289395088,41.026226062156766],[66.73999693952629,41.24377406235945],[66.81342993959461,41.239818062355695],[66.93140393970452,41.23407706235035],[66.9999999397684,41.22779806234455],[67.11311293987374,41.22240406233949],[67.15176293990974,41.22052706233775],[67.25221194000325,41.21193606232975],[67.27899094002825,41.211875062329675],[67.31117194005819,41.21179106232965],[67.32945994007521,41.202655062321135]]]}},{"type":"Feature","properties":{"pcode":"UZ30","level":1,"nameEn":"Fergana","nameRu":"Ферганская","nameUz":"Farg'ona","type":"province","parent":null,"place":"uz:place/fergana"},"geometry":{"type":"MultiPolygon","coordinates":[[[[71.83503694427134,39.985980061188044],[71.83869894427485,39.98513706118722],[71.84476394428044,39.98530906118732],[71.85024194428561,39.986701061188725],[71.85993894429453,39.99133306119299],[71.86631694430054,39.99384306119532],[71.87537294430899,39.99380806119527],[71.87895194431229,39.992378061193925],[71.88012594431342,39.989944061191665],[71.87889794431227,39.98648806118851],[71.87385494430757,39.98271506118497],[71.86325794429763,39.97696606117959],[71.85803894429284,39.97201906117501],[71.8543239442894,39.96696806117027],[71.85294294428812,39.962352061165994],[71.85454494428956,39.95752706116148],[71.85647494429134,39.95503906115919],[71.84661794428214,39.949234061153795],[71.84213194427805,39.949542061154055],[71.83737094427359,39.953407061157655],[71.82805594426492,39.95699606116098],[71.81548994425319,39.95903706116296],[71.81159194424961,39.95813306116206],[71.80702894424527,39.95785906116177],[71.80261894424117,39.95875106116266],[71.7971109442361,39.96266906116629],[71.78968794422916,39.969074061172215],[71.78668894422643,39.96928406117245],[71.78436194422423,39.96884906117199],[71.77741994421774,39.96225306116589],[71.76612794420723,39.94594106115071],[71.76348794420471,39.943180061148134],[71.76040594420186,39.942802061147766],[71.75824694419988,39.94354206114842],[71.75349394419547,39.94740606115202],[71.75038894419258,39.95233106115664],[71.74645894418893,39.956729061160736],[71.7422099441849,39.95878906116269],[71.73315394417654,39.958824061162744],[71.7257609441696,39.95992206116371],[71.72009194416434,39.96266906116629],[71.71916094416352,39.96686106117012],[71.72161094416577,39.973762061176586],[71.72516594416904,39.977642061180276],[71.73094894417447,39.98136906118365],[71.74240794418512,39.982345061184645],[71.75920094420076,39.983547061185774],[71.77105694421184,39.98744206118937],[71.77916694421938,39.99159606119317],[71.7860329442258,39.9976110611988],[71.78982494422931,40.00323806120404],[71.79093094423031,40.01141306121164],[71.7897409442292,40.019157061218934],[71.78970294422916,40.02446306122381],[71.79167894423101,40.027858061226986],[71.79640894423548,40.02929606122828],[71.80629694424466,40.02980006122877],[71.81227794425014,40.029384061228455],[71.81494894425265,40.02684706122602],[71.81631394425395,40.02026706121992],[71.81761094425522,40.01310706121325],[71.82187594425913,40.00574406120639],[71.82265394425983,40.00038506120139],[71.82260094425979,39.99449506119589],[71.82378294426087,39.99205306119368],[71.82869694426546,39.989364061191104],[71.83503694427134,39.985980061188044]]],[[[71.03486594352623,40.184524061372905],[71.03913094353015,40.184226061372584],[71.04462394353521,40.186542061374766],[71.04907194353945,40.18758006137574],[71.05249694354262,40.187347061375554],[71.05706694354691,40.182991061371474],[71.05976094354936,40.177421061366246],[71.07338694356203,40.150901061341614],[71.07818594356652,40.14182206133311],[71.07965794356788,40.133644061325526],[71.0816109435697,40.12273706131534],[71.0844259435723,40.11177806130512],[71.08809594357575,40.10074906129487],[71.09239094357976,40.09439806128897],[71.09657194358365,40.093437061288064],[71.10249294358916,40.09139206128619],[71.11096094359702,40.090141061285],[71.11980394360528,40.08549106128066],[71.12344294360865,40.08052806127601],[71.12509894361023,40.07368006126967],[71.12546494361057,40.05750206125457],[71.1268839436118,40.03484306123356],[71.12758594361252,40.027385061226575],[71.13045494361523,40.02315106122264],[71.13711494362138,40.021350061220886],[71.15361694363673,40.0222240612217],[71.16432894364678,40.0248520612242],[71.1759789436576,40.02808706122719],[71.1895289436702,40.03254306123137],[71.19929494367932,40.03456406123321],[71.2069849436865,40.0340340612327],[71.21012794368943,40.03179506123068],[71.20948694368879,40.027126061226284],[71.20394094368368,40.0180850612179],[71.19600594367623,40.01055506121091],[71.18579094366672,40.00520706120593],[71.17782494365935,40.00373406120449],[71.17013494365217,40.004261061205014],[71.15996494364266,40.00563406120635],[71.14953594363294,40.00500406120565],[71.1338949436184,40.00406606120478],[71.13001194361482,40.00096506120195],[71.12927994361412,39.99563506119696],[71.131293943616,39.991455061193136],[71.13615394362049,39.98910106119084],[71.14877994363229,39.98688506118885],[71.1637949436463,39.983154061185324],[71.16523694364757,39.981040061183336],[71.16581694364812,39.978981061181464],[71.1644129436468,39.97503606117782],[71.15968294364242,39.97200006117495],[71.14784194363142,39.96743006117075],[71.14379794362767,39.962997061166604],[71.143149943627,39.958328061162206],[71.14620194362985,39.955429061159485],[71.1538079436369,39.95423106115842],[71.16842594365056,39.95389506115815],[71.19023794367087,39.9557570611598],[71.20210194368198,39.95426506115839],[71.20431494368398,39.95142306115586],[71.20394794368364,39.94875306115334],[71.19930994367932,39.94638006115107],[71.1971429436773,39.94316406114814],[71.19906594367912,39.938323061143635],[71.20382594368358,39.93530206114077],[71.20981494368911,39.93488606114036],[71.22025194369877,39.93551606114097],[71.22604294370417,39.93376906113934],[71.22891894370684,39.92953106113543],[71.22810294370612,39.923530061129796],[71.22498294370324,39.9197080611262],[71.21579694369467,39.91562606112241],[71.20935794368869,39.91270406111974],[71.20435994368407,39.907669061114994],[71.19904294367907,39.90178206110956],[71.19187894367244,39.893527061101906],[71.18337194366445,39.888053061096805],[71.17607094365766,39.88519206109412],[71.16375694364618,39.88335406109241],[71.15008494363352,39.88429606109326],[71.13393394361843,39.88607406109489],[71.12377094360896,39.8874510610962],[71.10154694358825,39.88898406109763],[71.08769894357542,39.888591061097266],[71.07460694356314,39.88747406109624],[71.06503194355427,39.88678306109564],[71.05382494354387,39.88688606109573],[71.04820994353857,39.8899650610986],[71.04601994353659,39.8928100611012],[71.04503594353565,39.89826206110626],[71.04568394353623,39.90293106111066],[71.04887294353915,39.90742106111481],[71.05653294354633,39.91295206112001],[71.0644679435538,39.920482061127004],[71.06653494355562,39.92303406112935],[71.06897694355793,39.928249061134245],[71.0708919435597,39.93518406114068],[71.0756749435642,39.94495306114979],[71.08248894357048,39.95054206115499],[71.09355894358083,39.955841061159916],[71.10085994358762,39.95869806116262],[71.1030189435896,39.961914061165636],[71.10185994358856,39.966033061169384],[71.09574794358281,39.97183906117486],[71.08262594357072,39.976783061179454],[71.08042894356862,39.97962906118205],[71.08088594356903,39.982967061185214],[71.08399894357197,39.98678906118872],[71.09195694357938,39.988258061190095],[71.10154694358825,39.988941061190744],[71.10713094359348,39.99192006119351],[71.10956494359573,39.99714206119837],[71.11218194359822,40.0036880612045],[71.11139594359749,40.010478061210755],[71.1067119435931,40.01416706121418],[71.10082994358763,40.01619706121614],[71.08315994357112,40.01943206121913],[71.06170594355122,40.0202400612199],[71.0462339435368,40.020633061220266],[71.03787894352897,40.02255606122208],[71.03167694352322,40.0276980612268],[71.02104894351329,40.044582061242586],[71.01270194350549,40.05928806125624],[71.00643894349969,40.0765490612723],[71.00497394349829,40.08473206127995],[71.00588194349925,40.091400061286144],[71.00782694350102,40.09934206129356],[71.0082619435014,40.1087340613023],[71.00724694350046,40.12024606131307],[71.00604194349934,40.13043206132249],[71.00503494349836,40.141941061333185],[71.00493594349834,40.160121061350154],[71.00465294349802,40.1769670613659],[71.0038219434972,40.18464206137299],[71.00454694349794,40.18997906137795],[71.009955943503,40.19162706137948],[71.01517394350788,40.191940061379796],[71.02353594351558,40.19001706137798],[71.03486594352623,40.184524061372905]]],[[[71.04863694353898,40.227825061413235],[71.04200694353283,40.2261920614117],[71.03507894352634,40.22625706141175],[71.03060094352222,40.22864506141403],[71.02816694351986,40.23423006141916],[71.02873894352047,40.246269061430375],[71.03102794352255,40.25902506144229],[71.03333994352475,40.26428206144711],[71.03838294352946,40.266010061448775],[71.04944594353975,40.261085061444156],[71.05435094354432,40.25783506144117],[71.05895894354865,40.25251706143619],[71.06038594354992,40.24741706143148],[71.06071394355024,40.241981061426415],[71.05951594354917,40.23706806142181],[71.05555694354543,40.231510061416685],[71.04863694353898,40.227825061413235]]],[[[71.06969394355863,40.74582606189562],[71.0513069435415,40.71828406187],[71.08721094357492,40.71703306186881],[71.11170094359767,40.702571061855366],[71.1416239436256,40.686046061839974],[71.17976294366116,40.67335806182818],[71.20827394368763,40.654300061810424],[71.24294994371999,40.64093306179796],[71.26924794374446,40.64541606180215],[71.29354794376712,40.66388306181933],[71.32261594379413,40.67339306182814],[71.34531394381526,40.686740061840645],[71.36225794383103,40.698711061851824],[71.39710194386352,40.69829506185133],[71.4259259438904,40.716461061868294],[71.45614594391857,40.725852061877035],[71.47361694393479,40.73441306188496],[71.48642694394673,40.72928606188023],[71.5018759439611,40.72940006188034],[71.52232294398019,40.71675806186862],[71.53776494399452,40.69633406184957],[71.55623594401176,40.67138606182631],[71.56796194402264,40.65604406181208],[71.57387494402819,40.639339061796456],[71.59757194405017,40.650924061807224],[71.61593594406736,40.66596906182131],[71.63560394408566,40.67985106183419],[71.64619394409556,40.687278061841106],[71.62174194407274,40.70829706186071],[71.62032294407142,40.728389061879376],[71.6245649440753,40.742164061892296],[71.64274494409227,40.75506206190423],[71.66068994410907,40.7387730618891],[71.68116694412805,40.72665006187778],[71.70300994414843,40.720920061872455],[71.72553994416943,40.71513706186701],[71.75247894419454,40.71122706186342],[71.77402394421458,40.70280006185557],[71.79875094423758,40.691455061845026],[71.81894594425643,40.67716506183169],[71.83074894426738,40.662879061818415],[71.84895994428433,40.643306061800146],[71.86645494430067,40.649723061806085],[71.88501694431798,40.64633106180299],[71.90976694434102,40.635513061792885],[71.92151594435195,40.63419306179167],[71.9310069443608,40.63438706179191],[71.95871694438654,40.63495606179236],[72.00315794442794,40.63144606178909],[72.05737294447842,40.62778806178574],[72.08598994450513,40.62692606178494],[72.10715394452492,40.63467406179221],[72.10486594452276,40.607818061767134],[72.12505294454155,40.60049406176031],[72.13809894455366,40.604469061764036],[72.15128294456599,40.58465106174557],[72.17362194458673,40.584201061745105],[72.19693694460845,40.56747406172961],[72.19531994460692,40.55300106171605],[72.16563394457923,40.53774606170183],[72.18562994459786,40.49857306166537],[72.18350894459591,40.498256061665074],[72.17265294458578,40.4754060616438],[72.16609094457965,40.467292061636186],[72.15345694456798,40.45803006162764],[72.15248794456701,40.457317061626995],[72.14250094455772,40.4533800616233],[72.13447494455028,40.45224306162222],[72.1217419445384,40.45555106162529],[72.10241594452042,40.46530106163434],[72.09247494451111,40.448101061618345],[72.09846394451672,40.43546206160661],[72.10179094451986,40.42154606159366],[72.10220994452015,40.41979206159198],[72.09918894451746,40.41421806158686],[72.08540294450452,40.40239706157583],[72.08376294450304,40.392978061567],[72.07750694449717,40.38639806156089],[72.07076994449096,40.38346406155821],[72.0479349444696,40.379615061554595],[72.04387594446594,40.37698306155212],[72.03802394446046,40.368354061544075],[72.0254049444487,40.35747506153399],[72.01435794443839,40.35121106152818],[71.99706194442227,40.332420061510575],[71.97141994439843,40.32389806150268],[71.9600599443879,40.31741306149671],[71.95121694437964,40.30965406148942],[71.94859294437711,40.305328061485426],[71.94924894437774,40.301624061482],[71.95328494438155,40.297019061477656],[71.97431094440111,40.293167061474065],[71.98991294441562,40.283969061465484],[71.99555894442092,40.278415061460336],[71.99417094441958,40.2703740614529],[71.96996294439707,40.2532040614369],[71.96011294438792,40.23531306142022],[71.95381094438198,40.23009406141534],[71.93947594436865,40.22464306141019],[71.92603994435616,40.2249290614105],[71.91844094434906,40.22767606141308],[71.89871894433071,40.24011906142467],[71.89116594432369,40.24195006142642],[71.8725579443063,40.24413206142835],[71.86252494429694,40.247714061431715],[71.85505594429002,40.24794706143199],[71.84981494428519,40.24549806142964],[71.84465694428039,40.24145506142597],[71.8417809442777,40.2335920614186],[71.84290994427874,40.229057061414366],[71.85879494429358,40.21033406139688],[71.8605189442951,40.20581406139273],[71.8592519442939,40.20143106138864],[71.85177594428694,40.196174061383815],[71.8429869442788,40.1931610613809],[71.8313359442679,40.1937210613814],[71.81833594425586,40.18577506137401],[71.77757994421793,40.16736606135692],[71.76135194420277,40.164344061354065],[71.74905294419128,40.1603010613503],[71.7290799441727,40.14938306134018],[71.72138194416556,40.14845206133927],[71.71619394416076,40.15080206134151],[71.70619194415139,40.16489006135456],[71.69679994414265,40.17327806136238],[71.69166494413788,40.174488061363554],[71.68385294413056,40.181098061369745],[71.68271594412957,40.18319306137167],[71.68054094412751,40.187164061375334],[71.68419594413088,40.21860806140468],[71.68019094412725,40.231971061417084],[71.66534394411337,40.247043061431086],[71.65426594410299,40.253089061436796],[71.6374809440874,40.254375061437955],[71.61103794406274,40.25237206143609],[71.60868794406059,40.24634906143051],[71.60851994406046,40.238571061423244],[71.6137309440653,40.21472906140108],[71.60922994406113,40.19903506138641],[71.61094594406268,40.189716061377766],[71.6084439440603,40.18643106137464],[71.60215694405446,40.18691206137509],[71.58457094403815,40.20279606138993],[71.56280494401784,40.20276606138985],[71.55105494400692,40.19963006138697],[71.54501294400127,40.20103006138832],[71.53112694398831,40.209259061395954],[71.49279694395268,40.22237706140815],[71.48810494394834,40.231365061416504],[71.49218694395213,40.25368406143727],[71.49072194395073,40.25843806144168],[71.48690694394718,40.26242406144544],[71.45882394392103,40.26284406144581],[71.44553294390863,40.265594061448375],[71.43866694390223,40.265586061448424],[71.42560494389014,40.269485061451995],[71.41198694387741,40.277706061459675],[71.40582994387167,40.283039061464656],[71.38838094385541,40.29815606147874],[71.37944694384709,40.30265006148287],[71.36885794383728,40.30502706148512],[71.35801594382714,40.30144506148176],[71.34463494381467,40.30051806148091],[71.3410409438113,40.305652061485674],[71.34303994381318,40.31212906149179],[71.33621894380684,40.31623406149553],[71.32852094379963,40.31504806149447],[71.30309994377596,40.30568606148574],[71.28677294376078,40.303962061484135],[71.28099794375538,40.30558306148565],[71.27773994375235,40.31004306148981],[71.27731994375198,40.32672506150531],[71.27487094374972,40.327102061505684],[71.27128594374638,40.32765106150617],[71.25443194373068,40.32476006150348],[71.24396494372093,40.3248440615036],[71.22210594370057,40.33045506150884],[71.20049194368039,40.331958061510186],[71.18267794366388,40.33016506150856],[71.15267894363586,40.32242906150131],[71.1314389436161,40.322788061501704],[71.11820894360378,40.319320061498445],[71.08045094356856,40.297779061478366],[71.06304094355244,40.289806061470955],[71.04336494353407,40.28789106146918],[71.03217294352368,40.28680406146815],[71.02069794351294,40.28408006146561],[70.9759899434713,40.26909606145169],[70.9661479434622,40.26436906144729],[70.96315694345941,40.25991006144313],[70.96983294346565,40.24461306142889],[70.97027494346607,40.23799506142266],[70.96761294346351,40.22851106141386],[70.9160609434155,40.22742406141292],[70.89765094339833,40.22601306141155],[70.87377094337613,40.221641061407475],[70.86801094337082,40.223014061408726],[70.83123694333656,40.202106061389244],[70.77789294328683,40.18394806137232],[70.77044594327987,40.18387606137232],[70.74368194325503,40.17844006136725],[70.71340094322679,40.17651706136544],[70.70966294322331,40.174530061363654],[70.68631694320159,40.17187806136112],[70.68547794320082,40.171783061361076],[70.67800094319378,40.17093606136027],[70.64562194316372,40.165016061354684],[70.6365729431553,40.16646906135607],[70.62762394314689,40.17066906136003],[70.61810994313801,40.182857061371315],[70.60951894313008,40.19873806138609],[70.60211894312319,40.206207061393094],[70.59510794311669,40.22078306140665],[70.57971894310229,40.227226061412615],[70.56815294309149,40.242755061427125],[70.57099894309418,40.24470506142895],[70.5724629430955,40.2658190614486],[70.58054294310307,40.28217606146386],[70.57655994309938,40.29596706147668],[70.56858794309187,40.311191061490916],[70.5717159430948,40.32574006150437],[70.56657394309008,40.3349030615129],[70.55052894307507,40.3458930615232],[70.48763194301651,40.36746206154328],[70.45230794298357,40.3729470615484],[70.4463109429781,40.37597206155116],[70.43077794296352,40.37964606155467],[70.42390394295715,40.37957706155456],[70.40437994293895,40.372543061548015],[70.39506494293036,40.37305006154849],[70.38523094292111,40.37650606155173],[70.37789094291429,40.38259506155736],[70.36812494290527,40.40093206157444],[70.36174694289926,40.40614306157936],[70.35563594289358,40.40770306158071],[70.35246994289062,40.419990061592195],[70.34482494288353,40.42950406160107],[70.3387679428779,40.43920806161013],[70.33267894287226,40.449245061619386],[70.33150394287105,40.45926606162883],[70.33420494287364,40.4625890616319],[70.35179894289,40.46618606163518],[70.37334394291005,40.47954106164763],[70.39927594293425,40.48318806165104],[70.41377994294771,40.48834606165585],[70.4229499429563,40.49267506165991],[70.45637494298745,40.50062906166726],[70.46732994299761,40.50460006167101],[70.48464894301377,40.50452006167088],[70.49482694302324,40.51138306167731],[70.49732194302557,40.52470706168968],[70.50687394303449,40.53199306169647],[70.50984894303718,40.546710061710236],[70.51409094304117,40.55328706171636],[70.52275794304924,40.5568880617197],[70.53554494306114,40.558242061720975],[70.55223794307666,40.557098061719934],[70.56250694308619,40.56304506172545],[70.57801794310065,40.56332306172571],[70.58629594310842,40.565727061727884],[70.58735594310934,40.56603606172823],[70.60620794312695,40.58422406174515],[70.63032494314939,40.620918061779356],[70.6380379431566,40.62714706178511],[70.65215294316977,40.630077061787816],[70.65758494317477,40.63456706179206],[70.66673994318334,40.642139061799064],[70.67788594319367,40.64492706180166],[70.6810979431967,40.64963106180611],[70.689963943205,40.650947061807265],[70.69888994321329,40.65909906181483],[70.71980194323274,40.662696061818195],[70.7284849432408,40.658088061813956],[70.73550394324735,40.657585061813464],[70.73643394324819,40.6685560618237],[70.73346694324553,40.68399006183808],[70.73248994324453,40.68479906183885],[70.73924194325085,40.6885870618423],[70.74536794325651,40.684444061838434],[70.75967394326983,40.685092061839114],[70.76911094327866,40.694625061847965],[70.77530594328444,40.710494061862725],[70.77823594328714,40.71145206186365],[70.8083869433153,40.72103106187258],[70.84382594334825,40.72682506187796],[70.86949894337216,40.73663706188707],[70.8913489433925,40.7536010619029],[70.90479194340503,40.75283406190214],[70.92663494342531,40.745502061895365],[70.96449994346067,40.75284906190214],[70.96310394345937,40.72604306187729],[70.98286394347775,40.7326960618834],[71.0077429435009,40.73384806188448],[71.02320794351527,40.742488061892544],[71.04497494353558,40.74641406189622],[71.05773894354743,40.762149061910904],[71.07591194356436,40.76367906191226],[71.06969394355863,40.74582606189562]]]]}},{"type":"Feature","properties":{"pcode":"UZ10","level":1,"nameEn":"Kashkadarya","nameRu":"Кашкадарьинская","nameUz":"Qashqadaryo","type":"province","parent":null,"place":"uz:place/kashkadarya"},"geometry":{"type":"Polygon","coordinates":[[[65.7539439386079,39.510505060745196],[65.76571593861887,39.49956106073497],[65.77764093863006,39.500133060735486],[65.78230193863433,39.50511906074009],[65.7887869386404,39.51007006074473],[65.79241093864377,39.50642706074138],[65.79690493864798,39.50061706073601],[65.80132993865209,39.48976806072583],[65.80579293865624,39.48180006071848],[65.81484193866466,39.473052060710266],[65.82015893866965,39.46075006069888],[65.83377793868226,39.45266306069127],[65.85090593869825,39.43374206067366],[65.86725593871346,39.42489206066545],[65.87805093872353,39.41251306065391],[65.89527093873949,39.400775060643],[65.904334938748,39.39490506063746],[65.92356793876593,39.39463806063722],[65.92385093876617,39.35578506060112],[65.93566093877718,39.3505890605962],[65.948355938789,39.34393606059],[65.95921993879911,39.337314060583886],[65.95979993879966,39.31716506056512],[65.96610193880551,39.3113210605596],[65.97589093881467,39.29536006054478],[65.98951693882734,39.29013006053989],[66.0048819388416,39.27983806053032],[66.01943893885519,39.275310060526124],[66.04044293887479,39.27428406052517],[66.06239293889514,39.274688060525555],[66.07703293890884,39.27590506052668],[66.0882029389193,39.28653306053652],[66.102988938933,39.294944060544466],[66.11309793894243,39.29766406054694],[66.12226093895096,39.29824806054748],[66.1236189389522,39.32125406056887],[66.12480093895329,39.33562006058228],[66.14427893897142,39.348987060594744],[66.14980993897662,39.351062060596696],[66.17359093899871,39.35068506059633],[66.17623093900123,39.34489806059091],[66.18907893901321,39.347572060593485],[66.20751893903036,39.35375206059918],[66.21868793904073,39.36292606060773],[66.23252793905371,39.36845706061284],[66.23811293905884,39.37268006061684],[66.25460793907423,39.37384706061792],[66.26003193907928,39.370166060614444],[66.27004993908857,39.36783906061233],[66.27461193909282,39.36776706061224],[66.27632893909445,39.36198406060688],[66.27619093909432,39.355503060600796],[66.28062393909846,39.34896006059473],[66.28239393910006,39.34605406059196],[66.28876393910602,39.34450906059052],[66.29512693911194,39.34296406058907],[66.3125299391282,39.3433910605895],[66.3152309391307,39.34190706058812],[66.31774893913298,39.33106606057807],[66.31943493913464,39.324573060571964],[66.3247599391395,39.31727906056523],[66.33329693914747,39.33080206057781],[66.34071293915436,39.33571206058234],[66.34185693915549,39.34576406059177],[66.36478393917683,39.34824706059409],[66.3658519391778,39.35470506060005],[66.371382939183,39.35676106060194],[66.37309993918456,39.351696060597284],[66.38227793919307,39.35297706059847],[66.39974193920933,39.35626906060147],[66.40708093921616,39.35685706060207],[66.41805193922639,39.35665806060186],[66.41817393922653,39.36169806060658],[66.42733693923506,39.362247060607146],[66.427229939235,39.35793606060306],[66.4363859392435,39.357776060602966],[66.44049793924736,39.33827906058477],[66.46881093927371,39.33633006058294],[66.48231493928633,39.32744206057469],[66.48945593929292,39.32012506056791],[66.5030359393056,39.31483806056292],[66.51309193931492,39.31465106056281],[66.52504693932612,39.31730606056524],[66.5252069393263,39.32377206057124],[66.5265419393275,39.34029306058665],[66.52942593933014,39.34599306059198],[66.5376349393378,39.345123060591135],[66.54383793934353,39.33708906058365],[66.5492169393486,39.33266806057952],[66.56005793935864,39.32743006057468],[66.57375293937143,39.326450060573706],[66.58771493938445,39.33552906058221],[66.59422293939055,39.33972106058613],[66.61530293941014,39.34147206058775],[66.62757093942156,39.35561306060092],[66.64076193943386,39.369739060614016],[66.64671293943934,39.38688606063007],[66.65621893944827,39.40036006064259],[66.681746939472,39.396259060638826],[66.70382593949263,39.40012306064234],[66.72131293950883,39.403366060645375],[66.74140093952752,39.401512060643675],[66.75797193954298,39.40476906064671],[66.76633393955079,39.408908060650596],[66.76994293955417,39.406677060648434],[66.76642593955094,39.40111106064327],[66.78071493956419,39.40182406064391],[66.78566693956874,39.39356906063626],[66.78536193956855,39.3828730606263],[66.81777093959869,39.382705060626165],[66.84267393962187,39.36994506061428],[66.8448409396239,39.377536060621345],[66.85986293963794,39.381286060624845],[66.87403793965109,39.38112206062468],[66.87168793964894,39.37211606061627],[66.89045693966641,39.369239060613594],[66.87887493965562,39.35013506059576],[66.89542293967104,39.3431890605893],[66.88406293966041,39.331081060578065],[66.88350593965988,39.31257206056088],[66.89724693967274,39.282215060532565],[66.87271793964987,39.24939706050198],[66.87649493965338,39.235733060489274],[66.89115893966702,39.23624006048975],[66.9005429396758,39.252914060505205],[66.92425493969787,39.24168306049477],[66.92904593970233,39.24445706049736],[66.94544193971761,39.250274060502775],[66.96654493973725,39.239501060492756],[66.97543293974549,39.25618706050832],[66.99809993976663,39.245380060498235],[66.99712293976573,39.23099106048479],[67.02271993978957,39.23040706048434],[67.03739893980321,39.23171606048553],[67.04574493981102,39.24757706050034],[67.06720693983095,39.26436606051599],[67.06767993983145,39.29482206054432],[67.05757093982201,39.305763060554476],[67.0657039398296,39.31462406056271],[67.08401393984667,39.314197060562286],[67.09785393985955,39.32128106056897],[67.10281293986414,39.31293406056117],[67.13309393989238,39.31056206055897],[67.1785959399348,39.309875060558355],[67.18392093993964,39.297393060546725],[67.18025193993627,39.28184506053215],[67.20372693995819,39.28003306053055],[67.20910593996315,39.284431060534644],[67.21015893996412,39.29963306054874],[67.23081893998342,39.306938060555595],[67.25174694000287,39.27719806052789],[67.27739694002675,39.277786060528484],[67.28747494003612,39.281646060532026],[67.30943994005663,39.281501060531845],[67.32585094007192,39.27243806052342],[67.34987594009421,39.28581606053591],[67.36540894010871,39.26730306051866],[67.39330194013476,39.27085406052194],[67.39537794013663,39.265285060516796],[67.42549094016474,39.224689060478944],[67.44129894017941,39.2120510604672],[67.46209694019876,39.203189060458975],[67.50020494023424,39.19700206045324],[67.51363294024678,39.19013506044674],[67.53202794026386,39.185127060442184],[67.54928494027995,39.18492106044192],[67.5715479403007,39.18849106044527],[67.59490894032241,39.185329060442285],[67.616934940343,39.17738306043489],[67.63114894035618,39.149398060408856],[67.64338594036761,39.14540806040513],[67.67785594039971,39.14400806040387],[67.68391394040535,39.1391330603993],[67.68370794040517,39.129547060390415],[67.67613194039811,39.12101306038242],[67.67442994039655,39.09897906036187],[67.67387294039594,39.095104060358246],[67.67153894039387,39.078876060343184],[67.67478894039685,39.07152906033632],[67.6809309404026,39.05765506032347],[67.68388294040535,39.02308606029127],[67.68868194040977,39.01727206028583],[67.70070594042097,39.004646060274105],[67.70359794042373,39.00366206027316],[67.67002094039243,38.980537060251606],[67.62959994035477,38.983421060254244],[67.60794794033457,38.96236806023467],[67.58530394031347,38.971660060243295],[67.56933494029869,38.98336006025417],[67.55685394028706,38.972446060244025],[67.53914594027052,38.96773506023962],[67.51656294024949,38.95016806022328],[67.48945594022425,38.92837906020302],[67.49766494023191,38.91430606018987],[67.5343779402661,38.90118006017772],[67.54264794027384,38.88884306016619],[67.53933694027069,38.85948106013885],[67.56304094029281,38.8501770601302],[67.57789594030662,38.83850406011934],[67.55757094028768,38.8218720601038],[67.55481694028514,38.8046150600878],[67.57039594029962,38.79065706007475],[67.57540794030433,38.773231060058535],[67.56018794029006,38.747333060034386],[67.55519094028553,38.715888060005135],[67.53788694026937,38.70959405999924],[67.53708594026864,38.68857105997966],[67.49251494022715,38.68751505997871],[67.46735294020368,38.698715059989155],[67.42645194016555,38.694530059985276],[67.40276294014352,38.66807505996061],[67.38300294012514,38.67160405996394],[67.37529694011798,38.64172305993602],[67.34921994009368,38.62735705992261],[67.34677794009137,38.61162505990799],[67.35667394010059,38.59708405989449],[67.34586294009054,38.58608205988426],[67.32678194007273,38.58130605987981],[67.30517494005262,38.558544059858626],[67.2738259400235,38.55418705985455],[67.25413494000506,38.531364059833294],[67.22591393997887,38.507244059810866],[67.19817293995294,38.49738305980161],[67.17941993993556,38.473026059778924],[67.17581093993218,38.42047105973],[67.16174993991905,38.394485059705765],[67.1270139398867,38.37049805968341],[67.09192593985401,38.364547059677925],[67.06800793983177,38.35382005966789],[67.04355593980895,38.35588005966984],[67.0335229397996,38.33655505965184],[67.00880393977663,38.32959705964537],[66.98273393975228,38.30912005962629],[66.98428293975378,38.29780505961574],[66.9718089397422,38.290557059608986],[66.94924893972113,38.29256405961091],[66.9207759396946,38.28565905960447],[66.9212639396951,38.26985905958974],[66.89794893967337,38.27788505959718],[66.87326793965043,38.27164405959142],[66.87339693965045,38.24306405956474],[66.8655009396431,38.22969005955231],[66.86022093963824,38.209499059533535],[66.88159893965816,38.20001205952467],[66.8687209396461,38.17697505950321],[66.84895293962768,38.142799059471365],[66.82398193960447,38.12376005945367],[66.78324793956648,38.11257505944322],[66.7534859395388,38.08911105942142],[66.71315693950129,38.056068059390604],[66.69352693948292,38.02260505935949],[66.65701193944896,37.979385059319206],[66.64375993943668,37.99115705933017],[66.630194939424,38.00488205934295],[66.62018493941467,38.01403405935145],[66.60153893939734,38.02379205936054],[66.59435993939061,38.026672059363285],[66.58856893938521,38.02822405936469],[66.58142793937861,38.03013905936646],[66.56562793936388,38.03590005937186],[66.55123893935043,38.03823405937402],[66.4965429392995,38.04185405937742],[66.4806819392847,38.038497059374286],[66.43958193924654,38.027816059364326],[66.42734493923511,38.0267140593633],[66.41655693922509,38.02902205936544],[66.40000893920957,38.03248505936864],[66.37991293919093,38.04676805938202],[66.3734509391849,38.05076905938568],[66.35691793916948,38.05877605939315],[66.34685493916011,38.06449105939848],[66.3367839391507,38.068500059402176],[66.32527893914008,38.07250905940597],[66.3130489391286,38.078796059411815],[66.30155893911797,38.08849305942083],[66.2871849391046,38.102180059433564],[66.27352893909176,38.114158059444705],[66.25845293907778,38.13580705946483],[66.24552093906578,38.15404105948191],[66.23543493905629,38.159175059486685],[66.21884893904091,38.15976705948717],[66.19433493901803,38.16093405948825],[66.14386693897109,38.17179405949837],[66.11862893894762,38.178638059504735],[66.1049269389348,38.18547405951115],[66.0998839389301,38.194580059519666],[66.09411593892474,38.20198005952656],[66.08401393891535,38.20368905952808],[66.07535493890731,38.20710305953131],[66.06886193890121,38.20881205953292],[66.05947793889243,38.21052105953443],[66.05054393888419,38.21106305953496],[66.05010193888377,38.21109005953497],[66.04504293887908,38.21393505953766],[66.03349993886832,38.22474605954772],[66.02339093885888,38.22758805955034],[66.00101393883803,38.22700805954978],[65.99379693883135,38.226436059549265],[65.97575293881454,38.23097905955354],[65.9562449387964,38.24120705956305],[65.93672893877815,38.25883105957949],[65.9150389387579,38.27474205959426],[65.89552993873978,38.27870105959791],[65.87544993872103,38.27867105959791],[65.87242093871822,38.278667059597936],[65.85148593869873,38.27408205959365],[65.84212393869008,38.26268305958299],[65.83566193868405,38.250152059571306],[65.83060393867935,38.25128105957244],[65.82338693867258,38.25127005957242],[65.82050293866995,38.24955705957084],[65.81692493866656,38.23873505956076],[65.80899793865923,38.23587405955807],[65.79744693864842,38.23585105955804],[65.75627793861015,38.241447059563285],[65.6963109385543,38.25209805957316],[65.66521393852526,38.26110805958155],[65.63700093849901,38.270690059590464],[65.56536793843227,38.29147705960988],[65.5255499383952,38.30440105962193],[65.48136893835408,38.31899605963546],[65.43929993831489,38.338138059653325],[65.36233493824325,38.37642205968898],[65.3005439381857,38.408493059718865],[65.26048993814838,38.433845059742424],[65.202109938094,38.47669905978236],[65.13530693803183,38.530170059832116],[65.11788893801557,38.544113059845166],[65.08872193798837,38.56746205986686],[65.03745993794064,38.605739059902554],[65.02503893792908,38.612461059908775],[64.998068937904,38.621337059917],[64.96597193787409,38.633575059928425],[64.93974293784964,38.64073505993518],[64.89015893780353,38.65620805994959],[64.85147793776746,38.669490059961866],[64.82663693774425,38.67948905997126],[64.79730893771696,38.69625805998685],[64.78925293770952,38.70072905999095],[64.77598493769717,38.711971060001495],[64.73789893766165,38.73034206001863],[64.67488793760299,38.759239060045516],[64.6528319375824,38.77264406005801],[64.58166493751612,38.80595006008901],[64.52283406246138,38.83823006011905],[64.46963506241184,38.87680806015496],[64.43708006238153,38.90141606017789],[64.40306806234985,38.92485806019973],[64.39719306234443,38.92988906020442],[64.49646706243679,39.01756206028612],[64.62470193755628,39.0399510603069],[64.66362693759247,39.05252406031868],[64.91123893782311,39.11130506037338],[64.84366593776022,39.207492060463025],[64.94953893785876,39.30106306055009],[64.97138893787908,39.30095606055003],[64.97374693788137,39.32174606056934],[64.99796193790384,39.342414060588595],[65.02446693792857,39.354927060600296],[65.06251493796397,39.37550306061949],[65.1281279380251,39.41796106065899],[65.14897893804448,39.40570806064757],[65.18204393807525,39.41412706065538],[65.21840593810917,39.42076806066156],[65.24155393813068,39.42405306066469],[65.26808093815545,39.43940706067893],[65.27540493816227,39.43401306067388],[65.29099193817679,39.434608060674435],[65.31935793820317,39.42933606066962],[65.3614949382424,39.427539060667925],[65.40364793828171,39.427162060667555],[65.45218593832689,39.423114060663735],[65.48880693836102,39.42060006066143],[65.51168793838237,39.4189370606599],[65.52916693839862,39.42451006066502],[65.54199193841056,39.425102060665594],[65.5594859384268,39.432113060672194],[65.57427193844059,39.442756060682115],[65.58714993845257,39.446937060685926],[65.61004593847392,39.44596406068509],[65.63004993849258,39.4327880606728],[65.64654493850789,39.432613060672615],[65.65840893851892,39.42887406066914],[65.6813119385403,39.428619060668915],[65.69695193855486,39.43347106067344],[65.70894593856607,39.43909006067864],[65.73306193858843,39.4596710606978],[65.74885493860322,39.474586060711694],[65.74906893860333,39.49041306072644],[65.74550593860012,39.49765706073322],[65.73644993859165,39.50639706074129],[65.73657893859176,39.51575006075009],[65.75125793860539,39.515567060749866],[65.7539439386079,39.510505060745196]]]}},{"type":"Feature","properties":{"pcode":"UZ33","level":1,"nameEn":"Khorezm","nameRu":"Хорезмская","nameUz":"Xorazm","type":"province","parent":null,"place":"uz:place/khorezm"},"geometry":{"type":"Polygon","coordinates":[[[60.25193405848382,41.95384493802074],[60.2724260585029,41.934302938002546],[60.29624505852503,41.92211093799111],[60.38248405860532,41.92072593798984],[60.40025305862194,41.91265093798234],[60.405025058626336,41.89833793796905],[60.392158058614385,41.89066293796188],[60.39379505861589,41.866114937939024],[60.40135105862291,41.838877937913686],[60.41566405863628,41.824896937900604],[60.41471805863537,41.81038993788716],[60.4481770586665,41.79559293787335],[60.455146058673,41.777010937855984],[60.46590405868302,41.75855193783885],[60.49967505871448,41.709025937792745],[60.543834058755635,41.70468493778866],[60.57247905878228,41.704165937788176],[60.5964270588046,41.6875679377727],[60.623275058829634,41.62475493771426],[60.643104058848124,41.612364937702694],[60.67406805887693,41.604655937695455],[60.69171505889331,41.596522937687865],[60.69314905889472,41.573416937666465],[60.72488005892428,41.55269193764711],[60.738784058937206,41.5429949376381],[60.76383505896047,41.5379819376334],[60.78541505898057,41.52706493762318],[60.80278305899679,41.49141293759001],[60.820201059012966,41.48614793758515],[60.86246805905238,41.47873993757821],[60.87471005906378,41.46462193756507],[60.89823105908568,41.45229693755365],[60.9271080591126,41.445906937547626],[60.95277005913649,41.429289937532175],[60.9733730591557,41.434225937536816],[60.97462005915682,41.4125629375166],[60.98500405916646,41.39694193750202],[61.013420059192974,41.364467062471846],[61.021495059200475,41.35601806246395],[61.06348805923961,41.351413062459606],[61.07770505925286,41.334445062443805],[61.112991059285676,41.313720062424544],[61.16662905933566,41.3036110624151],[61.183513059351355,41.30696406241826],[61.19897005936577,41.30158906241327],[61.202323059368844,41.274181062387726],[61.21672405938231,41.25286106236782],[61.21864705938412,41.216743062334196],[61.23893305940294,41.19123006231046],[61.26713505942925,41.19487306231381],[61.27552005943709,41.17917206229927],[61.30155505946129,41.175518062295815],[61.329483059487316,41.185981062305586],[61.3382070594954,41.21083006232874],[61.32467605948278,41.2750890623886],[61.3960950595494,41.33370906244321],[61.54573805968871,41.310768062421786],[61.68177405981542,41.31332006242413],[61.80081105992624,41.23685806235299],[61.92324406004031,41.13491406225801],[62.14430606024615,40.95396006208952],[62.18269306028198,40.959197062094375],[62.41845306050152,40.769927061918075],[62.397411060481964,40.71443906186646],[62.1388090602411,40.56176306172418],[62.13545206023797,40.5649900617273],[62.13485306023735,40.56576106172795],[62.12814306023114,40.57436706173595],[62.12628506022938,40.57900206174029],[62.11307106021714,40.59610706175615],[62.11036306021459,40.601684061761425],[62.107299060211716,40.6120750617711],[62.10549106021,40.629291061787086],[62.09917806020414,40.64069306179773],[62.09779706020285,40.64302806179988],[62.09101106019657,40.65696306181289],[62.080978060187206,40.67213806182698],[62.07818906018461,40.676342061830915],[62.06681406017399,40.688812061842526],[62.062496060170034,40.69112306184465],[62.0519980601602,40.69886706185194],[62.045459060154116,40.71210406186422],[62.04207606015096,40.75774306190677],[62.032165060141736,40.769939061918095],[62.02640106013636,40.78681506193384],[62.00684306011817,40.81073706195614],[62.00009906011191,40.82032006196504],[62.00091906011261,40.824642061969065],[61.99810406011,40.840515061983794],[61.99997706011176,40.84778506199059],[62.00149106011322,40.859867062001896],[62.00011806011188,40.89240606203214],[61.99689806010889,40.90028306203951],[61.99581506010792,40.916564062054604],[61.99562806010773,40.92297706206066],[61.992729060105006,40.931301062068336],[61.991401060103755,40.94690306208294],[61.99488806010699,40.96625906210093],[61.99636806010838,40.97353706210768],[61.99156506010391,40.98008706211379],[61.98057106009372,40.98360806211717],[61.97663106009004,40.99539506212805],[61.97716106009055,41.00590806213788],[61.97087806008469,41.0191380621502],[61.96373306007801,41.02735906215788],[61.954723060069625,41.03448406216449],[61.94699006006244,41.03699406216682],[61.92301906004008,41.047294062176434],[61.910717060028695,41.049018062178035],[61.90095506001954,41.05341706218212],[61.89730006001618,41.05813906218655],[61.89445106001351,41.06252606219062],[61.897514060016384,41.06953406219714],[61.8985320600173,41.07797606220499],[61.89059806000992,41.09513406222097],[61.88040506000046,41.10938606223428],[61.85405705997585,41.12133706224531],[61.81323205993788,41.153598062275464],[61.78897805991529,41.15929706228071],[61.78068505990751,41.16318506228435],[61.75674805988521,41.17573906229607],[61.7462310598755,41.18403206230376],[61.73669405986658,41.19390106231297],[61.71283305984435,41.21513706233267],[61.70244905983471,41.21998506233723],[61.67496805980908,41.22208406233921],[61.66059405979572,41.225891062342725],[61.64993205978573,41.231433062347854],[61.64111705977758,41.23761306235364],[61.63514705977203,41.253105062368114],[61.626884059764336,41.26498706237912],[61.62044505975826,41.270191062384],[61.60853905974722,41.27530206238873],[61.59823905973761,41.27556606238899],[61.57022805971156,41.266204062380254],[61.531814059675725,41.26854306238247],[61.51589905966098,41.272136062385854],[61.493583059640194,41.282299062395325],[61.48103305962845,41.28672706239941],[61.443012059593066,41.29153806240392],[61.43176205958257,41.29089306240322],[61.42154305957309,41.285877062398626],[61.41102205956322,41.273536062387116],[61.4038690595566,41.26180606237616],[61.403102059555934,41.25061006236578],[61.4057650595584,41.22828206234498],[61.405082059557756,41.21857406233595],[61.39827305955135,41.20982306232776],[61.39540105954873,41.205436062323685],[61.39307005954656,41.190658062309936],[61.389312059543016,41.17987806229987],[61.384391059538466,41.17095106229159],[61.37990505953429,41.16487806228596],[61.372386059527315,41.15864906228012],[61.361873059517485,41.15317106227504],[61.344802059501596,41.15013806227225],[61.33906505949623,41.15049706227255],[61.335948059493326,41.148284062270456],[61.29981205945972,41.145221062267666],[61.292610059452954,41.14675906226907],[61.287406059448074,41.14527506226769],[61.26413305942645,41.146030062268345],[61.25967705942235,41.14818906227041],[61.25355905941664,41.146495062268805],[61.238529059402644,41.14912006227124],[61.20542105937177,41.161975062283176],[61.18532905935311,41.166992062287854],[61.17848205934667,41.17011606229081],[61.17133305934002,41.17324406229373],[61.16101805933042,41.180789062300725],[61.14075005931157,41.197700062316436],[61.13960205931047,41.19898906231775],[61.13811105930905,41.2000460623187],[61.13222505930361,41.20474606232308],[61.12543805929734,41.20969306232766],[61.117954059290334,41.21214206232992],[61.104618059277946,41.21196306232976],[61.102340059275804,41.211952062329736],[61.08845905926282,41.2090980623271],[61.07452705924988,41.209159062327174],[61.061836059238104,41.21857406233595],[61.058441059234845,41.22294906234],[61.057498059234,41.2243840623414],[61.05221905922914,41.229297062345914],[61.04604705922339,41.23468706235091],[61.024513059203365,41.23421006235052],[60.999542059180065,41.237411062353445],[60.993038059174026,41.23754506235361],[60.97155705915403,41.2364120623525],[60.947673059131766,41.23802506235407],[60.93978505912437,41.238311062354285],[60.93869705912334,41.23782706235385],[60.937034059121814,41.2370870623532],[60.93059905911589,41.234928062351216],[60.921031059106895,41.23540406235161],[60.908210059094934,41.23604506235225],[60.876571059065526,41.23229506234875],[60.861068059051036,41.23075806234725],[60.84619505903724,41.231277062347736],[60.80507205899895,41.232707062349085],[60.76888605896521,41.228557062345175],[60.76885905896519,41.22764206234443],[60.715541058915576,41.22789706234457],[60.68371505888589,41.227531062344305],[60.63498605884053,41.22541006234227],[60.62304605882943,41.224891062341875],[60.58087105879016,41.22261006233966],[60.561805058772364,41.22337306234035],[60.50557705872,41.216480062334014],[60.485008058700856,41.21747906233496],[60.469356058686294,41.221382062338506],[60.45347505867143,41.228023062344775],[60.423812058643875,41.241046062356844],[60.39926505862093,41.25307806236801],[60.38335005860618,41.26377806237803],[60.336330058562346,41.29538306240747],[60.31245405854012,41.30817006241937],[60.30607905853419,41.31158406242251],[60.29498605852389,41.31722606242775],[60.282691058512455,41.32357006243369],[60.27695405850709,41.326408062436336],[60.269802058500375,41.33037906244],[60.20407105843924,41.36349106247085],[60.15951905839772,41.38143906248762],[60.14403105838331,41.3887710624944],[60.13124805837138,41.39482093750008],[60.109664058351306,41.40880893751303],[60.10607905834796,41.41182693751592],[60.09372705833643,41.43210593753478],[60.093345058336084,41.44331693754525],[60.09694605833943,41.45609193755714],[60.09577105833831,41.473261937573135],[60.09762505834009,41.50481693760252],[60.103713058345726,41.53494993763059],[60.11190005835335,41.54812593764289],[60.126441058366936,41.55916493765316],[60.1520650583908,41.57556093766844],[60.15826705839654,41.58074893767324],[60.16208205840009,41.587664937679705],[60.16365805840161,41.590521937682325],[60.16375705840172,41.609515937700024],[60.157966058396326,41.62399993771352],[60.15567705839416,41.62678893771611],[60.14280705838214,41.64248993773073],[60.13334605837338,41.65679093774409],[60.113048058354366,41.678542937764306],[60.10853505835026,41.681570937767134],[60.08496405832831,41.70839293779206],[60.068572058313,41.7284879378108],[60.06604005831063,41.73950093782114],[60.06313705830793,41.74708493782816],[60.060195058305204,41.752840937833504],[60.066867058311466,41.76580793784556],[60.0715900583158,41.77284993785214],[60.07774305832157,41.79017193786828],[60.08362905832701,41.80932593788608],[60.0888740583319,41.81155693788824],[60.095596058338124,41.8112479378879],[60.11500105835626,41.80323693788045],[60.13029005837055,41.8032869378805],[60.13207605837213,41.803393937880564],[60.136722058376485,41.80366793788085],[60.14643805838556,41.80057893787795],[60.151588058390324,41.79822493787574],[60.164665058402505,41.79485993787265],[60.17956105841634,41.79101493786911],[60.1795800584164,41.79193393786992],[60.1910890584271,41.78698293786528],[60.203544058438716,41.78339293786196],[60.23128105846457,41.76633393784609],[60.23859705847135,41.7655559378454],[60.256965058488504,41.76691793784663],[60.27384105850416,41.75662593783706],[60.29146105852062,41.752272937832956],[60.29711505852587,41.75883393783909],[60.31299505854065,41.7586169378389],[60.31856105854581,41.76128693784133],[60.319343058546565,41.76837093784801],[60.30799805853594,41.77973893785859],[60.29776305852646,41.78572393786414],[60.28357305851323,41.79402493787187],[60.26290505849397,41.81260993788921],[60.25838005848976,41.8154139378918],[60.231372058464636,41.824690937900435],[60.195713058431416,41.83063493790596],[60.1841770584207,41.83467093790968],[60.1657290584035,41.84474093791909],[60.15789005839616,41.85009693792411],[60.149192058388095,41.858443937931824],[60.1376830583774,41.87871893795071],[60.126865058367294,41.888461937959796],[60.115051058356315,41.89477893796564],[60.1064750583483,41.897345937968154],[60.11050005835209,41.917025937986395],[60.12916105836941,41.91508393798461],[60.13124005837143,41.90202693797248],[60.14916905838806,41.89393193796492],[60.1709740584084,41.89646093796732],[60.19173005842774,41.9138219379834],[60.212013058446665,41.921545937990636],[60.213108058447645,41.939078938007],[60.24342705847592,41.93577893800388],[60.24002805847269,41.951407938018406],[60.25193405848382,41.95384493802074]]]}},{"type":"Feature","properties":{"pcode":"UZ14","level":1,"nameEn":"Namangan","nameRu":"Наманганская","nameUz":"Namangan","type":"province","parent":null,"place":"uz:place/namangan"},"geometry":{"type":"Polygon","coordinates":[[[71.70757194415268,41.4240569375273],[71.71662894416114,41.4197609375233],[71.72251794416655,41.42314893752642],[71.72383794416777,41.432341937535035],[71.7150419441596,41.44305793754505],[71.7177269441622,41.449545937551],[71.72326594416734,41.45383793755503],[71.73131494417483,41.456835937557855],[71.73955494418249,41.456404937557366],[71.74617694418869,41.45202993755331],[71.74830594419058,41.44088293754299],[71.75233394419435,41.43502793753754],[71.7529289441949,41.434157937536696],[71.75955894420106,41.43527893753779],[71.76328194420455,41.43950993754165],[71.7657469442068,41.467051937567355],[71.76868394420964,41.468970937569104],[71.77667894421701,41.46738393756765],[71.79929294423812,41.43145693753419],[71.81658894425424,41.42076393752422],[71.82964994426642,41.40948793751379],[71.84302494427884,41.392269062497654],[71.8374709442736,41.37104706247795],[71.8388509442749,41.367885062475054],[71.84416094427993,41.365070062472356],[71.86163294429613,41.367881062474986],[71.86904894430302,41.377025062483455],[71.8779599443114,41.38095006248713],[71.8860929443189,41.376388062482974],[71.88914394432176,41.37030006247725],[71.8855889443185,41.35692206246476],[71.88629894431915,41.34916306245756],[71.89231794432476,41.338584062447694],[71.91079694434195,41.32173906243203],[71.92696294435694,41.31420106242499],[71.93273894436234,41.314144062424894],[71.93404294436357,41.31235106242327],[71.93516494436466,41.3082650624195],[71.92294994435328,41.2861670623989],[71.91271894434368,41.272827062386455],[71.89581194432796,41.25974206237423],[71.88799994432073,41.24669606236212],[71.87595294430947,41.2335240623498],[71.86904894430302,41.22073306233792],[71.86200694429652,41.200847062319426],[71.86360094429803,41.197460062316296],[71.87164294430546,41.194267062313315],[71.88381094431688,41.19325606231236],[71.88516194431807,41.19055106230988],[71.88335394431635,41.17882906229896],[71.89035694432292,41.1721720622927],[71.90680594433823,41.16718206228812],[71.92542194435558,41.16153706228282],[71.93757594436688,41.16074706228211],[71.94744094437603,41.15714606227877],[71.95311694438132,41.158683062280176],[71.97252594439944,41.17000106229071],[71.98098694440733,41.17024606229091],[71.99897694442413,41.16778506228863],[72.02374194444708,41.16277306228401],[72.04061094446287,41.15451006227623],[72.06127894448213,41.14438606226688],[72.07604194449587,41.139537062262335],[72.08354094450279,41.1408920622636],[72.1029199445208,41.15309906227495],[72.1242289445407,41.16306606228427],[72.14060194455604,41.16260106228381],[72.16327594457704,41.15681006227842],[72.1730799445862,41.16073906228207],[72.18281494459525,41.15962906228109],[72.18910194460109,41.15660406227825],[72.19272594460456,41.15486106227658],[72.19906594461044,41.14885706227106],[72.20365894461467,41.14120106226385],[72.20690894461775,41.11703806224133],[72.2117149446222,41.10481206223001],[72.21243994462286,41.08927506221555],[72.21867294462868,41.06587906219378],[72.22836294463764,41.0524130621812],[72.22569994463527,41.044792062174054],[72.21826894462829,41.035671062165626],[72.21213494462259,41.03116206216141],[72.2068019446177,41.02896106215933],[72.17954194459223,41.02410806215481],[72.17616994458909,41.018756062149855],[72.17815294459099,41.01515106214645],[72.18598094459821,41.009185062140965],[72.18705694459922,41.00868906214043],[72.1634519445773,40.97343006210762],[72.13649694455212,40.9739790621081],[72.13497894455077,40.945568062081726],[72.12180994453844,40.93350606207039],[72.11715594453412,40.92216406205992],[72.09709094451547,40.893722062033376],[72.08107694450052,40.901287062040424],[72.06764194448803,40.886650062026796],[72.05596894447717,40.90299206204205],[72.03434694445697,40.90575006204457],[72.01465594443872,40.89541206203492],[71.99526894442064,40.90320506204218],[71.92675694435678,40.90908406204766],[71.90164094433348,40.926315062063736],[71.8533319442885,40.93210606206913],[71.81898394425646,40.92658606206404],[71.774451944215,40.920429062058204],[71.7578579441995,40.907253062046],[71.73647994417959,40.91252806205089],[71.72590594416977,40.91076206204919],[71.71237894415722,40.89597306203551],[71.67687194412414,40.89934506203864],[71.66436694411239,40.89420306203383],[71.65295394410181,40.87926406201991],[71.62689894407755,40.858772062000824],[71.59408494404694,40.84735106199021],[71.56205694401714,40.829925061973995],[71.5410149439976,40.81666106196161],[71.53737594399414,40.80175706194774],[71.56352194401855,40.769294061917485],[71.54619494400244,40.757953061907],[71.50491294396396,40.74542206189532],[71.47361694393479,40.73441306188496],[71.45614594391857,40.725852061877035],[71.4259259438904,40.716461061868294],[71.39710194386352,40.69829506185133],[71.36225794383103,40.698711061851824],[71.34531394381526,40.686740061840645],[71.32261594379413,40.67339306182814],[71.29354794376712,40.66388306181933],[71.26924794374446,40.64541606180215],[71.24294994371999,40.64093306179796],[71.20827394368763,40.654300061810424],[71.17976294366116,40.67335806182818],[71.1416239436256,40.686046061839974],[71.11170094359767,40.702571061855366],[71.08721094357492,40.71703306186881],[71.0513069435415,40.71828406187],[71.06969394355863,40.74582606189562],[71.07591194356436,40.76367906191226],[71.05773894354743,40.762149061910904],[71.04497494353558,40.74641406189622],[71.02320794351527,40.742488061892544],[71.0077429435009,40.73384806188448],[70.98286394347775,40.7326960618834],[70.96310394345937,40.72604306187729],[70.96449994346067,40.75284906190214],[70.92663494342531,40.745502061895365],[70.90479194340503,40.75283406190214],[70.8913489433925,40.7536010619029],[70.86949894337216,40.73663706188707],[70.84382594334825,40.72682506187796],[70.8083869433153,40.72103106187258],[70.77823594328714,40.71145206186365],[70.77530594328444,40.710494061862725],[70.77559594328471,40.71123806186344],[70.78822994329649,40.71981406187145],[70.78967194329785,40.72513506187633],[70.78466694329319,40.73225706188296],[70.7789299432878,40.73683506188729],[70.76361794327357,40.7458570618957],[70.76293094327286,40.746261061896085],[70.75363894326424,40.75000706189961],[70.68303594319852,40.75263206190195],[70.65911094317624,40.75897206190792],[70.65470794317208,40.761539061910256],[70.65113794316883,40.769401061917634],[70.65114494316887,40.77352106192146],[70.6580959431753,40.790061061936846],[70.6623069431792,40.80694506195254],[70.66567194318237,40.81051606195588],[70.67359094318967,40.80924206195474],[70.68791894320304,40.781444061928816],[70.70024794321453,40.77737006192498],[70.70825894322198,40.77906706192657],[70.71243994322587,40.783817061931],[70.70986894322347,40.79196106193862],[70.69155094320647,40.81089006195627],[70.68423394319959,40.82913206197322],[70.67381994318987,40.84839206199117],[70.66548894318215,40.85537706199766],[70.64543094316346,40.865997062007544],[70.63453594315337,40.88752306202762],[70.59149894311321,40.93610306207282],[70.56637494308987,40.961837062096805],[70.55264994307709,40.97202306210631],[70.55186394307637,40.97450606210863],[70.5345609430602,40.99209506212501],[70.51659294304355,41.002098062134294],[70.48377894301294,41.03298506216312],[70.47717194300681,41.03636906216618],[70.46420994299473,41.039936062169545],[70.45181994298316,41.04177006217128],[70.45586294298693,41.058052062186455],[70.47412094300395,41.07269206220007],[70.49442994302281,41.0846130622112],[70.46180694299245,41.08723806221363],[70.43183094296458,41.10707406223207],[70.40846194294274,41.12480506224857],[70.42620794295931,41.1334070622566],[70.42793194296092,41.140258062263015],[70.3913109429268,41.1491540622713],[70.3804619429167,41.18097606230092],[70.38217894291826,41.20083906231938],[70.4064249429409,41.2316550623481],[70.40296094293771,41.243995062359616],[70.34940294288776,41.241626062357405],[70.35457594289257,41.28821906240082],[70.36617194290336,41.30409606241553],[70.37673094291327,41.29485306240696],[70.4191129429527,41.311683062422624],[70.44711294297872,41.332748062442214],[70.47910994300862,41.401926937506715],[70.48339794301258,41.39960393750458],[70.51936294304608,41.398604937503634],[70.52840394305454,41.399672937504604],[70.54770594307242,41.41010193751432],[70.56475794308832,41.42226393752567],[70.57360794309653,41.43430993753684],[70.5836559431059,41.44251593754452],[70.59481794311631,41.44801693754964],[70.627737943147,41.45578693755686],[70.63664994315528,41.45454693755569],[70.6390149431575,41.45556193755663],[70.6443019431625,41.45394493755518],[70.65428894317179,41.454810937555955],[70.67886294319466,41.46863493756884],[70.68552294320082,41.469134937569265],[70.71179894322525,41.463557937564076],[70.71594194322911,41.46097493756166],[70.72490594323752,41.44187093754391],[70.7408139432523,41.42359493752682],[70.76860794327816,41.39163506249716],[70.78008194328889,41.375377062481924],[70.7906259432987,41.341907062450765],[70.78526994329368,41.32291706243304],[70.77691594328593,41.308929062420084],[70.77629794328533,41.307907062419105],[70.77773994328669,41.27865606239188],[70.7831419432917,41.26650606238055],[70.79661494330423,41.251701062366784],[70.79882794330632,41.24606306236153],[70.79495994330274,41.23629306235242],[70.7790599432879,41.220779062337996],[70.77848794328739,41.20289906232134],[70.78315694329179,41.18820106230764],[70.79387594330179,41.17816906229835],[70.81243094331904,41.17242006229297],[70.81952594332557,41.174991062295376],[70.82600394333168,41.18211306230201],[70.83281694333797,41.19749406231635],[70.84398594334843,41.21578906233333],[70.85413294335781,41.22694706234377],[70.8611749433644,41.23043006234693],[70.86954394337215,41.232131062348586],[70.87535794337768,41.2314410623479],[70.88672594338817,41.22332706234037],[70.89918494339976,41.20943806232743],[70.91781594341718,41.20056906231916],[70.93768294343562,41.186584062306096],[70.94946194344664,41.166435062287334],[70.96167694345802,41.16308906228422],[70.99826794349214,41.18187706230175],[71.01928694351166,41.192665062311775],[71.03207294352357,41.19321006231228],[71.04637094353686,41.18478006230445],[71.0586769435484,41.180133062300094],[71.07600394356452,41.17699006229717],[71.07934494356756,41.17140906229201],[71.0891949435768,41.16035006228168],[71.09806794358505,41.15427006227609],[71.12425894360946,41.14722006226946],[71.13300294361761,41.147769062269944],[71.14390494362773,41.152519062274386],[71.16175794364437,41.166904062287855],[71.1673579436495,41.16939506229013],[71.17767294365912,41.16908206228981],[71.18783494366859,41.18089206230081],[71.1954039436757,41.18574506230534],[71.20238394368222,41.18553906230517],[71.21164694369085,41.16824706228911],[71.21776494369648,41.16732006228817],[71.22450194370279,41.17099706229167],[71.22363994370198,41.17989306229995],[71.22656194370475,41.18640506230603],[71.23183394370956,41.18933806230872],[71.23989794371712,41.19123006231046],[71.24629894372308,41.19054006230986],[71.25746894373344,41.186359062305954],[71.26693694374234,41.18028606230032],[71.27251394374753,41.17338906229383],[71.27819794375277,41.150012062272125],[71.27334494374824,41.1109350622357],[71.27637394375107,41.1060060622311],[71.28465194375885,41.104236062229425],[71.29572194376911,41.10622706223127],[71.31312494378528,41.11851106224277],[71.32174594379337,41.130943062254254],[71.32668294379792,41.15404106227588],[71.33418994380497,41.16073606228209],[71.34529794381527,41.165691062286704],[71.35686394382606,41.16580506228681],[71.36523394383381,41.162662062283886],[71.38239994384983,41.14906306227114],[71.38742794385453,41.140995062263684],[71.39249394385928,41.11210206223678],[71.3957969438623,41.10741006223243],[71.39590394386245,41.10735706223231],[71.40141194386752,41.10462906222979],[71.41287194387826,41.10524706223039],[71.42736794389177,41.11581006224018],[71.43507294389885,41.1236220622475],[71.43562994389937,41.12959206225305],[71.45101894391375,41.15597106227765],[71.45788494392008,41.18847206230786],[71.47717994393808,41.22116006233835],[71.47630294393728,41.22570806234259],[71.47073294393215,41.23284506234922],[71.46449194392629,41.23584306235196],[71.45218594391483,41.23886106235485],[71.44818794391115,41.24490706236047],[71.44827994391122,41.253608062368606],[71.45382594391641,41.267524062381554],[71.44853194391146,41.28016606239328],[71.44965294391247,41.28684206239951],[71.45703794391936,41.29533006240743],[71.47192294393327,41.305438062416876],[71.48077294394147,41.31489106242569],[71.4876929439479,41.31603606242672],[71.50547694396444,41.307701062418936],[71.51991194397796,41.310009062421074],[71.52898394398633,41.31579906242647],[71.53591894399285,41.3167150624273],[71.5481259440042,41.31551306242617],[71.55683094401232,41.311904062422876],[71.5699229440245,41.30065906241235],[71.57642294403047,41.29835506241019],[71.58280894403651,41.29810306241003],[71.58536494403883,41.29923206241099],[71.58784394404117,41.30032706241206],[71.59100294404409,41.303401062414956],[71.59649594404925,41.31891606242938],[71.60010494405255,41.3194880624299],[71.60017294405266,41.32361206243379],[71.60381994405608,41.32899006243876],[71.61672894406804,41.3369590624462],[71.62365694407453,41.3486250624571],[71.62920294407962,41.35269106246081],[71.637022944087,41.348594062457025],[71.64187594409151,41.34874706245716],[71.64765894409686,41.364723062472066],[71.65552494410422,41.37618606248269],[71.66976094411744,41.387851062493596],[71.67615494412344,41.3985819375036],[71.6589199441074,41.41863593752223],[71.65976694410818,41.42529993752845],[71.66937194411715,41.43842293754071],[71.676779944124,41.458338937559205],[71.6740339441214,41.46946693756956],[71.66998994411765,41.47643193757607],[71.66328394411141,41.48217293758142],[71.6509009440999,41.48589993758488],[71.62615194407685,41.48763193758652],[71.6192319440704,41.491530937590184],[71.61823194406948,41.49836693759651],[71.61990294407104,41.50116693759912],[71.62339694407423,41.50402393760183],[71.62967594408013,41.50605693760369],[71.6447519440942,41.50859393760603],[71.65070294409978,41.511073937608366],[71.66030094410868,41.51915693761591],[71.67673394412391,41.541190937636365],[71.69344294413952,41.552931937647344],[71.70127794414688,41.55454993764888],[71.71924494416353,41.554648937648984],[71.72600494416989,41.5537139376481],[71.73076594417435,41.55020093764475],[71.73355094417687,41.54387593763887],[71.72430394416833,41.529169937625134],[71.72557794416946,41.51708193761395],[71.72280094416689,41.51218693760942],[71.72453294416853,41.49736393759559],[71.72801894417168,41.489233937587976],[71.7266079441704,41.48163593758086],[71.71670494416121,41.468054937568276],[71.69853194414429,41.450091937551505],[71.69647894414238,41.443163937545116],[71.69872194414438,41.435679937538104],[71.70757194415268,41.4240569375273]],[[70.66845694318489,40.906230062045026],[70.67362194318974,40.90587606204469],[70.67890894319464,40.906414062045236],[70.68405094319945,40.91012506204871],[70.68466094320002,40.91460006205286],[70.68286094319834,40.918346062056386],[70.65926294317637,40.93217006206918],[70.64525594316336,40.94398406208016],[70.63024894314933,40.961280062096286],[70.62135294314103,40.96822306210276],[70.60427794312517,40.9788930621127],[70.59966994312084,40.98327206211682],[70.5975339431189,40.98883806212198],[70.59628194311772,40.99661206212918],[70.59559594311709,41.00434106213638],[70.59189594311364,41.00685506213878],[70.58570794310782,41.00818606214002],[70.58156494310396,41.00756806213942],[70.57757494310032,41.00377606213591],[70.57403494309696,40.9990500621315],[70.57010594309331,40.99570406212839],[70.56399494308764,40.993415062126225],[70.56012694308406,40.990516062123596],[70.55900494308297,40.986526062119864],[70.56137794308525,40.98274906211626],[70.56661894309008,40.97877506211262],[70.57791094310059,40.976642062110656],[70.59200994311375,40.973857062108046],[70.59750294311883,40.971679062106006],[70.62477094314424,40.94674606208274],[70.6461859431642,40.925388062062886],[70.66046894317749,40.91130006204974],[70.66845694318489,40.906230062045026]]]}},{"type":"Feature","properties":{"pcode":"UZ12","level":1,"nameEn":"Navoi","nameRu":"Навоийская","nameUz":"Navoiy","type":"province","parent":null,"place":"uz:place/navoi"},"geometry":{"type":"Polygon","coordinates":[[[65.25539293814364,43.60787193956121],[65.2672269381546,43.588599939543236],[65.27493193816186,43.5780599395334],[65.27579393816256,43.574336939529914],[65.2941359381797,43.545271939502804],[65.31019493819464,43.533328939491724],[65.33788993822048,43.51520493947477],[65.41564893829289,43.45626393941998],[65.44611293832126,43.43817093940311],[65.49015793836232,43.40916393937609],[65.5603329384276,43.36365093933367],[65.65107693851213,43.303515939277695],[65.68354693854235,43.20759193918832],[65.69552593855349,43.18044593916305],[65.70972393856677,43.148104939132935],[65.72222093857839,43.11747293910443],[65.74050093859536,43.07453493906447],[65.76341193861671,43.020285939013846],[65.7692179386221,43.00269593899756],[65.79194593864331,42.950049938948474],[65.8067319386571,42.9155919389164],[65.81442193866428,42.895579938897775],[65.82718593867614,42.86813293887221],[65.91603793875885,42.899054938900996],[65.99996093883705,42.92807293892803],[66.01702793885296,42.93395893893356],[66.09920493892952,42.96219193895977],[66.10056993893082,42.93452793893401],[66.10121893893131,42.88002293888326],[66.10190493893202,42.781626938791675],[66.10352293893348,42.688452938704856],[66.10345393893346,42.66961593868736],[66.1038359389338,42.61080893863255],[66.10420893893419,42.59006093861325],[66.10513993893501,42.54840793857445],[66.10671893893644,42.462828938494766],[66.1065359389363,42.43984893847331],[66.1063909389362,42.4210279384558],[66.107253938937,42.365828938404384],[66.10566693893546,42.347319938387194],[66.09300893892375,42.35021893838983],[66.07949793891109,42.35639093839557],[66.0164329388524,42.37842093841614],[66.0140909388502,42.355830938395066],[66.01442693885048,42.352187938391715],[66.0153269388514,42.34265793838276],[66.01403793885018,42.331713938372616],[66.01390793885008,42.30162393834463],[66.01395393885007,42.27566493832041],[66.01393793885008,42.26762293831289],[66.01298493884912,42.25150593829786],[66.01382393884997,42.24028693828744],[66.01355693884972,42.23272693828045],[66.01241293884868,42.204543938254204],[66.01250393884875,42.1921309382426],[66.011763938848,42.177935938229396],[66.01141293884774,42.148550938202014],[66.01080293884719,42.133208938187785],[66.0105129388469,42.11714093817282],[66.01107693884738,42.09298293815026],[66.01006993884648,42.076506938134926],[66.00918493884565,42.050612938110845],[66.00939893884586,42.03359893809496],[66.00839893884492,41.988402938052914],[66.00690393884352,41.97816393804338],[66.0075679388441,41.966643938032654],[66.00854393884502,41.94349593801107],[66.05039893888402,41.939711938007505],[66.06585593889842,41.93777393800578],[66.0956869389262,41.93511893800327],[66.11369293894299,41.933928938002154],[66.2177729390399,41.924681937993604],[66.24334693906371,41.922499937991496],[66.3060529391221,41.917101937986466],[66.41462693922323,41.907130937977165],[66.4782099392825,41.90156893797198],[66.53076093933136,41.8962929379671],[66.53135593933192,41.89372193796469],[66.5477209393472,41.76179793784186],[66.55721193935605,41.68574893777096],[66.56193493936047,41.64266493773091],[66.5691449393671,41.57551093766839],[66.57058693936847,41.56506693765859],[66.58011593937735,41.477526937577146],[66.59314693938946,41.35480806246278],[66.59963893939556,41.30930706242045],[66.60153093939729,41.27815206239139],[66.60610093940159,41.251403062366464],[66.62260393941693,41.24953006236479],[66.65502893944715,41.24834806236372],[66.73999693952629,41.24377406235945],[66.7212289395088,41.026226062156766],[66.63316293942674,41.01940506215044],[66.64786493944042,40.8670500620086],[66.67359093946438,40.863063062004855],[66.68640093947631,40.878353062019045],[66.72225893950974,40.87414906201511],[66.7437739395298,40.82445506196887],[66.7717049395558,40.72839306187935],[66.77175893955584,40.65669206181267],[66.72837793951545,40.629962061787715],[66.71234093950048,40.61180106177081],[66.70135393949025,40.529872061694526],[66.67775693946837,40.50659906167281],[66.66791493945908,40.47526906164366],[66.64985593944226,40.48426006165208],[66.62798993942195,40.4910960616584],[66.61708793941182,40.49558206166258],[66.6032399393989,40.49989306166667],[66.63115593942491,40.51877906168423],[66.59547393939165,40.52208306168724],[66.57421793937189,40.542369061706154],[66.56192693936043,40.563346061725746],[66.55205493935124,40.57044906173232],[66.50504993930748,40.570056061731954],[66.49519293929829,40.57894506174019],[66.48083393928493,40.58563606174651],[66.46916893927403,40.588878061749455],[66.45001193925624,40.58404906174496],[66.43228093923966,40.5908540617513],[66.44489993925143,40.6027220617624],[66.44851593925486,40.65665406181264],[66.33660793915062,40.66213606181769],[66.30874593912465,40.668674061823786],[66.3195719391347,40.65250006180875],[66.31755793913281,40.63870206179588],[66.30798293912386,40.61251806177152],[66.28060893909847,40.590953061751414],[66.2799449390978,40.56245006172489],[66.25477593907436,40.56244606172491],[66.25294393907262,40.55599506171891],[66.26676093908556,40.548412061711794],[66.2660059390848,40.54022206170419],[66.23799093905879,40.513038061678884],[66.25610293907563,40.49804606166484],[66.24059193906119,40.47929706164742],[66.2387229390594,40.4456210616161],[66.26544093908434,40.44128706161197],[66.26448793908338,40.42403006159597],[66.22827093904974,40.427658061599324],[66.213606939036,40.420547061592714],[66.20855693903134,40.393840061567886],[66.24536793906556,40.39323806156728],[66.22998793905128,40.35374006153049],[66.25442493907401,40.34901806152605],[66.24590293906613,40.31675706149608],[66.22484493904649,40.297225061477825],[66.17294993899817,40.26739506145013],[66.19248893901637,40.24374306142805],[66.18649993901076,40.22353306140921],[66.14628593897335,40.19047506137839],[66.12329793895185,40.15453706134501],[66.10915293893869,40.08692106128201],[66.14634693897342,40.08504406128027],[66.16555693899132,40.100727061294826],[66.17594093900095,40.092357061287075],[66.15901093898518,40.08008906127566],[66.1584469389847,40.05244406124987],[66.14157793896892,40.04191206124007],[66.14114293896854,40.02074806122037],[66.15152693897826,40.01280206121297],[66.14184493896916,40.00085406120183],[66.12499193895346,39.990318061191964],[66.106162938936,39.99190506119351],[66.0722269389043,39.987239061189186],[66.05634993888958,39.968894061172065],[66.02899893886405,39.96022006116403],[66.007437938844,39.96399606116755],[65.97306793881202,39.964488061167934],[65.94840993878904,39.95014506115465],[65.92171393876414,39.94489606114969],[65.87964593872493,39.949787061154254],[65.84683193869441,39.94416806114906],[65.81304893866294,39.94633406115108],[65.7855979386374,39.96440506116791],[65.76626493861944,39.970260061173356],[65.73022393858588,39.971134061174176],[65.70477993856217,39.975765061178535],[65.6661829385262,39.994369061195854],[65.6528929385138,39.99625306119755],[65.64130393850306,40.00156706120247],[65.64215793850381,40.02360106122301],[65.609084938473,40.04298006124104],[65.58364793844933,40.052341061249784],[65.5804359384463,40.061885061258664],[65.5710669384376,40.06803506126445],[65.54553193841382,40.07003006126627],[65.53339293840251,40.07664406127244],[65.52413893839392,40.09359706128824],[65.50639293837742,40.09723206129164],[65.48734993835966,40.08446106127964],[65.44225293831764,40.02007206121977],[65.43412693831009,39.985576061187565],[65.4729759383463,39.98606806118804],[65.48624393835865,39.98075106118314],[65.47893493835183,39.97260606117553],[65.47702693835001,39.94885606115343],[65.4475169383226,39.93748006114281],[65.44788293832285,39.919319061125904],[65.4749289383481,39.90782106111522],[65.45620693833061,39.865646061075864],[65.46378293833769,39.848285061059784],[65.4504769383253,39.846687061058304],[65.41738793829448,39.86083206107146],[65.37088693825122,39.862983061073486],[65.34551993822758,39.87704406108653],[65.32556893820903,39.8772200610867],[65.3090659381936,39.891181061099736],[65.2635189381512,39.87686106108631],[65.28336293816969,39.863742061074205],[65.2721399381592,39.84481806105652],[65.26101593814892,39.837982061050106],[65.23554193812511,39.83646006104878],[65.20454393809625,39.83842006105055],[65.18233393807563,39.829944061042646],[65.17016593806423,39.8326220610452],[65.14246293803843,39.82849806104131],[65.17542993806919,39.787635061003215],[65.20405493809577,39.741222060960034],[65.2476569381364,39.67038706089413],[65.23415293812378,39.635913060861974],[65.21497293810597,39.571228060801765],[65.21700993810789,39.54526906077754],[65.23332893812302,39.51229406074685],[65.23647293812594,39.48892906072506],[65.2468099381356,39.47128206070859],[65.25173093814024,39.46287906070077],[65.26808093815545,39.43940706067893],[65.24155393813068,39.42405306066469],[65.21840593810917,39.42076806066156],[65.18204393807525,39.41412706065538],[65.14897893804448,39.40570806064757],[65.1281279380251,39.41796106065899],[65.1315609380283,39.443008060682274],[65.11649293801428,39.51572406074998],[65.09008693798967,39.52455106075824],[65.01508293791979,39.51895106075302],[65.01441093791917,39.639133060864964],[64.87865393779272,39.688255060910684],[64.8897319378031,39.703765060925136],[64.87537293778973,39.709022060930046],[64.82226493774027,39.6599760608844],[64.78802393770837,39.681724060904635],[64.80349693772278,39.69377106091579],[64.78751293770785,39.69978306092145],[64.76924093769091,39.71205506093284],[64.74048593766405,39.71821906093863],[64.72721793765169,39.732097060951546],[64.69621993762283,39.753807060971745],[64.67962593760741,39.75645406097422],[64.64861193757856,39.77383806099043],[64.64746793757743,39.79631406101131],[64.6275019375588,39.81885106103235],[64.59634293752985,39.84419206105597],[64.58756193752167,39.851795061062965],[64.59627493752974,39.87041806108035],[64.60739793754011,39.89930706110728],[64.64169993757208,39.93985706114497],[64.68051093760826,39.959625061163386],[64.70786993763365,39.973571061176415],[64.74042493766406,39.985370061187396],[64.7559659376785,39.99741706119865],[64.77040093769193,40.016380061216275],[64.80154393772098,40.07331806126929],[64.81933493773747,40.086212061281344],[64.86048793777584,40.09553506129006],[64.86162493777692,40.10850506130209],[64.89720093781003,40.10919506130269],[64.8672329377821,40.13700406132864],[64.84387893776034,40.146617061337544],[64.83055793774795,40.16569506135536],[64.84169693775833,40.17342306136257],[64.85170693776766,40.16819306135767],[64.8620449377773,40.19644906138401],[64.87293993778748,40.21305006139947],[64.84176593775835,40.22789306141327],[64.84515293776157,40.25035406143424],[64.87087193778548,40.296054061476774],[64.89095993780417,40.3054610614855],[64.93667593784679,40.3026310614829],[64.97563093788307,40.2825430614642],[65.0111989379162,40.255535061439076],[65.07981093798008,40.25508806143859],[65.14601093804174,40.25205906143577],[65.16875393806295,40.324501061503284],[65.21008293810141,40.33283906151105],[65.24305693813211,40.416423061588915],[65.22417393811453,40.42953806160104],[65.234366938124,40.44934006161952],[65.28018093816672,40.448101061618345],[65.36829293824879,40.4317700616032],[65.36840793824888,40.44300406161362],[65.35956493824062,40.453460061623346],[65.35491893823627,40.55549606171839],[65.37534293825532,40.583827061744806],[65.38348293826296,40.61486806177367],[65.35195093823361,40.59701106175705],[65.2770379381638,40.613216061772164],[65.03736093794053,40.62275606178106],[64.88503193779871,40.64953906180596],[64.80661693772568,40.68794606184175],[64.76862993769026,40.90075306203994],[64.73486993765883,40.90260606204165],[64.72361693764834,40.868072062009496],[64.72585993765044,40.838676061982184],[64.6741559376023,40.82675106197108],[64.57976493751444,40.818370061963215],[64.4291380623741,40.823818061968296],[64.39373706234109,40.70800306186045],[64.05455006202529,40.73887606188919],[64.0780250620471,40.8651540620068],[63.99664606197129,40.90127506204041],[63.96301206193998,40.88908006202908],[63.81294206180024,40.672378061827295],[63.68308206167935,40.656181061812134],[63.67380106167065,40.67515506182987],[63.689220061685035,40.69426306184759],[63.453079061465054,40.83802006198155],[63.34706806136637,40.87998906202056],[63.037891061078405,40.97947606211324],[62.92742506097554,40.97994606211367],[62.776977060835435,41.19077606231002],[62.605987060676114,41.30426706241573],[62.54311706061767,41.4243879375276],[62.12203506022545,41.3394010624485],[61.652740059788385,41.824252937899985],[61.97276606008644,41.926249937994996],[61.95630606007111,41.95322693802014],[61.831855059955174,42.161997938214526],[61.890453060009825,42.50044993852974],[62.15220606025356,42.80624693881462],[62.46265706054267,43.16445893914821],[62.2226480603191,43.21578893919597],[61.98605706009875,43.41822393938454],[62.00357406011513,43.491736939452906],[62.010833060121904,43.48771193944921],[62.02740406013728,43.48660193944814],[62.02869706013857,43.48651493944814],[62.13460506023716,43.50201693946255],[62.18376506028292,43.50904393946914],[62.22439106032077,43.51515493947481],[62.28847106038047,43.523974939483026],[62.32179206041147,43.528677939487395],[62.33895106042745,43.531355939489856],[62.41040406049404,43.5417089394995],[62.41421506049752,43.54227793950004],[62.4303810605126,43.54405493950168],[62.47738206055638,43.55056293950778],[62.48949006056762,43.5529169395099],[62.58512806065678,43.56627593952241],[62.60455306067479,43.5695259395254],[62.644615060712155,43.57528293953082],[62.736175060797414,43.587733939542375],[62.80174206085847,43.59736593955134],[62.900367060950266,43.610579939563664],[62.938945060986256,43.616747939569436],[62.983161061027424,43.622237939574525],[62.99872906104196,43.62433593957652],[63.09143806112832,43.63677193958807],[63.11314306114846,43.64030793959136],[63.208065061236915,43.65249193960267],[63.24785606127397,43.65713093960698],[63.36827406138608,43.67161893962045],[63.37206606138968,43.67169493962061],[63.38135106139827,43.67338893962213],[63.3888890614053,43.672854939621644],[63.45663406146841,43.662764939612266],[63.52186206152913,43.657099939606994],[63.58306106158609,43.65247693960267],[63.60595706160744,43.650595939600954],[63.73173906172461,43.64062793959164],[63.860027061844136,43.63453593958603],[63.911880061892354,43.62808593958002],[63.99362906196849,43.62438193957651],[64.04008406201177,43.62132993957365],[64.05387106202461,43.620238939572644],[64.14811706211238,43.61515393956793],[64.15915606212265,43.61509293956786],[64.17224106213487,43.61309793956595],[64.20311706216367,43.612547939565474],[64.21875006217817,43.61088893956392],[64.30846406226176,43.608179939561374],[64.31250706226552,43.607523939560835],[64.31656606226929,43.60709693956041],[64.32413406227631,43.60695993956026],[64.34497806229574,43.607088939560455],[64.36190006231146,43.605807939559185],[64.37296206232178,43.605952939559366],[64.46698706240937,43.6022139395558],[64.4811930624226,43.60219493955583],[64.51384706245302,43.60032993955411],[64.51710506245605,43.60206893955579],[64.51816506245707,43.60263393955627],[64.52507706246347,43.60228693955598],[64.52732006246556,43.60263393955627],[64.53653706247411,43.60331293955685],[64.58161893751614,43.619158939571655],[64.62246693755414,43.63336493958489],[64.63394893756482,43.637824939589045],[64.64575093757588,43.64226493959323],[64.66431393759309,43.64796793959845],[64.67257593760088,43.6516679396019],[64.76398393768591,43.68454693963256],[64.77924293770019,43.6885639396363],[64.90544093781767,43.729372939674285],[64.91556493782711,43.73250093967721],[64.9470899378565,43.743658939687556],[64.95020193785935,43.74624193968998],[64.95638993786508,43.74797393969162],[64.96523993787338,43.75093793969439],[65.01026093791533,43.766852939709224],[65.05480093795684,43.77497793971678],[65.07810193797857,43.77667893971834],[65.11441793801232,43.77559193971731],[65.13223993802889,43.77046493971258],[65.14871893804428,43.7615119397042],[65.1702419380643,43.743548939687514],[65.18331893807648,43.72353293966883],[65.18456993807767,43.72346093966873],[65.18882693808165,43.71288993965899],[65.19953893809159,43.69460593964195],[65.20797693809946,43.68173493962993],[65.24623093813511,43.622626939574914],[65.25101393813954,43.61707593956966],[65.25503493814325,43.610419939563485],[65.25539293814364,43.60787193956121]]]}},{"type":"Feature","properties":{"pcode":"UZ35","level":1,"nameEn":"Republic of Karakalpakstan","nameRu":"Республика Каракалпакстан","nameUz":"Qoraqalpog'iston Respublikasi","type":"autonomous republic","parent":null,"place":"uz:place/karakalpakstan"},"geometry":{"type":"Polygon","coordinates":[[[61.045856059223134,44.39031894028987],[61.04997205922698,44.38630194028613],[61.069561059245245,44.38725194028702],[61.0731010592486,44.38325094028327],[61.06942705924508,44.37859694027896],[61.07006005924576,44.37383994027447],[61.0720100592475,44.372557940273296],[61.076045059251314,44.372866940273546],[61.078193059253266,44.37576194027629],[61.08392305925868,44.37263794027334],[61.09392505926797,44.367186940268276],[61.1027140592761,44.342501940245285],[61.097778059271555,44.33541394023871],[61.10152005927501,44.32975294023341],[61.1038930592772,44.31959094022394],[61.100936059274474,44.306055940211344],[61.10298505927641,44.283331940190195],[61.10158905927513,44.27820894018545],[61.10336305927678,44.27342594018094],[61.11104905928389,44.26642194017448],[61.12302005929507,44.25910894016768],[61.12453805929641,44.25494294016378],[61.12063205929289,44.25133494016039],[61.1210630592932,44.248434940157765],[61.13146905930287,44.23270694014304],[61.13351005930486,44.21595694012742],[61.13873605930969,44.21148994012331],[61.142299059313,44.214079940125686],[61.13783205930879,44.22223194013334],[61.13844605930941,44.24634094015575],[61.133712059305054,44.24914094015836],[61.13132805930275,44.2599249401684],[61.13773705930875,44.254263940163106],[61.17852405934668,44.21872694013004],[61.20779805937403,44.19452994010745],[61.275432059437,44.13676394005369],[61.27711105943861,44.13526494005232],[61.32323805948148,44.09405094001387],[61.33850005949576,44.080946940001674],[61.41359305956571,44.01645993994169],[61.419860059571505,44.00738093993327],[61.419822059571466,44.00646893993233],[61.43369205958443,43.9972189399238],[61.474018059621876,43.962393939891285],[61.47852705962618,43.956789939886086],[61.488372059635275,43.950144939879934],[61.48923105963609,43.948065939877914],[61.52669505967095,43.9144319398466],[61.58815005972823,43.859587939795595],[61.611629059750115,43.84046093977773],[61.620388059758255,43.831541939769494],[61.676227059810316,43.78182593972312],[61.705280059837314,43.75497793969817],[61.790027059916284,43.67972493962803],[61.83229005995555,43.64150193959245],[61.97563106008911,43.51228993947215],[61.9892380601018,43.50183093946235],[61.99952606011131,43.49398393945506],[62.00357406011513,43.491736939452906],[61.98605706009875,43.41822393938454],[62.2226480603191,43.21578893919597],[62.46265706054267,43.16445893914821],[62.15220606025356,42.80624693881462],[61.890453060009825,42.50044993852974],[61.831855059955174,42.161997938214526],[61.95630606007111,41.95322693802014],[61.97276606008644,41.926249937994996],[61.652740059788385,41.824252937899985],[62.12203506022545,41.3394010624485],[62.4084850604922,41.026794062157315],[62.18269306028198,40.959197062094375],[62.14430606024615,40.95396006208952],[61.92324406004031,41.13491406225801],[61.80081105992624,41.23685806235299],[61.68177405981542,41.31332006242413],[61.54573805968871,41.310768062421786],[61.3960950595494,41.33370906244321],[61.32467605948278,41.2750890623886],[61.3382070594954,41.21083006232874],[61.329483059487316,41.185981062305586],[61.30155505946129,41.175518062295815],[61.27552005943709,41.17917206229927],[61.26713505942925,41.19487306231381],[61.23893305940294,41.19123006231046],[61.21864705938412,41.216743062334196],[61.21672405938231,41.25286106236782],[61.202323059368844,41.274181062387726],[61.19897005936577,41.30158906241327],[61.183513059351355,41.30696406241826],[61.16662905933566,41.3036110624151],[61.112991059285676,41.313720062424544],[61.07770505925286,41.334445062443805],[61.06348805923961,41.351413062459606],[61.021495059200475,41.35601806246395],[61.013420059192974,41.364467062471846],[60.98500405916646,41.39694193750202],[60.97462005915682,41.4125629375166],[60.9733730591557,41.434225937536816],[60.95277005913649,41.429289937532175],[60.9271080591126,41.445906937547626],[60.89823105908568,41.45229693755365],[60.87471005906378,41.46462193756507],[60.86246805905238,41.47873993757821],[60.820201059012966,41.48614793758515],[60.80278305899679,41.49141293759001],[60.78541505898057,41.52706493762318],[60.76383505896047,41.5379819376334],[60.738784058937206,41.5429949376381],[60.72488005892428,41.55269193764711],[60.69314905889472,41.573416937666465],[60.69171505889331,41.596522937687865],[60.67406805887693,41.604655937695455],[60.643104058848124,41.612364937702694],[60.623275058829634,41.62475493771426],[60.5964270588046,41.6875679377727],[60.57247905878228,41.704165937788176],[60.543834058755635,41.70468493778866],[60.49967505871448,41.709025937792745],[60.46590405868302,41.75855193783885],[60.455146058673,41.777010937855984],[60.4481770586665,41.79559293787335],[60.41471805863537,41.81038993788716],[60.41566405863628,41.824896937900604],[60.40135105862291,41.838877937913686],[60.39379505861589,41.866114937939024],[60.392158058614385,41.89066293796188],[60.405025058626336,41.89833793796905],[60.40025305862194,41.91265093798234],[60.38248405860532,41.92072593798984],[60.29624505852503,41.92211093799111],[60.2724260585029,41.934302938002546],[60.25193405848382,41.95384493802074],[60.24002805847269,41.951407938018406],[60.24342705847592,41.93577893800388],[60.213108058447645,41.939078938007],[60.212013058446665,41.921545937990636],[60.19173005842774,41.9138219379834],[60.1709740584084,41.89646093796732],[60.14916905838806,41.89393193796492],[60.13124005837143,41.90202693797248],[60.12916105836941,41.91508393798461],[60.11050005835209,41.917025937986395],[60.1064750583483,41.897345937968154],[60.104705058346624,41.89787593796858],[60.076477058320386,41.90480793797503],[60.06264805830753,41.9082029379782],[60.04504305829116,41.9164079379858],[60.00650405825519,41.951846938018846],[60.00281505825176,41.95119793801826],[59.99556305824503,41.95677093802347],[59.986042058236194,41.95572593802245],[59.97649705822724,41.953539938020455],[59.958042058210076,41.96677693803274],[59.94927205820191,41.973505938039004],[59.94521305819816,41.986594938051205],[59.94929805820193,41.99204193805629],[59.961391058213174,41.99924393806297],[59.97674505822751,42.00022093806387],[59.98139505823184,42.000456938064126],[60.02249105827012,42.002482938066024],[60.02718305827447,42.00723193807047],[60.0299940582771,42.009722938072734],[60.02563805827302,42.02258593808471],[60.01451105826266,42.03437793809574],[60.00559605825431,42.050040938110236],[60.00127005825032,42.06473493812396],[60.00080805824993,42.06522293812437],[60.00000005824916,42.08246893814053],[59.99898905824819,42.09039293814788],[59.99736005824673,42.10185593815859],[59.99256505824221,42.10831393816456],[59.97953005823012,42.117834938173395],[59.97290405822394,42.125231938180306],[59.97019105822142,42.12823093818313],[59.96946705822076,42.13899593819311],[59.97330005822428,42.146738938200414],[59.98663705823675,42.1530069382062],[59.99684105824624,42.156100938209065],[60.00601105825481,42.15302993820623],[60.02442905827184,42.15145393820471],[60.03430105828112,42.15318193820637],[60.043972058290116,42.160170938212836],[60.04932705829505,42.16651893821876],[60.049835058295514,42.17681093822833],[60.04572205829174,42.18670193823758],[60.03913405828559,42.19592993824616],[60.028846058275995,42.20496293825459],[60.01391205826213,42.21267993826178],[60.007484058256075,42.21458393826353],[59.96969605822096,42.218413938267076],[59.957141058209245,42.222208938270654],[59.93949105819279,42.23359993828127],[59.92164205817621,42.25163593829805],[59.906929058162426,42.273528938318385],[59.89321805814974,42.28258493832685],[59.86958305812774,42.288077938332016],[59.850555058109975,42.29283493833641],[59.82796405808891,42.30631593834898],[59.82135005808274,42.29745093834069],[59.81143105807348,42.27442493831924],[59.80364205806628,42.26877193831399],[59.79285805805624,42.26864193831389],[59.75386405801993,42.27744193832205],[59.74774105801424,42.28023893832468],[59.739154058006214,42.28305793832735],[59.73749905800464,42.2833819383276],[59.73423705800163,42.2840149383282],[59.72929005799706,42.28268393832696],[59.71762405798616,42.285983938330084],[59.67510905794656,42.286547938330564],[59.65903005793157,42.28255393832686],[59.654148057927046,42.28232093832668],[59.650707057923796,42.28215693832643],[59.64113205791502,42.28062793832507],[59.60847405788453,42.28063893832509],[59.588729057866146,42.2787129383232],[59.58164905785944,42.27945293832413],[59.579479057857526,42.27809093832272],[59.566097057845155,42.27828893832303],[59.5425140578231,42.27902593832361],[59.497196057781,42.276568938321404],[59.489803057774054,42.27661493832139],[59.48487405776946,42.276869938321525],[59.48179205776661,42.27681293832152],[59.465469057751505,42.27721693832191],[59.442344057729954,42.27552393832038],[59.419246057708236,42.27656093832118],[59.406990057697016,42.28372493832801],[59.399398057689865,42.29634793833984],[59.39116605768216,42.306235938349026],[59.377029057668956,42.311118938353545],[59.367248057660014,42.32077693836253],[59.358058057651384,42.328143938369266],[59.3569220576502,42.32900593837016],[59.32955105762479,42.34956693838935],[59.32126205761699,42.354639938394044],[59.30102505759814,42.3709829384093],[59.270629057569884,42.39285193842951],[59.2697480575692,42.39926493843566],[59.279766057578485,42.41913593845398],[59.279544057578235,42.43126993846541],[59.27743505757613,42.438830938472485],[59.2651670575648,42.45170193848432],[59.256877057557006,42.45951393849165],[59.22245705752496,42.490088938520145],[59.20371605750759,42.51006593853871],[59.19355305749812,42.51742493854559],[59.18399005748918,42.5224949385503],[59.16948305747565,42.52803393855545],[59.160823057467624,42.52897993855637],[59.15401405746122,42.52830793855574],[59.14429005745228,42.5259429385536],[59.13729005744571,42.52423793855197],[59.11650805742635,42.51193593854049],[59.10412205741485,42.50807893853684],[59.09329605740471,42.507647938536444],[59.07629305738894,42.5095209385382],[59.075366057387996,42.50952493853818],[59.04784305736236,42.51072993853929],[59.03269905734825,42.5141899385426],[59.00149105731925,42.525233938552844],[58.99840505731633,42.5279839385554],[58.986961057305685,42.5300669385574],[58.968101057288145,42.53558693856249],[58.94923405727056,42.538584938565315],[58.934696057257035,42.543639938569946],[58.909648057233674,42.558768938584045],[58.89727705722217,42.567706938592345],[58.872829057199425,42.58831693861159],[58.806529057137666,42.64120393866081],[58.79753105712929,42.65035993866938],[58.791019057123215,42.65425393867307],[58.76184405709598,42.67919093869622],[58.70249905704071,42.726527938740354],[58.6570540569984,42.76904593877994],[58.645332056987485,42.77992593879002],[58.635868056978744,42.78870293879823],[58.6255870569691,42.795550938804574],[58.625015056968586,42.78204293879199],[58.618251056962265,42.763262938774496],[58.620456056964315,42.75456993876649],[58.62388605696754,42.75113993876326],[58.63259505697563,42.74657793875901],[58.63975905698236,42.74040893875325],[58.64070505698319,42.735831938749],[58.63700805697972,42.72758793874129],[58.629570056972874,42.724139938738084],[58.62057105696451,42.7243529387383],[58.608757056953436,42.72936993874298],[58.595100056940694,42.72934293874297],[58.589523056935505,42.726355938740156],[58.58396905693036,42.7192529387335],[58.58398005693038,42.716498938730965],[58.59891105694427,42.707377938722445],[58.60452205694951,42.70075193871635],[58.595359056940985,42.66594293868392],[58.588569056934645,42.6581449386766],[58.578048056924864,42.65331593867211],[58.57339805692053,42.65353693867237],[58.55322205690175,42.65921393867765],[58.53431705688413,42.65756593867612],[58.49591005684843,42.65127893867028],[58.47266705682671,42.65029493866933],[58.45869405681375,42.65414393867294],[58.44408005680007,42.66050293867879],[58.41801005677581,42.66430593868241],[58.39220805675179,42.67336593869086],[58.359905056721715,42.67987793869684],[58.323574056687875,42.68521793870187],[58.297172056663236,42.68944893870573],[58.27763305664502,42.68889593870527],[58.2470160566166,42.67981693869686],[58.224472056595516,42.670313938688],[58.19580405656884,42.654364938673105],[58.173957056548495,42.639365938659104],[58.16064005653608,42.638373938658205],[58.1517140565278,42.6328269386531],[58.14781105652416,42.62181393864276],[58.154766056530654,42.60972893863156],[58.17127905654603,42.60135593862374],[58.18186105655588,42.59638193861915],[58.19495705656813,42.588210938611525],[58.22762205659849,42.57373793859806],[58.24626505661584,42.56696993859176],[58.26768105663579,42.5609009385861],[58.29277805665921,42.5582729385836],[58.29681305666293,42.55691893858241],[58.30648405667192,42.54826293857427],[58.32468405668885,42.51927893854729],[58.32689205669098,42.51402193854238],[58.333827056697416,42.49848893852798],[58.346645056709306,42.48114293851181],[58.36421205672565,42.44894693848179],[58.39226105675182,42.416098938451206],[58.4046930567634,42.405157938440965],[58.40881305676722,42.39006793842698],[58.40802705676649,42.37061293840888],[58.41763605677542,42.36423793840295],[58.42903905678605,42.36633993840483],[58.45255605680798,42.35542993839475],[58.4822650568357,42.339957938380245],[58.497100056849455,42.334509938375255],[58.517829056868784,42.32174993836336],[58.520664056871446,42.31031693835264],[58.51395005686518,42.29748093834077],[58.509658056861156,42.29357893833704],[58.50167005685375,42.28943593833326],[58.4924240568451,42.28917993833304],[58.45940705681439,42.29640493833976],[58.44676505680258,42.29727893834049],[58.41567205677359,42.29236193833591],[58.40638305676494,42.291182938334906],[58.4023510567612,42.301928938344915],[58.40489105676362,42.33443793837516],[58.40261005676149,42.35136693839093],[58.39691505675622,42.37102493840922],[58.39188705675152,42.38290693842032],[58.38499005674512,42.397303938433716],[58.37717405673773,42.41031993844583],[58.36969705673086,42.4187579384537],[58.35042105671292,42.43469993846855],[58.33955705670274,42.44106193847447],[58.32343205668776,42.44808893848106],[58.24356005661336,42.46441193849616],[58.21849005658995,42.4681699384997],[58.20119005657394,42.46739493849899],[58.15410605653005,42.44926793848206],[58.13471905651198,42.44251993847582],[58.126087056503955,42.44108893847448],[58.122051056500155,42.442667938475985],[58.11789705649627,42.454314938486824],[58.1119720564908,42.45862493849083],[58.09799505647778,42.46471693849653],[58.09173905647192,42.470625938502],[58.085937056466506,42.489817938519835],[58.067543056449416,42.50182293853108],[58.053283056436165,42.504477938533505],[58.04678705643008,42.50465693853366],[58.0467980564301,42.503741938532826],[58.02579105641051,42.50199493853118],[58.01593005640134,42.49963293852902],[58.003963056390226,42.4926829385225],[57.998725056385375,42.49149993852143],[57.994434056381344,42.48871893851888],[57.98299405637067,42.488863938518975],[57.9771840563653,42.48424093851465],[57.96863905635728,42.45488293848737],[57.962322056351354,42.44292793847618],[57.955497056345045,42.444933938478115],[57.939537056330224,42.45877793849097],[57.929927056321304,42.460532938492555],[57.91514505630749,42.457209938489484],[57.91029705630294,42.450987938483685],[57.90419005629724,42.42621893846067],[57.91148305630408,42.41369193844896],[57.930828056322135,42.4005689384367],[57.94026105633088,42.38896893842593],[57.94730305633738,42.3716309384098],[57.94681505633697,42.36292593840169],[57.93873205632943,42.34615293838603],[57.93937605633005,42.323504938364955],[57.93409305632512,42.30560593834832],[57.93493205632588,42.290736938334504],[57.93662205632751,42.2806809383251],[57.932384056323514,42.25478293830095],[57.92852405631988,42.24513993829196],[57.92122605631317,42.238902938286174],[57.9111060563037,42.236300938283776],[57.89262305628654,42.23683493828426],[57.85672705625307,42.24797793829461],[57.84964305624648,42.24791693829454],[57.84720605624415,42.24629193829305],[57.841182056238566,42.23799493828538],[57.833801056231735,42.21870793826733],[57.836971056234674,42.21324493826225],[57.8488920562458,42.1993859382494],[57.85840905625457,42.1816129382328],[57.8542090562507,42.17494193822663],[57.844093056241306,42.17279393822467],[57.83547905623326,42.17294593822473],[57.76919905617156,42.18126993823249],[57.755096056158415,42.17861893823004],[57.73030005613529,42.17196593822384],[57.71316505611935,42.166991938219255],[57.69238605609997,42.15968993821239],[57.675621056084445,42.15196593820524],[57.65968705606955,42.14905093820253],[57.64676605605757,42.149374938202776],[57.61170105602492,42.1652479382176],[57.57128505598722,42.17121093822319],[57.52170105594111,42.17407893822583],[57.48664005590843,42.173663938225424],[57.4734260558961,42.17304593822483],[57.46819305589122,42.173209938224986],[57.45405905587809,42.172579938224466],[57.41936105584569,42.1698599382219],[57.4098320558369,42.16951293822152],[57.367359055797316,42.157748938210595],[57.3128050557465,42.137797938192044],[57.282470055718235,42.1218139381771],[57.280395055716276,42.11881193817438],[57.27794605571402,42.11831593817384],[57.270389055707014,42.11340293816933],[57.26551005570247,42.111964938167944],[57.238307055677105,42.09441693815158],[57.214115055654574,42.068427938127364],[57.20674805564774,42.05664793811644],[57.20527605564639,42.0543399381143],[57.190612055632656,42.02871993809042],[57.18693105562927,42.01722293807973],[57.18570705562809,42.0171999380797],[57.179904055622686,42.004759938068084],[57.17423205561745,41.987738938052246],[57.17142105561482,41.98311593804792],[57.167526055611226,41.97504393804049],[57.15440705559894,41.961344938027736],[57.12997405557628,41.94358793801113],[57.114513055561886,41.93668293800469],[57.08493805553424,41.92845493799705],[57.038257055490824,41.918108937987455],[57.022537055476135,41.91098693798082],[57.00811705546279,41.90137093797185],[57.00386405545879,41.898280937968956],[57.001541055456656,41.89599893796684],[56.988037055444046,41.876547937948715],[56.984031055440326,41.867323937940114],[56.97737805543413,41.834254937909364],[56.97053505542776,41.81789293789414],[56.967575055424966,41.804564937881615],[56.96871905542601,41.77688893785593],[56.96862405542596,41.75995593784009],[56.971416055428534,41.74855793782951],[56.97513505543204,41.716578937799774],[56.97398705543094,41.693900937778615],[56.97219805542929,41.67235493775857],[56.97641305543325,41.65412093774158],[56.98434005544058,41.63388393772273],[56.99305705544871,41.61777793770772],[57.00122805545634,41.60967593770012],[57.00073205545589,41.60577693769655],[57.008434055463084,41.60315693769409],[57.01990105547368,41.58640993767854],[57.02502005547846,41.56772893766115],[57.02692405548021,41.55471393764895],[57.02263205547627,41.53496493763059],[57.02269705547632,41.52237993761888],[57.02253305547616,41.49697393759521],[57.031635055484706,41.44586493754762],[57.03818505549073,41.429724937532555],[57.04642805549845,41.41796093752163],[57.06802305551855,41.396109937501215],[57.08160005553116,41.378021062484414],[57.08654705553574,41.37489706248155],[57.10630005555416,41.374519062481184],[57.12378305557047,41.379138062485445],[57.148548055593515,41.38432306249026],[57.15783605560217,41.37782606248427],[57.15867205560295,41.369377062476374],[57.15169905559648,41.35783006246564],[57.143074055588414,41.35129106245955],[57.131687055577856,41.34585106245451],[57.08890105553795,41.33466306244408],[57.07075505552105,41.321788062432084],[57.06518105551584,41.31506306242579],[57.06084805551189,41.307445062418715],[57.06081305551184,41.298065062409904],[57.06003505551106,41.28294706239583],[57.05307005550463,41.27208306238573],[57.042415055494686,41.26321406237755],[57.030426055483524,41.25844506237305],[57.00193405545702,41.25843406237303],[56.962917055420675,41.26555606237966],[56.94620105540503,41.266876062380874],[56.91887205537963,41.26823406238221],[56.87724605534084,41.271167062384905],[56.81244605528054,41.27777406239112],[56.787483055257276,41.28074606239384],[56.729171055202926,41.2833090623962],[56.67055105514841,41.28583906239859],[56.641372055121195,41.287551062400176],[56.60770405508982,41.28755906240021],[56.60102005508364,41.28788306240047],[56.55973405504518,41.288867062401415],[56.508014054996956,41.29305206240529],[56.462989054955024,41.296443062408486],[56.43251805492669,41.2999030624117],[56.42937405492377,41.30008306241185],[56.357105054856454,41.30418006241564],[56.31645905481855,41.30394706241546],[56.27114105477645,41.30656406241785],[56.204471054714276,41.31163006242259],[56.155281054668436,41.31227406242321],[56.13582905465041,41.31294206242385],[56.13461605464925,41.31291106242377],[56.12304605463848,41.313774062424656],[56.047325054567985,41.31714606242779],[56.00962005453281,41.31870206242917],[56.0005980545244,41.318046062428536],[55.99800405452205,44.860426940727685],[55.99709705452117,44.87253894073889],[55.997154054521175,44.885909940751425],[55.99848905452248,44.89684594076161],[55.998493054522456,44.8977689407624],[55.99825605452221,44.901644940766104],[55.99853505452246,44.90921394077313],[55.99663505452078,44.91512194077861],[55.99680305452091,44.918326940781604],[55.99804305452199,44.93255194079481],[55.99792005452194,44.93507294079716],[55.99809605452202,44.95133494081237],[55.998195054522135,44.962553940822794],[55.99825205452223,44.968050940827844],[55.99853805452245,44.98202494084088],[55.998352054522336,44.985911940844524],[55.998081054522025,44.99803894085582],[55.99810005452209,44.99999994085767],[56.002796054526414,45.0006709408583],[56.030933054552676,45.005927940863124],[56.03252005455413,45.006430940863616],[56.06177105458144,45.01558994087217],[56.07873505459718,45.01851194087484],[56.08160405459991,45.01926794087557],[56.11191905462812,45.02661494088244],[56.15631105466946,45.036795940891885],[56.174201054686144,45.040869940895725],[56.219223054728005,45.05195594090606],[56.299129054802464,45.07065194092345],[56.31606205481821,45.07490494092744],[56.31733305481937,45.07539294092785],[56.345817054845924,45.081492940933586],[56.3698000548683,45.0872679409389],[56.465171054957125,45.10937794095952],[56.474754054966034,45.11208694096206],[56.50998305499884,45.12012094096954],[56.575965055060315,45.13559294098396],[56.61795405509938,45.14509494099283],[56.6885980551652,45.160956941007534],[56.76326705523472,45.17772594102322],[56.80847905527685,45.189272941033956],[56.830020055296835,45.19330194103771],[56.921226055381844,45.214270941057265],[56.959808055417724,45.22244194106481],[56.98872705544474,45.229311941071195],[57.08681805553604,45.25117394109154],[57.11772905556481,45.2573429410973],[57.280010055715955,45.29368894113114],[57.356384055787096,45.310915941147236],[57.39186405582016,45.31821794115402],[57.495090055916314,45.34117094117537],[57.53641805595478,45.34963594118325],[57.56093905597762,45.35562094118889],[57.589046056003795,45.36117894119401],[57.66947905607869,45.37915794121078],[57.688243056096105,45.382086941213494],[57.71020805611663,45.38755694121862],[57.745437056149434,45.39566794122617],[57.813354056212646,45.4104489412399],[57.85671605625305,45.41927694124816],[57.88454805627904,45.42545294125387],[57.99073705637788,45.44912694127591],[58.03282905641703,45.459937941285965],[58.056159056438844,45.46512594129085],[58.13489505651216,45.48528594130964],[58.15986205653539,45.491141941315085],[58.176715056551096,45.49581494131937],[58.20591305657828,45.502375941325504],[58.25035005661961,45.51403794133634],[58.253269056622386,45.5149609413373],[58.31850405668316,45.531271941352394],[58.37208905673302,45.54452494136475],[58.44129105679748,45.56192294138096],[58.472171056826255,45.56910994138773],[58.48713305684022,45.57189894139023],[58.518665056869565,45.58112994139888],[58.53393105688372,45.58420894140175],[58.603580056948665,45.602129941418426],[58.61471905695904,45.60463694142077],[58.61717905696132,45.60518994142123],[58.8730770571996,45.47718394130212],[59.136730057445114,45.34529794117924],[59.36822105766076,45.22950294107145],[60.567478058777674,44.629610940512734],[60.802803058996844,44.5118979404031],[61.045856059223134,44.39031894028987]]]}},{"type":"Feature","properties":{"pcode":"UZ18","level":1,"nameEn":"Samarkand","nameRu":"Самаркандская","nameUz":"Samarqand","type":"province","parent":null,"place":"uz:place/samarkand"},"geometry":{"type":"Polygon","coordinates":[[[66.43228093923966,40.5908540617513],[66.45001193925624,40.58404906174496],[66.46916893927403,40.588878061749455],[66.48083393928493,40.58563606174651],[66.49519293929829,40.57894506174019],[66.50504993930748,40.570056061731954],[66.55205493935124,40.57044906173232],[66.56192693936043,40.563346061725746],[66.57421793937189,40.542369061706154],[66.59547393939165,40.52208306168724],[66.63115593942491,40.51877906168423],[66.6032399393989,40.49989306166667],[66.61708793941182,40.49558206166258],[66.62798993942195,40.4910960616584],[66.64985593944226,40.48426006165208],[66.66791493945908,40.47526906164366],[66.67409493946487,40.46458406163372],[66.66522893945667,40.443450061614016],[66.65379293944596,40.42876006160036],[66.65629493944834,40.420181061592366],[66.66730393945853,40.4199600615922],[66.6839439394741,40.42388506159579],[66.69513693948451,40.4300460616016],[66.70915193949747,40.43828506160926],[66.72305193951043,40.44225606161292],[66.73099493951784,40.43143006160287],[66.74456693953057,40.42475506159663],[66.75262393953801,40.41819006159052],[66.77189593955598,40.41778906159011],[66.78847493957139,40.41955906159179],[66.80629693958805,40.42209606159414],[66.8280559396083,40.419090061591355],[66.85129493962997,40.42873306160034],[66.89286793966863,40.43034306160184],[66.88670293966284,40.40849606158149],[66.90668393968147,40.384380061559035],[66.91381793968812,40.36900706154473],[66.90804993968277,40.35899306153542],[66.89144093966735,40.351760061528665],[66.89954293967487,40.332130061510384],[66.89670493967222,40.277244061459285],[66.8735189396506,40.2676160614503],[66.87538093965233,40.25743406144077],[66.88178193965828,40.253059061436716],[66.87914193965585,40.23874606142343],[66.88960193966565,40.22499006141057],[66.86380693964159,40.20104506138832],[66.88609993966233,40.18279606137124],[66.91252093968694,40.192356061380195],[66.93859793971124,40.19092106137888],[66.95114093972286,40.17457906136362],[66.96517093973591,40.1708750613602],[66.97666093974664,40.15623806134657],[66.98738793975667,40.15176306134233],[66.98663993975599,40.12896306132111],[66.9783319397483,40.10801306130162],[66.96480493973566,40.09310906128775],[66.93515693970801,40.0836330612789],[66.9336919397066,40.07183806126798],[66.97296893974324,40.076858061272645],[66.99555893976431,40.06958306126588],[67.01055893977822,40.06331206126003],[67.02847193979494,40.0468360612447],[67.04896493981401,40.04213306124033],[67.05912693982349,40.021602061221216],[67.06358293982767,39.992755061194295],[67.0822979398451,39.96863906117184],[67.05293993981775,39.96679606117007],[67.03505693980101,39.95115606115552],[67.04669893981189,39.942432061147436],[67.04750793981265,39.93395906113951],[67.05380193981854,39.927886061133876],[67.0724019398358,39.932529061138254],[67.082228939845,39.934829061140356],[67.08784393985022,39.90848906111578],[67.09596993985777,39.89223006110073],[67.12581593988563,39.87799406108742],[67.15399093991184,39.8781540610876],[67.19058893994593,39.87133706108116],[67.19338893994853,39.88902206109767],[67.21621693996975,39.89098306109952],[67.22200693997516,39.8714020610813],[67.23893693999094,39.859989061070635],[67.24753493999899,39.858081061068816],[67.2726359400223,39.863368061073814],[67.29199194004038,39.85949306107018],[67.32486694007096,39.869628061079645],[67.36930794011236,39.870166061080106],[67.38200294012421,39.86222406107268],[67.42056194016004,39.878952061088256],[67.43318894017186,39.86931206107934],[67.41996694015958,39.86375006107416],[67.44287794018092,39.84031606105235],[67.45786194019483,39.83568906104805],[67.47449394021028,39.81833206103186],[67.48149794021684,39.80377906101834],[67.50359294023737,39.787960061003545],[67.52374994025617,39.7781100609944],[67.53211894026401,39.77111406098789],[67.53986294027122,39.77513106099163],[67.54526494027623,39.77498206099147],[67.54495194027591,39.76737906098439],[67.55325294028373,39.758701060976286],[67.54244894027362,39.758998060976616],[67.54227394027345,39.754772060972634],[67.53566694026723,39.75157506096968],[67.51774494025057,39.76306106098034],[67.48742594022238,39.762195060979565],[67.47307494020896,39.754981060972874],[67.46881094020503,39.72889706094852],[67.45542894019258,39.71826906093868],[67.44275594018077,39.69832206092011],[67.41963894015926,39.687110060909646],[67.41499994015494,39.678779060901924],[67.3943019401356,39.674255060897714],[67.40768394014808,39.65699706088163],[67.41040794015062,39.643398060868975],[67.39795594013907,39.62851306085508],[67.4041739401448,39.62158906084866],[67.40055794014147,39.61153706083932],[67.40673794014725,39.603767060832006],[67.44443494018238,39.60191706083028],[67.44812694018579,39.58576206081522],[67.46311894019975,39.58282806081254],[67.46794794020424,39.59621406082498],[67.48921194022404,39.58803106081733],[67.48480894021989,39.56482306079575],[67.48017794021563,39.550239060782154],[67.50013694023421,39.536087060768956],[67.50045694023449,39.5335080607666],[67.49162194022627,39.52498206075864],[67.48543494022044,39.52505106075866],[67.45830494019525,39.531108060764396],[67.44349594018142,39.534145060767166],[67.43355494017221,39.53233706076546],[67.42587994016503,39.51900406075314],[67.4257119401649,39.50976506074445],[67.42548294016468,39.49695906073257],[67.43759894017596,39.48245206071904],[67.48078094021614,39.41007206065169],[67.49859594023283,39.37152406061578],[67.50896394024238,39.354808060600135],[67.51896594025176,39.3386910605852],[67.52365094025606,39.3252140605726],[67.51979794025256,39.31758806056548],[67.50870494024218,39.31867506056651],[67.49391894022838,39.32076206056839],[67.48531294022038,39.32278006057034],[67.46425594020083,39.31918306056698],[67.4307399401696,39.309967060558414],[67.4158399401557,39.30533506055415],[67.39227994013378,39.299835060548936],[67.38725994012903,39.29509306054454],[67.38712994012893,39.28742506053741],[67.39330194013476,39.27085406052194],[67.36540894010871,39.26730306051866],[67.34987594009421,39.28581606053591],[67.32585094007192,39.27243806052342],[67.30943994005663,39.281501060531845],[67.28747494003612,39.281646060532026],[67.27739694002675,39.277786060528484],[67.25174694000287,39.27719806052789],[67.23081893998342,39.306938060555595],[67.21015893996412,39.29963306054874],[67.20910593996315,39.284431060534644],[67.20372693995819,39.28003306053055],[67.18025193993627,39.28184506053215],[67.18392093993964,39.297393060546725],[67.1785959399348,39.309875060558355],[67.13309393989238,39.31056206055897],[67.10281293986414,39.31293406056117],[67.09785393985955,39.32128106056897],[67.08401393984667,39.314197060562286],[67.0657039398296,39.31462406056271],[67.05757093982201,39.305763060554476],[67.06767993983145,39.29482206054432],[67.06720693983095,39.26436606051599],[67.04574493981102,39.24757706050034],[67.03739893980321,39.23171606048553],[67.02271993978957,39.23040706048434],[66.99712293976573,39.23099106048479],[66.99809993976663,39.245380060498235],[66.97543293974549,39.25618706050832],[66.96654493973725,39.239501060492756],[66.94544193971761,39.250274060502775],[66.92904593970233,39.24445706049736],[66.92425493969787,39.24168306049477],[66.9005429396758,39.252914060505205],[66.89115893966702,39.23624006048975],[66.87649493965338,39.235733060489274],[66.87271793964987,39.24939706050198],[66.89724693967274,39.282215060532565],[66.88350593965988,39.31257206056088],[66.88406293966041,39.331081060578065],[66.89542293967104,39.3431890605893],[66.87887493965562,39.35013506059576],[66.89045693966641,39.369239060613594],[66.87168793964894,39.37211606061627],[66.87403793965109,39.38112206062468],[66.85986293963794,39.381286060624845],[66.8448409396239,39.377536060621345],[66.84267393962187,39.36994506061428],[66.81777093959869,39.382705060626165],[66.78536193956855,39.3828730606263],[66.78566693956874,39.39356906063626],[66.78071493956419,39.40182406064391],[66.76642593955094,39.40111106064327],[66.76994293955417,39.406677060648434],[66.76633393955079,39.408908060650596],[66.75797193954298,39.40476906064671],[66.74140093952752,39.401512060643675],[66.72131293950883,39.403366060645375],[66.70382593949263,39.40012306064234],[66.681746939472,39.396259060638826],[66.65621893944827,39.40036006064259],[66.64671293943934,39.38688606063007],[66.64076193943386,39.369739060614016],[66.62757093942156,39.35561306060092],[66.61530293941014,39.34147206058775],[66.59422293939055,39.33972106058613],[66.58771493938445,39.33552906058221],[66.57375293937143,39.326450060573706],[66.56005793935864,39.32743006057468],[66.5492169393486,39.33266806057952],[66.54383793934353,39.33708906058365],[66.5376349393378,39.345123060591135],[66.52942593933014,39.34599306059198],[66.5265419393275,39.34029306058665],[66.5252069393263,39.32377206057124],[66.52504693932612,39.31730606056524],[66.51309193931492,39.31465106056281],[66.5030359393056,39.31483806056292],[66.48945593929292,39.32012506056791],[66.48231493928633,39.32744206057469],[66.46881093927371,39.33633006058294],[66.44049793924736,39.33827906058477],[66.4363859392435,39.357776060602966],[66.427229939235,39.35793606060306],[66.42733693923506,39.362247060607146],[66.41817393922653,39.36169806060658],[66.41805193922639,39.35665806060186],[66.40708093921616,39.35685706060207],[66.39974193920933,39.35626906060147],[66.38227793919307,39.35297706059847],[66.37309993918456,39.351696060597284],[66.371382939183,39.35676106060194],[66.3658519391778,39.35470506060005],[66.36478393917683,39.34824706059409],[66.34185693915549,39.34576406059177],[66.34071293915436,39.33571206058234],[66.33329693914747,39.33080206057781],[66.3247599391395,39.31727906056523],[66.31943493913464,39.324573060571964],[66.31774893913298,39.33106606057807],[66.3152309391307,39.34190706058812],[66.3125299391282,39.3433910605895],[66.29512693911194,39.34296406058907],[66.28876393910602,39.34450906059052],[66.28239393910006,39.34605406059196],[66.28062393909846,39.34896006059473],[66.27619093909432,39.355503060600796],[66.27632893909445,39.36198406060688],[66.27461193909282,39.36776706061224],[66.27004993908857,39.36783906061233],[66.26003193907928,39.370166060614444],[66.25460793907423,39.37384706061792],[66.23811293905884,39.37268006061684],[66.23252793905371,39.36845706061284],[66.21868793904073,39.36292606060773],[66.20751893903036,39.35375206059918],[66.18907893901321,39.347572060593485],[66.17623093900123,39.34489806059091],[66.17359093899871,39.35068506059633],[66.14980993897662,39.351062060596696],[66.14427893897142,39.348987060594744],[66.12480093895329,39.33562006058228],[66.1236189389522,39.32125406056887],[66.12226093895096,39.29824806054748],[66.11309793894243,39.29766406054694],[66.102988938933,39.294944060544466],[66.0882029389193,39.28653306053652],[66.07703293890884,39.27590506052668],[66.06239293889514,39.274688060525555],[66.04044293887479,39.27428406052517],[66.01943893885519,39.275310060526124],[66.0048819388416,39.27983806053032],[65.98951693882734,39.29013006053989],[65.97589093881467,39.29536006054478],[65.96610193880551,39.3113210605596],[65.95979993879966,39.31716506056512],[65.95921993879911,39.337314060583886],[65.948355938789,39.34393606059],[65.93566093877718,39.3505890605962],[65.92385093876617,39.35578506060112],[65.92356793876593,39.39463806063722],[65.904334938748,39.39490506063746],[65.89527093873949,39.400775060643],[65.87805093872353,39.41251306065391],[65.86725593871346,39.42489206066545],[65.85090593869825,39.43374206067366],[65.83377793868226,39.45266306069127],[65.82015893866965,39.46075006069888],[65.81484193866466,39.473052060710266],[65.80579293865624,39.48180006071848],[65.80132993865209,39.48976806072583],[65.79690493864798,39.50061706073601],[65.79241093864377,39.50642706074138],[65.7887869386404,39.51007006074473],[65.78230193863433,39.50511906074009],[65.77764093863006,39.500133060735486],[65.76571593861887,39.49956106073497],[65.7539439386079,39.510505060745196],[65.75125793860539,39.515567060749866],[65.73657893859176,39.51575006075009],[65.73644993859165,39.50639706074129],[65.74550593860012,39.49765706073322],[65.74906893860333,39.49041306072644],[65.74885493860322,39.474586060711694],[65.73306193858843,39.4596710606978],[65.70894593856607,39.43909006067864],[65.69695193855486,39.43347106067344],[65.6813119385403,39.428619060668915],[65.65840893851892,39.42887406066914],[65.64654493850789,39.432613060672615],[65.63004993849258,39.4327880606728],[65.61004593847392,39.44596406068509],[65.58714993845257,39.446937060685926],[65.57427193844059,39.442756060682115],[65.5594859384268,39.432113060672194],[65.54199193841056,39.425102060665594],[65.52916693839862,39.42451006066502],[65.51168793838237,39.4189370606599],[65.48880693836102,39.42060006066143],[65.45218593832689,39.423114060663735],[65.40364793828171,39.427162060667555],[65.3614949382424,39.427539060667925],[65.31935793820317,39.42933606066962],[65.29099193817679,39.434608060674435],[65.27540493816227,39.43401306067388],[65.26808093815545,39.43940706067893],[65.25173093814024,39.46287906070077],[65.2468099381356,39.47128206070859],[65.23647293812594,39.48892906072506],[65.23332893812302,39.51229406074685],[65.21700993810789,39.54526906077754],[65.21497293810597,39.571228060801765],[65.23415293812378,39.635913060861974],[65.2476569381364,39.67038706089413],[65.20405493809577,39.741222060960034],[65.17542993806919,39.787635061003215],[65.14246293803843,39.82849806104131],[65.17016593806423,39.8326220610452],[65.18233393807563,39.829944061042646],[65.20454393809625,39.83842006105055],[65.23554193812511,39.83646006104878],[65.26101593814892,39.837982061050106],[65.2721399381592,39.84481806105652],[65.28336293816969,39.863742061074205],[65.2635189381512,39.87686106108631],[65.3090659381936,39.891181061099736],[65.32556893820903,39.8772200610867],[65.34551993822758,39.87704406108653],[65.37088693825122,39.862983061073486],[65.41738793829448,39.86083206107146],[65.4504769383253,39.846687061058304],[65.46378293833769,39.848285061059784],[65.45620693833061,39.865646061075864],[65.4749289383481,39.90782106111522],[65.44788293832285,39.919319061125904],[65.4475169383226,39.93748006114281],[65.47702693835001,39.94885606115343],[65.47893493835183,39.97260606117553],[65.48624393835865,39.98075106118314],[65.4729759383463,39.98606806118804],[65.43412693831009,39.985576061187565],[65.44225293831764,40.02007206121977],[65.48734993835966,40.08446106127964],[65.50639293837742,40.09723206129164],[65.52413893839392,40.09359706128824],[65.53339293840251,40.07664406127244],[65.54553193841382,40.07003006126627],[65.5710669384376,40.06803506126445],[65.5804359384463,40.061885061258664],[65.58364793844933,40.052341061249784],[65.609084938473,40.04298006124104],[65.64215793850381,40.02360106122301],[65.64130393850306,40.00156706120247],[65.6528929385138,39.99625306119755],[65.6661829385262,39.994369061195854],[65.70477993856217,39.975765061178535],[65.73022393858588,39.971134061174176],[65.76626493861944,39.970260061173356],[65.7855979386374,39.96440506116791],[65.81304893866294,39.94633406115108],[65.84683193869441,39.94416806114906],[65.87964593872493,39.949787061154254],[65.92171393876414,39.94489606114969],[65.94840993878904,39.95014506115465],[65.97306793881202,39.964488061167934],[66.007437938844,39.96399606116755],[66.02899893886405,39.96022006116403],[66.05634993888958,39.968894061172065],[66.0722269389043,39.987239061189186],[66.106162938936,39.99190506119351],[66.12499193895346,39.990318061191964],[66.14184493896916,40.00085406120183],[66.15152693897826,40.01280206121297],[66.14114293896854,40.02074806122037],[66.14157793896892,40.04191206124007],[66.1584469389847,40.05244406124987],[66.15901093898518,40.08008906127566],[66.17594093900095,40.092357061287075],[66.16555693899132,40.100727061294826],[66.14634693897342,40.08504406128027],[66.10915293893869,40.08692106128201],[66.12329793895185,40.15453706134501],[66.14628593897335,40.19047506137839],[66.18649993901076,40.22353306140921],[66.19248893901637,40.24374306142805],[66.17294993899817,40.26739506145013],[66.22484493904649,40.297225061477825],[66.24590293906613,40.31675706149608],[66.25442493907401,40.34901806152605],[66.22998793905128,40.35374006153049],[66.24536793906556,40.39323806156728],[66.20855693903134,40.393840061567886],[66.213606939036,40.420547061592714],[66.22827093904974,40.427658061599324],[66.26448793908338,40.42403006159597],[66.26544093908434,40.44128706161197],[66.2387229390594,40.4456210616161],[66.24059193906119,40.47929706164742],[66.25610293907563,40.49804606166484],[66.23799093905879,40.513038061678884],[66.2660059390848,40.54022206170419],[66.26676093908556,40.548412061711794],[66.25294393907262,40.55599506171891],[66.25477593907436,40.56244606172491],[66.2799449390978,40.56245006172489],[66.28060893909847,40.590953061751414],[66.30798293912386,40.61251806177152],[66.31755793913281,40.63870206179588],[66.3195719391347,40.65250006180875],[66.30874593912465,40.668674061823786],[66.33660793915062,40.66213606181769],[66.44851593925486,40.65665406181264],[66.44489993925143,40.6027220617624],[66.43228093923966,40.5908540617513]]]}},{"type":"Feature","properties":{"pcode":"UZ22","level":1,"nameEn":"Surkhandarya","nameRu":"Сурхандарьинская","nameUz":"Surxandaryo","type":"province","parent":null,"place":"uz:place/surkhandarya"},"geometry":{"type":"Polygon","coordinates":[[[67.9757079406771,39.0333400603008],[67.98771594068832,39.02164406028991],[67.9998159406996,39.01378206028253],[68.02184994072006,39.009601060278634],[68.03680394073406,39.01704006028556],[68.06165294075713,39.02623706029414],[68.08865294078231,39.02388006029195],[68.11534794080713,39.01001706027903],[68.13417794082467,38.97900706025016],[68.14108194083111,38.961627060234015],[68.14594194083568,38.959629060232125],[68.1845619408716,38.93403206020828],[68.19908894088519,38.9261130602009],[68.20047694088643,38.91712506019255],[68.20116394088714,38.91264706018832],[68.19811194088419,38.89159006016877],[68.19064294087727,38.88788206016528],[68.1949079408812,38.86478406014383],[68.19698294088325,38.851318060131256],[68.18460794087167,38.8476900601279],[68.16966994085774,38.84027006012095],[68.1569739408459,38.82513406010689],[68.13474194082524,38.81975106010186],[68.11256394080459,38.81628006009862],[68.09534394078854,38.81464306009711],[68.08057394077474,38.81296506009549],[68.07295894076773,38.803493060086716],[68.0800619407743,38.79378506007768],[68.12769994081864,38.741191060028726],[68.12003994081147,38.72980406001808],[68.11018294080236,38.728050060016486],[68.08563194077944,38.726531060015056],[68.06818294076318,38.71530106000453],[68.05812794075386,38.70586705999578],[68.06726794076235,38.68077405997242],[68.08598994077984,38.647846059941706],[68.08578394077968,38.640171059934616],[68.07574394077025,38.630741059925846],[68.07549194077001,38.621147059916915],[68.07274594076752,38.609676059906164],[68.07213494076697,38.586654059884786],[68.06887794076394,38.55599905985624],[68.06848094076351,38.540653059841944],[68.09464194078784,38.51335505981653],[68.1207959408122,38.486049059791085],[68.14240994083237,38.472251059778216],[68.1397619408299,38.46461805977114],[68.13455894082502,38.45318905976048],[68.12692994081792,38.44179905974986],[68.11436394080626,38.428573059737516],[68.11336494080531,38.42536505973454],[68.10902394080132,38.41138405972154],[68.11878194081032,38.41122405972145],[68.13107994082182,38.414855059724786],[68.1508099408402,38.42220305973164],[68.16057494084924,38.42203905973148],[68.19674594088299,38.40606305971658],[68.21089894089619,38.38854205970023],[68.22731694091142,38.365215059678484],[68.23181894091569,38.35169905966595],[68.23143694091526,38.33826805965342],[68.23359594091733,38.328632059644484],[68.23836494092173,38.32470705964081],[68.26738694094874,38.31651305963314],[68.29872794097801,38.304431059621926],[68.32031994099803,38.292518059610835],[68.34161294101784,38.27101105959082],[68.3628989410377,38.24949605957077],[68.36348694103829,38.24785605956927],[68.36334194103812,38.24295805956467],[68.37906594105277,38.220394059543615],[68.40264094107478,38.19498805951994],[68.40222894107427,38.18155205950745],[68.39417994106688,38.1567450594844],[68.3729849410471,38.099540059431135],[68.36992594104419,38.078472059411475],[68.36240294103725,38.070934059404436],[68.34506194102113,38.05973405939399],[68.32009794099788,38.03715105937297],[68.28455294096477,37.98403105932348],[68.2862009409663,37.957115059298495],[68.27594694095676,37.938095059280684],[68.27798394095859,37.924617059268186],[68.27267394095374,37.91414205925848],[68.27027094095138,37.909393059254036],[68.24327794092625,37.898353059243775],[68.21635394090123,37.88922505923521],[68.16181894085048,37.88120605922772],[68.15793594084681,37.88063405922729],[68.12875294081962,37.87728805922409],[68.11112894080327,37.85261905920109],[68.10171494079441,37.83665805918627],[68.0469579407435,37.74378505909976],[68.04271594073953,37.73658705909314],[68.01779894071635,37.70817905906657],[68.00551594070484,37.700695059059655],[67.98834894068891,37.69136005905093],[67.9387509406427,37.640274059003374],[67.91599194062151,37.598365058964355],[67.8884349405958,37.55652205892538],[67.87855494058667,37.547065058916594],[67.85402594056379,37.53014305890078],[67.83631094054728,37.48399305885787],[67.82836894053986,37.46328705883858],[67.82736194053896,37.419120058797475],[67.82977994054123,37.3894760587698],[67.83002394054144,37.386497058767034],[67.83300694054418,37.349884058732954],[67.83125294054258,37.329013058713514],[67.83056594054187,37.3208540587059],[67.82639994053805,37.271217058659666],[67.82076994053284,37.23479805862574],[67.80539694051853,37.19275605858664],[67.78982494050402,37.18476405857917],[67.76995794048548,37.206501058599386],[67.75214294046889,37.2179790586101],[67.73315394045123,37.221450058613335],[67.73217694045024,37.22159905861341],[67.69813494041865,37.22674105861822],[67.66120894038417,37.236858058627696],[67.64031194036471,37.24595605863609],[67.63333794035825,37.24845105863851],[67.62826494035346,37.24611205863629],[67.6141199403403,37.24147705863196],[67.59599294032347,37.238502058629166],[67.58978194031769,37.22895405862031],[67.57966594030829,37.225067058616666],[67.56664194029614,37.226032058617555],[67.55870794028876,37.230945058622154],[67.55103294028159,37.2494880586394],[67.53918394027055,37.26005905864932],[67.51029894024369,37.272438058660775],[67.49622294023055,37.27180405866019],[67.48401594021921,37.26312205865211],[67.46062394019741,37.24655105863665],[67.44030694017852,37.23314605862414],[67.41911994015868,37.22696605861845],[67.39991694014083,37.21915805861119],[67.38685594012873,37.218498058610585],[67.35366794009781,37.2140420586064],[67.33051294007618,37.2094720586022],[67.32186094006819,37.2031090585962],[67.3122319400592,37.1960250585896],[67.29906394004695,37.18814005858228],[67.27894494002818,37.184329058578705],[67.26396094001426,37.18849105858263],[67.24016493999208,37.207172058600015],[67.22427293997728,37.21775405860986],[67.2183529399718,37.22422705861591],[67.21057093996455,37.24114605863166],[67.20374993995813,37.2548480586444],[67.1927639399479,37.25896005864827],[67.17279793992935,37.26716605865587],[67.14867393990686,37.2649760586539],[67.1236799398836,37.27322005866153],[67.10778793986881,37.28619005867356],[67.10098193986248,37.30309205868932],[67.10096693986247,37.30324105868949],[67.09920493986084,37.31995305870507],[67.09833493986,37.330387058714756],[67.08341893984611,37.34254405872613],[67.06248393982662,37.355552058738205],[67.03654393980246,37.37100205875258],[66.98642693975577,37.38422305876495],[66.97137393974174,37.38674505876721],[66.94923393972113,37.38530305876594],[66.93711793970985,37.381381058762244],[66.9138939396882,37.372722058754206],[66.87558693965259,37.36336105874546],[66.85342393963185,37.358695058741134],[66.83123693961127,37.35161905873458],[66.81918293959997,37.352497058735366],[66.79308293957571,37.35666605873925],[66.76294693954766,37.35844805874095],[66.73578593952239,37.35699805873954],[66.72873593951577,37.35543005873806],[66.71461393950256,37.34909005873218],[66.69746293948663,37.34196405872557],[66.6833569394735,37.33722605872115],[66.66324593945477,37.335723058719715],[66.6461709394389,37.33740905872137],[66.63683993943025,37.34152905872511],[66.63515393942859,37.34227305872583],[66.62818093942212,37.3511270587341],[66.61515793941005,37.356803058739395],[66.59407793939037,37.360908058743135],[66.56893893936693,37.36021405874256],[66.56438393936264,37.358913058741315],[66.54678293934633,37.35388905873668],[66.5259699393269,37.34759505873079],[66.52127793932254,37.3694190587511],[66.51777593931932,37.38082105876174],[66.5214149393227,37.3921920587723],[66.53076093933136,37.40297605878234],[66.54939993934873,37.41372205879235],[66.57375293937143,37.423873058801895],[66.61453193940942,37.4322350588096],[66.63958693943273,37.439521058816396],[66.64610993943883,37.45201805882802],[66.64620893943885,37.465114058840264],[66.63706193943041,37.483947058857794],[66.545393939345,37.57146005893931],[66.53828393933838,37.57946005894674],[66.5327219393332,37.60510205897057],[66.53880293933888,37.6620100590236],[66.54178593934171,37.681354059041574],[66.54478393934446,37.701839059060696],[66.5384969393386,37.72805405908514],[66.53855793933867,37.73830005909472],[66.53935193933945,37.7496830591053],[66.54822493934769,37.79177405914446],[66.55329793935239,37.79972405915183],[66.56421593936251,37.82244805917306],[66.58014593937743,37.84173505919103],[66.59675493939284,37.85475905920309],[66.61058793940576,37.880882059227474],[66.62432793941854,37.892204059237976],[66.66976093946083,37.91191105925632],[66.6791609394696,37.91869305926271],[66.6843029394744,37.93289905927585],[66.68370793947385,37.94827205929025],[66.67662793946724,37.96196705930303],[66.65701193944896,37.979385059319206],[66.69352693948292,38.02260505935949],[66.71315693950129,38.056068059390604],[66.7534859395388,38.08911105942142],[66.78324793956648,38.11257505944322],[66.82398193960447,38.12376005945367],[66.84895293962768,38.142799059471365],[66.8687209396461,38.17697505950321],[66.88159893965816,38.20001205952467],[66.86022093963824,38.209499059533535],[66.8655009396431,38.22969005955231],[66.87339693965045,38.24306405956474],[66.87326793965043,38.27164405959142],[66.89794893967337,38.27788505959718],[66.9212639396951,38.26985905958974],[66.9207759396946,38.28565905960447],[66.94924893972113,38.29256405961091],[66.9718089397422,38.290557059608986],[66.98428293975378,38.29780505961574],[66.98273393975228,38.30912005962629],[67.00880393977663,38.32959705964537],[67.0335229397996,38.33655505965184],[67.04355593980895,38.35588005966984],[67.06800793983177,38.35382005966789],[67.09192593985401,38.364547059677925],[67.1270139398867,38.37049805968341],[67.16174993991905,38.394485059705765],[67.17581093993218,38.42047105973],[67.17941993993556,38.473026059778924],[67.19817293995294,38.49738305980161],[67.22591393997887,38.507244059810866],[67.25413494000506,38.531364059833294],[67.2738259400235,38.55418705985455],[67.30517494005262,38.558544059858626],[67.32678194007273,38.58130605987981],[67.34586294009054,38.58608205988426],[67.35667394010059,38.59708405989449],[67.34677794009137,38.61162505990799],[67.34921994009368,38.62735705992261],[67.37529694011798,38.64172305993602],[67.38300294012514,38.67160405996394],[67.40276294014352,38.66807505996061],[67.42645194016555,38.694530059985276],[67.46735294020368,38.698715059989155],[67.49251494022715,38.68751505997871],[67.53708594026864,38.68857105997966],[67.53788694026937,38.70959405999924],[67.55519094028553,38.715888060005135],[67.56018794029006,38.747333060034386],[67.57540794030433,38.773231060058535],[67.57039594029962,38.79065706007475],[67.55481694028514,38.8046150600878],[67.55757094028768,38.8218720601038],[67.57789594030662,38.83850406011934],[67.56304094029281,38.8501770601302],[67.53933694027069,38.85948106013885],[67.54264794027384,38.88884306016619],[67.5343779402661,38.90118006017772],[67.49766494023191,38.91430606018987],[67.48945594022425,38.92837906020302],[67.51656294024949,38.95016806022328],[67.53914594027052,38.96773506023962],[67.55685394028706,38.972446060244025],[67.56933494029869,38.98336006025417],[67.58530394031347,38.971660060243295],[67.60794794033457,38.96236806023467],[67.62959994035477,38.983421060254244],[67.67002094039243,38.980537060251606],[67.70359794042373,39.00366206027316],[67.71536194043466,38.99965606026935],[67.72523394044386,39.00144106027111],[67.73144494044963,39.00423806027366],[67.73515994045307,39.005146060274534],[67.74859594046566,39.00112906027079],[67.75355494047025,39.002979060272516],[67.75978794047597,39.00673206027599],[67.77101094048646,39.01329006028206],[67.81536794052775,39.01651306028512],[67.84455794055498,39.00267006027217],[67.86418894057326,39.000469060270184],[67.8764799405847,39.00029306027001],[67.88654994059402,39.00973506027879],[67.8991689406058,39.02297906029112],[67.92868794063334,39.02254106029076],[67.94348894064713,39.02423806029235],[67.96586594066798,39.03348906030087],[67.9757079406771,39.0333400603008]]]}},{"type":"Feature","properties":{"pcode":"UZ24","level":1,"nameEn":"Syrdarya","nameRu":"Сырдарьинская","nameUz":"Sirdaryo","type":"province","parent":null,"place":"uz:place/syrdarya"},"geometry":{"type":"Polygon","coordinates":[[[68.6981039413499,40.833782061977644],[68.70239194135387,40.83278606197668],[68.70696994135828,40.83634906197998],[68.71047194136142,40.83995406198321],[68.71394294136466,40.84313906198641],[68.7204889413708,40.843299061986414],[68.72479994137488,40.84271606198578],[68.72780594137758,40.838859061982404],[68.72811094137795,40.835109061978905],[68.72789694137765,40.831790061975624],[68.7266989413764,40.83017706197424],[68.72218994137228,40.82786106197206],[68.72040494137077,40.8254430619697],[68.71967294137008,40.82256306196713],[68.72008494137042,40.820472061965276],[68.7221139413722,40.818309061963234],[68.7273709413772,40.81561206196071],[68.73821994138738,40.81518506196019],[68.74798494139642,40.81480706196],[68.75931494140688,40.81352906195862],[68.7694849414164,40.811050061956365],[68.78013594142628,40.807723061953226],[68.78690294143267,40.803298061949214],[68.79144994143682,40.79813706194434],[68.80196294144666,40.792732061939354],[68.81600894145978,40.791347061938],[68.82028894146372,40.79034806193705],[68.82543094146853,40.78598406193302],[68.8304359414731,40.779560061926944],[68.8332509414758,40.77279206192074],[68.83721894147956,40.7672380619155],[68.84284894148479,40.76203106191073],[68.85314094149417,40.76161506191042],[68.86064094150144,40.76006306190892],[68.86914794150907,40.7572360619063],[68.87621994151583,40.74946906189915],[68.87856194151794,40.743976061893896],[68.88230794152146,40.73510306188574],[68.88400194152307,40.72797006187899],[68.88819094152693,40.72572306187702],[68.88993794152866,40.71942506187097],[68.89019694152886,40.715255061867275],[68.89282894153125,40.706016061858676],[68.89479794153313,40.703025061855804],[68.89768194153577,40.69751706185064],[68.90264094154044,40.69066606184432],[68.90911094154642,40.68998306184367],[68.91552694155237,40.68848406184221],[68.91982194155638,40.68789206184172],[68.93335694156897,40.68733906184118],[68.94036094157552,40.68663706184056],[68.94505994157991,40.683956061838025],[68.95017994158468,40.679588061833925],[68.95460494158878,40.672763061827624],[68.95497094158914,40.67025306182529],[68.95619894159029,40.664386061819826],[68.9575339415915,40.66017506181593],[68.95796194159192,40.658500061814294],[68.95651194159052,40.645267061801995],[68.95941894159328,40.64016706179719],[68.96131794159507,40.6395910617967],[68.96420994159774,40.638721061795856],[68.97332694160619,40.642936061799816],[68.97988094161236,40.64597306180268],[68.98753294161942,40.64689606180346],[68.9938579416254,40.644145061800906],[68.9974059416286,40.64067806179773],[68.99765694162886,40.636516061793806],[68.99575794162708,40.63244206179005],[68.98986794162165,40.625621061783725],[68.99014194162186,40.621871061780226],[68.99219494162377,40.62012806177856],[68.99481194162625,40.618766061777336],[69.00079294163183,40.618934061777466],[69.00241794163331,40.61886506177744],[69.01489994164494,40.61918606177771],[69.02528294165458,40.62041406177887],[69.04203694167018,40.61971606177822],[69.04843094167617,40.61820206177676],[69.05039194167801,40.615211061773984],[69.05121594167879,40.61144206177051],[69.05029194167791,40.606075061765466],[69.04471494167274,40.603820061763365],[69.04395194167195,40.60053206176034],[69.04426494167227,40.59719806175725],[69.04952194167718,40.594894061755085],[69.05511394168236,40.589679061750275],[69.0602949416872,40.58614306174698],[69.06812194169453,40.58207706174309],[69.06942694169574,40.57744506173883],[69.06851894169486,40.57208606173383],[69.06384994169055,40.567302061729414],[69.0601499416871,40.56081306172338],[69.06043194168734,40.55706406171987],[69.05423694168157,40.54975106171307],[69.0328519416616,40.55482406171777],[69.01716594164706,40.54288806170664],[69.02074394165037,40.535400061699654],[69.03461394166324,40.54007306170403],[69.05052094167813,40.53418306169853],[69.06242294168919,40.52949906169422],[69.07121194169741,40.518653061684105],[69.07270794169881,40.499725061666446],[69.06865594169501,40.49649006166346],[69.0642469416909,40.487537061655075],[69.06605494169261,40.482475061650405],[69.07064794169685,40.478546061646746],[69.07959694170516,40.48057506164863],[69.08164194170712,40.480995061649004],[69.09053794171541,40.4843590616521],[69.09592394172043,40.48413006165189],[69.10114194172522,40.48141406164939],[69.10294294172697,40.47636006164467],[69.10059294172473,40.4735520616421],[69.09223894171697,40.47016106163891],[69.08883594171377,40.467815061636735],[69.07565994170156,40.46504506163412],[69.07432494170025,40.46136406163073],[69.08013894170568,40.44701306161741],[69.10079894172499,40.43148006160292],[69.10160794172567,40.40209506157554],[69.0813589417069,40.38196906155681],[69.06003494168701,40.366077061542015],[69.07225694169834,40.34566106152292],[69.06578794169236,40.32915806150758],[69.06181294168863,40.30940206148917],[69.0658719416924,40.28826906146955],[69.07820794170392,40.26993906145243],[69.10132494172544,40.251163061435],[69.1165459417396,40.23585506142066],[69.13397194175582,40.21311906139958],[69.13436794175625,40.2106890613973],[69.13423094175602,40.21068106139726],[69.10872594173233,40.21287906139926],[69.0859139417111,40.21273406139917],[69.05496194168222,40.22021106140613],[69.02692394165615,40.22037106140631],[68.99946494163056,40.220531061406405],[68.97939994161183,40.21894006140497],[68.92668094156274,40.21474006140101],[68.88427694152327,40.20707306139387],[68.87596794151558,40.200923061388174],[68.85489594149595,40.19208906137995],[68.8269569414699,40.1865650613748],[68.8112409414552,40.18868606137674],[68.77532094142178,40.19772306138524],[68.75415794140208,40.190322061378346],[68.66033894131475,40.16707206135667],[68.63862594129446,40.162078061351934],[68.62172594127878,40.15819506134836],[68.60279794126113,40.156951061347215],[68.60098994125941,40.15460506134504],[68.58893494124821,40.151912061342486],[68.5863489412458,40.15622306134649],[68.57721694123735,40.18698106137521],[68.5993109412579,40.19292006138077],[68.59937194125797,40.213188061399606],[68.58096994124084,40.214710061401014],[68.57907794123902,40.219852061405824],[68.54947594121144,40.21586906140205],[68.51538794117978,40.20951406139618],[68.48941794115554,40.212146061398656],[68.46820794113576,40.222198061408],[68.41859394108957,40.23072806141593],[68.37785294105161,40.22203406140784],[68.31096594098933,40.212532061398974],[68.27932694095985,40.21108606139764],[68.24825994093096,40.2206030614065],[68.19184794087839,40.2241970614098],[68.12630394081737,40.2196120614056],[68.11874294081038,40.2426710614271],[68.10051694079334,40.2703170614528],[68.1631389408517,40.32401206150279],[68.20600794089154,40.37327506154863],[68.17436894086214,40.394615061568594],[68.17599394086363,40.447792061618095],[68.12853194081946,40.45950606162897],[68.13502494082547,40.501544061668184],[68.16036894084908,40.526897061691734],[68.16534394085375,40.51743306168291],[68.18682794087373,40.50995206167597],[68.18511094087216,40.56155006172405],[68.2555839409377,40.69458706184793],[68.26119194094296,40.69268006184611],[68.28265294096299,40.685382061839306],[68.29728594097665,40.6713290618263],[68.34126194101758,40.67565106183032],[68.38366594105706,40.65289306180912],[68.44410694111339,40.63142006178907],[68.45247594112115,40.63217106178983],[68.4906309411567,40.63559706179299],[68.56561194122654,40.64261206179957],[68.57768194123773,40.64662906180322],[68.61286094127048,40.6583400618142],[68.60986294126775,40.66154406181711],[68.57906294123893,40.69443806184777],[68.56645894122742,40.69876806185183],[68.54568394120803,40.69564006184881],[68.5335459411966,40.750320061899835],[68.51648694118083,40.76642606191475],[68.4800099411468,40.80258906194864],[68.48286394114953,40.893543062033224],[68.50309694116832,40.92963706206682],[68.48995194115602,40.968845062103334],[68.49685594116238,40.99766506213015],[68.43551594110538,41.00949006214133],[68.40367794107577,41.039646062169446],[68.42615494109673,41.069866062197526],[68.45783194112616,41.08039406220726],[68.51148194117599,41.06882806219655],[68.55149794121346,41.04610006217534],[68.57247894123303,41.00854106214026],[68.56133994122256,40.995376062128074],[68.58605894124553,40.97705406211109],[68.61069394126847,40.942729062078996],[68.61069394126847,40.935840062072636],[68.66301694131721,40.88831706202839],[68.68364694133642,40.87921106201996],[68.6929319413451,40.871372062012625],[68.69776894134954,40.86204506200376],[68.69650194134844,40.85087906199355],[68.6973719413492,40.83921806198262],[68.6981039413499,40.833782061977644]]]}},{"type":"Feature","properties":{"pcode":"UZ27","level":1,"nameEn":"Tashkent","nameRu":"Ташкентская","nameUz":"Toshkent","type":"province","parent":null,"place":"uz:place/tashkent-region"},"geometry":{"type":"MultiPolygon","coordinates":[[[[69.2893669419005,41.20569606232388],[69.29112194190218,41.2038530623222],[69.29393694190479,41.204021062322425],[69.29422694190507,41.20367406232205],[69.29570694190646,41.20286506232128],[69.29569194190647,41.202072062320596],[69.2946539419055,41.201301062319864],[69.29553194190628,41.20015706231882],[69.29286894190382,41.20021006231885],[69.29065694190172,41.200035062318676],[69.28842894189962,41.198387062317146],[69.2851559418966,41.19609006231494],[69.28322594189483,41.19556806231456],[69.28143994189315,41.19447706231346],[69.2792349418911,41.19430106231338],[69.27760294188957,41.19422106231324],[69.27788494188981,41.193313062312455],[69.27536694188753,41.192127062311314],[69.26958394188217,41.18943006230879],[69.26483094187775,41.18659506230612],[69.26186294187491,41.18406606230381],[69.2606579418738,41.18183806230172],[69.25945994187273,41.179386062299486],[69.25604994186956,41.17708906229728],[69.25531694186887,41.17789406229807],[69.25250194186617,41.1779470622981],[69.24909894186305,41.17801606229822],[69.24614694186029,41.177509062297744],[69.24392694185825,41.17631906229654],[69.23466394184962,41.185619062305214],[69.21704094183318,41.17831806229842],[69.2139049418303,41.19673506231564],[69.20636694182326,41.196880062315735],[69.20297994182013,41.19920706231793],[69.2019339418191,41.19798606231674],[69.2013319418186,41.1966400623155],[69.19970694181701,41.19599906231487],[69.19969894181706,41.1947590623137],[69.19865394181605,41.193431062312534],[69.19731894181483,41.19244006231154],[69.19628094181385,41.191226062310484],[69.19553294181316,41.18989106230927],[69.19286294181065,41.188480062307896],[69.18479894180317,41.20135806231987],[69.18598894180428,41.20325406232167],[69.19090194180889,41.2076600623258],[69.27429894188647,41.20757206232572],[69.28538494189681,41.207237062325355],[69.2893669419005,41.20569606232388]]],[[[71.15476194363778,42.2645599383101],[71.22689794370501,42.21627793826514],[71.24391094372089,42.21023093825952],[71.25798694373402,42.20202193825185],[71.26113794373691,42.19594893824622],[71.25344794372973,42.18606093823695],[71.25233394372869,42.17938193823073],[71.25364594372995,42.17324393822505],[71.25134994372783,42.16079693821339],[71.24702394372375,42.15629493820931],[71.23735794371471,42.153437938206594],[71.23565594371316,42.151087938204356],[71.22222094370066,42.144659938198394],[71.21717794369596,42.13692393819123],[71.21362294369261,42.13473793818915],[71.1862249436671,42.13972393819384],[71.16841094365057,42.13931593819339],[71.15624994363921,42.13704993819135],[71.14514894362887,42.13275893818732],[71.12793694361287,42.12050193817593],[71.087256943575,42.09149893814889],[71.0697549435587,42.086504938144245],[71.03172994352326,42.05739493811714],[71.0169979435095,42.052496938112625],[71.00129594349497,42.0438949381046],[70.9890059434835,42.03473193809607],[70.98052194347557,42.03304193809444],[70.96623194346222,42.02632093808821],[70.9496379434468,42.026381938088285],[70.93221994343054,42.02961693809127],[70.91871594341802,42.033915938095255],[70.8980019433987,42.04480693810545],[70.89174594339283,42.046397938106885],[70.87453394337692,42.046423938106905],[70.86163994336486,42.04180493810264],[70.85797794336145,42.03708193809822],[70.855414943359,42.02530193808721],[70.85173694335568,42.02080893808308],[70.84141494334602,42.014681938077416],[70.83413594333919,42.000201938063896],[70.83564694334058,41.9961349380601],[70.84913594335319,41.983145938048004],[70.85372094335747,41.97461993804005],[70.85024994335424,41.94516693801263],[70.84376494334818,41.936900938004875],[70.82453894333028,41.92240893799143],[70.81519994332157,41.91998193798921],[70.7961729433039,41.920153937989326],[70.77368894328289,41.92591393799464],[70.75905594326933,41.933352938001654],[70.75437094326495,41.93018693799869],[70.75070894326153,41.91698793798636],[70.74694794325801,41.913859937983524],[70.73805894324977,41.91373793798338],[70.71898594323201,41.91893293798822],[70.70493994321887,41.91813993798744],[70.67923694319497,41.90886293797881],[70.65658494317383,41.891451937962586],[70.64060194315906,41.8667519379396],[70.63251394315145,41.86001193793331],[70.61679794313683,41.85295393792673],[70.60833694312892,41.8471099379213],[70.60119594312232,41.827574937903066],[70.57852894310118,41.815676937892064],[70.55433594307866,41.80296293788016],[70.53870294306407,41.799105937876604],[70.52746494305367,41.793826937871735],[70.5140989430412,41.78433593786289],[70.50887994303633,41.776328937855425],[70.50775894303533,41.762762937842744],[70.50929994303671,41.75435593783495],[70.5069729430345,41.74051193782201],[70.49237794302098,41.718855937801834],[70.47580694300551,41.70912493779285],[70.45644294298748,41.700480937784725],[70.44471694297658,41.69789093778235],[70.40001594293491,41.67961493776525],[70.39357694292892,41.675902937761876],[70.38094294291716,41.66138393774833],[70.34825794288673,41.63774793772633],[70.32983294286957,41.63121693772028],[70.31577994285648,41.63128993772028],[70.30770794284896,41.63299893772189],[70.30168094284332,41.63204493772103],[70.2657769428099,41.607092937697786],[70.25971894280426,41.60659693769734],[70.2516249427967,41.6085279376991],[70.23800594278407,41.608958937699505],[70.22299094277008,41.606997937697656],[70.19555594274452,41.5983119376896],[70.18662994273615,41.58891193768083],[70.18064794273059,41.57681593766952],[70.18074694273069,41.55220693764669],[70.17889394272899,41.5447919376397],[70.18264694273248,41.524573937620914],[70.18617994273578,41.518546937615355],[70.19975994274837,41.512511937609666],[70.22676794277359,41.51395393761103],[70.24719194279255,41.51005093760739],[70.25319594279816,41.51123793760853],[70.25660694280141,41.51047093760777],[70.26503694280925,41.51175993760899],[70.26702094281104,41.51368293761081],[70.27625194281968,41.51638393761331],[70.29720994283913,41.517306937614094],[70.3202889428607,41.51442693761144],[70.3487239428871,41.50536293760302],[70.35729194289516,41.500922937598915],[70.36233494289986,41.49473093759312],[70.37100894290789,41.477011937576634],[70.38170594291785,41.46853993756871],[70.39449294292976,41.46863493756884],[70.40712694294152,41.466662937566966],[70.41322294294719,41.46256993756315],[70.42224794295566,41.451964937553264],[70.43085394296368,41.44500293754682],[70.43327294296594,41.443045937544944],[70.44107794297312,41.44040193754254],[70.45160594298295,41.43398193753652],[70.45824394298916,41.42670793752975],[70.46203594299266,41.42480793752797],[70.46563694299608,41.4174039375211],[70.47673694300643,41.40321693750785],[70.47910994300862,41.401926937506715],[70.44711294297872,41.332748062442214],[70.4191129429527,41.311683062422624],[70.37673094291327,41.29485306240696],[70.36617194290336,41.30409606241553],[70.35457594289257,41.28821906240082],[70.34940294288776,41.241626062357405],[70.40296094293771,41.243995062359616],[70.4064249429409,41.2316550623481],[70.38217894291826,41.20083906231938],[70.3804619429167,41.18097606230092],[70.3913109429268,41.1491540622713],[70.42793194296092,41.140258062263015],[70.42620794295931,41.1334070622566],[70.40846194294274,41.12480506224857],[70.43183094296458,41.10707406223207],[70.46180694299245,41.08723806221363],[70.49442994302281,41.0846130622112],[70.47412094300395,41.07269206220007],[70.45586294298693,41.058052062186455],[70.45181994298316,41.04177006217128],[70.44861594298015,41.04224306217178],[70.44052794297265,41.04121006217078],[70.42592594295908,41.0357320621657],[70.42053194295403,41.03370606216371],[70.41273394294679,41.02878906215922],[70.40857594294283,41.02379906215455],[70.40454794293908,41.01309206214457],[70.41189494294593,40.99188606212486],[70.40865994294295,40.98670506212002],[70.39533894293056,40.97513506210916],[70.38903794292472,40.966621062101304],[70.3884649429242,40.95423106208974],[70.3795849429159,40.94399606208018],[70.37378594291047,40.940765062077254],[70.37045994290742,40.92894306206624],[70.3767539429133,40.91364606205191],[70.37660894291312,40.907688062046375],[70.37116194290803,40.89960406203884],[70.36549294290279,40.89117406203101],[70.35748994289528,40.885326062025605],[70.3427039428815,40.88146906202196],[70.33116894287078,40.88233506202273],[70.31679494285741,40.88101506202152],[70.30229094284387,40.87350006201452],[70.2966529428386,40.872333062013446],[70.28745194283005,40.86642806200794],[70.2812499428243,40.86478006200641],[70.27108694281483,40.85195906199445],[70.2656629428098,40.848052061990835],[70.24655894279205,40.841701061984935],[70.21490394276256,40.826305061970594],[70.19025394273953,40.829307061973395],[70.17563594272596,40.835052061978715],[70.16801394271882,40.83607806197976],[70.15518894270687,40.83434606197803],[70.1486049427008,40.82992106197393],[70.14449994269697,40.824695061969095],[70.1384039426913,40.810447061955855],[70.13174394268505,40.8032720619491],[70.1116789426664,40.78842506193533],[70.08027594263716,40.76516306191363],[70.0494069426084,40.755935061905056],[70.0265189425871,40.74112306189125],[70.014693942576,40.738502061888795],[70.00863594257046,40.73524006188579],[69.96478194252958,40.7304110618813],[69.94829494251422,40.72229706187377],[69.92273694249042,40.70389506185664],[69.91820494248626,40.704135061856874],[69.88374994245416,40.72033606187192],[69.87444294244543,40.72011106187169],[69.86473794243638,40.71735306186909],[69.85036394242302,40.70932306186167],[69.83010094240414,40.69276006184624],[69.82352394239803,40.69221106184576],[69.80309994237898,40.69664306184983],[69.7925639423692,40.69893206185199],[69.7842169423614,40.69806206185115],[69.77722094235489,40.69542606184869],[69.7675619423459,40.68876606184254],[69.74880894232842,40.65485306181088],[69.73724294231764,40.63893506179607],[69.71704094229884,40.62922206178706],[69.70109494228402,40.62934106178714],[69.68202194226626,40.6274640617854],[69.67318694225804,40.628852061786645],[69.6676779422529,40.62994706178772],[69.66107894224672,40.636714061794024],[69.65932394224512,40.643039061799904],[69.65018394223655,40.658153061814005],[69.64146394222844,40.661605061817184],[69.62657094221458,40.663368061818815],[69.61890394220745,40.66847606182357],[69.61085494219996,40.677913061832385],[69.58367094217466,40.69279006184624],[69.57169294216352,40.705692061858244],[69.56633694215851,40.72534506187656],[69.54787394214131,40.753490061902774],[69.54354794213731,40.75807906190704],[69.53171494212627,40.76571606191418],[69.52251394211771,40.767532061915844],[69.5055769421019,40.7682570619165],[69.45089694205096,40.7798380619273],[69.4365379420376,40.78527406193236],[69.40801994201108,40.78400006193122],[69.40096994200445,40.78202406192938],[69.38687794199133,40.76478106191329],[69.37141394197695,40.74947306189903],[69.36119794196745,40.73936006188962],[69.35672694196327,40.72904206188003],[69.3569099419635,40.723781061875144],[69.34966994195669,40.7174370618692],[69.34868594195584,40.7134430618655],[69.34834994195548,40.71209706186426],[69.34644294195374,40.688129061841884],[69.34374994195119,40.65434206181043],[69.35118094195816,40.6357260617931],[69.36337994196947,40.6155240617743],[69.3577569419643,40.59462706175484],[69.34739594195462,40.59084706175135],[69.33872194194649,40.57847206173978],[69.339293941947,40.57552306173701],[69.33369394194187,40.571098061732904],[69.32720094193577,40.569835061731695],[69.30831094191815,40.572711061734466],[69.26902694188165,40.568756061730795],[69.25258594186629,40.56144706172397],[69.23521394185009,40.551338061714524],[69.23136894184654,40.5474620617109],[69.22930094184454,40.540706061704626],[69.23071194184593,40.535282061699576],[69.2596809418729,40.504787061671124],[69.2739329418862,40.49535306166238],[69.27307794188536,40.48273006165063],[69.26557094187841,40.476036061644415],[69.26533494187815,40.46227206163152],[69.27435294188658,40.45405906162388],[69.28061594189239,40.440681061611485],[69.28375194189528,40.42586806159768],[69.28762794189899,40.419849061592075],[69.29776694190834,40.41669806158911],[69.2926399419036,40.402648061575995],[69.30139094191179,40.396915061570695],[69.30764694191757,40.38353706155821],[69.30739494191741,40.3697730615454],[69.31639794192576,40.36155706153778],[69.33901194194677,40.34789206152508],[69.33937794194712,40.32791906150649],[69.33212994194037,40.318744061497945],[69.33199994194027,40.30374106148397],[69.3076549419176,40.28606006146752],[69.28980194190096,40.28500306146648],[69.27007994188261,40.28633406146772],[69.25996294187314,40.28948206147071],[69.25185294186568,40.28899706147019],[69.24799294186204,40.27877006146067],[69.25549294186904,40.26921806145184],[69.25038894186427,40.25516806143864],[69.25925394187256,40.24819906143223],[69.28906994190025,40.243724061428075],[69.29792694190851,40.236751061421515],[69.30840994191826,40.21363006140003],[69.31613894192546,40.20159106138882],[69.3056859419158,40.194881061382524],[69.29357094190443,40.199005061386416],[69.28153894189327,40.20516206139207],[69.23908894185372,40.20575706139263],[69.21084494182739,40.21093706139748],[69.19414494181183,40.20680906139361],[69.17064594178997,40.20539006139238],[69.14800994176892,40.2115210613981],[69.13436794175625,40.2106890613973],[69.13397194175582,40.21311906139958],[69.1165459417396,40.23585506142066],[69.10132494172544,40.251163061435],[69.07820794170392,40.26993906145243],[69.0658719416924,40.28826906146955],[69.06181294168863,40.30940206148917],[69.06578794169236,40.32915806150758],[69.07225694169834,40.34566106152292],[69.06003494168701,40.366077061542015],[69.0813589417069,40.38196906155681],[69.10160794172567,40.40209506157554],[69.10079894172499,40.43148006160292],[69.08013894170568,40.44701306161741],[69.07432494170025,40.46136406163073],[69.07565994170156,40.46504506163412],[69.08883594171377,40.467815061636735],[69.09223894171697,40.47016106163891],[69.10059294172473,40.4735520616421],[69.10294294172697,40.47636006164467],[69.10114194172522,40.48141406164939],[69.09592394172043,40.48413006165189],[69.09053794171541,40.4843590616521],[69.08164194170712,40.480995061649004],[69.07959694170516,40.48057506164863],[69.07064794169685,40.478546061646746],[69.06605494169261,40.482475061650405],[69.0642469416909,40.487537061655075],[69.06865594169501,40.49649006166346],[69.07270794169881,40.499725061666446],[69.07121194169741,40.518653061684105],[69.06242294168919,40.52949906169422],[69.05052094167813,40.53418306169853],[69.03461394166324,40.54007306170403],[69.02074394165037,40.535400061699654],[69.01716594164706,40.54288806170664],[69.0328519416616,40.55482406171777],[69.05423694168157,40.54975106171307],[69.06043194168734,40.55706406171987],[69.0601499416871,40.56081306172338],[69.06384994169055,40.567302061729414],[69.06851894169486,40.57208606173383],[69.06942694169574,40.57744506173883],[69.06812194169453,40.58207706174309],[69.0602949416872,40.58614306174698],[69.05511394168236,40.589679061750275],[69.04952194167718,40.594894061755085],[69.04426494167227,40.59719806175725],[69.04395194167195,40.60053206176034],[69.04471494167274,40.603820061763365],[69.05029194167791,40.606075061765466],[69.05121594167879,40.61144206177051],[69.05039194167801,40.615211061773984],[69.04843094167617,40.61820206177676],[69.04203694167018,40.61971606177822],[69.02528294165458,40.62041406177887],[69.01489994164494,40.61918606177771],[69.00241794163331,40.61886506177744],[69.00079294163183,40.618934061777466],[68.99481194162625,40.618766061777336],[68.99219494162377,40.62012806177856],[68.99014194162186,40.621871061780226],[68.98986794162165,40.625621061783725],[68.99575794162708,40.63244206179005],[68.99765694162886,40.636516061793806],[68.9974059416286,40.64067806179773],[68.9938579416254,40.644145061800906],[68.98753294161942,40.64689606180346],[68.97988094161236,40.64597306180268],[68.97332694160619,40.642936061799816],[68.96420994159774,40.638721061795856],[68.96131794159507,40.6395910617967],[68.95941894159328,40.64016706179719],[68.95651194159052,40.645267061801995],[68.95796194159192,40.658500061814294],[68.9575339415915,40.66017506181593],[68.95619894159029,40.664386061819826],[68.95497094158914,40.67025306182529],[68.95460494158878,40.672763061827624],[68.95017994158468,40.679588061833925],[68.94505994157991,40.683956061838025],[68.94036094157552,40.68663706184056],[68.93335694156897,40.68733906184118],[68.91982194155638,40.68789206184172],[68.91552694155237,40.68848406184221],[68.90911094154642,40.68998306184367],[68.90264094154044,40.69066606184432],[68.89768194153577,40.69751706185064],[68.89479794153313,40.703025061855804],[68.89282894153125,40.706016061858584],[68.89019694152877,40.71525506186718],[68.88993794152856,40.719425061871064],[68.88819094152693,40.72572306187693],[68.88400194152298,40.72797006187899],[68.88230794152146,40.735103061885646],[68.87856194151794,40.743976061893896],[68.87621994151574,40.749469061899056],[68.86914794150917,40.7572360619063],[68.86064094150127,40.76006306190892],[68.85314094149427,40.76161506191033],[68.8428489414847,40.76203106191073],[68.83721894147948,40.76723806191559],[68.8332509414758,40.77279206192074],[68.8304359414731,40.779560061927036],[68.82543094146843,40.78598406193302],[68.82028894146372,40.79034806193705],[68.8160089414597,40.791347061938],[68.80196294144656,40.792732061939354],[68.79144994143682,40.79813706194434],[68.78690294143257,40.803298061949214],[68.78013594142628,40.80772306195332],[68.7694849414164,40.811050061956365],[68.75931494140688,40.81352906195871],[68.74798494139634,40.81480706195991],[68.7382199413873,40.81518506196019],[68.72737094137712,40.815612061960614],[68.7221139413722,40.81830906196314],[68.72008494137033,40.820472061965184],[68.71967294136999,40.82256306196713],[68.72040494137069,40.82544306196979],[68.72218994137228,40.82786106197206],[68.7266989413765,40.83017706197424],[68.72789694137765,40.83179006197572],[68.72811094137786,40.83510906197881],[68.72780594137758,40.83885906198231],[68.7247999413748,40.842716061985875],[68.7204889413708,40.843299061986414],[68.71394294136466,40.84313906198632],[68.71047194136142,40.8399540619833],[68.7069699413582,40.83634906197998],[68.70239194135387,40.83278606197668],[68.6981039413499,40.83378206197755],[68.6973719413492,40.83921806198262],[68.69650194134836,40.85087906199355],[68.69776894134954,40.86204506200385],[68.6929319413451,40.871372062012625],[68.68364694133642,40.87921106201987],[68.66301694131721,40.88831706202839],[68.61069394126847,40.935840062072636],[68.61069394126847,40.942729062078996],[68.61460794127213,40.93727406207396],[68.63955594129538,40.94480106208097],[68.6763529413296,40.955898062091336],[68.68791094134045,40.958190062093394],[68.71031094136124,40.96685406210149],[68.71597194136655,40.967647062102266],[68.74480394139339,40.98745706212069],[68.7484509413968,40.993175062126],[68.74852694139686,40.993747062126516],[68.7516699413998,41.01789806214903],[68.76735594141442,41.04518506217442],[68.79896494144383,41.07683906220391],[68.80325294144788,41.079380062206226],[68.80896694145312,41.089382062215606],[68.81354494145735,41.09740406222308],[68.8199459414634,41.106029062231144],[68.82778094147066,41.11244506223709],[68.82952094147227,41.116214062240566],[68.86257094150304,41.14930306227146],[68.87148994151136,41.15715406227872],[68.89308894153153,41.17169106229225],[68.89706394153517,41.17742106229757],[68.90714994154457,41.18579406230539],[68.92188194155824,41.19328306231237],[68.94032994157544,41.19089106231012],[68.94495294157977,41.19321806231232],[68.94734894158199,41.19656306231544],[68.94869894158329,41.21658706233408],[68.95143094158578,41.22270206233972],[68.95787794159182,41.22811106234477],[68.9797049416122,41.240821062356616],[68.98142194161375,41.24182106235755],[68.98629694161832,41.24782906236314],[68.98819694162,41.253208062368195],[68.98770894161959,41.27656906239],[68.98844894162033,41.28078406239387],[68.98895194162074,41.28364506239656],[68.99043194162213,41.29208306240443],[69.00071694163175,41.30183406241347],[69.0037149416345,41.308422062419616],[69.033240941662,41.34217006245103],[69.03668894166529,41.344200062452906],[69.04422694167224,41.3448480624535],[69.05050594167813,41.34290306245173],[69.06328494168999,41.33352606244299],[69.07433294170029,41.33253406244209],[69.08850794171344,41.33996506244898],[69.08904194171402,41.343894062452634],[69.1036449417276,41.36579506247301],[69.1048199417287,41.372505062479306],[69.1132269417365,41.386268062492114],[69.14902394176985,41.40015393750506],[69.16147594178149,41.40679093751126],[69.17105094179036,41.41488193751876],[69.17581894179477,41.42866493753162],[69.18482894180325,41.44589193754763],[69.19551794181316,41.451975937553286],[69.20965494182627,41.45709593755805],[69.23145994184661,41.46171093756234],[69.24207294185655,41.46228393756294],[69.24986194186374,41.4604069375612],[69.27373494188599,41.462603937563216],[69.28583494189726,41.460268937560976],[69.30744094191739,41.45087393755226],[69.3175269419268,41.45049193755192],[69.3222119419311,41.45257493755382],[69.33256494194083,41.45337193755457],[69.3412619419489,41.454043937555284],[69.34594694195329,41.456122937557126],[69.36385294196988,41.45683993755783],[69.36938394197507,41.45965093756047],[69.36962794197528,41.459692937560476],[69.37538094198064,41.46065493756138],[69.39162394199579,41.4596739375605],[69.42314094202514,41.45490193755602],[69.4319679420334,41.458338937559205],[69.43875794203964,41.47061093757068],[69.43929194204023,41.47476493757457],[69.43215894203348,41.47943793757886],[69.41400094201664,41.487200937586124],[69.40685194201001,41.49600193759427],[69.40511294200832,41.50163993759962],[69.4063789420095,41.50445493760223],[69.42088294202306,41.5224069376189],[69.4571829420569,41.54560793764052],[69.4643239420635,41.54757993764239],[69.47264794207128,41.546633937641474],[69.49897694209582,41.55234493764674],[69.51490694211056,41.558432937652455],[69.51998094211534,41.56304893765673],[69.5308069421254,41.5883559376803],[69.53948894213347,41.5970489376884],[69.55839494215108,41.61084693770126],[69.56768694215972,41.61957093770944],[69.58833294217902,41.63115593772021],[69.59461194218483,41.639494937727974],[69.62106994220947,41.658015937745176],[69.63234694221998,41.661791937748696],[69.63582594222318,41.66226093774913],[69.65922494224502,41.66542393775211],[69.6916269422752,41.67230193775854],[69.70017994228317,41.675368937761306],[69.70645094228894,41.67761893776344],[69.71792594229967,41.68620593777147],[69.7221899423036,41.693293937778044],[69.72893494230995,41.6966049377811],[69.74710794232686,41.69863793778305],[69.75247894233188,41.69661293778114],[69.796660942373,41.70197193778614],[69.81503994239007,41.712256937795665],[69.83280094240666,41.71907393780211],[69.84350494241666,41.719126937802145],[69.85956494243158,41.71370993779705],[69.8694909424408,41.70845693779221],[69.88140794245196,41.69779493778222],[69.88545894245576,41.696845937781326],[69.89642294246586,41.697363937781816],[69.92599394249345,41.70564193778959],[69.94521294251138,41.71342393779683],[69.95210194251783,41.718790937801785],[69.984549942548,41.780810937859535],[69.99024894255334,41.785887937864295],[70.00498894256705,41.78909593786727],[70.01335094257485,41.787882937866115],[70.02159794258246,41.777033937856025],[70.02050694258145,41.76804693784767],[70.02395594258465,41.76339693784333],[70.03176094259192,41.76146593784157],[70.0389479425987,41.76340393784338],[70.04588994260509,41.76830593784787],[70.05342094261216,41.788359937866595],[70.06171394261985,41.80294693788017],[70.07160094262903,41.809359937886136],[70.0858299426423,41.815054937891404],[70.0907589426469,41.81848893789461],[70.14704794269933,41.83823293791299],[70.15973594271114,41.844302937918734],[70.17250794272303,41.860690937933974],[70.18114394273104,41.8752859379475],[70.188590942738,41.8932599379643],[70.19802794274682,41.905596937975744],[70.20639794275456,41.912157937981874],[70.22109894276835,41.920145937989375],[70.24029494278615,41.94116193800891],[70.26536494280947,41.9500569380172],[70.27706094282037,41.94965693801679],[70.28771194283033,41.95860193802513],[70.3084939428497,41.96363393802981],[70.32185294286211,41.96948593803528],[70.33089394287049,41.97560793804097],[70.33269494287225,41.980040938045114],[70.33259494287215,41.99309493805726],[70.33046694287016,42.00468793806807],[70.32531694286531,42.01546393807808],[70.32520994286526,42.019862938082255],[70.32501894286509,42.02713693808894],[70.32261594286281,42.03436193809566],[70.32935994286916,42.04244593810328],[70.36350194290094,42.05789893811763],[70.37002494290695,42.06894993812792],[70.38161394291778,42.07815493813646],[70.39108994292663,42.082911938140946],[70.39585794293104,42.08884393814646],[70.39964194293461,42.115584938171345],[70.40244994293717,42.12303893817827],[70.41049894294466,42.13048093818518],[70.41710594295085,42.13259793818723],[70.42540694295859,42.13271993818729],[70.43330294296594,42.13007693818488],[70.49157694302025,42.091978938149346],[70.50976494303717,42.08334693814132],[70.52006494304678,42.08125593813937],[70.52246794304895,42.07791893813621],[70.54646294307135,42.06952193812844],[70.55306994307747,42.063380938122684],[70.55831894308234,42.05489293811476],[70.55594594308016,42.028906938090614],[70.55640394308057,42.02273893808485],[70.55915794308319,42.018729938081144],[70.57539294309831,42.015273938077904],[70.60191294312293,41.99706593806093],[70.61093094313136,41.99668093806061],[70.62335194314292,41.99916393806292],[70.6269599431463,42.00082293806447],[70.63178194315074,42.00864693807173],[70.63062194314972,42.011809938074705],[70.65445694317192,42.059966938119544],[70.67417894319027,42.088938938146505],[70.67406394319016,42.099013938155885],[70.67732194319319,42.10922193816543],[70.69357994320833,42.12682693818181],[70.70400994321804,42.131598938186286],[70.71483594322811,42.13935793819349],[70.72672194323917,42.15380393820695],[70.74443794325568,42.164359938216776],[70.76255694327257,42.18660693823754],[70.7771219432861,42.19840593824843],[70.78515594329359,42.20238393825214],[70.78973294329792,42.20737393825681],[70.7957149433034,42.20989893825923],[70.80095594330831,42.20987293825912],[70.80795194331483,42.206709938256225],[70.81529194332174,42.19874893824883],[70.8239739433298,42.19358793824396],[70.83904194334383,42.193942938244376],[70.86453994336757,42.208212938257574],[70.87528194337752,42.2132069382623],[70.88530694338694,42.215193938264086],[70.89937494340003,42.221228938269775],[70.90734094340739,42.2263409382745],[70.90817994340816,42.22717593827529],[70.93025894342878,42.249247938295774],[70.94022294343803,42.259196938305124],[70.94555594344301,42.262373938308016],[70.95476494345162,42.2629499383086],[70.97518094347063,42.2575339383035],[70.98993594348434,42.258082938303986],[71.01705094350962,42.27672493832143],[71.03465194352601,42.28104393832538],[71.04180094353256,42.284739938328855],[71.06038594354992,42.28817293833206],[71.07028094355914,42.287844938331745],[71.09661794358365,42.27666793832133],[71.11407394359995,42.27386393831875],[71.13445994361896,42.2732229383182],[71.15476194363778,42.2645599383101]],[[69.15873694177886,41.33867206244778],[69.13947994176098,41.32623606243614],[69.13396394175578,41.31913706242963],[69.1334989417554,41.31554406242625],[69.13239194175432,41.30238706241401],[69.12954694175171,41.297149062409076],[69.12718194174957,41.29674506240869],[69.12747094174976,41.29549706240757],[69.12628094174865,41.29450606240667],[69.123457941746,41.2935400624057],[69.12226794174497,41.29153806240392],[69.12270294174535,41.28984006240225],[69.12254294174517,41.28736406239998],[69.12150494174419,41.28682706239951],[69.11583694173893,41.27893006239217],[69.11611894173917,41.27701906239037],[69.11774394174076,41.27484506238831],[69.11756794174059,41.27079706238458],[69.11400594173728,41.26793606238189],[69.11385294173705,41.26624206238038],[69.1123649417357,41.26571206237978],[69.11117494173459,41.263820062378045],[69.10790194173155,41.26106206237553],[69.10700194173073,41.25792606237256],[69.10596394172975,41.2573890623721],[69.10210394172611,41.25565706237045],[69.10046294172463,41.25365806236866],[69.10060794172473,41.25264306236763],[69.10282094172682,41.24967106236491],[69.10251594172655,41.24821406236355],[69.10088294172502,41.245880062361394],[69.10116494172526,41.2443000623599],[69.09983794172399,41.24454806236017],[69.09656494172097,41.24123306235704],[69.09358194171823,41.23689206235296],[69.0940009417186,41.232723062349166],[69.09771694172206,41.23377606235014],[69.10779494173141,41.23921506235509],[69.11063294173405,41.243221062358906],[69.1129979417363,41.24441506236],[69.11537894173853,41.24650106236189],[69.11685894173992,41.24614306236166],[69.11537094173848,41.24335406235898],[69.11720994174019,41.22766406234438],[69.11868194174163,41.22583006234274],[69.11941494174224,41.224800062341714],[69.13091994175296,41.216594062334124],[69.13385694175572,41.214286062331986],[69.13676394175839,41.205783062324066],[69.13632894175801,41.204662062322974],[69.13468094175649,41.201881062320425],[69.13497094175676,41.200630062319235],[69.1360009417577,41.19914606231786],[69.13851094176003,41.197303062316095],[69.14026594176171,41.1946710623137],[69.14215794176344,41.18946006230878],[69.14390494176509,41.186046062305635],[69.14494994176601,41.18602706230566],[69.14581994176686,41.1833070623031],[69.15083994177152,41.18343306230322],[69.1546779417751,41.18065606230065],[69.1525949417732,41.178112062298254],[69.15641694177671,41.174541062294914],[69.15790494177814,41.1762080622965],[69.15717294177745,41.177913062298046],[69.15821794177846,41.1792410622993],[69.15955294177968,41.17988906229989],[69.15911094177925,41.181018062300936],[69.1569059417772,41.18264006230245],[69.15824094177842,41.18408206230381],[69.15974394177985,41.18697706230646],[69.16255894178245,41.18894906230833],[69.16508394178479,41.19228706231141],[69.16895194178836,41.196147062315035],[69.17059294178993,41.197471062316225],[69.17177494179101,41.19902806231769],[69.17149294179077,41.20071406231934],[69.17296594179213,41.20080506231941],[69.17342294179255,41.20214806232067],[69.1725379417917,41.202728062321135],[69.17254594179175,41.20340306232183],[69.17432394179338,41.2046010623229],[69.17639894179533,41.20625606232448],[69.178183941797,41.206222062324414],[69.1784739417973,41.20756506232567],[69.17937394179812,41.208335062326405],[69.18100694179965,41.20954106232752],[69.1826399418011,41.21075006232869],[69.18412694180255,41.211505062329344],[69.18633994180455,41.21226106233008],[69.18694994180511,41.214385062332006],[69.18784994180604,41.21583106233343],[69.18853694180665,41.20838106232648],[69.18720194180544,41.20648906232466],[69.17188194179107,41.19238206231154],[69.17719194179611,41.189010062308405],[69.17256894179178,41.18256306230238],[69.17271394179188,41.181217062301144],[69.16216194178203,41.17015006229078],[69.16112494178114,41.169387062290085],[69.16242894178235,41.16710206228799],[69.16287894178274,41.16732006228817],[69.17162294179087,41.17075706229135],[69.17265294179181,41.17073806229138],[69.17426994179336,41.16902106228982],[69.1742629417933,41.167438062288255],[69.17336194179248,41.16689306228775],[69.1735149417927,41.16542806228644],[69.17481194179388,41.16101006228238],[69.16785394178731,41.158218062279715],[69.16178094178167,41.15585306227748],[69.15882794177902,41.15444906227624],[69.15704294177735,41.15324706227511],[69.15599794177632,41.15123306227323],[69.20549694182242,41.15342706227526],[69.20549694182242,41.1523010622742],[69.20490194182186,41.15074106227276],[69.2048789418219,41.149158062271276],[69.20471894182172,41.14646106226875],[69.20323894182033,41.144355062266804],[69.20085094181815,41.14191806226456],[69.19943994181678,41.14029306226307],[69.1986459418161,41.13924706226205],[69.21441594183074,41.13423106225736],[69.22022194183613,41.1347000622578],[69.22911794184442,41.135646062258715],[69.2345349418495,41.14282906226542],[69.23426794184918,41.146999062269295],[69.23310794184815,41.150859062272836],[69.22973594184501,41.1539680622757],[69.23417594184912,41.15555906227723],[69.2356709418506,41.157108062278645],[69.23953194185414,41.16064006228196],[69.2435449418578,41.16382206228501],[69.24903094186301,41.16563006228663],[69.25347094186712,41.168807062289616],[69.25509594186862,41.167083062288015],[69.25804894187137,41.166687062287664],[69.26264094187569,41.16828106228908],[69.2654569418783,41.170700062291345],[69.26723394187994,41.17066506229138],[69.26826394188086,41.17121106229179],[69.2727269418851,41.173938062294404],[69.27628294188835,41.17521606229552],[69.28443094189595,41.17797406229812],[69.28607094189744,41.17940506229946],[69.2915639419026,41.18357406230334],[69.29409694190497,41.186782062306314],[69.2959889419067,41.18291806230271],[69.29761494190828,41.18322706230296],[69.29850694190907,41.18421906230395],[69.30058194191093,41.183612062303375],[69.30163494191191,41.18595806230555],[69.30415294191428,41.18590906230549],[69.30385494191405,41.18681306230631],[69.30564794191568,41.188686062308065],[69.30815094191806,41.18864006230799],[69.30902794191886,41.187610062307144],[69.31259094192215,41.18854906230801],[69.3132009419228,41.19034106230964],[69.31393394192341,41.19077606231002],[69.31407094192355,41.1888540623082],[69.31570394192508,41.18960906230894],[69.31717594192644,41.18856406230801],[69.3207319419297,41.189846062309186],[69.32073894192975,41.191085062310364],[69.32208194193109,41.19240506231158],[69.32431694193305,41.19404606231306],[69.32536294193406,41.19628506231518],[69.32923794193769,41.19923706231793],[69.32999394193843,41.2011370623197],[69.33295394194113,41.20310506232151],[69.33429694194238,41.2037540623221],[69.3354719419435,41.20237306232081],[69.33873694194648,41.20399406232232],[69.34049194194816,41.201816062320376],[69.34719794195439,41.20933506232735],[69.34971594195676,41.208839062326895],[69.34745694195459,41.20426506232254],[69.35694794196344,41.20688206232502],[69.36118994196741,41.201725062320214],[69.3657909419717,41.20398706232237],[69.37113094197672,41.20747706232558],[69.35822194196467,41.217662062335094],[69.36386794196997,41.22182806233891],[69.37161994197712,41.22808006234479],[69.37060494197618,41.229900062346516],[69.35509394196174,41.23292906234924],[69.35262194195944,41.23838406235437],[69.34801394195512,41.23589706235208],[69.34503894195241,41.233703062350045],[69.33941594194715,41.2324750623489],[69.33676094194473,41.234783062351035],[69.33576194194379,41.23829206235431],[69.33276294194096,41.25130406236636],[69.33632594194435,41.25213206236719],[69.34062894194831,41.25418006236904],[69.34388694195134,41.254108062369035],[69.34464994195203,41.256801062371586],[69.33996494194773,41.2628630623772],[69.33894294194674,41.264682062378846],[69.3359749419439,41.26452206237875],[69.33261794194087,41.26920706238305],[69.3210899419301,41.27170506238546],[69.32259294193153,41.2738110623874],[69.32335594193222,41.27751106239085],[69.32484394193358,41.278831062392065],[69.34956294195663,41.29644706240846],[69.35137094195825,41.299217062411074],[69.35228694195916,41.30145206241313],[69.35348494196023,41.30435506241582],[69.3561629419628,41.30498106241637],[69.35838294196485,41.30515606241655],[69.36044994196676,41.30432106241576],[69.36356294196969,41.30538106241678],[69.36608794197201,41.30634606241767],[69.36786594197365,41.30562906241696],[69.36888794197463,41.304374062415796],[69.37022294197584,41.30456906241603],[69.37467894197994,41.306724062418034],[69.37988194198482,41.30818906241943],[69.37975294198472,41.31078706242185],[69.3784479419835,41.313514062424375],[69.37653294198172,41.31501706242572],[69.37478594198008,41.31820606242872],[69.37287894197836,41.32049906243086],[69.36815594197392,41.322624062432865],[69.3690789419748,41.325199062435246],[69.36939994197508,41.32823106243805],[69.36838494197413,41.33129506244092],[69.36647694197241,41.33256906244206],[69.36469994197068,41.33216406244177],[69.3623119419685,41.331199062440795],[69.35667394196324,41.32985606243954],[69.35147794195841,41.327941062437766],[69.34820494195537,41.32721306243713],[69.34287994195034,41.32777706243761],[69.33681394194475,41.3285820624384],[69.33369394194187,41.328086062437954],[69.33220594194043,41.3258660624359],[69.33084094193914,41.32353206243366],[69.32741494193598,41.32146006243177],[69.3250419419337,41.32072006243103],[69.31854194192773,41.32187206243211],[69.31587194192522,41.32181106243203],[69.29569194190647,41.33563206244494],[69.28899294190019,41.35018106245848],[69.28617794189758,41.351703062459976],[69.2599409418731,41.35054706245883],[69.25357794186718,41.35112706245939],[69.23055194184573,41.36510406247241],[69.20210194181934,41.365901062473164],[69.19689094181442,41.36261706247003],[69.18142694180004,41.35358406246169],[69.16371894178349,41.34187606245078],[69.15873694177886,41.33867206244778]]]]}},{"type":"Feature","properties":{"pcode":"UZ26","level":1,"nameEn":"Tashkent city","nameRu":"г.Ташкент","nameUz":"Toshkent ш.","type":"independent city","parent":null,"place":"uz:place/tashkent-city"},"geometry":{"type":"Polygon","coordinates":[[[69.25357794186718,41.35112706245939],[69.2599409418731,41.35054706245883],[69.28617794189758,41.351703062459976],[69.28899294190019,41.35018106245848],[69.29569194190647,41.33563206244494],[69.31587194192522,41.32181106243203],[69.31854194192773,41.32187206243211],[69.3250419419337,41.32072006243103],[69.32741494193598,41.32146006243177],[69.33084094193914,41.32353206243366],[69.33220594194043,41.3258660624359],[69.33369394194187,41.328086062437954],[69.33681394194475,41.3285820624384],[69.34287994195034,41.32777706243761],[69.34820494195537,41.32721306243713],[69.35147794195841,41.327941062437766],[69.35667394196324,41.32985606243954],[69.3623119419685,41.331199062440795],[69.36469994197068,41.33216406244177],[69.36647694197241,41.33256906244206],[69.36838494197413,41.33129506244092],[69.36939994197508,41.32823106243805],[69.3690789419748,41.325199062435246],[69.36815594197392,41.322624062432865],[69.37287894197836,41.32049906243086],[69.37478594198008,41.31820606242872],[69.37653294198172,41.31501706242572],[69.3784479419835,41.313514062424375],[69.37975294198472,41.31078706242185],[69.37988194198482,41.30818906241943],[69.37467894197994,41.306724062418034],[69.37022294197584,41.30456906241603],[69.36888794197463,41.304374062415796],[69.36786594197365,41.30562906241696],[69.36608794197201,41.30634606241767],[69.36356294196969,41.30538106241678],[69.36044994196676,41.30432106241576],[69.35838294196485,41.30515606241655],[69.3561629419628,41.30498106241637],[69.35348494196023,41.30435506241582],[69.35228694195916,41.30145206241313],[69.35137094195825,41.299217062411074],[69.34956294195663,41.29644706240846],[69.32484394193358,41.278831062392065],[69.32335594193222,41.27751106239085],[69.32259294193153,41.2738110623874],[69.3210899419301,41.27170506238546],[69.33261794194087,41.26920706238305],[69.3359749419439,41.26452206237875],[69.33894294194674,41.264682062378846],[69.33996494194773,41.2628630623772],[69.34464994195203,41.256801062371586],[69.34388694195134,41.254108062369035],[69.34062894194831,41.25418006236904],[69.33632594194435,41.25213206236719],[69.33276294194096,41.25130406236636],[69.33576194194379,41.23829206235431],[69.33676094194473,41.234783062351035],[69.33941594194715,41.2324750623489],[69.34503894195241,41.233703062350045],[69.34801394195512,41.23589706235208],[69.35262194195944,41.23838406235437],[69.35509394196174,41.23292906234924],[69.37060494197618,41.229900062346516],[69.37161994197712,41.22808006234479],[69.36386794196997,41.22182806233891],[69.35822194196467,41.217662062335094],[69.37113094197672,41.20747706232558],[69.3657909419717,41.20398706232237],[69.36118994196741,41.201725062320214],[69.35694794196344,41.20688206232502],[69.34745694195459,41.20426506232254],[69.34971594195676,41.208839062326895],[69.34719794195439,41.20933506232735],[69.34049194194816,41.201816062320376],[69.33873694194648,41.20399406232232],[69.3354719419435,41.20237306232081],[69.33429694194238,41.2037540623221],[69.33295394194113,41.20310506232151],[69.32999394193843,41.2011370623197],[69.32923794193769,41.19923706231793],[69.32536294193406,41.19628506231518],[69.32431694193305,41.19404606231306],[69.32208194193109,41.19240506231158],[69.32073894192975,41.191085062310364],[69.3207319419297,41.189846062309186],[69.31717594192644,41.18856406230801],[69.31570394192508,41.18960906230894],[69.31407094192355,41.1888540623082],[69.31393394192341,41.19077606231002],[69.3132009419228,41.19034106230964],[69.31259094192215,41.18854906230801],[69.30902794191886,41.187610062307144],[69.30815094191806,41.18864006230799],[69.30564794191568,41.188686062308065],[69.30385494191405,41.18681306230631],[69.30415294191428,41.18590906230549],[69.30163494191191,41.18595806230555],[69.30058194191093,41.183612062303375],[69.29850694190907,41.18421906230395],[69.29761494190828,41.18322706230296],[69.2959889419067,41.18291806230271],[69.29409694190497,41.186782062306314],[69.2915639419026,41.18357406230334],[69.28607094189744,41.17940506229946],[69.28443094189595,41.17797406229812],[69.27628294188835,41.17521606229552],[69.2727269418851,41.173938062294404],[69.26826394188086,41.17121106229179],[69.26723394187994,41.17066506229138],[69.2654569418783,41.170700062291345],[69.26264094187569,41.16828106228908],[69.25804894187137,41.166687062287664],[69.25509594186862,41.167083062288015],[69.25347094186712,41.168807062289616],[69.24903094186301,41.16563006228663],[69.2435449418578,41.16382206228501],[69.23953194185414,41.16064006228196],[69.2356709418506,41.157108062278645],[69.23417594184912,41.15555906227723],[69.22973594184501,41.1539680622757],[69.23310794184815,41.150859062272836],[69.23426794184918,41.146999062269295],[69.2345349418495,41.14282906226542],[69.22911794184442,41.135646062258715],[69.22022194183613,41.1347000622578],[69.21441594183074,41.13423106225736],[69.1986459418161,41.13924706226205],[69.19943994181678,41.14029306226307],[69.20085094181815,41.14191806226456],[69.20323894182033,41.144355062266804],[69.20471894182172,41.14646106226875],[69.2048789418219,41.149158062271276],[69.20490194182186,41.15074106227276],[69.20549694182242,41.1523010622742],[69.20549694182242,41.15342706227526],[69.15599794177632,41.15123306227323],[69.15704294177735,41.15324706227511],[69.15882794177902,41.15444906227624],[69.16178094178167,41.15585306227748],[69.16785394178731,41.158218062279715],[69.17481194179388,41.16101006228238],[69.1735149417927,41.16542806228644],[69.17336194179248,41.16689306228775],[69.1742629417933,41.167438062288255],[69.17426994179336,41.16902106228982],[69.17265294179181,41.17073806229138],[69.17162294179087,41.17075706229135],[69.16287894178274,41.16732006228817],[69.16242894178235,41.16710206228799],[69.16112494178114,41.169387062290085],[69.16216194178203,41.17015006229078],[69.17271394179188,41.181217062301144],[69.17256894179178,41.18256306230238],[69.17719194179611,41.189010062308405],[69.17188194179107,41.19238206231154],[69.18720194180544,41.20648906232466],[69.18853694180665,41.20838106232648],[69.18784994180604,41.21583106233343],[69.18694994180511,41.214385062332006],[69.18633994180455,41.21226106233008],[69.18412694180255,41.211505062329344],[69.1826399418011,41.21075006232869],[69.18100694179965,41.20954106232752],[69.17937394179812,41.208335062326405],[69.1784739417973,41.20756506232567],[69.178183941797,41.206222062324414],[69.17639894179533,41.20625606232448],[69.17432394179338,41.2046010623229],[69.17254594179175,41.20340306232183],[69.1725379417917,41.202728062321135],[69.17342294179255,41.20214806232067],[69.17296594179213,41.20080506231941],[69.17149294179077,41.20071406231934],[69.17177494179101,41.19902806231769],[69.17059294178993,41.197471062316225],[69.16895194178836,41.196147062315035],[69.16508394178479,41.19228706231141],[69.16255894178245,41.18894906230833],[69.15974394177985,41.18697706230646],[69.15824094177842,41.18408206230381],[69.1569059417772,41.18264006230245],[69.15911094177925,41.181018062300936],[69.15955294177968,41.17988906229989],[69.15821794177846,41.1792410622993],[69.15717294177745,41.177913062298046],[69.15790494177814,41.1762080622965],[69.15641694177671,41.174541062294914],[69.1525949417732,41.178112062298254],[69.1546779417751,41.18065606230065],[69.15083994177152,41.18343306230322],[69.14581994176686,41.1833070623031],[69.14494994176601,41.18602706230566],[69.14390494176509,41.186046062305635],[69.14215794176344,41.18946006230878],[69.14026594176171,41.1946710623137],[69.13851094176003,41.197303062316095],[69.1360009417577,41.19914606231786],[69.13497094175676,41.200630062319235],[69.13468094175649,41.201881062320425],[69.13632894175801,41.204662062322974],[69.13676394175839,41.205783062324066],[69.13385694175572,41.214286062331986],[69.13091994175296,41.216594062334124],[69.11941494174224,41.224800062341714],[69.11868194174163,41.22583006234274],[69.11720994174019,41.22766406234438],[69.11537094173848,41.24335406235898],[69.11685894173992,41.24614306236166],[69.11537894173853,41.24650106236189],[69.1129979417363,41.24441506236],[69.11063294173405,41.243221062358906],[69.10779494173141,41.23921506235509],[69.09771694172206,41.23377606235014],[69.0940009417186,41.232723062349166],[69.09358194171823,41.23689206235296],[69.09656494172097,41.24123306235704],[69.09983794172399,41.24454806236017],[69.10116494172526,41.2443000623599],[69.10088294172502,41.245880062361394],[69.10251594172655,41.24821406236355],[69.10282094172682,41.24967106236491],[69.10060794172473,41.25264306236763],[69.10046294172463,41.25365806236866],[69.10210394172611,41.25565706237045],[69.10596394172975,41.2573890623721],[69.10700194173073,41.25792606237256],[69.10790194173155,41.26106206237553],[69.11117494173459,41.263820062378045],[69.1123649417357,41.26571206237978],[69.11385294173705,41.26624206238038],[69.11400594173728,41.26793606238189],[69.11756794174059,41.27079706238458],[69.11774394174076,41.27484506238831],[69.11611894173917,41.27701906239037],[69.11583694173893,41.27893006239217],[69.12150494174419,41.28682706239951],[69.12254294174517,41.28736406239998],[69.12270294174535,41.28984006240225],[69.12226794174497,41.29153806240392],[69.123457941746,41.2935400624057],[69.12628094174865,41.29450606240667],[69.12747094174976,41.29549706240757],[69.12718194174957,41.29674506240869],[69.12954694175171,41.297149062409076],[69.13239194175432,41.30238706241401],[69.1334989417554,41.31554406242625],[69.13396394175578,41.31913706242963],[69.13947994176098,41.32623606243614],[69.15873694177886,41.33867206244778],[69.16371894178349,41.34187606245078],[69.18142694180004,41.35358406246169],[69.19689094181442,41.36261706247003],[69.20210194181934,41.365901062473164],[69.23055194184573,41.36510406247241],[69.25357794186718,41.35112706245939]],[[69.18479894180317,41.20135806231987],[69.19286294181065,41.188480062307896],[69.19553294181316,41.18989106230927],[69.19628094181385,41.191226062310484],[69.19731894181483,41.19244006231154],[69.19865394181605,41.193431062312534],[69.19969894181706,41.1947590623137],[69.19970694181701,41.19599906231487],[69.2013319418186,41.1966400623155],[69.2019339418191,41.19798606231674],[69.20297994182013,41.19920706231793],[69.20636694182326,41.196880062315735],[69.2139049418303,41.19673506231564],[69.21704094183318,41.17831806229842],[69.23466394184962,41.185619062305214],[69.24392694185825,41.17631906229654],[69.24614694186029,41.177509062297744],[69.24909894186305,41.17801606229822],[69.25250194186617,41.1779470622981],[69.25531694186887,41.17789406229807],[69.25604994186956,41.17708906229728],[69.25945994187273,41.179386062299486],[69.2606579418738,41.18183806230172],[69.26186294187491,41.18406606230381],[69.26483094187775,41.18659506230612],[69.26958394188217,41.18943006230879],[69.27536694188753,41.192127062311314],[69.27788494188981,41.193313062312455],[69.27760294188957,41.19422106231324],[69.2792349418911,41.19430106231338],[69.28143994189315,41.19447706231346],[69.28322594189483,41.19556806231456],[69.2851559418966,41.19609006231494],[69.28842894189962,41.198387062317146],[69.29065694190172,41.200035062318676],[69.29286894190382,41.20021006231885],[69.29553194190628,41.20015706231882],[69.2946539419055,41.201301062319864],[69.29569194190647,41.202072062320596],[69.29570694190646,41.20286506232128],[69.29422694190507,41.20367406232205],[69.29393694190479,41.204021062322425],[69.29112194190218,41.2038530623222],[69.2893669419005,41.20569606232388],[69.28538494189681,41.207237062325355],[69.27429894188647,41.20757206232572],[69.19090194180889,41.2076600623258],[69.18598894180428,41.20325406232167],[69.18479894180317,41.20135806231987]]]}}]}