{"type":"FeatureCollection","features":[{"type":"Feature","id":"ca-discharge:10-0.000-3M","geometry":{"type":"Point","coordinates":[64.889374,36.578167]},"properties":{"code":"10-0.000-3M","name_eng":"Shirin Tagab Gauge","name_ru":null,"river":"Shirin Tagab","country":"AFG","basin":"SHIRINTAGAB","q_m3s":3.98,"source":"USGS Data Report 529","res":"month","has_ts":true,"ts_start":"1964-06-15","ts_end":"1978-12-15","n_complete":175,"n_miss":3,"n_propmiss":0.017142857142857144,"n_largestgap":3}},{"type":"Feature","id":"ca-discharge:10-0.000-4M","geometry":{"type":"Point","coordinates":[64.878276,36.450766]},"properties":{"code":"10-0.000-4M","name_eng":"Daulatabad Gauge","name_ru":null,"river":"Shirin Tagab","country":"AFG","basin":"SHIRINTAGAB","q_m3s":2.34,"source":"USGS Data Report 529","res":"month","has_ts":true,"ts_start":"1969-02-15","ts_end":"1978-12-15","n_complete":119,"n_miss":39,"n_propmiss":0.3277310924369748,"n_largestgap":29}},{"type":"Feature","id":"ca-discharge:10-0.000-6M","geometry":{"type":"Point","coordinates":[64.90878,35.952738]},"properties":{"code":"10-0.000-6M","name_eng":"Khisht Pul Gauge","name_ru":null,"river":"Shirin Tagab","country":"AFG","basin":"SHIRINTAGAB","q_m3s":4.45,"source":"USGS Data Report 529","res":"month","has_ts":true,"ts_start":"1966-01-15","ts_end":"1978-12-15","n_complete":156,"n_miss":3,"n_propmiss":0.019230769230769232,"n_largestgap":3}},{"type":"Feature","id":"ca-discharge:10-1.1L0-7A","geometry":{"type":"Point","coordinates":[64.303385,35.699064]},"properties":{"code":"10-1.1L0-7A","name_eng":"Qaisar Gauge","name_ru":null,"river":"Qaisar","country":"AFG","basin":"SHIRINTAGAB","q_m3s":0.54,"source":"USGS Data Report 529","res":"month","has_ts":true,"ts_start":"1969-04-15","ts_end":"1978-12-15","n_complete":117,"n_miss":3,"n_propmiss":0.02564102564102564,"n_largestgap":3}},{"type":"Feature","id":"ca-discharge:10-1.L00-1T","geometry":{"type":"Point","coordinates":[64.890102,36.522341]},"properties":{"code":"10-1.L00-1T","name_eng":"Maimana Gague","name_ru":null,"river":"Mainmana","country":"AFG","basin":"SHIRINTAGAB","q_m3s":2.44,"source":"USGS Data Report 529","res":"month","has_ts":true,"ts_start":"1968-01-15","ts_end":"1972-12-15","n_complete":60,"n_miss":2,"n_propmiss":0.03333333333333333,"n_largestgap":2}},{"type":"Feature","id":"ca-discharge:11-0.000-4M","geometry":{"type":"Point","coordinates":[65.947623,36.199083]},"properties":{"code":"11-0.000-4M","name_eng":"Asiabad Gague","name_ru":null,"river":"Sare Pul","country":"AFG","basin":"SHIRINTAGAB","q_m3s":7.9,"source":"USGS Data Report 529","res":"month","has_ts":true,"ts_start":"1965-01-15","ts_end":"1978-12-15","n_complete":168,"n_miss":0,"n_propmiss":0.0,"n_largestgap":null}},{"type":"Feature","id":"ca-discharge:11-1.R00-1A","geometry":{"type":"Point","coordinates":[66.048578,36.175483]},"properties":{"code":"11-1.R00-1A","name_eng":"Shorab Gague","name_ru":null,"river":"Shorab","country":"AFG","basin":"SHIRINTAGAB","q_m3s":1.93,"source":"USGS Data Report 529","res":"month","has_ts":true,"ts_start":"1970-01-15","ts_end":"1978-12-15","n_complete":108,"n_miss":2,"n_propmiss":0.018518518518518517,"n_largestgap":2}},{"type":"Feature","id":"ca-discharge:12-0.000-10M","geometry":{"type":"Point","coordinates":[67.160384,34.817524]},"properties":{"code":"12-0.000-10M","name_eng":"Band-I-Amir Gague","name_ru":null,"river":"Balkh","country":"AFG","basin":"BALKH","q_m3s":1.46,"source":"USGS Data Report 529","res":"month","has_ts":true,"ts_start":"1970-01-15","ts_end":"1976-12-15","n_complete":84,"n_miss":7,"n_propmiss":0.08333333333333333,"n_largestgap":7}},{"type":"Feature","id":"ca-discharge:12-0.000-1M","geometry":{"type":"Point","coordinates":[66.95733,36.582037]},"properties":{"code":"12-0.000-1M","name_eng":"Rabat-I-Bala Gague","name_ru":null,"river":"Balkh","country":"AFG","basin":"BALKH","q_m3s":49.2,"source":"USGS Data Report 529","res":"month","has_ts":true,"ts_start":"1964-04-15","ts_end":"1978-12-15","n_complete":177,"n_miss":3,"n_propmiss":0.01694915254237288,"n_largestgap":3}},{"type":"Feature","id":"ca-discharge:12-0.000-9M","geometry":{"type":"Point","coordinates":[67.001436,34.744693]},"properties":{"code":"12-0.000-9M","name_eng":"Nayak Gague","name_ru":null,"river":"Balkh","country":"AFG","basin":"BALKH","q_m3s":5.26,"source":"USGS Data Report 529","res":"month","has_ts":true,"ts_start":"1969-02-15","ts_end":"1978-12-15","n_complete":119,"n_miss":3,"n_propmiss":0.025210084033613446,"n_largestgap":3}},{"type":"Feature","id":"ca-discharge:12-1.R00-1A","geometry":{"type":"Point","coordinates":[66.95012,36.133934]},"properties":{"code":"12-1.R00-1A","name_eng":"Kishandeh Gague","name_ru":null,"river":"Suf","country":"AFG","basin":"BALKH","q_m3s":1.41,"source":"USGS Data Report 529","res":"month","has_ts":true,"ts_start":"1969-02-15","ts_end":"1978-12-15","n_complete":119,"n_miss":3,"n_propmiss":0.025210084033613446,"n_largestgap":3}},{"type":"Feature","id":"ca-discharge:13-0.000-1M","geometry":{"type":"Point","coordinates":[67.69245,36.666289]},"properties":{"code":"13-0.000-1M","name_eng":"Tangi Tashqurghan Gaue","name_ru":null,"river":"Khulm","country":"AFG","basin":"KHULM","q_m3s":2.42,"source":"USGS Data Report 529","res":"month","has_ts":true,"ts_start":"1969-03-15","ts_end":"1978-12-15","n_complete":118,"n_miss":3,"n_propmiss":0.025423728813559324,"n_largestgap":3}},{"type":"Feature","id":"ca-discharge:13-0.000-2M","geometry":{"type":"Point","coordinates":[67.768684,36.586873]},"properties":{"code":"13-0.000-2M","name_eng":"Sayad Gauge","name_ru":null,"river":"Khulm","country":"AFG","basin":"KHULM","q_m3s":2.02,"source":"USGS Data Report 529","res":"month","has_ts":true,"ts_start":"1964-06-15","ts_end":"1978-12-15","n_complete":175,"n_miss":3,"n_propmiss":0.017142857142857144,"n_largestgap":3}},{"type":"Feature","id":"ca-discharge:14-0.000-1M","geometry":{"type":"Point","coordinates":[68.300523,36.984216]},"properties":{"code":"14-0.000-1M","name_eng":"Kunduz River at Kulukh Tepa","name_ru":null,"river":"Kunduz","country":"AFG","basin":"KUNDUZ","q_m3s":106.0,"source":"USGS Data Report 529","res":"month","has_ts":true,"ts_start":"1966-01-15","ts_end":"1978-12-15","n_complete":156,"n_miss":0,"n_propmiss":0.0,"n_largestgap":null}},{"type":"Feature","id":"ca-discharge:14-0.000-2M","geometry":{"type":"Point","coordinates":[68.824793,36.701284]},"properties":{"code":"14-0.000-2M","name_eng":"Kunduz River at Char Dara","name_ru":null,"river":"Kunduz","country":"AFG","basin":"KUNDUZ","q_m3s":53.4,"source":"USGS Data Report 529","res":"month","has_ts":true,"ts_start":"1964-09-15","ts_end":"1978-12-15","n_complete":172,"n_miss":3,"n_propmiss":0.01744186046511628,"n_largestgap":3}},{"type":"Feature","id":"ca-discharge:14-0.000-3M","geometry":{"type":"Point","coordinates":[68.863456,36.361464]},"properties":{"code":"14-0.000-3M","name_eng":"Kunduz River at Gerdab","name_ru":null,"river":"Kunduz","country":"AFG","basin":"KUNDUZ","q_m3s":65.5,"source":"USGS Data Report 529","res":"month","has_ts":true,"ts_start":"1964-05-15","ts_end":"1978-12-15","n_complete":176,"n_miss":3,"n_propmiss":0.017045454545454544,"n_largestgap":3}},{"type":"Feature","id":"ca-discharge:14-0.000-4M","geometry":{"type":"Point","coordinates":[68.676055,36.125798]},"properties":{"code":"14-0.000-4M","name_eng":"Kunduz River at Baghlan","name_ru":null,"river":"Kunduz","country":"AFG","basin":"KUNDUZ","q_m3s":55.0,"source":"USGS Data Report 529","res":"month","has_ts":true,"ts_start":"1968-05-15","ts_end":"1978-12-15","n_complete":128,"n_miss":3,"n_propmiss":0.0234375,"n_largestgap":3}},{"type":"Feature","id":"ca-discharge:14-0.000-5S","geometry":{"type":"Point","coordinates":[68.715654,35.930254]},"properties":{"code":"14-0.000-5S","name_eng":"Kunduz River at Pul-i-Khumri","name_ru":null,"river":"Kunduz","country":"AFG","basin":"KUNDUZ","q_m3s":63.6,"source":"USGS Data Report 529","res":"month","has_ts":true,"ts_start":"1960-01-15","ts_end":"1968-12-15","n_complete":108,"n_miss":7,"n_propmiss":0.06481481481481481,"n_largestgap":7}},{"type":"Feature","id":"ca-discharge:14-0.000-6M","geometry":{"type":"Point","coordinates":[68.600945,35.59272]},"properties":{"code":"14-0.000-6M","name_eng":"Kunduz River at Pul-i-Konda Sang","name_ru":null,"river":"Kunduz","country":"AFG","basin":"KUNDUZ","q_m3s":32.0,"source":"USGS Data Report 529","res":"month","has_ts":true,"ts_start":"1968-01-15","ts_end":"1978-12-15","n_complete":132,"n_miss":0,"n_propmiss":0.0,"n_largestgap":null}},{"type":"Feature","id":"ca-discharge:14-0.000-8M","geometry":{"type":"Point","coordinates":[67.91607,35.299987]},"properties":{"code":"14-0.000-8M","name_eng":"Kunduz River at Dash-i-Safed","name_ru":null,"river":"Kunduz","country":"AFG","basin":"KUNDUZ","q_m3s":10.5,"source":"USGS Data Report 529","res":"month","has_ts":true,"ts_start":"1968-01-15","ts_end":"1978-12-15","n_complete":132,"n_miss":29,"n_propmiss":0.2196969696969697,"n_largestgap":20}},{"type":"Feature","id":"ca-discharge:14-1.1L0-1A","geometry":{"type":"Point","coordinates":[69.250238,36.708362]},"properties":{"code":"14-1.1L0-1A","name_eng":"Bangi Bridge","name_ru":null,"river":"Bangi","country":"AFG","basin":"KUNDUZ","q_m3s":24.5,"source":"USGS Data Report 529","res":"month","has_ts":true,"ts_start":"1964-09-15","ts_end":"1978-12-15","n_complete":172,"n_miss":3,"n_propmiss":0.01744186046511628,"n_largestgap":3}},{"type":"Feature","id":"ca-discharge:14-1.R00-2A","geometry":{"type":"Point","coordinates":[69.197669,36.729195]},"properties":{"code":"14-1.R00-2A","name_eng":"Taloqan River at Pul-i-Chugha","name_ru":null,"river":"Taloqan","country":"AFG","basin":"KUNDUZ","q_m3s":65.1,"source":"USGS Data Report 529","res":"month","has_ts":true,"ts_start":"1960-05-15","ts_end":"1978-12-15","n_complete":224,"n_miss":49,"n_propmiss":0.21875,"n_largestgap":46}},{"type":"Feature","id":"ca-discharge:14-1.R00-5A","geometry":{"type":"Point","coordinates":[69.716435,36.634352]},"properties":{"code":"14-1.R00-5A","name_eng":"Farkhar River Near Taloqan","name_ru":null,"river":"Farkhar","country":"AFG","basin":"KUNDUZ","q_m3s":43.1,"source":"USGS Data Report 529","res":"month","has_ts":true,"ts_start":"1967-01-15","ts_end":"1978-12-15","n_complete":144,"n_miss":2,"n_propmiss":0.013888888888888888,"n_largestgap":2}},{"type":"Feature","id":"ca-discharge:14-5.R00-1A","geometry":{"type":"Point","coordinates":[68.686994,35.606499]},"properties":{"code":"14-5.R00-1A","name_eng":"Andarab River at Doshi","name_ru":null,"river":"Andarab","country":"AFG","basin":"KUNDUZ","q_m3s":34.0,"source":"USGS Data Report 529","res":"month","has_ts":true,"ts_start":"1965-01-15","ts_end":"1978-12-15","n_complete":168,"n_miss":0,"n_propmiss":0.0,"n_largestgap":null}},{"type":"Feature","id":"ca-discharge:14-9.5R0-1T","geometry":{"type":"Point","coordinates":[67.819612,34.820297]},"properties":{"code":"14-9.5R0-1T","name_eng":"Foladi River at Bamyan","name_ru":null,"river":"Foladi","country":"AFG","basin":"KUNDUZ","q_m3s":1.22,"source":"USGS Data Report 529","res":"month","has_ts":true,"ts_start":"1970-01-15","ts_end":"1977-12-15","n_complete":96,"n_miss":8,"n_propmiss":0.08333333333333333,"n_largestgap":5}},{"type":"Feature","id":"ca-discharge:14-9.R00-1A","geometry":{"type":"Point","coordinates":[67.990267,35.259153]},"properties":{"code":"14-9.R00-1A","name_eng":"Bamyan River at Doab","name_ru":null,"river":"Bamyan","country":"AFG","basin":"KUNDUZ","q_m3s":9.03,"source":"USGS Data Report 529","res":"month","has_ts":true,"ts_start":"1969-01-15","ts_end":"1978-12-15","n_complete":120,"n_miss":0,"n_propmiss":0.0,"n_largestgap":null}},{"type":"Feature","id":"ca-discharge:14-9.R00-6T","geometry":{"type":"Point","coordinates":[67.917032,34.812186]},"properties":{"code":"14-9.R00-6T","name_eng":"Bamyan River at Ahangaran","name_ru":null,"river":"Bamyan","country":"AFG","basin":"KUNDUZ","q_m3s":null,"source":"USGS Data Report 529","res":"month","has_ts":true,"ts_start":"1975-05-15","ts_end":"1976-12-15","n_complete":20,"n_miss":8,"n_propmiss":0.4,"n_largestgap":5}},{"type":"Feature","id":"ca-discharge:14-9.R00-8A","geometry":{"type":"Point","coordinates":[67.815161,34.825664]},"properties":{"code":"14-9.R00-8A","name_eng":"Bamyan River at Bamyan","name_ru":null,"river":"Bamyan","country":"AFG","basin":"KUNDUZ","q_m3s":0.96,"source":"USGS Data Report 529","res":"month","has_ts":true,"ts_start":"1970-01-15","ts_end":"1977-12-15","n_complete":96,"n_miss":5,"n_propmiss":0.052083333333333336,"n_largestgap":5}},{"type":"Feature","id":"ca-discharge:15-0.000-1M","geometry":{"type":"Point","coordinates":[69.469752,37.085406]},"properties":{"code":"15-0.000-1M","name_eng":"Kokcha River at Khojaghar","name_ru":null,"river":"Kokcha","country":"AFG","basin":"KOKCHA","q_m3s":198.0,"source":"USGS Data Report 529","res":"month","has_ts":true,"ts_start":"1964-05-15","ts_end":"1978-12-15","n_complete":176,"n_miss":3,"n_propmiss":0.017045454545454544,"n_largestgap":3}},{"type":"Feature","id":"ca-discharge:15-0.000-3M","geometry":{"type":"Point","coordinates":[70.047445,36.958219]},"properties":{"code":"15-0.000-3M","name_eng":"Kokcha River near Keshem","name_ru":null,"river":"Kokcha","country":"AFG","basin":"KOKCHA","q_m3s":160.0,"source":"USGS Data Report 529","res":"month","has_ts":true,"ts_start":"1971-01-15","ts_end":"1978-12-15","n_complete":96,"n_miss":0,"n_propmiss":0.0,"n_largestgap":null}},{"type":"Feature","id":"ca-discharge:15-0.000-6M","geometry":{"type":"Point","coordinates":[70.856471,36.925792]},"properties":{"code":"15-0.000-6M","name_eng":"Kokcha River near Jurm","name_ru":null,"river":"Kokcha","country":"AFG","basin":"KOKCHA","q_m3s":74.1,"source":"USGS Data Report 529","res":"month","has_ts":true,"ts_start":"1971-01-15","ts_end":"1978-12-15","n_complete":96,"n_miss":0,"n_propmiss":0.0,"n_largestgap":null}},{"type":"Feature","id":"ca-discharge:15-1.L00-1A","geometry":{"type":"Point","coordinates":[70.058178,36.922068]},"properties":{"code":"15-1.L00-1A","name_eng":"Keshem River near Keshem","name_ru":null,"river":"Keshem","country":"AFG","basin":"KOKCHA","q_m3s":20.5,"source":"USGS Data Report 529","res":"month","has_ts":true,"ts_start":"1970-01-15","ts_end":"1978-12-15","n_complete":108,"n_miss":1,"n_propmiss":0.009259259259259259,"n_largestgap":1}},{"type":"Feature","id":"ca-discharge:15-10.R00-1A","geometry":{"type":"Point","coordinates":[70.826035,37.014593]},"properties":{"code":"15-10.R00-1A","name_eng":"Warduj River at Shashpul","name_ru":null,"river":"Warduj","country":"AFG","basin":"KOKCHA","q_m3s":52.5,"source":"USGS Data Report 529","res":"month","has_ts":true,"ts_start":"1971-01-15","ts_end":"1978-12-15","n_complete":96,"n_miss":0,"n_propmiss":0.0,"n_largestgap":null}},{"type":"Feature","id":"ca-discharge:15-10.R00-2A","geometry":{"type":"Point","coordinates":[70.909284,36.972724]},"properties":{"code":"15-10.R00-2A","name_eng":"Warduj River near Baharak","name_ru":null,"river":"Warduj","country":"AFG","basin":"KOKCHA","q_m3s":34.8,"source":"USGS Data Report 529","res":"month","has_ts":true,"ts_start":"1969-05-15","ts_end":"1978-12-15","n_complete":116,"n_miss":3,"n_propmiss":0.02586206896551724,"n_largestgap":3}},{"type":"Feature","id":"ca-discharge:15002","geometry":{"type":"Point","coordinates":[78.365118,42.739625]},"properties":{"code":"15002","name_eng":"Tyup Gauge","name_ru":"р.Тюп-с.Тюп","river":"Tyup River","country":"KYG","basin":"ISSYKUL","q_m3s":11.0,"source":"Kyrgyzhydromet","res":null,"has_ts":false,"ts_start":null,"ts_end":null,"n_complete":null,"n_miss":null,"n_propmiss":null,"n_largestgap":null}},{"type":"Feature","id":"ca-discharge:15013","geometry":{"type":"Point","coordinates":[78.92109,42.652788]},"properties":{"code":"15013","name_eng":"Dzhyrgalan - Soviet","name_ru":"р.Джыргалан-Советское","river":"Dzhyrgalan","country":"KYG","basin":"ISSYKUL","q_m3s":4.9,"source":"Kyrgyzhydromet","res":null,"has_ts":false,"ts_start":null,"ts_end":null,"n_complete":null,"n_miss":null,"n_propmiss":null,"n_largestgap":null}},{"type":"Feature","id":"ca-discharge:15016","geometry":{"type":"Point","coordinates":[78.883448,42.585012]},"properties":{"code":"15016","name_eng":"Turgen - Ak Suu","name_ru":"р.Тургень-Ак-Суу","river":"Ak Suu","country":"KYG","basin":"ISSYKUL","q_m3s":6.5,"source":"Kyrgyzhydromet","res":null,"has_ts":false,"ts_start":null,"ts_end":null,"n_complete":null,"n_miss":null,"n_propmiss":null,"n_largestgap":null}},{"type":"Feature","id":"ca-discharge:15020","geometry":{"type":"Point","coordinates":[78.531209,42.471215]},"properties":{"code":"15020","name_eng":"Ak-Suu - Teploklyuchenka","name_ru":"р.Ак Суу - Теплоключенка","river":"Ak Suu","country":"KYG","basin":"ISSYKUL","q_m3s":6.0,"source":"Kyrgyzhydromet","res":null,"has_ts":false,"ts_start":null,"ts_end":null,"n_complete":null,"n_miss":null,"n_propmiss":null,"n_largestgap":null}},{"type":"Feature","id":"ca-discharge:15022","geometry":{"type":"Point","coordinates":[78.537862,42.467058]},"properties":{"code":"15022","name_eng":"Ak-Suu Mouth","name_ru":"Ак-Суу-устье","river":"Ak Suu","country":"KYG","basin":"ISSYKUL","q_m3s":4.44,"source":"Kyrgyzhydromet","res":null,"has_ts":false,"ts_start":null,"ts_end":null,"n_complete":null,"n_miss":null,"n_propmiss":null,"n_largestgap":null}},{"type":"Feature","id":"ca-discharge:15025","geometry":{"type":"Point","coordinates":[78.434206,42.424441]},"properties":{"code":"15025","name_eng":"Karakol - Kashka-Suu","name_ru":"р.Каракол-у.р.Кашка-Суу","river":"Karakol","country":"KYG","basin":"ISSYKUL","q_m3s":6.7,"source":"Kyrgyzhydromet","res":null,"has_ts":false,"ts_start":null,"ts_end":null,"n_complete":null,"n_miss":null,"n_propmiss":null,"n_largestgap":null}},{"type":"Feature","id":"ca-discharge:15030","geometry":{"type":"Point","coordinates":[78.221239,42.363661]},"properties":{"code":"15030","name_eng":"Jety-Oguz - pos.les.","name_ru":"р.Джеты-Огуз-пос.лес.","river":"Jety-Oguz","country":"KYG","basin":"ISSYKUL","q_m3s":6.0,"source":"Kyrgyzhydromet","res":null,"has_ts":false,"ts_start":null,"ts_end":null,"n_complete":null,"n_miss":null,"n_propmiss":null,"n_largestgap":null}},{"type":"Feature","id":"ca-discharge:15034","geometry":{"type":"Point","coordinates":[78.09194,42.300309]},"properties":{"code":"15034","name_eng":"Chon-Kyzyl-Suu - l.k.","name_ru":"р.Чон-Кызыл-Суу-л.к.","river":"Chon-Kyzyl-Suu","country":"KYG","basin":"ISSYKUL","q_m3s":5.3,"source":"Kyrgyzhydromet","res":null,"has_ts":false,"ts_start":null,"ts_end":null,"n_complete":null,"n_miss":null,"n_propmiss":null,"n_largestgap":null}},{"type":"Feature","id":"ca-discharge:15039","geometry":{"type":"Point","coordinates":[78.003278,42.307363]},"properties":{"code":"15039","name_eng":"Kichine Kyzyl Suu,  Pokrovka","name_ru":"р.Кичине Кызыл Суу-с.Покровка","river":"Kichine Kyzyl Suu","country":"KYG","basin":"ISSYKUL","q_m3s":1.33,"source":"Kyrgyzhydromet","res":null,"has_ts":false,"ts_start":null,"ts_end":null,"n_complete":null,"n_miss":null,"n_propmiss":null,"n_largestgap":null}},{"type":"Feature","id":"ca-discharge:15040","geometry":{"type":"Point","coordinates":[77.965829,42.214962]},"properties":{"code":"15040","name_eng":"River Juuku-ur.river Dzhukuchak","name_ru":"р.Джууку-у.р.Джукучак","river":"River Juuku-ur.river Dzhukuchak","country":"KYG","basin":"ISSYKUL","q_m3s":6.6,"source":"Kyrgyzhydromet","res":null,"has_ts":false,"ts_start":null,"ts_end":null,"n_complete":null,"n_miss":null,"n_propmiss":null,"n_largestgap":null}},{"type":"Feature","id":"ca-discharge:15044","geometry":{"type":"Point","coordinates":[77.684255,42.147733]},"properties":{"code":"15044","name_eng":"River Chon-Dzhargylchak-settlement of sawmill","name_ru":"р.Чон-Джаргылчак-пос.лесозавода","river":"Chon-Dzhargylchak","country":"KYG","basin":"ISSYKUL","q_m3s":2.35,"source":"Kyrgyzhydromet","res":null,"has_ts":false,"ts_start":null,"ts_end":null,"n_complete":null,"n_miss":null,"n_propmiss":null,"n_largestgap":null}},{"type":"Feature","id":"ca-discharge:15045","geometry":{"type":"Point","coordinates":[77.59435,42.064588]},"properties":{"code":"15045","name_eng":"r.Barskoon-ur.r.Sasyk","name_ru":"р.Барскоон-у.р.Сасык","river":"Barskoon","country":"KYG","basin":"ISSYKUL","q_m3s":4.17,"source":"Kyrgyzhydromet","res":null,"has_ts":false,"ts_start":null,"ts_end":null,"n_complete":null,"n_miss":null,"n_propmiss":null,"n_largestgap":null}},{"type":"Feature","id":"ca-discharge:15049","geometry":{"type":"Point","coordinates":[77.391277,42.126512]},"properties":{"code":"15049","name_eng":"r. Tosor-ur. r. Kodol","name_ru":"р.Тосор-у.р.Кодол","river":"Tosor","country":"KYG","basin":"ISSYKUL","q_m3s":2.32,"source":"Kyrgyzhydromet","res":null,"has_ts":false,"ts_start":null,"ts_end":null,"n_complete":null,"n_miss":null,"n_propmiss":null,"n_largestgap":null}},{"type":"Feature","id":"ca-discharge:15051","geometry":{"type":"Point","coordinates":[76.98433,42.072072]},"properties":{"code":"15051","name_eng":"Ton - s.Tuura-Suu","name_ru":"р.Тон-с.Туура-Суу","river":"Ton","country":"KYG","basin":"ISSYKUL","q_m3s":2.3,"source":"Kyrgyzhydromet","res":null,"has_ts":false,"ts_start":null,"ts_end":null,"n_complete":null,"n_miss":null,"n_propmiss":null,"n_largestgap":null}},{"type":"Feature","id":"ca-discharge:15054","geometry":{"type":"Point","coordinates":[76.835887,42.102165]},"properties":{"code":"15054","name_eng":"Ak-Sai Kok-Sai","name_ru":"р.Ак-Сай-с.Кок-Сай","river":"Ai-Sai","country":"KYG","basin":"ISSYKUL","q_m3s":3.2,"source":"Kyrgyzhydromet","res":null,"has_ts":false,"ts_start":null,"ts_end":null,"n_complete":null,"n_miss":null,"n_propmiss":null,"n_largestgap":null}},{"type":"Feature","id":"ca-discharge:15057","geometry":{"type":"Point","coordinates":[76.658153,42.151133]},"properties":{"code":"15057","name_eng":"r.Ak-Terek-s.Kyzyl-Tuu","name_ru":"р.Ак-Терек-с.Кызыл-Туу","river":"Ak Terek","country":"KYG","basin":"ISSYKUL","q_m3s":2.91,"source":"Kyrgyzhydromet","res":null,"has_ts":false,"ts_start":null,"ts_end":null,"n_complete":null,"n_miss":null,"n_propmiss":null,"n_largestgap":null}},{"type":"Feature","id":"ca-discharge:15064","geometry":{"type":"Point","coordinates":[76.398063,42.633566]},"properties":{"code":"15064","name_eng":"river Toru-Aigyr-U.R. Kyzyl-Bulak","name_ru":"р.Тору-Айгыр-у.р.Кызыл-Булак","river":"river Toru-Aigyr-U.R. Kyzyl-Bulak","country":"KYG","basin":"ISSYKUL","q_m3s":0.68,"source":"Kyrgyzhydromet","res":null,"has_ts":false,"ts_start":null,"ts_end":null,"n_complete":null,"n_miss":null,"n_propmiss":null,"n_largestgap":null}},{"type":"Feature","id":"ca-discharge:15069","geometry":{"type":"Point","coordinates":[76.953199,42.676238]},"properties":{"code":"15069","name_eng":"r.Chon-Koy-Suu-s.Sary-Oi","name_ru":"р.Чон-Кой-Суу-с.Сары-Ой","river":"r.Chon-Koy-Suu","country":"KYG","basin":"ISSYKUL","q_m3s":1.42,"source":"Kyrgyzhydromet","res":null,"has_ts":false,"ts_start":null,"ts_end":null,"n_complete":null,"n_miss":null,"n_propmiss":null,"n_largestgap":null}},{"type":"Feature","id":"ca-discharge:15070","geometry":{"type":"Point","coordinates":[77.038735,42.696325]},"properties":{"code":"15070","name_eng":"Cholpon-Ata","name_ru":"р.Чолпон-Ата-свз.Чолпон-Ата","river":"river Cholpon-Ata-sv.Cholpon-Ata","country":"KYG","basin":"ISSYKUL","q_m3s":1.37,"source":"Kyrgyzhydromet","res":null,"has_ts":false,"ts_start":null,"ts_end":null,"n_complete":null,"n_miss":null,"n_propmiss":null,"n_largestgap":null}},{"type":"Feature","id":"ca-discharge:15081","geometry":{"type":"Point","coordinates":[77.477098,42.76168]},"properties":{"code":"15081","name_eng":"Chon-Ak-Suu - s.Grigorievka","name_ru":"р.Чон-Ак-Суу-с.Григорьевка","river":"Chon-Ak-Suu","country":"KYG","basin":"ISSYKUL","q_m3s":5.3,"source":"Kyrgyzhydromet","res":null,"has_ts":false,"ts_start":null,"ts_end":null,"n_complete":null,"n_miss":null,"n_propmiss":null,"n_largestgap":null}},{"type":"Feature","id":"ca-discharge:15083","geometry":{"type":"Point","coordinates":[77.526306,42.764298]},"properties":{"code":"15083","name_eng":"Ak-Suu - Semenovka","name_ru":"р.Ак-Суу-Семеновка","river":"Ak-Suu","country":"KYG","basin":"ISSYKUL","q_m3s":3.6,"source":"Kyrgyzhydromet","res":null,"has_ts":false,"ts_start":null,"ts_end":null,"n_complete":null,"n_miss":null,"n_propmiss":null,"n_largestgap":null}},{"type":"Feature","id":"ca-discharge:15090","geometry":{"type":"Point","coordinates":[77.851325,42.782636]},"properties":{"code":"15090","name_eng":"r.Chon-Oruktu-stud farm","name_ru":"р.Чон-Орукту-конезавод","river":"Chon-Oruktu","country":"KYG","basin":"ISSYKUL","q_m3s":1.46,"source":"Kyrgyzhydromet","res":null,"has_ts":false,"ts_start":null,"ts_end":null,"n_complete":null,"n_miss":null,"n_propmiss":null,"n_largestgap":null}},{"type":"Feature","id":"ca-discharge:15102","geometry":{"type":"Point","coordinates":[75.840536,42.261541]},"properties":{"code":"15102","name_eng":"Chu - s.Kochkorka","name_ru":"р.Чу-с.Кочкорка","river":"Chu","country":"KYG","basin":"CHU","q_m3s":28.5,"source":"Kyrgyzhydromet","res":"decade","has_ts":true,"ts_start":"1971-01-05","ts_end":"2019-02-05","n_complete":1732,"n_miss":181,"n_propmiss":0.10450346420323325,"n_largestgap":72}},{"type":"Feature","id":"ca-discharge:15149","geometry":{"type":"Point","coordinates":[75.895037,42.691175]},"properties":{"code":"15149","name_eng":"Chon Kemin Estuary","name_ru":"р.Чон-Кемин-устье","river":"Chon Kemin","country":"KYG","basin":"CHU","q_m3s":22.0,"source":"Kyrgyzhydromet","res":"decade","has_ts":true,"ts_start":"1971-01-05","ts_end":"2019-02-05","n_complete":1732,"n_miss":218,"n_propmiss":0.1258660508083141,"n_largestgap":86}},{"type":"Feature","id":"ca-discharge:15171","geometry":{"type":"Point","coordinates":[75.150754,42.641931]},"properties":{"code":"15171","name_eng":"Kegety - l.k.","name_ru":"р.Кегеты-л.к.","river":"Kegetey","country":"KYG","basin":"CHU","q_m3s":2.2,"source":"Kyrgyzhydromet","res":"decade","has_ts":true,"ts_start":"1970-01-05","ts_end":"2019-02-05","n_complete":1768,"n_miss":440,"n_propmiss":0.248868778280543,"n_largestgap":336}},{"type":"Feature","id":"ca-discharge:15189","geometry":{"type":"Point","coordinates":[74.664382,42.696809]},"properties":{"code":"15189","name_eng":"Alamedin","name_ru":"р.Аламедин-у.р.Чункурчак","river":"Alamedin","country":"KYG","basin":"CHU","q_m3s":5.9,"source":"Kyrgyzhydromet","res":"decade","has_ts":true,"ts_start":"1971-01-05","ts_end":"2019-02-05","n_complete":1732,"n_miss":206,"n_propmiss":0.11893764434180139,"n_largestgap":108}},{"type":"Feature","id":"ca-discharge:15194","geometry":{"type":"Point","coordinates":[74.501229,42.659775]},"properties":{"code":"15194","name_eng":"Ala-Archa - Kashka-Suu","name_ru":"р.Ала-Арча-у.р.Кашка-Суу","river":"Ala Archa","country":"KYG","basin":"CHU","q_m3s":4.7,"source":"Kyrgyzhydromet","res":"decade","has_ts":true,"ts_start":"1970-01-05","ts_end":"2019-02-05","n_complete":1768,"n_miss":121,"n_propmiss":0.06843891402714933,"n_largestgap":50}},{"type":"Feature","id":"ca-discharge:15212","geometry":{"type":"Point","coordinates":[74.008362,42.613127]},"properties":{"code":"15212","name_eng":"Ak-Suu-s. Chon-Aryk","name_ru":"р.Ак-Суу-с.Чон-Арык","river":"Aksu","country":"KYG","basin":"CHU","q_m3s":5.3,"source":"Kyrgyzhydromet","res":"decade","has_ts":true,"ts_start":"1970-01-05","ts_end":"2019-02-05","n_complete":1768,"n_miss":458,"n_propmiss":0.25904977375565613,"n_largestgap":345}},{"type":"Feature","id":"ca-discharge:15214","geometry":{"type":"Point","coordinates":[74.238596,42.640614]},"properties":{"code":"15214","name_eng":"Sokuluk - s. Belogorka","name_ru":"р.Сокулук-с.Белогорка","river":"Sokuluk","country":"KYG","basin":"CHU","q_m3s":5.3,"source":"Kyrgyzhydromet","res":"decade","has_ts":true,"ts_start":"1971-01-05","ts_end":"2019-02-05","n_complete":1732,"n_miss":134,"n_propmiss":0.07736720554272518,"n_largestgap":50}},{"type":"Feature","id":"ca-discharge:15215","geometry":{"type":"Point","coordinates":[73.897577,42.645837]},"properties":{"code":"15215","name_eng":"Kara-Balta - Sosnovka","name_ru":"р.Кара-Балта-Сосновка","river":"Kara Balta","country":"KYG","basin":"CHU","q_m3s":5.3,"source":"Kyrgyzhydromet","res":"decade","has_ts":true,"ts_start":"1971-01-05","ts_end":"2019-02-05","n_complete":1732,"n_miss":441,"n_propmiss":0.2546189376443418,"n_largestgap":252}},{"type":"Feature","id":"ca-discharge:15216","geometry":{"type":"Point","coordinates":[73.780882,42.650778]},"properties":{"code":"15216","name_eng":"Chon-Kaindy - Chon-Kaindy","name_ru":"р.Чон-Каинды-ущ.Чон-Каинды","river":"Kaindy","country":"KYG","basin":"CHU","q_m3s":2.2,"source":"Kyrgyzhydromet","res":null,"has_ts":false,"ts_start":null,"ts_end":null,"n_complete":null,"n_miss":null,"n_propmiss":null,"n_largestgap":null}},{"type":"Feature","id":"ca-discharge:15256","geometry":{"type":"Point","coordinates":[73.119515,42.499529]},"properties":{"code":"15256","name_eng":"Talas Ak-Tash","name_ru":"р.Талас-Ак-Таш","river":"Talas","country":"KYG","basin":"TALAS","q_m3s":8.3,"source":"Kyrgyzhydromet","res":"decade","has_ts":true,"ts_start":"1971-01-05","ts_end":"2019-01-05","n_complete":1729,"n_miss":102,"n_propmiss":0.058993637941006365,"n_largestgap":50}},{"type":"Feature","id":"ca-discharge:15259","geometry":{"type":"Point","coordinates":[72.531235,42.48948]},"properties":{"code":"15259","name_eng":"Talas Uch-Koshoy","name_ru":"р.Талас-2,6км  у.р.Уч Кошой","river":"Talas","country":"KYG","basin":"TALAS","q_m3s":16.2,"source":"Kyrgyzhydromet","res":"decade","has_ts":true,"ts_start":"1970-01-05","ts_end":"2019-02-05","n_complete":1768,"n_miss":114,"n_propmiss":0.06447963800904978,"n_largestgap":59}},{"type":"Feature","id":"ca-discharge:15261","geometry":{"type":"Point","coordinates":[71.821257,42.583016]},"properties":{"code":"15261","name_eng":"Talas - S.Klyuchevka","name_ru":"р.Талас - с.Ключевка","river":"Talas","country":"KYG","basin":"TALAS","q_m3s":20.3,"source":"Kyrgyzhydromet","res":"decade","has_ts":true,"ts_start":"1976-01-05","ts_end":"2019-02-05","n_complete":1552,"n_miss":104,"n_propmiss":0.06701030927835051,"n_largestgap":50}},{"type":"Feature","id":"ca-discharge:15278","geometry":{"type":"Point","coordinates":[72.744292,42.451194]},"properties":{"code":"15278","name_eng":"r.Uch-Koshoy-s.Kara-Oy","name_ru":"р.Уч-Кошой-с.Кара-Ой","river":"Uch-Koshoy","country":"KYG","basin":"TALAS","q_m3s":9.39,"source":"Kyrgyzhydromet","res":null,"has_ts":false,"ts_start":null,"ts_end":null,"n_complete":null,"n_miss":null,"n_propmiss":null,"n_largestgap":null}},{"type":"Feature","id":"ca-discharge:15283","geometry":{"type":"Point","coordinates":[72.279981,42.384397]},"properties":{"code":"15283","name_eng":"Besh-Tash - Saz","name_ru":"р.Беш-Таш-гол.ар.Саз","river":null,"country":"KYG","basin":"TALAS","q_m3s":3.8,"source":"Kyrgyzhydromet","res":"decade","has_ts":true,"ts_start":"1970-01-05","ts_end":"2017-04-15","n_complete":1703,"n_miss":110,"n_propmiss":0.06459189665296536,"n_largestgap":90}},{"type":"Feature","id":"ca-discharge:15285","geometry":{"type":"Point","coordinates":[71.980756,42.375466]},"properties":{"code":"15285","name_eng":"Ur-Maral - October","name_ru":"р.Ур-Марал-Октябрьское","river":null,"country":"KYG","basin":"TALAS","q_m3s":9.4,"source":"Kyrgyzhydromet","res":"decade","has_ts":true,"ts_start":"1971-01-05","ts_end":"2016-10-05","n_complete":1648,"n_miss":90,"n_propmiss":0.05461165048543689,"n_largestgap":90}},{"type":"Feature","id":"ca-discharge:15287","geometry":{"type":"Point","coordinates":[71.8381,42.41691]},"properties":{"code":"15287","name_eng":"Kumush-Too - Zhany","name_ru":"р.Кюмюш-Тоо-гол.ар.Жаны","river":null,"country":"KYG","basin":"TALAS","q_m3s":2.7,"source":"Kyrgyzhydromet","res":"decade","has_ts":true,"ts_start":"1971-01-05","ts_end":"2017-04-15","n_complete":1667,"n_miss":111,"n_propmiss":0.0665866826634673,"n_largestgap":90}},{"type":"Feature","id":"ca-discharge:15290","geometry":{"type":"Point","coordinates":[71.554961,42.507323]},"properties":{"code":"15290","name_eng":"r.Kara-Buura-klh.named after Kirov","name_ru":"р.Кара-Буура-клх.им.Кирова","river":"Kara Buura","country":"KYG","basin":"TALAS","q_m3s":3.73,"source":"Kyrgyzhydromet","res":null,"has_ts":false,"ts_start":null,"ts_end":null,"n_complete":null,"n_miss":null,"n_propmiss":null,"n_largestgap":null}},{"type":"Feature","id":"ca-discharge:15292","geometry":{"type":"Point","coordinates":[71.625494,42.593076]},"properties":{"code":"15292","name_eng":"Kirovski Rodniki","name_ru":"pод.Кировские - устье","river":null,"country":"KYG","basin":"TALAS","q_m3s":0.94,"source":"Kyrgyzhydromet","res":null,"has_ts":false,"ts_start":null,"ts_end":null,"n_complete":null,"n_miss":null,"n_propmiss":null,"n_largestgap":null}},{"type":"Feature","id":"ca-discharge:15312","geometry":{"type":"Point","coordinates":[71.120847,42.482864]},"properties":{"code":"15312","name_eng":"Kyurkureo-Suu - Chunkurchak","name_ru":"р.Кюркюрео-Суу-уроч.Чункурчак","river":null,"country":"KYG","basin":"TALAS","q_m3s":6.4,"source":"Kyrgyzhydromet","res":null,"has_ts":false,"ts_start":null,"ts_end":null,"n_complete":null,"n_miss":null,"n_propmiss":null,"n_largestgap":null}},{"type":"Feature","id":"ca-discharge:16055","geometry":{"type":"Point","coordinates":[76.021917,41.423815]},"properties":{"code":"16055","name_eng":"Naryn - Naryn","name_ru":"Нарын-Нары","river":"Naryn","country":"KYG","basin":"NARYN","q_m3s":92.6,"source":"Kyrgyzhydromet","res":"day","has_ts":true,"ts_start":"1936-03-30","ts_end":"2019-01-25","n_complete":30252,"n_miss":429,"n_propmiss":0.014180880602935344,"n_largestgap":264}},{"type":"Feature","id":"ca-discharge:16057","geometry":{"type":"Point","coordinates":[73.97368,41.459894]},"properties":{"code":"16057","name_eng":"Naryn-Kekirim mouth","name_ru":"Нарын-Кеки","river":"Naryn","country":"KYG","basin":"NARYN","q_m3s":203.0,"source":"Surface Water Resources, Vol. 14, Issue 1","res":null,"has_ts":false,"ts_start":null,"ts_end":null,"n_complete":null,"n_miss":null,"n_propmiss":null,"n_largestgap":null}},{"type":"Feature","id":"ca-discharge:16059","geometry":{"type":"Point","coordinates":[73.295245,41.770022]},"properties":{"code":"16059","name_eng":"Naryn - Uch Terek","name_ru":"Нарын-Уч-Т","river":"Naryn","country":"KYG","basin":"NARYN","q_m3s":324.0,"source":"Kyrgyzhydromet","res":null,"has_ts":false,"ts_start":null,"ts_end":null,"n_complete":null,"n_miss":null,"n_propmiss":null,"n_largestgap":null}},{"type":"Feature","id":"ca-discharge:16068","geometry":{"type":"Point","coordinates":[76.424681,41.495577]},"properties":{"code":"16068","name_eng":"Big Naryn-Mouth","name_ru":"Б.Нарын - Ус","river":"Big Naryn","country":"KYG","basin":"NARYN","q_m3s":45.6,"source":"Kyrgyzhydromet","res":"day","has_ts":true,"ts_start":"1937-01-02","ts_end":"2019-02-05","n_complete":29985,"n_miss":4859,"n_propmiss":0.16204769051192264,"n_largestgap":2028}},{"type":"Feature","id":"ca-discharge:16070","geometry":{"type":"Point","coordinates":[76.423698,41.49744]},"properties":{"code":"16070","name_eng":"Small Naryn-Mouth","name_ru":"МюНарын-Ус","river":"Small Naryn","country":"KYG","basin":"NARYN","q_m3s":41.5,"source":"Kyrgyzhydromet","res":"day","has_ts":true,"ts_start":"1939-01-02","ts_end":"2008-12-31","n_complete":25567,"n_miss":944,"n_propmiss":0.03692259553330465,"n_largestgap":365}},{"type":"Feature","id":"ca-discharge:16070","geometry":{"type":"Point","coordinates":[76.423698,41.49744]},"properties":{"code":"16070","name_eng":"Small Naryn-Mouth","name_ru":"МюНарын-Ус","river":"Small Naryn","country":"KYG","basin":"NARYN","q_m3s":41.5,"source":"Kyrgyzhydromet","res":"decade","has_ts":true,"ts_start":"2000-01-05","ts_end":"2019-02-05","n_complete":688,"n_miss":230,"n_propmiss":0.33430232558139533,"n_largestgap":199}},{"type":"Feature","id":"ca-discharge:16072","geometry":{"type":"Point","coordinates":[75.865153,41.569218]},"properties":{"code":"16072","name_eng":"Onarcha - Onarcha below Ottuk Mouth","name_ru":"Онарча - Он","river":"Onarcha","country":"KYG","basin":"NARYN","q_m3s":9.91,"source":"Surface Water Resources, Vol. 14, Issue 1","res":null,"has_ts":false,"ts_start":null,"ts_end":null,"n_complete":null,"n_miss":null,"n_propmiss":null,"n_largestgap":null}},{"type":"Feature","id":"ca-discharge:16074","geometry":{"type":"Point","coordinates":[75.795326,41.566186]},"properties":{"code":"16074","name_eng":"Djergetal-Djergetal","name_ru":"Джергетал-","river":"Djergetal","country":"KYG","basin":"NARYN","q_m3s":0.98,"source":"Surface Water Resources, Vol. 14, Issue 1","res":null,"has_ts":false,"ts_start":null,"ts_end":null,"n_complete":null,"n_miss":null,"n_propmiss":null,"n_largestgap":null}},{"type":"Feature","id":"ca-discharge:16075","geometry":{"type":"Point","coordinates":[75.674352,41.427503]},"properties":{"code":"16075","name_eng":"Kekdjerty-Aktala","name_ru":"Кекджерты-","river":"Kekdjerty","country":"KYG","basin":"NARYN","q_m3s":5.22,"source":"Surface Water Resources, Vol. 14, Issue 1","res":null,"has_ts":false,"ts_start":null,"ts_end":null,"n_complete":null,"n_miss":null,"n_propmiss":null,"n_largestgap":null}},{"type":"Feature","id":"ca-discharge:16076","geometry":{"type":"Point","coordinates":[76.377203,41.246695]},"properties":{"code":"16076","name_eng":"Atbaschi-IchkeKamand","name_ru":"Атбаши-Ичк","river":"Atbaschi","country":"KYG","basin":"NARYN","q_m3s":16.36,"source":"Kyrgyzhydromet","res":"month","has_ts":true,"ts_start":"1970-01-15","ts_end":"1995-08-15","n_complete":308,"n_miss":0,"n_propmiss":0.0,"n_largestgap":null}},{"type":"Feature","id":"ca-discharge:16080","geometry":{"type":"Point","coordinates":[74.286549,41.067785]},"properties":{"code":"16080","name_eng":"Alabuga-Koshtyube","name_ru":"Алабуга-Ко","river":"Alabuga","country":"KYG","basin":"NARYN","q_m3s":21.0,"source":"Surface Water Resources, Vol. 14, Issue 1","res":null,"has_ts":false,"ts_start":null,"ts_end":null,"n_complete":null,"n_miss":null,"n_propmiss":null,"n_largestgap":null}},{"type":"Feature","id":"ca-discharge:16081","geometry":{"type":"Point","coordinates":[73.96563,41.448539]},"properties":{"code":"16081","name_eng":"Kekirim-Kara-Tabylga","name_ru":"Кекирим-Ка","river":"Kekirim","country":"KYG","basin":"NARYN","q_m3s":21.8,"source":"Surface Water Resources, Vol. 14, Issue 1","res":null,"has_ts":false,"ts_start":null,"ts_end":null,"n_complete":null,"n_miss":null,"n_propmiss":null,"n_largestgap":null}},{"type":"Feature","id":"ca-discharge:16082","geometry":{"type":"Point","coordinates":[74.014845,42.143241]},"properties":{"code":"16082","name_eng":"Kekemeren-6 km Karakol","name_ru":"Кекемерен-6","river":"Kekemeren","country":"KYG","basin":"NARYN","q_m3s":38.0,"source":"Surface Water Resources, Vol. 14, Issue 1","res":null,"has_ts":false,"ts_start":null,"ts_end":null,"n_complete":null,"n_miss":null,"n_propmiss":null,"n_largestgap":null}},{"type":"Feature","id":"ca-discharge:16085","geometry":{"type":"Point","coordinates":[74.338486,41.848619]},"properties":{"code":"16085","name_eng":"Kekemeren-0.5 km Djumgol","name_ru":"Кекемерен-0","river":"Kekemeren","country":"KYG","basin":"NARYN","q_m3s":79.3,"source":"Surface Water Resources, Vol. 14, Issue 1","res":null,"has_ts":false,"ts_start":null,"ts_end":null,"n_complete":null,"n_miss":null,"n_propmiss":null,"n_largestgap":null}},{"type":"Feature","id":"ca-discharge:16087","geometry":{"type":"Point","coordinates":[74.071703,42.128131]},"properties":{"code":"16087","name_eng":"Karakol-Mouth","name_ru":"Каракол-Ус","river":"Karakol West","country":"KYG","basin":"NARYN","q_m3s":19.7,"source":"Surface Water Resources, Vol. 14, Issue 1","res":null,"has_ts":false,"ts_start":null,"ts_end":null,"n_complete":null,"n_miss":null,"n_propmiss":null,"n_largestgap":null}},{"type":"Feature","id":"ca-discharge:16088","geometry":{"type":"Point","coordinates":[74.506117,41.921702]},"properties":{"code":"16088","name_eng":"Djumgol-Chaek","name_ru":"Джумгол-Ча","river":"Djumgol","country":"KYG","basin":"NARYN","q_m3s":10.3,"source":"Surface Water Resources, Vol. 14, Issue 1","res":null,"has_ts":false,"ts_start":null,"ts_end":null,"n_complete":null,"n_miss":null,"n_propmiss":null,"n_largestgap":null}},{"type":"Feature","id":"ca-discharge:16093","geometry":{"type":"Point","coordinates":[73.147185,41.824095]},"properties":{"code":"16093","name_eng":"Torkent-Torkent","name_ru":"Торкент-То","river":"Torkent","country":"KYG","basin":"NARYN","q_m3s":7.6,"source":"Surface Water Resources, Vol. 14, Issue 1","res":"decade","has_ts":true,"ts_start":"1966-03-05","ts_end":"1993-05-25","n_complete":981,"n_miss":171,"n_propmiss":0.1743119266055046,"n_largestgap":171}},{"type":"Feature","id":"ca-discharge:16096","geometry":{"type":"Point","coordinates":[72.885345,41.933216]},"properties":{"code":"16096","name_eng":"Chichkan-Chon-Chichkan","name_ru":"Чичичкан-Ч","river":"Chichkan","country":"KYG","basin":"NARYN","q_m3s":18.0,"source":"Surface Water Resources, Vol. 14, Issue 1","res":"decade","has_ts":true,"ts_start":"1966-02-15","ts_end":"2019-01-25","n_complete":1907,"n_miss":510,"n_propmiss":0.26743576297850025,"n_largestgap":262}},{"type":"Feature","id":"ca-discharge:16100","geometry":{"type":"Point","coordinates":[72.644404,41.895203]},"properties":{"code":"16100","name_eng":"Uzunakhmat-Ustasay","name_ru":"Узунахмат-","river":"Uzunakhmat","country":"KYG","basin":"NARYN","q_m3s":28.9,"source":"Surface Water Resources, Vol. 14, Issue 1","res":"decade","has_ts":true,"ts_start":"2000-01-05","ts_end":"2019-02-05","n_complete":688,"n_miss":246,"n_propmiss":0.35755813953488375,"n_largestgap":199}},{"type":"Feature","id":"ca-discharge:16101","geometry":{"type":"Point","coordinates":[72.63989,41.624297]},"properties":{"code":"16101","name_eng":"Karasu Left - Mouth","name_ru":"Карасу левая - устье","river":"Karasu Left","country":"KYG","basin":"SYR_DARYA","q_m3s":11.4,"source":"Kyrgyzhydromet","res":"decade","has_ts":true,"ts_start":"2000-01-05","ts_end":"2019-01-25","n_complete":687,"n_miss":305,"n_propmiss":0.44395924308588064,"n_largestgap":199}},{"type":"Feature","id":"ca-discharge:16103","geometry":{"type":"Point","coordinates":[72.20285,41.426587]},"properties":{"code":"16103","name_eng":"Karasu Right - Mouth","name_ru":"Карасу пра","river":"Karasu Right","country":"KYG","basin":"NARYN","q_m3s":39.6,"source":"Surface Water Resources, Vol. 14, Issue 1","res":null,"has_ts":false,"ts_start":null,"ts_end":null,"n_complete":null,"n_miss":null,"n_propmiss":null,"n_largestgap":null}},{"type":"Feature","id":"ca-discharge:16105","geometry":{"type":"Point","coordinates":[71.961635,41.647397]},"properties":{"code":"16105","name_eng":"Aflatun-Aflatun","name_ru":"Афлатун-Аф","river":"Aflatun","country":"KYG","basin":"NARYN","q_m3s":11.0,"source":"Surface Water Resources, Vol. 14, Issue 1","res":"decade","has_ts":true,"ts_start":"1936-01-05","ts_end":"2019-01-05","n_complete":2989,"n_miss":468,"n_propmiss":0.15657410505185682,"n_largestgap":395}},{"type":"Feature","id":"ca-discharge:16107","geometry":{"type":"Point","coordinates":[73.285167,40.760992]},"properties":{"code":"16107","name_eng":"Karadariya - Uzgen","name_ru":"Карадарья - Узген","river":"Karadariya","country":"KYG","basin":"SYR_DARYA","q_m3s":null,"source":"UZB HM","res":"decade","has_ts":true,"ts_start":"1970-05-25","ts_end":"1992-02-25","n_complete":784,"n_miss":3,"n_propmiss":0.003826530612244898,"n_largestgap":3}},{"type":"Feature","id":"ca-discharge:16121","geometry":{"type":"Point","coordinates":[73.714535,40.569536]},"properties":{"code":"16121","name_eng":"Tar - Chalma","name_ru":"Тар - Чалма","river":"Tar","country":"KYG","basin":"SYR_DARYA","q_m3s":49.2,"source":"Kyrgyzhydromet","res":"decade","has_ts":true,"ts_start":"1938-04-25","ts_end":"2019-01-05","n_complete":2906,"n_miss":211,"n_propmiss":0.07260839642119753,"n_largestgap":126}},{"type":"Feature","id":"ca-discharge:16124","geometry":{"type":"Point","coordinates":[73.851906,40.656576]},"properties":{"code":"16124","name_eng":"Karakuldzha - Aktash","name_ru":"Каракульджа - Акташ","river":"Karakuldja","country":"KYG","basin":"SYR_DARYA","q_m3s":21.9,"source":"Surface Water Resources, Vol. 14, Issue 1","res":"decade","has_ts":true,"ts_start":"1938-04-25","ts_end":"2008-04-25","n_complete":2521,"n_miss":432,"n_propmiss":0.171360571201904,"n_largestgap":165}},{"type":"Feature","id":"ca-discharge:16127","geometry":{"type":"Point","coordinates":[73.625964,40.842353]},"properties":{"code":"16127","name_eng":"Yassi - Salamalik","name_ru":"Яссы - Саламалик","river":"Yassi","country":"KYG","basin":"SYR_DARYA","q_m3s":22.4,"source":"Kyrgyzhydromet","res":"decade","has_ts":true,"ts_start":"1936-10-05","ts_end":"2019-02-05","n_complete":2965,"n_miss":329,"n_propmiss":0.11096121416526138,"n_largestgap":130}},{"type":"Feature","id":"ca-discharge:16133","geometry":{"type":"Point","coordinates":[73.592679,40.78966]},"properties":{"code":"16133","name_eng":"Kulduk - Cary-Bulak","name_ru":"Кульдук - Сары-Булак","river":"Kulduk","country":null,"basin":"SYR_DARYA","q_m3s":2.7,"source":null,"res":"decade","has_ts":true,"ts_start":"1937-01-05","ts_end":"1994-04-25","n_complete":2064,"n_miss":96,"n_propmiss":0.046511627906976744,"n_largestgap":15}},{"type":"Feature","id":"ca-discharge:16134","geometry":{"type":"Point","coordinates":[73.547109,40.850898]},"properties":{"code":"16134","name_eng":"Donguztau - Donguztau","name_ru":"Донгузтау - Доргузтау","river":"Donguztau","country":"KYG","basin":"SYR_DARYA","q_m3s":2.7,"source":"Kyrgyzhydromet","res":"decade","has_ts":true,"ts_start":"1930-04-05","ts_end":"2019-01-05","n_complete":3196,"n_miss":305,"n_propmiss":0.09543178973717147,"n_largestgap":51}},{"type":"Feature","id":"ca-discharge:16135","geometry":{"type":"Point","coordinates":[73.492502,40.902566]},"properties":{"code":"16135","name_eng":"Zerger - Tassay","name_ru":"Зерггер - Тассай","river":"Zerger","country":"KYG","basin":"SYR_DARYA","q_m3s":3.0,"source":"Kyrgyzhydromet","res":"decade","has_ts":true,"ts_start":"2000-01-05","ts_end":"2019-02-05","n_complete":688,"n_miss":247,"n_propmiss":0.35901162790697677,"n_largestgap":218}},{"type":"Feature","id":"ca-discharge:16136","geometry":{"type":"Point","coordinates":[73.468737,40.30018]},"properties":{"code":"16136","name_eng":"Kurshab - Gulcha","name_ru":"Куршаб - Гульча","river":"Kurshab","country":"KYG","basin":"SYR_DARYA","q_m3s":18.7,"source":"Kyrgyzhydromet","res":"decade","has_ts":true,"ts_start":"1931-01-05","ts_end":"2019-01-05","n_complete":3169,"n_miss":214,"n_propmiss":0.06752918901861786,"n_largestgap":70}},{"type":"Feature","id":"ca-discharge:16137","geometry":{"type":"Point","coordinates":[73.133951,40.556696]},"properties":{"code":"16137","name_eng":"Kurshab - Kochkor-Ata","name_ru":"Куршаб - Кочкор-Ата","river":"Kurshab","country":"KYG","basin":"SYR_DARYA","q_m3s":26.2,"source":"Surface Water Resources, Vol. 14, Issue 1","res":"decade","has_ts":true,"ts_start":"1936-01-05","ts_end":"1992-12-25","n_complete":2052,"n_miss":865,"n_propmiss":0.4215399610136452,"n_largestgap":821}},{"type":"Feature","id":"ca-discharge:16139","geometry":{"type":"Point","coordinates":[73.196574,41.157767]},"properties":{"code":"16139","name_eng":"Kugart - Mikhaylovskoe","name_ru":"Кугарт - Михайловское","river":"Kugart","country":"KYG","basin":"SYR_DARYA","q_m3s":18.4,"source":"Kyrgyzhydromet","res":"decade","has_ts":true,"ts_start":"1925-02-15","ts_end":"2019-02-05","n_complete":3384,"n_miss":309,"n_propmiss":0.09131205673758866,"n_largestgap":165}},{"type":"Feature","id":"ca-discharge:16143","geometry":{"type":"Point","coordinates":[73.110871,40.872703]},"properties":{"code":"16143","name_eng":"Changet - Changet","name_ru":"Чангет - Чангет","river":"Changet","country":"KYG","basin":"SYR_DARYA","q_m3s":2.5,"source":"Kyrgyzhydromet","res":"decade","has_ts":true,"ts_start":"1931-03-05","ts_end":"2019-02-05","n_complete":3166,"n_miss":101,"n_propmiss":0.031901452937460516,"n_largestgap":25}},{"type":"Feature","id":"ca-discharge:16146","geometry":{"type":"Point","coordinates":[73.001772,41.245756]},"properties":{"code":"16146","name_eng":"Tentyaksay - Charvak","name_ru":"Тентяксай - Чарвак","river":"Tentyzksay","country":"KYG","basin":"SYR_DARYA","q_m3s":28.5,"source":"Kyrgyzhydromet","res":"decade","has_ts":true,"ts_start":"1925-03-05","ts_end":"2019-01-25","n_complete":3381,"n_miss":482,"n_propmiss":0.14256137237503697,"n_largestgap":169}},{"type":"Feature","id":"ca-discharge:16151","geometry":{"type":"Point","coordinates":[72.475215,41.28359]},"properties":{"code":"16151","name_eng":"Maylisu - Kayragach","name_ru":"Майлису - Кайрагач","river":"Maylisu","country":"KYG","basin":"SYR_DARYA","q_m3s":13.2,"source":"Kyrgyzhydromet","res":"decade","has_ts":true,"ts_start":"1925-04-05","ts_end":"2019-01-05","n_complete":3376,"n_miss":1074,"n_propmiss":0.3181279620853081,"n_largestgap":865}},{"type":"Feature","id":"ca-discharge:16153","geometry":{"type":"Point","coordinates":[72.80115,39.951225]},"properties":{"code":"16153","name_eng":"Akbura - Upstream","name_ru":"Акбура","river":"Akbura","country":"KYG","basin":"SYR_DARYA","q_m3s":5.3,"source":"Kyrgyzhydromet","res":"decade","has_ts":true,"ts_start":"1990-01-05","ts_end":"2019-02-05","n_complete":1048,"n_miss":166,"n_propmiss":0.15839694656488548,"n_largestgap":65}},{"type":"Feature","id":"ca-discharge:16154","geometry":{"type":"Point","coordinates":[72.989105,40.304236]},"properties":{"code":"16154","name_eng":"Akbura - Papan","name_ru":"Акбура - Папан","river":"Akbura","country":"KYG","basin":"SYR_DARYA","q_m3s":20.6,"source":"Surface Water Resources, Vol. 14, Issue 1","res":"decade","has_ts":true,"ts_start":"1956-01-05","ts_end":"1990-08-25","n_complete":1248,"n_miss":58,"n_propmiss":0.046474358974358976,"n_largestgap":36}},{"type":"Feature","id":"ca-discharge:16155","geometry":{"type":"Point","coordinates":[72.858874,40.433842]},"properties":{"code":"16155","name_eng":"Akbura - Tuleken","name_ru":"Акбура - Тулекен","river":"Akbura","country":"KYG","basin":"SYR_DARYA","q_m3s":21.8,"source":"Surface Water Resources, Vol. 14, Issue 1","res":null,"has_ts":false,"ts_start":null,"ts_end":null,"n_complete":null,"n_miss":null,"n_propmiss":null,"n_largestgap":null}},{"type":"Feature","id":"ca-discharge:16158","geometry":{"type":"Point","coordinates":[72.530938,40.22548]},"properties":{"code":"16158","name_eng":"Aravan-Sai-Fluss - Zhany Nookat","name_ru":"р.Араван-Сай -Жаны Ноокат","river":"Aravan-Sai","country":"KYG","basin":"SYR_DARYA","q_m3s":6.38,"source":"Kyrgyzhydromet","res":null,"has_ts":false,"ts_start":null,"ts_end":null,"n_complete":null,"n_miss":null,"n_propmiss":null,"n_largestgap":null}},{"type":"Feature","id":"ca-discharge:16159","geometry":{"type":"Point","coordinates":[72.611736,40.352676]},"properties":{"code":"16159","name_eng":"Aravan - Karakol mouth","name_ru":"Араван - устье Каракол","river":"Aravan","country":"KYG","basin":"SYR_DARYA","q_m3s":9.4,"source":"Kyrgyzhydromet","res":"decade","has_ts":true,"ts_start":"1912-01-05","ts_end":"2019-01-05","n_complete":3853,"n_miss":385,"n_propmiss":0.09992213859330391,"n_largestgap":339}},{"type":"Feature","id":"ca-discharge:16160","geometry":{"type":"Point","coordinates":[72.676251,40.196633]},"properties":{"code":"16160","name_eng":"Kirgizata - Kirgiz-Ata","name_ru":"Киргизфиф - Киргиз-Ата","river":"Kirgizata","country":"KYG","basin":"SYR_DARYA","q_m3s":4.117,"source":"Surface Water Resources, Vol. 14, Issue 1","res":null,"has_ts":false,"ts_start":null,"ts_end":null,"n_complete":null,"n_miss":null,"n_propmiss":null,"n_largestgap":null}},{"type":"Feature","id":"ca-discharge:16161","geometry":{"type":"Point","coordinates":[72.80218,40.22228]},"properties":{"code":"16161","name_eng":"Karakol - Koschan","name_ru":"Каракол - Косчан","river":"Karakol","country":"KYG","basin":"SYR_DARYA","q_m3s":1.76,"source":"Surface Water Resources, Vol. 14, Issue 1","res":"decade","has_ts":true,"ts_start":"1970-01-05","ts_end":"2016-12-25","n_complete":1692,"n_miss":475,"n_propmiss":0.28073286052009455,"n_largestgap":432}},{"type":"Feature","id":"ca-discharge:16162","geometry":{"type":"Point","coordinates":[72.618788,40.352455]},"properties":{"code":"16162","name_eng":"Karakol - Mouth","name_ru":"Каракол - устье","river":"Karakol","country":"KYG","basin":"SYR_DARYA","q_m3s":3.28,"source":"Surface Water Resources, Vol. 14, Issue 1","res":null,"has_ts":false,"ts_start":null,"ts_end":null,"n_complete":null,"n_miss":null,"n_propmiss":null,"n_largestgap":null}},{"type":"Feature","id":"ca-discharge:16163","geometry":{"type":"Point","coordinates":[72.7535,40.213063]},"properties":{"code":"16163","name_eng":"Shankol - Shankol","name_ru":"Шанкол - Шанкол","river":"Shankol","country":"KYG","basin":"SYR_DARYA","q_m3s":0.94,"source":"Surface Water Resources, Vol. 14, Issue 1","res":null,"has_ts":false,"ts_start":null,"ts_end":null,"n_complete":null,"n_miss":null,"n_propmiss":null,"n_largestgap":null}},{"type":"Feature","id":"ca-discharge:16164","geometry":{"type":"Point","coordinates":[72.354301,40.241548]},"properties":{"code":"16164","name_eng":"Abshirsay - Uch-Terek","name_ru":"Абширсай - Уч-Терек","river":"Abshirsay","country":"KYG","basin":"SYR_DARYA","q_m3s":1.74,"source":"Surface Water Resources, Vol. 14, Issue 1","res":null,"has_ts":false,"ts_start":null,"ts_end":null,"n_complete":null,"n_miss":null,"n_propmiss":null,"n_largestgap":null}},{"type":"Feature","id":"ca-discharge:16169","geometry":{"type":"Point","coordinates":[72.081291,40.182493]},"properties":{"code":"16169","name_eng":"Isfayramsay - Uch-Korgon","name_ru":"Исфайрамсай - Уч-Коргон","river":"Isfayramsay","country":"KYG","basin":"SYR_DARYA","q_m3s":22.6,"source":"Kyrgyzhydromet","res":"decade","has_ts":true,"ts_start":"1910-01-25","ts_end":"2019-01-05","n_complete":3923,"n_miss":253,"n_propmiss":0.06449146061687484,"n_largestgap":162}},{"type":"Feature","id":"ca-discharge:16175","geometry":{"type":"Point","coordinates":[71.810051,39.984023]},"properties":{"code":"16175","name_eng":"Kokcu - Mouth","name_ru":"Лщлсу - устье","river":"Koksu","country":"UZB","basin":"SYR_DARYA","q_m3s":2.4,"source":"Surface Water Resources, Vol. 14, Issue 1","res":"month","has_ts":true,"ts_start":"1948-04-15","ts_end":"2020-12-15","n_complete":873,"n_miss":0,"n_propmiss":0.0,"n_largestgap":null}},{"type":"Feature","id":"ca-discharge:16176","geometry":{"type":"Point","coordinates":[71.655836,41.598136]},"properties":{"code":"16176","name_eng":"Padshaata - Tostu","name_ru":"Падшаата - Тосту","river":"Padshaata","country":"KYG","basin":"SYR_DARYA","q_m3s":5.6,"source":"Kyrgyzhydromet","res":"decade","has_ts":true,"ts_start":"1926-01-05","ts_end":"2019-01-25","n_complete":3351,"n_miss":66,"n_propmiss":0.019695613249776187,"n_largestgap":24}},{"type":"Feature","id":"ca-discharge:16187","geometry":{"type":"Point","coordinates":[71.4127,41.383741]},"properties":{"code":"16187","name_eng":"Uryukty - Mouth","name_ru":"Урюкты - устье","river":"Uryukty","country":"KYG","basin":"SYR_DARYA","q_m3s":0.45,"source":"Surface Water Resources, Vol. 14, Issue 1","res":null,"has_ts":false,"ts_start":null,"ts_end":null,"n_complete":null,"n_miss":null,"n_propmiss":null,"n_largestgap":null}},{"type":"Feature","id":"ca-discharge:16192","geometry":{"type":"Point","coordinates":[70.901718,41.207779]},"properties":{"code":"16192","name_eng":"Gavasay - Ters","name_ru":"Гавасай - устье Терс","river":"Gavasay","country":"UZB","basin":"SYR_DARYA","q_m3s":5.05,"source":"Surface Water Resources, Vol. 14, Issue 1","res":null,"has_ts":false,"ts_start":null,"ts_end":null,"n_complete":null,"n_miss":null,"n_propmiss":null,"n_largestgap":null}},{"type":"Feature","id":"ca-discharge:16193","geometry":{"type":"Point","coordinates":[71.086418,41.164948]},"properties":{"code":"16193","name_eng":"Gavasay - Gava","name_ru":"Гавасай - Гава","river":"Gavasay","country":"UZB","basin":"SYR_DARYA","q_m3s":6.29,"source":"Surface Water Resources, Vol. 14, Issue 1","res":"decade","has_ts":true,"ts_start":"1926-01-05","ts_end":"2016-05-25","n_complete":3255,"n_miss":60,"n_propmiss":0.018433179723502304,"n_largestgap":37}},{"type":"Feature","id":"ca-discharge:16198","geometry":{"type":"Point","coordinates":[71.120898,39.965359]},"properties":{"code":"16198","name_eng":"Sokh - Sarykanda","name_ru":"Сох - Сарыканда","river":"Sokh","country":"UZB","basin":"SYR_DARYA","q_m3s":41.8,"source":"Surface Water Resources, Vol. 14, Issue 1","res":"decade","has_ts":true,"ts_start":"1910-01-25","ts_end":"2017-12-25","n_complete":3886,"n_miss":387,"n_propmiss":0.09958826556870819,"n_largestgap":380}},{"type":"Feature","id":"ca-discharge:16202","geometry":{"type":"Point","coordinates":[70.73999,41.000462]},"properties":{"code":"16202","name_eng":"Chadak - Djulaysay","name_ru":"Чадак - Джулайсай","river":"Chadak","country":"UZB","basin":"SYR_DARYA","q_m3s":3.79,"source":"Surface Water Resources, Vol. 14, Issue 1","res":"decade","has_ts":true,"ts_start":"1938-01-05","ts_end":"2016-05-25","n_complete":2823,"n_miss":47,"n_propmiss":0.01664895501239816,"n_largestgap":12}},{"type":"Feature","id":"ca-discharge:16205","geometry":{"type":"Point","coordinates":[70.54477,39.857349]},"properties":{"code":"16205","name_eng":"Isfara - Tashkurgan","name_ru":"Исфара - Таш-Курган","river":"Isfara","country":"TAJ","basin":"SYR_DARYA","q_m3s":15.2,"source":"Surface Water Resources, Vol. 14, Issue 1","res":"decade","has_ts":true,"ts_start":"1929-07-05","ts_end":"2002-05-15","n_complete":2624,"n_miss":178,"n_propmiss":0.06783536585365854,"n_largestgap":88}},{"type":"Feature","id":"ca-discharge:16210","geometry":{"type":"Point","coordinates":[69.911743,39.901894]},"properties":{"code":"16210","name_eng":"Khodjabakirgan - Andarkhan","name_ru":"Ходжабакирган - Андархан","river":"Khodjabakirgan","country":"KYG","basin":"SYR_DARYA","q_m3s":11.0,"source":"Surface Water Resources, Vol. 14, Issue 1","res":null,"has_ts":false,"ts_start":null,"ts_end":null,"n_complete":null,"n_miss":null,"n_propmiss":null,"n_largestgap":null}},{"type":"Feature","id":"ca-discharge:16211","geometry":{"type":"Point","coordinates":[69.288793,39.758255]},"properties":{"code":"16211","name_eng":"Aksu - Dazgon","name_ru":"Аксу - Дазгон","river":"Aksu","country":"KYG","basin":"SYR_DARYA","q_m3s":3.9,"source":"Surface Water Resources, Vol. 14, Issue 1","res":null,"has_ts":false,"ts_start":null,"ts_end":null,"n_complete":null,"n_miss":null,"n_propmiss":null,"n_largestgap":null}},{"type":"Feature","id":"ca-discharge:16223","geometry":{"type":"Point","coordinates":[67.985064,39.737805]},"properties":{"code":"16223","name_eng":"Kirk","name_ru":"р. Санзар, Кирк","river":"Sanzar","country":"UZB","basin":"ZERAFSHAN","q_m3s":2.0,"source":"UZB HM","res":"decade","has_ts":true,"ts_start":"1948-10-05","ts_end":"2016-05-25","n_complete":2436,"n_miss":39,"n_propmiss":0.01600985221674877,"n_largestgap":36}},{"type":"Feature","id":"ca-discharge:16230","geometry":{"type":"Point","coordinates":[70.362557,41.125193]},"properties":{"code":"16230","name_eng":"Akhangaran at confluence Irtash","name_ru":"Ахангаран - Ирташ","river":"Akhangaran","country":"UZB","basin":"AKHANGARAN","q_m3s":20.2,"source":"Yuri Ivanov","res":"decade","has_ts":true,"ts_start":"1943-01-05","ts_end":"2016-05-25","n_complete":2643,"n_miss":594,"n_propmiss":0.22474460839954596,"n_largestgap":558}},{"type":"Feature","id":"ca-discharge:16262","geometry":{"type":"Point","coordinates":[69.778204,41.573796]},"properties":{"code":"16262","name_eng":"Chirchik - Gazalkent","name_ru":"р. Чирчик - г. Газалкент","river":"Chrichik","country":"UZB","basin":"CHIRCHIK","q_m3s":228.0,"source":"UZB HM","res":"decade","has_ts":true,"ts_start":"1977-01-05","ts_end":"2016-05-25","n_complete":1419,"n_miss":102,"n_propmiss":0.07188160676532769,"n_largestgap":98}},{"type":"Feature","id":"ca-discharge:16279","geometry":{"type":"Point","coordinates":[70.177771,41.515453]},"properties":{"code":"16279","name_eng":"Chatkal - above mouth of river Hudaydodsai","name_ru":"р. Чаткал - выше устья р. Худайдодсай","river":"Chatkal","country":"UZB","basin":"CHIRCHIK","q_m3s":117.0,"source":"UZB HM","res":"decade","has_ts":true,"ts_start":"1932-01-05","ts_end":"2016-05-25","n_complete":3039,"n_miss":6,"n_propmiss":0.0019743336623889436,"n_largestgap":6}},{"type":"Feature","id":"ca-discharge:16290","geometry":{"type":"Point","coordinates":[70.171235,41.750603]},"properties":{"code":"16290","name_eng":"Pskem - Mullala","name_ru":"р. Пскем - с. Муллала","river":"Pskem","country":"UZB","basin":"CHIRCHIK","q_m3s":78.3,"source":"UZB HM","res":"decade","has_ts":true,"ts_start":"1932-01-05","ts_end":"2016-05-25","n_complete":3039,"n_miss":30,"n_propmiss":0.009871668311944718,"n_largestgap":15}},{"type":"Feature","id":"ca-discharge:16298","geometry":{"type":"Point","coordinates":[70.07802,41.714588]},"properties":{"code":"16298","name_eng":"Nauvalisoy - Sidjak","name_ru":"р. Наувалысай - с. Сиджак","river":"Nauvalisoy","country":"UZB","basin":"CHIRCHIK","q_m3s":3.85,"source":"UZB HM","res":"decade","has_ts":true,"ts_start":"1963-09-05","ts_end":"2016-05-25","n_complete":1899,"n_miss":134,"n_propmiss":0.07056345444971038,"n_largestgap":72}},{"type":"Feature","id":"ca-discharge:16300","geometry":{"type":"Point","coordinates":[69.943473,41.638311]},"properties":{"code":"16300","name_eng":"Ugam - Khozhikent","name_ru":"р. Угам - с. Ходжикент","river":"Ugam","country":"UZB","basin":"CHIRCHIK","q_m3s":22.3,"source":"UZB HM","res":"decade","has_ts":true,"ts_start":"1932-01-05","ts_end":"2016-02-25","n_complete":3030,"n_miss":8,"n_propmiss":0.0026402640264026403,"n_largestgap":3}},{"type":"Feature","id":"ca-discharge:16326","geometry":{"type":"Point","coordinates":[68.841164,42.437045]},"properties":{"code":"16326","name_eng":"Arys Railroad Station","name_ru":"Р.Арысь-ж.д. ст.Арысь","river":"Arys","country":"KAZ","basin":"ARYS","q_m3s":27.81,"source":"Kazakhhydromet","res":null,"has_ts":false,"ts_start":null,"ts_end":null,"n_complete":null,"n_miss":null,"n_propmiss":null,"n_largestgap":null}},{"type":"Feature","id":"ca-discharge:16340","geometry":{"type":"Point","coordinates":[69.963086,42.497952]},"properties":{"code":"16340","name_eng":"Mashat - Kershetas","name_ru":"Р.Машат-а.Кершетас","river":"Mashat","country":"KAZ","basin":"ARYS","q_m3s":6.1,"source":"Kazakhhydromet","res":null,"has_ts":false,"ts_start":null,"ts_end":null,"n_complete":null,"n_miss":null,"n_propmiss":null,"n_largestgap":null}},{"type":"Feature","id":"ca-discharge:16363","geometry":{"type":"Point","coordinates":[69.675337,42.786387]},"properties":{"code":"16363","name_eng":"Boraldai - Boraldai","name_ru":"Р.Боралдай-с.Боралдай","river":"Boraldai","country":"KAZ","basin":"ARYS","q_m3s":13.7,"source":"Kazakhhydromet","res":null,"has_ts":false,"ts_start":null,"ts_end":null,"n_complete":null,"n_miss":null,"n_propmiss":null,"n_largestgap":null}},{"type":"Feature","id":"ca-discharge:16374","geometry":{"type":"Point","coordinates":[69.493294,42.338829]},"properties":{"code":"16374","name_eng":"Badam - Kyzylzhar","name_ru":"Р.Бадам-с.Кызылжар","river":"Badam","country":"KAZ","basin":"ARYS","q_m3s":5.9,"source":"Kazakhhydromet","res":null,"has_ts":false,"ts_start":null,"ts_end":null,"n_complete":null,"n_miss":null,"n_propmiss":null,"n_largestgap":null}},{"type":"Feature","id":"ca-discharge:16375","geometry":{"type":"Point","coordinates":[69.09049,42.492957]},"properties":{"code":"16375","name_eng":"Badam - Karaspan","name_ru":"Р.Бадам-с.Караспан","river":"Badam","country":"KAZ","basin":"ARYS","q_m3s":9.4,"source":"Kazakhhydromet","res":null,"has_ts":false,"ts_start":null,"ts_end":null,"n_complete":null,"n_miss":null,"n_propmiss":null,"n_largestgap":null}},{"type":"Feature","id":"ca-discharge:16390","geometry":{"type":"Point","coordinates":[70.151758,42.234138]},"properties":{"code":"16390","name_eng":"Sayram - Tasarik","name_ru":"Р.Сайрам-с.Тасарык","river":"Sayram","country":"KAZ","basin":"ARYS","q_m3s":9.2,"source":"Kazakhhydromet","res":"month","has_ts":true,"ts_start":"1980-01-15","ts_end":"2020-12-15","n_complete":492,"n_miss":0,"n_propmiss":0.0,"n_largestgap":null}},{"type":"Feature","id":"ca-discharge:16487","geometry":{"type":"Point","coordinates":[73.691057,40.638926]},"properties":{"code":"16487","name_eng":"Karakuldzha","name_ru":"Каракулжа","river":"Karakuldzha","country":"KYG","basin":"SYR_DARYA","q_m3s":23.8,"source":"Kyrgyzhydromet","res":"decade","has_ts":true,"ts_start":"2000-01-05","ts_end":"2019-02-05","n_complete":688,"n_miss":260,"n_propmiss":0.37790697674418605,"n_largestgap":223}},{"type":"Feature","id":"ca-discharge:16510","geometry":{"type":"Point","coordinates":[71.719305,40.116804]},"properties":{"code":"16510","name_eng":"Shakhimardan - Djidalik","name_ru":"Шахимардан - Джидалик","river":"Shakhimardan","country":"KYG","basin":"SYR_DARYA","q_m3s":9.7,"source":"Kyrgyzhydromet","res":"decade","has_ts":true,"ts_start":"1910-10-05","ts_end":"2021-06-25","n_complete":3987,"n_miss":505,"n_propmiss":0.12666165036368196,"n_largestgap":249}},{"type":"Feature","id":"ca-discharge:16924","geometry":{"type":"Point","coordinates":[69.962521,41.627344]},"properties":{"code":"16924","name_eng":"Inflow Charvak","name_ru":"Приток в Чарвакское водохранилище","river":"Chirchik","country":"UZB","basin":"CHIRCHIK","q_m3s":204.3,"source":"UZB HM","res":"decade","has_ts":true,"ts_start":"1932-01-05","ts_end":"2016-05-25","n_complete":3039,"n_miss":33,"n_propmiss":0.01085883514313919,"n_largestgap":14}},{"type":"Feature","id":"ca-discharge:16936","geometry":{"type":"Point","coordinates":[72.637274,41.663102]},"properties":{"code":"16936","name_eng":"Inflow to Toktogul reservoir","name_ru":"Приток в Токтогульское водохранилище","river":"Naryn","country":null,"basin":"NARYN","q_m3s":399.0,"source":null,"res":"decade","has_ts":true,"ts_start":"1950-01-05","ts_end":"2016-05-25","n_complete":2391,"n_miss":41,"n_propmiss":0.017147636971978252,"n_largestgap":20}},{"type":"Feature","id":"ca-discharge:16938","geometry":{"type":"Point","coordinates":[73.057263,40.771945]},"properties":{"code":"16938","name_eng":"Karadarya","name_ru":"Карадаря","river":"Karadarya","country":"UZB","basin":"SYR_DARYA","q_m3s":119.7,"source":"UZB HM","res":"decade","has_ts":true,"ts_start":"1914-08-05","ts_end":"2016-05-25","n_complete":3666,"n_miss":183,"n_propmiss":0.04991816693944354,"n_largestgap":180}},{"type":"Feature","id":"ca-discharge:17043","geometry":{"type":"Point","coordinates":[71.315149,37.916353]},"properties":{"code":"17043","name_eng":"Pyandj - - Shidz","name_ru":"Пяндж - Шидз","river":"Pyandj","country":"TAJ","basin":"PYANDZH","q_m3s":476.0,"source":"Tajikhydromet","res":null,"has_ts":false,"ts_start":null,"ts_end":null,"n_complete":null,"n_miss":null,"n_propmiss":null,"n_largestgap":null}},{"type":"Feature","id":"ca-discharge:17045","geometry":{"type":"Point","coordinates":[70.178464,37.899884]},"properties":{"code":"17045","name_eng":"Pyandj - Khirmandzho","name_ru":"Пяндж - Хирманджо","river":"Pyandj","country":"TAJ","basin":"PYANDZH","q_m3s":795.0,"source":"Tajikhydromet","res":"decade","has_ts":true,"ts_start":"1967-01-05","ts_end":"1993-04-15","n_complete":947,"n_miss":269,"n_propmiss":0.2840549102428722,"n_largestgap":156}},{"type":"Feature","id":"ca-discharge:17047","geometry":{"type":"Point","coordinates":[68.600092,37.193937]},"properties":{"code":"17047","name_eng":"Pyandj -Nizhniy Pyandj","name_ru":"Пяндж - Нижний Пяндж","river":"Pyandj","country":"TAJ","basin":"PYANDZH","q_m3s":1010.0,"source":"Tajikhydromet","res":"decade","has_ts":true,"ts_start":"1965-01-05","ts_end":"1992-02-25","n_complete":978,"n_miss":264,"n_propmiss":0.26993865030674846,"n_largestgap":117}},{"type":"Feature","id":"ca-discharge:17050","geometry":{"type":"Point","coordinates":[71.558719,37.492292]},"properties":{"code":"17050","name_eng":"Gunt - Khorog","name_ru":"Гунд - Хорог","river":"Gunt","country":"TAJ","basin":"PYANDZH","q_m3s":79.0,"source":"Tajikhydromet","res":"decade","has_ts":true,"ts_start":"1970-01-05","ts_end":"2007-12-25","n_complete":1368,"n_miss":66,"n_propmiss":0.04824561403508772,"n_largestgap":45}},{"type":"Feature","id":"ca-discharge:17050","geometry":{"type":"Point","coordinates":[71.558719,37.492292]},"properties":{"code":"17050","name_eng":"Gunt - Khorog","name_ru":"Гунд - Хорог","river":"Gunt","country":"TAJ","basin":"PYANDZH","q_m3s":79.0,"source":"Tajikhydromet","res":"month","has_ts":true,"ts_start":"1940-01-31","ts_end":"2020-12-31","n_complete":972,"n_miss":416,"n_propmiss":0.4279835390946502,"n_largestgap":20}},{"type":"Feature","id":"ca-discharge:17052","geometry":{"type":"Point","coordinates":[71.732272,37.5686]},"properties":{"code":"17052","name_eng":"Sharipdariya - Mouth","name_ru":"Шарипдарья - Устье","river":"Sharipdariya","country":"TAJ","basin":"PYANDZH","q_m3s":3.19,"source":"Surface Water Resources, Vol. 14, Issue 3","res":null,"has_ts":false,"ts_start":null,"ts_end":null,"n_complete":null,"n_miss":null,"n_propmiss":null,"n_largestgap":null}},{"type":"Feature","id":"ca-discharge:17053","geometry":{"type":"Point","coordinates":[71.592123,37.477145]},"properties":{"code":"17053","name_eng":"Shakhdara - Khabost","name_ru":"Шахдара - Хабост","river":"Shakhdara","country":"TAJ","basin":"PYANDZH","q_m3s":35.2,"source":"Surface Water Resources, Vol. 14, Issue 3","res":null,"has_ts":false,"ts_start":null,"ts_end":null,"n_complete":null,"n_miss":null,"n_propmiss":null,"n_largestgap":null}},{"type":"Feature","id":"ca-discharge:17057","geometry":{"type":"Point","coordinates":[74.639958,37.830835]},"properties":{"code":"17057","name_eng":"Bartang (Ak-Su) - Tokhtamysh","name_ru":"Бартанг (Ак-Су) - Тохтамыш","river":"Bartang (Ak-Su)","country":"TAJ","basin":"PYANDZH","q_m3s":12.2,"source":"Surface Water Resources, Vol. 14, Issue 3","res":null,"has_ts":false,"ts_start":null,"ts_end":null,"n_complete":null,"n_miss":null,"n_propmiss":null,"n_largestgap":null}},{"type":"Feature","id":"ca-discharge:17058","geometry":{"type":"Point","coordinates":[73.965235,38.16116]},"properties":{"code":"17058","name_eng":"Bartang (Murgab) - Murgab","name_ru":"Бартанг (Мургаб) - Мургаб","river":"Bartang (Murgab)","country":"TAJ","basin":"PYANDZH","q_m3s":16.7,"source":"Tajikhydromet","res":null,"has_ts":false,"ts_start":null,"ts_end":null,"n_complete":null,"n_miss":null,"n_propmiss":null,"n_largestgap":null}},{"type":"Feature","id":"ca-discharge:17059","geometry":{"type":"Point","coordinates":[72.470138,38.314059]},"properties":{"code":"17059","name_eng":"Bartang - Barchadiv","name_ru":"Бартанг - Барчадив","river":"Bartang","country":"TAJ","basin":"PYANDZH","q_m3s":46.1,"source":"Tajikhydromet","res":null,"has_ts":false,"ts_start":null,"ts_end":null,"n_complete":null,"n_miss":null,"n_propmiss":null,"n_largestgap":null}},{"type":"Feature","id":"ca-discharge:17061","geometry":{"type":"Point","coordinates":[72.383412,38.293173]},"properties":{"code":"17061","name_eng":"Bartang - Nisur","name_ru":"Бартанг - Нисур","river":"Bartang","country":"TAJ","basin":"PYANDZH","q_m3s":76.4,"source":"Surface Water Resources, Vol. 14, Issue 3","res":null,"has_ts":false,"ts_start":null,"ts_end":null,"n_complete":null,"n_miss":null,"n_propmiss":null,"n_largestgap":null}},{"type":"Feature","id":"ca-discharge:17062","geometry":{"type":"Point","coordinates":[71.635514,37.969081]},"properties":{"code":"17062","name_eng":"Bartang - Suchand","name_ru":"Бартанг - Шуджанд","river":"Bartang","country":"TAJ","basin":"PYANDZH","q_m3s":133.0,"source":"Tajikhydromet","res":null,"has_ts":false,"ts_start":null,"ts_end":null,"n_complete":null,"n_miss":null,"n_propmiss":null,"n_largestgap":null}},{"type":"Feature","id":"ca-discharge:17063","geometry":{"type":"Point","coordinates":[72.608874,38.160329]},"properties":{"code":"17063","name_eng":"Lyangar - Mouth","name_ru":"Лянгар - Устье","river":"Lyzngar","country":"TAJ","basin":"PYANDZH","q_m3s":3.32,"source":"Surface Water Resources, Vol. 14, Issue 3","res":null,"has_ts":false,"ts_start":null,"ts_end":null,"n_complete":null,"n_miss":null,"n_propmiss":null,"n_largestgap":null}},{"type":"Feature","id":"ca-discharge:17064","geometry":{"type":"Point","coordinates":[72.48468,38.307321]},"properties":{"code":"17064","name_eng":"Vozvit - Barchadiv","name_ru":"Возвит - Барчадив","river":"Vozvit","country":"TAJ","basin":"PYANDZH","q_m3s":1.11,"source":"Surface Water Resources, Vol. 14, Issue 3","res":null,"has_ts":false,"ts_start":null,"ts_end":null,"n_complete":null,"n_miss":null,"n_propmiss":null,"n_largestgap":null}},{"type":"Feature","id":"ca-discharge:17065","geometry":{"type":"Point","coordinates":[72.466129,38.325888]},"properties":{"code":"17065","name_eng":"Kudara - Mouth","name_ru":"Кудара - Устье","river":"Kudara","country":"TAJ","basin":"PYANDZH","q_m3s":35.3,"source":"Surface Water Resources, Vol. 14, Issue 3","res":null,"has_ts":false,"ts_start":null,"ts_end":null,"n_complete":null,"n_miss":null,"n_propmiss":null,"n_largestgap":null}},{"type":"Feature","id":"ca-discharge:17067","geometry":{"type":"Point","coordinates":[71.558718,37.953657]},"properties":{"code":"17067","name_eng":"Vomardariya - Rushan","name_ru":"Вомардарья - Рушан","river":"Vomardariya","country":"TAJ","basin":"PYANDZH","q_m3s":2.02,"source":"Surface Water Resources, Vol. 14, Issue 3","res":null,"has_ts":false,"ts_start":null,"ts_end":null,"n_complete":null,"n_miss":null,"n_propmiss":null,"n_largestgap":null}},{"type":"Feature","id":"ca-discharge:17068","geometry":{"type":"Point","coordinates":[71.42879,38.188892]},"properties":{"code":"17068","name_eng":"Yazgulem - Motravn","name_ru":"Язгулем - Мотравн","river":"Yazgulem","country":"TAJ","basin":"PYANDZH","q_m3s":36.2,"source":"Surface Water Resources, Vol. 14, Issue 3","res":null,"has_ts":false,"ts_start":null,"ts_end":null,"n_complete":null,"n_miss":null,"n_propmiss":null,"n_largestgap":null}},{"type":"Feature","id":"ca-discharge:17072","geometry":{"type":"Point","coordinates":[71.039393,38.512592]},"properties":{"code":"17072","name_eng":"Obiviskharvi - Khurk","name_ru":"Обивисхарви - Хурк","river":"Obiviskharvi","country":"TAJ","basin":"PYANDZH","q_m3s":7.6,"source":"Surface Water Resources, Vol. 14, Issue 3","res":null,"has_ts":false,"ts_start":null,"ts_end":null,"n_complete":null,"n_miss":null,"n_propmiss":null,"n_largestgap":null}},{"type":"Feature","id":"ca-discharge:17073","geometry":{"type":"Point","coordinates":[70.790386,38.460796]},"properties":{"code":"17073","name_eng":"Obihumbou - Mouth","name_ru":"Обихумбоу - Устье","river":"Obihumbou","country":"TAJ","basin":"PYANDZH","q_m3s":19.5,"source":"Tajikhydromet","res":null,"has_ts":false,"ts_start":null,"ts_end":null,"n_complete":null,"n_miss":null,"n_propmiss":null,"n_largestgap":null}},{"type":"Feature","id":"ca-discharge:17074","geometry":{"type":"Point","coordinates":[69.656954,38.217591]},"properties":{"code":"17074","name_eng":"Kyzylsu - Babakhanshaid","name_ru":"Кызылсу - Бабаханшаид","river":"Kyzylsu","country":"TAJ","basin":"PYANDZH","q_m3s":33.7,"source":"Surface Water Resources, Vol. 14, Issue 3","res":null,"has_ts":false,"ts_start":null,"ts_end":null,"n_complete":null,"n_miss":null,"n_propmiss":null,"n_largestgap":null}},{"type":"Feature","id":"ca-discharge:17077","geometry":{"type":"Point","coordinates":[69.92568,38.149088]},"properties":{"code":"17077","name_eng":"Yakhsu - Karboztonak","name_ru":"Яхсу - Карбозтонак","river":"Yakhsu","country":"TAJ","basin":"PYANDZH","q_m3s":31.9,"source":"Surface Water Resources, Vol. 14, Issue 3","res":null,"has_ts":false,"ts_start":null,"ts_end":null,"n_complete":null,"n_miss":null,"n_propmiss":null,"n_largestgap":null}},{"type":"Feature","id":"ca-discharge:17078","geometry":{"type":"Point","coordinates":[69.649849,37.802143]},"properties":{"code":"17078","name_eng":"Yakhsu -Voze","name_ru":"Яхсу - Восе","river":"Yakhsu","country":"TAJ","basin":"PYANDZH","q_m3s":27.8,"source":"Tajikhydromet","res":null,"has_ts":false,"ts_start":null,"ts_end":null,"n_complete":null,"n_miss":null,"n_propmiss":null,"n_largestgap":null}},{"type":"Feature","id":"ca-discharge:17081","geometry":{"type":"Point","coordinates":[69.356692,38.019707]},"properties":{"code":"17081","name_eng":"Tairsu - Shakhbur","name_ru":"Таирсу - Шахбур","river":"Taursu","country":"TAJ","basin":"PYANDZH","q_m3s":1.07,"source":"Surface Water Resources, Vol. 14, Issue 3","res":null,"has_ts":false,"ts_start":null,"ts_end":null,"n_complete":null,"n_miss":null,"n_propmiss":null,"n_largestgap":null}},{"type":"Feature","id":"ca-discharge:17082","geometry":{"type":"Point","coordinates":[70.367636,39.012027]},"properties":{"code":"17082","name_eng":"Vaksh - Garm","name_ru":"Вахш  - Гарм","river":"Vaksh","country":"TAJ","basin":"VAKSH","q_m3s":324.0,"source":"Tajikhydromet","res":null,"has_ts":false,"ts_start":null,"ts_end":null,"n_complete":null,"n_miss":null,"n_propmiss":null,"n_largestgap":null}},{"type":"Feature","id":"ca-discharge:17089","geometry":{"type":"Point","coordinates":[69.268042,38.389812]},"properties":{"code":"17089","name_eng":"Vakhsh - Tutkaul (Sariguzar)","name_ru":"Вахш - Туткаул (Саригузвр)","river":"Vakhsh","country":"TAJ","basin":"VAKSH","q_m3s":640.0,"source":"Surface Water Resources, Vol. 14, Issue 3","res":"decade","has_ts":true,"ts_start":"1967-07-05","ts_end":"2016-05-25","n_complete":1761,"n_miss":60,"n_propmiss":0.034071550255536626,"n_largestgap":60}},{"type":"Feature","id":"ca-discharge:17100","geometry":{"type":"Point","coordinates":[71.383511,39.273184]},"properties":{"code":"17100","name_eng":"Kyzylsu West - Dombrachi","name_ru":"Қызылсу Западная - Домбрачи","river":"Kyzylsu West","country":"TAJ","basin":"VAKSH","q_m3s":73.7,"source":"Tajikhydromet","res":null,"has_ts":false,"ts_start":null,"ts_end":null,"n_complete":null,"n_miss":null,"n_propmiss":null,"n_largestgap":null}},{"type":"Feature","id":"ca-discharge:17101","geometry":{"type":"Point","coordinates":[71.600168,39.145119]},"properties":{"code":"17101","name_eng":"Muksu - Davsear","name_ru":"Муксу - Давсеар","river":"Muksu","country":"TAJ","basin":"VAKSH","q_m3s":112.0,"source":"Tajikhydromet","res":null,"has_ts":false,"ts_start":null,"ts_end":null,"n_complete":null,"n_miss":null,"n_propmiss":null,"n_largestgap":null}},{"type":"Feature","id":"ca-discharge:17102","geometry":{"type":"Point","coordinates":[71.22877,39.291566]},"properties":{"code":"17102","name_eng":"Pitaukul - Yarmazar","name_ru":"Питаукуль - Ярмазар","river":"Pitaukul","country":"TAJ","basin":"VAKSH","q_m3s":16.9,"source":"Surface Water Resources, Vol. 14, Issue 3","res":null,"has_ts":false,"ts_start":null,"ts_end":null,"n_complete":null,"n_miss":null,"n_propmiss":null,"n_largestgap":null}},{"type":"Feature","id":"ca-discharge:17106","geometry":{"type":"Point","coordinates":[70.133516,39.03346]},"properties":{"code":"17106","name_eng":"Sangikar - Sangikar","name_ru":"Сангикар Сангикар","river":"Sangikar","country":"TAJ","basin":"VAKSH","q_m3s":12.0,"source":"Surface Water Resources, Vol. 14, Issue 3","res":null,"has_ts":false,"ts_start":null,"ts_end":null,"n_complete":null,"n_miss":null,"n_propmiss":null,"n_largestgap":null}},{"type":"Feature","id":"ca-discharge:17107","geometry":{"type":"Point","coordinates":[71.212921,38.785513]},"properties":{"code":"17107","name_eng":"Obikhingou - Sangvor","name_ru":"Обихингоу - Сангвор","river":"Obikhingou","country":"TAJ","basin":"VAKSH","q_m3s":49.8,"source":"Surface Water Resources, Vol. 14, Issue 3","res":null,"has_ts":false,"ts_start":null,"ts_end":null,"n_complete":null,"n_miss":null,"n_propmiss":null,"n_largestgap":null}},{"type":"Feature","id":"ca-discharge:17109","geometry":{"type":"Point","coordinates":[70.483558,38.699733]},"properties":{"code":"17109","name_eng":"Obikhingou - Tavildara","name_ru":"Обихингоу - Тавильдара","river":"Obikhingou","country":"TAJ","basin":"VAKSH","q_m3s":161.0,"source":"Surface Water Resources, Vol. 14, Issue 3","res":null,"has_ts":false,"ts_start":null,"ts_end":null,"n_complete":null,"n_miss":null,"n_propmiss":null,"n_largestgap":null}},{"type":"Feature","id":"ca-discharge:17110","geometry":{"type":"Point","coordinates":[70.408124,38.723194]},"properties":{"code":"17110","name_eng":"Obikhingou Yozghand","name_ru":"р.Обихингоу - Ёзганд","river":"Obikhingou","country":"TAJ","basin":"VAKSH","q_m3s":160.0,"source":"Tajikhydromet","res":null,"has_ts":false,"ts_start":null,"ts_end":null,"n_complete":null,"n_miss":null,"n_propmiss":null,"n_largestgap":null}},{"type":"Feature","id":"ca-discharge:17111","geometry":{"type":"Point","coordinates":[71.215954,38.77194]},"properties":{"code":"17111","name_eng":"Obimazar - Sangvor","name_ru":"Обимазар - Сангвор","river":"Obimazar","country":"TAJ","basin":"VAKSH","q_m3s":26.4,"source":"Surface Water Resources, Vol. 14, Issue 3","res":null,"has_ts":false,"ts_start":null,"ts_end":null,"n_complete":null,"n_miss":null,"n_propmiss":null,"n_largestgap":null}},{"type":"Feature","id":"ca-discharge:17113","geometry":{"type":"Point","coordinates":[70.651911,38.720003]},"properties":{"code":"17113","name_eng":"Saryob - Kalaysang","name_ru":"Сарыоб - Калайсанг","river":"Saryob","country":"TAJ","basin":"VAKSH","q_m3s":4.72,"source":"Surface Water Resources, Vol. 14, Issue 3","res":null,"has_ts":false,"ts_start":null,"ts_end":null,"n_complete":null,"n_miss":null,"n_propmiss":null,"n_largestgap":null}},{"type":"Feature","id":"ca-discharge:17114","geometry":{"type":"Point","coordinates":[70.420863,38.727545]},"properties":{"code":"17114","name_eng":"Ezgan - Ezgan","name_ru":"Езган - Езган","river":"Ezgan","country":"TAJ","basin":"VAKSH","q_m3s":1.3,"source":"Surface Water Resources, Vol. 14, Issue 3","res":null,"has_ts":false,"ts_start":null,"ts_end":null,"n_complete":null,"n_miss":null,"n_propmiss":null,"n_largestgap":null}},{"type":"Feature","id":"ca-discharge:17115","geometry":{"type":"Point","coordinates":[70.322315,38.810703]},"properties":{"code":"17115","name_eng":"Surkhsu - Shakob","name_ru":"Сурхсу - Шакоб","river":"Surkhsu","country":"TAJ","basin":"VAKSH","q_m3s":10.1,"source":"Surface Water Resources, Vol. 14, Issue 3","res":null,"has_ts":false,"ts_start":null,"ts_end":null,"n_complete":null,"n_miss":null,"n_propmiss":null,"n_largestgap":null}},{"type":"Feature","id":"ca-discharge:17116","geometry":{"type":"Point","coordinates":[69.965971,38.861953]},"properties":{"code":"17116","name_eng":"Dashtiguron - 8 March","name_ru":"Даштигурон - 8 Марта","river":"Dashtiguron","country":"TAJ","basin":"VAKSH","q_m3s":0.93,"source":"Surface Water Resources, Vol. 14, Issue 3","res":null,"has_ts":false,"ts_start":null,"ts_end":null,"n_complete":null,"n_miss":null,"n_propmiss":null,"n_largestgap":null}},{"type":"Feature","id":"ca-discharge:17119","geometry":{"type":"Point","coordinates":[69.722472,38.717727]},"properties":{"code":"17119","name_eng":"Obigarm - Obigarm","name_ru":"Обигарм - Обигарм","river":"Obigarm","country":"TAJ","basin":"VAKSH","q_m3s":4.81,"source":"Surface Water Resources, Vol. 14, Issue 3","res":null,"has_ts":false,"ts_start":null,"ts_end":null,"n_complete":null,"n_miss":null,"n_propmiss":null,"n_largestgap":null}},{"type":"Feature","id":"ca-discharge:17121","geometry":{"type":"Point","coordinates":[69.30123,38.385225]},"properties":{"code":"17121","name_eng":"Nurek - Dagana","name_ru":"Нурек - Дагана","river":"Nurek","country":"TAJ","basin":"VAKSH","q_m3s":0.96,"source":"Surface Water Resources, Vol. 14, Issue 3","res":null,"has_ts":false,"ts_start":null,"ts_end":null,"n_complete":null,"n_miss":null,"n_propmiss":null,"n_largestgap":null}},{"type":"Feature","id":"ca-discharge:17122","geometry":{"type":"Point","coordinates":[69.149942,38.313417]},"properties":{"code":"17122","name_eng":"Dagana - Gofilabad","name_ru":"Дагана - Гофилабад","river":null,"country":"TAJ","basin":"VAKSH","q_m3s":0.17,"source":"Surface Water Resources, Vol. 14, Issue 3","res":null,"has_ts":false,"ts_start":null,"ts_end":null,"n_complete":null,"n_miss":null,"n_propmiss":null,"n_largestgap":null}},{"type":"Feature","id":"ca-discharge:17125","geometry":{"type":"Point","coordinates":[69.335621,38.734202]},"properties":{"code":"17125","name_eng":"Kofarnikhan","name_ru":"Кафирнинган (Сарбо) – Ромит","river":"Kofarnikhan (Sarbo)","country":"TAJ","basin":"KOFARNIKHAN","q_m3s":48.6,"source":"Surface Water Resources, Vol. 14, Issue 3","res":null,"has_ts":false,"ts_start":null,"ts_end":null,"n_complete":null,"n_miss":null,"n_propmiss":null,"n_largestgap":null}},{"type":"Feature","id":"ca-discharge:17126","geometry":{"type":"Point","coordinates":[69.132909,38.617455]},"properties":{"code":"17126","name_eng":"Kofarnikhan - Chinar","name_ru":"Кафирниган – Чинар","river":"Kofarnikhan","country":"TAJ","basin":"KOFARNIKHAN","q_m3s":102.0,"source":"Surface Water Resources, Vol. 14, Issue 3","res":null,"has_ts":false,"ts_start":null,"ts_end":null,"n_complete":null,"n_miss":null,"n_propmiss":null,"n_largestgap":null}},{"type":"Feature","id":"ca-discharge:17137","geometry":{"type":"Point","coordinates":[68.131404,37.545421]},"properties":{"code":"17137","name_eng":"Kofarnikhan - Tartki","name_ru":"Кафирниган – Тартки","river":"Kofarnikhan","country":"TAJ","basin":"KOFARNIKHAN","q_m3s":162.0,"source":"Tajikhydromet","res":"decade","has_ts":true,"ts_start":"1929-10-05","ts_end":"2009-02-25","n_complete":2859,"n_miss":521,"n_propmiss":0.18223154949282966,"n_largestgap":342}},{"type":"Feature","id":"ca-discharge:17141","geometry":{"type":"Point","coordinates":[69.310333,38.739679]},"properties":{"code":"17141","name_eng":"Sarday - Miena - Romit","name_ru":"Сарда-Миена – Ромит","river":"Sarday - Miena","country":"TAJ","basin":"KOFARNIKHAN","q_m3s":43.0,"source":"Surface Water Resources, Vol. 14, Issue 3","res":null,"has_ts":false,"ts_start":null,"ts_end":null,"n_complete":null,"n_miss":null,"n_propmiss":null,"n_largestgap":null}},{"type":"Feature","id":"ca-discharge:17147","geometry":{"type":"Point","coordinates":[68.828991,38.896769]},"properties":{"code":"17147","name_eng":"Varzob - Kusheri","name_ru":"Варзоб – Хушъери","river":"Varzob","country":"TAJ","basin":"KOFARNIKHAN","q_m3s":31.8,"source":"Surface Water Resources, Vol. 14, Issue 3","res":null,"has_ts":false,"ts_start":null,"ts_end":null,"n_complete":null,"n_miss":null,"n_propmiss":null,"n_largestgap":null}},{"type":"Feature","id":"ca-discharge:17150","geometry":{"type":"Point","coordinates":[68.791481,38.710166]},"properties":{"code":"17150","name_eng":"Varzob - Dagana","name_ru":"Варзоб – Дагана","river":"Varzob","country":"TAJ","basin":"KOFARNIKHAN","q_m3s":45.5,"source":"Tajikhydromet","res":null,"has_ts":false,"ts_start":null,"ts_end":null,"n_complete":null,"n_miss":null,"n_propmiss":null,"n_largestgap":null}},{"type":"Feature","id":"ca-discharge:17157","geometry":{"type":"Point","coordinates":[68.789394,39.02827]},"properties":{"code":"17157","name_eng":"Ziddy","name_ru":"Зидды – Устье","river":"Ziddy","country":"TAJ","basin":"KOFARNIKHAN","q_m3s":7.24,"source":"Surface Water Resources, Vol. 14, Issue 3","res":null,"has_ts":false,"ts_start":null,"ts_end":null,"n_complete":null,"n_miss":null,"n_propmiss":null,"n_largestgap":null}},{"type":"Feature","id":"ca-discharge:17160","geometry":{"type":"Point","coordinates":[68.784773,39.028262]},"properties":{"code":"17160","name_eng":"Maykhura - Mouth","name_ru":"Майхура – Устье","river":"Maykhura","country":"TAJ","basin":"KOFARNIKHAN","q_m3s":7.6,"source":"Surface Water Resources, Vol. 14, Issue 3","res":null,"has_ts":false,"ts_start":null,"ts_end":null,"n_complete":null,"n_miss":null,"n_propmiss":null,"n_largestgap":null}},{"type":"Feature","id":"ca-discharge:17165","geometry":{"type":"Point","coordinates":[68.706481,38.96321]},"properties":{"code":"17165","name_eng":"Siama - Igizak Mouth","name_ru":"Сиама – Устье Игизак","river":"Siama","country":"TAJ","basin":"KOFARNIKHAN","q_m3s":9.13,"source":"Surface Water Resources, Vol. 14, Issue 3","res":null,"has_ts":false,"ts_start":null,"ts_end":null,"n_complete":null,"n_miss":null,"n_propmiss":null,"n_largestgap":null}},{"type":"Feature","id":"ca-discharge:17169","geometry":{"type":"Point","coordinates":[68.835912,38.895877]},"properties":{"code":"17169","name_eng":"Kurortnaya - Kusheri","name_ru":"Курортная – Хушъери","river":"Kurortnaya","country":"TAJ","basin":"KOFARNIKHAN","q_m3s":0.69,"source":"Surface Water Resources, Vol. 14, Issue 3","res":null,"has_ts":false,"ts_start":null,"ts_end":null,"n_complete":null,"n_miss":null,"n_propmiss":null,"n_largestgap":null}},{"type":"Feature","id":"ca-discharge:17170","geometry":{"type":"Point","coordinates":[68.841775,38.851729]},"properties":{"code":"17170","name_eng":"Gurke - Puguz","name_ru":"Гурке – Пугуз","river":"Gurke","country":"TAJ","basin":"KOFARNIKHAN","q_m3s":2.55,"source":"Surface Water Resources, Vol. 14, Issue 3","res":null,"has_ts":false,"ts_start":null,"ts_end":null,"n_complete":null,"n_miss":null,"n_propmiss":null,"n_largestgap":null}},{"type":"Feature","id":"ca-discharge:17172","geometry":{"type":"Point","coordinates":[68.909788,38.837383]},"properties":{"code":"17172","name_eng":"Takob","name_ru":"Такоб – Такоб","river":"Takob","country":"TAJ","basin":"KOFARNIKHAN","q_m3s":2.28,"source":"Surface Water Resources, Vol. 14, Issue 3","res":null,"has_ts":false,"ts_start":null,"ts_end":null,"n_complete":null,"n_miss":null,"n_propmiss":null,"n_largestgap":null}},{"type":"Feature","id":"ca-discharge:17176","geometry":{"type":"Point","coordinates":[68.909779,38.844592]},"properties":{"code":"17176","name_eng":"Tuykutal - Takob","name_ru":"Туйкутал – Такоб","river":"Tuykutal","country":"TAJ","basin":"KOFARNIKHAN","q_m3s":5.83,"source":"Surface Water Resources, Vol. 14, Issue 3","res":null,"has_ts":false,"ts_start":null,"ts_end":null,"n_complete":null,"n_miss":null,"n_propmiss":null,"n_largestgap":null}},{"type":"Feature","id":"ca-discharge:17177","geometry":{"type":"Point","coordinates":[68.82467,38.777809]},"properties":{"code":"17177","name_eng":"Odzhuk - Varzob","name_ru":"Оджук – Варзоб","river":"Obzhuk","country":"TAJ","basin":"KOFARNIKHAN","q_m3s":1.99,"source":"Surface Water Resources, Vol. 14, Issue 3","res":null,"has_ts":false,"ts_start":null,"ts_end":null,"n_complete":null,"n_miss":null,"n_propmiss":null,"n_largestgap":null}},{"type":"Feature","id":"ca-discharge:17178","geometry":{"type":"Point","coordinates":[68.837571,38.673291]},"properties":{"code":"17178","name_eng":"Kharangon","name_ru":"Харагон – Чехак","river":"Kharangon","country":"TAJ","basin":"KOFARNIKHAN","q_m3s":1.74,"source":"Surface Water Resources, Vol. 14, Issue 3","res":null,"has_ts":false,"ts_start":null,"ts_end":null,"n_complete":null,"n_miss":null,"n_propmiss":null,"n_largestgap":null}},{"type":"Feature","id":"ca-discharge:17179","geometry":{"type":"Point","coordinates":[68.681118,38.698202]},"properties":{"code":"17179","name_eng":"Lyuchob - Lyuchob","name_ru":"Лючоб – Лючоб","river":"Lyuchob","country":"TAJ","basin":"KOFARNIKHAN","q_m3s":6.71,"source":"Surface Water Resources, Vol. 14, Issue 3","res":null,"has_ts":false,"ts_start":null,"ts_end":null,"n_complete":null,"n_miss":null,"n_propmiss":null,"n_largestgap":null}},{"type":"Feature","id":"ca-discharge:17185","geometry":{"type":"Point","coordinates":[68.567701,38.626645]},"properties":{"code":"17185","name_eng":"Khanaka - Alibegi","name_ru":"Ханака – Алибеги","river":"Khanaka","country":"TAJ","basin":"KOFARNIKHAN","q_m3s":10.8,"source":"Tajikhydromet","res":null,"has_ts":false,"ts_start":null,"ts_end":null,"n_complete":null,"n_miss":null,"n_propmiss":null,"n_largestgap":null}},{"type":"Feature","id":"ca-discharge:17194","geometry":{"type":"Point","coordinates":[67.803345,38.601898]},"properties":{"code":"17194","name_eng":"Tupalang - kishl.  Zarchob","name_ru":"р. Тупаланг - кишл. Зарчоб","river":"Tupalang","country":"UZB","basin":"SURKHANDARYA","q_m3s":59.6,"source":"UZB HM","res":"decade","has_ts":true,"ts_start":"1993-01-05","ts_end":"2016-05-25","n_complete":843,"n_miss":0,"n_propmiss":0.0,"n_largestgap":null}},{"type":"Feature","id":"ca-discharge:17202","geometry":{"type":"Point","coordinates":[68.330996,38.631839]},"properties":{"code":"17202","name_eng":"Karatag - Karatag","name_ru":"Каратаг","river":"Karatag","country":"TAJ","basin":"KOFARNIKHAN","q_m3s":22.9,"source":"Tajikhydromet","res":"decade","has_ts":true,"ts_start":"1928-03-05","ts_end":"1993-04-25","n_complete":2346,"n_miss":20,"n_propmiss":0.008525149190110827,"n_largestgap":13}},{"type":"Feature","id":"ca-discharge:17211","geometry":{"type":"Point","coordinates":[67.786507,38.442219]},"properties":{"code":"17211","name_eng":"Sangardak - kishl. King Guzar","name_ru":"р. Сангардак - кишл. Кинг-Гузар","river":"Sangardak","country":"UZB","basin":"SURKHANDARYA","q_m3s":16.2,"source":"UZB HM","res":"decade","has_ts":true,"ts_start":"1928-05-05","ts_end":"2016-05-25","n_complete":3171,"n_miss":69,"n_propmiss":0.021759697256385997,"n_largestgap":20}},{"type":"Feature","id":"ca-discharge:17223","geometry":{"type":"Point","coordinates":[67.018306,38.209167]},"properties":{"code":"17223","name_eng":"р. Sherabad - Maidan","name_ru":"р. Шерабад - в 0.4 км выше устья р. Майдан","river":null,"country":"UZB","basin":"SURKHANDARYA","q_m3s":4.56,"source":"UZB HM","res":"decade","has_ts":true,"ts_start":"1929-01-05","ts_end":"2016-05-25","n_complete":3147,"n_miss":192,"n_propmiss":0.061010486177311724,"n_largestgap":108}},{"type":"Feature","id":"ca-discharge:17231","geometry":{"type":"Point","coordinates":[67.046451,39.237752]},"properties":{"code":"17231","name_eng":"Qashqadarya village Varganza","name_ru":"р. Кашкадарья - кишл. Варганза","river":"Qashqadarya","country":"UZB","basin":"QASHQADARYA","q_m3s":5.27,"source":"UZB HM","res":"decade","has_ts":true,"ts_start":"1926-10-05","ts_end":"2016-05-25","n_complete":3228,"n_miss":9,"n_propmiss":0.0027881040892193307,"n_largestgap":9}},{"type":"Feature","id":"ca-discharge:17236","geometry":{"type":"Point","coordinates":[66.57696,39.043332]},"properties":{"code":"17236","name_eng":"Qashqadarya village Chirakchi","name_ru":"р. Кашкадарья - кишл. Чиракчи","river":"Qashqadarya","country":"UZB","basin":"QASHQADARYA","q_m3s":21.4,"source":"UZB HM","res":"decade","has_ts":true,"ts_start":"1927-01-05","ts_end":"2016-05-25","n_complete":3219,"n_miss":175,"n_propmiss":0.05436470953712333,"n_largestgap":63}},{"type":"Feature","id":"ca-discharge:17257","geometry":{"type":"Point","coordinates":[67.048688,38.989111]},"properties":{"code":"17257","name_eng":"Tanhizidarya village Qattagan","name_ru":"р. Танхизыдарья - кишл. Каттаган","river":"Tanhizidarya","country":"UZB","basin":"QASHQADARYA","q_m3s":3.98,"source":"UZB HM","res":"decade","has_ts":true,"ts_start":"1926-10-05","ts_end":"2016-05-25","n_complete":3228,"n_miss":21,"n_propmiss":0.006505576208178439,"n_largestgap":9}},{"type":"Feature","id":"ca-discharge:17260","geometry":{"type":"Point","coordinates":[67.095341,38.842111]},"properties":{"code":"17260","name_eng":"Yakkabagdarya - kishl. Tataren","name_ru":"р. Яккабагдарья - кишл. Татар","river":"Yakkabagdarya","country":"UZB","basin":"QASHQADARYA","q_m3s":6.01,"source":"UZB HM","res":"decade","has_ts":true,"ts_start":"1930-05-05","ts_end":"2016-05-25","n_complete":3099,"n_miss":0,"n_propmiss":0.0,"n_largestgap":null}},{"type":"Feature","id":"ca-discharge:17275","geometry":{"type":"Point","coordinates":[66.433093,38.450113]},"properties":{"code":"17275","name_eng":"Kichikuryadarya - kishl.  Gumbulak","name_ru":"р. Кичикурядарья - кишл. Гумбулак","river":"Kichikuryadarya","country":"UZB","basin":"QASHQADARYA","q_m3s":1.4,"source":"UZB HM","res":"decade","has_ts":true,"ts_start":"1959-01-05","ts_end":"2016-05-25","n_complete":2067,"n_miss":113,"n_propmiss":0.05466860183841316,"n_largestgap":16}},{"type":"Feature","id":"ca-discharge:17279","geometry":{"type":"Point","coordinates":[66.47581,38.539341]},"properties":{"code":"17279","name_eng":"Uryadarya - kischl.  Bazartepa","name_ru":"р. Урядарья - кишл. Базартепа","river":"Uryadarya","country":"UZB","basin":"QASHQADARYA","q_m3s":4.09,"source":"UZB HM","res":"decade","has_ts":true,"ts_start":"1928-04-05","ts_end":"2016-05-25","n_complete":3174,"n_miss":63,"n_propmiss":0.01984877126654064,"n_largestgap":27}},{"type":"Feature","id":"ca-discharge:17288","geometry":{"type":"Point","coordinates":[67.814442,39.4785]},"properties":{"code":"17288","name_eng":"Zeravshan - Dupuli bridge","name_ru":"р.Зеравшан - мост  Дупули","river":null,"country":"TAJ","basin":"ZERAFSHAN","q_m3s":154.0,"source":"Tajikhydromet","res":"decade","has_ts":true,"ts_start":"1959-10-05","ts_end":"1996-07-15","n_complete":1325,"n_miss":7,"n_propmiss":0.005283018867924529,"n_largestgap":6}},{"type":"Feature","id":"ca-discharge:17324","geometry":{"type":"Point","coordinates":[68.61711,39.403719]},"properties":{"code":"17324","name_eng":"Zasuntake - Zasun","name_ru":"Засунтаке - Засун","river":"Zasuntake","country":"TAJ","basin":"ZERAFSHAN","q_m3s":0.26,"source":"Surface Water Resources, Vol. 14, Issue 3","res":null,"has_ts":false,"ts_start":null,"ts_end":null,"n_complete":null,"n_miss":null,"n_propmiss":null,"n_largestgap":null}},{"type":"Feature","id":"ca-discharge:17325","geometry":{"type":"Point","coordinates":[68.543775,39.250271]},"properties":{"code":"17325","name_eng":"Fandarya - Pete","name_ru":"р.Фандарья - Пете","river":null,"country":"TAJ","basin":"ZERAFSHAN","q_m3s":53.5,"source":"Tajikhydromet","res":null,"has_ts":false,"ts_start":null,"ts_end":null,"n_complete":null,"n_miss":null,"n_propmiss":null,"n_largestgap":null}},{"type":"Feature","id":"ca-discharge:17329","geometry":{"type":"Point","coordinates":[68.625162,39.201001]},"properties":{"code":"17329","name_eng":"Yagnob - Takfon","name_ru":"р.Ягноб - Такфон","river":null,"country":"TAJ","basin":"ZERAFSHAN","q_m3s":33.1,"source":"Tajikhydromet","res":null,"has_ts":false,"ts_start":null,"ts_end":null,"n_complete":null,"n_miss":null,"n_propmiss":null,"n_largestgap":null}},{"type":"Feature","id":"ca-discharge:17333","geometry":{"type":"Point","coordinates":[68.384138,39.083734]},"properties":{"code":"17333","name_eng":"Iskanderdarya Source","name_ru":"Искандердарья - Исток","river":"Iskanderdarya Source","country":"TAJ","basin":"ZERAFSHAN","q_m3s":19.0,"source":"Surface Water Resources, Vol. 14, Issue 3","res":null,"has_ts":false,"ts_start":null,"ts_end":null,"n_complete":null,"n_miss":null,"n_propmiss":null,"n_largestgap":null}},{"type":"Feature","id":"ca-discharge:17335","geometry":{"type":"Point","coordinates":[68.346235,39.056495]},"properties":{"code":"17335","name_eng":"Sarytag Mouth","name_ru":"Сарытаг - Устье","river":"Sarytag","country":"TAJ","basin":"ZERAFSHAN","q_m3s":13.8,"source":"Surface Water Resources, Vol. 14, Issue 3","res":null,"has_ts":false,"ts_start":null,"ts_end":null,"n_complete":null,"n_miss":null,"n_propmiss":null,"n_largestgap":null}},{"type":"Feature","id":"ca-discharge:17338","geometry":{"type":"Point","coordinates":[68.49532,39.219434]},"properties":{"code":"17338","name_eng":"Pasrut - Pinyon","name_ru":"р.Пасрут - Пинён","river":null,"country":"TAJ","basin":"ZERAFSHAN","q_m3s":4.9,"source":"Tajikhydromet","res":null,"has_ts":false,"ts_start":null,"ts_end":null,"n_complete":null,"n_miss":null,"n_propmiss":null,"n_largestgap":null}},{"type":"Feature","id":"ca-discharge:17341","geometry":{"type":"Point","coordinates":[68.036899,39.366123]},"properties":{"code":"17341","name_eng":"Kshtut - Zerikhisor","name_ru":"Кштут - Зерихисор","river":"Kshtut","country":"TAJ","basin":"ZERAFSHAN","q_m3s":7.32,"source":"Surface Water Resources, Vol. 14, Issue 3","res":null,"has_ts":false,"ts_start":null,"ts_end":null,"n_complete":null,"n_miss":null,"n_propmiss":null,"n_largestgap":null}},{"type":"Feature","id":"ca-discharge:17342","geometry":{"type":"Point","coordinates":[68.041677,39.356251]},"properties":{"code":"17342","name_eng":"Dariyaurech - Kuloli","name_ru":"Дарьяуреч - Кулоли","river":"Daryiaurech","country":"TAJ","basin":"ZERAFSHAN","q_m3s":1.27,"source":"Surface Water Resources, Vol. 14, Issue 3","res":null,"has_ts":false,"ts_start":null,"ts_end":null,"n_complete":null,"n_miss":null,"n_propmiss":null,"n_largestgap":null}},{"type":"Feature","id":"ca-discharge:17343","geometry":{"type":"Point","coordinates":[67.873147,39.515125]},"properties":{"code":"17343","name_eng":"Sarykutansay - Iory","name_ru":"Сарыкутансай - Ери","river":"Sarykutansay","country":"TAJ","basin":"ZERAFSHAN","q_m3s":0.5,"source":"Surface Water Resources, Vol. 14, Issue 3","res":null,"has_ts":false,"ts_start":null,"ts_end":null,"n_complete":null,"n_miss":null,"n_propmiss":null,"n_largestgap":null}},{"type":"Feature","id":"ca-discharge:17344","geometry":{"type":"Point","coordinates":[67.716582,39.489174]},"properties":{"code":"17344","name_eng":"Magiyandarya - Sudzhi","name_ru":"р.Магияндарья - Суджина","river":null,"country":"TAJ","basin":"ZERAFSHAN","q_m3s":7.8,"source":"Tajikhydromet","res":"decade","has_ts":true,"ts_start":"1914-05-05","ts_end":"1996-06-25","n_complete":2958,"n_miss":244,"n_propmiss":0.08248816768086545,"n_largestgap":192}},{"type":"Feature","id":"ca-discharge:17391","geometry":{"type":"Point","coordinates":[71.593705,36.73184]},"properties":{"code":"17391","name_eng":"Pyandj - Ishkashim","name_ru":"Пяндж - Ишкашим","river":"Pyandj","country":"TAJ","basin":"PYANDZH","q_m3s":120.0,"source":"Tajikhydromet","res":null,"has_ts":false,"ts_start":null,"ts_end":null,"n_complete":null,"n_miss":null,"n_propmiss":null,"n_largestgap":null}},{"type":"Feature","id":"ca-discharge:17453","geometry":{"type":"Point","coordinates":[71.416836,38.345023]},"properties":{"code":"17453","name_eng":"Vanch Bichkharv","name_ru":"р.Вандж - Бичхарв","river":"Vanch","country":"TAJ","basin":"PYANDZH","q_m3s":51.1,"source":"Tajikhydromet","res":null,"has_ts":false,"ts_start":null,"ts_end":null,"n_complete":null,"n_miss":null,"n_propmiss":null,"n_largestgap":null}},{"type":"Feature","id":"ca-discharge:17459","geometry":{"type":"Point","coordinates":[68.52572,37.553666]},"properties":{"code":"17459","name_eng":"Vaksh - Tigrovaya Balka","name_ru":"Вахш - Тигровая балка","river":"Vaksh","country":"TAJ","basin":"VAKSH","q_m3s":563.0,"source":"Tajikhydromet","res":"decade","has_ts":true,"ts_start":"1983-06-15","ts_end":"1993-01-25","n_complete":347,"n_miss":0,"n_propmiss":0.0,"n_largestgap":null}},{"type":"Feature","id":"ca-discharge:17461","geometry":{"type":"Point","coordinates":[67.408471,39.538523]},"properties":{"code":"17461","name_eng":"Inflow to Rovatkhodzha hydrowork","name_ru":"Приток к плотне Роватходжа","river":"Zeravshan","country":null,"basin":"ZERAFSHAN","q_m3s":146.6,"source":null,"res":"decade","has_ts":true,"ts_start":"1991-01-05","ts_end":"2016-05-25","n_complete":915,"n_miss":0,"n_propmiss":0.0,"n_largestgap":null}},{"type":"Feature","id":"ca-discharge:17462","geometry":{"type":"Point","coordinates":[72.169025,39.548105]},"properties":{"code":"17462","name_eng":"Kysylsuu West - Daraut-Korgan","name_ru":"Кызылсу Западная - Дараут-Курган","river":"Kysylsu West","country":"KYG","basin":"VAKSH","q_m3s":41.9,"source":"Tajikhydromet","res":"decade","has_ts":true,"ts_start":"2001-03-15","ts_end":"2019-01-05","n_complete":642,"n_miss":230,"n_propmiss":0.3582554517133956,"n_largestgap":199}},{"type":"Feature","id":"ca-discharge:17464","geometry":{"type":"Point","coordinates":[67.248945,39.014815]},"properties":{"code":"17464","name_eng":"Akdarya (Ak-Su) - kischl.  Hisarak","name_ru":"р. Акдарья (Ак-Су) - кишл. Хисарак","river":null,"country":"UZB","basin":"QASHQADARYA","q_m3s":11.9,"source":"UZB HM","res":"decade","has_ts":true,"ts_start":"1926-10-05","ts_end":"2016-05-25","n_complete":3228,"n_miss":9,"n_propmiss":0.0027881040892193307,"n_largestgap":4}},{"type":"Feature","id":"ca-discharge:60002","geometry":{"type":"Point","coordinates":[75.660149,41.34733]},"properties":{"code":"60002","name_eng":"Atbasi-Djangizstal","name_ru":"Атбаши-Джа","river":"Atbashi","country":"KYG","basin":"NARYN","q_m3s":33.1,"source":"Surface Water Resources, Vol. 14, Issue 1","res":null,"has_ts":false,"ts_start":null,"ts_end":null,"n_complete":null,"n_miss":null,"n_propmiss":null,"n_largestgap":null}},{"type":"Feature","id":"ca-discharge:60003","geometry":{"type":"Point","coordinates":[75.87528,41.731505]},"properties":{"code":"60003","name_eng":"Baydula-Baydula","name_ru":"Байдула-Ба","river":"Baydula","country":"KYG","basin":"NARYN","q_m3s":0.26,"source":"Surface Water Resources, Vol. 14, Issue 1","res":null,"has_ts":false,"ts_start":null,"ts_end":null,"n_complete":null,"n_miss":null,"n_propmiss":null,"n_largestgap":null}},{"type":"Feature","id":"ca-discharge:60005","geometry":{"type":"Point","coordinates":[72.027657,41.672692]},"properties":{"code":"60005","name_eng":"Hodjaata-Hodjaata","name_ru":"Ходжаата-Х","river":"Hodjaata","country":"KYG","basin":"NARYN","q_m3s":4.6,"source":"Surface Water Resources, Vol. 14, Issue 1","res":null,"has_ts":false,"ts_start":null,"ts_end":null,"n_complete":null,"n_miss":null,"n_propmiss":null,"n_largestgap":null}},{"type":"Feature","id":"ca-discharge:60006","geometry":{"type":"Point","coordinates":[71.957396,41.816813]},"properties":{"code":"60006","name_eng":"Hodjaata-Tumayak m","name_ru":"Ходжаата-Т","river":"Hodjaata","country":"KYG","basin":"NARYN","q_m3s":4.88,"source":"Surface Water Resources, Vol. 14, Issue 1","res":null,"has_ts":false,"ts_start":null,"ts_end":null,"n_complete":null,"n_miss":null,"n_propmiss":null,"n_largestgap":null}},{"type":"Feature","id":"ca-discharge:60007","geometry":{"type":"Point","coordinates":[72.68228,41.63105]},"properties":{"code":"60007","name_eng":"Kaindysu-0.5 km above mouth","name_ru":"Каиндысу-У","river":"Kaindysu","country":"KYG","basin":"NARYN","q_m3s":4.5,"source":"Surface Water Resources, Vol. 14, Issue 1","res":null,"has_ts":false,"ts_start":null,"ts_end":null,"n_complete":null,"n_miss":null,"n_propmiss":null,"n_largestgap":null}},{"type":"Feature","id":"ca-discharge:60008","geometry":{"type":"Point","coordinates":[73.3882,41.669259]},"properties":{"code":"60008","name_eng":"Kambarata","name_ru":"Камбарата-","river":"Kambarata","country":"KYG","basin":"NARYN","q_m3s":1.2,"source":"Surface Water Resources, Vol. 14, Issue 1","res":null,"has_ts":false,"ts_start":null,"ts_end":null,"n_complete":null,"n_miss":null,"n_propmiss":null,"n_largestgap":null}},{"type":"Feature","id":"ca-discharge:60009","geometry":{"type":"Point","coordinates":[75.477205,40.996004]},"properties":{"code":"60009","name_eng":"Karakoin-Karakoin","name_ru":"Каракоин-К","river":"Karakoin","country":"KYG","basin":"NARYN","q_m3s":1.38,"source":"Surface Water Resources, Vol. 14, Issue 1","res":null,"has_ts":false,"ts_start":null,"ts_end":null,"n_complete":null,"n_miss":null,"n_propmiss":null,"n_largestgap":null}},{"type":"Feature","id":"ca-discharge:60010","geometry":{"type":"Point","coordinates":[72.711498,41.638213]},"properties":{"code":"60010","name_eng":"Karasu Left-Kaindysu","name_ru":"Карасу лев","river":"Karasu Left","country":"KYG","basin":"NARYN","q_m3s":6.3,"source":"Surface Water Resources, Vol. 14, Issue 1","res":null,"has_ts":false,"ts_start":null,"ts_end":null,"n_complete":null,"n_miss":null,"n_propmiss":null,"n_largestgap":null}},{"type":"Feature","id":"ca-discharge:60011","geometry":{"type":"Point","coordinates":[74.339383,41.85938]},"properties":{"code":"60011","name_eng":"Kekemeren-1.8 km Djumgol","name_ru":"Кекемерен-1","river":"Kekemeren","country":"KYG","basin":"NARYN","q_m3s":67.9,"source":"Surface Water Resources, Vol. 14, Issue 1","res":null,"has_ts":false,"ts_start":null,"ts_end":null,"n_complete":null,"n_miss":null,"n_propmiss":null,"n_largestgap":null}},{"type":"Feature","id":"ca-discharge:60012","geometry":{"type":"Point","coordinates":[74.077226,42.121584]},"properties":{"code":"60012","name_eng":"Kekemeren-Karakol mouth","name_ru":"Кекемерен-","river":"Kekemeren","country":"KYG","basin":"NARYN","q_m3s":62.0,"source":"Surface Water Resources, Vol. 14, Issue 1","res":null,"has_ts":false,"ts_start":null,"ts_end":null,"n_complete":null,"n_miss":null,"n_propmiss":null,"n_largestgap":null}},{"type":"Feature","id":"ca-discharge:60013","geometry":{"type":"Point","coordinates":[73.90552,41.729328]},"properties":{"code":"60013","name_eng":"Kekemeren-Sarykamysh","name_ru":"Кекемерен-","river":"Kekemeren","country":"KYG","basin":"NARYN","q_m3s":102.0,"source":"Surface Water Resources, Vol. 14, Issue 1","res":null,"has_ts":false,"ts_start":null,"ts_end":null,"n_complete":null,"n_miss":null,"n_propmiss":null,"n_largestgap":null}},{"type":"Feature","id":"ca-discharge:60014","geometry":{"type":"Point","coordinates":[73.904938,41.737456]},"properties":{"code":"60014","name_eng":"Kovuksu-Mouth","name_ru":"Ковуксу-Ус","river":"Kovuksu","country":"KYG","basin":"NARYN","q_m3s":9.36,"source":"Surface Water Resources, Vol. 14, Issue 1","res":null,"has_ts":false,"ts_start":null,"ts_end":null,"n_complete":null,"n_miss":null,"n_propmiss":null,"n_largestgap":null}},{"type":"Feature","id":"ca-discharge:60015","geometry":{"type":"Point","coordinates":[77.988947,41.771772]},"properties":{"code":"60015","name_eng":"Kumtor-Tyan-Shan","name_ru":"Кумтор-Тян","river":"Kumtor","country":"KYG","basin":"NARYN","q_m3s":3.94,"source":"Surface Water Resources, Vol. 14, Issue 1","res":null,"has_ts":false,"ts_start":null,"ts_end":null,"n_complete":null,"n_miss":null,"n_propmiss":null,"n_largestgap":null}},{"type":"Feature","id":"ca-discharge:60016","geometry":{"type":"Point","coordinates":[74.467864,41.671468]},"properties":{"code":"60016","name_eng":"Minkush-Tuyuksu","name_ru":"Минкуш-Тую","river":"Minkush","country":"KYG","basin":"NARYN","q_m3s":1.32,"source":"Surface Water Resources, Vol. 14, Issue 1","res":null,"has_ts":false,"ts_start":null,"ts_end":null,"n_complete":null,"n_miss":null,"n_propmiss":null,"n_largestgap":null}},{"type":"Feature","id":"ca-discharge:60017","geometry":{"type":"Point","coordinates":[73.873352,41.717195]},"properties":{"code":"60017","name_eng":"Naryn-Kekemeren mouth","name_ru":"Нарын-Кеке","river":"Naryn","country":"KYG","basin":"NARYN","q_m3s":316.0,"source":"Surface Water Resources, Vol. 14, Issue 1","res":null,"has_ts":false,"ts_start":null,"ts_end":null,"n_complete":null,"n_miss":null,"n_propmiss":null,"n_largestgap":null}},{"type":"Feature","id":"ca-discharge:60018","geometry":{"type":"Point","coordinates":[73.466654,41.692342]},"properties":{"code":"60018","name_eng":"Nichkesay-Nichkesay","name_ru":"Ничкесай-Н","river":"Nichkesay","country":"KYG","basin":"NARYN","q_m3s":0.24,"source":"Surface Water Resources, Vol. 14, Issue 1","res":null,"has_ts":false,"ts_start":null,"ts_end":null,"n_complete":null,"n_miss":null,"n_propmiss":null,"n_largestgap":null}},{"type":"Feature","id":"ca-discharge:60019","geometry":{"type":"Point","coordinates":[74.47105,42.018809]},"properties":{"code":"60019","name_eng":"Orto-Kugandy","name_ru":"Орто-Куган","river":"Orto-Kugandy","country":"KYG","basin":"NARYN","q_m3s":3.6,"source":"Surface Water Resources, Vol. 14, Issue 1","res":null,"has_ts":false,"ts_start":null,"ts_end":null,"n_complete":null,"n_miss":null,"n_propmiss":null,"n_largestgap":null}},{"type":"Feature","id":"ca-discharge:60020","geometry":{"type":"Point","coordinates":[75.840313,41.617504]},"properties":{"code":"60020","name_eng":"Ottuk-Ottuk","name_ru":"Оттук-Отту","river":"Ottuk","country":"KYG","basin":"NARYN","q_m3s":1.22,"source":"Surface Water Resources, Vol. 14, Issue 1","res":null,"has_ts":false,"ts_start":null,"ts_end":null,"n_complete":null,"n_miss":null,"n_propmiss":null,"n_largestgap":null}},{"type":"Feature","id":"ca-discharge:60021","geometry":{"type":"Point","coordinates":[73.217154,41.862963]},"properties":{"code":"60021","name_eng":"Torkent-Torkent","name_ru":"Торкент-То","river":"Torkent","country":"KYG","basin":"NARYN","q_m3s":10.8,"source":"Surface Water Resources, Vol. 14, Issue 1","res":null,"has_ts":false,"ts_start":null,"ts_end":null,"n_complete":null,"n_miss":null,"n_propmiss":null,"n_largestgap":null}},{"type":"Feature","id":"ca-discharge:60022","geometry":{"type":"Point","coordinates":[71.474801,41.381521]},"properties":{"code":"60022","name_eng":"Alabuka - Alabukasay","name_ru":"Алабука - Алабукасай","river":"Alabuka","country":"KYG","basin":"SYR_DARYA","q_m3s":2.4,"source":"Surface Water Resources, Vol. 14, Issue 1","res":null,"has_ts":false,"ts_start":null,"ts_end":null,"n_complete":null,"n_miss":null,"n_propmiss":null,"n_largestgap":null}},{"type":"Feature","id":"ca-discharge:60023","geometry":{"type":"Point","coordinates":[70.595382,40.821496]},"properties":{"code":"60023","name_eng":"Ashtsay - Asht","name_ru":"Аштсай - Ашт","river":"Ashtsay","country":"TAJ","basin":"SYR_DARYA","q_m3s":0.73,"source":"Surface Water Resources, Vol. 14, Issue 1","res":null,"has_ts":false,"ts_start":null,"ts_end":null,"n_complete":null,"n_miss":null,"n_propmiss":null,"n_largestgap":null}},{"type":"Feature","id":"ca-discharge:60024","geometry":{"type":"Point","coordinates":[70.558921,39.707602]},"properties":{"code":"60024","name_eng":"Djiptyk - Below of Shurovsliy glasier","name_ru":"Джиптык - нище языка ледника Щуровского","river":"Djiptyk","country":"KYG","basin":"SYR_DARYA","q_m3s":2.7,"source":"Surface Water Resources, Vol. 14, Issue 1","res":null,"has_ts":false,"ts_start":null,"ts_end":null,"n_complete":null,"n_miss":null,"n_propmiss":null,"n_largestgap":null}},{"type":"Feature","id":"ca-discharge:60025","geometry":{"type":"Point","coordinates":[70.875044,41.234337]},"properties":{"code":"60025","name_eng":"Gavasay - Beshtashata","name_ru":"Гавасай - устье Бешташата","river":"Gavasay","country":"KYG","basin":"SYR_DARYA","q_m3s":4.2,"source":"Surface Water Resources, Vol. 14, Issue 1","res":null,"has_ts":false,"ts_start":null,"ts_end":null,"n_complete":null,"n_miss":null,"n_propmiss":null,"n_largestgap":null}},{"type":"Feature","id":"ca-discharge:60026","geometry":{"type":"Point","coordinates":[70.606734,40.157414]},"properties":{"code":"60026","name_eng":"Isfara - Isfara","name_ru":"Исфара - Исфара","river":"Isfara","country":"TAJ","basin":"SYR_DARYA","q_m3s":14.3,"source":"Surface Water Resources, Vol. 14, Issue 1","res":null,"has_ts":false,"ts_start":null,"ts_end":null,"n_complete":null,"n_miss":null,"n_propmiss":null,"n_largestgap":null}},{"type":"Feature","id":"ca-discharge:60029","geometry":{"type":"Point","coordinates":[71.447535,41.355985]},"properties":{"code":"60029","name_eng":"Kassansay - Uryukty","name_ru":"Кассансай - устье Урюкты","river":"Kassansay","country":"KYG","basin":"SYR_DARYA","q_m3s":8.5,"source":"Surface Water Resources, Vol. 14, Issue 1","res":null,"has_ts":false,"ts_start":null,"ts_end":null,"n_complete":null,"n_miss":null,"n_propmiss":null,"n_largestgap":null}},{"type":"Feature","id":"ca-discharge:60031","geometry":{"type":"Point","coordinates":[71.319555,41.219032]},"properties":{"code":"60031","name_eng":"Sumsar - Sumsarsay","name_ru":"Сумсар - Сумсарсай","river":"Sumsar","country":"KYG","basin":"SYR_DARYA","q_m3s":1.0,"source":"Surface Water Resources, Vol. 14, Issue 1","res":null,"has_ts":false,"ts_start":null,"ts_end":null,"n_complete":null,"n_miss":null,"n_propmiss":null,"n_largestgap":null}},{"type":"Feature","id":"ca-discharge:60032","geometry":{"type":"Point","coordinates":[70.175342,41.513677]},"properties":{"code":"60032","name_eng":"Akbulak - mouth","name_ru":"Акбулак - устье","river":"Akbulak","country":"UZB","basin":"CHIRCHIK","q_m3s":17.1,"source":"Yuri Ivanov","res":null,"has_ts":false,"ts_start":null,"ts_end":null,"n_complete":null,"n_miss":null,"n_propmiss":null,"n_largestgap":null}},{"type":"Feature","id":"ca-discharge:60033","geometry":{"type":"Point","coordinates":[70.640514,41.994339]},"properties":{"code":"60033","name_eng":"Chiralma mouth","name_ru":"Чиралма - устье","river":"Chiralma","country":"UZB","basin":"CHIRCHIK","q_m3s":2.62,"source":"Yuri Ivanov","res":null,"has_ts":false,"ts_start":null,"ts_end":null,"n_complete":null,"n_miss":null,"n_propmiss":null,"n_largestgap":null}},{"type":"Feature","id":"ca-discharge:60034","geometry":{"type":"Point","coordinates":[70.638331,42.003377]},"properties":{"code":"60034","name_eng":"Maidantal mouth","name_ru":"Майдантал - устье","river":"Maidantal","country":"UZB","basin":"CHIRCHIK","q_m3s":17.0,"source":"Yuri Ivanov","res":null,"has_ts":false,"ts_start":null,"ts_end":null,"n_complete":null,"n_miss":null,"n_propmiss":null,"n_largestgap":null}},{"type":"Feature","id":"ca-discharge:60035","geometry":{"type":"Point","coordinates":[70.082861,41.573132]},"properties":{"code":"60035","name_eng":"Yangikurgan - kishl. Yangikurgan","name_ru":"Янгикурган – кишл. Янгикурган","river":"Mazarsay","country":"UZB","basin":"CHIRCHIK","q_m3s":0.681,"source":"Yuri Ivanov","res":null,"has_ts":false,"ts_start":null,"ts_end":null,"n_complete":null,"n_miss":null,"n_propmiss":null,"n_largestgap":null}},{"type":"Feature","id":"ca-discharge:60036","geometry":{"type":"Point","coordinates":[70.020626,41.581807]},"properties":{"code":"60036","name_eng":"Chimgansay - Chimgan resort","name_ru":"Чимгансай – курорт Чимган","river":"Chimgansay","country":"UZB","basin":"CHIRCHIK","q_m3s":0.293,"source":"Yuri Ivanov","res":null,"has_ts":false,"ts_start":null,"ts_end":null,"n_complete":null,"n_miss":null,"n_propmiss":null,"n_largestgap":null}},{"type":"Feature","id":"ca-discharge:60037","geometry":{"type":"Point","coordinates":[69.854584,41.54443]},"properties":{"code":"60037","name_eng":"Galvasay - kishl. Galvasay","name_ru":"Гальвасай - кишл. Гальвасай","river":"Galvasay","country":"UZB","basin":"CHIRCHIK","q_m3s":0.38,"source":"Yuri Ivanov","res":null,"has_ts":false,"ts_start":null,"ts_end":null,"n_complete":null,"n_miss":null,"n_propmiss":null,"n_largestgap":null}},{"type":"Feature","id":"ca-discharge:60038","geometry":{"type":"Point","coordinates":[70.867675,42.165585]},"properties":{"code":"60038","name_eng":"Oygaing - above mouth Koksu","name_ru":"Ойгаинг – выше устья р. Коксу","river":"Pskem","country":"UZB","basin":"CHIRCHIK","q_m3s":12.7,"source":"Yuri Ivanov","res":null,"has_ts":false,"ts_start":null,"ts_end":null,"n_complete":null,"n_miss":null,"n_propmiss":null,"n_largestgap":null}},{"type":"Feature","id":"ca-discharge:60039","geometry":{"type":"Point","coordinates":[70.867543,42.161084]},"properties":{"code":"60039","name_eng":"Koksu - mouth","name_ru":"Коксу - устье","river":"Koksu","country":"UZB","basin":"CHIRCHIK","q_m3s":4.92,"source":"Yuri Ivanov","res":null,"has_ts":false,"ts_start":null,"ts_end":null,"n_complete":null,"n_miss":null,"n_propmiss":null,"n_largestgap":null}},{"type":"Feature","id":"ca-discharge:60040","geometry":{"type":"Point","coordinates":[70.639354,41.996157]},"properties":{"code":"60040","name_eng":"Oygaing - estuary","name_ru":"Ойгаинг - устье","river":"Pskem","country":"UZB","basin":"CHIRCHIK","q_m3s":28.2,"source":"Yuri Ivanov","res":null,"has_ts":false,"ts_start":null,"ts_end":null,"n_complete":null,"n_miss":null,"n_propmiss":null,"n_largestgap":null}},{"type":"Feature","id":"ca-discharge:60041","geometry":{"type":"Point","coordinates":[69.813192,41.49429]},"properties":{"code":"60041","name_eng":"Aksakata - s. Karamazar","name_ru":"Аксаката – с. Карамазар","river":"Aksakatasay","country":"UZB","basin":"CHIRCHIK","q_m3s":6.14,"source":"Yuri Ivanov","res":null,"has_ts":false,"ts_start":null,"ts_end":null,"n_complete":null,"n_miss":null,"n_propmiss":null,"n_largestgap":null}},{"type":"Feature","id":"ca-discharge:60042","geometry":{"type":"Point","coordinates":[70.043388,41.055562]},"properties":{"code":"60042","name_eng":"Karabau Samarchuk","name_ru":"Карабау - кишл. Самарчук","river":"Karabau","country":"UZB","basin":"AKHANGARAN","q_m3s":3.06,"source":"Yuri Ivanov","res":null,"has_ts":false,"ts_start":null,"ts_end":null,"n_complete":null,"n_miss":null,"n_propmiss":null,"n_largestgap":null}},{"type":"Feature","id":"ca-discharge:60043","geometry":{"type":"Point","coordinates":[70.087605,41.066864]},"properties":{"code":"60043","name_eng":"Dukantsay - Dukant village","name_ru":"Дукантсай - пос. Дукант","river":"Dukantsay","country":"UZB","basin":"AKHANGARAN","q_m3s":4.14,"source":"Yuri Ivanov","res":null,"has_ts":false,"ts_start":null,"ts_end":null,"n_complete":null,"n_miss":null,"n_propmiss":null,"n_largestgap":null}},{"type":"Feature","id":"ca-discharge:60044","geometry":{"type":"Point","coordinates":[70.180488,40.936235]},"properties":{"code":"60044","name_eng":"Nishbash - Village Nishbash","name_ru":"Нишбаш - кишл. Нишбаш","river":"Nishbash","country":"UZB","basin":"AKHANGARAN","q_m3s":2.58,"source":"Yuri Ivanov","res":null,"has_ts":false,"ts_start":null,"ts_end":null,"n_complete":null,"n_miss":null,"n_propmiss":null,"n_largestgap":null}},{"type":"Feature","id":"ca-discharge:60045","geometry":{"type":"Point","coordinates":[69.8558,40.812986]},"properties":{"code":"60045","name_eng":"Shaugaz Gorge Karatash","name_ru":"Шаугаз - уроч. Караташ","river":"Shaugaz","country":"UZB","basin":"AKHANGARAN","q_m3s":0.441,"source":"Yuri Ivanov","res":null,"has_ts":false,"ts_start":null,"ts_end":null,"n_complete":null,"n_miss":null,"n_propmiss":null,"n_largestgap":null}},{"type":"Feature","id":"ca-discharge:60046","geometry":{"type":"Point","coordinates":[70.143867,41.016775]},"properties":{"code":"60046","name_eng":"Akhangaran gauge below dam","name_ru":"Ахангаран - ниже Ахангаранской плотины","river":"Akhangaran","country":"UZB","basin":"AKHANGARAN","q_m3s":23.6,"source":"Yuri Ivanov","res":null,"has_ts":false,"ts_start":null,"ts_end":null,"n_complete":null,"n_miss":null,"n_propmiss":null,"n_largestgap":null}},{"type":"Feature","id":"ca-discharge:60048","geometry":{"type":"Point","coordinates":[70.087048,41.60822]},"properties":{"code":"60048","name_eng":"Koksu Former Gauge","name_ru":"Коксу - устье","river":"Koksu","country":"UZB","basin":"CHIRCHIK","q_m3s":16.97,"source":"UZB HM","res":null,"has_ts":false,"ts_start":null,"ts_end":null,"n_complete":null,"n_miss":null,"n_propmiss":null,"n_largestgap":null}},{"type":"Feature","id":"ca-discharge:70001","geometry":{"type":"Point","coordinates":[71.457583,38.3658]},"properties":{"code":"70001","name_eng":"Vanch - Vanch","name_ru":"Ванч - Ванч","river":"Vanch","country":"TAJ","basin":"PYANDZH","q_m3s":49.4,"source":"Surface Water Resources, Vol. 14, Issue 3","res":null,"has_ts":false,"ts_start":null,"ts_end":null,"n_complete":null,"n_miss":null,"n_propmiss":null,"n_largestgap":null}},{"type":"Feature","id":"ca-discharge:70002","geometry":{"type":"Point","coordinates":[71.447624,38.37592]},"properties":{"code":"70002","name_eng":"Gufuf - Vanch","name_ru":"Гуфуф - Ванч","river":"Gufuf","country":"TAJ","basin":"PYANDZH","q_m3s":2.25,"source":"Surface Water Resources, Vol. 14, Issue 3","res":null,"has_ts":false,"ts_start":null,"ts_end":null,"n_complete":null,"n_miss":null,"n_propmiss":null,"n_largestgap":null}},{"type":"Feature","id":"ca-discharge:70003","geometry":{"type":"Point","coordinates":[70.188093,39.444235]},"properties":{"code":"70003","name_eng":"Zerafshan - Dekhavz","name_ru":"Зеравшан - Дехавз","river":"Zerafshan","country":"TAJ","basin":"ZERAFSHAN","q_m3s":33.4,"source":"Surface Water Resources, Vol. 14, Issue 3","res":null,"has_ts":false,"ts_start":null,"ts_end":null,"n_complete":null,"n_miss":null,"n_propmiss":null,"n_largestgap":null}},{"type":"Feature","id":"ca-discharge:8-0.000-1M","geometry":{"type":"Point","coordinates":[61.259706,34.594723]},"properties":{"code":"8-0.000-1M","name_eng":"Hari Rud River at Tir Pul","name_ru":null,"river":"Hari Rud","country":"AFG","basin":"HARIRUD","q_m3s":17.3,"source":"USGS Data Report 529","res":"month","has_ts":true,"ts_start":"1969-04-15","ts_end":"1978-12-15","n_complete":117,"n_miss":3,"n_propmiss":0.02564102564102564,"n_largestgap":3}},{"type":"Feature","id":"ca-discharge:8-0.000-2M","geometry":{"type":"Point","coordinates":[61.935466,34.344565]},"properties":{"code":"8-0.000-2M","name_eng":"Hari Rud River at Pul-i-Hashimi","name_ru":null,"river":"Hari Rud","country":"AFG","basin":"HARIRUD","q_m3s":32.4,"source":"USGS Data Report 529","res":"month","has_ts":true,"ts_start":"1973-01-15","ts_end":"1978-12-15","n_complete":72,"n_miss":3,"n_propmiss":0.041666666666666664,"n_largestgap":3}},{"type":"Feature","id":"ca-discharge:8-0.000-3S","geometry":{"type":"Point","coordinates":[62.218529,34.276993]},"properties":{"code":"8-0.000-3S","name_eng":"Hari Rud at Pul-i-Pashtoon","name_ru":null,"river":"Hari Rud","country":"AFG","basin":"HARIRUD","q_m3s":35.0,"source":"USGS Data Report 529","res":"month","has_ts":true,"ts_start":"1963-04-15","ts_end":"1977-12-15","n_complete":177,"n_miss":47,"n_propmiss":0.2655367231638418,"n_largestgap":36}},{"type":"Feature","id":"ca-discharge:8-0.000-4M","geometry":{"type":"Point","coordinates":[62.936477,34.256288]},"properties":{"code":"8-0.000-4M","name_eng":"Hari Rud River at Robat-i-Akhond","name_ru":null,"river":"Hari Rud","country":"AFG","basin":"HARIRUD","q_m3s":47.5,"source":"USGS Data Report 529","res":"month","has_ts":true,"ts_start":"1966-05-15","ts_end":"1978-12-15","n_complete":152,"n_miss":3,"n_propmiss":0.019736842105263157,"n_largestgap":3}},{"type":"Feature","id":"ca-discharge:8-0.000-5M","geometry":{"type":"Point","coordinates":[63.672795,34.339243]},"properties":{"code":"8-0.000-5M","name_eng":"Hari Rud River at Tagaw Ghaza","name_ru":null,"river":"Hari Rud","country":"AFG","basin":"HARIRUD","q_m3s":39.1,"source":"USGS Data Report 529","res":"month","has_ts":true,"ts_start":"1963-01-15","ts_end":"1978-12-15","n_complete":192,"n_miss":0,"n_propmiss":0.0,"n_largestgap":null}},{"type":"Feature","id":"ca-discharge:8-0.000-7M","geometry":{"type":"Point","coordinates":[65.250143,34.521312]},"properties":{"code":"8-0.000-7M","name_eng":"Hari Rud River at Chekcheran","name_ru":null,"river":"Hari Rud","country":"AFG","basin":"HARIRUD","q_m3s":31.8,"source":"USGS Data Report 529","res":"month","has_ts":true,"ts_start":"1963-01-15","ts_end":"1978-12-15","n_complete":192,"n_miss":0,"n_propmiss":0.0,"n_largestgap":null}},{"type":"Feature","id":"ca-discharge:8-0.000-9M","geometry":{"type":"Point","coordinates":[65.766174,34.551406]},"properties":{"code":"8-0.000-9M","name_eng":"Hari Rud River at Daulatyar","name_ru":null,"river":"Hari Rud","country":"AFG","basin":"HARIRUD","q_m3s":22.2,"source":"USGS Data Report 529","res":"month","has_ts":true,"ts_start":"1969-09-15","ts_end":"1978-12-15","n_complete":112,"n_miss":3,"n_propmiss":0.026785714285714284,"n_largestgap":3}},{"type":"Feature","id":"ca-discharge:8-1.R00-9T","geometry":{"type":"Point","coordinates":[62.119058,34.682486]},"properties":{"code":"8-1.R00-9T","name_eng":"Senjab River at Khush Rabat","name_ru":null,"river":"Senjab","country":"AFG","basin":"HARIRUD","q_m3s":0.32,"source":"USGS Data Report 529","res":"month","has_ts":true,"ts_start":"1969-06-15","ts_end":"1978-12-15","n_complete":115,"n_miss":4,"n_propmiss":0.034782608695652174,"n_largestgap":3}},{"type":"Feature","id":"ca-discharge:8-11.L00-1A","geometry":{"type":"Point","coordinates":[65.666845,34.501866]},"properties":{"code":"8-11.L00-1A","name_eng":"Lal River at Shinya","name_ru":null,"river":"Lal","country":"AFG","basin":"HARIRUD","q_m3s":5.13,"source":"USGS Data Report 529","res":"decade","has_ts":true,"ts_start":"1977-01-15","ts_end":"1978-12-15","n_complete":70,"n_miss":47,"n_propmiss":0.6714285714285714,"n_largestgap":5}},{"type":"Feature","id":"ca-discharge:8-2.R00-3A","geometry":{"type":"Point","coordinates":[62.466711,34.429993]},"properties":{"code":"8-2.R00-3A","name_eng":"Karukh River near Herat","name_ru":null,"river":"Karukh","country":"AFG","basin":"HARIRUD","q_m3s":3.06,"source":"USGS Data Report 529","res":"month","has_ts":true,"ts_start":"1973-01-15","ts_end":"1977-12-15","n_complete":60,"n_miss":3,"n_propmiss":0.05,"n_largestgap":3}},{"type":"Feature","id":"ca-discharge:8-3.L00-1A","geometry":{"type":"Point","coordinates":[63.001935,34.219919]},"properties":{"code":"8-3.L00-1A","name_eng":"Kowgan River at Langar","name_ru":null,"river":"Kowgan","country":"AFG","basin":"HARIRUD","q_m3s":7.36,"source":"USGS Data Report 529","res":"month","has_ts":true,"ts_start":"1962-01-15","ts_end":"1978-12-15","n_complete":204,"n_miss":3,"n_propmiss":0.014705882352941176,"n_largestgap":3}},{"type":"Feature","id":"ca-discharge:8-3.L00-6A","geometry":{"type":"Point","coordinates":[64.20124,34.13418]},"properties":{"code":"8-3.L00-6A","name_eng":"Kowgan River at Tangi Azu","name_ru":null,"river":"Kowgan","country":"AFG","basin":"HARIRUD","q_m3s":1.9,"source":"USGS Data Report 529","res":"month","has_ts":true,"ts_start":"1963-01-15","ts_end":"1978-12-15","n_complete":192,"n_miss":1,"n_propmiss":0.005208333333333333,"n_largestgap":1}},{"type":"Feature","id":"ca-discharge:9-0.000-1M","geometry":{"type":"Point","coordinates":[63.327003,35.582182]},"properties":{"code":"9-0.000-1M","name_eng":"Bala Murghab Gauge","name_ru":null,"river":"Murghab","country":"AFG","basin":"MURGHAB","q_m3s":51.4,"source":"USGS Data Report 529","res":"month","has_ts":true,"ts_start":"1969-04-15","ts_end":"1978-12-15","n_complete":117,"n_miss":3,"n_propmiss":0.02564102564102564,"n_largestgap":3}},{"type":"Feature","id":"ca-discharge:9-0.000-5M","geometry":{"type":"Point","coordinates":[64.007794,35.035138]},"properties":{"code":"9-0.000-5M","name_eng":"Qala-I-Niazkhan Gauge","name_ru":null,"river":"Murghab","country":"AFG","basin":"MURGHAB","q_m3s":46.8,"source":"USGS Data Report 529","res":"month","has_ts":true,"ts_start":"1966-02-15","ts_end":"1978-12-15","n_complete":155,"n_miss":3,"n_propmiss":0.01935483870967742,"n_largestgap":3}},{"type":"Feature","id":"ca-discharge:9-1.000-1A","geometry":{"type":"Point","coordinates":[62.038924,35.383098]},"properties":{"code":"9-1.000-1A","name_eng":"Char Takhta Gauge","name_ru":null,"river":"Gulran","country":"AFG","basin":"MURGHAB","q_m3s":0.26,"source":"USGS Data Report 529","res":"month","has_ts":true,"ts_start":"1977-07-15","ts_end":"1978-12-15","n_complete":18,"n_miss":3,"n_propmiss":0.16666666666666666,"n_largestgap":3}},{"type":"Feature","id":"ca-discharge:9-2.000-1A","geometry":{"type":"Point","coordinates":[62.287696,35.257799]},"properties":{"code":"9-2.000-1A","name_eng":"Chil Dukhtaran Gauge","name_ru":null,"river":"Kushk","country":"AFG","basin":"MURGHAB","q_m3s":1.92,"source":"USGS Data Report 529","res":"month","has_ts":true,"ts_start":"1970-08-15","ts_end":"1978-12-15","n_complete":101,"n_miss":31,"n_propmiss":0.3069306930693069,"n_largestgap":18}},{"type":"Feature","id":"ca-discharge:9-3.000-1A","geometry":{"type":"Point","coordinates":[62.928122,35.319678]},"properties":{"code":"9-3.000-1A","name_eng":"Babulai Gauge","name_ru":null,"river":"Kashan","country":"AFG","basin":"MURGHAB","q_m3s":2.68,"source":"USGS Data Report 529","res":"month","has_ts":true,"ts_start":"1974-01-15","ts_end":"1978-12-15","n_complete":60,"n_miss":3,"n_propmiss":0.05,"n_largestgap":3}},{"type":"Feature","id":"ca-discharge:9-4.R00-8A","geometry":{"type":"Point","coordinates":[64.083042,35.727168]},"properties":{"code":"9-4.R00-8A","name_eng":"Chichaktu Gauge","name_ru":null,"river":"Chichaktu","country":"AFG","basin":"MURGHAB","q_m3s":0.76,"source":"USGS Data Report 529","res":"month","has_ts":true,"ts_start":"1970-05-15","ts_end":"1978-12-15","n_complete":104,"n_miss":3,"n_propmiss":0.028846153846153848,"n_largestgap":3}},{"type":"Feature","id":"ca-discharge:9-5.L00-1A","geometry":{"type":"Point","coordinates":[63.465486,35.234825]},"properties":{"code":"9-5.L00-1A","name_eng":"Luka-I-Surkh Gauge","name_ru":null,"river":"Bum","country":"AFG","basin":"MURGHAB","q_m3s":0.32,"source":"USGS Data Report 529","res":"month","has_ts":true,"ts_start":"1969-05-15","ts_end":"1978-12-15","n_complete":116,"n_miss":3,"n_propmiss":0.02586206896551724,"n_largestgap":3}}]}