{"type": "FeatureCollection", "features": [{"type": "Feature", "properties": {"type": "\u041e\u0440\u0430\u0448\u0430\u0435\u043c\u044b\u0435 \u0437\u0435\u043c\u043b\u0438"}, "geometry": {"type": "Polygon", "coordinates": [[[65.28391420517647, 39.109900785892584], [65.27443414931662, 39.094120297413845], [65.2602140664261, 39.09311291103205], [65.2257411359447, 39.130040915156144], [65.17015353665646, 39.17097461118942], [65.01804173363917, 39.25276998194915], [64.99951253387637, 39.26784470227125], [64.98680064103684, 39.32099886470587], [65.0057607527566, 39.33237777431486], [65.05402285417142, 39.32970055103966], [65.14623794192755, 39.28886010660869], [65.19105275038419, 39.244645027246236], [65.22466385695151, 39.221856588810574], [65.26775501937868, 39.20576614089475], [65.28391420517647, 39.109900785892584]]]}}, {"type": "Feature", "properties": {"type": "\u041e\u0440\u0430\u0448\u0430\u0435\u043c\u044b\u0435 \u0437\u0435\u043c\u043b\u0438"}, "geometry": {"type": "Polygon", "coordinates": [[[65.22423294499447, 39.004742356674456], [65.29748792103078, 38.98456616189889], [65.30610615387593, 38.969766599948684], [65.27982054518208, 38.96101993941875], [65.24922581871664, 38.96101993941875], [65.09366672364047, 38.97481225618072], [65.08591031381002, 38.98792926392446], [65.10917954240199, 39.01751761394678], [65.12857056517947, 39.021215280860595], [65.16692169877746, 39.00709586897921], [65.22423294499447, 39.004742356674456]]]}}, {"type": "Feature", "properties": {"type": "\u041e\u0440\u0430\u0448\u0430\u0435\u043c\u044b\u0435 \u0437\u0435\u043c\u043b\u0438"}, "geometry": {"type": "Polygon", "coordinates": [[[65.62239528481462, 39.050453594058176], [65.82320010120378, 38.989947047618216], [66.04813596830036, 38.85681743557626], [66.08347072089708, 38.853448064376714], [66.19550774338768, 38.887808114652834], [66.22394791006803, 38.901278073924], [66.24721713776073, 38.93561481017542], [66.36356327622428, 38.94167249508962], [66.36356327622428, 38.92821026369278], [66.31443935089537, 38.91541875836907], [66.31357752788067, 38.848056732132534], [66.2782427752839, 38.79074840061826], [66.23084249598446, 38.77388416162483], [66.2015405062894, 38.772534849403826], [66.20929691522052, 38.75971509367668], [66.2782427752839, 38.7279930922075], [66.33081399267166, 38.68359219762187], [66.37993791800056, 38.59301613418728], [66.42216725741304, 38.554452533058], [66.42216725741304, 38.52466986831985], [66.35839233723662, 38.53888587278488], [66.3385704016028, 38.55783613962621], [66.29461741616086, 38.56324957810556], [66.26617724858119, 38.55242229195528], [66.229118849955, 38.55073038030286], [66.22351699901037, 38.56426455116815], [66.20369506427585, 38.56663276738834], [66.17008395680921, 38.589972397608115], [66.12483823729485, 38.60248470300666], [66.12311459036613, 38.61533288990102], [66.14466017202938, 38.617361338654916], [66.1386274091277, 38.631896864149034], [66.09876808368017, 38.65690453261811], [66.08153161888912, 38.679539022407994], [66.06127877309694, 38.67683677639616], [65.98716197314661, 38.69406183328703], [65.88417409635753, 38.663999700625716], [65.84323749101748, 38.63629074032548], [65.81652097126583, 38.63155886205192], [65.77472254291109, 38.63426283116479], [65.71439491569288, 38.662310440174736], [65.70793124173348, 38.69203557258367], [65.69026386498541, 38.70182862938776], [65.65277455440224, 38.70486757797641], [65.52608653706409, 38.68494320596427], [65.48859722558154, 38.6663646001462], [65.46425071889564, 38.71854123908695], [65.49484544356243, 38.75701590266181], [65.49786182636221, 38.80727145391449], [65.40349217972039, 38.80693428818688], [65.38819481783662, 38.82159954628207], [65.38948755280836, 38.85226874470686], [65.41835863144576, 38.87686187697409], [65.4084476636288, 38.889660387117196], [65.36837288310215, 38.88999715804248], [65.30115066996751, 38.81081160637058], [65.26710865234247, 38.79024253286667], [65.2257411359447, 38.79159150784187], [65.19471549932086, 38.84283348767537], [65.20333373216606, 38.86911428139899], [65.37182017606033, 38.97043937467742], [65.37192790404958, 38.98784518810498], [65.33935982039947, 39.041738375625584], [65.33971726044325, 39.065236142633914], [65.35609190221959, 39.077328634608875], [65.39056483180161, 39.07464159523346], [65.41469588340834, 39.05246958000714], [65.4569252219215, 39.04642144859105], [65.62239528481462, 39.050453594058176]]]}}, {"type": "Feature", "properties": {"type": "\u041e\u0440\u0430\u0448\u0430\u0435\u043c\u044b\u0435 \u0437\u0435\u043c\u043b\u0438"}, "geometry": {"type": "Polygon", "coordinates": [[[68.06072558891488, 38.569294818201335], [68.07091100014257, 38.5337560004391], [68.08415500025313, 38.53332700044075], [68.08524200001835, 38.517182999695706], [68.10400099994625, 38.517182999695706], [68.11279699998164, 38.49479599973563], [68.09983300019286, 38.49307500041101], [68.121310999603, 38.47240799972944], [68.10003899980005, 38.437971999907916], [68.07163500025513, 38.414508999790534], [68.06666100020504, 38.395567000416804], [68.0911669998572, 38.39126399983376], [68.10440499969103, 38.40546900019427], [68.12837799994479, 38.41127499994132], [68.14049700033631, 38.410193999553485], [68.14202677951232, 38.40236241629253], [68.04314905358603, 38.289951891866394], [68.00264336110229, 38.21723646229293], [67.96213766861858, 38.141895351389394], [67.92680291602183, 38.01791369356216], [67.868198934833, 37.908914544071024], [67.8311405353075, 37.85973484728543], [67.67730508626079, 37.7527231257717], [67.61783928205728, 37.69316657997376], [67.55320253886612, 37.56636290622322], [67.54803159897914, 37.50287928455138], [67.48856579477562, 37.41975360334617], [67.47650026987162, 37.36955833904614], [67.45064557223542, 37.330341213176496], [67.43751777082849, 37.23156771058144], [67.32568200042401, 37.20297099981183], [67.30456399962894, 37.18845000016745], [67.25814200015321, 37.185602000132235], [67.23245800013666, 37.23266400034339], [67.19496000030381, 37.257181999649625], [67.17299174177549, 37.258589452141564], [67.15978022697594, 37.31795256635791], [67.11582724063469, 37.35992797679472], [67.05980873118807, 37.43831038621539], [67.07015060916336, 37.47060186628317], [67.00809933591569, 37.452053160225205], [66.9163151601166, 37.454114356892084], [66.88098040662055, 37.42731433418924], [66.85572522853651, 37.35720063430187], [66.78617984982024, 37.4458692266835], [66.81548184041463, 37.4815915034452], [66.78704167283502, 37.48227830130264], [66.68103741414541, 37.419066226325356], [66.674142828229, 37.40669234637471], [66.69029475649785, 37.355718540778064], [66.65667999958235, 37.3232450001567], [66.6253629997027, 37.330207000152996], [66.59367699989366, 37.368724000212474], [66.5750970001265, 37.369170000095494], [66.55373199963212, 37.35475299985108], [66.51963600020133, 37.37856900005937], [66.51518373284307, 37.38319798599831], [66.57589497757122, 37.40875480299184], [66.70603028786752, 37.455488456227336], [66.80944907841227, 37.522101699733696], [66.89390775633797, 37.548867457367294], [66.98741557816646, 37.575280560249716], [67.00594477792917, 37.567734922728555], [67.03697041455302, 37.5378878062773], [67.05851599621633, 37.5368583802101], [67.10785537572508, 37.61376845644917], [67.17313848685177, 37.6495810125537], [67.20330230136017, 37.675958075105136], [67.20028592035897, 37.7173886447702], [67.17270757579405, 37.72046932459972], [67.13952738118377, 37.69582026978969], [67.05851599621633, 37.6821227784435], [66.9917246941394, 37.619081465837034], [66.9499262666839, 37.59336979997636], [66.92062427608954, 37.59336979997636], [66.8995096072826, 37.60434120698119], [66.87624037869057, 37.64101499884316], [66.88141131857753, 37.660886624717996], [66.90942057420017, 37.6920537139078], [67.04257226639703, 37.742372654774265], [67.09126527886957, 37.77436030518396], [67.12573820935091, 37.789408490109786], [67.17723214774549, 37.791118316257325], [67.22226241218061, 37.77436030518396], [67.26836995560905, 37.684348793861766], [67.3213720858531, 37.664826051880816], [67.35088953242602, 37.63416147057546], [67.35606047141367, 37.60262703171219], [67.33553657984936, 37.529263967957824], [67.28840734632202, 37.449218920716646], [67.26341447170057, 37.379187455736535], [67.23195792401901, 37.369902257783], [67.22980336603256, 37.360615900603364], [67.25131620877607, 37.356497707103536], [67.24186889093664, 37.33825510418978], [67.24919438881005, 37.333782138934616], [67.29271646319427, 37.35304838257683], [67.32331118786107, 37.336190692446564], [67.34313312259557, 37.33825510418978], [67.36554052727358, 37.35752019130381], [67.37932969910639, 37.41769145159924], [67.3810533451358, 37.48227830130264], [67.43012340557078, 37.57489472231361], [67.47106001091083, 37.61980983215807], [67.50811841043634, 37.67959702528253], [67.52966399120025, 37.83423546729302], [67.5796497386446, 37.90050682183244], [67.61498449303997, 37.91467562178258], [67.62963548788753, 37.97200553702595], [67.6563520076391, 38.002699437129365], [67.67962123623114, 37.98837722812663], [67.70181318493059, 37.98769514811266], [67.71064687285497, 38.00252895085043], [67.71667963575662, 38.031591021208726], [67.69815043599391, 38.06089699310178], [67.70289046392382, 38.09866209068297], [67.69297949610693, 38.103429227776694], [67.67466575232264, 38.07226691038966], [67.65419744965266, 38.063239256686416], [67.63717644084012, 38.0690307107987], [67.63480642687517, 38.22386543793965], [67.64644104072153, 38.2581903903743], [67.68005214818817, 38.26192776415502], [67.70633775688202, 38.25037525391491], [67.72788333764595, 38.250715060052016], [67.75933988622683, 38.270421075772106], [67.76149444421328, 38.315588657690455], [67.81104928059989, 38.380742978705534], [67.81578930942912, 38.43431521887231], [67.8651286898372, 38.496144702216256], [67.8810724196565, 38.53507829162993], [67.88974451559697, 38.616262602736974], [68.06072558891488, 38.569294818201335]], [[67.66766887032219, 37.81896720117544], [67.68494353741436, 37.83468429014795], [67.70425051674799, 37.89067414809352], [67.73321098799676, 37.91925673231241], [67.75759875288018, 37.92448895020494], [67.75150181076003, 37.936159468584655], [67.72813020334627, 37.93656186663691], [67.70577475160353, 37.92690369285118], [67.60212675174824, 37.83347540256784], [67.6356599293623, 37.81413049432688], [67.66766887032219, 37.81896720117544]]]}}, {"type": "Feature", "properties": {"type": "\u041e\u0440\u0430\u0448\u0430\u0435\u043c\u044b\u0435 \u0437\u0435\u043c\u043b\u0438"}, "geometry": {"type": "Polygon", "coordinates": [[[65.41167276828367, 40.20624815572785], [65.5374989617078, 40.202283336207074], [65.5836065060355, 40.179150560849735], [65.64436504521075, 40.11632152242037], [65.67409794686277, 40.10705755386306], [65.74649109898509, 40.142121582644954], [65.99211072383086, 40.07329948997955], [66.15154802472158, 40.048135452788976], [66.22394117684388, 40.01766119231024], [66.2928870369073, 40.01964906185475], [66.37562206790415, 39.99247645182686], [66.41871323123068, 39.99048778368433], [66.54626307068423, 40.01037183459255], [66.65399097720189, 40.071313196047186], [66.66778014903468, 40.06535396441398], [66.63847815844031, 40.022299463749285], [66.64623456827074, 39.99446506061412], [66.66778014903468, 39.991813568741236], [66.7470678870734, 40.046810770300844], [66.77464623073898, 40.04946010919672], [66.78067899364072, 40.03488745968855], [66.74534424104394, 39.9865102738301], [66.84531573683182, 39.97192407243808], [66.88668325322958, 39.9865102738301], [66.9918256889045, 40.00506999208653], [67.01423309268313, 40.024287198395534], [67.07973165978831, 40.030250049800024], [67.10213906356698, 40.016335912672275], [67.09007353866292, 40.001756129741636], [67.00992397671024, 39.97855455265056], [66.97458922411344, 39.930800620352386], [66.97545104712816, 39.8989459967604], [67.0780080137589, 39.82921195556737], [67.26933277428815, 39.76688906727668], [67.37964614984996, 39.754916559251846], [67.52529427800857, 39.802129267851456], [67.53046521789554, 39.78750346841036], [67.51236692919046, 39.76954934012997], [67.51322875310457, 39.75358615078027], [67.52787974795206, 39.74360726436378], [67.49168317144125, 39.727638013583494], [67.48823587758373, 39.70301144901918], [67.50288687422994, 39.67304827865519], [67.4468683629846, 39.63707517378031], [67.42359913529191, 39.59791633926767], [67.41603180972031, 39.535413748445755], [67.39457400009007, 39.526293999668376], [67.4190288274185, 39.502234306568035], [67.36499515410316, 39.38991828560046], [67.36499515410316, 39.361825627750584], [67.23572166772084, 39.392593183228875], [67.02112767859956, 39.38456818187615], [66.989240218961, 39.399279973591945], [67.02802226541525, 39.48414599404242], [67.03146955837349, 39.50951871261856], [67.0219895034129, 39.538885987698215], [66.96510916825355, 39.570241748358065], [66.76602799879316, 39.61091621571086], [66.60486705187299, 39.58091278899405], [66.59107788004019, 39.592582345099174], [66.59926520092834, 39.74477154197314], [66.42733146317653, 39.81907797566811], [66.16878448861331, 39.87421519177775], [66.08432581068769, 39.89015016309958], [66.01020901163662, 39.894133323394215], [65.72839281117932, 39.952360376230445], [65.56033727834279, 40.03323127900041], [65.49570053515163, 40.05310278076876], [65.48794412532118, 40.02130557619142], [65.42761649810296, 40.040518174374306], [65.23198262160076, 40.04714194294638], [65.02428321929517, 40.03985576073484], [64.87001685829142, 39.99081923332102], [64.72092143717464, 39.880689224128446], [64.65025193108181, 39.70251217060025], [64.56045091417838, 39.64492078376719], [64.52594123110299, 39.6336516678902], [64.48907374325869, 39.62702191163197], [64.42562736880808, 39.63099984236891], [64.31073798906698, 39.65552532043722], [64.11611195040626, 39.63961790074558], [64.08539434237508, 39.65810917160104], [64.09867042130297, 39.76235639603089], [64.14513669710095, 39.827217006559636], [64.18275225361366, 39.84491494586809], [64.2613023865959, 39.92843826231598], [64.26019604691008, 39.97526865292605], [64.23917558928207, 40.00930681965405], [64.2347502287401, 40.073932226890804], [64.3000242836938, 40.11301760927528], [64.53124932479653, 40.148684502188075], [64.80861195207994, 40.1342668400427], [64.85342676143597, 40.13955855708178], [64.89307063000564, 40.158076294085724], [64.90168886285079, 40.19377470373962], [64.88789969101799, 40.22549073191181], [64.90513615580898, 40.24398484102767], [64.93960908539106, 40.2400222473289], [64.98442389384769, 40.19509650390057], [65.00252218165343, 40.18716531532709], [65.08827359455078, 40.177911081031596], [65.17790321326271, 40.1881567648229], [65.18738326912262, 40.20368756912608], [65.13696660882198, 40.22846334290899], [64.9641710480555, 40.261648564729505], [64.90729071379548, 40.279142625931506], [64.88100510510156, 40.29861178180835], [64.88574513303149, 40.32599102636481], [64.8991033929073, 40.33753313684485], [64.92927062394023, 40.33624101790871], [65.0223441172872, 40.30158115704483], [65.21323796585949, 40.278152518224196], [65.32204315137038, 40.22408695404977], [65.38021621970285, 40.21715020611719], [65.41167276828367, 40.20624815572785]]]}}, {"type": "Feature", "properties": {"type": "\u041e\u0440\u0430\u0448\u0430\u0435\u043c\u044b\u0435 \u0437\u0435\u043c\u043b\u0438"}, "geometry": {"type": "Polygon", "coordinates": [[[67.52960797872525, 37.92974604514392], [67.51496621002262, 37.91064204189678], [67.47362474608518, 37.915759676268124], [67.42539303815823, 37.85227564180746], [67.40256910438075, 37.846812072419254], [67.38103709168848, 37.85227564180746], [67.3724242871512, 37.86798113132419], [67.38405157332151, 37.894263200286495], [67.41376575108859, 37.9362266227605], [67.43874288487632, 37.95395999715617], [67.47362474608518, 37.967257194863684], [67.50118572204347, 37.96657534687483], [67.52444029618276, 37.949868062960775], [67.52960797872525, 37.92974604514392]]]}}, {"type": "Feature", "properties": {"type": "\u041e\u0440\u0430\u0448\u0430\u0435\u043c\u044b\u0435 \u0437\u0435\u043c\u043b\u0438"}, "geometry": {"type": "Polygon", "coordinates": [[[67.28715751710581, 38.14908220168229], [67.23591132664649, 38.15078253008977], [67.22083891758204, 38.175942714584664], [67.21739379558726, 38.197695814810054], [67.24969181462556, 38.2282750279702], [67.26605614387596, 38.226576521589266], [67.28715751710581, 38.14908220168229]]]}}, {"type": "Feature", "properties": {"type": "\u041e\u0440\u0430\u0448\u0430\u0435\u043c\u044b\u0435 \u0437\u0435\u043c\u043b\u0438"}, "geometry": {"type": "Polygon", "coordinates": [[[65.56287394927341, 38.37758682776996], [65.56718035109235, 38.418593233091315], [65.58354468124207, 38.43248264605733], [65.59904772976898, 38.435869899376435], [65.61498141865758, 38.429772727929105], [65.61455077919516, 38.411816933204925], [65.59517196831172, 38.38504428316718], [65.56287394927341, 38.37758682776996]]]}}, {"type": "Feature", "properties": {"type": "\u041e\u0440\u0430\u0448\u0430\u0435\u043c\u044b\u0435 \u0437\u0435\u043c\u043b\u0438"}, "geometry": {"type": "Polygon", "coordinates": [[[66.77577221791357, 39.24793481114266], [66.7546708446838, 39.17758238082229], [66.73873715579515, 39.16417386323325], [66.73486139433794, 39.143720911091236], [66.75122572268901, 39.123932846623624], [66.96396200834005, 39.19567979178902], [67.03243380787399, 39.24793481114266], [67.2682093456848, 39.203805340943795], [67.3030912059944, 39.18839112205268], [67.28543495565873, 39.172303084319935], [67.2389258091788, 39.16660434761258], [67.1568888409473, 39.172973492932385], [67.11597801737166, 39.15956408861183], [67.07420591217317, 39.110597898074616], [67.07248335072609, 39.091136050088714], [67.12394486136634, 39.05236399780029], [67.27811407220673, 39.0248244868606], [67.28328175474923, 39.01138665317154], [67.23332748537518, 38.995929961098845], [67.13083510535586, 39.01105067364972], [67.0520279389383, 38.98954468104228], [67.03049592714535, 38.970721533372114], [67.01628479790513, 38.930032862126936], [67.07872763507237, 38.88292568267416], [67.06236330492266, 38.86710406460093], [67.02748144461304, 38.88090610033628], [66.99561406593642, 38.9185954453236], [66.91293113806164, 38.93743255406917], [66.8715896741242, 38.92330519487888], [66.83627717255352, 38.925996338760065], [66.73033967143874, 38.951557075898386], [66.64335033994627, 38.94684921671803], [66.58908966875327, 38.934741847258515], [66.54430308282105, 38.907829117919505], [66.49176497217574, 38.854646250923786], [66.42975277626965, 38.8539727927103], [66.42027869010951, 38.8391550896357], [66.42458509282784, 38.79266120465092], [66.40822076267813, 38.78592042169015], [66.3660180180172, 38.81759651276888], [66.35433519601253, 38.8484592911634], [66.39487091506072, 38.9111937721749], [66.43836558080699, 38.93070559368823], [66.46678783658945, 38.96130806691383], [66.45761657194731, 38.98535338704921], [66.46162015404695, 39.01474635216249], [66.50231565834098, 39.050517174328206], [66.53116855538457, 39.047494993599116], [66.65433166737262, 39.11453993956661], [66.66380575173412, 39.16082133093971], [66.71419066236922, 39.18998296524171], [66.74089035670465, 39.26601394968407], [66.7546708446838, 39.27170455831879], [66.76629813175344, 39.26768770582299], [66.77577221791357, 39.24793481114266]]]}}, {"type": "Feature", "properties": {"type": "\u041e\u0440\u0430\u0448\u0430\u0435\u043c\u044b\u0435 \u0437\u0435\u043c\u043b\u0438"}, "geometry": {"type": "Polygon", "coordinates": [[[69.74855883472247, 41.19041062215256], [69.6595929948209, 41.26063192862069], [69.65231397211215, 41.28198854833289], [69.66525445822674, 41.30638749268871], [69.77120468474845, 41.34601616541374], [69.78333638986253, 41.31492495112565], [69.78252760976142, 41.27039582760539], [69.76230810093818, 41.238657776835], [69.74855883472247, 41.19041062215256]]]}}, {"type": "Feature", "properties": {"type": "\u041e\u0440\u0430\u0448\u0430\u0435\u043c\u044b\u0435 \u0437\u0435\u043c\u043b\u0438"}, "geometry": {"type": "Polygon", "coordinates": [[[71.03689578621164, 40.0291674225386], [71.09720008771393, 40.077215637291886], [71.09516374291246, 40.091788139311234], [71.11968699965536, 40.01608500002276], [71.14215899993796, 40.02632600014482], [71.18009400013808, 40.02748499963308], [71.20735900021776, 40.03762799973247], [71.18538200027915, 40.00137799989483], [71.1423170000296, 40.00022399973784], [71.16745199990993, 39.987231999557196], [71.16523400014904, 39.9719980003075], [71.13273399967443, 39.95770999971676], [71.16461100019757, 39.949862000231164], [71.21543300023285, 39.95182599996996], [71.19067199961312, 39.947067999988235], [71.22517900001088, 39.930514000121036], [71.21358100026299, 39.92187099994675], [71.2163769996988, 39.912464999660074], [71.1965819996596, 39.910972000057825], [71.1955650004245, 39.89743599997149], [71.17427599983756, 39.89514799968048], [71.16607800039945, 39.88710900038012], [71.12969499982444, 39.88717299973422], [71.1340160003382, 39.908208000299055], [71.12063900038957, 39.92247499992135], [71.09760200013227, 39.90890700015796], [71.09556899990946, 39.88539300038673], [71.08047599996745, 39.89651399972138], [71.05140100005616, 39.90000999996158], [71.07783799972395, 39.91424499990688], [71.082668000328, 39.94252500002881], [71.12006700009204, 39.95952399973288], [71.11561900001692, 39.97096300024229], [71.09839699992165, 39.972488000420924], [71.0899770001385, 39.99025100028347], [71.10052600007492, 39.99889300041167], [71.10688099995826, 39.99082299968177], [71.11457000020539, 39.99393700029236], [71.11434199958364, 40.014194000053116], [71.11001499969251, 40.020698999659146], [71.04655599965967, 40.023348000409946], [71.03689578621164, 40.0291674225386]]]}}, {"type": "Feature", "properties": {"type": "\u041e\u0440\u0430\u0448\u0430\u0435\u043c\u044b\u0435 \u0437\u0435\u043c\u043b\u0438"}, "geometry": {"type": "Polygon", "coordinates": [[[71.24608599287433, 41.1847911265093], [71.26785274480841, 41.10528009040388], [71.29292493603702, 41.085701144392374], [71.32204102867058, 41.078969522825275], [71.34873078100082, 41.082029437308734], [71.375420533331, 41.09732685225248], [71.40049272366029, 41.082029437308734], [71.36652394862136, 41.04101466739303], [71.30424786104999, 41.00426315072388], [71.25329469759225, 40.99691036741956], [71.08992106500523, 41.00365044980845], [71.06323131267499, 41.018353674582436], [71.06889277608082, 41.0814174648442], [71.10596867281606, 41.15239670374495], [71.12440699968333, 41.14153100035543], [71.14786699966237, 41.15900799961952], [71.14541599994853, 41.169855999854576], [71.16042399956797, 41.1813340003639], [71.17079910119764, 41.14197476362449], [71.19263617112244, 41.141363355934175], [71.2108579547309, 41.18896880566592], [71.22885499955862, 41.17945600009438], [71.23401099990775, 41.19256999960584], [71.24608599287433, 41.1847911265093]]]}}, {"type": "Feature", "properties": {"type": "\u041e\u0440\u0430\u0448\u0430\u0435\u043c\u044b\u0435 \u0437\u0435\u043c\u043b\u0438"}, "geometry": {"type": "Polygon", "coordinates": [[[67.87663668723337, 39.75477096081125], [67.86693132332198, 39.751025310569666], [67.80384645475014, 39.770375624635456], [67.75208451119128, 39.81217854600317], [67.68899964261948, 39.83712330599581], [67.68333818101229, 39.858319174590285], [67.6590747698848, 39.87639279309297], [67.61944453233934, 39.88464896787559], [67.5854757573004, 39.937433637552374], [67.58143185499614, 39.98286720835506], [67.60650404622481, 40.012724755143374], [67.63562013885837, 40.02205253959306], [67.65988354998593, 40.00339568466318], [67.69789622732905, 39.879508447556866], [67.85479961730857, 39.78348078830776], [67.87663668723337, 39.75477096081125]]]}}, {"type": "Feature", "properties": {"type": "\u0417\u0435\u043c\u043b\u0438, \u043f\u043e\u0434\u043b\u0435\u0436\u0430\u0449\u0438\u0435 \u043e\u0440\u043e\u0448\u0435\u043d\u0438\u044e \u0438 \u043e\u0441\u0432\u043e\u0435\u043d\u0438\u044e (\u043f\u0435\u0440\u0432\u0430\u044f \u043e\u0447\u0435\u0440\u0435\u0434\u044c)"}, "geometry": {"type": "Polygon", "coordinates": [[[67.91343490119976, 40.824207539346496], [67.92439640307161, 40.737624496373485], [67.94441305721688, 40.7213095282122], [67.98111025663309, 40.74523676916163], [67.9677658211358, 40.778575423417124], [67.93033729662898, 40.82597659304537], [67.95215299956133, 40.8126039997748], [67.9786369995979, 40.812867000211945], [67.9965029997137, 40.80232799983736], [68.01790600016182, 40.80522000010296], [68.0688133719396, 40.791805796999995], [68.0707086149107, 40.73327423192034], [68.05593441833878, 40.66871165671761], [68.02733919684653, 40.66544558344696], [67.96204677683733, 40.6727033066124], [67.89818411700344, 40.55003171908862], [67.8643464388371, 40.44870919607257], [67.8476658926669, 40.34048621276855], [67.87631806013042, 40.33648429801201], [67.85118892742713, 40.29735007164857], [67.80953893217605, 40.29748549426022], [67.76759927518646, 40.26098392526796], [67.71231518180025, 40.385008212758855], [67.70945565965104, 40.44110834197647], [67.69325170110515, 40.46368079922956], [67.65512473971499, 40.47605599938493], [67.6603671972884, 40.51489555028945], [67.67776262264698, 40.531079585254695], [67.64368665201744, 40.56652521976314], [67.6293890421706, 40.53707940598985], [67.60675115923868, 40.57415719040205], [67.63606125991923, 40.61330266638498], [67.72232350932256, 40.609489040886565], [67.74162528338019, 40.620021376385466], [67.74281675109222, 40.63581673965086], [67.66703941593636, 40.632549043103886], [67.64940569631591, 40.639991897108416], [67.65226521756578, 40.64979340484182], [67.71898740044821, 40.68104870583318], [67.70993224727545, 40.69156966580749], [67.66179695836297, 40.69555993704153], [67.62557634567185, 40.68794193826988], [67.58363668778298, 40.70317705807479], [67.5764878833092, 40.72022171995644], [67.6150914314245, 40.711881265208255], [67.69420487455538, 40.71550767883638], [67.72470644384737, 40.75248573562823], [67.72232350932256, 40.75973390619486], [67.70326002862748, 40.761545825179724], [67.65560132733947, 40.737987004996334], [67.65131204411563, 40.755747511038855], [67.66370330706201, 40.77350323718468], [67.71469811722437, 40.78908085389832], [67.79857743120357, 40.84701174109904], [67.82860241287113, 40.82927582342057], [67.86863572206094, 40.85750625740791], [67.8915118992548, 40.86401925198691], [67.89484800812915, 40.852440147894576], [67.87197183093531, 40.82312142811145], [67.91343490119976, 40.824207539346496]]]}}, {"type": "Feature", "properties": {"type": "\u0417\u0435\u043c\u043b\u0438, \u043f\u043e\u0434\u043b\u0435\u0436\u0430\u0449\u0438\u0435 \u043e\u0440\u043e\u0448\u0435\u043d\u0438\u044e \u0438 \u043e\u0441\u0432\u043e\u0435\u043d\u0438\u044e (\u043f\u0435\u0440\u0432\u0430\u044f \u043e\u0447\u0435\u0440\u0435\u0434\u044c)"}, "geometry": {"type": "Polygon", "coordinates": [[[68.87699137065526, 40.21029245733109], [68.85947800010966, 40.20788400004659], [68.84392999986964, 40.18465900011284], [68.79115000037227, 40.170878999566234], [68.77237399966043, 40.199790000008534], [68.69676100031995, 40.17569799966298], [68.53471499999733, 40.14298700024989], [68.53425000013743, 40.11360100038592], [68.59110019182043, 40.097282101287995], [68.54515098662881, 40.07337295110085], [68.54181487775445, 40.05652871302976], [68.52513433158417, 40.04114552614516], [68.50702402613797, 40.037116018389604], [68.48367126221905, 40.04554107865789], [68.4693736523722, 40.0755697160696], [68.44077843087996, 40.183489235739664], [68.44388986572477, 40.215857745438655], [68.46728595628188, 40.27694478267562], [68.42655942897454, 40.32869243960449], [68.43782421281725, 40.3638315123145], [68.51971052661956, 40.35123660778328], [68.66701924034572, 40.39100191090949], [68.82126012805251, 40.39298955472424], [68.87699137065526, 40.21029245733109]]]}}, {"type": "Feature", "properties": {"type": "\u0417\u0435\u043c\u043b\u0438, \u043f\u043e\u0434\u043b\u0435\u0436\u0430\u0449\u0438\u0435 \u043e\u0440\u043e\u0448\u0435\u043d\u0438\u044e \u0438 \u043e\u0441\u0432\u043e\u0435\u043d\u0438\u044e (\u043f\u0435\u0440\u0432\u0430\u044f \u043e\u0447\u0435\u0440\u0435\u0434\u044c)"}, "geometry": {"type": "Polygon", "coordinates": [[[65.62846192787572, 39.08458260040674], [65.62239528481462, 39.050453594058176], [65.50346367730691, 39.047093488573694], [65.41469588340834, 39.05246958000714], [65.39056483180161, 39.07464159523346], [65.35609190221959, 39.077328634608875], [65.33971726044325, 39.065236142633914], [65.33935982039947, 39.041738375625584], [65.37192790404958, 38.98784518810498], [65.37182017606033, 38.97043937467742], [65.20333373216606, 38.86911428139899], [65.19471549932086, 38.84283348767537], [65.2257411359447, 38.79159150784187], [65.26710865234247, 38.79024253286667], [65.30115066996751, 38.81081160637058], [65.36837288310215, 38.88999715804248], [65.4084476636288, 38.889660387117196], [65.41835863144576, 38.87686187697409], [65.38948755280836, 38.85226874470686], [65.38819481783662, 38.82159954628207], [65.40349217972039, 38.80693428818688], [65.49786182636221, 38.80727145391449], [65.49484544356243, 38.75701590266181], [65.46425071889564, 38.71854123908695], [65.48859722558154, 38.6663646001462], [65.52608653706409, 38.68494320596427], [65.65277455440224, 38.70486757797641], [65.69026386498541, 38.70182862938776], [65.70793124173348, 38.69203557258367], [65.71439491569288, 38.662310440174736], [65.6923011279947, 38.637698655068895], [65.69134795364522, 38.607414606598866], [65.7161304786387, 38.58609588161972], [65.7625977122147, 38.56738999115521], [65.80072467270553, 38.565893307030535], [65.89127620623195, 38.56402240870727], [65.94227101639433, 38.59956108257797], [65.97467893258668, 38.64480045377798], [66.01137613290227, 38.65264898476289], [66.06475387938809, 38.64367916376244], [66.07666855381075, 38.619380215924245], [66.05426896424137, 38.60554479915322], [66.05712848639058, 38.57749178162049], [66.07833660824792, 38.559999811342266], [66.10550206776628, 38.55550919958994], [66.17008395680921, 38.589972397608115], [66.20369506427585, 38.56663276738834], [66.22351699901037, 38.56426455116815], [66.229118849955, 38.55073038030286], [66.07023462942465, 38.45889268584881], [66.01399736168895, 38.559999811342266], [65.71470071756413, 38.512834299163615], [65.64321266563206, 38.47762702636623], [65.56718035109235, 38.418593233091315], [65.56287394927341, 38.37758682776996], [65.52369499153069, 38.308150555703655], [65.17381200032361, 38.500270000360274], [65.08026994040546, 38.572572034971465], [65.02662821771814, 38.64704297984969], [64.98468856072856, 38.760385075111174], [65.17747903363056, 38.968421030706054], [65.27982054518208, 38.96101993941875], [65.30610615387593, 38.969766599948684], [65.29748792103078, 38.98456616189889], [65.22423294499447, 39.004742356674456], [65.31389103983967, 39.09802383443246], [65.44702218342707, 39.20347134172908], [65.51340257806658, 39.20347134172908], [65.56208153413554, 39.18108749119483], [65.62846192787572, 39.08458260040674]]]}}, {"type": "Feature", "properties": {"type": "\u0417\u0435\u043c\u043b\u0438, \u043f\u043e\u0434\u043b\u0435\u0436\u0430\u0449\u0438\u0435 \u043e\u0440\u043e\u0448\u0435\u043d\u0438\u044e \u0438 \u043e\u0441\u0432\u043e\u0435\u043d\u0438\u044e (\u043f\u0435\u0440\u0432\u0430\u044f \u043e\u0447\u0435\u0440\u0435\u0434\u044c)"}, "geometry": {"type": "Polygon", "coordinates": [[[66.08432581068769, 39.89015016309958], [66.08491202027358, 39.855443709259816], [66.06727829975381, 39.83597341034465], [65.95813987405597, 39.8506684908582], [65.90952799931779, 39.866829417743475], [65.88093277782548, 39.86609491265016], [65.85996295022998, 39.85323980367406], [65.74057790274804, 39.87674445139538], [65.7019743546328, 39.889595122217145], [65.66527715521659, 39.91602315384551], [65.65513783514302, 39.984852908734794], [65.72839281117932, 39.952360376230445], [65.8137133121197, 39.93113235957077], [65.84215347880006, 39.931795836208956], [66.01020901163662, 39.894133323394215], [66.08432581068769, 39.89015016309958]]]}}, {"type": "Feature", "properties": {"type": "\u0417\u0435\u043c\u043b\u0438, \u043f\u043e\u0434\u043b\u0435\u0436\u0430\u0449\u0438\u0435 \u043e\u0440\u043e\u0448\u0435\u043d\u0438\u044e \u0438 \u043e\u0441\u0432\u043e\u0435\u043d\u0438\u044e (\u043f\u0435\u0440\u0432\u0430\u044f \u043e\u0447\u0435\u0440\u0435\u0434\u044c)"}, "geometry": {"type": "Polygon", "coordinates": [[[66.89764124055085, 37.59229840794523], [66.9499262666839, 37.59336979997636], [66.98741557816646, 37.575280560249716], [66.80944907841227, 37.522101699733696], [66.70603028786752, 37.455488456227336], [66.57589497757122, 37.40875480299184], [66.59284459730037, 37.44822222277742], [66.6249284535853, 37.486141006402356], [66.6271411338563, 37.55751671592373], [66.70403175686016, 37.61210343902251], [66.78921992975603, 37.64246082720546], [66.83845205611755, 37.634102794308546], [66.85947251374557, 37.609903143315464], [66.89764124055085, 37.59229840794523]]]}}, {"type": "Feature", "properties": {"type": "\u0417\u0435\u043c\u043b\u0438, \u043f\u043e\u0434\u043b\u0435\u0436\u0430\u0449\u0438\u0435 \u043e\u0440\u043e\u0448\u0435\u043d\u0438\u044e \u0438 \u043e\u0441\u0432\u043e\u0435\u043d\u0438\u044e (\u043f\u0435\u0440\u0432\u0430\u044f \u043e\u0447\u0435\u0440\u0435\u0434\u044c)"}, "geometry": {"type": "Polygon", "coordinates": [[[67.35088953242602, 37.63416147057546], [67.3213720858531, 37.664826051880816], [67.26836995560905, 37.684348793861766], [67.22226241218061, 37.77436030518396], [67.30187018476128, 37.79872397543119], [67.33893257188072, 37.79082268571841], [67.3798671492496, 37.80223538555463], [67.42799293412668, 37.78862773198432], [67.45399192168986, 37.80047970207664], [67.41250417582711, 37.74427559144544], [67.41582319578389, 37.69769895804052], [67.35088953242602, 37.63416147057546]]]}}, {"type": "Feature", "properties": {"type": "\u0417\u0435\u043c\u043b\u0438, \u043f\u043e\u0434\u043b\u0435\u0436\u0430\u0449\u0438\u0435 \u043e\u0440\u043e\u0448\u0435\u043d\u0438\u044e \u0438 \u043e\u0441\u0432\u043e\u0435\u043d\u0438\u044e (\u043f\u0435\u0440\u0432\u0430\u044f \u043e\u0447\u0435\u0440\u0435\u0434\u044c)"}, "geometry": {"type": "Polygon", "coordinates": [[[71.47775016663695, 40.736539415761456], [71.33281963901523, 40.65612365538243], [71.41413562166167, 40.59416639006691], [71.4395814398316, 40.550297698979705], [71.40141271302633, 40.51537185912405], [71.29686359158154, 40.56601361433689], [71.26865192374731, 40.60270475861779], [71.1818042417724, 40.63600443175913], [71.15646944670766, 40.65457356411872], [71.02193812524433, 40.69287021588781], [71.00866204631643, 40.72233693979797], [71.01142789598066, 40.75431450700893], [71.04351175316492, 40.771874537979606], [71.11044531809698, 40.75673323185322], [71.13755064534604, 40.758415770771244], [71.27307728428929, 40.79794308270715], [71.31899038979468, 40.78701236822627], [71.35937179687095, 40.74916127477309], [71.40915709262578, 40.73191079674592], [71.47775016663695, 40.736539415761456]]]}}, {"type": "Feature", "properties": {"type": "\u0417\u0435\u043c\u043b\u0438, \u043f\u043e\u0434\u043b\u0435\u0436\u0430\u0449\u0438\u0435 \u043e\u0440\u043e\u0448\u0435\u043d\u0438\u044e \u0438 \u043e\u0441\u0432\u043e\u0435\u043d\u0438\u044e (\u043f\u0435\u0440\u0432\u0430\u044f \u043e\u0447\u0435\u0440\u0435\u0434\u044c)"}, "geometry": {"type": "Polygon", "coordinates": [[[60.173134842399115, 41.60673714760133], [60.155212999780176, 41.6492370003873], [60.073515719874635, 41.71316051734408], [60.11411809667288, 41.71679046260983], [60.16943509175616, 41.705184513754375], [60.19598724961196, 41.68279565219762], [60.263473983937274, 41.66122858573073], [60.29002614179308, 41.63799437404116], [60.33649241759105, 41.62720419122053], [60.39070307388777, 41.62720419122053], [60.507975103967915, 41.60229682503848], [60.54005896115218, 41.58236395533232], [60.54448432079482, 41.55494613435667], [60.50908144365377, 41.53749232680951], [60.38865032815017, 41.549592302942465], [60.173134842399115, 41.60673714760133]]]}}, {"type": "Feature", "properties": {"type": "\u0417\u0435\u043c\u043b\u0438, \u043f\u043e\u0434\u043b\u0435\u0436\u0430\u0449\u0438\u0435 \u043e\u0440\u043e\u0448\u0435\u043d\u0438\u044e \u0438 \u043e\u0441\u0432\u043e\u0435\u043d\u0438\u044e (\u043f\u0435\u0440\u0432\u0430\u044f \u043e\u0447\u0435\u0440\u0435\u0434\u044c)"}, "geometry": {"type": "Polygon", "coordinates": [[[62.33605677839766, 40.43212641340329], [62.2730190001268, 40.48080900003537], [62.244392000190714, 40.487312999595304], [62.21600300043815, 40.48313300018788], [62.191955000323034, 40.49314300044915], [62.175641999878444, 40.51628600019881], [62.13187499963158, 40.5425510000287], [62.11554100001717, 40.56354999983267], [62.09168999999355, 40.6679569996159], [62.05681999994312, 40.6830290003881], [62.03514599958827, 40.70844999996756], [62.03618099965348, 40.76186299987761], [62.01236792044323, 40.79853975500573], [62.07897777260615, 40.83040922100878], [62.1630596058162, 40.801831458055396], [62.20288784259993, 40.753052527951866], [62.24714143902622, 40.66381158633567], [62.355562749821104, 40.52550329574057], [62.33605677839766, 40.43212641340329]]]}}, {"type": "Feature", "properties": {"type": "\u0417\u0435\u043c\u043b\u0438, \u043f\u043e\u0434\u043b\u0435\u0436\u0430\u0449\u0438\u0435 \u043e\u0440\u043e\u0448\u0435\u043d\u0438\u044e \u0438 \u043e\u0441\u0432\u043e\u0435\u043d\u0438\u044e (\u043f\u0435\u0440\u0432\u0430\u044f \u043e\u0447\u0435\u0440\u0435\u0434\u044c)"}, "geometry": {"type": "Polygon", "coordinates": [[[65.04305792498332, 39.658325365023636], [64.97426931227899, 39.648996022048834], [64.92337767593902, 39.67635855360441], [64.90235721831101, 39.72677958910679], [64.99750245017798, 39.78826002757824], [65.05613846521805, 39.80703468290437], [65.14022029842805, 39.78143160028816], [65.13026323855767, 39.71054636032631], [65.04305792498332, 39.658325365023636]]]}}, {"type": "Feature", "properties": {"type": "\u0417\u0435\u043c\u043b\u0438, \u043f\u043e\u0434\u043b\u0435\u0436\u0430\u0449\u0438\u0435 \u043e\u0440\u043e\u0448\u0435\u043d\u0438\u044e \u0438 \u043e\u0441\u0432\u043e\u0435\u043d\u0438\u044e (\u043f\u0435\u0440\u0432\u0430\u044f \u043e\u0447\u0435\u0440\u0435\u0434\u044c)"}, "geometry": {"type": "Polygon", "coordinates": [[[64.92927062394023, 40.33624101790871], [64.8991033929073, 40.33753313684485], [64.88574513303149, 40.32599102636481], [64.88100510510156, 40.29861178180835], [64.78460116411246, 40.307972696382876], [64.76081485592088, 40.327873706706264], [64.83825864921731, 40.4201032132927], [64.9118302531637, 40.38288826608067], [64.92927062394023, 40.33624101790871]]]}}, {"type": "Feature", "properties": {"type": "\u0417\u0435\u043c\u043b\u0438, \u043f\u043e\u0434\u043b\u0435\u0436\u0430\u0449\u0438\u0435 \u043e\u0440\u043e\u0448\u0435\u043d\u0438\u044e \u0438 \u043e\u0441\u0432\u043e\u0435\u043d\u0438\u044e (\u043f\u0435\u0440\u0432\u0430\u044f \u043e\u0447\u0435\u0440\u0435\u0434\u044c)"}, "geometry": {"type": "Polygon", "coordinates": [[[61.178209649056086, 41.98314443926449], [61.1472321315577, 41.99304907585423], [61.07089467794708, 41.9856207441021], [61.05319324027584, 41.96580759034805], [61.05098056000491, 41.85755135461135], [61.03327912143436, 41.80873432472936], [60.964409461827245, 41.77251103835379], [60.88475298915915, 41.81845935231729], [61.01253524760362, 41.94454282109438], [60.98681284473708, 42.001301753173436], [61.06536297861862, 42.10107369929182], [61.13838141317171, 42.080472600030525], [61.21693154615399, 42.04832142859112], [61.23573932441036, 42.00955335310482], [61.178209649056086, 41.98314443926449]]]}}, {"type": "Feature", "properties": {"type": "\u0417\u0435\u043c\u043b\u0438 \u043f\u0435\u0440\u0441\u043f\u0435\u043a\u0442\u0438\u0432\u043d\u043e\u0433\u043e\u043e\u0440\u043e\u0448\u0435\u043d\u0438\u044f \u0438 \u043e\u0441\u0432\u043e\u0435\u043d\u0438\u044f"}, "geometry": {"type": "Polygon", "coordinates": [[[66.94749568337913, 40.67981646825547], [66.97349467094239, 40.6069208316311], [67.03213068598245, 40.59975334823849], [67.05453406889222, 40.61882979086221], [67.1364032227306, 40.58847353312712], [67.14248809235163, 40.54713297120969], [67.13031835310954, 40.541647085144916], [67.11980812384587, 40.560634759286756], [67.09325596599007, 40.567384625400216], [67.08219256733315, 40.55641574459099], [67.09491547596849, 40.5264530400758], [67.22933577522588, 40.469021979880495], [67.2735893707529, 40.44155581494896], [67.40247796978251, 40.42390811806524], [67.50315490187728, 40.41841207415797], [67.63812837142723, 40.42221707605727], [67.70945565965104, 40.44110834197647], [67.71231518180025, 40.385008212758855], [67.76759927518646, 40.26098392526796], [67.69731755586058, 40.268576678271124], [67.53136656971145, 40.268576678271124], [67.2923971499086, 40.312630909388986], [67.14857296197266, 40.36342674724665], [67.04678969019209, 40.42602186121996], [66.8697753053861, 40.49531550710503], [66.65293268289707, 40.567911929392096], [66.53123529317429, 40.55947455740494], [66.3652843070252, 40.56959927518647], [66.24358691730242, 40.58984408014026], [66.17278116302032, 40.643800039440286], [66.24579959667409, 40.72801829710676], [66.27816003855496, 40.73148999676601], [66.70880284827291, 40.65823002589502], [66.84571241159858, 40.601439883743694], [66.92536888516598, 40.67602618825805], [66.94749568337913, 40.67981646825547]]]}}, {"type": "Feature", "properties": {"type": "\u0417\u0435\u043c\u043b\u0438 \u043f\u0435\u0440\u0441\u043f\u0435\u043a\u0442\u0438\u0432\u043d\u043e\u0433\u043e\u043e\u0440\u043e\u0448\u0435\u043d\u0438\u044f \u0438 \u043e\u0441\u0432\u043e\u0435\u043d\u0438\u044f"}, "geometry": {"type": "Polygon", "coordinates": [[[65.5374989617078, 40.202283336207074], [65.41167276828367, 40.20624815572785], [65.38021621970285, 40.21715020611719], [65.32204315137038, 40.22408695404977], [65.28632631190982, 40.247280490302444], [65.31287846976562, 40.28499449829751], [65.32781405777263, 40.29007791076702], [65.47993579560057, 40.2790633623843], [65.53359328070542, 40.24261773661931], [65.5374989617078, 40.202283336207074]]]}}, {"type": "Feature", "properties": {"type": "\u0417\u0435\u043c\u043b\u0438 \u043f\u0435\u0440\u0441\u043f\u0435\u043a\u0442\u0438\u0432\u043d\u043e\u0433\u043e\u043e\u0440\u043e\u0448\u0435\u043d\u0438\u044f \u0438 \u043e\u0441\u0432\u043e\u0435\u043d\u0438\u044f"}, "geometry": {"type": "Polygon", "coordinates": [[[64.83825864921731, 40.4201032132927], [64.76081485592088, 40.327873706706264], [64.78460116411246, 40.307972696382876], [64.88100510510156, 40.29861178180835], [64.90729071379548, 40.279142625931506], [64.9641710480555, 40.261648564729505], [65.13696660882198, 40.22846334290899], [65.18738326912262, 40.20368756912608], [65.17790321326271, 40.1881567648229], [65.08827359455078, 40.177911081031596], [65.00252218165343, 40.18716531532709], [64.98442389384769, 40.19509650390057], [64.93960908539106, 40.2400222473289], [64.90513615580898, 40.24398484102767], [64.88789969101799, 40.22549073191181], [64.90168886285079, 40.19377470373962], [64.89307063000564, 40.158076294085724], [64.85342676143597, 40.13955855708178], [64.80861195207994, 40.1342668400427], [64.53124932479653, 40.148684502188075], [64.3000242836938, 40.11301760927528], [64.2347502287401, 40.073932226890804], [64.23917558928207, 40.00930681965405], [64.26019604691008, 39.97526865292605], [64.2613023865959, 39.92843826231598], [64.18275225361366, 39.84491494586809], [64.14513669710095, 39.827217006559636], [64.09867042130297, 39.76235639603089], [64.08539434237508, 39.65810917160104], [64.0577358439341, 39.610204828590035], [64.0195671171288, 39.605391160573674], [63.999652999186594, 39.62678265959209], [63.95429306307442, 39.62250489308639], [63.912252146019796, 39.58056867600362], [63.66885736657429, 39.606246949137464], [63.62571010983372, 39.601967902896426], [63.54384095689469, 39.68920769198144], [63.61243403090584, 39.78401901456589], [63.72306802197169, 39.8360665513303], [63.79276743566868, 39.82668386506838], [63.84144639173764, 39.847153514922816], [63.883487308792326, 39.84544794526653], [64.02067345681462, 39.975587841205936], [63.986376920258685, 40.00196878613065], [64.03394953574252, 40.14624361984721], [64.02509881735658, 40.2048003947225], [64.1456898673935, 40.33679019431207], [64.09701091132456, 40.43830666422121], [64.17777372367846, 40.59366564935027], [64.4311255629944, 40.58944873277284], [64.4975059576339, 40.561610368124036], [64.55503563298811, 40.50505414863011], [64.65903158414034, 40.44422369786543], [64.7431134173504, 40.41421046584036], [64.83825864921731, 40.4201032132927]]]}}, {"type": "Feature", "properties": {"type": "\u0417\u0435\u043c\u043b\u0438 \u043f\u0435\u0440\u0441\u043f\u0435\u043a\u0442\u0438\u0432\u043d\u043e\u0433\u043e\u043e\u0440\u043e\u0448\u0435\u043d\u0438\u044f \u0438 \u043e\u0441\u0432\u043e\u0435\u043d\u0438\u044f"}, "geometry": {"type": "Polygon", "coordinates": [[[65.02428995162, 39.33438562319799], [64.98680064103684, 39.32099886470587], [64.99951253387637, 39.26784470227125], [65.17015353665646, 39.17097461118942], [65.2257411359447, 39.130040915156144], [65.2602140664261, 39.09311291103205], [65.27443414931662, 39.094120297413845], [65.28391420517647, 39.109900785892584], [65.28391420517647, 39.14111551217121], [65.26775501937868, 39.20576614089475], [65.22466385695151, 39.221856588810574], [65.19105275038419, 39.244645027246236], [65.14623794192755, 39.28886010660869], [65.05402285417142, 39.32970055103966], [65.02428995162, 39.33438562319799], [65.29319776366594, 39.59431447443348], [65.32601625634521, 39.584742048306964], [65.44107560615436, 39.632129493381456], [65.48588237287328, 39.66933191483604], [65.55558178657026, 39.61373463794325], [65.59872904331075, 39.53753607742805], [65.55060325663504, 39.41868228376047], [65.57604907480504, 39.38391991097519], [65.68447038559987, 39.49244075423746], [65.78293463832294, 39.53871394379354], [65.86259111099105, 39.513438922168575], [65.87144183027631, 39.4388450363694], [65.90352568835988, 39.41996944293549], [65.91403591672425, 39.311764510823586], [65.90684470831667, 39.26501674092992], [65.93616271493738, 39.23490958371036], [65.7516687720962, 39.01617296021402], [65.62239528481462, 39.050453594058176], [65.62846192787572, 39.08458260040674], [65.56208153413554, 39.18108749119483], [65.51340257806658, 39.20347134172908], [65.44702218342707, 39.20347134172908], [65.31389103983967, 39.09802383443246], [65.22423294499447, 39.004742356674456], [65.16692169877746, 39.00709586897921], [65.12857056517947, 39.021215280860595], [65.10917954240199, 39.01751761394678], [65.09452854665517, 39.004742356674456], [65.08591031381002, 38.98792926392446], [65.09366672364047, 38.97481225618072], [65.17747903363056, 38.968421030706054], [64.98468856072856, 38.760385075111174], [64.95224623287743, 38.80703820305069], [64.97990473041904, 38.87971587458799], [64.97326669140472, 38.94627131237121], [65.04185976541588, 39.01686356400234], [64.93454479430687, 39.14103691412237], [64.88586583823792, 39.159127117922196], [64.84825028082588, 39.22627825493753], [64.80731570525563, 39.24176548438964], [64.80067766534204, 39.21853334923475], [64.81395374426995, 39.174629275220916], [64.81284740368477, 39.122942023056], [64.76195576914347, 39.116909350985786], [64.6268489957846, 39.183205837979074], [64.63680605475565, 39.48863314430423], [64.72102119177464, 39.48952085880063], [64.8084220449415, 39.461226306748706], [64.91905603600729, 39.404602407874904], [65.02428995162, 39.33438562319799]]]}}, {"type": "Feature", "properties": {"type": "\u0417\u0435\u043c\u043b\u0438 \u043f\u0435\u0440\u0441\u043f\u0435\u043a\u0442\u0438\u0432\u043d\u043e\u0433\u043e\u043e\u0440\u043e\u0448\u0435\u043d\u0438\u044f \u0438 \u043e\u0441\u0432\u043e\u0435\u043d\u0438\u044f"}, "geometry": {"type": "Polygon", "coordinates": [[[66.2704796322293, 39.85097000116468], [66.23891954470126, 39.8255909117912], [66.24113222497226, 39.814073847430166], [66.25136586864, 39.81044770180006], [66.26436536287127, 39.81791308472111], [66.27266291276327, 39.81002108410581], [66.23311126067618, 39.78826002757824], [66.2124888366905, 39.74703425422751], [66.19107034362149, 39.737884316108364], [66.20102740439125, 39.651561723095085], [66.19494253387091, 39.63231662521213], [66.16119916670823, 39.64087066804694], [66.13354066916662, 39.68789884565525], [66.1136265512244, 39.69986450444338], [66.05941589492765, 39.63958762956548], [66.02677886835015, 39.63231662521213], [65.97588723201022, 39.634027518854964], [65.94878190476116, 39.65198933094291], [65.94490971541107, 39.685334505283265], [66.07656416410494, 39.7848458998185], [66.06727829975381, 39.83597341034465], [66.08491202027358, 39.855443709259816], [66.08432581068769, 39.89015016309958], [66.2704796322293, 39.85097000116468]]]}}, {"type": "Feature", "properties": {"type": "\u041e\u0440\u0430\u0448\u0430\u0435\u043c\u044b\u0435 \u0437\u0435\u043c\u043b\u0438"}, "geometry": {"type": "Polygon", "coordinates": [[[69.72776136669376, 41.497115231083114], [69.71160017540785, 41.502582643274415], [69.67766166975031, 41.48435612833271], [69.64533928537973, 41.46186964266991], [69.64210704640311, 41.43998335824545], [69.73422584374777, 41.38645223328398], [69.77058852773843, 41.376714526154494], [69.76574017017276, 41.35540817135006], [69.61382495895474, 41.35358158532193], [69.60251212523445, 41.34322995509842], [69.56938168022043, 41.20332067430974], [69.5386754144389, 41.15997600918553], [69.48372735903047, 41.125768278883015], [69.47564676338749, 41.09337654689018], [69.48857571659606, 41.04200572568374], [69.56715951569912, 41.00475189988032], [69.65968234336549, 40.9474911200192], [69.69281278837951, 40.939219383367906], [69.75765957363045, 40.93646190459327], [69.83604135802233, 40.94320220102083], [69.92189769302415, 40.98049107969961], [69.96028052592563, 40.98936990010088], [69.99947141767183, 41.006511797581425], [70.00957216312486, 41.03099243185528], [70.0503791752588, 41.060968713435436], [70.10896349816699, 41.079620471007956], [70.16128535873236, 41.11201903874769], [70.1859311777817, 41.11629689068899], [70.24855579941067, 41.10896325844766], [70.26067669287511, 41.099489426795685], [70.2202737119623, 41.06830774610563], [70.23401072581441, 41.045064644617696], [70.23118251715948, 41.02548508886581], [70.15199267302347, 40.97865393203341], [70.04755096570454, 40.946955019758434], [69.95058380989495, 40.894549295613565], [69.9004841129515, 40.877991420567646], [69.79604240563258, 40.86326980555713], [69.71281226367506, 40.81755045089267], [69.63766271825989, 40.7917617742865], [69.65321786631154, 40.8746180087142], [69.47544474777692, 40.950324714713865], [69.43584982570893, 40.89209654132236], [69.42615310967835, 40.85007889242701], [69.4409187384091, 40.7938510657741], [69.38708200043402, 40.7909799999271], [69.35468200007432, 40.763499999825164], [69.36452199969057, 40.734490000213384], [69.34697867452627, 40.718695820455814], [69.23262282928022, 40.71817791258064], [69.16474581976382, 40.697885681878745], [69.01929508559975, 40.67081968198278], [69.02575956265376, 40.653590097904726], [69.08393985703884, 40.61788597755588], [69.12111059987431, 40.538097864824636], [69.12272671936267, 40.47765393817877], [69.14696850809025, 40.44617670788881], [69.28388941816218, 40.4403650136345], [69.28614000036077, 40.421477999709964], [69.30016300042217, 40.41293399960443], [69.29246099957554, 40.39885100037344], [69.30667700044323, 40.38656300028231], [69.3030929997422, 40.368665999636214], [69.33820700025291, 40.34141700029437], [69.32771700033936, 40.301351999894905], [69.30651600021332, 40.28196299969272], [69.24755099967892, 40.30000900001539], [69.25727800037947, 40.290544999752], [69.25803500021517, 40.265711000262506], [69.30066900037411, 40.244894999904375], [69.28839199989096, 40.22294000008099], [69.30183500018518, 40.18755999989412], [69.27395699971584, 40.200315999983445], [69.22111299996504, 40.21062299955184], [69.16285399961242, 40.21141600014835], [69.04215600039912, 40.22941400005612], [68.87699137065526, 40.21029245733109], [68.82126012805251, 40.39298955472424], [68.66701924034572, 40.39100191090949], [68.51971052661956, 40.35123660778328], [68.43782421281725, 40.3638315123145], [68.42655942897454, 40.32869243960449], [68.46728595628188, 40.27694478267562], [68.44388986572477, 40.215857745438655], [68.03952278474878, 40.21512200197884], [67.91023324366932, 40.26899516519478], [67.91750577956809, 40.15748567692247], [67.88841563417422, 40.11283011411853], [67.85205295018358, 40.100420541874534], [67.80841773029408, 40.13826260163778], [67.78336788182234, 40.18476062800062], [67.89889695742869, 40.37030915094663], [67.94399229141118, 40.42293314594798], [68.01689711461023, 40.38495418508762], [68.02336159166417, 40.4281940737975], [68.06053233539897, 40.499787101793345], [68.08800636220388, 40.534321727565725], [68.18658963660249, 40.62181129435577], [68.13487382107002, 40.677202720029584], [68.17523258051921, 40.71536348153949], [68.3708229999815, 40.616897000296376], [68.41182200028516, 40.613897999593064], [68.43662200000534, 40.5968290002582], [68.47901900002687, 40.58694100022705], [68.4899590000079, 40.57428800039093], [68.53128500010276, 40.58333600035621], [68.56350700034785, 40.57949899967911], [68.58317700001857, 40.56858399995166], [68.61297099981186, 40.578368999729605], [68.64137700034837, 40.59927000041023], [68.66357899987099, 40.598883999696916], [68.63476999963581, 40.63379799997779], [68.64885799999678, 40.64946899959471], [68.65274500028158, 40.68207499956162], [68.63544300009443, 40.68793099981582], [68.6430959995808, 40.69357200004782], [68.63715699999563, 40.700668999974425], [68.58408799976144, 40.71058200025913], [68.58499100003466, 40.78193600014634], [68.56228499975299, 40.80761599997845], [68.56385400016205, 40.84796299989256], [68.58515699959594, 40.85697299990408], [68.58966799987837, 40.869987000199956], [68.57646399981377, 40.89691900021177], [68.58119600039515, 40.92522299964179], [68.55076199986644, 40.9451129995653], [68.51729099958004, 40.94192500003879], [68.51338900040211, 40.96359300011693], [68.48027799963006, 40.950624000097605], [68.46289100001967, 40.95857799997476], [68.49581900044655, 40.97509099974991], [68.5250609999652, 41.023032000026824], [68.5664060000369, 41.01034400037536], [68.5945229998366, 41.02924699974931], [68.60575599983957, 41.02921800021061], [68.60959499970954, 40.99324799979541], [68.6258629998776, 40.98980600024675], [68.65525800015666, 40.996089999553874], [68.66946100042485, 40.99094899989649], [68.66979699973183, 40.979764000308414], [68.62898499995782, 40.96926900016427], [68.64349199985594, 40.942610000151426], [68.67553399989423, 40.96247299972919], [68.69463400025899, 40.96863899989], [68.71444199999837, 40.964321999560696], [68.74780399975486, 40.97963000042421], [68.75934599961823, 41.00648400043633], [68.75356600017085, 41.01103699995763], [68.74306099956556, 41.00584000041573], [68.72538099993324, 41.02884099991229], [68.71396899976958, 41.03058200015926], [68.72586299967776, 41.05361500023213], [68.80204199993841, 41.11390499981592], [68.91268999974373, 41.173400999656444], [68.91650899959069, 41.182583000405195], [68.93020599990699, 41.18236800038295], [68.99241399980627, 41.21627500009122], [68.99955600000948, 41.2393080001641], [69.02753299964827, 41.22392200020021], [69.02195399957746, 41.245030999680914], [69.0418250004235, 41.26178399973185], [69.01586800040792, 41.273782999985485], [69.0090899999036, 41.29197799998474], [69.03596199984645, 41.299819000046845], [69.04673900040461, 41.31147199963311], [69.03805400009207, 41.32566400029344], [69.04752199964065, 41.35114499994182], [69.02414299979965, 41.357299999595334], [69.0784149997525, 41.375764000308436], [69.08997200030763, 41.36489600005041], [69.08176000022388, 41.35584499994684], [69.09526000044873, 41.35583999971624], [69.11341300030978, 41.390958000411445], [69.1614230001714, 41.39453800002872], [69.17109400008809, 41.40195200018473], [69.14824999973774, 41.43130899961067], [69.22052799996726, 41.46163799979393], [69.25216900039908, 41.463757000385336], [69.29502099981931, 41.43650900019026], [69.3596509998938, 41.46785399956246], [69.45695699956593, 41.46573199973204], [69.44851499966757, 41.50070800017414], [69.43250699979824, 41.49189200011574], [69.4026649995901, 41.50937200041755], [69.45944800022511, 41.574363000052465], [69.48907300031874, 41.55813599997646], [69.50888700033488, 41.556247000099006], [69.61996600023076, 41.66274800022006], [69.668458999883, 41.66738199987946], [69.68043199983697, 41.67691199958915], [69.71483099975092, 41.67653400014404], [69.74028499995283, 41.69847100003665], [69.78271799983588, 41.700196999591924], [69.8355710000017, 41.71993999993112], [69.87709400018802, 41.70733300041769], [69.9020909999997, 41.70950199971758], [69.92158599969416, 41.71659699955194], [69.92479050987419, 41.72695386472912], [69.95078582460616, 41.64805718788898], [69.93624075190921, 41.61228802856971], [69.94351328870738, 41.58575137682465], [69.8538186696959, 41.538413048223674], [69.72776136669376, 41.497115231083114]]]}}, {"type": "Feature", "properties": {"type": "\u0417\u0435\u043c\u043b\u0438 \u043f\u0435\u0440\u0441\u043f\u0435\u043a\u0442\u0438\u0432\u043d\u043e\u0433\u043e\u043e\u0440\u043e\u0448\u0435\u043d\u0438\u044f \u0438 \u043e\u0441\u0432\u043e\u0435\u043d\u0438\u044f"}, "geometry": {"type": "Polygon", "coordinates": [[[69.97950587559573, 41.01522197711262], [69.91414979527691, 41.006863847088944], [69.78428641298763, 40.97342064484695], [69.72911569533312, 40.975993805769576], [69.70195472612977, 40.99335999596706], [69.6960132642008, 41.01843635735207], [69.76230810093818, 41.238657776835], [69.78252760976142, 41.27039582760539], [69.78333638986253, 41.31492495112565], [69.76574017017276, 41.35540817135006], [69.77058852773843, 41.376714526154494], [69.7915010451372, 41.37736641772602], [69.79256202032104, 41.38887311740052], [69.77813275602193, 41.40437195260358], [69.8704376114067, 41.5052628828758], [69.93834003306614, 41.437594017849676], [69.89420345822303, 41.40373289975356], [69.92391076786771, 41.37241151298099], [69.8925058979289, 41.337236746178974], [69.9162717447453, 41.312283035233925], [69.88656443599996, 41.271952855340025], [69.88741321614708, 41.231757746422886], [69.7948961657255, 41.12787191725522], [69.82290591507596, 41.05466756315758], [69.89420345822303, 41.062377154282274], [69.94258393380159, 41.05466756315758], [69.963803441076, 41.04374408282319], [69.97950587559573, 41.01522197711262]]]}}, {"type": "Feature", "properties": {"type": "\u0411\u043e\u0433\u0430\u0440\u043d\u044b\u0435 \u0437\u0435\u043c\u043b\u0438"}, "geometry": {"type": "Polygon", "coordinates": [[[66.30471167210607, 38.25598497033018], [66.2737311922408, 38.264350439721056], [66.26015070808876, 38.2820820235666], [66.26184826838295, 38.30984158242313], [66.27924826409615, 38.31051035516878], [66.3110775241085, 38.284758110098785], [66.31786776618452, 38.27003840524827], [66.30471167210607, 38.25598497033018]]]}}, {"type": "Feature", "properties": {"type": "\u0411\u043e\u0433\u0430\u0440\u043d\u044b\u0435 \u0437\u0435\u043c\u043b\u0438"}, "geometry": {"type": "Polygon", "coordinates": [[[66.50459942732175, 38.22786987799253], [66.47786284819193, 38.22753510805882], [66.46555553426053, 38.240924676932366], [66.465131144187, 38.31820079612987], [66.48762382168206, 38.32756196161528], [66.53727746838052, 38.31786644617961], [66.56019453504979, 38.29980924210286], [66.56656038705228, 38.28074394387795], [66.53218478569937, 38.27037297733108], [66.51987747176798, 38.235569147598135], [66.50459942732175, 38.22786987799253]]]}}, {"type": "Feature", "properties": {"type": "\u0411\u043e\u0433\u0430\u0440\u043d\u044b\u0435 \u0437\u0435\u043c\u043b\u0438"}, "geometry": {"type": "Polygon", "coordinates": [[[66.70576035275813, 38.31452286124113], [66.66671645969689, 38.308504017146724], [66.64634573256956, 38.31987252159963], [66.64210183183413, 38.351962128149744], [66.67096036133165, 38.37000623360086], [66.75244326804244, 38.385373560941154], [66.82798471192496, 38.358645659369756], [66.82968227311846, 38.344609525609144], [66.79063838005726, 38.32856487207124], [66.72867742032672, 38.327896266599446], [66.70576035275813, 38.31452286124113]]]}}, {"type": "Feature", "properties": {"type": "\u0411\u043e\u0433\u0430\u0440\u043d\u044b\u0435 \u0437\u0435\u043c\u043b\u0438"}, "geometry": {"type": "Polygon", "coordinates": [[[67.31784296717926, 40.436906575378195], [67.2735893707529, 40.44155581494896], [67.22933577522588, 40.469021979880495], [67.09491547596849, 40.5264530400758], [67.08219256733315, 40.55641574459099], [67.09325596599007, 40.567384625400216], [67.11980812384587, 40.560634759286756], [67.13031835310954, 40.541647085144916], [67.14248809235163, 40.54713297120969], [67.1364032227306, 40.58847353312712], [67.16696633532813, 40.60397319660581], [67.17693950295573, 40.61832517406759], [67.21089071423512, 40.606196945732506], [67.19412730363223, 40.53872355105108], [67.19603705896316, 40.524799646386604], [67.21640778609049, 40.51799853960096], [67.2374150983282, 40.56996076757542], [67.2546028981053, 40.58921370125137], [67.30531751998763, 40.57501722556458], [67.35412238563963, 40.57501722556458], [67.37152238135286, 40.56660306687809], [67.37767603831854, 40.549609687936815], [67.37173457638964, 40.53536427114426], [67.35624433600736, 40.52127773218166], [67.32590044125243, 40.51172309374584], [67.33863214615667, 40.48637236359377], [67.33544921970577, 40.46028262724149], [67.31784296717926, 40.436906575378195]]]}}, {"type": "Feature", "properties": {"type": "\u0411\u043e\u0433\u0430\u0440\u043d\u044b\u0435 \u0437\u0435\u043c\u043b\u0438"}, "geometry": {"type": "Polygon", "coordinates": [[[67.50315490187728, 40.41841207415797], [67.40247796978251, 40.42390811806524], [67.39847115462015, 40.43847933135611], [67.42160041812487, 40.46425346322678], [67.45491504339456, 40.46830509340537], [67.48334918281859, 40.46084990429972], [67.50315490187728, 40.41841207415797]]]}}, {"type": "Feature", "properties": {"type": "\u0411\u043e\u0433\u0430\u0440\u043d\u044b\u0435 \u0437\u0435\u043c\u043b\u0438"}, "geometry": {"type": "Polygon", "coordinates": [[[67.91343490119976, 40.824207539346496], [67.93033729662898, 40.82597659304537], [67.94759366971213, 40.80638125059431], [67.98111025663309, 40.74523676916163], [67.94441305721688, 40.7213095282122], [67.92439640307161, 40.737624496373485], [67.91343490119976, 40.824207539346496]]]}}, {"type": "Feature", "properties": {"type": "\u0411\u043e\u0433\u0430\u0440\u043d\u044b\u0435 \u0437\u0435\u043c\u043b\u0438"}, "geometry": {"type": "Polygon", "coordinates": [[[68.17523258051921, 40.71536348153949], [68.13487382107002, 40.677202720029584], [68.18658963660249, 40.62181129435577], [68.08800636220388, 40.534321727565725], [68.06053233539897, 40.499787101793345], [68.02336159166417, 40.4281940737975], [68.01689711461023, 40.38495418508762], [67.94399229141118, 40.42293314594798], [67.87631806013042, 40.33648429801201], [67.8476658926669, 40.34048621276855], [67.8643464388371, 40.44870919607257], [67.93488131731895, 40.63250365701822], [67.96204677683733, 40.6727033066124], [68.02733919684653, 40.66544558344696], [68.05593441833878, 40.66871165671761], [68.0707086149107, 40.73327423192034], [68.0688133719396, 40.791805796999995], [68.17523258051921, 40.71536348153949]]]}}, {"type": "Feature", "properties": {"type": "\u0411\u043e\u0433\u0430\u0440\u043d\u044b\u0435 \u0437\u0435\u043c\u043b\u0438"}, "geometry": {"type": "Polygon", "coordinates": [[[67.31168337199006, 40.1648078697874], [67.1750297467255, 40.099657969839484], [67.09948830284299, 40.10747928104405], [66.98065906426443, 40.149828966833404], [66.86946884790905, 40.15894695743617], [66.73705912517852, 40.194755685126836], [66.61822988660003, 40.25135968829903], [66.56645429043323, 40.25916339617385], [66.50109820921506, 40.28451918231446], [66.46629821688924, 40.287769230565566], [66.43574212709755, 40.27801861186946], [66.34067873623474, 40.30076785155518], [66.30078606302646, 40.29361892207567], [66.24816168581322, 40.295568706230874], [66.1900202367446, 40.33309098865823], [66.13315195879589, 40.357120194741235], [66.10683976973962, 40.38438613641114], [66.07967880233491, 40.399312774365114], [65.95915200166358, 40.412289747773684], [65.90567884520259, 40.442127218996006], [65.84456666471988, 40.505001636316535], [65.78515204632991, 40.52249220635031], [65.76053741756783, 40.518605810409895], [65.74271303178102, 40.49074666242859], [65.75289839534474, 40.45509587187706], [65.74780571356291, 40.37594786600125], [65.73167888896961, 40.34348305599826], [65.7002740181315, 40.3241590183241], [65.53645942456285, 40.372215214560576], [65.52627406189852, 40.40336834897017], [65.54324966663886, 40.40855912610282], [65.57295697718278, 40.404666080575225], [65.57125941598927, 40.42412903742519], [65.54749356917294, 40.440343831902396], [65.49486919195971, 40.45785138563297], [65.39938141102334, 40.52249220635031], [65.41126433398188, 40.56263833369218], [65.46983017312402, 40.61116978835508], [65.57423014740345, 40.63380565320835], [65.61497160075885, 40.65320167082052], [65.65656183426131, 40.65514095988744], [65.81273740470748, 40.5490431681078], [65.87045446370257, 40.53544521912165], [65.93920566640844, 40.53997817815048], [66.02068857221991, 40.50111421874623], [66.06312758586944, 40.49139468062009], [66.10556660041833, 40.497226573647474], [66.13782025140353, 40.52573069561515], [66.17346902207777, 40.52637837476226], [66.2226982778033, 40.51148016078082], [66.26690008497098, 40.510201913887265], [66.42216164294553, 40.519253558804735], [66.45865919466615, 40.5082409781387], [66.47054211942333, 40.48167372516235], [66.45865919466615, 40.37529872455655], [66.47223967881818, 40.36750853079411], [66.54523478315876, 40.38049168344446], [66.56730306968097, 40.41034336215648], [66.59191769844305, 40.419426009402855], [66.63011280955857, 40.41358730670889], [66.71074693702154, 40.37464957591725], [66.74045424576688, 40.34234650178967], [66.78374203956353, 40.268266575841835], [66.81939081203637, 40.266315997585245], [66.84145909855863, 40.311814698189835], [66.8465517812398, 40.368320052028814], [66.86098104463957, 40.39428351816985], [66.87795665117856, 40.399475001270325], [66.9144542028992, 40.38649553673968], [66.95264931491403, 40.35663320196073], [67.03752734311246, 40.32285972279799], [67.11391756804142, 40.24225421625914], [67.15465902139674, 40.21427969065524], [67.29470776635036, 40.17522601207089], [67.31168337199006, 40.1648078697874]]]}}, {"type": "Feature", "properties": {"type": "\u0411\u043e\u0433\u0430\u0440\u043d\u044b\u0435 \u0437\u0435\u043c\u043b\u0438"}, "geometry": {"type": "Polygon", "coordinates": [[[66.84909812168104, 40.69779095269035], [66.82660544418592, 40.68551574275739], [66.793503013953, 40.69036149318839], [66.78586399083059, 40.744932401709036], [66.82278593262475, 40.80558552864926], [66.83933714819089, 40.814291767351214], [66.87753226110505, 40.792362742646496], [66.87795665117856, 40.75364665516906], [66.84909812168104, 40.69779095269035]]]}}, {"type": "Feature", "properties": {"type": "\u0411\u043e\u0433\u0430\u0440\u043d\u044b\u0435 \u0437\u0435\u043c\u043b\u0438"}, "geometry": {"type": "Polygon", "coordinates": [[[67.01423309268313, 40.024287198395534], [66.9918256889045, 40.00506999208653], [66.88668325322958, 39.9865102738301], [66.84531573683182, 39.97192407243808], [66.74534424104394, 39.9865102738301], [66.78067899364072, 40.03488745968855], [66.77464623073898, 40.04946010919672], [66.7470678870734, 40.046810770300844], [66.66778014903468, 39.991813568741236], [66.64623456827074, 39.99446506061412], [66.63847815844031, 40.022299463749285], [66.66778014903468, 40.06535396441398], [66.65399097720189, 40.071313196047186], [66.54626307068423, 40.01037183459255], [66.41871323123068, 39.99048778368433], [66.37562206790415, 39.99247645182686], [66.2928870369073, 40.01964906185475], [66.22394117684388, 40.01766119231024], [66.15154802472158, 40.048135452788976], [65.99211072383086, 40.07329948997955], [65.74649109898509, 40.142121582644954], [65.74594900744079, 40.16273218774034], [65.78584167974974, 40.164034584128785], [65.7756563170854, 40.208301066940756], [65.81724654968853, 40.20699952670685], [65.84865141962734, 40.18942627390344], [65.93522700811997, 40.17835927885766], [65.95474895510023, 40.22586938786202], [66.05235868640432, 40.22847171199999], [66.0489635649166, 40.17119731280581], [66.08970501917133, 40.17380175214919], [66.12110988911013, 40.20504716959124], [66.1414806153382, 40.208301066940756], [66.14402695577945, 40.167941621308834], [66.15930500112496, 40.15035817019345], [66.20344157596799, 40.13537605396176], [66.24588058871825, 40.13472458237362], [66.27898301985056, 40.15556855974131], [66.29765618578438, 40.17835927885766], [66.32850882072556, 40.19397715282337], [66.38847567591175, 40.204396371595344], [66.39017323620595, 40.122345420704676], [66.4020561600638, 40.11843574041712], [66.46062199920596, 40.16859277183897], [66.49117808899767, 40.17770822275633], [66.50730491359093, 40.169243916973244], [66.50730491359093, 40.117784105152396], [66.54634880665213, 40.104750073357245], [66.64395853885554, 40.112570793707214], [66.76618289802241, 40.145147376849984], [66.78994874573806, 40.14123901766657], [66.98347064895137, 40.06171990834713], [67.01317795859596, 40.03562768087283], [67.01423309268313, 40.024287198395534]]]}}, {"type": "Feature", "properties": {"type": "\u0411\u043e\u0433\u0430\u0440\u043d\u044b\u0435 \u0437\u0435\u043c\u043b\u0438"}, "geometry": {"type": "Polygon", "coordinates": [[[65.65513783514302, 39.984852908734794], [65.66527715521659, 39.91602315384551], [65.7019743546328, 39.889595122217145], [65.85996295022998, 39.85323980367406], [65.88093277782548, 39.86609491265016], [65.90952799931779, 39.866829417743475], [65.95813987405597, 39.8506684908582], [66.06727829975381, 39.83597341034465], [66.00641845374872, 39.83597550666433], [65.93257457016034, 39.85036974506772], [65.88801360614309, 39.851023955990854], [65.79931606728275, 39.781970029793115], [65.7265331579789, 39.76330365643866], [65.61661611184417, 39.767888851689186], [65.58457465679504, 39.77673086193976], [65.54807710507441, 39.7911376090135], [65.52346247721164, 39.820596483640884], [65.5026673600107, 39.87784120790547], [65.51752101528267, 39.955290201082], [65.52855515899347, 39.961821942029076], [65.5650527107141, 39.92098824790935], [65.58245270642732, 39.929156951032496], [65.57396490405712, 39.97847503369593], [65.48794412532118, 40.02130557619142], [65.49570053515163, 40.05310278076876], [65.56033727834279, 40.03323127900041], [65.65513783514302, 39.984852908734794]]]}}, {"type": "Feature", "properties": {"type": "\u0411\u043e\u0433\u0430\u0440\u043d\u044b\u0435 \u0437\u0435\u043c\u043b\u0438"}, "geometry": {"type": "Polygon", "coordinates": [[[67.02802226541525, 39.48414599404242], [67.00097674218294, 39.49099954299458], [66.95004992616322, 39.48672466241327], [66.91440115369033, 39.502178749150005], [66.88044994331028, 39.53767714598354], [66.85159141381273, 39.54293461234254], [66.69371828217305, 39.52979019326283], [66.59653294094255, 39.512041248904545], [66.51038174342278, 39.460905327019304], [66.41786469300126, 39.35687249466997], [66.31855739960433, 39.3423745041801], [66.26508424314336, 39.30941324772323], [66.25829400106733, 39.28896940571354], [66.26508424314336, 39.27907506366329], [66.40683054929048, 39.23816350444224], [66.49085979644252, 39.18500855689945], [66.48746467495482, 39.14007588779203], [66.49765003941785, 39.09709850039553], [66.51802076474655, 39.08320784996237], [66.58422562701111, 39.11759870471649], [66.60629391443267, 39.142719786688865], [66.60714269368043, 39.20878472703356], [66.6266646406607, 39.23255278528285], [66.680137798021, 39.26621031305558], [66.6818353583152, 39.22132999078651], [66.7305549907203, 39.22147723408715], [66.71419066236922, 39.18998296524171], [66.66380575173412, 39.16082133093971], [66.65433166737262, 39.11453993956661], [66.53116855538457, 39.047494993599116], [66.50231565834098, 39.050517174328206], [66.43094245433088, 38.981288723895545], [66.39325006513843, 38.95322172100565], [66.36356327622428, 38.94167249508962], [66.12376232706981, 38.93433074376883], [66.06901599858952, 38.94427399634793], [66.07198673000363, 38.97773927874476], [66.11103062306482, 38.99694976262151], [66.18317694635903, 39.005559653355355], [66.19760621065814, 39.019796769405446], [66.20524523378054, 39.04031961595757], [66.19633304133686, 39.05653503456426], [66.17129402340049, 39.068446012773336], [66.08662819023884, 39.06646099138168], [66.05649648962134, 39.05488057337981], [66.0399452749545, 39.03800282117333], [66.0179721537919, 38.873661885887365], [65.89473143031131, 38.94486939700511], [65.92875505859911, 39.01483066090633], [65.97246724336867, 39.04925510713752], [65.9694965119545, 39.11193695082966], [65.99198918944961, 39.13276333296147], [66.02678918087605, 39.11524314015884], [66.0730477060868, 39.11921036086949], [66.10020867529015, 39.10466278266136], [66.19017938437116, 39.10863060501845], [66.23049644675365, 39.08018957678757], [66.26062814737115, 39.0454493893779], [66.27675497196446, 39.03982316590645], [66.32131593598172, 39.05140607413108], [66.3412622730355, 39.06629557008455], [66.3637549496313, 39.10267878829553], [66.36757446119246, 39.139043086569245], [66.34805251511153, 39.14961823879077], [66.06837941437851, 39.160522187648894], [66.04843307822404, 39.19619592530175], [66.0539501500794, 39.22310430282135], [66.074745266381, 39.23828726374626], [66.14179890789336, 39.252806998943925], [66.14179890789336, 39.28447589994288], [66.12949159396197, 39.308218108079295], [66.14561841855522, 39.33656621925564], [66.29797447923886, 39.444907296134886], [66.38327689571223, 39.48898544921918], [66.38455006683215, 39.504439029637574], [66.36842324223892, 39.508055324993265], [66.28099887269985, 39.492931373084446], [66.16938426717024, 39.45050085892757], [66.02678918087605, 39.445236341883735], [65.933847740381, 39.41759104279242], [65.90352568835988, 39.41996944293549], [65.87144183027631, 39.4388450363694], [65.86369745067684, 39.46886376415142], [65.87910141280003, 39.50641157833172], [65.90880872244463, 39.53829327601392], [65.99453552989085, 39.573690956872206], [66.08111111838348, 39.56712199838159], [66.14816475989579, 39.55036831304728], [66.29033545611645, 39.59142401290791], [66.3824281155651, 39.57894567220507], [66.43929639531244, 39.58674490055676], [66.45330126863871, 39.60710082124598], [66.45033053812386, 39.67961076472506], [66.42911103084946, 39.69502154910526], [66.37988177512386, 39.673051934399325], [66.36290617038348, 39.673051934399325], [66.34338422430255, 39.68846419276832], [66.32598422769001, 39.71272327635819], [66.33044032436152, 39.792406238557135], [66.3414744680723, 39.79977201436702], [66.31113057331736, 39.830331482012355], [66.31615626370069, 39.841669701795354], [66.42733146317653, 39.81907797566811], [66.59926520092834, 39.74477154197314], [66.59107788004019, 39.592582345099174], [66.60486705187299, 39.58091278899405], [66.76602799879316, 39.61091621571086], [66.91857071286819, 39.58224655283618], [66.96510916825355, 39.570241748358065], [67.0219895034129, 39.538885987698215], [67.03146955837349, 39.50951871261856], [67.02802226541525, 39.48414599404242]]]}}, {"type": "Feature", "properties": {"type": "\u0411\u043e\u0433\u0430\u0440\u043d\u044b\u0435 \u0437\u0435\u043c\u043b\u0438"}, "geometry": {"type": "Polygon", "coordinates": [[[69.24137380565666, 40.52059625471344], [69.17157270291796, 40.54015877370848], [69.1503042347527, 40.56215023744357], [69.15219476527623, 40.58305340099372], [69.16693499535381, 40.591960023936], [69.18773083021371, 40.6517419200536], [69.23262282928022, 40.71817791258064], [69.34697867452627, 40.718695820455814], [69.33987799996974, 40.66756000019393], [69.35028399960697, 40.60798700039982], [69.34520600015685, 40.584865999866054], [69.32037099972189, 40.5770799996423], [69.27657299984412, 40.57760499957112], [69.27000800016913, 40.58296899961971], [69.23539800041743, 40.554281999614666], [69.212694000228, 40.54867099986683], [69.24137380565666, 40.52059625471344]]]}}, {"type": "Feature", "properties": {"type": "\u0411\u043e\u0433\u0430\u0440\u043d\u044b\u0435 \u0437\u0435\u043c\u043b\u0438"}, "geometry": {"type": "Polygon", "coordinates": [[[69.63766271825989, 40.7917617742865], [69.6032120999585, 40.694926971702436], [69.58662399959798, 40.702189999968596], [69.57243900015975, 40.73794799960057], [69.54752799981742, 40.762182000199175], [69.4409187384091, 40.7938510657741], [69.42615310967835, 40.85007889242701], [69.43584982570893, 40.89209654132236], [69.47544474777692, 40.950324714713865], [69.65321786631154, 40.8746180087142], [69.63766271825989, 40.7917617742865]]]}}, {"type": "Feature", "properties": {"type": "\u0411\u043e\u0433\u0430\u0440\u043d\u044b\u0435 \u0437\u0435\u043c\u043b\u0438"}, "geometry": {"type": "Polygon", "coordinates": [[[71.71288874701808, 41.16949595267614], [71.5772431862241, 41.144134052044926], [71.53423361658821, 41.15770925717652], [71.51958200570505, 41.18199466032536], [71.52052727141648, 41.21340936435075], [71.53895994424607, 41.23303583773378], [71.63395910013242, 41.296157113560014], [71.65050124063981, 41.317183876334866], [71.67933183089933, 41.326447737872854], [71.7124161137127, 41.28261083602131], [71.71288874701808, 41.16949595267614]]]}}, {"type": "Feature", "properties": {"type": "\u0411\u043e\u0433\u0430\u0440\u043d\u044b\u0435 \u0437\u0435\u043c\u043b\u0438"}, "geometry": {"type": "MultiPolygon", "coordinates": [[[[67.42206399076065, 39.3674856432479], [67.36499515410316, 39.361825627750584], [67.36499515410316, 39.38991828560046], [67.4190288274185, 39.502234306568035], [67.438828000312, 39.49739199964113], [67.46318600033368, 39.46768100007812], [67.45985699970083, 39.424129999899606], [67.48362500039349, 39.40799699966186], [67.48513199974205, 39.39516100037992], [67.42206399076065, 39.3674856432479]]], [[[67.80841773029408, 40.13826260163778], [67.85205295018358, 40.100420541874534], [67.88841563417422, 40.11283011411853], [67.91750577956809, 40.15748567692247], [67.91023324366932, 40.26899516519478], [68.03952278474878, 40.21512200197884], [68.44388986572477, 40.215857745438655], [68.44077843087996, 40.183489235739664], [68.4693736523722, 40.0755697160696], [68.48367126221905, 40.04554107865789], [68.50702402613797, 40.037116018389604], [68.52513433158417, 40.04114552614516], [68.54181487775445, 40.05652871302976], [68.54515098662881, 40.07337295110085], [68.59110019182043, 40.097282101287995], [68.66604899956172, 40.08606100021507], [68.68279800032752, 40.099316999979635], [68.75982700021592, 40.097494000447796], [68.81268399966689, 40.1159380002386], [68.83974000000103, 40.11530499982592], [68.9212980001027, 40.14720699970331], [68.98291399968137, 40.14695099958902], [69.009315000387, 40.161534000293955], [69.0292099996418, 40.15987100004667], [69.02975300040072, 40.12379200000083], [69.0024539996524, 40.089576000432146], [68.96895800001174, 40.084603999574995], [68.97846899974462, 40.04756300013241], [68.95630600022179, 40.06636200010627], [68.92204799961553, 40.06156900030919], [68.90907000008046, 40.067395000079216], [68.89645300010591, 40.04597000041526], [68.89044900022122, 40.07041099976789], [68.84834300012942, 40.0734329997332], [68.85004600042264, 40.06238800030604], [68.8689519999349, 40.05740599988701], [68.86658100031296, 40.04218100015309], [68.88758000011693, 40.015293000371734], [68.89125799975693, 39.990900999681465], [68.90632999962985, 39.975971000061634], [68.92551899960222, 39.92734599971817], [68.94244999976773, 39.923293999918194], [68.90852500012868, 39.88623599969167], [68.87012099988429, 39.86543199988693], [68.85114499984194, 39.86928500040249], [68.85144800032502, 39.91800699982326], [68.82123700018747, 39.981127000410766], [68.81396400023846, 39.96868100022801], [68.84336599994099, 39.898831999597185], [68.8391550000033, 39.88221400037588], [68.8182550002681, 39.865272999749216], [68.7350374020545, 39.96565821785253], [68.70526154698285, 39.98602088705434], [68.67028673274653, 39.98856579037896], [68.6095534420378, 39.95702041935692], [68.45405731119604, 39.84672378017836], [68.39497823255942, 39.831056624263844], [68.29572538411924, 39.84745239741028], [68.25838740695332, 39.86275155883743], [68.07287910528652, 39.959930115582445], [68.03459586330848, 39.98938377504123], [68.01332739514322, 39.98720246132456], [67.99914841576685, 39.97338584398158], [67.99489472321295, 39.89989235424877], [67.98118837714195, 39.888970695041614], [67.95472094981204, 39.88824252207479], [67.82049328713555, 39.974476732415326], [67.78457320808711, 39.98938377504123], [67.77181212682825, 39.986838902293584], [67.75857841406263, 39.97520398087909], [67.76519527134472, 39.91845514728727], [67.81718485939382, 39.83870847621523], [67.88949764899735, 39.79132606734419], [67.98662365205996, 39.77218153165239], [68.05799117685137, 39.74117423580241], [68.16055245483199, 39.72475291291664], [68.17425880090298, 39.7068674316867], [68.16764194362088, 39.65172155690436], [68.13644819223032, 39.6407601377702], [68.0891849300405, 39.645144916404824], [67.916437707834, 39.68660374276856], [67.7543247206094, 39.713803174177194], [67.71604147863137, 39.72744445519748], [67.69524564287218, 39.759369928279625], [67.66381557392963, 39.761740939592755], [67.59670174259138, 39.685462591225644], [67.59433857966178, 39.67888918558747], [67.6255323319516, 39.671219417342286], [67.61891547556881, 39.65112785776449], [67.60084520074548, 39.63982409100902], [67.56415553764799, 39.59382534756178], [67.51644500033655, 39.58000499983092], [67.45221499982244, 39.57836999997557], [67.44447399987523, 39.551554999963344], [67.470665999936, 39.53878199998934], [67.46639800006773, 39.531327999787436], [67.41603180972031, 39.535413748445755], [67.41153361038789, 39.54655946204957], [67.42359913529191, 39.59791633926767], [67.4468683629846, 39.63707517378031], [67.50288687422994, 39.67304827865519], [67.48823587758373, 39.70301144901918], [67.49168317144125, 39.727638013583494], [67.52787974795206, 39.74360726436378], [67.51322875310457, 39.75358615078027], [67.51236692919046, 39.76954934012997], [67.53046521789554, 39.78750346841036], [67.52529427800857, 39.802129267851456], [67.37964614984996, 39.754916559251846], [67.26933277428815, 39.76688906727668], [67.0780080137589, 39.82921195556737], [66.97545104712816, 39.8989459967604], [66.97458922411344, 39.930800620352386], [67.00992397671024, 39.97855455265056], [67.09007353866292, 40.001756129741636], [67.10213906356698, 40.016335912672275], [67.14309258785272, 40.03275688212449], [67.25557915085716, 40.10919119092079], [67.27942972100487, 40.14461813302045], [67.32600141083651, 40.17212548690173], [67.35270515391977, 40.169406198737136], [67.4035131596047, 40.14329545062457], [67.43399796373507, 40.15961585428829], [67.449358523677, 40.15961585428829], [67.47228120571309, 40.14492766887684], [67.52261657989129, 40.18173275726098], [67.55026558778671, 40.186626500013006], [67.58098670767049, 40.17466338900425], [67.61218046085963, 40.126064070600414], [67.72797545160586, 40.13005488682364], [67.73884600234118, 40.1565334135862], [67.72324912574663, 40.195688047365536], [67.70339855569887, 40.21525682384339], [67.70339855569887, 40.23735544539756], [67.72986598302873, 40.25582576474727], [67.76759927518646, 40.26098392526796], [67.80953893217605, 40.29748549426022], [67.85118892742713, 40.29735007164857], [67.78336788182234, 40.18476062800062], [67.80841773029408, 40.13826260163778]], [[67.97581218138714, 40.10352059310094], [68.0405628488964, 40.090453722561286], [68.09066190732125, 40.09807637172724], [68.12138302720501, 40.12275332800374], [68.17242735044192, 40.20723974911516], [68.03630915634255, 40.20470307458726], [67.97581218138714, 40.10352059310094]], [[67.38135850579044, 39.96114624180569], [67.50306140476009, 39.97078355131986], [67.51605880177233, 39.980601287319594], [67.51180510921847, 40.01186312098627], [67.41633332002675, 40.06281441115618], [67.4002638110261, 40.05173735899199], [67.39790064809648, 40.01576983620901], [67.37781376229537, 39.97987409641246], [67.38135850579044, 39.96114624180569]], [[67.58143185499614, 39.98286720835506], [67.5854757573004, 39.937433637552374], [67.61944453233934, 39.88464896787559], [67.6590747698848, 39.87639279309297], [67.68333818101229, 39.858319174590285], [67.68899964261948, 39.83712330599581], [67.75208451119128, 39.81217854600317], [67.80384645475014, 39.770375624635456], [67.86693132332198, 39.751025310569666], [67.87663668723337, 39.75477096081125], [67.85479961730857, 39.78348078830776], [67.69789622732905, 39.879508447556866], [67.65988354998593, 40.00339568466318], [67.63562013885837, 40.02205253959306], [67.60650404622481, 40.012724755143374], [67.58143185499614, 39.98286720835506]], [[67.37615954842448, 39.94286796188697], [67.34921948778918, 39.94832468023986], [67.12991795425022, 39.937774628996], [67.10770422127285, 39.92503962627779], [67.1181021387028, 39.901746586335946], [67.15307695203978, 39.8737115669353], [67.20601180490092, 39.847850856431926], [67.30762781806942, 39.8310907859111], [67.34449316192996, 39.836556478598645], [67.4002638110261, 39.88973299278342], [67.39553748516687, 39.927222939187345], [67.37615954842448, 39.94286796188697]]]]}}, {"type": "Feature", "properties": {"type": "\u041d\u0435\u043e\u0440\u043e\u0448\u0430\u0435\u043c\u044b\u0435 \u0437\u0435\u043c\u043b\u0438"}, "geometry": {"type": "Polygon", "coordinates": [[[69.24137380565666, 40.52059625471344], [69.27951499971749, 40.494174000329906], [69.2675900001784, 40.47619999973028], [69.28388941816218, 40.4403650136345], [69.14696850809025, 40.44617670788881], [69.12272671936267, 40.47765393817877], [69.12111059987431, 40.538097864824636], [69.08393985703884, 40.61788597755588], [69.02575956265376, 40.653590097904726], [69.01929508559975, 40.67081968198278], [69.16474581976382, 40.697885681878745], [69.23262282928022, 40.71817791258064], [69.18773083021371, 40.6517419200536], [69.16693499535381, 40.591960023936], [69.15219476527623, 40.58305340099372], [69.1503042347527, 40.56215023744357], [69.17157270291796, 40.54015877370848], [69.24137380565666, 40.52059625471344]]]}}, {"type": "Feature", "properties": {"type": "\u041d\u0435\u043e\u0440\u043e\u0448\u0430\u0435\u043c\u044b\u0435 \u0437\u0435\u043c\u043b\u0438"}, "geometry": {"type": "Polygon", "coordinates": [[[71.10596867281606, 41.15239670374495], [71.06889277608082, 41.0814174648442], [71.06323131267499, 41.018353674582436], [71.08992106500523, 41.00365044980845], [71.25329469759225, 40.99691036741956], [71.30424786104999, 41.00426315072388], [71.36652394862136, 41.04101466739303], [71.40049272366029, 41.082029437308734], [71.375420533331, 41.09732685225248], [71.38595566482212, 41.13739411444686], [71.40104500002678, 41.11119099966493], [71.43312900020327, 41.133211999833975], [71.45165200003981, 41.15863799964404], [71.43259499985942, 41.1796490000014], [71.43359800024757, 41.19070700002805], [71.45751599976363, 41.20551500031707], [71.45704200038807, 41.21943300003296], [71.43613300023782, 41.23754599984807], [71.44357299979417, 41.26961400018603], [71.43108899965767, 41.27897100001166], [71.43655700000562, 41.291679999732246], [71.47362399974787, 41.31011500000727], [71.48625999969926, 41.29688999987365], [71.50023999957635, 41.294862999927545], [71.52217000004555, 41.304123999822764], [71.53061800022061, 41.29346800034801], [71.56334699956443, 41.29206699959241], [71.61106100016508, 41.330431999837], [71.61629000028336, 41.34763099977089], [71.6239890000923, 41.336246999999105], [71.63415400030692, 41.33977700000861], [71.66188100010811, 41.381617000424285], [71.64618000000706, 41.394682000374075], [71.65694932844883, 41.40197894207455], [71.66967240166008, 41.36074142177926], [71.6682545044419, 41.33296059665429], [71.67933183089933, 41.326447737872854], [71.65050124063981, 41.317183876334866], [71.63395910013242, 41.296157113560014], [71.53895994424607, 41.23303583773378], [71.52052727141648, 41.21340936435075], [71.51958200570505, 41.18199466032536], [71.53423361658821, 41.15770925717652], [71.5772431862241, 41.144134052044926], [71.71288874701808, 41.16949595267614], [71.68881402264907, 41.14307337004004], [71.28707629763305, 40.97170874486273], [71.13441596302636, 40.93103764457168], [71.03043678692825, 40.887292542816624], [70.77561515681407, 40.74933629633308], [70.66958500034751, 40.78359200007081], [70.6749860003037, 40.828258000406436], [70.70182499962407, 40.800325000098724], [70.7212980001027, 40.80212600041465], [70.72483400038885, 40.812170000445235], [70.65042299982161, 40.85942899984849], [70.63939700037133, 40.883943999915736], [70.60775699998561, 40.907929999869616], [70.56448500008275, 40.97033199972208], [70.55019800043742, 40.980245000006796], [70.52475599988952, 40.98399999960037], [70.51348499993287, 41.00907300021885], [70.48158700023993, 41.035581999609626], [70.44567899998594, 41.04436700003708], [70.39666699978227, 41.02611900029166], [70.37538899970264, 41.00369200028563], [70.39013599987658, 40.967250999733885], [70.38654000042072, 40.94882099968942], [70.36907599995747, 40.94553099995573], [70.37904199998837, 40.91721499997231], [70.37283099955106, 40.89880199981252], [70.33951700020947, 40.883403000148405], [70.32776599970117, 40.88716900024923], [70.28175100010861, 40.87282499977397], [70.26843600032123, 40.851892000315615], [70.20191899956222, 40.82130700001806], [70.18294799975047, 40.833043999880715], [70.16312500021866, 40.83356799976343], [70.12636300015237, 40.82138800015616], [70.1118590003926, 40.784399999560364], [70.06548100024804, 40.7550640002035], [70.03931200034862, 40.75331899977209], [70.03383999981617, 40.7452469998492], [70.0012669995724, 40.734146999684356], [69.98229100042936, 40.739646999709294], [69.94098100017305, 40.71996799962352], [69.88536899957971, 40.723791999701064], [69.82690000033483, 40.701762000016345], [69.81145600039417, 40.7075719999479], [69.7936569997708, 40.700399000113805], [69.75729500016416, 40.64472700035082], [69.70005399999216, 40.62752800041693], [69.6666589996132, 40.634451999560156], [69.64860199968257, 40.67234899980655], [69.6032120999585, 40.694926971702436], [69.63766271825989, 40.7917617742865], [69.71281226367506, 40.81755045089267], [69.79604240563258, 40.86326980555713], [69.9004841129515, 40.877991420567646], [69.95058380989495, 40.894549295613565], [70.04755096570454, 40.946955019758434], [70.15199267302347, 40.97865393203341], [70.23118251715948, 41.02548508886581], [70.23401072581441, 41.045064644617696], [70.2202737119623, 41.06830774610563], [70.26067669287511, 41.099489426795685], [70.24855579941067, 41.10896325844766], [70.1859311777817, 41.11629689068899], [70.16128535873236, 41.11201903874769], [70.10896349816699, 41.079620471007956], [70.0503791752588, 41.060968713435436], [70.00957216312486, 41.03099243185528], [69.99947141767183, 41.006511797581425], [69.97950587559573, 41.01522197711262], [69.963803441076, 41.04374408282319], [69.94258393380159, 41.05466756315758], [69.89420345822303, 41.062377154282274], [69.82290591507596, 41.05466756315758], [69.80747351369178, 41.08065672203014], [69.7948961657255, 41.12787191725522], [69.88741321614708, 41.231757746422886], [69.88656443599996, 41.271952855340025], [69.9162717447453, 41.312283035233925], [69.8925058979289, 41.337236746178974], [69.92391076786771, 41.37241151298099], [69.89420345822303, 41.40373289975356], [69.93834003306614, 41.437594017849676], [69.8704376114067, 41.5052628828758], [69.77813275602193, 41.40437195260358], [69.71888127375183, 41.444901297257104], [69.72776136669376, 41.497115231083114], [69.8538186696959, 41.538413048223674], [69.94351328870738, 41.58575137682465], [69.93624075190921, 41.61228802856971], [69.95078582460616, 41.64805718788898], [69.92479050987419, 41.72695386472912], [69.95798199996936, 41.73477899985102], [69.97437200036755, 41.77556600027077], [70.00410199990745, 41.78640700018297], [70.00540699983321, 41.79918400034137], [70.01912200008029, 41.797333000417666], [70.01894700010405, 41.78626199979152], [70.04661699997462, 41.77795799996175], [70.0533660000409, 41.801301999987345], [70.0725329998981, 41.80643600022132], [70.1025710001516, 41.83882800021212], [70.13020800029902, 41.84480999998157], [70.14965499957862, 41.83834899970662], [70.17954400015554, 41.85999100038441], [70.18063500010521, 41.88196100000022], [70.19525900000292, 41.88826500022964], [70.19408099963846, 41.90444499993686], [70.20712100023404, 41.90461599972866], [70.22494700030387, 41.91670599968216], [70.23040700028285, 41.93680200011227], [70.25945799998675, 41.95433400011404], [70.26610099966149, 41.95092400024248], [70.33226799956856, 41.97437099962201], [70.33339200014073, 42.01668600035868], [70.320824999774, 42.03786100018505], [70.36322900011834, 42.05757700017846], [70.37273999985115, 42.06923499999533], [70.40056499967504, 42.068904000019636], [70.44213700032235, 42.09105299979615], [70.456700000105, 42.08447599956776], [70.47444399999068, 42.10892600023476], [70.5015839997019, 42.097077999749956], [70.51080999978171, 42.08212600001496], [70.52804999980769, 42.08489600005043], [70.54633400031396, 42.072719999728236], [70.55726599992603, 42.046761999666614], [70.54948499993286, 42.03347500027109], [70.56179300004698, 42.02130600027174], [70.60629299992206, 42.006449000421064], [70.63767400005514, 42.01623300015291], [70.6571420003031, 42.06314299964976], [70.67782399987777, 42.087061000065155], [70.68708899995744, 42.12020000032982], [70.7077100003163, 42.13032100031398], [70.72579199960114, 42.15587799986986], [70.7550879998114, 42.17110000036478], [70.73821100033746, 42.181699999955065], [70.7508890004271, 42.19353399979428], [70.76373099998574, 42.19218200039904], [70.79359899959422, 42.20980700019294], [70.83165600002444, 42.19493799978892], [70.84896899981953, 42.196601000036196], [70.85535100004864, 42.20855900019774], [70.88701299965027, 42.211963999838765], [70.88833899964516, 42.220335000060224], [70.92614800032997, 42.2372319995572], [70.94322199989546, 42.26363400030891], [70.9639610003, 42.25572899999338], [71.00085300006594, 42.25573700036232], [71.0090399998961, 42.27824499960712], [71.02824399966089, 42.2935349996406], [71.0581120001687, 42.294603000328266], [71.10677200032762, 42.27385999973926], [71.1332940003179, 42.282145999638196], [71.17156199968662, 42.251565999571255], [71.20887499998133, 42.23708800011116], [71.20571499994736, 42.22646799959859], [71.21306099966546, 42.22262400039734], [71.24443799961404, 42.22716500026462], [71.25142199972555, 42.210513000374696], [71.2703029998836, 42.19731699977979], [71.25058399975183, 42.182198999584216], [71.25735399988724, 42.167129999849685], [71.22077400012006, 42.14784099976236], [71.22014599993797, 42.13722600037965], [71.17541100001768, 42.14340400019449], [71.1525990002437, 42.12999799980787], [71.14068600035868, 42.13279100000472], [71.13132600039465, 42.117516999809766], [71.10396100020006, 42.11246199962164], [71.09985100042337, 42.09434999985268], [71.04988400024651, 42.08078900041209], [71.03991700016945, 42.06371399990121], [71.02895299998102, 42.06731499958761], [71.00856699966738, 42.057524000432345], [71.01283500043496, 42.05067999958237], [70.992435000375, 42.03044199979848], [70.93376099977034, 42.032811000227525], [70.8997909998548, 42.04094500031158], [70.88945199971005, 42.05166700013199], [70.88071100041242, 42.045511999579155], [70.86621099993778, 42.053885999938984], [70.8551279996575, 42.03900599992699], [70.85925900040263, 42.02674099999722], [70.83870200029712, 41.99874699957444], [70.85284000026587, 41.98674299998953], [70.84810100026101, 41.9752020001722], [70.85639599967573, 41.95195700021544], [70.83683200039656, 41.92444400039034], [70.81463600025126, 41.92672699955142], [70.80615400030695, 41.920287000244905], [70.75829600026024, 41.93639300013689], [70.75328200016423, 41.912585000297554], [70.71043199993692, 41.92017000024538], [70.66330600037168, 41.90616500011469], [70.62794600020776, 41.852113999561475], [70.60250999993661, 41.84916000003403], [70.59795999965434, 41.81954699959442], [70.57671700028936, 41.81939699987168], [70.56941199976404, 41.81105500008823], [70.5265950001592, 41.79758200020921], [70.508532999998, 41.77187099984683], [70.49924000042574, 41.720544999951805], [70.46771499994735, 41.72150900034012], [70.44974599957827, 41.70269499967452], [70.39549799983286, 41.683330999725904], [70.3669269997813, 41.646910000096454], [70.30226900021427, 41.6306530004357], [70.26555299957136, 41.606574999836425], [70.24103600031123, 41.61616100032995], [70.20924700024891, 41.611293999818315], [70.21526599992602, 41.594400999606485], [70.2095740000401, 41.573795999985464], [70.17966300024732, 41.558002000092294], [70.18716399991871, 41.544278000329484], [70.17052399968287, 41.51841700024442], [70.23737599970268, 41.49136500009473], [70.26942800020208, 41.49937799999475], [70.27466099960547, 41.511631000270484], [70.30075899982802, 41.520844999796964], [70.32376699964736, 41.501167999803386], [70.36347399972539, 41.49270299974369], [70.38059399961344, 41.46662799968249], [70.40674999981269, 41.4684079999293], [70.48992099965447, 41.396185999584254], [70.5515669997173, 41.41006200006131], [70.55285599980459, 41.420541000366946], [70.56825699956096, 41.42817499987638], [70.57023599999143, 41.443598999794055], [70.59122600027973, 41.44618300024529], [70.59400699992318, 41.45766600008591], [70.60914700023392, 41.45334699966435], [70.61899900040362, 41.46048999991359], [70.6469050003655, 41.45854700024393], [70.66928900018728, 41.47200700042276], [70.7143679997834, 41.46748699972528], [70.71926099969545, 41.444838000273535], [70.7793889999025, 41.38639300033674], [70.7755970004013, 41.37084600014282], [70.787527000171, 41.34690400041933], [70.76934900005637, 41.2633960003252], [70.78535699992568, 41.19517600017229], [70.79904599987303, 41.228731999881916], [70.8416210000092, 41.24993700019246], [70.87521000034131, 41.23641499985241], [70.88643800011369, 41.216698999859034], [70.93222900016826, 41.189843999800814], [70.94609600023028, 41.16999199983098], [70.96559700020146, 41.16374200029315], [71.03710700008804, 41.1907510002585], [71.10596867281606, 41.15239670374495]], [[70.05996287978314, 41.62663191573039], [70.05711475384288, 41.65084622477348], [70.11597603106901, 41.6892854037984], [70.1026847751823, 41.69711277193692], [70.0542666270033, 41.677898429069266], [69.97451908988415, 41.616658653673994], [69.96882283710431, 41.60240844079697], [69.98306346860426, 41.59742011724466], [70.01249410811664, 41.60739637584214], [70.03717786866378, 41.60383360543659], [70.05901350506929, 41.591718699658315], [70.07705163812265, 41.55892570455767], [70.11027977918849, 41.54680231007859], [70.09698852240246, 41.56748201728135], [70.11692540668224, 41.584234820380686], [70.11502665635514, 41.59884539160157], [70.07800101373584, 41.60597129124215], [70.05996287978314, 41.62663191573039]], [[70.87683118571073, 40.82458226525937], [70.87966698194572, 40.845043692612364], [70.85036376017945, 40.91356103111673], [70.8409111066623, 40.978425110330654], [70.7856130908715, 41.00993804010852], [70.7676530522466, 41.00277734300005], [70.76718041894122, 40.96552908220144], [70.79290538397635, 40.90813794201245], [70.80735419144281, 40.83283939692069], [70.83760267892058, 40.82386420516901], [70.87683118571073, 40.82458226525937]], [[70.61636200020621, 40.97312399987276], [70.55822500008372, 41.002012000153734], [70.54286699961239, 40.9885180002056], [70.5687760001124, 40.99088999987367], [70.58555499956361, 40.983121999580646], [70.6566619997515, 40.91842500001376], [70.66953299974818, 40.91449999977522], [70.61636200020621, 40.97312399987276]]]}}, {"type": "Feature", "properties": {"type": "\u041e\u0440\u0430\u0448\u0430\u0435\u043c\u044b\u0435 \u0437\u0435\u043c\u043b\u0438"}, "geometry": {"type": "Polygon", "coordinates": [[[70.87683118571073, 40.82458226525937], [70.83760267892058, 40.82386420516901], [70.80735419144281, 40.83283939692069], [70.79290538397635, 40.90813794201245], [70.76718041894122, 40.96552908220144], [70.7676530522466, 41.00277734300005], [70.7856130908715, 41.00993804010852], [70.8409111066623, 40.978425110330654], [70.85036376017945, 40.91356103111673], [70.87966698194572, 40.845043692612364], [70.87683118571073, 40.82458226525937]]]}}, {"type": "Feature", "properties": {"type": "\u041e\u0440\u0430\u0448\u0430\u0435\u043c\u044b\u0435 \u0437\u0435\u043c\u043b\u0438"}, "geometry": {"type": "MultiPolygon", "coordinates": [[[[71.671634000209, 40.19752900006335], [71.66028000002206, 40.20180400025447], [71.65481299972019, 40.206430000444236], [71.66805899992293, 40.20488800038093], [71.671634000209, 40.19752900006335]]], [[[71.71794000782518, 41.42253758704003], [71.72214823155569, 41.41154000166978], [71.7106899999436, 41.41714600028774], [71.71794000782518, 41.42253758704003]]], [[[71.73685299956632, 41.53415700034532], [71.71533099992575, 41.51816799955362], [71.7404000003598, 41.51528999993359], [71.72636999997559, 41.50009599983059], [71.73475499994332, 41.478186000283756], [71.6975670000171, 41.44958000041674], [71.6817570002854, 41.42118500038754], [71.70906799978842, 41.4005120003286], [71.72411053966971, 41.40641179127118], [71.7498427091737, 41.38739799901851], [71.78292699288647, 41.38775393899311], [71.8114650004095, 41.40106000041874], [71.83759700040133, 41.371897000046545], [71.83994599990802, 41.35123400044881], [71.85160490893945, 41.351751677198195], [71.82877235695877, 41.22979118901219], [71.79285227791036, 41.1655338077391], [71.81175758224668, 41.14195684283408], [71.99871500019714, 41.15539700037129], [72.01308600011885, 41.14210499984591], [72.0606510001436, 41.124796000235285], [72.08300899966565, 41.12722900001842], [72.10767300030874, 41.15237999973727], [72.13397400000014, 41.16120600025675], [72.1546749995516, 41.15933200017173], [72.16604300038419, 41.16540499964105], [72.18773199963213, 41.16030800021411], [72.18729400011807, 41.11271399975135], [72.20994399961597, 41.04852500022861], [72.20651399972138, 41.02890300007346], [72.1924739997753, 41.025085000272604], [72.18234400027546, 41.006971999558175], [72.15637499970654, 41.011411000117604], [72.17635900036764, 40.991235999641724], [72.24932299985659, 41.00487900016578], [72.29181899994694, 41.02974100004718], [72.31932899963368, 41.0332900000335], [72.3289509999887, 41.04945599999445], [72.34930399967989, 41.05911999958835], [72.38862900012832, 41.02948299984064], [72.44411000007648, 41.03189599960075], [72.47353800007868, 41.01134499977194], [72.49246799979841, 41.00740599978712], [72.4947509998588, 40.96774399998566], [72.51964100013208, 40.97614699988418], [72.52507299971921, 40.9641739999302], [72.55100999971177, 40.96250400025946], [72.59250999973675, 40.90526300008741], [72.57369299983212, 40.87891500002729], [72.58288200000435, 40.870832999643255], [72.65480900023522, 40.85260099973641], [72.70254299995952, 40.8566830000205], [72.73558300015536, 40.849075999957506], [72.7987140003509, 40.85068000018191], [72.85265700042025, 40.86578299968573], [72.86862800038199, 40.85940300044814], [72.90342999999456, 40.82069499967457], [72.89935299994107, 40.810246999899164], [72.95467299965924, 40.80271000036629], [72.96319799978788, 40.81951600016333], [72.99629848029069, 40.835120413076645], [73.06139822324945, 40.781709315232774], [73.03020085658432, 40.764530149846564], [72.9860489995617, 40.76390300042317], [72.94456899955973, 40.7322660001758], [72.8595839997019, 40.71180299990857], [72.85829699970685, 40.69997500034605], [72.86464700025891, 40.6995749998864], [72.84654099986733, 40.673203999664906], [72.76262499984392, 40.675801999862465], [72.7575339997943, 40.66374399958596], [72.78638300007543, 40.64593100011563], [72.75964700010898, 40.624943999965694], [72.75054799959054, 40.60611799964602], [72.75260900020527, 40.580549999582836], [72.76512900020327, 40.57229100002968], [72.74933300021786, 40.57098700015001], [72.74356999975572, 40.580840000365754], [72.7228239999277, 40.58444000000605], [72.70509499983444, 40.57522699962641], [72.69403299962329, 40.596001999892444], [72.68423300005298, 40.59363200031663], [72.66392599978512, 40.58223599999144], [72.67839684783631, 40.54704963013638], [72.58687507532454, 40.55750920238784], [72.51177841634092, 40.552755100067884], [72.49584900013134, 40.569881999554696], [72.4751689997496, 40.55012899965368], [72.41071699978977, 40.61772199967061], [72.38334200003334, 40.61148599987905], [72.38058899988249, 40.601295000264074], [72.34498800029604, 40.60125800035649], [72.37307599965771, 40.57995600006939], [72.39500900026519, 40.57512300022631], [72.39192200000036, 40.56493399980428], [72.41473099963598, 40.56199700016145], [72.42528099961851, 40.53904900041106], [72.40810199970758, 40.52634299992956], [72.38549699958689, 40.525969999815686], [72.32598187026711, 40.493312546037195], [72.25141216993575, 40.47494790692041], [72.24404200003835, 40.485315000087205], [72.2120842835629, 40.48524355524591], [72.18513735030854, 40.52018891128927], [72.15205306659577, 40.53245102799258], [72.00553695506646, 40.468952106154795], [71.92424414525117, 40.45740033965398], [71.9166820231569, 40.43573538288165], [71.95638316325244, 40.422010604306024], [72.06978236816184, 40.40085773769447], [72.06744300039423, 40.38250500020564], [72.05251199982898, 40.37907500031105], [72.04737100017154, 40.369419000186774], [71.96251199982895, 40.317840000315805], [71.99335100014862, 40.29668100032796], [72.05221599966869, 40.28692299999648], [72.05310700028785, 40.277962000445996], [72.02523500009522, 40.26344299999448], [72.00770500018571, 40.273921000254006], [71.99634100043687, 40.27178699987019], [71.97695999970426, 40.258839999966085], [71.96778800031603, 40.24124799989534], [71.94632399975285, 40.23426399978383], [71.92536600004092, 40.251886000338686], [71.88171799988584, 40.26645200025967], [71.8438930002618, 40.25277099978188], [71.83906499975001, 40.23993000026934], [71.85576400000865, 40.233984000361374], [71.86843899995996, 40.213884999792974], [71.84768000043174, 40.213370000325305], [71.81680700034286, 40.202980999673464], [71.80526899976456, 40.18809800042243], [71.74628500015268, 40.17364500031658], [71.73320899969565, 40.15855300042068], [71.7351049998959, 40.14658099961349], [71.72687299978918, 40.14902699999612], [71.71812900035313, 40.175263000287245], [71.67739599972566, 40.195188000026235], [71.69564599956328, 40.19451599961377], [71.69459599970564, 40.205951999984855], [71.70596299959283, 40.201963000392205], [71.69337700014847, 40.22354600014784], [71.69877499996629, 40.24016600036066], [71.67993499990035, 40.25904000019591], [71.67996200024618, 40.270147999830385], [71.62223600019132, 40.26488299985061], [71.6298080004389, 40.2160149999923], [71.62652300003646, 40.21188200005429], [71.61390199987744, 40.22080899983552], [71.61972599955527, 40.20592300044614], [71.59523899988, 40.21657199959815], [71.56916399981877, 40.21439800006771], [71.51027299999902, 40.23030000044474], [71.51677100018156, 40.236869000304175], [71.51096300034226, 40.267425000163655], [71.49768489434246, 40.27591067743588], [71.6009634347148, 40.32893280770298], [71.62270453528612, 40.36003339562479], [71.58962025157342, 40.371602018118715], [71.51683482866446, 40.36147958281657], [71.39970245700283, 40.298559502419145], [71.38829500021416, 40.30736400014853], [71.3571419998035, 40.306343999875764], [71.37533299961831, 40.31531299979514], [71.35182300003146, 40.31956299973268], [71.34555100037839, 40.313583000055466], [71.32442800025206, 40.316633999559485], [71.3096290003781, 40.307405000240635], [71.28080700044279, 40.34411899989197], [71.24323499989538, 40.32248799972149], [71.24919799968796, 40.33858900028218], [71.20453300029777, 40.34645699979074], [71.15964399957095, 40.339015000142176], [71.15697599974266, 40.333265000279596], [71.12836999987563, 40.33657199989795], [71.10753498155424, 40.32531552309297], [71.08957494292935, 40.33869850173454], [71.06783384325729, 40.38280721288259], [71.03758535488026, 40.41641152776987], [70.98323260390163, 40.43302676877039], [70.9581830746892, 40.426164453226974], [70.91328297722764, 40.390758146970946], [70.88067132592101, 40.385337157783674], [70.85703969482608, 40.373047955298944], [70.85325863377898, 40.35858717695669], [70.97188942076019, 40.34231506508826], [70.96054623941745, 40.336166793262976], [70.86696497985002, 40.32567726009751], [70.75495105015091, 40.29962718025024], [70.61127073395727, 40.28876999074254], [70.58952963428527, 40.29962718025024], [70.62544971333364, 40.3567793597797], [70.60938020433304, 40.374855332707504], [70.55077375900184, 40.38280721288259], [70.5129631503292, 40.37774703529749], [70.47734406537637, 40.35266124002425], [70.42206700019197, 40.378314000290914], [70.37930500042546, 40.38674999991263], [70.36090716193604, 40.400427129708305], [70.45152090966228, 40.43916613730744], [70.58858436857383, 40.52722187229165], [70.60559914328586, 40.553904290650564], [70.59166447373654, 40.56973585972218], [70.63039399978334, 40.61914399959596], [70.71099499981943, 40.662607000212915], [70.73546399956399, 40.659213000179875], [70.72936499979494, 40.68351500031706], [70.76126599962623, 40.693562999632775], [70.77736500009473, 40.71725000018739], [70.794871999843, 40.7251629999725], [70.77561515681407, 40.74933629633308], [71.03043678692825, 40.887292542816624], [71.13441596302636, 40.93103764457168], [71.28707629763305, 40.97170874486273], [71.68881402264907, 41.14307337004004], [71.71288874701808, 41.16949595267614], [71.7124161137127, 41.28261083602131], [71.6682545044419, 41.33296059665429], [71.66967240166008, 41.36074142177926], [71.65694932844883, 41.40197894207455], [71.67884499999678, 41.4171440001955], [71.65361100004765, 41.47623800038349], [71.64392000010798, 41.479840000115985], [71.61665900021274, 41.46899399997318], [71.60293599959675, 41.47664100008216], [71.62075700033535, 41.48623399999917], [71.66431499993735, 41.49094000028082], [71.67285099967393, 41.51848699987522], [71.70953699983272, 41.534105999792125], [71.71552499987887, 41.54521999970324], [71.72712999994957, 41.545704000439336], [71.73685299956632, 41.53415700034532]], [[72.38432984414703, 40.80911979594185], [72.39850882172482, 40.78325861419375], [72.48169216296299, 40.77176149769503], [72.51288591615219, 40.742290984041745], [72.53746281205918, 40.75594968762806], [72.5799997465911, 40.763856065704935], [72.63766092621086, 40.803373744103055], [72.63009880501589, 40.826354944125406], [72.58756186868533, 40.82994503143811], [72.50437852834648, 40.85291695495357], [72.39567302638909, 40.82707297723618], [72.38432984414703, 40.80911979594185]], [[71.67868915288214, 40.74695262436415], [71.6055689087782, 40.772834403285124], [71.47775016663695, 40.736539415761456], [71.40915709262578, 40.73191079674592], [71.35937179687095, 40.74916127477309], [71.31899038979468, 40.78701236822627], [71.27307728428929, 40.79794308270715], [71.13755064534604, 40.758415770771244], [71.11044531809698, 40.75673323185322], [71.04351175316492, 40.771874537979606], [71.01142789598066, 40.75431450700893], [71.00866204631643, 40.72233693979797], [71.02193812524433, 40.69287021588781], [71.15646944670766, 40.65457356411872], [71.1818042417724, 40.63600443175913], [71.26865192374731, 40.60270475861779], [71.29686359158154, 40.56601361433689], [71.40141271302633, 40.51537185912405], [71.4395814398316, 40.550297698979705], [71.56605704089975, 40.63877684827298], [71.71021983977386, 40.72002217298495], [71.67868915288214, 40.74695262436415]], [[70.79377338893077, 40.62429981108744], [70.7663606967888, 40.6271806966319], [70.72098796512256, 40.61745720418668], [70.67277943812064, 40.58539558723664], [70.68034156021491, 40.568818339894506], [70.71767953738076, 40.54250247261109], [70.74083853517033, 40.54502636507476], [70.75454488124132, 40.564132715552425], [70.80464393876684, 40.59872645556152], [70.79377338893077, 40.62429981108744]]]]}}, {"type": "Feature", "properties": {"type": "\u041d\u0435\u043e\u0440\u043e\u0448\u0430\u0435\u043c\u044b\u0435 \u0437\u0435\u043c\u043b\u0438"}, "geometry": {"type": "Polygon", "coordinates": [[[68.80421029147179, 39.875095164010645], [68.79104199988842, 39.86578399993169], [68.78729199962612, 39.83648599962925], [68.76647800025955, 39.88271800023556], [68.75873400017399, 39.87462800038196], [68.74512600036468, 39.875075000311085], [68.74966600018581, 39.85762899977857], [68.70523299980317, 39.85283599998149], [68.67923499969554, 39.83390700030788], [68.66846699955244, 39.83691100034247], [68.66746899939488, 39.84503499996532], [68.63490300037324, 39.85523099981083], [68.63367500040101, 39.762924999589124], [68.60861600042813, 39.738866999912155], [68.59954700039377, 39.71726900036413], [68.60190300022333, 39.70486500031955], [68.62847399977534, 39.68167100001671], [68.61539400003312, 39.63784299965476], [68.5958899999236, 39.624911999589195], [68.5796490001013, 39.623534999940375], [68.56557100020153, 39.600822000235155], [68.54599799960806, 39.59702999983466], [68.53616999964582, 39.571066000395646], [68.5526669995824, 39.54435599982958], [68.52115699979578, 39.53244500003677], [68.49277999969728, 39.54297399995016], [68.4604119999139, 39.53365500007823], [68.39257100015158, 39.543067999788434], [68.37090200002734, 39.52964999974773], [68.28403199957717, 39.55891600037319], [68.2509680000732, 39.560859000042846], [68.2138640004233, 39.55165600012435], [68.17248699977527, 39.566581000412896], [68.11690200042705, 39.55807000003051], [68.0802180003605, 39.575614999732515], [68.06461100009761, 39.57112200028012], [68.03933099982584, 39.57568700035483], [67.97576999958585, 39.605137999619046], [67.93787500033106, 39.599065000149665], [67.89567500040101, 39.61047700031338], [67.8812849996031, 39.62482400002761], [67.8395440001555, 39.629330000079506], [67.79393000016942, 39.65689699969681], [67.76132200011028, 39.63997099976188], [67.70705100020353, 39.65931599973368], [67.68382999955492, 39.6392079996495], [67.66583099960098, 39.641057000380314], [67.65098000002705, 39.63378799971644], [67.6299430002693, 39.613672000162744], [67.62926799971846, 39.60138900030216], [67.56415553764799, 39.59382534756178], [67.60084520074548, 39.63982409100902], [67.61891547556881, 39.65112785776449], [67.6255323319516, 39.671219417342286], [67.59433857966178, 39.67888918558747], [67.59670174259138, 39.685462591225644], [67.62458706713947, 39.71101983629649], [67.64538290199937, 39.747878475711154], [67.67350454320017, 39.76301760457886], [67.69524564287218, 39.759369928279625], [67.71604147863137, 39.72744445519748], [67.7543247206094, 39.713803174177194], [67.916437707834, 39.68660374276856], [68.0891849300405, 39.645144916404824], [68.13644819223032, 39.6407601377702], [68.16764194362088, 39.65172155690436], [68.17425880090298, 39.7068674316867], [68.16055245483199, 39.72475291291664], [68.05799117685137, 39.74117423580241], [67.98662365205996, 39.77218153165239], [67.88949764899735, 39.79132606734419], [67.81718485939382, 39.83870847621523], [67.76519527134472, 39.91845514728727], [67.75857841406263, 39.97520398087909], [67.77181212682825, 39.986838902293584], [67.78457320808711, 39.98938377504123], [67.82049328713555, 39.974476732415326], [67.95472094981204, 39.88824252207479], [67.98118837714195, 39.888970695041614], [67.99489472321295, 39.89989235424877], [67.99914841576685, 39.97338584398158], [68.01332739514322, 39.98720246132456], [68.03459586330848, 39.98938377504123], [68.07287910528652, 39.959930115582445], [68.25838740695332, 39.86275155883743], [68.29572538411924, 39.84745239741028], [68.39497823255942, 39.831056624263844], [68.45405731119604, 39.84672378017836], [68.64618247014492, 39.98020360621149], [68.67028673274653, 39.98856579037896], [68.70526154698285, 39.98602088705434], [68.75866903225011, 39.940923900117916], [68.80421029147179, 39.875095164010645]]]}}, {"type": "Feature", "properties": {"type": "\u041d\u0435\u043e\u0440\u043e\u0448\u0430\u0435\u043c\u044b\u0435 \u0437\u0435\u043c\u043b\u0438"}, "geometry": {"type": "Polygon", "coordinates": [[[70.36090716193604, 40.400427129708305], [70.32975100040841, 40.44420900024522], [70.33139399973334, 40.45851299977517], [70.39792000000806, 40.47588899977757], [70.45477600041215, 40.501405000140714], [70.4915829998556, 40.50443899976011], [70.51437100032149, 40.5508980000427], [70.5471890001723, 40.553917999915825], [70.59166447373654, 40.56973585972218], [70.60559914328586, 40.553904290650564], [70.58858436857383, 40.52722187229165], [70.45152090966228, 40.43916613730744], [70.36090716193604, 40.400427129708305]]]}}, {"type": "Feature", "properties": {"type": "\u041d\u0435\u043e\u0440\u043e\u0448\u0430\u0435\u043c\u044b\u0435 \u0437\u0435\u043c\u043b\u0438"}, "geometry": {"type": "MultiPolygon", "coordinates": [[[[71.03807199962311, 40.22753799987885], [71.02716400021848, 40.242741000396904], [71.04030500007575, 40.2587159996437], [71.04391200003882, 40.25184500024659], [71.03807199962311, 40.22753799987885]]], [[[71.08957494292935, 40.33869850173454], [71.1159172547775, 40.32583062328468], [71.07193399995418, 40.28983800042346], [71.03357399994017, 40.27938400037135], [71.01263900038964, 40.28668899999741], [70.99059400001312, 40.27680400010456], [70.9615549999633, 40.282172000337596], [70.98230800011419, 40.251891999716065], [70.98774800007021, 40.22336299980264], [70.8653289997336, 40.22125599976465], [70.78860999975177, 40.20213999956138], [70.75990499981594, 40.18818900012229], [70.71395399957747, 40.189861999931395], [70.63233000002951, 40.177294999564644], [70.57282000044273, 40.24202599980009], [70.57588299960081, 40.28339800021758], [70.56158799958655, 40.31688000011195], [70.57797199970808, 40.338306999868216], [70.5599689995697, 40.3541720003376], [70.47734406537637, 40.35266124002425], [70.5129631503292, 40.37774703529749], [70.55077375900184, 40.38280721288259], [70.60938020433304, 40.374855332707504], [70.62544971333364, 40.3567793597797], [70.58952963428527, 40.29962718025024], [70.61127073395727, 40.28876999074254], [70.75495105015091, 40.29962718025024], [70.97188942076019, 40.34231506508826], [70.85325863377898, 40.35858717695669], [70.85703969482608, 40.373047955298944], [70.88067132592101, 40.385337157783674], [70.91328297722764, 40.390758146970946], [70.9581830746892, 40.426164453226974], [70.98323260390163, 40.43302676877039], [71.03758535488026, 40.41641152776987], [71.06783384325729, 40.38280721288259], [71.08957494292935, 40.33869850173454]]]]}}, {"type": "Feature", "properties": {"type": "\u041d\u0435\u043e\u0440\u043e\u0448\u0430\u0435\u043c\u044b\u0435 \u0437\u0435\u043c\u043b\u0438"}, "geometry": {"type": "Polygon", "coordinates": [[[71.49768489434246, 40.27591067743588], [71.42371699963985, 40.28288499994284], [71.39970245700283, 40.298559502419145], [71.51683482866446, 40.36147958281657], [71.58962025157342, 40.371602018118715], [71.62270453528612, 40.36003339562479], [71.6009634347148, 40.32893280770298], [71.49768489434246, 40.27591067743588]]]}}, {"type": "Feature", "properties": {"type": "\u041d\u0435\u043e\u0440\u043e\u0448\u0430\u0435\u043c\u044b\u0435 \u0437\u0435\u043c\u043b\u0438"}, "geometry": {"type": "Polygon", "coordinates": [[[72.2120842835629, 40.48524355524591], [72.19255800005169, 40.48114200010326], [72.18601699968485, 40.494554999913355], [72.172494000198, 40.49296500033454], [72.17101200020369, 40.47239399958346], [72.12723699958791, 40.446938000188595], [72.10587199999287, 40.446946999704316], [72.08428900023722, 40.45679899987402], [72.09141299961033, 40.428883000350254], [72.06978236816184, 40.40085773769447], [71.95638316325244, 40.422010604306024], [71.9166820231569, 40.43573538288165], [71.92424414525117, 40.45740033965398], [72.00553695506646, 40.468952106154795], [72.15205306659577, 40.53245102799258], [72.18513735030854, 40.52018891128927], [72.2120842835629, 40.48524355524591]]]}}, {"type": "Feature", "properties": {"type": "\u041d\u0435\u043e\u0440\u043e\u0448\u0430\u0435\u043c\u044b\u0435 \u0437\u0435\u043c\u043b\u0438"}, "geometry": {"type": "Polygon", "coordinates": [[[72.53746281205918, 40.75594968762806], [72.51288591615219, 40.742290984041745], [72.48169216296299, 40.77176149769503], [72.39850882172482, 40.78325861419375], [72.38432984414703, 40.80911979594185], [72.39567302638909, 40.82707297723618], [72.50437852834648, 40.85291695495357], [72.58756186868533, 40.82994503143811], [72.63009880501589, 40.826354944125406], [72.63766092621086, 40.803373744103055], [72.5799997465911, 40.763856065704935], [72.53746281205918, 40.75594968762806]]]}}, {"type": "Feature", "properties": {"type": "\u0411\u043e\u0433\u0430\u0440\u043d\u044b\u0435 \u0437\u0435\u043c\u043b\u0438"}, "geometry": {"type": "Polygon", "coordinates": [[[67.03243380787399, 39.24793481114266], [66.96396200834005, 39.19567979178902], [66.89850469043915, 39.171548866986655], [66.75122572268901, 39.123932846623624], [66.73486139433794, 39.143720911091236], [66.73873715579515, 39.16417386323325], [66.7546708446838, 39.17758238082229], [66.77577221791357, 39.24793481114266], [66.90320938040861, 39.25533043365265], [66.9785942828999, 39.27204759482071], [67.03243380787399, 39.24793481114266]]]}}, {"type": "Feature", "properties": {"type": "\u0411\u043e\u0433\u0430\u0440\u043d\u044b\u0435 \u0437\u0435\u043c\u043b\u0438"}, "geometry": {"type": "Polygon", "coordinates": [[[67.2389258091788, 39.16660434761258], [67.22991667701308, 39.13824381320148], [67.12475592034953, 39.124669835644454], [67.11506695107896, 39.09760603998683], [67.14224332566901, 39.07937349868808], [67.26701833662696, 39.051555119673075], [67.27811407220673, 39.0248244868606], [67.12394486136634, 39.05236399780029], [67.07248335072609, 39.091136050088714], [67.07420591217317, 39.110597898074616], [67.11597801737166, 39.15956408861183], [67.1568888409473, 39.172973492932385], [67.2389258091788, 39.16660434761258]]]}}, {"type": "Feature", "properties": {"type": "\u0411\u043e\u0433\u0430\u0440\u043d\u044b\u0435 \u0437\u0435\u043c\u043b\u0438"}, "geometry": {"type": "Polygon", "coordinates": [[[67.63480642687517, 38.22386543793965], [67.50995150305948, 38.22003202915488], [67.43811134496264, 38.283391065945004], [67.44756399668113, 38.30127059186435], [67.50522517720019, 38.303505220989216], [67.55154317277923, 38.31616680485421], [67.63850757506458, 38.38539365988953], [67.88974451559697, 38.616262602736974], [67.8810724196565, 38.53507829162993], [67.8651286898372, 38.496144702216256], [67.81578930942912, 38.43431521887231], [67.81104928059989, 38.380742978705534], [67.76149444421328, 38.315588657690455], [67.75933988622683, 38.270421075772106], [67.72788333764595, 38.250715060052016], [67.70633775688202, 38.25037525391491], [67.68005214818817, 38.26192776415502], [67.64644104072153, 38.2581903903743], [67.63480642687517, 38.22386543793965]]]}}, {"type": "Feature", "properties": {"type": "\u0411\u043e\u0433\u0430\u0440\u043d\u044b\u0435 \u0437\u0435\u043c\u043b\u0438"}, "geometry": {"type": "Polygon", "coordinates": [[[68.20731448887261, 38.35106596452271], [68.15379528622354, 38.27910677036124], [68.1122036147051, 38.256004434357244], [68.06210455807893, 38.24556869324066], [68.04314905358603, 38.289951891866394], [68.14202677951232, 38.40236241629253], [68.15672400041234, 38.397700999901296], [68.16686100023503, 38.373371000271504], [68.19464900015129, 38.36602999988462], [68.20731448887261, 38.35106596452271]]]}}, {"type": "Feature", "properties": {"type": "\u041d\u0435\u043e\u0440\u043e\u0448\u0430\u0435\u043c\u044b\u0435 \u0437\u0435\u043c\u043b\u0438"}, "geometry": {"type": "Polygon", "coordinates": [[[67.02802226541525, 39.48414599404242], [66.989240218961, 39.399279973591945], [67.02112767859956, 39.38456818187615], [67.23572166772084, 39.392593183228875], [67.36499515410316, 39.361825627750584], [67.42206399076065, 39.3674856432479], [67.48514513344124, 39.39289185707361], [67.48338300002547, 39.36612799970749], [67.46891900031163, 39.346741999643605], [67.47286699981225, 39.32441499975249], [67.45912099993427, 39.314721999720575], [67.4323039998298, 39.30965399983227], [67.38436999987566, 39.31553400029395], [67.34330700021792, 39.306172000237666], [67.35741299961029, 39.2878770001235], [67.36114499994187, 39.26159799964802], [67.34201199985398, 39.23281599975865], [67.40632000036777, 39.22557000015541], [67.41014499959209, 39.215132999987986], [67.44659299956732, 39.20973600021631], [67.4576650002396, 39.20099399997315], [67.48967799983988, 39.19929699995662], [67.49846500035953, 39.18470399968987], [67.5466090001053, 39.18181200032359], [67.58482699986621, 39.18938399967191], [67.6247239997129, 39.169798000277524], [67.63199400042282, 39.14608799956158], [67.67568099967842, 39.14556000039375], [67.67061699997464, 39.06441100026751], [67.68303799990383, 39.056504999905876], [67.68345300015591, 39.01894700000412], [67.70379999957038, 39.00056000014394], [67.74963799999375, 39.00150499965605], [67.76787099994675, 39.01612000003803], [67.7947599997742, 39.01155700005557], [67.82010100016106, 39.01633500006027], [67.86906599999593, 39.00135900011781], [67.89070399958996, 39.01918100000318], [67.92164800025505, 39.02649099985979], [67.96660799975945, 39.0230179997809], [67.98566599998593, 39.03368399971686], [67.99988700018497, 39.01899599956579], [68.02775600023926, 39.010077000153494], [68.07884199985845, 39.026366000390674], [68.11497299960428, 39.014054000092074], [68.13888699983522, 38.97899899960419], [68.13612400012255, 38.96038299997553], [68.19607900044558, 38.938527000220915], [68.20772799984735, 38.918177999814866], [68.19690800000427, 38.9153659996412], [68.19524099957255, 38.89826599977613], [68.17887800041945, 38.892855000258116], [68.17998900039208, 38.88008400037637], [68.20133600005641, 38.866877000173474], [68.20133299991807, 38.85670399958997], [68.17638799980642, 38.845666999632385], [68.17140200010225, 38.83116299987261], [68.13344499978695, 38.82769199988593], [68.13372700020095, 38.819899000238706], [68.09522700002611, 38.81381800040043], [68.06973499987038, 38.81834300042919], [68.06671900018175, 38.798859000342645], [68.09137599960273, 38.792601999582644], [68.12797600029222, 38.7330950001342], [68.08288099995826, 38.7285219996906], [68.05772399996266, 38.71637799994476], [68.07408499992289, 38.69020099967645], [68.08123499959561, 38.65257000000554], [68.09283200019672, 38.64245500029807], [68.0814909997099, 38.63169200038556], [68.07951999964831, 38.59230299968373], [68.06072558891488, 38.569294818201335], [67.88974451559697, 38.616262602736974], [67.63850757506458, 38.38539365988953], [67.55154317277923, 38.31616680485421], [67.50522517720019, 38.303505220989216], [67.44756399668113, 38.30127059186435], [67.43811134496264, 38.283391065945004], [67.50995150305948, 38.22003202915488], [67.63480642687517, 38.22386543793965], [67.63717644084012, 38.0690307107987], [67.65419744965266, 38.063239256686416], [67.67466575232264, 38.07226691038966], [67.69297949610693, 38.103429227776694], [67.70289046392382, 38.09866209068297], [67.69815043599391, 38.06089699310178], [67.71667963575662, 38.031591021208726], [67.70181318493059, 37.98769514811266], [67.67962123623114, 37.98837722812663], [67.6563520076391, 38.002699437129365], [67.62963548788753, 37.97200553702595], [67.61498449303997, 37.91467562178258], [67.5796497386446, 37.90050682183244], [67.52966399120025, 37.83423546729302], [67.50811841043634, 37.67959702528253], [67.47106001091083, 37.61980983215807], [67.43012340557078, 37.57489472231361], [67.3810533451358, 37.48227830130264], [67.37932969910639, 37.41769145159924], [67.36554052727358, 37.35752019130381], [67.34313312259557, 37.33825510418978], [67.32331118786107, 37.336190692446564], [67.26341447170057, 37.379187455736535], [67.26944723460224, 37.40153595392121], [67.33553657984936, 37.529263967957824], [67.35606047141367, 37.60262703171219], [67.35088953242602, 37.63416147057546], [67.41582319578389, 37.69769895804052], [67.41250417582711, 37.74427559144544], [67.45399192168986, 37.80047970207664], [67.42799293412668, 37.78862773198432], [67.3798671492496, 37.80223538555463], [67.33893257188072, 37.79082268571841], [67.30187018476128, 37.79872397543119], [67.22226241218061, 37.77436030518396], [67.17723214774549, 37.791118316257325], [67.12573820935091, 37.789408490109786], [67.04257226639703, 37.742372654774265], [66.90942057420017, 37.6920537139078], [66.88141131857753, 37.660886624717996], [66.87624037869057, 37.64101499884316], [66.8995096072826, 37.60434120698119], [66.92062427608954, 37.59336979997636], [66.89764124055085, 37.59229840794523], [66.85947251374557, 37.609903143315464], [66.83845205611755, 37.634102794308546], [66.78921992975603, 37.64246082720546], [66.70403175686016, 37.61210343902251], [66.6271411338563, 37.55751671592373], [66.6249284535853, 37.486141006402356], [66.59284459730037, 37.44822222277742], [66.57589497757122, 37.40875480299184], [66.51518373284307, 37.38319798599831], [66.50138500031755, 37.39381699995465], [66.57302599995, 37.45135000010247], [66.58148599977915, 37.468362999552824], [66.56721700006453, 37.49291999975821], [66.53418999956887, 37.51361099974787], [66.52696700012699, 37.53921299958034], [66.53217400013006, 37.57839999996009], [66.52260300032827, 37.5983999995604], [66.54946499980997, 37.68566900042407], [66.54221099983783, 37.770919999958096], [66.57761400018603, 37.833129999949556], [66.61565399983225, 37.87594400031543], [66.67259599970566, 37.91105499978846], [66.7071389999649, 37.91535000000254], [66.67316399981877, 37.974523000236324], [66.59220000012992, 38.01351000038625], [66.5062319999069, 38.041029999634816], [66.42946000017895, 38.02324999988764], [66.3928540001121, 38.03218299994551], [66.37685799989686, 38.05101300044964], [66.36432100001417, 38.04901199990393], [66.34212399982277, 38.06586199993143], [66.32363199961713, 38.06518600023377], [66.2916630002473, 38.099887999731436], [66.27177300032378, 38.10686699961241], [66.24708799961155, 38.155390999794854], [66.21503600001142, 38.155634000208984], [66.20250799964452, 38.16497800033448], [66.20147699976377, 38.1575339996944], [66.17308199973455, 38.15289599985055], [66.16327599988755, 38.16651600021327], [66.13950199981747, 38.17609999971529], [66.11509300014188, 38.17483099965096], [66.09221299993004, 38.2014889996177], [66.0799429997697, 38.19754600034769], [66.0644650000598, 38.21076300011242], [66.0475460004476, 38.20870300044316], [66.02797800008472, 38.226669999820665], [66.00493400040386, 38.23217199993792], [65.97912800015712, 38.22641399970638], [65.91361299974022, 38.27702399985776], [65.851710999563, 38.27526799981837], [65.83740499994087, 38.24918200014923], [65.82972700020093, 38.25602299996154], [65.56183800042345, 38.28594600030772], [65.52369499153069, 38.308150555703655], [65.56287394927341, 38.37758682776996], [65.59517196831172, 38.38504428316718], [65.61455077919516, 38.411816933204925], [65.61498141865758, 38.429772727929105], [65.59904772976898, 38.435869899376435], [65.58354468124207, 38.43248264605733], [65.64321266563206, 38.47762702636623], [65.71470071756413, 38.512834299163615], [65.78710233860208, 38.52865874470535], [66.01399736168895, 38.559999811342266], [66.07023462942465, 38.45889268584881], [66.229118849955, 38.55073038030286], [66.26617724858119, 38.55242229195528], [66.28281999084992, 38.48785507175421], [66.30786952006235, 38.4757810797331], [66.36694859690026, 38.475223768961825], [66.38561758458394, 38.48488320089904], [66.39152549280732, 38.51905224956169], [66.37993791800056, 38.537532089134686], [66.42216725741304, 38.52466986831985], [66.42216725741304, 38.554452533058], [66.46596512958712, 38.57008965071685], [66.49999467901131, 38.62275903000528], [66.51984524905907, 38.68576266371599], [66.59312118199698, 38.737805967371564], [66.7729014173666, 38.817046640290236], [66.8715896741242, 38.92330519487888], [66.91293113806164, 38.93743255406917], [66.96202412671215, 38.930032862126936], [66.99561406593642, 38.9185954453236], [67.02748144461304, 38.88090610033628], [67.06236330492266, 38.86710406460093], [67.07872763507237, 38.88292568267416], [67.01628479790513, 38.930032862126936], [67.03049592714535, 38.970721533372114], [67.0520279389383, 38.98954468104228], [67.13083510535586, 39.01105067364972], [67.23332748537518, 38.995929961098845], [67.28328175474923, 39.01138665317154], [67.26701833662696, 39.051555119673075], [67.14224332566901, 39.07937349868808], [67.11506695107896, 39.09760603998683], [67.12475592034953, 39.124669835644454], [67.22991667701308, 39.13824381320148], [67.2389258091788, 39.16660434761258], [67.30222992617018, 39.180682734220845], [67.3030912059944, 39.18839112205268], [67.2682093456848, 39.203805340943795], [67.03243380787399, 39.24793481114266], [66.9785942828999, 39.27204759482071], [66.90320938040861, 39.25533043365265], [66.77577221791357, 39.24793481114266], [66.76629813175344, 39.26768770582299], [66.7546708446838, 39.27170455831879], [66.74089035670465, 39.26601394968407], [66.7305549907203, 39.22147723408715], [66.6818353583152, 39.22132999078651], [66.680137798021, 39.26621031305558], [66.6266646406607, 39.23255278528285], [66.60714269368043, 39.20878472703356], [66.60629391443267, 39.142719786688865], [66.58422562701111, 39.11759870471649], [66.51802076474655, 39.08320784996237], [66.49765003941785, 39.09709850039553], [66.48746467495482, 39.14007588779203], [66.49085979644252, 39.18500855689945], [66.40683054929048, 39.23816350444224], [66.26508424314336, 39.27907506366329], [66.25829400106733, 39.28896940571354], [66.26508424314336, 39.30941324772323], [66.31855739960433, 39.3423745041801], [66.41786469300126, 39.35687249466997], [66.51038174342278, 39.460905327019304], [66.59653294094255, 39.512041248904545], [66.69371828217305, 39.52979019326283], [66.85159141381273, 39.54293461234254], [66.88044994331028, 39.53767714598354], [66.91440115369033, 39.502178749150005], [66.95004992616322, 39.48672466241327], [67.00097674218294, 39.49099954299458], [67.02802226541525, 39.48414599404242]], [[66.97222851183642, 38.340320039138525], [66.97931800062531, 38.36804669000281], [66.94883319829353, 38.392786938766285], [66.8859730586098, 38.373627941976], [66.88928148815023, 38.35725503768986], [66.90535099715083, 38.34683397260977], [66.92472893389322, 38.33938942877916], [66.97222851183642, 38.340320039138525]], [[66.70576035275813, 38.31452286124113], [66.72867742032672, 38.327896266599446], [66.79063838005726, 38.32856487207124], [66.82968227311846, 38.344609525609144], [66.82798471192496, 38.358645659369756], [66.75244326804244, 38.385373560941154], [66.67096036133165, 38.37000623360086], [66.64210183183413, 38.351962128149744], [66.64634573256956, 38.31987252159963], [66.66671645969689, 38.308504017146724], [66.70576035275813, 38.31452286124113]], [[66.50459942732175, 38.22786987799253], [66.51987747176798, 38.235569147598135], [66.53218478569937, 38.27037297733108], [66.56656038705228, 38.28074394387795], [66.56019453504979, 38.29980924210286], [66.53727746838052, 38.31786644617961], [66.48762382168206, 38.32756196161528], [66.465131144187, 38.31820079612987], [66.46555553426053, 38.240924676932366], [66.47786284819193, 38.22753510805882], [66.50459942732175, 38.22786987799253]], [[66.30471167210607, 38.25598497033018], [66.31786776618452, 38.27003840524827], [66.3110775241085, 38.284758110098785], [66.27924826409615, 38.31051035516878], [66.26184826838295, 38.30984158242313], [66.26015070808876, 38.2820820235666], [66.2737311922408, 38.264350439721056], [66.30471167210607, 38.25598497033018]], [[67.23591132664649, 38.15078253008977], [67.23678461961457, 38.09753565294807], [67.2585257201859, 38.083154624686244], [67.33355614769812, 38.103884809036735], [67.34442669843342, 38.13916850532229], [67.36404095182854, 38.13506229259076], [67.39665260313518, 38.10519191877211], [67.40515999004157, 38.10873966960014], [67.39192627637664, 38.16669277814924], [67.36025989078138, 38.192621320017956], [67.32126769974462, 38.20828585620734], [67.31228768043216, 38.153258509372726], [67.28715751710581, 38.14908220168229], [67.26605614387596, 38.226576521589266], [67.24969181462556, 38.2282750279702], [67.21739379558726, 38.197695814810054], [67.23591132664649, 38.15078253008977]], [[67.52960797872525, 37.92974604514392], [67.52444029618276, 37.949868062960775], [67.50118572204347, 37.96657534687483], [67.47362474608518, 37.967257194863684], [67.43874288487632, 37.95395999715617], [67.41376575108859, 37.9362266227605], [67.38405157332151, 37.894263200286495], [67.3724242871512, 37.86798113132419], [67.38103709168848, 37.85227564180746], [67.40256910438075, 37.846812072419254], [67.42539303815823, 37.85227564180746], [67.47362474608518, 37.915759676268124], [67.51496621002262, 37.91064204189678], [67.52960797872525, 37.92974604514392]]]}}, {"type": "Feature", "properties": {"type": "\u0411\u043e\u0433\u0430\u0440\u043d\u044b\u0435 \u0437\u0435\u043c\u043b\u0438"}, "geometry": {"type": "Polygon", "coordinates": [[[66.97222851183642, 38.340320039138525], [66.92472893389322, 38.33938942877916], [66.90535099715083, 38.34683397260977], [66.88928148815023, 38.35725503768986], [66.8859730586098, 38.373627941976], [66.94883319829353, 38.392786938766285], [66.97931800062531, 38.36804669000281], [66.97222851183642, 38.340320039138525]]]}}, {"type": "Feature", "properties": {"type": "\u0411\u043e\u0433\u0430\u0440\u043d\u044b\u0435 \u0437\u0435\u043c\u043b\u0438"}, "geometry": {"type": "Polygon", "coordinates": [[[67.23591132664649, 38.15078253008977], [67.31228768043216, 38.153258509372726], [67.32126769974462, 38.20828585620734], [67.36025989078138, 38.192621320017956], [67.39192627637664, 38.16669277814924], [67.40515999004157, 38.10873966960014], [67.39665260313518, 38.10519191877211], [67.36404095182854, 38.13506229259076], [67.34442669843342, 38.13916850532229], [67.33355614769812, 38.103884809036735], [67.2585257201859, 38.083154624686244], [67.23678461961457, 38.09753565294807], [67.23591132664649, 38.15078253008977]]]}}, {"type": "Feature", "properties": {"type": "\u0411\u043e\u0433\u0430\u0440\u043d\u044b\u0435 \u0437\u0435\u043c\u043b\u0438"}, "geometry": {"type": "Polygon", "coordinates": [[[67.93455932495293, 38.06017300557977], [67.96213766861858, 38.141895351389394], [68.00264336110229, 38.21723646229293], [68.0178395591484, 38.20220226632159], [68.03863539490759, 38.148476614404274], [68.03201853762545, 38.09246993374052], [68.01122270276556, 38.06445035390078], [67.96254154335759, 38.05622922389961], [67.93455932495293, 38.06017300557977]]]}}, {"type": "Feature", "properties": {"type": "\u0411\u043e\u0433\u0430\u0440\u043d\u044b\u0435 \u0437\u0435\u043c\u043b\u0438"}, "geometry": {"type": "Polygon", "coordinates": [[[68.38805500503452, 38.140173251294584], [68.3696370001475, 38.07104100044189], [68.33886823508107, 38.0526418858144], [68.27873276420574, 38.0752858751431], [68.26691694865832, 38.08836107340488], [68.28676751870609, 38.17086715499527], [68.3099265173949, 38.18653640902812], [68.38805500503452, 38.140173251294584]]]}}, {"type": "Feature", "properties": {"type": "\u0417\u0435\u043c\u043b\u0438 \u043f\u0435\u0440\u0441\u043f\u0435\u043a\u0442\u0438\u0432\u043d\u043e\u0433\u043e\u043e\u0440\u043e\u0448\u0435\u043d\u0438\u044f \u0438 \u043e\u0441\u0432\u043e\u0435\u043d\u0438\u044f"}, "geometry": {"type": "Polygon", "coordinates": [[[67.48856579477562, 37.41975360334617], [67.54803159897914, 37.50287928455138], [67.55320253886612, 37.56636290622322], [67.61783928205728, 37.69316657997376], [67.67730508626079, 37.7527231257717], [67.73236945908332, 37.76265058715495], [67.76994375200263, 37.76002403078445], [67.77254323068559, 37.74238614820222], [67.72835208138349, 37.674703689923376], [67.73284209059005, 37.65591804218394], [67.71299152144161, 37.59934431109116], [67.68368829877602, 37.57452087323974], [67.65627560663398, 37.48870296626893], [67.60806707963206, 37.42842043285673], [67.55607749158303, 37.397506644016445], [67.48856579477562, 37.41975360334617]]]}}, {"type": "Feature", "properties": {"type": "\u0417\u0435\u043c\u043b\u0438 \u043f\u0435\u0440\u0441\u043f\u0435\u043a\u0442\u0438\u0432\u043d\u043e\u0433\u043e\u043e\u0440\u043e\u0448\u0435\u043d\u0438\u044f \u0438 \u043e\u0441\u0432\u043e\u0435\u043d\u0438\u044f"}, "geometry": {"type": "Polygon", "coordinates": [[[67.636510808527, 37.22712910122709], [67.68173868908929, 37.32514359130374], [67.75452411199825, 37.396823190737734], [67.82399502684905, 37.407566338116055], [67.84824000007598, 37.30892900007336], [67.78653700008255, 37.17225699986074], [67.75364599956328, 37.20310999992659], [67.71572299991658, 37.22346899989446], [67.67929299987208, 37.23270799967452], [67.64986399982376, 37.22307799984986], [67.636510808527, 37.22712910122709]]]}}, {"type": "Feature", "properties": {"type": "\u041d\u0435\u043e\u0440\u043e\u0448\u0430\u0435\u043c\u044b\u0435 \u0437\u0435\u043c\u043b\u0438"}, "geometry": {"type": "Polygon", "coordinates": [[[68.38805500503452, 38.140173251294584], [68.3099265173949, 38.18653640902812], [68.28676751870609, 38.17086715499527], [68.26691694865832, 38.08836107340488], [68.27873276420574, 38.0752858751431], [68.33886823508107, 38.0526418858144], [68.28792400009257, 38.00060499972103], [68.28120699970333, 37.9513580003715], [68.27132499994883, 37.93737400030994], [68.28135999956436, 37.92612200033011], [68.2627789997511, 37.909450000417216], [68.22164500041652, 37.93283699972778], [68.13841399960641, 37.93419600034519], [68.12774300033925, 37.92893499965055], [68.11477799960504, 37.86994699985422], [68.03961899961718, 37.7467660003507], [68.01055200007482, 37.71977700040827], [68.01238600011384, 37.70996899956975], [67.99061899996694, 37.683389999648796], [67.96280799988932, 37.67287300028881], [67.86019700019148, 37.54624600015284], [67.81630999980672, 37.42673299982812], [67.82399502684905, 37.407566338116055], [67.75452411199825, 37.396823190737734], [67.68173868908929, 37.32514359130374], [67.636510808527, 37.22712910122709], [67.6126670003818, 37.239204999810966], [67.57095599961974, 37.22426100044487], [67.53228899983755, 37.27019399985329], [67.50014300039919, 37.28175199955518], [67.46065899981305, 37.241513000124876], [67.43751777082849, 37.23156771058144], [67.45064557223542, 37.330341213176496], [67.47650026987162, 37.36955833904614], [67.48856579477562, 37.41975360334617], [67.55607749158303, 37.397506644016445], [67.60806707963206, 37.42842043285673], [67.65627560663398, 37.48870296626893], [67.68368829877602, 37.57452087323974], [67.71299152144161, 37.59934431109116], [67.73284209059005, 37.65591804218394], [67.72835208138349, 37.674703689923376], [67.77254323068559, 37.74238614820222], [67.76994375200263, 37.76002403078445], [67.73236945908332, 37.76265058715495], [67.67730508626079, 37.7527231257717], [67.8311405353075, 37.85973484728543], [67.868198934833, 37.908914544071024], [67.92680291602183, 38.01791369356216], [67.93455932495293, 38.06017300557977], [67.96254154335759, 38.05622922389961], [68.01122270276556, 38.06445035390078], [68.03201853762545, 38.09246993374052], [68.03863539490759, 38.148476614404274], [68.0178395591484, 38.20220226632159], [68.00264336110229, 38.21723646229293], [68.04314905358603, 38.289951891866394], [68.06210455807893, 38.24556869324066], [68.1122036147051, 38.256004434357244], [68.15379528622354, 38.27910677036124], [68.20731448887261, 38.35106596452271], [68.20971399970135, 38.33867800028951], [68.22374700022391, 38.3380170003843], [68.2327780003045, 38.321862000031324], [68.28918499978796, 38.323068999934435], [68.29685800019661, 38.315305999872066], [68.290724999759, 38.294651999790005], [68.30239199999083, 38.255668999824536], [68.33335799987185, 38.23429699990669], [68.37079000025834, 38.24583599963171], [68.37991700026942, 38.203620999909276], [68.40132199991041, 38.199690000293344], [68.40081900009682, 38.15771399990121], [68.38805500503452, 38.140173251294584]]]}}, {"type": "Feature", "properties": {"type": "\u0411\u043e\u0433\u0430\u0440\u043d\u044b\u0435 \u0437\u0435\u043c\u043b\u0438"}, "geometry": {"type": "Polygon", "coordinates": [[[66.40822076267813, 38.78592042169015], [66.37295953955118, 38.72697384826455], [66.35669599912114, 38.74174590984592], [66.28939139909386, 38.75685258128163], [66.2782427752839, 38.79074840061826], [66.31357752788067, 38.848056732132534], [66.35433519601253, 38.8484592911634], [66.3660180180172, 38.81759651276888], [66.40822076267813, 38.78592042169015]]]}}, {"type": "Feature", "properties": {"type": "\u041d\u0435\u043e\u0440\u043e\u0448\u0430\u0435\u043c\u044b\u0435 \u0437\u0435\u043c\u043b\u0438"}, "geometry": {"type": "Polygon", "coordinates": [[[66.24721713776073, 38.93561481017542], [66.22394791006803, 38.901278073924], [66.19550774338768, 38.887808114652834], [66.08347072089708, 38.853448064376714], [66.04813596830036, 38.85681743557626], [66.0179721537919, 38.873661885887365], [66.0399452749545, 39.03800282117333], [66.05649648962134, 39.05488057337981], [66.08662819023884, 39.06646099138168], [66.17129402340049, 39.068446012773336], [66.19633304133686, 39.05653503456426], [66.20524523378054, 39.04031961595757], [66.18317694635903, 39.005559653355355], [66.09363062735162, 38.989994850182256], [66.07198673000363, 38.97773927874476], [66.06901599858952, 38.94427399634793], [66.12376232706981, 38.93433074376883], [66.24721713776073, 38.93561481017542]]]}}, {"type": "Feature", "properties": {"type": "\u041d\u0435\u043e\u0440\u043e\u0448\u0430\u0435\u043c\u044b\u0435 \u0437\u0435\u043c\u043b\u0438"}, "geometry": {"type": "Polygon", "coordinates": [[[66.39487091506072, 38.9111937721749], [66.35433519601253, 38.8484592911634], [66.31357752788067, 38.848056732132534], [66.31443935089537, 38.91541875836907], [66.36356327622428, 38.92821026369278], [66.39487091506072, 38.9111937721749]]]}}, {"type": "Feature", "properties": {"type": "\u0411\u043e\u0433\u0430\u0440\u043d\u044b\u0435 \u0437\u0435\u043c\u043b\u0438"}, "geometry": {"type": "Polygon", "coordinates": [[[66.05019481773672, 39.298366613328604], [66.01375602232264, 39.25238559731753], [65.98417629410072, 39.24305240344569], [65.93659151258828, 39.26271731475231], [65.90684470831667, 39.26501674092992], [65.91403591672425, 39.311764510823586], [65.9944648953387, 39.290038974818906], [66.01932901492216, 39.31501889380695], [66.03819145037517, 39.314019870220875], [66.05019481773672, 39.298366613328604]]]}}, {"type": "Feature", "properties": {"type": "\u041d\u0435\u043e\u0440\u043e\u0448\u0430\u0435\u043c\u044b\u0435 \u0437\u0435\u043c\u043b\u0438"}, "geometry": {"type": "Polygon", "coordinates": [[[66.35669599912114, 38.74174590984592], [66.39785218832787, 38.7126729163221], [66.42551068586954, 38.65804282071963], [66.40847392003542, 38.64424098103649], [66.40429417603548, 38.607333314181176], [66.41265366403542, 38.58411959983971], [66.43556187777845, 38.55923110143424], [66.42216725741304, 38.554452533058], [66.37993791800056, 38.59301613418728], [66.33081399267166, 38.68359219762187], [66.3109920579372, 38.705036405006126], [66.20929691522052, 38.75971509367668], [66.2015405062894, 38.772534849403826], [66.23084249598446, 38.77388416162483], [66.2782427752839, 38.79074840061826], [66.28939139909386, 38.75685258128163], [66.35669599912114, 38.74174590984592]]]}}, {"type": "Feature", "properties": {"type": "\u0411\u043e\u0433\u0430\u0440\u043d\u044b\u0435 \u0437\u0435\u043c\u043b\u0438"}, "geometry": {"type": "Polygon", "coordinates": [[[66.17008395680921, 38.589972397608115], [66.10550206776628, 38.55550919958994], [66.07833660824792, 38.559999811342266], [66.05712848639058, 38.57749178162049], [66.05426896424137, 38.60554479915322], [66.07666855381075, 38.619380215924245], [66.06475387938809, 38.64367916376244], [66.01137613290227, 38.65264898476289], [65.97467893258668, 38.64480045377798], [65.94227101639433, 38.59956108257797], [65.89127620623195, 38.56402240870727], [65.7625977122147, 38.56738999115521], [65.7161304786387, 38.58609588161972], [65.69134795364522, 38.607414606598866], [65.6923011279947, 38.637698655068895], [65.71439491569288, 38.662310440174736], [65.77472254291109, 38.63426283116479], [65.84323749101748, 38.63629074032548], [65.88417409635753, 38.663999700625716], [65.98716197314661, 38.69406183328703], [66.06127877309694, 38.67683677639616], [66.08153161888912, 38.679539022407994], [66.09876808368017, 38.65690453261811], [66.1386274091277, 38.631896864149034], [66.14466017202938, 38.617361338654916], [66.12311459036613, 38.61533288990102], [66.12483823729485, 38.60248470300666], [66.17008395680921, 38.589972397608115]]]}}, {"type": "Feature", "properties": {"type": "\u0411\u043e\u0433\u0430\u0440\u043d\u044b\u0435 \u0437\u0435\u043c\u043b\u0438"}, "geometry": {"type": "Polygon", "coordinates": [[[66.37993791800056, 38.537532089134686], [66.39152549280732, 38.51905224956169], [66.38561758458394, 38.48488320089904], [66.36694859690026, 38.475223768961825], [66.30786952006235, 38.4757810797331], [66.28281999084992, 38.48785507175421], [66.26617724858119, 38.55242229195528], [66.29461741616086, 38.56324957810556], [66.3385704016028, 38.55783613962621], [66.35839233723662, 38.53888587278488], [66.37993791800056, 38.537532089134686]]]}}, {"type": "Feature", "properties": {"type": "\u0417\u0435\u043c\u043b\u0438 \u043f\u0435\u0440\u0441\u043f\u0435\u043a\u0442\u0438\u0432\u043d\u043e\u0433\u043e\u043e\u0440\u043e\u0448\u0435\u043d\u0438\u044f \u0438 \u043e\u0441\u0432\u043e\u0435\u043d\u0438\u044f"}, "geometry": {"type": "Polygon", "coordinates": [[[60.443094720045345, 43.39014772523739], [60.4739605237592, 43.310059714684144], [60.536549514248755, 43.27013243016756], [60.621430474237066, 43.2337834977103], [60.69602283298741, 43.22249835231714], [60.8812176543713, 43.246946841223796], [60.94980832899125, 43.246946841223796], [60.98667581683553, 43.21748205625193], [60.97895936568221, 43.144071242094185], [61.01153993641901, 43.11769695934725], [61.056123875416574, 43.125233636922864], [61.22074149432456, 43.27075894377031], [61.31376759609776, 43.298319136419074], [61.40465024021648, 43.298319136419074], [61.43723081095321, 43.316476933263914], [61.493818117312344, 43.383425676953486], [61.53068560515662, 43.40093269828543], [61.58127122738527, 43.40343328481828], [61.64986190200522, 43.39280507169673], [61.6567209691974, 43.35840681372354], [61.70044752423394, 43.28908160882923], [61.7450314632315, 43.24334287737196], [61.794759702398366, 43.24020882098034], [62.08541268624651, 43.25713079644913], [62.14199999170631, 43.24083564484919], [62.148001675836724, 43.220147014573115], [62.135140925413445, 43.18502285172326], [62.02453846188059, 43.06255658122131], [61.667866954396466, 43.034889024808706], [61.54097420639454, 43.05752705073286], [61.36949751939505, 43.05249710565692], [61.17401409677319, 43.032373169586144], [60.99910787572794, 43.00469190210965], [60.86878559457959, 42.9996575944225], [60.79848015293675, 43.03866261428829], [60.71445657690953, 43.05123955486163], [60.491536883720244, 42.98958773168851], [60.46753014809792, 43.04369370240249], [60.50293715312717, 43.08806782686878], [60.57855837137179, 43.09796434887568], [60.599264181396904, 43.130941121335745], [60.58486014038323, 43.14478602865233], [60.54885003470139, 43.14808197020682], [60.463326037866416, 43.130941121335745], [60.44712149116396, 43.13621574406142], [60.49933614174961, 43.21396320513787], [60.46872755403342, 43.227789168235574], [60.37870229297647, 43.201451280152526], [60.28957728476392, 43.208036825738986], [60.213055813674934, 43.19025420896463], [60.186048236436996, 43.17740796100866], [60.186048236436996, 43.21001235028978], [60.17074394167963, 43.222851686955835], [60.14868775283758, 43.22383921540751], [60.12978244760195, 43.21659696507793], [60.1189794170665, 43.20309773377346], [60.08521994394534, 43.12566604085515], [60.06721489155404, 43.11940128703981], [60.046058955556425, 43.12236888161863], [60.036156176966074, 43.1411602868178], [60.02940428288139, 43.19420635344051], [60.00329695668927, 43.24621887330244], [59.97718963229573, 43.254444606933134], [59.931276748922855, 43.221946438377465], [59.87321045619763, 43.212399356045516], [59.85925654025721, 43.203509339984116], [59.88851475005573, 43.12475933987167], [59.86825906600314, 43.10662248374069], [59.79173759491413, 43.119813461622016], [59.67740551425311, 43.16562984234338], [59.65399894659419, 43.168924651651416], [59.63644402107478, 43.16101680857889], [59.623390357978685, 43.14816436609265], [59.62068960034485, 43.05894622229039], [59.586480001251125, 43.020646198063616], [59.58152861195594, 42.95488576276779], [59.545518508072746, 42.91056494831378], [59.52211194041375, 42.903616236700024], [59.509058277317706, 42.92313680142229], [59.51581017230166, 42.9663741612386], [59.42173377479395, 42.96604359023956], [59.365467986858164, 42.939261381307745], [59.34026091440972, 42.971001969965016], [59.324056366807945, 43.02518732923192], [59.42308415361083, 43.142643571044005], [59.45729375180525, 43.21116471008338], [59.57252608620996, 43.319552900645874], [59.681316691911825, 43.336100061168956], [59.83449959378129, 43.325468355979915], [59.946130916808436, 43.337954634998475], [60.1788462145812, 43.388530452818195], [60.22227981905848, 43.416304362156666], [60.3507944619949, 43.44890302365564], [60.41111138728076, 43.42463003834564], [60.443094720045345, 43.39014772523739]], [[60.410075010353516, 43.21428131513062], [60.424230889743804, 43.22586232128912], [60.41931232120668, 43.26471268294404], [60.403956790273696, 43.274530945047104], [60.39292000165682, 43.26155647535108], [60.39172035101341, 43.21682581735762], [60.410075010353516, 43.21428131513062]]]}}, {"type": "Feature", "properties": {"type": "\u041d\u0435\u043e\u0440\u043e\u0448\u0430\u0435\u043c\u044b\u0435 \u0437\u0435\u043c\u043b\u0438"}, "geometry": {"type": "Polygon", "coordinates": [[[58.4528351219434, 43.63720162935174], [58.44437066507418, 43.620805895775504], [58.51084490576784, 43.63073982957951], [58.54228712185324, 43.65286031724991], [58.614505962879946, 43.65357374403311], [58.63120964141189, 43.67390284064362], [58.67493397332425, 43.69493793923453], [58.77122576165965, 43.71560926925241], [58.94489487889559, 43.73867783391495], [58.97879351940542, 43.732978324690016], [58.98567150383688, 43.713025745441826], [58.97682838112496, 43.68379739313525], [58.98567150383688, 43.675953198681206], [59.00237518236883, 43.68308432698018], [59.04315180641078, 43.72478432543631], [59.0441343751014, 43.736540581582624], [59.01514858164177, 43.76948133979204], [58.9581595652118, 43.796176658026404], [58.92327835601139, 43.803293381884146], [58.88004530844425, 43.7976000707867], [58.853024653265194, 43.80293756601588], [58.85056822974008, 43.81681280656584], [58.87218475442295, 43.86339562011182], [58.94489487889559, 43.84135335727166], [58.96356369480871, 43.837441775817354], [58.96552883398857, 43.843486837847365], [58.91689165502589, 43.87370289397341], [58.886432007631136, 43.88152100898742], [58.87365860835814, 43.89146984185976], [58.877588884919135, 43.904969154103235], [58.856463644581595, 43.91384860043262], [58.79357921241081, 43.92521234297533], [58.73118606368593, 43.9127831367324], [58.798000774216405, 43.93160348930962], [58.92155885855453, 43.89582193103734], [59.023746062630714, 43.82508303955069], [59.123476844081154, 43.69262087735165], [59.15442777582126, 43.677022921570654], [59.170640168209275, 43.704472590237906], [59.18685256059723, 43.71195666826566], [59.19373054592803, 43.75363644276768], [59.21190807839513, 43.770371377237325], [59.28756591073824, 43.77749119566221], [59.3239209738739, 43.77215141165839], [59.41824762392877, 43.72692199865139], [59.44821598607894, 43.72870333619005], [59.47572792560333, 43.74758222204196], [59.49046646495543, 43.77143940400532], [59.508152712177996, 43.774999355935556], [59.52583895760188, 43.75399255541214], [59.52780409678173, 43.72549689156835], [59.54549034400424, 43.695205286095124], [59.649397043738645, 43.6489363125608], [59.76484893233243, 43.64251465762538], [59.788430595295765, 43.62288865278913], [59.78548288742536, 43.609682071670306], [59.74224983895896, 43.61146691566569], [59.71080762287358, 43.60182812586738], [59.7034383531975, 43.56718705004237], [59.73389800059231, 43.454017544574064], [59.76877920979274, 43.403263340830556], [59.779096187339235, 43.371016203634944], [59.797273718007716, 43.38069215881614], [59.81250354170515, 43.373166550995556], [59.848244499184325, 43.42217809614226], [59.88337135010779, 43.41734364659209], [59.890249335438504, 43.43166680797685], [59.92427079636025, 43.45578466562989], [59.98297931024701, 43.44826845032879], [60.01687794895821, 43.47600219504534], [60.04979401987816, 43.48262061355052], [60.09057064392016, 43.50568993184492], [60.115994623852885, 43.50390193032984], [60.104449434993505, 43.48378323370934], [60.11230998901481, 43.46983030882177], [60.1442434912442, 43.473497737830364], [60.1556658578931, 43.46902523302816], [60.153086613956134, 43.44540488212965], [60.182686513072156, 43.4640379976555], [60.19889890635949, 43.49730821170465], [60.192757847996354, 43.53565337380422], [60.210689736941845, 43.573884699719144], [60.229849838099604, 43.57495625362827], [60.27578495091478, 43.55102030094616], [60.30501638699671, 43.550484311302], [60.38607835073536, 43.608745007775944], [60.40032560574218, 43.60017688065858], [60.378217796714004, 43.56482036806557], [60.38313064376426, 43.56124784091519], [60.39197376737553, 43.56115852474618], [60.430785253136996, 43.610797606024725], [60.4632100388123, 43.604728852254766], [60.464192608402186, 43.589375720713015], [60.42980268444637, 43.54972498492015], [60.4420848002734, 43.53864666111457], [60.465175177092824, 43.55043964467392], [60.48138757038015, 43.57544737699492], [60.4951435401423, 43.57830473807325], [60.49366968620711, 43.51970155008649], [60.50153024022846, 43.50790251139182], [60.51626877868124, 43.52899612706967], [60.52069034138622, 43.59937355584497], [60.53149860327795, 43.59651720290662], [60.53002474934277, 43.563659319921726], [60.55458898099676, 43.531855705876175], [60.54721971132068, 43.610797606024725], [60.586522482326764, 43.59723130418138], [60.58897890495256, 43.58044766872496], [60.57522293519036, 43.548295639332366], [60.59094404323304, 43.51147822214227], [60.63122938292973, 43.568303376699525], [60.641546361375504, 43.566160010775945], [60.64596792228183, 43.53864666111457], [60.6607064607346, 43.54257791433935], [60.667093161720125, 43.59544603480674], [60.675445000086775, 43.59508897517611], [60.68134041582761, 43.561515787623534], [60.69411381599986, 43.54865297865211], [60.70099180133064, 43.57973336690139], [60.70934363969728, 43.57973336690139], [60.72064318683367, 43.5550847293768], [60.73157427003655, 43.55437012358237], [60.73550454659762, 43.59723130418138], [60.75368207816542, 43.58794732211128], [60.77136832538798, 43.60758481308869], [60.76891190186285, 43.54043362571133], [60.77480731670437, 43.529711034136994], [60.7880720030206, 43.532928013417106], [60.792002279581595, 43.584019050139084], [60.810179811149396, 43.629713882090016], [60.819514219106004, 43.64505664624727], [60.830322480997786, 43.64719718290371], [60.843095882069356, 43.6372073526373], [60.84456973510526, 43.62221947085197], [60.82737477312737, 43.60794179807556], [60.8298311957531, 43.57901905608463], [60.84063945764489, 43.57437583117974], [60.87208167462962, 43.590446997630856], [60.895172053247734, 43.573304267378084], [60.91531472309606, 43.582590522934304], [60.93054454589411, 43.55901490161647], [60.94184409303051, 43.55472742782859], [60.93791381557019, 43.59008990832268], [60.90155875333386, 43.6493376431178], [60.9074541690747, 43.66217879191777], [60.94675693918146, 43.66182212978754], [60.961986762878844, 43.66859832894977], [61.02831018816471, 43.62079185735836], [61.03911845005649, 43.59758835122148], [61.04992671194828, 43.60151573196549], [61.0464877197325, 43.64095373492699], [61.0243799107044, 43.661108801929736], [61.02831018816471, 43.70326970383382], [61.01823885324051, 43.73854425761146], [61.03395996218256, 43.75154424467121], [61.044276938829725, 43.7356945650522], [61.05189185112806, 43.738188054135435], [61.07829839975142, 43.78794688194313], [61.11809245510278, 43.79453079436069], [61.12742686305933, 43.80253727057862], [61.126689936091736, 43.811254205817015], [61.0972128582868, 43.80823010773333], [61.09180872689131, 43.81285513575596], [61.099914924434245, 43.84308681580398], [61.06036651080585, 43.79595424669116], [61.03039814775639, 43.77709072935374], [61.0230288780803, 43.77958248004745], [61.07068348835236, 43.88232052966878], [61.0620860073634, 43.89990727320213], [61.053488526374444, 43.89884155859113], [61.023274520702614, 43.82828411072319], [60.9928148742071, 43.819213961355274], [60.98274353928297, 43.805161380793145], [60.97095270690199, 43.805339282881675], [60.95645981107146, 43.83379666168662], [60.93852792212594, 43.826327921596366], [60.93287814810811, 43.84073107677784], [60.92673708974496, 43.836108224215245], [60.93140429417286, 43.8017811502799], [60.918753715311766, 43.80071366760171], [60.90696288383009, 43.80889720234404], [60.89762847587354, 43.84873131799599], [60.97721658567695, 43.91198402704128], [60.972795024770626, 43.921572631971465], [60.949213361807274, 43.918731725788575], [60.94430051565632, 43.92973947619594], [60.949213361807274, 43.946779688232084], [60.97426887870586, 43.96062123927886], [60.9799186518244, 43.999466702326515], [61.004482884377694, 43.97818468677395], [61.0216778463556, 43.982796441702476], [61.008413160938694, 44.01010482867497], [61.01725628365062, 44.045551375995274], [61.0118521531544, 44.095406228015065], [61.02216912980156, 44.11841550936833], [61.006448021758835, 44.14389218507631], [61.01381729233423, 44.16891577784093], [61.00399159913302, 44.18588683201176], [61.01578242971539, 44.2032063761734], [60.995639759867046, 44.21840093655402], [60.9951484764211, 44.2314721679063], [61.01578242971539, 44.26925630773246], [60.99220076765135, 44.2967844836171], [60.989744345025535, 44.30913264925243], [60.99957003732744, 44.31724573380364], [61.01578242971539, 44.31512938621228], [61.025116837671966, 44.305604868769706], [61.05754162424659, 44.22308218659368], [61.05705033900198, 44.19657960476502], [61.039364092678795, 44.15874846906666], [61.09193154820246, 44.14459971320627], [61.09389668738224, 44.10708898976514], [61.10617880320928, 44.09115737381381], [61.11747834944634, 44.10319499365408], [61.110109079770275, 44.158394791786286], [61.11846091903623, 44.18951022211911], [61.07964943237545, 44.202234496824644], [61.072771447944035, 44.21954920263362], [61.096844395252674, 44.25972429803795], [61.06834988613838, 44.3228889526631], [61.073754016634595, 44.36272862702458], [61.09979210222376, 44.311690155676224], [61.11468268455832, 44.32678216546463], [61.14106001240969, 44.1898637114412], [61.155000212789616, 44.16575525979743], [61.18800501352064, 44.186744364361], [61.42533699990269, 44.000951000088655], [62.004240999822336, 43.50566599998598], [62.4531180001956, 43.52690199992742], [63.29682100038889, 43.653606000016964], [63.854641000182085, 43.600286999945126], [64.5302859997991, 43.572046999869194], [64.93267200021268, 43.735261000095136], [64.99891199988895, 43.71755200002485], [65.18427699998362, 43.495771999678084], [65.53127200010277, 43.31759600015533], [65.55907599985755, 43.28654800009019], [65.75680800008915, 42.979111000372434], [65.8445890002822, 42.858604000074585], [66.09827899997593, 42.938529999559876], [66.08763200001687, 42.348334999660544], [65.9996199999631, 42.362142999699756], [65.99900200024217, 41.9366569997208], [66.53460699991318, 41.8769530001809], [66.6048570001505, 41.50314500014167], [66.70941299961032, 41.14074500008172], [67.31022599993003, 41.133723000016516], [67.3654430002943, 41.12555800030151], [67.56943399957946, 41.16668300012043], [67.68587100014662, 41.17135699982571], [67.73593500030006, 41.18224600015281], [67.86656899995944, 41.13474300028929], [67.89168800000122, 41.152041000292], [67.96685799959704, 41.147991999731055], [67.98898400011159, 41.08665699962092], [67.98413300033774, 41.02629799955309], [68.00827500029106, 41.02233500026011], [68.01661299989007, 41.0375830001554], [68.04557035049135, 41.04244508497277], [68.04667912464197, 41.012000058755746], [67.98066060010666, 40.970097745214844], [67.92900324860108, 40.90857622211502], [67.88141846798794, 40.896541488199155], [67.86126995704295, 40.92516102106429], [67.83640583835881, 40.9261364671243], [67.79825227502255, 40.91508056431666], [67.77467423093105, 40.89849321668867], [67.754525719986, 40.898818498774745], [67.7429510441554, 40.88905932572737], [67.73437720904103, 40.857169249960975], [67.70822701486492, 40.83926497829617], [67.68893588698164, 40.84284622167587], [67.70093925524247, 40.861237722642834], [67.6942945342654, 40.870838320931796], [67.67371733089016, 40.86400414067862], [67.64220849032961, 40.833078732597464], [67.61455787534572, 40.82982258064766], [67.60105408537775, 40.83079944313982], [67.60255450618557, 40.840567271262614], [67.6428515280756, 40.86253958123672], [67.65013928679872, 40.86839762385131], [67.64542367816028, 40.87425514395977], [67.61370049138463, 40.87392973956588], [67.58755029630919, 40.861237722642834], [67.56675874761815, 40.839102190213964], [67.55904229736421, 40.840404485878366], [67.56633005608728, 40.863515958095036], [67.5598996813253, 40.86937391257607], [67.5264617266274, 40.84789218997264], [67.50631321568244, 40.86514322018353], [67.4632296992912, 40.838939401232444], [67.45186936787707, 40.842195101722616], [67.45444151796175, 40.86790947274403], [67.49002293121339, 40.877671789821306], [67.49688199840557, 40.887107316649406], [67.46880269099142, 40.89637884220986], [67.44822548941487, 40.88775799323684], [67.41939597114718, 40.85700650594554], [67.3902449335569, 40.84724112038145], [67.37759852844937, 40.84951983876959], [67.37738418223427, 40.85570453763438], [67.40546348964841, 40.877671789821306], [67.39303142985665, 40.88434187168007], [67.36002216758902, 40.88678197610739], [67.34308884537398, 40.872628107601145], [67.30279182438323, 40.87230269511331], [67.27728466705378, 40.86188865463776], [67.28178593037643, 40.88466722391331], [67.33280024413602, 40.88661930583634], [67.35659263444256, 40.89906245966483], [67.35573525138079, 40.905405120849714], [67.31779603425963, 40.91028367405238], [67.30943654536031, 40.92394169325461], [67.28114289173112, 40.917113039335334], [67.26549564410874, 40.938084500998976], [67.18254379735839, 40.945886124245305], [67.14010331691458, 40.92800603085367], [67.1212408823609, 40.930932198162445], [67.1388172423219, 40.95791180558541], [67.13795985926015, 40.9709100596516], [67.03571688372728, 40.99332598630525], [66.98513126239789, 40.972859575808855], [66.94451272208454, 41.00315083684172], [66.92693636122414, 40.97797677940491], [66.89864270759493, 40.98041340075787], [66.85598788183535, 40.99730482176016], [66.85384442418085, 40.98837240176499], [66.87163513035705, 40.97204728475446], [66.86231108528841, 40.968310616042174], [66.82501490591322, 40.97838288895923], [66.76199722389282, 41.01670833072495], [66.74270609600956, 41.00988934361834], [66.73584702881736, 40.986504560237336], [66.70926814221104, 40.97383431230372], [66.69940823340329, 40.99933474810018], [66.64153485065287, 40.998360391119206], [66.6213863406072, 41.016221284884466], [66.60498888213124, 40.99072743122604], [66.54250706474933, 40.98699182910968], [66.53521930602619, 40.99381320301694], [66.54829440266462, 41.01849413879353], [66.53178977198047, 41.0295325947535], [66.46448517195317, 41.0011210301115], [66.4260100910929, 41.00794093182861], [66.38249788227148, 41.03245422678117], [66.36042025808847, 41.022065608341215], [66.30897725189874, 41.01492247499227], [66.29065068108412, 41.01670833072495], [66.27478908814594, 41.03212960659612], [66.25506926873179, 41.037323322713235], [66.23063384067927, 41.01232477786623], [66.21562963080288, 41.00810330172607], [66.20748448811867, 41.041218338655476], [66.04715378631823, 40.97367185697067], [66.04286686921068, 40.95222425824296], [66.05315547044863, 40.92784346220605], [66.04586771082624, 40.900526205220274], [66.11017146923797, 40.903453598304964], [66.1393225050296, 40.88946598656606], [66.20877056271138, 40.88848999641624], [66.21820178088751, 40.876451579776635], [66.23149122374105, 40.87384838869224], [66.28422030632213, 40.88491123786338], [66.30394012483697, 40.911259341345556], [66.31808695075222, 40.90573036876157], [66.31808695075222, 40.89304449690604], [66.33351985305882, 40.890767285781685], [66.3643856567727, 40.905405120849714], [66.41068436189384, 40.904429367221546], [66.43383371535373, 40.92824988292579], [66.44540839118434, 40.923047505438085], [66.51319526884663, 40.93483355072784], [66.52455559936145, 40.92459200381796], [66.51683914820818, 40.893857767322174], [66.5590652824369, 40.893369805971815], [66.55284925209138, 40.87108238524394], [66.5991479581118, 40.85676238857343], [66.60890069381202, 40.86282435875723], [66.60418508517358, 40.88104758667686], [66.63740869275705, 40.87453987111819], [66.67159685830842, 40.88613129142602], [66.665595174178, 40.86514322018353], [66.67331162533128, 40.85879667033014], [66.73557909559884, 40.85314121439557], [66.76708793795801, 40.83653821766467], [66.91884480464408, 40.84890947609148], [66.92698994822756, 40.84158466979671], [66.9038405947677, 40.81797696876214], [66.91069966285919, 40.80706572190559], [66.9453165190422, 40.80645496442515], [66.98347008237846, 40.78853688906622], [67.00404728395506, 40.774524817566316], [67.00619074160949, 40.74437247570921], [67.01540761357057, 40.741111937765766], [67.03512743298472, 40.75121908189516], [67.042843884138, 40.74893695867377], [67.04455865116086, 40.73491647221749], [67.05699071095262, 40.737851238843625], [67.06170631959105, 40.75154509333146], [67.0788539880212, 40.75154509333146], [67.08957128079004, 40.7287204239085], [67.12043708540324, 40.710455006993016], [67.1371560623025, 40.707192793612585], [67.14787335507134, 40.712738460311755], [67.1423003615725, 40.73589474214867], [67.16030541486305, 40.757087035938014], [67.18002523337788, 40.74437247570921], [67.24390029935938, 40.74306827977733], [67.24711548719006, 40.700831014639675], [67.25676105068197, 40.69365288866993], [67.26597792264306, 40.69610006536578], [67.27519479460415, 40.738014277836726], [67.33478294257878, 40.73393818699777], [67.34421416075497, 40.726926723389624], [67.34464285318516, 40.71192295058376], [67.33092471790144, 40.700831014639675], [67.30305975580313, 40.70474602880626], [67.29105638844163, 40.692021388076625], [67.28355428260407, 40.64775156518266], [67.33371121420123, 40.62734075707033], [67.3836537986839, 40.61803134217274], [67.40755336209804, 40.592913897058736], [67.42930946695839, 40.54653396427108], [67.48203854774083, 40.5254377513512], [67.52651531273153, 40.49128531856264], [67.59178362731262, 40.472831625878875], [67.63208064830332, 40.44941959034185], [67.65008570069459, 40.44794582993614], [67.65512473971499, 40.47605599938493], [67.69325170110515, 40.46368079922956], [67.70945565965104, 40.44110834197647], [67.63812837142723, 40.42221707605727], [67.50315490187728, 40.41841207415797], [67.48334918281859, 40.46084990429972], [67.43857602286522, 40.46911538976349], [67.40780773803675, 40.45290758931384], [67.39847115462015, 40.43847933135611], [67.40247796978251, 40.42390811806524], [67.31784296717926, 40.436906575378195], [67.33544921970577, 40.46028262724149], [67.33863214615667, 40.48637236359377], [67.32590044125243, 40.51172309374584], [67.35624433600736, 40.52127773218166], [67.37173457638964, 40.53536427114426], [67.37767603831854, 40.549609687936815], [67.37152238135286, 40.56660306687809], [67.35412238563963, 40.57501722556458], [67.30531751998763, 40.57501722556458], [67.2546028981053, 40.58921370125137], [67.2374150983282, 40.56996076757542], [67.21640778609049, 40.51799853960096], [67.19603705896316, 40.524799646386604], [67.1949760837793, 40.55733816932109], [67.21089071423512, 40.606196945732506], [67.17693950295573, 40.61832517406759], [67.16696633532813, 40.60397319660581], [67.1364032227306, 40.58847353312712], [67.05453406889222, 40.61882979086221], [67.04986371144116, 40.644098492951116], [66.99702745665182, 40.70790641734731], [66.97430679562217, 40.705459677722], [66.94749568337913, 40.67981646825547], [66.92536888516598, 40.67602618825805], [66.84571241159858, 40.601439883743694], [66.70880284827291, 40.65823002589502], [66.27816003855496, 40.73148999676601], [66.24579959667409, 40.72801829710676], [66.17278116302032, 40.643800039440286], [66.24358691730242, 40.58984408014026], [66.3652843070252, 40.56959927518647], [66.53123529317429, 40.55947455740494], [66.65293268289707, 40.567911929392096], [66.8697753053861, 40.49531550710503], [67.04678969019209, 40.42602186121996], [67.14857296197266, 40.36342674724665], [67.2923971499086, 40.312630909388986], [67.53136656971145, 40.268576678271124], [67.69731755586058, 40.268576678271124], [67.76759927518646, 40.26098392526796], [67.72986598302873, 40.25582576474727], [67.70339855569887, 40.23735544539756], [67.70339855569887, 40.21525682384339], [67.73270177836444, 40.179738908124136], [67.73884600234118, 40.143114090642825], [67.72797545160586, 40.13005488682364], [67.61218046085963, 40.126064070600414], [67.58098670767049, 40.17466338900425], [67.55026558778671, 40.186626500013006], [67.52261657989129, 40.18173275726098], [67.47228120571309, 40.14492766887684], [67.449358523677, 40.15961585428829], [67.43399796373507, 40.15961585428829], [67.4035131596047, 40.14329545062457], [67.35270515391977, 40.169406198737136], [67.32600141083651, 40.17212548690173], [67.31168337199006, 40.1648078697874], [67.29470776635036, 40.17522601207089], [67.21577120098021, 40.19280297277902], [67.15465902139674, 40.21427969065524], [67.11391756804142, 40.24225421625914], [67.03752734311246, 40.32285972279799], [66.95264931491403, 40.35663320196073], [66.9144542028992, 40.38649553673968], [66.87795665117856, 40.399475001270325], [66.86098104463957, 40.39428351816985], [66.8465517812398, 40.368320052028814], [66.83297129618842, 40.2825690771013], [66.81939081203637, 40.266315997585245], [66.78374203956353, 40.268266575841835], [66.74045424576688, 40.34234650178967], [66.71074693702154, 40.37464957591725], [66.63011280955857, 40.41358730670889], [66.59191769844305, 40.419426009402855], [66.56730306968097, 40.41034336215648], [66.54523478315876, 40.38049168344446], [66.50449332980338, 40.36945616467034], [66.47223967881818, 40.36750853079411], [66.45865919466615, 40.37529872455655], [66.47223967881818, 40.46093094310856], [66.45865919466615, 40.5082409781387], [66.42216164294553, 40.519253558804735], [66.31606410837196, 40.50953667008132], [66.2226982778033, 40.51148016078082], [66.17346902207777, 40.52637837476226], [66.13782025140353, 40.52573069561515], [66.10556660041833, 40.497226573647474], [66.06312758586944, 40.49139468062009], [66.02068857221991, 40.50111421874623], [65.93920566640844, 40.53997817815048], [65.87045446370257, 40.53544521912165], [65.81273740470748, 40.5490431681078], [65.65656183426131, 40.65514095988744], [65.61497160075885, 40.65320167082052], [65.57423014740345, 40.63380565320835], [65.46983017312402, 40.61116978835508], [65.41126433398188, 40.56263833369218], [65.39938141102334, 40.52249220635031], [65.49486919195971, 40.45785138563297], [65.54749356917294, 40.440343831902396], [65.57125941598927, 40.42412903742519], [65.57295697718278, 40.404666080575225], [65.54324966663886, 40.40855912610282], [65.52627406189852, 40.40336834897017], [65.53645942456285, 40.372215214560576], [65.7002740181315, 40.3241590183241], [65.73167888896961, 40.34348305599826], [65.74780571356291, 40.37594786600125], [65.75289839534474, 40.45509587187706], [65.74271303178102, 40.49074666242859], [65.76053741756783, 40.518605810409895], [65.78515204632991, 40.52249220635031], [65.84456666471988, 40.505001636316535], [65.90567884520259, 40.442127218996006], [65.95915200166358, 40.412289747773684], [66.07967880233491, 40.399312774365114], [66.10683976973962, 40.38438613641114], [66.13315195879589, 40.357120194741235], [66.1900202367446, 40.33309098865823], [66.24816168581322, 40.295568706230874], [66.30078606302646, 40.29361892207567], [66.34067873623474, 40.30076785155518], [66.43574212709755, 40.27801861186946], [66.46629821688924, 40.287769230565566], [66.50109820921506, 40.28451918231446], [66.56645429043323, 40.25916339617385], [66.61822988660003, 40.25135968829903], [66.73705912517852, 40.194755685126836], [66.86946884790905, 40.15894695743617], [66.98065906426443, 40.149828966833404], [67.09948830284299, 40.10747928104405], [67.1750297467255, 40.099657969839484], [67.27942972100487, 40.14461813302045], [67.25557915085716, 40.10919119092079], [67.20973378678491, 40.07434351204353], [67.14309258785272, 40.03275688212449], [67.10213906356698, 40.016335912672275], [67.07973165978831, 40.030250049800024], [67.01423309268313, 40.024287198395534], [67.01317795859596, 40.03562768087283], [66.98347064895137, 40.06171990834713], [66.78994874573806, 40.14123901766657], [66.76618289802241, 40.145147376849984], [66.64395853885554, 40.112570793707214], [66.54634880665213, 40.104750073357245], [66.50730491359093, 40.117784105152396], [66.50730491359093, 40.169243916973244], [66.49117808899767, 40.17770822275633], [66.46062199920596, 40.16859277183897], [66.4020561600638, 40.11843574041712], [66.39017323620595, 40.122345420704676], [66.38847567591175, 40.204396371595344], [66.32850882072556, 40.19397715282337], [66.29765618578438, 40.17835927885766], [66.27898301985056, 40.15556855974131], [66.24588058871825, 40.13472458237362], [66.20344157596799, 40.13537605396176], [66.17458304557111, 40.14189042720153], [66.14402695577945, 40.167941621308834], [66.1414806153382, 40.208301066940756], [66.12110988911013, 40.20504716959124], [66.08970501917133, 40.17380175214919], [66.0489635649166, 40.17119731280581], [66.05235868640432, 40.22847171199999], [65.95474895510023, 40.22586938786202], [65.93522700811997, 40.17835927885766], [65.84865141962734, 40.18942627390344], [65.81724654968853, 40.20699952670685], [65.7756563170854, 40.208301066940756], [65.78584167974974, 40.164034584128785], [65.74594900744079, 40.16273218774034], [65.74649109898509, 40.142121582644954], [65.67409794686277, 40.10705755386306], [65.64436504521075, 40.11632152242037], [65.5836065060355, 40.179150560849735], [65.5374989617078, 40.202283336207074], [65.53359328070542, 40.24261773661931], [65.47993579560057, 40.2790633623843], [65.38368422404778, 40.289654307600244], [65.31287846976562, 40.28499449829751], [65.28632631190982, 40.247280490302444], [65.32204315137038, 40.22408695404977], [65.21323796585949, 40.278152518224196], [65.08698085957906, 40.289702870091446], [64.98614754077641, 40.311478122417434], [64.92927062394023, 40.33624101790871], [64.9118302531637, 40.38288826608067], [64.83825864921731, 40.4201032132927], [64.7431134173504, 40.41421046584036], [64.65903158414034, 40.44422369786543], [64.55503563298811, 40.50505414863011], [64.4975059576339, 40.561610368124036], [64.4311255629944, 40.58944873277284], [64.17777372367846, 40.59366564935027], [64.09701091132456, 40.43830666422121], [64.1456898673935, 40.33679019431207], [64.02509881735658, 40.2048003947225], [64.03394953574252, 40.14624361984721], [63.986376920258685, 40.00196878613065], [64.02067345681462, 39.975587841205936], [63.883487308792326, 39.84544794526653], [63.84144639173764, 39.847153514922816], [63.79276743566868, 39.82668386506838], [63.72306802197169, 39.8360665513303], [63.61243403090584, 39.78401901456589], [63.54384095689469, 39.68920769198144], [63.62571010983372, 39.601967902896426], [63.66885736657429, 39.606246949137464], [63.912252146019796, 39.58056867600362], [63.895764408200925, 39.5681547672288], [63.86607750597215, 39.562431186749905], [63.801988094674854, 39.58051275705816], [63.73596957013962, 39.5735461093655], [63.71925059324036, 39.558615202329804], [63.709819375963484, 39.47394552906297], [63.68838479042581, 39.441544343396785], [63.705073985376195, 39.425633555744064], [63.78526911777562, 39.39299722164452], [63.82042183769771, 39.35440124402226], [63.849572875288, 39.3357610067651], [64.00818881006556, 39.3723710133117], [64.0099035770885, 39.41428234705273], [63.9730360892442, 39.48075615157518], [63.96360487196734, 39.51728947472952], [63.9730360892442, 39.53189738485651], [64.00218712593517, 39.5186175953258], [64.0347676966719, 39.5186175953258], [64.0527727490632, 39.56375843590314], [64.0195671171288, 39.605391160573674], [64.0577358439341, 39.610204828590035], [64.08539434237508, 39.65810917160104], [64.11611195040626, 39.63961790074558], [64.31073798906698, 39.65552532043722], [64.42562736880808, 39.63099984236891], [64.48907374325869, 39.62702191163197], [64.56045091417838, 39.64492078376719], [64.65025193108181, 39.70251217060025], [64.72092143717464, 39.880689224128446], [64.87001685829142, 39.99081923332102], [65.02428321929517, 40.03985576073484], [65.23198262160076, 40.04714194294638], [65.42761649810296, 40.040518174374306], [65.48794412532118, 40.02130557619142], [65.57396490405712, 39.97847503369593], [65.57990636598606, 39.955943403865035], [65.58245270642732, 39.929156951032496], [65.5650527107141, 39.92098824790935], [65.52855515899347, 39.961821942029076], [65.51752101528267, 39.955290201082], [65.5026673600107, 39.87784120790547], [65.52346247721164, 39.820596483640884], [65.54807710507441, 39.7911376090135], [65.61661611184417, 39.767888851689186], [65.7265331579789, 39.76330365643866], [65.79931606728275, 39.781970029793115], [65.88801360614309, 39.851023955990854], [65.93257457016034, 39.85036974506772], [66.00641845374872, 39.83597550666433], [66.06727829975381, 39.83597341034465], [66.07656416410494, 39.7848458998185], [65.94490971541107, 39.685334505283265], [65.94878190476116, 39.65198933094291], [65.97588723201022, 39.634027518854964], [66.02677886835015, 39.63231662521213], [66.05941589492765, 39.63958762956548], [66.1136265512244, 39.69986450444338], [66.13354066916662, 39.68789884565525], [66.16119916670823, 39.64087066804694], [66.19494253387091, 39.63231662521213], [66.20102740439125, 39.651561723095085], [66.19107034362149, 39.737884316108364], [66.22039882644475, 39.732462602067464], [66.23733214865979, 39.68726698828095], [66.2495498631357, 39.676004831357936], [66.2799869753187, 39.676170463995796], [66.30249329013327, 39.684782847650354], [66.32598422769001, 39.71272327635819], [66.36290617038348, 39.673051934399325], [66.37988177512386, 39.673051934399325], [66.42911103084946, 39.69502154910526], [66.45033053812386, 39.67961076472506], [66.45669639012635, 39.64910686978623], [66.45330126863871, 39.60710082124598], [66.43929639531244, 39.58674490055676], [66.41510615662389, 39.57886357129683], [66.29033545611645, 39.59142401290791], [66.14816475989579, 39.55036831304728], [66.08111111838348, 39.56712199838159], [65.99453552989085, 39.573690956872206], [65.90880872244463, 39.53829327601392], [65.87910141280003, 39.50641157833172], [65.86369745067684, 39.46886376415142], [65.86259111099105, 39.513438922168575], [65.78293463832294, 39.53871394379354], [65.68447038559987, 39.49244075423746], [65.57604907480504, 39.38391991097519], [65.55060325663504, 39.41868228376047], [65.59872904331075, 39.53753607742805], [65.55558178657026, 39.61373463794325], [65.48588237287328, 39.66933191483604], [65.44107560615436, 39.632129493381456], [65.32601625634521, 39.584742048306964], [65.29319776366594, 39.59431447443348], [65.02428995162, 39.33438562319799], [64.91905603600729, 39.404602407874904], [64.8084220449415, 39.461226306748706], [64.72102119177464, 39.48952085880063], [64.63680605475565, 39.48863314430423], [64.6268489957846, 39.183205837979074], [64.76195576914347, 39.116909350985786], [64.81284740368477, 39.122942023056], [64.81395374426995, 39.174629275220916], [64.80067766534204, 39.21853334923475], [64.80731570525563, 39.24176548438964], [64.84825028082588, 39.22627825493753], [64.88586583823792, 39.159127117922196], [64.93454479430687, 39.14103691412237], [65.04185976541588, 39.01686356400234], [64.97326669140472, 38.94627131237121], [64.97990473041904, 38.87971587458799], [64.95224623287743, 38.80703820305069], [64.98468856072856, 38.760385075111174], [65.02662821771814, 38.64704297984969], [65.08026994040546, 38.572572034971465], [65.03656799981336, 38.6051040000496], [64.99201100000771, 38.612236999837705], [64.89435200024468, 38.67058699989018], [64.81250000007496, 38.68589599990053], [64.71835100029847, 38.75061499958263], [64.65943700031737, 38.772520999844346], [64.54614700008402, 38.83329400011808], [64.32948300004044, 38.995216000118376], [64.18891199988894, 38.95953200030164], [64.10242700010605, 39.00115499970354], [63.70207800009967, 39.228532000051814], [63.68972899989348, 39.27327799958005], [62.6908119996741, 39.83234500022161], [62.45349100030949, 39.974532000251656], [62.434809000335186, 40.00000300033826], [62.429395999825594, 40.063310999702935], [62.3953409995875, 40.10890499966603], [62.41242100032895, 40.13469600012035], [62.41379199970106, 40.156054000291924], [62.383371999817996, 40.26235900036762], [62.39226799996828, 40.31682500027359], [62.388459999729264, 40.32826299983765], [62.34869299958234, 40.35339499957962], [62.333854999708535, 40.38129200002584], [62.355562749821104, 40.52550329574057], [62.24714143902622, 40.66381158633567], [62.20288784259993, 40.753052527951866], [62.1630596058162, 40.801831458055396], [62.07897777260615, 40.83040922100878], [62.01236792044323, 40.79853975500573], [61.9854660000559, 40.83588699968533], [61.99421469665099, 40.92183258700435], [62.04918823614821, 40.94389517272407], [62.05433253631753, 41.02835578868878], [61.97631064442077, 41.05886471893166], [61.93258408938425, 41.134750575278865], [61.90086090170928, 41.16132215039698], [61.84856051155839, 41.18853056243557], [61.79711750716729, 41.204720639046286], [61.718666921940944, 41.25876624816385], [61.63378596285197, 41.2898140036134], [61.47517002717507, 41.32149323872204], [61.418582720815955, 41.3124436109839], [61.39886290230116, 41.287873954619386], [61.39886290230116, 41.24906077363584], [61.35942326437219, 41.23223450941515], [61.29940642396735, 41.287873954619386], [61.282258754637894, 41.342173347921744], [61.289117822729395, 41.3744727761977], [61.27368492132212, 41.414501634642754], [61.21366808001795, 41.45966565524583], [61.208095088317755, 41.51736495173117], [61.181944893242296, 41.536049707228244], [61.13436011262915, 41.5067315441255], [61.11206814402971, 41.5273523079627], [61.092991362361545, 41.626497138831944], [61.0737002353776, 41.63292981316039], [61.04026228067976, 41.601403532047414], [61.02397199621071, 41.59850748303398], [61.01111124398874, 41.608160471328745], [60.99053404241221, 41.69304402136453], [61.01968507910316, 41.72067114515727], [61.1037086551304, 41.7746059029401], [61.115712023391204, 41.859909232225334], [61.178209649056086, 41.98314443926449], [61.23573932441036, 42.00955335310482], [61.21693154615399, 42.04832142859112], [61.13838141317171, 42.080472600030525], [61.06536297861862, 42.10107369929182], [60.98681284473708, 42.001301753173436], [61.01253524760362, 41.94454282109438], [60.88475298915915, 41.81845935231729], [60.964409461827245, 41.77251103835379], [60.904795699362076, 41.74892837804225], [60.8387771739275, 41.77781486566357], [60.73074686227794, 41.848371119231835], [60.7238877941864, 41.871445248899185], [60.78733416863702, 41.90027611525056], [60.77618818433729, 41.93229503778582], [60.70845489277911, 41.951978637903885], [60.66387095378156, 41.97949340669544], [60.61928701568325, 41.99228689502422], [60.58584906188475, 41.975654854687825], [60.56870139255528, 41.948138415855276], [60.53440605569493, 41.944938053348544], [60.45123986272955, 42.028094881673496], [60.29305261858353, 42.06947255231648], [60.27590495105272, 42.09565904402973], [60.206456893371, 42.155655269275314], [60.2047421263481, 42.16905085821059], [60.27761971807558, 42.221330087313724], [60.27761971807558, 42.250001393249754], [60.24846868138457, 42.278022870659015], [60.195310908171905, 42.2933020257679], [60.149869586112565, 42.320985977720724], [60.11300209916759, 42.380766884584084], [60.056843484339375, 42.40269338129457], [60.007115245172486, 42.391889984735094], [59.98953888431214, 42.37949554718181], [59.964246073197785, 42.32066784074828], [59.96638953175154, 42.298394247096894], [59.89222586543138, 42.32448537470032], [59.865646977925735, 42.36074030192344], [59.837782016726756, 42.359786495350534], [59.81163182165131, 42.341979416117226], [59.803629785386356, 42.276854586569975], [59.78360682969151, 42.279751057365445], [59.77647910082986, 42.321940377846204], [59.75761666627619, 42.36137616487815], [59.76619049959192, 42.433822099110614], [59.79362677015939, 42.52267551206529], [59.86907651197151, 42.6493884667044], [59.90851614990043, 42.67596522371616], [59.93252288642213, 42.73287688136304], [59.96853299030533, 42.78594701204503], [60.07827806987705, 42.861051319762616], [60.16916071309645, 42.89762346844839], [60.20860035102544, 42.92913365709268], [60.24289568878505, 42.940473352663155], [60.282335326714005, 42.937953601577476], [60.31320113042789, 42.948031981790564], [60.35435553537968, 42.96692446359316], [60.414372374885254, 43.02356685702489], [60.46753014809792, 43.04369370240249], [60.491536883720244, 42.98958773168851], [60.71445657690953, 43.05123955486163], [60.79848015293675, 43.03866261428829], [60.86878559457959, 42.9996575944225], [60.99910787572794, 43.00469190210965], [61.17401409677319, 43.032373169586144], [61.36949751939505, 43.05249710565692], [61.54097420639454, 43.05752705073286], [61.667866954396466, 43.034889024808706], [62.02453846188059, 43.06255658122131], [62.135140925413445, 43.18502285172326], [62.148001675836724, 43.220147014573115], [62.14199999170631, 43.24083564484919], [62.08541268624651, 43.25713079644913], [61.794759702398366, 43.24020882098034], [61.7450314632315, 43.24334287737196], [61.70044752423394, 43.28908160882923], [61.6567209691974, 43.35840681372354], [61.64986190200522, 43.39280507169673], [61.58127122738527, 43.40343328481828], [61.53068560515662, 43.40093269828543], [61.493818117312344, 43.383425676953486], [61.43723081095321, 43.316476933263914], [61.40465024021648, 43.298319136419074], [61.31376759609776, 43.298319136419074], [61.22074149432456, 43.27075894377031], [61.056123875416574, 43.125233636922864], [61.01153993641901, 43.11769695934725], [60.97895936568221, 43.144071242094185], [60.98667581683553, 43.21748205625193], [60.94980832899125, 43.246946841223796], [60.8812176543713, 43.246946841223796], [60.69602283298741, 43.22249835231714], [60.621430474237066, 43.2337834977103], [60.536549514248755, 43.27013243016756], [60.4739605237592, 43.310059714684144], [60.443094720045345, 43.39014772523739], [60.41111138728076, 43.42463003834564], [60.3507944619949, 43.44890302365564], [60.22227981905848, 43.416304362156666], [60.1788462145812, 43.388530452818195], [59.946130916808436, 43.337954634998475], [59.83449959378129, 43.325468355979915], [59.681316691911825, 43.336100061168956], [59.57252608620996, 43.319552900645874], [59.45729375180525, 43.21116471008338], [59.42308415361083, 43.142643571044005], [59.324056366807945, 43.02518732923192], [59.34026091440972, 42.971001969965016], [59.365467986858164, 42.939261381307745], [59.286199525787545, 42.871574240259015], [59.33336285081498, 42.789129621035215], [59.29799035726922, 42.74641742122708], [59.330415142944545, 42.6514758111598], [59.39035186814425, 42.57962904844186], [59.44635831588363, 42.53168482409541], [59.49352164091108, 42.52732441798752], [59.5171033029751, 42.54331107334742], [59.53749161634504, 42.51555887813975], [59.534052623230025, 42.483567135814724], [59.51931408387793, 42.48320349944197], [59.46527277531839, 42.51010690640868], [59.40161808280834, 42.54802108910201], [59.344748086255215, 42.59364903037851], [59.28693645275512, 42.620143833970815], [59.20047035672166, 42.705713713317266], [59.156254739564645, 42.8172111956402], [59.01279962710118, 42.991291833651246], [58.98577897282138, 43.03851863192937], [58.86688809111257, 43.09471045692209], [58.84723670560953, 43.09471045692209], [58.82562018182596, 43.074545001850424], [58.81186421206376, 43.039960095881774], [58.800073380582084, 43.042842922163175], [58.77550914892811, 43.12278691528393], [58.74504950243267, 43.181058110443466], [58.711642147167424, 43.178181833924555], [58.73129353177114, 43.09543052879592], [58.757822902604914, 43.04212222795848], [58.733504312673965, 42.97618776575285], [58.65539005680573, 42.983402116414595], [58.66963731091322, 42.86100365659354], [58.71078239888862, 42.759994428600066], [58.70702234420588, 42.73777476639242], [58.62385400006211, 42.79884399975083], [58.629078999995905, 42.77912399957296], [58.61954300000952, 42.76907300011891], [58.62755199972508, 42.7555879996865], [58.61215300006096, 42.75608199998436], [58.64714100015708, 42.724735999666684], [58.63328100041786, 42.71617699976877], [58.612004000384395, 42.725087999711484], [58.59638999979869, 42.72159000027835], [58.60751600026328, 42.69465199998984], [58.6041430002993, 42.666470999936735], [58.59007499996136, 42.65010999997656], [58.461262999787664, 42.6484699998906], [58.330452000059836, 42.68379700033136], [58.274534999790475, 42.68770899997042], [58.20815399990721, 42.657942999669736], [58.17490800010415, 42.6347130004047], [58.15113900026472, 42.62886100033495], [58.16377800035451, 42.60019500039903], [58.26534599961827, 42.55939999961032], [58.299012999950044, 42.55719799968801], [58.344843000004516, 42.47636499974499], [58.40064699955946, 42.41089599965073], [58.41122800007217, 42.37137199991792], [58.4310579999268, 42.37274400023545], [58.51525999964933, 42.3217529996013], [58.508782000389076, 42.280646999759256], [58.44365900006283, 42.29676500020462], [58.39781200012374, 42.288371999867934], [58.400920999604516, 42.334779999597345], [58.386564000328406, 42.38633400011406], [58.36119599959574, 42.42415799969199], [58.328696000020436, 42.44759300031677], [58.30356100014011, 42.4573440003254], [58.20309999976525, 42.47276400005859], [58.135020999819346, 42.4485949997595], [58.140185999684206, 42.495352000294645], [58.12038999959884, 42.50420600030674], [58.11808600036869, 42.49336699958741], [58.05953099985582, 42.507426000409616], [58.06067799968997, 42.52952899986349], [58.05143299963326, 42.54317799976491], [58.049739999801204, 42.515658999663174], [58.0386880000512, 42.51460300042816], [58.03342099997922, 42.50241999978322], [58.01226800026807, 42.49522699992616], [58.00265400028195, 42.51538899980256], [57.99849199990593, 42.482991999581145], [57.975820000292856, 42.484585000197626], [57.983451999710105, 42.46861999961333], [57.9675680001631, 42.43062000001305], [57.93896300034225, 42.44438399982182], [57.90337499955667, 42.424027999992234], [57.9236110001476, 42.416880999558536], [57.92283200019671, 42.405426000109856], [57.94083899962021, 42.40270100035092], [57.95763199971708, 42.381263000087415], [57.94744800042491, 42.37605099985382], [57.95977300042369, 42.36250700029785], [57.90472099957452, 42.231771000431365], [57.895223999587984, 42.23304199968857], [57.90179699963188, 42.21613899991495], [57.88293000011947, 42.212562999582815], [57.83865699992066, 42.236251000183586], [57.83507900039558, 42.22540299994852], [57.848751999605156, 42.214911999988885], [57.83096699962738, 42.21360700006306], [57.85401999972327, 42.196690999689956], [57.86072000022789, 42.17348299964078], [57.85071300010492, 42.174566000120876], [57.84789799979289, 42.18721399972634], [57.836998999903976, 42.17072600020481], [57.738979999727235, 42.169048000165105], [57.65306600019579, 42.14020900034512], [57.59220713085443, 42.14754609947295], [57.593163640789435, 42.20082085290011], [57.56706489592822, 42.250625545232765], [57.52826946486397, 42.29724876531832], [57.494411634689236, 42.32080907837632], [57.45138397519037, 42.328660542050436], [57.39001665704314, 42.32813714201552], [57.35686419842409, 42.315050711221375], [57.360391055303005, 42.288869624433694], [57.39636500014466, 42.24538480896182], [57.41188317167109, 42.165146875128244], [57.321595624238746, 42.158324540745014], [57.226370475017454, 42.08165359243941], [57.18969115862012, 42.04249439460069], [57.15583332844539, 41.96884083093965], [57.09940361028844, 41.95620587959768], [57.10363583872305, 42.03092595197114], [57.19533413106535, 42.18219946723167], [57.25176384832298, 42.23988156508221], [57.29549688027685, 42.272369909443796], [57.20803081726848, 42.324734932970834], [57.17840521462898, 42.32368806275394], [57.09940361028844, 42.163310165431824], [57.01899126283655, 41.951993670071886], [57.020168716413195, 41.91682423445092], [56.991633000362754, 41.90183400003911], [56.97747600041714, 41.86878000009698], [56.985979999577346, 41.7027890004121], [56.978856000204296, 41.6704330002828], [57.041701999847476, 41.56433799999877], [57.03461400033592, 41.52124900044106], [57.05025400032189, 41.47921700016445], [57.03826399958399, 41.44133399966439], [57.106674999551615, 41.35840400014456], [57.13420200002235, 41.35856400032838], [57.15459199962111, 41.377125000118724], [57.16711899994197, 41.364439999706285], [57.15462300015139, 41.3427359997666], [57.06026100044488, 41.32169399977835], [57.072929000073366, 41.29508999960387], [57.05298000012698, 41.246869999950604], [57.02833100017557, 41.24110600034168], [56.78476699979728, 41.28200999986166], [55.998567000166986, 41.318638000043734], [55.99821800026058, 45.00043000014443], [57.2064180000907, 45.28405499983841], [58.589577000378306, 45.59007499986143], [58.63158288614136, 45.57338472662388], [58.59038255910785, 45.52910936030878], [58.58967718755223, 45.46561346918628], [58.57063215824757, 45.43582495885482], [58.46870597969722, 45.34213635530858], [58.355846545181976, 45.10286000678394], [58.32410482877485, 45.07487839632096], [58.22429476489157, 44.87711613120456], [58.20313362091991, 44.81288384281515], [58.21865179424498, 44.743552632248225], [58.24968813819709, 44.67917050061816], [58.311760827899946, 44.620761912432386], [58.30611785635402, 44.59758348658868], [58.23981293821656, 44.522946243574324], [58.22429476489157, 44.476501532619686], [58.245455909762484, 44.38906440170081], [58.25533110974299, 44.258422149862376], [58.366779802945594, 44.184363027931454], [58.41474506333407, 44.094961586108354], [58.403459119342926, 44.013060213158376], [58.38653020380594, 43.96518928625659], [58.35126162962058, 43.90708088997115], [58.34702940118597, 43.78353846282982], [58.36960128916819, 43.72320532816343], [58.41756654865736, 43.66281094426972], [58.447192151296804, 43.64949547233823], [58.4528351219434, 43.63720162935174]], [[58.54006965269234, 43.6208909437621], [58.57760539617213, 43.61593276278683], [58.588695501995865, 43.627088090143275], [58.58741587374362, 43.63824133287124], [58.57120725760892, 43.64133908632982], [58.5349511432807, 43.62987659642784], [58.54006965269234, 43.6208909437621]], [[58.70108945821198, 43.62553886402742], [58.703222170766594, 43.598885876881745], [58.71047339363224, 43.593615855987025], [58.734786317834335, 43.59640592529325], [58.73990482904469, 43.60415543372637], [58.726682009766996, 43.61531296172387], [58.72796163801922, 43.62677824761806], [58.748862222313775, 43.63762176293409], [58.748009137112035, 43.645985413895794], [58.71815116044775, 43.64350741833271], [58.70108945821198, 43.62553886402742]], [[59.204836186640755, 43.64203605821756], [59.25004969513737, 43.62685570892387], [59.263699055666955, 43.637079633618264], [59.24663735522983, 43.65318650675192], [59.23085528124631, 43.65690286067854], [59.204836186640755, 43.64203605821756]], [[59.366069262786304, 43.64637259182172], [59.38227787892099, 43.640796991188274], [59.41725436679564, 43.64482386572888], [59.428771014770575, 43.66836015789505], [59.406590803123095, 43.6745523750921], [59.389955644837194, 43.66278661311174], [59.35924458297119, 43.699314809231105], [59.34303596593713, 43.70364717717552], [59.366069262786304, 43.64637259182172]], [[59.408723515677764, 43.68376210733543], [59.441567290997746, 43.68778608066315], [59.44753888561114, 43.69707113832243], [59.43516915333379, 43.70295092384611], [59.40915005872829, 43.701713123062234], [59.3754531991059, 43.71470875560464], [59.37801245381171, 43.700165834985334], [59.408723515677764, 43.68376210733543]], [[59.58189978284878, 43.65008937022833], [59.598534942034014, 43.636769844153044], [59.61804926276329, 43.639277162111405], [59.61602318642099, 43.65504471294321], [59.60407999539551, 43.65968997301388], [59.58488558060509, 43.6578319134121], [59.58189978284878, 43.65008937022833]], [[59.6479843976619, 43.62920523543334], [59.64716079133751, 43.61693992703607], [59.662089779219976, 43.60857220484342], [59.68043110790939, 43.608262266990096], [59.690241586380175, 43.61910914487118], [59.67019408728736, 43.63119334599617], [59.6479843976619, 43.62920523543334]], [[58.93632766369079, 43.59516591037851], [58.86552160363914, 43.58834536924343], [58.863815434135, 43.57687270261317], [58.90348388927014, 43.57377160457594], [58.910735112135804, 43.566948622680854], [58.914573995093846, 43.55764330059787], [58.90604314397598, 43.548646781423884], [58.9171332497997, 43.53840771664284], [58.952536279825495, 43.541510649297095], [58.95850787533822, 43.553300321552626], [58.93632766369079, 43.59516591037851]], [[58.59893252171855, 43.56663846899022], [58.58101773607974, 43.58586497878582], [58.560117151785164, 43.590825656279094], [58.54092273789411, 43.58369455406046], [58.54433507870095, 43.55516163759955], [58.52215486705352, 43.53778711068668], [58.55115975941544, 43.51761392594198], [58.59637326701272, 43.5197867491592], [58.59893252171855, 43.56663846899022]], [[58.50640799163557, 43.53815523557569], [58.4983017949919, 43.54780429383317], [58.472754993748026, 43.54583887136687], [58.38088723226001, 43.510016902058446], [58.31035008478864, 43.449920525611844], [58.32798437188131, 43.41187977503164], [58.363958316722965, 43.43707161386396], [58.413334320222745, 43.432445333085695], [58.43237935042674, 43.421135146969505], [58.42038803487997, 43.410337075295836], [58.43449546419435, 43.38873511333486], [58.453540494398325, 43.3877062547399], [58.46482643659083, 43.34859660684799], [58.46623717970215, 43.32645753109023], [58.455656608165995, 43.31461236167121], [58.476817752137606, 43.29606743006792], [58.50503261076642, 43.30946156390013], [58.5184346694245, 43.29091504769133], [58.54876564182097, 43.31255209580263], [58.573453643570865, 43.31667255919132], [58.64838925106312, 43.377735782380505], [58.66951448960207, 43.427526869769274], [58.66951448960207, 43.48478932866464], [58.637826630894374, 43.48926065895228], [58.60638441390961, 43.48246410633351], [58.596804364230074, 43.473341206331675], [58.60392799128386, 43.45777541120634], [58.62210552285166, 43.46028052402704], [58.626281442034944, 43.45079633038637], [58.60392799128386, 43.43898373081457], [58.564379577655416, 43.433255572786486], [58.55332567404069, 43.45312278029211], [58.52090088836537, 43.47888666258944], [58.505671064667986, 43.4843421776494], [58.458999023985825, 43.47987048133768], [58.45654260136001, 43.48791929493956], [58.49928436368248, 43.51920996986428], [58.50640799163557, 43.53815523557569]], [[59.61687627072337, 43.49673528690403], [59.60919850480718, 43.47592703240667], [59.64630770523643, 43.46536485830159], [59.67915147965708, 43.46940355622917], [59.66934100208561, 43.48182861389943], [59.64076265277425, 43.48493447564555], [59.64801387563989, 43.49269842898934], [59.63521760031204, 43.50853377611293], [59.61687627072337, 43.49673528690403]], [[58.83161147339087, 43.48974824528534], [58.81284360075164, 43.49471689167126], [58.793222644709324, 43.48726376830831], [58.79492881511277, 43.47670358889957], [58.83417072809668, 43.415791021938155], [58.852938598937264, 43.407084184287726], [58.87341264108056, 43.42138760915088], [58.872559555878865, 43.43506596202457], [58.845260833920406, 43.45744200824213], [58.83161147339087, 43.48974824528534]], [[59.48379500083865, 43.38476715787805], [59.43047718517403, 43.378856037276364], [59.42493213181251, 43.37512239838002], [59.43303643987986, 43.36423129633732], [59.478249949275764, 43.364542496838794], [59.4910462237043, 43.37045502398024], [59.48379500083865, 43.38476715787805]], [[59.84209072710539, 43.374500101698395], [59.832280248634625, 43.3617416239768], [59.85062157732396, 43.34929172433368], [59.904792479089664, 43.37138852835796], [59.95768375260314, 43.36734324019841], [59.99393986783069, 43.39472141815895], [60.02422438664615, 43.39689869391964], [60.037447205923854, 43.42084351931299], [60.05024348215102, 43.425196098621086], [60.093750820244225, 43.4115155001403], [60.100575500059335, 43.416490623443565], [60.08692613863048, 43.44415723556802], [60.053229279008065, 43.44819735982036], [59.98839481536851, 43.41897803131116], [59.95384486964507, 43.42675051562384], [59.84209072710539, 43.374500101698395]], [[60.12414197527198, 43.413420087966756], [60.121156176616296, 43.39522686412851], [60.13309936764177, 43.38791692632514], [60.16125117480192, 43.40455741039625], [60.166369685112954, 43.416218556940926], [60.13139319813763, 43.44031109598034], [60.11966327773814, 43.44031109598034], [60.11454476832642, 43.42912092439122], [60.12414197527198, 43.413420087966756]], [[59.326400807651225, 43.24164865086458], [59.34516867939112, 43.231045329178635], [59.366495805836855, 43.23509975984609], [59.37715936861001, 43.25162655072477], [59.364363093282165, 43.25692663955282], [59.334505115718564, 43.25006761193077], [59.326400807651225, 43.24164865086458]], [[59.303794053852585, 43.22137597502126], [59.29398357538173, 43.23198099102995], [59.26625831127211, 43.22231178705936], [59.27606878884359, 43.18954977809983], [59.28886506507076, 43.186428662952494], [59.29696937313808, 43.19485530602759], [59.303794053852585, 43.22137597502126]], [[59.23426762115384, 42.76611721094059], [59.26327251261641, 42.76548865587682], [59.30166134129792, 42.7783727428079], [59.303794053852585, 42.82328879334318], [59.27180336373431, 42.859700063207406], [59.25772746015423, 42.85750344392886], [59.23042873819577, 42.80350464991972], [59.23426762115384, 42.76611721094059]], [[60.80857546018939, 41.8431134109552], [60.885952789090034, 41.8431134109552], [60.897743620571696, 41.859642610218316], [60.816681655933735, 41.87947196795699], [60.7835199432908, 41.86735476261225], [60.80857546018939, 41.8431134109552]], [[61.253679337831215, 41.64884944114886], [61.255153190867134, 41.60904068727797], [61.284630268672004, 41.548727536446684], [61.29789495498823, 41.559244920716594], [61.2993688080241, 41.572527574587916], [61.29052568531216, 41.63613544839228], [61.27652407292765, 41.65990303179955], [61.253679337831215, 41.64884944114886]], [[66.78586399083059, 40.744932401709036], [66.793503013953, 40.69036149318839], [66.82660544418592, 40.68551574275739], [66.84909812168104, 40.69779095269035], [66.86734689844064, 40.72168876872177], [66.87795665117856, 40.75364665516906], [66.87753226110505, 40.792362742646496], [66.83933714819089, 40.814291767351214], [66.82278593262475, 40.80558552864926], [66.78586399083059, 40.744932401709036]], [[64.1113669051586, 39.131360235886234], [64.11480589737431, 39.105718958163436], [64.1713036303583, 39.112991321392435], [64.17670776085453, 39.07049471336041], [64.20028942381794, 39.065898939384624], [64.23762705564417, 39.077770737729395], [64.24892660188122, 39.05555734379641], [64.27643854230496, 39.04138304988788], [64.27938625017536, 39.02873869163738], [64.29952891912438, 39.02145757260893], [64.38304730728747, 39.02528983475809], [64.42382393222873, 39.02030785322489], [64.42971934707026, 39.0325705562862], [64.42726292444443, 39.04214930104944], [64.35602665210837, 39.058621680246404], [64.31131975060606, 39.09500041263896], [64.2607174333629, 39.10303947489189], [64.22387108588195, 39.128299084834964], [64.13543985156792, 39.14322092670443], [64.1113669051586, 39.131360235886234]], [[65.04305792498332, 39.658325365023636], [65.13026323855767, 39.71054636032631], [65.14022029842805, 39.78143160028816], [65.05613846521805, 39.80703468290437], [64.99750245017798, 39.78826002757824], [64.90235721831101, 39.72677958910679], [64.92337767593902, 39.67635855360441], [64.97426931227899, 39.648996022048834], [65.04305792498332, 39.658325365023636]], [[64.8276598996847, 39.8015478741351], [64.88170121004288, 39.825795646052256], [64.94851591967404, 39.81443057611022], [64.96718473558713, 39.818976830716224], [64.91805627317852, 39.911351600296136], [64.86106725494987, 39.91816116610499], [64.81979934566333, 39.90075758389543], [64.77754886768616, 39.86972275530098], [64.75494977521203, 39.83791629939776], [64.76281032923337, 39.80609498759367], [64.8276598996847, 39.8015478741351]], [[60.45513897778163, 43.49483334038638], [60.427840256722504, 43.49203853165296], [60.41120509843659, 43.50228552395782], [60.399261907411116, 43.47060734555259], [60.41205818273896, 43.45817996403417], [60.43466493743698, 43.45507271733209], [60.453859351328035, 43.46594737886852], [60.4611105741937, 43.476509451350125], [60.45513897778163, 43.49483334038638]], [[60.334853985023464, 43.49079635386869], [60.35703419577156, 43.5029064968374], [60.3625792491331, 43.522153485095316], [60.34679717604889, 43.52618836000488], [60.32035153929218, 43.51190989042914], [60.31224723122478, 43.50011206581923], [60.31992499624164, 43.49079635386869], [60.334853985023464, 43.49079635386869]], [[61.01390969317788, 43.59458464436591], [61.00409921470703, 43.60388421798234], [60.9870375142699, 43.606363860204056], [60.96357767437024, 43.600784521088826], [60.958032621908046, 43.57536093775712], [60.97082889723589, 43.55799227712196], [61.008791182866844, 43.55985344568], [61.01390969317788, 43.59458464436591]]]}}, {"type": "Feature", "properties": {"type": "\u041e\u0440\u0430\u0448\u0430\u0435\u043c\u044b\u0435 \u0437\u0435\u043c\u043b\u0438"}, "geometry": {"type": "Polygon", "coordinates": [[[63.999652999186594, 39.62678265959209], [64.0527727490632, 39.56375843590314], [64.0347676966719, 39.5186175953258], [64.00218712593517, 39.5186175953258], [63.9730360892442, 39.53189738485651], [63.96360487196734, 39.51728947472952], [63.9730360892442, 39.48075615157518], [64.0099035770885, 39.41428234705273], [64.00818881006556, 39.3723710133117], [63.849572875288, 39.3357610067651], [63.82042183769771, 39.35440124402226], [63.78526911777562, 39.39299722164452], [63.705073985376195, 39.425633555744064], [63.68838479042581, 39.441544343396785], [63.709819375963484, 39.47394552906297], [63.71925059324036, 39.558615202329804], [63.73596957013962, 39.5735461093655], [63.801988094674854, 39.58051275705816], [63.84528595818046, 39.563592530770734], [63.88429690367923, 39.56433909936999], [63.93105992517547, 39.595976791195994], [63.95429306307442, 39.62250489308639], [63.999652999186594, 39.62678265959209]]]}}, {"type": "Feature", "properties": {"type": "\u041e\u0440\u0430\u0448\u0430\u0435\u043c\u044b\u0435 \u0437\u0435\u043c\u043b\u0438"}, "geometry": {"type": "Polygon", "coordinates": [[[60.904795699362076, 41.74892837804225], [61.03327912143436, 41.80873432472936], [61.05098056000491, 41.85755135461135], [61.05319324027584, 41.96580759034805], [61.07089467794708, 41.9856207441021], [61.1472321315577, 41.99304907585423], [61.178209649056086, 41.98314443926449], [61.115712023391204, 41.859909232225334], [61.1037086551304, 41.7746059029401], [61.01968507910316, 41.72067114515727], [60.99053404241221, 41.69304402136453], [60.998250492666166, 41.64675787167846], [61.01111124398874, 41.608160471328745], [61.02397199621071, 41.59850748303398], [61.04026228067976, 41.601403532047414], [61.0737002353776, 41.63292981316039], [61.092991362361545, 41.626497138831944], [61.11206814402971, 41.5273523079627], [61.13436011262915, 41.5067315441255], [61.181944893242296, 41.536049707228244], [61.208095088317755, 41.51736495173117], [61.21366808001795, 41.45966565524583], [61.27368492132212, 41.414501634642754], [61.289117822729395, 41.3744727761977], [61.282258754637894, 41.342173347921744], [61.29940642396735, 41.287873954619386], [61.39817309621145, 41.20144880831588], [61.33068700040478, 41.148574999636594], [61.23809599963074, 41.14506499965006], [61.2145913680972, 41.15510413884499], [61.2001688343243, 41.174826230845945], [61.19734734900101, 41.20253442132656], [61.204401062758905, 41.26536686728713], [61.15290894639081, 41.29250442713766], [61.06614825493808, 41.29343541701092], [60.91237727379224, 41.316838740815285], [60.812214524580725, 41.34023360289853], [60.74590960644326, 41.37584133660847], [60.69230137540819, 41.37584133660847], [60.623880341704464, 41.359368557213195], [60.56251302355725, 41.33544897938697], [60.51736924939137, 41.260975898618874], [60.491270505429554, 41.27055580890352], [60.49021244764639, 41.30394136460233], [60.42955050105485, 41.36614416102424], [60.2412163181786, 41.44460960395014], [60.12200853876312, 41.46901928711048], [60.09308830857861, 41.47909884633475], [60.113544081893906, 41.501374374427876], [60.14881265517994, 41.502965186993826], [60.14951802673561, 41.52735273514065], [60.1692684275959, 41.52735273514065], [60.198188657780406, 41.53901307139619], [60.175616770697445, 41.54537236284432], [60.14528579830101, 41.54272273526606], [60.1377590897103, 41.556034615305286], [60.14873200038158, 41.57609800002274], [60.174230999960734, 41.580211999983874], [60.173134842399115, 41.60673714760133], [60.38865032815017, 41.549592302942465], [60.50908144365377, 41.53749232680951], [60.54448432079482, 41.55494613435667], [60.54005896115218, 41.58236395533232], [60.507975103967915, 41.60229682503848], [60.39070307388777, 41.62720419122053], [60.33649241759105, 41.62720419122053], [60.29002614179308, 41.63799437404116], [60.263473983937274, 41.66122858573073], [60.19598724961196, 41.68279565219762], [60.16943509175616, 41.705184513754375], [60.11411809667288, 41.71679046260983], [60.073515719874635, 41.71316051734408], [60.04882600041964, 41.7521450002916], [60.06106299995753, 41.765713000054966], [60.07068999964384, 41.76238100018304], [60.08477499986638, 41.768742000343074], [60.07851299977517, 41.793128999903495], [60.08928800024108, 41.811127999857376], [60.12299199958118, 41.79696200039604], [60.13783399963944, 41.80414699988421], [60.147820999739395, 41.79554399975586], [60.163396000325235, 41.799122000180205], [60.18113700007257, 41.782469000244184], [60.19117900001088, 41.79408800006121], [60.23147200013278, 41.76657700032837], [60.23474499998185, 41.75077600011235], [60.2625640004283, 41.76013199989193], [60.289833999839274, 41.730134999730524], [60.30023800028351, 41.73758799988633], [60.290310000206375, 41.752302000337124], [60.3221550001532, 41.750549000436074], [60.33149700018646, 41.765760999570546], [60.2878940003079, 41.78999300007695], [60.25614500029161, 41.8197210004239], [60.20054800038997, 41.8253799996873], [60.177958000061714, 41.83539500017918], [60.153166999857206, 41.857599999840154], [60.128035000115226, 41.902240999922235], [60.09835400013708, 41.912524000182536], [60.06047900000588, 41.90895200003484], [60.033014999742484, 41.92364899970164], [60.02189000022338, 41.962994000173005], [59.998481999944374, 41.961057999926815], [59.977901999677606, 41.943860000039024], [59.96454699984423, 41.94640799972944], [59.960968000273056, 41.96583900006988], [59.93946499971003, 41.974642999574826], [59.925224000387345, 41.99323599994147], [59.929031999727044, 42.0072850003026], [59.96253699978275, 42.010094000337915], [59.9993549997335, 41.990048999561736], [60.02373599991654, 41.99173099978588], [60.04285700035035, 42.022383999621916], [60.054384999568136, 42.088160000383766], [60.02163300006294, 42.12420899994544], [59.99887700017347, 42.12161399988622], [59.962453999552515, 42.145457000440274], [59.98734599991803, 42.16172000037778], [60.00878600027374, 42.154957999711996], [60.04407399981528, 42.161080999688465], [60.04851899975211, 42.1725479996905], [60.02213799996878, 42.180613000189844], [60.02005099995376, 42.21206299990758], [59.99325599996449, 42.23138899990249], [59.99623799988381, 42.2434429999945], [59.97385900029269, 42.24860999995161], [59.961936999992595, 42.23912100033397], [59.958460999775355, 42.25143099964094], [59.944805999597236, 42.25861099979783], [59.96115099971894, 42.263071999573185], [59.94384100006214, 42.270070000330286], [59.94531999991813, 42.275473000378724], [59.90856800031303, 42.278024000207495], [59.90796600043063, 42.2961440003454], [59.9191160002033, 42.31064199982847], [59.913542000363066, 42.31401299970025], [59.85228800039095, 42.31400800036897], [59.82158600009387, 42.284215999768605], [59.803629785386356, 42.276854586569975], [59.81163182165131, 42.341979416117226], [59.837782016726756, 42.359786495350534], [59.865646977925735, 42.36074030192344], [59.89222586543138, 42.32448537470032], [59.96638953175154, 42.298394247096894], [59.964246073197785, 42.32066784074828], [59.98953888431214, 42.37949554718181], [60.007115245172486, 42.391889984735094], [60.056843484339375, 42.40269338129457], [60.11300209916759, 42.380766884584084], [60.149869586112565, 42.320985977720724], [60.195310908171905, 42.2933020257679], [60.24846868138457, 42.278022870659015], [60.27761971807558, 42.250001393249754], [60.27761971807558, 42.221330087313724], [60.2047421263481, 42.16905085821059], [60.206456893371, 42.155655269275314], [60.27590495105272, 42.09565904402973], [60.29305261858353, 42.06947255231648], [60.45123986272955, 42.028094881673496], [60.53440605569493, 41.944938053348544], [60.56870139255528, 41.948138415855276], [60.58584906188475, 41.975654854687825], [60.61928701568325, 41.99228689502422], [60.66387095378156, 41.97949340669544], [60.70845489277911, 41.951978637903885], [60.77618818433729, 41.93229503778582], [60.78733416863702, 41.90027611525056], [60.7238877941864, 41.871445248899185], [60.73074686227794, 41.848371119231835], [60.8387771739275, 41.77781486566357], [60.904795699362076, 41.74892837804225]], [[60.17813445424173, 41.461477568834766], [60.208348459014246, 41.4695150563748], [60.20613767811142, 41.48420166257671], [60.178502917275864, 41.48170794686433], [60.15934281701743, 41.47200924423129], [60.15676357218115, 41.46563501504397], [60.17813445424173, 41.461477568834766]], [[60.31575556206957, 41.450944170337266], [60.333073345358684, 41.461477568834766], [60.33491566322732, 41.47034646341859], [60.300648558784026, 41.47034646341859], [60.29217389910622, 41.46230908019992], [60.289226192135104, 41.44789470597596], [60.31575556206957, 41.450944170337266]], [[60.272461104296546, 41.44179534557878], [60.27356649429833, 41.453439077651346], [60.24777405133146, 41.46230908019992], [60.21571772779094, 41.45288466179778], [60.272461104296546, 41.44179534557878]]]}}, {"type": "Feature", "properties": {"type": "\u041d\u0435\u043e\u0440\u043e\u0448\u0430\u0435\u043c\u044b\u0435 \u0437\u0435\u043c\u043b\u0438"}, "geometry": {"type": "Polygon", "coordinates": [[[67.34449316192996, 39.836556478598645], [67.26556351504422, 39.83364149795682], [67.20601180490092, 39.847850856431926], [67.15307695203978, 39.8737115669353], [67.1181021387028, 39.901746586335946], [67.10770422127285, 39.92503962627779], [67.12991795425022, 39.937774628996], [67.34921948778918, 39.94832468023986], [67.37615954842448, 39.94286796188697], [67.39553748516687, 39.927222939187345], [67.4002638110261, 39.88973299278342], [67.34449316192996, 39.836556478598645]]]}}, {"type": "Feature", "properties": {"type": "\u041d\u0435\u043e\u0440\u043e\u0448\u0430\u0435\u043c\u044b\u0435 \u0437\u0435\u043c\u043b\u0438"}, "geometry": {"type": "Polygon", "coordinates": [[[67.50306140476009, 39.97078355131986], [67.38135850579044, 39.96114624180569], [67.37781376229537, 39.97987409641246], [67.39790064809648, 40.01576983620901], [67.4002638110261, 40.05173735899199], [67.41633332002675, 40.06281441115618], [67.51180510921847, 40.01186312098627], [67.51605880177233, 39.980601287319594], [67.50306140476009, 39.97078355131986]]]}}, {"type": "Feature", "properties": {"type": "\u041d\u0435\u043e\u0440\u043e\u0448\u0430\u0435\u043c\u044b\u0435 \u0437\u0435\u043c\u043b\u0438"}, "geometry": {"type": "Polygon", "coordinates": [[[60.74433257239036, 44.34860397209571], [60.746665588246344, 44.29221567311487], [60.736555852270826, 44.29389135919893], [60.71828055900066, 44.33130247642822], [60.74277722818658, 44.380681846090404], [60.75949717725297, 44.38848943364052], [60.76571855316875, 44.384306927822536], [60.74433257239036, 44.34860397209571]]]}}, {"type": "Feature", "properties": {"type": "\u041d\u0435\u043e\u0440\u043e\u0448\u0430\u0435\u043c\u044b\u0435 \u0437\u0435\u043c\u043b\u0438"}, "geometry": {"type": "Polygon", "coordinates": [[[59.13843979306204, 45.25973735779286], [59.12794122081072, 45.23776401719567], [59.11141568988221, 45.24284611305774], [59.08827994586288, 45.32876031583595], [59.1020836246596, 45.33191441361935], [59.117248230421524, 45.324371712384675], [59.13843979306204, 45.25973735779286]]]}}, {"type": "Feature", "properties": {"type": "\u041d\u0435\u043e\u0440\u043e\u0448\u0430\u0435\u043c\u044b\u0435 \u0437\u0435\u043c\u043b\u0438"}, "geometry": {"type": "Polygon", "coordinates": [[[59.254507345837396, 45.064700472848585], [59.2568403625927, 45.04899130690336], [59.27161613117954, 45.04788874616877], [59.283670047634644, 45.0575354266187], [59.30427835676079, 45.127768950376826], [59.31555460156369, 45.14730869134308], [59.32838619057031, 45.150335372279635], [59.34044010792468, 45.134099462620156], [59.31633227411521, 45.081507225378175], [59.305444865588136, 44.99162977509411], [59.287558407694405, 44.97700436685812], [59.27161613117954, 44.97176038133659], [59.263450574784265, 44.977280352606215], [59.27472681958709, 44.994112962443296], [59.26967195070001, 45.01204387292643], [59.210957711729066, 45.012319688702746], [59.210957711729066, 45.04072157933746], [59.200070303201976, 45.046510515348075], [59.17557363401608, 45.042926958012735], [59.17012992885321, 45.02335123427207], [59.127357967296405, 45.025005781791435], [59.1191924100018, 45.012319688702746], [59.0841971676652, 45.01011312292235], [59.0841971676652, 45.03024486420917], [59.109860344779115, 45.067180471201816], [59.108305000575406, 45.09032189174195], [59.136690030720395, 45.098033601669435], [59.15107696393078, 45.073793268044945], [59.13513468741592, 45.05863780119364], [59.13980071912794, 45.05202323898134], [59.15652066819434, 45.054779400249174], [59.27006078697581, 45.16587895504977], [59.246341790341425, 45.176193135704686], [59.25023015040119, 45.18966749895594], [59.29183560492929, 45.1962660163636], [59.311666242403184, 45.180868279347685], [59.254507345837396, 45.064700472848585]]]}}, {"type": "Feature", "properties": {"type": "\u041d\u0435\u043e\u0440\u043e\u0448\u0430\u0435\u043c\u044b\u0435 \u0437\u0435\u043c\u043b\u0438"}, "geometry": {"type": "Polygon", "coordinates": [[[59.101111534869524, 44.937248440063506], [59.08478042207889, 44.923990301711115], [59.07544835685621, 44.9275813521977], [59.087891109587076, 44.95795811177748], [59.078947882438854, 44.97755633655572], [59.114331960151894, 44.975624417432975], [59.101111534869524, 44.937248440063506]]]}}, {"type": "Feature", "properties": {"type": "\u041d\u0435\u043e\u0440\u043e\u0448\u0430\u0435\u043c\u044b\u0435 \u0437\u0435\u043c\u043b\u0438"}, "geometry": {"type": "Polygon", "coordinates": [[[60.4398739654112, 43.71108984322171], [60.407600575206466, 43.69021423310045], [60.401379199290645, 43.69896031176905], [60.36949464536168, 43.70770510620576], [60.3749383487259, 43.720678885222405], [60.39282480572023, 43.725754810835895], [60.416154967877496, 43.75140980861584], [60.424320524272844, 43.74408093918408], [60.42082099958953, 43.73026638218784], [60.4398739654112, 43.71108984322171]]]}}, {"type": "Feature", "properties": {"type": "\u041d\u0435\u043e\u0440\u043e\u0448\u0430\u0435\u043c\u044b\u0435 \u0437\u0435\u043c\u043b\u0438"}, "geometry": {"type": "Polygon", "coordinates": [[[60.458149258681374, 43.75140980861584], [60.449206029734505, 43.75056421566609], [60.426264704752384, 43.766628419565954], [60.432486080668134, 43.80127848411478], [60.44959486601032, 43.80156010861219], [60.46164878336469, 43.79170244001563], [60.458149258681374, 43.75140980861584]]]}}, {"type": "Feature", "properties": {"type": "\u041d\u0435\u043e\u0440\u043e\u0448\u0430\u0435\u043c\u044b\u0435 \u0437\u0435\u043c\u043b\u0438"}, "geometry": {"type": "Polygon", "coordinates": [[[60.560024297283576, 43.79170244001563], [60.52425138329477, 43.718704796888915], [60.511419794288145, 43.720678885222405], [60.50636492540105, 43.73844273224636], [60.537471806778505, 43.78916734559658], [60.560024297283576, 43.79170244001563]]]}}, {"type": "Feature", "properties": {"type": "\u041d\u0435\u043e\u0440\u043e\u0448\u0430\u0435\u043c\u044b\u0435 \u0437\u0435\u043c\u043b\u0438"}, "geometry": {"type": "Polygon", "coordinates": [[[60.623015732590034, 43.62613122497611], [60.60590694814721, 43.62302413115878], [60.59190885121257, 43.62895571493437], [60.593075359140585, 43.63714598110221], [60.61096181613498, 43.64872340436164], [60.62573758472183, 43.644770390241376], [60.623015732590034, 43.62613122497611]]]}}, {"type": "Feature", "properties": {"type": "\u041d\u0435\u043e\u0440\u043e\u0448\u0430\u0435\u043c\u044b\u0435 \u0437\u0435\u043c\u043b\u0438"}, "geometry": {"type": "Polygon", "coordinates": [[[60.62729292892561, 43.68852129532155], [60.61212832406295, 43.67074254293408], [60.5685786890553, 43.68033808433517], [60.57635541007413, 43.7172946940949], [60.58918699908081, 43.72293490562146], [60.60124091463655, 43.718704796888915], [60.60512927559563, 43.7017813528272], [60.62729292892561, 43.68852129532155]]]}}, {"type": "Feature", "properties": {"type": "\u041d\u0435\u043e\u0440\u043e\u0448\u0430\u0435\u043c\u044b\u0435 \u0437\u0435\u043c\u043b\u0438"}, "geometry": {"type": "Polygon", "coordinates": [[[60.68095229990877, 43.67356492128413], [60.66578769504617, 43.671024787064304], [60.660343990782614, 43.69021423310045], [60.674730923993025, 43.692471408228975], [60.68095229990877, 43.67356492128413]]]}}, {"type": "Feature", "properties": {"type": "\u041d\u0435\u043e\u0440\u043e\u0448\u0430\u0435\u043c\u044b\u0435 \u0437\u0435\u043c\u043b\u0438"}, "geometry": {"type": "Polygon", "coordinates": [[[60.60007440670853, 43.89020543283454], [60.59288094100271, 43.78606875127189], [60.57654982821208, 43.78804060299148], [60.56741218112734, 43.79860298034333], [60.56371823920545, 43.83872286726653], [60.57441122959461, 43.88528417262654], [60.588409327428565, 43.89343918087354], [60.60007440670853, 43.89020543283454]]]}}, {"type": "Feature", "properties": {"type": "\u041d\u0435\u043e\u0440\u043e\u0448\u0430\u0435\u043c\u044b\u0435 \u0437\u0435\u043c\u043b\u0438"}, "geometry": {"type": "Polygon", "coordinates": [[[60.65509470465696, 43.71842277938782], [60.63390314111712, 43.71489744236311], [60.62379340514162, 43.73111226381996], [60.65781655678869, 43.75126887765663], [60.668315129040025, 43.750282349251044], [60.65509470465696, 43.71842277938782]]]}}, {"type": "Feature", "properties": {"type": "\u041d\u0435\u043e\u0440\u043e\u0448\u0430\u0435\u043c\u044b\u0435 \u0437\u0435\u043c\u043b\u0438"}, "geometry": {"type": "Polygon", "coordinates": [[[60.718474977138555, 43.7429533413237], [60.70175502807217, 43.7429533413237], [60.69864433876529, 43.7554966706349], [60.72450193491642, 43.81352793296776], [60.73577817971926, 43.8121200793782], [60.73597259785715, 43.7931107792391], [60.750748367343306, 43.78254742432421], [60.74860976782657, 43.7643740566175], [60.718474977138555, 43.7429533413237]]]}}, {"type": "Feature", "properties": {"type": "\u041d\u0435\u043e\u0440\u043e\u0448\u0430\u0435\u043c\u044b\u0435 \u0437\u0435\u043c\u043b\u0438"}, "geometry": {"type": "Polygon", "coordinates": [[[60.677452776124774, 43.787336378071416], [60.65781655678869, 43.78423768661997], [60.66442676898026, 43.81254243878259], [60.679202537567114, 43.8295751073054], [60.68522949714362, 43.821411298292844], [60.677452776124774, 43.787336378071416]]]}}, {"type": "Feature", "properties": {"type": "\u041d\u0435\u043e\u0440\u043e\u0448\u0430\u0435\u043c\u044b\u0435 \u0437\u0435\u043c\u043b\u0438"}, "geometry": {"type": "Polygon", "coordinates": [[[60.650428672045614, 43.87698740694333], [60.63157012526114, 43.82577485292717], [60.61368366826673, 43.828449130922706], [60.61426692178105, 43.88514355912798], [60.62495991306957, 43.92731260259461], [60.63662499414822, 43.93082533202351], [60.64537380405784, 43.92506434694212], [60.64206869841177, 43.899203248830936], [60.650428672045614, 43.87698740694333]]]}}, {"type": "Feature", "properties": {"type": "\u041d\u0435\u043e\u0440\u043e\u0448\u0430\u0435\u043c\u044b\u0435 \u0437\u0435\u043c\u043b\u0438"}, "geometry": {"type": "Polygon", "coordinates": [[[60.72411309864065, 43.99093085277667], [60.74161072025855, 43.972961787656395], [60.74063862956916, 43.95625125988777], [60.728001458700405, 43.95582992481121], [60.70719873233571, 43.98110469912262], [60.678619284052786, 43.915929925725536], [60.6613160805727, 43.91663262359674], [60.65917748285461, 43.93110634228389], [60.673953252340766, 43.96285178188429], [60.672592326274874, 44.00664929163156], [60.68814576741329, 44.019557731304296], [60.70719873233571, 44.02278439808157], [60.72547402470656, 44.01534876833102], [60.72411309864065, 43.99093085277667]]]}}, {"type": "Feature", "properties": {"type": "\u041d\u0435\u043e\u0440\u043e\u0448\u0430\u0435\u043c\u044b\u0435 \u0437\u0435\u043c\u043b\u0438"}, "geometry": {"type": "Polygon", "coordinates": [[[60.69883875690318, 43.89301739703529], [60.70350479041378, 43.8637664285779], [60.69767224897514, 43.849135521886865], [60.679202537567114, 43.842803720015695], [60.66559327690828, 43.884721716833845], [60.69883875690318, 43.89301739703529]]]}}, {"type": "Feature", "properties": {"type": "\u041d\u0435\u043e\u0440\u043e\u0448\u0430\u0435\u043c\u044b\u0435 \u0437\u0435\u043c\u043b\u0438"}, "geometry": {"type": "Polygon", "coordinates": [[[60.75249812878565, 43.82267816966185], [60.73947212164113, 43.82549334264371], [60.73733352392304, 43.83604905332123], [60.758719504701446, 43.85729551237807], [60.768051569924054, 43.85012040813041], [60.76727389827186, 43.837597065352334], [60.75249812878565, 43.82267816966185]]]}}, {"type": "Feature", "properties": {"type": "\u041d\u0435\u043e\u0440\u043e\u0448\u0430\u0435\u043c\u044b\u0435 \u0437\u0435\u043c\u043b\u0438"}, "geometry": {"type": "Polygon", "coordinates": [[[60.88042518077753, 43.80001115499084], [60.89150700744249, 43.774236264092394], [60.87945309008807, 43.776208508815664], [60.85670618324384, 43.80423547928399], [60.86040012516571, 43.81789206766484], [60.876731237956335, 43.825915607619265], [60.88042518077753, 43.80001115499084]]]}}, {"type": "Feature", "properties": {"type": "\u041d\u0435\u043e\u0440\u043e\u0448\u0430\u0435\u043c\u044b\u0435 \u0437\u0435\u043c\u043b\u0438"}, "geometry": {"type": "Polygon", "coordinates": [[[60.82618255538067, 43.82352273558581], [60.798575196887896, 43.76465585738196], [60.774078527701924, 43.76381045328986], [60.75677532512122, 43.80226416535902], [60.78477151899045, 43.83267142994259], [60.79390916517587, 43.8295751073054], [60.79002080511612, 43.79212494511016], [60.81335096637406, 43.84083368762464], [60.82326628511099, 43.843507286632025], [60.82618255538067, 43.82352273558581]]]}}, {"type": "Feature", "properties": {"type": "\u041d\u0435\u043e\u0440\u043e\u0448\u0430\u0435\u043c\u044b\u0435 \u0437\u0435\u043c\u043b\u0438"}, "geometry": {"type": "Polygon", "coordinates": [[[61.00815216598972, 44.384730117301096], [61.012082442550756, 44.33168334920725], [60.99218541532469, 44.33238860564967], [60.98457050302637, 44.35301360889099], [60.96074319923928, 44.37239797398735], [60.958041133091854, 44.38790081656947], [60.96541040276793, 44.393008802114586], [61.00815216598972, 44.384730117301096]]]}}, {"type": "Feature", "properties": {"type": "\u041d\u0435\u043e\u0440\u043e\u0448\u0430\u0435\u043c\u044b\u0435 \u0437\u0435\u043c\u043b\u0438"}, "geometry": {"type": "Polygon", "coordinates": [[[60.894665414777144, 44.124498186442224], [60.87943559197902, 44.11989752914769], [60.867644761396654, 44.128744626863075], [60.87894430673441, 44.183920386116995], [60.897121839201574, 44.18639500382642], [60.88729614600039, 44.22597465900338], [60.89761312264755, 44.23021374836583], [60.91087780806447, 44.210782065440014], [60.914316801179496, 44.183920386116995], [60.91087780806447, 44.16058313640269], [60.893682846086506, 44.14042075521371], [60.894665414777144, 44.124498186442224]]]}}, {"type": "Feature", "properties": {"type": "\u041d\u0435\u043e\u0440\u043e\u0448\u0430\u0435\u043c\u044b\u0435 \u0437\u0435\u043c\u043b\u0438"}, "geometry": {"type": "Polygon", "coordinates": [[[60.76054471027021, 44.118658828142486], [60.7755288922446, 44.10326137081569], [60.789776146352146, 44.11104909593905], [60.82514863989787, 44.114234685282554], [60.83350047916384, 44.10184531001312], [60.834237405232095, 44.08715166301886], [60.819253224157016, 44.077944132315906], [60.820972719815245, 44.047123821707025], [60.81163831185865, 44.04287147723693], [60.79321513856785, 44.06058755407241], [60.789776146352146, 44.05580473909748], [60.79223256897791, 44.03188483032073], [60.8160598736643, 44.028517543749665], [60.81999015112461, 44.017350952384625], [60.78953050372979, 44.006980079367224], [60.81483166235137, 43.9865875670626], [60.84037846269591, 44.0252386848175], [60.8479933749943, 44.01318509391701], [60.845045667123884, 43.986055493965914], [60.82244657375042, 43.95891340333094], [60.828833274735864, 43.8847856541347], [60.82244657375042, 43.87856712637181], [60.81311216579387, 43.88602928072681], [60.812620882347915, 43.90183883079743], [60.80304083086969, 43.903614920791995], [60.79788234299577, 43.85901892818106], [60.76742269470167, 43.88052159059896], [60.77724838790284, 43.964413790064434], [60.75292979887114, 43.960155469599265], [60.75784264502209, 44.0252386848175], [60.770370402572105, 44.034232954787115], [60.772335541751886, 44.047345289653435], [60.75956214068032, 44.060986103925586], [60.76128163723781, 44.08188406939433], [60.73868254386435, 44.08484991569111], [60.75145594493597, 44.11635831558385], [60.76054471027021, 44.118658828142486]]]}}, {"type": "Feature", "properties": {"type": "\u041d\u0435\u043e\u0440\u043e\u0448\u0430\u0435\u043c\u044b\u0435 \u0437\u0435\u043c\u043b\u0438"}, "geometry": {"type": "Polygon", "coordinates": [[[60.85781906819552, 43.881276708153614], [60.845045667123884, 43.8770123919084], [60.84086974794058, 43.88323108334789], [60.8406241062176, 43.94289726010055], [60.846273879336124, 43.96809521432272], [60.85609957163796, 43.971643357255175], [60.86690783442907, 43.97093374629543], [60.86789040311965, 43.94733430013787], [60.85781906819552, 43.881276708153614]]]}}, {"type": "Feature", "properties": {"type": "\u041d\u0435\u043e\u0440\u043e\u0448\u0430\u0435\u043c\u044b\u0435 \u0437\u0435\u043c\u043b\u0438"}, "geometry": {"type": "Polygon", "coordinates": [[[60.83337765695335, 43.70369294457379], [60.83190380301813, 43.67677777897137], [60.81298934538205, 43.68426533827477], [60.80586571832827, 43.66251315985448], [60.79112717897619, 43.66393977510057], [60.7930923172567, 43.6942472850842], [60.80611136005126, 43.70226728081042], [60.83337765695335, 43.70369294457379]]]}}, {"type": "Feature", "properties": {"type": "\u041d\u0435\u043e\u0440\u043e\u0448\u0430\u0435\u043c\u044b\u0435 \u0437\u0435\u043c\u043b\u0438"}, "geometry": {"type": "Polygon", "coordinates": [[[60.74494642263936, 43.61836037383221], [60.716943198769684, 43.612827823745135], [60.71325856483094, 43.64886942368503], [60.743226926981144, 43.64262615107605], [60.74494642263936, 43.61836037383221]]]}}, {"type": "Feature", "properties": {"type": "\u041d\u0435\u043e\u0440\u043e\u0448\u0430\u0435\u043c\u044b\u0435 \u0437\u0435\u043c\u043b\u0438"}, "geometry": {"type": "Polygon", "coordinates": [[[60.533202745710184, 43.83995321896595], [60.50716466102034, 43.837108390839596], [60.488987128553205, 43.85346428534853], [60.49488254519336, 43.89220261395951], [60.51306007586185, 43.89042618132328], [60.53467659964542, 43.853819798145196], [60.533202745710184, 43.83995321896595]]]}}, {"type": "Feature", "properties": {"type": "\u041d\u0435\u043e\u0440\u043e\u0448\u0430\u0435\u043c\u044b\u0435 \u0437\u0435\u043c\u043b\u0438"}, "geometry": {"type": "Polygon", "coordinates": [[[60.73929665042015, 43.88180972643778], [60.724803752791, 43.87949994726483], [60.71620627180204, 43.897442780060324], [60.73192738074409, 43.913959583967646], [60.73119045377648, 43.926743617723844], [60.740524861733036, 43.929229082156496], [60.75059619665722, 43.914669881110164], [60.73929665042015, 43.88180972643778]]]}}, {"type": "Feature", "properties": {"type": "\u041d\u0435\u043e\u0440\u043e\u0448\u0430\u0435\u043c\u044b\u0435 \u0437\u0435\u043c\u043b\u0438"}, "geometry": {"type": "Polygon", "coordinates": [[[60.732173023366386, 43.72257976874141], [60.760421888959065, 43.70903887994041], [60.77466914396586, 43.692821394691684], [60.772704004786014, 43.68159131838468], [60.72283861540984, 43.66768447925534], [60.716943198769684, 43.69014775881208], [60.732173023366386, 43.72257976874141]]]}}, {"type": "Feature", "properties": {"type": "\u041d\u0435\u043e\u0440\u043e\u0448\u0430\u0435\u043c\u044b\u0435 \u0437\u0435\u043c\u043b\u0438"}, "geometry": {"type": "Polygon", "coordinates": [[[60.878575843700276, 43.69629694165058], [60.85966138516483, 43.69397993282769], [60.846887984992584, 43.72017470369968], [60.845168489334355, 43.73193187175854], [60.8675219391862, 43.74813870094033], [60.87955841329017, 43.74190582809153], [60.870469647056616, 43.71714596601356], [60.878575843700276, 43.69629694165058]]]}}, {"type": "Feature", "properties": {"type": "\u041d\u0435\u043e\u0440\u043e\u0448\u0430\u0435\u043c\u044b\u0435 \u0437\u0435\u043c\u043b\u0438"}, "geometry": {"type": "Polygon", "coordinates": [[[60.81335780931551, 43.740258459860115], [60.83620254441195, 43.736518318865365], [60.82809634776829, 43.71621059014665], [60.814094736283096, 43.716388758434505], [60.7887935767622, 43.73224358307494], [60.79886491168638, 43.74666958283502], [60.80697110833007, 43.74916261056608], [60.81335780931551, 43.740258459860115]]]}}, {"type": "Feature", "properties": {"type": "\u041d\u0435\u043e\u0440\u043e\u0448\u0430\u0435\u043c\u044b\u0435 \u0437\u0435\u043c\u043b\u0438"}, "geometry": {"type": "Polygon", "coordinates": [[[61.006923953777516, 43.699638623623635], [60.988009496141395, 43.69803463958697], [60.98162279515595, 43.724583914216346], [60.99120284573478, 43.74898454120364], [61.00201110762657, 43.75112134477427], [60.99906339975615, 43.71923937459752], [61.006923953777516, 43.699638623623635]]]}}, {"type": "Feature", "properties": {"type": "\u041d\u0435\u043e\u0440\u043e\u0448\u0430\u0435\u043c\u044b\u0435 \u0437\u0435\u043c\u043b\u0438"}, "geometry": {"type": "Polygon", "coordinates": [[[60.90780727888285, 43.753970298090856], [60.91959811126389, 43.687563129734706], [60.90866702716164, 43.691751955088705], [60.888524357313315, 43.7407036989166], [60.900806473140264, 43.75637399616306], [60.90780727888285, 43.753970298090856]]]}}, {"type": "Feature", "properties": {"type": "\u041d\u0435\u043e\u0440\u043e\u0448\u0430\u0435\u043c\u044b\u0435 \u0437\u0435\u043c\u043b\u0438"}, "geometry": {"type": "Polygon", "coordinates": [[[60.87980405501321, 43.61827114399813], [60.861994987378814, 43.62291095867385], [60.852046472866505, 43.66188900517352], [60.87329453361587, 43.652169175666984], [60.884348438129955, 43.631208191105195], [60.87980405501321, 43.61827114399813]]]}}, {"type": "Feature", "properties": {"type": "\u041d\u0435\u043e\u0440\u043e\u0448\u0430\u0435\u043c\u044b\u0435 \u0437\u0435\u043c\u043b\u0438"}, "geometry": {"type": "Polygon", "coordinates": [[[60.37083317471133, 43.616486503249575], [60.34700587002494, 43.59435253114447], [60.33324990116205, 43.597030463984765], [60.33447811157566, 43.62612292693159], [60.37083317471133, 43.616486503249575]]]}}, {"type": "Feature", "properties": {"type": "\u041d\u0435\u043e\u0440\u043e\u0448\u0430\u0435\u043c\u044b\u0435 \u0437\u0435\u043c\u043b\u0438"}, "geometry": {"type": "Polygon", "coordinates": [[[60.950549042104676, 43.79272918790172], [60.95988345006123, 43.78596711618951], [60.980271763431176, 43.789348247823455], [60.999923148034895, 43.776534520251964], [60.99279952098118, 43.75926720691609], [60.970446070230025, 43.76443012485043], [60.96504193883446, 43.74092631709589], [60.95325110825212, 43.738254842287176], [60.93875821062295, 43.78810259056217], [60.950549042104676, 43.79272918790172]]]}}, {"type": "Feature", "properties": {"type": "\u041d\u0435\u043e\u0440\u043e\u0448\u0430\u0435\u043c\u044b\u0435 \u0437\u0435\u043c\u043b\u0438"}, "geometry": {"type": "Polygon", "coordinates": [[[60.98899206483196, 44.20742503024098], [60.98751821089677, 44.06939931382732], [60.99758954582091, 44.05505185276086], [60.983096649091124, 44.02395367682078], [60.958778060059494, 44.009240553209], [60.94796979816771, 43.992395717988074], [60.952391359973326, 43.97678778602755], [60.9315117631574, 43.950218196612525], [60.91308858896724, 43.87976646495047], [60.89663055395698, 43.87354741018486], [60.886559219032776, 43.87976646495047], [60.89515670002174, 43.8987749512031], [60.88483972337457, 43.940856109322056], [60.891717707806045, 43.959135202227856], [60.858310353440125, 43.99079964169016], [60.857082141227856, 44.00126202072573], [60.88582229206521, 44.00799951936238], [60.885576650342216, 44.01881336514475], [60.862731914346384, 44.028030157066155], [60.859047278609076, 44.037068302260366], [60.86322319869175, 44.0436245191563], [60.92144042823321, 44.04344733382744], [60.92807277004236, 44.06160606596722], [60.920949142988604, 44.13975740088341], [60.9278271283194, 44.2081317903499], [60.942074383326194, 44.20583478784522], [60.960497555717666, 44.19010673433837], [60.97228838719934, 44.21166546319061], [60.98899206483196, 44.20742503024098]]]}}, {"type": "Feature", "properties": {"type": "\u041d\u0435\u043e\u0440\u043e\u0448\u0430\u0435\u043c\u044b\u0435 \u0437\u0435\u043c\u043b\u0438"}, "geometry": {"type": "Polygon", "coordinates": [[[60.913825515934874, 44.05305887326841], [60.854380075080414, 44.0526159796438], [60.87255760664828, 44.06528141980175], [60.86838168836431, 44.108394306252315], [60.90191186404133, 44.11299586466748], [60.913825515934874, 44.05305887326841]]]}}, {"type": "Feature", "properties": {"type": "\u0417\u0435\u043c\u043b\u0438 \u043f\u0435\u0440\u0441\u043f\u0435\u043a\u0442\u0438\u0432\u043d\u043e\u0433\u043e\u043e\u0440\u043e\u0448\u0435\u043d\u0438\u044f \u0438 \u043e\u0441\u0432\u043e\u0435\u043d\u0438\u044f"}, "geometry": {"type": "Polygon", "coordinates": [[[59.5171033029751, 42.54331107334742], [59.49352164091108, 42.52732441798752], [59.44635831588363, 42.53168482409541], [59.39035186814425, 42.57962904844186], [59.330415142944545, 42.6514758111598], [59.29799035726922, 42.74641742122708], [59.33336285081498, 42.789129621035215], [59.286199525787545, 42.871574240259015], [59.345153682296655, 42.91781038763934], [59.36283992861985, 42.90842149605526], [59.44832345506347, 42.72396352879389], [59.47485282499791, 42.60068371628051], [59.5171033029751, 42.54331107334742]]]}}, {"type": "Feature", "properties": {"type": "\u0417\u0435\u043c\u043b\u0438 \u043f\u0435\u0440\u0441\u043f\u0435\u043a\u0442\u0438\u0432\u043d\u043e\u0433\u043e\u043e\u0440\u043e\u0448\u0435\u043d\u0438\u044f \u0438 \u043e\u0441\u0432\u043e\u0435\u043d\u0438\u044f"}, "geometry": {"type": "Polygon", "coordinates": [[[61.2145913680972, 41.15510413884499], [61.13103199962711, 41.18730499962606], [61.10060200018223, 41.21063499990537], [61.09013999976121, 41.2305300000595], [61.08090200002732, 41.215171999588165], [61.0638869995854, 41.24389500035403], [61.06401900027669, 41.25964099983236], [61.05433899994494, 41.258913999581466], [61.04978600042364, 41.24513600002644], [61.04401100030747, 41.26394799970046], [61.033763999908714, 41.26121999980319], [61.03337800009466, 41.269866000115876], [61.02508800001123, 41.22191100009263], [61.00148699982526, 41.23350499965607], [60.99754299960977, 41.24300000044973], [60.821709000170294, 41.25772799974743], [60.6833749997565, 41.256730999635984], [60.63598472901208, 41.240583801801044], [60.51736924939137, 41.260975898618874], [60.56251302355725, 41.33544897938697], [60.623880341704464, 41.359368557213195], [60.69230137540819, 41.37584133660847], [60.74590960644326, 41.37584133660847], [60.812214524580725, 41.34023360289853], [60.91237727379224, 41.316838740815285], [61.06614825493808, 41.29343541701092], [61.15290894639081, 41.29250442713766], [61.204401062758905, 41.26536686728713], [61.19734734900101, 41.20253442132656], [61.2001688343243, 41.174826230845945], [61.2145913680972, 41.15510413884499]]]}}, {"type": "Feature", "properties": {"type": "\u0417\u0435\u043c\u043b\u0438, \u043f\u043e\u0434\u043b\u0435\u0436\u0430\u0449\u0438\u0435 \u043e\u0440\u043e\u0448\u0435\u043d\u0438\u044e \u0438 \u043e\u0441\u0432\u043e\u0435\u043d\u0438\u044e (\u043f\u0435\u0440\u0432\u0430\u044f \u043e\u0447\u0435\u0440\u0435\u0434\u044c)"}, "geometry": {"type": "Polygon", "coordinates": [[[58.733504312673965, 42.97618776575285], [58.74038229800471, 42.91392861691219], [58.76101625309763, 42.90923405330897], [58.816531415592394, 42.91392861691219], [58.84502592470671, 42.85937725155895], [58.91773605097802, 42.81418207844023], [58.99978058520588, 42.72840063268307], [58.972759930026825, 42.731298160182], [58.86467731020975, 42.77510663985959], [58.78803690827675, 42.85594358692702], [58.734978166609146, 42.86714746598284], [58.698623104372814, 42.86859297778374], [58.66963731091322, 42.86100365659354], [58.65539005680573, 42.983402116414595], [58.733504312673965, 42.97618776575285]]]}}, {"type": "Feature", "properties": {"type": "\u041e\u0440\u0430\u0448\u0430\u0435\u043c\u044b\u0435 \u0437\u0435\u043c\u043b\u0438"}, "geometry": {"type": "Polygon", "coordinates": [[[60.186048236436996, 43.21001235028978], [60.16080899433966, 43.05743513372448], [60.163756702210094, 42.996881645371666], [60.19175992607978, 43.00733862667636], [60.21042874199292, 43.03473462560253], [60.21190259592811, 43.05959664616836], [60.22320214306449, 43.06824192612402], [60.31654622263011, 43.08156766021937], [60.338162747312985, 43.099210761567456], [60.37870229297647, 43.201451280152526], [60.40841062874756, 43.20671977399844], [60.441719974996886, 43.22383921540751], [60.46872755403342, 43.227789168235574], [60.49933614174961, 43.21396320513787], [60.44712149116396, 43.13621574406142], [60.463326037866416, 43.130941121335745], [60.54885003470139, 43.14808197020682], [60.58486014038323, 43.14478602865233], [60.599264181396904, 43.130941121335745], [60.57855837137179, 43.09796434887568], [60.50293715312717, 43.08806782686878], [60.46753014809792, 43.04369370240249], [60.414372374885254, 43.02356685702489], [60.35435553537968, 42.96692446359316], [60.282335326714005, 42.937953601577476], [60.24289568878505, 42.940473352663155], [60.20860035102544, 42.92913365709268], [60.16916071309645, 42.89762346844839], [60.07827806987705, 42.861051319762616], [59.96853299030533, 42.78594701204503], [59.93252288642213, 42.73287688136304], [59.90851614990043, 42.67596522371616], [59.86907651197151, 42.6493884667044], [59.79362677015939, 42.52267551206529], [59.76619049959192, 42.433822099110614], [59.75761666627619, 42.36137616487815], [59.77647910082986, 42.321940377846204], [59.78360682969151, 42.279751057365445], [59.740603999574994, 42.30176299956281], [59.71533799994882, 42.30356399987874], [59.64527800037945, 42.292457000290376], [59.61164699990917, 42.30156200018621], [59.572199000083856, 42.287149000126306], [59.55288699983521, 42.2963879999063], [59.49299799985784, 42.28910400034936], [59.435149000426065, 42.29240499969103], [59.41640500029058, 42.306617000374324], [59.41651499996731, 42.326609999651794], [59.3036430001244, 42.36059400021299], [59.258523000436185, 42.41356200028617], [59.271513999671406, 42.426456999590926], [59.17653700038232, 42.5300660003457], [59.08487400013507, 42.51779800027754], [59.02227400014504, 42.52047799975992], [58.93258700018998, 42.575903999869745], [58.70702234420588, 42.73777476639242], [58.71078239888862, 42.759994428600066], [58.66963731091322, 42.86100365659354], [58.698623104372814, 42.86859297778374], [58.78803690827675, 42.85594358692702], [58.86467731020975, 42.77510663985959], [58.972759930026825, 42.731298160182], [58.99978058520588, 42.72840063268307], [58.91773605097802, 42.81418207844023], [58.84502592470671, 42.85937725155895], [58.816531415592394, 42.91392861691219], [58.76101625309763, 42.90923405330897], [58.74038229800471, 42.91392861691219], [58.733504312673965, 42.97618776575285], [58.757822902604914, 43.04212222795848], [58.73129353177114, 43.09543052879592], [58.711642147167424, 43.178181833924555], [58.74504950243267, 43.181058110443466], [58.77550914892811, 43.12278691528393], [58.800073380582084, 43.042842922163175], [58.81186421206376, 43.039960095881774], [58.82562018182596, 43.074545001850424], [58.84723670560953, 43.09471045692209], [58.86688809111257, 43.09471045692209], [58.98577897282138, 43.03851863192937], [59.01279962710118, 42.991291833651246], [59.156254739564645, 42.8172111956402], [59.20047035672166, 42.705713713317266], [59.28693645275512, 42.620143833970815], [59.344748086255215, 42.59364903037851], [59.40161808280834, 42.54802108910201], [59.46527277531839, 42.51010690640868], [59.51931408387793, 42.48320349944197], [59.534052623230025, 42.483567135814724], [59.53749161634504, 42.51555887813975], [59.47485282499791, 42.60068371628051], [59.44832345506347, 42.72396352879389], [59.36283992861985, 42.90842149605526], [59.345153682296655, 42.91781038763934], [59.365467986858164, 42.939261381307745], [59.42173377479395, 42.96604359023956], [59.47799956183036, 42.96934922198903], [59.51581017230166, 42.9663741612386], [59.509058277317706, 42.92313680142229], [59.52211194041375, 42.903616236700024], [59.545518508072746, 42.91056494831378], [59.58152861195594, 42.95488576276779], [59.586480001251125, 43.020646198063616], [59.62068960034485, 43.05894622229039], [59.623390357978685, 43.14816436609265], [59.65399894659419, 43.168924651651416], [59.69901157712263, 43.15871016084532], [59.79173759491413, 43.119813461622016], [59.86825906600314, 43.10662248374069], [59.88851475005573, 43.12475933987167], [59.85925654025721, 43.203509339984116], [59.87321045619763, 43.212399356045516], [59.931276748922855, 43.221946438377465], [59.97718963229573, 43.254444606933134], [60.00329695668927, 43.24621887330244], [60.02085188310798, 43.21890141217051], [60.046058955556425, 43.12236888161863], [60.06721489155404, 43.11940128703981], [60.08521994394534, 43.12566604085515], [60.12978244760195, 43.21659696507793], [60.14868775283758, 43.22383921540751], [60.17074394167963, 43.222851686955835], [60.186048236436996, 43.21001235028978]]]}}, {"type": "Feature", "properties": {"type": "\u0417\u0435\u043c\u043b\u0438, \u043f\u043e\u0434\u043b\u0435\u0436\u0430\u0449\u0438\u0435 \u043e\u0440\u043e\u0448\u0435\u043d\u0438\u044e \u0438 \u043e\u0441\u0432\u043e\u0435\u043d\u0438\u044e (\u043f\u0435\u0440\u0432\u0430\u044f \u043e\u0447\u0435\u0440\u0435\u0434\u044c)"}, "geometry": {"type": "Polygon", "coordinates": [[[60.37870229297647, 43.201451280152526], [60.338162747312985, 43.099210761567456], [60.31654622263011, 43.08156766021937], [60.22320214306449, 43.06824192612402], [60.21190259592811, 43.05959664616836], [60.21042874199292, 43.03473462560253], [60.19175992607978, 43.00733862667636], [60.163756702210094, 42.996881645371666], [60.16080899433966, 43.05743513372448], [60.186048236436996, 43.17740796100866], [60.213055813674934, 43.19025420896463], [60.28957728476392, 43.208036825738986], [60.37870229297647, 43.201451280152526]]]}}, {"type": "Feature", "properties": {"type": "\u041e\u0437\u0451\u0440\u0430"}, "geometry": {"type": "Polygon", "coordinates": [[[58.573453643570865, 43.31667255919132], [58.54876564182097, 43.31255209580263], [58.5184346694245, 43.29091504769133], [58.50503261076642, 43.30946156390013], [58.476817752137606, 43.29606743006792], [58.455656608165995, 43.31461236167121], [58.46623717970215, 43.32645753109023], [58.453540494398325, 43.3877062547399], [58.43449546419435, 43.38873511333486], [58.42038803487997, 43.410337075295836], [58.43237935042674, 43.421135146969505], [58.413334320222745, 43.432445333085695], [58.363958316722965, 43.43707161386396], [58.32798437188131, 43.41187977503164], [58.31035008478864, 43.449920525611844], [58.38088723226001, 43.510016902058446], [58.472754993748026, 43.54583887136687], [58.4983017949919, 43.54780429383317], [58.50640799163557, 43.53815523557569], [58.49928436368248, 43.51920996986428], [58.45654260136001, 43.48791929493956], [58.458999023985825, 43.47987048133768], [58.505671064667986, 43.4843421776494], [58.52090088836537, 43.47888666258944], [58.55332567404069, 43.45312278029211], [58.564379577655416, 43.433255572786486], [58.60392799128386, 43.43898373081457], [58.626281442034944, 43.45079633038637], [58.62210552285166, 43.46028052402704], [58.60392799128386, 43.45777541120634], [58.596804364230074, 43.473341206331675], [58.60638441390961, 43.48246410633351], [58.637826630894374, 43.48926065895228], [58.66951448960207, 43.48478932866464], [58.66951448960207, 43.427526869769274], [58.64838925106312, 43.377735782380505], [58.573453643570865, 43.31667255919132]]]}}, {"type": "Feature", "properties": {"type": "\u041d\u0435\u043e\u0440\u043e\u0448\u0430\u0435\u043c\u044b\u0435 \u0437\u0435\u043c\u043b\u0438"}, "geometry": {"type": "MultiPolygon", "coordinates": [[[[68.04665095158019, 41.01929817317221], [68.0838210001391, 40.99845199966012], [68.09080800038895, 40.972801000265974], [68.07468599975914, 40.961584000101595], [68.09725900020275, 40.93651599971366], [68.0898120003236, 40.92670599968221], [68.07283699992769, 40.925118000195596], [68.06675900022776, 40.88324400001062], [68.05332400030244, 40.86924600020279], [68.02763600010138, 40.86535100044836], [68.02205399989225, 40.8539259996852], [67.99591899976207, 40.85727100015657], [68.0114913770255, 40.86943875639355], [68.02500170506471, 40.89936057503058], [68.05423314024726, 40.91277901843699], [68.03605560867948, 40.956509674382005], [68.03777510523696, 40.96879930224604], [68.05816341770759, 40.984437311133036], [68.06160240992335, 40.99523280265179], [68.04665095158019, 41.01929817317221]]], [[[68.08522199999538, 41.0800050004305], [68.11212699966137, 41.06658400025145], [68.12423400039887, 41.03221199978401], [68.11011999973823, 41.035988000345974], [68.04661802470211, 41.020003470983454], [68.04557035049135, 41.04244508497277], [68.05184100026202, 41.041443000094425], [68.06810700033787, 41.0777950001392], [68.08522199999538, 41.0800050004305]]]]}}, {"type": "Feature", "properties": {"type": "\u041e\u0437\u0451\u0440\u0430"}, "geometry": {"type": "MultiPolygon", "coordinates": [[[[57.10363583872305, 42.03092595197114], [57.09940361028844, 41.95620587959768], [57.15583332844539, 41.96884083093965], [57.18969115862012, 42.04249439460069], [57.27165602820321, 42.118115454564645], [57.18573000023934, 41.99971800028556], [57.12068700000509, 41.92486800015814], [57.05624499960709, 41.924700999651456], [57.020168716413195, 41.91682423445092], [57.01899126283655, 41.951993670071886], [57.09940361028844, 42.163310165431824], [57.17840521462898, 42.32368806275394], [57.20803081726848, 42.324734932970834], [57.29549688027685, 42.272369909443796], [57.25176384832298, 42.23988156508221], [57.19533413106535, 42.18219946723167], [57.10363583872305, 42.03092595197114]]], [[[57.593163640789435, 42.20082085290011], [57.59220713085443, 42.14754609947295], [57.42837000027533, 42.15544399964091], [57.296550200431454, 42.13815910815634], [57.321595624238746, 42.158324540745014], [57.41188317167109, 42.165146875128244], [57.39636500014466, 42.24538480896182], [57.360391055303005, 42.288869624433694], [57.35686419842409, 42.315050711221375], [57.39001665704314, 42.32813714201552], [57.45138397519037, 42.328660542050436], [57.494411634689236, 42.32080907837632], [57.52826946486397, 42.29724876531832], [57.56706489592822, 42.250625545232765], [57.593163640789435, 42.20082085290011]]]]}}, {"type": "Feature", "properties": {"type": "\u041e\u0437\u0451\u0440\u0430"}, "geometry": {"type": "Polygon", "coordinates": [[[73.14016632311738, 40.80865069427415], [73.14007899984603, 40.78743900030969], [73.1323630001524, 40.78212099968442], [73.11882099978936, 40.78328200016421], [73.0938949996546, 40.769340000240845], [73.03020085658432, 40.764530149846564], [73.0868915139323, 40.79842481085637], [73.14016632311738, 40.80865069427415]]]}}, {"type": "Feature", "properties": {"type": "\u041d\u0435\u043e\u0440\u043e\u0448\u0430\u0435\u043c\u044b\u0435 \u0437\u0435\u043c\u043b\u0438"}, "geometry": {"type": "Polygon", "coordinates": [[[68.09066190732125, 40.09807637172724], [68.0405628488964, 40.090453722561286], [67.97581218138714, 40.10352059310094], [68.03630915634255, 40.20470307458726], [68.17242735044192, 40.20723974911516], [68.12138302720501, 40.12275332800374], [68.09066190732125, 40.09807637172724]]]}}, {"type": "Feature", "properties": {"type": "\u0411\u043e\u0433\u0430\u0440\u043d\u044b\u0435 \u0437\u0435\u043c\u043b\u0438"}, "geometry": {"type": "Polygon", "coordinates": [[[67.05453406889222, 40.61882979086221], [67.03213068598245, 40.59975334823849], [66.97349467094239, 40.6069208316311], [66.94749568337913, 40.67981646825547], [66.97430679562217, 40.705459677722], [66.99702745665182, 40.70790641734731], [67.01374643355113, 40.692898324198374], [67.04986371144116, 40.644098492951116], [67.05453406889222, 40.61882979086221]]]}}, {"type": "Feature", "properties": {"type": "\u041e\u0437\u0451\u0440\u0430"}, "geometry": {"type": "Polygon", "coordinates": [[[64.91805627317852, 39.911351600296136], [64.96718473558713, 39.818976830716224], [64.94851591967404, 39.81443057611022], [64.88170121004288, 39.825795646052256], [64.8276598996847, 39.8015478741351], [64.76281032923337, 39.80609498759367], [64.75494977521203, 39.81973451133865], [64.75494977521203, 39.83791629939776], [64.77754886768616, 39.86972275530098], [64.81979934566333, 39.90075758389543], [64.86106725494987, 39.91816116610499], [64.91805627317852, 39.911351600296136]]]}}, {"type": "Feature", "properties": {"type": "\u041e\u0437\u0451\u0440\u0430"}, "geometry": {"type": "Polygon", "coordinates": [[[64.13543985156792, 39.14322092670443], [64.22387108588195, 39.128299084834964], [64.2607174333629, 39.10303947489189], [64.31131975060606, 39.09500041263896], [64.35602665210837, 39.058621680246404], [64.42726292444443, 39.04214930104944], [64.42382393222873, 39.02030785322489], [64.38304730728747, 39.02528983475809], [64.29952891912438, 39.02145757260893], [64.27938625017536, 39.02873869163738], [64.27643854230496, 39.04138304988788], [64.24892660188122, 39.05555734379641], [64.23762705564417, 39.077770737729395], [64.20028942381794, 39.065898939384624], [64.17670776085453, 39.07049471336041], [64.1713036303583, 39.112991321392435], [64.11480589737431, 39.105718958163436], [64.10841919728819, 39.113756788345135], [64.1113669051586, 39.131360235886234], [64.13543985156792, 39.14322092670443]]]}}, {"type": "Feature", "properties": {"type": "\u0421\u0442\u0440\u043e\u044f\u0449\u0438\u0435\u0441\u044f \u0432\u043e\u0434\u043e\u0445\u0440\u0430\u043d\u0438\u043b\u0438\u0449\u0430"}, "geometry": {"type": "Polygon", "coordinates": [[[61.99421469665099, 40.92183258700435], [61.99728600014884, 40.94345000021741], [61.98486800035799, 40.98140300034822], [61.949297000356346, 41.01162700018597], [61.938277000283385, 41.04180899988546], [61.8949889996427, 41.05228299996054], [61.90059400001314, 41.06913500008023], [61.88750599990203, 41.10530299973368], [61.81547600031724, 41.13084999972773], [61.797624999993786, 41.15569499972451], [61.72843800021359, 41.18917200028761], [61.72139500007927, 41.21023799958408], [61.651249000141306, 41.229250000387246], [61.637717000239434, 41.25141199986393], [61.569861999831446, 41.26682700026589], [61.5569109997429, 41.278334000313905], [61.4975750000862, 41.281302999633795], [61.45139600012537, 41.296921999550705], [61.42118299989557, 41.2875140000711], [61.403120999734405, 41.257957000415274], [61.39817309621145, 41.20144880831588], [61.35942326437219, 41.23223450941515], [61.39886290230116, 41.24906077363584], [61.39886290230116, 41.287873954619386], [61.418582720815955, 41.3124436109839], [61.47517002717507, 41.32149323872204], [61.63378596285197, 41.2898140036134], [61.718666921940944, 41.25876624816385], [61.79711750716729, 41.204720639046286], [61.84856051155839, 41.18853056243557], [61.90086090170928, 41.16132215039698], [61.93258408938425, 41.134750575278865], [61.97631064442077, 41.05886471893166], [62.05433253631753, 41.02835578868878], [62.04918823614821, 40.94389517272407], [61.99421469665099, 40.92183258700435]]]}}, {"type": "Feature", "properties": {"type": "\u041e\u0437\u0451\u0440\u0430"}, "geometry": {"type": "Polygon", "coordinates": [[[68.04667912464197, 41.012000058755746], [68.06160240992335, 40.99523280265179], [68.03605560867948, 40.956509674382005], [68.05423314024726, 40.91277901843699], [68.02500170506471, 40.89936057503058], [68.0114913770255, 40.86943875639355], [67.9967528376734, 40.859741535843284], [67.97121099978783, 40.861079000395584], [67.93748720457091, 40.82318294353809], [67.87197183093531, 40.82312142811145], [67.89484800812915, 40.852440147894576], [67.8915118992548, 40.86401925198691], [67.86863572206094, 40.85750625740791], [67.82860241287113, 40.82927582342057], [67.79857743120357, 40.84701174109904], [67.71469811722437, 40.78908085389832], [67.66370330706201, 40.77350323718468], [67.65131204411563, 40.755747511038855], [67.65560132733947, 40.737987004996334], [67.70326002862748, 40.761545825179724], [67.72232350932256, 40.75973390619486], [67.72470644384737, 40.75248573562823], [67.69420487455538, 40.71550767883638], [67.6150914314245, 40.711881265208255], [67.5764878833092, 40.72022171995644], [67.58363668778298, 40.70317705807479], [67.62557634567185, 40.68794193826988], [67.66179695836297, 40.69555993704153], [67.70993224727545, 40.69156966580749], [67.71898740044821, 40.68104870583318], [67.65226521756578, 40.64979340484182], [67.64940569631591, 40.639991897108416], [67.66703941593636, 40.632549043103886], [67.74281675109222, 40.63581673965086], [67.74162528338019, 40.620021376385466], [67.72232350932256, 40.609489040886565], [67.63606125991923, 40.61330266638498], [67.60675115923868, 40.57415719040205], [67.6293890421706, 40.53707940598985], [67.64368665201744, 40.56652521976314], [67.67776262264698, 40.531079585254695], [67.6603671972884, 40.51489555028945], [67.65008570069459, 40.44794582993614], [67.63208064830332, 40.44941959034185], [67.56702667993738, 40.48228415618888], [67.52651531273153, 40.49128531856264], [67.48203854774083, 40.5254377513512], [67.42930946695839, 40.54653396427108], [67.40755336209804, 40.592913897058736], [67.3836537986839, 40.61803134217274], [67.33371121420123, 40.62734075707033], [67.28355428260407, 40.64775156518266], [67.29105638844163, 40.692021388076625], [67.30305975580313, 40.70474602880626], [67.33092471790144, 40.700831014639675], [67.34464285318516, 40.71192295058376], [67.34421416075497, 40.726926723389624], [67.33478294257878, 40.73393818699777], [67.27519479460415, 40.738014277836726], [67.26597792264306, 40.69610006536578], [67.25676105068197, 40.69365288866993], [67.24711548719006, 40.700831014639675], [67.24390029935938, 40.74306827977733], [67.18002523337788, 40.74437247570921], [67.16030541486305, 40.757087035938014], [67.1423003615725, 40.73589474214867], [67.14787335507134, 40.712738460311755], [67.1371560623025, 40.707192793612585], [67.12043708540324, 40.710455006993016], [67.08957128079004, 40.7287204239085], [67.0788539880212, 40.75154509333146], [67.06170631959105, 40.75154509333146], [67.05699071095262, 40.737851238843625], [67.04455865116086, 40.73491647221749], [67.042843884138, 40.74893695867377], [67.03512743298472, 40.75121908189516], [67.01540761357057, 40.741111937765766], [67.00619074160949, 40.74437247570921], [67.00404728395506, 40.774524817566316], [66.98347008237846, 40.78853688906622], [66.9453165190422, 40.80645496442515], [66.91069966285919, 40.80706572190559], [66.9038405947677, 40.81797696876214], [66.92698994822756, 40.84158466979671], [66.91884480464408, 40.84890947609148], [66.76708793795801, 40.83653821766467], [66.73557909559884, 40.85314121439557], [66.67331162533128, 40.85879667033014], [66.665595174178, 40.86514322018353], [66.67159685830842, 40.88613129142602], [66.63740869275705, 40.87453987111819], [66.60418508517358, 40.88104758667686], [66.60890069381202, 40.86282435875723], [66.5991479581118, 40.85676238857343], [66.55284925209138, 40.87108238524394], [66.5590652824369, 40.893369805971815], [66.51683914820818, 40.893857767322174], [66.52455559936145, 40.92459200381796], [66.51319526884663, 40.93483355072784], [66.44540839118434, 40.923047505438085], [66.43383371535373, 40.92824988292579], [66.41068436189384, 40.904429367221546], [66.3643856567727, 40.905405120849714], [66.33351985305882, 40.890767285781685], [66.31808695075222, 40.89304449690604], [66.31808695075222, 40.90573036876157], [66.30394012483697, 40.911259341345556], [66.28422030632213, 40.88491123786338], [66.23149122374105, 40.87384838869224], [66.21820178088751, 40.876451579776635], [66.20877056271138, 40.88848999641624], [66.1393225050296, 40.88946598656606], [66.11017146923797, 40.903453598304964], [66.04586771082624, 40.900526205220274], [66.05315547044863, 40.92784346220605], [66.04286686921068, 40.95222425824296], [66.04715378631823, 40.97367185697067], [66.09731071701606, 40.9899153623042], [66.18862205266566, 41.038297098732194], [66.20748448811867, 41.041218338655476], [66.21562963080288, 41.00810330172607], [66.23063384067927, 41.01232477786623], [66.25506926873179, 41.037323322713235], [66.27478908814594, 41.03212960659612], [66.29065068108412, 41.01670833072495], [66.30897725189874, 41.01492247499227], [66.36042025808847, 41.022065608341215], [66.38249788227148, 41.03245422678117], [66.4260100910929, 41.00794093182861], [66.46448517195317, 41.0011210301115], [66.53178977198047, 41.0295325947535], [66.54829440266462, 41.01849413879353], [66.53521930602619, 40.99381320301694], [66.54250706474933, 40.98699182910968], [66.60498888213124, 40.99072743122604], [66.6213863406072, 41.016221284884466], [66.64153485065287, 40.998360391119206], [66.69940823340329, 40.99933474810018], [66.70926814221104, 40.97383431230372], [66.73584702881736, 40.986504560237336], [66.74270609600956, 41.00988934361834], [66.76199722389282, 41.01670833072495], [66.82501490591322, 40.97838288895923], [66.86231108528841, 40.968310616042174], [66.87163513035705, 40.97204728475446], [66.85384442418085, 40.98837240176499], [66.85598788183535, 40.99730482176016], [66.89864270759493, 40.98041340075787], [66.92693636122414, 40.97797677940491], [66.94451272208454, 41.00315083684172], [66.98513126239789, 40.972859575808855], [67.03571688372728, 40.99332598630525], [67.06894049220999, 40.9899153623042], [67.13795985926015, 40.9709100596516], [67.1388172423219, 40.95791180558541], [67.1212408823609, 40.930932198162445], [67.14010331691458, 40.92800603085367], [67.18254379735839, 40.945886124245305], [67.26549564410874, 40.938084500998976], [67.28114289173112, 40.917113039335334], [67.30943654536031, 40.92394169325461], [67.31779603425963, 40.91028367405238], [67.35573525138079, 40.905405120849714], [67.35659263444256, 40.89906245966483], [67.33280024413602, 40.88661930583634], [67.28178593037643, 40.88466722391331], [67.27728466705378, 40.86188865463776], [67.30279182438323, 40.87230269511331], [67.34308884537398, 40.872628107601145], [67.36002216758902, 40.88678197610739], [67.39303142985665, 40.88434187168007], [67.40546348964841, 40.877671789821306], [67.37738418223427, 40.85570453763438], [67.37759852844937, 40.84951983876959], [67.3902449335569, 40.84724112038145], [67.41939597114718, 40.85700650594554], [67.44822548941487, 40.88775799323684], [67.46880269099142, 40.89637884220986], [67.49688199840557, 40.887107316649406], [67.49002293121339, 40.877671789821306], [67.45444151796175, 40.86790947274403], [67.45186936787707, 40.842195101722616], [67.4632296992912, 40.838939401232444], [67.50631321568244, 40.86514322018353], [67.5264617266274, 40.84789218997264], [67.5598996813253, 40.86937391257607], [67.56633005608728, 40.863515958095036], [67.55904229736421, 40.840404485878366], [67.56675874761815, 40.839102190213964], [67.58755029630919, 40.861237722642834], [67.61370049138463, 40.87392973956588], [67.64542367816028, 40.87425514395977], [67.65013928679872, 40.86839762385131], [67.6428515280756, 40.86253958123672], [67.60255450618557, 40.840567271262614], [67.60105408537775, 40.83079944313982], [67.61455787534572, 40.82982258064766], [67.64220849032961, 40.833078732597464], [67.67371733089016, 40.86400414067862], [67.6942945342654, 40.870838320931796], [67.70093925524247, 40.861237722642834], [67.68893588698164, 40.84284622167587], [67.70822701486492, 40.83926497829617], [67.73437720904103, 40.857169249960975], [67.7429510441554, 40.88905932572737], [67.754525719986, 40.898818498774745], [67.77467423093105, 40.89849321668867], [67.79825227502255, 40.91508056431666], [67.83640583835881, 40.9261364671243], [67.86126995704295, 40.92516102106429], [67.88141846798794, 40.896541488199155], [67.92900324860108, 40.90857622211502], [67.98066060010666, 40.970097745214844], [68.04667912464197, 41.012000058755746]]]}}, {"type": "Feature", "properties": {"type": "\u041d\u0435\u043e\u0440\u043e\u0448\u0430\u0435\u043c\u044b\u0435 \u0437\u0435\u043c\u043b\u0438"}, "geometry": {"type": "Polygon", "coordinates": [[[71.06841799969101, 40.16555599960975], [71.09720008771393, 40.077215637291886], [71.03689578621164, 40.0291674225386], [71.02418599958429, 40.036533999644405], [71.01020499966108, 40.050985999704146], [71.00590800025407, 40.07471000016641], [71.01932999957988, 40.1202440000606], [71.0006010001361, 40.185134000433834], [71.02094999964282, 40.17814700018396], [71.04509899991899, 40.18360199993242], [71.06841799969101, 40.16555599960975]]]}}, {"type": "Feature", "properties": {"type": "\u041d\u0435\u043e\u0440\u043e\u0448\u0430\u0435\u043c\u044b\u0435 \u0437\u0435\u043c\u043b\u0438"}, "geometry": {"type": "Polygon", "coordinates": [[[71.79118457420878, 40.010484025017774], [71.81670199999735, 40.001621000308944], [71.82271500029708, 39.98772699990116], [71.85775955605872, 39.9821496824619], [71.83979617735179, 39.95519987137703], [71.80246099977533, 39.95734700006403], [71.78363400030895, 39.965908000054185], [71.77430700006806, 39.950316999629884], [71.7451000003648, 39.933733000177874], [71.74659099987478, 39.95427100030645], [71.72182800006219, 39.95870199959767], [71.71683399998913, 39.95219099971491], [71.7153269997413, 39.96723199995687], [71.73872300036624, 39.97700400003463], [71.76296200029611, 39.977357000125494], [71.78770500008572, 39.99103300037274], [71.78158100006317, 39.99534899975657], [71.79118457420878, 40.010484025017774]]]}}, {"type": "Feature", "properties": {"type": "\u041d\u0435\u043e\u0440\u043e\u0448\u0430\u0435\u043c\u044b\u0435 \u0437\u0435\u043c\u043b\u0438"}, "geometry": {"type": "Polygon", "coordinates": [[[72.25141216993575, 40.47494790692041], [72.32598187026711, 40.493312546037195], [72.38171779114322, 40.518960574071286], [72.37834699991419, 40.509986000153845], [72.39052799956761, 40.505258999803054], [72.41397799998475, 40.50882399962791], [72.42389599960073, 40.501989000092344], [72.42383699957793, 40.483723999562976], [72.43629600036019, 40.47979600008539], [72.43469999960536, 40.45722999996457], [72.41769899980903, 40.4498650002696], [72.4043799998372, 40.42191800021562], [72.41606199986147, 40.39595599996948], [72.36563099987082, 40.402502999713704], [72.3122539998223, 40.44464799980539], [72.27696200009625, 40.433886999985134], [72.26648699997513, 40.45060200008231], [72.24330100004119, 40.46062600008986], [72.25141216993575, 40.47494790692041]]]}}, {"type": "Feature", "properties": {"type": "\u041d\u0435\u043e\u0440\u043e\u0448\u0430\u0435\u043c\u044b\u0435 \u0437\u0435\u043c\u043b\u0438"}, "geometry": {"type": "Polygon", "coordinates": [[[72.67839684783631, 40.54704963013638], [72.66339300038668, 40.513673000208826], [72.6458960002003, 40.50942400031743], [72.60823099986084, 40.516177999714955], [72.57493400040386, 40.54016100042987], [72.53701700013448, 40.53985199967007], [72.51177841634092, 40.552755100067884], [72.58687507532454, 40.55750920238784], [72.67839684783631, 40.54704963013638]]]}}, {"type": "Feature", "properties": {"type": "\u041d\u0435\u043e\u0440\u043e\u0448\u0430\u0435\u043c\u044b\u0435 \u0437\u0435\u043c\u043b\u0438"}, "geometry": {"type": "Polygon", "coordinates": [[[73.14016632311738, 40.80865069427415], [73.0868915139323, 40.79842481085637], [73.06139822324945, 40.781709315232774], [72.99632300030629, 40.835393000286786], [73.04621799986086, 40.851423000271325], [73.05050199956769, 40.8394369997178], [73.14023699993766, 40.84346200007132], [73.1489459995583, 40.81788100030797], [73.14016632311738, 40.80865069427415]]]}}, {"type": "Feature", "properties": {"type": "\u041d\u0435\u043e\u0440\u043e\u0448\u0430\u0435\u043c\u044b\u0435 \u0437\u0435\u043c\u043b\u0438"}, "geometry": {"type": "Polygon", "coordinates": [[[71.38595566482212, 41.13739411444686], [71.375420533331, 41.09732685225248], [71.34873078100082, 41.082029437308734], [71.32204102867058, 41.078969522825275], [71.29292493603702, 41.085701144392374], [71.26785274480841, 41.10528009040388], [71.24608599287433, 41.1847911265093], [71.27454799959054, 41.17626699962238], [71.27489800044242, 41.142987000050084], [71.2790460001728, 41.133292999972014], [71.29078199998933, 41.136960000004024], [71.2901050002456, 41.125133999634436], [71.31196900036912, 41.13170699967833], [71.32231800007571, 41.159580999963225], [71.33732000031779, 41.17097300010391], [71.3804140001061, 41.16805799967698], [71.38595566482212, 41.13739411444686]]]}}, {"type": "Feature", "properties": {"type": "\u041d\u0435\u043e\u0440\u043e\u0448\u0430\u0435\u043c\u044b\u0435 \u0437\u0435\u043c\u043b\u0438"}, "geometry": {"type": "Polygon", "coordinates": [[[71.2108579547309, 41.18896880566592], [71.19263617112244, 41.141363355934175], [71.17079910119764, 41.14197476362449], [71.16168098199175, 41.180807387051345], [71.1672519996801, 41.17698500035754], [71.1945240000826, 41.19551399957146], [71.2108579547309, 41.18896880566592]]]}}, {"type": "Feature", "properties": {"type": "\u041d\u0435\u043e\u0440\u043e\u0448\u0430\u0435\u043c\u044b\u0435 \u0437\u0435\u043c\u043b\u0438"}, "geometry": {"type": "Polygon", "coordinates": [[[60.08392672333968, 41.48050412246732], [60.2412163181786, 41.44460960395014], [60.42955050105485, 41.36614416102424], [60.49021244764639, 41.30394136460233], [60.47905325140648, 41.21632682442345], [60.36178600032372, 41.297410999617966], [60.234538000328484, 41.33402600009987], [60.095965999731156, 41.41297000016545], [60.07537599990251, 41.43737499965658], [60.0739269996314, 41.45289300031175], [60.08392672333968, 41.48050412246732]]]}}, {"type": "Feature", "properties": {"type": "\u041d\u0435\u043e\u0440\u043e\u0448\u0430\u0435\u043c\u044b\u0435 \u0437\u0435\u043c\u043b\u0438"}, "geometry": {"type": "Polygon", "coordinates": [[[60.63598472901208, 41.240583801801044], [60.61727558569975, 41.23409535331796], [60.60674959132063, 41.24241741872896], [60.59108989438316, 41.24158307359999], [60.58187830683845, 41.23518606818254], [60.58272599970519, 41.22234700041377], [60.51389920088747, 41.21527614467839], [60.509475234294655, 41.22419843471004], [60.51736924939137, 41.260975898618874], [60.63598472901208, 41.240583801801044]]]}}, {"type": "Feature", "properties": {"type": "\u041e\u0437\u0451\u0440\u0430"}, "geometry": {"type": "Polygon", "coordinates": [[[60.51736924939137, 41.260975898618874], [60.51389920088747, 41.21527614467839], [60.47905325140648, 41.21632682442345], [60.491270505429554, 41.27055580890352], [60.51736924939137, 41.260975898618874]]]}}, {"type": "Feature", "properties": {"type": "\u041e\u0437\u0451\u0440\u0430"}, "geometry": {"type": "Polygon", "coordinates": [[[60.61727558569975, 41.23409535331796], [60.58552352349187, 41.22309965562464], [60.581509842905014, 41.22656301856853], [60.59108989438316, 41.24158307359999], [60.60674959132063, 41.24241741872896], [60.61727558569975, 41.23409535331796]]]}}, {"type": "Feature", "properties": {"type": "\u041e\u0437\u0451\u0440\u0430"}, "geometry": {"type": "Polygon", "coordinates": [[[60.09308830857861, 41.47909884633475], [60.08392672333968, 41.48050412246732], [60.0891270000111, 41.4988720000428], [60.116910999742906, 41.55037500000628], [60.1377590897103, 41.556034615305286], [60.14528579830101, 41.54272273526606], [60.175616770697445, 41.54537236284432], [60.198188657780406, 41.53901307139619], [60.1692684275959, 41.52735273514065], [60.14951802673561, 41.52735273514065], [60.14881265517994, 41.502965186993826], [60.113544081893906, 41.501374374427876], [60.09308830857861, 41.47909884633475]]]}}, {"type": "Feature", "properties": {"type": "\u041e\u0437\u0451\u0440\u0430"}, "geometry": {"type": "Polygon", "coordinates": [[[60.31575556206957, 41.450944170337266], [60.289226192135104, 41.44789470597596], [60.29217389910622, 41.46230908019992], [60.300648558784026, 41.47034646341859], [60.33491566322732, 41.47034646341859], [60.31575556206957, 41.450944170337266]]]}}, {"type": "Feature", "properties": {"type": "\u041e\u0437\u0451\u0440\u0430"}, "geometry": {"type": "Polygon", "coordinates": [[[60.272461104296546, 41.44179534557878], [60.26177566281665, 41.440963569812936], [60.21571772779094, 41.45288466179778], [60.24777405133146, 41.46230908019992], [60.27356649429833, 41.453439077651346], [60.272461104296546, 41.44179534557878]]]}}, {"type": "Feature", "properties": {"type": "\u041e\u0437\u0451\u0440\u0430"}, "geometry": {"type": "Polygon", "coordinates": [[[60.17813445424173, 41.461477568834766], [60.15676357218115, 41.46563501504397], [60.15934281701743, 41.47200924423129], [60.178502917275864, 41.48170794686433], [60.20613767811142, 41.48420166257671], [60.208348459014246, 41.4695150563748], [60.17813445424173, 41.461477568834766]]]}}, {"type": "Feature", "properties": {"type": "\u041e\u0437\u0451\u0440\u0430"}, "geometry": {"type": "Polygon", "coordinates": [[[60.86974039670201, 41.842011311572826], [60.80857546018939, 41.8431134109552], [60.7835199432908, 41.86735476261225], [60.816681655933735, 41.87947196795699], [60.897743620571696, 41.859642610218316], [60.895532839668874, 41.848623621882716], [60.86974039670201, 41.842011311572826]]]}}, {"type": "Feature", "properties": {"type": "\u041e\u0437\u0451\u0440\u0430"}, "geometry": {"type": "Polygon", "coordinates": [[[61.29245541368647, 41.554696219055295], [61.284630268672004, 41.548727536446684], [61.27324838410568, 41.56141012038079], [61.255153190867134, 41.60904068727797], [61.253679337831215, 41.64884944114886], [61.27652407292765, 41.65990303179955], [61.2993688080241, 41.60516907079602], [61.29245541368647, 41.554696219055295]]]}}, {"type": "Feature", "properties": {"type": "\u041d\u0435\u043e\u0440\u043e\u0448\u0430\u0435\u043c\u044b\u0435 \u0437\u0435\u043c\u043b\u0438"}, "geometry": {"type": "Polygon", "coordinates": [[[71.80920208580767, 41.40190076041182], [71.78292699288647, 41.38775393899311], [71.7498427091737, 41.38739799901851], [71.72621107897817, 41.400922333998544], [71.719515000417, 41.432654999628596], [71.73372800024708, 41.43343799976396], [71.75472099977435, 41.41194699975426], [71.77412099958451, 41.44563900033966], [71.78789299976215, 41.44817000014546], [71.78976299966274, 41.420191999561204], [71.80920208580767, 41.40190076041182]]]}}, {"type": "Feature", "properties": {"type": "\u041d\u0435\u043e\u0440\u043e\u0448\u0430\u0435\u043c\u044b\u0435 \u0437\u0435\u043c\u043b\u0438"}, "geometry": {"type": "Polygon", "coordinates": [[[71.88927664699969, 41.19125942298405], [71.80031668326835, 41.17963296958595], [71.82877235695877, 41.22979118901219], [71.85160490893945, 41.351751677198195], [71.87732699974129, 41.36488699963535], [71.89414900027617, 41.34623200000687], [71.8818570000006, 41.33318700008004], [71.90813599957674, 41.30203799985384], [71.89685500005828, 41.25966600008588], [71.90762600033969, 41.236277999829895], [71.88559599975564, 41.20895299968123], [71.88927664699969, 41.19125942298405]]]}}, {"type": "Feature", "properties": {"type": "\u0411\u043e\u0433\u0430\u0440\u043d\u044b\u0435 \u0437\u0435\u043c\u043b\u0438"}, "geometry": {"type": "Polygon", "coordinates": [[[71.93854804495633, 41.14962950509761], [71.81175758224668, 41.14195684283408], [71.79285227791036, 41.1655338077391], [71.80031668326835, 41.17963296958595], [71.88927664699969, 41.19125942298405], [71.88626299993757, 41.16742300007143], [71.93854804495633, 41.14962950509761]]]}}, {"type": "Feature", "properties": {"type": "\u0411\u043e\u0433\u0430\u0440\u043d\u044b\u0435 \u0437\u0435\u043c\u043b\u0438"}, "geometry": {"type": "Polygon", "coordinates": [[[69.77120468474845, 41.34601616541374], [69.66525445822674, 41.30638749268871], [69.65231397211215, 41.28198854833289], [69.6595929948209, 41.26063192862069], [69.74855883472247, 41.19041062215256], [69.6960132642008, 41.01843635735207], [69.70195472612977, 40.99335999596706], [69.72911569533312, 40.975993805769576], [69.78428641298763, 40.97342064484695], [69.91414979527691, 41.006863847088944], [69.97950587559573, 41.01522197711262], [69.99947141767183, 41.006511797581425], [69.83604135802233, 40.94320220102083], [69.75765957363045, 40.93646190459327], [69.69281278837951, 40.939219383367906], [69.65968234336549, 40.9474911200192], [69.56715951569912, 41.00475189988032], [69.48857571659606, 41.04200572568374], [69.47564676338749, 41.09337654689018], [69.48372735903047, 41.125768278883015], [69.5386754144389, 41.15997600918553], [69.56938168022043, 41.20332067430974], [69.60251212523445, 41.34322995509842], [69.61382495895474, 41.35358158532193], [69.76574017017276, 41.35540817135006], [69.77120468474845, 41.34601616541374]]]}}, {"type": "Feature", "properties": {"type": "\u041c\u043e\u0440\u0435"}, "geometry": {"type": "MultiPolygon", "coordinates": [[[[61.18767064108725, 44.183257524615094], [61.155000212789616, 44.16575525979743], [61.14566580483307, 44.17547938626472], [61.12197815946456, 44.29613261902518], [61.138861000035206, 44.22551600026327], [61.18767064108725, 44.183257524615094]]], [[[58.63158288614136, 45.57338472662388], [59.99920099982632, 45.00074700037384], [61.10670199999737, 44.359430000094505], [61.11468268455832, 44.32678216546463], [61.09979210222376, 44.311690155676224], [61.073754016634595, 44.36272862702458], [61.06687603220318, 44.34580890975344], [61.06834988613838, 44.3228889526631], [61.096844395252674, 44.25972429803795], [61.072771447944035, 44.21954920263362], [61.07964943237545, 44.202234496824644], [61.11846091903623, 44.18951022211911], [61.110109079770275, 44.158394791786286], [61.11747834944634, 44.10319499365408], [61.10617880320928, 44.09115737381381], [61.09389668738224, 44.10708898976514], [61.09193154820246, 44.14459971320627], [61.039364092678795, 44.15874846906666], [61.05705033900198, 44.19657960476502], [61.05754162424659, 44.22308218659368], [61.025116837671966, 44.305604868769706], [61.01578242971539, 44.31512938621228], [60.99957003732744, 44.31724573380364], [60.989744345025535, 44.30913264925243], [60.99220076765135, 44.2967844836171], [61.01578242971539, 44.26925630773246], [60.9951484764211, 44.2314721679063], [60.995639759867046, 44.21840093655402], [61.01578242971539, 44.2032063761734], [61.00399159913302, 44.18588683201176], [61.01381729233423, 44.16891577784093], [61.006448021758835, 44.14389218507631], [61.02216912980156, 44.11841550936833], [61.0118521531544, 44.095406228015065], [61.01725628365062, 44.045551375995274], [61.008413160938694, 44.01010482867497], [61.0216778463556, 43.982796441702476], [61.004482884377694, 43.97818468677395], [60.9799186518244, 43.999466702326515], [60.97426887870586, 43.96062123927886], [60.949213361807274, 43.946779688232084], [60.94430051565632, 43.92973947619594], [60.949213361807274, 43.918731725788575], [60.972795024770626, 43.921572631971465], [60.97721658567695, 43.91198402704128], [60.89762847587354, 43.84873131799599], [60.90696288383009, 43.80889720234404], [60.918753715311766, 43.80071366760171], [60.93140429417286, 43.8017811502799], [60.92673708974496, 43.836108224215245], [60.93287814810811, 43.84073107677784], [60.93852792212594, 43.826327921596366], [60.95645981107146, 43.83379666168662], [60.97095270690199, 43.805339282881675], [60.98274353928297, 43.805161380793145], [60.9928148742071, 43.819213961355274], [61.023274520702614, 43.82828411072319], [61.053488526374444, 43.89884155859113], [61.0620860073634, 43.89990727320213], [61.07068348835236, 43.88232052966878], [61.0230288780803, 43.77958248004745], [61.03039814775639, 43.77709072935374], [61.06036651080585, 43.79595424669116], [61.099914924434245, 43.84308681580398], [61.09180872689131, 43.81285513575596], [61.0972128582868, 43.80823010773333], [61.126689936091736, 43.811254205817015], [61.11809245510278, 43.79453079436069], [61.07829839975142, 43.78794688194313], [61.068718349172514, 43.77887056232663], [61.05189185112806, 43.738188054135435], [61.044276938829725, 43.7356945650522], [61.03395996218256, 43.75154424467121], [61.01823885324051, 43.73854425761146], [61.02831018816471, 43.70326970383382], [61.0243799107044, 43.661108801929736], [61.0464877197325, 43.64095373492699], [61.04992671194828, 43.60151573196549], [61.03911845005649, 43.59758835122148], [61.02831018816471, 43.62079185735836], [60.961986762878844, 43.66859832894977], [60.94675693918146, 43.66182212978754], [60.9074541690747, 43.66217879191777], [60.90155875333386, 43.6493376431178], [60.93791381557019, 43.59008990832268], [60.94184409303051, 43.55472742782859], [60.93054454589411, 43.55901490161647], [60.91531472309606, 43.582590522934304], [60.895172053247734, 43.573304267378084], [60.87208167462962, 43.590446997630856], [60.84063945764489, 43.57437583117974], [60.82590091919213, 43.58973281541716], [60.82737477312737, 43.60794179807556], [60.84456973510526, 43.62221947085197], [60.843095882069356, 43.6372073526373], [60.830322480997786, 43.64719718290371], [60.819514219106004, 43.64505664624727], [60.810179811149396, 43.629713882090016], [60.792002279581595, 43.584019050139084], [60.7880720030206, 43.532928013417106], [60.77480731670437, 43.529711034136994], [60.76891190186285, 43.54043362571133], [60.77136832538798, 43.60758481308869], [60.75368207816542, 43.58794732211128], [60.73550454659762, 43.59723130418138], [60.73157427003655, 43.55437012358237], [60.72064318683367, 43.5550847293768], [60.70934363969728, 43.57973336690139], [60.70099180133064, 43.57973336690139], [60.69411381599986, 43.54865297865211], [60.68134041582761, 43.561515787623534], [60.675445000086775, 43.59508897517611], [60.667093161720125, 43.59544603480674], [60.6607064607346, 43.54257791433935], [60.64596792228183, 43.53864666111457], [60.641546361375504, 43.566160010775945], [60.63122938292973, 43.568303376699525], [60.59094404323304, 43.51147822214227], [60.57522293519036, 43.548295639332366], [60.58897890495256, 43.58044766872496], [60.586522482326764, 43.59723130418138], [60.54721971132068, 43.610797606024725], [60.55458898099676, 43.531855705876175], [60.53002474934277, 43.563659319921726], [60.53149860327795, 43.59651720290662], [60.52069034138622, 43.59937355584497], [60.51626877868124, 43.52899612706967], [60.50153024022846, 43.50790251139182], [60.49366968620711, 43.51970155008649], [60.4951435401423, 43.57830473807325], [60.48138757038015, 43.57544737699492], [60.465175177092824, 43.55043964467392], [60.4420848002734, 43.53864666111457], [60.42980268444637, 43.54972498492015], [60.464192608402186, 43.589375720713015], [60.4632100388123, 43.604728852254766], [60.430785253136996, 43.610797606024725], [60.39197376737553, 43.56115852474618], [60.38313064376426, 43.56124784091519], [60.378217796714004, 43.56482036806557], [60.40032560574218, 43.60017688065858], [60.38607835073536, 43.608745007775944], [60.30501638699671, 43.550484311302], [60.27578495091478, 43.55102030094616], [60.229849838099604, 43.57495625362827], [60.210689736941845, 43.573884699719144], [60.192757847996354, 43.53565337380422], [60.19889890635949, 43.49730821170465], [60.182686513072156, 43.4640379976555], [60.153086613956134, 43.44540488212965], [60.1556658578931, 43.46902523302816], [60.1442434912442, 43.473497737830364], [60.11230998901481, 43.46983030882177], [60.104449434993505, 43.48378323370934], [60.115994623852885, 43.50390193032984], [60.09057064392016, 43.50568993184492], [60.04979401987816, 43.48262061355052], [60.01687794895821, 43.47600219504534], [59.98297931024701, 43.44826845032879], [59.92427079636025, 43.45578466562989], [59.890249335438504, 43.43166680797685], [59.88337135010779, 43.41734364659209], [59.848244499184325, 43.42217809614226], [59.81250354170515, 43.373166550995556], [59.797273718007716, 43.38069215881614], [59.779096187339235, 43.371016203634944], [59.76877920979274, 43.403263340830556], [59.73389800059231, 43.454017544574064], [59.7034383531975, 43.56718705004237], [59.71080762287358, 43.60182812586738], [59.74224983895896, 43.61146691566569], [59.78548288742536, 43.609682071670306], [59.788430595295765, 43.62288865278913], [59.76484893233243, 43.64251465762538], [59.649397043738645, 43.6489363125608], [59.54549034400424, 43.695205286095124], [59.52780409678173, 43.72549689156835], [59.52583895760188, 43.75399255541214], [59.508152712177996, 43.774999355935556], [59.49046646495543, 43.77143940400532], [59.47572792560333, 43.74758222204196], [59.44821598607894, 43.72870333619005], [59.41824762392877, 43.72692199865139], [59.3239209738739, 43.77215141165839], [59.28756591073824, 43.77749119566221], [59.21190807839513, 43.770371377237325], [59.19373054592803, 43.75363644276768], [59.18685256059723, 43.71195666826566], [59.170640168209275, 43.704472590237906], [59.15442777582126, 43.677022921570654], [59.123476844081154, 43.69262087735165], [59.023746062630714, 43.82508303955069], [58.92155885855453, 43.89582193103734], [58.798000774216405, 43.93160348930962], [58.73118606368593, 43.9127831367324], [58.79357921241081, 43.92521234297533], [58.856463644581595, 43.91384860043262], [58.877588884919135, 43.904969154103235], [58.87365860835814, 43.89146984185976], [58.886432007631136, 43.88152100898742], [58.91689165502589, 43.87370289397341], [58.96552883398857, 43.843486837847365], [58.96356369480871, 43.837441775817354], [58.94489487889559, 43.84135335727166], [58.87218475442295, 43.86339562011182], [58.85056822974008, 43.81681280656584], [58.853024653265194, 43.80293756601588], [58.88004530844425, 43.7976000707867], [58.92327835601139, 43.803293381884146], [58.9581595652118, 43.796176658026404], [59.01514858164177, 43.76948133979204], [59.0441343751014, 43.736540581582624], [59.04315180641078, 43.72478432543631], [59.00237518236883, 43.68308432698018], [58.98567150383688, 43.675953198681206], [58.97682838112496, 43.68379739313525], [58.98567150383688, 43.713025745441826], [58.97879351940542, 43.732978324690016], [58.94489487889559, 43.73867783391495], [58.77122576165965, 43.71560926925241], [58.67493397332425, 43.69493793923453], [58.63120964141189, 43.67390284064362], [58.614505962879946, 43.65357374403311], [58.54228712185324, 43.65286031724991], [58.51084490576784, 43.63073982957951], [58.44437066507418, 43.620805895775504], [58.4528351219434, 43.63720162935174], [58.447192151296804, 43.64949547233823], [58.41756654865736, 43.66281094426972], [58.36960128916819, 43.72320532816343], [58.34702940118597, 43.78353846282982], [58.35126162962058, 43.90708088997115], [58.38653020380594, 43.96518928625659], [58.403459119342926, 44.013060213158376], [58.41474506333407, 44.094961586108354], [58.366779802945594, 44.184363027931454], [58.25533110974299, 44.258422149862376], [58.245455909762484, 44.38906440170081], [58.22429476489157, 44.476501532619686], [58.23981293821656, 44.522946243574324], [58.30611785635402, 44.59758348658868], [58.311760827899946, 44.620761912432386], [58.24968813819709, 44.67917050061816], [58.21865179424498, 44.743552632248225], [58.20313362091991, 44.81288384281515], [58.22429476489157, 44.87711613120456], [58.32410482877485, 45.07487839632096], [58.355846545181976, 45.10286000678394], [58.46870597969722, 45.34213635530858], [58.57063215824757, 45.43582495885482], [58.58967718755223, 45.46561346918628], [58.59038255910785, 45.52910936030878], [58.63158288614136, 45.57338472662388]], [[59.11141568988221, 45.24284611305774], [59.12794122081072, 45.23776401719567], [59.13843979306204, 45.25973735779286], [59.117248230421524, 45.324371712384675], [59.1020836246596, 45.33191441361935], [59.08827994586288, 45.32876031583595], [59.11141568988221, 45.24284611305774]], [[59.27006078697581, 45.16587895504977], [59.15652066819434, 45.054779400249174], [59.13980071912794, 45.05202323898134], [59.13513468741592, 45.05863780119364], [59.15107696393078, 45.073793268044945], [59.136690030720395, 45.098033601669435], [59.108305000575406, 45.09032189174195], [59.109860344779115, 45.067180471201816], [59.0841971676652, 45.03024486420917], [59.0841971676652, 45.01011312292235], [59.1191924100018, 45.012319688702746], [59.127357967296405, 45.025005781791435], [59.17012992885321, 45.02335123427207], [59.17557363401608, 45.042926958012735], [59.200070303201976, 45.046510515348075], [59.210957711729066, 45.04072157933746], [59.210957711729066, 45.012319688702746], [59.26967195070001, 45.01204387292643], [59.27472681958709, 44.994112962443296], [59.263450574784265, 44.977280352606215], [59.27161613117954, 44.97176038133659], [59.305444865588136, 44.99162977509411], [59.31633227411521, 45.081507225378175], [59.34044010792468, 45.134099462620156], [59.32838619057031, 45.150335372279635], [59.31555460156369, 45.14730869134308], [59.289113751898185, 45.09032189174195], [59.283670047634644, 45.0575354266187], [59.27161613117954, 45.04788874616877], [59.2568403625927, 45.04899130690336], [59.26033988727601, 45.08894468974569], [59.28094819640223, 45.11125123815418], [59.311666242403184, 45.180868279347685], [59.29183560492929, 45.1962660163636], [59.25023015040119, 45.18966749895594], [59.246341790341425, 45.176193135704686], [59.27006078697581, 45.16587895504977]], [[59.114331960151894, 44.975624417432975], [59.078947882438854, 44.97755633655572], [59.087891109587076, 44.95795811177748], [59.07544835685621, 44.9275813521977], [59.08478042207889, 44.923990301711115], [59.101111534869524, 44.937248440063506], [59.114331960151894, 44.975624417432975]], [[60.96541040276793, 44.393008802114586], [60.958041133091854, 44.38790081656947], [60.96074319923928, 44.37239797398735], [60.98457050302637, 44.35301360889099], [60.99218541532469, 44.33238860564967], [61.012082442550756, 44.33168334920725], [61.00815216598972, 44.384730117301096], [60.96541040276793, 44.393008802114586]], [[60.76571855316875, 44.384306927822536], [60.75949717725297, 44.38848943364052], [60.74277722818658, 44.380681846090404], [60.71828055900066, 44.33130247642822], [60.736555852270826, 44.29389135919893], [60.746665588246344, 44.29221567311487], [60.74433257239036, 44.34860397209571], [60.76571855316875, 44.384306927822536]], [[60.867644761396654, 44.128744626863075], [60.87943559197902, 44.11989752914769], [60.894665414777144, 44.124498186442224], [60.893682846086506, 44.14042075521371], [60.91087780806447, 44.16058313640269], [60.91087780806447, 44.210782065440014], [60.89761312264755, 44.23021374836583], [60.88729614600039, 44.22597465900338], [60.897121839201574, 44.18639500382642], [60.87894430673441, 44.183920386116995], [60.867644761396654, 44.128744626863075]], [[60.97228838719934, 44.21166546319061], [60.960497555717666, 44.19010673433837], [60.942074383326194, 44.20583478784522], [60.9278271283194, 44.2081317903499], [60.92561634741655, 44.20093126856324], [60.92807277004236, 44.06160606596722], [60.92144042823321, 44.04344733382744], [60.86322319869175, 44.0436245191563], [60.859047278609076, 44.037068302260366], [60.862731914346384, 44.028030157066155], [60.885576650342216, 44.01881336514475], [60.88582229206521, 44.00799951936238], [60.857082141227856, 44.00126202072573], [60.858310353440125, 43.99079964169016], [60.891717707806045, 43.959135202227856], [60.88483972337457, 43.940856109322056], [60.89515670002174, 43.8987749512031], [60.886559219032776, 43.87976646495047], [60.89663055395698, 43.87354741018486], [60.91308858896724, 43.87976646495047], [60.9315117631574, 43.950218196612525], [60.952391359973326, 43.97678778602755], [60.94796979816771, 43.992395717988074], [60.958778060059494, 44.009240553209], [60.983096649091124, 44.02395367682078], [60.99758954582091, 44.05505185276086], [60.98751821089677, 44.06939931382732], [60.98899206483196, 44.20742503024098], [60.97228838719934, 44.21166546319061]], [[60.79788234299577, 43.85901892818106], [60.80304083086969, 43.903614920791995], [60.812620882347915, 43.90183883079743], [60.81311216579387, 43.88602928072681], [60.82244657375042, 43.87856712637181], [60.828833274735864, 43.8847856541347], [60.82244657375042, 43.95891340333094], [60.845045667123884, 43.986055493965914], [60.8479933749943, 44.01318509391701], [60.84037846269591, 44.0252386848175], [60.81483166235137, 43.9865875670626], [60.78953050372979, 44.006980079367224], [60.81999015112461, 44.017350952384625], [60.8160598736643, 44.028517543749665], [60.79223256897791, 44.03188483032073], [60.789776146352146, 44.05580473909748], [60.79321513856785, 44.06058755407241], [60.81163831185865, 44.04287147723693], [60.820972719815245, 44.047123821707025], [60.819253224157016, 44.077944132315906], [60.834237405232095, 44.08715166301886], [60.83350047916384, 44.10184531001312], [60.82514863989787, 44.114234685282554], [60.81212959710326, 44.11511954083419], [60.7755288922446, 44.10326137081569], [60.76054471027021, 44.118658828142486], [60.75145594493597, 44.11635831558385], [60.73868254386435, 44.08484991569111], [60.76128163723781, 44.08188406939433], [60.75956214068032, 44.060986103925586], [60.772335541751886, 44.047345289653435], [60.770370402572105, 44.034232954787115], [60.75784264502209, 44.0252386848175], [60.75292979887114, 43.960155469599265], [60.77724838790284, 43.964413790064434], [60.76742269470167, 43.88052159059896], [60.79788234299577, 43.85901892818106]], [[60.69767224897514, 43.849135521886865], [60.69883875690318, 43.89301739703529], [60.66559327690828, 43.884721716833845], [60.679202537567114, 43.842803720015695], [60.69767224897514, 43.849135521886865]], [[60.758719504701446, 43.85729551237807], [60.73733352392304, 43.83604905332123], [60.74569349755695, 43.820566701791904], [60.76727389827186, 43.837597065352334], [60.768051569924054, 43.85012040813041], [60.758719504701446, 43.85729551237807]], [[60.81335096637406, 43.84083368762464], [60.79002080511612, 43.79212494511016], [60.79390916517587, 43.8295751073054], [60.78477151899045, 43.83267142994259], [60.75677532512122, 43.80226416535902], [60.774078527701924, 43.76381045328986], [60.798575196887896, 43.76465585738196], [60.811795622170266, 43.78268828063971], [60.82734906330871, 43.83506393325399], [60.82326628511099, 43.843507286632025], [60.81335096637406, 43.84083368762464]], [[60.87945309008807, 43.776208508815664], [60.89150700744249, 43.774236264092394], [60.89403444143636, 43.782124850881175], [60.88042518077753, 43.80001115499084], [60.876731237956335, 43.825915607619265], [60.86040012516571, 43.81789206766484], [60.85670618324384, 43.80423547928399], [60.87945309008807, 43.776208508815664]], [[60.93875821062295, 43.78810259056217], [60.94514491070913, 43.74947423195027], [60.95325110825212, 43.738254842287176], [60.96504193883446, 43.74092631709589], [60.970446070230025, 43.76443012485043], [60.99279952098118, 43.75926720691609], [60.999923148034895, 43.776534520251964], [60.980271763431176, 43.789348247823455], [60.95988345006123, 43.78596711618951], [60.950549042104676, 43.79272918790172], [60.93875821062295, 43.78810259056217]], [[60.99120284573478, 43.74898454120364], [60.98162279515595, 43.724583914216346], [60.988009496141395, 43.69803463958697], [61.008643450335, 43.70213362266861], [60.99906339975615, 43.71923937459752], [61.00201110762657, 43.75112134477427], [60.99120284573478, 43.74898454120364]], [[60.91959811126389, 43.687563129734706], [60.90780727888285, 43.753970298090856], [60.900806473140264, 43.75637399616306], [60.888524357313315, 43.7407036989166], [60.90866702716164, 43.691751955088705], [60.91959811126389, 43.687563129734706]], [[60.83190380301813, 43.67677777897137], [60.83337765695335, 43.70369294457379], [60.80611136005126, 43.70226728081042], [60.7930923172567, 43.6942472850842], [60.79112717897619, 43.66393977510057], [60.80586571832827, 43.66251315985448], [60.81298934538205, 43.68426533827477], [60.83190380301813, 43.67677777897137]], [[60.72283861540984, 43.66768447925534], [60.772704004786014, 43.68159131838468], [60.77466914396586, 43.692821394691684], [60.760421888959065, 43.70903887994041], [60.74175307304591, 43.71099893705133], [60.732173023366386, 43.72257976874141], [60.715714988356055, 43.676956065070385], [60.72283861540984, 43.66768447925534]], [[60.61212832406295, 43.67074254293408], [60.62729292892561, 43.68852129532155], [60.60512927559563, 43.7017813528272], [60.60124091463655, 43.718704796888915], [60.58918699908081, 43.72293490562146], [60.57635541007413, 43.7172946940949], [60.5685786890553, 43.68033808433517], [60.61212832406295, 43.67074254293408]], [[60.4398739654112, 43.71108984322171], [60.42082099958953, 43.73026638218784], [60.424320524272844, 43.74408093918408], [60.416154967877496, 43.75140980861584], [60.39282480572023, 43.725754810835895], [60.3749383487259, 43.720678885222405], [60.36949464536168, 43.70770510620576], [60.401379199290645, 43.69896031176905], [60.407600575206466, 43.69021423310045], [60.4398739654112, 43.71108984322171]], [[60.426264704752384, 43.766628419565954], [60.458149258681374, 43.75140980861584], [60.46164878336469, 43.79170244001563], [60.44959486601032, 43.80156010861219], [60.432486080668134, 43.80127848411478], [60.426264704752384, 43.766628419565954]], [[60.56741218112734, 43.79860298034333], [60.57654982821208, 43.78804060299148], [60.59288094100271, 43.78606875127189], [60.60007440670853, 43.89020543283454], [60.588409327428565, 43.89343918087354], [60.57441122959461, 43.88528417262654], [60.56818985277955, 43.86812686526269], [60.56741218112734, 43.79860298034333]], [[60.51306007586185, 43.89042618132328], [60.49488254519336, 43.89220261395951], [60.488987128553205, 43.85346428534853], [60.49783025306378, 43.84208674990361], [60.51797292291212, 43.835685925964746], [60.533202745710184, 43.83995321896595], [60.53467659964542, 43.853819798145196], [60.51306007586185, 43.89042618132328]], [[60.61368366826673, 43.828449130922706], [60.63157012526114, 43.82577485292717], [60.650428672045614, 43.87698740694333], [60.64206869841177, 43.899203248830936], [60.64537380405784, 43.92506434694212], [60.63662499414822, 43.93082533202351], [60.62495991306957, 43.92731260259461], [60.61426692178105, 43.88514355912798], [60.61368366826673, 43.828449130922706]], [[60.6613160805727, 43.91663262359674], [60.678619284052786, 43.915929925725536], [60.70719873233571, 43.98110469912262], [60.728001458700405, 43.95582992481121], [60.74063862956916, 43.95625125988777], [60.74161072025855, 43.972961787656395], [60.72411309864065, 43.99093085277667], [60.72547402470656, 44.01534876833102], [60.70719873233571, 44.02278439808157], [60.68814576741329, 44.019557731304296], [60.672592326274874, 44.00664929163156], [60.673953252340766, 43.96285178188429], [60.65917748285461, 43.93110634228389], [60.6613160805727, 43.91663262359674]], [[60.73119045377648, 43.926743617723844], [60.73192738074409, 43.913959583967646], [60.71620627180204, 43.897442780060324], [60.724803752791, 43.87949994726483], [60.747157204441464, 43.88909382222215], [60.75059619665722, 43.914669881110164], [60.740524861733036, 43.929229082156496], [60.73119045377648, 43.926743617723844]], [[60.679202537567114, 43.8295751073054], [60.659371900992475, 43.79719477242089], [60.65781655678869, 43.78423768661997], [60.669481637867364, 43.781843133753675], [60.68367415204057, 43.800433600730116], [60.679202537567114, 43.8295751073054]], [[60.71653079575969, 43.80451709029154], [60.69864433876529, 43.7554966706349], [60.70175502807217, 43.7429533413237], [60.718474977138555, 43.7429533413237], [60.74860976782657, 43.7643740566175], [60.750748367343306, 43.78254742432421], [60.73597259785715, 43.7931107792391], [60.73577817971926, 43.8121200793782], [60.72450193491642, 43.81352793296776], [60.71653079575969, 43.80451709029154]], [[60.80697110833007, 43.74916261056608], [60.7887935767622, 43.73224358307494], [60.814094736283096, 43.716388758434505], [60.82809634776829, 43.71621059014665], [60.83620254441195, 43.736518318865365], [60.81974450940163, 43.73634021083211], [60.80697110833007, 43.74916261056608]], [[60.857450604262056, 43.746179868706], [60.845168489334355, 43.73193187175854], [60.854011612046286, 43.69879208188911], [60.875382494106866, 43.69237579770492], [60.870469647056616, 43.71714596601356], [60.87955841329017, 43.74190582809153], [60.857450604262056, 43.746179868706]], [[60.65509470465696, 43.71842277938782], [60.668315129040025, 43.750282349251044], [60.65781655678869, 43.75126887765663], [60.6447905496442, 43.73928849696659], [60.63020919919522, 43.73900657659232], [60.62379340514162, 43.73111226381996], [60.63390314111712, 43.71489744236311], [60.65509470465696, 43.71842277938782]], [[60.52425138329477, 43.718704796888915], [60.54680387200114, 43.7570467861803], [60.560024297283576, 43.79170244001563], [60.537471806778505, 43.78916734559658], [60.50636492540105, 43.73844273224636], [60.511419794288145, 43.720678885222405], [60.52425138329477, 43.718704796888915]], [[60.660343990782614, 43.69021423310045], [60.66578769504617, 43.671024787064304], [60.68095229990877, 43.67356492128413], [60.674730923993025, 43.692471408228975], [60.660343990782614, 43.69021423310045]], [[60.87255760664828, 44.06528141980175], [60.854380075080414, 44.0526159796438], [60.913825515934874, 44.05305887326841], [60.90191186404133, 44.11299586466748], [60.86838168836431, 44.108394306252315], [60.87255760664828, 44.06528141980175]], [[60.846273879336124, 43.96809521432272], [60.845045667123884, 43.8770123919084], [60.85781906819552, 43.881276708153614], [60.86690783442907, 43.97093374629543], [60.846273879336124, 43.96809521432272]], [[60.852046472866505, 43.66188900517352], [60.861994987378814, 43.62291095867385], [60.87980405501321, 43.61827114399813], [60.884348438129955, 43.631208191105195], [60.87329453361587, 43.652169175666984], [60.852046472866505, 43.66188900517352]], [[60.743226926981144, 43.64262615107605], [60.71325856483094, 43.64886942368503], [60.716943198769684, 43.612827823745135], [60.724803752791, 43.61032908441979], [60.74494642263936, 43.61836037383221], [60.74691156181915, 43.63102976830918], [60.743226926981144, 43.64262615107605]], [[60.37083317471133, 43.616486503249575], [60.33447811157566, 43.62612292693159], [60.33324990116205, 43.597030463984765], [60.34700587002494, 43.59435253114447], [60.37083317471133, 43.616486503249575]], [[60.59190885121257, 43.62895571493437], [60.60590694814721, 43.62302413115878], [60.623015732590034, 43.62613122497611], [60.62573758472183, 43.644770390241376], [60.61096181613498, 43.64872340436164], [60.59190885121257, 43.62895571493437]]]]}}, {"type": "Feature", "properties": {"type": "\u0417\u0435\u043c\u043b\u0438 \u043f\u0435\u0440\u0441\u043f\u0435\u043a\u0442\u0438\u0432\u043d\u043e\u0433\u043e\u043e\u0440\u043e\u0448\u0435\u043d\u0438\u044f \u0438 \u043e\u0441\u0432\u043e\u0435\u043d\u0438\u044f"}, "geometry": {"type": "Polygon", "coordinates": [[[71.56115284262967, 40.635392526743765], [71.4395814398316, 40.550297698979705], [71.41413562166167, 40.59416639006691], [71.33281963901523, 40.65612365538243], [71.48798392901516, 40.7402733559307], [71.56115284262967, 40.635392526743765]]]}}, {"type": "Feature", "properties": {"type": "\u041d\u0435\u043e\u0440\u043e\u0448\u0430\u0435\u043c\u044b\u0435 \u0437\u0435\u043c\u043b\u0438"}, "geometry": {"type": "Polygon", "coordinates": [[[67.00594477792917, 37.567734922728555], [66.9499262666839, 37.59336979997636], [66.9917246941394, 37.619081465837034], [67.05851599621633, 37.6821227784435], [67.13952738118377, 37.69582026978969], [67.17270757579405, 37.72046932459972], [67.20028592035897, 37.7173886447702], [67.20330230136017, 37.675958075105136], [67.17313848685177, 37.6495810125537], [67.10785537572508, 37.61376845644917], [67.05851599621633, 37.5368583802101], [67.03697041455302, 37.5378878062773], [67.00594477792917, 37.567734922728555]]]}}, {"type": "Feature", "properties": {"type": "\u041e\u0437\u0451\u0440\u0430"}, "geometry": {"type": "Polygon", "coordinates": [[[67.29271646319427, 37.35304838257683], [67.24919438881005, 37.333782138934616], [67.24186889093664, 37.33825510418978], [67.25131620877607, 37.356497707103536], [67.22980336603256, 37.360615900603364], [67.23195792401901, 37.369902257783], [67.26341447170057, 37.379187455736535], [67.29271646319427, 37.35304838257683]]]}}, {"type": "Feature", "properties": {"type": "\u041d\u0435\u043e\u0440\u043e\u0448\u0430\u0435\u043c\u044b\u0435 \u0437\u0435\u043c\u043b\u0438"}, "geometry": {"type": "Polygon", "coordinates": [[[67.17299174177549, 37.258589452141564], [67.1252279996725, 37.273235999841575], [67.10999999980021, 37.28992499963908], [67.11203500011521, 37.328108999630665], [67.0888449999968, 37.33969399967839], [67.08763199981699, 37.34938899980256], [67.04579400039285, 37.38021000019143], [67.01106999988065, 37.37340700033286], [66.94644299994457, 37.398389000352154], [66.86006041945285, 37.359673261811615], [66.85943482585657, 37.37712417803846], [66.88098040662055, 37.42731433418924], [66.9163151601166, 37.454114356892084], [67.00809933591569, 37.452053160225205], [67.07015060916336, 37.47060186628317], [67.05980873118807, 37.43831038621539], [67.11582724063469, 37.35992797679472], [67.15978022697594, 37.31795256635791], [67.17299174177549, 37.258589452141564]]]}}, {"type": "Feature", "properties": {"type": "\u0411\u043e\u0433\u0430\u0440\u043d\u044b\u0435 \u0437\u0435\u043c\u043b\u0438"}, "geometry": {"type": "Polygon", "coordinates": [[[66.85572522853651, 37.35720063430187], [66.79653600003644, 37.3632389999799], [66.75119099986483, 37.35381000043122], [66.73128400005663, 37.363736000416104], [66.69029475649785, 37.355718540778064], [66.674142828229, 37.40669234637471], [66.68103741414541, 37.419066226325356], [66.71551034372742, 37.43418705668739], [66.74739780426528, 37.46235856979223], [66.78704167283502, 37.48227830130264], [66.81548184041463, 37.4815915034452], [66.78617984982024, 37.4458692266835], [66.85572522853651, 37.35720063430187]]]}}, {"type": "Feature", "properties": {"type": "\u041e\u0437\u0451\u0440\u0430"}, "geometry": {"type": "Polygon", "coordinates": [[[59.30166134129792, 42.7783727428079], [59.26327251261641, 42.76548865587682], [59.23426762115384, 42.76611721094059], [59.23042873819577, 42.80350464991972], [59.25772746015423, 42.85750344392886], [59.27180336373431, 42.859700063207406], [59.303794053852585, 42.82328879334318], [59.30166134129792, 42.7783727428079]]]}}, {"type": "Feature", "properties": {"type": "\u041e\u0437\u0451\u0440\u0430"}, "geometry": {"type": "Polygon", "coordinates": [[[58.57760539617213, 43.61593276278683], [58.54006965269234, 43.6208909437621], [58.5349511432807, 43.62987659642784], [58.57120725760892, 43.64133908632982], [58.58741587374362, 43.63824133287124], [58.588695501995865, 43.627088090143275], [58.57760539617213, 43.61593276278683]]]}}, {"type": "Feature", "properties": {"type": "\u041e\u0437\u0451\u0440\u0430"}, "geometry": {"type": "Polygon", "coordinates": [[[58.59637326701272, 43.5197867491592], [58.55115975941544, 43.51761392594198], [58.52215486705352, 43.53778711068668], [58.54433507870095, 43.55516163759955], [58.54092273789411, 43.58369455406046], [58.560117151785164, 43.590825656279094], [58.58101773607974, 43.58586497878582], [58.59893252171855, 43.56663846899022], [58.59637326701272, 43.5197867491592]]]}}, {"type": "Feature", "properties": {"type": "\u041e\u0437\u0451\u0440\u0430"}, "geometry": {"type": "Polygon", "coordinates": [[[58.865734875164435, 43.412681580890315], [58.852938598937264, 43.407084184287726], [58.83417072809668, 43.415791021938155], [58.793222644709324, 43.48726376830831], [58.81284360075164, 43.49471689167126], [58.83161147339087, 43.48974824528534], [58.845260833920406, 43.45744200824213], [58.872559555878865, 43.43506596202457], [58.865734875164435, 43.412681580890315]]]}}, {"type": "Feature", "properties": {"type": "\u041e\u0437\u0451\u0440\u0430"}, "geometry": {"type": "Polygon", "coordinates": [[[58.941019631850565, 43.57625249685532], [58.95850787533822, 43.553300321552626], [58.952536279825495, 43.541510649297095], [58.9171332497997, 43.53840771664284], [58.90604314397598, 43.548646781423884], [58.914573995093846, 43.55764330059787], [58.910735112135804, 43.566948622680854], [58.90348388927014, 43.57377160457594], [58.863815434135, 43.57687270261317], [58.86552160363914, 43.58834536924343], [58.93632766369079, 43.59516591037851], [58.94613814216159, 43.58741523462543], [58.941019631850565, 43.57625249685532]]]}}, {"type": "Feature", "properties": {"type": "\u041e\u0437\u0451\u0440\u0430"}, "geometry": {"type": "Polygon", "coordinates": [[[58.734786317834335, 43.59640592529325], [58.703222170766594, 43.598885876881745], [58.70108945821198, 43.62553886402742], [58.71815116044775, 43.64350741833271], [58.74033137119585, 43.64815357682619], [58.748862222313775, 43.63762176293409], [58.72796163801922, 43.62677824761806], [58.726682009766996, 43.61531296172387], [58.73990482904469, 43.60415543372637], [58.734786317834335, 43.59640592529325]]]}}, {"type": "Feature", "properties": {"type": "\u041e\u0437\u0451\u0440\u0430"}, "geometry": {"type": "Polygon", "coordinates": [[[59.263699055666955, 43.637079633618264], [59.25004969513737, 43.62685570892387], [59.204836186640755, 43.64203605821756], [59.23085528124631, 43.65690286067854], [59.24663735522983, 43.65318650675192], [59.263699055666955, 43.637079633618264]]]}}, {"type": "Feature", "properties": {"type": "\u041e\u0437\u0451\u0440\u0430"}, "geometry": {"type": "Polygon", "coordinates": [[[59.35924458297119, 43.699314809231105], [59.389955644837194, 43.66278661311174], [59.39635378340045, 43.67207556483549], [59.41597473944273, 43.67486196940439], [59.428771014770575, 43.66836015789505], [59.428344472619344, 43.65535440797959], [59.41725436679564, 43.64482386572888], [59.39805995290453, 43.64203605821756], [59.366069262786304, 43.64637259182172], [59.34303596593713, 43.70364717717552], [59.35924458297119, 43.699314809231105]]]}}, {"type": "Feature", "properties": {"type": "\u041e\u0437\u0451\u0440\u0430"}, "geometry": {"type": "Polygon", "coordinates": [[[59.3754531991059, 43.71470875560464], [59.43516915333379, 43.70295092384611], [59.44753888561114, 43.69707113832243], [59.441567290997746, 43.68778608066315], [59.408723515677764, 43.68376210733543], [59.37801245381171, 43.700165834985334], [59.3754531991059, 43.71470875560464]]]}}, {"type": "Feature", "properties": {"type": "\u041e\u0437\u0451\u0440\u0430"}, "geometry": {"type": "Polygon", "coordinates": [[[59.64076265277425, 43.48493447564555], [59.66934100208561, 43.48182861389943], [59.67915147965708, 43.46940355622917], [59.64630770523643, 43.46536485830159], [59.60919850480718, 43.47592703240667], [59.60834541960548, 43.4886612985801], [59.62284786623611, 43.50573960679747], [59.63521760031204, 43.50853377611293], [59.64801387563989, 43.49269842898934], [59.64076265277425, 43.48493447564555]]]}}, {"type": "Feature", "properties": {"type": "\u041e\u0437\u0451\u0440\u0430"}, "geometry": {"type": "Polygon", "coordinates": [[[59.48379500083865, 43.38476715787805], [59.4910462237043, 43.37045502398024], [59.478249949275764, 43.364542496838794], [59.43303643987986, 43.36423129633732], [59.42493213181251, 43.37512239838002], [59.48379500083865, 43.38476715787805]]]}}, {"type": "Feature", "properties": {"type": "\u041e\u0437\u0451\u0440\u0430"}, "geometry": {"type": "Polygon", "coordinates": [[[59.366495805836855, 43.23509975984609], [59.34516867939112, 43.231045329178635], [59.326400807651225, 43.24164865086458], [59.334505115718564, 43.25006761193077], [59.364363093282165, 43.25692663955282], [59.37715936861001, 43.25162655072477], [59.366495805836855, 43.23509975984609]]]}}, {"type": "Feature", "properties": {"type": "\u041e\u0437\u0451\u0440\u0430"}, "geometry": {"type": "Polygon", "coordinates": [[[59.303794053852585, 43.22137597502126], [59.28886506507076, 43.186428662952494], [59.27606878884359, 43.18954977809983], [59.26625831127211, 43.22231178705936], [59.27777495924704, 43.23073343889712], [59.29398357538173, 43.23198099102995], [59.303794053852585, 43.22137597502126]]]}}, {"type": "Feature", "properties": {"type": "\u041e\u0437\u0451\u0440\u0430"}, "geometry": {"type": "Polygon", "coordinates": [[[59.603386862713585, 43.63745718879829], [59.58189978284878, 43.65008937022833], [59.58488558060509, 43.6578319134121], [59.61602318642099, 43.65504471294321], [59.61804926276329, 43.639277162111405], [59.603386862713585, 43.63745718879829]]]}}, {"type": "Feature", "properties": {"type": "\u041e\u0437\u0451\u0440\u0430"}, "geometry": {"type": "Polygon", "coordinates": [[[60.07199715074796, 43.45006194220491], [60.100575500059335, 43.416490623443565], [60.093750820244225, 43.4115155001403], [60.05024348215102, 43.425196098621086], [60.037447205923854, 43.42084351931299], [60.02422438664615, 43.39689869391964], [59.99393986783069, 43.39472141815895], [59.95768375260314, 43.36734324019841], [59.904792479089664, 43.37138852835796], [59.85062157732396, 43.34929172433368], [59.832280248634625, 43.3617416239768], [59.860005512744294, 43.38414496192052], [59.91673567011514, 43.40436303812378], [59.95384486964507, 43.42675051562384], [59.98839481536851, 43.41897803131116], [60.037873748075064, 43.445089596008074], [60.07199715074796, 43.45006194220491]]]}}, {"type": "Feature", "properties": {"type": "\u041e\u0437\u0451\u0440\u0430"}, "geometry": {"type": "Polygon", "coordinates": [[[60.1399240492555, 43.389627841551714], [60.121156176616296, 43.39522686412851], [60.11966327773814, 43.44031109598034], [60.13139319813763, 43.44031109598034], [60.166369685112954, 43.416218556940926], [60.1399240492555, 43.389627841551714]]]}}, {"type": "Feature", "properties": {"type": "\u041e\u0437\u0451\u0440\u0430"}, "geometry": {"type": "Polygon", "coordinates": [[[60.334853985023464, 43.49079635386869], [60.31992499624164, 43.49079635386869], [60.31224723122478, 43.50011206581923], [60.32035153929218, 43.51190989042914], [60.34679717604889, 43.52618836000488], [60.3625792491331, 43.522153485095316], [60.35703419577156, 43.5029064968374], [60.334853985023464, 43.49079635386869]]]}}, {"type": "Feature", "properties": {"type": "\u041e\u0437\u0451\u0440\u0430"}, "geometry": {"type": "Polygon", "coordinates": [[[60.41120509843659, 43.50228552395782], [60.427840256722504, 43.49203853165296], [60.45513897778163, 43.49483334038638], [60.45983094594146, 43.48613795470288], [60.453859351328035, 43.46594737886852], [60.43466493743698, 43.45507271733209], [60.41205818273896, 43.45817996403417], [60.399261907411116, 43.47060734555259], [60.403953874671615, 43.49483334038638], [60.41120509843659, 43.50228552395782]]]}}, {"type": "Feature", "properties": {"type": "\u041e\u0437\u0451\u0440\u0430"}, "geometry": {"type": "Polygon", "coordinates": [[[61.008791182866844, 43.55985344568], [60.97082889723589, 43.55799227712196], [60.958032621908046, 43.57536093775712], [60.96357767437024, 43.600784521088826], [60.97466778019396, 43.606363860204056], [61.00409921470703, 43.60388421798234], [61.01390969317788, 43.59458464436591], [61.008791182866844, 43.55985344568]]]}}, {"type": "Feature", "properties": {"type": "\u0411\u043e\u0433\u0430\u0440\u043d\u044b\u0435 \u0437\u0435\u043c\u043b\u0438"}, "geometry": {"type": "Polygon", "coordinates": [[[66.32914821891522, 39.75139686907028], [66.32598422769001, 39.71272327635819], [66.31171016209437, 39.69107582758743], [66.2799869753187, 39.676170463995796], [66.2495498631357, 39.676004831357936], [66.23733214865979, 39.68726698828095], [66.22039882644475, 39.732462602067464], [66.19107034362149, 39.737884316108364], [66.2124888366905, 39.74703425422751], [66.23311126067618, 39.78826002757824], [66.23914774497251, 39.77279434498308], [66.25706253061134, 39.77098404927448], [66.28649396602378, 39.79073013968423], [66.2920390193853, 39.78743952121697], [66.28393471131795, 39.76440075019451], [66.32914821891522, 39.75139686907028]]]}}, {"type": "Feature", "properties": {"type": "\u0411\u043e\u0433\u0430\u0440\u043d\u044b\u0435 \u0437\u0435\u043c\u043b\u0438"}, "geometry": {"type": "Polygon", "coordinates": [[[66.59312118199698, 38.737805967371564], [66.51984524905907, 38.68576266371599], [66.49999467901131, 38.62275903000528], [66.46596512958712, 38.57008965071685], [66.43556187777845, 38.55923110143424], [66.41265366403542, 38.58411959983971], [66.40429417603548, 38.607333314181176], [66.40847392003542, 38.64424098103649], [66.57044121259196, 38.759032116139274], [66.59312118199698, 38.737805967371564]]]}}, {"type": "Feature", "properties": {"type": "\u041e\u0437\u0451\u0440\u0430"}, "geometry": {"type": "Polygon", "coordinates": [[[60.410075010353516, 43.21428131513062], [60.39172035101341, 43.21682581735762], [60.39292000165682, 43.26155647535108], [60.403956790273696, 43.274530945047104], [60.41931232120668, 43.26471268294404], [60.424230889743804, 43.22586232128912], [60.410075010353516, 43.21428131513062]]]}}, {"type": "Feature", "properties": {"type": "\u0411\u043e\u0433\u0430\u0440\u043d\u044b\u0435 \u0437\u0435\u043c\u043b\u0438"}, "geometry": {"type": "Polygon", "coordinates": [[[69.72776136669376, 41.497115231083114], [69.71888127375183, 41.444901297257104], [69.77813275602193, 41.40437195260358], [69.79256202032104, 41.38887311740052], [69.7915010451372, 41.37736641772602], [69.73422584374777, 41.38645223328398], [69.64210704640311, 41.43998335824545], [69.64533928537973, 41.46186964266991], [69.67766166975031, 41.48435612833271], [69.71160017540785, 41.502582643274415], [69.72776136669376, 41.497115231083114]]]}}, {"type": "Feature", "properties": {"type": "\u041e\u0437\u0451\u0440\u0430"}, "geometry": {"type": "Polygon", "coordinates": [[[70.05996287978314, 41.62663191573039], [70.07800101373584, 41.60597129124215], [70.11502665635514, 41.59884539160157], [70.11692540668224, 41.584234820380686], [70.09698852240246, 41.56748201728135], [70.11027977918849, 41.54680231007859], [70.07705163812265, 41.55892570455767], [70.05901350506929, 41.591718699658315], [70.03717786866378, 41.60383360543659], [70.01249410811664, 41.60739637584214], [69.98306346860426, 41.59742011724466], [69.96882283710431, 41.60240844079697], [69.97451908988415, 41.616658653673994], [70.0542666270033, 41.677898429069266], [70.1026847751823, 41.69711277193692], [70.11597603106901, 41.6892854037984], [70.05711475384288, 41.65084622477348], [70.05996287978314, 41.62663191573039]]]}}, {"type": "Feature", "properties": {"type": "\u041e\u0437\u0451\u0440\u0430"}, "geometry": {"type": "Polygon", "coordinates": [[[67.66766887032219, 37.81896720117544], [67.6356599293623, 37.81413049432688], [67.60212675174824, 37.83347540256784], [67.70577475160353, 37.92690369285118], [67.72813020334627, 37.93656186663691], [67.75150181076003, 37.936159468584655], [67.75759875288018, 37.92448895020494], [67.73321098799676, 37.91925673231241], [67.70425051674799, 37.89067414809352], [67.68494353741436, 37.83468429014795], [67.66766887032219, 37.81896720117544]]]}}, {"type": "Feature", "properties": {"type": "\u0417\u0435\u043c\u043b\u0438, \u043f\u043e\u0434\u043b\u0435\u0436\u0430\u0449\u0438\u0435 \u043e\u0440\u043e\u0448\u0435\u043d\u0438\u044e \u0438 \u043e\u0441\u0432\u043e\u0435\u043d\u0438\u044e (\u043f\u0435\u0440\u0432\u0430\u044f \u043e\u0447\u0435\u0440\u0435\u0434\u044c)"}, "geometry": {"type": "Polygon", "coordinates": [[[71.55556676129702, 40.63083590295463], [71.56115284262967, 40.635392526743765], [71.48798392901516, 40.7402733559307], [71.47775016663695, 40.736539415761456], [71.48766402217693, 40.74360883078298], [71.6055689087782, 40.772834403285124], [71.67868915288214, 40.74695262436415], [71.71021983977386, 40.72002217298495], [71.55556676129702, 40.63083590295463]]]}}, {"type": "Feature", "properties": {"type": "\u041d\u0435\u043e\u0440\u043e\u0448\u0430\u0435\u043c\u044b\u0435 \u0437\u0435\u043c\u043b\u0438"}, "geometry": {"type": "Polygon", "coordinates": [[[70.74083853517033, 40.54502636507476], [70.71767953738076, 40.54250247261109], [70.68034156021491, 40.568818339894506], [70.67277943812064, 40.58539558723664], [70.72098796512256, 40.61745720418668], [70.7663606967888, 40.6271806966319], [70.79377338893077, 40.62429981108744], [70.80464393876684, 40.59872645556152], [70.75454488124132, 40.564132715552425], [70.74083853517033, 40.54502636507476]]]}}, {"type": "Feature", "properties": {"type": "\u041e\u0437\u0451\u0440\u0430"}, "geometry": {"type": "Polygon", "coordinates": [[[66.31615626370069, 39.841669701795354], [66.31113057331736, 39.830331482012355], [66.3414744680723, 39.79977201436702], [66.33044032436152, 39.792406238557135], [66.32914821891522, 39.75139686907028], [66.28393471131795, 39.76440075019451], [66.2920390193853, 39.78743952121697], [66.28649396602378, 39.79073013968423], [66.25706253061134, 39.77098404927448], [66.23914774497251, 39.77279434498308], [66.23311126067618, 39.78826002757824], [66.27266291276327, 39.81002108410581], [66.26436536287127, 39.81791308472111], [66.25136586864, 39.81044770180006], [66.24113222497226, 39.814073847430166], [66.23891954470126, 39.8255909117912], [66.2704796322293, 39.85097000116468], [66.31615626370069, 39.841669701795354]]]}}, {"type": "Feature", "properties": {"type": "\u0417\u0435\u043c\u043b\u0438, \u043f\u043e\u0434\u043b\u0435\u0436\u0430\u0449\u0438\u0435 \u043e\u0440\u043e\u0448\u0435\u043d\u0438\u044e \u0438 \u043e\u0441\u0432\u043e\u0435\u043d\u0438\u044e (\u043f\u0435\u0440\u0432\u0430\u044f \u043e\u0447\u0435\u0440\u0435\u0434\u044c)"}, "geometry": {"type": "Polygon", "coordinates": [[[66.05019481773672, 39.298366613328604], [66.03819145037517, 39.314019870220875], [66.01932901492216, 39.31501889380695], [65.9944648953387, 39.290038974818906], [65.91403591672425, 39.311764510823586], [65.90352568835988, 39.41996944293549], [65.954218466609, 39.41989523987348], [66.02678918087605, 39.445236341883735], [66.03690537488319, 39.41759196999346], [66.06627075778931, 39.380340486024636], [66.08877707260386, 39.37152358484559], [66.11235511669531, 39.34489971774781], [66.05019481773672, 39.298366613328604]]]}}, {"type": "Feature", "properties": {"type": "\u041d\u0435\u043e\u0440\u043e\u0448\u0430\u0435\u043c\u044b\u0435 \u0437\u0435\u043c\u043b\u0438"}, "geometry": {"type": "Polygon", "coordinates": [[[65.89473143031131, 38.94486939700511], [65.82320010120378, 38.989947047618216], [65.7516687720962, 39.01617296021402], [65.93616271493738, 39.23490958371036], [65.90684470831667, 39.26501674092992], [65.93659151258828, 39.26271731475231], [65.98417629410072, 39.24305240344569], [66.01375602232264, 39.25238559731753], [66.05019481773672, 39.298366613328604], [66.11235511669531, 39.34489971774781], [66.08877707260386, 39.37152358484559], [66.06627075778931, 39.380340486024636], [66.03690537488319, 39.41759196999346], [66.02678918087605, 39.445236341883735], [66.16938426717024, 39.45050085892757], [66.28099887269985, 39.492931373084446], [66.36842324223892, 39.508055324993265], [66.38455006683215, 39.504439029637574], [66.38327689571223, 39.48898544921918], [66.29797447923886, 39.444907296134886], [66.14561841855522, 39.33656621925564], [66.12949159396197, 39.308218108079295], [66.14179890789336, 39.28447589994288], [66.14179890789336, 39.252806998943925], [66.074745266381, 39.23828726374626], [66.0539501500794, 39.22310430282135], [66.04843307822404, 39.19619592530175], [66.06837941437851, 39.160522187648894], [66.34805251511153, 39.14961823879077], [66.36757446119246, 39.139043086569245], [66.3637549496313, 39.10267878829553], [66.3412622730355, 39.06629557008455], [66.30136959982723, 39.04213990133542], [66.27675497196446, 39.03982316590645], [66.26062814737115, 39.0454493893779], [66.23049644675365, 39.08018957678757], [66.19017938437116, 39.10863060501845], [66.10020867529015, 39.10466278266136], [66.0730477060868, 39.11921036086949], [66.02678918087605, 39.11524314015884], [65.99198918944961, 39.13276333296147], [65.9694965119545, 39.11193695082966], [65.97246724336867, 39.04925510713752], [65.92875505859911, 39.01483066090633], [65.89473143031131, 38.94486939700511]]]}}, {"type": "Feature", "properties": {"type": "\u041e\u0437\u0451\u0440\u0430"}, "geometry": {"type": "Polygon", "coordinates": [[[66.39487091506072, 38.9111937721749], [66.36356327622428, 38.92821026369278], [66.36356327622428, 38.94167249508962], [66.39325006513843, 38.95322172100565], [66.43094245433088, 38.981288723895545], [66.46162015404695, 39.01474635216249], [66.45761657194731, 38.98535338704921], [66.46678783658945, 38.96130806691383], [66.43836558080699, 38.93070559368823], [66.39487091506072, 38.9111937721749]]]}}, {"type": "Feature", "properties": {"type": "\u0417\u0435\u043c\u043b\u0438, \u043f\u043e\u0434\u043b\u0435\u0436\u0430\u0449\u0438\u0435 \u043e\u0440\u043e\u0448\u0435\u043d\u0438\u044e \u0438 \u043e\u0441\u0432\u043e\u0435\u043d\u0438\u044e (\u043f\u0435\u0440\u0432\u0430\u044f \u043e\u0447\u0435\u0440\u0435\u0434\u044c)"}, "geometry": {"type": "Polygon", "coordinates": [[[66.8715896741242, 38.92330519487888], [66.7729014173666, 38.817046640290236], [66.59312118199698, 38.737805967371564], [66.57044121259196, 38.759032116139274], [66.42551068586954, 38.65804282071963], [66.39785218832787, 38.7126729163221], [66.37295953955118, 38.72697384826455], [66.40822076267813, 38.78592042169015], [66.42458509282784, 38.79266120465092], [66.42027869010951, 38.8391550896357], [66.42975277626965, 38.8539727927103], [66.49176497217574, 38.854646250923786], [66.54430308282105, 38.907829117919505], [66.58908966875327, 38.934741847258515], [66.64335033994627, 38.94684921671803], [66.73033967143874, 38.951557075898386], [66.8715896741242, 38.92330519487888]]]}}, {"type": "Feature", "properties": {"type": "\u041e\u0437\u0451\u0440\u0430"}, "geometry": {"type": "Polygon", "coordinates": [[[59.68469653301867, 43.61105165191225], [59.662089779219976, 43.60857220484342], [59.64716079133751, 43.61693992703607], [59.64801387563989, 43.629644226000266], [59.67019408728736, 43.63119334599617], [59.6829903626152, 43.62530647741203], [59.690241586380175, 43.61910914487118], [59.68469653301867, 43.61105165191225]]]}}]}