column,source_dataset,source_citation,source_url,units,reference_period,spatial_support,reference_nonmissing,candidate_status,review_required,calculation_wall_seconds,surrogate_status,surrogate_fidelity,surrogate_wall_seconds
aet_mm_s01,Global High-Resolution Soil-Water Balance,Trabucco & Zomer 2010,https://data.hydrosheds.org/file/technical-documentation/BasinATLAS_Catalog_v10.pdf#page=20,millimeters,Mixed/source-specific; resolve exact release and observation period before execution,s,20,pending_original_inputs,Original raw inputs not acquired in this pass; source preparation and validation remain pending.,,open_surrogate_estimate,open_surrogate,0.004584599984809756
aet_mm_s02,Global High-Resolution Soil-Water Balance,Trabucco & Zomer 2010,https://data.hydrosheds.org/file/technical-documentation/BasinATLAS_Catalog_v10.pdf#page=20,millimeters,Mixed/source-specific; resolve exact release and observation period before execution,s,20,pending_original_inputs,Original raw inputs not acquired in this pass; source preparation and validation remain pending.,,open_surrogate_estimate,open_surrogate,0.004374000011011958
aet_mm_s03,Global High-Resolution Soil-Water Balance,Trabucco & Zomer 2010,https://data.hydrosheds.org/file/technical-documentation/BasinATLAS_Catalog_v10.pdf#page=20,millimeters,Mixed/source-specific; resolve exact release and observation period before execution,s,20,pending_original_inputs,Original raw inputs not acquired in this pass; source preparation and validation remain pending.,,open_surrogate_estimate,open_surrogate,0.004378799989353865
aet_mm_s04,Global High-Resolution Soil-Water Balance,Trabucco & Zomer 2010,https://data.hydrosheds.org/file/technical-documentation/BasinATLAS_Catalog_v10.pdf#page=20,millimeters,Mixed/source-specific; resolve exact release and observation period before execution,s,20,pending_original_inputs,Original raw inputs not acquired in this pass; source preparation and validation remain pending.,,open_surrogate_estimate,open_surrogate,0.004418299999088049
aet_mm_s05,Global High-Resolution Soil-Water Balance,Trabucco & Zomer 2010,https://data.hydrosheds.org/file/technical-documentation/BasinATLAS_Catalog_v10.pdf#page=20,millimeters,Mixed/source-specific; resolve exact release and observation period before execution,s,20,pending_original_inputs,Original raw inputs not acquired in this pass; source preparation and validation remain pending.,,open_surrogate_estimate,open_surrogate,0.0037339999980758876
aet_mm_s06,Global High-Resolution Soil-Water Balance,Trabucco & Zomer 2010,https://data.hydrosheds.org/file/technical-documentation/BasinATLAS_Catalog_v10.pdf#page=20,millimeters,Mixed/source-specific; resolve exact release and observation period before execution,s,20,pending_original_inputs,Original raw inputs not acquired in this pass; source preparation and validation remain pending.,,open_surrogate_estimate,open_surrogate,0.0030306999979075044
aet_mm_s07,Global High-Resolution Soil-Water Balance,Trabucco & Zomer 2010,https://data.hydrosheds.org/file/technical-documentation/BasinATLAS_Catalog_v10.pdf#page=20,millimeters,Mixed/source-specific; resolve exact release and observation period before execution,s,20,pending_original_inputs,Original raw inputs not acquired in this pass; source preparation and validation remain pending.,,open_surrogate_estimate,open_surrogate,0.0031451999966520816
aet_mm_s08,Global High-Resolution Soil-Water Balance,Trabucco & Zomer 2010,https://data.hydrosheds.org/file/technical-documentation/BasinATLAS_Catalog_v10.pdf#page=20,millimeters,Mixed/source-specific; resolve exact release and observation period before execution,s,20,pending_original_inputs,Original raw inputs not acquired in this pass; source preparation and validation remain pending.,,open_surrogate_estimate,open_surrogate,0.0030138999863993376
aet_mm_s09,Global High-Resolution Soil-Water Balance,Trabucco & Zomer 2010,https://data.hydrosheds.org/file/technical-documentation/BasinATLAS_Catalog_v10.pdf#page=20,millimeters,Mixed/source-specific; resolve exact release and observation period before execution,s,20,pending_original_inputs,Original raw inputs not acquired in this pass; source preparation and validation remain pending.,,open_surrogate_estimate,open_surrogate,0.0030103000171948224
aet_mm_s10,Global High-Resolution Soil-Water Balance,Trabucco & Zomer 2010,https://data.hydrosheds.org/file/technical-documentation/BasinATLAS_Catalog_v10.pdf#page=20,millimeters,Mixed/source-specific; resolve exact release and observation period before execution,s,20,pending_original_inputs,Original raw inputs not acquired in this pass; source preparation and validation remain pending.,,open_surrogate_estimate,open_surrogate,0.0030086000042501837
aet_mm_s11,Global High-Resolution Soil-Water Balance,Trabucco & Zomer 2010,https://data.hydrosheds.org/file/technical-documentation/BasinATLAS_Catalog_v10.pdf#page=20,millimeters,Mixed/source-specific; resolve exact release and observation period before execution,s,20,pending_original_inputs,Original raw inputs not acquired in this pass; source preparation and validation remain pending.,,open_surrogate_estimate,open_surrogate,0.003001600009156391
aet_mm_s12,Global High-Resolution Soil-Water Balance,Trabucco & Zomer 2010,https://data.hydrosheds.org/file/technical-documentation/BasinATLAS_Catalog_v10.pdf#page=20,millimeters,Mixed/source-specific; resolve exact release and observation period before execution,s,20,pending_original_inputs,Original raw inputs not acquired in this pass; source preparation and validation remain pending.,,open_surrogate_estimate,open_surrogate,0.00321649998659268
aet_mm_syr,Global High-Resolution Soil-Water Balance,Trabucco & Zomer 2010,https://data.hydrosheds.org/file/technical-documentation/BasinATLAS_Catalog_v10.pdf#page=20,millimeters,Mixed/source-specific; resolve exact release and observation period before execution,s,20,pending_original_inputs,Original raw inputs not acquired in this pass; source preparation and validation remain pending.,,open_surrogate_estimate,open_surrogate,0.003046999976504594
aet_mm_uyr,Global High-Resolution Soil-Water Balance,Trabucco & Zomer 2010,https://data.hydrosheds.org/file/technical-documentation/BasinATLAS_Catalog_v10.pdf#page=20,millimeters,Mixed/source-specific; resolve exact release and observation period before execution,u,20,pending_original_inputs,Original raw inputs not acquired in this pass; source preparation and validation remain pending.,,open_surrogate_estimate,open_surrogate,0.0031045000068843365
ari_ix_sav,Global Aridity Index v1,Zomer et al. 2008,https://data.hydrosheds.org/file/technical-documentation/BasinATLAS_Catalog_v10.pdf#page=21,index value (x100),Mixed/source-specific; resolve exact release and observation period before execution,s,20,pending_original_inputs,Original raw inputs not acquired in this pass; source preparation and validation remain pending.,,open_surrogate_estimate,method_reimplementation,0.0030218999891076237
ari_ix_uav,Global Aridity Index v1,Zomer et al. 2008,https://data.hydrosheds.org/file/technical-documentation/BasinATLAS_Catalog_v10.pdf#page=21,index value (x100),Mixed/source-specific; resolve exact release and observation period before execution,u,20,pending_original_inputs,Original raw inputs not acquired in this pass; source preparation and validation remain pending.,,open_surrogate_estimate,method_reimplementation,0.003065600001718849
cls_cl_smj,Global Environmental Stratification (GEnS),Metzger et al. 2013,https://data.hydrosheds.org/file/technical-documentation/BasinATLAS_Catalog_v10.pdf#page=16,classes (125),Mixed/source-specific; resolve exact release and observation period before execution,s,20,pending_original_inputs,Original raw inputs not acquired in this pass; source preparation and validation remain pending.,,no_open_surrogate_in_this_pass,pending_open_source,
cly_pc_sav,SoilGrids1km,Hengl et al. 2014,https://data.hydrosheds.org/file/technical-documentation/BasinATLAS_Catalog_v10.pdf#page=41,percent,Mixed/source-specific; resolve exact release and observation period before execution,s,20,pending_original_inputs,Original raw inputs not acquired in this pass; source preparation and validation remain pending.,,open_surrogate_estimate,open_surrogate,0.003174299985403195
cly_pc_uav,SoilGrids1km,Hengl et al. 2014,https://data.hydrosheds.org/file/technical-documentation/BasinATLAS_Catalog_v10.pdf#page=41,percent,Mixed/source-specific; resolve exact release and observation period before execution,u,20,pending_original_inputs,Original raw inputs not acquired in this pass; source preparation and validation remain pending.,,open_surrogate_estimate,open_surrogate,0.0032063999969977885
clz_cl_smj,Global Environmental Stratification (GEnS),Metzger et al. 2013,https://data.hydrosheds.org/file/technical-documentation/BasinATLAS_Catalog_v10.pdf#page=15,classes (18),Mixed/source-specific; resolve exact release and observation period before execution,s,20,pending_original_inputs,Original raw inputs not acquired in this pass; source preparation and validation remain pending.,,no_open_surrogate_in_this_pass,pending_open_source,
cmi_ix_s01,WorldClim v1.4 and Global-PET v1,Hijmans et al. 2005,https://data.hydrosheds.org/file/technical-documentation/BasinATLAS_Catalog_v10.pdf#page=22,index value (x100),Mixed/source-specific; resolve exact release and observation period before execution,s,20,pending_original_inputs,Original raw inputs not acquired in this pass; source preparation and validation remain pending.,,open_surrogate_estimate,method_reimplementation,0.0030543000029865652
cmi_ix_s02,WorldClim v1.4 and Global-PET v1,Hijmans et al. 2005,https://data.hydrosheds.org/file/technical-documentation/BasinATLAS_Catalog_v10.pdf#page=22,index value (x100),Mixed/source-specific; resolve exact release and observation period before execution,s,20,pending_original_inputs,Original raw inputs not acquired in this pass; source preparation and validation remain pending.,,open_surrogate_estimate,method_reimplementation,0.0033387999865226448
cmi_ix_s03,WorldClim v1.4 and Global-PET v1,Hijmans et al. 2005,https://data.hydrosheds.org/file/technical-documentation/BasinATLAS_Catalog_v10.pdf#page=22,index value (x100),Mixed/source-specific; resolve exact release and observation period before execution,s,20,pending_original_inputs,Original raw inputs not acquired in this pass; source preparation and validation remain pending.,,open_surrogate_estimate,method_reimplementation,0.003174500016029924
cmi_ix_s04,WorldClim v1.4 and Global-PET v1,Hijmans et al. 2005,https://data.hydrosheds.org/file/technical-documentation/BasinATLAS_Catalog_v10.pdf#page=22,index value (x100),Mixed/source-specific; resolve exact release and observation period before execution,s,20,pending_original_inputs,Original raw inputs not acquired in this pass; source preparation and validation remain pending.,,open_surrogate_estimate,method_reimplementation,0.00306389998877421
cmi_ix_s05,WorldClim v1.4 and Global-PET v1,Hijmans et al. 2005,https://data.hydrosheds.org/file/technical-documentation/BasinATLAS_Catalog_v10.pdf#page=22,index value (x100),Mixed/source-specific; resolve exact release and observation period before execution,s,20,pending_original_inputs,Original raw inputs not acquired in this pass; source preparation and validation remain pending.,,open_surrogate_estimate,method_reimplementation,0.0030487000185530633
cmi_ix_s06,WorldClim v1.4 and Global-PET v1,Hijmans et al. 2005,https://data.hydrosheds.org/file/technical-documentation/BasinATLAS_Catalog_v10.pdf#page=22,index value (x100),Mixed/source-specific; resolve exact release and observation period before execution,s,20,pending_original_inputs,Original raw inputs not acquired in this pass; source preparation and validation remain pending.,,open_surrogate_estimate,method_reimplementation,0.0032066999992821366
cmi_ix_s07,WorldClim v1.4 and Global-PET v1,Hijmans et al. 2005,https://data.hydrosheds.org/file/technical-documentation/BasinATLAS_Catalog_v10.pdf#page=22,index value (x100),Mixed/source-specific; resolve exact release and observation period before execution,s,20,pending_original_inputs,Original raw inputs not acquired in this pass; source preparation and validation remain pending.,,open_surrogate_estimate,method_reimplementation,0.0030972999811638147
cmi_ix_s08,WorldClim v1.4 and Global-PET v1,Hijmans et al. 2005,https://data.hydrosheds.org/file/technical-documentation/BasinATLAS_Catalog_v10.pdf#page=22,index value (x100),Mixed/source-specific; resolve exact release and observation period before execution,s,20,pending_original_inputs,Original raw inputs not acquired in this pass; source preparation and validation remain pending.,,open_surrogate_estimate,method_reimplementation,0.00301949999993667
cmi_ix_s09,WorldClim v1.4 and Global-PET v1,Hijmans et al. 2005,https://data.hydrosheds.org/file/technical-documentation/BasinATLAS_Catalog_v10.pdf#page=22,index value (x100),Mixed/source-specific; resolve exact release and observation period before execution,s,20,pending_original_inputs,Original raw inputs not acquired in this pass; source preparation and validation remain pending.,,open_surrogate_estimate,method_reimplementation,0.0030162000039126724
cmi_ix_s10,WorldClim v1.4 and Global-PET v1,Hijmans et al. 2005,https://data.hydrosheds.org/file/technical-documentation/BasinATLAS_Catalog_v10.pdf#page=22,index value (x100),Mixed/source-specific; resolve exact release and observation period before execution,s,20,pending_original_inputs,Original raw inputs not acquired in this pass; source preparation and validation remain pending.,,open_surrogate_estimate,method_reimplementation,0.0030197999731171876
cmi_ix_s11,WorldClim v1.4 and Global-PET v1,Hijmans et al. 2005,https://data.hydrosheds.org/file/technical-documentation/BasinATLAS_Catalog_v10.pdf#page=22,index value (x100),Mixed/source-specific; resolve exact release and observation period before execution,s,20,pending_original_inputs,Original raw inputs not acquired in this pass; source preparation and validation remain pending.,,open_surrogate_estimate,method_reimplementation,0.003012700006365776
cmi_ix_s12,WorldClim v1.4 and Global-PET v1,Hijmans et al. 2005,https://data.hydrosheds.org/file/technical-documentation/BasinATLAS_Catalog_v10.pdf#page=22,index value (x100),Mixed/source-specific; resolve exact release and observation period before execution,s,20,pending_original_inputs,Original raw inputs not acquired in this pass; source preparation and validation remain pending.,,open_surrogate_estimate,method_reimplementation,0.0033418999810237437
cmi_ix_syr,WorldClim v1.4 and Global-PET v1,Hijmans et al. 2005,https://data.hydrosheds.org/file/technical-documentation/BasinATLAS_Catalog_v10.pdf#page=22,index value (x100),Mixed/source-specific; resolve exact release and observation period before execution,s,20,pending_original_inputs,Original raw inputs not acquired in this pass; source preparation and validation remain pending.,,open_surrogate_estimate,method_reimplementation,0.0030301999941002578
cmi_ix_uyr,WorldClim v1.4 and Global-PET v1,Hijmans et al. 2005,https://data.hydrosheds.org/file/technical-documentation/BasinATLAS_Catalog_v10.pdf#page=22,index value (x100),Mixed/source-specific; resolve exact release and observation period before execution,u,20,pending_original_inputs,Original raw inputs not acquired in this pass; source preparation and validation remain pending.,,open_surrogate_estimate,method_reimplementation,0.003217599994968623
crp_pc_sse,EarthStat,Ramankutty et al. 2008,https://data.hydrosheds.org/file/technical-documentation/BasinATLAS_Catalog_v10.pdf#page=31,percent cover,circa 2000,s,20,pending_original_inputs,Original raw inputs not acquired in this pass; source preparation and validation remain pending.,,open_surrogate_estimate,open_surrogate,0.003162899985909462
crp_pc_use,EarthStat,Ramankutty et al. 2008,https://data.hydrosheds.org/file/technical-documentation/BasinATLAS_Catalog_v10.pdf#page=31,percent cover,circa 2000,u,20,pending_original_inputs,Original raw inputs not acquired in this pass; source preparation and validation remain pending.,,open_surrogate_estimate,open_surrogate,0.0030854000069666654
dis_m3_pmn,WaterGAP v2.2 (data of 2014),Döll et al. 2003,https://data.hydrosheds.org/file/technical-documentation/BasinATLAS_Catalog_v10.pdf#page=2,cubic meters/second,1971-2000,p,20,pending_original_inputs,Original raw inputs not acquired in this pass; source preparation and validation remain pending.,,open_surrogate_estimate,open_surrogate,
dis_m3_pmx,WaterGAP v2.2 (data of 2014),Döll et al. 2003,https://data.hydrosheds.org/file/technical-documentation/BasinATLAS_Catalog_v10.pdf#page=2,cubic meters/second,1971-2000,p,20,pending_original_inputs,Original raw inputs not acquired in this pass; source preparation and validation remain pending.,,open_surrogate_estimate,open_surrogate,
dis_m3_pyr,WaterGAP v2.2 (data of 2014),Döll et al. 2003,https://data.hydrosheds.org/file/technical-documentation/BasinATLAS_Catalog_v10.pdf#page=2,cubic meters/second,1971-2000,p,20,pending_original_inputs,Original raw inputs not acquired in this pass; source preparation and validation remain pending.,,open_surrogate_estimate,open_surrogate,
dor_pc_pva,HydroSHEDS and Global Reservoir and Dams (GRanD) database v1.1,Lehner et al. 2011,https://data.hydrosheds.org/file/technical-documentation/BasinATLAS_Catalog_v10.pdf#page=8,percent (x10),Mixed/source-specific; resolve exact release and observation period before execution,p,20,pending_original_inputs,Original raw inputs not acquired in this pass; source preparation and validation remain pending.,,no_open_surrogate_in_this_pass,pending_open_source,
ele_mt_sav,EarthEnv-DEM90,Robinson et al. 2014,https://data.hydrosheds.org/file/technical-documentation/BasinATLAS_Catalog_v10.pdf#page=12,meters a.s.l.,Mixed/source-specific; resolve exact release and observation period before execution,s,20,computed_candidate,Original vector zones rasterized at 15 arc-seconds need equivalence review against the native atlas zone grid. Independent operator rerun pending.,0.14510920000611804,carried_by_original_vintage_pass,original_source_family,
ele_mt_smn,EarthEnv-DEM90,Robinson et al. 2014,https://data.hydrosheds.org/file/technical-documentation/BasinATLAS_Catalog_v10.pdf#page=12,meters a.s.l.,Mixed/source-specific; resolve exact release and observation period before execution,s,20,computed_candidate,Original vector zones rasterized at 15 arc-seconds need equivalence review against the native atlas zone grid. Independent operator rerun pending.,0.1404509000130929,carried_by_original_vintage_pass,original_source_family,
ele_mt_smx,EarthEnv-DEM90,Robinson et al. 2014,https://data.hydrosheds.org/file/technical-documentation/BasinATLAS_Catalog_v10.pdf#page=12,meters a.s.l.,Mixed/source-specific; resolve exact release and observation period before execution,s,20,computed_candidate,Original vector zones rasterized at 15 arc-seconds need equivalence review against the native atlas zone grid. Independent operator rerun pending.,0.13752769998973235,carried_by_original_vintage_pass,original_source_family,
ele_mt_uav,EarthEnv-DEM90,Robinson et al. 2014,https://data.hydrosheds.org/file/technical-documentation/BasinATLAS_Catalog_v10.pdf#page=12,meters a.s.l.,Mixed/source-specific; resolve exact release and observation period before execution,u,20,computed_candidate,Original vector zones rasterized at 15 arc-seconds need equivalence review against the native atlas zone grid. Upstream union of unique basin zones needs comparison with original pixel flow accumulation. Independent operator rerun pending.,0.1235822000016924,carried_by_original_vintage_pass,original_source_family,
ero_kh_sav,RUSLE-based Global Soil Erosion Modelling platform (GloSEM) v1.2,Borrelli et al. 2017,https://data.hydrosheds.org/file/technical-documentation/BasinATLAS_Catalog_v10.pdf#page=48,kg/hectare per year,Mixed/source-specific; resolve exact release and observation period before execution,s,20,pending_original_inputs,Original raw inputs not acquired in this pass; source preparation and validation remain pending.,,no_open_surrogate_in_this_pass,pending_open_source,
ero_kh_uav,RUSLE-based Global Soil Erosion Modelling platform (GloSEM) v1.2,Borrelli et al. 2017,https://data.hydrosheds.org/file/technical-documentation/BasinATLAS_Catalog_v10.pdf#page=48,kg/hectare per year,Mixed/source-specific; resolve exact release and observation period before execution,u,20,pending_original_inputs,Original raw inputs not acquired in this pass; source preparation and validation remain pending.,,no_open_surrogate_in_this_pass,pending_open_source,
fec_cl_smj,Freshwater Ecoregions of the World (FEOW),Abell et al. 2008,https://data.hydrosheds.org/file/technical-documentation/BasinATLAS_Catalog_v10.pdf#page=40,classes (426),Mixed/source-specific; resolve exact release and observation period before execution,s,20,pending_original_inputs,Original raw inputs not acquired in this pass; source preparation and validation remain pending.,,no_open_surrogate_in_this_pass,pending_open_source,
fmh_cl_smj,Freshwater Ecoregions of the World (FEOW),Abell et al. 2008,https://data.hydrosheds.org/file/technical-documentation/BasinATLAS_Catalog_v10.pdf#page=39,classes (13),Mixed/source-specific; resolve exact release and observation period before execution,s,20,pending_original_inputs,Original raw inputs not acquired in this pass; source preparation and validation remain pending.,,no_open_surrogate_in_this_pass,pending_open_source,
for_pc_sse,GLC2000,Bartholomé & Belward 2005,https://data.hydrosheds.org/file/technical-documentation/BasinATLAS_Catalog_v10.pdf#page=30,percent cover,2000,s,20,pending_original_inputs,Original raw inputs not acquired in this pass; source preparation and validation remain pending.,,open_surrogate_estimate,open_surrogate,0.0031396999838761985
for_pc_use,GLC2000,Bartholomé & Belward 2005,https://data.hydrosheds.org/file/technical-documentation/BasinATLAS_Catalog_v10.pdf#page=30,percent cover,2000,u,20,pending_original_inputs,Original raw inputs not acquired in this pass; source preparation and validation remain pending.,,open_surrogate_estimate,open_surrogate,0.0030802999972365797
gad_id_smj,Global Administrative Areas (GADM) v2.0,University of Berkeley 2012,https://data.hydrosheds.org/file/technical-documentation/BasinATLAS_Catalog_v10.pdf#page=55,ID number,2012,s,20,pending_original_inputs,Original raw inputs not acquired in this pass; source preparation and validation remain pending.,,no_open_surrogate_in_this_pass,pending_open_source,
gdp_ud_sav,Gross Domestic Product Purchasing Power Parity (GDP PPP) v2,Kummu et al. 2018,https://data.hydrosheds.org/file/technical-documentation/BasinATLAS_Catalog_v10.pdf#page=56,US dollars,2015,s,20,pending_original_inputs,Original raw inputs not acquired in this pass; source preparation and validation remain pending.,,no_open_surrogate_in_this_pass,pending_open_source,
gdp_ud_ssu,Gross Domestic Product Purchasing Power Parity (GDP PPP) v2,Kummu et al. 2018,https://data.hydrosheds.org/file/technical-documentation/BasinATLAS_Catalog_v10.pdf#page=56,US dollars,2015,s,20,pending_original_inputs,Original raw inputs not acquired in this pass; source preparation and validation remain pending.,,no_open_surrogate_in_this_pass,pending_open_source,
gdp_ud_usu,Gross Domestic Product Purchasing Power Parity (GDP PPP) v2,Kummu et al. 2018,https://data.hydrosheds.org/file/technical-documentation/BasinATLAS_Catalog_v10.pdf#page=56,US dollars,2015,u,20,pending_original_inputs,Original raw inputs not acquired in this pass; source preparation and validation remain pending.,,no_open_surrogate_in_this_pass,pending_open_source,
gla_pc_sse,Global Land Ice Measurements from Space (GLIMS),GLIMS & NSIDC 2012,https://data.hydrosheds.org/file/technical-documentation/BasinATLAS_Catalog_v10.pdf#page=34,percent cover,Mixed/source-specific; resolve exact release and observation period before execution,s,20,pending_original_inputs,Original raw inputs not acquired in this pass; source preparation and validation remain pending.,,open_surrogate_estimate,original_source_family,0.0031832999957259744
gla_pc_use,Global Land Ice Measurements from Space (GLIMS),GLIMS & NSIDC 2012,https://data.hydrosheds.org/file/technical-documentation/BasinATLAS_Catalog_v10.pdf#page=34,percent cover,Mixed/source-specific; resolve exact release and observation period before execution,u,20,pending_original_inputs,Original raw inputs not acquired in this pass; source preparation and validation remain pending.,,open_surrogate_estimate,original_source_family,0.003298199997516349
glc_cl_smj,GLC2000,Bartholomé & Belward 2005,https://data.hydrosheds.org/file/technical-documentation/BasinATLAS_Catalog_v10.pdf#page=24,classes (22),2000,s,20,pending_original_inputs,Original raw inputs not acquired in this pass; source preparation and validation remain pending.,,open_surrogate_estimate,crosswalk_surrogate,0.06936930000665598
glc_pc_s01,GLC2000,Bartholomé & Belward 2005,https://data.hydrosheds.org/file/technical-documentation/BasinATLAS_Catalog_v10.pdf#page=25,percent cover,2000,s,20,pending_original_inputs,Original raw inputs not acquired in this pass; source preparation and validation remain pending.,,open_surrogate_estimate,crosswalk_surrogate,0.0030141999886836857
glc_pc_s02,GLC2000,Bartholomé & Belward 2005,https://data.hydrosheds.org/file/technical-documentation/BasinATLAS_Catalog_v10.pdf#page=25,percent cover,2000,s,20,pending_original_inputs,Original raw inputs not acquired in this pass; source preparation and validation remain pending.,,open_surrogate_estimate,crosswalk_surrogate,0.0030147999932523817
glc_pc_s03,GLC2000,Bartholomé & Belward 2005,https://data.hydrosheds.org/file/technical-documentation/BasinATLAS_Catalog_v10.pdf#page=25,percent cover,2000,s,20,pending_original_inputs,Original raw inputs not acquired in this pass; source preparation and validation remain pending.,,open_surrogate_estimate,crosswalk_surrogate,0.0030337999924086034
glc_pc_s04,GLC2000,Bartholomé & Belward 2005,https://data.hydrosheds.org/file/technical-documentation/BasinATLAS_Catalog_v10.pdf#page=25,percent cover,2000,s,20,pending_original_inputs,Original raw inputs not acquired in this pass; source preparation and validation remain pending.,,open_surrogate_estimate,crosswalk_surrogate,0.0030784000118728727
glc_pc_s05,GLC2000,Bartholomé & Belward 2005,https://data.hydrosheds.org/file/technical-documentation/BasinATLAS_Catalog_v10.pdf#page=25,percent cover,2000,s,20,pending_original_inputs,Original raw inputs not acquired in this pass; source preparation and validation remain pending.,,open_surrogate_estimate,crosswalk_surrogate,0.0030672000139020383
glc_pc_s06,GLC2000,Bartholomé & Belward 2005,https://data.hydrosheds.org/file/technical-documentation/BasinATLAS_Catalog_v10.pdf#page=25,percent cover,2000,s,20,pending_original_inputs,Original raw inputs not acquired in this pass; source preparation and validation remain pending.,,open_surrogate_estimate,crosswalk_surrogate,0.0030243999790400267
glc_pc_s07,GLC2000,Bartholomé & Belward 2005,https://data.hydrosheds.org/file/technical-documentation/BasinATLAS_Catalog_v10.pdf#page=25,percent cover,2000,s,20,pending_original_inputs,Original raw inputs not acquired in this pass; source preparation and validation remain pending.,,open_surrogate_estimate,crosswalk_surrogate,0.003007799998158589
glc_pc_s08,GLC2000,Bartholomé & Belward 2005,https://data.hydrosheds.org/file/technical-documentation/BasinATLAS_Catalog_v10.pdf#page=25,percent cover,2000,s,20,pending_original_inputs,Original raw inputs not acquired in this pass; source preparation and validation remain pending.,,open_surrogate_estimate,crosswalk_surrogate,0.0030125000048428774
glc_pc_s09,GLC2000,Bartholomé & Belward 2005,https://data.hydrosheds.org/file/technical-documentation/BasinATLAS_Catalog_v10.pdf#page=25,percent cover,2000,s,20,pending_original_inputs,Original raw inputs not acquired in this pass; source preparation and validation remain pending.,,open_surrogate_estimate,crosswalk_surrogate,0.003070800012210384
glc_pc_s10,GLC2000,Bartholomé & Belward 2005,https://data.hydrosheds.org/file/technical-documentation/BasinATLAS_Catalog_v10.pdf#page=25,percent cover,2000,s,20,pending_original_inputs,Original raw inputs not acquired in this pass; source preparation and validation remain pending.,,open_surrogate_estimate,crosswalk_surrogate,0.0030236000020522624
glc_pc_s11,GLC2000,Bartholomé & Belward 2005,https://data.hydrosheds.org/file/technical-documentation/BasinATLAS_Catalog_v10.pdf#page=25,percent cover,2000,s,20,pending_original_inputs,Original raw inputs not acquired in this pass; source preparation and validation remain pending.,,open_surrogate_estimate,crosswalk_surrogate,0.0030254000157583505
glc_pc_s12,GLC2000,Bartholomé & Belward 2005,https://data.hydrosheds.org/file/technical-documentation/BasinATLAS_Catalog_v10.pdf#page=25,percent cover,2000,s,20,pending_original_inputs,Original raw inputs not acquired in this pass; source preparation and validation remain pending.,,open_surrogate_estimate,crosswalk_surrogate,0.0030049000051803887
glc_pc_s13,GLC2000,Bartholomé & Belward 2005,https://data.hydrosheds.org/file/technical-documentation/BasinATLAS_Catalog_v10.pdf#page=25,percent cover,2000,s,20,pending_original_inputs,Original raw inputs not acquired in this pass; source preparation and validation remain pending.,,open_surrogate_estimate,crosswalk_surrogate,0.003007199993589893
glc_pc_s14,GLC2000,Bartholomé & Belward 2005,https://data.hydrosheds.org/file/technical-documentation/BasinATLAS_Catalog_v10.pdf#page=25,percent cover,2000,s,20,pending_original_inputs,Original raw inputs not acquired in this pass; source preparation and validation remain pending.,,open_surrogate_estimate,crosswalk_surrogate,0.003033399989362806
glc_pc_s15,GLC2000,Bartholomé & Belward 2005,https://data.hydrosheds.org/file/technical-documentation/BasinATLAS_Catalog_v10.pdf#page=25,percent cover,2000,s,20,pending_original_inputs,Original raw inputs not acquired in this pass; source preparation and validation remain pending.,,open_surrogate_estimate,crosswalk_surrogate,0.0030457999964710325
glc_pc_s16,GLC2000,Bartholomé & Belward 2005,https://data.hydrosheds.org/file/technical-documentation/BasinATLAS_Catalog_v10.pdf#page=25,percent cover,2000,s,20,pending_original_inputs,Original raw inputs not acquired in this pass; source preparation and validation remain pending.,,open_surrogate_estimate,crosswalk_surrogate,0.003044600016437471
glc_pc_s17,GLC2000,Bartholomé & Belward 2005,https://data.hydrosheds.org/file/technical-documentation/BasinATLAS_Catalog_v10.pdf#page=25,percent cover,2000,s,20,pending_original_inputs,Original raw inputs not acquired in this pass; source preparation and validation remain pending.,,open_surrogate_estimate,crosswalk_surrogate,0.003108900011284277
glc_pc_s18,GLC2000,Bartholomé & Belward 2005,https://data.hydrosheds.org/file/technical-documentation/BasinATLAS_Catalog_v10.pdf#page=25,percent cover,2000,s,20,pending_original_inputs,Original raw inputs not acquired in this pass; source preparation and validation remain pending.,,open_surrogate_estimate,crosswalk_surrogate,0.003035500005353242
glc_pc_s19,GLC2000,Bartholomé & Belward 2005,https://data.hydrosheds.org/file/technical-documentation/BasinATLAS_Catalog_v10.pdf#page=25,percent cover,2000,s,20,pending_original_inputs,Original raw inputs not acquired in this pass; source preparation and validation remain pending.,,open_surrogate_estimate,crosswalk_surrogate,0.003011799999512732
glc_pc_s20,GLC2000,Bartholomé & Belward 2005,https://data.hydrosheds.org/file/technical-documentation/BasinATLAS_Catalog_v10.pdf#page=25,percent cover,2000,s,20,pending_original_inputs,Original raw inputs not acquired in this pass; source preparation and validation remain pending.,,open_surrogate_estimate,crosswalk_surrogate,0.0030313000024762005
glc_pc_s21,GLC2000,Bartholomé & Belward 2005,https://data.hydrosheds.org/file/technical-documentation/BasinATLAS_Catalog_v10.pdf#page=25,percent cover,2000,s,20,pending_original_inputs,Original raw inputs not acquired in this pass; source preparation and validation remain pending.,,open_surrogate_estimate,crosswalk_surrogate,0.0030094000103417784
glc_pc_s22,GLC2000,Bartholomé & Belward 2005,https://data.hydrosheds.org/file/technical-documentation/BasinATLAS_Catalog_v10.pdf#page=25,percent cover,2000,s,20,pending_original_inputs,Original raw inputs not acquired in this pass; source preparation and validation remain pending.,,open_surrogate_estimate,crosswalk_surrogate,0.0030063999874982983
glc_pc_u01,GLC2000,Bartholomé & Belward 2005,https://data.hydrosheds.org/file/technical-documentation/BasinATLAS_Catalog_v10.pdf#page=25,percent cover,2000,u,20,pending_original_inputs,Original raw inputs not acquired in this pass; source preparation and validation remain pending.,,open_surrogate_estimate,crosswalk_surrogate,0.003092400002060458
glc_pc_u02,GLC2000,Bartholomé & Belward 2005,https://data.hydrosheds.org/file/technical-documentation/BasinATLAS_Catalog_v10.pdf#page=25,percent cover,2000,u,20,pending_original_inputs,Original raw inputs not acquired in this pass; source preparation and validation remain pending.,,open_surrogate_estimate,crosswalk_surrogate,0.0031020999886095524
glc_pc_u03,GLC2000,Bartholomé & Belward 2005,https://data.hydrosheds.org/file/technical-documentation/BasinATLAS_Catalog_v10.pdf#page=25,percent cover,2000,u,20,pending_original_inputs,Original raw inputs not acquired in this pass; source preparation and validation remain pending.,,open_surrogate_estimate,crosswalk_surrogate,0.003237900004023686
glc_pc_u04,GLC2000,Bartholomé & Belward 2005,https://data.hydrosheds.org/file/technical-documentation/BasinATLAS_Catalog_v10.pdf#page=25,percent cover,2000,u,20,pending_original_inputs,Original raw inputs not acquired in this pass; source preparation and validation remain pending.,,open_surrogate_estimate,crosswalk_surrogate,0.0030960000003688037
glc_pc_u05,GLC2000,Bartholomé & Belward 2005,https://data.hydrosheds.org/file/technical-documentation/BasinATLAS_Catalog_v10.pdf#page=25,percent cover,2000,u,20,pending_original_inputs,Original raw inputs not acquired in this pass; source preparation and validation remain pending.,,open_surrogate_estimate,crosswalk_surrogate,0.0031213000183925033
glc_pc_u06,GLC2000,Bartholomé & Belward 2005,https://data.hydrosheds.org/file/technical-documentation/BasinATLAS_Catalog_v10.pdf#page=25,percent cover,2000,u,20,pending_original_inputs,Original raw inputs not acquired in this pass; source preparation and validation remain pending.,,open_surrogate_estimate,crosswalk_surrogate,0.0031257000227924436
glc_pc_u07,GLC2000,Bartholomé & Belward 2005,https://data.hydrosheds.org/file/technical-documentation/BasinATLAS_Catalog_v10.pdf#page=25,percent cover,2000,u,20,pending_original_inputs,Original raw inputs not acquired in this pass; source preparation and validation remain pending.,,open_surrogate_estimate,crosswalk_surrogate,0.0030789999873377383
glc_pc_u08,GLC2000,Bartholomé & Belward 2005,https://data.hydrosheds.org/file/technical-documentation/BasinATLAS_Catalog_v10.pdf#page=25,percent cover,2000,u,20,pending_original_inputs,Original raw inputs not acquired in this pass; source preparation and validation remain pending.,,open_surrogate_estimate,crosswalk_surrogate,0.003102599992416799
glc_pc_u09,GLC2000,Bartholomé & Belward 2005,https://data.hydrosheds.org/file/technical-documentation/BasinATLAS_Catalog_v10.pdf#page=25,percent cover,2000,u,20,pending_original_inputs,Original raw inputs not acquired in this pass; source preparation and validation remain pending.,,open_surrogate_estimate,crosswalk_surrogate,0.0031177999917417765
glc_pc_u10,GLC2000,Bartholomé & Belward 2005,https://data.hydrosheds.org/file/technical-documentation/BasinATLAS_Catalog_v10.pdf#page=25,percent cover,2000,u,20,pending_original_inputs,Original raw inputs not acquired in this pass; source preparation and validation remain pending.,,open_surrogate_estimate,crosswalk_surrogate,0.0031116000027395785
glc_pc_u11,GLC2000,Bartholomé & Belward 2005,https://data.hydrosheds.org/file/technical-documentation/BasinATLAS_Catalog_v10.pdf#page=25,percent cover,2000,u,20,pending_original_inputs,Original raw inputs not acquired in this pass; source preparation and validation remain pending.,,open_surrogate_estimate,crosswalk_surrogate,0.0031156999757513404
glc_pc_u12,GLC2000,Bartholomé & Belward 2005,https://data.hydrosheds.org/file/technical-documentation/BasinATLAS_Catalog_v10.pdf#page=25,percent cover,2000,u,20,pending_original_inputs,Original raw inputs not acquired in this pass; source preparation and validation remain pending.,,open_surrogate_estimate,crosswalk_surrogate,0.0031037000007927418
glc_pc_u13,GLC2000,Bartholomé & Belward 2005,https://data.hydrosheds.org/file/technical-documentation/BasinATLAS_Catalog_v10.pdf#page=25,percent cover,2000,u,20,pending_original_inputs,Original raw inputs not acquired in this pass; source preparation and validation remain pending.,,open_surrogate_estimate,crosswalk_surrogate,0.0032441999937873334
glc_pc_u14,GLC2000,Bartholomé & Belward 2005,https://data.hydrosheds.org/file/technical-documentation/BasinATLAS_Catalog_v10.pdf#page=25,percent cover,2000,u,20,pending_original_inputs,Original raw inputs not acquired in this pass; source preparation and validation remain pending.,,open_surrogate_estimate,crosswalk_surrogate,0.0031033999985083938
glc_pc_u15,GLC2000,Bartholomé & Belward 2005,https://data.hydrosheds.org/file/technical-documentation/BasinATLAS_Catalog_v10.pdf#page=25,percent cover,2000,u,20,pending_original_inputs,Original raw inputs not acquired in this pass; source preparation and validation remain pending.,,open_surrogate_estimate,crosswalk_surrogate,0.0030934999813325703
glc_pc_u16,GLC2000,Bartholomé & Belward 2005,https://data.hydrosheds.org/file/technical-documentation/BasinATLAS_Catalog_v10.pdf#page=25,percent cover,2000,u,20,pending_original_inputs,Original raw inputs not acquired in this pass; source preparation and validation remain pending.,,open_surrogate_estimate,crosswalk_surrogate,0.003088400000706315
glc_pc_u17,GLC2000,Bartholomé & Belward 2005,https://data.hydrosheds.org/file/technical-documentation/BasinATLAS_Catalog_v10.pdf#page=25,percent cover,2000,u,20,pending_original_inputs,Original raw inputs not acquired in this pass; source preparation and validation remain pending.,,open_surrogate_estimate,crosswalk_surrogate,0.0031186999985948205
glc_pc_u18,GLC2000,Bartholomé & Belward 2005,https://data.hydrosheds.org/file/technical-documentation/BasinATLAS_Catalog_v10.pdf#page=25,percent cover,2000,u,20,pending_original_inputs,Original raw inputs not acquired in this pass; source preparation and validation remain pending.,,open_surrogate_estimate,crosswalk_surrogate,0.003211199975339696
glc_pc_u19,GLC2000,Bartholomé & Belward 2005,https://data.hydrosheds.org/file/technical-documentation/BasinATLAS_Catalog_v10.pdf#page=25,percent cover,2000,u,20,pending_original_inputs,Original raw inputs not acquired in this pass; source preparation and validation remain pending.,,open_surrogate_estimate,crosswalk_surrogate,0.0030848000023979694
glc_pc_u20,GLC2000,Bartholomé & Belward 2005,https://data.hydrosheds.org/file/technical-documentation/BasinATLAS_Catalog_v10.pdf#page=25,percent cover,2000,u,20,pending_original_inputs,Original raw inputs not acquired in this pass; source preparation and validation remain pending.,,open_surrogate_estimate,crosswalk_surrogate,0.003072399995289743
glc_pc_u21,GLC2000,Bartholomé & Belward 2005,https://data.hydrosheds.org/file/technical-documentation/BasinATLAS_Catalog_v10.pdf#page=25,percent cover,2000,u,20,pending_original_inputs,Original raw inputs not acquired in this pass; source preparation and validation remain pending.,,open_surrogate_estimate,crosswalk_surrogate,0.0031131999858189374
glc_pc_u22,GLC2000,Bartholomé & Belward 2005,https://data.hydrosheds.org/file/technical-documentation/BasinATLAS_Catalog_v10.pdf#page=25,percent cover,2000,u,20,pending_original_inputs,Original raw inputs not acquired in this pass; source preparation and validation remain pending.,,open_surrogate_estimate,crosswalk_surrogate,0.0030749000143259764
gwt_cm_sav,Global Groundwater Map,Fan et al. 2013,https://data.hydrosheds.org/file/technical-documentation/BasinATLAS_Catalog_v10.pdf#page=11,centimeters,Mixed/source-specific; resolve exact release and observation period before execution,s,20,pending_original_inputs,Original raw inputs not acquired in this pass; source preparation and validation remain pending.,,no_open_surrogate_in_this_pass,pending_open_source,
hdi_ix_sav,Human Development Index (HDI) v2,Kummu et al. 2018,https://data.hydrosheds.org/file/technical-documentation/BasinATLAS_Catalog_v10.pdf#page=57,index value (x1000),2015,s,20,pending_original_inputs,Original raw inputs not acquired in this pass; source preparation and validation remain pending.,,no_open_surrogate_in_this_pass,pending_open_source,
hft_ix_s09,Global Human Footprint v2,Venter et al. 2016,https://data.hydrosheds.org/file/technical-documentation/BasinATLAS_Catalog_v10.pdf#page=54,index value (x10),1993 / 2009,s,20,pending_original_inputs,Original raw inputs not acquired in this pass; source preparation and validation remain pending.,,open_surrogate_estimate,weak_surrogate,0.0030706999823451042
hft_ix_s93,Global Human Footprint v2,Venter et al. 2016,https://data.hydrosheds.org/file/technical-documentation/BasinATLAS_Catalog_v10.pdf#page=54,index value (x10),1993 / 2009,s,20,pending_original_inputs,Original raw inputs not acquired in this pass; source preparation and validation remain pending.,,no_open_surrogate_in_this_pass,weak_surrogate,
hft_ix_u09,Global Human Footprint v2,Venter et al. 2016,https://data.hydrosheds.org/file/technical-documentation/BasinATLAS_Catalog_v10.pdf#page=54,index value (x10),1993 / 2009,u,20,pending_original_inputs,Original raw inputs not acquired in this pass; source preparation and validation remain pending.,,open_surrogate_estimate,weak_surrogate,0.0030817000078968704
hft_ix_u93,Global Human Footprint v2,Venter et al. 2016,https://data.hydrosheds.org/file/technical-documentation/BasinATLAS_Catalog_v10.pdf#page=54,index value (x10),1993 / 2009,u,20,pending_original_inputs,Original raw inputs not acquired in this pass; source preparation and validation remain pending.,,no_open_surrogate_in_this_pass,weak_surrogate,
inu_pc_slt,Global Inundation Extent from Multi-Satellites (GIEMS-D15),Fluet-Chouinard et al. 2015,https://data.hydrosheds.org/file/technical-documentation/BasinATLAS_Catalog_v10.pdf#page=4,percent cover,1993-2004,s,20,pending_original_inputs,Original raw inputs not acquired in this pass; source preparation and validation remain pending.,,open_surrogate_estimate,weak_surrogate,0.003091400023549795
inu_pc_smn,Global Inundation Extent from Multi-Satellites (GIEMS-D15),Fluet-Chouinard et al. 2015,https://data.hydrosheds.org/file/technical-documentation/BasinATLAS_Catalog_v10.pdf#page=4,percent cover,1993-2004,s,20,pending_original_inputs,Original raw inputs not acquired in this pass; source preparation and validation remain pending.,,open_surrogate_estimate,weak_surrogate,0.0030571000243071467
inu_pc_smx,Global Inundation Extent from Multi-Satellites (GIEMS-D15),Fluet-Chouinard et al. 2015,https://data.hydrosheds.org/file/technical-documentation/BasinATLAS_Catalog_v10.pdf#page=4,percent cover,1993-2004,s,20,pending_original_inputs,Original raw inputs not acquired in this pass; source preparation and validation remain pending.,,open_surrogate_estimate,weak_surrogate,0.003051400010008365
inu_pc_ult,Global Inundation Extent from Multi-Satellites (GIEMS-D15),Fluet-Chouinard et al. 2015,https://data.hydrosheds.org/file/technical-documentation/BasinATLAS_Catalog_v10.pdf#page=4,percent cover,1993-2004,u,20,pending_original_inputs,Original raw inputs not acquired in this pass; source preparation and validation remain pending.,,open_surrogate_estimate,weak_surrogate,0.0030935999820940197
inu_pc_umn,Global Inundation Extent from Multi-Satellites (GIEMS-D15),Fluet-Chouinard et al. 2015,https://data.hydrosheds.org/file/technical-documentation/BasinATLAS_Catalog_v10.pdf#page=4,percent cover,1993-2004,u,20,pending_original_inputs,Original raw inputs not acquired in this pass; source preparation and validation remain pending.,,open_surrogate_estimate,weak_surrogate,0.0030817000078968704
inu_pc_umx,Global Inundation Extent from Multi-Satellites (GIEMS-D15),Fluet-Chouinard et al. 2015,https://data.hydrosheds.org/file/technical-documentation/BasinATLAS_Catalog_v10.pdf#page=4,percent cover,1993-2004,u,20,pending_original_inputs,Original raw inputs not acquired in this pass; source preparation and validation remain pending.,,open_surrogate_estimate,weak_surrogate,0.0031796999974176288
ire_pc_sse,Historical Irrigation Dataset (HID) v1.0,Siebert et al. 2015,https://data.hydrosheds.org/file/technical-documentation/BasinATLAS_Catalog_v10.pdf#page=33,percent cover,2005,s,20,pending_original_inputs,Original raw inputs not acquired in this pass; source preparation and validation remain pending.,,open_surrogate_estimate,weak_surrogate,0.0031248000159393996
ire_pc_use,Historical Irrigation Dataset (HID) v1.0,Siebert et al. 2015,https://data.hydrosheds.org/file/technical-documentation/BasinATLAS_Catalog_v10.pdf#page=33,percent cover,2005,u,20,pending_original_inputs,Original raw inputs not acquired in this pass; source preparation and validation remain pending.,,open_surrogate_estimate,weak_surrogate,0.003097099979640916
kar_pc_sse,World Map of Carbonate Rock Outcrops v3.0,Williams & Ford 2006,https://data.hydrosheds.org/file/technical-documentation/BasinATLAS_Catalog_v10.pdf#page=47,percent cover,Mixed/source-specific; resolve exact release and observation period before execution,s,20,pending_original_inputs,Original raw inputs not acquired in this pass; source preparation and validation remain pending.,,no_open_surrogate_in_this_pass,pending_open_source,
kar_pc_use,World Map of Carbonate Rock Outcrops v3.0,Williams & Ford 2006,https://data.hydrosheds.org/file/technical-documentation/BasinATLAS_Catalog_v10.pdf#page=47,percent cover,Mixed/source-specific; resolve exact release and observation period before execution,u,20,pending_original_inputs,Original raw inputs not acquired in this pass; source preparation and validation remain pending.,,no_open_surrogate_in_this_pass,pending_open_source,
lit_cl_smj,Global Lithological Map (GLiM),Hartmann & Moosdorf 2012,https://data.hydrosheds.org/file/technical-documentation/BasinATLAS_Catalog_v10.pdf#page=46,classes (16),Mixed/source-specific; resolve exact release and observation period before execution,s,20,pending_original_inputs,Original raw inputs not acquired in this pass; source preparation and validation remain pending.,,no_open_surrogate_in_this_pass,pending_open_source,
lka_pc_sse,HydroLAKES,Messager et al. 2016,https://data.hydrosheds.org/file/technical-documentation/BasinATLAS_Catalog_v10.pdf#page=5,percent cover (x10),Mixed/source-specific; resolve exact release and observation period before execution,s,20,pending_original_inputs,Original raw inputs not acquired in this pass; source preparation and validation remain pending.,,open_surrogate_estimate,original_source,
lka_pc_use,HydroLAKES,Messager et al. 2016,https://data.hydrosheds.org/file/technical-documentation/BasinATLAS_Catalog_v10.pdf#page=5,percent cover (x10),Mixed/source-specific; resolve exact release and observation period before execution,u,20,pending_original_inputs,Original raw inputs not acquired in this pass; source preparation and validation remain pending.,,open_surrogate_estimate,original_source,
lkv_mc_usu,HydroLAKES,Messager et al. 2016,https://data.hydrosheds.org/file/technical-documentation/BasinATLAS_Catalog_v10.pdf#page=6,million cubic meters,Mixed/source-specific; resolve exact release and observation period before execution,u,20,pending_original_inputs,Original raw inputs not acquired in this pass; source preparation and validation remain pending.,,open_surrogate_estimate,original_source,
nli_ix_sav,DMSP-OLS Nighttime Lights v4,Doll 2008,https://data.hydrosheds.org/file/technical-documentation/BasinATLAS_Catalog_v10.pdf#page=52,index value (x100),2008,s,20,pending_original_inputs,Original raw inputs not acquired in this pass; source preparation and validation remain pending.,,open_surrogate_estimate,original_source_family,0.0030836999940220267
nli_ix_uav,DMSP-OLS Nighttime Lights v4,Doll 2008,https://data.hydrosheds.org/file/technical-documentation/BasinATLAS_Catalog_v10.pdf#page=52,index value (x100),2008,u,20,pending_original_inputs,Original raw inputs not acquired in this pass; source preparation and validation remain pending.,,open_surrogate_estimate,original_source_family,0.0031027999939396977
pac_pc_sse,World Database on Protected Areas (WDPA),IUCN & UNEP-WCMC 2014,https://data.hydrosheds.org/file/technical-documentation/BasinATLAS_Catalog_v10.pdf#page=36,percent cover,2014-10,s,20,pending_original_inputs,Original raw inputs not acquired in this pass; source preparation and validation remain pending.,,open_surrogate_estimate,original_source_family,0.0032956000068224967
pac_pc_use,World Database on Protected Areas (WDPA),IUCN & UNEP-WCMC 2014,https://data.hydrosheds.org/file/technical-documentation/BasinATLAS_Catalog_v10.pdf#page=36,percent cover,2014-10,u,20,pending_original_inputs,Original raw inputs not acquired in this pass; source preparation and validation remain pending.,,open_surrogate_estimate,original_source_family,0.0031664000125601888
pet_mm_s01,Global-PET v1,Zomer et al. 2008,https://data.hydrosheds.org/file/technical-documentation/BasinATLAS_Catalog_v10.pdf#page=19,millimeters,Mixed/source-specific; resolve exact release and observation period before execution,s,20,pending_original_inputs,Original raw inputs not acquired in this pass; source preparation and validation remain pending.,,open_surrogate_estimate,open_surrogate,0.003070200007641688
pet_mm_s02,Global-PET v1,Zomer et al. 2008,https://data.hydrosheds.org/file/technical-documentation/BasinATLAS_Catalog_v10.pdf#page=19,millimeters,Mixed/source-specific; resolve exact release and observation period before execution,s,20,pending_original_inputs,Original raw inputs not acquired in this pass; source preparation and validation remain pending.,,open_surrogate_estimate,open_surrogate,0.00305510000907816
pet_mm_s03,Global-PET v1,Zomer et al. 2008,https://data.hydrosheds.org/file/technical-documentation/BasinATLAS_Catalog_v10.pdf#page=19,millimeters,Mixed/source-specific; resolve exact release and observation period before execution,s,20,pending_original_inputs,Original raw inputs not acquired in this pass; source preparation and validation remain pending.,,open_surrogate_estimate,open_surrogate,0.003667399985715747
pet_mm_s04,Global-PET v1,Zomer et al. 2008,https://data.hydrosheds.org/file/technical-documentation/BasinATLAS_Catalog_v10.pdf#page=19,millimeters,Mixed/source-specific; resolve exact release and observation period before execution,s,20,pending_original_inputs,Original raw inputs not acquired in this pass; source preparation and validation remain pending.,,open_surrogate_estimate,open_surrogate,0.0031706000154372305
pet_mm_s05,Global-PET v1,Zomer et al. 2008,https://data.hydrosheds.org/file/technical-documentation/BasinATLAS_Catalog_v10.pdf#page=19,millimeters,Mixed/source-specific; resolve exact release and observation period before execution,s,20,pending_original_inputs,Original raw inputs not acquired in this pass; source preparation and validation remain pending.,,open_surrogate_estimate,open_surrogate,0.0031578000052832067
pet_mm_s06,Global-PET v1,Zomer et al. 2008,https://data.hydrosheds.org/file/technical-documentation/BasinATLAS_Catalog_v10.pdf#page=19,millimeters,Mixed/source-specific; resolve exact release and observation period before execution,s,20,pending_original_inputs,Original raw inputs not acquired in this pass; source preparation and validation remain pending.,,open_surrogate_estimate,open_surrogate,0.0031399999861605465
pet_mm_s07,Global-PET v1,Zomer et al. 2008,https://data.hydrosheds.org/file/technical-documentation/BasinATLAS_Catalog_v10.pdf#page=19,millimeters,Mixed/source-specific; resolve exact release and observation period before execution,s,20,pending_original_inputs,Original raw inputs not acquired in this pass; source preparation and validation remain pending.,,open_surrogate_estimate,open_surrogate,0.003133899997919798
pet_mm_s08,Global-PET v1,Zomer et al. 2008,https://data.hydrosheds.org/file/technical-documentation/BasinATLAS_Catalog_v10.pdf#page=19,millimeters,Mixed/source-specific; resolve exact release and observation period before execution,s,20,pending_original_inputs,Original raw inputs not acquired in this pass; source preparation and validation remain pending.,,open_surrogate_estimate,open_surrogate,0.0033903000003192574
pet_mm_s09,Global-PET v1,Zomer et al. 2008,https://data.hydrosheds.org/file/technical-documentation/BasinATLAS_Catalog_v10.pdf#page=19,millimeters,Mixed/source-specific; resolve exact release and observation period before execution,s,20,pending_original_inputs,Original raw inputs not acquired in this pass; source preparation and validation remain pending.,,open_surrogate_estimate,open_surrogate,0.0031497000018134713
pet_mm_s10,Global-PET v1,Zomer et al. 2008,https://data.hydrosheds.org/file/technical-documentation/BasinATLAS_Catalog_v10.pdf#page=19,millimeters,Mixed/source-specific; resolve exact release and observation period before execution,s,20,pending_original_inputs,Original raw inputs not acquired in this pass; source preparation and validation remain pending.,,open_surrogate_estimate,open_surrogate,0.0032669000211171806
pet_mm_s11,Global-PET v1,Zomer et al. 2008,https://data.hydrosheds.org/file/technical-documentation/BasinATLAS_Catalog_v10.pdf#page=19,millimeters,Mixed/source-specific; resolve exact release and observation period before execution,s,20,pending_original_inputs,Original raw inputs not acquired in this pass; source preparation and validation remain pending.,,open_surrogate_estimate,open_surrogate,0.0033752000017557293
pet_mm_s12,Global-PET v1,Zomer et al. 2008,https://data.hydrosheds.org/file/technical-documentation/BasinATLAS_Catalog_v10.pdf#page=19,millimeters,Mixed/source-specific; resolve exact release and observation period before execution,s,20,pending_original_inputs,Original raw inputs not acquired in this pass; source preparation and validation remain pending.,,open_surrogate_estimate,open_surrogate,0.0031867999932728708
pet_mm_syr,Global-PET v1,Zomer et al. 2008,https://data.hydrosheds.org/file/technical-documentation/BasinATLAS_Catalog_v10.pdf#page=19,millimeters,Mixed/source-specific; resolve exact release and observation period before execution,s,20,pending_original_inputs,Original raw inputs not acquired in this pass; source preparation and validation remain pending.,,open_surrogate_estimate,open_surrogate,0.0032340000034309924
pet_mm_uyr,Global-PET v1,Zomer et al. 2008,https://data.hydrosheds.org/file/technical-documentation/BasinATLAS_Catalog_v10.pdf#page=19,millimeters,Mixed/source-specific; resolve exact release and observation period before execution,u,20,pending_original_inputs,Original raw inputs not acquired in this pass; source preparation and validation remain pending.,,open_surrogate_estimate,open_surrogate,0.003101300011621788
pnv_cl_smj,EarthStat,Ramankutty & Foley 1999,https://data.hydrosheds.org/file/technical-documentation/BasinATLAS_Catalog_v10.pdf#page=26,classes (15),Mixed/source-specific; resolve exact release and observation period before execution,s,20,pending_original_inputs,Original raw inputs not acquired in this pass; source preparation and validation remain pending.,,open_surrogate_estimate,crosswalk_surrogate,0.04732000001240522
pnv_pc_s01,EarthStat,Ramankutty & Foley 1999,https://data.hydrosheds.org/file/technical-documentation/BasinATLAS_Catalog_v10.pdf#page=27,percent cover,Mixed/source-specific; resolve exact release and observation period before execution,s,20,pending_original_inputs,Original raw inputs not acquired in this pass; source preparation and validation remain pending.,,open_surrogate_estimate,crosswalk_surrogate,0.0032330999965779483
pnv_pc_s02,EarthStat,Ramankutty & Foley 1999,https://data.hydrosheds.org/file/technical-documentation/BasinATLAS_Catalog_v10.pdf#page=27,percent cover,Mixed/source-specific; resolve exact release and observation period before execution,s,20,pending_original_inputs,Original raw inputs not acquired in this pass; source preparation and validation remain pending.,,open_surrogate_estimate,crosswalk_surrogate,0.003018800023710355
pnv_pc_s03,EarthStat,Ramankutty & Foley 1999,https://data.hydrosheds.org/file/technical-documentation/BasinATLAS_Catalog_v10.pdf#page=27,percent cover,Mixed/source-specific; resolve exact release and observation period before execution,s,20,pending_original_inputs,Original raw inputs not acquired in this pass; source preparation and validation remain pending.,,open_surrogate_estimate,crosswalk_surrogate,0.00301510002464056
pnv_pc_s04,EarthStat,Ramankutty & Foley 1999,https://data.hydrosheds.org/file/technical-documentation/BasinATLAS_Catalog_v10.pdf#page=27,percent cover,Mixed/source-specific; resolve exact release and observation period before execution,s,20,pending_original_inputs,Original raw inputs not acquired in this pass; source preparation and validation remain pending.,,open_surrogate_estimate,crosswalk_surrogate,0.003040000010514632
pnv_pc_s05,EarthStat,Ramankutty & Foley 1999,https://data.hydrosheds.org/file/technical-documentation/BasinATLAS_Catalog_v10.pdf#page=27,percent cover,Mixed/source-specific; resolve exact release and observation period before execution,s,20,pending_original_inputs,Original raw inputs not acquired in this pass; source preparation and validation remain pending.,,open_surrogate_estimate,crosswalk_surrogate,0.003058800008147955
pnv_pc_s06,EarthStat,Ramankutty & Foley 1999,https://data.hydrosheds.org/file/technical-documentation/BasinATLAS_Catalog_v10.pdf#page=27,percent cover,Mixed/source-specific; resolve exact release and observation period before execution,s,20,pending_original_inputs,Original raw inputs not acquired in this pass; source preparation and validation remain pending.,,open_surrogate_estimate,crosswalk_surrogate,0.0033662000205367804
pnv_pc_s07,EarthStat,Ramankutty & Foley 1999,https://data.hydrosheds.org/file/technical-documentation/BasinATLAS_Catalog_v10.pdf#page=27,percent cover,Mixed/source-specific; resolve exact release and observation period before execution,s,20,pending_original_inputs,Original raw inputs not acquired in this pass; source preparation and validation remain pending.,,open_surrogate_estimate,crosswalk_surrogate,0.004375700023956597
pnv_pc_s08,EarthStat,Ramankutty & Foley 1999,https://data.hydrosheds.org/file/technical-documentation/BasinATLAS_Catalog_v10.pdf#page=27,percent cover,Mixed/source-specific; resolve exact release and observation period before execution,s,20,pending_original_inputs,Original raw inputs not acquired in this pass; source preparation and validation remain pending.,,open_surrogate_estimate,crosswalk_surrogate,0.00438560001202859
pnv_pc_s09,EarthStat,Ramankutty & Foley 1999,https://data.hydrosheds.org/file/technical-documentation/BasinATLAS_Catalog_v10.pdf#page=27,percent cover,Mixed/source-specific; resolve exact release and observation period before execution,s,20,pending_original_inputs,Original raw inputs not acquired in this pass; source preparation and validation remain pending.,,open_surrogate_estimate,crosswalk_surrogate,0.0043790000199805945
pnv_pc_s10,EarthStat,Ramankutty & Foley 1999,https://data.hydrosheds.org/file/technical-documentation/BasinATLAS_Catalog_v10.pdf#page=27,percent cover,Mixed/source-specific; resolve exact release and observation period before execution,s,20,pending_original_inputs,Original raw inputs not acquired in this pass; source preparation and validation remain pending.,,open_surrogate_estimate,crosswalk_surrogate,0.0043997000029776245
pnv_pc_s11,EarthStat,Ramankutty & Foley 1999,https://data.hydrosheds.org/file/technical-documentation/BasinATLAS_Catalog_v10.pdf#page=27,percent cover,Mixed/source-specific; resolve exact release and observation period before execution,s,20,pending_original_inputs,Original raw inputs not acquired in this pass; source preparation and validation remain pending.,,open_surrogate_estimate,crosswalk_surrogate,0.004469100007554516
pnv_pc_s12,EarthStat,Ramankutty & Foley 1999,https://data.hydrosheds.org/file/technical-documentation/BasinATLAS_Catalog_v10.pdf#page=27,percent cover,Mixed/source-specific; resolve exact release and observation period before execution,s,20,pending_original_inputs,Original raw inputs not acquired in this pass; source preparation and validation remain pending.,,open_surrogate_estimate,crosswalk_surrogate,0.003576699993573129
pnv_pc_s13,EarthStat,Ramankutty & Foley 1999,https://data.hydrosheds.org/file/technical-documentation/BasinATLAS_Catalog_v10.pdf#page=27,percent cover,Mixed/source-specific; resolve exact release and observation period before execution,s,20,pending_original_inputs,Original raw inputs not acquired in this pass; source preparation and validation remain pending.,,open_surrogate_estimate,crosswalk_surrogate,0.00342550000641495
pnv_pc_s14,EarthStat,Ramankutty & Foley 1999,https://data.hydrosheds.org/file/technical-documentation/BasinATLAS_Catalog_v10.pdf#page=27,percent cover,Mixed/source-specific; resolve exact release and observation period before execution,s,20,pending_original_inputs,Original raw inputs not acquired in this pass; source preparation and validation remain pending.,,open_surrogate_estimate,crosswalk_surrogate,0.003479199978755787
pnv_pc_s15,EarthStat,Ramankutty & Foley 1999,https://data.hydrosheds.org/file/technical-documentation/BasinATLAS_Catalog_v10.pdf#page=27,percent cover,Mixed/source-specific; resolve exact release and observation period before execution,s,20,pending_original_inputs,Original raw inputs not acquired in this pass; source preparation and validation remain pending.,,open_surrogate_estimate,crosswalk_surrogate,0.0033854999928735197
pnv_pc_u01,EarthStat,Ramankutty & Foley 1999,https://data.hydrosheds.org/file/technical-documentation/BasinATLAS_Catalog_v10.pdf#page=27,percent cover,Mixed/source-specific; resolve exact release and observation period before execution,u,20,pending_original_inputs,Original raw inputs not acquired in this pass; source preparation and validation remain pending.,,open_surrogate_estimate,crosswalk_surrogate,0.0034636000054888427
pnv_pc_u02,EarthStat,Ramankutty & Foley 1999,https://data.hydrosheds.org/file/technical-documentation/BasinATLAS_Catalog_v10.pdf#page=27,percent cover,Mixed/source-specific; resolve exact release and observation period before execution,u,20,pending_original_inputs,Original raw inputs not acquired in this pass; source preparation and validation remain pending.,,open_surrogate_estimate,crosswalk_surrogate,0.003438499988988042
pnv_pc_u03,EarthStat,Ramankutty & Foley 1999,https://data.hydrosheds.org/file/technical-documentation/BasinATLAS_Catalog_v10.pdf#page=27,percent cover,Mixed/source-specific; resolve exact release and observation period before execution,u,20,pending_original_inputs,Original raw inputs not acquired in this pass; source preparation and validation remain pending.,,open_surrogate_estimate,crosswalk_surrogate,0.003587699990021065
pnv_pc_u04,EarthStat,Ramankutty & Foley 1999,https://data.hydrosheds.org/file/technical-documentation/BasinATLAS_Catalog_v10.pdf#page=27,percent cover,Mixed/source-specific; resolve exact release and observation period before execution,u,20,pending_original_inputs,Original raw inputs not acquired in this pass; source preparation and validation remain pending.,,open_surrogate_estimate,crosswalk_surrogate,0.0033304999815300107
pnv_pc_u05,EarthStat,Ramankutty & Foley 1999,https://data.hydrosheds.org/file/technical-documentation/BasinATLAS_Catalog_v10.pdf#page=27,percent cover,Mixed/source-specific; resolve exact release and observation period before execution,u,20,pending_original_inputs,Original raw inputs not acquired in this pass; source preparation and validation remain pending.,,open_surrogate_estimate,crosswalk_surrogate,0.0031058999884407967
pnv_pc_u06,EarthStat,Ramankutty & Foley 1999,https://data.hydrosheds.org/file/technical-documentation/BasinATLAS_Catalog_v10.pdf#page=27,percent cover,Mixed/source-specific; resolve exact release and observation period before execution,u,20,pending_original_inputs,Original raw inputs not acquired in this pass; source preparation and validation remain pending.,,open_surrogate_estimate,crosswalk_surrogate,0.003156099992338568
pnv_pc_u07,EarthStat,Ramankutty & Foley 1999,https://data.hydrosheds.org/file/technical-documentation/BasinATLAS_Catalog_v10.pdf#page=27,percent cover,Mixed/source-specific; resolve exact release and observation period before execution,u,20,pending_original_inputs,Original raw inputs not acquired in this pass; source preparation and validation remain pending.,,open_surrogate_estimate,crosswalk_surrogate,0.0030849000031594187
pnv_pc_u08,EarthStat,Ramankutty & Foley 1999,https://data.hydrosheds.org/file/technical-documentation/BasinATLAS_Catalog_v10.pdf#page=27,percent cover,Mixed/source-specific; resolve exact release and observation period before execution,u,20,pending_original_inputs,Original raw inputs not acquired in this pass; source preparation and validation remain pending.,,open_surrogate_estimate,crosswalk_surrogate,0.0031206999847199768
pnv_pc_u09,EarthStat,Ramankutty & Foley 1999,https://data.hydrosheds.org/file/technical-documentation/BasinATLAS_Catalog_v10.pdf#page=27,percent cover,Mixed/source-specific; resolve exact release and observation period before execution,u,20,pending_original_inputs,Original raw inputs not acquired in this pass; source preparation and validation remain pending.,,open_surrogate_estimate,crosswalk_surrogate,0.003180400002747774
pnv_pc_u10,EarthStat,Ramankutty & Foley 1999,https://data.hydrosheds.org/file/technical-documentation/BasinATLAS_Catalog_v10.pdf#page=27,percent cover,Mixed/source-specific; resolve exact release and observation period before execution,u,20,pending_original_inputs,Original raw inputs not acquired in this pass; source preparation and validation remain pending.,,open_surrogate_estimate,crosswalk_surrogate,0.0031577999761793762
pnv_pc_u11,EarthStat,Ramankutty & Foley 1999,https://data.hydrosheds.org/file/technical-documentation/BasinATLAS_Catalog_v10.pdf#page=27,percent cover,Mixed/source-specific; resolve exact release and observation period before execution,u,20,pending_original_inputs,Original raw inputs not acquired in this pass; source preparation and validation remain pending.,,open_surrogate_estimate,crosswalk_surrogate,0.0031629000150132924
pnv_pc_u12,EarthStat,Ramankutty & Foley 1999,https://data.hydrosheds.org/file/technical-documentation/BasinATLAS_Catalog_v10.pdf#page=27,percent cover,Mixed/source-specific; resolve exact release and observation period before execution,u,20,pending_original_inputs,Original raw inputs not acquired in this pass; source preparation and validation remain pending.,,open_surrogate_estimate,crosswalk_surrogate,0.003077600005781278
pnv_pc_u13,EarthStat,Ramankutty & Foley 1999,https://data.hydrosheds.org/file/technical-documentation/BasinATLAS_Catalog_v10.pdf#page=27,percent cover,Mixed/source-specific; resolve exact release and observation period before execution,u,20,pending_original_inputs,Original raw inputs not acquired in this pass; source preparation and validation remain pending.,,open_surrogate_estimate,crosswalk_surrogate,0.0030943000165279955
pnv_pc_u14,EarthStat,Ramankutty & Foley 1999,https://data.hydrosheds.org/file/technical-documentation/BasinATLAS_Catalog_v10.pdf#page=27,percent cover,Mixed/source-specific; resolve exact release and observation period before execution,u,20,pending_original_inputs,Original raw inputs not acquired in this pass; source preparation and validation remain pending.,,open_surrogate_estimate,crosswalk_surrogate,0.003670700010843575
pnv_pc_u15,EarthStat,Ramankutty & Foley 1999,https://data.hydrosheds.org/file/technical-documentation/BasinATLAS_Catalog_v10.pdf#page=27,percent cover,Mixed/source-specific; resolve exact release and observation period before execution,u,20,pending_original_inputs,Original raw inputs not acquired in this pass; source preparation and validation remain pending.,,open_surrogate_estimate,crosswalk_surrogate,0.0034493999846745282
pop_ct_ssu,Gridded Population of the World (GPW) v4,CIESIN 2016,https://data.hydrosheds.org/file/technical-documentation/BasinATLAS_Catalog_v10.pdf#page=49,count (thousands),2010,s,20,pending_original_inputs,Original raw inputs not acquired in this pass; source preparation and validation remain pending.,,open_surrogate_estimate,original_source_family,0.00344619998941198
pop_ct_usu,Gridded Population of the World (GPW) v4,CIESIN 2016,https://data.hydrosheds.org/file/technical-documentation/BasinATLAS_Catalog_v10.pdf#page=49,count (thousands),2010,u,20,pending_original_inputs,Original raw inputs not acquired in this pass; source preparation and validation remain pending.,,open_surrogate_estimate,original_source_family,0.003430299984756857
ppd_pk_sav,Gridded Population of the World (GPW) v4,CIESIN 2016,https://data.hydrosheds.org/file/technical-documentation/BasinATLAS_Catalog_v10.pdf#page=50,people per km²,2010,s,20,pending_original_inputs,Original raw inputs not acquired in this pass; source preparation and validation remain pending.,,open_surrogate_estimate,original_source_family,0.0034188000136055052
ppd_pk_uav,Gridded Population of the World (GPW) v4,CIESIN 2016,https://data.hydrosheds.org/file/technical-documentation/BasinATLAS_Catalog_v10.pdf#page=50,people per km²,2010,u,20,pending_original_inputs,Original raw inputs not acquired in this pass; source preparation and validation remain pending.,,open_surrogate_estimate,original_source_family,0.003300300013506785
pre_mm_s01,WorldClim v1.4,Hijmans et al. 2005,https://data.hydrosheds.org/file/technical-documentation/BasinATLAS_Catalog_v10.pdf#page=18,millimeters,1950-2000 source climatology,s,20,computed_candidate,Original vector zones rasterized at 15 arc-seconds need equivalence review against the native atlas zone grid. WorldClim V1 mirror needs exact v1.4 vintage review. Independent operator rerun pending.,0.0037560999917332083,carried_by_original_vintage_pass,original_source_family,
pre_mm_s02,WorldClim v1.4,Hijmans et al. 2005,https://data.hydrosheds.org/file/technical-documentation/BasinATLAS_Catalog_v10.pdf#page=18,millimeters,1950-2000 source climatology,s,20,computed_candidate,Original vector zones rasterized at 15 arc-seconds need equivalence review against the native atlas zone grid. WorldClim V1 mirror needs exact v1.4 vintage review. Independent operator rerun pending.,0.0042535999964457005,carried_by_original_vintage_pass,original_source_family,
pre_mm_s03,WorldClim v1.4,Hijmans et al. 2005,https://data.hydrosheds.org/file/technical-documentation/BasinATLAS_Catalog_v10.pdf#page=18,millimeters,1950-2000 source climatology,s,20,computed_candidate,Original vector zones rasterized at 15 arc-seconds need equivalence review against the native atlas zone grid. WorldClim V1 mirror needs exact v1.4 vintage review. Independent operator rerun pending.,0.0037358999834395945,carried_by_original_vintage_pass,original_source_family,
pre_mm_s04,WorldClim v1.4,Hijmans et al. 2005,https://data.hydrosheds.org/file/technical-documentation/BasinATLAS_Catalog_v10.pdf#page=18,millimeters,1950-2000 source climatology,s,20,computed_candidate,Original vector zones rasterized at 15 arc-seconds need equivalence review against the native atlas zone grid. WorldClim V1 mirror needs exact v1.4 vintage review. Independent operator rerun pending.,0.003769500006455928,carried_by_original_vintage_pass,original_source_family,
pre_mm_s05,WorldClim v1.4,Hijmans et al. 2005,https://data.hydrosheds.org/file/technical-documentation/BasinATLAS_Catalog_v10.pdf#page=18,millimeters,1950-2000 source climatology,s,20,computed_candidate,Original vector zones rasterized at 15 arc-seconds need equivalence review against the native atlas zone grid. WorldClim V1 mirror needs exact v1.4 vintage review. Independent operator rerun pending.,0.003717100014910102,carried_by_original_vintage_pass,original_source_family,
pre_mm_s06,WorldClim v1.4,Hijmans et al. 2005,https://data.hydrosheds.org/file/technical-documentation/BasinATLAS_Catalog_v10.pdf#page=18,millimeters,1950-2000 source climatology,s,20,computed_candidate,Original vector zones rasterized at 15 arc-seconds need equivalence review against the native atlas zone grid. WorldClim V1 mirror needs exact v1.4 vintage review. Independent operator rerun pending.,0.00373070000205189,carried_by_original_vintage_pass,original_source_family,
pre_mm_s07,WorldClim v1.4,Hijmans et al. 2005,https://data.hydrosheds.org/file/technical-documentation/BasinATLAS_Catalog_v10.pdf#page=18,millimeters,1950-2000 source climatology,s,20,computed_candidate,Original vector zones rasterized at 15 arc-seconds need equivalence review against the native atlas zone grid. WorldClim V1 mirror needs exact v1.4 vintage review. Independent operator rerun pending.,0.0037311000050976872,carried_by_original_vintage_pass,original_source_family,
pre_mm_s08,WorldClim v1.4,Hijmans et al. 2005,https://data.hydrosheds.org/file/technical-documentation/BasinATLAS_Catalog_v10.pdf#page=18,millimeters,1950-2000 source climatology,s,20,computed_candidate,Original vector zones rasterized at 15 arc-seconds need equivalence review against the native atlas zone grid. WorldClim V1 mirror needs exact v1.4 vintage review. Independent operator rerun pending.,0.0037198999780230224,carried_by_original_vintage_pass,original_source_family,
pre_mm_s09,WorldClim v1.4,Hijmans et al. 2005,https://data.hydrosheds.org/file/technical-documentation/BasinATLAS_Catalog_v10.pdf#page=18,millimeters,1950-2000 source climatology,s,20,computed_candidate,Original vector zones rasterized at 15 arc-seconds need equivalence review against the native atlas zone grid. WorldClim V1 mirror needs exact v1.4 vintage review. Independent operator rerun pending.,0.003714999998919666,carried_by_original_vintage_pass,original_source_family,
pre_mm_s10,WorldClim v1.4,Hijmans et al. 2005,https://data.hydrosheds.org/file/technical-documentation/BasinATLAS_Catalog_v10.pdf#page=18,millimeters,1950-2000 source climatology,s,20,computed_candidate,Original vector zones rasterized at 15 arc-seconds need equivalence review against the native atlas zone grid. WorldClim V1 mirror needs exact v1.4 vintage review. Independent operator rerun pending.,0.0037020999880041927,carried_by_original_vintage_pass,original_source_family,
pre_mm_s11,WorldClim v1.4,Hijmans et al. 2005,https://data.hydrosheds.org/file/technical-documentation/BasinATLAS_Catalog_v10.pdf#page=18,millimeters,1950-2000 source climatology,s,20,computed_candidate,Original vector zones rasterized at 15 arc-seconds need equivalence review against the native atlas zone grid. WorldClim V1 mirror needs exact v1.4 vintage review. Independent operator rerun pending.,0.0036971000081393868,carried_by_original_vintage_pass,original_source_family,
pre_mm_s12,WorldClim v1.4,Hijmans et al. 2005,https://data.hydrosheds.org/file/technical-documentation/BasinATLAS_Catalog_v10.pdf#page=18,millimeters,1950-2000 source climatology,s,20,computed_candidate,Original vector zones rasterized at 15 arc-seconds need equivalence review against the native atlas zone grid. WorldClim V1 mirror needs exact v1.4 vintage review. Independent operator rerun pending.,0.003722300025401637,carried_by_original_vintage_pass,original_source_family,
pre_mm_syr,WorldClim v1.4,Hijmans et al. 2005,https://data.hydrosheds.org/file/technical-documentation/BasinATLAS_Catalog_v10.pdf#page=18,millimeters,1950-2000 source climatology,s,20,computed_candidate,Original vector zones rasterized at 15 arc-seconds need equivalence review against the native atlas zone grid. WorldClim V1 mirror needs exact v1.4 vintage review. Independent operator rerun pending.,0.0038616000092588365,carried_by_original_vintage_pass,original_source_family,
pre_mm_uyr,WorldClim v1.4,Hijmans et al. 2005,https://data.hydrosheds.org/file/technical-documentation/BasinATLAS_Catalog_v10.pdf#page=18,millimeters,1950-2000 source climatology,u,20,computed_candidate,Original vector zones rasterized at 15 arc-seconds need equivalence review against the native atlas zone grid. WorldClim V1 mirror needs exact v1.4 vintage review. Upstream union of unique basin zones needs comparison with original pixel flow accumulation. Independent operator rerun pending.,0.0037699999811593443,carried_by_original_vintage_pass,original_source_family,
prm_pc_sse,Permafrost Zonation Index (PZI),Gruber 2012,https://data.hydrosheds.org/file/technical-documentation/BasinATLAS_Catalog_v10.pdf#page=35,percent cover,1961-1990 model basis,s,20,pending_original_inputs,Original raw inputs not acquired in this pass; source preparation and validation remain pending.,,no_open_surrogate_in_this_pass,pending_open_source,
prm_pc_use,Permafrost Zonation Index (PZI),Gruber 2012,https://data.hydrosheds.org/file/technical-documentation/BasinATLAS_Catalog_v10.pdf#page=35,percent cover,1961-1990 model basis,u,20,pending_original_inputs,Original raw inputs not acquired in this pass; source preparation and validation remain pending.,,no_open_surrogate_in_this_pass,pending_open_source,
pst_pc_sse,EarthStat,Ramankutty et al. 2008,https://data.hydrosheds.org/file/technical-documentation/BasinATLAS_Catalog_v10.pdf#page=32,percent cover,circa 2000,s,20,pending_original_inputs,Original raw inputs not acquired in this pass; source preparation and validation remain pending.,,open_surrogate_estimate,weak_surrogate,0.0030112000240478665
pst_pc_use,EarthStat,Ramankutty et al. 2008,https://data.hydrosheds.org/file/technical-documentation/BasinATLAS_Catalog_v10.pdf#page=32,percent cover,circa 2000,u,20,pending_original_inputs,Original raw inputs not acquired in this pass; source preparation and validation remain pending.,,open_surrogate_estimate,weak_surrogate,0.0031952000281307846
rdd_mk_sav,Global Roads Inventory Project (GRIP) v4,Meijer et al. 2018,https://data.hydrosheds.org/file/technical-documentation/BasinATLAS_Catalog_v10.pdf#page=53,meters per km²,Mixed/source-specific; resolve exact release and observation period before execution,s,20,pending_original_inputs,Original raw inputs not acquired in this pass; source preparation and validation remain pending.,,no_open_surrogate_in_this_pass,pending_open_source,
rdd_mk_uav,Global Roads Inventory Project (GRIP) v4,Meijer et al. 2018,https://data.hydrosheds.org/file/technical-documentation/BasinATLAS_Catalog_v10.pdf#page=53,meters per km²,Mixed/source-specific; resolve exact release and observation period before execution,u,20,pending_original_inputs,Original raw inputs not acquired in this pass; source preparation and validation remain pending.,,no_open_surrogate_in_this_pass,pending_open_source,
rev_mc_usu,Global Reservoir and Dams (GRanD) database v1.1,Lehner et al. 2011,https://data.hydrosheds.org/file/technical-documentation/BasinATLAS_Catalog_v10.pdf#page=7,million cubic meters,Mixed/source-specific; resolve exact release and observation period before execution,u,20,pending_original_inputs,Original raw inputs not acquired in this pass; source preparation and validation remain pending.,,no_open_surrogate_in_this_pass,pending_open_source,
ria_ha_ssu,HydroSHEDS and WaterGAP v2.2,Lehner & Grill 2013,https://data.hydrosheds.org/file/technical-documentation/BasinATLAS_Catalog_v10.pdf#page=9,hectares,Mixed/source-specific; resolve exact release and observation period before execution,s,20,pending_original_inputs,Original raw inputs not acquired in this pass; source preparation and validation remain pending.,,no_open_surrogate_in_this_pass,pending_open_source,
ria_ha_usu,HydroSHEDS and WaterGAP v2.2,Lehner & Grill 2013,https://data.hydrosheds.org/file/technical-documentation/BasinATLAS_Catalog_v10.pdf#page=9,hectares,Mixed/source-specific; resolve exact release and observation period before execution,u,20,pending_original_inputs,Original raw inputs not acquired in this pass; source preparation and validation remain pending.,,no_open_surrogate_in_this_pass,pending_open_source,
riv_tc_ssu,HydroSHEDS and WaterGAP v2.2,Lehner & Grill 2013,https://data.hydrosheds.org/file/technical-documentation/BasinATLAS_Catalog_v10.pdf#page=10,thousand cubic meters,Mixed/source-specific; resolve exact release and observation period before execution,s,20,pending_original_inputs,Original raw inputs not acquired in this pass; source preparation and validation remain pending.,,no_open_surrogate_in_this_pass,pending_open_source,
riv_tc_usu,HydroSHEDS and WaterGAP v2.2,Lehner & Grill 2013,https://data.hydrosheds.org/file/technical-documentation/BasinATLAS_Catalog_v10.pdf#page=10,thousand cubic meters,Mixed/source-specific; resolve exact release and observation period before execution,u,20,pending_original_inputs,Original raw inputs not acquired in this pass; source preparation and validation remain pending.,,no_open_surrogate_in_this_pass,pending_open_source,
run_mm_syr,WaterGAP v2.2 (data of 2014),Döll et al. 2003,https://data.hydrosheds.org/file/technical-documentation/BasinATLAS_Catalog_v10.pdf#page=3,millimeters,1971-2000,s,20,pending_original_inputs,Original raw inputs not acquired in this pass; source preparation and validation remain pending.,,open_surrogate_estimate,open_surrogate,0.0030487000185530633
sgr_dk_sav,EarthEnv-DEM90,Robinson et al. 2014,https://data.hydrosheds.org/file/technical-documentation/BasinATLAS_Catalog_v10.pdf#page=14,decimeters per km,Mixed/source-specific; resolve exact release and observation period before execution,s,20,pending_original_inputs,Original raw inputs not acquired in this pass; source preparation and validation remain pending.,,no_open_surrogate_in_this_pass,method_not_implemented,
slp_dg_sav,EarthEnv-DEM90,Robinson et al. 2014,https://data.hydrosheds.org/file/technical-documentation/BasinATLAS_Catalog_v10.pdf#page=13,degrees (x10),Mixed/source-specific; resolve exact release and observation period before execution,s,20,pending_original_inputs,Original raw inputs not acquired in this pass; source preparation and validation remain pending.,,open_surrogate_estimate,original_source_family,0.0037573999725282192
slp_dg_uav,EarthEnv-DEM90,Robinson et al. 2014,https://data.hydrosheds.org/file/technical-documentation/BasinATLAS_Catalog_v10.pdf#page=13,degrees (x10),Mixed/source-specific; resolve exact release and observation period before execution,u,20,pending_original_inputs,Original raw inputs not acquired in this pass; source preparation and validation remain pending.,,open_surrogate_estimate,original_source_family,0.0035038999922107905
slt_pc_sav,SoilGrids1km,Hengl et al. 2014,https://data.hydrosheds.org/file/technical-documentation/BasinATLAS_Catalog_v10.pdf#page=42,percent,Mixed/source-specific; resolve exact release and observation period before execution,s,20,pending_original_inputs,Original raw inputs not acquired in this pass; source preparation and validation remain pending.,,open_surrogate_estimate,derived_surrogate,0.0030169999809004366
slt_pc_uav,SoilGrids1km,Hengl et al. 2014,https://data.hydrosheds.org/file/technical-documentation/BasinATLAS_Catalog_v10.pdf#page=42,percent,Mixed/source-specific; resolve exact release and observation period before execution,u,20,pending_original_inputs,Original raw inputs not acquired in this pass; source preparation and validation remain pending.,,open_surrogate_estimate,derived_surrogate,0.0030737000051885843
snd_pc_sav,SoilGrids1km,Hengl et al. 2014,https://data.hydrosheds.org/file/technical-documentation/BasinATLAS_Catalog_v10.pdf#page=43,percent,Mixed/source-specific; resolve exact release and observation period before execution,s,20,pending_original_inputs,Original raw inputs not acquired in this pass; source preparation and validation remain pending.,,open_surrogate_estimate,open_surrogate,0.0030192999984137714
snd_pc_uav,SoilGrids1km,Hengl et al. 2014,https://data.hydrosheds.org/file/technical-documentation/BasinATLAS_Catalog_v10.pdf#page=43,percent,Mixed/source-specific; resolve exact release and observation period before execution,u,20,pending_original_inputs,Original raw inputs not acquired in this pass; source preparation and validation remain pending.,,open_surrogate_estimate,open_surrogate,0.003065299999434501
snw_pc_s01,MODIS/Aqua Snow Cover (MYD10CM),Hall & Riggs 2016,https://data.hydrosheds.org/file/technical-documentation/BasinATLAS_Catalog_v10.pdf#page=23,percent cover,2002-07/2015-04,s,20,pending_original_inputs,Original raw inputs not acquired in this pass; source preparation and validation remain pending.,,open_surrogate_estimate,open_surrogate,0.0031549000123050064
snw_pc_s02,MODIS/Aqua Snow Cover (MYD10CM),Hall & Riggs 2016,https://data.hydrosheds.org/file/technical-documentation/BasinATLAS_Catalog_v10.pdf#page=23,percent cover,2002-07/2015-04,s,20,pending_original_inputs,Original raw inputs not acquired in this pass; source preparation and validation remain pending.,,open_surrogate_estimate,open_surrogate,0.0030072999943513423
snw_pc_s03,MODIS/Aqua Snow Cover (MYD10CM),Hall & Riggs 2016,https://data.hydrosheds.org/file/technical-documentation/BasinATLAS_Catalog_v10.pdf#page=23,percent cover,2002-07/2015-04,s,20,pending_original_inputs,Original raw inputs not acquired in this pass; source preparation and validation remain pending.,,open_surrogate_estimate,open_surrogate,0.00327580000157468
snw_pc_s04,MODIS/Aqua Snow Cover (MYD10CM),Hall & Riggs 2016,https://data.hydrosheds.org/file/technical-documentation/BasinATLAS_Catalog_v10.pdf#page=23,percent cover,2002-07/2015-04,s,20,pending_original_inputs,Original raw inputs not acquired in this pass; source preparation and validation remain pending.,,open_surrogate_estimate,open_surrogate,0.003187700000125915
snw_pc_s05,MODIS/Aqua Snow Cover (MYD10CM),Hall & Riggs 2016,https://data.hydrosheds.org/file/technical-documentation/BasinATLAS_Catalog_v10.pdf#page=23,percent cover,2002-07/2015-04,s,20,pending_original_inputs,Original raw inputs not acquired in this pass; source preparation and validation remain pending.,,open_surrogate_estimate,open_surrogate,0.0030172000115271658
snw_pc_s06,MODIS/Aqua Snow Cover (MYD10CM),Hall & Riggs 2016,https://data.hydrosheds.org/file/technical-documentation/BasinATLAS_Catalog_v10.pdf#page=23,percent cover,2002-07/2015-04,s,20,pending_original_inputs,Original raw inputs not acquired in this pass; source preparation and validation remain pending.,,open_surrogate_estimate,open_surrogate,0.003008700005011633
snw_pc_s07,MODIS/Aqua Snow Cover (MYD10CM),Hall & Riggs 2016,https://data.hydrosheds.org/file/technical-documentation/BasinATLAS_Catalog_v10.pdf#page=23,percent cover,2002-07/2015-04,s,20,pending_original_inputs,Original raw inputs not acquired in this pass; source preparation and validation remain pending.,,open_surrogate_estimate,open_surrogate,0.003008100000442937
snw_pc_s08,MODIS/Aqua Snow Cover (MYD10CM),Hall & Riggs 2016,https://data.hydrosheds.org/file/technical-documentation/BasinATLAS_Catalog_v10.pdf#page=23,percent cover,2002-07/2015-04,s,20,pending_original_inputs,Original raw inputs not acquired in this pass; source preparation and validation remain pending.,,open_surrogate_estimate,open_surrogate,0.0031618000066373497
snw_pc_s09,MODIS/Aqua Snow Cover (MYD10CM),Hall & Riggs 2016,https://data.hydrosheds.org/file/technical-documentation/BasinATLAS_Catalog_v10.pdf#page=23,percent cover,2002-07/2015-04,s,20,pending_original_inputs,Original raw inputs not acquired in this pass; source preparation and validation remain pending.,,open_surrogate_estimate,open_surrogate,0.003028199978871271
snw_pc_s10,MODIS/Aqua Snow Cover (MYD10CM),Hall & Riggs 2016,https://data.hydrosheds.org/file/technical-documentation/BasinATLAS_Catalog_v10.pdf#page=23,percent cover,2002-07/2015-04,s,20,pending_original_inputs,Original raw inputs not acquired in this pass; source preparation and validation remain pending.,,open_surrogate_estimate,open_surrogate,0.0030295999895315617
snw_pc_s11,MODIS/Aqua Snow Cover (MYD10CM),Hall & Riggs 2016,https://data.hydrosheds.org/file/technical-documentation/BasinATLAS_Catalog_v10.pdf#page=23,percent cover,2002-07/2015-04,s,20,pending_original_inputs,Original raw inputs not acquired in this pass; source preparation and validation remain pending.,,open_surrogate_estimate,open_surrogate,0.0030021999846212566
snw_pc_s12,MODIS/Aqua Snow Cover (MYD10CM),Hall & Riggs 2016,https://data.hydrosheds.org/file/technical-documentation/BasinATLAS_Catalog_v10.pdf#page=23,percent cover,2002-07/2015-04,s,20,pending_original_inputs,Original raw inputs not acquired in this pass; source preparation and validation remain pending.,,open_surrogate_estimate,open_surrogate,0.0030070999928284436
snw_pc_smx,MODIS/Aqua Snow Cover (MYD10CM),Hall & Riggs 2016,https://data.hydrosheds.org/file/technical-documentation/BasinATLAS_Catalog_v10.pdf#page=23,percent cover,2002-07/2015-04,s,20,pending_original_inputs,Original raw inputs not acquired in this pass; source preparation and validation remain pending.,,open_surrogate_estimate,open_surrogate,0.0031663000117987394
snw_pc_syr,MODIS/Aqua Snow Cover (MYD10CM),Hall & Riggs 2016,https://data.hydrosheds.org/file/technical-documentation/BasinATLAS_Catalog_v10.pdf#page=23,percent cover,2002-07/2015-04,s,20,pending_original_inputs,Original raw inputs not acquired in this pass; source preparation and validation remain pending.,,open_surrogate_estimate,open_surrogate,0.003092400002060458
snw_pc_uyr,MODIS/Aqua Snow Cover (MYD10CM),Hall & Riggs 2016,https://data.hydrosheds.org/file/technical-documentation/BasinATLAS_Catalog_v10.pdf#page=23,percent cover,2002-07/2015-04,u,20,pending_original_inputs,Original raw inputs not acquired in this pass; source preparation and validation remain pending.,,open_surrogate_estimate,open_surrogate,0.0030738000059500337
soc_th_sav,SoilGrids1km,Hengl et al. 2014,https://data.hydrosheds.org/file/technical-documentation/BasinATLAS_Catalog_v10.pdf#page=44,tonnes/hectare,Mixed/source-specific; resolve exact release and observation period before execution,s,20,pending_original_inputs,Original raw inputs not acquired in this pass; source preparation and validation remain pending.,,open_surrogate_estimate,derived_surrogate,0.003096100001130253
soc_th_uav,SoilGrids1km,Hengl et al. 2014,https://data.hydrosheds.org/file/technical-documentation/BasinATLAS_Catalog_v10.pdf#page=44,tonnes/hectare,Mixed/source-specific; resolve exact release and observation period before execution,u,20,pending_original_inputs,Original raw inputs not acquired in this pass; source preparation and validation remain pending.,,open_surrogate_estimate,derived_surrogate,0.0030860999831929803
swc_pc_s01,Global High-Resolution Soil-Water Balance,Trabucco & Zomer 2010,https://data.hydrosheds.org/file/technical-documentation/BasinATLAS_Catalog_v10.pdf#page=45,percent,Mixed/source-specific; resolve exact release and observation period before execution,s,20,pending_original_inputs,Original raw inputs not acquired in this pass; source preparation and validation remain pending.,,open_surrogate_estimate,units_mismatch_surrogate,0.0030260999919846654
swc_pc_s02,Global High-Resolution Soil-Water Balance,Trabucco & Zomer 2010,https://data.hydrosheds.org/file/technical-documentation/BasinATLAS_Catalog_v10.pdf#page=45,percent,Mixed/source-specific; resolve exact release and observation period before execution,s,20,pending_original_inputs,Original raw inputs not acquired in this pass; source preparation and validation remain pending.,,open_surrogate_estimate,units_mismatch_surrogate,0.0030323999817483127
swc_pc_s03,Global High-Resolution Soil-Water Balance,Trabucco & Zomer 2010,https://data.hydrosheds.org/file/technical-documentation/BasinATLAS_Catalog_v10.pdf#page=45,percent,Mixed/source-specific; resolve exact release and observation period before execution,s,20,pending_original_inputs,Original raw inputs not acquired in this pass; source preparation and validation remain pending.,,open_surrogate_estimate,units_mismatch_surrogate,0.0030205000075511634
swc_pc_s04,Global High-Resolution Soil-Water Balance,Trabucco & Zomer 2010,https://data.hydrosheds.org/file/technical-documentation/BasinATLAS_Catalog_v10.pdf#page=45,percent,Mixed/source-specific; resolve exact release and observation period before execution,s,20,pending_original_inputs,Original raw inputs not acquired in this pass; source preparation and validation remain pending.,,open_surrogate_estimate,units_mismatch_surrogate,0.00322099999175407
swc_pc_s05,Global High-Resolution Soil-Water Balance,Trabucco & Zomer 2010,https://data.hydrosheds.org/file/technical-documentation/BasinATLAS_Catalog_v10.pdf#page=45,percent,Mixed/source-specific; resolve exact release and observation period before execution,s,20,pending_original_inputs,Original raw inputs not acquired in this pass; source preparation and validation remain pending.,,open_surrogate_estimate,units_mismatch_surrogate,0.0030325999832712114
swc_pc_s06,Global High-Resolution Soil-Water Balance,Trabucco & Zomer 2010,https://data.hydrosheds.org/file/technical-documentation/BasinATLAS_Catalog_v10.pdf#page=45,percent,Mixed/source-specific; resolve exact release and observation period before execution,s,20,pending_original_inputs,Original raw inputs not acquired in this pass; source preparation and validation remain pending.,,open_surrogate_estimate,units_mismatch_surrogate,0.003025900019565597
swc_pc_s07,Global High-Resolution Soil-Water Balance,Trabucco & Zomer 2010,https://data.hydrosheds.org/file/technical-documentation/BasinATLAS_Catalog_v10.pdf#page=45,percent,Mixed/source-specific; resolve exact release and observation period before execution,s,20,pending_original_inputs,Original raw inputs not acquired in this pass; source preparation and validation remain pending.,,open_surrogate_estimate,units_mismatch_surrogate,0.0031177000200841576
swc_pc_s08,Global High-Resolution Soil-Water Balance,Trabucco & Zomer 2010,https://data.hydrosheds.org/file/technical-documentation/BasinATLAS_Catalog_v10.pdf#page=45,percent,Mixed/source-specific; resolve exact release and observation period before execution,s,20,pending_original_inputs,Original raw inputs not acquired in this pass; source preparation and validation remain pending.,,open_surrogate_estimate,units_mismatch_surrogate,0.0030131000094115734
swc_pc_s09,Global High-Resolution Soil-Water Balance,Trabucco & Zomer 2010,https://data.hydrosheds.org/file/technical-documentation/BasinATLAS_Catalog_v10.pdf#page=45,percent,Mixed/source-specific; resolve exact release and observation period before execution,s,20,pending_original_inputs,Original raw inputs not acquired in this pass; source preparation and validation remain pending.,,open_surrogate_estimate,units_mismatch_surrogate,0.003045599994948134
swc_pc_s10,Global High-Resolution Soil-Water Balance,Trabucco & Zomer 2010,https://data.hydrosheds.org/file/technical-documentation/BasinATLAS_Catalog_v10.pdf#page=45,percent,Mixed/source-specific; resolve exact release and observation period before execution,s,20,pending_original_inputs,Original raw inputs not acquired in this pass; source preparation and validation remain pending.,,open_surrogate_estimate,units_mismatch_surrogate,0.003013300010934472
swc_pc_s11,Global High-Resolution Soil-Water Balance,Trabucco & Zomer 2010,https://data.hydrosheds.org/file/technical-documentation/BasinATLAS_Catalog_v10.pdf#page=45,percent,Mixed/source-specific; resolve exact release and observation period before execution,s,20,pending_original_inputs,Original raw inputs not acquired in this pass; source preparation and validation remain pending.,,open_surrogate_estimate,units_mismatch_surrogate,0.0030033000221010298
swc_pc_s12,Global High-Resolution Soil-Water Balance,Trabucco & Zomer 2010,https://data.hydrosheds.org/file/technical-documentation/BasinATLAS_Catalog_v10.pdf#page=45,percent,Mixed/source-specific; resolve exact release and observation period before execution,s,20,pending_original_inputs,Original raw inputs not acquired in this pass; source preparation and validation remain pending.,,open_surrogate_estimate,units_mismatch_surrogate,0.0030420999974012375
swc_pc_syr,Global High-Resolution Soil-Water Balance,Trabucco & Zomer 2010,https://data.hydrosheds.org/file/technical-documentation/BasinATLAS_Catalog_v10.pdf#page=45,percent,Mixed/source-specific; resolve exact release and observation period before execution,s,20,pending_original_inputs,Original raw inputs not acquired in this pass; source preparation and validation remain pending.,,open_surrogate_estimate,units_mismatch_surrogate,0.003048000013222918
swc_pc_uyr,Global High-Resolution Soil-Water Balance,Trabucco & Zomer 2010,https://data.hydrosheds.org/file/technical-documentation/BasinATLAS_Catalog_v10.pdf#page=45,percent,Mixed/source-specific; resolve exact release and observation period before execution,u,20,pending_original_inputs,Original raw inputs not acquired in this pass; source preparation and validation remain pending.,,open_surrogate_estimate,units_mismatch_surrogate,0.003237600001739338
tbi_cl_smj,Terrestrial Ecoregions of the World (TEOW),Dinerstein et al. 2017,https://data.hydrosheds.org/file/technical-documentation/BasinATLAS_Catalog_v10.pdf#page=37,classes (14),Mixed/source-specific; resolve exact release and observation period before execution,s,20,pending_original_inputs,Original raw inputs not acquired in this pass; source preparation and validation remain pending.,,open_surrogate_estimate,crosswalk_surrogate,
tec_cl_smj,Terrestrial Ecoregions of the World (TEOW),Dinerstein et al. 2017,https://data.hydrosheds.org/file/technical-documentation/BasinATLAS_Catalog_v10.pdf#page=38,classes (846),Mixed/source-specific; resolve exact release and observation period before execution,s,20,pending_original_inputs,Original raw inputs not acquired in this pass; source preparation and validation remain pending.,,open_surrogate_estimate,crosswalk_surrogate,
tmp_dc_s01,WorldClim v1.4,Hijmans et al. 2005,https://data.hydrosheds.org/file/technical-documentation/BasinATLAS_Catalog_v10.pdf#page=17,degrees Celsius (x10),1950-2000 source climatology,s,20,computed_candidate,Original vector zones rasterized at 15 arc-seconds need equivalence review against the native atlas zone grid. WorldClim V1 mirror needs exact v1.4 vintage review. Independent operator rerun pending.,0.003866799990646541,carried_by_original_vintage_pass,original_source_family,
tmp_dc_s02,WorldClim v1.4,Hijmans et al. 2005,https://data.hydrosheds.org/file/technical-documentation/BasinATLAS_Catalog_v10.pdf#page=17,degrees Celsius (x10),1950-2000 source climatology,s,20,computed_candidate,Original vector zones rasterized at 15 arc-seconds need equivalence review against the native atlas zone grid. WorldClim V1 mirror needs exact v1.4 vintage review. Independent operator rerun pending.,0.003783399995882064,carried_by_original_vintage_pass,original_source_family,
tmp_dc_s03,WorldClim v1.4,Hijmans et al. 2005,https://data.hydrosheds.org/file/technical-documentation/BasinATLAS_Catalog_v10.pdf#page=17,degrees Celsius (x10),1950-2000 source climatology,s,20,computed_candidate,Original vector zones rasterized at 15 arc-seconds need equivalence review against the native atlas zone grid. WorldClim V1 mirror needs exact v1.4 vintage review. Independent operator rerun pending.,0.003731300006620586,carried_by_original_vintage_pass,original_source_family,
tmp_dc_s04,WorldClim v1.4,Hijmans et al. 2005,https://data.hydrosheds.org/file/technical-documentation/BasinATLAS_Catalog_v10.pdf#page=17,degrees Celsius (x10),1950-2000 source climatology,s,20,computed_candidate,Original vector zones rasterized at 15 arc-seconds need equivalence review against the native atlas zone grid. WorldClim V1 mirror needs exact v1.4 vintage review. Independent operator rerun pending.,0.0037290999898687005,carried_by_original_vintage_pass,original_source_family,
tmp_dc_s05,WorldClim v1.4,Hijmans et al. 2005,https://data.hydrosheds.org/file/technical-documentation/BasinATLAS_Catalog_v10.pdf#page=17,degrees Celsius (x10),1950-2000 source climatology,s,20,computed_candidate,Original vector zones rasterized at 15 arc-seconds need equivalence review against the native atlas zone grid. WorldClim V1 mirror needs exact v1.4 vintage review. Independent operator rerun pending.,0.003718699997989461,carried_by_original_vintage_pass,original_source_family,
tmp_dc_s06,WorldClim v1.4,Hijmans et al. 2005,https://data.hydrosheds.org/file/technical-documentation/BasinATLAS_Catalog_v10.pdf#page=17,degrees Celsius (x10),1950-2000 source climatology,s,20,computed_candidate,Original vector zones rasterized at 15 arc-seconds need equivalence review against the native atlas zone grid. WorldClim V1 mirror needs exact v1.4 vintage review. Independent operator rerun pending.,0.0037931999831926078,carried_by_original_vintage_pass,original_source_family,
tmp_dc_s07,WorldClim v1.4,Hijmans et al. 2005,https://data.hydrosheds.org/file/technical-documentation/BasinATLAS_Catalog_v10.pdf#page=17,degrees Celsius (x10),1950-2000 source climatology,s,20,computed_candidate,Original vector zones rasterized at 15 arc-seconds need equivalence review against the native atlas zone grid. WorldClim V1 mirror needs exact v1.4 vintage review. Independent operator rerun pending.,0.0038423000078182667,carried_by_original_vintage_pass,original_source_family,
tmp_dc_s08,WorldClim v1.4,Hijmans et al. 2005,https://data.hydrosheds.org/file/technical-documentation/BasinATLAS_Catalog_v10.pdf#page=17,degrees Celsius (x10),1950-2000 source climatology,s,20,computed_candidate,Original vector zones rasterized at 15 arc-seconds need equivalence review against the native atlas zone grid. WorldClim V1 mirror needs exact v1.4 vintage review. Independent operator rerun pending.,0.004182800010312349,carried_by_original_vintage_pass,original_source_family,
tmp_dc_s09,WorldClim v1.4,Hijmans et al. 2005,https://data.hydrosheds.org/file/technical-documentation/BasinATLAS_Catalog_v10.pdf#page=17,degrees Celsius (x10),1950-2000 source climatology,s,20,computed_candidate,Original vector zones rasterized at 15 arc-seconds need equivalence review against the native atlas zone grid. WorldClim V1 mirror needs exact v1.4 vintage review. Independent operator rerun pending.,0.0037053000123705715,carried_by_original_vintage_pass,original_source_family,
tmp_dc_s10,WorldClim v1.4,Hijmans et al. 2005,https://data.hydrosheds.org/file/technical-documentation/BasinATLAS_Catalog_v10.pdf#page=17,degrees Celsius (x10),1950-2000 source climatology,s,20,computed_candidate,Original vector zones rasterized at 15 arc-seconds need equivalence review against the native atlas zone grid. WorldClim V1 mirror needs exact v1.4 vintage review. Independent operator rerun pending.,0.003728699986822903,carried_by_original_vintage_pass,original_source_family,
tmp_dc_s11,WorldClim v1.4,Hijmans et al. 2005,https://data.hydrosheds.org/file/technical-documentation/BasinATLAS_Catalog_v10.pdf#page=17,degrees Celsius (x10),1950-2000 source climatology,s,20,computed_candidate,Original vector zones rasterized at 15 arc-seconds need equivalence review against the native atlas zone grid. WorldClim V1 mirror needs exact v1.4 vintage review. Independent operator rerun pending.,0.003750700008822605,carried_by_original_vintage_pass,original_source_family,
tmp_dc_s12,WorldClim v1.4,Hijmans et al. 2005,https://data.hydrosheds.org/file/technical-documentation/BasinATLAS_Catalog_v10.pdf#page=17,degrees Celsius (x10),1950-2000 source climatology,s,20,computed_candidate,Original vector zones rasterized at 15 arc-seconds need equivalence review against the native atlas zone grid. WorldClim V1 mirror needs exact v1.4 vintage review. Independent operator rerun pending.,0.003701400011777878,carried_by_original_vintage_pass,original_source_family,
tmp_dc_smn,WorldClim v1.4,Hijmans et al. 2005,https://data.hydrosheds.org/file/technical-documentation/BasinATLAS_Catalog_v10.pdf#page=17,degrees Celsius (x10),1950-2000 source climatology,s,20,computed_candidate,Original vector zones rasterized at 15 arc-seconds need equivalence review against the native atlas zone grid. WorldClim V1 mirror needs exact v1.4 vintage review. Independent operator rerun pending.,0.0037259000237099826,carried_by_original_vintage_pass,original_source_family,
tmp_dc_smx,WorldClim v1.4,Hijmans et al. 2005,https://data.hydrosheds.org/file/technical-documentation/BasinATLAS_Catalog_v10.pdf#page=17,degrees Celsius (x10),1950-2000 source climatology,s,20,computed_candidate,Original vector zones rasterized at 15 arc-seconds need equivalence review against the native atlas zone grid. WorldClim V1 mirror needs exact v1.4 vintage review. Independent operator rerun pending.,0.004161399992881343,carried_by_original_vintage_pass,original_source_family,
tmp_dc_syr,WorldClim v1.4,Hijmans et al. 2005,https://data.hydrosheds.org/file/technical-documentation/BasinATLAS_Catalog_v10.pdf#page=17,degrees Celsius (x10),1950-2000 source climatology,s,20,computed_candidate,Original vector zones rasterized at 15 arc-seconds need equivalence review against the native atlas zone grid. WorldClim V1 mirror needs exact v1.4 vintage review. Independent operator rerun pending.,0.004270799981895834,carried_by_original_vintage_pass,original_source_family,
tmp_dc_uyr,WorldClim v1.4,Hijmans et al. 2005,https://data.hydrosheds.org/file/technical-documentation/BasinATLAS_Catalog_v10.pdf#page=17,degrees Celsius (x10),1950-2000 source climatology,u,20,computed_candidate,Original vector zones rasterized at 15 arc-seconds need equivalence review against the native atlas zone grid. WorldClim V1 mirror needs exact v1.4 vintage review. Upstream union of unique basin zones needs comparison with original pixel flow accumulation. Independent operator rerun pending.,0.004010000004200265,carried_by_original_vintage_pass,original_source_family,
urb_pc_sse,Global Human Settlement (GHS) Settlement Model v1.0 (2016),Pesaresi & Freire 2016,https://data.hydrosheds.org/file/technical-documentation/BasinATLAS_Catalog_v10.pdf#page=51,percent cover,Mixed/source-specific; resolve exact release and observation period before execution,s,20,pending_original_inputs,Original raw inputs not acquired in this pass; source preparation and validation remain pending.,,open_surrogate_estimate,open_surrogate,0.0030894000083208084
urb_pc_use,Global Human Settlement (GHS) Settlement Model v1.0 (2016),Pesaresi & Freire 2016,https://data.hydrosheds.org/file/technical-documentation/BasinATLAS_Catalog_v10.pdf#page=51,percent cover,Mixed/source-specific; resolve exact release and observation period before execution,u,20,pending_original_inputs,Original raw inputs not acquired in this pass; source preparation and validation remain pending.,,open_surrogate_estimate,open_surrogate,0.0030969999788794667
wet_cl_smj,Global Lakes and Wetlands Database (GLWD),Lehner & Döll 2004,https://data.hydrosheds.org/file/technical-documentation/BasinATLAS_Catalog_v10.pdf#page=28,classes (12),Mixed/source-specific; resolve exact release and observation period before execution,s,11,pending_original_inputs,Original raw inputs not acquired in this pass; source preparation and validation remain pending.,,no_open_surrogate_in_this_pass,pending_open_source,
wet_pc_s01,Global Lakes and Wetlands Database (GLWD),Lehner & Döll 2004,https://data.hydrosheds.org/file/technical-documentation/BasinATLAS_Catalog_v10.pdf#page=29,percent cover,Mixed/source-specific; resolve exact release and observation period before execution,s,20,pending_original_inputs,Original raw inputs not acquired in this pass; source preparation and validation remain pending.,,no_open_surrogate_in_this_pass,pending_open_source,
wet_pc_s02,Global Lakes and Wetlands Database (GLWD),Lehner & Döll 2004,https://data.hydrosheds.org/file/technical-documentation/BasinATLAS_Catalog_v10.pdf#page=29,percent cover,Mixed/source-specific; resolve exact release and observation period before execution,s,20,pending_original_inputs,Original raw inputs not acquired in this pass; source preparation and validation remain pending.,,no_open_surrogate_in_this_pass,pending_open_source,
wet_pc_s03,Global Lakes and Wetlands Database (GLWD),Lehner & Döll 2004,https://data.hydrosheds.org/file/technical-documentation/BasinATLAS_Catalog_v10.pdf#page=29,percent cover,Mixed/source-specific; resolve exact release and observation period before execution,s,20,pending_original_inputs,Original raw inputs not acquired in this pass; source preparation and validation remain pending.,,no_open_surrogate_in_this_pass,pending_open_source,
wet_pc_s04,Global Lakes and Wetlands Database (GLWD),Lehner & Döll 2004,https://data.hydrosheds.org/file/technical-documentation/BasinATLAS_Catalog_v10.pdf#page=29,percent cover,Mixed/source-specific; resolve exact release and observation period before execution,s,20,pending_original_inputs,Original raw inputs not acquired in this pass; source preparation and validation remain pending.,,no_open_surrogate_in_this_pass,pending_open_source,
wet_pc_s05,Global Lakes and Wetlands Database (GLWD),Lehner & Döll 2004,https://data.hydrosheds.org/file/technical-documentation/BasinATLAS_Catalog_v10.pdf#page=29,percent cover,Mixed/source-specific; resolve exact release and observation period before execution,s,20,pending_original_inputs,Original raw inputs not acquired in this pass; source preparation and validation remain pending.,,no_open_surrogate_in_this_pass,pending_open_source,
wet_pc_s06,Global Lakes and Wetlands Database (GLWD),Lehner & Döll 2004,https://data.hydrosheds.org/file/technical-documentation/BasinATLAS_Catalog_v10.pdf#page=29,percent cover,Mixed/source-specific; resolve exact release and observation period before execution,s,20,pending_original_inputs,Original raw inputs not acquired in this pass; source preparation and validation remain pending.,,no_open_surrogate_in_this_pass,pending_open_source,
wet_pc_s07,Global Lakes and Wetlands Database (GLWD),Lehner & Döll 2004,https://data.hydrosheds.org/file/technical-documentation/BasinATLAS_Catalog_v10.pdf#page=29,percent cover,Mixed/source-specific; resolve exact release and observation period before execution,s,20,pending_original_inputs,Original raw inputs not acquired in this pass; source preparation and validation remain pending.,,no_open_surrogate_in_this_pass,pending_open_source,
wet_pc_s08,Global Lakes and Wetlands Database (GLWD),Lehner & Döll 2004,https://data.hydrosheds.org/file/technical-documentation/BasinATLAS_Catalog_v10.pdf#page=29,percent cover,Mixed/source-specific; resolve exact release and observation period before execution,s,20,pending_original_inputs,Original raw inputs not acquired in this pass; source preparation and validation remain pending.,,no_open_surrogate_in_this_pass,pending_open_source,
wet_pc_s09,Global Lakes and Wetlands Database (GLWD),Lehner & Döll 2004,https://data.hydrosheds.org/file/technical-documentation/BasinATLAS_Catalog_v10.pdf#page=29,percent cover,Mixed/source-specific; resolve exact release and observation period before execution,s,20,pending_original_inputs,Original raw inputs not acquired in this pass; source preparation and validation remain pending.,,no_open_surrogate_in_this_pass,pending_open_source,
wet_pc_sg1,Global Lakes and Wetlands Database (GLWD),Lehner & Döll 2004,https://data.hydrosheds.org/file/technical-documentation/BasinATLAS_Catalog_v10.pdf#page=29,percent cover,Mixed/source-specific; resolve exact release and observation period before execution,s,20,pending_original_inputs,Original raw inputs not acquired in this pass; source preparation and validation remain pending.,,no_open_surrogate_in_this_pass,pending_open_source,
wet_pc_sg2,Global Lakes and Wetlands Database (GLWD),Lehner & Döll 2004,https://data.hydrosheds.org/file/technical-documentation/BasinATLAS_Catalog_v10.pdf#page=29,percent cover,Mixed/source-specific; resolve exact release and observation period before execution,s,20,pending_original_inputs,Original raw inputs not acquired in this pass; source preparation and validation remain pending.,,no_open_surrogate_in_this_pass,pending_open_source,
wet_pc_u01,Global Lakes and Wetlands Database (GLWD),Lehner & Döll 2004,https://data.hydrosheds.org/file/technical-documentation/BasinATLAS_Catalog_v10.pdf#page=29,percent cover,Mixed/source-specific; resolve exact release and observation period before execution,u,20,pending_original_inputs,Original raw inputs not acquired in this pass; source preparation and validation remain pending.,,no_open_surrogate_in_this_pass,pending_open_source,
wet_pc_u02,Global Lakes and Wetlands Database (GLWD),Lehner & Döll 2004,https://data.hydrosheds.org/file/technical-documentation/BasinATLAS_Catalog_v10.pdf#page=29,percent cover,Mixed/source-specific; resolve exact release and observation period before execution,u,20,pending_original_inputs,Original raw inputs not acquired in this pass; source preparation and validation remain pending.,,no_open_surrogate_in_this_pass,pending_open_source,
wet_pc_u03,Global Lakes and Wetlands Database (GLWD),Lehner & Döll 2004,https://data.hydrosheds.org/file/technical-documentation/BasinATLAS_Catalog_v10.pdf#page=29,percent cover,Mixed/source-specific; resolve exact release and observation period before execution,u,20,pending_original_inputs,Original raw inputs not acquired in this pass; source preparation and validation remain pending.,,no_open_surrogate_in_this_pass,pending_open_source,
wet_pc_u04,Global Lakes and Wetlands Database (GLWD),Lehner & Döll 2004,https://data.hydrosheds.org/file/technical-documentation/BasinATLAS_Catalog_v10.pdf#page=29,percent cover,Mixed/source-specific; resolve exact release and observation period before execution,u,20,pending_original_inputs,Original raw inputs not acquired in this pass; source preparation and validation remain pending.,,no_open_surrogate_in_this_pass,pending_open_source,
wet_pc_u05,Global Lakes and Wetlands Database (GLWD),Lehner & Döll 2004,https://data.hydrosheds.org/file/technical-documentation/BasinATLAS_Catalog_v10.pdf#page=29,percent cover,Mixed/source-specific; resolve exact release and observation period before execution,u,20,pending_original_inputs,Original raw inputs not acquired in this pass; source preparation and validation remain pending.,,no_open_surrogate_in_this_pass,pending_open_source,
wet_pc_u06,Global Lakes and Wetlands Database (GLWD),Lehner & Döll 2004,https://data.hydrosheds.org/file/technical-documentation/BasinATLAS_Catalog_v10.pdf#page=29,percent cover,Mixed/source-specific; resolve exact release and observation period before execution,u,20,pending_original_inputs,Original raw inputs not acquired in this pass; source preparation and validation remain pending.,,no_open_surrogate_in_this_pass,pending_open_source,
wet_pc_u07,Global Lakes and Wetlands Database (GLWD),Lehner & Döll 2004,https://data.hydrosheds.org/file/technical-documentation/BasinATLAS_Catalog_v10.pdf#page=29,percent cover,Mixed/source-specific; resolve exact release and observation period before execution,u,20,pending_original_inputs,Original raw inputs not acquired in this pass; source preparation and validation remain pending.,,no_open_surrogate_in_this_pass,pending_open_source,
wet_pc_u08,Global Lakes and Wetlands Database (GLWD),Lehner & Döll 2004,https://data.hydrosheds.org/file/technical-documentation/BasinATLAS_Catalog_v10.pdf#page=29,percent cover,Mixed/source-specific; resolve exact release and observation period before execution,u,20,pending_original_inputs,Original raw inputs not acquired in this pass; source preparation and validation remain pending.,,no_open_surrogate_in_this_pass,pending_open_source,
wet_pc_u09,Global Lakes and Wetlands Database (GLWD),Lehner & Döll 2004,https://data.hydrosheds.org/file/technical-documentation/BasinATLAS_Catalog_v10.pdf#page=29,percent cover,Mixed/source-specific; resolve exact release and observation period before execution,u,20,pending_original_inputs,Original raw inputs not acquired in this pass; source preparation and validation remain pending.,,no_open_surrogate_in_this_pass,pending_open_source,
wet_pc_ug1,Global Lakes and Wetlands Database (GLWD),Lehner & Döll 2004,https://data.hydrosheds.org/file/technical-documentation/BasinATLAS_Catalog_v10.pdf#page=29,percent cover,Mixed/source-specific; resolve exact release and observation period before execution,u,20,pending_original_inputs,Original raw inputs not acquired in this pass; source preparation and validation remain pending.,,no_open_surrogate_in_this_pass,pending_open_source,
wet_pc_ug2,Global Lakes and Wetlands Database (GLWD),Lehner & Döll 2004,https://data.hydrosheds.org/file/technical-documentation/BasinATLAS_Catalog_v10.pdf#page=29,percent cover,Mixed/source-specific; resolve exact release and observation period before execution,u,20,pending_original_inputs,Original raw inputs not acquired in this pass; source preparation and validation remain pending.,,no_open_surrogate_in_this_pass,pending_open_source,
