{"type":"FeatureCollection","features":[{"type":"Feature","properties":{"HYBAS_ID":2020065840,"NEXT_DOWN":0,"NEXT_SINK":2020065840,"MAIN_BAS":2020065840,"DIST_SINK":0.0,"DIST_MAIN":0.0,"SUB_AREA":3757297.4,"UP_AREA":3757297.4,"PFAF_ID":28,"SIDE":"M","LAKE":0,"ENDO":2,"COAST":1,"ORDER":0,"SORT":8,"SRC_TILE":"eu","UZB_KM2":74436.56563317405,"UZB_PCT":1.9755136397347055},"geometry":{"type":"MultiPolygon","coordinates":[[[[60.36667,55.76667],[60.36788,55.7714],[60.37124,55.76784],[60.36667,55.76667]]],[[[58.0625,47.0125],[58.06215,47.00591],[58.05869,47.00242],[58.05833,47.0],[58.05798,46.99758],[58.05452,46.99409],[58.05417,46.99167],[58.05,46.99167],[58.05035,46.98924],[58.05381,46.98576],[58.05452,46.98091],[58.05798,46.97742],[58.05869,46.96424],[58.07465,46.94826],[58.075,46.91667],[58.07443,46.91029],[58.0714,46.90638],[58.07013,46.89677],[58.05638,46.8839],[58.04672,46.88262],[58.04487,46.8754],[58.03825,46.87027],[58.00612,46.8714],[58.00075,46.87557],[57.99362,46.87443],[57.98971,46.8714],[57.9875,46.87083],[57.98715,46.86841],[57.98369,46.86492],[57.98333,46.85833],[57.97083,46.85833],[57.97083,46.8625],[57.96667,46.8625],[57.95833,46.8625],[57.95748,46.86582],[57.95417,46.86667],[57.93828,46.86597],[57.9375,46.85833],[57.93529,46.85777],[57.92987,46.85325],[57.9286,46.84362],[57.92557,46.83971],[57.92386,46.83307],[57.91875,46.83703],[57.91471,46.8339],[57.87425,46.83277],[57.86888,46.83693],[57.85342,46.83807],[57.84804,46.8339],[57.84252,46.83248],[57.8411,46.82696],[57.83649,46.82143],[57.81667,46.82083],[57.8125,46.82083],[57.8116,46.82434],[57.79779,46.82557],[57.79388,46.8286],[57.78675,46.82973],[57.78138,46.82557],[57.75612,46.82443],[57.75221,46.8214],[57.74509,46.82027],[57.73971,46.82443],[57.73529,46.82557],[57.73138,46.8286],[57.72696,46.82973],[57.72304,46.83277],[57.71446,46.8339],[57.71054,46.83693],[57.70833,46.8375],[57.69674,46.83688],[57.69583,46.83333],[57.6875,46.83333],[57.68665,46.83002],[57.68112,46.8286],[57.67721,46.82557],[57.65,46.825],[57.61841,46.82465],[57.61492,46.82119],[57.60833,46.82083],[57.6089,46.81446],[57.61193,46.81054],[57.61307,46.79779],[57.6161,46.79388],[57.61723,46.78946],[57.62027,46.78554],[57.6214,46.77279],[57.63277,46.76054],[57.63418,46.75502],[57.64127,46.7532],[57.6464,46.74658],[57.64527,46.74362],[57.64214,46.73958],[57.64536,46.73542],[57.6411,46.72991],[57.64223,46.72696],[57.64527,46.72304],[57.6464,46.71862],[57.64953,46.71458],[57.6463,46.71042],[57.64943,46.70638],[57.6509,46.70066],[57.65833,46.7],[57.65918,46.69668],[57.66471,46.69527],[57.66862,46.69223],[57.67304,46.6911],[57.67696,46.68807],[57.68138,46.68693],[57.68529,46.6839],[57.68971,46.68277],[57.69362,46.67973],[57.69804,46.6786],[57.70196,46.67557],[57.72399,46.67438],[57.7339,46.66346],[57.73277,46.66029],[57.72973,46.65638],[57.72917,46.65417],[57.725,46.65417],[57.72557,46.65196],[57.7286,46.64804],[57.72982,46.63429],[57.73529,46.62973],[57.7449,46.62846],[57.75777,46.61471],[57.75904,46.60509],[57.76446,46.60057],[57.76998,46.59915],[57.77175,46.59225],[57.78112,46.5839],[57.78554,46.58277],[57.79362,46.57557],[57.80057,46.57379],[57.79943,46.56446],[57.79557,46.55947],[57.80358,46.55741],[57.81204,46.54793],[57.80777,46.54241],[57.8089,46.53946],[57.81203,46.53542],[57.8089,46.53138],[57.80777,46.51862],[57.80473,46.51471],[57.80325,46.50892],[57.79388,46.50057],[57.78808,46.49908],[57.77973,46.48971],[57.77846,46.48009],[57.77292,46.47547],[57.7678,46.47943],[57.7661,46.47279],[57.76297,46.46875],[57.7661,46.46471],[57.76667,46.45],[57.76702,46.42258],[57.77048,46.41909],[57.77083,46.41667],[57.77326,46.41702],[57.77674,46.42048],[57.80417,46.42083],[57.80507,46.42434],[57.8125,46.425],[57.81909,46.42535],[57.82329,46.42952],[57.83159,46.42881],[57.83508,46.42535],[57.8625,46.425],[57.86312,46.42284],[57.86605,46.41883],[57.86747,46.40904],[57.88669,46.40763],[57.88827,46.39681],[57.89383,46.39522],[57.90201,46.38812],[57.90633,46.38688],[57.91034,46.38395],[57.91466,46.38272],[57.91867,46.37978],[57.9299,46.37855],[57.93951,46.38688],[57.94383,46.38812],[57.94784,46.39105],[57.95324,46.39259],[57.95417,46.39583],[57.96667,46.39583],[57.96998,46.39668],[57.97083,46.4],[57.98159,46.40035],[57.98508,46.40381],[57.98992,46.40452],[57.99548,46.41004],[57.99583,46.4125],[58.00417,46.4125],[58.00483,46.40507],[58.01054,46.4036],[58.01459,46.40046],[58.02291,46.40787],[58.02696,46.40473],[58.03138,46.4036],[58.03946,46.3964],[58.04498,46.39498],[58.04675,46.38808],[58.05612,46.37973],[58.06165,46.37832],[58.06335,46.37168],[58.06998,46.36998],[58.0718,46.3629],[58.07708,46.3588],[58.08259,46.36307],[58.08554,46.36193],[58.08946,46.3589],[58.09525,46.35741],[58.1036,46.34804],[58.10473,46.33946],[58.10777,46.33554],[58.10833,46.33333],[58.10833,46.32917],[58.10417,46.32917],[58.09673,46.32851],[58.09583,46.325],[58.0964,46.31446],[58.09943,46.31054],[58.10057,46.30612],[58.1036,46.30221],[58.10473,46.29362],[58.11193,46.28554],[58.11347,46.27956],[58.11862,46.27557],[58.12304,46.27443],[58.14362,46.25473],[58.14915,46.25332],[58.15057,46.24779],[58.15473,46.24241],[58.15316,46.23831],[58.14779,46.23693],[58.13971,46.22973],[58.1375,46.22917],[58.13091,46.22952],[58.12708,46.23332],[58.12292,46.22918],[58.11909,46.23298],[58.10662,46.23369],[58.10036,46.22746],[58.09965,46.22258],[58.09168,46.21458],[58.09965,46.20659],[58.1,46.19167],[58.10351,46.19077],[58.10417,46.18333],[58.10417,46.17917],[58.10502,46.17585],[58.11276,46.17386],[58.1089,46.16888],[58.10833,46.16667],[58.10196,46.1661],[58.09804,46.16307],[58.08946,46.16193],[58.0843,46.15794],[58.08245,46.15071],[58.07279,46.14943],[58.06888,46.1464],[58.06446,46.14527],[58.06054,46.14223],[58.05833,46.14167],[58.05417,46.14167],[58.05417,46.13333],[58.0587,46.13217],[58.04997,46.12237],[58.05748,46.1161],[58.06471,46.11723],[58.06875,46.12036],[58.07279,46.11723],[58.07721,46.1161],[58.08112,46.11307],[58.08554,46.11193],[58.08946,46.1089],[58.09388,46.10777],[58.10196,46.10057],[58.10748,46.09915],[58.10833,46.09583],[58.11054,46.09527],[58.11592,46.0911],[58.13138,46.09223],[58.14485,46.10473],[58.16054,46.1036],[58.16446,46.10057],[58.17721,46.09943],[58.18112,46.0964],[58.18665,46.09498],[58.18807,46.08946],[58.1911,46.08554],[58.19263,46.07956],[58.19779,46.07557],[58.20377,46.07403],[58.20777,46.06888],[58.20923,46.06316],[58.22304,46.06193],[58.22696,46.0589],[58.23248,46.05748],[58.2343,46.0504],[58.23946,46.0464],[58.24525,46.04491],[58.2536,46.03554],[58.25417,46.03333],[58.25662,46.03298],[58.26215,46.02742],[58.2625,46.025],[58.26909,46.02465],[58.27258,46.02119],[58.28159,46.02048],[58.28508,46.01702],[58.29409,46.01631],[58.29758,46.01285],[58.3,46.0125],[58.31909,46.01215],[58.32258,46.00869],[58.33992,46.00798],[58.34341,46.00452],[58.35242,46.00381],[58.36042,45.99585],[58.36424,45.99965],[58.37742,46.00035],[58.38125,46.00415],[58.38579,45.99965],[58.38992,46.00035],[58.39341,46.00381],[58.40659,46.00452],[58.41424,46.01215],[58.43333,46.0125],[58.43665,46.01165],[58.4375,46.00833],[58.43992,46.00869],[58.44548,46.01421],[58.44583,46.01667],[58.44826,46.01631],[58.45245,46.01215],[58.46076,46.01285],[58.46424,46.01631],[58.47917,46.01667],[58.48159,46.01702],[58.48924,46.02465],[58.49409,46.02535],[58.49758,46.02881],[58.5,46.02917],[58.51076,46.02952],[58.51424,46.03298],[58.52326,46.03369],[58.52881,46.03921],[58.52917,46.04167],[58.52917,46.04583],[58.55662,46.04548],[58.56631,46.03576],[58.56667,46.03333],[58.57083,46.03333],[58.59583,46.03333],[58.59673,46.02983],[58.60417,46.02917],[58.60488,46.02182],[58.61157,46.01991],[58.61366,46.01261],[58.61867,46.00895],[58.63669,46.00763],[58.63836,45.99616],[58.64367,45.99228],[58.65216,45.99105],[58.65617,45.98812],[58.66049,45.98688],[58.66867,45.97978],[58.67083,45.97917],[58.67149,45.97179],[58.67696,45.96723],[58.68248,45.96582],[58.6839,45.96029],[58.68704,45.95624],[58.67557,45.94388],[58.675,45.93333],[58.67535,45.93091],[58.67881,45.92742],[58.67917,45.925],[58.67952,45.92254],[58.68508,45.91702],[58.6875,45.91667],[58.68785,45.91424],[58.69131,45.91076],[58.69167,45.90417],[58.68811,45.90325],[58.6875,45.8875],[58.68715,45.88508],[58.67535,45.87326],[58.675,45.87083],[58.67168,45.86998],[58.67027,45.86446],[58.66723,45.86054],[58.66601,45.84673],[58.6625,45.84583],[58.66214,45.84338],[58.65659,45.83785],[58.65417,45.8375],[58.65381,45.83091],[58.64619,45.82326],[58.64548,45.81841],[58.64202,45.81492],[58.64131,45.80591],[58.63369,45.79826],[58.63298,45.79341],[58.62952,45.78992],[58.62881,45.78091],[58.62535,45.77742],[58.62465,45.77258],[58.62119,45.76909],[58.62048,45.76424],[58.61702,45.76076],[58.61631,45.75591],[58.61285,45.75242],[58.6125,45.72917],[58.61176,45.72164],[58.60201,45.72022],[58.59799,45.71728],[58.5875,45.71667],[58.58715,45.71424],[58.58298,45.71005],[58.58369,45.69758],[58.58715,45.69409],[58.58785,45.68924],[58.59548,45.68159],[58.59619,45.67258],[58.59965,45.66909],[58.6,45.6625],[58.59758,45.66215],[58.59409,45.65869],[58.58508,45.65798],[58.57952,45.65245],[58.57917,45.63333],[58.58138,45.63277],[58.58529,45.62973],[58.59104,45.62826],[58.59167,45.61667],[58.59131,45.61424],[58.58369,45.60659],[58.58333,45.60417],[58.58091,45.60381],[58.57742,45.60035],[58.5625,45.6],[58.56193,45.59779],[58.55777,45.59241],[58.5589,45.58112],[58.56276,45.57614],[58.55833,45.575],[58.55798,45.57258],[58.54202,45.55659],[58.54131,45.55171],[58.53576,45.54619],[58.53333,45.54583],[58.53298,45.54341],[58.52465,45.53505],[58.52535,45.52674],[58.53332,45.51875],[58.52952,45.51492],[58.52917,45.50417],[58.52585,45.50332],[58.52415,45.49668],[58.51862,45.49527],[58.51347,45.49127],[58.51193,45.48529],[58.5089,45.48138],[58.50777,45.47842],[58.51203,45.47292],[58.5088,45.46875],[58.51193,45.46471],[58.51307,45.46175],[58.5089,45.45638],[58.50777,45.44779],[58.50057,45.43971],[58.49943,45.43529],[58.4963,45.43125],[58.49943,45.42721],[58.5,45.425],[58.49341,45.42465],[58.48785,45.41912],[58.4875,45.40833],[58.48508,45.40798],[58.47326,45.39619],[58.46841,45.39548],[58.44826,45.37535],[58.44583,45.375],[58.44167,45.375],[58.44075,45.37142],[58.43138,45.36307],[58.42585,45.36165],[58.4241,45.35481],[58.41054,45.34223],[58.40417,45.34167],[58.40452,45.33508],[58.40832,45.33125],[58.40452,45.32742],[58.40417,45.32083],[58.40085,45.31998],[58.39943,45.31446],[58.38266,45.29673],[58.37917,45.29583],[58.37881,45.28508],[58.36702,45.27326],[58.36631,45.26841],[58.36285,45.26492],[58.36215,45.26008],[58.35452,45.25242],[58.35381,45.24758],[58.35035,45.24409],[58.35,45.225],[58.34583,45.225],[58.34583,45.22083],[58.34238,45.21995],[58.34096,45.20922],[58.3375,45.20833],[58.3375,45.20417],[58.3375,45.19167],[58.33529,45.1911],[58.32149,45.17819],[58.32027,45.16446],[58.31723,45.16054],[58.3161,45.13871],[58.32083,45.1375],[58.32027,45.13529],[58.31723,45.13138],[58.31596,45.12175],[58.31054,45.11723],[58.30612,45.1161],[58.30221,45.11307],[58.29623,45.11153],[58.29223,45.10638],[58.29082,45.10085],[58.2875,45.1],[58.28676,45.09247],[58.27701,45.09105],[58.26049,45.07562],[58.25446,45.07389],[58.24565,45.06374],[58.25,45.0625],[58.25035,45.06008],[58.25798,45.05242],[58.25833,45.05],[58.25483,45.0491],[58.2536,45.03529],[58.2464,45.02721],[58.24527,45.02279],[58.24223,45.01888],[58.2411,45.01029],[58.23807,45.00638],[58.23693,44.99779],[58.22973,44.98971],[58.22917,44.98333],[58.22674,44.98298],[58.21702,44.97329],[58.21631,44.96841],[58.20452,44.95659],[58.20381,44.95174],[58.20035,44.94826],[58.19965,44.94341],[58.19619,44.93992],[58.19548,44.93508],[58.18785,44.92742],[58.18715,44.91841],[58.18369,44.91492],[58.18298,44.91008],[58.17746,44.90452],[58.175,44.90417],[58.17465,44.90174],[58.17119,44.89826],[58.17083,44.89583],[58.17048,44.88508],[58.16702,44.88159],[58.16667,44.87917],[58.16631,44.87674],[58.16285,44.87326],[58.1625,44.83333],[58.1625,44.82083],[58.16285,44.81008],[58.16631,44.80659],[58.16667,44.79167],[58.16702,44.78924],[58.17048,44.78576],[58.17119,44.78091],[58.17465,44.77742],[58.175,44.7625],[58.17917,44.7625],[58.17917,44.75833],[58.17952,44.75174],[58.18298,44.74826],[58.18369,44.74341],[58.18715,44.73992],[58.18785,44.73091],[58.19131,44.72742],[58.19202,44.72254],[58.19758,44.71702],[58.2,44.71667],[58.2,44.7125],[58.20246,44.71214],[58.20832,44.70625],[58.20418,44.70208],[58.20798,44.69826],[58.20833,44.67917],[58.2089,44.67696],[58.21193,44.67304],[58.21347,44.66706],[58.21862,44.66307],[58.22304,44.66193],[58.22696,44.6589],[58.23248,44.65748],[58.2339,44.65196],[58.23693,44.64804],[58.23835,44.64252],[58.24388,44.6411],[58.24779,44.63807],[58.25,44.6375],[58.24964,44.63505],[58.23992,44.62535],[58.23504,44.62464],[58.22952,44.61909],[58.22881,44.61424],[58.22119,44.60659],[58.22083,44.59583],[58.21867,44.59522],[58.21466,44.59228],[58.20496,44.59087],[58.20355,44.58117],[58.20062,44.57716],[58.19938,44.57284],[58.19228,44.56466],[58.19105,44.55617],[58.18739,44.55116],[58.18009,44.54907],[58.17917,44.54583],[58.17696,44.54527],[58.16312,44.53232],[58.16193,44.51029],[58.1589,44.50638],[58.15777,44.50196],[58.15473,44.49804],[58.15332,44.49252],[58.15,44.49167],[58.15,44.4875],[58.1509,44.48399],[58.15833,44.48333],[58.15896,44.47174],[58.16582,44.46998],[58.16723,44.46446],[58.17027,44.46054],[58.1714,44.45612],[58.1786,44.44804],[58.17917,44.44583],[58.1797,44.44359],[58.18386,44.43844],[58.1828,44.43525],[58.17864,44.43011],[58.18008,44.42577],[58.18333,44.425],[58.18369,44.42254],[58.18924,44.41702],[58.19167,44.41667],[58.19131,44.41008],[58.18751,44.40625],[58.19202,44.40171],[58.19131,44.37258],[58.18751,44.36875],[58.19131,44.36492],[58.19167,44.35833],[58.19523,44.35742],[58.19583,44.34167],[58.19934,44.34077],[58.2,44.33333],[58.20035,44.32674],[58.20798,44.31909],[58.20869,44.31424],[58.22048,44.30242],[58.22083,44.3],[58.22119,44.29341],[58.22465,44.28992],[58.22535,44.28508],[58.22881,44.28159],[58.22952,44.27258],[58.23298,44.26909],[58.23369,44.26008],[58.23715,44.25659],[58.2375,44.25417],[58.24826,44.25381],[58.26424,44.23785],[58.26912,44.23714],[58.27881,44.22742],[58.27917,44.225],[58.28159,44.22465],[58.28508,44.22119],[58.29167,44.22083],[58.29252,44.21752],[58.29583,44.21667],[58.29668,44.21335],[58.30332,44.21165],[58.30417,44.20833],[58.30659,44.20798],[58.31008,44.20452],[58.31492,44.20381],[58.32258,44.19619],[58.325,44.19583],[58.32585,44.19252],[58.33248,44.19082],[58.3339,44.18529],[58.3411,44.17721],[58.34257,44.17149],[58.35,44.17083],[58.35085,44.16752],[58.35638,44.1661],[58.36446,44.1589],[58.36667,44.15833],[58.36667,44.15417],[58.36595,44.14244],[58.35084,44.1409],[58.34936,44.1312],[58.34102,44.12147],[58.34231,44.11037],[58.34523,44.10625],[58.34231,44.10213],[58.34167,44.0875],[58.33924,44.08715],[58.33369,44.08162],[58.33333,44.06667],[58.33422,44.06321],[58.34495,44.06179],[58.3464,44.05612],[58.34943,44.05221],[58.35,44.05],[58.34668,44.04915],[58.34583,44.04583],[58.34519,44.0437],[58.34102,44.03782],[58.34231,44.02703],[58.35064,44.0173],[58.34936,44.01453],[58.33814,44.00213],[58.33624,43.99581],[58.3313,43.99231],[58.32703,43.99102],[58.32297,43.98814],[58.31664,43.98624],[58.31186,43.97949],[58.31314,43.9687],[58.32148,43.95897],[58.32019,43.9562],[58.31731,43.95213],[58.31593,43.93411],[58.30084,43.93257],[58.29936,43.92287],[58.29648,43.9188],[58.29487,43.91346],[58.28752,43.91125],[58.29102,43.9063],[58.29167,43.89583],[58.28946,43.89527],[58.28394,43.89066],[58.28277,43.85955],[58.28971,43.85777],[58.29521,43.85318],[58.29583,43.84167],[58.30417,43.84167],[58.30381,43.83924],[58.29585,43.83125],[58.29965,43.82742],[58.3,43.825],[58.30246,43.82464],[58.31215,43.81492],[58.3125,43.8125],[58.30591,43.81215],[58.30035,43.80662],[58.29965,43.78091],[58.29619,43.77742],[58.29583,43.77083],[58.29829,43.77048],[58.30381,43.76492],[58.30417,43.75833],[58.30078,43.75734],[58.29922,43.74683],[58.29369,43.7452],[58.28002,43.73278],[58.27854,43.72285],[58.27563,43.71881],[58.27437,43.71452],[58.27146,43.71048],[58.2702,43.70619],[58.26584,43.70067],[58.22579,43.69933],[58.22437,43.6871],[58.22854,43.68131],[58.2298,43.67044],[58.22497,43.66373],[58.23131,43.66187],[58.24469,43.64971],[58.24646,43.64369],[58.24937,43.63965],[58.25,43.625],[58.24758,43.62465],[58.24409,43.62119],[58.23508,43.62048],[58.23159,43.61702],[58.22674,43.61631],[58.22292,43.61251],[58.21909,43.61631],[58.21078,43.61702],[58.20208,43.60835],[58.19375,43.61665],[58.18992,43.61285],[58.17917,43.6125],[58.17881,43.60588],[58.17326,43.60035],[58.17083,43.6],[58.16424,43.59965],[58.15869,43.59412],[58.15798,43.58924],[58.15246,43.58369],[58.14758,43.58298],[58.13992,43.57535],[58.1375,43.575],[58.1375,43.54583],[58.14082,43.54498],[58.14167,43.54167],[58.15221,43.5411],[58.15612,43.53807],[58.17402,43.53687],[58.1786,43.53138],[58.18007,43.52566],[58.19498,43.52433],[58.19606,43.51951],[58.18807,43.51054],[58.1875,43.50833],[58.18714,43.50588],[58.17742,43.49619],[58.175,43.49583],[58.1741,43.49233],[58.15923,43.49101],[58.15833,43.4875],[58.15591,43.48715],[58.15035,43.48162],[58.15,43.475],[58.15638,43.47443],[58.16029,43.4714],[58.16596,43.46995],[58.16737,43.45925],[58.17279,43.45473],[58.175,43.45417],[58.17562,43.43951],[58.17978,43.4338],[58.17855,43.43117],[58.17438,43.42547],[58.17562,43.41867],[58.17855,43.41466],[58.18033,43.40845],[58.18534,43.40478],[58.1961,43.40322],[58.19228,43.39799],[58.1909,43.38847],[58.1875,43.3875],[58.18682,43.36747],[58.17297,43.35481],[58.16763,43.3532],[58.16602,43.34786],[58.15477,43.33542],[58.15769,43.3313],[58.15898,43.32703],[58.16602,43.3188],[58.16731,43.30203],[58.17564,43.2923],[58.17436,43.28536],[58.17144,43.28125],[58.17436,43.27714],[58.17564,43.27286],[58.17852,43.2688],[58.18042,43.26252],[58.18718,43.26731],[58.20345,43.26591],[58.20487,43.24271],[58.20833,43.24167],[58.20869,43.23508],[58.21631,43.22742],[58.21667,43.22083],[58.21335,43.21998],[58.21161,43.21321],[58.20089,43.21179],[58.19943,43.20612],[58.18173,43.1875],[58.16875,43.19955],[58.16054,43.19223],[58.15417,43.19167],[58.15354,43.18008],[58.14623,43.1782],[58.14223,43.17304],[58.1411,43.16862],[58.12443,43.15101],[58.12557,43.14779],[58.1339,43.13844],[58.13277,43.13529],[58.12973,43.13138],[58.12917,43.12917],[58.13162,43.12881],[58.13715,43.12326],[58.1375,43.09583],[58.14804,43.09527],[58.15196,43.09223],[58.15775,43.09075],[58.1661,43.08138],[58.16752,43.07585],[58.17304,43.07443],[58.18529,43.06307],[58.18971,43.06193],[58.19362,43.0589],[58.2,43.05833],[58.2,43.05],[58.20085,43.04668],[58.20417,43.04583],[58.20748,43.04668],[58.20833,43.05],[58.2125,43.05],[58.21346,43.0468],[58.22062,43.04464],[58.23269,43.0313],[58.2343,43.02596],[58.23964,43.02436],[58.2437,43.02148],[58.2492,43.01982],[58.25092,43.00855],[58.2562,43.00481],[58.26314,43.00272],[58.2563,42.99648],[58.24244,42.99506],[58.24167,42.9875],[58.24202,42.97674],[58.24582,42.97292],[58.24131,42.96838],[58.24202,42.96424],[58.24548,42.96076],[58.24619,42.95591],[58.25452,42.94755],[58.25381,42.93924],[58.24965,42.93505],[58.25035,42.93091],[58.25452,42.92671],[58.25381,42.92258],[58.25001,42.91875],[58.25381,42.91492],[58.25417,42.9125],[58.25149,42.91187],[58.24114,42.90115],[58.24255,42.89661],[58.24911,42.89506],[58.25053,42.89058],[58.2422,42.88141],[58.24114,42.85323],[58.2453,42.84808],[58.24636,42.83942],[58.24947,42.83558],[58.25053,42.83239],[58.24636,42.82725],[58.2453,42.81989],[58.24947,42.81475],[58.25053,42.80725],[58.2422,42.79808],[58.24114,42.79473],[58.25095,42.78409],[58.25641,42.7828],[58.26603,42.77393],[58.2672,42.76442],[58.2703,42.76058],[58.27136,42.73525],[58.27447,42.73141],[58.27553,42.71156],[58.27136,42.70641],[58.2703,42.70323],[58.27447,42.69808],[58.275,42.69583],[58.27258,42.69548],[58.26492,42.68785],[58.25174,42.68715],[58.24826,42.68369],[58.23924,42.68298],[58.23159,42.67535],[58.22083,42.675],[58.21993,42.67147],[58.20196,42.67027],[58.19804,42.66723],[58.19362,42.6661],[58.18971,42.66307],[58.18418,42.66165],[58.18333,42.65833],[58.18091,42.65798],[58.17326,42.65035],[58.15662,42.64965],[58.15242,42.65381],[58.13995,42.65452],[58.13576,42.65035],[58.12917,42.65],[58.12566,42.6491],[58.12443,42.63529],[58.1214,42.63138],[58.12083,42.62083],[58.12174,42.61731],[58.13529,42.60473],[58.14804,42.6036],[58.15612,42.5964],[58.16054,42.59527],[58.16446,42.59223],[58.16888,42.5911],[58.17279,42.58807],[58.1866,42.58684],[58.1875,42.58333],[58.19388,42.58277],[58.19779,42.57973],[58.20332,42.57832],[58.20417,42.575],[58.21054,42.57443],[58.21446,42.5714],[58.22304,42.57027],[58.22696,42.56723],[58.23657,42.56596],[58.24527,42.55638],[58.2468,42.5504],[58.25342,42.54527],[58.26054,42.5464],[58.2699,42.55473],[58.29482,42.55355],[58.3089,42.5385],[58.30777,42.51862],[58.3036,42.51325],[58.30542,42.50851],[58.31029,42.50473],[58.31582,42.50332],[58.31723,42.49779],[58.32027,42.49388],[58.32172,42.48821],[58.33241,42.4868],[58.33693,42.48138],[58.33807,42.47696],[58.3411,42.47304],[58.34167,42.47083],[58.34223,42.46862],[58.34527,42.46471],[58.34649,42.4509],[58.35221,42.44943],[58.35612,42.4464],[58.36185,42.44493],[58.37443,42.43138],[58.37557,42.42696],[58.38693,42.41471],[58.38807,42.41029],[58.3911,42.40638],[58.39167,42.4],[58.39223,42.38946],[58.39527,42.38554],[58.39649,42.37181],[58.40612,42.36307],[58.41165,42.36165],[58.41341,42.35479],[58.425,42.35417],[58.42535,42.34758],[58.42952,42.34338],[58.42881,42.33505],[58.42326,42.32952],[58.42083,42.32917],[58.42083,42.325],[58.42326,42.32465],[58.43091,42.31702],[58.44826,42.31631],[58.45174,42.31285],[58.45417,42.3125],[58.45505,42.30904],[58.46471,42.30777],[58.47279,42.30057],[58.47721,42.29943],[58.48112,42.2964],[58.49167,42.29583],[58.49409,42.29548],[58.49758,42.29202],[58.50659,42.29131],[58.51008,42.28785],[58.52326,42.28715],[58.52674,42.28369],[58.53159,42.28298],[58.53995,42.27465],[58.56076,42.27535],[58.56424,42.27881],[58.57083,42.27917],[58.57168,42.28248],[58.575,42.28333],[58.575,42.3],[58.57566,42.30737],[58.58125,42.31203],[58.58543,42.3088],[58.5949,42.31723],[58.60221,42.3161],[58.60759,42.31193],[58.61471,42.31307],[58.61862,42.3161],[58.62304,42.31723],[58.62696,42.32027],[58.65326,42.32145],[58.65509,42.32858],[58.66573,42.33807],[58.66888,42.33693],[58.67696,42.32973],[58.67917,42.32917],[58.68005,42.32574],[58.68825,42.32443],[58.69362,42.3286],[58.69804,42.32973],[58.7032,42.33373],[58.70417,42.3375],[58.70452,42.34409],[58.70798,42.34758],[58.70833,42.35417],[58.71165,42.35502],[58.71339,42.36179],[58.72304,42.36307],[58.72696,42.3661],[58.74804,42.36723],[58.75196,42.37027],[58.75794,42.3718],[58.76193,42.37696],[58.7634,42.38267],[58.77083,42.38333],[58.77157,42.37157],[58.78333,42.37083],[58.78277,42.36862],[58.7786,42.36325],[58.77973,42.36029],[58.78286,42.35625],[58.77964,42.35208],[58.78286,42.34792],[58.7786,42.34241],[58.78033,42.33791],[58.79485,42.32443],[58.79804,42.32557],[58.80717,42.3337],[58.8089,42.32696],[58.8162,42.31876],[58.81307,42.31471],[58.81193,42.30612],[58.80777,42.30075],[58.8089,42.29362],[58.81193,42.28971],[58.8125,42.2875],[58.82304,42.28807],[58.82842,42.29223],[58.85326,42.29105],[58.85505,42.28404],[58.86471,42.28277],[58.86875,42.27964],[58.87279,42.28277],[58.87721,42.2839],[58.88112,42.28693],[58.88554,42.28807],[58.89092,42.29223],[58.90221,42.2911],[58.90759,42.28693],[58.92721,42.28807],[58.93112,42.2911],[58.94167,42.29167],[58.94292,42.29582],[58.94787,42.29231],[58.95866,42.29102],[58.96453,42.29519],[58.97713,42.29648],[58.9812,42.29936],[58.99923,42.30074],[59.0,42.30833],[59.00659,42.30869],[59.01008,42.31215],[59.0125,42.3125],[59.01667,42.3125],[59.01752,42.31582],[59.0246,42.31763],[59.0286,42.32279],[59.02987,42.3324],[59.03946,42.3411],[59.04804,42.34223],[59.05196,42.34527],[59.05833,42.34583],[59.06909,42.34548],[59.07258,42.34202],[59.075,42.34167],[59.07832,42.34252],[59.07917,42.34583],[59.07917,42.35833],[59.08966,42.35895],[59.09367,42.36188],[59.10216,42.36312],[59.10617,42.36605],[59.12299,42.36728],[59.12708,42.37027],[59.13117,42.36728],[59.14113,42.36583],[59.14938,42.35633],[59.15068,42.32998],[59.16049,42.32855],[59.16451,42.32562],[59.17299,42.32438],[59.17701,42.32145],[59.18133,42.32022],[59.18534,42.31728],[59.19583,42.31667],[59.2,42.31667],[59.20417,42.31667],[59.20638,42.3161],[59.21029,42.31307],[59.21582,42.31165],[59.21667,42.30833],[59.21884,42.30894],[59.22292,42.31196],[59.22699,42.30894],[59.22971,42.30773],[59.23533,42.3119],[59.24245,42.3131],[59.25323,42.3037],[59.26281,42.30511],[59.25887,42.31042],[59.2619,42.31449],[59.2625,42.32083],[59.27054,42.32001],[59.27436,42.31463],[59.27564,42.31037],[59.28269,42.30213],[59.28398,42.29787],[59.28686,42.2938],[59.28814,42.27287],[59.29102,42.2688],[59.29231,42.26037],[59.30352,42.24797],[59.3052,42.24239],[59.32423,42.24093],[59.32592,42.22436],[59.3313,42.22564],[59.33718,42.22981],[59.3438,42.22852],[59.34787,42.22564],[59.35213,42.22436],[59.3562,42.22148],[59.36047,42.22019],[59.36453,42.21731],[59.37942,42.21579],[59.37564,42.21047],[59.375,42.20833],[59.37712,42.20768],[59.38121,42.20482],[59.39123,42.20326],[59.40351,42.18962],[59.40566,42.18268],[59.41188,42.18958],[59.40839,42.19457],[59.41454,42.19934],[59.43962,42.20066],[59.44788,42.20768],[59.46691,42.20917],[59.46184,42.21642],[59.46355,42.2249],[59.46871,42.22851],[59.475,42.22917],[59.47585,42.23248],[59.48138,42.2339],[59.48684,42.23846],[59.48807,42.25221],[59.49527,42.26029],[59.4964,42.26471],[59.49943,42.26862],[59.5,42.27083],[59.50659,42.27048],[59.51008,42.26702],[59.52326,42.26631],[59.52674,42.26285],[59.54409,42.26215],[59.54829,42.25798],[59.57326,42.25869],[59.57674,42.26215],[59.58159,42.26285],[59.58508,42.26631],[59.58992,42.26702],[59.59341,42.27048],[59.6,42.27083],[59.63241,42.27025],[59.63423,42.26316],[59.64167,42.2625],[59.65638,42.26307],[59.66874,42.27454],[59.67293,42.2713],[59.68112,42.2786],[59.68971,42.27973],[59.69779,42.28693],[59.70745,42.28821],[59.70833,42.29167],[59.71471,42.2911],[59.73112,42.27557],[59.74909,42.27436],[59.75089,42.26738],[59.76161,42.26596],[59.7625,42.2625],[59.76909,42.26215],[59.77258,42.25869],[59.77742,42.25798],[59.78091,42.25452],[59.81667,42.25417],[59.81702,42.25659],[59.82254,42.26214],[59.82742,42.26285],[59.83298,42.26838],[59.83333,42.27083],[59.85659,42.27119],[59.86008,42.27465],[59.86492,42.27535],[59.86912,42.27952],[59.88576,42.27881],[59.88924,42.27535],[59.89167,42.275],[59.89105,42.26867],[59.88812,42.26466],[59.88688,42.25617],[59.88272,42.25047],[59.88409,42.2383],[59.89383,42.23688],[59.90617,42.22562],[59.91157,42.22407],[59.91387,42.21605],[59.92299,42.21728],[59.9326,42.22562],[59.94503,42.22425],[59.94669,42.21283],[59.95201,42.20895],[59.95633,42.20772],[59.96034,42.20478],[59.96986,42.2034],[59.97176,42.19676],[59.97716,42.19522],[59.98534,42.18812],[59.99383,42.18688],[59.99784,42.18395],[60.00417,42.18333],[60.01492,42.18369],[60.01841,42.18715],[60.02083,42.1875],[60.02304,42.18693],[60.02696,42.1839],[60.04462,42.18277],[60.04583,42.1875],[60.05242,42.18715],[60.06495,42.17465],[60.07742,42.17535],[60.08162,42.17952],[60.08576,42.17881],[60.09341,42.17119],[60.10242,42.17048],[60.10662,42.16631],[60.11492,42.16702],[60.11841,42.17048],[60.12083,42.17083],[60.12027,42.15612],[60.11668,42.1515],[60.12279,42.1464],[60.12721,42.14527],[60.14362,42.12973],[60.14804,42.1286],[60.15196,42.12557],[60.16571,42.12434],[60.17027,42.11888],[60.1714,42.11446],[60.17443,42.11054],[60.1759,42.10483],[60.18333,42.10417],[60.1839,42.08946],[60.18693,42.08554],[60.18807,42.06862],[60.1911,42.06471],[60.19238,42.05505],[60.1996,42.0532],[60.2036,42.04804],[60.20417,42.04583],[60.20659,42.04548],[60.21008,42.04202],[60.21492,42.04131],[60.21841,42.03785],[60.22745,42.03714],[60.23298,42.03159],[60.23333,42.02917],[60.2339,42.02696],[60.23693,42.02304],[60.23807,42.01446],[60.25057,42.00099],[60.24943,41.99779],[60.23693,41.98432],[60.23823,41.97588],[60.24544,41.97403],[60.24943,41.96888],[60.25,41.9625],[60.24965,41.94758],[60.24619,41.94409],[60.24583,41.94167],[60.24672,41.93821],[60.25638,41.93693],[60.26029,41.9339],[60.27304,41.93277],[60.27696,41.92973],[60.29583,41.92917],[60.29668,41.92585],[60.30221,41.92443],[60.31029,41.91723],[60.31601,41.91577],[60.31667,41.90833],[60.32304,41.9089],[60.32767,41.91249],[60.33277,41.90638],[60.33404,41.89672],[60.34082,41.89498],[60.34223,41.88946],[60.34527,41.88554],[60.3464,41.87696],[60.34943,41.87304],[60.35057,41.86862],[60.36193,41.85638],[60.36342,41.85058],[60.37406,41.8411],[60.38138,41.84223],[60.38675,41.8464],[60.39495,41.84509],[60.39673,41.83816],[60.40417,41.8375],[60.40502,41.83418],[60.41054,41.83277],[60.41446,41.82973],[60.42044,41.8282],[60.42443,41.82304],[60.42571,41.81339],[60.43294,41.81153],[60.43693,41.80638],[60.43842,41.80058],[60.44779,41.79223],[60.45638,41.7911],[60.46029,41.78807],[60.46888,41.78693],[60.47279,41.7839],[60.48333,41.78333],[60.48405,41.77585],[60.49783,41.76311],[60.50341,41.76155],[60.50492,41.75095],[60.51232,41.74889],[60.51606,41.74384],[60.51762,41.73825],[60.52838,41.73672],[60.53273,41.73134],[60.53424,41.72591],[60.53967,41.72439],[60.54366,41.72144],[60.56587,41.72016],[60.56711,41.71174],[60.56253,41.70556],[60.56866,41.70061],[60.575,41.7],[60.58141,41.69947],[60.58542,41.69623],[60.58958,41.6996],[60.59483,41.69535],[60.59935,41.69676],[60.60053,41.70641],[60.60364,41.71025],[60.60417,41.7125],[60.60659,41.71215],[60.61008,41.70869],[60.61909,41.70798],[60.62258,41.70452],[60.62746,41.70381],[60.63298,41.69826],[60.63369,41.68924],[60.63749,41.68542],[60.63335,41.68125],[60.63715,41.67742],[60.63785,41.67258],[60.64202,41.66838],[60.64131,41.65591],[60.63785,41.65242],[60.6375,41.65],[60.63815,41.64264],[60.64904,41.63277],[60.66054,41.6339],[60.66592,41.63807],[60.67412,41.63676],[60.67585,41.63002],[60.68294,41.6282],[60.68693,41.62304],[60.6875,41.62083],[60.68866,41.61678],[60.69367,41.61312],[60.69907,41.61157],[60.70116,41.60428],[60.70617,41.60062],[60.71239,41.59884],[60.71611,41.59374],[60.70772,41.58407],[60.70908,41.57163],[60.7205,41.56997],[60.72438,41.56466],[60.72562,41.56034],[60.73272,41.55216],[60.73333,41.55],[60.74086,41.54926],[60.74938,41.53966],[60.75074,41.5258],[60.75617,41.52145],[60.76049,41.52022],[60.76451,41.51728],[60.77426,41.51586],[60.77572,41.50099],[60.78241,41.49907],[60.78333,41.49583],[60.78277,41.48529],[60.7786,41.47991],[60.77973,41.47696],[60.78277,41.47304],[60.78422,41.46738],[60.79388,41.4661],[60.79779,41.46307],[60.81471,41.46193],[60.82291,41.45463],[60.82696,41.45777],[60.84388,41.4589],[60.84779,41.46193],[60.85417,41.4625],[60.8616,41.46184],[60.86307,41.45612],[60.8661,41.45221],[60.86723,41.44362],[60.87443,41.43554],[60.87571,41.42589],[60.88248,41.42415],[60.8843,41.41706],[60.88958,41.41297],[60.8947,41.41693],[60.89697,41.40807],[60.90196,41.41193],[60.90638,41.41307],[60.911,41.41665],[60.9161,41.41054],[60.91667,41.40833],[60.91667,41.39167],[60.91723,41.38946],[60.92036,41.38542],[60.9161,41.37991],[60.91734,41.36756],[60.92415,41.36582],[60.9259,41.35899],[60.94071,41.35768],[60.94527,41.35221],[60.94583,41.34583],[60.95,41.34583],[60.95641,41.34636],[60.96025,41.34947],[60.96475,41.35053],[60.96875,41.35377],[60.97292,41.3504],[60.97823,41.3547],[60.98257,41.35325],[60.98411,41.34672],[60.9885,41.34535],[60.99359,41.34947],[60.99808,41.35053],[61.00323,41.3547],[61.00641,41.35364],[61.01442,41.34636],[61.02083,41.34583],[61.02175,41.34225],[61.0324,41.33277],[61.03554,41.3339],[61.05208,41.34955],[61.06029,41.34223],[61.06723,41.34045],[61.0661,41.33112],[61.06193,41.32575],[61.06355,41.32152],[61.07408,41.32013],[61.0786,41.31471],[61.07917,41.3125],[61.08576,41.31285],[61.09341,41.32048],[61.10417,41.32083],[61.15325,41.32025],[61.15508,41.31312],[61.17721,41.31193],[61.18112,41.3089],[61.19074,41.30763],[61.19943,41.29804],[61.2,41.29583],[61.20743,41.29517],[61.20922,41.28821],[61.21888,41.28693],[61.22279,41.2839],[61.22917,41.28333],[61.23248,41.28248],[61.2339,41.27696],[61.24527,41.26471],[61.24583,41.25833],[61.2506,41.257],[61.2494,41.23949],[61.24523,41.23387],[61.24666,41.22572],[61.26154,41.2243],[61.26356,41.21704],[61.27421,41.20773],[61.27923,41.20978],[61.28273,41.21449],[61.2843,41.22013],[61.29167,41.22083],[61.29273,41.2174],[61.31174,41.21591],[61.31326,41.19656],[61.3406,41.19513],[61.34167,41.19167],[61.3688,41.19102],[61.37287,41.18814],[61.37713,41.18686],[61.38687,41.17852],[61.3938,41.17981],[61.39912,41.18358],[61.40074,41.1677],[61.40754,41.16565],[61.40898,41.1562],[61.41602,41.14797],[61.41731,41.13953],[61.42019,41.13547],[61.42155,41.1177],[61.425,41.11667],[61.42465,41.11008],[61.42048,41.10588],[61.42119,41.10174],[61.42465,41.09826],[61.42535,41.06841],[61.42881,41.06492],[61.42917,41.05417],[61.43248,41.05332],[61.4339,41.04779],[61.43693,41.04388],[61.43807,41.03946],[61.44943,41.02721],[61.45057,41.00612],[61.4536,41.00221],[61.45538,40.99527],[61.47304,40.9964],[61.47696,40.99943],[61.48333,41.0],[61.48394,40.98425],[61.4875,40.98333],[61.4992,40.98266],[61.50044,40.97424],[61.49637,40.96875],[61.4994,40.96467],[61.5006,40.93949],[61.50356,40.93551],[61.50417,40.93333],[61.52713,40.93269],[61.5312,40.92981],[61.53547,40.92852],[61.53953,40.92564],[61.5534,40.92423],[61.55499,40.90862],[61.56037,40.90481],[61.57833,40.90343],[61.57996,40.89268],[61.58333,40.89167],[61.58395,40.89383],[61.58783,40.89914],[61.59926,40.9008],[61.6,40.90833],[61.60242,40.90798],[61.61841,40.89202],[61.62329,40.89131],[61.62881,40.88576],[61.62917,40.88333],[61.63009,40.87975],[61.63958,40.87129],[61.64906,40.87973],[61.65745,40.87843],[61.6589,40.87279],[61.66193,40.86888],[61.66307,40.86446],[61.67027,40.85638],[61.6714,40.85196],[61.68693,40.83554],[61.68807,40.83112],[61.6911,40.82721],[61.69252,40.82168],[61.69804,40.82027],[61.70612,40.81307],[61.71165,40.81165],[61.71307,40.80612],[61.72027,40.79804],[61.7214,40.79362],[61.72443,40.78971],[61.72589,40.78404],[61.73554,40.78277],[61.73946,40.77973],[61.74167,40.77917],[61.74263,40.7754],[61.74779,40.7714],[61.75346,40.76995],[61.75473,40.76029],[61.75777,40.75638],[61.75833,40.75417],[61.75612,40.7536],[61.74804,40.7464],[61.73855,40.74515],[61.73693,40.74092],[61.74193,40.73447],[61.73434,40.73252],[61.73277,40.72842],[61.73693,40.72304],[61.73807,40.71029],[61.7411,40.70638],[61.74223,40.70196],[61.74527,40.69804],[61.7464,40.67279],[61.74943,40.66888],[61.75057,40.66446],[61.7536,40.66054],[61.75473,40.65612],[61.75873,40.65097],[61.7625,40.65],[61.76307,40.63112],[61.7661,40.62721],[61.76723,40.61862],[61.7714,40.61325],[61.77027,40.60612],[61.7661,40.60075],[61.76723,40.59779],[61.7714,40.59241],[61.77027,40.58112],[61.7661,40.57575],[61.76723,40.57279],[61.77036,40.56875],[61.76723,40.56471],[61.76576,40.55896],[61.75417,40.55833],[61.75473,40.53946],[61.75777,40.53554],[61.7589,40.52696],[61.76307,40.52158],[61.7619,40.48841],[61.75475,40.48658],[61.7464,40.47721],[61.74527,40.46446],[61.74214,40.46042],[61.74536,40.45625],[61.74223,40.45221],[61.7411,40.41862],[61.73797,40.41458],[61.74223,40.40908],[61.7411,40.40612],[61.73807,40.40221],[61.7375,40.4],[61.73785,40.38508],[61.74131,40.38159],[61.74202,40.37258],[61.74619,40.36838],[61.74548,40.36008],[61.74202,40.35659],[61.74131,40.35174],[61.72535,40.33576],[61.72465,40.33091],[61.72119,40.32742],[61.72048,40.32258],[61.71702,40.31909],[61.71667,40.31667],[61.72402,40.31601],[61.7411,40.29804],[61.74223,40.27279],[61.74527,40.26888],[61.7464,40.25196],[61.74953,40.24792],[61.7464,40.24388],[61.74512,40.23422],[61.7379,40.23237],[61.73277,40.22575],[61.7339,40.21029],[61.73807,40.20491],[61.73693,40.20196],[61.72973,40.19388],[61.7286,40.16446],[61.72557,40.16054],[61.72429,40.15089],[61.71862,40.14943],[61.71471,40.1464],[61.70777,40.14462],[61.7089,40.13112],[61.71307,40.12575],[61.71193,40.12279],[61.6964,40.10638],[61.69527,40.09362],[61.69223,40.08971],[61.69078,40.08404],[61.68112,40.08277],[61.67721,40.07973],[61.675,40.07917],[61.67535,40.07674],[61.67952,40.07255],[61.67881,40.06841],[61.67048,40.06005],[61.67119,40.05174],[61.67465,40.04826],[61.67535,40.04341],[61.68298,40.03576],[61.68369,40.02674],[61.68715,40.02326],[61.68785,40.01841],[61.69548,40.01076],[61.69583,40.00833],[61.71159,40.00773],[61.71307,40.00196],[61.7161,39.99804],[61.71723,39.99362],[61.7214,39.98825],[61.72027,39.98529],[61.71714,39.98125],[61.72027,39.97721],[61.7214,39.96862],[61.72557,39.96325],[61.72443,39.94779],[61.72027,39.94241],[61.7214,39.93529],[61.72557,39.92991],[61.72443,39.91446],[61.7214,39.91054],[61.72083,39.90417],[61.72439,39.90325],[61.72557,39.87696],[61.7286,39.87304],[61.72917,39.85417],[61.72917,39.85],[61.72601,39.84919],[61.72443,39.84509],[61.7287,39.83958],[61.72557,39.83554],[61.72443,39.81175],[61.7286,39.80638],[61.72973,39.78112],[61.73277,39.77721],[61.7339,39.74925],[61.72973,39.74388],[61.72832,39.73835],[61.72157,39.73662],[61.72027,39.72842],[61.72443,39.72304],[61.72557,39.71446],[61.7286,39.71054],[61.72973,39.70612],[61.73277,39.70221],[61.7339,39.69925],[61.72964,39.69375],[61.73277,39.68971],[61.7339,39.68259],[61.72973,39.67721],[61.7286,39.66029],[61.72557,39.65638],[61.72443,39.63112],[61.7214,39.62721],[61.72027,39.60759],[61.72443,39.60221],[61.72557,39.59362],[61.7286,39.58971],[61.72917,39.575],[61.72952,39.56424],[61.73298,39.56076],[61.73333,39.55833],[61.73333,39.55],[61.72983,39.5491],[61.72917,39.54167],[61.72994,39.53839],[61.73446,39.53698],[61.74775,39.54947],[61.75,39.55],[61.75062,39.52701],[61.76188,39.51466],[61.76336,39.5045],[61.76867,39.50062],[61.77837,39.49921],[61.77994,39.48847],[61.78333,39.4875],[61.78333,39.46667],[61.78405,39.45074],[61.79583,39.45],[61.79583,39.44583],[61.79362,39.44527],[61.7911,39.44288],[61.79583,39.44167],[61.79583,39.4375],[61.79583,39.43333],[61.8,39.43333],[61.80351,39.43423],[61.80473,39.44804],[61.80777,39.45196],[61.8089,39.46471],[61.81193,39.46862],[61.81335,39.47415],[61.81888,39.47557],[61.82279,39.4786],[61.82917,39.47917],[61.82952,39.48576],[61.83298,39.48924],[61.83369,39.49409],[61.83715,39.49758],[61.8375,39.5],[61.84108,39.49908],[61.84943,39.48971],[61.85091,39.48396],[61.8625,39.48333],[61.86314,39.48547],[61.86602,39.48953],[61.86772,39.50064],[61.88256,39.49924],[61.88415,39.48362],[61.88953,39.47981],[61.8938,39.47852],[61.90203,39.47148],[61.9063,39.47019],[61.91037,39.46731],[61.91463,39.46602],[61.9187,39.46314],[61.92297,39.46186],[61.92703,39.45898],[61.93333,39.45833],[61.93277,39.47721],[61.92557,39.48529],[61.92436,39.50326],[61.91862,39.50473],[61.91347,39.50873],[61.91193,39.51471],[61.9089,39.51862],[61.90777,39.53138],[61.90463,39.53543],[61.91193,39.54362],[61.91307,39.55221],[61.91706,39.55737],[61.92304,39.5589],[61.92696,39.56193],[61.95742,39.56311],[61.95833,39.56667],[61.9625,39.56535],[61.97017,39.55628],[61.97157,39.52989],[61.9875,39.52917],[61.9875,39.52083],[61.9875,39.51667],[61.98835,39.51335],[61.99167,39.5125],[61.9922,39.51475],[61.99947,39.52275],[62.00053,39.53558],[62.00364,39.53942],[62.0047,39.55641],[62.00993,39.5625],[62.01458,39.55873],[62.01983,39.56298],[62.02423,39.56161],[62.02559,39.55584],[62.03218,39.54947],[62.03673,39.55089],[62.03803,39.55641],[62.04114,39.56025],[62.0422,39.57725],[62.0453,39.58109],[62.04636,39.59808],[62.04947,39.60192],[62.05,39.60833],[62.05756,39.60756],[62.05908,39.5927],[62.0625,39.59167],[62.06318,39.58417],[62.06962,39.5829],[62.0717,39.5908],[62.07884,39.59268],[62.08275,39.5978],[62.08459,39.60475],[62.09803,39.60359],[62.10614,39.59641],[62.10833,39.59583],[62.10907,39.5883],[62.11986,39.58673],[62.12083,39.58333],[62.12048,39.58091],[62.11702,39.57742],[62.11667,39.575],[62.12326,39.57465],[62.12674,39.57119],[62.13505,39.57048],[62.13924,39.57465],[62.14409,39.57535],[62.14965,39.58088],[62.15035,39.60242],[62.15381,39.60591],[62.15417,39.6125],[62.15659,39.61285],[62.16008,39.61631],[62.1625,39.61667],[62.17387,39.61724],[62.18697,39.63109],[62.18827,39.63661],[62.19267,39.63798],[62.19775,39.63386],[62.20641,39.6328],[62.21025,39.6297],[62.2125,39.62917],[62.2125,39.63333],[62.21595,39.63432],[62.2174,39.6492],[62.22863,39.65083],[62.23688,39.66034],[62.23843,39.66574],[62.24507,39.66764],[62.24645,39.67716],[62.25355,39.68534],[62.25478,39.68966],[62.25772,39.69367],[62.25926,39.69907],[62.26574,39.70093],[62.26728,39.70633],[62.27022,39.71034],[62.27145,39.72299],[62.27855,39.73117],[62.27978,39.73966],[62.28272,39.74367],[62.28395,39.75216],[62.28688,39.75617],[62.28819,39.77839],[62.29901,39.77973],[62.301,39.76605],[62.30633,39.76728],[62.31034,39.77022],[62.31466,39.77145],[62.32036,39.77562],[62.32716,39.77438],[62.33534,39.76728],[62.3375,39.76667],[62.33824,39.7742],[62.34799,39.77562],[62.35723,39.78363],[62.35833,39.7875],[62.36992,39.78688],[62.372,39.7788],[62.38112,39.78693],[62.40417,39.7875],[62.40452,39.76424],[62.40798,39.76076],[62.40869,39.74758],[62.4125,39.74373],[62.40659,39.73785],[62.39755,39.73714],[62.39202,39.73159],[62.39131,39.71424],[62.38785,39.71076],[62.38715,39.70591],[62.38369,39.70242],[62.38333,39.69583],[62.3839,39.68946],[62.38807,39.68408],[62.38649,39.67998],[62.37956,39.6782],[62.37557,39.67304],[62.37443,39.65612],[62.36723,39.64804],[62.3661,39.63946],[62.3589,39.63138],[62.35777,39.62279],[62.35473,39.61888],[62.3536,39.61446],[62.35057,39.61054],[62.34943,39.60612],[62.3464,39.60221],[62.34527,39.59362],[62.34223,39.58971],[62.3411,39.57696],[62.33807,39.57304],[62.33693,39.56029],[62.3339,39.55638],[62.33277,39.54779],[62.32973,39.54388],[62.3286,39.52279],[62.32443,39.51741],[62.32557,39.51029],[62.32943,39.5053],[62.32147,39.50326],[62.32027,39.48529],[62.31723,39.48138],[62.3161,39.45612],[62.31307,39.45221],[62.31193,39.43946],[62.3089,39.43554],[62.30777,39.42279],[62.30473,39.41888],[62.3036,39.41029],[62.29943,39.40491],[62.30057,39.40196],[62.30788,39.39375],[62.30057,39.38554],[62.29915,39.38002],[62.29583,39.37917],[62.29527,39.36862],[62.29223,39.36471],[62.2911,39.3557],[62.29658,39.3536],[62.30209,39.35787],[62.31029,39.35057],[62.31962,39.34943],[62.32083,39.35417],[62.32326,39.35452],[62.33508,39.36631],[62.3375,39.36667],[62.33971,39.3661],[62.34362,39.36307],[62.34915,39.36165],[62.35085,39.35502],[62.35417,39.35417],[62.35748,39.35502],[62.3589,39.36054],[62.36193,39.36446],[62.3625,39.375],[62.36471,39.37557],[62.37009,39.37973],[62.37419,39.37816],[62.37585,39.37168],[62.38248,39.36998],[62.38333,39.36667],[62.38333,39.3625],[62.38112,39.36193],[62.3786,39.35955],[62.38333,39.35833],[62.38333,39.35417],[62.38369,39.35174],[62.39131,39.34409],[62.39202,39.33508],[62.39582,39.33125],[62.39131,39.32671],[62.39202,39.31841],[62.39582,39.31458],[62.39131,39.31005],[62.39202,39.30591],[62.39619,39.30171],[62.39548,39.29758],[62.38715,39.28922],[62.38785,39.27674],[62.39131,39.27326],[62.39167,39.26667],[62.39409,39.26702],[62.40174,39.27465],[62.41076,39.27535],[62.41424,39.27881],[62.41667,39.27917],[62.42008,39.27822],[62.42161,39.26745],[62.43011,39.2662],[62.43949,39.27439],[62.44384,39.27561],[62.44783,39.27856],[62.45417,39.27917],[62.45417,39.275],[62.45381,39.26841],[62.45035,39.26492],[62.44965,39.25174],[62.44619,39.24826],[62.44548,39.24341],[62.44202,39.23992],[62.44131,39.23091],[62.43715,39.22671],[62.43785,39.22258],[62.44131,39.21909],[62.44167,39.20833],[62.44167,39.19167],[62.44252,39.18835],[62.44583,39.1875],[62.45221,39.18807],[62.45612,39.1911],[62.46054,39.19223],[62.47279,39.2036],[62.47877,39.20513],[62.48277,39.21029],[62.4839,39.21471],[62.48693,39.21862],[62.48835,39.22415],[62.49167,39.225],[62.49252,39.22168],[62.49583,39.22083],[62.4964,39.21862],[62.5161,39.19804],[62.51723,39.18529],[62.5214,39.17991],[62.52027,39.16446],[62.5161,39.15908],[62.51723,39.14779],[62.52557,39.13844],[62.52443,39.13529],[62.52027,39.12991],[62.52184,39.12581],[62.52846,39.12411],[62.52973,39.11446],[62.53277,39.11054],[62.53399,39.09673],[62.54082,39.09498],[62.54252,39.08835],[62.54804,39.08693],[62.55196,39.0839],[62.55417,39.08333],[62.55452,39.08576],[62.55798,39.08924],[62.55869,39.09409],[62.56215,39.09758],[62.56285,39.10242],[62.56631,39.10591],[62.56702,39.11076],[62.57048,39.11424],[62.57119,39.11912],[62.57674,39.12465],[62.58333,39.125],[62.59409,39.12535],[62.59758,39.12881],[62.60659,39.12952],[62.61008,39.13298],[62.61667,39.13333],[62.61723,39.13112],[62.62027,39.12721],[62.62172,39.12154],[62.63245,39.12012],[62.6343,39.1129],[62.63946,39.1089],[62.64544,39.10737],[62.65057,39.10075],[62.64943,39.09779],[62.6464,39.09388],[62.64583,39.07083],[62.65659,39.07119],[62.66008,39.07465],[62.6875,39.075],[62.68812,39.06867],[62.69105,39.06466],[62.69228,39.05201],[62.69522,39.04799],[62.69678,39.03723],[62.7037,39.04228],[62.71049,39.04105],[62.71867,39.03395],[62.72716,39.03272],[62.73534,39.02562],[62.74155,39.02384],[62.74522,39.01883],[62.74657,39.00494],[62.75153,39.00433],[62.75786,39.00895],[62.77418,39.00762],[62.77861,39.00209],[62.77438,38.9963],[62.77562,38.98951],[62.77861,38.98542],[62.77556,38.98124],[62.78812,38.96747],[62.78688,38.96451],[62.77978,38.95633],[62.77855,38.95201],[62.77438,38.9463],[62.77562,38.94367],[62.77855,38.93966],[62.77917,38.9375],[62.77881,38.93508],[62.77535,38.93159],[62.77465,38.90591],[62.76702,38.89826],[62.76631,38.88508],[62.76285,38.88159],[62.7625,38.87917],[62.76193,38.87279],[62.7588,38.86875],[62.76193,38.86471],[62.76307,38.85612],[62.76723,38.85075],[62.76599,38.8384],[62.7625,38.8375],[62.75612,38.83693],[62.75221,38.8339],[62.74645,38.83242],[62.74527,38.80612],[62.74223,38.80221],[62.7411,38.79925],[62.74527,38.79388],[62.7464,38.78946],[62.7536,38.78138],[62.75473,38.7324],[62.7464,38.72304],[62.74527,38.71175],[62.74943,38.70638],[62.75057,38.70342],[62.7464,38.69804],[62.74527,38.68112],[62.74223,38.67721],[62.7411,38.66862],[62.73807,38.66471],[62.7375,38.625],[62.74082,38.62415],[62.74223,38.61862],[62.74623,38.61347],[62.75221,38.61193],[62.75612,38.6089],[62.76054,38.60777],[62.76607,38.60316],[62.76723,38.56175],[62.76296,38.55624],[62.77027,38.54804],[62.7714,38.53946],[62.77379,38.53693],[62.775,38.54167],[62.78248,38.54245],[62.78419,38.55344],[62.8086,38.55497],[62.80351,38.56225],[62.80487,38.59913],[62.81462,38.60066],[62.81875,38.60354],[62.82288,38.60066],[62.82917,38.6],[62.82952,38.59758],[62.83369,38.59338],[62.83298,38.58924],[62.82952,38.58576],[62.82881,38.56841],[62.82501,38.56458],[62.82915,38.56042],[62.82535,38.55659],[62.825,38.54583],[62.84797,38.54519],[62.85203,38.54231],[62.87006,38.54093],[62.8716,38.52584],[62.8813,38.52436],[62.88622,38.52087],[62.89512,38.52158],[62.89648,38.54797],[62.89936,38.55203],[62.9,38.57083],[62.90332,38.57168],[62.90502,38.57832],[62.91054,38.57973],[62.9199,38.58807],[62.92304,38.58693],[62.92696,38.5839],[62.9339,38.58212],[62.93277,38.57696],[62.92973,38.57304],[62.9286,38.56862],[62.92557,38.56471],[62.92443,38.54779],[62.9214,38.54388],[62.92027,38.52696],[62.9161,38.52158],[62.91723,38.51029],[62.92443,38.50221],[62.92557,38.49779],[62.9286,38.49388],[62.92917,38.47917],[62.93294,38.4782],[62.93693,38.47304],[62.93807,38.46862],[62.94223,38.46325],[62.9411,38.45612],[62.93693,38.45075],[62.93807,38.44779],[62.9411,38.44388],[62.94223,38.43946],[62.94527,38.43554],[62.94705,38.4286],[62.95334,38.42998],[62.95777,38.43529],[62.9589,38.44388],[62.96193,38.44779],[62.96307,38.45638],[62.9662,38.46042],[62.96193,38.46592],[62.96307,38.47721],[62.9661,38.48112],[62.96758,38.48689],[62.98333,38.4875],[62.98392,38.45935],[62.98958,38.45463],[62.99434,38.45832],[63.00057,38.45085],[62.99943,38.44779],[62.99527,38.44241],[62.99689,38.43819],[63.00745,38.43679],[63.00833,38.43333],[63.01189,38.43425],[63.01307,38.46054],[63.0161,38.46446],[63.01667,38.47083],[63.02086,38.46957],[63.02436,38.46463],[63.02564,38.46037],[63.02852,38.4563],[63.02981,38.44787],[63.03269,38.4438],[63.03411,38.42991],[63.05213,38.42852],[63.06037,38.42148],[63.07416,38.42007],[63.07564,38.41037],[63.07852,38.4063],[63.07981,38.39787],[63.08269,38.3938],[63.08438,38.3882],[63.09583,38.3875],[63.09934,38.3866],[63.10057,38.37279],[63.10787,38.36459],[63.1036,38.35908],[63.10473,38.35196],[63.10777,38.34804],[63.1089,38.34362],[63.11307,38.33825],[63.11193,38.32279],[63.10777,38.31741],[63.1089,38.31446],[63.11203,38.31042],[63.1089,38.30638],[63.10777,38.30196],[63.10473,38.29804],[63.1036,38.28946],[63.10057,38.28554],[63.1,38.27917],[63.10057,38.27696],[63.1036,38.27304],[63.10538,38.2661],[63.11987,38.26732],[63.12443,38.27279],[63.12557,38.27721],[63.1286,38.28112],[63.12987,38.29075],[63.13529,38.29527],[63.13971,38.2964],[63.1447,38.30026],[63.1464,38.29362],[63.14943,38.28971],[63.15085,38.28418],[63.1589,38.28212],[63.15777,38.27696],[63.1536,38.27158],[63.15473,38.26446],[63.15777,38.26054],[63.1593,38.25456],[63.16446,38.25057],[63.17083,38.25],[63.1714,38.24779],[63.17443,38.24388],[63.17557,38.23946],[63.18277,38.23138],[63.1839,38.22696],[63.18807,38.22158],[63.18693,38.21862],[63.1838,38.21458],[63.18693,38.21054],[63.18816,38.19673],[63.19544,38.19487],[63.19943,38.18971],[63.20057,38.17696],[63.2036,38.17304],[63.20473,38.16029],[63.20777,38.15638],[63.20833,38.15],[63.20907,38.14247],[63.21883,38.14105],[63.23117,38.12978],[63.24383,38.12855],[63.25201,38.12145],[63.26049,38.12022],[63.26451,38.11728],[63.27054,38.11556],[63.27855,38.10633],[63.27917,38.1],[63.28971,38.10057],[63.29779,38.10777],[63.30075,38.1089],[63.30625,38.10464],[63.31042,38.10786],[63.31446,38.10473],[63.31741,38.1036],[63.32279,38.10777],[63.32575,38.1089],[63.33112,38.10473],[63.34388,38.1036],[63.34878,38.0998],[63.3535,38.10086],[63.35483,38.11577],[63.36165,38.11752],[63.3625,38.12083],[63.38975,38.1203],[63.40253,38.10829],[63.4078,38.11442],[63.40911,38.11995],[63.4135,38.12132],[63.41989,38.11614],[63.42725,38.1172],[63.43126,38.12045],[63.43942,38.11303],[63.44167,38.1125],[63.45216,38.11188],[63.45617,38.10895],[63.46587,38.10754],[63.46728,38.09784],[63.47022,38.09383],[63.47183,38.08819],[63.48966,38.08688],[63.49367,38.08395],[63.49799,38.08272],[63.50201,38.07978],[63.50417,38.07917],[63.50538,38.0839],[63.52027,38.06888],[63.5214,38.06446],[63.5286,38.05638],[63.53002,38.05085],[63.53554,38.04943],[63.53946,38.0464],[63.54512,38.04495],[63.5464,38.03529],[63.55057,38.02991],[63.54899,38.02581],[63.54225,38.02408],[63.53277,38.01344],[63.5339,38.00612],[63.53693,38.00221],[63.53807,37.99779],[63.5411,37.99388],[63.54167,37.99167],[63.54412,37.99131],[63.54965,37.98576],[63.55035,37.97674],[63.55381,37.97326],[63.55452,37.96841],[63.55798,37.96492],[63.55833,37.95833],[63.56471,37.9589],[63.56862,37.96193],[63.57442,37.96342],[63.5839,37.97406],[63.58277,37.98138],[63.5786,37.98675],[63.57973,37.99388],[63.58277,37.99779],[63.58425,38.00358],[63.59375,38.01205],[63.60612,38.00057],[63.61054,37.99943],[63.61446,37.9964],[63.62415,37.99512],[63.6252,37.99045],[63.6214,37.98554],[63.62027,37.97279],[63.6161,37.96741],[63.6174,37.95923],[63.62415,37.9536],[63.64388,37.95473],[63.64925,37.9589],[63.65745,37.95759],[63.65918,37.95085],[63.66471,37.94943],[63.67009,37.94527],[63.67721,37.9464],[63.68259,37.95057],[63.68669,37.94899],[63.68807,37.94362],[63.6912,37.93958],[63.68797,37.93542],[63.6911,37.93138],[63.69257,37.92566],[63.70638,37.92443],[63.71029,37.9214],[63.7125,37.92083],[63.71667,37.92083],[63.72017,37.91993],[63.7214,37.90612],[63.73277,37.89388],[63.7339,37.88529],[63.73693,37.88138],[63.73807,37.87696],[63.7411,37.87304],[63.74223,37.86862],[63.74536,37.86458],[63.7411,37.85908],[63.74223,37.85612],[63.74527,37.85221],[63.74583,37.8375],[63.74527,37.82279],[63.74214,37.81875],[63.7464,37.81325],[63.74527,37.81029],[63.73796,37.80209],[63.7411,37.79804],[63.74223,37.79362],[63.7461,37.78864],[63.73693,37.78629],[63.73807,37.77696],[63.7411,37.77304],[63.74263,37.76706],[63.74779,37.76307],[63.75221,37.76193],[63.76862,37.7464],[63.79492,37.74522],[63.79675,37.73811],[63.8125,37.7375],[63.81496,37.73714],[63.82048,37.73159],[63.82119,37.72258],[63.82881,37.71492],[63.82917,37.70417],[63.83576,37.70381],[63.84412,37.69548],[63.84826,37.69619],[63.85245,37.70035],[63.86076,37.69965],[63.87292,37.68751],[63.87745,37.69202],[63.88576,37.69131],[63.88924,37.68785],[63.89826,37.68715],[63.92328,37.66215],[63.92742,37.66285],[63.93508,37.67048],[63.94167,37.67083],[63.95339,37.67011],[63.95504,37.65392],[63.96117,37.65826],[63.97019,37.64797],[63.97188,37.63686],[63.97818,37.6384],[63.98013,37.64487],[63.98547,37.64648],[63.98953,37.64936],[63.99167,37.65],[63.99498,37.64915],[63.99583,37.64583],[63.99668,37.64252],[64.0,37.64167],[64.00417,37.64167],[64.00502,37.63835],[64.01165,37.63665],[64.01335,37.63002],[64.01998,37.62832],[64.02168,37.62168],[64.02832,37.61998],[64.02973,37.61446],[64.03277,37.61054],[64.0339,37.60612],[64.03693,37.60221],[64.03807,37.58946],[64.04943,37.57721],[64.05057,37.57279],[64.05777,37.56471],[64.05899,37.55098],[64.07279,37.53807],[64.07832,37.53665],[64.07973,37.53112],[64.08277,37.52721],[64.0839,37.51862],[64.08776,37.51364],[64.07988,37.51161],[64.0786,37.50196],[64.07547,37.49792],[64.0786,37.49388],[64.07983,37.48007],[64.08333,37.47917],[64.08248,37.47585],[64.07917,37.475],[64.07983,37.46757],[64.08554,37.4661],[64.08946,37.46307],[64.09544,37.46153],[64.09943,37.45638],[64.1,37.45],[64.10216,37.44938],[64.11034,37.44228],[64.14066,37.44101],[64.14228,37.43534],[64.14522,37.43133],[64.14667,37.42137],[64.15617,37.41312],[64.16049,37.41188],[64.16451,37.40895],[64.17716,37.40772],[64.18117,37.40478],[64.18966,37.40355],[64.19367,37.40062],[64.19799,37.39938],[64.20201,37.39645],[64.21196,37.395],[64.22022,37.38549],[64.22145,37.38117],[64.22438,37.37716],[64.22562,37.37284],[64.22855,37.36883],[64.22978,37.35617],[64.23395,37.35047],[64.23218,37.34669],[64.22438,37.34447],[64.22578,37.33413],[64.23653,37.33257],[64.2375,37.32917],[64.24082,37.32832],[64.24263,37.32123],[64.24779,37.31723],[64.25332,37.31582],[64.25507,37.30899],[64.2625,37.30833],[64.26305,37.30171],[64.26968,37.2953],[64.27423,37.29672],[64.275,37.3],[64.27854,37.29909],[64.27917,37.2875],[64.28007,37.28399],[64.29487,37.28268],[64.29943,37.27721],[64.30097,37.27123],[64.30612,37.26723],[64.31993,37.26601],[64.32173,37.25899],[64.33554,37.25777],[64.34362,37.25057],[64.35221,37.24943],[64.35612,37.2464],[64.35833,37.24583],[64.36577,37.24517],[64.36757,37.23816],[64.38243,37.23684],[64.38425,37.22975],[64.39362,37.2214],[64.40221,37.22027],[64.40612,37.21723],[64.41165,37.21582],[64.4125,37.2125],[64.41307,37.20612],[64.42027,37.19804],[64.42168,37.19252],[64.42721,37.1911],[64.43112,37.18807],[64.43554,37.18693],[64.43946,37.1839],[64.4464,37.18212],[64.44527,37.17696],[64.44223,37.17304],[64.44167,37.15417],[64.4491,37.15351],[64.45057,37.14779],[64.4536,37.14388],[64.45473,37.13946],[64.4661,37.12721],[64.46723,37.12279],[64.47027,37.11888],[64.4714,37.11446],[64.47443,37.11054],[64.475,37.10417],[64.47434,37.09679],[64.46888,37.09223],[64.46029,37.0911],[64.45638,37.08807],[64.44779,37.08693],[64.44388,37.0839],[64.43946,37.08277],[64.43138,37.07557],[64.42585,37.07415],[64.42443,37.06862],[64.4213,37.06458],[64.42557,37.05908],[64.42443,37.05612],[64.4214,37.05221],[64.42027,37.04779],[64.4089,37.03554],[64.40777,37.03112],[64.40473,37.02721],[64.4036,37.01862],[64.40057,37.01471],[64.39943,37.00612],[64.3964,37.00221],[64.39527,36.99362],[64.39223,36.98971],[64.3911,36.97696],[64.3838,36.96876],[64.38807,36.96325],[64.38693,36.96029],[64.3839,36.95638],[64.38237,36.9504],[64.37721,36.9464],[64.34684,36.94523],[64.34223,36.93971],[64.3411,36.93529],[64.33807,36.93138],[64.33693,36.92696],[64.3339,36.92304],[64.33277,36.91862],[64.32557,36.91054],[64.32415,36.90502],[64.31729,36.90326],[64.31667,36.89167],[64.30591,36.89131],[64.30242,36.88785],[64.29829,36.88715],[64.29409,36.89131],[64.27674,36.89202],[64.27326,36.89548],[64.25833,36.89583],[64.25502,36.89498],[64.25328,36.88821],[64.24255,36.88679],[64.2411,36.88112],[64.22557,36.86471],[64.22443,36.86029],[64.2214,36.85638],[64.22027,36.84925],[64.22526,36.8428],[64.22083,36.84167],[64.22083,36.83333],[64.2214,36.83112],[64.22443,36.82721],[64.22597,36.82123],[64.23112,36.81723],[64.25221,36.8161],[64.25612,36.81307],[64.26192,36.81158],[64.27027,36.80221],[64.27172,36.79654],[64.28138,36.79527],[64.28529,36.79223],[64.28971,36.7911],[64.29362,36.78807],[64.30328,36.78679],[64.30417,36.78333],[64.30381,36.78091],[64.29548,36.77255],[64.29619,36.75588],[64.31008,36.74202],[64.34409,36.74131],[64.34758,36.73785],[64.35662,36.73714],[64.36631,36.72742],[64.36702,36.72258],[64.37465,36.71492],[64.37535,36.71008],[64.37952,36.70588],[64.37881,36.68921],[64.37326,36.68369],[64.37083,36.68333],[64.35591,36.68298],[64.35208,36.67918],[64.34792,36.68332],[64.34409,36.67952],[64.33508,36.67881],[64.33159,36.67535],[64.32745,36.67465],[64.32326,36.67881],[64.31841,36.67952],[64.31492,36.68298],[64.3,36.68333],[64.29964,36.68088],[64.29409,36.67535],[64.29167,36.675],[64.29131,36.66422],[64.27742,36.65035],[64.27254,36.64964],[64.26285,36.63992],[64.2625,36.6375],[64.26285,36.63091],[64.26631,36.62742],[64.26702,36.62258],[64.27119,36.61838],[64.27048,36.61008],[64.25835,36.59792],[64.26285,36.59338],[64.26215,36.58924],[64.25869,36.58576],[64.25798,36.58091],[64.25452,36.57742],[64.25417,36.575],[64.25417,36.57083],[64.25417,36.55],[64.25071,36.54911],[64.24943,36.53946],[64.2464,36.53554],[64.24498,36.53002],[64.24167,36.52917],[64.24131,36.51424],[64.23715,36.51005],[64.23785,36.49341],[64.24548,36.48576],[64.24583,36.46667],[64.2384,36.46601],[64.23693,36.46029],[64.23294,36.45513],[64.22696,36.4536],[64.21888,36.4464],[64.21667,36.44583],[64.21723,36.42696],[64.2214,36.42158],[64.22016,36.40923],[64.21335,36.40748],[64.21136,36.39974],[64.20638,36.4036],[64.19362,36.40473],[64.18825,36.4089],[64.18006,36.4076],[64.17557,36.40221],[64.17403,36.39623],[64.16888,36.39223],[64.16667,36.39167],[64.16424,36.39131],[64.15869,36.38579],[64.15833,36.37917],[64.15174,36.37881],[64.14375,36.37085],[64.13992,36.37465],[64.13162,36.37535],[64.12535,36.36912],[64.12465,36.35591],[64.11702,36.34826],[64.11667,36.34583],[64.11008,36.34619],[64.10242,36.35381],[64.09412,36.35452],[64.07742,36.33785],[64.07258,36.33715],[64.06909,36.33369],[64.06495,36.33298],[64.06076,36.33715],[64.03333,36.3375],[64.03237,36.33373],[64.02721,36.32973],[64.02168,36.32832],[64.02083,36.325],[63.99341,36.32465],[63.98992,36.32119],[63.9875,36.32083],[63.98715,36.30174],[63.97952,36.29409],[63.97881,36.28921],[63.96909,36.27952],[63.96008,36.27881],[63.95242,36.27119],[63.94583,36.27083],[63.94583,36.225],[63.94826,36.22465],[63.95174,36.22119],[63.95417,36.22083],[63.95833,36.22083],[63.95955,36.2161],[63.97721,36.21723],[63.98126,36.22037],[63.98946,36.21307],[63.99512,36.21161],[63.99654,36.20089],[64.00221,36.19943],[64.01446,36.18807],[64.01888,36.18693],[64.02279,36.1839],[64.04484,36.18271],[64.04943,36.17721],[64.05121,36.17027],[64.06054,36.1714],[64.06446,36.17443],[64.07083,36.175],[64.07149,36.16757],[64.07721,36.1661],[64.08112,36.16307],[64.09082,36.16179],[64.09187,36.15711],[64.08807,36.15221],[64.08693,36.14779],[64.08277,36.14241],[64.0839,36.13529],[64.0911,36.12721],[64.09167,36.125],[64.09167,36.12083],[64.09131,36.11841],[64.08785,36.11492],[64.08715,36.11008],[64.08369,36.10659],[64.08333,36.10417],[64.07279,36.1036],[64.06888,36.10057],[64.06312,36.09909],[64.0625,36.0875],[64.06307,36.03946],[64.0661,36.03554],[64.06752,36.03002],[64.07557,36.02795],[64.07443,36.01862],[64.0714,36.01471],[64.07083,36.00417],[64.07048,36.00171],[64.06076,35.99202],[64.05591,35.99131],[64.05242,35.98785],[64.04167,35.9875],[64.04233,35.98007],[64.04941,35.97825],[64.05,35.95],[64.04784,35.94938],[64.04383,35.94645],[64.03404,35.94503],[64.03272,35.92701],[64.02978,35.92299],[64.02917,35.92083],[64.03248,35.91998],[64.0339,35.91446],[64.03693,35.91054],[64.0375,35.90833],[64.03847,35.90456],[64.04362,35.90057],[64.04804,35.89943],[64.05612,35.89223],[64.06165,35.89082],[64.06307,35.88529],[64.07443,35.87304],[64.07571,35.86339],[64.07917,35.8625],[64.07852,35.8562],[64.07509,35.85135],[64.08953,35.83814],[64.09513,35.83646],[64.09655,35.81327],[64.10203,35.80898],[64.11177,35.80749],[64.11314,35.78953],[64.11602,35.78547],[64.11731,35.7812],[64.12019,35.77714],[64.12175,35.76186],[64.1438,35.76314],[64.14968,35.76731],[64.15214,35.76602],[64.16453,35.75481],[64.17297,35.75352],[64.17703,35.75064],[64.1813,35.74936],[64.18536,35.74648],[64.19501,35.74501],[64.19663,35.73435],[64.20214,35.73269],[64.2062,35.72981],[64.21464,35.72852],[64.2187,35.72564],[64.24479,35.72431],[64.24583,35.72083],[64.24826,35.72048],[64.25174,35.71702],[64.25659,35.71631],[64.26841,35.70452],[64.27083,35.70417],[64.27168,35.70085],[64.275,35.7],[64.27745,35.69964],[64.29965,35.67742],[64.3,35.675],[64.30833,35.675],[64.3089,35.67279],[64.32027,35.66054],[64.3214,35.65612],[64.32443,35.65221],[64.32561,35.62175],[64.33248,35.61998],[64.3339,35.61446],[64.3411,35.60638],[64.34223,35.60196],[64.34527,35.59804],[64.34583,35.59583],[64.34527,35.59362],[64.34223,35.58971],[64.3411,35.58529],[64.33807,35.58138],[64.33693,35.57696],[64.3339,35.57304],[64.33277,35.56446],[64.32973,35.56054],[64.3286,35.54779],[64.3214,35.53971],[64.31991,35.53392],[64.31054,35.52557],[64.30456,35.52403],[64.30057,35.51888],[64.29943,35.50612],[64.2964,35.50221],[64.29498,35.49668],[64.28946,35.49527],[64.28138,35.48807],[64.2754,35.48653],[64.2714,35.48138],[64.26993,35.47566],[64.2625,35.475],[64.26285,35.47258],[64.27048,35.46492],[64.27119,35.46008],[64.27465,35.45659],[64.275,35.45417],[64.27465,35.45174],[64.27119,35.44826],[64.27048,35.44341],[64.26285,35.43576],[64.2625,35.43333],[64.25833,35.43333],[64.25869,35.43091],[64.26215,35.42742],[64.26286,35.42254],[64.26841,35.41702],[64.27326,35.41631],[64.27674,35.41285],[64.28162,35.41214],[64.28715,35.40659],[64.2875,35.40417],[64.29167,35.40417],[64.30242,35.40452],[64.30625,35.40832],[64.31008,35.40452],[64.32326,35.40381],[64.32674,35.40035],[64.33579,35.39964],[64.34131,35.39409],[64.34167,35.39167],[64.34202,35.38924],[64.34548,35.38576],[64.34583,35.38333],[64.34804,35.3839],[64.35196,35.38693],[64.35766,35.3884],[64.37443,35.40612],[64.37585,35.41165],[64.38138,35.41307],[64.38675,35.41723],[64.41471,35.4161],[64.41862,35.41307],[64.425,35.4125],[64.42557,35.41888],[64.4286,35.42279],[64.43005,35.42846],[64.43971,35.42973],[64.44779,35.43693],[64.45221,35.43807],[64.45612,35.4411],[64.46054,35.44223],[64.46446,35.44527],[64.46888,35.4464],[64.47696,35.4536],[64.47917,35.45417],[64.48002,35.45085],[64.48333,35.45],[64.48369,35.42674],[64.48715,35.42326],[64.4875,35.42083],[64.52083,35.42083],[64.525,35.42083],[64.52535,35.42745],[64.53091,35.43298],[64.54409,35.43369],[64.54758,35.43715],[64.56667,35.4375],[64.57917,35.4375],[64.58002,35.43418],[64.58333,35.43333],[64.58422,35.42988],[64.59388,35.4286],[64.60196,35.4214],[64.61667,35.42083],[64.61744,35.42845],[64.62917,35.42917],[64.62952,35.43162],[64.63508,35.43715],[64.6375,35.4375],[64.63841,35.43397],[64.65743,35.4327],[64.65955,35.42443],[64.66471,35.42557],[64.66862,35.4286],[64.67304,35.42973],[64.67696,35.43277],[64.68554,35.4339],[64.68946,35.43693],[64.70221,35.43807],[64.70612,35.4411],[64.725,35.44167],[64.72725,35.4422],[64.73109,35.4453],[64.73975,35.44636],[64.74359,35.44947],[64.74808,35.45053],[64.75192,35.45364],[64.76058,35.4547],[64.76458,35.45794],[64.76859,35.4547],[64.79808,35.45364],[64.80725,35.4453],[64.81058,35.44636],[64.81442,35.44947],[64.82308,35.45053],[64.83525,35.46197],[64.83975,35.46303],[64.84359,35.46614],[64.87725,35.4672],[64.88239,35.47136],[64.88673,35.46992],[64.8875,35.46667],[64.89383,35.46728],[64.89784,35.47022],[64.90424,35.47205],[64.89938,35.4787],[64.90062,35.48133],[64.91605,35.49784],[64.91747,35.5076],[64.93133,35.50895],[64.93534,35.51188],[64.93966,35.51312],[64.94536,35.51728],[64.94799,35.51605],[64.95201,35.51312],[64.95833,35.5125],[64.96054,35.51307],[64.96592,35.51723],[64.97066,35.51542],[64.97443,35.51054],[64.97589,35.50488],[64.98554,35.5036],[64.98958,35.50047],[64.99375,35.5037],[64.99779,35.50057],[65.01054,35.49943],[65.01446,35.4964],[65.02022,35.49492],[65.02145,35.46758],[65.02721,35.4661],[65.03112,35.46307],[65.03971,35.46193],[65.04362,35.4589],[65.05221,35.45777],[65.05612,35.45473],[65.08138,35.4536],[65.08529,35.45057],[65.0991,35.44934],[65.1,35.44583],[65.11076,35.44548],[65.11458,35.44168],[65.11841,35.44548],[65.125,35.44583],[65.12851,35.44673],[65.12917,35.45417],[65.13992,35.45452],[65.14375,35.45832],[65.15591,35.44619],[65.18992,35.44548],[65.19341,35.44202],[65.20242,35.44131],[65.21008,35.43369],[65.21667,35.43333],[65.21909,35.43298],[65.22258,35.42952],[65.22917,35.42917],[65.2367,35.4299],[65.23812,35.43966],[65.24105,35.44367],[65.24228,35.44799],[65.24522,35.45201],[65.24645,35.45633],[65.24938,35.46034],[65.25,35.4625],[65.25242,35.46285],[65.25662,35.46702],[65.26076,35.46631],[65.26424,35.46285],[65.27917,35.4625],[65.28002,35.45918],[65.28554,35.45777],[65.28946,35.45473],[65.29388,35.4536],[65.30196,35.4464],[65.32304,35.44527],[65.33112,35.43807],[65.34074,35.4368],[65.34943,35.42721],[65.35,35.425],[65.37742,35.42465],[65.38125,35.42085],[65.38543,35.425],[65.39131,35.41909],[65.39167,35.41667],[65.38818,35.41567],[65.38688,35.39303],[65.39383,35.39105],[65.40201,35.38395],[65.41049,35.38272],[65.41663,35.37781],[65.41312,35.37299],[65.41176,35.35914],[65.40201,35.35772],[65.39577,35.35273],[65.41605,35.33133],[65.41728,35.32701],[65.42022,35.32299],[65.42145,35.31034],[65.42438,35.30633],[65.42593,35.30093],[65.43133,35.29938],[65.43534,35.29645],[65.44583,35.29583],[65.44619,35.29341],[65.45798,35.28159],[65.45833,35.25833],[65.46165,35.25748],[65.46307,35.25196],[65.4661,35.24804],[65.46759,35.24225],[65.47823,35.23277],[65.48138,35.2339],[65.48529,35.23693],[65.49583,35.2375],[65.4968,35.24127],[65.50196,35.24527],[65.51471,35.2464],[65.51862,35.24943],[65.53138,35.25057],[65.5405,35.2587],[65.54263,35.2504],[65.54779,35.2464],[65.56471,35.24527],[65.57009,35.2411],[65.57304,35.24223],[65.57696,35.24527],[65.58333,35.24583],[65.58369,35.24829],[65.59341,35.25798],[65.60659,35.25869],[65.62258,35.27465],[65.62742,35.27535],[65.63125,35.27915],[65.63542,35.27501],[65.63924,35.27881],[65.64409,35.27952],[65.64758,35.28298],[65.6625,35.28333],[65.66285,35.28576],[65.66631,35.28924],[65.66667,35.3],[65.66604,35.31159],[65.6625,35.3125],[65.66008,35.31285],[65.65452,35.31838],[65.65417,35.32083],[65.66076,35.32119],[65.66424,35.32465],[65.66909,35.32535],[65.67258,35.32881],[65.69412,35.32952],[65.69965,35.33508],[65.70036,35.33996],[65.70591,35.34548],[65.71492,35.34619],[65.71841,35.34965],[65.75242,35.35035],[65.75591,35.35381],[65.76667,35.35417],[65.78255,35.35486],[65.78421,35.37108],[65.78953,35.36731],[65.81562,35.36597],[65.8177,35.35908],[65.8313,35.35769],[65.83537,35.35481],[65.8375,35.35417],[65.85242,35.35452],[65.85591,35.35798],[65.85833,35.35833],[65.87326,35.35798],[65.87674,35.35452],[65.87917,35.35417],[65.89804,35.3536],[65.90303,35.34974],[65.90502,35.35748],[65.90833,35.35833],[65.92742,35.35798],[65.93162,35.35381],[65.95242,35.35452],[65.95591,35.35798],[65.96667,35.35833],[65.96702,35.36079],[65.97708,35.37082],[65.98162,35.36631],[65.99826,35.36702],[66.00174,35.37048],[66.01076,35.37119],[66.01424,35.37465],[66.01912,35.37536],[66.02465,35.38091],[66.02535,35.38576],[66.03298,35.39341],[66.03369,35.39829],[66.03924,35.40381],[66.04409,35.40452],[66.05174,35.41215],[66.05659,35.41285],[66.06008,35.41631],[66.0625,35.41667],[66.06667,35.41667],[66.06667,35.4125],[66.07083,35.4125],[66.07326,35.41215],[66.08508,35.40035],[66.1,35.4],[66.10057,35.39779],[66.1036,35.39388],[66.10473,35.37696],[66.10777,35.37304],[66.10918,35.36752],[66.11582,35.36582],[66.11723,35.36029],[66.12027,35.35638],[66.12083,35.35],[66.11451,35.34938],[66.11049,35.34645],[66.10201,35.34522],[66.09383,35.33812],[66.08843,35.33657],[66.08688,35.33117],[66.07978,35.32299],[66.07855,35.31867],[66.06631,35.30525],[66.06034,35.30355],[66.04522,35.2885],[66.05633,35.28688],[66.06134,35.28322],[66.0625,35.27917],[66.06008,35.27881],[66.05659,35.27535],[66.04341,35.27465],[66.03992,35.27119],[66.03579,35.27048],[66.03125,35.27499],[66.02536,35.26912],[66.02465,35.26008],[66.01912,35.25452],[66.01008,35.25381],[65.99826,35.24202],[65.99583,35.24167],[65.99548,35.23924],[65.99202,35.23576],[65.99167,35.20833],[65.99273,35.20488],[66.01693,35.20337],[66.01313,35.19792],[66.01601,35.19379],[66.01743,35.18022],[66.02428,35.1781],[66.02566,35.15621],[66.03268,35.14796],[66.03399,35.14371],[66.03684,35.13962],[66.03816,35.13121],[66.04101,35.12712],[66.04232,35.11871],[66.04518,35.11462],[66.04649,35.10621],[66.05351,35.09796],[66.05417,35.09583],[66.05659,35.09548],[66.06042,35.09168],[66.06424,35.09548],[66.08576,35.09619],[66.08924,35.09965],[66.09583,35.1],[66.09915,35.10085],[66.1,35.10417],[66.10242,35.10452],[66.10591,35.10798],[66.11667,35.10833],[66.11667,35.10417],[66.11998,35.10332],[66.12083,35.1],[66.12027,35.09362],[66.10777,35.08015],[66.1089,35.07279],[66.11307,35.06741],[66.11193,35.06029],[66.10777,35.05491],[66.10901,35.04256],[66.11471,35.0411],[66.11862,35.03807],[66.12415,35.03665],[66.12557,35.03112],[66.12973,35.02575],[66.1286,35.02279],[66.12443,35.01741],[66.12567,35.00506],[66.13275,35.00325],[66.14223,34.9926],[66.1411,34.98112],[66.13807,34.97721],[66.13693,34.97279],[66.1339,34.96888],[66.13248,34.96335],[66.12564,34.96159],[66.12436,34.94257],[66.12083,34.94167],[66.1214,34.93112],[66.12443,34.92721],[66.12557,34.91862],[66.1287,34.91458],[66.12443,34.90908],[66.12567,34.89673],[66.13248,34.89498],[66.1343,34.8879],[66.13946,34.8839],[66.14804,34.88277],[66.15196,34.87973],[66.15638,34.8786],[66.16029,34.87557],[66.16471,34.87443],[66.16862,34.8714],[66.17828,34.87012],[66.17917,34.86667],[66.17917,34.85833],[66.19483,34.85894],[66.19943,34.86446],[66.20057,34.86888],[66.2036,34.87279],[66.20502,34.87832],[66.21054,34.87973],[66.21458,34.88286],[66.22009,34.8786],[66.22721,34.87973],[66.23112,34.88277],[66.23807,34.88455],[66.23693,34.89388],[66.23277,34.89925],[66.2339,34.90221],[66.23693,34.90612],[66.23807,34.91471],[66.2411,34.91862],[66.24257,34.92434],[66.25,34.925],[66.25743,34.92434],[66.2589,34.91862],[66.26725,34.90925],[66.27304,34.90777],[66.27696,34.90473],[66.28825,34.9036],[66.29362,34.90777],[66.30075,34.9089],[66.30612,34.90473],[66.31054,34.9036],[66.31446,34.90057],[66.3301,34.89943],[66.33946,34.90777],[66.34498,34.90918],[66.34583,34.9125],[66.35638,34.91193],[66.36042,34.9088],[66.36446,34.91193],[66.36998,34.91335],[66.37168,34.91998],[66.37721,34.9214],[66.3822,34.92526],[66.38333,34.92083],[66.38579,34.92048],[66.39131,34.91492],[66.39167,34.90833],[66.40417,34.90833],[66.4116,34.90899],[66.4125,34.9125],[66.41471,34.91193],[66.41862,34.9089],[66.42828,34.90762],[66.43009,34.90058],[66.43946,34.89223],[66.44388,34.8911],[66.44779,34.88807],[66.45221,34.88693],[66.45612,34.8839],[66.46471,34.88277],[66.46862,34.87973],[66.47083,34.87917],[66.47119,34.86838],[66.47674,34.86285],[66.47917,34.8625],[66.48159,34.86215],[66.48508,34.85869],[66.49409,34.85798],[66.49758,34.85452],[66.50242,34.85381],[66.50591,34.85035],[66.51492,34.84965],[66.51841,34.84619],[66.52083,34.84583],[66.52083,34.8375],[66.52149,34.83007],[66.52846,34.82828],[66.52987,34.81759],[66.53529,34.81307],[66.53971,34.81193],[66.54779,34.80473],[66.56471,34.8036],[66.56862,34.80057],[66.57828,34.79929],[66.57917,34.79583],[66.58267,34.79493],[66.5839,34.78112],[66.58693,34.77721],[66.5875,34.775],[66.58688,34.77284],[66.58395,34.76883],[66.58272,34.75617],[66.57978,34.75216],[66.57855,34.74784],[66.57438,34.74214],[66.57664,34.73734],[66.58534,34.72978],[66.59515,34.72836],[66.59583,34.71667],[66.61076,34.71631],[66.61424,34.71285],[66.61667,34.7125],[66.61702,34.70174],[66.62048,34.69826],[66.62083,34.69583],[66.63252,34.69515],[66.63419,34.68366],[66.6412,34.67855],[66.64383,34.67978],[66.64953,34.68395],[66.67299,34.68272],[66.67701,34.67978],[66.68549,34.67855],[66.68951,34.67562],[66.70417,34.675],[66.7036,34.67279],[66.70046,34.66874],[66.71193,34.65638],[66.71321,34.64672],[66.72044,34.64487],[66.72557,34.63825],[66.72443,34.61862],[66.71307,34.60638],[66.71193,34.59779],[66.6964,34.58138],[66.69527,34.57279],[66.69223,34.56888],[66.69167,34.5625],[66.69202,34.56004],[66.69758,34.55452],[66.70833,34.55417],[66.7125,34.55417],[66.7125,34.55],[66.71314,34.54787],[66.71606,34.54375],[66.70769,34.53397],[66.70898,34.52703],[66.71186,34.52297],[66.71328,34.50904],[66.74062,34.50764],[66.74231,34.50203],[66.75352,34.48963],[66.75513,34.4843],[66.75833,34.48333],[66.7572,34.4789],[66.75075,34.4839],[66.73946,34.48277],[66.73554,34.47973],[66.72279,34.4786],[66.71888,34.47557],[66.71318,34.4741],[66.6964,34.45638],[66.69498,34.45085],[66.68946,34.44943],[66.68554,34.4464],[66.67279,34.44527],[66.66054,34.4339],[66.65612,34.43277],[66.64804,34.42557],[66.63946,34.42443],[66.63554,34.4214],[66.63112,34.42027],[66.62304,34.41307],[66.61862,34.41193],[66.61471,34.4089],[66.61029,34.40777],[66.60638,34.40473],[66.60196,34.4036],[66.59804,34.40057],[66.58333,34.4],[66.58112,34.40057],[66.57721,34.4036],[66.56755,34.40488],[66.56667,34.40833],[66.54341,34.40798],[66.53992,34.40452],[66.5375,34.40417],[66.51424,34.40452],[66.51076,34.40798],[66.50662,34.40869],[66.49792,34.40001],[66.49375,34.40415],[66.48992,34.40035],[66.475,34.4],[66.46008,34.39965],[66.45659,34.39619],[66.45174,34.39548],[66.44826,34.39202],[66.43091,34.39131],[66.42742,34.38785],[66.40833,34.3875],[66.39341,34.38715],[66.38992,34.38369],[66.38579,34.38298],[66.38159,34.38715],[66.37329,34.38785],[66.36909,34.38369],[66.35833,34.38333],[66.35748,34.38665],[66.35196,34.38807],[66.34804,34.3911],[66.34362,34.39223],[66.33971,34.39527],[66.33675,34.3964],[66.33138,34.39223],[66.32083,34.39167],[66.29779,34.39223],[66.29263,34.39623],[66.29053,34.40443],[66.28554,34.40057],[66.28259,34.39943],[66.27708,34.4037],[66.27304,34.40057],[66.26862,34.39943],[66.26471,34.3964],[66.26029,34.39527],[66.25638,34.39223],[66.24779,34.3911],[66.23971,34.3839],[66.22279,34.38277],[66.21888,34.37973],[66.2125,34.37917],[66.21165,34.37585],[66.20612,34.37443],[66.20221,34.3714],[66.19779,34.37027],[66.19388,34.36723],[66.17696,34.3661],[66.16888,34.3589],[66.16029,34.35777],[66.15638,34.35473],[66.15,34.35417],[66.14965,34.35659],[66.14412,34.36214],[66.13091,34.36285],[66.12536,34.36838],[66.125,34.37083],[66.1125,34.37083],[66.10905,34.3698],[66.10759,34.35077],[66.1,34.35],[66.08924,34.35035],[66.08576,34.35381],[66.07674,34.35452],[66.07326,34.35798],[66.03508,34.35869],[66.03159,34.36215],[66.02083,34.3625],[66.01752,34.36165],[66.01582,34.35502],[66.0125,34.35417],[66.01193,34.34779],[66.0089,34.34388],[66.00777,34.33529],[66.00057,34.32721],[65.9993,34.31759],[65.99388,34.31307],[65.98529,34.31193],[65.98138,34.3089],[65.97585,34.30748],[65.975,34.30417],[65.97258,34.30452],[65.96909,34.30798],[65.96424,34.30869],[65.96076,34.31215],[65.95591,34.31285],[65.95242,34.31631],[65.93924,34.31702],[65.93576,34.32048],[65.93091,34.32119],[65.92326,34.32881],[65.91079,34.32952],[65.90659,34.32535],[65.90245,34.32465],[65.89826,34.32881],[65.88924,34.32952],[65.88576,34.33298],[65.87258,34.33369],[65.85869,34.34755],[65.85833,34.35417],[65.85174,34.35381],[65.84409,34.34619],[65.83924,34.34548],[65.83576,34.34202],[65.82745,34.34131],[65.81909,34.34965],[65.8125,34.35],[65.81158,34.34643],[65.79167,34.34583],[65.77674,34.34548],[65.77326,34.34202],[65.76841,34.34131],[65.76458,34.33751],[65.75659,34.34548],[65.75245,34.34619],[65.74826,34.34202],[65.74341,34.34131],[65.73992,34.33785],[65.73162,34.33715],[65.72742,34.34131],[65.70662,34.34202],[65.70208,34.33751],[65.69792,34.34165],[65.69375,34.33751],[65.68576,34.34548],[65.68091,34.34619],[65.67536,34.35171],[65.675,34.35417],[65.67279,34.3536],[65.66888,34.35057],[65.66335,34.34915],[65.6625,34.34583],[65.65417,34.34583],[65.65,34.34583],[65.64886,34.35026],[65.64388,34.3464],[65.63675,34.34527],[65.63138,34.34943],[65.61862,34.35057],[65.61471,34.3536],[65.6009,34.35483],[65.6,34.35833],[65.59779,34.35777],[65.59388,34.35473],[65.58007,34.35351],[65.57828,34.34654],[65.56862,34.34527],[65.56054,34.33807],[65.54092,34.33693],[65.53554,34.3411],[65.52083,34.34167],[65.52048,34.33091],[65.51285,34.32326],[65.51215,34.31841],[65.50869,34.31492],[65.50833,34.3125],[65.50869,34.28924],[65.51631,34.28159],[65.51667,34.275],[65.49583,34.275],[65.48508,34.27465],[65.47742,34.26702],[65.47329,34.26631],[65.46909,34.27048],[65.43995,34.27119],[65.43576,34.26702],[65.42745,34.26631],[65.42119,34.27255],[65.42048,34.28159],[65.41495,34.28715],[65.39829,34.28785],[65.39375,34.28335],[65.38958,34.28749],[65.38576,34.28369],[65.37745,34.28298],[65.37326,34.28715],[65.36841,34.28785],[65.36492,34.29131],[65.35,34.29167],[65.34943,34.29804],[65.3464,34.30196],[65.34527,34.3051],[65.35372,34.31459],[65.34223,34.32696],[65.34082,34.33248],[65.33418,34.33418],[65.33248,34.34082],[65.32585,34.34252],[65.32443,34.34804],[65.3214,34.35196],[65.32083,34.375],[65.31424,34.37535],[65.30869,34.38088],[65.30833,34.38333],[65.28508,34.38298],[65.28159,34.37952],[65.275,34.37917],[65.26841,34.37881],[65.26492,34.37535],[65.26008,34.37465],[65.25242,34.36702],[65.24583,34.36667],[65.22674,34.36631],[65.22326,34.36285],[65.21667,34.3625],[65.20417,34.3625],[65.19758,34.36215],[65.18992,34.35452],[65.17674,34.35381],[65.16875,34.34585],[65.16286,34.35171],[65.1625,34.35417],[65.16008,34.35381],[65.15625,34.35001],[65.15208,34.35415],[65.14826,34.35035],[65.13924,34.34965],[65.13576,34.34619],[65.13091,34.34548],[65.12742,34.34202],[65.11667,34.34167],[65.11578,34.33821],[65.10505,34.33679],[65.10417,34.33333],[65.09673,34.33267],[65.09527,34.32696],[65.09223,34.32304],[65.0911,34.31862],[65.0865,34.31311],[65.05759,34.31193],[65.05097,34.31706],[65.05,34.32083],[65.03333,34.32083],[65.03298,34.31838],[65.02742,34.31285],[65.025,34.3125],[65.02465,34.31008],[65.02119,34.30659],[65.02083,34.30417],[65.02048,34.28924],[65.01631,34.28505],[65.01702,34.27258],[65.02048,34.26909],[65.02083,34.24583],[65.01866,34.24523],[65.01467,34.24227],[65.00199,34.24106],[64.99384,34.23394],[64.98116,34.23273],[64.97708,34.22971],[64.97159,34.23378],[64.96322,34.23254],[64.9625,34.225],[64.96307,34.22279],[64.9661,34.21888],[64.96723,34.21446],[64.9714,34.20908],[64.97027,34.19779],[64.96723,34.19388],[64.9661,34.18529],[64.96307,34.18138],[64.96193,34.17696],[64.95777,34.17158],[64.9589,34.16862],[64.96307,34.16325],[64.96193,34.16029],[64.9588,34.15625],[64.96307,34.15075],[64.96193,34.14362],[64.9589,34.13971],[64.95767,34.1259],[64.95085,34.12415],[64.94886,34.1164],[64.94241,34.1214],[64.93112,34.12027],[64.92304,34.11307],[64.91862,34.11193],[64.91471,34.1089],[64.9125,34.10833],[64.91008,34.10798],[64.90242,34.10035],[64.89758,34.09965],[64.88992,34.09202],[64.88508,34.09131],[64.87952,34.08579],[64.87917,34.08333],[64.86424,34.08369],[64.86042,34.08749],[64.85659,34.08369],[64.84758,34.08298],[64.84409,34.07952],[64.82917,34.07917],[64.81841,34.07881],[64.80452,34.06495],[64.80417,34.05833],[64.79362,34.05777],[64.78847,34.05377],[64.7866,34.04649],[64.77917,34.04583],[64.7786,34.04804],[64.77557,34.05196],[64.77443,34.05638],[64.7714,34.06029],[64.76993,34.06601],[64.75612,34.06723],[64.75221,34.07027],[64.74779,34.0714],[64.73138,34.08693],[64.72696,34.08807],[64.71888,34.09527],[64.71667,34.09583],[64.71029,34.09527],[64.70638,34.09223],[64.70071,34.09078],[64.69943,34.08112],[64.6964,34.07721],[64.69527,34.07279],[64.69075,34.06737],[64.68112,34.0661],[64.67304,34.0589],[64.66029,34.05777],[64.65221,34.05057],[64.63333,34.05],[64.62279,34.04943],[64.61888,34.0464],[64.61175,34.04527],[64.60638,34.04943],[64.59705,34.05057],[64.59492,34.04226],[64.57083,34.04167],[64.56841,34.04131],[64.56492,34.03785],[64.55174,34.03715],[64.54826,34.03369],[64.53924,34.03298],[64.53576,34.02952],[64.53091,34.02881],[64.52742,34.02535],[64.51495,34.02465],[64.51076,34.02881],[64.4625,34.02917],[64.46029,34.0286],[64.45638,34.02557],[64.45085,34.02415],[64.45,34.02083],[64.44943,34.01862],[64.44223,34.01054],[64.4411,34.00196],[64.43724,33.99697],[64.44167,33.99583],[64.44167,33.98333],[64.44131,33.98088],[64.43576,33.97535],[64.41008,33.97465],[64.40659,33.97119],[64.36841,33.97048],[64.36492,33.96702],[64.35,33.96667],[64.33508,33.96631],[64.33159,33.96285],[64.32674,33.96215],[64.32326,33.95869],[64.30417,33.95833],[64.3,33.95833],[64.29758,33.95869],[64.29409,33.96215],[64.28162,33.96285],[64.27742,33.95869],[64.27329,33.95798],[64.26909,33.96215],[64.24829,33.96285],[64.24409,33.95869],[64.22329,33.95798],[64.21875,33.96249],[64.21492,33.95869],[64.20417,33.95833],[64.20174,33.95798],[64.19826,33.95452],[64.17258,33.95381],[64.16492,33.94619],[64.15,33.94583],[64.14583,33.94583],[64.14341,33.94548],[64.13992,33.94202],[64.11841,33.94131],[64.11492,33.93785],[64.1125,33.9375],[64.11008,33.93715],[64.10242,33.92952],[64.09829,33.92881],[64.09409,33.93298],[64.08924,33.93369],[64.07742,33.94548],[64.05833,33.94583],[64.05174,33.94548],[64.04826,33.94202],[64.04167,33.94167],[64.03953,33.94102],[64.03547,33.93814],[64.02991,33.93647],[64.0284,33.9216],[64.02083,33.92083],[64.01446,33.9214],[64.0093,33.9254],[64.0072,33.9336],[64.00221,33.92973],[63.99092,33.9286],[63.98554,33.93277],[63.98259,33.9339],[63.97721,33.92973],[63.97083,33.92917],[63.97027,33.92279],[63.96723,33.91888],[63.96601,33.90507],[63.96029,33.9036],[63.95221,33.8964],[63.94779,33.89527],[63.94388,33.89223],[63.93946,33.8911],[63.93138,33.8839],[63.92696,33.88277],[63.91888,33.87557],[63.91446,33.87443],[63.91054,33.8714],[63.90196,33.87027],[63.89804,33.86723],[63.89583,33.86667],[63.88946,33.8661],[63.88554,33.86307],[63.87696,33.86193],[63.8674,33.85327],[63.8661,33.84509],[63.87027,33.83971],[63.8714,33.83651],[63.85878,33.82292],[63.8661,33.81471],[63.86723,33.81029],[63.87027,33.80638],[63.87154,33.79672],[63.875,33.79583],[63.87379,33.7911],[63.86029,33.79223],[63.85491,33.7964],[63.85196,33.79527],[63.84804,33.79223],[63.84362,33.7911],[63.83138,33.77973],[63.82696,33.7786],[63.82304,33.77557],[63.81706,33.77403],[63.81307,33.76888],[63.81153,33.7629],[63.80638,33.7589],[63.80196,33.75777],[63.79792,33.75464],[63.79241,33.7589],[63.78946,33.75777],[63.78554,33.75473],[63.77279,33.7536],[63.76471,33.7464],[63.75196,33.74527],[63.74388,33.73807],[63.73426,33.7368],[63.72557,33.72721],[63.72443,33.72279],[63.7214,33.71888],[63.72083,33.71667],[63.70591,33.71702],[63.70242,33.72048],[63.69583,33.72083],[63.68924,33.72119],[63.68542,33.72499],[63.67742,33.71702],[63.67083,33.71667],[63.66752,33.71582],[63.66578,33.70904],[63.65612,33.70777],[63.65221,33.70473],[63.6384,33.70351],[63.63661,33.69654],[63.62696,33.69527],[63.62304,33.69223],[63.60612,33.6911],[63.60221,33.68807],[63.59779,33.68693],[63.59388,33.6839],[63.58529,33.68277],[63.58138,33.67973],[63.55612,33.6786],[63.55221,33.67557],[63.55,33.675],[63.50833,33.675],[63.5089,33.69388],[63.5161,33.70196],[63.51723,33.72158],[63.51307,33.72696],[63.51165,33.73248],[63.50833,33.73333],[63.50483,33.73423],[63.50417,33.74167],[63.50332,33.74498],[63.5,33.74583],[63.49965,33.75242],[63.49202,33.76008],[63.49167,33.7625],[63.48508,33.76215],[63.48159,33.75869],[63.46495,33.75798],[63.46076,33.76215],[63.45662,33.76285],[63.44826,33.75452],[63.43091,33.75381],[63.42326,33.74619],[63.39341,33.74548],[63.38576,33.73785],[63.37917,33.7375],[63.375,33.7375],[63.36871,33.73816],[63.34664,33.75891],[63.34518,33.77296],[63.33816,33.78121],[63.33679,33.81593],[63.31357,33.81738],[63.31184,33.82296],[63.30409,33.83207],[63.3,33.83333],[63.27917,33.83333],[63.27881,33.82671],[63.26909,33.81702],[63.2625,33.81667],[63.26165,33.81335],[63.25612,33.81193],[63.25075,33.80777],[63.23946,33.8089],[63.23138,33.8161],[63.21029,33.81723],[63.20638,33.82027],[63.19167,33.82083],[63.17674,33.82048],[63.17326,33.81702],[63.16424,33.81631],[63.16076,33.81285],[63.14758,33.81215],[63.14409,33.80869],[63.13924,33.80798],[63.13576,33.80452],[63.12674,33.80381],[63.12326,33.80035],[63.09167,33.8],[63.08693,33.80121],[63.08807,33.82721],[63.09538,33.83542],[63.08807,33.84362],[63.08693,33.84804],[63.08277,33.85342],[63.0839,33.87304],[63.08693,33.87696],[63.08807,33.91054],[63.0911,33.91446],[63.09223,33.93138],[63.09527,33.93529],[63.0964,33.94388],[63.09943,33.94779],[63.10057,33.95221],[63.10777,33.96029],[63.10918,33.96582],[63.1125,33.96667],[63.11307,33.97721],[63.1161,33.98112],[63.11723,33.9926],[63.1089,34.00196],[63.10748,34.00748],[63.10196,34.0089],[63.09804,34.01193],[63.09583,34.0125],[63.09498,34.01582],[63.09167,34.01667],[63.09131,34.01424],[63.08369,34.00659],[63.08298,34.00171],[63.07742,33.99619],[63.06424,33.99548],[63.05659,33.98785],[63.03924,33.98715],[63.03542,33.98335],[63.03159,33.98715],[63.01841,33.98785],[63.01421,33.99202],[63.00591,33.99131],[62.99409,33.97952],[62.98924,33.97881],[62.98576,33.97535],[62.98333,33.975],[62.98252,33.97816],[62.97842,33.97973],[62.97304,33.97557],[62.97009,33.97443],[62.96471,33.9786],[62.95505,33.97988],[62.9536,33.98554],[62.95057,33.98946],[62.94911,33.99512],[62.93839,33.99654],[62.9375,34.0],[62.93333,34.0],[62.93245,34.00343],[62.92425,34.00473],[62.91888,34.00057],[62.91667,34.0],[62.91545,33.99527],[62.90196,33.9964],[62.89804,33.99943],[62.89167,34.0],[62.89082,34.00332],[62.88529,34.00473],[62.87987,34.00925],[62.87846,34.01995],[62.87279,34.0214],[62.86734,34.02595],[62.8661,34.03825],[62.87027,34.04362],[62.87083,34.04583],[62.86008,34.04619],[62.85659,34.04965],[62.85174,34.05035],[62.84826,34.05381],[62.83508,34.05452],[62.83159,34.05798],[62.82083,34.05833],[62.80612,34.0589],[62.80221,34.06193],[62.79668,34.06335],[62.79583,34.06667],[62.76841,34.06631],[62.76492,34.06285],[62.75174,34.06215],[62.74826,34.05869],[62.73333,34.05833],[62.73091,34.05869],[62.72742,34.06215],[62.7125,34.0625],[62.71165,34.05918],[62.70833,34.05833],[62.70591,34.05869],[62.70242,34.06215],[62.69341,34.06285],[62.68992,34.06631],[62.66424,34.06702],[62.66076,34.07048],[62.65662,34.07119],[62.65242,34.06702],[62.65,34.06667],[62.64943,34.06446],[62.6464,34.06054],[62.64495,34.05488],[62.63425,34.05346],[62.62973,34.04804],[62.6286,34.03946],[62.62557,34.03554],[62.62443,34.03112],[62.6214,34.02721],[62.62083,34.025],[62.61862,34.02557],[62.61471,34.0286],[62.60918,34.03002],[62.60743,34.03684],[62.6,34.0375],[62.59758,34.03715],[62.58576,34.02535],[62.58333,34.025],[62.57696,34.02443],[62.57304,34.0214],[62.56371,34.02027],[62.56165,34.02832],[62.55833,34.02917],[62.55798,34.02671],[62.55242,34.02119],[62.54341,34.02048],[62.53992,34.01702],[62.5375,34.01667],[62.52696,34.01723],[62.52197,34.0211],[62.52027,34.01446],[62.51723,34.01054],[62.51576,34.0048],[62.49779,34.0036],[62.49388,34.00057],[62.48259,33.99943],[62.47721,34.0036],[62.46029,34.00473],[62.45638,34.00777],[62.45121,34.0089],[62.44943,34.00196],[62.44491,33.99654],[62.43529,33.99527],[62.43138,33.99223],[62.42842,33.9911],[62.42292,33.99536],[62.41888,33.99223],[62.39674,33.99104],[62.39583,33.9875],[62.39252,33.98835],[62.39082,33.99498],[62.3875,33.99583],[62.38508,33.99548],[62.37742,33.98785],[62.36008,33.98715],[62.35659,33.98369],[62.34167,33.98333],[62.3375,33.98333],[62.33665,33.98002],[62.33112,33.9786],[62.32721,33.97557],[62.325,33.975],[62.325,33.9625],[62.32851,33.9616],[62.32917,33.95417],[62.32855,33.94784],[62.32562,33.94383],[62.32438,33.93534],[62.31728,33.92716],[62.31581,33.917],[62.31049,33.91312],[62.30617,33.91188],[62.30216,33.90895],[62.28951,33.90772],[62.28549,33.90478],[62.28117,33.90355],[62.27708,33.90056],[62.2713,33.90478],[62.24664,33.90349],[62.24504,33.89246],[62.23534,33.89105],[62.23133,33.88812],[62.21667,33.8875],[62.2125,33.8875],[62.20612,33.88693],[62.20221,33.8839],[62.19779,33.88277],[62.19388,33.87973],[62.18835,33.87832],[62.1875,33.875],[62.18508,33.87465],[62.18159,33.87119],[62.16912,33.87048],[62.16492,33.87465],[62.16079,33.87535],[62.15659,33.87119],[62.15,33.87083],[62.14167,33.87083],[62.14167,33.86667],[62.13946,33.8661],[62.13554,33.86307],[62.13112,33.86193],[62.12614,33.85807],[62.125,33.8625],[62.12083,33.8625],[62.11733,33.8616],[62.11667,33.85417],[62.10923,33.85351],[62.10744,33.84651],[62.09509,33.84527],[62.08971,33.84943],[62.08675,33.85057],[62.08013,33.84544],[62.0786,33.83946],[62.06986,33.82982],[62.05507,33.82851],[62.0536,33.82279],[62.0464,33.81471],[62.04583,33.8125],[62.0375,33.8125],[62.0366,33.81601],[62.02917,33.81667],[62.02674,33.81631],[62.02326,33.81285],[62.01667,33.8125],[62.01577,33.80899],[62.00196,33.80777],[61.99658,33.8036],[61.98423,33.80484],[61.98237,33.8121],[61.97575,33.81723],[61.96446,33.8161],[61.96054,33.81307],[61.95612,33.81193],[61.95208,33.8088],[61.94658,33.81307],[61.93423,33.81183],[61.93242,33.80478],[61.90612,33.8036],[61.90075,33.79943],[61.89779,33.80057],[61.89388,33.8036],[61.88946,33.80473],[61.88138,33.81193],[61.87696,33.81307],[61.87158,33.81723],[61.86862,33.8161],[61.86471,33.81307],[61.85196,33.81193],[61.84733,33.80835],[61.84223,33.81446],[61.84167,33.81667],[61.84131,33.83576],[61.83369,33.84341],[61.83333,33.85],[61.83369,33.85242],[61.83715,33.85591],[61.83785,33.86492],[61.84131,33.86841],[61.84167,33.88333],[61.85659,33.88369],[61.86214,33.88921],[61.86285,33.89409],[61.87048,33.90174],[61.87119,33.90659],[61.87499,33.91042],[61.87119,33.91424],[61.87083,33.94583],[61.86453,33.94648],[61.8563,33.95352],[61.84239,33.95494],[61.84167,33.96667],[61.83508,33.96702],[61.83159,33.97048],[61.825,33.97083],[61.82409,33.96727],[61.79258,33.96606],[61.79076,33.95898],[61.77721,33.9464],[61.76862,33.94527],[61.76325,33.9411],[61.76029,33.94223],[61.74804,33.9536],[61.73112,33.95473],[61.71471,33.97027],[61.71029,33.9714],[61.70221,33.9786],[61.69779,33.97973],[61.67721,33.99943],[61.67279,34.00057],[61.66888,34.0036],[61.65922,34.00488],[61.65737,34.0121],[61.65221,34.0161],[61.64362,34.01723],[61.63554,34.02443],[61.625,34.025],[61.61841,34.02535],[61.61492,34.02881],[61.61008,34.02952],[61.59826,34.04131],[61.59167,34.04167],[61.59082,34.04498],[61.5875,34.04583],[61.58715,34.05659],[61.58369,34.06008],[61.58298,34.06492],[61.57952,34.06841],[61.57917,34.075],[61.57973,34.07721],[61.58277,34.08112],[61.58418,34.08665],[61.58971,34.08807],[61.59362,34.0911],[61.59583,34.09167],[61.60659,34.09202],[61.61008,34.09548],[61.61492,34.09619],[61.62258,34.10381],[61.62917,34.10417],[61.63138,34.10473],[61.63529,34.10777],[61.64082,34.10918],[61.64223,34.11471],[61.64623,34.11987],[61.65332,34.12168],[61.65417,34.125],[61.65452,34.13992],[61.65798,34.14341],[61.65833,34.15],[61.66276,34.15114],[61.6589,34.15612],[61.65833,34.1625],[61.65417,34.1625],[61.64167,34.1625],[61.64075,34.15892],[61.63138,34.15057],[61.59779,34.14943],[61.59388,34.1464],[61.54779,34.14527],[61.53844,34.13693],[61.53398,34.13854],[61.53277,34.15221],[61.52557,34.16029],[61.52403,34.16627],[61.51888,34.17027],[61.50612,34.1714],[61.50221,34.17443],[61.48946,34.17557],[61.48554,34.1786],[61.47279,34.17973],[61.46888,34.18277],[61.46446,34.1839],[61.45638,34.1911],[61.43946,34.19223],[61.43554,34.19527],[61.43002,34.19668],[61.42832,34.20332],[61.425,34.20417],[61.42258,34.20381],[61.41909,34.20035],[61.40662,34.19965],[61.40242,34.20381],[61.39758,34.20452],[61.39375,34.20832],[61.38992,34.20452],[61.38333,34.20417],[61.38277,34.20638],[61.37347,34.21663],[61.36888,34.21307],[61.35735,34.21193],[61.34388,34.22443],[61.33529,34.22557],[61.33138,34.2286],[61.32279,34.22973],[61.31888,34.23277],[61.30612,34.2339],[61.29804,34.2411],[61.28946,34.24223],[61.27721,34.2536],[61.26862,34.25473],[61.26471,34.25777],[61.25918,34.25918],[61.25833,34.2625],[61.24758,34.26215],[61.23992,34.25452],[61.22745,34.25381],[61.22326,34.25798],[61.21667,34.25833],[61.21631,34.26076],[61.20869,34.26841],[61.20833,34.27083],[61.19779,34.2714],[61.18842,34.27975],[61.1866,34.28684],[61.17917,34.2875],[61.17826,34.29103],[61.16029,34.29223],[61.15638,34.29527],[61.14362,34.2964],[61.13958,34.29953],[61.13554,34.2964],[61.12425,34.29527],[61.11888,34.29943],[61.09779,34.30057],[61.09388,34.3036],[61.09167,34.30417],[61.08946,34.30473],[61.08554,34.30777],[61.08002,34.30918],[61.07832,34.31582],[61.075,34.31667],[61.075,34.325],[61.07465,34.32742],[61.06079,34.34131],[61.05833,34.34167],[61.05591,34.34202],[61.05242,34.34548],[61.05,34.34583],[61.04965,34.35242],[61.04412,34.35798],[61.04167,34.35833],[61.03924,34.35798],[61.03369,34.35246],[61.03298,34.34758],[61.02746,34.34202],[61.025,34.34167],[61.02258,34.34131],[61.01909,34.33785],[61.01008,34.33715],[61.00659,34.33369],[60.99583,34.33333],[60.97083,34.33333],[60.97027,34.33112],[60.96723,34.32721],[60.96582,34.32168],[60.96029,34.32027],[60.95638,34.31723],[60.95196,34.3161],[60.93971,34.30473],[60.925,34.30417],[60.92279,34.30473],[60.91471,34.31193],[60.91029,34.31307],[60.89674,34.32565],[60.89498,34.33248],[60.88812,34.33424],[60.8875,34.34583],[60.87674,34.34619],[60.85036,34.37255],[60.84965,34.38159],[60.84619,34.38508],[60.84548,34.38992],[60.84202,34.39341],[60.84167,34.39583],[60.83924,34.39548],[60.83576,34.39202],[60.83333,34.39167],[60.83298,34.38921],[60.82742,34.38369],[60.81424,34.38298],[60.81076,34.37952],[60.80591,34.37881],[60.80171,34.37465],[60.79758,34.37535],[60.79409,34.37881],[60.78333,34.37917],[60.78091,34.37952],[60.77742,34.38298],[60.76841,34.38369],[60.75659,34.39548],[60.75174,34.39619],[60.74826,34.39965],[60.71008,34.40035],[60.70452,34.40588],[60.70381,34.41492],[60.69829,34.42048],[60.68333,34.42083],[60.6789,34.42197],[60.68286,34.42708],[60.67973,34.43112],[60.6786,34.43554],[60.67557,34.43946],[60.675,34.45833],[60.67258,34.45798],[60.66492,34.45035],[60.66078,34.44965],[60.65242,34.45798],[60.65,34.45833],[60.64923,34.45077],[60.63536,34.44936],[60.6313,34.44648],[60.625,34.44583],[60.62438,34.45216],[60.61613,34.46167],[60.60617,34.46312],[60.60216,34.46605],[60.59303,34.46728],[60.59071,34.45914],[60.58286,34.45772],[60.57708,34.46194],[60.57299,34.45895],[60.5635,34.45772],[60.56155,34.4711],[60.55633,34.46728],[60.55343,34.46605],[60.54383,34.47438],[60.54167,34.475],[60.54082,34.47832],[60.5375,34.47917],[60.53091,34.47952],[60.52708,34.48332],[60.52326,34.47952],[60.51912,34.47881],[60.51492,34.48298],[60.51008,34.48369],[60.50659,34.48715],[60.50245,34.48785],[60.49826,34.48369],[60.46667,34.48333],[60.46424,34.48369],[60.45659,34.49131],[60.45174,34.49202],[60.44826,34.49548],[60.44167,34.49583],[60.4411,34.50221],[60.4339,34.51029],[60.43277,34.51471],[60.42557,34.52279],[60.42415,34.52832],[60.42083,34.52917],[60.4214,34.53138],[60.42557,34.53675],[60.42443,34.53971],[60.4213,34.54375],[60.42443,34.54779],[60.42565,34.56153],[60.43529,34.57027],[60.44096,34.57172],[60.44238,34.58245],[60.44583,34.58333],[60.44519,34.58547],[60.44169,34.5904],[60.43536,34.59231],[60.4313,34.59519],[60.4258,34.59685],[60.42436,34.6063],[60.41731,34.61453],[60.41564,34.62009],[60.40077,34.6216],[60.39923,34.63673],[60.39167,34.6375],[60.38924,34.63785],[60.38576,34.64131],[60.38333,34.64167],[60.38277,34.64804],[60.37821,34.65351],[60.3634,34.65483],[60.3625,34.65833],[60.36193,34.67721],[60.3589,34.68112],[60.35743,34.68684],[60.34362,34.68807],[60.33847,34.69206],[60.3375,34.69583],[60.33333,34.69583],[60.33248,34.69915],[60.32585,34.70085],[60.32443,34.70638],[60.32044,34.71153],[60.31335,34.71335],[60.31193,34.71888],[60.3089,34.72279],[60.30833,34.725],[60.30777,34.73554],[60.30377,34.7407],[60.29779,34.74223],[60.29263,34.74623],[60.29078,34.75346],[60.28005,34.75488],[60.27917,34.75833],[60.27881,34.76492],[60.26285,34.78091],[60.26215,34.78505],[60.26631,34.78924],[60.26702,34.79338],[60.26285,34.79758],[60.26215,34.80659],[60.25662,34.81214],[60.25174,34.81285],[60.23992,34.82465],[60.23508,34.82535],[60.22742,34.83298],[60.22258,34.83369],[60.21492,34.84131],[60.21008,34.84202],[60.20242,34.84965],[60.19583,34.85],[60.19527,34.85221],[60.19223,34.85612],[60.1911,34.86054],[60.1838,34.86874],[60.18703,34.87292],[60.18277,34.87842],[60.18407,34.88662],[60.1875,34.8875],[60.1875,34.89167],[60.18508,34.89202],[60.17535,34.90171],[60.17465,34.91492],[60.16702,34.92258],[60.16631,34.92742],[60.16285,34.93091],[60.16215,34.93576],[60.15662,34.94131],[60.15174,34.94202],[60.13992,34.95381],[60.1375,34.95417],[60.13091,34.95452],[60.12708,34.95832],[60.12326,34.95452],[60.10833,34.95417],[60.10745,34.95762],[60.09779,34.9589],[60.09388,34.96193],[60.08946,34.96307],[60.0759,34.97565],[60.075,34.97917],[60.06862,34.97973],[60.06471,34.98277],[60.05196,34.9839],[60.04804,34.98693],[60.04362,34.98807],[60.03554,34.99527],[60.02279,34.9964],[60.01888,34.99943],[60.00196,35.00057],[59.99804,35.0036],[59.98656,35.00473],[59.97721,34.9964],[59.96788,34.99527],[59.9661,35.00221],[59.95473,35.01446],[59.95417,35.01667],[59.94583,35.01667],[59.93924,35.01631],[59.93576,35.01285],[59.9125,35.0125],[59.90918,35.01335],[59.90833,35.01667],[59.90833,35.025],[59.91054,35.02557],[59.92279,35.03693],[59.92832,35.03835],[59.92973,35.04388],[59.93277,35.04779],[59.9339,35.05638],[59.93693,35.06029],[59.93807,35.10221],[59.94184,35.10708],[59.94658,35.1089],[59.95196,35.10473],[59.95491,35.1036],[59.96153,35.10873],[59.96307,35.11471],[59.97027,35.12279],[59.9714,35.12991],[59.96723,35.13529],[59.9661,35.14388],[59.96307,35.14779],[59.96193,35.15221],[59.9589,35.15612],[59.95777,35.19804],[59.95473,35.20196],[59.9536,35.21471],[59.95057,35.21862],[59.94943,35.22158],[59.9536,35.22696],[59.95473,35.23554],[59.95787,35.23959],[59.9464,35.25196],[59.94527,35.25932],[59.95777,35.27279],[59.9589,35.28971],[59.96203,35.29375],[59.9589,35.29779],[59.95777,35.30221],[59.95057,35.31029],[59.94943,35.31471],[59.94544,35.31987],[59.93946,35.3214],[59.93554,35.32443],[59.93333,35.325],[59.93248,35.32832],[59.92696,35.32973],[59.92304,35.33277],[59.92083,35.33333],[59.9214,35.33971],[59.92443,35.34362],[59.92557,35.34804],[59.94234,35.36577],[59.94915,35.36752],[59.95,35.37083],[59.95417,35.37083],[59.95503,35.36747],[59.96129,35.3661],[59.96307,35.37304],[59.97027,35.38112],[59.97083,35.38333],[59.97119,35.38579],[59.97674,35.39131],[59.97917,35.39167],[59.97827,35.39517],[59.96446,35.3964],[59.96054,35.39943],[59.95612,35.40057],[59.93422,35.42153],[59.93248,35.42832],[59.92917,35.42917],[59.92832,35.42585],[59.92279,35.42443],[59.91741,35.42027],[59.91029,35.4214],[59.89388,35.43693],[59.88112,35.43807],[59.87721,35.4411],[59.86446,35.44223],[59.86042,35.44536],[59.85638,35.44223],[59.85196,35.4411],[59.84658,35.43693],[59.84362,35.43807],[59.83971,35.4411],[59.82696,35.44223],[59.82292,35.44536],[59.81888,35.44223],[59.80833,35.44167],[59.80417,35.44167],[59.80174,35.44202],[59.79826,35.44548],[59.79167,35.44583],[59.7911,35.45221],[59.7871,35.45737],[59.78002,35.45918],[59.77917,35.4625],[59.775,35.4625],[59.76841,35.46285],[59.76492,35.46631],[59.76079,35.46702],[59.75659,35.46285],[59.74412,35.46215],[59.73992,35.46631],[59.72917,35.46667],[59.72674,35.46702],[59.72326,35.47048],[59.7125,35.47083],[59.71008,35.47048],[59.70659,35.46702],[59.69167,35.46667],[59.69131,35.46909],[59.68579,35.47464],[59.68091,35.47535],[59.67742,35.47881],[59.67329,35.47952],[59.66875,35.47501],[59.66492,35.47881],[59.64829,35.47952],[59.64375,35.47501],[59.63992,35.47881],[59.60591,35.47952],[59.60242,35.48298],[59.59341,35.48369],[59.58992,35.48715],[59.5875,35.4875],[59.58333,35.4875],[59.58091,35.48785],[59.57742,35.49131],[59.575,35.49167],[59.57557,35.49388],[59.58277,35.50196],[59.5839,35.50638],[59.5911,35.51446],[59.59223,35.54241],[59.58807,35.54779],[59.58693,35.55491],[59.5911,35.56029],[59.59223,35.56741],[59.58807,35.57279],[59.58693,35.62721],[59.5839,35.63112],[59.58277,35.64804],[59.57973,35.65196],[59.5786,35.65712],[59.58554,35.6589],[59.59097,35.66343],[59.59223,35.67379],[59.58529,35.67557],[59.58013,35.67956],[59.57917,35.68333],[59.57585,35.68418],[59.57443,35.68971],[59.57044,35.69487],[59.56446,35.6964],[59.56054,35.69943],[59.55417,35.7],[59.55332,35.70332],[59.55,35.70417],[59.55,35.70833],[59.54911,35.71179],[59.53946,35.71307],[59.53554,35.7161],[59.53112,35.71723],[59.52149,35.72597],[59.52083,35.73333],[59.5125,35.73333],[59.5125,35.7375],[59.50904,35.73839],[59.50762,35.74911],[59.50196,35.75057],[59.48423,35.76734],[59.48333,35.77083],[59.4839,35.78554],[59.48704,35.7896],[59.47407,35.80346],[59.46446,35.80473],[59.45897,35.80931],[59.45777,35.82575],[59.46193,35.83112],[59.46307,35.84241],[59.4589,35.84779],[59.45777,35.85221],[59.4464,35.86446],[59.44527,35.88138],[59.44223,35.88529],[59.4411,35.89388],[59.43807,35.89779],[59.43693,35.90221],[59.43294,35.90737],[59.4256,35.90925],[59.42443,35.94462],[59.43138,35.9464],[59.44513,35.95927],[59.4464,35.96888],[59.44943,35.97279],[59.45057,35.98554],[59.46193,35.99779],[59.4625,36.02083],[59.45591,36.02119],[59.45242,36.02465],[59.44758,36.02535],[59.44409,36.02881],[59.43924,36.02952],[59.43159,36.03715],[59.41424,36.03785],[59.41076,36.04131],[59.40174,36.04202],[59.39826,36.04548],[59.39341,36.04619],[59.38992,36.04965],[59.37917,36.05],[59.37881,36.05242],[59.35452,36.07674],[59.35381,36.08159],[59.35001,36.08542],[59.35415,36.08958],[59.35035,36.09341],[59.35,36.10417],[59.34784,36.10478],[59.34383,36.10772],[59.33951,36.10895],[59.33,36.1172],[59.32835,36.1285],[59.3125,36.12917],[59.30926,36.13009],[59.30772,36.13549],[59.30478,36.13951],[59.30336,36.14926],[59.29583,36.15],[59.27692,36.14947],[59.27183,36.14535],[59.26744,36.14672],[59.26667,36.15],[59.2625,36.15],[59.26193,36.15638],[59.2589,36.16029],[59.25762,36.16995],[59.25417,36.17083],[59.23529,36.1714],[59.23013,36.1754],[59.2286,36.18138],[59.22408,36.1868],[59.21339,36.18821],[59.2125,36.19167],[59.21165,36.19498],[59.20612,36.1964],[59.19804,36.2036],[59.19362,36.20473],[59.18971,36.20777],[59.18529,36.2089],[59.18013,36.2129],[59.1786,36.21888],[59.17557,36.22279],[59.175,36.225],[59.175,36.23333],[59.17258,36.23369],[59.16286,36.24338],[59.16215,36.24826],[59.15662,36.25381],[59.14758,36.25452],[59.14409,36.25798],[59.11424,36.25869],[59.10659,36.26631],[59.08995,36.26702],[59.08576,36.26285],[59.08162,36.26215],[59.07742,36.26631],[59.07258,36.26702],[59.06702,36.27255],[59.06667,36.27917],[59.05591,36.27952],[59.05242,36.28298],[59.05,36.28333],[59.04965,36.28576],[59.04619,36.28924],[59.04583,36.29167],[59.04583,36.30417],[59.04583,36.30833],[59.04548,36.31076],[59.04202,36.31424],[59.04131,36.31909],[59.02535,36.33508],[59.025,36.3375],[59.00925,36.33811],[59.00833,36.34167],[59.00777,36.34388],[58.99519,36.35743],[58.98835,36.35918],[58.98693,36.36471],[58.98294,36.36987],[58.97696,36.3714],[58.96471,36.38277],[58.95899,36.38423],[58.95833,36.39167],[58.95591,36.39202],[58.95208,36.39582],[58.94826,36.39202],[58.92745,36.39131],[58.92326,36.39548],[58.91008,36.39619],[58.90452,36.40171],[58.90381,36.40659],[58.88162,36.42881],[58.87258,36.42952],[58.86909,36.43298],[58.8625,36.43333],[58.86193,36.43554],[58.84935,36.4491],[58.84252,36.45085],[58.8411,36.45638],[58.8371,36.46153],[58.83002,36.46335],[58.82917,36.46667],[58.82696,36.46723],[58.81888,36.47443],[58.81335,36.47585],[58.8125,36.47917],[58.81492,36.47952],[58.82048,36.48505],[58.82083,36.5125],[58.81752,36.51335],[58.8161,36.51888],[58.80775,36.52825],[58.80417,36.52917],[58.80291,36.52442],[58.79656,36.52586],[58.79525,36.53553],[58.79109,36.54099],[58.79225,36.55636],[58.79641,36.56182],[58.79479,36.56584],[58.78947,36.56725],[58.78553,36.57025],[58.77591,36.57156],[58.77409,36.57844],[58.76338,36.57989],[58.75891,36.5853],[58.75775,36.5897],[58.75475,36.59364],[58.75417,36.59583],[58.74583,36.59583],[58.74167,36.59583],[58.74082,36.59915],[58.7375,36.6],[58.73665,36.60332],[58.73333,36.60417],[58.73277,36.61054],[58.72407,36.62013],[58.71339,36.62154],[58.71161,36.62846],[58.70196,36.62973],[58.69388,36.63693],[58.68529,36.63807],[58.68125,36.6412],[58.67708,36.63797],[58.67304,36.6411],[58.66371,36.64223],[58.6625,36.6375],[58.65918,36.63665],[58.65745,36.62991],[58.64925,36.6286],[58.64388,36.63277],[58.64167,36.63333],[58.63924,36.63369],[58.63159,36.64131],[58.625,36.64167],[58.625,36.64583],[58.62535,36.64826],[58.62915,36.65208],[58.61702,36.66424],[58.61631,36.67742],[58.61285,36.68091],[58.61215,36.68576],[58.60835,36.68958],[58.61249,36.69375],[58.60869,36.69758],[58.60833,36.7],[58.60502,36.70085],[58.60417,36.70417],[58.60332,36.70748],[58.6,36.70833],[58.58946,36.7089],[58.58009,36.71725],[58.5786,36.72304],[58.5746,36.7282],[58.56862,36.72973],[58.56471,36.73277],[58.55612,36.7339],[58.55221,36.73693],[58.54362,36.73807],[58.53971,36.7411],[58.53397,36.74257],[58.53277,36.76054],[58.52557,36.76862],[58.52415,36.77415],[58.51862,36.77557],[58.51471,36.7786],[58.51029,36.77973],[58.49388,36.79527],[58.48946,36.7964],[58.48554,36.79943],[58.47279,36.80057],[58.46763,36.80456],[58.46582,36.81165],[58.46029,36.81307],[58.45221,36.82027],[58.45,36.82083],[58.44943,36.85221],[58.4464,36.85612],[58.44527,36.86054],[58.43807,36.86862],[58.43665,36.87415],[58.43112,36.87557],[58.42721,36.8786],[58.42279,36.87973],[58.41737,36.88425],[58.4161,36.89388],[58.41307,36.89779],[58.41193,36.90221],[58.4089,36.90612],[58.40777,36.91471],[58.40473,36.91862],[58.40417,36.92917],[58.40351,36.9366],[58.39779,36.93807],[58.39237,36.94259],[58.3911,36.95221],[58.38807,36.95612],[58.3875,36.95833],[58.38508,36.95869],[58.38159,36.96215],[58.37917,36.9625],[58.37585,36.96335],[58.375,36.96667],[58.36667,36.96667],[58.36008,36.96631],[58.35242,36.95869],[58.33508,36.95798],[58.33159,36.95452],[58.325,36.95417],[58.32258,36.95452],[58.31909,36.95798],[58.31495,36.95869],[58.31042,36.95418],[58.30659,36.95798],[58.3,36.95833],[58.29758,36.95798],[58.29409,36.95452],[58.28579,36.95381],[58.28159,36.95798],[58.27745,36.95869],[58.27326,36.95452],[58.26495,36.95381],[58.26076,36.95798],[58.25591,36.95869],[58.25036,36.96421],[58.25,36.96667],[58.24919,36.96983],[58.24509,36.9714],[58.23971,36.96723],[58.22174,36.96603],[58.22083,36.9625],[58.21862,36.96307],[58.21471,36.9661],[58.20196,36.96723],[58.19804,36.97027],[58.19509,36.9714],[58.18971,36.96723],[58.18675,36.9661],[58.18138,36.97027],[58.17842,36.9714],[58.17304,36.96723],[58.15538,36.9661],[58.15303,36.97526],[58.14804,36.9714],[58.12425,36.97027],[58.11888,36.97443],[58.10417,36.975],[58.1,36.975],[58.09583,36.975],[58.09619,36.99826],[58.09965,37.00174],[58.1,37.0125],[58.08091,37.01285],[58.07742,37.01631],[58.05591,37.01702],[58.04826,37.02465],[58.03333,37.025],[58.02174,37.02562],[58.02083,37.02917],[58.01738,37.03005],[58.0161,37.03971],[58.01307,37.04362],[58.01193,37.04804],[58.0089,37.05196],[58.00833,37.05417],[58.00417,37.05417],[57.98924,37.05452],[57.98159,37.06215],[57.97328,37.06285],[57.96492,37.05452],[57.94829,37.05381],[57.94409,37.05798],[57.9375,37.05833],[57.93715,37.06492],[57.92952,37.07258],[57.92917,37.08333],[57.92173,37.08399],[57.92083,37.0875],[57.91451,37.08812],[57.90633,37.09522],[57.89681,37.0966],[57.89522,37.10216],[57.89228,37.10617],[57.89105,37.11049],[57.88812,37.11451],[57.88688,37.11883],[57.87044,37.13642],[57.86451,37.13812],[57.85633,37.14522],[57.83951,37.14645],[57.83549,37.14938],[57.82701,37.15062],[57.82153,37.155],[57.82022,37.17547],[57.82527,37.18238],[57.81451,37.18395],[57.80633,37.19105],[57.80201,37.19228],[57.79799,37.19522],[57.78951,37.19645],[57.78549,37.19938],[57.78117,37.20062],[57.77716,37.20355],[57.77284,37.20478],[57.76466,37.21188],[57.75926,37.21343],[57.75833,37.21667],[57.75612,37.21723],[57.75221,37.22027],[57.74779,37.2214],[57.74388,37.22443],[57.73835,37.22585],[57.7375,37.22917],[57.71862,37.22973],[57.71471,37.23277],[57.69092,37.2339],[57.68554,37.22973],[57.66592,37.2286],[57.66041,37.23287],[57.65221,37.22557],[57.64668,37.22415],[57.64498,37.21752],[57.63946,37.2161],[57.63554,37.21307],[57.63333,37.2125],[57.63369,37.21492],[57.63715,37.21841],[57.6375,37.225],[57.63785,37.23159],[57.64165,37.23542],[57.63785,37.23924],[57.6375,37.25417],[57.625,37.25417],[57.62258,37.25381],[57.61492,37.24619],[57.61008,37.24548],[57.60659,37.24202],[57.58508,37.24131],[57.58159,37.23785],[57.57258,37.23715],[57.56909,37.23369],[57.56667,37.23333],[57.56446,37.23277],[57.56054,37.22973],[57.54067,37.2286],[57.5257,37.2426],[57.52443,37.25221],[57.51994,37.2576],[57.51175,37.2589],[57.50513,37.25377],[57.50303,37.24557],[57.49804,37.24943],[57.49362,37.25057],[57.48971,37.2536],[57.4875,37.25417],[57.48117,37.25478],[57.47299,37.26188],[57.46867,37.26312],[57.46466,37.26605],[57.45201,37.26728],[57.44799,37.27022],[57.43286,37.27145],[57.42716,37.26728],[57.4216,37.2657],[57.41999,37.25462],[57.4174,37.25494],[57.41667,37.2625],[57.41446,37.26307],[57.41054,37.2661],[57.40196,37.26723],[57.39804,37.27027],[57.37842,37.2714],[57.37304,37.26723],[57.3673,37.26576],[57.36603,37.24674],[57.36029,37.24527],[57.35638,37.24223],[57.34092,37.2411],[57.3343,37.24623],[57.33248,37.25332],[57.32696,37.25473],[57.32304,37.25777],[57.29092,37.2589],[57.28554,37.25473],[57.28333,37.25417],[57.27703,37.25352],[57.27292,37.25061],[57.2688,37.25352],[57.25384,37.25481],[57.24797,37.25064],[57.2437,37.24936],[57.23963,37.24648],[57.23718,37.24519],[57.2313,37.24936],[57.22703,37.25064],[57.22297,37.25352],[57.1937,37.25481],[57.18963,37.25769],[57.18537,37.25898],[57.17713,37.26602],[57.16218,37.26731],[57.1563,37.26314],[57.14244,37.26173],[57.14167,37.25417],[57.1375,37.25417],[57.13684,37.2616],[57.13112,37.26307],[57.12721,37.2661],[57.12279,37.26723],[57.11888,37.27027],[57.11446,37.2714],[57.11054,37.27443],[57.10612,37.27557],[57.10097,37.27956],[57.1,37.28333],[57.09965,37.28576],[57.09412,37.29131],[57.08091,37.29202],[57.07742,37.29548],[57.07258,37.29619],[57.06909,37.29965],[57.06008,37.30035],[57.05417,37.30623],[57.05798,37.31008],[57.05833,37.35],[57.05417,37.35],[57.04779,37.35057],[57.04388,37.3536],[57.02279,37.35473],[57.01888,37.35777],[57.01029,37.3589],[57.00638,37.36193],[56.99672,37.36321],[56.99583,37.36667],[56.97083,37.36667],[56.96667,37.36667],[56.96008,37.36702],[56.95659,37.37048],[56.95174,37.37119],[56.94792,37.37499],[56.94409,37.37119],[56.93579,37.37048],[56.93159,37.37465],[56.92258,37.37535],[56.91909,37.37881],[56.90591,37.37952],[56.90242,37.38298],[56.88924,37.38369],[56.88576,37.38715],[56.87258,37.38785],[56.86909,37.39131],[56.83579,37.39202],[56.83159,37.38785],[56.825,37.3875],[56.80591,37.38715],[56.80242,37.38369],[56.76912,37.38298],[56.76492,37.38715],[56.75591,37.38785],[56.75242,37.39131],[56.74341,37.39202],[56.73992,37.39548],[56.73333,37.39583],[56.73333,37.4],[56.71424,37.40035],[56.71076,37.40381],[56.68579,37.40452],[56.68159,37.40035],[56.67258,37.39965],[56.66909,37.39619],[56.66424,37.39548],[56.66076,37.39202],[56.65174,37.39131],[56.64826,37.38785],[56.63924,37.38715],[56.63369,37.38162],[56.63333,37.37917],[56.63091,37.37952],[56.62742,37.38298],[56.61841,37.38369],[56.61458,37.38749],[56.61076,37.38369],[56.60833,37.38333],[56.60591,37.38369],[56.60036,37.38921],[56.59965,37.39826],[56.59412,37.40381],[56.58508,37.40452],[56.57326,37.41631],[56.56912,37.41702],[56.56492,37.41285],[56.54829,37.41215],[56.54409,37.41631],[56.51667,37.41667],[56.51631,37.42326],[56.50869,37.43091],[56.50798,37.43576],[56.50452,37.43924],[56.50417,37.44167],[56.50354,37.45326],[56.5,37.45417],[56.48333,37.45417],[56.48091,37.45381],[56.47742,37.45035],[56.47083,37.45],[56.46993,37.44649],[56.4625,37.44583],[56.45918,37.44498],[56.45777,37.43946],[56.44907,37.42987],[56.43839,37.42846],[56.4375,37.425],[56.43785,37.41008],[56.44131,37.40659],[56.44167,37.40417],[56.44223,37.37279],[56.4536,37.36054],[56.45473,37.34779],[56.45832,37.34316],[56.45221,37.33807],[56.44779,37.33693],[56.44388,37.3339],[56.43835,37.33248],[56.43693,37.32696],[56.4339,37.32304],[56.43277,37.31862],[56.4214,37.30638],[56.41998,37.30085],[56.41308,37.29908],[56.40473,37.28971],[56.4032,37.28373],[56.39804,37.27973],[56.39252,37.27832],[56.39167,37.275],[56.36424,37.27535],[56.36076,37.27881],[56.34167,37.27917],[56.33946,37.2786],[56.33554,37.27557],[56.31175,37.27443],[56.30625,37.2787],[56.30221,37.27557],[56.28871,37.27443],[56.28693,37.28138],[56.28236,37.28686],[56.26592,37.28807],[56.26054,37.2839],[56.24583,37.28333],[56.24362,37.28277],[56.23971,37.27973],[56.23529,37.2786],[56.23138,37.27557],[56.21862,37.27443],[56.21471,37.2714],[56.20918,37.26998],[56.20833,37.26667],[56.20502,37.26582],[56.20417,37.2625],[56.20381,37.23924],[56.20035,37.23576],[56.2,37.23333],[56.20377,37.23237],[56.20777,37.22721],[56.20897,37.20924],[56.2125,37.20833],[56.21165,37.20502],[56.20612,37.2036],[56.20208,37.20047],[56.19658,37.20473],[56.19362,37.2036],[56.18971,37.20057],[56.18112,37.19943],[56.17721,37.1964],[56.17279,37.19527],[56.16888,37.19223],[56.16446,37.1911],[56.16054,37.18807],[56.15612,37.18693],[56.15221,37.1839],[56.14779,37.18277],[56.14388,37.17973],[56.13946,37.1786],[56.13554,37.17557],[56.12696,37.17443],[56.12304,37.1714],[56.11862,37.17027],[56.11471,37.16723],[56.10918,37.16582],[56.10737,37.15873],[56.10221,37.15473],[56.09583,37.15417],[56.09341,37.15381],[56.08992,37.15035],[56.07258,37.14965],[56.06492,37.14202],[56.06008,37.14131],[56.05242,37.13369],[56.03508,37.13298],[56.02742,37.12535],[56.01424,37.12465],[56.01076,37.12119],[56.00591,37.12048],[55.99826,37.11285],[55.9875,37.1125],[55.98665,37.10918],[55.98112,37.10777],[55.96471,37.09223],[55.95833,37.09167],[55.95798,37.08508],[55.95452,37.08159],[55.95417,37.075],[55.94758,37.07465],[55.93576,37.06285],[55.93091,37.06215],[55.92535,37.05662],[55.92465,37.04341],[55.92119,37.03992],[55.92048,37.03091],[55.91495,37.02535],[55.89758,37.02465],[55.89409,37.02119],[55.88995,37.02048],[55.88542,37.02499],[55.87952,37.01912],[55.87917,37.0125],[55.85591,37.01285],[55.85242,37.01631],[55.84341,37.01702],[55.83992,37.02048],[55.83162,37.02119],[55.82742,37.01702],[55.81841,37.01631],[55.81492,37.01285],[55.78924,37.01215],[55.78576,37.00869],[55.78091,37.00798],[55.77742,37.00452],[55.77083,37.00417],[55.76841,37.00381],[55.76492,37.00035],[55.76008,36.99965],[55.75659,36.99619],[55.75174,36.99548],[55.74826,36.99202],[55.73508,36.99131],[55.73159,36.98785],[55.72258,36.98715],[55.71492,36.97952],[55.71008,36.97881],[55.70659,36.97535],[55.70174,36.97465],[55.69826,36.97119],[55.68924,36.97048],[55.68576,36.96702],[55.64167,36.96667],[55.63835,36.96582],[55.6375,36.9625],[55.63091,36.96285],[55.62742,36.96631],[55.625,36.96667],[55.62443,36.96446],[55.6214,36.96054],[55.6202,36.94265],[55.61471,36.93807],[55.60196,36.93693],[55.58971,36.92557],[55.58404,36.92411],[55.58277,36.91446],[55.57973,36.91054],[55.57917,36.90833],[55.57952,36.90174],[55.58298,36.89826],[55.58333,36.89583],[55.58665,36.89498],[55.58835,36.88835],[55.59167,36.8875],[55.59223,36.88529],[55.59536,36.88125],[55.59223,36.87721],[55.5911,36.86862],[55.57973,36.85638],[55.5786,36.84779],[55.57557,36.84388],[55.57415,36.83835],[55.56752,36.83665],[55.5661,36.83112],[55.56307,36.82721],[55.56165,36.82168],[55.55612,36.82027],[55.54804,36.81307],[55.54362,36.81193],[55.53971,36.8089],[55.53418,36.80748],[55.53277,36.80196],[55.52973,36.79804],[55.5286,36.79362],[55.52557,36.78971],[55.525,36.7875],[55.51029,36.78807],[55.50638,36.7911],[55.50196,36.79223],[55.49804,36.79527],[55.49092,36.7964],[55.48554,36.79223],[55.47173,36.79101],[55.47027,36.78529],[55.46723,36.78138],[55.4661,36.77696],[55.4589,36.76888],[55.45777,36.76446],[55.45473,36.76054],[55.45336,36.75517],[55.44925,36.7536],[55.44388,36.75777],[55.43946,36.7589],[55.43554,36.76193],[55.42205,36.76307],[55.4197,36.7539],[55.41347,36.75873],[55.41193,36.76471],[55.3964,36.78112],[55.39527,36.78554],[55.38692,36.79491],[55.38112,36.7964],[55.37304,36.8036],[55.37083,36.80417],[55.37083,36.81667],[55.33924,36.81702],[55.33576,36.82048],[55.33091,36.82119],[55.32326,36.82881],[55.31424,36.82952],[55.31076,36.83298],[55.30833,36.83333],[55.29167,36.83333],[55.29076,36.83688],[55.27917,36.8375],[55.27674,36.83715],[55.27326,36.83369],[55.26841,36.83298],[55.26076,36.82535],[55.23508,36.82465],[55.23159,36.82119],[55.21008,36.82048],[55.20417,36.8146],[55.20798,36.81076],[55.20869,36.80245],[55.20246,36.79619],[55.2,36.79583],[55.19758,36.79548],[55.19409,36.79202],[55.19167,36.79167],[55.19082,36.78835],[55.1875,36.7875],[55.18333,36.7875],[55.18091,36.78715],[55.17742,36.78369],[55.16841,36.78298],[55.16492,36.77952],[55.15833,36.77917],[55.14341,36.77881],[55.13159,36.76702],[55.12258,36.76631],[55.11492,36.75869],[55.09583,36.75833],[55.09548,36.75588],[55.08992,36.75035],[55.08091,36.74965],[55.07742,36.74619],[55.06667,36.74583],[55.06575,36.74225],[55.05638,36.7339],[55.04362,36.73277],[55.03971,36.72973],[55.03529,36.7286],[55.03138,36.72557],[55.00508,36.72439],[55.00417,36.72083],[54.99362,36.7214],[54.98864,36.72526],[54.9875,36.72083],[54.99127,36.71987],[54.99527,36.71471],[54.9968,36.70873],[55.00196,36.70473],[55.0089,36.70295],[55.00764,36.6926],[55.00221,36.68807],[55.0,36.6875],[55.0,36.68333],[54.99366,36.68394],[54.98967,36.6869],[54.98279,36.6881],[54.97717,36.68394],[54.95616,36.68273],[54.95208,36.67971],[54.94801,36.68273],[54.93533,36.68394],[54.92992,36.68794],[54.92155,36.68671],[54.92023,36.67283],[54.91648,36.66778],[54.91033,36.66606],[54.90634,36.6631],[54.90199,36.6619],[54.89801,36.65894],[54.89167,36.65833],[54.89093,36.6508],[54.88117,36.64938],[54.87716,36.64645],[54.87284,36.64522],[54.86883,36.64228],[54.85617,36.64105],[54.85216,36.63812],[54.84784,36.63688],[54.84383,36.63395],[54.82997,36.6326],[54.82855,36.62284],[54.82562,36.61883],[54.825,36.60833],[54.82279,36.60777],[54.81888,36.60473],[54.81446,36.6036],[54.81054,36.60057],[54.79673,36.59934],[54.79583,36.59583],[54.79341,36.59548],[54.78786,36.58996],[54.7875,36.5875],[54.775,36.5875],[54.775,36.59167],[54.77434,36.5991],[54.76862,36.60057],[54.76471,36.6036],[54.73946,36.60473],[54.73554,36.60777],[54.73112,36.6089],[54.72721,36.61193],[54.725,36.6125],[54.72464,36.61004],[54.71909,36.60452],[54.71667,36.60417],[54.71582,36.60085],[54.71029,36.59943],[54.70638,36.5964],[54.70417,36.59583],[54.7,36.59583],[54.69879,36.5911],[54.68529,36.59223],[54.67304,36.6036],[54.66862,36.60473],[54.66325,36.6089],[54.64265,36.60771],[54.63807,36.60221],[54.63693,36.58946],[54.6339,36.58554],[54.63262,36.57585],[54.62795,36.5748],[54.62158,36.57973],[54.61862,36.5786],[54.61471,36.57557],[54.57175,36.5744],[54.57083,36.57083],[54.57119,36.56841],[54.57535,36.56421],[54.57465,36.56008],[54.57119,36.55659],[54.57083,36.52083],[54.53508,36.52048],[54.53159,36.51702],[54.51912,36.51631],[54.51492,36.52048],[54.47674,36.52119],[54.47326,36.52465],[54.45245,36.52535],[54.43992,36.51285],[54.4375,36.5125],[54.42258,36.51215],[54.41909,36.50869],[54.4125,36.50833],[54.39758,36.50869],[54.39409,36.51215],[54.38995,36.51285],[54.38576,36.50869],[54.36841,36.50798],[54.36492,36.50452],[54.3625,36.50417],[54.36192,36.49261],[54.35733,36.49118],[54.35225,36.4953],[54.35,36.49583],[54.34915,36.49252],[54.34583,36.49167],[54.31424,36.49131],[54.31076,36.48785],[54.28924,36.48715],[54.28576,36.48369],[54.27083,36.48333],[54.24362,36.4839],[54.23847,36.4879],[54.23665,36.49498],[54.23112,36.4964],[54.22304,36.5036],[54.22009,36.50473],[54.21471,36.50057],[54.21175,36.49943],[54.20638,36.5036],[54.19509,36.50473],[54.18971,36.50057],[54.18112,36.49943],[54.17721,36.4964],[54.16592,36.49527],[54.16054,36.49943],[54.14779,36.50057],[54.14388,36.5036],[54.14167,36.50417],[54.12674,36.50381],[54.11492,36.49202],[54.1125,36.49167],[54.10617,36.49105],[54.09799,36.48395],[54.09367,36.48272],[54.08549,36.47562],[54.08117,36.47438],[54.07716,36.47145],[54.06867,36.47022],[54.06466,36.46728],[54.06034,36.46605],[54.05216,36.45895],[54.01767,36.45768],[54.01605,36.45201],[54.01312,36.44799],[54.01188,36.43433],[54.02299,36.43272],[54.02748,36.42944],[54.02978,36.42453],[54.02489,36.41783],[54.01867,36.41605],[54.01466,36.41312],[54.01034,36.41188],[54.00633,36.40895],[53.976,36.40767],[53.975,36.40417],[53.97083,36.40417],[53.97119,36.35591],[53.98298,36.34409],[53.98333,36.3375],[53.98298,36.33508],[53.97952,36.33159],[53.97881,36.32674],[53.97535,36.32326],[53.975,36.31667],[53.96667,36.31667],[53.96446,36.31723],[53.96054,36.32027],[53.95342,36.3214],[53.94804,36.31723],[53.93455,36.3161],[53.93245,36.32429],[53.92279,36.32557],[53.91888,36.3286],[53.91175,36.32973],[53.90638,36.32557],[53.90196,36.32443],[53.8968,36.32044],[53.89527,36.31446],[53.89075,36.30904],[53.88005,36.30762],[53.8786,36.30196],[53.8746,36.2968],[53.86727,36.29492],[53.86667,36.27917],[53.87326,36.27881],[53.88091,36.27119],[53.88576,36.27048],[53.88995,36.26631],[53.91076,36.26702],[53.91495,36.27119],[53.93159,36.27048],[53.93924,36.26285],[53.94167,36.2625],[53.94082,36.25918],[53.9375,36.25833],[53.93665,36.25502],[53.93112,36.2536],[53.92304,36.2464],[53.91862,36.24527],[53.91471,36.24223],[53.91029,36.2411],[53.90638,36.23807],[53.90196,36.23693],[53.89804,36.2339],[53.89362,36.23277],[53.88971,36.22973],[53.88529,36.2286],[53.88138,36.22557],[53.87917,36.225],[53.87279,36.22443],[53.86471,36.21723],[53.85918,36.21582],[53.85748,36.20918],[53.85196,36.20777],[53.84259,36.19942],[53.84082,36.19252],[53.83529,36.1911],[53.83138,36.18807],[53.82172,36.18679],[53.82027,36.18112],[53.81723,36.17721],[53.81578,36.17154],[53.80612,36.17027],[53.78422,36.1493],[53.78248,36.14252],[53.77917,36.14167],[53.76424,36.14131],[53.76076,36.13785],[53.73508,36.13715],[53.73159,36.13369],[53.72674,36.13298],[53.72326,36.12952],[53.71424,36.12881],[53.71076,36.12535],[53.70417,36.125],[53.70381,36.12254],[53.69826,36.11702],[53.69167,36.11667],[53.67696,36.1161],[53.67304,36.11307],[53.66862,36.11193],[53.64804,36.09223],[53.63839,36.09096],[53.6375,36.0875],[53.63715,36.08091],[53.63369,36.07742],[53.63298,36.07255],[53.61909,36.05869],[53.61667,36.05833],[53.61446,36.05777],[53.60421,36.04847],[53.60777,36.04388],[53.6089,36.03946],[53.6161,36.03138],[53.61723,36.01788],[53.6125,36.01667],[53.61286,36.01005],[53.61875,36.00418],[53.62258,36.00798],[53.63159,36.00869],[53.63579,36.01285],[53.66492,36.01215],[53.66841,36.00869],[53.67083,36.00833],[53.67027,36.00612],[53.66213,35.997],[53.6711,35.9947],[53.66723,35.98971],[53.66667,35.98333],[53.66667,35.975],[53.66008,35.97465],[53.65625,35.97085],[53.65208,35.97499],[53.64826,35.97119],[53.63508,35.97048],[53.63159,35.96702],[53.62258,35.96631],[53.61492,35.95869],[53.61008,35.95798],[53.60659,35.95452],[53.59758,35.95381],[53.59409,35.95035],[53.58508,35.94965],[53.58159,35.94619],[53.56841,35.94548],[53.56492,35.94202],[53.54167,35.94167],[53.54105,35.94383],[53.52775,35.95826],[53.52299,35.95478],[53.51867,35.95355],[53.51466,35.95062],[53.50201,35.94938],[53.49799,35.94645],[53.49367,35.94522],[53.48966,35.94228],[53.48117,35.94105],[53.47716,35.93812],[53.47419,35.93688],[53.45916,35.9506],[53.45752,35.96185],[53.40934,35.96314],[53.40833,35.96667],[53.38842,35.96607],[53.38693,35.96029],[53.37973,35.95221],[53.37827,35.94649],[53.37083,35.94583],[53.3634,35.94517],[53.3625,35.94167],[53.36912,35.94131],[53.37465,35.93576],[53.37535,35.93091],[53.37881,35.92742],[53.37952,35.92258],[53.39202,35.91005],[53.39131,35.88508],[53.38785,35.88159],[53.3875,35.875],[53.38785,35.86841],[53.39548,35.86076],[53.39583,35.85833],[53.39583,35.85],[53.39362,35.84943],[53.38971,35.8464],[53.37696,35.84527],[53.36471,35.8339],[53.36029,35.83277],[53.34804,35.8214],[53.34362,35.82027],[53.33958,35.81714],[53.33554,35.82027],[53.33259,35.8214],[53.32721,35.81723],[53.31862,35.8161],[53.31471,35.81307],[53.30612,35.81193],[53.30221,35.8089],[53.29779,35.80777],[53.27721,35.78807],[53.26862,35.78693],[53.26471,35.7839],[53.25196,35.78277],[53.2384,35.77019],[53.23665,35.76335],[53.23333,35.7625],[53.23112,35.76193],[53.22721,35.7589],[53.22279,35.75777],[53.21342,35.74942],[53.21193,35.74362],[53.20744,35.73823],[53.19901,35.73693],[53.18554,35.74943],[53.18259,35.75057],[53.17721,35.7464],[53.17168,35.74498],[53.17083,35.74167],[53.15924,35.74104],[53.15833,35.7375],[53.14583,35.7375],[53.14498,35.74082],[53.13946,35.74223],[53.13009,35.75058],[53.1286,35.75638],[53.12557,35.76029],[53.12443,35.76888],[53.1214,35.77279],[53.12012,35.78245],[53.11667,35.78333],[53.11451,35.78395],[53.11049,35.78688],[53.10494,35.78847],[53.10336,35.79929],[53.08534,35.80062],[53.08133,35.80355],[53.05517,35.80483],[53.05355,35.81049],[53.05062,35.81451],[53.04938,35.81883],[53.04645,35.82284],[53.04522,35.82716],[53.04228,35.83117],[53.04074,35.83657],[53.03534,35.83812],[53.02716,35.84522],[53.0164,35.84678],[53.02022,35.85201],[53.02083,35.85833],[53.0197,35.86276],[53.01471,35.8589],[53.00612,35.85777],[53.00221,35.85473],[52.99779,35.8536],[52.98971,35.8464],[52.98529,35.84527],[52.97304,35.8339],[52.96029,35.83277],[52.95092,35.82442],[52.95,35.82083],[52.94779,35.8214],[52.93424,35.83398],[52.93277,35.83971],[52.92819,35.84519],[52.91175,35.8464],[52.90638,35.84223],[52.90332,35.8411],[52.89657,35.84673],[52.89527,35.85491],[52.89943,35.86029],[52.90057,35.87795],[52.89583,35.87917],[52.88008,35.87977],[52.8786,35.88554],[52.86602,35.8991],[52.8625,35.9],[52.8616,35.90351],[52.85417,35.90417],[52.85417,35.90833],[52.85381,35.91076],[52.85035,35.91424],[52.85,35.925],[52.83425,35.92561],[52.8322,35.9336],[52.82721,35.92973],[52.825,35.92917],[52.78924,35.92952],[52.78159,35.93715],[52.77674,35.93785],[52.77326,35.94131],[52.76424,35.94202],[52.75869,35.94754],[52.75833,35.95],[52.75591,35.94965],[52.75242,35.94619],[52.73579,35.94548],[52.73159,35.94965],[52.71424,35.95035],[52.71076,35.95381],[52.70245,35.95452],[52.69826,35.95035],[52.68924,35.94965],[52.68576,35.94619],[52.66424,35.94548],[52.65659,35.93785],[52.65245,35.93715],[52.64826,35.94131],[52.64341,35.94202],[52.63576,35.94965],[52.62917,35.95],[52.6125,35.95],[52.60417,35.95],[52.60417,35.94583],[52.60417,35.94167],[52.59167,35.94167],[52.57286,35.94231],[52.5688,35.94519],[52.54786,35.94648],[52.5438,35.94936],[52.52592,35.95064],[52.525,35.94167],[52.51841,35.94131],[52.51492,35.93785],[52.50174,35.93715],[52.49826,35.93369],[52.49412,35.93298],[52.48992,35.93715],[52.48333,35.9375],[52.46008,35.93715],[52.45659,35.93369],[52.45417,35.93333],[52.44258,35.93271],[52.44167,35.92917],[52.4375,35.92917],[52.43418,35.92832],[52.43333,35.925],[52.43235,35.92182],[52.42704,35.92018],[52.42296,35.91732],[52.41738,35.9156],[52.41601,35.89371],[52.41316,35.88962],[52.41184,35.88538],[52.40899,35.88129],[52.40727,35.87573],[52.38819,35.87424],[52.3875,35.84583],[52.37989,35.84506],[52.37848,35.8221],[52.37437,35.82019],[52.36464,35.82852],[52.32286,35.82981],[52.31875,35.83273],[52.31375,35.82918],[52.3125,35.83333],[52.29583,35.83333],[52.29583,35.82917],[52.29548,35.82674],[52.29202,35.82326],[52.29131,35.81841],[52.28785,35.81492],[52.28715,35.80174],[52.27952,35.79409],[52.27881,35.78924],[52.27535,35.78576],[52.275,35.78333],[52.275,35.7625],[52.26841,35.76215],[52.26492,35.75869],[52.25833,35.75833],[52.24758,35.75869],[52.24409,35.76215],[52.2375,35.7625],[52.23659,35.76603],[52.21862,35.76723],[52.21471,35.77027],[52.20833,35.77083],[52.19758,35.77119],[52.19409,35.77465],[52.18924,35.77535],[52.18576,35.77881],[52.13924,35.77952],[52.13576,35.78298],[52.11841,35.78369],[52.11492,35.78715],[52.10591,35.78785],[52.10242,35.79131],[52.09758,35.79202],[52.09409,35.79548],[52.08091,35.79619],[52.07742,35.79965],[52.075,35.8],[52.07443,35.79779],[52.0714,35.79388],[52.06998,35.78835],[52.06446,35.78693],[52.06054,35.7839],[52.05612,35.78277],[52.05208,35.77964],[52.04804,35.78277],[52.02696,35.7839],[52.02304,35.78693],[52.01446,35.78807],[52.01054,35.7911],[51.99779,35.79223],[51.99388,35.79527],[51.99167,35.79583],[51.98848,35.79682],[51.98684,35.80212],[51.97566,35.81454],[51.97424,35.8326],[51.9625,35.83333],[51.94779,35.83277],[51.94375,35.82964],[51.93971,35.83277],[51.92696,35.8339],[51.9218,35.8379],[51.91998,35.84498],[51.91446,35.8464],[51.91054,35.84943],[51.90612,35.85057],[51.90221,35.8536],[51.89779,35.85473],[51.89388,35.85777],[51.88529,35.8589],[51.88138,35.86193],[51.87425,35.86307],[51.86888,35.8589],[51.86335,35.85748],[51.86193,35.85196],[51.85816,35.84708],[51.85342,35.84527],[51.8468,35.8504],[51.84583,35.85417],[51.82917,35.85417],[51.825,35.85417],[51.81424,35.85452],[51.81076,35.85798],[51.80174,35.85869],[51.79826,35.86215],[51.78508,35.86285],[51.77952,35.86838],[51.77881,35.87742],[51.77329,35.88298],[51.75174,35.88369],[51.74409,35.89131],[51.72917,35.89167],[51.72855,35.89383],[51.71998,35.90349],[51.69367,35.90478],[51.68966,35.90772],[51.68117,35.90895],[51.67716,35.91188],[51.67284,35.91312],[51.66466,35.92022],[51.65617,35.92145],[51.65216,35.92438],[51.64233,35.92581],[51.64167,35.94167],[51.64409,35.94202],[51.64758,35.94548],[51.66076,35.94619],[51.66424,35.94965],[51.67742,35.95035],[51.68091,35.95381],[51.68576,35.95452],[51.69341,35.96215],[51.7,35.9625],[51.7,35.99167],[51.70057,35.99804],[51.7037,36.00208],[51.6996,36.00737],[51.69362,36.0089],[51.68971,36.01193],[51.68112,36.01307],[51.67721,36.0161],[51.66029,36.01723],[51.65638,36.02027],[51.64779,36.0214],[51.64388,36.02443],[51.63821,36.02589],[51.63693,36.03554],[51.63233,36.04107],[51.59779,36.04223],[51.59388,36.04527],[51.58112,36.0464],[51.57721,36.04943],[51.57279,36.05057],[51.56888,36.0536],[51.55417,36.05417],[51.55483,36.0616],[51.55833,36.0625],[51.55869,36.06492],[51.56215,36.06841],[51.56286,36.07745],[51.56841,36.08298],[51.57326,36.08369],[51.57674,36.08715],[51.5875,36.0875],[51.5875,36.09167],[51.5875,36.09583],[51.5875,36.1],[51.56841,36.10035],[51.56492,36.10381],[51.53924,36.10452],[51.53576,36.10798],[51.51424,36.10869],[51.50659,36.11631],[51.50174,36.11702],[51.49826,36.12048],[51.49341,36.12119],[51.48992,36.12465],[51.4875,36.125],[51.47591,36.12562],[51.475,36.12917],[51.47258,36.12952],[51.46702,36.13504],[51.46631,36.13992],[51.45869,36.14758],[51.45833,36.15417],[51.43946,36.15473],[51.43554,36.15777],[51.43112,36.1589],[51.42708,36.16203],[51.42304,36.1589],[51.39509,36.15777],[51.38971,36.16193],[51.38529,36.16307],[51.38138,36.1661],[51.37009,36.16723],[51.36471,36.16307],[51.35918,36.16165],[51.35833,36.15833],[51.35174,36.15869],[51.34792,36.16249],[51.33992,36.15452],[51.33091,36.15381],[51.32742,36.15035],[51.31912,36.14965],[51.31492,36.15381],[51.29758,36.15452],[51.29409,36.15798],[51.28924,36.15869],[51.28576,36.16215],[51.28091,36.16285],[51.27326,36.17048],[51.25591,36.17119],[51.25242,36.17465],[51.25,36.175],[51.24362,36.17443],[51.23971,36.1714],[51.2259,36.17017],[51.22415,36.16335],[51.21862,36.16193],[51.21458,36.1588],[51.21054,36.16193],[51.19779,36.16307],[51.19388,36.1661],[51.1875,36.16667],[51.18715,36.15591],[51.17535,36.14409],[51.17465,36.13924],[51.17048,36.13505],[51.17119,36.13091],[51.17881,36.12326],[51.17952,36.11841],[51.18298,36.11492],[51.18333,36.1125],[51.17917,36.1125],[51.16867,36.11312],[51.16466,36.11605],[51.16034,36.11728],[51.15633,36.12022],[51.15201,36.12145],[51.13549,36.13688],[51.12701,36.13812],[51.12299,36.14105],[51.11203,36.14228],[51.10633,36.13812],[51.09663,36.13671],[51.09522,36.12701],[51.08696,36.1175],[51.07701,36.11605],[51.07292,36.11306],[51.06883,36.11605],[51.05786,36.11728],[51.05116,36.11239],[51.05,36.10833],[51.04167,36.10833],[51.03924,36.10798],[51.03159,36.10035],[51.00833,36.1],[51.00798,36.10242],[51.00245,36.10798],[50.98924,36.10869],[50.98576,36.11215],[50.98162,36.11285],[50.97742,36.10869],[50.96912,36.10798],[50.96458,36.11249],[50.96076,36.10869],[50.93578,36.10798],[50.92742,36.11631],[50.91495,36.11702],[50.91076,36.11285],[50.90417,36.1125],[50.90196,36.11193],[50.89388,36.10473],[50.88675,36.1036],[50.88138,36.10777],[50.86592,36.1089],[50.86054,36.10473],[50.85089,36.10346],[50.85,36.1],[50.84758,36.09965],[50.84409,36.09619],[50.82745,36.09548],[50.82292,36.09999],[50.81909,36.09619],[50.81424,36.09548],[50.81076,36.09202],[50.80833,36.09167],[50.79758,36.09202],[50.79409,36.09548],[50.78508,36.09619],[50.78159,36.09965],[50.77674,36.10035],[50.77326,36.10381],[50.77083,36.10417],[50.76841,36.10452],[50.76458,36.10832],[50.76076,36.10452],[50.74758,36.10381],[50.73576,36.09202],[50.73162,36.09131],[50.72742,36.09548],[50.71424,36.09619],[50.71076,36.09965],[50.68333,36.1],[50.67917,36.1],[50.67832,36.10332],[50.675,36.10417],[50.67535,36.10659],[50.67881,36.11008],[50.67952,36.11838],[50.66912,36.12881],[50.65591,36.12952],[50.65242,36.13298],[50.64758,36.13369],[50.63786,36.14338],[50.6375,36.14583],[50.63112,36.1464],[50.62721,36.14943],[50.62279,36.15057],[50.61471,36.15777],[50.61029,36.1589],[50.60638,36.16193],[50.58946,36.16307],[50.57304,36.1786],[50.55091,36.17979],[50.55,36.18333],[50.53333,36.18333],[50.53333,36.1875],[50.53277,36.18971],[50.52973,36.19362],[50.5286,36.19804],[50.52025,36.20741],[50.51335,36.20918],[50.5125,36.2125],[50.5125,36.21667],[50.51165,36.21998],[50.50612,36.2214],[50.50221,36.22443],[50.49509,36.22557],[50.48958,36.2213],[50.48554,36.22443],[50.48112,36.22557],[50.47721,36.2286],[50.46446,36.22973],[50.46054,36.23277],[50.45612,36.2339],[50.45221,36.23693],[50.44779,36.23807],[50.44388,36.2411],[50.43946,36.24223],[50.43554,36.24527],[50.43333,36.24583],[50.43298,36.24826],[50.42952,36.25174],[50.42881,36.26909],[50.42119,36.27674],[50.42083,36.28333],[50.42083,36.2875],[50.41424,36.28785],[50.41076,36.29131],[50.4,36.29167],[50.39965,36.29409],[50.38579,36.30798],[50.38333,36.30833],[50.38333,36.3125],[50.38248,36.31582],[50.37917,36.31667],[50.3786,36.31888],[50.37557,36.32279],[50.37443,36.32721],[50.36991,36.33263],[50.35922,36.33404],[50.35833,36.3375],[50.35591,36.33785],[50.35242,36.34131],[50.33333,36.34167],[50.33333,36.35],[50.31841,36.35035],[50.31492,36.35381],[50.30174,36.35452],[50.29826,36.35798],[50.29341,36.35869],[50.28576,36.36631],[50.275,36.36667],[50.27258,36.36702],[50.26076,36.37881],[50.25174,36.37952],[50.24826,36.38298],[50.2375,36.38333],[50.23665,36.38665],[50.23333,36.3875],[50.22917,36.3875],[50.21446,36.38807],[50.21054,36.3911],[50.20196,36.39223],[50.19804,36.39527],[50.19233,36.39673],[50.19167,36.40417],[50.1875,36.40417],[50.1866,36.40768],[50.17205,36.4089],[50.17083,36.40417],[50.16451,36.40478],[50.16049,36.40772],[50.15509,36.40926],[50.15324,36.41574],[50.14676,36.41759],[50.14486,36.42423],[50.13404,36.42581],[50.13263,36.44503],[50.1218,36.4466],[50.12022,36.45216],[50.11728,36.45617],[50.11574,36.46157],[50.1125,36.4625],[50.1125,36.47083],[50.11008,36.47048],[50.10659,36.46702],[50.09758,36.46631],[50.09409,36.46285],[50.08924,36.46215],[50.08576,36.45869],[50.06495,36.45798],[50.06076,36.46215],[50.05833,36.4625],[50.05833,36.46667],[50.0572,36.4711],[50.05221,36.46723],[50.04906,36.4661],[50.03959,36.47454],[50.03554,36.4714],[50.01568,36.47027],[50.0009,36.48398],[50.0,36.4875],[49.98946,36.48693],[49.98554,36.4839],[49.95925,36.48272],[49.95833,36.47917],[49.95417,36.47917],[49.9437,36.47981],[49.93963,36.48269],[49.93537,36.48398],[49.9258,36.49217],[49.92412,36.50858],[49.91875,36.50477],[49.91463,36.50769],[49.90762,36.50898],[49.8938,36.49648],[49.88537,36.49519],[49.88125,36.49227],[49.87713,36.49519],[49.875,36.49583],[49.87443,36.49362],[49.8714,36.48971],[49.86992,36.48394],[49.85417,36.48333],[49.85327,36.48684],[49.83946,36.48807],[49.83554,36.4911],[49.82696,36.49223],[49.82304,36.49527],[49.82083,36.49583],[49.82017,36.4884],[49.81667,36.4875],[49.81577,36.48401],[49.79804,36.46723],[49.79252,36.46582],[49.79082,36.45918],[49.78418,36.45748],[49.78333,36.45417],[49.78112,36.45473],[49.77721,36.45777],[49.74675,36.45894],[49.74498,36.46582],[49.73946,36.46723],[49.73554,36.47027],[49.73112,36.4714],[49.72721,36.47443],[49.69583,36.475],[49.68333,36.475],[49.67917,36.475],[49.67881,36.47255],[49.66076,36.45452],[49.65591,36.45381],[49.64409,36.44202],[49.63924,36.44131],[49.62672,36.42881],[49.61841,36.42952],[49.61492,36.43298],[49.6125,36.43333],[49.61285,36.43091],[49.63298,36.41076],[49.63369,36.40591],[49.63715,36.40242],[49.63785,36.39341],[49.64165,36.38958],[49.63369,36.38159],[49.63298,36.37674],[49.62952,36.37326],[49.62881,36.36841],[49.62119,36.36076],[49.62048,36.34341],[49.61702,36.33992],[49.61631,36.32674],[49.61285,36.32326],[49.6125,36.32083],[49.61029,36.32027],[49.60638,36.31723],[49.60196,36.3161],[49.59388,36.3089],[49.58946,36.30777],[49.58554,36.30473],[49.56788,36.3036],[49.56667,36.30833],[49.56424,36.30869],[49.56042,36.31249],[49.55659,36.30869],[49.54341,36.30798],[49.53992,36.30452],[49.52917,36.30417],[49.52258,36.30452],[49.51909,36.30798],[49.48924,36.30869],[49.48576,36.31215],[49.47258,36.31285],[49.46909,36.31631],[49.46667,36.31667],[49.46029,36.3161],[49.45513,36.3121],[49.45326,36.30479],[49.43112,36.3036],[49.42304,36.2964],[49.41446,36.29527],[49.40638,36.28807],[49.40196,36.28693],[49.39804,36.2839],[49.39092,36.28277],[49.38554,36.28693],[49.38038,36.28807],[49.37825,36.27977],[49.34362,36.2786],[49.33847,36.2746],[49.3375,36.27083],[49.33091,36.27048],[49.32326,36.26285],[49.32083,36.2625],[49.31841,36.26285],[49.31286,36.26838],[49.31215,36.27742],[49.30662,36.28298],[49.30417,36.28333],[49.30351,36.29077],[49.29779,36.29223],[49.29388,36.29527],[49.28946,36.2964],[49.28554,36.29943],[49.28112,36.30057],[49.27721,36.3036],[49.27168,36.30502],[49.27027,36.31054],[49.26723,36.31446],[49.2661,36.31888],[49.2589,36.32696],[49.25833,36.32917],[49.24758,36.32952],[49.24409,36.33298],[49.23333,36.33333],[49.23298,36.34409],[49.22746,36.34964],[49.22258,36.35035],[49.21909,36.35381],[49.21424,36.35452],[49.21076,36.35798],[49.20833,36.35833],[49.17175,36.35892],[49.17027,36.36471],[49.15769,36.37826],[49.15417,36.37917],[49.1536,36.38138],[49.15057,36.38529],[49.14915,36.39082],[49.14362,36.39223],[49.13751,36.39733],[49.1411,36.40196],[49.14167,36.41667],[49.14131,36.41909],[49.13369,36.42674],[49.13333,36.42917],[49.11008,36.42952],[49.10659,36.43298],[49.1,36.43333],[49.09965,36.43992],[49.09619,36.44341],[49.09548,36.44826],[49.08785,36.45591],[49.08715,36.46076],[49.07535,36.47258],[49.07465,36.48576],[49.06912,36.49131],[49.06424,36.49202],[49.06076,36.49548],[49.05591,36.49619],[49.04619,36.50588],[49.04583,36.50833],[49.04341,36.50798],[49.03992,36.50452],[49.0375,36.50417],[49.03665,36.50748],[49.03112,36.5089],[49.02721,36.51193],[49.02083,36.5125],[49.02048,36.51492],[49.01495,36.52048],[48.99758,36.52119],[48.99409,36.52465],[48.9875,36.525],[48.98529,36.52443],[48.97304,36.51307],[48.9664,36.51136],[48.97027,36.50638],[48.9714,36.49779],[48.9786,36.48971],[48.97973,36.48112],[48.98277,36.47721],[48.9839,36.47425],[48.97973,36.46888],[48.9786,36.46446],[48.9714,36.45638],[48.97027,36.45196],[48.95323,36.43404],[48.94362,36.43277],[48.93554,36.42557],[48.93112,36.42443],[48.92721,36.4214],[48.92279,36.42027],[48.91888,36.41723],[48.90922,36.41596],[48.90777,36.41029],[48.90473,36.40638],[48.90332,36.40085],[48.89654,36.39911],[48.89527,36.38946],[48.89223,36.38554],[48.8911,36.37696],[48.87973,36.36471],[48.8786,36.35612],[48.8714,36.34804],[48.87027,36.3199],[48.8786,36.31054],[48.87917,36.30833],[48.87258,36.30798],[48.86702,36.30246],[48.86631,36.29758],[48.86079,36.29202],[48.85833,36.29167],[48.85591,36.29202],[48.85242,36.29548],[48.8375,36.29583],[48.8375,36.29167],[48.83665,36.28835],[48.83333,36.2875],[48.825,36.2875],[48.82464,36.28504],[48.81909,36.27952],[48.81667,36.27917],[48.8125,36.27917],[48.81153,36.2754],[48.80638,36.2714],[48.80066,36.26993],[48.79935,36.25515],[48.78138,36.23807],[48.77279,36.23693],[48.76888,36.2339],[48.76446,36.23277],[48.75908,36.2286],[48.75196,36.22973],[48.7426,36.23807],[48.73946,36.23693],[48.73554,36.2339],[48.73112,36.23277],[48.72721,36.22973],[48.725,36.22917],[48.72083,36.22917],[48.71967,36.22511],[48.71466,36.22145],[48.71034,36.22022],[48.70216,36.21312],[48.6883,36.21176],[48.68395,36.20633],[48.68272,36.20201],[48.67562,36.19383],[48.67384,36.18761],[48.66883,36.18395],[48.65913,36.18254],[48.65772,36.17284],[48.65478,36.16883],[48.65355,36.16034],[48.63812,36.14383],[48.63667,36.13387],[48.62716,36.12562],[48.62284,36.12438],[48.61466,36.11728],[48.60201,36.11605],[48.59383,36.10895],[48.5875,36.10833],[48.56862,36.1089],[48.56347,36.1129],[48.56159,36.12021],[48.55,36.12083],[48.54909,36.12438],[48.5375,36.125],[48.53333,36.125],[48.53369,36.12258],[48.53715,36.11909],[48.5375,36.11667],[48.53785,36.11008],[48.54131,36.10659],[48.54202,36.10174],[48.54965,36.09409],[48.55,36.09167],[48.55346,36.09078],[48.55473,36.08112],[48.55777,36.07721],[48.5589,36.06862],[48.57027,36.05638],[48.5714,36.03946],[48.57557,36.03408],[48.57443,36.02279],[48.5714,36.01888],[48.57027,36.00612],[48.56307,35.99804],[48.56193,35.98529],[48.5589,35.98138],[48.55833,35.97917],[48.56471,35.9786],[48.57279,35.9714],[48.57877,35.96987],[48.58277,35.96471],[48.58418,35.95918],[48.58971,35.95777],[48.59375,35.95464],[48.59792,35.95786],[48.60196,35.95473],[48.60417,35.95417],[48.60417,35.94167],[48.60174,35.94131],[48.59619,35.93579],[48.59548,35.92674],[48.58996,35.92119],[48.5875,35.92083],[48.58508,35.92048],[48.57952,35.91496],[48.57881,35.91008],[48.57119,35.90242],[48.57083,35.9],[48.56667,35.9],[48.56723,35.89779],[48.57443,35.88971],[48.57557,35.88529],[48.57956,35.88013],[48.58554,35.8786],[48.58946,35.87557],[48.59658,35.87443],[48.60196,35.8786],[48.61545,35.87973],[48.61723,35.87279],[48.62123,35.86763],[48.62846,35.86578],[48.62973,35.85612],[48.63277,35.85221],[48.63418,35.84668],[48.63971,35.84527],[48.6493,35.83657],[48.65057,35.82696],[48.66193,35.81471],[48.66321,35.80505],[48.66888,35.8036],[48.67279,35.80057],[48.67832,35.79915],[48.67973,35.79362],[48.68277,35.78971],[48.68425,35.78393],[48.73212,35.78277],[48.73333,35.7875],[48.73992,35.78715],[48.74412,35.78298],[48.74826,35.78369],[48.75245,35.78785],[48.75659,35.78715],[48.76424,35.77952],[48.76909,35.77881],[48.77258,35.77535],[48.775,35.775],[48.77535,35.77258],[48.77881,35.76909],[48.77917,35.76667],[48.78002,35.76335],[48.78665,35.76165],[48.78835,35.75502],[48.79388,35.7536],[48.79779,35.75057],[48.80638,35.74943],[48.81175,35.74527],[48.82721,35.7464],[48.83126,35.74954],[48.83946,35.74223],[48.85638,35.7411],[48.86029,35.73807],[48.86471,35.73693],[48.87279,35.72973],[48.87721,35.7286],[48.88529,35.7214],[48.8875,35.72083],[48.88785,35.71841],[48.89131,35.71492],[48.89202,35.70174],[48.89548,35.69826],[48.89583,35.69583],[48.89668,35.69252],[48.90221,35.6911],[48.90612,35.68807],[48.91575,35.6868],[48.92027,35.68138],[48.9214,35.67696],[48.92443,35.67304],[48.925,35.67083],[48.92443,35.66446],[48.9214,35.66054],[48.91998,35.65502],[48.91667,35.65417],[48.91667,35.65],[48.91631,35.64754],[48.91076,35.64202],[48.90833,35.64167],[48.90591,35.64131],[48.89826,35.63369],[48.89583,35.63333],[48.89498,35.63002],[48.89167,35.62917],[48.8875,35.62917],[48.8866,35.62565],[48.87304,35.61307],[48.86862,35.61193],[48.86471,35.6089],[48.85612,35.60777],[48.84388,35.5964],[48.83529,35.59527],[48.83138,35.59223],[48.82279,35.5911],[48.81888,35.58807],[48.81029,35.58693],[48.80638,35.5839],[48.80085,35.58248],[48.79915,35.57585],[48.79252,35.57415],[48.7907,35.56706],[48.78554,35.56307],[48.77593,35.5618],[48.76723,35.55221],[48.7661,35.54779],[48.76307,35.54388],[48.7625,35.54167],[48.75,35.54167],[48.74965,35.54409],[48.73995,35.55381],[48.72329,35.55452],[48.71909,35.55035],[48.69583,35.55],[48.69167,35.55],[48.6875,35.55],[48.68662,35.55343],[48.67842,35.55473],[48.67304,35.55057],[48.67009,35.54943],[48.66471,35.5536],[48.65833,35.55417],[48.65833,35.5625],[48.65591,35.56285],[48.65242,35.56631],[48.64583,35.56667],[48.63333,35.56667],[48.62696,35.56723],[48.62304,35.57027],[48.61862,35.5714],[48.60638,35.58277],[48.59779,35.5839],[48.59388,35.58693],[48.58946,35.58807],[48.58554,35.5911],[48.58002,35.59252],[48.5786,35.59804],[48.57621,35.60057],[48.57411,35.59238],[48.56446,35.5911],[48.56054,35.58807],[48.52425,35.58693],[48.51888,35.5911],[48.51029,35.59223],[48.50638,35.59527],[48.50085,35.59668],[48.5,35.6],[48.49341,35.59965],[48.47742,35.58369],[48.47083,35.58333],[48.46029,35.5839],[48.45638,35.58693],[48.45085,35.58835],[48.45,35.59167],[48.44779,35.5911],[48.41338,35.55761],[48.41165,35.55085],[48.40502,35.54915],[48.4036,35.54362],[48.39223,35.53138],[48.3911,35.52009],[48.3961,35.51364],[48.38946,35.51193],[48.38138,35.50473],[48.37279,35.5036],[48.36668,35.4985],[48.37027,35.49388],[48.37083,35.48333],[48.3714,35.48112],[48.37443,35.47721],[48.37566,35.4634],[48.38294,35.46153],[48.38693,35.45638],[48.3875,35.45],[48.38715,35.44341],[48.36285,35.41909],[48.36215,35.41424],[48.35452,35.40659],[48.35417,35.40417],[48.35196,35.4036],[48.34804,35.40057],[48.34362,35.39943],[48.33971,35.3964],[48.33529,35.39527],[48.32721,35.38807],[48.32279,35.38693],[48.31342,35.37858],[48.31193,35.37279],[48.30794,35.36763],[48.30085,35.36582],[48.29943,35.36029],[48.29223,35.35221],[48.2911,35.34779],[48.27973,35.33554],[48.2786,35.32696],[48.27557,35.32304],[48.27443,35.29362],[48.2714,35.28971],[48.27083,35.26667],[48.27151,35.24245],[48.27917,35.24167],[48.2786,35.23946],[48.27557,35.23554],[48.2741,35.22983],[48.26667,35.22917],[48.26667,35.21667],[48.27025,35.21575],[48.27083,35.18333],[48.25612,35.1839],[48.25221,35.18693],[48.23656,35.18807],[48.22721,35.17973],[48.22279,35.1786],[48.21763,35.1746],[48.21582,35.16752],[48.20918,35.16582],[48.20833,35.1625],[48.20777,35.16029],[48.20473,35.15638],[48.2036,35.15196],[48.20057,35.14804],[48.1993,35.13842],[48.19388,35.1339],[48.18835,35.13248],[48.18693,35.12696],[48.17973,35.11888],[48.1786,35.11446],[48.17557,35.11054],[48.175,35.10833],[48.17721,35.10777],[48.18112,35.10473],[48.18554,35.1036],[48.19362,35.0964],[48.20057,35.09462],[48.19943,35.08946],[48.19223,35.08138],[48.1911,35.06862],[48.18807,35.06471],[48.18693,35.03946],[48.18277,35.03408],[48.18394,35.00508],[48.1875,35.00417],[48.18684,34.99673],[48.18333,34.99583],[48.17917,34.99583],[48.17825,34.99225],[48.16888,34.9839],[48.16308,34.98241],[48.15473,34.97304],[48.15346,34.96339],[48.15,34.9625],[48.14257,34.96184],[48.1411,34.95612],[48.13797,34.95208],[48.1411,34.94804],[48.14233,34.93423],[48.14583,34.93333],[48.14583,34.92917],[48.14226,34.92825],[48.14167,34.90417],[48.13117,34.90478],[48.12194,34.9128],[48.11991,34.91991],[48.11451,34.92145],[48.11049,34.92438],[48.10617,34.92562],[48.10216,34.92855],[48.09784,34.92978],[48.09383,34.93272],[48.08951,34.93395],[48.08,34.9422],[48.07855,34.95216],[48.07416,34.95765],[48.05201,34.95895],[48.04799,34.96188],[48.03951,34.96312],[48.03549,34.96605],[48.0287,34.96728],[48.02299,34.96312],[48.0201,34.96188],[48.01049,34.97022],[47.96586,34.97145],[47.95082,34.95773],[47.94938,34.94784],[47.94645,34.94383],[47.94504,34.93413],[47.93534,34.93272],[47.93133,34.92978],[47.92701,34.92855],[47.92299,34.92562],[47.92083,34.925],[47.91841,34.92535],[47.91286,34.93088],[47.91215,34.93576],[47.90662,34.94131],[47.89829,34.94202],[47.89409,34.93785],[47.88508,34.93715],[47.88159,34.93369],[47.8625,34.93333],[47.85612,34.9339],[47.85221,34.93693],[47.84362,34.93807],[47.83971,34.9411],[47.83529,34.94223],[47.83138,34.94527],[47.82172,34.94654],[47.82083,34.95],[47.82027,34.96471],[47.81723,34.96862],[47.8161,34.97304],[47.8121,34.9782],[47.80481,34.98007],[47.8036,34.99658],[47.80777,35.00196],[47.8089,35.00491],[47.80473,35.01029],[47.80417,35.01667],[47.80332,35.01998],[47.79779,35.0214],[47.78971,35.0286],[47.78529,35.02973],[47.78138,35.03277],[47.77917,35.03333],[47.77917,35.0375],[47.77585,35.03835],[47.775,35.04167],[47.76757,35.04233],[47.76582,35.04915],[47.76029,35.05057],[47.75638,35.0536],[47.75196,35.05473],[47.74804,35.05777],[47.73946,35.0589],[47.73138,35.0661],[47.72696,35.06723],[47.72304,35.07027],[47.72083,35.07083],[47.71424,35.07048],[47.70625,35.06251],[47.70242,35.06631],[47.68924,35.06702],[47.68576,35.07048],[47.67329,35.07119],[47.66909,35.06702],[47.65833,35.06667],[47.65502,35.06752],[47.65417,35.07083],[47.64758,35.07119],[47.64409,35.07465],[47.61667,35.075],[47.61577,35.07851],[47.60196,35.07973],[47.59804,35.08277],[47.57175,35.08395],[47.57083,35.0875],[47.55174,35.08785],[47.54826,35.09131],[47.53924,35.09202],[47.53576,35.09548],[47.53333,35.09583],[47.53248,35.09915],[47.52917,35.1],[47.52917,35.07917],[47.52832,35.07585],[47.525,35.075],[47.52168,35.07415],[47.52083,35.07083],[47.52027,35.06446],[47.51723,35.06054],[47.51601,35.04673],[47.5125,35.04583],[47.50918,35.04498],[47.50833,35.04167],[47.50196,35.04223],[47.49804,35.04527],[47.47842,35.0464],[47.47304,35.04223],[47.45612,35.0411],[47.45207,35.03796],[47.44388,35.04527],[47.43946,35.0464],[47.43554,35.04943],[47.43112,35.05057],[47.42597,35.05456],[47.42415,35.06165],[47.41862,35.06307],[47.41364,35.06693],[47.4125,35.0625],[47.39167,35.0625],[47.38508,35.06285],[47.38159,35.06631],[47.36495,35.06702],[47.36076,35.06285],[47.35245,35.06215],[47.34792,35.06665],[47.34409,35.06285],[47.32917,35.0625],[47.32674,35.06285],[47.32326,35.06631],[47.3125,35.06667],[47.31312,35.06883],[47.31605,35.07284],[47.31728,35.08133],[47.32022,35.08534],[47.32145,35.09214],[47.31728,35.09784],[47.31596,35.11586],[47.30617,35.11728],[47.29799,35.12438],[47.29367,35.12562],[47.28966,35.12855],[47.28534,35.12978],[47.27716,35.13688],[47.26667,35.1375],[47.2625,35.1375],[47.24758,35.13715],[47.23992,35.12952],[47.22329,35.12881],[47.21909,35.13298],[47.21008,35.13369],[47.20452,35.13921],[47.20381,35.14409],[47.18995,35.15798],[47.18162,35.15869],[47.17742,35.15452],[47.15417,35.15417],[47.1536,35.16054],[47.13807,35.17696],[47.13665,35.18248],[47.13333,35.18333],[47.13369,35.18576],[47.13715,35.18924],[47.13785,35.19409],[47.14131,35.19758],[47.14167,35.20833],[47.14804,35.2089],[47.15303,35.21276],[47.15417,35.20833],[47.16076,35.20869],[47.16631,35.21421],[47.16702,35.21838],[47.16285,35.22258],[47.1625,35.25],[47.16307,35.25638],[47.17027,35.26446],[47.1714,35.27177],[47.16192,35.28241],[47.15502,35.28418],[47.1536,35.28971],[47.15057,35.29362],[47.14943,35.30638],[47.1464,35.31029],[47.14583,35.31667],[47.14527,35.31888],[47.14223,35.32279],[47.14082,35.32832],[47.13418,35.33002],[47.13248,35.33665],[47.12585,35.33835],[47.125,35.34167],[47.12258,35.34202],[47.11703,35.34754],[47.11631,35.35172],[47.13298,35.36841],[47.13369,35.37326],[47.13715,35.37674],[47.13785,35.38576],[47.14131,35.38924],[47.14202,35.39826],[47.14548,35.40174],[47.14619,35.40659],[47.15381,35.41424],[47.15417,35.425],[47.15452,35.43576],[47.15798,35.43924],[47.15869,35.44412],[47.16424,35.44965],[47.17742,35.45035],[47.18091,35.45381],[47.1875,35.45417],[47.18971,35.45473],[47.19362,35.45777],[47.19804,35.4589],[47.2032,35.4629],[47.20502,35.46998],[47.21054,35.4714],[47.22079,35.4807],[47.21723,35.48529],[47.2161,35.48853],[47.23693,35.51029],[47.23807,35.51471],[47.2411,35.51862],[47.24167,35.52083],[47.24409,35.52119],[47.25798,35.53505],[47.25869,35.53992],[47.26215,35.54341],[47.2625,35.54583],[47.26471,35.5464],[47.26862,35.54943],[47.2746,35.55097],[47.2786,35.55612],[47.27973,35.56054],[47.29527,35.57696],[47.29668,35.58248],[47.3,35.58333],[47.30833,35.58333],[47.3089,35.58971],[47.31193,35.59362],[47.31342,35.5994],[47.33333,35.6],[47.33333,35.6125],[47.32983,35.6134],[47.3286,35.62721],[47.32557,35.63112],[47.325,35.6375],[47.32438,35.64909],[47.31752,35.65085],[47.3161,35.65638],[47.31307,35.66029],[47.31179,35.66995],[47.30612,35.6714],[47.30221,35.67443],[47.29288,35.67557],[47.29167,35.67083],[47.28333,35.67083],[47.28002,35.66998],[47.27917,35.66667],[47.26029,35.66723],[47.25513,35.67123],[47.25328,35.67846],[47.24362,35.67973],[47.23971,35.68277],[47.23399,35.68423],[47.23333,35.69167],[47.23002,35.69252],[47.22917,35.69583],[47.22832,35.69915],[47.22279,35.70057],[47.21342,35.70892],[47.2125,35.7125],[47.20918,35.71335],[47.20833,35.71667],[47.20417,35.71667],[47.2036,35.71446],[47.19223,35.70221],[47.1911,35.68946],[47.18807,35.68554],[47.1866,35.67983],[47.17917,35.67917],[47.17258,35.67881],[47.16909,35.67535],[47.15591,35.67465],[47.15208,35.67085],[47.14826,35.67465],[47.12674,35.67535],[47.11909,35.68298],[47.08579,35.68369],[47.08159,35.67952],[47.06841,35.67881],[47.06076,35.67119],[47.05591,35.67048],[47.04826,35.66285],[47.04167,35.6625],[47.04131,35.65591],[47.03785,35.65242],[47.0375,35.65],[47.02279,35.65057],[47.01888,35.6536],[47.01446,35.65473],[47.01054,35.65777],[47.00196,35.6589],[46.99804,35.66193],[46.98112,35.66307],[46.97721,35.6661],[46.97009,35.66723],[46.96471,35.66307],[46.95893,35.66158],[46.95833,35.6375],[46.95196,35.63693],[46.92721,35.61307],[46.91755,35.61179],[46.91582,35.60502],[46.9125,35.60417],[46.90591,35.60381],[46.90242,35.60035],[46.89412,35.59965],[46.88992,35.60381],[46.8875,35.60417],[46.88333,35.60417],[46.87696,35.60473],[46.8718,35.60873],[46.87027,35.61471],[46.86723,35.61862],[46.86596,35.62828],[46.8625,35.62917],[46.85174,35.62881],[46.84826,35.62535],[46.84341,35.62465],[46.83992,35.62119],[46.83333,35.62083],[46.8289,35.6197],[46.83277,35.61471],[46.8339,35.59925],[46.82877,35.59263],[46.82154,35.59078],[46.82027,35.58112],[46.8089,35.56888],[46.80777,35.55759],[46.81193,35.55221],[46.81307,35.54779],[46.8161,35.54388],[46.81667,35.54167],[46.80612,35.5411],[46.80221,35.53807],[46.79509,35.53693],[46.78971,35.5411],[46.78248,35.54223],[46.77566,35.53654],[46.77434,35.52173],[46.77083,35.52083],[46.77083,35.54167],[46.76446,35.54223],[46.7593,35.54623],[46.75748,35.55332],[46.75196,35.55473],[46.74708,35.55851],[46.74527,35.56325],[46.74943,35.56862],[46.75057,35.58427],[46.74223,35.59362],[46.7411,35.59804],[46.73654,35.60351],[46.72917,35.60417],[46.72585,35.60332],[46.72409,35.59647],[46.70612,35.59527],[46.70221,35.59223],[46.69925,35.5911],[46.69263,35.59623],[46.6911,35.60221],[46.68797,35.60625],[46.6911,35.61029],[46.69223,35.61888],[46.69527,35.62279],[46.6964,35.62721],[46.69943,35.63112],[46.7,35.6375],[46.69758,35.63785],[46.67708,35.65832],[46.66492,35.64619],[46.66008,35.64548],[46.65659,35.64202],[46.64829,35.64131],[46.64409,35.64548],[46.6375,35.64583],[46.63715,35.65242],[46.62952,35.66008],[46.62881,35.66838],[46.63332,35.67292],[46.62952,35.67674],[46.62881,35.69409],[46.62119,35.70174],[46.62048,35.70659],[46.61702,35.71008],[46.61631,35.71492],[46.60662,35.72464],[46.60417,35.725],[46.59167,35.725],[46.58924,35.72465],[46.57326,35.70869],[46.56079,35.70798],[46.55452,35.71421],[46.55417,35.72083],[46.54784,35.72022],[46.54383,35.71728],[46.53117,35.71605],[46.52716,35.71312],[46.52453,35.71188],[46.51883,35.71605],[46.51451,35.71728],[46.51041,35.72027],[46.5049,35.71587],[46.50343,35.7008],[46.49367,35.69938],[46.48966,35.69645],[46.48534,35.69522],[46.48133,35.69228],[46.47453,35.69105],[46.4682,35.69567],[46.46324,35.69506],[46.4625,35.6875],[46.46008,35.68715],[46.45659,35.68369],[46.43924,35.68298],[46.43542,35.67918],[46.43159,35.68298],[46.42258,35.68369],[46.41076,35.69548],[46.40833,35.69583],[46.40767,35.70327],[46.40196,35.70473],[46.38971,35.7161],[46.38001,35.71738],[46.37894,35.72218],[46.3911,35.73529],[46.39238,35.74495],[46.39583,35.74583],[46.39915,35.74668],[46.4,35.75],[46.39943,35.75221],[46.3964,35.75612],[46.39527,35.76054],[46.39127,35.7657],[46.38418,35.76752],[46.38277,35.77304],[46.37825,35.77846],[46.36755,35.77988],[46.36667,35.78333],[46.34583,35.78333],[46.34548,35.81076],[46.34202,35.81424],[46.34131,35.82326],[46.33579,35.82881],[46.32745,35.82952],[46.32326,35.82535],[46.31495,35.82465],[46.31076,35.82881],[46.30174,35.82952],[46.29826,35.83298],[46.28995,35.83369],[46.28576,35.82952],[46.28091,35.82881],[46.26909,35.81702],[46.26079,35.81631],[46.25659,35.82048],[46.25417,35.82083],[46.2532,35.81706],[46.24804,35.81307],[46.22696,35.81193],[46.2176,35.8036],[46.21332,35.80514],[46.21129,35.81307],[46.18425,35.81189],[46.18248,35.80502],[46.17585,35.80332],[46.175,35.8],[46.16841,35.80035],[46.16492,35.80381],[46.16008,35.80452],[46.15242,35.81215],[46.15,35.8125],[46.14965,35.81492],[46.14202,35.82258],[46.14131,35.82742],[46.13785,35.83091],[46.13715,35.83921],[46.14131,35.84341],[46.14167,35.84583],[46.11424,35.84619],[46.11076,35.84965],[46.10591,35.85035],[46.08992,35.86631],[46.0875,35.86667],[46.0875,35.87083],[46.0875,35.875],[46.08418,35.87585],[46.08277,35.88138],[46.0589,35.90612],[46.05833,35.9125],[46.05918,35.91582],[46.06582,35.91752],[46.06723,35.92304],[46.07558,35.93241],[46.08138,35.9339],[46.08529,35.93693],[46.08971,35.93807],[46.09582,35.94316],[46.09223,35.94779],[46.0911,35.95221],[46.08807,35.95612],[46.08693,35.96471],[46.0839,35.96862],[46.08262,35.97828],[46.07917,35.97917],[46.07881,35.98576],[46.07535,35.98924],[46.075,35.99583],[46.07258,35.99619],[46.06909,35.99965],[46.06424,36.00035],[46.06076,36.00381],[46.05174,36.00452],[46.04826,36.00798],[46.03924,36.00869],[46.03576,36.01215],[46.025,36.0125],[46.02168,36.01335],[46.02083,36.01667],[46.02083,36.02083],[46.01734,36.02173],[46.0161,36.03408],[46.02027,36.03946],[46.0214,36.04658],[46.01723,36.05196],[46.01667,36.0625],[46.00591,36.06215],[46.00242,36.05869],[45.97328,36.05798],[45.95659,36.07465],[45.95417,36.075],[45.9536,36.07721],[45.9449,36.0868],[45.93422,36.08821],[45.93277,36.09388],[45.92973,36.09779],[45.92917,36.10417],[45.92829,36.10759],[45.92009,36.1089],[45.91471,36.10473],[45.91175,36.1036],[45.90638,36.10777],[45.90196,36.1089],[45.89804,36.11193],[45.86862,36.11307],[45.86471,36.1161],[45.86029,36.11723],[45.85638,36.12027],[45.85196,36.1214],[45.84804,36.12443],[45.8375,36.125],[45.8384,36.12851],[45.84583,36.12917],[45.84583,36.1375],[45.84527,36.13971],[45.84127,36.14487],[45.83404,36.14672],[45.83277,36.15638],[45.82973,36.16029],[45.82832,36.16582],[45.82279,36.16723],[45.81054,36.1786],[45.80417,36.17917],[45.80417,36.18333],[45.80417,36.19167],[45.79583,36.19167],[45.79341,36.19131],[45.78992,36.18785],[45.78091,36.18715],[45.77326,36.17952],[45.76008,36.17881],[45.75625,36.17501],[45.73576,36.19548],[45.71841,36.19619],[45.69826,36.21631],[45.69341,36.21702],[45.68992,36.22048],[45.67917,36.22083],[45.67881,36.22742],[45.67535,36.23091],[45.67465,36.24826],[45.67119,36.25174],[45.67048,36.26492],[45.66251,36.27292],[45.66631,36.27674],[45.66667,36.27917],[45.66909,36.27952],[45.67674,36.28715],[45.67917,36.2875],[45.67881,36.28992],[45.66495,36.30381],[45.66008,36.30452],[45.65659,36.30798],[45.65174,36.30869],[45.64409,36.31631],[45.63924,36.31702],[45.63576,36.32048],[45.61667,36.32083],[45.61451,36.32145],[45.60919,36.32533],[45.60772,36.33549],[45.60478,36.33951],[45.60336,36.34926],[45.58951,36.35062],[45.58549,36.35355],[45.58286,36.35478],[45.57716,36.35062],[45.56867,36.34938],[45.56466,36.34645],[45.55833,36.34583],[45.55196,36.3464],[45.53971,36.35777],[45.53399,36.35923],[45.53277,36.37304],[45.52973,36.37696],[45.52917,36.3875],[45.51008,36.38785],[45.50242,36.39548],[45.49758,36.39619],[45.49409,36.39965],[45.48091,36.40035],[45.47742,36.40381],[45.475,36.40417],[45.475,36.40833],[45.47443,36.41054],[45.4714,36.41446],[45.47012,36.42411],[45.46316,36.4259],[45.4625,36.43333],[45.46285,36.45242],[45.46631,36.45591],[45.46667,36.4625],[45.46733,36.46993],[45.47415,36.47168],[45.47557,36.47721],[45.4786,36.48112],[45.47973,36.48825],[45.47557,36.49362],[45.475,36.49583],[45.47279,36.4964],[45.46471,36.5036],[45.45918,36.50502],[45.45777,36.51054],[45.45473,36.51446],[45.45417,36.51667],[45.45748,36.51752],[45.4593,36.5246],[45.46446,36.5286],[45.46667,36.52917],[45.47917,36.52917],[45.48248,36.53002],[45.48333,36.53333],[45.48277,36.53554],[45.47973,36.53946],[45.4786,36.54388],[45.47557,36.54779],[45.47443,36.55221],[45.47044,36.55737],[45.4631,36.55925],[45.4625,36.57917],[45.46029,36.57973],[45.45638,36.58277],[45.44779,36.5839],[45.43971,36.5911],[45.43418,36.59252],[45.43333,36.59583],[45.4339,36.61471],[45.4536,36.63529],[45.45488,36.64495],[45.46054,36.6464],[45.46446,36.64943],[45.47044,36.65097],[45.47443,36.65612],[45.47585,36.66165],[45.48138,36.66307],[45.48543,36.6662],[45.49362,36.6589],[45.49804,36.65777],[45.50208,36.65464],[45.50612,36.65777],[45.51054,36.6589],[45.51446,36.66193],[45.51888,36.66307],[45.52279,36.6661],[45.52721,36.66723],[45.53529,36.67443],[45.54167,36.675],[45.54131,36.67742],[45.53785,36.68091],[45.53715,36.68992],[45.53369,36.69341],[45.53298,36.69826],[45.52952,36.70174],[45.52881,36.72742],[45.52501,36.73125],[45.52881,36.73508],[45.52952,36.73992],[45.53298,36.74341],[45.53333,36.74583],[45.53277,36.74804],[45.52557,36.75612],[45.5241,36.76184],[45.51667,36.7625],[45.51335,36.76335],[45.5125,36.76667],[45.50612,36.7661],[45.50221,36.76307],[45.47842,36.76193],[45.47304,36.7661],[45.46446,36.76723],[45.46054,36.77027],[45.43675,36.7714],[45.4303,36.7664],[45.4286,36.77304],[45.42557,36.77696],[45.42415,36.78248],[45.41862,36.7839],[45.41471,36.78693],[45.40612,36.78807],[45.40221,36.7911],[45.3875,36.79167],[45.38715,36.79409],[45.38369,36.79758],[45.38298,36.80659],[45.37535,36.81424],[45.37465,36.81909],[45.36912,36.82464],[45.36008,36.82535],[45.35452,36.83088],[45.35381,36.83576],[45.35035,36.83924],[45.34965,36.84409],[45.34412,36.84964],[45.33508,36.85035],[45.33159,36.85381],[45.31841,36.85452],[45.31492,36.85798],[45.30662,36.85869],[45.29202,36.84412],[45.29167,36.84167],[45.25915,36.84231],[45.25772,36.85216],[45.25478,36.85617],[45.25355,36.86466],[45.25062,36.86867],[45.24914,36.87384],[45.24536,36.87562],[45.23966,36.87145],[45.22036,36.87022],[45.21366,36.87511],[45.2125,36.87917],[45.21037,36.87852],[45.2063,36.87564],[45.17994,36.87429],[45.17839,36.85902],[45.13953,36.85769],[45.13547,36.85481],[45.1312,36.85352],[45.12713,36.85064],[45.12287,36.84936],[45.1188,36.84648],[45.11346,36.84487],[45.1125,36.84167],[45.10833,36.84167],[45.10174,36.84202],[45.09826,36.84548],[45.08924,36.84619],[45.07742,36.85798],[45.05591,36.85869],[45.05242,36.86215],[45.04758,36.86285],[45.04409,36.86631],[45.03924,36.86702],[45.03576,36.87048],[45.03162,36.87119],[45.02742,36.86702],[45.0125,36.86667],[45.01008,36.86702],[45.00659,36.87048],[45.00245,36.87119],[44.99792,36.86668],[44.99409,36.87048],[44.98579,36.87119],[44.98159,36.86702],[44.95833,36.86667],[44.95798,36.86909],[44.95452,36.87258],[44.95417,36.8875],[44.94673,36.88816],[44.94527,36.89388],[44.93651,36.90353],[44.92009,36.90473],[44.91471,36.90057],[44.9125,36.9],[44.91285,36.90659],[44.91631,36.91008],[44.91702,36.91421],[44.91285,36.91841],[44.9125,36.925],[44.91029,36.92557],[44.90638,36.9286],[44.90071,36.93005],[44.89943,36.93971],[44.89544,36.94487],[44.88835,36.94668],[44.88693,36.95221],[44.8839,36.95612],[44.88333,36.95833],[44.88369,36.96076],[44.88715,36.96424],[44.88785,36.96909],[44.89548,36.97674],[44.89619,36.99409],[44.89965,36.99758],[44.90035,37.00242],[44.90381,37.00591],[44.90417,37.00833],[44.9036,37.01888],[44.90057,37.02279],[44.8991,37.02851],[44.88529,37.02973],[44.88138,37.03277],[44.86446,37.0339],[44.84804,37.04943],[44.84509,37.05057],[44.83971,37.0464],[44.83112,37.04527],[44.82721,37.04223],[44.81175,37.0411],[44.80638,37.04527],[44.80417,37.04583],[44.80355,37.06049],[44.80062,37.06451],[44.79907,37.06991],[44.79367,37.07145],[44.78966,37.07438],[44.78403,37.07599],[44.78263,37.09503],[44.77284,37.09645],[44.76783,37.10011],[44.76605,37.10633],[44.76239,37.11134],[44.75497,37.11346],[44.75355,37.12157],[44.76188,37.13117],[44.7625,37.13333],[44.7625,37.1375],[44.76909,37.13785],[44.77674,37.14548],[44.77917,37.14583],[44.7875,37.14583],[44.78693,37.14804],[44.7839,37.15196],[44.78277,37.15491],[44.78693,37.16029],[44.78807,37.16349],[44.77435,37.17826],[44.76729,37.18008],[44.76667,37.19167],[44.76631,37.19409],[44.76285,37.19758],[44.76215,37.22742],[44.75869,37.23091],[44.75833,37.23333],[44.76076,37.23369],[44.78091,37.25381],[44.78576,37.25452],[44.78958,37.25832],[44.79341,37.25452],[44.80417,37.25417],[44.80477,37.27408],[44.81054,37.27557],[44.81547,37.27939],[44.81723,37.28427],[44.8089,37.29362],[44.80777,37.29804],[44.80057,37.30612],[44.8,37.3125],[44.79341,37.31285],[44.78576,37.32048],[44.78091,37.32119],[44.77536,37.32671],[44.775,37.32917],[44.76841,37.32952],[44.76492,37.33298],[44.75833,37.33333],[44.75777,37.33554],[44.75473,37.33946],[44.75326,37.3452],[44.73529,37.3464],[44.72987,37.35092],[44.7286,37.36054],[44.72557,37.36446],[44.72429,37.37411],[44.71862,37.37557],[44.71054,37.38277],[44.68112,37.3839],[44.67708,37.38703],[44.67304,37.3839],[44.67009,37.38277],[44.66471,37.38693],[44.65833,37.3875],[44.65769,37.38964],[44.65477,37.39375],[44.65773,37.39792],[44.65481,37.40203],[44.65352,37.4063],[44.65002,37.41124],[44.64263,37.41346],[44.64102,37.4188],[44.63814,37.42286],[44.63686,37.42714],[44.62902,37.43629],[44.62286,37.43814],[44.61875,37.44106],[44.61464,37.43814],[44.60801,37.43686],[44.60214,37.44102],[44.58822,37.44244],[44.5875,37.45417],[44.5875,37.45833],[44.58659,37.46189],[44.56029,37.46307],[44.55638,37.4661],[44.54779,37.46723],[44.53138,37.48277],[44.52823,37.4839],[44.51888,37.47557],[44.5,37.475],[44.5,37.47917],[44.49931,37.49922],[44.48536,37.50064],[44.4813,37.50352],[44.47574,37.5052],[44.47436,37.5188],[44.47019,37.52468],[44.47148,37.53547],[44.47436,37.53953],[44.47564,37.5438],[44.47981,37.54968],[44.47852,37.5563],[44.47436,37.56218],[44.47564,37.5813],[44.47852,37.58536],[44.47996,37.59482],[44.48333,37.59583],[44.48333,37.6],[44.47696,37.60057],[44.47154,37.60509],[44.47012,37.61578],[44.46335,37.61752],[44.4625,37.62083],[44.46285,37.62326],[44.47048,37.63091],[44.47083,37.65417],[44.46998,37.65748],[44.46446,37.6589],[44.46054,37.66193],[44.45612,37.66307],[44.45221,37.6661],[44.44779,37.66723],[44.44263,37.67123],[44.44078,37.67846],[44.43112,37.67973],[44.42304,37.68693],[44.41862,37.68807],[44.41471,37.6911],[44.39779,37.69223],[44.39388,37.69527],[44.38529,37.6964],[44.36888,37.71193],[44.36446,37.71307],[44.36054,37.7161],[44.34925,37.71723],[44.34388,37.71307],[44.32842,37.71193],[44.32304,37.7161],[44.31862,37.71723],[44.31054,37.72443],[44.30833,37.725],[44.30833,37.72917],[44.30918,37.73248],[44.3125,37.73333],[44.3125,37.7375],[44.31312,37.73966],[44.31605,37.74367],[44.31783,37.74989],[44.32292,37.75361],[44.3287,37.74938],[44.33549,37.75062],[44.33951,37.75355],[44.34799,37.75478],[44.3537,37.75895],[44.35633,37.75772],[44.36034,37.75478],[44.36466,37.75355],[44.36867,37.75062],[44.3782,37.74923],[44.38053,37.74105],[44.39799,37.74228],[44.40201,37.74522],[44.42003,37.74654],[44.42164,37.7576],[44.42917,37.75833],[44.43248,37.75918],[44.43418,37.76582],[44.43971,37.76723],[44.44362,37.77027],[44.44583,37.77083],[44.44548,37.77742],[44.44202,37.78091],[44.44167,37.78333],[44.43436,37.78408],[44.43269,37.78964],[44.42564,37.79786],[44.42404,37.8032],[44.41746,37.80518],[44.41587,37.81565],[44.41036,37.81731],[44.4063,37.82019],[44.3924,37.82161],[44.39102,37.84022],[44.39797,37.84231],[44.40291,37.84581],[44.40417,37.85],[44.40196,37.85057],[44.39804,37.8536],[44.38529,37.85473],[44.38138,37.85777],[44.37696,37.8589],[44.36888,37.8661],[44.34779,37.86723],[44.34388,37.87027],[44.33946,37.8714],[44.33554,37.87443],[44.32279,37.87557],[44.31875,37.8787],[44.31471,37.87557],[44.30612,37.87443],[44.30221,37.8714],[44.29509,37.87027],[44.28971,37.87443],[44.28232,37.87557],[44.2646,37.85879],[44.2593,37.8629],[44.25777,37.86888],[44.24942,37.87825],[44.24252,37.88002],[44.24082,37.88665],[44.2375,37.8875],[44.23689,37.88967],[44.23394,37.89366],[44.23273,37.91721],[44.23689,37.92283],[44.23845,37.92841],[44.24918,37.92994],[44.25061,37.93804],[44.24644,37.94366],[44.24523,37.94801],[44.24227,37.95199],[44.24167,37.96667],[44.24202,37.96909],[44.27048,37.99758],[44.27119,38.01079],[44.28091,38.02048],[44.2875,38.02083],[44.28785,38.02326],[44.29131,38.02674],[44.29167,38.02917],[44.29799,38.02978],[44.31168,38.04227],[44.31312,38.05216],[44.32444,38.06457],[44.32145,38.06867],[44.32022,38.074],[44.33268,38.07581],[44.33333,38.09583],[44.33992,38.09619],[44.34548,38.10171],[44.34583,38.10417],[44.35,38.10417],[44.35757,38.10492],[44.35883,38.11725],[44.35424,38.12363],[44.36452,38.1327],[44.37083,38.13333],[44.37172,38.13679],[44.38138,38.13807],[44.39467,38.15041],[44.3964,38.15491],[44.39223,38.16029],[44.3911,38.16768],[44.40777,38.18529],[44.4089,38.19462],[44.40101,38.19664],[44.39943,38.20075],[44.4036,38.20612],[44.40473,38.2176],[44.3963,38.22707],[44.39943,38.23112],[44.4,38.2375],[44.4,38.24167],[44.4,38.25],[44.40221,38.25057],[44.40612,38.2536],[44.41054,38.25473],[44.42279,38.2661],[44.43138,38.26723],[44.43653,38.27123],[44.43839,38.27846],[44.44804,38.27973],[44.45196,38.28277],[44.45638,38.2839],[44.46029,38.28693],[44.46471,38.28807],[44.48112,38.3036],[44.49892,38.30479],[44.50057,38.30908],[44.4964,38.31446],[44.49527,38.31741],[44.49943,38.32279],[44.50057,38.32991],[44.4964,38.33529],[44.49583,38.3375],[44.5,38.3375],[44.50743,38.33816],[44.50833,38.34167],[44.50833,38.34583],[44.50748,38.34915],[44.50085,38.35085],[44.5,38.35417],[44.48091,38.35452],[44.47742,38.35798],[44.46841,38.35869],[44.45869,38.36838],[44.45833,38.37083],[44.45591,38.37119],[44.45035,38.37671],[44.45,38.38333],[44.44167,38.38333],[44.4407,38.37956],[44.43554,38.37557],[44.42279,38.37443],[44.41888,38.3714],[44.41029,38.37027],[44.40638,38.36723],[44.39779,38.3661],[44.39388,38.36307],[44.38946,38.36193],[44.38408,38.35777],[44.38112,38.3589],[44.37721,38.36193],[44.37123,38.36347],[44.36723,38.36862],[44.36545,38.37557],[44.35612,38.37443],[44.35221,38.3714],[44.33008,38.37021],[44.32832,38.36335],[44.325,38.3625],[44.32284,38.36188],[44.31466,38.35478],[44.30496,38.35337],[44.30336,38.3424],[44.28951,38.34105],[44.28133,38.33395],[44.2787,38.33272],[44.27299,38.33688],[44.27036,38.33812],[44.26466,38.33395],[44.2625,38.33333],[44.25196,38.33277],[44.24804,38.32973],[44.24362,38.3286],[44.23971,38.32557],[44.22696,38.32443],[44.22292,38.3213],[44.21888,38.32443],[44.21446,38.32557],[44.20626,38.33287],[44.20221,38.32973],[44.17406,38.3286],[44.16471,38.33693],[44.15899,38.3384],[44.15833,38.34583],[44.125,38.34583],[44.10092,38.34643],[44.1,38.35],[44.09583,38.35],[44.08008,38.35061],[44.07917,38.35417],[44.07696,38.35473],[44.07304,38.35777],[44.06446,38.3589],[44.06054,38.36193],[44.05196,38.36307],[44.0468,38.36706],[44.04498,38.37415],[44.03946,38.37557],[44.03554,38.3786],[44.025,38.37917],[44.02557,38.38138],[44.0287,38.38542],[44.0246,38.3907],[44.01738,38.39255],[44.0161,38.40221],[44.01307,38.40612],[44.01193,38.41741],[44.0161,38.42279],[44.01723,38.42795],[44.00918,38.43002],[44.00777,38.43554],[44.00473,38.43946],[44.00332,38.44498],[43.99779,38.4464],[43.98554,38.45777],[43.97696,38.4589],[43.97304,38.46193],[43.9625,38.4625],[43.96312,38.47299],[43.97137,38.4825],[43.98268,38.48415],[43.98333,38.50417],[43.98333,38.51667],[43.98576,38.51702],[43.98924,38.52048],[43.99826,38.52119],[44.00174,38.52465],[44.00833,38.525],[44.01076,38.52465],[44.01458,38.52085],[44.01841,38.52465],[44.02326,38.52535],[44.04828,38.55035],[44.05242,38.54965],[44.05591,38.54619],[44.075,38.54583],[44.07557,38.56054],[44.0786,38.56446],[44.07973,38.56888],[44.08693,38.57696],[44.08807,38.59804],[44.09527,38.60612],[44.0964,38.61471],[44.09943,38.61862],[44.10085,38.62415],[44.10417,38.625],[44.11054,38.62443],[44.11446,38.6214],[44.12304,38.62027],[44.13112,38.61307],[44.13971,38.61193],[44.14906,38.6036],[44.17721,38.60473],[44.18112,38.60777],[44.20221,38.6089],[44.21029,38.6161],[44.23971,38.61723],[44.24779,38.62443],[44.25638,38.62557],[44.26446,38.63277],[44.26998,38.63418],[44.27168,38.64082],[44.275,38.64167],[44.27443,38.64388],[44.27129,38.64793],[44.28277,38.66029],[44.2839,38.67795],[44.27585,38.68002],[44.275,38.68333],[44.27443,38.68554],[44.2714,38.68946],[44.27017,38.70327],[44.26312,38.70508],[44.2625,38.71667],[44.26471,38.71723],[44.26862,38.72027],[44.27415,38.72168],[44.27557,38.72721],[44.2786,38.73112],[44.27973,38.74388],[44.28693,38.75196],[44.28807,38.77304],[44.2911,38.77696],[44.29223,38.78554],[44.29943,38.79362],[44.30097,38.7996],[44.30612,38.8036],[44.3125,38.80417],[44.31582,38.80502],[44.31667,38.80833],[44.31335,38.80918],[44.31193,38.81471],[44.3089,38.81862],[44.30743,38.82434],[44.3,38.825],[44.3,38.8375],[44.29943,38.83971],[44.29108,38.84908],[44.28418,38.85085],[44.28252,38.85733],[44.27842,38.8589],[44.27304,38.85473],[44.26862,38.8536],[44.26471,38.85057],[44.26029,38.84943],[44.25625,38.8463],[44.25221,38.84943],[44.24779,38.85057],[44.24292,38.85434],[44.2411,38.85908],[44.24537,38.8646],[44.22823,38.88263],[44.21862,38.8839],[44.21323,38.8884],[44.21193,38.89677],[44.22027,38.90612],[44.22083,38.91667],[44.21841,38.91702],[44.21076,38.92465],[44.2,38.925],[44.19943,38.93138],[44.1964,38.93529],[44.19527,38.93825],[44.19943,38.94362],[44.20057,38.94677],[44.19223,38.95612],[44.19096,38.96578],[44.1875,38.96667],[44.18785,38.96909],[44.19131,38.97258],[44.19202,38.99338],[44.18785,38.99758],[44.1875,39.00833],[44.20833,39.00833],[44.21076,39.00869],[44.21631,39.01421],[44.21667,39.02083],[44.21631,39.02326],[44.21079,39.02881],[44.20591,39.02952],[44.20036,39.03504],[44.2,39.0375],[44.20035,39.04826],[44.20381,39.05174],[44.20417,39.05417],[44.20332,39.05748],[44.19623,39.0593],[44.1911,39.06592],[44.19223,39.06888],[44.19527,39.07279],[44.19649,39.0866],[44.2,39.0875],[44.20638,39.08807],[44.21029,39.0911],[44.21995,39.09238],[44.22083,39.09583],[44.22027,39.09804],[44.21723,39.10196],[44.21606,39.13242],[44.20918,39.13418],[44.20833,39.1375],[44.2009,39.13816],[44.19943,39.14388],[44.1839,39.16029],[44.18248,39.16582],[44.17696,39.16723],[44.17304,39.17027],[44.16752,39.17168],[44.16582,39.17832],[44.16029,39.17973],[44.15625,39.18286],[44.15207,39.17963],[44.14376,39.18704],[44.13971,39.1839],[44.13333,39.18333],[44.13112,39.1839],[44.12721,39.18693],[44.12279,39.18807],[44.10638,39.2036],[44.10064,39.20507],[44.09943,39.22158],[44.1037,39.22708],[44.10047,39.23125],[44.1036,39.23529],[44.10417,39.24167],[44.10174,39.24202],[44.09202,39.25171],[44.09167,39.25417],[44.09223,39.27304],[44.09623,39.2782],[44.10443,39.2803],[44.0996,39.28653],[44.09362,39.28807],[44.08971,39.2911],[44.08529,39.29223],[44.07978,39.29683],[44.0786,39.32304],[44.07557,39.32696],[44.07429,39.33661],[44.06862,39.33807],[44.06471,39.3411],[44.06029,39.34223],[44.05638,39.34527],[44.05196,39.3464],[44.04804,39.34943],[44.03855,39.35069],[44.03693,39.35491],[44.0412,39.36043],[44.0339,39.36862],[44.03333,39.37083],[44.03117,39.37145],[44.02593,39.37528],[44.0174,39.37422],[44.01593,39.35914],[44.00617,39.35772],[44.00216,39.35478],[43.98676,39.35355],[43.97716,39.36188],[43.97036,39.36312],[43.96466,39.35895],[43.96034,39.35772],[43.95216,39.35062],[43.9451,39.34938],[43.93549,39.35772],[43.93117,39.35895],[43.92292,39.36611],[43.91883,39.36312],[43.91034,39.36188],[43.90633,39.35895],[43.89583,39.35833],[43.89167,39.35833],[43.88333,39.35833],[43.875,39.35833],[43.8741,39.35483],[43.86667,39.35417],[43.8625,39.35417],[43.83091,39.35452],[43.82742,39.35798],[43.82258,39.35869],[43.80659,39.37465],[43.80417,39.375],[43.80332,39.37832],[43.79779,39.37973],[43.79234,39.38428],[43.7911,39.39658],[43.79536,39.40208],[43.79223,39.40612],[43.7911,39.44388],[43.7839,39.45196],[43.78248,39.45748],[43.77696,39.4589],[43.75893,39.47603],[43.75777,39.50908],[43.76193,39.51446],[43.7625,39.51667],[43.75417,39.51667],[43.7536,39.52304],[43.7464,39.53112],[43.74517,39.54493],[43.73821,39.54672],[43.73679,39.55745],[43.73112,39.5589],[43.72721,39.56193],[43.71029,39.56307],[43.70638,39.5661],[43.7,39.56667],[43.69758,39.56702],[43.69202,39.57254],[43.69131,39.57742],[43.68785,39.58091],[43.68715,39.60171],[43.69131,39.60591],[43.69202,39.61838],[43.67952,39.63091],[43.67881,39.63505],[43.68298,39.63924],[43.68369,39.65588],[43.66702,39.67258],[43.66631,39.67742],[43.66285,39.68091],[43.6625,39.69583],[43.66029,39.6964],[43.65638,39.69943],[43.64362,39.70057],[43.63971,39.7036],[43.61788,39.70473],[43.61575,39.69643],[43.59167,39.69583],[43.58333,39.69583],[43.58091,39.69619],[43.57742,39.69965],[43.57258,39.70035],[43.56492,39.70798],[43.53924,39.70869],[43.53576,39.71215],[43.52674,39.71285],[43.51909,39.72048],[43.51667,39.72083],[43.51582,39.72415],[43.51029,39.72557],[43.50513,39.72956],[43.5036,39.73554],[43.50057,39.73946],[43.49943,39.74388],[43.4964,39.74779],[43.49527,39.75491],[43.49943,39.76029],[43.5,39.77917],[43.47702,39.7798],[43.47292,39.78275],[43.46725,39.77867],[43.45492,39.77993],[43.45354,39.79381],[43.44112,39.80748],[43.43119,39.80896],[43.42715,39.81187],[43.42083,39.8125],[43.41862,39.81307],[43.4131,39.81767],[43.41193,39.84879],[43.42009,39.85088],[43.4214,39.85908],[43.41723,39.86446],[43.4161,39.86888],[43.41307,39.87279],[43.41193,39.88432],[43.42443,39.89779],[43.425,39.9],[43.42465,39.90242],[43.42119,39.90591],[43.42083,39.90833],[43.41446,39.9089],[43.4093,39.9129],[43.40777,39.91888],[43.40473,39.92279],[43.40327,39.92851],[43.39583,39.92917],[43.39498,39.93248],[43.39167,39.93333],[43.3911,39.93554],[43.3871,39.9407],[43.38112,39.94223],[43.36054,39.96193],[43.35612,39.96307],[43.34388,39.97443],[43.33529,39.97557],[43.33138,39.9786],[43.32585,39.98002],[43.3241,39.98683],[43.31175,39.98807],[43.30625,39.9838],[43.30221,39.98693],[43.29092,39.98807],[43.28554,39.9839],[43.27205,39.98277],[43.27083,39.9875],[43.26667,39.9875],[43.23508,39.98785],[43.23159,39.99131],[43.21667,39.99167],[43.21038,39.99101],[43.20629,39.98816],[43.20204,39.98684],[43.19796,39.98399],[43.17475,39.98268],[43.16879,39.98684],[43.1466,39.98824],[43.14518,40.00441],[43.15027,40.0117],[43.1375,40.0125],[43.13665,40.01582],[43.13333,40.01667],[43.13091,40.01631],[43.12742,40.01285],[43.12258,40.01215],[43.11909,40.00869],[43.08579,40.00798],[43.08159,40.01215],[43.07745,40.01285],[43.07326,40.00869],[43.06912,40.00798],[43.06492,40.01215],[43.0625,40.0125],[43.06008,40.01215],[43.05659,40.00869],[43.02258,40.00798],[43.01909,40.00452],[43.01008,40.00381],[43.00659,40.00035],[42.99341,39.99965],[42.98992,39.99619],[42.98508,39.99548],[42.96492,39.97535],[42.96079,39.97465],[42.95659,39.97881],[42.95174,39.97952],[42.94826,39.98298],[42.93579,39.98369],[42.93159,39.97952],[42.92745,39.97881],[42.92326,39.98298],[42.9,39.98333],[42.89758,39.98298],[42.89409,39.97952],[42.8875,39.97917],[42.87696,39.9786],[42.87304,39.97557],[42.86446,39.97443],[42.85509,39.96608],[42.8536,39.96029],[42.85057,39.95638],[42.84909,39.95063],[42.82842,39.94943],[42.82304,39.9536],[42.82009,39.95473],[42.81471,39.95057],[42.80759,39.94943],[42.80221,39.9536],[42.79092,39.95473],[42.78554,39.95057],[42.77842,39.94943],[42.77304,39.9536],[42.76667,39.95417],[42.76424,39.95381],[42.75242,39.94202],[42.74758,39.94131],[42.74409,39.93785],[42.73333,39.9375],[42.72258,39.93785],[42.71909,39.94131],[42.7125,39.94167],[42.68091,39.94202],[42.67742,39.94548],[42.67258,39.94619],[42.66909,39.94965],[42.66667,39.95],[42.66558,39.94619],[42.65216,39.93395],[42.64246,39.93254],[42.64081,39.92116],[42.63549,39.91728],[42.63333,39.91667],[42.58924,39.91702],[42.58576,39.92048],[42.56912,39.92119],[42.56492,39.91702],[42.56008,39.91631],[42.55659,39.91285],[42.55174,39.91215],[42.54826,39.90869],[42.54341,39.90798],[42.53992,39.90452],[42.53579,39.90381],[42.53159,39.90798],[42.52674,39.90869],[42.52326,39.91215],[42.51667,39.9125],[42.5125,39.9125],[42.51215,39.89758],[42.50869,39.89409],[42.50833,39.86667],[42.50417,39.86667],[42.49167,39.86667],[42.47165,39.86732],[42.47022,39.87716],[42.46583,39.88265],[42.44367,39.88395],[42.43966,39.88688],[42.4162,39.88812],[42.41049,39.88395],[42.40617,39.88272],[42.39694,39.8747],[42.39484,39.86736],[42.37701,39.86605],[42.37299,39.86312],[42.3662,39.86188],[42.36049,39.86605],[42.3537,39.86728],[42.34792,39.86306],[42.34383,39.86605],[42.33286,39.86728],[42.32716,39.86312],[42.31867,39.86188],[42.31466,39.85895],[42.30617,39.85772],[42.30216,39.85478],[42.3,39.85417],[42.29923,39.85744],[42.29475,39.85886],[42.28558,39.85053],[42.25323,39.84947],[42.24792,39.85377],[42.24391,39.85053],[42.23656,39.84947],[42.23141,39.85364],[42.22917,39.85417],[42.22585,39.85332],[42.22443,39.84779],[42.21985,39.8423],[42.20196,39.8411],[42.19804,39.83807],[42.19362,39.83693],[42.18971,39.8339],[42.16862,39.83277],[42.16458,39.82964],[42.16054,39.83277],[42.14673,39.83399],[42.14583,39.8375],[42.14167,39.8375],[42.14076,39.83397],[42.12279,39.83277],[42.11471,39.82557],[42.11029,39.82443],[42.10638,39.8214],[42.1,39.82083],[42.09943,39.81029],[42.09527,39.80491],[42.0964,39.79779],[42.09943,39.79388],[42.10085,39.78835],[42.10638,39.78693],[42.11029,39.7839],[42.11471,39.78277],[42.12009,39.7786],[42.12721,39.77973],[42.13125,39.78286],[42.13529,39.77973],[42.14127,39.7782],[42.14527,39.77304],[42.1464,39.76862],[42.15057,39.76325],[42.14926,39.75505],[42.14583,39.75417],[42.14583,39.75],[42.14826,39.74965],[42.15208,39.74585],[42.15625,39.74999],[42.16042,39.74585],[42.16424,39.74965],[42.16909,39.75035],[42.17258,39.75381],[42.20417,39.75417],[42.21992,39.75356],[42.22083,39.75],[42.22329,39.74964],[42.22881,39.74409],[42.22917,39.74167],[42.22952,39.73924],[42.23785,39.73088],[42.23715,39.71424],[42.23298,39.71005],[42.23369,39.70174],[42.23715,39.69826],[42.2375,39.6875],[42.22701,39.68688],[42.21883,39.67978],[42.21451,39.67855],[42.20633,39.67145],[42.2037,39.67022],[42.19799,39.67438],[42.19536,39.67562],[42.18966,39.67145],[42.16451,39.67022],[42.15633,39.66312],[42.15201,39.66188],[42.14383,39.65478],[42.13307,39.65322],[42.13688,39.64799],[42.13812,39.63703],[42.13395,39.63133],[42.13272,39.62701],[42.12978,39.62299],[42.12855,39.6162],[42.13272,39.61049],[42.13333,39.60833],[42.125,39.60833],[42.10508,39.60773],[42.1036,39.60196],[42.10057,39.59804],[42.09943,39.59362],[42.09485,39.58813],[42.07696,39.58693],[42.07304,39.5839],[42.05196,39.58277],[42.04792,39.57964],[42.04388,39.58277],[42.03675,39.5839],[42.03013,39.57877],[42.02832,39.57168],[42.02279,39.57027],[42.01888,39.56723],[42.01667,39.56667],[42.00174,39.56702],[41.99826,39.57048],[41.98508,39.57119],[41.98159,39.57465],[41.96079,39.57535],[41.95659,39.57119],[41.95174,39.57048],[41.94826,39.56702],[41.93924,39.56631],[41.93576,39.56285],[41.93091,39.56215],[41.92742,39.55869],[41.92258,39.55798],[41.91909,39.55452],[41.9125,39.55417],[41.91161,39.55071],[41.90196,39.54943],[41.89804,39.5464],[41.89362,39.54527],[41.88971,39.54223],[41.88529,39.5411],[41.87991,39.53693],[41.86756,39.53817],[41.86667,39.54167],[41.85914,39.54093],[41.85772,39.53117],[41.85062,39.52299],[41.85,39.5125],[41.85,39.50417],[41.83508,39.50452],[41.83159,39.50798],[41.82745,39.50869],[41.82326,39.50452],[41.82083,39.50417],[41.82083,39.50833],[41.81029,39.50777],[41.80625,39.50464],[41.80221,39.50777],[41.79779,39.5089],[41.79388,39.51193],[41.77842,39.51307],[41.77197,39.50807],[41.77083,39.5125],[41.76424,39.51215],[41.75659,39.50452],[41.74758,39.50381],[41.74409,39.50035],[41.73333,39.5],[41.72696,39.49943],[41.72304,39.4964],[41.7073,39.49527],[41.68138,39.52027],[41.67842,39.5214],[41.67304,39.51723],[41.66371,39.5161],[41.6625,39.52083],[41.63091,39.52048],[41.62742,39.51702],[41.61667,39.51667],[41.61321,39.51578],[41.61179,39.50505],[41.60502,39.50332],[41.60332,39.49668],[41.6,39.49583],[41.59668,39.49498],[41.59583,39.49167],[41.58529,39.4911],[41.57592,39.48275],[41.57443,39.47696],[41.57044,39.4718],[41.56446,39.47027],[41.56054,39.46723],[41.55196,39.4661],[41.5468,39.4621],[41.54492,39.45478],[41.51862,39.4536],[41.51471,39.45057],[41.49073,39.44943],[41.48138,39.45777],[41.46667,39.45833],[41.46577,39.45483],[41.45196,39.4536],[41.44804,39.45057],[41.42175,39.44939],[41.42027,39.44362],[41.41723,39.43971],[41.4161,39.43529],[41.41307,39.43138],[41.41193,39.41862],[41.4089,39.41471],[41.40777,39.41029],[41.40473,39.40638],[41.40351,39.39263],[41.39804,39.38807],[41.39583,39.3875],[41.39548,39.38508],[41.39202,39.38159],[41.39131,39.36841],[41.38369,39.36076],[41.38333,39.35833],[41.38333,39.35417],[41.38298,39.35171],[41.37742,39.34619],[41.37258,39.34548],[41.36909,39.34202],[41.36005,39.34131],[41.34619,39.32742],[41.34583,39.325],[41.34583,39.32083],[41.34341,39.32119],[41.33786,39.32671],[41.3375,39.32917],[41.33091,39.32952],[41.32326,39.33715],[41.31667,39.3375],[41.31604,39.33965],[41.30896,39.34785],[41.30739,39.35322],[41.30202,39.3548],[41.29704,39.35838],[41.2952,39.36465],[41.2923,39.36869],[41.29104,39.37298],[41.28813,39.37702],[41.28687,39.38131],[41.28329,39.38629],[41.27595,39.38845],[41.27437,39.39381],[41.26221,39.40719],[41.25485,39.40936],[41.25354,39.43548],[41.25063,39.43952],[41.24905,39.44489],[41.24369,39.44646],[41.23548,39.45354],[41.22989,39.45518],[41.22854,39.46943],[41.23679,39.47185],[41.23813,39.48965],[41.24216,39.49525],[41.2409,39.50763],[41.22917,39.50833],[41.22981,39.51464],[41.23269,39.5187],[41.23398,39.5313],[41.23686,39.53536],[41.23814,39.53964],[41.24102,39.5437],[41.2427,39.54926],[41.25756,39.55077],[41.25833,39.55833],[41.25777,39.56054],[41.25057,39.56862],[41.24943,39.57304],[41.24223,39.58112],[41.2411,39.58554],[41.23807,39.58946],[41.23693,39.59388],[41.2198,39.6119],[41.18946,39.61307],[41.18554,39.6161],[41.18002,39.61752],[41.17917,39.62083],[41.17973,39.62721],[41.18373,39.63237],[41.19093,39.63421],[41.19223,39.64241],[41.18807,39.64779],[41.18693,39.65221],[41.1839,39.65612],[41.18333,39.65833],[41.18369,39.66079],[41.18924,39.66631],[41.19826,39.66702],[41.20174,39.67048],[41.20417,39.67083],[41.20659,39.67119],[41.21008,39.67465],[41.2125,39.675],[41.22721,39.67557],[41.23529,39.68277],[41.24082,39.68418],[41.24259,39.69108],[41.25196,39.69943],[41.26054,39.70057],[41.26446,39.7036],[41.27083,39.70417],[41.2714,39.71471],[41.27443,39.71862],[41.27557,39.72304],[41.2786,39.72696],[41.27973,39.7301],[41.2714,39.73946],[41.26998,39.74498],[41.26446,39.7464],[41.25904,39.75092],[41.25777,39.76054],[41.25325,39.76596],[41.24362,39.76723],[41.23971,39.77027],[41.23333,39.77083],[41.225,39.77083],[41.22566,39.77827],[41.22917,39.77917],[41.23005,39.78262],[41.23971,39.7839],[41.24362,39.78693],[41.25,39.7875],[41.25332,39.78835],[41.25417,39.79167],[41.26888,39.79223],[41.27279,39.79527],[41.27721,39.7964],[41.28112,39.79943],[41.28554,39.80057],[41.28946,39.8036],[41.29544,39.80513],[41.29943,39.81029],[41.30085,39.81582],[41.30417,39.81667],[41.30417,39.82083],[41.30062,39.82174],[41.3,39.83333],[41.30351,39.83423],[41.30417,39.84167],[41.31054,39.84223],[41.31862,39.84943],[41.32304,39.85057],[41.33112,39.85777],[41.33665,39.85918],[41.3375,39.8625],[41.33835,39.86582],[41.34525,39.86759],[41.3536,39.87696],[41.35473,39.88138],[41.35777,39.88529],[41.35904,39.8949],[41.37279,39.90777],[41.375,39.90833],[41.37391,39.91214],[41.36049,39.92438],[41.35355,39.92637],[41.35496,39.93681],[41.36667,39.9375],[41.36667,39.94167],[41.36728,39.94799],[41.37554,39.9575],[41.38681,39.95914],[41.38812,39.98133],[41.39522,39.98951],[41.39645,39.99383],[41.40355,40.00201],[41.40478,40.01714],[41.40062,40.02284],[41.4,40.03333],[41.40221,40.0339],[41.41446,40.04527],[41.42407,40.04654],[41.43277,40.05612],[41.4343,40.0621],[41.43946,40.0661],[41.44388,40.06723],[41.45612,40.0786],[41.46054,40.07973],[41.46553,40.0836],[41.46752,40.07585],[41.47304,40.07443],[41.47842,40.07027],[41.48554,40.0714],[41.48946,40.07443],[41.49525,40.07592],[41.5036,40.08529],[41.50507,40.09102],[41.51862,40.1036],[41.52083,40.10417],[41.5214,40.10638],[41.53693,40.12279],[41.53835,40.12832],[41.54388,40.12973],[41.54779,40.13277],[41.55357,40.13425],[41.55417,40.15833],[41.55833,40.15833],[41.55869,40.16076],[41.56215,40.16424],[41.5625,40.16667],[41.56582,40.16752],[41.56723,40.17304],[41.57027,40.17696],[41.57172,40.18262],[41.58138,40.1839],[41.58529,40.18693],[41.58971,40.18807],[41.59362,40.1911],[41.59583,40.19167],[41.59804,40.19223],[41.60342,40.1964],[41.61054,40.19527],[41.61446,40.19223],[41.62304,40.1911],[41.63112,40.1839],[41.65221,40.18277],[41.66446,40.1714],[41.67827,40.17017],[41.68013,40.1629],[41.68529,40.1589],[41.7125,40.15833],[41.71335,40.16165],[41.71888,40.16307],[41.72425,40.16723],[41.74804,40.1661],[41.75342,40.16193],[41.77401,40.16312],[41.7786,40.16862],[41.78013,40.1746],[41.78636,40.17943],[41.7875,40.175],[41.8,40.175],[41.80035,40.17258],[41.80381,40.16909],[41.80452,40.16005],[41.82258,40.14202],[41.825,40.14167],[41.82557,40.14388],[41.8286,40.14779],[41.8303,40.15443],[41.83542,40.15047],[41.84092,40.15473],[41.86054,40.1536],[41.86592,40.14943],[41.88971,40.15057],[41.89362,40.1536],[41.91471,40.15473],[41.91862,40.15777],[41.92304,40.1589],[41.93112,40.1661],[41.93333,40.16667],[41.93399,40.1741],[41.94108,40.17592],[41.94954,40.18541],[41.94587,40.19014],[41.95612,40.19943],[41.96888,40.20057],[41.97279,40.2036],[41.99076,40.2048],[41.99263,40.2121],[41.99779,40.2161],[42.00221,40.21723],[42.00612,40.22027],[42.02721,40.2214],[42.03529,40.2286],[42.0375,40.22917],[42.03715,40.23576],[42.03369,40.23924],[42.03298,40.24338],[42.03715,40.24758],[42.0375,40.25417],[42.04804,40.25473],[42.05741,40.26308],[42.05918,40.26998],[42.06601,40.27173],[42.06667,40.27917],[42.07326,40.27952],[42.09341,40.29965],[42.09826,40.30035],[42.10174,40.30381],[42.1125,40.30417],[42.11285,40.32326],[42.11631,40.32674],[42.11667,40.32917],[42.125,40.32917],[42.13159,40.32952],[42.14758,40.34548],[42.15,40.34583],[42.15638,40.34527],[42.16029,40.34223],[42.16888,40.3411],[42.17279,40.33807],[42.18825,40.33693],[42.19362,40.3411],[42.21325,40.34223],[42.21862,40.33807],[42.22158,40.33693],[42.22696,40.3411],[42.23248,40.34252],[42.23333,40.34583],[42.23992,40.34548],[42.24341,40.34202],[42.25417,40.34167],[42.25452,40.34412],[42.26008,40.34965],[42.26909,40.35035],[42.27258,40.35381],[42.27742,40.35452],[42.28924,40.36631],[42.31492,40.36702],[42.32258,40.37465],[42.33159,40.37535],[42.33924,40.38298],[42.34826,40.38369],[42.35174,40.38715],[42.35659,40.38785],[42.36424,40.39548],[42.36667,40.39583],[42.37007,40.39478],[42.37168,40.3794],[42.37704,40.37566],[42.39508,40.37424],[42.39663,40.35444],[42.40204,40.35066],[42.41046,40.34934],[42.41875,40.34229],[42.42704,40.34934],[42.43333,40.35],[42.43418,40.35332],[42.4375,40.35417],[42.44388,40.3536],[42.44779,40.35057],[42.45908,40.34943],[42.46446,40.3536],[42.46888,40.35473],[42.47403,40.35873],[42.47557,40.36471],[42.48426,40.3743],[42.49388,40.37557],[42.49903,40.37956],[42.50085,40.38665],[42.50638,40.38807],[42.5119,40.39267],[42.5125,40.40833],[42.5125,40.4125],[42.51008,40.41285],[42.50452,40.41838],[42.50381,40.42326],[42.49202,40.43508],[42.49131,40.43992],[42.48785,40.44341],[42.4875,40.46667],[42.4875,40.4875],[42.48785,40.49826],[42.49131,40.50174],[42.49202,40.50659],[42.49754,40.51214],[42.50242,40.51285],[42.50798,40.51838],[42.50869,40.52326],[42.51421,40.52881],[42.51909,40.52952],[42.52464,40.53504],[42.52535,40.53992],[42.53298,40.54758],[42.53333,40.55417],[42.53298,40.55659],[42.52952,40.56008],[42.52917,40.5625],[42.53257,40.56347],[42.5341,40.57403],[42.53966,40.57562],[42.54367,40.57855],[42.5532,40.57994],[42.55533,40.58739],[42.56034,40.59105],[42.5742,40.5924],[42.58272,40.60201],[42.58395,40.60633],[42.58688,40.61034],[42.5885,40.62145],[42.60633,40.62022],[42.61034,40.61728],[42.61667,40.61667],[42.62083,40.61667],[42.62119,40.61909],[42.62465,40.62258],[42.625,40.625],[42.62447,40.62725],[42.6203,40.63239],[42.62175,40.63673],[42.625,40.6375],[42.62535,40.65242],[42.62881,40.65591],[42.62952,40.66909],[42.63332,40.67292],[42.62746,40.67881],[42.62258,40.67952],[42.61492,40.68715],[42.6125,40.6875],[42.6125,40.70417],[42.61188,40.71576],[42.60502,40.71752],[42.60417,40.72083],[42.6,40.72083],[42.59779,40.7214],[42.59388,40.72443],[42.58946,40.72557],[42.58404,40.73009],[42.58277,40.73971],[42.57973,40.74362],[42.57832,40.74915],[42.57279,40.75057],[42.56732,40.75513],[42.5661,40.76888],[42.561,40.77499],[42.55638,40.7714],[42.54485,40.77027],[42.53138,40.78277],[42.52696,40.7839],[42.52304,40.78693],[42.52083,40.7875],[42.50591,40.78715],[42.50242,40.78369],[42.48508,40.78298],[42.48159,40.77952],[42.475,40.77917],[42.47379,40.77443],[42.43946,40.77557],[42.43408,40.77973],[42.42588,40.77843],[42.42379,40.77027],[42.40196,40.7714],[42.39804,40.77443],[42.39206,40.77597],[42.38807,40.78112],[42.3868,40.79075],[42.38138,40.79527],[42.37696,40.7964],[42.37158,40.80057],[42.36684,40.79875],[42.36307,40.79388],[42.3625,40.79167],[42.36029,40.79223],[42.35638,40.79527],[42.35085,40.79668],[42.34943,40.80221],[42.34491,40.80763],[42.33529,40.8089],[42.33013,40.8129],[42.32917,40.81667],[42.32973,40.82304],[42.33277,40.82696],[42.3339,40.83825],[42.32973,40.84362],[42.32846,40.85328],[42.32168,40.85502],[42.32083,40.85833],[42.32119,40.86492],[42.32465,40.86841],[42.32535,40.87326],[42.32881,40.87674],[42.32952,40.88162],[42.33924,40.89131],[42.34583,40.89167],[42.3464,40.90221],[42.3536,40.91029],[42.35483,40.9241],[42.36054,40.92557],[42.36446,40.9286],[42.36888,40.92973],[42.37279,40.93277],[42.38138,40.9339],[42.38529,40.93693],[42.38971,40.93807],[42.39487,40.94206],[42.39583,40.94583],[42.39498,40.94915],[42.38946,40.95057],[42.38554,40.9536],[42.37279,40.95473],[42.36888,40.95777],[42.36446,40.9589],[42.3593,40.9629],[42.35777,40.96888],[42.35473,40.97279],[42.35336,40.97816],[42.34925,40.97973],[42.34388,40.97557],[42.275,40.975],[42.26424,40.97535],[42.26076,40.97881],[42.25833,40.97917],[42.25869,40.98159],[42.26421,40.98714],[42.26909,40.98785],[42.28091,40.99965],[42.28576,41.00035],[42.29131,41.00588],[42.29202,41.01076],[42.29965,41.01841],[42.30035,41.02326],[42.30381,41.02674],[42.30452,41.04409],[42.30798,41.04758],[42.30833,41.05],[42.30502,41.05085],[42.30332,41.05748],[42.29779,41.0589],[42.28006,41.07568],[42.2786,41.08138],[42.27557,41.08529],[42.275,41.1],[42.27917,41.1],[42.27917,41.09583],[42.28554,41.0964],[42.28946,41.09943],[42.29388,41.10057],[42.29925,41.10473],[42.30221,41.1036],[42.30612,41.10057],[42.31054,41.09943],[42.31592,41.09527],[42.31888,41.0964],[42.32279,41.09943],[42.34492,41.10062],[42.3464,41.10638],[42.34943,41.11029],[42.35085,41.11582],[42.35638,41.11723],[42.36029,41.12027],[42.36608,41.12175],[42.37443,41.13112],[42.37566,41.14487],[42.38112,41.14943],[42.38333,41.15],[42.38398,41.15726],[42.38825,41.1589],[42.39362,41.15473],[42.41325,41.1536],[42.41862,41.15777],[42.42526,41.15947],[42.4214,41.16446],[42.42027,41.16888],[42.41723,41.17279],[42.41667,41.175],[42.41723,41.17721],[42.42027,41.18112],[42.4214,41.18554],[42.42443,41.18946],[42.42585,41.19498],[42.43248,41.19668],[42.43333,41.2],[42.44409,41.19965],[42.45174,41.19202],[42.45659,41.19131],[42.46008,41.18785],[42.4625,41.1875],[42.47391,41.18823],[42.47609,41.19512],[42.5076,41.19656],[42.50833,41.2125],[42.50869,41.21496],[42.51424,41.22048],[42.52083,41.22083],[42.52329,41.22119],[42.54965,41.24758],[42.55036,41.25245],[42.56424,41.26631],[42.57742,41.26702],[42.58091,41.27048],[42.58576,41.27119],[42.58958,41.27499],[42.59341,41.27119],[42.59583,41.27083],[42.6,41.27083],[42.60336,41.27179],[42.60478,41.27964],[42.60062,41.28534],[42.59938,41.28966],[42.59645,41.29367],[42.59522,41.29799],[42.59228,41.30201],[42.59105,41.30633],[42.58739,41.31134],[42.58117,41.31312],[42.56883,41.32438],[42.55905,41.32581],[42.55772,41.34247],[42.57022,41.35617],[42.57083,41.35833],[42.57083,41.36667],[42.56841,41.36702],[42.56458,41.37082],[42.56076,41.36702],[42.55417,41.36667],[42.5536,41.36888],[42.54525,41.37825],[42.53946,41.37973],[42.53554,41.38277],[42.53112,41.3839],[42.52721,41.38693],[42.52168,41.38835],[42.52083,41.39167],[42.525,41.39167],[42.52535,41.39409],[42.52881,41.39758],[42.52952,41.41076],[42.53298,41.41424],[42.53369,41.42255],[42.52535,41.43091],[42.525,41.44167],[42.525,41.44583],[42.52465,41.44826],[42.52119,41.45174],[42.52048,41.45659],[42.51496,41.46214],[42.5125,41.4625],[42.5125,41.46667],[42.51307,41.46888],[42.52027,41.47696],[42.52154,41.48661],[42.52832,41.48835],[42.53007,41.4952],[42.54804,41.4964],[42.55196,41.49943],[42.55638,41.50057],[42.56029,41.5036],[42.56471,41.50473],[42.56862,41.50777],[42.57399,41.50914],[42.57557,41.51325],[42.5714,41.51862],[42.57027,41.52594],[42.5786,41.53529],[42.57973,41.53971],[42.58286,41.54375],[42.57973,41.54779],[42.5786,41.56888],[42.5714,41.57696],[42.57083,41.57917],[42.54362,41.57973],[42.53847,41.58373],[42.53693,41.58971],[42.52557,41.60196],[42.52415,41.60748],[42.52083,41.60833],[42.52048,41.61076],[42.51285,41.61841],[42.5125,41.63333],[42.51285,41.63992],[42.52048,41.64758],[42.52119,41.65659],[42.52499,41.66042],[42.52119,41.66424],[42.52083,41.66667],[42.52083,41.67083],[42.52027,41.67304],[42.51723,41.67696],[42.51596,41.68661],[42.51029,41.68807],[42.50513,41.69206],[42.5036,41.69804],[42.50057,41.70196],[42.49943,41.70638],[42.49544,41.71153],[42.49167,41.7125],[42.48117,41.71312],[42.47716,41.71605],[42.47453,41.71728],[42.46883,41.71312],[42.4385,41.71188],[42.43688,41.72299],[42.43322,41.72801],[42.42577,41.73014],[42.4242,41.74093],[42.41034,41.74228],[42.40633,41.74522],[42.4037,41.74645],[42.39799,41.74228],[42.39536,41.74105],[42.38966,41.74522],[42.38117,41.74645],[42.37716,41.74938],[42.35786,41.75062],[42.35216,41.74645],[42.34953,41.74522],[42.34383,41.74938],[42.32701,41.75062],[42.32299,41.75355],[42.32083,41.75417],[42.32027,41.76471],[42.3161,41.77009],[42.31723,41.77721],[42.32027,41.78112],[42.32154,41.79078],[42.325,41.79167],[42.33243,41.79101],[42.33333,41.7875],[42.33971,41.78693],[42.34362,41.7839],[42.35075,41.78277],[42.35612,41.78693],[42.36993,41.78816],[42.37083,41.79167],[42.37827,41.79233],[42.38009,41.79942],[42.39073,41.8089],[42.39388,41.80777],[42.39925,41.8036],[42.41569,41.80481],[42.42027,41.81029],[42.42205,41.81723],[42.42721,41.8161],[42.43112,41.81307],[42.43554,41.81193],[42.43946,41.8089],[42.46471,41.80777],[42.46862,41.80473],[42.48971,41.8036],[42.49509,41.79943],[42.49804,41.80057],[42.50196,41.8036],[42.53971,41.80473],[42.54375,41.80786],[42.54779,41.80473],[42.55221,41.8036],[42.56156,41.79527],[42.59388,41.7964],[42.60196,41.8036],[42.60417,41.80417],[42.60773,41.80508],[42.60833,41.82083],[42.61577,41.82149],[42.61763,41.82877],[42.62279,41.83277],[42.62721,41.8339],[42.63259,41.83807],[42.63971,41.83693],[42.64362,41.8339],[42.65833,41.83333],[42.6625,41.83333],[42.66909,41.83298],[42.67674,41.82535],[42.68576,41.82465],[42.69341,41.81702],[42.69826,41.81631],[42.70174,41.81285],[42.70417,41.8125],[42.72299,41.81312],[42.7287,41.81728],[42.73133,41.81605],[42.73703,41.81188],[42.76049,41.81312],[42.76867,41.82022],[42.77299,41.82145],[42.77701,41.82438],[42.78717,41.82586],[42.79105,41.83117],[42.79248,41.84098],[42.80417,41.84167],[42.81492,41.84131],[42.81841,41.83785],[42.83576,41.83715],[42.84341,41.82952],[42.87326,41.82881],[42.87745,41.82465],[42.88159,41.82535],[42.88508,41.82881],[42.89409,41.82952],[42.89758,41.83298],[42.90242,41.83369],[42.90591,41.83715],[42.91667,41.8375],[42.91702,41.83088],[42.92674,41.82119],[42.93576,41.82048],[42.93924,41.81702],[42.95417,41.81667],[42.95638,41.81723],[42.96446,41.82443],[42.96998,41.82585],[42.9718,41.83294],[42.97696,41.83693],[42.98138,41.83807],[42.98675,41.84223],[43.00638,41.8411],[43.01042,41.83797],[43.01592,41.84223],[43.01888,41.8411],[43.02425,41.83693],[43.05221,41.83807],[43.05625,41.8412],[43.06175,41.83693],[43.08971,41.83807],[43.09509,41.84223],[43.10221,41.8411],[43.10759,41.83693],[43.11471,41.83807],[43.11862,41.8411],[43.12083,41.84167],[43.12119,41.83924],[43.12465,41.83576],[43.125,41.83333],[43.13992,41.83369],[43.14412,41.83785],[43.14826,41.83715],[43.15208,41.83335],[43.15591,41.83715],[43.16909,41.83785],[43.17258,41.84131],[43.18576,41.84202],[43.18924,41.84548],[43.19409,41.84619],[43.19758,41.84965],[43.20417,41.85],[43.20452,41.85245],[43.21841,41.86631],[43.24583,41.86667],[43.24683,41.87014],[43.26466,41.87145],[43.26867,41.87438],[43.27716,41.87562],[43.28117,41.87855],[43.29503,41.8799],[43.2966,41.8907],[43.3,41.89167],[43.30221,41.8911],[43.30612,41.88807],[43.30908,41.88693],[43.31446,41.8911],[43.32304,41.89223],[43.32696,41.89527],[43.36575,41.89643],[43.36723,41.90221],[43.37027,41.90612],[43.3714,41.91054],[43.37598,41.91603],[43.39388,41.91723],[43.40196,41.92443],[43.41888,41.92557],[43.42279,41.9286],[43.43554,41.92973],[43.43946,41.93277],[43.44498,41.93418],[43.4464,41.93971],[43.44943,41.94362],[43.45,41.94583],[43.44915,41.94915],[43.4411,41.95121],[43.44228,41.97825],[43.44804,41.97973],[43.45196,41.98277],[43.45638,41.9839],[43.46029,41.98693],[43.46471,41.98807],[43.47279,41.99527],[43.47721,41.9964],[43.48112,41.99943],[43.48554,42.00057],[43.48946,42.0036],[43.5,42.00417],[43.49936,42.01464],[43.49648,42.0187],[43.49509,42.03673],[43.4812,42.03814],[43.47713,42.04102],[43.475,42.04167],[43.47585,42.04498],[43.48275,42.04675],[43.4911,42.05612],[43.49223,42.06054],[43.49527,42.06446],[43.4964,42.07304],[43.49943,42.07696],[43.50057,42.08138],[43.5036,42.08529],[43.50508,42.09104],[43.51667,42.09167],[43.51909,42.09202],[43.52674,42.09965],[43.54409,42.10035],[43.54758,42.10381],[43.55,42.10417],[43.55,42.11667],[43.55066,42.1241],[43.55775,42.12592],[43.5662,42.13541],[43.56297,42.13958],[43.5661,42.14362],[43.56763,42.1496],[43.57279,42.1536],[43.57721,42.15473],[43.58112,42.15777],[43.58807,42.15955],[43.58693,42.16888],[43.58277,42.17425],[43.5839,42.18138],[43.58693,42.18529],[43.58835,42.19082],[43.5952,42.19257],[43.59647,42.21152],[43.60196,42.2161],[43.60417,42.21667],[43.60473,42.23138],[43.6089,42.23675],[43.60777,42.25221],[43.6036,42.25759],[43.60473,42.26054],[43.61193,42.26862],[43.61335,42.27415],[43.61888,42.27557],[43.62696,42.28277],[43.63554,42.2839],[43.64362,42.2911],[43.65328,42.29238],[43.65502,42.29915],[43.66054,42.30057],[43.66446,42.3036],[43.66667,42.30417],[43.66702,42.30659],[43.67048,42.31008],[43.67083,42.3125],[43.67438,42.31341],[43.675,42.325],[43.67585,42.32832],[43.67917,42.32917],[43.69388,42.3286],[43.69779,42.32557],[43.70332,42.32415],[43.7053,42.3164],[43.71153,42.32123],[43.7125,42.325],[43.71341,42.32856],[43.72917,42.32917],[43.73007,42.33267],[43.74388,42.3339],[43.74779,42.33693],[43.75638,42.33807],[43.76175,42.34223],[43.76471,42.3411],[43.77009,42.33693],[43.77304,42.33807],[43.77696,42.3411],[43.81054,42.34223],[43.81862,42.34943],[43.82083,42.35],[43.82027,42.36471],[43.81307,42.37279],[43.81193,42.37721],[43.8088,42.38125],[43.8129,42.38653],[43.8211,42.38864],[43.81723,42.39362],[43.8161,42.39804],[43.80799,42.40715],[43.80342,42.4089],[43.79804,42.40473],[43.77415,42.4036],[43.76737,42.40925],[43.7661,42.41888],[43.76307,42.42279],[43.76193,42.42721],[43.7589,42.43112],[43.75777,42.44268],[43.77443,42.46029],[43.775,42.475],[43.77716,42.47438],[43.78126,42.47139],[43.78951,42.47855],[43.81883,42.47978],[43.82708,42.48694],[43.83197,42.48337],[43.83812,42.49105],[43.83688,42.50633],[43.83272,42.51203],[43.83502,42.51694],[43.8412,42.52145],[43.85633,42.52022],[43.86203,42.51605],[43.86466,42.51728],[43.86867,42.52022],[43.88253,42.52157],[43.88419,42.533],[43.88951,42.53688],[43.90216,42.53812],[43.90617,42.54105],[43.91049,42.54228],[43.91867,42.54938],[43.93133,42.55062],[43.93534,42.55355],[43.94167,42.55417],[43.94583,42.55417],[43.94583,42.5625],[43.93091,42.56285],[43.92742,42.56631],[43.92258,42.56702],[43.91492,42.57465],[43.90591,42.57535],[43.90242,42.57881],[43.88091,42.57952],[43.86909,42.59131],[43.86424,42.59202],[43.86076,42.59548],[43.84758,42.59619],[43.84409,42.59965],[43.84167,42.6],[43.83924,42.59965],[43.83576,42.59619],[43.83091,42.59548],[43.82708,42.59168],[43.82326,42.59548],[43.81008,42.59619],[43.80659,42.59965],[43.80245,42.60035],[43.79826,42.59619],[43.79341,42.59548],[43.78542,42.58751],[43.78159,42.59131],[43.76841,42.59202],[43.76492,42.59548],[43.76008,42.59619],[43.75659,42.59965],[43.75417,42.6],[43.75473,42.60638],[43.75786,42.61042],[43.75377,42.6157],[43.74779,42.61723],[43.74388,42.62027],[43.73835,42.62168],[43.7366,42.62851],[43.72173,42.62983],[43.72083,42.63333],[43.72173,42.63684],[43.72917,42.6375],[43.73013,42.64127],[43.73529,42.64527],[43.73971,42.6464],[43.74362,42.64943],[43.75737,42.65066],[43.76193,42.65612],[43.76307,42.66054],[43.7661,42.66446],[43.76763,42.67044],[43.77279,42.67443],[43.77832,42.67585],[43.77973,42.68138],[43.78277,42.68529],[43.7839,42.68971],[43.78693,42.69362],[43.78807,42.69804],[43.79943,42.71029],[43.80057,42.71471],[43.80777,42.72279],[43.80899,42.7366],[43.8125,42.7375],[43.81165,42.74082],[43.80612,42.74223],[43.80221,42.74527],[43.8,42.74583],[43.79911,42.74929],[43.78946,42.75057],[43.78554,42.7536],[43.77983,42.75507],[43.77917,42.7625],[43.77674,42.76285],[43.77326,42.76631],[43.76841,42.76702],[43.76492,42.77048],[43.74412,42.77119],[43.73992,42.76702],[43.72745,42.76631],[43.71492,42.77881],[43.71008,42.77952],[43.70659,42.78298],[43.7,42.78333],[43.69779,42.7839],[43.69263,42.7879],[43.69075,42.79523],[43.65196,42.7964],[43.64804,42.79943],[43.64252,42.80085],[43.64082,42.80748],[43.6375,42.80833],[43.63693,42.81054],[43.63234,42.81605],[43.60924,42.81729],[43.60833,42.82083],[43.60798,42.82742],[43.60452,42.83091],[43.60417,42.8375],[43.59779,42.83807],[43.58842,42.84642],[43.58665,42.85332],[43.58112,42.85473],[43.57721,42.85777],[43.57279,42.8589],[43.56888,42.86193],[43.56446,42.86307],[43.56054,42.8661],[43.55342,42.86723],[43.54792,42.86297],[43.54388,42.8661],[43.50612,42.86723],[43.50221,42.87027],[43.49779,42.8714],[43.49388,42.87443],[43.4875,42.875],[43.48715,42.87742],[43.48369,42.88091],[43.48298,42.88576],[43.4771,42.89167],[43.47326,42.88785],[43.46079,42.88715],[43.45659,42.89131],[43.44758,42.89202],[43.44375,42.89582],[43.43992,42.89202],[43.40662,42.89131],[43.40242,42.89548],[43.4,42.89583],[43.39668,42.89668],[43.39583,42.9],[43.38091,42.89965],[43.37742,42.89619],[43.37258,42.89548],[43.36909,42.89202],[43.33333,42.89167],[43.33272,42.89383],[43.32978,42.89784],[43.32836,42.9076],[43.32083,42.90833],[43.31992,42.91189],[43.30417,42.9125],[43.30174,42.91285],[43.29409,42.92048],[43.27674,42.92119],[43.27326,42.92465],[43.26424,42.92535],[43.26076,42.92881],[43.25833,42.92917],[43.25591,42.92952],[43.24619,42.93921],[43.24583,42.94167],[43.24263,42.9407],[43.24062,42.93401],[43.20384,42.93269],[43.19797,42.93686],[43.18407,42.93827],[43.18261,42.9573],[43.17703,42.95898],[43.17297,42.96186],[43.1687,42.96314],[43.16463,42.96602],[43.14583,42.96667],[43.14527,42.96888],[43.14223,42.97279],[43.14082,42.97832],[43.1375,42.97917],[43.13684,42.9866],[43.13112,42.98807],[43.12566,42.99263],[43.125,43.0],[43.12258,43.00035],[43.11909,43.00381],[43.08091,43.00452],[43.07326,43.01215],[43.06841,43.01285],[43.06492,43.01631],[43.05591,43.01702],[43.05242,43.02048],[43.04758,43.02119],[43.03992,43.02881],[43.0375,43.02917],[43.03715,43.03159],[43.02745,43.04131],[43.025,43.04167],[43.02443,43.04804],[43.0214,43.05196],[43.02027,43.06054],[43.0161,43.06592],[43.01741,43.07412],[43.02304,43.07557],[43.03112,43.08277],[43.03333,43.08333],[43.03665,43.08418],[43.0375,43.0875],[43.03529,43.08807],[43.02721,43.09527],[43.02279,43.0964],[43.01888,43.09943],[43.01446,43.10057],[43.00221,43.11193],[42.99668,43.11335],[42.99502,43.11983],[42.99092,43.1214],[42.98554,43.11723],[42.97842,43.1161],[42.97304,43.12027],[42.96862,43.1214],[42.96471,43.12443],[42.94925,43.12557],[42.94375,43.1213],[42.93971,43.12443],[42.93005,43.12571],[42.9286,43.13138],[42.92557,43.13529],[42.92443,43.13844],[42.93277,43.14779],[42.93333,43.15],[42.93091,43.15035],[42.92742,43.15381],[42.925,43.15417],[42.89758,43.15452],[42.89409,43.15798],[42.88579,43.15869],[42.88125,43.15418],[42.87742,43.15798],[42.875,43.15833],[42.87434,43.16577],[42.86752,43.16752],[42.8661,43.17304],[42.86307,43.17696],[42.8625,43.17917],[42.86029,43.1786],[42.85638,43.17557],[42.82696,43.17443],[42.82304,43.1714],[42.80342,43.17027],[42.79804,43.17443],[42.79252,43.17585],[42.79082,43.18248],[42.78529,43.1839],[42.78138,43.18693],[42.775,43.1875],[42.76446,43.18693],[42.76054,43.1839],[42.75196,43.18277],[42.74804,43.17973],[42.74362,43.1786],[42.73958,43.17547],[42.73554,43.1786],[42.70759,43.17973],[42.70221,43.17557],[42.69509,43.17443],[42.68958,43.1787],[42.68554,43.17557],[42.67977,43.17409],[42.67917,43.15833],[42.67881,43.14338],[42.67326,43.13785],[42.67083,43.1375],[42.66446,43.13807],[42.66054,43.1411],[42.65196,43.14223],[42.64804,43.14527],[42.63839,43.14654],[42.63665,43.15332],[42.63112,43.15473],[42.62721,43.15777],[42.61862,43.1589],[42.61471,43.16193],[42.60612,43.16307],[42.59804,43.17027],[42.59583,43.17083],[42.57674,43.17119],[42.57326,43.17465],[42.55174,43.17535],[42.54826,43.17881],[42.53924,43.17952],[42.53159,43.18715],[42.52674,43.18785],[42.52326,43.19131],[42.51841,43.19202],[42.51492,43.19548],[42.5125,43.19583],[42.51159,43.19939],[42.49583,43.2],[42.47696,43.20057],[42.47304,43.2036],[42.46862,43.20473],[42.46054,43.21193],[42.45502,43.21335],[42.4536,43.21888],[42.4464,43.22696],[42.44583,43.22917],[42.44636,43.23141],[42.45048,43.2365],[42.44911,43.24089],[42.44583,43.24167],[42.44548,43.24409],[42.43996,43.24964],[42.43508,43.25035],[42.43159,43.25381],[42.42674,43.25452],[42.42326,43.25798],[42.41667,43.25833],[42.41631,43.26076],[42.41251,43.26458],[42.41631,43.26841],[42.41702,43.27672],[42.40452,43.28924],[42.40381,43.29755],[42.40798,43.30174],[42.40869,43.30659],[42.41215,43.31008],[42.41285,43.31909],[42.41631,43.32258],[42.41667,43.33333],[42.41601,43.34077],[42.4125,43.34167],[42.41335,43.34498],[42.41888,43.3464],[42.42279,43.34943],[42.425,43.35],[42.43333,43.35],[42.43665,43.35085],[42.4375,43.35417],[42.43333,43.35417],[42.42674,43.35452],[42.41702,43.36421],[42.41631,43.36909],[42.41285,43.37258],[42.41215,43.37742],[42.40452,43.38508],[42.40417,43.39167],[42.40638,43.39223],[42.41548,43.40035],[42.41723,43.40491],[42.41224,43.41136],[42.41888,43.41307],[42.4244,43.41768],[42.425,43.4375],[42.44409,43.43785],[42.44758,43.44131],[42.45833,43.44167],[42.45833,43.44583],[42.45777,43.45638],[42.45473,43.46029],[42.4536,43.46888],[42.45057,43.47279],[42.44943,43.47991],[42.4536,43.48529],[42.45479,43.50742],[42.46054,43.5089],[42.4657,43.5129],[42.46723,43.51888],[42.47454,43.52707],[42.4714,43.53112],[42.47027,43.53554],[42.46307,43.54362],[42.46193,43.56325],[42.4661,43.56862],[42.46723,43.57158],[42.46307,43.57696],[42.4625,43.59167],[42.46215,43.59409],[42.45869,43.59758],[42.45798,43.60242],[42.45452,43.60591],[42.45381,43.62326],[42.45035,43.62674],[42.45,43.6375],[42.41841,43.63785],[42.41492,43.64131],[42.40833,43.64167],[42.40748,43.64498],[42.40417,43.64583],[42.40196,43.6464],[42.39388,43.6536],[42.39092,43.65473],[42.38554,43.65057],[42.37205,43.64943],[42.37027,43.65638],[42.36723,43.66029],[42.36577,43.66601],[42.35196,43.66723],[42.34388,43.67443],[42.33821,43.67589],[42.33679,43.68661],[42.33333,43.6875],[42.33333,43.69167],[42.33265,43.70336],[42.32284,43.70478],[42.31317,43.71336],[42.3125,43.72917],[42.31158,43.73275],[42.27917,43.73333],[42.27258,43.73369],[42.26076,43.74548],[42.24758,43.74619],[42.24409,43.74965],[42.23924,43.75035],[42.22952,43.76004],[42.22917,43.7625],[42.22917,43.775],[42.22832,43.77832],[42.22279,43.77973],[42.21888,43.78277],[42.20612,43.7839],[42.19388,43.79527],[42.18835,43.79668],[42.1875,43.8],[42.17258,43.80035],[42.16909,43.80381],[42.16008,43.80452],[42.15242,43.81215],[42.14758,43.81285],[42.14409,43.81631],[42.13995,43.81702],[42.13576,43.81285],[42.12745,43.81215],[42.12326,43.81631],[42.11841,43.81702],[42.11076,43.82465],[42.06841,43.82535],[42.05659,43.83715],[42.0375,43.8375],[42.03665,43.84082],[42.03112,43.84223],[42.02304,43.84943],[42.02083,43.85],[42.02168,43.85332],[42.025,43.85417],[42.02742,43.85452],[42.03091,43.85798],[42.05242,43.85869],[42.05591,43.86215],[42.07326,43.86285],[42.07674,43.86631],[42.08333,43.86667],[42.08554,43.86723],[42.08946,43.87027],[42.09388,43.8714],[42.10196,43.8786],[42.11054,43.87973],[42.11446,43.88277],[42.11998,43.88418],[42.1218,43.89127],[42.12696,43.89527],[42.13138,43.8964],[42.13529,43.89943],[42.1375,43.9],[42.15316,43.9006],[42.15777,43.90612],[42.1589,43.91054],[42.16203,43.91458],[42.15777,43.92009],[42.1589,43.92721],[42.16193,43.93112],[42.1634,43.93684],[42.17821,43.93816],[42.18277,43.94362],[42.18422,43.94929],[42.19388,43.95057],[42.19779,43.9536],[42.2,43.95417],[42.2,43.96667],[42.20035,43.96909],[42.20381,43.97258],[42.20417,43.975],[42.2125,43.975],[42.21335,43.97832],[42.22009,43.98005],[42.2214,43.98825],[42.21723,43.99362],[42.2161,43.99879],[42.22304,44.00057],[42.22856,44.00517],[42.22917,44.02083],[42.22917,44.025],[42.22173,44.02566],[42.22027,44.03138],[42.21723,44.03529],[42.21667,44.04583],[42.21723,44.04804],[42.22558,44.05741],[42.23248,44.05918],[42.23333,44.0625],[42.23554,44.06307],[42.24491,44.07142],[42.2464,44.07721],[42.2504,44.08237],[42.25748,44.08418],[42.25918,44.09082],[42.26471,44.09223],[42.26862,44.09527],[42.27828,44.09654],[42.28007,44.10353],[42.29804,44.10473],[42.3042,44.10987],[42.29525,44.11991],[42.28946,44.1214],[42.2759,44.13398],[42.27415,44.14082],[42.26862,44.14223],[42.25638,44.1536],[42.25417,44.15417],[42.25473,44.16054],[42.25777,44.16446],[42.2593,44.17044],[42.26446,44.17443],[42.26888,44.17557],[42.27279,44.1786],[42.28971,44.17973],[42.29362,44.18277],[42.29804,44.1839],[42.30196,44.18693],[42.30748,44.18835],[42.30955,44.1964],[42.32721,44.19527],[42.33112,44.19223],[42.34167,44.19167],[42.34231,44.22002],[42.35216,44.22145],[42.36244,44.23057],[42.35895,44.23534],[42.35772,44.24799],[42.35478,44.25201],[42.35417,44.2625],[42.35381,44.28159],[42.35035,44.28508],[42.35,44.2875],[42.34668,44.28835],[42.34498,44.29498],[42.34167,44.29583],[42.34233,44.30327],[42.34583,44.30417],[42.34619,44.30659],[42.34965,44.31008],[42.35,44.31667],[42.35242,44.31702],[42.3625,44.32707],[42.35869,44.33091],[42.35798,44.33921],[42.36421,44.34548],[42.36909,44.34619],[42.37464,44.35171],[42.37535,44.36005],[42.37119,44.36424],[42.37083,44.37083],[42.36841,44.37119],[42.36286,44.37671],[42.36215,44.38088],[42.36631,44.38508],[42.36702,44.38921],[42.36285,44.39341],[42.36215,44.39826],[42.34828,44.41215],[42.34167,44.4125],[42.34131,44.41492],[42.33785,44.41841],[42.33715,44.43088],[42.34165,44.43542],[42.32952,44.44758],[42.32881,44.45588],[42.33332,44.46042],[42.31702,44.47674],[42.31667,44.47917],[42.31446,44.47973],[42.31054,44.48277],[42.30196,44.4839],[42.29804,44.48693],[42.28946,44.48807],[42.28554,44.4911],[42.27696,44.49223],[42.27304,44.49527],[42.26446,44.4964],[42.26054,44.49943],[42.25196,44.50057],[42.24804,44.5036],[42.23946,44.50473],[42.23554,44.50777],[42.22589,44.50904],[42.225,44.5125],[42.22851,44.5134],[42.22917,44.52083],[42.22952,44.52742],[42.24338,44.54131],[42.25242,44.54202],[42.26008,44.54965],[42.26492,44.55035],[42.27465,44.56005],[42.275,44.57083],[42.27742,44.57048],[42.28091,44.56702],[42.28992,44.56631],[42.29341,44.56285],[42.31076,44.56215],[42.31424,44.55869],[42.32742,44.55798],[42.33091,44.55452],[42.34409,44.55381],[42.34758,44.55035],[42.35242,44.54965],[42.35591,44.54619],[42.36492,44.54548],[42.36841,44.54202],[42.37742,44.54131],[42.38091,44.53785],[42.38576,44.53715],[42.38924,44.53369],[42.39409,44.53298],[42.39758,44.52952],[42.40242,44.52881],[42.40591,44.52535],[42.4125,44.525],[42.41667,44.525],[42.41631,44.54409],[42.40835,44.55208],[42.41215,44.55591],[42.41285,44.56909],[42.41665,44.57292],[42.41285,44.57674],[42.41215,44.58505],[42.41665,44.58958],[42.41285,44.59341],[42.4125,44.59583],[42.42083,44.59583],[42.43992,44.59548],[42.44341,44.59202],[42.45659,44.59131],[42.46008,44.58785],[42.48159,44.58715],[42.48508,44.58369],[42.49409,44.58298],[42.49758,44.57952],[42.50659,44.57881],[42.51008,44.57535],[42.52917,44.575],[42.52952,44.57258],[42.54131,44.56076],[42.54202,44.55591],[42.54548,44.55242],[42.54619,44.54758],[42.54965,44.54409],[42.55036,44.53921],[42.56008,44.52952],[42.58159,44.52881],[42.58508,44.52535],[42.61076,44.52465],[42.61424,44.52119],[42.63333,44.52083],[42.63558,44.52136],[42.63942,44.52447],[42.64416,44.52559],[42.65053,44.53218],[42.64911,44.53673],[42.64583,44.5375],[42.64548,44.55659],[42.64202,44.56008],[42.64167,44.5625],[42.64288,44.56723],[42.68138,44.5661],[42.68529,44.56307],[42.6875,44.5625],[42.68841,44.56604],[42.7,44.56667],[42.70101,44.57004],[42.71174,44.57167],[42.71327,44.58673],[42.72888,44.58832],[42.73269,44.5937],[42.7343,44.59904],[42.73964,44.60064],[42.75203,44.61186],[42.75417,44.6125],[42.7533,44.6158],[42.7478,44.61725],[42.7397,44.62442],[42.7353,44.62558],[42.73136,44.62859],[42.72697,44.62975],[42.72303,44.63275],[42.71623,44.63455],[42.71749,44.64093],[42.72826,44.64239],[42.72975,44.64803],[42.73275,44.65197],[42.73333,44.6625],[42.74388,44.66307],[42.74886,44.66693],[42.75,44.6625],[42.75417,44.6625],[42.75473,44.66471],[42.75777,44.66862],[42.75918,44.67415],[42.76582,44.67585],[42.76667,44.67917],[42.76763,44.68294],[42.77279,44.68693],[42.77832,44.68835],[42.78013,44.69544],[42.78529,44.69943],[42.79103,44.70091],[42.7923,44.71993],[42.79583,44.72083],[42.79619,44.72742],[42.80381,44.73508],[42.80417,44.74583],[42.80417,44.75],[42.80659,44.75035],[42.81631,44.76005],[42.81702,44.77326],[42.82048,44.77674],[42.82083,44.77917],[42.8375,44.77917],[42.84127,44.78013],[42.84527,44.78529],[42.84673,44.79101],[42.86054,44.79223],[42.86446,44.79527],[42.86667,44.79583],[42.86744,44.8034],[42.875,44.80417],[42.87593,44.80741],[42.88133,44.80895],[42.88951,44.81605],[42.89383,44.81728],[42.89784,44.82022],[42.90762,44.82164],[42.90895,44.83797],[42.90478,44.84367],[42.90355,44.84799],[42.89554,44.85723],[42.88951,44.85895],[42.88133,44.86605],[42.87917,44.86667],[42.87917,44.8875],[42.89804,44.88807],[42.91029,44.89943],[42.91582,44.90085],[42.91758,44.90771],[42.92917,44.90833],[42.92917,44.9125],[42.9286,44.93138],[42.92025,44.94075],[42.91335,44.94252],[42.91193,44.94804],[42.90319,44.95768],[42.88946,44.9589],[42.88138,44.9661],[42.87696,44.96723],[42.87304,44.97027],[42.85612,44.9714],[42.85221,44.97443],[42.83946,44.97557],[42.83554,44.9786],[42.82917,44.97917],[42.83002,44.98248],[42.83554,44.9839],[42.8407,44.9879],[42.84223,44.99388],[42.84527,44.99779],[42.84583,45.0],[42.84619,45.00242],[42.84965,45.00591],[42.85035,45.02742],[42.85381,45.03091],[42.85452,45.03576],[42.86004,45.04131],[42.86492,45.04202],[42.86841,45.04548],[42.88576,45.04619],[42.89341,45.05381],[42.89826,45.05452],[42.90381,45.06004],[42.90417,45.0625],[42.9047,45.06475],[42.91197,45.07275],[42.91303,45.09808],[42.91614,45.10192],[42.91731,45.11155],[42.92177,45.11303],[42.92692,45.10886],[42.93018,45.1078],[42.93692,45.1136],[42.93803,45.13141],[42.94114,45.13525],[42.94167,45.14167],[42.94223,45.15638],[42.94527,45.16029],[42.9464,45.16888],[42.94943,45.17279],[42.95085,45.17832],[42.95417,45.17917],[42.95417,45.19167],[42.95417,45.19583],[42.95066,45.19673],[42.95,45.20417],[42.95242,45.20452],[42.95591,45.20798],[42.95833,45.20833],[42.96667,45.20833],[42.97083,45.20833],[42.97409,45.2091],[42.97553,45.21344],[42.97136,45.21859],[42.97083,45.22083],[42.97326,45.22119],[42.97674,45.22465],[42.9875,45.225],[42.98827,45.22172],[42.99267,45.22035],[42.99775,45.22447],[43.0,45.225],[43.00417,45.225],[43.03159,45.22535],[43.03542,45.22915],[43.03924,45.22535],[43.07326,45.22465],[43.07674,45.22119],[43.08576,45.22048],[43.08924,45.21702],[43.09167,45.21667],[43.09583,45.21667],[43.10833,45.21667],[43.12304,45.21723],[43.13112,45.22443],[43.13554,45.22557],[43.13958,45.2287],[43.14362,45.22557],[43.16054,45.22443],[43.16592,45.22027],[43.17827,45.22151],[43.18038,45.22973],[43.19388,45.2286],[43.19779,45.22557],[43.20638,45.22443],[43.21029,45.2214],[43.2125,45.22083],[43.21909,45.22048],[43.22258,45.21702],[43.22742,45.21631],[43.23091,45.21285],[43.24583,45.2125],[43.24619,45.21496],[43.25591,45.22465],[43.26492,45.22535],[43.26841,45.22881],[43.275,45.22917],[43.275,45.23333],[43.27585,45.23665],[43.27917,45.2375],[43.27952,45.23992],[43.28298,45.24341],[43.28333,45.24583],[43.28369,45.24826],[43.28715,45.25174],[43.28786,45.25662],[43.29758,45.26631],[43.30417,45.26667],[43.31471,45.26723],[43.32009,45.2714],[43.35638,45.27027],[43.36029,45.26723],[43.36995,45.26596],[43.37168,45.25918],[43.37721,45.25777],[43.38112,45.25473],[43.38333,45.25417],[43.3875,45.25417],[43.3875,45.26667],[43.38807,45.27304],[43.39527,45.28112],[43.3964,45.28971],[43.39943,45.29362],[43.40071,45.30328],[43.40638,45.30473],[43.41029,45.30777],[43.4125,45.30833],[43.41582,45.30918],[43.41667,45.3125],[43.47742,45.31215],[43.48091,45.30869],[43.52326,45.30798],[43.52674,45.30452],[43.52917,45.30417],[43.53159,45.30381],[43.53508,45.30035],[43.5375,45.3],[43.53715,45.30242],[43.52952,45.31008],[43.52881,45.32672],[43.53715,45.33508],[43.53785,45.34826],[43.54548,45.35591],[43.54619,45.36492],[43.54965,45.36841],[43.55035,45.39338],[43.54619,45.39758],[43.54548,45.40242],[43.54202,45.40591],[43.54167,45.4125],[43.55242,45.41215],[43.55591,45.40869],[43.56909,45.40798],[43.57258,45.40452],[43.58576,45.40381],[43.58924,45.40035],[43.59583,45.4],[43.60417,45.4],[43.60478,45.40216],[43.62022,45.41867],[43.6216,45.4282],[43.62716,45.42978],[43.63534,45.43688],[43.64383,45.43812],[43.64784,45.44105],[43.65754,45.44246],[43.6591,45.4532],[43.66466,45.45478],[43.66867,45.45772],[43.67083,45.45833],[43.67048,45.46076],[43.66702,45.46424],[43.66631,45.46909],[43.65869,45.47674],[43.65798,45.48159],[43.65452,45.48508],[43.65417,45.4875],[43.65659,45.48785],[43.66008,45.49131],[43.66667,45.49167],[43.66723,45.49388],[43.67027,45.49779],[43.6714,45.51054],[43.6786,45.51862],[43.67973,45.52721],[43.68277,45.53112],[43.6839,45.55908],[43.67973,45.56446],[43.67846,45.57411],[43.67168,45.57585],[43.67027,45.58138],[43.65769,45.59493],[43.65196,45.5964],[43.64388,45.6036],[43.63946,45.60473],[43.63554,45.60777],[43.62696,45.6089],[43.62304,45.61193],[43.61029,45.61307],[43.60638,45.6161],[43.59362,45.61723],[43.58971,45.62027],[43.58112,45.6214],[43.57721,45.62443],[43.57279,45.62557],[43.56888,45.6286],[43.56446,45.62973],[43.54645,45.64685],[43.54583,45.65833],[43.53924,45.65869],[43.53576,45.66215],[43.52917,45.6625],[43.51862,45.66307],[43.51471,45.6661],[43.51029,45.66723],[43.50638,45.67027],[43.49779,45.6714],[43.49388,45.67443],[43.48946,45.67557],[43.48554,45.6786],[43.48002,45.68002],[43.47917,45.68333],[43.47952,45.68579],[43.48924,45.69548],[43.49409,45.69619],[43.49758,45.69965],[43.50659,45.70035],[43.51008,45.70381],[43.51909,45.70452],[43.52258,45.70798],[43.60833,45.70833],[43.61076,45.70798],[43.61424,45.70452],[43.65242,45.70381],[43.65662,45.69965],[43.68576,45.70035],[43.68924,45.70381],[43.70417,45.70417],[43.75833,45.70417],[43.76667,45.70417],[43.76909,45.70381],[43.77258,45.70035],[43.78576,45.69965],[43.78924,45.69619],[43.80242,45.69548],[43.80625,45.69168],[43.81008,45.69548],[43.82326,45.69619],[43.82745,45.70035],[43.83159,45.69965],[43.83508,45.69619],[43.84409,45.69548],[43.84758,45.69202],[43.8625,45.69167],[43.89491,45.69108],[43.89668,45.68418],[43.90221,45.68277],[43.90612,45.67973],[43.91054,45.6786],[43.91446,45.67557],[43.93212,45.67443],[43.93333,45.67917],[43.95659,45.67881],[43.96008,45.67535],[43.97326,45.67465],[43.97674,45.67119],[43.98992,45.67048],[43.99341,45.66702],[44.00659,45.66631],[44.01008,45.66285],[44.01909,45.66215],[44.02258,45.65869],[44.02742,45.65798],[44.03162,45.65381],[44.03576,45.65452],[44.03924,45.65798],[44.0625,45.65833],[44.06316,45.66571],[44.06862,45.67027],[44.07429,45.67172],[44.07571,45.68245],[44.08248,45.68418],[44.0839,45.68971],[44.08693,45.69362],[44.08839,45.69929],[44.09804,45.70057],[44.10196,45.7036],[44.10638,45.70473],[44.11029,45.70777],[44.1125,45.70833],[44.11471,45.7089],[44.11862,45.71193],[44.12991,45.71307],[44.13529,45.7089],[44.13971,45.70777],[44.14362,45.70473],[44.14804,45.7036],[44.16029,45.69223],[44.16741,45.6911],[44.17279,45.69527],[44.17991,45.6964],[44.18529,45.69223],[44.19804,45.6911],[44.20196,45.68807],[44.2051,45.68693],[44.21446,45.69527],[44.21741,45.6964],[44.22279,45.69223],[44.23138,45.6911],[44.23529,45.68807],[44.24658,45.68693],[44.25196,45.6911],[44.26054,45.69223],[44.26446,45.69527],[44.26998,45.69668],[44.27172,45.70346],[44.28138,45.70473],[44.28946,45.71193],[44.29388,45.71307],[44.31995,45.73821],[44.32083,45.74167],[44.32304,45.74223],[44.33112,45.74943],[44.34078,45.75071],[44.34167,45.75417],[44.34388,45.7536],[44.34779,45.75057],[44.35332,45.74915],[44.35502,45.74252],[44.36054,45.7411],[44.36446,45.73807],[44.36998,45.73665],[44.37083,45.73333],[44.37742,45.73298],[44.38091,45.72952],[44.3875,45.72917],[44.39826,45.72881],[44.40174,45.72535],[44.40659,45.72465],[44.41008,45.72119],[44.41667,45.72083],[44.41909,45.72048],[44.42258,45.71702],[44.43159,45.71631],[44.43508,45.71285],[44.45,45.7125],[44.45057,45.70612],[44.4536,45.70221],[44.45502,45.69668],[44.46054,45.69527],[44.46446,45.69223],[44.46667,45.69167],[44.46888,45.6911],[44.47279,45.68807],[44.4866,45.68684],[44.4875,45.68333],[44.49082,45.68248],[44.49167,45.67917],[44.5,45.67917],[44.50332,45.68002],[44.50473,45.68554],[44.50777,45.68946],[44.50925,45.69523],[44.525,45.69583],[44.53992,45.69548],[44.54341,45.69202],[44.57742,45.69131],[44.58125,45.68751],[44.58508,45.69131],[44.6,45.69167],[44.61076,45.69131],[44.61495,45.68715],[44.66909,45.68785],[44.67292,45.69165],[44.67745,45.68715],[44.70659,45.68785],[44.71079,45.69202],[44.71909,45.69131],[44.72258,45.68785],[44.72742,45.68715],[44.73091,45.68369],[44.73333,45.68333],[44.73369,45.68576],[44.73921,45.69131],[44.75242,45.69202],[44.75798,45.69754],[44.75869,45.70242],[44.76215,45.70591],[44.76285,45.71492],[44.77881,45.73091],[44.77917,45.73333],[44.77881,45.73576],[44.77535,45.73924],[44.77465,45.74409],[44.77119,45.74758],[44.77083,45.75833],[44.76667,45.75833],[44.76576,45.76189],[44.73946,45.76307],[44.73554,45.7661],[44.72279,45.76723],[44.71888,45.77027],[44.71029,45.7714],[44.70221,45.7786],[44.69779,45.77973],[44.68971,45.78693],[44.68529,45.78807],[44.68138,45.7911],[44.67696,45.79223],[44.66888,45.79943],[44.66446,45.80057],[44.66054,45.8036],[44.65833,45.80417],[44.65869,45.82742],[44.66215,45.83091],[44.6625,45.85],[44.64758,45.85035],[44.64202,45.85588],[44.64131,45.86492],[44.63579,45.87048],[44.62674,45.87119],[44.62119,45.87671],[44.62083,45.88333],[44.62027,45.88554],[44.6089,45.89779],[44.60777,45.90221],[44.60473,45.90612],[44.60351,45.91993],[44.59779,45.9214],[44.59388,45.92443],[44.58112,45.92557],[44.57721,45.9286],[44.56446,45.92973],[44.55005,45.94321],[44.5536,45.94779],[44.55473,45.95638],[44.56193,45.96446],[44.5625,45.975],[44.5616,45.97851],[44.54779,45.97973],[44.54388,45.98277],[44.54167,45.98333],[44.53835,45.98418],[44.5375,45.9875],[44.53715,45.99409],[44.53162,45.99965],[44.51841,46.00035],[44.51076,46.00798],[44.50591,46.00869],[44.50242,46.01215],[44.49341,46.01285],[44.48992,46.01631],[44.45,46.01667],[44.44965,46.02326],[44.44585,46.02708],[44.45381,46.03508],[44.45452,46.06492],[44.45798,46.06841],[44.45833,46.07083],[44.45591,46.07119],[44.45036,46.07671],[44.45,46.07917],[44.43529,46.07973],[44.43138,46.08277],[44.41446,46.0839],[44.41054,46.08693],[44.40196,46.08807],[44.39804,46.0911],[44.39362,46.09223],[44.38971,46.09527],[44.38112,46.0964],[44.37721,46.09943],[44.37279,46.10057],[44.36888,46.1036],[44.36335,46.10502],[44.36193,46.11054],[44.35315,46.12023],[44.3375,46.12083],[44.33693,46.12304],[44.32824,46.13263],[44.31862,46.1339],[44.31471,46.13693],[44.31029,46.13807],[44.30638,46.1411],[44.30196,46.14223],[44.29388,46.14943],[44.28946,46.15057],[44.27721,46.16193],[44.27279,46.16307],[44.26888,46.1661],[44.26446,46.16723],[44.2593,46.17123],[44.25748,46.17832],[44.25085,46.18002],[44.24915,46.18665],[44.24227,46.18841],[44.24167,46.20417],[44.20833,46.20417],[44.20502,46.20502],[44.20417,46.20833],[44.15591,46.20869],[44.15242,46.21215],[44.14583,46.2125],[44.14527,46.21888],[44.1339,46.23112],[44.13277,46.23554],[44.1289,46.24053],[44.13554,46.24223],[44.13946,46.24527],[44.14388,46.2464],[44.15196,46.2536],[44.16471,46.25473],[44.17696,46.2661],[44.18253,46.26753],[44.1839,46.27379],[44.17585,46.27585],[44.17443,46.28138],[44.1714,46.28529],[44.17027,46.28971],[44.16723,46.29362],[44.1661,46.30638],[44.1621,46.31153],[44.15833,46.3125],[44.15869,46.31492],[44.16215,46.31841],[44.16285,46.33576],[44.17465,46.34758],[44.175,46.35],[44.17415,46.35332],[44.17083,46.35417],[44.16862,46.35473],[44.16471,46.35777],[44.15612,46.3589],[44.15221,46.36193],[44.14779,46.36307],[44.14388,46.3661],[44.13529,46.36723],[44.13138,46.37027],[44.12696,46.3714],[44.12304,46.37443],[44.11862,46.37557],[44.10487,46.38843],[44.1036,46.39804],[44.09525,46.40741],[44.08946,46.4089],[44.08554,46.41193],[44.07279,46.41307],[44.06888,46.4161],[44.06446,46.41723],[44.06054,46.42027],[44.05612,46.4214],[44.05221,46.42443],[44.04779,46.42557],[44.04388,46.4286],[44.03835,46.43002],[44.0375,46.43333],[44.03091,46.43369],[44.02742,46.43715],[44.02258,46.43785],[44.01492,46.44548],[43.99758,46.44619],[43.99409,46.44965],[43.98924,46.45035],[43.98159,46.45798],[43.97917,46.45833],[43.97674,46.45869],[43.97119,46.46421],[43.97048,46.46838],[43.97465,46.47258],[43.975,46.47917],[43.96008,46.47952],[43.95659,46.48298],[43.93924,46.48369],[43.93576,46.48715],[43.92258,46.48785],[43.91909,46.49131],[43.90174,46.49202],[43.89826,46.49548],[43.8875,46.49583],[43.88807,46.50638],[43.89527,46.51446],[43.8964,46.51741],[43.89223,46.52279],[43.89101,46.5366],[43.88418,46.53835],[43.88277,46.54388],[43.87557,46.55196],[43.87443,46.55638],[43.8714,46.56029],[43.87083,46.57917],[43.87917,46.57917],[43.88007,46.5827],[43.89804,46.5839],[43.90342,46.58807],[43.90638,46.58693],[43.91042,46.5838],[43.91592,46.58807],[43.96471,46.58693],[43.97009,46.58277],[44.01054,46.5839],[44.01446,46.58693],[44.02917,46.5875],[44.04388,46.58693],[44.05196,46.57973],[44.05638,46.5786],[44.06446,46.5714],[44.06888,46.57027],[44.07279,46.56723],[44.08138,46.5661],[44.08529,46.56307],[44.09082,46.56165],[44.09167,46.55833],[44.125,46.55833],[44.12742,46.55869],[44.13508,46.56631],[44.14826,46.56702],[44.15174,46.57048],[44.19583,46.57083],[44.21076,46.57048],[44.21424,46.56702],[44.23159,46.56631],[44.23508,46.56285],[44.24826,46.56215],[44.25174,46.55869],[44.26492,46.55798],[44.26841,46.55452],[44.27083,46.55417],[44.27119,46.55662],[44.27745,46.56285],[44.29826,46.56215],[44.30174,46.55869],[44.31667,46.55833],[44.3161,46.56471],[44.31193,46.57009],[44.31317,46.58244],[44.31998,46.58418],[44.3218,46.59127],[44.32696,46.59527],[44.33665,46.59655],[44.33794,46.60229],[44.33138,46.60777],[44.32558,46.60925],[44.31712,46.61875],[44.32443,46.62696],[44.32562,46.64909],[44.32917,46.65],[44.33002,46.65332],[44.33333,46.65417],[44.33333,46.67083],[44.33369,46.67326],[44.33715,46.67674],[44.33785,46.68921],[44.33369,46.69341],[44.33298,46.69826],[44.32952,46.70174],[44.32917,46.70417],[44.30925,46.70477],[44.30748,46.71165],[44.30085,46.71335],[44.3,46.71667],[44.30035,46.72742],[44.30381,46.73091],[44.30417,46.73333],[44.30452,46.73992],[44.30798,46.74341],[44.30869,46.75242],[44.31215,46.75591],[44.31285,46.76909],[44.31631,46.77258],[44.31667,46.775],[44.31631,46.77742],[44.30035,46.79341],[44.29965,46.81076],[44.29619,46.81424],[44.29583,46.825],[44.29548,46.82742],[44.28785,46.83508],[44.28715,46.83992],[44.28369,46.84341],[44.28298,46.85242],[44.27535,46.86008],[44.27465,46.88159],[44.27119,46.88508],[44.27083,46.89167],[44.27119,46.89409],[44.27465,46.89758],[44.275,46.90417],[44.275,46.90833],[44.27832,46.90918],[44.27917,46.9125],[44.27827,46.91601],[44.2634,46.91733],[44.26193,46.92304],[44.2589,46.92696],[44.25777,46.93138],[44.25325,46.9368],[44.24362,46.93807],[44.23971,46.9411],[44.23005,46.94238],[44.22917,46.94583],[44.25,46.94583],[44.25036,46.94829],[44.25591,46.95381],[44.26492,46.95452],[44.26841,46.95798],[44.27326,46.95869],[44.27674,46.96215],[44.27917,46.9625],[44.27917,46.96667],[44.27917,46.97083],[44.27571,46.97172],[44.27443,46.98138],[44.2714,46.98529],[44.27083,46.99167],[44.27048,46.99409],[44.26668,46.99792],[44.27048,47.00174],[44.27083,47.00833],[44.27119,47.01076],[44.27465,47.01424],[44.27535,47.02326],[44.27881,47.02674],[44.27917,47.0375],[44.27585,47.03835],[44.27443,47.04388],[44.2714,47.04779],[44.27083,47.05],[44.2664,47.05114],[44.27027,47.05612],[44.2714,47.06054],[44.28277,47.07279],[44.2839,47.08408],[44.27973,47.08946],[44.27917,47.09583],[44.26862,47.0964],[44.26471,47.09943],[44.25196,47.10057],[44.24804,47.1036],[44.21446,47.10473],[44.21054,47.10777],[44.20196,47.1089],[44.19804,47.11193],[44.19362,47.11307],[44.18971,47.1161],[44.18529,47.11723],[44.18138,47.12027],[44.17172,47.12154],[44.17083,47.125],[44.17119,47.12742],[44.17465,47.13091],[44.175,47.1375],[44.17535,47.14826],[44.17881,47.15174],[44.17952,47.15659],[44.18298,47.16008],[44.18369,47.16909],[44.18921,47.17464],[44.19826,47.17535],[44.20174,47.17881],[44.23921,47.17952],[44.24341,47.17535],[44.26005,47.17465],[44.26841,47.18298],[44.27326,47.18369],[44.27674,47.18715],[44.29409,47.18785],[44.29758,47.19131],[44.30242,47.19202],[44.30591,47.19548],[44.31076,47.19619],[44.31631,47.20171],[44.31667,47.20417],[44.31667,47.20833],[44.31998,47.20918],[44.32083,47.2125],[44.32415,47.21335],[44.325,47.21667],[44.325,47.23333],[44.32535,47.23992],[44.33088,47.24548],[44.33576,47.24619],[44.33924,47.24965],[44.34409,47.25035],[44.34758,47.25381],[44.35242,47.25452],[44.36214,47.26421],[44.36285,47.26909],[44.36631,47.27258],[44.36702,47.27742],[44.37881,47.28924],[44.37952,47.29826],[44.38298,47.30174],[44.38333,47.30417],[44.37577,47.30494],[44.37436,47.3188],[44.36731,47.32703],[44.36548,47.33312],[44.35214,47.34519],[44.34519,47.34728],[44.34654,47.36979],[44.35,47.37083],[44.35,47.375],[44.35057,47.37721],[44.35777,47.38529],[44.3589,47.38971],[44.36725,47.39908],[44.37304,47.40057],[44.37696,47.4036],[44.38259,47.40505],[44.3839,47.41325],[44.37877,47.41987],[44.37279,47.4214],[44.36471,47.4286],[44.36029,47.42973],[44.35638,47.43277],[44.34779,47.4339],[44.34388,47.43693],[44.33529,47.43807],[44.33138,47.4411],[44.32696,47.44223],[44.31888,47.44943],[44.31446,47.45057],[44.3093,47.45456],[44.30833,47.45833],[44.30833,47.4625],[44.30196,47.46193],[44.29804,47.4589],[44.28871,47.45777],[44.2875,47.4625],[44.26667,47.4625],[44.2661,47.47721],[44.26307,47.48112],[44.26193,47.48408],[44.2661,47.48946],[44.26723,47.49388],[44.27443,47.50196],[44.27557,47.52575],[44.2714,47.53112],[44.27017,47.54493],[44.26667,47.54583],[44.26752,47.54915],[44.27083,47.55],[44.27168,47.55332],[44.275,47.55417],[44.27557,47.55638],[44.28693,47.56862],[44.28807,47.57304],[44.29527,47.58112],[44.2964,47.58554],[44.30057,47.59092],[44.29943,47.60221],[44.29527,47.60759],[44.2964,47.61054],[44.29953,47.61458],[44.29527,47.62009],[44.2964,47.62721],[44.3036,47.63529],[44.30473,47.63971],[44.31193,47.64779],[44.31335,47.65332],[44.32044,47.65513],[44.32443,47.66029],[44.3259,47.66601],[44.33333,47.66667],[44.33399,47.6741],[44.3375,47.675],[44.33785,47.67742],[44.34131,47.68091],[44.34202,47.68576],[44.34965,47.69341],[44.35,47.7],[44.34341,47.70035],[44.33992,47.70381],[44.33162,47.70452],[44.32742,47.70035],[44.25662,47.69965],[44.25242,47.70381],[44.24758,47.70452],[44.24409,47.70798],[44.22674,47.70869],[44.22326,47.71215],[44.20591,47.71285],[44.20242,47.71631],[44.18508,47.71702],[44.18159,47.72048],[44.12083,47.72083],[44.12083,47.725],[44.1214,47.74388],[44.12443,47.74779],[44.12585,47.75332],[44.13248,47.75502],[44.1339,47.76054],[44.13693,47.76446],[44.1375,47.76667],[44.14826,47.76702],[44.15174,47.77048],[44.16492,47.77119],[44.16841,47.77465],[44.17083,47.775],[44.17745,47.77535],[44.18298,47.78091],[44.18369,47.78579],[44.18924,47.79131],[44.19826,47.79202],[44.20174,47.79548],[44.20833,47.79583],[44.20833,47.80417],[44.20895,47.81466],[44.21605,47.82284],[44.21728,47.82716],[44.22855,47.83951],[44.2299,47.85336],[44.23966,47.85478],[44.24889,47.8628],[44.25093,47.86991],[44.25768,47.87184],[44.25833,47.89167],[44.25174,47.89202],[44.24826,47.89548],[44.24341,47.89619],[44.23992,47.89965],[44.21841,47.90035],[44.21492,47.90381],[44.20833,47.90417],[44.20833,47.9125],[44.20612,47.91307],[44.19675,47.92142],[44.19527,47.92721],[44.19223,47.93112],[44.19096,47.94078],[44.1875,47.94167],[44.1875,47.94583],[44.21054,47.9464],[44.21446,47.94943],[44.22304,47.95057],[44.22696,47.9536],[44.25491,47.95473],[44.26029,47.95057],[44.26344,47.94943],[44.27279,47.95777],[44.27721,47.9589],[44.28112,47.96193],[44.28971,47.96307],[44.29362,47.9661],[44.30328,47.96738],[44.30473,47.97304],[44.30786,47.97708],[44.30473,47.98112],[44.3036,47.99241],[44.30777,47.99779],[44.30833,48.00417],[44.30502,48.00502],[44.30417,48.00833],[44.3,48.00833],[44.30085,48.01165],[44.30417,48.0125],[44.30502,48.01582],[44.30833,48.01667],[44.30869,48.01909],[44.31215,48.02258],[44.3125,48.02917],[44.32409,48.02979],[44.32597,48.0371],[44.33112,48.0411],[44.34804,48.04223],[44.35196,48.04527],[44.35417,48.04583],[44.35381,48.04826],[44.35001,48.05208],[44.35381,48.05591],[44.35452,48.06838],[44.35035,48.07258],[44.34965,48.07742],[44.34619,48.08091],[44.34548,48.08992],[44.34202,48.09341],[44.34167,48.1],[44.3375,48.1],[44.33333,48.1],[44.33333,48.10417],[44.33333,48.11667],[44.33002,48.11752],[44.32832,48.12415],[44.32168,48.12585],[44.32027,48.13138],[44.31723,48.13529],[44.3161,48.13971],[44.31297,48.14375],[44.3161,48.14779],[44.31667,48.1625],[44.31733,48.16993],[44.32415,48.17168],[44.32557,48.17721],[44.3286,48.18112],[44.32973,48.18835],[44.32408,48.19513],[44.31446,48.1964],[44.31054,48.19943],[44.29779,48.20057],[44.28971,48.20777],[44.28529,48.2089],[44.28138,48.21193],[44.27696,48.21307],[44.26888,48.22027],[44.26029,48.2214],[44.25638,48.22443],[44.24779,48.22557],[44.24388,48.2286],[44.23946,48.22973],[44.23554,48.23277],[44.21862,48.2339],[44.21471,48.23693],[44.175,48.2375],[44.175,48.24167],[44.17742,48.24202],[44.18508,48.24965],[44.1875,48.25],[44.18842,48.25357],[44.22721,48.25473],[44.23112,48.25777],[44.2375,48.25833],[44.23786,48.26079],[44.24341,48.26631],[44.25417,48.26667],[44.25481,48.2688],[44.26186,48.27703],[44.26346,48.28237],[44.2688,48.28398],[44.27286,48.28686],[44.27714,48.28814],[44.2812,48.29102],[44.28547,48.29231],[44.29786,48.30352],[44.30214,48.30481],[44.30801,48.30898],[44.3188,48.30769],[44.32468,48.30352],[44.33723,48.30502],[44.34102,48.31037],[44.34244,48.32428],[44.35417,48.325],[44.35452,48.32746],[44.36008,48.33298],[44.3625,48.33333],[44.36285,48.34409],[44.37048,48.35174],[44.37119,48.36076],[44.37881,48.36841],[44.37917,48.37083],[44.38971,48.3714],[44.39362,48.37443],[44.40221,48.37557],[44.40612,48.3786],[44.41054,48.37973],[44.41446,48.38277],[44.42721,48.3839],[44.43112,48.38693],[44.43665,48.38835],[44.43807,48.39388],[44.4411,48.39779],[44.44167,48.4],[44.42258,48.40035],[44.41909,48.40381],[44.41424,48.40452],[44.41076,48.40798],[44.39758,48.40869],[44.39202,48.41421],[44.39131,48.42742],[44.38785,48.43091],[44.38715,48.43921],[44.39131,48.44341],[44.39167,48.45],[44.39223,48.45638],[44.39679,48.46184],[44.41054,48.46307],[44.41446,48.4661],[44.41888,48.46723],[44.42403,48.47123],[44.4259,48.47851],[44.43971,48.47973],[44.44362,48.48277],[44.44804,48.4839],[44.46029,48.49527],[44.46888,48.4964],[44.47403,48.5004],[44.475,48.50417],[44.47411,48.50762],[44.46339,48.50904],[44.46193,48.51471],[44.45473,48.52279],[44.45417,48.525],[44.44779,48.52557],[44.42721,48.54527],[44.42279,48.5464],[44.41888,48.54943],[44.41446,48.55057],[44.41054,48.5536],[44.39362,48.55473],[44.38971,48.55777],[44.36446,48.5589],[44.36042,48.56203],[44.35513,48.55794],[44.35328,48.55071],[44.34362,48.54943],[44.33971,48.5464],[44.3375,48.54583],[44.33665,48.54915],[44.33112,48.55057],[44.31471,48.5661],[44.30519,48.56736],[44.3036,48.57177],[44.31193,48.58112],[44.31335,48.58665],[44.31888,48.58807],[44.32696,48.59527],[44.33138,48.5964],[44.33529,48.59943],[44.33971,48.60057],[44.34523,48.60517],[44.34583,48.62083],[44.34648,48.62297],[44.34998,48.6279],[44.3563,48.62981],[44.36036,48.63269],[44.3688,48.63398],[44.37981,48.64439],[44.37286,48.64648],[44.3688,48.64936],[44.36453,48.65064],[44.35769,48.65742],[44.37297,48.65898],[44.37791,48.66248],[44.37917,48.66667],[44.37856,48.68242],[44.375,48.68333],[44.36424,48.68369],[44.36076,48.68715],[44.35662,48.68785],[44.35242,48.68369],[44.34341,48.68298],[44.33958,48.67918],[44.33576,48.68298],[44.30417,48.68333],[44.3036,48.68554],[44.30057,48.68946],[44.29943,48.69388],[44.29544,48.69903],[44.28835,48.70085],[44.28665,48.70748],[44.28112,48.7089],[44.27721,48.71193],[44.26446,48.71307],[44.2593,48.71706],[44.25833,48.72083],[44.25833,48.725],[44.2625,48.725],[44.26888,48.72557],[44.27279,48.7286],[44.29909,48.72978],[44.30057,48.73554],[44.30456,48.7407],[44.31054,48.74223],[44.31862,48.74943],[44.32304,48.75057],[44.32696,48.7536],[44.34493,48.7548],[44.34583,48.75833],[44.37326,48.75869],[44.37881,48.76421],[44.37952,48.77326],[44.38298,48.77674],[44.38333,48.77917],[44.37258,48.77952],[44.36909,48.78298],[44.36008,48.78369],[44.35036,48.79338],[44.35,48.79583],[44.34662,48.79683],[44.3452,48.80631],[44.34191,48.81089],[44.34243,48.81594],[44.36048,48.8173],[44.36452,48.8202],[44.39505,48.82152],[44.39646,48.83373],[44.39139,48.84078],[44.38119,48.8423],[44.37298,48.84937],[44.36761,48.85095],[44.36667,48.85417],[44.37304,48.85473],[44.37696,48.85777],[44.38971,48.8589],[44.39362,48.86193],[44.40221,48.86307],[44.40612,48.8661],[44.42721,48.86723],[44.43112,48.87027],[44.46159,48.87144],[44.46307,48.87721],[44.47443,48.88946],[44.475,48.89167],[44.47284,48.89228],[44.46836,48.89556],[44.46605,48.90047],[44.47095,48.90717],[44.47716,48.90895],[44.48667,48.9172],[44.48829,48.92837],[44.49799,48.92978],[44.50201,48.93272],[44.51568,48.93405],[44.51667,48.9375],[44.51631,48.93992],[44.50245,48.95381],[44.5,48.95417],[44.49965,48.95659],[44.49619,48.96008],[44.49548,48.96492],[44.48996,48.97048],[44.48508,48.97119],[44.48159,48.97465],[44.47258,48.97535],[44.45869,48.98921],[44.45833,48.99167],[44.46076,48.99202],[44.46424,48.99548],[44.46667,48.99583],[44.46909,48.99619],[44.47674,49.00381],[44.48159,49.00452],[44.48924,49.01215],[44.52742,49.01285],[44.53162,49.01702],[44.53992,49.01631],[44.54341,49.01285],[44.54826,49.01215],[44.55174,49.00869],[44.5625,49.00833],[44.56335,49.00502],[44.56667,49.00417],[44.56614,49.02725],[44.56303,49.03109],[44.56197,49.03558],[44.55886,49.03942],[44.5578,49.04279],[44.57136,49.0572],[44.56995,49.06173],[44.56442,49.06303],[44.56058,49.06614],[44.55609,49.0672],[44.54808,49.07447],[44.54359,49.07553],[44.53141,49.08697],[44.52917,49.0875],[44.53013,49.09127],[44.53529,49.09527],[44.54388,49.0964],[44.54779,49.09943],[44.60638,49.10057],[44.61029,49.1036],[44.61471,49.10473],[44.61862,49.10777],[44.62721,49.1089],[44.63112,49.11193],[44.64388,49.11307],[44.64779,49.1161],[44.66152,49.11732],[44.67443,49.13112],[44.67591,49.13688],[44.6875,49.1375],[44.68827,49.14509],[44.7063,49.14648],[44.71036,49.14936],[44.71464,49.15064],[44.72379,49.15848],[44.725,49.1625],[44.72411,49.16596],[44.71339,49.16738],[44.71165,49.17415],[44.70612,49.17557],[44.6884,49.19234],[44.68661,49.19929],[44.67696,49.20057],[44.66888,49.20777],[44.6625,49.20833],[44.66193,49.21471],[44.6588,49.21875],[44.66193,49.22279],[44.66321,49.23245],[44.67021,49.23424],[44.67083,49.24583],[44.67027,49.25638],[44.66723,49.26029],[44.6661,49.26545],[44.67415,49.26752],[44.675,49.27083],[44.67917,49.27083],[44.68159,49.27119],[44.68508,49.27465],[44.69826,49.27535],[44.70381,49.28088],[44.70417,49.2875],[44.70748,49.28835],[44.70833,49.29167],[44.70833,49.29583],[44.70918,49.29915],[44.7125,49.3],[44.72742,49.29965],[44.73162,49.29548],[44.74826,49.29619],[44.75245,49.30035],[44.76076,49.29965],[44.76424,49.29619],[44.76909,49.29548],[44.77258,49.29202],[44.775,49.29167],[44.78659,49.29229],[44.78807,49.29804],[44.7911,49.30196],[44.79259,49.30775],[44.80196,49.3161],[44.80638,49.31723],[44.81175,49.3214],[44.81471,49.32027],[44.81862,49.31723],[44.84388,49.3161],[44.84779,49.31307],[44.85833,49.3125],[44.85925,49.31609],[44.9125,49.31667],[44.91312,49.33549],[44.92086,49.34442],[44.91466,49.34938],[44.88831,49.35068],[44.88688,49.36049],[44.88395,49.36451],[44.88272,49.36883],[44.87978,49.37284],[44.87855,49.37716],[44.87438,49.38286],[44.87562,49.38549],[44.88688,49.39784],[44.88827,49.40736],[44.89383,49.40895],[44.89784,49.41188],[44.91466,49.41312],[44.92036,49.41728],[44.93966,49.41605],[44.94367,49.41312],[44.95417,49.4125],[44.96471,49.41307],[44.97013,49.41759],[44.9714,49.42721],[44.98277,49.43946],[44.98404,49.44911],[44.99193,49.45114],[44.98807,49.45612],[44.9875,49.45833],[44.97279,49.4589],[44.96888,49.46193],[44.95612,49.46307],[44.95221,49.4661],[44.92279,49.46723],[44.91888,49.47027],[44.90922,49.47154],[44.90777,49.47721],[44.89907,49.4868],[44.88839,49.48821],[44.88665,49.49498],[44.88112,49.4964],[44.8757,49.50092],[44.87429,49.51161],[44.86738,49.51339],[44.86596,49.52411],[44.8625,49.525],[44.86307,49.52721],[44.87027,49.53529],[44.87168,49.54082],[44.87853,49.54257],[44.87973,49.56054],[44.88277,49.56446],[44.88333,49.58333],[44.86862,49.5839],[44.86471,49.58693],[44.85196,49.58807],[44.84804,49.5911],[44.84509,49.59223],[44.83971,49.58807],[44.83038,49.58693],[44.82825,49.59523],[44.80833,49.59583],[44.80833,49.60417],[44.8116,49.60494],[44.81303,49.60935],[44.80725,49.61607],[44.79359,49.6172],[44.78975,49.6203],[44.78525,49.62136],[44.77725,49.62864],[44.76667,49.62917],[44.76667,49.6375],[44.7661,49.63971],[44.76297,49.64375],[44.7661,49.64779],[44.76723,49.65638],[44.77027,49.66029],[44.77174,49.66603],[44.79076,49.6673],[44.79258,49.67441],[44.83971,49.67557],[44.84521,49.68016],[44.84583,49.69167],[44.84583,49.69583],[44.85833,49.69583],[44.8597,49.69105],[44.86188,49.69367],[44.8633,49.70343],[44.87083,49.70417],[44.8714,49.70638],[44.8786,49.71446],[44.87973,49.74241],[44.87557,49.74779],[44.87411,49.75346],[44.86446,49.75473],[44.86054,49.75777],[44.85089,49.75904],[44.84915,49.76582],[44.84583,49.76667],[44.8464,49.77721],[44.84943,49.78112],[44.85057,49.79804],[44.85509,49.80346],[44.86471,49.80473],[44.86862,49.80777],[44.87828,49.80904],[44.88005,49.81596],[44.89078,49.81738],[44.89167,49.82083],[44.90221,49.8214],[44.90612,49.82443],[44.91054,49.82557],[44.91592,49.82973],[44.92721,49.8286],[44.93259,49.82443],[44.94494,49.82567],[44.9464,49.83138],[44.95057,49.83675],[44.94943,49.83971],[44.9463,49.84376],[44.95473,49.85323],[44.9536,49.86054],[44.94974,49.86553],[44.95417,49.86667],[44.95417,49.87083],[44.96667,49.87083],[44.96752,49.87415],[44.97083,49.875],[44.97917,49.875],[44.97973,49.90638],[44.98277,49.91029],[44.98418,49.91582],[44.9875,49.91667],[44.99388,49.91723],[44.99925,49.9214],[45.00638,49.92027],[45.01573,49.91193],[45.03971,49.91307],[45.04362,49.9161],[45.06054,49.91723],[45.0699,49.92557],[45.08244,49.92433],[45.0843,49.91706],[45.08958,49.91297],[45.09509,49.91723],[45.10638,49.9161],[45.11029,49.91307],[45.11471,49.91193],[45.12009,49.90777],[45.12304,49.9089],[45.12696,49.91193],[45.1375,49.9125],[45.14167,49.9125],[45.14131,49.91492],[45.13785,49.91841],[45.1375,49.92083],[45.12581,49.92152],[45.12438,49.93133],[45.12087,49.93614],[45.12701,49.94105],[45.13133,49.94228],[45.13534,49.94522],[45.14188,49.94709],[45.12978,49.96034],[45.12824,49.96574],[45.12119,49.96775],[45.10772,49.98253],[45.10942,49.98662],[45.1125,49.9875],[45.11492,49.98785],[45.12328,49.99619],[45.14409,49.99548],[45.14829,49.99131],[45.15662,49.99202],[45.16631,50.00174],[45.16702,50.00662],[45.18091,50.02048],[45.19829,50.02119],[45.20415,50.02708],[45.20001,50.03125],[45.20381,50.03508],[45.20452,50.04412],[45.22258,50.06215],[45.24167,50.0625],[45.24105,50.08133],[45.23812,50.08534],[45.23671,50.09504],[45.22597,50.0966],[45.22438,50.10216],[45.22145,50.10617],[45.22022,50.11049],[45.21728,50.11451],[45.21605,50.1213],[45.22022,50.12701],[45.22145,50.14383],[45.22438,50.14784],[45.225,50.15],[45.23549,50.15062],[45.24367,50.15772],[45.25216,50.15895],[45.25617,50.16188],[45.26049,50.16312],[45.26867,50.17022],[45.27299,50.17145],[45.27701,50.17438],[45.30332,50.17567],[45.30772,50.18117],[45.30914,50.19093],[45.31667,50.19167],[45.32021,50.19258],[45.32083,50.20417],[45.33138,50.20473],[45.33529,50.20777],[45.34082,50.20918],[45.34223,50.21471],[45.3551,50.22846],[45.36471,50.22973],[45.36875,50.23286],[45.37279,50.22973],[45.38825,50.2286],[45.39487,50.23373],[45.39583,50.2375],[45.3964,50.26054],[45.4004,50.2657],[45.40638,50.26723],[45.41446,50.27443],[45.42721,50.27557],[45.43112,50.2786],[45.43665,50.28002],[45.43807,50.28554],[45.4411,50.28946],[45.44223,50.29388],[45.44675,50.2993],[45.45745,50.30071],[45.45833,50.30417],[45.45083,50.30488],[45.4494,50.31304],[45.45356,50.31866],[45.45477,50.32717],[45.45917,50.33262],[45.47418,50.33405],[45.4756,50.34245],[45.46727,50.35199],[45.46667,50.35417],[45.46739,50.36591],[45.48366,50.36731],[45.48953,50.36314],[45.4923,50.36186],[45.50328,50.37126],[45.50481,50.3813],[45.50769,50.38537],[45.50833,50.3875],[45.51492,50.38715],[45.51841,50.38369],[45.52083,50.38333],[45.52174,50.38686],[45.54076,50.38814],[45.54167,50.39167],[45.54131,50.40659],[45.53785,50.41008],[45.5375,50.42917],[45.54167,50.42917],[45.55242,50.42952],[45.56078,50.43785],[45.57742,50.43715],[45.58162,50.43298],[45.58992,50.43369],[45.59341,50.43715],[45.61667,50.4375],[45.61735,50.45338],[45.62956,50.4548],[45.63542,50.45058],[45.64369,50.4577],[45.64623,50.45896],[45.65202,50.4548],[45.67123,50.45354],[45.67702,50.4577],[45.68131,50.45896],[45.68535,50.46187],[45.69072,50.46345],[45.69167,50.46667],[45.69106,50.48242],[45.68529,50.4839],[45.68138,50.48693],[45.67585,50.48835],[45.67415,50.49498],[45.66862,50.4964],[45.65898,50.50514],[45.65777,50.51962],[45.66601,50.52173],[45.66667,50.52917],[45.66446,50.52973],[45.65638,50.53693],[45.65196,50.53807],[45.64804,50.5411],[45.63112,50.54223],[45.62304,50.54943],[45.61029,50.55057],[45.60638,50.5536],[45.59779,50.55473],[45.59388,50.55777],[45.57279,50.5589],[45.56888,50.56193],[45.56446,50.56307],[45.5593,50.56706],[45.55777,50.57304],[45.55057,50.58112],[45.54943,50.58554],[45.54544,50.5907],[45.53946,50.59223],[45.53554,50.59527],[45.53112,50.5964],[45.52721,50.59943],[45.52279,50.60057],[45.51888,50.6036],[45.51335,50.60502],[45.51193,50.61054],[45.5089,50.61446],[45.50833,50.61667],[45.50743,50.62017],[45.5,50.62083],[45.49965,50.62326],[45.49619,50.62674],[45.49548,50.63992],[45.49202,50.64341],[45.49131,50.64755],[45.49548,50.65174],[45.49583,50.65417],[45.51471,50.65473],[45.51862,50.65777],[45.53554,50.6589],[45.54522,50.66767],[45.5464,50.69045],[45.54167,50.69167],[45.54167,50.7],[45.5411,50.70221],[45.53796,50.70626],[45.54943,50.71862],[45.55057,50.72304],[45.5536,50.72696],[45.55473,50.73138],[45.55777,50.73529],[45.5589,50.73849],[45.5464,50.75196],[45.54527,50.75918],[45.55092,50.76596],[45.56054,50.76723],[45.56446,50.77027],[45.57017,50.77173],[45.57083,50.77917],[45.56998,50.78248],[45.56335,50.78418],[45.56193,50.78971],[45.5588,50.79376],[45.56725,50.80325],[45.57304,50.80473],[45.5782,50.80873],[45.57917,50.8125],[45.57917,50.81667],[45.58138,50.81723],[45.58542,50.82036],[45.59092,50.8161],[45.5991,50.8174],[45.60777,50.82696],[45.6089,50.83554],[45.61193,50.83946],[45.61342,50.84524],[45.6375,50.84583],[45.6375,50.85],[45.63715,50.86076],[45.63369,50.86424],[45.63333,50.87083],[45.63002,50.87168],[45.62917,50.875],[45.62917,50.87917],[45.62436,50.88061],[45.62577,50.89506],[45.63333,50.89583],[45.63576,50.89619],[45.64341,50.90381],[45.64583,50.90417],[45.64688,50.90764],[45.67425,50.90904],[45.67557,50.92543],[45.67019,50.93301],[45.67288,50.93814],[45.68547,50.93686],[45.68959,50.93394],[45.70203,50.94519],[45.71228,50.94675],[45.71602,50.95203],[45.71784,50.95807],[45.73953,50.97852],[45.74167,50.97917],[45.74263,50.98294],[45.74779,50.98693],[45.75638,50.98807],[45.76029,50.9911],[45.76627,50.99263],[45.77027,50.99779],[45.77168,51.00332],[45.775,51.00417],[45.79826,51.00452],[45.80381,51.01004],[45.80417,51.0125],[45.80354,51.02409],[45.8,51.025],[45.80035,51.02742],[45.80798,51.03508],[45.80833,51.0375],[45.80612,51.03807],[45.80221,51.0411],[45.79779,51.04223],[45.79388,51.04527],[45.78946,51.0464],[45.78554,51.04943],[45.78112,51.05057],[45.77597,51.05456],[45.77412,51.06176],[45.76592,51.06307],[45.76054,51.0589],[45.73529,51.05777],[45.73138,51.05473],[45.72406,51.0536],[45.71342,51.06308],[45.71193,51.06888],[45.70324,51.07846],[45.69362,51.07973],[45.68971,51.08277],[45.67425,51.0839],[45.66888,51.07973],[45.6625,51.07917],[45.65904,51.08005],[45.65777,51.08971],[45.65473,51.09362],[45.6536,51.11054],[45.65057,51.11446],[45.64943,51.11888],[45.64585,51.1235],[45.65196,51.1286],[45.66054,51.12973],[45.66446,51.13277],[45.67083,51.13333],[45.6714,51.13554],[45.67443,51.13946],[45.67585,51.14498],[45.68275,51.14675],[45.6911,51.15612],[45.69233,51.16993],[45.69583,51.17083],[45.6991,51.1716],[45.70053,51.17602],[45.69489,51.18257],[45.68942,51.18386],[45.68558,51.18697],[45.66667,51.1875],[45.66702,51.19826],[45.67048,51.20174],[45.67119,51.20659],[45.67465,51.21008],[45.675,51.22917],[45.67287,51.22981],[45.6688,51.23269],[45.65491,51.23411],[45.65352,51.25214],[45.65064,51.2562],[45.64936,51.25897],[45.65769,51.2687],[45.65898,51.27297],[45.66248,51.27791],[45.6688,51.27981],[45.67287,51.28269],[45.70728,51.28398],[45.70915,51.27171],[45.71699,51.27019],[45.72399,51.27516],[45.72564,51.28366],[45.72148,51.28953],[45.72019,51.2938],[45.71731,51.29786],[45.71602,51.31522],[45.72297,51.31731],[45.7279,51.32081],[45.72981,51.32714],[45.73793,51.33661],[45.74797,51.33814],[45.75203,51.34102],[45.76047,51.34231],[45.76962,51.35015],[45.77083,51.35417],[45.76008,51.35452],[45.75659,51.35798],[45.74758,51.35869],[45.74409,51.36215],[45.73508,51.36285],[45.73159,51.36631],[45.72674,51.36702],[45.72326,51.37048],[45.72083,51.37083],[45.72048,51.39826],[45.71079,51.40797],[45.70662,51.40869],[45.70242,51.40452],[45.7,51.40417],[45.7,51.41667],[45.70035,51.41909],[45.70588,51.42464],[45.71076,51.42535],[45.71424,51.42881],[45.74826,51.42952],[45.75798,51.43921],[45.75833,51.44167],[45.75777,51.44804],[45.75473,51.45196],[45.7536,51.45502],[45.75928,51.46183],[45.77158,51.46307],[45.77696,51.4589],[45.77991,51.45777],[45.78529,51.46193],[45.79103,51.46341],[45.7923,51.48243],[45.79804,51.4839],[45.80196,51.48693],[45.80638,51.48807],[45.81029,51.4911],[45.86054,51.49223],[45.86446,51.49527],[45.87411,51.49654],[45.87585,51.50332],[45.88138,51.50473],[45.88686,51.50931],[45.88807,51.52575],[45.8838,51.53125],[45.88693,51.53529],[45.8875,51.5375],[45.87258,51.53785],[45.86909,51.54131],[45.85,51.54167],[45.84922,51.5493],[45.82051,51.55064],[45.81464,51.54648],[45.81218,51.54519],[45.8063,51.54936],[45.79786,51.55064],[45.7938,51.55352],[45.78536,51.55481],[45.7813,51.55769],[45.76667,51.55833],[45.76582,51.55502],[45.76029,51.5536],[45.75638,51.55057],[45.73946,51.54943],[45.73554,51.5464],[45.72696,51.54527],[45.72304,51.54223],[45.71446,51.5411],[45.70908,51.53693],[45.70196,51.53807],[45.69804,51.5411],[45.68112,51.54223],[45.67721,51.54527],[45.675,51.54583],[45.66862,51.5464],[45.66054,51.5536],[45.65612,51.55473],[45.65221,51.55777],[45.6384,51.55899],[45.63665,51.56582],[45.63002,51.56752],[45.62832,51.57415],[45.62184,51.57581],[45.62027,51.57991],[45.62443,51.58529],[45.62557,51.59252],[45.61983,51.5994],[45.60417,51.6],[45.59779,51.60057],[45.59388,51.6036],[45.58112,51.60473],[45.57721,51.60777],[45.57157,51.60921],[45.57027,51.6176],[45.57975,51.62825],[45.58554,51.62973],[45.58946,51.63277],[45.59388,51.6339],[45.60325,51.64225],[45.60473,51.64804],[45.61193,51.65612],[45.61307,51.66471],[45.62027,51.67279],[45.62083,51.675],[45.62326,51.67535],[45.62674,51.67881],[45.64409,51.67952],[45.64758,51.68298],[45.65659,51.68369],[45.67258,51.69965],[45.67742,51.70035],[45.68091,51.70381],[45.69409,51.70452],[45.69758,51.70798],[45.70242,51.70869],[45.70591,51.71215],[45.725,51.7125],[45.724,51.71599],[45.70201,51.71728],[45.69652,51.72167],[45.69522,51.74383],[45.69228,51.74784],[45.69105,51.75464],[45.69595,51.76134],[45.70216,51.76312],[45.70747,51.767],[45.70895,51.77716],[45.71188,51.78117],[45.71312,51.78824],[45.70478,51.79784],[45.70319,51.8034],[45.6914,51.80512],[45.69522,51.81034],[45.69583,51.825],[45.66424,51.82465],[45.66076,51.82119],[45.65662,51.82048],[45.65242,51.82465],[45.63924,51.82535],[45.63576,51.82881],[45.63333,51.82917],[45.62674,51.82952],[45.62326,51.83298],[45.62083,51.83333],[45.62149,51.83546],[45.62434,51.83954],[45.62566,51.84191],[45.62092,51.84869],[45.61454,51.85066],[45.61046,51.85351],[45.59241,51.85492],[45.59101,51.87525],[45.59518,51.88121],[45.59649,51.88663],[45.57704,51.88816],[45.57296,51.89101],[45.56454,51.89232],[45.56046,51.89518],[45.55621,51.89649],[45.55212,51.89934],[45.54788,51.90066],[45.54379,51.90351],[45.53437,51.90498],[45.53333,51.90833],[45.53546,51.90899],[45.53954,51.91184],[45.54379,51.91316],[45.55204,51.92018],[45.55629,51.92149],[45.56668,51.93055],[45.55403,51.94459],[45.54788,51.94649],[45.54298,51.94991],[45.54061,51.9576],[45.52157,51.95909],[45.5201,51.98254],[45.50621,51.98399],[45.50005,51.98876],[45.50351,51.99371],[45.50482,51.99851],[45.5,52.0],[45.50035,52.00242],[45.50381,52.00591],[45.50417,52.00833],[45.50417,52.02083],[45.50174,52.02048],[45.49826,52.01702],[45.48162,52.01631],[45.47742,52.02048],[45.47258,52.02119],[45.46702,52.02671],[45.46631,52.03159],[45.46251,52.03542],[45.46838,52.04131],[45.47083,52.04167],[45.4714,52.04388],[45.47596,52.04934],[45.48971,52.05057],[45.49908,52.05892],[45.50089,52.06596],[45.51054,52.06723],[45.51446,52.07027],[45.51888,52.0714],[45.52825,52.07975],[45.52917,52.08333],[45.53554,52.0839],[45.54362,52.0911],[45.55638,52.09223],[45.56175,52.0964],[45.56888,52.09527],[45.57292,52.09214],[45.57696,52.09527],[45.58138,52.0964],[45.58529,52.09943],[45.58971,52.10057],[45.59362,52.1036],[45.59804,52.10473],[45.60196,52.10777],[45.61161,52.10904],[45.61347,52.11627],[45.62009,52.1214],[45.64388,52.12027],[45.64779,52.11723],[45.66471,52.1161],[45.66862,52.11307],[45.675,52.1125],[45.67536,52.11496],[45.68162,52.12119],[45.70242,52.12048],[45.70591,52.11702],[45.71909,52.11631],[45.72329,52.11215],[45.73992,52.11285],[45.74758,52.12048],[45.75833,52.12083],[45.75869,52.12326],[45.76421,52.12881],[45.76909,52.12952],[45.77464,52.13505],[45.775,52.14167],[45.775,52.1625],[45.7813,52.16314],[45.78537,52.16602],[45.78963,52.16731],[45.7937,52.17019],[45.80756,52.1716],[45.80908,52.18647],[45.81463,52.18814],[45.8187,52.19102],[45.82713,52.19231],[45.83687,52.20064],[45.84797,52.19936],[45.85203,52.19648],[45.85737,52.19487],[45.85938,52.1882],[45.8813,52.18686],[45.88537,52.18398],[45.8907,52.18237],[45.89271,52.1757],[45.90417,52.175],[45.91471,52.17443],[45.91862,52.1714],[45.93236,52.17018],[45.9411,52.16054],[45.94263,52.15456],[45.94779,52.15057],[45.95358,52.14908],[45.96193,52.13971],[45.96335,52.13418],[45.97044,52.13237],[45.97443,52.12721],[45.97557,52.12279],[45.98277,52.11471],[45.98333,52.1125],[45.98992,52.11285],[45.99341,52.11631],[46.01492,52.11702],[46.01912,52.12119],[46.04409,52.12048],[46.05174,52.11285],[46.05662,52.11214],[46.06215,52.10659],[46.0625,52.10417],[46.06492,52.10452],[46.07328,52.11285],[46.10242,52.11215],[46.10662,52.10798],[46.11909,52.10869],[46.12258,52.11215],[46.14409,52.11285],[46.15245,52.12119],[46.15659,52.12048],[46.16008,52.11702],[46.16667,52.11667],[46.16723,52.11888],[46.1714,52.12425],[46.16965,52.12882],[46.16054,52.13693],[46.15483,52.1384],[46.1536,52.15221],[46.15057,52.15612],[46.14908,52.16192],[46.13971,52.17027],[46.13373,52.1718],[46.1289,52.17803],[46.13333,52.17917],[46.15638,52.1786],[46.16136,52.17474],[46.16339,52.18262],[46.17304,52.1839],[46.1866,52.19648],[46.1875,52.2],[46.19167,52.2],[46.20659,52.19965],[46.21008,52.19619],[46.21667,52.19583],[46.21909,52.19619],[46.22258,52.19965],[46.225,52.2],[46.22917,52.2],[46.23333,52.2],[46.23418,52.20332],[46.23971,52.20473],[46.24779,52.21193],[46.25833,52.2125],[46.25895,52.22716],[46.26605,52.23534],[46.26728,52.23966],[46.27022,52.24367],[46.2718,52.24923],[46.28263,52.25081],[46.28403,52.26984],[46.2875,52.27083],[46.28687,52.27298],[46.28257,52.27841],[46.26869,52.2798],[46.26465,52.2827],[46.25078,52.28409],[46.24937,52.29623],[46.25358,52.30208],[46.25063,52.30619],[46.25,52.3125],[46.24758,52.31285],[46.24409,52.31631],[46.22258,52.31702],[46.21909,52.32048],[46.20245,52.32119],[46.19826,52.31702],[46.18995,52.31631],[46.18159,52.32465],[46.17674,52.32535],[46.17326,52.32881],[46.17083,52.32917],[46.16995,52.32571],[46.16029,52.32443],[46.15638,52.3214],[46.14672,52.32012],[46.14495,52.31321],[46.13529,52.31193],[46.13138,52.3089],[46.12279,52.30777],[46.11471,52.30057],[46.11029,52.29943],[46.10491,52.29527],[46.10196,52.2964],[46.09658,52.30057],[46.06758,52.29939],[46.06575,52.29227],[46.03112,52.2911],[46.02721,52.28807],[46.01029,52.28693],[46.00221,52.27973],[45.98529,52.2786],[45.98138,52.27557],[45.97279,52.27443],[45.96888,52.2714],[45.95417,52.27083],[45.9536,52.27304],[45.9496,52.2782],[45.94362,52.27973],[45.93971,52.28277],[45.93529,52.2839],[45.93138,52.28693],[45.92279,52.28807],[45.91888,52.2911],[45.91446,52.29223],[45.91054,52.29527],[45.90612,52.2964],[45.90221,52.29943],[45.89362,52.30057],[45.88971,52.3036],[45.88529,52.30473],[45.87304,52.3161],[45.86862,52.31723],[45.86471,52.32027],[45.85918,52.32168],[45.85777,52.32721],[45.85377,52.33237],[45.85,52.33333],[45.83112,52.3339],[45.82721,52.33693],[45.82009,52.33807],[45.81458,52.3338],[45.81054,52.33693],[45.80196,52.33807],[45.79804,52.3411],[45.78656,52.34223],[45.77721,52.3339],[45.77168,52.33248],[45.76993,52.32564],[45.75196,52.32443],[45.74804,52.3214],[45.74362,52.32027],[45.73971,52.31723],[45.73675,52.3161],[45.73138,52.32027],[45.71667,52.32083],[45.7161,52.33138],[45.7089,52.33946],[45.70777,52.35221],[45.69519,52.36576],[45.68816,52.36757],[45.6875,52.375],[45.68091,52.37535],[45.67326,52.38298],[45.65662,52.38369],[45.65208,52.37918],[45.64409,52.38715],[45.64167,52.3875],[45.64082,52.39082],[45.63529,52.39223],[45.63138,52.39527],[45.61341,52.39647],[45.61193,52.40221],[45.59907,52.41596],[45.58946,52.41723],[45.58554,52.42027],[45.58112,52.4214],[45.57175,52.42975],[45.57027,52.43554],[45.56723,52.43946],[45.5661,52.44658],[45.57036,52.45208],[45.56723,52.45612],[45.5661,52.46054],[45.5621,52.4657],[45.55833,52.46667],[45.55483,52.46757],[45.55417,52.475],[45.54167,52.475],[45.54082,52.47168],[45.53529,52.47027],[45.52991,52.4661],[45.50196,52.46723],[45.49658,52.4714],[45.47696,52.47027],[45.47304,52.46723],[45.46733,52.46577],[45.46601,52.45096],[45.46054,52.4464],[45.45196,52.44527],[45.4426,52.43693],[45.43529,52.43807],[45.42991,52.44223],[45.41446,52.4411],[45.41054,52.43807],[45.38529,52.43693],[45.38125,52.4338],[45.37575,52.43807],[45.36755,52.43676],[45.36667,52.43333],[45.3661,52.42279],[45.36307,52.41888],[45.36165,52.41335],[45.35612,52.41193],[45.35221,52.4089],[45.3375,52.40833],[45.3228,52.40891],[45.3147,52.41609],[45.3103,52.41725],[45.3022,52.42442],[45.29258,52.42572],[45.29074,52.43267],[45.27432,52.43391],[45.26886,52.42975],[45.24699,52.42859],[45.24525,52.43625],[45.2522,52.43808],[45.25732,52.44199],[45.25891,52.44803],[45.26192,52.45197],[45.2625,52.45417],[45.26173,52.46173],[45.24787,52.46314],[45.2438,52.46602],[45.2312,52.46731],[45.22708,52.47023],[45.22297,52.46731],[45.20417,52.46667],[45.20452,52.46909],[45.20798,52.47258],[45.20833,52.48333],[45.20417,52.48333],[45.20303,52.48776],[45.19804,52.4839],[45.18675,52.48277],[45.18138,52.48693],[45.16446,52.48807],[45.16054,52.4911],[45.15759,52.49223],[45.15221,52.48807],[45.10121,52.48693],[45.09943,52.49388],[45.09014,52.50413],[45.08554,52.50057],[45.08259,52.49943],[45.07721,52.5036],[45.07279,52.50473],[45.06471,52.51193],[45.05833,52.5125],[45.05869,52.51496],[45.06424,52.52048],[45.07083,52.52083],[45.0714,52.52304],[45.07557,52.52842],[45.07443,52.53554],[45.07088,52.54012],[45.08529,52.5536],[45.08971,52.55473],[45.09362,52.55777],[45.0996,52.5593],[45.10473,52.56592],[45.1036,52.57721],[45.09527,52.58656],[45.09703,52.59144],[45.10196,52.59527],[45.10762,52.59672],[45.1089,52.60638],[45.11193,52.61029],[45.11307,52.61888],[45.1161,52.62279],[45.11756,52.62847],[45.13946,52.64943],[45.14498,52.65085],[45.14668,52.65748],[45.15,52.65833],[45.14943,52.66054],[45.1464,52.66446],[45.14527,52.66888],[45.13269,52.68243],[45.12696,52.6839],[45.12304,52.68693],[45.11752,52.68835],[45.1161,52.69388],[45.1089,52.70196],[45.10748,52.70748],[45.10196,52.7089],[45.09804,52.71193],[45.09583,52.7125],[45.09583,52.71667],[45.09362,52.71723],[45.07582,52.73416],[45.07443,52.74045],[45.08138,52.74223],[45.0951,52.75507],[45.0964,52.76325],[45.09223,52.76862],[45.0911,52.77304],[45.0839,52.78112],[45.08245,52.78679],[45.07279,52.78807],[45.06888,52.7911],[45.06446,52.79223],[45.06054,52.79527],[45.05196,52.7964],[45.04804,52.79943],[45.03529,52.80057],[45.03138,52.8036],[45.02696,52.80473],[45.02304,52.80777],[45.00196,52.8089],[44.99804,52.81193],[44.99583,52.8125],[44.99518,52.81879],[44.98399,52.83121],[44.98235,52.83652],[44.97704,52.83816],[44.97296,52.84101],[44.9549,52.84242],[44.95343,52.86587],[44.94583,52.86667],[44.93924,52.86631],[44.93576,52.86285],[44.93162,52.86215],[44.92742,52.86631],[44.92329,52.86702],[44.91909,52.86285],[44.89758,52.86215],[44.89409,52.85869],[44.8875,52.85833],[44.88418,52.85918],[44.88277,52.86471],[44.87973,52.86862],[44.8786,52.87304],[44.87025,52.88241],[44.86446,52.8839],[44.8593,52.8879],[44.85777,52.89388],[44.85473,52.89779],[44.85417,52.92917],[44.84758,52.92952],[44.84409,52.93298],[44.83995,52.93369],[44.83576,52.92952],[44.83091,52.92881],[44.82326,52.92119],[44.81424,52.92048],[44.81076,52.91702],[44.80591,52.91631],[44.79826,52.90869],[44.79167,52.90833],[44.79101,52.924],[44.78534,52.92562],[44.77716,52.93272],[44.77284,52.93395],[44.76883,52.93688],[44.75617,52.93812],[44.75216,52.94105],[44.73117,52.94228],[44.72708,52.94527],[44.72299,52.94228],[44.701,52.94105],[44.69938,52.95216],[44.69645,52.95617],[44.69484,52.96182],[44.67453,52.96312],[44.66875,52.95889],[44.66466,52.96188],[44.64953,52.96312],[44.64375,52.95889],[44.63966,52.96188],[44.63534,52.96312],[44.63133,52.96605],[44.62701,52.96728],[44.62299,52.97022],[44.60932,52.97155],[44.60772,52.97716],[44.60478,52.98117],[44.60417,52.99167],[44.60381,53.00242],[44.60035,53.00591],[44.6,53.00833],[44.58946,53.0089],[44.58138,53.0161],[44.57279,53.01723],[44.56888,53.02027],[44.56321,53.02172],[44.56193,53.03138],[44.55794,53.03653],[44.55196,53.03807],[44.54804,53.0411],[44.52279,53.04223],[44.51888,53.04527],[44.51029,53.0464],[44.50638,53.04943],[44.49583,53.05],[44.49527,53.05221],[44.49075,53.05763],[44.48112,53.0589],[44.47721,53.06193],[44.47184,53.06331],[44.47027,53.06741],[44.47443,53.07279],[44.47557,53.08013],[44.46569,53.09101],[44.45196,53.09223],[44.4468,53.09623],[44.44493,53.10351],[44.43112,53.10473],[44.41471,53.12027],[44.4125,53.12083],[44.41159,53.11729],[44.38841,53.11604],[44.3875,53.1125],[44.38508,53.11215],[44.38159,53.10869],[44.36667,53.10833],[44.36576,53.10481],[44.35221,53.09223],[44.34668,53.09082],[44.34527,53.08529],[44.33807,53.07721],[44.33687,53.05933],[44.32721,53.05057],[44.31347,53.04935],[44.30473,53.03971],[44.30417,53.02917],[44.30196,53.02973],[44.29804,53.03277],[44.29509,53.0339],[44.28971,53.02973],[44.28455,53.0286],[44.28277,53.03554],[44.27973,53.03946],[44.27846,53.04911],[44.27279,53.05057],[44.26888,53.0536],[44.26592,53.05473],[44.26054,53.05057],[44.25612,53.04943],[44.25221,53.0464],[44.24779,53.04527],[44.24388,53.04223],[44.22842,53.0411],[44.22304,53.04527],[44.20833,53.04583],[44.20502,53.04498],[44.20417,53.04167],[44.19974,53.04053],[44.20371,53.03541],[44.19485,53.02564],[44.17842,53.02443],[44.17304,53.0286],[44.16592,53.02973],[44.16054,53.02557],[44.15612,53.02443],[44.15221,53.0214],[44.14362,53.02027],[44.13971,53.01723],[44.125,53.01667],[44.12465,53.01424],[44.12119,53.01076],[44.12048,53.00588],[44.11492,53.00035],[44.11008,52.99965],[44.10659,52.99619],[44.0875,52.99583],[44.06424,52.99619],[44.06076,52.99965],[44.05591,53.00035],[44.05242,53.00381],[44.04341,53.00452],[44.03992,53.00798],[44.03508,53.00869],[44.03159,53.01215],[44.01424,53.01285],[44.01076,53.01631],[43.99412,53.01702],[43.98992,53.01285],[43.98508,53.01215],[43.98159,53.00869],[43.97745,53.00798],[43.97326,53.01215],[43.95591,53.01285],[43.95242,53.01631],[43.94828,53.01702],[43.93992,53.00869],[43.93508,53.00798],[43.93159,53.00452],[43.92674,53.00381],[43.91875,52.99585],[43.90659,53.00798],[43.90174,53.00869],[43.89409,53.01631],[43.88579,53.01702],[43.88159,53.01285],[43.87674,53.01215],[43.87326,53.00869],[43.86912,53.00798],[43.86492,53.01215],[43.86079,53.01285],[43.85659,53.00869],[43.85174,53.00798],[43.84826,53.00452],[43.84583,53.00417],[43.84484,53.00755],[43.83535,53.00896],[43.83131,53.01187],[43.82702,53.01313],[43.81876,53.02025],[43.81308,53.01617],[43.80068,53.01743],[43.8,53.03333],[43.79362,53.0339],[43.78971,53.03693],[43.77842,53.03807],[43.77304,53.0339],[43.76592,53.03277],[43.76054,53.03693],[43.75502,53.03835],[43.75303,53.0461],[43.74804,53.04223],[43.73529,53.0411],[43.73138,53.03807],[43.72917,53.0375],[43.70393,53.03825],[43.70765,53.04374],[43.70833,53.05833],[43.69341,53.05798],[43.68992,53.05452],[43.68579,53.05381],[43.68159,53.05798],[43.67745,53.05869],[43.67292,53.05418],[43.66875,53.05832],[43.66492,53.05452],[43.64829,53.05381],[43.64409,53.05798],[43.62674,53.05869],[43.62326,53.06215],[43.60591,53.06285],[43.60242,53.06631],[43.6,53.06667],[43.59879,53.06193],[43.56029,53.06307],[43.55638,53.0661],[43.526,53.06727],[43.5214,53.07279],[43.51993,53.07851],[43.50612,53.07973],[43.50075,53.0839],[43.49779,53.08277],[43.49241,53.0786],[43.48112,53.07973],[43.47304,53.08693],[43.45833,53.0875],[43.45869,53.09409],[43.46215,53.09758],[43.46285,53.10242],[43.47082,53.11042],[43.46079,53.12048],[43.45174,53.12119],[43.44619,53.12671],[43.44583,53.12917],[43.44655,53.14089],[43.46147,53.14241],[43.46314,53.14797],[43.46602,53.15203],[43.46772,53.15768],[43.51667,53.15833],[43.51702,53.16076],[43.52465,53.16841],[43.52536,53.17745],[43.53091,53.18298],[43.53576,53.18369],[43.53924,53.18715],[43.54409,53.18785],[43.54758,53.19131],[43.55242,53.19202],[43.55591,53.19548],[43.5625,53.19583],[43.56462,53.19649],[43.56988,53.20016],[43.57149,53.21046],[43.57968,53.22008],[43.57837,53.24194],[43.57296,53.23816],[43.55204,53.23684],[43.54791,53.23396],[43.53962,53.24101],[43.5302,53.24248],[43.52917,53.24583],[43.52973,53.25221],[43.53425,53.25763],[43.54388,53.2589],[43.54779,53.26193],[43.55638,53.26307],[43.56029,53.2661],[43.56888,53.26723],[43.57279,53.27027],[43.57832,53.27168],[43.57917,53.275],[43.57917,53.27917],[43.58248,53.28002],[43.58333,53.28333],[43.58243,53.28684],[43.575,53.2875],[43.56871,53.28816],[43.55629,53.29934],[43.54788,53.30066],[43.54379,53.30351],[43.52157,53.3049],[43.52083,53.31667],[43.51841,53.31702],[43.51492,53.32048],[43.5125,53.32083],[43.51029,53.32027],[43.50221,53.31307],[43.49255,53.31179],[43.49077,53.30484],[43.47842,53.3036],[43.47304,53.30777],[43.46862,53.3089],[43.46471,53.31193],[43.45342,53.31307],[43.44804,53.3089],[43.4375,53.30833],[43.43508,53.30869],[43.43159,53.31215],[43.42674,53.31285],[43.42326,53.31631],[43.41008,53.31702],[43.40452,53.32254],[43.40381,53.32742],[43.39829,53.33298],[43.37674,53.33369],[43.37292,53.33749],[43.36909,53.33369],[43.36424,53.33298],[43.36076,53.32952],[43.35591,53.32881],[43.34792,53.32085],[43.34409,53.32465],[43.33091,53.32535],[43.32742,53.32881],[43.31841,53.32952],[43.31286,53.33504],[43.3125,53.3375],[43.30591,53.33715],[43.29826,53.32952],[43.28924,53.32881],[43.28576,53.32535],[43.27258,53.32465],[43.26702,53.31912],[43.26631,53.31079],[43.27082,53.30625],[43.25869,53.29409],[43.25798,53.28924],[43.25245,53.28369],[43.23508,53.28298],[43.22326,53.27119],[43.21841,53.27048],[43.21492,53.26702],[43.20833,53.26667],[43.19674,53.26604],[43.19492,53.25896],[43.18333,53.25833],[43.18248,53.25502],[43.17696,53.2536],[43.16888,53.2464],[43.16446,53.24527],[43.15221,53.2339],[43.14362,53.23277],[43.13971,53.22973],[43.13112,53.2286],[43.12721,53.22557],[43.12279,53.22443],[43.11741,53.22027],[43.11446,53.2214],[43.10638,53.2286],[43.10196,53.22973],[43.09804,53.23277],[43.08529,53.2339],[43.07991,53.23807],[43.07279,53.23693],[43.06888,53.2339],[43.04684,53.23272],[43.03807,53.22304],[43.03693,53.21862],[43.0339,53.21471],[43.03277,53.21029],[43.02973,53.20638],[43.02825,53.20061],[43.0125,53.2],[43.01303,53.19359],[43.02136,53.18442],[43.0199,53.17982],[43.01025,53.17864],[43.00641,53.17553],[43.00417,53.175],[43.00452,53.16424],[43.02048,53.14826],[43.02119,53.13924],[43.02535,53.13505],[43.02464,53.13088],[43.01909,53.12535],[43.00833,53.125],[43.00743,53.12149],[42.99362,53.12027],[42.98554,53.11307],[42.98002,53.11165],[42.97917,53.10833],[42.97674,53.10869],[42.97326,53.11215],[42.9625,53.1125],[42.96034,53.11188],[42.95625,53.10889],[42.95216,53.11188],[42.93951,53.11312],[42.93549,53.11605],[42.93117,53.11728],[42.92716,53.12022],[42.92426,53.12145],[42.91466,53.11312],[42.9091,53.11153],[42.90753,53.10071],[42.88951,53.09938],[42.88133,53.09228],[42.87701,53.09105],[42.87299,53.08812],[42.86451,53.08688],[42.86049,53.08395],[42.85201,53.08272],[42.84383,53.07562],[42.84093,53.07438],[42.83041,53.08351],[42.82816,53.07565],[42.78951,53.07438],[42.78549,53.07145],[42.78333,53.07083],[42.78333,53.0625],[42.78091,53.06215],[42.77742,53.05869],[42.76912,53.05798],[42.76492,53.06215],[42.74341,53.06285],[42.73786,53.06838],[42.7375,53.07083],[42.73112,53.07027],[42.72721,53.06723],[42.70612,53.0661],[42.70221,53.06307],[42.69925,53.06193],[42.69388,53.0661],[42.69092,53.06723],[42.68554,53.06307],[42.67823,53.06193],[42.66888,53.07027],[42.66029,53.0714],[42.65625,53.07453],[42.65221,53.0714],[42.64779,53.07027],[42.63971,53.06307],[42.63112,53.06193],[42.62721,53.0589],[42.60091,53.05772],[42.6,53.05417],[42.59676,53.05509],[42.59491,53.06157],[42.58951,53.06312],[42.58549,53.06605],[42.57701,53.06728],[42.57299,53.07022],[42.56867,53.07145],[42.56466,53.07438],[42.55617,53.07562],[42.55216,53.07855],[42.54237,53.07997],[42.54097,53.09901],[42.53534,53.10062],[42.51466,53.12022],[42.50417,53.12083],[42.50085,53.11998],[42.5,53.11667],[42.4875,53.11667],[42.48715,53.11424],[42.48369,53.11076],[42.48333,53.09583],[42.4871,53.09487],[42.4911,53.08971],[42.49223,53.07279],[42.4964,53.06741],[42.49521,53.04674],[42.48693,53.04462],[42.48807,53.03529],[42.49527,53.02721],[42.4968,53.02123],[42.50342,53.0161],[42.50638,53.01723],[42.51043,53.02037],[42.51862,53.01307],[42.52442,53.01158],[42.53277,53.00221],[42.53418,52.99668],[42.54223,52.99462],[42.54085,52.98833],[42.52304,52.9714],[42.51862,52.97027],[42.51054,52.96307],[42.50089,52.96179],[42.49915,52.95502],[42.49229,52.95326],[42.49167,52.94167],[42.46841,52.94202],[42.46492,52.94548],[42.45662,52.94619],[42.44409,52.93369],[42.43508,52.93298],[42.42742,52.92535],[42.425,52.925],[42.42258,52.92465],[42.41909,52.92119],[42.41424,52.92048],[42.41076,52.91702],[42.4,52.91667],[42.40035,52.88508],[42.40381,52.88159],[42.40417,52.87917],[42.40381,52.86424],[42.40035,52.86076],[42.39965,52.84758],[42.39619,52.84409],[42.39583,52.84167],[42.39341,52.84131],[42.38992,52.83785],[42.37674,52.83715],[42.36076,52.82119],[42.35833,52.82083],[42.35777,52.81029],[42.35418,52.80566],[42.36029,52.80057],[42.36471,52.79943],[42.36862,52.7964],[42.37434,52.79493],[42.375,52.7875],[42.375,52.775],[42.37258,52.77465],[42.36076,52.76285],[42.33924,52.76215],[42.33576,52.75869],[42.31841,52.75798],[42.30869,52.74829],[42.30833,52.74583],[42.30777,52.73946],[42.30046,52.73126],[42.3036,52.72721],[42.30502,52.72168],[42.31054,52.72027],[42.31862,52.71307],[42.32415,52.71165],[42.32557,52.70612],[42.33277,52.69804],[42.3339,52.69362],[42.33807,52.68825],[42.33693,52.68529],[42.3339,52.68138],[42.33333,52.67083],[42.33298,52.66424],[42.32535,52.65659],[42.32465,52.64758],[42.32119,52.64409],[42.32048,52.63924],[42.31702,52.63576],[42.31667,52.63333],[42.30833,52.63333],[42.29341,52.63369],[42.28992,52.63715],[42.28333,52.6375],[42.27699,52.6369],[42.27301,52.63394],[42.27029,52.63273],[42.26458,52.63697],[42.25634,52.62977],[42.24665,52.62839],[42.24523,52.62005],[42.25356,52.61051],[42.25477,52.59946],[42.24982,52.59278],[42.24366,52.59106],[42.23967,52.5881],[42.23116,52.5869],[42.2179,52.57474],[42.21667,52.57917],[42.19583,52.57917],[42.19548,52.57671],[42.18992,52.57119],[42.17674,52.57048],[42.16909,52.56285],[42.1625,52.5625],[42.16215,52.53924],[42.15835,52.53542],[42.16215,52.53159],[42.1625,52.51667],[42.15621,52.51601],[42.14379,52.50482],[42.13954,52.50351],[42.13546,52.50066],[42.12704,52.49934],[42.12089,52.49457],[42.12494,52.48877],[42.11741,52.48644],[42.11601,52.47059],[42.12108,52.46333],[42.10204,52.46184],[42.08874,52.44987],[42.0875,52.44583],[42.08091,52.44619],[42.07742,52.44965],[42.06667,52.45],[42.05591,52.44965],[42.05242,52.44619],[42.04583,52.44583],[42.04498,52.44252],[42.0379,52.4407],[42.0339,52.43554],[42.03237,52.42956],[42.02721,52.42557],[42.01446,52.42443],[42.01054,52.4214],[42.00833,52.42083],[42.00833,52.4125],[42.00869,52.40591],[42.01215,52.40242],[42.01285,52.34758],[42.01702,52.34338],[42.01631,52.32674],[42.01251,52.32292],[42.01631,52.31909],[42.01667,52.31667],[42.01029,52.3161],[42.00638,52.31307],[42.00196,52.31193],[41.9968,52.30794],[41.99493,52.30066],[41.98007,52.29934],[41.97828,52.29238],[41.96862,52.2911],[41.96471,52.28807],[41.96175,52.28693],[41.95625,52.2912],[41.95221,52.28807],[41.93112,52.28693],[41.92721,52.2839],[41.9134,52.28267],[41.9125,52.27917],[41.91582,52.27832],[41.91667,52.275],[41.91998,52.27415],[41.9214,52.26862],[41.92443,52.26471],[41.92557,52.23946],[41.9287,52.23541],[41.9214,52.22721],[41.92027,52.22279],[41.91723,52.21888],[41.91596,52.20926],[41.90638,52.20057],[41.90196,52.19943],[41.89804,52.1964],[41.88946,52.19527],[41.88554,52.19223],[41.88002,52.19082],[41.87832,52.18418],[41.87279,52.18277],[41.86888,52.17973],[41.86446,52.1786],[41.86041,52.17546],[41.85094,52.1839],[41.84362,52.18277],[41.83971,52.17973],[41.8375,52.17917],[41.83665,52.18248],[41.83112,52.1839],[41.82721,52.18693],[41.82083,52.1875],[41.82048,52.18504],[41.81492,52.17952],[41.8125,52.17917],[41.81029,52.1786],[41.80638,52.17557],[41.78946,52.17443],[41.78138,52.16723],[41.77696,52.1661],[41.76054,52.15057],[41.75612,52.14943],[41.75221,52.1464],[41.73946,52.14527],[41.73138,52.13807],[41.72696,52.13693],[41.72149,52.13237],[41.72017,52.11757],[41.71314,52.11576],[41.71193,52.09925],[41.71614,52.09382],[41.71579,52.09225],[41.675,52.09167],[41.67279,52.09223],[41.66888,52.09527],[41.66446,52.0964],[41.6593,52.1004],[41.65743,52.10767],[41.64257,52.10899],[41.6411,52.11471],[41.6371,52.11987],[41.63112,52.1214],[41.62721,52.12443],[41.625,52.125],[41.62083,52.125],[41.62027,52.12721],[41.61571,52.13268],[41.6009,52.13399],[41.59943,52.13971],[41.5964,52.14362],[41.59527,52.14804],[41.59223,52.15196],[41.5911,52.16054],[41.58807,52.16446],[41.58693,52.16888],[41.5839,52.17279],[41.58267,52.1866],[41.57585,52.18835],[41.575,52.19167],[41.56029,52.19223],[41.55638,52.19527],[41.55061,52.19675],[41.55,52.2125],[41.54909,52.21606],[41.53333,52.21667],[41.52584,52.2159],[41.52416,52.20493],[41.50904,52.20339],[41.50769,52.17703],[41.50481,52.17297],[41.5032,52.16763],[41.49787,52.16602],[41.4938,52.16314],[41.49167,52.1625],[41.48112,52.16307],[41.47157,52.17173],[41.47027,52.17991],[41.47453,52.18542],[41.4713,52.18958],[41.47443,52.19362],[41.47557,52.19658],[41.4714,52.20196],[41.46993,52.20769],[41.45323,52.2089],[41.44388,52.20057],[41.43946,52.19943],[41.43554,52.1964],[41.43112,52.19527],[41.42304,52.18807],[41.41862,52.18693],[41.41471,52.1839],[41.40612,52.18277],[41.40221,52.17973],[41.39779,52.1786],[41.39388,52.17557],[41.38112,52.17443],[41.37304,52.16723],[41.37083,52.16667],[41.35591,52.16631],[41.35242,52.16285],[41.34828,52.16215],[41.33992,52.17048],[41.32674,52.17119],[41.32326,52.17465],[41.29758,52.17535],[41.29409,52.17881],[41.2875,52.17917],[41.28534,52.17978],[41.28133,52.18272],[41.27284,52.18395],[41.26883,52.18688],[41.25617,52.18812],[41.25216,52.19105],[41.24784,52.19228],[41.24383,52.19522],[41.23843,52.19676],[41.23688,52.20216],[41.22887,52.21139],[41.22284,52.21312],[41.21883,52.21605],[41.21451,52.21728],[41.20928,52.2211],[41.20772,52.21034],[41.20478,52.20633],[41.20331,52.20116],[41.19953,52.19938],[41.19383,52.20355],[41.1912,52.20478],[41.18549,52.20062],[41.17083,52.2],[41.16424,52.20035],[41.16076,52.20381],[41.15245,52.20452],[41.14409,52.19619],[41.14167,52.19583],[41.12701,52.19522],[41.12299,52.19228],[41.12036,52.19105],[41.11366,52.19595],[41.11188,52.20216],[41.10478,52.21034],[41.10355,52.21466],[41.09967,52.21997],[41.08829,52.22163],[41.08688,52.23133],[41.08322,52.23634],[41.07917,52.2375],[41.07973,52.23971],[41.08693,52.24779],[41.08807,52.25221],[41.1036,52.26862],[41.10502,52.27415],[41.11054,52.27557],[41.11547,52.27939],[41.11723,52.28427],[41.1089,52.29362],[41.10777,52.30638],[41.10473,52.31029],[41.10417,52.3125],[41.10192,52.31303],[41.09391,52.3203],[41.08525,52.32136],[41.07725,52.32864],[41.07275,52.3297],[41.06891,52.3328],[41.04906,52.33386],[41.04267,52.32868],[41.03827,52.33005],[41.0375,52.33333],[41.03508,52.33369],[41.03159,52.33715],[41.02674,52.33785],[41.02326,52.34131],[41.01667,52.34167],[41.01424,52.34202],[41.01076,52.34548],[41.00833,52.34583],[40.99362,52.34527],[40.98971,52.34223],[40.98529,52.3411],[40.98138,52.33807],[40.96788,52.33693],[40.96582,52.34498],[40.95918,52.34668],[40.95777,52.35221],[40.95317,52.35772],[40.92696,52.3589],[40.92304,52.36193],[40.91667,52.3625],[40.91702,52.37742],[40.92048,52.38091],[40.92083,52.38333],[40.92119,52.40659],[40.92915,52.41458],[40.92119,52.42258],[40.92048,52.43576],[40.91702,52.43924],[40.91667,52.4625],[40.91321,52.46339],[40.91193,52.47304],[40.9088,52.47708],[40.91193,52.48112],[40.9125,52.4875],[40.91466,52.48812],[40.92425,52.49662],[40.92562,52.50907],[40.91728,52.51867],[40.91605,52.5338],[40.92022,52.53951],[40.92176,52.54491],[40.92824,52.54676],[40.92978,52.55216],[40.93272,52.55617],[40.93426,52.56157],[40.93966,52.56312],[40.95334,52.5756],[40.95497,52.58676],[40.96883,52.58812],[40.97701,52.59522],[40.98133,52.59645],[40.98534,52.59938],[41.01983,52.60065],[41.02176,52.60741],[41.02716,52.60895],[41.03117,52.61188],[41.03549,52.61312],[41.04093,52.61747],[41.04167,52.625],[41.04498,52.62585],[41.04583,52.62917],[41.04498,52.63248],[41.03946,52.6339],[41.03554,52.63693],[41.00925,52.63811],[41.00777,52.64388],[41.00473,52.64779],[41.00417,52.65417],[41.00327,52.65767],[40.98946,52.6589],[40.98138,52.6661],[40.97917,52.66667],[40.97973,52.67304],[40.98693,52.68112],[40.98807,52.68971],[40.9911,52.69362],[40.99252,52.69915],[40.99804,52.70057],[41.00196,52.7036],[41.01054,52.70473],[41.0157,52.70873],[41.01755,52.71596],[41.02721,52.71723],[41.03658,52.72558],[41.0375,52.72917],[41.03693,52.74388],[41.03294,52.74903],[41.02696,52.75057],[41.0218,52.75456],[41.02027,52.76054],[41.0115,52.77021],[40.99092,52.7714],[40.98554,52.76723],[40.97823,52.7661],[40.96759,52.77558],[40.9661,52.78138],[40.96297,52.78542],[40.9661,52.78946],[40.96723,52.79388],[40.97027,52.79779],[40.9714,52.80221],[40.97443,52.80612],[40.97557,52.81325],[40.9714,52.81862],[40.96998,52.82415],[40.96335,52.82585],[40.9625,52.82917],[40.96343,52.83241],[40.97006,52.83431],[40.97145,52.84383],[40.97511,52.84884],[40.98133,52.85062],[40.98534,52.85355],[40.9992,52.8549],[41.00062,52.86466],[41.00428,52.86967],[41.01049,52.87145],[41.01451,52.87438],[41.01991,52.87593],[41.02083,52.87917],[41.02326,52.87952],[41.02674,52.88298],[41.03576,52.88369],[41.03924,52.88715],[41.0625,52.8875],[41.06888,52.88807],[41.07279,52.8911],[41.07991,52.89223],[41.08529,52.88807],[41.08971,52.88693],[41.09362,52.8839],[41.09658,52.88277],[41.10196,52.88693],[41.11741,52.88807],[41.12279,52.8839],[41.12599,52.88277],[41.14076,52.89648],[41.14223,52.90221],[41.14623,52.90737],[41.15336,52.9092],[41.15473,52.91545],[41.14779,52.91723],[41.14388,52.92027],[41.14092,52.9214],[41.13447,52.9164],[41.13277,52.92304],[41.1289,52.92803],[41.13554,52.92973],[41.14491,52.93808],[41.14583,52.94167],[41.14527,52.94388],[41.14223,52.94779],[41.1411,52.95075],[41.14537,52.95626],[41.13692,52.96575],[41.13002,52.96752],[41.1286,52.97304],[41.1246,52.9782],[41.11862,52.97973],[41.11054,52.98693],[41.10502,52.98835],[41.1036,52.99388],[41.10057,52.99779],[41.09943,53.01054],[41.0964,53.01446],[41.09498,53.01998],[41.09167,53.02083],[41.09104,53.03242],[41.08529,53.0339],[41.07592,53.04225],[41.07443,53.04804],[41.0714,53.05196],[41.07083,53.05417],[41.0714,53.05638],[41.0754,53.06153],[41.08138,53.06307],[41.08529,53.0661],[41.09082,53.06752],[41.09167,53.07083],[41.0911,53.07304],[41.0824,53.08263],[41.07279,53.0839],[41.06888,53.08693],[41.05612,53.08807],[41.04388,53.09943],[41.03946,53.10057],[41.03554,53.1036],[41.03112,53.10473],[41.02721,53.10777],[41.02168,53.10918],[41.02083,53.1125],[41.02721,53.11307],[41.03112,53.1161],[41.03554,53.11723],[41.03946,53.12027],[41.04804,53.1214],[41.05196,53.12443],[41.05638,53.12557],[41.06029,53.1286],[41.06471,53.12973],[41.08946,53.1536],[41.09498,53.15502],[41.0964,53.16054],[41.09943,53.16446],[41.10057,53.18408],[41.0964,53.18946],[41.09583,53.20833],[41.11471,53.2089],[41.12279,53.2161],[41.13138,53.21723],[41.13946,53.22443],[41.14498,53.22585],[41.14583,53.22917],[41.14238,53.23005],[41.1411,53.23971],[41.13807,53.24362],[41.1375,53.2625],[41.13697,53.26475],[41.13386,53.26859],[41.1328,53.27177],[41.13697,53.27692],[41.13803,53.28975],[41.14114,53.29359],[41.1422,53.30225],[41.14544,53.30625],[41.1422,53.31025],[41.14114,53.32612],[41.15364,53.33942],[41.1547,53.35525],[41.14636,53.36442],[41.1453,53.36761],[41.15048,53.374],[41.14906,53.37858],[41.13109,53.3797],[41.12725,53.3828],[41.12275,53.38386],[41.1131,53.39277],[41.1125,53.4],[41.11285,53.40659],[41.11631,53.41008],[41.11667,53.4125],[41.11577,53.41601],[41.10196,53.41723],[41.09654,53.42175],[41.09527,53.43138],[41.09223,53.43529],[41.0911,53.46888],[41.08807,53.47279],[41.08665,53.47832],[41.08333,53.47917],[41.08277,53.48554],[41.07964,53.48958],[41.08277,53.49362],[41.0839,53.50295],[41.07696,53.50473],[41.07304,53.50777],[41.06175,53.5089],[41.05638,53.50473],[41.03333,53.50417],[41.03091,53.50381],[41.02742,53.50035],[41.02258,53.49965],[41.01492,53.49202],[41.00833,53.49167],[40.98951,53.49105],[40.98549,53.48812],[40.98117,53.48688],[40.97616,53.48322],[40.97438,53.47701],[40.96637,53.46777],[40.95926,53.46574],[40.95772,53.46034],[40.9492,53.45074],[40.93534,53.44938],[40.91466,53.42978],[40.91034,53.42855],[40.90633,53.42562],[40.89657,53.4242],[40.89522,53.41034],[40.89084,53.40487],[40.87284,53.40355],[40.86883,53.40062],[40.84953,53.39938],[40.84383,53.40355],[40.8037,53.40478],[40.79799,53.40062],[40.79583,53.4],[40.79646,53.41159],[40.80221,53.41307],[40.81029,53.42027],[40.81566,53.42164],[40.81723,53.42575],[40.81307,53.43112],[40.81193,53.43554],[40.8089,53.43946],[40.80777,53.44462],[40.81703,53.447],[40.8088,53.45624],[40.81193,53.46029],[40.81307,53.49241],[40.8089,53.49779],[40.80777,53.51888],[40.80057,53.52696],[40.79911,53.53262],[40.78946,53.5339],[40.78138,53.5411],[40.77189,53.54235],[40.77027,53.54658],[40.77443,53.55196],[40.775,53.55417],[40.7741,53.55767],[40.76029,53.5589],[40.75638,53.56193],[40.74779,53.56307],[40.74388,53.5661],[40.73946,53.56723],[40.73554,53.57027],[40.73002,53.57168],[40.7286,53.57721],[40.72482,53.58208],[40.72009,53.5839],[40.71471,53.57973],[40.69779,53.5786],[40.69388,53.57557],[40.69167,53.575],[40.6911,53.58971],[40.68693,53.59509],[40.68807,53.59804],[40.6911,53.60196],[40.69223,53.60638],[40.7036,53.61862],[40.70502,53.62415],[40.71179,53.62589],[40.71307,53.63554],[40.7162,53.63958],[40.71307,53.64362],[40.71193,53.64804],[40.70835,53.65267],[40.71446,53.65777],[40.71667,53.65833],[40.71667,53.6625],[40.71667,53.66667],[40.71335,53.66752],[40.7125,53.67083],[40.71667,53.67083],[40.71723,53.67304],[40.72522,53.68201],[40.72414,53.68683],[40.71029,53.68807],[40.70638,53.6911],[40.69779,53.69223],[40.69388,53.69527],[40.68529,53.6964],[40.68138,53.69943],[40.67172,53.70071],[40.66995,53.70762],[40.65922,53.70904],[40.65833,53.7125],[40.65591,53.71215],[40.65242,53.70869],[40.64341,53.70798],[40.63576,53.70035],[40.62674,53.69965],[40.62326,53.69619],[40.59758,53.69548],[40.59409,53.69202],[40.58508,53.69131],[40.58159,53.68785],[40.575,53.6875],[40.57443,53.67696],[40.5714,53.67304],[40.57027,53.64779],[40.55777,53.63432],[40.5589,53.62696],[40.56204,53.62291],[40.55473,53.61471],[40.5536,53.60612],[40.55057,53.60221],[40.54943,53.59779],[40.54223,53.58971],[40.5411,53.57696],[40.53807,53.57304],[40.53693,53.56446],[40.53307,53.55947],[40.54223,53.55712],[40.5411,53.55196],[40.53807,53.54804],[40.53693,53.51446],[40.5339,53.51054],[40.53277,53.50612],[40.52973,53.50221],[40.5286,53.49362],[40.52557,53.48971],[40.52443,53.48529],[40.5214,53.48138],[40.52027,53.47696],[40.51723,53.47304],[40.51667,53.46667],[40.49362,53.4661],[40.48971,53.46307],[40.48005,53.46179],[40.47917,53.45833],[40.47839,53.45505],[40.474,53.45368],[40.46891,53.4578],[40.4625,53.45833],[40.45918,53.45918],[40.45833,53.4625],[40.45777,53.46471],[40.45473,53.46862],[40.4536,53.47304],[40.4464,53.48112],[40.44527,53.48408],[40.44943,53.48946],[40.45057,53.49241],[40.44544,53.49903],[40.43835,53.50085],[40.43665,53.50748],[40.42979,53.50924],[40.42917,53.52083],[40.42826,53.52438],[40.40342,53.52557],[40.39804,53.5214],[40.36985,53.52027],[40.35626,53.53287],[40.35097,53.52877],[40.3491,53.52149],[40.33529,53.52027],[40.33013,53.51627],[40.3286,53.51029],[40.3199,53.5007],[40.31029,53.49943],[40.30638,53.4964],[40.29583,53.49583],[40.2937,53.49519],[40.27618,53.47892],[40.27436,53.47286],[40.26731,53.46464],[40.26602,53.4562],[40.26314,53.45214],[40.26186,53.43953],[40.25481,53.4313],[40.25352,53.42703],[40.25002,53.42209],[40.24241,53.4198],[40.24089,53.40489],[40.22917,53.40417],[40.22827,53.40767],[40.21446,53.4089],[40.20482,53.41764],[40.20417,53.425],[40.20196,53.42443],[40.19804,53.4214],[40.19362,53.42027],[40.18971,53.41723],[40.18529,53.4161],[40.17304,53.40473],[40.16862,53.4036],[40.16458,53.40047],[40.16054,53.4036],[40.14779,53.40473],[40.14388,53.40777],[40.13835,53.40918],[40.13693,53.41471],[40.12819,53.42435],[40.11446,53.42557],[40.11054,53.4286],[40.09362,53.42973],[40.08971,53.43277],[40.0875,53.43333],[40.08693,53.43112],[40.0839,53.42721],[40.08243,53.42147],[40.06341,53.4202],[40.06193,53.41446],[40.0589,53.41054],[40.05833,53.40833],[40.06307,53.40712],[40.06193,53.40196],[40.0589,53.39804],[40.05777,53.39362],[40.05473,53.38971],[40.05332,53.38418],[40.04649,53.38243],[40.04583,53.375],[40.01841,53.37465],[40.01458,53.37085],[40.01076,53.37465],[39.99412,53.37535],[39.98992,53.37119],[39.96912,53.37048],[39.96492,53.37465],[39.95591,53.37535],[39.95242,53.37881],[39.95,53.37917],[39.94943,53.38554],[39.9464,53.38946],[39.94527,53.39388],[39.94223,53.39779],[39.9411,53.41054],[39.93275,53.41991],[39.92696,53.4214],[39.92208,53.42518],[39.92027,53.42991],[39.92443,53.43529],[39.92557,53.46545],[39.91862,53.46723],[39.91471,53.47027],[39.90899,53.47173],[39.90833,53.47917],[39.89758,53.47952],[39.89409,53.48298],[39.87258,53.48369],[39.86909,53.48715],[39.86079,53.48785],[39.85625,53.48335],[39.85242,53.48715],[39.84829,53.48785],[39.84409,53.48369],[39.83162,53.48298],[39.82326,53.49131],[39.81079,53.49202],[39.80659,53.48785],[39.80417,53.4875],[39.80381,53.47674],[39.79202,53.46492],[39.79131,53.44341],[39.78785,53.43992],[39.78714,53.43504],[39.78159,53.42952],[39.76424,53.42881],[39.76076,53.42535],[39.75591,53.42465],[39.75242,53.42119],[39.74758,53.42048],[39.74338,53.41631],[39.73508,53.41702],[39.73088,53.42119],[39.72258,53.42048],[39.71492,53.41285],[39.71004,53.41214],[39.70452,53.40659],[39.70417,53.40417],[39.7,53.40417],[39.69965,53.40659],[39.68995,53.41631],[39.68162,53.41702],[39.67742,53.41285],[39.65591,53.41215],[39.65242,53.40869],[39.64758,53.40798],[39.64409,53.40452],[39.62258,53.40381],[39.61909,53.40035],[39.61008,53.39965],[39.60659,53.39619],[39.60174,53.39548],[39.59826,53.39202],[39.59583,53.39167],[39.58091,53.39202],[39.57742,53.39548],[39.56841,53.39619],[39.56492,53.39965],[39.55833,53.4],[39.55798,53.40242],[39.55452,53.40591],[39.55417,53.4125],[39.54779,53.41307],[39.54388,53.4161],[39.53112,53.41723],[39.52721,53.42027],[39.52279,53.4214],[39.51471,53.4286],[39.48529,53.42973],[39.48138,53.43277],[39.46446,53.4339],[39.46054,53.43693],[39.44779,53.43807],[39.44388,53.4411],[39.43946,53.44223],[39.43554,53.44527],[39.41446,53.4464],[39.41054,53.44943],[39.40612,53.45057],[39.40221,53.4536],[39.37842,53.45473],[39.37304,53.45057],[39.36862,53.44943],[39.36471,53.4464],[39.36175,53.44527],[39.35638,53.44943],[39.34257,53.45066],[39.3411,53.45638],[39.33807,53.46029],[39.33659,53.46603],[39.31862,53.46723],[39.31471,53.47027],[39.30918,53.47168],[39.30777,53.47721],[39.30316,53.48273],[39.2875,53.48333],[39.28785,53.49409],[39.29131,53.49758],[39.29202,53.50242],[39.29548,53.50591],[39.29619,53.51076],[39.29999,53.51458],[39.28785,53.52674],[39.2875,53.5375],[39.2875,53.54583],[39.28835,53.54915],[39.29388,53.55057],[39.29938,53.55516],[39.3,53.56667],[39.29623,53.56763],[39.29223,53.57279],[39.2911,53.57721],[39.28277,53.58656],[39.28398,53.60326],[39.29223,53.60538],[39.28138,53.6161],[39.2754,53.61763],[39.2713,53.62292],[39.27454,53.62709],[39.2661,53.63656],[39.26764,53.64085],[39.27083,53.64167],[39.27119,53.64826],[39.27465,53.65174],[39.275,53.65417],[39.27415,53.65748],[39.26862,53.6589],[39.25507,53.67148],[39.2536,53.67721],[39.25057,53.68112],[39.24943,53.68629],[39.25733,53.68831],[39.2589,53.69241],[39.25473,53.69779],[39.25417,53.7],[39.24943,53.70121],[39.25196,53.7036],[39.25417,53.70417],[39.25748,53.70502],[39.25833,53.70833],[39.25777,53.71054],[39.24578,53.72345],[39.25196,53.7286],[39.26158,53.72987],[39.2661,53.73529],[39.26723,53.73971],[39.27027,53.74362],[39.2714,53.75638],[39.27443,53.76029],[39.2759,53.76601],[39.28333,53.76667],[39.28333,53.77083],[39.28091,53.77119],[39.27742,53.77465],[39.27083,53.775],[39.27017,53.78243],[39.26446,53.7839],[39.26054,53.78693],[39.25833,53.7875],[39.22674,53.78715],[39.22326,53.78369],[39.2125,53.78333],[39.20918,53.78248],[39.20777,53.77696],[39.20473,53.77304],[39.20329,53.76741],[39.19509,53.7661],[39.18957,53.77037],[39.17721,53.7589],[39.17083,53.75833],[39.16862,53.7589],[39.16471,53.76193],[39.15759,53.76307],[39.15208,53.7588],[39.14804,53.76193],[39.13529,53.76307],[39.13138,53.7661],[39.11862,53.76723],[39.11471,53.77027],[39.10904,53.77172],[39.10777,53.78138],[39.10377,53.78653],[39.1,53.7875],[39.10057,53.78971],[39.10456,53.79487],[39.11054,53.7964],[39.11547,53.80022],[39.11723,53.8051],[39.10775,53.81575],[39.10196,53.81723],[39.0968,53.82123],[39.09493,53.82853],[39.07696,53.82973],[39.07304,53.83277],[39.05342,53.8339],[39.04792,53.82964],[39.04388,53.83277],[39.03946,53.8339],[39.03397,53.83848],[39.03277,53.85638],[39.02442,53.86575],[39.0163,53.86783],[39.02558,53.87825],[39.03138,53.87973],[39.03529,53.88277],[39.04804,53.8839],[39.05196,53.88693],[39.0625,53.8875],[39.06285,53.89409],[39.06631,53.89758],[39.06667,53.90417],[39.06569,53.90757],[39.0549,53.90914],[39.05417,53.91667],[39.01008,53.91631],[39.00659,53.91285],[39.00245,53.91215],[38.99619,53.91838],[38.99548,53.92326],[38.98995,53.92881],[38.97917,53.92917],[38.97696,53.9286],[38.96888,53.9214],[38.96175,53.92027],[38.95638,53.92443],[38.94925,53.92557],[38.94388,53.9214],[38.91862,53.92027],[38.91471,53.91723],[38.90918,53.91582],[38.90833,53.9125],[38.89362,53.91193],[38.88971,53.9089],[38.83675,53.90777],[38.83125,53.91203],[38.82721,53.9089],[38.82205,53.90777],[38.81998,53.91582],[38.81667,53.91667],[38.81008,53.91702],[38.80659,53.92048],[38.80417,53.92083],[38.80201,53.92145],[38.79799,53.92438],[38.79536,53.92562],[38.78966,53.92145],[38.77453,53.92022],[38.76875,53.92444],[38.76466,53.92145],[38.7287,53.92022],[38.72299,53.92438],[38.71867,53.92562],[38.71466,53.92855],[38.71034,53.92978],[38.70625,53.93277],[38.70208,53.92973],[38.69799,53.93272],[38.69367,53.93395],[38.68549,53.94105],[38.67701,53.94228],[38.66883,53.94938],[38.65497,53.95074],[38.65355,53.96049],[38.65062,53.96451],[38.65,53.97083],[38.63508,53.97119],[38.63159,53.97465],[38.61495,53.97535],[38.60869,53.96912],[38.60798,53.96424],[38.60245,53.95869],[38.59167,53.95833],[38.56008,53.95869],[38.55659,53.96215],[38.54758,53.96285],[38.54409,53.96631],[38.53924,53.96702],[38.53576,53.97048],[38.53333,53.97083],[38.53402,53.98252],[38.5461,53.98428],[38.54223,53.98958],[38.54522,53.99367],[38.54645,53.99799],[38.54938,54.00201],[38.55062,54.01141],[38.5412,54.01312],[38.53549,54.00895],[38.53117,54.00772],[38.52716,54.00478],[38.5097,54.00355],[38.50736,54.01173],[38.49784,54.01312],[38.47716,54.03272],[38.47083,54.03333],[38.46841,54.03369],[38.46492,54.03715],[38.45591,54.03785],[38.45242,54.04131],[38.45,54.04167],[38.44758,54.04202],[38.44375,54.04582],[38.43369,54.03579],[38.43298,54.03091],[38.42746,54.02536],[38.425,54.025],[38.41841,54.02535],[38.40659,54.03715],[38.40417,54.0375],[38.40203,54.03686],[38.39797,54.03398],[38.38953,54.03269],[38.38547,54.02981],[38.3812,54.02852],[38.37714,54.02564],[38.3312,54.02436],[38.32714,54.02148],[38.3062,54.02019],[38.29797,54.01314],[38.28953,54.01186],[38.28547,54.00898],[38.27033,54.00743],[38.28686,53.98964],[38.28814,53.9687],[38.29102,53.96464],[38.29231,53.95801],[38.28814,53.95214],[38.28686,53.94786],[38.28398,53.9438],[38.28333,53.94167],[38.27174,53.94104],[38.26994,53.93401],[38.25759,53.93277],[38.25097,53.9379],[38.25,53.94167],[38.23946,53.94223],[38.23554,53.94527],[38.2324,53.9464],[38.22304,53.93807],[38.19779,53.93693],[38.19388,53.9339],[38.18422,53.93262],[38.18277,53.92696],[38.17877,53.9218],[38.175,53.92083],[38.17434,53.9134],[38.16862,53.91193],[38.16471,53.9089],[38.15777,53.90712],[38.1589,53.90196],[38.16307,53.89658],[38.16193,53.88946],[38.15777,53.88408],[38.1589,53.88112],[38.16204,53.87707],[38.15473,53.86888],[38.15417,53.85417],[38.15174,53.85381],[38.14826,53.85035],[38.14341,53.84965],[38.13992,53.84619],[38.1375,53.84583],[38.1384,53.84233],[38.15221,53.8411],[38.15612,53.83807],[38.17721,53.83693],[38.18112,53.8339],[38.19167,53.83333],[38.19583,53.83333],[38.19668,53.83002],[38.20473,53.82795],[38.2036,53.81862],[38.20057,53.81471],[38.1993,53.80509],[38.19388,53.80057],[38.18693,53.79879],[38.18807,53.78946],[38.2036,53.77304],[38.20473,53.76862],[38.2161,53.75638],[38.21723,53.73946],[38.22027,53.73554],[38.22168,53.73002],[38.22721,53.7286],[38.23112,53.72557],[38.2371,53.72403],[38.2411,53.71888],[38.24288,53.71193],[38.24804,53.71307],[38.25342,53.71723],[38.25638,53.7161],[38.26446,53.7089],[38.27044,53.70737],[38.27443,53.70221],[38.275,53.7],[38.27465,53.69758],[38.26702,53.68992],[38.26631,53.68091],[38.25869,53.67326],[38.25798,53.66008],[38.25452,53.65659],[38.25381,53.65171],[38.23922,53.63715],[38.23508,53.63785],[38.23159,53.64131],[38.22674,53.64202],[38.22255,53.64619],[38.21424,53.64548],[38.21076,53.64202],[38.20174,53.64131],[38.19792,53.63751],[38.19409,53.64131],[38.1875,53.64167],[38.18112,53.6411],[38.16471,53.62557],[38.14362,53.62443],[38.13138,53.61307],[38.12585,53.61165],[38.125,53.60833],[38.125,53.60417],[38.11008,53.60381],[38.10625,53.60001],[38.10242,53.60381],[38.09829,53.60452],[38.09409,53.60035],[38.08508,53.59965],[38.08159,53.59619],[38.07745,53.59548],[38.07326,53.59965],[38.06841,53.60035],[38.06458,53.60415],[38.06076,53.60035],[38.05591,53.59965],[38.04826,53.59202],[38.04583,53.59167],[38.04341,53.59131],[38.03992,53.58785],[38.03508,53.58715],[38.03159,53.58369],[38.00833,53.58333],[38.00417,53.58333],[38.00174,53.58298],[37.99619,53.57745],[37.99583,53.57083],[37.99362,53.5714],[37.98971,53.57443],[37.98112,53.57557],[37.97304,53.58277],[37.96175,53.5839],[37.95638,53.57973],[37.93871,53.5786],[37.93665,53.58665],[37.93112,53.58807],[37.92721,53.5911],[37.91862,53.59223],[37.91471,53.59527],[37.89509,53.5964],[37.88971,53.59223],[37.86175,53.5911],[37.85624,53.59537],[37.84804,53.58807],[37.84167,53.5875],[37.84131,53.58992],[37.83579,53.59548],[37.83091,53.59619],[37.82742,53.59965],[37.78924,53.60035],[37.78542,53.60415],[37.78159,53.60035],[37.77258,53.59965],[37.76909,53.59619],[37.76008,53.59548],[37.75208,53.58751],[37.74826,53.59131],[37.73924,53.59202],[37.73576,53.59548],[37.73091,53.59619],[37.72708,53.59999],[37.72326,53.59619],[37.71495,53.59548],[37.71076,53.59965],[37.70417,53.6],[37.68112,53.59943],[37.67721,53.5964],[37.67168,53.59498],[37.66993,53.58814],[37.65196,53.58693],[37.64804,53.5839],[37.64583,53.58333],[37.64527,53.57279],[37.64223,53.56888],[37.64076,53.56314],[37.62279,53.56193],[37.61888,53.5589],[37.61446,53.55777],[37.61054,53.55473],[37.60502,53.55332],[37.60417,53.55],[37.60473,53.54362],[37.60777,53.53971],[37.60923,53.53399],[37.62414,53.53267],[37.62523,53.52782],[37.61193,53.51349],[37.61347,53.50915],[37.62044,53.50737],[37.62557,53.50075],[37.62426,53.49256],[37.61888,53.48807],[37.61446,53.48693],[37.61054,53.4839],[37.60456,53.48237],[37.60057,53.47721],[37.59915,53.47168],[37.59362,53.47027],[37.58971,53.46723],[37.58529,53.4661],[37.58138,53.46307],[37.57917,53.4625],[37.57674,53.46215],[37.57326,53.45869],[37.56841,53.45798],[37.56076,53.45035],[37.54167,53.45],[37.53848,53.44918],[37.53693,53.4449],[37.54527,53.43554],[37.54668,53.43002],[37.55349,53.42827],[37.55473,53.41592],[37.55057,53.41054],[37.55,53.40833],[37.55062,53.39682],[37.55612,53.39223],[37.56054,53.3911],[37.56446,53.38807],[37.57411,53.38679],[37.57597,53.37956],[37.58112,53.37557],[37.58665,53.37415],[37.58835,53.36752],[37.59167,53.36667],[37.59131,53.36424],[37.58785,53.36076],[37.5875,53.35833],[37.58333,53.35833],[37.58002,53.35748],[37.57917,53.35417],[37.57917,53.35],[37.58549,53.34938],[37.59367,53.34228],[37.60753,53.34093],[37.60895,53.33117],[37.61605,53.32299],[37.61728,53.31867],[37.62022,53.31466],[37.62145,53.30617],[37.62438,53.30216],[37.62562,53.29367],[37.64607,53.27209],[37.63951,53.27022],[37.63549,53.26728],[37.63117,53.26605],[37.61883,53.25478],[37.61188,53.2528],[37.61312,53.24784],[37.62022,53.23966],[37.62083,53.2375],[37.61667,53.2375],[37.61322,53.23646],[37.61186,53.2187],[37.60898,53.21464],[37.60769,53.21036],[37.60481,53.2063],[37.60352,53.20203],[37.60002,53.19709],[37.5937,53.19519],[37.58963,53.19231],[37.56744,53.19095],[37.56667,53.18333],[37.57044,53.18237],[37.57443,53.17721],[37.57557,53.17279],[37.5786,53.16888],[37.57987,53.15926],[37.58946,53.15057],[37.59911,53.14929],[37.60085,53.14252],[37.60748,53.14082],[37.6089,53.13529],[37.61193,53.13138],[37.61307,53.12279],[37.61723,53.11741],[37.6161,53.11029],[37.6089,53.10221],[37.60762,53.09255],[37.59943,53.09045],[37.60057,53.07279],[37.60777,53.06471],[37.60833,53.0625],[37.60612,53.06193],[37.60221,53.0589],[37.59779,53.05777],[37.59388,53.05473],[37.58422,53.05346],[37.58277,53.04779],[37.57973,53.04388],[37.5786,53.03946],[37.57557,53.03554],[37.575,53.025],[37.57149,53.0241],[37.57017,53.00923],[37.56446,53.00777],[37.56054,53.00473],[37.54779,53.0036],[37.54388,53.00057],[37.53333,53.0],[37.52696,52.99943],[37.52304,52.9964],[37.51446,52.99527],[37.51054,52.99223],[37.50502,52.99082],[37.50325,52.98394],[37.4875,52.98333],[37.48653,52.97956],[37.48138,52.97557],[37.47696,52.97443],[37.47304,52.9714],[37.46339,52.97012],[37.46165,52.96335],[37.45456,52.96153],[37.44943,52.95491],[37.45057,52.95196],[37.46307,52.93849],[37.46193,52.93529],[37.4589,52.93138],[37.45748,52.92585],[37.4504,52.92403],[37.4464,52.91888],[37.44527,52.91029],[37.4339,52.89804],[37.43277,52.89362],[37.42557,52.88554],[37.42443,52.88112],[37.4214,52.87721],[37.41998,52.87168],[37.41335,52.86998],[37.4125,52.86667],[37.40174,52.86631],[37.39826,52.86285],[37.39341,52.86215],[37.37742,52.84619],[37.36424,52.84548],[37.36076,52.84202],[37.34758,52.84131],[37.34409,52.83785],[37.33924,52.83715],[37.33576,52.83369],[37.32674,52.83298],[37.32326,52.82952],[37.31667,52.82917],[37.31582,52.83248],[37.3125,52.83333],[37.31215,52.83091],[37.30869,52.82742],[37.30833,52.82083],[37.30174,52.82048],[37.29826,52.81702],[37.28579,52.81631],[37.28125,52.82082],[37.27742,52.81702],[37.26424,52.81631],[37.26076,52.81285],[37.24758,52.81215],[37.24375,52.80835],[37.23992,52.81215],[37.22674,52.81285],[37.22326,52.81631],[37.19829,52.81702],[37.19409,52.81285],[37.18508,52.81215],[37.18159,52.80869],[37.15,52.80833],[37.14668,52.80748],[37.14583,52.80417],[37.14583,52.8],[37.14548,52.79754],[37.13992,52.79202],[37.13508,52.79131],[37.13088,52.78715],[37.12674,52.78785],[37.12255,52.79202],[37.11008,52.79131],[37.10625,52.78751],[37.10242,52.79131],[37.1,52.79167],[37.09965,52.78924],[37.09619,52.78576],[37.09583,52.78333],[37.10026,52.7822],[37.0964,52.77721],[37.09493,52.77149],[37.0875,52.77083],[37.08333,52.77083],[37.08245,52.76738],[37.07279,52.7661],[37.06888,52.76307],[37.0629,52.76153],[37.0589,52.75638],[37.05748,52.75085],[37.05417,52.75],[37.02674,52.74965],[37.02326,52.74619],[37.01912,52.74548],[37.01076,52.75381],[36.99758,52.75452],[36.99409,52.75798],[36.9625,52.75833],[36.96193,52.75612],[36.95473,52.74804],[36.95332,52.74252],[36.94779,52.7411],[36.93971,52.7339],[36.93418,52.73248],[36.93237,52.7254],[36.92721,52.7214],[36.90833,52.72083],[36.90833,52.71667],[36.90741,52.71308],[36.89804,52.70473],[36.89362,52.7036],[36.88971,52.70057],[36.88529,52.69943],[36.87304,52.68807],[36.85196,52.68693],[36.84388,52.67973],[36.81446,52.6786],[36.80908,52.67443],[36.80196,52.67557],[36.7926,52.6839],[36.78529,52.68277],[36.78138,52.67973],[36.77696,52.6786],[36.77158,52.67443],[36.76029,52.67557],[36.75491,52.67973],[36.74671,52.67843],[36.74491,52.67142],[36.73554,52.66307],[36.73002,52.66165],[36.72827,52.65483],[36.72083,52.65417],[36.72002,52.65733],[36.71592,52.6589],[36.71054,52.65473],[36.70196,52.6536],[36.69804,52.65057],[36.69362,52.64943],[36.68971,52.6464],[36.68005,52.64512],[36.67917,52.64167],[36.67696,52.64223],[36.67304,52.64527],[36.65955,52.6464],[36.65833,52.64167],[36.66159,52.64076],[36.66311,52.63533],[36.67144,52.62579],[36.67001,52.61738],[36.65616,52.61606],[36.65217,52.6131],[36.64783,52.6119],[36.64384,52.60894],[36.63428,52.60758],[36.63237,52.6007],[36.61866,52.5994],[36.61467,52.59644],[36.58949,52.59523],[36.58134,52.5881],[36.57917,52.5875],[36.57952,52.58508],[36.59131,52.57326],[36.59202,52.56421],[36.60591,52.55035],[36.61492,52.54965],[36.62258,52.54202],[36.625,52.54167],[36.62465,52.53924],[36.62119,52.53576],[36.62048,52.53088],[36.61492,52.52535],[36.61008,52.52465],[36.60659,52.52119],[36.57674,52.52048],[36.56909,52.51285],[36.53088,52.51215],[36.52535,52.50659],[36.52464,52.49755],[36.51909,52.49202],[36.50174,52.49131],[36.49409,52.48369],[36.4875,52.48333],[36.48715,52.48091],[36.47952,52.47326],[36.47917,52.46667],[36.47696,52.4661],[36.47039,52.46062],[36.47168,52.45488],[36.48138,52.4536],[36.48529,52.45057],[36.49101,52.4491],[36.49167,52.44167],[36.49131,52.43921],[36.48576,52.43369],[36.47674,52.43298],[36.46492,52.42119],[36.46008,52.42048],[36.45659,52.41702],[36.45174,52.41631],[36.44755,52.41215],[36.43924,52.41285],[36.43576,52.41631],[36.43091,52.41702],[36.42742,52.42048],[36.41667,52.42083],[36.41446,52.42027],[36.41054,52.41723],[36.39779,52.4161],[36.38006,52.39932],[36.37828,52.39238],[36.36862,52.3911],[36.35925,52.38275],[36.35777,52.37696],[36.35473,52.37304],[36.35417,52.37083],[36.34673,52.37017],[36.34583,52.36667],[36.3375,52.36667],[36.3375,52.37083],[36.33715,52.38159],[36.32745,52.39131],[36.31667,52.39167],[36.31424,52.39131],[36.31076,52.38785],[36.30833,52.3875],[36.30748,52.38418],[36.30417,52.38333],[36.3,52.38333],[36.29964,52.38088],[36.28992,52.37119],[36.27258,52.37048],[36.26909,52.36702],[36.24758,52.36631],[36.23992,52.35869],[36.23508,52.35798],[36.23088,52.35381],[36.22674,52.35452],[36.22255,52.35869],[36.21008,52.35798],[36.20659,52.35452],[36.19758,52.35381],[36.19409,52.35035],[36.18924,52.34965],[36.18576,52.34619],[36.17674,52.34548],[36.16838,52.33715],[36.16008,52.33785],[36.15659,52.34131],[36.14758,52.34202],[36.14373,52.34583],[36.13785,52.33992],[36.1375,52.3375],[36.12674,52.33715],[36.12326,52.33369],[36.11841,52.33298],[36.11492,52.32952],[36.08579,52.32881],[36.08159,52.33298],[36.04758,52.33369],[36.04409,52.33715],[36.03924,52.33785],[36.03159,52.34548],[35.98579,52.34619],[35.98159,52.34202],[35.9625,52.34167],[35.96312,52.35216],[35.96605,52.35617],[35.96764,52.36173],[35.97716,52.36312],[35.98117,52.36605],[35.98549,52.36728],[35.98951,52.37022],[35.99383,52.37145],[36.0041,52.38057],[36.00062,52.38534],[35.99921,52.39504],[35.98819,52.39664],[35.9875,52.40833],[35.98508,52.40869],[35.98159,52.41215],[35.95833,52.4125],[35.9572,52.40807],[35.95075,52.41307],[35.93946,52.41193],[35.93554,52.4089],[35.92696,52.40777],[35.92158,52.4036],[35.91446,52.40473],[35.90908,52.4089],[35.90196,52.40777],[35.89658,52.4036],[35.83946,52.40473],[35.83138,52.41193],[35.82565,52.4134],[35.81307,52.42696],[35.81165,52.43248],[35.80833,52.43333],[35.80591,52.43298],[35.79826,52.42535],[35.75,52.425],[35.74779,52.42557],[35.74388,52.4286],[35.73946,52.42973],[35.73554,52.43277],[35.73112,52.4339],[35.72721,52.43693],[35.72279,52.43807],[35.72027,52.44045],[35.72721,52.44223],[35.73252,52.44666],[35.7339,52.45295],[35.72696,52.45473],[35.71888,52.46193],[35.71029,52.46307],[35.70638,52.4661],[35.69925,52.46723],[35.69388,52.46307],[35.66592,52.46193],[35.66054,52.4661],[35.64583,52.46667],[35.64548,52.46909],[35.63995,52.47464],[35.63091,52.47535],[35.62536,52.48088],[35.625,52.48333],[35.625,52.49583],[35.58924,52.49619],[35.58576,52.49965],[35.58162,52.50035],[35.57708,52.49585],[35.57326,52.49965],[35.56912,52.50035],[35.56492,52.49619],[35.54828,52.49548],[35.53992,52.50381],[35.52674,52.50452],[35.52326,52.50798],[35.51841,52.50869],[35.51492,52.51215],[35.50662,52.51285],[35.49826,52.50452],[35.48924,52.50381],[35.48576,52.50035],[35.47674,52.49965],[35.46909,52.49202],[35.45591,52.49131],[35.45208,52.48751],[35.44826,52.49131],[35.425,52.49167],[35.41841,52.49202],[35.41492,52.49548],[35.39412,52.49619],[35.38992,52.49202],[35.38508,52.49131],[35.38159,52.48785],[35.37674,52.48715],[35.36909,52.47952],[35.36667,52.47917],[35.35612,52.47973],[35.35221,52.48277],[35.34255,52.48404],[35.34167,52.4875],[35.3375,52.4875],[35.33807,52.49804],[35.34527,52.50612],[35.3464,52.51054],[35.34943,52.51446],[35.35057,52.51962],[35.34252,52.52168],[35.34167,52.525],[35.34228,52.53133],[35.3503,52.54056],[35.35753,52.54263],[35.35895,52.55047],[35.35478,52.55617],[35.35355,52.56049],[35.35062,52.56451],[35.34926,52.57836],[35.33872,52.5799],[35.33688,52.5838],[35.34105,52.58951],[35.34167,52.59583],[35.34106,52.60217],[35.3381,52.60616],[35.3369,52.61051],[35.33194,52.61664],[35.32717,52.6131],[35.31613,52.6119],[35.31051,52.61606],[35.30081,52.61744],[35.2994,52.62579],[35.3078,52.63541],[35.30398,52.64056],[35.29783,52.64227],[35.29384,52.64523],[35.28533,52.64644],[35.28134,52.6494],[35.27283,52.6506],[35.26884,52.65356],[35.2625,52.65417],[35.25833,52.65417],[35.25609,52.6547],[35.25225,52.6578],[35.24359,52.65886],[35.23975,52.66197],[35.23109,52.66303],[35.22708,52.66627],[35.22183,52.66202],[35.21728,52.66344],[35.21667,52.67083],[35.21728,52.67716],[35.22022,52.68117],[35.22145,52.68966],[35.22438,52.69367],[35.22574,52.70753],[35.23549,52.70895],[35.23958,52.71194],[35.24367,52.70895],[35.2463,52.70772],[35.25201,52.71188],[35.26573,52.71322],[35.26728,52.71947],[35.26034,52.72145],[35.25111,52.72946],[35.25,52.73333],[35.25035,52.73576],[35.25381,52.73924],[35.25452,52.74826],[35.25798,52.75174],[35.25869,52.76076],[35.26457,52.76667],[35.26841,52.76285],[35.27255,52.76215],[35.28714,52.77671],[35.2875,52.77917],[35.2875,52.78333],[35.28693,52.78554],[35.28294,52.7907],[35.27474,52.7928],[35.2786,52.79779],[35.27973,52.80221],[35.28693,52.81029],[35.2875,52.825],[35.29379,52.82566],[35.29788,52.82851],[35.31879,52.82982],[35.32288,52.83268],[35.34094,52.83409],[35.34232,52.86046],[35.34518,52.86454],[35.34583,52.86667],[35.34826,52.86702],[35.35174,52.87048],[35.35417,52.87083],[35.3536,52.88971],[35.34901,52.89521],[35.32591,52.89646],[35.32409,52.90353],[35.30538,52.90473],[35.30327,52.89649],[35.29583,52.89583],[35.29527,52.89804],[35.29223,52.90196],[35.29078,52.90762],[35.28112,52.9089],[35.27597,52.9129],[35.27386,52.9211],[35.26888,52.91723],[35.24925,52.9161],[35.24388,52.92027],[35.23946,52.9214],[35.23138,52.9286],[35.22279,52.92973],[35.21888,52.93277],[35.21446,52.9339],[35.2093,52.9379],[35.20744,52.94516],[35.19509,52.9464],[35.18864,52.9414],[35.18693,52.94804],[35.1839,52.95196],[35.18248,52.95748],[35.17566,52.95923],[35.17434,52.9741],[35.16862,52.97557],[35.16471,52.9786],[35.15833,52.97917],[35.15869,52.99828],[35.16841,53.00798],[35.17083,53.00833],[35.17304,53.0089],[35.17696,53.01193],[35.18554,53.01307],[35.18946,53.0161],[35.1964,53.01788],[35.19527,53.03138],[35.1911,53.03675],[35.19274,53.04102],[35.20638,53.04223],[35.21029,53.04527],[35.21888,53.0464],[35.22279,53.04943],[35.2375,53.05],[35.23807,53.06054],[35.2412,53.06458],[35.23807,53.06862],[35.23693,53.07721],[35.23241,53.08263],[35.22172,53.08404],[35.22083,53.0875],[35.22083,53.09167],[35.21453,53.09102],[35.20958,53.08752],[35.20769,53.0938],[35.20481,53.09787],[35.20339,53.11179],[35.17703,53.11314],[35.17297,53.11602],[35.16667,53.11667],[35.16702,53.13159],[35.17048,53.13508],[35.17083,53.1375],[35.175,53.1375],[35.17443,53.16054],[35.1714,53.16446],[35.17027,53.18212],[35.17721,53.1839],[35.18112,53.18693],[35.19388,53.18807],[35.20196,53.19527],[35.20748,53.19668],[35.20833,53.2],[35.18954,53.20066],[35.18546,53.20351],[35.14657,53.20487],[35.14583,53.21667],[35.13946,53.2161],[35.13554,53.21307],[35.12415,53.21193],[35.11737,53.21759],[35.11596,53.22828],[35.11029,53.22973],[35.10638,53.23277],[35.1,53.23333],[35.0966,53.23236],[35.09504,53.22163],[35.08534,53.22022],[35.08133,53.21728],[35.0787,53.21605],[35.07299,53.22022],[35.06867,53.22145],[35.06466,53.22438],[35.04784,53.22562],[35.04375,53.22861],[35.03958,53.22556],[35.03549,53.22855],[35.03117,53.22978],[35.02708,53.23278],[35.0174,53.2242],[35.01595,53.20932],[35.01034,53.20772],[35.00633,53.20478],[34.9912,53.20355],[34.98449,53.20845],[34.98236,53.2159],[34.97181,53.21743],[34.96985,53.22427],[34.95786,53.22562],[34.95116,53.22072],[34.94938,53.21451],[34.9472,53.21188],[34.94491,53.21991],[34.94167,53.22083],[34.94131,53.22326],[34.93579,53.22881],[34.93333,53.22917],[34.92674,53.22952],[34.92326,53.23298],[34.91008,53.23369],[34.90625,53.23749],[34.90242,53.23369],[34.89829,53.23298],[34.89409,53.23715],[34.88579,53.23785],[34.88159,53.23369],[34.86667,53.23333],[34.86631,53.23576],[34.85869,53.24341],[34.85798,53.24826],[34.85035,53.25591],[34.84965,53.26005],[34.86215,53.27258],[34.86285,53.28921],[34.85869,53.29341],[34.85833,53.30833],[34.85196,53.30777],[34.84804,53.30473],[34.83529,53.3036],[34.83013,53.2996],[34.82827,53.29234],[34.81592,53.2911],[34.8093,53.29623],[34.80745,53.30346],[34.79779,53.30473],[34.79388,53.30777],[34.78259,53.3089],[34.77721,53.30473],[34.77279,53.3036],[34.76471,53.2964],[34.7625,53.29583],[34.75591,53.29619],[34.75242,53.29965],[34.74583,53.3],[34.7464,53.30638],[34.74943,53.31029],[34.75057,53.31545],[34.7413,53.31783],[34.74943,53.32696],[34.75057,53.33212],[34.74362,53.3339],[34.73971,53.33693],[34.73529,53.33807],[34.73138,53.3411],[34.72917,53.34167],[34.72674,53.34202],[34.72326,53.34548],[34.71008,53.34619],[34.70242,53.35381],[34.69758,53.35452],[34.69409,53.35798],[34.68091,53.35869],[34.67708,53.36249],[34.67292,53.35835],[34.66909,53.36215],[34.6625,53.3625],[34.66184,53.36993],[34.65612,53.3714],[34.64804,53.3786],[34.62425,53.37973],[34.61888,53.37557],[34.61446,53.37443],[34.61054,53.3714],[34.58455,53.37027],[34.58333,53.375],[34.58369,53.38159],[34.58715,53.38508],[34.58785,53.39338],[34.58369,53.39758],[34.58298,53.40171],[34.58715,53.40591],[34.58785,53.41421],[34.58369,53.41841],[34.58333,53.425],[34.59077,53.42566],[34.59263,53.43294],[34.59779,53.43693],[34.6,53.4375],[34.62304,53.43807],[34.63946,53.4536],[34.65221,53.45473],[34.65737,53.45873],[34.6589,53.46471],[34.6629,53.46987],[34.66888,53.4714],[34.68112,53.48277],[34.70326,53.48396],[34.70417,53.4875],[34.70381,53.49409],[34.70035,53.49758],[34.69965,53.50171],[34.70381,53.50591],[34.70417,53.51667],[34.70093,53.51759],[34.69938,53.52299],[34.69522,53.5287],[34.69693,53.53812],[34.70633,53.53688],[34.71203,53.53272],[34.71466,53.53395],[34.71867,53.53688],[34.72299,53.53812],[34.72701,53.54105],[34.75752,53.54233],[34.75919,53.55384],[34.76451,53.55772],[34.76883,53.55895],[34.77284,53.56188],[34.78966,53.56312],[34.79367,53.56605],[34.8,53.56667],[34.79965,53.56909],[34.79619,53.57258],[34.79548,53.58505],[34.80381,53.59341],[34.80452,53.61422],[34.79202,53.62674],[34.79167,53.62917],[34.78333,53.62917],[34.78298,53.63159],[34.77746,53.63714],[34.775,53.6375],[34.775,53.64167],[34.775,53.64583],[34.77721,53.6464],[34.78112,53.64943],[34.79078,53.65071],[34.79252,53.65748],[34.79583,53.65833],[34.79498,53.66165],[34.78946,53.66307],[34.78554,53.6661],[34.77279,53.66723],[34.76875,53.67036],[34.76471,53.66723],[34.76175,53.6661],[34.75638,53.67027],[34.74362,53.6714],[34.73971,53.67443],[34.72696,53.67557],[34.71888,53.68277],[34.70612,53.6839],[34.70221,53.68693],[34.69255,53.68821],[34.6911,53.69388],[34.6871,53.69903],[34.68112,53.70057],[34.67721,53.7036],[34.65612,53.70473],[34.65097,53.70873],[34.65,53.7125],[34.63924,53.71215],[34.63576,53.70869],[34.62329,53.70798],[34.61909,53.71215],[34.61424,53.71285],[34.61076,53.71631],[34.59829,53.71702],[34.59409,53.71285],[34.58579,53.71215],[34.58159,53.71631],[34.5625,53.71667],[34.56188,53.72716],[34.55895,53.73117],[34.55772,53.75464],[34.56188,53.76034],[34.56324,53.7742],[34.57299,53.77562],[34.57801,53.77928],[34.57978,53.78549],[34.58272,53.78951],[34.58395,53.79799],[34.58688,53.80201],[34.58812,53.80633],[34.59945,53.81875],[34.58294,53.83642],[34.57917,53.8375],[34.57917,53.85],[34.58549,53.85062],[34.58951,53.85355],[34.59799,53.85478],[34.60201,53.85772],[34.61176,53.85914],[34.6125,53.86667],[34.60899,53.86757],[34.60777,53.88138],[34.59942,53.89075],[34.5924,53.89255],[34.5911,53.90094],[34.59943,53.91029],[34.60057,53.91752],[34.59485,53.92437],[34.57696,53.92557],[34.5715,53.93012],[34.57027,53.94241],[34.57443,53.94779],[34.575,53.95],[34.58576,53.94965],[34.58958,53.94585],[34.59341,53.94965],[34.59826,53.95035],[34.60208,53.95415],[34.60662,53.94965],[34.65659,53.95035],[34.66008,53.95381],[34.66909,53.95452],[34.67292,53.95832],[34.67674,53.95452],[34.70833,53.95417],[34.70869,53.96492],[34.71421,53.97048],[34.71909,53.97119],[34.72464,53.97671],[34.725,53.97917],[34.72433,53.98128],[34.7201,53.98679],[34.67157,53.98821],[34.67017,54.01461],[34.66733,54.01872],[34.66667,54.0375],[34.67083,54.0375],[34.67326,54.03715],[34.67745,54.03298],[34.71076,54.03369],[34.71458,54.03749],[34.71841,54.03369],[34.72742,54.03298],[34.73162,54.02881],[34.74829,54.02952],[34.75381,54.03508],[34.75452,54.03996],[34.76079,54.04619],[34.77326,54.04548],[34.78125,54.03751],[34.78924,54.04548],[34.80833,54.04583],[34.80891,54.04803],[34.82025,54.0603],[34.8217,54.0658],[34.8272,54.06725],[34.8353,54.07442],[34.8397,54.07558],[34.84482,54.07949],[34.84641,54.08553],[34.84942,54.08947],[34.8509,54.09508],[34.85901,54.09641],[34.86447,54.09225],[34.86735,54.09109],[34.8728,54.09525],[34.8796,54.09705],[34.87834,54.10343],[34.86864,54.10475],[34.86323,54.10921],[34.86192,54.11886],[34.85475,54.12697],[34.85417,54.14167],[34.85417,54.15],[34.85417,54.15417],[34.85666,54.15475],[34.86303,54.16135],[34.86161,54.16589],[34.85833,54.16667],[34.85762,54.18257],[34.83828,54.18409],[34.83684,54.19851],[34.84502,54.20104],[34.84665,54.21146],[34.85318,54.21348],[34.85515,54.21985],[34.86046,54.22149],[34.86673,54.22635],[34.84649,54.24788],[34.8448,54.25335],[34.83418,54.25501],[34.83268,54.26462],[34.82982,54.26871],[34.82818,54.27402],[34.82288,54.27566],[34.81462,54.28268],[34.81038,54.28399],[34.80768,54.28601],[34.81568,54.28848],[34.81732,54.29379],[34.82021,54.29792],[34.81205,54.30751],[34.79788,54.30899],[34.79261,54.31266],[34.79081,54.32422],[34.77605,54.32576],[34.77373,54.33327],[34.76879,54.32982],[34.76642,54.32851],[34.76046,54.33268],[34.73954,54.33399],[34.73418,54.33774],[34.73333,54.34583],[34.73117,54.34645],[34.72716,54.34938],[34.71451,54.35062],[34.70837,54.35553],[34.71277,54.36155],[34.70097,54.36327],[34.7,54.36667],[34.70417,54.36667],[34.70473,54.36888],[34.70777,54.37279],[34.70899,54.3866],[34.7125,54.3875],[34.71188,54.38966],[34.70895,54.39367],[34.70753,54.40343],[34.69367,54.40478],[34.68966,54.40772],[34.68703,54.40895],[34.68133,54.40478],[34.67438,54.40355],[34.6667,54.40969],[34.67022,54.41451],[34.67083,54.42083],[34.63529,54.4214],[34.62721,54.4286],[34.62057,54.4303],[34.62443,54.43529],[34.62557,54.44658],[34.6214,54.45196],[34.62083,54.45833],[34.61862,54.45777],[34.61054,54.45057],[34.59925,54.44943],[34.59388,54.4536],[34.59073,54.45473],[34.58126,54.4463],[34.57721,54.44943],[34.55759,54.45057],[34.55221,54.4464],[34.53112,54.44527],[34.52304,54.43807],[34.51592,54.43693],[34.50955,54.44187],[34.50488,54.44082],[34.50346,54.43005],[34.49779,54.4286],[34.48815,54.41986],[34.4875,54.4125],[34.47279,54.41193],[34.46366,54.4038],[34.4625,54.40833],[34.45807,54.40947],[34.46193,54.41446],[34.4625,54.41667],[34.4625,54.425],[34.46165,54.42832],[34.45612,54.42973],[34.45221,54.43277],[34.44362,54.4339],[34.43971,54.43693],[34.43418,54.43835],[34.43248,54.44498],[34.42917,54.44583],[34.42696,54.4464],[34.42304,54.44943],[34.40091,54.45062],[34.39912,54.45759],[34.39092,54.4589],[34.38554,54.45473],[34.38112,54.4536],[34.37721,54.45057],[34.36568,54.44943],[34.35221,54.46193],[34.35,54.4625],[34.34583,54.4625],[34.34548,54.45591],[34.34202,54.45242],[34.34167,54.44167],[34.34106,54.42591],[34.33373,54.42403],[34.32973,54.41888],[34.32851,54.40513],[34.32304,54.40057],[34.31339,54.39929],[34.3125,54.39583],[34.30203,54.39519],[34.28964,54.38398],[34.27286,54.38269],[34.2688,54.37981],[34.25491,54.37839],[34.25352,54.36037],[34.25064,54.3563],[34.24904,54.35096],[34.24583,54.35],[34.24341,54.34965],[34.23992,54.34619],[34.22674,54.34548],[34.22326,54.34202],[34.21841,54.34131],[34.21042,54.33335],[34.20659,54.33715],[34.18508,54.33785],[34.18159,54.34131],[34.16667,54.34167],[34.16576,54.34521],[34.15417,54.34583],[34.15348,54.36589],[34.13686,54.36758],[34.15203,54.38269],[34.15417,54.38333],[34.1548,54.38548],[34.15883,54.39109],[34.15757,54.40341],[34.14369,54.4048],[34.13965,54.4077],[34.12702,54.40896],[34.12298,54.41187],[34.09369,54.41313],[34.08965,54.41604],[34.08535,54.4173],[34.07715,54.42437],[34.07178,54.42595],[34.06984,54.43255],[34.06035,54.43396],[34.05631,54.43687],[34.05417,54.4375],[34.04779,54.43807],[34.03958,54.44538],[34.03138,54.43807],[34.02696,54.43693],[34.01471,54.42557],[34.00918,54.42415],[34.00743,54.4173],[33.98946,54.4161],[33.98554,54.41307],[33.97696,54.41193],[33.96888,54.40473],[33.92175,54.40357],[33.91998,54.39668],[33.91446,54.39527],[33.91054,54.39223],[33.90612,54.3911],[33.89804,54.3839],[33.89509,54.38277],[33.88971,54.38693],[33.88333,54.3875],[33.88298,54.38508],[33.87952,54.38159],[33.87917,54.375],[33.87696,54.37557],[33.86888,54.38277],[33.85922,54.38404],[33.85745,54.39096],[33.84779,54.39223],[33.83971,54.39943],[33.83529,54.40057],[33.83138,54.4036],[33.81757,54.40483],[33.81667,54.40833],[33.79784,54.40772],[33.79383,54.40478],[33.78951,54.40355],[33.78542,54.40056],[33.78133,54.40355],[33.75498,54.40484],[33.75355,54.41466],[33.7492,54.4201],[33.73534,54.42145],[33.73133,54.42438],[33.72917,54.425],[33.71841,54.42465],[33.70242,54.40869],[33.69758,54.40798],[33.69409,54.40452],[33.68924,54.40381],[33.68576,54.40035],[33.68091,54.39965],[33.67742,54.39619],[33.67258,54.39548],[33.66492,54.38785],[33.6625,54.3875],[33.66029,54.38807],[33.65638,54.3911],[33.64705,54.39223],[33.64527,54.38529],[33.64069,54.37981],[33.62425,54.3786],[33.61888,54.38277],[33.61156,54.3839],[33.60092,54.37442],[33.5991,54.36734],[33.58675,54.3661],[33.58138,54.37027],[33.57842,54.3714],[33.57304,54.36723],[33.56573,54.3661],[33.55638,54.37443],[33.54583,54.375],[33.53112,54.37443],[33.52721,54.3714],[33.50924,54.3702],[33.50748,54.36335],[33.50196,54.36193],[33.49804,54.3589],[33.49362,54.35777],[33.48971,54.35473],[33.48333,54.35417],[33.4758,54.3549],[33.47438,54.36466],[33.47001,54.37013],[33.45201,54.37145],[33.44799,54.37438],[33.42843,54.37562],[33.41883,54.36728],[33.39784,54.36605],[33.39383,54.36312],[33.39093,54.36188],[33.38133,54.37022],[33.36451,54.37145],[33.35949,54.37511],[33.35734,54.38263],[33.34093,54.38395],[33.33133,54.37562],[33.30617,54.37438],[33.30208,54.37139],[33.29799,54.37438],[33.29367,54.37562],[33.28966,54.37855],[33.27917,54.37917],[33.28007,54.38243],[33.28682,54.3843],[33.28819,54.40337],[33.29312,54.4041],[33.29946,54.3994],[33.30756,54.40082],[33.30894,54.41051],[33.31606,54.41866],[33.31727,54.42301],[33.32095,54.42797],[33.3119,54.4305],[33.3131,54.43551],[33.31727,54.44113],[33.31549,54.44511],[33.30512,54.44659],[33.30356,54.45217],[33.2994,54.45779],[33.3006,54.46467],[33.30477,54.47029],[33.3026,54.47515],[33.29801,54.47856],[33.29366,54.47977],[33.28551,54.4869],[33.27856,54.48883],[33.28116,54.49106],[33.28551,54.49227],[33.29366,54.4994],[33.30217,54.5006],[33.30616,54.50356],[33.3125,54.50417],[33.31215,54.50659],[33.30869,54.51008],[33.30833,54.52083],[33.30869,54.54409],[33.31249,54.54792],[33.30381,54.55662],[33.30452,54.56912],[33.31008,54.57465],[33.31492,54.57535],[33.32258,54.58298],[33.36076,54.58369],[33.36424,54.58715],[33.36667,54.5875],[33.36577,54.59101],[33.35833,54.59167],[33.35833,54.6],[33.35174,54.60035],[33.34826,54.60381],[33.31841,54.60452],[33.31492,54.60798],[33.31008,54.60869],[33.30242,54.61631],[33.28508,54.61702],[33.28159,54.62048],[33.27258,54.62119],[33.26909,54.62465],[33.25174,54.62535],[33.23576,54.64131],[33.22083,54.64167],[33.22048,54.64409],[33.20835,54.65625],[33.21215,54.66008],[33.21285,54.66909],[33.22048,54.67674],[33.22119,54.68576],[33.22465,54.68924],[33.22535,54.69409],[33.22881,54.69758],[33.22917,54.7],[33.24076,54.70062],[33.24223,54.70638],[33.24527,54.71029],[33.2464,54.71888],[33.2536,54.72696],[33.25417,54.75],[33.25452,54.75245],[33.26424,54.76215],[33.27083,54.7625],[33.27165,54.75446],[33.27703,54.75064],[33.2813,54.74936],[33.28718,54.74519],[33.2938,54.74648],[33.29912,54.75025],[33.30074,54.73436],[33.3063,54.73269],[33.31042,54.72977],[33.31634,54.73398],[33.3188,54.73269],[33.32287,54.72981],[33.3282,54.7282],[33.33013,54.7218],[33.3367,54.71982],[33.33814,54.71037],[33.34102,54.7063],[33.34167,54.70417],[33.34388,54.7036],[33.34925,54.69943],[33.35221,54.70057],[33.36029,54.70777],[33.36471,54.7089],[33.37009,54.71307],[33.37829,54.71176],[33.37917,54.70833],[33.38038,54.7036],[33.40638,54.70473],[33.41573,54.71307],[33.41888,54.71193],[33.42279,54.7089],[33.45,54.70833],[33.45211,54.709],[33.45622,54.71183],[33.46044,54.71317],[33.46872,54.72017],[33.47711,54.7215],[33.48122,54.72433],[33.48767,54.72567],[33.49372,54.7215],[33.50628,54.72017],[33.51042,54.71732],[33.51456,54.72017],[33.51878,54.7215],[33.52706,54.7285],[33.55441,54.72996],[33.55065,54.73542],[33.5535,54.73956],[33.55483,54.75017],[33.55067,54.75622],[33.54933,54.7672],[33.55865,54.77822],[33.56878,54.77983],[33.57289,54.78267],[33.57711,54.784],[33.58196,54.78734],[33.58333,54.79167],[33.58992,54.79202],[33.59341,54.79548],[33.60242,54.79619],[33.60662,54.80035],[33.63576,54.79965],[33.63924,54.79619],[33.64167,54.79583],[33.65633,54.79522],[33.66034,54.79228],[33.66574,54.79074],[33.66759,54.78426],[33.67299,54.78272],[33.67701,54.77978],[33.68797,54.77855],[33.69367,54.78272],[33.70047,54.78395],[33.70625,54.77973],[33.71042,54.78277],[33.71451,54.77978],[33.71883,54.77855],[33.72701,54.77145],[33.73966,54.77022],[33.74367,54.76728],[33.74799,54.76605],[33.75208,54.76306],[33.75617,54.76605],[33.76883,54.76728],[33.77701,54.77438],[33.78676,54.7758],[33.7875,54.78333],[33.78693,54.78971],[33.78294,54.79487],[33.7756,54.79675],[33.77443,54.83138],[33.77044,54.83653],[33.76351,54.83831],[33.76193,54.84241],[33.76687,54.84878],[33.76582,54.85345],[33.75612,54.85473],[33.74995,54.85988],[33.76193,54.87279],[33.7625,54.875],[33.76987,54.87566],[33.77443,54.88112],[33.77557,54.88554],[33.7786,54.88946],[33.78007,54.89517],[33.79388,54.8964],[33.79779,54.89943],[33.80638,54.90057],[33.81175,54.90473],[33.81471,54.9036],[33.82279,54.8964],[33.82917,54.89583],[33.83159,54.89548],[33.83508,54.89202],[33.85588,54.89131],[33.86008,54.89548],[33.86909,54.89619],[33.87258,54.89965],[33.89755,54.90035],[33.90174,54.89619],[33.91005,54.89548],[33.91631,54.90171],[33.91702,54.90659],[33.92255,54.91214],[33.93159,54.91285],[33.93508,54.91631],[33.97326,54.91702],[33.98298,54.92671],[33.98333,54.92917],[33.98966,54.92978],[33.99367,54.93272],[34.01582,54.93402],[34.02438,54.94367],[34.02616,54.94989],[34.03125,54.95361],[34.03534,54.95062],[34.04383,54.94938],[34.04953,54.94522],[34.05216,54.94645],[34.06176,54.95478],[34.07818,54.95347],[34.07978,54.94784],[34.08272,54.94383],[34.08426,54.93843],[34.08966,54.93688],[34.09367,54.93395],[34.10216,54.93272],[34.11034,54.92562],[34.1201,54.9242],[34.12083,54.91667],[34.12716,54.91728],[34.13534,54.92438],[34.1409,54.92597],[34.14248,54.93682],[34.16883,54.93812],[34.17384,54.94178],[34.175,54.94583],[34.17832,54.94668],[34.17973,54.95221],[34.18277,54.95612],[34.18333,54.95833],[34.17279,54.9589],[34.16888,54.96193],[34.14362,54.96307],[34.13971,54.9661],[34.13112,54.96723],[34.12721,54.97027],[34.12279,54.9714],[34.11888,54.97443],[34.11029,54.97557],[34.10638,54.9786],[34.10196,54.97973],[34.09647,54.98431],[34.0952,55.00326],[34.09167,55.00417],[34.09228,55.01049],[34.09522,55.01451],[34.09699,55.02072],[34.10201,55.02438],[34.11176,55.0258],[34.11322,55.04068],[34.11883,55.04228],[34.12284,55.04522],[34.1375,55.04583],[34.13811,55.05217],[34.14185,55.05722],[34.14801,55.05894],[34.15728,55.06704],[34.15894,55.07301],[34.16189,55.07699],[34.16341,55.08243],[34.16993,55.08424],[34.17144,55.08967],[34.17439,55.09366],[34.17561,55.09801],[34.18373,55.10731],[34.17446,55.10894],[34.16786,55.10405],[34.16667,55.10833],[34.16909,55.10869],[34.17258,55.11215],[34.175,55.1125],[34.17557,55.11471],[34.1786,55.11862],[34.17983,55.13243],[34.18554,55.1339],[34.19362,55.1411],[34.19915,55.14252],[34.2,55.14583],[34.20221,55.1464],[34.21156,55.15473],[34.24388,55.1536],[34.24779,55.15057],[34.25332,55.14915],[34.25538,55.1411],[34.26054,55.14223],[34.26553,55.1461],[34.26723,55.13946],[34.27027,55.13554],[34.27173,55.12984],[34.29066,55.11193],[34.30221,55.11307],[34.30625,55.1162],[34.31029,55.11307],[34.32721,55.11193],[34.33541,55.10463],[34.34092,55.1089],[34.35743,55.10769],[34.35833,55.10417],[34.36047,55.10481],[34.36669,55.10969],[34.35898,55.1187],[34.35769,55.12297],[34.35481,55.12703],[34.35352,55.14908],[34.3688,55.15064],[34.37286,55.15352],[34.38964,55.15481],[34.3937,55.15769],[34.4063,55.15898],[34.41178,55.16327],[34.4125,55.175],[34.401,55.17568],[34.39907,55.18241],[34.39105,55.1847],[34.39246,55.1951],[34.4,55.19583],[34.40061,55.20217],[34.40501,55.20762],[34.41884,55.20894],[34.42292,55.21196],[34.42699,55.20894],[34.432,55.20773],[34.43394,55.21467],[34.43836,55.22015],[34.45634,55.22144],[34.46866,55.23273],[34.47301,55.23394],[34.47699,55.23689],[34.48967,55.23811],[34.49375,55.24113],[34.49924,55.23706],[34.50766,55.2383],[34.50833,55.25],[34.50735,55.25345],[34.49367,55.25478],[34.48836,55.25866],[34.48671,55.27004],[34.47701,55.27145],[34.46359,55.28369],[34.4625,55.2875],[34.46572,55.28826],[34.47136,55.29482],[34.4703,55.29808],[34.46197,55.30725],[34.46339,55.31173],[34.46667,55.3125],[34.46667,55.32083],[34.46601,55.32827],[34.46029,55.32973],[34.44804,55.3411],[34.44362,55.34223],[34.43971,55.34527],[34.41029,55.3464],[34.40638,55.34943],[34.38946,55.35057],[34.38126,55.35787],[34.37721,55.35473],[34.36446,55.3536],[34.35638,55.3464],[34.35085,55.34498],[34.34943,55.33946],[34.3464,55.33554],[34.34527,55.33112],[34.34223,55.32721],[34.34167,55.325],[34.33924,55.32535],[34.33542,55.32915],[34.32742,55.32119],[34.31667,55.32083],[34.30498,55.32152],[34.30355,55.33133],[34.30062,55.33534],[34.29938,55.33797],[34.30355,55.34367],[34.30478,55.35047],[34.29967,55.35747],[34.28951,55.35895],[34.28337,55.36386],[34.28761,55.36967],[34.29508,55.37181],[34.29645,55.38197],[34.28743,55.38455],[34.29105,55.38951],[34.2924,55.40336],[34.30348,55.40498],[34.30417,55.41667],[34.30327,55.42016],[34.29092,55.4214],[34.28541,55.41713],[34.27721,55.42443],[34.26592,55.42557],[34.26042,55.4213],[34.25638,55.42443],[34.25085,55.42585],[34.24915,55.43248],[34.24233,55.43423],[34.24167,55.44167],[34.24079,55.44509],[34.23259,55.4464],[34.22708,55.44214],[34.22304,55.44527],[34.21862,55.4464],[34.21054,55.4536],[34.20612,55.45473],[34.19793,55.46204],[34.19388,55.4589],[34.18946,55.45777],[34.18542,55.45464],[34.18138,55.45777],[34.17205,55.4589],[34.17083,55.45417],[34.1714,55.45196],[34.17499,55.44733],[34.16888,55.44223],[34.15099,55.44103],[34.14223,55.43138],[34.1411,55.41029],[34.13807,55.40638],[34.13679,55.39672],[34.13112,55.39527],[34.12721,55.39223],[34.12123,55.3907],[34.1161,55.38408],[34.11723,55.38112],[34.12027,55.37721],[34.12149,55.3634],[34.125,55.3625],[34.12443,55.36029],[34.11723,55.35221],[34.11582,55.34668],[34.11029,55.34527],[34.10638,55.34223],[34.10196,55.3411],[34.08971,55.32973],[34.08529,55.3286],[34.07594,55.32027],[34.06029,55.3214],[34.05638,55.32443],[34.05196,55.32557],[34.04804,55.3286],[34.04167,55.32917],[34.04101,55.3366],[34.0375,55.3375],[34.03529,55.33807],[34.03138,55.3411],[34.01029,55.34223],[34.00777,55.34462],[34.01693,55.34697],[34.01307,55.35196],[34.01193,55.35638],[34.00744,55.36176],[33.99925,55.36307],[33.99388,55.3589],[33.99167,55.35833],[33.98835,55.35918],[33.9875,55.3625],[33.98693,55.36888],[33.9839,55.37279],[33.98248,55.37832],[33.97917,55.37917],[33.97993,55.38666],[33.98964,55.38814],[33.99457,55.39164],[33.99648,55.39797],[34.00029,55.40335],[34.01692,55.40504],[34.01314,55.41036],[34.01186,55.41464],[34.00836,55.41957],[34.00417,55.42083],[34.00303,55.42526],[33.99804,55.4214],[33.98665,55.42027],[33.97984,55.42595],[33.9786,55.43825],[33.98373,55.44487],[33.9875,55.44583],[33.98715,55.44826],[33.97329,55.46214],[33.97083,55.4625],[33.97145,55.47716],[33.97855,55.48534],[33.97978,55.499],[33.96867,55.50062],[33.9632,55.50499],[33.96179,55.52419],[33.95201,55.52562],[33.94799,55.52855],[33.94536,55.52978],[33.93958,55.52556],[33.93549,55.52855],[33.93117,55.52978],[33.92584,55.53368],[33.92438,55.54447],[33.93133,55.54645],[33.93534,55.54938],[33.94383,55.55062],[33.94784,55.55355],[33.95346,55.55516],[33.95478,55.56983],[33.94264,55.5716],[33.94105,55.57716],[33.93812,55.58117],[33.93657,55.58657],[33.93333,55.5875],[33.9339,55.58971],[33.93693,55.59362],[33.9384,55.59934],[33.95221,55.60057],[33.96446,55.61193],[33.96888,55.61307],[33.97279,55.6161],[33.97721,55.61723],[33.98112,55.62027],[33.9875,55.62083],[33.98807,55.62304],[33.9911,55.62696],[33.99229,55.64909],[33.99804,55.65057],[34.00196,55.6536],[34.01054,55.65473],[34.01446,55.65777],[34.02012,55.65922],[34.0214,55.66888],[34.02443,55.67279],[34.025,55.675],[34.02716,55.67562],[34.03117,55.67855],[34.04214,55.67978],[34.04784,55.67562],[34.05074,55.67438],[34.06034,55.68272],[34.07004,55.68413],[34.07145,55.69383],[34.07511,55.69884],[34.08262,55.70099],[34.08333,55.70833],[34.07284,55.70895],[34.06783,55.71261],[34.06605,55.71883],[34.06239,55.72384],[34.05617,55.72562],[34.05208,55.72861],[34.04383,55.72145],[34.02701,55.72022],[34.02299,55.71728],[34.01203,55.71605],[34.00633,55.72022],[33.97284,55.72145],[33.96361,55.72946],[33.96188,55.73549],[33.95895,55.73951],[33.95772,55.74799],[33.95062,55.75617],[33.94919,55.76596],[33.93117,55.76728],[33.92716,55.77022],[33.91176,55.77145],[33.90216,55.76312],[33.89093,55.76188],[33.88133,55.77022],[33.8718,55.7716],[33.86991,55.77824],[33.86667,55.77917],[33.86744,55.78673],[33.875,55.7875],[33.87566,55.79493],[33.88138,55.7964],[33.89362,55.80777],[33.89804,55.8089],[33.90196,55.81193],[33.90638,55.81307],[33.91029,55.8161],[33.92304,55.81723],[33.92851,55.82179],[33.92917,55.82917],[33.92832,55.83248],[33.92279,55.8339],[33.91763,55.8379],[33.9161,55.84388],[33.91158,55.8493],[33.90196,55.85057],[33.89804,55.8536],[33.88675,55.85473],[33.88138,55.85057],[33.87425,55.84943],[33.86888,55.8536],[33.86316,55.85507],[33.8625,55.8625],[33.85833,55.8625],[33.8589,55.86471],[33.8629,55.86987],[33.86998,55.87168],[33.8714,55.87721],[33.87443,55.88112],[33.875,55.88333],[33.87437,55.88548],[33.87146,55.88952],[33.8702,55.91465],[33.8673,55.91869],[33.86604,55.92152],[33.87437,55.93119],[33.87563,55.93548],[33.8827,55.94369],[33.88396,55.94623],[33.87912,55.95296],[33.87285,55.9548],[33.86881,55.9577],[33.86035,55.95896],[33.85421,55.96383],[33.8577,55.96869],[33.85896,55.97298],[33.8797,55.99491],[33.87841,56.00758],[33.86452,56.00896],[33.86048,56.01187],[33.85099,56.01328],[33.85,56.01667],[33.83508,56.01702],[33.83159,56.02048],[33.79758,56.02119],[33.79409,56.02465],[33.78579,56.02535],[33.78159,56.02119],[33.77083,56.02083],[33.76424,56.02119],[33.75659,56.02881],[33.75174,56.02952],[33.74375,56.03749],[33.73958,56.03335],[33.73542,56.03749],[33.73159,56.03369],[33.71912,56.03298],[33.71458,56.03749],[33.70452,56.02745],[33.70381,56.02258],[33.70035,56.01909],[33.7,56.0125],[33.69668,56.01335],[33.69527,56.01888],[33.69223,56.02279],[33.69076,56.02853],[33.67279,56.02973],[33.65894,56.04269],[33.65833,56.05833],[33.65748,56.06165],[33.65417,56.0625],[33.63828,56.0632],[33.6375,56.07083],[33.63807,56.07304],[33.6412,56.07708],[33.63797,56.08125],[33.6411,56.08529],[33.64223,56.09241],[33.63797,56.09792],[33.6411,56.10196],[33.64223,56.12177],[33.63275,56.13241],[33.62566,56.13423],[33.62434,56.1491],[33.61731,56.1509],[33.6161,56.16741],[33.62027,56.17279],[33.62083,56.1875],[33.61862,56.18693],[33.61458,56.1838],[33.61054,56.18693],[33.59779,56.18807],[33.59388,56.1911],[33.58112,56.19223],[33.57721,56.19527],[33.55196,56.1964],[33.54804,56.19943],[33.53259,56.20057],[33.52721,56.1964],[33.5199,56.19527],[33.51054,56.2036],[33.49779,56.20473],[33.49375,56.20786],[33.48971,56.20473],[33.48112,56.2036],[33.47721,56.20057],[33.47279,56.19943],[33.46366,56.1913],[33.46193,56.19804],[33.45321,56.20767],[33.44092,56.2089],[33.43554,56.20473],[33.425,56.20417],[33.42258,56.20381],[33.41909,56.20035],[33.41495,56.19965],[33.41076,56.20381],[33.40591,56.20452],[33.39826,56.21215],[33.39583,56.2125],[33.39252,56.21335],[33.3911,56.21888],[33.38797,56.22292],[33.3911,56.22696],[33.39223,56.23138],[33.39527,56.23529],[33.39668,56.24082],[33.40351,56.24257],[33.40483,56.25743],[33.41054,56.2589],[33.41862,56.2661],[33.42158,56.26723],[33.42696,56.26307],[33.43825,56.26193],[33.44362,56.2661],[33.44804,56.26723],[33.45196,56.27027],[33.46054,56.2714],[33.46458,56.27453],[33.46862,56.2714],[33.47158,56.27027],[33.47696,56.27443],[33.48971,56.27557],[33.49518,56.28013],[33.49583,56.2875],[33.50345,56.28828],[33.50417,56.3],[33.48953,56.30064],[33.4813,56.30769],[33.4687,56.30898],[33.46463,56.31186],[33.45801,56.31314],[33.45213,56.30898],[33.43718,56.30769],[33.4313,56.31186],[33.4187,56.31314],[33.41463,56.31602],[33.40384,56.31731],[33.39797,56.31314],[33.38537,56.31186],[33.3813,56.30898],[33.37884,56.30769],[33.37297,56.31186],[33.3687,56.31314],[33.36047,56.32019],[33.3562,56.32148],[33.35082,56.32529],[33.34923,56.34093],[33.3302,56.34239],[33.32813,56.34928],[33.31037,56.35064],[33.3063,56.35352],[33.30417,56.35417],[33.30174,56.35381],[33.29409,56.34619],[33.28924,56.34548],[33.28576,56.34202],[33.27329,56.34131],[33.26909,56.34548],[33.26008,56.34619],[33.25659,56.34965],[33.23579,56.35035],[33.23159,56.34619],[33.22674,56.34548],[33.22326,56.34202],[33.21424,56.34131],[33.20242,56.32952],[33.19758,56.32881],[33.19409,56.32535],[33.18924,56.32465],[33.17742,56.31285],[33.175,56.3125],[33.17168,56.31335],[33.17027,56.31888],[33.16192,56.32825],[33.15502,56.33002],[33.1536,56.33554],[33.15057,56.33946],[33.14943,56.34241],[33.1536,56.34779],[33.15473,56.35221],[33.16193,56.36029],[33.16307,56.38212],[33.15612,56.3839],[33.15221,56.38693],[33.14779,56.38807],[33.14388,56.3911],[33.13529,56.39223],[33.13138,56.39527],[33.125,56.39583],[33.12415,56.39915],[33.12083,56.4],[33.11998,56.40332],[33.11446,56.40473],[33.11054,56.40777],[33.10502,56.40918],[33.10417,56.4125],[33.09758,56.41285],[33.09409,56.41631],[33.08508,56.41702],[33.08159,56.42048],[33.07917,56.42083],[33.07696,56.4214],[33.07304,56.42443],[33.06862,56.42557],[33.06458,56.4287],[33.06054,56.42557],[33.05759,56.42443],[33.05221,56.4286],[33.03946,56.42973],[33.03009,56.43808],[33.02832,56.44498],[33.02168,56.44668],[33.02027,56.45221],[33.01723,56.45612],[33.0161,56.48554],[33.01307,56.48946],[33.01165,56.49498],[33.00477,56.49675],[33.00417,56.5125],[32.99583,56.5125],[32.99462,56.50777],[32.98836,56.50914],[32.9875,56.5125],[32.97917,56.5125],[32.97832,56.50918],[32.975,56.50833],[32.95833,56.50833],[32.94779,56.50777],[32.94388,56.50473],[32.93422,56.50346],[32.93333,56.5],[32.93258,56.49679],[32.92308,56.48803],[32.90927,56.48689],[32.90785,56.48233],[32.91197,56.47725],[32.9125,56.46667],[32.91184,56.45923],[32.90833,56.45833],[32.90717,56.45428],[32.90208,56.45056],[32.8963,56.45478],[32.88951,56.45355],[32.88549,56.45062],[32.87284,56.44938],[32.86883,56.44645],[32.85497,56.4451],[32.8534,56.43431],[32.84784,56.43272],[32.84383,56.42978],[32.83951,56.42855],[32.83549,56.42562],[32.82984,56.424],[32.82917,56.4125],[32.81008,56.41215],[32.80659,56.40869],[32.79829,56.40798],[32.79409,56.41215],[32.77674,56.41285],[32.77326,56.41631],[32.75417,56.41667],[32.75071,56.41755],[32.74929,56.42828],[32.74362,56.42973],[32.73554,56.43693],[32.72279,56.43807],[32.71888,56.4411],[32.70612,56.44223],[32.70221,56.44527],[32.7,56.44583],[32.69257,56.44517],[32.69082,56.43835],[32.68529,56.43693],[32.68138,56.4339],[32.67696,56.43277],[32.66367,56.42044],[32.66159,56.42855],[32.63675,56.42973],[32.63138,56.42557],[32.62842,56.42443],[32.62304,56.4286],[32.61752,56.43002],[32.6161,56.43554],[32.61307,56.43946],[32.61184,56.45327],[32.60612,56.45473],[32.6007,56.45925],[32.59929,56.46995],[32.59362,56.4714],[32.58971,56.47443],[32.57842,56.47557],[32.57304,56.4714],[32.57083,56.47083],[32.57048,56.47326],[32.56495,56.47881],[32.55,56.47917],[32.52995,56.47985],[32.52917,56.4875],[32.5286,56.48971],[32.52047,56.49884],[32.525,56.5],[32.52465,56.50242],[32.52119,56.50591],[32.52083,56.50833],[32.52299,56.50895],[32.53641,56.52119],[32.53847,56.5284],[32.54921,56.52996],[32.55062,56.53966],[32.55355,56.54367],[32.55478,56.57716],[32.55772,56.58117],[32.55895,56.58982],[32.5537,56.59228],[32.54799,56.58812],[32.54522,56.58688],[32.53825,56.59245],[32.53688,56.6049],[32.54528,56.61458],[32.54228,56.61867],[32.54105,56.62716],[32.52477,56.64458],[32.53241,56.64676],[32.53395,56.65216],[32.53688,56.65617],[32.53812,56.66049],[32.54105,56.66451],[32.54228,56.66947],[32.53534,56.67145],[32.52716,56.67855],[32.51451,56.67978],[32.5058,56.68734],[32.50355,56.69214],[32.50845,56.69884],[32.51574,56.70093],[32.51667,56.70417],[32.5188,56.70352],[32.52286,56.70064],[32.5313,56.69936],[32.54077,56.69125],[32.54167,56.7],[32.54167,56.70417],[32.54202,56.70659],[32.54965,56.71424],[32.55,56.71667],[32.54519,56.71811],[32.54648,56.7313],[32.57019,56.7562],[32.5716,56.77006],[32.57917,56.77083],[32.57917,56.77917],[32.58002,56.78248],[32.58333,56.78333],[32.58333,56.79167],[32.58264,56.80749],[32.57215,56.80909],[32.57019,56.81282],[32.57436,56.8187],[32.57564,56.82713],[32.57852,56.8312],[32.57981,56.84199],[32.57502,56.84875],[32.58332,56.85125],[32.57981,56.8562],[32.57852,56.86047],[32.57148,56.8687],[32.57009,56.88673],[32.555,56.88826],[32.55352,56.89797],[32.55064,56.90203],[32.54904,56.90737],[32.54583,56.90833],[32.53946,56.9089],[32.53138,56.9161],[32.52009,56.91723],[32.51471,56.91307],[32.51029,56.91193],[32.50625,56.9088],[32.50097,56.9129],[32.49908,56.92025],[32.45833,56.92083],[32.44758,56.92048],[32.44409,56.91702],[32.42674,56.91631],[32.42326,56.91285],[32.41667,56.9125],[32.39758,56.91215],[32.39409,56.90869],[32.38995,56.90798],[32.38576,56.91215],[32.38091,56.91285],[32.37742,56.91631],[32.37258,56.91702],[32.36909,56.92048],[32.36008,56.92119],[32.35659,56.92465],[32.35174,56.92535],[32.34826,56.92881],[32.3375,56.92917],[32.33661,56.93262],[32.32696,56.9339],[32.32304,56.93693],[32.30507,56.93814],[32.30332,56.94498],[32.29779,56.9464],[32.29388,56.94943],[32.28946,56.95057],[32.28554,56.9536],[32.28112,56.95473],[32.27721,56.95777],[32.27168,56.95918],[32.2697,56.96693],[32.26471,56.96307],[32.26029,56.96193],[32.25221,56.95473],[32.24509,56.9536],[32.23971,56.95777],[32.23675,56.9589],[32.23138,56.95473],[32.21446,56.9536],[32.21054,56.95057],[32.20323,56.94943],[32.19388,56.95777],[32.18007,56.95899],[32.17827,56.96601],[32.17083,56.96667],[32.14779,56.9661],[32.14375,56.96297],[32.13971,56.9661],[32.1324,56.96723],[32.12293,56.9588],[32.11888,56.96193],[32.11446,56.96307],[32.11054,56.9661],[32.10121,56.96723],[32.1,56.9625],[32.09341,56.96285],[32.08992,56.96631],[32.07329,56.96702],[32.06875,56.96251],[32.06492,56.96631],[32.04341,56.96702],[32.03992,56.97048],[32.01008,56.97119],[32.00659,56.97465],[31.99758,56.97535],[31.98159,56.99131],[31.97083,56.99167],[31.97083,57.00417],[31.975,57.00417],[31.99409,57.00452],[32.0,57.0104],[31.99619,57.01424],[31.99583,57.02917],[31.99259,57.03009],[31.99105,57.03549],[31.98812,57.03951],[31.98688,57.05633],[31.98272,57.06203],[31.98497,57.06683],[31.99367,57.07438],[32.00337,57.07579],[32.00517,57.08812],[32.01049,57.08688],[32.0162,57.08272],[32.0365,57.08402],[32.03887,57.09228],[32.04799,57.09105],[32.0537,57.08688],[32.06049,57.08812],[32.06451,57.09105],[32.07299,57.09228],[32.0787,57.09645],[32.08549,57.09522],[32.08958,57.09223],[32.09367,57.09522],[32.09583,57.09583],[32.09527,57.09804],[32.0824,57.1118],[32.07172,57.11321],[32.07083,57.11667],[32.06761,57.11743],[32.06197,57.12398],[32.0634,57.1284],[32.06667,57.12917],[32.075,57.12917],[32.07434,57.1366],[32.07083,57.1375],[32.07149,57.14493],[32.07877,57.1468],[32.08277,57.15196],[32.08422,57.15762],[32.09388,57.1589],[32.09792,57.16203],[32.10209,57.1588],[32.11029,57.1661],[32.12083,57.16667],[32.12326,57.16631],[32.12708,57.16251],[32.13091,57.16631],[32.13333,57.16667],[32.13992,57.16702],[32.14375,57.17082],[32.14829,57.16631],[32.16492,57.16702],[32.16875,57.17082],[32.17258,57.16702],[32.19409,57.16631],[32.19758,57.16285],[32.22083,57.1625],[32.22818,57.16322],[32.22978,57.16883],[32.23272,57.17284],[32.23395,57.17716],[32.23761,57.18217],[32.24383,57.18395],[32.24784,57.18688],[32.25765,57.18831],[32.25833,57.2],[32.26667,57.2],[32.26909,57.20035],[32.27292,57.20415],[32.28162,57.19548],[32.28992,57.19619],[32.29341,57.19965],[32.29583,57.2],[32.29826,57.20035],[32.30174,57.20381],[32.30659,57.20452],[32.31424,57.21215],[32.33159,57.21285],[32.34412,57.22535],[32.37326,57.22465],[32.37674,57.22119],[32.39826,57.22048],[32.40174,57.21702],[32.44409,57.21631],[32.44792,57.21251],[32.45208,57.21665],[32.45591,57.21285],[32.4625,57.2125],[32.46307,57.21471],[32.47027,57.22279],[32.4714,57.23629],[32.46667,57.2375],[32.46736,57.25332],[32.47714,57.25481],[32.48536,57.26186],[32.49087,57.26351],[32.49231,57.27297],[32.49492,57.27564],[32.49661,57.25903],[32.52949,57.25769],[32.53624,57.26248],[32.5375,57.26667],[32.54388,57.2661],[32.54925,57.26193],[32.55221,57.26307],[32.56041,57.27037],[32.56446,57.26723],[32.57044,57.2657],[32.57443,57.26054],[32.57585,57.25502],[32.58138,57.2536],[32.58675,57.24943],[32.60638,57.25057],[32.61029,57.2536],[32.61888,57.25473],[32.62696,57.26193],[32.64167,57.2625],[32.64264,57.26598],[32.65887,57.26727],[32.66591,57.26206],[32.67437,57.26331],[32.675,57.29167],[32.68554,57.2911],[32.68958,57.28797],[32.69362,57.2911],[32.70328,57.29238],[32.70538,57.30057],[32.71054,57.29943],[32.71446,57.2964],[32.73554,57.29527],[32.74092,57.2911],[32.74566,57.29292],[32.74943,57.29779],[32.75057,57.30221],[32.7536,57.30612],[32.75513,57.3121],[32.76029,57.3161],[32.76995,57.31738],[32.7714,57.32304],[32.77453,57.32708],[32.7714,57.33112],[32.77027,57.33971],[32.7661,57.34509],[32.76723,57.36054],[32.77027,57.36446],[32.77147,57.38235],[32.77696,57.38693],[32.77917,57.3875],[32.77881,57.40242],[32.77535,57.40591],[32.775,57.42083],[32.77742,57.42119],[32.78162,57.42535],[32.79826,57.42465],[32.80208,57.42085],[32.81078,57.42952],[32.83992,57.42881],[32.84412,57.42465],[32.85659,57.42535],[32.86008,57.42881],[32.86492,57.42952],[32.86841,57.43298],[32.87742,57.43369],[32.88162,57.43785],[32.90242,57.43715],[32.90591,57.43369],[32.93333,57.43333],[32.93665,57.43418],[32.93807,57.43971],[32.9411,57.44362],[32.94233,57.45743],[32.94929,57.45922],[32.95071,57.46995],[32.95767,57.47173],[32.9589,57.48554],[32.96193,57.48946],[32.96307,57.50712],[32.95502,57.50918],[32.9536,57.51471],[32.95057,57.51862],[32.94943,57.52304],[32.94491,57.52846],[32.93422,57.52988],[32.93277,57.53554],[32.92973,57.53946],[32.9286,57.56471],[32.92557,57.56862],[32.92443,57.57575],[32.9286,57.58112],[32.93005,57.58679],[32.94078,57.58821],[32.94167,57.59167],[32.96909,57.59202],[32.97258,57.59548],[32.98159,57.59619],[32.98542,57.59999],[33.01008,57.57535],[33.02742,57.57465],[33.03125,57.57085],[33.03995,57.57952],[33.05245,57.57881],[33.05798,57.57326],[33.05833,57.56667],[33.0597,57.56188],[33.06466,57.56312],[33.07036,57.56728],[33.07431,57.56543],[33.07574,57.5508],[33.08549,57.54938],[33.08951,57.54645],[33.09383,57.54522],[33.09784,57.54228],[33.10216,57.54105],[33.10617,57.53812],[33.11466,57.53688],[33.11867,57.53395],[33.12083,57.53333],[33.12119,57.53088],[33.12674,57.52535],[33.13576,57.52465],[33.13924,57.52119],[33.15242,57.52048],[33.15591,57.51702],[33.17742,57.51631],[33.18162,57.51215],[33.18576,57.51285],[33.18924,57.51631],[33.2,57.51667],[33.20035,57.51424],[33.20381,57.51076],[33.20452,57.50174],[33.20798,57.49826],[33.20833,57.49167],[33.21076,57.49131],[33.21424,57.48785],[33.2375,57.4875],[33.24826,57.48715],[33.25245,57.48298],[33.26076,57.48369],[33.26424,57.48715],[33.27326,57.48785],[33.27745,57.49202],[33.29826,57.49131],[33.31078,57.47881],[33.33159,57.47952],[33.34341,57.49131],[33.35,57.49167],[33.35,57.4875],[33.34943,57.48112],[33.32973,57.46054],[33.3286,57.45196],[33.32557,57.44804],[33.32443,57.43529],[33.32027,57.42991],[33.32157,57.42173],[33.32696,57.41723],[33.36159,57.41606],[33.36342,57.40892],[33.37279,57.40057],[33.37721,57.39943],[33.38259,57.39527],[33.38971,57.3964],[33.39375,57.39953],[33.39779,57.3964],[33.4125,57.39583],[33.41285,57.37258],[33.41702,57.36838],[33.41631,57.35174],[33.41285,57.34826],[33.4125,57.34583],[33.41596,57.34495],[33.41723,57.33529],[33.4214,57.32991],[33.41958,57.32518],[33.41471,57.3214],[33.41029,57.32027],[33.40638,57.31723],[33.40085,57.31582],[33.39943,57.31029],[33.39585,57.30566],[33.40196,57.30057],[33.40638,57.29943],[33.41029,57.2964],[33.41601,57.29493],[33.41733,57.28007],[33.42304,57.2786],[33.42696,57.27557],[33.43554,57.27443],[33.44362,57.26723],[33.45737,57.26601],[33.46193,57.26054],[33.4625,57.25833],[33.43091,57.25798],[33.42708,57.25418],[33.42292,57.25832],[33.41909,57.25452],[33.41424,57.25381],[33.40242,57.24202],[33.39341,57.24131],[33.38992,57.23785],[33.3875,57.2375],[33.38418,57.23665],[33.38277,57.23112],[33.37973,57.22721],[33.37832,57.22168],[33.375,57.22083],[33.37597,57.21743],[33.38653,57.2159],[33.38866,57.20845],[33.39367,57.20478],[33.40216,57.20355],[33.41034,57.19645],[33.42716,57.19522],[33.43534,57.18812],[33.44504,57.18671],[33.4466,57.17597],[33.45405,57.17384],[33.45772,57.16883],[33.45833,57.16667],[33.4625,57.16667],[33.46909,57.16631],[33.47258,57.16285],[33.475,57.1625],[33.47742,57.16285],[33.48091,57.16631],[33.48576,57.16702],[33.48924,57.17048],[33.49583,57.17083],[33.51585,57.17018],[33.51744,57.1593],[33.52299,57.15772],[33.52701,57.15478],[33.53133,57.15355],[33.53534,57.15062],[33.55833,57.15],[33.56492,57.14965],[33.56841,57.14619],[33.57326,57.14548],[33.57674,57.14202],[33.58159,57.14131],[33.58508,57.13785],[33.59829,57.13714],[33.60381,57.13159],[33.60417,57.12917],[33.6047,57.12692],[33.61303,57.11775],[33.61161,57.11327],[33.60833,57.1125],[33.60833,57.10417],[33.60899,57.10204],[33.61741,57.09239],[33.64379,57.09101],[33.64788,57.08816],[33.66591,57.08674],[33.66732,57.06871],[33.67077,57.06377],[33.66331,57.06146],[33.66169,57.05104],[33.65423,57.04873],[33.65824,57.04298],[33.66568,57.04068],[33.66732,57.03538],[33.67109,57.02998],[33.68775,57.02851],[33.69371,57.03268],[33.72108,57.03399],[33.72704,57.02982],[33.73808,57.02851],[33.74874,57.03758],[33.75,57.04167],[33.75377,57.0407],[33.7589,57.03408],[33.75777,57.02696],[33.7539,57.02197],[33.76165,57.01998],[33.76335,57.01335],[33.77025,57.01158],[33.7786,57.00221],[33.77917,57.0],[33.78992,57.00035],[33.79341,57.00381],[33.79583,57.00417],[33.79804,57.00473],[33.80196,57.00777],[33.80638,57.0089],[33.81029,57.01193],[33.82721,57.01307],[33.84362,57.0286],[33.84929,57.03005],[33.85057,57.03971],[33.8536,57.04362],[33.85502,57.04915],[33.86165,57.05085],[33.86307,57.05638],[33.8661,57.06029],[33.86783,57.06703],[33.87823,57.05777],[33.89804,57.0589],[33.90196,57.06193],[33.91471,57.06307],[33.91862,57.0661],[33.92721,57.06723],[33.93112,57.07027],[33.93971,57.0714],[33.94362,57.07443],[33.95221,57.07557],[33.96862,57.0911],[33.97083,57.09167],[33.97144,57.10742],[33.97856,57.10925],[33.97917,57.125],[33.98013,57.1282],[33.98547,57.12981],[33.98953,57.13269],[33.99899,57.13413],[34.00104,57.14095],[34.02006,57.14241],[34.02083,57.15],[34.0134,57.15066],[34.01193,57.15638],[34.0089,57.16029],[34.00777,57.18138],[34.00377,57.18653],[34.0,57.1875],[33.99965,57.18992],[33.98995,57.19965],[33.94829,57.20035],[33.94409,57.19619],[33.93508,57.19548],[33.93159,57.19202],[33.9,57.19167],[33.89788,57.19232],[33.89379,57.19518],[33.88954,57.19649],[33.88129,57.20351],[33.87704,57.20482],[33.87296,57.20768],[33.84241,57.20905],[33.84167,57.22083],[33.8492,57.22157],[33.85077,57.23236],[33.85633,57.23395],[33.86034,57.23688],[33.86637,57.23861],[33.87438,57.24784],[33.87616,57.25405],[33.88117,57.25772],[33.88333,57.25833],[33.88992,57.25869],[33.89548,57.26421],[33.89583,57.26667],[33.90221,57.2661],[33.90626,57.26296],[33.92279,57.2786],[33.93554,57.27973],[33.93946,57.28277],[33.94498,57.28418],[33.94583,57.2875],[33.96471,57.28693],[33.96934,57.28335],[33.97443,57.28946],[33.97592,57.29525],[33.98529,57.3036],[34.00326,57.3048],[34.00508,57.31189],[34.02083,57.3125],[34.0214,57.31471],[34.02443,57.31862],[34.02557,57.32304],[34.0286,57.32696],[34.03038,57.3339],[34.04388,57.33277],[34.04779,57.32973],[34.05377,57.3282],[34.05777,57.32304],[34.05833,57.32083],[34.06909,57.32119],[34.07258,57.32465],[34.07742,57.32535],[34.08162,57.32952],[34.08992,57.32881],[34.10245,57.31631],[34.10659,57.31702],[34.11042,57.32082],[34.11495,57.31631],[34.12326,57.31702],[34.12674,57.32048],[34.15,57.32083],[34.15071,57.3049],[34.17131,57.30367],[34.17892,57.30899],[34.19796,57.30768],[34.2029,57.30423],[34.20566,57.31316],[34.22296,57.31184],[34.22892,57.30768],[34.23962,57.30899],[34.24559,57.31316],[34.26046,57.31184],[34.26454,57.30899],[34.29796,57.30768],[34.30621,57.30066],[34.31046,57.29934],[34.31642,57.29518],[34.32296,57.29649],[34.32892,57.30066],[34.33962,57.29934],[34.34371,57.29649],[34.35212,57.29518],[34.35621,57.29232],[34.36152,57.29068],[34.36316,57.28538],[34.36601,57.28129],[34.36667,57.27917],[34.3741,57.27983],[34.375,57.28333],[34.37438,57.28549],[34.37145,57.28951],[34.37022,57.29383],[34.36605,57.29953],[34.36728,57.30633],[34.37091,57.31129],[34.36261,57.31366],[34.35889,57.31875],[34.36188,57.32284],[34.36324,57.3367],[34.37299,57.33812],[34.3787,57.34228],[34.38549,57.34105],[34.3912,57.33688],[34.40756,57.33822],[34.40862,57.34676],[34.40425,57.35274],[34.42701,57.37438],[34.43133,57.37562],[34.43951,57.38272],[34.44167,57.38333],[34.44202,57.38576],[34.44965,57.39341],[34.45035,57.41421],[34.44619,57.41841],[34.44548,57.42671],[34.44965,57.43091],[34.45,57.43333],[34.45085,57.43665],[34.45417,57.4375],[34.45833,57.4375],[34.45958,57.44165],[34.46453,57.43814],[34.46939,57.43686],[34.47148,57.4438],[34.48354,57.45714],[34.48964,57.45898],[34.49879,57.46682],[34.50103,57.47426],[34.51593,57.47578],[34.51731,57.49478],[34.5062,57.49648],[34.50126,57.49998],[34.49936,57.5063],[34.49648,57.51036],[34.49583,57.5125],[34.50242,57.51285],[34.50662,57.51702],[34.52742,57.51631],[34.53162,57.51215],[34.53576,57.51285],[34.54341,57.52048],[34.54583,57.52083],[34.54804,57.5214],[34.55196,57.52443],[34.55638,57.52557],[34.56029,57.5286],[34.57826,57.5298],[34.57973,57.53554],[34.5839,57.54092],[34.58277,57.54388],[34.5786,57.54925],[34.58042,57.55399],[34.58529,57.55777],[34.59388,57.5589],[34.59792,57.56203],[34.60342,57.55777],[34.63138,57.5589],[34.63529,57.56193],[34.64223,57.56371],[34.6411,57.56888],[34.63693,57.57425],[34.63875,57.57899],[34.64362,57.58277],[34.65737,57.58399],[34.66203,57.58958],[34.6589,57.59362],[34.65777,57.59804],[34.6536,57.60342],[34.65542,57.60816],[34.66029,57.61193],[34.6625,57.6125],[34.66193,57.61471],[34.65473,57.62279],[34.6536,57.63427],[34.66193,57.64362],[34.66307,57.66471],[34.66706,57.66987],[34.67415,57.67168],[34.67557,57.67721],[34.68392,57.68658],[34.69193,57.68864],[34.68807,57.69362],[34.6875,57.69583],[34.70221,57.6964],[34.70612,57.69943],[34.71471,57.70057],[34.72009,57.70473],[34.72721,57.7036],[34.73259,57.69943],[34.75638,57.70057],[34.76029,57.7036],[34.76471,57.70473],[34.76875,57.70786],[34.77279,57.70473],[34.80221,57.7036],[34.80759,57.69943],[34.82721,57.70057],[34.83259,57.70473],[34.84079,57.70343],[34.84259,57.69642],[34.87917,57.69583],[34.87881,57.70242],[34.87535,57.70591],[34.87465,57.71492],[34.86702,57.72258],[34.86667,57.725],[34.86037,57.72564],[34.85593,57.72879],[34.85352,57.73397],[34.86186,57.7437],[34.86314,57.75272],[34.85408,57.75545],[34.8619,57.76458],[34.85064,57.77703],[34.84926,57.79506],[34.83436,57.79658],[34.83269,57.80214],[34.82919,57.80707],[34.82286,57.80898],[34.81759,57.81272],[34.81602,57.82297],[34.80442,57.8358],[34.79937,57.83814],[34.78964,57.82981],[34.78536,57.82852],[34.7813,57.82564],[34.76634,57.82436],[34.76047,57.82852],[34.74786,57.82981],[34.7438,57.83269],[34.73855,57.83398],[34.73686,57.82286],[34.72981,57.81464],[34.72811,57.809],[34.70417,57.80833],[34.69758,57.80798],[34.69375,57.80418],[34.68159,57.81631],[34.67674,57.81702],[34.67119,57.82255],[34.67083,57.82917],[34.67017,57.8366],[34.66446,57.83807],[34.65509,57.84642],[34.6536,57.85221],[34.65047,57.85625],[34.6536,57.86029],[34.65473,57.86545],[34.64779,57.86723],[34.63842,57.87558],[34.63665,57.88248],[34.63333,57.88333],[34.6339,57.89804],[34.64537,57.91041],[34.64223,57.91446],[34.6411,57.91888],[34.63724,57.92386],[34.64498,57.92585],[34.6464,57.93138],[34.64943,57.93529],[34.65085,57.94082],[34.65638,57.94223],[34.66042,57.94536],[34.66545,57.94147],[34.67012,57.94251],[34.67154,57.95328],[34.67832,57.95502],[34.67973,57.96054],[34.68693,57.96862],[34.6875,57.97917],[34.70242,57.97952],[34.70591,57.98298],[34.72917,57.98333],[34.74409,57.98369],[34.74758,57.98715],[34.75659,57.98785],[34.76008,57.99131],[34.7625,57.99167],[34.76909,57.99202],[34.77258,57.99548],[34.77742,57.99619],[34.78162,58.00035],[34.79409,57.99965],[34.79758,57.99619],[34.80659,57.99548],[34.81042,57.99168],[34.81841,57.99965],[34.82083,58.0],[34.82083,57.9875],[34.82019,57.98536],[34.80769,57.97155],[34.80948,57.96758],[34.81464,57.96602],[34.82703,57.95481],[34.83398,57.95272],[34.83269,57.9437],[34.82564,57.93547],[34.8242,57.92601],[34.81664,57.92374],[34.81314,57.9188],[34.81186,57.91036],[34.80769,57.90449],[34.80898,57.89786],[34.81186,57.8938],[34.81327,57.87994],[34.82714,57.87852],[34.83536,57.87148],[34.8438,57.87019],[34.85203,57.86314],[34.86999,57.86177],[34.87166,57.85083],[34.88311,57.84908],[34.88686,57.8438],[34.88846,57.83846],[34.8938,57.83686],[34.89787,57.83398],[34.90213,57.83269],[34.90801,57.82852],[34.92297,57.82981],[34.92703,57.83269],[34.92917,57.83333],[34.93294,57.8343],[34.93693,57.83946],[34.93842,57.84525],[34.94779,57.8536],[34.95638,57.85473],[34.96029,57.85777],[34.9741,57.85899],[34.97597,57.86627],[34.98112,57.87027],[34.98554,57.8714],[34.99092,57.87557],[35.00221,57.87443],[35.00759,57.87027],[35.0241,57.87148],[35.02557,57.87721],[35.03277,57.88529],[35.03418,57.89082],[35.0375,57.89167],[35.04485,57.89095],[35.04676,57.88426],[35.05405,57.88217],[35.05772,57.87716],[35.05914,57.86737],[35.07716,57.86605],[35.08286,57.86188],[35.08777,57.86419],[35.09105,57.86867],[35.09303,57.87562],[35.09799,57.87438],[35.10201,57.87145],[35.10741,57.86991],[35.10833,57.86667],[35.11492,57.86702],[35.12258,57.87465],[35.1375,57.875],[35.13816,57.88243],[35.14167,57.88333],[35.15638,57.8839],[35.16029,57.88693],[35.17721,57.88807],[35.19374,57.90371],[35.19779,57.90057],[35.20075,57.89943],[35.20612,57.9036],[35.21054,57.90473],[35.21446,57.90777],[35.22721,57.9089],[35.23208,57.91268],[35.2339,57.91741],[35.22973,57.92279],[35.2286,57.92795],[35.23679,57.93005],[35.23807,57.93971],[35.24527,57.94779],[35.2464,57.95908],[35.24223,57.96446],[35.24167,57.97083],[35.23008,57.97146],[35.2286,57.97721],[35.22557,57.98112],[35.225,57.98333],[35.22258,57.98298],[35.21909,57.97952],[35.2125,57.97917],[35.21159,57.98271],[35.2,57.98333],[35.19142,57.98421],[35.19519,57.98953],[35.19648,57.99379],[35.19134,57.99648],[35.18541,57.99227],[35.17202,58.00438],[35.17019,58.01047],[35.16592,58.01593],[35.14687,58.01739],[35.14519,58.02297],[35.14231,58.02703],[35.14102,58.02949],[35.14523,58.03542],[35.11727,58.06458],[35.12019,58.0687],[35.12163,58.07815],[35.12841,58.08019],[35.12981,58.0923],[35.12148,58.10203],[35.12019,58.1063],[35.11731,58.11036],[35.11602,58.11282],[35.12081,58.11957],[35.125,58.12083],[35.12443,58.12721],[35.11984,58.13271],[35.09779,58.1339],[35.09375,58.13703],[35.08971,58.1339],[35.06592,58.13277],[35.0593,58.1379],[35.05748,58.14498],[35.05196,58.1464],[35.0468,58.1504],[35.04527,58.15638],[35.04223,58.16029],[35.0411,58.16325],[35.0461,58.1697],[35.04167,58.17083],[35.04167,58.175],[35.0375,58.175],[35.03715,58.17742],[35.02535,58.18924],[35.02465,58.19409],[35.02119,58.19758],[35.02083,58.20417],[35.02827,58.20483],[35.02973,58.21054],[35.03277,58.21446],[35.03333,58.2375],[35.06047,58.23686],[35.06634,58.23269],[35.07297,58.23398],[35.07884,58.23814],[35.0813,58.23686],[35.08718,58.23269],[35.08963,58.23398],[35.0937,58.23686],[35.09926,58.23853],[35.10077,58.25343],[35.1188,58.25481],[35.12287,58.25769],[35.12713,58.25898],[35.13301,58.26314],[35.14896,58.26177],[35.15,58.25833],[35.15346,58.25922],[35.15488,58.26995],[35.16054,58.2714],[35.16446,58.27443],[35.16888,58.27557],[35.18112,58.28693],[35.18554,58.28807],[35.19101,58.29263],[35.19167,58.3],[35.1961,58.30114],[35.19223,58.30612],[35.1911,58.31325],[35.19527,58.31862],[35.19583,58.33333],[35.19167,58.33333],[35.18953,58.33398],[35.18547,58.33686],[35.18301,58.33814],[35.17708,58.33394],[35.17297,58.33686],[35.15936,58.33824],[35.15737,58.34487],[35.15203,58.34648],[35.14797,58.34936],[35.12287,58.35064],[35.1188,58.35352],[35.08828,58.35486],[35.08686,58.3688],[35.08398,58.37287],[35.08228,58.37848],[35.04968,58.37981],[35.0438,58.37564],[35.0,58.375],[34.99943,58.37279],[34.9964,58.36888],[34.99513,58.35925],[34.98971,58.35473],[34.97696,58.3536],[34.97304,58.35057],[34.96862,58.34943],[34.96471,58.3464],[34.95196,58.34527],[34.94804,58.34223],[34.93112,58.3411],[34.92575,58.33693],[34.92279,58.33807],[34.91054,58.34943],[34.90502,58.35085],[34.90332,58.35748],[34.9,58.35833],[34.9,58.3625],[34.89367,58.36312],[34.88966,58.36605],[34.88534,58.36728],[34.88003,58.37116],[34.87837,58.38254],[34.86867,58.38395],[34.86466,58.38688],[34.84784,58.38812],[34.84383,58.39105],[34.83951,58.39228],[34.83549,58.39522],[34.82701,58.39645],[34.81883,58.40355],[34.81451,58.40478],[34.81049,58.40772],[34.80617,58.40895],[34.80216,58.41188],[34.79784,58.41312],[34.79383,58.41605],[34.78951,58.41728],[34.77191,58.43373],[34.77022,58.43966],[34.7617,58.44926],[34.75417,58.45],[34.7536,58.45221],[34.74908,58.45763],[34.73946,58.4589],[34.72721,58.47027],[34.72168,58.47168],[34.72083,58.475],[34.7214,58.48138],[34.72443,58.48529],[34.72585,58.49082],[34.73138,58.49223],[34.73529,58.49527],[34.74096,58.49672],[34.74223,58.50638],[34.74683,58.51189],[34.77304,58.51307],[34.77696,58.5161],[34.78267,58.51757],[34.78333,58.525],[34.77696,58.52557],[34.7718,58.52956],[34.77027,58.53554],[34.76723,58.53946],[34.76577,58.54516],[34.75342,58.5464],[34.74804,58.54223],[34.7449,58.5411],[34.73554,58.54943],[34.72696,58.55057],[34.72304,58.5536],[34.71446,58.55473],[34.71193,58.55712],[34.71888,58.5589],[34.72279,58.56193],[34.725,58.5625],[34.72465,58.57326],[34.71912,58.57881],[34.71424,58.57952],[34.71076,58.58298],[34.70245,58.58369],[34.69826,58.57952],[34.68995,58.57881],[34.68576,58.58298],[34.68091,58.58369],[34.67742,58.58715],[34.67083,58.5875],[34.67148,58.5938],[34.67439,58.59792],[34.67148,58.60203],[34.67019,58.6063],[34.66314,58.61453],[34.66149,58.62004],[34.65203,58.62148],[34.64797,58.62436],[34.63405,58.62578],[34.63333,58.6375],[34.63002,58.63835],[34.62917,58.64167],[34.62585,58.64252],[34.625,58.64583],[34.6228,58.64641],[34.61886,58.64942],[34.61206,58.65121],[34.61332,58.6576],[34.62303,58.65891],[34.62849,58.66342],[34.62917,58.67083],[34.61353,58.67144],[34.5911,58.6948],[34.59229,58.71997],[34.59484,58.72054],[34.59583,58.71667],[34.61177,58.71738],[34.61288,58.7361],[34.60351,58.73899],[34.60621,58.74101],[34.61169,58.7427],[34.61331,58.75313],[34.61667,58.75417],[34.61593,58.7617],[34.60617,58.76312],[34.59383,58.77438],[34.57284,58.77562],[34.56883,58.77855],[34.55786,58.77978],[34.55086,58.77467],[34.5492,58.76324],[34.53534,58.76188],[34.52574,58.75336],[34.52438,58.73951],[34.51722,58.73125],[34.52531,58.72193],[34.52422,58.71322],[34.50786,58.71188],[34.50208,58.71611],[34.49799,58.71312],[34.49243,58.71153],[34.4909,58.70097],[34.48534,58.69938],[34.47716,58.69228],[34.4674,58.69086],[34.46667,58.68333],[34.46453,58.68398],[34.45915,58.68779],[34.45756,58.7034],[34.4427,58.70491],[34.44065,58.7117],[34.4312,58.71314],[34.42708,58.71606],[34.42297,58.71314],[34.4187,58.71186],[34.41047,58.70481],[34.4062,58.70352],[34.40214,58.70064],[34.39968,58.69936],[34.39293,58.70414],[34.39102,58.71047],[34.38728,58.71575],[34.37601,58.71746],[34.375,58.72083],[34.36757,58.72149],[34.3661,58.72721],[34.36307,58.73112],[34.36162,58.73677],[34.35323,58.73807],[34.34388,58.72973],[34.32591,58.72853],[34.32415,58.72168],[34.31862,58.72027],[34.31054,58.71307],[34.30417,58.7125],[34.28529,58.71307],[34.28138,58.7161],[34.27696,58.71723],[34.26888,58.72443],[34.24779,58.72557],[34.23842,58.73392],[34.23693,58.73971],[34.22973,58.74779],[34.2286,58.75638],[34.22411,58.76176],[34.21592,58.76307],[34.21054,58.7589],[34.20612,58.75777],[34.20221,58.75473],[34.18871,58.7536],[34.18693,58.76054],[34.1839,58.76446],[34.18333,58.77083],[34.18091,58.77048],[34.17742,58.76702],[34.17083,58.76667],[34.16841,58.76631],[34.16458,58.76251],[34.16076,58.76631],[34.15174,58.76702],[34.14826,58.77048],[34.14412,58.77119],[34.13992,58.76702],[34.13508,58.76631],[34.13159,58.76285],[34.10174,58.76215],[34.09826,58.75869],[34.08091,58.75798],[34.07742,58.75452],[34.06841,58.75381],[34.06492,58.75035],[34.06079,58.74965],[34.05625,58.75415],[34.05242,58.75035],[34.04828,58.74965],[34.03992,58.75798],[34.0375,58.75833],[34.01867,58.75772],[34.01466,58.75478],[34.00201,58.75355],[33.99799,58.75062],[33.98703,58.74938],[33.98133,58.75355],[33.97453,58.75478],[33.96875,58.75056],[33.96466,58.75355],[33.93703,58.75478],[33.93133,58.75062],[33.9287,58.74938],[33.92299,58.75355],[33.92036,58.75478],[33.91466,58.75062],[33.90496,58.74921],[33.90336,58.73819],[33.89167,58.7375],[33.89082,58.74082],[33.88418,58.74252],[33.88248,58.74915],[33.87696,58.75057],[33.87149,58.75513],[33.87083,58.7625],[33.85495,58.7632],[33.85417,58.77083],[33.8536,58.78554],[33.84102,58.7991],[33.83529,58.80057],[33.83138,58.8036],[33.82585,58.80502],[33.82443,58.81054],[33.81514,58.82079],[33.81054,58.81723],[33.80612,58.8161],[33.80221,58.81307],[33.78946,58.81193],[33.78554,58.8089],[33.77279,58.80777],[33.76888,58.80473],[33.76029,58.8036],[33.75638,58.80057],[33.75,58.8],[33.74909,58.80353],[33.73112,58.80473],[33.72721,58.80777],[33.71862,58.8089],[33.71312,58.81349],[33.71188,58.83659],[33.70612,58.83807],[33.69804,58.84527],[33.68946,58.8464],[33.68554,58.84943],[33.67696,58.85057],[33.66471,58.86193],[33.65612,58.86307],[33.65221,58.8661],[33.63946,58.86723],[33.63554,58.87027],[33.63112,58.8714],[33.62721,58.87443],[33.61862,58.87557],[33.61471,58.8786],[33.60918,58.88002],[33.60777,58.88554],[33.60057,58.89362],[33.6,58.89583],[33.60659,58.89619],[33.61008,58.89965],[33.6125,58.9],[33.64808,58.89947],[33.65192,58.89636],[33.66475,58.8953],[33.66924,58.89167],[33.67447,58.89775],[33.67577,58.90328],[33.68017,58.90465],[33.68525,58.90053],[33.7,58.9],[33.70345,58.90099],[33.7049,58.91586],[33.71466,58.91728],[33.71867,58.92022],[33.72863,58.92167],[33.73688,58.93117],[33.73812,58.93549],[33.74105,58.93951],[33.74236,58.95734],[33.74583,58.95833],[33.74527,58.96888],[33.74127,58.97403],[33.73397,58.97591],[33.7327,58.99493],[33.72696,58.9964],[33.72304,58.99943],[33.7164,59.00114],[33.72027,59.00612],[33.7214,59.01054],[33.72443,59.01446],[33.72557,59.02158],[33.7213,59.02708],[33.72453,59.03125],[33.72044,59.03653],[33.71324,59.03838],[33.71193,59.04658],[33.7161,59.05196],[33.71667,59.0625],[33.71667,59.06667],[33.71888,59.0661],[33.72279,59.06307],[33.75491,59.06193],[33.76029,59.0661],[33.78138,59.06723],[33.78529,59.07027],[33.79388,59.0714],[33.79793,59.07454],[33.80612,59.06723],[33.82991,59.0661],[33.83529,59.07027],[33.83971,59.0714],[33.84362,59.07443],[33.87409,59.07561],[33.87589,59.08262],[33.88554,59.0839],[33.88946,59.08693],[33.89388,59.08807],[33.89779,59.0911],[33.91471,59.09223],[33.91987,59.09623],[33.92173,59.10349],[33.93408,59.10473],[33.93946,59.10057],[33.94241,59.09943],[33.94779,59.1036],[33.95221,59.10473],[33.95612,59.10777],[33.96471,59.1089],[33.97021,59.11349],[33.97083,59.125],[33.9746,59.12597],[33.9786,59.13112],[33.97973,59.13554],[33.98277,59.13946],[33.98423,59.14517],[33.99804,59.1464],[34.00196,59.14943],[34.01054,59.15057],[34.01592,59.15473],[34.01888,59.1536],[34.02279,59.15057],[34.02917,59.15],[34.02952,59.14758],[34.03298,59.14409],[34.03369,59.13505],[34.04341,59.12535],[34.04583,59.125],[34.05,59.125],[34.05659,59.12535],[34.06008,59.12881],[34.0625,59.12917],[34.06341,59.13271],[34.075,59.13333],[34.0757,59.14479],[34.0813,59.14648],[34.08536,59.14936],[34.0938,59.15064],[34.09786,59.15352],[34.1063,59.15481],[34.11036,59.15769],[34.11464,59.15898],[34.1187,59.16186],[34.16047,59.16314],[34.1687,59.17019],[34.17934,59.17181],[34.17564,59.17703],[34.17422,59.19096],[34.14688,59.19236],[34.14519,59.19797],[34.14138,59.20335],[34.13333,59.20417],[34.13395,59.21049],[34.14105,59.21867],[34.14259,59.22407],[34.14799,59.22562],[34.15301,59.22928],[34.15514,59.23673],[34.16593,59.2383],[34.16667,59.24583],[34.16605,59.24799],[34.16239,59.25301],[34.15509,59.25509],[34.15324,59.26157],[34.14784,59.26312],[34.14283,59.26678],[34.1407,59.27423],[34.12989,59.2758],[34.12855,59.29067],[34.14087,59.29246],[34.14228,59.30216],[34.14522,59.30617],[34.1468,59.31173],[34.15633,59.31312],[34.16034,59.31605],[34.16883,59.31728],[34.17284,59.32022],[34.18651,59.32155],[34.18812,59.32716],[34.19105,59.33117],[34.19246,59.34087],[34.2032,59.34243],[34.20509,59.34907],[34.2117,59.35096],[34.21312,59.35914],[34.20062,59.37284],[34.19914,59.37801],[34.19536,59.37978],[34.18966,59.37562],[34.1597,59.37438],[34.15772,59.38133],[34.15478,59.38534],[34.15318,59.39095],[34.14583,59.39167],[34.14252,59.39252],[34.14167,59.39583],[34.14252,59.39915],[34.14583,59.4],[34.15,59.4],[34.15,59.41667],[34.16159,59.41729],[34.16307,59.42304],[34.16723,59.42842],[34.1661,59.43138],[34.16193,59.43675],[34.16324,59.44495],[34.16888,59.4464],[34.17279,59.44943],[34.175,59.45],[34.17599,59.44653],[34.19383,59.44522],[34.20208,59.43806],[34.20712,59.44174],[34.20949,59.43345],[34.2162,59.42855],[34.21883,59.42978],[34.22292,59.43278],[34.23117,59.42562],[34.24096,59.42419],[34.24236,59.40516],[34.24907,59.40324],[34.25137,59.39522],[34.26049,59.39645],[34.26451,59.39938],[34.26883,59.40062],[34.27453,59.40478],[34.28255,59.40333],[34.2841,59.39264],[34.28966,59.39105],[34.29367,59.38812],[34.3,59.3875],[34.30481,59.38895],[34.30214,59.39102],[34.29585,59.39292],[34.29936,59.39786],[34.30064,59.4063],[34.30352,59.41036],[34.30518,59.41587],[34.31464,59.41731],[34.3187,59.42019],[34.32895,59.42175],[34.33269,59.42703],[34.33421,59.44192],[34.34134,59.43686],[34.3438,59.43814],[34.34786,59.44102],[34.35,59.44167],[34.35417,59.44167],[34.35748,59.44252],[34.35833,59.44583],[34.36076,59.44619],[34.37048,59.45588],[34.37119,59.46076],[34.38298,59.47258],[34.38333,59.475],[34.38576,59.47535],[34.38924,59.47881],[34.39409,59.47952],[34.39758,59.48298],[34.4,59.48333],[34.40089,59.48679],[34.41054,59.48807],[34.41446,59.4911],[34.42083,59.49167],[34.42153,59.50755],[34.43547,59.50898],[34.43953,59.51186],[34.4438,59.51314],[34.44968,59.51731],[34.48547,59.51602],[34.48953,59.51314],[34.50417,59.5125],[34.50488,59.51985],[34.51173,59.5218],[34.51329,59.53254],[34.52299,59.53395],[34.5287,59.53812],[34.53966,59.53688],[34.54784,59.52978],[34.6,59.52917],[34.60638,59.52973],[34.61029,59.53277],[34.61471,59.5339],[34.6243,59.5426],[34.62557,59.55221],[34.6411,59.56862],[34.64223,59.57304],[34.64943,59.58112],[34.65057,59.59045],[34.64238,59.59255],[34.64096,59.60328],[34.63529,59.60473],[34.63138,59.60777],[34.62917,59.60833],[34.62917,59.6125],[34.62839,59.62014],[34.6125,59.62083],[34.61008,59.62048],[34.60659,59.61702],[34.6,59.61667],[34.6,59.62917],[34.59938,59.63549],[34.58812,59.64784],[34.58688,59.65216],[34.58395,59.65617],[34.58272,59.66466],[34.57909,59.66962],[34.58549,59.67145],[34.5912,59.67562],[34.61466,59.67438],[34.61875,59.67139],[34.62284,59.67438],[34.62716,59.67562],[34.63125,59.67861],[34.63534,59.67562],[34.64504,59.67421],[34.6466,59.66347],[34.65216,59.66188],[34.65625,59.65889],[34.66034,59.66188],[34.66466,59.66312],[34.66867,59.66605],[34.67507,59.66788],[34.67022,59.67453],[34.67164,59.68237],[34.67716,59.68395],[34.68117,59.68688],[34.68333,59.6875],[34.70242,59.68715],[34.70591,59.68369],[34.72917,59.68333],[34.73966,59.68272],[34.74462,59.67909],[34.74676,59.68657],[34.75343,59.68848],[34.75478,59.70047],[34.74967,59.70747],[34.73823,59.70914],[34.73688,59.724],[34.74917,59.72579],[34.75062,59.73407],[34.74228,59.74367],[34.74105,59.74664],[34.75355,59.76034],[34.75478,59.76466],[34.75861,59.7699],[34.76714,59.77145],[34.77379,59.76659],[34.77562,59.77299],[34.77928,59.77801],[34.78549,59.77978],[34.78958,59.78277],[34.79367,59.77978],[34.79799,59.77855],[34.80208,59.77556],[34.80617,59.77855],[34.81179,59.78015],[34.81312,59.79447],[34.80617,59.79645],[34.79799,59.80355],[34.79215,59.80522],[34.79245,59.80767],[34.82716,59.80895],[34.83117,59.81188],[34.84383,59.81312],[34.84784,59.81605],[34.85216,59.81728],[34.85617,59.82022],[34.86466,59.82145],[34.86867,59.82438],[34.87716,59.82562],[34.88117,59.82855],[34.88657,59.83009],[34.8875,59.83333],[34.88418,59.83418],[34.88277,59.83971],[34.87763,59.84587],[34.86876,59.83796],[34.86471,59.8411],[34.84674,59.8423],[34.84527,59.84804],[34.8339,59.86029],[34.83277,59.86471],[34.82877,59.86987],[34.82279,59.8714],[34.81888,59.87443],[34.81667,59.875],[34.81727,59.89492],[34.82304,59.8964],[34.8282,59.9004],[34.82973,59.90638],[34.83429,59.91184],[34.8491,59.91316],[34.85,59.91667],[34.85417,59.91667],[34.8616,59.91733],[34.8625,59.92083],[34.86667,59.92083],[34.87304,59.9214],[34.87557,59.92379],[34.87083,59.925],[34.87048,59.93576],[34.86702,59.93924],[34.86631,59.94826],[34.86079,59.95381],[34.84412,59.95452],[34.83992,59.95035],[34.82745,59.94965],[34.82326,59.95381],[34.81841,59.95452],[34.81492,59.95798],[34.81008,59.95869],[34.80242,59.96631],[34.79758,59.96702],[34.78369,59.98088],[34.78333,59.98333],[34.79826,59.98369],[34.80174,59.98715],[34.80659,59.98785],[34.81008,59.99131],[34.81909,59.99202],[34.82258,59.99548],[34.82742,59.99619],[34.83508,60.00381],[34.8375,60.00417],[34.87083,60.00417],[34.87083,60.00833],[34.87012,60.01568],[34.86451,60.01728],[34.86049,60.02022],[34.84938,60.02183],[34.85079,60.03263],[34.86883,60.03395],[34.87453,60.03812],[34.88549,60.03688],[34.8912,60.03272],[34.93133,60.03395],[34.93534,60.03688],[34.95216,60.03812],[34.95617,60.04105],[34.96049,60.04228],[34.96451,60.04522],[34.97299,60.04645],[34.97701,60.04938],[34.98966,60.05062],[34.99367,60.05355],[35.00417,60.05417],[35.00771,60.05508],[35.00833,60.06667],[35.00748,60.06998],[35.00196,60.0714],[34.99388,60.0786],[34.98946,60.07973],[34.98554,60.08277],[34.98333,60.08333],[34.97583,60.08405],[34.9744,60.09221],[34.97863,60.09792],[34.97046,60.10728],[34.96667,60.10833],[34.96731,60.11047],[34.97852,60.12287],[34.97981,60.12713],[34.98269,60.1312],[34.98436,60.13676],[35.00042,60.13839],[34.99231,60.14787],[34.99102,60.15272],[34.99797,60.15481],[35.0024,60.15796],[35.00481,60.16313],[34.99648,60.17287],[34.99583,60.1875],[35.00225,60.18803],[35.00609,60.19114],[35.01058,60.1922],[35.01442,60.1953],[35.01761,60.19636],[35.024,60.19118],[35.02861,60.19262],[35.0297,60.22612],[35.0172,60.23942],[35.01667,60.24583],[35.03576,60.24548],[35.03995,60.24131],[35.04409,60.24202],[35.04829,60.24619],[35.08159,60.24548],[35.09341,60.23369],[35.09583,60.23333],[35.10217,60.23394],[35.10616,60.2369],[35.11572,60.23825],[35.11778,60.24565],[35.12283,60.2494],[35.15319,60.25065],[35.15477,60.25634],[35.15894,60.26196],[35.15773,60.26467],[35.15477,60.26866],[35.15356,60.27717],[35.1494,60.28279],[35.15083,60.29095],[35.16467,60.29227],[35.16866,60.29523],[35.17409,60.29674],[35.1756,60.30217],[35.18273,60.31033],[35.18424,60.31576],[35.18967,60.31727],[35.19366,60.32023],[35.19583,60.32083],[35.20242,60.32048],[35.21424,60.30869],[35.22742,60.30798],[35.23091,60.30452],[35.24167,60.30417],[35.24388,60.30473],[35.24779,60.30777],[35.25741,60.30904],[35.26307,60.31582],[35.26176,60.32412],[35.2548,60.32591],[35.2536,60.34388],[35.25047,60.34792],[35.2536,60.35196],[35.25487,60.36158],[35.26029,60.3661],[35.26471,60.36723],[35.26862,60.37027],[35.27415,60.37168],[35.2759,60.37852],[35.28957,60.39121],[35.29362,60.38807],[35.31054,60.38693],[35.31446,60.3839],[35.31888,60.38277],[35.32696,60.37557],[35.35417,60.375],[35.35533,60.37953],[35.36446,60.3714],[35.37304,60.37027],[35.37696,60.36723],[35.38554,60.3661],[35.38958,60.36297],[35.39362,60.3661],[35.39804,60.36723],[35.4074,60.37557],[35.41054,60.37443],[35.41446,60.3714],[35.41667,60.37083],[35.42836,60.37152],[35.42998,60.38265],[35.45216,60.38395],[35.45617,60.38688],[35.48133,60.38812],[35.48703,60.39228],[35.49799,60.39105],[35.5037,60.38688],[35.51466,60.38812],[35.51875,60.39111],[35.52453,60.38688],[35.53133,60.38812],[35.53534,60.39105],[35.55417,60.39167],[35.55833,60.39167],[35.55925,60.38811],[35.58554,60.38693],[35.58959,60.38379],[35.60196,60.39527],[35.64492,60.39643],[35.6464,60.40221],[35.64943,60.40612],[35.65066,60.41987],[35.65612,60.42443],[35.66054,60.42557],[35.66446,60.4286],[35.66888,60.42973],[35.67696,60.43693],[35.68138,60.43807],[35.68675,60.44223],[35.70221,60.4411],[35.70612,60.43807],[35.72304,60.43693],[35.72696,60.4339],[35.73661,60.43262],[35.7375,60.42917],[35.74409,60.42952],[35.74758,60.43298],[35.7625,60.43333],[35.775,60.43333],[35.77589,60.42988],[35.78661,60.42846],[35.78871,60.42027],[35.7911,60.42279],[35.79263,60.42877],[35.79779,60.43277],[35.80221,60.4339],[35.80612,60.43693],[35.81888,60.43807],[35.83112,60.44943],[35.83971,60.45057],[35.84362,60.4536],[35.85,60.45417],[35.85066,60.44673],[35.85762,60.44495],[35.85904,60.43425],[35.86446,60.42973],[35.87083,60.42917],[35.87326,60.42952],[35.87674,60.43298],[35.88576,60.43369],[35.88995,60.43785],[35.90242,60.43715],[35.90591,60.43369],[35.91909,60.43298],[35.93508,60.41702],[35.9375,60.41667],[35.93807,60.41888],[35.9536,60.43529],[35.95483,60.4491],[35.96054,60.45057],[35.9699,60.4589],[35.98554,60.45777],[35.98946,60.45473],[35.99804,60.4536],[36.01151,60.4411],[36.01471,60.44223],[36.02406,60.45057],[36.03138,60.44943],[36.03542,60.4463],[36.03946,60.44943],[36.04388,60.45057],[36.04779,60.4536],[36.05638,60.45473],[36.06029,60.45777],[36.06471,60.4589],[36.07696,60.47027],[36.08138,60.4714],[36.08946,60.4786],[36.10638,60.47973],[36.12279,60.49527],[36.12917,60.49583],[36.1286,60.50638],[36.12557,60.51029],[36.12443,60.51888],[36.1214,60.52279],[36.12027,60.52721],[36.11627,60.53237],[36.11029,60.5339],[36.10221,60.5411],[36.09648,60.54257],[36.09527,60.55927],[36.1036,60.56862],[36.10417,60.57083],[36.1125,60.57083],[36.1125,60.5625],[36.11471,60.56193],[36.12818,60.54943],[36.13138,60.55057],[36.13675,60.55473],[36.13971,60.5536],[36.14779,60.5464],[36.15638,60.54527],[36.16175,60.5411],[36.20221,60.54223],[36.20612,60.54527],[36.21054,60.5464],[36.21446,60.54943],[36.23554,60.55057],[36.23946,60.5536],[36.25638,60.55473],[36.26446,60.56193],[36.27721,60.56307],[36.28112,60.5661],[36.29486,60.56732],[36.30371,60.57707],[36.29974,60.5822],[36.30417,60.58333],[36.30507,60.57981],[36.31862,60.56723],[36.32721,60.5661],[36.33529,60.5589],[36.33971,60.55777],[36.34362,60.55473],[36.34804,60.5536],[36.35208,60.55047],[36.35759,60.55473],[36.36888,60.5536],[36.37279,60.55057],[36.38138,60.54943],[36.38529,60.5464],[36.39495,60.54512],[36.39668,60.53835],[36.4,60.5375],[36.41471,60.53807],[36.41875,60.5412],[36.42425,60.53693],[36.44076,60.53814],[36.44257,60.5452],[36.46054,60.5464],[36.46446,60.54943],[36.46888,60.55057],[36.47425,60.55473],[36.47836,60.55316],[36.48038,60.54527],[36.48554,60.5464],[36.49779,60.55777],[36.51154,60.55899],[36.5161,60.56446],[36.51723,60.56888],[36.52027,60.57279],[36.52175,60.57856],[36.5375,60.57917],[36.54167,60.57917],[36.54105,60.59799],[36.53739,60.60301],[36.53117,60.60478],[36.52716,60.60772],[36.51867,60.60895],[36.51466,60.61188],[36.50617,60.61312],[36.50216,60.61605],[36.49242,60.61747],[36.49105,60.6299],[36.49938,60.63951],[36.50062,60.64214],[36.49645,60.64784],[36.49522,60.65216],[36.49228,60.65617],[36.49105,60.66049],[36.47145,60.68117],[36.47022,60.68613],[36.47824,60.68843],[36.47978,60.69383],[36.48272,60.69784],[36.48333,60.70417],[36.48576,60.70381],[36.48924,60.70035],[36.49167,60.7],[36.49826,60.70035],[36.50245,60.70452],[36.50659,60.70381],[36.51079,60.69965],[36.53992,60.70035],[36.54758,60.70798],[36.55242,60.70869],[36.55591,60.71215],[36.58576,60.71285],[36.58924,60.71631],[36.59583,60.71667],[36.59619,60.71424],[36.59965,60.71076],[36.6,60.70417],[36.60057,60.70196],[36.60777,60.69388],[36.6089,60.68946],[36.61193,60.68554],[36.61339,60.67988],[36.62304,60.6786],[36.62696,60.67557],[36.63138,60.67443],[36.63675,60.67027],[36.66054,60.6714],[36.66446,60.67443],[36.66888,60.67557],[36.67425,60.67973],[36.67721,60.6786],[36.68112,60.67557],[36.68665,60.67415],[36.68841,60.66729],[36.7,60.66667],[36.70659,60.66702],[36.71841,60.67881],[36.725,60.67917],[36.72535,60.68992],[36.72881,60.69341],[36.72952,60.70242],[36.73298,60.70591],[36.73369,60.72326],[36.73715,60.72674],[36.73786,60.73162],[36.74341,60.73715],[36.74829,60.73786],[36.75381,60.74341],[36.75452,60.76076],[36.76631,60.77258],[36.76702,60.77746],[36.77258,60.78298],[36.78576,60.78369],[36.78924,60.78715],[36.79409,60.78785],[36.79758,60.79131],[36.80242,60.79202],[36.80591,60.79548],[36.80833,60.79583],[36.81054,60.79527],[36.81446,60.79223],[36.82721,60.7911],[36.83259,60.78693],[36.85638,60.78807],[36.86175,60.79223],[36.88554,60.7911],[36.88958,60.78797],[36.89362,60.7911],[36.90638,60.79223],[36.91029,60.79527],[36.91888,60.7964],[36.92425,60.80057],[36.93554,60.79943],[36.93946,60.7964],[36.94388,60.79527],[36.94779,60.79223],[36.9616,60.79101],[36.96371,60.78277],[36.97304,60.7839],[36.97696,60.78693],[36.98333,60.7875],[36.98677,60.78851],[36.98826,60.80341],[37.00058,60.80466],[37.00619,60.80063],[37.01567,60.79922],[37.01667,60.79583],[37.01727,60.78008],[37.02304,60.7786],[37.02842,60.77443],[37.05326,60.77562],[37.05502,60.78248],[37.06054,60.7839],[37.06446,60.78693],[37.07083,60.7875],[37.07027,60.78971],[37.0661,60.79509],[37.06723,60.79804],[37.07027,60.80196],[37.07168,60.80748],[37.07877,60.8093],[37.0839,60.81592],[37.08277,60.81888],[37.0786,60.82425],[37.07973,60.82721],[37.08277,60.83112],[37.0843,60.8371],[37.09092,60.84223],[37.09388,60.8411],[37.09925,60.83693],[37.10399,60.83875],[37.10777,60.84362],[37.10918,60.84915],[37.11596,60.85089],[37.11723,60.86054],[37.12443,60.86862],[37.12563,60.88652],[37.13112,60.8911],[37.13554,60.89223],[37.13946,60.89527],[37.18333,60.89583],[37.19409,60.89619],[37.19829,60.90035],[37.20242,60.89965],[37.20591,60.89619],[37.21909,60.89548],[37.22258,60.89202],[37.22742,60.89131],[37.23091,60.88785],[37.2375,60.8875],[37.24167,60.8875],[37.24106,60.91467],[37.23803,60.91876],[37.25356,60.93533],[37.25477,60.93967],[37.25773,60.94366],[37.25894,60.96051],[37.26268,60.96556],[37.27008,60.96762],[37.27144,60.97717],[37.2744,60.98116],[37.2756,60.98551],[37.27943,60.99066],[37.27029,60.99227],[37.26467,60.9881],[37.26196,60.9869],[37.25634,60.99106],[37.24678,60.99242],[37.24523,60.99801],[37.24227,61.00199],[37.24106,61.01884],[37.2381,61.02283],[37.23654,61.02846],[37.22283,61.02977],[37.21467,61.0369],[37.20833,61.0375],[37.20777,61.03971],[37.20057,61.04779],[37.19943,61.05221],[37.19544,61.05737],[37.18835,61.05918],[37.1875,61.0625],[37.18786,61.06496],[37.19341,61.07048],[37.19583,61.07083],[37.19804,61.07027],[37.20196,61.06723],[37.22721,61.0661],[37.23112,61.06307],[37.24804,61.06193],[37.25196,61.0589],[37.26471,61.05777],[37.26875,61.05464],[37.27425,61.0589],[37.31888,61.05777],[37.32279,61.05473],[37.32721,61.0536],[37.33184,61.05001],[37.33693,61.05612],[37.33842,61.0619],[37.35833,61.0625],[37.3875,61.0625],[37.38785,61.06492],[37.39131,61.06841],[37.39202,61.07326],[37.39965,61.08091],[37.40035,61.10242],[37.40381,61.10591],[37.40417,61.10833],[37.41049,61.10895],[37.41598,61.11334],[37.41735,61.13669],[37.42716,61.13812],[37.44475,61.15456],[37.44645,61.16049],[37.44938,61.16451],[37.45062,61.16883],[37.45355,61.17284],[37.45478,61.17964],[37.45062,61.18534],[37.44938,61.20919],[37.47022,61.23117],[37.47145,61.2424],[37.46312,61.25201],[37.46188,61.25633],[37.45895,61.26034],[37.45833,61.26667],[37.46463,61.26731],[37.4687,61.27019],[37.51591,61.27151],[37.51731,61.28782],[37.5131,61.29375],[37.52019,61.30203],[37.52083,61.30833],[37.52149,61.32712],[37.52434,61.33121],[37.52566,61.33775],[37.52149,61.34371],[37.52018,61.34796],[37.51541,61.35411],[37.51046,61.35066],[37.49975,61.34934],[37.49379,61.35351],[37.48848,61.35515],[37.48684,61.36046],[37.47909,61.36957],[37.47288,61.37149],[37.46879,61.37434],[37.46642,61.37566],[37.46046,61.37149],[37.44942,61.37018],[37.43962,61.37851],[37.4174,61.3799],[37.41667,61.39167],[37.41335,61.39252],[37.41165,61.39915],[37.40612,61.40057],[37.40221,61.4036],[37.39509,61.40473],[37.38958,61.40047],[37.38554,61.4036],[37.38112,61.40473],[37.37721,61.40777],[37.37425,61.4089],[37.36888,61.40473],[37.36446,61.4036],[37.36054,61.40057],[37.34899,61.39943],[37.33138,61.4161],[37.32279,61.41723],[37.31342,61.42558],[37.3125,61.42917],[37.31492,61.42952],[37.32048,61.43505],[37.32083,61.45],[37.3164,61.45114],[37.32027,61.45612],[37.3214,61.46054],[37.32443,61.46446],[37.32557,61.48418],[37.31991,61.49096],[37.31029,61.49223],[37.30482,61.49679],[37.30417,61.50417],[37.30452,61.50662],[37.31008,61.51215],[37.31492,61.51285],[37.31841,61.51631],[37.325,61.51667],[37.32742,61.51631],[37.33508,61.50869],[37.34409,61.50798],[37.34758,61.50452],[37.3625,61.50417],[37.3625,61.49583],[37.36366,61.49178],[37.37036,61.48688],[37.39082,61.48819],[37.40772,61.50617],[37.40895,61.51049],[37.41188,61.51451],[37.41343,61.51991],[37.41883,61.52145],[37.42284,61.52438],[37.42716,61.52562],[37.43286,61.52978],[37.43966,61.52855],[37.46451,61.50478],[37.47299,61.50355],[37.4787,61.49938],[37.48133,61.50062],[37.48951,61.50772],[37.49799,61.50895],[37.50201,61.51188],[37.50633,61.51312],[37.51451,61.52022],[37.52426,61.52164],[37.52574,61.5367],[37.53272,61.54228],[37.54383,61.54105],[37.54784,61.53812],[37.55417,61.5375],[37.55507,61.53399],[37.56888,61.53277],[37.58112,61.5214],[37.58971,61.52027],[37.59779,61.51307],[37.60221,61.51193],[37.61029,61.50473],[37.62304,61.5036],[37.63112,61.4964],[37.63554,61.49527],[37.63946,61.49223],[37.64388,61.4911],[37.65196,61.4839],[37.65417,61.48333],[37.65502,61.48002],[37.65833,61.47917],[37.6593,61.4754],[37.66446,61.4714],[37.66998,61.46998],[37.6714,61.46446],[37.6911,61.44388],[37.69223,61.43946],[37.69527,61.43554],[37.69647,61.41757],[37.70377,61.4157],[37.70777,61.41054],[37.70833,61.40833],[37.70833,61.39167],[37.70612,61.3911],[37.70221,61.38807],[37.69668,61.38665],[37.69583,61.38333],[37.69548,61.38091],[37.69202,61.37742],[37.69167,61.36667],[37.71076,61.36631],[37.71424,61.36285],[37.72742,61.36215],[37.73091,61.35869],[37.74826,61.35798],[37.75174,61.35452],[37.77326,61.35381],[37.78091,61.34619],[37.78576,61.34548],[37.78924,61.34202],[37.79412,61.34131],[37.80035,61.33505],[37.79964,61.33088],[37.79409,61.32535],[37.78921,61.32464],[37.78298,61.31838],[37.78369,61.31008],[37.78715,61.30659],[37.7875,61.30417],[37.78971,61.3036],[37.79375,61.30047],[37.79925,61.30473],[37.81054,61.3036],[37.81862,61.2964],[37.83659,61.2952],[37.83871,61.28693],[37.84388,61.28807],[37.84779,61.2911],[37.86471,61.29223],[37.87009,61.2964],[37.88554,61.29527],[37.88946,61.29223],[37.89804,61.2911],[37.90196,61.28807],[37.90833,61.2875],[37.90833,61.275],[37.90612,61.27443],[37.90001,61.26934],[37.9036,61.26471],[37.90488,61.25505],[37.91054,61.2536],[37.91665,61.2485],[37.91307,61.24388],[37.91193,61.23112],[37.9089,61.22721],[37.90777,61.22415],[37.91342,61.21737],[37.92304,61.2161],[37.92696,61.21307],[37.94388,61.21193],[37.94779,61.2089],[37.96054,61.20777],[37.96446,61.20473],[37.96667,61.20417],[37.96608,61.16759],[37.96029,61.1661],[37.95638,61.16307],[37.95085,61.16165],[37.95,61.15833],[37.94239,61.15756],[37.94167,61.14583],[37.95326,61.14521],[37.95502,61.13835],[37.96054,61.13693],[37.96446,61.1339],[37.96888,61.13277],[37.97279,61.12973],[37.975,61.12917],[37.97557,61.12279],[37.9786,61.11888],[37.97973,61.10612],[37.98277,61.10221],[37.9839,61.09779],[37.98807,61.09241],[37.98689,61.0635],[37.98138,61.0589],[37.97279,61.05777],[37.96888,61.05473],[37.96335,61.05332],[37.9625,61.05],[37.96582,61.04915],[37.96763,61.04206],[37.97279,61.03807],[37.97973,61.03629],[37.9786,61.03112],[37.97443,61.02575],[37.97615,61.02127],[37.99362,61.00473],[37.99804,61.0036],[38.00196,61.00057],[38.01054,60.99943],[38.01446,60.9964],[38.02304,60.99527],[38.02842,60.9911],[38.03971,60.99223],[38.04362,60.99527],[38.04804,60.9964],[38.05342,61.00057],[38.05638,60.99943],[38.06029,60.9964],[38.06471,60.99527],[38.07279,60.98807],[38.0875,60.9875],[38.10659,60.98785],[38.11008,60.99131],[38.11492,60.99202],[38.11875,60.99582],[38.12258,60.99202],[38.125,60.99167],[38.12721,60.9911],[38.13112,60.98807],[38.13554,60.98693],[38.13946,60.9839],[38.14498,60.98248],[38.14583,60.97917],[38.14523,60.9635],[38.13971,60.9589],[38.13529,60.95777],[38.13138,60.95473],[38.12558,60.95325],[38.11713,60.94376],[38.12027,60.93971],[38.1218,60.93373],[38.12696,60.92973],[38.1339,60.92795],[38.13277,60.91862],[38.12973,60.91471],[38.12917,60.9125],[38.10833,60.9125],[38.10591,60.91215],[38.09826,60.90452],[38.0875,60.90417],[38.08812,60.89784],[38.09105,60.89383],[38.09234,60.86748],[38.10363,60.86583],[38.11312,60.8549],[38.11096,60.84983],[38.10633,60.84645],[38.09784,60.84522],[38.09383,60.84228],[38.08402,60.84086],[38.08333,60.82917],[38.09409,60.82881],[38.09758,60.82535],[38.10242,60.82465],[38.10591,60.82119],[38.11079,60.82048],[38.11631,60.81492],[38.11667,60.80833],[38.12304,60.80777],[38.12696,60.80473],[38.14071,60.80351],[38.14527,60.79804],[38.1464,60.79362],[38.1536,60.78554],[38.15502,60.78002],[38.16054,60.7786],[38.16862,60.7714],[38.17304,60.77027],[38.17696,60.76723],[38.18138,60.7661],[38.18946,60.7589],[38.19498,60.75748],[38.19672,60.75071],[38.20741,60.7493],[38.21193,60.74388],[38.21307,60.73529],[38.2161,60.73138],[38.21723,60.71029],[38.2214,60.70491],[38.22027,60.68946],[38.2161,60.68408],[38.21723,60.68112],[38.22027,60.67721],[38.2214,60.66862],[38.22453,60.66458],[38.22057,60.65947],[38.22973,60.65712],[38.22854,60.63424],[38.22279,60.63277],[38.21888,60.62973],[38.20612,60.6286],[38.18971,60.61307],[38.18529,60.61193],[38.18138,60.6089],[38.17585,60.60748],[38.175,60.60417],[38.17846,60.60328],[38.17987,60.59259],[38.18529,60.58807],[38.19127,60.58653],[38.19527,60.58138],[38.1968,60.5754],[38.20196,60.5714],[38.20638,60.57027],[38.21573,60.56193],[38.23138,60.56307],[38.23529,60.5661],[38.26471,60.56723],[38.26862,60.57027],[38.27304,60.5714],[38.27696,60.57443],[38.28138,60.57557],[38.28529,60.5786],[38.29804,60.57973],[38.30196,60.58277],[38.30833,60.58333],[38.30833,60.57083],[38.30798,60.55591],[38.30035,60.54826],[38.3,60.525],[38.30757,60.52424],[38.30883,60.51192],[38.3048,60.50631],[38.30354,60.48119],[38.30063,60.47715],[38.3,60.475],[38.30035,60.47258],[38.30381,60.46909],[38.30452,60.46005],[38.31424,60.45035],[38.34583,60.45],[38.34522,60.42701],[38.34228,60.42299],[38.34086,60.41321],[38.32183,60.41181],[38.31967,60.40428],[38.31466,60.40062],[38.30201,60.39938],[38.29383,60.39228],[38.28951,60.39105],[38.28549,60.38812],[38.275,60.3875],[38.27027,60.38629],[38.27147,60.36757],[38.27721,60.3661],[38.28112,60.36307],[38.29078,60.36179],[38.29223,60.35612],[38.29943,60.34804],[38.30097,60.34206],[38.30759,60.33693],[38.31888,60.33807],[38.32425,60.34223],[38.32836,60.34066],[38.32917,60.3375],[38.33333,60.3375],[38.33298,60.33508],[38.32535,60.32742],[38.325,60.31667],[38.32832,60.31582],[38.33002,60.30918],[38.33688,60.30742],[38.3375,60.29583],[38.35,60.29583],[38.35417,60.29583],[38.35538,60.30057],[38.35777,60.29804],[38.35833,60.29583],[38.3625,60.29583],[38.37297,60.29519],[38.37703,60.29231],[38.3938,60.29102],[38.39786,60.28814],[38.40214,60.28686],[38.41036,60.27981],[38.4188,60.27852],[38.42292,60.2756],[38.4312,60.28269],[38.43366,60.28398],[38.43953,60.27981],[38.4438,60.27852],[38.44786,60.27564],[38.45851,60.27402],[38.45481,60.2688],[38.45352,60.26634],[38.45769,60.26047],[38.45898,60.2562],[38.46379,60.25005],[38.4687,60.25352],[38.47116,60.25481],[38.47703,60.25064],[38.48254,60.24899],[38.48418,60.2382],[38.51158,60.23686],[38.5125,60.24583],[38.52304,60.2464],[38.52842,60.25057],[38.53265,60.24895],[38.53404,60.23839],[38.54082,60.23665],[38.54255,60.22988],[38.55221,60.2286],[38.55612,60.22557],[38.57402,60.22437],[38.5786,60.21888],[38.57917,60.20417],[38.57827,60.20066],[38.56446,60.19943],[38.55638,60.19223],[38.54779,60.1911],[38.54388,60.18807],[38.53946,60.18693],[38.53408,60.18277],[38.52696,60.1839],[38.51888,60.1911],[38.51029,60.19223],[38.50638,60.19527],[38.49779,60.1964],[38.49388,60.19943],[38.47696,60.20057],[38.47292,60.2037],[38.46888,60.20057],[38.46446,60.19943],[38.45908,60.19527],[38.45196,60.1964],[38.44658,60.20057],[38.42591,60.19937],[38.42443,60.19362],[38.41723,60.18554],[38.41667,60.17917],[38.4161,60.17696],[38.40797,60.16783],[38.41471,60.1661],[38.42696,60.15473],[38.43138,60.1536],[38.43529,60.15057],[38.43971,60.14943],[38.44362,60.1464],[38.44915,60.14498],[38.45057,60.13946],[38.4536,60.13554],[38.45507,60.12983],[38.46888,60.1286],[38.47279,60.12557],[38.47832,60.12415],[38.47973,60.11862],[38.48277,60.11471],[38.48333,60.10833],[38.50659,60.10869],[38.51079,60.11285],[38.51492,60.11215],[38.51841,60.10869],[38.53159,60.10798],[38.53924,60.10035],[38.54829,60.09964],[38.55381,60.09409],[38.55417,60.075],[38.55174,60.07465],[38.54826,60.07119],[38.54583,60.07083],[38.53112,60.07027],[38.52721,60.06723],[38.52157,60.06579],[38.52027,60.05759],[38.52443,60.05221],[38.52557,60.04779],[38.5286,60.04388],[38.52917,60.03333],[38.52696,60.03277],[38.51324,60.01993],[38.51193,60.01175],[38.5161,60.00638],[38.51723,59.99899],[38.51371,59.99527],[38.51136,60.00443],[38.50638,60.00057],[38.50196,59.99943],[38.49804,59.9964],[38.49092,59.99527],[38.48542,59.99953],[38.48138,59.9964],[38.47696,59.99527],[38.47304,59.99223],[38.46862,59.9911],[38.46471,59.98807],[38.45196,59.98693],[38.44804,59.9839],[38.44252,59.98248],[38.44078,59.97571],[38.43112,59.97443],[38.41888,59.96307],[38.4,59.9625],[38.40057,59.96029],[38.4036,59.95638],[38.40487,59.94675],[38.41029,59.94223],[38.41723,59.94045],[38.4161,59.92696],[38.41307,59.92304],[38.4125,59.92083],[38.43138,59.9214],[38.43636,59.92526],[38.4375,59.92083],[38.43812,59.90201],[38.44105,59.89799],[38.44246,59.88829],[38.45384,59.88664],[38.45895,59.87964],[38.45772,59.86867],[38.45473,59.86458],[38.45772,59.86049],[38.45904,59.84247],[38.46986,59.8409],[38.47083,59.8375],[38.48576,59.83785],[38.48995,59.84202],[38.50659,59.84131],[38.51008,59.83785],[38.5125,59.8375],[38.51466,59.83812],[38.51867,59.84105],[38.52507,59.84288],[38.52057,59.84905],[38.53133,59.85062],[38.53534,59.85355],[38.54447,59.85478],[38.54681,59.84659],[38.55697,59.84522],[38.55929,59.85336],[38.56714,59.85478],[38.57284,59.85062],[38.58966,59.84938],[38.59375,59.84639],[38.59784,59.84938],[38.60216,59.85062],[38.60617,59.85355],[38.61049,59.85478],[38.61451,59.85772],[38.63234,59.85903],[38.63455,59.86674],[38.63951,59.86312],[38.6463,59.86188],[38.65201,59.86605],[38.66153,59.86743],[38.66312,59.87299],[38.66605,59.87701],[38.66667,59.87917],[38.67326,59.87952],[38.67745,59.88369],[38.68576,59.88298],[38.68995,59.87881],[38.70659,59.87952],[38.71079,59.88369],[38.71492,59.88298],[38.71841,59.87952],[38.72326,59.87881],[38.72674,59.87535],[38.73333,59.875],[38.73554,59.87557],[38.74779,59.88693],[38.75638,59.88807],[38.76029,59.8911],[38.78554,59.89223],[38.7949,59.90057],[38.81471,59.89943],[38.81876,59.8963],[38.82823,59.90473],[38.84077,59.90349],[38.84223,59.89779],[38.84527,59.89388],[38.84654,59.88427],[38.8615,59.87027],[38.87304,59.8714],[38.87696,59.87443],[38.88554,59.87557],[38.88946,59.8786],[38.89583,59.87917],[38.89668,59.87585],[38.90346,59.87411],[38.90473,59.86446],[38.90777,59.86054],[38.90918,59.85502],[38.91471,59.8536],[38.91862,59.85057],[38.92721,59.84943],[38.93529,59.84223],[38.94223,59.84045],[38.9411,59.83529],[38.93797,59.83125],[38.94223,59.82575],[38.9411,59.82279],[38.93807,59.81888],[38.9375,59.80417],[38.93785,59.80174],[38.94548,59.79409],[38.94583,59.7875],[38.95216,59.78812],[38.95625,59.79111],[38.96034,59.78812],[38.96655,59.78634],[38.97022,59.78133],[38.97157,59.76747],[38.98133,59.76605],[38.98534,59.76312],[38.98966,59.76188],[38.99784,59.75478],[39.00736,59.7534],[39.00833,59.75],[39.00798,59.73091],[39.00452,59.72742],[39.00417,59.7],[39.00072,59.69901],[38.99928,59.68432],[38.99367,59.68272],[38.98966,59.67978],[38.98272,59.6778],[38.98395,59.67284],[38.98688,59.66883],[38.98843,59.66343],[38.99383,59.66188],[38.99792,59.65889],[39.0037,59.66312],[39.01049,59.66188],[39.01451,59.65895],[39.02562,59.65733],[39.02425,59.64681],[39.01678,59.64467],[39.01312,59.63966],[39.01188,59.63534],[38.99561,59.61792],[39.00405,59.61551],[39.00772,59.61049],[39.00926,59.60509],[39.0125,59.60417],[39.01285,59.59758],[39.01702,59.59338],[39.01631,59.58924],[39.00869,59.58159],[39.00833,59.57917],[39.00748,59.57585],[39.00417,59.575],[38.99341,59.57535],[38.98992,59.57881],[38.9875,59.57917],[38.98091,59.57952],[38.97742,59.58298],[38.97258,59.58369],[38.96909,59.58715],[38.95174,59.58785],[38.94826,59.59131],[38.94167,59.59167],[38.93953,59.59102],[38.9346,59.58752],[38.9323,59.57991],[38.91744,59.5784],[38.9159,59.56327],[38.90833,59.5625],[38.90777,59.56029],[38.90473,59.55638],[38.9036,59.54362],[38.90057,59.53971],[38.8993,59.53009],[38.89388,59.52557],[38.88808,59.52408],[38.87973,59.51471],[38.87832,59.50918],[38.87142,59.50741],[38.86193,59.49677],[38.86317,59.48423],[38.86998,59.48248],[38.87083,59.47917],[38.87721,59.47973],[38.88656,59.48807],[38.90221,59.48693],[38.90612,59.4839],[38.91471,59.48277],[38.91862,59.47973],[38.93138,59.4786],[38.93529,59.47557],[38.94082,59.47415],[38.94167,59.47083],[38.94077,59.46733],[38.93333,59.46667],[38.92192,59.46605],[38.92027,59.46175],[38.92443,59.45638],[38.92557,59.44925],[38.92044,59.44263],[38.91446,59.4411],[38.91054,59.43807],[38.89779,59.43693],[38.89388,59.4339],[38.88946,59.43277],[38.88554,59.42973],[38.88112,59.4286],[38.87566,59.42404],[38.87443,59.41029],[38.8714,59.40638],[38.87015,59.39689],[38.86592,59.39527],[38.86054,59.39943],[38.84073,59.40057],[38.83138,59.39223],[38.82585,59.39082],[38.82415,59.38418],[38.81752,59.38248],[38.81576,59.37564],[38.79779,59.37443],[38.79388,59.3714],[38.78529,59.37027],[38.78138,59.36723],[38.76667,59.36667],[38.76582,59.36335],[38.76029,59.36193],[38.75638,59.3589],[38.75417,59.35833],[38.7534,59.35077],[38.73853,59.34926],[38.7375,59.34583],[38.72917,59.34583],[38.72585,59.34498],[38.725,59.34167],[38.725,59.3375],[38.72832,59.33665],[38.72917,59.33333],[38.72994,59.32577],[38.7375,59.325],[38.74409,59.32535],[38.74829,59.32952],[38.75242,59.32881],[38.75591,59.32535],[38.775,59.325],[38.77569,59.2966],[38.79556,59.29504],[38.79934,59.28962],[38.8,59.26667],[38.80221,59.2661],[38.81029,59.2589],[38.87304,59.25777],[38.87708,59.25464],[38.88125,59.25786],[38.88675,59.2536],[38.89804,59.25473],[38.90342,59.2589],[38.91162,59.25759],[38.91307,59.25196],[38.9161,59.24804],[38.91667,59.24583],[38.93333,59.24583],[38.93399,59.22704],[38.94209,59.21752],[38.92288,59.21601],[38.91879,59.21316],[38.90768,59.21142],[38.90899,59.20621],[38.91184,59.20212],[38.91316,59.19788],[38.92982,59.17987],[38.92851,59.16871],[38.92434,59.16275],[38.92637,59.15909],[38.93646,59.15752],[38.93881,59.14991],[38.94371,59.14649],[38.95313,59.14502],[38.95482,59.13954],[38.96184,59.13129],[38.96399,59.12434],[38.96879,59.12566],[38.97475,59.12982],[38.97712,59.12851],[38.98121,59.12566],[38.98652,59.12402],[38.9875,59.12083],[38.99167,59.12083],[39.01158,59.12023],[39.01347,59.1129],[39.01862,59.1089],[39.0246,59.10737],[39.0286,59.10221],[39.02973,59.09779],[39.03277,59.09388],[39.03333,59.09167],[39.0288,59.0905],[39.03693,59.08138],[39.03821,59.07172],[39.04388,59.07027],[39.05196,59.06307],[39.05638,59.06193],[39.06862,59.05057],[39.08138,59.04943],[39.08946,59.04223],[39.09388,59.0411],[39.09903,59.0371],[39.10091,59.02977],[39.11667,59.02917],[39.11909,59.02952],[39.12258,59.03298],[39.12742,59.03369],[39.13162,59.03785],[39.13576,59.03715],[39.14341,59.02952],[39.15417,59.02917],[39.17721,59.02973],[39.18112,59.03277],[39.20638,59.0339],[39.21029,59.03693],[39.21962,59.03807],[39.22174,59.02978],[39.24658,59.0286],[39.25196,59.03277],[39.26577,59.03399],[39.26723,59.03971],[39.27175,59.04513],[39.28138,59.0464],[39.28529,59.04943],[39.29495,59.05071],[39.2964,59.05638],[39.29943,59.06029],[39.30057,59.06471],[39.3036,59.06862],[39.30417,59.075],[39.31463,59.07436],[39.32051,59.07019],[39.33963,59.07148],[39.34496,59.07525],[39.34583,59.06667],[39.34699,59.06261],[39.35201,59.05895],[39.36171,59.05754],[39.3633,59.04657],[39.37716,59.04522],[39.38676,59.03688],[39.38966,59.03812],[39.39375,59.04111],[39.39784,59.03812],[39.40765,59.03669],[39.40833,59.025],[39.41888,59.02443],[39.42823,59.0161],[39.45326,59.01728],[39.45508,59.02438],[39.47721,59.02557],[39.48112,59.0286],[39.48665,59.03002],[39.48847,59.0371],[39.49376,59.0412],[39.50323,59.03277],[39.50638,59.0339],[39.51029,59.03693],[39.51471,59.03807],[39.51862,59.0411],[39.52304,59.04223],[39.52696,59.04527],[39.53138,59.0464],[39.53529,59.04943],[39.53971,59.05057],[39.54779,59.05777],[39.55,59.05833],[39.56592,59.05763],[39.56633,59.05247],[39.56311,59.04792],[39.56602,59.0438],[39.56741,59.02575],[39.58376,59.02443],[39.59042,59.02915],[39.59263,59.0218],[39.59904,59.01987],[39.60064,59.01453],[39.60352,59.01047],[39.60522,59.00485],[39.64088,59.00348],[39.64519,58.99797],[39.6468,58.99263],[39.6532,58.9907],[39.65538,58.98348],[39.66603,58.97436],[39.68547,58.97564],[39.68953,58.97852],[39.69583,58.97917],[39.70417,58.97917],[39.70381,58.97258],[39.70035,58.96909],[39.69964,58.96005],[39.68576,58.94619],[39.68333,58.94583],[39.67577,58.94506],[39.675,58.9375],[39.66025,58.93697],[39.65493,58.93239],[39.6534,58.92591],[39.64906,58.92447],[39.64391,58.92864],[39.6375,58.92917],[39.63508,58.92881],[39.62952,58.92329],[39.62917,58.92083],[39.62674,58.92119],[39.62326,58.92465],[39.61495,58.92535],[39.60659,58.91702],[39.60174,58.91631],[39.59826,58.91285],[39.58995,58.91215],[39.58576,58.91631],[39.55662,58.91702],[39.55242,58.91285],[39.54583,58.9125],[39.54493,58.91602],[39.52823,58.91723],[39.51888,58.9089],[39.51446,58.90777],[39.5093,58.90377],[39.50833,58.9],[39.50869,58.89341],[39.51249,58.88958],[39.50869,58.88576],[39.50833,58.87917],[39.51046,58.87851],[39.51871,58.87149],[39.53678,58.87007],[39.53821,58.84274],[39.54379,58.84101],[39.55621,58.82982],[39.57149,58.82823],[39.57018,58.81038],[39.56601,58.80441],[39.56732,58.80204],[39.57434,58.79379],[39.57573,58.77163],[39.59061,58.77007],[39.5927,58.76331],[39.6038,58.76158],[39.61316,58.75058],[39.61148,58.74178],[39.60629,58.73816],[39.59991,58.73619],[39.59518,58.72941],[39.59665,58.71736],[39.62083,58.71667],[39.64409,58.71631],[39.65174,58.70869],[39.66076,58.70798],[39.66841,58.70035],[39.68576,58.69965],[39.68958,58.69585],[39.69341,58.69965],[39.69583,58.7],[39.69644,58.70217],[39.70084,58.70762],[39.71467,58.70894],[39.71866,58.7119],[39.72717,58.7131],[39.73533,58.72023],[39.75634,58.72144],[39.76449,58.72856],[39.77004,58.73011],[39.77144,58.73804],[39.76622,58.74508],[39.76745,58.75339],[39.77717,58.75477],[39.78116,58.75773],[39.78659,58.75924],[39.7875,58.7625],[39.79388,58.76307],[39.79779,58.7661],[39.81888,58.76723],[39.82425,58.7714],[39.83554,58.77027],[39.83946,58.76723],[39.84911,58.76596],[39.85089,58.75904],[39.86054,58.75777],[39.86446,58.75473],[39.86667,58.75417],[39.86755,58.75759],[39.87575,58.7589],[39.88125,58.75464],[39.88529,58.75777],[39.89804,58.7589],[39.90196,58.76193],[39.90638,58.76307],[39.91029,58.7661],[39.92721,58.76723],[39.93112,58.77027],[39.93971,58.7714],[39.95207,58.78287],[39.95612,58.77973],[39.96325,58.7786],[39.96987,58.78373],[39.97173,58.79101],[39.98554,58.79223],[39.9907,58.79623],[39.99167,58.8],[39.99383,58.80062],[39.99784,58.80355],[40.00216,58.80478],[40.00786,58.80895],[40.01049,58.80772],[40.01451,58.80478],[40.01883,58.80355],[40.02453,58.79938],[40.02831,58.80116],[40.03009,58.80741],[40.03549,58.80895],[40.03958,58.81194],[40.04447,58.80837],[40.04938,58.81451],[40.051,58.82562],[40.07716,58.82438],[40.08117,58.82145],[40.08966,58.82022],[40.09536,58.81605],[40.11049,58.81728],[40.11451,58.82022],[40.11667,58.82083],[40.11909,58.82048],[40.12745,58.81215],[40.13159,58.81285],[40.13542,58.81665],[40.14341,58.80869],[40.14583,58.80833],[40.15336,58.80907],[40.15478,58.81883],[40.16188,58.82701],[40.16312,58.83417],[40.14645,58.85201],[40.14522,58.85633],[40.14228,58.86034],[40.14105,58.86466],[40.13812,58.86867],[40.1375,58.875],[40.14919,58.87569],[40.15062,58.88549],[40.15772,58.89367],[40.15895,58.89799],[40.16188,58.90201],[40.1625,58.90417],[40.17326,58.90381],[40.17674,58.90035],[40.18159,58.89965],[40.18579,58.89548],[40.18992,58.89619],[40.19375,58.89999],[40.20174,58.89202],[40.21076,58.89131],[40.21424,58.88785],[40.23159,58.88715],[40.23508,58.88369],[40.29583,58.88333],[40.31466,58.88272],[40.32284,58.87562],[40.32716,58.87438],[40.33117,58.87145],[40.34383,58.87022],[40.34784,58.86728],[40.35216,58.86605],[40.35617,58.86312],[40.36693,58.86155],[40.36188,58.85464],[40.36376,58.85063],[40.40417,58.85],[40.40833,58.85],[40.40918,58.84668],[40.41471,58.84527],[40.41862,58.84223],[40.4246,58.8407],[40.4286,58.83554],[40.42988,58.82589],[40.43333,58.825],[40.44826,58.82535],[40.45662,58.83369],[40.46492,58.83298],[40.46841,58.82952],[40.47742,58.82881],[40.48508,58.82119],[40.48992,58.82048],[40.49758,58.81285],[40.50242,58.81215],[40.50591,58.80869],[40.51667,58.80833],[40.51763,58.80456],[40.52425,58.79943],[40.52721,58.80057],[40.53112,58.8036],[40.53554,58.80473],[40.54014,58.80829],[40.54943,58.79804],[40.55064,58.78007],[40.55794,58.7782],[40.56193,58.77304],[40.56307,58.76862],[40.5661,58.76471],[40.56667,58.7625],[40.56883,58.76312],[40.57701,58.77022],[40.61883,58.77145],[40.62453,58.77562],[40.64799,58.77438],[40.6537,58.77022],[40.65633,58.77145],[40.66451,58.77855],[40.67007,58.78014],[40.67164,58.79098],[40.68333,58.79167],[40.68273,58.78533],[40.67856,58.77971],[40.68001,58.77145],[40.72917,58.77083],[40.73133,58.77022],[40.73534,58.76728],[40.74383,58.76605],[40.74784,58.76312],[40.75424,58.76129],[40.75062,58.75633],[40.74938,58.75201],[40.74228,58.74383],[40.74105,58.71867],[40.7333,58.70975],[40.73951,58.70478],[40.74799,58.70355],[40.75624,58.69639],[40.76034,58.69938],[40.76466,58.70062],[40.76867,58.70355],[40.77299,58.70478],[40.77701,58.70772],[40.78549,58.70895],[40.79045,58.71257],[40.79259,58.70509],[40.80062,58.7028],[40.79938,58.69784],[40.79645,58.69383],[40.79513,58.67581],[40.78534,58.67438],[40.78133,58.67145],[40.76747,58.6701],[40.76312,58.66466],[40.76153,58.6591],[40.75201,58.65772],[40.74799,58.65478],[40.74178,58.65301],[40.73812,58.64799],[40.7375,58.64583],[40.73835,58.64252],[40.7464,58.64045],[40.74527,58.63112],[40.7411,58.62575],[40.74231,58.60931],[40.74915,58.6036],[40.76054,58.60473],[40.76862,58.61193],[40.77304,58.61307],[40.77696,58.6161],[40.80742,58.61727],[40.80947,58.62526],[40.81446,58.6214],[40.81998,58.61998],[40.82175,58.61311],[40.8375,58.6125],[40.84082,58.61165],[40.84252,58.60502],[40.84804,58.6036],[40.85612,58.5964],[40.86471,58.59527],[40.86862,58.59223],[40.87304,58.5911],[40.87696,58.58807],[40.88138,58.58693],[40.88946,58.57973],[40.89167,58.57917],[40.89512,58.57828],[40.8964,58.56862],[40.9036,58.56054],[40.90417,58.55833],[40.90538,58.5536],[40.91471,58.55473],[40.91862,58.55777],[40.92083,58.55833],[40.92304,58.5589],[40.92842,58.56307],[40.94804,58.56193],[40.95196,58.5589],[40.96054,58.55777],[40.96446,58.55473],[40.96888,58.5536],[40.97279,58.55057],[40.97721,58.54943],[40.98946,58.53807],[41.00638,58.53693],[41.01029,58.5339],[41.01471,58.53277],[41.01862,58.52973],[41.03243,58.52851],[41.03333,58.525],[41.03333,58.52083],[41.03576,58.52048],[41.03924,58.51702],[41.05417,58.51667],[41.05478,58.51883],[41.05772,58.52284],[41.05926,58.52824],[41.06637,58.53027],[41.07438,58.53951],[41.07562,58.54383],[41.07855,58.54784],[41.08009,58.55324],[41.08739,58.55533],[41.09105,58.56034],[41.09246,58.57004],[41.10216,58.57145],[41.10617,58.57438],[41.10833,58.575],[41.12004,58.57573],[41.12149,58.58962],[41.12434,58.59371],[41.12566,58.59641],[41.11659,58.60707],[41.10919,58.60935],[41.10768,58.61691],[41.11276,58.62419],[41.09142,58.62566],[41.08546,58.62149],[41.07892,58.62018],[41.07215,58.62491],[41.06985,58.63235],[41.06454,58.63399],[41.04796,58.64934],[41.04583,58.65],[41.04619,58.65246],[41.05174,58.65798],[41.05417,58.65833],[41.05742,58.6591],[41.05886,58.66344],[41.0547,58.66859],[41.05417,58.68333],[41.05741,58.68426],[41.05933,58.69099],[41.08133,58.69228],[41.08534,58.69522],[41.10464,58.69645],[41.11034,58.69228],[41.11574,58.69074],[41.11728,58.68534],[41.12022,58.68133],[41.12164,58.67156],[41.13613,58.67022],[41.1375,58.675],[41.14167,58.675],[41.14388,58.67557],[41.1464,58.67795],[41.14167,58.67917],[41.14252,58.68248],[41.14804,58.6839],[41.15612,58.6911],[41.16054,58.69223],[41.16446,58.69527],[41.17304,58.6964],[41.17696,58.69943],[41.18554,58.70057],[41.18958,58.7037],[41.19362,58.70057],[41.20417,58.7],[41.20452,58.70242],[41.21215,58.71008],[41.2125,58.71667],[41.20591,58.71702],[41.18369,58.73922],[41.18298,58.74826],[41.17745,58.75381],[41.15591,58.75452],[41.15242,58.75798],[41.15,58.75833],[41.14787,58.75898],[41.1438,58.76186],[41.13537,58.76314],[41.1313,58.76602],[41.12703,58.76731],[41.12165,58.77112],[41.12019,58.78547],[41.11731,58.78953],[41.11569,58.80018],[41.10921,58.79558],[41.10759,58.81147],[41.10203,58.81314],[41.09657,58.81742],[41.09519,58.83547],[41.08814,58.8437],[41.08672,58.85764],[41.07083,58.85833],[41.06446,58.85777],[41.06041,58.85463],[41.05221,58.86193],[41.01758,58.8631],[41.01582,58.86998],[41.00893,58.87175],[41.00833,58.89167],[41.00833,58.90417],[41.0282,58.90472],[41.0297,58.90935],[41.02405,58.91591],[41.01859,58.9172],[41.01475,58.9203],[41.01025,58.92136],[41.00641,58.92447],[41.00192,58.92553],[40.99391,58.9328],[40.98942,58.93386],[40.97576,58.94679],[40.975,58.95],[40.98546,58.95066],[40.98954,58.95351],[40.99379,58.95482],[40.99905,58.9585],[41.00066,58.96879],[41.00351,58.97288],[41.00482,58.97809],[40.99371,58.97982],[40.98962,58.98268],[40.98538,58.98399],[40.98129,58.98684],[40.95904,58.98824],[40.95768,59.02108],[40.96184,59.02704],[40.96316,59.02941],[40.95842,59.03619],[40.95204,59.03816],[40.94618,59.0427],[40.94657,59.0493],[40.98546,59.05066],[40.98954,59.05351],[40.99191,59.05482],[40.99911,59.04979],[41.0,59.05833],[40.99903,59.06173],[40.98817,59.06331],[40.9875,59.07917],[40.97703,59.07981],[40.9688,59.08686],[40.93537,59.08814],[40.9313,59.09102],[40.88953,59.09231],[40.88547,59.09519],[40.87051,59.09648],[40.86458,59.09227],[40.86047,59.09519],[40.84258,59.09648],[40.84167,59.0875],[40.83924,59.08715],[40.83576,59.08369],[40.825,59.08333],[40.81451,59.08395],[40.81049,59.08688],[40.80074,59.0883],[40.8,59.09583],[40.8073,59.09658],[40.80898,59.10213],[40.81186,59.1062],[40.81314,59.12713],[40.82019,59.13537],[40.82148,59.15449],[40.81669,59.16124],[40.80926,59.16348],[40.80769,59.16939],[40.81464,59.17148],[40.8187,59.17436],[40.82297,59.17564],[40.8312,59.18269],[40.84608,59.18421],[40.84231,59.18953],[40.84102,59.19616],[40.84523,59.20208],[40.84231,59.2062],[40.84167,59.20833],[40.84252,59.21165],[40.84583,59.2125],[40.85242,59.21215],[40.85591,59.20869],[40.86076,59.20798],[40.86424,59.20452],[40.88992,59.20381],[40.89341,59.20035],[40.90659,59.19965],[40.91008,59.19619],[40.93992,59.19548],[40.94341,59.19202],[40.94583,59.19167],[40.94671,59.18308],[40.95203,59.18686],[40.9625,59.1875],[40.96285,59.18992],[40.97881,59.20591],[40.97952,59.21909],[40.99965,59.23924],[41.0,59.24167],[41.00221,59.24223],[41.00759,59.2464],[41.03554,59.24527],[41.04779,59.2339],[41.05332,59.23248],[41.05502,59.22585],[41.06054,59.22443],[41.06592,59.22027],[41.07304,59.2214],[41.08112,59.2286],[41.08665,59.23002],[41.08847,59.2371],[41.09362,59.2411],[41.09804,59.24223],[41.10196,59.24527],[41.10638,59.2464],[41.11175,59.25057],[41.11632,59.24882],[41.12443,59.23971],[41.12621,59.23277],[41.1286,59.23529],[41.13013,59.24127],[41.13529,59.24527],[41.14167,59.24583],[41.14223,59.24362],[41.14527,59.23971],[41.1468,59.23373],[41.15196,59.22973],[41.16577,59.22851],[41.16763,59.22123],[41.17279,59.21723],[41.17721,59.2161],[41.18112,59.21307],[41.19914,59.21186],[41.19971,59.20933],[41.1911,59.20712],[41.19223,59.20196],[41.19527,59.19804],[41.19654,59.18842],[41.20196,59.1839],[41.20638,59.18277],[41.21175,59.1786],[41.21471,59.17973],[41.21862,59.18277],[41.24804,59.1839],[41.25196,59.18693],[41.29388,59.18807],[41.29779,59.1911],[41.30638,59.19223],[41.31029,59.19527],[41.31471,59.1964],[41.31862,59.19943],[41.33554,59.20057],[41.34362,59.20777],[41.36054,59.2089],[41.36446,59.21193],[41.36667,59.2125],[41.37304,59.21307],[41.37696,59.2161],[41.38138,59.21723],[41.38675,59.2214],[41.38971,59.22027],[41.39362,59.21723],[41.39804,59.2161],[41.41151,59.2036],[41.41888,59.20473],[41.42425,59.2089],[41.44909,59.20772],[41.45,59.20417],[41.45659,59.20452],[41.46008,59.20798],[41.46909,59.20869],[41.47258,59.21215],[41.47917,59.2125],[41.47952,59.21492],[41.48298,59.21841],[41.48369,59.22329],[41.48924,59.22881],[41.49167,59.22917],[41.4991,59.22851],[41.50085,59.22168],[41.50638,59.22027],[41.51446,59.21307],[41.51667,59.2125],[41.51729,59.20099],[41.52279,59.1964],[41.52721,59.19527],[41.53112,59.19223],[41.53665,59.19082],[41.53841,59.18397],[41.55638,59.18277],[41.56029,59.17973],[41.57304,59.1786],[41.57696,59.17557],[41.60731,59.1744],[41.6161,59.16471],[41.61758,59.15894],[41.63333,59.15833],[41.6343,59.16154],[41.6407,59.16346],[41.64292,59.17082],[41.64867,59.16674],[41.65769,59.17703],[41.65925,59.19231],[41.67713,59.19102],[41.68301,59.18686],[41.68547,59.18814],[41.6937,59.19519],[41.69797,59.19648],[41.70384,59.20064],[41.70745,59.19875],[41.70935,59.19246],[41.7188,59.19102],[41.72703,59.18398],[41.73963,59.18269],[41.74551,59.17852],[41.74797,59.17981],[41.75203,59.18269],[41.7563,59.18398],[41.76037,59.18686],[41.7688,59.18814],[41.77287,59.19102],[41.7875,59.19167],[41.78812,59.18534],[41.79105,59.18133],[41.79259,59.17593],[41.79933,59.174],[41.80068,59.14664],[41.81153,59.14506],[41.81343,59.13843],[41.81991,59.13657],[41.82145,59.13117],[41.83418,59.11735],[41.85633,59.11605],[41.86034,59.11312],[41.88197,59.11188],[41.88333,59.11667],[41.8875,59.11667],[41.89493,59.11733],[41.89668,59.12415],[41.9,59.125],[41.91492,59.12465],[41.91841,59.12119],[41.92917,59.12083],[41.92824,59.12407],[41.9216,59.12597],[41.92022,59.13549],[41.91683,59.14014],[41.91745,59.14514],[41.93966,59.14645],[41.94367,59.14938],[41.94799,59.15062],[41.95331,59.1545],[41.95478,59.16466],[41.95841,59.16962],[41.94948,59.17217],[41.95078,59.18262],[41.96714,59.18395],[41.97284,59.17978],[41.97547,59.17855],[41.98117,59.18272],[41.98966,59.18395],[41.99367,59.18688],[41.99919,59.18846],[42.00062,59.1963],[41.99645,59.20201],[41.99583,59.20833],[41.9968,59.2121],[42.00303,59.21693],[42.00417,59.2125],[42.00638,59.21193],[42.01042,59.2088],[42.01592,59.21307],[42.02721,59.21193],[42.03112,59.2089],[42.04388,59.20777],[42.04925,59.2036],[42.05399,59.20542],[42.05777,59.21029],[42.0589,59.21471],[42.06193,59.21862],[42.06342,59.22441],[42.0875,59.225],[42.09388,59.22557],[42.10196,59.23277],[42.10638,59.2339],[42.11175,59.23807],[42.11586,59.23649],[42.11752,59.23002],[42.12415,59.22832],[42.12585,59.22168],[42.13248,59.21998],[42.13425,59.2131],[42.15417,59.2125],[42.15509,59.21574],[42.16049,59.21728],[42.16451,59.22022],[42.16883,59.22145],[42.17284,59.22438],[42.1826,59.2258],[42.18395,59.2403],[42.17701,59.24228],[42.17077,59.24727],[42.18773,59.26541],[42.18333,59.26667],[42.18243,59.27021],[42.16175,59.2714],[42.15638,59.26723],[42.15332,59.2661],[42.14656,59.27173],[42.14527,59.28013],[42.15514,59.29101],[42.16888,59.29223],[42.17279,59.29527],[42.18427,59.2964],[42.19362,59.28807],[42.21888,59.28693],[42.22293,59.28379],[42.24077,59.30068],[42.24167,59.30417],[42.25216,59.30478],[42.25617,59.30772],[42.26466,59.30895],[42.26867,59.31188],[42.27716,59.31312],[42.28117,59.31605],[42.32399,59.31731],[42.32599,59.32428],[42.34068,59.32572],[42.34264,59.33257],[42.35216,59.33395],[42.35786,59.33812],[42.37299,59.33688],[42.37701,59.33395],[42.38304,59.33223],[42.39105,59.32299],[42.39262,59.31223],[42.39784,59.31605],[42.4125,59.31667],[42.41335,59.31335],[42.42025,59.31158],[42.4287,59.30209],[42.42443,59.29658],[42.42601,59.29248],[42.4339,59.29045],[42.42721,59.2839],[42.41346,59.28268],[42.4089,59.27721],[42.40777,59.27279],[42.4036,59.26741],[42.40535,59.26285],[42.41446,59.25473],[42.43554,59.2536],[42.43946,59.25057],[42.44388,59.24943],[42.44792,59.2463],[42.45196,59.24943],[42.45638,59.25057],[42.46446,59.25777],[42.49388,59.2589],[42.49925,59.26307],[42.50221,59.26193],[42.50612,59.2589],[42.525,59.25833],[42.5256,59.24267],[42.53112,59.23807],[42.54073,59.2368],[42.55457,59.22201],[42.55,59.22083],[42.54341,59.22048],[42.53992,59.21702],[42.5375,59.21667],[42.53828,59.20905],[42.55,59.20833],[42.57299,59.20895],[42.57822,59.21277],[42.58,59.20054],[42.58951,59.19228],[42.59572,59.19051],[42.59938,59.18549],[42.6,59.175],[42.62742,59.17535],[42.63578,59.18369],[42.63992,59.18298],[42.64341,59.17952],[42.65659,59.17881],[42.66424,59.17119],[42.68576,59.17048],[42.68924,59.16702],[42.69826,59.16631],[42.71008,59.15452],[42.71667,59.15417],[42.71909,59.15452],[42.72674,59.16215],[42.74409,59.16285],[42.74758,59.16631],[42.76076,59.16702],[42.76458,59.17082],[42.76841,59.16702],[42.775,59.16667],[42.77836,59.16763],[42.77978,59.17547],[42.77562,59.18117],[42.77438,59.1903],[42.78133,59.19228],[42.78534,59.19522],[42.7909,59.1968],[42.79247,59.2076],[42.80735,59.20905],[42.8093,59.2159],[42.81883,59.21728],[42.82384,59.22095],[42.825,59.225],[42.87825,59.22558],[42.88038,59.2339],[42.89493,59.23268],[42.8968,59.2254],[42.90208,59.2213],[42.90612,59.22443],[42.91471,59.22557],[42.91862,59.2286],[42.93333,59.22917],[42.93369,59.24409],[42.94131,59.25174],[42.94202,59.25662],[42.94758,59.26215],[42.96076,59.26285],[42.96495,59.26702],[42.97742,59.26631],[42.98091,59.26285],[42.98333,59.2625],[42.98679,59.26339],[42.9882,59.27408],[42.99362,59.2786],[42.99583,59.27917],[42.99644,59.28551],[43.00044,59.29091],[42.99922,59.29922],[42.98845,59.30075],[42.9869,59.30634],[42.98315,59.31139],[42.97591,59.31341],[42.975,59.31667],[43.00741,59.31725],[43.0089,59.32304],[43.01193,59.32696],[43.01307,59.33138],[43.0161,59.33529],[43.01723,59.33971],[43.02027,59.34362],[43.0214,59.35221],[43.0286,59.36029],[43.03002,59.36582],[43.03665,59.36752],[43.0384,59.37434],[43.04583,59.375],[43.04522,59.40216],[43.04228,59.40617],[43.04069,59.41173],[43.03007,59.41328],[43.02855,59.41983],[43.04098,59.42164],[43.04167,59.43333],[43.05638,59.4339],[43.06175,59.43807],[43.07721,59.43693],[43.08112,59.4339],[43.08971,59.43277],[43.09509,59.4286],[43.10327,59.4299],[43.10777,59.43529],[43.10904,59.4449],[43.11862,59.4536],[43.13138,59.45473],[43.13946,59.46193],[43.14804,59.46307],[43.15342,59.46723],[43.16471,59.4661],[43.17009,59.46193],[43.19909,59.46311],[43.20085,59.46998],[43.20417,59.47083],[43.21054,59.4714],[43.21446,59.47443],[43.26992,59.47559],[43.27168,59.48248],[43.27721,59.4839],[43.28112,59.48693],[43.3,59.4875],[43.29965,59.50242],[43.29412,59.50798],[43.28924,59.50869],[43.27952,59.51838],[43.27917,59.52083],[43.26841,59.52119],[43.26492,59.52465],[43.2375,59.525],[43.23807,59.53554],[43.24193,59.54053],[43.23418,59.54252],[43.23333,59.54583],[43.23395,59.54799],[43.24105,59.55617],[43.24234,59.57817],[43.24799,59.57978],[43.25331,59.58366],[43.25478,59.59383],[43.25919,59.59933],[43.28797,59.60062],[43.29375,59.59639],[43.29784,59.59938],[43.31883,59.60062],[43.3291,59.60973],[43.32562,59.61451],[43.32438,59.62299],[43.32145,59.62701],[43.32022,59.63549],[43.31728,59.63951],[43.31605,59.64483],[43.32716,59.64645],[43.33117,59.64938],[43.34919,59.65071],[43.35077,59.66153],[43.35741,59.66343],[43.35833,59.66667],[43.36884,59.66606],[43.38533,59.65061],[43.39384,59.64939],[43.39946,59.64523],[43.40634,59.64644],[43.41196,59.65061],[43.42023,59.64915],[43.43394,59.63419],[43.43273,59.62283],[43.42856,59.61721],[43.43023,59.60773],[43.43967,59.60894],[43.44529,59.61311],[43.46051,59.61189],[43.46449,59.60894],[43.47717,59.60773],[43.48116,59.60477],[43.4875,59.60417],[43.49082,59.60502],[43.49263,59.6121],[43.49779,59.6161],[43.5116,59.61733],[43.51335,59.62415],[43.51888,59.62557],[43.52279,59.6286],[43.56667,59.62917],[43.56909,59.62881],[43.57258,59.62535],[43.57917,59.625],[43.5866,59.62566],[43.5875,59.62917],[43.59409,59.62952],[43.59758,59.63298],[43.60242,59.63369],[43.60591,59.63715],[43.6125,59.6375],[43.61341,59.63395],[43.63971,59.63277],[43.64509,59.6286],[43.65221,59.62973],[43.65759,59.6339],[43.66579,59.63259],[43.66788,59.62443],[43.67304,59.62557],[43.67696,59.6286],[43.68971,59.62973],[43.69906,59.63807],[43.71471,59.63693],[43.72009,59.63277],[43.73554,59.6339],[43.73946,59.63693],[43.75327,59.63816],[43.75513,59.64544],[43.76175,59.65057],[43.78138,59.64943],[43.78529,59.6464],[43.78971,59.64527],[43.79779,59.63807],[43.8,59.6375],[43.80417,59.6375],[43.80638,59.63807],[43.81029,59.6411],[43.81582,59.64252],[43.81752,59.64915],[43.82304,59.65057],[43.82842,59.65473],[43.83138,59.6536],[43.83529,59.65057],[43.85638,59.64943],[43.86446,59.64223],[43.875,59.64167],[43.88651,59.64105],[43.8912,59.63542],[43.88724,59.6303],[43.8952,59.62826],[43.89647,59.60924],[43.90221,59.60777],[43.91041,59.60046],[43.91592,59.60473],[43.92304,59.6036],[43.92842,59.59943],[43.93554,59.60057],[43.93946,59.6036],[43.9625,59.60417],[43.96184,59.61046],[43.95371,59.62002],[43.97712,59.62149],[43.98121,59.62434],[44.00212,59.62566],[44.0114,59.63354],[44.01316,59.64073],[44.00417,59.64167],[44.00481,59.64797],[44.00898,59.65384],[44.007,59.65762],[43.99102,59.65925],[43.9937,59.66186],[44.0063,59.66314],[44.01218,59.66731],[44.0188,59.66602],[44.02287,59.66314],[44.03963,59.66186],[44.04375,59.65894],[44.05203,59.66602],[44.0625,59.66667],[44.06193,59.67721],[44.05777,59.68259],[44.05898,59.6991],[44.0625,59.7],[44.06193,59.70221],[44.05382,59.71132],[44.04925,59.71307],[44.04388,59.7089],[44.03946,59.70777],[44.03138,59.70057],[44.02425,59.69943],[44.01888,59.7036],[44.00922,59.70488],[44.00752,59.71149],[44.00342,59.71307],[43.99804,59.7089],[43.99073,59.70777],[43.9803,59.71706],[43.9786,59.72177],[43.98693,59.73112],[43.98807,59.73629],[43.98112,59.73807],[43.97304,59.74527],[43.96764,59.74665],[43.9661,59.75094],[43.97443,59.76029],[43.97557,59.76888],[43.9786,59.77279],[43.97917,59.775],[43.98333,59.775],[43.98665,59.77585],[43.98864,59.7836],[43.99509,59.7786],[44.00638,59.77973],[44.01457,59.78704],[44.01862,59.7839],[44.02083,59.78333],[44.02164,59.78017],[44.02575,59.7786],[44.03112,59.78277],[44.03971,59.7839],[44.04519,59.78847],[44.0464,59.80491],[44.04223,59.81029],[44.04082,59.81582],[44.03431,59.81749],[44.03277,59.82177],[44.0411,59.83112],[44.04223,59.83554],[44.04527,59.83946],[44.0464,59.84388],[44.04943,59.84779],[44.05057,59.85221],[44.05777,59.86029],[44.05833,59.86667],[44.07083,59.86667],[44.07326,59.86702],[44.08298,59.87671],[44.08333,59.87917],[44.07993,59.88014],[44.07837,59.89087],[44.06867,59.89228],[44.06466,59.89522],[44.05786,59.89645],[44.05208,59.89223],[44.04799,59.89522],[44.03842,59.89661],[44.03688,59.9028],[44.04383,59.90478],[44.04884,59.90845],[44.05093,59.91574],[44.05633,59.91728],[44.06034,59.92022],[44.07089,59.92175],[44.07006,59.92843],[44.05515,59.92988],[44.05355,59.93549],[44.05062,59.93951],[44.04938,59.9463],[44.05428,59.95301],[44.06049,59.95478],[44.07701,59.97022],[44.09799,59.97145],[44.10201,59.97438],[44.11134,59.97574],[44.11312,59.9799],[44.10399,59.99042],[44.11049,59.99228],[44.11451,59.99522],[44.12403,59.9966],[44.125,60.0],[44.15417,60.0],[44.16173,59.99923],[44.1625,59.99167],[44.16338,59.98308],[44.1687,59.98686],[44.17297,59.98814],[44.17884,59.99231],[44.20214,59.99102],[44.20625,59.9881],[44.21453,59.99519],[44.2323,59.99655],[44.2343,60.0032],[44.2375,60.00417],[44.25742,60.00357],[44.25955,59.99527],[44.28554,59.9964],[44.29362,60.0036],[44.30221,60.00473],[44.30612,60.00777],[44.31165,60.00918],[44.31371,60.01723],[44.33971,60.0161],[44.34362,60.01307],[44.35221,60.01193],[44.35612,60.0089],[44.36888,60.00777],[44.37279,60.00473],[44.37721,60.0036],[44.38112,60.00057],[44.38333,60.0],[44.38665,59.99915],[44.3875,59.99583],[44.3875,59.9875],[44.38508,59.98715],[44.37535,59.97745],[44.375,59.97083],[44.37589,59.96738],[44.38661,59.96596],[44.38835,59.95918],[44.39525,59.95741],[44.4036,59.94804],[44.40473,59.93112],[44.41204,59.92293],[44.40777,59.91741],[44.40958,59.91268],[44.41446,59.9089],[44.42721,59.90777],[44.43125,59.90464],[44.43529,59.90777],[44.43971,59.9089],[44.44375,59.91203],[44.44779,59.9089],[44.45221,59.90777],[44.45612,59.90473],[44.46054,59.9036],[44.46446,59.90057],[44.46998,59.89915],[44.47168,59.89252],[44.47721,59.8911],[44.48529,59.8839],[44.49388,59.88277],[44.49779,59.87973],[44.50377,59.8782],[44.50777,59.87304],[44.5089,59.86446],[44.51307,59.85908],[44.51193,59.85196],[44.50473,59.84388],[44.50417,59.83333],[44.51732,59.83251],[44.51592,59.81326],[44.49788,59.81184],[44.49379,59.80899],[44.49167,59.80833],[44.49131,59.79341],[44.48785,59.78992],[44.4875,59.7875],[44.48807,59.78529],[44.49184,59.78042],[44.49658,59.7786],[44.50196,59.78277],[44.50927,59.7839],[44.51862,59.77557],[44.53554,59.77443],[44.54362,59.76723],[44.5551,59.7661],[44.56446,59.77443],[44.57304,59.77557],[44.57696,59.7786],[44.58138,59.77973],[44.58529,59.78277],[44.59388,59.7839],[44.59779,59.78693],[44.62304,59.78807],[44.62696,59.7911],[44.64493,59.7923],[44.64583,59.79583],[44.64826,59.79619],[44.65174,59.79965],[44.67083,59.8],[44.67048,59.79758],[44.66702,59.79409],[44.66667,59.7875],[44.6674,59.77997],[44.67884,59.77831],[44.68395,59.7713],[44.68272,59.76867],[44.67556,59.76042],[44.67855,59.75633],[44.68033,59.75011],[44.68534,59.74645],[44.69074,59.74491],[44.69167,59.74167],[44.70221,59.74223],[44.70612,59.74527],[44.72304,59.7464],[44.72696,59.74943],[44.76054,59.75057],[44.7699,59.7589],[44.77304,59.75777],[44.78529,59.7464],[44.7991,59.74517],[44.80085,59.73835],[44.80638,59.73693],[44.81029,59.7339],[44.81471,59.73277],[44.82291,59.72546],[44.82842,59.72973],[44.83971,59.7286],[44.84779,59.7214],[44.85221,59.72027],[44.88112,59.69223],[44.9,59.69167],[44.89915,59.68835],[44.89583,59.6875],[44.89498,59.68418],[44.89167,59.68333],[44.8875,59.68333],[44.88653,59.67993],[44.87701,59.67855],[44.86049,59.66312],[44.85509,59.66157],[44.85355,59.65617],[44.85062,59.65216],[44.84907,59.64676],[44.84367,59.64522],[44.83966,59.64228],[44.8299,59.64086],[44.82917,59.63333],[44.83992,59.63298],[44.84758,59.62535],[44.86076,59.62465],[44.86424,59.62119],[44.86909,59.62048],[44.87292,59.61668],[44.88091,59.62465],[44.88333,59.625],[44.89071,59.62434],[44.89527,59.61888],[44.89705,59.61193],[44.90638,59.61307],[44.91029,59.6161],[44.91888,59.61723],[44.92425,59.6214],[44.93138,59.62027],[44.93675,59.6161],[44.94804,59.61723],[44.95196,59.62027],[44.95417,59.62083],[44.95767,59.61993],[44.95833,59.6125],[44.95869,59.61008],[44.96215,59.60659],[44.9625,59.60417],[44.96029,59.6036],[44.95542,59.59982],[44.9536,59.59509],[44.95777,59.58971],[44.95904,59.58005],[44.96471,59.5786],[44.96862,59.57557],[44.97721,59.57443],[44.98112,59.5714],[44.98791,59.56966],[44.9714,59.55221],[44.97027,59.54509],[44.97443,59.53971],[44.975,59.53333],[44.97426,59.5258],[44.96319,59.52419],[44.9625,59.5125],[44.96463,59.51186],[44.9687,59.50898],[44.9813,59.50769],[44.99103,59.49936],[44.9938,59.50064],[44.99968,59.50481],[45.02812,59.50348],[45.03018,59.49663],[45.03963,59.49519],[45.0437,59.49231],[45.04797,59.49102],[45.05203,59.48814],[45.06731,59.48658],[45.06602,59.47286],[45.05769,59.46313],[45.05898,59.46036],[45.06189,59.45625],[45.05808,59.45088],[45.07397,59.44926],[45.07604,59.44239],[45.0948,59.44095],[45.09648,59.43536],[45.10064,59.42949],[45.09936,59.42703],[45.09231,59.4188],[45.09167,59.40833],[45.08811,59.40742],[45.0875,59.39167],[45.08835,59.38835],[45.09544,59.38653],[45.09943,59.38138],[45.10091,59.37561],[45.11667,59.375],[45.11732,59.36454],[45.12018,59.36046],[45.12149,59.35204],[45.12434,59.34796],[45.12598,59.34265],[45.13342,59.34035],[45.13684,59.33546],[45.13816,59.33121],[45.14101,59.32712],[45.14253,59.3174],[45.16732,59.31584],[45.15629,59.30482],[45.15204,59.30351],[45.14225,59.29518],[45.13538,59.29649],[45.13125,59.29937],[45.12712,59.29649],[45.12074,59.29452],[45.11601,59.28775],[45.11732,59.28121],[45.12018,59.27712],[45.12083,59.275],[45.125,59.275],[45.14388,59.27443],[45.14779,59.2714],[45.16567,59.2702],[45.17443,59.26054],[45.17557,59.24779],[45.20473,59.21771],[45.2036,59.21446],[45.19943,59.20908],[45.20067,59.19678],[45.20612,59.19223],[45.22826,59.19104],[45.22917,59.1875],[45.23992,59.18715],[45.24341,59.18369],[45.24826,59.18298],[45.25245,59.17881],[45.25659,59.17952],[45.26008,59.18298],[45.28159,59.18369],[45.28579,59.18785],[45.29826,59.18715],[45.30245,59.18298],[45.30659,59.18369],[45.31008,59.18715],[45.31667,59.1875],[45.31752,59.19082],[45.32304,59.19223],[45.33112,59.19943],[45.3375,59.2],[45.34167,59.2],[45.34239,59.21172],[45.35,59.2125],[45.35638,59.21193],[45.36029,59.2089],[45.36471,59.20777],[45.36862,59.20473],[45.37304,59.2036],[45.37696,59.20057],[45.39388,59.19943],[45.40196,59.19223],[45.40638,59.1911],[45.41029,59.18807],[45.41471,59.18693],[45.41862,59.1839],[45.45075,59.18277],[45.45625,59.18703],[45.46029,59.1839],[45.47158,59.18277],[45.47696,59.18693],[45.48138,59.18807],[45.48529,59.1911],[45.49082,59.19252],[45.49257,59.19934],[45.50638,59.20057],[45.51575,59.20892],[45.51667,59.2125],[45.51609,59.2147],[45.51308,59.21864],[45.51163,59.22413],[45.50373,59.22621],[45.50499,59.2326],[45.5147,59.23391],[45.52697,59.24525],[45.53271,59.24677],[45.53333,59.2625],[45.55638,59.26307],[45.56042,59.2662],[45.56446,59.26307],[45.56888,59.26193],[45.57279,59.2589],[45.57721,59.25777],[45.58126,59.25463],[45.58946,59.26193],[45.59388,59.26307],[45.59779,59.2661],[45.60638,59.26723],[45.61029,59.27027],[45.62304,59.2714],[45.62842,59.27557],[45.64804,59.27443],[45.65196,59.2714],[45.65638,59.27027],[45.66029,59.26723],[45.66693,59.26553],[45.66307,59.26054],[45.6625,59.25],[45.66307,59.23946],[45.67027,59.23138],[45.6714,59.22696],[45.67526,59.22197],[45.67083,59.22083],[45.66451,59.22022],[45.66049,59.21728],[45.65488,59.21568],[45.65345,59.20099],[45.64656,59.19902],[45.64522,59.18666],[45.66188,59.16883],[45.66324,59.15497],[45.67299,59.15355],[45.67701,59.15062],[45.69167,59.15],[45.69804,59.15057],[45.70196,59.1536],[45.71888,59.15473],[45.72279,59.15777],[45.72832,59.15918],[45.73005,59.16596],[45.73971,59.16723],[45.74779,59.17443],[45.76888,59.17557],[45.77279,59.1786],[45.77851,59.18007],[45.77982,59.19487],[45.78529,59.19943],[45.78971,59.20057],[45.79509,59.20473],[45.80221,59.2036],[45.80612,59.20057],[45.80833,59.2],[45.82326,59.19965],[45.82674,59.19619],[45.84826,59.19548],[45.85174,59.19202],[45.86492,59.19131],[45.86841,59.18785],[45.87326,59.18715],[45.88508,59.17535],[45.89409,59.17465],[45.89792,59.17085],[45.90174,59.17465],[45.90659,59.17535],[45.91214,59.18088],[45.9125,59.18333],[45.91317,59.19914],[45.91867,59.20355],[45.92407,59.20509],[45.92616,59.21239],[45.93117,59.21605],[45.94093,59.21747],[45.9424,59.23253],[45.95337,59.23413],[45.955,59.2453],[45.96593,59.25478],[45.96883,59.25355],[45.97453,59.24938],[45.98966,59.25062],[45.99367,59.25355],[46.00633,59.25478],[46.01034,59.25772],[46.01667,59.25833],[46.01723,59.26471],[46.02027,59.26862],[46.0214,59.27721],[46.02443,59.28112],[46.02585,59.28665],[46.03271,59.28841],[46.03333,59.3],[46.03369,59.30242],[46.03715,59.30591],[46.0375,59.30833],[46.03971,59.3089],[46.04779,59.3161],[46.05332,59.31752],[46.05502,59.32415],[46.06054,59.32557],[46.06862,59.33277],[46.07304,59.3339],[46.07842,59.33807],[46.08316,59.33625],[46.08693,59.33138],[46.08835,59.32585],[46.09388,59.32443],[46.09779,59.3214],[46.10638,59.32027],[46.11029,59.31723],[46.11471,59.3161],[46.12009,59.31193],[46.14804,59.31307],[46.15196,59.3161],[46.15638,59.31723],[46.16446,59.32443],[46.16667,59.325],[46.1661,59.32721],[46.16307,59.33112],[46.16193,59.33554],[46.15473,59.34362],[46.1536,59.35075],[46.15873,59.35737],[46.16582,59.35918],[46.16752,59.36582],[46.17304,59.36723],[46.18946,59.38277],[46.19521,59.38424],[46.19583,59.39583],[46.19648,59.39797],[46.19936,59.40203],[46.20077,59.4159],[46.21731,59.41758],[46.21602,59.43547],[46.20831,59.44448],[46.21453,59.44936],[46.2188,59.45064],[46.22708,59.45773],[46.23301,59.45352],[46.23964,59.45481],[46.24786,59.46186],[46.26464,59.46314],[46.2687,59.46602],[46.275,59.46667],[46.27557,59.48554],[46.27943,59.49053],[46.275,59.49167],[46.27536,59.49412],[46.28508,59.50381],[46.2875,59.50417],[46.2875,59.50833],[46.28816,59.51046],[46.29518,59.51871],[46.29665,59.52813],[46.30318,59.53015],[46.30482,59.53546],[46.30768,59.53954],[46.3094,59.54512],[46.33258,59.54657],[46.33399,59.56573],[46.31871,59.56732],[46.31381,59.57074],[46.31152,59.57818],[46.30621,59.57982],[46.30212,59.58268],[46.29788,59.58399],[46.29271,59.5876],[46.29101,59.59608],[46.29518,59.60204],[46.29682,59.60735],[46.30318,59.60932],[46.30482,59.61462],[46.30771,59.61875],[46.30482,59.62288],[46.30417,59.625],[46.30638,59.62557],[46.31029,59.6286],[46.31471,59.62973],[46.31862,59.63277],[46.32304,59.6339],[46.32696,59.63693],[46.33138,59.63807],[46.33529,59.6411],[46.33971,59.64223],[46.34375,59.64536],[46.34793,59.64213],[46.35612,59.64943],[46.36307,59.65121],[46.36193,59.66471],[46.35777,59.67009],[46.35934,59.67419],[46.3625,59.675],[46.39388,59.67557],[46.39925,59.67973],[46.41054,59.6786],[46.41446,59.67557],[46.41998,59.67415],[46.42175,59.66725],[46.43112,59.6589],[46.44388,59.65777],[46.44779,59.65473],[46.45417,59.65417],[46.45512,59.65758],[46.46467,59.65894],[46.46875,59.66196],[46.47446,59.65773],[46.47717,59.65894],[46.48116,59.66189],[46.48967,59.66311],[46.49366,59.66606],[46.51467,59.66727],[46.51866,59.67023],[46.52717,59.67144],[46.53116,59.67439],[46.55634,59.67561],[46.56033,59.67856],[46.58134,59.67977],[46.58533,59.68273],[46.59384,59.68394],[46.59857,59.68744],[46.60773,59.67717],[46.60928,59.67159],[46.61884,59.67023],[46.62446,59.66606],[46.63551,59.66727],[46.64113,59.67144],[46.64933,59.67],[46.65,59.65833],[46.66054,59.6589],[46.66446,59.66193],[46.66741,59.66307],[46.67279,59.6589],[46.67991,59.65777],[46.68529,59.66193],[46.70638,59.66307],[46.71153,59.66706],[46.71307,59.67304],[46.7161,59.67696],[46.71758,59.68273],[46.74909,59.68394],[46.75,59.6875],[46.76054,59.68693],[46.76592,59.68277],[46.77304,59.6839],[46.77803,59.68776],[46.78002,59.68002],[46.78333,59.67917],[46.7875,59.67917],[46.78785,59.68159],[46.79338,59.68715],[46.80659,59.68785],[46.81214,59.69338],[46.81285,59.69826],[46.83505,59.72048],[46.83992,59.72119],[46.84341,59.72465],[46.85171,59.72535],[46.85591,59.72119],[46.86909,59.72048],[46.87258,59.71702],[46.88088,59.71631],[46.88508,59.72048],[46.88992,59.72119],[46.89341,59.72465],[46.91909,59.72535],[46.92464,59.73088],[46.925,59.73333],[46.92443,59.73554],[46.91185,59.7491],[46.90502,59.75085],[46.90417,59.75417],[46.90196,59.75473],[46.89804,59.75777],[46.89233,59.75923],[46.89167,59.76667],[46.89223,59.76888],[46.89623,59.77403],[46.90332,59.77585],[46.90502,59.78248],[46.91165,59.78418],[46.91307,59.78971],[46.9161,59.79362],[46.91667,59.79583],[46.91992,59.7966],[46.92136,59.80094],[46.9172,59.80609],[46.91614,59.80942],[46.92447,59.81859],[46.925,59.825],[46.92168,59.82585],[46.92083,59.82917],[46.92149,59.83546],[46.92851,59.84371],[46.92982,59.84796],[46.93268,59.85204],[46.93399,59.86275],[46.92923,59.86956],[46.93546,59.87149],[46.94341,59.87801],[46.94649,59.88358],[46.94232,59.88954],[46.94093,59.91176],[46.91871,59.91316],[46.91458,59.91604],[46.91046,59.91316],[46.90392,59.91184],[46.89715,59.91658],[46.89478,59.92424],[46.8875,59.925],[46.88693,59.92721],[46.87557,59.93946],[46.87443,59.9426],[46.88277,59.95196],[46.88418,59.95748],[46.89107,59.95925],[46.89167,59.98333],[46.90242,59.98369],[46.90591,59.98715],[46.91076,59.98785],[46.91424,59.99131],[46.91667,59.99167],[46.91728,60.02299],[46.92027,60.02709],[46.91587,60.0326],[46.90201,60.03395],[46.89676,60.03778],[46.89522,60.0463],[46.89938,60.05201],[46.90093,60.05741],[46.90741,60.05926],[46.90895,60.06466],[46.91194,60.06875],[46.90895,60.07284],[46.90754,60.08254],[46.89681,60.0841],[46.89522,60.08966],[46.89228,60.09367],[46.89105,60.0963],[46.89522,60.10201],[46.89645,60.11049],[46.90772,60.12284],[46.90895,60.13197],[46.90077,60.13431],[46.89923,60.14486],[46.89583,60.14583],[46.89674,60.14936],[46.91471,60.15057],[46.91862,60.1536],[46.92304,60.15473],[46.92803,60.1586],[46.92917,60.15417],[46.93675,60.15338],[46.93816,60.13538],[46.94104,60.13125],[46.93723,60.12579],[46.95881,60.12451],[46.96454,60.12851],[46.98227,60.1299],[46.98482,60.13816],[46.99379,60.13684],[46.99975,60.13268],[47.03129,60.13399],[47.04109,60.14232],[47.08546,60.14101],[47.08954,60.13816],[47.11046,60.13684],[47.12025,60.12851],[47.15212,60.12982],[47.15621,60.13268],[47.16879,60.13399],[47.18121,60.14518],[47.18546,60.14649],[47.18958,60.14937],[47.19375,60.14646],[47.19788,60.14934],[47.2,60.15],[47.20085,60.15332],[47.20638,60.15473],[47.21029,60.15777],[47.21582,60.15918],[47.21667,60.1625],[47.2241,60.16184],[47.2259,60.15483],[47.23971,60.1536],[47.24362,60.15057],[47.26159,60.14936],[47.26307,60.14362],[47.2661,60.13971],[47.26788,60.13277],[47.30638,60.1339],[47.31029,60.13693],[47.3125,60.1375],[47.32409,60.13688],[47.3259,60.12983],[47.33971,60.1286],[47.35318,60.1161],[47.38554,60.11723],[47.39092,60.1214],[47.39388,60.12027],[47.40207,60.11296],[47.40678,60.11661],[47.42443,60.09804],[47.4259,60.09233],[47.44077,60.09101],[47.4428,60.08307],[47.44779,60.08693],[47.45638,60.08807],[47.46029,60.0911],[47.46627,60.09263],[47.47027,60.09779],[47.4718,60.10377],[47.47842,60.1089],[47.48138,60.10777],[47.48946,60.10057],[47.51054,60.09943],[47.51446,60.0964],[47.54167,60.09583],[47.54259,60.09225],[47.55196,60.0839],[47.55748,60.08248],[47.5589,60.07696],[47.56307,60.07158],[47.56193,60.06862],[47.55777,60.06325],[47.5589,60.06029],[47.56193,60.05638],[47.5625,60.05417],[47.56993,60.05351],[47.5718,60.04623],[47.57696,60.04223],[47.5875,60.04167],[47.5875,60.03333],[47.58534,60.03272],[47.57716,60.02562],[47.57284,60.02438],[47.56753,60.0205],[47.56587,60.00913],[47.55617,60.00772],[47.55208,60.00473],[47.54799,60.00772],[47.52453,60.00895],[47.51883,60.00478],[47.50901,60.00336],[47.50766,59.97581],[47.49705,59.97427],[47.49522,59.97036],[47.50011,59.96366],[47.50633,59.96188],[47.51034,59.95895],[47.51551,59.95747],[47.51728,59.9537],[47.51312,59.94799],[47.5125,59.94167],[47.51335,59.93835],[47.51888,59.93693],[47.52279,59.9339],[47.53138,59.93277],[47.53529,59.92973],[47.54388,59.9286],[47.54779,59.92557],[47.55,59.925],[47.55121,59.92973],[47.55638,59.9286],[47.56029,59.92557],[47.56991,59.9243],[47.57443,59.91888],[47.57571,59.90922],[47.58138,59.90777],[47.58529,59.90473],[47.59167,59.90417],[47.59804,59.90473],[47.60342,59.9089],[47.60638,59.90777],[47.61029,59.90473],[47.61888,59.9036],[47.62292,59.90047],[47.62696,59.9036],[47.63554,59.90473],[47.63946,59.90777],[47.64498,59.90918],[47.6468,59.91627],[47.65342,59.9214],[47.68138,59.92027],[47.68542,59.91714],[47.68946,59.92027],[47.70638,59.9214],[47.71029,59.92443],[47.74388,59.92557],[47.74779,59.9286],[47.76471,59.92973],[47.76862,59.93277],[47.78138,59.9339],[47.78675,59.93807],[47.7991,59.93683],[47.8009,59.92981],[47.81457,59.91713],[47.81862,59.92027],[47.82721,59.9214],[47.83125,59.92453],[47.83529,59.9214],[47.84167,59.92083],[47.84257,59.9173],[47.86054,59.9161],[47.87279,59.90473],[47.87973,59.90295],[47.87721,59.90057],[47.87083,59.9],[47.8703,59.89359],[47.8578,59.88029],[47.85922,59.87577],[47.86475,59.87447],[47.86859,59.87136],[47.87083,59.87083],[47.87415,59.86998],[47.875,59.86667],[47.87721,59.8661],[47.88112,59.86307],[47.89078,59.86179],[47.89255,59.85488],[47.90221,59.8536],[47.90612,59.85057],[47.91667,59.85],[47.9375,59.85],[47.93812,59.84367],[47.94105,59.83966],[47.94264,59.8341],[47.95343,59.83253],[47.9549,59.81747],[47.96034,59.81312],[47.9625,59.8125],[47.96371,59.81723],[47.97721,59.8161],[47.98259,59.81193],[47.99388,59.81307],[47.99792,59.8162],[48.00196,59.81307],[48.00748,59.81165],[48.00922,59.80488],[48.01888,59.8036],[48.02696,59.7964],[48.04388,59.79527],[48.04779,59.79223],[48.05221,59.7911],[48.05612,59.78807],[48.05833,59.7875],[48.05798,59.78508],[48.05452,59.78159],[48.05381,59.77674],[48.04202,59.76492],[48.04131,59.76008],[48.03785,59.75659],[48.0375,59.75],[48.05221,59.75057],[48.06156,59.7589],[48.06888,59.75777],[48.07279,59.75473],[48.08971,59.7536],[48.09362,59.75057],[48.10221,59.74943],[48.10612,59.7464],[48.11888,59.74527],[48.12279,59.74223],[48.12832,59.74082],[48.13002,59.73418],[48.13333,59.73333],[48.13576,59.73298],[48.13924,59.72952],[48.18576,59.72881],[48.18995,59.72465],[48.19409,59.72535],[48.19829,59.72952],[48.21076,59.72881],[48.21424,59.72535],[48.23995,59.72465],[48.24582,59.71875],[48.24202,59.71492],[48.24167,59.7125],[48.25633,59.71188],[48.26034,59.70895],[48.2711,59.70738],[48.26605,59.70047],[48.26791,59.69651],[48.28549,59.69522],[48.28958,59.69223],[48.29536,59.69645],[48.31151,59.69513],[48.31312,59.68951],[48.31605,59.68549],[48.31764,59.67993],[48.32716,59.67855],[48.33117,59.67562],[48.33966,59.67438],[48.34367,59.67145],[48.36049,59.67022],[48.36458,59.66723],[48.37036,59.67145],[48.37716,59.67022],[48.38117,59.66728],[48.38657,59.66574],[48.38861,59.65863],[48.39784,59.65062],[48.4,59.65],[48.41076,59.64965],[48.41424,59.64619],[48.45242,59.64548],[48.45662,59.64131],[48.46492,59.64202],[48.46841,59.64548],[48.47326,59.64619],[48.47674,59.64965],[48.4875,59.65],[48.48992,59.65035],[48.49341,59.65381],[48.49583,59.65417],[48.50221,59.6536],[48.50612,59.65057],[48.51165,59.64915],[48.51307,59.64362],[48.52027,59.63554],[48.52083,59.63333],[48.52326,59.63369],[48.52708,59.63749],[48.53091,59.63369],[48.53992,59.63298],[48.54341,59.62952],[48.55,59.62917],[48.55221,59.62973],[48.55612,59.63277],[48.58138,59.6339],[48.58675,59.63807],[48.59495,59.63676],[48.59668,59.63002],[48.60377,59.6282],[48.60777,59.62304],[48.60833,59.62083],[48.60933,59.61733],[48.63669,59.61599],[48.63836,59.6045],[48.64536,59.59938],[48.65633,59.60062],[48.66034,59.60355],[48.6625,59.60417],[48.66471,59.60473],[48.66862,59.60777],[48.67824,59.60904],[48.68693,59.61862],[48.68807,59.62304],[48.6911,59.62696],[48.69255,59.63262],[48.70328,59.63404],[48.70502,59.64082],[48.71192,59.64259],[48.72027,59.65196],[48.72174,59.65771],[48.73333,59.65833],[48.73553,59.65775],[48.73947,59.65475],[48.74386,59.65359],[48.7478,59.65058],[48.7522,59.64942],[48.75614,59.64641],[48.7647,59.64525],[48.76864,59.64225],[48.77303,59.64109],[48.77697,59.63808],[48.79386,59.63692],[48.79932,59.63275],[48.82303,59.63391],[48.82708,59.63701],[48.83114,59.63391],[48.84084,59.6326],[48.8421,59.62621],[48.8342,59.62413],[48.83275,59.61864],[48.82859,59.61318],[48.83045,59.60857],[48.83947,59.60058],[48.84167,59.6],[48.85,59.6],[48.85097,59.60377],[48.85612,59.60777],[48.86888,59.6089],[48.87279,59.61193],[48.87721,59.61307],[48.8822,59.61693],[48.88333,59.6125],[48.89167,59.6125],[48.89252,59.61582],[48.89915,59.61752],[48.90089,59.62429],[48.91054,59.62557],[48.91446,59.6286],[48.92721,59.62973],[48.93688,59.63851],[48.9375,59.65],[48.93686,59.65214],[48.93398,59.6562],[48.93269,59.66464],[48.92977,59.66875],[48.93269,59.67286],[48.93398,59.68189],[48.92596,59.6843],[48.92397,59.69092],[48.90905,59.69244],[48.90833,59.70417],[48.9125,59.70417],[48.91492,59.70452],[48.92048,59.71004],[48.92083,59.7125],[48.92119,59.71912],[48.93091,59.72881],[48.93992,59.72952],[48.94341,59.73298],[48.94826,59.73369],[48.95245,59.73785],[48.95659,59.73715],[48.96008,59.73369],[48.99409,59.73298],[48.99758,59.72952],[49.01667,59.72917],[49.02326,59.72881],[49.02674,59.72535],[49.02917,59.725],[49.03002,59.72168],[49.03554,59.72027],[49.03946,59.71723],[49.04388,59.7161],[49.04779,59.71307],[49.05638,59.71193],[49.06029,59.7089],[49.06471,59.70777],[49.06876,59.70463],[49.07707,59.71204],[49.08125,59.7088],[49.08675,59.71307],[49.08971,59.71193],[49.09509,59.70777],[49.09804,59.7089],[49.10342,59.71307],[49.11888,59.71193],[49.12279,59.7089],[49.13971,59.70777],[49.14362,59.70473],[49.15221,59.7036],[49.15612,59.70057],[49.16993,59.69934],[49.17083,59.69583],[49.18992,59.69548],[49.19341,59.69202],[49.21909,59.69131],[49.22258,59.68785],[49.24826,59.68715],[49.25625,59.67918],[49.26008,59.68298],[49.26492,59.68369],[49.26841,59.68715],[49.27326,59.68785],[49.27674,59.69131],[49.31667,59.69167],[49.31909,59.69202],[49.33091,59.70381],[49.33576,59.70452],[49.33924,59.70798],[49.34409,59.70869],[49.34758,59.71215],[49.35659,59.71285],[49.36008,59.71631],[49.36492,59.71702],[49.36841,59.72048],[49.37745,59.72119],[49.38369,59.72745],[49.38298,59.73576],[49.37881,59.73995],[49.37952,59.75659],[49.38298,59.76008],[49.38369,59.76912],[49.38924,59.77465],[49.39167,59.775],[49.39409,59.77535],[49.39758,59.77881],[49.41076,59.77952],[49.41912,59.78785],[49.43159,59.78715],[49.43508,59.78369],[49.45242,59.78298],[49.45591,59.77952],[49.48992,59.77881],[49.49341,59.77535],[49.50242,59.77465],[49.50591,59.77119],[49.51667,59.77083],[49.51757,59.77436],[49.53554,59.77557],[49.53946,59.7786],[49.55221,59.77973],[49.56568,59.79223],[49.56888,59.7911],[49.57425,59.78693],[49.58138,59.78807],[49.58543,59.7912],[49.59362,59.7839],[49.61152,59.7827],[49.6161,59.77721],[49.61738,59.76755],[49.62415,59.76582],[49.62585,59.75918],[49.62917,59.75833],[49.63138,59.7589],[49.63529,59.76193],[49.64096,59.76339],[49.64223,59.77304],[49.6536,59.78529],[49.65507,59.79101],[49.66888,59.79223],[49.67431,59.79676],[49.67557,59.80712],[49.67083,59.80833],[49.67148,59.83252],[49.68133,59.83395],[49.68534,59.83688],[49.69093,59.83848],[49.69228,59.85047],[49.68812,59.85617],[49.6875,59.86667],[49.70242,59.86702],[49.70662,59.87119],[49.71076,59.87048],[49.71458,59.86668],[49.71841,59.87048],[49.72326,59.87119],[49.72674,59.87465],[49.73333,59.875],[49.73418,59.87168],[49.73971,59.87027],[49.74362,59.86723],[49.74804,59.8661],[49.75612,59.8589],[49.76054,59.85777],[49.76862,59.85057],[49.77429,59.84911],[49.7757,59.83842],[49.78112,59.8339],[49.79909,59.8327],[49.8,59.82917],[49.80121,59.82443],[49.81054,59.82557],[49.81446,59.8286],[49.82721,59.82973],[49.8322,59.8336],[49.83333,59.82917],[49.83554,59.82973],[49.83946,59.83277],[49.84911,59.83404],[49.85097,59.84127],[49.85612,59.84527],[49.86165,59.84668],[49.86347,59.85377],[49.86862,59.85777],[49.89484,59.85894],[49.89943,59.86446],[49.9009,59.87017],[49.90833,59.87083],[49.90833,59.875],[49.90923,59.87851],[49.91667,59.87917],[49.91998,59.88002],[49.92083,59.88333],[49.91742,59.88431],[49.91605,59.89447],[49.92299,59.89645],[49.92801,59.90011],[49.93014,59.90757],[49.94098,59.90914],[49.94167,59.92083],[49.94388,59.9214],[49.94779,59.92443],[49.98554,59.92557],[49.98946,59.9286],[49.99498,59.93002],[49.99674,59.93686],[50.01471,59.93807],[50.01862,59.9411],[50.02575,59.94223],[50.03125,59.93797],[50.03529,59.9411],[50.04241,59.94223],[50.04779,59.93807],[50.05927,59.93693],[50.06862,59.94527],[50.07304,59.9464],[50.08241,59.95475],[50.08422,59.96179],[50.09388,59.96307],[50.09792,59.9662],[50.10196,59.96307],[50.12575,59.96193],[50.13112,59.9661],[50.14078,59.96738],[50.14167,59.97083],[50.14202,59.97742],[50.14548,59.98091],[50.14619,59.98576],[50.14999,59.98958],[50.14412,59.99548],[50.14167,59.99583],[50.14105,59.99799],[50.13812,60.00201],[50.13669,60.01179],[50.11867,60.01312],[50.11466,60.01605],[50.10901,60.01766],[50.10833,60.02917],[50.11667,60.02917],[50.11602,60.03963],[50.10898,60.04787],[50.10769,60.05071],[50.12019,60.06453],[50.1218,60.06987],[50.12714,60.07148],[50.1312,60.07436],[50.15756,60.07571],[50.15833,60.08333],[50.15798,60.08992],[50.15035,60.09758],[50.14965,60.10588],[50.15381,60.11008],[50.15452,60.11421],[50.15035,60.11841],[50.14965,60.12326],[50.13785,60.13508],[50.13715,60.14409],[50.12952,60.15174],[50.12881,60.15659],[50.12535,60.16008],[50.125,60.1625],[50.12083,60.1625],[50.12021,60.17409],[50.11446,60.17557],[50.11054,60.1786],[50.10833,60.17917],[50.10763,60.19926],[50.08538,60.20066],[50.08129,60.20351],[50.07704,60.20482],[50.07296,60.20768],[50.06871,60.20899],[50.06462,60.21184],[50.05833,60.2125],[50.05905,60.22841],[50.07712,60.22982],[50.08954,60.24101],[50.09379,60.24232],[50.09788,60.24518],[50.1,60.24583],[50.13138,60.24527],[50.13636,60.2414],[50.1375,60.24583],[50.13816,60.25327],[50.14167,60.25417],[50.15,60.25417],[50.15036,60.25662],[50.15591,60.26215],[50.18159,60.26285],[50.18579,60.26702],[50.19409,60.26631],[50.19829,60.26215],[50.21076,60.26285],[50.21424,60.26631],[50.22326,60.26702],[50.22674,60.27048],[50.24826,60.27119],[50.25174,60.27465],[50.25833,60.275],[50.26909,60.27535],[50.27258,60.27881],[50.27742,60.27952],[50.28091,60.28298],[50.29167,60.28333],[50.29804,60.28277],[50.30196,60.27973],[50.31471,60.2786],[50.32279,60.2714],[50.34804,60.27027],[50.36029,60.2589],[50.3741,60.25767],[50.37597,60.2504],[50.38259,60.24527],[50.38971,60.2464],[50.39509,60.25057],[50.40327,60.24926],[50.40777,60.24388],[50.40955,60.23693],[50.41888,60.23807],[50.42696,60.24527],[50.44493,60.24647],[50.44697,60.25443],[50.45196,60.25057],[50.45417,60.25],[50.49388,60.24943],[50.49779,60.2464],[50.51576,60.2452],[50.51752,60.23835],[50.52083,60.2375],[50.52027,60.23529],[50.51213,60.22616],[50.51998,60.22415],[50.5214,60.21862],[50.52443,60.21471],[50.52585,60.20918],[50.53138,60.20777],[50.53529,60.20473],[50.54495,60.20346],[50.54697,60.19557],[50.55196,60.19943],[50.55638,60.20057],[50.56175,60.20473],[50.56888,60.2036],[50.57279,60.20057],[50.58333,60.2],[50.58665,60.19915],[50.58841,60.1923],[50.60638,60.1911],[50.61029,60.18807],[50.61693,60.18636],[50.61193,60.17991],[50.61307,60.17279],[50.6161,60.16888],[50.61667,60.16667],[50.6157,60.1629],[50.61054,60.1589],[50.60612,60.15777],[50.59804,60.15057],[50.58007,60.14936],[50.57917,60.14583],[50.57917,60.14167],[50.57474,60.14053],[50.5786,60.13554],[50.58009,60.12975],[50.58946,60.1214],[50.61054,60.12027],[50.61446,60.11723],[50.64804,60.1161],[50.65196,60.11307],[50.65638,60.11193],[50.66029,60.1089],[50.66888,60.10777],[50.67425,60.1036],[50.68971,60.10473],[50.6947,60.1086],[50.69672,60.10071],[50.70638,60.09943],[50.71029,60.0964],[50.71991,60.09513],[50.72443,60.08971],[50.72557,60.08529],[50.7286,60.08138],[50.73002,60.07585],[50.73333,60.075],[50.73433,60.07832],[50.74199,60.07981],[50.74786,60.07564],[50.7563,60.07436],[50.76036,60.07148],[50.76464,60.07019],[50.7687,60.06731],[50.77714,60.06602],[50.7812,60.06314],[50.78547,60.06186],[50.78953,60.05898],[50.80214,60.05769],[50.8062,60.05481],[50.80897,60.05352],[50.8187,60.06186],[50.83964,60.06314],[50.8437,60.06602],[50.85032,60.06731],[50.85625,60.06311],[50.86037,60.06602],[50.8813,60.06731],[50.88537,60.07019],[50.89797,60.07148],[50.90203,60.07436],[50.91167,60.07583],[50.91314,60.08547],[50.91796,60.09162],[50.92415,60.08723],[50.93678,60.08825],[50.93814,60.11145],[50.9257,60.11335],[50.92429,60.14089],[50.91037,60.14231],[50.90543,60.14581],[50.90417,60.15],[50.92326,60.14965],[50.92674,60.14619],[50.95659,60.14548],[50.96424,60.13785],[50.97326,60.13715],[50.97745,60.13298],[50.98159,60.13369],[50.98542,60.13749],[50.98995,60.13298],[50.99409,60.13369],[50.99758,60.13715],[51.00417,60.1375],[51.00452,60.13992],[51.00798,60.14341],[51.00869,60.15242],[51.01631,60.16008],[51.01667,60.1625],[51.03138,60.16193],[51.03675,60.15777],[51.04388,60.1589],[51.04779,60.16193],[51.07721,60.16307],[51.08259,60.16723],[51.11054,60.1661],[51.11862,60.1589],[51.13554,60.15777],[51.13946,60.15473],[51.14804,60.1536],[51.15717,60.14547],[51.15924,60.15353],[51.17721,60.15473],[51.18259,60.1589],[51.21566,60.15773],[51.22027,60.15221],[51.22083,60.15],[51.21734,60.1491],[51.2161,60.13675],[51.22027,60.13138],[51.22083,60.12917],[51.225,60.12917],[51.22465,60.11008],[51.22119,60.10659],[51.22048,60.10174],[51.21702,60.09826],[51.21667,60.09167],[51.21888,60.0911],[51.22279,60.08807],[51.24804,60.08693],[51.25612,60.07973],[51.26471,60.0786],[51.26862,60.07557],[51.27415,60.07415],[51.27597,60.06706],[51.28112,60.06307],[51.28554,60.06193],[51.29362,60.05473],[51.29804,60.0536],[51.30196,60.05057],[51.31571,60.04934],[51.32027,60.04388],[51.3218,60.0379],[51.32696,60.0339],[51.33138,60.03277],[51.33529,60.02973],[51.34127,60.0282],[51.34527,60.02304],[51.34583,60.02083],[51.36471,60.02027],[51.3697,60.0164],[51.37168,60.02415],[51.37721,60.02557],[51.38259,60.02973],[51.40221,60.0286],[51.40625,60.02547],[51.41175,60.02973],[51.42304,60.0286],[51.42842,60.02443],[51.43138,60.02557],[51.43529,60.0286],[51.44103,60.03007],[51.4423,60.04901],[51.45196,60.05777],[51.45638,60.0589],[51.46029,60.06193],[51.46471,60.06307],[51.46862,60.0661],[51.50417,60.06667],[51.50633,60.06605],[51.51034,60.06312],[51.55335,60.06185],[51.55494,60.05097],[51.56049,60.04938],[51.58117,60.02978],[51.58549,60.02855],[51.58951,60.02562],[51.59572,60.02384],[51.59938,60.01883],[51.60062,60.01034],[51.60772,60.00216],[51.60833,59.99583],[51.60918,59.99252],[51.6125,59.99167],[51.61348,59.98815],[51.64384,59.98689],[51.64783,59.98394],[51.65217,59.98273],[51.65625,59.97971],[51.66033,59.98273],[51.69801,59.98394],[51.70363,59.98811],[51.71884,59.98689],[51.72446,59.98273],[51.72932,59.9849],[51.73273,59.98949],[51.73394,59.99384],[51.7369,59.99783],[51.73828,60.00755],[51.74659,60.00878],[51.75363,60.00356],[51.75634,60.00477],[51.76033,60.00773],[51.77083,60.00833],[51.78138,60.00777],[51.78675,60.0036],[51.80743,60.00479],[51.80955,60.01307],[51.82304,60.01193],[51.82696,60.0089],[51.83138,60.00777],[51.83542,60.00464],[51.83946,60.00777],[51.84583,60.00833],[51.84548,60.00591],[51.84131,60.00171],[51.84202,59.98508],[51.85,59.97707],[51.84409,59.97119],[51.84167,59.97083],[51.83924,59.97048],[51.83576,59.96702],[51.83091,59.96631],[51.82742,59.96285],[51.82258,59.96215],[51.81909,59.95869],[51.81424,59.95798],[51.81076,59.95452],[51.79758,59.95381],[51.79202,59.94829],[51.79167,59.94583],[51.79388,59.94527],[51.79779,59.94223],[51.80332,59.94082],[51.80505,59.93404],[51.81575,59.93263],[51.82027,59.92721],[51.8214,59.92279],[51.8286,59.91471],[51.83002,59.90918],[51.83333,59.90833],[51.83333,59.9],[51.86076,59.89965],[51.86424,59.89619],[51.88333,59.89583],[51.8875,59.89583],[51.88835,59.89915],[51.89388,59.90057],[51.90612,59.91193],[51.91471,59.91307],[51.92279,59.92027],[51.92721,59.9214],[51.93112,59.92443],[51.96471,59.92557],[51.96862,59.9286],[51.98138,59.92973],[51.98529,59.93277],[51.99388,59.9339],[51.99779,59.93693],[52.0,59.9375],[52.00062,59.94909],[52.00417,59.95],[52.00452,59.95242],[52.01631,59.96424],[52.01667,59.96667],[52.0161,59.96888],[52.01307,59.97279],[52.01193,59.97721],[52.0038,59.98634],[52.01165,59.98835],[52.01307,59.99388],[52.0161,59.99779],[52.01723,60.00295],[52.00918,60.00502],[52.00748,60.01165],[52.00098,60.01332],[51.99943,60.0176],[52.00892,60.02825],[52.01471,60.02973],[52.01862,60.03277],[52.02304,60.0339],[52.02851,60.03846],[52.02917,60.04583],[52.04409,60.04619],[52.04758,60.04965],[52.06076,60.05035],[52.06458,60.05415],[52.06912,60.04965],[52.08159,60.05035],[52.08508,60.05381],[52.11076,60.05452],[52.11424,60.05798],[52.12326,60.05869],[52.13162,60.06702],[52.14409,60.06631],[52.14829,60.06215],[52.15659,60.06285],[52.16079,60.06702],[52.16492,60.06631],[52.16875,60.06251],[52.17258,60.06631],[52.18992,60.06702],[52.19341,60.07048],[52.19826,60.07119],[52.20174,60.07465],[52.20659,60.07535],[52.21841,60.08715],[52.23576,60.08785],[52.23924,60.09131],[52.25,60.09167],[52.25035,60.09409],[52.25381,60.09758],[52.25452,60.11076],[52.26215,60.11841],[52.26285,60.12326],[52.26631,60.12674],[52.26702,60.13576],[52.27048,60.13924],[52.27083,60.15],[52.27402,60.15098],[52.27604,60.15752],[52.28646,60.15915],[52.28857,60.16598],[52.32712,60.16732],[52.33121,60.17018],[52.35347,60.17157],[52.35417,60.19167],[52.34341,60.19202],[52.33369,60.20171],[52.33333,60.20417],[52.33971,60.20473],[52.34362,60.20777],[52.34929,60.20922],[52.35057,60.21888],[52.35777,60.22696],[52.3589,60.23971],[52.36193,60.24362],[52.36307,60.24804],[52.3661,60.25196],[52.36732,60.26571],[52.37279,60.27027],[52.37721,60.2714],[52.38656,60.27973],[52.39495,60.27843],[52.39583,60.275],[52.39804,60.27557],[52.40196,60.2786],[52.41577,60.27983],[52.41667,60.28333],[52.41582,60.28665],[52.40918,60.28835],[52.40833,60.29167],[52.40833,60.29583],[52.37998,60.29648],[52.37855,60.30633],[52.37562,60.31034],[52.37438,60.33549],[52.37145,60.33951],[52.37022,60.36466],[52.36312,60.37284],[52.3625,60.38333],[52.36029,60.3839],[52.35638,60.38693],[52.35196,60.38807],[52.34804,60.3911],[52.33112,60.39223],[52.32721,60.39527],[52.31446,60.3964],[52.31054,60.39943],[52.30612,60.40057],[52.30221,60.4036],[52.28112,60.40473],[52.27721,60.40777],[52.25612,60.4089],[52.25097,60.4129],[52.24915,60.41998],[52.24362,60.4214],[52.23554,60.4286],[52.23333,60.42917],[52.22674,60.42952],[52.22326,60.43298],[52.21424,60.43369],[52.21076,60.43715],[52.18579,60.43785],[52.18159,60.43369],[52.17917,60.43333],[52.17832,60.43665],[52.175,60.4375],[52.17284,60.43812],[52.16883,60.44105],[52.15617,60.44228],[52.15216,60.44522],[52.14536,60.44645],[52.13966,60.44228],[52.13534,60.44105],[52.13133,60.43812],[52.12701,60.43688],[52.12299,60.43395],[52.11034,60.43272],[52.10633,60.42978],[52.09953,60.42855],[52.09383,60.43272],[52.08413,60.43413],[52.08272,60.44383],[52.07781,60.44997],[52.07299,60.44645],[52.05786,60.44522],[52.05216,60.44938],[52.0412,60.45062],[52.03549,60.44645],[52.03009,60.44491],[52.02917,60.44167],[52.02674,60.44202],[52.01076,60.45798],[52.00591,60.45869],[52.00242,60.46215],[51.99583,60.4625],[51.99494,60.45901],[51.97721,60.44223],[51.97168,60.44082],[51.96962,60.43277],[51.93946,60.4339],[51.93554,60.43693],[51.93112,60.43807],[51.92721,60.4411],[51.92123,60.44263],[51.91723,60.44779],[51.91667,60.45],[51.91702,60.45659],[51.92048,60.46008],[51.92119,60.47326],[51.92465,60.47674],[51.925,60.4875],[51.92465,60.49826],[51.91702,60.50591],[51.91667,60.525],[51.91667,60.52917],[51.91702,60.57326],[51.92048,60.57674],[51.92083,60.57917],[51.90174,60.57881],[51.89826,60.57535],[51.88579,60.57465],[51.88159,60.57881],[51.87674,60.57952],[51.87326,60.58298],[51.86912,60.58369],[51.86492,60.57952],[51.85174,60.57881],[51.84826,60.57535],[51.83995,60.57465],[51.83576,60.57881],[51.83162,60.57952],[51.82326,60.57119],[51.8,60.57083],[51.79583,60.57083],[51.79505,60.57847],[51.77917,60.57917],[51.77083,60.57917],[51.77017,60.5866],[51.76667,60.5875],[51.76667,60.59167],[51.76446,60.59223],[51.7593,60.59623],[51.75777,60.60221],[51.74942,60.61158],[51.74252,60.61335],[51.74167,60.61667],[51.74202,60.61909],[51.76215,60.63924],[51.76285,60.64409],[51.76631,60.64758],[51.76702,60.66005],[51.75452,60.67258],[51.75381,60.69338],[51.77082,60.71042],[51.76668,60.71458],[51.77465,60.72258],[51.77535,60.72742],[51.77881,60.73091],[51.77952,60.73576],[51.78715,60.74341],[51.7875,60.74583],[51.78688,60.74799],[51.77832,60.75765],[51.75617,60.75895],[51.75086,60.76283],[51.74921,60.77421],[51.73951,60.77562],[51.73549,60.77855],[51.72986,60.78016],[51.72855,60.79799],[51.72145,60.80617],[51.72083,60.80833],[51.73159,60.80869],[51.73924,60.81631],[51.74167,60.81667],[51.74409,60.81702],[51.74829,60.82119],[51.75659,60.82048],[51.76008,60.81702],[51.78576,60.81631],[51.78924,60.81285],[51.79409,60.81215],[51.79758,60.80869],[51.81076,60.80798],[51.81495,60.80381],[51.83576,60.80452],[51.84341,60.81215],[51.84583,60.8125],[51.84826,60.81285],[51.85381,60.81838],[51.85417,60.84583],[51.86076,60.84619],[51.86424,60.84965],[51.86909,60.85035],[51.87258,60.85381],[51.88159,60.85452],[51.88542,60.85832],[51.88995,60.85381],[51.89826,60.85452],[51.90245,60.85869],[51.91076,60.85798],[51.91424,60.85452],[51.92329,60.85381],[51.92881,60.84826],[51.92952,60.84338],[51.93924,60.83369],[51.94583,60.83333],[51.94705,60.8286],[51.96054,60.82973],[51.96592,60.8339],[51.97721,60.83277],[51.98112,60.82973],[51.99804,60.8286],[52.00196,60.82557],[52.02917,60.825],[52.03138,60.82557],[52.03542,60.8287],[52.04092,60.82443],[52.06054,60.82557],[52.06446,60.8286],[52.07827,60.82983],[52.08013,60.8371],[52.08675,60.84223],[52.09388,60.8411],[52.09779,60.83807],[52.10417,60.8375],[52.14804,60.83693],[52.15612,60.82973],[52.17721,60.8286],[52.18112,60.82557],[52.1871,60.82403],[52.1911,60.81888],[52.19223,60.81446],[52.19527,60.81054],[52.19668,60.80502],[52.20221,60.8036],[52.20612,60.80057],[52.21165,60.79915],[52.21335,60.79252],[52.21667,60.79167],[52.21667,60.7875],[52.21909,60.78785],[52.22329,60.79202],[52.23159,60.79131],[52.23579,60.78715],[52.23992,60.78785],[52.24341,60.79131],[52.24826,60.79202],[52.25174,60.79548],[52.25833,60.79583],[52.2589,60.83554],[52.26347,60.84103],[52.27991,60.84223],[52.28529,60.83807],[52.28844,60.83693],[52.29779,60.84527],[52.30332,60.84668],[52.30473,60.85221],[52.30873,60.85737],[52.31582,60.85918],[52.31723,60.86471],[52.32027,60.86862],[52.32083,60.87917],[52.32721,60.8786],[52.33112,60.87557],[52.34493,60.87434],[52.34583,60.87083],[52.34645,60.85932],[52.35208,60.85463],[52.35625,60.85786],[52.36029,60.85473],[52.37404,60.85351],[52.3786,60.84804],[52.38002,60.84252],[52.38554,60.8411],[52.38946,60.83807],[52.39388,60.83693],[52.39779,60.8339],[52.40221,60.83277],[52.40612,60.82973],[52.41888,60.8286],[52.42279,60.82557],[52.42832,60.82415],[52.42973,60.81862],[52.43277,60.81471],[52.4343,60.80873],[52.43958,60.80464],[52.44362,60.80777],[52.48138,60.8089],[52.48529,60.81193],[52.48971,60.81307],[52.49362,60.8161],[52.5,60.81667],[52.50216,60.81728],[52.50617,60.82022],[52.51049,60.82145],[52.52284,60.83272],[52.54383,60.83395],[52.55346,60.8425],[52.55478,60.86049],[52.55772,60.86451],[52.55919,60.86968],[52.56297,60.87145],[52.56867,60.86728],[52.5713,60.86605],[52.57701,60.87022],[52.58686,60.87165],[52.5875,60.9],[52.59167,60.9],[52.59409,60.89965],[52.59758,60.89619],[52.60659,60.89548],[52.61079,60.89131],[52.63992,60.89202],[52.64341,60.89548],[52.65,60.89583],[52.65066,60.91585],[52.66182,60.91748],[52.66318,60.94502],[52.67446,60.94667],[52.68272,60.95617],[52.68404,60.97418],[52.69105,60.97978],[52.70633,60.97855],[52.7111,60.97506],[52.72022,60.98534],[52.72157,60.99922],[52.73009,61.00028],[52.73534,60.99645],[52.76049,60.99522],[52.7662,60.99105],[52.76997,60.99282],[52.77199,60.99989],[52.77701,61.00355],[52.78333,61.00417],[52.78576,61.00381],[52.78995,60.99965],[52.79409,61.00035],[52.79758,61.00381],[52.80242,61.00452],[52.80591,61.00798],[52.83576,61.00869],[52.84341,61.01631],[52.85,61.01667],[52.85352,61.01757],[52.8661,61.03112],[52.86752,61.03665],[52.87304,61.03807],[52.87842,61.04223],[52.88138,61.0411],[52.88675,61.03693],[52.90221,61.03807],[52.90612,61.0411],[52.91054,61.04223],[52.91862,61.04943],[52.92917,61.05],[52.95,61.05],[52.95221,61.05057],[52.96029,61.05777],[52.97304,61.0589],[52.97708,61.06203],[52.98112,61.0589],[52.99804,61.05777],[53.00196,61.05473],[53.00638,61.0536],[53.01029,61.05057],[53.01596,61.04911],[53.01738,61.03839],[53.02304,61.03693],[53.02696,61.0339],[53.04658,61.03277],[53.05196,61.03693],[53.06993,61.03814],[53.07083,61.04167],[53.07721,61.0411],[53.09362,61.02557],[53.09804,61.02443],[53.11133,61.0121],[53.11335,61.01998],[53.11888,61.0214],[53.12279,61.02443],[53.13138,61.02557],[53.13675,61.02973],[53.14804,61.0286],[53.15196,61.02557],[53.15775,61.02408],[53.1661,61.01471],[53.16752,61.00918],[53.17415,61.00748],[53.17557,61.00196],[53.18693,60.98971],[53.18821,60.98005],[53.19388,60.9786],[53.19779,60.97557],[53.20356,60.97409],[53.20417,60.95833],[53.20332,60.95502],[53.19779,60.9536],[53.19388,60.95057],[53.18946,60.94943],[53.18554,60.9464],[53.17173,60.94517],[53.16998,60.93835],[53.16446,60.93693],[53.16054,60.9339],[53.15612,60.93277],[53.15075,60.9286],[53.13946,60.92973],[53.13554,60.93277],[53.13112,60.9339],[53.12575,60.93807],[53.12152,60.93645],[53.12027,60.92696],[53.11723,60.92304],[53.11667,60.9125],[53.11752,60.90918],[53.12304,60.90777],[53.12696,60.90473],[53.1339,60.90295],[53.13277,60.88529],[53.12443,60.87594],[53.12648,60.87027],[53.13661,60.87153],[53.13871,60.87973],[53.14804,60.8786],[53.16041,60.86713],[53.16446,60.87027],[53.17721,60.8714],[53.18112,60.87443],[53.18554,60.87557],[53.19092,60.87973],[53.19804,60.8786],[53.20612,60.8714],[53.21192,60.86991],[53.22027,60.86054],[53.22173,60.85483],[53.23554,60.8536],[53.2449,60.84527],[53.27304,60.8464],[53.27842,60.85057],[53.28138,60.84943],[53.28529,60.8464],[53.28971,60.84527],[53.29509,60.8411],[53.29804,60.84223],[53.30196,60.84527],[53.31993,60.84647],[53.32173,60.85351],[53.32917,60.85417],[53.33159,60.85452],[53.33508,60.85798],[53.34409,60.85869],[53.34829,60.86285],[53.36076,60.86215],[53.36424,60.85869],[53.36909,60.85798],[53.37258,60.85452],[53.37917,60.85417],[53.37881,60.82674],[53.37119,60.81909],[53.37048,60.80591],[53.36702,60.80242],[53.36667,60.79167],[53.36702,60.78921],[53.37258,60.78369],[53.38992,60.78298],[53.39758,60.77535],[53.41076,60.77465],[53.41424,60.77119],[53.42745,60.77048],[53.43298,60.76492],[53.43333,60.74583],[53.44409,60.74548],[53.44792,60.74168],[53.45174,60.74548],[53.47671,60.74619],[53.48091,60.74202],[53.48505,60.74131],[53.49131,60.74754],[53.49167,60.75],[53.49202,60.75242],[53.49965,60.76008],[53.50036,60.76912],[53.51495,60.78369],[53.51909,60.78298],[53.52258,60.77952],[53.53576,60.77881],[53.53995,60.77465],[53.54409,60.77535],[53.54758,60.77881],[53.55,60.77917],[53.55332,60.77832],[53.55502,60.77168],[53.56054,60.77027],[53.56446,60.76723],[53.56667,60.76667],[53.56909,60.76702],[53.57292,60.77082],[53.57674,60.76702],[53.60417,60.76667],[53.60502,60.76998],[53.61054,60.7714],[53.61446,60.77443],[53.64492,60.77561],[53.64675,60.78275],[53.65612,60.7911],[53.66165,60.79252],[53.66347,60.7996],[53.66862,60.8036],[53.67721,60.80473],[53.68112,60.80777],[53.68971,60.8089],[53.69779,60.8161],[53.7125,60.81667],[53.7125,60.8125],[53.71184,60.81038],[53.70482,60.80212],[53.70433,60.7974],[53.70416,60.79581],[53.70351,60.78954],[53.69934,60.78358],[53.70066,60.78121],[53.70768,60.77296],[53.70932,60.76765],[53.71659,60.7654],[53.72434,60.75629],[53.72449,60.75446],[53.7251,60.74666],[53.72576,60.73826],[53.74379,60.73684],[53.74788,60.73399],[53.75403,60.73209],[53.76601,60.71879],[53.76667,60.7125],[53.76667,60.70417],[53.79075,60.70476],[53.79223,60.71054],[53.79527,60.71446],[53.7964,60.72721],[53.8036,60.73529],[53.80473,60.74388],[53.81193,60.75196],[53.81347,60.75794],[53.81862,60.76193],[53.82083,60.7625],[53.82144,60.77717],[53.82977,60.78671],[53.82856,60.79801],[53.8244,60.80363],[53.82582,60.81173],[53.83671,60.81328],[53.84644,60.82418],[53.84523,60.82717],[53.84106,60.83279],[53.84227,60.83967],[53.84523,60.84366],[53.84644,60.84801],[53.85356,60.85616],[53.85514,60.86184],[53.86667,60.8625],[53.86723,60.86029],[53.88017,60.84646],[53.89909,60.8452],[53.90057,60.83946],[53.91333,60.82582],[53.91962,60.82443],[53.92174,60.8327],[53.93971,60.8339],[53.94362,60.83693],[53.94804,60.83807],[53.9532,60.84206],[53.95502,60.84915],[53.96165,60.85085],[53.96307,60.85638],[53.9661,60.86029],[53.96667,60.8625],[53.99492,60.86191],[53.99705,60.8536],[54.00739,60.85486],[54.0161,60.86446],[54.01723,60.86888],[54.02027,60.87279],[54.0214,60.88138],[54.0286,60.88946],[54.02973,60.89388],[54.03277,60.89779],[54.03404,60.90741],[54.03946,60.91193],[54.04583,60.9125],[54.04808,60.91197],[54.05609,60.9047],[54.0699,60.90356],[54.07132,60.899],[54.0672,60.89391],[54.06614,60.88942],[54.06303,60.88558],[54.06197,60.88109],[54.05886,60.87725],[54.05833,60.875],[54.09412,60.87465],[54.10035,60.86838],[54.09965,60.85591],[54.09583,60.85207],[54.10174,60.84619],[54.1125,60.84583],[54.1125,60.84167],[54.11286,60.83921],[54.12258,60.82952],[54.125,60.82917],[54.12721,60.82973],[54.13112,60.83277],[54.13665,60.83418],[54.13847,60.84127],[54.14362,60.84527],[54.14804,60.8464],[54.15196,60.84943],[54.18138,60.85057],[54.18529,60.8536],[54.19388,60.85473],[54.21149,60.8714],[54.22721,60.87027],[54.23112,60.86723],[54.24388,60.8661],[54.25323,60.85777],[54.26054,60.8589],[54.26446,60.86193],[54.26888,60.86307],[54.27279,60.8661],[54.275,60.86667],[54.27742,60.86702],[54.28091,60.87048],[54.29409,60.87119],[54.29793,60.875],[54.30381,60.86909],[54.30417,60.86667],[54.30833,60.86667],[54.31471,60.8661],[54.32009,60.86193],[54.34076,60.86313],[54.34288,60.8714],[54.37721,60.87027],[54.38112,60.86723],[54.3875,60.86667],[54.38869,60.86271],[54.40203,60.85064],[54.41047,60.84936],[54.41453,60.84648],[54.4188,60.84519],[54.42468,60.84102],[54.44797,60.84231],[54.4577,60.85064],[54.46047,60.84936],[54.46634,60.84519],[54.4813,60.84648],[54.49925,60.86314],[54.51047,60.86186],[54.51634,60.85769],[54.5188,60.85898],[54.52286,60.86186],[54.52714,60.86314],[54.5312,60.86602],[54.5438,60.86731],[54.54968,60.87148],[54.57839,60.87013],[54.57917,60.8625],[54.60633,60.86312],[54.61556,60.87113],[54.61728,60.87716],[54.62022,60.88117],[54.62145,60.88549],[54.62438,60.88951],[54.62599,60.89513],[54.64214,60.89645],[54.64784,60.89228],[54.66297,60.89105],[54.66867,60.89522],[54.68669,60.89654],[54.68812,60.90633],[54.69105,60.91034],[54.69167,60.91667],[54.69167,60.92083],[54.69409,60.92048],[54.69758,60.91702],[54.70659,60.91631],[54.71008,60.91285],[54.7125,60.9125],[54.72326,60.91285],[54.73162,60.92119],[54.75659,60.92048],[54.76495,60.91215],[54.78576,60.91285],[54.78924,60.91631],[54.80242,60.91702],[54.81424,60.92881],[54.82083,60.92917],[54.82119,60.93576],[54.82465,60.93924],[54.82535,60.94409],[54.83298,60.95174],[54.83333,60.95833],[54.83091,60.95869],[54.82742,60.96215],[54.81841,60.96285],[54.81076,60.97048],[54.80833,60.97083],[54.80833,60.975],[54.80833,60.98333],[54.80417,60.98333],[54.80381,60.98576],[54.80035,60.98924],[54.8,61.0],[54.80221,61.00057],[54.80612,61.0036],[54.82721,61.00473],[54.83112,61.00777],[54.83554,61.0089],[54.83946,61.01193],[54.85743,61.01314],[54.8589,61.01888],[54.86193,61.02279],[54.86307,61.02795],[54.85833,61.02917],[54.85777,61.03138],[54.8539,61.03636],[54.86054,61.03807],[54.86446,61.0411],[54.86888,61.04223],[54.88112,61.0536],[54.88971,61.05473],[54.89509,61.0589],[54.90221,61.05777],[54.90612,61.05473],[54.925,61.05417],[54.92555,61.07821],[54.93017,61.07965],[54.93525,61.07553],[54.94583,61.075],[54.95417,61.075],[54.95477,61.09075],[54.96165,61.09252],[54.96307,61.09804],[54.97443,61.11029],[54.975,61.11667],[54.98554,61.1161],[54.99362,61.1089],[54.99804,61.10777],[55.00196,61.10473],[55.00638,61.1036],[55.01175,61.09943],[55.02819,61.10064],[55.03277,61.10612],[55.0339,61.11054],[55.0411,61.11862],[55.04229,61.14066],[55.05196,61.14943],[55.05638,61.15057],[55.06446,61.15777],[55.06888,61.1589],[55.07425,61.16307],[55.08554,61.16193],[55.09374,61.15463],[55.09925,61.1589],[55.10221,61.15777],[55.10612,61.15473],[55.11165,61.15332],[55.11342,61.14642],[55.12279,61.13807],[55.13138,61.13693],[55.13675,61.13277],[55.16054,61.1339],[55.16592,61.13807],[55.17304,61.13693],[55.17696,61.1339],[55.2,61.13333],[55.20091,61.13686],[55.21888,61.13807],[55.22696,61.14527],[55.22917,61.14583],[55.26909,61.14619],[55.27329,61.15035],[55.28576,61.14965],[55.28924,61.14619],[55.29409,61.14548],[55.29758,61.14202],[55.31667,61.14167],[55.32742,61.14131],[55.33091,61.13785],[55.33576,61.13715],[55.33958,61.13335],[55.34412,61.13785],[55.37742,61.13715],[55.38091,61.13369],[55.38576,61.13298],[55.38924,61.12952],[55.39409,61.12881],[55.39758,61.12535],[55.40659,61.12465],[55.41424,61.11702],[55.42917,61.11667],[55.42917,61.1125],[55.43267,61.1116],[55.43333,61.10417],[55.4375,61.10417],[55.4375,61.1],[55.45638,61.09943],[55.46175,61.09527],[55.4865,61.09645],[55.4911,61.10196],[55.49255,61.10762],[55.50221,61.1089],[55.50612,61.11193],[55.50833,61.1125],[55.50899,61.11993],[55.5125,61.12083],[55.51492,61.12119],[55.52674,61.13298],[55.53159,61.13369],[55.53579,61.13785],[55.54826,61.13715],[55.55245,61.13298],[55.56495,61.13369],[55.57048,61.13924],[55.57119,61.14412],[55.57674,61.14965],[55.60242,61.15035],[55.60591,61.15381],[55.61076,61.15452],[55.61841,61.16215],[55.62083,61.1625],[55.62048,61.18992],[55.61702,61.19341],[55.61631,61.19826],[55.61285,61.20174],[55.6125,61.20417],[55.61335,61.20748],[55.61888,61.2089],[55.62279,61.21193],[55.62832,61.21335],[55.63002,61.21998],[55.63333,61.22083],[55.63576,61.22119],[55.63924,61.22465],[55.6625,61.225],[55.66307,61.22721],[55.67027,61.23529],[55.6714,61.23971],[55.6754,61.24487],[55.68138,61.2464],[55.68946,61.2536],[55.69516,61.25506],[55.6964,61.26741],[55.69223,61.27279],[55.6911,61.27991],[55.69527,61.28529],[55.69583,61.2875],[55.70242,61.28785],[55.70591,61.29131],[55.74338,61.29202],[55.74758,61.28785],[55.75242,61.28715],[55.75625,61.28335],[55.76008,61.28715],[55.76909,61.28785],[55.77464,61.29338],[55.775,61.29583],[55.78576,61.29548],[55.78924,61.29202],[55.81492,61.29131],[55.81841,61.28785],[55.83333,61.2875],[55.83418,61.28418],[55.83971,61.28277],[55.84362,61.27973],[55.86471,61.2786],[55.86862,61.27557],[55.87083,61.275],[55.87172,61.27154],[55.88138,61.27027],[55.88946,61.26307],[55.89388,61.26193],[55.90612,61.25057],[55.91993,61.24934],[55.92168,61.24252],[55.92721,61.2411],[55.95196,61.21723],[55.96054,61.2161],[55.96446,61.21307],[55.975,61.2125],[55.97535,61.20174],[55.97881,61.19826],[55.97917,61.19583],[55.98002,61.19252],[55.98554,61.1911],[55.98946,61.18807],[56.00221,61.18693],[56.01568,61.17443],[56.01888,61.17557],[56.03235,61.18807],[56.03554,61.18693],[56.03946,61.1839],[56.04804,61.18277],[56.05196,61.17973],[56.05638,61.1786],[56.06029,61.17557],[56.06471,61.17443],[56.06862,61.1714],[56.08138,61.17027],[56.08529,61.16723],[56.08971,61.1661],[56.09362,61.16307],[56.1125,61.1625],[56.14826,61.16215],[56.15174,61.15869],[56.16076,61.15798],[56.16841,61.15035],[56.17326,61.14965],[56.17674,61.14619],[56.18159,61.14548],[56.18508,61.14202],[56.20242,61.14131],[56.20591,61.13785],[56.21492,61.13715],[56.22674,61.12535],[56.22917,61.125],[56.22952,61.12742],[56.23298,61.13091],[56.23369,61.13576],[56.24131,61.14341],[56.24167,61.14583],[56.24202,61.14826],[56.24548,61.15174],[56.24619,61.16076],[56.24965,61.16424],[56.25035,61.16909],[56.25452,61.17329],[56.25381,61.18159],[56.24965,61.18579],[56.25035,61.18992],[56.25381,61.19341],[56.25452,61.19829],[56.26424,61.20798],[56.26667,61.20833],[56.27326,61.20869],[56.27674,61.21215],[56.28159,61.21285],[56.28508,61.21631],[56.28992,61.21702],[56.29412,61.22119],[56.31492,61.22048],[56.31912,61.21631],[56.34409,61.21702],[56.35174,61.22465],[56.3625,61.225],[56.36285,61.23159],[56.36631,61.23508],[56.36702,61.24755],[56.35869,61.25591],[56.35798,61.26492],[56.34202,61.28091],[56.34131,61.29338],[56.35381,61.30591],[56.35417,61.3125],[56.35196,61.31307],[56.34804,61.3161],[56.34362,61.31723],[56.33138,61.3286],[56.32696,61.32973],[56.32304,61.33277],[56.31446,61.3339],[56.30638,61.3411],[56.28424,61.34229],[56.28333,61.34583],[56.28369,61.34829],[56.28924,61.35381],[56.31492,61.35452],[56.32258,61.36215],[56.32742,61.36285],[56.33508,61.37048],[56.34412,61.37119],[56.34965,61.37674],[56.35036,61.38579],[56.35591,61.39131],[56.36492,61.39202],[56.36841,61.39548],[56.375,61.39583],[56.37832,61.39668],[56.37973,61.40221],[56.38277,61.40612],[56.3839,61.42721],[56.38693,61.43112],[56.38807,61.44658],[56.38294,61.4532],[56.37696,61.45473],[56.37149,61.45929],[56.37083,61.46667],[56.34784,61.46728],[56.34383,61.47022],[56.33951,61.47145],[56.33549,61.47438],[56.32284,61.47562],[56.31783,61.47928],[56.31605,61.48549],[56.31312,61.48951],[56.31157,61.49491],[56.30617,61.49645],[56.30216,61.49938],[56.29784,61.50062],[56.29383,61.50355],[56.28951,61.50478],[56.28549,61.50772],[56.26747,61.50904],[56.26605,61.51883],[56.25478,61.53117],[56.25355,61.54067],[56.26595,61.54247],[56.26728,61.5588],[56.26243,61.56545],[56.27012,61.56765],[56.27145,61.58197],[56.26343,61.58426],[56.2625,61.5875],[56.26348,61.59068],[56.26879,61.59232],[56.27428,61.59658],[56.27566,61.62525],[56.2706,61.63249],[56.25621,61.63399],[56.25212,61.63684],[56.22985,61.63824],[56.22917,61.66667],[56.22917,61.67083],[56.2298,61.69381],[56.2327,61.69785],[56.23396,61.70215],[56.23687,61.70619],[56.23813,61.71465],[56.24104,61.71869],[56.2423,61.72298],[56.24586,61.72794],[56.23845,61.73011],[56.23649,61.73677],[56.22161,61.73825],[56.2202,61.75076],[56.2327,61.76452],[56.23396,61.76881],[56.23687,61.77285],[56.2375,61.78333],[56.23508,61.78369],[56.23159,61.78715],[56.21008,61.78785],[56.20242,61.79548],[56.17917,61.79583],[56.17173,61.79649],[56.16995,61.80346],[56.15939,61.80485],[56.15777,61.80908],[56.16193,61.81446],[56.16307,61.82304],[56.1661,61.82696],[56.16667,61.84167],[56.16733,61.84378],[56.17017,61.84789],[56.1715,61.86589],[56.13287,61.86744],[56.14213,61.8784],[56.16558,61.8799],[56.16733,61.88544],[56.17433,61.89372],[56.175,61.90417],[56.17411,61.90762],[56.16339,61.90904],[56.1625,61.9125],[56.16312,61.91883],[56.16605,61.92284],[56.16759,61.92824],[56.17299,61.92978],[56.17701,61.93272],[56.19086,61.93407],[56.19228,61.94383],[56.19522,61.94784],[56.19583,61.95],[56.2,61.95],[56.20417,61.95],[56.20538,61.94527],[56.22402,61.94646],[56.2286,61.95196],[56.23008,61.95771],[56.25221,61.9589],[56.25626,61.96204],[56.26446,61.95473],[56.29804,61.9536],[56.3074,61.94527],[56.31168,61.94681],[56.31335,61.95332],[56.31888,61.95473],[56.32425,61.9589],[56.32721,61.95777],[56.33112,61.95473],[56.34078,61.95346],[56.34167,61.95],[56.34383,61.94938],[56.34784,61.94645],[56.35633,61.94522],[56.36034,61.94228],[56.37716,61.94105],[56.38117,61.93812],[56.391,61.93669],[56.39167,61.92083],[56.41048,61.9202],[56.41452,61.9173],[56.41881,61.91604],[56.42848,61.9077],[56.43652,61.90915],[56.43871,61.91662],[56.44369,61.9202],[56.45215,61.92146],[56.45794,61.92563],[56.46048,61.92437],[56.46452,61.92146],[56.47419,61.92002],[56.47583,61.90901],[56.50751,61.90765],[56.51187,61.90215],[56.51313,61.89785],[56.51604,61.89381],[56.51766,61.88828],[56.5298,61.88648],[56.52854,61.88119],[56.52437,61.8754],[56.52594,61.86187],[56.56465,61.86313],[56.56869,61.86604],[56.57298,61.8673],[56.58952,61.8827],[56.59381,61.88396],[56.60202,61.89104],[56.62298,61.8923],[56.62702,61.8952],[56.66465,61.89646],[56.66875,61.89942],[56.67285,61.89646],[56.67912,61.89462],[56.6827,61.88965],[56.68333,61.8875],[56.68298,61.88091],[56.67119,61.86909],[56.67048,61.86424],[56.66702,61.86076],[56.66667,61.85],[56.66631,61.83505],[56.66076,61.82952],[56.65591,61.82881],[56.63088,61.80381],[56.62674,61.80452],[56.62326,61.80798],[56.61008,61.80869],[56.60659,61.81215],[56.60174,61.81285],[56.59826,61.81631],[56.5875,61.81667],[56.58688,61.81451],[56.58395,61.81049],[56.5826,61.79663],[56.57716,61.79228],[56.57284,61.79105],[56.56883,61.78812],[56.55617,61.78688],[56.55216,61.78395],[56.54595,61.78217],[56.54228,61.77716],[56.54105,61.77284],[56.52912,61.75976],[56.53534,61.75478],[56.54799,61.75355],[56.5537,61.74938],[56.56883,61.75062],[56.57453,61.75478],[56.58549,61.75355],[56.58951,61.75062],[56.59935,61.74918],[56.6,61.725],[56.59341,61.72465],[56.58576,61.71702],[56.58091,61.71631],[56.57535,61.71079],[56.57465,61.68508],[56.57119,61.68159],[56.57083,61.67917],[56.57415,61.67832],[56.57585,61.67168],[56.5839,61.66962],[56.58277,61.66029],[56.57557,61.65221],[56.57443,61.64362],[56.5714,61.63971],[56.57083,61.625],[56.5746,61.62403],[56.5786,61.61888],[56.58007,61.61315],[56.59362,61.60057],[56.59915,61.59915],[56.60085,61.59252],[56.60769,61.59076],[56.62027,61.57721],[56.62083,61.575],[56.62326,61.57535],[56.62674,61.57881],[56.64167,61.57917],[56.64826,61.57952],[56.65591,61.58715],[56.68576,61.58785],[56.69131,61.59338],[56.69167,61.59583],[56.69388,61.5964],[56.69779,61.59943],[56.70745,61.60071],[56.7089,61.60638],[56.71342,61.6118],[56.72304,61.61307],[56.72708,61.6162],[56.73112,61.61307],[56.74879,61.61193],[56.75,61.61667],[56.75216,61.61605],[56.75625,61.61306],[56.76034,61.61605],[56.76466,61.61728],[56.76867,61.62022],[56.77716,61.62145],[56.78286,61.62562],[56.79919,61.62428],[56.80062,61.61451],[56.80355,61.61049],[56.80478,61.58951],[56.80772,61.58549],[56.80949,61.57928],[56.81451,61.57562],[56.82054,61.57389],[56.82855,61.56466],[56.82917,61.5625],[56.83995,61.56215],[56.84548,61.55659],[56.84583,61.55417],[56.85659,61.55452],[56.86079,61.55869],[56.87326,61.55798],[56.87674,61.55452],[56.91076,61.55381],[56.92674,61.53785],[56.93576,61.53715],[56.93924,61.53369],[56.97083,61.53333],[56.97145,61.52185],[56.99362,61.50057],[57.00743,61.49934],[57.0089,61.49362],[57.02027,61.48138],[57.02083,61.47917],[57.05242,61.47881],[57.05662,61.47465],[57.07326,61.47535],[57.07745,61.47952],[57.09826,61.47881],[57.10174,61.47535],[57.10833,61.475],[57.10899,61.48243],[57.11471,61.4839],[57.11862,61.48693],[57.1246,61.48847],[57.1286,61.49362],[57.13002,61.49915],[57.13554,61.50057],[57.15196,61.5161],[57.16054,61.51723],[57.16446,61.52027],[57.16667,61.52083],[57.18992,61.52119],[57.19375,61.52499],[57.19758,61.52119],[57.21667,61.52083],[57.21761,61.51761],[57.22298,61.51604],[57.22702,61.51313],[57.23548,61.51187],[57.23952,61.50896],[57.24381,61.5077],[57.24785,61.5048],[57.27715,61.50354],[57.28535,61.49646],[57.29623,61.4952],[57.30202,61.49937],[57.32298,61.50063],[57.33952,61.51604],[57.34798,61.5173],[57.35341,61.52159],[57.35492,61.53672],[57.36706,61.53813],[57.37285,61.53396],[57.39206,61.5327],[57.39785,61.53687],[57.40456,61.53813],[57.41035,61.53396],[57.42956,61.5327],[57.43535,61.53687],[57.44484,61.53828],[57.44583,61.54167],[57.45659,61.54131],[57.46008,61.53785],[57.48576,61.53715],[57.48995,61.53298],[57.51076,61.53369],[57.51495,61.53785],[57.52742,61.53715],[57.53091,61.53369],[57.53992,61.53298],[57.55174,61.52119],[57.55417,61.52083],[57.55659,61.52119],[57.56424,61.52881],[57.56909,61.52952],[57.57674,61.53715],[57.58333,61.5375],[57.5875,61.5375],[57.58992,61.53715],[57.59341,61.53369],[57.59583,61.53333],[57.59675,61.52976],[57.62083,61.52917],[57.62429,61.53005],[57.62557,61.53971],[57.6286,61.54362],[57.62988,61.55328],[57.63554,61.55473],[57.63946,61.55777],[57.64388,61.5589],[57.65735,61.5714],[57.66994,61.57016],[57.67083,61.56667],[57.67148,61.56453],[57.67436,61.56047],[57.67564,61.5562],[57.67852,61.55214],[57.67981,61.54786],[57.68269,61.5438],[57.68425,61.52852],[57.70213,61.52981],[57.7062,61.53269],[57.71047,61.53398],[57.71634,61.53814],[57.7313,61.53686],[57.73953,61.52981],[57.77713,61.52852],[57.7812,61.52564],[57.79925,61.52426],[57.80769,61.51464],[57.80833,61.50417],[57.81492,61.50381],[57.81841,61.50035],[57.82742,61.49965],[57.83091,61.49619],[57.8375,61.49583],[57.84409,61.49548],[57.84829,61.49131],[57.88159,61.49202],[57.88579,61.49619],[57.90659,61.49548],[57.91079,61.49131],[57.92326,61.49202],[57.92674,61.49548],[57.93159,61.49619],[57.93508,61.49965],[57.93992,61.50035],[57.94828,61.50869],[57.95242,61.50798],[57.95591,61.50452],[57.96076,61.50381],[57.96424,61.50035],[57.97742,61.49965],[57.98508,61.49202],[58.00659,61.49131],[58.01079,61.48715],[58.02326,61.48785],[58.02674,61.49131],[58.03333,61.49167],[58.03369,61.48921],[58.03924,61.48369],[58.04409,61.48298],[58.04758,61.47952],[58.06076,61.47881],[58.06424,61.47535],[58.08333,61.475],[58.08369,61.47746],[58.08924,61.48298],[58.09167,61.48333],[58.10242,61.48369],[58.10591,61.48715],[58.11076,61.48785],[58.11458,61.49165],[58.11841,61.48785],[58.13992,61.48715],[58.14341,61.48369],[58.15242,61.48298],[58.15662,61.47881],[58.16076,61.47952],[58.16424,61.48298],[58.18333,61.48333],[58.18425,61.47975],[58.19362,61.4714],[58.21159,61.4702],[58.21371,61.46193],[58.23554,61.46307],[58.24092,61.46723],[58.24388,61.4661],[58.24792,61.46297],[58.25342,61.46723],[58.27721,61.4661],[58.28259,61.46193],[58.29804,61.46307],[58.30342,61.46723],[58.33138,61.4661],[58.33946,61.4589],[58.36981,61.45773],[58.38277,61.44388],[58.38418,61.43835],[58.39082,61.43665],[58.39167,61.43333],[58.39388,61.4339],[58.39779,61.43693],[58.40332,61.43835],[58.40417,61.44167],[58.40833,61.44167],[58.4188,61.44102],[58.42468,61.43686],[58.46047,61.43814],[58.46453,61.44102],[58.4688,61.44231],[58.47286,61.44519],[58.47714,61.44648],[58.48301,61.45064],[58.4938,61.44936],[58.49786,61.44648],[58.50214,61.44519],[58.50801,61.44102],[58.52469,61.44246],[58.52852,61.44786],[58.52994,61.46173],[58.5375,61.4625],[58.5407,61.46154],[58.54293,61.45414],[58.54786,61.45064],[58.55214,61.44936],[58.5562,61.44648],[58.56047,61.44519],[58.57708,61.42977],[58.5812,61.43269],[58.58964,61.43398],[58.5937,61.43686],[58.61589,61.43822],[58.61731,61.45214],[58.62019,61.4562],[58.62148,61.46047],[58.62436,61.46453],[58.62596,61.46987],[58.6313,61.47148],[58.63953,61.47852],[58.64797,61.47981],[58.65203,61.48269],[58.66047,61.48398],[58.66453,61.48686],[58.6688,61.48814],[58.67286,61.49102],[58.69167,61.49167],[58.69202,61.49409],[58.69965,61.50174],[58.7,61.50417],[58.70833,61.50417],[58.71054,61.5036],[58.71446,61.50057],[58.71888,61.49943],[58.72696,61.49223],[58.73554,61.4911],[58.73946,61.48807],[58.74498,61.48665],[58.74673,61.47983],[58.76054,61.4786],[58.76446,61.47557],[58.76888,61.47443],[58.77279,61.4714],[58.77721,61.47027],[58.78259,61.4661],[58.79388,61.46723],[58.79779,61.47027],[58.81667,61.47083],[58.81735,61.5034],[58.83546,61.50482],[58.83954,61.50768],[58.84502,61.50937],[58.84649,61.51879],[58.84934,61.52288],[58.85108,61.52848],[58.89796,61.52982],[58.90204,61.53268],[58.91046,61.53399],[58.91454,61.53684],[58.91879,61.53816],[58.92288,61.54101],[58.92712,61.54232],[58.93121,61.54518],[58.9375,61.54583],[58.94106,61.54675],[58.94167,61.5625],[58.94167,61.57917],[58.94804,61.57973],[58.95196,61.58277],[58.96054,61.5839],[58.96446,61.58693],[58.97304,61.58807],[58.97696,61.5911],[58.98554,61.59223],[58.99362,61.59943],[59.00743,61.60066],[59.00833,61.60417],[59.01076,61.60452],[59.01424,61.60798],[59.025,61.60833],[59.03992,61.60798],[59.04341,61.60452],[59.04583,61.60417],[59.04673,61.60767],[59.05417,61.60833],[59.05833,61.60833],[59.05923,61.61184],[59.07304,61.61307],[59.07708,61.6162],[59.08112,61.61307],[59.08554,61.61193],[59.08946,61.6089],[59.10638,61.60777],[59.11029,61.60473],[59.11667,61.60417],[59.11702,61.60659],[59.12465,61.61424],[59.12536,61.61912],[59.13508,61.62881],[59.13992,61.62952],[59.14412,61.63369],[59.16909,61.63298],[59.17329,61.62881],[59.18159,61.62952],[59.18995,61.63785],[59.21076,61.63715],[59.21424,61.63369],[59.21909,61.63298],[59.22258,61.62952],[59.22917,61.62917],[59.23992,61.62952],[59.24341,61.63298],[59.24826,61.63369],[59.25591,61.64131],[59.26667,61.64167],[59.26909,61.64202],[59.27258,61.64548],[59.27742,61.64619],[59.28714,61.65588],[59.2875,61.65833],[59.30659,61.65869],[59.31008,61.66215],[59.34167,61.6625],[59.34167,61.65417],[59.34517,61.65327],[59.34649,61.63846],[59.35196,61.6339],[59.35638,61.63277],[59.36029,61.62973],[59.36471,61.6286],[59.36862,61.62557],[59.3875,61.625],[59.38835,61.62168],[59.39498,61.61998],[59.3964,61.61446],[59.39943,61.61054],[59.4,61.60417],[59.39965,61.59758],[59.39619,61.59409],[59.39548,61.58508],[59.39168,61.58125],[59.39548,61.57742],[59.39619,61.57258],[59.39965,61.56909],[59.40035,61.56424],[59.40415,61.56042],[59.40035,61.55659],[59.39965,61.54758],[59.39548,61.54338],[59.39619,61.53088],[59.40591,61.52119],[59.42745,61.52048],[59.43298,61.51492],[59.43333,61.5125],[59.43298,61.49758],[59.42952,61.49409],[59.42881,61.48921],[59.41492,61.47535],[59.41008,61.47465],[59.40659,61.47119],[59.40174,61.47048],[59.39826,61.46702],[59.39583,61.46667],[59.39619,61.46424],[59.39965,61.46076],[59.4,61.45833],[59.40242,61.45798],[59.42258,61.43785],[59.425,61.4375],[59.42535,61.43508],[59.42881,61.43159],[59.42952,61.42674],[59.43298,61.42326],[59.43333,61.41667],[59.43117,61.41605],[59.41466,61.40062],[59.38534,61.39938],[59.38133,61.39645],[59.35617,61.39522],[59.35216,61.39228],[59.34367,61.39105],[59.33866,61.38739],[59.33688,61.38117],[59.33395,61.37716],[59.33272,61.37284],[59.32023,61.35916],[59.30902,61.35752],[59.30772,61.33534],[59.2997,61.32611],[59.29367,61.32438],[59.28966,61.32145],[59.27284,61.32022],[59.26049,61.30895],[59.25,61.30833],[59.25035,61.30591],[59.25381,61.30242],[59.25417,61.29167],[59.25417,61.2875],[59.25381,61.28508],[59.25035,61.28159],[59.25,61.27917],[59.24938,61.26758],[59.24583,61.26667],[59.24619,61.26008],[59.24965,61.25659],[59.25035,61.25174],[59.27881,61.22326],[59.27917,61.17917],[59.28162,61.17881],[59.30798,61.15242],[59.30833,61.14583],[59.31165,61.14498],[59.31307,61.13946],[59.3161,61.13554],[59.31723,61.12696],[59.32443,61.11888],[59.32557,61.11446],[59.33277,61.10638],[59.33333,61.10417],[59.3339,61.08112],[59.34223,61.07177],[59.3411,61.06446],[59.33693,61.05908],[59.33807,61.05612],[59.3411,61.05221],[59.34259,61.04642],[59.35196,61.03807],[59.35748,61.03665],[59.3589,61.03112],[59.36193,61.02721],[59.36307,61.01446],[59.3661,61.01054],[59.36667,61.00833],[59.36631,60.99341],[59.36285,60.98992],[59.36215,60.98091],[59.35869,60.97742],[59.35833,60.975],[59.3589,60.97279],[59.3661,60.96471],[59.36763,60.95873],[59.37279,60.95473],[59.37851,60.95327],[59.37917,60.94583],[59.39826,60.94619],[59.40245,60.95035],[59.40659,60.94965],[59.41008,60.94619],[59.43576,60.94548],[59.43924,60.94202],[59.44826,60.94131],[59.45174,60.93785],[59.46079,60.93714],[59.46631,60.93159],[59.46667,60.92917],[59.46667,60.89167],[59.46631,60.88924],[59.46215,60.88505],[59.46285,60.84758],[59.46631,60.84409],[59.46702,60.83924],[59.47048,60.83576],[59.47083,60.82917],[59.47048,60.82674],[59.46285,60.81909],[59.46215,60.81424],[59.45869,60.81076],[59.45798,60.80591],[59.45452,60.80242],[59.45417,60.79167],[59.45196,60.7911],[59.44804,60.78807],[59.44252,60.78665],[59.4411,60.78112],[59.42973,60.76888],[59.4286,60.76446],[59.42557,60.76054],[59.42415,60.75502],[59.42083,60.75417],[59.42119,60.75174],[59.42465,60.74826],[59.42535,60.73924],[59.42952,60.73505],[59.42881,60.72674],[59.42119,60.71909],[59.42048,60.71424],[59.41702,60.71076],[59.41631,60.70591],[59.41285,60.70242],[59.41215,60.69341],[59.40835,60.68958],[59.41215,60.68576],[59.41285,60.66424],[59.41631,60.66076],[59.41702,60.65591],[59.42048,60.65242],[59.42083,60.6375],[59.42083,60.63333],[59.41667,60.63333],[59.41446,60.63277],[59.4093,60.62877],[59.40777,60.62279],[59.40473,60.61888],[59.40346,60.60922],[59.4,60.60833],[59.39915,60.60502],[59.39231,60.60326],[59.37973,60.58971],[59.3786,60.58529],[59.37557,60.58138],[59.37415,60.57585],[59.37083,60.575],[59.37083,60.55833],[59.36841,60.55798],[59.35869,60.54829],[59.35798,60.54341],[59.35452,60.53992],[59.35381,60.52258],[59.33369,60.50242],[59.33298,60.49341],[59.32952,60.48992],[59.32917,60.475],[59.28112,60.47443],[59.27721,60.4714],[59.27279,60.47027],[59.26471,60.46307],[59.23008,60.4619],[59.22827,60.45483],[59.22083,60.45417],[59.22048,60.44758],[59.21215,60.43922],[59.21285,60.43508],[59.21631,60.43159],[59.21667,60.42917],[59.21335,60.42832],[59.21193,60.42279],[59.20057,60.41054],[59.19943,60.39362],[59.18685,60.38007],[59.18002,60.37832],[59.17832,60.37168],[59.175,60.37083],[59.175,60.36667],[59.17403,60.3629],[59.16888,60.3589],[59.16446,60.35777],[59.16054,60.35473],[59.15481,60.35326],[59.1411,60.33849],[59.1424,60.33005],[59.14804,60.3286],[59.15196,60.32557],[59.15638,60.32443],[59.16029,60.3214],[59.16471,60.32027],[59.16862,60.31723],[59.17441,60.31575],[59.175,60.29167],[59.15911,60.29097],[59.15769,60.27703],[59.15064,60.2688],[59.14936,60.26218],[59.15352,60.2563],[59.15481,60.25353],[59.14648,60.2438],[59.14519,60.2187],[59.12445,60.1967],[59.11351,60.19504],[59.11186,60.18953],[59.10064,60.17713],[59.09936,60.17287],[59.09648,60.1688],[59.09519,60.16453],[59.09231,60.16047],[59.09102,60.15203],[59.08814,60.14797],[59.0875,60.1375],[59.08418,60.13665],[59.08277,60.13112],[59.07816,60.1256],[59.05833,60.125],[59.05174,60.12465],[59.04826,60.12119],[59.04583,60.12083],[59.04619,60.11421],[59.05174,60.10869],[59.05659,60.10798],[59.06841,60.09619],[59.07083,60.09583],[59.07827,60.09517],[59.08007,60.08815],[59.09362,60.07557],[59.09804,60.07443],[59.10196,60.0714],[59.1089,60.06962],[59.10777,60.06446],[59.10473,60.06054],[59.10332,60.05502],[59.09642,60.05325],[59.08807,60.04388],[59.0875,60.04167],[59.0875,60.025],[59.08333,60.025],[59.08369,60.02258],[59.08715,60.01909],[59.08785,60.01424],[59.09165,60.01042],[59.08369,60.00242],[59.08298,59.99341],[59.07952,59.98992],[59.07917,59.975],[59.09409,59.97465],[59.09758,59.97119],[59.12742,59.97048],[59.13091,59.96702],[59.13576,59.96631],[59.13924,59.96285],[59.15417,59.9625],[59.1536,59.95196],[59.15057,59.94804],[59.14915,59.94252],[59.14583,59.94167],[59.14548,59.93508],[59.14202,59.93159],[59.14131,59.92674],[59.13369,59.91909],[59.13298,59.91424],[59.12952,59.91076],[59.12917,59.90833],[59.12917,59.90417],[59.12696,59.9036],[59.11054,59.88807],[59.10612,59.88693],[59.10221,59.8839],[59.09668,59.88248],[59.09498,59.87585],[59.08946,59.87443],[59.08554,59.8714],[59.08112,59.87027],[59.06757,59.85769],[59.0661,59.85196],[59.0621,59.8468],[59.05612,59.84527],[59.05097,59.84127],[59.04943,59.83529],[59.0464,59.83138],[59.04527,59.82696],[59.0339,59.81471],[59.03277,59.80612],[59.0214,59.79388],[59.01992,59.7881],[58.98529,59.78693],[58.98138,59.7839],[58.97696,59.78277],[58.96888,59.77557],[58.96335,59.77415],[58.9625,59.77083],[58.96215,59.76424],[58.95869,59.76076],[58.95833,59.75417],[58.95869,59.75171],[58.96424,59.74619],[58.98159,59.74548],[58.98508,59.74202],[58.99409,59.74131],[58.99758,59.73785],[59.01076,59.73715],[59.01424,59.73369],[59.02326,59.73298],[59.03091,59.72535],[59.03576,59.72465],[59.03924,59.72119],[59.05,59.72083],[59.05035,59.70588],[59.05591,59.70035],[59.06492,59.69965],[59.07258,59.69202],[59.11076,59.69131],[59.11424,59.68785],[59.12326,59.68715],[59.12674,59.68369],[59.14167,59.68333],[59.14131,59.68091],[59.13715,59.67671],[59.13785,59.65591],[59.14131,59.65242],[59.14167,59.63333],[59.13112,59.63277],[59.11888,59.6214],[59.11029,59.62027],[59.10638,59.61723],[59.10066,59.61577],[59.1,59.60833],[59.10405,59.60717],[59.10895,59.60047],[59.10772,59.59367],[59.10062,59.58549],[59.09933,59.55498],[59.08817,59.55335],[59.08684,59.52184],[59.08009,59.51991],[59.07917,59.51667],[59.08009,59.51308],[59.08946,59.50473],[59.10319,59.50351],[59.11193,59.49388],[59.11311,59.46341],[59.11667,59.4625],[59.14502,59.46186],[59.14645,59.45201],[59.14938,59.44799],[59.15069,59.43016],[59.15756,59.4282],[59.15895,59.41867],[59.16188,59.41466],[59.16312,59.41034],[59.16728,59.40464],[59.16605,59.40201],[59.15895,59.39383],[59.15833,59.37917],[59.15918,59.37585],[59.1625,59.375],[59.16215,59.37258],[59.15869,59.36909],[59.15798,59.35174],[59.15035,59.34409],[59.15,59.34167],[59.15,59.32917],[59.15,59.325],[59.15246,59.32464],[59.15798,59.31909],[59.15869,59.31424],[59.16285,59.31005],[59.16215,59.29341],[59.15452,59.28576],[59.15381,59.28091],[59.15035,59.27742],[59.15,59.275],[59.14884,59.27095],[59.14214,59.26605],[59.13534,59.26728],[59.12574,59.27562],[59.11451,59.27438],[59.11049,59.27145],[59.09367,59.27022],[59.08966,59.26728],[59.07984,59.26586],[59.0785,59.2385],[59.0716,59.23653],[59.07002,59.22567],[59.04383,59.20062],[59.04167,59.2],[59.04167,59.19583],[59.04202,59.19338],[59.04758,59.18785],[59.05,59.1875],[59.05066,59.18538],[59.05351,59.18129],[59.05488,59.15076],[59.07451,59.14922],[59.08268,59.13962],[59.08432,59.13432],[59.08962,59.13268],[59.09788,59.12566],[59.10629,59.12434],[59.11038,59.12149],[59.1125,59.12083],[59.11188,59.11451],[59.10772,59.1088],[59.10957,59.10486],[59.12299,59.10355],[59.12701,59.10062],[59.13812,59.099],[59.13688,59.07701],[59.13272,59.0713],[59.13395,59.06451],[59.13688,59.06049],[59.1375,59.05833],[59.13693,59.05612],[59.1339,59.05221],[59.13248,59.04668],[59.12562,59.04492],[59.12443,59.02279],[59.1214,59.01888],[59.12083,59.00417],[59.11841,59.00381],[59.11285,58.99829],[59.1125,58.97917],[59.09758,58.97881],[59.09409,58.97535],[59.08508,58.97465],[59.08159,58.97119],[59.07674,58.97048],[59.07326,58.96702],[59.05833,58.96667],[59.05773,58.95102],[59.04804,58.94223],[59.0411,58.94045],[59.04223,58.91446],[59.04943,58.90638],[59.05057,58.90196],[59.06193,58.88971],[59.06307,58.88112],[59.0661,58.87721],[59.06667,58.86667],[59.06702,58.86424],[59.07535,58.85588],[59.07465,58.85174],[59.07119,58.84826],[59.07048,58.83508],[59.06631,58.83088],[59.06702,58.81841],[59.07465,58.81076],[59.07535,58.80591],[59.07881,58.80242],[59.07952,58.78924],[59.08298,58.78576],[59.08369,58.78088],[59.09758,58.76702],[59.10242,58.76631],[59.11008,58.75869],[59.11492,58.75798],[59.11841,58.75452],[59.12326,58.75381],[59.12674,58.75035],[59.13159,58.74965],[59.13508,58.74619],[59.1375,58.74583],[59.13785,58.73924],[59.14131,58.73576],[59.14202,58.73091],[59.15035,58.72255],[59.14964,58.71838],[59.14409,58.71285],[59.14167,58.7125],[59.14202,58.69758],[59.14548,58.69409],[59.14619,58.68924],[59.15798,58.67742],[59.15869,58.66424],[59.16215,58.66076],[59.16286,58.65171],[59.16841,58.64619],[59.175,58.64583],[59.17443,58.64362],[59.17027,58.63825],[59.1714,58.63529],[59.1786,58.62721],[59.17973,58.62279],[59.19943,58.60221],[59.20057,58.59779],[59.2161,58.58138],[59.21752,58.57585],[59.22442,58.57408],[59.23277,58.56471],[59.2339,58.55612],[59.2411,58.54804],[59.24223,58.54362],[59.24527,58.53971],[59.24583,58.52917],[59.27326,58.52952],[59.27674,58.53298],[59.28159,58.53369],[59.28579,58.53785],[59.28992,58.53715],[59.29375,58.53335],[59.29792,58.53749],[59.31458,58.52085],[59.31841,58.52465],[59.32083,58.525],[59.32119,58.52258],[59.32465,58.51909],[59.32535,58.51008],[59.32881,58.50659],[59.32952,58.49755],[59.33924,58.48785],[59.35833,58.4875],[59.35798,58.47674],[59.35381,58.47255],[59.35452,58.46841],[59.35798,58.46492],[59.35833,58.4625],[59.35833,58.45417],[59.35869,58.45174],[59.36249,58.44792],[59.35835,58.44375],[59.36215,58.43992],[59.3625,58.425],[59.35,58.425],[59.34758,58.42465],[59.34409,58.42119],[59.3375,58.42083],[59.3375,58.4125],[59.33807,58.41029],[59.3464,58.40094],[59.34527,58.39779],[59.33693,58.38844],[59.33807,58.38112],[59.3464,58.37177],[59.34527,58.35612],[59.3411,58.35075],[59.34241,58.34255],[59.34804,58.3411],[59.35196,58.33807],[59.35748,58.33665],[59.3589,58.33112],[59.36193,58.32721],[59.36307,58.32279],[59.37027,58.31471],[59.3714,58.31029],[59.3786,58.30221],[59.37973,58.29779],[59.38693,58.28971],[59.38807,58.28529],[59.3911,58.28138],[59.39167,58.27917],[59.39167,58.27083],[59.38835,58.26998],[59.3875,58.26667],[59.38971,58.2661],[59.39779,58.2589],[59.40745,58.25762],[59.4089,58.25196],[59.41193,58.24804],[59.41307,58.23946],[59.42027,58.23138],[59.4214,58.22696],[59.42443,58.22304],[59.42557,58.21862],[59.4286,58.21471],[59.42973,58.20612],[59.43277,58.20221],[59.4339,58.18112],[59.4411,58.17304],[59.44167,58.17083],[59.44202,58.15591],[59.44548,58.15242],[59.44619,58.14758],[59.44965,58.14409],[59.45,58.1375],[59.45345,58.13651],[59.45478,58.12284],[59.46188,58.11466],[59.46324,58.1008],[59.46867,58.09645],[59.47843,58.09503],[59.47978,58.08117],[59.48272,58.07716],[59.48404,58.05916],[59.48951,58.05478],[59.49167,58.05417],[59.49223,58.04779],[59.49527,58.04388],[59.4964,58.03112],[59.49943,58.02721],[59.50085,58.02168],[59.50775,58.01991],[59.5161,58.01054],[59.51667,58.00833],[59.51702,58.00591],[59.52465,57.99826],[59.52536,57.98921],[59.53091,57.98369],[59.53333,57.98333],[59.53272,57.97284],[59.52438,57.96324],[59.52571,57.94666],[59.53534,57.93812],[59.54095,57.93651],[59.54228,57.92284],[59.55355,57.91049],[59.55478,57.90617],[59.56605,57.89383],[59.56733,57.86331],[59.57819,57.86173],[59.58015,57.85488],[59.5875,57.85417],[59.58864,57.84974],[59.59362,57.8536],[59.59804,57.85473],[59.60196,57.85777],[59.61667,57.85833],[59.61702,57.83924],[59.62048,57.83576],[59.62119,57.83091],[59.62465,57.82742],[59.625,57.80417],[59.62557,57.80196],[59.6286,57.79804],[59.62973,57.78529],[59.6339,57.77991],[59.63277,57.77696],[59.62973,57.77304],[59.62828,57.76736],[59.60638,57.7464],[59.59257,57.74517],[59.5911,57.73946],[59.58797,57.73542],[59.5911,57.73138],[59.59223,57.72696],[59.59527,57.72304],[59.59583,57.72083],[59.59583,57.71667],[59.61076,57.71631],[59.61424,57.71285],[59.61909,57.71215],[59.62292,57.70835],[59.62674,57.71215],[59.6375,57.7125],[59.64388,57.71193],[59.64779,57.7089],[59.65473,57.70712],[59.6536,57.70196],[59.64974,57.69697],[59.65794,57.69487],[59.66193,57.68971],[59.6625,57.68333],[59.6625,57.67917],[59.67299,57.67978],[59.67701,57.68272],[59.68241,57.68426],[59.68426,57.69074],[59.68966,57.69228],[59.69536,57.69645],[59.69934,57.69458],[59.70062,57.67284],[59.71715,57.65515],[59.7045,57.65331],[59.70062,57.64799],[59.69938,57.63951],[59.68812,57.62716],[59.68688,57.62284],[59.68395,57.61883],[59.68272,57.61034],[59.67855,57.60464],[59.6808,57.59984],[59.68951,57.59228],[59.69491,57.59074],[59.69583,57.5875],[59.69167,57.5875],[59.68924,57.58715],[59.68576,57.58369],[59.68091,57.58298],[59.67536,57.57746],[59.67465,57.57258],[59.66702,57.56492],[59.66631,57.56079],[59.67255,57.55452],[59.68992,57.55381],[59.69548,57.54829],[59.69583,57.54167],[59.69915,57.54082],[59.70057,57.53529],[59.7036,57.53138],[59.70473,57.52279],[59.70777,57.51888],[59.70833,57.50833],[59.71192,57.50741],[59.72027,57.49804],[59.72174,57.49229],[59.74388,57.4911],[59.74779,57.48807],[59.77304,57.48693],[59.78112,57.47973],[59.79388,57.4786],[59.80196,57.4714],[59.80417,57.47083],[59.80452,57.46005],[59.81008,57.45452],[59.81496,57.45381],[59.82048,57.44826],[59.82083,57.44167],[59.82027,57.43112],[59.81723,57.42721],[59.81601,57.4134],[59.80918,57.41165],[59.80737,57.40456],[59.80221,57.40057],[59.79642,57.39908],[59.78807,57.38971],[59.78653,57.38373],[59.78125,57.37964],[59.77575,57.3839],[59.76446,57.38277],[59.76054,57.37973],[59.75833,57.37917],[59.75798,57.37674],[59.75452,57.37326],[59.75417,57.36667],[59.75748,57.36582],[59.7589,57.36029],[59.76193,57.35638],[59.76307,57.34779],[59.7661,57.34388],[59.76758,57.33811],[59.799,57.3369],[59.8036,57.33138],[59.80417,57.31667],[59.80066,57.31577],[59.79943,57.30196],[59.79223,57.29388],[59.7911,57.28649],[59.80777,57.26888],[59.8089,57.25196],[59.81193,57.24804],[59.81339,57.24238],[59.82304,57.2411],[59.83685,57.22819],[59.83807,57.21446],[59.84943,57.20221],[59.85057,57.19779],[59.8536,57.19388],[59.85417,57.19167],[59.86471,57.19223],[59.86862,57.19527],[59.88138,57.1964],[59.88529,57.19943],[59.88971,57.20057],[59.89375,57.2037],[59.89779,57.20057],[59.91471,57.19943],[59.92279,57.19223],[59.93554,57.1911],[59.93946,57.18807],[59.94388,57.18693],[59.95207,57.17963],[59.95612,57.18277],[59.96179,57.18422],[59.96307,57.19388],[59.97443,57.20612],[59.97557,57.21054],[59.9786,57.21446],[59.97917,57.21667],[59.98333,57.21667],[59.9875,57.21667],[60.01471,57.21723],[60.02009,57.2214],[60.02827,57.2201],[60.03693,57.21054],[60.03807,57.20196],[60.0411,57.19804],[60.04252,57.19252],[60.04934,57.19077],[60.05,57.18333],[60.04936,57.17703],[60.03814,57.16464],[60.03686,57.13953],[60.03269,57.13366],[60.03416,57.12131],[60.0437,57.11314],[60.04985,57.11129],[60.05769,57.10213],[60.0591,57.08827],[60.06667,57.0875],[60.06582,57.08418],[60.05904,57.08245],[60.05762,57.07172],[60.05196,57.07027],[60.04388,57.06307],[60.03835,57.06165],[60.03693,57.05612],[60.03277,57.05075],[60.0339,57.04779],[60.03693,57.04388],[60.0375,57.04167],[60.0375,57.0375],[60.04826,57.03715],[60.05174,57.03369],[60.06076,57.03298],[60.06424,57.02952],[60.07745,57.02881],[60.08298,57.02326],[60.08333,57.01667],[60.0839,57.01446],[60.08693,57.01054],[60.0881,56.97591],[60.09544,56.97403],[60.09943,56.96888],[60.10057,56.96029],[60.1036,56.95638],[60.10473,56.95196],[60.10777,56.94804],[60.1089,56.94362],[60.1161,56.93554],[60.11667,56.92917],[60.1161,56.92696],[60.11307,56.92304],[60.1116,56.91733],[60.09779,56.9161],[60.09388,56.91307],[60.0875,56.9125],[60.0875,56.90417],[60.08715,56.90174],[60.07119,56.88576],[60.07048,56.88091],[60.06285,56.87326],[60.0625,56.85833],[60.07742,56.85798],[60.08091,56.85452],[60.09412,56.85381],[60.09965,56.84826],[60.1,56.84583],[60.11047,56.84519],[60.11634,56.84102],[60.11995,56.84291],[60.12228,56.85064],[60.12714,56.84936],[60.1312,56.84648],[60.13547,56.84519],[60.13953,56.84231],[60.14917,56.84084],[60.15083,56.82999],[60.16047,56.82852],[60.16453,56.82564],[60.18673,56.82428],[60.19231,56.81716],[60.19102,56.8062],[60.18752,56.80125],[60.19509,56.79897],[60.19661,56.78407],[60.21464,56.78269],[60.22051,56.77852],[60.2313,56.77981],[60.23536,56.78269],[60.25417,56.78333],[60.25473,56.78112],[60.25777,56.77721],[60.25904,56.76755],[60.2625,56.76667],[60.26312,56.76451],[60.26605,56.76049],[60.26764,56.75494],[60.27848,56.75336],[60.27917,56.74167],[60.28009,56.73809],[60.3125,56.7375],[60.3188,56.73686],[60.32286,56.73398],[60.33311,56.73241],[60.33689,56.72708],[60.33335,56.72208],[60.33964,56.72019],[60.3437,56.71731],[60.3493,56.71562],[60.35072,56.69241],[60.36709,56.6911],[60.37468,56.69648],[60.37849,56.69448],[60.37917,56.67917],[60.39076,56.67854],[60.39223,56.67279],[60.39943,56.66471],[60.40057,56.65196],[60.40777,56.64388],[60.40955,56.63693],[60.43138,56.63807],[60.43529,56.6411],[60.45221,56.64223],[60.45759,56.6464],[60.46181,56.64478],[60.46307,56.63529],[60.4661,56.63138],[60.46667,56.62917],[60.46631,56.62674],[60.45869,56.61909],[60.45833,56.60833],[60.44779,56.60777],[60.44388,56.60473],[60.43946,56.6036],[60.43554,56.60057],[60.42983,56.5991],[60.42917,56.59167],[60.42692,56.59114],[60.41891,56.58386],[60.41442,56.5828],[60.41058,56.5797],[60.40609,56.57864],[60.39391,56.5672],[60.38841,56.5659],[60.38697,56.56156],[60.39114,56.55641],[60.3922,56.55323],[60.38803,56.54808],[60.38697,56.53239],[60.39114,56.52725],[60.39167,56.5125],[60.4,56.5125],[60.4,56.50833],[60.40074,56.50103],[60.40836,56.49874],[60.41248,56.49292],[60.40513,56.4907],[60.40352,56.48537],[60.39102,56.47155],[60.39334,56.46642],[60.40353,56.45769],[60.42297,56.45898],[60.42834,56.46278],[60.42926,56.45128],[60.42081,56.44874],[60.41731,56.4438],[60.41562,56.43269],[60.4062,56.43398],[60.40098,56.43768],[60.39916,56.42576],[60.38383,56.4242],[60.37436,56.41313],[60.37564,56.40203],[60.37981,56.39616],[60.37852,56.3812],[60.37436,56.37532],[60.37633,56.37155],[60.39097,56.37005],[60.39167,56.35417],[60.39082,56.35085],[60.38404,56.34911],[60.38263,56.33842],[60.37721,56.3339],[60.375,56.33333],[60.37585,56.33002],[60.37917,56.32917],[60.38013,56.3254],[60.38529,56.3214],[60.39096,56.31995],[60.39223,56.31029],[60.39536,56.30625],[60.39223,56.30221],[60.3911,56.29779],[60.38807,56.29388],[60.38665,56.28835],[60.38002,56.28665],[60.3786,56.28112],[60.37443,56.27575],[60.37574,56.26755],[60.3836,56.26553],[60.37963,56.26041],[60.38693,56.25221],[60.3875,56.24583],[60.3875,56.24167],[60.38508,56.24131],[60.37952,56.23579],[60.37881,56.21912],[60.38298,56.21492],[60.38369,56.19341],[60.38715,56.18992],[60.38785,56.18091],[60.39131,56.17742],[60.39202,56.17329],[60.38785,56.16909],[60.38715,56.16079],[60.39131,56.15659],[60.39202,56.14758],[60.40171,56.13786],[60.40659,56.13715],[60.41008,56.13369],[60.42742,56.13298],[60.44167,56.11876],[60.43785,56.11492],[60.43715,56.11008],[60.43369,56.10659],[60.43333,56.10417],[60.43091,56.10381],[60.42742,56.10035],[60.425,56.1],[60.41424,56.10035],[60.41076,56.10381],[60.38995,56.10452],[60.38576,56.10035],[60.37258,56.09965],[60.36702,56.09412],[60.36667,56.09167],[60.36732,56.08431],[60.38112,56.0714],[60.38689,56.06992],[60.3875,56.05417],[60.38816,56.04679],[60.39362,56.04223],[60.39934,56.04077],[60.4,56.03333],[60.4,56.02917],[60.39652,56.0282],[60.39523,56.01182],[60.40079,56.00494],[60.41168,56.00339],[60.41311,55.99529],[60.40894,55.98967],[60.40773,55.98255],[60.41606,55.97301],[60.41727,55.96033],[60.42439,55.95217],[60.42561,55.94783],[60.42856,55.94384],[60.42977,55.9305],[60.425,55.92917],[60.42258,55.92952],[60.41875,55.93332],[60.41492,55.92952],[60.40833,55.92917],[60.40869,55.92674],[60.41215,55.92326],[60.41285,55.91841],[60.41631,55.91492],[60.41702,55.90591],[60.42048,55.90242],[60.42119,55.89758],[60.42465,55.89409],[60.425,55.89167],[60.42439,55.88949],[60.42137,55.88542],[60.42561,55.87971],[60.42439,55.87699],[60.41606,55.86745],[60.41735,55.85097],[60.42561,55.84867],[60.42439,55.84366],[60.42144,55.83967],[60.42011,55.82579],[60.41174,55.82456],[60.40471,55.82977],[60.39249,55.82843],[60.38811,55.82301],[60.3875,55.82083],[60.37994,55.82006],[60.3784,55.805],[60.36768,55.80337],[60.36565,55.79663],[60.3562,55.79519],[60.3438,55.78398],[60.33875,55.78245],[60.33686,55.77884],[60.34102,55.77297],[60.34272,55.76734],[60.36667,55.76667],[60.36631,55.76424],[60.36285,55.76076],[60.36215,55.75591],[60.35869,55.75242],[60.35798,55.74758],[60.35452,55.74409],[60.35417,55.74167],[60.34758,55.74131],[60.34409,55.73785],[60.33162,55.73715],[60.32742,55.74131],[60.31912,55.74202],[60.31076,55.73369],[60.30591,55.73298],[60.30242,55.72952],[60.29167,55.72917],[60.29082,55.73248],[60.2875,55.73333],[60.28684,55.73121],[60.27851,55.72141],[60.27996,55.70918],[60.2918,55.70734],[60.28684,55.70025],[60.2883,55.68835],[60.30066,55.68642],[60.29908,55.68017],[60.29265,55.67818],[60.29101,55.67288],[60.28268,55.66308],[60.28399,55.64788],[60.29213,55.63831],[60.26718,55.63675],[60.25899,55.62712],[60.25833,55.61667],[60.24341,55.61631],[60.23992,55.61285],[60.23091,55.61215],[60.22742,55.60869],[60.22258,55.60798],[60.21909,55.60452],[60.21079,55.60381],[60.20659,55.60798],[60.20245,55.60869],[60.19826,55.60452],[60.18333,55.60417],[60.17983,55.60327],[60.17851,55.5884],[60.17279,55.58693],[60.16727,55.58233],[60.1661,55.55342],[60.17027,55.54804],[60.17083,55.54583],[60.16424,55.54548],[60.16076,55.54202],[60.14167,55.54167],[60.13952,55.5423],[60.13423,55.5461],[60.1327,55.53294],[60.13687,55.52715],[60.13813,55.52445],[60.13257,55.51742],[60.11767,55.51594],[60.11572,55.50928],[60.11035,55.5077],[60.10625,55.50475],[60.10215,55.5077],[60.0302,55.50898],[60.02917,55.5125],[60.02083,55.5125],[60.02083,55.50833],[60.01841,55.50798],[60.01076,55.50035],[60.00833,55.5],[60.00798,55.49758],[60.00035,55.48992],[60.0,55.4875],[59.99779,55.48693],[59.99388,55.4839],[59.98946,55.48277],[59.98554,55.47973],[59.98112,55.4786],[59.97597,55.4746],[59.97415,55.46752],[59.96729,55.46576],[59.9661,55.44362],[59.9589,55.43554],[59.95777,55.43112],[59.92845,55.40089],[59.92279,55.39943],[59.90899,55.38652],[59.90777,55.37279],[59.90319,55.3673],[59.88529,55.3661],[59.87721,55.3589],[59.87279,55.35777],[59.86888,55.35473],[59.85612,55.3536],[59.84645,55.34483],[59.84527,55.32279],[59.83692,55.31342],[59.83002,55.31165],[59.82917,55.30833],[59.82566,55.30743],[59.825,55.3],[59.82746,55.29964],[59.83298,55.29409],[59.83369,55.28924],[59.83715,55.28576],[59.83786,55.27671],[59.84828,55.26631],[59.86909,55.26702],[59.87292,55.27082],[59.87674,55.26702],[59.88576,55.26631],[59.88924,55.26285],[59.89409,55.26215],[59.89758,55.25869],[59.90242,55.25798],[59.91008,55.25035],[59.91492,55.24965],[59.91841,55.24619],[59.92083,55.24583],[59.92027,55.24362],[59.91307,55.23554],[59.91193,55.23112],[59.90473,55.22304],[59.9036,55.21862],[59.8839,55.19804],[59.88248,55.19252],[59.87558,55.19075],[59.86723,55.18138],[59.86667,55.17917],[59.86601,55.17173],[59.8625,55.17083],[59.86038,55.17018],[59.85212,55.16316],[59.84788,55.16184],[59.84379,55.15899],[59.83954,55.15768],[59.83129,55.15066],[59.82704,55.14934],[59.81879,55.14232],[59.81454,55.14101],[59.80629,55.13399],[59.78406,55.1326],[59.78263,55.10524],[59.77586,55.10315],[59.77434,55.09559],[59.77851,55.08962],[59.77982,55.08538],[59.78688,55.07708],[59.77487,55.06375],[59.76871,55.06184],[59.75541,55.04987],[59.75318,55.04265],[59.75,55.04167],[59.75,55.0375],[59.74341,55.03715],[59.73992,55.03369],[59.70591,55.03298],[59.69619,55.02329],[59.69548,55.01841],[59.69202,55.01492],[59.69131,55.01008],[59.68369,55.00242],[59.68333,55.0],[59.68298,54.99758],[59.67952,54.99409],[59.67917,54.9875],[59.67881,54.98508],[59.66702,54.97326],[59.66631,54.96841],[59.65452,54.95659],[59.65417,54.95],[59.65174,54.94965],[59.64409,54.94202],[59.63924,54.94131],[59.62119,54.92328],[59.62048,54.89341],[59.60662,54.87952],[59.60417,54.87917],[59.60354,54.86758],[59.59779,54.8661],[59.58971,54.8589],[59.57279,54.85777],[59.56888,54.85473],[59.55612,54.8536],[59.55221,54.85057],[59.54779,54.84943],[59.53971,54.84223],[59.53333,54.84167],[59.53333,54.8125],[59.53109,54.81197],[59.52159,54.80321],[59.5203,54.79775],[59.5172,54.79391],[59.51614,54.79073],[59.5203,54.78558],[59.52136,54.77388],[59.50886,54.76058],[59.50757,54.75508],[59.50323,54.75364],[59.49808,54.7578],[59.49359,54.75886],[59.48975,54.76197],[59.48656,54.76303],[59.48125,54.75873],[59.47725,54.76197],[59.475,54.7625],[59.47408,54.75892],[59.46471,54.75057],[59.45612,54.74943],[59.45221,54.7464],[59.44654,54.74495],[59.44527,54.73529],[59.44213,54.73124],[59.4536,54.71888],[59.45417,54.7125],[59.4616,54.71184],[59.4625,54.70833],[59.4625,54.69167],[59.46285,54.68508],[59.47048,54.67742],[59.47083,54.675],[59.46752,54.67415],[59.4661,54.66862],[59.44932,54.6509],[59.44252,54.64915],[59.4411,54.64362],[59.43807,54.63971],[59.43693,54.63656],[59.44642,54.62592],[59.45316,54.62419],[59.45473,54.62009],[59.45057,54.61471],[59.44943,54.59082],[59.45513,54.58399],[59.4625,54.58333],[59.46192,54.58114],[59.45891,54.5772],[59.45761,54.56755],[59.44803,54.55891],[59.44109,54.55708],[59.44253,54.55073],[59.45326,54.54928],[59.45475,54.54364],[59.45775,54.5397],[59.4592,54.5342],[59.4647,54.53275],[59.46864,54.52975],[59.5032,54.52855],[59.50775,54.52303],[59.50833,54.52083],[59.50798,54.51838],[59.49409,54.50452],[59.46838,54.50381],[59.46285,54.49826],[59.4625,54.48333],[59.46627,54.48237],[59.4714,54.47575],[59.46958,54.47101],[59.46471,54.46723],[59.45612,54.4661],[59.45221,54.46307],[59.44668,54.46165],[59.44527,54.45612],[59.44223,54.45221],[59.44167,54.45],[59.4411,54.44779],[59.43693,54.44241],[59.43817,54.43013],[59.44779,54.4214],[59.45473,54.41962],[59.4536,54.40612],[59.45047,54.40208],[59.45473,54.39658],[59.4535,54.38428],[59.44804,54.37973],[59.44206,54.3782],[59.43797,54.37292],[59.4411,54.36888],[59.44167,54.36667],[59.44263,54.3629],[59.44792,54.3588],[59.45267,54.36249],[59.45777,54.35638],[59.45947,54.34974],[59.46446,54.3536],[59.49583,54.35417],[59.4964,54.35196],[59.5036,54.34388],[59.50473,54.33946],[59.5086,54.33447],[59.50417,54.33333],[59.50452,54.33091],[59.51215,54.32326],[59.5125,54.32083],[59.51165,54.31752],[59.50612,54.3161],[59.50221,54.31307],[59.48946,54.31193],[59.48554,54.3089],[59.48333,54.30833],[59.48248,54.30502],[59.47917,54.30417],[59.47832,54.30085],[59.475,54.3],[59.47083,54.3],[59.46998,54.29668],[59.46446,54.29527],[59.46054,54.29223],[59.44779,54.2911],[59.44388,54.28807],[59.43112,54.28693],[59.42721,54.2839],[59.42168,54.28248],[59.42027,54.27696],[59.4161,54.27158],[59.41723,54.26446],[59.42537,54.25533],[59.41752,54.25332],[59.4161,54.24779],[59.41307,54.24388],[59.4125,54.24167],[59.41215,54.23508],[59.40869,54.23159],[59.40833,54.2125],[59.41043,54.21318],[59.41458,54.216],[59.42074,54.21182],[59.4271,54.21318],[59.43258,54.2169],[59.43333,54.19167],[59.44635,54.19085],[59.43399,54.17712],[59.43268,54.17475],[59.43684,54.16879],[59.43816,54.16038],[59.44101,54.15629],[59.44232,54.14975],[59.43813,54.14375],[59.44101,54.13962],[59.44265,54.13432],[59.44927,54.13227],[59.45066,54.11454],[59.45446,54.1091],[59.47712,54.10768],[59.48121,54.10482],[59.48546,54.10351],[59.48954,54.10066],[59.53358,54.09934],[59.53954,54.10351],[59.54379,54.10482],[59.54869,54.10824],[59.55,54.1125],[59.55085,54.11582],[59.55638,54.11723],[59.56029,54.12027],[59.56582,54.12168],[59.56752,54.12832],[59.57304,54.12973],[59.57696,54.13277],[59.59388,54.1339],[59.59779,54.13693],[59.6,54.1375],[59.60035,54.13508],[59.60869,54.12672],[59.60798,54.12258],[59.60452,54.11909],[59.60417,54.10833],[59.60355,54.10201],[59.59645,54.09383],[59.59513,54.07581],[59.58534,54.07438],[59.58133,54.07145],[59.57593,54.06991],[59.57407,54.06343],[59.56678,54.06134],[59.56312,54.05633],[59.56188,54.03951],[59.55478,54.03133],[59.55417,54.025],[59.55748,54.02415],[59.55833,54.02083],[59.55798,53.99758],[59.55452,53.99409],[59.55417,53.99167],[59.55502,53.98835],[59.56054,53.98693],[59.57279,53.97557],[59.58971,53.97443],[59.59362,53.9714],[59.61471,53.97027],[59.61862,53.96723],[59.62557,53.96545],[59.62443,53.95196],[59.62027,53.94658],[59.6214,53.94362],[59.62443,53.93971],[59.625,53.93333],[59.62157,53.93245],[59.62027,53.92425],[59.62443,53.91888],[59.62557,53.91029],[59.6286,53.90638],[59.62973,53.89509],[59.62474,53.88864],[59.63138,53.88693],[59.64075,53.87858],[59.64258,53.87146],[59.66471,53.87027],[59.67279,53.86307],[59.67851,53.8616],[59.67917,53.85417],[59.67973,53.85196],[59.68277,53.84804],[59.68404,53.83842],[59.68946,53.8339],[59.69388,53.83277],[59.70612,53.8214],[59.71993,53.82017],[59.72168,53.81335],[59.725,53.8125],[59.76471,53.81307],[59.78232,53.82973],[59.78554,53.8286],[59.78946,53.82557],[59.79388,53.82443],[59.79779,53.8214],[59.80351,53.81993],[59.80417,53.8125],[59.80477,53.79675],[59.81054,53.79527],[59.81592,53.7911],[59.82721,53.79223],[59.83126,53.79537],[59.83946,53.78807],[59.84388,53.78693],[59.84779,53.7839],[59.86054,53.78277],[59.86446,53.77973],[59.8875,53.77917],[59.89583,53.77917],[59.91049,53.77855],[59.91451,53.77562],[59.91883,53.77438],[59.92284,53.77145],[59.93549,53.77022],[59.93951,53.76728],[59.96049,53.76605],[59.96458,53.76306],[59.96867,53.76605],[59.97716,53.76728],[59.98117,53.77022],[59.99193,53.77178],[59.98812,53.77701],[59.98688,53.79214],[59.99178,53.79884],[59.99799,53.80062],[60.00201,53.80355],[60.01183,53.80498],[60.0125,53.82083],[60.03242,53.82023],[60.0343,53.8129],[60.04092,53.80777],[60.04388,53.8089],[60.04779,53.81193],[60.05638,53.81307],[60.06042,53.8162],[60.06446,53.81307],[60.07083,53.8125],[60.07299,53.81312],[60.08534,53.82438],[60.09074,53.82593],[60.09259,53.83241],[60.09799,53.83395],[60.11451,53.84938],[60.11883,53.85062],[60.12284,53.85355],[60.1284,53.85514],[60.12997,53.86593],[60.14383,53.86728],[60.14792,53.87027],[60.15201,53.86728],[60.16049,53.86605],[60.16545,53.86243],[60.16783,53.87072],[60.17284,53.87438],[60.18549,53.87562],[60.18951,53.87855],[60.2,53.87917],[60.20242,53.87881],[60.20591,53.87535],[60.21909,53.87465],[60.22258,53.87119],[60.225,53.87083],[60.22535,53.86841],[60.22881,53.86492],[60.22917,53.8625],[60.23138,53.86193],[60.23529,53.8589],[60.25742,53.85771],[60.25833,53.85417],[60.2592,53.85087],[60.26634,53.84899],[60.27141,53.84235],[60.27025,53.83114],[60.26192,53.82172],[60.26369,53.81702],[60.27822,53.80359],[60.31053,53.80475],[60.31564,53.80864],[60.3171,53.80121],[60.3103,53.79942],[60.30636,53.79641],[60.30032,53.79482],[60.29525,53.78818],[60.29652,53.77592],[60.3022,53.77442],[60.3103,53.76725],[60.31667,53.76667],[60.31631,53.76008],[60.31285,53.75659],[60.31215,53.75174],[60.30869,53.74826],[60.30833,53.73333],[60.30074,53.73256],[60.29928,53.71354],[60.2937,53.71186],[60.28964,53.70898],[60.28536,53.70769],[60.2813,53.70481],[60.27286,53.70352],[60.2563,53.68814],[60.25096,53.68654],[60.24899,53.67996],[60.23953,53.67852],[60.23547,53.67564],[60.2312,53.67436],[60.22714,53.67148],[60.22083,53.67083],[60.22048,53.65591],[60.21702,53.65242],[60.21631,53.64341],[60.21285,53.63992],[60.21215,53.62258],[60.20798,53.61838],[60.20869,53.61424],[60.21215,53.61076],[60.21286,53.60588],[60.21841,53.60035],[60.22083,53.6],[60.22172,53.59654],[60.23245,53.59512],[60.23333,53.59167],[60.23333,53.57917],[60.23248,53.57585],[60.22585,53.57415],[60.225,53.57083],[60.22443,53.56862],[60.2213,53.56457],[60.2286,53.55638],[60.23002,53.55085],[60.23554,53.54943],[60.23946,53.5464],[60.24908,53.54513],[60.2536,53.53971],[60.25502,53.53418],[60.25833,53.53333],[60.25757,53.52605],[60.25204,53.52434],[60.23962,53.51316],[60.22018,53.51163],[60.22156,53.49273],[60.22712,53.49101],[60.23538,53.48399],[60.23962,53.48268],[60.24371,53.47982],[60.2493,53.4781],[60.25,53.4625],[60.25085,53.45918],[60.25638,53.45777],[60.26029,53.45473],[60.26667,53.45417],[60.26702,53.45174],[60.27048,53.44826],[60.27083,53.44583],[60.26867,53.44522],[60.26049,53.43812],[60.25617,53.43688],[60.25216,53.43395],[60.24784,53.43272],[60.24383,53.42978],[60.23534,53.42855],[60.23133,53.42562],[60.22701,53.42438],[60.21049,53.40895],[60.20509,53.40741],[60.20355,53.40201],[60.20062,53.39799],[60.19926,53.38414],[60.18951,53.38272],[60.17609,53.37047],[60.175,53.36667],[60.17535,53.36424],[60.17881,53.36076],[60.17917,53.35417],[60.1782,53.3504],[60.17304,53.3464],[60.16752,53.34498],[60.16577,53.33816],[60.15096,53.33684],[60.1464,53.33138],[60.14527,53.32696],[60.13807,53.31888],[60.13693,53.31446],[60.1339,53.31054],[60.13333,53.29583],[60.13333,53.27917],[60.13418,53.27585],[60.1375,53.275],[60.14804,53.27443],[60.15612,53.26723],[60.16578,53.26596],[60.16763,53.25873],[60.17279,53.25473],[60.17721,53.2536],[60.18112,53.25057],[60.19493,53.24934],[60.1968,53.24206],[60.20196,53.23807],[60.20762,53.23661],[60.20904,53.22589],[60.2125,53.225],[60.21193,53.21862],[60.2089,53.21471],[60.20745,53.20904],[60.19676,53.20763],[60.18807,53.19804],[60.1875,53.19583],[60.17279,53.19527],[60.16054,53.1839],[60.15502,53.18248],[60.15417,53.17917],[60.11862,53.17973],[60.11471,53.18277],[60.09092,53.1839],[60.08554,53.17973],[60.08112,53.1786],[60.07721,53.17557],[60.06862,53.17443],[60.06347,53.17044],[60.06165,53.16335],[60.05612,53.16193],[60.05221,53.1589],[60.04779,53.15777],[60.04263,53.15377],[60.04079,53.14657],[60.0324,53.14527],[60.02175,53.15475],[60.02083,53.15833],[60.00833,53.15833],[60.00417,53.15833],[59.9875,53.15833],[59.9869,53.13842],[59.98333,53.1375],[59.98267,53.13007],[59.97585,53.12832],[59.975,53.125],[59.97597,53.12123],[59.98112,53.11723],[59.98554,53.1161],[59.98946,53.11307],[59.99544,53.11153],[59.99943,53.10638],[60.00085,53.10085],[60.00638,53.09943],[60.01573,53.0911],[60.02304,53.09223],[60.02696,53.09527],[60.03138,53.0964],[60.03675,53.10057],[60.03971,53.09943],[60.04779,53.09223],[60.05417,53.09167],[60.05332,53.08835],[60.05,53.0875],[60.04965,53.08091],[60.04619,53.07742],[60.04583,53.07083],[60.0414,53.0697],[60.04527,53.06471],[60.04583,53.05833],[60.04522,53.05617],[60.03806,53.04792],[60.04111,53.04374],[60.03395,53.03549],[60.03254,53.02579],[60.02284,53.02438],[60.01883,53.02145],[60.01451,53.02022],[60.00633,53.01312],[59.98832,53.0118],[59.98395,53.00633],[59.98272,53.00201],[59.96728,52.98549],[59.96605,52.98117],[59.95478,52.96883],[59.95324,52.96343],[59.94784,52.96188],[59.94383,52.95895],[59.93951,52.95772],[59.93549,52.95478],[59.92164,52.95343],[59.91312,52.94383],[59.9117,52.93407],[59.89784,52.93272],[59.89383,52.92978],[59.88387,52.92833],[59.87562,52.91883],[59.875,52.91667],[59.87832,52.91582],[59.87973,52.91029],[59.88277,52.90638],[59.88333,52.90417],[59.88665,52.90332],[59.88835,52.89668],[59.89498,52.89498],[59.8968,52.8879],[59.90196,52.8839],[59.90417,52.88333],[59.90833,52.88333],[59.92304,52.88277],[59.92708,52.87964],[59.93125,52.88286],[59.93529,52.87973],[59.94388,52.8786],[59.95196,52.8714],[59.96471,52.87027],[59.96862,52.86723],[59.97415,52.86582],[59.975,52.8625],[59.97562,52.86034],[59.97855,52.85633],[59.98009,52.85093],[59.98549,52.84938],[59.98951,52.84645],[59.99903,52.84506],[60.00116,52.83761],[60.00617,52.83395],[60.01049,52.83272],[60.01867,52.82562],[60.02848,52.82419],[60.02917,52.8125],[60.025,52.8125],[60.02168,52.81165],[60.02083,52.80833],[60.0218,52.80456],[60.02696,52.80057],[60.03138,52.79943],[60.03946,52.79223],[60.04544,52.7907],[60.04943,52.78554],[60.05057,52.77696],[60.0537,52.77292],[60.04943,52.76741],[60.05101,52.76331],[60.0589,52.76129],[60.05768,52.74673],[60.05417,52.74583],[60.05417,52.74167],[60.0375,52.74167],[60.03669,52.74483],[60.03259,52.7464],[60.02721,52.74223],[60.02279,52.7411],[60.01888,52.73807],[60.01446,52.73693],[60.01054,52.7339],[60.00612,52.73277],[60.00221,52.72973],[59.99654,52.72828],[59.99527,52.71862],[59.98269,52.70507],[59.97696,52.7036],[59.97304,52.70057],[59.96862,52.69943],[59.96317,52.69488],[59.96193,52.68259],[59.9661,52.67721],[59.96723,52.67009],[59.96307,52.66471],[59.96179,52.65505],[59.95612,52.6536],[59.95221,52.65057],[59.94779,52.64943],[59.94388,52.6464],[59.93946,52.64527],[59.93554,52.64223],[59.93112,52.6411],[59.92721,52.63807],[59.91667,52.6375],[59.91606,52.62175],[59.90873,52.61987],[59.9036,52.61325],[59.90484,52.60095],[59.91029,52.5964],[59.9125,52.59583],[59.9116,52.59231],[59.89804,52.57973],[59.89252,52.57832],[59.89082,52.57168],[59.88418,52.56998],[59.88333,52.56667],[59.87983,52.56577],[59.87917,52.55833],[59.87917,52.55417],[59.8786,52.53946],[59.86723,52.52721],[59.86582,52.52168],[59.86029,52.52027],[59.85638,52.51723],[59.85061,52.51575],[59.85,52.5],[59.85035,52.49758],[59.85381,52.49409],[59.85417,52.49167],[59.85452,52.48924],[59.85798,52.48576],[59.85833,52.48333],[59.86909,52.48298],[59.87258,52.47952],[59.88159,52.47881],[59.88924,52.47119],[59.89826,52.47048],[59.91008,52.45869],[59.91909,52.45798],[59.92258,52.45452],[59.93159,52.45381],[59.93924,52.44619],[59.94167,52.44583],[59.96076,52.44548],[59.96458,52.44168],[59.96875,52.44582],[59.97329,52.44131],[59.98159,52.44202],[59.98508,52.44548],[60.00833,52.44583],[60.0089,52.43529],[60.01193,52.43138],[60.01347,52.4254],[60.01862,52.4214],[60.02304,52.42027],[60.02696,52.41723],[60.03248,52.41582],[60.0339,52.41029],[60.04527,52.39804],[60.04654,52.38842],[60.05196,52.3839],[60.05638,52.38277],[60.06029,52.37973],[60.06471,52.3786],[60.06862,52.37557],[60.08138,52.37443],[60.08529,52.3714],[60.0875,52.37083],[60.11575,52.37024],[60.11752,52.36335],[60.12304,52.36193],[60.13124,52.35463],[60.13675,52.3589],[60.15326,52.35769],[60.15417,52.35417],[60.1536,52.35196],[60.15057,52.34804],[60.14934,52.33423],[60.1414,52.3322],[60.14527,52.32721],[60.14654,52.31759],[60.15196,52.31307],[60.1589,52.31129],[60.15777,52.30196],[60.15473,52.29804],[60.1536,52.28112],[60.15057,52.27721],[60.15,52.27083],[60.15,52.26667],[60.15417,52.26667],[60.15502,52.26335],[60.15833,52.2625],[60.1589,52.26029],[60.16307,52.25491],[60.16193,52.25196],[60.1589,52.24804],[60.15763,52.23842],[60.15221,52.2339],[60.14668,52.23248],[60.14498,52.22585],[60.13815,52.2241],[60.12557,52.21054],[60.125,52.20417],[60.12174,52.2034],[60.1203,52.19898],[60.12595,52.19243],[60.12917,52.19167],[60.12881,52.18924],[60.12535,52.18576],[60.12465,52.18091],[60.11702,52.17326],[60.11631,52.16841],[60.11285,52.16492],[60.1125,52.1625],[60.10833,52.1625],[60.10869,52.16008],[60.11215,52.15659],[60.1125,52.15417],[60.11189,52.13841],[60.10502,52.13665],[60.1036,52.13112],[60.10057,52.12721],[60.09943,52.11862],[60.09527,52.11325],[60.09657,52.10505],[60.10221,52.1036],[60.11029,52.0964],[60.11991,52.09513],[60.12443,52.08971],[60.12557,52.08112],[60.12973,52.07575],[60.1286,52.07279],[60.12557,52.06888],[60.125,52.06667],[60.12464,52.06421],[60.11909,52.05869],[60.11008,52.05798],[60.10659,52.05452],[60.09341,52.05381],[60.08992,52.05035],[60.07917,52.05],[60.07258,52.04965],[60.06492,52.04202],[60.05174,52.04131],[60.04826,52.03785],[60.04412,52.03715],[60.03992,52.04131],[60.0375,52.04167],[60.03693,52.02696],[60.03277,52.02158],[60.0339,52.01862],[60.03693,52.01471],[60.03807,52.01029],[60.0411,52.00638],[60.04223,52.00196],[60.04537,51.99791],[60.03294,51.9845],[60.03971,51.98277],[60.04362,51.97973],[60.04938,51.97826],[60.05,51.96667],[60.05221,51.9661],[60.06029,51.9589],[60.06582,51.95748],[60.06723,51.95196],[60.07027,51.94804],[60.0714,51.93946],[60.08277,51.92721],[60.08333,51.925],[60.08369,51.92258],[60.08715,51.91909],[60.08785,51.91424],[60.09548,51.90659],[60.09619,51.90171],[60.10174,51.89619],[60.10662,51.89548],[60.11215,51.88992],[60.11285,51.88091],[60.11631,51.87742],[60.11667,51.875],[60.11732,51.86763],[60.12279,51.86307],[60.12832,51.86165],[60.12917,51.85833],[60.13333,51.85833],[60.17304,51.8589],[60.17708,51.86203],[60.18259,51.85777],[60.18554,51.8589],[60.18946,51.86193],[60.19388,51.86307],[60.19779,51.8661],[60.20745,51.86738],[60.20925,51.87442],[60.24583,51.875],[60.24668,51.87832],[60.25221,51.87973],[60.26158,51.88808],[60.26307,51.89388],[60.2661,51.89779],[60.26667,51.90417],[60.26757,51.9077],[60.28554,51.9089],[60.29518,51.91764],[60.29583,51.925],[60.29804,51.92443],[60.30612,51.91723],[60.31741,51.9161],[60.32279,51.92027],[60.32721,51.9214],[60.33529,51.9286],[60.34082,51.93002],[60.34167,51.93333],[60.34388,51.9339],[60.34925,51.93807],[60.36888,51.93693],[60.37292,51.9338],[60.37842,51.93807],[60.39909,51.93687],[60.4,51.93333],[60.40057,51.91862],[60.4036,51.91471],[60.40473,51.90196],[60.40777,51.89804],[60.40918,51.89252],[60.41471,51.8911],[60.42009,51.88693],[60.42304,51.88807],[60.42842,51.89223],[60.44388,51.8911],[60.45612,51.87973],[60.46054,51.8786],[60.46446,51.87557],[60.47721,51.87443],[60.48259,51.87027],[60.49388,51.8714],[60.49779,51.87443],[60.50638,51.87557],[60.51029,51.8786],[60.51471,51.87973],[60.51862,51.88277],[60.54804,51.8839],[60.55342,51.88807],[60.55638,51.88693],[60.56029,51.8839],[60.57721,51.88277],[60.58112,51.87973],[60.58554,51.8786],[60.58946,51.87557],[60.6,51.875],[60.60242,51.87535],[60.60591,51.87881],[60.61076,51.87952],[60.61841,51.88715],[60.63333,51.8875],[60.63665,51.88835],[60.6375,51.89167],[60.64082,51.89082],[60.64167,51.8875],[60.64799,51.88688],[60.65201,51.88395],[60.66049,51.88272],[60.66451,51.87978],[60.68253,51.87846],[60.68395,51.86867],[60.68688,51.86466],[60.6875,51.8625],[60.68714,51.86004],[60.68159,51.85452],[60.67917,51.85417],[60.67566,51.85327],[60.67443,51.83871],[60.68138,51.83693],[60.68686,51.83236],[60.68807,51.81592],[60.6839,51.81054],[60.68277,51.80196],[60.67442,51.79259],[60.66741,51.79079],[60.6661,51.78259],[60.67027,51.77721],[60.67083,51.77083],[60.67048,51.76838],[60.66076,51.75869],[60.65417,51.75833],[60.65381,51.75591],[60.65001,51.75208],[60.65452,51.74755],[60.65381,51.73091],[60.65035,51.72742],[60.64964,51.72254],[60.64409,51.71702],[60.62917,51.71667],[60.62573,51.71579],[60.62443,51.7074],[60.63277,51.69804],[60.6339,51.69362],[60.6426,51.68404],[60.65221,51.68277],[60.65473,51.68038],[60.65,51.67917],[60.64964,51.67671],[60.64409,51.67119],[60.63924,51.67048],[60.63576,51.66702],[60.63333,51.66667],[60.63369,51.66424],[60.64131,51.65659],[60.64167,51.65417],[60.64826,51.65381],[60.65174,51.65035],[60.65662,51.64964],[60.66631,51.63992],[60.66667,51.6375],[60.66631,51.63504],[60.66076,51.62952],[60.65174,51.62881],[60.64826,51.62535],[60.63921,51.62464],[60.62952,51.61492],[60.62881,51.61004],[60.62326,51.60452],[60.61841,51.60381],[60.61076,51.59619],[60.60174,51.59548],[60.59409,51.58785],[60.58921,51.58714],[60.58369,51.58159],[60.58333,51.57917],[60.57279,51.57973],[60.56888,51.58277],[60.56175,51.5839],[60.55638,51.57973],[60.54779,51.5786],[60.54388,51.57557],[60.53946,51.57443],[60.53009,51.56608],[60.52832,51.55918],[60.52279,51.55777],[60.51888,51.55473],[60.51667,51.55417],[60.51667,51.55],[60.51998,51.54915],[60.5214,51.54362],[60.52973,51.53427],[60.5286,51.52696],[60.52557,51.52304],[60.52415,51.51752],[60.51725,51.51575],[60.5088,51.50626],[60.51203,51.50208],[60.5089,51.49804],[60.50745,51.49238],[60.49779,51.4911],[60.48554,51.47973],[60.48333,51.47917],[60.48369,51.46841],[60.48785,51.46421],[60.48715,51.46008],[60.48369,51.45659],[60.48333,51.45],[60.48807,51.44879],[60.48693,51.43529],[60.4838,51.43125],[60.48693,51.42721],[60.4882,51.41759],[60.49362,51.41307],[60.49583,51.4125],[60.49675,51.40893],[60.51667,51.40833],[60.5161,51.39362],[60.51297,51.38958],[60.5161,51.38554],[60.51723,51.38112],[60.52443,51.37304],[60.52585,51.36752],[60.53248,51.36582],[60.53333,51.3625],[60.53369,51.34341],[60.53715,51.33992],[60.5375,51.3375],[60.54167,51.3375],[60.54202,51.33091],[60.55035,51.32255],[60.54965,51.31841],[60.54548,51.31421],[60.54619,51.30174],[60.54965,51.29826],[60.55035,51.29341],[60.55415,51.28958],[60.55035,51.28576],[60.55,51.275],[60.56169,51.27431],[60.56333,51.26304],[60.57284,51.25478],[60.57716,51.25355],[60.58117,51.25062],[60.5907,51.24923],[60.59167,51.24583],[60.59131,51.24341],[60.58785,51.23992],[60.58715,51.23091],[60.58369,51.22742],[60.58333,51.225],[60.5826,51.21747],[60.57299,51.20895],[60.56867,51.20772],[60.56466,51.20478],[60.56034,51.20355],[60.55633,51.20062],[60.53534,51.19938],[60.53133,51.19645],[60.52154,51.19503],[60.52022,51.17701],[60.51728,51.17299],[60.51667,51.17083],[60.52025,51.16991],[60.52973,51.15927],[60.5286,51.14362],[60.52557,51.13971],[60.52443,51.13529],[60.52027,51.12991],[60.52208,51.12518],[60.52696,51.1214],[60.53138,51.12027],[60.53529,51.11723],[60.54104,51.11576],[60.54167,51.10417],[60.53821,51.10328],[60.53679,51.09255],[60.53112,51.0911],[60.52597,51.0871],[60.525,51.08333],[60.51008,51.08298],[60.50659,51.07952],[60.4875,51.07917],[60.48418,51.07832],[60.48333,51.075],[60.45612,51.07443],[60.45221,51.0714],[60.44668,51.06998],[60.44527,51.06446],[60.44075,51.05904],[60.43112,51.05777],[60.42721,51.05473],[60.40342,51.0536],[60.39804,51.05777],[60.39092,51.0589],[60.38554,51.05473],[60.375,51.05417],[60.37443,51.05196],[60.3714,51.04804],[60.36993,51.04233],[60.35612,51.0411],[60.35221,51.03807],[60.33529,51.03693],[60.32304,51.02557],[60.31862,51.02443],[60.31471,51.0214],[60.29779,51.02027],[60.29388,51.01723],[60.2875,51.01667],[60.28691,50.99687],[60.26888,50.97973],[60.26446,50.9786],[60.26054,50.97557],[60.25502,50.97415],[60.25332,50.96752],[60.25,50.96667],[60.24668,50.96582],[60.24583,50.9625],[60.24929,50.96161],[60.25071,50.95089],[60.25748,50.94915],[60.2589,50.94362],[60.26193,50.93971],[60.26335,50.93418],[60.26667,50.93333],[60.26912,50.93298],[60.27535,50.92671],[60.27465,50.92258],[60.27085,50.91875],[60.27535,50.91421],[60.27465,50.91008],[60.27119,50.90659],[60.27083,50.89167],[60.26862,50.8911],[60.26471,50.88807],[60.25918,50.88665],[60.25777,50.88112],[60.25325,50.8757],[60.24362,50.87443],[60.23138,50.86307],[60.21862,50.86193],[60.20895,50.85316],[60.20833,50.84167],[60.20741,50.83808],[60.19804,50.82973],[60.19252,50.82832],[60.19167,50.825],[60.18508,50.82465],[60.18159,50.82119],[60.17258,50.82048],[60.16492,50.81285],[60.15833,50.8125],[60.15833,50.80417],[60.15417,50.80417],[60.15328,50.80762],[60.14362,50.8089],[60.13971,50.81193],[60.13675,50.81307],[60.13125,50.8088],[60.12721,50.81193],[60.10833,50.8125],[60.10502,50.81165],[60.10417,50.80833],[60.10085,50.80748],[60.09943,50.80196],[60.09223,50.79388],[60.0911,50.78112],[60.0839,50.77304],[60.08333,50.75],[60.08112,50.74943],[60.06888,50.73807],[60.06446,50.73693],[60.06054,50.7339],[60.03841,50.73271],[60.0375,50.72917],[60.03399,50.72827],[60.03277,50.71446],[60.02973,50.71054],[60.0286,50.70612],[60.02557,50.70221],[60.02443,50.69362],[60.01994,50.68824],[60.01175,50.68693],[60.00638,50.6911],[60.00417,50.69167],[60.00381,50.67674],[59.99619,50.66909],[59.99583,50.66667],[59.98091,50.66631],[59.97742,50.66285],[59.95174,50.66215],[59.94826,50.65869],[59.94341,50.65798],[59.93992,50.65452],[59.9375,50.65417],[59.9366,50.65066],[59.92917,50.65],[59.92855,50.64784],[59.92562,50.64383],[59.92403,50.63827],[59.91347,50.63673],[59.91113,50.62855],[59.90201,50.62978],[59.8963,50.63395],[59.88413,50.63258],[59.88272,50.62284],[59.87978,50.61883],[59.87806,50.6128],[59.86883,50.60478],[59.86034,50.60355],[59.85633,50.60062],[59.85201,50.59938],[59.84799,50.59645],[59.84367,50.59522],[59.83966,50.59228],[59.82167,50.59096],[59.80895,50.57716],[59.80772,50.57284],[59.80062,50.56466],[59.8,50.5625],[59.78091,50.56285],[59.77742,50.56631],[59.7625,50.56667],[59.76184,50.55923],[59.75833,50.55833],[59.74779,50.55777],[59.74388,50.55473],[59.72425,50.5536],[59.71874,50.55787],[59.71054,50.55057],[59.70612,50.54943],[59.70221,50.5464],[59.69779,50.54527],[59.68971,50.53807],[59.68529,50.53693],[59.67618,50.52882],[59.67443,50.52425],[59.67937,50.51789],[59.67832,50.51321],[59.66862,50.51193],[59.66471,50.5089],[59.65196,50.50777],[59.6468,50.50377],[59.64527,50.49779],[59.64017,50.49168],[59.63542,50.49536],[59.63013,50.49127],[59.62832,50.48418],[59.62279,50.48277],[59.61888,50.47973],[59.61029,50.4786],[59.60487,50.47408],[59.6036,50.46446],[59.60057,50.46054],[59.6,50.45833],[59.59758,50.45798],[59.58992,50.45035],[59.58333,50.45],[59.58243,50.45352],[59.56592,50.45473],[59.56054,50.45057],[59.55417,50.45],[59.54758,50.45035],[59.54409,50.45381],[59.53091,50.45452],[59.52742,50.45798],[59.50417,50.45833],[59.48924,50.45798],[59.48159,50.45035],[59.47258,50.44965],[59.46909,50.44619],[59.4625,50.44583],[59.45612,50.4464],[59.45221,50.44943],[59.4384,50.45066],[59.43665,50.45748],[59.43112,50.4589],[59.42721,50.46193],[59.42425,50.46307],[59.41888,50.4589],[59.4074,50.45777],[59.39804,50.4661],[59.39073,50.46723],[59.38138,50.4589],[59.37823,50.45777],[59.36888,50.4661],[59.36667,50.46667],[59.36577,50.47017],[59.35833,50.47083],[59.35748,50.46752],[59.35417,50.46667],[59.3536,50.46446],[59.35057,50.46054],[59.34929,50.45089],[59.34362,50.44943],[59.33138,50.43807],[59.32696,50.43693],[59.32304,50.4339],[59.31343,50.43263],[59.30473,50.42304],[59.30351,50.40923],[59.29642,50.40741],[59.28807,50.39804],[59.2875,50.39583],[59.28847,50.39206],[59.29362,50.38807],[59.2996,50.38653],[59.3036,50.38138],[59.30507,50.37564],[59.32409,50.37436],[59.325,50.37083],[59.32746,50.37048],[59.33298,50.36492],[59.33369,50.34758],[59.33715,50.34409],[59.33785,50.32674],[59.34619,50.31838],[59.34548,50.31424],[59.34202,50.31076],[59.34167,50.30833],[59.36471,50.30777],[59.36862,50.30473],[59.37304,50.3036],[59.37696,50.30057],[59.38661,50.29929],[59.3875,50.29583],[59.38653,50.29206],[59.38138,50.28807],[59.37571,50.28661],[59.37429,50.27589],[59.36862,50.27443],[59.36054,50.26723],[59.3536,50.26545],[59.35473,50.25196],[59.36307,50.2426],[59.36193,50.21862],[59.3589,50.21471],[59.35777,50.21029],[59.35473,50.20638],[59.3536,50.19779],[59.35047,50.19375],[59.35473,50.18825],[59.3536,50.18112],[59.35047,50.17708],[59.3536,50.17304],[59.35473,50.16029],[59.35777,50.15638],[59.35922,50.1507],[59.38112,50.12973],[59.38807,50.12795],[59.38693,50.11862],[59.38277,50.11325],[59.3839,50.11029],[59.38693,50.10638],[59.38807,50.10196],[59.3912,50.09792],[59.38693,50.09241],[59.38807,50.08529],[59.3911,50.08138],[59.39263,50.0754],[59.39779,50.0714],[59.40417,50.07083],[59.40417,50.06667],[59.40381,50.06421],[59.39826,50.05869],[59.38091,50.05798],[59.37742,50.05452],[59.36008,50.05381],[59.35659,50.05035],[59.35171,50.04964],[59.34202,50.03992],[59.34167,50.03333],[59.34167,50.02917],[59.34082,50.02585],[59.33307,50.02386],[59.33693,50.01888],[59.33807,49.99779],[59.3411,49.99388],[59.34167,49.97083],[59.33946,49.97027],[59.33458,49.96649],[59.33277,49.96175],[59.33693,49.95638],[59.33807,49.94925],[59.3338,49.94375],[59.33703,49.93958],[59.3339,49.93554],[59.33277,49.93259],[59.33693,49.92721],[59.33807,49.92425],[59.3339,49.91888],[59.33262,49.90922],[59.32917,49.90833],[59.32881,49.90591],[59.32465,49.90171],[59.32535,49.88091],[59.32881,49.87742],[59.32952,49.87258],[59.33298,49.86909],[59.33333,49.86667],[59.33091,49.86631],[59.32536,49.86079],[59.32465,49.85245],[59.32881,49.84826],[59.32952,49.84412],[59.32535,49.83992],[59.32465,49.83162],[59.32915,49.82708],[59.32535,49.82326],[59.32465,49.81424],[59.30869,49.79826],[59.30833,49.79583],[59.29674,49.79521],[59.29583,49.79167],[59.27696,49.7911],[59.27304,49.78807],[59.26592,49.78693],[59.26054,49.7911],[59.25502,49.79252],[59.25417,49.79583],[59.25196,49.79527],[59.24259,49.78692],[59.24082,49.78002],[59.23418,49.77832],[59.2322,49.77057],[59.22721,49.77443],[59.22009,49.77557],[59.21471,49.7714],[59.20612,49.77027],[59.20221,49.76723],[59.19092,49.7661],[59.18554,49.77027],[59.15,49.77083],[59.15035,49.76008],[59.15869,49.75172],[59.15797,49.74754],[59.14826,49.73785],[59.14338,49.73714],[59.13785,49.73159],[59.13715,49.72674],[59.13369,49.72326],[59.13298,49.71841],[59.12952,49.71492],[59.12917,49.70417],[59.12696,49.7036],[59.12154,49.69908],[59.12012,49.68839],[59.11667,49.6875],[59.11575,49.68392],[59.10638,49.67557],[59.09362,49.67443],[59.08554,49.66723],[59.08112,49.6661],[59.07721,49.66307],[59.06446,49.66193],[59.06054,49.6589],[59.05612,49.65777],[59.05221,49.65473],[59.04647,49.65326],[59.04527,49.63529],[59.0339,49.62304],[59.03333,49.62083],[59.03807,49.61962],[59.03693,49.61029],[59.03277,49.60491],[59.0339,49.59362],[59.03749,49.589],[59.03138,49.5839],[59.02917,49.58333],[59.02585,49.58248],[59.02443,49.57696],[59.0214,49.57304],[59.02083,49.56667],[59.01862,49.5661],[59.01471,49.56307],[59.01029,49.56193],[59.00513,49.55794],[59.00332,49.55085],[58.99779,49.54943],[58.99375,49.5463],[58.98971,49.54943],[58.96862,49.55057],[58.96471,49.5536],[58.95833,49.55417],[58.95743,49.55769],[58.94092,49.5589],[58.93554,49.55473],[58.93002,49.55332],[58.9286,49.54779],[58.92557,49.54388],[58.92443,49.53946],[58.9214,49.53554],[58.92083,49.52917],[58.92168,49.52585],[58.92846,49.52411],[58.92988,49.51339],[58.93665,49.51165],[58.93807,49.50612],[58.94223,49.50075],[58.9411,49.49779],[58.93693,49.49241],[58.93807,49.48529],[58.94943,49.47304],[58.95057,49.46029],[58.9536,49.45638],[58.95473,49.45196],[58.95777,49.44804],[58.95833,49.44583],[58.95777,49.44362],[58.95473,49.43971],[58.95351,49.4259],[58.95,49.425],[58.93091,49.42465],[58.91909,49.41285],[58.91424,49.41215],[58.91076,49.40869],[58.89167,49.40833],[58.89107,49.38842],[58.88418,49.38665],[58.88277,49.38112],[58.87557,49.37304],[58.8741,49.36731],[58.86054,49.35473],[58.85833,49.35417],[58.85591,49.35381],[58.85242,49.35035],[58.84758,49.34965],[58.84409,49.34619],[58.83508,49.34548],[58.83159,49.34202],[58.81841,49.34131],[58.81492,49.33785],[58.79412,49.33715],[58.78992,49.34131],[58.77745,49.34202],[58.77326,49.33785],[58.7625,49.3375],[58.75507,49.33816],[58.75417,49.34167],[58.75326,49.34521],[58.74167,49.34583],[58.74167,49.3375],[58.7424,49.32997],[58.75384,49.32831],[58.75772,49.32299],[58.75895,49.31867],[58.76312,49.31297],[58.76169,49.30513],[58.75482,49.30316],[58.75417,49.28333],[58.75085,49.28248],[58.74911,49.27571],[58.73839,49.27429],[58.7375,49.27083],[58.73091,49.27048],[58.71702,49.25662],[58.71667,49.25417],[58.72299,49.25355],[58.72701,49.25062],[58.73395,49.24863],[58.73264,49.23016],[58.72511,49.22801],[58.72022,49.2213],[58.72145,49.21451],[58.72438,49.21049],[58.72579,49.20079],[58.73812,49.199],[58.73688,49.18534],[58.73389,49.18124],[58.74111,49.17292],[58.73688,49.16714],[58.73812,49.15201],[58.74111,49.14792],[58.73812,49.14383],[58.7375,49.14167],[58.73693,49.13529],[58.7339,49.13138],[58.73277,49.12696],[58.72557,49.11888],[58.72411,49.11321],[58.71446,49.11193],[58.71054,49.1089],[58.70833,49.10833],[58.70869,49.10591],[58.71285,49.10171],[58.71215,49.09341],[58.70833,49.08957],[58.71424,49.08369],[58.71909,49.08298],[58.72258,49.07952],[58.725,49.07917],[58.72721,49.07973],[58.73125,49.08286],[58.73529,49.07973],[58.7491,49.07851],[58.75085,49.07168],[58.75638,49.07027],[58.76029,49.06723],[58.76888,49.0661],[58.77279,49.06307],[58.77721,49.06193],[58.78112,49.0589],[58.79909,49.0577],[58.8,49.05417],[58.80057,49.05196],[58.80473,49.04658],[58.8036,49.04362],[58.79943,49.03825],[58.80074,49.03005],[58.80748,49.02832],[58.80918,49.02168],[58.81627,49.01987],[58.8214,49.01325],[58.81983,49.00914],[58.81316,49.00743],[58.81193,48.99362],[58.8088,48.98958],[58.81193,48.98554],[58.81307,48.96862],[58.8161,48.96471],[58.81667,48.95833],[58.81702,48.95591],[58.82048,48.95242],[58.82083,48.95],[58.82048,48.94758],[58.81702,48.94409],[58.81667,48.93333],[58.8125,48.93333],[58.81153,48.92956],[58.80638,48.92557],[58.80085,48.92415],[58.79943,48.91862],[58.7964,48.91471],[58.79498,48.90918],[58.78812,48.90742],[58.78693,48.88529],[58.7839,48.88138],[58.78212,48.87443],[58.77696,48.87557],[58.77158,48.87973],[58.76446,48.8786],[58.76054,48.87557],[58.74583,48.875],[58.74548,48.85174],[58.73369,48.83992],[58.73298,48.83508],[58.72881,48.83088],[58.72952,48.81841],[58.73715,48.81076],[58.73785,48.79341],[58.74548,48.78576],[58.74583,48.76667],[58.74583,48.7625],[58.74487,48.75873],[58.73971,48.75473],[58.70612,48.7536],[58.70221,48.75057],[58.68529,48.74943],[58.68138,48.7464],[58.67696,48.74527],[58.67158,48.7411],[58.64362,48.74223],[58.63825,48.7464],[58.60925,48.74522],[58.60777,48.73946],[58.60473,48.73554],[58.60327,48.72983],[58.58946,48.7286],[58.58554,48.72557],[58.58112,48.72443],[58.57721,48.7214],[58.55833,48.72083],[58.55798,48.71424],[58.55452,48.71076],[58.55417,48.70833],[58.55417,48.69583],[58.55748,48.69498],[58.55833,48.69167],[58.55798,48.68924],[58.55381,48.68505],[58.55452,48.68091],[58.56285,48.67255],[58.56215,48.65591],[58.55869,48.65242],[58.55833,48.64583],[58.55748,48.64252],[58.55058,48.64075],[58.54223,48.63138],[58.54096,48.62172],[58.53373,48.61987],[58.52973,48.61471],[58.52917,48.60417],[58.52585,48.60332],[58.52415,48.59668],[58.52083,48.59583],[58.52027,48.59362],[58.51723,48.58971],[58.51596,48.58005],[58.5125,48.57917],[58.51285,48.57674],[58.51702,48.57255],[58.51631,48.56841],[58.51285,48.56492],[58.5125,48.5625],[58.51215,48.54338],[58.50659,48.53785],[58.5,48.5375],[58.49965,48.53091],[58.49619,48.52742],[58.49583,48.5125],[58.49493,48.50899],[58.4875,48.50833],[58.48307,48.5072],[58.48693,48.50221],[58.48807,48.48675],[58.4839,48.48138],[58.48277,48.47425],[58.48693,48.46888],[58.48807,48.46573],[58.47858,48.45509],[58.475,48.45417],[58.475,48.45],[58.47535,48.44341],[58.47915,48.43958],[58.47535,48.43576],[58.475,48.43333],[58.47464,48.43088],[58.46492,48.42119],[58.46008,48.42048],[58.45659,48.41702],[58.45174,48.41631],[58.44826,48.41285],[58.44338,48.41214],[58.43785,48.40659],[58.43715,48.39758],[58.43369,48.39409],[58.43333,48.39167],[58.43333,48.38333],[58.43333,48.37083],[58.43333,48.3625],[58.4375,48.3625],[58.43715,48.35591],[58.43369,48.35242],[58.43298,48.34758],[58.42952,48.34409],[58.42917,48.3375],[58.42696,48.33693],[58.42149,48.33237],[58.42017,48.31757],[58.41667,48.31667],[58.41667,48.29583],[58.41667,48.29167],[58.41424,48.29131],[58.40833,48.28543],[58.41215,48.28159],[58.4125,48.27917],[58.41307,48.27279],[58.41723,48.26741],[58.4161,48.26446],[58.41297,48.26042],[58.41723,48.25491],[58.41593,48.24671],[58.40918,48.24498],[58.40833,48.24167],[58.40748,48.23835],[58.40417,48.2375],[58.40452,48.23091],[58.40798,48.22742],[58.40833,48.225],[58.40833,48.21667],[58.41165,48.21582],[58.4125,48.2125],[58.41578,48.21173],[58.41715,48.20733],[58.41303,48.20225],[58.4125,48.19167],[58.41165,48.18835],[58.40833,48.1875],[58.40174,48.18715],[58.39826,48.18369],[58.39341,48.18298],[58.38992,48.17952],[58.3875,48.17917],[58.38785,48.17674],[58.39131,48.17326],[58.39202,48.16841],[58.39548,48.16492],[58.39583,48.1625],[58.39915,48.16165],[58.4,48.15833],[58.4,48.15417],[58.39965,48.13924],[58.39168,48.13125],[58.39965,48.12326],[58.40035,48.11841],[58.40452,48.11421],[58.40381,48.11008],[58.40035,48.10659],[58.39965,48.08922],[58.38992,48.07952],[58.38508,48.07881],[58.38088,48.07465],[58.37674,48.07535],[58.3729,48.07917],[58.36702,48.07326],[58.36631,48.06424],[58.36285,48.06076],[58.3625,48.05417],[58.36215,48.05174],[58.35869,48.04826],[58.35798,48.04341],[58.35035,48.03576],[58.34965,48.02674],[58.34619,48.02326],[58.34583,48.02083],[58.3464,48.01446],[58.3911,47.96888],[58.39223,47.96446],[58.40003,47.9557],[58.39388,47.95057],[58.38529,47.94943],[58.38138,47.9464],[58.37443,47.94462],[58.37566,47.93007],[58.3839,47.92795],[58.38277,47.92279],[58.3786,47.91741],[58.38052,47.9124],[58.38529,47.9161],[58.41471,47.91723],[58.41862,47.92027],[58.425,47.92083],[58.42917,47.92083],[58.43008,47.91729],[58.44167,47.91667],[58.44583,47.91667],[58.44548,47.90174],[58.44202,47.89826],[58.44131,47.89338],[58.43576,47.88785],[58.43091,47.88715],[58.41909,47.87535],[58.40174,47.87465],[58.39826,47.87119],[58.38924,47.87048],[58.38576,47.86702],[58.37671,47.86631],[58.37119,47.86076],[58.37048,47.85591],[58.36702,47.85242],[58.36631,47.84758],[58.36285,47.84409],[58.36215,47.83924],[58.35452,47.83159],[58.35381,47.82674],[58.35035,47.82326],[58.35,47.82083],[58.35,47.8125],[58.34915,47.80918],[58.34362,47.80777],[58.33971,47.80473],[58.33112,47.8036],[58.32721,47.80057],[58.29167,47.8],[58.29082,47.79668],[58.28418,47.79498],[58.28248,47.78835],[58.27696,47.78693],[58.27304,47.7839],[58.24779,47.78277],[58.24388,47.77973],[58.2379,47.7782],[58.2339,47.77304],[58.23277,47.76862],[58.22964,47.76458],[58.23277,47.76054],[58.23418,47.75502],[58.2375,47.75417],[58.23786,47.75171],[58.24341,47.74619],[58.24583,47.74583],[58.24498,47.74252],[58.23835,47.74082],[58.2375,47.7375],[58.23418,47.73665],[58.23333,47.73333],[58.23369,47.73091],[58.23715,47.72742],[58.2375,47.725],[58.24167,47.725],[58.26575,47.72441],[58.26757,47.71731],[58.28112,47.70473],[58.32083,47.70417],[58.32174,47.70065],[58.33529,47.68807],[58.34388,47.68693],[58.34779,47.6839],[58.35221,47.68277],[58.36446,47.6714],[58.37304,47.67027],[58.38529,47.6589],[58.39223,47.65712],[58.3911,47.65196],[58.38297,47.64283],[58.39223,47.64045],[58.3911,47.63112],[58.3839,47.62304],[58.38333,47.62083],[58.38091,47.62048],[58.37742,47.61702],[58.375,47.61667],[58.37279,47.6161],[58.36254,47.6068],[58.3661,47.60221],[58.36723,47.58259],[58.3621,47.57597],[58.3538,47.57384],[58.36204,47.56459],[58.35794,47.5593],[58.35417,47.55833],[58.35066,47.55743],[58.35,47.55],[58.35072,47.54265],[58.35841,47.54045],[58.35478,47.53549],[58.35355,47.47701],[58.35062,47.47299],[58.34919,47.46316],[58.32917,47.4625],[58.32994,47.45494],[58.34554,47.45335],[58.34936,47.44797],[58.35064,47.4437],[58.35352,47.43964],[58.3552,47.43408],[58.3625,47.43333],[58.36314,47.4312],[58.36602,47.42714],[58.36731,47.4187],[58.37019,47.41464],[58.37155,47.39244],[58.37917,47.39167],[58.3785,47.35502],[58.3687,47.35352],[58.36464,47.35064],[58.35084,47.34924],[58.34936,47.33953],[58.34648,47.33547],[58.34509,47.31744],[58.3312,47.31602],[58.31464,47.30064],[58.3125,47.3],[58.31215,47.29758],[58.30381,47.28922],[58.30452,47.28508],[58.30869,47.28088],[58.30798,47.27255],[58.30242,47.26702],[58.29758,47.26631],[58.29409,47.26285],[58.29167,47.2625],[58.29167,47.24583],[58.28724,47.2447],[58.2911,47.23971],[58.29167,47.2375],[58.29202,47.23508],[58.29619,47.23088],[58.29548,47.22674],[58.29202,47.22326],[58.29131,47.20588],[58.27326,47.18785],[58.26008,47.18715],[58.25242,47.17952],[58.24341,47.17881],[58.23992,47.17535],[58.23508,47.17465],[58.22742,47.16702],[58.22254,47.16631],[58.21285,47.15659],[58.2125,47.15417],[58.21008,47.15452],[58.20659,47.15798],[58.1875,47.15833],[58.18684,47.15096],[58.18138,47.1464],[58.17566,47.14493],[58.17434,47.13013],[58.16888,47.12557],[58.16446,47.12443],[58.1551,47.1161],[58.15196,47.11723],[58.14658,47.1214],[58.13839,47.1201],[58.1339,47.11471],[58.13263,47.1051],[58.12304,47.0964],[58.11706,47.09487],[58.11307,47.08971],[58.11158,47.08393],[58.09167,47.08333],[58.09131,47.07674],[58.08785,47.07326],[58.08715,47.03505],[58.06492,47.01285],[58.0625,47.0125]]]]}},{"type":"Feature","properties":{"HYBAS_ID":4020050220,"NEXT_DOWN":0,"NEXT_SINK":4020050220,"MAIN_BAS":4020050220,"DIST_SINK":0.0,"DIST_MAIN":0.0,"SUB_AREA":2320333.3,"UP_AREA":2320333.3,"PFAF_ID":46,"SIDE":"M","LAKE":0,"ENDO":2,"COAST":0,"ORDER":1,"SORT":7,"SRC_TILE":"as","UZB_KM2":376504.76840494236,"UZB_PCT":16.195226063922362},"geometry":{"type":"MultiPolygon","coordinates":[[[[61.85417,51.52917],[61.85452,51.53576],[61.85798,51.53924],[61.85833,51.54167],[61.86492,51.54202],[61.86841,51.54548],[61.88576,51.54619],[61.89548,51.55588],[61.89583,51.5625],[61.89645,51.56466],[61.89938,51.56867],[61.90062,51.57299],[61.90355,51.57701],[61.90478,51.58133],[61.90772,51.58534],[61.90926,51.59074],[61.91574,51.59259],[61.91759,51.59907],[61.92419,51.60096],[61.92562,51.6088],[61.92145,51.61451],[61.92022,51.62716],[61.91728,51.63117],[61.91598,51.65336],[61.90617,51.65478],[61.90216,51.65772],[61.89246,51.65913],[61.89105,51.66883],[61.88812,51.67284],[61.8875,51.675],[61.8875,51.68333],[61.88835,51.68665],[61.89388,51.68807],[61.89779,51.6911],[61.90745,51.69238],[61.90833,51.69583],[61.9125,51.69583],[61.91582,51.69498],[61.91667,51.69167],[61.91702,51.68924],[61.92048,51.68576],[61.92083,51.67917],[61.93141,51.67864],[61.94058,51.6703],[61.94391,51.67136],[61.94775,51.67447],[61.95225,51.67553],[61.95609,51.67864],[61.97308,51.6797],[61.98171,51.68753],[61.98803,51.68018],[61.98697,51.67275],[61.98303,51.66789],[61.98863,51.66614],[62.00192,51.67864],[62.00833,51.67917],[62.01076,51.67881],[62.01912,51.67048],[62.03576,51.67119],[62.03924,51.67465],[62.05659,51.67535],[62.06079,51.67952],[62.06492,51.67881],[62.07258,51.67119],[62.07917,51.67083],[62.08558,51.67136],[62.09067,51.67548],[62.09506,51.67411],[62.0966,51.66758],[62.10094,51.66614],[62.10609,51.6703],[62.13141,51.67136],[62.13542,51.6746],[62.13942,51.67136],[62.15094,51.6703],[62.15609,51.67447],[62.16058,51.67553],[62.16591,51.68011],[62.16667,51.68333],[62.17721,51.6839],[62.18259,51.68807],[62.20221,51.68693],[62.20625,51.6838],[62.21042,51.68703],[62.21592,51.68277],[62.22412,51.68407],[62.22621,51.69223],[62.23971,51.6911],[62.24362,51.68807],[62.24583,51.6875],[62.24619,51.67674],[62.25381,51.66909],[62.25452,51.66424],[62.26215,51.65659],[62.2625,51.65],[62.27083,51.65],[62.27415,51.64915],[62.275,51.64583],[62.275,51.62917],[62.28159,51.62881],[62.28508,51.62535],[62.2875,51.625],[62.30245,51.62465],[62.30798,51.61909],[62.30869,51.61421],[62.31424,51.60869],[62.32742,51.60798],[62.33091,51.60452],[62.33992,51.60381],[62.34412,51.59965],[62.35659,51.60035],[62.36008,51.60381],[62.37326,51.60452],[62.37745,51.60869],[62.38576,51.60798],[62.38924,51.60452],[62.39167,51.60417],[62.39498,51.60332],[62.39583,51.6],[62.40659,51.59965],[62.41424,51.59202],[62.425,51.59167],[62.42742,51.59202],[62.43091,51.59548],[62.44167,51.59583],[62.45326,51.59521],[62.45473,51.58946],[62.45777,51.58554],[62.45922,51.57988],[62.46888,51.5786],[62.47279,51.57557],[62.47721,51.57443],[62.48112,51.5714],[62.49902,51.5702],[62.5036,51.56471],[62.50482,51.55096],[62.51029,51.5464],[62.5125,51.54583],[62.52714,51.54648],[62.53301,51.55064],[62.5563,51.54936],[62.56036,51.54648],[62.56464,51.54519],[62.57051,51.54102],[62.57714,51.54231],[62.58301,51.54648],[62.58964,51.54519],[62.59496,51.54142],[62.59675,51.55898],[62.6188,51.55769],[62.62286,51.55481],[62.63547,51.55352],[62.63953,51.55064],[62.65367,51.5492],[62.66186,51.53964],[62.66342,51.52436],[62.67714,51.52564],[62.6812,51.52852],[62.68547,51.52981],[62.69134,51.53398],[62.71146,51.53262],[62.71395,51.52436],[62.72714,51.52564],[62.73125,51.52856],[62.73718,51.52436],[62.7438,51.52564],[62.74786,51.52852],[62.7563,51.52981],[62.76603,51.53814],[62.77456,51.53656],[62.78686,51.52297],[62.7875,51.52083],[62.78996,51.52119],[62.79548,51.52674],[62.79619,51.53162],[62.80174,51.53715],[62.80833,51.5375],[62.81076,51.53785],[62.81841,51.54548],[62.86076,51.54619],[62.86458,51.54999],[62.86912,51.54548],[62.87742,51.54619],[62.88508,51.55381],[62.88992,51.55452],[62.89341,51.55798],[62.89583,51.55833],[62.89808,51.55886],[62.90192,51.56197],[62.91058,51.56303],[62.91442,51.56614],[62.92725,51.5672],[62.93239,51.57136],[62.93673,51.56992],[62.9375,51.56667],[62.94409,51.56631],[62.94758,51.56285],[62.95,51.5625],[62.95221,51.56307],[62.96029,51.57027],[62.96471,51.5714],[62.97406,51.57973],[63.00638,51.5786],[63.01029,51.57557],[63.01601,51.5741],[63.01667,51.56667],[63.01888,51.5661],[63.02386,51.56224],[63.02589,51.57012],[63.03554,51.5714],[63.03946,51.57443],[63.05221,51.57557],[63.05612,51.5786],[63.06667,51.57917],[63.06998,51.58002],[63.0714,51.58554],[63.07443,51.58946],[63.07557,51.59804],[63.07956,51.6032],[63.08554,51.60473],[63.0907,51.60873],[63.09223,51.61471],[63.09527,51.61862],[63.09668,51.62415],[63.10332,51.62585],[63.10417,51.62917],[63.11054,51.62973],[63.11446,51.63277],[63.12721,51.6339],[63.13112,51.63693],[63.15326,51.63812],[63.15509,51.64525],[63.16573,51.65473],[63.17304,51.6536],[63.17696,51.65057],[63.18554,51.64943],[63.18946,51.6464],[63.19804,51.64527],[63.20342,51.6411],[63.20638,51.64223],[63.21029,51.64527],[63.21888,51.6464],[63.22279,51.64943],[63.23138,51.65057],[63.23542,51.6537],[63.24053,51.64974],[63.24223,51.65638],[63.24527,51.66029],[63.24647,51.67826],[63.25221,51.67973],[63.26029,51.68693],[63.2625,51.6875],[63.26667,51.6875],[63.26726,51.69473],[63.27807,51.7047],[63.28256,51.70327],[63.28333,51.7],[63.28554,51.69943],[63.29092,51.69527],[63.29502,51.69684],[63.2964,51.70221],[63.29943,51.70612],[63.30071,51.71578],[63.30638,51.71723],[63.31029,51.72027],[63.32304,51.7214],[63.32696,51.72443],[63.33138,51.72557],[63.34362,51.73693],[63.34583,51.7375],[63.34826,51.73785],[63.35174,51.74131],[63.35417,51.74167],[63.37424,51.74237],[63.37587,51.76316],[63.39379,51.76184],[63.39975,51.75768],[63.40629,51.75899],[63.41225,51.76316],[63.41879,51.76184],[63.42475,51.75768],[63.42712,51.75899],[63.43125,51.76187],[63.43725,51.75768],[63.43962,51.75899],[63.44559,51.76316],[63.45729,51.76172],[63.45899,51.75621],[63.46184,51.75212],[63.46316,51.74788],[63.46604,51.74375],[63.46184,51.73775],[63.46516,51.73175],[63.46871,51.72982],[63.475,51.72917],[63.47535,51.72258],[63.47952,51.71838],[63.47881,51.70174],[63.47535,51.69826],[63.475,51.67917],[63.48576,51.67881],[63.48924,51.67535],[63.50242,51.67465],[63.50591,51.67119],[63.54826,51.67048],[63.55174,51.66702],[63.55417,51.66667],[63.5536,51.66446],[63.54223,51.65221],[63.54077,51.64651],[63.52304,51.62973],[63.51725,51.62825],[63.50777,51.6176],[63.5089,51.61029],[63.51193,51.60638],[63.51307,51.60196],[63.51723,51.59658],[63.5161,51.58112],[63.51307,51.57721],[63.51165,51.57168],[63.50612,51.57027],[63.50221,51.56723],[63.49255,51.56596],[63.49167,51.5625],[63.49244,51.55494],[63.5063,51.55352],[63.51037,51.55064],[63.52297,51.54936],[63.53537,51.53814],[63.54169,51.53624],[63.54519,51.5313],[63.54583,51.52917],[63.54826,51.52952],[63.55245,51.53369],[63.55659,51.53298],[63.56079,51.52881],[63.56492,51.52952],[63.56841,51.53298],[63.58333,51.53333],[63.58549,51.53395],[63.5912,51.53812],[63.59799,51.53688],[63.60201,51.53395],[63.61466,51.53272],[63.61867,51.52978],[63.62299,51.52855],[63.6287,51.52438],[63.63133,51.52562],[63.64503,51.53812],[63.64912,51.53641],[63.65062,51.53117],[63.65772,51.52299],[63.65949,51.51678],[63.66451,51.51312],[63.68253,51.51179],[63.6841,51.50097],[63.68966,51.49938],[63.69536,51.49522],[63.70216,51.49645],[63.70617,51.49938],[63.70833,51.5],[63.7089,51.49779],[63.71307,51.49241],[63.71176,51.48421],[63.70612,51.48277],[63.70221,51.47973],[63.69362,51.4786],[63.68971,51.47557],[63.68529,51.47443],[63.68138,51.4714],[63.66349,51.4702],[63.65473,51.46054],[63.65417,51.44583],[63.66076,51.44619],[63.66424,51.44965],[63.66667,51.45],[63.67826,51.44938],[63.68002,51.44252],[63.68807,51.44045],[63.68669,51.4342],[63.68333,51.43333],[63.68333,51.42917],[63.68739,51.42801],[63.69105,51.42299],[63.69228,51.41867],[63.69522,51.41466],[63.69682,51.40905],[63.71049,51.40772],[63.71451,51.40478],[63.73253,51.40346],[63.7341,51.39264],[63.73966,51.39105],[63.74367,51.38812],[63.75,51.3875],[63.76471,51.38807],[63.76862,51.3911],[63.79909,51.39227],[63.8,51.39583],[63.81471,51.3964],[63.81875,51.39953],[63.82279,51.3964],[63.85638,51.39527],[63.86175,51.3911],[63.86626,51.39283],[63.8786,51.40612],[63.87973,51.41471],[63.88277,51.41862],[63.88418,51.42415],[63.8875,51.425],[63.88835,51.42832],[63.89388,51.42973],[63.89779,51.43277],[63.90221,51.4339],[63.90612,51.43693],[63.91888,51.43807],[63.92279,51.4411],[63.92721,51.44223],[63.93259,51.4464],[63.94388,51.44527],[63.94925,51.4411],[63.95638,51.44223],[63.96446,51.44943],[63.97304,51.45057],[63.98112,51.45777],[63.98554,51.4589],[63.98946,51.46193],[64.0,51.4625],[64.00077,51.45922],[64.00517,51.45785],[64.01156,51.46303],[64.03141,51.46197],[64.03656,51.4578],[64.05225,51.45886],[64.05625,51.4621],[64.06025,51.45886],[64.06891,51.4578],[64.07275,51.4547],[64.07725,51.45364],[64.08942,51.4422],[64.09808,51.44114],[64.10208,51.4379],[64.10609,51.44114],[64.12725,51.4422],[64.13109,51.4453],[64.14391,51.44636],[64.14775,51.44947],[64.16058,51.45053],[64.16442,51.45364],[64.17725,51.4547],[64.18109,51.4578],[64.19583,51.45833],[64.20336,51.4576],[64.20496,51.44663],[64.21466,51.44522],[64.22036,51.44105],[64.23549,51.44228],[64.23951,51.44522],[64.28133,51.44645],[64.28534,51.44938],[64.29799,51.45062],[64.30617,51.45772],[64.32716,51.45895],[64.33117,51.46188],[64.35633,51.46312],[64.36034,51.46605],[64.3625,51.46667],[64.36309,51.49075],[64.36998,51.49252],[64.37172,51.49929],[64.38138,51.50057],[64.38529,51.5036],[64.39103,51.50507],[64.3923,51.52402],[64.39779,51.5286],[64.40221,51.52973],[64.41029,51.53693],[64.4125,51.5375],[64.43138,51.53693],[64.43675,51.53277],[64.44388,51.5339],[64.45323,51.54223],[64.46054,51.5411],[64.46446,51.53807],[64.46888,51.53693],[64.47279,51.5339],[64.47851,51.53243],[64.47917,51.525],[64.50315,51.52559],[64.50777,51.53112],[64.5089,51.53554],[64.51193,51.53946],[64.51335,51.54498],[64.51888,51.5464],[64.52425,51.55057],[64.53244,51.54926],[64.53693,51.54388],[64.5375,51.54167],[64.55221,51.5411],[64.55612,51.53807],[64.56325,51.53693],[64.56862,51.5411],[64.58138,51.54223],[64.58529,51.54527],[64.61471,51.5464],[64.61862,51.54943],[64.62828,51.55071],[64.62917,51.55417],[64.6438,51.55352],[64.64786,51.55064],[64.66184,51.54922],[64.69519,51.51464],[64.69661,51.50071],[64.72297,51.49936],[64.72884,51.49519],[64.73547,51.49648],[64.73953,51.49936],[64.77297,51.50064],[64.77703,51.50352],[64.78333,51.50417],[64.78971,51.5036],[64.80732,51.48693],[64.81471,51.48807],[64.82009,51.49223],[64.82721,51.4911],[64.83112,51.48807],[64.83554,51.48693],[64.8449,51.4786],[64.85221,51.47973],[64.85759,51.4839],[64.86054,51.48277],[64.86446,51.47973],[64.86998,51.47832],[64.87083,51.475],[64.88333,51.475],[64.8839,51.48554],[64.89527,51.49779],[64.8964,51.50221],[64.93823,51.54495],[64.94388,51.5464],[64.95196,51.5536],[64.95748,51.55502],[64.95833,51.55833],[65.00659,51.55798],[65.01008,51.55452],[65.01492,51.55381],[65.02258,51.54619],[65.02742,51.54548],[65.03091,51.54202],[65.03576,51.54131],[65.03924,51.53785],[65.04412,51.53714],[65.05381,51.52742],[65.05452,51.51841],[65.05798,51.51492],[65.05833,51.5125],[65.08159,51.51215],[65.08508,51.50869],[65.09583,51.50833],[65.09826,51.50869],[65.10174,51.51215],[65.10659,51.51285],[65.11008,51.51631],[65.1125,51.51667],[65.11285,51.51909],[65.11631,51.52258],[65.11702,51.52742],[65.12048,51.53091],[65.12083,51.53333],[65.12172,51.53679],[65.13138,51.53807],[65.13529,51.5411],[65.14804,51.54223],[65.15196,51.54527],[65.16161,51.54654],[65.16307,51.55221],[65.1661,51.55612],[65.16763,51.5621],[65.17279,51.5661],[65.17721,51.56723],[65.18112,51.57027],[65.21054,51.5714],[65.21446,51.57443],[65.225,51.575],[65.22557,51.58138],[65.2286,51.58529],[65.22973,51.58971],[65.23693,51.59779],[65.23835,51.60332],[65.24517,51.60507],[65.24583,51.6125],[65.25742,51.61188],[65.25833,51.60833],[65.2595,51.60377],[65.27279,51.6161],[65.27721,51.61723],[65.28112,51.62027],[65.28692,51.62175],[65.29527,51.63112],[65.29672,51.63679],[65.30638,51.63807],[65.31029,51.6411],[65.3125,51.64167],[65.31307,51.63946],[65.3161,51.63554],[65.31788,51.6286],[65.34076,51.62979],[65.34255,51.63679],[65.35221,51.63807],[65.36029,51.64527],[65.36667,51.64583],[65.38138,51.6464],[65.38946,51.6536],[65.39388,51.65473],[65.39779,51.65777],[65.41569,51.65897],[65.42027,51.66446],[65.42205,51.6714],[65.42721,51.67027],[65.43529,51.66307],[65.43971,51.66193],[65.44362,51.6589],[65.46471,51.65777],[65.47009,51.6536],[65.48138,51.65473],[65.48542,51.65786],[65.48946,51.65473],[65.49388,51.6536],[65.49792,51.65047],[65.50208,51.6537],[65.50759,51.64943],[65.51579,51.65074],[65.51788,51.6589],[65.52721,51.65777],[65.53112,51.65473],[65.53554,51.6536],[65.53946,51.65057],[65.54911,51.64929],[65.55057,51.64362],[65.5536,51.63971],[65.55502,51.63418],[65.55833,51.63333],[65.55772,51.61867],[65.55478,51.61466],[65.55355,51.61034],[65.55062,51.60633],[65.54938,51.60201],[65.54645,51.59799],[65.54513,51.57997],[65.53431,51.5784],[65.53333,51.575],[65.53369,51.57258],[65.53715,51.56909],[65.53785,51.56008],[65.54202,51.55588],[65.54131,51.55174],[65.53785,51.54826],[65.5375,51.53333],[65.53418,51.53248],[65.53277,51.52696],[65.50473,51.49804],[65.50332,51.49252],[65.49668,51.49082],[65.49527,51.48529],[65.46723,51.45638],[65.4661,51.45196],[65.4589,51.44388],[65.45833,51.44167],[65.45918,51.43835],[65.46471,51.43693],[65.47279,51.42973],[65.47721,51.4286],[65.49779,51.4089],[65.5,51.40833],[65.5,51.40417],[65.51054,51.4036],[65.51446,51.40057],[65.54388,51.39943],[65.54779,51.3964],[65.57721,51.39527],[65.58112,51.39223],[65.58971,51.3911],[65.59362,51.38807],[65.59942,51.38658],[65.60777,51.37721],[65.60918,51.37168],[65.6125,51.37083],[65.61285,51.36008],[65.61631,51.35659],[65.61667,51.35417],[65.61667,51.35],[65.64826,51.34965],[65.65245,51.34548],[65.66492,51.34619],[65.66841,51.34965],[65.67326,51.35035],[65.67674,51.35381],[65.69409,51.35452],[65.69758,51.35798],[65.725,51.35833],[65.72742,51.35798],[65.73091,51.35452],[65.74409,51.35381],[65.74758,51.35035],[65.75242,51.34965],[65.75591,51.34619],[65.77083,51.34583],[65.77415,51.34498],[65.775,51.34167],[65.77852,51.34076],[65.7911,51.32721],[65.79257,51.32149],[65.8,51.32083],[65.80057,51.30612],[65.80473,51.30075],[65.8036,51.28529],[65.80057,51.28138],[65.79915,51.27585],[65.79583,51.275],[65.79527,51.26862],[65.79223,51.26471],[65.7911,51.26029],[65.78807,51.25638],[65.78693,51.23946],[65.7839,51.23554],[65.78277,51.23112],[65.77973,51.22721],[65.77846,51.21755],[65.775,51.21667],[65.77465,51.18924],[65.77119,51.18576],[65.77083,51.175],[65.77326,51.17465],[65.78508,51.16285],[65.7875,51.1625],[65.78827,51.15922],[65.79267,51.15785],[65.79775,51.16197],[65.80641,51.16303],[65.81042,51.16627],[65.81573,51.16197],[65.83141,51.16303],[65.83525,51.16614],[65.83975,51.1672],[65.84359,51.1703],[65.86667,51.17083],[65.87326,51.17048],[65.87674,51.16702],[65.87917,51.16667],[65.9,51.16667],[65.90121,51.16265],[65.91037,51.15481],[65.9188,51.15352],[65.92287,51.15064],[65.94507,51.14928],[65.94936,51.1438],[65.95064,51.13537],[65.95352,51.1313],[65.9552,51.12574],[65.97108,51.12412],[65.96602,51.11699],[65.96749,51.10464],[65.97703,51.09648],[65.98259,51.0948],[65.98398,51.0812],[65.98686,51.07713],[65.98814,51.07287],[65.99102,51.0688],[65.99231,51.06453],[65.99519,51.06047],[65.99583,51.05],[65.99548,51.04758],[65.99202,51.04409],[65.99167,51.04167],[65.99167,51.0375],[65.98924,51.03715],[65.98576,51.03369],[65.98091,51.03298],[65.97742,51.02952],[65.975,51.02917],[65.97464,51.02671],[65.96076,51.01285],[65.95833,51.0125],[65.95777,51.01029],[65.95473,51.00638],[65.9536,50.98946],[65.95057,50.98554],[65.94929,50.97589],[65.94583,50.975],[65.94583,50.9625],[65.95057,50.96129],[65.94943,50.95612],[65.94527,50.95075],[65.9464,50.93112],[65.9536,50.92304],[65.95473,50.91029],[65.9586,50.9053],[65.95196,50.9036],[65.94804,50.90057],[65.94583,50.9],[65.94619,50.89758],[65.94965,50.89409],[65.95,50.87917],[65.95332,50.87832],[65.95417,50.875],[65.97326,50.87535],[65.97674,50.87881],[65.98159,50.87952],[65.98508,50.88298],[65.99409,50.88369],[65.99758,50.88715],[66.00242,50.88785],[66.00662,50.89202],[66.01492,50.89131],[66.01841,50.88785],[66.04826,50.88715],[66.05245,50.88298],[66.05659,50.88369],[66.06008,50.88715],[66.0625,50.8875],[66.06888,50.88807],[66.07279,50.8911],[66.07832,50.89252],[66.07917,50.89583],[66.08159,50.89619],[66.08508,50.89965],[66.0875,50.9],[66.08842,50.89641],[66.14167,50.89583],[66.14202,50.89341],[66.15381,50.88159],[66.15417,50.87917],[66.17326,50.87952],[66.17745,50.88369],[66.21076,50.88298],[66.21424,50.87952],[66.22326,50.87881],[66.22674,50.87535],[66.24412,50.87465],[66.24965,50.86909],[66.25,50.86667],[66.28159,50.86631],[66.28508,50.86285],[66.29409,50.86215],[66.29829,50.85798],[66.32326,50.85869],[66.32674,50.86215],[66.34826,50.86285],[66.35174,50.86631],[66.40417,50.86667],[66.40659,50.86631],[66.41008,50.86285],[66.42326,50.86215],[66.42745,50.85798],[66.43576,50.85869],[66.43958,50.86249],[66.44341,50.85869],[66.45242,50.85798],[66.45591,50.85452],[66.45833,50.85417],[66.47326,50.85381],[66.47674,50.85035],[66.48576,50.84965],[66.48924,50.84619],[66.49583,50.84583],[66.50417,50.84583],[66.50502,50.84252],[66.50833,50.84167],[66.50869,50.83921],[66.51424,50.83369],[66.51667,50.83333],[66.51582,50.83002],[66.5125,50.82917],[66.51215,50.82258],[66.50035,50.81076],[66.49965,50.80591],[66.49619,50.80242],[66.49583,50.79583],[66.49362,50.79527],[66.48971,50.79223],[66.48404,50.79078],[66.48262,50.78005],[66.47917,50.77917],[66.47832,50.77585],[66.475,50.775],[66.47465,50.77258],[66.46702,50.76492],[66.46631,50.76008],[66.46285,50.75659],[66.46215,50.75174],[66.45035,50.73992],[66.44965,50.73508],[66.44619,50.73159],[66.44548,50.72674],[66.44202,50.72326],[66.44131,50.71841],[66.42952,50.70659],[66.42917,50.70417],[66.43248,50.70332],[66.43424,50.69648],[66.44779,50.6839],[66.46471,50.68277],[66.47696,50.6714],[66.48661,50.67012],[66.48842,50.66308],[66.49779,50.65473],[66.54063,50.65357],[66.5536,50.63971],[66.55506,50.63401],[66.57279,50.61723],[66.575,50.61667],[66.57535,50.61008],[66.58298,50.60242],[66.58333,50.6],[66.58576,50.60035],[66.58924,50.60381],[66.61667,50.60417],[66.63333,50.60417],[66.63576,50.60452],[66.63924,50.60798],[66.65242,50.60869],[66.65591,50.61215],[66.68576,50.61285],[66.68924,50.61631],[66.70417,50.61667],[66.70833,50.61667],[66.70918,50.61998],[66.71471,50.6214],[66.71862,50.62443],[66.72304,50.62557],[66.72696,50.6286],[66.73554,50.62973],[66.73946,50.63277],[66.75638,50.6339],[66.76029,50.63693],[66.77304,50.63807],[66.78124,50.64537],[66.78529,50.64223],[66.79223,50.64045],[66.7911,50.63529],[66.78693,50.62991],[66.78824,50.62173],[66.79904,50.61193],[66.80221,50.61307],[66.80612,50.6161],[66.84804,50.61723],[66.86151,50.62973],[66.88138,50.6286],[66.88529,50.62557],[66.89583,50.625],[66.8968,50.62123],[66.90196,50.61723],[66.91161,50.61596],[66.9125,50.6125],[66.91471,50.61307],[66.91875,50.6162],[66.92279,50.61307],[66.93971,50.61193],[66.94362,50.6089],[66.94915,50.60748],[66.95121,50.59943],[66.96054,50.60057],[66.96592,50.60473],[66.96888,50.6036],[66.97279,50.60057],[66.98554,50.59943],[66.99362,50.59223],[67.00735,50.59101],[67.03693,50.56054],[67.03842,50.55475],[67.04779,50.5464],[67.05,50.54583],[67.04915,50.54252],[67.04362,50.5411],[67.03971,50.53807],[67.0375,50.5375],[67.03529,50.53693],[67.03138,50.5339],[67.02696,50.53277],[67.02304,50.52973],[67.01862,50.5286],[67.01471,50.52557],[67.01029,50.52443],[66.99804,50.51307],[66.98946,50.51193],[66.98138,50.50473],[66.96862,50.5036],[66.96347,50.4996],[66.96165,50.49252],[66.95612,50.4911],[66.93971,50.47557],[66.93529,50.47443],[66.92721,50.46723],[66.925,50.46667],[66.92403,50.4629],[66.91888,50.4589],[66.91335,50.45748],[66.91193,50.45196],[66.9089,50.44804],[66.90748,50.44252],[66.90417,50.44167],[66.90476,50.41758],[66.90833,50.41667],[66.90833,50.40833],[66.9125,50.40833],[66.91307,50.38112],[66.9161,50.37721],[66.91757,50.37149],[66.925,50.37083],[66.92535,50.35174],[66.92881,50.34826],[66.92917,50.34583],[66.92258,50.34548],[66.91492,50.33785],[66.9125,50.3375],[66.90591,50.33715],[66.89202,50.32328],[66.89167,50.31667],[66.89409,50.31631],[66.89758,50.31285],[66.90242,50.31215],[66.90625,50.30835],[66.91079,50.31285],[66.93576,50.31215],[66.93924,50.30869],[66.94583,50.30833],[66.94808,50.3078],[66.95192,50.3047],[66.96058,50.30364],[66.96442,50.30053],[66.97308,50.29947],[66.97692,50.29636],[66.98558,50.2953],[66.98942,50.2922],[66.99391,50.29114],[66.99775,50.28803],[67.01058,50.28697],[67.01573,50.2828],[67.02725,50.28386],[67.03239,50.28803],[67.04391,50.28697],[67.04775,50.28386],[67.05641,50.2828],[67.06025,50.2797],[67.06475,50.27864],[67.06859,50.27553],[67.07725,50.27447],[67.08942,50.26303],[67.09495,50.26173],[67.09632,50.25733],[67.09114,50.25094],[67.0922,50.23109],[67.0953,50.22725],[67.09583,50.20833],[67.09826,50.20798],[67.10591,50.20035],[67.11495,50.19964],[67.12048,50.19409],[67.12119,50.18091],[67.12881,50.17326],[67.12952,50.16421],[67.13924,50.15452],[67.14167,50.15417],[67.14498,50.15332],[67.14583,50.15],[67.14498,50.14668],[67.13946,50.14527],[67.13554,50.14223],[67.12589,50.14096],[67.12443,50.13529],[67.11723,50.12721],[67.1161,50.12279],[67.1089,50.11471],[67.10777,50.11029],[67.09223,50.09388],[67.09167,50.09167],[67.08924,50.09131],[67.08576,50.08785],[67.08333,50.0875],[67.08418,50.08418],[67.0875,50.08333],[67.08661,50.07988],[67.07589,50.07846],[67.075,50.075],[67.06841,50.07465],[67.06492,50.07119],[67.06008,50.07048],[67.05659,50.06702],[67.04758,50.06631],[67.04409,50.06285],[67.03508,50.06215],[67.03159,50.05869],[67.02917,50.05833],[67.025,50.05833],[67.02535,50.05174],[67.02881,50.04826],[67.02917,50.04583],[67.03162,50.04548],[67.03715,50.03992],[67.03785,50.03508],[67.05035,50.02255],[67.04965,49.99341],[67.04619,49.98992],[67.04548,49.98508],[67.03751,49.97708],[67.04131,49.97326],[67.04167,49.95417],[67.0343,49.95356],[67.0328,49.94906],[67.03697,49.94391],[67.0375,49.9375],[67.03661,49.93404],[67.02696,49.93277],[67.02304,49.92973],[67.0161,49.92795],[67.01723,49.92279],[67.0214,49.91741],[67.02016,49.90512],[67.01471,49.90057],[67.00903,49.89911],[66.98807,49.87721],[66.9875,49.875],[66.98996,49.87464],[66.99548,49.86909],[66.99619,49.86424],[67.00832,49.85208],[67.00452,49.84826],[67.00381,49.83091],[66.99619,49.82326],[66.99548,49.81841],[66.99202,49.81492],[66.99167,49.8125],[66.98091,49.81285],[66.97292,49.82082],[66.96909,49.81702],[66.96667,49.81667],[66.96556,49.81268],[66.96051,49.80894],[66.95507,49.80743],[66.95322,49.80075],[66.94366,49.79939],[66.93967,49.79644],[66.93409,49.79488],[66.93273,49.78533],[66.9256,49.77717],[66.9244,49.77283],[66.92144,49.76884],[66.91987,49.7632],[66.90616,49.76189],[66.90217,49.75894],[66.89366,49.75773],[66.88804,49.75356],[66.87169,49.75486],[66.86727,49.76033],[66.86547,49.76679],[66.86042,49.76304],[66.85471,49.76727],[66.84249,49.76593],[66.83811,49.76051],[66.83617,49.75356],[66.82283,49.75477],[66.81721,49.75894],[66.80911,49.75751],[66.80756,49.74662],[66.80217,49.74227],[66.77174,49.74102],[66.76311,49.73134],[66.7625,49.72917],[66.76728,49.7278],[66.76605,49.69784],[66.75772,49.68824],[66.75895,49.68117],[66.76312,49.67547],[66.76188,49.67284],[66.75772,49.66714],[66.75909,49.65495],[66.76451,49.65062],[66.77007,49.64903],[66.77178,49.63723],[66.7787,49.64228],[66.81883,49.64105],[66.82701,49.63395],[66.83549,49.63272],[66.83951,49.62978],[66.85,49.62917],[66.85085,49.62585],[66.85417,49.625],[66.8616,49.62434],[66.86307,49.61862],[66.87027,49.61054],[66.87083,49.59583],[66.87048,49.59341],[66.86702,49.58992],[66.86631,49.58504],[66.86076,49.57952],[66.85833,49.57917],[66.85869,49.57674],[66.86215,49.57326],[66.8625,49.57083],[66.86596,49.56995],[66.86737,49.55925],[66.87279,49.55473],[66.88971,49.5536],[66.89779,49.5464],[66.9,49.54583],[66.90328,49.54506],[66.90465,49.54067],[66.90053,49.53558],[66.89947,49.53109],[66.89636,49.52725],[66.8953,49.52275],[66.89114,49.51761],[66.89268,49.51297],[66.89775,49.50886],[66.90225,49.5078],[66.90609,49.5047],[66.91475,49.50364],[66.91859,49.50053],[66.92308,49.49947],[66.93109,49.4922],[66.93333,49.49167],[66.93554,49.4911],[66.93958,49.48797],[66.94375,49.4912],[66.94792,49.48797],[66.95196,49.4911],[66.96471,49.49223],[66.96862,49.49527],[66.97415,49.49668],[66.97557,49.50221],[66.9786,49.50612],[66.97973,49.51054],[66.98693,49.51862],[66.98807,49.52304],[66.9911,49.52696],[66.99223,49.53138],[66.99943,49.53946],[67.00097,49.54544],[67.00612,49.54943],[67.01471,49.55057],[67.01862,49.5536],[67.02721,49.55473],[67.03529,49.56193],[67.04127,49.56347],[67.04527,49.56862],[67.04675,49.57442],[67.05612,49.58277],[67.05833,49.58333],[67.05918,49.58665],[67.06471,49.58807],[67.06862,49.5911],[67.07721,49.59223],[67.08112,49.59527],[67.08554,49.5964],[67.09105,49.60099],[67.09223,49.62304],[67.0961,49.62803],[67.09167,49.62917],[67.09223,49.63138],[67.09527,49.63529],[67.09675,49.64108],[67.1074,49.65057],[67.11054,49.64943],[67.11592,49.64527],[67.12411,49.64657],[67.1286,49.65196],[67.13002,49.65748],[67.13333,49.65833],[67.15242,49.65869],[67.15591,49.66215],[67.175,49.6625],[67.17562,49.66034],[67.17855,49.65633],[67.18025,49.65036],[67.19367,49.63812],[67.21998,49.63683],[67.22438,49.63133],[67.2258,49.62157],[67.23333,49.62083],[67.23333,49.6125],[67.23399,49.60507],[67.23971,49.6036],[67.24362,49.60057],[67.24583,49.6],[67.24548,49.59341],[67.23785,49.58576],[67.23715,49.58091],[67.23369,49.57742],[67.23298,49.57258],[67.22952,49.56909],[67.22917,49.56667],[67.23138,49.5661],[67.23529,49.56307],[67.23971,49.56193],[67.24362,49.5589],[67.25328,49.55762],[67.25502,49.55085],[67.26054,49.54943],[67.27279,49.53807],[67.29804,49.53693],[67.30196,49.5339],[67.30794,49.53237],[67.31193,49.52721],[67.3125,49.525],[67.31189,49.50925],[67.3036,49.50712],[67.30473,49.50196],[67.3089,49.49658],[67.30777,49.48946],[67.30057,49.48138],[67.3,49.47083],[67.30332,49.46998],[67.30513,49.4629],[67.31029,49.4589],[67.31471,49.45777],[67.31862,49.45473],[67.3246,49.4532],[67.3286,49.44804],[67.32973,49.44362],[67.33704,49.43543],[67.3339,49.43138],[67.33277,49.42696],[67.32973,49.42304],[67.3286,49.41862],[67.3214,49.41054],[67.32083,49.40833],[67.32173,49.40483],[67.32917,49.40417],[67.32982,49.39679],[67.33529,49.39223],[67.34495,49.39096],[67.3464,49.38529],[67.34943,49.38138],[67.35057,49.37696],[67.35443,49.37197],[67.35,49.37083],[67.35057,49.36029],[67.3536,49.35638],[67.3548,49.33841],[67.36054,49.33693],[67.36446,49.3339],[67.36667,49.33333],[67.37296,49.33268],[67.37892,49.32851],[67.40629,49.32982],[67.41167,49.33358],[67.41323,49.31356],[67.41667,49.3125],[67.41667,49.30833],[67.41752,49.30502],[67.42083,49.30417],[67.43659,49.30356],[67.43866,49.29547],[67.44779,49.3036],[67.4616,49.30483],[67.46307,49.31054],[67.46706,49.3157],[67.47304,49.31723],[67.47696,49.32027],[67.50742,49.32144],[67.50833,49.325],[67.53549,49.32438],[67.53959,49.32139],[67.54926,49.32978],[67.56584,49.32845],[67.57438,49.31883],[67.576,49.30772],[67.61883,49.30895],[67.62284,49.31188],[67.63333,49.3125],[67.63422,49.31596],[67.64495,49.31738],[67.6464,49.32304],[67.65092,49.32846],[67.66054,49.32973],[67.6702,49.33849],[67.6714,49.35638],[67.6754,49.36153],[67.68138,49.36307],[67.68529,49.3661],[67.69082,49.36752],[67.69167,49.37083],[67.69583,49.37083],[67.7,49.37083],[67.7,49.36667],[67.70638,49.3661],[67.71029,49.36307],[67.71888,49.36193],[67.72279,49.3589],[67.73138,49.35777],[67.73529,49.35473],[67.73971,49.3536],[67.74362,49.35057],[67.75221,49.34943],[67.75612,49.3464],[67.76471,49.34527],[67.77279,49.33807],[67.78245,49.33679],[67.7843,49.32956],[67.78946,49.32557],[67.79388,49.32443],[67.79779,49.3214],[67.80221,49.32027],[67.81446,49.3089],[67.81888,49.30777],[67.82279,49.30473],[67.83971,49.3036],[67.84362,49.30057],[67.86888,49.29943],[67.87279,49.2964],[67.87721,49.29527],[67.88112,49.29223],[67.89078,49.29096],[67.89167,49.2875],[67.8911,49.28112],[67.88807,49.27721],[67.88693,49.26446],[67.8839,49.26054],[67.88268,49.24679],[67.87721,49.24223],[67.87168,49.24082],[67.87083,49.2375],[67.89826,49.23715],[67.90174,49.23369],[67.93992,49.23298],[67.94341,49.22952],[67.94826,49.22881],[67.95245,49.22465],[67.95659,49.22535],[67.96079,49.22952],[67.96496,49.22881],[67.97465,49.21909],[67.975,49.2125],[67.975,49.20833],[67.975,49.20417],[67.9625,49.20417],[67.95852,49.20306],[67.95356,49.19637],[67.95477,49.19366],[67.95779,49.18958],[67.95356,49.18387],[67.95517,49.17474],[67.96042,49.17863],[67.96449,49.17561],[67.97144,49.17367],[67.97023,49.14366],[67.96727,49.13967],[67.96667,49.1375],[67.96888,49.13693],[67.97279,49.1339],[67.98971,49.13277],[67.99362,49.12973],[68.00221,49.1286],[68.00612,49.12557],[68.01888,49.12443],[68.02279,49.1214],[68.03971,49.12027],[68.04362,49.11723],[68.06054,49.1161],[68.06446,49.11307],[68.07411,49.11179],[68.075,49.10833],[68.08243,49.10767],[68.08333,49.10417],[68.10638,49.10473],[68.11029,49.10777],[68.11471,49.1089],[68.11862,49.11193],[68.12828,49.11321],[68.13013,49.12044],[68.13675,49.12557],[68.15638,49.12443],[68.16175,49.12027],[68.19388,49.1214],[68.19779,49.12443],[68.21471,49.12557],[68.22406,49.1339],[68.23138,49.13277],[68.23675,49.1286],[68.23971,49.12973],[68.24362,49.13277],[68.24929,49.13422],[68.2507,49.14491],[68.25612,49.14943],[68.26471,49.15057],[68.26875,49.1537],[68.27425,49.14943],[68.27721,49.15057],[68.28259,49.15473],[68.29077,49.15343],[68.29527,49.14804],[68.29583,49.14583],[68.31492,49.14619],[68.32258,49.15381],[68.34167,49.15417],[68.34288,49.15004],[68.3496,49.1452],[68.36881,49.14646],[68.3746,49.15063],[68.38131,49.14937],[68.3871,49.1452],[68.39968,49.14666],[68.40354,49.15202],[68.40513,49.16272],[68.4121,49.1577],[68.43231,49.15903],[68.43396,49.16465],[68.43687,49.16869],[68.43821,49.1909],[68.45188,49.1923],[68.46187,49.18131],[68.46313,49.17702],[68.46604,49.17298],[68.46761,49.16761],[68.47298,49.16604],[68.48119,49.15896],[68.48548,49.1577],[68.48952,49.1548],[68.49583,49.15417],[68.49517,49.14789],[68.49232,49.14375],[68.49517,49.13961],[68.4965,49.11456],[68.49933,49.11044],[68.50074,49.08404],[68.525,49.08333],[68.54826,49.08298],[68.55174,49.07952],[68.57917,49.07917],[68.59826,49.07881],[68.60591,49.07119],[68.61492,49.07048],[68.61841,49.06702],[68.63159,49.06631],[68.63508,49.06285],[68.63992,49.06215],[68.64341,49.05869],[68.65,49.05833],[68.65091,49.05479],[68.6625,49.05417],[68.66286,49.05662],[68.67674,49.07048],[68.67917,49.07083],[68.67973,49.08138],[68.68277,49.08529],[68.68423,49.09101],[68.69804,49.09223],[68.70768,49.10097],[68.70833,49.10833],[68.72721,49.1089],[68.73112,49.11193],[68.73971,49.11307],[68.74362,49.1161],[68.76159,49.1173],[68.7625,49.12083],[68.76492,49.12119],[68.76912,49.12535],[68.77742,49.12465],[68.78125,49.12085],[68.78579,49.12535],[68.79826,49.12465],[68.80174,49.12119],[68.80833,49.12083],[68.81464,49.12019],[68.8187,49.11731],[68.82297,49.11602],[68.82703,49.11314],[68.83964,49.11186],[68.84787,49.10481],[68.85213,49.10352],[68.86458,49.09227],[68.86954,49.09579],[68.87436,49.08963],[68.87596,49.0843],[68.8813,49.08269],[68.88537,49.07981],[68.91047,49.07852],[68.9187,49.07148],[68.93266,49.07005],[68.93333,49.04167],[68.93418,49.03835],[68.9375,49.0375],[68.93971,49.03807],[68.94375,49.0412],[68.94792,49.03797],[68.95342,49.04223],[68.96471,49.0411],[68.96862,49.03807],[68.97828,49.03679],[68.98002,49.03002],[68.98554,49.0286],[68.98946,49.02557],[68.99167,49.025],[68.99228,49.02716],[68.99522,49.03117],[68.99664,49.04096],[69.01466,49.04228],[69.03534,49.06188],[69.03966,49.06312],[69.04367,49.06605],[69.05,49.06667],[69.05659,49.06631],[69.06008,49.06285],[69.07083,49.0625],[69.07197,49.05807],[69.07842,49.06307],[69.09388,49.06193],[69.09779,49.0589],[69.125,49.05833],[69.12597,49.05456],[69.13125,49.05047],[69.13675,49.05473],[69.14388,49.0536],[69.14779,49.05057],[69.15332,49.04915],[69.15507,49.0423],[69.17304,49.0411],[69.18529,49.02973],[69.19388,49.0286],[69.20196,49.0214],[69.20638,49.02027],[69.21029,49.01723],[69.21471,49.0161],[69.23529,48.9964],[69.2375,48.99583],[69.23871,49.00057],[69.25638,48.99943],[69.26029,48.9964],[69.26667,48.99583],[69.26909,48.99548],[69.27258,48.99202],[69.275,48.99167],[69.275,49.02083],[69.27447,49.03141],[69.2703,49.03656],[69.27218,49.0422],[69.28558,49.04114],[69.28942,49.03803],[69.29167,49.0375],[69.30633,49.03688],[69.31034,49.03395],[69.31466,49.03272],[69.32284,49.02562],[69.32716,49.02438],[69.33286,49.02022],[69.33966,49.02145],[69.34536,49.02562],[69.35633,49.02438],[69.36042,49.02139],[69.36451,49.02438],[69.37836,49.02574],[69.37994,49.03653],[69.38333,49.0375],[69.38992,49.03785],[69.39412,49.04202],[69.40659,49.04131],[69.41424,49.03369],[69.425,49.03333],[69.42591,49.03007],[69.43296,49.02811],[69.44106,49.01884],[69.44278,49.01268],[69.44783,49.00894],[69.45634,49.00773],[69.46196,49.00356],[69.47301,49.00477],[69.47863,49.00894],[69.48683,49.0075],[69.48817,48.98421],[69.49366,48.97977],[69.50217,48.97856],[69.50779,48.9744],[69.51051,48.9756],[69.52005,48.98394],[69.53653,48.98265],[69.53841,48.97591],[69.54493,48.97409],[69.54644,48.96866],[69.5494,48.96467],[69.55,48.95],[69.55417,48.95],[69.55505,48.95346],[69.56471,48.95473],[69.56862,48.95777],[69.57721,48.9589],[69.58112,48.96193],[69.58825,48.96307],[69.59375,48.9588],[69.59934,48.96346],[69.60057,48.97721],[69.60456,48.98237],[69.6119,48.98425],[69.6125,49.00417],[69.63554,49.00473],[69.63946,49.00777],[69.64388,49.0089],[69.64779,49.01193],[69.65638,49.01307],[69.66029,49.0161],[69.6741,49.01733],[69.67614,49.02526],[69.6822,49.02057],[69.6839,49.02721],[69.69527,49.03946],[69.6964,49.05638],[69.69943,49.06029],[69.70089,49.06596],[69.71054,49.06723],[69.72696,49.08277],[69.73333,49.08333],[69.74388,49.08277],[69.74779,49.07973],[69.76545,49.0786],[69.76667,49.08333],[69.77742,49.08298],[69.78091,49.07952],[69.78333,49.07917],[69.78418,49.07585],[69.7875,49.075],[69.78807,49.07721],[69.7911,49.08112],[69.79223,49.08971],[69.79943,49.09779],[69.80064,49.11576],[69.80748,49.11752],[69.8089,49.12304],[69.8129,49.1282],[69.81888,49.12973],[69.82279,49.13277],[69.82721,49.1339],[69.83658,49.14225],[69.8375,49.14583],[69.83992,49.14619],[69.84375,49.14999],[69.84758,49.14619],[69.85,49.14583],[69.85221,49.14527],[69.85612,49.14223],[69.86054,49.1411],[69.86446,49.13807],[69.87044,49.13653],[69.87443,49.13138],[69.8759,49.12565],[69.88946,49.11307],[69.89804,49.11193],[69.90612,49.10473],[69.91054,49.1036],[69.91446,49.10057],[69.92304,49.09943],[69.93112,49.09223],[69.93679,49.09078],[69.93821,49.08005],[69.94167,49.07917],[69.95659,49.07881],[69.96042,49.07501],[69.96424,49.07881],[69.99167,49.07917],[69.99258,49.08272],[70.01888,49.0839],[70.02292,49.08703],[70.02696,49.0839],[70.04879,49.08277],[70.05057,49.08971],[70.0537,49.09375],[70.05057,49.09779],[70.04943,49.12991],[70.05456,49.13653],[70.06054,49.13807],[70.06446,49.1411],[70.06888,49.14223],[70.07434,49.14679],[70.075,49.15417],[70.08138,49.1536],[70.08529,49.15057],[70.08971,49.14943],[70.09362,49.1464],[70.09804,49.14527],[70.10196,49.14223],[70.11161,49.14096],[70.11347,49.13373],[70.12009,49.1286],[70.12304,49.12973],[70.12696,49.13277],[70.13971,49.1339],[70.14509,49.13807],[70.15638,49.13693],[70.16029,49.1339],[70.17083,49.13333],[70.1718,49.12956],[70.17696,49.12557],[70.18138,49.12443],[70.18529,49.1214],[70.20742,49.12021],[70.20833,49.11667],[70.21076,49.11702],[70.22258,49.12881],[70.23159,49.12952],[70.23508,49.13298],[70.24583,49.13333],[70.24619,49.13579],[70.25174,49.14131],[70.25659,49.14202],[70.26424,49.14965],[70.26909,49.15035],[70.27329,49.15452],[70.28159,49.15381],[70.28508,49.15035],[70.29167,49.15],[70.29202,49.16076],[70.29548,49.16424],[70.29619,49.16912],[70.30591,49.17881],[70.31667,49.17917],[70.31631,49.19409],[70.30452,49.20591],[70.30417,49.2125],[70.30833,49.2125],[70.31054,49.21307],[70.31446,49.2161],[70.31998,49.21752],[70.32205,49.22557],[70.33138,49.22443],[70.33529,49.2214],[70.34388,49.22027],[70.34779,49.21723],[70.38971,49.2161],[70.39375,49.21297],[70.39779,49.2161],[70.40221,49.21723],[70.40612,49.22027],[70.41054,49.2214],[70.41446,49.22443],[70.42304,49.22557],[70.43217,49.2337],[70.43425,49.2256],[70.46992,49.2244],[70.47197,49.2164],[70.47842,49.2214],[70.48138,49.22027],[70.48529,49.21723],[70.5125,49.21667],[70.5125,49.22083],[70.52742,49.22119],[70.53091,49.22465],[70.53576,49.22535],[70.53924,49.22881],[70.56667,49.22917],[70.575,49.22917],[70.57568,49.20918],[70.58649,49.20754],[70.58814,49.20203],[70.59102,49.19797],[70.5927,49.19239],[70.61047,49.19102],[70.6202,49.18269],[70.6313,49.18398],[70.63718,49.18814],[70.63964,49.18686],[70.65203,49.17564],[70.65759,49.17397],[70.6591,49.1591],[70.6745,49.15753],[70.68269,49.14797],[70.68333,49.14583],[70.68971,49.1464],[70.69779,49.1536],[70.71471,49.15473],[70.71862,49.15777],[70.72721,49.1589],[70.73112,49.16193],[70.73554,49.16307],[70.73946,49.1661],[70.75221,49.16723],[70.75759,49.1714],[70.76888,49.17027],[70.78112,49.1589],[70.78971,49.15777],[70.79362,49.15473],[70.79915,49.15332],[70.8009,49.14649],[70.81471,49.14527],[70.82279,49.13807],[70.82721,49.13693],[70.83529,49.12973],[70.84102,49.12826],[70.8536,49.11471],[70.85505,49.10904],[70.86575,49.10763],[70.87027,49.10221],[70.87168,49.09668],[70.87721,49.09527],[70.88946,49.0839],[70.89388,49.08277],[70.89779,49.07973],[70.9,49.07917],[70.90085,49.07585],[70.90417,49.075],[70.90417,49.07083],[70.90381,49.06841],[70.89965,49.06421],[70.90035,49.06008],[70.90798,49.05242],[70.90833,49.04167],[70.91047,49.04102],[70.91453,49.03814],[70.9188,49.03686],[70.92287,49.03398],[70.93547,49.03269],[70.93953,49.02981],[70.97005,49.02847],[70.97148,49.01453],[70.99102,48.9938],[70.99231,48.98953],[70.99936,48.9813],[71.00126,48.97498],[71.0062,48.97148],[71.01463,48.97019],[71.0187,48.96731],[71.0313,48.96602],[71.03537,48.96314],[71.0407,48.96154],[71.04167,48.95833],[71.05,48.95833],[71.05242,48.95869],[71.06458,48.97082],[71.06841,48.96702],[71.07326,48.96631],[71.07674,48.96285],[71.09167,48.9625],[71.10336,48.96181],[71.10517,48.94938],[71.12716,48.95062],[71.13125,48.95361],[71.13703,48.94938],[71.14383,48.95062],[71.14784,48.95355],[71.17917,48.95417],[71.20417,48.95417],[71.2053,48.94974],[71.21029,48.9536],[71.2125,48.95417],[71.21667,48.95417],[71.22742,48.95452],[71.23162,48.95869],[71.25659,48.95798],[71.26008,48.95452],[71.30242,48.95381],[71.30662,48.94965],[71.31492,48.95035],[71.31841,48.95381],[71.32083,48.95417],[71.33659,48.95356],[71.33842,48.94642],[71.34779,48.93807],[71.35833,48.9375],[71.37326,48.93785],[71.38091,48.94548],[71.38333,48.94583],[71.40659,48.94548],[71.41008,48.94202],[71.4125,48.94167],[71.42304,48.94223],[71.42696,48.94527],[71.43554,48.9464],[71.43946,48.94943],[71.45221,48.95057],[71.45612,48.9536],[71.46578,48.95488],[71.46752,48.96165],[71.47304,48.96307],[71.47696,48.9661],[71.47917,48.96667],[71.52304,48.9661],[71.52696,48.96307],[71.53138,48.96193],[71.53675,48.95777],[71.54388,48.9589],[71.54925,48.96307],[71.55221,48.96193],[71.55679,48.95838],[71.57027,48.97279],[71.57205,48.97973],[71.58554,48.9786],[71.5949,48.97027],[71.62304,48.9714],[71.62696,48.97443],[71.63554,48.97557],[71.64092,48.97973],[71.64804,48.9786],[71.65342,48.97443],[71.66471,48.97557],[71.66862,48.9786],[71.67415,48.98002],[71.67591,48.98686],[71.69388,48.98807],[71.71029,49.0036],[71.7125,49.00417],[71.71993,49.00351],[71.72083,49.0],[71.72438,48.99909],[71.725,48.9875],[71.72578,48.97989],[71.7375,48.97917],[71.74409,48.97952],[71.74758,48.98298],[71.75659,48.98369],[71.77258,48.99965],[71.77671,49.00035],[71.78091,48.99619],[71.79409,48.99548],[71.79758,48.99202],[71.80588,48.99131],[71.81631,49.00171],[71.81702,49.00659],[71.82048,49.01008],[71.82119,49.01838],[71.81668,49.02292],[71.82048,49.02674],[71.82083,49.02917],[71.82742,49.02952],[71.83162,49.03369],[71.83576,49.03298],[71.83924,49.02952],[71.84826,49.02881],[71.85174,49.02535],[71.85417,49.025],[71.85659,49.02535],[71.86008,49.02881],[71.88333,49.02917],[71.8875,49.02917],[71.89167,49.02917],[71.89167,49.02083],[71.89167,49.0125],[71.89101,49.00513],[71.88554,49.00057],[71.87956,48.99903],[71.87557,48.99388],[71.87443,48.98529],[71.86723,48.97721],[71.8661,48.97279],[71.82873,48.93451],[71.83554,48.93277],[71.83946,48.92973],[71.84915,48.92845],[71.8502,48.92378],[71.8464,48.91888],[71.84583,48.9125],[71.84619,48.90588],[71.85174,48.90035],[71.85833,48.9],[71.86471,48.90057],[71.86862,48.9036],[71.88236,48.90482],[71.8911,48.91446],[71.89288,48.9214],[71.90221,48.92027],[71.90759,48.9161],[71.91054,48.91723],[71.91446,48.92027],[71.91888,48.9214],[71.92292,48.92453],[71.92696,48.9214],[71.95638,48.92027],[71.96446,48.91307],[71.99804,48.91193],[72.00342,48.90777],[72.01054,48.9089],[72.01446,48.91193],[72.02721,48.91307],[72.03112,48.9161],[72.03971,48.91723],[72.04779,48.92443],[72.0625,48.925],[72.06888,48.92557],[72.07279,48.9286],[72.07832,48.93002],[72.07973,48.93554],[72.08808,48.94491],[72.09388,48.9464],[72.09779,48.94943],[72.10221,48.95057],[72.10612,48.9536],[72.11165,48.95502],[72.1125,48.95833],[72.13159,48.95798],[72.13508,48.95452],[72.14167,48.95417],[72.14202,48.95171],[72.14758,48.94619],[72.1625,48.94583],[72.16492,48.94619],[72.17258,48.95381],[72.17742,48.95452],[72.18091,48.95798],[72.18576,48.95869],[72.18924,48.96215],[72.23159,48.96285],[72.23924,48.97048],[72.24167,48.97083],[72.25,48.97083],[72.25833,48.97083],[72.27304,48.9714],[72.27696,48.97443],[72.28554,48.97557],[72.28946,48.9786],[72.29388,48.97973],[72.29779,48.98277],[72.30332,48.98418],[72.30417,48.9875],[72.30452,48.99409],[72.32048,49.01008],[72.32083,49.0125],[72.32742,49.01285],[72.33924,49.02465],[72.34409,49.02535],[72.34964,49.03088],[72.35,49.03333],[72.35242,49.03369],[72.35591,49.03715],[72.36076,49.03785],[72.36841,49.04548],[72.37083,49.04583],[72.38159,49.04619],[72.38508,49.04965],[72.39826,49.05035],[72.40174,49.05381],[72.41076,49.05452],[72.41424,49.05798],[72.42326,49.05869],[72.42674,49.06215],[72.43576,49.06285],[72.43924,49.06631],[72.44409,49.06702],[72.45174,49.07465],[72.45417,49.075],[72.46076,49.07535],[72.46424,49.07881],[72.475,49.07917],[72.48966,49.07978],[72.49536,49.08395],[72.51466,49.08272],[72.52036,49.07855],[72.53235,49.0799],[72.5347,49.08812],[72.54097,49.08656],[72.54237,49.06747],[72.55216,49.06605],[72.55786,49.06188],[72.56049,49.06312],[72.56451,49.06605],[72.56883,49.06728],[72.57284,49.07022],[72.575,49.07083],[72.57535,49.06008],[72.57881,49.05659],[72.57952,49.04758],[72.58298,49.04409],[72.58369,49.03921],[72.59341,49.02952],[72.60659,49.02881],[72.61008,49.02535],[72.61492,49.02465],[72.61841,49.02119],[72.62329,49.02048],[72.62881,49.01492],[72.62917,49.0125],[72.63138,49.01307],[72.63946,49.02027],[72.64388,49.0214],[72.64925,49.02557],[72.65745,49.02426],[72.65922,49.01738],[72.66991,49.01596],[72.67443,49.01054],[72.67589,49.00488],[72.68661,49.00346],[72.68835,48.99668],[72.69167,48.99583],[72.69252,48.99252],[72.69804,48.9911],[72.70196,48.98807],[72.70417,48.9875],[72.70381,48.98508],[72.70035,48.98159],[72.7,48.97917],[72.69965,48.97674],[72.69619,48.97326],[72.69583,48.97083],[72.69804,48.97027],[72.70196,48.96723],[72.71156,48.96596],[72.7286,48.94804],[72.72973,48.93529],[72.73277,48.93138],[72.73404,48.92172],[72.73971,48.92027],[72.74362,48.91723],[72.75328,48.91596],[72.75513,48.90873],[72.76175,48.9036],[72.79804,48.90473],[72.80342,48.9089],[72.81162,48.90759],[72.8125,48.90417],[72.81471,48.90473],[72.82696,48.9161],[72.85221,48.91723],[72.85612,48.92027],[72.86325,48.9214],[72.86862,48.91723],[72.87304,48.9161],[72.87696,48.91307],[72.91962,48.91193],[72.92083,48.91667],[72.925,48.91667],[72.93333,48.91667],[72.9375,48.91667],[72.93827,48.91339],[72.94267,48.91202],[72.94775,48.91614],[72.95417,48.91667],[72.95767,48.91757],[72.95833,48.925],[72.95833,48.92917],[72.97409,48.92977],[72.975,48.93333],[72.97577,48.93661],[72.98017,48.93798],[72.98656,48.9328],[73.01891,48.93386],[73.02293,48.93711],[73.03109,48.9297],[73.03558,48.92864],[73.03942,48.92553],[73.05417,48.925],[73.06471,48.92557],[73.06862,48.9286],[73.07721,48.92973],[73.08112,48.93277],[73.08665,48.93418],[73.08807,48.93971],[73.0911,48.94362],[73.09167,48.94583],[73.09583,48.94583],[73.10662,48.94548],[73.11215,48.93992],[73.1125,48.9375],[73.11347,48.93373],[73.11862,48.92973],[73.12442,48.92825],[73.13277,48.91888],[73.1339,48.91446],[73.13807,48.90908],[73.13676,48.90089],[73.13138,48.8964],[73.1254,48.89487],[73.1214,48.88971],[73.12012,48.88005],[73.11193,48.87795],[73.11862,48.8714],[73.1246,48.86987],[73.1286,48.86471],[73.13013,48.85873],[73.13529,48.85473],[73.14082,48.85332],[73.14223,48.84779],[73.14527,48.84388],[73.14647,48.82598],[73.15332,48.82027],[73.16471,48.8214],[73.16862,48.82443],[73.17304,48.82557],[73.17696,48.8286],[73.17917,48.82917],[73.17973,48.82696],[73.18277,48.82304],[73.1839,48.81862],[73.18807,48.81325],[73.18693,48.81029],[73.1839,48.80638],[73.18248,48.80085],[73.17558,48.79908],[73.16723,48.78971],[73.16582,48.78418],[73.15892,48.78241],[73.15057,48.77304],[73.14943,48.73946],[73.1464,48.73554],[73.14583,48.72917],[73.14826,48.72881],[73.15591,48.72119],[73.16076,48.72048],[73.16424,48.71702],[73.17326,48.71631],[73.17745,48.71215],[73.19409,48.71285],[73.20591,48.72465],[73.20833,48.725],[73.21076,48.72535],[73.21495,48.72952],[73.22326,48.72881],[73.22745,48.72465],[73.23992,48.72535],[73.24341,48.72881],[73.24583,48.72917],[73.24619,48.72671],[73.25174,48.72119],[73.25659,48.72048],[73.26042,48.71668],[73.26424,48.72048],[73.26909,48.72119],[73.27329,48.72535],[73.28159,48.72465],[73.28508,48.72119],[73.29409,48.72048],[73.29758,48.71702],[73.30242,48.71631],[73.31008,48.70869],[73.3125,48.70833],[73.3131,48.70616],[73.31606,48.70217],[73.31778,48.69602],[73.32283,48.69227],[73.32873,48.69063],[73.34227,48.67585],[73.34106,48.67283],[73.33394,48.66467],[73.33273,48.65199],[73.32856,48.64637],[73.32999,48.63827],[73.34088,48.63672],[73.3506,48.62582],[73.3494,48.62283],[73.34644,48.61884],[73.34523,48.61033],[73.34227,48.60634],[73.34106,48.60199],[73.3381,48.59801],[73.3375,48.58333],[73.33992,48.58298],[73.34758,48.57535],[73.35417,48.575],[73.35494,48.57828],[73.35933,48.57965],[73.36442,48.57553],[73.36667,48.575],[73.3678,48.57057],[73.37292,48.57453],[73.37842,48.57027],[73.38554,48.5714],[73.38946,48.57443],[73.39388,48.57557],[73.40323,48.5839],[73.41054,48.58277],[73.41592,48.5786],[73.42721,48.57973],[73.43541,48.58704],[73.43959,48.5838],[73.44779,48.5911],[73.45221,48.59223],[73.46029,48.59943],[73.46471,48.60057],[73.46875,48.6037],[73.47279,48.60057],[73.4875,48.6],[73.48807,48.58946],[73.4911,48.58554],[73.49223,48.57696],[73.49943,48.56888],[73.50071,48.55922],[73.50417,48.55833],[73.50417,48.55417],[73.50502,48.55085],[73.50833,48.55],[73.51165,48.54915],[73.5125,48.54583],[73.51582,48.54668],[73.5178,48.55443],[73.52279,48.55057],[73.53138,48.54943],[73.53529,48.5464],[73.54388,48.54527],[73.54925,48.5411],[73.55638,48.54223],[73.56029,48.54527],[73.56888,48.5464],[73.57279,48.54943],[73.58333,48.55],[73.58449,48.54595],[73.58951,48.54228],[73.59799,48.54105],[73.60617,48.53395],[73.62003,48.5326],[73.62163,48.52163],[73.63133,48.52022],[73.63534,48.51728],[73.6455,48.51581],[73.64938,48.51049],[73.65,48.49583],[73.64583,48.49583],[73.64668,48.49252],[73.65221,48.4911],[73.66029,48.4839],[73.66667,48.48333],[73.66909,48.48369],[73.67258,48.48715],[73.67742,48.48785],[73.68578,48.49619],[73.71076,48.49548],[73.71495,48.49131],[73.73576,48.49202],[73.74341,48.49965],[73.75417,48.5],[73.75483,48.49257],[73.76054,48.4911],[73.76446,48.48807],[73.80638,48.48693],[73.81175,48.48277],[73.81649,48.48458],[73.82027,48.48946],[73.82173,48.49517],[73.82917,48.49583],[73.83576,48.49619],[73.83958,48.49999],[73.84341,48.49619],[73.84583,48.49583],[73.84583,48.49167],[73.84915,48.49082],[73.85,48.4875],[73.85324,48.48657],[73.85478,48.48117],[73.86194,48.47292],[73.85772,48.46714],[73.85914,48.45929],[73.86655,48.45717],[73.87022,48.45216],[73.87176,48.44676],[73.87716,48.44522],[73.88534,48.43812],[73.89517,48.43669],[73.89583,48.42083],[73.89657,48.40902],[73.925,48.40833],[73.92917,48.40833],[73.93248,48.40748],[73.93333,48.40417],[73.93369,48.40171],[73.93995,48.39548],[73.94409,48.39619],[73.94758,48.39965],[73.96076,48.40035],[73.96458,48.40415],[73.96841,48.40035],[73.97326,48.39965],[73.97745,48.39548],[73.98576,48.39619],[73.98958,48.39999],[73.99341,48.39619],[74.00659,48.39548],[74.01079,48.39131],[74.01492,48.39202],[74.01875,48.39582],[74.02258,48.39202],[74.02917,48.39167],[74.0336,48.3928],[74.0286,48.39925],[74.02973,48.40221],[74.03277,48.40612],[74.03418,48.41165],[74.03971,48.41307],[74.04509,48.41723],[74.04804,48.4161],[74.05342,48.41193],[74.05816,48.41375],[74.06193,48.41862],[74.06371,48.42557],[74.07411,48.4243],[74.07591,48.41729],[74.09804,48.4161],[74.10196,48.41307],[74.11667,48.4125],[74.11752,48.41582],[74.12304,48.41723],[74.13529,48.4286],[74.14108,48.43009],[74.14943,48.43946],[74.15067,48.45331],[74.15539,48.45437],[74.16043,48.45046],[74.16862,48.45777],[74.17415,48.45918],[74.17585,48.46582],[74.18248,48.46752],[74.18455,48.47557],[74.19388,48.47443],[74.19925,48.47027],[74.20382,48.47202],[74.21193,48.48112],[74.2132,48.49075],[74.21862,48.49527],[74.22083,48.49583],[74.22917,48.49583],[74.22917,48.50417],[74.22979,48.51568],[74.23529,48.52027],[74.23971,48.5214],[74.24779,48.5286],[74.25221,48.52973],[74.26029,48.53693],[74.26991,48.5382],[74.27443,48.54362],[74.27585,48.54915],[74.28138,48.55057],[74.29362,48.56193],[74.29915,48.56335],[74.30057,48.56888],[74.3036,48.57279],[74.30509,48.57858],[74.31446,48.58693],[74.31667,48.5875],[74.33159,48.58715],[74.33542,48.58335],[74.33958,48.58749],[74.34828,48.57881],[74.36076,48.57952],[74.36424,48.58298],[74.38159,48.58369],[74.38508,48.58715],[74.39167,48.5875],[74.39244,48.58422],[74.39683,48.58285],[74.40192,48.58697],[74.40417,48.5875],[74.40476,48.61575],[74.4119,48.61758],[74.41307,48.65491],[74.4089,48.66029],[74.40777,48.66325],[74.41193,48.66862],[74.4125,48.675],[74.42108,48.67588],[74.41602,48.68301],[74.41745,48.695],[74.42714,48.69648],[74.4312,48.69936],[74.43752,48.70126],[74.44102,48.7062],[74.44254,48.71611],[74.46453,48.73686],[74.47399,48.7383],[74.47618,48.74559],[74.4937,48.76186],[74.50417,48.7625],[74.50833,48.7625],[74.50798,48.77742],[74.50035,48.78508],[74.5,48.7875],[74.50057,48.78971],[74.50456,48.79487],[74.51054,48.7964],[74.52279,48.80777],[74.52721,48.8089],[74.53112,48.81193],[74.53844,48.81307],[74.54791,48.80463],[74.55196,48.80777],[74.56161,48.80904],[74.5625,48.8125],[74.5625,48.85833],[74.56319,48.87002],[74.57426,48.87164],[74.575,48.87917],[74.575,48.88333],[74.57585,48.88665],[74.57917,48.8875],[74.59804,48.88693],[74.60209,48.8838],[74.61029,48.8911],[74.61582,48.89252],[74.61763,48.8996],[74.62279,48.9036],[74.62721,48.90473],[74.63259,48.9089],[74.63669,48.90733],[74.6375,48.90417],[74.65242,48.90452],[74.65591,48.90798],[74.65833,48.90833],[74.66054,48.9089],[74.66517,48.91249],[74.67027,48.90638],[74.67168,48.90085],[74.67721,48.89943],[74.68126,48.8963],[74.68946,48.9036],[74.69167,48.90417],[74.69264,48.90077],[74.70337,48.89921],[74.705,48.88804],[74.71451,48.87978],[74.72716,48.87855],[74.74499,48.86188],[74.76049,48.86312],[74.76867,48.87022],[74.78133,48.87145],[74.78542,48.87444],[74.79367,48.86728],[74.79799,48.86605],[74.81034,48.85478],[74.82083,48.85417],[74.82119,48.85171],[74.82745,48.84548],[74.83576,48.84619],[74.84341,48.85381],[74.84583,48.85417],[74.85659,48.85381],[74.86008,48.85035],[74.8625,48.85],[74.87742,48.85035],[74.88091,48.85381],[74.8875,48.85417],[74.89082,48.85502],[74.89288,48.86307],[74.90221,48.86193],[74.90612,48.8589],[74.91578,48.85762],[74.91667,48.85417],[74.92326,48.85381],[74.92745,48.84965],[74.93576,48.85035],[74.94412,48.85869],[74.95242,48.85798],[74.95662,48.85381],[74.96909,48.85452],[74.97258,48.85798],[74.975,48.85833],[74.97557,48.85612],[74.98277,48.84804],[74.98422,48.84238],[74.99388,48.8411],[74.99779,48.83807],[75.00332,48.83665],[75.00502,48.83002],[75.01054,48.8286],[75.01592,48.82443],[75.02721,48.82557],[75.03112,48.8286],[75.0375,48.82917],[75.03785,48.82258],[75.04131,48.81909],[75.04167,48.81667],[75.04167,48.80417],[75.04799,48.80478],[75.0537,48.80895],[75.06587,48.80758],[75.06744,48.79681],[75.07407,48.79491],[75.07616,48.78761],[75.08117,48.78395],[75.10733,48.78267],[75.10895,48.77701],[75.11605,48.76883],[75.11667,48.7625],[75.11702,48.75591],[75.12048,48.75242],[75.12119,48.74338],[75.12745,48.73715],[75.13159,48.73785],[75.13542,48.74165],[75.14341,48.73369],[75.14829,48.73298],[75.15381,48.72742],[75.15452,48.72258],[75.15798,48.71909],[75.15833,48.71667],[75.17742,48.71702],[75.18091,48.72048],[75.20242,48.72119],[75.20591,48.72465],[75.20833,48.725],[75.22299,48.72438],[75.22701,48.72145],[75.23133,48.72022],[75.23534,48.71728],[75.24901,48.71595],[75.25062,48.71034],[75.25355,48.70633],[75.25527,48.7003],[75.26451,48.69228],[75.27837,48.69093],[75.28272,48.68549],[75.28395,48.68117],[75.28694,48.67708],[75.28389,48.67292],[75.28688,48.66883],[75.28812,48.66034],[75.29105,48.65633],[75.29267,48.64522],[75.30633,48.64645],[75.31203,48.65062],[75.31466,48.64938],[75.31867,48.64645],[75.32299,48.64522],[75.32701,48.64228],[75.33133,48.64105],[75.33703,48.63688],[75.35216,48.63812],[75.35617,48.64105],[75.36466,48.64228],[75.36867,48.64522],[75.375,48.64583],[75.37877,48.6468],[75.38277,48.65196],[75.38423,48.65767],[75.39167,48.65833],[75.39826,48.65869],[75.40381,48.66421],[75.40417,48.66667],[75.43138,48.66723],[75.43529,48.67027],[75.44388,48.6714],[75.44925,48.67557],[75.45221,48.67443],[75.45759,48.67027],[75.46181,48.67189],[75.46307,48.68138],[75.4661,48.68529],[75.46752,48.69082],[75.4746,48.69263],[75.47973,48.69925],[75.4786,48.70221],[75.47443,48.70759],[75.47616,48.71209],[75.48946,48.72443],[75.49804,48.72557],[75.50612,48.73277],[75.52083,48.73333],[75.52168,48.73665],[75.525,48.7375],[75.52566,48.74493],[75.53138,48.7464],[75.53529,48.74943],[75.5375,48.75],[75.53992,48.75035],[75.55381,48.76422],[75.55417,48.77083],[75.56463,48.77148],[75.5687,48.77436],[75.57713,48.77564],[75.59095,48.78814],[75.59797,48.78686],[75.60329,48.78308],[75.60491,48.79897],[75.61047,48.80064],[75.61453,48.80352],[75.63333,48.80417],[75.63665,48.80502],[75.6375,48.80833],[75.65212,48.80768],[75.65621,48.80482],[75.66046,48.80351],[75.67846,48.78684],[75.68129,48.78816],[75.68538,48.79101],[75.69508,48.79252],[75.69659,48.81181],[75.72083,48.8125],[75.74388,48.81193],[75.74779,48.8089],[75.7616,48.80767],[75.76307,48.80196],[75.7661,48.79804],[75.76757,48.79233],[75.775,48.79167],[75.77917,48.79167],[75.77952,48.80242],[75.79131,48.81424],[75.79167,48.81667],[75.79498,48.81752],[75.79583,48.82083],[75.79668,48.82415],[75.80221,48.82557],[75.81029,48.83277],[75.81471,48.8339],[75.81862,48.83693],[75.82158,48.83807],[75.82696,48.8339],[75.83629,48.83277],[75.83807,48.83971],[75.84527,48.84779],[75.84583,48.85],[75.85,48.85],[75.85,48.85833],[75.86159,48.85771],[75.86342,48.85058],[75.87292,48.84212],[75.88112,48.84943],[75.88665,48.85085],[75.88841,48.85773],[75.92304,48.8589],[75.93529,48.87027],[75.94388,48.8714],[75.94925,48.87557],[75.95638,48.87443],[75.96029,48.8714],[75.96888,48.87027],[75.97279,48.86723],[75.975,48.86667],[75.98133,48.86728],[75.98534,48.87022],[75.99383,48.87145],[75.99784,48.87438],[76.0117,48.87574],[76.01312,48.88549],[76.01605,48.88951],[76.01765,48.89512],[76.03253,48.89657],[76.03688,48.90201],[76.03812,48.91883],[76.04105,48.92284],[76.04243,48.93236],[76.04583,48.93333],[76.05242,48.93369],[76.06215,48.94338],[76.0625,48.95],[76.06316,48.95743],[76.06888,48.9589],[76.0744,48.96351],[76.075,48.98333],[76.08554,48.9839],[76.08946,48.98693],[76.09388,48.98807],[76.10196,48.99527],[76.10638,48.9964],[76.11175,49.00057],[76.1241,48.99933],[76.125,48.99583],[76.12917,48.99583],[76.13008,48.99938],[76.14167,49.0],[76.1428,48.99557],[76.14779,48.99943],[76.15,49.0],[76.15035,49.00659],[76.16215,49.01841],[76.16285,49.02326],[76.16631,49.02674],[76.16667,49.02917],[76.17721,49.02973],[76.18529,49.03693],[76.19388,49.03807],[76.19925,49.04223],[76.20221,49.0411],[76.20625,49.03797],[76.21042,49.0412],[76.21592,49.03693],[76.22304,49.03807],[76.23112,49.04527],[76.24804,49.0464],[76.25196,49.04943],[76.27399,49.05062],[76.28693,49.06446],[76.28871,49.0714],[76.29527,49.06471],[76.2968,49.05873],[76.30196,49.05473],[76.31054,49.0536],[76.31862,49.0464],[76.32083,49.04583],[76.32119,49.03091],[76.32465,49.02742],[76.325,49.00417],[76.32742,49.00452],[76.33091,49.00798],[76.3375,49.00833],[76.34388,49.0089],[76.35196,49.0161],[76.36471,49.01723],[76.36862,49.02027],[76.37304,49.0214],[76.37842,49.02557],[76.38662,49.02426],[76.38866,49.0163],[76.39779,49.02443],[76.40221,49.02557],[76.41029,49.03277],[76.4125,49.03333],[76.41339,49.02988],[76.42304,49.0286],[76.42696,49.02557],[76.43333,49.025],[76.43369,49.02746],[76.43995,49.03369],[76.46492,49.03298],[76.46841,49.02952],[76.47326,49.02881],[76.47674,49.02535],[76.48159,49.02465],[76.48508,49.02119],[76.48992,49.02048],[76.49758,49.01285],[76.50242,49.01215],[76.50591,49.00869],[76.53159,49.00798],[76.53579,49.00381],[76.53992,49.00452],[76.54758,49.01215],[76.55242,49.01285],[76.55591,49.01631],[76.57745,49.01702],[76.58298,49.02258],[76.58369,49.02746],[76.58924,49.03298],[76.60417,49.03333],[76.60748,49.03248],[76.60925,49.02558],[76.61862,49.01723],[76.62304,49.0161],[76.62696,49.01307],[76.63554,49.01193],[76.64362,49.00473],[76.65,49.00417],[76.66172,49.00345],[76.6625,48.99583],[76.67742,48.99548],[76.68091,48.99202],[76.68576,48.99131],[76.69412,48.98298],[76.69826,48.98369],[76.70174,48.98715],[76.70659,48.98785],[76.71008,48.99131],[76.71909,48.99202],[76.72258,48.99548],[76.74409,48.99619],[76.74792,48.99999],[76.75174,48.99619],[76.76909,48.99548],[76.77258,48.99202],[76.79167,48.99167],[76.79252,48.99498],[76.79804,48.9964],[76.81446,49.01193],[76.81888,49.01307],[76.82279,49.0161],[76.83138,49.01723],[76.84362,49.0286],[76.84804,49.02973],[76.85208,49.03286],[76.85612,49.02973],[76.86054,49.0286],[76.86446,49.02557],[76.87177,49.02443],[76.88112,49.03277],[76.88554,49.0339],[76.88946,49.03693],[76.89388,49.03807],[76.90413,49.04736],[76.90047,49.05208],[76.9036,49.05612],[76.90417,49.05833],[76.91667,49.05833],[76.91884,49.05773],[76.92446,49.05356],[76.92717,49.05477],[76.93125,49.05779],[76.93696,49.05356],[76.94384,49.05477],[76.94946,49.05894],[76.95764,49.0575],[76.95894,49.03949],[76.9619,49.03551],[76.96328,49.02579],[76.97283,49.01727],[76.97717,49.01606],[76.98116,49.0131],[76.98659,49.01159],[76.9881,49.00616],[76.99523,48.99801],[76.99674,48.99257],[77.00217,48.99106],[77.01033,48.98394],[77.0125,48.98333],[77.01335,48.98002],[77.01667,48.97917],[77.03242,48.97977],[77.0339,48.98554],[77.03693,48.98946],[77.03807,48.99804],[77.0411,49.00196],[77.04223,49.00638],[77.04943,49.01446],[77.05057,49.01888],[77.05456,49.02403],[77.06054,49.02557],[77.06458,49.0287],[77.06862,49.02557],[77.07795,49.02443],[77.07973,49.03138],[77.09943,49.05196],[77.1,49.05417],[77.09649,49.05507],[77.09527,49.06888],[77.0911,49.07425],[77.09228,49.09898],[77.11029,49.1161],[77.1125,49.11667],[77.1125,49.12083],[77.11582,49.12168],[77.11667,49.125],[77.12721,49.12557],[77.13259,49.12973],[77.15638,49.1286],[77.16029,49.12557],[77.17304,49.12443],[77.1824,49.1161],[77.18554,49.11723],[77.18958,49.12036],[77.19362,49.11723],[77.19804,49.1161],[77.20196,49.11307],[77.21571,49.11184],[77.22027,49.10638],[77.22168,49.10085],[77.22877,49.09903],[77.23277,49.09388],[77.2339,49.08946],[77.23693,49.08554],[77.23842,49.07975],[77.24779,49.0714],[77.25221,49.07027],[77.25612,49.06723],[77.26184,49.06577],[77.26315,49.05097],[77.27279,49.04223],[77.27721,49.0411],[77.28112,49.03807],[77.2871,49.03653],[77.2911,49.03138],[77.29167,49.02917],[77.29202,49.02255],[77.29758,49.01702],[77.30242,49.01631],[77.30591,49.01285],[77.31079,49.01214],[77.31631,49.00659],[77.31667,49.00417],[77.31732,48.99679],[77.32415,48.9911],[77.33138,48.99223],[77.34362,49.0036],[77.35638,49.00473],[77.36175,49.0089],[77.36649,49.00708],[77.37027,49.00221],[77.37172,48.99654],[77.38241,48.99513],[77.38693,48.98971],[77.38807,48.98112],[77.3911,48.97721],[77.39252,48.97168],[77.39915,48.96998],[77.40089,48.96321],[77.41161,48.96179],[77.4125,48.95833],[77.41008,48.95798],[77.40036,48.94829],[77.39965,48.93924],[77.39585,48.93542],[77.40381,48.92742],[77.40452,48.91912],[77.40035,48.91492],[77.39965,48.90591],[77.39619,48.90242],[77.39583,48.89583],[77.39583,48.89167],[77.39826,48.89131],[77.40591,48.88369],[77.41076,48.88298],[77.41424,48.87952],[77.41667,48.87917],[77.41998,48.87832],[77.42083,48.875],[77.42742,48.87465],[77.43508,48.86702],[77.43992,48.86631],[77.44412,48.86215],[77.46909,48.86285],[77.47258,48.86631],[77.475,48.86667],[77.47742,48.86631],[77.48091,48.86285],[77.48333,48.8625],[77.48369,48.86005],[77.49758,48.84619],[77.50242,48.84548],[77.51008,48.83785],[77.51492,48.83715],[77.51912,48.83298],[77.52742,48.83369],[77.53125,48.83749],[77.53508,48.83369],[77.53992,48.83298],[77.54758,48.82535],[77.55,48.825],[77.56492,48.82465],[77.57258,48.81702],[77.57742,48.81631],[77.58091,48.81285],[77.60659,48.81215],[77.61008,48.80869],[77.6125,48.80833],[77.61307,48.79779],[77.6161,48.79388],[77.61723,48.78946],[77.62027,48.78554],[77.6214,48.78112],[77.62443,48.77721],[77.62557,48.77279],[77.6286,48.76888],[77.63005,48.76321],[77.63971,48.76193],[77.64362,48.7589],[77.64804,48.75777],[77.65196,48.75473],[77.65638,48.7536],[77.66029,48.75057],[77.66471,48.74943],[77.66862,48.7464],[77.67304,48.74527],[77.68529,48.7339],[77.70221,48.73277],[77.71029,48.72557],[77.71627,48.72403],[77.72027,48.71888],[77.72173,48.71316],[77.72917,48.7125],[77.73333,48.7125],[77.74167,48.7125],[77.74409,48.71285],[77.74792,48.71665],[77.75591,48.70869],[77.76909,48.70798],[77.77292,48.70418],[77.77708,48.70832],[77.78162,48.70381],[77.79409,48.70452],[77.79758,48.70798],[77.80242,48.70869],[77.80591,48.71215],[77.81076,48.71285],[77.81912,48.72119],[77.82742,48.72048],[77.83091,48.71702],[77.86492,48.71631],[77.86912,48.71215],[77.87742,48.71285],[77.88578,48.72119],[77.89826,48.72048],[77.90591,48.71285],[77.925,48.7125],[77.92597,48.70873],[77.93112,48.70473],[77.94909,48.70353],[77.95,48.7],[77.95659,48.70035],[77.96008,48.70381],[77.96492,48.70452],[77.97292,48.71249],[77.97674,48.70869],[78.0,48.70833],[78.00346,48.70745],[78.00473,48.69779],[78.01193,48.68971],[78.01335,48.68418],[78.01667,48.68333],[78.02917,48.68333],[78.03554,48.6839],[78.03946,48.68693],[78.05221,48.68807],[78.05625,48.6912],[78.06042,48.68797],[78.06446,48.6911],[78.07721,48.69223],[78.08259,48.6964],[78.10318,48.69521],[78.10777,48.68971],[78.1089,48.68529],[78.11193,48.68138],[78.11347,48.6754],[78.12009,48.67027],[78.12721,48.6714],[78.13259,48.67557],[78.15221,48.67443],[78.16029,48.66723],[78.16995,48.66596],[78.17083,48.6625],[78.17742,48.66285],[78.18091,48.66631],[78.18576,48.66702],[78.19131,48.67254],[78.19167,48.675],[78.19409,48.67535],[78.20174,48.68298],[78.20659,48.68369],[78.21008,48.68715],[78.21492,48.68785],[78.21841,48.69131],[78.22329,48.69202],[78.23715,48.70591],[78.23786,48.71079],[78.24341,48.71631],[78.24826,48.71702],[78.25174,48.72048],[78.25417,48.72083],[78.25662,48.72048],[78.26215,48.71492],[78.2625,48.7125],[78.28138,48.71193],[78.28542,48.7088],[78.28946,48.71193],[78.29388,48.71307],[78.3116,48.72984],[78.31307,48.73554],[78.31706,48.7407],[78.32415,48.74252],[78.32557,48.74804],[78.3286,48.75196],[78.32917,48.75833],[78.34167,48.75833],[78.34409,48.75869],[78.34758,48.76215],[78.35242,48.76285],[78.36631,48.77671],[78.36667,48.77917],[78.37083,48.77917],[78.38333,48.77917],[78.38333,48.775],[78.38415,48.76696],[78.38953,48.76314],[78.39648,48.76105],[78.39519,48.74787],[78.39102,48.74199],[78.39365,48.73696],[78.39786,48.73398],[78.40342,48.7323],[78.40494,48.71739],[78.42714,48.71602],[78.4312,48.71314],[78.45332,48.71178],[78.45481,48.70203],[78.46186,48.6938],[78.46346,48.68846],[78.47086,48.68624],[78.47564,48.67949],[78.47436,48.67287],[78.47143,48.66874],[78.48686,48.65213],[78.4875,48.64167],[78.49082,48.64082],[78.49167,48.6375],[78.50417,48.6375],[78.50502,48.64082],[78.50833,48.64167],[78.5089,48.65221],[78.51193,48.65612],[78.51321,48.66578],[78.52012,48.66755],[78.5214,48.67721],[78.52975,48.68658],[78.53665,48.68835],[78.53807,48.69388],[78.54642,48.70325],[78.55346,48.70505],[78.55473,48.71471],[78.56193,48.72279],[78.5625,48.725],[78.57326,48.72535],[78.57745,48.72952],[78.58159,48.72881],[78.58579,48.72465],[78.58992,48.72535],[78.60591,48.74131],[78.61076,48.74202],[78.61424,48.74548],[78.63159,48.74619],[78.63508,48.74965],[78.64826,48.75035],[78.66424,48.76631],[78.67083,48.76667],[78.6714,48.76888],[78.68818,48.7866],[78.69498,48.78835],[78.6964,48.79388],[78.69943,48.79779],[78.7,48.8],[78.70659,48.80035],[78.71008,48.80381],[78.73992,48.80452],[78.74412,48.80869],[78.77326,48.80798],[78.78091,48.80035],[78.78333,48.8],[78.78576,48.79965],[78.79341,48.79202],[78.79583,48.79167],[78.79668,48.78835],[78.8,48.7875],[78.80417,48.7875],[78.80638,48.78693],[78.81029,48.7839],[78.8241,48.78267],[78.82585,48.77585],[78.83138,48.77443],[78.83946,48.76723],[78.85221,48.7661],[78.85612,48.76307],[78.86054,48.76193],[78.86458,48.7588],[78.86862,48.76193],[78.87721,48.76307],[78.88658,48.77142],[78.8875,48.775],[78.89826,48.77465],[78.90174,48.77119],[78.90833,48.77083],[78.91462,48.77018],[78.91871,48.76732],[78.92566,48.76518],[78.92434,48.75204],[78.92089,48.74709],[78.92704,48.74232],[78.95066,48.74084],[78.94379,48.73399],[78.94167,48.73333],[78.93811,48.73242],[78.9375,48.71667],[78.93693,48.71029],[78.9339,48.70638],[78.93273,48.67591],[78.92696,48.67443],[78.92304,48.6714],[78.91752,48.66998],[78.91667,48.66667],[78.91888,48.6661],[78.92696,48.6589],[78.93971,48.65777],[78.94362,48.65473],[78.95328,48.65346],[78.95417,48.65],[78.96492,48.64965],[78.96841,48.64619],[78.97742,48.64548],[78.98091,48.64202],[79.00833,48.64167],[79.01054,48.6411],[79.01592,48.63693],[79.0573,48.63809],[79.07027,48.65196],[79.07172,48.65762],[79.08138,48.6589],[79.08529,48.66193],[79.10221,48.66307],[79.10612,48.6661],[79.12083,48.66667],[79.12329,48.66631],[79.13298,48.65659],[79.13369,48.64755],[79.14758,48.63369],[79.15242,48.63298],[79.16008,48.62535],[79.17326,48.62465],[79.17708,48.62085],[79.18091,48.62465],[79.19409,48.62535],[79.19829,48.62952],[79.21492,48.62881],[79.21841,48.62535],[79.22742,48.62465],[79.23162,48.62048],[79.23992,48.62119],[79.24341,48.62465],[79.24826,48.62535],[79.25245,48.62952],[79.25662,48.62881],[79.26215,48.62326],[79.26286,48.61421],[79.26841,48.60869],[79.27326,48.60798],[79.28091,48.60035],[79.29583,48.6],[79.29619,48.59341],[79.29965,48.58992],[79.30035,48.57674],[79.30452,48.57255],[79.30381,48.56841],[79.30035,48.56492],[79.29965,48.56008],[79.29619,48.55659],[79.29548,48.55174],[79.29202,48.54826],[79.29167,48.54167],[79.31909,48.54131],[79.32292,48.53751],[79.32674,48.54131],[79.32917,48.54167],[79.33554,48.54223],[79.33958,48.54536],[79.34362,48.54223],[79.34804,48.5411],[79.35342,48.53693],[79.35752,48.53851],[79.35955,48.5464],[79.3658,48.54503],[79.36759,48.53808],[79.37696,48.52973],[79.37917,48.52917],[79.37952,48.51838],[79.38508,48.51285],[79.40242,48.51215],[79.40591,48.50869],[79.4125,48.50833],[79.4131,48.49269],[79.42696,48.47973],[79.43294,48.4782],[79.43693,48.47304],[79.43807,48.46862],[79.4411,48.46471],[79.44233,48.4509],[79.4496,48.44903],[79.4536,48.44388],[79.45417,48.44167],[79.46076,48.44131],[79.46424,48.43785],[79.47917,48.4375],[79.48333,48.4375],[79.4841,48.42554],[79.49789,48.41317],[79.50759,48.41162],[79.509,48.38956],[79.51183,48.38544],[79.51333,48.37606],[79.5215,48.37347],[79.52017,48.36456],[79.516,48.3585],[79.51755,48.35104],[79.52294,48.34933],[79.52706,48.3465],[79.53349,48.34446],[79.53683,48.33961],[79.53887,48.33317],[79.54566,48.3285],[79.55628,48.32983],[79.56174,48.33359],[79.56308,48.29971],[79.559,48.29378],[79.55833,48.26667],[79.55925,48.2631],[79.59804,48.26193],[79.60196,48.2589],[79.61471,48.25777],[79.61862,48.25473],[79.62721,48.2536],[79.63112,48.25057],[79.66667,48.25],[79.675,48.25],[79.67585,48.24668],[79.67917,48.24583],[79.69492,48.24523],[79.69583,48.24167],[79.69619,48.23091],[79.69965,48.22742],[79.70035,48.20591],[79.70415,48.20208],[79.70035,48.19826],[79.7,48.16667],[79.71471,48.16723],[79.72009,48.1714],[79.72482,48.16958],[79.7286,48.16471],[79.72988,48.15505],[79.73665,48.15332],[79.7375,48.15],[79.73715,48.14341],[79.73369,48.13992],[79.73333,48.1375],[79.73665,48.13665],[79.73842,48.12976],[79.78138,48.1286],[79.78675,48.12443],[79.79388,48.12557],[79.79793,48.1287],[79.80624,48.1213],[79.81029,48.12443],[79.825,48.125],[79.83243,48.12434],[79.83333,48.12083],[79.83418,48.11752],[79.8375,48.11667],[79.83971,48.1161],[79.84362,48.11307],[79.84938,48.11159],[79.85,48.1],[79.86492,48.10035],[79.86841,48.10381],[79.89826,48.10452],[79.90174,48.10798],[79.91492,48.10869],[79.91841,48.11215],[79.92326,48.11285],[79.92674,48.11631],[79.92917,48.11667],[79.93138,48.1161],[79.93675,48.11193],[79.94388,48.11307],[79.94779,48.1161],[79.95221,48.11723],[79.95759,48.1214],[79.97826,48.12021],[79.98009,48.11308],[79.99073,48.1036],[80.01054,48.10473],[80.01458,48.10786],[80.02009,48.1036],[80.02304,48.10473],[80.02842,48.1089],[80.03138,48.10777],[80.03946,48.10057],[80.05417,48.1],[80.05452,48.10246],[80.06008,48.10798],[80.0625,48.10833],[80.06307,48.11471],[80.0661,48.11862],[80.06723,48.12721],[80.07027,48.13112],[80.0714,48.13554],[80.07443,48.13946],[80.07591,48.14523],[80.10638,48.1464],[80.11029,48.14943],[80.11471,48.15057],[80.12279,48.15777],[80.12721,48.1589],[80.13529,48.1661],[80.13971,48.16723],[80.14362,48.17027],[80.15221,48.1714],[80.15759,48.17557],[80.16054,48.17443],[80.16446,48.1714],[80.17304,48.17027],[80.17696,48.16723],[80.17917,48.16667],[80.18138,48.1661],[80.18529,48.16307],[80.18971,48.16193],[80.19362,48.1589],[80.21054,48.15777],[80.21592,48.1536],[80.22304,48.15473],[80.22842,48.1589],[80.23138,48.15777],[80.23675,48.1536],[80.25221,48.15473],[80.25759,48.1589],[80.26054,48.15777],[80.26446,48.15473],[80.28138,48.1536],[80.29073,48.14527],[80.29912,48.14657],[80.30121,48.15473],[80.32721,48.1536],[80.34068,48.1411],[80.36888,48.14223],[80.37425,48.1464],[80.38138,48.14527],[80.38529,48.14223],[80.38971,48.1411],[80.39362,48.13807],[80.40417,48.1375],[80.41076,48.13785],[80.41424,48.14131],[80.42917,48.14167],[80.43333,48.14167],[80.43684,48.14077],[80.4375,48.13333],[80.44101,48.13243],[80.44167,48.125],[80.44388,48.12557],[80.44792,48.1287],[80.45196,48.12557],[80.48242,48.12439],[80.48418,48.11752],[80.4875,48.11667],[80.49082,48.11752],[80.49223,48.12304],[80.49527,48.12696],[80.49668,48.13248],[80.50221,48.1339],[80.51029,48.1411],[80.51471,48.14223],[80.51875,48.14536],[80.52292,48.14214],[80.52696,48.14527],[80.52917,48.14583],[80.52917,48.15],[80.53159,48.15035],[80.53508,48.15381],[80.53992,48.15452],[80.54341,48.15798],[80.55242,48.15869],[80.55591,48.16215],[80.56912,48.16286],[80.57465,48.16841],[80.57535,48.18162],[80.58508,48.19131],[80.58992,48.19202],[80.59341,48.19548],[80.6,48.19583],[80.60035,48.19826],[80.60415,48.20208],[80.59585,48.21042],[80.60171,48.21631],[80.61076,48.21702],[80.61424,48.22048],[80.63576,48.22119],[80.64131,48.22671],[80.64202,48.23992],[80.65381,48.25174],[80.65417,48.25417],[80.65332,48.25748],[80.64668,48.25918],[80.64583,48.2625],[80.64619,48.27742],[80.65381,48.28508],[80.65417,48.30417],[80.66076,48.30452],[80.66424,48.30798],[80.66909,48.30869],[80.67258,48.31215],[80.68159,48.31285],[80.70174,48.33298],[80.70659,48.33369],[80.71079,48.33785],[80.71909,48.33715],[80.72329,48.33298],[80.73992,48.33369],[80.74341,48.33715],[80.77083,48.3375],[80.7714,48.34388],[80.78013,48.3535],[80.79241,48.35473],[80.79779,48.35057],[80.82379,48.34943],[80.825,48.35417],[80.82443,48.36054],[80.82057,48.36553],[80.82721,48.36723],[80.83112,48.37027],[80.84078,48.37154],[80.84223,48.37721],[80.84943,48.38529],[80.85057,48.38971],[80.8536,48.39362],[80.85473,48.39804],[80.85777,48.40196],[80.85833,48.40417],[80.86492,48.40452],[80.86841,48.40798],[80.87326,48.40869],[80.87674,48.41215],[80.88333,48.4125],[80.88547,48.41186],[80.88953,48.40898],[80.90032,48.40769],[80.9062,48.41186],[80.91463,48.41314],[80.9187,48.41602],[80.92297,48.41731],[80.92703,48.42019],[80.9409,48.4216],[80.94167,48.42917],[80.94383,48.42978],[80.94953,48.43395],[80.9908,48.43268],[80.99522,48.42716],[80.99645,48.41867],[80.99938,48.41466],[81.001,48.40355],[81.03663,48.40482],[81.04522,48.41451],[81.04705,48.42091],[81.05201,48.41728],[81.06153,48.4159],[81.06351,48.40898],[81.0875,48.40833],[81.0875,48.40417],[81.08824,48.39664],[81.09799,48.39522],[81.10201,48.39228],[81.11297,48.39105],[81.11967,48.39595],[81.12083,48.4],[81.125,48.4],[81.12535,48.39758],[81.12881,48.39409],[81.12917,48.39167],[81.12881,48.38091],[81.12119,48.37326],[81.12083,48.36667],[81.13234,48.36605],[81.13693,48.36054],[81.13835,48.35502],[81.14388,48.3536],[81.14779,48.35057],[81.15221,48.34943],[81.16156,48.3411],[81.16471,48.34223],[81.16862,48.34527],[81.17083,48.34583],[81.17426,48.34686],[81.17588,48.36275],[81.1812,48.35898],[81.18547,48.35769],[81.18953,48.35481],[81.1938,48.35352],[81.19792,48.3506],[81.21453,48.36602],[81.2313,48.36731],[81.23624,48.37081],[81.2375,48.375],[81.24583,48.375],[81.26471,48.37443],[81.26862,48.3714],[81.27721,48.37027],[81.28112,48.36723],[81.30221,48.3661],[81.30612,48.36307],[81.31578,48.36179],[81.31752,48.35502],[81.32415,48.35332],[81.325,48.35],[81.32746,48.34964],[81.33298,48.34409],[81.33369,48.33921],[81.34341,48.32952],[81.34826,48.32881],[81.36008,48.31702],[81.36495,48.31631],[81.37881,48.30242],[81.37952,48.29758],[81.39131,48.28576],[81.39167,48.28333],[81.3991,48.28267],[81.4009,48.27566],[81.40833,48.275],[81.40918,48.27168],[81.4125,48.27083],[81.41327,48.26327],[81.42713,48.26186],[81.43537,48.25481],[81.45213,48.25352],[81.4562,48.25064],[81.48229,48.24931],[81.48439,48.24234],[81.5313,48.24102],[81.54787,48.22564],[81.55213,48.22436],[81.5562,48.22148],[81.57083,48.22083],[81.57119,48.21008],[81.575,48.20624],[81.56492,48.19619],[81.5625,48.19583],[81.56215,48.18924],[81.55035,48.17742],[81.55,48.175],[81.54244,48.17423],[81.54167,48.16667],[81.53333,48.16667],[81.53333,48.1625],[81.53298,48.16008],[81.52952,48.15659],[81.52881,48.15171],[81.51909,48.14202],[81.51667,48.14167],[81.5,48.14167],[81.49965,48.13091],[81.48785,48.11909],[81.48715,48.11424],[81.47952,48.10659],[81.47917,48.1],[81.47973,48.09779],[81.4839,48.09241],[81.48277,48.08529],[81.4786,48.07991],[81.47973,48.06446],[81.49122,48.05209],[81.4839,48.04388],[81.48248,48.03835],[81.47585,48.03665],[81.47403,48.02956],[81.46888,48.02557],[81.46446,48.02443],[81.46054,48.0214],[81.45196,48.02027],[81.44658,48.0161],[81.44362,48.01723],[81.43825,48.0214],[81.43006,48.0201],[81.42557,48.01471],[81.42443,48.00612],[81.42027,48.00075],[81.4214,47.99362],[81.42443,47.98971],[81.42557,47.98529],[81.4339,47.97594],[81.43277,47.96862],[81.4286,47.96325],[81.43042,47.95851],[81.43529,47.95473],[81.44491,47.95346],[81.44943,47.94804],[81.45,47.9375],[81.46076,47.93715],[81.46424,47.93369],[81.48576,47.93298],[81.48924,47.92952],[81.49167,47.92917],[81.4911,47.92696],[81.48807,47.92304],[81.48693,47.91862],[81.48277,47.91325],[81.48407,47.90505],[81.4875,47.90417],[81.48835,47.90085],[81.49167,47.9],[81.49796,47.89934],[81.50621,47.89232],[81.51259,47.89035],[81.51601,47.88546],[81.51742,47.86742],[81.53723,47.86587],[81.54101,47.86046],[81.54262,47.85016],[81.54792,47.84646],[81.55204,47.84934],[81.58129,47.85066],[81.58538,47.85351],[81.60212,47.85482],[81.60621,47.85768],[81.60833,47.85833],[81.60869,47.85588],[81.61841,47.84619],[81.62083,47.84583],[81.62083,47.84167],[81.62146,47.83008],[81.625,47.82917],[81.62443,47.82279],[81.61723,47.81471],[81.6161,47.80612],[81.61307,47.80221],[81.61193,47.79362],[81.60777,47.78825],[81.60897,47.77182],[81.61862,47.76307],[81.62439,47.76159],[81.625,47.74583],[81.62585,47.74252],[81.63138,47.7411],[81.64779,47.72557],[81.65638,47.72443],[81.66029,47.7214],[81.66582,47.71998],[81.66667,47.71667],[81.68576,47.71631],[81.68924,47.71285],[81.70659,47.71215],[81.71008,47.70869],[81.725,47.70833],[81.72917,47.70833],[81.73159,47.70798],[81.73508,47.70452],[81.73996,47.70381],[81.74548,47.69826],[81.74583,47.6875],[81.74491,47.68392],[81.73554,47.67557],[81.73002,47.67415],[81.72832,47.66752],[81.72151,47.66577],[81.70473,47.64804],[81.7032,47.64206],[81.69804,47.63807],[81.69228,47.63659],[81.6911,47.61029],[81.68807,47.60638],[81.6875,47.60417],[81.6802,47.60342],[81.67852,47.59786],[81.67471,47.59249],[81.6591,47.5909],[81.65769,47.57703],[81.65481,47.57297],[81.65417,47.57083],[81.65473,47.56862],[81.65777,47.56471],[81.65918,47.55918],[81.6625,47.55833],[81.66327,47.55077],[81.67083,47.55],[81.67304,47.54943],[81.67696,47.5464],[81.68971,47.54527],[81.69362,47.54223],[81.69915,47.54082],[81.7009,47.53399],[81.71577,47.53267],[81.71667,47.52917],[81.71604,47.51869],[81.71187,47.5129],[81.71313,47.51035],[81.7173,47.50456],[81.716,47.46333],[81.71048,47.45896],[81.70027,47.45744],[81.69646,47.45215],[81.6952,47.43952],[81.69104,47.43373],[81.6923,47.40619],[81.6952,47.40215],[81.69646,47.39785],[81.70063,47.39206],[81.69922,47.37987],[81.67702,47.37854],[81.67298,47.37563],[81.66349,47.37422],[81.66155,47.36761],[81.65619,47.36604],[81.65215,47.36313],[81.64678,47.36155],[81.64583,47.35833],[81.6464,47.35196],[81.64943,47.34804],[81.65085,47.34252],[81.65638,47.3411],[81.67279,47.32557],[81.67721,47.32443],[81.68529,47.31723],[81.69082,47.31582],[81.69167,47.3125],[81.71492,47.31285],[81.71841,47.31631],[81.72742,47.31702],[81.73508,47.32465],[81.74583,47.325],[81.7468,47.32877],[81.75196,47.33277],[81.75638,47.3339],[81.76029,47.33693],[81.78242,47.33812],[81.78425,47.34525],[81.79362,47.3536],[81.79804,47.35473],[81.80196,47.35777],[81.80417,47.35833],[81.80489,47.36587],[81.81326,47.36711],[81.81866,47.36311],[81.82917,47.3625],[81.84409,47.36215],[81.84758,47.35869],[81.85659,47.35798],[81.86008,47.35452],[81.87326,47.35381],[81.87674,47.35035],[81.89409,47.34965],[81.90591,47.33785],[81.91076,47.33715],[81.91841,47.32952],[81.92326,47.32881],[81.93091,47.32119],[81.95,47.32083],[81.95221,47.32027],[81.95612,47.31723],[81.96054,47.3161],[81.96862,47.3089],[81.97304,47.30777],[81.98112,47.30057],[81.98554,47.29943],[81.99362,47.29223],[81.99804,47.2911],[82.00196,47.28807],[82.01054,47.28693],[82.01862,47.27973],[82.02304,47.2786],[82.04362,47.2589],[82.04915,47.25748],[82.05057,47.25196],[82.0536,47.24804],[82.05417,47.24583],[82.07083,47.24583],[82.07083,47.24167],[82.07119,47.23088],[82.08924,47.21285],[82.09167,47.2125],[82.09257,47.21601],[82.10638,47.21723],[82.11175,47.2214],[82.12304,47.22027],[82.12696,47.21723],[82.13554,47.2161],[82.13946,47.21307],[82.17721,47.21193],[82.18112,47.2089],[82.18333,47.20833],[82.1875,47.20833],[82.18992,47.20798],[82.19341,47.20452],[82.20242,47.20381],[82.20591,47.20035],[82.21076,47.19965],[82.21424,47.19619],[82.21667,47.19583],[82.225,47.19583],[82.22557,47.20221],[82.2286,47.20612],[82.23005,47.21179],[82.23971,47.21307],[82.24362,47.2161],[82.24804,47.21723],[82.25741,47.22558],[82.25833,47.22917],[82.26577,47.22983],[82.26667,47.23333],[82.2688,47.23269],[82.27286,47.22981],[82.31575,47.22852],[82.31667,47.2375],[82.33992,47.23715],[82.34341,47.23369],[82.34826,47.23298],[82.35174,47.22952],[82.36076,47.22881],[82.36424,47.22535],[82.36909,47.22465],[82.37329,47.22048],[82.38576,47.22119],[82.38958,47.22499],[82.39341,47.22119],[82.4,47.22083],[82.40417,47.22083],[82.4053,47.2164],[82.41175,47.2214],[82.42721,47.22027],[82.43112,47.21723],[82.43333,47.21667],[82.43418,47.21335],[82.43971,47.21193],[82.44362,47.2089],[82.45833,47.20833],[82.45869,47.20591],[82.46631,47.19826],[82.46667,47.19167],[82.46667,47.1875],[82.475,47.1875],[82.47917,47.1875],[82.47973,47.18971],[82.48277,47.19362],[82.48418,47.19915],[82.48971,47.20057],[82.49362,47.2036],[82.52304,47.20473],[82.5324,47.21307],[82.55638,47.21193],[82.56029,47.2089],[82.58971,47.20777],[82.59362,47.20473],[82.59804,47.2036],[82.60612,47.1964],[82.6125,47.19583],[82.61339,47.19238],[82.62304,47.1911],[82.62696,47.18807],[82.63138,47.18693],[82.63529,47.1839],[82.65221,47.18277],[82.65612,47.17973],[82.66054,47.1786],[82.67279,47.16723],[82.68138,47.1661],[82.68529,47.16307],[82.68971,47.16193],[82.69362,47.1589],[82.70221,47.15777],[82.70759,47.1536],[82.71988,47.15484],[82.72443,47.16029],[82.7257,47.1699],[82.74362,47.18693],[82.74804,47.18807],[82.7574,47.1964],[82.76054,47.19527],[82.7699,47.18693],[82.79804,47.18807],[82.80342,47.19223],[82.81054,47.1911],[82.81446,47.18807],[82.82304,47.18693],[82.82696,47.1839],[82.84583,47.18333],[82.84619,47.18576],[82.84965,47.18924],[82.85036,47.19412],[82.86495,47.20869],[82.87326,47.20798],[82.87745,47.20381],[82.88159,47.20452],[82.88508,47.20798],[82.89409,47.20869],[82.89758,47.21215],[82.90833,47.2125],[82.91888,47.21307],[82.92403,47.21706],[82.9259,47.22434],[82.94077,47.22566],[82.94167,47.22917],[82.94583,47.22917],[82.95242,47.22881],[82.95625,47.22501],[82.96042,47.22915],[82.96424,47.22535],[82.97326,47.22465],[82.97674,47.22119],[82.98576,47.22048],[82.98924,47.21702],[82.99409,47.21631],[82.99758,47.21285],[83.0,47.2125],[83.00242,47.21285],[83.00662,47.21702],[83.01492,47.21631],[83.01841,47.21285],[83.02917,47.2125],[83.02952,47.21496],[83.03508,47.22048],[83.0375,47.22083],[83.03827,47.21755],[83.04267,47.21618],[83.04775,47.2203],[83.05417,47.22083],[83.05452,47.22329],[83.06079,47.22952],[83.08576,47.22881],[83.09341,47.22119],[83.09826,47.22048],[83.10174,47.21702],[83.10417,47.21667],[83.10659,47.21702],[83.11841,47.22881],[83.12326,47.22952],[83.12674,47.23298],[83.1375,47.23333],[83.13841,47.23688],[83.15,47.2375],[83.15242,47.23715],[83.15591,47.23369],[83.1625,47.23333],[83.16335,47.23002],[83.16888,47.2286],[83.17696,47.2214],[83.18138,47.22027],[83.18529,47.21723],[83.20319,47.21603],[83.20777,47.21054],[83.20833,47.2],[83.20925,47.19642],[83.21862,47.18807],[83.23659,47.18686],[83.23835,47.18002],[83.24388,47.1786],[83.24925,47.17443],[83.28138,47.17557],[83.29073,47.1839],[83.29388,47.18277],[83.29779,47.17973],[83.30221,47.1786],[83.30612,47.17557],[83.31578,47.17429],[83.31667,47.17083],[83.33576,47.17119],[83.33924,47.17465],[83.35242,47.17535],[83.35625,47.17915],[83.36008,47.17535],[83.3625,47.175],[83.36596,47.17411],[83.36737,47.16343],[83.37696,47.15473],[83.38294,47.1532],[83.38693,47.14804],[83.38821,47.13839],[83.39388,47.13693],[83.39779,47.1339],[83.40332,47.13248],[83.40513,47.1254],[83.41029,47.1214],[83.41627,47.11987],[83.42027,47.11471],[83.42083,47.1125],[83.43234,47.11312],[83.43693,47.11862],[83.43847,47.1246],[83.44509,47.12973],[83.45744,47.12849],[83.45833,47.125],[83.45869,47.12254],[83.46424,47.11702],[83.47083,47.11667],[83.48159,47.11631],[83.48924,47.10869],[83.50242,47.10798],[83.51841,47.09202],[83.52083,47.09167],[83.52304,47.0911],[83.52696,47.08807],[83.54493,47.08686],[83.54583,47.08333],[83.54915,47.08248],[83.55,47.07917],[83.56586,47.07851],[83.56711,47.07008],[83.56253,47.06389],[83.57016,47.05773],[83.57301,47.05894],[83.57863,47.0631],[83.59384,47.0619],[83.60616,47.0506],[83.62301,47.0494],[83.62699,47.04644],[83.63333,47.04583],[83.63992,47.04548],[83.64412,47.04131],[83.64826,47.04202],[83.65245,47.04619],[83.66076,47.04548],[83.66424,47.04202],[83.67326,47.04131],[83.68162,47.03298],[83.68992,47.03369],[83.69412,47.03785],[83.69829,47.03714],[83.70381,47.03159],[83.70452,47.02255],[83.71008,47.01702],[83.7125,47.01667],[83.71335,47.01998],[83.71667,47.02083],[83.71757,47.02434],[83.725,47.025],[83.72917,47.025],[83.72952,47.02746],[83.73508,47.03298],[83.75,47.03333],[83.7509,47.02983],[83.76471,47.0286],[83.76862,47.02557],[83.78138,47.02443],[83.78529,47.0214],[83.78971,47.02027],[83.79779,47.01307],[83.81471,47.01193],[83.82279,47.00473],[83.82721,47.0036],[83.83112,47.00057],[83.83333,47.0],[83.83369,46.99338],[83.83924,46.98785],[83.84167,46.9875],[83.84263,46.99127],[83.84925,46.9964],[83.86993,46.99521],[83.87175,46.98811],[83.899,46.98689],[83.9036,46.98138],[83.90508,46.97562],[83.91667,46.975],[83.91909,46.97535],[83.92258,46.97881],[83.925,46.97917],[83.92589,46.98262],[83.93554,46.9839],[83.93946,46.98693],[83.95833,46.9875],[83.95955,46.98277],[83.97304,46.9839],[83.98651,46.9964],[83.99388,46.99527],[84.00196,46.98807],[84.00638,46.98693],[84.01029,46.9839],[84.02304,46.98277],[84.02696,46.97973],[84.02917,46.97917],[84.03002,46.97585],[84.03554,46.97443],[84.03946,46.9714],[84.05417,46.97083],[84.05502,46.97415],[84.05833,46.975],[84.08576,46.97465],[84.08924,46.97119],[84.11076,46.97048],[84.11458,46.96668],[84.11841,46.97048],[84.125,46.97083],[84.12591,46.97436],[84.14388,46.97557],[84.14779,46.9786],[84.15417,46.97917],[84.15452,46.98578],[84.16912,47.00035],[84.17326,46.99965],[84.17708,46.99585],[84.18091,46.99965],[84.18333,47.0],[84.19409,47.00035],[84.19758,47.00381],[84.2125,47.00417],[84.21492,47.00381],[84.21912,46.99965],[84.23159,47.00035],[84.23579,47.00452],[84.23992,47.00381],[84.24412,46.99965],[84.25659,47.00035],[84.26079,47.00452],[84.27326,47.00381],[84.27674,47.00035],[84.29826,46.99965],[84.30208,46.99585],[84.30591,46.99965],[84.32083,47.0],[84.32742,47.00035],[84.33162,47.00452],[84.33992,47.00381],[84.34341,47.00035],[84.38333,47.0],[84.38425,47.00356],[84.41888,47.00473],[84.42279,47.00777],[84.45833,47.00833],[84.45869,46.99755],[84.46424,46.99202],[84.48159,46.99131],[84.48924,46.98369],[84.49583,46.98333],[84.49826,46.98298],[84.50174,46.97952],[84.50417,46.97917],[84.50417,46.975],[84.50748,46.97585],[84.50833,46.97917],[84.51492,46.97952],[84.51841,46.98298],[84.52083,46.98333],[84.525,46.98333],[84.53992,46.98369],[84.54758,46.99131],[84.56492,46.99202],[84.56841,46.99548],[84.57326,46.99619],[84.57674,46.99965],[84.59583,47.0],[84.61492,46.99965],[84.61875,46.99585],[84.62292,46.99999],[84.62745,46.99548],[84.63576,46.99619],[84.63924,46.99965],[84.65659,47.00035],[84.66042,47.00415],[84.66495,46.99965],[84.67326,47.00035],[84.67674,47.00381],[84.69167,47.00417],[84.69223,46.98946],[84.69943,46.98138],[84.70057,46.96862],[84.71193,46.95638],[84.71307,46.94779],[84.72027,46.93971],[84.7214,46.93529],[84.72557,46.92991],[84.72443,46.92696],[84.71723,46.91888],[84.71596,46.90922],[84.71029,46.90777],[84.70221,46.90057],[84.69668,46.89915],[84.69498,46.89252],[84.68946,46.8911],[84.68554,46.88807],[84.68112,46.88693],[84.66888,46.87557],[84.66335,46.87415],[84.6625,46.87083],[84.66343,46.86759],[84.66883,46.86605],[84.67453,46.86188],[84.67716,46.86312],[84.68238,46.86693],[84.68395,46.85617],[84.69105,46.84799],[84.69167,46.84583],[84.68924,46.84548],[84.68576,46.84202],[84.68091,46.84131],[84.66909,46.82952],[84.6625,46.82917],[84.6625,46.82083],[84.66371,46.8161],[84.67304,46.81723],[84.67842,46.8214],[84.68316,46.81958],[84.68693,46.81471],[84.68807,46.81029],[84.69223,46.80491],[84.6911,46.78529],[84.68807,46.78138],[84.68653,46.7754],[84.68138,46.7714],[84.65833,46.77083],[84.65798,46.76841],[84.65452,46.76492],[84.65381,46.76008],[84.64202,46.74826],[84.64167,46.74583],[84.63951,46.74522],[84.63419,46.74134],[84.63254,46.72996],[84.6218,46.7284],[84.62022,46.72284],[84.61728,46.71883],[84.61567,46.71317],[84.5885,46.71183],[84.58688,46.70617],[84.58253,46.70074],[84.56867,46.69938],[84.56317,46.69498],[84.5625,46.67917],[84.55591,46.67881],[84.55242,46.67535],[84.54758,46.67465],[84.53992,46.66702],[84.53579,46.66631],[84.53159,46.67048],[84.5125,46.67083],[84.51008,46.67048],[84.50659,46.66702],[84.47745,46.66631],[84.47326,46.67048],[84.47083,46.67083],[84.46667,46.67083],[84.46582,46.66752],[84.4625,46.66667],[84.45918,46.66582],[84.45833,46.6625],[84.45898,46.6562],[84.46314,46.65032],[84.46153,46.64202],[84.45214,46.63398],[84.44786,46.63269],[84.44199,46.62852],[84.4312,46.62981],[84.42708,46.63273],[84.42297,46.62981],[84.37703,46.62852],[84.37297,46.62564],[84.34786,46.62436],[84.33964,46.61731],[84.32577,46.6159],[84.32418,46.60029],[84.3188,46.59648],[84.31667,46.59583],[84.31732,46.58954],[84.32149,46.58358],[84.32018,46.57704],[84.31316,46.56879],[84.31166,46.5544],[84.30629,46.55066],[84.28307,46.5492],[84.28684,46.54379],[84.2875,46.53333],[84.2875,46.525],[84.28508,46.52465],[84.28159,46.52119],[84.275,46.52083],[84.275,46.52083],[84.275,46.5],[84.27442,46.48947],[84.27025,46.48401],[84.27159,46.4759],[84.2772,46.47442],[84.28114,46.47141],[84.2897,46.47025],[84.29364,46.46725],[84.30058,46.46541],[84.29913,46.45901],[84.28426,46.45766],[84.27558,46.44803],[84.275,46.43333],[84.275,46.42917],[84.27144,46.42825],[84.27083,46.4125],[84.26424,46.41285],[84.25659,46.42048],[84.25174,46.42119],[84.24792,46.42499],[84.24409,46.42119],[84.22745,46.42048],[84.22326,46.42465],[84.20662,46.42535],[84.20242,46.42119],[84.17674,46.42048],[84.17119,46.41495],[84.17048,46.40245],[84.17671,46.39619],[84.17917,46.39583],[84.17952,46.39341],[84.18715,46.38576],[84.1875,46.37083],[84.18091,46.37048],[84.17535,46.36495],[84.175,46.35833],[84.16841,46.35869],[84.16492,46.36215],[84.16008,46.36285],[84.15659,46.36631],[84.14412,46.36702],[84.13992,46.36285],[84.13091,46.36215],[84.12742,46.35869],[84.11667,46.35833],[84.11582,46.35502],[84.1125,46.35417],[84.11008,46.35381],[84.10452,46.34829],[84.10417,46.34167],[84.10478,46.33951],[84.10772,46.33549],[84.10895,46.31867],[84.11188,46.31466],[84.11312,46.31034],[84.12855,46.29383],[84.12978,46.26034],[84.13272,46.25633],[84.13395,46.25201],[84.13688,46.24799],[84.13812,46.24367],[84.14522,46.23549],[84.14647,46.15915],[84.1578,46.1575],[84.16605,46.14799],[84.16667,46.1375],[84.16631,46.11424],[84.16251,46.11042],[84.17465,46.09826],[84.175,46.09583],[84.17258,46.09548],[84.16909,46.09202],[84.16424,46.09131],[84.16076,46.08785],[84.15591,46.08715],[84.15242,46.08369],[84.14341,46.08298],[84.13992,46.07952],[84.13091,46.07881],[84.12742,46.07535],[84.12258,46.07465],[84.11909,46.07119],[84.11667,46.07083],[84.11424,46.07048],[84.11076,46.06702],[84.10833,46.06667],[84.10798,46.06008],[84.10452,46.05659],[84.10381,46.04758],[84.09168,46.03542],[84.09965,46.02742],[84.1,46.0125],[84.1,46.00833],[84.08425,46.00773],[84.08333,46.00417],[84.08002,46.00332],[84.07917,46.0],[84.06862,45.99943],[84.06471,45.9964],[84.06029,45.99527],[84.05638,45.99223],[84.02279,45.9911],[84.01888,45.98807],[83.98841,45.98689],[83.98693,45.98112],[83.9839,45.97721],[83.98277,45.96592],[83.98693,45.96054],[83.9875,45.95833],[83.9875,45.95417],[83.98665,45.95085],[83.98112,45.94943],[83.97721,45.9464],[83.97083,45.94583],[83.97023,45.93019],[83.95638,45.91723],[83.93112,45.9161],[83.92721,45.91307],[83.9176,45.9118],[83.90473,45.89804],[83.9036,45.89362],[83.8964,45.88554],[83.89462,45.8786],[83.88946,45.87973],[83.88554,45.88277],[83.87173,45.88399],[83.87083,45.8875],[83.86322,45.88672],[83.8625,45.875],[83.86008,45.87465],[83.85452,45.86912],[83.85417,45.8625],[83.83508,45.86285],[83.83159,45.86631],[83.81424,45.86702],[83.81076,45.87048],[83.80833,45.87083],[83.80777,45.86862],[83.80473,45.86471],[83.8036,45.86029],[83.80057,45.85638],[83.79943,45.84779],[83.79223,45.83971],[83.79096,45.8301],[83.78126,45.82129],[83.77721,45.82443],[83.75924,45.82564],[83.75833,45.82917],[83.74758,45.82881],[83.73369,45.81495],[83.73298,45.80591],[83.72952,45.80242],[83.72917,45.8],[83.725,45.8],[83.72083,45.8],[83.71424,45.79965],[83.70869,45.79412],[83.70833,45.79167],[83.70483,45.79077],[83.70417,45.78333],[83.70174,45.78298],[83.69409,45.77535],[83.68924,45.77465],[83.68576,45.77119],[83.67258,45.77048],[83.66909,45.76702],[83.6625,45.76667],[83.6625,45.75833],[83.66285,45.75591],[83.67119,45.74755],[83.67048,45.73924],[83.66702,45.73576],[83.66667,45.7125],[83.66424,45.71215],[83.65869,45.70662],[83.65833,45.70417],[83.65591,45.70381],[83.64619,45.69412],[83.64583,45.69167],[83.64229,45.69076],[83.64167,45.67917],[83.6411,45.67696],[83.63807,45.67304],[83.63693,45.66446],[83.62973,45.65638],[83.62846,45.64672],[83.62279,45.64527],[83.61741,45.6411],[83.61446,45.64223],[83.61054,45.64527],[83.60612,45.6464],[83.60075,45.65057],[83.59362,45.64943],[83.58957,45.64629],[83.57655,45.65838],[83.5714,45.65221],[83.56962,45.64527],[83.55196,45.6464],[83.54804,45.64943],[83.53529,45.65057],[83.53138,45.6536],[83.51862,45.65473],[83.51471,45.65777],[83.51029,45.6589],[83.50625,45.66203],[83.50221,45.6589],[83.49362,45.65777],[83.48971,45.65473],[83.48418,45.65332],[83.48217,45.64547],[83.47177,45.65473],[83.46029,45.6536],[83.45638,45.65057],[83.45196,45.64943],[83.44804,45.6464],[83.44583,45.64583],[83.42917,45.64583],[83.42827,45.64934],[83.42083,45.65],[83.41841,45.65035],[83.41286,45.65588],[83.4125,45.65833],[83.4125,45.6625],[83.40918,45.66165],[83.40833,45.65833],[83.4009,45.65767],[83.4,45.65417],[83.38924,45.65381],[83.38576,45.65035],[83.3625,45.65],[83.35174,45.64965],[83.34826,45.64619],[83.34583,45.64583],[83.34517,45.6384],[83.34167,45.6375],[83.33091,45.63785],[83.32742,45.64131],[83.32329,45.64202],[83.31909,45.63785],[83.3125,45.6375],[83.31188,45.62601],[83.30221,45.61723],[83.29779,45.6161],[83.28866,45.60797],[83.2875,45.6125],[83.28529,45.61193],[83.28138,45.6089],[83.25924,45.60771],[83.25777,45.60196],[83.25321,45.59649],[83.2384,45.59517],[83.23693,45.58946],[83.2339,45.58554],[83.23333,45.58333],[83.22917,45.58333],[83.22917,45.57917],[83.22917,45.575],[83.22674,45.57465],[83.21076,45.55869],[83.19341,45.55798],[83.18159,45.54619],[83.175,45.54583],[83.15591,45.54548],[83.15242,45.54202],[83.13924,45.54131],[83.13159,45.53369],[83.12917,45.53333],[83.12674,45.53369],[83.12326,45.53715],[83.12083,45.5375],[83.12048,45.53992],[83.11496,45.54548],[83.1125,45.54583],[83.09758,45.54548],[83.08992,45.53785],[83.08508,45.53715],[83.08159,45.53369],[83.06667,45.53333],[83.0661,45.52696],[83.06307,45.52304],[83.06165,45.51752],[83.05833,45.51667],[83.05743,45.51316],[83.05,45.5125],[83.01342,45.51308],[83.0125,45.51667],[83.01008,45.51631],[83.00659,45.51285],[82.9875,45.5125],[82.98007,45.51184],[82.97917,45.50833],[82.96841,45.50798],[82.96492,45.50452],[82.94829,45.50381],[82.94409,45.50798],[82.93995,45.50869],[82.93576,45.50452],[82.93333,45.50417],[82.93112,45.50473],[82.92721,45.50777],[82.92279,45.5089],[82.91888,45.51193],[82.91029,45.51307],[82.90638,45.5161],[82.89779,45.51723],[82.89388,45.52027],[82.88675,45.5214],[82.88124,45.51713],[82.87304,45.52443],[82.86029,45.52557],[82.85513,45.52956],[82.85326,45.53686],[82.83675,45.53807],[82.83138,45.5339],[82.81029,45.53277],[82.80638,45.52973],[82.8,45.52917],[82.79583,45.52917],[82.79341,45.52952],[82.78992,45.53298],[82.78508,45.53369],[82.78159,45.53715],[82.72329,45.53785],[82.71909,45.53369],[82.69167,45.53333],[82.6875,45.53333],[82.68714,45.53088],[82.67326,45.51702],[82.66667,45.51667],[82.6625,45.51667],[82.66165,45.51335],[82.65833,45.5125],[82.65591,45.51215],[82.64826,45.50452],[82.64167,45.50417],[82.64077,45.50066],[82.62597,45.49935],[82.61723,45.48971],[82.61667,45.4875],[82.61424,45.48715],[82.60869,45.48162],[82.60798,45.46424],[82.58995,45.44619],[82.5875,45.44583],[82.57696,45.44527],[82.57304,45.44223],[82.55612,45.4411],[82.55221,45.43807],[82.53946,45.43693],[82.53554,45.4339],[82.52696,45.43277],[82.52304,45.42973],[82.51446,45.4286],[82.50221,45.41723],[82.49779,45.4161],[82.48554,45.40473],[82.48112,45.4036],[82.47304,45.3964],[82.46862,45.39527],[82.45221,45.37973],[82.44779,45.3786],[82.43554,45.36723],[82.43002,45.36582],[82.4286,45.36029],[82.39511,45.32588],[82.38946,45.32443],[82.38554,45.3214],[82.37696,45.32027],[82.37304,45.31723],[82.35196,45.3161],[82.34804,45.31307],[82.34362,45.31193],[82.33425,45.30358],[82.33248,45.29668],[82.32696,45.29527],[82.31888,45.28807],[82.31446,45.28693],[82.31054,45.2839],[82.30833,45.28333],[82.30745,45.27988],[82.29677,45.27846],[82.2839,45.26471],[82.28277,45.26029],[82.27557,45.25221],[82.275,45.25],[82.27535,45.24758],[82.27881,45.24409],[82.27917,45.24167],[82.27826,45.23814],[82.26029,45.23693],[82.25638,45.2339],[82.2375,45.23333],[82.22696,45.23277],[82.22304,45.22973],[82.20612,45.2286],[82.20221,45.22557],[82.18008,45.22438],[82.17917,45.22083],[82.16841,45.22119],[82.16458,45.22499],[82.16076,45.22119],[82.15174,45.22048],[82.14826,45.21702],[82.13508,45.21631],[82.12742,45.20869],[82.12258,45.20798],[82.11909,45.20452],[82.11424,45.20381],[82.11042,45.20001],[82.10659,45.20381],[82.0875,45.20417],[82.08697,45.21475],[82.08386,45.21859],[82.0828,45.22725],[82.0797,45.23109],[82.07864,45.23427],[82.08382,45.24067],[82.08241,45.24518],[82.07275,45.24636],[82.06875,45.2496],[82.06475,45.24636],[82.05725,45.2453],[82.04792,45.25379],[82.03975,45.24636],[82.03525,45.2453],[82.03141,45.2422],[82.0125,45.24167],[82.01215,45.24409],[82.00452,45.25174],[82.00381,45.25659],[81.99619,45.26424],[81.99548,45.26909],[81.99202,45.27258],[81.99131,45.27742],[81.97952,45.28924],[81.97881,45.29409],[81.96702,45.30591],[81.96667,45.30833],[81.96446,45.3089],[81.96054,45.31193],[81.95342,45.31307],[81.94804,45.3089],[81.93259,45.30777],[81.92721,45.31193],[81.92279,45.31307],[81.91888,45.3161],[81.91446,45.31723],[81.91054,45.32027],[81.90612,45.3214],[81.90221,45.32443],[81.89779,45.32557],[81.88554,45.33693],[81.87279,45.33807],[81.86888,45.3411],[81.85612,45.34223],[81.85221,45.34527],[81.84362,45.3464],[81.83554,45.3536],[81.82279,45.35473],[81.81763,45.35873],[81.8161,45.36471],[81.80775,45.37408],[81.80196,45.37557],[81.79804,45.3786],[81.79362,45.37973],[81.78971,45.38277],[81.78418,45.38418],[81.78333,45.3875],[81.78112,45.38693],[81.77175,45.37858],[81.76994,45.37151],[81.75759,45.37027],[81.75208,45.37453],[81.74804,45.3714],[81.74583,45.37083],[81.73414,45.37015],[81.73272,45.36034],[81.72978,45.35633],[81.72917,45.35417],[81.72674,45.35452],[81.72326,45.35798],[81.71008,45.35869],[81.70659,45.36215],[81.70174,45.36285],[81.69826,45.36631],[81.69583,45.36667],[81.69362,45.3661],[81.68971,45.36307],[81.68112,45.36193],[81.66888,45.35057],[81.64906,45.34943],[81.63971,45.35777],[81.63656,45.3589],[81.62721,45.35057],[81.61755,45.34929],[81.61575,45.34227],[81.6,45.34167],[81.59259,45.34099],[81.59109,45.3353],[81.58245,45.32573],[81.57169,45.32427],[81.57025,45.31792],[81.575,45.31667],[81.57434,45.30923],[81.56862,45.30777],[81.56471,45.30473],[81.55612,45.3036],[81.55221,45.30057],[81.55,45.3],[81.54903,45.3034],[81.53951,45.30478],[81.53455,45.30841],[81.53241,45.30093],[81.52701,45.29938],[81.52169,45.2955],[81.52004,45.28413],[81.51034,45.28272],[81.50633,45.27978],[81.49681,45.2784],[81.49583,45.275],[81.4875,45.275],[81.47674,45.27535],[81.47292,45.27915],[81.46076,45.26702],[81.45,45.26667],[81.43831,45.26735],[81.43673,45.2782],[81.43117,45.27978],[81.42716,45.28272],[81.42083,45.28333],[81.4125,45.28333],[81.40591,45.28298],[81.40242,45.27952],[81.39758,45.27881],[81.39409,45.27535],[81.3875,45.275],[81.38715,45.27258],[81.38369,45.26909],[81.38298,45.26421],[81.37292,45.25418],[81.36909,45.25798],[81.36424,45.25869],[81.36076,45.26215],[81.32674,45.26285],[81.31874,45.27083],[81.30869,45.26076],[81.30833,45.25],[81.29362,45.24943],[81.28126,45.23796],[81.27721,45.2411],[81.27425,45.24223],[81.26888,45.23807],[81.26175,45.23693],[81.25638,45.2411],[81.24509,45.24223],[81.23864,45.23724],[81.2375,45.24167],[81.23508,45.24202],[81.23159,45.24548],[81.22917,45.24583],[81.22585,45.24498],[81.22443,45.23946],[81.21983,45.23393],[81.18529,45.23277],[81.17721,45.22557],[81.17168,45.22415],[81.17083,45.22083],[81.17083,45.2125],[81.16733,45.2116],[81.16667,45.20417],[81.15174,45.20452],[81.14826,45.20798],[81.13924,45.20869],[81.13159,45.21631],[81.11424,45.21702],[81.11076,45.22048],[81.10833,45.22083],[81.10417,45.22083],[81.10332,45.21752],[81.1,45.21667],[81.10057,45.21446],[81.10473,45.20908],[81.10349,45.19673],[81.1,45.19583],[81.08508,45.19548],[81.07952,45.18996],[81.07917,45.1875],[81.07881,45.18091],[81.07119,45.17326],[81.07083,45.17083],[81.06841,45.17119],[81.06492,45.17465],[81.05245,45.17535],[81.04409,45.16702],[81.0375,45.16667],[81.03109,45.16614],[81.02725,45.16303],[81.02406,45.16197],[81.01767,45.16715],[81.01327,45.16578],[81.0125,45.1625],[81.00174,45.16215],[80.99826,45.15869],[80.98995,45.15798],[80.98576,45.16215],[80.97674,45.16285],[80.97326,45.16631],[80.95417,45.16667],[80.95328,45.16321],[80.94362,45.16193],[80.93971,45.1589],[80.93529,45.15777],[80.93138,45.15473],[80.9254,45.1532],[80.9214,45.14804],[80.92083,45.14583],[80.9125,45.14583],[80.91153,45.14206],[80.90638,45.13807],[80.90085,45.13665],[80.89943,45.13112],[80.8964,45.12721],[80.89583,45.125],[80.88924,45.12535],[80.88159,45.13298],[80.87329,45.13369],[80.86909,45.12952],[80.85245,45.12881],[80.84826,45.13298],[80.84341,45.13369],[80.83992,45.13715],[80.82917,45.1375],[80.82828,45.14096],[80.81862,45.14223],[80.81471,45.14527],[80.8125,45.14583],[80.80174,45.14619],[80.79826,45.14965],[80.77258,45.15035],[80.76909,45.15381],[80.76495,45.15452],[80.76042,45.15001],[80.75242,45.15798],[80.74341,45.15869],[80.73159,45.17048],[80.72917,45.17083],[80.72917,45.175],[80.72674,45.17465],[80.72326,45.17119],[80.71667,45.17083],[80.7172,45.16442],[80.72553,45.15525],[80.72411,45.15077],[80.71859,45.14947],[80.71058,45.1422],[80.70192,45.14114],[80.69391,45.13386],[80.67692,45.1328],[80.66475,45.12136],[80.6625,45.12083],[80.66008,45.12119],[80.65625,45.12499],[80.65242,45.12119],[80.63924,45.12048],[80.63576,45.11702],[80.62258,45.11631],[80.61492,45.10869],[80.60591,45.10798],[80.60242,45.10452],[80.59829,45.10381],[80.59409,45.10798],[80.57917,45.10833],[80.57083,45.10833],[80.5625,45.10833],[80.56008,45.10869],[80.55625,45.11249],[80.55208,45.10835],[80.54826,45.11215],[80.54583,45.1125],[80.53508,45.11215],[80.53159,45.10869],[80.52917,45.10833],[80.50508,45.10893],[80.5036,45.11471],[80.49908,45.12013],[80.48839,45.12154],[80.48636,45.12943],[80.48138,45.12557],[80.47585,45.12415],[80.47415,45.11752],[80.47083,45.11667],[80.4625,45.11667],[80.46215,45.11005],[80.45659,45.10452],[80.45174,45.10381],[80.44826,45.10035],[80.44341,45.09965],[80.43992,45.09619],[80.4375,45.09583],[80.43785,45.09341],[80.44202,45.08921],[80.44131,45.07671],[80.43159,45.06702],[80.42671,45.06631],[80.42119,45.06076],[80.42083,45.05833],[80.40924,45.05771],[80.40748,45.05085],[80.40196,45.04943],[80.39804,45.0464],[80.38946,45.04527],[80.38554,45.04223],[80.34509,45.0411],[80.33847,45.04623],[80.33693,45.05221],[80.32973,45.06029],[80.32917,45.06667],[80.31008,45.06631],[80.30659,45.06285],[80.29341,45.06215],[80.28992,45.05869],[80.28091,45.05798],[80.27742,45.05452],[80.27258,45.05381],[80.26909,45.05035],[80.2625,45.05],[80.25833,45.05],[80.25833,45.04167],[80.25196,45.0411],[80.24388,45.0339],[80.22696,45.03277],[80.21888,45.02557],[80.21175,45.02443],[80.20638,45.0286],[80.18841,45.0298],[80.18693,45.03554],[80.18316,45.04042],[80.17842,45.04223],[80.17304,45.03807],[80.16985,45.03693],[80.15507,45.05065],[80.15417,45.05417],[80.13841,45.05356],[80.13693,45.04779],[80.12834,45.03832],[80.12205,45.03693],[80.12083,45.04167],[80.11862,45.04223],[80.11471,45.04527],[80.09288,45.0464],[80.0911,45.03946],[80.08652,45.03397],[80.06757,45.0327],[80.0661,45.02696],[80.0589,45.01888],[80.05833,45.01667],[80.05417,45.01667],[80.05351,45.00929],[80.04804,45.00473],[80.04362,45.0036],[80.03554,44.9964],[80.02593,44.99513],[80.01723,44.98554],[80.01576,44.9798],[79.99779,44.9786],[79.99388,44.97557],[79.99167,44.975],[79.99131,44.96841],[79.98785,44.96492],[79.9875,44.9625],[79.98333,44.9625],[79.96029,44.96193],[79.95513,44.95794],[79.9536,44.95196],[79.9464,44.94388],[79.94527,44.93946],[79.94071,44.93399],[79.92696,44.93277],[79.91888,44.92557],[79.91592,44.92443],[79.91054,44.9286],[79.9074,44.92973],[79.89804,44.9214],[79.89252,44.91998],[79.89167,44.91667],[79.88924,44.91631],[79.88369,44.91079],[79.88333,44.90833],[79.88688,44.90742],[79.8875,44.89583],[79.88992,44.89619],[79.89412,44.90035],[79.91492,44.89965],[79.92258,44.89202],[79.93159,44.89131],[79.93508,44.88785],[79.93992,44.88715],[79.94341,44.88369],[79.94829,44.88298],[79.95452,44.87671],[79.95381,44.87258],[79.94548,44.86422],[79.94619,44.85171],[79.95174,44.84619],[79.95659,44.84548],[79.96008,44.84202],[79.96492,44.84131],[79.96841,44.83785],[79.97326,44.83715],[79.98091,44.82952],[79.98576,44.82881],[79.98924,44.82535],[79.99412,44.82464],[80.00035,44.81838],[79.99965,44.80174],[79.99619,44.79826],[79.99583,44.79583],[79.99826,44.79548],[80.00245,44.79131],[80.00659,44.79202],[80.01008,44.79548],[80.02326,44.79619],[80.03091,44.80381],[80.04167,44.80417],[80.04409,44.80381],[80.04829,44.79965],[80.05242,44.80035],[80.06008,44.80798],[80.07326,44.80869],[80.07745,44.81285],[80.10242,44.81215],[80.10625,44.80835],[80.11042,44.81249],[80.11458,44.80835],[80.12674,44.82048],[80.13159,44.82119],[80.13924,44.82881],[80.14826,44.82952],[80.15591,44.83715],[80.15833,44.8375],[80.16586,44.83676],[80.16748,44.82563],[80.2125,44.825],[80.21667,44.825],[80.21788,44.82027],[80.22721,44.8214],[80.23112,44.82443],[80.23554,44.82557],[80.23946,44.8286],[80.24498,44.83002],[80.24668,44.83665],[80.25221,44.83807],[80.25759,44.84223],[80.26888,44.8411],[80.27279,44.83807],[80.28653,44.83685],[80.2964,44.82596],[80.29527,44.82279],[80.2911,44.81741],[80.29272,44.81319],[80.30221,44.81193],[80.30759,44.80777],[80.31471,44.8089],[80.32279,44.8161],[80.35417,44.81667],[80.35417,44.8125],[80.35417,44.80833],[80.35196,44.80777],[80.34943,44.80538],[80.35638,44.8036],[80.36153,44.7996],[80.36307,44.79362],[80.3661,44.78971],[80.36667,44.7875],[80.36888,44.78693],[80.37696,44.77973],[80.38554,44.7786],[80.39791,44.76713],[80.40342,44.7714],[80.41054,44.77027],[80.41446,44.76723],[80.44076,44.76605],[80.44167,44.7625],[80.44409,44.76215],[80.44758,44.75869],[80.46076,44.75798],[80.47674,44.74202],[80.48992,44.74131],[80.49341,44.73785],[80.50659,44.73715],[80.51042,44.73335],[80.51495,44.73785],[80.51909,44.73715],[80.52258,44.73369],[80.52742,44.73298],[80.53162,44.72881],[80.53576,44.72952],[80.53995,44.73369],[80.55242,44.73298],[80.55591,44.72952],[80.56492,44.72881],[80.56875,44.72501],[80.57329,44.72952],[80.57742,44.72881],[80.58162,44.72465],[80.59409,44.72535],[80.60245,44.73369],[80.60659,44.73298],[80.61495,44.72465],[80.62326,44.72535],[80.62674,44.72881],[80.63159,44.72952],[80.63508,44.73298],[80.6375,44.73333],[80.63785,44.71422],[80.64758,44.70452],[80.66079,44.70381],[80.66631,44.69826],[80.66702,44.68921],[80.68508,44.67119],[80.6875,44.67083],[80.68715,44.66841],[80.68369,44.66492],[80.68333,44.65833],[80.68298,44.65591],[80.67952,44.65242],[80.67881,44.64754],[80.67326,44.64202],[80.66421,44.64131],[80.65869,44.63576],[80.65833,44.63333],[80.65918,44.63002],[80.66471,44.6286],[80.66862,44.62557],[80.67304,44.62443],[80.67696,44.6214],[80.68248,44.61998],[80.6843,44.6129],[80.68946,44.6089],[80.69804,44.60777],[80.70612,44.60057],[80.70833,44.6],[80.7093,44.60377],[80.71592,44.6089],[80.72721,44.60777],[80.73259,44.6036],[80.73554,44.60473],[80.74092,44.6089],[80.77399,44.60773],[80.7786,44.60221],[80.78007,44.59647],[80.79804,44.59527],[80.80196,44.59223],[80.81054,44.5911],[80.81446,44.58807],[80.81998,44.58665],[80.82083,44.58333],[80.82119,44.58088],[80.82674,44.57535],[80.83992,44.57465],[80.84341,44.57119],[80.84826,44.57048],[80.85174,44.56702],[80.87329,44.56631],[80.87881,44.56076],[80.87952,44.55591],[80.88298,44.55242],[80.88369,44.54758],[80.89131,44.53992],[80.89167,44.53333],[80.89388,44.53277],[80.89792,44.52964],[80.90196,44.53277],[80.90638,44.5339],[80.91175,44.53807],[80.94804,44.53693],[80.95342,44.53277],[80.95638,44.5339],[80.96175,44.53807],[80.97819,44.53686],[80.98277,44.53138],[80.98447,44.52474],[80.99092,44.52973],[80.99912,44.52843],[81.00085,44.52168],[81.00638,44.52027],[81.01446,44.51307],[81.02017,44.5116],[81.02083,44.50417],[81.05833,44.50417],[81.06076,44.50452],[81.06495,44.50869],[81.09409,44.50798],[81.09829,44.50381],[81.10242,44.50452],[81.10625,44.50832],[81.11008,44.50452],[81.11909,44.50381],[81.12258,44.50035],[81.13159,44.49965],[81.13508,44.49619],[81.15,44.49583],[81.15242,44.49548],[81.16008,44.48785],[81.16909,44.48715],[81.18508,44.47119],[81.19409,44.47048],[81.19758,44.46702],[81.20242,44.46631],[81.20591,44.46285],[81.21492,44.46215],[81.21841,44.45869],[81.22917,44.45833],[81.23333,44.45833],[81.23971,44.45777],[81.24362,44.45473],[81.28554,44.4536],[81.28946,44.45057],[81.29879,44.44943],[81.3,44.45417],[81.31076,44.45381],[81.31458,44.45001],[81.31912,44.45452],[81.32326,44.45381],[81.32674,44.45035],[81.34409,44.44965],[81.35174,44.44202],[81.35417,44.44167],[81.35833,44.44167],[81.35925,44.44523],[81.375,44.44583],[81.38159,44.44548],[81.38508,44.44202],[81.41076,44.44131],[81.41458,44.43751],[81.41841,44.44131],[81.42742,44.44202],[81.43578,44.45035],[81.43992,44.44965],[81.44412,44.44548],[81.44826,44.44619],[81.45245,44.45035],[81.45659,44.44965],[81.46008,44.44619],[81.46492,44.44548],[81.47258,44.43785],[81.47917,44.4375],[81.48159,44.43715],[81.48579,44.43298],[81.50242,44.43369],[81.50662,44.43785],[81.51076,44.43715],[81.51424,44.43369],[81.51909,44.43298],[81.52258,44.42952],[81.54167,44.42917],[81.56076,44.42881],[81.56424,44.42535],[81.56667,44.425],[81.56763,44.42123],[81.57279,44.41723],[81.57832,44.41582],[81.57917,44.4125],[81.58138,44.41307],[81.59362,44.42443],[81.59804,44.42557],[81.60342,44.42973],[81.61993,44.42852],[81.62083,44.425],[81.6214,44.41862],[81.62443,44.41471],[81.62597,44.40873],[81.63112,44.40473],[81.63971,44.4036],[81.64362,44.40057],[81.64929,44.39911],[81.6507,44.38842],[81.65612,44.3839],[81.6625,44.38333],[81.66335,44.38665],[81.66888,44.38807],[81.67279,44.3911],[81.7,44.39167],[81.70035,44.38924],[81.70381,44.38576],[81.70417,44.38333],[81.70485,44.37168],[81.71451,44.36312],[81.73253,44.36179],[81.73395,44.35201],[81.74105,44.34383],[81.74167,44.34167],[81.76076,44.34202],[81.76912,44.35035],[81.78159,44.34965],[81.78508,44.34619],[81.79167,44.34583],[81.79255,44.34238],[81.80221,44.3411],[81.80612,44.33807],[81.81054,44.33693],[81.81446,44.3339],[81.82304,44.33277],[81.82696,44.32973],[81.85638,44.3286],[81.86029,44.32557],[81.86471,44.32443],[81.87279,44.31723],[81.89804,44.3161],[81.90196,44.31307],[81.90794,44.31153],[81.91193,44.30638],[81.9125,44.30417],[81.93333,44.30417],[81.9375,44.30417],[81.93841,44.30062],[81.96054,44.29943],[81.96446,44.2964],[82.00221,44.29527],[82.00759,44.2911],[82.01054,44.29223],[82.01446,44.29527],[82.01667,44.29583],[82.01702,44.29338],[82.02258,44.28785],[82.03333,44.2875],[82.03333,44.25417],[82.03248,44.25085],[82.02917,44.25],[82.02917,44.2375],[82.02881,44.23508],[82.02535,44.23159],[82.02465,44.22674],[82.02119,44.22326],[82.02083,44.19583],[82.02299,44.19522],[82.02701,44.19228],[82.08668,44.19102],[82.0883,44.1799],[82.10216,44.17855],[82.10617,44.17562],[82.11466,44.17438],[82.11867,44.17145],[82.1247,44.16973],[82.13272,44.16049],[82.13333,44.15833],[82.14409,44.15869],[82.14758,44.16215],[82.15659,44.16285],[82.16079,44.16702],[82.16909,44.16631],[82.17258,44.16285],[82.17917,44.1625],[82.17979,44.15091],[82.18554,44.14943],[82.19779,44.13807],[82.21325,44.13693],[82.21862,44.1411],[82.23427,44.14223],[82.24362,44.1339],[82.26471,44.13277],[82.26862,44.12973],[82.27721,44.1286],[82.28112,44.12557],[82.30221,44.12443],[82.30612,44.1214],[82.33554,44.12027],[82.34362,44.11307],[82.36129,44.11193],[82.3625,44.11667],[82.40221,44.11723],[82.40759,44.1214],[82.41054,44.12027],[82.41592,44.1161],[82.42721,44.11723],[82.43259,44.1214],[82.47304,44.12027],[82.47696,44.11723],[82.49077,44.11601],[82.49167,44.1125],[82.50242,44.11285],[82.50591,44.11631],[82.5125,44.11667],[82.51471,44.1161],[82.52009,44.11193],[82.53138,44.11307],[82.53542,44.1162],[82.53946,44.11307],[82.54388,44.11193],[82.54779,44.1089],[82.55473,44.10712],[82.5536,44.08946],[82.55057,44.08554],[82.55,44.08333],[82.54965,44.08091],[82.54583,44.07707],[82.55591,44.06702],[82.55833,44.06667],[82.55955,44.0714],[82.58138,44.07027],[82.58675,44.0661],[82.6115,44.06728],[82.6162,44.07291],[82.61297,44.07708],[82.6161,44.08112],[82.61763,44.0871],[82.62425,44.09223],[82.62721,44.0911],[82.63529,44.0839],[82.65221,44.08277],[82.65612,44.07973],[82.66471,44.0786],[82.66875,44.07547],[82.67279,44.0786],[82.6875,44.07917],[82.68992,44.07881],[82.69412,44.07465],[82.70659,44.07535],[82.71008,44.07881],[82.7125,44.07917],[82.71492,44.07881],[82.71841,44.07535],[82.73992,44.07465],[82.74412,44.07048],[82.74826,44.07119],[82.75591,44.07881],[82.76492,44.07952],[82.76841,44.08298],[82.77083,44.08333],[82.77326,44.08369],[82.77674,44.08715],[82.77917,44.0875],[82.77973,44.08529],[82.78277,44.08138],[82.78418,44.07585],[82.78971,44.07443],[82.79362,44.0714],[82.83971,44.07027],[82.84362,44.06723],[82.86471,44.0661],[82.86862,44.06307],[82.87415,44.06165],[82.87585,44.05502],[82.87917,44.05417],[82.88971,44.0536],[82.89509,44.04943],[82.89919,44.05101],[82.90092,44.05775],[82.91029,44.0661],[82.91888,44.06723],[82.92279,44.07027],[82.92832,44.07168],[82.93007,44.07851],[82.9375,44.07917],[82.93992,44.07952],[82.94412,44.08369],[82.94826,44.08298],[82.95174,44.07952],[82.95417,44.07917],[82.95417,44.075],[82.96983,44.0756],[82.97443,44.08112],[82.97585,44.08665],[82.98138,44.08807],[82.98529,44.0911],[82.99167,44.09167],[83.00659,44.09131],[83.01424,44.08369],[83.01909,44.08298],[83.02258,44.07952],[83.025,44.07917],[83.02877,44.08013],[83.03277,44.08529],[83.03455,44.09223],[83.05638,44.0911],[83.06175,44.08693],[83.06888,44.08807],[83.07292,44.0912],[83.07842,44.08693],[83.08662,44.08824],[83.08847,44.09544],[83.09375,44.09953],[83.09779,44.0964],[83.10221,44.09527],[83.10612,44.09223],[83.14388,44.0911],[83.14779,44.08807],[83.16471,44.08693],[83.16862,44.0839],[83.17721,44.08277],[83.18259,44.0786],[83.19388,44.07973],[83.19779,44.08277],[83.22083,44.08333],[83.22745,44.08298],[83.23298,44.07742],[83.23369,44.07258],[83.23715,44.06909],[83.2375,44.04583],[83.24167,44.04583],[83.26054,44.04527],[83.27279,44.0339],[83.27832,44.03248],[83.28007,44.02565],[83.29362,44.01307],[83.30324,44.0118],[83.31193,44.00221],[83.3125,44.0],[83.31466,44.00062],[83.31867,44.00355],[83.32716,44.00478],[83.33117,44.00772],[83.33966,44.00895],[83.34536,44.01312],[83.34799,44.01188],[83.3537,44.00772],[83.38549,44.00895],[83.39374,44.01611],[83.39784,44.01312],[83.40216,44.01188],[83.40786,44.00772],[83.41049,44.00895],[83.41451,44.01188],[83.42716,44.01312],[83.43117,44.01605],[83.44485,44.01738],[83.44681,44.02423],[83.45754,44.02579],[83.45914,44.03676],[83.46667,44.0375],[83.48162,44.03715],[83.48715,44.03159],[83.4875,44.025],[83.49388,44.02443],[83.49779,44.0214],[83.50473,44.01962],[83.5036,44.01029],[83.50057,44.00638],[83.5,44.00417],[83.51492,44.00381],[83.51912,43.99965],[83.52742,44.00035],[83.53091,44.00381],[83.54409,44.00452],[83.54758,44.00798],[83.56076,44.00869],[83.56424,44.01215],[83.575,44.0125],[83.57535,44.00171],[83.58091,43.99619],[83.58576,43.99548],[83.60174,43.97952],[83.60662,43.97881],[83.61215,43.97326],[83.6125,43.96667],[83.61667,43.96667],[83.63992,43.96702],[83.64412,43.97119],[83.65242,43.97048],[83.65591,43.96702],[83.675,43.96667],[83.67585,43.96998],[83.68248,43.97168],[83.68333,43.975],[83.6875,43.975],[83.69082,43.97415],[83.69167,43.97083],[83.69826,43.97048],[83.70591,43.96285],[83.72326,43.96215],[83.73091,43.95452],[83.73992,43.95381],[83.74341,43.95035],[83.74583,43.95],[83.74668,43.95332],[83.75,43.95417],[83.75417,43.95417],[83.77326,43.95452],[83.77708,43.95832],[83.78924,43.94619],[83.81076,43.94548],[83.81424,43.94202],[83.81909,43.94131],[83.82258,43.93785],[83.825,43.9375],[83.82721,43.93807],[83.8405,43.9504],[83.84167,43.94583],[83.84826,43.94619],[83.85591,43.95381],[83.89167,43.95417],[83.89223,43.95196],[83.90788,43.93542],[83.89963,43.92616],[83.90638,43.92443],[83.91862,43.91307],[83.92415,43.91165],[83.92585,43.90502],[83.92917,43.90417],[83.94799,43.90355],[83.95208,43.90056],[83.95617,43.90355],[83.96049,43.90478],[83.96451,43.90772],[83.96883,43.90895],[83.98253,43.92145],[83.98662,43.91975],[83.98812,43.91451],[83.99938,43.90216],[84.00062,43.89784],[84.00355,43.89383],[84.00515,43.88822],[84.01883,43.88688],[84.02284,43.88395],[84.02716,43.88272],[84.03286,43.87855],[84.04918,43.87988],[84.05772,43.88951],[84.05914,43.89931],[84.07083,43.9],[84.07083,43.8875],[84.07415,43.88665],[84.07557,43.88112],[84.0786,43.87721],[84.07973,43.86862],[84.08277,43.86471],[84.0843,43.85873],[84.08946,43.85473],[84.10747,43.85353],[84.10853,43.84878],[84.10473,43.84388],[84.10325,43.83808],[84.09388,43.82973],[84.08946,43.8286],[84.08554,43.82557],[84.08333,43.825],[84.08423,43.82149],[84.09804,43.82027],[84.10196,43.81723],[84.10638,43.8161],[84.11029,43.81307],[84.12304,43.81193],[84.13112,43.80473],[84.13554,43.8036],[84.13946,43.80057],[84.14804,43.79943],[84.15196,43.7964],[84.15638,43.79527],[84.16029,43.79223],[84.16667,43.79167],[84.17326,43.79131],[84.18508,43.77952],[84.18992,43.77881],[84.19412,43.77465],[84.19826,43.77535],[84.20245,43.77952],[84.21909,43.77881],[84.22258,43.77535],[84.22917,43.775],[84.23159,43.77535],[84.24375,43.78749],[84.25174,43.77952],[84.25659,43.77881],[84.26424,43.77119],[84.27326,43.77048],[84.27674,43.76702],[84.27917,43.76667],[84.27855,43.75201],[84.27507,43.74725],[84.28951,43.73395],[84.29799,43.73272],[84.30201,43.72978],[84.31176,43.72836],[84.3125,43.72083],[84.32825,43.72144],[84.32917,43.725],[84.3366,43.72566],[84.3384,43.73267],[84.35327,43.73399],[84.35538,43.74223],[84.36471,43.7411],[84.36862,43.73807],[84.37304,43.73693],[84.38112,43.72973],[84.38554,43.7286],[84.39092,43.72443],[84.41054,43.72557],[84.41446,43.7286],[84.42304,43.72973],[84.42696,43.73277],[84.43554,43.7339],[84.44092,43.73807],[84.46054,43.73693],[84.46592,43.73277],[84.47304,43.7339],[84.47696,43.73693],[84.48971,43.73807],[84.49362,43.7411],[84.49583,43.74167],[84.49804,43.74223],[84.50196,43.74527],[84.50748,43.74668],[84.50918,43.75332],[84.5125,43.75417],[84.51492,43.75381],[84.51841,43.75035],[84.53576,43.74965],[84.53995,43.74548],[84.54409,43.74619],[84.54758,43.74965],[84.55,43.75],[84.55097,43.74623],[84.55612,43.74223],[84.56471,43.7411],[84.56862,43.73807],[84.58138,43.73693],[84.58529,43.7339],[84.58971,43.73277],[84.59362,43.72973],[84.61471,43.7286],[84.62009,43.72443],[84.62304,43.72557],[84.62803,43.72943],[84.62917,43.725],[84.63248,43.72415],[84.63333,43.72083],[84.63248,43.71752],[84.62565,43.71576],[84.61307,43.70221],[84.61153,43.69623],[84.60638,43.69223],[84.60085,43.69082],[84.59943,43.68529],[84.59527,43.67991],[84.5964,43.67279],[84.59943,43.66888],[84.6,43.66667],[84.60035,43.66424],[84.60381,43.66076],[84.60417,43.65833],[84.61471,43.65777],[84.61862,43.65473],[84.63138,43.6536],[84.63675,43.64943],[84.64804,43.65057],[84.65342,43.65473],[84.66993,43.65352],[84.67168,43.64668],[84.67721,43.64527],[84.68112,43.64223],[84.68554,43.6411],[84.68946,43.63807],[84.69388,43.63693],[84.69925,43.63277],[84.76888,43.6339],[84.77696,43.6411],[84.78333,43.64167],[84.7839,43.63946],[84.7911,43.63138],[84.79263,43.6254],[84.79779,43.6214],[84.80351,43.61993],[84.80483,43.60507],[84.8121,43.6032],[84.8161,43.59804],[84.81723,43.58946],[84.82027,43.58554],[84.82083,43.57917],[84.82742,43.57881],[84.83091,43.57535],[84.83992,43.57465],[84.84792,43.56668],[84.85174,43.57048],[84.86076,43.57119],[84.86424,43.57465],[84.87742,43.57535],[84.88162,43.57952],[84.88576,43.57881],[84.88924,43.57535],[84.89583,43.575],[84.89519,43.5687],[84.89102,43.56282],[84.89231,43.53536],[84.89519,43.5313],[84.89648,43.52703],[84.90352,43.5188],[84.90494,43.50491],[84.92396,43.50345],[84.92626,43.49581],[84.9312,43.49231],[84.93547,43.49102],[84.93953,43.48814],[84.94797,43.48686],[84.95203,43.48398],[84.9625,43.48333],[84.96215,43.48091],[84.95869,43.47742],[84.95833,43.47083],[84.95798,43.46841],[84.93369,43.44409],[84.93298,43.43924],[84.92119,43.42742],[84.92083,43.425],[84.92224,43.4202],[84.94798,43.42146],[84.95209,43.42442],[84.96452,43.41313],[84.97298,43.41187],[84.97877,43.4077],[84.98131,43.40896],[84.9871,43.41313],[84.99503,43.41164],[84.99646,43.40202],[85.00063,43.39623],[84.99922,43.38409],[84.99167,43.38333],[84.98091,43.38298],[84.97119,43.37329],[84.97048,43.36912],[84.97465,43.36492],[84.975,43.34167],[84.97288,43.34232],[84.96879,43.34518],[84.95392,43.34649],[84.94796,43.34232],[84.92874,43.34082],[84.93684,43.33129],[84.93816,43.32704],[84.94101,43.32296],[84.94232,43.31225],[84.93816,43.30629],[84.93684,43.30204],[84.92566,43.28962],[84.92434,43.27288],[84.92149,43.26879],[84.91985,43.26348],[84.91454,43.26184],[84.90918,43.2581],[84.90833,43.25],[84.90591,43.25035],[84.90242,43.25381],[84.89412,43.25452],[84.88992,43.25035],[84.86667,43.25],[84.8661,43.23946],[84.8589,43.23138],[84.85777,43.22696],[84.8536,43.22158],[84.85473,43.21862],[84.8589,43.21325],[84.85777,43.21029],[84.85473,43.20638],[84.85328,43.20071],[84.84362,43.19943],[84.83971,43.1964],[84.81862,43.19527],[84.81471,43.19223],[84.80612,43.1911],[84.80221,43.18807],[84.78529,43.18693],[84.78138,43.1839],[84.76862,43.18277],[84.76471,43.17973],[84.76029,43.1786],[84.75638,43.17557],[84.74779,43.17443],[84.74388,43.1714],[84.72279,43.17027],[84.71888,43.16723],[84.70196,43.1661],[84.69388,43.1589],[84.675,43.15833],[84.67434,43.16577],[84.66862,43.16723],[84.66458,43.17036],[84.66054,43.16723],[84.65759,43.1661],[84.65221,43.17027],[84.65,43.17083],[84.6375,43.17083],[84.63508,43.17048],[84.63159,43.16702],[84.61912,43.16631],[84.61492,43.17048],[84.60662,43.17119],[84.60242,43.16702],[84.56424,43.16631],[84.56076,43.16285],[84.55591,43.16215],[84.55242,43.15869],[84.54758,43.15798],[84.53992,43.15035],[84.53333,43.15],[84.53124,43.15068],[84.5271,43.15349],[84.5104,43.15485],[84.50626,43.15765],[84.48957,43.15901],[84.48543,43.16182],[84.47491,43.16318],[84.46876,43.15901],[84.4206,43.15758],[84.42432,43.1521],[84.42568,43.14574],[84.4215,43.13958],[84.42432,43.13543],[84.42568,43.12908],[84.42151,43.12293],[84.42015,43.11874],[84.41735,43.1146],[84.41577,43.10492],[84.40417,43.10417],[84.4036,43.10638],[84.40057,43.11029],[84.39943,43.11471],[84.39066,43.12438],[84.36862,43.12557],[84.36347,43.12956],[84.36193,43.13554],[84.35473,43.14362],[84.35351,43.15743],[84.34779,43.1589],[84.34388,43.16193],[84.33835,43.16335],[84.3375,43.16667],[84.32258,43.16631],[84.31909,43.16285],[84.31079,43.16215],[84.30659,43.16631],[84.29758,43.16702],[84.29409,43.17048],[84.28995,43.17119],[84.28576,43.16702],[84.28162,43.16631],[84.27742,43.17048],[84.26495,43.17119],[84.26076,43.16702],[84.23333,43.16667],[84.23248,43.16335],[84.22917,43.1625],[84.19758,43.16215],[84.19409,43.15869],[84.18508,43.15798],[84.17536,43.14829],[84.175,43.14583],[84.15174,43.14619],[84.14826,43.14965],[84.13579,43.15035],[84.13159,43.14619],[84.125,43.14583],[84.09341,43.14619],[84.08992,43.14965],[84.08162,43.15035],[84.07742,43.14619],[84.07258,43.14548],[84.06875,43.14168],[84.06492,43.14548],[84.06008,43.14619],[84.05659,43.14965],[84.05,43.15],[84.04903,43.1466],[84.03819,43.14502],[84.0375,43.13333],[84.01841,43.13298],[84.01492,43.12952],[84.00662,43.12881],[84.00242,43.13298],[83.99341,43.13369],[83.98992,43.13715],[83.98091,43.13785],[83.97536,43.14338],[83.97465,43.14826],[83.96912,43.15381],[83.95662,43.15452],[83.95242,43.15035],[83.94412,43.14965],[83.93992,43.15381],[83.9375,43.15417],[83.93693,43.14779],[83.9339,43.14388],[83.93248,43.13835],[83.92558,43.13658],[83.91723,43.12721],[83.91667,43.125],[83.90833,43.125],[83.90174,43.12465],[83.89826,43.12119],[83.8875,43.12083],[83.88529,43.1214],[83.87721,43.1286],[83.87425,43.12973],[83.86888,43.12557],[83.86156,43.12443],[83.85209,43.13287],[83.84804,43.12973],[83.83675,43.1286],[83.8303,43.1336],[83.82917,43.12917],[83.81424,43.12881],[83.80659,43.12119],[83.80417,43.12083],[83.80351,43.12827],[83.79668,43.13002],[83.79527,43.13554],[83.79223,43.13946],[83.79167,43.14167],[83.77258,43.14202],[83.76909,43.14548],[83.7625,43.14583],[83.74775,43.1453],[83.74243,43.14072],[83.7409,43.13425],[83.73656,43.1328],[83.73141,43.13697],[83.72823,43.13803],[83.72308,43.13386],[83.70833,43.13333],[83.70777,43.13112],[83.70473,43.12721],[83.70325,43.12142],[83.69388,43.11307],[83.68808,43.11158],[83.67973,43.10221],[83.67846,43.09255],[83.675,43.09167],[83.64758,43.09131],[83.64202,43.08579],[83.64167,43.07917],[83.62083,43.07917],[83.61992,43.08272],[83.59362,43.0839],[83.58971,43.08693],[83.58529,43.08807],[83.58125,43.0912],[83.57708,43.08797],[83.57304,43.0911],[83.56667,43.09167],[83.56606,43.07591],[83.56029,43.07443],[83.55638,43.0714],[83.55196,43.07027],[83.54376,43.06296],[83.53971,43.0661],[83.52696,43.06723],[83.52292,43.07036],[83.51888,43.06723],[83.51335,43.06582],[83.51165,43.05918],[83.50502,43.05748],[83.50417,43.05417],[83.49341,43.05452],[83.48992,43.05798],[83.48508,43.05869],[83.48159,43.06215],[83.47329,43.06285],[83.46875,43.05835],[83.46492,43.06215],[83.46079,43.06285],[83.45659,43.05869],[83.44167,43.05833],[83.4411,43.05612],[83.4339,43.04804],[83.43212,43.0411],[83.42279,43.04223],[83.41471,43.04943],[83.40417,43.05],[83.40196,43.04943],[83.39804,43.0464],[83.39362,43.04527],[83.38971,43.04223],[83.38005,43.04096],[83.37917,43.0375],[83.37696,43.03693],[83.37304,43.0339],[83.36752,43.03248],[83.36667,43.02917],[83.36446,43.0286],[83.36054,43.02557],[83.34925,43.02443],[83.34388,43.0286],[83.33007,43.02983],[83.3286,43.03554],[83.32557,43.03946],[83.32384,43.0462],[83.31471,43.03807],[83.31029,43.03693],[83.30638,43.0339],[83.29779,43.03277],[83.29375,43.02964],[83.28971,43.03277],[83.2824,43.0339],[83.27175,43.02442],[83.27083,43.02083],[83.25591,43.02119],[83.25242,43.02465],[83.24583,43.025],[83.24252,43.02415],[83.24077,43.01733],[83.22696,43.0161],[83.21888,43.0089],[83.19583,43.00833],[83.19167,43.00833],[83.17279,43.00777],[83.16888,43.00473],[83.15759,43.0036],[83.15114,43.0086],[83.14943,43.00196],[83.14223,42.99388],[83.14167,42.99167],[83.13508,42.99202],[83.13159,42.99548],[83.12745,42.99619],[83.12326,42.99202],[83.11667,42.99167],[83.10833,42.99167],[83.10417,42.99167],[83.05196,42.99223],[83.04804,42.99527],[83.03675,42.9964],[83.03138,42.99223],[83.02823,42.9911],[83.01888,42.99943],[83.01029,43.00057],[83.0053,43.00443],[83.00332,42.99668],[82.99779,42.99527],[82.99388,42.99223],[82.99167,42.99167],[82.99167,42.9875],[82.99223,42.98112],[83.0036,42.96888],[83.00477,42.93841],[83.01054,42.93693],[83.01446,42.9339],[83.0214,42.93212],[83.02027,42.88946],[83.01714,42.88542],[83.02027,42.88138],[83.02154,42.87175],[83.02696,42.86723],[83.04388,42.8661],[83.04779,42.86307],[83.05745,42.86179],[83.05833,42.85833],[83.06883,42.85772],[83.08951,42.83812],[83.09931,42.83669],[83.10062,42.81451],[83.10355,42.81049],[83.10533,42.80428],[83.11034,42.80062],[83.12083,42.8],[83.12145,42.79784],[83.12562,42.79214],[83.12438,42.77701],[83.11728,42.76883],[83.11605,42.75617],[83.11312,42.75216],[83.11164,42.742],[83.10633,42.73812],[83.10072,42.73651],[83.09926,42.72164],[83.08951,42.72022],[83.08549,42.71728],[83.07946,42.71556],[83.07145,42.70633],[83.06967,42.70011],[83.06466,42.69645],[83.06034,42.69522],[83.05633,42.69228],[83.05417,42.69167],[83.04673,42.69101],[83.04583,42.6875],[83.03946,42.68693],[83.03542,42.6838],[83.03138,42.68693],[83.02279,42.68807],[83.01888,42.6911],[83.01573,42.69223],[83.00509,42.68275],[83.00332,42.67585],[83.0,42.675],[82.975,42.675],[82.9744,42.65935],[82.96471,42.65057],[82.96029,42.64943],[82.95638,42.6464],[82.95066,42.64493],[82.95,42.6375],[82.95,42.62917],[82.94362,42.6286],[82.93399,42.61986],[82.93267,42.60507],[82.92696,42.6036],[82.92304,42.60057],[82.91862,42.59943],[82.91471,42.5964],[82.90196,42.59527],[82.89804,42.59223],[82.89362,42.5911],[82.88138,42.57973],[82.87566,42.57827],[82.875,42.57083],[82.86667,42.57083],[82.83842,42.57142],[82.83665,42.57832],[82.83112,42.57973],[82.82721,42.58277],[82.82083,42.58333],[82.82119,42.58992],[82.82465,42.59341],[82.825,42.6],[82.82721,42.60057],[82.83683,42.6093],[82.83807,42.62177],[82.82973,42.63112],[82.8286,42.63554],[82.81512,42.64995],[82.81054,42.6464],[82.80759,42.64527],[82.80207,42.64954],[82.79259,42.64108],[82.79082,42.63418],[82.78529,42.63277],[82.77721,42.62557],[82.75538,42.62443],[82.7536,42.63138],[82.74901,42.63688],[82.7375,42.6375],[82.73112,42.63693],[82.72304,42.62973],[82.70342,42.6286],[82.69697,42.6336],[82.69527,42.62696],[82.69223,42.62304],[82.6911,42.61862],[82.6714,42.59804],[82.67083,42.59583],[82.66841,42.59619],[82.66492,42.59965],[82.6625,42.6],[82.65833,42.6],[82.65748,42.60332],[82.65196,42.60473],[82.64804,42.60777],[82.63112,42.6089],[82.62721,42.61193],[82.62083,42.6125],[82.62048,42.60171],[82.61492,42.59619],[82.60591,42.59548],[82.60242,42.59202],[82.6,42.59167],[82.59965,42.58091],[82.59619,42.57742],[82.59548,42.56838],[82.58159,42.55452],[82.57917,42.55417],[82.56025,42.5547],[82.55517,42.55882],[82.55077,42.55745],[82.55,42.55417],[82.53508,42.55381],[82.53125,42.55001],[82.52742,42.55381],[82.51424,42.55452],[82.51076,42.55798],[82.50591,42.55869],[82.50242,42.56215],[82.48333,42.5625],[82.48112,42.56193],[82.46054,42.54223],[82.45759,42.5411],[82.45221,42.54527],[82.44901,42.5464],[82.43554,42.5339],[82.41788,42.53277],[82.4161,42.53971],[82.40743,42.54926],[82.39925,42.55057],[82.39388,42.5464],[82.37696,42.54527],[82.37304,42.54223],[82.3625,42.54167],[82.36285,42.53924],[82.36702,42.53505],[82.36631,42.50591],[82.36285,42.50242],[82.3625,42.5],[82.35196,42.50057],[82.34792,42.5037],[82.34263,42.4996],[82.34082,42.49252],[82.33529,42.4911],[82.33125,42.48797],[82.32721,42.4911],[82.32425,42.49223],[82.31888,42.48807],[82.31029,42.48693],[82.30638,42.4839],[82.2875,42.48333],[82.28508,42.48369],[82.28125,42.48749],[82.27742,42.48369],[82.275,42.48333],[82.27168,42.48418],[82.27083,42.4875],[82.2625,42.4875],[82.25196,42.48693],[82.24792,42.4838],[82.24388,42.48693],[82.23946,42.48807],[82.23554,42.4911],[82.22589,42.49238],[82.225,42.49583],[82.22258,42.49548],[82.20659,42.47952],[82.20174,42.47881],[82.19826,42.47535],[82.19341,42.47465],[82.18542,42.46668],[82.18159,42.47048],[82.17674,42.47119],[82.17326,42.47465],[82.16424,42.47535],[82.16076,42.47881],[82.15591,42.47952],[82.14826,42.48715],[82.14167,42.4875],[82.1375,42.4875],[82.13715,42.46424],[82.13369,42.46076],[82.13298,42.44758],[82.12881,42.44338],[82.12952,42.43508],[82.13715,42.42742],[82.1375,42.425],[82.12083,42.425],[82.11869,42.42563],[82.11465,42.42854],[82.10202,42.4298],[82.09798,42.4327],[82.08952,42.43396],[82.08391,42.438],[82.07156,42.43674],[82.0702,42.41869],[82.06591,42.41326],[82.05833,42.4125],[82.04758,42.41285],[82.04409,42.41631],[82.03924,42.41702],[82.03576,42.42048],[81.9875,42.42083],[81.98508,42.42048],[81.97742,42.41285],[81.97258,42.41215],[81.96909,42.40869],[81.96008,42.40798],[81.95452,42.40246],[81.95417,42.4],[81.94583,42.4],[81.93091,42.40035],[81.92742,42.40381],[81.92258,42.40452],[81.91909,42.40798],[81.91495,42.40869],[81.90659,42.40035],[81.90245,42.39965],[81.89826,42.40381],[81.88508,42.40452],[81.88159,42.40798],[81.87083,42.40833],[81.86752,42.40748],[81.86667,42.40417],[81.86224,42.40303],[81.8661,42.39804],[81.86723,42.39509],[81.86307,42.38971],[81.86193,42.38112],[81.8589,42.37721],[81.85833,42.375],[81.82701,42.37562],[81.8175,42.38387],[81.81587,42.39504],[81.80617,42.39645],[81.80216,42.39938],[81.79367,42.40062],[81.78966,42.40355],[81.78426,42.40509],[81.78333,42.40833],[81.77577,42.40756],[81.775,42.4],[81.77279,42.39943],[81.7673,42.39485],[81.76603,42.37591],[81.76029,42.37443],[81.75638,42.3714],[81.74779,42.37027],[81.73554,42.3589],[81.73333,42.35833],[81.71841,42.35869],[81.71076,42.36631],[81.70174,42.36702],[81.69826,42.37048],[81.69341,42.37119],[81.68992,42.37465],[81.6875,42.375],[81.67917,42.375],[81.67881,42.37742],[81.66495,42.39131],[81.65245,42.39202],[81.64409,42.38369],[81.63924,42.38298],[81.63576,42.37952],[81.63091,42.37881],[81.62742,42.37535],[81.59583,42.375],[81.59252,42.37585],[81.59167,42.37917],[81.58924,42.37881],[81.58576,42.37535],[81.58091,42.37465],[81.57326,42.36702],[81.55591,42.36631],[81.55242,42.36285],[81.51841,42.36215],[81.50869,42.35245],[81.50833,42.35],[81.49779,42.35057],[81.49388,42.3536],[81.48946,42.35473],[81.48554,42.35777],[81.48112,42.3589],[81.47721,42.36193],[81.47168,42.36335],[81.46998,42.36998],[81.46667,42.37083],[81.46346,42.36987],[81.46154,42.36346],[81.4562,42.36186],[81.45208,42.35894],[81.44797,42.36186],[81.44134,42.36314],[81.43547,42.35898],[81.43301,42.35769],[81.42708,42.3619],[81.4188,42.35481],[81.40077,42.35343],[81.4,42.34583],[81.39583,42.34583],[81.39252,42.34498],[81.39167,42.34167],[81.39131,42.33921],[81.38159,42.32952],[81.37674,42.32881],[81.37326,42.32535],[81.36667,42.325],[81.3661,42.32721],[81.36307,42.33112],[81.36165,42.33665],[81.35612,42.33807],[81.35221,42.3411],[81.34779,42.34223],[81.34388,42.34527],[81.33946,42.3464],[81.33554,42.34943],[81.33112,42.35057],[81.32721,42.3536],[81.32083,42.35417],[81.30924,42.35354],[81.30748,42.34668],[81.30417,42.34583],[81.30196,42.34527],[81.29804,42.34223],[81.29362,42.3411],[81.28971,42.33807],[81.28259,42.33693],[81.27721,42.3411],[81.23259,42.34223],[81.22721,42.33807],[81.21755,42.33679],[81.21667,42.33333],[81.2125,42.33333],[81.19758,42.33369],[81.19409,42.33715],[81.19167,42.3375],[81.19167,42.33333],[81.18508,42.33298],[81.17952,42.32746],[81.17917,42.325],[81.175,42.325],[81.17258,42.32465],[81.16702,42.31912],[81.16631,42.31424],[81.16285,42.31076],[81.16215,42.30591],[81.15869,42.30242],[81.15798,42.28579],[81.16249,42.28125],[81.15869,42.27742],[81.15833,42.25833],[81.15417,42.25833],[81.14758,42.25869],[81.14202,42.26421],[81.14167,42.27083],[81.13924,42.27119],[81.13369,42.27671],[81.13333,42.27917],[81.13091,42.27952],[81.12742,42.28298],[81.11424,42.28369],[81.10659,42.29131],[81.09412,42.29202],[81.08992,42.28785],[81.08091,42.28715],[81.07742,42.28369],[81.07258,42.28298],[81.06909,42.27952],[81.06424,42.27881],[81.06076,42.27535],[81.05833,42.275],[81.03333,42.275],[81.03298,42.28576],[81.02918,42.28958],[81.03298,42.29341],[81.03369,42.30588],[81.02918,42.31042],[81.03332,42.31458],[81.02535,42.32258],[81.02465,42.32742],[81.02119,42.33091],[81.02048,42.33576],[81.01496,42.34131],[81.01008,42.34202],[80.99619,42.35588],[80.99548,42.36076],[80.99202,42.36424],[80.99167,42.37083],[80.98924,42.37119],[80.98576,42.37465],[80.98333,42.375],[80.97696,42.37443],[80.97304,42.3714],[80.96862,42.37027],[80.96054,42.36307],[80.95612,42.36193],[80.95221,42.3589],[80.92696,42.35777],[80.92304,42.35473],[80.9199,42.3536],[80.91054,42.36193],[80.89509,42.36307],[80.88971,42.3589],[80.88529,42.35777],[80.88138,42.35473],[80.87009,42.3536],[80.86471,42.35777],[80.84705,42.3589],[80.84502,42.35101],[80.84092,42.34943],[80.83541,42.3537],[80.82721,42.3464],[80.82279,42.34527],[80.81888,42.34223],[80.8125,42.34167],[80.81215,42.34409],[80.80662,42.34964],[80.80174,42.35035],[80.79826,42.35381],[80.78091,42.35452],[80.77742,42.35798],[80.77258,42.35869],[80.76909,42.36215],[80.74583,42.3625],[80.74498,42.35918],[80.73946,42.35777],[80.73408,42.3536],[80.73112,42.35473],[80.72721,42.35777],[80.71862,42.3589],[80.71325,42.36307],[80.68946,42.36193],[80.68408,42.35777],[80.66862,42.3589],[80.66325,42.36307],[80.63946,42.36193],[80.63554,42.3589],[80.63002,42.35748],[80.62917,42.35417],[80.62258,42.35452],[80.61909,42.35798],[80.60417,42.35833],[80.60325,42.36192],[80.55417,42.3625],[80.55,42.3625],[80.53946,42.36193],[80.53554,42.3589],[80.52696,42.35777],[80.51888,42.35057],[80.50612,42.34943],[80.49804,42.34223],[80.48946,42.3411],[80.4843,42.3371],[80.48277,42.33112],[80.47877,42.32597],[80.47168,42.32415],[80.47083,42.32083],[80.46424,42.32048],[80.46076,42.31702],[80.45591,42.31631],[80.45242,42.31285],[80.44341,42.31215],[80.43992,42.30869],[80.43508,42.30798],[80.43159,42.30452],[80.40245,42.30381],[80.38992,42.31631],[80.38091,42.31702],[80.37742,42.32048],[80.35662,42.32119],[80.35242,42.31702],[80.34758,42.31631],[80.34375,42.31251],[80.33992,42.31631],[80.32745,42.31702],[80.32326,42.31285],[80.28995,42.31215],[80.28542,42.31665],[80.28159,42.31285],[80.275,42.3125],[80.27149,42.3116],[80.27083,42.30417],[80.26752,42.30332],[80.26667,42.3],[80.26316,42.2991],[80.2625,42.29167],[80.2625,42.2875],[80.25591,42.28715],[80.25242,42.28369],[80.24758,42.28298],[80.24409,42.27952],[80.23162,42.27881],[80.22742,42.28298],[80.21008,42.28369],[80.20659,42.28715],[80.18162,42.28785],[80.17742,42.28369],[80.17329,42.28298],[80.16909,42.28715],[80.16008,42.28785],[80.15659,42.29131],[80.15245,42.29202],[80.14826,42.28785],[80.13924,42.28715],[80.13576,42.28369],[80.13091,42.28298],[80.12742,42.27952],[80.12083,42.27917],[80.11862,42.27973],[80.11471,42.28277],[80.10918,42.28418],[80.10833,42.2875],[80.11188,42.28841],[80.1125,42.3],[80.1125,42.30417],[80.1093,42.30513],[80.10769,42.31047],[80.10419,42.3154],[80.09786,42.31731],[80.0938,42.32019],[80.0841,42.32167],[80.08256,42.33673],[80.0687,42.33814],[80.06464,42.34102],[80.0625,42.34167],[80.04675,42.34227],[80.04583,42.34583],[80.02674,42.34619],[80.01076,42.36215],[80.00591,42.36285],[80.00242,42.36631],[79.99758,42.36702],[79.98992,42.37465],[79.98508,42.37535],[79.97742,42.38298],[79.975,42.38333],[79.97443,42.38971],[79.9714,42.39362],[79.9702,42.41159],[79.96317,42.4134],[79.96193,42.42575],[79.9661,42.43112],[79.96667,42.43333],[79.96008,42.43298],[79.95659,42.42952],[79.95245,42.42881],[79.94826,42.43298],[79.94341,42.43369],[79.93992,42.43715],[79.93579,42.43785],[79.93159,42.43369],[79.92745,42.43298],[79.92119,42.43921],[79.92083,42.44167],[79.91841,42.44131],[79.91492,42.43785],[79.9125,42.4375],[79.9,42.4375],[79.87592,42.43691],[79.87443,42.43112],[79.8714,42.42721],[79.86994,42.42151],[79.85748,42.42027],[79.8507,42.42592],[79.84931,42.43645],[79.84509,42.43807],[79.83971,42.4339],[79.83333,42.43333],[79.83248,42.43665],[79.82696,42.43807],[79.82304,42.4411],[79.81446,42.44223],[79.81054,42.44527],[79.78529,42.4464],[79.78138,42.44943],[79.77696,42.45057],[79.77292,42.4537],[79.76888,42.45057],[79.76667,42.45],[79.76631,42.44341],[79.76285,42.43992],[79.7625,42.4375],[79.76158,42.42852],[79.73953,42.42981],[79.73542,42.43273],[79.7313,42.42981],[79.7062,42.42852],[79.70213,42.42564],[79.68953,42.42436],[79.68547,42.42148],[79.6812,42.42019],[79.67532,42.41602],[79.67287,42.41731],[79.6688,42.42019],[79.66453,42.42148],[79.65866,42.42564],[79.6562,42.42436],[79.64797,42.41731],[79.63953,42.41602],[79.63547,42.41314],[79.62083,42.4125],[79.62022,42.41466],[79.61587,42.4201],[79.60201,42.42145],[79.59799,42.42438],[79.59367,42.42562],[79.58958,42.42861],[79.58428,42.42473],[79.58272,42.43549],[79.57978,42.43951],[79.57855,42.44383],[79.57562,42.44784],[79.57403,42.4534],[79.56451,42.45478],[79.56049,42.45772],[79.55786,42.45895],[79.55216,42.45478],[79.54536,42.45355],[79.53966,42.45772],[79.53703,42.45895],[79.53133,42.45478],[79.52917,42.45417],[79.52917,42.45],[79.5339,42.44879],[79.53138,42.4464],[79.52917,42.44583],[79.52917,42.44167],[79.52855,42.43951],[79.52562,42.43549],[79.52419,42.42569],[79.50201,42.42438],[79.49799,42.42145],[79.46867,42.42022],[79.46297,42.41605],[79.46034,42.41728],[79.45633,42.42022],[79.44367,42.42145],[79.43797,42.42562],[79.42895,42.42398],[79.43395,42.41714],[79.43164,42.41223],[79.42716,42.40895],[79.41451,42.40772],[79.41049,42.40478],[79.38951,42.40355],[79.38549,42.40062],[79.38333,42.4],[79.38298,42.40659],[79.37745,42.41214],[79.36841,42.41285],[79.36492,42.41631],[79.33924,42.41702],[79.33576,42.42048],[79.31667,42.42083],[79.31631,42.41838],[79.30659,42.40869],[79.30417,42.40833],[79.30174,42.40869],[79.29792,42.41249],[79.29409,42.40869],[79.28924,42.40798],[79.28576,42.40452],[79.27745,42.40381],[79.27292,42.40832],[79.26909,42.40452],[79.26424,42.40381],[79.26076,42.40035],[79.25245,42.39965],[79.24826,42.40381],[79.23508,42.40452],[79.23159,42.40798],[79.22674,42.40869],[79.21909,42.41631],[79.21667,42.41667],[79.2125,42.41667],[79.21029,42.41723],[79.20625,42.42036],[79.20097,42.41627],[79.19915,42.40918],[79.19362,42.40777],[79.18971,42.40473],[79.17279,42.4036],[79.16888,42.40057],[79.16316,42.3991],[79.16193,42.38529],[79.15314,42.3756],[79.13333,42.375],[79.09758,42.37535],[79.09409,42.37881],[79.08508,42.37952],[79.08159,42.38298],[79.07674,42.38369],[79.07326,42.38715],[79.06667,42.3875],[79.04758,42.38715],[79.04409,42.38369],[79.03924,42.38298],[79.03576,42.37952],[79.03091,42.37881],[79.02708,42.37501],[79.02292,42.37915],[79.01909,42.37535],[79.01424,42.37465],[79.01076,42.37119],[78.98924,42.37048],[78.98576,42.36702],[78.98091,42.36631],[78.97119,42.35662],[78.97083,42.34583],[78.9714,42.34362],[78.97454,42.33957],[78.9589,42.32304],[78.95745,42.31738],[78.94672,42.31596],[78.94498,42.30918],[78.93946,42.30777],[78.93554,42.30473],[78.92696,42.3036],[78.92304,42.30057],[78.91339,42.29929],[78.9125,42.29583],[78.88924,42.29619],[78.88576,42.29965],[78.87329,42.30035],[78.86909,42.29619],[78.86424,42.29548],[78.86076,42.29202],[78.85833,42.29167],[78.85174,42.29202],[78.84826,42.29548],[78.84167,42.29583],[78.83529,42.29527],[78.82592,42.28692],[78.82415,42.28002],[78.81862,42.2786],[78.81471,42.27557],[78.81029,42.27443],[78.80221,42.26723],[78.79668,42.26582],[78.79583,42.2625],[78.7875,42.2625],[78.78333,42.2625],[78.77704,42.26184],[78.77296,42.25899],[78.75621,42.25768],[78.73962,42.24232],[78.67157,42.24099],[78.67083,42.22917],[78.6625,42.22917],[78.65918,42.22832],[78.65833,42.225],[78.65417,42.225],[78.65174,42.22465],[78.64826,42.22119],[78.63995,42.22048],[78.63576,42.22465],[78.62258,42.22535],[78.61909,42.22881],[78.60833,42.22917],[78.60748,42.22585],[78.60196,42.22443],[78.59804,42.2214],[78.59362,42.22027],[78.58971,42.21723],[78.58418,42.21582],[78.58237,42.20873],[78.57721,42.20473],[78.57279,42.2036],[78.56471,42.1964],[78.55612,42.19527],[78.55221,42.19223],[78.54779,42.1911],[78.54388,42.18807],[78.53112,42.18693],[78.52721,42.1839],[78.525,42.18333],[78.52258,42.18298],[78.51702,42.17746],[78.51667,42.175],[78.51424,42.17465],[78.51076,42.17119],[78.45417,42.17083],[78.45332,42.16752],[78.45,42.16667],[78.44362,42.1661],[78.43971,42.16307],[78.43529,42.16193],[78.42721,42.15473],[78.42279,42.1536],[78.41888,42.15057],[78.40922,42.14929],[78.40833,42.14583],[78.39341,42.14619],[78.38958,42.14999],[78.38159,42.14202],[78.37329,42.14131],[78.36909,42.14548],[78.36079,42.14619],[78.35659,42.14202],[78.34758,42.14131],[78.34409,42.13785],[78.325,42.1375],[78.32411,42.13404],[78.31446,42.13277],[78.31054,42.12973],[78.30833,42.12917],[78.30201,42.12855],[78.29669,42.12467],[78.29507,42.11347],[78.28951,42.11188],[78.28549,42.10895],[78.28117,42.10772],[78.27716,42.10478],[78.26867,42.10355],[78.26049,42.09645],[78.25617,42.09522],[78.25216,42.09228],[78.24367,42.09105],[78.23966,42.08812],[78.2341,42.08653],[78.23254,42.07579],[78.22284,42.07438],[78.21883,42.07145],[78.21034,42.07022],[78.20633,42.06728],[78.19367,42.06605],[78.18966,42.06312],[78.17284,42.06188],[78.16883,42.05895],[78.16451,42.05772],[78.16049,42.05478],[78.15617,42.05355],[78.15216,42.05062],[78.15,42.05],[78.14167,42.05],[78.14131,42.04754],[78.13576,42.04202],[78.13333,42.04167],[78.13298,42.03924],[78.12952,42.03576],[78.12917,42.03333],[78.13133,42.03272],[78.13534,42.02978],[78.14074,42.02824],[78.14228,42.02284],[78.14938,42.01466],[78.15062,42.01034],[78.15355,42.00633],[78.15484,41.98002],[78.16034,41.97562],[78.16574,41.97407],[78.16728,41.96867],[78.17022,41.96466],[78.17164,41.9549],[78.17917,41.95417],[78.18159,41.95381],[78.18508,41.95035],[78.19583,41.95],[78.19619,41.94758],[78.20381,41.93992],[78.20417,41.9375],[78.20833,41.9375],[78.23138,41.93807],[78.23529,41.9411],[78.23971,41.94223],[78.24375,41.94536],[78.24779,41.94223],[78.25221,41.9411],[78.25612,41.93807],[78.26471,41.93693],[78.27696,41.92557],[78.28844,41.92443],[78.29779,41.93277],[78.3116,41.93399],[78.3125,41.9375],[78.32917,41.9375],[78.32983,41.93007],[78.33665,41.92832],[78.33807,41.92279],[78.3412,41.91875],[78.33807,41.91471],[78.33693,41.91029],[78.33277,41.90491],[78.3339,41.90196],[78.3411,41.89388],[78.34223,41.87279],[78.3536,41.86054],[78.35417,41.85833],[78.35381,41.84755],[78.34826,41.84202],[78.34583,41.84167],[78.31758,41.84108],[78.31578,41.83404],[78.30612,41.83277],[78.29388,41.8214],[78.29167,41.82083],[78.29053,41.82526],[78.28554,41.8214],[78.28333,41.82083],[78.28277,41.81446],[78.27129,41.80209],[78.27443,41.79804],[78.27557,41.79362],[78.29527,41.77304],[78.2964,41.76446],[78.29943,41.76054],[78.3009,41.75483],[78.30833,41.75417],[78.30833,41.75],[78.30196,41.74943],[78.28971,41.73807],[78.28112,41.73693],[78.27721,41.7339],[78.27168,41.73248],[78.27027,41.72696],[78.26571,41.72149],[78.25196,41.72027],[78.23971,41.7089],[78.22696,41.70777],[78.22304,41.70473],[78.21862,41.7036],[78.21054,41.6964],[78.20612,41.69527],[78.20221,41.69223],[78.19925,41.6911],[78.19375,41.69536],[78.18971,41.69223],[78.18529,41.6911],[78.18138,41.68807],[78.17696,41.68693],[78.16888,41.67973],[78.16446,41.6786],[78.16054,41.67557],[78.15612,41.67443],[78.15221,41.6714],[78.14362,41.67027],[78.13971,41.66723],[78.12696,41.6661],[78.12304,41.66307],[78.11667,41.6625],[78.11424,41.66215],[78.11076,41.65869],[78.10833,41.65833],[78.10773,41.65616],[78.10477,41.65217],[78.10356,41.62699],[78.09939,41.62137],[78.10082,41.61327],[78.11171,41.61172],[78.1203,41.60209],[78.11606,41.59637],[78.11727,41.58533],[78.12023,41.58134],[78.12083,41.57917],[78.12048,41.57258],[78.11668,41.56875],[78.12535,41.56005],[78.12464,41.55588],[78.11492,41.54619],[78.10833,41.54583],[78.10767,41.5384],[78.10085,41.53665],[78.09943,41.53112],[78.0911,41.52177],[78.09223,41.51446],[78.09527,41.51054],[78.09583,41.5],[78.09583,41.49167],[78.09252,41.49082],[78.09167,41.4875],[78.08924,41.48715],[78.07742,41.47535],[78.075,41.475],[78.07465,41.46841],[78.07119,41.46492],[78.07048,41.45588],[78.06492,41.45035],[78.03924,41.44965],[78.03159,41.44202],[78.02917,41.44167],[78.02696,41.44223],[78.02304,41.44527],[78.01862,41.4464],[78.01347,41.4504],[78.01165,41.45748],[78.00612,41.4589],[78.00221,41.46193],[77.99779,41.46307],[77.99263,41.46706],[77.99078,41.47429],[77.98112,41.47557],[77.97721,41.4786],[77.97279,41.47973],[77.96471,41.48693],[77.96029,41.48807],[77.95638,41.4911],[77.95196,41.49223],[77.94804,41.49527],[77.9375,41.49583],[77.93693,41.49362],[77.9339,41.48971],[77.93243,41.48399],[77.925,41.48333],[77.9241,41.47981],[77.91054,41.46723],[77.90092,41.46596],[77.8964,41.46054],[77.89498,41.45502],[77.88815,41.45326],[77.87557,41.43971],[77.875,41.4375],[77.875,41.43333],[77.87403,41.42956],[77.86741,41.42443],[77.86029,41.42557],[77.85491,41.42973],[77.82591,41.42856],[77.82415,41.42168],[77.81862,41.42027],[77.81471,41.41723],[77.81029,41.4161],[77.80638,41.41307],[77.79257,41.41184],[77.79082,41.40502],[77.78529,41.4036],[77.78138,41.40057],[77.77696,41.39943],[77.77304,41.3964],[77.76752,41.39498],[77.7657,41.3879],[77.76054,41.3839],[77.75612,41.38277],[77.75221,41.37973],[77.73946,41.3786],[77.73138,41.3714],[77.72172,41.37012],[77.71987,41.3629],[77.71471,41.3589],[77.7125,41.35833],[77.71285,41.35591],[77.71631,41.35242],[77.71702,41.34754],[77.72258,41.34202],[77.72742,41.34131],[77.73091,41.33785],[77.73333,41.3375],[77.73411,41.33422],[77.7385,41.33285],[77.74489,41.33803],[77.74808,41.33697],[77.76025,41.32553],[77.7625,41.325],[77.76215,41.31841],[77.75798,41.31421],[77.75869,41.31008],[77.76215,41.30659],[77.7625,41.30417],[77.75833,41.30417],[77.74362,41.30473],[77.73971,41.30777],[77.73259,41.3089],[77.72721,41.30473],[77.70196,41.3036],[77.6968,41.2996],[77.69493,41.2923],[77.67696,41.2911],[77.6718,41.2871],[77.67083,41.28333],[77.63508,41.28369],[77.62292,41.29582],[77.61909,41.29202],[77.59758,41.29131],[77.59409,41.28785],[77.57328,41.28715],[77.56492,41.29548],[77.5625,41.29583],[77.56165,41.29252],[77.55612,41.2911],[77.55221,41.28807],[77.53946,41.28693],[77.53554,41.2839],[77.52917,41.28333],[77.52279,41.28277],[77.51471,41.27557],[77.51175,41.27443],[77.50625,41.2787],[77.50221,41.27557],[77.49362,41.27443],[77.48971,41.2714],[77.48112,41.27027],[77.47721,41.26723],[77.46175,41.2661],[77.45539,41.27103],[77.45071,41.26999],[77.44929,41.25922],[77.44362,41.25777],[77.43554,41.25057],[77.43112,41.24943],[77.42721,41.2464],[77.41446,41.24527],[77.41054,41.24223],[77.40196,41.2411],[77.39804,41.23807],[77.36667,41.2375],[77.34758,41.23785],[77.34409,41.24131],[77.33924,41.24202],[77.33542,41.24582],[77.33159,41.24202],[77.31008,41.24131],[77.30659,41.23785],[77.28333,41.2375],[77.28298,41.24409],[77.27535,41.25174],[77.27465,41.25659],[77.27119,41.26008],[77.27083,41.2625],[77.26841,41.26215],[77.26076,41.25452],[77.24758,41.25381],[77.24409,41.25035],[77.23924,41.24965],[77.23542,41.24585],[77.23159,41.24965],[77.225,41.25],[77.22083,41.25],[77.18508,41.24965],[77.17742,41.24202],[77.16079,41.24131],[77.15659,41.24548],[77.15174,41.24619],[77.14826,41.24965],[77.13995,41.25035],[77.13576,41.24619],[77.13091,41.24548],[77.12742,41.24202],[77.11667,41.24167],[77.11631,41.23921],[77.11076,41.23369],[77.08508,41.23298],[77.08159,41.22952],[77.07674,41.22881],[77.07326,41.22535],[77.07083,41.225],[77.05196,41.22557],[77.04585,41.23066],[77.04953,41.23542],[77.0464,41.23946],[77.04493,41.2452],[77.02696,41.2464],[77.02292,41.24953],[77.01874,41.2463],[77.01054,41.2536],[77.00323,41.25473],[76.99388,41.2464],[76.96446,41.24527],[76.96054,41.24223],[76.94779,41.2411],[76.94388,41.23807],[76.93038,41.23693],[76.9286,41.24388],[76.92557,41.24779],[76.925,41.25],[76.91862,41.25057],[76.91364,41.25443],[76.91169,41.24684],[76.90759,41.24527],[76.90221,41.24943],[76.89509,41.25057],[76.88971,41.2464],[76.88112,41.24527],[76.8674,41.23243],[76.8661,41.22425],[76.87036,41.21875],[76.86723,41.21471],[76.86667,41.2125],[76.86578,41.20904],[76.85612,41.20777],[76.85075,41.2036],[76.84255,41.20491],[76.84045,41.21307],[76.81446,41.21193],[76.81054,41.2089],[76.80612,41.20777],[76.80221,41.20473],[76.8,41.20417],[76.79341,41.20381],[76.78958,41.20001],[76.77742,41.21215],[76.77083,41.2125],[76.76424,41.21215],[76.76076,41.20869],[76.75833,41.20833],[76.75591,41.20869],[76.75242,41.21215],[76.74829,41.21285],[76.74409,41.20869],[76.73333,41.20833],[76.72174,41.20896],[76.72027,41.21471],[76.71566,41.22024],[76.69583,41.22083],[76.69167,41.22083],[76.68533,41.22144],[76.68134,41.22439],[76.66866,41.22561],[76.66458,41.22863],[76.65634,41.22144],[76.64783,41.22023],[76.64384,41.21727],[76.62699,41.21606],[76.62155,41.21166],[76.62012,41.19666],[76.61196,41.19523],[76.60634,41.19939],[76.60417,41.2],[76.60381,41.17258],[76.59965,41.16838],[76.60035,41.16424],[76.60452,41.16005],[76.60381,41.15588],[76.59409,41.14619],[76.58921,41.14548],[76.57952,41.13576],[76.57917,41.13333],[76.56008,41.13369],[76.55659,41.13715],[76.54758,41.13785],[76.54409,41.14131],[76.52674,41.14202],[76.51702,41.15171],[76.51631,41.15659],[76.51079,41.16215],[76.5,41.1625],[76.49965,41.15588],[76.48992,41.14619],[76.48333,41.14583],[76.47696,41.1464],[76.4718,41.1504],[76.46995,41.1576],[76.46156,41.1589],[76.45221,41.15057],[76.44487,41.14943],[76.43399,41.15931],[76.43333,41.16667],[76.4322,41.1711],[76.42721,41.16723],[76.42279,41.1661],[76.41342,41.15775],[76.41193,41.15196],[76.4089,41.14804],[76.40777,41.14362],[76.40057,41.13554],[76.4,41.12917],[76.39934,41.12173],[76.39362,41.12027],[76.38971,41.11723],[76.37696,41.1161],[76.37304,41.11307],[76.36446,41.11193],[76.36054,41.1089],[76.35612,41.10777],[76.35221,41.10473],[76.34779,41.1036],[76.34241,41.09943],[76.33112,41.10057],[76.32575,41.10473],[76.31756,41.10343],[76.31307,41.09804],[76.3125,41.09583],[76.31008,41.09548],[76.30452,41.08996],[76.30417,41.0875],[76.28091,41.08715],[76.27708,41.08335],[76.27326,41.08715],[76.26841,41.08785],[76.25659,41.09965],[76.25174,41.10035],[76.24826,41.10381],[76.23924,41.10452],[76.23369,41.11004],[76.23333,41.1125],[76.23112,41.11193],[76.22304,41.10473],[76.21446,41.1036],[76.21054,41.10057],[76.20196,41.09943],[76.19804,41.0964],[76.18946,41.09527],[76.18009,41.08692],[76.17826,41.07978],[76.15196,41.0786],[76.14791,41.07546],[76.13971,41.08277],[76.1375,41.08333],[76.13715,41.08091],[76.13369,41.07742],[76.13333,41.075],[76.13298,41.07258],[76.12952,41.06909],[76.12917,41.0625],[76.12258,41.06215],[76.11909,41.05869],[76.10591,41.05798],[76.10242,41.05452],[76.07083,41.05417],[76.06424,41.05381],[76.05659,41.04619],[76.04758,41.04548],[76.04409,41.04202],[76.0375,41.04167],[76.03715,41.03924],[76.03369,41.03576],[76.03298,41.03091],[76.02952,41.02742],[76.02917,41.025],[76.02258,41.02535],[76.01492,41.03298],[75.98924,41.03369],[75.98576,41.03715],[75.98091,41.03785],[75.97742,41.04131],[75.9625,41.04167],[75.95918,41.04082],[75.95833,41.0375],[75.95612,41.03693],[75.94804,41.02973],[75.93946,41.0286],[75.9343,41.0246],[75.93248,41.01752],[75.92585,41.01582],[75.925,41.0125],[75.92258,41.01285],[75.91909,41.01631],[75.90417,41.01667],[75.90326,41.01314],[75.88529,41.01193],[75.87304,41.00057],[75.86862,40.99943],[75.86471,40.9964],[75.83946,40.99527],[75.83554,40.99223],[75.81667,40.99167],[75.81576,40.99521],[75.80417,40.99583],[75.80332,40.99252],[75.79668,40.99082],[75.79487,40.98373],[75.78971,40.97973],[75.7875,40.97917],[75.78508,40.97881],[75.78159,40.97535],[75.75833,40.975],[75.75591,40.97465],[75.74409,40.96285],[75.72917,40.9625],[75.72674,40.96215],[75.72326,40.95869],[75.71667,40.95833],[75.70833,40.95833],[75.70798,40.95174],[75.70001,40.94375],[75.70452,40.93921],[75.70381,40.93508],[75.69619,40.92742],[75.69583,40.92083],[75.68946,40.92027],[75.68554,40.91723],[75.67842,40.9161],[75.67197,40.9211],[75.67027,40.91446],[75.65732,40.90062],[75.63675,40.89943],[75.63138,40.9036],[75.62842,40.90473],[75.62304,40.90057],[75.61446,40.89943],[75.6093,40.89544],[75.60833,40.89167],[75.60591,40.89131],[75.60242,40.88785],[75.58333,40.8875],[75.58112,40.88693],[75.55948,40.86621],[75.55777,40.86175],[75.56204,40.85624],[75.55473,40.84804],[75.55332,40.84252],[75.54779,40.8411],[75.54388,40.83807],[75.53333,40.8375],[75.53245,40.83404],[75.52172,40.83262],[75.51998,40.82585],[75.51335,40.82415],[75.5125,40.82083],[75.50174,40.82048],[75.49826,40.81702],[75.49341,40.81631],[75.48576,40.80869],[75.475,40.80833],[75.475,40.80417],[75.46424,40.80381],[75.46076,40.80035],[75.45591,40.79965],[75.44409,40.78785],[75.42258,40.78715],[75.41909,40.78369],[75.40245,40.78298],[75.39826,40.78715],[75.39583,40.7875],[75.39252,40.78665],[75.39078,40.77988],[75.38112,40.7786],[75.36471,40.76307],[75.34362,40.76193],[75.33971,40.7589],[75.33333,40.75833],[75.32279,40.75777],[75.31888,40.75473],[75.31312,40.75326],[75.3125,40.74167],[75.30833,40.74167],[75.30591,40.74131],[75.30242,40.73785],[75.29412,40.73715],[75.28576,40.74548],[75.28091,40.74619],[75.27742,40.74965],[75.27083,40.75],[75.26451,40.74938],[75.26049,40.74645],[75.25079,40.74504],[75.24923,40.73431],[75.24367,40.73272],[75.23549,40.72562],[75.2,40.725],[75.19965,40.71841],[75.19619,40.71492],[75.19583,40.7125],[75.19619,40.71008],[75.20452,40.70172],[75.20381,40.69341],[75.20035,40.68992],[75.2,40.68333],[75.19758,40.68298],[75.18992,40.67535],[75.18508,40.67465],[75.17952,40.66912],[75.17917,40.66667],[75.17279,40.66723],[75.16888,40.67027],[75.16592,40.6714],[75.16054,40.66723],[75.14779,40.6661],[75.14388,40.66307],[75.13946,40.66193],[75.13554,40.6589],[75.13002,40.65748],[75.1286,40.65196],[75.12557,40.64804],[75.12443,40.64362],[75.1214,40.63971],[75.12027,40.63112],[75.11723,40.62721],[75.11582,40.62168],[75.11029,40.62027],[75.1,40.61093],[75.10777,40.60221],[75.1089,40.59092],[75.10473,40.58554],[75.10351,40.57173],[75.09779,40.57027],[75.09229,40.56568],[75.09167,40.55417],[75.09223,40.55196],[75.09527,40.54804],[75.09645,40.52175],[75.10221,40.52027],[75.11029,40.51307],[75.11471,40.51193],[75.11862,40.5089],[75.1246,40.50737],[75.1286,40.50221],[75.13002,40.49668],[75.13554,40.49527],[75.14362,40.48807],[75.1496,40.48653],[75.1536,40.48138],[75.15417,40.45833],[75.14362,40.4589],[75.13971,40.46193],[75.13675,40.46307],[75.13138,40.4589],[75.12279,40.45777],[75.11471,40.45057],[75.11029,40.44943],[75.10513,40.44544],[75.10332,40.43835],[75.1,40.4375],[75.09257,40.43816],[75.09167,40.44167],[75.08924,40.44202],[75.08576,40.44548],[75.08162,40.44619],[75.07708,40.44168],[75.07326,40.44548],[75.06841,40.44619],[75.06492,40.44965],[75.06079,40.45035],[75.05659,40.44619],[75.05417,40.44583],[75.05174,40.44619],[75.04619,40.45171],[75.04583,40.45417],[75.04167,40.45417],[75.03529,40.45473],[75.03138,40.45777],[75.02696,40.4589],[75.01888,40.4661],[75.01592,40.46723],[75.01054,40.46307],[75.00612,40.46193],[75.00221,40.4589],[74.99779,40.45777],[74.99388,40.45473],[74.99092,40.4536],[74.98554,40.45777],[74.97696,40.4589],[74.97304,40.46193],[74.96862,40.46307],[74.96471,40.4661],[74.96029,40.46723],[74.95638,40.47027],[74.95196,40.4714],[74.94804,40.47443],[74.94362,40.47557],[74.93971,40.4786],[74.93112,40.47973],[74.92175,40.48808],[74.91998,40.49498],[74.91335,40.49668],[74.9125,40.5],[74.89779,40.50057],[74.89388,40.5036],[74.88835,40.50502],[74.8875,40.50833],[74.88091,40.50869],[74.87742,40.51215],[74.86841,40.51285],[74.86492,40.51631],[74.8625,40.51667],[74.84758,40.51702],[74.84409,40.52048],[74.84167,40.52083],[74.84082,40.52415],[74.8375,40.525],[74.83508,40.52465],[74.82742,40.51702],[74.825,40.51667],[74.82438,40.51451],[74.82145,40.51049],[74.82022,40.50617],[74.81605,40.50047],[74.81728,40.49367],[74.82027,40.48958],[74.81728,40.48549],[74.81605,40.47701],[74.81306,40.47292],[74.81611,40.46875],[74.81312,40.46466],[74.81169,40.45482],[74.79167,40.45417],[74.79223,40.44779],[74.79943,40.43971],[74.80097,40.43373],[74.80612,40.42973],[74.81054,40.4286],[74.83112,40.4089],[74.83554,40.40777],[74.85196,40.39223],[74.85775,40.39075],[74.8661,40.38138],[74.86757,40.37565],[74.88112,40.36307],[74.88554,40.36193],[74.88946,40.3589],[74.8964,40.35712],[74.89514,40.34672],[74.89167,40.34583],[74.89082,40.34252],[74.88418,40.34082],[74.88245,40.33404],[74.87279,40.33277],[74.86471,40.32557],[74.8625,40.325],[74.85174,40.32535],[74.84826,40.32881],[74.84341,40.32952],[74.83576,40.33715],[74.83091,40.33785],[74.82742,40.34131],[74.82258,40.34202],[74.81909,40.34548],[74.81424,40.34619],[74.81076,40.34965],[74.80174,40.35035],[74.79826,40.35381],[74.78995,40.35452],[74.78576,40.35035],[74.75662,40.34965],[74.75242,40.35381],[74.74828,40.35452],[74.73542,40.34168],[74.73159,40.34548],[74.72258,40.34619],[74.71909,40.34965],[74.70662,40.35035],[74.70242,40.34619],[74.69583,40.34583],[74.69619,40.34341],[74.70035,40.33921],[74.69965,40.32258],[74.69619,40.31909],[74.69548,40.31424],[74.68785,40.30659],[74.68715,40.30174],[74.68298,40.29755],[74.68369,40.28924],[74.68785,40.28505],[74.68715,40.28091],[74.68369,40.27742],[74.68333,40.26667],[74.6759,40.26733],[74.67412,40.27426],[74.66592,40.27557],[74.66054,40.2714],[74.6449,40.27027],[74.63554,40.2786],[74.59779,40.27973],[74.59374,40.28287],[74.57304,40.26307],[74.56862,40.26193],[74.56347,40.25794],[74.56193,40.25196],[74.55057,40.23971],[74.54943,40.23529],[74.52402,40.20899],[74.51029,40.20777],[74.50638,40.20473],[74.49779,40.2036],[74.49263,40.1996],[74.4911,40.19362],[74.4871,40.18847],[74.48112,40.18693],[74.46054,40.16723],[74.45833,40.16667],[74.45767,40.15923],[74.45196,40.15777],[74.44804,40.15473],[74.44252,40.15332],[74.44167,40.15],[74.43508,40.14965],[74.43159,40.14619],[74.42674,40.14548],[74.42326,40.14202],[74.42083,40.14167],[74.41987,40.1379],[74.41471,40.1339],[74.40612,40.13277],[74.39804,40.12557],[74.39362,40.12443],[74.38554,40.11723],[74.38112,40.1161],[74.37304,40.1089],[74.36862,40.10777],[74.36471,40.10473],[74.36029,40.1036],[74.34682,40.0911],[74.33838,40.0924],[74.3375,40.09583],[74.32674,40.09619],[74.32326,40.09965],[74.31841,40.10035],[74.30659,40.11215],[74.30245,40.11285],[74.29826,40.10869],[74.29341,40.10798],[74.28992,40.10452],[74.275,40.10417],[74.27465,40.10659],[74.27119,40.11008],[74.27048,40.11492],[74.26702,40.11841],[74.26631,40.12326],[74.25869,40.13091],[74.25833,40.13333],[74.25612,40.13277],[74.24804,40.12557],[74.23839,40.12429],[74.2375,40.12083],[74.22674,40.12119],[74.21909,40.12881],[74.21495,40.12952],[74.21076,40.12535],[74.20174,40.12465],[74.19826,40.12119],[74.18508,40.12048],[74.18159,40.11702],[74.17674,40.11631],[74.17292,40.11251],[74.16909,40.11631],[74.16078,40.11702],[74.14826,40.10452],[74.13995,40.10381],[74.13576,40.10798],[74.13091,40.10869],[74.12708,40.11249],[74.10869,40.09412],[74.10833,40.0875],[74.09341,40.08715],[74.08576,40.07952],[74.06912,40.07881],[74.06286,40.08504],[74.0625,40.0875],[74.06029,40.08807],[74.05221,40.09527],[74.04668,40.09668],[74.04583,40.1],[74.04341,40.09965],[74.03992,40.09619],[74.03333,40.09583],[74.03298,40.09826],[74.02535,40.10591],[74.025,40.10833],[74.02443,40.11054],[74.02066,40.11542],[74.01592,40.11723],[74.01054,40.11307],[74.00759,40.11193],[74.00208,40.1162],[73.99804,40.11307],[73.97425,40.11193],[73.96888,40.1161],[73.95507,40.11733],[73.9536,40.12304],[73.9496,40.1282],[73.94583,40.12917],[73.94583,40.13333],[73.94583,40.14583],[73.93924,40.14619],[73.92742,40.15798],[73.92083,40.15833],[73.92148,40.16463],[73.92857,40.17292],[73.92068,40.18212],[73.91453,40.18398],[73.90915,40.18779],[73.90755,40.2035],[73.875,40.20417],[73.87443,40.19779],[73.86307,40.18554],[73.86193,40.17696],[73.85473,40.16888],[73.8536,40.16446],[73.8464,40.15638],[73.84527,40.15196],[73.84223,40.14804],[73.8407,40.14206],[73.83408,40.13693],[73.82173,40.13817],[73.81962,40.1464],[73.81446,40.14527],[73.81054,40.14223],[73.80612,40.1411],[73.80221,40.13807],[73.79654,40.13661],[73.79512,40.12589],[73.78811,40.12409],[73.7875,40.10833],[73.78091,40.10798],[73.76909,40.09619],[73.76667,40.09583],[73.76723,40.08529],[73.7714,40.07991],[73.77016,40.06756],[73.76308,40.06575],[73.75473,40.05638],[73.7532,40.0504],[73.74804,40.0464],[73.74167,40.04583],[73.7411,40.03946],[73.73693,40.03408],[73.73817,40.02173],[73.74167,40.02083],[73.7411,40.01029],[73.73797,40.00625],[73.74121,40.00207],[73.72973,39.98971],[73.7282,39.98373],[73.72304,39.97973],[73.71738,39.97828],[73.7161,39.96862],[73.70473,39.95638],[73.70332,39.95085],[73.7,39.95],[73.69247,39.94926],[73.69105,39.93951],[73.68666,39.93402],[73.66451,39.93272],[73.66049,39.92978],[73.65137,39.92855],[73.65,39.93333],[73.64965,39.93576],[73.64412,39.94131],[73.63508,39.94202],[73.63159,39.94548],[73.625,39.94583],[73.62168,39.94498],[73.61998,39.93835],[73.61446,39.93693],[73.59804,39.9214],[73.59167,39.92083],[73.5911,39.91446],[73.5839,39.90638],[73.58277,39.90196],[73.5786,39.89658],[73.57973,39.89362],[73.5964,39.87601],[73.5951,39.86755],[73.58835,39.86582],[73.58693,39.86029],[73.5839,39.85638],[73.58333,39.85417],[73.5625,39.85417],[73.56153,39.8504],[73.55638,39.8464],[73.55085,39.84498],[73.54943,39.83946],[73.54223,39.83138],[73.5411,39.82279],[73.5339,39.81471],[73.53333,39.8125],[73.53298,39.81008],[73.52881,39.80588],[73.52952,39.79758],[73.53715,39.78992],[73.53785,39.78508],[73.54131,39.78159],[73.54167,39.77083],[73.5491,39.77017],[73.55057,39.76446],[73.5536,39.76054],[73.55417,39.75417],[73.5625,39.75417],[73.56909,39.75452],[73.57258,39.75798],[73.58159,39.75869],[73.59412,39.77119],[73.62742,39.77048],[73.63924,39.75869],[73.66909,39.75798],[73.67329,39.75381],[73.67742,39.75452],[73.68125,39.75832],[73.68508,39.75452],[73.68992,39.75381],[73.69341,39.75035],[73.70417,39.75],[73.70381,39.74758],[73.70035,39.74409],[73.69965,39.73091],[73.69202,39.72326],[73.69131,39.71424],[73.68785,39.71076],[73.68715,39.70591],[73.68369,39.70242],[73.68298,39.69758],[73.65452,39.66909],[73.65381,39.66424],[73.64619,39.65659],[73.64548,39.64341],[73.63298,39.63088],[73.63369,39.62255],[73.63924,39.61702],[73.64167,39.61667],[73.64131,39.60591],[73.62952,39.59409],[73.62881,39.58924],[73.62119,39.58159],[73.62048,39.56424],[73.61285,39.55659],[73.61214,39.54755],[73.60659,39.54202],[73.60174,39.54131],[73.59826,39.53785],[73.59167,39.5375],[73.59075,39.53392],[73.58138,39.52557],[73.57696,39.52443],[73.57304,39.5214],[73.56862,39.52027],[73.56471,39.51723],[73.55918,39.51582],[73.55748,39.50918],[73.55196,39.50777],[73.54658,39.5036],[73.54248,39.50517],[73.54167,39.50833],[73.53924,39.50798],[73.52742,39.49619],[73.525,39.49583],[73.52465,39.48924],[73.52119,39.48576],[73.52083,39.47917],[73.52083,39.47083],[73.51667,39.47083],[73.49779,39.47027],[73.49388,39.46723],[73.46446,39.4661],[73.46054,39.46307],[73.45089,39.46179],[73.44943,39.45612],[73.44482,39.45059],[73.39362,39.44943],[73.37721,39.4339],[73.35833,39.43333],[73.35483,39.43243],[73.35417,39.425],[73.35748,39.42415],[73.3589,39.41862],[73.36307,39.41325],[73.36183,39.40096],[73.35221,39.39223],[73.34167,39.39167],[73.32591,39.39106],[73.32409,39.38394],[73.28946,39.38277],[73.28554,39.37973],[73.26341,39.37854],[73.26193,39.37279],[73.25324,39.3632],[73.24362,39.36193],[73.23971,39.3589],[73.22917,39.35833],[73.22674,39.35869],[73.22326,39.36215],[73.21495,39.36285],[73.20659,39.35452],[73.19758,39.35381],[73.19375,39.35001],[73.18992,39.35381],[73.17329,39.35452],[73.16909,39.35035],[73.16495,39.34965],[73.16076,39.35381],[73.14758,39.35452],[73.14202,39.36004],[73.14167,39.3625],[73.13924,39.36285],[73.13576,39.36631],[73.12674,39.36702],[73.12326,39.37048],[73.11424,39.37119],[73.11076,39.37465],[73.10662,39.37535],[73.10242,39.37119],[73.09341,39.37048],[73.08992,39.36702],[73.07258,39.36631],[73.06702,39.36079],[73.06667,39.35833],[73.06667,39.35],[73.06631,39.34338],[73.06076,39.33785],[73.05833,39.3375],[73.05798,39.33508],[73.05452,39.33159],[73.05417,39.32917],[73.05381,39.32258],[73.05035,39.31909],[73.05,39.3125],[73.05089,39.30903],[73.07279,39.28807],[73.07721,39.28693],[73.08125,39.2838],[73.08675,39.28807],[73.08971,39.28693],[73.09362,39.2839],[73.09804,39.28277],[73.11446,39.26723],[73.12012,39.26578],[73.12154,39.25509],[73.12696,39.25057],[73.13138,39.24943],[73.13529,39.2464],[73.15,39.24583],[73.15066,39.2384],[73.15794,39.23653],[73.16193,39.23138],[73.16307,39.22696],[73.17037,39.21876],[73.16723,39.21471],[73.1661,39.21029],[73.16307,39.20638],[73.1625,39.20417],[73.21076,39.20452],[73.21424,39.20798],[73.21909,39.20869],[73.22674,39.21631],[73.23159,39.21702],[73.23508,39.22048],[73.23992,39.22119],[73.24341,39.22465],[73.25242,39.22535],[73.25591,39.22881],[73.26492,39.22952],[73.26841,39.23298],[73.27326,39.23369],[73.27674,39.23715],[73.28159,39.23785],[73.28924,39.24548],[73.29409,39.24619],[73.30174,39.25381],[73.30659,39.25452],[73.31008,39.25798],[73.32083,39.25833],[73.32205,39.26307],[73.33971,39.26193],[73.34362,39.2589],[73.35,39.25833],[73.36054,39.25777],[73.36446,39.25473],[73.36998,39.25332],[73.3714,39.24779],[73.37443,39.24388],[73.37589,39.23821],[73.38661,39.23679],[73.38807,39.23112],[73.39527,39.22304],[73.39655,39.21335],[73.40122,39.2123],[73.40759,39.21723],[73.41579,39.21593],[73.41723,39.21029],[73.42027,39.20638],[73.42083,39.2],[73.42827,39.20066],[73.43008,39.20771],[73.45221,39.2089],[73.47846,39.23427],[73.47973,39.24388],[73.48843,39.25346],[73.49804,39.25473],[73.50612,39.26193],[73.51054,39.26307],[73.51446,39.2661],[73.51888,39.26723],[73.52403,39.27123],[73.525,39.275],[73.53966,39.27438],[73.54367,39.27145],[73.54799,39.27022],[73.55201,39.26728],[73.56183,39.26585],[73.5625,39.25],[73.56627,39.24903],[73.57027,39.24388],[73.57205,39.23693],[73.58554,39.23807],[73.58946,39.2411],[73.6125,39.24167],[73.61669,39.24041],[73.62019,39.23547],[73.6218,39.23013],[73.62919,39.22791],[73.63269,39.22297],[73.63398,39.2187],[73.64102,39.21047],[73.64263,39.20513],[73.64985,39.20296],[73.65769,39.1938],[73.65898,39.1812],[73.66186,39.17714],[73.66371,39.17098],[73.67287,39.16314],[73.68775,39.16162],[73.68398,39.1563],[73.68269,39.15203],[73.67981,39.14797],[73.67917,39.14583],[73.68138,39.14527],[73.68529,39.14223],[73.69388,39.1411],[73.70196,39.1339],[73.70762,39.13245],[73.7089,39.12279],[73.71193,39.11888],[73.7125,39.11667],[73.7125,39.1125],[73.71307,39.10196],[73.7162,39.09792],[73.71307,39.09388],[73.71193,39.08946],[73.70777,39.08408],[73.7089,39.08112],[73.7161,39.07304],[73.71758,39.06727],[73.73333,39.06667],[73.73369,39.05591],[73.73715,39.05242],[73.7375,39.03333],[73.74388,39.03277],[73.74925,39.0286],[73.76054,39.02973],[73.76458,39.03286],[73.77009,39.0286],[73.7866,39.02981],[73.78847,39.0371],[73.79362,39.0411],[73.81667,39.04167],[73.81702,39.03508],[73.82465,39.02742],[73.82535,39.02258],[73.84131,39.00659],[73.84202,39.00174],[73.84548,38.99826],[73.84619,38.97674],[73.84965,38.97326],[73.85035,38.96008],[73.85381,38.95659],[73.85417,38.95417],[73.85085,38.95332],[73.84943,38.94779],[73.8464,38.94388],[73.84527,38.93946],[73.83807,38.93138],[73.83679,38.92172],[73.83002,38.91998],[73.82917,38.91667],[73.82173,38.91733],[73.82083,38.92083],[73.81752,38.92168],[73.8161,38.92721],[73.81161,38.9326],[73.80342,38.9339],[73.79804,38.92973],[73.78871,38.9286],[73.78693,38.93554],[73.7839,38.93946],[73.78217,38.9462],[73.77304,38.93807],[73.76592,38.93693],[73.76054,38.9411],[73.7574,38.94223],[73.74804,38.9339],[73.74362,38.93277],[73.73816,38.92821],[73.73693,38.91446],[73.73241,38.90904],[73.72279,38.90777],[73.71888,38.90473],[73.71316,38.90327],[73.71193,38.88946],[73.70046,38.87709],[73.7036,38.87304],[73.70417,38.85417],[73.70513,38.85096],[73.71047,38.84936],[73.71453,38.84648],[73.7284,38.84506],[73.72917,38.8375],[73.72952,38.83508],[73.73715,38.82742],[73.73785,38.82258],[73.74548,38.81492],[73.74619,38.81008],[73.74965,38.80659],[73.75035,38.80174],[73.75798,38.79409],[73.75869,38.78924],[73.76631,38.78159],[73.76667,38.77917],[73.76667,38.775],[73.76424,38.77465],[73.76076,38.77119],[73.75833,38.77083],[73.75777,38.76862],[73.75473,38.76471],[73.7536,38.74362],[73.74527,38.73427],[73.74686,38.72986],[73.75638,38.7286],[73.76029,38.72557],[73.76627,38.72403],[73.77027,38.71888],[73.7714,38.69779],[73.7786,38.68971],[73.78009,38.68392],[73.78946,38.67557],[73.79498,38.67415],[73.79668,38.66752],[73.80332,38.66582],[73.80417,38.6625],[73.80452,38.64758],[73.81249,38.63958],[73.80869,38.63576],[73.80798,38.63091],[73.80035,38.62326],[73.8,38.61667],[73.8,38.6125],[73.81076,38.61215],[73.81424,38.60869],[73.81909,38.60798],[73.82258,38.60452],[73.82742,38.60381],[73.84341,38.58785],[73.85242,38.58715],[73.86008,38.57952],[73.8625,38.57917],[73.86492,38.57952],[73.86841,38.58298],[73.89583,38.58333],[73.89915,38.58248],[73.90057,38.57696],[73.9036,38.57304],[73.90473,38.56862],[73.90777,38.56471],[73.90918,38.55918],[73.91471,38.55777],[73.92696,38.5464],[73.92917,38.54583],[73.9366,38.54517],[73.93839,38.53821],[73.94911,38.53679],[73.95,38.53333],[73.95221,38.5339],[73.95759,38.53807],[73.96054,38.53693],[73.96592,38.53277],[73.96888,38.5339],[73.97425,38.53807],[73.98244,38.53676],[73.98693,38.53138],[73.9884,38.52566],[73.99583,38.525],[74.00752,38.52569],[74.00913,38.53671],[74.01883,38.53812],[74.02843,38.54645],[74.04799,38.54522],[74.05617,38.53812],[74.06883,38.53688],[74.07284,38.53395],[74.075,38.53333],[74.07721,38.5339],[74.08112,38.53693],[74.08665,38.53835],[74.0875,38.54167],[74.08684,38.54796],[74.08342,38.55285],[74.07704,38.55482],[74.07178,38.5585],[74.07002,38.5698],[74.06327,38.57188],[74.06184,38.58391],[74.07018,38.59371],[74.07159,38.61176],[74.09379,38.61316],[74.09788,38.61601],[74.10025,38.61732],[74.10621,38.61316],[74.10858,38.61184],[74.11582,38.6169],[74.11732,38.63129],[74.12018,38.63538],[74.12083,38.6375],[74.12119,38.64826],[74.12465,38.65174],[74.12535,38.67329],[74.13091,38.67881],[74.1375,38.67917],[74.13841,38.67562],[74.15,38.675],[74.16492,38.67535],[74.16912,38.67952],[74.17326,38.67881],[74.17674,38.67535],[74.19828,38.67465],[74.21631,38.65659],[74.21667,38.65417],[74.23576,38.65452],[74.23924,38.65798],[74.24826,38.65869],[74.25174,38.66215],[74.25417,38.6625],[74.26076,38.66215],[74.26424,38.65869],[74.27742,38.65798],[74.28162,38.65381],[74.28576,38.65452],[74.28995,38.65869],[74.29826,38.65798],[74.30245,38.65381],[74.31492,38.65452],[74.32328,38.66285],[74.33576,38.66215],[74.33924,38.65869],[74.34409,38.65798],[74.34758,38.65452],[74.35,38.65417],[74.35417,38.65417],[74.35483,38.6616],[74.35833,38.6625],[74.36909,38.66215],[74.37258,38.65869],[74.37742,38.65798],[74.38091,38.65452],[74.3875,38.65417],[74.38992,38.65452],[74.39758,38.66215],[74.4,38.6625],[74.40085,38.65918],[74.40638,38.65777],[74.41029,38.65473],[74.4125,38.65417],[74.41286,38.65171],[74.41841,38.64619],[74.42917,38.64583],[74.42952,38.64338],[74.43508,38.63785],[74.43992,38.63715],[74.44341,38.63369],[74.45417,38.63333],[74.45659,38.63369],[74.46079,38.63785],[74.47326,38.63715],[74.47745,38.63298],[74.48992,38.63369],[74.49375,38.63749],[74.49829,38.63298],[74.50242,38.63369],[74.50591,38.63715],[74.51076,38.63785],[74.5146,38.64167],[74.52048,38.63576],[74.52119,38.63088],[74.52674,38.62535],[74.53162,38.62464],[74.53715,38.61909],[74.5375,38.6125],[74.54487,38.61184],[74.54943,38.60638],[74.55121,38.59943],[74.56888,38.60057],[74.57823,38.6089],[74.58138,38.60777],[74.58529,38.60473],[74.58971,38.6036],[74.59362,38.60057],[74.59804,38.59943],[74.60624,38.59213],[74.61029,38.59527],[74.61667,38.59583],[74.62083,38.59583],[74.62083,38.6],[74.62742,38.59965],[74.63091,38.59619],[74.63576,38.59548],[74.64341,38.58785],[74.64826,38.58715],[74.65174,38.58369],[74.65659,38.58298],[74.66008,38.57952],[74.66492,38.57881],[74.68091,38.56285],[74.68333,38.5625],[74.69409,38.56215],[74.69758,38.55869],[74.7,38.55833],[74.70035,38.55591],[74.70381,38.55242],[74.70452,38.54758],[74.70798,38.54409],[74.70869,38.53921],[74.71841,38.52952],[74.725,38.52917],[74.72742,38.52952],[74.73578,38.53785],[74.75242,38.53715],[74.75625,38.53335],[74.76079,38.53785],[74.78576,38.53715],[74.78924,38.53369],[74.79583,38.53333],[74.7964,38.52696],[74.79943,38.52304],[74.80057,38.51446],[74.8036,38.51054],[74.80502,38.50502],[74.8121,38.5032],[74.8161,38.49804],[74.81667,38.49167],[74.81788,38.48693],[74.82721,38.48807],[74.83112,38.4911],[74.83554,38.49223],[74.84092,38.4964],[74.84388,38.49527],[74.84779,38.49223],[74.85833,38.49167],[74.85893,38.47175],[74.86601,38.46993],[74.86667,38.4625],[74.86631,38.46008],[74.86215,38.45588],[74.86285,38.44758],[74.86631,38.44409],[74.86702,38.43091],[74.87048,38.42742],[74.87119,38.42258],[74.87499,38.41875],[74.87085,38.41458],[74.87535,38.41005],[74.87464,38.40171],[74.86909,38.39619],[74.85833,38.39583],[74.85798,38.38505],[74.85242,38.37952],[74.84754,38.37881],[74.84202,38.37326],[74.84167,38.3625],[74.84045,38.35777],[74.82174,38.35897],[74.81998,38.36582],[74.81335,38.36752],[74.8125,38.37083],[74.81029,38.37027],[74.79674,38.35769],[74.79495,38.35071],[74.78529,38.34943],[74.78138,38.3464],[74.77917,38.34583],[74.77973,38.33529],[74.78277,38.33138],[74.78404,38.32176],[74.79362,38.31307],[74.79938,38.31159],[74.80057,38.28946],[74.8036,38.28554],[74.80417,38.28333],[74.8006,38.28242],[74.8,38.2625],[74.79915,38.25918],[74.79583,38.25833],[74.7964,38.24362],[74.79943,38.23971],[74.80057,38.23112],[74.8036,38.22721],[74.80502,38.22168],[74.80833,38.22083],[74.80777,38.21029],[74.79943,38.20094],[74.80057,38.18529],[74.80473,38.17991],[74.8036,38.17696],[74.80057,38.17304],[74.79929,38.16339],[74.79583,38.1625],[74.79619,38.16008],[74.79965,38.15659],[74.80035,38.15174],[74.80381,38.14826],[74.80452,38.13924],[74.81631,38.12742],[74.81702,38.11008],[74.82082,38.10625],[74.81668,38.10208],[74.82048,38.09826],[74.82119,38.08505],[74.83091,38.07535],[74.84583,38.075],[74.85,38.075],[74.85035,38.06841],[74.85452,38.06421],[74.85381,38.05591],[74.85001,38.05208],[74.85381,38.04826],[74.85417,38.04583],[74.85804,38.04473],[74.86605,38.03549],[74.86746,38.02579],[74.87716,38.02438],[74.88286,38.02022],[74.88664,38.02199],[74.88843,38.02824],[74.89167,38.02917],[74.89258,38.03273],[74.90833,38.03333],[74.90918,38.03002],[74.91723,38.02795],[74.9161,38.00196],[74.91297,37.99792],[74.91723,37.99241],[74.9161,37.97696],[74.9088,37.96876],[74.91193,37.96471],[74.91307,37.96029],[74.9161,37.95638],[74.91723,37.95196],[74.92027,37.94804],[74.92083,37.9375],[74.92048,37.93091],[74.91668,37.92708],[74.92119,37.92255],[74.92048,37.91841],[74.91702,37.91492],[74.91667,37.90833],[74.91793,37.90414],[74.92287,37.90064],[74.93681,37.89922],[74.9375,37.87917],[74.93418,37.87832],[74.93277,37.87279],[74.92877,37.86763],[74.92279,37.8661],[74.9125,37.85676],[74.92027,37.84804],[74.9214,37.83529],[74.93014,37.82565],[74.94493,37.82434],[74.9464,37.81862],[74.94943,37.81471],[74.95,37.80833],[74.96076,37.80869],[74.96495,37.81285],[74.97326,37.81215],[74.98125,37.80418],[74.98508,37.80798],[74.9875,37.80833],[74.99082,37.80748],[74.99223,37.80196],[75.0036,37.78971],[75.00513,37.78373],[75.01029,37.77973],[75.0125,37.77917],[75.01214,37.77671],[75.00659,37.77119],[75.00174,37.77048],[74.98125,37.75001],[74.97742,37.75381],[74.96667,37.75417],[74.96605,37.73951],[74.96312,37.73549],[74.96171,37.72579],[74.95201,37.72438],[74.94383,37.71728],[74.93366,37.71581],[74.92978,37.71049],[74.92917,37.70417],[74.93002,37.70085],[74.93333,37.7],[74.93333,37.69583],[74.93248,37.69252],[74.92696,37.6911],[74.92304,37.68807],[74.91862,37.68693],[74.91054,37.67973],[74.90502,37.67832],[74.9036,37.67279],[74.90057,37.66888],[74.9,37.6625],[74.90062,37.65617],[74.90355,37.65216],[74.90478,37.64784],[74.90772,37.64383],[74.90949,37.63761],[74.91451,37.63395],[74.92072,37.63217],[74.92438,37.62716],[74.92574,37.6133],[74.93117,37.60895],[74.93812,37.60697],[74.93688,37.60201],[74.93272,37.5963],[74.93399,37.55934],[74.93966,37.55772],[74.94367,37.55478],[74.95753,37.55343],[74.95919,37.542],[74.96451,37.53812],[74.98133,37.53688],[74.98534,37.53395],[74.99383,37.53272],[74.99784,37.52978],[75.00216,37.52855],[75.00617,37.52562],[75.01569,37.52423],[75.01728,37.51867],[75.02022,37.51466],[75.02083,37.50833],[75.02326,37.50798],[75.03091,37.50035],[75.03333,37.5],[75.03549,37.50062],[75.03951,37.50355],[75.04903,37.50493],[75.05062,37.51049],[75.05355,37.51451],[75.05533,37.52072],[75.06114,37.52497],[75.06605,37.51883],[75.06777,37.5128],[75.07701,37.50478],[75.08679,37.50336],[75.08819,37.48433],[75.09491,37.48241],[75.09681,37.47577],[75.10633,37.47438],[75.11034,37.47145],[75.12083,37.47083],[75.12119,37.46841],[75.12465,37.46492],[75.125,37.4625],[75.12557,37.45612],[75.1286,37.45221],[75.13013,37.44623],[75.13529,37.44223],[75.14082,37.44082],[75.14223,37.43529],[75.14527,37.43138],[75.14583,37.42917],[75.14929,37.42828],[75.15057,37.41862],[75.1536,37.41471],[75.15417,37.4125],[75.15332,37.40918],[75.14779,37.40777],[75.13971,37.40057],[75.13529,37.39943],[75.12304,37.38807],[75.11862,37.38693],[75.10221,37.3714],[75.1,37.37083],[75.10057,37.36862],[75.1036,37.36471],[75.10473,37.36029],[75.11193,37.35221],[75.11307,37.34779],[75.12027,37.33971],[75.1214,37.33112],[75.12953,37.322],[75.125,37.32083],[75.125,37.31667],[75.07674,37.31631],[75.07326,37.31285],[75.06424,37.31215],[75.06076,37.30869],[75.05591,37.30798],[75.05208,37.30418],[75.04826,37.30798],[75.04412,37.30869],[75.03992,37.30452],[75.03091,37.30381],[75.02742,37.30035],[75.02258,37.29965],[75.01909,37.29619],[75.00591,37.29548],[75.00242,37.29202],[74.98924,37.29131],[74.98576,37.28785],[74.97329,37.28715],[74.96875,37.29165],[74.96492,37.28785],[74.96078,37.28715],[74.95208,37.29582],[74.94826,37.29202],[74.94167,37.29167],[74.9407,37.2879],[74.93554,37.2839],[74.92696,37.28277],[74.92304,37.27973],[74.91706,37.2782],[74.91297,37.27292],[74.91723,37.26741],[74.91606,37.23841],[74.90873,37.23653],[74.90473,37.23138],[74.90417,37.22917],[74.89167,37.22917],[74.89167,37.225],[74.85591,37.22465],[74.84826,37.21702],[74.84412,37.21631],[74.83992,37.22048],[74.83579,37.22119],[74.83159,37.21702],[74.81667,37.21667],[74.81008,37.21702],[74.80035,37.22671],[74.79965,37.24409],[74.79412,37.24964],[74.78508,37.25035],[74.75036,37.28505],[74.75,37.2875],[74.74758,37.28715],[74.74409,37.28369],[74.71424,37.28298],[74.69826,37.26702],[74.67917,37.26667],[74.67917,37.25833],[74.67881,37.24758],[74.67535,37.24409],[74.675,37.2375],[74.66424,37.23715],[74.66076,37.23369],[74.65417,37.23333],[74.65324,37.23657],[74.6466,37.23847],[74.64522,37.24799],[74.63702,37.25744],[74.6287,37.25895],[74.62299,37.25478],[74.59248,37.2535],[74.59105,37.24367],[74.58254,37.23408],[74.5701,37.23272],[74.56049,37.24105],[74.54784,37.24228],[74.54383,37.24522],[74.54167,37.24583],[74.53924,37.24548],[74.53576,37.24202],[74.52258,37.24131],[74.51909,37.23785],[74.51008,37.23715],[74.50659,37.23369],[74.5,37.23333],[74.49943,37.22279],[74.4964,37.21888],[74.49498,37.21335],[74.48835,37.21165],[74.48665,37.20502],[74.48002,37.20332],[74.47917,37.2],[74.47083,37.2],[74.47119,37.19338],[74.47674,37.18785],[74.48162,37.18714],[74.49131,37.17742],[74.49167,37.175],[74.48827,37.17403],[74.48671,37.16329],[74.47701,37.16188],[74.47199,37.15822],[74.47022,37.15201],[74.46655,37.14699],[74.45826,37.14462],[74.46188,37.13966],[74.4625,37.12917],[74.46475,37.12864],[74.46859,37.12553],[74.47725,37.12447],[74.48109,37.12136],[74.49074,37.12018],[74.49215,37.11567],[74.48803,37.11058],[74.4875,37.1],[74.48785,37.08921],[74.49341,37.08369],[74.49583,37.08333],[74.49668,37.08002],[74.5,37.07917],[74.50035,37.06838],[74.50625,37.06251],[74.51841,37.07465],[74.52326,37.07535],[74.52745,37.07952],[74.53162,37.07881],[74.53715,37.07326],[74.53785,37.06008],[74.54131,37.05659],[74.54202,37.04755],[74.54758,37.04202],[74.55246,37.04131],[74.55798,37.03576],[74.55833,37.03333],[74.55201,37.03272],[74.54383,37.02562],[74.53534,37.02438],[74.52716,37.01728],[74.51625,37.0157],[74.52438,37.00633],[74.52562,37.00201],[74.53688,36.98966],[74.53812,36.97701],[74.54105,36.97299],[74.54167,36.9625],[74.53333,36.9625],[74.51667,36.9625],[74.51446,36.96307],[74.51054,36.9661],[74.50502,36.96752],[74.5036,36.97304],[74.50057,36.97696],[74.49943,36.98138],[74.49544,36.98653],[74.48946,36.98807],[74.48554,36.9911],[74.47279,36.99223],[74.46054,37.0036],[74.44779,37.00473],[74.44388,37.00777],[74.43007,37.00899],[74.42917,37.0125],[74.42696,37.01193],[74.4218,37.00794],[74.42027,37.00196],[74.41296,36.99376],[74.4161,36.98971],[74.41723,36.98038],[74.41029,36.9786],[74.40638,36.97557],[74.40196,36.97443],[74.39388,36.96723],[74.35612,36.9661],[74.35221,36.96307],[74.34779,36.96193],[74.34388,36.9589],[74.34167,36.95833],[74.3411,36.95612],[74.32973,36.94388],[74.32832,36.93835],[74.32154,36.93661],[74.32012,36.92589],[74.31667,36.925],[74.31335,36.92415],[74.31193,36.91862],[74.3089,36.91471],[74.30833,36.9125],[74.27279,36.91193],[74.26054,36.90057],[74.25196,36.89943],[74.24804,36.8964],[74.23455,36.89527],[74.23333,36.9],[74.22161,36.90072],[74.22083,36.90833],[74.20591,36.90869],[74.20242,36.91215],[74.18924,36.91285],[74.18576,36.91631],[74.17083,36.91667],[74.17022,36.90517],[74.16054,36.8964],[74.15483,36.89493],[74.15417,36.8875],[74.15196,36.88693],[74.14804,36.8839],[74.14252,36.88248],[74.14082,36.87585],[74.13529,36.87443],[74.12979,36.86984],[74.1286,36.84779],[74.124,36.84228],[74.09779,36.8411],[74.09388,36.83807],[74.07425,36.83693],[74.06875,36.8412],[74.06471,36.83807],[74.05505,36.83679],[74.05332,36.83002],[74.05,36.82917],[74.02279,36.82973],[74.01888,36.83277],[74.01446,36.8339],[74.01054,36.83693],[74.00759,36.83807],[74.00221,36.8339],[73.99925,36.83277],[73.99388,36.83693],[73.97279,36.83807],[73.95924,36.85065],[73.95748,36.85748],[73.95417,36.85833],[73.95381,36.86492],[73.94619,36.87258],[73.94583,36.875],[73.93091,36.87535],[73.92742,36.87881],[73.91841,36.87952],[73.91076,36.88715],[73.90591,36.88785],[73.90242,36.89131],[73.9,36.89167],[73.90035,36.89409],[73.90415,36.89792],[73.89202,36.91008],[73.89167,36.9125],[73.87674,36.91285],[73.87326,36.91631],[73.85591,36.91702],[73.85242,36.92048],[73.83333,36.92083],[73.82988,36.91995],[73.8286,36.91029],[73.82557,36.90638],[73.82443,36.90196],[73.8214,36.89804],[73.81992,36.89229],[73.79906,36.8911],[73.78959,36.89954],[73.78554,36.8964],[73.77842,36.89527],[73.77304,36.89943],[73.76862,36.90057],[73.76471,36.9036],[73.75612,36.90473],[73.75208,36.90786],[73.74804,36.90473],[73.73259,36.9036],[73.72721,36.90777],[73.70612,36.9089],[73.70221,36.91193],[73.67083,36.9125],[73.66424,36.91215],[73.66076,36.90869],[73.65591,36.90798],[73.65242,36.90452],[73.64341,36.90381],[73.63992,36.90035],[73.61912,36.89965],[73.61492,36.90381],[73.61008,36.90452],[73.60659,36.90798],[73.6,36.90833],[73.59903,36.90456],[73.59388,36.90057],[73.58946,36.89943],[73.58554,36.8964],[73.58002,36.89498],[73.57825,36.88811],[73.54675,36.88689],[73.54527,36.88112],[73.54223,36.87721],[73.54167,36.875],[73.53924,36.87535],[73.53576,36.87881],[73.52674,36.87952],[73.51286,36.89338],[73.5125,36.89583],[73.50196,36.89527],[73.49792,36.89214],[73.49388,36.89527],[73.48422,36.89654],[73.48333,36.9],[73.48091,36.89965],[73.47742,36.89619],[73.47258,36.89548],[73.46909,36.89202],[73.46079,36.89131],[73.45625,36.89582],[73.45242,36.89202],[73.44583,36.89167],[73.44341,36.89202],[73.43992,36.89548],[73.43162,36.89619],[73.42742,36.89202],[73.41495,36.89131],[73.41076,36.89548],[73.39828,36.89619],[73.38992,36.88785],[73.38091,36.88715],[73.37742,36.88369],[73.36424,36.88298],[73.36076,36.87952],[73.33995,36.87881],[73.33159,36.88715],[73.32745,36.88785],[73.31076,36.87119],[73.3,36.87083],[73.29943,36.87304],[73.2964,36.87696],[73.29495,36.88262],[73.28529,36.8839],[73.28138,36.88693],[73.27696,36.88807],[73.27304,36.8911],[73.26175,36.89223],[73.25513,36.8871],[73.25417,36.88333],[73.24341,36.88369],[73.23992,36.88715],[73.23333,36.8875],[73.2125,36.8875],[73.21214,36.88504],[73.20659,36.87952],[73.2,36.87917],[73.19758,36.87881],[73.19409,36.87535],[73.18162,36.87465],[73.17742,36.87881],[73.16841,36.87952],[73.16076,36.88715],[73.15591,36.88785],[73.15242,36.89131],[73.14412,36.89202],[73.13992,36.88785],[73.13508,36.88715],[73.13159,36.88369],[73.12258,36.88298],[73.11875,36.87918],[73.11492,36.88298],[73.10174,36.88369],[73.09826,36.88715],[73.08162,36.88785],[73.07742,36.88369],[73.0625,36.88333],[73.06285,36.88091],[73.06631,36.87742],[73.06667,36.87083],[73.06029,36.87027],[73.05638,36.86723],[73.04257,36.86601],[73.04167,36.8625],[73.04045,36.85777],[73.02696,36.8589],[73.02158,36.86307],[73.00196,36.86193],[72.99792,36.8588],[72.99388,36.86193],[72.98529,36.86307],[72.98138,36.8661],[72.97696,36.86723],[72.96888,36.87443],[72.96446,36.87557],[72.95908,36.87973],[72.95451,36.87798],[72.9464,36.86888],[72.94583,36.86667],[72.94548,36.86421],[72.93992,36.85869],[72.9375,36.85833],[72.93714,36.85171],[72.93159,36.84619],[72.90174,36.84548],[72.89826,36.84202],[72.89341,36.84131],[72.88992,36.83785],[72.8875,36.8375],[72.87696,36.83807],[72.87304,36.8411],[72.86029,36.84223],[72.85638,36.84527],[72.84925,36.8464],[72.84388,36.84223],[72.83675,36.8411],[72.83125,36.84536],[72.82721,36.84223],[72.81573,36.8411],[72.80638,36.84943],[72.79925,36.85057],[72.79388,36.8464],[72.77205,36.84527],[72.76995,36.85346],[72.76029,36.85473],[72.75638,36.85777],[72.75,36.85833],[72.74915,36.85502],[72.74583,36.85417],[72.74487,36.8504],[72.73971,36.8464],[72.73529,36.84527],[72.72721,36.83807],[72.72168,36.83665],[72.72083,36.83333],[72.71424,36.83369],[72.70659,36.84131],[72.67258,36.84202],[72.66909,36.84548],[72.65417,36.84583],[72.61424,36.84548],[72.60625,36.83751],[72.60242,36.84131],[72.59829,36.84202],[72.59409,36.83785],[72.57258,36.83715],[72.56909,36.83369],[72.56424,36.83298],[72.56076,36.82952],[72.55833,36.82917],[72.55777,36.82696],[72.5464,36.81471],[72.54495,36.80904],[72.53529,36.80777],[72.53138,36.80473],[72.52172,36.80346],[72.51998,36.79668],[72.51446,36.79527],[72.49388,36.77557],[72.46758,36.77439],[72.46667,36.77083],[72.45833,36.77083],[72.45612,36.7714],[72.45221,36.77443],[72.44362,36.77557],[72.43971,36.7786],[72.43418,36.78002],[72.43333,36.78333],[72.42917,36.78333],[72.41008,36.78298],[72.40659,36.77952],[72.39167,36.77917],[72.39131,36.77674],[72.38785,36.77326],[72.38714,36.76838],[72.37672,36.75798],[72.35591,36.75869],[72.35242,36.76215],[72.34758,36.76285],[72.34338,36.76702],[72.33508,36.76631],[72.33159,36.76285],[72.32917,36.7625],[72.32827,36.75899],[72.32083,36.75833],[72.32027,36.75612],[72.31723,36.75221],[72.31582,36.74668],[72.31029,36.74527],[72.30491,36.7411],[72.29362,36.74223],[72.28971,36.74527],[72.27279,36.7464],[72.26888,36.74943],[72.24583,36.75],[72.24491,36.74676],[72.23951,36.74522],[72.23549,36.74228],[72.22993,36.74069],[72.22837,36.72996],[72.21867,36.72855],[72.20907,36.72022],[72.20617,36.72145],[72.20208,36.72444],[72.19383,36.71728],[72.18333,36.71667],[72.1839,36.70612],[72.19527,36.69388],[72.19654,36.68422],[72.2,36.68333],[72.2,36.66667],[72.2,36.6625],[72.19915,36.65918],[72.19583,36.65833],[72.18508,36.65798],[72.18159,36.65452],[72.17745,36.65381],[72.17326,36.65798],[72.15417,36.65833],[72.15174,36.65798],[72.14826,36.65452],[72.14341,36.65381],[72.13576,36.64619],[72.11079,36.64548],[72.10659,36.64965],[72.09583,36.65],[72.09527,36.64362],[72.09223,36.63971],[72.0911,36.63529],[72.08807,36.63138],[72.0869,36.59675],[72.08333,36.59583],[72.08333,36.59167],[72.0375,36.59167],[72.03508,36.59131],[72.02952,36.58579],[72.02881,36.58091],[72.02535,36.57742],[72.02465,36.57258],[72.02119,36.56909],[72.02048,36.56424],[72.01496,36.55869],[72.01008,36.55798],[72.00659,36.55452],[71.99341,36.55381],[71.98992,36.55035],[71.97258,36.54965],[71.96909,36.54619],[71.96667,36.54583],[71.96667,36.54167],[71.96008,36.54202],[71.95659,36.54548],[71.925,36.54583],[71.92443,36.53529],[71.9213,36.53125],[71.92453,36.52708],[71.9214,36.52304],[71.92013,36.51342],[71.91471,36.5089],[71.91029,36.50777],[71.90638,36.50473],[71.90196,36.5036],[71.89658,36.49943],[71.86862,36.50057],[71.86458,36.5037],[71.85908,36.49943],[71.84779,36.50057],[71.84388,36.5036],[71.83529,36.50473],[71.82991,36.5089],[71.81862,36.50777],[71.81471,36.50473],[71.80896,36.50326],[71.80777,36.48112],[71.79943,36.47177],[71.80073,36.4634],[71.80612,36.4589],[71.8121,36.45737],[71.8161,36.45221],[71.81723,36.44779],[71.82027,36.44388],[71.82168,36.43835],[71.825,36.4375],[71.825,36.43333],[71.82465,36.42258],[71.81702,36.41492],[71.81631,36.41008],[71.81285,36.40659],[71.81215,36.40174],[71.80869,36.39826],[71.80833,36.39583],[71.80612,36.3964],[71.80221,36.39943],[71.79779,36.40057],[71.78971,36.40777],[71.78529,36.4089],[71.78138,36.41193],[71.77696,36.41307],[71.77304,36.4161],[71.76752,36.41752],[71.76582,36.42415],[71.76029,36.42557],[71.75638,36.4286],[71.75196,36.42973],[71.7468,36.43373],[71.74498,36.44082],[71.73946,36.44223],[71.73554,36.44527],[71.72696,36.4464],[71.72304,36.44943],[71.71446,36.45057],[71.71054,36.4536],[71.70196,36.45473],[71.69804,36.45777],[71.68946,36.4589],[71.68554,36.46193],[71.67696,36.46307],[71.66759,36.47142],[71.66582,36.47832],[71.6625,36.47917],[71.65591,36.47881],[71.65242,36.47535],[71.6375,36.475],[71.6375,36.46667],[71.63693,36.45612],[71.6339,36.45221],[71.63277,36.44362],[71.62557,36.43554],[71.62443,36.42279],[71.61723,36.41471],[71.61596,36.40509],[71.61054,36.40057],[71.60612,36.39943],[71.60221,36.3964],[71.59668,36.39498],[71.59498,36.38835],[71.58946,36.38693],[71.58554,36.3839],[71.57696,36.38277],[71.57304,36.37973],[71.56706,36.3782],[71.56193,36.37158],[71.56324,36.36338],[71.57044,36.36153],[71.57443,36.35638],[71.57585,36.35085],[71.58248,36.34915],[71.58333,36.34583],[71.58298,36.33091],[71.57952,36.32742],[71.57917,36.325],[71.56025,36.32553],[71.55641,36.32864],[71.54489,36.3297],[71.53958,36.3254],[71.53558,36.32864],[71.53109,36.3297],[71.526,36.33382],[71.52053,36.33211],[71.5246,36.32708],[71.52136,36.32308],[71.5203,36.31442],[71.50301,36.29638],[71.48333,36.29583],[71.48277,36.28946],[71.47973,36.28554],[71.47828,36.27988],[71.46862,36.2786],[71.46471,36.27557],[71.45509,36.2743],[71.45057,36.26888],[71.44943,36.25612],[71.44223,36.24804],[71.4411,36.23946],[71.43807,36.23554],[71.43665,36.23002],[71.43002,36.22832],[71.42917,36.225],[71.42258,36.22465],[71.41492,36.21702],[71.40591,36.21631],[71.39409,36.20452],[71.36841,36.20381],[71.36492,36.20035],[71.35833,36.2],[71.35833,36.18333],[71.35798,36.18091],[71.35452,36.17742],[71.35381,36.17258],[71.35035,36.16909],[71.35,36.16667],[71.32279,36.1661],[71.31888,36.16307],[71.31029,36.16193],[71.30221,36.15473],[71.29779,36.1536],[71.28554,36.14223],[71.28112,36.1411],[71.27721,36.13807],[71.27009,36.13693],[71.26471,36.1411],[71.26154,36.14223],[71.2507,36.1324],[71.24943,36.12279],[71.2464,36.11888],[71.24527,36.11029],[71.2414,36.1053],[71.25032,36.10302],[71.24487,36.09649],[71.23112,36.09527],[71.22304,36.08807],[71.21738,36.08661],[71.2161,36.07696],[71.21307,36.07304],[71.21193,36.06862],[71.2089,36.06471],[71.20777,36.06029],[71.20046,36.05209],[71.2036,36.04804],[71.20417,36.04167],[71.20174,36.04131],[71.19826,36.03785],[71.19341,36.03715],[71.18786,36.03162],[71.1875,36.02917],[71.17258,36.02881],[71.16909,36.02535],[71.16008,36.02465],[71.15659,36.02119],[71.14758,36.02048],[71.14409,36.01702],[71.14167,36.01667],[71.14131,36.01424],[71.13715,36.01005],[71.13785,36.00591],[71.14202,36.00171],[71.14131,35.98924],[71.13785,35.98576],[71.13715,35.98091],[71.12952,35.97326],[71.12881,35.96838],[71.12326,35.96285],[71.11841,35.96215],[71.09826,35.94202],[71.09583,35.94167],[71.09498,35.93835],[71.08835,35.93665],[71.0875,35.93333],[71.08508,35.93298],[71.08159,35.92952],[71.07917,35.92917],[71.0786,35.92696],[71.07557,35.92304],[71.07436,35.90507],[71.07083,35.90417],[71.07119,35.89341],[71.07465,35.88992],[71.075,35.88333],[71.07168,35.88248],[71.07027,35.87696],[71.06723,35.87304],[71.0661,35.86862],[71.05775,35.85925],[71.05196,35.85777],[71.04388,35.85057],[71.03675,35.84943],[71.03138,35.8536],[71.02917,35.85417],[71.02881,35.80588],[71.01492,35.79202],[71.01008,35.79131],[71.00659,35.78785],[70.99758,35.78715],[70.99409,35.78369],[70.99167,35.78333],[70.99131,35.77258],[70.98785,35.76909],[70.98715,35.76424],[70.97881,35.75588],[70.97952,35.73508],[70.98298,35.73159],[70.98369,35.72255],[70.98924,35.71702],[70.99409,35.71631],[70.99758,35.71285],[71.00833,35.7125],[71.00869,35.70174],[71.01215,35.69826],[71.0125,35.68333],[71.00591,35.68298],[71.00242,35.67952],[70.99758,35.67881],[70.99409,35.67535],[70.98508,35.67465],[70.97742,35.66702],[70.975,35.66667],[70.975,35.65],[70.97083,35.65],[70.96841,35.64965],[70.95869,35.63996],[70.95798,35.63508],[70.95452,35.63159],[70.95381,35.62674],[70.95035,35.62326],[70.95,35.62083],[70.93091,35.62119],[70.92742,35.62465],[70.92258,35.62535],[70.91909,35.62881],[70.91424,35.62952],[70.91076,35.63298],[70.8875,35.63333],[70.88333,35.63333],[70.8839,35.62696],[70.88703,35.62292],[70.8839,35.61888],[70.88248,35.61335],[70.87585,35.61165],[70.875,35.60833],[70.87973,35.60712],[70.8786,35.59362],[70.87443,35.58825],[70.87557,35.57279],[70.8786,35.56888],[70.87973,35.56446],[70.88286,35.56042],[70.8786,35.55491],[70.87973,35.54362],[70.88277,35.53971],[70.8839,35.53529],[70.88693,35.53138],[70.8875,35.51667],[70.88688,35.50516],[70.88138,35.50057],[70.87571,35.49911],[70.87429,35.48839],[70.86752,35.48665],[70.8661,35.48112],[70.86307,35.47721],[70.8625,35.475],[70.86029,35.47557],[70.85638,35.4786],[70.83112,35.47973],[70.82721,35.48277],[70.82279,35.4839],[70.81888,35.48693],[70.81335,35.48835],[70.81165,35.49498],[70.80612,35.4964],[70.79804,35.5036],[70.79362,35.50473],[70.78847,35.50873],[70.7875,35.5125],[70.78529,35.51193],[70.77721,35.50473],[70.77168,35.50332],[70.77083,35.5],[70.76841,35.49965],[70.76492,35.49619],[70.75591,35.49548],[70.75242,35.49202],[70.75,35.49167],[70.74362,35.49223],[70.73971,35.49527],[70.73418,35.49668],[70.73277,35.50221],[70.70473,35.53112],[70.7036,35.53554],[70.6996,35.5407],[70.69362,35.54223],[70.68971,35.54527],[70.6875,35.54583],[70.68112,35.54527],[70.67721,35.54223],[70.67279,35.5411],[70.66342,35.53275],[70.66193,35.52696],[70.65737,35.52149],[70.64257,35.52017],[70.64167,35.51667],[70.63951,35.51605],[70.63688,35.5135],[70.64932,35.51169],[70.65062,35.48703],[70.64645,35.48133],[70.64522,35.47453],[70.64938,35.46883],[70.65,35.46667],[70.64886,35.46224],[70.64375,35.4662],[70.63971,35.46307],[70.60519,35.4619],[70.5964,35.45221],[70.59493,35.44649],[70.5875,35.44583],[70.57674,35.44548],[70.57326,35.44202],[70.57083,35.44167],[70.56993,35.4452],[70.55196,35.4464],[70.54804,35.44943],[70.54583,35.45],[70.54583,35.4625],[70.5464,35.46471],[70.54943,35.46862],[70.55057,35.48408],[70.5464,35.48946],[70.54527,35.49388],[70.54223,35.49779],[70.5411,35.51471],[70.53724,35.5197],[70.54388,35.5214],[70.54779,35.52443],[70.55638,35.52557],[70.56249,35.53066],[70.5589,35.53529],[70.55777,35.56129],[70.56582,35.56335],[70.56667,35.56667],[70.5661,35.56888],[70.56307,35.57279],[70.56193,35.58138],[70.55358,35.59075],[70.54779,35.59223],[70.53842,35.60058],[70.53661,35.60762],[70.52696,35.6089],[70.51471,35.62027],[70.50505,35.62154],[70.5036,35.62721],[70.50057,35.63112],[70.5,35.65],[70.50035,35.65659],[70.50381,35.66008],[70.50417,35.67083],[70.50351,35.67827],[70.5,35.67917],[70.49915,35.68248],[70.49583,35.68333],[70.49167,35.68333],[70.49082,35.68002],[70.48529,35.6786],[70.48138,35.67557],[70.47696,35.67443],[70.47158,35.67027],[70.46862,35.6714],[70.46471,35.67443],[70.45196,35.67557],[70.44388,35.68277],[70.42696,35.6839],[70.42304,35.68693],[70.41862,35.68807],[70.41054,35.69527],[70.40196,35.6964],[70.39804,35.69943],[70.39362,35.70057],[70.37721,35.7161],[70.37083,35.71667],[70.36998,35.71335],[70.36446,35.71193],[70.36054,35.7089],[70.35612,35.70777],[70.34804,35.70057],[70.34206,35.69903],[70.33797,35.69375],[70.34161,35.68906],[70.31471,35.66307],[70.30918,35.66165],[70.30737,35.65456],[70.30221,35.65057],[70.2875,35.65],[70.28091,35.65035],[70.26702,35.66421],[70.26667,35.66667],[70.26667,35.675],[70.26631,35.67742],[70.25869,35.68508],[70.25798,35.69755],[70.26215,35.70174],[70.2625,35.71667],[70.26312,35.73966],[70.26605,35.74367],[70.26764,35.74923],[70.27842,35.7508],[70.27978,35.76324],[70.27139,35.77291],[70.27438,35.77701],[70.27562,35.7799],[70.26728,35.78951],[70.26605,35.7963],[70.27022,35.80201],[70.27145,35.81049],[70.27438,35.81451],[70.27562,35.8213],[70.27145,35.82701],[70.27022,35.83197],[70.27716,35.83395],[70.28534,35.84105],[70.29101,35.84267],[70.29167,35.85833],[70.27258,35.85869],[70.26458,35.86665],[70.26042,35.86251],[70.25659,35.86631],[70.25174,35.86702],[70.24826,35.87048],[70.24341,35.87119],[70.23992,35.87465],[70.22674,35.87535],[70.22326,35.87881],[70.20591,35.87952],[70.19826,35.88715],[70.19583,35.8875],[70.19167,35.8875],[70.18822,35.88646],[70.18686,35.8687],[70.18398,35.86464],[70.18256,35.85075],[70.16634,35.84936],[70.16047,35.85352],[70.15,35.85417],[70.14943,35.85196],[70.12973,35.83138],[70.1286,35.82696],[70.12557,35.82304],[70.12379,35.8161],[70.11446,35.81723],[70.10908,35.8214],[70.10498,35.81983],[70.10332,35.81335],[70.1,35.8125],[70.06424,35.81285],[70.06076,35.81631],[70.05591,35.81702],[70.05242,35.82048],[70.05,35.82083],[70.04901,35.82471],[70.04655,35.82415],[70.04527,35.81446],[70.04075,35.80904],[70.03005,35.80762],[70.0286,35.80196],[70.02025,35.79259],[70.01446,35.7911],[70.01054,35.78807],[70.00833,35.7875],[70.00612,35.78807],[70.00221,35.7911],[69.99509,35.79223],[69.98872,35.7873],[69.98405,35.78835],[69.98277,35.79804],[69.97973,35.80196],[69.97827,35.80767],[69.97083,35.80833],[69.96667,35.80833],[69.9661,35.80612],[69.96307,35.80221],[69.96179,35.79255],[69.95502,35.79082],[69.9532,35.78373],[69.94804,35.77973],[69.91667,35.77917],[69.91582,35.77585],[69.9125,35.775],[69.90901,35.7741],[69.90777,35.76175],[69.91193,35.75638],[69.91307,35.75323],[69.90358,35.74259],[69.89668,35.74082],[69.89527,35.73529],[69.88692,35.72592],[69.88333,35.725],[69.88298,35.72258],[69.87952,35.71909],[69.87917,35.71667],[69.87674,35.71631],[69.87326,35.71285],[69.86424,35.71215],[69.86076,35.70869],[69.84758,35.70798],[69.84409,35.70452],[69.83995,35.70381],[69.83159,35.71215],[69.81667,35.7125],[69.81604,35.70091],[69.81029,35.69943],[69.80638,35.6964],[69.8004,35.69487],[69.7964,35.68971],[69.79527,35.68529],[69.79223,35.68138],[69.7911,35.67696],[69.78807,35.67304],[69.78693,35.65196],[69.7786,35.6426],[69.77973,35.63529],[69.78277,35.63138],[69.78418,35.62585],[69.7875,35.625],[69.78715,35.61424],[69.77535,35.60242],[69.77465,35.58091],[69.76631,35.57255],[69.76702,35.56841],[69.77048,35.56492],[69.77083,35.55417],[69.76841,35.55381],[69.76492,35.55035],[69.76008,35.54965],[69.75242,35.54202],[69.75,35.54167],[69.74758,35.54131],[69.74409,35.53785],[69.72258,35.53715],[69.71909,35.53369],[69.70245,35.53298],[69.69826,35.53715],[69.69167,35.5375],[69.68411,35.53675],[69.6827,35.5246],[69.68692,35.51874],[69.67563,35.50631],[69.675,35.50417],[69.67258,35.50381],[69.66909,35.50035],[69.64758,35.49965],[69.64375,35.49585],[69.63992,35.49965],[69.62745,35.50035],[69.62326,35.49619],[69.62083,35.49583],[69.61667,35.49583],[69.61631,35.49341],[69.60869,35.48576],[69.60833,35.47917],[69.60612,35.4786],[69.59804,35.4714],[69.58423,35.47017],[69.58277,35.46446],[69.57403,35.45482],[69.56029,35.4536],[69.55625,35.45047],[69.55221,35.4536],[69.54779,35.45473],[69.53554,35.4661],[69.51446,35.46723],[69.51054,35.47027],[69.48675,35.4714],[69.48138,35.46723],[69.47696,35.4661],[69.47304,35.46307],[69.46862,35.46193],[69.46471,35.4589],[69.45196,35.45777],[69.44804,35.45473],[69.44167,35.45417],[69.44114,35.44775],[69.43386,35.43975],[69.4328,35.43525],[69.42864,35.43011],[69.43008,35.42577],[69.43333,35.425],[69.43333,35.42083],[69.425,35.42083],[69.42258,35.42119],[69.41909,35.42465],[69.40591,35.42535],[69.40242,35.42881],[69.39758,35.42952],[69.39375,35.43332],[69.38992,35.42952],[69.38508,35.42881],[69.38159,35.42535],[69.36841,35.42465],[69.36492,35.42119],[69.3625,35.42083],[69.35833,35.42083],[69.35777,35.41862],[69.35473,35.41471],[69.3536,35.41029],[69.35057,35.40638],[69.34915,35.40085],[69.34583,35.4],[69.34362,35.40057],[69.33971,35.4036],[69.32696,35.40473],[69.32304,35.40777],[69.32009,35.4089],[69.31458,35.40464],[69.31054,35.40777],[69.29509,35.4089],[69.28971,35.40473],[69.2759,35.40351],[69.27443,35.39779],[69.27044,35.39263],[69.26667,35.39167],[69.2661,35.39388],[69.26307,35.39779],[69.26165,35.40332],[69.25488,35.40505],[69.2536,35.41471],[69.25057,35.41862],[69.25,35.42083],[69.24583,35.42083],[69.24167,35.42083],[69.24082,35.41752],[69.23529,35.4161],[69.23138,35.41307],[69.22279,35.41193],[69.21741,35.40777],[69.20099,35.40897],[69.19223,35.41862],[69.19167,35.42083],[69.17258,35.42048],[69.16702,35.41496],[69.16631,35.41008],[69.15835,35.40208],[69.16249,35.39792],[69.15245,35.38785],[69.12674,35.38715],[69.12326,35.38369],[69.11424,35.38298],[69.11076,35.37952],[69.1,35.37917],[69.09915,35.37585],[69.09362,35.37443],[69.08971,35.3714],[69.08529,35.37027],[69.08138,35.36723],[69.06667,35.36667],[69.06631,35.36424],[69.06285,35.36076],[69.06215,35.35591],[69.05869,35.35242],[69.05798,35.34758],[69.05035,35.33992],[69.05,35.325],[69.04779,35.32443],[69.04388,35.3214],[69.03835,35.31998],[69.03693,35.31446],[69.0339,35.31054],[69.03277,35.30612],[69.02129,35.29376],[69.02443,35.28971],[69.02557,35.27842],[69.0214,35.27304],[69.02083,35.25417],[69.02083,35.25],[69.01442,35.24947],[69.00933,35.24535],[69.00494,35.24672],[69.00417,35.25],[69.00381,35.25659],[68.99829,35.26214],[68.98924,35.26285],[68.98576,35.26631],[68.98333,35.26667],[68.98298,35.26909],[68.97329,35.27881],[68.97083,35.27917],[68.96841,35.27881],[68.96492,35.27535],[68.9625,35.275],[68.95591,35.27465],[68.95242,35.27119],[68.94583,35.27083],[68.94362,35.2714],[68.93554,35.2786],[68.92842,35.27973],[68.92304,35.27557],[68.89509,35.27443],[68.88971,35.2786],[68.88112,35.27973],[68.87304,35.28693],[68.86752,35.28835],[68.8661,35.29388],[68.8621,35.29903],[68.85833,35.3],[68.85417,35.3],[68.85355,35.29367],[68.85062,35.28966],[68.84938,35.28534],[68.84645,35.28133],[68.84503,35.27157],[68.83117,35.27022],[68.82716,35.26728],[68.8125,35.26667],[68.81193,35.26446],[68.80473,35.25638],[68.80332,35.25085],[68.8,35.25],[68.80035,35.24758],[68.80415,35.24375],[68.80035,35.23992],[68.79965,35.22255],[68.79409,35.21702],[68.7875,35.21667],[68.775,35.21667],[68.77409,35.21312],[68.75196,35.21193],[68.74804,35.2089],[68.74167,35.20833],[68.7381,35.20742],[68.7375,35.1875],[68.72674,35.18715],[68.71909,35.17952],[68.71495,35.17881],[68.71076,35.18298],[68.70833,35.18333],[68.70798,35.18091],[68.68785,35.16076],[68.68715,35.15591],[68.68369,35.15242],[68.68298,35.14338],[68.67326,35.13369],[68.66667,35.13333],[68.66008,35.13369],[68.65659,35.13715],[68.6375,35.1375],[68.61862,35.13693],[68.60062,35.11982],[68.59943,35.09705],[68.60638,35.09527],[68.61188,35.09068],[68.6125,35.07917],[68.61159,35.07561],[68.58112,35.07443],[68.57575,35.07027],[68.56862,35.0714],[68.56471,35.07443],[68.55417,35.075],[68.55174,35.07465],[68.54826,35.07119],[68.54341,35.07048],[68.53786,35.06496],[68.5375,35.0625],[68.51424,35.06215],[68.51042,35.05835],[68.50659,35.06215],[68.49758,35.06285],[68.49409,35.06631],[68.49167,35.06667],[68.48091,35.06702],[68.47742,35.07048],[68.46841,35.07119],[68.46492,35.07465],[68.43333,35.075],[68.42674,35.07465],[68.42326,35.07119],[68.41841,35.07048],[68.41492,35.06702],[68.41008,35.06631],[68.40659,35.06285],[68.38924,35.06215],[68.38576,35.05869],[68.38091,35.05798],[68.37742,35.05452],[68.375,35.05417],[68.37083,35.05417],[68.36752,35.05502],[68.36667,35.05833],[68.36576,35.06188],[68.34362,35.06307],[68.33971,35.0661],[68.33529,35.06723],[68.32721,35.07443],[68.30833,35.075],[68.30591,35.07465],[68.30242,35.07119],[68.27674,35.07048],[68.27326,35.06702],[68.27083,35.06667],[68.27048,35.06008],[68.26702,35.05659],[68.26631,35.05174],[68.26285,35.04826],[68.2625,35.0375],[68.26165,35.03418],[68.25612,35.03277],[68.25221,35.02973],[68.24779,35.0286],[68.24388,35.02557],[68.19583,35.025],[68.19167,35.025],[68.19167,35.02083],[68.19167,35.01667],[68.19202,35.01424],[68.19548,35.01076],[68.19583,35.00833],[68.1996,35.00737],[68.2036,35.00221],[68.20473,34.99779],[68.20777,34.99388],[68.20918,34.98835],[68.21627,34.98653],[68.22027,34.98138],[68.2214,34.96862],[68.22443,34.96471],[68.2257,34.95509],[68.23112,34.95057],[68.23665,34.94915],[68.23807,34.94362],[68.2411,34.93971],[68.24252,34.93418],[68.2496,34.93237],[68.2536,34.92721],[68.25473,34.89779],[68.2589,34.89241],[68.25777,34.87696],[68.25473,34.87304],[68.2536,34.85196],[68.25057,34.84804],[68.24943,34.83946],[68.2411,34.8301],[68.24286,34.82522],[68.24779,34.8214],[68.25741,34.82013],[68.26193,34.81471],[68.26307,34.80196],[68.2661,34.79804],[68.26667,34.79583],[68.26631,34.79338],[68.26076,34.78785],[68.25591,34.78715],[68.25242,34.78369],[68.24583,34.78333],[68.23924,34.78298],[68.23576,34.77952],[68.22674,34.77881],[68.22326,34.77535],[68.20591,34.77465],[68.20242,34.77119],[68.2,34.77083],[68.19915,34.76752],[68.19583,34.76667],[68.19341,34.76631],[68.18576,34.75869],[68.18091,34.75798],[68.17742,34.75452],[68.16008,34.75381],[68.15452,34.74829],[68.15417,34.74583],[68.15174,34.74619],[68.14792,34.74999],[68.14409,34.74619],[68.14167,34.74583],[68.14082,34.74915],[68.1375,34.75],[68.13684,34.74257],[68.12978,34.74075],[68.12856,34.71352],[68.11471,34.70057],[68.11029,34.69943],[68.10221,34.69223],[68.09779,34.6911],[68.09388,34.68807],[68.09167,34.6875],[68.09131,34.68508],[68.08751,34.68125],[68.09165,34.67708],[68.08715,34.67255],[68.08785,34.65174],[68.09202,34.64755],[68.09131,34.63091],[68.08369,34.62326],[68.08298,34.61841],[68.07952,34.61492],[68.07881,34.60171],[68.07326,34.59619],[68.06421,34.59548],[68.05869,34.58992],[68.05798,34.58508],[68.05035,34.57742],[68.05,34.57083],[68.04341,34.57048],[68.03992,34.56702],[68.03162,34.56631],[68.02742,34.57048],[68.01841,34.57119],[68.01492,34.57465],[68.00417,34.575],[68.00327,34.57851],[67.99583,34.57917],[67.99341,34.57952],[67.98992,34.58298],[67.98508,34.58369],[67.98159,34.58715],[67.97917,34.5875],[67.97881,34.59409],[67.97329,34.59964],[67.96667,34.6],[67.96578,34.60346],[67.95612,34.60473],[67.95097,34.60873],[67.95,34.6125],[67.94167,34.6125],[67.92696,34.61193],[67.92304,34.6089],[67.91339,34.60762],[67.91169,34.60101],[67.90759,34.59943],[67.90221,34.6036],[67.89362,34.60473],[67.88971,34.60777],[67.87083,34.60833],[67.86738,34.60922],[67.8661,34.61888],[67.86307,34.62279],[67.8625,34.625],[67.83091,34.62535],[67.82326,34.63298],[67.81841,34.63369],[67.81492,34.63715],[67.79167,34.6375],[67.78333,34.6375],[67.78248,34.64082],[67.77917,34.64167],[67.77674,34.64202],[67.77326,34.64548],[67.74583,34.64583],[67.73924,34.64619],[67.73576,34.64965],[67.72258,34.65035],[67.71909,34.65381],[67.71079,34.65452],[67.70659,34.65035],[67.7,34.65],[67.69758,34.64965],[67.68992,34.64202],[67.68508,34.64131],[67.68159,34.63785],[67.66079,34.63715],[67.65659,34.64131],[67.65245,34.64202],[67.64826,34.63785],[67.64412,34.63715],[67.63992,34.64131],[67.62083,34.64167],[67.62048,34.64826],[67.61495,34.65381],[67.60833,34.65417],[67.59362,34.6536],[67.58958,34.65047],[67.58554,34.6536],[67.56341,34.65479],[67.56193,34.66054],[67.55057,34.67279],[67.55,34.675],[67.54779,34.67557],[67.54388,34.6786],[67.53112,34.67973],[67.52721,34.68277],[67.52279,34.6839],[67.51888,34.68693],[67.49925,34.68807],[67.49388,34.6839],[67.48946,34.68277],[67.48554,34.67973],[67.48112,34.6786],[67.47175,34.67025],[67.47027,34.66446],[67.46723,34.66054],[67.46576,34.65479],[67.45417,34.65417],[67.45417,34.65833],[67.44258,34.65896],[67.44167,34.6625],[67.4375,34.6625],[67.43665,34.65918],[67.43112,34.65777],[67.42721,34.65473],[67.41862,34.6536],[67.41325,34.64943],[67.41029,34.65057],[67.40638,34.6536],[67.39583,34.65417],[67.39492,34.65059],[67.37083,34.65],[67.3625,34.65],[67.36008,34.64965],[67.35659,34.64619],[67.34829,34.64548],[67.34409,34.64965],[67.33924,34.65035],[67.33576,34.65381],[67.32329,34.65452],[67.31909,34.65035],[67.31424,34.64965],[67.31076,34.64619],[67.30174,34.64548],[67.29826,34.64202],[67.29583,34.64167],[67.29517,34.63423],[67.28693,34.63212],[67.28812,34.60924],[67.29167,34.60833],[67.29167,34.59583],[67.28924,34.59548],[67.27742,34.58369],[67.27083,34.58333],[67.26008,34.58369],[67.25659,34.58715],[67.24412,34.58785],[67.23786,34.58162],[67.23715,34.57674],[67.23162,34.57119],[67.22674,34.57048],[67.21909,34.56285],[67.21667,34.5625],[67.21029,34.56307],[67.20221,34.57027],[67.19509,34.5714],[67.18971,34.56723],[67.16758,34.56604],[67.16667,34.5625],[67.15833,34.5625],[67.15745,34.56596],[67.14779,34.56723],[67.13971,34.57443],[67.13529,34.57557],[67.13138,34.5786],[67.125,34.57917],[67.12465,34.58159],[67.11912,34.58714],[67.11667,34.5875],[67.11601,34.58007],[67.1125,34.57917],[67.1116,34.57566],[67.09779,34.57443],[67.09375,34.5713],[67.08971,34.57443],[67.07917,34.575],[67.05833,34.575],[67.05174,34.57535],[67.04409,34.58298],[67.04167,34.58333],[67.03508,34.58298],[67.03159,34.57952],[67.02674,34.57881],[67.02326,34.57535],[67.01841,34.57465],[67.01492,34.57119],[67.0125,34.57083],[67.00091,34.57021],[66.99943,34.56446],[66.99566,34.55958],[66.99092,34.55777],[66.98554,34.56193],[66.97696,34.56307],[66.97304,34.5661],[66.95612,34.56723],[66.95221,34.57027],[66.94583,34.57083],[66.93924,34.57048],[66.93576,34.56702],[66.92674,34.56631],[66.92326,34.56285],[66.91841,34.56215],[66.91492,34.55869],[66.90174,34.55798],[66.88992,34.54619],[66.88091,34.54548],[66.87742,34.54202],[66.85174,34.54131],[66.84826,34.53785],[66.84341,34.53715],[66.83576,34.52952],[66.83333,34.52917],[66.82674,34.52881],[66.82326,34.52535],[66.82083,34.525],[66.81862,34.52443],[66.79804,34.50473],[66.78946,34.5036],[66.78554,34.50057],[66.78002,34.49915],[66.77832,34.49252],[66.77168,34.49082],[66.77083,34.4875],[66.76841,34.48715],[66.76492,34.48369],[66.7625,34.48333],[66.75833,34.48333],[66.75513,34.4843],[66.75352,34.48963],[66.74231,34.50203],[66.74062,34.50764],[66.71328,34.50904],[66.71186,34.52297],[66.70898,34.52703],[66.70769,34.53397],[66.71606,34.54375],[66.71314,34.54787],[66.7125,34.55],[66.7125,34.55417],[66.70833,34.55417],[66.69758,34.55452],[66.69202,34.56004],[66.69167,34.5625],[66.69223,34.56888],[66.69527,34.57279],[66.6964,34.58138],[66.71193,34.59779],[66.71307,34.60638],[66.72443,34.61862],[66.72557,34.63825],[66.72044,34.64487],[66.71321,34.64672],[66.71193,34.65638],[66.70046,34.66874],[66.7036,34.67279],[66.70417,34.675],[66.68951,34.67562],[66.68549,34.67855],[66.67701,34.67978],[66.67299,34.68272],[66.64953,34.68395],[66.64383,34.67978],[66.6412,34.67855],[66.63419,34.68366],[66.63252,34.69515],[66.62083,34.69583],[66.62048,34.69826],[66.61702,34.70174],[66.61667,34.7125],[66.61424,34.71285],[66.61076,34.71631],[66.59583,34.71667],[66.59515,34.72836],[66.58534,34.72978],[66.57664,34.73734],[66.57438,34.74214],[66.57855,34.74784],[66.57978,34.75216],[66.58272,34.75617],[66.58395,34.76883],[66.58688,34.77284],[66.5875,34.775],[66.58693,34.77721],[66.5839,34.78112],[66.58267,34.79493],[66.57917,34.79583],[66.57828,34.79929],[66.56862,34.80057],[66.56471,34.8036],[66.54779,34.80473],[66.53971,34.81193],[66.53529,34.81307],[66.52987,34.81759],[66.52846,34.82828],[66.52149,34.83007],[66.52083,34.8375],[66.52083,34.84583],[66.51841,34.84619],[66.51492,34.84965],[66.50591,34.85035],[66.50242,34.85381],[66.49758,34.85452],[66.49409,34.85798],[66.48508,34.85869],[66.48159,34.86215],[66.47917,34.8625],[66.47674,34.86285],[66.47119,34.86838],[66.47083,34.87917],[66.46862,34.87973],[66.46471,34.88277],[66.45612,34.8839],[66.45221,34.88693],[66.44779,34.88807],[66.44388,34.8911],[66.43946,34.89223],[66.43009,34.90058],[66.42828,34.90762],[66.41862,34.9089],[66.41471,34.91193],[66.4125,34.9125],[66.4116,34.90899],[66.40417,34.90833],[66.39167,34.90833],[66.39131,34.91492],[66.38579,34.92048],[66.38333,34.92083],[66.3822,34.92526],[66.37721,34.9214],[66.37168,34.91998],[66.36998,34.91335],[66.36446,34.91193],[66.36042,34.9088],[66.35638,34.91193],[66.34583,34.9125],[66.34498,34.90918],[66.33946,34.90777],[66.3301,34.89943],[66.31446,34.90057],[66.31054,34.9036],[66.30612,34.90473],[66.30075,34.9089],[66.29362,34.90777],[66.28825,34.9036],[66.27696,34.90473],[66.27304,34.90777],[66.26725,34.90925],[66.2589,34.91862],[66.25743,34.92434],[66.25,34.925],[66.24257,34.92434],[66.2411,34.91862],[66.23807,34.91471],[66.23693,34.90612],[66.2339,34.90221],[66.23277,34.89925],[66.23693,34.89388],[66.23807,34.88455],[66.23112,34.88277],[66.22721,34.87973],[66.22009,34.8786],[66.21458,34.88286],[66.21054,34.87973],[66.20502,34.87832],[66.2036,34.87279],[66.20057,34.86888],[66.19943,34.86446],[66.19483,34.85894],[66.17917,34.85833],[66.17917,34.86667],[66.17828,34.87012],[66.16862,34.8714],[66.16471,34.87443],[66.16029,34.87557],[66.15638,34.8786],[66.15196,34.87973],[66.14804,34.88277],[66.13946,34.8839],[66.1343,34.8879],[66.13248,34.89498],[66.12567,34.89673],[66.12443,34.90908],[66.1287,34.91458],[66.12557,34.91862],[66.12443,34.92721],[66.1214,34.93112],[66.12083,34.94167],[66.12436,34.94257],[66.12564,34.96159],[66.13248,34.96335],[66.1339,34.96888],[66.13693,34.97279],[66.13807,34.97721],[66.1411,34.98112],[66.14223,34.9926],[66.13275,35.00325],[66.12567,35.00506],[66.12443,35.01741],[66.1286,35.02279],[66.12973,35.02575],[66.12557,35.03112],[66.12415,35.03665],[66.11862,35.03807],[66.11471,35.0411],[66.10901,35.04256],[66.10777,35.05491],[66.11193,35.06029],[66.11307,35.06741],[66.1089,35.07279],[66.10777,35.08015],[66.12027,35.09362],[66.12083,35.1],[66.11998,35.10332],[66.11667,35.10417],[66.11667,35.10833],[66.10591,35.10798],[66.10242,35.10452],[66.1,35.10417],[66.09915,35.10085],[66.09583,35.1],[66.08924,35.09965],[66.08576,35.09619],[66.06424,35.09548],[66.06042,35.09168],[66.05659,35.09548],[66.05417,35.09583],[66.05351,35.09796],[66.04649,35.10621],[66.04518,35.11462],[66.04232,35.11871],[66.04101,35.12712],[66.03816,35.13121],[66.03684,35.13962],[66.03399,35.14371],[66.03268,35.14796],[66.02566,35.15621],[66.02428,35.1781],[66.01743,35.18022],[66.01601,35.19379],[66.01313,35.19792],[66.01693,35.20337],[65.99273,35.20488],[65.99167,35.20833],[65.99202,35.23576],[65.99548,35.23924],[65.99583,35.24167],[65.99826,35.24202],[66.01008,35.25381],[66.01912,35.25452],[66.02465,35.26008],[66.02536,35.26912],[66.03125,35.27499],[66.03579,35.27048],[66.03992,35.27119],[66.04341,35.27465],[66.05659,35.27535],[66.06008,35.27881],[66.0625,35.27917],[66.06134,35.28322],[66.05633,35.28688],[66.04522,35.2885],[66.06034,35.30355],[66.06631,35.30525],[66.07855,35.31867],[66.07978,35.32299],[66.08688,35.33117],[66.08843,35.33657],[66.09383,35.33812],[66.10201,35.34522],[66.11049,35.34645],[66.11451,35.34938],[66.12083,35.35],[66.12027,35.35638],[66.11723,35.36029],[66.11582,35.36582],[66.10918,35.36752],[66.10777,35.37304],[66.10473,35.37696],[66.1036,35.39388],[66.10057,35.39779],[66.1,35.4],[66.08508,35.40035],[66.07326,35.41215],[66.07083,35.4125],[66.06667,35.4125],[66.06667,35.41667],[66.0625,35.41667],[66.06008,35.41631],[66.05659,35.41285],[66.05174,35.41215],[66.04409,35.40452],[66.03924,35.40381],[66.03369,35.39829],[66.03298,35.39341],[66.02535,35.38576],[66.02465,35.38091],[66.01912,35.37536],[66.01424,35.37465],[66.01076,35.37119],[66.00174,35.37048],[65.99826,35.36702],[65.98162,35.36631],[65.97708,35.37082],[65.96702,35.36079],[65.96667,35.35833],[65.95591,35.35798],[65.95242,35.35452],[65.93162,35.35381],[65.92742,35.35798],[65.90833,35.35833],[65.90502,35.35748],[65.90303,35.34974],[65.89804,35.3536],[65.87917,35.35417],[65.87674,35.35452],[65.87326,35.35798],[65.85833,35.35833],[65.85591,35.35798],[65.85242,35.35452],[65.8375,35.35417],[65.83537,35.35481],[65.8313,35.35769],[65.8177,35.35908],[65.81562,35.36597],[65.78953,35.36731],[65.78421,35.37108],[65.78255,35.35486],[65.76667,35.35417],[65.75591,35.35381],[65.75242,35.35035],[65.71841,35.34965],[65.71492,35.34619],[65.70591,35.34548],[65.70036,35.33996],[65.69965,35.33508],[65.69412,35.32952],[65.67258,35.32881],[65.66909,35.32535],[65.66424,35.32465],[65.66076,35.32119],[65.65417,35.32083],[65.65452,35.31838],[65.66008,35.31285],[65.6625,35.3125],[65.66604,35.31159],[65.66667,35.3],[65.66631,35.28924],[65.66285,35.28576],[65.6625,35.28333],[65.64758,35.28298],[65.64409,35.27952],[65.63924,35.27881],[65.63542,35.27501],[65.63125,35.27915],[65.62742,35.27535],[65.62258,35.27465],[65.60659,35.25869],[65.59341,35.25798],[65.58369,35.24829],[65.58333,35.24583],[65.57696,35.24527],[65.57304,35.24223],[65.57009,35.2411],[65.56471,35.24527],[65.54779,35.2464],[65.54263,35.2504],[65.5405,35.2587],[65.53138,35.25057],[65.51862,35.24943],[65.51471,35.2464],[65.50196,35.24527],[65.4968,35.24127],[65.49583,35.2375],[65.48529,35.23693],[65.48138,35.2339],[65.47823,35.23277],[65.46759,35.24225],[65.4661,35.24804],[65.46307,35.25196],[65.46165,35.25748],[65.45833,35.25833],[65.45798,35.28159],[65.44619,35.29341],[65.44583,35.29583],[65.43534,35.29645],[65.43133,35.29938],[65.42593,35.30093],[65.42438,35.30633],[65.42145,35.31034],[65.42022,35.32299],[65.41728,35.32701],[65.41605,35.33133],[65.39577,35.35273],[65.40201,35.35772],[65.41176,35.35914],[65.41312,35.37299],[65.41663,35.37781],[65.41049,35.38272],[65.40201,35.38395],[65.39383,35.39105],[65.38688,35.39303],[65.38818,35.41567],[65.39167,35.41667],[65.39131,35.41909],[65.38543,35.425],[65.38125,35.42085],[65.37742,35.42465],[65.35,35.425],[65.34943,35.42721],[65.34074,35.4368],[65.33112,35.43807],[65.32304,35.44527],[65.30196,35.4464],[65.29388,35.4536],[65.28946,35.45473],[65.28554,35.45777],[65.28002,35.45918],[65.27917,35.4625],[65.26424,35.46285],[65.26076,35.46631],[65.25662,35.46702],[65.25242,35.46285],[65.25,35.4625],[65.24938,35.46034],[65.24645,35.45633],[65.24522,35.45201],[65.24228,35.44799],[65.24105,35.44367],[65.23812,35.43966],[65.2367,35.4299],[65.22917,35.42917],[65.22258,35.42952],[65.21909,35.43298],[65.21667,35.43333],[65.21008,35.43369],[65.20242,35.44131],[65.19341,35.44202],[65.18992,35.44548],[65.15591,35.44619],[65.14375,35.45832],[65.13992,35.45452],[65.12917,35.45417],[65.12851,35.44673],[65.125,35.44583],[65.11841,35.44548],[65.11458,35.44168],[65.11076,35.44548],[65.1,35.44583],[65.0991,35.44934],[65.08529,35.45057],[65.08138,35.4536],[65.05612,35.45473],[65.05221,35.45777],[65.04362,35.4589],[65.03971,35.46193],[65.03112,35.46307],[65.02721,35.4661],[65.02145,35.46758],[65.02022,35.49492],[65.01446,35.4964],[65.01054,35.49943],[64.99779,35.50057],[64.99375,35.5037],[64.98958,35.50047],[64.98554,35.5036],[64.97589,35.50488],[64.97443,35.51054],[64.97066,35.51542],[64.96592,35.51723],[64.96054,35.51307],[64.95833,35.5125],[64.95201,35.51312],[64.94799,35.51605],[64.94536,35.51728],[64.93966,35.51312],[64.93534,35.51188],[64.93133,35.50895],[64.91747,35.5076],[64.91605,35.49784],[64.90062,35.48133],[64.89938,35.4787],[64.90424,35.47205],[64.89784,35.47022],[64.89383,35.46728],[64.8875,35.46667],[64.88673,35.46992],[64.88239,35.47136],[64.87725,35.4672],[64.84359,35.46614],[64.83975,35.46303],[64.83525,35.46197],[64.82308,35.45053],[64.81442,35.44947],[64.81058,35.44636],[64.80725,35.4453],[64.79808,35.45364],[64.76859,35.4547],[64.76458,35.45794],[64.76058,35.4547],[64.75192,35.45364],[64.74808,35.45053],[64.74359,35.44947],[64.73975,35.44636],[64.73109,35.4453],[64.72725,35.4422],[64.725,35.44167],[64.70612,35.4411],[64.70221,35.43807],[64.68946,35.43693],[64.68554,35.4339],[64.67696,35.43277],[64.67304,35.42973],[64.66862,35.4286],[64.66471,35.42557],[64.65955,35.42443],[64.65743,35.4327],[64.63841,35.43397],[64.6375,35.4375],[64.63508,35.43715],[64.62952,35.43162],[64.62917,35.42917],[64.61744,35.42845],[64.61667,35.42083],[64.60196,35.4214],[64.59388,35.4286],[64.58422,35.42988],[64.58333,35.43333],[64.58002,35.43418],[64.57917,35.4375],[64.56667,35.4375],[64.54758,35.43715],[64.54409,35.43369],[64.53091,35.43298],[64.52535,35.42745],[64.525,35.42083],[64.52083,35.42083],[64.4875,35.42083],[64.48715,35.42326],[64.48369,35.42674],[64.48333,35.45],[64.48002,35.45085],[64.47917,35.45417],[64.47696,35.4536],[64.46888,35.4464],[64.46446,35.44527],[64.46054,35.44223],[64.45612,35.4411],[64.45221,35.43807],[64.44779,35.43693],[64.43971,35.42973],[64.43005,35.42846],[64.4286,35.42279],[64.42557,35.41888],[64.425,35.4125],[64.41862,35.41307],[64.41471,35.4161],[64.38675,35.41723],[64.38138,35.41307],[64.37585,35.41165],[64.37443,35.40612],[64.35766,35.3884],[64.35196,35.38693],[64.34804,35.3839],[64.34583,35.38333],[64.34548,35.38576],[64.34202,35.38924],[64.34167,35.39167],[64.34131,35.39409],[64.33579,35.39964],[64.32674,35.40035],[64.32326,35.40381],[64.31008,35.40452],[64.30625,35.40832],[64.30242,35.40452],[64.29167,35.40417],[64.2875,35.40417],[64.28715,35.40659],[64.28162,35.41214],[64.27674,35.41285],[64.27326,35.41631],[64.26841,35.41702],[64.26286,35.42254],[64.26215,35.42742],[64.25869,35.43091],[64.25833,35.43333],[64.2625,35.43333],[64.26285,35.43576],[64.27048,35.44341],[64.27119,35.44826],[64.27465,35.45174],[64.275,35.45417],[64.27465,35.45659],[64.27119,35.46008],[64.27048,35.46492],[64.26285,35.47258],[64.2625,35.475],[64.26993,35.47566],[64.2714,35.48138],[64.2754,35.48653],[64.28138,35.48807],[64.28946,35.49527],[64.29498,35.49668],[64.2964,35.50221],[64.29943,35.50612],[64.30057,35.51888],[64.30456,35.52403],[64.31054,35.52557],[64.31991,35.53392],[64.3214,35.53971],[64.3286,35.54779],[64.32973,35.56054],[64.33277,35.56446],[64.3339,35.57304],[64.33693,35.57696],[64.33807,35.58138],[64.3411,35.58529],[64.34223,35.58971],[64.34527,35.59362],[64.34583,35.59583],[64.34527,35.59804],[64.34223,35.60196],[64.3411,35.60638],[64.3339,35.61446],[64.33248,35.61998],[64.32561,35.62175],[64.32443,35.65221],[64.3214,35.65612],[64.32027,35.66054],[64.3089,35.67279],[64.30833,35.675],[64.3,35.675],[64.29965,35.67742],[64.27745,35.69964],[64.275,35.7],[64.27168,35.70085],[64.27083,35.70417],[64.26841,35.70452],[64.25659,35.71631],[64.25174,35.71702],[64.24826,35.72048],[64.24583,35.72083],[64.24479,35.72431],[64.2187,35.72564],[64.21464,35.72852],[64.2062,35.72981],[64.20214,35.73269],[64.19663,35.73435],[64.19501,35.74501],[64.18536,35.74648],[64.1813,35.74936],[64.17703,35.75064],[64.17297,35.75352],[64.16453,35.75481],[64.15214,35.76602],[64.14968,35.76731],[64.1438,35.76314],[64.12175,35.76186],[64.12019,35.77714],[64.11731,35.7812],[64.11602,35.78547],[64.11314,35.78953],[64.11177,35.80749],[64.10203,35.80898],[64.09655,35.81327],[64.09513,35.83646],[64.08953,35.83814],[64.07509,35.85135],[64.07852,35.8562],[64.07917,35.8625],[64.07571,35.86339],[64.07443,35.87304],[64.06307,35.88529],[64.06165,35.89082],[64.05612,35.89223],[64.04804,35.89943],[64.04362,35.90057],[64.03847,35.90456],[64.0375,35.90833],[64.03693,35.91054],[64.0339,35.91446],[64.03248,35.91998],[64.02917,35.92083],[64.02978,35.92299],[64.03272,35.92701],[64.03404,35.94503],[64.04383,35.94645],[64.04784,35.94938],[64.05,35.95],[64.04941,35.97825],[64.04233,35.98007],[64.04167,35.9875],[64.05242,35.98785],[64.05591,35.99131],[64.06076,35.99202],[64.07048,36.00171],[64.07083,36.00417],[64.0714,36.01471],[64.07443,36.01862],[64.07557,36.02795],[64.06752,36.03002],[64.0661,36.03554],[64.06307,36.03946],[64.0625,36.0875],[64.06312,36.09909],[64.06888,36.10057],[64.07279,36.1036],[64.08333,36.10417],[64.08369,36.10659],[64.08715,36.11008],[64.08785,36.11492],[64.09131,36.11841],[64.09167,36.12083],[64.09167,36.125],[64.0911,36.12721],[64.0839,36.13529],[64.08277,36.14241],[64.08693,36.14779],[64.08807,36.15221],[64.09187,36.15711],[64.09082,36.16179],[64.08112,36.16307],[64.07721,36.1661],[64.07149,36.16757],[64.07083,36.175],[64.06446,36.17443],[64.06054,36.1714],[64.05121,36.17027],[64.04943,36.17721],[64.04484,36.18271],[64.02279,36.1839],[64.01888,36.18693],[64.01446,36.18807],[64.00221,36.19943],[63.99654,36.20089],[63.99512,36.21161],[63.98946,36.21307],[63.98126,36.22037],[63.97721,36.21723],[63.95955,36.2161],[63.95833,36.22083],[63.95417,36.22083],[63.95174,36.22119],[63.94826,36.22465],[63.94583,36.225],[63.94583,36.27083],[63.95242,36.27119],[63.96008,36.27881],[63.96909,36.27952],[63.97881,36.28921],[63.97952,36.29409],[63.98715,36.30174],[63.9875,36.32083],[63.98992,36.32119],[63.99341,36.32465],[64.02083,36.325],[64.02168,36.32832],[64.02721,36.32973],[64.03237,36.33373],[64.03333,36.3375],[64.06076,36.33715],[64.06495,36.33298],[64.06909,36.33369],[64.07258,36.33715],[64.07742,36.33785],[64.09412,36.35452],[64.10242,36.35381],[64.11008,36.34619],[64.11667,36.34583],[64.11702,36.34826],[64.12465,36.35591],[64.12535,36.36912],[64.13162,36.37535],[64.13992,36.37465],[64.14375,36.37085],[64.15174,36.37881],[64.15833,36.37917],[64.15869,36.38579],[64.16424,36.39131],[64.16667,36.39167],[64.16888,36.39223],[64.17403,36.39623],[64.17557,36.40221],[64.18006,36.4076],[64.18825,36.4089],[64.19362,36.40473],[64.20638,36.4036],[64.21136,36.39974],[64.21335,36.40748],[64.22016,36.40923],[64.2214,36.42158],[64.21723,36.42696],[64.21667,36.44583],[64.21888,36.4464],[64.22696,36.4536],[64.23294,36.45513],[64.23693,36.46029],[64.2384,36.46601],[64.24583,36.46667],[64.24548,36.48576],[64.23785,36.49341],[64.23715,36.51005],[64.24131,36.51424],[64.24167,36.52917],[64.24498,36.53002],[64.2464,36.53554],[64.24943,36.53946],[64.25071,36.54911],[64.25417,36.55],[64.25417,36.57083],[64.25417,36.575],[64.25452,36.57742],[64.25798,36.58091],[64.25869,36.58576],[64.26215,36.58924],[64.26285,36.59338],[64.25835,36.59792],[64.27048,36.61008],[64.27119,36.61838],[64.26702,36.62258],[64.26631,36.62742],[64.26285,36.63091],[64.2625,36.6375],[64.26285,36.63992],[64.27254,36.64964],[64.27742,36.65035],[64.29131,36.66422],[64.29167,36.675],[64.29409,36.67535],[64.29964,36.68088],[64.3,36.68333],[64.31492,36.68298],[64.31841,36.67952],[64.32326,36.67881],[64.32745,36.67465],[64.33159,36.67535],[64.33508,36.67881],[64.34409,36.67952],[64.34792,36.68332],[64.35208,36.67918],[64.35591,36.68298],[64.37083,36.68333],[64.37326,36.68369],[64.37881,36.68921],[64.37952,36.70588],[64.37535,36.71008],[64.37465,36.71492],[64.36702,36.72258],[64.36631,36.72742],[64.35662,36.73714],[64.34758,36.73785],[64.34409,36.74131],[64.31008,36.74202],[64.29619,36.75588],[64.29548,36.77255],[64.30381,36.78091],[64.30417,36.78333],[64.30328,36.78679],[64.29362,36.78807],[64.28971,36.7911],[64.28529,36.79223],[64.28138,36.79527],[64.27172,36.79654],[64.27027,36.80221],[64.26192,36.81158],[64.25612,36.81307],[64.25221,36.8161],[64.23112,36.81723],[64.22597,36.82123],[64.22443,36.82721],[64.2214,36.83112],[64.22083,36.83333],[64.22083,36.84167],[64.22526,36.8428],[64.22027,36.84925],[64.2214,36.85638],[64.22443,36.86029],[64.22557,36.86471],[64.2411,36.88112],[64.24255,36.88679],[64.25328,36.88821],[64.25502,36.89498],[64.25833,36.89583],[64.27326,36.89548],[64.27674,36.89202],[64.29409,36.89131],[64.29829,36.88715],[64.30242,36.88785],[64.30591,36.89131],[64.31667,36.89167],[64.31729,36.90326],[64.32415,36.90502],[64.32557,36.91054],[64.33277,36.91862],[64.3339,36.92304],[64.33693,36.92696],[64.33807,36.93138],[64.3411,36.93529],[64.34223,36.93971],[64.34684,36.94523],[64.37721,36.9464],[64.38237,36.9504],[64.3839,36.95638],[64.38693,36.96029],[64.38807,36.96325],[64.3838,36.96876],[64.3911,36.97696],[64.39223,36.98971],[64.39527,36.99362],[64.3964,37.00221],[64.39943,37.00612],[64.40057,37.01471],[64.4036,37.01862],[64.40473,37.02721],[64.40777,37.03112],[64.4089,37.03554],[64.42027,37.04779],[64.4214,37.05221],[64.42443,37.05612],[64.42557,37.05908],[64.4213,37.06458],[64.42443,37.06862],[64.42585,37.07415],[64.43138,37.07557],[64.43946,37.08277],[64.44388,37.0839],[64.44779,37.08693],[64.45638,37.08807],[64.46029,37.0911],[64.46888,37.09223],[64.47434,37.09679],[64.475,37.10417],[64.47443,37.11054],[64.4714,37.11446],[64.47027,37.11888],[64.46723,37.12279],[64.4661,37.12721],[64.45473,37.13946],[64.4536,37.14388],[64.45057,37.14779],[64.4491,37.15351],[64.44167,37.15417],[64.44223,37.17304],[64.44527,37.17696],[64.4464,37.18212],[64.43946,37.1839],[64.43554,37.18693],[64.43112,37.18807],[64.42721,37.1911],[64.42168,37.19252],[64.42027,37.19804],[64.41307,37.20612],[64.4125,37.2125],[64.41165,37.21582],[64.40612,37.21723],[64.40221,37.22027],[64.39362,37.2214],[64.38425,37.22975],[64.38243,37.23684],[64.36757,37.23816],[64.36577,37.24517],[64.35833,37.24583],[64.35612,37.2464],[64.35221,37.24943],[64.34362,37.25057],[64.33554,37.25777],[64.32173,37.25899],[64.31993,37.26601],[64.30612,37.26723],[64.30097,37.27123],[64.29943,37.27721],[64.29487,37.28268],[64.28007,37.28399],[64.27917,37.2875],[64.27854,37.29909],[64.275,37.3],[64.27423,37.29672],[64.26968,37.2953],[64.26305,37.30171],[64.2625,37.30833],[64.25507,37.30899],[64.25332,37.31582],[64.24779,37.31723],[64.24263,37.32123],[64.24082,37.32832],[64.2375,37.32917],[64.23653,37.33257],[64.22578,37.33413],[64.22438,37.34447],[64.23218,37.34669],[64.23395,37.35047],[64.22978,37.35617],[64.22855,37.36883],[64.22562,37.37284],[64.22438,37.37716],[64.22145,37.38117],[64.22022,37.38549],[64.21196,37.395],[64.20201,37.39645],[64.19799,37.39938],[64.19367,37.40062],[64.18966,37.40355],[64.18117,37.40478],[64.17716,37.40772],[64.16451,37.40895],[64.16049,37.41188],[64.15617,37.41312],[64.14667,37.42137],[64.14522,37.43133],[64.14228,37.43534],[64.14066,37.44101],[64.11034,37.44228],[64.10216,37.44938],[64.1,37.45],[64.09943,37.45638],[64.09544,37.46153],[64.08946,37.46307],[64.08554,37.4661],[64.07983,37.46757],[64.07917,37.475],[64.08248,37.47585],[64.08333,37.47917],[64.07983,37.48007],[64.0786,37.49388],[64.07547,37.49792],[64.0786,37.50196],[64.07988,37.51161],[64.08776,37.51364],[64.0839,37.51862],[64.08277,37.52721],[64.07973,37.53112],[64.07832,37.53665],[64.07279,37.53807],[64.05899,37.55098],[64.05777,37.56471],[64.05057,37.57279],[64.04943,37.57721],[64.03807,37.58946],[64.03693,37.60221],[64.0339,37.60612],[64.03277,37.61054],[64.02973,37.61446],[64.02832,37.61998],[64.02168,37.62168],[64.01998,37.62832],[64.01335,37.63002],[64.01165,37.63665],[64.00502,37.63835],[64.00417,37.64167],[64.0,37.64167],[63.99668,37.64252],[63.99583,37.64583],[63.99498,37.64915],[63.99167,37.65],[63.98953,37.64936],[63.98547,37.64648],[63.98013,37.64487],[63.97818,37.6384],[63.97188,37.63686],[63.97019,37.64797],[63.96117,37.65826],[63.95504,37.65392],[63.95339,37.67011],[63.94167,37.67083],[63.93508,37.67048],[63.92742,37.66285],[63.92328,37.66215],[63.89826,37.68715],[63.88924,37.68785],[63.88576,37.69131],[63.87745,37.69202],[63.87292,37.68751],[63.86076,37.69965],[63.85245,37.70035],[63.84826,37.69619],[63.84412,37.69548],[63.83576,37.70381],[63.82917,37.70417],[63.82881,37.71492],[63.82119,37.72258],[63.82048,37.73159],[63.81496,37.73714],[63.8125,37.7375],[63.79675,37.73811],[63.79492,37.74522],[63.76862,37.7464],[63.75221,37.76193],[63.74779,37.76307],[63.74263,37.76706],[63.7411,37.77304],[63.73807,37.77696],[63.73693,37.78629],[63.7461,37.78864],[63.74223,37.79362],[63.7411,37.79804],[63.73796,37.80209],[63.74527,37.81029],[63.7464,37.81325],[63.74214,37.81875],[63.74527,37.82279],[63.74583,37.8375],[63.74527,37.85221],[63.74223,37.85612],[63.7411,37.85908],[63.74536,37.86458],[63.74223,37.86862],[63.7411,37.87304],[63.73807,37.87696],[63.73693,37.88138],[63.7339,37.88529],[63.73277,37.89388],[63.7214,37.90612],[63.72017,37.91993],[63.71667,37.92083],[63.7125,37.92083],[63.71029,37.9214],[63.70638,37.92443],[63.69257,37.92566],[63.6911,37.93138],[63.68797,37.93542],[63.6912,37.93958],[63.68807,37.94362],[63.68669,37.94899],[63.68259,37.95057],[63.67721,37.9464],[63.67009,37.94527],[63.66471,37.94943],[63.65918,37.95085],[63.65745,37.95759],[63.64925,37.9589],[63.64388,37.95473],[63.62415,37.9536],[63.6174,37.95923],[63.6161,37.96741],[63.62027,37.97279],[63.6214,37.98554],[63.6252,37.99045],[63.62415,37.99512],[63.61446,37.9964],[63.61054,37.99943],[63.60612,38.00057],[63.59375,38.01205],[63.58425,38.00358],[63.58277,37.99779],[63.57973,37.99388],[63.5786,37.98675],[63.58277,37.98138],[63.5839,37.97406],[63.57442,37.96342],[63.56862,37.96193],[63.56471,37.9589],[63.55833,37.95833],[63.55798,37.96492],[63.55452,37.96841],[63.55381,37.97326],[63.55035,37.97674],[63.54965,37.98576],[63.54412,37.99131],[63.54167,37.99167],[63.5411,37.99388],[63.53807,37.99779],[63.53693,38.00221],[63.5339,38.00612],[63.53277,38.01344],[63.54225,38.02408],[63.54899,38.02581],[63.55057,38.02991],[63.5464,38.03529],[63.54512,38.04495],[63.53946,38.0464],[63.53554,38.04943],[63.53002,38.05085],[63.5286,38.05638],[63.5214,38.06446],[63.52027,38.06888],[63.50538,38.0839],[63.50417,38.07917],[63.50201,38.07978],[63.49799,38.08272],[63.49367,38.08395],[63.48966,38.08688],[63.47183,38.08819],[63.47022,38.09383],[63.46728,38.09784],[63.46587,38.10754],[63.45617,38.10895],[63.45216,38.11188],[63.44167,38.1125],[63.43942,38.11303],[63.43126,38.12045],[63.42725,38.1172],[63.41989,38.11614],[63.4135,38.12132],[63.40911,38.11995],[63.4078,38.11442],[63.40253,38.10829],[63.38975,38.1203],[63.3625,38.12083],[63.36165,38.11752],[63.35483,38.11577],[63.3535,38.10086],[63.34878,38.0998],[63.34388,38.1036],[63.33112,38.10473],[63.32575,38.1089],[63.32279,38.10777],[63.31741,38.1036],[63.31446,38.10473],[63.31042,38.10786],[63.30625,38.10464],[63.30075,38.1089],[63.29779,38.10777],[63.28971,38.10057],[63.27917,38.1],[63.27855,38.10633],[63.27054,38.11556],[63.26451,38.11728],[63.26049,38.12022],[63.25201,38.12145],[63.24383,38.12855],[63.23117,38.12978],[63.21883,38.14105],[63.20907,38.14247],[63.20833,38.15],[63.20777,38.15638],[63.20473,38.16029],[63.2036,38.17304],[63.20057,38.17696],[63.19943,38.18971],[63.19544,38.19487],[63.18816,38.19673],[63.18693,38.21054],[63.1838,38.21458],[63.18693,38.21862],[63.18807,38.22158],[63.1839,38.22696],[63.18277,38.23138],[63.17557,38.23946],[63.17443,38.24388],[63.1714,38.24779],[63.17083,38.25],[63.16446,38.25057],[63.1593,38.25456],[63.15777,38.26054],[63.15473,38.26446],[63.1536,38.27158],[63.15777,38.27696],[63.1589,38.28212],[63.15085,38.28418],[63.14943,38.28971],[63.1464,38.29362],[63.1447,38.30026],[63.13971,38.2964],[63.13529,38.29527],[63.12987,38.29075],[63.1286,38.28112],[63.12557,38.27721],[63.12443,38.27279],[63.11987,38.26732],[63.10538,38.2661],[63.1036,38.27304],[63.10057,38.27696],[63.1,38.27917],[63.10057,38.28554],[63.1036,38.28946],[63.10473,38.29804],[63.10777,38.30196],[63.1089,38.30638],[63.11203,38.31042],[63.1089,38.31446],[63.10777,38.31741],[63.11193,38.32279],[63.11307,38.33825],[63.1089,38.34362],[63.10777,38.34804],[63.10473,38.35196],[63.1036,38.35908],[63.10787,38.36459],[63.10057,38.37279],[63.09934,38.3866],[63.09583,38.3875],[63.08438,38.3882],[63.08269,38.3938],[63.07981,38.39787],[63.07852,38.4063],[63.07564,38.41037],[63.07416,38.42007],[63.06037,38.42148],[63.05213,38.42852],[63.03411,38.42991],[63.03269,38.4438],[63.02981,38.44787],[63.02852,38.4563],[63.02564,38.46037],[63.02436,38.46463],[63.02086,38.46957],[63.01667,38.47083],[63.0161,38.46446],[63.01307,38.46054],[63.01189,38.43425],[63.00833,38.43333],[63.00745,38.43679],[62.99689,38.43819],[62.99527,38.44241],[62.99943,38.44779],[63.00057,38.45085],[62.99434,38.45832],[62.98958,38.45463],[62.98392,38.45935],[62.98333,38.4875],[62.96758,38.48689],[62.9661,38.48112],[62.96307,38.47721],[62.96193,38.46592],[62.9662,38.46042],[62.96307,38.45638],[62.96193,38.44779],[62.9589,38.44388],[62.95777,38.43529],[62.95334,38.42998],[62.94705,38.4286],[62.94527,38.43554],[62.94223,38.43946],[62.9411,38.44388],[62.93807,38.44779],[62.93693,38.45075],[62.9411,38.45612],[62.94223,38.46325],[62.93807,38.46862],[62.93693,38.47304],[62.93294,38.4782],[62.92917,38.47917],[62.9286,38.49388],[62.92557,38.49779],[62.92443,38.50221],[62.91723,38.51029],[62.9161,38.52158],[62.92027,38.52696],[62.9214,38.54388],[62.92443,38.54779],[62.92557,38.56471],[62.9286,38.56862],[62.92973,38.57304],[62.93277,38.57696],[62.9339,38.58212],[62.92696,38.5839],[62.92304,38.58693],[62.9199,38.58807],[62.91054,38.57973],[62.90502,38.57832],[62.90332,38.57168],[62.9,38.57083],[62.89936,38.55203],[62.89648,38.54797],[62.89512,38.52158],[62.88622,38.52087],[62.8813,38.52436],[62.8716,38.52584],[62.87006,38.54093],[62.85203,38.54231],[62.84797,38.54519],[62.825,38.54583],[62.82535,38.55659],[62.82915,38.56042],[62.82501,38.56458],[62.82881,38.56841],[62.82952,38.58576],[62.83298,38.58924],[62.83369,38.59338],[62.82952,38.59758],[62.82917,38.6],[62.82288,38.60066],[62.81875,38.60354],[62.81462,38.60066],[62.80487,38.59913],[62.80351,38.56225],[62.8086,38.55497],[62.78419,38.55344],[62.78248,38.54245],[62.775,38.54167],[62.77379,38.53693],[62.7714,38.53946],[62.77027,38.54804],[62.76296,38.55624],[62.76723,38.56175],[62.76607,38.60316],[62.76054,38.60777],[62.75612,38.6089],[62.75221,38.61193],[62.74623,38.61347],[62.74223,38.61862],[62.74082,38.62415],[62.7375,38.625],[62.73807,38.66471],[62.7411,38.66862],[62.74223,38.67721],[62.74527,38.68112],[62.7464,38.69804],[62.75057,38.70342],[62.74943,38.70638],[62.74527,38.71175],[62.7464,38.72304],[62.75473,38.7324],[62.7536,38.78138],[62.7464,38.78946],[62.74527,38.79388],[62.7411,38.79925],[62.74223,38.80221],[62.74527,38.80612],[62.74645,38.83242],[62.75221,38.8339],[62.75612,38.83693],[62.7625,38.8375],[62.76599,38.8384],[62.76723,38.85075],[62.76307,38.85612],[62.76193,38.86471],[62.7588,38.86875],[62.76193,38.87279],[62.7625,38.87917],[62.76285,38.88159],[62.76631,38.88508],[62.76702,38.89826],[62.77465,38.90591],[62.77535,38.93159],[62.77881,38.93508],[62.77917,38.9375],[62.77855,38.93966],[62.77562,38.94367],[62.77438,38.9463],[62.77855,38.95201],[62.77978,38.95633],[62.78688,38.96451],[62.78812,38.96747],[62.77556,38.98124],[62.77861,38.98542],[62.77562,38.98951],[62.77438,38.9963],[62.77861,39.00209],[62.77418,39.00762],[62.75786,39.00895],[62.75153,39.00433],[62.74657,39.00494],[62.74522,39.01883],[62.74155,39.02384],[62.73534,39.02562],[62.72716,39.03272],[62.71867,39.03395],[62.71049,39.04105],[62.7037,39.04228],[62.69678,39.03723],[62.69522,39.04799],[62.69228,39.05201],[62.69105,39.06466],[62.68812,39.06867],[62.6875,39.075],[62.66008,39.07465],[62.65659,39.07119],[62.64583,39.07083],[62.6464,39.09388],[62.64943,39.09779],[62.65057,39.10075],[62.64544,39.10737],[62.63946,39.1089],[62.6343,39.1129],[62.63245,39.12012],[62.62172,39.12154],[62.62027,39.12721],[62.61723,39.13112],[62.61667,39.13333],[62.61008,39.13298],[62.60659,39.12952],[62.59758,39.12881],[62.59409,39.12535],[62.58333,39.125],[62.57674,39.12465],[62.57119,39.11912],[62.57048,39.11424],[62.56702,39.11076],[62.56631,39.10591],[62.56285,39.10242],[62.56215,39.09758],[62.55869,39.09409],[62.55798,39.08924],[62.55452,39.08576],[62.55417,39.08333],[62.55196,39.0839],[62.54804,39.08693],[62.54252,39.08835],[62.54082,39.09498],[62.53399,39.09673],[62.53277,39.11054],[62.52973,39.11446],[62.52846,39.12411],[62.52184,39.12581],[62.52027,39.12991],[62.52443,39.13529],[62.52557,39.13844],[62.51723,39.14779],[62.5161,39.15908],[62.52027,39.16446],[62.5214,39.17991],[62.51723,39.18529],[62.5161,39.19804],[62.4964,39.21862],[62.49583,39.22083],[62.49252,39.22168],[62.49167,39.225],[62.48835,39.22415],[62.48693,39.21862],[62.4839,39.21471],[62.48277,39.21029],[62.47877,39.20513],[62.47279,39.2036],[62.46054,39.19223],[62.45612,39.1911],[62.45221,39.18807],[62.44583,39.1875],[62.44252,39.18835],[62.44167,39.19167],[62.44167,39.20833],[62.44131,39.21909],[62.43785,39.22258],[62.43715,39.22671],[62.44131,39.23091],[62.44202,39.23992],[62.44548,39.24341],[62.44619,39.24826],[62.44965,39.25174],[62.45035,39.26492],[62.45381,39.26841],[62.45417,39.275],[62.45417,39.27917],[62.44783,39.27856],[62.44384,39.27561],[62.43949,39.27439],[62.43011,39.2662],[62.42161,39.26745],[62.42008,39.27822],[62.41667,39.27917],[62.41424,39.27881],[62.41076,39.27535],[62.40174,39.27465],[62.39409,39.26702],[62.39167,39.26667],[62.39131,39.27326],[62.38785,39.27674],[62.38715,39.28922],[62.39548,39.29758],[62.39619,39.30171],[62.39202,39.30591],[62.39131,39.31005],[62.39582,39.31458],[62.39202,39.31841],[62.39131,39.32671],[62.39582,39.33125],[62.39202,39.33508],[62.39131,39.34409],[62.38369,39.35174],[62.38333,39.35417],[62.38333,39.35833],[62.3786,39.35955],[62.38112,39.36193],[62.38333,39.3625],[62.38333,39.36667],[62.38248,39.36998],[62.37585,39.37168],[62.37419,39.37816],[62.37009,39.37973],[62.36471,39.37557],[62.3625,39.375],[62.36193,39.36446],[62.3589,39.36054],[62.35748,39.35502],[62.35417,39.35417],[62.35085,39.35502],[62.34915,39.36165],[62.34362,39.36307],[62.33971,39.3661],[62.3375,39.36667],[62.33508,39.36631],[62.32326,39.35452],[62.32083,39.35417],[62.31962,39.34943],[62.31029,39.35057],[62.30209,39.35787],[62.29658,39.3536],[62.2911,39.3557],[62.29223,39.36471],[62.29527,39.36862],[62.29583,39.37917],[62.29915,39.38002],[62.30057,39.38554],[62.30788,39.39375],[62.30057,39.40196],[62.29943,39.40491],[62.3036,39.41029],[62.30473,39.41888],[62.30777,39.42279],[62.3089,39.43554],[62.31193,39.43946],[62.31307,39.45221],[62.3161,39.45612],[62.31723,39.48138],[62.32027,39.48529],[62.32147,39.50326],[62.32943,39.5053],[62.32557,39.51029],[62.32443,39.51741],[62.3286,39.52279],[62.32973,39.54388],[62.33277,39.54779],[62.3339,39.55638],[62.33693,39.56029],[62.33807,39.57304],[62.3411,39.57696],[62.34223,39.58971],[62.34527,39.59362],[62.3464,39.60221],[62.34943,39.60612],[62.35057,39.61054],[62.3536,39.61446],[62.35473,39.61888],[62.35777,39.62279],[62.3589,39.63138],[62.3661,39.63946],[62.36723,39.64804],[62.37443,39.65612],[62.37557,39.67304],[62.37956,39.6782],[62.38649,39.67998],[62.38807,39.68408],[62.3839,39.68946],[62.38333,39.69583],[62.38369,39.70242],[62.38715,39.70591],[62.38785,39.71076],[62.39131,39.71424],[62.39202,39.73159],[62.39755,39.73714],[62.40659,39.73785],[62.4125,39.74373],[62.40869,39.74758],[62.40798,39.76076],[62.40452,39.76424],[62.40417,39.7875],[62.38112,39.78693],[62.372,39.7788],[62.36992,39.78688],[62.35833,39.7875],[62.35723,39.78363],[62.34799,39.77562],[62.33824,39.7742],[62.3375,39.76667],[62.33534,39.76728],[62.32716,39.77438],[62.32036,39.77562],[62.31466,39.77145],[62.31034,39.77022],[62.30633,39.76728],[62.301,39.76605],[62.29901,39.77973],[62.28819,39.77839],[62.28688,39.75617],[62.28395,39.75216],[62.28272,39.74367],[62.27978,39.73966],[62.27855,39.73117],[62.27145,39.72299],[62.27022,39.71034],[62.26728,39.70633],[62.26574,39.70093],[62.25926,39.69907],[62.25772,39.69367],[62.25478,39.68966],[62.25355,39.68534],[62.24645,39.67716],[62.24507,39.66764],[62.23843,39.66574],[62.23688,39.66034],[62.22863,39.65083],[62.2174,39.6492],[62.21595,39.63432],[62.2125,39.63333],[62.2125,39.62917],[62.21025,39.6297],[62.20641,39.6328],[62.19775,39.63386],[62.19267,39.63798],[62.18827,39.63661],[62.18697,39.63109],[62.17387,39.61724],[62.1625,39.61667],[62.16008,39.61631],[62.15659,39.61285],[62.15417,39.6125],[62.15381,39.60591],[62.15035,39.60242],[62.14965,39.58088],[62.14409,39.57535],[62.13924,39.57465],[62.13505,39.57048],[62.12674,39.57119],[62.12326,39.57465],[62.11667,39.575],[62.11702,39.57742],[62.12048,39.58091],[62.12083,39.58333],[62.11986,39.58673],[62.10907,39.5883],[62.10833,39.59583],[62.10614,39.59641],[62.09803,39.60359],[62.08459,39.60475],[62.08275,39.5978],[62.07884,39.59268],[62.0717,39.5908],[62.06962,39.5829],[62.06318,39.58417],[62.0625,39.59167],[62.05908,39.5927],[62.05756,39.60756],[62.05,39.60833],[62.04947,39.60192],[62.04636,39.59808],[62.0453,39.58109],[62.0422,39.57725],[62.04114,39.56025],[62.03803,39.55641],[62.03673,39.55089],[62.03218,39.54947],[62.02559,39.55584],[62.02423,39.56161],[62.01983,39.56298],[62.01458,39.55873],[62.00993,39.5625],[62.0047,39.55641],[62.00364,39.53942],[62.00053,39.53558],[61.99947,39.52275],[61.9922,39.51475],[61.99167,39.5125],[61.98835,39.51335],[61.9875,39.51667],[61.9875,39.52083],[61.9875,39.52917],[61.97157,39.52989],[61.97017,39.55628],[61.9625,39.56535],[61.95833,39.56667],[61.95742,39.56311],[61.92696,39.56193],[61.92304,39.5589],[61.91706,39.55737],[61.91307,39.55221],[61.91193,39.54362],[61.90463,39.53543],[61.90777,39.53138],[61.9089,39.51862],[61.91193,39.51471],[61.91347,39.50873],[61.91862,39.50473],[61.92436,39.50326],[61.92557,39.48529],[61.93277,39.47721],[61.93333,39.45833],[61.92703,39.45898],[61.92297,39.46186],[61.9187,39.46314],[61.91463,39.46602],[61.91037,39.46731],[61.9063,39.47019],[61.90203,39.47148],[61.8938,39.47852],[61.88953,39.47981],[61.88415,39.48362],[61.88256,39.49924],[61.86772,39.50064],[61.86602,39.48953],[61.86314,39.48547],[61.8625,39.48333],[61.85091,39.48396],[61.84943,39.48971],[61.84108,39.49908],[61.8375,39.5],[61.83715,39.49758],[61.83369,39.49409],[61.83298,39.48924],[61.82952,39.48576],[61.82917,39.47917],[61.82279,39.4786],[61.81888,39.47557],[61.81335,39.47415],[61.81193,39.46862],[61.8089,39.46471],[61.80777,39.45196],[61.80473,39.44804],[61.80351,39.43423],[61.8,39.43333],[61.79583,39.43333],[61.79583,39.4375],[61.79583,39.44167],[61.7911,39.44288],[61.79362,39.44527],[61.79583,39.44583],[61.79583,39.45],[61.78405,39.45074],[61.78333,39.46667],[61.78333,39.4875],[61.77994,39.48847],[61.77837,39.49921],[61.76867,39.50062],[61.76336,39.5045],[61.76188,39.51466],[61.75062,39.52701],[61.75,39.55],[61.74775,39.54947],[61.73446,39.53698],[61.72994,39.53839],[61.72917,39.54167],[61.72983,39.5491],[61.73333,39.55],[61.73333,39.55833],[61.73298,39.56076],[61.72952,39.56424],[61.72917,39.575],[61.7286,39.58971],[61.72557,39.59362],[61.72443,39.60221],[61.72027,39.60759],[61.7214,39.62721],[61.72443,39.63112],[61.72557,39.65638],[61.7286,39.66029],[61.72973,39.67721],[61.7339,39.68259],[61.73277,39.68971],[61.72964,39.69375],[61.7339,39.69925],[61.73277,39.70221],[61.72973,39.70612],[61.7286,39.71054],[61.72557,39.71446],[61.72443,39.72304],[61.72027,39.72842],[61.72157,39.73662],[61.72832,39.73835],[61.72973,39.74388],[61.7339,39.74925],[61.73277,39.77721],[61.72973,39.78112],[61.7286,39.80638],[61.72443,39.81175],[61.72557,39.83554],[61.7287,39.83958],[61.72443,39.84509],[61.72601,39.84919],[61.72917,39.85],[61.72917,39.85417],[61.7286,39.87304],[61.72557,39.87696],[61.72439,39.90325],[61.72083,39.90417],[61.7214,39.91054],[61.72443,39.91446],[61.72557,39.92991],[61.7214,39.93529],[61.72027,39.94241],[61.72443,39.94779],[61.72557,39.96325],[61.7214,39.96862],[61.72027,39.97721],[61.71714,39.98125],[61.72027,39.98529],[61.7214,39.98825],[61.71723,39.99362],[61.7161,39.99804],[61.71307,40.00196],[61.71159,40.00773],[61.69583,40.00833],[61.69548,40.01076],[61.68785,40.01841],[61.68715,40.02326],[61.68369,40.02674],[61.68298,40.03576],[61.67535,40.04341],[61.67465,40.04826],[61.67119,40.05174],[61.67048,40.06005],[61.67881,40.06841],[61.67952,40.07255],[61.67535,40.07674],[61.675,40.07917],[61.67721,40.07973],[61.68112,40.08277],[61.69078,40.08404],[61.69223,40.08971],[61.69527,40.09362],[61.6964,40.10638],[61.71193,40.12279],[61.71307,40.12575],[61.7089,40.13112],[61.70777,40.14462],[61.71471,40.1464],[61.71862,40.14943],[61.72429,40.15089],[61.72557,40.16054],[61.7286,40.16446],[61.72973,40.19388],[61.73693,40.20196],[61.73807,40.20491],[61.7339,40.21029],[61.73277,40.22575],[61.7379,40.23237],[61.74512,40.23422],[61.7464,40.24388],[61.74953,40.24792],[61.7464,40.25196],[61.74527,40.26888],[61.74223,40.27279],[61.7411,40.29804],[61.72402,40.31601],[61.71667,40.31667],[61.71702,40.31909],[61.72048,40.32258],[61.72119,40.32742],[61.72465,40.33091],[61.72535,40.33576],[61.74131,40.35174],[61.74202,40.35659],[61.74548,40.36008],[61.74619,40.36838],[61.74202,40.37258],[61.74131,40.38159],[61.73785,40.38508],[61.7375,40.4],[61.73807,40.40221],[61.7411,40.40612],[61.74223,40.40908],[61.73797,40.41458],[61.7411,40.41862],[61.74223,40.45221],[61.74536,40.45625],[61.74214,40.46042],[61.74527,40.46446],[61.7464,40.47721],[61.75475,40.48658],[61.7619,40.48841],[61.76307,40.52158],[61.7589,40.52696],[61.75777,40.53554],[61.75473,40.53946],[61.75417,40.55833],[61.76576,40.55896],[61.76723,40.56471],[61.77036,40.56875],[61.76723,40.57279],[61.7661,40.57575],[61.77027,40.58112],[61.7714,40.59241],[61.76723,40.59779],[61.7661,40.60075],[61.77027,40.60612],[61.7714,40.61325],[61.76723,40.61862],[61.7661,40.62721],[61.76307,40.63112],[61.7625,40.65],[61.75873,40.65097],[61.75473,40.65612],[61.7536,40.66054],[61.75057,40.66446],[61.74943,40.66888],[61.7464,40.67279],[61.74527,40.69804],[61.74223,40.70196],[61.7411,40.70638],[61.73807,40.71029],[61.73693,40.72304],[61.73277,40.72842],[61.73434,40.73252],[61.74193,40.73447],[61.73693,40.74092],[61.73855,40.74515],[61.74804,40.7464],[61.75612,40.7536],[61.75833,40.75417],[61.75777,40.75638],[61.75473,40.76029],[61.75346,40.76995],[61.74779,40.7714],[61.74263,40.7754],[61.74167,40.77917],[61.73946,40.77973],[61.73554,40.78277],[61.72589,40.78404],[61.72443,40.78971],[61.7214,40.79362],[61.72027,40.79804],[61.71307,40.80612],[61.71165,40.81165],[61.70612,40.81307],[61.69804,40.82027],[61.69252,40.82168],[61.6911,40.82721],[61.68807,40.83112],[61.68693,40.83554],[61.6714,40.85196],[61.67027,40.85638],[61.66307,40.86446],[61.66193,40.86888],[61.6589,40.87279],[61.65745,40.87843],[61.64906,40.87973],[61.63958,40.87129],[61.63009,40.87975],[61.62917,40.88333],[61.62881,40.88576],[61.62329,40.89131],[61.61841,40.89202],[61.60242,40.90798],[61.6,40.90833],[61.59926,40.9008],[61.58783,40.89914],[61.58395,40.89383],[61.58333,40.89167],[61.57996,40.89268],[61.57833,40.90343],[61.56037,40.90481],[61.55499,40.90862],[61.5534,40.92423],[61.53953,40.92564],[61.53547,40.92852],[61.5312,40.92981],[61.52713,40.93269],[61.50417,40.93333],[61.50356,40.93551],[61.5006,40.93949],[61.4994,40.96467],[61.49637,40.96875],[61.50044,40.97424],[61.4992,40.98266],[61.4875,40.98333],[61.48394,40.98425],[61.48333,41.0],[61.47696,40.99943],[61.47304,40.9964],[61.45538,40.99527],[61.4536,41.00221],[61.45057,41.00612],[61.44943,41.02721],[61.43807,41.03946],[61.43693,41.04388],[61.4339,41.04779],[61.43248,41.05332],[61.42917,41.05417],[61.42881,41.06492],[61.42535,41.06841],[61.42465,41.09826],[61.42119,41.10174],[61.42048,41.10588],[61.42465,41.11008],[61.425,41.11667],[61.42155,41.1177],[61.42019,41.13547],[61.41731,41.13953],[61.41602,41.14797],[61.40898,41.1562],[61.40754,41.16565],[61.40074,41.1677],[61.39912,41.18358],[61.3938,41.17981],[61.38687,41.17852],[61.37713,41.18686],[61.37287,41.18814],[61.3688,41.19102],[61.34167,41.19167],[61.3406,41.19513],[61.31326,41.19656],[61.31174,41.21591],[61.29273,41.2174],[61.29167,41.22083],[61.2843,41.22013],[61.28273,41.21449],[61.27923,41.20978],[61.27421,41.20773],[61.26356,41.21704],[61.26154,41.2243],[61.24666,41.22572],[61.24523,41.23387],[61.2494,41.23949],[61.2506,41.257],[61.24583,41.25833],[61.24527,41.26471],[61.2339,41.27696],[61.23248,41.28248],[61.22917,41.28333],[61.22279,41.2839],[61.21888,41.28693],[61.20922,41.28821],[61.20743,41.29517],[61.2,41.29583],[61.19943,41.29804],[61.19074,41.30763],[61.18112,41.3089],[61.17721,41.31193],[61.15508,41.31312],[61.15325,41.32025],[61.10417,41.32083],[61.09341,41.32048],[61.08576,41.31285],[61.07917,41.3125],[61.0786,41.31471],[61.07408,41.32013],[61.06355,41.32152],[61.06193,41.32575],[61.0661,41.33112],[61.06723,41.34045],[61.06029,41.34223],[61.05208,41.34955],[61.03554,41.3339],[61.0324,41.33277],[61.02175,41.34225],[61.02083,41.34583],[61.01442,41.34636],[61.00641,41.35364],[61.00323,41.3547],[60.99808,41.35053],[60.99359,41.34947],[60.9885,41.34535],[60.98411,41.34672],[60.98257,41.35325],[60.97823,41.3547],[60.97292,41.3504],[60.96875,41.35377],[60.96475,41.35053],[60.96025,41.34947],[60.95641,41.34636],[60.95,41.34583],[60.94583,41.34583],[60.94527,41.35221],[60.94071,41.35768],[60.9259,41.35899],[60.92415,41.36582],[60.91734,41.36756],[60.9161,41.37991],[60.92036,41.38542],[60.91723,41.38946],[60.91667,41.39167],[60.91667,41.40833],[60.9161,41.41054],[60.911,41.41665],[60.90638,41.41307],[60.90196,41.41193],[60.89697,41.40807],[60.8947,41.41693],[60.88958,41.41297],[60.8843,41.41706],[60.88248,41.42415],[60.87571,41.42589],[60.87443,41.43554],[60.86723,41.44362],[60.8661,41.45221],[60.86307,41.45612],[60.8616,41.46184],[60.85417,41.4625],[60.84779,41.46193],[60.84388,41.4589],[60.82696,41.45777],[60.82291,41.45463],[60.81471,41.46193],[60.79779,41.46307],[60.79388,41.4661],[60.78422,41.46738],[60.78277,41.47304],[60.77973,41.47696],[60.7786,41.47991],[60.78277,41.48529],[60.78333,41.49583],[60.78241,41.49907],[60.77572,41.50099],[60.77426,41.51586],[60.76451,41.51728],[60.76049,41.52022],[60.75617,41.52145],[60.75074,41.5258],[60.74938,41.53966],[60.74086,41.54926],[60.73333,41.55],[60.73272,41.55216],[60.72562,41.56034],[60.72438,41.56466],[60.7205,41.56997],[60.70908,41.57163],[60.70772,41.58407],[60.71611,41.59374],[60.71239,41.59884],[60.70617,41.60062],[60.70116,41.60428],[60.69907,41.61157],[60.69367,41.61312],[60.68866,41.61678],[60.6875,41.62083],[60.68693,41.62304],[60.68294,41.6282],[60.67585,41.63002],[60.67412,41.63676],[60.66592,41.63807],[60.66054,41.6339],[60.64904,41.63277],[60.63815,41.64264],[60.6375,41.65],[60.63785,41.65242],[60.64131,41.65591],[60.64202,41.66838],[60.63785,41.67258],[60.63715,41.67742],[60.63335,41.68125],[60.63749,41.68542],[60.63369,41.68924],[60.63298,41.69826],[60.62746,41.70381],[60.62258,41.70452],[60.61909,41.70798],[60.61008,41.70869],[60.60659,41.71215],[60.60417,41.7125],[60.60364,41.71025],[60.60053,41.70641],[60.59935,41.69676],[60.59483,41.69535],[60.58958,41.6996],[60.58542,41.69623],[60.58141,41.69947],[60.575,41.7],[60.56866,41.70061],[60.56253,41.70556],[60.56711,41.71174],[60.56587,41.72016],[60.54366,41.72144],[60.53967,41.72439],[60.53424,41.72591],[60.53273,41.73134],[60.52838,41.73672],[60.51762,41.73825],[60.51606,41.74384],[60.51232,41.74889],[60.50492,41.75095],[60.50341,41.76155],[60.49783,41.76311],[60.48405,41.77585],[60.48333,41.78333],[60.47279,41.7839],[60.46888,41.78693],[60.46029,41.78807],[60.45638,41.7911],[60.44779,41.79223],[60.43842,41.80058],[60.43693,41.80638],[60.43294,41.81153],[60.42571,41.81339],[60.42443,41.82304],[60.42044,41.8282],[60.41446,41.82973],[60.41054,41.83277],[60.40502,41.83418],[60.40417,41.8375],[60.39673,41.83816],[60.39495,41.84509],[60.38675,41.8464],[60.38138,41.84223],[60.37406,41.8411],[60.36342,41.85058],[60.36193,41.85638],[60.35057,41.86862],[60.34943,41.87304],[60.3464,41.87696],[60.34527,41.88554],[60.34223,41.88946],[60.34082,41.89498],[60.33404,41.89672],[60.33277,41.90638],[60.32767,41.91249],[60.32304,41.9089],[60.31667,41.90833],[60.31601,41.91577],[60.31029,41.91723],[60.30221,41.92443],[60.29668,41.92585],[60.29583,41.92917],[60.27696,41.92973],[60.27304,41.93277],[60.26029,41.9339],[60.25638,41.93693],[60.24672,41.93821],[60.24583,41.94167],[60.24619,41.94409],[60.24965,41.94758],[60.25,41.9625],[60.24943,41.96888],[60.24544,41.97403],[60.23823,41.97588],[60.23693,41.98432],[60.24943,41.99779],[60.25057,42.00099],[60.23807,42.01446],[60.23693,42.02304],[60.2339,42.02696],[60.23333,42.02917],[60.23298,42.03159],[60.22745,42.03714],[60.21841,42.03785],[60.21492,42.04131],[60.21008,42.04202],[60.20659,42.04548],[60.20417,42.04583],[60.2036,42.04804],[60.1996,42.0532],[60.19238,42.05505],[60.1911,42.06471],[60.18807,42.06862],[60.18693,42.08554],[60.1839,42.08946],[60.18333,42.10417],[60.1759,42.10483],[60.17443,42.11054],[60.1714,42.11446],[60.17027,42.11888],[60.16571,42.12434],[60.15196,42.12557],[60.14804,42.1286],[60.14362,42.12973],[60.12721,42.14527],[60.12279,42.1464],[60.11668,42.1515],[60.12027,42.15612],[60.12083,42.17083],[60.11841,42.17048],[60.11492,42.16702],[60.10662,42.16631],[60.10242,42.17048],[60.09341,42.17119],[60.08576,42.17881],[60.08162,42.17952],[60.07742,42.17535],[60.06495,42.17465],[60.05242,42.18715],[60.04583,42.1875],[60.04462,42.18277],[60.02696,42.1839],[60.02304,42.18693],[60.02083,42.1875],[60.01841,42.18715],[60.01492,42.18369],[60.00417,42.18333],[59.99784,42.18395],[59.99383,42.18688],[59.98534,42.18812],[59.97716,42.19522],[59.97176,42.19676],[59.96986,42.2034],[59.96034,42.20478],[59.95633,42.20772],[59.95201,42.20895],[59.94669,42.21283],[59.94503,42.22425],[59.9326,42.22562],[59.92299,42.21728],[59.91387,42.21605],[59.91157,42.22407],[59.90617,42.22562],[59.89383,42.23688],[59.88409,42.2383],[59.88272,42.25047],[59.88688,42.25617],[59.88812,42.26466],[59.89105,42.26867],[59.89167,42.275],[59.88924,42.27535],[59.88576,42.27881],[59.86912,42.27952],[59.86492,42.27535],[59.86008,42.27465],[59.85659,42.27119],[59.83333,42.27083],[59.83298,42.26838],[59.82742,42.26285],[59.82254,42.26214],[59.81702,42.25659],[59.81667,42.25417],[59.78091,42.25452],[59.77742,42.25798],[59.77258,42.25869],[59.76909,42.26215],[59.7625,42.2625],[59.76161,42.26596],[59.75089,42.26738],[59.74909,42.27436],[59.73112,42.27557],[59.71471,42.2911],[59.70833,42.29167],[59.70745,42.28821],[59.69779,42.28693],[59.68971,42.27973],[59.68112,42.2786],[59.67293,42.2713],[59.66874,42.27454],[59.65638,42.26307],[59.64167,42.2625],[59.63423,42.26316],[59.63241,42.27025],[59.6,42.27083],[59.59341,42.27048],[59.58992,42.26702],[59.58508,42.26631],[59.58159,42.26285],[59.57674,42.26215],[59.57326,42.25869],[59.54829,42.25798],[59.54409,42.26215],[59.52674,42.26285],[59.52326,42.26631],[59.51008,42.26702],[59.50659,42.27048],[59.5,42.27083],[59.49943,42.26862],[59.4964,42.26471],[59.49527,42.26029],[59.48807,42.25221],[59.48684,42.23846],[59.48138,42.2339],[59.47585,42.23248],[59.475,42.22917],[59.46871,42.22851],[59.46355,42.2249],[59.46184,42.21642],[59.46691,42.20917],[59.44788,42.20768],[59.43962,42.20066],[59.41454,42.19934],[59.40839,42.19457],[59.41188,42.18958],[59.40566,42.18268],[59.40351,42.18962],[59.39123,42.20326],[59.38121,42.20482],[59.37712,42.20768],[59.375,42.20833],[59.37564,42.21047],[59.37942,42.21579],[59.36453,42.21731],[59.36047,42.22019],[59.3562,42.22148],[59.35213,42.22436],[59.34787,42.22564],[59.3438,42.22852],[59.33718,42.22981],[59.3313,42.22564],[59.32592,42.22436],[59.32423,42.24093],[59.3052,42.24239],[59.30352,42.24797],[59.29231,42.26037],[59.29102,42.2688],[59.28814,42.27287],[59.28686,42.2938],[59.28398,42.29787],[59.28269,42.30213],[59.27564,42.31037],[59.27436,42.31463],[59.27054,42.32001],[59.2625,42.32083],[59.2619,42.31449],[59.25887,42.31042],[59.26281,42.30511],[59.25323,42.3037],[59.24245,42.3131],[59.23533,42.3119],[59.22971,42.30773],[59.22699,42.30894],[59.22292,42.31196],[59.21884,42.30894],[59.21667,42.30833],[59.21582,42.31165],[59.21029,42.31307],[59.20638,42.3161],[59.20417,42.31667],[59.2,42.31667],[59.19583,42.31667],[59.18534,42.31728],[59.18133,42.32022],[59.17701,42.32145],[59.17299,42.32438],[59.16451,42.32562],[59.16049,42.32855],[59.15068,42.32998],[59.14938,42.35633],[59.14113,42.36583],[59.13117,42.36728],[59.12708,42.37027],[59.12299,42.36728],[59.10617,42.36605],[59.10216,42.36312],[59.09367,42.36188],[59.08966,42.35895],[59.07917,42.35833],[59.07917,42.34583],[59.07832,42.34252],[59.075,42.34167],[59.07258,42.34202],[59.06909,42.34548],[59.05833,42.34583],[59.05196,42.34527],[59.04804,42.34223],[59.03946,42.3411],[59.02987,42.3324],[59.0286,42.32279],[59.0246,42.31763],[59.01752,42.31582],[59.01667,42.3125],[59.0125,42.3125],[59.01008,42.31215],[59.00659,42.30869],[59.0,42.30833],[58.99923,42.30074],[58.9812,42.29936],[58.97713,42.29648],[58.96453,42.29519],[58.95866,42.29102],[58.94787,42.29231],[58.94292,42.29582],[58.94167,42.29167],[58.93112,42.2911],[58.92721,42.28807],[58.90759,42.28693],[58.90221,42.2911],[58.89092,42.29223],[58.88554,42.28807],[58.88112,42.28693],[58.87721,42.2839],[58.87279,42.28277],[58.86875,42.27964],[58.86471,42.28277],[58.85505,42.28404],[58.85326,42.29105],[58.82842,42.29223],[58.82304,42.28807],[58.8125,42.2875],[58.81193,42.28971],[58.8089,42.29362],[58.80777,42.30075],[58.81193,42.30612],[58.81307,42.31471],[58.8162,42.31876],[58.8089,42.32696],[58.80717,42.3337],[58.79804,42.32557],[58.79485,42.32443],[58.78033,42.33791],[58.7786,42.34241],[58.78286,42.34792],[58.77964,42.35208],[58.78286,42.35625],[58.77973,42.36029],[58.7786,42.36325],[58.78277,42.36862],[58.78333,42.37083],[58.77157,42.37157],[58.77083,42.38333],[58.7634,42.38267],[58.76193,42.37696],[58.75794,42.3718],[58.75196,42.37027],[58.74804,42.36723],[58.72696,42.3661],[58.72304,42.36307],[58.71339,42.36179],[58.71165,42.35502],[58.70833,42.35417],[58.70798,42.34758],[58.70452,42.34409],[58.70417,42.3375],[58.7032,42.33373],[58.69804,42.32973],[58.69362,42.3286],[58.68825,42.32443],[58.68005,42.32574],[58.67917,42.32917],[58.67696,42.32973],[58.66888,42.33693],[58.66573,42.33807],[58.65509,42.32858],[58.65326,42.32145],[58.62696,42.32027],[58.62304,42.31723],[58.61862,42.3161],[58.61471,42.31307],[58.60759,42.31193],[58.60221,42.3161],[58.5949,42.31723],[58.58543,42.3088],[58.58125,42.31203],[58.57566,42.30737],[58.575,42.3],[58.575,42.28333],[58.57168,42.28248],[58.57083,42.27917],[58.56424,42.27881],[58.56076,42.27535],[58.53995,42.27465],[58.53159,42.28298],[58.52674,42.28369],[58.52326,42.28715],[58.51008,42.28785],[58.50659,42.29131],[58.49758,42.29202],[58.49409,42.29548],[58.49167,42.29583],[58.48112,42.2964],[58.47721,42.29943],[58.47279,42.30057],[58.46471,42.30777],[58.45505,42.30904],[58.45417,42.3125],[58.45174,42.31285],[58.44826,42.31631],[58.43091,42.31702],[58.42326,42.32465],[58.42083,42.325],[58.42083,42.32917],[58.42326,42.32952],[58.42881,42.33505],[58.42952,42.34338],[58.42535,42.34758],[58.425,42.35417],[58.41341,42.35479],[58.41165,42.36165],[58.40612,42.36307],[58.39649,42.37181],[58.39527,42.38554],[58.39223,42.38946],[58.39167,42.4],[58.3911,42.40638],[58.38807,42.41029],[58.38693,42.41471],[58.37557,42.42696],[58.37443,42.43138],[58.36185,42.44493],[58.35612,42.4464],[58.35221,42.44943],[58.34649,42.4509],[58.34527,42.46471],[58.34223,42.46862],[58.34167,42.47083],[58.3411,42.47304],[58.33807,42.47696],[58.33693,42.48138],[58.33241,42.4868],[58.32172,42.48821],[58.32027,42.49388],[58.31723,42.49779],[58.31582,42.50332],[58.31029,42.50473],[58.30542,42.50851],[58.3036,42.51325],[58.30777,42.51862],[58.3089,42.5385],[58.29482,42.55355],[58.2699,42.55473],[58.26054,42.5464],[58.25342,42.54527],[58.2468,42.5504],[58.24527,42.55638],[58.23657,42.56596],[58.22696,42.56723],[58.22304,42.57027],[58.21446,42.5714],[58.21054,42.57443],[58.20417,42.575],[58.20332,42.57832],[58.19779,42.57973],[58.19388,42.58277],[58.1875,42.58333],[58.1866,42.58684],[58.17279,42.58807],[58.16888,42.5911],[58.16446,42.59223],[58.16054,42.59527],[58.15612,42.5964],[58.14804,42.6036],[58.13529,42.60473],[58.12174,42.61731],[58.12083,42.62083],[58.1214,42.63138],[58.12443,42.63529],[58.12566,42.6491],[58.12917,42.65],[58.13576,42.65035],[58.13995,42.65452],[58.15242,42.65381],[58.15662,42.64965],[58.17326,42.65035],[58.18091,42.65798],[58.18333,42.65833],[58.18418,42.66165],[58.18971,42.66307],[58.19362,42.6661],[58.19804,42.66723],[58.20196,42.67027],[58.21993,42.67147],[58.22083,42.675],[58.23159,42.67535],[58.23924,42.68298],[58.24826,42.68369],[58.25174,42.68715],[58.26492,42.68785],[58.27258,42.69548],[58.275,42.69583],[58.27447,42.69808],[58.2703,42.70323],[58.27136,42.70641],[58.27553,42.71156],[58.27447,42.73141],[58.27136,42.73525],[58.2703,42.76058],[58.2672,42.76442],[58.26603,42.77393],[58.25641,42.7828],[58.25095,42.78409],[58.24114,42.79473],[58.2422,42.79808],[58.25053,42.80725],[58.24947,42.81475],[58.2453,42.81989],[58.24636,42.82725],[58.25053,42.83239],[58.24947,42.83558],[58.24636,42.83942],[58.2453,42.84808],[58.24114,42.85323],[58.2422,42.88141],[58.25053,42.89058],[58.24911,42.89506],[58.24255,42.89661],[58.24114,42.90115],[58.25149,42.91187],[58.25417,42.9125],[58.25381,42.91492],[58.25001,42.91875],[58.25381,42.92258],[58.25452,42.92671],[58.25035,42.93091],[58.24965,42.93505],[58.25381,42.93924],[58.25452,42.94755],[58.24619,42.95591],[58.24548,42.96076],[58.24202,42.96424],[58.24131,42.96838],[58.24582,42.97292],[58.24202,42.97674],[58.24167,42.9875],[58.24244,42.99506],[58.2563,42.99648],[58.26314,43.00272],[58.2562,43.00481],[58.25092,43.00855],[58.2492,43.01982],[58.2437,43.02148],[58.23964,43.02436],[58.2343,43.02596],[58.23269,43.0313],[58.22062,43.04464],[58.21346,43.0468],[58.2125,43.05],[58.20833,43.05],[58.20748,43.04668],[58.20417,43.04583],[58.20085,43.04668],[58.2,43.05],[58.2,43.05833],[58.19362,43.0589],[58.18971,43.06193],[58.18529,43.06307],[58.17304,43.07443],[58.16752,43.07585],[58.1661,43.08138],[58.15775,43.09075],[58.15196,43.09223],[58.14804,43.09527],[58.1375,43.09583],[58.13715,43.12326],[58.13162,43.12881],[58.12917,43.12917],[58.12973,43.13138],[58.13277,43.13529],[58.1339,43.13844],[58.12557,43.14779],[58.12443,43.15101],[58.1411,43.16862],[58.14223,43.17304],[58.14623,43.1782],[58.15354,43.18008],[58.15417,43.19167],[58.16054,43.19223],[58.16875,43.19955],[58.18173,43.1875],[58.19943,43.20612],[58.20089,43.21179],[58.21161,43.21321],[58.21335,43.21998],[58.21667,43.22083],[58.21631,43.22742],[58.20869,43.23508],[58.20833,43.24167],[58.20487,43.24271],[58.20345,43.26591],[58.18718,43.26731],[58.18042,43.26252],[58.17852,43.2688],[58.17564,43.27286],[58.17436,43.27714],[58.17144,43.28125],[58.17436,43.28536],[58.17564,43.2923],[58.16731,43.30203],[58.16602,43.3188],[58.15898,43.32703],[58.15769,43.3313],[58.15477,43.33542],[58.16602,43.34786],[58.16763,43.3532],[58.17297,43.35481],[58.18682,43.36747],[58.1875,43.3875],[58.1909,43.38847],[58.19228,43.39799],[58.1961,43.40322],[58.18534,43.40478],[58.18033,43.40845],[58.17855,43.41466],[58.17562,43.41867],[58.17438,43.42547],[58.17855,43.43117],[58.17978,43.4338],[58.17562,43.43951],[58.175,43.45417],[58.17279,43.45473],[58.16737,43.45925],[58.16596,43.46995],[58.16029,43.4714],[58.15638,43.47443],[58.15,43.475],[58.15035,43.48162],[58.15591,43.48715],[58.15833,43.4875],[58.15923,43.49101],[58.1741,43.49233],[58.175,43.49583],[58.17742,43.49619],[58.18714,43.50588],[58.1875,43.50833],[58.18807,43.51054],[58.19606,43.51951],[58.19498,43.52433],[58.18007,43.52566],[58.1786,43.53138],[58.17402,43.53687],[58.15612,43.53807],[58.15221,43.5411],[58.14167,43.54167],[58.14082,43.54498],[58.1375,43.54583],[58.1375,43.575],[58.13992,43.57535],[58.14758,43.58298],[58.15246,43.58369],[58.15798,43.58924],[58.15869,43.59412],[58.16424,43.59965],[58.17083,43.6],[58.17326,43.60035],[58.17881,43.60588],[58.17917,43.6125],[58.18992,43.61285],[58.19375,43.61665],[58.20208,43.60835],[58.21078,43.61702],[58.21909,43.61631],[58.22292,43.61251],[58.22674,43.61631],[58.23159,43.61702],[58.23508,43.62048],[58.24409,43.62119],[58.24758,43.62465],[58.25,43.625],[58.24937,43.63965],[58.24646,43.64369],[58.24469,43.64971],[58.23131,43.66187],[58.22497,43.66373],[58.2298,43.67044],[58.22854,43.68131],[58.22437,43.6871],[58.22579,43.69933],[58.26584,43.70067],[58.2702,43.70619],[58.27146,43.71048],[58.27437,43.71452],[58.27563,43.71881],[58.27854,43.72285],[58.28002,43.73278],[58.29369,43.7452],[58.29922,43.74683],[58.30078,43.75734],[58.30417,43.75833],[58.30381,43.76492],[58.29829,43.77048],[58.29583,43.77083],[58.29619,43.77742],[58.29965,43.78091],[58.30035,43.80662],[58.30591,43.81215],[58.3125,43.8125],[58.31215,43.81492],[58.30246,43.82464],[58.3,43.825],[58.29965,43.82742],[58.29585,43.83125],[58.30381,43.83924],[58.30417,43.84167],[58.29583,43.84167],[58.29521,43.85318],[58.28971,43.85777],[58.28277,43.85955],[58.28394,43.89066],[58.28946,43.89527],[58.29167,43.89583],[58.29102,43.9063],[58.28752,43.91125],[58.29487,43.91346],[58.29648,43.9188],[58.29936,43.92287],[58.30084,43.93257],[58.31593,43.93411],[58.31731,43.95213],[58.32019,43.9562],[58.32148,43.95897],[58.31314,43.9687],[58.31186,43.97949],[58.31664,43.98624],[58.32297,43.98814],[58.32703,43.99102],[58.3313,43.99231],[58.33624,43.99581],[58.33814,44.00213],[58.34936,44.01453],[58.35064,44.0173],[58.34231,44.02703],[58.34102,44.03782],[58.34519,44.0437],[58.34583,44.04583],[58.34668,44.04915],[58.35,44.05],[58.34943,44.05221],[58.3464,44.05612],[58.34495,44.06179],[58.33422,44.06321],[58.33333,44.06667],[58.33369,44.08162],[58.33924,44.08715],[58.34167,44.0875],[58.34231,44.10213],[58.34523,44.10625],[58.34231,44.11037],[58.34102,44.12147],[58.34936,44.1312],[58.35084,44.1409],[58.36595,44.14244],[58.36667,44.15417],[58.36667,44.15833],[58.36446,44.1589],[58.35638,44.1661],[58.35085,44.16752],[58.35,44.17083],[58.34257,44.17149],[58.3411,44.17721],[58.3339,44.18529],[58.33248,44.19082],[58.32585,44.19252],[58.325,44.19583],[58.32258,44.19619],[58.31492,44.20381],[58.31008,44.20452],[58.30659,44.20798],[58.30417,44.20833],[58.30332,44.21165],[58.29668,44.21335],[58.29583,44.21667],[58.29252,44.21752],[58.29167,44.22083],[58.28508,44.22119],[58.28159,44.22465],[58.27917,44.225],[58.27881,44.22742],[58.26912,44.23714],[58.26424,44.23785],[58.24826,44.25381],[58.2375,44.25417],[58.23715,44.25659],[58.23369,44.26008],[58.23298,44.26909],[58.22952,44.27258],[58.22881,44.28159],[58.22535,44.28508],[58.22465,44.28992],[58.22119,44.29341],[58.22083,44.3],[58.22048,44.30242],[58.20869,44.31424],[58.20798,44.31909],[58.20035,44.32674],[58.2,44.33333],[58.19934,44.34077],[58.19583,44.34167],[58.19523,44.35742],[58.19167,44.35833],[58.19131,44.36492],[58.18751,44.36875],[58.19131,44.37258],[58.19202,44.40171],[58.18751,44.40625],[58.19131,44.41008],[58.19167,44.41667],[58.18924,44.41702],[58.18369,44.42254],[58.18333,44.425],[58.18008,44.42577],[58.17864,44.43011],[58.1828,44.43525],[58.18386,44.43844],[58.1797,44.44359],[58.17917,44.44583],[58.1786,44.44804],[58.1714,44.45612],[58.17027,44.46054],[58.16723,44.46446],[58.16582,44.46998],[58.15896,44.47174],[58.15833,44.48333],[58.1509,44.48399],[58.15,44.4875],[58.15,44.49167],[58.15332,44.49252],[58.15473,44.49804],[58.15777,44.50196],[58.1589,44.50638],[58.16193,44.51029],[58.16312,44.53232],[58.17696,44.54527],[58.17917,44.54583],[58.18009,44.54907],[58.18739,44.55116],[58.19105,44.55617],[58.19228,44.56466],[58.19938,44.57284],[58.20062,44.57716],[58.20355,44.58117],[58.20496,44.59087],[58.21466,44.59228],[58.21867,44.59522],[58.22083,44.59583],[58.22119,44.60659],[58.22881,44.61424],[58.22952,44.61909],[58.23504,44.62464],[58.23992,44.62535],[58.24964,44.63505],[58.25,44.6375],[58.24779,44.63807],[58.24388,44.6411],[58.23835,44.64252],[58.23693,44.64804],[58.2339,44.65196],[58.23248,44.65748],[58.22696,44.6589],[58.22304,44.66193],[58.21862,44.66307],[58.21347,44.66706],[58.21193,44.67304],[58.2089,44.67696],[58.20833,44.67917],[58.20798,44.69826],[58.20418,44.70208],[58.20832,44.70625],[58.20246,44.71214],[58.2,44.7125],[58.2,44.71667],[58.19758,44.71702],[58.19202,44.72254],[58.19131,44.72742],[58.18785,44.73091],[58.18715,44.73992],[58.18369,44.74341],[58.18298,44.74826],[58.17952,44.75174],[58.17917,44.75833],[58.17917,44.7625],[58.175,44.7625],[58.17465,44.77742],[58.17119,44.78091],[58.17048,44.78576],[58.16702,44.78924],[58.16667,44.79167],[58.16631,44.80659],[58.16285,44.81008],[58.1625,44.82083],[58.1625,44.83333],[58.16285,44.87326],[58.16631,44.87674],[58.16667,44.87917],[58.16702,44.88159],[58.17048,44.88508],[58.17083,44.89583],[58.17119,44.89826],[58.17465,44.90174],[58.175,44.90417],[58.17746,44.90452],[58.18298,44.91008],[58.18369,44.91492],[58.18715,44.91841],[58.18785,44.92742],[58.19548,44.93508],[58.19619,44.93992],[58.19965,44.94341],[58.20035,44.94826],[58.20381,44.95174],[58.20452,44.95659],[58.21631,44.96841],[58.21702,44.97329],[58.22674,44.98298],[58.22917,44.98333],[58.22973,44.98971],[58.23693,44.99779],[58.23807,45.00638],[58.2411,45.01029],[58.24223,45.01888],[58.24527,45.02279],[58.2464,45.02721],[58.2536,45.03529],[58.25483,45.0491],[58.25833,45.05],[58.25798,45.05242],[58.25035,45.06008],[58.25,45.0625],[58.24565,45.06374],[58.25446,45.07389],[58.26049,45.07562],[58.27701,45.09105],[58.28676,45.09247],[58.2875,45.1],[58.29082,45.10085],[58.29223,45.10638],[58.29623,45.11153],[58.30221,45.11307],[58.30612,45.1161],[58.31054,45.11723],[58.31596,45.12175],[58.31723,45.13138],[58.32027,45.13529],[58.32083,45.1375],[58.3161,45.13871],[58.31723,45.16054],[58.32027,45.16446],[58.32149,45.17819],[58.33529,45.1911],[58.3375,45.19167],[58.3375,45.20417],[58.3375,45.20833],[58.34096,45.20922],[58.34238,45.21995],[58.34583,45.22083],[58.34583,45.225],[58.35,45.225],[58.35035,45.24409],[58.35381,45.24758],[58.35452,45.25242],[58.36215,45.26008],[58.36285,45.26492],[58.36631,45.26841],[58.36702,45.27326],[58.37881,45.28508],[58.37917,45.29583],[58.38266,45.29673],[58.39943,45.31446],[58.40085,45.31998],[58.40417,45.32083],[58.40452,45.32742],[58.40832,45.33125],[58.40452,45.33508],[58.40417,45.34167],[58.41054,45.34223],[58.4241,45.35481],[58.42585,45.36165],[58.43138,45.36307],[58.44075,45.37142],[58.44167,45.375],[58.44583,45.375],[58.44826,45.37535],[58.46841,45.39548],[58.47326,45.39619],[58.48508,45.40798],[58.4875,45.40833],[58.48785,45.41912],[58.49341,45.42465],[58.5,45.425],[58.49943,45.42721],[58.4963,45.43125],[58.49943,45.43529],[58.50057,45.43971],[58.50777,45.44779],[58.5089,45.45638],[58.51307,45.46175],[58.51193,45.46471],[58.5088,45.46875],[58.51203,45.47292],[58.50777,45.47842],[58.5089,45.48138],[58.51193,45.48529],[58.51347,45.49127],[58.51862,45.49527],[58.52415,45.49668],[58.52585,45.50332],[58.52917,45.50417],[58.52952,45.51492],[58.53332,45.51875],[58.52535,45.52674],[58.52465,45.53505],[58.53298,45.54341],[58.53333,45.54583],[58.53576,45.54619],[58.54131,45.55171],[58.54202,45.55659],[58.55798,45.57258],[58.55833,45.575],[58.56276,45.57614],[58.5589,45.58112],[58.55777,45.59241],[58.56193,45.59779],[58.5625,45.6],[58.57742,45.60035],[58.58091,45.60381],[58.58333,45.60417],[58.58369,45.60659],[58.59131,45.61424],[58.59167,45.61667],[58.59104,45.62826],[58.58529,45.62973],[58.58138,45.63277],[58.57917,45.63333],[58.57952,45.65245],[58.58508,45.65798],[58.59409,45.65869],[58.59758,45.66215],[58.6,45.6625],[58.59965,45.66909],[58.59619,45.67258],[58.59548,45.68159],[58.58785,45.68924],[58.58715,45.69409],[58.58369,45.69758],[58.58298,45.71005],[58.58715,45.71424],[58.5875,45.71667],[58.59799,45.71728],[58.60201,45.72022],[58.61176,45.72164],[58.6125,45.72917],[58.61285,45.75242],[58.61631,45.75591],[58.61702,45.76076],[58.62048,45.76424],[58.62119,45.76909],[58.62465,45.77258],[58.62535,45.77742],[58.62881,45.78091],[58.62952,45.78992],[58.63298,45.79341],[58.63369,45.79826],[58.64131,45.80591],[58.64202,45.81492],[58.64548,45.81841],[58.64619,45.82326],[58.65381,45.83091],[58.65417,45.8375],[58.65659,45.83785],[58.66214,45.84338],[58.6625,45.84583],[58.66601,45.84673],[58.66723,45.86054],[58.67027,45.86446],[58.67168,45.86998],[58.675,45.87083],[58.67535,45.87326],[58.68715,45.88508],[58.6875,45.8875],[58.68811,45.90325],[58.69167,45.90417],[58.69131,45.91076],[58.68785,45.91424],[58.6875,45.91667],[58.68508,45.91702],[58.67952,45.92254],[58.67917,45.925],[58.67881,45.92742],[58.67535,45.93091],[58.675,45.93333],[58.67557,45.94388],[58.68704,45.95624],[58.6839,45.96029],[58.68248,45.96582],[58.67696,45.96723],[58.67149,45.97179],[58.67083,45.97917],[58.66867,45.97978],[58.66049,45.98688],[58.65617,45.98812],[58.65216,45.99105],[58.64367,45.99228],[58.63836,45.99616],[58.63669,46.00763],[58.61867,46.00895],[58.61366,46.01261],[58.61157,46.01991],[58.60488,46.02182],[58.60417,46.02917],[58.59673,46.02983],[58.59583,46.03333],[58.57083,46.03333],[58.56667,46.03333],[58.56631,46.03576],[58.55662,46.04548],[58.52917,46.04583],[58.52917,46.04167],[58.52881,46.03921],[58.52326,46.03369],[58.51424,46.03298],[58.51076,46.02952],[58.5,46.02917],[58.49758,46.02881],[58.49409,46.02535],[58.48924,46.02465],[58.48159,46.01702],[58.47917,46.01667],[58.46424,46.01631],[58.46076,46.01285],[58.45245,46.01215],[58.44826,46.01631],[58.44583,46.01667],[58.44548,46.01421],[58.43992,46.00869],[58.4375,46.00833],[58.43665,46.01165],[58.43333,46.0125],[58.41424,46.01215],[58.40659,46.00452],[58.39341,46.00381],[58.38992,46.00035],[58.38579,45.99965],[58.38125,46.00415],[58.37742,46.00035],[58.36424,45.99965],[58.36042,45.99585],[58.35242,46.00381],[58.34341,46.00452],[58.33992,46.00798],[58.32258,46.00869],[58.31909,46.01215],[58.3,46.0125],[58.29758,46.01285],[58.29409,46.01631],[58.28508,46.01702],[58.28159,46.02048],[58.27258,46.02119],[58.26909,46.02465],[58.2625,46.025],[58.26215,46.02742],[58.25662,46.03298],[58.25417,46.03333],[58.2536,46.03554],[58.24525,46.04491],[58.23946,46.0464],[58.2343,46.0504],[58.23248,46.05748],[58.22696,46.0589],[58.22304,46.06193],[58.20923,46.06316],[58.20777,46.06888],[58.20377,46.07403],[58.19779,46.07557],[58.19263,46.07956],[58.1911,46.08554],[58.18807,46.08946],[58.18665,46.09498],[58.18112,46.0964],[58.17721,46.09943],[58.16446,46.10057],[58.16054,46.1036],[58.14485,46.10473],[58.13138,46.09223],[58.11592,46.0911],[58.11054,46.09527],[58.10833,46.09583],[58.10748,46.09915],[58.10196,46.10057],[58.09388,46.10777],[58.08946,46.1089],[58.08554,46.11193],[58.08112,46.11307],[58.07721,46.1161],[58.07279,46.11723],[58.06875,46.12036],[58.06471,46.11723],[58.05748,46.1161],[58.04997,46.12237],[58.0587,46.13217],[58.05417,46.13333],[58.05417,46.14167],[58.05833,46.14167],[58.06054,46.14223],[58.06446,46.14527],[58.06888,46.1464],[58.07279,46.14943],[58.08245,46.15071],[58.0843,46.15794],[58.08946,46.16193],[58.09804,46.16307],[58.10196,46.1661],[58.10833,46.16667],[58.1089,46.16888],[58.11276,46.17386],[58.10502,46.17585],[58.10417,46.17917],[58.10417,46.18333],[58.10351,46.19077],[58.1,46.19167],[58.09965,46.20659],[58.09168,46.21458],[58.09965,46.22258],[58.10036,46.22746],[58.10662,46.23369],[58.11909,46.23298],[58.12292,46.22918],[58.12708,46.23332],[58.13091,46.22952],[58.1375,46.22917],[58.13971,46.22973],[58.14779,46.23693],[58.15316,46.23831],[58.15473,46.24241],[58.15057,46.24779],[58.14915,46.25332],[58.14362,46.25473],[58.12304,46.27443],[58.11862,46.27557],[58.11347,46.27956],[58.11193,46.28554],[58.10473,46.29362],[58.1036,46.30221],[58.10057,46.30612],[58.09943,46.31054],[58.0964,46.31446],[58.09583,46.325],[58.09673,46.32851],[58.10417,46.32917],[58.10833,46.32917],[58.10833,46.33333],[58.10777,46.33554],[58.10473,46.33946],[58.1036,46.34804],[58.09525,46.35741],[58.08946,46.3589],[58.08554,46.36193],[58.08259,46.36307],[58.07708,46.3588],[58.0718,46.3629],[58.06998,46.36998],[58.06335,46.37168],[58.06165,46.37832],[58.05612,46.37973],[58.04675,46.38808],[58.04498,46.39498],[58.03946,46.3964],[58.03138,46.4036],[58.02696,46.40473],[58.02291,46.40787],[58.01459,46.40046],[58.01054,46.4036],[58.00483,46.40507],[58.00417,46.4125],[57.99583,46.4125],[57.99548,46.41004],[57.98992,46.40452],[57.98508,46.40381],[57.98159,46.40035],[57.97083,46.4],[57.96998,46.39668],[57.96667,46.39583],[57.95417,46.39583],[57.95324,46.39259],[57.94784,46.39105],[57.94383,46.38812],[57.93951,46.38688],[57.9299,46.37855],[57.91867,46.37978],[57.91466,46.38272],[57.91034,46.38395],[57.90633,46.38688],[57.90201,46.38812],[57.89383,46.39522],[57.88827,46.39681],[57.88669,46.40763],[57.86747,46.40904],[57.86605,46.41883],[57.86312,46.42284],[57.8625,46.425],[57.83508,46.42535],[57.83159,46.42881],[57.82329,46.42952],[57.81909,46.42535],[57.8125,46.425],[57.80507,46.42434],[57.80417,46.42083],[57.77674,46.42048],[57.77326,46.41702],[57.77083,46.41667],[57.77048,46.41909],[57.76702,46.42258],[57.76667,46.45],[57.7661,46.46471],[57.76297,46.46875],[57.7661,46.47279],[57.7678,46.47943],[57.77292,46.47547],[57.77846,46.48009],[57.77973,46.48971],[57.78808,46.49908],[57.79388,46.50057],[57.80325,46.50892],[57.80473,46.51471],[57.80777,46.51862],[57.8089,46.53138],[57.81203,46.53542],[57.8089,46.53946],[57.80777,46.54241],[57.81204,46.54793],[57.80358,46.55741],[57.79557,46.55947],[57.79943,46.56446],[57.80057,46.57379],[57.79362,46.57557],[57.78554,46.58277],[57.78112,46.5839],[57.77175,46.59225],[57.76998,46.59915],[57.76446,46.60057],[57.75904,46.60509],[57.75777,46.61471],[57.7449,46.62846],[57.73529,46.62973],[57.72982,46.63429],[57.7286,46.64804],[57.72557,46.65196],[57.725,46.65417],[57.72917,46.65417],[57.72973,46.65638],[57.73277,46.66029],[57.7339,46.66346],[57.72399,46.67438],[57.70196,46.67557],[57.69804,46.6786],[57.69362,46.67973],[57.68971,46.68277],[57.68529,46.6839],[57.68138,46.68693],[57.67696,46.68807],[57.67304,46.6911],[57.66862,46.69223],[57.66471,46.69527],[57.65918,46.69668],[57.65833,46.7],[57.6509,46.70066],[57.64943,46.70638],[57.6463,46.71042],[57.64953,46.71458],[57.6464,46.71862],[57.64527,46.72304],[57.64223,46.72696],[57.6411,46.72991],[57.64536,46.73542],[57.64214,46.73958],[57.64527,46.74362],[57.6464,46.74658],[57.64127,46.7532],[57.63418,46.75502],[57.63277,46.76054],[57.6214,46.77279],[57.62027,46.78554],[57.61723,46.78946],[57.6161,46.79388],[57.61307,46.79779],[57.61193,46.81054],[57.6089,46.81446],[57.60833,46.82083],[57.61492,46.82119],[57.61841,46.82465],[57.65,46.825],[57.67721,46.82557],[57.68112,46.8286],[57.68665,46.83002],[57.6875,46.83333],[57.69583,46.83333],[57.69674,46.83688],[57.70833,46.8375],[57.71054,46.83693],[57.71446,46.8339],[57.72304,46.83277],[57.72696,46.82973],[57.73138,46.8286],[57.73529,46.82557],[57.73971,46.82443],[57.74509,46.82027],[57.75221,46.8214],[57.75612,46.82443],[57.78138,46.82557],[57.78675,46.82973],[57.79388,46.8286],[57.79779,46.82557],[57.8116,46.82434],[57.8125,46.82083],[57.81667,46.82083],[57.83649,46.82143],[57.8411,46.82696],[57.84252,46.83248],[57.84804,46.8339],[57.85342,46.83807],[57.86888,46.83693],[57.87425,46.83277],[57.91471,46.8339],[57.91875,46.83703],[57.92386,46.83307],[57.92557,46.83971],[57.9286,46.84362],[57.92987,46.85325],[57.93529,46.85777],[57.9375,46.85833],[57.93828,46.86597],[57.95417,46.86667],[57.95748,46.86582],[57.95833,46.8625],[57.96667,46.8625],[57.97083,46.8625],[57.97083,46.85833],[57.98333,46.85833],[57.98369,46.86492],[57.98715,46.86841],[57.9875,46.87083],[57.98971,46.8714],[57.99362,46.87443],[58.00075,46.87557],[58.00612,46.8714],[58.03825,46.87027],[58.04487,46.8754],[58.04672,46.88262],[58.05638,46.8839],[58.07013,46.89677],[58.0714,46.90638],[58.07443,46.91029],[58.075,46.91667],[58.07465,46.94826],[58.05869,46.96424],[58.05798,46.97742],[58.05452,46.98091],[58.05381,46.98576],[58.05035,46.98924],[58.05,46.99167],[58.05417,46.99167],[58.05452,46.99409],[58.05798,46.99758],[58.05833,47.0],[58.05869,47.00242],[58.06215,47.00591],[58.0625,47.0125],[58.06492,47.01285],[58.08715,47.03505],[58.08785,47.07326],[58.09131,47.07674],[58.09167,47.08333],[58.11158,47.08393],[58.11307,47.08971],[58.11706,47.09487],[58.12304,47.0964],[58.13263,47.1051],[58.1339,47.11471],[58.13839,47.1201],[58.14658,47.1214],[58.15196,47.11723],[58.1551,47.1161],[58.16446,47.12443],[58.16888,47.12557],[58.17434,47.13013],[58.17566,47.14493],[58.18138,47.1464],[58.18684,47.15096],[58.1875,47.15833],[58.20659,47.15798],[58.21008,47.15452],[58.2125,47.15417],[58.21285,47.15659],[58.22254,47.16631],[58.22742,47.16702],[58.23508,47.17465],[58.23992,47.17535],[58.24341,47.17881],[58.25242,47.17952],[58.26008,47.18715],[58.27326,47.18785],[58.29131,47.20588],[58.29202,47.22326],[58.29548,47.22674],[58.29619,47.23088],[58.29202,47.23508],[58.29167,47.2375],[58.2911,47.23971],[58.28724,47.2447],[58.29167,47.24583],[58.29167,47.2625],[58.29409,47.26285],[58.29758,47.26631],[58.30242,47.26702],[58.30798,47.27255],[58.30869,47.28088],[58.30452,47.28508],[58.30381,47.28922],[58.31215,47.29758],[58.3125,47.3],[58.31464,47.30064],[58.3312,47.31602],[58.34509,47.31744],[58.34648,47.33547],[58.34936,47.33953],[58.35084,47.34924],[58.36464,47.35064],[58.3687,47.35352],[58.3785,47.35502],[58.37917,47.39167],[58.37155,47.39244],[58.37019,47.41464],[58.36731,47.4187],[58.36602,47.42714],[58.36314,47.4312],[58.3625,47.43333],[58.3552,47.43408],[58.35352,47.43964],[58.35064,47.4437],[58.34936,47.44797],[58.34554,47.45335],[58.32994,47.45494],[58.32917,47.4625],[58.34919,47.46316],[58.35062,47.47299],[58.35355,47.47701],[58.35478,47.53549],[58.35841,47.54045],[58.35072,47.54265],[58.35,47.55],[58.35066,47.55743],[58.35417,47.55833],[58.35794,47.5593],[58.36204,47.56459],[58.3538,47.57384],[58.3621,47.57597],[58.36723,47.58259],[58.3661,47.60221],[58.36254,47.6068],[58.37279,47.6161],[58.375,47.61667],[58.37742,47.61702],[58.38091,47.62048],[58.38333,47.62083],[58.3839,47.62304],[58.3911,47.63112],[58.39223,47.64045],[58.38297,47.64283],[58.3911,47.65196],[58.39223,47.65712],[58.38529,47.6589],[58.37304,47.67027],[58.36446,47.6714],[58.35221,47.68277],[58.34779,47.6839],[58.34388,47.68693],[58.33529,47.68807],[58.32174,47.70065],[58.32083,47.70417],[58.28112,47.70473],[58.26757,47.71731],[58.26575,47.72441],[58.24167,47.725],[58.2375,47.725],[58.23715,47.72742],[58.23369,47.73091],[58.23333,47.73333],[58.23418,47.73665],[58.2375,47.7375],[58.23835,47.74082],[58.24498,47.74252],[58.24583,47.74583],[58.24341,47.74619],[58.23786,47.75171],[58.2375,47.75417],[58.23418,47.75502],[58.23277,47.76054],[58.22964,47.76458],[58.23277,47.76862],[58.2339,47.77304],[58.2379,47.7782],[58.24388,47.77973],[58.24779,47.78277],[58.27304,47.7839],[58.27696,47.78693],[58.28248,47.78835],[58.28418,47.79498],[58.29082,47.79668],[58.29167,47.8],[58.32721,47.80057],[58.33112,47.8036],[58.33971,47.80473],[58.34362,47.80777],[58.34915,47.80918],[58.35,47.8125],[58.35,47.82083],[58.35035,47.82326],[58.35381,47.82674],[58.35452,47.83159],[58.36215,47.83924],[58.36285,47.84409],[58.36631,47.84758],[58.36702,47.85242],[58.37048,47.85591],[58.37119,47.86076],[58.37671,47.86631],[58.38576,47.86702],[58.38924,47.87048],[58.39826,47.87119],[58.40174,47.87465],[58.41909,47.87535],[58.43091,47.88715],[58.43576,47.88785],[58.44131,47.89338],[58.44202,47.89826],[58.44548,47.90174],[58.44583,47.91667],[58.44167,47.91667],[58.43008,47.91729],[58.42917,47.92083],[58.425,47.92083],[58.41862,47.92027],[58.41471,47.91723],[58.38529,47.9161],[58.38052,47.9124],[58.3786,47.91741],[58.38277,47.92279],[58.3839,47.92795],[58.37566,47.93007],[58.37443,47.94462],[58.38138,47.9464],[58.38529,47.94943],[58.39388,47.95057],[58.40003,47.9557],[58.39223,47.96446],[58.3911,47.96888],[58.3464,48.01446],[58.34583,48.02083],[58.34619,48.02326],[58.34965,48.02674],[58.35035,48.03576],[58.35798,48.04341],[58.35869,48.04826],[58.36215,48.05174],[58.3625,48.05417],[58.36285,48.06076],[58.36631,48.06424],[58.36702,48.07326],[58.3729,48.07917],[58.37674,48.07535],[58.38088,48.07465],[58.38508,48.07881],[58.38992,48.07952],[58.39965,48.08922],[58.40035,48.10659],[58.40381,48.11008],[58.40452,48.11421],[58.40035,48.11841],[58.39965,48.12326],[58.39168,48.13125],[58.39965,48.13924],[58.4,48.15417],[58.4,48.15833],[58.39915,48.16165],[58.39583,48.1625],[58.39548,48.16492],[58.39202,48.16841],[58.39131,48.17326],[58.38785,48.17674],[58.3875,48.17917],[58.38992,48.17952],[58.39341,48.18298],[58.39826,48.18369],[58.40174,48.18715],[58.40833,48.1875],[58.41165,48.18835],[58.4125,48.19167],[58.41303,48.20225],[58.41715,48.20733],[58.41578,48.21173],[58.4125,48.2125],[58.41165,48.21582],[58.40833,48.21667],[58.40833,48.225],[58.40798,48.22742],[58.40452,48.23091],[58.40417,48.2375],[58.40748,48.23835],[58.40833,48.24167],[58.40918,48.24498],[58.41593,48.24671],[58.41723,48.25491],[58.41297,48.26042],[58.4161,48.26446],[58.41723,48.26741],[58.41307,48.27279],[58.4125,48.27917],[58.41215,48.28159],[58.40833,48.28543],[58.41424,48.29131],[58.41667,48.29167],[58.41667,48.29583],[58.41667,48.31667],[58.42017,48.31757],[58.42149,48.33237],[58.42696,48.33693],[58.42917,48.3375],[58.42952,48.34409],[58.43298,48.34758],[58.43369,48.35242],[58.43715,48.35591],[58.4375,48.3625],[58.43333,48.3625],[58.43333,48.37083],[58.43333,48.38333],[58.43333,48.39167],[58.43369,48.39409],[58.43715,48.39758],[58.43785,48.40659],[58.44338,48.41214],[58.44826,48.41285],[58.45174,48.41631],[58.45659,48.41702],[58.46008,48.42048],[58.46492,48.42119],[58.47464,48.43088],[58.475,48.43333],[58.47535,48.43576],[58.47915,48.43958],[58.47535,48.44341],[58.475,48.45],[58.475,48.45417],[58.47858,48.45509],[58.48807,48.46573],[58.48693,48.46888],[58.48277,48.47425],[58.4839,48.48138],[58.48807,48.48675],[58.48693,48.50221],[58.48307,48.5072],[58.4875,48.50833],[58.49493,48.50899],[58.49583,48.5125],[58.49619,48.52742],[58.49965,48.53091],[58.5,48.5375],[58.50659,48.53785],[58.51215,48.54338],[58.5125,48.5625],[58.51285,48.56492],[58.51631,48.56841],[58.51702,48.57255],[58.51285,48.57674],[58.5125,48.57917],[58.51596,48.58005],[58.51723,48.58971],[58.52027,48.59362],[58.52083,48.59583],[58.52415,48.59668],[58.52585,48.60332],[58.52917,48.60417],[58.52973,48.61471],[58.53373,48.61987],[58.54096,48.62172],[58.54223,48.63138],[58.55058,48.64075],[58.55748,48.64252],[58.55833,48.64583],[58.55869,48.65242],[58.56215,48.65591],[58.56285,48.67255],[58.55452,48.68091],[58.55381,48.68505],[58.55798,48.68924],[58.55833,48.69167],[58.55748,48.69498],[58.55417,48.69583],[58.55417,48.70833],[58.55452,48.71076],[58.55798,48.71424],[58.55833,48.72083],[58.57721,48.7214],[58.58112,48.72443],[58.58554,48.72557],[58.58946,48.7286],[58.60327,48.72983],[58.60473,48.73554],[58.60777,48.73946],[58.60925,48.74522],[58.63825,48.7464],[58.64362,48.74223],[58.67158,48.7411],[58.67696,48.74527],[58.68138,48.7464],[58.68529,48.74943],[58.70221,48.75057],[58.70612,48.7536],[58.73971,48.75473],[58.74487,48.75873],[58.74583,48.7625],[58.74583,48.76667],[58.74548,48.78576],[58.73785,48.79341],[58.73715,48.81076],[58.72952,48.81841],[58.72881,48.83088],[58.73298,48.83508],[58.73369,48.83992],[58.74548,48.85174],[58.74583,48.875],[58.76054,48.87557],[58.76446,48.8786],[58.77158,48.87973],[58.77696,48.87557],[58.78212,48.87443],[58.7839,48.88138],[58.78693,48.88529],[58.78812,48.90742],[58.79498,48.90918],[58.7964,48.91471],[58.79943,48.91862],[58.80085,48.92415],[58.80638,48.92557],[58.81153,48.92956],[58.8125,48.93333],[58.81667,48.93333],[58.81702,48.94409],[58.82048,48.94758],[58.82083,48.95],[58.82048,48.95242],[58.81702,48.95591],[58.81667,48.95833],[58.8161,48.96471],[58.81307,48.96862],[58.81193,48.98554],[58.8088,48.98958],[58.81193,48.99362],[58.81316,49.00743],[58.81983,49.00914],[58.8214,49.01325],[58.81627,49.01987],[58.80918,49.02168],[58.80748,49.02832],[58.80074,49.03005],[58.79943,49.03825],[58.8036,49.04362],[58.80473,49.04658],[58.80057,49.05196],[58.8,49.05417],[58.79909,49.0577],[58.78112,49.0589],[58.77721,49.06193],[58.77279,49.06307],[58.76888,49.0661],[58.76029,49.06723],[58.75638,49.07027],[58.75085,49.07168],[58.7491,49.07851],[58.73529,49.07973],[58.73125,49.08286],[58.72721,49.07973],[58.725,49.07917],[58.72258,49.07952],[58.71909,49.08298],[58.71424,49.08369],[58.70833,49.08957],[58.71215,49.09341],[58.71285,49.10171],[58.70869,49.10591],[58.70833,49.10833],[58.71054,49.1089],[58.71446,49.11193],[58.72411,49.11321],[58.72557,49.11888],[58.73277,49.12696],[58.7339,49.13138],[58.73693,49.13529],[58.7375,49.14167],[58.73812,49.14383],[58.74111,49.14792],[58.73812,49.15201],[58.73688,49.16714],[58.74111,49.17292],[58.73389,49.18124],[58.73688,49.18534],[58.73812,49.199],[58.72579,49.20079],[58.72438,49.21049],[58.72145,49.21451],[58.72022,49.2213],[58.72511,49.22801],[58.73264,49.23016],[58.73395,49.24863],[58.72701,49.25062],[58.72299,49.25355],[58.71667,49.25417],[58.71702,49.25662],[58.73091,49.27048],[58.7375,49.27083],[58.73839,49.27429],[58.74911,49.27571],[58.75085,49.28248],[58.75417,49.28333],[58.75482,49.30316],[58.76169,49.30513],[58.76312,49.31297],[58.75895,49.31867],[58.75772,49.32299],[58.75384,49.32831],[58.7424,49.32997],[58.74167,49.3375],[58.74167,49.34583],[58.75326,49.34521],[58.75417,49.34167],[58.75507,49.33816],[58.7625,49.3375],[58.77326,49.33785],[58.77745,49.34202],[58.78992,49.34131],[58.79412,49.33715],[58.81492,49.33785],[58.81841,49.34131],[58.83159,49.34202],[58.83508,49.34548],[58.84409,49.34619],[58.84758,49.34965],[58.85242,49.35035],[58.85591,49.35381],[58.85833,49.35417],[58.86054,49.35473],[58.8741,49.36731],[58.87557,49.37304],[58.88277,49.38112],[58.88418,49.38665],[58.89107,49.38842],[58.89167,49.40833],[58.91076,49.40869],[58.91424,49.41215],[58.91909,49.41285],[58.93091,49.42465],[58.95,49.425],[58.95351,49.4259],[58.95473,49.43971],[58.95777,49.44362],[58.95833,49.44583],[58.95777,49.44804],[58.95473,49.45196],[58.9536,49.45638],[58.95057,49.46029],[58.94943,49.47304],[58.93807,49.48529],[58.93693,49.49241],[58.9411,49.49779],[58.94223,49.50075],[58.93807,49.50612],[58.93665,49.51165],[58.92988,49.51339],[58.92846,49.52411],[58.92168,49.52585],[58.92083,49.52917],[58.9214,49.53554],[58.92443,49.53946],[58.92557,49.54388],[58.9286,49.54779],[58.93002,49.55332],[58.93554,49.55473],[58.94092,49.5589],[58.95743,49.55769],[58.95833,49.55417],[58.96471,49.5536],[58.96862,49.55057],[58.98971,49.54943],[58.99375,49.5463],[58.99779,49.54943],[59.00332,49.55085],[59.00513,49.55794],[59.01029,49.56193],[59.01471,49.56307],[59.01862,49.5661],[59.02083,49.56667],[59.0214,49.57304],[59.02443,49.57696],[59.02585,49.58248],[59.02917,49.58333],[59.03138,49.5839],[59.03749,49.589],[59.0339,49.59362],[59.03277,49.60491],[59.03693,49.61029],[59.03807,49.61962],[59.03333,49.62083],[59.0339,49.62304],[59.04527,49.63529],[59.04647,49.65326],[59.05221,49.65473],[59.05612,49.65777],[59.06054,49.6589],[59.06446,49.66193],[59.07721,49.66307],[59.08112,49.6661],[59.08554,49.66723],[59.09362,49.67443],[59.10638,49.67557],[59.11575,49.68392],[59.11667,49.6875],[59.12012,49.68839],[59.12154,49.69908],[59.12696,49.7036],[59.12917,49.70417],[59.12952,49.71492],[59.13298,49.71841],[59.13369,49.72326],[59.13715,49.72674],[59.13785,49.73159],[59.14338,49.73714],[59.14826,49.73785],[59.15797,49.74754],[59.15869,49.75172],[59.15035,49.76008],[59.15,49.77083],[59.18554,49.77027],[59.19092,49.7661],[59.20221,49.76723],[59.20612,49.77027],[59.21471,49.7714],[59.22009,49.77557],[59.22721,49.77443],[59.2322,49.77057],[59.23418,49.77832],[59.24082,49.78002],[59.24259,49.78692],[59.25196,49.79527],[59.25417,49.79583],[59.25502,49.79252],[59.26054,49.7911],[59.26592,49.78693],[59.27304,49.78807],[59.27696,49.7911],[59.29583,49.79167],[59.29674,49.79521],[59.30833,49.79583],[59.30869,49.79826],[59.32465,49.81424],[59.32535,49.82326],[59.32915,49.82708],[59.32465,49.83162],[59.32535,49.83992],[59.32952,49.84412],[59.32881,49.84826],[59.32465,49.85245],[59.32536,49.86079],[59.33091,49.86631],[59.33333,49.86667],[59.33298,49.86909],[59.32952,49.87258],[59.32881,49.87742],[59.32535,49.88091],[59.32465,49.90171],[59.32881,49.90591],[59.32917,49.90833],[59.33262,49.90922],[59.3339,49.91888],[59.33807,49.92425],[59.33693,49.92721],[59.33277,49.93259],[59.3339,49.93554],[59.33703,49.93958],[59.3338,49.94375],[59.33807,49.94925],[59.33693,49.95638],[59.33277,49.96175],[59.33458,49.96649],[59.33946,49.97027],[59.34167,49.97083],[59.3411,49.99388],[59.33807,49.99779],[59.33693,50.01888],[59.33307,50.02386],[59.34082,50.02585],[59.34167,50.02917],[59.34167,50.03333],[59.34202,50.03992],[59.35171,50.04964],[59.35659,50.05035],[59.36008,50.05381],[59.37742,50.05452],[59.38091,50.05798],[59.39826,50.05869],[59.40381,50.06421],[59.40417,50.06667],[59.40417,50.07083],[59.39779,50.0714],[59.39263,50.0754],[59.3911,50.08138],[59.38807,50.08529],[59.38693,50.09241],[59.3912,50.09792],[59.38807,50.10196],[59.38693,50.10638],[59.3839,50.11029],[59.38277,50.11325],[59.38693,50.11862],[59.38807,50.12795],[59.38112,50.12973],[59.35922,50.1507],[59.35777,50.15638],[59.35473,50.16029],[59.3536,50.17304],[59.35047,50.17708],[59.3536,50.18112],[59.35473,50.18825],[59.35047,50.19375],[59.3536,50.19779],[59.35473,50.20638],[59.35777,50.21029],[59.3589,50.21471],[59.36193,50.21862],[59.36307,50.2426],[59.35473,50.25196],[59.3536,50.26545],[59.36054,50.26723],[59.36862,50.27443],[59.37429,50.27589],[59.37571,50.28661],[59.38138,50.28807],[59.38653,50.29206],[59.3875,50.29583],[59.38661,50.29929],[59.37696,50.30057],[59.37304,50.3036],[59.36862,50.30473],[59.36471,50.30777],[59.34167,50.30833],[59.34202,50.31076],[59.34548,50.31424],[59.34619,50.31838],[59.33785,50.32674],[59.33715,50.34409],[59.33369,50.34758],[59.33298,50.36492],[59.32746,50.37048],[59.325,50.37083],[59.32409,50.37436],[59.30507,50.37564],[59.3036,50.38138],[59.2996,50.38653],[59.29362,50.38807],[59.28847,50.39206],[59.2875,50.39583],[59.28807,50.39804],[59.29642,50.40741],[59.30351,50.40923],[59.30473,50.42304],[59.31343,50.43263],[59.32304,50.4339],[59.32696,50.43693],[59.33138,50.43807],[59.34362,50.44943],[59.34929,50.45089],[59.35057,50.46054],[59.3536,50.46446],[59.35417,50.46667],[59.35748,50.46752],[59.35833,50.47083],[59.36577,50.47017],[59.36667,50.46667],[59.36888,50.4661],[59.37823,50.45777],[59.38138,50.4589],[59.39073,50.46723],[59.39804,50.4661],[59.4074,50.45777],[59.41888,50.4589],[59.42425,50.46307],[59.42721,50.46193],[59.43112,50.4589],[59.43665,50.45748],[59.4384,50.45066],[59.45221,50.44943],[59.45612,50.4464],[59.4625,50.44583],[59.46909,50.44619],[59.47258,50.44965],[59.48159,50.45035],[59.48924,50.45798],[59.50417,50.45833],[59.52742,50.45798],[59.53091,50.45452],[59.54409,50.45381],[59.54758,50.45035],[59.55417,50.45],[59.56054,50.45057],[59.56592,50.45473],[59.58243,50.45352],[59.58333,50.45],[59.58992,50.45035],[59.59758,50.45798],[59.6,50.45833],[59.60057,50.46054],[59.6036,50.46446],[59.60487,50.47408],[59.61029,50.4786],[59.61888,50.47973],[59.62279,50.48277],[59.62832,50.48418],[59.63013,50.49127],[59.63542,50.49536],[59.64017,50.49168],[59.64527,50.49779],[59.6468,50.50377],[59.65196,50.50777],[59.66471,50.5089],[59.66862,50.51193],[59.67832,50.51321],[59.67937,50.51789],[59.67443,50.52425],[59.67618,50.52882],[59.68529,50.53693],[59.68971,50.53807],[59.69779,50.54527],[59.70221,50.5464],[59.70612,50.54943],[59.71054,50.55057],[59.71874,50.55787],[59.72425,50.5536],[59.74388,50.55473],[59.74779,50.55777],[59.75833,50.55833],[59.76184,50.55923],[59.7625,50.56667],[59.77742,50.56631],[59.78091,50.56285],[59.8,50.5625],[59.80062,50.56466],[59.80772,50.57284],[59.80895,50.57716],[59.82167,50.59096],[59.83966,50.59228],[59.84367,50.59522],[59.84799,50.59645],[59.85201,50.59938],[59.85633,50.60062],[59.86034,50.60355],[59.86883,50.60478],[59.87806,50.6128],[59.87978,50.61883],[59.88272,50.62284],[59.88413,50.63258],[59.8963,50.63395],[59.90201,50.62978],[59.91113,50.62855],[59.91347,50.63673],[59.92403,50.63827],[59.92562,50.64383],[59.92855,50.64784],[59.92917,50.65],[59.9366,50.65066],[59.9375,50.65417],[59.93992,50.65452],[59.94341,50.65798],[59.94826,50.65869],[59.95174,50.66215],[59.97742,50.66285],[59.98091,50.66631],[59.99583,50.66667],[59.99619,50.66909],[60.00381,50.67674],[60.00417,50.69167],[60.00638,50.6911],[60.01175,50.68693],[60.01994,50.68824],[60.02443,50.69362],[60.02557,50.70221],[60.0286,50.70612],[60.02973,50.71054],[60.03277,50.71446],[60.03399,50.72827],[60.0375,50.72917],[60.03841,50.73271],[60.06054,50.7339],[60.06446,50.73693],[60.06888,50.73807],[60.08112,50.74943],[60.08333,50.75],[60.0839,50.77304],[60.0911,50.78112],[60.09223,50.79388],[60.09943,50.80196],[60.10085,50.80748],[60.10417,50.80833],[60.10502,50.81165],[60.10833,50.8125],[60.12721,50.81193],[60.13125,50.8088],[60.13675,50.81307],[60.13971,50.81193],[60.14362,50.8089],[60.15328,50.80762],[60.15417,50.80417],[60.15833,50.80417],[60.15833,50.8125],[60.16492,50.81285],[60.17258,50.82048],[60.18159,50.82119],[60.18508,50.82465],[60.19167,50.825],[60.19252,50.82832],[60.19804,50.82973],[60.20741,50.83808],[60.20833,50.84167],[60.20895,50.85316],[60.21862,50.86193],[60.23138,50.86307],[60.24362,50.87443],[60.25325,50.8757],[60.25777,50.88112],[60.25918,50.88665],[60.26471,50.88807],[60.26862,50.8911],[60.27083,50.89167],[60.27119,50.90659],[60.27465,50.91008],[60.27535,50.91421],[60.27085,50.91875],[60.27465,50.92258],[60.27535,50.92671],[60.26912,50.93298],[60.26667,50.93333],[60.26335,50.93418],[60.26193,50.93971],[60.2589,50.94362],[60.25748,50.94915],[60.25071,50.95089],[60.24929,50.96161],[60.24583,50.9625],[60.24668,50.96582],[60.25,50.96667],[60.25332,50.96752],[60.25502,50.97415],[60.26054,50.97557],[60.26446,50.9786],[60.26888,50.97973],[60.28691,50.99687],[60.2875,51.01667],[60.29388,51.01723],[60.29779,51.02027],[60.31471,51.0214],[60.31862,51.02443],[60.32304,51.02557],[60.33529,51.03693],[60.35221,51.03807],[60.35612,51.0411],[60.36993,51.04233],[60.3714,51.04804],[60.37443,51.05196],[60.375,51.05417],[60.38554,51.05473],[60.39092,51.0589],[60.39804,51.05777],[60.40342,51.0536],[60.42721,51.05473],[60.43112,51.05777],[60.44075,51.05904],[60.44527,51.06446],[60.44668,51.06998],[60.45221,51.0714],[60.45612,51.07443],[60.48333,51.075],[60.48418,51.07832],[60.4875,51.07917],[60.50659,51.07952],[60.51008,51.08298],[60.525,51.08333],[60.52597,51.0871],[60.53112,51.0911],[60.53679,51.09255],[60.53821,51.10328],[60.54167,51.10417],[60.54104,51.11576],[60.53529,51.11723],[60.53138,51.12027],[60.52696,51.1214],[60.52208,51.12518],[60.52027,51.12991],[60.52443,51.13529],[60.52557,51.13971],[60.5286,51.14362],[60.52973,51.15927],[60.52025,51.16991],[60.51667,51.17083],[60.51728,51.17299],[60.52022,51.17701],[60.52154,51.19503],[60.53133,51.19645],[60.53534,51.19938],[60.55633,51.20062],[60.56034,51.20355],[60.56466,51.20478],[60.56867,51.20772],[60.57299,51.20895],[60.5826,51.21747],[60.58333,51.225],[60.58369,51.22742],[60.58715,51.23091],[60.58785,51.23992],[60.59131,51.24341],[60.59167,51.24583],[60.59498,51.24498],[60.59583,51.24167],[60.61667,51.24167],[60.62326,51.24202],[60.63091,51.24965],[60.66492,51.25035],[60.66841,51.25381],[60.67326,51.25452],[60.67674,51.25798],[60.68159,51.25869],[60.68542,51.26249],[60.68995,51.25798],[60.70242,51.25869],[60.70591,51.26215],[60.725,51.2625],[60.72597,51.25873],[60.73112,51.25473],[60.73665,51.25332],[60.7384,51.24649],[60.75221,51.24527],[60.75759,51.2411],[60.78138,51.24223],[60.78529,51.24527],[60.79388,51.2464],[60.79779,51.24943],[60.82721,51.25057],[60.83112,51.2536],[60.83554,51.25473],[60.83946,51.25777],[60.85,51.25833],[60.85242,51.25798],[60.85591,51.25452],[60.86492,51.25381],[60.86841,51.25035],[60.88333,51.25],[60.8875,51.25],[60.89409,51.24965],[60.89758,51.24619],[60.91492,51.24548],[60.91841,51.24202],[60.96421,51.24131],[60.96841,51.24548],[60.97671,51.24619],[60.98091,51.24202],[60.98576,51.24131],[60.99341,51.23369],[61.00171,51.23298],[61.00591,51.23715],[61.01492,51.23785],[61.01841,51.24131],[61.02326,51.24202],[61.02674,51.24548],[61.04409,51.24619],[61.05381,51.25588],[61.05417,51.25833],[61.0616,51.25767],[61.0625,51.25417],[61.06582,51.25332],[61.06667,51.25],[61.06667,51.24167],[61.07917,51.24167],[61.07973,51.22696],[61.08277,51.22304],[61.08418,51.21752],[61.08971,51.2161],[61.09375,51.21297],[61.09925,51.21723],[61.10357,51.21558],[61.10417,51.19583],[61.10748,51.19498],[61.10833,51.19167],[61.1097,51.18688],[61.12299,51.18812],[61.1287,51.19228],[61.15633,51.19105],[61.16034,51.18812],[61.16655,51.18634],[61.17022,51.18133],[61.17183,51.17022],[61.19799,51.17145],[61.20617,51.17855],[61.20833,51.17917],[61.21076,51.17881],[61.21424,51.17535],[61.21909,51.17465],[61.22258,51.17119],[61.225,51.17083],[61.23576,51.17048],[61.23958,51.16668],[61.24341,51.17048],[61.24826,51.17119],[61.26008,51.18298],[61.26492,51.18369],[61.26841,51.18715],[61.27083,51.1875],[61.27083,51.19167],[61.29409,51.19131],[61.29758,51.18785],[61.3,51.1875],[61.30417,51.1875],[61.30452,51.19412],[61.31424,51.20381],[61.32326,51.20452],[61.32674,51.20798],[61.33159,51.20869],[61.33508,51.21215],[61.36076,51.21285],[61.36424,51.21631],[61.36912,51.21702],[61.37881,51.22674],[61.37952,51.23576],[61.38298,51.23924],[61.38369,51.24412],[61.38924,51.24965],[61.39409,51.25035],[61.39758,51.25381],[61.40242,51.25452],[61.40591,51.25798],[61.41076,51.25869],[61.42258,51.27048],[61.42917,51.27083],[61.43002,51.27415],[61.43333,51.275],[61.43333,51.27917],[61.43369,51.29409],[61.43715,51.29758],[61.4375,51.30833],[61.43841,51.31186],[61.45638,51.31307],[61.46029,51.3161],[61.46888,51.31723],[61.47279,51.32027],[61.52575,51.3214],[61.53112,51.31723],[61.53408,51.3161],[61.5407,51.32123],[61.54167,51.325],[61.54826,51.32535],[61.55174,51.32881],[61.55659,51.32952],[61.56008,51.33298],[61.57326,51.33369],[61.57674,51.33715],[61.5875,51.3375],[61.58807,51.33971],[61.5911,51.34362],[61.59223,51.34804],[61.60097,51.35768],[61.61471,51.3589],[61.63244,51.37568],[61.6339,51.38138],[61.63693,51.38529],[61.63835,51.39082],[61.64512,51.39255],[61.6464,51.40221],[61.65475,51.41158],[61.66054,51.41307],[61.66446,51.4161],[61.67016,51.41756],[61.6714,51.42991],[61.66723,51.43529],[61.6661,51.4426],[61.67443,51.45196],[61.67557,51.45638],[61.6786,51.46029],[61.67917,51.47917],[61.69388,51.47973],[61.69779,51.48277],[61.70741,51.48404],[61.71193,51.48946],[61.71367,51.49623],[61.728,51.48294],[61.73005,51.49096],[61.73971,51.49223],[61.74779,51.49943],[61.75221,51.50057],[61.75612,51.5036],[61.76054,51.50473],[61.76446,51.50777],[61.79388,51.5089],[61.81149,51.52557],[61.8241,51.52433],[61.825,51.52083],[61.82742,51.52119],[61.83091,51.52465],[61.85417,51.525],[61.85417,51.52917]]]]}}]}