basin_id,month,variable,mean,sd,years,baseline_start,baseline_end
2070085880,7,potential_evaporation,54265224.54341,3158351.85553,14,2011,2024
2070085880,7,precipitation,0.09025,0.10899,14,2011,2024
2070085880,7,shortwave_down,323.50046,11.1271,14,2011,2024
2070085880,7,soil_moisture_150cm,0.21417,0.03557,14,2011,2024
2070085880,7,soil_moisture_25cm,0.27311,0.01217,14,2011,2024
2070085880,7,soil_moisture_5cm,0.15699,0.0051,14,2011,2024
2070085880,7,soil_moisture_70cm,0.26136,0.01631,14,2011,2024
2070085880,7,specific_humidity,0.00619,0.0006,14,2011,2024
2070085880,7,temperature_max,34.15925,1.36101,14,2011,2024
2070085880,7,temperature_mean,31.00842,1.30547,14,2011,2024
2070085880,7,temperature_min,27.60098,1.30339,14,2011,2024
2070086030,7,potential_evaporation,48330293.81425,2471934.12927,14,2011,2024
2070086030,7,precipitation,0.08934,0.11572,14,2011,2024
2070086030,7,shortwave_down,322.35165,11.70433,14,2011,2024
2070086030,7,soil_moisture_150cm,0.20653,0.04932,14,2011,2024
2070086030,7,soil_moisture_25cm,0.27045,0.01289,14,2011,2024
2070086030,7,soil_moisture_5cm,0.15729,0.00536,14,2011,2024
2070086030,7,soil_moisture_70cm,0.25975,0.01721,14,2011,2024
2070086030,7,specific_humidity,0.0059,0.00061,14,2011,2024
2070086030,7,temperature_max,35.2849,1.39322,14,2011,2024
2070086030,7,temperature_mean,32.36812,1.30817,14,2011,2024
2070086030,7,temperature_min,29.07004,1.25378,14,2011,2024
2070086160,7,potential_evaporation,46098579.13548,2586691.81454,14,2011,2024
2070086160,7,precipitation,0.29484,0.17106,14,2011,2024
2070086160,7,shortwave_down,307.35303,11.54505,14,2011,2024
2070086160,7,soil_moisture_150cm,0.35624,0.0079,14,2011,2024
2070086160,7,soil_moisture_25cm,0.35308,0.00747,14,2011,2024
2070086160,7,soil_moisture_5cm,0.17386,0.01296,14,2011,2024
2070086160,7,soil_moisture_70cm,0.35435,0.00771,14,2011,2024
2070086160,7,specific_humidity,0.00677,0.00081,14,2011,2024
2070086160,7,temperature_max,32.85736,1.3579,14,2011,2024
2070086160,7,temperature_mean,30.05645,1.29295,14,2011,2024
2070086160,7,temperature_min,27.01475,1.24368,14,2011,2024
2070086180,7,potential_evaporation,44502352.48978,2685272.3603,14,2011,2024
2070086180,7,precipitation,0.20773,0.21399,14,2011,2024
2070086180,7,shortwave_down,307.25924,12.53128,14,2011,2024
2070086180,7,soil_moisture_150cm,0.35923,0.00679,14,2011,2024
2070086180,7,soil_moisture_25cm,0.35575,0.00647,14,2011,2024
2070086180,7,soil_moisture_5cm,0.17037,0.01252,14,2011,2024
2070086180,7,soil_moisture_70cm,0.35713,0.00669,14,2011,2024
2070086180,7,specific_humidity,0.00729,0.00085,14,2011,2024
2070086180,7,temperature_max,31.03377,1.14321,14,2011,2024
2070086180,7,temperature_mean,28.5331,1.11226,14,2011,2024
2070086180,7,temperature_min,25.90758,1.1431,14,2011,2024
2070086440,7,potential_evaporation,48570345.07495,2456074.18304,14,2011,2024
2070086440,7,precipitation,0.07845,0.08618,14,2011,2024
2070086440,7,shortwave_down,323.40215,11.03217,14,2011,2024
2070086440,7,soil_moisture_150cm,0.21046,0.04544,14,2011,2024
2070086440,7,soil_moisture_25cm,0.27258,0.0119,14,2011,2024
2070086440,7,soil_moisture_5cm,0.15708,0.00412,14,2011,2024
2070086440,7,soil_moisture_70cm,0.2614,0.01712,14,2011,2024
2070086440,7,specific_humidity,0.00593,0.00061,14,2011,2024
2070086440,7,temperature_max,35.01167,1.38749,14,2011,2024
2070086440,7,temperature_mean,32.0903,1.30884,14,2011,2024
2070086440,7,temperature_min,28.80651,1.26833,14,2011,2024
2070086580,7,potential_evaporation,45915681.49933,2832146.27396,14,2011,2024
2070086580,7,precipitation,0.17591,0.12407,14,2011,2024
2070086580,7,shortwave_down,308.91683,11.04707,14,2011,2024
2070086580,7,soil_moisture_150cm,0.35445,0.00956,14,2011,2024
2070086580,7,soil_moisture_25cm,0.35145,0.00916,14,2011,2024
2070086580,7,soil_moisture_5cm,0.16612,0.0085,14,2011,2024
2070086580,7,soil_moisture_70cm,0.35261,0.0094,14,2011,2024
2070086580,7,specific_humidity,0.00687,0.00074,14,2011,2024
2070086580,7,temperature_max,31.74652,1.2138,14,2011,2024
2070086580,7,temperature_mean,29.00095,1.16327,14,2011,2024
2070086580,7,temperature_min,26.13113,1.17187,14,2011,2024
2070086960,7,potential_evaporation,45668107.32118,1963969.41367,14,2011,2024
2070086960,7,precipitation,0.10431,0.10571,14,2011,2024
2070086960,7,shortwave_down,327.6996,7.44512,14,2011,2024
2070086960,7,soil_moisture_150cm,0.18724,0.03739,14,2011,2024
2070086960,7,soil_moisture_25cm,0.25426,0.00921,14,2011,2024
2070086960,7,soil_moisture_5cm,0.14427,0.00579,14,2011,2024
2070086960,7,soil_moisture_70cm,0.24294,0.01472,14,2011,2024
2070086960,7,specific_humidity,0.00577,0.00066,14,2011,2024
2070086960,7,temperature_max,35.20241,1.21322,14,2011,2024
2070086960,7,temperature_mean,32.20775,1.14827,14,2011,2024
2070086960,7,temperature_min,28.77939,1.09822,14,2011,2024
2070087730,7,potential_evaporation,46821099.54805,2305266.97053,14,2011,2024
2070087730,7,precipitation,0.0889,0.14071,14,2011,2024
2070087730,7,shortwave_down,329.73231,8.02982,14,2011,2024
2070087730,7,soil_moisture_150cm,0.2296,0.05149,14,2011,2024
2070087730,7,soil_moisture_25cm,0.28061,0.01265,14,2011,2024
2070087730,7,soil_moisture_5cm,0.15451,0.00726,14,2011,2024
2070087730,7,soil_moisture_70cm,0.27221,0.01907,14,2011,2024
2070087730,7,specific_humidity,0.00553,0.00066,14,2011,2024
2070087730,7,temperature_max,35.90547,1.22802,14,2011,2024
2070087730,7,temperature_mean,32.93686,1.15793,14,2011,2024
2070087730,7,temperature_min,29.50097,1.09869,14,2011,2024
2070087930,7,potential_evaporation,46821239.67562,2510167.43864,14,2011,2024
2070087930,7,precipitation,0.13431,0.09401,14,2011,2024
2070087930,7,shortwave_down,315.71573,9.64085,14,2011,2024
2070087930,7,soil_moisture_150cm,0.33112,0.02302,14,2011,2024
2070087930,7,soil_moisture_25cm,0.33285,0.01666,14,2011,2024
2070087930,7,soil_moisture_5cm,0.16439,0.00779,14,2011,2024
2070087930,7,soil_moisture_70cm,0.33303,0.01778,14,2011,2024
2070087930,7,specific_humidity,0.00638,0.00066,14,2011,2024
2070087930,7,temperature_max,33.32373,1.29684,14,2011,2024
2070087930,7,temperature_mean,30.41341,1.2169,14,2011,2024
2070087930,7,temperature_min,27.24733,1.19081,14,2011,2024
2070088220,7,potential_evaporation,46908503.11068,2629143.13622,14,2011,2024
2070088220,7,precipitation,0.17424,0.12882,14,2011,2024
2070088220,7,shortwave_down,313.84195,9.62827,14,2011,2024
2070088220,7,soil_moisture_150cm,0.34064,0.01776,14,2011,2024
2070088220,7,soil_moisture_25cm,0.34004,0.01442,14,2011,2024
2070088220,7,soil_moisture_5cm,0.16657,0.00984,14,2011,2024
2070088220,7,soil_moisture_70cm,0.34064,0.01509,14,2011,2024
2070088220,7,specific_humidity,0.00644,0.00068,14,2011,2024
2070088220,7,temperature_max,33.13758,1.3308,14,2011,2024
2070088220,7,temperature_mean,30.26998,1.2483,14,2011,2024
2070088220,7,temperature_min,27.14142,1.20962,14,2011,2024
2070088230,7,potential_evaporation,46381467.2109,2253402.34959,14,2011,2024
2070088230,7,precipitation,0.11459,0.11489,14,2011,2024
2070088230,7,shortwave_down,325.01274,9.1219,14,2011,2024
2070088230,7,soil_moisture_150cm,0.20623,0.04886,14,2011,2024
2070088230,7,soil_moisture_25cm,0.27199,0.01117,14,2011,2024
2070088230,7,soil_moisture_5cm,0.15884,0.00572,14,2011,2024
2070088230,7,soil_moisture_70cm,0.26051,0.01725,14,2011,2024
2070088230,7,specific_humidity,0.00568,0.00061,14,2011,2024
2070088230,7,temperature_max,34.96794,1.27228,14,2011,2024
2070088230,7,temperature_mean,32.06781,1.19877,14,2011,2024
2070088230,7,temperature_min,28.74533,1.1524,14,2011,2024
2070088250,7,potential_evaporation,45908198.37855,2588019.91617,14,2011,2024
2070088250,7,precipitation,0.24886,0.19447,14,2011,2024
2070088250,7,shortwave_down,305.4144,12.62912,14,2011,2024
2070088250,7,soil_moisture_150cm,0.35828,0.00779,14,2011,2024
2070088250,7,soil_moisture_25cm,0.35478,0.0075,14,2011,2024
2070088250,7,soil_moisture_5cm,0.17302,0.01381,14,2011,2024
2070088250,7,soil_moisture_70cm,0.35613,0.00771,14,2011,2024
2070088250,7,specific_humidity,0.00676,0.00081,14,2011,2024
2070088250,7,temperature_max,32.72646,1.38953,14,2011,2024
2070088250,7,temperature_mean,29.91825,1.32567,14,2011,2024
2070088250,7,temperature_min,26.90172,1.29099,14,2011,2024
2070088460,7,potential_evaporation,49328741.60841,2854834.18558,14,2011,2024
2070088460,7,precipitation,0.08188,0.12425,14,2011,2024
2070088460,7,shortwave_down,322.99785,11.43134,14,2011,2024
2070088460,7,soil_moisture_150cm,0.18288,0.03516,14,2011,2024
2070088460,7,soil_moisture_25cm,0.26386,0.01263,14,2011,2024
2070088460,7,soil_moisture_5cm,0.15647,0.00571,14,2011,2024
2070088460,7,soil_moisture_70cm,0.2467,0.01912,14,2011,2024
2070088460,7,specific_humidity,0.00593,0.0006,14,2011,2024
2070088460,7,temperature_max,35.23026,1.43754,14,2011,2024
2070088460,7,temperature_mean,32.26783,1.3739,14,2011,2024
2070088460,7,temperature_min,28.95079,1.35579,14,2011,2024
2070088620,7,potential_evaporation,48235527.57652,2578130.50406,14,2011,2024
2070088620,7,precipitation,0.07881,0.05954,14,2011,2024
2070088620,7,shortwave_down,320.27657,10.46177,14,2011,2024
2070088620,7,soil_moisture_150cm,0.28468,0.04142,14,2011,2024
2070088620,7,soil_moisture_25cm,0.3057,0.0176,14,2011,2024
2070088620,7,soil_moisture_5cm,0.15983,0.00633,14,2011,2024
2070088620,7,soil_moisture_70cm,0.3028,0.02114,14,2011,2024
2070088620,7,specific_humidity,0.00616,0.00066,14,2011,2024
2070088620,7,temperature_max,33.63793,1.31123,14,2011,2024
2070088620,7,temperature_mean,30.7885,1.23298,14,2011,2024
2070088620,7,temperature_min,27.63024,1.19755,14,2011,2024
2070089170,7,potential_evaporation,46774476.442,2430193.04045,14,2011,2024
2070089170,7,precipitation,0.07523,0.09614,14,2011,2024
2070089170,7,shortwave_down,328.7836,8.2527,14,2011,2024
2070089170,7,soil_moisture_150cm,0.21027,0.04907,14,2011,2024
2070089170,7,soil_moisture_25cm,0.27308,0.01102,14,2011,2024
2070089170,7,soil_moisture_5cm,0.15452,0.00557,14,2011,2024
2070089170,7,soil_moisture_70cm,0.26261,0.01718,14,2011,2024
2070089170,7,specific_humidity,0.00551,0.00062,14,2011,2024
2070089170,7,temperature_max,35.80305,1.29884,14,2011,2024
2070089170,7,temperature_mean,32.82352,1.23441,14,2011,2024
2070089170,7,temperature_min,29.37749,1.19132,14,2011,2024
2070089220,7,potential_evaporation,47705462.05032,2569003.1962,14,2011,2024
2070089220,7,precipitation,0.08127,0.07312,14,2011,2024
2070089220,7,shortwave_down,319.33644,10.08469,14,2011,2024
2070089220,7,soil_moisture_150cm,0.29894,0.04003,14,2011,2024
2070089220,7,soil_moisture_25cm,0.31349,0.01995,14,2011,2024
2070089220,7,soil_moisture_5cm,0.16002,0.00698,14,2011,2024
2070089220,7,soil_moisture_70cm,0.31149,0.02314,14,2011,2024
2070089220,7,specific_humidity,0.00622,0.00065,14,2011,2024
2070089220,7,temperature_max,33.41844,1.30433,14,2011,2024
2070089220,7,temperature_mean,30.53938,1.22735,14,2011,2024
2070089220,7,temperature_min,27.37476,1.2065,14,2011,2024
2070089400,7,potential_evaporation,47735079.91468,2484424.57621,14,2011,2024
2070089400,7,precipitation,0.07258,0.07686,14,2011,2024
2070089400,7,shortwave_down,319.98258,10.15533,14,2011,2024
2070089400,7,soil_moisture_150cm,0.28856,0.04049,14,2011,2024
2070089400,7,soil_moisture_25cm,0.30724,0.0181,14,2011,2024
2070089400,7,soil_moisture_5cm,0.15927,0.00685,14,2011,2024
2070089400,7,soil_moisture_70cm,0.30451,0.02169,14,2011,2024
2070089400,7,specific_humidity,0.00618,0.00063,14,2011,2024
2070089400,7,temperature_max,33.56479,1.30112,14,2011,2024
2070089400,7,temperature_mean,30.66263,1.22275,14,2011,2024
2070089400,7,temperature_min,27.47074,1.20574,14,2011,2024
2070089770,7,potential_evaporation,47005472.18849,2593011.247,14,2011,2024
2070089770,7,precipitation,0.13675,0.09729,14,2011,2024
2070089770,7,shortwave_down,316.34487,9.73584,14,2011,2024
2070089770,7,soil_moisture_150cm,0.32887,0.02534,14,2011,2024
2070089770,7,soil_moisture_25cm,0.33138,0.01807,14,2011,2024
2070089770,7,soil_moisture_5cm,0.1645,0.00854,14,2011,2024
2070089770,7,soil_moisture_70cm,0.33139,0.01934,14,2011,2024
2070089770,7,specific_humidity,0.00637,0.00066,14,2011,2024
2070089770,7,temperature_max,33.26514,1.30261,14,2011,2024
2070089770,7,temperature_mean,30.38039,1.21972,14,2011,2024
2070089770,7,temperature_min,27.2258,1.19129,14,2011,2024
2070090240,7,potential_evaporation,49492936.1804,3022813.61906,14,2011,2024
2070090240,7,precipitation,0.09315,0.13194,14,2011,2024
2070090240,7,shortwave_down,323.90542,11.65803,14,2011,2024
2070090240,7,soil_moisture_150cm,0.19787,0.04164,14,2011,2024
2070090240,7,soil_moisture_25cm,0.27002,0.01245,14,2011,2024
2070090240,7,soil_moisture_5cm,0.15814,0.00558,14,2011,2024
2070090240,7,soil_moisture_70cm,0.25637,0.01726,14,2011,2024
2070090240,7,specific_humidity,0.006,0.00059,14,2011,2024
2070090240,7,temperature_max,34.52738,1.43981,14,2011,2024
2070090240,7,temperature_mean,31.54292,1.38258,14,2011,2024
2070090240,7,temperature_min,28.23043,1.37771,14,2011,2024
2070090810,7,potential_evaporation,46998703.46745,2162671.51962,14,2011,2024
2070090810,7,precipitation,0.10949,0.13456,14,2011,2024
2070090810,7,shortwave_down,323.53549,9.14963,14,2011,2024
2070090810,7,soil_moisture_150cm,0.21125,0.05445,14,2011,2024
2070090810,7,soil_moisture_25cm,0.27313,0.01331,14,2011,2024
2070090810,7,soil_moisture_5cm,0.15813,0.00594,14,2011,2024
2070090810,7,soil_moisture_70cm,0.26232,0.02009,14,2011,2024
2070090810,7,specific_humidity,0.00579,0.00063,14,2011,2024
2070090810,7,temperature_max,35.09115,1.28907,14,2011,2024
2070090810,7,temperature_mean,32.20601,1.20619,14,2011,2024
2070090810,7,temperature_min,28.90838,1.14122,14,2011,2024
2070090950,7,potential_evaporation,47796836.69895,2485316.06268,14,2011,2024
2070090950,7,precipitation,0.06975,0.07438,14,2011,2024
2070090950,7,shortwave_down,320.02818,10.56007,14,2011,2024
2070090950,7,soil_moisture_150cm,0.27853,0.04074,14,2011,2024
2070090950,7,soil_moisture_25cm,0.30186,0.01601,14,2011,2024
2070090950,7,soil_moisture_5cm,0.15922,0.0063,14,2011,2024
2070090950,7,soil_moisture_70cm,0.29834,0.01995,14,2011,2024
2070090950,7,specific_humidity,0.00617,0.00061,14,2011,2024
2070090950,7,temperature_max,33.68604,1.30447,14,2011,2024
2070090950,7,temperature_mean,30.75381,1.22393,14,2011,2024
2070090950,7,temperature_min,27.53021,1.21191,14,2011,2024
2070091930,7,potential_evaporation,48240261.60017,2562730.04147,14,2011,2024
2070091930,7,precipitation,0.05603,0.04831,14,2011,2024
2070091930,7,shortwave_down,320.79144,10.32837,14,2011,2024
2070091930,7,soil_moisture_150cm,0.26879,0.04053,14,2011,2024
2070091930,7,soil_moisture_25cm,0.29608,0.01239,14,2011,2024
2070091930,7,soil_moisture_5cm,0.15834,0.00619,14,2011,2024
2070091930,7,soil_moisture_70cm,0.29214,0.01642,14,2011,2024
2070091930,7,specific_humidity,0.00613,0.00064,14,2011,2024
2070091930,7,temperature_max,33.70043,1.31226,14,2011,2024
2070091930,7,temperature_mean,30.8276,1.23468,14,2011,2024
2070091930,7,temperature_min,27.65454,1.2071,14,2011,2024
2070092180,7,potential_evaporation,47553887.65257,2283196.04072,14,2011,2024
2070092180,7,precipitation,0.09606,0.11623,14,2011,2024
2070092180,7,shortwave_down,323.23113,10.0375,14,2011,2024
2070092180,7,soil_moisture_150cm,0.20619,0.05084,14,2011,2024
2070092180,7,soil_moisture_25cm,0.27073,0.01307,14,2011,2024
2070092180,7,soil_moisture_5cm,0.15709,0.00604,14,2011,2024
2070092180,7,soil_moisture_70cm,0.25789,0.02231,14,2011,2024
2070092180,7,specific_humidity,0.00576,0.00061,14,2011,2024
2070092180,7,temperature_max,35.32308,1.32679,14,2011,2024
2070092180,7,temperature_mean,32.39071,1.24971,14,2011,2024
2070092180,7,temperature_min,29.04379,1.20284,14,2011,2024
2070093260,7,potential_evaporation,52140253.7743,3715495.52081,14,2011,2024
2070093260,7,precipitation,0.09531,0.1335,14,2011,2024
2070093260,7,shortwave_down,323.44143,12.59433,14,2011,2024
2070093260,7,soil_moisture_150cm,0.18233,0.03217,14,2011,2024
2070093260,7,soil_moisture_25cm,0.26143,0.01443,14,2011,2024
2070093260,7,soil_moisture_5cm,0.15719,0.0066,14,2011,2024
2070093260,7,soil_moisture_70cm,0.2407,0.02161,14,2011,2024
2070093260,7,specific_humidity,0.00608,0.00059,14,2011,2024
2070093260,7,temperature_max,34.32737,1.45489,14,2011,2024
2070093260,7,temperature_mean,31.14239,1.40056,14,2011,2024
2070093260,7,temperature_min,27.65847,1.38962,14,2011,2024
2070097270,7,potential_evaporation,48644518.45623,2563382.2631,14,2011,2024
2070097270,7,precipitation,0.08227,0.11222,14,2011,2024
2070097270,7,shortwave_down,322.63038,12.06248,14,2011,2024
2070097270,7,soil_moisture_150cm,0.20362,0.04615,14,2011,2024
2070097270,7,soil_moisture_25cm,0.26928,0.01294,14,2011,2024
2070097270,7,soil_moisture_5cm,0.15719,0.00536,14,2011,2024
2070097270,7,soil_moisture_70cm,0.25877,0.0156,14,2011,2024
2070097270,7,specific_humidity,0.00594,0.00061,14,2011,2024
2070097270,7,temperature_max,35.2521,1.43129,14,2011,2024
2070097270,7,temperature_mean,32.33259,1.34689,14,2011,2024
2070097270,7,temperature_min,29.04468,1.29665,14,2011,2024
2070570990,7,potential_evaporation,47743824.87893,2842730.635,14,2011,2024
2070570990,7,precipitation,0.12177,0.10312,14,2011,2024
2070570990,7,shortwave_down,312.4633,12.30771,14,2011,2024
2070570990,7,soil_moisture_150cm,0.34429,0.01266,14,2011,2024
2070570990,7,soil_moisture_25cm,0.34233,0.01127,14,2011,2024
2070570990,7,soil_moisture_5cm,0.16159,0.00683,14,2011,2024
2070570990,7,soil_moisture_70cm,0.34317,0.01166,14,2011,2024
2070570990,7,specific_humidity,0.00658,0.00067,14,2011,2024
2070570990,7,temperature_max,32.72401,1.26774,14,2011,2024
2070570990,7,temperature_mean,29.73949,1.20281,14,2011,2024
2070570990,7,temperature_min,26.62561,1.20612,14,2011,2024
2070571030,7,potential_evaporation,46509875.29328,2595991.15453,14,2011,2024
2070571030,7,precipitation,0.14691,0.09533,14,2011,2024
2070571030,7,shortwave_down,313.2001,10.11391,14,2011,2024
2070571030,7,soil_moisture_150cm,0.34118,0.01688,14,2011,2024
2070571030,7,soil_moisture_25cm,0.33996,0.01406,14,2011,2024
2070571030,7,soil_moisture_5cm,0.16457,0.00698,14,2011,2024
2070571030,7,soil_moisture_70cm,0.3407,0.01466,14,2011,2024
2070571030,7,specific_humidity,0.00645,0.00066,14,2011,2024
2070571030,7,temperature_max,33.18553,1.28896,14,2011,2024
2070571030,7,temperature_mean,30.2324,1.22117,14,2011,2024
2070571030,7,temperature_min,27.06753,1.20328,14,2011,2024
2070578800,7,potential_evaporation,48681865.74257,2500411.68464,14,2011,2024
2070578800,7,precipitation,0.07746,0.10831,14,2011,2024
2070578800,7,shortwave_down,318.05325,10.34354,14,2011,2024
2070578800,7,soil_moisture_150cm,0.31327,0.02679,14,2011,2024
2070578800,7,soil_moisture_25cm,0.32006,0.017,14,2011,2024
2070578800,7,soil_moisture_5cm,0.15852,0.00629,14,2011,2024
2070578800,7,soil_moisture_70cm,0.31921,0.01875,14,2011,2024
2070578800,7,specific_humidity,0.0064,0.00064,14,2011,2024
2070578800,7,temperature_max,33.78147,1.2736,14,2011,2024
2070578800,7,temperature_mean,30.6876,1.20547,14,2011,2024
2070578800,7,temperature_min,27.38373,1.21048,14,2011,2024
2070578850,7,potential_evaporation,47293615.49201,2448804.84227,14,2011,2024
2070578850,7,precipitation,0.08728,0.09183,14,2011,2024
2070578850,7,shortwave_down,318.00043,10.03005,14,2011,2024
2070578850,7,soil_moisture_150cm,0.30932,0.03102,14,2011,2024
2070578850,7,soil_moisture_25cm,0.31806,0.01811,14,2011,2024
2070578850,7,soil_moisture_5cm,0.16039,0.00595,14,2011,2024
2070578850,7,soil_moisture_70cm,0.31689,0.02035,14,2011,2024
2070578850,7,specific_humidity,0.00631,0.00063,14,2011,2024
2070578850,7,temperature_max,33.72798,1.28105,14,2011,2024
2070578850,7,temperature_mean,30.72465,1.20746,14,2011,2024
2070578850,7,temperature_min,27.4663,1.20022,14,2011,2024
2070581590,7,potential_evaporation,48824247.49623,2448685.87812,14,2011,2024
2070581590,7,precipitation,0.06047,0.06658,14,2011,2024
2070581590,7,shortwave_down,320.47061,10.01809,14,2011,2024
2070581590,7,soil_moisture_150cm,0.27765,0.03455,14,2011,2024
2070581590,7,soil_moisture_25cm,0.29904,0.01425,14,2011,2024
2070581590,7,soil_moisture_5cm,0.15744,0.00454,14,2011,2024
2070581590,7,soil_moisture_70cm,0.29557,0.01763,14,2011,2024
2070581590,7,specific_humidity,0.00624,0.00061,14,2011,2024
2070581590,7,temperature_max,33.99421,1.30082,14,2011,2024
2070581590,7,temperature_mean,30.94508,1.22966,14,2011,2024
2070581590,7,temperature_min,27.62872,1.23798,14,2011,2024
2070581600,7,potential_evaporation,56833300.04029,3116618.94183,14,2011,2024
2070581600,7,precipitation,0.10942,0.11495,14,2011,2024
2070581600,7,shortwave_down,316.45156,11.95105,14,2011,2024
2070581600,7,soil_moisture_150cm,0.31833,0.0143,14,2011,2024
2070581600,7,soil_moisture_25cm,0.32294,0.01112,14,2011,2024
2070581600,7,soil_moisture_5cm,0.1587,0.00634,14,2011,2024
2070581600,7,soil_moisture_70cm,0.32223,0.0119,14,2011,2024
2070581600,7,specific_humidity,0.0067,0.00065,14,2011,2024
2070581600,7,temperature_max,32.80296,1.26086,14,2011,2024
2070581600,7,temperature_mean,29.74154,1.19426,14,2011,2024
2070581600,7,temperature_min,26.60263,1.19408,14,2011,2024
2070582590,7,potential_evaporation,52541004.82701,2940503.87206,14,2011,2024
2070582590,7,precipitation,0.06689,0.07376,14,2011,2024
2070582590,7,shortwave_down,323.4942,10.32259,14,2011,2024
2070582590,7,soil_moisture_150cm,0.22897,0.03546,14,2011,2024
2070582590,7,soil_moisture_25cm,0.27936,0.01044,14,2011,2024
2070582590,7,soil_moisture_5cm,0.15624,0.00453,14,2011,2024
2070582590,7,soil_moisture_70cm,0.27099,0.0128,14,2011,2024
2070582590,7,specific_humidity,0.00623,0.00059,14,2011,2024
2070582590,7,temperature_max,34.25893,1.31706,14,2011,2024
2070582590,7,temperature_mean,31.11813,1.26009,14,2011,2024
2070582590,7,temperature_min,27.71883,1.27074,14,2011,2024
2070582700,7,potential_evaporation,48775437.84028,2561255.09948,14,2011,2024
2070582700,7,precipitation,0.06873,0.06544,14,2011,2024
2070582700,7,shortwave_down,321.74038,10.63559,14,2011,2024
2070582700,7,soil_moisture_150cm,0.24275,0.03659,14,2011,2024
2070582700,7,soil_moisture_25cm,0.28487,0.01052,14,2011,2024
2070582700,7,soil_moisture_5cm,0.15803,0.00338,14,2011,2024
2070582700,7,soil_moisture_70cm,0.27789,0.01362,14,2011,2024
2070582700,7,specific_humidity,0.00614,0.0006,14,2011,2024
2070582700,7,temperature_max,34.07176,1.33204,14,2011,2024
2070582700,7,temperature_mean,31.06533,1.26355,14,2011,2024
2070582700,7,temperature_min,27.76588,1.26792,14,2011,2024
2070594830,7,potential_evaporation,48210298.73828,2511312.61029,14,2011,2024
2070594830,7,precipitation,0.07536,0.08063,14,2011,2024
2070594830,7,shortwave_down,322.22125,12.15431,14,2011,2024
2070594830,7,soil_moisture_150cm,0.22153,0.04743,14,2011,2024
2070594830,7,soil_moisture_25cm,0.27583,0.01191,14,2011,2024
2070594830,7,soil_moisture_5cm,0.15754,0.00526,14,2011,2024
2070594830,7,soil_moisture_70cm,0.26795,0.01459,14,2011,2024
2070594830,7,specific_humidity,0.00596,0.00063,14,2011,2024
2070594830,7,temperature_max,35.01837,1.38975,14,2011,2024
2070594830,7,temperature_mean,32.12327,1.30266,14,2011,2024
2070594830,7,temperature_min,28.85309,1.24518,14,2011,2024
2070595030,7,potential_evaporation,47285391.39265,2272031.29662,14,2011,2024
2070595030,7,precipitation,0.11387,0.14618,14,2011,2024
2070595030,7,shortwave_down,322.63367,10.1744,14,2011,2024
2070595030,7,soil_moisture_150cm,0.21274,0.05613,14,2011,2024
2070595030,7,soil_moisture_25cm,0.27332,0.01372,14,2011,2024
2070595030,7,soil_moisture_5cm,0.15791,0.00615,14,2011,2024
2070595030,7,soil_moisture_70cm,0.26256,0.02092,14,2011,2024
2070595030,7,specific_humidity,0.00584,0.00063,14,2011,2024
2070595030,7,temperature_max,35.23017,1.31309,14,2011,2024
2070595030,7,temperature_mean,32.33735,1.22522,14,2011,2024
2070595030,7,temperature_min,29.03588,1.16111,14,2011,2024
2070596290,7,potential_evaporation,48285362.26442,2561599.0792,14,2011,2024
2070596290,7,precipitation,0.0725,0.05978,14,2011,2024
2070596290,7,shortwave_down,321.89309,12.11862,14,2011,2024
2070596290,7,soil_moisture_150cm,0.25385,0.04672,14,2011,2024
2070596290,7,soil_moisture_25cm,0.29044,0.01324,14,2011,2024
2070596290,7,soil_moisture_5cm,0.15862,0.00537,14,2011,2024
2070596290,7,soil_moisture_70cm,0.2856,0.01715,14,2011,2024
2070596290,7,specific_humidity,0.00603,0.00064,14,2011,2024
2070596290,7,temperature_max,34.50294,1.36041,14,2011,2024
2070596290,7,temperature_mean,31.6373,1.27441,14,2011,2024
2070596290,7,temperature_min,28.41328,1.21669,14,2011,2024
2070596420,7,potential_evaporation,46655677.54124,2293671.94548,14,2011,2024
2070596420,7,precipitation,0.11664,0.12992,14,2011,2024
2070596420,7,shortwave_down,322.06691,10.81607,14,2011,2024
2070596420,7,soil_moisture_150cm,0.2286,0.05419,14,2011,2024
2070596420,7,soil_moisture_25cm,0.28123,0.01223,14,2011,2024
2070596420,7,soil_moisture_5cm,0.15916,0.0065,14,2011,2024
2070596420,7,soil_moisture_70cm,0.27366,0.01703,14,2011,2024
2070596420,7,specific_humidity,0.0059,0.00064,14,2011,2024
2070596420,7,temperature_max,34.86324,1.32227,14,2011,2024
2070596420,7,temperature_mean,31.99245,1.2327,14,2011,2024
2070596420,7,temperature_min,28.71659,1.1627,14,2011,2024
2070596930,7,potential_evaporation,47259904.26897,2301600.63507,14,2011,2024
2070596930,7,precipitation,0.11731,0.14778,14,2011,2024
2070596930,7,shortwave_down,322.46107,10.45428,14,2011,2024
2070596930,7,soil_moisture_150cm,0.21363,0.05636,14,2011,2024
2070596930,7,soil_moisture_25cm,0.27374,0.01365,14,2011,2024
2070596930,7,soil_moisture_5cm,0.15797,0.00622,14,2011,2024
2070596930,7,soil_moisture_70cm,0.26329,0.0206,14,2011,2024
2070596930,7,specific_humidity,0.00585,0.00064,14,2011,2024
2070596930,7,temperature_max,35.2553,1.31575,14,2011,2024
2070596930,7,temperature_mean,32.36333,1.2253,14,2011,2024
2070596930,7,temperature_min,29.06342,1.16292,14,2011,2024
2070597010,7,potential_evaporation,45684092.1168,1827421.01864,14,2011,2024
2070597010,7,precipitation,0.12954,0.12195,14,2011,2024
2070597010,7,shortwave_down,325.31867,8.31151,14,2011,2024
2070597010,7,soil_moisture_150cm,0.21041,0.04693,14,2011,2024
2070597010,7,soil_moisture_25cm,0.27536,0.01007,14,2011,2024
2070597010,7,soil_moisture_5cm,0.1601,0.00544,14,2011,2024
2070597010,7,soil_moisture_70cm,0.26529,0.01461,14,2011,2024
2070597010,7,specific_humidity,0.00582,0.00064,14,2011,2024
2070597010,7,temperature_max,34.77642,1.26877,14,2011,2024
2070597010,7,temperature_mean,31.91343,1.19264,14,2011,2024
2070597010,7,temperature_min,28.62634,1.12653,14,2011,2024
2070599530,7,potential_evaporation,65577852.47953,4337436.43577,14,2011,2024
2070599530,7,precipitation,0.03462,0.06375,14,2011,2024
2070599530,7,shortwave_down,325.45364,10.52129,14,2011,2024
2070599530,7,soil_moisture_150cm,0.11927,0.00428,14,2011,2024
2070599530,7,soil_moisture_25cm,0.12704,0.01374,14,2011,2024
2070599530,7,soil_moisture_5cm,0.08785,0.01471,14,2011,2024
2070599530,7,soil_moisture_70cm,0.10467,0.0092,14,2011,2024
2070599530,7,specific_humidity,0.0057,0.00054,14,2011,2024
2070599530,7,temperature_max,35.30476,1.43754,14,2011,2024
2070599530,7,temperature_mean,31.21721,1.37721,14,2011,2024
2070599530,7,temperature_min,26.99172,1.38833,14,2011,2024
2070599730,7,potential_evaporation,58821919.28465,3028393.40655,14,2011,2024
2070599730,7,precipitation,0.0259,0.04449,14,2011,2024
2070599730,7,shortwave_down,331.55597,8.11298,14,2011,2024
2070599730,7,soil_moisture_150cm,0.14335,0.00688,14,2011,2024
2070599730,7,soil_moisture_25cm,0.14807,0.01041,14,2011,2024
2070599730,7,soil_moisture_5cm,0.04803,0.00679,14,2011,2024
2070599730,7,soil_moisture_70cm,0.14475,0.01099,14,2011,2024
2070599730,7,specific_humidity,0.00526,0.00053,14,2011,2024
2070599730,7,temperature_max,35.87253,1.28445,14,2011,2024
2070599730,7,temperature_mean,31.66757,1.28299,14,2011,2024
2070599730,7,temperature_min,27.2801,1.33465,14,2011,2024
2070605150,7,potential_evaporation,49675096.04264,3004473.6102,14,2011,2024
2070605150,7,precipitation,0.06918,0.08339,14,2011,2024
2070605150,7,shortwave_down,323.05707,11.81542,14,2011,2024
2070605150,7,soil_moisture_150cm,0.20532,0.0426,14,2011,2024
2070605150,7,soil_moisture_25cm,0.26053,0.01234,14,2011,2024
2070605150,7,soil_moisture_5cm,0.14696,0.00702,14,2011,2024
2070605150,7,soil_moisture_70cm,0.24492,0.02631,14,2011,2024
2070605150,7,specific_humidity,0.00632,0.00077,14,2011,2024
2070605150,7,temperature_max,34.69972,1.27832,14,2011,2024
2070605150,7,temperature_mean,31.7511,1.20542,14,2011,2024
2070605150,7,temperature_min,28.45303,1.19498,14,2011,2024
2070605290,7,potential_evaporation,48417559.45453,2526849.34544,14,2011,2024
2070605290,7,precipitation,0.07117,0.07788,14,2011,2024
2070605290,7,shortwave_down,324.42324,9.89793,14,2011,2024
2070605290,7,soil_moisture_150cm,0.18571,0.03628,14,2011,2024
2070605290,7,soil_moisture_25cm,0.26352,0.01148,14,2011,2024
2070605290,7,soil_moisture_5cm,0.155,0.00473,14,2011,2024
2070605290,7,soil_moisture_70cm,0.24665,0.02116,14,2011,2024
2070605290,7,specific_humidity,0.00601,0.00068,14,2011,2024
2070605290,7,temperature_max,35.31188,1.28184,14,2011,2024
2070605290,7,temperature_mean,32.42038,1.2217,14,2011,2024
2070605290,7,temperature_min,29.12389,1.20778,14,2011,2024
2070617770,7,potential_evaporation,84018645.51913,4497549.36479,14,2011,2024
2070617770,7,precipitation,0.01673,0.02845,14,2011,2024
2070617770,7,shortwave_down,336.51709,6.81225,14,2011,2024
2070617770,7,soil_moisture_150cm,0.13774,0.00781,14,2011,2024
2070617770,7,soil_moisture_25cm,0.1476,0.01061,14,2011,2024
2070617770,7,soil_moisture_5cm,0.03904,0.0039,14,2011,2024
2070617770,7,soil_moisture_70cm,0.14538,0.01238,14,2011,2024
2070617770,7,specific_humidity,0.00496,0.0005,14,2011,2024
2070617770,7,temperature_max,35.91903,1.14629,14,2011,2024
2070617770,7,temperature_mean,31.57315,1.16407,14,2011,2024
2070617770,7,temperature_min,27.07548,1.20909,14,2011,2024
2070617890,7,potential_evaporation,73298800.4853,3593501.51667,14,2011,2024
2070617890,7,precipitation,0.01674,0.02823,14,2011,2024
2070617890,7,shortwave_down,335.9115,6.77376,14,2011,2024
2070617890,7,soil_moisture_150cm,0.14403,0.00827,14,2011,2024
2070617890,7,soil_moisture_25cm,0.15072,0.01131,14,2011,2024
2070617890,7,soil_moisture_5cm,0.04047,0.00448,14,2011,2024
2070617890,7,soil_moisture_70cm,0.14979,0.01299,14,2011,2024
2070617890,7,specific_humidity,0.005,0.0005,14,2011,2024
2070617890,7,temperature_max,36.03188,1.17475,14,2011,2024
2070617890,7,temperature_mean,31.7332,1.19056,14,2011,2024
2070617890,7,temperature_min,27.27655,1.23526,14,2011,2024
2071208570,7,potential_evaporation,50138028.84228,2984207.83371,14,2011,2024
2071208570,7,precipitation,0.06199,0.08331,14,2011,2024
2071208570,7,shortwave_down,322.68482,12.60207,14,2011,2024
2071208570,7,soil_moisture_150cm,0.24442,0.06341,14,2011,2024
2071208570,7,soil_moisture_25cm,0.27411,0.01952,14,2011,2024
2071208570,7,soil_moisture_5cm,0.14991,0.00576,14,2011,2024
2071208570,7,soil_moisture_70cm,0.264,0.03475,14,2011,2024
2071208570,7,specific_humidity,0.00582,0.00058,14,2011,2024
2071208570,7,temperature_max,35.45747,1.43969,14,2011,2024
2071208570,7,temperature_mean,32.23687,1.36359,14,2011,2024
2071208570,7,temperature_min,28.65769,1.33751,14,2011,2024
4070050360,7,potential_evaporation,51526076.91394,2747199.69247,14,2011,2024
4070050360,7,precipitation,0.03783,0.04906,14,2011,2024
4070050360,7,shortwave_down,331.96713,10.26127,14,2011,2024
4070050360,7,soil_moisture_150cm,0.17695,0.01404,14,2011,2024
4070050360,7,soil_moisture_25cm,0.18092,0.01037,14,2011,2024
4070050360,7,soil_moisture_5cm,0.05679,0.01599,14,2011,2024
4070050360,7,soil_moisture_70cm,0.18479,0.00816,14,2011,2024
4070050360,7,specific_humidity,0.00579,0.00059,14,2011,2024
4070050360,7,temperature_max,34.18088,1.37236,14,2011,2024
4070050360,7,temperature_mean,30.35059,1.3743,14,2011,2024
4070050360,7,temperature_min,26.42415,1.36864,14,2011,2024
4070050960,7,potential_evaporation,55758934.86258,4600855.02269,14,2011,2024
4070050960,7,precipitation,0.02353,0.03615,14,2011,2024
4070050960,7,shortwave_down,342.66769,6.14523,14,2011,2024
4070050960,7,soil_moisture_150cm,0.27675,0.01082,14,2011,2024
4070050960,7,soil_moisture_25cm,0.25343,0.01423,14,2011,2024
4070050960,7,soil_moisture_5cm,0.13253,0.00429,14,2011,2024
4070050960,7,soil_moisture_70cm,0.25611,0.01422,14,2011,2024
4070050960,7,specific_humidity,0.00484,0.00052,14,2011,2024
4070050960,7,temperature_max,33.94288,1.10232,14,2011,2024
4070050960,7,temperature_mean,30.43315,1.09479,14,2011,2024
4070050960,7,temperature_min,26.78832,1.15387,14,2011,2024
4070051400,7,potential_evaporation,51411123.43761,3419112.44411,14,2011,2024
4070051400,7,precipitation,0.02255,0.05942,14,2011,2024
4070051400,7,shortwave_down,338.95368,7.2499,14,2011,2024
4070051400,7,soil_moisture_150cm,0.24338,0.02434,14,2011,2024
4070051400,7,soil_moisture_25cm,0.24129,0.02053,14,2011,2024
4070051400,7,soil_moisture_5cm,0.10158,0.01227,14,2011,2024
4070051400,7,soil_moisture_70cm,0.24325,0.02112,14,2011,2024
4070051400,7,specific_humidity,0.0051,0.00053,14,2011,2024
4070051400,7,temperature_max,34.05963,1.20108,14,2011,2024
4070051400,7,temperature_mean,30.42038,1.20038,14,2011,2024
4070051400,7,temperature_min,26.5814,1.25906,14,2011,2024
4070051420,7,potential_evaporation,60952764.07938,4457817.4523,14,2011,2024
4070051420,7,precipitation,0.0187,0.04032,14,2011,2024
4070051420,7,shortwave_down,341.75447,5.26014,14,2011,2024
4070051420,7,soil_moisture_150cm,0.2299,0.02265,14,2011,2024
4070051420,7,soil_moisture_25cm,0.23053,0.0115,14,2011,2024
4070051420,7,soil_moisture_5cm,0.11344,0.00383,14,2011,2024
4070051420,7,soil_moisture_70cm,0.2301,0.01401,14,2011,2024
4070051420,7,specific_humidity,0.00482,0.00051,14,2011,2024
4070051420,7,temperature_max,35.99462,1.16508,14,2011,2024
4070051420,7,temperature_mean,32.5665,1.16195,14,2011,2024
4070051420,7,temperature_min,28.96769,1.21281,14,2011,2024
4070051720,7,potential_evaporation,52591746.81597,3897323.83867,14,2011,2024
4070051720,7,precipitation,0.01833,0.03569,14,2011,2024
4070051720,7,shortwave_down,336.27431,7.37746,14,2011,2024
4070051720,7,soil_moisture_150cm,0.19333,0.00835,14,2011,2024
4070051720,7,soil_moisture_25cm,0.1787,0.00676,14,2011,2024
4070051720,7,soil_moisture_5cm,0.05465,0.00612,14,2011,2024
4070051720,7,soil_moisture_70cm,0.18505,0.00719,14,2011,2024
4070051720,7,specific_humidity,0.00501,0.00052,14,2011,2024
4070051720,7,temperature_max,34.56023,1.17689,14,2011,2024
4070051720,7,temperature_mean,30.45843,1.20425,14,2011,2024
4070051720,7,temperature_min,26.29372,1.30696,14,2011,2024
4070051930,7,potential_evaporation,50786752.38423,3023468.70957,14,2011,2024
4070051930,7,precipitation,0.04157,0.05929,14,2011,2024
4070051930,7,shortwave_down,339.23763,8.23416,14,2011,2024
4070051930,7,soil_moisture_150cm,0.17708,0.01423,14,2011,2024
4070051930,7,soil_moisture_25cm,0.17015,0.00631,14,2011,2024
4070051930,7,soil_moisture_5cm,0.04767,0.00692,14,2011,2024
4070051930,7,soil_moisture_70cm,0.17618,0.00775,14,2011,2024
4070051930,7,specific_humidity,0.0054,0.00054,14,2011,2024
4070051930,7,temperature_max,33.34925,1.22152,14,2011,2024
4070051930,7,temperature_mean,29.3403,1.24701,14,2011,2024
4070051930,7,temperature_min,25.28063,1.3279,14,2011,2024
4070052070,7,potential_evaporation,53530130.02451,2967179.65464,14,2011,2024
4070052070,7,precipitation,0.05191,0.14992,14,2011,2024
4070052070,7,shortwave_down,332.75132,8.32144,14,2011,2024
4070052070,7,soil_moisture_150cm,0.1832,0.01116,14,2011,2024
4070052070,7,soil_moisture_25cm,0.17993,0.00578,14,2011,2024
4070052070,7,soil_moisture_5cm,0.05586,0.00893,14,2011,2024
4070052070,7,soil_moisture_70cm,0.18403,0.00716,14,2011,2024
4070052070,7,specific_humidity,0.00531,0.00057,14,2011,2024
4070052070,7,temperature_max,35.05297,1.24686,14,2011,2024
4070052070,7,temperature_mean,30.99877,1.26356,14,2011,2024
4070052070,7,temperature_min,26.82733,1.3302,14,2011,2024
4070052550,7,potential_evaporation,70713703.49193,5036453.8587,14,2011,2024
4070052550,7,precipitation,0.04724,0.13693,14,2011,2024
4070052550,7,shortwave_down,334.51471,8.18421,14,2011,2024
4070052550,7,soil_moisture_150cm,0.15587,0.0084,14,2011,2024
4070052550,7,soil_moisture_25cm,0.15919,0.00596,14,2011,2024
4070052550,7,soil_moisture_5cm,0.04148,0.00731,14,2011,2024
4070052550,7,soil_moisture_70cm,0.16097,0.0075,14,2011,2024
4070052550,7,specific_humidity,0.00516,0.00056,14,2011,2024
4070052550,7,temperature_max,35.16645,1.19547,14,2011,2024
4070052550,7,temperature_mean,30.96158,1.1944,14,2011,2024
4070052550,7,temperature_min,26.6777,1.25222,14,2011,2024
4070052570,7,potential_evaporation,85919210.93459,5738399.73589,14,2011,2024
4070052570,7,precipitation,0.0335,0.06914,14,2011,2024
4070052570,7,shortwave_down,334.61921,7.88168,14,2011,2024
4070052570,7,soil_moisture_150cm,0.14649,0.00851,14,2011,2024
4070052570,7,soil_moisture_25cm,0.15488,0.00672,14,2011,2024
4070052570,7,soil_moisture_5cm,0.03962,0.00526,14,2011,2024
4070052570,7,soil_moisture_70cm,0.15488,0.00883,14,2011,2024
4070052570,7,specific_humidity,0.00509,0.00054,14,2011,2024
4070052570,7,temperature_max,35.53667,1.1831,14,2011,2024
4070052570,7,temperature_mean,31.27247,1.20293,14,2011,2024
4070052570,7,temperature_min,26.90976,1.26699,14,2011,2024
4070052710,7,potential_evaporation,51338244.91807,3092922.00229,14,2011,2024
4070052710,7,precipitation,0.03024,0.08987,14,2011,2024
4070052710,7,shortwave_down,337.3977,6.45154,14,2011,2024
4070052710,7,soil_moisture_150cm,0.20051,0.01718,14,2011,2024
4070052710,7,soil_moisture_25cm,0.1943,0.0185,14,2011,2024
4070052710,7,soil_moisture_5cm,0.06758,0.01895,14,2011,2024
4070052710,7,soil_moisture_70cm,0.19849,0.01773,14,2011,2024
4070052710,7,specific_humidity,0.00516,0.00055,14,2011,2024
4070052710,7,temperature_max,34.69579,1.1789,14,2011,2024
4070052710,7,temperature_mean,30.78398,1.13732,14,2011,2024
4070052710,7,temperature_min,26.72554,1.14788,14,2011,2024
4070052800,7,potential_evaporation,54544196.51845,4413522.23882,14,2011,2024
4070052800,7,precipitation,0.01943,0.04712,14,2011,2024
4070052800,7,shortwave_down,341.11606,6.81073,14,2011,2024
4070052800,7,soil_moisture_150cm,0.27522,0.01142,14,2011,2024
4070052800,7,soil_moisture_25cm,0.27273,0.00987,14,2011,2024
4070052800,7,soil_moisture_5cm,0.13209,0.00468,14,2011,2024
4070052800,7,soil_moisture_70cm,0.27352,0.01003,14,2011,2024
4070052800,7,specific_humidity,0.00491,0.00052,14,2011,2024
4070052800,7,temperature_max,35.08815,1.2187,14,2011,2024
4070052800,7,temperature_mean,31.75919,1.20878,14,2011,2024
4070052800,7,temperature_min,28.20208,1.262,14,2011,2024
4070053010,7,potential_evaporation,52713275.91353,3704335.2818,14,2011,2024
4070053010,7,precipitation,0.03375,0.06473,14,2011,2024
4070053010,7,shortwave_down,336.73059,8.83769,14,2011,2024
4070053010,7,soil_moisture_150cm,0.17874,0.01116,14,2011,2024
4070053010,7,soil_moisture_25cm,0.1694,0.00508,14,2011,2024
4070053010,7,soil_moisture_5cm,0.04675,0.00651,14,2011,2024
4070053010,7,soil_moisture_70cm,0.17558,0.00628,14,2011,2024
4070053010,7,specific_humidity,0.00523,0.00053,14,2011,2024
4070053010,7,temperature_max,33.90677,1.26906,14,2011,2024
4070053010,7,temperature_mean,29.91991,1.3048,14,2011,2024
4070053010,7,temperature_min,25.89051,1.40821,14,2011,2024
4070053030,7,potential_evaporation,51207489.499,3548330.89415,14,2011,2024
4070053030,7,precipitation,0.05514,0.10016,14,2011,2024
4070053030,7,shortwave_down,338.38577,8.88802,14,2011,2024
4070053030,7,soil_moisture_150cm,0.18141,0.01674,14,2011,2024
4070053030,7,soil_moisture_25cm,0.17939,0.00521,14,2011,2024
4070053030,7,soil_moisture_5cm,0.05783,0.00936,14,2011,2024
4070053030,7,soil_moisture_70cm,0.18386,0.00747,14,2011,2024
4070053030,7,specific_humidity,0.00533,0.00054,14,2011,2024
4070053030,7,temperature_max,33.20465,1.21835,14,2011,2024
4070053030,7,temperature_mean,29.35602,1.22022,14,2011,2024
4070053030,7,temperature_min,25.42986,1.29208,14,2011,2024
4070053630,7,potential_evaporation,62304903.05419,4217299.10342,14,2011,2024
4070053630,7,precipitation,0.01417,0.02927,14,2011,2024
4070053630,7,shortwave_down,341.53821,4.83515,14,2011,2024
4070053630,7,soil_moisture_150cm,0.21128,0.0272,14,2011,2024
4070053630,7,soil_moisture_25cm,0.2142,0.01302,14,2011,2024
4070053630,7,soil_moisture_5cm,0.09349,0.00318,14,2011,2024
4070053630,7,soil_moisture_70cm,0.21389,0.01637,14,2011,2024
4070053630,7,specific_humidity,0.00479,0.00051,14,2011,2024
4070053630,7,temperature_max,36.15233,1.13079,14,2011,2024
4070053630,7,temperature_mean,32.58514,1.1369,14,2011,2024
4070053630,7,temperature_min,28.8687,1.19351,14,2011,2024
4070053700,7,potential_evaporation,53564210.16418,3710738.17125,14,2011,2024
4070053700,7,precipitation,0.02654,0.04876,14,2011,2024
4070053700,7,shortwave_down,335.97735,6.70839,14,2011,2024
4070053700,7,soil_moisture_150cm,0.1867,0.00803,14,2011,2024
4070053700,7,soil_moisture_25cm,0.16855,0.0059,14,2011,2024
4070053700,7,soil_moisture_5cm,0.05155,0.00591,14,2011,2024
4070053700,7,soil_moisture_70cm,0.17528,0.00652,14,2011,2024
4070053700,7,specific_humidity,0.005,0.00052,14,2011,2024
4070053700,7,temperature_max,34.68999,1.15208,14,2011,2024
4070053700,7,temperature_mean,30.4232,1.18822,14,2011,2024
4070053700,7,temperature_min,26.16431,1.28344,14,2011,2024
4070053720,7,potential_evaporation,59245706.83421,5051520.37522,14,2011,2024
4070053720,7,precipitation,0.02282,0.04939,14,2011,2024
4070053720,7,shortwave_down,342.48531,5.82712,14,2011,2024
4070053720,7,soil_moisture_150cm,0.25434,0.01746,14,2011,2024
4070053720,7,soil_moisture_25cm,0.24496,0.01599,14,2011,2024
4070053720,7,soil_moisture_5cm,0.13179,0.0043,14,2011,2024
4070053720,7,soil_moisture_70cm,0.24569,0.01711,14,2011,2024
4070053720,7,specific_humidity,0.00481,0.00052,14,2011,2024
4070053720,7,temperature_max,35.56952,1.1285,14,2011,2024
4070053720,7,temperature_mean,32.22473,1.11254,14,2011,2024
4070053720,7,temperature_min,28.72349,1.16098,14,2011,2024
4070053750,7,potential_evaporation,87563881.14758,5769494.59485,14,2011,2024
4070053750,7,precipitation,0.01339,0.02487,14,2011,2024
4070053750,7,shortwave_down,338.88007,6.34141,14,2011,2024
4070053750,7,soil_moisture_150cm,0.19409,0.01986,14,2011,2024
4070053750,7,soil_moisture_25cm,0.20213,0.00879,14,2011,2024
4070053750,7,soil_moisture_5cm,0.07913,0.00342,14,2011,2024
4070053750,7,soil_moisture_70cm,0.20193,0.01131,14,2011,2024
4070053750,7,specific_humidity,0.00487,0.00052,14,2011,2024
4070053750,7,temperature_max,36.05093,1.15063,14,2011,2024
4070053750,7,temperature_mean,32.2083,1.176,14,2011,2024
4070053750,7,temperature_min,28.18682,1.2366,14,2011,2024
4070054170,7,potential_evaporation,52077497.226,2935491.17973,14,2011,2024
4070054170,7,precipitation,0.0501,0.08064,14,2011,2024
4070054170,7,shortwave_down,336.86613,8.70398,14,2011,2024
4070054170,7,soil_moisture_150cm,0.17201,0.01999,14,2011,2024
4070054170,7,soil_moisture_25cm,0.17146,0.00855,14,2011,2024
4070054170,7,soil_moisture_5cm,0.04955,0.00904,14,2011,2024
4070054170,7,soil_moisture_70cm,0.17575,0.01111,14,2011,2024
4070054170,7,specific_humidity,0.00559,0.00058,14,2011,2024
4070054170,7,temperature_max,34.11269,1.31758,14,2011,2024
4070054170,7,temperature_mean,30.20784,1.34556,14,2011,2024
4070054170,7,temperature_min,26.22555,1.40085,14,2011,2024
4070054200,7,potential_evaporation,54377652.90953,3615237.63171,14,2011,2024
4070054200,7,precipitation,0.02729,0.05163,14,2011,2024
4070054200,7,shortwave_down,335.4889,6.6131,14,2011,2024
4070054200,7,soil_moisture_150cm,0.1768,0.00815,14,2011,2024
4070054200,7,soil_moisture_25cm,0.15791,0.00634,14,2011,2024
4070054200,7,soil_moisture_5cm,0.04616,0.00583,14,2011,2024
4070054200,7,soil_moisture_70cm,0.16427,0.00729,14,2011,2024
4070054200,7,specific_humidity,0.00502,0.00053,14,2011,2024
4070054200,7,temperature_max,34.79429,1.15764,14,2011,2024
4070054200,7,temperature_mean,30.40441,1.18256,14,2011,2024
4070054200,7,temperature_min,26.07163,1.26234,14,2011,2024
4070054440,7,potential_evaporation,50595459.96337,3068151.22454,14,2011,2024
4070054440,7,precipitation,0.04304,0.12349,14,2011,2024
4070054440,7,shortwave_down,335.62038,6.42351,14,2011,2024
4070054440,7,soil_moisture_150cm,0.24138,0.01389,14,2011,2024
4070054440,7,soil_moisture_25cm,0.24358,0.00661,14,2011,2024
4070054440,7,soil_moisture_5cm,0.11472,0.01213,14,2011,2024
4070054440,7,soil_moisture_70cm,0.24421,0.00756,14,2011,2024
4070054440,7,specific_humidity,0.00528,0.00056,14,2011,2024
4070054440,7,temperature_max,35.10151,1.28518,14,2011,2024
4070054440,7,temperature_mean,31.54706,1.21797,14,2011,2024
4070054440,7,temperature_min,27.78202,1.18616,14,2011,2024
4070054450,7,potential_evaporation,52097559.42214,3972771.87439,14,2011,2024
4070054450,7,precipitation,0.01668,0.02755,14,2011,2024
4070054450,7,shortwave_down,339.24833,8.33455,14,2011,2024
4070054450,7,soil_moisture_150cm,0.28047,0.01173,14,2011,2024
4070054450,7,soil_moisture_25cm,0.27598,0.0111,14,2011,2024
4070054450,7,soil_moisture_5cm,0.13113,0.00414,14,2011,2024
4070054450,7,soil_moisture_70cm,0.27729,0.01112,14,2011,2024
4070054450,7,specific_humidity,0.00499,0.00052,14,2011,2024
4070054450,7,temperature_max,34.39167,1.19648,14,2011,2024
4070054450,7,temperature_mean,30.8835,1.17419,14,2011,2024
4070054450,7,temperature_min,27.15018,1.21667,14,2011,2024
4070054780,7,potential_evaporation,63812843.76928,4251083.10441,14,2011,2024
4070054780,7,precipitation,0.01178,0.02796,14,2011,2024
4070054780,7,shortwave_down,340.58192,6.72472,14,2011,2024
4070054780,7,soil_moisture_150cm,0.25566,0.0082,14,2011,2024
4070054780,7,soil_moisture_25cm,0.2556,0.00724,14,2011,2024
4070054780,7,soil_moisture_5cm,0.12219,0.00387,14,2011,2024
4070054780,7,soil_moisture_70cm,0.25604,0.00755,14,2011,2024
4070054780,7,specific_humidity,0.00495,0.00053,14,2011,2024
4070054780,7,temperature_max,35.16473,1.21347,14,2011,2024
4070054780,7,temperature_mean,31.68518,1.22277,14,2011,2024
4070054780,7,temperature_min,27.99758,1.28203,14,2011,2024
4070055270,7,potential_evaporation,51868811.55099,3652722.05973,14,2011,2024
4070055270,7,precipitation,0.03363,0.075,14,2011,2024
4070055270,7,shortwave_down,337.19967,7.95573,14,2011,2024
4070055270,7,soil_moisture_150cm,0.17776,0.01108,14,2011,2024
4070055270,7,soil_moisture_25cm,0.16919,0.00499,14,2011,2024
4070055270,7,soil_moisture_5cm,0.04565,0.00658,14,2011,2024
4070055270,7,soil_moisture_70cm,0.17521,0.00623,14,2011,2024
4070055270,7,specific_humidity,0.0052,0.00053,14,2011,2024
4070055270,7,temperature_max,33.67812,1.28136,14,2011,2024
4070055270,7,temperature_mean,29.68244,1.29975,14,2011,2024
4070055270,7,temperature_min,25.62257,1.39562,14,2011,2024
4070055360,7,potential_evaporation,53297874.58662,4023108.63776,14,2011,2024
4070055360,7,precipitation,0.01745,0.03798,14,2011,2024
4070055360,7,shortwave_down,340.16183,8.17862,14,2011,2024
4070055360,7,soil_moisture_150cm,0.28164,0.01018,14,2011,2024
4070055360,7,soil_moisture_25cm,0.27872,0.00994,14,2011,2024
4070055360,7,soil_moisture_5cm,0.13149,0.00427,14,2011,2024
4070055360,7,soil_moisture_70cm,0.27959,0.00996,14,2011,2024
4070055360,7,specific_humidity,0.00495,0.00053,14,2011,2024
4070055360,7,temperature_max,34.68856,1.16506,14,2011,2024
4070055360,7,temperature_mean,31.33014,1.14695,14,2011,2024
4070055360,7,temperature_min,27.74027,1.18476,14,2011,2024
4070055680,7,potential_evaporation,58068920.4322,4329715.89593,14,2011,2024
4070055680,7,precipitation,0.09057,0.11203,14,2011,2024
4070055680,7,shortwave_down,323.7734,11.71664,14,2011,2024
4070055680,7,soil_moisture_150cm,0.16219,0.01437,14,2011,2024
4070055680,7,soil_moisture_25cm,0.24562,0.01533,14,2011,2024
4070055680,7,soil_moisture_5cm,0.15581,0.00569,14,2011,2024
4070055680,7,soil_moisture_70cm,0.21662,0.02214,14,2011,2024
4070055680,7,specific_humidity,0.00623,0.00059,14,2011,2024
4070055680,7,temperature_max,34.09864,1.41199,14,2011,2024
4070055680,7,temperature_mean,30.77839,1.36139,14,2011,2024
4070055680,7,temperature_min,27.24492,1.35425,14,2011,2024
4070055880,7,potential_evaporation,51594686.26978,3388407.29239,14,2011,2024
4070055880,7,precipitation,0.07696,0.10876,14,2011,2024
4070055880,7,shortwave_down,336.16296,10.89152,14,2011,2024
4070055880,7,soil_moisture_150cm,0.22992,0.04599,14,2011,2024
4070055880,7,soil_moisture_25cm,0.23722,0.02664,14,2011,2024
4070055880,7,soil_moisture_5cm,0.10634,0.01376,14,2011,2024
4070055880,7,soil_moisture_70cm,0.23741,0.03084,14,2011,2024
4070055880,7,specific_humidity,0.00546,0.00057,14,2011,2024
4070055880,7,temperature_max,33.42247,1.26063,14,2011,2024
4070055880,7,temperature_mean,29.94598,1.25396,14,2011,2024
4070055880,7,temperature_min,26.33649,1.28759,14,2011,2024
4070055920,7,potential_evaporation,58282436.38381,3730200.95093,14,2011,2024
4070055920,7,precipitation,0.02818,0.07493,14,2011,2024
4070055920,7,shortwave_down,337.14352,8.04281,14,2011,2024
4070055920,7,soil_moisture_150cm,0.17631,0.01041,14,2011,2024
4070055920,7,soil_moisture_25cm,0.17143,0.00622,14,2011,2024
4070055920,7,soil_moisture_5cm,0.04715,0.00628,14,2011,2024
4070055920,7,soil_moisture_70cm,0.17576,0.00811,14,2011,2024
4070055920,7,specific_humidity,0.0051,0.00056,14,2011,2024
4070055920,7,temperature_max,34.53513,1.16156,14,2011,2024
4070055920,7,temperature_mean,30.42349,1.15931,14,2011,2024
4070055920,7,temperature_min,26.21047,1.21832,14,2011,2024
4070055950,7,potential_evaporation,52149907.6306,3785412.5265,14,2011,2024
4070055950,7,precipitation,0.01174,0.02644,14,2011,2024
4070055950,7,shortwave_down,339.41135,7.05595,14,2011,2024
4070055950,7,soil_moisture_150cm,0.24704,0.05207,14,2011,2024
4070055950,7,soil_moisture_25cm,0.24658,0.04441,14,2011,2024
4070055950,7,soil_moisture_5cm,0.10547,0.03115,14,2011,2024
4070055950,7,soil_moisture_70cm,0.24796,0.0449,14,2011,2024
4070055950,7,specific_humidity,0.00509,0.00052,14,2011,2024
4070055950,7,temperature_max,34.18632,1.24328,14,2011,2024
4070055950,7,temperature_mean,30.42261,1.33564,14,2011,2024
4070055950,7,temperature_min,26.45913,1.50612,14,2011,2024
4070056730,7,potential_evaporation,51844406.5267,2923429.85768,14,2011,2024
4070056730,7,precipitation,0.06101,0.13343,14,2011,2024
4070056730,7,shortwave_down,333.26456,9.11713,14,2011,2024
4070056730,7,soil_moisture_150cm,0.19353,0.02219,14,2011,2024
4070056730,7,soil_moisture_25cm,0.19307,0.01112,14,2011,2024
4070056730,7,soil_moisture_5cm,0.06745,0.00997,14,2011,2024
4070056730,7,soil_moisture_70cm,0.19643,0.01364,14,2011,2024
4070056730,7,specific_humidity,0.00541,0.00057,14,2011,2024
4070056730,7,temperature_max,34.65908,1.30502,14,2011,2024
4070056730,7,temperature_mean,30.83507,1.33016,14,2011,2024
4070056730,7,temperature_min,26.89144,1.39241,14,2011,2024
4070056820,7,potential_evaporation,50846668.21346,3799662.64636,14,2011,2024
4070056820,7,precipitation,0.07672,0.13489,14,2011,2024
4070056820,7,shortwave_down,335.91724,10.40208,14,2011,2024
4070056820,7,soil_moisture_150cm,0.22122,0.01921,14,2011,2024
4070056820,7,soil_moisture_25cm,0.22471,0.00803,14,2011,2024
4070056820,7,soil_moisture_5cm,0.09788,0.01596,14,2011,2024
4070056820,7,soil_moisture_70cm,0.22636,0.00941,14,2011,2024
4070056820,7,specific_humidity,0.00534,0.00055,14,2011,2024
4070056820,7,temperature_max,33.14067,1.26875,14,2011,2024
4070056820,7,temperature_mean,29.60934,1.22108,14,2011,2024
4070056820,7,temperature_min,25.95112,1.23078,14,2011,2024
4070057090,7,potential_evaporation,50100993.21958,2854926.26794,14,2011,2024
4070057090,7,precipitation,0.0542,0.07184,14,2011,2024
4070057090,7,shortwave_down,337.42136,8.82698,14,2011,2024
4070057090,7,soil_moisture_150cm,0.20083,0.02725,14,2011,2024
4070057090,7,soil_moisture_25cm,0.20151,0.01443,14,2011,2024
4070057090,7,soil_moisture_5cm,0.07473,0.0083,14,2011,2024
4070057090,7,soil_moisture_70cm,0.20482,0.01685,14,2011,2024
4070057090,7,specific_humidity,0.00555,0.00056,14,2011,2024
4070057090,7,temperature_max,33.2102,1.24036,14,2011,2024
4070057090,7,temperature_mean,29.41705,1.23751,14,2011,2024
4070057090,7,temperature_min,25.51754,1.28112,14,2011,2024
4070057190,7,potential_evaporation,54544206.0294,3967514.52622,14,2011,2024
4070057190,7,precipitation,0.02495,0.05538,14,2011,2024
4070057190,7,shortwave_down,335.02588,6.76514,14,2011,2024
4070057190,7,soil_moisture_150cm,0.18331,0.00654,14,2011,2024
4070057190,7,soil_moisture_25cm,0.16725,0.00588,14,2011,2024
4070057190,7,soil_moisture_5cm,0.04432,0.0056,14,2011,2024
4070057190,7,soil_moisture_70cm,0.1745,0.00614,14,2011,2024
4070057190,7,specific_humidity,0.00508,0.00052,14,2011,2024
4070057190,7,temperature_max,34.72022,1.22442,14,2011,2024
4070057190,7,temperature_mean,30.59714,1.28369,14,2011,2024
4070057190,7,temperature_min,26.48572,1.39583,14,2011,2024
4070057270,7,potential_evaporation,60136620.28898,3975378.45066,14,2011,2024
4070057270,7,precipitation,0.04085,0.07932,14,2011,2024
4070057270,7,shortwave_down,326.12655,12.17062,14,2011,2024
4070057270,7,soil_moisture_150cm,0.12265,0.01095,14,2011,2024
4070057270,7,soil_moisture_25cm,0.13878,0.01112,14,2011,2024
4070057270,7,soil_moisture_5cm,0.04489,0.00722,14,2011,2024
4070057270,7,soil_moisture_70cm,0.13438,0.01368,14,2011,2024
4070057270,7,specific_humidity,0.00573,0.00053,14,2011,2024
4070057270,7,temperature_max,34.43752,1.41042,14,2011,2024
4070057270,7,temperature_mean,30.20656,1.40125,14,2011,2024
4070057270,7,temperature_min,25.90961,1.44998,14,2011,2024
4070059930,7,potential_evaporation,88643364.05605,6044613.52429,14,2011,2024
4070059930,7,precipitation,0.01619,0.03025,14,2011,2024
4070059930,7,shortwave_down,337.3611,7.45253,14,2011,2024
4070059930,7,soil_moisture_150cm,0.15004,0.01278,14,2011,2024
4070059930,7,soil_moisture_25cm,0.15804,0.00702,14,2011,2024
4070059930,7,soil_moisture_5cm,0.03833,0.00362,14,2011,2024
4070059930,7,soil_moisture_70cm,0.15846,0.01025,14,2011,2024
4070059930,7,specific_humidity,0.00498,0.00053,14,2011,2024
4070059930,7,temperature_max,35.59388,1.20589,14,2011,2024
4070059930,7,temperature_mean,31.44382,1.22924,14,2011,2024
4070059930,7,temperature_min,27.1885,1.31126,14,2011,2024
4070060340,7,potential_evaporation,53802052.74381,3925697.28523,14,2011,2024
4070060340,7,precipitation,0.01233,0.02959,14,2011,2024
4070060340,7,shortwave_down,335.32892,6.76739,14,2011,2024
4070060340,7,soil_moisture_150cm,0.18119,0.00752,14,2011,2024
4070060340,7,soil_moisture_25cm,0.16713,0.00656,14,2011,2024
4070060340,7,soil_moisture_5cm,0.04315,0.00478,14,2011,2024
4070060340,7,soil_moisture_70cm,0.17397,0.00695,14,2011,2024
4070060340,7,specific_humidity,0.00508,0.00052,14,2011,2024
4070060340,7,temperature_max,34.70241,1.28844,14,2011,2024
4070060340,7,temperature_mean,30.5789,1.33849,14,2011,2024
4070060340,7,temperature_min,26.43799,1.46,14,2011,2024
4070060790,7,potential_evaporation,51246631.5614,3574567.72934,14,2011,2024
4070060790,7,precipitation,0.01894,0.05474,14,2011,2024
4070060790,7,shortwave_down,339.46616,6.16662,14,2011,2024
4070060790,7,soil_moisture_150cm,0.21439,0.0456,14,2011,2024
4070060790,7,soil_moisture_25cm,0.21443,0.03695,14,2011,2024
4070060790,7,soil_moisture_5cm,0.0809,0.02548,14,2011,2024
4070060790,7,soil_moisture_70cm,0.21668,0.03804,14,2011,2024
4070060790,7,specific_humidity,0.00515,0.00053,14,2011,2024
4070060790,7,temperature_max,34.04486,1.25805,14,2011,2024
4070060790,7,temperature_mean,30.19426,1.3116,14,2011,2024
4070060790,7,temperature_min,26.17438,1.44005,14,2011,2024
4070061130,7,potential_evaporation,59160504.08894,5078289.34767,14,2011,2024
4070061130,7,precipitation,0.0225,0.04617,14,2011,2024
4070061130,7,shortwave_down,342.85316,5.94463,14,2011,2024
4070061130,7,soil_moisture_150cm,0.2615,0.01865,14,2011,2024
4070061130,7,soil_moisture_25cm,0.24952,0.01718,14,2011,2024
4070061130,7,soil_moisture_5cm,0.13221,0.00433,14,2011,2024
4070061130,7,soil_moisture_70cm,0.25154,0.0177,14,2011,2024
4070061130,7,specific_humidity,0.0048,0.00052,14,2011,2024
4070061130,7,temperature_max,35.26331,1.10442,14,2011,2024
4070061130,7,temperature_mean,31.88825,1.09153,14,2011,2024
4070061130,7,temperature_min,28.37412,1.14054,14,2011,2024
4070062210,7,potential_evaporation,54533175.91946,3959545.2878,14,2011,2024
4070062210,7,precipitation,0.01511,0.03853,14,2011,2024
4070062210,7,shortwave_down,341.60301,6.94236,14,2011,2024
4070062210,7,soil_moisture_150cm,0.27645,0.00939,14,2011,2024
4070062210,7,soil_moisture_25cm,0.27449,0.00892,14,2011,2024
4070062210,7,soil_moisture_5cm,0.13227,0.00449,14,2011,2024
4070062210,7,soil_moisture_70cm,0.27515,0.00897,14,2011,2024
4070062210,7,specific_humidity,0.00492,0.00053,14,2011,2024
4070062210,7,temperature_max,34.7467,1.28421,14,2011,2024
4070062210,7,temperature_mean,31.42645,1.28673,14,2011,2024
4070062210,7,temperature_min,27.87895,1.34159,14,2011,2024
4070063060,7,potential_evaporation,79527867.5914,6566278.57651,14,2011,2024
4070063060,7,precipitation,0.01235,0.0258,14,2011,2024
4070063060,7,shortwave_down,338.23011,7.07652,14,2011,2024
4070063060,7,soil_moisture_150cm,0.19451,0.00841,14,2011,2024
4070063060,7,soil_moisture_25cm,0.20028,0.00613,14,2011,2024
4070063060,7,soil_moisture_5cm,0.07879,0.00374,14,2011,2024
4070063060,7,soil_moisture_70cm,0.20041,0.00759,14,2011,2024
4070063060,7,specific_humidity,0.00499,0.00054,14,2011,2024
4070063060,7,temperature_max,35.59076,1.22551,14,2011,2024
4070063060,7,temperature_mean,31.72739,1.23423,14,2011,2024
4070063060,7,temperature_min,27.7152,1.29382,14,2011,2024
4070063130,7,potential_evaporation,83651304.06961,7867348.8368,14,2011,2024
4070063130,7,precipitation,0.00163,0.00341,14,2011,2024
4070063130,7,shortwave_down,343.65216,4.86534,14,2011,2024
4070063130,7,soil_moisture_150cm,0.17898,0.01491,14,2011,2024
4070063130,7,soil_moisture_25cm,0.16192,0.01373,14,2011,2024
4070063130,7,soil_moisture_5cm,0.03755,0.00197,14,2011,2024
4070063130,7,soil_moisture_70cm,0.16832,0.01553,14,2011,2024
4070063130,7,specific_humidity,0.00453,0.00051,14,2011,2024
4070063130,7,temperature_max,36.63125,1.04774,14,2011,2024
4070063130,7,temperature_mean,32.4661,1.11741,14,2011,2024
4070063130,7,temperature_min,28.32463,1.22476,14,2011,2024
4070063840,7,potential_evaporation,95981150.56586,8546959.44448,14,2011,2024
4070063840,7,precipitation,0.0007,0.00135,14,2011,2024
4070063840,7,shortwave_down,343.70118,4.80256,14,2011,2024
4070063840,7,soil_moisture_150cm,0.15714,0.01722,14,2011,2024
4070063840,7,soil_moisture_25cm,0.14258,0.01528,14,2011,2024
4070063840,7,soil_moisture_5cm,0.03664,0.00157,14,2011,2024
4070063840,7,soil_moisture_70cm,0.14441,0.01945,14,2011,2024
4070063840,7,specific_humidity,0.0045,0.00051,14,2011,2024
4070063840,7,temperature_max,37.04057,1.02412,14,2011,2024
4070063840,7,temperature_mean,32.81598,1.12284,14,2011,2024
4070063840,7,temperature_min,28.60019,1.25156,14,2011,2024
4070067970,7,potential_evaporation,81836165.39436,6377553.78835,14,2011,2024
4070067970,7,precipitation,0.01335,0.02637,14,2011,2024
4070067970,7,shortwave_down,337.8306,7.30963,14,2011,2024
4070067970,7,soil_moisture_150cm,0.17702,0.00963,14,2011,2024
4070067970,7,soil_moisture_25cm,0.18384,0.00621,14,2011,2024
4070067970,7,soil_moisture_5cm,0.06296,0.00375,14,2011,2024
4070067970,7,soil_moisture_70cm,0.1841,0.00825,14,2011,2024
4070067970,7,specific_humidity,0.005,0.00054,14,2011,2024
4070067970,7,temperature_max,35.53923,1.22223,14,2011,2024
4070067970,7,temperature_mean,31.56622,1.23429,14,2011,2024
4070067970,7,temperature_min,27.46662,1.3007,14,2011,2024
4070068640,7,potential_evaporation,89220918.00527,6004047.48854,14,2011,2024
4070068640,7,precipitation,0.01632,0.03116,14,2011,2024
4070068640,7,shortwave_down,337.54589,7.30311,14,2011,2024
4070068640,7,soil_moisture_150cm,0.15494,0.01231,14,2011,2024
4070068640,7,soil_moisture_25cm,0.16244,0.00696,14,2011,2024
4070068640,7,soil_moisture_5cm,0.04263,0.00357,14,2011,2024
4070068640,7,soil_moisture_70cm,0.16282,0.01012,14,2011,2024
4070068640,7,specific_humidity,0.00496,0.00053,14,2011,2024
4070068640,7,temperature_max,35.66087,1.20265,14,2011,2024
4070068640,7,temperature_mean,31.53909,1.22757,14,2011,2024
4070068640,7,temperature_min,27.30081,1.3098,14,2011,2024
4070070230,7,potential_evaporation,58218998.3381,4969091.66266,14,2011,2024
4070070230,7,precipitation,0.02115,0.04704,14,2011,2024
4070070230,7,shortwave_down,342.15908,5.75313,14,2011,2024
4070070230,7,soil_moisture_150cm,0.26792,0.02042,14,2011,2024
4070070230,7,soil_moisture_25cm,0.26667,0.01282,14,2011,2024
4070070230,7,soil_moisture_5cm,0.13146,0.00438,14,2011,2024
4070070230,7,soil_moisture_70cm,0.26724,0.01378,14,2011,2024
4070070230,7,specific_humidity,0.00483,0.00052,14,2011,2024
4070070230,7,temperature_max,35.74053,1.21822,14,2011,2024
4070070230,7,temperature_mean,32.47926,1.20654,14,2011,2024
4070070230,7,temperature_min,29.013,1.26289,14,2011,2024
4070070790,7,potential_evaporation,52632028.64655,2751939.84973,14,2011,2024
4070070790,7,precipitation,0.06619,0.18411,14,2011,2024
4070070790,7,shortwave_down,330.61278,9.26272,14,2011,2024
4070070790,7,soil_moisture_150cm,0.17313,0.01158,14,2011,2024
4070070790,7,soil_moisture_25cm,0.16868,0.0065,14,2011,2024
4070070790,7,soil_moisture_5cm,0.04665,0.0113,14,2011,2024
4070070790,7,soil_moisture_70cm,0.17363,0.00795,14,2011,2024
4070070790,7,specific_humidity,0.00538,0.00058,14,2011,2024
4070070790,7,temperature_max,34.87103,1.29065,14,2011,2024
4070070790,7,temperature_mean,30.7576,1.37418,14,2011,2024
4070070790,7,temperature_min,26.55216,1.49128,14,2011,2024
4070071230,7,potential_evaporation,71155929.99222,4958884.98736,14,2011,2024
4070071230,7,precipitation,0.01097,0.02488,14,2011,2024
4070071230,7,shortwave_down,339.60703,6.69276,14,2011,2024
4070071230,7,soil_moisture_150cm,0.23301,0.00805,14,2011,2024
4070071230,7,soil_moisture_25cm,0.23523,0.00649,14,2011,2024
4070071230,7,soil_moisture_5cm,0.10831,0.00366,14,2011,2024
4070071230,7,soil_moisture_70cm,0.23547,0.00715,14,2011,2024
4070071230,7,specific_humidity,0.00497,0.00054,14,2011,2024
4070071230,7,temperature_max,35.45428,1.19965,14,2011,2024
4070071230,7,temperature_mean,31.82652,1.20932,14,2011,2024
4070071230,7,temperature_min,28.01071,1.26797,14,2011,2024
4070073210,7,potential_evaporation,57433213.2673,4880847.73175,14,2011,2024
4070073210,7,precipitation,0.02207,0.04959,14,2011,2024
4070073210,7,shortwave_down,341.98492,5.94714,14,2011,2024
4070073210,7,soil_moisture_150cm,0.27014,0.0167,14,2011,2024
4070073210,7,soil_moisture_25cm,0.26807,0.01149,14,2011,2024
4070073210,7,soil_moisture_5cm,0.13156,0.00452,14,2011,2024
4070073210,7,soil_moisture_70cm,0.26877,0.01212,14,2011,2024
4070073210,7,specific_humidity,0.00485,0.00052,14,2011,2024
4070073210,7,temperature_max,35.58517,1.18938,14,2011,2024
4070073210,7,temperature_mean,32.30992,1.18199,14,2011,2024
4070073210,7,temperature_min,28.82606,1.23974,14,2011,2024
4070074500,7,potential_evaporation,51533916.88058,3601754.12786,14,2011,2024
4070074500,7,precipitation,0.01379,0.03951,14,2011,2024
4070074500,7,shortwave_down,339.85387,6.47405,14,2011,2024
4070074500,7,soil_moisture_150cm,0.24224,0.07111,14,2011,2024
4070074500,7,soil_moisture_25cm,0.24562,0.05996,14,2011,2024
4070074500,7,soil_moisture_5cm,0.10445,0.04094,14,2011,2024
4070074500,7,soil_moisture_70cm,0.24601,0.06122,14,2011,2024
4070074500,7,specific_humidity,0.00512,0.00052,14,2011,2024
4070074500,7,temperature_max,34.08421,1.19597,14,2011,2024
4070074500,7,temperature_mean,30.33191,1.29008,14,2011,2024
4070074500,7,temperature_min,26.36832,1.4709,14,2011,2024
4070077230,7,potential_evaporation,51234901.29743,3581957.19955,14,2011,2024
4070077230,7,precipitation,0.02185,0.05678,14,2011,2024
4070077230,7,shortwave_down,338.9561,6.43872,14,2011,2024
4070077230,7,soil_moisture_150cm,0.17688,0.0106,14,2011,2024
4070077230,7,soil_moisture_25cm,0.16895,0.00487,14,2011,2024
4070077230,7,soil_moisture_5cm,0.04382,0.00541,14,2011,2024
4070077230,7,soil_moisture_70cm,0.17475,0.00608,14,2011,2024
4070077230,7,specific_humidity,0.00517,0.00052,14,2011,2024
4070077230,7,temperature_max,33.74424,1.34569,14,2011,2024
4070077230,7,temperature_mean,29.68413,1.34554,14,2011,2024
4070077230,7,temperature_min,25.54256,1.42785,14,2011,2024
4070255700,7,potential_evaporation,42711192.97501,2503710.53073,14,2011,2024
4070255700,7,precipitation,0.19284,0.17045,14,2011,2024
4070255700,7,shortwave_down,316.45937,7.69799,14,2011,2024
4070255700,7,soil_moisture_150cm,0.34901,0.01356,14,2011,2024
4070255700,7,soil_moisture_25cm,0.34461,0.01421,14,2011,2024
4070255700,7,soil_moisture_5cm,0.16821,0.00916,14,2011,2024
4070255700,7,soil_moisture_70cm,0.34612,0.01411,14,2011,2024
4070255700,7,specific_humidity,0.01076,0.00122,14,2011,2024
4070255700,7,temperature_max,25.45065,1.02747,14,2011,2024
4070255700,7,temperature_mean,24.69681,1.05189,14,2011,2024
4070255700,7,temperature_min,23.92098,1.10354,14,2011,2024
4070270580,7,potential_evaporation,63257665.37601,3811388.18642,14,2011,2024
4070270580,7,precipitation,0.13523,0.11486,14,2011,2024
4070270580,7,shortwave_down,319.2083,9.20027,14,2011,2024
4070270580,7,soil_moisture_150cm,0.22836,0.00447,14,2011,2024
4070270580,7,soil_moisture_25cm,0.24944,0.00931,14,2011,2024
4070270580,7,soil_moisture_5cm,0.15594,0.00553,14,2011,2024
4070270580,7,soil_moisture_70cm,0.23622,0.01091,14,2011,2024
4070270580,7,specific_humidity,0.00918,0.00065,14,2011,2024
4070270580,7,temperature_max,28.64048,1.29254,14,2011,2024
4070270580,7,temperature_mean,26.82746,1.17893,14,2011,2024
4070270580,7,temperature_min,25.01035,1.10009,14,2011,2024
4070270590,7,precipitation,0.19251,0.21049,14,2011,2024
4070270590,7,shortwave_down,319.08179,7.14986,14,2011,2024
4070270590,7,specific_humidity,0.0115,0.00108,14,2011,2024
4070270590,7,temperature_max,24.82626,1.18322,14,2011,2024
4070270590,7,temperature_mean,24.27238,1.16449,14,2011,2024
4070270590,7,temperature_min,23.71017,1.18297,14,2011,2024
4070273700,7,precipitation,0.22315,0.21895,14,2011,2024
4070273700,7,shortwave_down,320.78455,6.39007,14,2011,2024
4070273700,7,specific_humidity,0.01131,0.00111,14,2011,2024
4070273700,7,temperature_max,24.54052,1.31243,14,2011,2024
4070273700,7,temperature_mean,24.00617,1.29749,14,2011,2024
4070273700,7,temperature_min,23.47369,1.31616,14,2011,2024
4070273830,7,potential_evaporation,49813654.85441,3735354.48284,14,2011,2024
4070273830,7,precipitation,0.20112,0.12219,14,2011,2024
4070273830,7,shortwave_down,320.8887,6.77927,14,2011,2024
4070273830,7,soil_moisture_150cm,0.34976,0.01752,14,2011,2024
4070273830,7,soil_moisture_25cm,0.34421,0.01472,14,2011,2024
4070273830,7,soil_moisture_5cm,0.16645,0.00926,14,2011,2024
4070273830,7,soil_moisture_70cm,0.3458,0.01561,14,2011,2024
4070273830,7,specific_humidity,0.00989,0.00088,14,2011,2024
4070273830,7,temperature_max,26.33556,1.23991,14,2011,2024
4070273830,7,temperature_mean,25.24774,1.22407,14,2011,2024
4070273830,7,temperature_min,24.11372,1.21259,14,2011,2024
4070273970,7,potential_evaporation,51099179.77818,3660739.24435,14,2011,2024
4070273970,7,precipitation,0.16732,0.10518,14,2011,2024
4070273970,7,shortwave_down,324.24293,6.0727,14,2011,2024
4070273970,7,soil_moisture_150cm,0.35759,0.01666,14,2011,2024
4070273970,7,soil_moisture_25cm,0.35505,0.01331,14,2011,2024
4070273970,7,soil_moisture_5cm,0.16323,0.00951,14,2011,2024
4070273970,7,soil_moisture_70cm,0.35623,0.01408,14,2011,2024
4070273970,7,specific_humidity,0.01031,0.00076,14,2011,2024
4070273970,7,temperature_max,25.34231,1.1813,14,2011,2024
4070273970,7,temperature_mean,24.52372,1.14197,14,2011,2024
4070273970,7,temperature_min,23.64918,1.09589,14,2011,2024
4070274280,7,precipitation,0.22362,0.26024,14,2011,2024
4070274280,7,shortwave_down,321.64443,6.85559,14,2011,2024
4070274280,7,specific_humidity,0.01147,0.0011,14,2011,2024
4070274280,7,temperature_max,24.59557,1.26146,14,2011,2024
4070274280,7,temperature_mean,24.03118,1.23814,14,2011,2024
4070274280,7,temperature_min,23.44759,1.24797,14,2011,2024
4070274290,7,potential_evaporation,47166639.3457,3906470.69092,10,2011,2024
4070274290,7,precipitation,0.2046,0.25194,14,2011,2024
4070274290,7,shortwave_down,324.39242,6.66065,14,2011,2024
4070274290,7,soil_moisture_150cm,0.19386,0.00539,10,2011,2024
4070274290,7,soil_moisture_25cm,0.17767,0.00285,10,2011,2024
4070274290,7,soil_moisture_5cm,0.05449,0.01017,10,2011,2024
4070274290,7,soil_moisture_70cm,0.18578,0.00337,10,2011,2024
4070274290,7,specific_humidity,0.01131,0.0009,14,2011,2024
4070274290,7,temperature_max,24.57077,1.14659,14,2011,2024
4070274290,7,temperature_mean,24.01881,1.13528,14,2011,2024
4070274290,7,temperature_min,23.42281,1.14528,14,2011,2024
4070274300,7,precipitation,0.23503,0.30997,14,2011,2024
4070274300,7,shortwave_down,323.19679,6.91937,14,2011,2024
4070274300,7,specific_humidity,0.01135,0.00102,14,2011,2024
4070274300,7,temperature_max,24.4876,1.18785,14,2011,2024
4070274300,7,temperature_mean,23.9314,1.16504,14,2011,2024
4070274300,7,temperature_min,23.36701,1.17463,14,2011,2024
4070276370,7,precipitation,0.218,0.27973,14,2011,2024
4070276370,7,shortwave_down,324.62092,6.58845,14,2011,2024
4070276370,7,specific_humidity,0.01119,0.00092,14,2011,2024
4070276370,7,temperature_max,24.25665,1.12902,14,2011,2024
4070276370,7,temperature_mean,23.71606,1.12172,14,2011,2024
4070276370,7,temperature_min,23.16974,1.13649,14,2011,2024
4070276550,7,potential_evaporation,50598851.426,3042297.83189,14,2011,2024
4070276550,7,precipitation,0.13462,0.13368,14,2011,2024
4070276550,7,shortwave_down,326.43927,7.12372,14,2011,2024
4070276550,7,soil_moisture_150cm,0.18766,0.00578,14,2011,2024
4070276550,7,soil_moisture_25cm,0.17661,0.00389,14,2011,2024
4070276550,7,soil_moisture_5cm,0.0521,0.00653,14,2011,2024
4070276550,7,soil_moisture_70cm,0.18349,0.00392,14,2011,2024
4070276550,7,specific_humidity,0.00836,0.00059,14,2011,2024
4070276550,7,temperature_max,29.46695,1.71169,14,2011,2024
4070276550,7,temperature_mean,27.11014,1.49483,14,2011,2024
4070276550,7,temperature_min,24.77003,1.30478,14,2011,2024
4070281940,7,potential_evaporation,60836113.52869,4368173.39474,14,2011,2024
4070281940,7,precipitation,0.15827,0.16609,14,2011,2024
4070281940,7,shortwave_down,322.49005,7.30561,14,2011,2024
4070281940,7,soil_moisture_150cm,0.18329,0.01587,14,2011,2024
4070281940,7,soil_moisture_25cm,0.22681,0.01279,14,2011,2024
4070281940,7,soil_moisture_5cm,0.156,0.00665,14,2011,2024
4070281940,7,soil_moisture_70cm,0.20406,0.02095,14,2011,2024
4070281940,7,specific_humidity,0.01043,0.00071,14,2011,2024
4070281940,7,temperature_max,26.40678,1.50919,14,2011,2024
4070281940,7,temperature_mean,25.2866,1.33336,14,2011,2024
4070281940,7,temperature_min,24.16471,1.20605,14,2011,2024
4070281950,7,potential_evaporation,51875384.43918,3065901.125,14,2011,2024
4070281950,7,precipitation,0.13571,0.1187,14,2011,2024
4070281950,7,shortwave_down,326.49122,7.2162,14,2011,2024
4070281950,7,soil_moisture_150cm,0.2986,0.02033,14,2011,2024
4070281950,7,soil_moisture_25cm,0.30022,0.01212,14,2011,2024
4070281950,7,soil_moisture_5cm,0.13564,0.01203,14,2011,2024
4070281950,7,soil_moisture_70cm,0.30159,0.01287,14,2011,2024
4070281950,7,specific_humidity,0.00806,0.00057,14,2011,2024
4070281950,7,temperature_max,30.00213,1.75731,14,2011,2024
4070281950,7,temperature_mean,27.79957,1.54446,14,2011,2024
4070281950,7,temperature_min,25.57955,1.33584,14,2011,2024
4070282100,7,potential_evaporation,51701643.45703,3620276.04849,10,2011,2024
4070282100,7,precipitation,0.17052,0.20453,14,2011,2024
4070282100,7,shortwave_down,324.35226,6.70297,14,2011,2024
4070282100,7,soil_moisture_150cm,0.24006,0.03342,10,2011,2024
4070282100,7,soil_moisture_25cm,0.26407,0.01354,10,2011,2024
4070282100,7,soil_moisture_5cm,0.15812,0.00728,10,2011,2024
4070282100,7,soil_moisture_70cm,0.25556,0.0188,10,2011,2024
4070282100,7,specific_humidity,0.01109,0.0008,14,2011,2024
4070282100,7,temperature_max,25.15561,1.23241,14,2011,2024
4070282100,7,temperature_mean,24.46321,1.17766,14,2011,2024
4070282100,7,temperature_min,23.72814,1.14249,14,2011,2024
4070296490,7,potential_evaporation,60282294.18357,4132385.89363,14,2011,2024
4070296490,7,precipitation,0.05585,0.07199,14,2011,2024
4070296490,7,shortwave_down,330.79968,9.90317,14,2011,2024
4070296490,7,soil_moisture_150cm,0.18052,0.01762,14,2011,2024
4070296490,7,soil_moisture_25cm,0.18181,0.01038,14,2011,2024
4070296490,7,soil_moisture_5cm,0.05755,0.01487,14,2011,2024
4070296490,7,soil_moisture_70cm,0.18611,0.00947,14,2011,2024
4070296490,7,specific_humidity,0.00567,0.00059,14,2011,2024
4070296490,7,temperature_max,33.58146,1.25767,14,2011,2024
4070296490,7,temperature_mean,29.73355,1.22567,14,2011,2024
4070296490,7,temperature_min,25.84335,1.24029,14,2011,2024
4070299570,7,potential_evaporation,69910824.7832,5573133.66219,14,2011,2024
4070299570,7,precipitation,0.09714,0.16243,14,2011,2024
4070299570,7,shortwave_down,331.13001,9.82167,14,2011,2024
4070299570,7,soil_moisture_150cm,0.18511,0.0202,14,2011,2024
4070299570,7,soil_moisture_25cm,0.19768,0.01953,14,2011,2024
4070299570,7,soil_moisture_5cm,0.07124,0.02635,14,2011,2024
4070299570,7,soil_moisture_70cm,0.19935,0.01374,14,2011,2024
4070299570,7,specific_humidity,0.00564,0.00058,14,2011,2024
4070299570,7,temperature_max,33.50169,1.21752,14,2011,2024
4070299570,7,temperature_mean,29.76645,1.16717,14,2011,2024
4070299570,7,temperature_min,25.97745,1.17603,14,2011,2024
4070299920,7,potential_evaporation,57098227.99894,3624265.35918,14,2011,2024
4070299920,7,precipitation,0.0637,0.10374,14,2011,2024
4070299920,7,shortwave_down,334.35233,9.32421,14,2011,2024
4070299920,7,soil_moisture_150cm,0.18218,0.01459,14,2011,2024
4070299920,7,soil_moisture_25cm,0.17718,0.00521,14,2011,2024
4070299920,7,soil_moisture_5cm,0.05248,0.00961,14,2011,2024
4070299920,7,soil_moisture_70cm,0.18283,0.00634,14,2011,2024
4070299920,7,specific_humidity,0.00553,0.00056,14,2011,2024
4070299920,7,temperature_max,33.55242,1.21993,14,2011,2024
4070299920,7,temperature_mean,29.61607,1.21041,14,2011,2024
4070299920,7,temperature_min,25.63411,1.25365,14,2011,2024
4070299930,7,potential_evaporation,65236580.13127,4626278.08459,14,2011,2024
4070299930,7,precipitation,0.06286,0.08927,14,2011,2024
4070299930,7,shortwave_down,333.77128,9.80969,14,2011,2024
4070299930,7,soil_moisture_150cm,0.18379,0.01403,14,2011,2024
4070299930,7,soil_moisture_25cm,0.18427,0.01085,14,2011,2024
4070299930,7,soil_moisture_5cm,0.05935,0.0167,14,2011,2024
4070299930,7,soil_moisture_70cm,0.18873,0.00813,14,2011,2024
4070299930,7,specific_humidity,0.00553,0.00056,14,2011,2024
4070299930,7,temperature_max,33.52141,1.22319,14,2011,2024
4070299930,7,temperature_mean,29.67538,1.18288,14,2011,2024
4070299930,7,temperature_min,25.77959,1.18325,14,2011,2024
4070300160,7,potential_evaporation,56038519.43866,3525649.78117,14,2011,2024
4070300160,7,precipitation,0.06831,0.05599,14,2011,2024
4070300160,7,shortwave_down,327.58602,8.74786,14,2011,2024
4070300160,7,soil_moisture_150cm,0.17271,0.00439,14,2011,2024
4070300160,7,soil_moisture_25cm,0.18254,0.00466,14,2011,2024
4070300160,7,soil_moisture_5cm,0.08149,0.00738,14,2011,2024
4070300160,7,soil_moisture_70cm,0.17607,0.00332,14,2011,2024
4070300160,7,specific_humidity,0.00683,0.00055,14,2011,2024
4070300160,7,temperature_max,32.65849,1.55126,14,2011,2024
4070300160,7,temperature_mean,29.35197,1.45951,14,2011,2024
4070300160,7,temperature_min,25.98724,1.38701,14,2011,2024
4070300170,7,potential_evaporation,57172474.85681,3792141.11159,14,2011,2024
4070300170,7,precipitation,0.05519,0.07271,14,2011,2024
4070300170,7,shortwave_down,335.44114,9.51225,14,2011,2024
4070300170,7,soil_moisture_150cm,0.18355,0.0126,14,2011,2024
4070300170,7,soil_moisture_25cm,0.17624,0.00426,14,2011,2024
4070300170,7,soil_moisture_5cm,0.05147,0.0075,14,2011,2024
4070300170,7,soil_moisture_70cm,0.18244,0.00551,14,2011,2024
4070300170,7,specific_humidity,0.00547,0.00055,14,2011,2024
4070300170,7,temperature_max,33.63529,1.2243,14,2011,2024
4070300170,7,temperature_mean,29.71922,1.21333,14,2011,2024
4070300170,7,temperature_min,25.76195,1.25129,14,2011,2024
4070300360,7,potential_evaporation,62718143.09478,4059059.53645,14,2011,2024
4070300360,7,precipitation,0.07961,0.06889,14,2011,2024
4070300360,7,shortwave_down,326.49622,8.46571,14,2011,2024
4070300360,7,soil_moisture_150cm,0.15275,0.00328,14,2011,2024
4070300360,7,soil_moisture_25cm,0.19715,0.00922,14,2011,2024
4070300360,7,soil_moisture_5cm,0.14036,0.00494,14,2011,2024
4070300360,7,soil_moisture_70cm,0.16822,0.0083,14,2011,2024
4070300360,7,specific_humidity,0.00722,0.00052,14,2011,2024
4070300360,7,temperature_max,32.21865,1.70658,14,2011,2024
4070300360,7,temperature_mean,29.20969,1.54804,14,2011,2024
4070300360,7,temperature_min,26.13747,1.4159,14,2011,2024
4070300870,7,potential_evaporation,55894807.84567,3494043.22105,14,2011,2024
4070300870,7,precipitation,0.05418,0.08202,14,2011,2024
4070300870,7,shortwave_down,332.96001,9.39732,14,2011,2024
4070300870,7,soil_moisture_150cm,0.18163,0.01577,14,2011,2024
4070300870,7,soil_moisture_25cm,0.17575,0.00597,14,2011,2024
4070300870,7,soil_moisture_5cm,0.05102,0.00882,14,2011,2024
4070300870,7,soil_moisture_70cm,0.1817,0.00767,14,2011,2024
4070300870,7,specific_humidity,0.0056,0.00057,14,2011,2024
4070300870,7,temperature_max,33.52756,1.23731,14,2011,2024
4070300870,7,temperature_mean,29.5699,1.22736,14,2011,2024
4070300870,7,temperature_min,25.57212,1.27364,14,2011,2024
4070303130,7,potential_evaporation,71296491.47619,5216654.80095,14,2011,2024
4070303130,7,precipitation,0.04454,0.05281,14,2011,2024
4070303130,7,shortwave_down,336.09592,9.85598,14,2011,2024
4070303130,7,soil_moisture_150cm,0.18058,0.0125,14,2011,2024
4070303130,7,soil_moisture_25cm,0.17305,0.00505,14,2011,2024
4070303130,7,soil_moisture_5cm,0.04695,0.00566,14,2011,2024
4070303130,7,soil_moisture_70cm,0.17941,0.00634,14,2011,2024
4070303130,7,specific_humidity,0.00542,0.00055,14,2011,2024
4070303130,7,temperature_max,33.78392,1.23088,14,2011,2024
4070303130,7,temperature_mean,29.77798,1.23552,14,2011,2024
4070303130,7,temperature_min,25.75536,1.27411,14,2011,2024
4070307360,7,potential_evaporation,50781662.26067,3445077.91525,14,2011,2024
4070307360,7,precipitation,0.11175,0.12101,14,2011,2024
4070307360,7,shortwave_down,326.06239,6.97546,14,2011,2024
4070307360,7,soil_moisture_150cm,0.21925,0.04755,14,2011,2024
4070307360,7,soil_moisture_25cm,0.25982,0.01318,14,2011,2024
4070307360,7,soil_moisture_5cm,0.15819,0.00623,14,2011,2024
4070307360,7,soil_moisture_70cm,0.24657,0.01739,14,2011,2024
4070307360,7,specific_humidity,0.0092,0.00081,14,2011,2024
4070307360,7,temperature_max,28.20539,2.46235,14,2011,2024
4070307360,7,temperature_mean,26.54614,1.92706,14,2011,2024
4070307360,7,temperature_min,24.85962,1.46582,14,2011,2024
4070307540,7,potential_evaporation,49195560.04761,3524588.27417,10,2011,2024
4070307540,7,precipitation,0.11505,0.13547,14,2011,2024
4070307540,7,shortwave_down,325.4586,7.22883,14,2011,2024
4070307540,7,soil_moisture_150cm,0.25691,0.03392,10,2011,2024
4070307540,7,soil_moisture_25cm,0.27156,0.01298,10,2011,2024
4070307540,7,soil_moisture_5cm,0.15846,0.00736,10,2011,2024
4070307540,7,soil_moisture_70cm,0.26609,0.01679,10,2011,2024
4070307540,7,specific_humidity,0.0093,0.00081,14,2011,2024
4070307540,7,temperature_max,27.95915,2.42011,14,2011,2024
4070307540,7,temperature_mean,26.37496,1.88994,14,2011,2024
4070307540,7,temperature_min,24.79062,1.44276,14,2011,2024
4070308310,7,potential_evaporation,56008941.00649,3031936.51938,14,2011,2024
4070308310,7,precipitation,0.05163,0.0599,14,2011,2024
4070308310,7,shortwave_down,330.92291,9.61146,14,2011,2024
4070308310,7,soil_moisture_150cm,0.18251,0.01831,14,2011,2024
4070308310,7,soil_moisture_25cm,0.18977,0.01595,14,2011,2024
4070308310,7,soil_moisture_5cm,0.06468,0.02034,14,2011,2024
4070308310,7,soil_moisture_70cm,0.19306,0.01283,14,2011,2024
4070308310,7,specific_humidity,0.00571,0.00059,14,2011,2024
4070308310,7,temperature_max,33.59583,1.27252,14,2011,2024
4070308310,7,temperature_mean,29.83248,1.23767,14,2011,2024
4070308310,7,temperature_min,26.00672,1.24043,14,2011,2024
4070308440,7,potential_evaporation,49999546.96698,2544692.47563,14,2011,2024
4070308440,7,precipitation,0.04361,0.06061,14,2011,2024
4070308440,7,shortwave_down,333.79905,8.82311,14,2011,2024
4070308440,7,soil_moisture_150cm,0.17876,0.01665,14,2011,2024
4070308440,7,soil_moisture_25cm,0.17217,0.0075,14,2011,2024
4070308440,7,soil_moisture_5cm,0.04858,0.00724,14,2011,2024
4070308440,7,soil_moisture_70cm,0.17832,0.00927,14,2011,2024
4070308440,7,specific_humidity,0.00565,0.00057,14,2011,2024
4070308440,7,temperature_max,33.48249,1.27421,14,2011,2024
4070308440,7,temperature_mean,29.5552,1.2809,14,2011,2024
4070308440,7,temperature_min,25.55557,1.3297,14,2011,2024
4070308590,7,potential_evaporation,77954606.07745,5958875.37571,14,2011,2024
4070308590,7,precipitation,0.03955,0.04324,14,2011,2024
4070308590,7,shortwave_down,336.64256,9.55881,14,2011,2024
4070308590,7,soil_moisture_150cm,0.17766,0.01314,14,2011,2024
4070308590,7,soil_moisture_25cm,0.17124,0.00646,14,2011,2024
4070308590,7,soil_moisture_5cm,0.04403,0.00479,14,2011,2024
4070308590,7,soil_moisture_70cm,0.17745,0.00735,14,2011,2024
4070308590,7,specific_humidity,0.00539,0.00054,14,2011,2024
4070308590,7,temperature_max,33.91915,1.23621,14,2011,2024
4070308590,7,temperature_mean,29.84529,1.24912,14,2011,2024
4070308590,7,temperature_min,25.76216,1.29061,14,2011,2024
4070319630,7,potential_evaporation,52063931.31182,2957844.64883,14,2011,2024
4070319630,7,precipitation,0.06169,0.0538,14,2011,2024
4070319630,7,shortwave_down,327.07995,10.25964,14,2011,2024
4070319630,7,soil_moisture_150cm,0.27478,0.0442,14,2011,2024
4070319630,7,soil_moisture_25cm,0.29688,0.02184,14,2011,2024
4070319630,7,soil_moisture_5cm,0.14392,0.00643,14,2011,2024
4070319630,7,soil_moisture_70cm,0.29465,0.02451,14,2011,2024
4070319630,7,specific_humidity,0.00628,0.0006,14,2011,2024
4070319630,7,temperature_max,33.71413,1.53553,14,2011,2024
4070319630,7,temperature_mean,30.52341,1.48282,14,2011,2024
4070319630,7,temperature_min,27.23954,1.39204,14,2011,2024
4070319830,7,potential_evaporation,52188775.49816,2892976.38463,14,2011,2024
4070319830,7,precipitation,0.04539,0.04669,14,2011,2024
4070319830,7,shortwave_down,330.03178,10.68788,14,2011,2024
4070319830,7,soil_moisture_150cm,0.23117,0.03159,14,2011,2024
4070319830,7,soil_moisture_25cm,0.2427,0.01678,14,2011,2024
4070319830,7,soil_moisture_5cm,0.10309,0.00749,14,2011,2024
4070319830,7,soil_moisture_70cm,0.24322,0.01878,14,2011,2024
4070319830,7,specific_humidity,0.00592,0.00058,14,2011,2024
4070319830,7,temperature_max,34.34153,1.41888,14,2011,2024
4070319830,7,temperature_mean,30.77215,1.40945,14,2011,2024
4070319830,7,temperature_min,27.07469,1.38025,14,2011,2024
4070320900,7,potential_evaporation,65887302.14533,4227312.67964,14,2011,2024
4070320900,7,precipitation,0.06376,0.0679,14,2011,2024
4070320900,7,shortwave_down,324.81777,10.25771,14,2011,2024
4070320900,7,soil_moisture_150cm,0.13018,0.00085,14,2011,2024
4070320900,7,soil_moisture_25cm,0.16787,0.00967,14,2011,2024
4070320900,7,soil_moisture_5cm,0.13156,0.00588,14,2011,2024
4070320900,7,soil_moisture_70cm,0.14013,0.00807,14,2011,2024
4070320900,7,specific_humidity,0.00626,0.00056,14,2011,2024
4070320900,7,temperature_max,34.16312,1.51307,14,2011,2024
4070320900,7,temperature_mean,30.40017,1.44238,14,2011,2024
4070320900,7,temperature_min,26.5733,1.41821,14,2011,2024
4070320910,7,potential_evaporation,59848144.23169,3716393.09407,14,2011,2024
4070320910,7,precipitation,0.08814,0.08755,14,2011,2024
4070320910,7,shortwave_down,325.36232,8.78489,14,2011,2024
4070320910,7,soil_moisture_150cm,0.14703,0.00294,14,2011,2024
4070320910,7,soil_moisture_25cm,0.22183,0.01182,14,2011,2024
4070320910,7,soil_moisture_5cm,0.15574,0.00526,14,2011,2024
4070320910,7,soil_moisture_70cm,0.18655,0.01599,14,2011,2024
4070320910,7,specific_humidity,0.00694,0.00054,14,2011,2024
4070320910,7,temperature_max,32.69506,1.76075,14,2011,2024
4070320910,7,temperature_mean,29.41809,1.57593,14,2011,2024
4070320910,7,temperature_min,26.12958,1.43115,14,2011,2024
4070326690,7,potential_evaporation,54111163.07161,2978144.29562,14,2011,2024
4070326690,7,precipitation,0.05559,0.04999,14,2011,2024
4070326690,7,shortwave_down,327.96482,11.0969,14,2011,2024
4070326690,7,soil_moisture_150cm,0.20608,0.03034,14,2011,2024
4070326690,7,soil_moisture_25cm,0.22574,0.00943,14,2011,2024
4070326690,7,soil_moisture_5cm,0.09402,0.01644,14,2011,2024
4070326690,7,soil_moisture_70cm,0.22592,0.00822,14,2011,2024
4070326690,7,specific_humidity,0.00594,0.00061,14,2011,2024
4070326690,7,temperature_max,33.91484,1.37261,14,2011,2024
4070326690,7,temperature_mean,30.40244,1.33341,14,2011,2024
4070326690,7,temperature_min,26.79093,1.28791,14,2011,2024
4070326790,7,potential_evaporation,52422005.30559,2831404.01118,14,2011,2024
4070326790,7,precipitation,0.06037,0.11248,14,2011,2024
4070326790,7,shortwave_down,332.15099,10.27443,14,2011,2024
4070326790,7,soil_moisture_150cm,0.17883,0.01532,14,2011,2024
4070326790,7,soil_moisture_25cm,0.17845,0.00675,14,2011,2024
4070326790,7,soil_moisture_5cm,0.0544,0.00967,14,2011,2024
4070326790,7,soil_moisture_70cm,0.18261,0.00846,14,2011,2024
4070326790,7,specific_humidity,0.00558,0.00058,14,2011,2024
4070326790,7,temperature_max,34.61078,1.32795,14,2011,2024
4070326790,7,temperature_mean,30.66893,1.36968,14,2011,2024
4070326790,7,temperature_min,26.63557,1.43219,14,2011,2024
4070328420,7,potential_evaporation,60418606.62796,3952850.7032,14,2011,2024
4070328420,7,precipitation,0.06986,0.08092,14,2011,2024
4070328420,7,shortwave_down,323.2406,11.62433,14,2011,2024
4070328420,7,soil_moisture_150cm,0.15884,0.01058,14,2011,2024
4070328420,7,soil_moisture_25cm,0.21112,0.01337,14,2011,2024
4070328420,7,soil_moisture_5cm,0.15258,0.00512,14,2011,2024
4070328420,7,soil_moisture_70cm,0.17332,0.01162,14,2011,2024
4070328420,7,specific_humidity,0.00613,0.00058,14,2011,2024
4070328420,7,temperature_max,34.52191,1.46487,14,2011,2024
4070328420,7,temperature_mean,31.00408,1.40637,14,2011,2024
4070328420,7,temperature_min,27.30114,1.39632,14,2011,2024
4070328430,7,potential_evaporation,64330966.08944,4331800.71573,14,2011,2024
4070328430,7,precipitation,0.08007,0.0892,14,2011,2024
4070328430,7,shortwave_down,324.31887,11.22782,14,2011,2024
4070328430,7,soil_moisture_150cm,0.13889,0.00056,14,2011,2024
4070328430,7,soil_moisture_25cm,0.1747,0.01033,14,2011,2024
4070328430,7,soil_moisture_5cm,0.15067,0.00461,14,2011,2024
4070328430,7,soil_moisture_70cm,0.14762,0.00739,14,2011,2024
4070328430,7,specific_humidity,0.0064,0.00059,14,2011,2024
4070328430,7,temperature_max,33.94508,1.47562,14,2011,2024
4070328430,7,temperature_mean,30.26451,1.42286,14,2011,2024
4070328430,7,temperature_min,26.51462,1.40752,14,2011,2024
4070332820,7,potential_evaporation,50442867.25072,2701512.27814,14,2011,2024
4070332820,7,precipitation,0.04498,0.04457,14,2011,2024
4070332820,7,shortwave_down,330.4031,10.14005,14,2011,2024
4070332820,7,soil_moisture_150cm,0.17899,0.01503,14,2011,2024
4070332820,7,soil_moisture_25cm,0.17329,0.00645,14,2011,2024
4070332820,7,soil_moisture_5cm,0.05045,0.00651,14,2011,2024
4070332820,7,soil_moisture_70cm,0.17918,0.0078,14,2011,2024
4070332820,7,specific_humidity,0.00578,0.00059,14,2011,2024
4070332820,7,temperature_max,33.72054,1.33019,14,2011,2024
4070332820,7,temperature_mean,29.89209,1.32817,14,2011,2024
4070332820,7,temperature_min,25.98553,1.34608,14,2011,2024
4070333040,7,potential_evaporation,51069618.74976,2716341.415,14,2011,2024
4070333040,7,precipitation,0.04173,0.06041,14,2011,2024
4070333040,7,shortwave_down,333.62118,9.26254,14,2011,2024
4070333040,7,soil_moisture_150cm,0.17432,0.01487,14,2011,2024
4070333040,7,soil_moisture_25cm,0.16992,0.00711,14,2011,2024
4070333040,7,soil_moisture_5cm,0.04759,0.00744,14,2011,2024
4070333040,7,soil_moisture_70cm,0.17538,0.00837,14,2011,2024
4070333040,7,specific_humidity,0.00572,0.00058,14,2011,2024
4070333040,7,temperature_max,33.99011,1.34975,14,2011,2024
4070333040,7,temperature_mean,30.0688,1.37222,14,2011,2024
4070333040,7,temperature_min,26.06437,1.40261,14,2011,2024
4070338960,7,potential_evaporation,22363732.09743,2162380.87148,14,2011,2024
4070338960,7,precipitation,0.39556,0.22679,14,2011,2024
4070338960,7,shortwave_down,333.64324,13.75694,14,2011,2024
4070338960,7,soil_moisture_150cm,0.30659,0.0153,14,2011,2024
4070338960,7,soil_moisture_25cm,0.27101,0.02134,14,2011,2024
4070338960,7,soil_moisture_5cm,0.22416,0.03121,14,2011,2024
4070338960,7,soil_moisture_70cm,0.28325,0.02214,14,2011,2024
4070338960,7,specific_humidity,0.00624,0.00058,14,2011,2024
4070338960,7,temperature_max,24.202,1.94205,14,2011,2024
4070338960,7,temperature_mean,21.44835,1.82173,14,2011,2024
4070338960,7,temperature_min,18.85512,1.71533,14,2011,2024
4070346110,7,potential_evaporation,53896910.02819,3136993.83332,14,2011,2024
4070346110,7,precipitation,0.04539,0.07952,14,2011,2024
4070346110,7,shortwave_down,329.74226,11.04358,14,2011,2024
4070346110,7,soil_moisture_150cm,0.16053,0.00912,14,2011,2024
4070346110,7,soil_moisture_25cm,0.16363,0.00562,14,2011,2024
4070346110,7,soil_moisture_5cm,0.04682,0.00807,14,2011,2024
4070346110,7,soil_moisture_70cm,0.16638,0.00654,14,2011,2024
4070346110,7,specific_humidity,0.00575,0.00055,14,2011,2024
4070346110,7,temperature_max,34.56142,1.40621,14,2011,2024
4070346110,7,temperature_mean,30.52732,1.42445,14,2011,2024
4070346110,7,temperature_min,26.4113,1.46469,14,2011,2024
4070346270,7,potential_evaporation,58489934.96046,3812171.09881,14,2011,2024
4070346270,7,precipitation,0.04522,0.08018,14,2011,2024
4070346270,7,shortwave_down,328.1319,11.39928,14,2011,2024
4070346270,7,soil_moisture_150cm,0.13885,0.00634,14,2011,2024
4070346270,7,soil_moisture_25cm,0.15386,0.00546,14,2011,2024
4070346270,7,soil_moisture_5cm,0.05367,0.00878,14,2011,2024
4070346270,7,soil_moisture_70cm,0.14817,0.00522,14,2011,2024
4070346270,7,specific_humidity,0.0059,0.00054,14,2011,2024
4070346270,7,temperature_max,34.35603,1.43991,14,2011,2024
4070346270,7,temperature_mean,30.27195,1.40637,14,2011,2024
4070346270,7,temperature_min,26.09083,1.43048,14,2011,2024
4070358820,7,potential_evaporation,83347683.6016,6770340.62616,14,2011,2024
4070358820,7,precipitation,0.03127,0.04096,14,2011,2024
4070358820,7,shortwave_down,332.86046,9.02432,14,2011,2024
4070358820,7,soil_moisture_150cm,0.21131,0.00811,14,2011,2024
4070358820,7,soil_moisture_25cm,0.20095,0.00764,14,2011,2024
4070358820,7,soil_moisture_5cm,0.06763,0.00626,14,2011,2024
4070358820,7,soil_moisture_70cm,0.20644,0.00771,14,2011,2024
4070358820,7,specific_humidity,0.0051,0.00055,14,2011,2024
4070358820,7,temperature_max,34.88828,1.12745,14,2011,2024
4070358820,7,temperature_mean,30.75674,1.13038,14,2011,2024
4070358820,7,temperature_min,26.74285,1.16177,14,2011,2024
4070360000,7,potential_evaporation,58157235.15319,4447072.8121,14,2011,2024
4070360000,7,precipitation,0.02107,0.0382,14,2011,2024
4070360000,7,shortwave_down,335.8754,7.97074,14,2011,2024
4070360000,7,soil_moisture_150cm,0.18309,0.00908,14,2011,2024
4070360000,7,soil_moisture_25cm,0.17041,0.0049,14,2011,2024
4070360000,7,soil_moisture_5cm,0.04571,0.00516,14,2011,2024
4070360000,7,soil_moisture_70cm,0.17731,0.00582,14,2011,2024
4070360000,7,specific_humidity,0.00519,0.00052,14,2011,2024
4070360000,7,temperature_max,34.42319,1.22267,14,2011,2024
4070360000,7,temperature_mean,30.3832,1.27098,14,2011,2024
4070360000,7,temperature_min,26.36724,1.36683,14,2011,2024
4070360020,7,potential_evaporation,16224667.39213,1535043.51006,14,2011,2024
4070360020,7,precipitation,1.50673,0.74594,14,2011,2024
4070360020,7,shortwave_down,324.48689,23.40587,14,2011,2024
4070360020,7,soil_moisture_150cm,0.35493,0.01242,14,2011,2024
4070360020,7,soil_moisture_25cm,0.32978,0.01016,14,2011,2024
4070360020,7,soil_moisture_5cm,0.30543,0.01894,14,2011,2024
4070360020,7,soil_moisture_70cm,0.34229,0.00973,14,2011,2024
4070360020,7,specific_humidity,0.00579,0.00052,14,2011,2024
4070360020,7,temperature_max,15.64943,1.30397,14,2011,2024
4070360020,7,temperature_mean,13.21405,1.24991,14,2011,2024
4070360020,7,temperature_min,10.93794,1.20438,14,2011,2024
4070365640,7,potential_evaporation,58526446.55369,4172742.67351,14,2011,2024
4070365640,7,precipitation,0.02843,0.05667,14,2011,2024
4070365640,7,shortwave_down,334.32196,7.29877,14,2011,2024
4070365640,7,soil_moisture_150cm,0.18322,0.0066,14,2011,2024
4070365640,7,soil_moisture_25cm,0.16456,0.00545,14,2011,2024
4070365640,7,soil_moisture_5cm,0.04492,0.00573,14,2011,2024
4070365640,7,soil_moisture_70cm,0.17203,0.00605,14,2011,2024
4070365640,7,specific_humidity,0.00506,0.00053,14,2011,2024
4070365640,7,temperature_max,34.80032,1.16614,14,2011,2024
4070365640,7,temperature_mean,30.54451,1.21512,14,2011,2024
4070365640,7,temperature_min,26.38366,1.29889,14,2011,2024
4070367200,7,potential_evaporation,51845355.86982,5855489.82986,14,2011,2024
4070367200,7,precipitation,0.35469,0.30932,14,2011,2024
4070367200,7,shortwave_down,333.86182,17.70724,14,2011,2024
4070367200,7,soil_moisture_150cm,0.32014,0.00289,14,2011,2024
4070367200,7,soil_moisture_25cm,0.22008,0.02365,14,2011,2024
4070367200,7,soil_moisture_5cm,0.18303,0.01808,14,2011,2024
4070367200,7,soil_moisture_70cm,0.22842,0.0254,14,2011,2024
4070367200,7,specific_humidity,0.00548,0.00061,14,2011,2024
4070367200,7,temperature_max,27.96445,1.23366,14,2011,2024
4070367200,7,temperature_mean,24.45651,1.10592,14,2011,2024
4070367200,7,temperature_min,21.08655,1.03088,14,2011,2024
4070372250,7,potential_evaporation,53430821.65095,2907331.05253,14,2011,2024
4070372250,7,precipitation,0.05658,0.12969,14,2011,2024
4070372250,7,shortwave_down,330.69287,9.22672,14,2011,2024
4070372250,7,soil_moisture_150cm,0.16643,0.01119,14,2011,2024
4070372250,7,soil_moisture_25cm,0.1656,0.00638,14,2011,2024
4070372250,7,soil_moisture_5cm,0.04648,0.01089,14,2011,2024
4070372250,7,soil_moisture_70cm,0.16957,0.00775,14,2011,2024
4070372250,7,specific_humidity,0.00546,0.00056,14,2011,2024
4070372250,7,temperature_max,34.95378,1.30811,14,2011,2024
4070372250,7,temperature_mean,30.86573,1.39981,14,2011,2024
4070372250,7,temperature_min,26.69575,1.51052,14,2011,2024
4070372330,7,potential_evaporation,60989892.17536,3820642.99635,14,2011,2024
4070372330,7,precipitation,0.04021,0.0846,14,2011,2024
4070372330,7,shortwave_down,329.28046,9.71613,14,2011,2024
4070372330,7,soil_moisture_150cm,0.11438,0.00509,14,2011,2024
4070372330,7,soil_moisture_25cm,0.13043,0.00807,14,2011,2024
4070372330,7,soil_moisture_5cm,0.04431,0.00893,14,2011,2024
4070372330,7,soil_moisture_70cm,0.12413,0.00882,14,2011,2024
4070372330,7,specific_humidity,0.00552,0.00053,14,2011,2024
4070372330,7,temperature_max,35.12078,1.37224,14,2011,2024
4070372330,7,temperature_mean,30.88109,1.44355,14,2011,2024
4070372330,7,temperature_min,26.5832,1.54717,14,2011,2024
4070372800,7,potential_evaporation,54733429.19236,3922814.436,14,2011,2024
4070372800,7,precipitation,0.02237,0.05326,14,2011,2024
4070372800,7,shortwave_down,334.64879,6.67979,14,2011,2024
4070372800,7,soil_moisture_150cm,0.18433,0.00674,14,2011,2024
4070372800,7,soil_moisture_25cm,0.16826,0.00483,14,2011,2024
4070372800,7,soil_moisture_5cm,0.04463,0.00576,14,2011,2024
4070372800,7,soil_moisture_70cm,0.17573,0.00533,14,2011,2024
4070372800,7,specific_humidity,0.00511,0.00052,14,2011,2024
4070372800,7,temperature_max,34.62375,1.19932,14,2011,2024
4070372800,7,temperature_mean,30.54136,1.27332,14,2011,2024
4070372800,7,temperature_min,26.50355,1.39065,14,2011,2024
4070373160,7,potential_evaporation,55132308.60215,3342492.30801,14,2011,2024
4070373160,7,precipitation,0.02482,0.04451,14,2011,2024
4070373160,7,shortwave_down,335.62132,6.47059,14,2011,2024
4070373160,7,soil_moisture_150cm,0.17117,0.00873,14,2011,2024
4070373160,7,soil_moisture_25cm,0.15279,0.00716,14,2011,2024
4070373160,7,soil_moisture_5cm,0.04519,0.00557,14,2011,2024
4070373160,7,soil_moisture_70cm,0.15858,0.00827,14,2011,2024
4070373160,7,specific_humidity,0.00501,0.00052,14,2011,2024
4070373160,7,temperature_max,34.82834,1.14248,14,2011,2024
4070373160,7,temperature_mean,30.2707,1.15458,14,2011,2024
4070373160,7,temperature_min,25.80682,1.22437,14,2011,2024
4070383920,7,potential_evaporation,69928563.60691,4762973.68923,14,2011,2024
4070383920,7,precipitation,0.0327,0.07202,14,2011,2024
4070383920,7,shortwave_down,327.0644,10.47524,14,2011,2024
4070383920,7,soil_moisture_150cm,0.05059,0.01048,14,2011,2024
4070383920,7,soil_moisture_25cm,0.06707,0.0213,14,2011,2024
4070383920,7,soil_moisture_5cm,0.04028,0.00615,14,2011,2024
4070383920,7,soil_moisture_70cm,0.05232,0.01698,14,2011,2024
4070383920,7,specific_humidity,0.00559,0.00052,14,2011,2024
4070383920,7,temperature_max,35.15686,1.42531,14,2011,2024
4070383920,7,temperature_mean,30.67429,1.416,14,2011,2024
4070383920,7,temperature_min,26.16626,1.48051,14,2011,2024
4070383990,7,potential_evaporation,73351103.21331,4701950.95399,14,2011,2024
4070383990,7,precipitation,0.03669,0.08195,14,2011,2024
4070383990,7,shortwave_down,328.67266,9.92302,14,2011,2024
4070383990,7,soil_moisture_150cm,0.08223,0.00386,14,2011,2024
4070383990,7,soil_moisture_25cm,0.0956,0.00927,14,2011,2024
4070383990,7,soil_moisture_5cm,0.04078,0.00629,14,2011,2024
4070383990,7,soil_moisture_70cm,0.08462,0.00757,14,2011,2024
4070383990,7,specific_humidity,0.00544,0.00052,14,2011,2024
4070383990,7,temperature_max,35.47967,1.33964,14,2011,2024
4070383990,7,temperature_mean,31.02437,1.35511,14,2011,2024
4070383990,7,temperature_min,26.51785,1.4393,14,2011,2024
4070384700,7,potential_evaporation,65445239.4601,3951167.86748,14,2011,2024
4070384700,7,precipitation,0.04035,0.08941,14,2011,2024
4070384700,7,shortwave_down,330.21287,9.08403,14,2011,2024
4070384700,7,soil_moisture_150cm,0.12627,0.0143,14,2011,2024
4070384700,7,soil_moisture_25cm,0.14131,0.00921,14,2011,2024
4070384700,7,soil_moisture_5cm,0.04335,0.00791,14,2011,2024
4070384700,7,soil_moisture_70cm,0.13595,0.01167,14,2011,2024
4070384700,7,specific_humidity,0.00539,0.00053,14,2011,2024
4070384700,7,temperature_max,35.3995,1.29732,14,2011,2024
4070384700,7,temperature_mean,31.10683,1.36732,14,2011,2024
4070384700,7,temperature_min,26.75515,1.47548,14,2011,2024
4070384780,7,potential_evaporation,60449817.68419,4015300.56873,14,2011,2024
4070384780,7,precipitation,0.05419,0.14381,14,2011,2024
4070384780,7,shortwave_down,331.9391,8.21472,14,2011,2024
4070384780,7,soil_moisture_150cm,0.15816,0.00716,14,2011,2024
4070384780,7,soil_moisture_25cm,0.1605,0.00568,14,2011,2024
4070384780,7,soil_moisture_5cm,0.04402,0.00919,14,2011,2024
4070384780,7,soil_moisture_70cm,0.16303,0.00659,14,2011,2024
4070384780,7,specific_humidity,0.00533,0.00055,14,2011,2024
4070384780,7,temperature_max,35.19895,1.26197,14,2011,2024
4070384780,7,temperature_mean,31.01746,1.31949,14,2011,2024
4070384780,7,temperature_min,26.76036,1.41022,14,2011,2024
4070388480,7,potential_evaporation,87686667.13554,8324107.33888,14,2011,2024
4070388480,7,precipitation,0.03631,0.03936,14,2011,2024
4070388480,7,shortwave_down,334.31518,8.09008,14,2011,2024
4070388480,7,soil_moisture_150cm,0.20391,0.01559,14,2011,2024
4070388480,7,soil_moisture_25cm,0.19949,0.0126,14,2011,2024
4070388480,7,soil_moisture_5cm,0.09816,0.01041,14,2011,2024
4070388480,7,soil_moisture_70cm,0.2035,0.01261,14,2011,2024
4070388480,7,specific_humidity,0.00526,0.00058,14,2011,2024
4070388480,7,temperature_max,35.4908,1.10347,14,2011,2024
4070388480,7,temperature_mean,31.11598,1.11873,14,2011,2024
4070388480,7,temperature_min,26.96855,1.13344,14,2011,2024
4070394980,7,potential_evaporation,16406402.44893,1603863.43248,14,2011,2024
4070394980,7,precipitation,0.94538,0.61489,14,2011,2024
4070394980,7,shortwave_down,338.70433,19.96899,14,2011,2024
4070394980,7,soil_moisture_150cm,0.31934,0.02395,14,2011,2024
4070394980,7,soil_moisture_25cm,0.30266,0.02585,14,2011,2024
4070394980,7,soil_moisture_5cm,0.27306,0.04311,14,2011,2024
4070394980,7,soil_moisture_70cm,0.31058,0.02539,14,2011,2024
4070394980,7,specific_humidity,0.00547,0.00067,14,2011,2024
4070394980,7,temperature_max,15.52679,1.70394,14,2011,2024
4070394980,7,temperature_mean,12.87492,1.52046,14,2011,2024
4070394980,7,temperature_min,10.3573,1.29487,14,2011,2024
4070396540,7,potential_evaporation,35769831.40556,2949051.29913,14,2011,2024
4070396540,7,precipitation,0.21827,0.18866,14,2011,2024
4070396540,7,shortwave_down,356.00144,10.84408,14,2011,2024
4070396540,7,soil_moisture_150cm,0.321,0.00283,14,2011,2024
4070396540,7,soil_moisture_25cm,0.23718,0.01311,14,2011,2024
4070396540,7,soil_moisture_5cm,0.20221,0.01766,14,2011,2024
4070396540,7,soil_moisture_70cm,0.2468,0.01305,14,2011,2024
4070396540,7,specific_humidity,0.00517,0.00056,14,2011,2024
4070396540,7,temperature_max,22.70716,1.03051,14,2011,2024
4070396540,7,temperature_mean,19.4241,0.93452,14,2011,2024
4070396540,7,temperature_min,16.23983,0.8676,14,2011,2024
4070396550,7,potential_evaporation,21404093.98254,1643882.66504,14,2011,2024
4070396550,7,precipitation,0.70738,0.4191,14,2011,2024
4070396550,7,shortwave_down,347.8152,15.48319,14,2011,2024
4070396550,7,soil_moisture_150cm,0.33098,0.00863,14,2011,2024
4070396550,7,soil_moisture_25cm,0.29917,0.01128,14,2011,2024
4070396550,7,soil_moisture_5cm,0.26537,0.02377,14,2011,2024
4070396550,7,soil_moisture_70cm,0.31096,0.00994,14,2011,2024
4070396550,7,specific_humidity,0.00524,0.00056,14,2011,2024
4070396550,7,temperature_max,17.39458,1.07356,14,2011,2024
4070396550,7,temperature_mean,14.61451,0.99045,14,2011,2024
4070396550,7,temperature_min,12.00047,0.90015,14,2011,2024
4070396790,7,potential_evaporation,40865607.42188,2408595.88982,14,2011,2024
4070396790,7,precipitation,0.10392,0.10007,14,2011,2024
4070396790,7,shortwave_down,356.71982,8.433,14,2011,2024
4070396790,7,soil_moisture_150cm,0.31715,0.00507,14,2011,2024
4070396790,7,soil_moisture_25cm,0.19424,0.0192,14,2011,2024
4070396790,7,soil_moisture_5cm,0.16962,0.01467,14,2011,2024
4070396790,7,soil_moisture_70cm,0.20018,0.01935,14,2011,2024
4070396790,7,specific_humidity,0.0053,0.00063,14,2011,2024
4070396790,7,temperature_max,24.26452,0.9026,14,2011,2024
4070396790,7,temperature_mean,20.44683,0.84574,14,2011,2024
4070396790,7,temperature_min,16.63226,0.85052,14,2011,2024
4070396800,7,potential_evaporation,27496684.47656,3362393.60924,14,2011,2024
4070396800,7,precipitation,0.77906,0.70433,14,2011,2024
4070396800,7,shortwave_down,349.75499,14.98338,14,2011,2024
4070396800,7,soil_moisture_150cm,0.33114,0.00994,14,2011,2024
4070396800,7,soil_moisture_25cm,0.28261,0.01798,14,2011,2024
4070396800,7,soil_moisture_5cm,0.24666,0.0292,14,2011,2024
4070396800,7,soil_moisture_70cm,0.29339,0.01698,14,2011,2024
4070396800,7,specific_humidity,0.0054,0.00072,14,2011,2024
4070396800,7,temperature_max,19.96662,1.27954,14,2011,2024
4070396800,7,temperature_mean,16.93365,1.12991,14,2011,2024
4070396800,7,temperature_min,14.02606,1.02124,14,2011,2024
4070400610,7,potential_evaporation,19497520.11315,1828611.05538,14,2011,2024
4070400610,7,precipitation,1.56727,1.24446,14,2011,2024
4070400610,7,shortwave_down,340.41222,18.7502,14,2011,2024
4070400610,7,soil_moisture_150cm,0.34287,0.01207,14,2011,2024
4070400610,7,soil_moisture_25cm,0.32044,0.01756,14,2011,2024
4070400610,7,soil_moisture_5cm,0.29636,0.02673,14,2011,2024
4070400610,7,soil_moisture_70cm,0.33097,0.01509,14,2011,2024
4070400610,7,specific_humidity,0.00574,0.0008,14,2011,2024
4070400610,7,temperature_max,17.6769,1.13953,14,2011,2024
4070400610,7,temperature_mean,15.06913,1.04538,14,2011,2024
4070400610,7,temperature_min,12.61398,0.96455,14,2011,2024
4070400770,7,potential_evaporation,25039791.69883,4134670.82261,14,2011,2024
4070400770,7,precipitation,2.12854,1.86985,14,2011,2024
4070400770,7,shortwave_down,329.07229,22.26986,14,2011,2024
4070400770,7,soil_moisture_150cm,0.34792,0.01109,14,2011,2024
4070400770,7,soil_moisture_25cm,0.32393,0.0172,14,2011,2024
4070400770,7,soil_moisture_5cm,0.29892,0.03221,14,2011,2024
4070400770,7,soil_moisture_70cm,0.33332,0.01475,14,2011,2024
4070400770,7,specific_humidity,0.0062,0.00086,14,2011,2024
4070400770,7,temperature_max,19.48409,1.26952,14,2011,2024
4070400770,7,temperature_mean,16.71119,1.10089,14,2011,2024
4070400770,7,temperature_min,13.99082,0.96099,14,2011,2024
4070410400,7,potential_evaporation,94428221.98477,6301676.54026,14,2011,2024
4070410400,7,precipitation,0.02526,0.04448,14,2011,2024
4070410400,7,shortwave_down,335.40916,7.72101,14,2011,2024
4070410400,7,soil_moisture_150cm,0.13729,0.00802,14,2011,2024
4070410400,7,soil_moisture_25cm,0.14944,0.00926,14,2011,2024
4070410400,7,soil_moisture_5cm,0.03834,0.00427,14,2011,2024
4070410400,7,soil_moisture_70cm,0.14744,0.0115,14,2011,2024
4070410400,7,specific_humidity,0.00503,0.00052,14,2011,2024
4070410400,7,temperature_max,35.69233,1.16706,14,2011,2024
4070410400,7,temperature_mean,31.33519,1.18311,14,2011,2024
4070410400,7,temperature_min,26.85232,1.24473,14,2011,2024
4070410530,7,potential_evaporation,89369479.56732,6451096.84316,14,2011,2024
4070410530,7,precipitation,0.02704,0.05225,14,2011,2024
4070410530,7,shortwave_down,333.78482,8.40909,14,2011,2024
4070410530,7,soil_moisture_150cm,0.13881,0.00845,14,2011,2024
4070410530,7,soil_moisture_25cm,0.15058,0.01039,14,2011,2024
4070410530,7,soil_moisture_5cm,0.03909,0.00523,14,2011,2024
4070410530,7,soil_moisture_70cm,0.14876,0.0126,14,2011,2024
4070410530,7,specific_humidity,0.00512,0.00053,14,2011,2024
4070410530,7,temperature_max,35.61924,1.18321,14,2011,2024
4070410530,7,temperature_mean,31.23332,1.20009,14,2011,2024
4070410530,7,temperature_min,26.73116,1.25838,14,2011,2024
4070411980,7,potential_evaporation,72795926.24952,6212647.46068,14,2011,2024
4070411980,7,precipitation,0.03756,0.04757,14,2011,2024
4070411980,7,shortwave_down,334.61704,6.99344,14,2011,2024
4070411980,7,soil_moisture_150cm,0.2795,0.00864,14,2011,2024
4070411980,7,soil_moisture_25cm,0.15962,0.0107,14,2011,2024
4070411980,7,soil_moisture_5cm,0.13419,0.00474,14,2011,2024
4070411980,7,soil_moisture_70cm,0.16311,0.01295,14,2011,2024
4070411980,7,specific_humidity,0.00535,0.0006,14,2011,2024
4070411980,7,temperature_max,35.57487,0.9241,14,2011,2024
4070411980,7,temperature_mean,31.00697,0.88864,14,2011,2024
4070411980,7,temperature_min,26.67073,0.85219,14,2011,2024
4070411990,7,potential_evaporation,72583236.12134,6451443.59698,14,2011,2024
4070411990,7,precipitation,0.04376,0.05376,14,2011,2024
4070411990,7,shortwave_down,333.24322,7.98963,14,2011,2024
4070411990,7,soil_moisture_150cm,0.27597,0.0156,14,2011,2024
4070411990,7,soil_moisture_25cm,0.16929,0.01246,14,2011,2024
4070411990,7,soil_moisture_5cm,0.13387,0.00893,14,2011,2024
4070411990,7,soil_moisture_70cm,0.17331,0.01385,14,2011,2024
4070411990,7,specific_humidity,0.00548,0.00065,14,2011,2024
4070411990,7,temperature_max,35.44756,0.91004,14,2011,2024
4070411990,7,temperature_mean,30.70531,0.88751,14,2011,2024
4070411990,7,temperature_min,26.2166,0.86192,14,2011,2024
4070414130,7,potential_evaporation,65963252.94232,5967670.30552,14,2011,2024
4070414130,7,precipitation,0.04885,0.06675,14,2011,2024
4070414130,7,shortwave_down,330.39212,9.43973,14,2011,2024
4070414130,7,soil_moisture_150cm,0.29424,0.0136,14,2011,2024
4070414130,7,soil_moisture_25cm,0.16103,0.01449,14,2011,2024
4070414130,7,soil_moisture_5cm,0.13905,0.00823,14,2011,2024
4070414130,7,soil_moisture_70cm,0.16545,0.01602,14,2011,2024
4070414130,7,specific_humidity,0.00566,0.00068,14,2011,2024
4070414130,7,temperature_max,35.35031,0.87345,14,2011,2024
4070414130,7,temperature_mean,30.31887,0.84831,14,2011,2024
4070414130,7,temperature_min,25.52019,0.82492,14,2011,2024
4070414480,7,potential_evaporation,66648508.98402,5592393.36951,14,2011,2024
4070414480,7,precipitation,0.09329,0.09641,14,2011,2024
4070414480,7,shortwave_down,330.41572,11.90686,14,2011,2024
4070414480,7,soil_moisture_150cm,0.27129,0.0148,14,2011,2024
4070414480,7,soil_moisture_25cm,0.22362,0.0145,14,2011,2024
4070414480,7,soil_moisture_5cm,0.14238,0.00726,14,2011,2024
4070414480,7,soil_moisture_70cm,0.22725,0.01488,14,2011,2024
4070414480,7,specific_humidity,0.0055,0.00062,14,2011,2024
4070414480,7,temperature_max,34.78728,1.06201,14,2011,2024
4070414480,7,temperature_mean,30.05023,0.91806,14,2011,2024
4070414480,7,temperature_min,25.59674,0.85329,14,2011,2024
4070414690,7,potential_evaporation,62774708.66233,5166401.71705,14,2011,2024
4070414690,7,precipitation,0.04578,0.06152,14,2011,2024
4070414690,7,shortwave_down,329.7588,9.30852,14,2011,2024
4070414690,7,soil_moisture_150cm,0.29606,0.01142,14,2011,2024
4070414690,7,soil_moisture_25cm,0.16031,0.01438,14,2011,2024
4070414690,7,soil_moisture_5cm,0.13965,0.00734,14,2011,2024
4070414690,7,soil_moisture_70cm,0.1649,0.01579,14,2011,2024
4070414690,7,specific_humidity,0.00567,0.00066,14,2011,2024
4070414690,7,temperature_max,35.16052,0.87196,14,2011,2024
4070414690,7,temperature_mean,30.18956,0.87152,14,2011,2024
4070414690,7,temperature_min,25.39625,0.86248,14,2011,2024
4070417050,7,potential_evaporation,57188953.74046,2622119.31539,14,2011,2024
4070417050,7,precipitation,0.11395,0.11119,14,2011,2024
4070417050,7,shortwave_down,335.75761,11.20899,14,2011,2024
4070417050,7,soil_moisture_150cm,0.29768,0.00766,14,2011,2024
4070417050,7,soil_moisture_25cm,0.16526,0.01318,14,2011,2024
4070417050,7,soil_moisture_5cm,0.14411,0.00796,14,2011,2024
4070417050,7,soil_moisture_70cm,0.16856,0.01446,14,2011,2024
4070417050,7,specific_humidity,0.00534,0.00058,14,2011,2024
4070417050,7,temperature_max,32.09412,0.98057,14,2011,2024
4070417050,7,temperature_mean,27.79039,0.92857,14,2011,2024
4070417050,7,temperature_min,23.66979,0.91054,14,2011,2024
4070417190,7,potential_evaporation,56320313.31805,3334248.44042,14,2011,2024
4070417190,7,precipitation,0.05591,0.07622,14,2011,2024
4070417190,7,shortwave_down,329.51923,8.57611,14,2011,2024
4070417190,7,soil_moisture_150cm,0.2923,0.01271,14,2011,2024
4070417190,7,soil_moisture_25cm,0.16882,0.01632,14,2011,2024
4070417190,7,soil_moisture_5cm,0.14236,0.00748,14,2011,2024
4070417190,7,soil_moisture_70cm,0.17396,0.01843,14,2011,2024
4070417190,7,specific_humidity,0.00571,0.00066,14,2011,2024
4070417190,7,temperature_max,34.92724,1.05141,14,2011,2024
4070417190,7,temperature_mean,30.25819,1.14165,14,2011,2024
4070417190,7,temperature_min,25.63483,1.26497,14,2011,2024
4070418020,7,potential_evaporation,59404821.32833,2725165.67524,14,2011,2024
4070418020,7,precipitation,0.02723,0.04613,14,2011,2024
4070418020,7,shortwave_down,338.59663,6.14149,14,2011,2024
4070418020,7,soil_moisture_150cm,0.2072,0.00739,14,2011,2024
4070418020,7,soil_moisture_25cm,0.15776,0.01062,14,2011,2024
4070418020,7,soil_moisture_5cm,0.09387,0.00468,14,2011,2024
4070418020,7,soil_moisture_70cm,0.15729,0.01309,14,2011,2024
4070418020,7,specific_humidity,0.00492,0.00052,14,2011,2024
4070418020,7,temperature_max,34.06824,0.97342,14,2011,2024
4070418020,7,temperature_mean,29.57392,0.94937,14,2011,2024
4070418020,7,temperature_min,25.04999,0.98503,14,2011,2024
4070418170,7,potential_evaporation,55505936.11188,3618141.86943,14,2011,2024
4070418170,7,precipitation,0.02494,0.04676,14,2011,2024
4070418170,7,shortwave_down,340.02932,6.02229,14,2011,2024
4070418170,7,soil_moisture_150cm,0.25913,0.00613,14,2011,2024
4070418170,7,soil_moisture_25cm,0.23537,0.00973,14,2011,2024
4070418170,7,soil_moisture_5cm,0.12905,0.00487,14,2011,2024
4070418170,7,soil_moisture_70cm,0.23783,0.00959,14,2011,2024
4070418170,7,specific_humidity,0.00487,0.00052,14,2011,2024
4070418170,7,temperature_max,33.88744,0.97235,14,2011,2024
4070418170,7,temperature_mean,29.95532,0.941,14,2011,2024
4070418170,7,temperature_min,25.83151,0.93618,14,2011,2024
4070418210,7,potential_evaporation,58186113.57013,3837879.24551,14,2011,2024
4070418210,7,precipitation,0.04696,0.05957,14,2011,2024
4070418210,7,shortwave_down,342.92789,7.71636,14,2011,2024
4070418210,7,soil_moisture_150cm,0.25938,0.00795,14,2011,2024
4070418210,7,soil_moisture_25cm,0.19919,0.0252,14,2011,2024
4070418210,7,soil_moisture_5cm,0.13212,0.00535,14,2011,2024
4070418210,7,soil_moisture_70cm,0.20154,0.02636,14,2011,2024
4070418210,7,specific_humidity,0.00488,0.00053,14,2011,2024
4070418210,7,temperature_max,31.75826,0.95838,14,2011,2024
4070418210,7,temperature_mean,27.86155,0.94217,14,2011,2024
4070418210,7,temperature_min,23.84365,0.92125,14,2011,2024
4070418370,7,potential_evaporation,57820689.2472,4557791.40715,14,2011,2024
4070418370,7,precipitation,0.04805,0.07177,14,2011,2024
4070418370,7,shortwave_down,343.97902,7.75694,14,2011,2024
4070418370,7,soil_moisture_150cm,0.2869,0.00709,14,2011,2024
4070418370,7,soil_moisture_25cm,0.25832,0.01424,14,2011,2024
4070418370,7,soil_moisture_5cm,0.13674,0.00586,14,2011,2024
4070418370,7,soil_moisture_70cm,0.26217,0.01386,14,2011,2024
4070418370,7,specific_humidity,0.00483,0.00052,14,2011,2024
4070418370,7,temperature_max,31.76749,0.9351,14,2011,2024
4070418370,7,temperature_mean,28.10788,0.9405,14,2011,2024
4070418370,7,temperature_min,24.32707,0.98932,14,2011,2024
4070418710,7,potential_evaporation,67573742.88679,3594875.48572,14,2011,2024
4070418710,7,precipitation,0.02865,0.04034,14,2011,2024
4070418710,7,shortwave_down,336.93608,6.4561,14,2011,2024
4070418710,7,soil_moisture_150cm,0.19972,0.0069,14,2011,2024
4070418710,7,soil_moisture_25cm,0.15918,0.00883,14,2011,2024
4070418710,7,soil_moisture_5cm,0.07955,0.00426,14,2011,2024
4070418710,7,soil_moisture_70cm,0.16068,0.01088,14,2011,2024
4070418710,7,specific_humidity,0.00495,0.00053,14,2011,2024
4070418710,7,temperature_max,34.72642,0.99012,14,2011,2024
4070418710,7,temperature_mean,30.15809,0.96918,14,2011,2024
4070418710,7,temperature_min,25.67854,1.00593,14,2011,2024
4070418910,7,potential_evaporation,60377578.76092,3886509.94336,14,2011,2024
4070418910,7,precipitation,0.06311,0.06846,14,2011,2024
4070418910,7,shortwave_down,343.28893,8.61386,14,2011,2024
4070418910,7,soil_moisture_150cm,0.27843,0.00488,14,2011,2024
4070418910,7,soil_moisture_25cm,0.1999,0.01801,14,2011,2024
4070418910,7,soil_moisture_5cm,0.13763,0.0058,14,2011,2024
4070418910,7,soil_moisture_70cm,0.20417,0.01935,14,2011,2024
4070418910,7,specific_humidity,0.0049,0.00053,14,2011,2024
4070418910,7,temperature_max,31.02168,0.91207,14,2011,2024
4070418910,7,temperature_mean,27.14172,0.89723,14,2011,2024
4070418910,7,temperature_min,23.18138,0.89975,14,2011,2024
4070419950,7,potential_evaporation,74707753.98717,6114096.48541,14,2011,2024
4070419950,7,precipitation,0.03326,0.04296,14,2011,2024
4070419950,7,shortwave_down,335.59244,6.47072,14,2011,2024
4070419950,7,soil_moisture_150cm,0.27267,0.00741,14,2011,2024
4070419950,7,soil_moisture_25cm,0.16059,0.01171,14,2011,2024
4070419950,7,soil_moisture_5cm,0.13219,0.00339,14,2011,2024
4070419950,7,soil_moisture_70cm,0.16362,0.01456,14,2011,2024
4070419950,7,specific_humidity,0.00524,0.00057,14,2011,2024
4070419950,7,temperature_max,35.73211,0.98029,14,2011,2024
4070419950,7,temperature_mean,31.29774,0.9479,14,2011,2024
4070419950,7,temperature_min,27.08585,0.91292,14,2011,2024
4070419960,7,potential_evaporation,50010323.4661,4908278.73225,14,2011,2024
4070419960,7,precipitation,0.51041,0.51576,14,2011,2024
4070419960,7,shortwave_down,335.28958,12.38629,14,2011,2024
4070419960,7,soil_moisture_150cm,0.30095,0.00833,14,2011,2024
4070419960,7,soil_moisture_25cm,0.22133,0.02052,14,2011,2024
4070419960,7,soil_moisture_5cm,0.17513,0.02062,14,2011,2024
4070419960,7,soil_moisture_70cm,0.22806,0.02042,14,2011,2024
4070419960,7,specific_humidity,0.00572,0.00063,14,2011,2024
4070419960,7,temperature_max,27.54977,1.49297,14,2011,2024
4070419960,7,temperature_mean,23.86455,1.35831,14,2011,2024
4070419960,7,temperature_min,20.06287,1.22054,14,2011,2024
4070420090,7,potential_evaporation,60329059.09708,2753149.87235,14,2011,2024
4070420090,7,precipitation,0.05733,0.08115,14,2011,2024
4070420090,7,shortwave_down,331.67292,9.34029,14,2011,2024
4070420090,7,soil_moisture_150cm,0.29029,0.00983,14,2011,2024
4070420090,7,soil_moisture_25cm,0.15423,0.00926,14,2011,2024
4070420090,7,soil_moisture_5cm,0.13498,0.00539,14,2011,2024
4070420090,7,soil_moisture_70cm,0.15676,0.01001,14,2011,2024
4070420090,7,specific_humidity,0.0055,0.00064,14,2011,2024
4070420090,7,temperature_max,35.28336,0.92137,14,2011,2024
4070420090,7,temperature_mean,30.2096,0.96096,14,2011,2024
4070420090,7,temperature_min,25.42007,1.04526,14,2011,2024
4070420360,7,potential_evaporation,60839037.84877,5327824.3295,14,2011,2024
4070420360,7,precipitation,0.06704,0.09176,14,2011,2024
4070420360,7,shortwave_down,326.95733,11.59593,14,2011,2024
4070420360,7,soil_moisture_150cm,0.3049,0.01181,14,2011,2024
4070420360,7,soil_moisture_25cm,0.15357,0.01465,14,2011,2024
4070420360,7,soil_moisture_5cm,0.13966,0.00813,14,2011,2024
4070420360,7,soil_moisture_70cm,0.15758,0.01615,14,2011,2024
4070420360,7,specific_humidity,0.00574,0.00071,14,2011,2024
4070420360,7,temperature_max,35.27413,0.95498,14,2011,2024
4070420360,7,temperature_mean,29.94428,0.97075,14,2011,2024
4070420360,7,temperature_min,24.81601,1.06136,14,2011,2024
4070420590,7,potential_evaporation,40764030.72235,4640383.01047,14,2011,2024
4070420590,7,precipitation,0.89339,0.89502,14,2011,2024
4070420590,7,shortwave_down,329.44885,11.83748,14,2011,2024
4070420590,7,soil_moisture_150cm,0.31664,0.015,14,2011,2024
4070420590,7,soil_moisture_25cm,0.29057,0.0151,14,2011,2024
4070420590,7,soil_moisture_5cm,0.21619,0.03549,14,2011,2024
4070420590,7,soil_moisture_70cm,0.29711,0.01618,14,2011,2024
4070420590,7,specific_humidity,0.00824,0.00131,14,2011,2024
4070420590,7,temperature_max,32.22113,1.19776,14,2011,2024
4070420590,7,temperature_mean,28.48082,1.01096,14,2011,2024
4070420590,7,temperature_min,25.08043,0.82004,14,2011,2024
4070420780,7,potential_evaporation,37455032.0072,3420003.9223,14,2011,2024
4070420780,7,precipitation,0.32015,0.29327,14,2011,2024
4070420780,7,shortwave_down,339.65375,9.96141,14,2011,2024
4070420780,7,soil_moisture_150cm,0.29946,0.0079,14,2011,2024
4070420780,7,soil_moisture_25cm,0.2731,0.00861,14,2011,2024
4070420780,7,soil_moisture_5cm,0.19089,0.02283,14,2011,2024
4070420780,7,soil_moisture_70cm,0.28103,0.00957,14,2011,2024
4070420780,7,specific_humidity,0.00726,0.00115,14,2011,2024
4070420780,7,temperature_max,29.94293,1.70997,14,2011,2024
4070420780,7,temperature_mean,26.52316,1.58889,14,2011,2024
4070420780,7,temperature_min,23.43454,1.46484,14,2011,2024
4070421180,7,potential_evaporation,54150635.22343,2259922.74442,14,2011,2024
4070421180,7,precipitation,0.07843,0.08128,14,2011,2024
4070421180,7,shortwave_down,341.21965,8.29369,14,2011,2024
4070421180,7,soil_moisture_150cm,0.3014,0.00643,14,2011,2024
4070421180,7,soil_moisture_25cm,0.16256,0.00963,14,2011,2024
4070421180,7,soil_moisture_5cm,0.14857,0.0077,14,2011,2024
4070421180,7,soil_moisture_70cm,0.16614,0.01026,14,2011,2024
4070421180,7,specific_humidity,0.00539,0.00062,14,2011,2024
4070421180,7,temperature_max,31.10186,0.87559,14,2011,2024
4070421180,7,temperature_mean,26.78665,0.90244,14,2011,2024
4070421180,7,temperature_min,22.56993,0.9424,14,2011,2024
4070421200,7,potential_evaporation,45109461.92988,5239062.16123,14,2011,2024
4070421200,7,precipitation,0.8857,0.87636,14,2011,2024
4070421200,7,shortwave_down,328.62348,10.45301,14,2011,2024
4070421200,7,soil_moisture_150cm,0.29164,0.01027,14,2011,2024
4070421200,7,soil_moisture_25cm,0.24398,0.02929,14,2011,2024
4070421200,7,soil_moisture_5cm,0.20127,0.02723,14,2011,2024
4070421200,7,soil_moisture_70cm,0.24418,0.03003,14,2011,2024
4070421200,7,specific_humidity,0.00841,0.0012,14,2011,2024
4070421200,7,temperature_max,32.936,1.16555,14,2011,2024
4070421200,7,temperature_mean,28.79552,0.94851,14,2011,2024
4070421200,7,temperature_min,25.11845,0.71238,14,2011,2024
4070421390,7,potential_evaporation,56040388.93771,3598969.4947,14,2011,2024
4070421390,7,precipitation,0.06828,0.0931,14,2011,2024
4070421390,7,shortwave_down,328.58618,9.4259,14,2011,2024
4070421390,7,soil_moisture_150cm,0.3014,0.01135,14,2011,2024
4070421390,7,soil_moisture_25cm,0.16948,0.01669,14,2011,2024
4070421390,7,soil_moisture_5cm,0.14385,0.00781,14,2011,2024
4070421390,7,soil_moisture_70cm,0.17522,0.01861,14,2011,2024
4070421390,7,specific_humidity,0.00575,0.00067,14,2011,2024
4070421390,7,temperature_max,34.86695,1.04274,14,2011,2024
4070421390,7,temperature_mean,30.00331,1.11078,14,2011,2024
4070421390,7,temperature_min,25.21991,1.20821,14,2011,2024
4070421630,7,potential_evaporation,72688076.85559,4282592.22394,14,2011,2024
4070421630,7,precipitation,0.02413,0.03273,14,2011,2024
4070421630,7,shortwave_down,336.92804,6.17476,14,2011,2024
4070421630,7,soil_moisture_150cm,0.22669,0.00459,14,2011,2024
4070421630,7,soil_moisture_25cm,0.16346,0.00935,14,2011,2024
4070421630,7,soil_moisture_5cm,0.10572,0.00321,14,2011,2024
4070421630,7,soil_moisture_70cm,0.16325,0.01209,14,2011,2024
4070421630,7,specific_humidity,0.00497,0.00053,14,2011,2024
4070421630,7,temperature_max,35.16647,0.96218,14,2011,2024
4070421630,7,temperature_mean,30.87108,0.95245,14,2011,2024
4070421630,7,temperature_min,26.64766,0.97065,14,2011,2024
4070421850,7,potential_evaporation,63043471.23992,4427105.6115,14,2011,2024
4070421850,7,precipitation,0.06852,0.07495,14,2011,2024
4070421850,7,shortwave_down,341.76494,9.61948,14,2011,2024
4070421850,7,soil_moisture_150cm,0.28544,0.0043,14,2011,2024
4070421850,7,soil_moisture_25cm,0.20465,0.01867,14,2011,2024
4070421850,7,soil_moisture_5cm,0.13857,0.00583,14,2011,2024
4070421850,7,soil_moisture_70cm,0.21067,0.01936,14,2011,2024
4070421850,7,specific_humidity,0.00493,0.00054,14,2011,2024
4070421850,7,temperature_max,31.08996,0.85741,14,2011,2024
4070421850,7,temperature_mean,27.28055,0.88367,14,2011,2024
4070421850,7,temperature_min,23.44486,0.93571,14,2011,2024
4070422200,7,potential_evaporation,73665222.36039,5691307.88143,14,2011,2024
4070422200,7,precipitation,0.03084,0.03876,14,2011,2024
4070422200,7,shortwave_down,334.94632,7.47301,14,2011,2024
4070422200,7,soil_moisture_150cm,0.28023,0.00698,14,2011,2024
4070422200,7,soil_moisture_25cm,0.16831,0.01194,14,2011,2024
4070422200,7,soil_moisture_5cm,0.13285,0.00373,14,2011,2024
4070422200,7,soil_moisture_70cm,0.17293,0.01496,14,2011,2024
4070422200,7,specific_humidity,0.00515,0.00055,14,2011,2024
4070422200,7,temperature_max,35.05527,0.8323,14,2011,2024
4070422200,7,temperature_mean,30.90756,0.84075,14,2011,2024
4070422200,7,temperature_min,26.89059,0.83805,14,2011,2024
4070422350,7,potential_evaporation,61079726.63326,4223073.29506,14,2011,2024
4070422350,7,precipitation,0.04099,0.05955,14,2011,2024
4070422350,7,shortwave_down,339.32222,7.5493,14,2011,2024
4070422350,7,soil_moisture_150cm,0.27795,0.01037,14,2011,2024
4070422350,7,soil_moisture_25cm,0.17268,0.01582,14,2011,2024
4070422350,7,soil_moisture_5cm,0.13881,0.00805,14,2011,2024
4070422350,7,soil_moisture_70cm,0.17726,0.01635,14,2011,2024
4070422350,7,specific_humidity,0.00534,0.00056,14,2011,2024
4070422350,7,temperature_max,32.02962,0.93543,14,2011,2024
4070422350,7,temperature_mean,27.92475,0.90442,14,2011,2024
4070422350,7,temperature_min,23.8006,0.89601,14,2011,2024
4070422950,7,potential_evaporation,28749979.67056,2140736.57462,14,2011,2024
4070422950,7,precipitation,1.65041,1.23993,14,2011,2024
4070422950,7,shortwave_down,334.6078,11.59427,14,2011,2024
4070422950,7,soil_moisture_150cm,0.30585,0.01256,14,2011,2024
4070422950,7,soil_moisture_25cm,0.23524,0.01745,14,2011,2024
4070422950,7,soil_moisture_5cm,0.22703,0.01855,14,2011,2024
4070422950,7,soil_moisture_70cm,0.23662,0.01823,14,2011,2024
4070422950,7,specific_humidity,0.00734,0.00085,14,2011,2024
4070422950,7,temperature_max,25.71333,1.05834,14,2011,2024
4070422950,7,temperature_mean,22.64288,0.8911,14,2011,2024
4070422950,7,temperature_min,19.98947,0.72591,14,2011,2024
4070423230,7,potential_evaporation,36335430.4269,5292246.35047,14,2011,2024
4070423230,7,precipitation,0.99114,1.10931,14,2011,2024
4070423230,7,shortwave_down,330.53893,16.26219,14,2011,2024
4070423230,7,soil_moisture_150cm,0.31028,0.01564,14,2011,2024
4070423230,7,soil_moisture_25cm,0.21283,0.05021,14,2011,2024
4070423230,7,soil_moisture_5cm,0.20347,0.04752,14,2011,2024
4070423230,7,soil_moisture_70cm,0.21482,0.05003,14,2011,2024
4070423230,7,specific_humidity,0.00745,0.00096,14,2011,2024
4070423230,7,temperature_max,24.66838,2.64533,14,2011,2024
4070423230,7,temperature_mean,21.51716,2.27715,14,2011,2024
4070423230,7,temperature_min,18.80547,2.03715,14,2011,2024
4070424440,7,potential_evaporation,33916896.65329,3726951.58821,14,2011,2024
4070424440,7,precipitation,2.742,2.21191,14,2011,2024
4070424440,7,shortwave_down,321.44394,16.41179,14,2011,2024
4070424440,7,soil_moisture_150cm,0.32854,0.00873,14,2011,2024
4070424440,7,soil_moisture_25cm,0.26405,0.02078,14,2011,2024
4070424440,7,soil_moisture_5cm,0.25161,0.02678,14,2011,2024
4070424440,7,soil_moisture_70cm,0.26748,0.01898,14,2011,2024
4070424440,7,specific_humidity,0.00815,0.00099,14,2011,2024
4070424440,7,temperature_max,26.41624,1.39508,14,2011,2024
4070424440,7,temperature_mean,23.24777,1.19722,14,2011,2024
4070424440,7,temperature_min,20.45596,1.00371,14,2011,2024
4070424780,7,potential_evaporation,25753296.89402,3896875.07872,14,2011,2024
4070424780,7,precipitation,4.52519,1.54779,14,2011,2024
4070424780,7,shortwave_down,309.4817,22.33737,14,2011,2024
4070424780,7,soil_moisture_150cm,0.35371,0.01053,14,2011,2024
4070424780,7,soil_moisture_25cm,0.31411,0.01901,14,2011,2024
4070424780,7,soil_moisture_5cm,0.29965,0.02313,14,2011,2024
4070424780,7,soil_moisture_70cm,0.3175,0.01865,14,2011,2024
4070424780,7,specific_humidity,0.0076,0.00056,14,2011,2024
4070424780,7,temperature_max,15.28862,1.667,14,2011,2024
4070424780,7,temperature_mean,12.45292,1.57314,14,2011,2024
4070424780,7,temperature_min,9.94682,1.50806,14,2011,2024
4070425250,7,potential_evaporation,69393593.93637,5302905.23744,14,2011,2024
4070425250,7,precipitation,0.04621,0.05624,14,2011,2024
4070425250,7,shortwave_down,337.78316,9.03422,14,2011,2024
4070425250,7,soil_moisture_150cm,0.28098,0.0039,14,2011,2024
4070425250,7,soil_moisture_25cm,0.18978,0.01614,14,2011,2024
4070425250,7,soil_moisture_5cm,0.13554,0.00442,14,2011,2024
4070425250,7,soil_moisture_70cm,0.19549,0.01813,14,2011,2024
4070425250,7,specific_humidity,0.005,0.00054,14,2011,2024
4070425250,7,temperature_max,33.21683,0.83762,14,2011,2024
4070425250,7,temperature_mean,29.3154,0.85026,14,2011,2024
4070425250,7,temperature_min,25.48596,0.86064,14,2011,2024
4070425390,7,potential_evaporation,63617533.264,6689767.17222,14,2011,2024
4070425390,7,precipitation,0.05159,0.06846,14,2011,2024
4070425390,7,shortwave_down,337.06863,11.97617,14,2011,2024
4070425390,7,soil_moisture_150cm,0.30409,0.00625,14,2011,2024
4070425390,7,soil_moisture_25cm,0.19537,0.02233,14,2011,2024
4070425390,7,soil_moisture_5cm,0.14038,0.0063,14,2011,2024
4070425390,7,soil_moisture_70cm,0.20478,0.02545,14,2011,2024
4070425390,7,specific_humidity,0.00505,0.00055,14,2011,2024
4070425390,7,temperature_max,31.76273,0.72073,14,2011,2024
4070425390,7,temperature_mean,27.89825,0.75899,14,2011,2024
4070425390,7,temperature_min,24.07727,0.80299,14,2011,2024
4070425430,7,potential_evaporation,45230605.23919,2822407.06347,14,2011,2024
4070425430,7,precipitation,0.75951,0.56301,14,2011,2024
4070425430,7,shortwave_down,330.78983,14.34021,14,2011,2024
4070425430,7,soil_moisture_150cm,0.31772,0.00517,14,2011,2024
4070425430,7,soil_moisture_25cm,0.23733,0.01297,14,2011,2024
4070425430,7,soil_moisture_5cm,0.19847,0.01538,14,2011,2024
4070425430,7,soil_moisture_70cm,0.24434,0.01354,14,2011,2024
4070425430,7,specific_humidity,0.00595,0.00078,14,2011,2024
4070425430,7,temperature_max,28.15491,1.06875,14,2011,2024
4070425430,7,temperature_mean,24.46375,1.03944,14,2011,2024
4070425430,7,temperature_min,20.84424,1.03852,14,2011,2024
4070425640,7,potential_evaporation,56317407.00582,2774596.8185,14,2011,2024
4070425640,7,precipitation,0.09037,0.11153,14,2011,2024
4070425640,7,shortwave_down,330.8969,9.52246,14,2011,2024
4070425640,7,soil_moisture_150cm,0.29205,0.01425,14,2011,2024
4070425640,7,soil_moisture_25cm,0.17902,0.01953,14,2011,2024
4070425640,7,soil_moisture_5cm,0.14482,0.00871,14,2011,2024
4070425640,7,soil_moisture_70cm,0.18438,0.02215,14,2011,2024
4070425640,7,specific_humidity,0.00573,0.00068,14,2011,2024
4070425640,7,temperature_max,33.48719,1.11257,14,2011,2024
4070425640,7,temperature_mean,29.12622,1.23478,14,2011,2024
4070425640,7,temperature_min,24.79832,1.46642,14,2011,2024
4070425650,7,potential_evaporation,40038619.55302,4421797.23664,14,2011,2024
4070425650,7,precipitation,0.77433,0.54685,14,2011,2024
4070425650,7,shortwave_down,331.64536,13.29843,14,2011,2024
4070425650,7,soil_moisture_150cm,0.2848,0.01804,14,2011,2024
4070425650,7,soil_moisture_25cm,0.28761,0.01185,14,2011,2024
4070425650,7,soil_moisture_5cm,0.2232,0.0227,14,2011,2024
4070425650,7,soil_moisture_70cm,0.28939,0.01403,14,2011,2024
4070425650,7,specific_humidity,0.00702,0.00107,14,2011,2024
4070425650,7,temperature_max,28.20987,1.69061,14,2011,2024
4070425650,7,temperature_mean,24.67268,1.53681,14,2011,2024
4070425650,7,temperature_min,21.47747,1.38826,14,2011,2024
4070425860,7,potential_evaporation,62685688.68583,6253080.76208,14,2011,2024
4070425860,7,precipitation,0.22391,0.2418,14,2011,2024
4070425860,7,shortwave_down,332.58941,10.90292,14,2011,2024
4070425860,7,soil_moisture_150cm,0.15653,0.0086,14,2011,2024
4070425860,7,soil_moisture_25cm,0.24054,0.01044,14,2011,2024
4070425860,7,soil_moisture_5cm,0.17125,0.01554,14,2011,2024
4070425860,7,soil_moisture_70cm,0.22447,0.01941,14,2011,2024
4070425860,7,specific_humidity,0.00679,0.00092,14,2011,2024
4070425860,7,temperature_max,33.83151,1.00332,14,2011,2024
4070425860,7,temperature_mean,29.40712,0.86783,14,2011,2024
4070425860,7,temperature_min,25.37713,0.79244,14,2011,2024
4070426190,7,potential_evaporation,35172116.14118,5171076.89657,14,2011,2024
4070426190,7,precipitation,0.98424,1.08592,14,2011,2024
4070426190,7,shortwave_down,331.82554,16.46932,14,2011,2024
4070426190,7,soil_moisture_150cm,0.30989,0.01628,14,2011,2024
4070426190,7,soil_moisture_25cm,0.21303,0.05013,14,2011,2024
4070426190,7,soil_moisture_5cm,0.20506,0.04766,14,2011,2024
4070426190,7,soil_moisture_70cm,0.2147,0.04986,14,2011,2024
4070426190,7,specific_humidity,0.0073,0.001,14,2011,2024
4070426190,7,temperature_max,24.0068,2.28817,14,2011,2024
4070426190,7,temperature_mean,20.88673,1.97658,14,2011,2024
4070426190,7,temperature_min,18.20098,1.75748,14,2011,2024
4070426290,7,potential_evaporation,60111804.01985,5982661.89841,14,2011,2024
4070426290,7,precipitation,0.19326,0.19687,14,2011,2024
4070426290,7,shortwave_down,331.33302,10.43143,14,2011,2024
4070426290,7,soil_moisture_150cm,0.1792,0.01056,14,2011,2024
4070426290,7,soil_moisture_25cm,0.24628,0.00983,14,2011,2024
4070426290,7,soil_moisture_5cm,0.17226,0.01616,14,2011,2024
4070426290,7,soil_moisture_70cm,0.23695,0.01319,14,2011,2024
4070426290,7,specific_humidity,0.00725,0.00089,14,2011,2024
4070426290,7,temperature_max,33.36015,1.11659,14,2011,2024
4070426290,7,temperature_mean,29.2137,0.95193,14,2011,2024
4070426290,7,temperature_min,25.61642,0.88536,14,2011,2024
4070426300,7,potential_evaporation,48243150.53375,5965065.2615,14,2011,2024
4070426300,7,precipitation,0.96392,0.59271,14,2011,2024
4070426300,7,shortwave_down,326.83093,14.11088,14,2011,2024
4070426300,7,soil_moisture_150cm,0.26139,0.02048,14,2011,2024
4070426300,7,soil_moisture_25cm,0.24398,0.01643,14,2011,2024
4070426300,7,soil_moisture_5cm,0.19479,0.02321,14,2011,2024
4070426300,7,soil_moisture_70cm,0.2447,0.01771,14,2011,2024
4070426300,7,specific_humidity,0.00766,0.00077,14,2011,2024
4070426300,7,temperature_max,26.5662,2.63238,14,2011,2024
4070426300,7,temperature_mean,23.24496,2.29315,14,2011,2024
4070426300,7,temperature_min,20.33745,2.04111,14,2011,2024
4070426410,7,potential_evaporation,43374193.02062,5773868.58206,14,2011,2024
4070426410,7,precipitation,2.8943,1.57705,14,2011,2024
4070426410,7,shortwave_down,318.10638,17.23836,14,2011,2024
4070426410,7,soil_moisture_150cm,0.28494,0.02735,14,2011,2024
4070426410,7,soil_moisture_25cm,0.30009,0.02063,14,2011,2024
4070426410,7,soil_moisture_5cm,0.24271,0.02803,14,2011,2024
4070426410,7,soil_moisture_70cm,0.30348,0.02459,14,2011,2024
4070426410,7,specific_humidity,0.00705,0.00071,14,2011,2024
4070426410,7,temperature_max,22.23612,2.13339,14,2011,2024
4070426410,7,temperature_mean,18.95163,1.89805,14,2011,2024
4070426410,7,temperature_min,16.02462,1.67034,14,2011,2024
4070426420,7,potential_evaporation,58403563.04348,5784578.67591,14,2011,2024
4070426420,7,precipitation,0.1555,0.18132,14,2011,2024
4070426420,7,shortwave_down,330.61292,10.50567,14,2011,2024
4070426420,7,soil_moisture_150cm,0.19851,0.01363,14,2011,2024
4070426420,7,soil_moisture_25cm,0.25146,0.01127,14,2011,2024
4070426420,7,soil_moisture_5cm,0.17112,0.0162,14,2011,2024
4070426420,7,soil_moisture_70cm,0.24451,0.01398,14,2011,2024
4070426420,7,specific_humidity,0.00741,0.00085,14,2011,2024
4070426420,7,temperature_max,32.17423,1.59577,14,2011,2024
4070426420,7,temperature_mean,28.36102,1.25986,14,2011,2024
4070426420,7,temperature_min,25.1034,0.97702,14,2011,2024
4070427550,7,potential_evaporation,48443327.85296,6282808.29508,14,2011,2024
4070427550,7,precipitation,0.38142,0.29441,14,2011,2024
4070427550,7,shortwave_down,328.58825,12.9874,14,2011,2024
4070427550,7,soil_moisture_150cm,0.25161,0.01932,14,2011,2024
4070427550,7,soil_moisture_25cm,0.24617,0.01199,14,2011,2024
4070427550,7,soil_moisture_5cm,0.18584,0.02559,14,2011,2024
4070427550,7,soil_moisture_70cm,0.24237,0.01343,14,2011,2024
4070427550,7,specific_humidity,0.00669,0.00091,14,2011,2024
4070427550,7,temperature_max,31.10047,1.94408,14,2011,2024
4070427550,7,temperature_mean,27.03065,1.82493,14,2011,2024
4070427550,7,temperature_min,23.30633,1.71653,14,2011,2024
4070427670,7,potential_evaporation,23653022.70478,2937905.66034,14,2011,2024
4070427670,7,precipitation,2.81266,1.11373,14,2011,2024
4070427670,7,shortwave_down,317.51377,18.70028,14,2011,2024
4070427670,7,soil_moisture_150cm,0.33517,0.01252,14,2011,2024
4070427670,7,soil_moisture_25cm,0.3124,0.01012,14,2011,2024
4070427670,7,soil_moisture_5cm,0.28604,0.02244,14,2011,2024
4070427670,7,soil_moisture_70cm,0.32508,0.01878,14,2011,2024
4070427670,7,specific_humidity,0.00656,0.00059,14,2011,2024
4070427670,7,temperature_max,13.85684,1.32211,14,2011,2024
4070427670,7,temperature_mean,10.54225,1.18672,14,2011,2024
4070427670,7,temperature_min,7.57417,1.09968,14,2011,2024
4070429520,7,potential_evaporation,56212260.04781,4076755.66848,14,2011,2024
4070429520,7,precipitation,0.0692,0.08762,14,2011,2024
4070429520,7,shortwave_down,342.78865,8.7121,14,2011,2024
4070429520,7,soil_moisture_150cm,0.28726,0.00965,14,2011,2024
4070429520,7,soil_moisture_25cm,0.19609,0.01789,14,2011,2024
4070429520,7,soil_moisture_5cm,0.14567,0.01064,14,2011,2024
4070429520,7,soil_moisture_70cm,0.2028,0.01878,14,2011,2024
4070429520,7,specific_humidity,0.00533,0.00054,14,2011,2024
4070429520,7,temperature_max,29.70052,1.17331,14,2011,2024
4070429520,7,temperature_mean,25.80849,1.09113,14,2011,2024
4070429520,7,temperature_min,21.87673,1.02346,14,2011,2024
4070429680,7,potential_evaporation,51137062.76925,3770324.29097,14,2011,2024
4070429680,7,precipitation,0.13264,0.12029,14,2011,2024
4070429680,7,shortwave_down,344.48849,8.98687,14,2011,2024
4070429680,7,soil_moisture_150cm,0.28295,0.00838,14,2011,2024
4070429680,7,soil_moisture_25cm,0.21374,0.01566,14,2011,2024
4070429680,7,soil_moisture_5cm,0.14833,0.00844,14,2011,2024
4070429680,7,soil_moisture_70cm,0.21964,0.01674,14,2011,2024
4070429680,7,specific_humidity,0.00525,0.00051,14,2011,2024
4070429680,7,temperature_max,28.91733,0.9178,14,2011,2024
4070429680,7,temperature_mean,25.12108,0.85013,14,2011,2024
4070429680,7,temperature_min,21.32364,0.79502,14,2011,2024
4070433260,7,potential_evaporation,46876667.7556,4033804.03288,14,2011,2024
4070433260,7,precipitation,0.21026,0.19483,14,2011,2024
4070433260,7,shortwave_down,331.56668,11.73041,14,2011,2024
4070433260,7,soil_moisture_150cm,0.25483,0.01958,14,2011,2024
4070433260,7,soil_moisture_25cm,0.23293,0.01638,14,2011,2024
4070433260,7,soil_moisture_5cm,0.16748,0.01878,14,2011,2024
4070433260,7,soil_moisture_70cm,0.22914,0.01937,14,2011,2024
4070433260,7,specific_humidity,0.00633,0.00084,14,2011,2024
4070433260,7,temperature_max,31.70384,1.55259,14,2011,2024
4070433260,7,temperature_mean,27.62162,1.46987,14,2011,2024
4070433260,7,temperature_min,23.82472,1.37355,14,2011,2024
4070433580,7,potential_evaporation,38777692.71265,4936799.21772,14,2011,2024
4070433580,7,precipitation,1.50379,1.10447,14,2011,2024
4070433580,7,shortwave_down,317.45307,19.25704,14,2011,2024
4070433580,7,soil_moisture_150cm,0.29943,0.02202,14,2011,2024
4070433580,7,soil_moisture_25cm,0.27824,0.02519,14,2011,2024
4070433580,7,soil_moisture_5cm,0.22367,0.03339,14,2011,2024
4070433580,7,soil_moisture_70cm,0.2809,0.03104,14,2011,2024
4070433580,7,specific_humidity,0.00658,0.00073,14,2011,2024
4070433580,7,temperature_max,24.25945,2.52148,14,2011,2024
4070433580,7,temperature_mean,20.98669,2.20585,14,2011,2024
4070433580,7,temperature_min,18.00193,1.88025,14,2011,2024
4070434830,7,potential_evaporation,46158955.97465,4122951.98677,14,2011,2024
4070434830,7,precipitation,0.11492,0.20524,14,2011,2024
4070434830,7,shortwave_down,335.1814,11.75862,14,2011,2024
4070434830,7,soil_moisture_150cm,0.24687,0.0113,14,2011,2024
4070434830,7,soil_moisture_25cm,0.21503,0.01477,14,2011,2024
4070434830,7,soil_moisture_5cm,0.14729,0.01439,14,2011,2024
4070434830,7,soil_moisture_70cm,0.20984,0.02204,14,2011,2024
4070434830,7,specific_humidity,0.00616,0.00078,14,2011,2024
4070434830,7,temperature_max,32.33703,1.02154,14,2011,2024
4070434830,7,temperature_mean,28.39008,0.86957,14,2011,2024
4070434830,7,temperature_min,24.74282,0.75784,14,2011,2024
4070435270,7,potential_evaporation,17047639.0761,4614613.79292,14,2011,2024
4070435270,7,precipitation,6.16427,3.71161,14,2011,2024
4070435270,7,shortwave_down,277.21904,33.15672,14,2011,2024
4070435270,7,soil_moisture_150cm,0.37971,0.02382,14,2011,2024
4070435270,7,soil_moisture_25cm,0.36847,0.02809,14,2011,2024
4070435270,7,soil_moisture_5cm,0.34258,0.03244,14,2011,2024
4070435270,7,soil_moisture_70cm,0.37969,0.02999,14,2011,2024
4070435270,7,specific_humidity,0.00673,0.00058,14,2011,2024
4070435270,7,temperature_max,13.20221,2.78987,14,2011,2024
4070435270,7,temperature_mean,10.50538,2.67298,14,2011,2024
4070435270,7,temperature_min,7.97064,2.58812,14,2011,2024
4070436970,7,potential_evaporation,58504543.34348,3099280.4004,14,2011,2024
4070436970,7,precipitation,0.06987,0.07973,14,2011,2024
4070436970,7,shortwave_down,332.77176,8.203,14,2011,2024
4070436970,7,soil_moisture_150cm,0.24636,0.03218,14,2011,2024
4070436970,7,soil_moisture_25cm,0.16475,0.01926,14,2011,2024
4070436970,7,soil_moisture_5cm,0.13779,0.00772,14,2011,2024
4070436970,7,soil_moisture_70cm,0.16617,0.02283,14,2011,2024
4070436970,7,specific_humidity,0.00563,0.00067,14,2011,2024
4070436970,7,temperature_max,33.51543,1.07872,14,2011,2024
4070436970,7,temperature_mean,29.46918,1.18623,14,2011,2024
4070436970,7,temperature_min,25.5098,1.40945,14,2011,2024
4070437190,7,potential_evaporation,33123739.39096,6365714.23686,14,2011,2024
4070437190,7,precipitation,1.72783,1.50513,14,2011,2024
4070437190,7,shortwave_down,315.83737,25.76554,14,2011,2024
4070437190,7,soil_moisture_150cm,0.32522,0.01394,14,2011,2024
4070437190,7,soil_moisture_25cm,0.29537,0.02041,14,2011,2024
4070437190,7,soil_moisture_5cm,0.2428,0.03888,14,2011,2024
4070437190,7,soil_moisture_70cm,0.30244,0.02061,14,2011,2024
4070437190,7,specific_humidity,0.00613,0.0007,14,2011,2024
4070437190,7,temperature_max,20.82443,2.63824,14,2011,2024
4070437190,7,temperature_mean,17.69476,2.39586,14,2011,2024
4070437190,7,temperature_min,14.4755,2.1188,14,2011,2024
4070441530,7,potential_evaporation,82567845.50591,5285277.81021,14,2011,2024
4070441530,7,precipitation,0.00943,0.01906,14,2011,2024
4070441530,7,shortwave_down,340.14211,5.23202,14,2011,2024
4070441530,7,soil_moisture_150cm,0.16399,0.01824,14,2011,2024
4070441530,7,soil_moisture_25cm,0.16725,0.00913,14,2011,2024
4070441530,7,soil_moisture_5cm,0.04418,0.00264,14,2011,2024
4070441530,7,soil_moisture_70cm,0.16885,0.01219,14,2011,2024
4070441530,7,specific_humidity,0.00477,0.0005,14,2011,2024
4070441530,7,temperature_max,36.1155,1.14221,14,2011,2024
4070441530,7,temperature_mean,32.05454,1.19339,14,2011,2024
4070441530,7,temperature_min,27.86504,1.28854,14,2011,2024
4070441780,7,potential_evaporation,97848194.2426,5810069.34566,14,2011,2024
4070441780,7,precipitation,0.00615,0.01283,14,2011,2024
4070441780,7,shortwave_down,339.63506,5.31916,14,2011,2024
4070441780,7,soil_moisture_150cm,0.15292,0.01135,14,2011,2024
4070441780,7,soil_moisture_25cm,0.15763,0.00935,14,2011,2024
4070441780,7,soil_moisture_5cm,0.03681,0.00203,14,2011,2024
4070441780,7,soil_moisture_70cm,0.15841,0.01152,14,2011,2024
4070441780,7,specific_humidity,0.00474,0.00049,14,2011,2024
4070441780,7,temperature_max,36.26028,1.11331,14,2011,2024
4070441780,7,temperature_mean,31.98245,1.17618,14,2011,2024
4070441780,7,temperature_min,27.54154,1.26399,14,2011,2024
4070446570,7,potential_evaporation,24756976.6154,3857848.39025,14,2011,2024
4070446570,7,precipitation,2.18887,0.99275,14,2011,2024
4070446570,7,shortwave_down,326.7956,18.58441,14,2011,2024
4070446570,7,soil_moisture_150cm,0.31859,0.02345,14,2011,2024
4070446570,7,soil_moisture_25cm,0.29681,0.02014,14,2011,2024
4070446570,7,soil_moisture_5cm,0.27288,0.0269,14,2011,2024
4070446570,7,soil_moisture_70cm,0.29691,0.02379,14,2011,2024
4070446570,7,specific_humidity,0.00706,0.00057,14,2011,2024
4070446570,7,temperature_max,13.39298,1.11343,14,2011,2024
4070446570,7,temperature_mean,10.05425,1.18393,14,2011,2024
4070446570,7,temperature_min,7.10051,1.32942,14,2011,2024
4070448090,7,potential_evaporation,43676285.37288,4358849.49346,14,2011,2024
4070448090,7,precipitation,1.00582,0.95355,14,2011,2024
4070448090,7,shortwave_down,324.38141,16.79069,14,2011,2024
4070448090,7,soil_moisture_150cm,0.28455,0.00493,14,2011,2024
4070448090,7,soil_moisture_25cm,0.24804,0.00671,14,2011,2024
4070448090,7,soil_moisture_5cm,0.18665,0.01972,14,2011,2024
4070448090,7,soil_moisture_70cm,0.25018,0.00692,14,2011,2024
4070448090,7,specific_humidity,0.00608,0.00074,14,2011,2024
4070448090,7,temperature_max,27.85697,1.15768,14,2011,2024
4070448090,7,temperature_mean,24.45105,0.96833,14,2011,2024
4070448090,7,temperature_min,21.20405,0.75971,14,2011,2024
4070456210,7,potential_evaporation,55183021.79764,4277709.69789,14,2011,2024
4070456210,7,precipitation,0.01935,0.02678,14,2011,2024
4070456210,7,shortwave_down,345.8575,7.70607,14,2011,2024
4070456210,7,soil_moisture_150cm,0.27845,0.00579,14,2011,2024
4070456210,7,soil_moisture_25cm,0.21953,0.0123,14,2011,2024
4070456210,7,soil_moisture_5cm,0.13738,0.00408,14,2011,2024
4070456210,7,soil_moisture_70cm,0.22524,0.01361,14,2011,2024
4070456210,7,specific_humidity,0.00499,0.0005,14,2011,2024
4070456210,7,temperature_max,31.6653,0.82755,14,2011,2024
4070456210,7,temperature_mean,27.8684,0.88444,14,2011,2024
4070456210,7,temperature_min,24.14508,0.99641,14,2011,2024
4070456310,7,potential_evaporation,60325508.68385,5322424.99059,14,2011,2024
4070456310,7,precipitation,0.01217,0.01901,14,2011,2024
4070456310,7,shortwave_down,343.93418,6.86141,14,2011,2024
4070456310,7,soil_moisture_150cm,0.29981,0.01139,14,2011,2024
4070456310,7,soil_moisture_25cm,0.28092,0.01683,14,2011,2024
4070456310,7,soil_moisture_5cm,0.13383,0.00301,14,2011,2024
4070456310,7,soil_moisture_70cm,0.28499,0.01595,14,2011,2024
4070456310,7,specific_humidity,0.00479,0.00052,14,2011,2024
4070456310,7,temperature_max,34.60666,1.05234,14,2011,2024
4070456310,7,temperature_mean,31.02163,1.0631,14,2011,2024
4070456310,7,temperature_min,27.43371,1.13259,14,2011,2024
4070457890,7,potential_evaporation,51172374.69969,4794972.38353,14,2011,2024
4070457890,7,precipitation,0.02654,0.03519,14,2011,2024
4070457890,7,shortwave_down,345.69834,8.08457,14,2011,2024
4070457890,7,soil_moisture_150cm,0.29639,0.00489,14,2011,2024
4070457890,7,soil_moisture_25cm,0.25634,0.01126,14,2011,2024
4070457890,7,soil_moisture_5cm,0.14078,0.00528,14,2011,2024
4070457890,7,soil_moisture_70cm,0.26338,0.01097,14,2011,2024
4070457890,7,specific_humidity,0.00497,0.00048,14,2011,2024
4070457890,7,temperature_max,32.40633,0.82426,14,2011,2024
4070457890,7,temperature_mean,28.77447,0.83738,14,2011,2024
4070457890,7,temperature_min,25.22788,0.91256,14,2011,2024
4070458090,7,potential_evaporation,57516221.29323,6021603.2692,14,2011,2024
4070458090,7,precipitation,0.03393,0.04908,14,2011,2024
4070458090,7,shortwave_down,342.55062,8.71641,14,2011,2024
4070458090,7,soil_moisture_150cm,0.30927,0.00666,14,2011,2024
4070458090,7,soil_moisture_25cm,0.29182,0.01095,14,2011,2024
4070458090,7,soil_moisture_5cm,0.13874,0.00634,14,2011,2024
4070458090,7,soil_moisture_70cm,0.29584,0.01011,14,2011,2024
4070458090,7,specific_humidity,0.00487,0.00052,14,2011,2024
4070458090,7,temperature_max,33.81217,0.8655,14,2011,2024
4070458090,7,temperature_mean,30.16167,0.88847,14,2011,2024
4070458090,7,temperature_min,26.54655,0.96293,14,2011,2024
4070465210,7,potential_evaporation,34004725.6526,4251591.01415,14,2011,2024
4070465210,7,precipitation,0.28766,0.34177,14,2011,2024
4070465210,7,shortwave_down,345.79145,13.52989,14,2011,2024
4070465210,7,soil_moisture_150cm,0.30678,0.01057,14,2011,2024
4070465210,7,soil_moisture_25cm,0.26993,0.01742,14,2011,2024
4070465210,7,soil_moisture_5cm,0.18769,0.02819,14,2011,2024
4070465210,7,soil_moisture_70cm,0.27931,0.01806,14,2011,2024
4070465210,7,specific_humidity,0.00549,0.00057,14,2011,2024
4070465210,7,temperature_max,23.647,1.87918,14,2011,2024
4070465210,7,temperature_mean,20.41934,1.83172,14,2011,2024
4070465210,7,temperature_min,17.26175,1.78803,14,2011,2024
4070465410,7,potential_evaporation,36928596.37793,3550688.92609,14,2011,2024
4070465410,7,precipitation,0.0588,0.07633,14,2011,2024
4070465410,7,shortwave_down,353.44581,8.6896,14,2011,2024
4070465410,7,soil_moisture_150cm,0.29987,0.00766,14,2011,2024
4070465410,7,soil_moisture_25cm,0.25415,0.01543,14,2011,2024
4070465410,7,soil_moisture_5cm,0.16101,0.01416,14,2011,2024
4070465410,7,soil_moisture_70cm,0.26403,0.01521,14,2011,2024
4070465410,7,specific_humidity,0.00524,0.00052,14,2011,2024
4070465410,7,temperature_max,27.192,1.14277,14,2011,2024
4070465410,7,temperature_mean,23.8921,1.15465,14,2011,2024
4070465410,7,temperature_min,20.61809,1.22182,14,2011,2024
4070468680,7,potential_evaporation,62231046.61439,5299658.12489,14,2011,2024
4070468680,7,precipitation,0.00544,0.00814,14,2011,2024
4070468680,7,shortwave_down,341.73041,5.83715,14,2011,2024
4070468680,7,soil_moisture_150cm,0.2581,0.01235,14,2011,2024
4070468680,7,soil_moisture_25cm,0.22525,0.01589,14,2011,2024
4070468680,7,soil_moisture_5cm,0.11078,0.00398,14,2011,2024
4070468680,7,soil_moisture_70cm,0.22957,0.01672,14,2011,2024
4070468680,7,specific_humidity,0.00474,0.00049,14,2011,2024
4070468680,7,temperature_max,35.96061,1.03245,14,2011,2024
4070468680,7,temperature_mean,32.18021,1.04084,14,2011,2024
4070468680,7,temperature_min,28.40335,1.1013,14,2011,2024
4070468830,7,potential_evaporation,76623110.3713,6969717.35352,14,2011,2024
4070468830,7,precipitation,0.00234,0.00479,14,2011,2024
4070468830,7,shortwave_down,342.60508,5.07785,14,2011,2024
4070468830,7,soil_moisture_150cm,0.21962,0.01737,14,2011,2024
4070468830,7,soil_moisture_25cm,0.16907,0.01483,14,2011,2024
4070468830,7,soil_moisture_5cm,0.08613,0.00657,14,2011,2024
4070468830,7,soil_moisture_70cm,0.17272,0.01787,14,2011,2024
4070468830,7,specific_humidity,0.00463,0.0005,14,2011,2024
4070468830,7,temperature_max,36.34612,0.96368,14,2011,2024
4070468830,7,temperature_mean,32.31982,1.02735,14,2011,2024
4070468830,7,temperature_min,28.29511,1.12218,14,2011,2024
4070469270,7,potential_evaporation,67089414.69619,4602017.63427,14,2011,2024
4070469270,7,precipitation,0.00872,0.02303,14,2011,2024
4070469270,7,shortwave_down,341.49443,4.82125,14,2011,2024
4070469270,7,soil_moisture_150cm,0.16969,0.01612,14,2011,2024
4070469270,7,soil_moisture_25cm,0.16325,0.01072,14,2011,2024
4070469270,7,soil_moisture_5cm,0.04021,0.00327,14,2011,2024
4070469270,7,soil_moisture_70cm,0.1671,0.01373,14,2011,2024
4070469270,7,specific_humidity,0.0047,0.0005,14,2011,2024
4070469270,7,temperature_max,36.21346,1.12723,14,2011,2024
4070469270,7,temperature_mean,32.17261,1.15468,14,2011,2024
4070469270,7,temperature_min,28.0582,1.23677,14,2011,2024
4070469510,7,potential_evaporation,85169985.12079,7155180.26768,14,2011,2024
4070469510,7,precipitation,0.00274,0.00577,14,2011,2024
4070469510,7,shortwave_down,341.61773,4.63006,14,2011,2024
4070469510,7,soil_moisture_150cm,0.16599,0.01735,14,2011,2024
4070469510,7,soil_moisture_25cm,0.15761,0.01426,14,2011,2024
4070469510,7,soil_moisture_5cm,0.03764,0.00241,14,2011,2024
4070469510,7,soil_moisture_70cm,0.16051,0.0181,14,2011,2024
4070469510,7,specific_humidity,0.00463,0.00049,14,2011,2024
4070469510,7,temperature_max,36.44042,1.07338,14,2011,2024
4070469510,7,temperature_mean,32.25221,1.13646,14,2011,2024
4070469510,7,temperature_min,27.96255,1.23503,14,2011,2024
4070470300,7,potential_evaporation,70399317.63665,6454688.81531,14,2011,2024
4070470300,7,precipitation,0.0047,0.00828,14,2011,2024
4070470300,7,shortwave_down,342.56576,5.38181,14,2011,2024
4070470300,7,soil_moisture_150cm,0.17735,0.01591,14,2011,2024
4070470300,7,soil_moisture_25cm,0.1679,0.00887,14,2011,2024
4070470300,7,soil_moisture_5cm,0.03947,0.00271,14,2011,2024
4070470300,7,soil_moisture_70cm,0.17348,0.01167,14,2011,2024
4070470300,7,specific_humidity,0.00462,0.0005,14,2011,2024
4070470300,7,temperature_max,36.37553,1.0921,14,2011,2024
4070470300,7,temperature_mean,32.32396,1.12256,14,2011,2024
4070470300,7,temperature_min,28.26426,1.19333,14,2011,2024
4070470610,7,potential_evaporation,83736459.46231,8095967.77315,14,2011,2024
4070470610,7,precipitation,0.00189,0.00356,14,2011,2024
4070470610,7,shortwave_down,342.66753,5.17018,14,2011,2024
4070470610,7,soil_moisture_150cm,0.18724,0.01416,14,2011,2024
4070470610,7,soil_moisture_25cm,0.16662,0.0118,14,2011,2024
4070470610,7,soil_moisture_5cm,0.04857,0.00249,14,2011,2024
4070470610,7,soil_moisture_70cm,0.172,0.01413,14,2011,2024
4070470610,7,specific_humidity,0.00457,0.00051,14,2011,2024
4070470610,7,temperature_max,36.6695,1.04256,14,2011,2024
4070470610,7,temperature_mean,32.56773,1.11123,14,2011,2024
4070470610,7,temperature_min,28.46798,1.21105,14,2011,2024
4070470930,7,potential_evaporation,58757119.3213,4960321.46833,14,2011,2024
4070470930,7,precipitation,0.00809,0.01077,14,2011,2024
4070470930,7,shortwave_down,343.45606,5.62387,14,2011,2024
4070470930,7,soil_moisture_150cm,0.24614,0.02325,14,2011,2024
4070470930,7,soil_moisture_25cm,0.23274,0.01836,14,2011,2024
4070470930,7,soil_moisture_5cm,0.10532,0.00398,14,2011,2024
4070470930,7,soil_moisture_70cm,0.23598,0.01975,14,2011,2024
4070470930,7,specific_humidity,0.00471,0.0005,14,2011,2024
4070470930,7,temperature_max,35.08601,1.17369,14,2011,2024
4070470930,7,temperature_mean,31.48246,1.18817,14,2011,2024
4070470930,7,temperature_min,27.824,1.26021,14,2011,2024
4070470980,7,potential_evaporation,80905587.76507,8920122.45597,14,2011,2024
4070470980,7,precipitation,0.00209,0.00394,14,2011,2024
4070470980,7,shortwave_down,342.03823,5.29503,14,2011,2024
4070470980,7,soil_moisture_150cm,0.17574,0.01737,14,2011,2024
4070470980,7,soil_moisture_25cm,0.16772,0.01048,14,2011,2024
4070470980,7,soil_moisture_5cm,0.03785,0.00229,14,2011,2024
4070470980,7,soil_moisture_70cm,0.17261,0.01378,14,2011,2024
4070470980,7,specific_humidity,0.0046,0.0005,14,2011,2024
4070470980,7,temperature_max,36.53283,1.07539,14,2011,2024
4070470980,7,temperature_mean,32.42509,1.13288,14,2011,2024
4070470980,7,temperature_min,28.27489,1.22519,14,2011,2024
4070472850,7,potential_evaporation,26381906.90653,5694377.35414,14,2011,2024
4070472850,7,precipitation,1.63581,1.6666,14,2011,2024
4070472850,7,shortwave_down,316.05572,28.11462,14,2011,2024
4070472850,7,soil_moisture_150cm,0.33541,0.01569,14,2011,2024
4070472850,7,soil_moisture_25cm,0.31403,0.02018,14,2011,2024
4070472850,7,soil_moisture_5cm,0.25948,0.05322,14,2011,2024
4070472850,7,soil_moisture_70cm,0.32242,0.0202,14,2011,2024
4070472850,7,specific_humidity,0.00615,0.00068,14,2011,2024
4070472850,7,temperature_max,17.33736,2.28104,14,2011,2024
4070472850,7,temperature_mean,14.33564,2.14404,14,2011,2024
4070472850,7,temperature_min,11.40029,2.00938,14,2011,2024
4070473080,7,potential_evaporation,22331395.14478,3973247.35031,14,2011,2024
4070473080,7,precipitation,1.48862,1.30959,14,2011,2024
4070473080,7,shortwave_down,320.7844,26.76706,14,2011,2024
4070473080,7,soil_moisture_150cm,0.34003,0.0123,14,2011,2024
4070473080,7,soil_moisture_25cm,0.32056,0.01557,14,2011,2024
4070473080,7,soil_moisture_5cm,0.28323,0.04029,14,2011,2024
4070473080,7,soil_moisture_70cm,0.32977,0.01528,14,2011,2024
4070473080,7,specific_humidity,0.00611,0.00063,14,2011,2024
4070473080,7,temperature_max,16.44776,1.39167,14,2011,2024
4070473080,7,temperature_mean,13.71128,1.22318,14,2011,2024
4070473080,7,temperature_min,11.04249,1.10774,14,2011,2024
4070474570,7,potential_evaporation,20852803.3787,5473588.33399,14,2011,2024
4070474570,7,precipitation,3.31668,2.73429,14,2011,2024
4070474570,7,shortwave_down,286.10251,33.04499,14,2011,2024
4070474570,7,soil_moisture_150cm,0.35582,0.01735,14,2011,2024
4070474570,7,soil_moisture_25cm,0.34096,0.02558,14,2011,2024
4070474570,7,soil_moisture_5cm,0.32041,0.04713,14,2011,2024
4070474570,7,soil_moisture_70cm,0.34766,0.02236,14,2011,2024
4070474570,7,specific_humidity,0.00677,0.00073,14,2011,2024
4070474570,7,temperature_max,14.39472,1.68155,14,2011,2024
4070474570,7,temperature_mean,11.42862,1.46561,14,2011,2024
4070474570,7,temperature_min,8.45311,1.2561,14,2011,2024
4070474740,7,potential_evaporation,20199588.57341,4117557.51975,14,2011,2024
4070474740,7,precipitation,2.97535,2.0509,14,2011,2024
4070474740,7,shortwave_down,292.62623,32.78537,14,2011,2024
4070474740,7,soil_moisture_150cm,0.35592,0.01491,14,2011,2024
4070474740,7,soil_moisture_25cm,0.3391,0.01877,14,2011,2024
4070474740,7,soil_moisture_5cm,0.31587,0.03895,14,2011,2024
4070474740,7,soil_moisture_70cm,0.34802,0.01859,14,2011,2024
4070474740,7,specific_humidity,0.00663,0.0007,14,2011,2024
4070474740,7,temperature_max,14.20092,1.36321,14,2011,2024
4070474740,7,temperature_mean,11.3354,1.18532,14,2011,2024
4070474740,7,temperature_min,8.55317,1.0665,14,2011,2024
4070477090,7,potential_evaporation,22500086.60912,3495745.43085,14,2011,2024
4070477090,7,precipitation,2.64953,1.2362,14,2011,2024
4070477090,7,shortwave_down,306.0108,26.73502,14,2011,2024
4070477090,7,soil_moisture_150cm,0.3484,0.00888,14,2011,2024
4070477090,7,soil_moisture_25cm,0.32835,0.01487,14,2011,2024
4070477090,7,soil_moisture_5cm,0.315,0.02252,14,2011,2024
4070477090,7,soil_moisture_70cm,0.33629,0.01304,14,2011,2024
4070477090,7,specific_humidity,0.00684,0.0006,14,2011,2024
4070477090,7,temperature_max,15.44272,1.65287,14,2011,2024
4070477090,7,temperature_mean,12.50217,1.59314,14,2011,2024
4070477090,7,temperature_min,9.67631,1.60917,14,2011,2024
4070480960,7,potential_evaporation,81803762.36719,8704662.4283,14,2011,2024
4070480960,7,precipitation,0.00202,0.00344,14,2011,2024
4070480960,7,shortwave_down,342.07558,5.19862,14,2011,2024
4070480960,7,soil_moisture_150cm,0.17331,0.0171,14,2011,2024
4070480960,7,soil_moisture_25cm,0.16559,0.01077,14,2011,2024
4070480960,7,soil_moisture_5cm,0.03778,0.00221,14,2011,2024
4070480960,7,soil_moisture_70cm,0.17011,0.01407,14,2011,2024
4070480960,7,specific_humidity,0.0046,0.0005,14,2011,2024
4070480960,7,temperature_max,36.53845,1.07442,14,2011,2024
4070480960,7,temperature_mean,32.41974,1.13181,14,2011,2024
4070480960,7,temperature_min,28.25717,1.2246,14,2011,2024
4070481170,7,potential_evaporation,96246112.93057,8419945.93836,14,2011,2024
4070481170,7,precipitation,0.00075,0.00124,14,2011,2024
4070481170,7,shortwave_down,343.09807,4.88826,14,2011,2024
4070481170,7,soil_moisture_150cm,0.15872,0.01854,14,2011,2024
4070481170,7,soil_moisture_25cm,0.14652,0.01479,14,2011,2024
4070481170,7,soil_moisture_5cm,0.04048,0.00162,14,2011,2024
4070481170,7,soil_moisture_70cm,0.14759,0.01934,14,2011,2024
4070481170,7,specific_humidity,0.00453,0.00051,14,2011,2024
4070481170,7,temperature_max,36.98155,1.02874,14,2011,2024
4070481170,7,temperature_mean,32.77543,1.11789,14,2011,2024
4070481170,7,temperature_min,28.55085,1.2361,14,2011,2024
4070484700,7,potential_evaporation,90352316.45396,9020350.91748,14,2011,2024
4070484700,7,precipitation,0.00116,0.00196,14,2011,2024
4070484700,7,shortwave_down,341.97905,4.83254,14,2011,2024
4070484700,7,soil_moisture_150cm,0.15473,0.01856,14,2011,2024
4070484700,7,soil_moisture_25cm,0.1544,0.01411,14,2011,2024
4070484700,7,soil_moisture_5cm,0.03702,0.0019,14,2011,2024
4070484700,7,soil_moisture_70cm,0.15599,0.01821,14,2011,2024
4070484700,7,specific_humidity,0.0046,0.00049,14,2011,2024
4070484700,7,temperature_max,36.53584,1.05625,14,2011,2024
4070484700,7,temperature_mean,32.35257,1.12537,14,2011,2024
4070484700,7,temperature_min,28.09079,1.22413,14,2011,2024
4070485850,7,potential_evaporation,29089426.17103,3700294.89671,14,2011,2024
4070485850,7,precipitation,0.31041,0.34746,14,2011,2024
4070485850,7,shortwave_down,349.86534,12.96864,14,2011,2024
4070485850,7,soil_moisture_150cm,0.31385,0.01073,14,2011,2024
4070485850,7,soil_moisture_25cm,0.27699,0.01874,14,2011,2024
4070485850,7,soil_moisture_5cm,0.2108,0.03073,14,2011,2024
4070485850,7,soil_moisture_70cm,0.2857,0.01851,14,2011,2024
4070485850,7,specific_humidity,0.00545,0.00058,14,2011,2024
4070485850,7,temperature_max,24.07446,1.57336,14,2011,2024
4070485850,7,temperature_mean,20.93431,1.53735,14,2011,2024
4070485850,7,temperature_min,17.74594,1.5416,14,2011,2024
4070486120,7,potential_evaporation,25312755.08694,1742538.44678,14,2011,2024
4070486120,7,precipitation,0.23908,0.29093,14,2011,2024
4070486120,7,shortwave_down,357.39229,14.74146,14,2011,2024
4070486120,7,soil_moisture_150cm,0.31828,0.00718,14,2011,2024
4070486120,7,soil_moisture_25cm,0.28531,0.01002,14,2011,2024
4070486120,7,soil_moisture_5cm,0.22908,0.01983,14,2011,2024
4070486120,7,soil_moisture_70cm,0.29694,0.01078,14,2011,2024
4070486120,7,specific_humidity,0.00528,0.00055,14,2011,2024
4070486120,7,temperature_max,22.74415,0.87342,14,2011,2024
4070486120,7,temperature_mean,19.66341,0.81502,14,2011,2024
4070486120,7,temperature_min,16.49027,0.78273,14,2011,2024
4070492050,7,potential_evaporation,43870494.36532,2309764.22712,14,2011,2024
4070492050,7,precipitation,0.00666,0.01462,14,2011,2024
4070492050,7,shortwave_down,351.75653,5.77565,14,2011,2024
4070492050,7,soil_moisture_150cm,0.27452,0.0107,14,2011,2024
4070492050,7,soil_moisture_25cm,0.22692,0.02314,14,2011,2024
4070492050,7,soil_moisture_5cm,0.14246,0.00737,14,2011,2024
4070492050,7,soil_moisture_70cm,0.23087,0.02283,14,2011,2024
4070492050,7,specific_humidity,0.00475,0.00049,14,2011,2024
4070492050,7,temperature_max,31.75036,0.97948,14,2011,2024
4070492050,7,temperature_mean,27.90912,0.95382,14,2011,2024
4070492050,7,temperature_min,23.97174,0.97602,14,2011,2024
4070492470,7,potential_evaporation,40860447.53651,1126552.02945,14,2011,2024
4070492470,7,precipitation,0.03655,0.04784,14,2011,2024
4070492470,7,shortwave_down,356.90355,8.34066,14,2011,2024
4070492470,7,soil_moisture_150cm,0.30671,0.00852,14,2011,2024
4070492470,7,soil_moisture_25cm,0.2819,0.01587,14,2011,2024
4070492470,7,soil_moisture_5cm,0.15545,0.00761,14,2011,2024
4070492470,7,soil_moisture_70cm,0.28815,0.01461,14,2011,2024
4070492470,7,specific_humidity,0.00471,0.00051,14,2011,2024
4070492470,7,temperature_max,28.20758,0.82731,14,2011,2024
4070492470,7,temperature_mean,24.47456,0.80015,14,2011,2024
4070492470,7,temperature_min,20.62662,0.80539,14,2011,2024
4070510290,7,potential_evaporation,34657945.8567,4641557.72489,14,2011,2024
4070510290,7,precipitation,0.29063,0.26956,14,2011,2024
4070510290,7,shortwave_down,344.2712,14.5488,14,2011,2024
4070510290,7,soil_moisture_150cm,0.28368,0.01839,14,2011,2024
4070510290,7,soil_moisture_25cm,0.24911,0.0189,14,2011,2024
4070510290,7,soil_moisture_5cm,0.19108,0.0255,14,2011,2024
4070510290,7,soil_moisture_70cm,0.25548,0.02065,14,2011,2024
4070510290,7,specific_humidity,0.0056,0.00056,14,2011,2024
4070510290,7,temperature_max,25.53628,3.13397,14,2011,2024
4070510290,7,temperature_mean,22.47793,2.99009,14,2011,2024
4070510290,7,temperature_min,19.41836,2.89782,14,2011,2024
4070510300,7,potential_evaporation,54722441.9128,5445729.05575,14,2011,2024
4070510300,7,precipitation,0.05029,0.05526,14,2011,2024
4070510300,7,shortwave_down,346.98636,7.36397,14,2011,2024
4070510300,7,soil_moisture_150cm,0.21299,0.0162,14,2011,2024
4070510300,7,soil_moisture_25cm,0.15496,0.01204,14,2011,2024
4070510300,7,soil_moisture_5cm,0.13443,0.00705,14,2011,2024
4070510300,7,soil_moisture_70cm,0.15413,0.01305,14,2011,2024
4070510300,7,specific_humidity,0.00568,0.00058,14,2011,2024
4070510300,7,temperature_max,30.65491,2.84637,14,2011,2024
4070510300,7,temperature_mean,27.1429,2.77472,14,2011,2024
4070510300,7,temperature_min,23.7787,2.81348,14,2011,2024
4070512220,7,potential_evaporation,83202616.68167,5873242.11555,14,2011,2024
4070512220,7,precipitation,0.0023,0.0039,14,2011,2024
4070512220,7,shortwave_down,343.56762,5.69512,14,2011,2024
4070512220,7,soil_moisture_150cm,0.24661,0.02662,14,2011,2024
4070512220,7,soil_moisture_25cm,0.20671,0.03035,14,2011,2024
4070512220,7,soil_moisture_5cm,0.11025,0.00353,14,2011,2024
4070512220,7,soil_moisture_70cm,0.20978,0.03222,14,2011,2024
4070512220,7,specific_humidity,0.00459,0.00047,14,2011,2024
4070512220,7,temperature_max,35.83702,0.85319,14,2011,2024
4070512220,7,temperature_mean,31.85051,0.89892,14,2011,2024
4070512220,7,temperature_min,27.76105,0.96761,14,2011,2024
4070512950,7,potential_evaporation,32098301.66326,3061661.12337,14,2011,2024
4070512950,7,precipitation,0.10438,0.19762,14,2011,2024
4070512950,7,shortwave_down,351.85715,10.9761,14,2011,2024
4070512950,7,soil_moisture_150cm,0.28846,0.01488,14,2011,2024
4070512950,7,soil_moisture_25cm,0.27037,0.01125,14,2011,2024
4070512950,7,soil_moisture_5cm,0.17858,0.02537,14,2011,2024
4070512950,7,soil_moisture_70cm,0.27227,0.01437,14,2011,2024
4070512950,7,specific_humidity,0.00521,0.00055,14,2011,2024
4070512950,7,temperature_max,27.80701,2.82085,14,2011,2024
4070512950,7,temperature_mean,24.80201,2.66485,14,2011,2024
4070512950,7,temperature_min,21.75347,2.53755,14,2011,2024
4070512960,7,potential_evaporation,59069730.05515,2936583.08393,14,2011,2024
4070512960,7,precipitation,0.12705,0.15677,14,2011,2024
4070512960,7,shortwave_down,342.96733,10.41818,14,2011,2024
4070512960,7,soil_moisture_150cm,0.28629,0.04296,14,2011,2024
4070512960,7,soil_moisture_25cm,0.23447,0.04566,14,2011,2024
4070512960,7,soil_moisture_5cm,0.15504,0.01506,14,2011,2024
4070512960,7,soil_moisture_70cm,0.23331,0.04682,14,2011,2024
4070512960,7,specific_humidity,0.00555,0.0007,14,2011,2024
4070512960,7,temperature_max,32.73338,0.8101,14,2011,2024
4070512960,7,temperature_mean,29.17887,0.74622,14,2011,2024
4070512960,7,temperature_min,25.90444,0.70192,14,2011,2024
4070513410,7,potential_evaporation,99955723.40816,8476995.9809,14,2011,2024
4070513410,7,precipitation,0.00185,0.0046,14,2011,2024
4070513410,7,shortwave_down,339.98048,6.19846,14,2011,2024
4070513410,7,soil_moisture_150cm,0.23195,0.03522,14,2011,2024
4070513410,7,soil_moisture_25cm,0.21056,0.0359,14,2011,2024
4070513410,7,soil_moisture_5cm,0.10282,0.00834,14,2011,2024
4070513410,7,soil_moisture_70cm,0.21425,0.03728,14,2011,2024
4070513410,7,specific_humidity,0.0046,0.0005,14,2011,2024
4070513410,7,temperature_max,37.36302,0.93975,14,2011,2024
4070513410,7,temperature_mean,33.41168,1.0152,14,2011,2024
4070513410,7,temperature_min,29.39688,1.10318,14,2011,2024
4070517640,7,potential_evaporation,102961744.38144,7895285.64328,14,2011,2024
4070517640,7,precipitation,0.00073,0.0022,14,2011,2024
4070517640,7,shortwave_down,340.38468,6.49274,14,2011,2024
4070517640,7,soil_moisture_150cm,0.16912,0.02534,14,2011,2024
4070517640,7,soil_moisture_25cm,0.16357,0.01581,14,2011,2024
4070517640,7,soil_moisture_5cm,0.05773,0.01799,14,2011,2024
4070517640,7,soil_moisture_70cm,0.16647,0.02044,14,2011,2024
4070517640,7,specific_humidity,0.00459,0.0005,14,2011,2024
4070517640,7,temperature_max,37.73873,0.95343,14,2011,2024
4070517640,7,temperature_mean,33.32814,0.97745,14,2011,2024
4070517640,7,temperature_min,28.90891,1.07499,14,2011,2024
4070517910,7,potential_evaporation,102118161.38192,7412126.76858,14,2011,2024
4070517910,7,precipitation,0.00077,0.00197,14,2011,2024
4070517910,7,shortwave_down,340.66328,6.50743,14,2011,2024
4070517910,7,soil_moisture_150cm,0.17588,0.02395,14,2011,2024
4070517910,7,soil_moisture_25cm,0.17257,0.01342,14,2011,2024
4070517910,7,soil_moisture_5cm,0.05028,0.01876,14,2011,2024
4070517910,7,soil_moisture_70cm,0.1773,0.01494,14,2011,2024
4070517910,7,specific_humidity,0.00457,0.0005,14,2011,2024
4070517910,7,temperature_max,37.75058,0.92974,14,2011,2024
4070517910,7,temperature_mean,33.13239,0.93849,14,2011,2024
4070517910,7,temperature_min,28.50474,1.0428,14,2011,2024
4070519370,7,potential_evaporation,36034045.16803,2427868.25772,14,2011,2024
4070519370,7,precipitation,0.05624,0.11972,14,2011,2024
4070519370,7,shortwave_down,350.20167,8.14588,14,2011,2024
4070519370,7,soil_moisture_150cm,0.24383,0.03145,14,2011,2024
4070519370,7,soil_moisture_25cm,0.24599,0.01729,14,2011,2024
4070519370,7,soil_moisture_5cm,0.163,0.01148,14,2011,2024
4070519370,7,soil_moisture_70cm,0.22993,0.02793,14,2011,2024
4070519370,7,specific_humidity,0.00503,0.00056,14,2011,2024
4070519370,7,temperature_max,31.29349,2.56176,14,2011,2024
4070519370,7,temperature_mean,28.02313,2.42763,14,2011,2024
4070519370,7,temperature_min,24.69246,2.31389,14,2011,2024
4070519380,7,potential_evaporation,53889878.78715,2263405.67741,14,2011,2024
4070519380,7,precipitation,0.0518,0.05842,14,2011,2024
4070519380,7,shortwave_down,343.70315,8.35929,14,2011,2024
4070519380,7,soil_moisture_150cm,0.25382,0.02969,14,2011,2024
4070519380,7,soil_moisture_25cm,0.23485,0.03092,14,2011,2024
4070519380,7,soil_moisture_5cm,0.15237,0.00694,14,2011,2024
4070519380,7,soil_moisture_70cm,0.22382,0.03164,14,2011,2024
4070519380,7,specific_humidity,0.00534,0.00066,14,2011,2024
4070519380,7,temperature_max,34.14625,0.93201,14,2011,2024
4070519380,7,temperature_mean,30.57674,0.82429,14,2011,2024
4070519380,7,temperature_min,27.1466,0.7197,14,2011,2024
4070523030,7,potential_evaporation,79116890.46741,3270956.78158,14,2011,2024
4070523030,7,precipitation,0.00406,0.00449,14,2011,2024
4070523030,7,shortwave_down,347.0685,6.52034,14,2011,2024
4070523030,7,soil_moisture_150cm,0.24693,0.01722,14,2011,2024
4070523030,7,soil_moisture_25cm,0.22931,0.01945,14,2011,2024
4070523030,7,soil_moisture_5cm,0.09919,0.00868,14,2011,2024
4070523030,7,soil_moisture_70cm,0.2342,0.01945,14,2011,2024
4070523030,7,specific_humidity,0.00453,0.00047,14,2011,2024
4070523030,7,temperature_max,34.57944,0.88193,14,2011,2024
4070523030,7,temperature_mean,30.42286,0.85218,14,2011,2024
4070523030,7,temperature_min,26.15925,0.87458,14,2011,2024
4070525020,7,potential_evaporation,42722098.53664,2030571.10737,14,2011,2024
4070525020,7,precipitation,0.00118,0.00237,14,2011,2024
4070525020,7,shortwave_down,348.36748,6.40606,14,2011,2024
4070525020,7,soil_moisture_150cm,0.24752,0.0252,14,2011,2024
4070525020,7,soil_moisture_25cm,0.24196,0.0172,14,2011,2024
4070525020,7,soil_moisture_5cm,0.14745,0.0032,14,2011,2024
4070525020,7,soil_moisture_70cm,0.21888,0.02536,14,2011,2024
4070525020,7,specific_humidity,0.00482,0.00057,14,2011,2024
4070525020,7,temperature_max,34.19972,1.94368,14,2011,2024
4070525020,7,temperature_mean,30.55035,1.88731,14,2011,2024
4070525020,7,temperature_min,26.79313,1.85889,14,2011,2024
4070525280,7,potential_evaporation,47863845.82224,1599036.75074,14,2011,2024
4070525280,7,precipitation,0.00651,0.00722,14,2011,2024
4070525280,7,shortwave_down,344.57367,6.15398,14,2011,2024
4070525280,7,soil_moisture_150cm,0.22662,0.00753,14,2011,2024
4070525280,7,soil_moisture_25cm,0.23592,0.01483,14,2011,2024
4070525280,7,soil_moisture_5cm,0.14866,0.00331,14,2011,2024
4070525280,7,soil_moisture_70cm,0.21288,0.01285,14,2011,2024
4070525280,7,specific_humidity,0.00505,0.0006,14,2011,2024
4070525280,7,temperature_max,35.34644,1.42269,14,2011,2024
4070525280,7,temperature_mean,31.7193,1.32337,14,2011,2024
4070525280,7,temperature_min,28.07841,1.22896,14,2011,2024
4070531200,7,potential_evaporation,68317299.18099,3307273.95452,14,2011,2024
4070531200,7,precipitation,0.00143,0.00192,14,2011,2024
4070531200,7,shortwave_down,337.49567,6.03838,14,2011,2024
4070531200,7,soil_moisture_150cm,0.25777,0.01865,14,2011,2024
4070531200,7,soil_moisture_25cm,0.24101,0.01774,14,2011,2024
4070531200,7,soil_moisture_5cm,0.11974,0.00166,14,2011,2024
4070531200,7,soil_moisture_70cm,0.24354,0.01922,14,2011,2024
4070531200,7,specific_humidity,0.00441,0.00048,14,2011,2024
4070531200,7,temperature_max,36.69816,0.81213,14,2011,2024
4070531200,7,temperature_mean,32.48279,0.82721,14,2011,2024
4070531200,7,temperature_min,28.13894,0.84525,14,2011,2024
4070537600,7,potential_evaporation,45649640.92593,2046770.64459,14,2011,2024
4070537600,7,precipitation,0.0184,0.03201,14,2011,2024
4070537600,7,shortwave_down,348.45526,8.00278,14,2011,2024
4070537600,7,soil_moisture_150cm,0.27581,0.00869,14,2011,2024
4070537600,7,soil_moisture_25cm,0.2607,0.01366,14,2011,2024
4070537600,7,soil_moisture_5cm,0.15134,0.00434,14,2011,2024
4070537600,7,soil_moisture_70cm,0.25388,0.01664,14,2011,2024
4070537600,7,specific_humidity,0.00473,0.00053,14,2011,2024
4070537600,7,temperature_max,32.65555,1.77183,14,2011,2024
4070537600,7,temperature_mean,28.79545,1.69972,14,2011,2024
4070537600,7,temperature_min,24.80852,1.62084,14,2011,2024
4070537690,7,potential_evaporation,51649944.89852,1720414.52589,14,2011,2024
4070537690,7,precipitation,0.00037,0.00058,14,2011,2024
4070537690,7,shortwave_down,336.54548,5.21269,14,2011,2024
4070537690,7,soil_moisture_150cm,0.27986,0.0171,14,2011,2024
4070537690,7,soil_moisture_25cm,0.28504,0.01928,14,2011,2024
4070537690,7,soil_moisture_5cm,0.14834,0.00165,14,2011,2024
4070537690,7,soil_moisture_70cm,0.27354,0.02175,14,2011,2024
4070537690,7,specific_humidity,0.00465,0.00052,14,2011,2024
4070537690,7,temperature_max,37.27521,0.81701,14,2011,2024
4070537690,7,temperature_mean,33.18267,0.82007,14,2011,2024
4070537690,7,temperature_min,28.93287,0.79881,14,2011,2024
4070538040,7,potential_evaporation,55378875.29806,3524050.20087,14,2011,2024
4070538040,7,precipitation,0.0009,0.00164,14,2011,2024
4070538040,7,shortwave_down,336.38699,6.94267,14,2011,2024
4070538040,7,soil_moisture_150cm,0.26354,0.03308,14,2011,2024
4070538040,7,soil_moisture_25cm,0.25003,0.03077,14,2011,2024
4070538040,7,soil_moisture_5cm,0.13763,0.00432,14,2011,2024
4070538040,7,soil_moisture_70cm,0.24991,0.03317,14,2011,2024
4070538040,7,specific_humidity,0.00455,0.0005,14,2011,2024
4070538040,7,temperature_max,36.82977,1.14003,14,2011,2024
4070538040,7,temperature_mean,32.46111,1.15699,14,2011,2024
4070538040,7,temperature_min,27.94186,1.17599,14,2011,2024
4070542340,7,potential_evaporation,47547528.23668,1447501.18998,14,2011,2024
4070542340,7,precipitation,0.00204,0.0029,14,2011,2024
4070542340,7,shortwave_down,335.60765,6.55882,14,2011,2024
4070542340,7,soil_moisture_150cm,0.29654,0.05484,14,2011,2024
4070542340,7,soil_moisture_25cm,0.30525,0.04006,14,2011,2024
4070542340,7,soil_moisture_5cm,0.15023,0.00231,14,2011,2024
4070542340,7,soil_moisture_70cm,0.29792,0.04842,14,2011,2024
4070542340,7,specific_humidity,0.0048,0.00055,14,2011,2024
4070542340,7,temperature_max,36.96594,0.56023,14,2011,2024
4070542340,7,temperature_mean,32.74147,0.57318,14,2011,2024
4070542340,7,temperature_min,28.35568,0.5605,14,2011,2024
4070542500,7,potential_evaporation,55294727.5127,2356045.80302,14,2011,2024
4070542500,7,precipitation,0.00316,0.00377,14,2011,2024
4070542500,7,shortwave_down,333.44751,5.07485,14,2011,2024
4070542500,7,soil_moisture_150cm,0.3141,0.02406,14,2011,2024
4070542500,7,soil_moisture_25cm,0.306,0.01743,14,2011,2024
4070542500,7,soil_moisture_5cm,0.14035,0.00241,14,2011,2024
4070542500,7,soil_moisture_70cm,0.30673,0.0191,14,2011,2024
4070542500,7,specific_humidity,0.00471,0.00054,14,2011,2024
4070542500,7,temperature_max,36.92361,0.61815,14,2011,2024
4070542500,7,temperature_mean,32.73126,0.63073,14,2011,2024
4070542500,7,temperature_min,28.43943,0.61961,14,2011,2024
4070552060,7,potential_evaporation,53381702.22072,4006865.81581,14,2011,2024
4070552060,7,precipitation,0.0803,0.0838,14,2011,2024
4070552060,7,shortwave_down,335.94303,8.98326,14,2011,2024
4070552060,7,soil_moisture_150cm,0.28676,0.0181,14,2011,2024
4070552060,7,soil_moisture_25cm,0.23784,0.02238,14,2011,2024
4070552060,7,soil_moisture_5cm,0.15475,0.00653,14,2011,2024
4070552060,7,soil_moisture_70cm,0.23821,0.02415,14,2011,2024
4070552060,7,specific_humidity,0.00538,0.00066,14,2011,2024
4070552060,7,temperature_max,34.97143,0.88718,14,2011,2024
4070552060,7,temperature_mean,30.76931,0.80519,14,2011,2024
4070552060,7,temperature_min,26.72901,0.6762,14,2011,2024
