basin_id,year,month,days_in_record,variable,value,unit,quality
2070605150,2016,7,31,tmax_mean,36.3696,degC,ok
2070605150,2016,7,31,tmin_mean,25.007,degC,ok
2070605150,2016,7,31,tmax_absolute,40.1564,degC,ok
2070605150,2016,7,31,tmin_absolute,21.4093,degC,ok
2070605150,2016,7,31,vpd_mean,3.1243,kPa,ok
2070605150,2016,7,31,rh_mean,33.3548,percent,ok
2070605150,2016,7,31,heat_index_max,91.53,degF,ok
2070605150,2016,7,31,days_tmax_ge_35,21.2709,days,ok
2070605150,2016,7,31,days_tmax_ge_40,1.0553,days,ok
2070605290,2016,7,31,tmax_mean,36.4109,degC,ok
2070605290,2016,7,31,tmin_mean,27.3384,degC,ok
2070605290,2016,7,31,tmax_absolute,39.7894,degC,ok
2070605290,2016,7,31,tmin_absolute,24.2116,degC,ok
2070605290,2016,7,31,vpd_mean,3.1505,kPa,ok
2070605290,2016,7,31,rh_mean,36.1788,percent,ok
2070605290,2016,7,31,heat_index_max,96.5819,degF,ok
2070605290,2016,7,31,days_tmax_ge_35,21.9122,days,ok
2070605290,2016,7,31,days_tmax_ge_40,0.564,days,ok
2071208570,2016,7,31,tmax_mean,36.6842,degC,ok
2071208570,2016,7,31,tmin_mean,23.37,degC,ok
2071208570,2016,7,31,tmax_absolute,40.1902,degC,ok
2071208570,2016,7,31,tmin_absolute,19.1157,degC,ok
2071208570,2016,7,31,vpd_mean,2.9514,kPa,ok
2071208570,2016,7,31,rh_mean,35.5808,percent,ok
2071208570,2016,7,31,heat_index_max,89.5273,degF,ok
2071208570,2016,7,31,days_tmax_ge_35,23.0374,days,ok
2071208570,2016,7,31,days_tmax_ge_40,1.485,days,ok
2070599730,2016,7,31,tmax_mean,37.8505,degC,ok
2070599730,2016,7,31,tmin_mean,24.7431,degC,ok
2070599730,2016,7,31,tmax_absolute,42.6864,degC,ok
2070599730,2016,7,31,tmin_absolute,21.6336,degC,ok
2070599730,2016,7,31,vpd_mean,3.308,kPa,ok
2070599730,2016,7,31,rh_mean,32.9625,percent,ok
2070599730,2016,7,31,heat_index_max,92.7522,degF,ok
2070599730,2016,7,31,days_tmax_ge_35,24.6056,days,ok
2070599730,2016,7,31,days_tmax_ge_40,8.0441,days,ok
2070599530,2016,7,31,tmax_mean,37.3421,degC,ok
2070599530,2016,7,31,tmin_mean,23.6464,degC,ok
2070599530,2016,7,31,tmax_absolute,40.8316,degC,ok
2070599530,2016,7,31,tmin_absolute,19.863,degC,ok
2070599530,2016,7,31,vpd_mean,3.0167,kPa,ok
2070599530,2016,7,31,rh_mean,36.211,percent,ok
2070599530,2016,7,31,heat_index_max,91.0586,degF,ok
2070599530,2016,7,31,days_tmax_ge_35,24.7305,days,ok
2070599530,2016,7,31,days_tmax_ge_40,4.399,days,ok
2070617770,2016,7,31,tmax_mean,37.9305,degC,ok
2070617770,2016,7,31,tmin_mean,24.7134,degC,ok
2070617770,2016,7,31,tmax_absolute,43.8293,degC,ok
2070617770,2016,7,31,tmin_absolute,22.1007,degC,ok
2070617770,2016,7,31,vpd_mean,3.4119,kPa,ok
2070617770,2016,7,31,rh_mean,31.037,percent,ok
2070617770,2016,7,31,heat_index_max,94.6662,degF,ok
2070617770,2016,7,31,days_tmax_ge_35,25.3761,days,ok
2070617770,2016,7,31,days_tmax_ge_40,8.2452,days,ok
2070617890,2016,7,31,tmax_mean,38.0832,degC,ok
2070617890,2016,7,31,tmin_mean,24.8166,degC,ok
2070617890,2016,7,31,tmax_absolute,44.1023,degC,ok
2070617890,2016,7,31,tmin_absolute,21.9361,degC,ok
2070617890,2016,7,31,vpd_mean,3.4456,kPa,ok
2070617890,2016,7,31,rh_mean,30.873,percent,ok
2070617890,2016,7,31,heat_index_max,94.4342,degF,ok
2070617890,2016,7,31,days_tmax_ge_35,25.559,days,ok
2070617890,2016,7,31,days_tmax_ge_40,8.6248,days,ok
2070085880,2016,7,31,tmax_mean,35.4045,degC,ok
2070085880,2016,7,31,tmin_mean,22.851,degC,ok
2070085880,2016,7,31,tmax_absolute,40.3441,degC,ok
2070085880,2016,7,31,tmin_absolute,18.5715,degC,ok
2070085880,2016,7,31,vpd_mean,2.9331,kPa,ok
2070085880,2016,7,31,rh_mean,32.2886,percent,ok
2070085880,2016,7,31,heat_index_max,88.7291,degF,ok
2070085880,2016,7,31,days_tmax_ge_35,17.2936,days,ok
2070085880,2016,7,31,days_tmax_ge_40,0.8677,days,ok
2070582700,2016,7,31,tmax_mean,34.6643,degC,ok
2070582700,2016,7,31,tmin_mean,22.206,degC,ok
2070582700,2016,7,31,tmax_absolute,39.8671,degC,ok
2070582700,2016,7,31,tmin_absolute,18.3871,degC,ok
2070582700,2016,7,31,vpd_mean,2.8215,kPa,ok
2070582700,2016,7,31,rh_mean,32.2643,percent,ok
2070582700,2016,7,31,heat_index_max,87.6187,degF,ok
2070582700,2016,7,31,days_tmax_ge_35,15.5982,days,ok
2070582700,2016,7,31,days_tmax_ge_40,0.3694,days,ok
2070582590,2016,7,31,tmax_mean,35.1817,degC,ok
2070582590,2016,7,31,tmin_mean,22.433,degC,ok
2070582590,2016,7,31,tmax_absolute,40.4185,degC,ok
2070582590,2016,7,31,tmin_absolute,17.5644,degC,ok
2070582590,2016,7,31,vpd_mean,2.873,kPa,ok
2070582590,2016,7,31,rh_mean,32.6216,percent,ok
2070582590,2016,7,31,heat_index_max,88.2201,degF,ok
2070582590,2016,7,31,days_tmax_ge_35,17,days,ok
2070582590,2016,7,31,days_tmax_ge_40,1,days,ok
2070581600,2016,7,31,tmax_mean,33.8353,degC,ok
2070581600,2016,7,31,tmin_mean,21.8116,degC,ok
2070581600,2016,7,31,tmax_absolute,39.2443,degC,ok
2070581600,2016,7,31,tmin_absolute,18.251,degC,ok
2070581600,2016,7,31,vpd_mean,2.5705,kPa,ok
2070581600,2016,7,31,rh_mean,36.1395,percent,ok
2070581600,2016,7,31,heat_index_max,86.8687,degF,ok
2070581600,2016,7,31,days_tmax_ge_35,11.0724,days,ok
2070581600,2016,7,31,days_tmax_ge_40,0.1368,days,ok
2070581590,2016,7,31,tmax_mean,34.7062,degC,ok
2070581590,2016,7,31,tmin_mean,22.227,degC,ok
2070581590,2016,7,31,tmax_absolute,40.2562,degC,ok
2070581590,2016,7,31,tmin_absolute,18.1246,degC,ok
2070581590,2016,7,31,vpd_mean,2.8259,kPa,ok
2070581590,2016,7,31,rh_mean,32.3564,percent,ok
2070581590,2016,7,31,heat_index_max,88.0422,degF,ok
2070581590,2016,7,31,days_tmax_ge_35,15.2187,days,ok
2070581590,2016,7,31,days_tmax_ge_40,0.803,days,ok
2070578850,2016,7,31,tmax_mean,34.435,degC,ok
2070578850,2016,7,31,tmin_mean,21.9573,degC,ok
2070578850,2016,7,31,tmax_absolute,40.0964,degC,ok
2070578850,2016,7,31,tmin_absolute,17.879,degC,ok
2070578850,2016,7,31,vpd_mean,2.7766,kPa,ok
2070578850,2016,7,31,rh_mean,32.6872,percent,ok
2070578850,2016,7,31,heat_index_max,87.8933,degF,ok
2070578850,2016,7,31,days_tmax_ge_35,14.1025,days,ok
2070578850,2016,7,31,days_tmax_ge_40,0.7033,days,ok
2070578800,2016,7,31,tmax_mean,34.4893,degC,ok
2070578800,2016,7,31,tmin_mean,22.0027,degC,ok
2070578800,2016,7,31,tmax_absolute,39.9879,degC,ok
2070578800,2016,7,31,tmin_absolute,18.2506,degC,ok
2070578800,2016,7,31,vpd_mean,2.7625,kPa,ok
2070578800,2016,7,31,rh_mean,33.1259,percent,ok
2070578800,2016,7,31,heat_index_max,87.6478,degF,ok
2070578800,2016,7,31,days_tmax_ge_35,14.4053,days,ok
2070578800,2016,7,31,days_tmax_ge_40,0.4388,days,ok
2070571030,2016,7,31,tmax_mean,34.0204,degC,ok
2070571030,2016,7,31,tmin_mean,21.5049,degC,ok
2070571030,2016,7,31,tmax_absolute,39.6077,degC,ok
2070571030,2016,7,31,tmin_absolute,18.1751,degC,ok
2070571030,2016,7,31,vpd_mean,2.6815,kPa,ok
2070571030,2016,7,31,rh_mean,33.633,percent,ok
2070571030,2016,7,31,heat_index_max,87.1953,degF,ok
2070571030,2016,7,31,days_tmax_ge_35,12.8884,days,ok
2070571030,2016,7,31,days_tmax_ge_40,0.1107,days,ok
2070570990,2016,7,31,tmax_mean,33.7547,degC,ok
2070570990,2016,7,31,tmin_mean,21.3802,degC,ok
2070570990,2016,7,31,tmax_absolute,39.0109,degC,ok
2070570990,2016,7,31,tmin_absolute,17.9148,degC,ok
2070570990,2016,7,31,vpd_mean,2.6007,kPa,ok
2070570990,2016,7,31,rh_mean,34.6156,percent,ok
2070570990,2016,7,31,heat_index_max,86.1435,degF,ok
2070570990,2016,7,31,days_tmax_ge_35,11.7292,days,ok
2070570990,2016,7,31,days_tmax_ge_40,0,days,ok
2070086030,2016,7,31,tmax_mean,35.3455,degC,ok
2070086030,2016,7,31,tmin_mean,23.1511,degC,ok
2070086030,2016,7,31,tmax_absolute,39.9897,degC,ok
2070086030,2016,7,31,tmin_absolute,20.0463,degC,ok
2070086030,2016,7,31,vpd_mean,2.9963,kPa,ok
2070086030,2016,7,31,rh_mean,31.2917,percent,ok
2070086030,2016,7,31,heat_index_max,88.8864,degF,ok
2070086030,2016,7,31,days_tmax_ge_35,17.2211,days,ok
2070086030,2016,7,31,days_tmax_ge_40,0.6147,days,ok
2070594830,2016,7,31,tmax_mean,34.9148,degC,ok
2070594830,2016,7,31,tmin_mean,22.6893,degC,ok
2070594830,2016,7,31,tmax_absolute,39.421,degC,ok
2070594830,2016,7,31,tmin_absolute,19.5494,degC,ok
2070594830,2016,7,31,vpd_mean,2.9119,kPa,ok
2070594830,2016,7,31,rh_mean,31.6226,percent,ok
2070594830,2016,7,31,heat_index_max,88.5631,degF,ok
2070594830,2016,7,31,days_tmax_ge_35,15.8475,days,ok
2070594830,2016,7,31,days_tmax_ge_40,0.0417,days,ok
2070595030,2016,7,31,tmax_mean,35.413,degC,ok
2070595030,2016,7,31,tmin_mean,23.2651,degC,ok
2070595030,2016,7,31,tmax_absolute,39.7141,degC,ok
2070595030,2016,7,31,tmin_absolute,19.7755,degC,ok
2070595030,2016,7,31,vpd_mean,2.9709,kPa,ok
2070595030,2016,7,31,rh_mean,32.3997,percent,ok
2070595030,2016,7,31,heat_index_max,89.3127,degF,ok
2070595030,2016,7,31,days_tmax_ge_35,17.1237,days,ok
2070595030,2016,7,31,days_tmax_ge_40,0.1502,days,ok
2070596930,2016,7,31,tmax_mean,35.4748,degC,ok
2070596930,2016,7,31,tmin_mean,23.3236,degC,ok
2070596930,2016,7,31,tmax_absolute,39.8538,degC,ok
2070596930,2016,7,31,tmin_absolute,19.7198,degC,ok
2070596930,2016,7,31,vpd_mean,3.0151,kPa,ok
2070596930,2016,7,31,rh_mean,31.5613,percent,ok
2070596930,2016,7,31,heat_index_max,89.5567,degF,ok
2070596930,2016,7,31,days_tmax_ge_35,17,days,ok
2070596930,2016,7,31,days_tmax_ge_40,0,days,ok
2070597010,2016,7,31,tmax_mean,35.1036,degC,ok
2070597010,2016,7,31,tmin_mean,23.1212,degC,ok
2070597010,2016,7,31,tmax_absolute,39.6268,degC,ok
2070597010,2016,7,31,tmin_absolute,19.553,degC,ok
2070597010,2016,7,31,vpd_mean,2.9028,kPa,ok
2070597010,2016,7,31,rh_mean,33.6306,percent,ok
2070597010,2016,7,31,heat_index_max,89.4042,degF,ok
2070597010,2016,7,31,days_tmax_ge_35,16.2196,days,ok
2070597010,2016,7,31,days_tmax_ge_40,0,days,ok
2070596420,2016,7,31,tmax_mean,35.1361,degC,ok
2070596420,2016,7,31,tmin_mean,23.0316,degC,ok
2070596420,2016,7,31,tmax_absolute,39.6544,degC,ok
2070596420,2016,7,31,tmin_absolute,19.4448,degC,ok
2070596420,2016,7,31,vpd_mean,2.9469,kPa,ok
2070596420,2016,7,31,rh_mean,32.0377,percent,ok
2070596420,2016,7,31,heat_index_max,89.601,degF,ok
2070596420,2016,7,31,days_tmax_ge_35,16.84,days,ok
2070596420,2016,7,31,days_tmax_ge_40,0,days,ok
2070596290,2016,7,31,tmax_mean,34.4133,degC,ok
2070596290,2016,7,31,tmin_mean,22.1302,degC,ok
2070596290,2016,7,31,tmax_absolute,39.3903,degC,ok
2070596290,2016,7,31,tmin_absolute,19.1333,degC,ok
2070596290,2016,7,31,vpd_mean,2.7924,kPa,ok
2070596290,2016,7,31,rh_mean,32.7874,percent,ok
2070596290,2016,7,31,heat_index_max,88.8103,degF,ok
2070596290,2016,7,31,days_tmax_ge_35,14.2665,days,ok
2070596290,2016,7,31,days_tmax_ge_40,0.0592,days,ok
2070086160,2016,7,31,tmax_mean,34.0398,degC,ok
2070086160,2016,7,31,tmin_mean,21.8759,degC,ok
2070086160,2016,7,31,tmax_absolute,40.0712,degC,ok
2070086160,2016,7,31,tmin_absolute,18.4306,degC,ok
2070086160,2016,7,31,vpd_mean,2.6359,kPa,ok
2070086160,2016,7,31,rh_mean,35.8095,percent,ok
2070086160,2016,7,31,heat_index_max,89.7653,degF,ok
2070086160,2016,7,31,days_tmax_ge_35,12.1294,days,ok
2070086160,2016,7,31,days_tmax_ge_40,0.7688,days,ok
2070086180,2016,7,31,tmax_mean,33.377,degC,ok
2070086180,2016,7,31,tmin_mean,21.4716,degC,ok
2070086180,2016,7,31,tmax_absolute,38.1492,degC,ok
2070086180,2016,7,31,tmin_absolute,18.1237,degC,ok
2070086180,2016,7,31,vpd_mean,2.4788,kPa,ok
2070086180,2016,7,31,rh_mean,37.0927,percent,ok
2070086180,2016,7,31,heat_index_max,85.623,degF,ok
2070086180,2016,7,31,days_tmax_ge_35,10.0249,days,ok
2070086180,2016,7,31,days_tmax_ge_40,0,days,ok
2070086440,2016,7,31,tmax_mean,35.0441,degC,ok
2070086440,2016,7,31,tmin_mean,22.7679,degC,ok
2070086440,2016,7,31,tmax_absolute,39.5617,degC,ok
2070086440,2016,7,31,tmin_absolute,19.9377,degC,ok
2070086440,2016,7,31,vpd_mean,2.9085,kPa,ok
2070086440,2016,7,31,rh_mean,32.0834,percent,ok
2070086440,2016,7,31,heat_index_max,88.4626,degF,ok
2070086440,2016,7,31,days_tmax_ge_35,16.2866,days,ok
2070086440,2016,7,31,days_tmax_ge_40,0.1919,days,ok
2070086580,2016,7,31,tmax_mean,33.5197,degC,ok
2070086580,2016,7,31,tmin_mean,21.2822,degC,ok
2070086580,2016,7,31,tmax_absolute,38.5661,degC,ok
2070086580,2016,7,31,tmin_absolute,17.7764,degC,ok
2070086580,2016,7,31,vpd_mean,2.5326,kPa,ok
2070086580,2016,7,31,rh_mean,35.8146,percent,ok
2070086580,2016,7,31,heat_index_max,86.0871,degF,ok
2070086580,2016,7,31,days_tmax_ge_35,10.3907,days,ok
2070086580,2016,7,31,days_tmax_ge_40,0,days,ok
2070086960,2016,7,31,tmax_mean,35.579,degC,ok
2070086960,2016,7,31,tmin_mean,23.8116,degC,ok
2070086960,2016,7,31,tmax_absolute,40.0389,degC,ok
2070086960,2016,7,31,tmin_absolute,19.9202,degC,ok
2070086960,2016,7,31,vpd_mean,2.9762,kPa,ok
2070086960,2016,7,31,rh_mean,34.3571,percent,ok
2070086960,2016,7,31,heat_index_max,90.0673,degF,ok
2070086960,2016,7,31,days_tmax_ge_35,17.3796,days,ok
2070086960,2016,7,31,days_tmax_ge_40,1.1052,days,ok
2070087730,2016,7,31,tmax_mean,36.6367,degC,ok
2070087730,2016,7,31,tmin_mean,24.592,degC,ok
2070087730,2016,7,31,tmax_absolute,41.4142,degC,ok
2070087730,2016,7,31,tmin_absolute,20.6906,degC,ok
2070087730,2016,7,31,vpd_mean,3.1318,kPa,ok
2070087730,2016,7,31,rh_mean,34.7695,percent,ok
2070087730,2016,7,31,heat_index_max,91.5833,degF,ok
2070087730,2016,7,31,days_tmax_ge_35,21.0179,days,ok
2070087730,2016,7,31,days_tmax_ge_40,7.1945,days,ok
2070087930,2016,7,31,tmax_mean,34.0857,degC,ok
2070087930,2016,7,31,tmin_mean,21.4691,degC,ok
2070087930,2016,7,31,tmax_absolute,39.7461,degC,ok
2070087930,2016,7,31,tmin_absolute,17.5425,degC,ok
2070087930,2016,7,31,vpd_mean,2.6919,kPa,ok
2070087930,2016,7,31,rh_mean,33.6836,percent,ok
2070087930,2016,7,31,heat_index_max,88.1185,degF,ok
2070087930,2016,7,31,days_tmax_ge_35,13.089,days,ok
2070087930,2016,7,31,days_tmax_ge_40,0.0004,days,ok
2070088220,2016,7,31,tmax_mean,34.0157,degC,ok
2070088220,2016,7,31,tmin_mean,21.4366,degC,ok
2070088220,2016,7,31,tmax_absolute,39.8317,degC,ok
2070088220,2016,7,31,tmin_absolute,17.6534,degC,ok
2070088220,2016,7,31,vpd_mean,2.6544,kPa,ok
2070088220,2016,7,31,rh_mean,34.7151,percent,ok
2070088220,2016,7,31,heat_index_max,88.634,degF,ok
2070088220,2016,7,31,days_tmax_ge_35,13.2003,days,ok
2070088220,2016,7,31,days_tmax_ge_40,0.1833,days,ok
2070088230,2016,7,31,tmax_mean,35.7176,degC,ok
2070088230,2016,7,31,tmin_mean,23.7947,degC,ok
2070088230,2016,7,31,tmax_absolute,40.1923,degC,ok
2070088230,2016,7,31,tmin_absolute,19.9583,degC,ok
2070088230,2016,7,31,vpd_mean,2.9282,kPa,ok
2070088230,2016,7,31,rh_mean,35.4316,percent,ok
2070088230,2016,7,31,heat_index_max,90.2933,degF,ok
2070088230,2016,7,31,days_tmax_ge_35,18.7891,days,ok
2070088230,2016,7,31,days_tmax_ge_40,1.167,days,ok
2070088250,2016,7,31,tmax_mean,33.8819,degC,ok
2070088250,2016,7,31,tmin_mean,21.9049,degC,ok
2070088250,2016,7,31,tmax_absolute,39.265,degC,ok
2070088250,2016,7,31,tmin_absolute,18.3324,degC,ok
2070088250,2016,7,31,vpd_mean,2.6108,kPa,ok
2070088250,2016,7,31,rh_mean,35.9204,percent,ok
2070088250,2016,7,31,heat_index_max,89.1227,degF,ok
2070088250,2016,7,31,days_tmax_ge_35,12.4219,days,ok
2070088250,2016,7,31,days_tmax_ge_40,0.0281,days,ok
2070088460,2016,7,31,tmax_mean,35.3946,degC,ok
2070088460,2016,7,31,tmin_mean,23.1234,degC,ok
2070088460,2016,7,31,tmax_absolute,39.7942,degC,ok
2070088460,2016,7,31,tmin_absolute,20.0168,degC,ok
2070088460,2016,7,31,vpd_mean,2.9917,kPa,ok
2070088460,2016,7,31,rh_mean,31.3187,percent,ok
2070088460,2016,7,31,heat_index_max,88.528,degF,ok
2070088460,2016,7,31,days_tmax_ge_35,17.6982,days,ok
2070088460,2016,7,31,days_tmax_ge_40,0.1983,days,ok
2070088620,2016,7,31,tmax_mean,33.911,degC,ok
2070088620,2016,7,31,tmin_mean,21.3594,degC,ok
2070088620,2016,7,31,tmax_absolute,39.2737,degC,ok
2070088620,2016,7,31,tmin_absolute,18.4677,degC,ok
2070088620,2016,7,31,vpd_mean,2.6521,kPa,ok
2070088620,2016,7,31,rh_mean,34.1576,percent,ok
2070088620,2016,7,31,heat_index_max,88.1899,degF,ok
2070088620,2016,7,31,days_tmax_ge_35,12.2663,days,ok
2070088620,2016,7,31,days_tmax_ge_40,0.042,days,ok
2070089170,2016,7,31,tmax_mean,36.6044,degC,ok
2070089170,2016,7,31,tmin_mean,24.8848,degC,ok
2070089170,2016,7,31,tmax_absolute,41.4931,degC,ok
2070089170,2016,7,31,tmin_absolute,21.1474,degC,ok
2070089170,2016,7,31,vpd_mean,3.0944,kPa,ok
2070089170,2016,7,31,rh_mean,35.697,percent,ok
2070089170,2016,7,31,heat_index_max,91.8671,degF,ok
2070089170,2016,7,31,days_tmax_ge_35,20.6403,days,ok
2070089170,2016,7,31,days_tmax_ge_40,5.4451,days,ok
2070089220,2016,7,31,tmax_mean,33.8788,degC,ok
2070089220,2016,7,31,tmin_mean,21.2264,degC,ok
2070089220,2016,7,31,tmax_absolute,38.975,degC,ok
2070089220,2016,7,31,tmin_absolute,18.1012,degC,ok
2070089220,2016,7,31,vpd_mean,2.641,kPa,ok
2070089220,2016,7,31,rh_mean,34.0621,percent,ok
2070089220,2016,7,31,heat_index_max,87.7981,degF,ok
2070089220,2016,7,31,days_tmax_ge_35,12.639,days,ok
2070089220,2016,7,31,days_tmax_ge_40,0,days,ok
2070089400,2016,7,31,tmax_mean,34.1077,degC,ok
2070089400,2016,7,31,tmin_mean,21.5601,degC,ok
2070089400,2016,7,31,tmax_absolute,39.2935,degC,ok
2070089400,2016,7,31,tmin_absolute,18.6166,degC,ok
2070089400,2016,7,31,vpd_mean,2.712,kPa,ok
2070089400,2016,7,31,rh_mean,33.082,percent,ok
2070089400,2016,7,31,heat_index_max,87.5194,degF,ok
2070089400,2016,7,31,days_tmax_ge_35,13.3199,days,ok
2070089400,2016,7,31,days_tmax_ge_40,0,days,ok
2070089770,2016,7,31,tmax_mean,34.0499,degC,ok
2070089770,2016,7,31,tmin_mean,21.4172,degC,ok
2070089770,2016,7,31,tmax_absolute,39.668,degC,ok
2070089770,2016,7,31,tmin_absolute,17.4916,degC,ok
2070089770,2016,7,31,vpd_mean,2.6774,kPa,ok
2070089770,2016,7,31,rh_mean,34.0153,percent,ok
2070089770,2016,7,31,heat_index_max,88.5034,degF,ok
2070089770,2016,7,31,days_tmax_ge_35,12.9579,days,ok
2070089770,2016,7,31,days_tmax_ge_40,0,days,ok
2070090240,2016,7,31,tmax_mean,35.0749,degC,ok
2070090240,2016,7,31,tmin_mean,22.7474,degC,ok
2070090240,2016,7,31,tmax_absolute,39.6414,degC,ok
2070090240,2016,7,31,tmin_absolute,19.1247,degC,ok
2070090240,2016,7,31,vpd_mean,2.9207,kPa,ok
2070090240,2016,7,31,rh_mean,31.6038,percent,ok
2070090240,2016,7,31,heat_index_max,87.7603,degF,ok
2070090240,2016,7,31,days_tmax_ge_35,17.1588,days,ok
2070090240,2016,7,31,days_tmax_ge_40,0.0205,days,ok
2070090810,2016,7,31,tmax_mean,35.3985,degC,ok
2070090810,2016,7,31,tmin_mean,23.2488,degC,ok
2070090810,2016,7,31,tmax_absolute,39.3508,degC,ok
2070090810,2016,7,31,tmin_absolute,19.9611,degC,ok
2070090810,2016,7,31,vpd_mean,2.9167,kPa,ok
2070090810,2016,7,31,rh_mean,33.776,percent,ok
2070090810,2016,7,31,heat_index_max,89.5503,degF,ok
2070090810,2016,7,31,days_tmax_ge_35,17.5451,days,ok
2070090810,2016,7,31,days_tmax_ge_40,0,days,ok
2070090950,2016,7,31,tmax_mean,34.2633,degC,ok
2070090950,2016,7,31,tmin_mean,21.8459,degC,ok
2070090950,2016,7,31,tmax_absolute,39.4614,degC,ok
2070090950,2016,7,31,tmin_absolute,18.8047,degC,ok
2070090950,2016,7,31,vpd_mean,2.7581,kPa,ok
2070090950,2016,7,31,rh_mean,32.5256,percent,ok
2070090950,2016,7,31,heat_index_max,87.541,degF,ok
2070090950,2016,7,31,days_tmax_ge_35,13.4426,days,ok
2070090950,2016,7,31,days_tmax_ge_40,0,days,ok
2070091930,2016,7,31,tmax_mean,33.9966,degC,ok
2070091930,2016,7,31,tmin_mean,21.4452,degC,ok
2070091930,2016,7,31,tmax_absolute,38.7945,degC,ok
2070091930,2016,7,31,tmin_absolute,19.0096,degC,ok
2070091930,2016,7,31,vpd_mean,2.6861,kPa,ok
2070091930,2016,7,31,rh_mean,33.336,percent,ok
2070091930,2016,7,31,heat_index_max,87.5923,degF,ok
2070091930,2016,7,31,days_tmax_ge_35,12.6225,days,ok
2070091930,2016,7,31,days_tmax_ge_40,0,days,ok
2070092180,2016,7,31,tmax_mean,36.2779,degC,ok
2070092180,2016,7,31,tmin_mean,24.5698,degC,ok
2070092180,2016,7,31,tmax_absolute,40.0936,degC,ok
2070092180,2016,7,31,tmin_absolute,20.8085,degC,ok
2070092180,2016,7,31,vpd_mean,3.0285,kPa,ok
2070092180,2016,7,31,rh_mean,35.2515,percent,ok
2070092180,2016,7,31,heat_index_max,91.559,degF,ok
2070092180,2016,7,31,days_tmax_ge_35,20.0473,days,ok
2070092180,2016,7,31,days_tmax_ge_40,1.3629,days,ok
2070093260,2016,7,31,tmax_mean,35.8291,degC,ok
2070093260,2016,7,31,tmin_mean,23.2978,degC,ok
2070093260,2016,7,31,tmax_absolute,40.5723,degC,ok
2070093260,2016,7,31,tmin_absolute,19.3879,degC,ok
2070093260,2016,7,31,vpd_mean,3.0122,kPa,ok
2070093260,2016,7,31,rh_mean,32.1226,percent,ok
2070093260,2016,7,31,heat_index_max,90.1364,degF,ok
2070093260,2016,7,31,days_tmax_ge_35,18.071,days,ok
2070093260,2016,7,31,days_tmax_ge_40,1,days,ok
2070097270,2016,7,31,tmax_mean,35.0168,degC,ok
2070097270,2016,7,31,tmin_mean,22.7537,degC,ok
2070097270,2016,7,31,tmax_absolute,39.7675,degC,ok
2070097270,2016,7,31,tmin_absolute,19.7694,degC,ok
2070097270,2016,7,31,vpd_mean,2.9308,kPa,ok
2070097270,2016,7,31,rh_mean,31.4192,percent,ok
2070097270,2016,7,31,heat_index_max,88.3768,degF,ok
2070097270,2016,7,31,days_tmax_ge_35,16.3948,days,ok
2070097270,2016,7,31,days_tmax_ge_40,0,days,ok
4070050220,2016,7,31,tmax_mean,32.6881,degC,ok
4070050220,2016,7,31,tmin_mean,28.8746,degC,ok
4070050220,2016,7,31,tmax_absolute,36.0783,degC,ok
4070050220,2016,7,31,tmin_absolute,24.3771,degC,ok
4070050220,2016,7,31,vpd_mean,2.3974,kPa,ok
4070050220,2016,7,31,rh_mean,46.7901,percent,ok
4070050220,2016,7,31,heat_index_max,97.5541,degF,ok
4070050220,2016,7,31,days_tmax_ge_35,2,days,ok
4070050220,2016,7,31,days_tmax_ge_40,0,days,ok
4070273960,2016,7,31,tmax_mean,32.6881,degC,ok
4070273960,2016,7,31,tmin_mean,28.8746,degC,ok
4070273960,2016,7,31,tmax_absolute,36.0783,degC,ok
4070273960,2016,7,31,tmin_absolute,24.3771,degC,ok
4070273960,2016,7,31,vpd_mean,2.3974,kPa,ok
4070273960,2016,7,31,rh_mean,46.7901,percent,ok
4070273960,2016,7,31,heat_index_max,97.5541,degF,ok
4070273960,2016,7,31,days_tmax_ge_35,2,days,ok
4070273960,2016,7,31,days_tmax_ge_40,0,days,ok
4070274290,2016,7,31,tmax_mean,32.5516,degC,ok
4070274290,2016,7,31,tmin_mean,29.2117,degC,ok
4070274290,2016,7,31,tmax_absolute,36.6224,degC,ok
4070274290,2016,7,31,tmin_absolute,25.2641,degC,ok
4070274290,2016,7,31,vpd_mean,2.3509,kPa,ok
4070274290,2016,7,31,rh_mean,48.0572,percent,ok
4070274290,2016,7,31,heat_index_max,98.6484,degF,ok
4070274290,2016,7,31,days_tmax_ge_35,2.8828,days,ok
4070274290,2016,7,31,days_tmax_ge_40,0,days,ok
4070274280,2016,7,31,tmax_mean,32.1339,degC,ok
4070274280,2016,7,31,tmin_mean,26.2091,degC,ok
4070274280,2016,7,31,tmax_absolute,35.9107,degC,ok
4070274280,2016,7,31,tmin_absolute,22.5522,degC,ok
4070274280,2016,7,31,vpd_mean,2.1872,kPa,ok
4070274280,2016,7,31,rh_mean,47.454,percent,ok
4070274280,2016,7,31,heat_index_max,92.8549,degF,ok
4070274280,2016,7,31,days_tmax_ge_35,1.8144,days,ok
4070274280,2016,7,31,days_tmax_ge_40,0,days,ok
4070274300,2016,7,31,tmax_mean,32.5169,degC,ok
4070274300,2016,7,31,tmin_mean,28.9699,degC,ok
4070274300,2016,7,31,tmax_absolute,36.3326,degC,ok
4070274300,2016,7,31,tmin_absolute,24.4352,degC,ok
4070274300,2016,7,31,vpd_mean,2.3522,kPa,ok
4070274300,2016,7,31,rh_mean,47.6519,percent,ok
4070274300,2016,7,31,heat_index_max,97.3642,degF,ok
4070274300,2016,7,31,days_tmax_ge_35,2.0397,days,ok
4070274300,2016,7,31,days_tmax_ge_40,0,days,ok
4070273970,2016,7,31,tmax_mean,32.5104,degC,ok
4070273970,2016,7,31,tmin_mean,22.9858,degC,ok
4070273970,2016,7,31,tmax_absolute,36.8721,degC,ok
4070273970,2016,7,31,tmin_absolute,19.1906,degC,ok
4070273970,2016,7,31,vpd_mean,2.189,kPa,ok
4070273970,2016,7,31,rh_mean,44.403,percent,ok
4070273970,2016,7,31,heat_index_max,87.809,degF,ok
4070273970,2016,7,31,days_tmax_ge_35,4.6497,days,ok
4070273970,2016,7,31,days_tmax_ge_40,0,days,ok
4070273830,2016,7,31,tmax_mean,32.6899,degC,ok
4070273830,2016,7,31,tmin_mean,22.8033,degC,ok
4070273830,2016,7,31,tmax_absolute,36.6651,degC,ok
4070273830,2016,7,31,tmin_absolute,19.4167,degC,ok
4070273830,2016,7,31,vpd_mean,2.2005,kPa,ok
4070273830,2016,7,31,rh_mean,44.248,percent,ok
4070273830,2016,7,31,heat_index_max,87.3297,degF,ok
4070273830,2016,7,31,days_tmax_ge_35,6.0192,days,ok
4070273830,2016,7,31,days_tmax_ge_40,0,days,ok
4070273700,2016,7,31,tmax_mean,32.0209,degC,ok
4070273700,2016,7,31,tmin_mean,26.797,degC,ok
4070273700,2016,7,31,tmax_absolute,35.3765,degC,ok
4070273700,2016,7,31,tmin_absolute,22.5925,degC,ok
4070273700,2016,7,31,vpd_mean,2.1807,kPa,ok
4070273700,2016,7,31,rh_mean,48.0313,percent,ok
4070273700,2016,7,31,heat_index_max,93.3961,degF,ok
4070273700,2016,7,31,days_tmax_ge_35,1.0997,days,ok
4070273700,2016,7,31,days_tmax_ge_40,0,days,ok
4070276370,2016,7,31,tmax_mean,32.123,degC,ok
4070276370,2016,7,31,tmin_mean,27.9753,degC,ok
4070276370,2016,7,31,tmax_absolute,36.7473,degC,ok
4070276370,2016,7,31,tmin_absolute,24.2209,degC,ok
4070276370,2016,7,31,vpd_mean,2.2334,kPa,ok
4070276370,2016,7,31,rh_mean,48.4542,percent,ok
4070276370,2016,7,31,heat_index_max,94.928,degF,ok
4070276370,2016,7,31,days_tmax_ge_35,1.2177,days,ok
4070276370,2016,7,31,days_tmax_ge_40,0,days,ok
4070276550,2016,7,31,tmax_mean,33.8544,degC,ok
4070276550,2016,7,31,tmin_mean,24.6773,degC,ok
4070276550,2016,7,31,tmax_absolute,38.7252,degC,ok
4070276550,2016,7,31,tmin_absolute,21.4687,degC,ok
4070276550,2016,7,31,vpd_mean,2.4503,kPa,ok
4070276550,2016,7,31,rh_mean,42.9026,percent,ok
4070276550,2016,7,31,heat_index_max,92.1862,degF,ok
4070276550,2016,7,31,days_tmax_ge_35,10.1165,days,ok
4070276550,2016,7,31,days_tmax_ge_40,0.2623,days,ok
4070281940,2016,7,31,tmax_mean,32.2538,degC,ok
4070281940,2016,7,31,tmin_mean,24.937,degC,ok
4070281940,2016,7,31,tmax_absolute,37.5158,degC,ok
4070281940,2016,7,31,tmin_absolute,21.8841,degC,ok
4070281940,2016,7,31,vpd_mean,2.1039,kPa,ok
4070281940,2016,7,31,rh_mean,48.1993,percent,ok
4070281940,2016,7,31,heat_index_max,92.3723,degF,ok
4070281940,2016,7,31,days_tmax_ge_35,2.5344,days,ok
4070281940,2016,7,31,days_tmax_ge_40,0,days,ok
4070282100,2016,7,31,tmax_mean,32.5896,degC,ok
4070282100,2016,7,31,tmin_mean,28.8868,degC,ok
4070282100,2016,7,31,tmax_absolute,36.4422,degC,ok
4070282100,2016,7,31,tmin_absolute,25.2154,degC,ok
4070282100,2016,7,31,vpd_mean,2.3293,kPa,ok
4070282100,2016,7,31,rh_mean,48.2251,percent,ok
4070282100,2016,7,31,heat_index_max,99.5026,degF,ok
4070282100,2016,7,31,days_tmax_ge_35,3.1276,days,ok
4070282100,2016,7,31,days_tmax_ge_40,0,days,ok
4070255700,2016,7,31,tmax_mean,32.3186,degC,ok
4070255700,2016,7,31,tmin_mean,24.3887,degC,ok
4070255700,2016,7,31,tmax_absolute,35.9651,degC,ok
4070255700,2016,7,31,tmin_absolute,21.3757,degC,ok
4070255700,2016,7,31,vpd_mean,2.1952,kPa,ok
4070255700,2016,7,31,rh_mean,45.272,percent,ok
4070255700,2016,7,31,heat_index_max,89.2513,degF,ok
4070255700,2016,7,31,days_tmax_ge_35,2.3724,days,ok
4070255700,2016,7,31,days_tmax_ge_40,0,days,ok
4070281950,2016,7,31,tmax_mean,33.8556,degC,ok
4070281950,2016,7,31,tmin_mean,22.4438,degC,ok
4070281950,2016,7,31,tmax_absolute,38.7179,degC,ok
4070281950,2016,7,31,tmin_absolute,19.0515,degC,ok
4070281950,2016,7,31,vpd_mean,2.4363,kPa,ok
4070281950,2016,7,31,rh_mean,40.4552,percent,ok
4070281950,2016,7,31,heat_index_max,87.7261,degF,ok
4070281950,2016,7,31,days_tmax_ge_35,10.2264,days,ok
4070281950,2016,7,31,days_tmax_ge_40,0.0249,days,ok
4070300160,2016,7,31,tmax_mean,35.6626,degC,ok
4070300160,2016,7,31,tmin_mean,23.5946,degC,ok
4070300160,2016,7,31,tmax_absolute,40.0195,degC,ok
4070300160,2016,7,31,tmin_absolute,19.955,degC,ok
4070300160,2016,7,31,vpd_mean,2.7706,kPa,ok
4070300160,2016,7,31,rh_mean,38.0009,percent,ok
4070300160,2016,7,31,heat_index_max,91.2485,degF,ok
4070300160,2016,7,31,days_tmax_ge_35,17.8941,days,ok
4070300160,2016,7,31,days_tmax_ge_40,1.8283,days,ok
4070300360,2016,7,31,tmax_mean,35.5906,degC,ok
4070300360,2016,7,31,tmin_mean,23.5936,degC,ok
4070300360,2016,7,31,tmax_absolute,40.1447,degC,ok
4070300360,2016,7,31,tmin_absolute,19.578,degC,ok
4070300360,2016,7,31,vpd_mean,2.7115,kPa,ok
4070300360,2016,7,31,rh_mean,39.1152,percent,ok
4070300360,2016,7,31,heat_index_max,91.0134,degF,ok
4070300360,2016,7,31,days_tmax_ge_35,17.809,days,ok
4070300360,2016,7,31,days_tmax_ge_40,1.2612,days,ok
4070307360,2016,7,31,tmax_mean,33.4485,degC,ok
4070307360,2016,7,31,tmin_mean,24.703,degC,ok
4070307360,2016,7,31,tmax_absolute,38.2847,degC,ok
4070307360,2016,7,31,tmin_absolute,21.1061,degC,ok
4070307360,2016,7,31,vpd_mean,2.3145,kPa,ok
4070307360,2016,7,31,rh_mean,45.1971,percent,ok
4070307360,2016,7,31,heat_index_max,92.4359,degF,ok
4070307360,2016,7,31,days_tmax_ge_35,8.1518,days,ok
4070307360,2016,7,31,days_tmax_ge_40,0,days,ok
4070307540,2016,7,31,tmax_mean,32.8887,degC,ok
4070307540,2016,7,31,tmin_mean,25.7394,degC,ok
4070307540,2016,7,31,tmax_absolute,37.8387,degC,ok
4070307540,2016,7,31,tmin_absolute,22.6742,degC,ok
4070307540,2016,7,31,vpd_mean,2.2157,kPa,ok
4070307540,2016,7,31,rh_mean,47.6207,percent,ok
4070307540,2016,7,31,heat_index_max,94.1629,degF,ok
4070307540,2016,7,31,days_tmax_ge_35,5.7296,days,ok
4070307540,2016,7,31,days_tmax_ge_40,0,days,ok
4070320900,2016,7,31,tmax_mean,36.4657,degC,ok
4070320900,2016,7,31,tmin_mean,23.3738,degC,ok
4070320900,2016,7,31,tmax_absolute,40.7775,degC,ok
4070320900,2016,7,31,tmin_absolute,19.5664,degC,ok
4070320900,2016,7,31,vpd_mean,2.8637,kPa,ok
4070320900,2016,7,31,rh_mean,37.2521,percent,ok
4070320900,2016,7,31,heat_index_max,90.637,degF,ok
4070320900,2016,7,31,days_tmax_ge_35,21.7314,days,ok
4070320900,2016,7,31,days_tmax_ge_40,2.0654,days,ok
4070320910,2016,7,31,tmax_mean,35.4105,degC,ok
4070320910,2016,7,31,tmin_mean,23.3509,degC,ok
4070320910,2016,7,31,tmax_absolute,40.5333,degC,ok
4070320910,2016,7,31,tmin_absolute,19.3593,degC,ok
4070320910,2016,7,31,vpd_mean,2.6998,kPa,ok
4070320910,2016,7,31,rh_mean,38.6423,percent,ok
4070320910,2016,7,31,heat_index_max,90.131,degF,ok
4070320910,2016,7,31,days_tmax_ge_35,17.3359,days,ok
4070320910,2016,7,31,days_tmax_ge_40,0.7006,days,ok
4070319630,2016,7,31,tmax_mean,35.5396,degC,ok
4070319630,2016,7,31,tmin_mean,22.8693,degC,ok
4070319630,2016,7,31,tmax_absolute,40.0582,degC,ok
4070319630,2016,7,31,tmin_absolute,19.5716,degC,ok
4070319630,2016,7,31,vpd_mean,2.8658,kPa,ok
4070319630,2016,7,31,rh_mean,34.5089,percent,ok
4070319630,2016,7,31,heat_index_max,89.0657,degF,ok
4070319630,2016,7,31,days_tmax_ge_35,18.3736,days,ok
4070319630,2016,7,31,days_tmax_ge_40,0.6756,days,ok
4070319830,2016,7,31,tmax_mean,36.3413,degC,ok
4070319830,2016,7,31,tmin_mean,23.4694,degC,ok
4070319830,2016,7,31,tmax_absolute,40.631,degC,ok
4070319830,2016,7,31,tmin_absolute,20.2269,degC,ok
4070319830,2016,7,31,vpd_mean,3.0774,kPa,ok
4070319830,2016,7,31,rh_mean,32.4873,percent,ok
4070319830,2016,7,31,heat_index_max,90.5852,degF,ok
4070319830,2016,7,31,days_tmax_ge_35,20.2174,days,ok
4070319830,2016,7,31,days_tmax_ge_40,3.0218,days,ok
4070270580,2016,7,31,tmax_mean,33.0599,degC,ok
4070270580,2016,7,31,tmin_mean,23.7849,degC,ok
4070270580,2016,7,31,tmax_absolute,37.8742,degC,ok
4070270580,2016,7,31,tmin_absolute,20.7837,degC,ok
4070270580,2016,7,31,vpd_mean,2.2826,kPa,ok
4070270580,2016,7,31,rh_mean,44.0296,percent,ok
4070270580,2016,7,31,heat_index_max,89.9513,degF,ok
4070270580,2016,7,31,days_tmax_ge_35,6.1934,days,ok
4070270580,2016,7,31,days_tmax_ge_40,0.0978,days,ok
4070270590,2016,7,31,tmax_mean,32.0828,degC,ok
4070270590,2016,7,31,tmin_mean,24.181,degC,ok
4070270590,2016,7,31,tmax_absolute,36.3397,degC,ok
4070270590,2016,7,31,tmin_absolute,21.3667,degC,ok
4070270590,2016,7,31,vpd_mean,2.0897,kPa,ok
4070270590,2016,7,31,rh_mean,47.3516,percent,ok
4070270590,2016,7,31,heat_index_max,89.1943,degF,ok
4070270590,2016,7,31,days_tmax_ge_35,1.7337,days,ok
4070270590,2016,7,31,days_tmax_ge_40,0,days,ok
4070346110,2016,7,31,tmax_mean,36.7194,degC,ok
4070346110,2016,7,31,tmin_mean,23.8629,degC,ok
4070346110,2016,7,31,tmax_absolute,40.7765,degC,ok
4070346110,2016,7,31,tmin_absolute,20.6338,degC,ok
4070346110,2016,7,31,vpd_mean,3.1545,kPa,ok
4070346110,2016,7,31,rh_mean,32.2113,percent,ok
4070346110,2016,7,31,heat_index_max,91.4113,degF,ok
4070346110,2016,7,31,days_tmax_ge_35,22.1092,days,ok
4070346110,2016,7,31,days_tmax_ge_40,3.8159,days,ok
4070346270,2016,7,31,tmax_mean,36.7113,degC,ok
4070346270,2016,7,31,tmin_mean,23.5497,degC,ok
4070346270,2016,7,31,tmax_absolute,40.5731,degC,ok
4070346270,2016,7,31,tmin_absolute,20.1039,degC,ok
4070346270,2016,7,31,vpd_mean,3.0415,kPa,ok
4070346270,2016,7,31,rh_mean,34.1406,percent,ok
4070346270,2016,7,31,heat_index_max,91.0886,degF,ok
4070346270,2016,7,31,days_tmax_ge_35,22.8854,days,ok
4070346270,2016,7,31,days_tmax_ge_40,2.0769,days,ok
4070326690,2016,7,31,tmax_mean,36.1471,degC,ok
4070326690,2016,7,31,tmin_mean,23.1606,degC,ok
4070326690,2016,7,31,tmax_absolute,41.2997,degC,ok
4070326690,2016,7,31,tmin_absolute,19.7443,degC,ok
4070326690,2016,7,31,vpd_mean,3.0711,kPa,ok
4070326690,2016,7,31,rh_mean,31.707,percent,ok
4070326690,2016,7,31,heat_index_max,90.6313,degF,ok
4070326690,2016,7,31,days_tmax_ge_35,20.1535,days,ok
4070326690,2016,7,31,days_tmax_ge_40,3.3071,days,ok
4070326790,2016,7,31,tmax_mean,36.9064,degC,ok
4070326790,2016,7,31,tmin_mean,23.9441,degC,ok
4070326790,2016,7,31,tmax_absolute,42.0909,degC,ok
4070326790,2016,7,31,tmin_absolute,20.6554,degC,ok
4070326790,2016,7,31,vpd_mean,3.2786,kPa,ok
4070326790,2016,7,31,rh_mean,30.1328,percent,ok
4070326790,2016,7,31,heat_index_max,92.3081,degF,ok
4070326790,2016,7,31,days_tmax_ge_35,21.0516,days,ok
4070326790,2016,7,31,days_tmax_ge_40,5.1801,days,ok
4070328420,2016,7,31,tmax_mean,36.3632,degC,ok
4070328420,2016,7,31,tmin_mean,23.0343,degC,ok
4070328420,2016,7,31,tmax_absolute,40.628,degC,ok
4070328420,2016,7,31,tmin_absolute,19.5143,degC,ok
4070328420,2016,7,31,vpd_mean,2.8633,kPa,ok
4070328420,2016,7,31,rh_mean,36.3574,percent,ok
4070328420,2016,7,31,heat_index_max,89.4786,degF,ok
4070328420,2016,7,31,days_tmax_ge_35,21.5677,days,ok
4070328420,2016,7,31,days_tmax_ge_40,1.6042,days,ok
4070328430,2016,7,31,tmax_mean,36.1526,degC,ok
4070328430,2016,7,31,tmin_mean,22.8823,degC,ok
4070328430,2016,7,31,tmax_absolute,40.8102,degC,ok
4070328430,2016,7,31,tmin_absolute,19.8116,degC,ok
4070328430,2016,7,31,vpd_mean,2.8134,kPa,ok
4070328430,2016,7,31,rh_mean,36.8939,percent,ok
4070328430,2016,7,31,heat_index_max,89.4638,degF,ok
4070328430,2016,7,31,days_tmax_ge_35,20.6313,days,ok
4070328430,2016,7,31,days_tmax_ge_40,1.1601,days,ok
4070372250,2016,7,31,tmax_mean,37.2741,degC,ok
4070372250,2016,7,31,tmin_mean,24.2812,degC,ok
4070372250,2016,7,31,tmax_absolute,42.2379,degC,ok
4070372250,2016,7,31,tmin_absolute,21.5042,degC,ok
4070372250,2016,7,31,vpd_mean,3.3415,kPa,ok
4070372250,2016,7,31,rh_mean,30.2067,percent,ok
4070372250,2016,7,31,heat_index_max,93.1677,degF,ok
4070372250,2016,7,31,days_tmax_ge_35,22.1929,days,ok
4070372250,2016,7,31,days_tmax_ge_40,5.9156,days,ok
4070372330,2016,7,31,tmax_mean,37.1896,degC,ok
4070372330,2016,7,31,tmin_mean,24.3529,degC,ok
4070372330,2016,7,31,tmax_absolute,41.4694,degC,ok
4070372330,2016,7,31,tmin_absolute,21.6609,degC,ok
4070372330,2016,7,31,vpd_mean,3.279,kPa,ok
4070372330,2016,7,31,rh_mean,31.3822,percent,ok
4070372330,2016,7,31,heat_index_max,92.3615,degF,ok
4070372330,2016,7,31,days_tmax_ge_35,22.9821,days,ok
4070372330,2016,7,31,days_tmax_ge_40,5.7902,days,ok
4070383920,2016,7,31,tmax_mean,37.0891,degC,ok
4070383920,2016,7,31,tmin_mean,23.8598,degC,ok
4070383920,2016,7,31,tmax_absolute,40.7954,degC,ok
4070383920,2016,7,31,tmin_absolute,20.804,degC,ok
4070383920,2016,7,31,vpd_mean,3.1532,kPa,ok
4070383920,2016,7,31,rh_mean,33.1483,percent,ok
4070383920,2016,7,31,heat_index_max,90.9105,degF,ok
4070383920,2016,7,31,days_tmax_ge_35,23.4851,days,ok
4070383920,2016,7,31,days_tmax_ge_40,4.4142,days,ok
4070383990,2016,7,31,tmax_mean,37.4516,degC,ok
4070383990,2016,7,31,tmin_mean,23.8632,degC,ok
4070383990,2016,7,31,tmax_absolute,41.6743,degC,ok
4070383990,2016,7,31,tmin_absolute,20.8766,degC,ok
4070383990,2016,7,31,vpd_mean,3.1782,kPa,ok
4070383990,2016,7,31,rh_mean,33.4848,percent,ok
4070383990,2016,7,31,heat_index_max,91.9738,degF,ok
4070383990,2016,7,31,days_tmax_ge_35,24.4025,days,ok
4070383990,2016,7,31,days_tmax_ge_40,6.8239,days,ok
4070384700,2016,7,31,tmax_mean,37.2907,degC,ok
4070384700,2016,7,31,tmin_mean,24.2717,degC,ok
4070384700,2016,7,31,tmax_absolute,41.91,degC,ok
4070384700,2016,7,31,tmin_absolute,21.6498,degC,ok
4070384700,2016,7,31,vpd_mean,3.2805,kPa,ok
4070384700,2016,7,31,rh_mean,31.5464,percent,ok
4070384700,2016,7,31,heat_index_max,92.9743,degF,ok
4070384700,2016,7,31,days_tmax_ge_35,22.3651,days,ok
4070384700,2016,7,31,days_tmax_ge_40,6.1555,days,ok
4070384780,2016,7,31,tmax_mean,37.3084,degC,ok
4070384780,2016,7,31,tmin_mean,24.2574,degC,ok
4070384780,2016,7,31,tmax_absolute,42.4403,degC,ok
4070384780,2016,7,31,tmin_absolute,21.6917,degC,ok
4070384780,2016,7,31,vpd_mean,3.332,kPa,ok
4070384780,2016,7,31,rh_mean,30.4702,percent,ok
4070384780,2016,7,31,heat_index_max,93.2282,degF,ok
4070384780,2016,7,31,days_tmax_ge_35,22.0153,days,ok
4070384780,2016,7,31,days_tmax_ge_40,6.159,days,ok
4070410530,2016,7,31,tmax_mean,37.4149,degC,ok
4070410530,2016,7,31,tmin_mean,24.364,degC,ok
4070410530,2016,7,31,tmax_absolute,43.3443,degC,ok
4070410530,2016,7,31,tmin_absolute,21.9879,degC,ok
4070410530,2016,7,31,vpd_mean,3.2424,kPa,ok
4070410530,2016,7,31,rh_mean,32.8417,percent,ok
4070410530,2016,7,31,heat_index_max,94.3973,degF,ok
4070410530,2016,7,31,days_tmax_ge_35,23.9291,days,ok
4070410530,2016,7,31,days_tmax_ge_40,6.1864,days,ok
4070410400,2016,7,31,tmax_mean,37.5032,degC,ok
4070410400,2016,7,31,tmin_mean,24.1404,degC,ok
4070410400,2016,7,31,tmax_absolute,43.0977,degC,ok
4070410400,2016,7,31,tmin_absolute,21.8196,degC,ok
4070410400,2016,7,31,vpd_mean,3.3209,kPa,ok
4070410400,2016,7,31,rh_mean,31.0853,percent,ok
4070410400,2016,7,31,heat_index_max,93.5415,degF,ok
4070410400,2016,7,31,days_tmax_ge_35,24.993,days,ok
4070410400,2016,7,31,days_tmax_ge_40,6.5846,days,ok
4070441530,2016,7,31,tmax_mean,37.8733,degC,ok
4070441530,2016,7,31,tmin_mean,23.5202,degC,ok
4070441530,2016,7,31,tmax_absolute,43.4694,degC,ok
4070441530,2016,7,31,tmin_absolute,18.96,degC,ok
4070441530,2016,7,31,vpd_mean,3.452,kPa,ok
4070441530,2016,7,31,rh_mean,28.5157,percent,ok
4070441530,2016,7,31,heat_index_max,91.331,degF,ok
4070441530,2016,7,31,days_tmax_ge_35,26.1042,days,ok
4070441530,2016,7,31,days_tmax_ge_40,8.0355,days,ok
4070441780,2016,7,31,tmax_mean,38.2287,degC,ok
4070441780,2016,7,31,tmin_mean,24.4285,degC,ok
4070441780,2016,7,31,tmax_absolute,44.0287,degC,ok
4070441780,2016,7,31,tmin_absolute,20.2846,degC,ok
4070441780,2016,7,31,vpd_mean,3.5637,kPa,ok
4070441780,2016,7,31,rh_mean,28.3964,percent,ok
4070441780,2016,7,31,heat_index_max,93.0103,degF,ok
4070441780,2016,7,31,days_tmax_ge_35,26.3309,days,ok
4070441780,2016,7,31,days_tmax_ge_40,9.6571,days,ok
4070469510,2016,7,31,tmax_mean,38.4064,degC,ok
4070469510,2016,7,31,tmin_mean,23.9524,degC,ok
4070469510,2016,7,31,tmax_absolute,43.5889,degC,ok
4070469510,2016,7,31,tmin_absolute,18.8143,degC,ok
4070469510,2016,7,31,vpd_mean,3.6122,kPa,ok
4070469510,2016,7,31,rh_mean,27.1171,percent,ok
4070469510,2016,7,31,heat_index_max,91.6916,degF,ok
4070469510,2016,7,31,days_tmax_ge_35,26.2228,days,ok
4070469510,2016,7,31,days_tmax_ge_40,9.3683,days,ok
4070469270,2016,7,31,tmax_mean,38.0087,degC,ok
4070469270,2016,7,31,tmin_mean,23.4353,degC,ok
4070469270,2016,7,31,tmax_absolute,43.2977,degC,ok
4070469270,2016,7,31,tmin_absolute,18.019,degC,ok
4070469270,2016,7,31,vpd_mean,3.5068,kPa,ok
4070469270,2016,7,31,rh_mean,27.5582,percent,ok
4070469270,2016,7,31,heat_index_max,90.711,degF,ok
4070469270,2016,7,31,days_tmax_ge_35,26,days,ok
4070469270,2016,7,31,days_tmax_ge_40,8.3554,days,ok
4070484700,2016,7,31,tmax_mean,38.5661,degC,ok
4070484700,2016,7,31,tmin_mean,24.5916,degC,ok
4070484700,2016,7,31,tmax_absolute,43.386,degC,ok
4070484700,2016,7,31,tmin_absolute,19.4191,degC,ok
4070484700,2016,7,31,vpd_mean,3.6273,kPa,ok
4070484700,2016,7,31,rh_mean,27.9948,percent,ok
4070484700,2016,7,31,heat_index_max,92.726,degF,ok
4070484700,2016,7,31,days_tmax_ge_35,28.1369,days,ok
4070484700,2016,7,31,days_tmax_ge_40,11.2695,days,ok
4070480960,2016,7,31,tmax_mean,38.3106,degC,ok
4070480960,2016,7,31,tmin_mean,24.2583,degC,ok
4070480960,2016,7,31,tmax_absolute,43.3125,degC,ok
4070480960,2016,7,31,tmin_absolute,18.7587,degC,ok
4070480960,2016,7,31,vpd_mean,3.6417,kPa,ok
4070480960,2016,7,31,rh_mean,26.6568,percent,ok
4070480960,2016,7,31,heat_index_max,91.7804,degF,ok
4070480960,2016,7,31,days_tmax_ge_35,26.8635,days,ok
4070480960,2016,7,31,days_tmax_ge_40,9.3687,days,ok
4070481170,2016,7,31,tmax_mean,38.4581,degC,ok
4070481170,2016,7,31,tmin_mean,23.958,degC,ok
4070481170,2016,7,31,tmax_absolute,43.6082,degC,ok
4070481170,2016,7,31,tmin_absolute,18.8568,degC,ok
4070481170,2016,7,31,vpd_mean,3.5975,kPa,ok
4070481170,2016,7,31,rh_mean,27.7355,percent,ok
4070481170,2016,7,31,heat_index_max,92.366,degF,ok
4070481170,2016,7,31,days_tmax_ge_35,27.3083,days,ok
4070481170,2016,7,31,days_tmax_ge_40,10.0943,days,ok
4070470980,2016,7,31,tmax_mean,38.1154,degC,ok
4070470980,2016,7,31,tmin_mean,23.7331,degC,ok
4070470980,2016,7,31,tmax_absolute,43.1943,degC,ok
4070470980,2016,7,31,tmin_absolute,17.8863,degC,ok
4070470980,2016,7,31,vpd_mean,3.5687,kPa,ok
4070470980,2016,7,31,rh_mean,26.9098,percent,ok
4070470980,2016,7,31,heat_index_max,90.9439,degF,ok
4070470980,2016,7,31,days_tmax_ge_35,26.0066,days,ok
4070470980,2016,7,31,days_tmax_ge_40,8.3621,days,ok
4070470930,2016,7,31,tmax_mean,36.5166,degC,ok
4070470930,2016,7,31,tmin_mean,21.9623,degC,ok
4070470930,2016,7,31,tmax_absolute,41.1687,degC,ok
4070470930,2016,7,31,tmin_absolute,16.8249,degC,ok
4070470930,2016,7,31,vpd_mean,3.1331,kPa,ok
4070470930,2016,7,31,rh_mean,30.0018,percent,ok
4070470930,2016,7,31,heat_index_max,88.4314,degF,ok
4070470930,2016,7,31,days_tmax_ge_35,21.5031,days,ok
4070470930,2016,7,31,days_tmax_ge_40,4.3358,days,ok
4070470300,2016,7,31,tmax_mean,38.2524,degC,ok
4070470300,2016,7,31,tmin_mean,24.056,degC,ok
4070470300,2016,7,31,tmax_absolute,43.0269,degC,ok
4070470300,2016,7,31,tmin_absolute,17.7639,degC,ok
4070470300,2016,7,31,vpd_mean,3.5718,kPa,ok
4070470300,2016,7,31,rh_mean,27.6899,percent,ok
4070470300,2016,7,31,heat_index_max,90.8516,degF,ok
4070470300,2016,7,31,days_tmax_ge_35,27.6457,days,ok
4070470300,2016,7,31,days_tmax_ge_40,8.2674,days,ok
4070470610,2016,7,31,tmax_mean,38.2156,degC,ok
4070470610,2016,7,31,tmin_mean,23.6163,degC,ok
4070470610,2016,7,31,tmax_absolute,43.2434,degC,ok
4070470610,2016,7,31,tmin_absolute,17.8955,degC,ok
4070470610,2016,7,31,vpd_mean,3.5636,kPa,ok
4070470610,2016,7,31,rh_mean,27.2547,percent,ok
4070470610,2016,7,31,heat_index_max,91.0527,degF,ok
4070470610,2016,7,31,days_tmax_ge_35,27.3634,days,ok
4070470610,2016,7,31,days_tmax_ge_40,8.811,days,ok
4070468830,2016,7,31,tmax_mean,38.1421,degC,ok
4070468830,2016,7,31,tmin_mean,23.4152,degC,ok
4070468830,2016,7,31,tmax_absolute,43.1871,degC,ok
4070468830,2016,7,31,tmin_absolute,17.8881,degC,ok
4070468830,2016,7,31,vpd_mean,3.508,kPa,ok
4070468830,2016,7,31,rh_mean,28.0131,percent,ok
4070468830,2016,7,31,heat_index_max,91.0634,degF,ok
4070468830,2016,7,31,days_tmax_ge_35,27.3755,days,ok
4070468830,2016,7,31,days_tmax_ge_40,8.6289,days,ok
4070468680,2016,7,31,tmax_mean,37.377,degC,ok
4070468680,2016,7,31,tmin_mean,23.0786,degC,ok
4070468680,2016,7,31,tmax_absolute,42.1884,degC,ok
4070468680,2016,7,31,tmin_absolute,17.569,degC,ok
4070468680,2016,7,31,vpd_mean,3.3104,kPa,ok
4070468680,2016,7,31,rh_mean,29.9696,percent,ok
4070468680,2016,7,31,heat_index_max,90.5635,degF,ok
4070468680,2016,7,31,days_tmax_ge_35,25.0442,days,ok
4070468680,2016,7,31,days_tmax_ge_40,6.6474,days,ok
4070512220,2016,7,31,tmax_mean,37.7012,degC,ok
4070512220,2016,7,31,tmin_mean,22.4222,degC,ok
4070512220,2016,7,31,tmax_absolute,42.5316,degC,ok
4070512220,2016,7,31,tmin_absolute,17.8061,degC,ok
4070512220,2016,7,31,vpd_mean,3.2633,kPa,ok
4070512220,2016,7,31,rh_mean,30.9047,percent,ok
4070512220,2016,7,31,heat_index_max,90.2234,degF,ok
4070512220,2016,7,31,days_tmax_ge_35,25.6121,days,ok
4070512220,2016,7,31,days_tmax_ge_40,7.4578,days,ok
4070513410,2016,7,31,tmax_mean,38.6449,degC,ok
4070513410,2016,7,31,tmin_mean,23.3287,degC,ok
4070513410,2016,7,31,tmax_absolute,43.3726,degC,ok
4070513410,2016,7,31,tmin_absolute,18.5728,degC,ok
4070513410,2016,7,31,vpd_mean,3.5437,kPa,ok
4070513410,2016,7,31,rh_mean,28.3085,percent,ok
4070513410,2016,7,31,heat_index_max,91.6542,degF,ok
4070513410,2016,7,31,days_tmax_ge_35,28.0411,days,ok
4070513410,2016,7,31,days_tmax_ge_40,10.3227,days,ok
4070517910,2016,7,31,tmax_mean,38.8876,degC,ok
4070517910,2016,7,31,tmin_mean,23.7354,degC,ok
4070517910,2016,7,31,tmax_absolute,43.7809,degC,ok
4070517910,2016,7,31,tmin_absolute,18.7613,degC,ok
4070517910,2016,7,31,vpd_mean,3.6407,kPa,ok
4070517910,2016,7,31,rh_mean,27.5869,percent,ok
4070517910,2016,7,31,heat_index_max,92.9151,degF,ok
4070517910,2016,7,31,days_tmax_ge_35,29.343,days,ok
4070517910,2016,7,31,days_tmax_ge_40,11.7988,days,ok
4070517640,2016,7,31,tmax_mean,38.7214,degC,ok
4070517640,2016,7,31,tmin_mean,23.4419,degC,ok
4070517640,2016,7,31,tmax_absolute,43.5688,degC,ok
4070517640,2016,7,31,tmin_absolute,18.5366,degC,ok
4070517640,2016,7,31,vpd_mean,3.5841,kPa,ok
4070517640,2016,7,31,rh_mean,27.8571,percent,ok
4070517640,2016,7,31,heat_index_max,92.1939,degF,ok
4070517640,2016,7,31,days_tmax_ge_35,28.786,days,ok
4070517640,2016,7,31,days_tmax_ge_40,11.0443,days,ok
4070523030,2016,7,31,tmax_mean,36.2069,degC,ok
4070523030,2016,7,31,tmin_mean,21.4415,degC,ok
4070523030,2016,7,31,tmax_absolute,41.391,degC,ok
4070523030,2016,7,31,tmin_absolute,16.8558,degC,ok
4070523030,2016,7,31,vpd_mean,2.9912,kPa,ok
4070523030,2016,7,31,rh_mean,32.6052,percent,ok
4070523030,2016,7,31,heat_index_max,88.7393,degF,ok
4070523030,2016,7,31,days_tmax_ge_35,20.4934,days,ok
4070523030,2016,7,31,days_tmax_ge_40,4.9644,days,ok
4070531200,2016,7,31,tmax_mean,38.4832,degC,ok
4070531200,2016,7,31,tmin_mean,24.6057,degC,ok
4070531200,2016,7,31,tmax_absolute,43.9492,degC,ok
4070531200,2016,7,31,tmin_absolute,20.3131,degC,ok
4070531200,2016,7,31,vpd_mean,3.7303,kPa,ok
4070531200,2016,7,31,rh_mean,26.977,percent,ok
4070531200,2016,7,31,heat_index_max,93.5893,degF,ok
4070531200,2016,7,31,days_tmax_ge_35,26.3539,days,ok
4070531200,2016,7,31,days_tmax_ge_40,11.699,days,ok
4070456210,2016,7,31,tmax_mean,34.2309,degC,ok
4070456210,2016,7,31,tmin_mean,20.769,degC,ok
4070456210,2016,7,31,tmax_absolute,39.3027,degC,ok
4070456210,2016,7,31,tmin_absolute,15.3048,degC,ok
4070456210,2016,7,31,vpd_mean,2.5485,kPa,ok
4070456210,2016,7,31,rh_mean,36.8481,percent,ok
4070456210,2016,7,31,heat_index_max,87.3179,degF,ok
4070456210,2016,7,31,days_tmax_ge_35,12.9249,days,ok
4070456210,2016,7,31,days_tmax_ge_40,0.7401,days,ok
4070456310,2016,7,31,tmax_mean,36.2121,degC,ok
4070456310,2016,7,31,tmin_mean,19.7178,degC,ok
4070456310,2016,7,31,tmax_absolute,40.9734,degC,ok
4070456310,2016,7,31,tmin_absolute,15.1279,degC,ok
4070456310,2016,7,31,vpd_mean,2.7434,kPa,ok
4070456310,2016,7,31,rh_mean,35.3107,percent,ok
4070456310,2016,7,31,heat_index_max,87.7258,degF,ok
4070456310,2016,7,31,days_tmax_ge_35,20.3593,days,ok
4070456310,2016,7,31,days_tmax_ge_40,3.0734,days,ok
4070492050,2016,7,31,tmax_mean,35.5758,degC,ok
4070492050,2016,7,31,tmin_mean,21.2364,degC,ok
4070492050,2016,7,31,tmax_absolute,40.5575,degC,ok
4070492050,2016,7,31,tmin_absolute,17.458,degC,ok
4070492050,2016,7,31,vpd_mean,2.7078,kPa,ok
4070492050,2016,7,31,rh_mean,37.5687,percent,ok
4070492050,2016,7,31,heat_index_max,88.7814,degF,ok
4070492050,2016,7,31,days_tmax_ge_35,19.0666,days,ok
4070492050,2016,7,31,days_tmax_ge_40,3.0074,days,ok
4070492470,2016,7,31,tmax_mean,31.5321,degC,ok
4070492470,2016,7,31,tmin_mean,17.9181,degC,ok
4070492470,2016,7,31,tmax_absolute,36.9072,degC,ok
4070492470,2016,7,31,tmin_absolute,14.6386,degC,ok
4070492470,2016,7,31,vpd_mean,2.0309,kPa,ok
4070492470,2016,7,31,rh_mean,42.0095,percent,ok
4070492470,2016,7,31,heat_index_max,82.7404,degF,ok
4070492470,2016,7,31,days_tmax_ge_35,6.8342,days,ok
4070492470,2016,7,31,days_tmax_ge_40,0.5555,days,ok
4070458090,2016,7,31,tmax_mean,36.1318,degC,ok
4070458090,2016,7,31,tmin_mean,19.8891,degC,ok
4070458090,2016,7,31,tmax_absolute,40.8591,degC,ok
4070458090,2016,7,31,tmin_absolute,14.9379,degC,ok
4070458090,2016,7,31,vpd_mean,2.6458,kPa,ok
4070458090,2016,7,31,rh_mean,37.5497,percent,ok
4070458090,2016,7,31,heat_index_max,87.7721,degF,ok
4070458090,2016,7,31,days_tmax_ge_35,20.8674,days,ok
4070458090,2016,7,31,days_tmax_ge_40,1.936,days,ok
4070457890,2016,7,31,tmax_mean,35.1288,degC,ok
4070457890,2016,7,31,tmin_mean,20.043,degC,ok
4070457890,2016,7,31,tmax_absolute,39.9205,degC,ok
4070457890,2016,7,31,tmin_absolute,14.5326,degC,ok
4070457890,2016,7,31,vpd_mean,2.5489,kPa,ok
4070457890,2016,7,31,rh_mean,38.0736,percent,ok
4070457890,2016,7,31,heat_index_max,87.3104,degF,ok
4070457890,2016,7,31,days_tmax_ge_35,16.7641,days,ok
4070457890,2016,7,31,days_tmax_ge_40,1.4117,days,ok
4070485850,2016,7,31,tmax_mean,29.7439,degC,ok
4070485850,2016,7,31,tmin_mean,17.2963,degC,ok
4070485850,2016,7,31,tmax_absolute,34.8434,degC,ok
4070485850,2016,7,31,tmin_absolute,13.7198,degC,ok
4070485850,2016,7,31,vpd_mean,1.8279,kPa,ok
4070485850,2016,7,31,rh_mean,45.0456,percent,ok
4070485850,2016,7,31,heat_index_max,80.6103,degF,ok
4070485850,2016,7,31,days_tmax_ge_35,4.9878,days,ok
4070485850,2016,7,31,days_tmax_ge_40,0.2776,days,ok
4070486120,2016,7,31,tmax_mean,28.9411,degC,ok
4070486120,2016,7,31,tmin_mean,16.6206,degC,ok
4070486120,2016,7,31,tmax_absolute,34.248,degC,ok
4070486120,2016,7,31,tmin_absolute,13.5818,degC,ok
4070486120,2016,7,31,vpd_mean,1.7298,kPa,ok
4070486120,2016,7,31,rh_mean,45.3761,percent,ok
4070486120,2016,7,31,heat_index_max,79.7865,degF,ok
4070486120,2016,7,31,days_tmax_ge_35,4.424,days,ok
4070486120,2016,7,31,days_tmax_ge_40,0.2092,days,ok
4070538040,2016,7,31,tmax_mean,38.2187,degC,ok
4070538040,2016,7,31,tmin_mean,24.2624,degC,ok
4070538040,2016,7,31,tmax_absolute,43.6429,degC,ok
4070538040,2016,7,31,tmin_absolute,20.9464,degC,ok
4070538040,2016,7,31,vpd_mean,3.6692,kPa,ok
4070538040,2016,7,31,rh_mean,26.6131,percent,ok
4070538040,2016,7,31,heat_index_max,94.0099,degF,ok
4070538040,2016,7,31,days_tmax_ge_35,26.2374,days,ok
4070538040,2016,7,31,days_tmax_ge_40,9.6508,days,ok
4070465210,2016,7,31,tmax_mean,32.0466,degC,ok
4070465210,2016,7,31,tmin_mean,18.2372,degC,ok
4070465210,2016,7,31,tmax_absolute,37.1248,degC,ok
4070465210,2016,7,31,tmin_absolute,13.2892,degC,ok
4070465210,2016,7,31,vpd_mean,2.0278,kPa,ok
4070465210,2016,7,31,rh_mean,43.7635,percent,ok
4070465210,2016,7,31,heat_index_max,82.8342,degF,ok
4070465210,2016,7,31,days_tmax_ge_35,7.4356,days,ok
4070465210,2016,7,31,days_tmax_ge_40,0.0416,days,ok
4070465410,2016,7,31,tmax_mean,32.6703,degC,ok
4070465410,2016,7,31,tmin_mean,18.9072,degC,ok
4070465410,2016,7,31,tmax_absolute,37.6874,degC,ok
4070465410,2016,7,31,tmin_absolute,13.768,degC,ok
4070465410,2016,7,31,vpd_mean,2.1391,kPa,ok
4070465410,2016,7,31,rh_mean,42.1522,percent,ok
4070465410,2016,7,31,heat_index_max,83.8498,degF,ok
4070465410,2016,7,31,days_tmax_ge_35,8.2425,days,ok
4070465410,2016,7,31,days_tmax_ge_40,0.0476,days,ok
4070537600,2016,7,31,tmax_mean,33.7507,degC,ok
4070537600,2016,7,31,tmin_mean,20.9254,degC,ok
4070537600,2016,7,31,tmax_absolute,39.1674,degC,ok
4070537600,2016,7,31,tmin_absolute,17.6784,degC,ok
4070537600,2016,7,31,vpd_mean,2.7162,kPa,ok
4070537600,2016,7,31,rh_mean,33.5686,percent,ok
4070537600,2016,7,31,heat_index_max,87.1027,degF,ok
4070537600,2016,7,31,days_tmax_ge_35,13.2797,days,ok
4070537600,2016,7,31,days_tmax_ge_40,2.7484,days,ok
4070537690,2016,7,31,tmax_mean,39.2213,degC,ok
4070537690,2016,7,31,tmin_mean,23.6302,degC,ok
4070537690,2016,7,31,tmax_absolute,44.6659,degC,ok
4070537690,2016,7,31,tmin_absolute,21.1306,degC,ok
4070537690,2016,7,31,vpd_mean,3.7353,kPa,ok
4070537690,2016,7,31,rh_mean,26.3863,percent,ok
4070537690,2016,7,31,heat_index_max,92.9055,degF,ok
4070537690,2016,7,31,days_tmax_ge_35,29.516,days,ok
4070537690,2016,7,31,days_tmax_ge_40,12.064,days,ok
4070542500,2016,7,31,tmax_mean,38.248,degC,ok
4070542500,2016,7,31,tmin_mean,24.4126,degC,ok
4070542500,2016,7,31,tmax_absolute,43.6248,degC,ok
4070542500,2016,7,31,tmin_absolute,21.815,degC,ok
4070542500,2016,7,31,vpd_mean,3.6861,kPa,ok
4070542500,2016,7,31,rh_mean,26.0012,percent,ok
4070542500,2016,7,31,heat_index_max,91.8254,degF,ok
4070542500,2016,7,31,days_tmax_ge_35,27.0426,days,ok
4070542500,2016,7,31,days_tmax_ge_40,8.8616,days,ok
4070542340,2016,7,31,tmax_mean,38.9221,degC,ok
4070542340,2016,7,31,tmin_mean,23.1565,degC,ok
4070542340,2016,7,31,tmax_absolute,44.3285,degC,ok
4070542340,2016,7,31,tmin_absolute,20.8953,degC,ok
4070542340,2016,7,31,vpd_mean,3.6247,kPa,ok
4070542340,2016,7,31,rh_mean,27.1266,percent,ok
4070542340,2016,7,31,heat_index_max,91.7367,degF,ok
4070542340,2016,7,31,days_tmax_ge_35,28.7588,days,ok
4070542340,2016,7,31,days_tmax_ge_40,10.683,days,ok
4070472850,2016,7,31,tmax_mean,29.0694,degC,ok
4070472850,2016,7,31,tmin_mean,17.1838,degC,ok
4070472850,2016,7,31,tmax_absolute,34.1655,degC,ok
4070472850,2016,7,31,tmin_absolute,13.3256,degC,ok
4070472850,2016,7,31,vpd_mean,1.6184,kPa,ok
4070472850,2016,7,31,rh_mean,48.5665,percent,ok
4070472850,2016,7,31,heat_index_max,79.8116,degF,ok
4070472850,2016,7,31,days_tmax_ge_35,1.3005,days,ok
4070472850,2016,7,31,days_tmax_ge_40,0,days,ok
4070473080,2016,7,31,tmax_mean,25.5491,degC,ok
4070473080,2016,7,31,tmin_mean,14.803,degC,ok
4070473080,2016,7,31,tmax_absolute,31.0736,degC,ok
4070473080,2016,7,31,tmin_absolute,11.6264,degC,ok
4070473080,2016,7,31,vpd_mean,1.2804,kPa,ok
4070473080,2016,7,31,rh_mean,51.0522,percent,ok
4070473080,2016,7,31,heat_index_max,75.8095,degF,ok
4070473080,2016,7,31,days_tmax_ge_35,0.2656,days,ok
4070473080,2016,7,31,days_tmax_ge_40,0,days,ok
4070474570,2016,7,31,tmax_mean,25.9675,degC,ok
4070474570,2016,7,31,tmin_mean,15.6249,degC,ok
4070474570,2016,7,31,tmax_absolute,31.0586,degC,ok
4070474570,2016,7,31,tmin_absolute,12.6502,degC,ok
4070474570,2016,7,31,vpd_mean,1.2661,kPa,ok
4070474570,2016,7,31,rh_mean,53.3793,percent,ok
4070474570,2016,7,31,heat_index_max,76.6688,degF,ok
4070474570,2016,7,31,days_tmax_ge_35,0,days,ok
4070474570,2016,7,31,days_tmax_ge_40,0,days,ok
4070474740,2016,7,31,tmax_mean,24.2626,degC,ok
4070474740,2016,7,31,tmin_mean,14.5447,degC,ok
4070474740,2016,7,31,tmax_absolute,29.8188,degC,ok
4070474740,2016,7,31,tmin_absolute,11.7715,degC,ok
4070474740,2016,7,31,vpd_mean,1.1996,kPa,ok
4070474740,2016,7,31,rh_mean,51.225,percent,ok
4070474740,2016,7,31,heat_index_max,74.6807,degF,ok
4070474740,2016,7,31,days_tmax_ge_35,0.096,days,ok
4070474740,2016,7,31,days_tmax_ge_40,0,days,ok
4070525280,2016,7,31,tmax_mean,36.7012,degC,ok
4070525280,2016,7,31,tmin_mean,22.8415,degC,ok
4070525280,2016,7,31,tmax_absolute,42.1888,degC,ok
4070525280,2016,7,31,tmin_absolute,20.5827,degC,ok
4070525280,2016,7,31,vpd_mean,3.2735,kPa,ok
4070525280,2016,7,31,rh_mean,28.5144,percent,ok
4070525280,2016,7,31,heat_index_max,90.363,degF,ok
4070525280,2016,7,31,days_tmax_ge_35,22.3091,days,ok
4070525280,2016,7,31,days_tmax_ge_40,5.0443,days,ok
4070525020,2016,7,31,tmax_mean,34.9448,degC,ok
4070525020,2016,7,31,tmin_mean,22.4999,degC,ok
4070525020,2016,7,31,tmax_absolute,40.3683,degC,ok
4070525020,2016,7,31,tmin_absolute,19.6435,degC,ok
4070525020,2016,7,31,vpd_mean,3.0145,kPa,ok
4070525020,2016,7,31,rh_mean,29.8016,percent,ok
4070525020,2016,7,31,heat_index_max,89.5654,degF,ok
4070525020,2016,7,31,days_tmax_ge_35,16.5111,days,ok
4070525020,2016,7,31,days_tmax_ge_40,2.1473,days,ok
4070552060,2016,7,31,tmax_mean,35.8936,degC,ok
4070552060,2016,7,31,tmin_mean,22.451,degC,ok
4070552060,2016,7,31,tmax_absolute,41.2455,degC,ok
4070552060,2016,7,31,tmin_absolute,19.7924,degC,ok
4070552060,2016,7,31,vpd_mean,3.1036,kPa,ok
4070552060,2016,7,31,rh_mean,30.8725,percent,ok
4070552060,2016,7,31,heat_index_max,88.3993,degF,ok
4070552060,2016,7,31,days_tmax_ge_35,19.0601,days,ok
4070552060,2016,7,31,days_tmax_ge_40,3.7948,days,ok
4070519370,2016,7,31,tmax_mean,31.1169,degC,ok
4070519370,2016,7,31,tmin_mean,19.999,degC,ok
4070519370,2016,7,31,tmax_absolute,36.5,degC,ok
4070519370,2016,7,31,tmin_absolute,17.0612,degC,ok
4070519370,2016,7,31,vpd_mean,2.361,kPa,ok
4070519370,2016,7,31,rh_mean,35.539,percent,ok
4070519370,2016,7,31,heat_index_max,84.3194,degF,ok
4070519370,2016,7,31,days_tmax_ge_35,7.9195,days,ok
4070519370,2016,7,31,days_tmax_ge_40,1.6139,days,ok
4070519380,2016,7,31,tmax_mean,35.1774,degC,ok
4070519380,2016,7,31,tmin_mean,21.1578,degC,ok
4070519380,2016,7,31,tmax_absolute,40.4278,degC,ok
4070519380,2016,7,31,tmin_absolute,18.9257,degC,ok
4070519380,2016,7,31,vpd_mean,2.9195,kPa,ok
4070519380,2016,7,31,rh_mean,31.315,percent,ok
4070519380,2016,7,31,heat_index_max,86.9768,degF,ok
4070519380,2016,7,31,days_tmax_ge_35,16.9258,days,ok
4070519380,2016,7,31,days_tmax_ge_40,3.1492,days,ok
4070477090,2016,7,31,tmax_mean,23.2679,degC,ok
4070477090,2016,7,31,tmin_mean,14.4316,degC,ok
4070477090,2016,7,31,tmax_absolute,28.4996,degC,ok
4070477090,2016,7,31,tmin_absolute,11.7433,degC,ok
4070477090,2016,7,31,vpd_mean,1.2562,kPa,ok
4070477090,2016,7,31,rh_mean,45.9519,percent,ok
4070477090,2016,7,31,heat_index_max,73.3706,degF,ok
4070477090,2016,7,31,days_tmax_ge_35,0,days,ok
4070477090,2016,7,31,days_tmax_ge_40,0,days,ok
4070512950,2016,7,31,tmax_mean,29.9542,degC,ok
4070512950,2016,7,31,tmin_mean,19.326,degC,ok
4070512950,2016,7,31,tmax_absolute,35.379,degC,ok
4070512950,2016,7,31,tmin_absolute,16.3639,degC,ok
4070512950,2016,7,31,vpd_mean,2.2399,kPa,ok
4070512950,2016,7,31,rh_mean,35.5018,percent,ok
4070512950,2016,7,31,heat_index_max,82.5246,degF,ok
4070512950,2016,7,31,days_tmax_ge_35,6.3057,days,ok
4070512950,2016,7,31,days_tmax_ge_40,1.0307,days,ok
4070512960,2016,7,31,tmax_mean,35.0296,degC,ok
4070512960,2016,7,31,tmin_mean,20.1265,degC,ok
4070512960,2016,7,31,tmax_absolute,40.2583,degC,ok
4070512960,2016,7,31,tmin_absolute,18.5206,degC,ok
4070512960,2016,7,31,vpd_mean,2.7817,kPa,ok
4070512960,2016,7,31,rh_mean,32.5361,percent,ok
4070512960,2016,7,31,heat_index_max,85.4908,degF,ok
4070512960,2016,7,31,days_tmax_ge_35,15.8142,days,ok
4070512960,2016,7,31,days_tmax_ge_40,2.2325,days,ok
4070510300,2016,7,31,tmax_mean,31.1194,degC,ok
4070510300,2016,7,31,tmin_mean,19.6704,degC,ok
4070510300,2016,7,31,tmax_absolute,36.6532,degC,ok
4070510300,2016,7,31,tmin_absolute,17.3864,degC,ok
4070510300,2016,7,31,vpd_mean,2.4543,kPa,ok
4070510300,2016,7,31,rh_mean,31.919,percent,ok
4070510300,2016,7,31,heat_index_max,82.4457,degF,ok
4070510300,2016,7,31,days_tmax_ge_35,8.4912,days,ok
4070510300,2016,7,31,days_tmax_ge_40,0.7384,days,ok
4070510290,2016,7,31,tmax_mean,27.7687,degC,ok
4070510290,2016,7,31,tmin_mean,18.091,degC,ok
4070510290,2016,7,31,tmax_absolute,33.2842,degC,ok
4070510290,2016,7,31,tmin_absolute,15.4693,degC,ok
4070510290,2016,7,31,vpd_mean,1.9805,kPa,ok
4070510290,2016,7,31,rh_mean,36.8218,percent,ok
4070510290,2016,7,31,heat_index_max,79.7005,degF,ok
4070510290,2016,7,31,days_tmax_ge_35,3.629,days,ok
4070510290,2016,7,31,days_tmax_ge_40,0.4736,days,ok
4070367200,2016,7,31,tmax_mean,30.7577,degC,ok
4070367200,2016,7,31,tmin_mean,18.0113,degC,ok
4070367200,2016,7,31,tmax_absolute,35.957,degC,ok
4070367200,2016,7,31,tmin_absolute,14.0783,degC,ok
4070367200,2016,7,31,vpd_mean,1.771,kPa,ok
4070367200,2016,7,31,rh_mean,48.8937,percent,ok
4070367200,2016,7,31,heat_index_max,83.6396,degF,ok
4070367200,2016,7,31,days_tmax_ge_35,5.8801,days,ok
4070367200,2016,7,31,days_tmax_ge_40,0.0253,days,ok
4070388480,2016,7,31,tmax_mean,36.5169,degC,ok
4070388480,2016,7,31,tmin_mean,22.7564,degC,ok
4070388480,2016,7,31,tmax_absolute,41.6409,degC,ok
4070388480,2016,7,31,tmin_absolute,17.2535,degC,ok
4070388480,2016,7,31,vpd_mean,3.0966,kPa,ok
4070388480,2016,7,31,rh_mean,32.0002,percent,ok
4070388480,2016,7,31,heat_index_max,90.9478,degF,ok
4070388480,2016,7,31,days_tmax_ge_35,20.6846,days,ok
4070388480,2016,7,31,days_tmax_ge_40,4.7928,days,ok
4070411980,2016,7,31,tmax_mean,36.8895,degC,ok
4070411980,2016,7,31,tmin_mean,25.0361,degC,ok
4070411980,2016,7,31,tmax_absolute,41.6503,degC,ok
4070411980,2016,7,31,tmin_absolute,18.9985,degC,ok
4070411980,2016,7,31,vpd_mean,3.1544,kPa,ok
4070411980,2016,7,31,rh_mean,34.3675,percent,ok
4070411980,2016,7,31,heat_index_max,95.8401,degF,ok
4070411980,2016,7,31,days_tmax_ge_35,22.9389,days,ok
4070411980,2016,7,31,days_tmax_ge_40,5.1609,days,ok
4070411990,2016,7,31,tmax_mean,36.8897,degC,ok
4070411990,2016,7,31,tmin_mean,25.6543,degC,ok
4070411990,2016,7,31,tmax_absolute,41.6084,degC,ok
4070411990,2016,7,31,tmin_absolute,19.8463,degC,ok
4070411990,2016,7,31,vpd_mean,3.1088,kPa,ok
4070411990,2016,7,31,rh_mean,36.0446,percent,ok
4070411990,2016,7,31,heat_index_max,97.6823,degF,ok
4070411990,2016,7,31,days_tmax_ge_35,23.0761,days,ok
4070411990,2016,7,31,days_tmax_ge_40,5.1138,days,ok
4070414130,2016,7,31,tmax_mean,36.7526,degC,ok
4070414130,2016,7,31,tmin_mean,24.5631,degC,ok
4070414130,2016,7,31,tmax_absolute,41.6975,degC,ok
4070414130,2016,7,31,tmin_absolute,18.4468,degC,ok
4070414130,2016,7,31,vpd_mean,2.9383,kPa,ok
4070414130,2016,7,31,rh_mean,37.9985,percent,ok
4070414130,2016,7,31,heat_index_max,96.9257,degF,ok
4070414130,2016,7,31,days_tmax_ge_35,23.0117,days,ok
4070414130,2016,7,31,days_tmax_ge_40,5.3295,days,ok
4070419960,2016,7,31,tmax_mean,33.9105,degC,ok
4070419960,2016,7,31,tmin_mean,20.4252,degC,ok
4070419960,2016,7,31,tmax_absolute,38.8758,degC,ok
4070419960,2016,7,31,tmin_absolute,14.8912,degC,ok
4070419960,2016,7,31,vpd_mean,2.3052,kPa,ok
4070419960,2016,7,31,rh_mean,44.4465,percent,ok
4070419960,2016,7,31,heat_index_max,88.3896,degF,ok
4070419960,2016,7,31,days_tmax_ge_35,15.6206,days,ok
4070419960,2016,7,31,days_tmax_ge_40,2.8913,days,ok
4070419950,2016,7,31,tmax_mean,37.0667,degC,ok
4070419950,2016,7,31,tmin_mean,25.0573,degC,ok
4070419950,2016,7,31,tmax_absolute,41.7739,degC,ok
4070419950,2016,7,31,tmin_absolute,18.8702,degC,ok
4070419950,2016,7,31,vpd_mean,3.108,kPa,ok
4070419950,2016,7,31,rh_mean,35.764,percent,ok
4070419950,2016,7,31,heat_index_max,96.9495,degF,ok
4070419950,2016,7,31,days_tmax_ge_35,23.4016,days,ok
4070419950,2016,7,31,days_tmax_ge_40,5.2535,days,ok
4070422200,2016,7,31,tmax_mean,37.2905,degC,ok
4070422200,2016,7,31,tmin_mean,27.0238,degC,ok
4070422200,2016,7,31,tmax_absolute,41.4268,degC,ok
4070422200,2016,7,31,tmin_absolute,21.3623,degC,ok
4070422200,2016,7,31,vpd_mean,3.3119,kPa,ok
4070422200,2016,7,31,rh_mean,34.63,percent,ok
4070422200,2016,7,31,heat_index_max,99.824,degF,ok
4070422200,2016,7,31,days_tmax_ge_35,24.7604,days,ok
4070422200,2016,7,31,days_tmax_ge_40,5.5737,days,ok
4070422350,2016,7,31,tmax_mean,36.8407,degC,ok
4070422350,2016,7,31,tmin_mean,23.2224,degC,ok
4070422350,2016,7,31,tmax_absolute,41.4684,degC,ok
4070422350,2016,7,31,tmin_absolute,16.8436,degC,ok
4070422350,2016,7,31,vpd_mean,2.8011,kPa,ok
4070422350,2016,7,31,rh_mean,39.8315,percent,ok
4070422350,2016,7,31,heat_index_max,95.1265,degF,ok
4070422350,2016,7,31,days_tmax_ge_35,23.2591,days,ok
4070422350,2016,7,31,days_tmax_ge_40,5.2893,days,ok
4070414690,2016,7,31,tmax_mean,36.6604,degC,ok
4070414690,2016,7,31,tmin_mean,23.8828,degC,ok
4070414690,2016,7,31,tmax_absolute,41.6847,degC,ok
4070414690,2016,7,31,tmin_absolute,17.525,degC,ok
4070414690,2016,7,31,vpd_mean,2.8648,kPa,ok
4070414690,2016,7,31,rh_mean,38.6236,percent,ok
4070414690,2016,7,31,heat_index_max,95.8689,degF,ok
4070414690,2016,7,31,days_tmax_ge_35,23.458,days,ok
4070414690,2016,7,31,days_tmax_ge_40,5.274,days,ok
4070414480,2016,7,31,tmax_mean,34.7446,degC,ok
4070414480,2016,7,31,tmin_mean,21.2284,degC,ok
4070414480,2016,7,31,tmax_absolute,40.0396,degC,ok
4070414480,2016,7,31,tmin_absolute,15.5674,degC,ok
4070414480,2016,7,31,vpd_mean,2.6032,kPa,ok
4070414480,2016,7,31,rh_mean,37.4566,percent,ok
4070414480,2016,7,31,heat_index_max,89.4106,degF,ok
4070414480,2016,7,31,days_tmax_ge_35,14.9153,days,ok
4070414480,2016,7,31,days_tmax_ge_40,1.515,days,ok
4070417050,2016,7,31,tmax_mean,32.1638,degC,ok
4070417050,2016,7,31,tmin_mean,19.1715,degC,ok
4070417050,2016,7,31,tmax_absolute,37.391,degC,ok
4070417050,2016,7,31,tmin_absolute,14.611,degC,ok
4070417050,2016,7,31,vpd_mean,2.0413,kPa,ok
4070417050,2016,7,31,rh_mean,44.5634,percent,ok
4070417050,2016,7,31,heat_index_max,85.6692,degF,ok
4070417050,2016,7,31,days_tmax_ge_35,7.8399,days,ok
4070417050,2016,7,31,days_tmax_ge_40,0.4916,days,ok
4070417190,2016,7,31,tmax_mean,36.5515,degC,ok
4070417190,2016,7,31,tmin_mean,22.5788,degC,ok
4070417190,2016,7,31,tmax_absolute,41.5878,degC,ok
4070417190,2016,7,31,tmin_absolute,16.1524,degC,ok
4070417190,2016,7,31,vpd_mean,2.8864,kPa,ok
4070417190,2016,7,31,rh_mean,36.6161,percent,ok
4070417190,2016,7,31,heat_index_max,92.4206,degF,ok
4070417190,2016,7,31,days_tmax_ge_35,22.7341,days,ok
4070417190,2016,7,31,days_tmax_ge_40,4.995,days,ok
4070420360,2016,7,31,tmax_mean,36.5139,degC,ok
4070420360,2016,7,31,tmin_mean,22.9209,degC,ok
4070420360,2016,7,31,tmax_absolute,41.6392,degC,ok
4070420360,2016,7,31,tmin_absolute,16.5212,degC,ok
4070420360,2016,7,31,vpd_mean,2.9183,kPa,ok
4070420360,2016,7,31,rh_mean,36.1349,percent,ok
4070420360,2016,7,31,heat_index_max,92.9122,degF,ok
4070420360,2016,7,31,days_tmax_ge_35,21.4712,days,ok
4070420360,2016,7,31,days_tmax_ge_40,5,days,ok
4070420090,2016,7,31,tmax_mean,34.9395,degC,ok
4070420090,2016,7,31,tmin_mean,20.7763,degC,ok
4070420090,2016,7,31,tmax_absolute,40.1133,degC,ok
4070420090,2016,7,31,tmin_absolute,15.5416,degC,ok
4070420090,2016,7,31,vpd_mean,2.5366,kPa,ok
4070420090,2016,7,31,rh_mean,38.9474,percent,ok
4070420090,2016,7,31,heat_index_max,89.1393,degF,ok
4070420090,2016,7,31,days_tmax_ge_35,15.6377,days,ok
4070420090,2016,7,31,days_tmax_ge_40,1.6966,days,ok
4070421180,2016,7,31,tmax_mean,31.9996,degC,ok
4070421180,2016,7,31,tmin_mean,18.5716,degC,ok
4070421180,2016,7,31,tmax_absolute,37.1876,degC,ok
4070421180,2016,7,31,tmin_absolute,14.6729,degC,ok
4070421180,2016,7,31,vpd_mean,2.0456,kPa,ok
4070421180,2016,7,31,rh_mean,43.8498,percent,ok
4070421180,2016,7,31,heat_index_max,84.6751,degF,ok
4070421180,2016,7,31,days_tmax_ge_35,8.5458,days,ok
4070421180,2016,7,31,days_tmax_ge_40,0.7273,days,ok
4070421390,2016,7,31,tmax_mean,36.363,degC,ok
4070421390,2016,7,31,tmin_mean,22.2124,degC,ok
4070421390,2016,7,31,tmax_absolute,41.4602,degC,ok
4070421390,2016,7,31,tmin_absolute,15.8996,degC,ok
4070421390,2016,7,31,vpd_mean,2.8851,kPa,ok
4070421390,2016,7,31,rh_mean,35.7953,percent,ok
4070421390,2016,7,31,heat_index_max,91.5275,degF,ok
4070421390,2016,7,31,days_tmax_ge_35,20.9977,days,ok
4070421390,2016,7,31,days_tmax_ge_40,4.8202,days,ok
4070425250,2016,7,31,tmax_mean,36.9394,degC,ok
4070425250,2016,7,31,tmin_mean,27.4464,degC,ok
4070425250,2016,7,31,tmax_absolute,41.0544,degC,ok
4070425250,2016,7,31,tmin_absolute,22.8372,degC,ok
4070425250,2016,7,31,vpd_mean,3.4029,kPa,ok
4070425250,2016,7,31,rh_mean,32.8593,percent,ok
4070425250,2016,7,31,heat_index_max,98.9585,degF,ok
4070425250,2016,7,31,days_tmax_ge_35,23.5236,days,ok
4070425250,2016,7,31,days_tmax_ge_40,5.5065,days,ok
4070425390,2016,7,31,tmax_mean,36.6881,degC,ok
4070425390,2016,7,31,tmin_mean,27.9021,degC,ok
4070425390,2016,7,31,tmax_absolute,41.0297,degC,ok
4070425390,2016,7,31,tmin_absolute,22.8621,degC,ok
4070425390,2016,7,31,vpd_mean,3.2143,kPa,ok
4070425390,2016,7,31,rh_mean,36.7143,percent,ok
4070425390,2016,7,31,heat_index_max,101.2649,degF,ok
4070425390,2016,7,31,days_tmax_ge_35,23.6287,days,ok
4070425390,2016,7,31,days_tmax_ge_40,4.0736,days,ok
4070429520,2016,7,31,tmax_mean,35.7406,degC,ok
4070429520,2016,7,31,tmin_mean,23.0007,degC,ok
4070429520,2016,7,31,tmax_absolute,40.3236,degC,ok
4070429520,2016,7,31,tmin_absolute,17.1177,degC,ok
4070429520,2016,7,31,vpd_mean,2.612,kPa,ok
4070429520,2016,7,31,rh_mean,42.1996,percent,ok
4070429520,2016,7,31,heat_index_max,93.9344,degF,ok
4070429520,2016,7,31,days_tmax_ge_35,19.6084,days,ok
4070429520,2016,7,31,days_tmax_ge_40,3.7381,days,ok
4070429680,2016,7,31,tmax_mean,33.8473,degC,ok
4070429680,2016,7,31,tmin_mean,22.1388,degC,ok
4070429680,2016,7,31,tmax_absolute,38.6507,degC,ok
4070429680,2016,7,31,tmin_absolute,16.5575,degC,ok
4070429680,2016,7,31,vpd_mean,2.4172,kPa,ok
4070429680,2016,7,31,rh_mean,43.0282,percent,ok
4070429680,2016,7,31,heat_index_max,90.7078,degF,ok
4070429680,2016,7,31,days_tmax_ge_35,14.2061,days,ok
4070429680,2016,7,31,days_tmax_ge_40,2.0096,days,ok
4070425640,2016,7,31,tmax_mean,34.4193,degC,ok
4070425640,2016,7,31,tmin_mean,20.8323,degC,ok
4070425640,2016,7,31,tmax_absolute,39.5391,degC,ok
4070425640,2016,7,31,tmin_absolute,15.1316,degC,ok
4070425640,2016,7,31,vpd_mean,2.5418,kPa,ok
4070425640,2016,7,31,rh_mean,38.4569,percent,ok
4070425640,2016,7,31,heat_index_max,88.093,degF,ok
4070425640,2016,7,31,days_tmax_ge_35,15.0827,days,ok
4070425640,2016,7,31,days_tmax_ge_40,2.3492,days,ok
4070425430,2016,7,31,tmax_mean,30.385,degC,ok
4070425430,2016,7,31,tmin_mean,18.1621,degC,ok
4070425430,2016,7,31,tmax_absolute,35.6096,degC,ok
4070425430,2016,7,31,tmin_absolute,14.4798,degC,ok
4070425430,2016,7,31,vpd_mean,1.9861,kPa,ok
4070425430,2016,7,31,rh_mean,41.3929,percent,ok
4070425430,2016,7,31,heat_index_max,82.6139,degF,ok
4070425430,2016,7,31,days_tmax_ge_35,5.8515,days,ok
4070425430,2016,7,31,days_tmax_ge_40,0.427,days,ok
4070421850,2016,7,31,tmax_mean,36.629,degC,ok
4070421850,2016,7,31,tmin_mean,26.309,degC,ok
4070421850,2016,7,31,tmax_absolute,41.1779,degC,ok
4070421850,2016,7,31,tmin_absolute,23.1603,degC,ok
4070421850,2016,7,31,vpd_mean,3.2268,kPa,ok
4070421850,2016,7,31,rh_mean,34.2321,percent,ok
4070421850,2016,7,31,heat_index_max,97.7921,degF,ok
4070421850,2016,7,31,days_tmax_ge_35,21.9296,days,ok
4070421850,2016,7,31,days_tmax_ge_40,4.9843,days,ok
4070421630,2016,7,31,tmax_mean,37.1383,degC,ok
4070421630,2016,7,31,tmin_mean,23.9261,degC,ok
4070421630,2016,7,31,tmax_absolute,41.8217,degC,ok
4070421630,2016,7,31,tmin_absolute,18.8054,degC,ok
4070421630,2016,7,31,vpd_mean,3.362,kPa,ok
4070421630,2016,7,31,rh_mean,29.1226,percent,ok
4070421630,2016,7,31,heat_index_max,92.3405,degF,ok
4070421630,2016,7,31,days_tmax_ge_35,22.9138,days,ok
4070421630,2016,7,31,days_tmax_ge_40,6.8027,days,ok
4070418910,2016,7,31,tmax_mean,36.5935,degC,ok
4070418910,2016,7,31,tmin_mean,24.9448,degC,ok
4070418910,2016,7,31,tmax_absolute,41.0685,degC,ok
4070418910,2016,7,31,tmin_absolute,21.7266,degC,ok
4070418910,2016,7,31,vpd_mean,3.1564,kPa,ok
4070418910,2016,7,31,rh_mean,33.7422,percent,ok
4070418910,2016,7,31,heat_index_max,94.8918,degF,ok
4070418910,2016,7,31,days_tmax_ge_35,21.9126,days,ok
4070418910,2016,7,31,days_tmax_ge_40,4.982,days,ok
4070418710,2016,7,31,tmax_mean,37.1587,degC,ok
4070418710,2016,7,31,tmin_mean,23.5137,degC,ok
4070418710,2016,7,31,tmax_absolute,41.6874,degC,ok
4070418710,2016,7,31,tmin_absolute,18.3883,degC,ok
4070418710,2016,7,31,vpd_mean,3.372,kPa,ok
4070418710,2016,7,31,rh_mean,28.3393,percent,ok
4070418710,2016,7,31,heat_index_max,91.241,degF,ok
4070418710,2016,7,31,days_tmax_ge_35,22.6222,days,ok
4070418710,2016,7,31,days_tmax_ge_40,6.7177,days,ok
4070436970,2016,7,31,tmax_mean,33.1764,degC,ok
4070436970,2016,7,31,tmin_mean,20.1919,degC,ok
4070436970,2016,7,31,tmax_absolute,38.5674,degC,ok
4070436970,2016,7,31,tmin_absolute,14.1246,degC,ok
4070436970,2016,7,31,vpd_mean,2.327,kPa,ok
4070436970,2016,7,31,rh_mean,40.7409,percent,ok
4070436970,2016,7,31,heat_index_max,86.9015,degF,ok
4070436970,2016,7,31,days_tmax_ge_35,11.2468,days,ok
4070436970,2016,7,31,days_tmax_ge_40,1.2586,days,ok
4070437190,2016,7,31,tmax_mean,30.4574,degC,ok
4070437190,2016,7,31,tmin_mean,18.0135,degC,ok
4070437190,2016,7,31,tmax_absolute,36.371,degC,ok
4070437190,2016,7,31,tmin_absolute,13.6492,degC,ok
4070437190,2016,7,31,vpd_mean,1.7872,kPa,ok
4070437190,2016,7,31,rh_mean,50.0528,percent,ok
4070437190,2016,7,31,heat_index_max,82.8862,degF,ok
4070437190,2016,7,31,days_tmax_ge_35,7.9067,days,ok
4070437190,2016,7,31,days_tmax_ge_40,1.0026,days,ok
4070418210,2016,7,31,tmax_mean,37.0301,degC,ok
4070418210,2016,7,31,tmin_mean,23.915,degC,ok
4070418210,2016,7,31,tmax_absolute,41.1693,degC,ok
4070418210,2016,7,31,tmin_absolute,20.0094,degC,ok
4070418210,2016,7,31,vpd_mean,3.2295,kPa,ok
4070418210,2016,7,31,rh_mean,31.7337,percent,ok
4070418210,2016,7,31,heat_index_max,92.7506,degF,ok
4070418210,2016,7,31,days_tmax_ge_35,23.7482,days,ok
4070418210,2016,7,31,days_tmax_ge_40,6.0966,days,ok
4070418020,2016,7,31,tmax_mean,37.4951,degC,ok
4070418020,2016,7,31,tmin_mean,23.721,degC,ok
4070418020,2016,7,31,tmax_absolute,41.7947,degC,ok
4070418020,2016,7,31,tmin_absolute,18.9172,degC,ok
4070418020,2016,7,31,vpd_mean,3.4468,kPa,ok
4070418020,2016,7,31,rh_mean,27.8469,percent,ok
4070418020,2016,7,31,heat_index_max,91.6113,degF,ok
4070418020,2016,7,31,days_tmax_ge_35,25.3236,days,ok
4070418020,2016,7,31,days_tmax_ge_40,7.4945,days,ok
4070418170,2016,7,31,tmax_mean,37.6226,degC,ok
4070418170,2016,7,31,tmin_mean,24.1863,degC,ok
4070418170,2016,7,31,tmax_absolute,41.7496,degC,ok
4070418170,2016,7,31,tmin_absolute,19.8145,degC,ok
4070418170,2016,7,31,vpd_mean,3.5229,kPa,ok
4070418170,2016,7,31,rh_mean,27.123,percent,ok
4070418170,2016,7,31,heat_index_max,92.0574,degF,ok
4070418170,2016,7,31,days_tmax_ge_35,26.7938,days,ok
4070418170,2016,7,31,days_tmax_ge_40,8.4848,days,ok
4070418370,2016,7,31,tmax_mean,36.7651,degC,ok
4070418370,2016,7,31,tmin_mean,23.1979,degC,ok
4070418370,2016,7,31,tmax_absolute,41.0919,degC,ok
4070418370,2016,7,31,tmin_absolute,18.9138,degC,ok
4070418370,2016,7,31,vpd_mean,3.174,kPa,ok
4070418370,2016,7,31,rh_mean,31.2327,percent,ok
4070418370,2016,7,31,heat_index_max,90.9205,degF,ok
4070418370,2016,7,31,days_tmax_ge_35,22.5457,days,ok
4070418370,2016,7,31,days_tmax_ge_40,4.8084,days,ok
4070396790,2016,7,31,tmax_mean,29.3751,degC,ok
4070396790,2016,7,31,tmin_mean,17.8046,degC,ok
4070396790,2016,7,31,tmax_absolute,34.7184,degC,ok
4070396790,2016,7,31,tmin_absolute,14.8933,degC,ok
4070396790,2016,7,31,vpd_mean,1.8118,kPa,ok
4070396790,2016,7,31,rh_mean,42.6579,percent,ok
4070396790,2016,7,31,heat_index_max,81.3853,degF,ok
4070396790,2016,7,31,days_tmax_ge_35,1.0966,days,ok
4070396790,2016,7,31,days_tmax_ge_40,0,days,ok
4070396540,2016,7,31,tmax_mean,25.6023,degC,ok
4070396540,2016,7,31,tmin_mean,15.0393,degC,ok
4070396540,2016,7,31,tmax_absolute,30.5134,degC,ok
4070396540,2016,7,31,tmin_absolute,11.3274,degC,ok
4070396540,2016,7,31,vpd_mean,1.1987,kPa,ok
4070396540,2016,7,31,rh_mean,54.5057,percent,ok
4070396540,2016,7,31,heat_index_max,76.1494,degF,ok
4070396540,2016,7,31,days_tmax_ge_35,0.0367,days,ok
4070396540,2016,7,31,days_tmax_ge_40,0,days,ok
4070396800,2016,7,31,tmax_mean,25.6204,degC,ok
4070396800,2016,7,31,tmin_mean,15.1737,degC,ok
4070396800,2016,7,31,tmax_absolute,30.48,degC,ok
4070396800,2016,7,31,tmin_absolute,11.7842,degC,ok
4070396800,2016,7,31,vpd_mean,1.3916,kPa,ok
4070396800,2016,7,31,rh_mean,46.7189,percent,ok
4070396800,2016,7,31,heat_index_max,75.7998,degF,ok
4070396800,2016,7,31,days_tmax_ge_35,0.0676,days,ok
4070396800,2016,7,31,days_tmax_ge_40,0,days,ok
4070396550,2016,7,31,tmax_mean,23.6091,degC,ok
4070396550,2016,7,31,tmin_mean,14.8069,degC,ok
4070396550,2016,7,31,tmax_absolute,28.0661,degC,ok
4070396550,2016,7,31,tmin_absolute,10.9088,degC,ok
4070396550,2016,7,31,vpd_mean,1.229,kPa,ok
4070396550,2016,7,31,rh_mean,48.7967,percent,ok
4070396550,2016,7,31,heat_index_max,73.802,degF,ok
4070396550,2016,7,31,days_tmax_ge_35,0.0063,days,ok
4070396550,2016,7,31,days_tmax_ge_40,0,days,ok
4070448090,2016,7,31,tmax_mean,32.8634,degC,ok
4070448090,2016,7,31,tmin_mean,21.8565,degC,ok
4070448090,2016,7,31,tmax_absolute,38.6381,degC,ok
4070448090,2016,7,31,tmin_absolute,16.8123,degC,ok
4070448090,2016,7,31,vpd_mean,2.3705,kPa,ok
4070448090,2016,7,31,rh_mean,40.9912,percent,ok
4070448090,2016,7,31,heat_index_max,88.9999,degF,ok
4070448090,2016,7,31,days_tmax_ge_35,10.6767,days,ok
4070448090,2016,7,31,days_tmax_ge_40,0.7814,days,ok
4070400610,2016,7,31,tmax_mean,24.8031,degC,ok
4070400610,2016,7,31,tmin_mean,14.5391,degC,ok
4070400610,2016,7,31,tmax_absolute,29.4702,degC,ok
4070400610,2016,7,31,tmin_absolute,11.0452,degC,ok
4070400610,2016,7,31,vpd_mean,1.3885,kPa,ok
4070400610,2016,7,31,rh_mean,44.1738,percent,ok
4070400610,2016,7,31,heat_index_max,74.6826,degF,ok
4070400610,2016,7,31,days_tmax_ge_35,0,days,ok
4070400610,2016,7,31,days_tmax_ge_40,0,days,ok
4070400770,2016,7,31,tmax_mean,25.2044,degC,ok
4070400770,2016,7,31,tmin_mean,13.8347,degC,ok
4070400770,2016,7,31,tmax_absolute,30.2426,degC,ok
4070400770,2016,7,31,tmin_absolute,11.0146,degC,ok
4070400770,2016,7,31,vpd_mean,1.2645,kPa,ok
4070400770,2016,7,31,rh_mean,48.887,percent,ok
4070400770,2016,7,31,heat_index_max,74.4414,degF,ok
4070400770,2016,7,31,days_tmax_ge_35,0,days,ok
4070400770,2016,7,31,days_tmax_ge_40,0,days,ok
4070394980,2016,7,31,tmax_mean,23.1706,degC,ok
4070394980,2016,7,31,tmin_mean,14.9009,degC,ok
4070394980,2016,7,31,tmax_absolute,27.4562,degC,ok
4070394980,2016,7,31,tmin_absolute,11.0672,degC,ok
4070394980,2016,7,31,vpd_mean,1.3572,kPa,ok
4070394980,2016,7,31,rh_mean,41.9946,percent,ok
4070394980,2016,7,31,heat_index_max,73.367,degF,ok
4070394980,2016,7,31,days_tmax_ge_35,0,days,ok
4070394980,2016,7,31,days_tmax_ge_40,0,days,ok
4070434830,2016,7,31,tmax_mean,34.6597,degC,ok
4070434830,2016,7,31,tmin_mean,22.1284,degC,ok
4070434830,2016,7,31,tmax_absolute,40.2719,degC,ok
4070434830,2016,7,31,tmin_absolute,17.5406,degC,ok
4070434830,2016,7,31,vpd_mean,2.6952,kPa,ok
4070434830,2016,7,31,rh_mean,36.7241,percent,ok
4070434830,2016,7,31,heat_index_max,88.962,degF,ok
4070434830,2016,7,31,days_tmax_ge_35,16.811,days,ok
4070434830,2016,7,31,days_tmax_ge_40,0.9868,days,ok
4070435270,2016,7,31,tmax_mean,27.5279,degC,ok
4070435270,2016,7,31,tmin_mean,17.0469,degC,ok
4070435270,2016,7,31,tmax_absolute,33.426,degC,ok
4070435270,2016,7,31,tmin_absolute,13.424,degC,ok
4070435270,2016,7,31,vpd_mean,1.4278,kPa,ok
4070435270,2016,7,31,rh_mean,52.3865,percent,ok
4070435270,2016,7,31,heat_index_max,79.964,degF,ok
4070435270,2016,7,31,days_tmax_ge_35,1.6331,days,ok
4070435270,2016,7,31,days_tmax_ge_40,0.0132,days,ok
4070433260,2016,7,31,tmax_mean,31.3541,degC,ok
4070433260,2016,7,31,tmin_mean,20.3818,degC,ok
4070433260,2016,7,31,tmax_absolute,36.9298,degC,ok
4070433260,2016,7,31,tmin_absolute,16.5558,degC,ok
4070433260,2016,7,31,vpd_mean,2.3156,kPa,ok
4070433260,2016,7,31,rh_mean,37.129,percent,ok
4070433260,2016,7,31,heat_index_max,85.2135,degF,ok
4070433260,2016,7,31,days_tmax_ge_35,6.9078,days,ok
4070433260,2016,7,31,days_tmax_ge_40,0.0765,days,ok
4070433580,2016,7,31,tmax_mean,32.2616,degC,ok
4070433580,2016,7,31,tmin_mean,19.8454,degC,ok
4070433580,2016,7,31,tmax_absolute,37.9605,degC,ok
4070433580,2016,7,31,tmin_absolute,14.9489,degC,ok
4070433580,2016,7,31,vpd_mean,2.1083,kPa,ok
4070433580,2016,7,31,rh_mean,44.2867,percent,ok
4070433580,2016,7,31,heat_index_max,85.2135,degF,ok
4070433580,2016,7,31,days_tmax_ge_35,8.1693,days,ok
4070433580,2016,7,31,days_tmax_ge_40,0.1604,days,ok
4070427550,2016,7,31,tmax_mean,30.9096,degC,ok
4070427550,2016,7,31,tmin_mean,20.2804,degC,ok
4070427550,2016,7,31,tmax_absolute,36.2976,degC,ok
4070427550,2016,7,31,tmin_absolute,16.252,degC,ok
4070427550,2016,7,31,vpd_mean,2.2668,kPa,ok
4070427550,2016,7,31,rh_mean,37.5551,percent,ok
4070427550,2016,7,31,heat_index_max,84.9398,degF,ok
4070427550,2016,7,31,days_tmax_ge_35,6.5025,days,ok
4070427550,2016,7,31,days_tmax_ge_40,0,days,ok
4070427670,2016,7,31,tmax_mean,26.1118,degC,ok
4070427670,2016,7,31,tmin_mean,16.6985,degC,ok
4070427670,2016,7,31,tmax_absolute,31.314,degC,ok
4070427670,2016,7,31,tmin_absolute,13.1095,degC,ok
4070427670,2016,7,31,vpd_mean,1.4737,kPa,ok
4070427670,2016,7,31,rh_mean,46.7379,percent,ok
4070427670,2016,7,31,heat_index_max,77.2736,degF,ok
4070427670,2016,7,31,days_tmax_ge_35,0.9661,days,ok
4070427670,2016,7,31,days_tmax_ge_40,0,days,ok
4070425860,2016,7,31,tmax_mean,34.2381,degC,ok
4070425860,2016,7,31,tmin_mean,22.4909,degC,ok
4070425860,2016,7,31,tmax_absolute,39.6972,degC,ok
4070425860,2016,7,31,tmin_absolute,18.1377,degC,ok
4070425860,2016,7,31,vpd_mean,2.6522,kPa,ok
4070425860,2016,7,31,rh_mean,37.341,percent,ok
4070425860,2016,7,31,heat_index_max,89.2688,degF,ok
4070425860,2016,7,31,days_tmax_ge_35,12,days,ok
4070425860,2016,7,31,days_tmax_ge_40,0,days,ok
4070425650,2016,7,31,tmax_mean,29.064,degC,ok
4070425650,2016,7,31,tmin_mean,18.0744,degC,ok
4070425650,2016,7,31,tmax_absolute,34.4451,degC,ok
4070425650,2016,7,31,tmin_absolute,15.217,degC,ok
4070425650,2016,7,31,vpd_mean,1.8598,kPa,ok
4070425650,2016,7,31,rh_mean,42.1087,percent,ok
4070425650,2016,7,31,heat_index_max,81.4864,degF,ok
4070425650,2016,7,31,days_tmax_ge_35,3.5552,days,ok
4070425650,2016,7,31,days_tmax_ge_40,0,days,ok
4070426290,2016,7,31,tmax_mean,34.0305,degC,ok
4070426290,2016,7,31,tmin_mean,20.9541,degC,ok
4070426290,2016,7,31,tmax_absolute,39.7534,degC,ok
4070426290,2016,7,31,tmin_absolute,16.5077,degC,ok
4070426290,2016,7,31,vpd_mean,2.3769,kPa,ok
4070426290,2016,7,31,rh_mean,41.9585,percent,ok
4070426290,2016,7,31,heat_index_max,87.6628,degF,ok
4070426290,2016,7,31,days_tmax_ge_35,12.1376,days,ok
4070426290,2016,7,31,days_tmax_ge_40,0,days,ok
4070426410,2016,7,31,tmax_mean,31.4471,degC,ok
4070426410,2016,7,31,tmin_mean,19.3711,degC,ok
4070426410,2016,7,31,tmax_absolute,37.0429,degC,ok
4070426410,2016,7,31,tmin_absolute,15.1156,degC,ok
4070426410,2016,7,31,vpd_mean,2.0084,kPa,ok
4070426410,2016,7,31,rh_mean,45.1708,percent,ok
4070426410,2016,7,31,heat_index_max,84.0253,degF,ok
4070426410,2016,7,31,days_tmax_ge_35,7.2274,days,ok
4070426410,2016,7,31,days_tmax_ge_40,0,days,ok
4070426300,2016,7,31,tmax_mean,32.6456,degC,ok
4070426300,2016,7,31,tmin_mean,19.53,degC,ok
4070426300,2016,7,31,tmax_absolute,38.6313,degC,ok
4070426300,2016,7,31,tmin_absolute,14.8161,degC,ok
4070426300,2016,7,31,vpd_mean,2.1153,kPa,ok
4070426300,2016,7,31,rh_mean,44.6152,percent,ok
4070426300,2016,7,31,heat_index_max,85.3236,degF,ok
4070426300,2016,7,31,days_tmax_ge_35,9.0598,days,ok
4070426300,2016,7,31,days_tmax_ge_40,0,days,ok
4070426420,2016,7,31,tmax_mean,33.8159,degC,ok
4070426420,2016,7,31,tmin_mean,20.3833,degC,ok
4070426420,2016,7,31,tmax_absolute,39.6791,degC,ok
4070426420,2016,7,31,tmin_absolute,15.4948,degC,ok
4070426420,2016,7,31,vpd_mean,2.3057,kPa,ok
4070426420,2016,7,31,rh_mean,42.7889,percent,ok
4070426420,2016,7,31,heat_index_max,86.7779,degF,ok
4070426420,2016,7,31,days_tmax_ge_35,11.3659,days,ok
4070426420,2016,7,31,days_tmax_ge_40,0,days,ok
4070421200,2016,7,31,tmax_mean,33.6405,degC,ok
4070421200,2016,7,31,tmin_mean,20.9254,degC,ok
4070421200,2016,7,31,tmax_absolute,39.3209,degC,ok
4070421200,2016,7,31,tmin_absolute,16.3154,degC,ok
4070421200,2016,7,31,vpd_mean,2.2934,kPa,ok
4070421200,2016,7,31,rh_mean,43.0703,percent,ok
4070421200,2016,7,31,heat_index_max,87.8214,degF,ok
4070421200,2016,7,31,days_tmax_ge_35,11.176,days,ok
4070421200,2016,7,31,days_tmax_ge_40,0,days,ok
4070420980,2016,7,31,tmax_mean,33.9529,degC,ok
4070420980,2016,7,31,tmin_mean,20.9688,degC,ok
4070420980,2016,7,31,tmax_absolute,39.7716,degC,ok
4070420980,2016,7,31,tmin_absolute,16.5681,degC,ok
4070420980,2016,7,31,vpd_mean,2.3402,kPa,ok
4070420980,2016,7,31,rh_mean,42.6053,percent,ok
4070420980,2016,7,31,heat_index_max,88.038,degF,ok
4070420980,2016,7,31,days_tmax_ge_35,12,days,ok
4070420980,2016,7,31,days_tmax_ge_40,0,days,ok
4070420780,2016,7,31,tmax_mean,29.2582,degC,ok
4070420780,2016,7,31,tmin_mean,18.4025,degC,ok
4070420780,2016,7,31,tmax_absolute,34.6692,degC,ok
4070420780,2016,7,31,tmin_absolute,15.3313,degC,ok
4070420780,2016,7,31,vpd_mean,1.797,kPa,ok
4070420780,2016,7,31,rh_mean,44.0537,percent,ok
4070420780,2016,7,31,heat_index_max,81.8679,degF,ok
4070420780,2016,7,31,days_tmax_ge_35,3.1534,days,ok
4070420780,2016,7,31,days_tmax_ge_40,0,days,ok
4070420590,2016,7,31,tmax_mean,32.203,degC,ok
4070420590,2016,7,31,tmin_mean,20.729,degC,ok
4070420590,2016,7,31,tmax_absolute,37.8734,degC,ok
4070420590,2016,7,31,tmin_absolute,17.4486,degC,ok
4070420590,2016,7,31,vpd_mean,2.0743,kPa,ok
4070420590,2016,7,31,rh_mean,45.0452,percent,ok
4070420590,2016,7,31,heat_index_max,86.6168,degF,ok
4070420590,2016,7,31,days_tmax_ge_35,7.6981,days,ok
4070420590,2016,7,31,days_tmax_ge_40,0,days,ok
4070446570,2016,7,31,tmax_mean,27.526,degC,ok
4070446570,2016,7,31,tmin_mean,17.9269,degC,ok
4070446570,2016,7,31,tmax_absolute,33.1138,degC,ok
4070446570,2016,7,31,tmin_absolute,14.7082,degC,ok
4070446570,2016,7,31,vpd_mean,1.5927,kPa,ok
4070446570,2016,7,31,rh_mean,46.5317,percent,ok
4070446570,2016,7,31,heat_index_max,79.7291,degF,ok
4070446570,2016,7,31,days_tmax_ge_35,0.5431,days,ok
4070446570,2016,7,31,days_tmax_ge_40,0,days,ok
4070424440,2016,7,31,tmax_mean,30.6211,degC,ok
4070424440,2016,7,31,tmin_mean,19.8752,degC,ok
4070424440,2016,7,31,tmax_absolute,36.3483,degC,ok
4070424440,2016,7,31,tmin_absolute,15.9696,degC,ok
4070424440,2016,7,31,vpd_mean,1.9252,kPa,ok
4070424440,2016,7,31,rh_mean,45.817,percent,ok
4070424440,2016,7,31,heat_index_max,84.7945,degF,ok
4070424440,2016,7,31,days_tmax_ge_35,5.0614,days,ok
4070424440,2016,7,31,days_tmax_ge_40,0,days,ok
4070424780,2016,7,31,tmax_mean,28.6119,degC,ok
4070424780,2016,7,31,tmin_mean,18.0723,degC,ok
4070424780,2016,7,31,tmax_absolute,34.2037,degC,ok
4070424780,2016,7,31,tmin_absolute,14.5087,degC,ok
4070424780,2016,7,31,vpd_mean,1.6978,kPa,ok
4070424780,2016,7,31,rh_mean,45.6135,percent,ok
4070424780,2016,7,31,heat_index_max,81.0703,degF,ok
4070424780,2016,7,31,days_tmax_ge_35,2.3821,days,ok
4070424780,2016,7,31,days_tmax_ge_40,0,days,ok
4070423230,2016,7,31,tmax_mean,32.6707,degC,ok
4070423230,2016,7,31,tmin_mean,21.1508,degC,ok
4070423230,2016,7,31,tmax_absolute,38.8512,degC,ok
4070423230,2016,7,31,tmin_absolute,17.0817,degC,ok
4070423230,2016,7,31,vpd_mean,2.1986,kPa,ok
4070423230,2016,7,31,rh_mean,42.9822,percent,ok
4070423230,2016,7,31,heat_index_max,87.4688,degF,ok
4070423230,2016,7,31,days_tmax_ge_35,7.8711,days,ok
4070423230,2016,7,31,days_tmax_ge_40,0,days,ok
4070422950,2016,7,31,tmax_mean,29.6625,degC,ok
4070422950,2016,7,31,tmin_mean,19.5324,degC,ok
4070422950,2016,7,31,tmax_absolute,35.4552,degC,ok
4070422950,2016,7,31,tmin_absolute,15.8045,degC,ok
4070422950,2016,7,31,vpd_mean,1.9626,kPa,ok
4070422950,2016,7,31,rh_mean,41.2333,percent,ok
4070422950,2016,7,31,heat_index_max,83.3656,degF,ok
4070422950,2016,7,31,days_tmax_ge_35,2.6384,days,ok
4070422950,2016,7,31,days_tmax_ge_40,0,days,ok
4070426190,2016,7,31,tmax_mean,32.3002,degC,ok
4070426190,2016,7,31,tmin_mean,20.8415,degC,ok
4070426190,2016,7,31,tmax_absolute,38.4732,degC,ok
4070426190,2016,7,31,tmin_absolute,16.9461,degC,ok
4070426190,2016,7,31,vpd_mean,2.1808,kPa,ok
4070426190,2016,7,31,rh_mean,42.1627,percent,ok
4070426190,2016,7,31,heat_index_max,86.521,degF,ok
4070426190,2016,7,31,days_tmax_ge_35,6.0061,days,ok
4070426190,2016,7,31,days_tmax_ge_40,0,days,ok
4070338960,2016,7,31,tmax_mean,29.1944,degC,ok
4070338960,2016,7,31,tmin_mean,16.3051,degC,ok
4070338960,2016,7,31,tmax_absolute,35.4607,degC,ok
4070338960,2016,7,31,tmin_absolute,12.6381,degC,ok
4070338960,2016,7,31,vpd_mean,1.5666,kPa,ok
4070338960,2016,7,31,rh_mean,50.0881,percent,ok
4070338960,2016,7,31,heat_index_max,80.8412,degF,ok
4070338960,2016,7,31,days_tmax_ge_35,2.506,days,ok
4070338960,2016,7,31,days_tmax_ge_40,0,days,ok
4070360020,2016,7,31,tmax_mean,25.1651,degC,ok
4070360020,2016,7,31,tmin_mean,14.3331,degC,ok
4070360020,2016,7,31,tmax_absolute,30.4166,degC,ok
4070360020,2016,7,31,tmin_absolute,10.8146,degC,ok
4070360020,2016,7,31,vpd_mean,1.1342,kPa,ok
4070360020,2016,7,31,rh_mean,55.7575,percent,ok
4070360020,2016,7,31,heat_index_max,75.4303,degF,ok
4070360020,2016,7,31,days_tmax_ge_35,0.0713,days,ok
4070360020,2016,7,31,days_tmax_ge_40,0,days,ok
4070050360,2016,7,31,tmax_mean,36.4669,degC,ok
4070050360,2016,7,31,tmin_mean,23.5759,degC,ok
4070050360,2016,7,31,tmax_absolute,41.8734,degC,ok
4070050360,2016,7,31,tmin_absolute,20.4362,degC,ok
4070050360,2016,7,31,vpd_mean,3.1673,kPa,ok
4070050360,2016,7,31,rh_mean,30.8594,percent,ok
4070050360,2016,7,31,heat_index_max,91.6457,degF,ok
4070050360,2016,7,31,days_tmax_ge_35,19.9454,days,ok
4070050360,2016,7,31,days_tmax_ge_40,4.9957,days,ok
4070332820,2016,7,31,tmax_mean,36.1958,degC,ok
4070332820,2016,7,31,tmin_mean,23.1126,degC,ok
4070332820,2016,7,31,tmax_absolute,41.7022,degC,ok
4070332820,2016,7,31,tmin_absolute,19.8679,degC,ok
4070332820,2016,7,31,vpd_mean,3.1157,kPa,ok
4070332820,2016,7,31,rh_mean,30.7751,percent,ok
4070332820,2016,7,31,heat_index_max,90.9363,degF,ok
4070332820,2016,7,31,days_tmax_ge_35,20.3489,days,ok
4070332820,2016,7,31,days_tmax_ge_40,3.7561,days,ok
4070333040,2016,7,31,tmax_mean,36.3177,degC,ok
4070333040,2016,7,31,tmin_mean,23.3239,degC,ok
4070333040,2016,7,31,tmax_absolute,41.8014,degC,ok
4070333040,2016,7,31,tmin_absolute,20.1827,degC,ok
4070333040,2016,7,31,vpd_mean,3.1481,kPa,ok
4070333040,2016,7,31,rh_mean,30.5966,percent,ok
4070333040,2016,7,31,heat_index_max,91.2884,degF,ok
4070333040,2016,7,31,days_tmax_ge_35,19.2807,days,ok
4070333040,2016,7,31,days_tmax_ge_40,4.1696,days,ok
4070308440,2016,7,31,tmax_mean,36.2194,degC,ok
4070308440,2016,7,31,tmin_mean,23.0629,degC,ok
4070308440,2016,7,31,tmax_absolute,41.9521,degC,ok
4070308440,2016,7,31,tmin_absolute,19.8273,degC,ok
4070308440,2016,7,31,vpd_mean,3.1329,kPa,ok
4070308440,2016,7,31,rh_mean,30.4419,percent,ok
4070308440,2016,7,31,heat_index_max,91.2487,degF,ok
4070308440,2016,7,31,days_tmax_ge_35,21.0285,days,ok
4070308440,2016,7,31,days_tmax_ge_40,3.6079,days,ok
4070308310,2016,7,31,tmax_mean,36.303,degC,ok
4070308310,2016,7,31,tmin_mean,23.0092,degC,ok
4070308310,2016,7,31,tmax_absolute,42.3777,degC,ok
4070308310,2016,7,31,tmin_absolute,19.6481,degC,ok
4070308310,2016,7,31,vpd_mean,3.1299,kPa,ok
4070308310,2016,7,31,rh_mean,30.7108,percent,ok
4070308310,2016,7,31,heat_index_max,91.4215,degF,ok
4070308310,2016,7,31,days_tmax_ge_35,21.0731,days,ok
4070308310,2016,7,31,days_tmax_ge_40,3.4819,days,ok
4070296490,2016,7,31,tmax_mean,36.3774,degC,ok
4070296490,2016,7,31,tmin_mean,23.0731,degC,ok
4070296490,2016,7,31,tmax_absolute,42.6528,degC,ok
4070296490,2016,7,31,tmin_absolute,19.9029,degC,ok
4070296490,2016,7,31,vpd_mean,3.1431,kPa,ok
4070296490,2016,7,31,rh_mean,30.7125,percent,ok
4070296490,2016,7,31,heat_index_max,91.6416,degF,ok
4070296490,2016,7,31,days_tmax_ge_35,20.9428,days,ok
4070296490,2016,7,31,days_tmax_ge_40,3.6373,days,ok
4070300870,2016,7,31,tmax_mean,36.382,degC,ok
4070300870,2016,7,31,tmin_mean,23.1427,degC,ok
4070300870,2016,7,31,tmax_absolute,42.6017,degC,ok
4070300870,2016,7,31,tmin_absolute,19.9844,degC,ok
4070300870,2016,7,31,vpd_mean,3.1571,kPa,ok
4070300870,2016,7,31,rh_mean,30.4865,percent,ok
4070300870,2016,7,31,heat_index_max,91.5429,degF,ok
4070300870,2016,7,31,days_tmax_ge_35,21.462,days,ok
4070300870,2016,7,31,days_tmax_ge_40,3.7165,days,ok
4070299920,2016,7,31,tmax_mean,36.4238,degC,ok
4070299920,2016,7,31,tmin_mean,23.1848,degC,ok
4070299920,2016,7,31,tmax_absolute,42.6276,degC,ok
4070299920,2016,7,31,tmin_absolute,20.1212,degC,ok
4070299920,2016,7,31,vpd_mean,3.1769,kPa,ok
4070299920,2016,7,31,rh_mean,30.2138,percent,ok
4070299920,2016,7,31,heat_index_max,91.5868,degF,ok
4070299920,2016,7,31,days_tmax_ge_35,21.9085,days,ok
4070299920,2016,7,31,days_tmax_ge_40,3.3727,days,ok
4070299570,2016,7,31,tmax_mean,36.5244,degC,ok
4070299570,2016,7,31,tmin_mean,23.0688,degC,ok
4070299570,2016,7,31,tmax_absolute,43.0173,degC,ok
4070299570,2016,7,31,tmin_absolute,20.1516,degC,ok
4070299570,2016,7,31,vpd_mean,3.1608,kPa,ok
4070299570,2016,7,31,rh_mean,30.751,percent,ok
4070299570,2016,7,31,heat_index_max,91.8686,degF,ok
4070299570,2016,7,31,days_tmax_ge_35,21.8642,days,ok
4070299570,2016,7,31,days_tmax_ge_40,3.9965,days,ok
4070299930,2016,7,31,tmax_mean,36.4647,degC,ok
4070299930,2016,7,31,tmin_mean,23.1298,degC,ok
4070299930,2016,7,31,tmax_absolute,42.604,degC,ok
4070299930,2016,7,31,tmin_absolute,20.1314,degC,ok
4070299930,2016,7,31,vpd_mean,3.176,kPa,ok
4070299930,2016,7,31,rh_mean,30.3257,percent,ok
4070299930,2016,7,31,heat_index_max,91.4787,degF,ok
4070299930,2016,7,31,days_tmax_ge_35,21.9856,days,ok
4070299930,2016,7,31,days_tmax_ge_40,4.0019,days,ok
4070300170,2016,7,31,tmax_mean,36.493,degC,ok
4070300170,2016,7,31,tmin_mean,23.2614,degC,ok
4070300170,2016,7,31,tmax_absolute,42.5392,degC,ok
4070300170,2016,7,31,tmin_absolute,20.3332,degC,ok
4070300170,2016,7,31,vpd_mean,3.2078,kPa,ok
4070300170,2016,7,31,rh_mean,29.8108,percent,ok
4070300170,2016,7,31,heat_index_max,91.496,degF,ok
4070300170,2016,7,31,days_tmax_ge_35,21.9994,days,ok
4070300170,2016,7,31,days_tmax_ge_40,3.7927,days,ok
4070303130,2016,7,31,tmax_mean,36.4687,degC,ok
4070303130,2016,7,31,tmin_mean,23.2928,degC,ok
4070303130,2016,7,31,tmax_absolute,42.1257,degC,ok
4070303130,2016,7,31,tmin_absolute,19.9116,degC,ok
4070303130,2016,7,31,vpd_mean,3.2112,kPa,ok
4070303130,2016,7,31,rh_mean,29.7354,percent,ok
4070303130,2016,7,31,heat_index_max,90.8811,degF,ok
4070303130,2016,7,31,days_tmax_ge_35,21.9956,days,ok
4070303130,2016,7,31,days_tmax_ge_40,4,days,ok
4070308590,2016,7,31,tmax_mean,36.4362,degC,ok
4070308590,2016,7,31,tmin_mean,23.1948,degC,ok
4070308590,2016,7,31,tmax_absolute,41.8008,degC,ok
4070308590,2016,7,31,tmin_absolute,19.502,degC,ok
4070308590,2016,7,31,vpd_mean,3.1993,kPa,ok
4070308590,2016,7,31,rh_mean,29.7825,percent,ok
4070308590,2016,7,31,heat_index_max,90.2181,degF,ok
4070308590,2016,7,31,days_tmax_ge_35,21.9996,days,ok
4070308590,2016,7,31,days_tmax_ge_40,4,days,ok
4070358820,2016,7,31,tmax_mean,36.7048,degC,ok
4070358820,2016,7,31,tmin_mean,23.5774,degC,ok
4070358820,2016,7,31,tmax_absolute,41.5499,degC,ok
4070358820,2016,7,31,tmin_absolute,19.1591,degC,ok
4070358820,2016,7,31,vpd_mean,3.3233,kPa,ok
4070358820,2016,7,31,rh_mean,28.3908,percent,ok
4070358820,2016,7,31,heat_index_max,91.5464,degF,ok
4070358820,2016,7,31,days_tmax_ge_35,19.8547,days,ok
4070358820,2016,7,31,days_tmax_ge_40,6.3606,days,ok
4070360000,2016,7,31,tmax_mean,36.6233,degC,ok
4070360000,2016,7,31,tmin_mean,23.4208,degC,ok
4070360000,2016,7,31,tmax_absolute,41.4829,degC,ok
4070360000,2016,7,31,tmin_absolute,19.7256,degC,ok
4070360000,2016,7,31,vpd_mean,3.2867,kPa,ok
4070360000,2016,7,31,rh_mean,28.5589,percent,ok
4070360000,2016,7,31,heat_index_max,89.9219,degF,ok
4070360000,2016,7,31,days_tmax_ge_35,21.1598,days,ok
4070360000,2016,7,31,days_tmax_ge_40,4.1819,days,ok
4070365640,2016,7,31,tmax_mean,36.9611,degC,ok
4070365640,2016,7,31,tmin_mean,23.954,degC,ok
4070365640,2016,7,31,tmax_absolute,41.5025,degC,ok
4070365640,2016,7,31,tmin_absolute,20.0903,degC,ok
4070365640,2016,7,31,vpd_mean,3.4144,kPa,ok
4070365640,2016,7,31,rh_mean,27.4723,percent,ok
4070365640,2016,7,31,heat_index_max,91.253,degF,ok
4070365640,2016,7,31,days_tmax_ge_35,21.5442,days,ok
4070365640,2016,7,31,days_tmax_ge_40,6.6477,days,ok
4070373160,2016,7,31,tmax_mean,37.2135,degC,ok
4070373160,2016,7,31,tmin_mean,24.1381,degC,ok
4070373160,2016,7,31,tmax_absolute,41.639,degC,ok
4070373160,2016,7,31,tmin_absolute,19.9383,degC,ok
4070373160,2016,7,31,vpd_mean,3.4852,kPa,ok
4070373160,2016,7,31,rh_mean,26.8596,percent,ok
4070373160,2016,7,31,heat_index_max,91.4899,degF,ok
4070373160,2016,7,31,days_tmax_ge_35,23.3086,days,ok
4070373160,2016,7,31,days_tmax_ge_40,7.0801,days,ok
4070372800,2016,7,31,tmax_mean,36.8712,degC,ok
4070372800,2016,7,31,tmin_mean,23.7828,degC,ok
4070372800,2016,7,31,tmax_absolute,41.4932,degC,ok
4070372800,2016,7,31,tmin_absolute,20.1695,degC,ok
4070372800,2016,7,31,vpd_mean,3.3771,kPa,ok
4070372800,2016,7,31,rh_mean,27.7382,percent,ok
4070372800,2016,7,31,heat_index_max,90.6148,degF,ok
4070372800,2016,7,31,days_tmax_ge_35,21.4815,days,ok
4070372800,2016,7,31,days_tmax_ge_40,5.0726,days,ok
4070050960,2016,7,31,tmax_mean,36.5587,degC,ok
4070050960,2016,7,31,tmin_mean,23.0979,degC,ok
4070050960,2016,7,31,tmax_absolute,41.3531,degC,ok
4070050960,2016,7,31,tmin_absolute,18.8214,degC,ok
4070050960,2016,7,31,vpd_mean,3.253,kPa,ok
4070050960,2016,7,31,rh_mean,29.0988,percent,ok
4070050960,2016,7,31,heat_index_max,89.6531,degF,ok
4070050960,2016,7,31,days_tmax_ge_35,21.4476,days,ok
4070050960,2016,7,31,days_tmax_ge_40,5.122,days,ok
4070051400,2016,7,31,tmax_mean,36.6173,degC,ok
4070051400,2016,7,31,tmin_mean,22.9705,degC,ok
4070051400,2016,7,31,tmax_absolute,41.8916,degC,ok
4070051400,2016,7,31,tmin_absolute,19.6475,degC,ok
4070051400,2016,7,31,vpd_mean,3.2434,kPa,ok
4070051400,2016,7,31,rh_mean,28.8211,percent,ok
4070051400,2016,7,31,heat_index_max,89.9056,degF,ok
4070051400,2016,7,31,days_tmax_ge_35,21.1589,days,ok
4070051400,2016,7,31,days_tmax_ge_40,4.2072,days,ok
4070051420,2016,7,31,tmax_mean,37.3597,degC,ok
4070051420,2016,7,31,tmin_mean,23.2809,degC,ok
4070051420,2016,7,31,tmax_absolute,42.507,degC,ok
4070051420,2016,7,31,tmin_absolute,19.0248,degC,ok
4070051420,2016,7,31,vpd_mean,3.3979,kPa,ok
4070051420,2016,7,31,rh_mean,27.8852,percent,ok
4070051420,2016,7,31,heat_index_max,90.0043,degF,ok
4070051420,2016,7,31,days_tmax_ge_35,25.4617,days,ok
4070051420,2016,7,31,days_tmax_ge_40,6.6587,days,ok
4070051720,2016,7,31,tmax_mean,37.3079,degC,ok
4070051720,2016,7,31,tmin_mean,24.1944,degC,ok
4070051720,2016,7,31,tmax_absolute,42.1755,degC,ok
4070051720,2016,7,31,tmin_absolute,21.0724,degC,ok
4070051720,2016,7,31,vpd_mean,3.5048,kPa,ok
4070051720,2016,7,31,rh_mean,26.6919,percent,ok
4070051720,2016,7,31,heat_index_max,91.1595,degF,ok
4070051720,2016,7,31,days_tmax_ge_35,24.1108,days,ok
4070051720,2016,7,31,days_tmax_ge_40,5.8764,days,ok
4070051930,2016,7,31,tmax_mean,36.2247,degC,ok
4070051930,2016,7,31,tmin_mean,23.1218,degC,ok
4070051930,2016,7,31,tmax_absolute,41.8925,degC,ok
4070051930,2016,7,31,tmin_absolute,19.6424,degC,ok
4070051930,2016,7,31,vpd_mean,3.1642,kPa,ok
4070051930,2016,7,31,rh_mean,29.79,percent,ok
4070051930,2016,7,31,heat_index_max,90.4527,degF,ok
4070051930,2016,7,31,days_tmax_ge_35,20.8942,days,ok
4070051930,2016,7,31,days_tmax_ge_40,3.0563,days,ok
4070052070,2016,7,31,tmax_mean,37.3842,degC,ok
4070052070,2016,7,31,tmin_mean,24.0361,degC,ok
4070052070,2016,7,31,tmax_absolute,42.8181,degC,ok
4070052070,2016,7,31,tmin_absolute,20.9638,degC,ok
4070052070,2016,7,31,vpd_mean,3.4023,kPa,ok
4070052070,2016,7,31,rh_mean,28.9713,percent,ok
4070052070,2016,7,31,heat_index_max,93.0701,degF,ok
4070052070,2016,7,31,days_tmax_ge_35,22.9909,days,ok
4070052070,2016,7,31,days_tmax_ge_40,6.2756,days,ok
4070052550,2016,7,31,tmax_mean,37.3708,degC,ok
4070052550,2016,7,31,tmin_mean,24.2014,degC,ok
4070052550,2016,7,31,tmax_absolute,42.7929,degC,ok
4070052550,2016,7,31,tmin_absolute,21.7033,degC,ok
4070052550,2016,7,31,vpd_mean,3.3727,kPa,ok
4070052550,2016,7,31,rh_mean,29.6966,percent,ok
4070052550,2016,7,31,heat_index_max,92.818,degF,ok
4070052550,2016,7,31,days_tmax_ge_35,23.1029,days,ok
4070052550,2016,7,31,days_tmax_ge_40,6.1262,days,ok
4070052570,2016,7,31,tmax_mean,37.3695,degC,ok
4070052570,2016,7,31,tmin_mean,24.1177,degC,ok
4070052570,2016,7,31,tmax_absolute,42.8716,degC,ok
4070052570,2016,7,31,tmin_absolute,21.7353,degC,ok
4070052570,2016,7,31,vpd_mean,3.3317,kPa,ok
4070052570,2016,7,31,rh_mean,30.468,percent,ok
4070052570,2016,7,31,heat_index_max,93.0572,degF,ok
4070052570,2016,7,31,days_tmax_ge_35,23.9177,days,ok
4070052570,2016,7,31,days_tmax_ge_40,6.0484,days,ok
4070052710,2016,7,31,tmax_mean,37.401,degC,ok
4070052710,2016,7,31,tmin_mean,23.7551,degC,ok
4070052710,2016,7,31,tmax_absolute,42.8481,degC,ok
4070052710,2016,7,31,tmin_absolute,20.4785,degC,ok
4070052710,2016,7,31,vpd_mean,3.4227,kPa,ok
4070052710,2016,7,31,rh_mean,28.1503,percent,ok
4070052710,2016,7,31,heat_index_max,92.2054,degF,ok
4070052710,2016,7,31,days_tmax_ge_35,24.5597,days,ok
4070052710,2016,7,31,days_tmax_ge_40,6.1966,days,ok
4070052800,2016,7,31,tmax_mean,36.9157,degC,ok
4070052800,2016,7,31,tmin_mean,23.3751,degC,ok
4070052800,2016,7,31,tmax_absolute,42.1572,degC,ok
4070052800,2016,7,31,tmin_absolute,20.3101,degC,ok
4070052800,2016,7,31,vpd_mean,3.3617,kPa,ok
4070052800,2016,7,31,rh_mean,27.5411,percent,ok
4070052800,2016,7,31,heat_index_max,89.6269,degF,ok
4070052800,2016,7,31,days_tmax_ge_35,22.7717,days,ok
4070052800,2016,7,31,days_tmax_ge_40,4.9277,days,ok
4070053010,2016,7,31,tmax_mean,36.3971,degC,ok
4070053010,2016,7,31,tmin_mean,23.1867,degC,ok
4070053010,2016,7,31,tmax_absolute,41.4614,degC,ok
4070053010,2016,7,31,tmin_absolute,19.7355,degC,ok
4070053010,2016,7,31,vpd_mean,3.2252,kPa,ok
4070053010,2016,7,31,rh_mean,28.9351,percent,ok
4070053010,2016,7,31,heat_index_max,90.0416,degF,ok
4070053010,2016,7,31,days_tmax_ge_35,21.3798,days,ok
4070053010,2016,7,31,days_tmax_ge_40,3.2461,days,ok
4070053030,2016,7,31,tmax_mean,35.9423,degC,ok
4070053030,2016,7,31,tmin_mean,22.833,degC,ok
4070053030,2016,7,31,tmax_absolute,41.2892,degC,ok
4070053030,2016,7,31,tmin_absolute,19.1112,degC,ok
4070053030,2016,7,31,vpd_mean,3.099,kPa,ok
4070053030,2016,7,31,rh_mean,30.0272,percent,ok
4070053030,2016,7,31,heat_index_max,89.8932,degF,ok
4070053030,2016,7,31,days_tmax_ge_35,19.6183,days,ok
4070053030,2016,7,31,days_tmax_ge_40,2.7619,days,ok
4070053630,2016,7,31,tmax_mean,37.6848,degC,ok
4070053630,2016,7,31,tmin_mean,23.2186,degC,ok
4070053630,2016,7,31,tmax_absolute,42.9209,degC,ok
4070053630,2016,7,31,tmin_absolute,17.8649,degC,ok
4070053630,2016,7,31,vpd_mean,3.4336,kPa,ok
4070053630,2016,7,31,rh_mean,27.9746,percent,ok
4070053630,2016,7,31,heat_index_max,90.4617,degF,ok
4070053630,2016,7,31,days_tmax_ge_35,26.2565,days,ok
4070053630,2016,7,31,days_tmax_ge_40,7.4547,days,ok
4070053700,2016,7,31,tmax_mean,37.3355,degC,ok
4070053700,2016,7,31,tmin_mean,24.3344,degC,ok
4070053700,2016,7,31,tmax_absolute,41.9254,degC,ok
4070053700,2016,7,31,tmin_absolute,20.8262,degC,ok
4070053700,2016,7,31,vpd_mean,3.5278,kPa,ok
4070053700,2016,7,31,rh_mean,26.5019,percent,ok
4070053700,2016,7,31,heat_index_max,91.3704,degF,ok
4070053700,2016,7,31,days_tmax_ge_35,24.6871,days,ok
4070053700,2016,7,31,days_tmax_ge_40,6.8713,days,ok
4070053720,2016,7,31,tmax_mean,37.5205,degC,ok
4070053720,2016,7,31,tmin_mean,23.2411,degC,ok
4070053720,2016,7,31,tmax_absolute,42.477,degC,ok
4070053720,2016,7,31,tmin_absolute,18.3595,degC,ok
4070053720,2016,7,31,vpd_mean,3.4351,kPa,ok
4070053720,2016,7,31,rh_mean,27.3982,percent,ok
4070053720,2016,7,31,heat_index_max,89.3825,degF,ok
4070053720,2016,7,31,days_tmax_ge_35,26.0491,days,ok
4070053720,2016,7,31,days_tmax_ge_40,7.3128,days,ok
4070053750,2016,7,31,tmax_mean,37.5887,degC,ok
4070053750,2016,7,31,tmin_mean,23.5051,degC,ok
4070053750,2016,7,31,tmax_absolute,43.2583,degC,ok
4070053750,2016,7,31,tmin_absolute,20.2985,degC,ok
4070053750,2016,7,31,vpd_mean,3.3876,kPa,ok
4070053750,2016,7,31,rh_mean,29.1205,percent,ok
4070053750,2016,7,31,heat_index_max,91.4501,degF,ok
4070053750,2016,7,31,days_tmax_ge_35,26.3617,days,ok
4070053750,2016,7,31,days_tmax_ge_40,7.7046,days,ok
4070054170,2016,7,31,tmax_mean,36.4555,degC,ok
4070054170,2016,7,31,tmin_mean,23.4193,degC,ok
4070054170,2016,7,31,tmax_absolute,42.0211,degC,ok
4070054170,2016,7,31,tmin_absolute,20.0599,degC,ok
4070054170,2016,7,31,vpd_mean,3.1881,kPa,ok
4070054170,2016,7,31,rh_mean,30.2256,percent,ok
4070054170,2016,7,31,heat_index_max,91.6644,degF,ok
4070054170,2016,7,31,days_tmax_ge_35,19.7873,days,ok
4070054170,2016,7,31,days_tmax_ge_40,4.2535,days,ok
4070054200,2016,7,31,tmax_mean,37.2296,degC,ok
4070054200,2016,7,31,tmin_mean,24.2262,degC,ok
4070054200,2016,7,31,tmax_absolute,41.7176,degC,ok
4070054200,2016,7,31,tmin_absolute,20.5278,degC,ok
4070054200,2016,7,31,vpd_mean,3.4958,kPa,ok
4070054200,2016,7,31,rh_mean,26.7743,percent,ok
4070054200,2016,7,31,heat_index_max,91.3191,degF,ok
4070054200,2016,7,31,days_tmax_ge_35,23.6279,days,ok
4070054200,2016,7,31,days_tmax_ge_40,7.1045,days,ok
4070054440,2016,7,31,tmax_mean,36.6843,degC,ok
4070054440,2016,7,31,tmin_mean,23.6358,degC,ok
4070054440,2016,7,31,tmax_absolute,42.2128,degC,ok
4070054440,2016,7,31,tmin_absolute,20.2296,degC,ok
4070054440,2016,7,31,vpd_mean,3.3131,kPa,ok
4070054440,2016,7,31,rh_mean,28.5261,percent,ok
4070054440,2016,7,31,heat_index_max,91.9335,degF,ok
4070054440,2016,7,31,days_tmax_ge_35,20.6138,days,ok
4070054440,2016,7,31,days_tmax_ge_40,4.5298,days,ok
4070054450,2016,7,31,tmax_mean,36.6054,degC,ok
4070054450,2016,7,31,tmin_mean,23.3907,degC,ok
4070054450,2016,7,31,tmax_absolute,41.8819,degC,ok
4070054450,2016,7,31,tmin_absolute,20.3517,degC,ok
4070054450,2016,7,31,vpd_mean,3.3126,kPa,ok
4070054450,2016,7,31,rh_mean,27.8068,percent,ok
4070054450,2016,7,31,heat_index_max,89.4065,degF,ok
4070054450,2016,7,31,days_tmax_ge_35,20.8482,days,ok
4070054450,2016,7,31,days_tmax_ge_40,3.9705,days,ok
4070054780,2016,7,31,tmax_mean,36.717,degC,ok
4070054780,2016,7,31,tmin_mean,23.4382,degC,ok
4070054780,2016,7,31,tmax_absolute,42.2255,degC,ok
4070054780,2016,7,31,tmin_absolute,20.8873,degC,ok
4070054780,2016,7,31,vpd_mean,3.2819,kPa,ok
4070054780,2016,7,31,rh_mean,28.8957,percent,ok
4070054780,2016,7,31,heat_index_max,89.9845,degF,ok
4070054780,2016,7,31,days_tmax_ge_35,21.5916,days,ok
4070054780,2016,7,31,days_tmax_ge_40,4.6946,days,ok
4070055270,2016,7,31,tmax_mean,36.1985,degC,ok
4070055270,2016,7,31,tmin_mean,22.9695,degC,ok
4070055270,2016,7,31,tmax_absolute,41.2852,degC,ok
4070055270,2016,7,31,tmin_absolute,19.3074,degC,ok
4070055270,2016,7,31,vpd_mean,3.1748,kPa,ok
4070055270,2016,7,31,rh_mean,29.1853,percent,ok
4070055270,2016,7,31,heat_index_max,89.5634,degF,ok
4070055270,2016,7,31,days_tmax_ge_35,20.7231,days,ok
4070055270,2016,7,31,days_tmax_ge_40,2.9015,days,ok
4070055360,2016,7,31,tmax_mean,36.5214,degC,ok
4070055360,2016,7,31,tmin_mean,23.201,degC,ok
4070055360,2016,7,31,tmax_absolute,41.8285,degC,ok
4070055360,2016,7,31,tmin_absolute,20.0449,degC,ok
4070055360,2016,7,31,vpd_mean,3.2863,kPa,ok
4070055360,2016,7,31,rh_mean,27.9218,percent,ok
4070055360,2016,7,31,heat_index_max,89.4017,degF,ok
4070055360,2016,7,31,days_tmax_ge_35,20.8289,days,ok
4070055360,2016,7,31,days_tmax_ge_40,4.0553,days,ok
4070055680,2016,7,31,tmax_mean,35.8753,degC,ok
4070055680,2016,7,31,tmin_mean,23.2053,degC,ok
4070055680,2016,7,31,tmax_absolute,40.8086,degC,ok
4070055680,2016,7,31,tmin_absolute,19.9705,degC,ok
4070055680,2016,7,31,vpd_mean,2.9335,kPa,ok
4070055680,2016,7,31,rh_mean,33.8913,percent,ok
4070055680,2016,7,31,heat_index_max,89.7357,degF,ok
4070055680,2016,7,31,days_tmax_ge_35,18.9245,days,ok
4070055680,2016,7,31,days_tmax_ge_40,1,days,ok
4070055880,2016,7,31,tmax_mean,35.8013,degC,ok
4070055880,2016,7,31,tmin_mean,22.9241,degC,ok
4070055880,2016,7,31,tmax_absolute,41.2748,degC,ok
4070055880,2016,7,31,tmin_absolute,19.2978,degC,ok
4070055880,2016,7,31,vpd_mean,3.0758,kPa,ok
4070055880,2016,7,31,rh_mean,30.414,percent,ok
4070055880,2016,7,31,heat_index_max,90.6381,degF,ok
4070055880,2016,7,31,days_tmax_ge_35,17.7575,days,ok
4070055880,2016,7,31,days_tmax_ge_40,2.7419,days,ok
4070055920,2016,7,31,tmax_mean,37.1618,degC,ok
4070055920,2016,7,31,tmin_mean,23.7419,degC,ok
4070055920,2016,7,31,tmax_absolute,42.5343,degC,ok
4070055920,2016,7,31,tmin_absolute,21.0804,degC,ok
4070055920,2016,7,31,vpd_mean,3.3441,kPa,ok
4070055920,2016,7,31,rh_mean,29.1569,percent,ok
4070055920,2016,7,31,heat_index_max,91.4938,degF,ok
4070055920,2016,7,31,days_tmax_ge_35,22.5384,days,ok
4070055920,2016,7,31,days_tmax_ge_40,5.4248,days,ok
4070055950,2016,7,31,tmax_mean,36.9907,degC,ok
4070055950,2016,7,31,tmin_mean,23.543,degC,ok
4070055950,2016,7,31,tmax_absolute,41.9011,degC,ok
4070055950,2016,7,31,tmin_absolute,20.1857,degC,ok
4070055950,2016,7,31,vpd_mean,3.373,kPa,ok
4070055950,2016,7,31,rh_mean,27.7511,percent,ok
4070055950,2016,7,31,heat_index_max,90.3181,degF,ok
4070055950,2016,7,31,days_tmax_ge_35,22.6586,days,ok
4070055950,2016,7,31,days_tmax_ge_40,5.0291,days,ok
4070056730,2016,7,31,tmax_mean,36.708,degC,ok
4070056730,2016,7,31,tmin_mean,23.6843,degC,ok
4070056730,2016,7,31,tmax_absolute,42.3503,degC,ok
4070056730,2016,7,31,tmin_absolute,20.1929,degC,ok
4070056730,2016,7,31,vpd_mean,3.285,kPa,ok
4070056730,2016,7,31,rh_mean,29.2484,percent,ok
4070056730,2016,7,31,heat_index_max,92.2065,degF,ok
4070056730,2016,7,31,days_tmax_ge_35,20.1296,days,ok
4070056730,2016,7,31,days_tmax_ge_40,4.9074,days,ok
4070056820,2016,7,31,tmax_mean,35.5973,degC,ok
4070056820,2016,7,31,tmin_mean,22.6986,degC,ok
4070056820,2016,7,31,tmax_absolute,40.8478,degC,ok
4070056820,2016,7,31,tmin_absolute,19.0716,degC,ok
4070056820,2016,7,31,vpd_mean,3.0424,kPa,ok
4070056820,2016,7,31,rh_mean,30.2404,percent,ok
4070056820,2016,7,31,heat_index_max,89.5045,degF,ok
4070056820,2016,7,31,days_tmax_ge_35,17.1413,days,ok
4070056820,2016,7,31,days_tmax_ge_40,2.1515,days,ok
4070057090,2016,7,31,tmax_mean,36.0398,degC,ok
4070057090,2016,7,31,tmin_mean,22.9734,degC,ok
4070057090,2016,7,31,tmax_absolute,41.5208,degC,ok
4070057090,2016,7,31,tmin_absolute,19.7579,degC,ok
4070057090,2016,7,31,vpd_mean,3.1082,kPa,ok
4070057090,2016,7,31,rh_mean,30.3589,percent,ok
4070057090,2016,7,31,heat_index_max,91.0072,degF,ok
4070057090,2016,7,31,days_tmax_ge_35,20.0058,days,ok
4070057090,2016,7,31,days_tmax_ge_40,3.0911,days,ok
4070057190,2016,7,31,tmax_mean,37.0809,degC,ok
4070057190,2016,7,31,tmin_mean,24.0112,degC,ok
4070057190,2016,7,31,tmax_absolute,41.7349,degC,ok
4070057190,2016,7,31,tmin_absolute,20.6438,degC,ok
4070057190,2016,7,31,vpd_mean,3.442,kPa,ok
4070057190,2016,7,31,rh_mean,27.1878,percent,ok
4070057190,2016,7,31,heat_index_max,90.6407,degF,ok
4070057190,2016,7,31,days_tmax_ge_35,22.6924,days,ok
4070057190,2016,7,31,days_tmax_ge_40,5.4339,days,ok
4070057270,2016,7,31,tmax_mean,36.575,degC,ok
4070057270,2016,7,31,tmin_mean,23.778,degC,ok
4070057270,2016,7,31,tmax_absolute,40.3908,degC,ok
4070057270,2016,7,31,tmin_absolute,20.6688,degC,ok
4070057270,2016,7,31,vpd_mean,3.0953,kPa,ok
4070057270,2016,7,31,rh_mean,33.0218,percent,ok
4070057270,2016,7,31,heat_index_max,90.9839,degF,ok
4070057270,2016,7,31,days_tmax_ge_35,21.6269,days,ok
4070057270,2016,7,31,days_tmax_ge_40,2.1294,days,ok
4070059930,2016,7,31,tmax_mean,37.267,degC,ok
4070059930,2016,7,31,tmin_mean,24.0089,degC,ok
4070059930,2016,7,31,tmax_absolute,42.7068,degC,ok
4070059930,2016,7,31,tmin_absolute,21.8533,degC,ok
4070059930,2016,7,31,vpd_mean,3.3457,kPa,ok
4070059930,2016,7,31,rh_mean,29.7581,percent,ok
4070059930,2016,7,31,heat_index_max,91.9542,degF,ok
4070059930,2016,7,31,days_tmax_ge_35,24.2714,days,ok
4070059930,2016,7,31,days_tmax_ge_40,5.4514,days,ok
4070060340,2016,7,31,tmax_mean,37.2414,degC,ok
4070060340,2016,7,31,tmin_mean,24.171,degC,ok
4070060340,2016,7,31,tmax_absolute,41.9261,degC,ok
4070060340,2016,7,31,tmin_absolute,20.8533,degC,ok
4070060340,2016,7,31,vpd_mean,3.4841,kPa,ok
4070060340,2016,7,31,rh_mean,26.9427,percent,ok
4070060340,2016,7,31,heat_index_max,91.0374,degF,ok
4070060340,2016,7,31,days_tmax_ge_35,23.3279,days,ok
4070060340,2016,7,31,days_tmax_ge_40,5.7143,days,ok
4070060790,2016,7,31,tmax_mean,36.3967,degC,ok
4070060790,2016,7,31,tmin_mean,23.0955,degC,ok
4070060790,2016,7,31,tmax_absolute,41.3703,degC,ok
4070060790,2016,7,31,tmin_absolute,19.612,degC,ok
4070060790,2016,7,31,vpd_mean,3.2265,kPa,ok
4070060790,2016,7,31,rh_mean,28.7042,percent,ok
4070060790,2016,7,31,heat_index_max,89.7178,degF,ok
4070060790,2016,7,31,days_tmax_ge_35,20.6772,days,ok
4070060790,2016,7,31,days_tmax_ge_40,3.4587,days,ok
4070061130,2016,7,31,tmax_mean,37.2618,degC,ok
4070061130,2016,7,31,tmin_mean,23.2082,degC,ok
4070061130,2016,7,31,tmax_absolute,42.1132,degC,ok
4070061130,2016,7,31,tmin_absolute,17.8609,degC,ok
4070061130,2016,7,31,vpd_mean,3.4109,kPa,ok
4070061130,2016,7,31,rh_mean,27.2111,percent,ok
4070061130,2016,7,31,heat_index_max,89.0467,degF,ok
4070061130,2016,7,31,days_tmax_ge_35,25.2347,days,ok
4070061130,2016,7,31,days_tmax_ge_40,6.231,days,ok
4070062210,2016,7,31,tmax_mean,36.2478,degC,ok
4070062210,2016,7,31,tmin_mean,23.104,degC,ok
4070062210,2016,7,31,tmax_absolute,41.6285,degC,ok
4070062210,2016,7,31,tmin_absolute,20.4418,degC,ok
4070062210,2016,7,31,vpd_mean,3.2135,kPa,ok
4070062210,2016,7,31,rh_mean,28.6166,percent,ok
4070062210,2016,7,31,heat_index_max,89.0458,degF,ok
4070062210,2016,7,31,days_tmax_ge_35,19.6954,days,ok
4070062210,2016,7,31,days_tmax_ge_40,3.2933,days,ok
4070063060,2016,7,31,tmax_mean,37.345,degC,ok
4070063060,2016,7,31,tmin_mean,24.156,degC,ok
4070063060,2016,7,31,tmax_absolute,42.8097,degC,ok
4070063060,2016,7,31,tmin_absolute,21.8737,degC,ok
4070063060,2016,7,31,vpd_mean,3.3949,kPa,ok
4070063060,2016,7,31,rh_mean,29.1047,percent,ok
4070063060,2016,7,31,heat_index_max,91.7148,degF,ok
4070063060,2016,7,31,days_tmax_ge_35,24.2555,days,ok
4070063060,2016,7,31,days_tmax_ge_40,7.0195,days,ok
4070063130,2016,7,31,tmax_mean,38.2546,degC,ok
4070063130,2016,7,31,tmin_mean,23.4032,degC,ok
4070063130,2016,7,31,tmax_absolute,43.3076,degC,ok
4070063130,2016,7,31,tmin_absolute,17.816,degC,ok
4070063130,2016,7,31,vpd_mean,3.5514,kPa,ok
4070063130,2016,7,31,rh_mean,27.4181,percent,ok
4070063130,2016,7,31,heat_index_max,91.3327,degF,ok
4070063130,2016,7,31,days_tmax_ge_35,27.6167,days,ok
4070063130,2016,7,31,days_tmax_ge_40,9.0807,days,ok
4070063840,2016,7,31,tmax_mean,38.2866,degC,ok
4070063840,2016,7,31,tmin_mean,23.3824,degC,ok
4070063840,2016,7,31,tmax_absolute,43.4764,degC,ok
4070063840,2016,7,31,tmin_absolute,18.1342,degC,ok
4070063840,2016,7,31,vpd_mean,3.5317,kPa,ok
4070063840,2016,7,31,rh_mean,27.9092,percent,ok
4070063840,2016,7,31,heat_index_max,91.6655,degF,ok
4070063840,2016,7,31,days_tmax_ge_35,27.1983,days,ok
4070063840,2016,7,31,days_tmax_ge_40,9.0826,days,ok
4070067970,2016,7,31,tmax_mean,37.2293,degC,ok
4070067970,2016,7,31,tmin_mean,23.9396,degC,ok
4070067970,2016,7,31,tmax_absolute,42.7196,degC,ok
4070067970,2016,7,31,tmin_absolute,21.7148,degC,ok
4070067970,2016,7,31,vpd_mean,3.3475,kPa,ok
4070067970,2016,7,31,rh_mean,29.5313,percent,ok
4070067970,2016,7,31,heat_index_max,91.4953,degF,ok
4070067970,2016,7,31,days_tmax_ge_35,23.533,days,ok
4070067970,2016,7,31,days_tmax_ge_40,5.4725,days,ok
4070068640,2016,7,31,tmax_mean,37.2047,degC,ok
4070068640,2016,7,31,tmin_mean,23.7868,degC,ok
4070068640,2016,7,31,tmax_absolute,42.7029,degC,ok
4070068640,2016,7,31,tmin_absolute,21.4935,degC,ok
4070068640,2016,7,31,vpd_mean,3.3261,kPa,ok
4070068640,2016,7,31,rh_mean,29.7278,percent,ok
4070068640,2016,7,31,heat_index_max,91.323,degF,ok
4070068640,2016,7,31,days_tmax_ge_35,24.0408,days,ok
4070068640,2016,7,31,days_tmax_ge_40,5.3019,days,ok
4070070230,2016,7,31,tmax_mean,37.139,degC,ok
4070070230,2016,7,31,tmin_mean,22.946,degC,ok
4070070230,2016,7,31,tmax_absolute,42.2857,degC,ok
4070070230,2016,7,31,tmin_absolute,19.3144,degC,ok
4070070230,2016,7,31,vpd_mean,3.344,kPa,ok
4070070230,2016,7,31,rh_mean,27.8272,percent,ok
4070070230,2016,7,31,heat_index_max,88.9029,degF,ok
4070070230,2016,7,31,days_tmax_ge_35,24.0958,days,ok
4070070230,2016,7,31,days_tmax_ge_40,5.0692,days,ok
4070070790,2016,7,31,tmax_mean,37.4473,degC,ok
4070070790,2016,7,31,tmin_mean,24.4158,degC,ok
4070070790,2016,7,31,tmax_absolute,42.7088,degC,ok
4070070790,2016,7,31,tmin_absolute,21.5574,degC,ok
4070070790,2016,7,31,vpd_mean,3.4123,kPa,ok
4070070790,2016,7,31,rh_mean,29.3868,percent,ok
4070070790,2016,7,31,heat_index_max,93.2841,degF,ok
4070070790,2016,7,31,days_tmax_ge_35,22.2462,days,ok
4070070790,2016,7,31,days_tmax_ge_40,7,days,ok
4070071230,2016,7,31,tmax_mean,37.1315,degC,ok
4070071230,2016,7,31,tmin_mean,23.568,degC,ok
4070071230,2016,7,31,tmax_absolute,42.7099,degC,ok
4070071230,2016,7,31,tmin_absolute,21.2777,degC,ok
4070071230,2016,7,31,vpd_mean,3.3375,kPa,ok
4070071230,2016,7,31,rh_mean,28.9912,percent,ok
4070071230,2016,7,31,heat_index_max,90.6837,degF,ok
4070071230,2016,7,31,days_tmax_ge_35,23.8146,days,ok
4070071230,2016,7,31,days_tmax_ge_40,5.4392,days,ok
4070073210,2016,7,31,tmax_mean,37.5221,degC,ok
4070073210,2016,7,31,tmin_mean,23.2111,degC,ok
4070073210,2016,7,31,tmax_absolute,42.612,degC,ok
4070073210,2016,7,31,tmin_absolute,19.4596,degC,ok
4070073210,2016,7,31,vpd_mean,3.4349,kPa,ok
4070073210,2016,7,31,rh_mean,27.2944,percent,ok
4070073210,2016,7,31,heat_index_max,89.5637,degF,ok
4070073210,2016,7,31,days_tmax_ge_35,25.6731,days,ok
4070073210,2016,7,31,days_tmax_ge_40,6.5198,days,ok
4070074500,2016,7,31,tmax_mean,36.9957,degC,ok
4070074500,2016,7,31,tmin_mean,23.222,degC,ok
4070074500,2016,7,31,tmax_absolute,41.9725,degC,ok
4070074500,2016,7,31,tmin_absolute,19.8299,degC,ok
4070074500,2016,7,31,vpd_mean,3.3335,kPa,ok
4070074500,2016,7,31,rh_mean,28.1443,percent,ok
4070074500,2016,7,31,heat_index_max,90.0736,degF,ok
4070074500,2016,7,31,days_tmax_ge_35,22.3835,days,ok
4070074500,2016,7,31,days_tmax_ge_40,4.8556,days,ok
4070077230,2016,7,31,tmax_mean,36.0238,degC,ok
4070077230,2016,7,31,tmin_mean,22.8099,degC,ok
4070077230,2016,7,31,tmax_absolute,40.9464,degC,ok
4070077230,2016,7,31,tmin_absolute,19.3029,degC,ok
4070077230,2016,7,31,vpd_mean,3.1435,kPa,ok
4070077230,2016,7,31,rh_mean,29.1848,percent,ok
4070077230,2016,7,31,heat_index_max,89.0328,degF,ok
4070077230,2016,7,31,days_tmax_ge_35,19.2754,days,ok
4070077230,2016,7,31,days_tmax_ge_40,2.5588,days,ok
2070605150,2016,8,31,tmax_mean,36.0941,degC,ok
2070605150,2016,8,31,tmin_mean,22.0511,degC,ok
2070605150,2016,8,31,tmax_absolute,39.4304,degC,ok
2070605150,2016,8,31,tmin_absolute,16.8607,degC,ok
2070605150,2016,8,31,vpd_mean,3.0215,kPa,ok
2070605150,2016,8,31,rh_mean,30.8412,percent,ok
2070605150,2016,8,31,heat_index_max,88.1634,degF,ok
2070605150,2016,8,31,days_tmax_ge_35,23.6757,days,ok
2070605150,2016,8,31,days_tmax_ge_40,0,days,ok
2070605290,2016,8,31,tmax_mean,36.0956,degC,ok
2070605290,2016,8,31,tmin_mean,24.9913,degC,ok
2070605290,2016,8,31,tmax_absolute,39.4109,degC,ok
2070605290,2016,8,31,tmin_absolute,20.2792,degC,ok
2070605290,2016,8,31,vpd_mean,3.0768,kPa,ok
2070605290,2016,8,31,rh_mean,33.555,percent,ok
2070605290,2016,8,31,heat_index_max,92.866,degF,ok
2070605290,2016,8,31,days_tmax_ge_35,23.3629,days,ok
2070605290,2016,8,31,days_tmax_ge_40,0.081,days,ok
2071208570,2016,8,31,tmax_mean,36.2608,degC,ok
2071208570,2016,8,31,tmin_mean,20.6326,degC,ok
2071208570,2016,8,31,tmax_absolute,39.4984,degC,ok
2071208570,2016,8,31,tmin_absolute,15.7006,degC,ok
2071208570,2016,8,31,vpd_mean,2.8624,kPa,ok
2071208570,2016,8,31,rh_mean,33.0403,percent,ok
2071208570,2016,8,31,heat_index_max,86.5358,degF,ok
2071208570,2016,8,31,days_tmax_ge_35,24,days,ok
2071208570,2016,8,31,days_tmax_ge_40,0,days,ok
2070599730,2016,8,31,tmax_mean,37.3406,degC,ok
2070599730,2016,8,31,tmin_mean,21.5105,degC,ok
2070599730,2016,8,31,tmax_absolute,40.4388,degC,ok
2070599730,2016,8,31,tmin_absolute,16.9193,degC,ok
2070599730,2016,8,31,vpd_mean,3.2416,kPa,ok
2070599730,2016,8,31,rh_mean,28.345,percent,ok
2070599730,2016,8,31,heat_index_max,87.8641,degF,ok
2070599730,2016,8,31,days_tmax_ge_35,27.2644,days,ok
2070599730,2016,8,31,days_tmax_ge_40,1.6912,days,ok
2070599530,2016,8,31,tmax_mean,36.867,degC,ok
2070599530,2016,8,31,tmin_mean,20.9668,degC,ok
2070599530,2016,8,31,tmax_absolute,39.8489,degC,ok
2070599530,2016,8,31,tmin_absolute,16.693,degC,ok
2070599530,2016,8,31,vpd_mean,3.0297,kPa,ok
2070599530,2016,8,31,rh_mean,31.0964,percent,ok
2070599530,2016,8,31,heat_index_max,87.3669,degF,ok
2070599530,2016,8,31,days_tmax_ge_35,25.7201,days,ok
2070599530,2016,8,31,days_tmax_ge_40,0.4152,days,ok
2070617770,2016,8,31,tmax_mean,37.2214,degC,ok
2070617770,2016,8,31,tmin_mean,21.9657,degC,ok
2070617770,2016,8,31,tmax_absolute,40.4035,degC,ok
2070617770,2016,8,31,tmin_absolute,17.0763,degC,ok
2070617770,2016,8,31,vpd_mean,3.3548,kPa,ok
2070617770,2016,8,31,rh_mean,26.1041,percent,ok
2070617770,2016,8,31,heat_index_max,88.049,degF,ok
2070617770,2016,8,31,days_tmax_ge_35,27.5064,days,ok
2070617770,2016,8,31,days_tmax_ge_40,1.3883,days,ok
2070617890,2016,8,31,tmax_mean,37.3839,degC,ok
2070617890,2016,8,31,tmin_mean,21.9795,degC,ok
2070617890,2016,8,31,tmax_absolute,40.6304,degC,ok
2070617890,2016,8,31,tmin_absolute,17.1153,degC,ok
2070617890,2016,8,31,vpd_mean,3.3961,kPa,ok
2070617890,2016,8,31,rh_mean,25.6768,percent,ok
2070617890,2016,8,31,heat_index_max,88.2087,degF,ok
2070617890,2016,8,31,days_tmax_ge_35,27.5052,days,ok
2070617890,2016,8,31,days_tmax_ge_40,1.9807,days,ok
2070085880,2016,8,31,tmax_mean,35.5386,degC,ok
2070085880,2016,8,31,tmin_mean,20.1354,degC,ok
2070085880,2016,8,31,tmax_absolute,38.7764,degC,ok
2070085880,2016,8,31,tmin_absolute,14.7532,degC,ok
2070085880,2016,8,31,vpd_mean,2.8748,kPa,ok
2070085880,2016,8,31,rh_mean,30.3756,percent,ok
2070085880,2016,8,31,heat_index_max,85.1367,degF,ok
2070085880,2016,8,31,days_tmax_ge_35,21.1271,days,ok
2070085880,2016,8,31,days_tmax_ge_40,0,days,ok
2070582700,2016,8,31,tmax_mean,35.0902,degC,ok
2070582700,2016,8,31,tmin_mean,19.4979,degC,ok
2070582700,2016,8,31,tmax_absolute,38.2692,degC,ok
2070582700,2016,8,31,tmin_absolute,14.2306,degC,ok
2070582700,2016,8,31,vpd_mean,2.8507,kPa,ok
2070582700,2016,8,31,rh_mean,28.9658,percent,ok
2070582700,2016,8,31,heat_index_max,83.9167,degF,ok
2070582700,2016,8,31,days_tmax_ge_35,17.1029,days,ok
2070582700,2016,8,31,days_tmax_ge_40,0,days,ok
2070582590,2016,8,31,tmax_mean,35.4352,degC,ok
2070582590,2016,8,31,tmin_mean,20.0523,degC,ok
2070582590,2016,8,31,tmax_absolute,38.6251,degC,ok
2070582590,2016,8,31,tmin_absolute,14.6957,degC,ok
2070582590,2016,8,31,vpd_mean,2.8604,kPa,ok
2070582590,2016,8,31,rh_mean,30.3994,percent,ok
2070582590,2016,8,31,heat_index_max,84.8604,degF,ok
2070582590,2016,8,31,days_tmax_ge_35,20,days,ok
2070582590,2016,8,31,days_tmax_ge_40,0,days,ok
2070581600,2016,8,31,tmax_mean,34.6531,degC,ok
2070581600,2016,8,31,tmin_mean,21.0825,degC,ok
2070581600,2016,8,31,tmax_absolute,38.0208,degC,ok
2070581600,2016,8,31,tmin_absolute,15.9944,degC,ok
2070581600,2016,8,31,vpd_mean,2.7093,kPa,ok
2070581600,2016,8,31,rh_mean,33.52,percent,ok
2070581600,2016,8,31,heat_index_max,85.91,degF,ok
2070581600,2016,8,31,days_tmax_ge_35,15.6277,days,ok
2070581600,2016,8,31,days_tmax_ge_40,0,days,ok
2070581590,2016,8,31,tmax_mean,35.1505,degC,ok
2070581590,2016,8,31,tmin_mean,19.7986,degC,ok
2070581590,2016,8,31,tmax_absolute,38.3087,degC,ok
2070581590,2016,8,31,tmin_absolute,14.8307,degC,ok
2070581590,2016,8,31,vpd_mean,2.8743,kPa,ok
2070581590,2016,8,31,rh_mean,28.9632,percent,ok
2070581590,2016,8,31,heat_index_max,84.1053,degF,ok
2070581590,2016,8,31,days_tmax_ge_35,17.6441,days,ok
2070581590,2016,8,31,days_tmax_ge_40,0,days,ok
2070578850,2016,8,31,tmax_mean,35.0867,degC,ok
2070578850,2016,8,31,tmin_mean,19.9174,degC,ok
2070578850,2016,8,31,tmax_absolute,38.2391,degC,ok
2070578850,2016,8,31,tmin_absolute,15.0979,degC,ok
2070578850,2016,8,31,vpd_mean,2.9144,kPa,ok
2070578850,2016,8,31,rh_mean,27.9971,percent,ok
2070578850,2016,8,31,heat_index_max,84.0327,degF,ok
2070578850,2016,8,31,days_tmax_ge_35,16.5759,days,ok
2070578850,2016,8,31,days_tmax_ge_40,0,days,ok
2070578800,2016,8,31,tmax_mean,34.9536,degC,ok
2070578800,2016,8,31,tmin_mean,20.2885,degC,ok
2070578800,2016,8,31,tmax_absolute,38.1963,degC,ok
2070578800,2016,8,31,tmin_absolute,15.5131,degC,ok
2070578800,2016,8,31,vpd_mean,2.8408,kPa,ok
2070578800,2016,8,31,rh_mean,29.9796,percent,ok
2070578800,2016,8,31,heat_index_max,84.3146,degF,ok
2070578800,2016,8,31,days_tmax_ge_35,16.8104,days,ok
2070578800,2016,8,31,days_tmax_ge_40,0,days,ok
2070571030,2016,8,31,tmax_mean,34.7719,degC,ok
2070571030,2016,8,31,tmin_mean,19.9644,degC,ok
2070571030,2016,8,31,tmax_absolute,38.0083,degC,ok
2070571030,2016,8,31,tmin_absolute,15.1825,degC,ok
2070571030,2016,8,31,vpd_mean,2.9006,kPa,ok
2070571030,2016,8,31,rh_mean,27.5399,percent,ok
2070571030,2016,8,31,heat_index_max,83.9723,degF,ok
2070571030,2016,8,31,days_tmax_ge_35,15.7432,days,ok
2070571030,2016,8,31,days_tmax_ge_40,0,days,ok
2070570990,2016,8,31,tmax_mean,34.4686,degC,ok
2070570990,2016,8,31,tmin_mean,20.5332,degC,ok
2070570990,2016,8,31,tmax_absolute,37.7346,degC,ok
2070570990,2016,8,31,tmin_absolute,15.5508,degC,ok
2070570990,2016,8,31,vpd_mean,2.7705,kPa,ok
2070570990,2016,8,31,rh_mean,30.7964,percent,ok
2070570990,2016,8,31,heat_index_max,84.8487,degF,ok
2070570990,2016,8,31,days_tmax_ge_35,14.8378,days,ok
2070570990,2016,8,31,days_tmax_ge_40,0,days,ok
2070086030,2016,8,31,tmax_mean,35.6199,degC,ok
2070086030,2016,8,31,tmin_mean,20.4597,degC,ok
2070086030,2016,8,31,tmax_absolute,38.991,degC,ok
2070086030,2016,8,31,tmin_absolute,15.6294,degC,ok
2070086030,2016,8,31,vpd_mean,3.0908,kPa,ok
2070086030,2016,8,31,rh_mean,25.706,percent,ok
2070086030,2016,8,31,heat_index_max,85.1149,degF,ok
2070086030,2016,8,31,days_tmax_ge_35,20.8986,days,ok
2070086030,2016,8,31,days_tmax_ge_40,0,days,ok
2070594830,2016,8,31,tmax_mean,35.3797,degC,ok
2070594830,2016,8,31,tmin_mean,20.3537,degC,ok
2070594830,2016,8,31,tmax_absolute,38.6746,degC,ok
2070594830,2016,8,31,tmin_absolute,15.537,degC,ok
2070594830,2016,8,31,vpd_mean,3.0866,kPa,ok
2070594830,2016,8,31,rh_mean,25.0039,percent,ok
2070594830,2016,8,31,heat_index_max,84.629,degF,ok
2070594830,2016,8,31,days_tmax_ge_35,18.6382,days,ok
2070594830,2016,8,31,days_tmax_ge_40,0,days,ok
2070595030,2016,8,31,tmax_mean,35.5193,degC,ok
2070595030,2016,8,31,tmin_mean,20.1347,degC,ok
2070595030,2016,8,31,tmax_absolute,38.9959,degC,ok
2070595030,2016,8,31,tmin_absolute,15.2252,degC,ok
2070595030,2016,8,31,vpd_mean,3.0377,kPa,ok
2070595030,2016,8,31,rh_mean,26.2692,percent,ok
2070595030,2016,8,31,heat_index_max,85.0184,degF,ok
2070595030,2016,8,31,days_tmax_ge_35,20.76,days,ok
2070595030,2016,8,31,days_tmax_ge_40,0,days,ok
2070596930,2016,8,31,tmax_mean,35.9199,degC,ok
2070596930,2016,8,31,tmin_mean,20.6601,degC,ok
2070596930,2016,8,31,tmax_absolute,39.3102,degC,ok
2070596930,2016,8,31,tmin_absolute,15.7785,degC,ok
2070596930,2016,8,31,vpd_mean,3.1709,kPa,ok
2070596930,2016,8,31,rh_mean,24.9215,percent,ok
2070596930,2016,8,31,heat_index_max,85.5091,degF,ok
2070596930,2016,8,31,days_tmax_ge_35,22.4295,days,ok
2070596930,2016,8,31,days_tmax_ge_40,0,days,ok
2070597010,2016,8,31,tmax_mean,35.0652,degC,ok
2070597010,2016,8,31,tmin_mean,19.9891,degC,ok
2070597010,2016,8,31,tmax_absolute,38.3849,degC,ok
2070597010,2016,8,31,tmin_absolute,14.9026,degC,ok
2070597010,2016,8,31,vpd_mean,2.956,kPa,ok
2070597010,2016,8,31,rh_mean,26.7751,percent,ok
2070597010,2016,8,31,heat_index_max,84.2313,degF,ok
2070597010,2016,8,31,days_tmax_ge_35,17.8738,days,ok
2070597010,2016,8,31,days_tmax_ge_40,0,days,ok
2070596420,2016,8,31,tmax_mean,35.7086,degC,ok
2070596420,2016,8,31,tmin_mean,20.5769,degC,ok
2070596420,2016,8,31,tmax_absolute,39.0642,degC,ok
2070596420,2016,8,31,tmin_absolute,15.5953,degC,ok
2070596420,2016,8,31,vpd_mean,3.1594,kPa,ok
2070596420,2016,8,31,rh_mean,24.4611,percent,ok
2070596420,2016,8,31,heat_index_max,85.1726,degF,ok
2070596420,2016,8,31,days_tmax_ge_35,21.7221,days,ok
2070596420,2016,8,31,days_tmax_ge_40,0,days,ok
2070596290,2016,8,31,tmax_mean,35.1142,degC,ok
2070596290,2016,8,31,tmin_mean,20.3059,degC,ok
2070596290,2016,8,31,tmax_absolute,38.3619,degC,ok
2070596290,2016,8,31,tmin_absolute,15.4176,degC,ok
2070596290,2016,8,31,vpd_mean,3.0854,kPa,ok
2070596290,2016,8,31,rh_mean,24.2053,percent,ok
2070596290,2016,8,31,heat_index_max,84.3412,degF,ok
2070596290,2016,8,31,days_tmax_ge_35,16.339,days,ok
2070596290,2016,8,31,days_tmax_ge_40,0,days,ok
2070086160,2016,8,31,tmax_mean,35.1665,degC,ok
2070086160,2016,8,31,tmin_mean,20.6234,degC,ok
2070086160,2016,8,31,tmax_absolute,38.497,degC,ok
2070086160,2016,8,31,tmin_absolute,16.1461,degC,ok
2070086160,2016,8,31,vpd_mean,3.0885,kPa,ok
2070086160,2016,8,31,rh_mean,24.8383,percent,ok
2070086160,2016,8,31,heat_index_max,85.1175,degF,ok
2070086160,2016,8,31,days_tmax_ge_35,17.8581,days,ok
2070086160,2016,8,31,days_tmax_ge_40,0,days,ok
2070086180,2016,8,31,tmax_mean,34.4562,degC,ok
2070086180,2016,8,31,tmin_mean,20.8788,degC,ok
2070086180,2016,8,31,tmax_absolute,38.1075,degC,ok
2070086180,2016,8,31,tmin_absolute,15.451,degC,ok
2070086180,2016,8,31,vpd_mean,2.8287,kPa,ok
2070086180,2016,8,31,rh_mean,29.7191,percent,ok
2070086180,2016,8,31,heat_index_max,85.5599,degF,ok
2070086180,2016,8,31,days_tmax_ge_35,15.557,days,ok
2070086180,2016,8,31,days_tmax_ge_40,0,days,ok
2070086440,2016,8,31,tmax_mean,35.2725,degC,ok
2070086440,2016,8,31,tmin_mean,20.0544,degC,ok
2070086440,2016,8,31,tmax_absolute,38.6416,degC,ok
2070086440,2016,8,31,tmin_absolute,15.0591,degC,ok
2070086440,2016,8,31,vpd_mean,2.9764,kPa,ok
2070086440,2016,8,31,rh_mean,27.0034,percent,ok
2070086440,2016,8,31,heat_index_max,84.6117,degF,ok
2070086440,2016,8,31,days_tmax_ge_35,18.2463,days,ok
2070086440,2016,8,31,days_tmax_ge_40,0,days,ok
2070086580,2016,8,31,tmax_mean,34.4792,degC,ok
2070086580,2016,8,31,tmin_mean,20.4217,degC,ok
2070086580,2016,8,31,tmax_absolute,37.997,degC,ok
2070086580,2016,8,31,tmin_absolute,15.3119,degC,ok
2070086580,2016,8,31,vpd_mean,2.8076,kPa,ok
2070086580,2016,8,31,rh_mean,29.7257,percent,ok
2070086580,2016,8,31,heat_index_max,85.1352,degF,ok
2070086580,2016,8,31,days_tmax_ge_35,14.9177,days,ok
2070086580,2016,8,31,days_tmax_ge_40,0,days,ok
2070086960,2016,8,31,tmax_mean,35.4961,degC,ok
2070086960,2016,8,31,tmin_mean,20.9826,degC,ok
2070086960,2016,8,31,tmax_absolute,38.5815,degC,ok
2070086960,2016,8,31,tmin_absolute,16.0122,degC,ok
2070086960,2016,8,31,vpd_mean,3.0378,kPa,ok
2070086960,2016,8,31,rh_mean,27.3853,percent,ok
2070086960,2016,8,31,heat_index_max,85.5113,degF,ok
2070086960,2016,8,31,days_tmax_ge_35,20.1844,days,ok
2070086960,2016,8,31,days_tmax_ge_40,0,days,ok
2070087730,2016,8,31,tmax_mean,36.2518,degC,ok
2070087730,2016,8,31,tmin_mean,21.2253,degC,ok
2070087730,2016,8,31,tmax_absolute,39.126,degC,ok
2070087730,2016,8,31,tmin_absolute,15.6832,degC,ok
2070087730,2016,8,31,vpd_mean,3.0869,kPa,ok
2070087730,2016,8,31,rh_mean,28.6098,percent,ok
2070087730,2016,8,31,heat_index_max,86.7334,degF,ok
2070087730,2016,8,31,days_tmax_ge_35,24.3334,days,ok
2070087730,2016,8,31,days_tmax_ge_40,0,days,ok
2070087930,2016,8,31,tmax_mean,34.8647,degC,ok
2070087930,2016,8,31,tmin_mean,19.5649,degC,ok
2070087930,2016,8,31,tmax_absolute,38.218,degC,ok
2070087930,2016,8,31,tmin_absolute,14.9429,degC,ok
2070087930,2016,8,31,vpd_mean,2.9394,kPa,ok
2070087930,2016,8,31,rh_mean,26.2408,percent,ok
2070087930,2016,8,31,heat_index_max,84.0758,degF,ok
2070087930,2016,8,31,days_tmax_ge_35,14.9484,days,ok
2070087930,2016,8,31,days_tmax_ge_40,0,days,ok
2070088220,2016,8,31,tmax_mean,35.0933,degC,ok
2070088220,2016,8,31,tmin_mean,19.8824,degC,ok
2070088220,2016,8,31,tmax_absolute,38.5253,degC,ok
2070088220,2016,8,31,tmin_absolute,15.3376,degC,ok
2070088220,2016,8,31,vpd_mean,3.0359,kPa,ok
2070088220,2016,8,31,rh_mean,24.8565,percent,ok
2070088220,2016,8,31,heat_index_max,84.2681,degF,ok
2070088220,2016,8,31,days_tmax_ge_35,16.678,days,ok
2070088220,2016,8,31,days_tmax_ge_40,0,days,ok
2070088230,2016,8,31,tmax_mean,35.2834,degC,ok
2070088230,2016,8,31,tmin_mean,20.4341,degC,ok
2070088230,2016,8,31,tmax_absolute,38.8741,degC,ok
2070088230,2016,8,31,tmin_absolute,15.428,degC,ok
2070088230,2016,8,31,vpd_mean,2.8443,kPa,ok
2070088230,2016,8,31,rh_mean,30.8597,percent,ok
2070088230,2016,8,31,heat_index_max,85.5233,degF,ok
2070088230,2016,8,31,days_tmax_ge_35,19.285,days,ok
2070088230,2016,8,31,days_tmax_ge_40,0.0032,days,ok
2070088250,2016,8,31,tmax_mean,34.9445,degC,ok
2070088250,2016,8,31,tmin_mean,20.6862,degC,ok
2070088250,2016,8,31,tmax_absolute,38.4067,degC,ok
2070088250,2016,8,31,tmin_absolute,15.8144,degC,ok
2070088250,2016,8,31,vpd_mean,3.0097,kPa,ok
2070088250,2016,8,31,rh_mean,26.177,percent,ok
2070088250,2016,8,31,heat_index_max,84.5805,degF,ok
2070088250,2016,8,31,days_tmax_ge_35,17.6927,days,ok
2070088250,2016,8,31,days_tmax_ge_40,0,days,ok
2070088460,2016,8,31,tmax_mean,35.3342,degC,ok
2070088460,2016,8,31,tmin_mean,19.9298,degC,ok
2070088460,2016,8,31,tmax_absolute,38.7433,degC,ok
2070088460,2016,8,31,tmin_absolute,14.6534,degC,ok
2070088460,2016,8,31,vpd_mean,2.9326,kPa,ok
2070088460,2016,8,31,rh_mean,28.0835,percent,ok
2070088460,2016,8,31,heat_index_max,84.4489,degF,ok
2070088460,2016,8,31,days_tmax_ge_35,18.6908,days,ok
2070088460,2016,8,31,days_tmax_ge_40,0,days,ok
2070088620,2016,8,31,tmax_mean,34.6808,degC,ok
2070088620,2016,8,31,tmin_mean,19.6646,degC,ok
2070088620,2016,8,31,tmax_absolute,37.8906,degC,ok
2070088620,2016,8,31,tmin_absolute,14.8084,degC,ok
2070088620,2016,8,31,vpd_mean,2.9774,kPa,ok
2070088620,2016,8,31,rh_mean,24.7599,percent,ok
2070088620,2016,8,31,heat_index_max,83.6231,degF,ok
2070088620,2016,8,31,days_tmax_ge_35,14.0006,days,ok
2070088620,2016,8,31,days_tmax_ge_40,0,days,ok
2070089170,2016,8,31,tmax_mean,35.946,degC,ok
2070089170,2016,8,31,tmin_mean,21.1418,degC,ok
2070089170,2016,8,31,tmax_absolute,38.9991,degC,ok
2070089170,2016,8,31,tmin_absolute,15.1456,degC,ok
2070089170,2016,8,31,vpd_mean,2.8965,kPa,ok
2070089170,2016,8,31,rh_mean,32.1539,percent,ok
2070089170,2016,8,31,heat_index_max,87.0353,degF,ok
2070089170,2016,8,31,days_tmax_ge_35,23.4146,days,ok
2070089170,2016,8,31,days_tmax_ge_40,0.0016,days,ok
2070089220,2016,8,31,tmax_mean,34.699,degC,ok
2070089220,2016,8,31,tmin_mean,19.2197,degC,ok
2070089220,2016,8,31,tmax_absolute,37.8893,degC,ok
2070089220,2016,8,31,tmin_absolute,14.6501,degC,ok
2070089220,2016,8,31,vpd_mean,2.9087,kPa,ok
2070089220,2016,8,31,rh_mean,25.9958,percent,ok
2070089220,2016,8,31,heat_index_max,83.3111,degF,ok
2070089220,2016,8,31,days_tmax_ge_35,14.1238,days,ok
2070089220,2016,8,31,days_tmax_ge_40,0,days,ok
2070089400,2016,8,31,tmax_mean,34.7127,degC,ok
2070089400,2016,8,31,tmin_mean,19.2021,degC,ok
2070089400,2016,8,31,tmax_absolute,37.8734,degC,ok
2070089400,2016,8,31,tmin_absolute,14.4474,degC,ok
2070089400,2016,8,31,vpd_mean,2.8794,kPa,ok
2070089400,2016,8,31,rh_mean,26.7995,percent,ok
2070089400,2016,8,31,heat_index_max,83.5455,degF,ok
2070089400,2016,8,31,days_tmax_ge_35,14.008,days,ok
2070089400,2016,8,31,days_tmax_ge_40,0,days,ok
2070089770,2016,8,31,tmax_mean,35.0096,degC,ok
2070089770,2016,8,31,tmin_mean,19.6264,degC,ok
2070089770,2016,8,31,tmax_absolute,38.4405,degC,ok
2070089770,2016,8,31,tmin_absolute,15.1659,degC,ok
2070089770,2016,8,31,vpd_mean,2.9888,kPa,ok
2070089770,2016,8,31,rh_mean,25.4601,percent,ok
2070089770,2016,8,31,heat_index_max,84.0022,degF,ok
2070089770,2016,8,31,days_tmax_ge_35,15.3197,days,ok
2070089770,2016,8,31,days_tmax_ge_40,0,days,ok
2070090240,2016,8,31,tmax_mean,35.0775,degC,ok
2070090240,2016,8,31,tmin_mean,19.5656,degC,ok
2070090240,2016,8,31,tmax_absolute,38.3871,degC,ok
2070090240,2016,8,31,tmin_absolute,14.0944,degC,ok
2070090240,2016,8,31,vpd_mean,2.8443,kPa,ok
2070090240,2016,8,31,rh_mean,29.1086,percent,ok
2070090240,2016,8,31,heat_index_max,83.9786,degF,ok
2070090240,2016,8,31,days_tmax_ge_35,17.4035,days,ok
2070090240,2016,8,31,days_tmax_ge_40,0,days,ok
2070090810,2016,8,31,tmax_mean,35.1078,degC,ok
2070090810,2016,8,31,tmin_mean,19.6785,degC,ok
2070090810,2016,8,31,tmax_absolute,38.7057,degC,ok
2070090810,2016,8,31,tmin_absolute,14.5912,degC,ok
2070090810,2016,8,31,vpd_mean,2.8883,kPa,ok
2070090810,2016,8,31,rh_mean,28.1948,percent,ok
2070090810,2016,8,31,heat_index_max,84.4254,degF,ok
2070090810,2016,8,31,days_tmax_ge_35,17.102,days,ok
2070090810,2016,8,31,days_tmax_ge_40,0,days,ok
2070090950,2016,8,31,tmax_mean,34.8438,degC,ok
2070090950,2016,8,31,tmin_mean,19.3387,degC,ok
2070090950,2016,8,31,tmax_absolute,37.9712,degC,ok
2070090950,2016,8,31,tmin_absolute,14.4188,degC,ok
2070090950,2016,8,31,vpd_mean,2.8775,kPa,ok
2070090950,2016,8,31,rh_mean,27.4088,percent,ok
2070090950,2016,8,31,heat_index_max,83.6592,degF,ok
2070090950,2016,8,31,days_tmax_ge_35,14.5768,days,ok
2070090950,2016,8,31,days_tmax_ge_40,0,days,ok
2070091930,2016,8,31,tmax_mean,34.6517,degC,ok
2070091930,2016,8,31,tmin_mean,19.2861,degC,ok
2070091930,2016,8,31,tmax_absolute,37.8364,degC,ok
2070091930,2016,8,31,tmin_absolute,14.4543,degC,ok
2070091930,2016,8,31,vpd_mean,2.9035,kPa,ok
2070091930,2016,8,31,rh_mean,26.0667,percent,ok
2070091930,2016,8,31,heat_index_max,83.2223,degF,ok
2070091930,2016,8,31,days_tmax_ge_35,14,days,ok
2070091930,2016,8,31,days_tmax_ge_40,0,days,ok
2070092180,2016,8,31,tmax_mean,36.1181,degC,ok
2070092180,2016,8,31,tmin_mean,21.4877,degC,ok
2070092180,2016,8,31,tmax_absolute,39.8456,degC,ok
2070092180,2016,8,31,tmin_absolute,16.7095,degC,ok
2070092180,2016,8,31,vpd_mean,3.0083,kPa,ok
2070092180,2016,8,31,rh_mean,30.481,percent,ok
2070092180,2016,8,31,heat_index_max,87.6816,degF,ok
2070092180,2016,8,31,days_tmax_ge_35,23.8549,days,ok
2070092180,2016,8,31,days_tmax_ge_40,0.2963,days,ok
2070093260,2016,8,31,tmax_mean,35.693,degC,ok
2070093260,2016,8,31,tmin_mean,20.1346,degC,ok
2070093260,2016,8,31,tmax_absolute,38.9767,degC,ok
2070093260,2016,8,31,tmin_absolute,14.7505,degC,ok
2070093260,2016,8,31,vpd_mean,2.886,kPa,ok
2070093260,2016,8,31,rh_mean,30.4353,percent,ok
2070093260,2016,8,31,heat_index_max,85.0562,degF,ok
2070093260,2016,8,31,days_tmax_ge_35,22.4062,days,ok
2070093260,2016,8,31,days_tmax_ge_40,0,days,ok
2070097270,2016,8,31,tmax_mean,35.389,degC,ok
2070097270,2016,8,31,tmin_mean,20.3311,degC,ok
2070097270,2016,8,31,tmax_absolute,38.7175,degC,ok
2070097270,2016,8,31,tmin_absolute,15.4906,degC,ok
2070097270,2016,8,31,vpd_mean,3.0586,kPa,ok
2070097270,2016,8,31,rh_mean,25.6674,percent,ok
2070097270,2016,8,31,heat_index_max,84.7146,degF,ok
2070097270,2016,8,31,days_tmax_ge_35,19.0908,days,ok
2070097270,2016,8,31,days_tmax_ge_40,0,days,ok
4070050220,2016,8,31,tmax_mean,33.8007,degC,ok
4070050220,2016,8,31,tmin_mean,29.0721,degC,ok
4070050220,2016,8,31,tmax_absolute,37.1201,degC,ok
4070050220,2016,8,31,tmin_absolute,22.5363,degC,ok
4070050220,2016,8,31,vpd_mean,2.5829,kPa,ok
4070050220,2016,8,31,rh_mean,44.8276,percent,ok
4070050220,2016,8,31,heat_index_max,101.0964,degF,ok
4070050220,2016,8,31,days_tmax_ge_35,10,days,ok
4070050220,2016,8,31,days_tmax_ge_40,0,days,ok
4070273960,2016,8,31,tmax_mean,33.8007,degC,ok
4070273960,2016,8,31,tmin_mean,29.0721,degC,ok
4070273960,2016,8,31,tmax_absolute,37.1201,degC,ok
4070273960,2016,8,31,tmin_absolute,22.5363,degC,ok
4070273960,2016,8,31,vpd_mean,2.5829,kPa,ok
4070273960,2016,8,31,rh_mean,44.8276,percent,ok
4070273960,2016,8,31,heat_index_max,101.0964,degF,ok
4070273960,2016,8,31,days_tmax_ge_35,10,days,ok
4070273960,2016,8,31,days_tmax_ge_40,0,days,ok
4070274290,2016,8,31,tmax_mean,33.8219,degC,ok
4070274290,2016,8,31,tmin_mean,29.9773,degC,ok
4070274290,2016,8,31,tmax_absolute,36.8586,degC,ok
4070274290,2016,8,31,tmin_absolute,23.8855,degC,ok
4070274290,2016,8,31,vpd_mean,2.6287,kPa,ok
4070274290,2016,8,31,rh_mean,45.1202,percent,ok
4070274290,2016,8,31,heat_index_max,100.7587,degF,ok
4070274290,2016,8,31,days_tmax_ge_35,9.0951,days,ok
4070274290,2016,8,31,days_tmax_ge_40,0,days,ok
4070274280,2016,8,31,tmax_mean,33.3636,degC,ok
4070274280,2016,8,31,tmin_mean,26.3263,degC,ok
4070274280,2016,8,31,tmax_absolute,36.8445,degC,ok
4070274280,2016,8,31,tmin_absolute,19.9659,degC,ok
4070274280,2016,8,31,vpd_mean,2.4301,kPa,ok
4070274280,2016,8,31,rh_mean,43.9377,percent,ok
4070274280,2016,8,31,heat_index_max,95.2301,degF,ok
4070274280,2016,8,31,days_tmax_ge_35,7.6258,days,ok
4070274280,2016,8,31,days_tmax_ge_40,0,days,ok
4070274300,2016,8,31,tmax_mean,33.6543,degC,ok
4070274300,2016,8,31,tmin_mean,29.1893,degC,ok
4070274300,2016,8,31,tmax_absolute,36.9272,degC,ok
4070274300,2016,8,31,tmin_absolute,22.6993,degC,ok
4070274300,2016,8,31,vpd_mean,2.5343,kPa,ok
4070274300,2016,8,31,rh_mean,45.7473,percent,ok
4070274300,2016,8,31,heat_index_max,101.4062,degF,ok
4070274300,2016,8,31,days_tmax_ge_35,9.6279,days,ok
4070274300,2016,8,31,days_tmax_ge_40,0,days,ok
4070273970,2016,8,31,tmax_mean,33.8443,degC,ok
4070273970,2016,8,31,tmin_mean,22.3077,degC,ok
4070273970,2016,8,31,tmax_absolute,37.7003,degC,ok
4070273970,2016,8,31,tmin_absolute,15.6061,degC,ok
4070273970,2016,8,31,vpd_mean,2.665,kPa,ok
4070273970,2016,8,31,rh_mean,33.9711,percent,ok
4070273970,2016,8,31,heat_index_max,88.1198,degF,ok
4070273970,2016,8,31,days_tmax_ge_35,10.8958,days,ok
4070273970,2016,8,31,days_tmax_ge_40,0,days,ok
4070273830,2016,8,31,tmax_mean,33.865,degC,ok
4070273830,2016,8,31,tmin_mean,21.9257,degC,ok
4070273830,2016,8,31,tmax_absolute,37.642,degC,ok
4070273830,2016,8,31,tmin_absolute,15.1818,degC,ok
4070273830,2016,8,31,vpd_mean,2.6415,kPa,ok
4070273830,2016,8,31,rh_mean,34.1066,percent,ok
4070273830,2016,8,31,heat_index_max,87.1106,degF,ok
4070273830,2016,8,31,days_tmax_ge_35,11.6276,days,ok
4070273830,2016,8,31,days_tmax_ge_40,0,days,ok
4070273700,2016,8,31,tmax_mean,33.2797,degC,ok
4070273700,2016,8,31,tmin_mean,26.9512,degC,ok
4070273700,2016,8,31,tmax_absolute,36.5435,degC,ok
4070273700,2016,8,31,tmin_absolute,20.3465,degC,ok
4070273700,2016,8,31,vpd_mean,2.4635,kPa,ok
4070273700,2016,8,31,rh_mean,43.7282,percent,ok
4070273700,2016,8,31,heat_index_max,95.7759,degF,ok
4070273700,2016,8,31,days_tmax_ge_35,7.4576,days,ok
4070273700,2016,8,31,days_tmax_ge_40,0,days,ok
4070276370,2016,8,31,tmax_mean,33.624,degC,ok
4070276370,2016,8,31,tmin_mean,27.8779,degC,ok
4070276370,2016,8,31,tmax_absolute,37.1278,degC,ok
4070276370,2016,8,31,tmin_absolute,21.4708,degC,ok
4070276370,2016,8,31,vpd_mean,2.6157,kPa,ok
4070276370,2016,8,31,rh_mean,42.0946,percent,ok
4070276370,2016,8,31,heat_index_max,97.1242,degF,ok
4070276370,2016,8,31,days_tmax_ge_35,8.1758,days,ok
4070276370,2016,8,31,days_tmax_ge_40,0,days,ok
4070276550,2016,8,31,tmax_mean,34.7915,degC,ok
4070276550,2016,8,31,tmin_mean,23.3805,degC,ok
4070276550,2016,8,31,tmax_absolute,37.8544,degC,ok
4070276550,2016,8,31,tmin_absolute,17.7394,degC,ok
4070276550,2016,8,31,vpd_mean,2.8365,kPa,ok
4070276550,2016,8,31,rh_mean,33.666,percent,ok
4070276550,2016,8,31,heat_index_max,89.4343,degF,ok
4070276550,2016,8,31,days_tmax_ge_35,15.8066,days,ok
4070276550,2016,8,31,days_tmax_ge_40,0,days,ok
4070281940,2016,8,31,tmax_mean,33.7183,degC,ok
4070281940,2016,8,31,tmin_mean,25.3287,degC,ok
4070281940,2016,8,31,tmax_absolute,37.1838,degC,ok
4070281940,2016,8,31,tmin_absolute,19.7645,degC,ok
4070281940,2016,8,31,vpd_mean,2.4282,kPa,ok
4070281940,2016,8,31,rh_mean,43.5036,percent,ok
4070281940,2016,8,31,heat_index_max,93.3239,degF,ok
4070281940,2016,8,31,days_tmax_ge_35,9.8032,days,ok
4070281940,2016,8,31,days_tmax_ge_40,0,days,ok
4070282100,2016,8,31,tmax_mean,33.995,degC,ok
4070282100,2016,8,31,tmin_mean,29.9155,degC,ok
4070282100,2016,8,31,tmax_absolute,37.365,degC,ok
4070282100,2016,8,31,tmin_absolute,24.0065,degC,ok
4070282100,2016,8,31,vpd_mean,2.633,kPa,ok
4070282100,2016,8,31,rh_mean,45.3484,percent,ok
4070282100,2016,8,31,heat_index_max,101.6414,degF,ok
4070282100,2016,8,31,days_tmax_ge_35,12.0136,days,ok
4070282100,2016,8,31,days_tmax_ge_40,0,days,ok
4070255700,2016,8,31,tmax_mean,33.6047,degC,ok
4070255700,2016,8,31,tmin_mean,24.9999,degC,ok
4070255700,2016,8,31,tmax_absolute,36.5802,degC,ok
4070255700,2016,8,31,tmin_absolute,18.8032,degC,ok
4070255700,2016,8,31,vpd_mean,2.5997,kPa,ok
4070255700,2016,8,31,rh_mean,38.6277,percent,ok
4070255700,2016,8,31,heat_index_max,90.9309,degF,ok
4070255700,2016,8,31,days_tmax_ge_35,9.0716,days,ok
4070255700,2016,8,31,days_tmax_ge_40,0,days,ok
4070281950,2016,8,31,tmax_mean,34.8264,degC,ok
4070281950,2016,8,31,tmin_mean,20.9396,degC,ok
4070281950,2016,8,31,tmax_absolute,38.3287,degC,ok
4070281950,2016,8,31,tmin_absolute,14.9135,degC,ok
4070281950,2016,8,31,vpd_mean,2.9089,kPa,ok
4070281950,2016,8,31,rh_mean,28.7173,percent,ok
4070281950,2016,8,31,heat_index_max,85.5807,degF,ok
4070281950,2016,8,31,days_tmax_ge_35,16.9786,days,ok
4070281950,2016,8,31,days_tmax_ge_40,0,days,ok
4070300160,2016,8,31,tmax_mean,35.9372,degC,ok
4070300160,2016,8,31,tmin_mean,21.6915,degC,ok
4070300160,2016,8,31,tmax_absolute,38.9603,degC,ok
4070300160,2016,8,31,tmin_absolute,16.7749,degC,ok
4070300160,2016,8,31,vpd_mean,3.0143,kPa,ok
4070300160,2016,8,31,rh_mean,30.1208,percent,ok
4070300160,2016,8,31,heat_index_max,87.1588,degF,ok
4070300160,2016,8,31,days_tmax_ge_35,22.3002,days,ok
4070300160,2016,8,31,days_tmax_ge_40,0.1337,days,ok
4070300360,2016,8,31,tmax_mean,35.8469,degC,ok
4070300360,2016,8,31,tmin_mean,21.653,degC,ok
4070300360,2016,8,31,tmax_absolute,38.9835,degC,ok
4070300360,2016,8,31,tmin_absolute,16.9326,degC,ok
4070300360,2016,8,31,vpd_mean,2.9018,kPa,ok
4070300360,2016,8,31,rh_mean,32.3759,percent,ok
4070300360,2016,8,31,heat_index_max,87.2071,degF,ok
4070300360,2016,8,31,days_tmax_ge_35,22.3739,days,ok
4070300360,2016,8,31,days_tmax_ge_40,0.0595,days,ok
4070307360,2016,8,31,tmax_mean,34.6997,degC,ok
4070307360,2016,8,31,tmin_mean,24.202,degC,ok
4070307360,2016,8,31,tmax_absolute,37.9382,degC,ok
4070307360,2016,8,31,tmin_absolute,19.069,degC,ok
4070307360,2016,8,31,vpd_mean,2.6548,kPa,ok
4070307360,2016,8,31,rh_mean,38.8095,percent,ok
4070307360,2016,8,31,heat_index_max,90.5757,degF,ok
4070307360,2016,8,31,days_tmax_ge_35,15.5996,days,ok
4070307360,2016,8,31,days_tmax_ge_40,0,days,ok
4070307540,2016,8,31,tmax_mean,34.4106,degC,ok
4070307540,2016,8,31,tmin_mean,26.3161,degC,ok
4070307540,2016,8,31,tmax_absolute,37.514,degC,ok
4070307540,2016,8,31,tmin_absolute,21.0497,degC,ok
4070307540,2016,8,31,vpd_mean,2.6088,kPa,ok
4070307540,2016,8,31,rh_mean,41.9788,percent,ok
4070307540,2016,8,31,heat_index_max,93.8876,degF,ok
4070307540,2016,8,31,days_tmax_ge_35,14.2192,days,ok
4070307540,2016,8,31,days_tmax_ge_40,0,days,ok
4070320900,2016,8,31,tmax_mean,36.3547,degC,ok
4070320900,2016,8,31,tmin_mean,21.057,degC,ok
4070320900,2016,8,31,tmax_absolute,39.5455,degC,ok
4070320900,2016,8,31,tmin_absolute,16.5164,degC,ok
4070320900,2016,8,31,vpd_mean,2.9421,kPa,ok
4070320900,2016,8,31,rh_mean,31.9967,percent,ok
4070320900,2016,8,31,heat_index_max,86.9897,degF,ok
4070320900,2016,8,31,days_tmax_ge_35,24.4289,days,ok
4070320900,2016,8,31,days_tmax_ge_40,0.3312,days,ok
4070320910,2016,8,31,tmax_mean,35.7128,degC,ok
4070320910,2016,8,31,tmin_mean,21.1753,degC,ok
4070320910,2016,8,31,tmax_absolute,39.1703,degC,ok
4070320910,2016,8,31,tmin_absolute,16.5581,degC,ok
4070320910,2016,8,31,vpd_mean,2.8226,kPa,ok
4070320910,2016,8,31,rh_mean,33.3054,percent,ok
4070320910,2016,8,31,heat_index_max,86.7286,degF,ok
4070320910,2016,8,31,days_tmax_ge_35,21.9965,days,ok
4070320910,2016,8,31,days_tmax_ge_40,0,days,ok
4070319630,2016,8,31,tmax_mean,35.6101,degC,ok
4070319630,2016,8,31,tmin_mean,21.0375,degC,ok
4070319630,2016,8,31,tmax_absolute,38.7018,degC,ok
4070319630,2016,8,31,tmin_absolute,15.0896,degC,ok
4070319630,2016,8,31,vpd_mean,3.1137,kPa,ok
4070319630,2016,8,31,rh_mean,26.0808,percent,ok
4070319630,2016,8,31,heat_index_max,85.6174,degF,ok
4070319630,2016,8,31,days_tmax_ge_35,21.4645,days,ok
4070319630,2016,8,31,days_tmax_ge_40,0,days,ok
4070319830,2016,8,31,tmax_mean,36.1203,degC,ok
4070319830,2016,8,31,tmin_mean,21.3401,degC,ok
4070319830,2016,8,31,tmax_absolute,39.0808,degC,ok
4070319830,2016,8,31,tmin_absolute,16.0856,degC,ok
4070319830,2016,8,31,vpd_mean,3.1974,kPa,ok
4070319830,2016,8,31,rh_mean,25.9603,percent,ok
4070319830,2016,8,31,heat_index_max,86.6164,degF,ok
4070319830,2016,8,31,days_tmax_ge_35,23.7616,days,ok
4070319830,2016,8,31,days_tmax_ge_40,0,days,ok
4070270580,2016,8,31,tmax_mean,34.308,degC,ok
4070270580,2016,8,31,tmin_mean,23.9003,degC,ok
4070270580,2016,8,31,tmax_absolute,37.8242,degC,ok
4070270580,2016,8,31,tmin_absolute,18.5741,degC,ok
4070270580,2016,8,31,vpd_mean,2.562,kPa,ok
4070270580,2016,8,31,rh_mean,39.8913,percent,ok
4070270580,2016,8,31,heat_index_max,90.8262,degF,ok
4070270580,2016,8,31,days_tmax_ge_35,13.4268,days,ok
4070270580,2016,8,31,days_tmax_ge_40,0,days,ok
4070270590,2016,8,31,tmax_mean,33.68,degC,ok
4070270590,2016,8,31,tmin_mean,24.5155,degC,ok
4070270590,2016,8,31,tmax_absolute,36.924,degC,ok
4070270590,2016,8,31,tmin_absolute,18.3252,degC,ok
4070270590,2016,8,31,vpd_mean,2.4965,kPa,ok
4070270590,2016,8,31,rh_mean,40.7079,percent,ok
4070270590,2016,8,31,heat_index_max,91.0379,degF,ok
4070270590,2016,8,31,days_tmax_ge_35,9.8566,days,ok
4070270590,2016,8,31,days_tmax_ge_40,0,days,ok
4070346110,2016,8,31,tmax_mean,36.4724,degC,ok
4070346110,2016,8,31,tmin_mean,21.6246,degC,ok
4070346110,2016,8,31,tmax_absolute,39.4904,degC,ok
4070346110,2016,8,31,tmin_absolute,16.5122,degC,ok
4070346110,2016,8,31,vpd_mean,3.2567,kPa,ok
4070346110,2016,8,31,rh_mean,25.9325,percent,ok
4070346110,2016,8,31,heat_index_max,87.2839,degF,ok
4070346110,2016,8,31,days_tmax_ge_35,24.9431,days,ok
4070346110,2016,8,31,days_tmax_ge_40,0,days,ok
4070346270,2016,8,31,tmax_mean,36.4851,degC,ok
4070346270,2016,8,31,tmin_mean,21.3063,degC,ok
4070346270,2016,8,31,tmax_absolute,39.5187,degC,ok
4070346270,2016,8,31,tmin_absolute,16.4263,degC,ok
4070346270,2016,8,31,vpd_mean,3.1858,kPa,ok
4070346270,2016,8,31,rh_mean,27.1324,percent,ok
4070346270,2016,8,31,heat_index_max,86.6299,degF,ok
4070346270,2016,8,31,days_tmax_ge_35,24.9325,days,ok
4070346270,2016,8,31,days_tmax_ge_40,0,days,ok
4070326690,2016,8,31,tmax_mean,35.7153,degC,ok
4070326690,2016,8,31,tmin_mean,21.3432,degC,ok
4070326690,2016,8,31,tmax_absolute,38.7462,degC,ok
4070326690,2016,8,31,tmin_absolute,16.1877,degC,ok
4070326690,2016,8,31,vpd_mean,3.1471,kPa,ok
4070326690,2016,8,31,rh_mean,25.9012,percent,ok
4070326690,2016,8,31,heat_index_max,86.1623,degF,ok
4070326690,2016,8,31,days_tmax_ge_35,23.0581,days,ok
4070326690,2016,8,31,days_tmax_ge_40,0,days,ok
4070326790,2016,8,31,tmax_mean,36.2774,degC,ok
4070326790,2016,8,31,tmin_mean,21.7329,degC,ok
4070326790,2016,8,31,tmax_absolute,39.1668,degC,ok
4070326790,2016,8,31,tmin_absolute,17.3101,degC,ok
4070326790,2016,8,31,vpd_mean,3.2336,kPa,ok
4070326790,2016,8,31,rh_mean,25.9565,percent,ok
4070326790,2016,8,31,heat_index_max,87.2182,degF,ok
4070326790,2016,8,31,days_tmax_ge_35,23.766,days,ok
4070326790,2016,8,31,days_tmax_ge_40,0,days,ok
4070328420,2016,8,31,tmax_mean,36.0737,degC,ok
4070328420,2016,8,31,tmin_mean,20.5168,degC,ok
4070328420,2016,8,31,tmax_absolute,39.2364,degC,ok
4070328420,2016,8,31,tmin_absolute,15.7783,degC,ok
4070328420,2016,8,31,vpd_mean,2.8258,kPa,ok
4070328420,2016,8,31,rh_mean,33.2824,percent,ok
4070328420,2016,8,31,heat_index_max,86.2239,degF,ok
4070328420,2016,8,31,days_tmax_ge_35,23.9145,days,ok
4070328420,2016,8,31,days_tmax_ge_40,0.0427,days,ok
4070328430,2016,8,31,tmax_mean,36.0569,degC,ok
4070328430,2016,8,31,tmin_mean,20.5951,degC,ok
4070328430,2016,8,31,tmax_absolute,39.2897,degC,ok
4070328430,2016,8,31,tmin_absolute,16.017,degC,ok
4070328430,2016,8,31,vpd_mean,2.8311,kPa,ok
4070328430,2016,8,31,rh_mean,33.2271,percent,ok
4070328430,2016,8,31,heat_index_max,86.3457,degF,ok
4070328430,2016,8,31,days_tmax_ge_35,24.1372,days,ok
4070328430,2016,8,31,days_tmax_ge_40,0,days,ok
4070372250,2016,8,31,tmax_mean,36.5621,degC,ok
4070372250,2016,8,31,tmin_mean,21.8498,degC,ok
4070372250,2016,8,31,tmax_absolute,39.3994,degC,ok
4070372250,2016,8,31,tmin_absolute,17.3659,degC,ok
4070372250,2016,8,31,vpd_mean,3.2716,kPa,ok
4070372250,2016,8,31,rh_mean,26.0072,percent,ok
4070372250,2016,8,31,heat_index_max,87.6441,degF,ok
4070372250,2016,8,31,days_tmax_ge_35,25.5041,days,ok
4070372250,2016,8,31,days_tmax_ge_40,0,days,ok
4070372330,2016,8,31,tmax_mean,36.7337,degC,ok
4070372330,2016,8,31,tmin_mean,21.8781,degC,ok
4070372330,2016,8,31,tmax_absolute,39.7537,degC,ok
4070372330,2016,8,31,tmin_absolute,17.2187,degC,ok
4070372330,2016,8,31,vpd_mean,3.2949,kPa,ok
4070372330,2016,8,31,rh_mean,26.007,percent,ok
4070372330,2016,8,31,heat_index_max,87.6927,degF,ok
4070372330,2016,8,31,days_tmax_ge_35,25.2667,days,ok
4070372330,2016,8,31,days_tmax_ge_40,0.0743,days,ok
4070383920,2016,8,31,tmax_mean,36.6905,degC,ok
4070383920,2016,8,31,tmin_mean,21.22,degC,ok
4070383920,2016,8,31,tmax_absolute,39.855,degC,ok
4070383920,2016,8,31,tmin_absolute,16.8587,degC,ok
4070383920,2016,8,31,vpd_mean,3.2122,kPa,ok
4070383920,2016,8,31,rh_mean,26.8492,percent,ok
4070383920,2016,8,31,heat_index_max,86.8184,degF,ok
4070383920,2016,8,31,days_tmax_ge_35,25.1846,days,ok
4070383920,2016,8,31,days_tmax_ge_40,0.3438,days,ok
4070383990,2016,8,31,tmax_mean,37.0025,degC,ok
4070383990,2016,8,31,tmin_mean,21.51,degC,ok
4070383990,2016,8,31,tmax_absolute,40.1041,degC,ok
4070383990,2016,8,31,tmin_absolute,17.2955,degC,ok
4070383990,2016,8,31,vpd_mean,3.2387,kPa,ok
4070383990,2016,8,31,rh_mean,27.4307,percent,ok
4070383990,2016,8,31,heat_index_max,87.5339,degF,ok
4070383990,2016,8,31,days_tmax_ge_35,26.695,days,ok
4070383990,2016,8,31,days_tmax_ge_40,0.7988,days,ok
4070384700,2016,8,31,tmax_mean,36.8397,degC,ok
4070384700,2016,8,31,tmin_mean,21.8949,degC,ok
4070384700,2016,8,31,tmax_absolute,39.8758,degC,ok
4070384700,2016,8,31,tmin_absolute,17.1284,degC,ok
4070384700,2016,8,31,vpd_mean,3.2992,kPa,ok
4070384700,2016,8,31,rh_mean,26.1954,percent,ok
4070384700,2016,8,31,heat_index_max,87.8831,degF,ok
4070384700,2016,8,31,days_tmax_ge_35,26.0894,days,ok
4070384700,2016,8,31,days_tmax_ge_40,0.2132,days,ok
4070384780,2016,8,31,tmax_mean,36.6255,degC,ok
4070384780,2016,8,31,tmin_mean,21.8319,degC,ok
4070384780,2016,8,31,tmax_absolute,39.4531,degC,ok
4070384780,2016,8,31,tmin_absolute,17.2172,degC,ok
4070384780,2016,8,31,vpd_mean,3.2761,kPa,ok
4070384780,2016,8,31,rh_mean,26.0264,percent,ok
4070384780,2016,8,31,heat_index_max,87.6496,degF,ok
4070384780,2016,8,31,days_tmax_ge_35,25.9962,days,ok
4070384780,2016,8,31,days_tmax_ge_40,0,days,ok
4070410530,2016,8,31,tmax_mean,36.7248,degC,ok
4070410530,2016,8,31,tmin_mean,21.7092,degC,ok
4070410530,2016,8,31,tmax_absolute,39.7717,degC,ok
4070410530,2016,8,31,tmin_absolute,17.019,degC,ok
4070410530,2016,8,31,vpd_mean,3.1986,kPa,ok
4070410530,2016,8,31,rh_mean,27.8534,percent,ok
4070410530,2016,8,31,heat_index_max,87.618,degF,ok
4070410530,2016,8,31,days_tmax_ge_35,26.8652,days,ok
4070410530,2016,8,31,days_tmax_ge_40,0.0801,days,ok
4070410400,2016,8,31,tmax_mean,36.8663,degC,ok
4070410400,2016,8,31,tmin_mean,21.6469,degC,ok
4070410400,2016,8,31,tmax_absolute,39.8549,degC,ok
4070410400,2016,8,31,tmin_absolute,16.8728,degC,ok
4070410400,2016,8,31,vpd_mean,3.2876,kPa,ok
4070410400,2016,8,31,rh_mean,26.1624,percent,ok
4070410400,2016,8,31,heat_index_max,87.6007,degF,ok
4070410400,2016,8,31,days_tmax_ge_35,27.1362,days,ok
4070410400,2016,8,31,days_tmax_ge_40,0.2297,days,ok
4070441530,2016,8,31,tmax_mean,37.1518,degC,ok
4070441530,2016,8,31,tmin_mean,21.237,degC,ok
4070441530,2016,8,31,tmax_absolute,40.0169,degC,ok
4070441530,2016,8,31,tmin_absolute,16.13,degC,ok
4070441530,2016,8,31,vpd_mean,3.373,kPa,ok
4070441530,2016,8,31,rh_mean,24.4527,percent,ok
4070441530,2016,8,31,heat_index_max,87.0955,degF,ok
4070441530,2016,8,31,days_tmax_ge_35,27.9863,days,ok
4070441530,2016,8,31,days_tmax_ge_40,0.5932,days,ok
4070441780,2016,8,31,tmax_mean,37.4077,degC,ok
4070441780,2016,8,31,tmin_mean,21.8088,degC,ok
4070441780,2016,8,31,tmax_absolute,40.4278,degC,ok
4070441780,2016,8,31,tmin_absolute,16.6932,degC,ok
4070441780,2016,8,31,vpd_mean,3.4623,kPa,ok
4070441780,2016,8,31,rh_mean,23.9713,percent,ok
4070441780,2016,8,31,heat_index_max,87.4935,degF,ok
4070441780,2016,8,31,days_tmax_ge_35,28.0049,days,ok
4070441780,2016,8,31,days_tmax_ge_40,1.3523,days,ok
4070469510,2016,8,31,tmax_mean,37.4672,degC,ok
4070469510,2016,8,31,tmin_mean,21.4695,degC,ok
4070469510,2016,8,31,tmax_absolute,40.4072,degC,ok
4070469510,2016,8,31,tmin_absolute,16.4284,degC,ok
4070469510,2016,8,31,vpd_mean,3.4791,kPa,ok
4070469510,2016,8,31,rh_mean,23.3345,percent,ok
4070469510,2016,8,31,heat_index_max,87.3249,degF,ok
4070469510,2016,8,31,days_tmax_ge_35,28.0094,days,ok
4070469510,2016,8,31,days_tmax_ge_40,1.3487,days,ok
4070469270,2016,8,31,tmax_mean,37.182,degC,ok
4070469270,2016,8,31,tmin_mean,21.099,degC,ok
4070469270,2016,8,31,tmax_absolute,40.0365,degC,ok
4070469270,2016,8,31,tmin_absolute,15.959,degC,ok
4070469270,2016,8,31,vpd_mean,3.3909,kPa,ok
4070469270,2016,8,31,rh_mean,23.9729,percent,ok
4070469270,2016,8,31,heat_index_max,86.9755,degF,ok
4070469270,2016,8,31,days_tmax_ge_35,27.9393,days,ok
4070469270,2016,8,31,days_tmax_ge_40,0.6448,days,ok
4070484700,2016,8,31,tmax_mean,37.5903,degC,ok
4070484700,2016,8,31,tmin_mean,22.2552,degC,ok
4070484700,2016,8,31,tmax_absolute,40.3129,degC,ok
4070484700,2016,8,31,tmin_absolute,17.7029,degC,ok
4070484700,2016,8,31,vpd_mean,3.4854,kPa,ok
4070484700,2016,8,31,rh_mean,24.6827,percent,ok
4070484700,2016,8,31,heat_index_max,87.8001,degF,ok
4070484700,2016,8,31,days_tmax_ge_35,28,days,ok
4070484700,2016,8,31,days_tmax_ge_40,1.7527,days,ok
4070480960,2016,8,31,tmax_mean,37.3859,degC,ok
4070480960,2016,8,31,tmin_mean,22.0123,degC,ok
4070480960,2016,8,31,tmax_absolute,40.2443,degC,ok
4070480960,2016,8,31,tmin_absolute,17.6032,degC,ok
4070480960,2016,8,31,vpd_mean,3.5059,kPa,ok
4070480960,2016,8,31,rh_mean,23.2504,percent,ok
4070480960,2016,8,31,heat_index_max,87.0363,degF,ok
4070480960,2016,8,31,days_tmax_ge_35,28,days,ok
4070480960,2016,8,31,days_tmax_ge_40,1.1069,days,ok
4070481170,2016,8,31,tmax_mean,37.4333,degC,ok
4070481170,2016,8,31,tmin_mean,21.3518,degC,ok
4070481170,2016,8,31,tmax_absolute,40.3392,degC,ok
4070481170,2016,8,31,tmin_absolute,17.5314,degC,ok
4070481170,2016,8,31,vpd_mean,3.3917,kPa,ok
4070481170,2016,8,31,rh_mean,25.0719,percent,ok
4070481170,2016,8,31,heat_index_max,86.3165,degF,ok
4070481170,2016,8,31,days_tmax_ge_35,28.1477,days,ok
4070481170,2016,8,31,days_tmax_ge_40,1.6263,days,ok
4070470980,2016,8,31,tmax_mean,37.1998,degC,ok
4070470980,2016,8,31,tmin_mean,21.6493,degC,ok
4070470980,2016,8,31,tmax_absolute,39.9881,degC,ok
4070470980,2016,8,31,tmin_absolute,17.1835,degC,ok
4070470980,2016,8,31,vpd_mean,3.4464,kPa,ok
4070470980,2016,8,31,rh_mean,23.5093,percent,ok
4070470980,2016,8,31,heat_index_max,86.7938,degF,ok
4070470980,2016,8,31,days_tmax_ge_35,28,days,ok
4070470980,2016,8,31,days_tmax_ge_40,0.4385,days,ok
4070470930,2016,8,31,tmax_mean,35.6871,degC,ok
4070470930,2016,8,31,tmin_mean,20.0645,degC,ok
4070470930,2016,8,31,tmax_absolute,38.4617,degC,ok
4070470930,2016,8,31,tmin_absolute,16.5089,degC,ok
4070470930,2016,8,31,vpd_mean,2.9767,kPa,ok
4070470930,2016,8,31,rh_mean,28.3658,percent,ok
4070470930,2016,8,31,heat_index_max,85.0002,degF,ok
4070470930,2016,8,31,days_tmax_ge_35,20.4564,days,ok
4070470930,2016,8,31,days_tmax_ge_40,0.0016,days,ok
4070470300,2016,8,31,tmax_mean,37.64,degC,ok
4070470300,2016,8,31,tmin_mean,22.6976,degC,ok
4070470300,2016,8,31,tmax_absolute,40.034,degC,ok
4070470300,2016,8,31,tmin_absolute,19.0446,degC,ok
4070470300,2016,8,31,vpd_mean,3.5171,kPa,ok
4070470300,2016,8,31,rh_mean,24.6781,percent,ok
4070470300,2016,8,31,heat_index_max,88.0501,degF,ok
4070470300,2016,8,31,days_tmax_ge_35,28,days,ok
4070470300,2016,8,31,days_tmax_ge_40,0.7179,days,ok
4070470610,2016,8,31,tmax_mean,37.3314,degC,ok
4070470610,2016,8,31,tmin_mean,21.3343,degC,ok
4070470610,2016,8,31,tmax_absolute,40.0802,degC,ok
4070470610,2016,8,31,tmin_absolute,17.7144,degC,ok
4070470610,2016,8,31,vpd_mean,3.3943,kPa,ok
4070470610,2016,8,31,rh_mean,24.6751,percent,ok
4070470610,2016,8,31,heat_index_max,86.0813,degF,ok
4070470610,2016,8,31,days_tmax_ge_35,27.7525,days,ok
4070470610,2016,8,31,days_tmax_ge_40,0.7331,days,ok
4070468830,2016,8,31,tmax_mean,37.1677,degC,ok
4070468830,2016,8,31,tmin_mean,20.7656,degC,ok
4070468830,2016,8,31,tmax_absolute,40.1545,degC,ok
4070468830,2016,8,31,tmin_absolute,17.2076,degC,ok
4070468830,2016,8,31,vpd_mean,3.2484,kPa,ok
4070468830,2016,8,31,rh_mean,26.8079,percent,ok
4070468830,2016,8,31,heat_index_max,85.7235,degF,ok
4070468830,2016,8,31,days_tmax_ge_35,27.0465,days,ok
4070468830,2016,8,31,days_tmax_ge_40,1.0447,days,ok
4070468680,2016,8,31,tmax_mean,36.5553,degC,ok
4070468680,2016,8,31,tmin_mean,20.8933,degC,ok
4070468680,2016,8,31,tmax_absolute,39.4834,degC,ok
4070468680,2016,8,31,tmin_absolute,17.421,degC,ok
4070468680,2016,8,31,vpd_mean,3.0899,kPa,ok
4070468680,2016,8,31,rh_mean,29.1918,percent,ok
4070468680,2016,8,31,heat_index_max,86.2703,degF,ok
4070468680,2016,8,31,days_tmax_ge_35,23.9598,days,ok
4070468680,2016,8,31,days_tmax_ge_40,0.9502,days,ok
4070512220,2016,8,31,tmax_mean,36.4652,degC,ok
4070512220,2016,8,31,tmin_mean,19.5281,degC,ok
4070512220,2016,8,31,tmax_absolute,39.4817,degC,ok
4070512220,2016,8,31,tmin_absolute,15.9346,degC,ok
4070512220,2016,8,31,vpd_mean,2.9176,kPa,ok
4070512220,2016,8,31,rh_mean,31.2222,percent,ok
4070512220,2016,8,31,heat_index_max,85.2249,degF,ok
4070512220,2016,8,31,days_tmax_ge_35,23.863,days,ok
4070512220,2016,8,31,days_tmax_ge_40,1.0288,days,ok
4070513410,2016,8,31,tmax_mean,37.4692,degC,ok
4070513410,2016,8,31,tmin_mean,20.419,degC,ok
4070513410,2016,8,31,tmax_absolute,40.5892,degC,ok
4070513410,2016,8,31,tmin_absolute,16.9993,degC,ok
4070513410,2016,8,31,vpd_mean,3.2254,kPa,ok
4070513410,2016,8,31,rh_mean,27.6696,percent,ok
4070513410,2016,8,31,heat_index_max,86.2207,degF,ok
4070513410,2016,8,31,days_tmax_ge_35,29.0772,days,ok
4070513410,2016,8,31,days_tmax_ge_40,2.8151,days,ok
4070517910,2016,8,31,tmax_mean,37.3884,degC,ok
4070517910,2016,8,31,tmin_mean,20.8501,degC,ok
4070517910,2016,8,31,tmax_absolute,40.5339,degC,ok
4070517910,2016,8,31,tmin_absolute,17.4105,degC,ok
4070517910,2016,8,31,vpd_mean,3.3115,kPa,ok
4070517910,2016,8,31,rh_mean,26.0411,percent,ok
4070517910,2016,8,31,heat_index_max,86.4352,degF,ok
4070517910,2016,8,31,days_tmax_ge_35,28.7185,days,ok
4070517910,2016,8,31,days_tmax_ge_40,2.6586,days,ok
4070517640,2016,8,31,tmax_mean,37.4288,degC,ok
4070517640,2016,8,31,tmin_mean,20.6453,degC,ok
4070517640,2016,8,31,tmax_absolute,40.6419,degC,ok
4070517640,2016,8,31,tmin_absolute,17.2866,degC,ok
4070517640,2016,8,31,vpd_mean,3.2935,kPa,ok
4070517640,2016,8,31,rh_mean,26.3044,percent,ok
4070517640,2016,8,31,heat_index_max,86.2655,degF,ok
4070517640,2016,8,31,days_tmax_ge_35,28.9696,days,ok
4070517640,2016,8,31,days_tmax_ge_40,2.9059,days,ok
4070523030,2016,8,31,tmax_mean,34.7891,degC,ok
4070523030,2016,8,31,tmin_mean,19.2604,degC,ok
4070523030,2016,8,31,tmax_absolute,37.8408,degC,ok
4070523030,2016,8,31,tmin_absolute,16.404,degC,ok
4070523030,2016,8,31,vpd_mean,2.7518,kPa,ok
4070523030,2016,8,31,rh_mean,30.9492,percent,ok
4070523030,2016,8,31,heat_index_max,83.9329,degF,ok
4070523030,2016,8,31,days_tmax_ge_35,15.6728,days,ok
4070523030,2016,8,31,days_tmax_ge_40,0.801,days,ok
4070531200,2016,8,31,tmax_mean,36.5662,degC,ok
4070531200,2016,8,31,tmin_mean,22.2752,degC,ok
4070531200,2016,8,31,tmax_absolute,39.4111,degC,ok
4070531200,2016,8,31,tmin_absolute,19.2502,degC,ok
4070531200,2016,8,31,vpd_mean,3.3986,kPa,ok
4070531200,2016,8,31,rh_mean,24.4054,percent,ok
4070531200,2016,8,31,heat_index_max,87.0715,degF,ok
4070531200,2016,8,31,days_tmax_ge_35,24.6974,days,ok
4070531200,2016,8,31,days_tmax_ge_40,1.9558,days,ok
4070456210,2016,8,31,tmax_mean,33.7806,degC,ok
4070456210,2016,8,31,tmin_mean,19.3616,degC,ok
4070456210,2016,8,31,tmax_absolute,37.0259,degC,ok
4070456210,2016,8,31,tmin_absolute,16.5687,degC,ok
4070456210,2016,8,31,vpd_mean,2.4947,kPa,ok
4070456210,2016,8,31,rh_mean,34.4724,percent,ok
4070456210,2016,8,31,heat_index_max,84.1423,degF,ok
4070456210,2016,8,31,days_tmax_ge_35,8.5281,days,ok
4070456210,2016,8,31,days_tmax_ge_40,0,days,ok
4070456310,2016,8,31,tmax_mean,35.358,degC,ok
4070456310,2016,8,31,tmin_mean,17.7081,degC,ok
4070456310,2016,8,31,tmax_absolute,38.3417,degC,ok
4070456310,2016,8,31,tmin_absolute,14.7512,degC,ok
4070456310,2016,8,31,vpd_mean,2.5479,kPa,ok
4070456310,2016,8,31,rh_mean,35.2027,percent,ok
4070456310,2016,8,31,heat_index_max,83.6315,degF,ok
4070456310,2016,8,31,days_tmax_ge_35,17.9373,days,ok
4070456310,2016,8,31,days_tmax_ge_40,0,days,ok
4070492050,2016,8,31,tmax_mean,34.5946,degC,ok
4070492050,2016,8,31,tmin_mean,19.2637,degC,ok
4070492050,2016,8,31,tmax_absolute,37.4378,degC,ok
4070492050,2016,8,31,tmin_absolute,16.5842,degC,ok
4070492050,2016,8,31,vpd_mean,2.5166,kPa,ok
4070492050,2016,8,31,rh_mean,36.5369,percent,ok
4070492050,2016,8,31,heat_index_max,84.1899,degF,ok
4070492050,2016,8,31,days_tmax_ge_35,15.7659,days,ok
4070492050,2016,8,31,days_tmax_ge_40,0,days,ok
4070492470,2016,8,31,tmax_mean,30.559,degC,ok
4070492470,2016,8,31,tmin_mean,15.9285,degC,ok
4070492470,2016,8,31,tmax_absolute,33.26,degC,ok
4070492470,2016,8,31,tmin_absolute,13.217,degC,ok
4070492470,2016,8,31,vpd_mean,1.9079,kPa,ok
4070492470,2016,8,31,rh_mean,39.9647,percent,ok
4070492470,2016,8,31,heat_index_max,78.153,degF,ok
4070492470,2016,8,31,days_tmax_ge_35,3.1778,days,ok
4070492470,2016,8,31,days_tmax_ge_40,0,days,ok
4070458090,2016,8,31,tmax_mean,35.2398,degC,ok
4070458090,2016,8,31,tmin_mean,17.8141,degC,ok
4070458090,2016,8,31,tmax_absolute,38.4176,degC,ok
4070458090,2016,8,31,tmin_absolute,15.0619,degC,ok
4070458090,2016,8,31,vpd_mean,2.407,kPa,ok
4070458090,2016,8,31,rh_mean,38.5371,percent,ok
4070458090,2016,8,31,heat_index_max,84.4684,degF,ok
4070458090,2016,8,31,days_tmax_ge_35,15.9764,days,ok
4070458090,2016,8,31,days_tmax_ge_40,0,days,ok
4070457890,2016,8,31,tmax_mean,34.3289,degC,ok
4070457890,2016,8,31,tmin_mean,18.1013,degC,ok
4070457890,2016,8,31,tmax_absolute,37.5373,degC,ok
4070457890,2016,8,31,tmin_absolute,15.6441,degC,ok
4070457890,2016,8,31,vpd_mean,2.3669,kPa,ok
4070457890,2016,8,31,rh_mean,37.7369,percent,ok
4070457890,2016,8,31,heat_index_max,83.1703,degF,ok
4070457890,2016,8,31,days_tmax_ge_35,11.6987,days,ok
4070457890,2016,8,31,days_tmax_ge_40,0,days,ok
4070485850,2016,8,31,tmax_mean,29.4879,degC,ok
4070485850,2016,8,31,tmin_mean,16.2678,degC,ok
4070485850,2016,8,31,tmax_absolute,32.2447,degC,ok
4070485850,2016,8,31,tmin_absolute,14.287,degC,ok
4070485850,2016,8,31,vpd_mean,1.8499,kPa,ok
4070485850,2016,8,31,rh_mean,40.947,percent,ok
4070485850,2016,8,31,heat_index_max,76.8825,degF,ok
4070485850,2016,8,31,days_tmax_ge_35,2.8638,days,ok
4070485850,2016,8,31,days_tmax_ge_40,0,days,ok
4070486120,2016,8,31,tmax_mean,28.5583,degC,ok
4070486120,2016,8,31,tmin_mean,15.413,degC,ok
4070486120,2016,8,31,tmax_absolute,31.0803,degC,ok
4070486120,2016,8,31,tmin_absolute,12.9668,degC,ok
4070486120,2016,8,31,vpd_mean,1.7409,kPa,ok
4070486120,2016,8,31,rh_mean,41.2444,percent,ok
4070486120,2016,8,31,heat_index_max,75.3299,degF,ok
4070486120,2016,8,31,days_tmax_ge_35,2.4651,days,ok
4070486120,2016,8,31,days_tmax_ge_40,0,days,ok
4070538040,2016,8,31,tmax_mean,36.1709,degC,ok
4070538040,2016,8,31,tmin_mean,22.3158,degC,ok
4070538040,2016,8,31,tmax_absolute,38.8018,degC,ok
4070538040,2016,8,31,tmin_absolute,18.657,degC,ok
4070538040,2016,8,31,vpd_mean,3.324,kPa,ok
4070538040,2016,8,31,rh_mean,24.6538,percent,ok
4070538040,2016,8,31,heat_index_max,87.2205,degF,ok
4070538040,2016,8,31,days_tmax_ge_35,24.0329,days,ok
4070538040,2016,8,31,days_tmax_ge_40,0.5376,days,ok
4070465210,2016,8,31,tmax_mean,31.8414,degC,ok
4070465210,2016,8,31,tmin_mean,17.0352,degC,ok
4070465210,2016,8,31,tmax_absolute,35.0663,degC,ok
4070465210,2016,8,31,tmin_absolute,14.925,degC,ok
4070465210,2016,8,31,vpd_mean,1.9957,kPa,ok
4070465210,2016,8,31,rh_mean,41.6592,percent,ok
4070465210,2016,8,31,heat_index_max,79.9103,degF,ok
4070465210,2016,8,31,days_tmax_ge_35,3.8161,days,ok
4070465210,2016,8,31,days_tmax_ge_40,0,days,ok
4070465410,2016,8,31,tmax_mean,32.1765,degC,ok
4070465410,2016,8,31,tmin_mean,17.6935,degC,ok
4070465410,2016,8,31,tmax_absolute,35.276,degC,ok
4070465410,2016,8,31,tmin_absolute,15.7807,degC,ok
4070465410,2016,8,31,vpd_mean,2.1041,kPa,ok
4070465410,2016,8,31,rh_mean,39.4727,percent,ok
4070465410,2016,8,31,heat_index_max,80.6462,degF,ok
4070465410,2016,8,31,days_tmax_ge_35,3.8034,days,ok
4070465410,2016,8,31,days_tmax_ge_40,0,days,ok
4070537600,2016,8,31,tmax_mean,32.3152,degC,ok
4070537600,2016,8,31,tmin_mean,19.2601,degC,ok
4070537600,2016,8,31,tmax_absolute,34.8019,degC,ok
4070537600,2016,8,31,tmin_absolute,15.8599,degC,ok
4070537600,2016,8,31,vpd_mean,2.5302,kPa,ok
4070537600,2016,8,31,rh_mean,31.0963,percent,ok
4070537600,2016,8,31,heat_index_max,81.7212,degF,ok
4070537600,2016,8,31,days_tmax_ge_35,9.0145,days,ok
4070537600,2016,8,31,days_tmax_ge_40,0.0419,days,ok
4070537690,2016,8,31,tmax_mean,37.064,degC,ok
4070537690,2016,8,31,tmin_mean,21.066,degC,ok
4070537690,2016,8,31,tmax_absolute,39.701,degC,ok
4070537690,2016,8,31,tmin_absolute,17.5064,degC,ok
4070537690,2016,8,31,vpd_mean,3.3226,kPa,ok
4070537690,2016,8,31,rh_mean,25.0577,percent,ok
4070537690,2016,8,31,heat_index_max,86.7922,degF,ok
4070537690,2016,8,31,days_tmax_ge_35,28.466,days,ok
4070537690,2016,8,31,days_tmax_ge_40,0.8607,days,ok
4070542500,2016,8,31,tmax_mean,36.1843,degC,ok
4070542500,2016,8,31,tmin_mean,22.4024,degC,ok
4070542500,2016,8,31,tmax_absolute,38.798,degC,ok
4070542500,2016,8,31,tmin_absolute,19.1643,degC,ok
4070542500,2016,8,31,vpd_mean,3.344,kPa,ok
4070542500,2016,8,31,rh_mean,24.0355,percent,ok
4070542500,2016,8,31,heat_index_max,86.2638,degF,ok
4070542500,2016,8,31,days_tmax_ge_35,22.8308,days,ok
4070542500,2016,8,31,days_tmax_ge_40,0.377,days,ok
4070542340,2016,8,31,tmax_mean,36.7782,degC,ok
4070542340,2016,8,31,tmin_mean,20.6771,degC,ok
4070542340,2016,8,31,tmax_absolute,39.3887,degC,ok
4070542340,2016,8,31,tmin_absolute,16.8764,degC,ok
4070542340,2016,8,31,vpd_mean,3.2266,kPa,ok
4070542340,2016,8,31,rh_mean,25.8909,percent,ok
4070542340,2016,8,31,heat_index_max,86.0982,degF,ok
4070542340,2016,8,31,days_tmax_ge_35,27.8904,days,ok
4070542340,2016,8,31,days_tmax_ge_40,0.1084,days,ok
4070472850,2016,8,31,tmax_mean,29.2194,degC,ok
4070472850,2016,8,31,tmin_mean,16.2743,degC,ok
4070472850,2016,8,31,tmax_absolute,32.0667,degC,ok
4070472850,2016,8,31,tmin_absolute,14.0183,degC,ok
4070472850,2016,8,31,vpd_mean,1.6513,kPa,ok
4070472850,2016,8,31,rh_mean,45.7202,percent,ok
4070472850,2016,8,31,heat_index_max,77.23,degF,ok
4070472850,2016,8,31,days_tmax_ge_35,0.0087,days,ok
4070472850,2016,8,31,days_tmax_ge_40,0,days,ok
4070473080,2016,8,31,tmax_mean,25.8662,degC,ok
4070473080,2016,8,31,tmin_mean,14.3393,degC,ok
4070473080,2016,8,31,tmax_absolute,28.5416,degC,ok
4070473080,2016,8,31,tmin_absolute,12.3339,degC,ok
4070473080,2016,8,31,vpd_mean,1.3951,kPa,ok
4070473080,2016,8,31,rh_mean,45.3262,percent,ok
4070473080,2016,8,31,heat_index_max,72.2493,degF,ok
4070473080,2016,8,31,days_tmax_ge_35,0.0103,days,ok
4070473080,2016,8,31,days_tmax_ge_40,0,days,ok
4070474570,2016,8,31,tmax_mean,26.2628,degC,ok
4070474570,2016,8,31,tmin_mean,14.9346,degC,ok
4070474570,2016,8,31,tmax_absolute,28.9379,degC,ok
4070474570,2016,8,31,tmin_absolute,12.5914,degC,ok
4070474570,2016,8,31,vpd_mean,1.3252,kPa,ok
4070474570,2016,8,31,rh_mean,49.8689,percent,ok
4070474570,2016,8,31,heat_index_max,73.4988,degF,ok
4070474570,2016,8,31,days_tmax_ge_35,0,days,ok
4070474570,2016,8,31,days_tmax_ge_40,0,days,ok
4070474740,2016,8,31,tmax_mean,24.6586,degC,ok
4070474740,2016,8,31,tmin_mean,14.1782,degC,ok
4070474740,2016,8,31,tmax_absolute,27.1678,degC,ok
4070474740,2016,8,31,tmin_absolute,11.8323,degC,ok
4070474740,2016,8,31,vpd_mean,1.3153,kPa,ok
4070474740,2016,8,31,rh_mean,45.6123,percent,ok
4070474740,2016,8,31,heat_index_max,70.9544,degF,ok
4070474740,2016,8,31,days_tmax_ge_35,0,days,ok
4070474740,2016,8,31,days_tmax_ge_40,0,days,ok
4070525280,2016,8,31,tmax_mean,34.9976,degC,ok
4070525280,2016,8,31,tmin_mean,20.6145,degC,ok
4070525280,2016,8,31,tmax_absolute,37.6119,degC,ok
4070525280,2016,8,31,tmin_absolute,17.6754,degC,ok
4070525280,2016,8,31,vpd_mean,2.9939,kPa,ok
4070525280,2016,8,31,rh_mean,26.4095,percent,ok
4070525280,2016,8,31,heat_index_max,84.2298,degF,ok
4070525280,2016,8,31,days_tmax_ge_35,16.1755,days,ok
4070525280,2016,8,31,days_tmax_ge_40,0,days,ok
4070525020,2016,8,31,tmax_mean,33.5821,degC,ok
4070525020,2016,8,31,tmin_mean,20.9279,degC,ok
4070525020,2016,8,31,tmax_absolute,36.0617,degC,ok
4070525020,2016,8,31,tmin_absolute,17.1361,degC,ok
4070525020,2016,8,31,vpd_mean,2.846,kPa,ok
4070525020,2016,8,31,rh_mean,27.1225,percent,ok
4070525020,2016,8,31,heat_index_max,83.3369,degF,ok
4070525020,2016,8,31,days_tmax_ge_35,10.0718,days,ok
4070525020,2016,8,31,days_tmax_ge_40,0,days,ok
4070552060,2016,8,31,tmax_mean,34.2924,degC,ok
4070552060,2016,8,31,tmin_mean,20.706,degC,ok
4070552060,2016,8,31,tmax_absolute,36.7175,degC,ok
4070552060,2016,8,31,tmin_absolute,18.1798,degC,ok
4070552060,2016,8,31,vpd_mean,2.9357,kPa,ok
4070552060,2016,8,31,rh_mean,27.1288,percent,ok
4070552060,2016,8,31,heat_index_max,83.7436,degF,ok
4070552060,2016,8,31,days_tmax_ge_35,13.0938,days,ok
4070552060,2016,8,31,days_tmax_ge_40,0.1917,days,ok
4070519370,2016,8,31,tmax_mean,30.2859,degC,ok
4070519370,2016,8,31,tmin_mean,18.5242,degC,ok
4070519370,2016,8,31,tmax_absolute,32.7485,degC,ok
4070519370,2016,8,31,tmin_absolute,15.4563,degC,ok
4070519370,2016,8,31,vpd_mean,2.2818,kPa,ok
4070519370,2016,8,31,rh_mean,32.0589,percent,ok
4070519370,2016,8,31,heat_index_max,78.9518,degF,ok
4070519370,2016,8,31,days_tmax_ge_35,5.576,days,ok
4070519370,2016,8,31,days_tmax_ge_40,0,days,ok
4070519380,2016,8,31,tmax_mean,33.6481,degC,ok
4070519380,2016,8,31,tmin_mean,18.753,degC,ok
4070519380,2016,8,31,tmax_absolute,36.1438,degC,ok
4070519380,2016,8,31,tmin_absolute,16.3793,degC,ok
4070519380,2016,8,31,vpd_mean,2.6891,kPa,ok
4070519380,2016,8,31,rh_mean,28.7215,percent,ok
4070519380,2016,8,31,heat_index_max,81.8428,degF,ok
4070519380,2016,8,31,days_tmax_ge_35,11.2623,days,ok
4070519380,2016,8,31,days_tmax_ge_40,0,days,ok
4070477090,2016,8,31,tmax_mean,23.6629,degC,ok
4070477090,2016,8,31,tmin_mean,14.2296,degC,ok
4070477090,2016,8,31,tmax_absolute,26.3573,degC,ok
4070477090,2016,8,31,tmin_absolute,11.1427,degC,ok
4070477090,2016,8,31,vpd_mean,1.3978,kPa,ok
4070477090,2016,8,31,rh_mean,39.5348,percent,ok
4070477090,2016,8,31,heat_index_max,69.8229,degF,ok
4070477090,2016,8,31,days_tmax_ge_35,0,days,ok
4070477090,2016,8,31,days_tmax_ge_40,0,days,ok
4070512950,2016,8,31,tmax_mean,29.423,degC,ok
4070512950,2016,8,31,tmin_mean,18.0272,degC,ok
4070512950,2016,8,31,tmax_absolute,31.9776,degC,ok
4070512950,2016,8,31,tmin_absolute,15.0427,degC,ok
4070512950,2016,8,31,vpd_mean,2.199,kPa,ok
4070512950,2016,8,31,rh_mean,31.8739,percent,ok
4070512950,2016,8,31,heat_index_max,77.9313,degF,ok
4070512950,2016,8,31,days_tmax_ge_35,4.4978,days,ok
4070512950,2016,8,31,days_tmax_ge_40,0,days,ok
4070512960,2016,8,31,tmax_mean,33.6318,degC,ok
4070512960,2016,8,31,tmin_mean,17.2683,degC,ok
4070512960,2016,8,31,tmax_absolute,36.0559,degC,ok
4070512960,2016,8,31,tmin_absolute,15.1407,degC,ok
4070512960,2016,8,31,vpd_mean,2.5806,kPa,ok
4070512960,2016,8,31,rh_mean,29.3492,percent,ok
4070512960,2016,8,31,heat_index_max,80.9063,degF,ok
4070512960,2016,8,31,days_tmax_ge_35,9.1367,days,ok
4070512960,2016,8,31,days_tmax_ge_40,0,days,ok
4070510300,2016,8,31,tmax_mean,30.7845,degC,ok
4070510300,2016,8,31,tmin_mean,18.3179,degC,ok
4070510300,2016,8,31,tmax_absolute,33.5297,degC,ok
4070510300,2016,8,31,tmin_absolute,15.9185,degC,ok
4070510300,2016,8,31,vpd_mean,2.4752,kPa,ok
4070510300,2016,8,31,rh_mean,26.8989,percent,ok
4070510300,2016,8,31,heat_index_max,79.0602,degF,ok
4070510300,2016,8,31,days_tmax_ge_35,5.3364,days,ok
4070510300,2016,8,31,days_tmax_ge_40,0,days,ok
4070510290,2016,8,31,tmax_mean,27.6677,degC,ok
4070510290,2016,8,31,tmin_mean,17.4446,degC,ok
4070510290,2016,8,31,tmax_absolute,30.4125,degC,ok
4070510290,2016,8,31,tmin_absolute,14.9844,degC,ok
4070510290,2016,8,31,vpd_mean,2.0473,kPa,ok
4070510290,2016,8,31,rh_mean,31.5712,percent,ok
4070510290,2016,8,31,heat_index_max,75.9356,degF,ok
4070510290,2016,8,31,days_tmax_ge_35,2.6449,days,ok
4070510290,2016,8,31,days_tmax_ge_40,0,days,ok
4070367200,2016,8,31,tmax_mean,31.1723,degC,ok
4070367200,2016,8,31,tmin_mean,17.7074,degC,ok
4070367200,2016,8,31,tmax_absolute,34.2691,degC,ok
4070367200,2016,8,31,tmin_absolute,14.5819,degC,ok
4070367200,2016,8,31,vpd_mean,2.0267,kPa,ok
4070367200,2016,8,31,rh_mean,40.3864,percent,ok
4070367200,2016,8,31,heat_index_max,80.2415,degF,ok
4070367200,2016,8,31,days_tmax_ge_35,3.6227,days,ok
4070367200,2016,8,31,days_tmax_ge_40,0,days,ok
4070388480,2016,8,31,tmax_mean,36.1613,degC,ok
4070388480,2016,8,31,tmin_mean,21.4738,degC,ok
4070388480,2016,8,31,tmax_absolute,39.3649,degC,ok
4070388480,2016,8,31,tmin_absolute,17.8024,degC,ok
4070388480,2016,8,31,vpd_mean,3.0694,kPa,ok
4070388480,2016,8,31,rh_mean,28.8727,percent,ok
4070388480,2016,8,31,heat_index_max,86.8491,degF,ok
4070388480,2016,8,31,days_tmax_ge_35,23.5243,days,ok
4070388480,2016,8,31,days_tmax_ge_40,0,days,ok
4070411980,2016,8,31,tmax_mean,36.4961,degC,ok
4070411980,2016,8,31,tmin_mean,23.7322,degC,ok
4070411980,2016,8,31,tmax_absolute,39.575,degC,ok
4070411980,2016,8,31,tmin_absolute,20.3955,degC,ok
4070411980,2016,8,31,vpd_mean,3.0359,kPa,ok
4070411980,2016,8,31,rh_mean,33.3876,percent,ok
4070411980,2016,8,31,heat_index_max,91.5563,degF,ok
4070411980,2016,8,31,days_tmax_ge_35,25.1462,days,ok
4070411980,2016,8,31,days_tmax_ge_40,0,days,ok
4070411990,2016,8,31,tmax_mean,36.4135,degC,ok
4070411990,2016,8,31,tmin_mean,24.4524,degC,ok
4070411990,2016,8,31,tmax_absolute,39.4023,degC,ok
4070411990,2016,8,31,tmin_absolute,21.7757,degC,ok
4070411990,2016,8,31,vpd_mean,2.9266,kPa,ok
4070411990,2016,8,31,rh_mean,36.496,percent,ok
4070411990,2016,8,31,heat_index_max,93.0068,degF,ok
4070411990,2016,8,31,days_tmax_ge_35,25.0392,days,ok
4070411990,2016,8,31,days_tmax_ge_40,0,days,ok
4070414130,2016,8,31,tmax_mean,36.2543,degC,ok
4070414130,2016,8,31,tmin_mean,23.2441,degC,ok
4070414130,2016,8,31,tmax_absolute,39.172,degC,ok
4070414130,2016,8,31,tmin_absolute,20.2622,degC,ok
4070414130,2016,8,31,vpd_mean,2.6901,kPa,ok
4070414130,2016,8,31,rh_mean,39.9441,percent,ok
4070414130,2016,8,31,heat_index_max,92.3779,degF,ok
4070414130,2016,8,31,days_tmax_ge_35,24.0714,days,ok
4070414130,2016,8,31,days_tmax_ge_40,0,days,ok
4070419960,2016,8,31,tmax_mean,33.7077,degC,ok
4070419960,2016,8,31,tmin_mean,19.4093,degC,ok
4070419960,2016,8,31,tmax_absolute,36.4692,degC,ok
4070419960,2016,8,31,tmin_absolute,16.918,degC,ok
4070419960,2016,8,31,vpd_mean,2.1569,kPa,ok
4070419960,2016,8,31,rh_mean,45.0207,percent,ok
4070419960,2016,8,31,heat_index_max,85.2741,degF,ok
4070419960,2016,8,31,days_tmax_ge_35,14.8428,days,ok
4070419960,2016,8,31,days_tmax_ge_40,0,days,ok
4070419950,2016,8,31,tmax_mean,36.7356,degC,ok
4070419950,2016,8,31,tmin_mean,23.8972,degC,ok
4070419950,2016,8,31,tmax_absolute,39.6591,degC,ok
4070419950,2016,8,31,tmin_absolute,20.6936,degC,ok
4070419950,2016,8,31,vpd_mean,2.9916,kPa,ok
4070419950,2016,8,31,rh_mean,35.1741,percent,ok
4070419950,2016,8,31,heat_index_max,92.547,degF,ok
4070419950,2016,8,31,days_tmax_ge_35,25.852,days,ok
4070419950,2016,8,31,days_tmax_ge_40,0,days,ok
4070422200,2016,8,31,tmax_mean,36.7697,degC,ok
4070422200,2016,8,31,tmin_mean,25.7149,degC,ok
4070422200,2016,8,31,tmax_absolute,39.374,degC,ok
4070422200,2016,8,31,tmin_absolute,22.1504,degC,ok
4070422200,2016,8,31,vpd_mean,3.1983,kPa,ok
4070422200,2016,8,31,rh_mean,33.3374,percent,ok
4070422200,2016,8,31,heat_index_max,94.201,degF,ok
4070422200,2016,8,31,days_tmax_ge_35,26.4738,days,ok
4070422200,2016,8,31,days_tmax_ge_40,0,days,ok
4070422350,2016,8,31,tmax_mean,36.4169,degC,ok
4070422350,2016,8,31,tmin_mean,22.1675,degC,ok
4070422350,2016,8,31,tmax_absolute,39.1464,degC,ok
4070422350,2016,8,31,tmin_absolute,19.2757,degC,ok
4070422350,2016,8,31,vpd_mean,2.6141,kPa,ok
4070422350,2016,8,31,rh_mean,40.9645,percent,ok
4070422350,2016,8,31,heat_index_max,91.2423,degF,ok
4070422350,2016,8,31,days_tmax_ge_35,24.445,days,ok
4070422350,2016,8,31,days_tmax_ge_40,0,days,ok
4070414690,2016,8,31,tmax_mean,36.2212,degC,ok
4070414690,2016,8,31,tmin_mean,22.5466,degC,ok
4070414690,2016,8,31,tmax_absolute,38.8765,degC,ok
4070414690,2016,8,31,tmin_absolute,19.1967,degC,ok
4070414690,2016,8,31,vpd_mean,2.5813,kPa,ok
4070414690,2016,8,31,rh_mean,41.6129,percent,ok
4070414690,2016,8,31,heat_index_max,91.6384,degF,ok
4070414690,2016,8,31,days_tmax_ge_35,23.9076,days,ok
4070414690,2016,8,31,days_tmax_ge_40,0,days,ok
4070414480,2016,8,31,tmax_mean,34.6783,degC,ok
4070414480,2016,8,31,tmin_mean,20.1222,degC,ok
4070414480,2016,8,31,tmax_absolute,37.8359,degC,ok
4070414480,2016,8,31,tmin_absolute,16.6343,degC,ok
4070414480,2016,8,31,vpd_mean,2.6175,kPa,ok
4070414480,2016,8,31,rh_mean,34.4,percent,ok
4070414480,2016,8,31,heat_index_max,85.5648,degF,ok
4070414480,2016,8,31,days_tmax_ge_35,13.6048,days,ok
4070414480,2016,8,31,days_tmax_ge_40,0,days,ok
4070417050,2016,8,31,tmax_mean,32.5173,degC,ok
4070417050,2016,8,31,tmin_mean,17.9434,degC,ok
4070417050,2016,8,31,tmax_absolute,35.6291,degC,ok
4070417050,2016,8,31,tmin_absolute,14.9697,degC,ok
4070417050,2016,8,31,vpd_mean,2.1584,kPa,ok
4070417050,2016,8,31,rh_mean,39.3181,percent,ok
4070417050,2016,8,31,heat_index_max,82.2596,degF,ok
4070417050,2016,8,31,days_tmax_ge_35,6.0719,days,ok
4070417050,2016,8,31,days_tmax_ge_40,0,days,ok
4070417190,2016,8,31,tmax_mean,36.1427,degC,ok
4070417190,2016,8,31,tmin_mean,21.1552,degC,ok
4070417190,2016,8,31,tmax_absolute,38.896,degC,ok
4070417190,2016,8,31,tmin_absolute,17.8704,degC,ok
4070417190,2016,8,31,vpd_mean,2.6013,kPa,ok
4070417190,2016,8,31,rh_mean,39.5441,percent,ok
4070417190,2016,8,31,heat_index_max,89.011,degF,ok
4070417190,2016,8,31,days_tmax_ge_35,22.7591,days,ok
4070417190,2016,8,31,days_tmax_ge_40,0,days,ok
4070420360,2016,8,31,tmax_mean,36.0994,degC,ok
4070420360,2016,8,31,tmin_mean,21.5328,degC,ok
4070420360,2016,8,31,tmax_absolute,38.8215,degC,ok
4070420360,2016,8,31,tmin_absolute,18.1372,degC,ok
4070420360,2016,8,31,vpd_mean,2.65,kPa,ok
4070420360,2016,8,31,rh_mean,38.7635,percent,ok
4070420360,2016,8,31,heat_index_max,89.1883,degF,ok
4070420360,2016,8,31,days_tmax_ge_35,23.3966,days,ok
4070420360,2016,8,31,days_tmax_ge_40,0,days,ok
4070420090,2016,8,31,tmax_mean,34.96,degC,ok
4070420090,2016,8,31,tmin_mean,19.622,degC,ok
4070420090,2016,8,31,tmax_absolute,37.9378,degC,ok
4070420090,2016,8,31,tmin_absolute,16.2326,degC,ok
4070420090,2016,8,31,vpd_mean,2.5381,kPa,ok
4070420090,2016,8,31,rh_mean,36.5358,percent,ok
4070420090,2016,8,31,heat_index_max,85.666,degF,ok
4070420090,2016,8,31,days_tmax_ge_35,15.2254,days,ok
4070420090,2016,8,31,days_tmax_ge_40,0,days,ok
4070421180,2016,8,31,tmax_mean,32.4557,degC,ok
4070421180,2016,8,31,tmin_mean,17.5797,degC,ok
4070421180,2016,8,31,tmax_absolute,35.3693,degC,ok
4070421180,2016,8,31,tmin_absolute,14.7189,degC,ok
4070421180,2016,8,31,vpd_mean,2.1451,kPa,ok
4070421180,2016,8,31,rh_mean,39.2936,percent,ok
4070421180,2016,8,31,heat_index_max,81.2327,degF,ok
4070421180,2016,8,31,days_tmax_ge_35,7.5728,days,ok
4070421180,2016,8,31,days_tmax_ge_40,0,days,ok
4070421390,2016,8,31,tmax_mean,35.9621,degC,ok
4070421390,2016,8,31,tmin_mean,20.7461,degC,ok
4070421390,2016,8,31,tmax_absolute,38.8293,degC,ok
4070421390,2016,8,31,tmin_absolute,17.41,degC,ok
4070421390,2016,8,31,vpd_mean,2.6288,kPa,ok
4070421390,2016,8,31,rh_mean,38.0909,percent,ok
4070421390,2016,8,31,heat_index_max,87.9392,degF,ok
4070421390,2016,8,31,days_tmax_ge_35,21.8563,days,ok
4070421390,2016,8,31,days_tmax_ge_40,0,days,ok
4070425250,2016,8,31,tmax_mean,36.3982,degC,ok
4070425250,2016,8,31,tmin_mean,26.0832,degC,ok
4070425250,2016,8,31,tmax_absolute,39.1994,degC,ok
4070425250,2016,8,31,tmin_absolute,22.2672,degC,ok
4070425250,2016,8,31,vpd_mean,3.318,kPa,ok
4070425250,2016,8,31,rh_mean,30.8042,percent,ok
4070425250,2016,8,31,heat_index_max,93.5013,degF,ok
4070425250,2016,8,31,days_tmax_ge_35,24.5689,days,ok
4070425250,2016,8,31,days_tmax_ge_40,0.0096,days,ok
4070425390,2016,8,31,tmax_mean,36.2282,degC,ok
4070425390,2016,8,31,tmin_mean,26.8766,degC,ok
4070425390,2016,8,31,tmax_absolute,39.0222,degC,ok
4070425390,2016,8,31,tmin_absolute,23.561,degC,ok
4070425390,2016,8,31,vpd_mean,3.1676,kPa,ok
4070425390,2016,8,31,rh_mean,34.6796,percent,ok
4070425390,2016,8,31,heat_index_max,96.1568,degF,ok
4070425390,2016,8,31,days_tmax_ge_35,23.6496,days,ok
4070425390,2016,8,31,days_tmax_ge_40,0.0216,days,ok
4070429520,2016,8,31,tmax_mean,35.3794,degC,ok
4070429520,2016,8,31,tmin_mean,22.1287,degC,ok
4070429520,2016,8,31,tmax_absolute,38.1451,degC,ok
4070429520,2016,8,31,tmin_absolute,19.3764,degC,ok
4070429520,2016,8,31,vpd_mean,2.4981,kPa,ok
4070429520,2016,8,31,rh_mean,42.0677,percent,ok
4070429520,2016,8,31,heat_index_max,90.5103,degF,ok
4070429520,2016,8,31,days_tmax_ge_35,19.2529,days,ok
4070429520,2016,8,31,days_tmax_ge_40,0,days,ok
4070429680,2016,8,31,tmax_mean,33.5805,degC,ok
4070429680,2016,8,31,tmin_mean,21.2537,degC,ok
4070429680,2016,8,31,tmax_absolute,36.7859,degC,ok
4070429680,2016,8,31,tmin_absolute,18.3897,degC,ok
4070429680,2016,8,31,vpd_mean,2.3755,kPa,ok
4070429680,2016,8,31,rh_mean,41.1856,percent,ok
4070429680,2016,8,31,heat_index_max,87.6595,degF,ok
4070429680,2016,8,31,days_tmax_ge_35,12.7835,days,ok
4070429680,2016,8,31,days_tmax_ge_40,0,days,ok
4070425640,2016,8,31,tmax_mean,34.5126,degC,ok
4070425640,2016,8,31,tmin_mean,20.109,degC,ok
4070425640,2016,8,31,tmax_absolute,37.6033,degC,ok
4070425640,2016,8,31,tmin_absolute,17.1086,degC,ok
4070425640,2016,8,31,vpd_mean,2.4594,kPa,ok
4070425640,2016,8,31,rh_mean,38.343,percent,ok
4070425640,2016,8,31,heat_index_max,85.7327,degF,ok
4070425640,2016,8,31,days_tmax_ge_35,14.2992,days,ok
4070425640,2016,8,31,days_tmax_ge_40,0,days,ok
4070425430,2016,8,31,tmax_mean,31.1064,degC,ok
4070425430,2016,8,31,tmin_mean,17.7468,degC,ok
4070425430,2016,8,31,tmax_absolute,34.175,degC,ok
4070425430,2016,8,31,tmin_absolute,14.9753,degC,ok
4070425430,2016,8,31,vpd_mean,2.1053,kPa,ok
4070425430,2016,8,31,rh_mean,37.2863,percent,ok
4070425430,2016,8,31,heat_index_max,80.0725,degF,ok
4070425430,2016,8,31,days_tmax_ge_35,5.0589,days,ok
4070425430,2016,8,31,days_tmax_ge_40,0,days,ok
4070421850,2016,8,31,tmax_mean,36.0675,degC,ok
4070421850,2016,8,31,tmin_mean,24.965,degC,ok
4070421850,2016,8,31,tmax_absolute,39.7149,degC,ok
4070421850,2016,8,31,tmin_absolute,21.4063,degC,ok
4070421850,2016,8,31,vpd_mean,3.1179,kPa,ok
4070421850,2016,8,31,rh_mean,32.8144,percent,ok
4070421850,2016,8,31,heat_index_max,92.2937,degF,ok
4070421850,2016,8,31,days_tmax_ge_35,22.3676,days,ok
4070421850,2016,8,31,days_tmax_ge_40,0.7458,days,ok
4070421630,2016,8,31,tmax_mean,36.4767,degC,ok
4070421630,2016,8,31,tmin_mean,22.1802,degC,ok
4070421630,2016,8,31,tmax_absolute,39.6488,degC,ok
4070421630,2016,8,31,tmin_absolute,17.3924,degC,ok
4070421630,2016,8,31,vpd_mean,3.2644,kPa,ok
4070421630,2016,8,31,rh_mean,26.2974,percent,ok
4070421630,2016,8,31,heat_index_max,87.8204,degF,ok
4070421630,2016,8,31,days_tmax_ge_35,24.5919,days,ok
4070421630,2016,8,31,days_tmax_ge_40,0.017,days,ok
4070418910,2016,8,31,tmax_mean,35.8655,degC,ok
4070418910,2016,8,31,tmin_mean,23.4828,degC,ok
4070418910,2016,8,31,tmax_absolute,39.3412,degC,ok
4070418910,2016,8,31,tmin_absolute,19.4683,degC,ok
4070418910,2016,8,31,vpd_mean,2.9944,kPa,ok
4070418910,2016,8,31,rh_mean,32.9645,percent,ok
4070418910,2016,8,31,heat_index_max,90.0698,degF,ok
4070418910,2016,8,31,days_tmax_ge_35,20.8187,days,ok
4070418910,2016,8,31,days_tmax_ge_40,0.7086,days,ok
4070418710,2016,8,31,tmax_mean,36.4351,degC,ok
4070418710,2016,8,31,tmin_mean,21.7848,degC,ok
4070418710,2016,8,31,tmax_absolute,39.8052,degC,ok
4070418710,2016,8,31,tmin_absolute,16.5644,degC,ok
4070418710,2016,8,31,vpd_mean,3.2689,kPa,ok
4070418710,2016,8,31,rh_mean,25.5377,percent,ok
4070418710,2016,8,31,heat_index_max,87.1164,degF,ok
4070418710,2016,8,31,days_tmax_ge_35,24.8273,days,ok
4070418710,2016,8,31,days_tmax_ge_40,0.0305,days,ok
4070436970,2016,8,31,tmax_mean,33.3209,degC,ok
4070436970,2016,8,31,tmin_mean,19.7903,degC,ok
4070436970,2016,8,31,tmax_absolute,36.5729,degC,ok
4070436970,2016,8,31,tmin_absolute,16.8423,degC,ok
4070436970,2016,8,31,vpd_mean,2.2605,kPa,ok
4070436970,2016,8,31,rh_mean,40.5643,percent,ok
4070436970,2016,8,31,heat_index_max,84.7156,degF,ok
4070436970,2016,8,31,days_tmax_ge_35,9.2953,days,ok
4070436970,2016,8,31,days_tmax_ge_40,0,days,ok
4070437190,2016,8,31,tmax_mean,30.4932,degC,ok
4070437190,2016,8,31,tmin_mean,17.07,degC,ok
4070437190,2016,8,31,tmax_absolute,33.7156,degC,ok
4070437190,2016,8,31,tmin_absolute,14.8888,degC,ok
4070437190,2016,8,31,vpd_mean,1.7617,kPa,ok
4070437190,2016,8,31,rh_mean,48.0384,percent,ok
4070437190,2016,8,31,heat_index_max,79.3032,degF,ok
4070437190,2016,8,31,days_tmax_ge_35,6.4002,days,ok
4070437190,2016,8,31,days_tmax_ge_40,0,days,ok
4070418210,2016,8,31,tmax_mean,36.2132,degC,ok
4070418210,2016,8,31,tmin_mean,22.2372,degC,ok
4070418210,2016,8,31,tmax_absolute,39.3872,degC,ok
4070418210,2016,8,31,tmin_absolute,17.6993,degC,ok
4070418210,2016,8,31,vpd_mean,3.0346,kPa,ok
4070418210,2016,8,31,rh_mean,31.1394,percent,ok
4070418210,2016,8,31,heat_index_max,88.5524,degF,ok
4070418210,2016,8,31,days_tmax_ge_35,22.8707,days,ok
4070418210,2016,8,31,days_tmax_ge_40,0.3831,days,ok
4070418020,2016,8,31,tmax_mean,36.5231,degC,ok
4070418020,2016,8,31,tmin_mean,21.6779,degC,ok
4070418020,2016,8,31,tmax_absolute,39.8652,degC,ok
4070418020,2016,8,31,tmin_absolute,16.4453,degC,ok
4070418020,2016,8,31,vpd_mean,3.2631,kPa,ok
4070418020,2016,8,31,rh_mean,25.8119,percent,ok
4070418020,2016,8,31,heat_index_max,87.3808,degF,ok
4070418020,2016,8,31,days_tmax_ge_35,25.8139,days,ok
4070418020,2016,8,31,days_tmax_ge_40,0.0149,days,ok
4070418170,2016,8,31,tmax_mean,36.5362,degC,ok
4070418170,2016,8,31,tmin_mean,21.9563,degC,ok
4070418170,2016,8,31,tmax_absolute,39.6809,degC,ok
4070418170,2016,8,31,tmin_absolute,17.2391,degC,ok
4070418170,2016,8,31,vpd_mean,3.285,kPa,ok
4070418170,2016,8,31,rh_mean,25.7353,percent,ok
4070418170,2016,8,31,heat_index_max,87.5324,degF,ok
4070418170,2016,8,31,days_tmax_ge_35,25.8801,days,ok
4070418170,2016,8,31,days_tmax_ge_40,0,days,ok
4070418370,2016,8,31,tmax_mean,35.9795,degC,ok
4070418370,2016,8,31,tmin_mean,21.7118,degC,ok
4070418370,2016,8,31,tmax_absolute,39.0386,degC,ok
4070418370,2016,8,31,tmin_absolute,17.393,degC,ok
4070418370,2016,8,31,vpd_mean,3.0031,kPa,ok
4070418370,2016,8,31,rh_mean,30.4981,percent,ok
4070418370,2016,8,31,heat_index_max,87.4011,degF,ok
4070418370,2016,8,31,days_tmax_ge_35,21.5935,days,ok
4070418370,2016,8,31,days_tmax_ge_40,0,days,ok
4070396790,2016,8,31,tmax_mean,30.2663,degC,ok
4070396790,2016,8,31,tmin_mean,17.0875,degC,ok
4070396790,2016,8,31,tmax_absolute,33.1279,degC,ok
4070396790,2016,8,31,tmin_absolute,14.4289,degC,ok
4070396790,2016,8,31,vpd_mean,2.0322,kPa,ok
4070396790,2016,8,31,rh_mean,35.7955,percent,ok
4070396790,2016,8,31,heat_index_max,78.5742,degF,ok
4070396790,2016,8,31,days_tmax_ge_35,0,days,ok
4070396790,2016,8,31,days_tmax_ge_40,0,days,ok
4070396540,2016,8,31,tmax_mean,26.7945,degC,ok
4070396540,2016,8,31,tmin_mean,14.7438,degC,ok
4070396540,2016,8,31,tmax_absolute,29.6825,degC,ok
4070396540,2016,8,31,tmin_absolute,12.3608,degC,ok
4070396540,2016,8,31,vpd_mean,1.4611,kPa,ok
4070396540,2016,8,31,rh_mean,45.1481,percent,ok
4070396540,2016,8,31,heat_index_max,73.7934,degF,ok
4070396540,2016,8,31,days_tmax_ge_35,0,days,ok
4070396540,2016,8,31,days_tmax_ge_40,0,days,ok
4070396800,2016,8,31,tmax_mean,26.9607,degC,ok
4070396800,2016,8,31,tmin_mean,15.1903,degC,ok
4070396800,2016,8,31,tmax_absolute,30.1464,degC,ok
4070396800,2016,8,31,tmin_absolute,12.5774,degC,ok
4070396800,2016,8,31,vpd_mean,1.6732,kPa,ok
4070396800,2016,8,31,rh_mean,37.8135,percent,ok
4070396800,2016,8,31,heat_index_max,74.2809,degF,ok
4070396800,2016,8,31,days_tmax_ge_35,0,days,ok
4070396800,2016,8,31,days_tmax_ge_40,0,days,ok
4070396550,2016,8,31,tmax_mean,25.0014,degC,ok
4070396550,2016,8,31,tmin_mean,15.3249,degC,ok
4070396550,2016,8,31,tmax_absolute,27.8415,degC,ok
4070396550,2016,8,31,tmin_absolute,12.8425,degC,ok
4070396550,2016,8,31,vpd_mean,1.5044,kPa,ok
4070396550,2016,8,31,rh_mean,40.0843,percent,ok
4070396550,2016,8,31,heat_index_max,72.6028,degF,ok
4070396550,2016,8,31,days_tmax_ge_35,0,days,ok
4070396550,2016,8,31,days_tmax_ge_40,0,days,ok
4070448090,2016,8,31,tmax_mean,33.1034,degC,ok
4070448090,2016,8,31,tmin_mean,21.961,degC,ok
4070448090,2016,8,31,tmax_absolute,36.8241,degC,ok
4070448090,2016,8,31,tmin_absolute,19.674,degC,ok
4070448090,2016,8,31,vpd_mean,2.4143,kPa,ok
4070448090,2016,8,31,rh_mean,38.7533,percent,ok
4070448090,2016,8,31,heat_index_max,86.2373,degF,ok
4070448090,2016,8,31,days_tmax_ge_35,7.9618,days,ok
4070448090,2016,8,31,days_tmax_ge_40,0,days,ok
4070400610,2016,8,31,tmax_mean,26.3114,degC,ok
4070400610,2016,8,31,tmin_mean,15.2044,degC,ok
4070400610,2016,8,31,tmax_absolute,29.7393,degC,ok
4070400610,2016,8,31,tmin_absolute,12.2025,degC,ok
4070400610,2016,8,31,vpd_mean,1.71,kPa,ok
4070400610,2016,8,31,rh_mean,34.9193,percent,ok
4070400610,2016,8,31,heat_index_max,73.8476,degF,ok
4070400610,2016,8,31,days_tmax_ge_35,0,days,ok
4070400610,2016,8,31,days_tmax_ge_40,0,days,ok
4070400770,2016,8,31,tmax_mean,26.601,degC,ok
4070400770,2016,8,31,tmin_mean,13.6484,degC,ok
4070400770,2016,8,31,tmax_absolute,29.9706,degC,ok
4070400770,2016,8,31,tmin_absolute,11.0204,degC,ok
4070400770,2016,8,31,vpd_mean,1.5062,kPa,ok
4070400770,2016,8,31,rh_mean,41.1128,percent,ok
4070400770,2016,8,31,heat_index_max,72.543,degF,ok
4070400770,2016,8,31,days_tmax_ge_35,0,days,ok
4070400770,2016,8,31,days_tmax_ge_40,0,days,ok
4070394980,2016,8,31,tmax_mean,24.6198,degC,ok
4070394980,2016,8,31,tmin_mean,15.7009,degC,ok
4070394980,2016,8,31,tmax_absolute,27.8465,degC,ok
4070394980,2016,8,31,tmin_absolute,12.7399,degC,ok
4070394980,2016,8,31,vpd_mean,1.6323,kPa,ok
4070394980,2016,8,31,rh_mean,34.407,percent,ok
4070394980,2016,8,31,heat_index_max,72.5814,degF,ok
4070394980,2016,8,31,days_tmax_ge_35,0,days,ok
4070394980,2016,8,31,days_tmax_ge_40,0,days,ok
4070434830,2016,8,31,tmax_mean,34.7195,degC,ok
4070434830,2016,8,31,tmin_mean,22.0418,degC,ok
4070434830,2016,8,31,tmax_absolute,38.2362,degC,ok
4070434830,2016,8,31,tmin_absolute,20.0064,degC,ok
4070434830,2016,8,31,vpd_mean,2.729,kPa,ok
4070434830,2016,8,31,rh_mean,34.1831,percent,ok
4070434830,2016,8,31,heat_index_max,86.5798,degF,ok
4070434830,2016,8,31,days_tmax_ge_35,13.4898,days,ok
4070434830,2016,8,31,days_tmax_ge_40,0,days,ok
4070435270,2016,8,31,tmax_mean,27.9878,degC,ok
4070435270,2016,8,31,tmin_mean,16.9985,degC,ok
4070435270,2016,8,31,tmax_absolute,31.4138,degC,ok
4070435270,2016,8,31,tmin_absolute,14.69,degC,ok
4070435270,2016,8,31,vpd_mean,1.5341,kPa,ok
4070435270,2016,8,31,rh_mean,48.0038,percent,ok
4070435270,2016,8,31,heat_index_max,76.4203,degF,ok
4070435270,2016,8,31,days_tmax_ge_35,0.6669,days,ok
4070435270,2016,8,31,days_tmax_ge_40,0,days,ok
4070433260,2016,8,31,tmax_mean,31.9521,degC,ok
4070433260,2016,8,31,tmin_mean,20.8104,degC,ok
4070433260,2016,8,31,tmax_absolute,35.1214,degC,ok
4070433260,2016,8,31,tmin_absolute,18.4221,degC,ok
4070433260,2016,8,31,vpd_mean,2.4865,kPa,ok
4070433260,2016,8,31,rh_mean,32.627,percent,ok
4070433260,2016,8,31,heat_index_max,82.9688,degF,ok
4070433260,2016,8,31,days_tmax_ge_35,5.2139,days,ok
4070433260,2016,8,31,days_tmax_ge_40,0,days,ok
4070433580,2016,8,31,tmax_mean,32.6173,degC,ok
4070433580,2016,8,31,tmin_mean,19.9468,degC,ok
4070433580,2016,8,31,tmax_absolute,36.1897,degC,ok
4070433580,2016,8,31,tmin_absolute,17.5523,degC,ok
4070433580,2016,8,31,vpd_mean,2.1664,kPa,ok
4070433580,2016,8,31,rh_mean,41.6496,percent,ok
4070433580,2016,8,31,heat_index_max,83.1548,degF,ok
4070433580,2016,8,31,days_tmax_ge_35,5.7364,days,ok
4070433580,2016,8,31,days_tmax_ge_40,0,days,ok
4070427550,2016,8,31,tmax_mean,31.6821,degC,ok
4070427550,2016,8,31,tmin_mean,20.8488,degC,ok
4070427550,2016,8,31,tmax_absolute,34.9787,degC,ok
4070427550,2016,8,31,tmin_absolute,18.2042,degC,ok
4070427550,2016,8,31,vpd_mean,2.4468,kPa,ok
4070427550,2016,8,31,rh_mean,33.1976,percent,ok
4070427550,2016,8,31,heat_index_max,82.8231,degF,ok
4070427550,2016,8,31,days_tmax_ge_35,5.6783,days,ok
4070427550,2016,8,31,days_tmax_ge_40,0,days,ok
4070427670,2016,8,31,tmax_mean,27.0335,degC,ok
4070427670,2016,8,31,tmin_mean,17.0768,degC,ok
4070427670,2016,8,31,tmax_absolute,30.0785,degC,ok
4070427670,2016,8,31,tmin_absolute,14.1687,degC,ok
4070427670,2016,8,31,vpd_mean,1.697,kPa,ok
4070427670,2016,8,31,rh_mean,39.673,percent,ok
4070427670,2016,8,31,heat_index_max,75.2706,degF,ok
4070427670,2016,8,31,days_tmax_ge_35,0.5845,days,ok
4070427670,2016,8,31,days_tmax_ge_40,0,days,ok
4070425860,2016,8,31,tmax_mean,34.5381,degC,ok
4070425860,2016,8,31,tmin_mean,22.6358,degC,ok
4070425860,2016,8,31,tmax_absolute,37.719,degC,ok
4070425860,2016,8,31,tmin_absolute,20.1149,degC,ok
4070425860,2016,8,31,vpd_mean,2.7763,kPa,ok
4070425860,2016,8,31,rh_mean,33.3353,percent,ok
4070425860,2016,8,31,heat_index_max,86.5208,degF,ok
4070425860,2016,8,31,days_tmax_ge_35,13,days,ok
4070425860,2016,8,31,days_tmax_ge_40,0,days,ok
4070425650,2016,8,31,tmax_mean,30.1775,degC,ok
4070425650,2016,8,31,tmin_mean,18.4301,degC,ok
4070425650,2016,8,31,tmax_absolute,33.3988,degC,ok
4070425650,2016,8,31,tmin_absolute,15.8778,degC,ok
4070425650,2016,8,31,vpd_mean,2.0865,kPa,ok
4070425650,2016,8,31,rh_mean,36.4092,percent,ok
4070425650,2016,8,31,heat_index_max,79.5275,degF,ok
4070425650,2016,8,31,days_tmax_ge_35,2.4623,days,ok
4070425650,2016,8,31,days_tmax_ge_40,0,days,ok
4070426290,2016,8,31,tmax_mean,34.3603,degC,ok
4070426290,2016,8,31,tmin_mean,20.5237,degC,ok
4070426290,2016,8,31,tmax_absolute,37.691,degC,ok
4070426290,2016,8,31,tmin_absolute,18.3165,degC,ok
4070426290,2016,8,31,vpd_mean,2.4767,kPa,ok
4070426290,2016,8,31,rh_mean,37.6504,percent,ok
4070426290,2016,8,31,heat_index_max,84.518,degF,ok
4070426290,2016,8,31,days_tmax_ge_35,11.9124,days,ok
4070426290,2016,8,31,days_tmax_ge_40,0,days,ok
4070426410,2016,8,31,tmax_mean,32.0177,degC,ok
4070426410,2016,8,31,tmin_mean,19.3982,degC,ok
4070426410,2016,8,31,tmax_absolute,35.6764,degC,ok
4070426410,2016,8,31,tmin_absolute,16.7282,degC,ok
4070426410,2016,8,31,vpd_mean,2.1374,kPa,ok
4070426410,2016,8,31,rh_mean,40.6638,percent,ok
4070426410,2016,8,31,heat_index_max,82.2574,degF,ok
4070426410,2016,8,31,days_tmax_ge_35,6.2487,days,ok
4070426410,2016,8,31,days_tmax_ge_40,0,days,ok
4070426300,2016,8,31,tmax_mean,32.976,degC,ok
4070426300,2016,8,31,tmin_mean,18.9422,degC,ok
4070426300,2016,8,31,tmax_absolute,36.5696,degC,ok
4070426300,2016,8,31,tmin_absolute,16.3198,degC,ok
4070426300,2016,8,31,vpd_mean,2.2323,kPa,ok
4070426300,2016,8,31,rh_mean,39.3048,percent,ok
4070426300,2016,8,31,heat_index_max,82.2461,degF,ok
4070426300,2016,8,31,days_tmax_ge_35,6.5869,days,ok
4070426300,2016,8,31,days_tmax_ge_40,0,days,ok
4070426420,2016,8,31,tmax_mean,34.1468,degC,ok
4070426420,2016,8,31,tmin_mean,19.9186,degC,ok
4070426420,2016,8,31,tmax_absolute,37.7419,degC,ok
4070426420,2016,8,31,tmin_absolute,17.5976,degC,ok
4070426420,2016,8,31,vpd_mean,2.4094,kPa,ok
4070426420,2016,8,31,rh_mean,38.2438,percent,ok
4070426420,2016,8,31,heat_index_max,83.8592,degF,ok
4070426420,2016,8,31,days_tmax_ge_35,10.6889,days,ok
4070426420,2016,8,31,days_tmax_ge_40,0,days,ok
4070421200,2016,8,31,tmax_mean,33.8987,degC,ok
4070421200,2016,8,31,tmin_mean,20.1167,degC,ok
4070421200,2016,8,31,tmax_absolute,36.9244,degC,ok
4070421200,2016,8,31,tmin_absolute,17.7453,degC,ok
4070421200,2016,8,31,vpd_mean,2.365,kPa,ok
4070421200,2016,8,31,rh_mean,38.8036,percent,ok
4070421200,2016,8,31,heat_index_max,83.8453,degF,ok
4070421200,2016,8,31,days_tmax_ge_35,7.1671,days,ok
4070421200,2016,8,31,days_tmax_ge_40,0,days,ok
4070420980,2016,8,31,tmax_mean,34.3583,degC,ok
4070420980,2016,8,31,tmin_mean,20.3404,degC,ok
4070420980,2016,8,31,tmax_absolute,37.3218,degC,ok
4070420980,2016,8,31,tmin_absolute,18.2212,degC,ok
4070420980,2016,8,31,vpd_mean,2.4374,kPa,ok
4070420980,2016,8,31,rh_mean,38.278,percent,ok
4070420980,2016,8,31,heat_index_max,84.343,degF,ok
4070420980,2016,8,31,days_tmax_ge_35,11,days,ok
4070420980,2016,8,31,days_tmax_ge_40,0,days,ok
4070420780,2016,8,31,tmax_mean,30.2449,degC,ok
4070420780,2016,8,31,tmin_mean,17.9127,degC,ok
4070420780,2016,8,31,tmax_absolute,33.5007,degC,ok
4070420780,2016,8,31,tmin_absolute,15.2686,degC,ok
4070420780,2016,8,31,vpd_mean,1.9865,kPa,ok
4070420780,2016,8,31,rh_mean,38.3681,percent,ok
4070420780,2016,8,31,heat_index_max,79.2025,degF,ok
4070420780,2016,8,31,days_tmax_ge_35,1.1253,days,ok
4070420780,2016,8,31,days_tmax_ge_40,0,days,ok
4070420590,2016,8,31,tmax_mean,32.6829,degC,ok
4070420590,2016,8,31,tmin_mean,19.623,degC,ok
4070420590,2016,8,31,tmax_absolute,35.6285,degC,ok
4070420590,2016,8,31,tmin_absolute,17.5756,degC,ok
4070420590,2016,8,31,vpd_mean,2.1785,kPa,ok
4070420590,2016,8,31,rh_mean,40.4087,percent,ok
4070420590,2016,8,31,heat_index_max,82.6359,degF,ok
4070420590,2016,8,31,days_tmax_ge_35,3.4736,days,ok
4070420590,2016,8,31,days_tmax_ge_40,0,days,ok
4070446570,2016,8,31,tmax_mean,28.516,degC,ok
4070446570,2016,8,31,tmin_mean,17.8828,degC,ok
4070446570,2016,8,31,tmax_absolute,31.7959,degC,ok
4070446570,2016,8,31,tmin_absolute,15.6285,degC,ok
4070446570,2016,8,31,vpd_mean,1.8031,kPa,ok
4070446570,2016,8,31,rh_mean,40.3996,percent,ok
4070446570,2016,8,31,heat_index_max,78.4215,degF,ok
4070446570,2016,8,31,days_tmax_ge_35,0.1783,days,ok
4070446570,2016,8,31,days_tmax_ge_40,0,days,ok
4070424440,2016,8,31,tmax_mean,31.0797,degC,ok
4070424440,2016,8,31,tmin_mean,18.827,degC,ok
4070424440,2016,8,31,tmax_absolute,34.2063,degC,ok
4070424440,2016,8,31,tmin_absolute,16.3848,degC,ok
4070424440,2016,8,31,vpd_mean,2.0277,kPa,ok
4070424440,2016,8,31,rh_mean,40.9206,percent,ok
4070424440,2016,8,31,heat_index_max,80.4197,degF,ok
4070424440,2016,8,31,days_tmax_ge_35,2.1469,days,ok
4070424440,2016,8,31,days_tmax_ge_40,0,days,ok
4070424780,2016,8,31,tmax_mean,29.3432,degC,ok
4070424780,2016,8,31,tmin_mean,17.4514,degC,ok
4070424780,2016,8,31,tmax_absolute,32.4287,degC,ok
4070424780,2016,8,31,tmin_absolute,15.2887,degC,ok
4070424780,2016,8,31,vpd_mean,1.8442,kPa,ok
4070424780,2016,8,31,rh_mean,40.2052,percent,ok
4070424780,2016,8,31,heat_index_max,78.1451,degF,ok
4070424780,2016,8,31,days_tmax_ge_35,0.9611,days,ok
4070424780,2016,8,31,days_tmax_ge_40,0,days,ok
4070423230,2016,8,31,tmax_mean,32.9238,degC,ok
4070423230,2016,8,31,tmin_mean,19.2912,degC,ok
4070423230,2016,8,31,tmax_absolute,35.8324,degC,ok
4070423230,2016,8,31,tmin_absolute,16.7483,degC,ok
4070423230,2016,8,31,vpd_mean,2.2565,kPa,ok
4070423230,2016,8,31,rh_mean,38.369,percent,ok
4070423230,2016,8,31,heat_index_max,82.4682,degF,ok
4070423230,2016,8,31,days_tmax_ge_35,3.9091,days,ok
4070423230,2016,8,31,days_tmax_ge_40,0,days,ok
4070422950,2016,8,31,tmax_mean,30.1989,degC,ok
4070422950,2016,8,31,tmin_mean,18.0587,degC,ok
4070422950,2016,8,31,tmax_absolute,33.4305,degC,ok
4070422950,2016,8,31,tmin_absolute,15.7595,degC,ok
4070422950,2016,8,31,vpd_mean,2.0436,kPa,ok
4070422950,2016,8,31,rh_mean,36.7699,percent,ok
4070422950,2016,8,31,heat_index_max,79.351,degF,ok
4070422950,2016,8,31,days_tmax_ge_35,0.6206,days,ok
4070422950,2016,8,31,days_tmax_ge_40,0,days,ok
4070426190,2016,8,31,tmax_mean,32.557,degC,ok
4070426190,2016,8,31,tmin_mean,18.7394,degC,ok
4070426190,2016,8,31,tmax_absolute,35.3503,degC,ok
4070426190,2016,8,31,tmin_absolute,16.3198,degC,ok
4070426190,2016,8,31,vpd_mean,2.2166,kPa,ok
4070426190,2016,8,31,rh_mean,37.8808,percent,ok
4070426190,2016,8,31,heat_index_max,81.7455,degF,ok
4070426190,2016,8,31,days_tmax_ge_35,3.6,days,ok
4070426190,2016,8,31,days_tmax_ge_40,0,days,ok
4070338960,2016,8,31,tmax_mean,29.4194,degC,ok
4070338960,2016,8,31,tmin_mean,15.2273,degC,ok
4070338960,2016,8,31,tmax_absolute,32.0202,degC,ok
4070338960,2016,8,31,tmin_absolute,12.192,degC,ok
4070338960,2016,8,31,vpd_mean,1.7086,kPa,ok
4070338960,2016,8,31,rh_mean,42.6114,percent,ok
4070338960,2016,8,31,heat_index_max,75.9168,degF,ok
4070338960,2016,8,31,days_tmax_ge_35,0,days,ok
4070338960,2016,8,31,days_tmax_ge_40,0,days,ok
4070360020,2016,8,31,tmax_mean,26.0344,degC,ok
4070360020,2016,8,31,tmin_mean,14.6249,degC,ok
4070360020,2016,8,31,tmax_absolute,28.5203,degC,ok
4070360020,2016,8,31,tmin_absolute,12.2657,degC,ok
4070360020,2016,8,31,vpd_mean,1.3684,kPa,ok
4070360020,2016,8,31,rh_mean,46.7725,percent,ok
4070360020,2016,8,31,heat_index_max,72.4045,degF,ok
4070360020,2016,8,31,days_tmax_ge_35,0,days,ok
4070360020,2016,8,31,days_tmax_ge_40,0,days,ok
4070050360,2016,8,31,tmax_mean,36.0672,degC,ok
4070050360,2016,8,31,tmin_mean,21.6283,degC,ok
4070050360,2016,8,31,tmax_absolute,38.9266,degC,ok
4070050360,2016,8,31,tmin_absolute,16.6443,degC,ok
4070050360,2016,8,31,vpd_mean,3.2098,kPa,ok
4070050360,2016,8,31,rh_mean,25.8187,percent,ok
4070050360,2016,8,31,heat_index_max,86.8083,degF,ok
4070050360,2016,8,31,days_tmax_ge_35,23.589,days,ok
4070050360,2016,8,31,days_tmax_ge_40,0,days,ok
4070332820,2016,8,31,tmax_mean,35.5631,degC,ok
4070332820,2016,8,31,tmin_mean,21.2286,degC,ok
4070332820,2016,8,31,tmax_absolute,38.445,degC,ok
4070332820,2016,8,31,tmin_absolute,16.317,degC,ok
4070332820,2016,8,31,vpd_mean,3.1162,kPa,ok
4070332820,2016,8,31,rh_mean,26.0075,percent,ok
4070332820,2016,8,31,heat_index_max,85.8536,degF,ok
4070332820,2016,8,31,days_tmax_ge_35,22.6643,days,ok
4070332820,2016,8,31,days_tmax_ge_40,0,days,ok
4070333040,2016,8,31,tmax_mean,35.7603,degC,ok
4070333040,2016,8,31,tmin_mean,21.4011,degC,ok
4070333040,2016,8,31,tmax_absolute,38.5869,degC,ok
4070333040,2016,8,31,tmin_absolute,16.7405,degC,ok
4070333040,2016,8,31,vpd_mean,3.1482,kPa,ok
4070333040,2016,8,31,rh_mean,26.0397,percent,ok
4070333040,2016,8,31,heat_index_max,86.2772,degF,ok
4070333040,2016,8,31,days_tmax_ge_35,22.7069,days,ok
4070333040,2016,8,31,days_tmax_ge_40,0,days,ok
4070308440,2016,8,31,tmax_mean,35.4696,degC,ok
4070308440,2016,8,31,tmin_mean,21.2012,degC,ok
4070308440,2016,8,31,tmax_absolute,38.3027,degC,ok
4070308440,2016,8,31,tmin_absolute,16.981,degC,ok
4070308440,2016,8,31,vpd_mean,3.094,kPa,ok
4070308440,2016,8,31,rh_mean,26.1429,percent,ok
4070308440,2016,8,31,heat_index_max,85.6613,degF,ok
4070308440,2016,8,31,days_tmax_ge_35,22.7985,days,ok
4070308440,2016,8,31,days_tmax_ge_40,0,days,ok
4070308310,2016,8,31,tmax_mean,35.5967,degC,ok
4070308310,2016,8,31,tmin_mean,21.3621,degC,ok
4070308310,2016,8,31,tmax_absolute,38.5036,degC,ok
4070308310,2016,8,31,tmin_absolute,17.2715,degC,ok
4070308310,2016,8,31,vpd_mean,3.1304,kPa,ok
4070308310,2016,8,31,rh_mean,25.8344,percent,ok
4070308310,2016,8,31,heat_index_max,85.8891,degF,ok
4070308310,2016,8,31,days_tmax_ge_35,22.965,days,ok
4070308310,2016,8,31,days_tmax_ge_40,0,days,ok
4070296490,2016,8,31,tmax_mean,35.6572,degC,ok
4070296490,2016,8,31,tmin_mean,21.5025,degC,ok
4070296490,2016,8,31,tmax_absolute,38.5012,degC,ok
4070296490,2016,8,31,tmin_absolute,17.484,degC,ok
4070296490,2016,8,31,vpd_mean,3.1505,kPa,ok
4070296490,2016,8,31,rh_mean,25.6868,percent,ok
4070296490,2016,8,31,heat_index_max,86.0737,degF,ok
4070296490,2016,8,31,days_tmax_ge_35,22.9941,days,ok
4070296490,2016,8,31,days_tmax_ge_40,0,days,ok
4070300870,2016,8,31,tmax_mean,35.649,degC,ok
4070300870,2016,8,31,tmin_mean,21.5038,degC,ok
4070300870,2016,8,31,tmax_absolute,38.4151,degC,ok
4070300870,2016,8,31,tmin_absolute,17.4481,degC,ok
4070300870,2016,8,31,vpd_mean,3.1504,kPa,ok
4070300870,2016,8,31,rh_mean,25.6537,percent,ok
4070300870,2016,8,31,heat_index_max,86.0714,degF,ok
4070300870,2016,8,31,days_tmax_ge_35,22.9726,days,ok
4070300870,2016,8,31,days_tmax_ge_40,0,days,ok
4070299920,2016,8,31,tmax_mean,35.7539,degC,ok
4070299920,2016,8,31,tmin_mean,21.5825,degC,ok
4070299920,2016,8,31,tmax_absolute,38.6073,degC,ok
4070299920,2016,8,31,tmin_absolute,17.5155,degC,ok
4070299920,2016,8,31,vpd_mean,3.1784,kPa,ok
4070299920,2016,8,31,rh_mean,25.3908,percent,ok
4070299920,2016,8,31,heat_index_max,86.1183,degF,ok
4070299920,2016,8,31,days_tmax_ge_35,23.1793,days,ok
4070299920,2016,8,31,days_tmax_ge_40,0,days,ok
4070299570,2016,8,31,tmax_mean,35.844,degC,ok
4070299570,2016,8,31,tmin_mean,21.6348,degC,ok
4070299570,2016,8,31,tmax_absolute,38.7717,degC,ok
4070299570,2016,8,31,tmin_absolute,17.8108,degC,ok
4070299570,2016,8,31,vpd_mean,3.2018,kPa,ok
4070299570,2016,8,31,rh_mean,25.1595,percent,ok
4070299570,2016,8,31,heat_index_max,86.6253,degF,ok
4070299570,2016,8,31,days_tmax_ge_35,23.0666,days,ok
4070299570,2016,8,31,days_tmax_ge_40,0,days,ok
4070299930,2016,8,31,tmax_mean,35.795,degC,ok
4070299930,2016,8,31,tmin_mean,21.6354,degC,ok
4070299930,2016,8,31,tmax_absolute,38.6819,degC,ok
4070299930,2016,8,31,tmin_absolute,17.6604,degC,ok
4070299930,2016,8,31,vpd_mean,3.1954,kPa,ok
4070299930,2016,8,31,rh_mean,25.1726,percent,ok
4070299930,2016,8,31,heat_index_max,86.3689,degF,ok
4070299930,2016,8,31,days_tmax_ge_35,23.8554,days,ok
4070299930,2016,8,31,days_tmax_ge_40,0,days,ok
4070300170,2016,8,31,tmax_mean,35.8276,degC,ok
4070300170,2016,8,31,tmin_mean,21.6433,degC,ok
4070300170,2016,8,31,tmax_absolute,38.7101,degC,ok
4070300170,2016,8,31,tmin_absolute,17.465,degC,ok
4070300170,2016,8,31,vpd_mean,3.2001,kPa,ok
4070300170,2016,8,31,rh_mean,25.1808,percent,ok
4070300170,2016,8,31,heat_index_max,86.0916,degF,ok
4070300170,2016,8,31,days_tmax_ge_35,23.8752,days,ok
4070300170,2016,8,31,days_tmax_ge_40,0,days,ok
4070303130,2016,8,31,tmax_mean,35.8287,degC,ok
4070303130,2016,8,31,tmin_mean,21.6507,degC,ok
4070303130,2016,8,31,tmax_absolute,38.7502,degC,ok
4070303130,2016,8,31,tmin_absolute,17.2537,degC,ok
4070303130,2016,8,31,vpd_mean,3.2021,kPa,ok
4070303130,2016,8,31,rh_mean,25.1594,percent,ok
4070303130,2016,8,31,heat_index_max,85.8063,degF,ok
4070303130,2016,8,31,days_tmax_ge_35,23.7692,days,ok
4070303130,2016,8,31,days_tmax_ge_40,0,days,ok
4070308590,2016,8,31,tmax_mean,35.8381,degC,ok
4070308590,2016,8,31,tmin_mean,21.6296,degC,ok
4070308590,2016,8,31,tmax_absolute,38.8116,degC,ok
4070308590,2016,8,31,tmin_absolute,17.1236,degC,ok
4070308590,2016,8,31,vpd_mean,3.2027,kPa,ok
4070308590,2016,8,31,rh_mean,25.154,percent,ok
4070308590,2016,8,31,heat_index_max,85.6004,degF,ok
4070308590,2016,8,31,days_tmax_ge_35,23.7632,days,ok
4070308590,2016,8,31,days_tmax_ge_40,0,days,ok
4070358820,2016,8,31,tmax_mean,36.0632,degC,ok
4070358820,2016,8,31,tmin_mean,22.1945,degC,ok
4070358820,2016,8,31,tmax_absolute,39.3043,degC,ok
4070358820,2016,8,31,tmin_absolute,17.306,degC,ok
4070358820,2016,8,31,vpd_mean,3.2838,kPa,ok
4070358820,2016,8,31,rh_mean,24.7319,percent,ok
4070358820,2016,8,31,heat_index_max,86.7702,degF,ok
4070358820,2016,8,31,days_tmax_ge_35,23.7957,days,ok
4070358820,2016,8,31,days_tmax_ge_40,0.0434,days,ok
4070360000,2016,8,31,tmax_mean,35.9508,degC,ok
4070360000,2016,8,31,tmin_mean,21.7284,degC,ok
4070360000,2016,8,31,tmax_absolute,38.8644,degC,ok
4070360000,2016,8,31,tmin_absolute,17.0946,degC,ok
4070360000,2016,8,31,vpd_mean,3.2359,kPa,ok
4070360000,2016,8,31,rh_mean,24.8851,percent,ok
4070360000,2016,8,31,heat_index_max,85.9003,degF,ok
4070360000,2016,8,31,days_tmax_ge_35,23.9456,days,ok
4070360000,2016,8,31,days_tmax_ge_40,0,days,ok
4070365640,2016,8,31,tmax_mean,36.2207,degC,ok
4070365640,2016,8,31,tmin_mean,22.3145,degC,ok
4070365640,2016,8,31,tmax_absolute,39.4921,degC,ok
4070365640,2016,8,31,tmin_absolute,17.5829,degC,ok
4070365640,2016,8,31,vpd_mean,3.3325,kPa,ok
4070365640,2016,8,31,rh_mean,24.2377,percent,ok
4070365640,2016,8,31,heat_index_max,87.1616,degF,ok
4070365640,2016,8,31,days_tmax_ge_35,24.1157,days,ok
4070365640,2016,8,31,days_tmax_ge_40,0,days,ok
4070373160,2016,8,31,tmax_mean,36.3271,degC,ok
4070373160,2016,8,31,tmin_mean,22.3477,degC,ok
4070373160,2016,8,31,tmax_absolute,39.6695,degC,ok
4070373160,2016,8,31,tmin_absolute,17.34,degC,ok
4070373160,2016,8,31,vpd_mean,3.3519,kPa,ok
4070373160,2016,8,31,rh_mean,24.1558,percent,ok
4070373160,2016,8,31,heat_index_max,87.3098,degF,ok
4070373160,2016,8,31,days_tmax_ge_35,24.8891,days,ok
4070373160,2016,8,31,days_tmax_ge_40,0,days,ok
4070372800,2016,8,31,tmax_mean,36.1133,degC,ok
4070372800,2016,8,31,tmin_mean,22.0542,degC,ok
4070372800,2016,8,31,tmax_absolute,39.3157,degC,ok
4070372800,2016,8,31,tmin_absolute,17.6694,degC,ok
4070372800,2016,8,31,vpd_mean,3.2912,kPa,ok
4070372800,2016,8,31,rh_mean,24.517,percent,ok
4070372800,2016,8,31,heat_index_max,86.8678,degF,ok
4070372800,2016,8,31,days_tmax_ge_35,24,days,ok
4070372800,2016,8,31,days_tmax_ge_40,0,days,ok
4070050960,2016,8,31,tmax_mean,35.6291,degC,ok
4070050960,2016,8,31,tmin_mean,21.3846,degC,ok
4070050960,2016,8,31,tmax_absolute,38.621,degC,ok
4070050960,2016,8,31,tmin_absolute,17.2451,degC,ok
4070050960,2016,8,31,vpd_mean,3.0974,kPa,ok
4070050960,2016,8,31,rh_mean,27.1967,percent,ok
4070050960,2016,8,31,heat_index_max,86.4208,degF,ok
4070050960,2016,8,31,days_tmax_ge_35,19.8166,days,ok
4070050960,2016,8,31,days_tmax_ge_40,0.3347,days,ok
4070051400,2016,8,31,tmax_mean,35.9529,degC,ok
4070051400,2016,8,31,tmin_mean,21.5227,degC,ok
4070051400,2016,8,31,tmax_absolute,38.5138,degC,ok
4070051400,2016,8,31,tmin_absolute,17.3737,degC,ok
4070051400,2016,8,31,vpd_mean,3.2113,kPa,ok
4070051400,2016,8,31,rh_mean,25.2385,percent,ok
4070051400,2016,8,31,heat_index_max,85.9506,degF,ok
4070051400,2016,8,31,days_tmax_ge_35,22.4657,days,ok
4070051400,2016,8,31,days_tmax_ge_40,0,days,ok
4070051420,2016,8,31,tmax_mean,36.6232,degC,ok
4070051420,2016,8,31,tmin_mean,21.1262,degC,ok
4070051420,2016,8,31,tmax_absolute,39.4281,degC,ok
4070051420,2016,8,31,tmin_absolute,15.9565,degC,ok
4070051420,2016,8,31,vpd_mean,3.292,kPa,ok
4070051420,2016,8,31,rh_mean,24.6719,percent,ok
4070051420,2016,8,31,heat_index_max,86.7097,degF,ok
4070051420,2016,8,31,days_tmax_ge_35,25.966,days,ok
4070051420,2016,8,31,days_tmax_ge_40,0,days,ok
4070051720,2016,8,31,tmax_mean,36.5009,degC,ok
4070051720,2016,8,31,tmin_mean,22.3808,degC,ok
4070051720,2016,8,31,tmax_absolute,39.4442,degC,ok
4070051720,2016,8,31,tmin_absolute,17.8627,degC,ok
4070051720,2016,8,31,vpd_mean,3.3837,kPa,ok
4070051720,2016,8,31,rh_mean,24.0261,percent,ok
4070051720,2016,8,31,heat_index_max,87.1959,degF,ok
4070051720,2016,8,31,days_tmax_ge_35,24.9226,days,ok
4070051720,2016,8,31,days_tmax_ge_40,0,days,ok
4070051930,2016,8,31,tmax_mean,35.5945,degC,ok
4070051930,2016,8,31,tmin_mean,21.3585,degC,ok
4070051930,2016,8,31,tmax_absolute,38.3538,degC,ok
4070051930,2016,8,31,tmin_absolute,17.1331,degC,ok
4070051930,2016,8,31,vpd_mean,3.1313,kPa,ok
4070051930,2016,8,31,rh_mean,25.7629,percent,ok
4070051930,2016,8,31,heat_index_max,85.3793,degF,ok
4070051930,2016,8,31,days_tmax_ge_35,22.9976,days,ok
4070051930,2016,8,31,days_tmax_ge_40,0,days,ok
4070052070,2016,8,31,tmax_mean,36.6655,degC,ok
4070052070,2016,8,31,tmin_mean,22.1386,degC,ok
4070052070,2016,8,31,tmax_absolute,39.3864,degC,ok
4070052070,2016,8,31,tmin_absolute,17.797,degC,ok
4070052070,2016,8,31,vpd_mean,3.3392,kPa,ok
4070052070,2016,8,31,rh_mean,25.1756,percent,ok
4070052070,2016,8,31,heat_index_max,87.7248,degF,ok
4070052070,2016,8,31,days_tmax_ge_35,25.3157,days,ok
4070052070,2016,8,31,days_tmax_ge_40,0.1614,days,ok
4070052550,2016,8,31,tmax_mean,36.6431,degC,ok
4070052550,2016,8,31,tmin_mean,21.8869,degC,ok
4070052550,2016,8,31,tmax_absolute,39.4327,degC,ok
4070052550,2016,8,31,tmin_absolute,17.2801,degC,ok
4070052550,2016,8,31,vpd_mean,3.3,kPa,ok
4070052550,2016,8,31,rh_mean,25.5883,percent,ok
4070052550,2016,8,31,heat_index_max,87.6093,degF,ok
4070052550,2016,8,31,days_tmax_ge_35,25.9307,days,ok
4070052550,2016,8,31,days_tmax_ge_40,0,days,ok
4070052570,2016,8,31,tmax_mean,36.7178,degC,ok
4070052570,2016,8,31,tmin_mean,21.7195,degC,ok
4070052570,2016,8,31,tmax_absolute,39.6191,degC,ok
4070052570,2016,8,31,tmin_absolute,17.0119,degC,ok
4070052570,2016,8,31,vpd_mean,3.2902,kPa,ok
4070052570,2016,8,31,rh_mean,25.7861,percent,ok
4070052570,2016,8,31,heat_index_max,87.5381,degF,ok
4070052570,2016,8,31,days_tmax_ge_35,26.5442,days,ok
4070052570,2016,8,31,days_tmax_ge_40,0.0008,days,ok
4070052710,2016,8,31,tmax_mean,36.717,degC,ok
4070052710,2016,8,31,tmin_mean,22.2966,degC,ok
4070052710,2016,8,31,tmax_absolute,39.2561,degC,ok
4070052710,2016,8,31,tmin_absolute,18.1028,degC,ok
4070052710,2016,8,31,vpd_mean,3.3826,kPa,ok
4070052710,2016,8,31,rh_mean,24.5687,percent,ok
4070052710,2016,8,31,heat_index_max,87.5422,degF,ok
4070052710,2016,8,31,days_tmax_ge_35,25.2152,days,ok
4070052710,2016,8,31,days_tmax_ge_40,0.0236,days,ok
4070052800,2016,8,31,tmax_mean,36.1835,degC,ok
4070052800,2016,8,31,tmin_mean,21.56,degC,ok
4070052800,2016,8,31,tmax_absolute,38.9073,degC,ok
4070052800,2016,8,31,tmin_absolute,17.0505,degC,ok
4070052800,2016,8,31,vpd_mean,3.2787,kPa,ok
4070052800,2016,8,31,rh_mean,24.3479,percent,ok
4070052800,2016,8,31,heat_index_max,86.361,degF,ok
4070052800,2016,8,31,days_tmax_ge_35,23.8986,days,ok
4070052800,2016,8,31,days_tmax_ge_40,0.1954,days,ok
4070053010,2016,8,31,tmax_mean,35.7204,degC,ok
4070053010,2016,8,31,tmin_mean,21.4928,degC,ok
4070053010,2016,8,31,tmax_absolute,38.4784,degC,ok
4070053010,2016,8,31,tmin_absolute,17.0255,degC,ok
4070053010,2016,8,31,vpd_mean,3.1765,kPa,ok
4070053010,2016,8,31,rh_mean,25.278,percent,ok
4070053010,2016,8,31,heat_index_max,85.2999,degF,ok
4070053010,2016,8,31,days_tmax_ge_35,23.5761,days,ok
4070053010,2016,8,31,days_tmax_ge_40,0,days,ok
4070053030,2016,8,31,tmax_mean,35.3503,degC,ok
4070053030,2016,8,31,tmin_mean,21.048,degC,ok
4070053030,2016,8,31,tmax_absolute,38.0716,degC,ok
4070053030,2016,8,31,tmin_absolute,16.83,degC,ok
4070053030,2016,8,31,vpd_mean,3.0645,kPa,ok
4070053030,2016,8,31,rh_mean,26.2553,percent,ok
4070053030,2016,8,31,heat_index_max,84.9856,degF,ok
4070053030,2016,8,31,days_tmax_ge_35,21.86,days,ok
4070053030,2016,8,31,days_tmax_ge_40,0,days,ok
4070053630,2016,8,31,tmax_mean,36.9647,degC,ok
4070053630,2016,8,31,tmin_mean,21.1771,degC,ok
4070053630,2016,8,31,tmax_absolute,39.7769,degC,ok
4070053630,2016,8,31,tmin_absolute,15.7663,degC,ok
4070053630,2016,8,31,vpd_mean,3.3457,kPa,ok
4070053630,2016,8,31,rh_mean,24.4756,percent,ok
4070053630,2016,8,31,heat_index_max,87.0664,degF,ok
4070053630,2016,8,31,days_tmax_ge_35,27.7378,days,ok
4070053630,2016,8,31,days_tmax_ge_40,0.0419,days,ok
4070053700,2016,8,31,tmax_mean,36.4234,degC,ok
4070053700,2016,8,31,tmin_mean,22.3875,degC,ok
4070053700,2016,8,31,tmax_absolute,39.6086,degC,ok
4070053700,2016,8,31,tmin_absolute,17.8565,degC,ok
4070053700,2016,8,31,vpd_mean,3.3734,kPa,ok
4070053700,2016,8,31,rh_mean,24.0169,percent,ok
4070053700,2016,8,31,heat_index_max,87.3783,degF,ok
4070053700,2016,8,31,days_tmax_ge_35,24.9406,days,ok
4070053700,2016,8,31,days_tmax_ge_40,0,days,ok
4070053720,2016,8,31,tmax_mean,36.6184,degC,ok
4070053720,2016,8,31,tmin_mean,21.1132,degC,ok
4070053720,2016,8,31,tmax_absolute,39.5619,degC,ok
4070053720,2016,8,31,tmin_absolute,16.5598,degC,ok
4070053720,2016,8,31,vpd_mean,3.2886,kPa,ok
4070053720,2016,8,31,rh_mean,24.7235,percent,ok
4070053720,2016,8,31,heat_index_max,86.6667,degF,ok
4070053720,2016,8,31,days_tmax_ge_35,25.7666,days,ok
4070053720,2016,8,31,days_tmax_ge_40,0.1476,days,ok
4070053750,2016,8,31,tmax_mean,36.9873,degC,ok
4070053750,2016,8,31,tmin_mean,21.2574,degC,ok
4070053750,2016,8,31,tmax_absolute,39.7199,degC,ok
4070053750,2016,8,31,tmin_absolute,16.5207,degC,ok
4070053750,2016,8,31,vpd_mean,3.3326,kPa,ok
4070053750,2016,8,31,rh_mean,24.9289,percent,ok
4070053750,2016,8,31,heat_index_max,87.1011,degF,ok
4070053750,2016,8,31,days_tmax_ge_35,27.8606,days,ok
4070053750,2016,8,31,days_tmax_ge_40,0,days,ok
4070054170,2016,8,31,tmax_mean,35.8461,degC,ok
4070054170,2016,8,31,tmin_mean,21.3979,degC,ok
4070054170,2016,8,31,tmax_absolute,38.7281,degC,ok
4070054170,2016,8,31,tmin_absolute,17.0689,degC,ok
4070054170,2016,8,31,vpd_mean,3.1517,kPa,ok
4070054170,2016,8,31,rh_mean,26.1686,percent,ok
4070054170,2016,8,31,heat_index_max,86.4516,degF,ok
4070054170,2016,8,31,days_tmax_ge_35,22.291,days,ok
4070054170,2016,8,31,days_tmax_ge_40,0,days,ok
4070054200,2016,8,31,tmax_mean,36.3355,degC,ok
4070054200,2016,8,31,tmin_mean,22.3541,degC,ok
4070054200,2016,8,31,tmax_absolute,39.5854,degC,ok
4070054200,2016,8,31,tmin_absolute,17.6564,degC,ok
4070054200,2016,8,31,vpd_mean,3.3545,kPa,ok
4070054200,2016,8,31,rh_mean,24.139,percent,ok
4070054200,2016,8,31,heat_index_max,87.2992,degF,ok
4070054200,2016,8,31,days_tmax_ge_35,24.5973,days,ok
4070054200,2016,8,31,days_tmax_ge_40,0,days,ok
4070054440,2016,8,31,tmax_mean,35.9833,degC,ok
4070054440,2016,8,31,tmin_mean,22.0488,degC,ok
4070054440,2016,8,31,tmax_absolute,38.6958,degC,ok
4070054440,2016,8,31,tmin_absolute,17.7227,degC,ok
4070054440,2016,8,31,vpd_mean,3.2637,kPa,ok
4070054440,2016,8,31,rh_mean,24.9373,percent,ok
4070054440,2016,8,31,heat_index_max,86.6665,degF,ok
4070054440,2016,8,31,days_tmax_ge_35,22.2112,days,ok
4070054440,2016,8,31,days_tmax_ge_40,0.0029,days,ok
4070054450,2016,8,31,tmax_mean,35.8218,degC,ok
4070054450,2016,8,31,tmin_mean,21.6139,degC,ok
4070054450,2016,8,31,tmax_absolute,38.563,degC,ok
4070054450,2016,8,31,tmin_absolute,17.3187,degC,ok
4070054450,2016,8,31,vpd_mean,3.2171,kPa,ok
4070054450,2016,8,31,rh_mean,24.8543,percent,ok
4070054450,2016,8,31,heat_index_max,85.8131,degF,ok
4070054450,2016,8,31,days_tmax_ge_35,22.2363,days,ok
4070054450,2016,8,31,days_tmax_ge_40,0,days,ok
4070054780,2016,8,31,tmax_mean,36.0276,degC,ok
4070054780,2016,8,31,tmin_mean,20.983,degC,ok
4070054780,2016,8,31,tmax_absolute,38.6224,degC,ok
4070054780,2016,8,31,tmin_absolute,16.2689,degC,ok
4070054780,2016,8,31,vpd_mean,3.1762,kPa,ok
4070054780,2016,8,31,rh_mean,25.4362,percent,ok
4070054780,2016,8,31,heat_index_max,85.9845,degF,ok
4070054780,2016,8,31,days_tmax_ge_35,23.5202,days,ok
4070054780,2016,8,31,days_tmax_ge_40,0,days,ok
4070055270,2016,8,31,tmax_mean,35.529,degC,ok
4070055270,2016,8,31,tmin_mean,21.2823,degC,ok
4070055270,2016,8,31,tmax_absolute,38.1715,degC,ok
4070055270,2016,8,31,tmin_absolute,16.8811,degC,ok
4070055270,2016,8,31,vpd_mean,3.1278,kPa,ok
4070055270,2016,8,31,rh_mean,25.5924,percent,ok
4070055270,2016,8,31,heat_index_max,85.0495,degF,ok
4070055270,2016,8,31,days_tmax_ge_35,22.7454,days,ok
4070055270,2016,8,31,days_tmax_ge_40,0,days,ok
4070055360,2016,8,31,tmax_mean,35.8472,degC,ok
4070055360,2016,8,31,tmin_mean,21.5405,degC,ok
4070055360,2016,8,31,tmax_absolute,38.4861,degC,ok
4070055360,2016,8,31,tmin_absolute,17.3274,degC,ok
4070055360,2016,8,31,vpd_mean,3.2271,kPa,ok
4070055360,2016,8,31,rh_mean,24.5515,percent,ok
4070055360,2016,8,31,heat_index_max,85.9083,degF,ok
4070055360,2016,8,31,days_tmax_ge_35,22.3007,days,ok
4070055360,2016,8,31,days_tmax_ge_40,0.0023,days,ok
4070055680,2016,8,31,tmax_mean,35.7286,degC,ok
4070055680,2016,8,31,tmin_mean,20.3009,degC,ok
4070055680,2016,8,31,tmax_absolute,38.9671,degC,ok
4070055680,2016,8,31,tmin_absolute,15.1684,degC,ok
4070055680,2016,8,31,vpd_mean,2.8376,kPa,ok
4070055680,2016,8,31,rh_mean,31.9105,percent,ok
4070055680,2016,8,31,heat_index_max,85.5611,degF,ok
4070055680,2016,8,31,days_tmax_ge_35,22.8033,days,ok
4070055680,2016,8,31,days_tmax_ge_40,0,days,ok
4070055880,2016,8,31,tmax_mean,35.0283,degC,ok
4070055880,2016,8,31,tmin_mean,20.7689,degC,ok
4070055880,2016,8,31,tmax_absolute,37.9639,degC,ok
4070055880,2016,8,31,tmin_absolute,16.4741,degC,ok
4070055880,2016,8,31,vpd_mean,2.9809,kPa,ok
4070055880,2016,8,31,rh_mean,27.0839,percent,ok
4070055880,2016,8,31,heat_index_max,85.1259,degF,ok
4070055880,2016,8,31,days_tmax_ge_35,18.9592,days,ok
4070055880,2016,8,31,days_tmax_ge_40,0,days,ok
4070055920,2016,8,31,tmax_mean,36.4255,degC,ok
4070055920,2016,8,31,tmin_mean,21.5061,degC,ok
4070055920,2016,8,31,tmax_absolute,39.0415,degC,ok
4070055920,2016,8,31,tmin_absolute,16.9918,degC,ok
4070055920,2016,8,31,vpd_mean,3.2514,kPa,ok
4070055920,2016,8,31,rh_mean,25.5798,percent,ok
4070055920,2016,8,31,heat_index_max,86.9918,degF,ok
4070055920,2016,8,31,days_tmax_ge_35,24.5839,days,ok
4070055920,2016,8,31,days_tmax_ge_40,0,days,ok
4070055950,2016,8,31,tmax_mean,36.2711,degC,ok
4070055950,2016,8,31,tmin_mean,22.0382,degC,ok
4070055950,2016,8,31,tmax_absolute,38.9045,degC,ok
4070055950,2016,8,31,tmin_absolute,17.6812,degC,ok
4070055950,2016,8,31,vpd_mean,3.3159,kPa,ok
4070055950,2016,8,31,rh_mean,24.4438,percent,ok
4070055950,2016,8,31,heat_index_max,86.4763,degF,ok
4070055950,2016,8,31,days_tmax_ge_35,24.1319,days,ok
4070055950,2016,8,31,days_tmax_ge_40,0,days,ok
4070056730,2016,8,31,tmax_mean,35.9936,degC,ok
4070056730,2016,8,31,tmin_mean,21.7998,degC,ok
4070056730,2016,8,31,tmax_absolute,38.8355,degC,ok
4070056730,2016,8,31,tmin_absolute,17.5263,degC,ok
4070056730,2016,8,31,vpd_mean,3.2173,kPa,ok
4070056730,2016,8,31,rh_mean,25.6292,percent,ok
4070056730,2016,8,31,heat_index_max,86.7677,degF,ok
4070056730,2016,8,31,days_tmax_ge_35,22.5163,days,ok
4070056730,2016,8,31,days_tmax_ge_40,0,days,ok
4070056820,2016,8,31,tmax_mean,35.0077,degC,ok
4070056820,2016,8,31,tmin_mean,20.7345,degC,ok
4070056820,2016,8,31,tmax_absolute,37.8218,degC,ok
4070056820,2016,8,31,tmin_absolute,16.5023,degC,ok
4070056820,2016,8,31,vpd_mean,2.991,kPa,ok
4070056820,2016,8,31,rh_mean,26.7022,percent,ok
4070056820,2016,8,31,heat_index_max,84.6446,degF,ok
4070056820,2016,8,31,days_tmax_ge_35,19.1004,days,ok
4070056820,2016,8,31,days_tmax_ge_40,0,days,ok
4070057090,2016,8,31,tmax_mean,35.3514,degC,ok
4070057090,2016,8,31,tmin_mean,21.0631,degC,ok
4070057090,2016,8,31,tmax_absolute,38.2136,degC,ok
4070057090,2016,8,31,tmin_absolute,16.7838,degC,ok
4070057090,2016,8,31,vpd_mean,3.0571,kPa,ok
4070057090,2016,8,31,rh_mean,26.5193,percent,ok
4070057090,2016,8,31,heat_index_max,85.5796,degF,ok
4070057090,2016,8,31,days_tmax_ge_35,21.4375,days,ok
4070057090,2016,8,31,days_tmax_ge_40,0,days,ok
4070057190,2016,8,31,tmax_mean,36.3018,degC,ok
4070057190,2016,8,31,tmin_mean,22.2604,degC,ok
4070057190,2016,8,31,tmax_absolute,39.3374,degC,ok
4070057190,2016,8,31,tmin_absolute,17.9231,degC,ok
4070057190,2016,8,31,vpd_mean,3.3402,kPa,ok
4070057190,2016,8,31,rh_mean,24.2482,percent,ok
4070057190,2016,8,31,heat_index_max,86.9495,degF,ok
4070057190,2016,8,31,days_tmax_ge_35,23.9707,days,ok
4070057190,2016,8,31,days_tmax_ge_40,0,days,ok
4070057270,2016,8,31,tmax_mean,36.2641,degC,ok
4070057270,2016,8,31,tmin_mean,21.3189,degC,ok
4070057270,2016,8,31,tmax_absolute,39.4106,degC,ok
4070057270,2016,8,31,tmin_absolute,16.2593,degC,ok
4070057270,2016,8,31,vpd_mean,3.196,kPa,ok
4070057270,2016,8,31,rh_mean,26.2936,percent,ok
4070057270,2016,8,31,heat_index_max,86.5585,degF,ok
4070057270,2016,8,31,days_tmax_ge_35,24.4838,days,ok
4070057270,2016,8,31,days_tmax_ge_40,0,days,ok
4070059930,2016,8,31,tmax_mean,36.6597,degC,ok
4070059930,2016,8,31,tmin_mean,21.6697,degC,ok
4070059930,2016,8,31,tmax_absolute,39.4967,degC,ok
4070059930,2016,8,31,tmin_absolute,17.1182,degC,ok
4070059930,2016,8,31,vpd_mean,3.2957,kPa,ok
4070059930,2016,8,31,rh_mean,25.417,percent,ok
4070059930,2016,8,31,heat_index_max,87.3526,degF,ok
4070059930,2016,8,31,days_tmax_ge_35,26.4288,days,ok
4070059930,2016,8,31,days_tmax_ge_40,0,days,ok
4070060340,2016,8,31,tmax_mean,36.4821,degC,ok
4070060340,2016,8,31,tmin_mean,22.4164,degC,ok
4070060340,2016,8,31,tmax_absolute,39.4856,degC,ok
4070060340,2016,8,31,tmin_absolute,18.0642,degC,ok
4070060340,2016,8,31,vpd_mean,3.3813,kPa,ok
4070060340,2016,8,31,rh_mean,24.063,percent,ok
4070060340,2016,8,31,heat_index_max,87.2057,degF,ok
4070060340,2016,8,31,days_tmax_ge_35,24.0584,days,ok
4070060340,2016,8,31,days_tmax_ge_40,0,days,ok
4070060790,2016,8,31,tmax_mean,35.6745,degC,ok
4070060790,2016,8,31,tmin_mean,21.5491,degC,ok
4070060790,2016,8,31,tmax_absolute,38.3618,degC,ok
4070060790,2016,8,31,tmin_absolute,17.3164,degC,ok
4070060790,2016,8,31,vpd_mean,3.1734,kPa,ok
4070060790,2016,8,31,rh_mean,25.3279,percent,ok
4070060790,2016,8,31,heat_index_max,85.4704,degF,ok
4070060790,2016,8,31,days_tmax_ge_35,21.997,days,ok
4070060790,2016,8,31,days_tmax_ge_40,0,days,ok
4070061130,2016,8,31,tmax_mean,36.2234,degC,ok
4070061130,2016,8,31,tmin_mean,20.8956,degC,ok
4070061130,2016,8,31,tmax_absolute,39.2825,degC,ok
4070061130,2016,8,31,tmin_absolute,16.8572,degC,ok
4070061130,2016,8,31,vpd_mean,3.2154,kPa,ok
4070061130,2016,8,31,rh_mean,24.9996,percent,ok
4070061130,2016,8,31,heat_index_max,86.0754,degF,ok
4070061130,2016,8,31,days_tmax_ge_35,24.4399,days,ok
4070061130,2016,8,31,days_tmax_ge_40,0,days,ok
4070062210,2016,8,31,tmax_mean,35.5432,degC,ok
4070062210,2016,8,31,tmin_mean,20.9121,degC,ok
4070062210,2016,8,31,tmax_absolute,38.1662,degC,ok
4070062210,2016,8,31,tmin_absolute,15.9416,degC,ok
4070062210,2016,8,31,vpd_mean,3.1188,kPa,ok
4070062210,2016,8,31,rh_mean,25.2835,percent,ok
4070062210,2016,8,31,heat_index_max,85.2367,degF,ok
4070062210,2016,8,31,days_tmax_ge_35,21.654,days,ok
4070062210,2016,8,31,days_tmax_ge_40,0,days,ok
4070063060,2016,8,31,tmax_mean,36.6326,degC,ok
4070063060,2016,8,31,tmin_mean,21.6397,degC,ok
4070063060,2016,8,31,tmax_absolute,39.3752,degC,ok
4070063060,2016,8,31,tmin_absolute,17.1705,degC,ok
4070063060,2016,8,31,vpd_mean,3.2956,kPa,ok
4070063060,2016,8,31,rh_mean,25.2979,percent,ok
4070063060,2016,8,31,heat_index_max,87.1571,degF,ok
4070063060,2016,8,31,days_tmax_ge_35,25.4922,days,ok
4070063060,2016,8,31,days_tmax_ge_40,0,days,ok
4070063130,2016,8,31,tmax_mean,37.4211,degC,ok
4070063130,2016,8,31,tmin_mean,21.1401,degC,ok
4070063130,2016,8,31,tmax_absolute,40.1796,degC,ok
4070063130,2016,8,31,tmin_absolute,17.7039,degC,ok
4070063130,2016,8,31,vpd_mean,3.4062,kPa,ok
4070063130,2016,8,31,rh_mean,24.3557,percent,ok
4070063130,2016,8,31,heat_index_max,85.7753,degF,ok
4070063130,2016,8,31,days_tmax_ge_35,28,days,ok
4070063130,2016,8,31,days_tmax_ge_40,1.0692,days,ok
4070063840,2016,8,31,tmax_mean,37.3205,degC,ok
4070063840,2016,8,31,tmin_mean,20.8644,degC,ok
4070063840,2016,8,31,tmax_absolute,40.1758,degC,ok
4070063840,2016,8,31,tmin_absolute,17.3789,degC,ok
4070063840,2016,8,31,vpd_mean,3.3448,kPa,ok
4070063840,2016,8,31,rh_mean,25.0904,percent,ok
4070063840,2016,8,31,heat_index_max,85.7093,degF,ok
4070063840,2016,8,31,days_tmax_ge_35,28.016,days,ok
4070063840,2016,8,31,days_tmax_ge_40,1.0566,days,ok
4070067970,2016,8,31,tmax_mean,36.5723,degC,ok
4070067970,2016,8,31,tmin_mean,21.5037,degC,ok
4070067970,2016,8,31,tmax_absolute,39.345,degC,ok
4070067970,2016,8,31,tmin_absolute,17.0002,degC,ok
4070067970,2016,8,31,vpd_mean,3.2722,kPa,ok
4070067970,2016,8,31,rh_mean,25.472,percent,ok
4070067970,2016,8,31,heat_index_max,87.07,degF,ok
4070067970,2016,8,31,days_tmax_ge_35,25.5725,days,ok
4070067970,2016,8,31,days_tmax_ge_40,0,days,ok
4070068640,2016,8,31,tmax_mean,36.5875,degC,ok
4070068640,2016,8,31,tmin_mean,21.3999,degC,ok
4070068640,2016,8,31,tmax_absolute,39.3641,degC,ok
4070068640,2016,8,31,tmin_absolute,16.8337,degC,ok
4070068640,2016,8,31,vpd_mean,3.2659,kPa,ok
4070068640,2016,8,31,rh_mean,25.5113,percent,ok
4070068640,2016,8,31,heat_index_max,87.0197,degF,ok
4070068640,2016,8,31,days_tmax_ge_35,26.0201,days,ok
4070068640,2016,8,31,days_tmax_ge_40,0,days,ok
4070070230,2016,8,31,tmax_mean,36.3022,degC,ok
4070070230,2016,8,31,tmin_mean,20.9974,degC,ok
4070070230,2016,8,31,tmax_absolute,39.105,degC,ok
4070070230,2016,8,31,tmin_absolute,16.2629,degC,ok
4070070230,2016,8,31,vpd_mean,3.2385,kPa,ok
4070070230,2016,8,31,rh_mean,24.7774,percent,ok
4070070230,2016,8,31,heat_index_max,86.4026,degF,ok
4070070230,2016,8,31,days_tmax_ge_35,25.4977,days,ok
4070070230,2016,8,31,days_tmax_ge_40,0,days,ok
4070070790,2016,8,31,tmax_mean,36.5842,degC,ok
4070070790,2016,8,31,tmin_mean,22.0275,degC,ok
4070070790,2016,8,31,tmax_absolute,39.4234,degC,ok
4070070790,2016,8,31,tmin_absolute,17.6461,degC,ok
4070070790,2016,8,31,vpd_mean,3.2949,kPa,ok
4070070790,2016,8,31,rh_mean,25.7624,percent,ok
4070070790,2016,8,31,heat_index_max,87.7389,degF,ok
4070070790,2016,8,31,days_tmax_ge_35,25.9447,days,ok
4070070790,2016,8,31,days_tmax_ge_40,0,days,ok
4070071230,2016,8,31,tmax_mean,36.5622,degC,ok
4070071230,2016,8,31,tmin_mean,21.1147,degC,ok
4070071230,2016,8,31,tmax_absolute,39.1785,degC,ok
4070071230,2016,8,31,tmin_absolute,16.4153,degC,ok
4070071230,2016,8,31,vpd_mean,3.2587,kPa,ok
4070071230,2016,8,31,rh_mean,25.2083,percent,ok
4070071230,2016,8,31,heat_index_max,86.7022,degF,ok
4070071230,2016,8,31,days_tmax_ge_35,26.0181,days,ok
4070071230,2016,8,31,days_tmax_ge_40,0,days,ok
4070073210,2016,8,31,tmax_mean,36.6842,degC,ok
4070073210,2016,8,31,tmin_mean,21.425,degC,ok
4070073210,2016,8,31,tmax_absolute,39.51,degC,ok
4070073210,2016,8,31,tmin_absolute,16.9014,degC,ok
4070073210,2016,8,31,vpd_mean,3.334,kPa,ok
4070073210,2016,8,31,rh_mean,24.2936,percent,ok
4070073210,2016,8,31,heat_index_max,87.0774,degF,ok
4070073210,2016,8,31,days_tmax_ge_35,26,days,ok
4070073210,2016,8,31,days_tmax_ge_40,0,days,ok
4070074500,2016,8,31,tmax_mean,36.3194,degC,ok
4070074500,2016,8,31,tmin_mean,21.929,degC,ok
4070074500,2016,8,31,tmax_absolute,38.8612,degC,ok
4070074500,2016,8,31,tmin_absolute,17.9097,degC,ok
4070074500,2016,8,31,vpd_mean,3.3047,kPa,ok
4070074500,2016,8,31,rh_mean,24.6431,percent,ok
4070074500,2016,8,31,heat_index_max,86.5192,degF,ok
4070074500,2016,8,31,days_tmax_ge_35,23.9969,days,ok
4070074500,2016,8,31,days_tmax_ge_40,0,days,ok
4070077230,2016,8,31,tmax_mean,35.237,degC,ok
4070077230,2016,8,31,tmin_mean,21.1416,degC,ok
4070077230,2016,8,31,tmax_absolute,37.8563,degC,ok
4070077230,2016,8,31,tmin_absolute,16.7881,degC,ok
4070077230,2016,8,31,vpd_mean,3.0759,kPa,ok
4070077230,2016,8,31,rh_mean,25.8102,percent,ok
4070077230,2016,8,31,heat_index_max,84.7398,degF,ok
4070077230,2016,8,31,days_tmax_ge_35,20.746,days,ok
4070077230,2016,8,31,days_tmax_ge_40,0,days,ok
