date,value,valid_area_percent,source_asset,source_image
2000-02-24,,0.0,MODIS/061/MCD43A3,2000_02_24
2000-02-25,,0.0,MODIS/061/MCD43A3,2000_02_25
2000-02-26,,0.0,MODIS/061/MCD43A3,2000_02_26
2000-02-27,,0.0,MODIS/061/MCD43A3,2000_02_27
2000-02-28,,0.0,MODIS/061/MCD43A3,2000_02_28
2000-02-29,,0.0,MODIS/061/MCD43A3,2000_02_29
2000-03-01,0.5528805023912281,0.10250913764512805,MODIS/061/MCD43A3,2000_03_01
2000-03-02,0.6081538661654625,0.7032854874366014,MODIS/061/MCD43A3,2000_03_02
2000-03-03,0.6008116006293894,3.036340163911671,MODIS/061/MCD43A3,2000_03_03
2000-03-04,0.600963188340661,3.061838284977888,MODIS/061/MCD43A3,2000_03_04
2000-03-05,0.6137660530808738,5.927403648656535,MODIS/061/MCD43A3,2000_03_05
2000-03-06,0.6132876305946386,4.995669000939217,MODIS/061/MCD43A3,2000_03_06
2000-03-07,0.6093402949480131,6.177572280592651,MODIS/061/MCD43A3,2000_03_07
2000-03-08,0.6092758155456809,6.267204810307264,MODIS/061/MCD43A3,2000_03_08
2000-03-09,0.6106215823028731,6.322755677347063,MODIS/061/MCD43A3,2000_03_09
2000-03-10,0.6187707781729356,8.268638400493465,MODIS/061/MCD43A3,2000_03_10
2000-03-11,0.6304776128681852,5.970676987121512,MODIS/061/MCD43A3,2000_03_11
2000-03-12,0.6377948486095579,6.300209451611246,MODIS/061/MCD43A3,2000_03_12
2000-03-13,0.6293090978462762,11.578665837935857,MODIS/061/MCD43A3,2000_03_13
2000-03-14,0.6257630678430389,16.50355496494286,MODIS/061/MCD43A3,2000_03_14
2000-03-15,0.6177923164722718,20.0902817834484,MODIS/061/MCD43A3,2000_03_15
2000-03-16,0.6152782189443816,13.294457207651753,MODIS/061/MCD43A3,2000_03_16
2000-03-17,0.6026492007070376,13.432712706117306,MODIS/061/MCD43A3,2000_03_17
2000-03-18,0.6054731812994394,8.036028615933654,MODIS/061/MCD43A3,2000_03_18
2000-03-19,0.6207086316716994,4.776731266519816,MODIS/061/MCD43A3,2000_03_19
2000-03-20,0.6190262061818542,4.761497380257623,MODIS/061/MCD43A3,2000_03_20
2000-03-21,0.6207586149508235,1.9991845595454567,MODIS/061/MCD43A3,2000_03_21
2000-03-22,0.6211209822095921,1.6526621315645595,MODIS/061/MCD43A3,2000_03_22
2000-03-23,0.6374991929377404,0.6044692129493874,MODIS/061/MCD43A3,2000_03_23
2000-03-24,0.6244467152701456,2.021430407853826,MODIS/061/MCD43A3,2000_03_24
2000-03-25,0.6275185290388032,2.063317800117202,MODIS/061/MCD43A3,2000_03_25
2000-03-26,0.6107377425932995,0.9355185151710017,MODIS/061/MCD43A3,2000_03_26
2000-03-27,0.6297480829455459,0.4047771531116048,MODIS/061/MCD43A3,2000_03_27
2000-03-28,0.6401502415298184,0.06678593752641307,MODIS/061/MCD43A3,2000_03_28
2000-03-29,0.6140183030076622,0.042296787504603944,MODIS/061/MCD43A3,2000_03_29
2000-03-30,,0.0,MODIS/061/MCD43A3,2000_03_30
2000-03-31,,0.0,MODIS/061/MCD43A3,2000_03_31
2000-04-01,0.6056803975471267,0.23798614284387043,MODIS/061/MCD43A3,2000_04_01
2000-04-02,0.5582003436785322,0.04759732777766493,MODIS/061/MCD43A3,2000_04_02
2000-04-03,0.5580003471607486,0.04759732777766493,MODIS/061/MCD43A3,2000_04_03
2000-04-04,0.5510002208226078,0.03807761865539394,MODIS/061/MCD43A3,2000_04_04
2000-04-05,0.4842857244323209,0.133272355003593,MODIS/061/MCD43A3,2000_04_05
2000-04-06,0.48100001523107866,0.14279177481610444,MODIS/061/MCD43A3,2000_04_06
2000-04-07,0.5425699452501587,0.45898534842069316,MODIS/061/MCD43A3,2000_04_07
2000-04-08,0.5417891061468988,0.48056259880661084,MODIS/061/MCD43A3,2000_04_08
2000-04-09,0.5177147891291768,0.06663623809644839,MODIS/061/MCD43A3,2000_04_09
2000-04-10,0.5028728570763622,0.06917460905497384,MODIS/061/MCD43A3,2000_04_10
2000-04-11,0.42655079327630463,0.20013131385203775,MODIS/061/MCD43A3,2000_04_11
2000-04-12,0.49190773339826155,0.8913984956351921,MODIS/061/MCD43A3,2000_04_12
2000-04-13,0.48767478074537013,1.727766719133369,MODIS/061/MCD43A3,2000_04_13
2000-04-14,0.5077827895255679,2.537724410095239,MODIS/061/MCD43A3,2000_04_14
2000-04-15,0.42200944647862354,4.29028964518742,MODIS/061/MCD43A3,2000_04_15
2000-04-16,0.43015928851270224,5.027855588529744,MODIS/061/MCD43A3,2000_04_16
2000-04-17,0.23183577394309146,5.473599480732613,MODIS/061/MCD43A3,2000_04_17
2000-04-18,0.2181869989687675,5.709824518484723,MODIS/061/MCD43A3,2000_04_18
2000-04-19,0.2158940905488472,5.662225475046718,MODIS/061/MCD43A3,2000_04_19
2000-04-20,0.18504940803744346,4.605714606398324,MODIS/061/MCD43A3,2000_04_20
2000-04-21,0.1533252999421149,4.247774011221467,MODIS/061/MCD43A3,2000_04_21
2000-04-22,0.15510525133761055,4.266813519169856,MODIS/061/MCD43A3,2000_04_22
2000-04-23,0.15467774213283347,3.3761894072532703,MODIS/061/MCD43A3,2000_04_23
2000-04-24,0.15651173467264473,3.2803649216583435,MODIS/061/MCD43A3,2000_04_24
2000-04-25,0.15505465778099195,3.2708449333254226,MODIS/061/MCD43A3,2000_04_25
2000-04-26,0.18278806215163929,3.540388389583547,MODIS/061/MCD43A3,2000_04_26
2000-04-27,0.14982143580315632,1.9283527327884293,MODIS/061/MCD43A3,2000_04_27
2000-04-28,0.13822092936051678,0.4758806039083512,MODIS/061/MCD43A3,2000_04_28
2000-04-29,0.13834675650381242,0.4949197037339381,MODIS/061/MCD43A3,2000_04_29
2000-04-30,0.13856695912541653,0.9232855267032083,MODIS/061/MCD43A3,2000_04_30
2000-05-01,0.1402264731472598,0.17142107171235876,MODIS/061/MCD43A3,2000_05_01
2000-05-02,0.13667560649079186,0.2759427994871576,MODIS/061/MCD43A3,2000_05_02
2000-05-03,,0.0,MODIS/061/MCD43A3,2000_05_03
2000-05-04,,0.0,MODIS/061/MCD43A3,2000_05_04
2000-05-05,,0.0,MODIS/061/MCD43A3,2000_05_05
2000-05-06,,0.0,MODIS/061/MCD43A3,2000_05_06
2000-05-07,0.15,0.009519499417250221,MODIS/061/MCD43A3,2000_05_07
2000-05-08,0.142611958706154,0.8075617062459018,MODIS/061/MCD43A3,2000_05_08
2000-05-09,0.14220157624571642,2.062760551542103,MODIS/061/MCD43A3,2000_05_09
2000-05-10,0.14327188089988957,17.07280207982877,MODIS/061/MCD43A3,2000_05_10
2000-05-11,0.14300788557721147,20.881343904475006,MODIS/061/MCD43A3,2000_05_11
2000-05-12,0.144987807214691,23.311674967488162,MODIS/061/MCD43A3,2000_05_12
2000-05-13,0.14504782207494596,24.069683826844873,MODIS/061/MCD43A3,2000_05_13
2000-05-14,0.1449023310772231,24.107763121952303,MODIS/061/MCD43A3,2000_05_14
2000-05-15,0.14557880377327564,22.92944635332777,MODIS/061/MCD43A3,2000_05_15
2000-05-16,0.14764206786881,24.80270281146778,MODIS/061/MCD43A3,2000_05_16
2000-05-17,0.15040661872137095,33.39959215064372,MODIS/061/MCD43A3,2000_05_17
2000-05-18,0.15291734207866037,37.366062079372405,MODIS/061/MCD43A3,2000_05_18
2000-05-19,0.1614944914596147,48.965651583866105,MODIS/061/MCD43A3,2000_05_19
2000-05-20,0.16273529471860537,49.634881056675994,MODIS/061/MCD43A3,2000_05_20
2000-05-21,0.16154803221610628,49.022257235292855,MODIS/061/MCD43A3,2000_05_21
2000-05-22,0.15929878648072093,44.95400715396193,MODIS/061/MCD43A3,2000_05_22
2000-05-23,0.15757589966812158,40.96599172770527,MODIS/061/MCD43A3,2000_05_23
2000-05-24,0.15352880577010491,33.51296508387901,MODIS/061/MCD43A3,2000_05_24
2000-05-25,0.14876538509396958,24.60416948535251,MODIS/061/MCD43A3,2000_05_25
2000-05-26,0.14323013859665443,25.720903528734166,MODIS/061/MCD43A3,2000_05_26
2000-05-27,0.14382147219484312,28.26378212969244,MODIS/061/MCD43A3,2000_05_27
2000-05-28,0.14867170824922873,36.47416202762047,MODIS/061/MCD43A3,2000_05_28
2000-05-29,0.15233745592569053,42.02752475264671,MODIS/061/MCD43A3,2000_05_29
2000-05-30,0.15296915626847438,44.65545816227262,MODIS/061/MCD43A3,2000_05_30
2000-05-31,0.15296936016813334,47.1250191891283,MODIS/061/MCD43A3,2000_05_31
2000-06-01,0.15263364656633527,44.85341189971082,MODIS/061/MCD43A3,2000_06_01
2000-06-02,0.14899842741223296,40.093686585418574,MODIS/061/MCD43A3,2000_06_02
2000-06-03,0.15112425438732957,42.889008179715084,MODIS/061/MCD43A3,2000_06_03
2000-06-04,0.14380938887181252,43.77611488149044,MODIS/061/MCD43A3,2000_06_04
2000-06-05,0.14218217555533366,43.567799535848806,MODIS/061/MCD43A3,2000_06_05
2000-06-06,0.14351613446631595,44.752959158107686,MODIS/061/MCD43A3,2000_06_06
2000-06-07,0.14357048678102383,45.428845335957185,MODIS/061/MCD43A3,2000_06_07
2000-06-08,0.14569694937904434,48.880399960447086,MODIS/061/MCD43A3,2000_06_08
2000-06-09,0.14568053879559878,50.0941388989248,MODIS/061/MCD43A3,2000_06_09
2000-06-10,0.14851887456982324,53.469468587081074,MODIS/061/MCD43A3,2000_06_10
2000-06-11,0.15251699194227158,59.93973593959872,MODIS/061/MCD43A3,2000_06_11
2000-06-12,0.15254398946908151,59.63075270595207,MODIS/061/MCD43A3,2000_06_12
2000-06-13,0.14577113231450187,53.51901620748702,MODIS/061/MCD43A3,2000_06_13
2000-06-14,0.14360876661661992,50.47680211230494,MODIS/061/MCD43A3,2000_06_14
2000-06-15,0.14289770587636116,49.431727902874904,MODIS/061/MCD43A3,2000_06_15
2000-06-16,0.1416282952498866,46.22200644647425,MODIS/061/MCD43A3,2000_06_16
2000-06-17,0.14299921475742494,49.126094116853565,MODIS/061/MCD43A3,2000_06_17
2000-06-18,0.14326550379346037,52.16653788923232,MODIS/061/MCD43A3,2000_06_18
2000-06-19,0.14258490069490415,51.38227103199791,MODIS/061/MCD43A3,2000_06_19
2000-06-20,0.14081781964998924,37.75449680133484,MODIS/061/MCD43A3,2000_06_20
2000-06-21,0.1406769007597149,34.48058827605745,MODIS/061/MCD43A3,2000_06_21
2000-06-22,0.13971892553691265,28.871395205184157,MODIS/061/MCD43A3,2000_06_22
2000-06-23,0.13932443518693816,35.16092478347887,MODIS/061/MCD43A3,2000_06_23
2000-06-24,0.1396069899244449,29.8481429082025,MODIS/061/MCD43A3,2000_06_24
2000-06-25,0.13962755345102018,28.98654230383228,MODIS/061/MCD43A3,2000_06_25
2000-06-26,0.13976702884029776,29.502419140978976,MODIS/061/MCD43A3,2000_06_26
2000-06-27,0.13863418298099045,30.953003134656246,MODIS/061/MCD43A3,2000_06_27
2000-06-28,0.13880780667862663,33.525960074271666,MODIS/061/MCD43A3,2000_06_28
2000-06-29,0.13895782396705952,35.62252271291625,MODIS/061/MCD43A3,2000_06_29
2000-06-30,0.13979592609019395,46.0984010024842,MODIS/061/MCD43A3,2000_06_30
2000-07-01,0.14093570319346374,54.0683111910479,MODIS/061/MCD43A3,2000_07_01
2000-07-02,0.14077712285216315,64.16097801475787,MODIS/061/MCD43A3,2000_07_02
2000-07-03,0.14072132306510962,61.85162765920258,MODIS/061/MCD43A3,2000_07_03
2000-07-04,0.14067600207795053,56.311244391979145,MODIS/061/MCD43A3,2000_07_04
2000-07-05,0.14035533766381303,57.431396849272566,MODIS/061/MCD43A3,2000_07_05
2000-07-06,0.14049556987259687,58.317868242336225,MODIS/061/MCD43A3,2000_07_06
2000-07-07,0.14055276051410404,60.389655186766404,MODIS/061/MCD43A3,2000_07_07
2000-07-08,0.14056367730960978,60.723981386578345,MODIS/061/MCD43A3,2000_07_08
2000-07-09,0.1406859852623323,56.71988738044663,MODIS/061/MCD43A3,2000_07_09
2000-07-10,0.14064633130282359,54.46881478489376,MODIS/061/MCD43A3,2000_07_10
2000-07-11,0.1405516608273589,54.681414074659784,MODIS/061/MCD43A3,2000_07_11
2000-07-12,0.14149494307399513,45.823082577856916,MODIS/061/MCD43A3,2000_07_12
2000-07-13,0.1418779000644261,38.294409313576594,MODIS/061/MCD43A3,2000_07_13
2000-07-14,0.1426795694299471,39.34524366031172,MODIS/061/MCD43A3,2000_07_14
2000-07-15,0.14251982158522433,38.56739671276955,MODIS/061/MCD43A3,2000_07_15
2000-07-16,0.1425622021288453,32.21911057757183,MODIS/061/MCD43A3,2000_07_16
2000-07-17,0.14141845865029234,24.95274813943547,MODIS/061/MCD43A3,2000_07_17
2000-07-18,0.1414389033646014,25.564453478519223,MODIS/061/MCD43A3,2000_07_18
2000-07-19,0.14178494459025956,30.71568876261384,MODIS/061/MCD43A3,2000_07_19
2000-07-20,0.1407432268863473,39.971322498679946,MODIS/061/MCD43A3,2000_07_20
2000-07-21,0.14136627605968677,34.69336902997638,MODIS/061/MCD43A3,2000_07_21
2000-07-22,0.14130382132108743,38.71856233886203,MODIS/061/MCD43A3,2000_07_22
2000-07-23,0.14164128881203725,39.60352520026453,MODIS/061/MCD43A3,2000_07_23
2000-07-24,0.14142917550321008,41.79619538720192,MODIS/061/MCD43A3,2000_07_24
2000-07-25,0.14133899102733552,44.77537071452672,MODIS/061/MCD43A3,2000_07_25
2000-07-26,0.14120047726080734,46.32490219955255,MODIS/061/MCD43A3,2000_07_26
2000-07-27,0.14155795450660305,55.78193245141889,MODIS/061/MCD43A3,2000_07_27
2000-07-28,0.14191726329441673,63.18413354070828,MODIS/061/MCD43A3,2000_07_28
2000-07-29,0.14152838033850743,72.4060287430295,MODIS/061/MCD43A3,2000_07_29
2000-07-30,0.14151964796098485,71.34396540554572,MODIS/061/MCD43A3,2000_07_30
2000-07-31,0.14166169080153224,69.56137355400044,MODIS/061/MCD43A3,2000_07_31
2000-08-01,0.14163780467669798,69.73656230676711,MODIS/061/MCD43A3,2000_08_01
2000-08-02,0.1420155210481854,66.8043200237439,MODIS/061/MCD43A3,2000_08_02
2000-08-03,0.14290537782566493,54.654701227731266,MODIS/061/MCD43A3,2000_08_03
2000-08-04,0.1432324756624485,37.10537233357308,MODIS/061/MCD43A3,2000_08_04
2000-08-05,0.14255439185262245,21.823368183009354,MODIS/061/MCD43A3,2000_08_05
2000-08-06,0.1406002926126646,13.701774331113183,MODIS/061/MCD43A3,2000_08_06
2000-08-07,0.14180557252122902,5.0115271008249955,MODIS/061/MCD43A3,2000_08_07
2000-08-08,0.1463447247892741,0.36228882168634774,MODIS/061/MCD43A3,2000_08_08
2000-08-09,,0.0,MODIS/061/MCD43A3,2000_08_09
2000-08-10,,0.0,MODIS/061/MCD43A3,2000_08_10
2000-08-11,,0.0,MODIS/061/MCD43A3,2000_08_11
2000-08-12,,0.0,MODIS/061/MCD43A3,2000_08_12
2000-08-13,,0.0,MODIS/061/MCD43A3,2000_08_13
2000-08-14,,0.0,MODIS/061/MCD43A3,2000_08_14
2000-08-15,,0.0,MODIS/061/MCD43A3,2000_08_15
2000-08-16,,0.0,MODIS/061/MCD43A3,2000_08_16
2000-08-17,0.1390435284564272,0.4378924951299222,MODIS/061/MCD43A3,2000_08_17
2000-08-18,0.14093803617807948,5.7219751384686175,MODIS/061/MCD43A3,2000_08_18
2000-08-19,0.13987576866212884,21.654587931499545,MODIS/061/MCD43A3,2000_08_19
2000-08-20,0.14053244055693898,42.276055269227136,MODIS/061/MCD43A3,2000_08_20
2000-08-21,0.14209213338153975,63.304330036139476,MODIS/061/MCD43A3,2000_08_21
2000-08-22,0.14351378947821647,77.15258443454942,MODIS/061/MCD43A3,2000_08_22
2000-08-23,0.14333722145531702,83.00378013472863,MODIS/061/MCD43A3,2000_08_23
2000-08-24,0.14359234376361862,85.03704913694348,MODIS/061/MCD43A3,2000_08_24
2000-08-25,0.14334307001608887,88.50926716531363,MODIS/061/MCD43A3,2000_08_25
2000-08-26,0.14372814463577288,90.41043232673206,MODIS/061/MCD43A3,2000_08_26
2000-08-27,0.144331776146593,91.26326464250145,MODIS/061/MCD43A3,2000_08_27
2000-08-28,0.14527662458589125,90.07299262845805,MODIS/061/MCD43A3,2000_08_28
2000-08-29,0.14573199578903265,90.52476402373692,MODIS/061/MCD43A3,2000_08_29
2000-08-30,0.14529049448854547,93.58104485938806,MODIS/061/MCD43A3,2000_08_30
2000-08-31,0.14538618997199695,92.67395221630072,MODIS/061/MCD43A3,2000_08_31
2000-09-01,0.14571138345452703,93.45944572296189,MODIS/061/MCD43A3,2000_09_01
2000-09-02,0.14589319964132388,92.86305365932895,MODIS/061/MCD43A3,2000_09_02
2000-09-03,0.14649897533149367,92.24934235331132,MODIS/061/MCD43A3,2000_09_03
2000-09-04,0.1466685896701036,92.14291491727431,MODIS/061/MCD43A3,2000_09_04
2000-09-05,0.14716708148109495,90.2995811915687,MODIS/061/MCD43A3,2000_09_05
2000-09-06,0.14743470028039635,91.09102258476273,MODIS/061/MCD43A3,2000_09_06
2000-09-07,0.14774887096439482,90.6749893096692,MODIS/061/MCD43A3,2000_09_07
2000-09-08,0.14790233062536937,90.39983683524936,MODIS/061/MCD43A3,2000_09_08
2000-09-09,0.14777289905097904,91.87276312813725,MODIS/061/MCD43A3,2000_09_09
2000-09-10,0.14818635423738583,91.84771520008566,MODIS/061/MCD43A3,2000_09_10
2000-09-11,0.14840900628284276,90.80691229911076,MODIS/061/MCD43A3,2000_09_11
2000-09-12,0.14895872867712837,89.56774442375408,MODIS/061/MCD43A3,2000_09_12
2000-09-13,0.14954788753765758,89.55514751334002,MODIS/061/MCD43A3,2000_09_13
2000-09-14,0.1498666259457579,87.7563056481922,MODIS/061/MCD43A3,2000_09_14
2000-09-15,0.15090748194854056,80.56120078365254,MODIS/061/MCD43A3,2000_09_15
2000-09-16,0.15030276902499615,82.70881965551118,MODIS/061/MCD43A3,2000_09_16
2000-09-17,0.15060297865208921,82.1691953111797,MODIS/061/MCD43A3,2000_09_17
2000-09-18,0.1505095324373678,75.72296183179422,MODIS/061/MCD43A3,2000_09_18
2000-09-19,0.151376688017322,64.15777836467646,MODIS/061/MCD43A3,2000_09_19
2000-09-20,0.151871425101132,54.61341239357444,MODIS/061/MCD43A3,2000_09_20
2000-09-21,0.15223526385209168,54.65465553708299,MODIS/061/MCD43A3,2000_09_21
2000-09-22,0.15251701481339522,41.90487645209122,MODIS/061/MCD43A3,2000_09_22
2000-09-23,0.15299761042071888,31.91020027866979,MODIS/061/MCD43A3,2000_09_23
2000-09-24,0.1548177185503211,24.737995065252964,MODIS/061/MCD43A3,2000_09_24
2000-09-25,0.1549498060468205,19.02796855410244,MODIS/061/MCD43A3,2000_09_25
2000-09-26,0.15596652722963605,12.665127870982163,MODIS/061/MCD43A3,2000_09_26
2000-09-27,0.15630281356730585,12.703206478162075,MODIS/061/MCD43A3,2000_09_27
2000-09-28,0.1585029738883541,6.057194903253063,MODIS/061/MCD43A3,2000_09_28
2000-09-29,0.15672111412373185,1.584183864351537,MODIS/061/MCD43A3,2000_09_29
2000-09-30,0.1579328016907293,0.24731103988074285,MODIS/061/MCD43A3,2000_09_30
2000-10-01,,0.0,MODIS/061/MCD43A3,2000_10_01
2000-10-02,,0.0,MODIS/061/MCD43A3,2000_10_02
2000-10-03,0.16149999999999998,0.019038979824413573,MODIS/061/MCD43A3,2000_10_03
2000-10-04,0.14629426542695498,1.0315861664120667,MODIS/061/MCD43A3,2000_10_04
2000-10-05,0.159,0.019038979824413573,MODIS/061/MCD43A3,2000_10_05
2000-10-06,,0.0,MODIS/061/MCD43A3,2000_10_06
2000-10-07,,0.0,MODIS/061/MCD43A3,2000_10_07
2000-10-08,,0.0,MODIS/061/MCD43A3,2000_10_08
2000-10-09,,0.0,MODIS/061/MCD43A3,2000_10_09
2000-10-10,,0.0,MODIS/061/MCD43A3,2000_10_10
2000-10-11,,0.0,MODIS/061/MCD43A3,2000_10_11
2000-10-12,,0.0,MODIS/061/MCD43A3,2000_10_12
2000-10-13,,0.0,MODIS/061/MCD43A3,2000_10_13
2000-10-14,,0.0,MODIS/061/MCD43A3,2000_10_14
2000-10-15,,0.0,MODIS/061/MCD43A3,2000_10_15
2000-10-16,,0.0,MODIS/061/MCD43A3,2000_10_16
2000-10-17,,0.0,MODIS/061/MCD43A3,2000_10_17
2000-10-18,,0.0,MODIS/061/MCD43A3,2000_10_18
2000-10-19,,0.0,MODIS/061/MCD43A3,2000_10_19
2000-10-20,,0.0,MODIS/061/MCD43A3,2000_10_20
2000-10-21,0.7429995082828005,0.028559317467681658,MODIS/061/MCD43A3,2000_10_21
2000-10-22,0.6275997855823074,0.14279661704166902,MODIS/061/MCD43A3,2000_10_22
2000-10-23,0.599221869390178,0.1713561228280237,MODIS/061/MCD43A3,2000_10_23
2000-10-24,0.6068746682802834,0.15231709369619734,MODIS/061/MCD43A3,2000_10_24
2000-10-25,0.6137993083527205,0.047598755316375724,MODIS/061/MCD43A3,2000_10_25
2000-10-26,0.4928767915299455,0.07615791238644942,MODIS/061/MCD43A3,2000_10_26
2000-10-27,0.4767958698714945,0.4663421787335367,MODIS/061/MCD43A3,2000_10_27
2000-10-28,0.4829335512160186,0.4853814080653404,MODIS/061/MCD43A3,2000_10_28
2000-10-29,0.47575935616116516,0.5329790566382213,MODIS/061/MCD43A3,2000_10_29
2000-10-30,0.2959215147692841,1.1834544893556438,MODIS/061/MCD43A3,2000_10_30
2000-10-31,0.2904636897980686,1.1653488977282689,MODIS/061/MCD43A3,2000_10_31
2000-11-01,0.290168571348066,1.1561276166119383,MODIS/061/MCD43A3,2000_11_01
2000-11-02,0.3012838440738468,1.251769400341218,MODIS/061/MCD43A3,2000_11_02
2000-11-03,0.2893267623988122,1.1781853640679278,MODIS/061/MCD43A3,2000_11_03
2000-11-04,0.17363147971060072,0.6358457181633236,MODIS/061/MCD43A3,2000_11_04
2000-11-05,0.1737811919719166,0.6358457181633236,MODIS/061/MCD43A3,2000_11_05
2000-11-06,0.22525200377261861,0.03807622573889657,MODIS/061/MCD43A3,2000_11_06
2000-11-07,0.434,0.009519343219170837,MODIS/061/MCD43A3,2000_11_07
2000-11-08,0.434,0.009519343219170837,MODIS/061/MCD43A3,2000_11_08
2000-11-09,0.439,0.009519343219170837,MODIS/061/MCD43A3,2000_11_09
2000-11-10,,0.0,MODIS/061/MCD43A3,2000_11_10
2000-11-11,,0.0,MODIS/061/MCD43A3,2000_11_11
2000-11-12,,0.0,MODIS/061/MCD43A3,2000_11_12
2000-11-13,0.41800417038771975,0.019038198117647353,MODIS/061/MCD43A3,2000_11_13
2000-11-14,0.3858912243789355,0.08567201450068283,MODIS/061/MCD43A3,2000_11_14
2000-11-15,0.4625368461429229,0.14278966887782982,MODIS/061/MCD43A3,2000_11_15
2000-11-16,0.4723783615496883,0.15230905189929567,MODIS/061/MCD43A3,2000_11_16
2000-11-17,0.4585573691653222,0.3521782084318713,MODIS/061/MCD43A3,2000_11_17
2000-11-18,0.4138157212676902,0.40932888671846235,MODIS/061/MCD43A3,2000_11_18
2000-11-19,0.45344150722185694,0.8507657228692587,MODIS/061/MCD43A3,2000_11_19
2000-11-20,0.44030786484360185,1.1530333180065095,MODIS/061/MCD43A3,2000_11_20
2000-11-21,0.4367701003155509,1.2765224862632143,MODIS/061/MCD43A3,2000_11_21
2000-11-22,0.44376555174096954,1.2089537587133,MODIS/061/MCD43A3,2000_11_22
2000-11-23,0.43047096002398705,1.447315944412164,MODIS/061/MCD43A3,2000_11_23
2000-11-24,0.430205210373705,1.7614549413431762,MODIS/061/MCD43A3,2000_11_24
2000-11-25,0.42852455308071147,1.7614556678835764,MODIS/061/MCD43A3,2000_11_25
2000-11-26,0.44771329527594494,1.5522905839468155,MODIS/061/MCD43A3,2000_11_26
2000-11-27,0.47735622585121484,0.6479548327937218,MODIS/061/MCD43A3,2000_11_27
2000-11-28,0.46912394779705885,0.676511865017602,MODIS/061/MCD43A3,2000_11_28
2000-11-29,0.428174050348614,0.5717962363168265,MODIS/061/MCD43A3,2000_11_29
2000-11-30,0.4639680225697029,0.27643525992768325,MODIS/061/MCD43A3,2000_11_30
2000-12-01,0.482186512017085,0.13300985758553324,MODIS/061/MCD43A3,2000_12_01
2000-12-02,0.47919244085530605,0.1234905244654522,MODIS/061/MCD43A3,2000_12_02
2000-12-03,0.4826686223661119,0.02855823936214158,MODIS/061/MCD43A3,2000_12_03
2000-12-04,0.46761273773343126,0.056855191436756616,MODIS/061/MCD43A3,2000_12_04
2000-12-05,0.436,0.009519343219170837,MODIS/061/MCD43A3,2000_12_05
2000-12-06,,0.0,MODIS/061/MCD43A3,2000_12_06
2000-12-07,,0.0,MODIS/061/MCD43A3,2000_12_07
2000-12-08,,0.0,MODIS/061/MCD43A3,2000_12_08
2000-12-09,,0.0,MODIS/061/MCD43A3,2000_12_09
2000-12-10,,0.0,MODIS/061/MCD43A3,2000_12_10
2000-12-11,,0.0,MODIS/061/MCD43A3,2000_12_11
2000-12-12,,0.0,MODIS/061/MCD43A3,2000_12_12
2000-12-13,,0.0,MODIS/061/MCD43A3,2000_12_13
2000-12-14,,0.0,MODIS/061/MCD43A3,2000_12_14
2000-12-15,,0.0,MODIS/061/MCD43A3,2000_12_15
2000-12-16,,0.0,MODIS/061/MCD43A3,2000_12_16
2000-12-17,,0.0,MODIS/061/MCD43A3,2000_12_17
2000-12-18,,0.0,MODIS/061/MCD43A3,2000_12_18
2000-12-19,,0.0,MODIS/061/MCD43A3,2000_12_19
2000-12-20,,0.0,MODIS/061/MCD43A3,2000_12_20
2000-12-21,,0.0,MODIS/061/MCD43A3,2000_12_21
2000-12-22,,0.0,MODIS/061/MCD43A3,2000_12_22
2000-12-23,,0.0,MODIS/061/MCD43A3,2000_12_23
2000-12-24,,0.0,MODIS/061/MCD43A3,2000_12_24
2000-12-25,,0.0,MODIS/061/MCD43A3,2000_12_25
2000-12-26,,0.0,MODIS/061/MCD43A3,2000_12_26
2000-12-27,,0.0,MODIS/061/MCD43A3,2000_12_27
2000-12-28,,0.0,MODIS/061/MCD43A3,2000_12_28
2000-12-29,0.6821427530679072,0.06663842372279519,MODIS/061/MCD43A3,2000_12_29
2000-12-30,0.5527062745527043,0.44741947790449366,MODIS/061/MCD43A3,2000_12_30
2000-12-31,0.5306379243588345,0.39030015871393614,MODIS/061/MCD43A3,2000_12_31
2001-01-01,0.5665873280883041,0.780608015439879,MODIS/061/MCD43A3,2001_01_01
2001-01-02,0.5516092714898245,0.9327707351279113,MODIS/061/MCD43A3,2001_01_02
2001-01-03,0.549579925369256,0.9137319462471281,MODIS/061/MCD43A3,2001_01_03
2001-01-04,0.5109644785231732,1.242673949227004,MODIS/061/MCD43A3,2001_01_04
2001-01-05,0.4656650708619328,2.2740795402797995,MODIS/061/MCD43A3,2001_01_05
2001-01-06,0.4457916678323982,2.731148929943764,MODIS/061/MCD43A3,2001_01_06
2001-01-07,0.4393363415960389,2.721482604404124,MODIS/061/MCD43A3,2001_01_07
2001-01-08,0.44347867928114726,2.607697293948996,MODIS/061/MCD43A3,2001_01_08
2001-01-09,0.442983163811078,2.3033448386745263,MODIS/061/MCD43A3,2001_01_09
2001-01-10,0.44628917851549976,1.6489738339242057,MODIS/061/MCD43A3,2001_01_10
2001-01-11,0.44177037140950454,1.6391557107458672,MODIS/061/MCD43A3,2001_01_11
2001-01-12,0.44326527221817674,1.7057894760393897,MODIS/061/MCD43A3,2001_01_12
2001-01-13,0.44982879353259664,1.591820373041347,MODIS/061/MCD43A3,2001_01_13
2001-01-14,0.457996028891205,0.570898396944643,MODIS/061/MCD43A3,2001_01_14
2001-01-15,0.4766479847404228,0.1618291026488156,MODIS/061/MCD43A3,2001_01_15
2001-01-16,0.5023640058027239,0.10471300353149553,MODIS/061/MCD43A3,2001_01_16
2001-01-17,0.5725713694757342,0.06663567045710722,MODIS/061/MCD43A3,2001_01_17
2001-01-18,0.42227680428942593,0.018777280337994126,MODIS/061/MCD43A3,2001_01_18
2001-01-19,0.42227680428942593,0.018777280337994126,MODIS/061/MCD43A3,2001_01_19
2001-01-20,,0.0,MODIS/061/MCD43A3,2001_01_20
2001-01-21,,0.0,MODIS/061/MCD43A3,2001_01_21
2001-01-22,,0.0,MODIS/061/MCD43A3,2001_01_22
2001-01-23,,0.0,MODIS/061/MCD43A3,2001_01_23
2001-01-24,,0.0,MODIS/061/MCD43A3,2001_01_24
2001-01-25,,0.0,MODIS/061/MCD43A3,2001_01_25
2001-01-26,0.6497509044692561,0.03807755228404306,MODIS/061/MCD43A3,2001_01_26
2001-01-27,0.47800000000000004,0.009519223218221625,MODIS/061/MCD43A3,2001_01_27
2001-01-28,0.47800000000000004,0.009519223218221625,MODIS/061/MCD43A3,2001_01_28
2001-01-29,0.47700000000000004,0.009519223218221625,MODIS/061/MCD43A3,2001_01_29
2001-01-30,0.47600000000000003,0.009519223218221625,MODIS/061/MCD43A3,2001_01_30
2001-01-31,0.6149994365289736,0.0285576607437033,MODIS/061/MCD43A3,2001_01_31
2001-02-01,,0.0,MODIS/061/MCD43A3,2001_02_01
2001-02-02,,0.0,MODIS/061/MCD43A3,2001_02_02
2001-02-03,,0.0,MODIS/061/MCD43A3,2001_02_03
2001-02-04,0.6498002663639031,0.047596246785211224,MODIS/061/MCD43A3,2001_02_04
2001-02-05,0.6496002641796716,0.047596246785211224,MODIS/061/MCD43A3,2001_02_05
2001-02-06,0.6662789571132067,0.9233821022065182,MODIS/061/MCD43A3,2001_02_06
2001-02-07,0.6147725145426512,1.9984672256222746,MODIS/061/MCD43A3,2001_02_07
2001-02-08,0.5785966184053644,3.0392315601125333,MODIS/061/MCD43A3,2001_02_08
2001-02-09,0.5670503233863028,2.071809268347939,MODIS/061/MCD43A3,2001_02_09
2001-02-10,0.5994091786955899,1.008564885112165,MODIS/061/MCD43A3,2001_02_10
2001-02-11,0.6669289053222405,0.13327209717928984,MODIS/061/MCD43A3,2001_02_11
2001-02-12,0.6527503662154905,0.11423348686343977,MODIS/061/MCD43A3,2001_02_12
2001-02-13,0.6520836980614959,0.11423348686343977,MODIS/061/MCD43A3,2001_02_13
2001-02-14,0.6681855184884867,0.2570261319850837,MODIS/061/MCD43A3,2001_02_14
2001-02-15,0.665178868554938,0.2665457211061813,MODIS/061/MCD43A3,2001_02_15
2001-02-16,0.6913338039502406,0.028558539242250474,MODIS/061/MCD43A3,2001_02_16
2001-02-17,0.599805785261157,0.3804035894919727,MODIS/061/MCD43A3,2001_02_17
2001-02-18,0.5971827414234427,0.3708840003708751,MODIS/061/MCD43A3,2001_02_18
2001-02-19,0.6001231884735384,0.9066909277767699,MODIS/061/MCD43A3,2001_02_19
2001-02-20,0.6055444066679788,0.23503340956002255,MODIS/061/MCD43A3,2001_02_20
2001-02-21,0.5627556782355204,1.3974602364615085,MODIS/061/MCD43A3,2001_02_21
2001-02-22,0.5812090576599643,0.3108146543496546,MODIS/061/MCD43A3,2001_02_22
2001-02-23,0.5172587503582251,0.36546237624642636,MODIS/061/MCD43A3,2001_02_23
2001-02-24,0.5365268965657904,0.7935761261580595,MODIS/061/MCD43A3,2001_02_24
2001-02-25,0.5176638701821819,1.1984590109126987,MODIS/061/MCD43A3,2001_02_25
2001-02-26,0.5098786097895793,1.1775142658656874,MODIS/061/MCD43A3,2001_02_26
2001-02-27,0.511122399483379,1.2060730635263064,MODIS/061/MCD43A3,2001_02_27
2001-02-28,0.5072869974633462,1.8918760114963917,MODIS/061/MCD43A3,2001_02_28
2001-03-01,0.5097058485231701,2.974463138719531,MODIS/061/MCD43A3,2001_03_01
2001-03-02,0.5052746109421409,4.260952257609814,MODIS/061/MCD43A3,2001_03_02
2001-03-03,0.5040677037423064,4.308549037659351,MODIS/061/MCD43A3,2001_03_03
2001-03-04,0.5035835164952268,4.299664725594418,MODIS/061/MCD43A3,2001_03_04
2001-03-05,0.5065632528035414,3.6290173424870438,MODIS/061/MCD43A3,2001_03_05
2001-03-06,0.5092214117276304,4.345439703481128,MODIS/061/MCD43A3,2001_03_06
2001-03-07,0.5322650800578086,4.719435287166648,MODIS/061/MCD43A3,2001_03_07
2001-03-08,0.5404981811332851,4.218958502759552,MODIS/061/MCD43A3,2001_03_08
2001-03-09,0.5445722799614325,4.182405979978522,MODIS/061/MCD43A3,2001_03_09
2001-03-10,0.5549838410084043,6.4380275987765465,MODIS/061/MCD43A3,2001_03_10
2001-03-11,0.5530045445903007,7.8314587505398405,MODIS/061/MCD43A3,2001_03_11
2001-03-12,0.5617092458060643,4.364590918942282,MODIS/061/MCD43A3,2001_03_12
2001-03-13,0.547855760739508,3.915071227355296,MODIS/061/MCD43A3,2001_03_13
2001-03-14,0.554870093986759,7.506198073310143,MODIS/061/MCD43A3,2001_03_14
2001-03-15,0.5534970529317053,10.094581596053866,MODIS/061/MCD43A3,2001_03_15
2001-03-16,0.5594381678986874,11.027303573418198,MODIS/061/MCD43A3,2001_03_16
2001-03-17,0.5419548670196964,7.719995227236047,MODIS/061/MCD43A3,2001_03_17
2001-03-18,0.5345782363628405,6.182440270791209,MODIS/061/MCD43A3,2001_03_18
2001-03-19,0.5396126947926322,10.497982212448997,MODIS/061/MCD43A3,2001_03_19
2001-03-20,0.5392239310153546,10.561036024339241,MODIS/061/MCD43A3,2001_03_20
2001-03-21,0.5383789238487834,10.602698005853442,MODIS/061/MCD43A3,2001_03_21
2001-03-22,0.54300018734128,10.829641072234761,MODIS/061/MCD43A3,2001_03_22
2001-03-23,0.5558115290374935,14.326563717921642,MODIS/061/MCD43A3,2001_03_23
2001-03-24,0.5578695058192931,14.799559211723373,MODIS/061/MCD43A3,2001_03_24
2001-03-25,0.5644404325111844,14.10311702419922,MODIS/061/MCD43A3,2001_03_25
2001-03-26,0.553077866852869,4.40188840249377,MODIS/061/MCD43A3,2001_03_26
2001-03-27,0.5592137136999329,2.242688485473809,MODIS/061/MCD43A3,2001_03_27
2001-03-28,0.5634099749280466,2.2564271038387913,MODIS/061/MCD43A3,2001_03_28
2001-03-29,0.5769716886515589,5.080654327059064,MODIS/061/MCD43A3,2001_03_29
2001-03-30,0.5808550782470366,4.352685314192793,MODIS/061/MCD43A3,2001_03_30
2001-03-31,0.5806717413987851,1.946937339165952,MODIS/061/MCD43A3,2001_03_31
2001-04-01,0.5999336123099829,3.435146738508498,MODIS/061/MCD43A3,2001_04_01
2001-04-02,0.5928025842379337,3.0732602793958947,MODIS/061/MCD43A3,2001_04_02
2001-04-03,0.577247105018316,2.655702600793549,MODIS/061/MCD43A3,2001_04_03
2001-04-04,0.5116586106735878,0.29843119468197415,MODIS/061/MCD43A3,2001_04_04
2001-04-05,0.3622653249345453,0.47425174772065454,MODIS/061/MCD43A3,2001_04_05
2001-04-06,0.37601494523386275,1.0438472100219727,MODIS/061/MCD43A3,2001_04_06
2001-04-07,0.31274944137605676,1.5038609636969014,MODIS/061/MCD43A3,2001_04_07
2001-04-08,0.2424035991671679,0.7741881008217076,MODIS/061/MCD43A3,2001_04_08
2001-04-09,0.23486994052908938,2.0829830668015465,MODIS/061/MCD43A3,2001_04_09
2001-04-10,0.23816145450317916,2.111542004661556,MODIS/061/MCD43A3,2001_04_10
2001-04-11,0.27210980059812945,3.207304051163049,MODIS/061/MCD43A3,2001_04_11
2001-04-12,0.25084664667153395,2.9597939296502105,MODIS/061/MCD43A3,2001_04_12
2001-04-13,0.24976080846232335,2.950274609640655,MODIS/061/MCD43A3,2001_04_13
2001-04-14,0.21849812721422537,3.96878557521009,MODIS/061/MCD43A3,2001_04_14
2001-04-15,0.21044674408824804,3.713516146372736,MODIS/061/MCD43A3,2001_04_15
2001-04-16,0.20348107978472793,3.6373576434854624,MODIS/061/MCD43A3,2001_04_16
2001-04-17,0.18629171855562437,3.082280301572875,MODIS/061/MCD43A3,2001_04_17
2001-04-18,0.16972251176661646,4.243104458508931,MODIS/061/MCD43A3,2001_04_18
2001-04-19,0.17968075042838214,4.154823252194946,MODIS/061/MCD43A3,2001_04_19
2001-04-20,0.25945266414018586,9.096642081938493,MODIS/061/MCD43A3,2001_04_20
2001-04-21,0.27178879900038666,10.890762990551412,MODIS/061/MCD43A3,2001_04_21
2001-04-22,0.25573448493785705,11.06157651334827,MODIS/061/MCD43A3,2001_04_22
2001-04-23,0.25341744274770966,9.48816075594946,MODIS/061/MCD43A3,2001_04_23
2001-04-24,0.2532645293867597,9.354894143180232,MODIS/061/MCD43A3,2001_04_24
2001-04-25,0.2376576731804111,9.758983875790467,MODIS/061/MCD43A3,2001_04_25
2001-04-26,0.26036363847963695,14.013601681314777,MODIS/061/MCD43A3,2001_04_26
2001-04-27,0.22405220870345274,12.345356003682372,MODIS/061/MCD43A3,2001_04_27
2001-04-28,0.22972644092545932,14.551802526299364,MODIS/061/MCD43A3,2001_04_28
2001-04-29,0.23015615318432095,14.6184369697248,MODIS/061/MCD43A3,2001_04_29
2001-04-30,0.20921259609535872,12.198858548441503,MODIS/061/MCD43A3,2001_04_30
2001-05-01,0.20193559520436144,12.011409465087638,MODIS/061/MCD43A3,2001_05_01
2001-05-02,0.20208536951680026,12.039444841334435,MODIS/061/MCD43A3,2001_05_02
2001-05-03,0.20533923897213016,14.010541936673578,MODIS/061/MCD43A3,2001_05_03
2001-05-04,0.16380911645830729,12.04780880676925,MODIS/061/MCD43A3,2001_05_04
2001-05-05,0.143817835255094,8.716900157646553,MODIS/061/MCD43A3,2001_05_05
2001-05-06,0.13838848640962984,3.1346205131330396,MODIS/061/MCD43A3,2001_05_06
2001-05-07,0.13692099339984284,3.3344067799164288,MODIS/061/MCD43A3,2001_05_07
2001-05-08,0.140353649417415,3.666717501004382,MODIS/061/MCD43A3,2001_05_08
2001-05-09,0.14322957761276262,9.445582242337812,MODIS/061/MCD43A3,2001_05_09
2001-05-10,0.14526475292266988,11.437146278529637,MODIS/061/MCD43A3,2001_05_10
2001-05-11,0.14008476749241774,5.091368284557458,MODIS/061/MCD43A3,2001_05_11
2001-05-12,0.1404284547505114,3.4378515839194854,MODIS/061/MCD43A3,2001_05_12
2001-05-13,0.14647214054886315,13.727141064800362,MODIS/061/MCD43A3,2001_05_13
2001-05-14,0.14911844628029092,14.509567494070701,MODIS/061/MCD43A3,2001_05_14
2001-05-15,0.14877134025754574,14.842559346265976,MODIS/061/MCD43A3,2001_05_15
2001-05-16,0.1515900436334747,16.59302314338944,MODIS/061/MCD43A3,2001_05_16
2001-05-17,0.1518671739678469,16.65984609697494,MODIS/061/MCD43A3,2001_05_17
2001-05-18,0.15492390011032703,19.392978272776652,MODIS/061/MCD43A3,2001_05_18
2001-05-19,0.15988733700900523,21.385930940058273,MODIS/061/MCD43A3,2001_05_19
2001-05-20,0.16699871289852092,24.400417318239448,MODIS/061/MCD43A3,2001_05_20
2001-05-21,0.16750028838005168,24.562252833124532,MODIS/061/MCD43A3,2001_05_21
2001-05-22,0.16639175860382432,24.44765594473459,MODIS/061/MCD43A3,2001_05_22
2001-05-23,0.16751895499764213,27.90278545451827,MODIS/061/MCD43A3,2001_05_23
2001-05-24,0.16886195569815407,24.76380772055367,MODIS/061/MCD43A3,2001_05_24
2001-05-25,0.16270893551284407,22.1711275953719,MODIS/061/MCD43A3,2001_05_25
2001-05-26,0.1601207572459737,15.288768356910715,MODIS/061/MCD43A3,2001_05_26
2001-05-27,0.15362728430358338,20.36997976986653,MODIS/061/MCD43A3,2001_05_27
2001-05-28,0.15469500686437873,28.515738512634915,MODIS/061/MCD43A3,2001_05_28
2001-05-29,0.15750640818443756,32.512176911135164,MODIS/061/MCD43A3,2001_05_29
2001-05-30,0.15966837792019586,32.58497736244113,MODIS/061/MCD43A3,2001_05_30
2001-05-31,0.16880945066528802,49.185870483954155,MODIS/061/MCD43A3,2001_05_31
2001-06-01,0.17175515582036543,53.55404138093191,MODIS/061/MCD43A3,2001_06_01
2001-06-02,0.1760303134835337,59.692185487683396,MODIS/061/MCD43A3,2001_06_02
2001-06-03,0.1782374568274465,62.591350487168754,MODIS/061/MCD43A3,2001_06_03
2001-06-04,0.17510182365473184,60.19563209005624,MODIS/061/MCD43A3,2001_06_04
2001-06-05,0.1749871837172685,59.131434067813885,MODIS/061/MCD43A3,2001_06_05
2001-06-06,0.17469987599145576,59.010065054835266,MODIS/061/MCD43A3,2001_06_06
2001-06-07,0.17804662465559307,64.33106988603957,MODIS/061/MCD43A3,2001_06_07
2001-06-08,0.17649358938497003,61.864236825790044,MODIS/061/MCD43A3,2001_06_08
2001-06-09,0.17467314021619643,60.83127855684581,MODIS/061/MCD43A3,2001_06_09
2001-06-10,0.17479389462502012,59.86811036857269,MODIS/061/MCD43A3,2001_06_10
2001-06-11,0.17472075184514663,59.41885741493687,MODIS/061/MCD43A3,2001_06_11
2001-06-12,0.17086017339345105,48.74126357045383,MODIS/061/MCD43A3,2001_06_12
2001-06-13,0.17150268544881153,33.35287348489489,MODIS/061/MCD43A3,2001_06_13
2001-06-14,0.16262020348874587,10.093095094155004,MODIS/061/MCD43A3,2001_06_14
2001-06-15,0.16698280600677293,2.49712359670193,MODIS/061/MCD43A3,2001_06_15
2001-06-16,,0.0,MODIS/061/MCD43A3,2001_06_16
2001-06-17,,0.0,MODIS/061/MCD43A3,2001_06_17
2001-06-18,,0.0,MODIS/061/MCD43A3,2001_06_18
2001-06-19,,0.0,MODIS/061/MCD43A3,2001_06_19
2001-06-20,,0.0,MODIS/061/MCD43A3,2001_06_20
2001-06-21,,0.0,MODIS/061/MCD43A3,2001_06_21
2001-06-22,,0.0,MODIS/061/MCD43A3,2001_06_22
2001-06-23,,0.0,MODIS/061/MCD43A3,2001_06_23
2001-06-26,,0.0,MODIS/061/MCD43A3,2001_06_26
2001-06-27,,0.0,MODIS/061/MCD43A3,2001_06_27
2001-06-28,,0.0,MODIS/061/MCD43A3,2001_06_28
2001-06-29,,0.0,MODIS/061/MCD43A3,2001_06_29
2001-06-30,,0.0,MODIS/061/MCD43A3,2001_06_30
2001-07-01,,0.0,MODIS/061/MCD43A3,2001_07_01
2001-07-02,0.14863528375006074,1.618334807463815,MODIS/061/MCD43A3,2001_07_02
2001-07-03,0.14509121939904343,20.16589940919148,MODIS/061/MCD43A3,2001_07_03
2001-07-04,0.14412978274881105,47.606023444735605,MODIS/061/MCD43A3,2001_07_04
2001-07-05,0.14500610783336187,64.20940715870157,MODIS/061/MCD43A3,2001_07_05
2001-07-06,0.14653786168332206,72.56043235617929,MODIS/061/MCD43A3,2001_07_06
2001-07-07,0.1476882963793144,78.15546533152042,MODIS/061/MCD43A3,2001_07_07
2001-07-08,0.14849827882881209,81.2618464134726,MODIS/061/MCD43A3,2001_07_08
2001-07-09,0.1497599666429783,85.5254176226378,MODIS/061/MCD43A3,2001_07_09
2001-07-10,0.14966459719008227,85.5161961794069,MODIS/061/MCD43A3,2001_07_10
2001-07-11,0.14984868475710353,85.620914866503,MODIS/061/MCD43A3,2001_07_11
2001-07-12,0.14991136665074867,85.65899375289356,MODIS/061/MCD43A3,2001_07_12
2001-07-13,0.14972663737486802,85.62166186065619,MODIS/061/MCD43A3,2001_07_13
2001-07-14,0.14926647030002116,84.28582085898033,MODIS/061/MCD43A3,2001_07_14
2001-07-15,0.14920599682903982,84.75580221520998,MODIS/061/MCD43A3,2001_07_15
2001-07-16,0.1476634311238268,80.80643145325807,MODIS/061/MCD43A3,2001_07_16
2001-07-17,0.1474300371885864,79.36110869854235,MODIS/061/MCD43A3,2001_07_17
2001-07-18,0.1470940267653168,74.46597002198004,MODIS/061/MCD43A3,2001_07_18
2001-07-19,0.1471382933793524,67.44293897897613,MODIS/061/MCD43A3,2001_07_19
2001-07-20,0.14696504097037996,52.37239541004483,MODIS/061/MCD43A3,2001_07_20
2001-07-21,0.14796098178380368,31.71499954864872,MODIS/061/MCD43A3,2001_07_21
2001-07-22,0.1472446668662121,23.723813259721197,MODIS/061/MCD43A3,2001_07_22
2001-07-23,0.14902015734826654,10.685588920931762,MODIS/061/MCD43A3,2001_07_23
2001-07-24,0.14837047795189318,10.42855071219493,MODIS/061/MCD43A3,2001_07_24
2001-07-25,0.1420973963493992,8.556679000929712,MODIS/061/MCD43A3,2001_07_25
2001-07-26,0.14215720757790884,17.684604165680273,MODIS/061/MCD43A3,2001_07_26
2001-07-27,0.14159555332431012,30.173975282080995,MODIS/061/MCD43A3,2001_07_27
2001-07-28,0.1410065040764869,37.996880019284646,MODIS/061/MCD43A3,2001_07_28
2001-07-29,0.1419529859815407,41.925935036231536,MODIS/061/MCD43A3,2001_07_29
2001-07-30,0.1410029321550267,42.79759024121854,MODIS/061/MCD43A3,2001_07_30
2001-07-31,0.14126741128943174,48.56283748790598,MODIS/061/MCD43A3,2001_07_31
2001-08-01,0.14015441487168478,71.24156391019251,MODIS/061/MCD43A3,2001_08_01
2001-08-02,0.14021816883013857,71.36901194421857,MODIS/061/MCD43A3,2001_08_02
2001-08-03,0.140709988159043,76.89065923821224,MODIS/061/MCD43A3,2001_08_03
2001-08-04,0.14111249492770117,77.55477198506824,MODIS/061/MCD43A3,2001_08_04
2001-08-05,0.14121937990544986,77.5654487048257,MODIS/061/MCD43A3,2001_08_05
2001-08-06,0.14128840663624748,77.69759542307337,MODIS/061/MCD43A3,2001_08_06
2001-08-07,0.1413629420736644,77.1776284115129,MODIS/061/MCD43A3,2001_08_07
2001-08-08,0.14149233409460246,77.18565457838791,MODIS/061/MCD43A3,2001_08_08
2001-08-09,0.14160698705250718,73.09298403080989,MODIS/061/MCD43A3,2001_08_09
2001-08-10,0.13987332644614178,73.13108252453718,MODIS/061/MCD43A3,2001_08_10
2001-08-11,0.13986276321737623,65.79901574163529,MODIS/061/MCD43A3,2001_08_11
2001-08-12,0.13882104171819462,66.95139816442038,MODIS/061/MCD43A3,2001_08_12
2001-08-13,0.13900640171468712,72.57975106330731,MODIS/061/MCD43A3,2001_08_13
2001-08-14,0.13833351325209428,77.97503156081976,MODIS/061/MCD43A3,2001_08_14
2001-08-15,0.13856555508076887,83.057598900273,MODIS/061/MCD43A3,2001_08_15
2001-08-16,0.1388277372727702,80.33795388965194,MODIS/061/MCD43A3,2001_08_16
2001-08-17,0.13881203109580906,63.90101802501421,MODIS/061/MCD43A3,2001_08_17
2001-08-18,0.13880544674260079,64.25389773704528,MODIS/061/MCD43A3,2001_08_18
2001-08-19,0.13907184762530145,33.303734278590724,MODIS/061/MCD43A3,2001_08_19
2001-08-20,0.13706452585835,49.82837522635066,MODIS/061/MCD43A3,2001_08_20
2001-08-21,0.13701794778138615,49.21171035433051,MODIS/061/MCD43A3,2001_08_21
2001-08-22,0.1363314023159074,62.3631153243235,MODIS/061/MCD43A3,2001_08_22
2001-08-23,0.1362603868453969,66.12668668401646,MODIS/061/MCD43A3,2001_08_23
2001-08-24,0.13661648457078993,74.5686294661758,MODIS/061/MCD43A3,2001_08_24
2001-08-25,0.1370083650554512,75.89219603161224,MODIS/061/MCD43A3,2001_08_25
2001-08-26,0.13907093820281272,67.45992045885956,MODIS/061/MCD43A3,2001_08_26
2001-08-27,0.13939391873346937,68.45308989447577,MODIS/061/MCD43A3,2001_08_27
2001-08-28,0.13914621694761065,65.81837533717705,MODIS/061/MCD43A3,2001_08_28
2001-08-29,0.1401108211487965,64.96614092964184,MODIS/061/MCD43A3,2001_08_29
2001-08-30,0.14097516351673844,62.70265735709221,MODIS/061/MCD43A3,2001_08_30
2001-08-31,0.14163262234947208,51.995490239782775,MODIS/061/MCD43A3,2001_08_31
2001-09-01,0.1418553068690064,45.68788155928685,MODIS/061/MCD43A3,2001_09_01
2001-09-02,0.14114944415174685,46.87863874512609,MODIS/061/MCD43A3,2001_09_02
2001-09-03,0.14108536172504843,54.56959747924206,MODIS/061/MCD43A3,2001_09_03
2001-09-04,0.1351848625331911,71.05045459693396,MODIS/061/MCD43A3,2001_09_04
2001-09-05,0.13498486688954436,68.99381265670878,MODIS/061/MCD43A3,2001_09_05
2001-09-06,0.13503051472382535,72.96854675692039,MODIS/061/MCD43A3,2001_09_06
2001-09-07,0.13554755380493377,76.18111970778853,MODIS/061/MCD43A3,2001_09_07
2001-09-08,0.13639606130876342,78.04945474027676,MODIS/061/MCD43A3,2001_09_08
2001-09-09,0.13746282157460002,79.74630650449114,MODIS/061/MCD43A3,2001_09_09
2001-09-10,0.13763922059650516,82.30881037232274,MODIS/061/MCD43A3,2001_09_10
2001-09-11,0.13779488251432306,82.27532587337393,MODIS/061/MCD43A3,2001_09_11
2001-09-12,0.13738023444549105,81.54916479333046,MODIS/061/MCD43A3,2001_09_12
2001-09-13,0.13753671852010516,80.56441565065849,MODIS/061/MCD43A3,2001_09_13
2001-09-14,0.13758713890867721,76.88141507209866,MODIS/061/MCD43A3,2001_09_14
2001-09-15,0.13732038779923164,71.38817486038816,MODIS/061/MCD43A3,2001_09_15
2001-09-16,0.1380398998531511,71.87990507715695,MODIS/061/MCD43A3,2001_09_16
2001-09-17,0.1387741445358466,73.11494664976294,MODIS/061/MCD43A3,2001_09_17
2001-09-18,0.13896402059246585,73.27618239117488,MODIS/061/MCD43A3,2001_09_18
2001-09-19,0.1388754158239185,60.71721239927837,MODIS/061/MCD43A3,2001_09_19
2001-09-20,0.14061580201440513,52.21522428043215,MODIS/061/MCD43A3,2001_09_20
2001-09-21,0.14096859177121118,52.771664243791776,MODIS/061/MCD43A3,2001_09_21
2001-09-22,0.14190617845407383,48.943277425098714,MODIS/061/MCD43A3,2001_09_22
2001-09-23,0.14255628935153372,48.82265277950094,MODIS/061/MCD43A3,2001_09_23
2001-09-24,0.14302414541639905,48.61621615030491,MODIS/061/MCD43A3,2001_09_24
2001-09-25,0.14220788700473605,48.363217466130735,MODIS/061/MCD43A3,2001_09_25
2001-09-26,0.14189910745341783,45.320309934821786,MODIS/061/MCD43A3,2001_09_26
2001-09-27,0.14202742986025274,45.614972804403564,MODIS/061/MCD43A3,2001_09_27
2001-09-28,0.14125079663957882,44.73115000244661,MODIS/061/MCD43A3,2001_09_28
2001-09-29,0.14239853632751995,41.96871188582326,MODIS/061/MCD43A3,2001_09_29
2001-09-30,0.14143689450462757,35.97285111403232,MODIS/061/MCD43A3,2001_09_30
2001-10-01,0.14198227700251997,33.28746008706277,MODIS/061/MCD43A3,2001_10_01
2001-10-02,0.1415141341155626,25.726964318880015,MODIS/061/MCD43A3,2001_10_02
2001-10-03,0.1433806707129204,12.324434338001389,MODIS/061/MCD43A3,2001_10_03
2001-10-04,0.13784474933475677,17.606116186270736,MODIS/061/MCD43A3,2001_10_04
2001-10-05,0.13587342000282607,10.770099774603297,MODIS/061/MCD43A3,2001_10_05
2001-10-06,0.13522759805391368,9.55053970576981,MODIS/061/MCD43A3,2001_10_06
2001-10-07,0.13555107695006524,11.276425195880892,MODIS/061/MCD43A3,2001_10_07
2001-10-08,0.13369682687352313,9.014190082543807,MODIS/061/MCD43A3,2001_10_08
2001-10-09,0.13444902794819769,9.573655710202075,MODIS/061/MCD43A3,2001_10_09
2001-10-10,0.1340370257336232,5.679452655867267,MODIS/061/MCD43A3,2001_10_10
2001-10-11,0.1330049653303189,4.2050601449223475,MODIS/061/MCD43A3,2001_10_11
2001-10-12,0.13297127237877127,2.1662687052292333,MODIS/061/MCD43A3,2001_10_12
2001-10-13,0.13251269146970326,2.2329018417111963,MODIS/061/MCD43A3,2001_10_13
2001-10-14,0.13023135735472,4.520367836886432,MODIS/061/MCD43A3,2001_10_14
2001-10-15,0.135275165751794,3.5929592835460675,MODIS/061/MCD43A3,2001_10_15
2001-10-16,0.13620979888698442,3.4411021875940375,MODIS/061/MCD43A3,2001_10_16
2001-10-17,0.1315418457619953,4.541686848798574,MODIS/061/MCD43A3,2001_10_17
2001-10-18,0.1313079061785912,5.955264035248213,MODIS/061/MCD43A3,2001_10_18
2001-10-19,0.13281320293518212,7.797240840256746,MODIS/061/MCD43A3,2001_10_19
2001-10-20,0.13402683659364675,5.488644191330273,MODIS/061/MCD43A3,2001_10_20
2001-10-21,0.14104328832273041,3.0815768532222996,MODIS/061/MCD43A3,2001_10_21
2001-10-22,,0.0,MODIS/061/MCD43A3,2001_10_22
2001-10-23,,0.0,MODIS/061/MCD43A3,2001_10_23
2001-10-24,,0.0,MODIS/061/MCD43A3,2001_10_24
2001-10-25,,0.0,MODIS/061/MCD43A3,2001_10_25
2001-10-26,,0.0,MODIS/061/MCD43A3,2001_10_26
2001-10-27,,0.0,MODIS/061/MCD43A3,2001_10_27
2001-10-28,,0.0,MODIS/061/MCD43A3,2001_10_28
2001-10-29,0.6195007476708796,0.03807782954854514,MODIS/061/MCD43A3,2001_10_29
2001-10-30,0.425,0.009519340207772696,MODIS/061/MCD43A3,2001_10_30
2001-10-31,0.5792009638429346,0.04759730876757806,MODIS/061/MCD43A3,2001_10_31
2001-11-01,0.5515727160777572,0.06663562977366859,MODIS/061/MCD43A3,2001_11_01
2001-11-02,0.5286685715025081,0.028557869854268263,MODIS/061/MCD43A3,2001_11_02
2001-11-03,,0.0,MODIS/061/MCD43A3,2001_11_03
2001-11-04,0.419,0.009519323020991266,MODIS/061/MCD43A3,2001_11_04
2001-11-05,0.6665728775386749,0.06663637026462292,MODIS/061/MCD43A3,2001_11_05
2001-11-06,0.5518343302923325,0.05711641872380855,MODIS/061/MCD43A3,2001_11_06
2001-11-07,0.44070037670829215,0.19038728319861076,MODIS/061/MCD43A3,2001_11_07
2001-11-08,0.4728006256065606,0.1903875725078299,MODIS/061/MCD43A3,2001_11_08
2001-11-09,0.4468500719812365,0.32895955747265326,MODIS/061/MCD43A3,2001_11_09
2001-11-10,0.4368759526017758,0.45748967368732146,MODIS/061/MCD43A3,2001_11_10
2001-11-11,0.4413830889222326,0.467009196313852,MODIS/061/MCD43A3,2001_11_11
2001-11-12,0.4729645206696137,0.49960009439801195,MODIS/061/MCD43A3,2001_11_12
2001-11-13,0.46266795294133567,0.43296348591368294,MODIS/061/MCD43A3,2001_11_13
2001-11-14,0.4226501788985659,0.3475882546994144,MODIS/061/MCD43A3,2001_11_14
2001-11-15,0.4200702033712139,0.3419886692765961,MODIS/061/MCD43A3,2001_11_15
2001-11-16,0.43598104275953237,0.1471956058745673,MODIS/061/MCD43A3,2001_11_16
2001-11-17,0.4219166802255575,0.1276338172180938,MODIS/061/MCD43A3,2001_11_17
2001-11-18,0.4225879285007569,0.1276338172180938,MODIS/061/MCD43A3,2001_11_18
2001-11-19,0.4298988931367989,0.09959840086395469,MODIS/061/MCD43A3,2001_11_19
2001-11-20,0.4190004964220233,0.028557850250152797,MODIS/061/MCD43A3,2001_11_20
2001-11-21,0.427,0.009519532725620335,MODIS/061/MCD43A3,2001_11_21
2001-11-22,0.428,0.009519532725620335,MODIS/061/MCD43A3,2001_11_22
2001-11-23,0.4020000456179241,0.0190390452530611,MODIS/061/MCD43A3,2001_11_23
2001-11-24,0.4025000450874831,0.0190390452530611,MODIS/061/MCD43A3,2001_11_24
2001-11-25,0.40300004455704214,0.0190390452530611,MODIS/061/MCD43A3,2001_11_25
2001-11-26,,0.0,MODIS/061/MCD43A3,2001_11_26
2001-11-27,0.37,0.009519512527440765,MODIS/061/MCD43A3,2001_11_27
2001-11-28,0.369,0.009519512527440765,MODIS/061/MCD43A3,2001_11_28
2001-11-29,0.369,0.009519512527440765,MODIS/061/MCD43A3,2001_11_29
2001-11-30,,0.0,MODIS/061/MCD43A3,2001_11_30
2001-12-01,,0.0,MODIS/061/MCD43A3,2001_12_01
2001-12-02,,0.0,MODIS/061/MCD43A3,2001_12_02
2001-12-03,,0.0,MODIS/061/MCD43A3,2001_12_03
2001-12-04,,0.0,MODIS/061/MCD43A3,2001_12_04
2001-12-05,,0.0,MODIS/061/MCD43A3,2001_12_05
2001-12-06,,0.0,MODIS/061/MCD43A3,2001_12_06
2001-12-07,,0.0,MODIS/061/MCD43A3,2001_12_07
2001-12-08,,0.0,MODIS/061/MCD43A3,2001_12_08
2001-12-09,,0.0,MODIS/061/MCD43A3,2001_12_09
2001-12-10,,0.0,MODIS/061/MCD43A3,2001_12_10
2001-12-11,,0.0,MODIS/061/MCD43A3,2001_12_11
2001-12-12,,0.0,MODIS/061/MCD43A3,2001_12_12
2001-12-13,,0.0,MODIS/061/MCD43A3,2001_12_13
2001-12-14,,0.0,MODIS/061/MCD43A3,2001_12_14
2001-12-15,,0.0,MODIS/061/MCD43A3,2001_12_15
2001-12-16,0.719,0.009519523948542413,MODIS/061/MCD43A3,2001_12_16
2001-12-17,0.5902500478809833,0.038078026881575675,MODIS/061/MCD43A3,2001_12_17
2001-12-18,0.660428462181236,0.06663657912275808,MODIS/061/MCD43A3,2001_12_18
2001-12-19,0.5633334563358837,0.02855843283229111,MODIS/061/MCD43A3,2001_12_19
2001-12-20,0.6496664110098593,0.028558482734514338,MODIS/061/MCD43A3,2001_12_20
2001-12-21,0.7219992614856441,0.03807872491862675,MODIS/061/MCD43A3,2001_12_21
2001-12-22,0.5376678576017614,0.11423471749214724,MODIS/061/MCD43A3,2001_12_22
2001-12-23,0.5274678594036833,0.1427931402251789,MODIS/061/MCD43A3,2001_12_23
2001-12-24,0.5320010273824195,0.1618321584185594,MODIS/061/MCD43A3,2001_12_24
2001-12-25,0.4868329819539452,0.11423437768177004,MODIS/061/MCD43A3,2001_12_25
2001-12-26,0.4814541677230268,0.10471485373322763,MODIS/061/MCD43A3,2001_12_26
2001-12-27,0.5275462263871831,0.10471492323989569,MODIS/061/MCD43A3,2001_12_27
2001-12-28,0.513443577576248,0.08567625436207775,MODIS/061/MCD43A3,2001_12_28
2001-12-29,0.4606661013817937,0.05711727319940523,MODIS/061/MCD43A3,2001_12_29
2001-12-30,0.4506660292602761,0.08567604465392538,MODIS/061/MCD43A3,2001_12_30
2001-12-31,0.4609004601080847,0.19039062036048074,MODIS/061/MCD43A3,2001_12_31
2002-01-01,0.47100048039075276,0.028559140374527565,MODIS/061/MCD43A3,2002_01_01
2002-01-02,,0.0,MODIS/061/MCD43A3,2002_01_02
2002-01-03,,0.0,MODIS/061/MCD43A3,2002_01_03
2002-01-04,,0.0,MODIS/061/MCD43A3,2002_01_04
2002-01-05,,0.0,MODIS/061/MCD43A3,2002_01_05
2002-01-06,,0.0,MODIS/061/MCD43A3,2002_01_06
2002-01-07,,0.0,MODIS/061/MCD43A3,2002_01_07
2002-01-08,,0.0,MODIS/061/MCD43A3,2002_01_08
2002-01-09,0.447,0.009519582627005157,MODIS/061/MCD43A3,2002_01_09
2002-01-10,0.521,0.009519562428825585,MODIS/061/MCD43A3,2002_01_10
2002-01-11,0.45949999999999996,0.01903912485765117,MODIS/061/MCD43A3,2002_01_11
2002-01-12,0.48950002360451234,0.03807826991348191,MODIS/061/MCD43A3,2002_01_12
2002-01-13,0.465,0.01903912485765117,MODIS/061/MCD43A3,2002_01_13
2002-01-14,0.4996666666666667,0.028558687286476758,MODIS/061/MCD43A3,2002_01_14
2002-01-15,0.4651430283872672,0.06663646887926435,MODIS/061/MCD43A3,2002_01_15
2002-01-16,0.5570005140159201,0.047597623231742534,MODIS/061/MCD43A3,2002_01_16
2002-01-17,0.5477497567659534,0.03807816001162249,MODIS/061/MCD43A3,2002_01_17
2002-01-18,0.5464997538212314,0.03807816001162249,MODIS/061/MCD43A3,2002_01_18
2002-01-19,0.4794550422064008,0.10471438116615504,MODIS/061/MCD43A3,2002_01_19
2002-01-20,0.46263412439780716,0.2855851447322861,MODIS/061/MCD43A3,2002_01_20
2002-01-21,0.45468429141637695,0.42845165956450515,MODIS/061/MCD43A3,2002_01_21
2002-01-22,0.45296525536100557,0.4625361705604644,MODIS/061/MCD43A3,2002_01_22
2002-01-23,0.4501514190136052,0.48157516591214067,MODIS/061/MCD43A3,2002_01_23
2002-01-24,,0.0,MODIS/061/MCD43A3,2002_01_24
2002-01-25,,0.0,MODIS/061/MCD43A3,2002_01_25
2002-01-26,,0.0,MODIS/061/MCD43A3,2002_01_26
2002-01-27,,0.0,MODIS/061/MCD43A3,2002_01_27
2002-01-28,,0.0,MODIS/061/MCD43A3,2002_01_28
2002-01-29,,0.0,MODIS/061/MCD43A3,2002_01_29
2002-01-30,,0.0,MODIS/061/MCD43A3,2002_01_30
2002-01-31,0.4513774063426045,0.034417085053540596,MODIS/061/MCD43A3,2002_01_31
2002-02-01,0.4964546743252404,0.582768263150253,MODIS/061/MCD43A3,2002_02_01
2002-02-02,0.519879202754168,5.60970731383221,MODIS/061/MCD43A3,2002_02_02
2002-02-03,0.5352812741041806,8.088578706838984,MODIS/061/MCD43A3,2002_02_03
2002-02-04,0.545616079040709,6.27137487442088,MODIS/061/MCD43A3,2002_02_04
2002-02-05,0.5394145072416541,3.7463982902601294,MODIS/061/MCD43A3,2002_02_05
2002-02-06,0.5425192235720808,1.3157493555289064,MODIS/061/MCD43A3,2002_02_06
2002-02-07,0.5439921307141067,0.07738571494291481,MODIS/061/MCD43A3,2002_02_07
2002-02-08,0.5410007696045093,0.07671393352496834,MODIS/061/MCD43A3,2002_02_08
2002-02-09,0.5033825335676245,4.198257707627268,MODIS/061/MCD43A3,2002_02_09
2002-02-10,0.5058110119774858,4.093547610120104,MODIS/061/MCD43A3,2002_02_10
2002-02-11,0.5020343731863192,4.207777297342431,MODIS/061/MCD43A3,2002_02_11
2002-02-12,0.5015816545893047,4.255373597387274,MODIS/061/MCD43A3,2002_02_12
2002-02-13,0.5037364267640684,5.771596754298138,MODIS/061/MCD43A3,2002_02_13
2002-02-14,0.5156776874300409,7.0151771837240045,MODIS/061/MCD43A3,2002_02_14
2002-02-15,0.5254046917912524,6.219588241908151,MODIS/061/MCD43A3,2002_02_15
2002-02-16,0.5370977867847859,3.8117436782063745,MODIS/061/MCD43A3,2002_02_16
2002-02-17,0.5028977595337284,2.983634559919099,MODIS/061/MCD43A3,2002_02_17
2002-02-18,0.6272495461011504,0.038077399445329736,MODIS/061/MCD43A3,2002_02_18
2002-02-19,0.608,0.009519180404229957,MODIS/061/MCD43A3,2002_02_19
2002-02-20,0.540300120364988,0.09519308068844584,MODIS/061/MCD43A3,2002_02_20
2002-02-21,0.48077168867271214,0.30349289869077467,MODIS/061/MCD43A3,2002_02_21
2002-02-22,0.4519682695176656,0.38390093220578564,MODIS/061/MCD43A3,2002_02_22
2002-02-23,0.45544094827204,0.3934210993523371,MODIS/061/MCD43A3,2002_02_23
2002-02-24,0.4548872838470162,0.3934210993523371,MODIS/061/MCD43A3,2002_02_24
2002-02-25,0.4961956738219369,0.3850202232665726,MODIS/061/MCD43A3,2002_02_25
2002-02-26,0.5123390001395871,1.7559077841573176,MODIS/061/MCD43A3,2002_02_26
2002-02-27,0.5215677666687583,2.9185762976223377,MODIS/061/MCD43A3,2002_02_27
2002-02-28,0.525661229574059,2.661560150091317,MODIS/061/MCD43A3,2002_02_28
2002-03-01,0.5228573265453161,2.530629479191209,MODIS/061/MCD43A3,2002_03_01
2002-03-02,0.5325236406682174,3.2773177113225804,MODIS/061/MCD43A3,2002_03_02
2002-03-03,0.5518699580887111,5.019042064523304,MODIS/061/MCD43A3,2002_03_03
2002-03-04,0.5501263825010682,4.990483485478684,MODIS/061/MCD43A3,2002_03_04
2002-03-05,0.54694879728136,3.419443087769483,MODIS/061/MCD43A3,2002_03_05
2002-03-06,0.6002489852791385,6.8701548198522495,MODIS/061/MCD43A3,2002_03_06
2002-03-07,0.6059711351505516,7.698369037049523,MODIS/061/MCD43A3,2002_03_07
2002-03-08,0.6153452190661692,6.475460356456788,MODIS/061/MCD43A3,2002_03_08
2002-03-09,0.6174678823356606,5.331668066946379,MODIS/061/MCD43A3,2002_03_09
2002-03-10,0.6191255648485314,5.322151449339485,MODIS/061/MCD43A3,2002_03_10
2002-03-11,0.6190432875998619,5.515118380712656,MODIS/061/MCD43A3,2002_03_11
2002-03-12,0.6205596199175263,5.477040860672088,MODIS/061/MCD43A3,2002_03_12
2002-03-13,0.644081274681337,0.7005986448388001,MODIS/061/MCD43A3,2002_03_13
2002-03-14,0.7178748574949247,0.07615592702050208,MODIS/061/MCD43A3,2002_03_14
2002-03-15,,0.0,MODIS/061/MCD43A3,2002_03_15
2002-03-16,,0.0,MODIS/061/MCD43A3,2002_03_16
2002-03-17,,0.0,MODIS/061/MCD43A3,2002_03_17
2002-03-18,,0.0,MODIS/061/MCD43A3,2002_03_18
2002-03-19,,0.0,MODIS/061/MCD43A3,2002_03_19
2002-03-20,,0.0,MODIS/061/MCD43A3,2002_03_20
2002-03-21,,0.0,MODIS/061/MCD43A3,2002_03_21
2002-03-22,,0.0,MODIS/061/MCD43A3,2002_03_22
2002-03-23,,0.0,MODIS/061/MCD43A3,2002_03_23
2002-03-24,,0.0,MODIS/061/MCD43A3,2002_03_24
2002-03-25,,0.0,MODIS/061/MCD43A3,2002_03_25
2002-03-26,,0.0,MODIS/061/MCD43A3,2002_03_26
2002-03-27,,0.0,MODIS/061/MCD43A3,2002_03_27
2002-03-28,,0.0,MODIS/061/MCD43A3,2002_03_28
2002-03-29,,0.0,MODIS/061/MCD43A3,2002_03_29
2002-03-30,,0.0,MODIS/061/MCD43A3,2002_03_30
2002-03-31,,0.0,MODIS/061/MCD43A3,2002_03_31
2002-04-01,,0.0,MODIS/061/MCD43A3,2002_04_01
2002-04-02,,0.0,MODIS/061/MCD43A3,2002_04_02
2002-04-03,0.6089999999999999,0.002389140155158083,MODIS/061/MCD43A3,2002_04_03
2002-04-04,0.608,0.002389140155158083,MODIS/061/MCD43A3,2002_04_04
2002-04-05,,0.0,MODIS/061/MCD43A3,2002_04_05
2002-04-06,,0.0,MODIS/061/MCD43A3,2002_04_06
2002-04-07,,0.0,MODIS/061/MCD43A3,2002_04_07
2002-04-08,,0.0,MODIS/061/MCD43A3,2002_04_08
2002-04-09,,0.0,MODIS/061/MCD43A3,2002_04_09
2002-04-10,,0.0,MODIS/061/MCD43A3,2002_04_10
2002-04-11,,0.0,MODIS/061/MCD43A3,2002_04_11
2002-04-12,,0.0,MODIS/061/MCD43A3,2002_04_12
2002-04-13,,0.0,MODIS/061/MCD43A3,2002_04_13
2002-04-14,,0.0,MODIS/061/MCD43A3,2002_04_14
2002-04-15,,0.0,MODIS/061/MCD43A3,2002_04_15
2002-04-16,,0.0,MODIS/061/MCD43A3,2002_04_16
2002-04-17,,0.0,MODIS/061/MCD43A3,2002_04_17
2002-04-18,,0.0,MODIS/061/MCD43A3,2002_04_18
2002-04-19,,0.0,MODIS/061/MCD43A3,2002_04_19
2002-04-20,,0.0,MODIS/061/MCD43A3,2002_04_20
2002-04-21,,0.0,MODIS/061/MCD43A3,2002_04_21
2002-04-22,,0.0,MODIS/061/MCD43A3,2002_04_22
2002-04-23,,0.0,MODIS/061/MCD43A3,2002_04_23
2002-04-24,,0.0,MODIS/061/MCD43A3,2002_04_24
2002-04-25,,0.0,MODIS/061/MCD43A3,2002_04_25
2002-04-26,0.6660003464327555,0.028560105792221492,MODIS/061/MCD43A3,2002_04_26
2002-04-27,0.6367917864705717,0.2284799683093847,MODIS/061/MCD43A3,2002_04_27
2002-04-28,0.6447109770935243,0.42839109628569694,MODIS/061/MCD43A3,2002_04_28
2002-04-29,0.6415452519572399,0.41887099745664513,MODIS/061/MCD43A3,2002_04_29
2002-04-30,0.6404999370107343,1.3708551692193351,MODIS/061/MCD43A3,2002_04_30
2002-05-01,0.6393565699539426,1.36133506088524,MODIS/061/MCD43A3,2002_05_01
2002-05-02,0.6415842009484556,1.5802939412469903,MODIS/061/MCD43A3,2002_05_02
2002-05-03,0.6299255101222333,0.5140751491444311,MODIS/061/MCD43A3,2002_05_03
2002-05-04,0.6203998301378425,0.1427997685576327,MODIS/061/MCD43A3,2002_05_04
2002-05-05,0.6199998280827396,0.1427997685576327,MODIS/061/MCD43A3,2002_05_05
2002-05-06,0.6134615082018677,0.1237601507071786,MODIS/061/MCD43A3,2002_05_06
2002-05-07,0.617,0.009519998432030522,MODIS/061/MCD43A3,2002_05_07
2002-05-08,0.5522499530232549,0.03808009412514336,MODIS/061/MCD43A3,2002_05_08
2002-05-09,0.550749952765848,0.03808009412514336,MODIS/061/MCD43A3,2002_05_09
2002-05-10,0.5829988220339946,0.10471886709786264,MODIS/061/MCD43A3,2002_05_10
2002-05-11,0.5709237216692142,0.3807915811599117,MODIS/061/MCD43A3,2002_05_11
2002-05-12,0.6229137430973043,0.17128005357403478,MODIS/061/MCD43A3,2002_05_12
2002-05-13,0.6121457635727291,0.2188794481045814,MODIS/061/MCD43A3,2002_05_13
2002-05-14,0.5792995160199045,0.09519979718976261,MODIS/061/MCD43A3,2002_05_14
2002-05-15,0.6154378698708972,0.3997548309415739,MODIS/061/MCD43A3,2002_05_15
2002-05-16,0.18204728537785062,0.23521282812740357,MODIS/061/MCD43A3,2002_05_16
2002-05-17,0.2040956809852337,0.0976165259781039,MODIS/061/MCD43A3,2002_05_17
2002-05-18,0.40394230772498735,0.6392178315317625,MODIS/061/MCD43A3,2002_05_18
2002-05-19,0.34553498906146596,0.5412547821281163,MODIS/061/MCD43A3,2002_05_19
2002-05-20,0.3452034427070615,0.5412547821281163,MODIS/061/MCD43A3,2002_05_20
2002-05-21,0.3526834307814838,1.4278999605951568,MODIS/061/MCD43A3,2002_05_21
2002-05-22,0.3583016079753804,1.5802120047370294,MODIS/061/MCD43A3,2002_05_22
2002-05-23,0.19872592362913494,7.110181953816365,MODIS/061/MCD43A3,2002_05_23
2002-05-24,0.17527411927935357,5.134233482549446,MODIS/061/MCD43A3,2002_05_24
2002-05-25,0.17900931500322353,6.724572846040435,MODIS/061/MCD43A3,2002_05_25
2002-05-26,0.15392202052723963,7.195542777599633,MODIS/061/MCD43A3,2002_05_26
2002-05-27,0.15250321779221052,6.810958838922824,MODIS/061/MCD43A3,2002_05_27
2002-05-28,0.1479477107148145,4.669135484726859,MODIS/061/MCD43A3,2002_05_28
2002-05-29,0.1490088262813749,3.7474183304027036,MODIS/061/MCD43A3,2002_05_29
2002-05-30,0.15076122115100735,3.747424619771131,MODIS/061/MCD43A3,2002_05_30
2002-05-31,0.1477941674144474,2.5516657351621252,MODIS/061/MCD43A3,2002_05_31
2002-06-01,0.13973508131708762,2.0744379230290853,MODIS/061/MCD43A3,2002_06_01
2002-06-02,0.1420294836805879,2.6711617773937246,MODIS/061/MCD43A3,2002_06_02
2002-06-03,0.13977783281118014,2.5876504154170625,MODIS/061/MCD43A3,2002_06_03
2002-06-04,0.1418704719101518,4.031806334476625,MODIS/061/MCD43A3,2002_06_04
2002-06-05,0.1416908269574461,4.879568651073982,MODIS/061/MCD43A3,2002_06_05
2002-06-06,0.1417601799814448,5.064870698769256,MODIS/061/MCD43A3,2002_06_06
2002-06-07,0.14256368287927293,4.159735261805864,MODIS/061/MCD43A3,2002_06_07
2002-06-08,0.14416915765493712,0.9912867358934274,MODIS/061/MCD43A3,2002_06_08
2002-06-09,0.14398366049134753,1.0008060559029828,MODIS/061/MCD43A3,2002_06_09
2002-06-10,0.14758268936282454,0.8137187800542166,MODIS/061/MCD43A3,2002_06_10
2002-06-11,0.14576669718309782,0.7328604610064854,MODIS/061/MCD43A3,2002_06_11
2002-06-12,0.15200131284506718,1.406824557818638,MODIS/061/MCD43A3,2002_06_12
2002-06-13,0.1485620254018757,2.5803339534616625,MODIS/061/MCD43A3,2002_06_13
2002-06-14,0.1523240508312023,3.3766090066292183,MODIS/061/MCD43A3,2002_06_14
2002-06-15,0.15204422922645455,3.1005445655193484,MODIS/061/MCD43A3,2002_06_15
2002-06-16,0.15209388181643813,3.1100640150351206,MODIS/061/MCD43A3,2002_06_16
2002-06-17,0.14202260547057438,13.795342320780628,MODIS/061/MCD43A3,2002_06_17
2002-06-18,0.14444044898222347,18.217503674374697,MODIS/061/MCD43A3,2002_06_18
2002-06-19,0.14574910445208078,18.957324609862763,MODIS/061/MCD43A3,2002_06_19
2002-06-20,0.14754839452531782,22.667875482801062,MODIS/061/MCD43A3,2002_06_20
2002-06-21,0.14739670428955626,22.52986606573759,MODIS/061/MCD43A3,2002_06_21
2002-06-22,0.14326037672562136,22.925087248827236,MODIS/061/MCD43A3,2002_06_22
2002-06-23,0.14310621307847735,23.020280232088986,MODIS/061/MCD43A3,2002_06_23
2002-06-24,0.14107063705403736,22.065470241848924,MODIS/061/MCD43A3,2002_06_24
2002-06-25,0.14104471472080352,22.05595142085415,MODIS/061/MCD43A3,2002_06_25
2002-06-26,0.14142399382342608,22.28578725008553,MODIS/061/MCD43A3,2002_06_26
2002-06-27,0.14019962729856314,22.993166693454533,MODIS/061/MCD43A3,2002_06_27
2002-06-28,0.1416528719378785,24.765599247503747,MODIS/061/MCD43A3,2002_06_28
2002-06-29,0.14101648298838437,23.194083063357837,MODIS/061/MCD43A3,2002_06_29
2002-06-30,0.1391610918673687,20.2072381053268,MODIS/061/MCD43A3,2002_06_30
2002-07-01,0.1409365937392517,22.657207159589298,MODIS/061/MCD43A3,2002_07_01
2002-07-02,0.14252683375586617,25.049490020139203,MODIS/061/MCD43A3,2002_07_02
2002-07-03,0.1464114134010559,15.494864623202718,MODIS/061/MCD43A3,2002_07_03
2002-07-04,0.1499017036775056,16.85829269095734,MODIS/061/MCD43A3,2002_07_04
2002-07-05,0.15653405425290293,21.059075858672575,MODIS/061/MCD43A3,2002_07_05
2002-07-06,0.15995704896371016,22.910188549071357,MODIS/061/MCD43A3,2002_07_06
2002-07-07,0.162858524053261,26.662612801970635,MODIS/061/MCD43A3,2002_07_07
2002-07-08,0.1601013963335958,29.926887521543623,MODIS/061/MCD43A3,2002_07_08
2002-07-09,0.162542599252389,31.4026548223877,MODIS/061/MCD43A3,2002_07_09
2002-07-10,0.15928599767801832,47.532704011076135,MODIS/061/MCD43A3,2002_07_10
2002-07-11,0.1610379170940451,50.40904615868696,MODIS/061/MCD43A3,2002_07_11
2002-07-12,0.16254719249564736,58.07737816360088,MODIS/061/MCD43A3,2002_07_12
2002-07-13,0.16112257893964324,56.5759644860674,MODIS/061/MCD43A3,2002_07_13
2002-07-14,0.16131142408194082,59.32707749653987,MODIS/061/MCD43A3,2002_07_14
2002-07-15,0.16241279506024503,65.60754824584829,MODIS/061/MCD43A3,2002_07_15
2002-07-16,0.1650003148321101,70.19679703625211,MODIS/061/MCD43A3,2002_07_16
2002-07-17,0.16616755001333794,75.24087453384172,MODIS/061/MCD43A3,2002_07_17
2002-07-18,0.1666587936934077,77.99774335514948,MODIS/061/MCD43A3,2002_07_18
2002-07-19,0.16918961923308992,82.90514074222726,MODIS/061/MCD43A3,2002_07_19
2002-07-20,0.16973508658410952,84.11937689997096,MODIS/061/MCD43A3,2002_07_20
2002-07-21,0.16553205935212328,79.96446745791985,MODIS/061/MCD43A3,2002_07_21
2002-07-22,0.1646819601895027,79.30381180978021,MODIS/061/MCD43A3,2002_07_22
2002-07-23,0.16263275590321555,78.45165851888905,MODIS/061/MCD43A3,2002_07_23
2002-07-24,0.1619264882124924,77.90363429473084,MODIS/061/MCD43A3,2002_07_24
2002-07-25,0.1617763673379244,77.56097861958713,MODIS/061/MCD43A3,2002_07_25
2002-07-26,0.15798623077024143,74.59831412239068,MODIS/061/MCD43A3,2002_07_26
2002-07-27,0.15722955641079045,73.93076566733383,MODIS/061/MCD43A3,2002_07_27
2002-07-28,0.14894548574642266,67.12205165512945,MODIS/061/MCD43A3,2002_07_28
2002-07-29,0.15180202023361403,70.16459357317449,MODIS/061/MCD43A3,2002_07_29
2002-07-30,0.15184690055202685,71.2851455150473,MODIS/061/MCD43A3,2002_07_30
2002-07-31,0.14894305351595336,67.51183947024543,MODIS/061/MCD43A3,2002_07_31
2002-08-01,0.15007360736801192,67.37301247570844,MODIS/061/MCD43A3,2002_08_01
2002-08-02,0.1464748268358478,68.6499841238839,MODIS/061/MCD43A3,2002_08_02
2002-08-03,0.14754913115061805,69.23594149557027,MODIS/061/MCD43A3,2002_08_03
2002-08-04,0.14705527193720822,74.23304511989527,MODIS/061/MCD43A3,2002_08_04
2002-08-05,0.14698911305188575,73.71270965056083,MODIS/061/MCD43A3,2002_08_05
2002-08-06,0.14699412114598986,74.00820549281615,MODIS/061/MCD43A3,2002_08_06
2002-08-07,0.1477617739855226,74.1632959906461,MODIS/061/MCD43A3,2002_08_07
2002-08-08,0.14757466194276686,74.42885500844571,MODIS/061/MCD43A3,2002_08_08
2002-08-09,0.14983588457617872,81.32665233656589,MODIS/061/MCD43A3,2002_08_09
2002-08-10,0.1508597251294627,84.41937217081052,MODIS/061/MCD43A3,2002_08_10
2002-08-11,0.1511838163032401,86.30410248324424,MODIS/061/MCD43A3,2002_08_11
2002-08-12,0.15194305510508052,87.78027098793206,MODIS/061/MCD43A3,2002_08_12
2002-08-13,0.15206911227756825,88.67493417059204,MODIS/061/MCD43A3,2002_08_13
2002-08-14,0.15178887019011678,89.15063022340293,MODIS/061/MCD43A3,2002_08_14
2002-08-15,0.15168724994622462,89.86458299019716,MODIS/061/MCD43A3,2002_08_15
2002-08-16,0.1516115700296559,91.35946179253226,MODIS/061/MCD43A3,2002_08_16
2002-08-17,0.1504084384656243,90.68698734840571,MODIS/061/MCD43A3,2002_08_17
2002-08-18,0.14983493982171342,90.7778391387783,MODIS/061/MCD43A3,2002_08_18
2002-08-19,0.14972817538826003,91.32718754824771,MODIS/061/MCD43A3,2002_08_19
2002-08-20,0.14894270307300808,92.46343329975461,MODIS/061/MCD43A3,2002_08_20
2002-08-21,0.1487599818705517,92.5992071976175,MODIS/061/MCD43A3,2002_08_21
2002-08-22,0.14850503521262517,92.49963577443961,MODIS/061/MCD43A3,2002_08_22
2002-08-23,0.14906657345335134,92.86919383908736,MODIS/061/MCD43A3,2002_08_23
2002-08-24,0.14953900216545354,93.90518070974743,MODIS/061/MCD43A3,2002_08_24
2002-08-25,0.14834908661879206,91.94964273410568,MODIS/061/MCD43A3,2002_08_25
2002-08-26,0.14768670392547578,91.02696473570275,MODIS/061/MCD43A3,2002_08_26
2002-08-27,0.14785198107154074,90.26426308172661,MODIS/061/MCD43A3,2002_08_27
2002-08-28,0.14704689078444283,88.50290511916212,MODIS/061/MCD43A3,2002_08_28
2002-08-29,0.14840757122564308,91.73695231865655,MODIS/061/MCD43A3,2002_08_29
2002-08-30,0.14715257033704793,89.94553461652887,MODIS/061/MCD43A3,2002_08_30
2002-08-31,0.14591362726879004,88.34302622871333,MODIS/061/MCD43A3,2002_08_31
2002-09-01,0.1451492348832277,88.04265315744108,MODIS/061/MCD43A3,2002_09_01
2002-09-02,0.1456823631176988,87.02090440599743,MODIS/061/MCD43A3,2002_09_02
2002-09-03,0.14664847071103507,89.05264520020032,MODIS/061/MCD43A3,2002_09_03
2002-09-04,0.14612165098248825,87.12464956326461,MODIS/061/MCD43A3,2002_09_04
2002-09-05,0.14495121202008976,87.18771924190523,MODIS/061/MCD43A3,2002_09_05
2002-09-06,0.14460887172940176,87.11481366432733,MODIS/061/MCD43A3,2002_09_06
2002-09-07,0.14492965029541843,87.78314603653321,MODIS/061/MCD43A3,2002_09_07
2002-09-08,0.14512662277567792,87.87315369355467,MODIS/061/MCD43A3,2002_09_08
2002-09-09,0.14504719649669015,87.12396029666482,MODIS/061/MCD43A3,2002_09_09
2002-09-10,0.14628242923403348,89.02162265038184,MODIS/061/MCD43A3,2002_09_10
2002-09-11,0.14681221084560714,90.29929944332983,MODIS/061/MCD43A3,2002_09_11
2002-09-12,0.14776254822100598,91.13425030961689,MODIS/061/MCD43A3,2002_09_12
2002-09-13,0.1479536664388119,91.86772609198994,MODIS/061/MCD43A3,2002_09_13
2002-09-14,0.14787533785476975,92.05044045668248,MODIS/061/MCD43A3,2002_09_14
2002-09-15,0.1485992323655963,92.77171155886688,MODIS/061/MCD43A3,2002_09_15
2002-09-16,0.1487151742299328,93.51432974215341,MODIS/061/MCD43A3,2002_09_16
2002-09-17,0.14902862090944058,94.47815179524274,MODIS/061/MCD43A3,2002_09_17
2002-09-18,0.14923719329569463,94.6139707841814,MODIS/061/MCD43A3,2002_09_18
2002-09-19,0.1484827757347182,93.92185657704454,MODIS/061/MCD43A3,2002_09_19
2002-09-20,0.14817878757097458,93.25886243801142,MODIS/061/MCD43A3,2002_09_20
2002-09-21,0.14782297856210844,92.43298027481767,MODIS/061/MCD43A3,2002_09_21
2002-09-22,0.14805737602381944,92.64842838354919,MODIS/061/MCD43A3,2002_09_22
2002-09-23,0.14828539180710146,92.97259539305075,MODIS/061/MCD43A3,2002_09_23
2002-09-24,0.1487533661630023,93.5478176349758,MODIS/061/MCD43A3,2002_09_24
2002-09-25,0.14870910916653857,93.0443449550294,MODIS/061/MCD43A3,2002_09_25
2002-09-26,0.14790863855042138,92.63419920238638,MODIS/061/MCD43A3,2002_09_26
2002-09-27,0.14790795043396393,89.93327807383893,MODIS/061/MCD43A3,2002_09_27
2002-09-28,0.1480499530890157,91.49465047115179,MODIS/061/MCD43A3,2002_09_28
2002-09-29,0.14800170125950643,90.73728080140665,MODIS/061/MCD43A3,2002_09_29
2002-09-30,0.14770771253226928,88.4958970865219,MODIS/061/MCD43A3,2002_09_30
2002-10-01,0.14762738982130574,87.95591835235831,MODIS/061/MCD43A3,2002_10_01
2002-10-02,0.14758466830851283,85.64316033563703,MODIS/061/MCD43A3,2002_10_02
2002-10-03,0.14796874519382427,86.07241512049357,MODIS/061/MCD43A3,2002_10_03
2002-10-04,0.14799519335589767,85.85061754738761,MODIS/061/MCD43A3,2002_10_04
2002-10-05,0.14888039217073837,86.16357938094995,MODIS/061/MCD43A3,2002_10_05
2002-10-06,0.14871669191363243,84.44526352305543,MODIS/061/MCD43A3,2002_10_06
2002-10-07,0.14789683495475628,85.0054915137277,MODIS/061/MCD43A3,2002_10_07
2002-10-08,0.148152479697784,83.18482653405667,MODIS/061/MCD43A3,2002_10_08
2002-10-09,0.1488564855168831,78.02541934402194,MODIS/061/MCD43A3,2002_10_09
2002-10-10,0.14975172301120065,70.5285921563195,MODIS/061/MCD43A3,2002_10_10
2002-10-11,0.15032223346683204,60.37964377524516,MODIS/061/MCD43A3,2002_10_11
2002-10-12,0.14932360778440495,40.88970019144499,MODIS/061/MCD43A3,2002_10_12
2002-10-13,0.14774384754839334,36.627486483865454,MODIS/061/MCD43A3,2002_10_13
2002-10-14,0.1402821257786435,25.18922193372123,MODIS/061/MCD43A3,2002_10_14
2002-10-15,0.13931088390328283,23.811805147784007,MODIS/061/MCD43A3,2002_10_15
2002-10-16,0.13986795109445385,25.909196754023963,MODIS/061/MCD43A3,2002_10_16
2002-10-17,0.13905407347256238,24.211218164524887,MODIS/061/MCD43A3,2002_10_17
2002-10-18,0.1382705679389623,22.383511119743396,MODIS/061/MCD43A3,2002_10_18
2002-10-19,0.13381284423035186,18.053349778481774,MODIS/061/MCD43A3,2002_10_19
2002-10-20,0.13571538358584065,16.835440454185125,MODIS/061/MCD43A3,2002_10_20
2002-10-21,0.13564050504220587,16.980877492422525,MODIS/061/MCD43A3,2002_10_21
2002-10-22,0.1359818165481751,17.12889375305808,MODIS/061/MCD43A3,2002_10_22
2002-10-23,0.13585233297423108,17.309759978973855,MODIS/061/MCD43A3,2002_10_23
2002-10-24,0.13825149739526704,19.529836591663432,MODIS/061/MCD43A3,2002_10_24
2002-10-25,0.13898510413653925,22.271061880443778,MODIS/061/MCD43A3,2002_10_25
2002-10-26,0.14259846158185088,23.517131069799103,MODIS/061/MCD43A3,2002_10_26
2002-10-27,0.14226453146682003,23.393382970298862,MODIS/061/MCD43A3,2002_10_27
2002-10-28,0.14316506032387782,22.829981984042284,MODIS/061/MCD43A3,2002_10_28
2002-10-29,0.1416803966374726,20.936994330160967,MODIS/061/MCD43A3,2002_10_29
2002-10-30,0.14067035482882936,20.157634401043417,MODIS/061/MCD43A3,2002_10_30
2002-10-31,0.14110553340179402,18.31818982276793,MODIS/061/MCD43A3,2002_10_31
2002-11-01,0.1410762416801413,15.027049892554139,MODIS/061/MCD43A3,2002_11_01
2002-11-02,0.14149361548990858,15.128645183192715,MODIS/061/MCD43A3,2002_11_02
2002-11-03,0.14108255757585036,15.839048491481702,MODIS/061/MCD43A3,2002_11_03
2002-11-04,0.14071008125165238,16.396929412961384,MODIS/061/MCD43A3,2002_11_04
2002-11-05,0.141057295023426,16.166682781166834,MODIS/061/MCD43A3,2002_11_05
2002-11-06,0.14325623768619283,13.912094643651866,MODIS/061/MCD43A3,2002_11_06
2002-11-07,0.1438007039709598,12.873099340177426,MODIS/061/MCD43A3,2002_11_07
2002-11-08,0.1431054820672481,12.601111799631731,MODIS/061/MCD43A3,2002_11_08
2002-11-09,0.14842603094777107,5.729932225165428,MODIS/061/MCD43A3,2002_11_09
2002-11-10,0.1503670779131334,1.7667969746507033,MODIS/061/MCD43A3,2002_11_10
2002-11-11,0.15411748392338898,1.0085811548786927,MODIS/061/MCD43A3,2002_11_11
2002-11-12,0.15294525170438905,1.037139024732961,MODIS/061/MCD43A3,2002_11_12
2002-11-13,0.14836010432072425,1.414762561702212,MODIS/061/MCD43A3,2002_11_13
2002-11-14,0.14322118628980124,2.398213873306643,MODIS/061/MCD43A3,2002_11_14
2002-11-15,0.14491001115041538,2.22470000278531,MODIS/061/MCD43A3,2002_11_15
2002-11-16,0.142191526834247,2.2378758217765027,MODIS/061/MCD43A3,2002_11_16
2002-11-17,0.1420457530722147,5.226851761674369,MODIS/061/MCD43A3,2002_11_17
2002-11-18,0.14238889758312345,4.803041803431611,MODIS/061/MCD43A3,2002_11_18
2002-11-19,0.14014442146104458,5.493723867180189,MODIS/061/MCD43A3,2002_11_19
2002-11-20,0.14336616055204676,4.160888740043218,MODIS/061/MCD43A3,2002_11_20
2002-11-21,0.14549826261337487,4.284639184260627,MODIS/061/MCD43A3,2002_11_21
2002-11-22,0.14672195647358094,4.203485449401867,MODIS/061/MCD43A3,2002_11_22
2002-11-23,0.15001577830127624,4.374832222385335,MODIS/061/MCD43A3,2002_11_23
2002-11-24,0.14574913754704608,4.412908716047142,MODIS/061/MCD43A3,2002_11_24
2002-11-25,0.1490924564984939,4.260708219159113,MODIS/061/MCD43A3,2002_11_25
2002-11-26,0.14854059395226074,4.082647953246376,MODIS/061/MCD43A3,2002_11_26
2002-11-27,0.15089245412620925,2.161187308252964,MODIS/061/MCD43A3,2002_11_27
2002-11-28,0.15142420018267333,2.1231102745868844,MODIS/061/MCD43A3,2002_11_28
2002-11-29,0.17497455453738273,1.305585718957089,MODIS/061/MCD43A3,2002_11_29
2002-11-30,0.23115565132674443,0.43575672161574197,MODIS/061/MCD43A3,2002_11_30
2002-12-01,0.5242356367254671,0.16183058008624474,MODIS/061/MCD43A3,2002_12_01
2002-12-02,0.5974003086700655,0.09519381120460736,MODIS/061/MCD43A3,2002_12_02
2002-12-03,0.6369003461181714,0.09519287377144965,MODIS/061/MCD43A3,2002_12_03
2002-12-04,0.6370003461805777,0.09519287377144965,MODIS/061/MCD43A3,2002_12_04
2002-12-05,0.6371003449886161,0.09519287377144965,MODIS/061/MCD43A3,2002_12_05
2002-12-06,0.5931772502687828,0.16182818600790155,MODIS/061/MCD43A3,2002_12_06
2002-12-07,0.6365003417871697,0.09519287377144965,MODIS/061/MCD43A3,2002_12_07
2002-12-08,0.6446007828291075,0.09519463174763414,MODIS/061/MCD43A3,2002_12_08
2002-12-09,0.6446007828291075,0.09519463174763414,MODIS/061/MCD43A3,2002_12_09
2002-12-10,0.6354552402315418,0.10471411589321278,MODIS/061/MCD43A3,2002_12_10
2002-12-11,0.6348339529720608,0.11423386915435241,MODIS/061/MCD43A3,2002_12_11
2002-12-12,0.6347506199420905,0.11423386915435241,MODIS/061/MCD43A3,2002_12_12
2002-12-13,0.6452506176659386,0.11423356023582767,MODIS/061/MCD43A3,2002_12_13
2002-12-14,,0.0,MODIS/061/MCD43A3,2002_12_14
2002-12-15,,0.0,MODIS/061/MCD43A3,2002_12_15
2002-12-16,,0.0,MODIS/061/MCD43A3,2002_12_16
2002-12-17,,0.0,MODIS/061/MCD43A3,2002_12_17
2002-12-18,,0.0,MODIS/061/MCD43A3,2002_12_18
2002-12-19,,0.0,MODIS/061/MCD43A3,2002_12_19
2002-12-20,,0.0,MODIS/061/MCD43A3,2002_12_20
2002-12-21,,0.0,MODIS/061/MCD43A3,2002_12_21
2002-12-22,,0.0,MODIS/061/MCD43A3,2002_12_22
2002-12-23,,0.0,MODIS/061/MCD43A3,2002_12_23
2002-12-24,0.33904546476202946,0.02792428769666974,MODIS/061/MCD43A3,2002_12_24
2002-12-25,0.3330000113161281,0.028558911656004448,MODIS/061/MCD43A3,2002_12_25
2002-12-26,0.3336779774709491,0.03744392154891807,MODIS/061/MCD43A3,2002_12_26
2002-12-27,0.5915343621172469,0.1611975148547799,MODIS/061/MCD43A3,2002_12_27
2002-12-28,0.5525498216057486,0.5134159461996585,MODIS/061/MCD43A3,2002_12_28
2002-12-29,0.5296412567358042,0.5514923566056461,MODIS/061/MCD43A3,2002_12_29
2002-12-30,0.5276362230902351,0.49437450418400697,MODIS/061/MCD43A3,2002_12_30
2002-12-31,0.523399771133451,0.5419724239341325,MODIS/061/MCD43A3,2002_12_31
2003-01-01,0.4800540760717975,0.9606386222346013,MODIS/061/MCD43A3,2003_01_01
2003-01-02,0.4195966453917536,1.1537806183323547,MODIS/061/MCD43A3,2003_01_02
2003-01-03,0.42843557324312603,1.856798772524877,MODIS/061/MCD43A3,2003_01_03
2003-01-04,0.4344030040217469,1.8092021193407029,MODIS/061/MCD43A3,2003_01_04
2003-01-05,0.45000364232699436,2.60550142917135,MODIS/061/MCD43A3,2003_01_05
2003-01-06,0.45373400582487466,2.5110589006409265,MODIS/061/MCD43A3,2003_01_06
2003-01-07,0.4448159860208973,1.9108205956863482,MODIS/061/MCD43A3,2003_01_07
2003-01-08,0.45132607063805485,1.8739025161987075,MODIS/061/MCD43A3,2003_01_08
2003-01-09,0.450394283307027,1.2935282923697913,MODIS/061/MCD43A3,2003_01_09
2003-01-10,0.4539486632226961,1.3030487221322102,MODIS/061/MCD43A3,2003_01_10
2003-01-11,0.36790808492505456,2.0153371926019417,MODIS/061/MCD43A3,2003_01_11
2003-01-12,0.38825862654707916,1.805653773713646,MODIS/061/MCD43A3,2003_01_12
2003-01-13,0.3963038440932015,1.85385019274071,MODIS/061/MCD43A3,2003_01_13
2003-01-14,0.3950309646514534,1.8919257400583986,MODIS/061/MCD43A3,2003_01_14
2003-01-15,0.4048453146367099,1.796731690634085,MODIS/061/MCD43A3,2003_01_15
2003-01-16,0.40970036299403106,1.7110600949485963,MODIS/061/MCD43A3,2003_01_16
2003-01-17,0.42299281740112066,1.625837971899409,MODIS/061/MCD43A3,2003_01_17
2003-01-18,0.4397189741290926,1.2343668184200103,MODIS/061/MCD43A3,2003_01_18
2003-01-19,0.46019227199824314,0.9401285226550541,MODIS/061/MCD43A3,2003_01_19
2003-01-20,0.4634376319857058,0.9306093297341018,MODIS/061/MCD43A3,2003_01_20
2003-01-21,0.4367595143739989,1.1033000825505985,MODIS/061/MCD43A3,2003_01_21
2003-01-22,0.4416213126898168,1.1128207232057747,MODIS/061/MCD43A3,2003_01_22
2003-01-23,0.44841459167575715,1.179455646330238,MODIS/061/MCD43A3,2003_01_23
2003-01-24,0.4304590208036818,1.644777017253721,MODIS/061/MCD43A3,2003_01_24
2003-01-25,0.45068948716968354,2.1967516864957917,MODIS/061/MCD43A3,2003_01_25
2003-01-26,0.43920952736809027,2.5687093684813385,MODIS/061/MCD43A3,2003_01_26
2003-01-27,0.48600372888921506,3.368552505962711,MODIS/061/MCD43A3,2003_01_27
2003-01-28,0.4776112894146115,3.320953494997219,MODIS/061/MCD43A3,2003_01_28
2003-01-29,0.4677301707570575,3.2970591395178466,MODIS/061/MCD43A3,2003_01_29
2003-01-30,0.4682155918668008,3.496549704895006,MODIS/061/MCD43A3,2003_01_30
2003-01-31,0.4682257627625323,3.4303265251532498,MODIS/061/MCD43A3,2003_01_31
2003-02-01,0.4762134009856337,3.3347236937557927,MODIS/061/MCD43A3,2003_02_01
2003-02-02,0.4715169616071691,3.3450997416082577,MODIS/061/MCD43A3,2003_02_02
2003-02-03,0.49091192839482206,3.3402143158146687,MODIS/061/MCD43A3,2003_02_03
2003-02-04,0.4663359615329269,3.5818816218144147,MODIS/061/MCD43A3,2003_02_04
2003-02-05,0.47765104589575824,3.268047298340557,MODIS/061/MCD43A3,2003_02_05
2003-02-06,0.4933415719794691,2.8688367084060347,MODIS/061/MCD43A3,2003_02_06
2003-02-07,0.48831819518004776,3.135376931997197,MODIS/061/MCD43A3,2003_02_07
2003-02-08,0.4851496878408845,3.0834882393470973,MODIS/061/MCD43A3,2003_02_08
2003-02-09,0.5048576767269776,3.1131661282599454,MODIS/061/MCD43A3,2003_02_09
2003-02-10,0.4669490747297834,1.570889555216226,MODIS/061/MCD43A3,2003_02_10
2003-02-11,0.4378754075324408,1.4348594272835427,MODIS/061/MCD43A3,2003_02_11
2003-02-12,0.4582627730412769,2.003439903695386,MODIS/061/MCD43A3,2003_02_12
2003-02-13,0.4695746953336803,1.1610057258098436,MODIS/061/MCD43A3,2003_02_13
2003-02-14,0.4987824426456616,0.7668778231294551,MODIS/061/MCD43A3,2003_02_14
2003-02-15,0.49534626968011575,0.814473346136998,MODIS/061/MCD43A3,2003_02_15
2003-02-16,0.506764736715062,0.9287043082232755,MODIS/061/MCD43A3,2003_02_16
2003-02-17,0.5040619890680395,0.8620698564809276,MODIS/061/MCD43A3,2003_02_17
2003-02-18,0.5013494652124189,1.7449733488805197,MODIS/061/MCD43A3,2003_02_18
2003-02-19,0.49592264121204016,2.6253640735026247,MODIS/061/MCD43A3,2003_02_19
2003-02-20,0.49993841240183967,2.454351766767905,MODIS/061/MCD43A3,2003_02_20
2003-02-21,0.5018256311557433,2.61248581976219,MODIS/061/MCD43A3,2003_02_21
2003-02-22,0.5099992636282854,3.1100268898427603,MODIS/061/MCD43A3,2003_02_22
2003-02-23,0.5196909299090086,2.684311431586368,MODIS/061/MCD43A3,2003_02_23
2003-02-24,0.5200283826627979,2.617677785396451,MODIS/061/MCD43A3,2003_02_24
2003-02-25,0.5389815681914458,3.9564279410529357,MODIS/061/MCD43A3,2003_02_25
2003-02-26,0.5631755287558682,5.2655116668766215,MODIS/061/MCD43A3,2003_02_26
2003-02-27,0.5855047031910476,6.59957329043173,MODIS/061/MCD43A3,2003_02_27
2003-02-28,0.5934242671024007,7.317891928690761,MODIS/061/MCD43A3,2003_02_28
2003-03-01,0.5911346080626101,7.413198671380507,MODIS/061/MCD43A3,2003_03_01
2003-03-02,0.5915933237241701,7.536465015614571,MODIS/061/MCD43A3,2003_03_02
2003-03-03,0.5897274840407035,7.577867128691471,MODIS/061/MCD43A3,2003_03_03
2003-03-04,0.5974625932441031,10.97994709812485,MODIS/061/MCD43A3,2003_03_04
2003-03-05,0.5954910907148049,10.815217182642773,MODIS/061/MCD43A3,2003_03_05
2003-03-06,0.5964725083811792,11.049306092861585,MODIS/061/MCD43A3,2003_03_06
2003-03-07,0.6013298925881623,9.858266414678345,MODIS/061/MCD43A3,2003_03_07
2003-03-08,0.6017602330703983,10.087925942852145,MODIS/061/MCD43A3,2003_03_08
2003-03-09,0.5980173658403651,9.995850839337018,MODIS/061/MCD43A3,2003_03_09
2003-03-10,0.5932835759156088,9.922836786224368,MODIS/061/MCD43A3,2003_03_10
2003-03-11,0.5928676450515429,9.799118117388142,MODIS/061/MCD43A3,2003_03_11
2003-03-12,0.6029238194174404,11.392328715963654,MODIS/061/MCD43A3,2003_03_12
2003-03-13,0.6049225698868331,10.579409256221316,MODIS/061/MCD43A3,2003_03_13
2003-03-14,0.6025839807017564,8.56373015240742,MODIS/061/MCD43A3,2003_03_14
2003-03-15,0.6010665787307624,6.310508684758645,MODIS/061/MCD43A3,2003_03_15
2003-03-16,0.5929875611356658,1.4279099878871455,MODIS/061/MCD43A3,2003_03_16
2003-03-17,0.5904351035990182,1.446949197020732,MODIS/061/MCD43A3,2003_03_17
2003-03-18,0.5925996481340381,1.5897392567705617,MODIS/061/MCD43A3,2003_03_18
2003-03-19,0.591512668791842,1.6182976065060088,MODIS/061/MCD43A3,2003_03_19
2003-03-20,0.5515335433260083,0.14278996945191713,MODIS/061/MCD43A3,2003_03_20
2003-03-21,,0.0,MODIS/061/MCD43A3,2003_03_21
2003-03-22,,0.0,MODIS/061/MCD43A3,2003_03_22
2003-03-23,,0.0,MODIS/061/MCD43A3,2003_03_23
2003-03-24,,0.0,MODIS/061/MCD43A3,2003_03_24
2003-03-25,0.6618671975273565,0.28559296140740453,MODIS/061/MCD43A3,2003_03_25
2003-03-26,0.7080438910145163,0.218956426872414,MODIS/061/MCD43A3,2003_03_26
2003-03-27,0.6711235427583374,2.339639823722388,MODIS/061/MCD43A3,2003_03_27
2003-03-28,0.656054346882343,2.2845957824047294,MODIS/061/MCD43A3,2003_03_28
2003-03-29,0.6529534258021895,2.22762511751259,MODIS/061/MCD43A3,2003_03_29
2003-03-30,0.6523874044369453,2.189546239438941,MODIS/061/MCD43A3,2003_03_30
2003-03-31,0.651443905780867,2.18954638973744,MODIS/061/MCD43A3,2003_03_31
2003-04-01,0.6510682919971169,2.103869485265434,MODIS/061/MCD43A3,2003_04_01
2003-04-02,0.6483951054879875,2.122907935183676,MODIS/061/MCD43A3,2003_04_02
2003-04-03,0.648024077429097,2.0181929604010995,MODIS/061/MCD43A3,2003_04_03
2003-04-04,0.6074740591258728,0.7724817235102637,MODIS/061/MCD43A3,2003_04_04
2003-04-05,0.5613782246610428,0.3439782378367597,MODIS/061/MCD43A3,2003_04_05
2003-04-06,0.5755922938067762,0.3154203461255932,MODIS/061/MCD43A3,2003_04_06
2003-04-07,0.5736456847327365,0.30590099581871183,MODIS/061/MCD43A3,2003_04_07
2003-04-08,0.5863710495126727,0.2570338239414829,MODIS/061/MCD43A3,2003_04_08
2003-04-09,0.5995006267811155,0.20943609695199372,MODIS/061/MCD43A3,2003_04_09
2003-04-10,0.6316674390794189,0.11423927484082605,MODIS/061/MCD43A3,2003_04_10
2003-04-11,0.6400001219483672,0.04759892521902711,MODIS/061/MCD43A3,2003_04_11
2003-04-12,,0.0,MODIS/061/MCD43A3,2003_04_12
2003-04-13,,0.0,MODIS/061/MCD43A3,2003_04_13
2003-04-14,,0.0,MODIS/061/MCD43A3,2003_04_14
2003-04-15,,0.0,MODIS/061/MCD43A3,2003_04_15
2003-04-16,,0.0,MODIS/061/MCD43A3,2003_04_16
2003-04-17,,0.0,MODIS/061/MCD43A3,2003_04_17
2003-04-18,0.47000000000000003,0.009519220206599338,MODIS/061/MCD43A3,2003_04_18
2003-04-19,0.5050006784164021,0.12375417262892363,MODIS/061/MCD43A3,2003_04_19
2003-04-20,0.5292779386313968,0.018516527929681406,MODIS/061/MCD43A3,2003_04_20
2003-04-21,0.5859999999999999,0.008996898412149179,MODIS/061/MCD43A3,2003_04_21
2003-04-22,0.4859807009947201,0.12214736620138165,MODIS/061/MCD43A3,2003_04_22
2003-04-23,0.4858242698260837,0.11262822559952108,MODIS/061/MCD43A3,2003_04_23
2003-04-24,0.485318711779933,0.12214773511587995,MODIS/061/MCD43A3,2003_04_24
2003-04-25,0.48439663935979954,0.1221477452149886,MODIS/061/MCD43A3,2003_04_25
2003-04-26,0.5060643378004115,0.16974576210830253,MODIS/061/MCD43A3,2003_04_26
2003-04-27,0.5408081667115212,0.8015844066263836,MODIS/061/MCD43A3,2003_04_27
2003-04-28,0.5403542855492995,0.792065476323609,MODIS/061/MCD43A3,2003_04_28
2003-04-29,0.4016226826300118,2.151260704849578,MODIS/061/MCD43A3,2003_04_29
2003-04-30,0.3987915998800211,2.5307715300804587,MODIS/061/MCD43A3,2003_04_30
2003-05-01,0.31334887858752475,9.655748899302099,MODIS/061/MCD43A3,2003_05_01
2003-05-02,0.30127636791209517,10.370257814360166,MODIS/061/MCD43A3,2003_05_02
2003-05-03,0.29847842422358306,10.456976038272085,MODIS/061/MCD43A3,2003_05_03
2003-05-04,0.2853329332661928,11.398465471579128,MODIS/061/MCD43A3,2003_05_04
2003-05-05,0.26219769418994476,9.450808857433758,MODIS/061/MCD43A3,2003_05_05
2003-05-06,0.2657654812380089,9.432264192320394,MODIS/061/MCD43A3,2003_05_06
2003-05-07,0.29958086900650904,7.5459728682598115,MODIS/061/MCD43A3,2003_05_07
2003-05-08,0.2583770390214825,8.021225720744116,MODIS/061/MCD43A3,2003_05_08
2003-05-09,0.2610297667363614,8.030743434995397,MODIS/061/MCD43A3,2003_05_09
2003-05-10,0.2732118475308411,8.278735309498321,MODIS/061/MCD43A3,2003_05_10
2003-05-11,0.26298114247397336,9.053186233309217,MODIS/061/MCD43A3,2003_05_11
2003-05-12,0.2353350666246203,11.562570742635508,MODIS/061/MCD43A3,2003_05_12
2003-05-13,0.16574683021765396,9.71584425921076,MODIS/061/MCD43A3,2003_05_13
2003-05-14,0.1709323404812473,10.655651910841144,MODIS/061/MCD43A3,2003_05_14
2003-05-15,0.16647630158923482,10.943383013031585,MODIS/061/MCD43A3,2003_05_15
2003-05-16,0.1687275900894991,11.162416204535786,MODIS/061/MCD43A3,2003_05_16
2003-05-17,0.15719621142377585,8.691453270304356,MODIS/061/MCD43A3,2003_05_17
2003-05-18,0.1548317549918325,7.8537775748116125,MODIS/061/MCD43A3,2003_05_18
2003-05-19,0.15474148140255295,7.939413545853672,MODIS/061/MCD43A3,2003_05_19
2003-05-20,0.15976771215901653,7.072050262427246,MODIS/061/MCD43A3,2003_05_20
2003-05-21,0.15831123658216642,7.2053178417405785,MODIS/061/MCD43A3,2003_05_21
2003-05-22,0.15619736613119006,6.967365416295699,MODIS/061/MCD43A3,2003_05_22
2003-05-23,0.15656884771262253,8.615144542442085,MODIS/061/MCD43A3,2003_05_23
2003-05-24,0.15658848847093035,7.215801556256173,MODIS/061/MCD43A3,2003_05_24
2003-05-25,0.15689132278834678,7.873753650438332,MODIS/061/MCD43A3,2003_05_25
2003-05-26,0.15764099642251242,7.702404788275362,MODIS/061/MCD43A3,2003_05_26
2003-05-27,0.1504837660856372,6.759937614360907,MODIS/061/MCD43A3,2003_05_27
2003-05-28,0.14785670036248888,8.31000132357273,MODIS/061/MCD43A3,2003_05_28
2003-05-29,0.14606961186698753,8.549390159649741,MODIS/061/MCD43A3,2003_05_29
2003-05-30,0.14553865224385662,9.329552237721847,MODIS/061/MCD43A3,2003_05_30
2003-05-31,0.1432958589090767,7.267381946881942,MODIS/061/MCD43A3,2003_05_31
2003-06-01,0.14358648874026253,9.198547157302093,MODIS/061/MCD43A3,2003_06_01
2003-06-02,0.14420360273497893,16.819764958542603,MODIS/061/MCD43A3,2003_06_02
2003-06-03,0.15495021048253643,23.994626832603394,MODIS/061/MCD43A3,2003_06_03
2003-06-04,0.15516597306590563,24.154481268532386,MODIS/061/MCD43A3,2003_06_04
2003-06-05,0.15488334961473946,24.1449562603484,MODIS/061/MCD43A3,2003_06_05
2003-06-06,0.1676213886078864,34.82340595584402,MODIS/061/MCD43A3,2003_06_06
2003-06-07,0.17481186041584076,41.02175330314433,MODIS/061/MCD43A3,2003_06_07
2003-06-08,0.17519913838856238,41.3211179691086,MODIS/061/MCD43A3,2003_06_08
2003-06-09,0.17839780455422435,44.9053156364033,MODIS/061/MCD43A3,2003_06_09
2003-06-10,0.18757484306324332,51.769955845782164,MODIS/061/MCD43A3,2003_06_10
2003-06-11,0.19068198730990807,54.06929329780396,MODIS/061/MCD43A3,2003_06_11
2003-06-12,0.19154653011426415,54.99263738736516,MODIS/061/MCD43A3,2003_06_12
2003-06-13,0.18056933819193635,49.21289966335488,MODIS/061/MCD43A3,2003_06_13
2003-06-14,0.17501875270676975,46.841943948206094,MODIS/061/MCD43A3,2003_06_14
2003-06-15,0.1719732051042274,45.72396230273619,MODIS/061/MCD43A3,2003_06_15
2003-06-16,0.17294874246738415,50.32241514382808,MODIS/061/MCD43A3,2003_06_16
2003-06-17,0.17881711235980388,55.7660306914999,MODIS/061/MCD43A3,2003_06_17
2003-06-18,0.17354911118323563,52.792916773430115,MODIS/061/MCD43A3,2003_06_18
2003-06-19,0.17016067625147788,50.09978871339926,MODIS/061/MCD43A3,2003_06_19
2003-06-20,0.17934866705263802,59.87749984993123,MODIS/061/MCD43A3,2003_06_20
2003-06-21,0.1812340283549184,64.45617916456155,MODIS/061/MCD43A3,2003_06_21
2003-06-22,0.17591045851132484,61.367339081874086,MODIS/061/MCD43A3,2003_06_22
2003-06-23,0.1727988797105112,59.00261237677805,MODIS/061/MCD43A3,2003_06_23
2003-06-24,0.17826393961364997,63.03691111476083,MODIS/061/MCD43A3,2003_06_24
2003-06-25,0.1772347577605093,62.71837971323491,MODIS/061/MCD43A3,2003_06_25
2003-06-26,0.17838339290866637,62.928749012844506,MODIS/061/MCD43A3,2003_06_26
2003-06-27,0.1714308738868172,56.38982246620088,MODIS/061/MCD43A3,2003_06_27
2003-06-28,0.17352081561002874,61.66383800156694,MODIS/061/MCD43A3,2003_06_28
2003-06-29,0.17861503379631452,70.43726208674275,MODIS/061/MCD43A3,2003_06_29
2003-06-30,0.18088945897559944,73.7986261389643,MODIS/061/MCD43A3,2003_06_30
2003-07-01,0.18165069943951623,76.33326779125444,MODIS/061/MCD43A3,2003_07_01
2003-07-02,0.17937945909579125,73.91441078186372,MODIS/061/MCD43A3,2003_07_02
2003-07-03,0.17876821184870212,72.9862541085164,MODIS/061/MCD43A3,2003_07_03
2003-07-04,0.17721947900718282,72.58229251535592,MODIS/061/MCD43A3,2003_07_04
2003-07-05,0.17652676254797892,72.18556097511262,MODIS/061/MCD43A3,2003_07_05
2003-07-06,0.1667659589022071,61.4334496302736,MODIS/061/MCD43A3,2003_07_06
2003-07-07,0.16621623181148276,57.96502165332908,MODIS/061/MCD43A3,2003_07_07
2003-07-08,0.16927897088811394,63.53601968478326,MODIS/061/MCD43A3,2003_07_08
2003-07-09,0.16827998518204434,62.92879347421347,MODIS/061/MCD43A3,2003_07_09
2003-07-10,0.167621538386352,66.78743823758775,MODIS/061/MCD43A3,2003_07_10
2003-07-11,0.16555528287104546,70.29183085518525,MODIS/061/MCD43A3,2003_07_11
2003-07-12,0.16523010957249593,74.80017204002796,MODIS/061/MCD43A3,2003_07_12
2003-07-13,0.16661025461047618,79.21041419224805,MODIS/061/MCD43A3,2003_07_13
2003-07-14,0.16528093706908809,78.19525005326257,MODIS/061/MCD43A3,2003_07_14
2003-07-15,0.1554845346964074,70.4870844939916,MODIS/061/MCD43A3,2003_07_15
2003-07-16,0.1529576395543557,67.62287767434796,MODIS/061/MCD43A3,2003_07_16
2003-07-17,0.15107051538192712,70.23053703136947,MODIS/061/MCD43A3,2003_07_17
2003-07-18,0.1515411009001631,75.06270093848478,MODIS/061/MCD43A3,2003_07_18
2003-07-19,0.15306811635729725,78.46976184505685,MODIS/061/MCD43A3,2003_07_19
2003-07-20,0.15288879264740374,80.35456833141423,MODIS/061/MCD43A3,2003_07_20
2003-07-21,0.1542063428805515,82.75456197660336,MODIS/061/MCD43A3,2003_07_21
2003-07-22,0.15721528227835982,89.02770308987999,MODIS/061/MCD43A3,2003_07_22
2003-07-23,0.1565612557484999,89.14123117184258,MODIS/061/MCD43A3,2003_07_23
2003-07-24,0.15564360962047513,90.00202113452985,MODIS/061/MCD43A3,2003_07_24
2003-07-25,0.15652108984018726,90.75517380793619,MODIS/061/MCD43A3,2003_07_25
2003-07-26,0.15516834061953833,90.14045630706207,MODIS/061/MCD43A3,2003_07_26
2003-07-27,0.15277113851224067,87.69557045814614,MODIS/061/MCD43A3,2003_07_27
2003-07-28,0.15077108100712389,85.6719909552263,MODIS/061/MCD43A3,2003_07_28
2003-07-29,0.15018960028069886,85.23525182770939,MODIS/061/MCD43A3,2003_07_29
2003-07-30,0.15063024504481556,86.23757180327723,MODIS/061/MCD43A3,2003_07_30
2003-07-31,0.1506631302548097,86.06632691627188,MODIS/061/MCD43A3,2003_07_31
2003-08-01,0.1504134328038349,86.51874697162886,MODIS/061/MCD43A3,2003_08_01
2003-08-02,0.15074129554289833,86.49623721966378,MODIS/061/MCD43A3,2003_08_02
2003-08-03,0.15002499093204247,86.46021096169537,MODIS/061/MCD43A3,2003_08_03
2003-08-04,0.1499068647245951,85.13668925208248,MODIS/061/MCD43A3,2003_08_04
2003-08-05,0.14906836121330622,84.96537815612453,MODIS/061/MCD43A3,2003_08_05
2003-08-06,0.14937103053334383,85.30666630672843,MODIS/061/MCD43A3,2003_08_06
2003-08-07,0.14690006970373226,85.03108521965628,MODIS/061/MCD43A3,2003_08_07
2003-08-08,0.14790912108957757,86.2545868640714,MODIS/061/MCD43A3,2003_08_08
2003-08-09,0.14766419245369394,86.98943896142316,MODIS/061/MCD43A3,2003_08_09
2003-08-10,0.14789437962792484,88.26749848488573,MODIS/061/MCD43A3,2003_08_10
2003-08-11,0.14821560039019666,88.03384584140213,MODIS/061/MCD43A3,2003_08_11
2003-08-12,0.14997348655721193,91.26742175761629,MODIS/061/MCD43A3,2003_08_12
2003-08-13,0.1501389005029269,89.9722533561813,MODIS/061/MCD43A3,2003_08_13
2003-08-14,0.14843313666918956,89.03850712072732,MODIS/061/MCD43A3,2003_08_14
2003-08-15,0.1481197031960638,88.1496161752601,MODIS/061/MCD43A3,2003_08_15
2003-08-16,0.14870923472079206,89.42065104439628,MODIS/061/MCD43A3,2003_08_16
2003-08-17,0.14852109504253486,88.789244765266,MODIS/061/MCD43A3,2003_08_17
2003-08-18,0.1474593851710234,87.03950024328498,MODIS/061/MCD43A3,2003_08_18
2003-08-19,0.14718533595237415,86.17025405685833,MODIS/061/MCD43A3,2003_08_19
2003-08-20,0.14648177603896628,84.80061350153986,MODIS/061/MCD43A3,2003_08_20
2003-08-21,0.1453382351877626,86.15835121030007,MODIS/061/MCD43A3,2003_08_21
2003-08-22,0.14482257130763473,84.02748671237221,MODIS/061/MCD43A3,2003_08_22
2003-08-23,0.14361922225475346,79.00206669028734,MODIS/061/MCD43A3,2003_08_23
2003-08-24,0.1431988495625322,77.75900990842776,MODIS/061/MCD43A3,2003_08_24
2003-08-25,0.14251845821982045,78.39824883953685,MODIS/061/MCD43A3,2003_08_25
2003-08-26,0.14250656875492898,78.81742929191681,MODIS/061/MCD43A3,2003_08_26
2003-08-27,0.14188281700448097,71.04221546628064,MODIS/061/MCD43A3,2003_08_27
2003-08-28,0.14156253678111233,68.56736710301308,MODIS/061/MCD43A3,2003_08_28
2003-08-29,0.1415984208016416,68.07358266352348,MODIS/061/MCD43A3,2003_08_29
2003-08-30,0.14127871011684842,70.3827166282291,MODIS/061/MCD43A3,2003_08_30
2003-08-31,0.1420698698932931,75.78478569909676,MODIS/061/MCD43A3,2003_08_31
2003-09-01,0.1420962972394417,74.10874399645522,MODIS/061/MCD43A3,2003_09_01
2003-09-02,0.14215917114617913,74.00288119003226,MODIS/061/MCD43A3,2003_09_02
2003-09-03,0.14236889838276734,72.74798675400491,MODIS/061/MCD43A3,2003_09_03
2003-09-04,0.14193777242911776,76.66493579064726,MODIS/061/MCD43A3,2003_09_04
2003-09-05,0.14258737904145888,72.07513648110633,MODIS/061/MCD43A3,2003_09_05
2003-09-06,0.1421446577451898,71.8779249901453,MODIS/061/MCD43A3,2003_09_06
2003-09-07,0.14245482587123756,68.89741999122626,MODIS/061/MCD43A3,2003_09_07
2003-09-08,0.14245507202243077,68.98840000695512,MODIS/061/MCD43A3,2003_09_08
2003-09-09,0.1431771251252056,64.30813841018383,MODIS/061/MCD43A3,2003_09_09
2003-09-10,0.14236769062555593,60.90096874042601,MODIS/061/MCD43A3,2003_09_10
2003-09-11,0.1418456587346016,62.6659021710296,MODIS/061/MCD43A3,2003_09_11
2003-09-12,0.14129492403725188,68.5192644805428,MODIS/061/MCD43A3,2003_09_12
2003-09-13,0.14248038562091303,74.86909685474531,MODIS/061/MCD43A3,2003_09_13
2003-09-14,0.1422417914741748,74.56072150718693,MODIS/061/MCD43A3,2003_09_14
2003-09-15,0.14278183311303952,75.30381469656241,MODIS/061/MCD43A3,2003_09_15
2003-09-16,0.14304984961182818,73.55079668389685,MODIS/061/MCD43A3,2003_09_16
2003-09-17,0.14284497406484706,78.85580402756706,MODIS/061/MCD43A3,2003_09_17
2003-09-18,0.1430989119865978,81.47993566807558,MODIS/061/MCD43A3,2003_09_18
2003-09-19,0.14322640206601928,81.35080165063346,MODIS/061/MCD43A3,2003_09_19
2003-09-20,0.14352347837034446,81.94868815253874,MODIS/061/MCD43A3,2003_09_20
2003-09-21,0.14404652262718207,83.74949803960408,MODIS/061/MCD43A3,2003_09_21
2003-09-22,0.14468798524513163,83.86340104206893,MODIS/061/MCD43A3,2003_09_22
2003-09-23,0.14496475586532132,84.77119938501168,MODIS/061/MCD43A3,2003_09_23
2003-09-24,0.14565778774284033,86.77680850441709,MODIS/061/MCD43A3,2003_09_24
2003-09-25,0.14602972623760258,87.38809582329466,MODIS/061/MCD43A3,2003_09_25
2003-09-26,0.146476149232061,86.78073711446483,MODIS/061/MCD43A3,2003_09_26
2003-09-27,0.14707058801696932,86.12946600254978,MODIS/061/MCD43A3,2003_09_27
2003-09-28,0.1474073911130634,85.21471506334346,MODIS/061/MCD43A3,2003_09_28
2003-09-29,0.14722717162741442,83.64664288690878,MODIS/061/MCD43A3,2003_09_29
2003-09-30,0.14723287376967892,83.41164654236114,MODIS/061/MCD43A3,2003_09_30
2003-10-01,0.1467581889045846,83.26291895675986,MODIS/061/MCD43A3,2003_10_01
2003-10-02,0.14674278823917206,81.2631214846192,MODIS/061/MCD43A3,2003_10_02
2003-10-03,0.14717272080242483,75.86058754551125,MODIS/061/MCD43A3,2003_10_03
2003-10-04,0.14734994758889386,68.8292606902608,MODIS/061/MCD43A3,2003_10_04
2003-10-05,0.14728568124518293,68.52463183103931,MODIS/061/MCD43A3,2003_10_05
2003-10-06,0.14589166502716194,42.58495256546743,MODIS/061/MCD43A3,2003_10_06
2003-10-07,0.14720200543754638,35.15948866702083,MODIS/061/MCD43A3,2003_10_07
2003-10-08,0.1484001487571166,31.73365208286341,MODIS/061/MCD43A3,2003_10_08
2003-10-09,0.1510913338291993,31.501117777541335,MODIS/061/MCD43A3,2003_10_09
2003-10-10,0.1523067298527964,27.512380861872412,MODIS/061/MCD43A3,2003_10_10
2003-10-11,0.1546962903501123,26.617642386424933,MODIS/061/MCD43A3,2003_10_11
2003-10-12,0.15463361673538675,29.13027559909268,MODIS/061/MCD43A3,2003_10_12
2003-10-13,0.15354813104791953,30.07083876439111,MODIS/061/MCD43A3,2003_10_13
2003-10-14,0.15337520365784105,30.108806574170824,MODIS/061/MCD43A3,2003_10_14
2003-10-15,0.15277728172590702,30.51616676301315,MODIS/061/MCD43A3,2003_10_15
2003-10-16,0.1542181910588759,30.78797349281191,MODIS/061/MCD43A3,2003_10_16
2003-10-17,0.1553740617649762,30.563576606066515,MODIS/061/MCD43A3,2003_10_17
2003-10-18,0.15681122470270767,30.792356897626934,MODIS/061/MCD43A3,2003_10_18
2003-10-19,0.15265298357509177,31.09338737466558,MODIS/061/MCD43A3,2003_10_19
2003-10-20,0.1513739063002466,28.821358686497533,MODIS/061/MCD43A3,2003_10_20
2003-10-21,0.14872677613768967,28.766695414885525,MODIS/061/MCD43A3,2003_10_21
2003-10-22,0.14462519535761678,27.392575738987908,MODIS/061/MCD43A3,2003_10_22
2003-10-23,0.144464449801991,26.279618120254494,MODIS/061/MCD43A3,2003_10_23
2003-10-24,0.14102071674088468,25.310125390122067,MODIS/061/MCD43A3,2003_10_24
2003-10-25,0.14000919895163083,21.233650898086047,MODIS/061/MCD43A3,2003_10_25
2003-10-26,0.1385287004698733,15.600136727530694,MODIS/061/MCD43A3,2003_10_26
2003-10-27,0.1397219639022166,8.321815102718475,MODIS/061/MCD43A3,2003_10_27
2003-10-28,0.14722244224488026,2.7071055155267274,MODIS/061/MCD43A3,2003_10_28
2003-10-29,0.1507210620487129,0.8186626952886936,MODIS/061/MCD43A3,2003_10_29
2003-10-30,0.15086059667202562,0.8186626952886936,MODIS/061/MCD43A3,2003_10_30
2003-10-31,0.184,0.009519539813684816,MODIS/061/MCD43A3,2003_10_31
2003-11-01,0.184,0.009519539813684816,MODIS/061/MCD43A3,2003_11_01
2003-11-02,,0.0,MODIS/061/MCD43A3,2003_11_02
2003-11-03,,0.0,MODIS/061/MCD43A3,2003_11_03
2003-11-04,,0.0,MODIS/061/MCD43A3,2003_11_04
2003-11-05,,0.0,MODIS/061/MCD43A3,2003_11_05
2003-11-06,,0.0,MODIS/061/MCD43A3,2003_11_06
2003-11-07,,0.0,MODIS/061/MCD43A3,2003_11_07
2003-11-08,,0.0,MODIS/061/MCD43A3,2003_11_08
2003-11-09,,0.0,MODIS/061/MCD43A3,2003_11_09
2003-11-10,,0.0,MODIS/061/MCD43A3,2003_11_10
2003-11-11,,0.0,MODIS/061/MCD43A3,2003_11_11
2003-11-12,,0.0,MODIS/061/MCD43A3,2003_11_12
2003-11-13,,0.0,MODIS/061/MCD43A3,2003_11_13
2003-11-14,,0.0,MODIS/061/MCD43A3,2003_11_14
2003-11-15,,0.0,MODIS/061/MCD43A3,2003_11_15
2003-11-16,,0.0,MODIS/061/MCD43A3,2003_11_16
2003-11-17,0.4435015701513617,0.03807678415915528,MODIS/061/MCD43A3,2003_11_17
2003-11-18,,0.0,MODIS/061/MCD43A3,2003_11_18
2003-11-19,0.65,0.009519492923325299,MODIS/061/MCD43A3,2003_11_19
2003-11-20,0.40884979499380564,0.28487062794239876,MODIS/061/MCD43A3,2003_11_20
2003-11-21,0.4123403533235707,0.4455045232034719,MODIS/061/MCD43A3,2003_11_21
2003-11-22,0.4152729014699939,0.4264658367651302,MODIS/061/MCD43A3,2003_11_22
2003-11-23,0.3968869537881819,0.7025262085323258,MODIS/061/MCD43A3,2003_11_23
2003-11-24,0.4035193084204968,1.0912498904899495,MODIS/061/MCD43A3,2003_11_24
2003-11-25,0.3890112004787305,1.1578083562571566,MODIS/061/MCD43A3,2003_11_25
2003-11-26,0.3857120022932044,1.3595409879445708,MODIS/061/MCD43A3,2003_11_26
2003-11-27,0.4008487490803299,1.2381451672888435,MODIS/061/MCD43A3,2003_11_27
2003-11-28,0.3805953684184737,1.1714314883731023,MODIS/061/MCD43A3,2003_11_28
2003-11-29,0.3551453796133541,1.5930412021483569,MODIS/061/MCD43A3,2003_11_29
2003-11-30,0.36334528327013144,1.4200925130108515,MODIS/061/MCD43A3,2003_11_30
2003-12-01,0.3617463339422453,1.5233086491353813,MODIS/061/MCD43A3,2003_12_01
2003-12-02,0.35261066781548844,1.492883534873396,MODIS/061/MCD43A3,2003_12_02
2003-12-03,0.3559490469212964,1.4579415465810708,MODIS/061/MCD43A3,2003_12_03
2003-12-04,0.3491716221818894,1.4639867224149568,MODIS/061/MCD43A3,2003_12_04
2003-12-05,0.35414501283574445,1.443677477178629,MODIS/061/MCD43A3,2003_12_05
2003-12-06,0.3678277583025634,1.0519679983615342,MODIS/061/MCD43A3,2003_12_06
2003-12-07,0.36100228336042095,1.0807861271783634,MODIS/061/MCD43A3,2003_12_07
2003-12-08,0.37708013880800223,1.0060668314654009,MODIS/061/MCD43A3,2003_12_08
2003-12-09,0.3790783220573155,0.8551003152049649,MODIS/061/MCD43A3,2003_12_09
2003-12-10,0.37306447906312085,0.8829865752875075,MODIS/061/MCD43A3,2003_12_10
2003-12-11,0.38966391564146574,1.4627816466743395,MODIS/061/MCD43A3,2003_12_11
2003-12-12,0.4028369086884424,1.4257561451283078,MODIS/061/MCD43A3,2003_12_12
2003-12-13,0.43922981385060555,1.027323826761614,MODIS/061/MCD43A3,2003_12_13
2003-12-14,0.41837173477229633,1.2164051559145619,MODIS/061/MCD43A3,2003_12_14
2003-12-15,0.44448770326256604,1.0740996239436134,MODIS/061/MCD43A3,2003_12_15
2003-12-16,0.4690458326525099,1.065364890146214,MODIS/061/MCD43A3,2003_12_16
2003-12-17,0.4362461803764126,1.3322454002979067,MODIS/061/MCD43A3,2003_12_17
2003-12-18,0.4220531692195823,1.694948318562781,MODIS/061/MCD43A3,2003_12_18
2003-12-19,0.4315431985894063,1.8380814857832153,MODIS/061/MCD43A3,2003_12_19
2003-12-20,0.4169475269372804,2.0778591408836666,MODIS/061/MCD43A3,2003_12_20
2003-12-21,0.4151928434904389,2.1349750376134145,MODIS/061/MCD43A3,2003_12_21
2003-12-22,0.41928837752576564,1.7831671158814248,MODIS/061/MCD43A3,2003_12_22
2003-12-23,0.43315686993461616,1.4693623734994596,MODIS/061/MCD43A3,2003_12_23
2003-12-24,0.41074840343636637,1.8297579927221879,MODIS/061/MCD43A3,2003_12_24
2003-12-25,0.4619581369790544,1.1302495392329437,MODIS/061/MCD43A3,2003_12_25
2003-12-26,0.43309895001358806,1.293384881581737,MODIS/061/MCD43A3,2003_12_26
2003-12-27,0.4122610612197946,2.0825212026195685,MODIS/061/MCD43A3,2003_12_27
2003-12-28,0.39717180458417306,2.44425573545218,MODIS/061/MCD43A3,2003_12_28
2003-12-29,0.404102976472652,2.5584901238272835,MODIS/061/MCD43A3,2003_12_29
2003-12-30,0.4042237981436812,2.6536837991156395,MODIS/061/MCD43A3,2003_12_30
2003-12-31,0.40058179998786136,2.606831139715147,MODIS/061/MCD43A3,2003_12_31
2004-01-01,0.39947981794615495,2.673616636169499,MODIS/061/MCD43A3,2004_01_01
2004-01-02,0.3981198425449432,3.453046854260374,MODIS/061/MCD43A3,2004_01_02
2004-01-03,0.4296158799943944,2.7693377247096786,MODIS/061/MCD43A3,2004_01_03
2004-01-04,0.4490968703882986,2.6265489045912536,MODIS/061/MCD43A3,2004_01_04
2004-01-05,0.4393238538282918,2.2072477507472517,MODIS/061/MCD43A3,2004_01_05
2004-01-06,0.4312262405934564,3.016271537197909,MODIS/061/MCD43A3,2004_01_06
2004-01-07,0.425809561050513,2.9496356160457493,MODIS/061/MCD43A3,2004_01_07
2004-01-08,0.42331181775908694,2.7693689584066346,MODIS/061/MCD43A3,2004_01_08
2004-01-09,0.4315791505726107,2.207735029721585,MODIS/061/MCD43A3,2004_01_09
2004-01-10,0.4085636866107459,2.5885000471323827,MODIS/061/MCD43A3,2004_01_10
2004-01-11,0.39024161430864845,2.389639959140694,MODIS/061/MCD43A3,2004_01_11
2004-01-12,0.38257875466070085,0.1808638807394104,MODIS/061/MCD43A3,2004_01_12
2004-01-13,0.36499981048702923,0.13326814128494485,MODIS/061/MCD43A3,2004_01_13
2004-01-14,0.3285420461408638,1.238418840519422,MODIS/061/MCD43A3,2004_01_14
2004-01-15,0.3263572775503841,1.189664815208636,MODIS/061/MCD43A3,2004_01_15
2004-01-16,0.34916146087883865,2.179738311467376,MODIS/061/MCD43A3,2004_01_16
2004-01-17,0.35254143759049705,2.08395164294424,MODIS/061/MCD43A3,2004_01_17
2004-01-18,0.3704347347611331,1.6088142149274856,MODIS/061/MCD43A3,2004_01_18
2004-01-19,0.36854534847633885,1.8277539518979191,MODIS/061/MCD43A3,2004_01_19
2004-01-20,0.3657858345353431,2.18130728262931,MODIS/061/MCD43A3,2004_01_20
2004-01-21,0.3863449981195522,2.221510814199356,MODIS/061/MCD43A3,2004_01_21
2004-01-22,0.38117152649632147,1.9382115948732324,MODIS/061/MCD43A3,2004_01_22
2004-01-23,0.3993090493737726,2.26982391657455,MODIS/061/MCD43A3,2004_01_23
2004-01-24,0.404329743164649,2.7080060781304223,MODIS/061/MCD43A3,2004_01_24
2004-01-25,0.40219032057424436,3.0215067994220846,MODIS/061/MCD43A3,2004_01_25
2004-01-26,0.42636672673230963,3.2749806834157047,MODIS/061/MCD43A3,2004_01_26
2004-01-27,0.44036998760631274,3.474026596248272,MODIS/061/MCD43A3,2004_01_27
2004-01-28,0.44150423710155734,3.549321785685915,MODIS/061/MCD43A3,2004_01_28
2004-01-29,0.43725922152440366,3.569218473180153,MODIS/061/MCD43A3,2004_01_29
2004-01-30,0.4703579328729363,3.494003601507704,MODIS/061/MCD43A3,2004_01_30
2004-01-31,0.4773971527116782,3.4749683945028256,MODIS/061/MCD43A3,2004_01_31
2004-02-01,0.514054367380048,3.46377673979119,MODIS/061/MCD43A3,2004_02_01
2004-02-02,0.5072485589467545,3.9345082623711534,MODIS/061/MCD43A3,2004_02_02
2004-02-03,0.5044618365143531,4.071695942242796,MODIS/061/MCD43A3,2004_02_03
2004-02-04,0.5006646633573484,4.437939579186108,MODIS/061/MCD43A3,2004_02_04
2004-02-05,0.5054684698910881,4.817816711854425,MODIS/061/MCD43A3,2004_02_05
2004-02-06,0.5099881413632761,4.523546397928224,MODIS/061/MCD43A3,2004_02_06
2004-02-07,0.4971248449524002,4.37112056175746,MODIS/061/MCD43A3,2004_02_07
2004-02-08,0.5166249895927935,3.8283818817331725,MODIS/061/MCD43A3,2004_02_08
2004-02-09,0.5119931653464059,3.2383385791896644,MODIS/061/MCD43A3,2004_02_09
2004-02-10,0.5062344710225917,2.2602046215996383,MODIS/061/MCD43A3,2004_02_10
2004-02-11,0.51873217655548,1.3214970536133488,MODIS/061/MCD43A3,2004_02_11
2004-02-12,0.5264880424681498,1.0473832519516895,MODIS/061/MCD43A3,2004_02_12
2004-02-13,0.5277281863490434,1.03786389273383,MODIS/061/MCD43A3,2004_02_13
2004-02-14,0.5278114127703446,1.0473836814608397,MODIS/061/MCD43A3,2004_02_14
2004-02-15,0.49071023819189186,1.5407054408038003,MODIS/061/MCD43A3,2004_02_15
2004-02-16,0.49157842029142446,3.0522933399746175,MODIS/061/MCD43A3,2004_02_16
2004-02-17,0.4887577795438043,2.832267434691554,MODIS/061/MCD43A3,2004_02_17
2004-02-18,0.5018959970274212,1.515548004757756,MODIS/061/MCD43A3,2004_02_18
2004-02-19,0.48826511238437453,2.9149613562723458,MODIS/061/MCD43A3,2004_02_19
2004-02-20,0.47574377024122827,3.7784286249190533,MODIS/061/MCD43A3,2004_02_20
2004-02-21,0.4899586407287671,5.161685324491788,MODIS/061/MCD43A3,2004_02_21
2004-02-22,0.4900829199636216,5.245156379350977,MODIS/061/MCD43A3,2004_02_22
2004-02-23,0.4980867523141833,5.371783276064422,MODIS/061/MCD43A3,2004_02_23
2004-02-24,0.4878694861454973,6.82223493242675,MODIS/061/MCD43A3,2004_02_24
2004-02-25,0.48548166790195246,6.831751797164773,MODIS/061/MCD43A3,2004_02_25
2004-02-26,0.4832633181462238,6.879347969485595,MODIS/061/MCD43A3,2004_02_26
2004-02-27,0.4952005279998176,6.800931424260843,MODIS/061/MCD43A3,2004_02_27
2004-02-28,0.5061895896110373,8.132114690383396,MODIS/061/MCD43A3,2004_02_28
2004-02-29,0.49848466508349404,8.174371616969417,MODIS/061/MCD43A3,2004_02_29
2004-03-01,0.4972070166447023,8.050324141943202,MODIS/061/MCD43A3,2004_03_01
2004-03-02,0.49482342695807036,7.105885464206462,MODIS/061/MCD43A3,2004_03_02
2004-03-03,0.49236049604213494,6.2196183665055615,MODIS/061/MCD43A3,2004_03_03
2004-03-04,0.4926535374761476,6.229135234213911,MODIS/061/MCD43A3,2004_03_04
2004-03-05,0.4999691537874214,6.08635588308364,MODIS/061/MCD43A3,2004_03_05
2004-03-06,0.4983098008671791,4.822848121592111,MODIS/061/MCD43A3,2004_03_06
2004-03-07,0.4967729804478479,1.1696106402331305,MODIS/061/MCD43A3,2004_03_07
2004-03-08,0.4950720310259214,0.13327069043286155,MODIS/061/MCD43A3,2004_03_08
2004-03-09,0.49535774119664955,0.13327069043286155,MODIS/061/MCD43A3,2004_03_09
2004-03-10,,0.0,MODIS/061/MCD43A3,2004_03_10
2004-03-11,,0.0,MODIS/061/MCD43A3,2004_03_11
2004-03-12,,0.0,MODIS/061/MCD43A3,2004_03_12
2004-03-13,,0.0,MODIS/061/MCD43A3,2004_03_13
2004-03-14,,0.0,MODIS/061/MCD43A3,2004_03_14
2004-03-15,,0.0,MODIS/061/MCD43A3,2004_03_15
2004-03-16,0.608000085671832,0.23798851672846813,MODIS/061/MCD43A3,2004_03_16
2004-03-17,0.6063333986132226,0.25702828428335633,MODIS/061/MCD43A3,2004_03_17
2004-03-18,0.6659530603981587,1.5993001369884685,MODIS/061/MCD43A3,2004_03_18
2004-03-19,0.6768565874532096,1.3232236024930242,MODIS/061/MCD43A3,2004_03_19
2004-03-20,0.6175939670047506,4.584106621845845,MODIS/061/MCD43A3,2004_03_20
2004-03-21,0.6143359686347711,4.079604885750078,MODIS/061/MCD43A3,2004_03_21
2004-03-22,0.6139540919622789,3.9463324101512467,MODIS/061/MCD43A3,2004_03_22
2004-03-23,0.578844900058114,6.350823367288967,MODIS/061/MCD43A3,2004_03_23
2004-03-24,0.5612250579033278,7.276284165654289,MODIS/061/MCD43A3,2004_03_24
2004-03-25,0.5631883197285291,7.635011541015751,MODIS/061/MCD43A3,2004_03_25
2004-03-26,0.561213564416997,7.93141844433308,MODIS/061/MCD43A3,2004_03_26
2004-03-27,0.563157938326871,9.33235458834948,MODIS/061/MCD43A3,2004_03_27
2004-03-28,0.5655208160022429,9.800233526714992,MODIS/061/MCD43A3,2004_03_28
2004-03-29,0.5584580144790773,8.320706373696897,MODIS/061/MCD43A3,2004_03_29
2004-03-30,0.5576778943015223,8.472719841316527,MODIS/061/MCD43A3,2004_03_30
2004-03-31,0.5722009012404223,7.6260164257008265,MODIS/061/MCD43A3,2004_03_31
2004-04-01,0.5779974778918889,8.931137095010637,MODIS/061/MCD43A3,2004_04_01
2004-04-02,0.5853846095620024,12.74627805737297,MODIS/061/MCD43A3,2004_04_02
2004-04-03,0.5824652161867726,15.390497819577586,MODIS/061/MCD43A3,2004_04_03
2004-04-04,0.585810646202734,17.52890228664108,MODIS/061/MCD43A3,2004_04_04
2004-04-05,0.5713769526865249,18.291100443512406,MODIS/061/MCD43A3,2004_04_05
2004-04-06,0.5659497630539138,21.204474158052452,MODIS/061/MCD43A3,2004_04_06
2004-04-07,0.5594507739267484,21.323995697180997,MODIS/061/MCD43A3,2004_04_07
2004-04-08,0.5087941655296722,19.71357486606482,MODIS/061/MCD43A3,2004_04_08
2004-04-09,0.5017132666857235,18.00863989013579,MODIS/061/MCD43A3,2004_04_09
2004-04-10,0.49874913241083946,17.780583412630033,MODIS/061/MCD43A3,2004_04_10
2004-04-11,0.49754802125490494,17.744969475576184,MODIS/061/MCD43A3,2004_04_11
2004-04-12,0.4932861745283721,17.108277482756943,MODIS/061/MCD43A3,2004_04_12
2004-04-13,0.48177412395629404,20.969541124243843,MODIS/061/MCD43A3,2004_04_13
2004-04-14,0.48148105433997385,20.8684482164418,MODIS/061/MCD43A3,2004_04_14
2004-04-15,0.479969136495479,21.1190576968865,MODIS/061/MCD43A3,2004_04_15
2004-04-16,0.47518725029875897,21.60520589966438,MODIS/061/MCD43A3,2004_04_16
2004-04-17,0.43431382641912364,18.852555026744263,MODIS/061/MCD43A3,2004_04_17
2004-04-18,0.4175318830889473,15.126391161353487,MODIS/061/MCD43A3,2004_04_18
2004-04-19,0.39833880268905464,12.911657410720618,MODIS/061/MCD43A3,2004_04_19
2004-04-20,0.38772708814696744,10.316814744876012,MODIS/061/MCD43A3,2004_04_20
2004-04-21,0.36047745723748287,6.074611766909089,MODIS/061/MCD43A3,2004_04_21
2004-04-22,0.31046963051058857,3.3961140402546857,MODIS/061/MCD43A3,2004_04_22
2004-04-23,0.3471896138598257,3.838544107398381,MODIS/061/MCD43A3,2004_04_23
2004-04-24,0.33065473131000833,2.166975862666746,MODIS/061/MCD43A3,2004_04_24
2004-04-25,0.3692461507658897,3.7186150713558455,MODIS/061/MCD43A3,2004_04_25
2004-04-26,0.24883065830146434,8.78414888201138,MODIS/061/MCD43A3,2004_04_26
2004-04-27,0.25903761626649713,10.196603994144132,MODIS/061/MCD43A3,2004_04_27
2004-04-28,0.25567734274954124,10.188383631692949,MODIS/061/MCD43A3,2004_04_28
2004-04-29,0.2284154925511104,7.130003692646868,MODIS/061/MCD43A3,2004_04_29
2004-04-30,0.22894085325805924,6.963356304405469,MODIS/061/MCD43A3,2004_04_30
2004-05-01,0.24633374243874903,10.421390669532519,MODIS/061/MCD43A3,2004_05_01
2004-05-02,0.253877505427878,9.584068673036933,MODIS/061/MCD43A3,2004_05_02
2004-05-03,0.22972084515751087,8.42055539532821,MODIS/061/MCD43A3,2004_05_03
2004-05-04,0.22459810977442451,11.326188153467509,MODIS/061/MCD43A3,2004_05_04
2004-05-05,0.21790832774919627,15.891037850490106,MODIS/061/MCD43A3,2004_05_05
2004-05-06,0.2160570226585838,15.766084130122819,MODIS/061/MCD43A3,2004_05_06
2004-05-07,0.20650792655987357,17.833961063247376,MODIS/061/MCD43A3,2004_05_07
2004-05-08,0.18005774109191156,18.065640165076324,MODIS/061/MCD43A3,2004_05_08
2004-05-09,0.17277735307172656,16.916325517168204,MODIS/061/MCD43A3,2004_05_09
2004-05-10,0.15716683927770014,16.112177652458556,MODIS/061/MCD43A3,2004_05_10
2004-05-11,0.15356046897081221,18.438298317737008,MODIS/061/MCD43A3,2004_05_11
2004-05-12,0.14449979922950834,16.25964353444757,MODIS/061/MCD43A3,2004_05_12
2004-05-13,0.14478006907420918,16.326313989153483,MODIS/061/MCD43A3,2004_05_13
2004-05-14,0.15294171153839303,19.30598278869768,MODIS/061/MCD43A3,2004_05_14
2004-05-15,0.15293187244129772,19.325021688917353,MODIS/061/MCD43A3,2004_05_15
2004-05-16,0.15395830024252627,19.838600988328157,MODIS/061/MCD43A3,2004_05_16
2004-05-17,0.15657543616004535,22.094872410435034,MODIS/061/MCD43A3,2004_05_17
2004-05-18,0.16361717083917654,26.211108979544484,MODIS/061/MCD43A3,2004_05_18
2004-05-19,0.16626611411319292,28.980114670507184,MODIS/061/MCD43A3,2004_05_19
2004-05-20,0.16571016518731418,27.692458228983384,MODIS/061/MCD43A3,2004_05_20
2004-05-21,0.16155390643437814,23.832569511957214,MODIS/061/MCD43A3,2004_05_21
2004-05-22,0.16238178676480686,24.457513799667574,MODIS/061/MCD43A3,2004_05_22
2004-05-23,0.15748765571825746,21.09070958646242,MODIS/061/MCD43A3,2004_05_23
2004-05-24,0.1586196049434614,21.165062687000106,MODIS/061/MCD43A3,2004_05_24
2004-05-25,0.15854024946131146,21.184101078699957,MODIS/061/MCD43A3,2004_05_25
2004-05-26,0.1529507012025675,19.32030363025819,MODIS/061/MCD43A3,2004_05_26
2004-05-27,0.1509831398248062,18.27478900974493,MODIS/061/MCD43A3,2004_05_27
2004-05-28,0.15124892119787356,24.240706779780368,MODIS/061/MCD43A3,2004_05_28
2004-05-29,0.1497159256162393,23.364927103981344,MODIS/061/MCD43A3,2004_05_29
2004-05-30,0.14393392428457144,20.08018133596748,MODIS/061/MCD43A3,2004_05_30
2004-05-31,0.1449307342449445,25.527777681372665,MODIS/061/MCD43A3,2004_05_31
2004-06-01,0.1467909300150651,29.83037932828036,MODIS/061/MCD43A3,2004_06_01
2004-06-02,0.14544012872072215,31.853529660991025,MODIS/061/MCD43A3,2004_06_02
2004-06-03,0.14645186827386908,33.63538582978783,MODIS/061/MCD43A3,2004_06_03
2004-06-04,0.14563382383039397,37.70525076032033,MODIS/061/MCD43A3,2004_06_04
2004-06-05,0.14776480871523778,41.886748534607825,MODIS/061/MCD43A3,2004_06_05
2004-06-06,0.15587422904254042,48.892213751050114,MODIS/061/MCD43A3,2004_06_06
2004-06-07,0.15437214022434356,48.42220482297487,MODIS/061/MCD43A3,2004_06_07
2004-06-08,0.16408243401128658,55.76053288226479,MODIS/061/MCD43A3,2004_06_08
2004-06-09,0.16320214537051697,56.19561873074838,MODIS/061/MCD43A3,2004_06_09
2004-06-10,0.16878523492942657,60.36532379701754,MODIS/061/MCD43A3,2004_06_10
2004-06-11,0.16856902428227244,60.84953445175304,MODIS/061/MCD43A3,2004_06_11
2004-06-12,0.1709899841637864,63.552054930054055,MODIS/061/MCD43A3,2004_06_12
2004-06-13,0.1663262608704815,60.47751828991945,MODIS/061/MCD43A3,2004_06_13
2004-06-14,0.16707453282927037,61.07647483859503,MODIS/061/MCD43A3,2004_06_14
2004-06-15,0.1693201989872432,63.12070153261229,MODIS/061/MCD43A3,2004_06_15
2004-06-16,0.17156612607766972,65.50456657885138,MODIS/061/MCD43A3,2004_06_16
2004-06-17,0.1725662041808585,66.81792588177997,MODIS/061/MCD43A3,2004_06_17
2004-06-18,0.1710322154638033,65.35675480299683,MODIS/061/MCD43A3,2004_06_18
2004-06-19,0.17263807565459913,67.09610301483464,MODIS/061/MCD43A3,2004_06_19
2004-06-20,0.17100416861233092,68.95180854939389,MODIS/061/MCD43A3,2004_06_20
2004-06-21,0.1741773373395644,72.36643769467324,MODIS/061/MCD43A3,2004_06_21
2004-06-22,0.16786090456999983,71.38422619197772,MODIS/061/MCD43A3,2004_06_22
2004-06-23,0.1684993095614024,72.39700863859896,MODIS/061/MCD43A3,2004_06_23
2004-06-24,0.16748445022453498,72.89342639373314,MODIS/061/MCD43A3,2004_06_24
2004-06-25,0.1687939717646358,74.26516387787201,MODIS/061/MCD43A3,2004_06_25
2004-06-26,0.16686427405426857,73.4471682287189,MODIS/061/MCD43A3,2004_06_26
2004-06-27,0.16817369018851988,74.44981328769606,MODIS/061/MCD43A3,2004_06_27
2004-06-28,0.16866529728265572,77.32700656089177,MODIS/061/MCD43A3,2004_06_28
2004-06-29,0.16776796537463778,77.18934732605257,MODIS/061/MCD43A3,2004_06_29
2004-06-30,0.16881670927853523,79.16758279647127,MODIS/061/MCD43A3,2004_06_30
2004-07-01,0.16740114551413288,78.32603450628336,MODIS/061/MCD43A3,2004_07_01
2004-07-02,0.16738426433687512,79.8456659904867,MODIS/061/MCD43A3,2004_07_02
2004-07-03,0.16710555560486473,81.42193999047721,MODIS/061/MCD43A3,2004_07_03
2004-07-04,0.1651579999626387,80.2496089987665,MODIS/061/MCD43A3,2004_07_04
2004-07-05,0.16373145774489317,79.38925283731334,MODIS/061/MCD43A3,2004_07_05
2004-07-06,0.15918419477206724,73.38841886869001,MODIS/061/MCD43A3,2004_07_06
2004-07-07,0.1568645504399127,70.53102847523071,MODIS/061/MCD43A3,2004_07_07
2004-07-08,0.151219923723865,63.931056061259795,MODIS/061/MCD43A3,2004_07_08
2004-07-09,0.1501492948253201,62.694652304303666,MODIS/061/MCD43A3,2004_07_09
2004-07-10,0.1459518589389957,55.516790116747735,MODIS/061/MCD43A3,2004_07_10
2004-07-11,0.14472224325192345,49.60263110809088,MODIS/061/MCD43A3,2004_07_11
2004-07-12,0.14336035381089363,44.23592739615632,MODIS/061/MCD43A3,2004_07_12
2004-07-13,0.1417613219930367,43.7696168820003,MODIS/061/MCD43A3,2004_07_13
2004-07-14,0.14066481010182658,40.17246030596569,MODIS/061/MCD43A3,2004_07_14
2004-07-15,0.13739654474936575,23.637724143894243,MODIS/061/MCD43A3,2004_07_15
2004-07-16,0.13600149783070384,18.671709636400877,MODIS/061/MCD43A3,2004_07_16
2004-07-17,0.1354379512940682,18.745210279918414,MODIS/061/MCD43A3,2004_07_17
2004-07-18,0.1319011126019338,15.24891157688218,MODIS/061/MCD43A3,2004_07_18
2004-07-19,0.1300431731574694,14.960830500732751,MODIS/061/MCD43A3,2004_07_19
2004-07-20,0.13123519799343256,21.223214782148855,MODIS/061/MCD43A3,2004_07_20
2004-07-21,0.13119595882069057,23.678861286944063,MODIS/061/MCD43A3,2004_07_21
2004-07-22,0.13164676934378247,24.208428434582107,MODIS/061/MCD43A3,2004_07_22
2004-07-23,0.1320909748785815,26.80152701670814,MODIS/061/MCD43A3,2004_07_23
2004-07-24,0.13224095399471317,29.732512928564905,MODIS/061/MCD43A3,2004_07_24
2004-07-25,0.13249240202279733,28.5330610925362,MODIS/061/MCD43A3,2004_07_25
2004-07-26,0.13256449367575185,29.209012897857917,MODIS/061/MCD43A3,2004_07_26
2004-07-27,0.1329374511261845,30.096449969183894,MODIS/061/MCD43A3,2004_07_27
2004-07-28,0.13298686526058973,31.471421733403826,MODIS/061/MCD43A3,2004_07_28
2004-07-29,0.13246567530738737,43.00793404750962,MODIS/061/MCD43A3,2004_07_29
2004-07-30,0.13261946567931918,37.66482478122128,MODIS/061/MCD43A3,2004_07_30
2004-07-31,0.13343974231483793,53.01035457127065,MODIS/061/MCD43A3,2004_07_31
2004-08-01,0.13426946608653104,62.11647721850315,MODIS/061/MCD43A3,2004_08_01
2004-08-02,0.13640467009225057,75.33975693188282,MODIS/061/MCD43A3,2004_08_02
2004-08-03,0.1367886532649662,78.3085988640395,MODIS/061/MCD43A3,2004_08_03
2004-08-04,0.13679630047404417,78.06081700028429,MODIS/061/MCD43A3,2004_08_04
2004-08-05,0.13680319211326442,79.20052888642581,MODIS/061/MCD43A3,2004_08_05
2004-08-06,0.13760844662593896,82.4525014915691,MODIS/061/MCD43A3,2004_08_06
2004-08-07,0.13973833044173073,86.71358267819254,MODIS/061/MCD43A3,2004_08_07
2004-08-08,0.140744230318579,88.27537847506535,MODIS/061/MCD43A3,2004_08_08
2004-08-09,0.14207389667947104,90.4597020090959,MODIS/061/MCD43A3,2004_08_09
2004-08-10,0.14257448449685334,91.0848020205281,MODIS/061/MCD43A3,2004_08_10
2004-08-11,0.14254819493407478,90.80044246541961,MODIS/061/MCD43A3,2004_08_11
2004-08-12,0.14314880533574548,91.36875467502898,MODIS/061/MCD43A3,2004_08_12
2004-08-13,0.14342098562653668,92.21781775129203,MODIS/061/MCD43A3,2004_08_13
2004-08-14,0.14331798504629928,91.91467265382377,MODIS/061/MCD43A3,2004_08_14
2004-08-15,0.14401173505007725,92.29069237589165,MODIS/061/MCD43A3,2004_08_15
2004-08-16,0.14344845650090599,92.80743815788428,MODIS/061/MCD43A3,2004_08_16
2004-08-17,0.14366384481290506,91.77946983501715,MODIS/061/MCD43A3,2004_08_17
2004-08-18,0.14294855412764418,92.22562079606693,MODIS/061/MCD43A3,2004_08_18
2004-08-19,0.14275637361029475,91.06221384184863,MODIS/061/MCD43A3,2004_08_19
2004-08-20,0.1426754447287771,89.98309484130054,MODIS/061/MCD43A3,2004_08_20
2004-08-21,0.14218141783558427,91.36208915551764,MODIS/061/MCD43A3,2004_08_21
2004-08-22,0.1422007566872667,92.213313710425,MODIS/061/MCD43A3,2004_08_22
2004-08-23,0.1424048229887797,92.83625164593039,MODIS/061/MCD43A3,2004_08_23
2004-08-24,0.1424178878332044,93.30134854693618,MODIS/061/MCD43A3,2004_08_24
2004-08-25,0.14255627668397494,94.66243157148867,MODIS/061/MCD43A3,2004_08_25
2004-08-26,0.14249451141932132,94.53733005427728,MODIS/061/MCD43A3,2004_08_26
2004-08-27,0.14259228942555363,94.75670176270825,MODIS/061/MCD43A3,2004_08_27
2004-08-28,0.14291184761929418,95.9318611159707,MODIS/061/MCD43A3,2004_08_28
2004-08-29,0.1425384620196274,95.17467144894543,MODIS/061/MCD43A3,2004_08_29
2004-08-30,0.14277882102730172,95.28140801067018,MODIS/061/MCD43A3,2004_08_30
2004-08-31,0.14233448292722758,93.8815012704734,MODIS/061/MCD43A3,2004_08_31
2004-09-01,0.14223696193508617,93.35641275299149,MODIS/061/MCD43A3,2004_09_01
2004-09-02,0.14223527250383539,92.35678627128272,MODIS/061/MCD43A3,2004_09_02
2004-09-03,0.14180520061984678,92.54775158384606,MODIS/061/MCD43A3,2004_09_03
2004-09-04,0.14176515712719742,93.03121314465945,MODIS/061/MCD43A3,2004_09_04
2004-09-05,0.14179005709325898,93.91484289585047,MODIS/061/MCD43A3,2004_09_05
2004-09-06,0.14141148932393224,93.95579216928465,MODIS/061/MCD43A3,2004_09_06
2004-09-07,0.14100959369470956,92.17996959864736,MODIS/061/MCD43A3,2004_09_07
2004-09-08,0.13994184032616214,91.3165792552304,MODIS/061/MCD43A3,2004_09_08
2004-09-09,0.1393117041068023,89.0394067194152,MODIS/061/MCD43A3,2004_09_09
2004-09-10,0.13819950252216856,86.38884309565624,MODIS/061/MCD43A3,2004_09_10
2004-09-11,0.13812824769169185,85.59403957612942,MODIS/061/MCD43A3,2004_09_11
2004-09-12,0.1377182425783038,81.39617464557038,MODIS/061/MCD43A3,2004_09_12
2004-09-13,0.1378639700964798,77.25713259438699,MODIS/061/MCD43A3,2004_09_13
2004-09-14,0.13804168354506435,76.57269281274986,MODIS/061/MCD43A3,2004_09_14
2004-09-15,0.1372503740197838,71.07827531451575,MODIS/061/MCD43A3,2004_09_15
2004-09-16,0.13771795536781403,68.24905029149217,MODIS/061/MCD43A3,2004_09_16
2004-09-17,0.13796000186445137,71.27270423239142,MODIS/061/MCD43A3,2004_09_17
2004-09-18,0.13814759746565072,70.95596922407631,MODIS/061/MCD43A3,2004_09_18
2004-09-19,0.13798626273189982,65.6058670632573,MODIS/061/MCD43A3,2004_09_19
2004-09-20,0.13785485278315193,62.72514872114777,MODIS/061/MCD43A3,2004_09_20
2004-09-21,0.13775407918808916,61.06085062598161,MODIS/061/MCD43A3,2004_09_21
2004-09-22,0.13696709709140054,59.53844702509564,MODIS/061/MCD43A3,2004_09_22
2004-09-23,0.13760001797417512,62.04398257246339,MODIS/061/MCD43A3,2004_09_23
2004-09-24,0.13868844967861652,63.160829711685864,MODIS/061/MCD43A3,2004_09_24
2004-09-25,0.13900293576149259,64.08776594921171,MODIS/061/MCD43A3,2004_09_25
2004-09-26,0.13933048617132684,64.23601300453026,MODIS/061/MCD43A3,2004_09_26
2004-09-27,0.13952229810966096,66.70683852347048,MODIS/061/MCD43A3,2004_09_27
2004-09-28,0.13964357391272897,69.14432627525422,MODIS/061/MCD43A3,2004_09_28
2004-09-29,0.13998676160233456,69.23515677761434,MODIS/061/MCD43A3,2004_09_29
2004-09-30,0.13992491727026127,69.11252112687852,MODIS/061/MCD43A3,2004_09_30
2004-10-01,0.14088650547022805,69.52593515258029,MODIS/061/MCD43A3,2004_10_01
2004-10-02,0.14063525244568706,68.86127478435574,MODIS/061/MCD43A3,2004_10_02
2004-10-03,0.14008159761854774,68.36561243901205,MODIS/061/MCD43A3,2004_10_03
2004-10-04,0.1407110455921406,68.22392399096786,MODIS/061/MCD43A3,2004_10_04
2004-10-05,0.14202968687704876,67.56314484682277,MODIS/061/MCD43A3,2004_10_05
2004-10-06,0.14229875534737263,67.44284748072563,MODIS/061/MCD43A3,2004_10_06
2004-10-07,0.142516220121752,64.52293400588874,MODIS/061/MCD43A3,2004_10_07
2004-10-08,0.1437941418008199,59.3233601645766,MODIS/061/MCD43A3,2004_10_08
2004-10-09,0.14407453217458474,54.95557959951329,MODIS/061/MCD43A3,2004_10_09
2004-10-10,0.14380772610161205,53.19543191114036,MODIS/061/MCD43A3,2004_10_10
2004-10-11,0.14363020280767141,51.32618160506432,MODIS/061/MCD43A3,2004_10_11
2004-10-12,0.1437761583112661,48.541985166548926,MODIS/061/MCD43A3,2004_10_12
2004-10-13,0.14418479113913768,40.61010482561793,MODIS/061/MCD43A3,2004_10_13
2004-10-14,0.14408283081223974,29.03072441713307,MODIS/061/MCD43A3,2004_10_14
2004-10-15,0.14045417022056944,25.543808503329352,MODIS/061/MCD43A3,2004_10_15
2004-10-16,0.14081672131891984,24.216480744645768,MODIS/061/MCD43A3,2004_10_16
2004-10-17,0.14199449560413838,20.879215015526167,MODIS/061/MCD43A3,2004_10_17
2004-10-18,0.14267190096399787,21.429244899036924,MODIS/061/MCD43A3,2004_10_18
2004-10-19,0.142403241417385,20.54115947404934,MODIS/061/MCD43A3,2004_10_19
2004-10-20,0.1420997821259342,16.700472252295715,MODIS/061/MCD43A3,2004_10_20
2004-10-21,0.14159374962141508,11.36729395270242,MODIS/061/MCD43A3,2004_10_21
2004-10-22,0.1430972551425679,9.634163668542282,MODIS/061/MCD43A3,2004_10_22
2004-10-23,0.14240173793204383,11.185763767090092,MODIS/061/MCD43A3,2004_10_23
2004-10-24,0.1434081060058387,12.817742992051386,MODIS/061/MCD43A3,2004_10_24
2004-10-25,0.14482022101322325,11.909354457898091,MODIS/061/MCD43A3,2004_10_25
2004-10-26,0.14519713176875212,11.819756498208163,MODIS/061/MCD43A3,2004_10_26
2004-10-27,0.14467528622371487,10.394635029435417,MODIS/061/MCD43A3,2004_10_27
2004-10-28,0.14648036817331214,10.356559952785076,MODIS/061/MCD43A3,2004_10_28
2004-10-29,0.14776683347712125,7.5117261135712114,MODIS/061/MCD43A3,2004_10_29
2004-10-30,0.1497013938951691,4.096929170523012,MODIS/061/MCD43A3,2004_10_30
2004-10-31,0.15521131816067893,1.7984283967112626,MODIS/061/MCD43A3,2004_10_31
2004-11-01,0.15067936429061263,3.3216577109848697,MODIS/061/MCD43A3,2004_11_01
2004-11-02,0.14998904985065506,3.3602142534209007,MODIS/061/MCD43A3,2004_11_02
2004-11-03,0.16341657750948577,1.41560410662561,MODIS/061/MCD43A3,2004_11_03
2004-11-04,0.18738518429834922,0.5100799567000751,MODIS/061/MCD43A3,2004_11_04
2004-11-05,0.1739914030878802,2.2499335480633182,MODIS/061/MCD43A3,2004_11_05
2004-11-06,0.14576356995529618,3.816745362850344,MODIS/061/MCD43A3,2004_11_06
2004-11-07,0.15089530794663059,3.206471009026241,MODIS/061/MCD43A3,2004_11_07
2004-11-08,0.1627894565934135,1.9179840338776724,MODIS/061/MCD43A3,2004_11_08
2004-11-09,0.17479461256159523,0.49062973745494926,MODIS/061/MCD43A3,2004_11_09
2004-11-10,0.17235990240025767,0.8941700969881474,MODIS/061/MCD43A3,2004_11_10
2004-11-11,0.17760756762631177,0.9317231669429672,MODIS/061/MCD43A3,2004_11_11
2004-11-12,0.17759412521756077,0.9650957627677543,MODIS/061/MCD43A3,2004_11_12
2004-11-13,0.17990001373529552,1.003173035841668,MODIS/061/MCD43A3,2004_11_13
2004-11-14,0.17320019603683132,1.181535154206134,MODIS/061/MCD43A3,2004_11_14
2004-11-15,0.17377278257892545,1.1364406810830852,MODIS/061/MCD43A3,2004_11_15
2004-11-16,0.15458228565141807,3.0101367341134266,MODIS/061/MCD43A3,2004_11_16
2004-11-17,0.1539179382683452,2.4009044568443607,MODIS/061/MCD43A3,2004_11_17
2004-11-18,0.15165998113862802,2.5436899078670447,MODIS/061/MCD43A3,2004_11_18
2004-11-19,0.14643722091160571,3.1534436524898255,MODIS/061/MCD43A3,2004_11_19
2004-11-20,0.1371134454832837,3.56623505825915,MODIS/061/MCD43A3,2004_11_20
2004-11-21,0.14579170522750914,2.194435641179859,MODIS/061/MCD43A3,2004_11_21
2004-11-22,0.17176123934680043,0.8996097264176937,MODIS/061/MCD43A3,2004_11_22
2004-11-23,0.15559721636082346,0.09821437974739404,MODIS/061/MCD43A3,2004_11_23
2004-11-24,0.16603627653866873,0.09548969851887913,MODIS/061/MCD43A3,2004_11_24
2004-11-25,0.16683376949293813,0.09548969851887913,MODIS/061/MCD43A3,2004_11_25
2004-11-26,0.13532705400093303,0.009817804019145518,MODIS/061/MCD43A3,2004_11_26
2004-11-27,0.13532705400093303,0.009817804019145518,MODIS/061/MCD43A3,2004_11_27
2004-11-28,0.47972570189706526,0.08597283848766725,MODIS/061/MCD43A3,2004_11_28
2004-11-29,0.461885782408339,0.07645336576252151,MODIS/061/MCD43A3,2004_11_29
2004-11-30,0.5679999902396959,0.04759668579858483,MODIS/061/MCD43A3,2004_11_30
2004-12-01,0.5679999902396959,0.04759668579858483,MODIS/061/MCD43A3,2004_12_01
2004-12-02,0.5677999901123875,0.04759668579858483,MODIS/061/MCD43A3,2004_12_02
2004-12-03,0.5329996384929638,0.05711613891961509,MODIS/061/MCD43A3,2004_12_03
2004-12-04,0.531666306154658,0.05711613891961509,MODIS/061/MCD43A3,2004_12_04
2004-12-05,0.5665999904094404,0.04759668579858483,MODIS/061/MCD43A3,2004_12_05
2004-12-06,0.5667999903245681,0.04759668579858483,MODIS/061/MCD43A3,2004_12_06
2004-12-07,0.5665999904094402,0.04759668579858483,MODIS/061/MCD43A3,2004_12_07
2004-12-08,0.5792499983423396,0.03807798707861191,MODIS/061/MCD43A3,2004_12_08
2004-12-09,0.5789999984086459,0.03807798707861191,MODIS/061/MCD43A3,2004_12_09
2004-12-10,0.5754999954911649,0.019038998588935686,MODIS/061/MCD43A3,2004_12_10
2004-12-11,,0.0,MODIS/061/MCD43A3,2004_12_11
2004-12-12,,0.0,MODIS/061/MCD43A3,2004_12_12
2004-12-13,,0.0,MODIS/061/MCD43A3,2004_12_13
2004-12-14,,0.0,MODIS/061/MCD43A3,2004_12_14
2004-12-15,,0.0,MODIS/061/MCD43A3,2004_12_15
2004-12-16,,0.0,MODIS/061/MCD43A3,2004_12_16
2004-12-17,,0.0,MODIS/061/MCD43A3,2004_12_17
2004-12-18,0.5063355037338513,0.2570217417246105,MODIS/061/MCD43A3,2004_12_18
2004-12-19,0.48132685340432324,0.7901065626324439,MODIS/061/MCD43A3,2004_12_19
2004-12-20,0.5279409364037602,1.4179439464304022,MODIS/061/MCD43A3,2004_12_20
2004-12-21,0.5376494251914866,1.3982732176170052,MODIS/061/MCD43A3,2004_12_21
2004-12-22,0.5224202662801491,1.5078002042750127,MODIS/061/MCD43A3,2004_12_22
2004-12-23,0.5256340874395687,1.4744271166734464,MODIS/061/MCD43A3,2004_12_23
2004-12-24,0.4831624066339267,1.4934633641052897,MODIS/061/MCD43A3,2004_12_24
2004-12-25,0.47928052001747906,1.4506809290459375,MODIS/061/MCD43A3,2004_12_25
2004-12-26,0.48225130483757894,1.4982806630983219,MODIS/061/MCD43A3,2004_12_26
2004-12-27,0.4715864635573873,1.5268358041661023,MODIS/061/MCD43A3,2004_12_27
2004-12-28,0.472881722326413,1.507798341852753,MODIS/061/MCD43A3,2004_12_28
2004-12-29,0.49660508864503133,0.33694708951554264,MODIS/061/MCD43A3,2004_12_29
2004-12-30,0.5592517461024609,0.41885234604536087,MODIS/061/MCD43A3,2004_12_30
2004-12-31,0.5786515271868464,0.38077551622306854,MODIS/061/MCD43A3,2004_12_31
2005-01-01,0.5695626041533092,0.39029470154938195,MODIS/061/MCD43A3,2005_01_01
2005-01-02,0.5726367304059369,0.1047125505079961,MODIS/061/MCD43A3,2005_01_02
2005-01-03,0.484,0.009519254832981444,MODIS/061/MCD43A3,2005_01_03
2005-01-04,,0.0,MODIS/061/MCD43A3,2005_01_04
2005-01-05,,0.0,MODIS/061/MCD43A3,2005_01_05
2005-01-06,,0.0,MODIS/061/MCD43A3,2005_01_06
2005-01-07,,0.0,MODIS/061/MCD43A3,2005_01_07
2005-01-08,,0.0,MODIS/061/MCD43A3,2005_01_08
2005-01-09,,0.0,MODIS/061/MCD43A3,2005_01_09
2005-01-10,,0.0,MODIS/061/MCD43A3,2005_01_10
2005-01-11,,0.0,MODIS/061/MCD43A3,2005_01_11
2005-01-12,0.49966730806883625,0.028557091630290698,MODIS/061/MCD43A3,2005_01_12
2005-01-13,0.49933397427090964,0.028557091630290698,MODIS/061/MCD43A3,2005_01_13
2005-01-14,0.4482246519773291,0.04113722685077846,MODIS/061/MCD43A3,2005_01_14
2005-01-15,0.4195009752885503,0.01903792841254368,MODIS/061/MCD43A3,2005_01_15
2005-01-16,0.43277955396192,0.6087375983089587,MODIS/061/MCD43A3,2005_01_16
2005-01-17,0.438500827279374,0.637294800435173,MODIS/061/MCD43A3,2005_01_17
2005-01-18,0.44176531875553277,0.7199460940540656,MODIS/061/MCD43A3,2005_01_18
2005-01-19,0.44990725528479236,0.5707007141788678,MODIS/061/MCD43A3,2005_01_19
2005-01-20,0.43694056174634355,0.5326237102159938,MODIS/061/MCD43A3,2005_01_20
2005-01-21,0.5013781204993861,0.9553530418911509,MODIS/061/MCD43A3,2005_01_21
2005-01-22,0.505247066875361,2.522410127261258,MODIS/061/MCD43A3,2005_01_22
2005-01-23,0.5094297260333907,2.683978802827371,MODIS/061/MCD43A3,2005_01_23
2005-01-24,0.5093786547781742,2.6839784345076256,MODIS/061/MCD43A3,2005_01_24
2005-01-25,0.5441651140661656,2.056009461291481,MODIS/061/MCD43A3,2005_01_25
2005-01-26,0.5528975856357532,2.1811792215860564,MODIS/061/MCD43A3,2005_01_26
2005-01-27,0.551502346219165,0.8526643005475368,MODIS/061/MCD43A3,2005_01_27
2005-01-28,0.4556250223641082,0.07615360812060559,MODIS/061/MCD43A3,2005_01_28
2005-01-29,0.464146252178466,0.8086105095456663,MODIS/061/MCD43A3,2005_01_29
2005-01-30,0.4815278851532637,0.8181283283963436,MODIS/061/MCD43A3,2005_01_30
2005-01-31,0.4972909288820332,1.50926207872768,MODIS/061/MCD43A3,2005_01_31
2005-02-01,0.5401658426692957,0.7283523178638753,MODIS/061/MCD43A3,2005_02_01
2005-02-02,0.5343599871731153,0.9276626598026471,MODIS/061/MCD43A3,2005_02_02
2005-02-03,0.5406364690350491,0.9187406674075547,MODIS/061/MCD43A3,2005_02_03
2005-02-04,0.540368250805427,0.9187407167148753,MODIS/061/MCD43A3,2005_02_04
2005-02-05,0.5599652454641257,1.2917471062572425,MODIS/061/MCD43A3,2005_02_05
2005-02-06,0.6586910878692056,0.14585221633857703,MODIS/061/MCD43A3,2005_02_06
2005-02-07,0.6066290618540288,0.323171232537096,MODIS/061/MCD43A3,2005_02_07
2005-02-08,0.5597093000625286,1.6905199750893023,MODIS/061/MCD43A3,2005_02_08
2005-02-09,0.5898895127989243,2.570178356702998,MODIS/061/MCD43A3,2005_02_09
2005-02-10,0.6029120227347678,3.864777426952064,MODIS/061/MCD43A3,2005_02_10
2005-02-11,0.59758804841393,3.845776198863119,MODIS/061/MCD43A3,2005_02_11
2005-02-12,0.5957180215423519,4.542332442920092,MODIS/061/MCD43A3,2005_02_12
2005-02-13,0.5760670768502107,5.320082589226883,MODIS/061/MCD43A3,2005_02_13
2005-02-14,0.5849645067893408,5.2581498521725845,MODIS/061/MCD43A3,2005_02_14
2005-02-15,0.5871541261372784,5.315267439176909,MODIS/061/MCD43A3,2005_02_15
2005-02-16,0.5870555228075739,5.024650091192566,MODIS/061/MCD43A3,2005_02_16
2005-02-17,0.581748821438055,4.995084745565396,MODIS/061/MCD43A3,2005_02_17
2005-02-18,0.5699970020536567,5.053279875925855,MODIS/061/MCD43A3,2005_02_18
2005-02-19,0.5652598093869752,4.900966148203164,MODIS/061/MCD43A3,2005_02_19
2005-02-20,0.5667841238763326,4.958082507868755,MODIS/061/MCD43A3,2005_02_20
2005-02-21,0.5871733234241633,6.037534962519453,MODIS/061/MCD43A3,2005_02_21
2005-02-22,0.5567369172916671,5.882498311203183,MODIS/061/MCD43A3,2005_02_22
2005-02-23,0.5751151576124995,7.615728191123404,MODIS/061/MCD43A3,2005_02_23
2005-02-24,0.5446272292024553,6.173542068309732,MODIS/061/MCD43A3,2005_02_24
2005-02-25,0.5592818809637787,8.360593979163713,MODIS/061/MCD43A3,2005_02_25
2005-02-26,0.5384633263287988,9.325811622029455,MODIS/061/MCD43A3,2005_02_26
2005-02-27,0.5409280578795597,10.649862061168642,MODIS/061/MCD43A3,2005_02_27
2005-02-28,0.5423254459657233,11.03287267758923,MODIS/061/MCD43A3,2005_02_28
2005-03-01,0.5213808320732153,9.767007306498952,MODIS/061/MCD43A3,2005_03_01
2005-03-02,0.5192280217784165,9.716163594759516,MODIS/061/MCD43A3,2005_03_02
2005-03-03,0.5207024577653565,9.722064947726128,MODIS/061/MCD43A3,2005_03_03
2005-03-04,0.5195335305348469,9.845143468416044,MODIS/061/MCD43A3,2005_03_04
2005-03-05,0.5179529888750048,10.06068714563708,MODIS/061/MCD43A3,2005_03_05
2005-03-06,0.5385893303530205,12.441941282293415,MODIS/061/MCD43A3,2005_03_06
2005-03-07,0.5472522456243818,14.226832896348812,MODIS/061/MCD43A3,2005_03_07
2005-03-08,0.5460480234725777,14.513936216694402,MODIS/061/MCD43A3,2005_03_08
2005-03-09,0.5514907594448795,16.53135361606544,MODIS/061/MCD43A3,2005_03_09
2005-03-10,0.5434458751564115,15.229142277737399,MODIS/061/MCD43A3,2005_03_10
2005-03-11,0.5571152871807095,14.15057864351424,MODIS/061/MCD43A3,2005_03_11
2005-03-12,0.5631642773710027,7.963696112807197,MODIS/061/MCD43A3,2005_03_12
2005-03-13,0.560515633167818,6.855588311789459,MODIS/061/MCD43A3,2005_03_13
2005-03-14,0.5869128325375573,7.1564807832550565,MODIS/061/MCD43A3,2005_03_14
2005-03-15,0.5795518373397182,8.076917277078024,MODIS/061/MCD43A3,2005_03_15
2005-03-16,0.5637616816534544,9.042353416468085,MODIS/061/MCD43A3,2005_03_16
2005-03-17,0.5610850756167864,8.605540969837024,MODIS/061/MCD43A3,2005_03_17
2005-03-18,0.5645562269153958,7.511208116620449,MODIS/061/MCD43A3,2005_03_18
2005-03-19,0.5639061864876935,7.0360925179604346,MODIS/061/MCD43A3,2005_03_19
2005-03-20,0.5522185130610708,8.090879010849996,MODIS/061/MCD43A3,2005_03_20
2005-03-21,0.5582948488734286,8.79577218229057,MODIS/061/MCD43A3,2005_03_21
2005-03-22,0.5549734951265513,11.003880550480138,MODIS/061/MCD43A3,2005_03_22
2005-03-23,0.5572621821564775,10.883596024210355,MODIS/061/MCD43A3,2005_03_23
2005-03-24,0.5586262055789246,9.86699192039142,MODIS/061/MCD43A3,2005_03_24
2005-03-25,0.5574927855220883,9.334863360859016,MODIS/061/MCD43A3,2005_03_25
2005-03-26,0.5539457244377837,9.236005193391414,MODIS/061/MCD43A3,2005_03_26
2005-03-27,0.5565652375579541,9.12651221647713,MODIS/061/MCD43A3,2005_03_27
2005-03-28,0.5635982596693098,8.425324914781752,MODIS/061/MCD43A3,2005_03_28
2005-03-29,0.5570648068787631,6.569701539423008,MODIS/061/MCD43A3,2005_03_29
2005-03-30,0.5593015937140874,1.1221375025969815,MODIS/061/MCD43A3,2005_03_30
2005-03-31,0.5911133921382035,1.3301147696481217,MODIS/061/MCD43A3,2005_03_31
2005-04-01,0.6077843902784879,0.437899020936305,MODIS/061/MCD43A3,2005_04_01
2005-04-02,0.6230491759823414,0.5997348049329302,MODIS/061/MCD43A3,2005_04_02
2005-04-03,0.6203563771512407,3.1459978361765732,MODIS/061/MCD43A3,2005_04_03
2005-04-04,0.6180352284715029,11.79024190275456,MODIS/061/MCD43A3,2005_04_04
2005-04-05,0.6175183632887622,11.73778888070288,MODIS/061/MCD43A3,2005_04_05
2005-04-06,0.618988917145601,9.020407595575586,MODIS/061/MCD43A3,2005_04_06
2005-04-07,0.6273663535257862,5.812033742257316,MODIS/061/MCD43A3,2005_04_07
2005-04-08,0.6572070076565413,11.939170224336097,MODIS/061/MCD43A3,2005_04_08
2005-04-09,0.6452841644074419,12.708081527521088,MODIS/061/MCD43A3,2005_04_09
2005-04-10,0.6407807472722145,12.933148266787109,MODIS/061/MCD43A3,2005_04_10
2005-04-11,0.6430999224806941,12.764227782488524,MODIS/061/MCD43A3,2005_04_11
2005-04-12,0.6433027561136733,12.988895077557617,MODIS/061/MCD43A3,2005_04_12
2005-04-13,0.6400411224561402,13.458786516453785,MODIS/061/MCD43A3,2005_04_13
2005-04-14,0.6196458749086802,14.20620367074568,MODIS/061/MCD43A3,2005_04_14
2005-04-15,0.5716831299750665,13.059550112468349,MODIS/061/MCD43A3,2005_04_15
2005-04-16,0.4848895527376713,8.844083118296833,MODIS/061/MCD43A3,2005_04_16
2005-04-17,0.47280983877740873,9.47909992352836,MODIS/061/MCD43A3,2005_04_17
2005-04-18,0.4578566252697477,8.68895951405813,MODIS/061/MCD43A3,2005_04_18
2005-04-19,0.39860967465274566,6.559996351594887,MODIS/061/MCD43A3,2005_04_19
2005-04-20,0.3598375787788855,5.660119546557685,MODIS/061/MCD43A3,2005_04_20
2005-04-21,0.34596640883589924,6.761135022385863,MODIS/061/MCD43A3,2005_04_21
2005-04-22,0.3325604567506155,7.3393464717708605,MODIS/061/MCD43A3,2005_04_22
2005-04-23,0.3229470817935641,8.345693198637335,MODIS/061/MCD43A3,2005_04_23
2005-04-24,0.3238736643320532,8.411773027321228,MODIS/061/MCD43A3,2005_04_24
2005-04-25,0.2981042565810051,8.058865929578012,MODIS/061/MCD43A3,2005_04_25
2005-04-26,0.2964133356204733,8.668697166430182,MODIS/061/MCD43A3,2005_04_26
2005-04-27,0.29927656434528266,7.700090712390577,MODIS/061/MCD43A3,2005_04_27
2005-04-28,0.3019451489739386,7.794167408681487,MODIS/061/MCD43A3,2005_04_28
2005-04-29,0.2611285656520526,5.690595624952454,MODIS/061/MCD43A3,2005_04_29
2005-04-30,0.2537271720393097,4.2557110974071755,MODIS/061/MCD43A3,2005_04_30
2005-05-01,0.19550771409802495,2.090467236633236,MODIS/061/MCD43A3,2005_05_01
2005-05-02,0.19847281016687449,1.5100278396977411,MODIS/061/MCD43A3,2005_05_02
2005-05-03,0.19284723567304218,1.8159235178919482,MODIS/061/MCD43A3,2005_05_03
2005-05-04,0.20661067489724552,2.0300220120013632,MODIS/061/MCD43A3,2005_05_04
2005-05-05,0.19536612008976306,2.3251118395354045,MODIS/061/MCD43A3,2005_05_05
2005-05-06,0.17365703315909686,1.8756865324869094,MODIS/061/MCD43A3,2005_05_06
2005-05-07,0.17841067042259678,1.3982355086966658,MODIS/061/MCD43A3,2005_05_07
2005-05-08,0.17523631307845167,4.19311408945468,MODIS/061/MCD43A3,2005_05_08
2005-05-09,0.16713299151737088,3.499994720095692,MODIS/061/MCD43A3,2005_05_09
2005-05-10,0.1846772600724446,4.880271035922021,MODIS/061/MCD43A3,2005_05_10
2005-05-11,0.17414521868460603,2.8622457788799847,MODIS/061/MCD43A3,2005_05_11
2005-05-12,0.1828270163717298,1.3516695848700002,MODIS/061/MCD43A3,2005_05_12
2005-05-13,0.18341195741090324,1.3592839130390104,MODIS/061/MCD43A3,2005_05_13
2005-05-14,0.17080143021848532,1.8740998592859306,MODIS/061/MCD43A3,2005_05_14
2005-05-15,0.15203255941428306,2.3765059106107658,MODIS/061/MCD43A3,2005_05_15
2005-05-16,0.15271786995402245,3.713038233182571,MODIS/061/MCD43A3,2005_05_16
2005-05-17,0.15255293930000408,3.6749610523532406,MODIS/061/MCD43A3,2005_05_17
2005-05-18,0.15240338408672457,3.7987126413925454,MODIS/061/MCD43A3,2005_05_18
2005-05-19,0.1470086527194359,2.0338089074799957,MODIS/061/MCD43A3,2005_05_19
2005-05-20,0.151106998635571,4.1386314536846225,MODIS/061/MCD43A3,2005_05_20
2005-05-21,0.15360267210078263,5.120196787820867,MODIS/061/MCD43A3,2005_05_21
2005-05-22,0.15267801436528555,9.013092586941328,MODIS/061/MCD43A3,2005_05_22
2005-05-23,0.14992306813699544,8.175095342266072,MODIS/061/MCD43A3,2005_05_23
2005-05-24,0.1450029084991143,5.684405933877043,MODIS/061/MCD43A3,2005_05_24
2005-05-25,0.14741313314453944,8.288866891636614,MODIS/061/MCD43A3,2005_05_25
2005-05-26,0.1558661266535091,11.966015075071372,MODIS/061/MCD43A3,2005_05_26
2005-05-27,0.1572998085076437,16.414224389833617,MODIS/061/MCD43A3,2005_05_27
2005-05-28,0.15745057037092886,16.52091906949945,MODIS/061/MCD43A3,2005_05_28
2005-05-29,0.1577740101323054,16.671215135299136,MODIS/061/MCD43A3,2005_05_29
2005-05-30,0.16155588103646626,17.33441486353407,MODIS/061/MCD43A3,2005_05_30
2005-05-31,0.1619150182378906,19.338695602325835,MODIS/061/MCD43A3,2005_05_31
2005-06-01,0.17127871892640154,23.261584784388642,MODIS/061/MCD43A3,2005_06_01
2005-06-02,0.17080618662958402,23.35315791743703,MODIS/061/MCD43A3,2005_06_02
2005-06-03,0.170788803260137,24.3871860828158,MODIS/061/MCD43A3,2005_06_03
2005-06-04,0.17039906359516505,24.32439179301351,MODIS/061/MCD43A3,2005_06_04
2005-06-05,0.1694729857738585,25.395166279869667,MODIS/061/MCD43A3,2005_06_05
2005-06-06,0.1741565343312868,29.391121283178563,MODIS/061/MCD43A3,2005_06_06
2005-06-07,0.1655950568983098,32.13441949532384,MODIS/061/MCD43A3,2005_06_07
2005-06-08,0.1718869381615275,38.3109777957235,MODIS/061/MCD43A3,2005_06_08
2005-06-09,0.17859474396771122,46.17737754838086,MODIS/061/MCD43A3,2005_06_09
2005-06-10,0.17948664553760846,48.10292018994413,MODIS/061/MCD43A3,2005_06_10
2005-06-11,0.17212578504877418,46.75576979613241,MODIS/061/MCD43A3,2005_06_11
2005-06-12,0.16664325680878866,43.539017932340435,MODIS/061/MCD43A3,2005_06_12
2005-06-13,0.1719379726842519,46.49361784290823,MODIS/061/MCD43A3,2005_06_13
2005-06-14,0.17794363649758188,51.37747359196154,MODIS/061/MCD43A3,2005_06_14
2005-06-15,0.18063393709388,55.82081364977549,MODIS/061/MCD43A3,2005_06_15
2005-06-16,0.18065138666507372,57.01046132727981,MODIS/061/MCD43A3,2005_06_16
2005-06-17,0.1786280765459127,55.10295469839681,MODIS/061/MCD43A3,2005_06_17
2005-06-18,0.1831269340850899,64.16588624862078,MODIS/061/MCD43A3,2005_06_18
2005-06-19,0.1836494768561541,68.48816899957676,MODIS/061/MCD43A3,2005_06_19
2005-06-20,0.1830834492098993,67.75247082611989,MODIS/061/MCD43A3,2005_06_20
2005-06-21,0.18270020371728196,68.36494098415078,MODIS/061/MCD43A3,2005_06_21
2005-06-22,0.182831253119617,73.56483430486398,MODIS/061/MCD43A3,2005_06_22
2005-06-23,0.1794215044029041,71.10731215212142,MODIS/061/MCD43A3,2005_06_23
2005-06-24,0.17824654419835823,72.06577951366161,MODIS/061/MCD43A3,2005_06_24
2005-06-25,0.17183042406285448,67.95136017440473,MODIS/061/MCD43A3,2005_06_25
2005-06-26,0.17014987836795692,66.89437713217966,MODIS/061/MCD43A3,2005_06_26
2005-06-27,0.16975312481481225,71.15692995726026,MODIS/061/MCD43A3,2005_06_27
2005-06-28,0.17185288455787864,73.53884233027004,MODIS/061/MCD43A3,2005_06_28
2005-06-29,0.17099006045402296,74.28785755515565,MODIS/061/MCD43A3,2005_06_29
2005-06-30,0.1677459296594499,71.74148120471662,MODIS/061/MCD43A3,2005_06_30
2005-07-01,0.16860592631088395,72.87251928684802,MODIS/061/MCD43A3,2005_07_01
2005-07-02,0.16508043561402688,71.31728926952712,MODIS/061/MCD43A3,2005_07_02
2005-07-03,0.16588168809288098,72.38915237543769,MODIS/061/MCD43A3,2005_07_03
2005-07-04,0.15973179883827426,67.87183487927754,MODIS/061/MCD43A3,2005_07_04
2005-07-05,0.1579654027939041,65.03939158017799,MODIS/061/MCD43A3,2005_07_05
2005-07-06,0.15800246293501863,64.61205722265129,MODIS/061/MCD43A3,2005_07_06
2005-07-07,0.1558000162197922,62.67033308526902,MODIS/061/MCD43A3,2005_07_07
2005-07-08,0.1554776831896853,61.75457431356871,MODIS/061/MCD43A3,2005_07_08
2005-07-09,0.15642512224255323,66.51025875646154,MODIS/061/MCD43A3,2005_07_09
2005-07-10,0.15749478377434323,70.04289620581228,MODIS/061/MCD43A3,2005_07_10
2005-07-11,0.15874264466845306,80.00061770194854,MODIS/061/MCD43A3,2005_07_11
2005-07-12,0.15873373627630924,83.26658143700679,MODIS/061/MCD43A3,2005_07_12
2005-07-13,0.15683577467687854,85.08984821923858,MODIS/061/MCD43A3,2005_07_13
2005-07-14,0.15618903432610529,85.75353796015996,MODIS/061/MCD43A3,2005_07_14
2005-07-15,0.15595684460264186,85.07073235379343,MODIS/061/MCD43A3,2005_07_15
2005-07-16,0.1560609817716708,85.15731413478707,MODIS/061/MCD43A3,2005_07_16
2005-07-17,0.15474873819045123,83.89845733956427,MODIS/061/MCD43A3,2005_07_17
2005-07-18,0.1555825963940286,85.29523969082322,MODIS/061/MCD43A3,2005_07_18
2005-07-19,0.15574162306051548,87.82339224569279,MODIS/061/MCD43A3,2005_07_19
2005-07-20,0.15501138247874172,90.01016281138696,MODIS/061/MCD43A3,2005_07_20
2005-07-21,0.15505909284116098,90.56007275617341,MODIS/061/MCD43A3,2005_07_21
2005-07-22,0.15512918830109343,90.99543264039877,MODIS/061/MCD43A3,2005_07_22
2005-07-23,0.15517452772759266,91.87320161384581,MODIS/061/MCD43A3,2005_07_23
2005-07-24,0.1551669235534003,89.07690817989419,MODIS/061/MCD43A3,2005_07_24
2005-07-25,0.15259472428629592,88.91644702574622,MODIS/061/MCD43A3,2005_07_25
2005-07-26,0.15138419378054793,86.98587315567772,MODIS/061/MCD43A3,2005_07_26
2005-07-27,0.14925860008510908,81.91640102662794,MODIS/061/MCD43A3,2005_07_27
2005-07-28,0.1485622066128743,79.21908993739767,MODIS/061/MCD43A3,2005_07_28
2005-07-29,0.14721699284305959,70.61908496291409,MODIS/061/MCD43A3,2005_07_29
2005-07-30,0.1470158890742759,70.89715071671313,MODIS/061/MCD43A3,2005_07_30
2005-07-31,0.14676977955629592,70.33152494419964,MODIS/061/MCD43A3,2005_07_31
2005-08-01,0.14687828483320117,71.08977009587959,MODIS/061/MCD43A3,2005_08_01
2005-08-02,0.1467326075254531,71.48089023808461,MODIS/061/MCD43A3,2005_08_02
2005-08-03,0.1460111124512914,68.92737857686392,MODIS/061/MCD43A3,2005_08_03
2005-08-04,0.14544968014273077,61.37334719008835,MODIS/061/MCD43A3,2005_08_04
2005-08-05,0.14530555640479056,42.40667119811206,MODIS/061/MCD43A3,2005_08_05
2005-08-06,0.14483086269009526,41.72441826862536,MODIS/061/MCD43A3,2005_08_06
2005-08-07,0.14348948821769528,44.151565299769246,MODIS/061/MCD43A3,2005_08_07
2005-08-08,0.14182253425654848,35.66154934944276,MODIS/061/MCD43A3,2005_08_08
2005-08-09,0.1415796835574078,36.84636338352346,MODIS/061/MCD43A3,2005_08_09
2005-08-10,0.14209861283749683,39.270493670833325,MODIS/061/MCD43A3,2005_08_10
2005-08-11,0.142530268265502,43.90715544742897,MODIS/061/MCD43A3,2005_08_11
2005-08-12,0.14154623192827595,66.90755334274841,MODIS/061/MCD43A3,2005_08_12
2005-08-13,0.14236832295571578,73.5331546569792,MODIS/061/MCD43A3,2005_08_13
2005-08-14,0.14246175206711428,77.35937277588803,MODIS/061/MCD43A3,2005_08_14
2005-08-15,0.14151970252926233,74.11462319969336,MODIS/061/MCD43A3,2005_08_15
2005-08-16,0.14201946570914573,71.21632148244292,MODIS/061/MCD43A3,2005_08_16
2005-08-17,0.14192704667688114,73.4808519402947,MODIS/061/MCD43A3,2005_08_17
2005-08-18,0.1420986068855873,75.6089414021754,MODIS/061/MCD43A3,2005_08_18
2005-08-19,0.14212396718205686,74.41254899637131,MODIS/061/MCD43A3,2005_08_19
2005-08-20,0.14217021103149216,73.7468037218159,MODIS/061/MCD43A3,2005_08_20
2005-08-21,0.14130821660684093,79.2087547673258,MODIS/061/MCD43A3,2005_08_21
2005-08-22,0.1408740577416515,76.42936441354635,MODIS/061/MCD43A3,2005_08_22
2005-08-23,0.14056166734632466,71.69611054986076,MODIS/061/MCD43A3,2005_08_23
2005-08-24,0.1398111803991947,76.89605034653219,MODIS/061/MCD43A3,2005_08_24
2005-08-25,0.14008148453026242,75.68873459060337,MODIS/061/MCD43A3,2005_08_25
2005-08-26,0.14059806177235135,78.57380895388684,MODIS/061/MCD43A3,2005_08_26
2005-08-27,0.14055719288496307,74.45916567382174,MODIS/061/MCD43A3,2005_08_27
2005-08-28,0.14009500737572134,76.26743375680378,MODIS/061/MCD43A3,2005_08_28
2005-08-29,0.1399868581317784,77.76393346804328,MODIS/061/MCD43A3,2005_08_29
2005-08-30,0.14007643943183315,81.54966350851086,MODIS/061/MCD43A3,2005_08_30
2005-08-31,0.1405795985395536,84.49338280583771,MODIS/061/MCD43A3,2005_08_31
2005-09-01,0.1410793412630091,86.15767874243411,MODIS/061/MCD43A3,2005_09_01
2005-09-02,0.14243962237040456,89.61621037497204,MODIS/061/MCD43A3,2005_09_02
2005-09-03,0.14325688801794975,88.97570381343446,MODIS/061/MCD43A3,2005_09_03
2005-09-04,0.1442721239527632,92.32021951456633,MODIS/061/MCD43A3,2005_09_04
2005-09-05,0.14486622516738654,93.0856909474271,MODIS/061/MCD43A3,2005_09_05
2005-09-06,0.14484687775700109,94.57567417906097,MODIS/061/MCD43A3,2005_09_06
2005-09-07,0.14499113135323805,95.24441922603229,MODIS/061/MCD43A3,2005_09_07
2005-09-08,0.14515706718586652,95.34630257233077,MODIS/061/MCD43A3,2005_09_08
2005-09-09,0.14507824938764977,95.90154734466091,MODIS/061/MCD43A3,2005_09_09
2005-09-10,0.14516761712811418,95.94239026645532,MODIS/061/MCD43A3,2005_09_10
2005-09-11,0.14497972054679065,95.57081359398136,MODIS/061/MCD43A3,2005_09_11
2005-09-12,0.14480014931766397,94.92876489314122,MODIS/061/MCD43A3,2005_09_12
2005-09-13,0.14446072018597728,94.56886518425274,MODIS/061/MCD43A3,2005_09_13
2005-09-14,0.14451598843459568,94.04870523365256,MODIS/061/MCD43A3,2005_09_14
2005-09-15,0.14482469217712007,92.38048093991475,MODIS/061/MCD43A3,2005_09_15
2005-09-16,0.14453934886356126,92.19841499454547,MODIS/061/MCD43A3,2005_09_16
2005-09-17,0.14414636764784716,89.86286725889799,MODIS/061/MCD43A3,2005_09_17
2005-09-18,0.14424427631817624,89.45956382870416,MODIS/061/MCD43A3,2005_09_18
2005-09-19,0.1446240605430171,86.315384913961,MODIS/061/MCD43A3,2005_09_19
2005-09-20,0.14425520017586235,85.30593767864644,MODIS/061/MCD43A3,2005_09_20
2005-09-21,0.14423990900106173,84.75206740060865,MODIS/061/MCD43A3,2005_09_21
2005-09-22,0.14354162408983387,82.42010781536078,MODIS/061/MCD43A3,2005_09_22
2005-09-23,0.14334108778692073,81.2584190200624,MODIS/061/MCD43A3,2005_09_23
2005-09-24,0.14331830668190576,80.89213319026639,MODIS/061/MCD43A3,2005_09_24
2005-09-25,0.143285193914844,78.49484612310856,MODIS/061/MCD43A3,2005_09_25
2005-09-26,0.14320459620635193,75.65628185517109,MODIS/061/MCD43A3,2005_09_26
2005-09-27,0.14377887961853597,78.16863201426395,MODIS/061/MCD43A3,2005_09_27
2005-09-28,0.14381385960650545,77.64721181028348,MODIS/061/MCD43A3,2005_09_28
2005-09-29,0.14295723343981853,73.28366509552221,MODIS/061/MCD43A3,2005_09_29
2005-09-30,0.1432724758263124,68.71020819406678,MODIS/061/MCD43A3,2005_09_30
2005-10-01,0.1420898211848004,70.5436526193461,MODIS/061/MCD43A3,2005_10_01
2005-10-02,0.14202261727673948,64.80691679062247,MODIS/061/MCD43A3,2005_10_02
2005-10-03,0.14255387119012966,62.71037922684392,MODIS/061/MCD43A3,2005_10_03
2005-10-04,0.1433525887621384,64.41337430764645,MODIS/061/MCD43A3,2005_10_04
2005-10-05,0.14400109030334132,62.591831605110094,MODIS/061/MCD43A3,2005_10_05
2005-10-06,0.14328467479665627,67.2512654095446,MODIS/061/MCD43A3,2005_10_06
2005-10-07,0.14396831267677543,63.0414905046022,MODIS/061/MCD43A3,2005_10_07
2005-10-08,0.14424032254840458,52.23214402101655,MODIS/061/MCD43A3,2005_10_08
2005-10-09,0.1442989595872932,43.73967407695259,MODIS/061/MCD43A3,2005_10_09
2005-10-10,0.14569345904451456,36.48875712173098,MODIS/061/MCD43A3,2005_10_10
2005-10-11,0.14714138600345178,40.534873719933756,MODIS/061/MCD43A3,2005_10_11
2005-10-12,0.14811709265109718,42.902311047016774,MODIS/061/MCD43A3,2005_10_12
2005-10-13,0.14924199887883305,45.28278204019968,MODIS/061/MCD43A3,2005_10_13
2005-10-14,0.148403417182515,44.73451639600352,MODIS/061/MCD43A3,2005_10_14
2005-10-15,0.14736737224485177,29.23023656451629,MODIS/061/MCD43A3,2005_10_15
2005-10-16,0.14876784785045938,34.074276600456315,MODIS/061/MCD43A3,2005_10_16
2005-10-17,0.15120070008510295,29.99654314804742,MODIS/061/MCD43A3,2005_10_17
2005-10-18,0.15142084704138156,30.116193318847223,MODIS/061/MCD43A3,2005_10_18
2005-10-19,0.15093862918066062,32.220275273598425,MODIS/061/MCD43A3,2005_10_19
2005-10-20,0.15129851488794568,32.144349766999845,MODIS/061/MCD43A3,2005_10_20
2005-10-21,0.1510677414951558,30.831899458068218,MODIS/061/MCD43A3,2005_10_21
2005-10-22,0.15022775391701484,30.84388051007377,MODIS/061/MCD43A3,2005_10_22
2005-10-23,0.1511486371821624,30.933495338000853,MODIS/061/MCD43A3,2005_10_23
2005-10-24,0.15112645412227832,31.47997275797228,MODIS/061/MCD43A3,2005_10_24
2005-10-25,0.1523675893536161,32.67016785850654,MODIS/061/MCD43A3,2005_10_25
2005-10-26,0.1524827773660761,37.98596523383306,MODIS/061/MCD43A3,2005_10_26
2005-10-27,0.15249609625503724,36.27785716249579,MODIS/061/MCD43A3,2005_10_27
2005-10-28,0.1527454699138042,36.57678174715293,MODIS/061/MCD43A3,2005_10_28
2005-10-29,0.1540571895303664,35.5947312421481,MODIS/061/MCD43A3,2005_10_29
2005-10-30,0.15193399742372818,35.36930735756118,MODIS/061/MCD43A3,2005_10_30
2005-10-31,0.1516695533658518,35.48947547587388,MODIS/061/MCD43A3,2005_10_31
2005-11-01,0.1528052051886114,37.28777330305451,MODIS/061/MCD43A3,2005_11_01
2005-11-02,0.1534630799412474,36.61026286015831,MODIS/061/MCD43A3,2005_11_02
2005-11-03,0.15349449184597982,34.51937985875243,MODIS/061/MCD43A3,2005_11_03
2005-11-04,0.1554152399488544,33.477070141116755,MODIS/061/MCD43A3,2005_11_04
2005-11-05,0.15699281081157115,31.42342894151464,MODIS/061/MCD43A3,2005_11_05
2005-11-06,0.1580757468821021,29.07759445995445,MODIS/061/MCD43A3,2005_11_06
2005-11-07,0.15878033865788535,26.47717422090679,MODIS/061/MCD43A3,2005_11_07
2005-11-08,0.16099409358230726,20.837192589989098,MODIS/061/MCD43A3,2005_11_08
2005-11-09,0.16227244562226523,19.0919530445842,MODIS/061/MCD43A3,2005_11_09
2005-11-10,0.16165712536660135,9.376031865274205,MODIS/061/MCD43A3,2005_11_10
2005-11-11,0.26392924374828713,1.9847064200189566,MODIS/061/MCD43A3,2005_11_11
2005-11-12,0.3470455076225287,1.1883830996141873,MODIS/061/MCD43A3,2005_11_12
2005-11-13,0.38795506574824773,1.711609239669755,MODIS/061/MCD43A3,2005_11_13
2005-11-14,0.3637665200046588,1.8646639172829373,MODIS/061/MCD43A3,2005_11_14
2005-11-15,0.35429390139924316,1.9027377323096957,MODIS/061/MCD43A3,2005_11_15
2005-11-16,0.36160894010253036,1.807099936745164,MODIS/061/MCD43A3,2005_11_16
2005-11-17,0.35235010687716106,1.9692297430771588,MODIS/061/MCD43A3,2005_11_17
2005-11-18,0.3650302431404194,2.0429220964792885,MODIS/061/MCD43A3,2005_11_18
2005-11-19,0.3686890836718975,2.6896370716450706,MODIS/061/MCD43A3,2005_11_19
2005-11-20,0.3694475623377572,2.8671527809521478,MODIS/061/MCD43A3,2005_11_20
2005-11-21,0.35609652942385295,2.984479167321809,MODIS/061/MCD43A3,2005_11_21
2005-11-22,0.36598888446573596,3.543436820733748,MODIS/061/MCD43A3,2005_11_22
2005-11-23,0.3614963643168111,3.8562669347173846,MODIS/061/MCD43A3,2005_11_23
2005-11-24,0.3645145412405314,4.682881464688373,MODIS/061/MCD43A3,2005_11_24
2005-11-25,0.352090310144577,4.859452370205183,MODIS/061/MCD43A3,2005_11_25
2005-11-26,0.3488129775175819,4.011191633904106,MODIS/061/MCD43A3,2005_11_26
2005-11-27,0.3342529005745677,3.4903103466258862,MODIS/061/MCD43A3,2005_11_27
2005-11-28,0.3385084995403982,2.9536398718663373,MODIS/061/MCD43A3,2005_11_28
2005-11-29,0.3479973697953916,1.8177073214886663,MODIS/061/MCD43A3,2005_11_29
2005-11-30,0.3641632031990629,1.5153234663753004,MODIS/061/MCD43A3,2005_11_30
2005-12-01,0.3684745774544991,1.3764557261857768,MODIS/061/MCD43A3,2005_12_01
2005-12-02,0.3536149803570959,1.8134807062341916,MODIS/061/MCD43A3,2005_12_02
2005-12-03,0.34939995651731326,2.3364463861328293,MODIS/061/MCD43A3,2005_12_03
2005-12-04,0.34117133677679906,2.602978619144769,MODIS/061/MCD43A3,2005_12_04
2005-12-05,0.3556587831040721,2.415543768071125,MODIS/061/MCD43A3,2005_12_05
2005-12-06,0.36390489238830825,3.1386733495641272,MODIS/061/MCD43A3,2005_12_06
2005-12-07,0.389969692486329,3.148194659135486,MODIS/061/MCD43A3,2005_12_07
2005-12-08,0.39647292750787216,3.0531981257549297,MODIS/061/MCD43A3,2005_12_08
2005-12-09,0.4002540502930735,2.9492310108484214,MODIS/061/MCD43A3,2005_12_09
2005-12-10,0.39614804871172216,3.2432124470601833,MODIS/061/MCD43A3,2005_12_10
2005-12-11,0.39529322663663075,3.1100867046135248,MODIS/061/MCD43A3,2005_12_11
2005-12-12,0.3864546758389523,3.186314101029539,MODIS/061/MCD43A3,2005_12_12
2005-12-13,0.38547093777419433,3.4254209222578234,MODIS/061/MCD43A3,2005_12_13
2005-12-14,0.36289673973157005,3.749828270003345,MODIS/061/MCD43A3,2005_12_14
2005-12-15,0.3663784273899632,4.0153658438738224,MODIS/061/MCD43A3,2005_12_15
2005-12-16,0.3584805206002318,3.7016701791645468,MODIS/061/MCD43A3,2005_12_16
2005-12-17,0.35358990540831575,4.110560607505904,MODIS/061/MCD43A3,2005_12_17
2005-12-18,0.3641709741027686,3.853546080216994,MODIS/061/MCD43A3,2005_12_18
2005-12-19,0.36368877913130016,3.77671522189998,MODIS/061/MCD43A3,2005_12_19
2005-12-20,0.37129385578139495,3.338456055302868,MODIS/061/MCD43A3,2005_12_20
2005-12-21,0.3708044464250199,3.345851464386457,MODIS/061/MCD43A3,2005_12_21
2005-12-22,0.3799746202078327,2.9759369155525293,MODIS/061/MCD43A3,2005_12_22
2005-12-23,0.37934815814560763,3.16912232877441,MODIS/061/MCD43A3,2005_12_23
2005-12-24,0.37901099761770213,2.8545005669673107,MODIS/061/MCD43A3,2005_12_24
2005-12-25,0.37374880918215864,3.02812534038157,MODIS/061/MCD43A3,2005_12_25
2005-12-26,0.36329854830923813,3.3771669247089595,MODIS/061/MCD43A3,2005_12_26
2005-12-27,0.35880796409195254,3.622606913130682,MODIS/061/MCD43A3,2005_12_27
2005-12-28,0.36472473402861927,3.9272281441491534,MODIS/061/MCD43A3,2005_12_28
2005-12-29,0.37122857645165913,4.165102881070181,MODIS/061/MCD43A3,2005_12_29
2005-12-30,0.388186744816647,4.469574248024287,MODIS/061/MCD43A3,2005_12_30
2005-12-31,0.3886972441197264,4.393417705932237,MODIS/061/MCD43A3,2005_12_31
2006-01-01,0.40431533028431277,4.050719387857394,MODIS/061/MCD43A3,2006_01_01
2006-01-02,0.39910769369781673,4.268393884853556,MODIS/061/MCD43A3,2006_01_02
2006-01-03,0.40321520299087377,4.257272152508519,MODIS/061/MCD43A3,2006_01_03
2006-01-04,0.3898196051440946,4.256412087079858,MODIS/061/MCD43A3,2006_01_04
2006-01-05,0.3919194945476433,4.190639334153181,MODIS/061/MCD43A3,2006_01_05
2006-01-06,0.3923832477413606,4.08943394465942,MODIS/061/MCD43A3,2006_01_06
2006-01-07,0.3908592326076232,4.079911997657277,MODIS/061/MCD43A3,2006_01_07
2006-01-08,0.3863560536355113,3.5102835835410087,MODIS/061/MCD43A3,2006_01_08
2006-01-09,0.3748397459731978,3.3350138638250737,MODIS/061/MCD43A3,2006_01_09
2006-01-10,0.38581902803941426,3.351062990995617,MODIS/061/MCD43A3,2006_01_10
2006-01-11,0.388416973432904,2.8756213269276136,MODIS/061/MCD43A3,2006_01_11
2006-01-12,0.4338805832880062,1.246271895748638,MODIS/061/MCD43A3,2006_01_12
2006-01-13,0.41281216258523035,1.141632545521933,MODIS/061/MCD43A3,2006_01_13
2006-01-14,0.4068554679603542,1.1253908424122654,MODIS/061/MCD43A3,2006_01_14
2006-01-15,0.47628320854762085,1.759785885918401,MODIS/061/MCD43A3,2006_01_15
2006-01-16,0.4773573565434352,1.6360361700235848,MODIS/061/MCD43A3,2006_01_16
2006-01-17,0.46745477357008647,1.6550729714965213,MODIS/061/MCD43A3,2006_01_17
2006-01-18,0.4798186050256178,1.6836296247075024,MODIS/061/MCD43A3,2006_01_18
2006-01-19,0.47908051381442573,1.8644965880455537,MODIS/061/MCD43A3,2006_01_19
2006-01-20,0.49828963383088737,2.1594447466719133,MODIS/061/MCD43A3,2006_01_20
2006-01-21,0.49642413051687445,2.206741964689931,MODIS/061/MCD43A3,2006_01_21
2006-01-22,0.5175158587810742,1.3742403775219205,MODIS/061/MCD43A3,2006_01_22
2006-01-23,0.523934104444671,1.393280968529783,MODIS/061/MCD43A3,2006_01_23
2006-01-24,0.5292327461863785,1.4123206613127184,MODIS/061/MCD43A3,2006_01_24
2006-01-25,0.6158453179263312,0.3046195687606743,MODIS/061/MCD43A3,2006_01_25
2006-01-26,0.6185436408924191,0.2284640857737533,MODIS/061/MCD43A3,2006_01_26
2006-01-27,0.5901272814339502,0.152308652094153,MODIS/061/MCD43A3,2006_01_27
2006-01-28,0.5604571217239551,0.10471154807443825,MODIS/061/MCD43A3,2006_01_28
2006-01-29,,0.0,MODIS/061/MCD43A3,2006_01_29
2006-01-30,,0.0,MODIS/061/MCD43A3,2006_01_30
2006-01-31,,0.0,MODIS/061/MCD43A3,2006_01_31
2006-02-01,,0.0,MODIS/061/MCD43A3,2006_02_01
2006-02-02,,0.0,MODIS/061/MCD43A3,2006_02_02
2006-02-03,,0.0,MODIS/061/MCD43A3,2006_02_03
2006-02-04,,0.0,MODIS/061/MCD43A3,2006_02_04
2006-02-05,0.45089106118546823,0.7872885092186158,MODIS/061/MCD43A3,2006_02_05
2006-02-06,0.4424192534687149,0.9776776482734907,MODIS/061/MCD43A3,2006_02_06
2006-02-07,0.44874193240985966,3.2645024975276002,MODIS/061/MCD43A3,2006_02_07
2006-02-08,0.4476875232469237,4.10571849727751,MODIS/061/MCD43A3,2006_02_08
2006-02-09,0.4441145807324944,4.10571780994534,MODIS/061/MCD43A3,2006_02_09
2006-02-10,0.43965622608183097,4.134278106384233,MODIS/061/MCD43A3,2006_02_10
2006-02-11,0.4380078827399412,4.115238230709476,MODIS/061/MCD43A3,2006_02_11
2006-02-12,0.4327559065888448,4.058123785716072,MODIS/061/MCD43A3,2006_02_12
2006-02-13,0.4432382053157915,4.2843004216283616,MODIS/061/MCD43A3,2006_02_13
2006-02-14,0.43720307802240854,4.589892355296386,MODIS/061/MCD43A3,2006_02_14
2006-02-15,0.43679310539364496,3.842087839427752,MODIS/061/MCD43A3,2006_02_15
2006-02-16,0.45836959678143335,2.0913682896789267,MODIS/061/MCD43A3,2006_02_16
2006-02-17,0.46241847152320253,2.0182372783184195,MODIS/061/MCD43A3,2006_02_17
2006-02-18,0.5025382060384332,4.473506894422048,MODIS/061/MCD43A3,2006_02_18
2006-02-19,0.5146349218968814,5.714750160706517,MODIS/061/MCD43A3,2006_02_19
2006-02-20,0.5146101473678109,5.657449164884962,MODIS/061/MCD43A3,2006_02_20
2006-02-21,0.5134536179662941,4.465711822207351,MODIS/061/MCD43A3,2006_02_21
2006-02-22,0.5235069750866421,4.789039251494941,MODIS/061/MCD43A3,2006_02_22
2006-02-23,0.5291805676273753,6.432593521936278,MODIS/061/MCD43A3,2006_02_23
2006-02-24,0.538988625516516,6.351067043665784,MODIS/061/MCD43A3,2006_02_24
2006-02-25,0.5405410184559132,6.358347122765728,MODIS/061/MCD43A3,2006_02_25
2006-02-26,0.5346474372337843,6.484905023063123,MODIS/061/MCD43A3,2006_02_26
2006-02-27,0.5364769891337956,6.805198397328204,MODIS/061/MCD43A3,2006_02_27
2006-02-28,0.535976844388388,6.7292281360182855,MODIS/061/MCD43A3,2006_02_28
2006-03-01,0.5162853740685657,7.358783680879915,MODIS/061/MCD43A3,2006_03_01
2006-03-02,0.5321112342336106,8.354306978174678,MODIS/061/MCD43A3,2006_03_02
2006-03-03,0.5352118112345903,8.970982451866334,MODIS/061/MCD43A3,2006_03_03
2006-03-04,0.5326720017168165,9.052845444472075,MODIS/061/MCD43A3,2006_03_04
2006-03-05,0.5308281817996042,9.562452687278672,MODIS/061/MCD43A3,2006_03_05
2006-03-06,0.5307187725700063,7.700500563703824,MODIS/061/MCD43A3,2006_03_06
2006-03-07,0.539031308479053,6.616921260058267,MODIS/061/MCD43A3,2006_03_07
2006-03-08,0.538875298903013,6.563053173141698,MODIS/061/MCD43A3,2006_03_08
2006-03-09,0.5436311257997958,6.794695300023204,MODIS/061/MCD43A3,2006_03_09
2006-03-10,0.5420727136678903,6.9860165037635715,MODIS/061/MCD43A3,2006_03_10
2006-03-11,0.5692558887517113,5.102903816539902,MODIS/061/MCD43A3,2006_03_11
2006-03-12,0.5692956981942545,5.283816999387732,MODIS/061/MCD43A3,2006_03_12
2006-03-13,0.5674816370104719,6.833358761769747,MODIS/061/MCD43A3,2006_03_13
2006-03-14,0.5731144819783399,5.502085229907276,MODIS/061/MCD43A3,2006_03_14
2006-03-15,0.5885934734238149,5.563142422251498,MODIS/061/MCD43A3,2006_03_15
2006-03-16,0.5929941908089049,10.216397886640621,MODIS/061/MCD43A3,2006_03_16
2006-03-17,0.5991908355872622,10.738048441085423,MODIS/061/MCD43A3,2006_03_17
2006-03-18,0.6057195478314475,6.7300753896119,MODIS/061/MCD43A3,2006_03_18
2006-03-19,0.6077669235844295,5.381350743289076,MODIS/061/MCD43A3,2006_03_19
2006-03-20,0.5772151695194648,11.428188185894697,MODIS/061/MCD43A3,2006_03_20
2006-03-21,0.5688470743349308,9.35852242666418,MODIS/061/MCD43A3,2006_03_21
2006-03-22,0.5644178106889862,8.409634308766673,MODIS/061/MCD43A3,2006_03_22
2006-03-23,0.5606978987827967,8.263574848958156,MODIS/061/MCD43A3,2006_03_23
2006-03-24,0.5595812902991673,8.13530643742887,MODIS/061/MCD43A3,2006_03_24
2006-03-25,0.560680642298102,8.835436169859749,MODIS/061/MCD43A3,2006_03_25
2006-03-26,0.571949753830825,12.804856832789262,MODIS/061/MCD43A3,2006_03_26
2006-03-27,0.5818449639737954,16.86359147593077,MODIS/061/MCD43A3,2006_03_27
2006-03-28,0.5767659739294029,17.726877647708307,MODIS/061/MCD43A3,2006_03_28
2006-03-29,0.5770202227755529,17.81689946651298,MODIS/061/MCD43A3,2006_03_29
2006-03-30,0.5753484045048662,17.73775683817236,MODIS/061/MCD43A3,2006_03_30
2006-03-31,0.5601380074260157,19.973071085538184,MODIS/061/MCD43A3,2006_03_31
2006-04-01,0.5738083449605588,23.575822313122305,MODIS/061/MCD43A3,2006_04_01
2006-04-02,0.5638199530021372,15.219896943095247,MODIS/061/MCD43A3,2006_04_02
2006-04-03,0.5678023466689164,18.62361016471737,MODIS/061/MCD43A3,2006_04_03
2006-04-04,0.5628030173560796,22.056160467030963,MODIS/061/MCD43A3,2006_04_04
2006-04-05,0.574479925324339,17.714425708037325,MODIS/061/MCD43A3,2006_04_05
2006-04-06,0.5644715187513696,20.73704840901741,MODIS/061/MCD43A3,2006_04_06
2006-04-07,0.5476751331158993,24.660266696436786,MODIS/061/MCD43A3,2006_04_07
2006-04-08,0.5388049718224815,27.532210839753752,MODIS/061/MCD43A3,2006_04_08
2006-04-09,0.5188180299983561,29.52653763252503,MODIS/061/MCD43A3,2006_04_09
2006-04-10,0.5031067766617802,29.78942490819131,MODIS/061/MCD43A3,2006_04_10
2006-04-11,0.47549290296670055,26.27449961268269,MODIS/061/MCD43A3,2006_04_11
2006-04-12,0.4634303268249737,25.528958436002387,MODIS/061/MCD43A3,2006_04_12
2006-04-13,0.46355227616098477,23.836548188756595,MODIS/061/MCD43A3,2006_04_13
2006-04-14,0.4603456217084766,24.667608720016606,MODIS/061/MCD43A3,2006_04_14
2006-04-15,0.46687654883069934,27.09728362394068,MODIS/061/MCD43A3,2006_04_15
2006-04-16,0.4615936231040378,23.40630660968984,MODIS/061/MCD43A3,2006_04_16
2006-04-17,0.46060134946879566,23.651417820440628,MODIS/061/MCD43A3,2006_04_17
2006-04-18,0.4589399796419517,23.037052342561253,MODIS/061/MCD43A3,2006_04_18
2006-04-19,0.4528722253063931,24.82656482332954,MODIS/061/MCD43A3,2006_04_19
2006-04-20,0.4254048747882823,23.075176431325076,MODIS/061/MCD43A3,2006_04_20
2006-04-21,0.38758652642491326,18.365406197168955,MODIS/061/MCD43A3,2006_04_21
2006-04-22,0.3844547821429366,18.277366746886862,MODIS/061/MCD43A3,2006_04_22
2006-04-23,0.3215436971773923,14.66020379838649,MODIS/061/MCD43A3,2006_04_23
2006-04-24,0.29928807642987637,12.499253807709364,MODIS/061/MCD43A3,2006_04_24
2006-04-25,0.17375087927356597,6.354276928482086,MODIS/061/MCD43A3,2006_04_25
2006-04-26,0.1657755196875461,5.326454843410611,MODIS/061/MCD43A3,2006_04_26
2006-04-27,0.14715476575454337,4.722441123849176,MODIS/061/MCD43A3,2006_04_27
2006-04-28,0.1482545151211959,4.789075195983852,MODIS/061/MCD43A3,2006_04_28
2006-04-29,0.1482795793353982,4.808113467088464,MODIS/061/MCD43A3,2006_04_29
2006-04-30,0.1481493290167039,3.9264842629483723,MODIS/061/MCD43A3,2006_04_30
2006-05-01,0.15035575122785344,5.23349187002587,MODIS/061/MCD43A3,2006_05_01
2006-05-02,0.14958839892603068,10.857774596118002,MODIS/061/MCD43A3,2006_05_02
2006-05-03,0.15730151273414528,13.742842019885757,MODIS/061/MCD43A3,2006_05_03
2006-05-04,0.17584603015332298,20.495519601984554,MODIS/061/MCD43A3,2006_05_04
2006-05-05,0.17053743679227923,19.14862803236928,MODIS/061/MCD43A3,2006_05_05
2006-05-06,0.17159498274434715,21.29282231239204,MODIS/061/MCD43A3,2006_05_06
2006-05-07,0.1667074226994728,21.67165914061681,MODIS/061/MCD43A3,2006_05_07
2006-05-08,0.16717937927950088,22.390808948799076,MODIS/061/MCD43A3,2006_05_08
2006-05-09,0.16816559195027847,26.21914910646514,MODIS/061/MCD43A3,2006_05_09
2006-05-10,0.16830803748258696,26.219150662916004,MODIS/061/MCD43A3,2006_05_10
2006-05-11,0.1833922122599483,34.107223528187234,MODIS/061/MCD43A3,2006_05_11
2006-05-12,0.1891699809986787,39.07642087740196,MODIS/061/MCD43A3,2006_05_12
2006-05-13,0.18873051447683684,39.299963478440716,MODIS/061/MCD43A3,2006_05_13
2006-05-14,0.18746567871691874,39.00163103707612,MODIS/061/MCD43A3,2006_05_14
2006-05-15,0.19039398638142876,42.56061180522267,MODIS/061/MCD43A3,2006_05_15
2006-05-16,0.18713962216737084,41.80825479263522,MODIS/061/MCD43A3,2006_05_16
2006-05-17,0.18405062678749554,40.45782923796532,MODIS/061/MCD43A3,2006_05_17
2006-05-18,0.1774105952756299,36.46964577189434,MODIS/061/MCD43A3,2006_05_18
2006-05-19,0.17692088729612152,38.59480179824073,MODIS/061/MCD43A3,2006_05_19
2006-05-20,0.15988259221507956,30.55010546925463,MODIS/061/MCD43A3,2006_05_20
2006-05-21,0.1637514327045029,32.30508316983195,MODIS/061/MCD43A3,2006_05_21
2006-05-22,0.15843096318900937,29.076439083685745,MODIS/061/MCD43A3,2006_05_22
2006-05-23,0.1545863030539294,25.945455317711723,MODIS/061/MCD43A3,2006_05_23
2006-05-24,0.1545228028703898,25.04096914087424,MODIS/061/MCD43A3,2006_05_24
2006-05-25,0.15260835632073283,17.59672339601322,MODIS/061/MCD43A3,2006_05_25
2006-05-26,0.1560170603254741,22.96927241572341,MODIS/061/MCD43A3,2006_05_26
2006-05-27,0.14734486975585448,9.58798662866951,MODIS/061/MCD43A3,2006_05_27
2006-05-28,0.14901048571535816,9.72160086015047,MODIS/061/MCD43A3,2006_05_28
2006-05-29,0.1534819672116211,17.71690855398234,MODIS/061/MCD43A3,2006_05_29
2006-05-30,0.1566566478448542,19.57625989084335,MODIS/061/MCD43A3,2006_05_30
2006-05-31,0.1520893902363319,19.62620242893021,MODIS/061/MCD43A3,2006_05_31
2006-06-01,0.1517568893914617,27.01510367905702,MODIS/061/MCD43A3,2006_06_01
2006-06-02,0.15160719005935222,27.59971949597178,MODIS/061/MCD43A3,2006_06_02
2006-06-03,0.15315048463095485,28.342253328068956,MODIS/061/MCD43A3,2006_06_03
2006-06-04,0.14980316200204044,25.827077547856515,MODIS/061/MCD43A3,2006_06_04
2006-06-05,0.15417358641983608,35.55096622587846,MODIS/061/MCD43A3,2006_06_05
2006-06-06,0.1523904273193563,36.17268139138698,MODIS/061/MCD43A3,2006_06_06
2006-06-07,0.15211032754458195,36.03554462536989,MODIS/061/MCD43A3,2006_06_07
2006-06-08,0.15559891737166365,45.38994004154666,MODIS/061/MCD43A3,2006_06_08
2006-06-09,0.1607815103236675,51.49991144056291,MODIS/061/MCD43A3,2006_06_09
2006-06-10,0.16134748624906414,61.54287656169877,MODIS/061/MCD43A3,2006_06_10
2006-06-11,0.1642719641449459,65.98221363607382,MODIS/061/MCD43A3,2006_06_11
2006-06-12,0.16858915899669738,73.42229425759254,MODIS/061/MCD43A3,2006_06_12
2006-06-13,0.16779099865879604,73.75275117895144,MODIS/061/MCD43A3,2006_06_13
2006-06-14,0.15891300588489662,67.11399902712678,MODIS/061/MCD43A3,2006_06_14
2006-06-15,0.15736957289945916,65.46855422934976,MODIS/061/MCD43A3,2006_06_15
2006-06-16,0.15638942266222264,64.56963486194682,MODIS/061/MCD43A3,2006_06_16
2006-06-17,0.1592636554598812,67.33058631909496,MODIS/061/MCD43A3,2006_06_17
2006-06-18,0.16354857677983575,73.9174252025463,MODIS/061/MCD43A3,2006_06_18
2006-06-19,0.1656219857717699,76.62269361408556,MODIS/061/MCD43A3,2006_06_19
2006-06-20,0.16550668370222266,76.54825550418084,MODIS/061/MCD43A3,2006_06_20
2006-06-21,0.16244547378455723,73.77714486466414,MODIS/061/MCD43A3,2006_06_21
2006-06-22,0.16227584500654965,73.4560904430508,MODIS/061/MCD43A3,2006_06_22
2006-06-23,0.16225513727765026,73.38833807800836,MODIS/061/MCD43A3,2006_06_23
2006-06-24,0.1572652524335442,68.34928426841466,MODIS/061/MCD43A3,2006_06_24
2006-06-25,0.1546060483912443,64.61667012978256,MODIS/061/MCD43A3,2006_06_25
2006-06-26,0.1494969966137315,59.687146356368224,MODIS/061/MCD43A3,2006_06_26
2006-06-27,0.14794442601515784,59.35287568162567,MODIS/061/MCD43A3,2006_06_27
2006-06-28,0.14335172856484987,49.24897667911723,MODIS/061/MCD43A3,2006_06_28
2006-06-29,0.14135998413359727,41.90692008460479,MODIS/061/MCD43A3,2006_06_29
2006-06-30,0.14308437169498878,53.63761268544695,MODIS/061/MCD43A3,2006_06_30
2006-07-01,0.14413482518334364,61.03954664227696,MODIS/061/MCD43A3,2006_07_01
2006-07-02,0.14649770451549812,67.63515696855217,MODIS/061/MCD43A3,2006_07_02
2006-07-03,0.14551167156242245,71.84817363598538,MODIS/061/MCD43A3,2006_07_03
2006-07-04,0.14480901400398477,71.64164824654114,MODIS/061/MCD43A3,2006_07_04
2006-07-05,0.1415587217574441,66.22302790964598,MODIS/061/MCD43A3,2006_07_05
2006-07-06,0.1417270128715342,66.02689461090705,MODIS/061/MCD43A3,2006_07_06
2006-07-07,0.1410272872246973,64.17748276044699,MODIS/061/MCD43A3,2006_07_07
2006-07-08,0.14056436816939724,63.61555350167339,MODIS/061/MCD43A3,2006_07_08
2006-07-09,0.1405996978754367,64.04733517481358,MODIS/061/MCD43A3,2006_07_09
2006-07-10,0.14197005709892127,69.12938728129886,MODIS/061/MCD43A3,2006_07_10
2006-07-11,0.14202181708645703,69.74404033839086,MODIS/061/MCD43A3,2006_07_11
2006-07-12,0.14274294237778187,70.35287533979431,MODIS/061/MCD43A3,2006_07_12
2006-07-13,0.14369130887565174,71.46207432136617,MODIS/061/MCD43A3,2006_07_13
2006-07-14,0.14548390197622216,79.19172188122515,MODIS/061/MCD43A3,2006_07_14
2006-07-15,0.1470218006186645,80.69043865817544,MODIS/061/MCD43A3,2006_07_15
2006-07-16,0.14571095525525882,79.66843367477733,MODIS/061/MCD43A3,2006_07_16
2006-07-17,0.14547079371003221,82.74840036460039,MODIS/061/MCD43A3,2006_07_17
2006-07-18,0.1458705011719049,83.98463194268723,MODIS/061/MCD43A3,2006_07_18
2006-07-19,0.14480179264805984,83.55392631352912,MODIS/061/MCD43A3,2006_07_19
2006-07-20,0.14454060192171383,83.25797103954797,MODIS/061/MCD43A3,2006_07_20
2006-07-21,0.14561412606383817,85.18597486375766,MODIS/061/MCD43A3,2006_07_21
2006-07-22,0.14648170546967657,87.16793066057309,MODIS/061/MCD43A3,2006_07_22
2006-07-23,0.1474126059922294,90.24940455830068,MODIS/061/MCD43A3,2006_07_23
2006-07-24,0.14769277372728035,90.66950929693195,MODIS/061/MCD43A3,2006_07_24
2006-07-25,0.1477181490916156,91.6879059829192,MODIS/061/MCD43A3,2006_07_25
2006-07-26,0.14737242360657424,92.92630627266682,MODIS/061/MCD43A3,2006_07_26
2006-07-27,0.1474296698397065,92.2823641220396,MODIS/061/MCD43A3,2006_07_27
2006-07-28,0.14731959905172837,93.94362844887681,MODIS/061/MCD43A3,2006_07_28
2006-07-29,0.1472761748757494,94.44090165468417,MODIS/061/MCD43A3,2006_07_29
2006-07-30,0.14706870751038573,95.12570291794552,MODIS/061/MCD43A3,2006_07_30
2006-07-31,0.14697927487459547,95.45677113676213,MODIS/061/MCD43A3,2006_07_31
2006-08-01,0.14671904581764952,96.12712015276573,MODIS/061/MCD43A3,2006_08_01
2006-08-02,0.14648789861838415,96.3231188537529,MODIS/061/MCD43A3,2006_08_02
2006-08-03,0.14625132642153396,96.15404738722788,MODIS/061/MCD43A3,2006_08_03
2006-08-04,0.14585615058453474,96.51265223317927,MODIS/061/MCD43A3,2006_08_04
2006-08-05,0.1459550983872131,96.88187878455635,MODIS/061/MCD43A3,2006_08_05
2006-08-06,0.14590243006187287,96.49323809570407,MODIS/061/MCD43A3,2006_08_06
2006-08-07,0.14599672893212243,96.52254254141737,MODIS/061/MCD43A3,2006_08_07
2006-08-08,0.1459479635799814,96.77883232237488,MODIS/061/MCD43A3,2006_08_08
2006-08-09,0.14593515926387632,96.87287485489553,MODIS/061/MCD43A3,2006_08_09
2006-08-10,0.14581814616670427,96.87063460695916,MODIS/061/MCD43A3,2006_08_10
2006-08-11,0.14554107393914675,96.98181020370623,MODIS/061/MCD43A3,2006_08_11
2006-08-12,0.1456235878457396,97.09593775896194,MODIS/061/MCD43A3,2006_08_12
2006-08-13,0.14583518750029018,97.34341721911731,MODIS/061/MCD43A3,2006_08_13
2006-08-14,0.1460006216947788,97.17254602431103,MODIS/061/MCD43A3,2006_08_14
2006-08-15,0.14615923713810078,97.39277185839111,MODIS/061/MCD43A3,2006_08_15
2006-08-16,0.1463268148765349,97.31354972541754,MODIS/061/MCD43A3,2006_08_16
2006-08-17,0.1465253954436026,96.77326528571386,MODIS/061/MCD43A3,2006_08_17
2006-08-18,0.14674237118001313,96.89594163401478,MODIS/061/MCD43A3,2006_08_18
2006-08-19,0.14673572958222622,96.7413448563251,MODIS/061/MCD43A3,2006_08_19
2006-08-20,0.1470690156420076,97.12322422767168,MODIS/061/MCD43A3,2006_08_20
2006-08-21,0.1472620539290699,97.16821228846389,MODIS/061/MCD43A3,2006_08_21
2006-08-22,0.14775838224465876,97.35088143909523,MODIS/061/MCD43A3,2006_08_22
2006-08-23,0.14798180747366096,97.34169853017704,MODIS/061/MCD43A3,2006_08_23
2006-08-24,0.14796937121848827,96.88551937226315,MODIS/061/MCD43A3,2006_08_24
2006-08-25,0.14821671294112204,97.30544930892192,MODIS/061/MCD43A3,2006_08_25
2006-08-26,0.1483649886902137,97.40848557919713,MODIS/061/MCD43A3,2006_08_26
2006-08-27,0.14911787673391336,97.3154895627543,MODIS/061/MCD43A3,2006_08_27
2006-08-28,0.14929527776756532,97.03713416060185,MODIS/061/MCD43A3,2006_08_28
2006-08-29,0.14962810817117184,96.76370640988827,MODIS/061/MCD43A3,2006_08_29
2006-08-30,0.1498051699269693,96.60194067347,MODIS/061/MCD43A3,2006_08_30
2006-08-31,0.15046528328696554,96.86103332010737,MODIS/061/MCD43A3,2006_08_31
2006-09-01,0.15048930841055472,96.43961869550567,MODIS/061/MCD43A3,2006_09_01
2006-09-02,0.15007801561489256,97.31490287896071,MODIS/061/MCD43A3,2006_09_02
2006-09-03,0.1504460878096984,97.25874442323098,MODIS/061/MCD43A3,2006_09_03
2006-09-04,0.15051324329580865,96.80496946829861,MODIS/061/MCD43A3,2006_09_04
2006-09-05,0.1506879565331379,97.07211646331658,MODIS/061/MCD43A3,2006_09_05
2006-09-06,0.15088594027692345,95.25927270139955,MODIS/061/MCD43A3,2006_09_06
2006-09-07,0.15088035873389624,96.35909232878934,MODIS/061/MCD43A3,2006_09_07
2006-09-08,0.15091007232462292,95.8001028567036,MODIS/061/MCD43A3,2006_09_08
2006-09-09,0.15034292212024475,94.13005249750908,MODIS/061/MCD43A3,2006_09_09
2006-09-10,0.1502692923467392,93.05816367486717,MODIS/061/MCD43A3,2006_09_10
2006-09-11,0.15050258013043155,92.31011020335522,MODIS/061/MCD43A3,2006_09_11
2006-09-12,0.1503412958083801,91.47583092583874,MODIS/061/MCD43A3,2006_09_12
2006-09-13,0.15001154621078652,90.06384065529951,MODIS/061/MCD43A3,2006_09_13
2006-09-14,0.14963254995188205,89.71926368967718,MODIS/061/MCD43A3,2006_09_14
2006-09-15,0.14985015716346176,85.28111085731827,MODIS/061/MCD43A3,2006_09_15
2006-09-16,0.14875977006929506,77.21684471692949,MODIS/061/MCD43A3,2006_09_16
2006-09-17,0.14855304782254664,65.149537180685,MODIS/061/MCD43A3,2006_09_17
2006-09-18,0.14815439160908855,59.5409618125411,MODIS/061/MCD43A3,2006_09_18
2006-09-19,0.14758296750109837,61.00872870739104,MODIS/061/MCD43A3,2006_09_19
2006-09-20,0.14754966208467396,60.441220275255354,MODIS/061/MCD43A3,2006_09_20
2006-09-21,0.14550484563043362,56.64206220992452,MODIS/061/MCD43A3,2006_09_21
2006-09-22,0.14450096194493667,53.023382994255805,MODIS/061/MCD43A3,2006_09_22
2006-09-23,0.14462782173362193,53.143554377550906,MODIS/061/MCD43A3,2006_09_23
2006-09-24,0.14508014158934462,54.31521848684342,MODIS/061/MCD43A3,2006_09_24
2006-09-25,0.14489881873951035,54.4115758210847,MODIS/061/MCD43A3,2006_09_25
2006-09-26,0.14497274695388973,54.43419839995381,MODIS/061/MCD43A3,2006_09_26
2006-09-27,0.145075669840808,54.32589539440004,MODIS/061/MCD43A3,2006_09_27
2006-09-28,0.14524350355726,54.354454681570395,MODIS/061/MCD43A3,2006_09_28
2006-09-29,0.14520549383630532,53.822743536854425,MODIS/061/MCD43A3,2006_09_29
2006-09-30,0.14359477631522238,53.16912981360955,MODIS/061/MCD43A3,2006_09_30
2006-10-01,0.14373407300843127,51.96304699338214,MODIS/061/MCD43A3,2006_10_01
2006-10-02,0.14202405020874234,50.5244255187185,MODIS/061/MCD43A3,2006_10_02
2006-10-03,0.14121766541134945,47.08824171466374,MODIS/061/MCD43A3,2006_10_03
2006-10-04,0.1400121859996246,43.62211999289855,MODIS/061/MCD43A3,2006_10_04
2006-10-05,0.13981154996058087,41.30859674225576,MODIS/061/MCD43A3,2006_10_05
2006-10-06,0.13789019794838897,34.6075929123945,MODIS/061/MCD43A3,2006_10_06
2006-10-07,0.1383285259644543,34.44560941700365,MODIS/061/MCD43A3,2006_10_07
2006-10-08,0.1382776771840174,34.47416927328848,MODIS/061/MCD43A3,2006_10_08
2006-10-09,0.13847334241793102,34.208147478665715,MODIS/061/MCD43A3,2006_10_09
2006-10-10,0.13742744568401088,30.286122526798156,MODIS/061/MCD43A3,2006_10_10
2006-10-11,0.13690340574488613,26.44630019728702,MODIS/061/MCD43A3,2006_10_11
2006-10-12,0.13708838074826055,26.541496646919295,MODIS/061/MCD43A3,2006_10_12
2006-10-13,0.13681630167277048,26.580459490803417,MODIS/061/MCD43A3,2006_10_13
2006-10-14,0.13506756765480213,28.054569144305827,MODIS/061/MCD43A3,2006_10_14
2006-10-15,0.13476730294795317,25.002942835803864,MODIS/061/MCD43A3,2006_10_15
2006-10-16,0.1328794283234546,16.02556396478136,MODIS/061/MCD43A3,2006_10_16
2006-10-17,0.13237742505359637,6.616295301634861,MODIS/061/MCD43A3,2006_10_17
2006-10-18,0.12650421944564808,0.43642787786671455,MODIS/061/MCD43A3,2006_10_18
2006-10-19,0.1261586915240655,0.4269086273627893,MODIS/061/MCD43A3,2006_10_19
2006-10-20,0.12182425480707439,0.293636811176346,MODIS/061/MCD43A3,2006_10_20
2006-10-21,0.1182000283090714,0.04106340315583172,MODIS/061/MCD43A3,2006_10_21
2006-10-22,0.11843184713986711,0.04106340315583172,MODIS/061/MCD43A3,2006_10_22
2006-10-23,0.1132756471572805,0.18993556012996052,MODIS/061/MCD43A3,2006_10_23
2006-10-24,0.11973059893016381,1.2734756344041658,MODIS/061/MCD43A3,2006_10_24
2006-10-25,0.11976049780246148,1.2734756344041658,MODIS/061/MCD43A3,2006_10_25
2006-10-26,0.12251937264469341,3.4960958314893875,MODIS/061/MCD43A3,2006_10_26
2006-10-27,0.12855245176930105,3.597184420446644,MODIS/061/MCD43A3,2006_10_27
2006-10-28,0.12141653406388105,4.939633214518445,MODIS/061/MCD43A3,2006_10_28
2006-10-29,0.12182803307219713,4.949152235119133,MODIS/061/MCD43A3,2006_10_29
2006-10-30,0.11823119982436177,3.726588583822011,MODIS/061/MCD43A3,2006_10_30
2006-10-31,0.12139367121049516,2.4782083579220378,MODIS/061/MCD43A3,2006_10_31
2006-11-01,0.12119866341437885,2.5067656401222944,MODIS/061/MCD43A3,2006_11_01
2006-11-02,0.12249748182136073,2.4020568578755155,MODIS/061/MCD43A3,2006_11_02
2006-11-03,0.12042210499213185,2.7648656273109684,MODIS/061/MCD43A3,2006_11_03
2006-11-04,0.12742687644834932,5.44083871416348,MODIS/061/MCD43A3,2006_11_04
2006-11-05,0.14278759373327823,3.5408445764200245,MODIS/061/MCD43A3,2006_11_05
2006-11-06,0.14477807104592502,3.4075782500009204,MODIS/061/MCD43A3,2006_11_06
2006-11-07,0.14235748234913256,7.340991672273293,MODIS/061/MCD43A3,2006_11_07
2006-11-08,0.13736035736978422,6.715825278691009,MODIS/061/MCD43A3,2006_11_08
2006-11-09,0.1419270556869552,4.172260338514849,MODIS/061/MCD43A3,2006_11_09
2006-11-10,0.14284463380767776,4.102714822021525,MODIS/061/MCD43A3,2006_11_10
2006-11-11,0.1421526966989608,1.287067815457031,MODIS/061/MCD43A3,2006_11_11
2006-11-12,0.1519456233990703,1.208264245254562,MODIS/061/MCD43A3,2006_11_12
2006-11-13,0.15708736692383762,0.38162113389500146,MODIS/061/MCD43A3,2006_11_13
2006-11-14,0.15617778790969286,0.35306418186977545,MODIS/061/MCD43A3,2006_11_14
2006-11-15,0.21259651753618133,0.1640275263308037,MODIS/061/MCD43A3,2006_11_15
2006-11-16,0.25031330631566334,0.07219567317427965,MODIS/061/MCD43A3,2006_11_16
2006-11-17,0.32040511381846176,0.21483760476468983,MODIS/061/MCD43A3,2006_11_17
2006-11-18,0.3197198838367576,0.37203529578060474,MODIS/061/MCD43A3,2006_11_18
2006-11-19,0.41778375640181814,0.13633228559000635,MODIS/061/MCD43A3,2006_11_19
2006-11-20,0.4353708641130438,0.17164842910749348,MODIS/061/MCD43A3,2006_11_20
2006-11-21,0.4414998595547942,0.14308941152137433,MODIS/061/MCD43A3,2006_11_21
2006-11-22,0.39936356780757737,0.1526090547429182,MODIS/061/MCD43A3,2006_11_22
2006-11-23,0.4064296553387409,0.13326984743705445,MODIS/061/MCD43A3,2006_11_23
2006-11-24,0.4132153244420982,0.13326977733749004,MODIS/061/MCD43A3,2006_11_24
2006-11-25,0.4625966238653897,0.44740991724784024,MODIS/061/MCD43A3,2006_11_25
2006-11-26,0.4375938505363542,0.5985598551654527,MODIS/061/MCD43A3,2006_11_26
2006-11-27,0.4723529639819167,0.5140446015585332,MODIS/061/MCD43A3,2006_11_27
2006-11-28,0.46398388198042223,0.552121026902969,MODIS/061/MCD43A3,2006_11_28
2006-11-29,0.41433098296473414,1.1604963324055833,MODIS/061/MCD43A3,2006_11_29
2006-11-30,0.4040239230008253,1.7792149623288425,MODIS/061/MCD43A3,2006_11_30
2006-12-01,0.40956360503352435,3.857334200743659,MODIS/061/MCD43A3,2006_12_01
2006-12-02,0.40837393444854675,4.095315808336037,MODIS/061/MCD43A3,2006_12_02
2006-12-03,0.4204730035055063,3.8348179711915247,MODIS/061/MCD43A3,2006_12_03
2006-12-04,0.41434514541859624,4.333249151816882,MODIS/061/MCD43A3,2006_12_04
2006-12-05,0.39338503279419773,4.38707822070536,MODIS/061/MCD43A3,2006_12_05
2006-12-06,0.3965509579922403,4.577726869013895,MODIS/061/MCD43A3,2006_12_06
2006-12-07,0.3834188155055783,4.7566838795365145,MODIS/061/MCD43A3,2006_12_07
2006-12-08,0.3862647277514686,4.714093602109929,MODIS/061/MCD43A3,2006_12_08
2006-12-09,0.3752779172448402,4.8274630634096285,MODIS/061/MCD43A3,2006_12_09
2006-12-10,0.38601970373121286,4.68987282583813,MODIS/061/MCD43A3,2006_12_10
2006-12-11,0.3775674041165703,5.243497272587925,MODIS/061/MCD43A3,2006_12_11
2006-12-12,0.3793254335482766,5.426121886518335,MODIS/061/MCD43A3,2006_12_12
2006-12-13,0.366032784801821,5.4635643614968545,MODIS/061/MCD43A3,2006_12_13
2006-12-14,0.3751644912174273,5.330217458992244,MODIS/061/MCD43A3,2006_12_14
2006-12-15,0.37331965063206485,5.07692014516868,MODIS/061/MCD43A3,2006_12_15
2006-12-16,0.37738226963319,4.639130119156866,MODIS/061/MCD43A3,2006_12_16
2006-12-17,0.39519885935580523,3.8457021914220793,MODIS/061/MCD43A3,2006_12_17
2006-12-18,0.40708934849568185,3.360105143006719,MODIS/061/MCD43A3,2006_12_18
2006-12-19,0.41614810886154296,3.694105981297344,MODIS/061/MCD43A3,2006_12_19
2006-12-20,0.4042939328860229,3.4772837264301284,MODIS/061/MCD43A3,2006_12_20
2006-12-21,0.4385598303019261,2.120114048729147,MODIS/061/MCD43A3,2006_12_21
2006-12-22,0.4416800120620791,1.5306548316767716,MODIS/061/MCD43A3,2006_12_22
2006-12-23,0.47767871445923793,0.8266249190640697,MODIS/061/MCD43A3,2006_12_23
2006-12-24,0.48839989405653994,0.9705026327318136,MODIS/061/MCD43A3,2006_12_24
2006-12-25,0.4851563763651407,0.9514633549280574,MODIS/061/MCD43A3,2006_12_25
2006-12-26,0.43517483838954485,1.8359223534542315,MODIS/061/MCD43A3,2006_12_26
2006-12-27,0.416303514295543,1.5981550675005818,MODIS/061/MCD43A3,2006_12_27
2006-12-28,0.4071570648710211,2.3032936244639988,MODIS/061/MCD43A3,2006_12_28
2006-12-29,0.43312958712641586,3.016843556238412,MODIS/061/MCD43A3,2006_12_29
2006-12-30,0.4394886154016206,3.6179172825527837,MODIS/061/MCD43A3,2006_12_30
2006-12-31,0.4273876568081344,3.8731825603401626,MODIS/061/MCD43A3,2006_12_31
2007-01-01,0.4290498632350711,3.8827015763553616,MODIS/061/MCD43A3,2007_01_01
2007-01-02,0.43636734795515614,3.2829808969366363,MODIS/061/MCD43A3,2007_01_02
2007-01-03,0.42932074496134887,3.797028272759269,MODIS/061/MCD43A3,2007_01_03
2007-01-04,0.4420176996315663,2.951134290064139,MODIS/061/MCD43A3,2007_01_04
2007-01-05,0.447334286681501,2.538659641288854,MODIS/061/MCD43A3,2007_01_05
2007-01-06,0.44353995475371255,3.575488399145927,MODIS/061/MCD43A3,2007_01_06
2007-01-07,0.43743036667688523,4.2410561641159426,MODIS/061/MCD43A3,2007_01_07
2007-01-08,0.4389530039462638,4.117562319426208,MODIS/061/MCD43A3,2007_01_08
2007-01-09,0.44596103442123336,3.9814879081439067,MODIS/061/MCD43A3,2007_01_09
2007-01-10,0.4460987211100441,3.997466242188369,MODIS/061/MCD43A3,2007_01_10
2007-01-11,0.44638577948886266,3.654327608957039,MODIS/061/MCD43A3,2007_01_11
2007-01-12,0.4716077217071361,3.2310040820378023,MODIS/061/MCD43A3,2007_01_12
2007-01-13,0.46081964498352795,3.7368733039887494,MODIS/061/MCD43A3,2007_01_13
2007-01-14,0.4574195940141377,3.6841149620089033,MODIS/061/MCD43A3,2007_01_14
2007-01-15,0.4649753690757294,4.046003061885885,MODIS/061/MCD43A3,2007_01_15
2007-01-16,0.4687710179517401,3.959399324942439,MODIS/061/MCD43A3,2007_01_16
2007-01-17,0.45719842433627716,4.522890899382692,MODIS/061/MCD43A3,2007_01_17
2007-01-18,0.4301990695625398,4.672845236558257,MODIS/061/MCD43A3,2007_01_18
2007-01-19,0.424299123644132,5.298987209864403,MODIS/061/MCD43A3,2007_01_19
2007-01-20,0.4161079827996479,6.0789182938290045,MODIS/061/MCD43A3,2007_01_20
2007-01-21,0.4142494382537759,7.083566444078547,MODIS/061/MCD43A3,2007_01_21
2007-01-22,0.41507679051732416,6.36845432659573,MODIS/061/MCD43A3,2007_01_22
2007-01-23,0.41139600791740766,5.753573054991181,MODIS/061/MCD43A3,2007_01_23
2007-01-24,0.41691686019176283,6.424909876401882,MODIS/061/MCD43A3,2007_01_24
2007-01-25,0.4134628960083334,6.329717706596397,MODIS/061/MCD43A3,2007_01_25
2007-01-26,0.4110326190634519,6.696075970384676,MODIS/061/MCD43A3,2007_01_26
2007-01-27,0.4112981518091349,6.442899825212109,MODIS/061/MCD43A3,2007_01_27
2007-01-28,0.4106862390154486,6.54858267869588,MODIS/061/MCD43A3,2007_01_28
2007-01-29,0.40306207099891284,6.3347026552040075,MODIS/061/MCD43A3,2007_01_29
2007-01-30,0.41104603375566495,6.136806725261676,MODIS/061/MCD43A3,2007_01_30
2007-01-31,0.4131889208980991,5.38303640731887,MODIS/061/MCD43A3,2007_01_31
2007-02-01,0.4115249804917539,5.431501622559485,MODIS/061/MCD43A3,2007_02_01
2007-02-02,0.4264447365331771,5.134736858008664,MODIS/061/MCD43A3,2007_02_02
2007-02-03,0.4268873361511241,3.082061249967534,MODIS/061/MCD43A3,2007_02_03
2007-02-04,0.4351564284063059,2.2937930504019755,MODIS/061/MCD43A3,2007_02_04
2007-02-05,0.45730073678265026,0.6948069574412963,MODIS/061/MCD43A3,2007_02_05
2007-02-06,0.45339869136662225,0.8090446691848949,MODIS/061/MCD43A3,2007_02_06
2007-02-07,0.4481460631383077,2.8628272291899792,MODIS/061/MCD43A3,2007_02_07
2007-02-08,0.43300442732048966,3.0424595455528394,MODIS/061/MCD43A3,2007_02_08
2007-02-09,0.42862557746254537,3.694922032550914,MODIS/061/MCD43A3,2007_02_09
2007-02-10,0.43134229818830655,3.81289144567839,MODIS/061/MCD43A3,2007_02_10
2007-02-11,0.4354836796715524,3.879942237426435,MODIS/061/MCD43A3,2007_02_11
2007-02-12,0.45216208632186056,4.050556521667121,MODIS/061/MCD43A3,2007_02_12
2007-02-13,0.447552463670008,4.55497424760423,MODIS/061/MCD43A3,2007_02_13
2007-02-14,0.45094758581165834,4.660547289327852,MODIS/061/MCD43A3,2007_02_14
2007-02-15,0.4544042725522255,4.717664976135133,MODIS/061/MCD43A3,2007_02_15
2007-02-16,0.46820022079568074,4.819145998811916,MODIS/061/MCD43A3,2007_02_16
2007-02-17,0.4757887923874377,4.961936517774157,MODIS/061/MCD43A3,2007_02_17
2007-02-18,0.46570710146073263,3.868386024030355,MODIS/061/MCD43A3,2007_02_18
2007-02-19,0.4742674699773416,3.310781164877483,MODIS/061/MCD43A3,2007_02_19
2007-02-20,0.46779939141402177,3.229130649284673,MODIS/061/MCD43A3,2007_02_20
2007-02-21,0.48003738667009405,3.131916308236177,MODIS/061/MCD43A3,2007_02_21
2007-02-22,0.516157868769409,3.035412381731008,MODIS/061/MCD43A3,2007_02_22
2007-02-23,0.5378890964465421,4.597709303722657,MODIS/061/MCD43A3,2007_02_23
2007-02-24,0.544255589476603,5.923276043982766,MODIS/061/MCD43A3,2007_02_24
2007-02-25,0.5551216067345839,6.94360359200179,MODIS/061/MCD43A3,2007_02_25
2007-02-26,0.5532433726592058,7.145804279818867,MODIS/061/MCD43A3,2007_02_26
2007-02-27,0.5549808446295285,7.585991652288254,MODIS/061/MCD43A3,2007_02_27
2007-02-28,0.5533948077967137,8.740990513723572,MODIS/061/MCD43A3,2007_02_28
2007-03-01,0.5620600948628856,8.674175949161276,MODIS/061/MCD43A3,2007_03_01
2007-03-02,0.5598996955544258,8.615450128190698,MODIS/061/MCD43A3,2007_03_02
2007-03-03,0.555160184662735,8.810611360758584,MODIS/061/MCD43A3,2007_03_03
2007-03-04,0.5648562238604582,9.971293233589366,MODIS/061/MCD43A3,2007_03_04
2007-03-05,0.5685229095987525,10.488792328166165,MODIS/061/MCD43A3,2007_03_05
2007-03-06,0.5701803078758714,11.662092591483598,MODIS/061/MCD43A3,2007_03_06
2007-03-07,0.5709677201315035,13.171368688366693,MODIS/061/MCD43A3,2007_03_07
2007-03-08,0.5754943739220775,15.192078859041835,MODIS/061/MCD43A3,2007_03_08
2007-03-09,0.5762890088621794,17.158205380411754,MODIS/061/MCD43A3,2007_03_09
2007-03-10,0.5701663138272373,17.70762774116451,MODIS/061/MCD43A3,2007_03_10
2007-03-11,0.569786694345802,18.614861238232493,MODIS/061/MCD43A3,2007_03_11
2007-03-12,0.5739823552730031,19.775678803616618,MODIS/061/MCD43A3,2007_03_12
2007-03-13,0.5750749661696015,22.26785464265629,MODIS/061/MCD43A3,2007_03_13
2007-03-14,0.5775213147031562,22.9060846378104,MODIS/061/MCD43A3,2007_03_14
2007-03-15,0.5738463291516788,24.076313939906377,MODIS/061/MCD43A3,2007_03_15
2007-03-16,0.5764308973798397,22.788643718867508,MODIS/061/MCD43A3,2007_03_16
2007-03-17,0.5697421905799718,22.195854102139723,MODIS/061/MCD43A3,2007_03_17
2007-03-18,0.5648496735001917,20.875020961352348,MODIS/061/MCD43A3,2007_03_18
2007-03-19,0.5743961175781918,23.294042803152703,MODIS/061/MCD43A3,2007_03_19
2007-03-20,0.5720730702952311,22.7557654841577,MODIS/061/MCD43A3,2007_03_20
2007-03-21,0.5792171293616962,23.57478820407327,MODIS/061/MCD43A3,2007_03_21
2007-03-22,0.5785486237399537,21.010590849185554,MODIS/061/MCD43A3,2007_03_22
2007-03-23,0.5767224996771666,14.226072042712413,MODIS/061/MCD43A3,2007_03_23
2007-03-24,0.578420569121868,9.229320257093821,MODIS/061/MCD43A3,2007_03_24
2007-03-25,0.5920399722223751,4.739671586963904,MODIS/061/MCD43A3,2007_03_25
2007-03-26,0.5908254175957156,5.187084717363766,MODIS/061/MCD43A3,2007_03_26
2007-03-27,0.5970694403938498,3.8841715143441955,MODIS/061/MCD43A3,2007_03_27
2007-03-28,0.5968385821885747,3.931769531831575,MODIS/061/MCD43A3,2007_03_28
2007-03-29,0.5774590099942464,0.2284759856961857,MODIS/061/MCD43A3,2007_03_29
2007-03-30,0.6076009448842313,0.14279770477507703,MODIS/061/MCD43A3,2007_03_30
2007-03-31,0.5644464226254825,0.08567543713092617,MODIS/061/MCD43A3,2007_03_31
2007-04-01,,0.0,MODIS/061/MCD43A3,2007_04_01
2007-04-02,,0.0,MODIS/061/MCD43A3,2007_04_02
2007-04-03,,0.0,MODIS/061/MCD43A3,2007_04_03
2007-04-04,,0.0,MODIS/061/MCD43A3,2007_04_04
2007-04-05,,0.0,MODIS/061/MCD43A3,2007_04_05
2007-04-06,,0.0,MODIS/061/MCD43A3,2007_04_06
2007-04-07,,0.0,MODIS/061/MCD43A3,2007_04_07
2007-04-08,0.4566669618715213,0.028559067960291507,MODIS/061/MCD43A3,2007_04_08
2007-04-09,0.4550002997464677,0.028559067960291507,MODIS/061/MCD43A3,2007_04_09
2007-04-10,0.4540002997464677,0.028559067960291507,MODIS/061/MCD43A3,2007_04_10
2007-04-11,0.544045757805758,1.167593794367031,MODIS/061/MCD43A3,2007_04_11
2007-04-12,0.5195853311016703,7.296537453270528,MODIS/061/MCD43A3,2007_04_12
2007-04-13,0.4832902736860058,9.106110951090155,MODIS/061/MCD43A3,2007_04_13
2007-04-14,0.48525645631295783,9.39150831889025,MODIS/061/MCD43A3,2007_04_14
2007-04-15,0.48516628089764025,10.086218990842013,MODIS/061/MCD43A3,2007_04_15
2007-04-16,0.49779842642682987,12.988578209068523,MODIS/061/MCD43A3,2007_04_16
2007-04-17,0.4624123909147396,16.788106183528242,MODIS/061/MCD43A3,2007_04_17
2007-04-18,0.4267649823996468,19.011440827960346,MODIS/061/MCD43A3,2007_04_18
2007-04-19,0.3831777435380706,22.631169848612625,MODIS/061/MCD43A3,2007_04_19
2007-04-20,0.38308951947789266,23.059097614727868,MODIS/061/MCD43A3,2007_04_20
2007-04-21,0.3682348043198254,20.73850820685319,MODIS/061/MCD43A3,2007_04_21
2007-04-22,0.35980279403667753,19.481770450980278,MODIS/061/MCD43A3,2007_04_22
2007-04-23,0.35747605577470265,18.955024196993342,MODIS/061/MCD43A3,2007_04_23
2007-04-24,0.3535329502050031,14.780600071999366,MODIS/061/MCD43A3,2007_04_24
2007-04-25,0.35224992143898715,14.773687593439615,MODIS/061/MCD43A3,2007_04_25
2007-04-26,0.3368389467356885,15.329647225169584,MODIS/061/MCD43A3,2007_04_26
2007-04-27,0.27761041919498053,8.6291200988862,MODIS/061/MCD43A3,2007_04_27
2007-04-28,0.16411097014336712,7.6575946745486725,MODIS/061/MCD43A3,2007_04_28
2007-04-29,0.1437889638896001,4.244793278101814,MODIS/061/MCD43A3,2007_04_29
2007-04-30,0.1433709458312372,4.244793897117768,MODIS/061/MCD43A3,2007_04_30
2007-05-01,0.15015719055297794,7.136077575563709,MODIS/061/MCD43A3,2007_05_01
2007-05-02,0.15078790949712254,9.541282167416023,MODIS/061/MCD43A3,2007_05_02
2007-05-03,0.14803819361257342,11.04342463600099,MODIS/061/MCD43A3,2007_05_03
2007-05-04,0.15204649988116817,14.6283363801905,MODIS/061/MCD43A3,2007_05_04
2007-05-05,0.1462510054567173,11.016597052206839,MODIS/061/MCD43A3,2007_05_05
2007-05-06,0.149376892317144,16.525889546836396,MODIS/061/MCD43A3,2007_05_06
2007-05-07,0.15404684473030253,21.885407004688595,MODIS/061/MCD43A3,2007_05_07
2007-05-08,0.1549809538462828,24.271717074846524,MODIS/061/MCD43A3,2007_05_08
2007-05-09,0.15774784266954306,25.123776893923328,MODIS/061/MCD43A3,2007_05_09
2007-05-10,0.15705052773406467,24.86041279950974,MODIS/061/MCD43A3,2007_05_10
2007-05-11,0.15674982577048502,24.904425731200543,MODIS/061/MCD43A3,2007_05_11
2007-05-12,0.15330048723362577,24.021185637592403,MODIS/061/MCD43A3,2007_05_12
2007-05-13,0.15207785526889955,23.707035763493305,MODIS/061/MCD43A3,2007_05_13
2007-05-14,0.145136056239452,19.90763130227159,MODIS/061/MCD43A3,2007_05_14
2007-05-15,0.14763984133453145,22.639832952261834,MODIS/061/MCD43A3,2007_05_15
2007-05-16,0.15712712032499027,26.9123336853703,MODIS/061/MCD43A3,2007_05_16
2007-05-17,0.1608107539374725,27.785355448625587,MODIS/061/MCD43A3,2007_05_17
2007-05-18,0.16655889757293707,30.002583200972435,MODIS/061/MCD43A3,2007_05_18
2007-05-19,0.16485347069393147,25.194599946432653,MODIS/061/MCD43A3,2007_05_19
2007-05-20,0.16189182879532352,23.233908655857206,MODIS/061/MCD43A3,2007_05_20
2007-05-21,0.16413899875118232,31.776154668997645,MODIS/061/MCD43A3,2007_05_21
2007-05-22,0.16903225556119256,34.6003751346795,MODIS/061/MCD43A3,2007_05_22
2007-05-23,0.16802436621100822,35.95811639838189,MODIS/061/MCD43A3,2007_05_23
2007-05-24,0.16706476373649604,34.89078625539636,MODIS/061/MCD43A3,2007_05_24
2007-05-25,0.16738845025651863,35.17873062587829,MODIS/061/MCD43A3,2007_05_25
2007-05-26,0.17046711984249316,38.276787558920084,MODIS/061/MCD43A3,2007_05_26
2007-05-27,0.1714145705173876,38.39081896149423,MODIS/061/MCD43A3,2007_05_27
2007-05-28,0.17145595055676668,38.6668766926375,MODIS/061/MCD43A3,2007_05_28
2007-05-29,0.17135936109882732,38.65735752411457,MODIS/061/MCD43A3,2007_05_29
2007-05-30,0.17813996658434852,45.54803743116089,MODIS/061/MCD43A3,2007_05_30
2007-05-31,0.17751003224410036,42.9109153646305,MODIS/061/MCD43A3,2007_05_31
2007-06-01,0.1720643752258875,40.701294031639165,MODIS/061/MCD43A3,2007_06_01
2007-06-02,0.17237110884756932,46.46748562654228,MODIS/061/MCD43A3,2007_06_02
2007-06-03,0.16967100584247288,44.864832467901714,MODIS/061/MCD43A3,2007_06_03
2007-06-04,0.1651150957256841,43.3627493123999,MODIS/061/MCD43A3,2007_06_04
2007-06-05,0.168294754202498,47.96275914606708,MODIS/061/MCD43A3,2007_06_05
2007-06-06,0.16402807971503014,47.87730031481649,MODIS/061/MCD43A3,2007_06_06
2007-06-07,0.16299759224935545,47.32067034261935,MODIS/061/MCD43A3,2007_06_07
2007-06-08,0.16063776894161236,48.5768892082538,MODIS/061/MCD43A3,2007_06_08
2007-06-09,0.16360779023765798,54.12957621467062,MODIS/061/MCD43A3,2007_06_09
2007-06-10,0.16292268426815681,54.267143037934126,MODIS/061/MCD43A3,2007_06_10
2007-06-11,0.16300251555550246,56.60464626970865,MODIS/061/MCD43A3,2007_06_11
2007-06-12,0.1671617097139885,64.11989669004534,MODIS/061/MCD43A3,2007_06_12
2007-06-13,0.17081531418973717,68.36748414132502,MODIS/061/MCD43A3,2007_06_13
2007-06-14,0.17463442464072712,73.33044867189062,MODIS/061/MCD43A3,2007_06_14
2007-06-15,0.1760037338123803,74.83732193657322,MODIS/061/MCD43A3,2007_06_15
2007-06-16,0.17890697095951663,78.11396888587763,MODIS/061/MCD43A3,2007_06_16
2007-06-17,0.17927076153567778,78.2825969245561,MODIS/061/MCD43A3,2007_06_17
2007-06-18,0.17747669475233432,77.6112550884546,MODIS/061/MCD43A3,2007_06_18
2007-06-19,0.179486866771408,81.09698437384485,MODIS/061/MCD43A3,2007_06_19
2007-06-20,0.18048309518884284,82.5047945156347,MODIS/061/MCD43A3,2007_06_20
2007-06-21,0.18083270666618423,81.98021352148456,MODIS/061/MCD43A3,2007_06_21
2007-06-22,0.17858754434555055,80.1350331669622,MODIS/061/MCD43A3,2007_06_22
2007-06-23,0.17873491281902282,82.64042421128154,MODIS/061/MCD43A3,2007_06_23
2007-06-24,0.17618899700447488,82.64202398360655,MODIS/061/MCD43A3,2007_06_24
2007-06-25,0.17636649972396315,83.65984520474973,MODIS/061/MCD43A3,2007_06_25
2007-06-26,0.1754235904669902,84.18243922862465,MODIS/061/MCD43A3,2007_06_26
2007-06-27,0.17393506966968336,84.58547197241404,MODIS/061/MCD43A3,2007_06_27
2007-06-28,0.17385091438456726,84.41386393107621,MODIS/061/MCD43A3,2007_06_28
2007-06-29,0.17148325692206687,82.24334951482096,MODIS/061/MCD43A3,2007_06_29
2007-06-30,0.168840833974726,80.05682548366322,MODIS/061/MCD43A3,2007_06_30
2007-07-01,0.16200733815262316,74.1346716083652,MODIS/061/MCD43A3,2007_07_01
2007-07-02,0.1588876282898431,71.59203539473444,MODIS/061/MCD43A3,2007_07_02
2007-07-03,0.15978776313800291,73.67024216409654,MODIS/061/MCD43A3,2007_07_03
2007-07-04,0.1600099295054856,73.89438859583156,MODIS/061/MCD43A3,2007_07_04
2007-07-05,0.15920612509978455,74.26678009790362,MODIS/061/MCD43A3,2007_07_05
2007-07-06,0.15951631889638962,78.31565855078304,MODIS/061/MCD43A3,2007_07_06
2007-07-07,0.16002485447134226,79.71768165791687,MODIS/061/MCD43A3,2007_07_07
2007-07-08,0.15440131487001585,72.51833054951426,MODIS/061/MCD43A3,2007_07_08
2007-07-09,0.15241285567069127,67.32975281590723,MODIS/061/MCD43A3,2007_07_09
2007-07-10,0.14645021639545797,56.98568492361641,MODIS/061/MCD43A3,2007_07_10
2007-07-11,0.14595594033765025,58.96161674962562,MODIS/061/MCD43A3,2007_07_11
2007-07-12,0.14614869195839023,61.00427842725703,MODIS/061/MCD43A3,2007_07_12
2007-07-13,0.14336325933487695,53.62022589190673,MODIS/061/MCD43A3,2007_07_13
2007-07-14,0.1434822670617394,52.5806048794643,MODIS/061/MCD43A3,2007_07_14
2007-07-15,0.1452882868531291,65.60809032088426,MODIS/061/MCD43A3,2007_07_15
2007-07-16,0.14537561239167987,65.7532384217292,MODIS/061/MCD43A3,2007_07_16
2007-07-17,0.14540789101242893,65.49232706723997,MODIS/061/MCD43A3,2007_07_17
2007-07-18,0.14511264973026464,65.17098513268608,MODIS/061/MCD43A3,2007_07_18
2007-07-19,0.1419535457081115,59.57512970689656,MODIS/061/MCD43A3,2007_07_19
2007-07-20,0.14197674381390915,59.456030456822,MODIS/061/MCD43A3,2007_07_20
2007-07-21,0.1419634854261341,63.49314294524802,MODIS/061/MCD43A3,2007_07_21
2007-07-22,0.14101616343613138,65.11788471674922,MODIS/061/MCD43A3,2007_07_22
2007-07-23,0.1420927934542804,70.67417625251672,MODIS/061/MCD43A3,2007_07_23
2007-07-24,0.14336961253043334,74.81154733412914,MODIS/061/MCD43A3,2007_07_24
2007-07-25,0.1441832847738469,76.95705938964383,MODIS/061/MCD43A3,2007_07_25
2007-07-26,0.14347044582147248,76.2159830290673,MODIS/061/MCD43A3,2007_07_26
2007-07-27,0.14233676643032384,70.36028048715501,MODIS/061/MCD43A3,2007_07_27
2007-07-28,0.1410782704821606,64.624980410562,MODIS/061/MCD43A3,2007_07_28
2007-07-29,0.14158858197742977,65.73774723962559,MODIS/061/MCD43A3,2007_07_29
2007-07-30,0.14184211869184454,66.59816726820299,MODIS/061/MCD43A3,2007_07_30
2007-07-31,0.1413019611771481,58.990883985085716,MODIS/061/MCD43A3,2007_07_31
2007-08-01,0.14180964940243093,61.23892441161939,MODIS/061/MCD43A3,2007_08_01
2007-08-02,0.14245904352875352,70.15950839570147,MODIS/061/MCD43A3,2007_08_02
2007-08-03,0.1432274365095821,75.19240275151715,MODIS/061/MCD43A3,2007_08_03
2007-08-04,0.14360616196280404,74.93679577185684,MODIS/061/MCD43A3,2007_08_04
2007-08-05,0.14397264935507148,79.75306142997165,MODIS/061/MCD43A3,2007_08_05
2007-08-06,0.14445495567330405,76.06078830308017,MODIS/061/MCD43A3,2007_08_06
2007-08-07,0.14346949524638336,79.96443304935741,MODIS/061/MCD43A3,2007_08_07
2007-08-08,0.14382442346199525,78.42602773396067,MODIS/061/MCD43A3,2007_08_08
2007-08-09,0.14436419490886432,85.44070097520097,MODIS/061/MCD43A3,2007_08_09
2007-08-10,0.14480165940982212,87.78780819980132,MODIS/061/MCD43A3,2007_08_10
2007-08-11,0.14509081658588183,91.82051892286704,MODIS/061/MCD43A3,2007_08_11
2007-08-12,0.14574474014207942,92.49907144860724,MODIS/061/MCD43A3,2007_08_12
2007-08-13,0.14621309103909655,93.64541414329518,MODIS/061/MCD43A3,2007_08_13
2007-08-14,0.14604715253083708,94.75136423497742,MODIS/061/MCD43A3,2007_08_14
2007-08-15,0.1460638403783418,94.48402696411875,MODIS/061/MCD43A3,2007_08_15
2007-08-16,0.14665506417650812,95.25311776759587,MODIS/061/MCD43A3,2007_08_16
2007-08-17,0.14664274748600312,95.04128992206019,MODIS/061/MCD43A3,2007_08_17
2007-08-18,0.14702499386165452,95.6912923497519,MODIS/061/MCD43A3,2007_08_18
2007-08-19,0.14702178798208387,95.66863494797737,MODIS/061/MCD43A3,2007_08_19
2007-08-20,0.14677692000759732,96.72216171075092,MODIS/061/MCD43A3,2007_08_20
2007-08-21,0.14696300922541755,96.55438917040833,MODIS/061/MCD43A3,2007_08_21
2007-08-22,0.14692808484691022,95.43806608827975,MODIS/061/MCD43A3,2007_08_22
2007-08-23,0.14676333894420435,96.10856422233076,MODIS/061/MCD43A3,2007_08_23
2007-08-24,0.1468534035803142,94.25409760757101,MODIS/061/MCD43A3,2007_08_24
2007-08-25,0.14680926216297527,95.01679554107982,MODIS/061/MCD43A3,2007_08_25
2007-08-26,0.14658970024247983,94.25106284241224,MODIS/061/MCD43A3,2007_08_26
2007-08-27,0.14665333250870105,93.01385368736089,MODIS/061/MCD43A3,2007_08_27
2007-08-28,0.1466764720175805,92.42478988607131,MODIS/061/MCD43A3,2007_08_28
2007-08-29,0.14649906368433901,92.36655973516343,MODIS/061/MCD43A3,2007_08_29
2007-08-30,0.14643861790939636,92.86903939345841,MODIS/061/MCD43A3,2007_08_30
2007-08-31,0.1466761705980953,89.27892408410835,MODIS/061/MCD43A3,2007_08_31
2007-09-01,0.14707773392458212,94.03348798253263,MODIS/061/MCD43A3,2007_09_01
2007-09-02,0.14754737300771123,90.10617654640834,MODIS/061/MCD43A3,2007_09_02
2007-09-03,0.14734438021363452,94.99879886403633,MODIS/061/MCD43A3,2007_09_03
2007-09-04,0.14719321743311717,94.2925648631335,MODIS/061/MCD43A3,2007_09_04
2007-09-05,0.1468355576907119,94.72305947938843,MODIS/061/MCD43A3,2007_09_05
2007-09-06,0.14683969325464286,95.19079270579456,MODIS/061/MCD43A3,2007_09_06
2007-09-07,0.1468805794334985,93.94900888263695,MODIS/061/MCD43A3,2007_09_07
2007-09-08,0.14658423793847955,94.90634646378135,MODIS/061/MCD43A3,2007_09_08
2007-09-09,0.1467982162267628,95.17708454970531,MODIS/061/MCD43A3,2007_09_09
2007-09-10,0.14754133687772603,95.86838139068351,MODIS/061/MCD43A3,2007_09_10
2007-09-11,0.14773059296032837,96.13844925812634,MODIS/061/MCD43A3,2007_09_11
2007-09-12,0.14799382621728302,96.16454557615174,MODIS/061/MCD43A3,2007_09_12
2007-09-13,0.14816413261956968,96.17018359093716,MODIS/061/MCD43A3,2007_09_13
2007-09-14,0.1482305777498125,95.93804672725778,MODIS/061/MCD43A3,2007_09_14
2007-09-15,0.148492398215461,95.69351625846967,MODIS/061/MCD43A3,2007_09_15
2007-09-16,0.14866519024120356,95.82802723948771,MODIS/061/MCD43A3,2007_09_16
2007-09-17,0.14911246823718466,96.15293592754708,MODIS/061/MCD43A3,2007_09_17
2007-09-18,0.14918098047085124,96.20796556340999,MODIS/061/MCD43A3,2007_09_18
2007-09-19,0.14918137854888233,95.71615213726847,MODIS/061/MCD43A3,2007_09_19
2007-09-20,0.14958173510333783,95.38227772496546,MODIS/061/MCD43A3,2007_09_20
2007-09-21,0.150152188579366,95.24085631797149,MODIS/061/MCD43A3,2007_09_21
2007-09-22,0.1506937134845875,94.77751894029241,MODIS/061/MCD43A3,2007_09_22
2007-09-23,0.15076251483567754,94.10071388411168,MODIS/061/MCD43A3,2007_09_23
2007-09-24,0.15129992400808062,93.29678564387453,MODIS/061/MCD43A3,2007_09_24
2007-09-25,0.15142501756595886,92.44250022320144,MODIS/061/MCD43A3,2007_09_25
2007-09-26,0.15148372683030062,90.78697676646874,MODIS/061/MCD43A3,2007_09_26
2007-09-27,0.15188595856335227,88.87507437765402,MODIS/061/MCD43A3,2007_09_27
2007-09-28,0.152036512768764,87.86162812666211,MODIS/061/MCD43A3,2007_09_28
2007-09-29,0.1521605962365874,87.02665899875444,MODIS/061/MCD43A3,2007_09_29
2007-09-30,0.1530688716935324,83.12322366407403,MODIS/061/MCD43A3,2007_09_30
2007-10-01,0.15462325188418574,75.91528449793951,MODIS/061/MCD43A3,2007_10_01
2007-10-02,0.15566791494083349,68.31525433417805,MODIS/061/MCD43A3,2007_10_02
2007-10-03,0.15573169978195003,61.85430284240159,MODIS/061/MCD43A3,2007_10_03
2007-10-04,0.1562332714176375,59.88710554277602,MODIS/061/MCD43A3,2007_10_04
2007-10-05,0.15634515083675016,56.76913052328257,MODIS/061/MCD43A3,2007_10_05
2007-10-06,0.15647150925848782,58.20941922652544,MODIS/061/MCD43A3,2007_10_06
2007-10-07,0.15594419584143354,61.88157118879318,MODIS/061/MCD43A3,2007_10_07
2007-10-08,0.15649114977519313,64.065871929923,MODIS/061/MCD43A3,2007_10_08
2007-10-09,0.1566211576308428,64.13653279630135,MODIS/061/MCD43A3,2007_10_09
2007-10-10,0.1564605914884614,66.80791134309244,MODIS/061/MCD43A3,2007_10_10
2007-10-11,0.15603407313380302,68.4877629179684,MODIS/061/MCD43A3,2007_10_11
2007-10-12,0.1563055802211574,68.57343995135255,MODIS/061/MCD43A3,2007_10_12
2007-10-13,0.15603544783315654,68.25409906425287,MODIS/061/MCD43A3,2007_10_13
2007-10-14,0.15627678585692428,67.77009210943342,MODIS/061/MCD43A3,2007_10_14
2007-10-15,0.15635520841562708,67.76919613534011,MODIS/061/MCD43A3,2007_10_15
2007-10-16,0.15678931010945724,67.23957412289771,MODIS/061/MCD43A3,2007_10_16
2007-10-17,0.1569218240333334,66.77378321601222,MODIS/061/MCD43A3,2007_10_17
2007-10-18,0.1568287770413553,65.59349808778252,MODIS/061/MCD43A3,2007_10_18
2007-10-19,0.15622191068019622,64.84267529383072,MODIS/061/MCD43A3,2007_10_19
2007-10-20,0.15847904089530146,53.434643408209034,MODIS/061/MCD43A3,2007_10_20
2007-10-21,0.1574844222008021,56.29558676771929,MODIS/061/MCD43A3,2007_10_21
2007-10-22,0.15833729242912142,55.88474708606628,MODIS/061/MCD43A3,2007_10_22
2007-10-23,0.15920251586793568,52.575684010582144,MODIS/061/MCD43A3,2007_10_23
2007-10-24,0.15924086968161305,50.57316508689027,MODIS/061/MCD43A3,2007_10_24
2007-10-25,0.16018777273896806,50.01744691040414,MODIS/061/MCD43A3,2007_10_25
2007-10-26,0.16122600824495378,48.059696746545946,MODIS/061/MCD43A3,2007_10_26
2007-10-27,0.16126129942588574,45.50086193446416,MODIS/061/MCD43A3,2007_10_27
2007-10-28,0.1613827033614105,46.22577675069921,MODIS/061/MCD43A3,2007_10_28
2007-10-29,0.1619385958705283,47.60169746907153,MODIS/061/MCD43A3,2007_10_29
2007-10-30,0.16063708766260062,50.426609354681204,MODIS/061/MCD43A3,2007_10_30
2007-10-31,0.1599870396345604,52.482226079074145,MODIS/061/MCD43A3,2007_10_31
2007-11-01,0.16068759531717566,51.83015580343579,MODIS/061/MCD43A3,2007_11_01
2007-11-02,0.16117110401419643,51.98137938111414,MODIS/061/MCD43A3,2007_11_02
2007-11-03,0.16057758962041904,52.411520694347864,MODIS/061/MCD43A3,2007_11_03
2007-11-04,0.16125061251618694,51.582936581910545,MODIS/061/MCD43A3,2007_11_04
2007-11-05,0.16089467485964087,49.416391330765855,MODIS/061/MCD43A3,2007_11_05
2007-11-06,0.16297324480881237,46.553688776870736,MODIS/061/MCD43A3,2007_11_06
2007-11-07,0.16318055600923895,42.37092054483387,MODIS/061/MCD43A3,2007_11_07
2007-11-08,0.16386309826237036,36.93627302893127,MODIS/061/MCD43A3,2007_11_08
2007-11-09,0.1665876310649975,27.084544162212318,MODIS/061/MCD43A3,2007_11_09
2007-11-10,0.1633118305474079,17.063664261683762,MODIS/061/MCD43A3,2007_11_10
2007-11-11,0.1619596213681388,9.211283506543861,MODIS/061/MCD43A3,2007_11_11
2007-11-12,0.16263007611774763,6.996475405244417,MODIS/061/MCD43A3,2007_11_12
2007-11-13,0.1600696219852552,6.575013971775436,MODIS/061/MCD43A3,2007_11_13
2007-11-14,0.1584934158130165,3.1653917850268134,MODIS/061/MCD43A3,2007_11_14
2007-11-15,0.16111623407463635,0.8217724983191337,MODIS/061/MCD43A3,2007_11_15
2007-11-16,0.19433341743192098,0.057113994942260105,MODIS/061/MCD43A3,2007_11_16
2007-11-17,0.19252660936893734,0.10922644927379739,MODIS/061/MCD43A3,2007_11_17
2007-11-18,0.18277432775767816,0.07115031264451659,MODIS/061/MCD43A3,2007_11_18
2007-11-19,0.18304190028545114,0.07115031264451659,MODIS/061/MCD43A3,2007_11_19
2007-11-20,0.17872366862441144,0.061631138733615684,MODIS/061/MCD43A3,2007_11_20
2007-11-21,0.19483456737644703,0.05711473276987853,MODIS/061/MCD43A3,2007_11_21
2007-11-22,0.15825438816057882,0.2412210254842101,MODIS/061/MCD43A3,2007_11_22
2007-11-23,0.15914037013584562,0.25073997008636645,MODIS/061/MCD43A3,2007_11_23
2007-11-24,0.29000130687615877,0.01903821772176282,MODIS/061/MCD43A3,2007_11_24
2007-11-25,0.4635000103435174,0.019039195551279666,MODIS/061/MCD43A3,2007_11_25
2007-11-26,0.4635000098130806,0.019039195551279666,MODIS/061/MCD43A3,2007_11_26
2007-11-27,0.4366673201380009,0.028558449066770648,MODIS/061/MCD43A3,2007_11_27
2007-11-28,0.4366673197843722,0.028558449066770648,MODIS/061/MCD43A3,2007_11_28
2007-11-29,0.4360006569590848,0.028558449066770648,MODIS/061/MCD43A3,2007_11_29
2007-11-30,0.4203339779324255,0.08567523611032431,MODIS/061/MCD43A3,2007_11_30
2007-12-01,0.37161360189458215,0.2951020808037034,MODIS/061/MCD43A3,2007_12_01
2007-12-02,0.3791207693408718,0.23798551415793273,MODIS/061/MCD43A3,2007_12_02
2007-12-03,0.3720001822211698,0.1903881404331143,MODIS/061/MCD43A3,2007_12_03
2007-12-04,0.3970909705938772,0.209427126873829,MODIS/061/MCD43A3,2007_12_04
2007-12-05,0.36537886767486133,0.35221969775481177,MODIS/061/MCD43A3,2007_12_05
2007-12-06,0.3573099538354946,0.3998157966180609,MODIS/061/MCD43A3,2007_12_06
2007-12-07,0.42474400168668147,0.81866864243379,MODIS/061/MCD43A3,2007_12_07
2007-12-08,0.38622736749175024,1.4651350523887274,MODIS/061/MCD43A3,2007_12_08
2007-12-09,0.3855150270221149,1.4275052192079154,MODIS/061/MCD43A3,2007_12_09
2007-12-10,0.4137592923293371,2.274363260414175,MODIS/061/MCD43A3,2007_12_10
2007-12-11,0.44082241033368785,2.2836619739791026,MODIS/061/MCD43A3,2007_12_11
2007-12-12,0.4371349959520709,2.1884667327114564,MODIS/061/MCD43A3,2007_12_12
2007-12-13,0.4320894268099294,2.083752116607863,MODIS/061/MCD43A3,2007_12_13
2007-12-14,0.44421177367238696,2.064716707414555,MODIS/061/MCD43A3,2007_12_14
2007-12-15,0.4348114310904945,2.207056076177377,MODIS/061/MCD43A3,2007_12_15
2007-12-16,0.44385088471967,2.064259712506207,MODIS/061/MCD43A3,2007_12_16
2007-12-17,0.4495563552252309,2.111857080955581,MODIS/061/MCD43A3,2007_12_17
2007-12-18,0.4439425460528935,2.2164971439507406,MODIS/061/MCD43A3,2007_12_18
2007-12-19,0.4193099607768011,2.7717182616477936,MODIS/061/MCD43A3,2007_12_19
2007-12-20,0.4248235752663365,3.06432270736467,MODIS/061/MCD43A3,2007_12_20
2007-12-21,0.4445197561751618,2.3217407689378997,MODIS/061/MCD43A3,2007_12_21
2007-12-22,0.4664432349026314,2.3120832419868713,MODIS/061/MCD43A3,2007_12_22
2007-12-23,0.4716835056238893,2.264716602582052,MODIS/061/MCD43A3,2007_12_23
2007-12-24,0.4819441758293682,3.105675589637849,MODIS/061/MCD43A3,2007_12_24
2007-12-25,0.4693057381531213,3.5817237323955093,MODIS/061/MCD43A3,2007_12_25
2007-12-26,0.45225524266833955,4.115114906057045,MODIS/061/MCD43A3,2007_12_26
2007-12-27,0.464708946576705,3.9105049665555223,MODIS/061/MCD43A3,2007_12_27
2007-12-28,0.4498297108199864,4.148487166113409,MODIS/061/MCD43A3,2007_12_28
2007-12-29,0.45489965413902367,4.053293103488748,MODIS/061/MCD43A3,2007_12_29
2007-12-30,0.4532317986818552,3.9961768663545487,MODIS/061/MCD43A3,2007_12_30
2007-12-31,0.45006823423703113,4.1389667053100325,MODIS/061/MCD43A3,2007_12_31
2008-01-01,0.45046124093733053,4.081854147870722,MODIS/061/MCD43A3,2008_01_01
2008-01-02,0.45137502001255,4.154424111168738,MODIS/061/MCD43A3,2008_01_02
2008-01-03,0.4589021953721533,4.344814034680316,MODIS/061/MCD43A3,2008_01_03
2008-01-04,0.46404624490409974,4.282457498299567,MODIS/061/MCD43A3,2008_01_04
2008-01-05,0.47607010435667924,3.5775350878677656,MODIS/061/MCD43A3,2008_01_05
2008-01-06,0.47691957280879066,3.2156247337820103,MODIS/061/MCD43A3,2008_01_06
2008-01-07,0.48379538602803906,3.756834096579461,MODIS/061/MCD43A3,2008_01_07
2008-01-08,0.46386040029397424,3.791625704239055,MODIS/061/MCD43A3,2008_01_08
2008-01-09,0.5060699218043002,1.836630987115034,MODIS/061/MCD43A3,2008_01_09
2008-01-10,0.5024900728477651,0.9709713396293543,MODIS/061/MCD43A3,2008_01_10
2008-01-11,0.5657434169266005,0.3331753065188697,MODIS/061/MCD43A3,2008_01_11
2008-01-12,0.5131153603053764,1.5320087277937644,MODIS/061/MCD43A3,2008_01_12
2008-01-13,0.5121530958785315,2.8964012331402373,MODIS/061/MCD43A3,2008_01_13
2008-01-14,0.4892891454075768,4.186883071227248,MODIS/061/MCD43A3,2008_01_14
2008-01-15,0.49460086491589905,4.104006089570388,MODIS/061/MCD43A3,2008_01_15
2008-01-16,0.4847156686098398,4.008034478132977,MODIS/061/MCD43A3,2008_01_16
2008-01-17,0.4922144820163971,4.261611991202568,MODIS/061/MCD43A3,2008_01_17
2008-01-18,0.4965130281848281,4.49358325707469,MODIS/061/MCD43A3,2008_01_18
2008-01-19,0.4734509360591979,5.342408080703183,MODIS/061/MCD43A3,2008_01_19
2008-01-20,0.47889438300291853,5.199621514028107,MODIS/061/MCD43A3,2008_01_20
2008-01-21,0.4662435677350239,5.000237750420624,MODIS/061/MCD43A3,2008_01_21
2008-01-22,0.4687544455733988,4.780773694588771,MODIS/061/MCD43A3,2008_01_22
2008-01-23,0.4613168581231363,4.6252120501913945,MODIS/061/MCD43A3,2008_01_23
2008-01-24,0.4681758656698378,5.106443875579893,MODIS/061/MCD43A3,2008_01_24
2008-01-25,0.4663395529384489,5.268271771057832,MODIS/061/MCD43A3,2008_01_25
2008-01-26,0.46739931550933306,5.52611629166646,MODIS/061/MCD43A3,2008_01_26
2008-01-27,0.4673163351176053,5.803706229713132,MODIS/061/MCD43A3,2008_01_27
2008-01-28,0.47532873741447157,5.62582889349199,MODIS/061/MCD43A3,2008_01_28
2008-01-29,0.47852494315168354,6.0054188976246925,MODIS/061/MCD43A3,2008_01_29
2008-01-30,0.4817919494713656,6.007378028240887,MODIS/061/MCD43A3,2008_01_30
2008-01-31,0.4842462909338387,7.415798997583999,MODIS/061/MCD43A3,2008_01_31
2008-02-01,0.48559915965199474,7.551673604115191,MODIS/061/MCD43A3,2008_02_01
2008-02-02,0.4931571515178028,7.95389150976781,MODIS/061/MCD43A3,2008_02_02
2008-02-03,0.49606865746410966,8.88887764545401,MODIS/061/MCD43A3,2008_02_03
2008-02-04,0.49965983765913796,8.825186204557276,MODIS/061/MCD43A3,2008_02_04
2008-02-05,0.5009030213567747,9.29745507269549,MODIS/061/MCD43A3,2008_02_05
2008-02-06,0.5043850814076087,9.1724810684048,MODIS/061/MCD43A3,2008_02_06
2008-02-07,0.5069254779870761,9.665318910135491,MODIS/061/MCD43A3,2008_02_07
2008-02-08,0.511016159477894,9.723435232635786,MODIS/061/MCD43A3,2008_02_08
2008-02-09,0.5217228787063788,8.100135447932933,MODIS/061/MCD43A3,2008_02_09
2008-02-10,0.5137927980319743,9.028186806169845,MODIS/061/MCD43A3,2008_02_10
2008-02-11,0.5167070217836208,9.169191075412401,MODIS/061/MCD43A3,2008_02_11
2008-02-12,0.5146610488483904,10.075952351119891,MODIS/061/MCD43A3,2008_02_12
2008-02-13,0.5183061580928714,9.318838876935171,MODIS/061/MCD43A3,2008_02_13
2008-02-14,0.5140544556936507,8.50897162821116,MODIS/061/MCD43A3,2008_02_14
2008-02-15,0.5284005520631117,6.866522613620572,MODIS/061/MCD43A3,2008_02_15
2008-02-16,0.5253554818851512,4.925685718963733,MODIS/061/MCD43A3,2008_02_16
2008-02-17,0.5579654871760875,4.880364694030577,MODIS/061/MCD43A3,2008_02_17
2008-02-18,0.575411784187068,5.986556018617896,MODIS/061/MCD43A3,2008_02_18
2008-02-19,0.587667430655149,5.401130499358465,MODIS/061/MCD43A3,2008_02_19
2008-02-20,0.5943562725649547,4.914636540871341,MODIS/061/MCD43A3,2008_02_20
2008-02-21,0.5674076935171622,3.1252174652469855,MODIS/061/MCD43A3,2008_02_21
2008-02-22,0.528129215998082,3.274934404221544,MODIS/061/MCD43A3,2008_02_22
2008-02-23,0.5281362571665325,3.2810966511846926,MODIS/061/MCD43A3,2008_02_23
2008-02-24,0.5257016365298777,3.588253282053143,MODIS/061/MCD43A3,2008_02_24
2008-02-25,0.5324995637823273,4.1117145538395095,MODIS/061/MCD43A3,2008_02_25
2008-02-26,0.5093754274703681,4.604522885520414,MODIS/061/MCD43A3,2008_02_26
2008-02-27,0.5104207463433967,4.6330508000974655,MODIS/061/MCD43A3,2008_02_27
2008-02-28,0.5141831789986095,4.089196587145296,MODIS/061/MCD43A3,2008_02_28
2008-02-29,0.5196419169114538,5.87374251961681,MODIS/061/MCD43A3,2008_02_29
2008-03-01,0.5183017492605743,5.957775213649648,MODIS/061/MCD43A3,2008_03_01
2008-03-02,0.520410890699174,6.57352624570117,MODIS/061/MCD43A3,2008_03_02
2008-03-03,0.5260466896781596,9.346065402323784,MODIS/061/MCD43A3,2008_03_03
2008-03-04,0.51706237746,11.710727278483066,MODIS/061/MCD43A3,2008_03_04
2008-03-05,0.5326142770262997,15.38276876059542,MODIS/061/MCD43A3,2008_03_05
2008-03-06,0.5306857783626068,14.761009617044774,MODIS/061/MCD43A3,2008_03_06
2008-03-07,0.5274054744706829,14.979098842105225,MODIS/061/MCD43A3,2008_03_07
2008-03-08,0.525891872992931,15.429904093889535,MODIS/061/MCD43A3,2008_03_08
2008-03-09,0.5279030383460209,11.9201705502542,MODIS/061/MCD43A3,2008_03_09
2008-03-10,0.5279729203033868,12.187804064869159,MODIS/061/MCD43A3,2008_03_10
2008-03-11,0.5308677956140658,12.162271459649801,MODIS/061/MCD43A3,2008_03_11
2008-03-12,0.5391124716573475,13.18542788596877,MODIS/061/MCD43A3,2008_03_12
2008-03-13,0.5557495292663897,6.0763431153557885,MODIS/061/MCD43A3,2008_03_13
2008-03-14,0.5518859660654284,9.104415164505447,MODIS/061/MCD43A3,2008_03_14
2008-03-15,0.5229128981331704,9.860724722018844,MODIS/061/MCD43A3,2008_03_15
2008-03-16,0.5362941765228169,5.0275777153968875,MODIS/061/MCD43A3,2008_03_16
2008-03-17,0.5236635937309055,8.709326725045733,MODIS/061/MCD43A3,2008_03_17
2008-03-18,0.5260986952412999,6.293241836279412,MODIS/061/MCD43A3,2008_03_18
2008-03-19,0.5029778058382001,4.0161892882512795,MODIS/061/MCD43A3,2008_03_19
2008-03-20,0.48667466282686445,1.6006072830974962,MODIS/061/MCD43A3,2008_03_20
2008-03-21,0.47316774606255096,1.7874877926123518,MODIS/061/MCD43A3,2008_03_21
2008-03-22,0.46495894148547257,4.034497983390496,MODIS/061/MCD43A3,2008_03_22
2008-03-23,0.44979224278022967,6.355792777526371,MODIS/061/MCD43A3,2008_03_23
2008-03-24,0.43237673000525,8.077092593180128,MODIS/061/MCD43A3,2008_03_24
2008-03-25,0.4273145490455116,8.772610150016282,MODIS/061/MCD43A3,2008_03_25
2008-03-26,0.419109839957421,11.36952351539509,MODIS/061/MCD43A3,2008_03_26
2008-03-27,0.3606988086887353,17.094921237225673,MODIS/061/MCD43A3,2008_03_27
2008-03-28,0.3607036578417143,17.01350667980259,MODIS/061/MCD43A3,2008_03_28
2008-03-29,0.3470397802557776,15.817274567209397,MODIS/061/MCD43A3,2008_03_29
2008-03-30,0.3538680130112001,16.14817657127787,MODIS/061/MCD43A3,2008_03_30
2008-03-31,0.31985019596132225,12.566432773027508,MODIS/061/MCD43A3,2008_03_31
2008-04-01,0.3043246928393333,12.38298911175493,MODIS/061/MCD43A3,2008_04_01
2008-04-02,0.2817147119245952,10.771167003836457,MODIS/061/MCD43A3,2008_04_02
2008-04-03,0.2964776902067915,13.241197970189912,MODIS/061/MCD43A3,2008_04_03
2008-04-04,0.2967382512909965,11.787579832522459,MODIS/061/MCD43A3,2008_04_04
2008-04-05,0.3064542748870784,11.270449035137977,MODIS/061/MCD43A3,2008_04_05
2008-04-06,0.31263044111156674,11.510912956962935,MODIS/061/MCD43A3,2008_04_06
2008-04-07,0.29477177770415125,9.12959524170706,MODIS/061/MCD43A3,2008_04_07
2008-04-08,0.2880242040057529,6.050196843350972,MODIS/061/MCD43A3,2008_04_08
2008-04-09,0.3348002935486739,3.3224517851860487,MODIS/061/MCD43A3,2008_04_09
2008-04-10,0.39042480942583396,2.791575309397837,MODIS/061/MCD43A3,2008_04_10
2008-04-11,0.4564166974315075,4.0334146472112655,MODIS/061/MCD43A3,2008_04_11
2008-04-12,0.5641719808948106,10.483134713510573,MODIS/061/MCD43A3,2008_04_12
2008-04-13,0.5452863295112413,10.751444963406524,MODIS/061/MCD43A3,2008_04_13
2008-04-14,0.5038153782047226,11.973462985846131,MODIS/061/MCD43A3,2008_04_14
2008-04-15,0.505171402923236,12.363096785305862,MODIS/061/MCD43A3,2008_04_15
2008-04-16,0.5029359858279961,12.307618405500174,MODIS/061/MCD43A3,2008_04_16
2008-04-17,0.5346684050894112,8.97003827924235,MODIS/061/MCD43A3,2008_04_17
2008-04-18,0.4739863372411686,11.15144601283481,MODIS/061/MCD43A3,2008_04_18
2008-04-19,0.39828122115119424,7.2067252698482065,MODIS/061/MCD43A3,2008_04_19
2008-04-20,0.3074275279467035,10.602987060810252,MODIS/061/MCD43A3,2008_04_20
2008-04-21,0.29515088343427665,10.101328382081434,MODIS/061/MCD43A3,2008_04_21
2008-04-22,0.23356857383343446,13.810856638278727,MODIS/061/MCD43A3,2008_04_22
2008-04-23,0.23344905766495075,13.836837925648792,MODIS/061/MCD43A3,2008_04_23
2008-04-24,0.22712465738513865,13.496686955061072,MODIS/061/MCD43A3,2008_04_24
2008-04-25,0.22732487822778696,13.710416709359981,MODIS/061/MCD43A3,2008_04_25
2008-04-26,0.1991734324854594,17.053149974864265,MODIS/061/MCD43A3,2008_04_26
2008-04-27,0.22515715636361558,16.534481633917018,MODIS/061/MCD43A3,2008_04_27
2008-04-28,0.25542506327911807,5.731106660589647,MODIS/061/MCD43A3,2008_04_28
2008-04-29,0.25011529725422865,6.714489782051559,MODIS/061/MCD43A3,2008_04_29
2008-04-30,0.17048978351512048,20.649504599574662,MODIS/061/MCD43A3,2008_04_30
2008-05-01,0.17000027619092625,20.67294671941231,MODIS/061/MCD43A3,2008_05_01
2008-05-02,0.16904083125770666,20.62534739616958,MODIS/061/MCD43A3,2008_05_02
2008-05-03,0.16854413628982834,22.616923967654603,MODIS/061/MCD43A3,2008_05_03
2008-05-04,0.17273398755359876,25.784010325533885,MODIS/061/MCD43A3,2008_05_04
2008-05-05,0.15748624747831294,21.615150998089913,MODIS/061/MCD43A3,2008_05_05
2008-05-06,0.15718697580073313,21.57167465541517,MODIS/061/MCD43A3,2008_05_06
2008-05-07,0.1601280228185342,26.189811554240617,MODIS/061/MCD43A3,2008_05_07
2008-05-08,0.158074131528775,27.891470730598183,MODIS/061/MCD43A3,2008_05_08
2008-05-09,0.15765945462437006,27.929807516507548,MODIS/061/MCD43A3,2008_05_09
2008-05-10,0.15885797940067556,32.42965724357271,MODIS/061/MCD43A3,2008_05_10
2008-05-11,0.16228581682297613,36.885906603211716,MODIS/061/MCD43A3,2008_05_11
2008-05-12,0.15982032609280677,39.073388680561855,MODIS/061/MCD43A3,2008_05_12
2008-05-13,0.16487812441755212,42.76519152657774,MODIS/061/MCD43A3,2008_05_13
2008-05-14,0.16559985484205939,44.905952013940805,MODIS/061/MCD43A3,2008_05_14
2008-05-15,0.16596279958615098,45.01073161850151,MODIS/061/MCD43A3,2008_05_15
2008-05-16,0.15893658375562975,35.35207735723023,MODIS/061/MCD43A3,2008_05_16
2008-05-17,0.15849358161113952,35.44510866592031,MODIS/061/MCD43A3,2008_05_17
2008-05-18,0.15821799572595782,35.69306874092768,MODIS/061/MCD43A3,2008_05_18
2008-05-19,0.15632515876499234,34.32855503799639,MODIS/061/MCD43A3,2008_05_19
2008-05-20,0.15238384932509197,31.131948743064424,MODIS/061/MCD43A3,2008_05_20
2008-05-21,0.15242560849592635,31.15542764380684,MODIS/061/MCD43A3,2008_05_21
2008-05-22,0.1532869581799998,35.00565583778872,MODIS/061/MCD43A3,2008_05_22
2008-05-23,0.14452938353055247,42.6661870307044,MODIS/061/MCD43A3,2008_05_23
2008-05-24,0.1436201762157434,40.48816318821673,MODIS/061/MCD43A3,2008_05_24
2008-05-25,0.14519701753218747,42.708902733452454,MODIS/061/MCD43A3,2008_05_25
2008-05-26,0.1445401686681997,38.25602470579952,MODIS/061/MCD43A3,2008_05_26
2008-05-27,0.1446846113864946,40.606123992748536,MODIS/061/MCD43A3,2008_05_27
2008-05-28,0.14211555204758697,42.917612302100764,MODIS/061/MCD43A3,2008_05_28
2008-05-29,0.1430854839428882,48.23960410946462,MODIS/061/MCD43A3,2008_05_29
2008-05-30,0.1439750347874543,50.83438291088044,MODIS/061/MCD43A3,2008_05_30
2008-05-31,0.1477754613019016,55.47304284407384,MODIS/061/MCD43A3,2008_05_31
2008-06-01,0.15614235997252493,67.64558925418278,MODIS/061/MCD43A3,2008_06_01
2008-06-02,0.16017868167600077,72.75612153932113,MODIS/061/MCD43A3,2008_06_02
2008-06-03,0.16075877205171418,73.61389793925387,MODIS/061/MCD43A3,2008_06_03
2008-06-04,0.16401257559583404,77.27254422263641,MODIS/061/MCD43A3,2008_06_04
2008-06-05,0.1661873405805347,80.78312805783803,MODIS/061/MCD43A3,2008_06_05
2008-06-06,0.16570837180433176,82.8127530476813,MODIS/061/MCD43A3,2008_06_06
2008-06-07,0.16661318915737244,85.84770029213274,MODIS/061/MCD43A3,2008_06_07
2008-06-08,0.16437807986384798,83.40103726408319,MODIS/061/MCD43A3,2008_06_08
2008-06-09,0.16413928961057,83.89572401247705,MODIS/061/MCD43A3,2008_06_09
2008-06-10,0.16328263846467553,83.492698422796,MODIS/061/MCD43A3,2008_06_10
2008-06-11,0.16265273521522097,83.04373608485216,MODIS/061/MCD43A3,2008_06_11
2008-06-12,0.16175471230601093,84.25048888029212,MODIS/061/MCD43A3,2008_06_12
2008-06-13,0.15910633778612648,84.46463134646797,MODIS/061/MCD43A3,2008_06_13
2008-06-14,0.15807582481548713,84.36181247972334,MODIS/061/MCD43A3,2008_06_14
2008-06-15,0.15790448035599886,85.47091130974398,MODIS/061/MCD43A3,2008_06_15
2008-06-16,0.1573539114663678,84.3098026671142,MODIS/061/MCD43A3,2008_06_16
2008-06-17,0.14881073622291668,73.16038447732683,MODIS/061/MCD43A3,2008_06_17
2008-06-18,0.14770425096826953,70.32713514487132,MODIS/061/MCD43A3,2008_06_18
2008-06-19,0.14850120086643573,75.13682941204333,MODIS/061/MCD43A3,2008_06_19
2008-06-20,0.1475163085828999,75.22566213004464,MODIS/061/MCD43A3,2008_06_20
2008-06-21,0.14644283078871906,72.80590178524692,MODIS/061/MCD43A3,2008_06_21
2008-06-22,0.147193055368658,77.09419138418737,MODIS/061/MCD43A3,2008_06_22
2008-06-23,0.146413794701,78.77989355300595,MODIS/061/MCD43A3,2008_06_23
2008-06-24,0.1472510165740289,85.69901440100078,MODIS/061/MCD43A3,2008_06_24
2008-06-25,0.14690460028744978,84.86138832495652,MODIS/061/MCD43A3,2008_06_25
2008-06-26,0.14801343363279545,87.43431325238006,MODIS/061/MCD43A3,2008_06_26
2008-06-27,0.14830137749873898,87.66625443616824,MODIS/061/MCD43A3,2008_06_27
2008-06-28,0.1484236862343861,89.43191316833092,MODIS/061/MCD43A3,2008_06_28
2008-06-29,0.14828324285917704,89.47718573869359,MODIS/061/MCD43A3,2008_06_29
2008-06-30,0.14795109439832801,91.02925020163978,MODIS/061/MCD43A3,2008_06_30
2008-07-01,0.14777211934896317,90.43058536021945,MODIS/061/MCD43A3,2008_07_01
2008-07-02,0.14778048563331228,91.32649551763957,MODIS/061/MCD43A3,2008_07_02
2008-07-03,0.1479957749098618,93.70485083209714,MODIS/061/MCD43A3,2008_07_03
2008-07-04,0.14803025317689214,94.77069879124117,MODIS/061/MCD43A3,2008_07_04
2008-07-05,0.1474814223723795,95.34214583153522,MODIS/061/MCD43A3,2008_07_05
2008-07-06,0.14738276382084564,94.93294108072682,MODIS/061/MCD43A3,2008_07_06
2008-07-07,0.14727139836281183,94.96900336877847,MODIS/061/MCD43A3,2008_07_07
2008-07-08,0.14672754918743283,93.46978970634301,MODIS/061/MCD43A3,2008_07_08
2008-07-09,0.146596427729348,93.26452752122927,MODIS/061/MCD43A3,2008_07_09
2008-07-10,0.14599823450056001,91.82954158192943,MODIS/061/MCD43A3,2008_07_10
2008-07-11,0.14593408381569906,91.7793645737107,MODIS/061/MCD43A3,2008_07_11
2008-07-12,0.1452781935410748,89.54221087759139,MODIS/061/MCD43A3,2008_07_12
2008-07-13,0.1448064795091061,88.76809273508445,MODIS/061/MCD43A3,2008_07_13
2008-07-14,0.14406699380768956,85.49619084726349,MODIS/061/MCD43A3,2008_07_14
2008-07-15,0.14348999573823903,85.53139992986598,MODIS/061/MCD43A3,2008_07_15
2008-07-16,0.1432989593425826,80.1822250282243,MODIS/061/MCD43A3,2008_07_16
2008-07-17,0.14296280321621938,79.31639442025246,MODIS/061/MCD43A3,2008_07_17
2008-07-18,0.14287027867748664,76.80635663837431,MODIS/061/MCD43A3,2008_07_18
2008-07-19,0.14443913054282057,49.78240542584845,MODIS/061/MCD43A3,2008_07_19
2008-07-20,0.14408610672908334,48.0849900962331,MODIS/061/MCD43A3,2008_07_20
2008-07-21,0.141721766120601,48.71796371851865,MODIS/061/MCD43A3,2008_07_21
2008-07-22,0.1406378193845295,54.867488169358914,MODIS/061/MCD43A3,2008_07_22
2008-07-23,0.13966390788931807,61.45977001223471,MODIS/061/MCD43A3,2008_07_23
2008-07-24,0.13831279908159375,79.62887708202175,MODIS/061/MCD43A3,2008_07_24
2008-07-25,0.1381466467983435,74.33374198737755,MODIS/061/MCD43A3,2008_07_25
2008-07-26,0.13867071867602793,84.79323587857874,MODIS/061/MCD43A3,2008_07_26
2008-07-27,0.13898571454673775,86.9560265670723,MODIS/061/MCD43A3,2008_07_27
2008-07-28,0.13884576365047924,92.90825849621395,MODIS/061/MCD43A3,2008_07_28
2008-07-29,0.1389914727459739,94.1902538252192,MODIS/061/MCD43A3,2008_07_29
2008-07-30,0.139062406966944,94.83786517683701,MODIS/061/MCD43A3,2008_07_30
2008-07-31,0.1392197575849422,95.38246698898033,MODIS/061/MCD43A3,2008_07_31
2008-08-01,0.1396051272544527,93.71059861884932,MODIS/061/MCD43A3,2008_08_01
2008-08-02,0.14006509524582136,97.24866861624959,MODIS/061/MCD43A3,2008_08_02
2008-08-03,0.14035305198003803,97.14753337098757,MODIS/061/MCD43A3,2008_08_03
2008-08-04,0.1406937209125153,98.28816764569379,MODIS/061/MCD43A3,2008_08_04
2008-08-05,0.1409568307144889,98.34342103628036,MODIS/061/MCD43A3,2008_08_05
2008-08-06,0.14131125047386706,98.58985620628305,MODIS/061/MCD43A3,2008_08_06
2008-08-07,0.14167246782144596,98.52788363306055,MODIS/061/MCD43A3,2008_08_07
2008-08-08,0.14190866533367305,98.58526487058924,MODIS/061/MCD43A3,2008_08_08
2008-08-09,0.14249349670912936,98.40330374935499,MODIS/061/MCD43A3,2008_08_09
2008-08-10,0.1426398171868264,97.98443292477127,MODIS/061/MCD43A3,2008_08_10
2008-08-11,0.1429155732448754,98.55248564196805,MODIS/061/MCD43A3,2008_08_11
2008-08-12,0.14302589293635495,98.64365331148053,MODIS/061/MCD43A3,2008_08_12
2008-08-13,0.14309335840336085,98.8224037610975,MODIS/061/MCD43A3,2008_08_13
2008-08-14,0.1432576924270429,98.70417000137496,MODIS/061/MCD43A3,2008_08_14
2008-08-15,0.14361687619393818,97.73188348831891,MODIS/061/MCD43A3,2008_08_15
2008-08-16,0.1432848398722924,98.39217809042856,MODIS/061/MCD43A3,2008_08_16
2008-08-17,0.14342073433657967,97.08408819810349,MODIS/061/MCD43A3,2008_08_17
2008-08-18,0.14348033471508112,97.98480028828412,MODIS/061/MCD43A3,2008_08_18
2008-08-19,0.14341772229143968,97.84756317447162,MODIS/061/MCD43A3,2008_08_19
2008-08-20,0.1433431750510494,97.66007857329346,MODIS/061/MCD43A3,2008_08_20
2008-08-21,0.14327269395629322,97.59108975312327,MODIS/061/MCD43A3,2008_08_21
2008-08-22,0.14355197583033677,96.07552986650677,MODIS/061/MCD43A3,2008_08_22
2008-08-23,0.14353925407569834,95.90846371048755,MODIS/061/MCD43A3,2008_08_23
2008-08-24,0.14334860400134655,93.83362952940801,MODIS/061/MCD43A3,2008_08_24
2008-08-25,0.14375519159843758,96.62345758031655,MODIS/061/MCD43A3,2008_08_25
2008-08-26,0.14398613295609766,95.76063308058731,MODIS/061/MCD43A3,2008_08_26
2008-08-27,0.14436252008910047,97.08832413028027,MODIS/061/MCD43A3,2008_08_27
2008-08-28,0.14466121531694784,96.23937662982873,MODIS/061/MCD43A3,2008_08_28
2008-08-29,0.14487698955119666,95.11180303850925,MODIS/061/MCD43A3,2008_08_29
2008-08-30,0.1451448540319205,96.25531497712467,MODIS/061/MCD43A3,2008_08_30
2008-08-31,0.1451813821338402,95.05437740858379,MODIS/061/MCD43A3,2008_08_31
2008-09-01,0.14498783914238234,97.19046437121176,MODIS/061/MCD43A3,2008_09_01
2008-09-02,0.14517201174300665,97.39747624181113,MODIS/061/MCD43A3,2008_09_02
2008-09-03,0.1454601603433209,96.63126129377125,MODIS/061/MCD43A3,2008_09_03
2008-09-04,0.14552894353440562,96.8483472298347,MODIS/061/MCD43A3,2008_09_04
2008-09-05,0.14615491127857322,95.60408296269847,MODIS/061/MCD43A3,2008_09_05
2008-09-06,0.14644933651935776,94.85257048320277,MODIS/061/MCD43A3,2008_09_06
2008-09-07,0.14621760848627,95.71716638515653,MODIS/061/MCD43A3,2008_09_07
2008-09-08,0.14642101587773357,95.65575635742523,MODIS/061/MCD43A3,2008_09_08
2008-09-09,0.14655028722014268,95.08722295621803,MODIS/061/MCD43A3,2008_09_09
2008-09-10,0.14687380787330137,94.34704922066993,MODIS/061/MCD43A3,2008_09_10
2008-09-11,0.14729362370785837,92.94211934354152,MODIS/061/MCD43A3,2008_09_11
2008-09-12,0.14832554654764823,93.8241661100359,MODIS/061/MCD43A3,2008_09_12
2008-09-13,0.14851790203947912,93.36220273261284,MODIS/061/MCD43A3,2008_09_13
2008-09-14,0.14788657904652602,94.84674524706197,MODIS/061/MCD43A3,2008_09_14
2008-09-15,0.14802151478674347,94.95590366950175,MODIS/061/MCD43A3,2008_09_15
2008-09-16,0.14817398567786838,94.10201508415912,MODIS/061/MCD43A3,2008_09_16
2008-09-17,0.14813552608807432,94.59161228108952,MODIS/061/MCD43A3,2008_09_17
2008-09-18,0.14842935462780546,92.88236845536683,MODIS/061/MCD43A3,2008_09_18
2008-09-19,0.148693407734337,94.13536544981267,MODIS/061/MCD43A3,2008_09_19
2008-09-20,0.14837480009855017,94.00922090121217,MODIS/061/MCD43A3,2008_09_20
2008-09-21,0.14806553125937721,93.50672083653012,MODIS/061/MCD43A3,2008_09_21
2008-09-22,0.1479350577726092,92.56769874479753,MODIS/061/MCD43A3,2008_09_22
2008-09-23,0.14832863512474032,91.99694839952306,MODIS/061/MCD43A3,2008_09_23
2008-09-24,0.1489515896803998,89.88071983492854,MODIS/061/MCD43A3,2008_09_24
2008-09-25,0.148871168396056,89.3712140679074,MODIS/061/MCD43A3,2008_09_25
2008-09-26,0.14886800761756736,89.72564767196161,MODIS/061/MCD43A3,2008_09_26
2008-09-27,0.14912134100274763,88.10830497927954,MODIS/061/MCD43A3,2008_09_27
2008-09-28,0.14800286571379817,82.31626701668552,MODIS/061/MCD43A3,2008_09_28
2008-09-29,0.14963551722900909,61.672015102549075,MODIS/061/MCD43A3,2008_09_29
2008-09-30,0.14995019373503324,47.345593126332574,MODIS/061/MCD43A3,2008_09_30
2008-10-01,0.15066448149760478,43.72962674201431,MODIS/061/MCD43A3,2008_10_01
2008-10-02,0.1512920770723339,41.483860301927436,MODIS/061/MCD43A3,2008_10_02
2008-10-03,0.14917872161067802,33.877128319019555,MODIS/061/MCD43A3,2008_10_03
2008-10-04,0.1488324993758679,26.485754072001505,MODIS/061/MCD43A3,2008_10_04
2008-10-05,0.14959993919199216,26.219215243239944,MODIS/061/MCD43A3,2008_10_05
2008-10-06,0.1495141119591352,26.352487061208585,MODIS/061/MCD43A3,2008_10_06
2008-10-07,0.14959514027054605,26.37152636004602,MODIS/061/MCD43A3,2008_10_07
2008-10-08,0.1503585972324635,24.991231948431807,MODIS/061/MCD43A3,2008_10_08
2008-10-09,0.1486233907598343,25.40689484699526,MODIS/061/MCD43A3,2008_10_09
2008-10-10,0.14963069089483164,26.64213837950957,MODIS/061/MCD43A3,2008_10_10
2008-10-11,0.15151533617824178,19.85691376160392,MODIS/061/MCD43A3,2008_10_11
2008-10-12,0.150605589203251,19.352236921992866,MODIS/061/MCD43A3,2008_10_12
2008-10-13,0.14810215000986857,21.541951785335687,MODIS/061/MCD43A3,2008_10_13
2008-10-14,0.14509096475993602,15.279545147850087,MODIS/061/MCD43A3,2008_10_14
2008-10-15,0.1453386297990905,14.77224779064851,MODIS/061/MCD43A3,2008_10_15
2008-10-16,0.14356818526817067,5.963745768949288,MODIS/061/MCD43A3,2008_10_16
2008-10-17,0.13636847233899543,2.1762692629623324,MODIS/061/MCD43A3,2008_10_17
2008-10-18,0.13786121875321908,1.8150661756242665,MODIS/061/MCD43A3,2008_10_18
2008-10-19,0.134500568529802,1.9850965600449868,MODIS/061/MCD43A3,2008_10_19
2008-10-20,0.13817310981944592,1.6233645626733282,MODIS/061/MCD43A3,2008_10_20
2008-10-21,0.1393580827754467,1.5948078489934823,MODIS/061/MCD43A3,2008_10_21
2008-10-22,0.14158118237327533,1.6614421029121134,MODIS/061/MCD43A3,2008_10_22
2008-10-23,0.1470702789966637,1.6709617122314286,MODIS/061/MCD43A3,2008_10_23
2008-10-24,0.14304543057381522,1.65192298250847,MODIS/061/MCD43A3,2008_10_24
2008-10-25,0.12441932740921385,0.14140235374069046,MODIS/061/MCD43A3,2008_10_25
2008-10-26,0.098,0.00951888158942699,MODIS/061/MCD43A3,2008_10_26
2008-10-27,0.099,0.00951888158942699,MODIS/061/MCD43A3,2008_10_27
2008-10-28,0.3947018206534959,0.15048028200978827,MODIS/061/MCD43A3,2008_10_28
2008-10-29,0.5022043008210035,0.12184947919315987,MODIS/061/MCD43A3,2008_10_29
2008-10-30,0.5223345922853819,0.10281069956872363,MODIS/061/MCD43A3,2008_10_30
2008-10-31,0.5458765879641588,0.07615630603410903,MODIS/061/MCD43A3,2008_10_31
2008-11-01,0.5458765853509565,0.07615630603410903,MODIS/061/MCD43A3,2008_11_01
2008-11-02,0.5643686948251797,0.18086989367440912,MODIS/061/MCD43A3,2008_11_02
2008-11-03,0.5652502418484912,0.15231139667031815,MODIS/061/MCD43A3,2008_11_03
2008-11-04,0.4834359009017702,0.6187945458551496,MODIS/061/MCD43A3,2008_11_04
2008-11-05,0.4742392241494515,0.7460202982869025,MODIS/061/MCD43A3,2008_11_05
2008-11-06,0.46009597153460857,1.2913523246790592,MODIS/061/MCD43A3,2008_11_06
2008-11-07,0.44775936263105276,2.066718078854376,MODIS/061/MCD43A3,2008_11_07
2008-11-08,0.4204167921369955,3.102236720701321,MODIS/061/MCD43A3,2008_11_08
2008-11-09,0.41251891046014394,3.6776854750116295,MODIS/061/MCD43A3,2008_11_09
2008-11-10,0.4062126235377026,3.637812299578301,MODIS/061/MCD43A3,2008_11_10
2008-11-11,0.41243388437612505,3.9717063469204703,MODIS/061/MCD43A3,2008_11_11
2008-11-12,0.39529539972971567,3.643558497599386,MODIS/061/MCD43A3,2008_11_12
2008-11-13,0.39793074312961557,3.2237410105761377,MODIS/061/MCD43A3,2008_11_13
2008-11-14,0.39553178978767445,3.5896213722778443,MODIS/061/MCD43A3,2008_11_14
2008-11-15,0.3971435183651917,3.4804695147623876,MODIS/061/MCD43A3,2008_11_15
2008-11-16,0.3930134464549077,3.647036096783512,MODIS/061/MCD43A3,2008_11_16
2008-11-17,0.38356750358005115,4.0297861313891765,MODIS/061/MCD43A3,2008_11_17
2008-11-18,0.38274977078701883,3.939300782213778,MODIS/061/MCD43A3,2008_11_18
2008-11-19,0.38375805870410035,4.305255178045652,MODIS/061/MCD43A3,2008_11_19
2008-11-20,0.3822958023753511,4.781405902368826,MODIS/061/MCD43A3,2008_11_20
2008-11-21,0.36835025586704984,4.7857172534479036,MODIS/061/MCD43A3,2008_11_21
2008-11-22,0.3678614784173492,4.776389990555318,MODIS/061/MCD43A3,2008_11_22
2008-11-23,0.3709215160063883,4.697626331790274,MODIS/061/MCD43A3,2008_11_23
2008-11-24,0.37338041000839756,4.480213359397483,MODIS/061/MCD43A3,2008_11_24
2008-11-25,0.35596397289635695,3.9224120614573477,MODIS/061/MCD43A3,2008_11_25
2008-11-26,0.3525842894042631,4.025563378240964,MODIS/061/MCD43A3,2008_11_26
2008-11-27,0.3495498555524377,3.296384268940223,MODIS/061/MCD43A3,2008_11_27
2008-11-28,0.3512242404926996,3.309595094507679,MODIS/061/MCD43A3,2008_11_28
2008-11-29,0.35375810601173346,2.8683890338526807,MODIS/061/MCD43A3,2008_11_29
2008-11-30,0.36527593854961293,2.814448878294008,MODIS/061/MCD43A3,2008_11_30
2008-12-01,0.3614510535114601,2.9582847176649087,MODIS/061/MCD43A3,2008_12_01
2008-12-02,0.35421139810705415,2.7876068642463556,MODIS/061/MCD43A3,2008_12_02
2008-12-03,0.3471151938742544,3.32054483389399,MODIS/061/MCD43A3,2008_12_03
2008-12-04,0.3429355386153381,3.07946185530954,MODIS/061/MCD43A3,2008_12_04
2008-12-05,0.3433836102108002,2.9585428661926048,MODIS/061/MCD43A3,2008_12_05
2008-12-06,0.3545445186799694,2.846260056791801,MODIS/061/MCD43A3,2008_12_06
2008-12-07,0.3563458363364732,2.638629081821586,MODIS/061/MCD43A3,2008_12_07
2008-12-08,0.3564661163975853,2.623744449016998,MODIS/061/MCD43A3,2008_12_08
2008-12-09,0.35613527049840005,1.859077189066474,MODIS/061/MCD43A3,2008_12_09
2008-12-10,0.37478984022702105,1.5226132554831433,MODIS/061/MCD43A3,2008_12_10
2008-12-11,0.37362687026526864,1.1625478410816819,MODIS/061/MCD43A3,2008_12_11
2008-12-12,0.37050923529033186,0.8523553085313091,MODIS/061/MCD43A3,2008_12_12
2008-12-13,0.4033186506588676,0.715683155113717,MODIS/061/MCD43A3,2008_12_13
2008-12-14,0.37663177914454005,0.8870388284705287,MODIS/061/MCD43A3,2008_12_14
2008-12-15,0.3753203111354974,0.5045382273780027,MODIS/061/MCD43A3,2008_12_15
2008-12-16,0.3990497931246215,0.19039109918419408,MODIS/061/MCD43A3,2008_12_16
2008-12-17,0.38118239171439455,0.10471551256138903,MODIS/061/MCD43A3,2008_12_17
2008-12-18,0.38154602872168353,0.10471551256138903,MODIS/061/MCD43A3,2008_12_18
2008-12-19,,0.0,MODIS/061/MCD43A3,2008_12_19
2008-12-20,,0.0,MODIS/061/MCD43A3,2008_12_20
2008-12-21,,0.0,MODIS/061/MCD43A3,2008_12_21
2008-12-22,,0.0,MODIS/061/MCD43A3,2008_12_22
2008-12-23,,0.0,MODIS/061/MCD43A3,2008_12_23
2008-12-24,,0.0,MODIS/061/MCD43A3,2008_12_24
2008-12-25,,0.0,MODIS/061/MCD43A3,2008_12_25
2008-12-26,,0.0,MODIS/061/MCD43A3,2008_12_26
2008-12-27,,0.0,MODIS/061/MCD43A3,2008_12_27
2008-12-28,0.39321058783557966,0.180862144309536,MODIS/061/MCD43A3,2008_12_28
2008-12-29,0.38156550513802057,0.2189390745303489,MODIS/061/MCD43A3,2008_12_29
2008-12-30,0.42789467418098354,0.18067613320168363,MODIS/061/MCD43A3,2008_12_30
2008-12-31,0.42564636412016926,1.4358634030455606,MODIS/061/MCD43A3,2008_12_31
2009-01-01,0.424316609788014,1.6469188667303702,MODIS/061/MCD43A3,2009_01_01
2009-01-02,0.4216163877540877,1.6659577851193044,MODIS/061/MCD43A3,2009_01_02
2009-01-03,0.42002073643302945,1.7128074040486247,MODIS/061/MCD43A3,2009_01_03
2009-01-04,0.43591164053656695,1.9211249566514408,MODIS/061/MCD43A3,2009_01_04
2009-01-05,0.43300659511164047,2.738628169013983,MODIS/061/MCD43A3,2009_01_05
2009-01-06,0.43987108470700825,2.686813954798089,MODIS/061/MCD43A3,2009_01_06
2009-01-07,0.4394696194960293,2.7819686715245586,MODIS/061/MCD43A3,2009_01_07
2009-01-08,0.43140799158371906,3.1330647024586433,MODIS/061/MCD43A3,2009_01_08
2009-01-09,0.44171353667967905,4.010516241861671,MODIS/061/MCD43A3,2009_01_09
2009-01-10,0.43956221358415354,4.064910015703881,MODIS/061/MCD43A3,2009_01_10
2009-01-11,0.4239181243603621,4.670405312668963,MODIS/061/MCD43A3,2009_01_11
2009-01-12,0.41626941762283703,5.661262848382837,MODIS/061/MCD43A3,2009_01_12
2009-01-13,0.4239368316136698,5.854418899204115,MODIS/061/MCD43A3,2009_01_13
2009-01-14,0.42560498675835917,5.559591590512133,MODIS/061/MCD43A3,2009_01_14
2009-01-15,0.4217781096908789,6.643683087209425,MODIS/061/MCD43A3,2009_01_15
2009-01-16,0.4257884967882838,7.096877607912019,MODIS/061/MCD43A3,2009_01_16
2009-01-17,0.4186439355370846,7.963884511496595,MODIS/061/MCD43A3,2009_01_17
2009-01-18,0.4171755983758026,7.888026734384632,MODIS/061/MCD43A3,2009_01_18
2009-01-19,0.4163877874019416,7.773200990264574,MODIS/061/MCD43A3,2009_01_19
2009-01-20,0.41310275205271485,8.079601070965893,MODIS/061/MCD43A3,2009_01_20
2009-01-21,0.4151248007466242,7.790591536844863,MODIS/061/MCD43A3,2009_01_21
2009-01-22,0.4148632959834769,7.702195471543483,MODIS/061/MCD43A3,2009_01_22
2009-01-23,0.41903891463285975,7.548063118155987,MODIS/061/MCD43A3,2009_01_23
2009-01-24,0.41784179170158314,7.902735338026712,MODIS/061/MCD43A3,2009_01_24
2009-01-25,0.4212778157926604,6.9686439953706,MODIS/061/MCD43A3,2009_01_25
2009-01-26,0.4331810678100772,7.431429926432016,MODIS/061/MCD43A3,2009_01_26
2009-01-27,0.44374239630060003,4.410332779885713,MODIS/061/MCD43A3,2009_01_27
2009-01-28,0.49525249241499975,3.661267103112543,MODIS/061/MCD43A3,2009_01_28
2009-01-29,0.47967627670283347,3.515900505750932,MODIS/061/MCD43A3,2009_01_29
2009-01-30,0.4578587298290314,4.292813345698994,MODIS/061/MCD43A3,2009_01_30
2009-01-31,0.43437109837180504,2.5047563279078875,MODIS/061/MCD43A3,2009_01_31
2009-02-01,0.5600471813151807,1.0400659850897587,MODIS/061/MCD43A3,2009_02_01
2009-02-02,0.5589518952018522,0.19038753270553488,MODIS/061/MCD43A3,2009_02_02
2009-02-03,0.5967943668797006,0.22846445587569073,MODIS/061/MCD43A3,2009_02_03
2009-02-04,0.5954193976224254,0.22846445587569073,MODIS/061/MCD43A3,2009_02_04
2009-02-05,0.5651184676302251,0.2659453256577735,MODIS/061/MCD43A3,2009_02_05
2009-02-06,0.5760149091251788,0.28498441130719376,MODIS/061/MCD43A3,2009_02_06
2009-02-07,0.6153756570619967,0.22846706975775277,MODIS/061/MCD43A3,2009_02_07
2009-02-08,0.5658732246804101,0.5235674248052311,MODIS/061/MCD43A3,2009_02_08
2009-02-09,0.6222862300082695,0.13327285580056894,MODIS/061/MCD43A3,2009_02_09
2009-02-10,0.5668227702657898,1.5691335465097662,MODIS/061/MCD43A3,2009_02_10
2009-02-11,0.5437586543407376,3.6793191348216525,MODIS/061/MCD43A3,2009_02_11
2009-02-12,0.5451906848637927,3.6317233230984156,MODIS/061/MCD43A3,2009_02_12
2009-02-13,0.5441932514644299,3.6317237716176525,MODIS/061/MCD43A3,2009_02_13
2009-02-14,0.5648164796898869,4.5055430479336085,MODIS/061/MCD43A3,2009_02_14
2009-02-15,0.5785053825699963,4.823731051049992,MODIS/061/MCD43A3,2009_02_15
2009-02-16,0.5749921799201521,4.233529973396203,MODIS/061/MCD43A3,2009_02_16
2009-02-17,0.5762339577223338,4.033663399796132,MODIS/061/MCD43A3,2009_02_17
2009-02-18,0.5750271202141612,4.062185185926539,MODIS/061/MCD43A3,2009_02_18
2009-02-19,0.5745401953125219,4.1859389498385955,MODIS/061/MCD43A3,2009_02_19
2009-02-20,0.5484931425307413,5.831575466044679,MODIS/061/MCD43A3,2009_02_20
2009-02-21,0.5548371174418114,7.293060909322697,MODIS/061/MCD43A3,2009_02_21
2009-02-22,0.554720358290242,7.454887752637841,MODIS/061/MCD43A3,2009_02_22
2009-02-23,0.5518083036404047,7.592190678721104,MODIS/061/MCD43A3,2009_02_23
2009-02-24,0.5531560910723672,7.6983536319996535,MODIS/061/MCD43A3,2009_02_24
2009-02-25,0.5524488576055042,7.673822761730654,MODIS/061/MCD43A3,2009_02_25
2009-02-26,0.5432574110842535,5.673304263888746,MODIS/061/MCD43A3,2009_02_26
2009-02-27,0.5447369451846651,4.1953166612742345,MODIS/061/MCD43A3,2009_02_27
2009-02-28,0.5453225156062833,4.200917024339151,MODIS/061/MCD43A3,2009_02_28
2009-03-01,0.5447311972974433,4.334188472799227,MODIS/061/MCD43A3,2009_03_01
2009-03-02,0.5645814053112526,5.011819749231034,MODIS/061/MCD43A3,2009_03_02
2009-03-03,0.5630366426668719,6.229391273777426,MODIS/061/MCD43A3,2009_03_03
2009-03-04,0.5673603899194105,6.2294327936685505,MODIS/061/MCD43A3,2009_03_04
2009-03-05,0.5665919565583064,6.288196418095544,MODIS/061/MCD43A3,2009_03_05
2009-03-06,0.5483631729229635,7.109297171921034,MODIS/061/MCD43A3,2009_03_06
2009-03-07,0.5061671861827473,6.073810294720603,MODIS/061/MCD43A3,2009_03_07
2009-03-08,0.512206881133003,5.909455446950161,MODIS/061/MCD43A3,2009_03_08
2009-03-09,0.495239362679283,2.279952547417201,MODIS/061/MCD43A3,2009_03_09
2009-03-10,0.4975515070334571,2.3304612146878316,MODIS/061/MCD43A3,2009_03_10
2009-03-11,0.49987129651485623,1.7119709106848593,MODIS/061/MCD43A3,2009_03_11
2009-03-12,0.5057944000574082,2.495499838192499,MODIS/061/MCD43A3,2009_03_12
2009-03-13,0.5092654075322309,2.647849813437932,MODIS/061/MCD43A3,2009_03_13
2009-03-14,0.4998414678836937,2.404742156698175,MODIS/061/MCD43A3,2009_03_14
2009-03-15,0.4973174221627278,2.3295179031415794,MODIS/061/MCD43A3,2009_03_15
2009-03-16,0.498403134109724,2.491309873789593,MODIS/061/MCD43A3,2009_03_16
2009-03-17,0.5060468613899529,2.306866404909909,MODIS/061/MCD43A3,2009_03_17
2009-03-18,0.5209420676555738,3.586645589890675,MODIS/061/MCD43A3,2009_03_18
2009-03-19,0.5412612257662254,2.1703616673045114,MODIS/061/MCD43A3,2009_03_19
2009-03-20,0.5617761797344842,3.1232502121476866,MODIS/061/MCD43A3,2009_03_20
2009-03-21,0.578623139190938,8.743225231658265,MODIS/061/MCD43A3,2009_03_21
2009-03-22,0.5873595599664745,10.474281612541738,MODIS/061/MCD43A3,2009_03_22
2009-03-23,0.5985639295941222,13.104017060132552,MODIS/061/MCD43A3,2009_03_23
2009-03-24,0.5975304251080447,15.64130812674308,MODIS/061/MCD43A3,2009_03_24
2009-03-25,0.5940952824199778,16.30812920484962,MODIS/061/MCD43A3,2009_03_25
2009-03-26,0.5923313311823319,16.310668392396213,MODIS/061/MCD43A3,2009_03_26
2009-03-27,0.5906795598975807,16.00895106474877,MODIS/061/MCD43A3,2009_03_27
2009-03-28,0.5604945244857373,25.76561656343359,MODIS/061/MCD43A3,2009_03_28
2009-03-29,0.5608384747057155,27.235784491906198,MODIS/061/MCD43A3,2009_03_29
2009-03-30,0.5610676693387023,27.19263214428762,MODIS/061/MCD43A3,2009_03_30
2009-03-31,0.5603780064672226,27.810655277572383,MODIS/061/MCD43A3,2009_03_31
2009-04-01,0.575244921437172,32.1256731603541,MODIS/061/MCD43A3,2009_04_01
2009-04-02,0.5721992816617569,33.32137608887957,MODIS/061/MCD43A3,2009_04_02
2009-04-03,0.5792707622052105,31.187785126734056,MODIS/061/MCD43A3,2009_04_03
2009-04-04,0.5803213100420194,31.190212941014604,MODIS/061/MCD43A3,2009_04_04
2009-04-05,0.5836718177704164,31.258084832493076,MODIS/061/MCD43A3,2009_04_05
2009-04-06,0.5947944361280632,22.88927091224282,MODIS/061/MCD43A3,2009_04_06
2009-04-07,0.5993543733403988,15.223237116120849,MODIS/061/MCD43A3,2009_04_07
2009-04-08,0.6157372890048578,5.645089554463873,MODIS/061/MCD43A3,2009_04_08
2009-04-09,0.6122307156594657,4.541032711667488,MODIS/061/MCD43A3,2009_04_09
2009-04-10,0.6251452274606442,3.2314760331657424,MODIS/061/MCD43A3,2009_04_10
2009-04-11,0.6240234367080111,3.1418425018431995,MODIS/061/MCD43A3,2009_04_11
2009-04-12,0.6275214298950019,3.0560548344920107,MODIS/061/MCD43A3,2009_04_12
2009-04-13,0.640581957129595,1.995892488942441,MODIS/061/MCD43A3,2009_04_13
2009-04-14,0.6411092996495094,1.9958931869690681,MODIS/061/MCD43A3,2009_04_14
2009-04-15,0.6278058627436304,9.130374514584712,MODIS/061/MCD43A3,2009_04_15
2009-04-16,0.6254966359411853,14.650401792670523,MODIS/061/MCD43A3,2009_04_16
2009-04-17,0.621259804810158,7.782589152663349,MODIS/061/MCD43A3,2009_04_17
2009-04-18,0.6146701818980623,2.83487937091453,MODIS/061/MCD43A3,2009_04_18
2009-04-19,0.6125585068245152,2.796800444721599,MODIS/061/MCD43A3,2009_04_19
2009-04-20,0.6113011326115937,2.7968009235381617,MODIS/061/MCD43A3,2009_04_20
2009-04-21,0.6136282585550328,2.6487857096455154,MODIS/061/MCD43A3,2009_04_21
2009-04-22,0.6251092900205462,12.681112851430639,MODIS/061/MCD43A3,2009_04_22
2009-04-23,0.6242109411010959,16.888328591913574,MODIS/061/MCD43A3,2009_04_23
2009-04-24,0.6243845479624325,17.003683928390487,MODIS/061/MCD43A3,2009_04_24
2009-04-25,0.6391334157370209,15.197383453884544,MODIS/061/MCD43A3,2009_04_25
2009-04-26,0.6385209700201689,15.230382644369941,MODIS/061/MCD43A3,2009_04_26
2009-04-27,0.6380802079480185,15.19891144411918,MODIS/061/MCD43A3,2009_04_27
2009-04-28,0.638046043531084,14.802810099389053,MODIS/061/MCD43A3,2009_04_28
2009-04-29,0.6335754885315267,14.616549461542688,MODIS/061/MCD43A3,2009_04_29
2009-04-30,0.6320227829320835,16.06752365299451,MODIS/061/MCD43A3,2009_04_30
2009-05-01,0.6303474203325874,7.186631075123604,MODIS/061/MCD43A3,2009_05_01
2009-05-02,0.62605190550725,2.247833478485702,MODIS/061/MCD43A3,2009_05_02
2009-05-03,0.6391988648382748,1.032637699237811,MODIS/061/MCD43A3,2009_05_03
2009-05-04,0.6464469047600672,3.9018760360138445,MODIS/061/MCD43A3,2009_05_04
2009-05-05,0.6273972332367248,8.641078411011854,MODIS/061/MCD43A3,2009_05_05
2009-05-06,0.610959985698947,9.161182242267731,MODIS/061/MCD43A3,2009_05_06
2009-05-07,0.6068688649592182,9.75744977722353,MODIS/061/MCD43A3,2009_05_07
2009-05-08,0.5762671701745947,3.5073106972542725,MODIS/061/MCD43A3,2009_05_08
2009-05-09,0.5683643674565935,4.278395509309536,MODIS/061/MCD43A3,2009_05_09
2009-05-10,0.4659678735659924,7.953744861762383,MODIS/061/MCD43A3,2009_05_10
2009-05-11,0.4662209436182235,7.854182276828148,MODIS/061/MCD43A3,2009_05_11
2009-05-12,0.466248769417094,8.025944841046734,MODIS/061/MCD43A3,2009_05_12
2009-05-13,0.4640539406611069,8.005264284945193,MODIS/061/MCD43A3,2009_05_13
2009-05-14,0.4681963976193929,7.980442042578499,MODIS/061/MCD43A3,2009_05_14
2009-05-15,0.44551360576217375,15.45586785427867,MODIS/061/MCD43A3,2009_05_15
2009-05-16,0.4347196990656127,13.590189462329349,MODIS/061/MCD43A3,2009_05_16
2009-05-17,0.43674167308046025,13.723917176529717,MODIS/061/MCD43A3,2009_05_17
2009-05-18,0.418961790580279,18.418898683338977,MODIS/061/MCD43A3,2009_05_18
2009-05-19,0.3534866284876244,26.12937763079787,MODIS/061/MCD43A3,2009_05_19
2009-05-20,0.3197796234209766,26.635382273209167,MODIS/061/MCD43A3,2009_05_20
2009-05-21,0.2652276351546438,23.839418248631038,MODIS/061/MCD43A3,2009_05_21
2009-05-22,0.2233310386571747,21.43339227382129,MODIS/061/MCD43A3,2009_05_22
2009-05-23,0.22360574536028385,21.641104828096562,MODIS/061/MCD43A3,2009_05_23
2009-05-24,0.22184487535485736,22.058241182110983,MODIS/061/MCD43A3,2009_05_24
2009-05-25,0.23007649182781187,21.584182931045273,MODIS/061/MCD43A3,2009_05_25
2009-05-26,0.21015256061190032,18.222192992913584,MODIS/061/MCD43A3,2009_05_26
2009-05-27,0.20227016213490695,20.322878920096553,MODIS/061/MCD43A3,2009_05_27
2009-05-28,0.20642421959530416,25.31216256666338,MODIS/061/MCD43A3,2009_05_28
2009-05-29,0.2082002595371954,25.27308354719252,MODIS/061/MCD43A3,2009_05_29
2009-05-30,0.21045891414638293,25.31587339588397,MODIS/061/MCD43A3,2009_05_30
2009-05-31,0.18264477604161472,19.14375497565409,MODIS/061/MCD43A3,2009_05_31
2009-06-01,0.182622102730139,19.727286910972524,MODIS/061/MCD43A3,2009_06_01
2009-06-02,0.17823289247180307,23.738725416202737,MODIS/061/MCD43A3,2009_06_02
2009-06-03,0.17297385826344341,21.989411891747583,MODIS/061/MCD43A3,2009_06_03
2009-06-04,0.15529401984829264,19.379814202925285,MODIS/061/MCD43A3,2009_06_04
2009-06-05,0.15434081179811046,17.756833608840374,MODIS/061/MCD43A3,2009_06_05
2009-06-06,0.14827326859037226,15.851769403482715,MODIS/061/MCD43A3,2009_06_06
2009-06-07,0.1477331248457036,16.676795434177187,MODIS/061/MCD43A3,2009_06_07
2009-06-08,0.1515610135388461,18.646260060755164,MODIS/061/MCD43A3,2009_06_08
2009-06-09,0.15600054854088682,23.09971329787169,MODIS/061/MCD43A3,2009_06_09
2009-06-10,0.16956629058885989,30.365211299532408,MODIS/061/MCD43A3,2009_06_10
2009-06-11,0.179467355998882,36.95719797630255,MODIS/061/MCD43A3,2009_06_11
2009-06-12,0.18848376786187573,43.386849591152846,MODIS/061/MCD43A3,2009_06_12
2009-06-13,0.19311479918996394,47.50365274793629,MODIS/061/MCD43A3,2009_06_13
2009-06-14,0.19580013524352835,49.874937277282136,MODIS/061/MCD43A3,2009_06_14
2009-06-15,0.1954544980172118,50.00048094240675,MODIS/061/MCD43A3,2009_06_15
2009-06-16,0.1939027454322893,50.354011300522544,MODIS/061/MCD43A3,2009_06_16
2009-06-17,0.19452382939699003,49.88161159591737,MODIS/061/MCD43A3,2009_06_17
2009-06-18,0.19128412335188974,48.79331729370083,MODIS/061/MCD43A3,2009_06_18
2009-06-19,0.19401385939301025,51.91104350056458,MODIS/061/MCD43A3,2009_06_19
2009-06-20,0.1937749513204607,55.65817101599324,MODIS/061/MCD43A3,2009_06_20
2009-06-21,0.19480463145370022,57.20109368181519,MODIS/061/MCD43A3,2009_06_21
2009-06-22,0.19259422974531862,57.35889822208492,MODIS/061/MCD43A3,2009_06_22
2009-06-23,0.18923004550534328,59.978735709025045,MODIS/061/MCD43A3,2009_06_23
2009-06-24,0.1878829547690108,63.8795767458914,MODIS/061/MCD43A3,2009_06_24
2009-06-25,0.1846945071842249,63.79831968068038,MODIS/061/MCD43A3,2009_06_25
2009-06-26,0.1813586321237462,61.490434012385464,MODIS/061/MCD43A3,2009_06_26
2009-06-27,0.17587593834024184,58.05452811008819,MODIS/061/MCD43A3,2009_06_27
2009-06-28,0.17216767918423895,55.776523702320716,MODIS/061/MCD43A3,2009_06_28
2009-06-29,0.16934953099950792,58.151930754890536,MODIS/061/MCD43A3,2009_06_29
2009-06-30,0.16812032845504352,58.5800916879263,MODIS/061/MCD43A3,2009_06_30
2009-07-01,0.16779855143967878,58.29174552483545,MODIS/061/MCD43A3,2009_07_01
2009-07-02,0.16864426412478184,58.89529748566405,MODIS/061/MCD43A3,2009_07_02
2009-07-03,0.17305576944842216,65.10421738511039,MODIS/061/MCD43A3,2009_07_03
2009-07-04,0.17115157651459542,63.826811143010524,MODIS/061/MCD43A3,2009_07_04
2009-07-05,0.17121390169325462,65.39784910869362,MODIS/061/MCD43A3,2009_07_05
2009-07-06,0.16206962893821983,55.959303398119204,MODIS/061/MCD43A3,2009_07_06
2009-07-07,0.1604286432509514,53.37238121032588,MODIS/061/MCD43A3,2009_07_07
2009-07-08,0.15875634594544394,51.35981717750428,MODIS/061/MCD43A3,2009_07_08
2009-07-09,0.15337629813660325,44.22287101742201,MODIS/061/MCD43A3,2009_07_09
2009-07-10,0.14978387684417377,38.728081623574795,MODIS/061/MCD43A3,2009_07_10
2009-07-11,0.14955792673006335,45.16059333335646,MODIS/061/MCD43A3,2009_07_11
2009-07-12,0.1528482624328491,54.14546729982944,MODIS/061/MCD43A3,2009_07_12
2009-07-13,0.15449409794160082,61.10490641313165,MODIS/061/MCD43A3,2009_07_13
2009-07-14,0.15847153662622782,66.07593693442819,MODIS/061/MCD43A3,2009_07_14
2009-07-15,0.1544371167799324,64.17271965207536,MODIS/061/MCD43A3,2009_07_15
2009-07-16,0.15537141614801353,65.80525274296716,MODIS/061/MCD43A3,2009_07_16
2009-07-17,0.15962941752402857,69.97820492432923,MODIS/061/MCD43A3,2009_07_17
2009-07-18,0.16288748988984625,74.45336306295522,MODIS/061/MCD43A3,2009_07_18
2009-07-19,0.1640840145796945,76.72782165427688,MODIS/061/MCD43A3,2009_07_19
2009-07-20,0.16612946742578255,78.55764651669335,MODIS/061/MCD43A3,2009_07_20
2009-07-21,0.16409775887234557,76.89587858680503,MODIS/061/MCD43A3,2009_07_21
2009-07-22,0.16723859269100505,80.97248312262623,MODIS/061/MCD43A3,2009_07_22
2009-07-23,0.16805620151722578,83.69248378114182,MODIS/061/MCD43A3,2009_07_23
2009-07-24,0.16619613932560276,82.12267819893808,MODIS/061/MCD43A3,2009_07_24
2009-07-25,0.16655548138908483,82.40021162111854,MODIS/061/MCD43A3,2009_07_25
2009-07-26,0.16662924046024033,84.71697528631822,MODIS/061/MCD43A3,2009_07_26
2009-07-27,0.16480651449476974,81.71731238307821,MODIS/061/MCD43A3,2009_07_27
2009-07-28,0.16392179884447958,79.68079987680396,MODIS/061/MCD43A3,2009_07_28
2009-07-29,0.1607550609166866,74.69933666666957,MODIS/061/MCD43A3,2009_07_29
2009-07-30,0.15908824263466045,75.96147477296562,MODIS/061/MCD43A3,2009_07_30
2009-07-31,0.1541267313496443,72.84585225028007,MODIS/061/MCD43A3,2009_07_31
2009-08-01,0.15263482328281294,71.97532073490122,MODIS/061/MCD43A3,2009_08_01
2009-08-02,0.15101021215150323,69.61519882441452,MODIS/061/MCD43A3,2009_08_02
2009-08-03,0.1495346939315104,67.41031586847086,MODIS/061/MCD43A3,2009_08_03
2009-08-04,0.14753027956346082,62.53777868124352,MODIS/061/MCD43A3,2009_08_04
2009-08-05,0.14599247552239872,70.48906546232112,MODIS/061/MCD43A3,2009_08_05
2009-08-06,0.14782081578743336,76.88527738330836,MODIS/061/MCD43A3,2009_08_06
2009-08-07,0.1472355994864059,81.82796707957061,MODIS/061/MCD43A3,2009_08_07
2009-08-08,0.14743674616291466,83.07915030595898,MODIS/061/MCD43A3,2009_08_08
2009-08-09,0.1484840928565568,84.769097076551,MODIS/061/MCD43A3,2009_08_09
2009-08-10,0.1498368974939421,87.69622011255429,MODIS/061/MCD43A3,2009_08_10
2009-08-11,0.14953933401366398,87.60069515550954,MODIS/061/MCD43A3,2009_08_11
2009-08-12,0.1497763182734172,87.75786501710752,MODIS/061/MCD43A3,2009_08_12
2009-08-13,0.15082147171457466,89.99684846427581,MODIS/061/MCD43A3,2009_08_13
2009-08-14,0.15241661631618372,92.3746044010451,MODIS/061/MCD43A3,2009_08_14
2009-08-15,0.1526680046499161,92.83264635201539,MODIS/061/MCD43A3,2009_08_15
2009-08-16,0.15276754643364004,94.7946915666063,MODIS/061/MCD43A3,2009_08_16
2009-08-17,0.15259166975807684,95.13931149079896,MODIS/061/MCD43A3,2009_08_17
2009-08-18,0.1521280120888757,94.6265477133634,MODIS/061/MCD43A3,2009_08_18
2009-08-19,0.151494952092391,94.08939998028812,MODIS/061/MCD43A3,2009_08_19
2009-08-20,0.15157153259938994,94.00073385480451,MODIS/061/MCD43A3,2009_08_20
2009-08-21,0.1519170828095774,93.28539755994296,MODIS/061/MCD43A3,2009_08_21
2009-08-22,0.15053447913303933,91.58067041700942,MODIS/061/MCD43A3,2009_08_22
2009-08-23,0.14962101862423172,89.22867986990916,MODIS/061/MCD43A3,2009_08_23
2009-08-24,0.14905646267455236,88.76231233823117,MODIS/061/MCD43A3,2009_08_24
2009-08-25,0.14815233079730136,88.11730393542872,MODIS/061/MCD43A3,2009_08_25
2009-08-26,0.14762901276169837,86.16727095826654,MODIS/061/MCD43A3,2009_08_26
2009-08-27,0.1470540000724773,83.4987035680366,MODIS/061/MCD43A3,2009_08_27
2009-08-28,0.14741350456961463,84.92698852117195,MODIS/061/MCD43A3,2009_08_28
2009-08-29,0.14614380217114734,81.37577565997745,MODIS/061/MCD43A3,2009_08_29
2009-08-30,0.14583979727798965,81.58875476117767,MODIS/061/MCD43A3,2009_08_30
2009-08-31,0.1462628896621587,81.98480445744704,MODIS/061/MCD43A3,2009_08_31
2009-09-01,0.14519225878472428,73.23209225171229,MODIS/061/MCD43A3,2009_09_01
2009-09-02,0.14532655847826648,66.30737023789568,MODIS/061/MCD43A3,2009_09_02
2009-09-03,0.1445690060067972,67.77006622713259,MODIS/061/MCD43A3,2009_09_03
2009-09-04,0.1431746371655423,69.91770695685436,MODIS/061/MCD43A3,2009_09_04
2009-09-05,0.14383433720747207,71.16389485836169,MODIS/061/MCD43A3,2009_09_05
2009-09-06,0.1438739424079413,71.36471568354509,MODIS/061/MCD43A3,2009_09_06
2009-09-07,0.144479417081799,72.70650394112678,MODIS/061/MCD43A3,2009_09_07
2009-09-08,0.14458468424825538,72.74447050652391,MODIS/061/MCD43A3,2009_09_08
2009-09-09,0.14369443403196533,67.56878588038904,MODIS/061/MCD43A3,2009_09_09
2009-09-10,0.1437643911810536,65.83480400844496,MODIS/061/MCD43A3,2009_09_10
2009-09-11,0.14459433511942635,68.50182784129913,MODIS/061/MCD43A3,2009_09_11
2009-09-12,0.1447994523142425,68.46845340646671,MODIS/061/MCD43A3,2009_09_12
2009-09-13,0.1449944401817936,67.21342749731689,MODIS/061/MCD43A3,2009_09_13
2009-09-14,0.14484076680147034,64.93189696097,MODIS/061/MCD43A3,2009_09_14
2009-09-15,0.1438251072088311,55.24294295826173,MODIS/061/MCD43A3,2009_09_15
2009-09-16,0.1427904377529913,50.38700930480649,MODIS/061/MCD43A3,2009_09_16
2009-09-17,0.1418695192355232,48.63326822602367,MODIS/061/MCD43A3,2009_09_17
2009-09-18,0.14211608985183258,49.01613586536308,MODIS/061/MCD43A3,2009_09_18
2009-09-19,0.14240848359980818,42.493988782915324,MODIS/061/MCD43A3,2009_09_19
2009-09-20,0.1442111926134203,27.88744771952953,MODIS/061/MCD43A3,2009_09_20
2009-09-21,0.1435751463146736,27.45994327277302,MODIS/061/MCD43A3,2009_09_21
2009-09-22,0.13600277355444168,37.23821383427645,MODIS/061/MCD43A3,2009_09_22
2009-09-23,0.13686382233066227,40.21595141584597,MODIS/061/MCD43A3,2009_09_23
2009-09-24,0.1366932940889359,42.52922322950026,MODIS/061/MCD43A3,2009_09_24
2009-09-25,0.1367170538589146,43.12894833928887,MODIS/061/MCD43A3,2009_09_25
2009-09-26,0.13539636974601432,49.59020948073959,MODIS/061/MCD43A3,2009_09_26
2009-09-27,0.13462729348737087,49.90224851053688,MODIS/061/MCD43A3,2009_09_27
2009-09-28,0.13533152115362118,53.55056143292287,MODIS/061/MCD43A3,2009_09_28
2009-09-29,0.13665720652652105,56.44398136867858,MODIS/061/MCD43A3,2009_09_29
2009-09-30,0.13667546712531772,56.25329416700928,MODIS/061/MCD43A3,2009_09_30
2009-10-01,0.13731375243735242,56.42381004178218,MODIS/061/MCD43A3,2009_10_01
2009-10-02,0.1374114051806776,55.17084338158521,MODIS/061/MCD43A3,2009_10_02
2009-10-03,0.13783296837572231,54.847100543877026,MODIS/061/MCD43A3,2009_10_03
2009-10-04,0.13833618483126053,55.72963743015033,MODIS/061/MCD43A3,2009_10_04
2009-10-05,0.13899049852206943,56.985072433413215,MODIS/061/MCD43A3,2009_10_05
2009-10-06,0.14025595629918028,58.90472595561813,MODIS/061/MCD43A3,2009_10_06
2009-10-07,0.14144673398840793,59.84637947605785,MODIS/061/MCD43A3,2009_10_07
2009-10-08,0.1420565166838131,61.0103269199128,MODIS/061/MCD43A3,2009_10_08
2009-10-09,0.1427899459672375,60.247936025326965,MODIS/061/MCD43A3,2009_10_09
2009-10-10,0.14419405035759086,62.497040574505476,MODIS/061/MCD43A3,2009_10_10
2009-10-11,0.14509179289178709,64.94590287372728,MODIS/061/MCD43A3,2009_10_11
2009-10-12,0.14539597949546607,65.71665553503101,MODIS/061/MCD43A3,2009_10_12
2009-10-13,0.14647962310902213,64.5029117033476,MODIS/061/MCD43A3,2009_10_13
2009-10-14,0.14633903348100408,64.54117761849294,MODIS/061/MCD43A3,2009_10_14
2009-10-15,0.1470820586233769,63.81855547663581,MODIS/061/MCD43A3,2009_10_15
2009-10-16,0.14676457474295482,63.948154473927886,MODIS/061/MCD43A3,2009_10_16
2009-10-17,0.14745297565714188,64.33144249456117,MODIS/061/MCD43A3,2009_10_17
2009-10-18,0.14777340889360585,66.0392027980414,MODIS/061/MCD43A3,2009_10_18
2009-10-19,0.14806950893993376,66.55100585656189,MODIS/061/MCD43A3,2009_10_19
2009-10-20,0.14778763703949324,66.04754011706773,MODIS/061/MCD43A3,2009_10_20
2009-10-21,0.14791513459621294,65.02438045116205,MODIS/061/MCD43A3,2009_10_21
2009-10-22,0.14830178226531457,63.534903692759954,MODIS/061/MCD43A3,2009_10_22
2009-10-23,0.14769993046495863,63.04980650000713,MODIS/061/MCD43A3,2009_10_23
2009-10-24,0.14779971899128685,60.65850518923411,MODIS/061/MCD43A3,2009_10_24
2009-10-25,0.14730026868899637,58.004035634940955,MODIS/061/MCD43A3,2009_10_25
2009-10-26,0.1477477408117839,54.51840185874549,MODIS/061/MCD43A3,2009_10_26
2009-10-27,0.14725771252928815,48.66100612206181,MODIS/061/MCD43A3,2009_10_27
2009-10-28,0.14448388721536326,24.100216655301825,MODIS/061/MCD43A3,2009_10_28
2009-10-29,0.14629287479426648,18.161745971397515,MODIS/061/MCD43A3,2009_10_29
2009-10-30,0.1486876348020673,15.766915887068691,MODIS/061/MCD43A3,2009_10_30
2009-10-31,0.15125495683863946,11.962589169978607,MODIS/061/MCD43A3,2009_10_31
2009-11-01,0.15412006105628973,8.939700866678695,MODIS/061/MCD43A3,2009_11_01
2009-11-02,0.15693153935292894,4.626603450344286,MODIS/061/MCD43A3,2009_11_02
2009-11-03,0.15886394668553647,3.856213064630233,MODIS/061/MCD43A3,2009_11_03
2009-11-04,0.1553969248061405,1.2347972132979512,MODIS/061/MCD43A3,2009_11_04
2009-11-05,0.15442075381426124,2.582069935177341,MODIS/061/MCD43A3,2009_11_05
2009-11-06,0.1581855914305838,4.800825399779794,MODIS/061/MCD43A3,2009_11_06
2009-11-07,0.17885808619146185,5.889051391902134,MODIS/061/MCD43A3,2009_11_07
2009-11-08,0.191942715995053,7.468910998310053,MODIS/061/MCD43A3,2009_11_08
2009-11-09,0.19293163972964641,7.782783975322042,MODIS/061/MCD43A3,2009_11_09
2009-11-10,0.19879163306854813,8.558943910539993,MODIS/061/MCD43A3,2009_11_10
2009-11-11,0.19126409522683968,11.480574144673016,MODIS/061/MCD43A3,2009_11_11
2009-11-12,0.20185273124925784,11.832218158754749,MODIS/061/MCD43A3,2009_11_12
2009-11-13,0.20060125681642862,11.872315036579588,MODIS/061/MCD43A3,2009_11_13
2009-11-14,0.20224639830975855,11.963960703305888,MODIS/061/MCD43A3,2009_11_14
2009-11-15,0.20537263728792537,12.246154010578437,MODIS/061/MCD43A3,2009_11_15
2009-11-16,0.20592360737492416,11.980287400627756,MODIS/061/MCD43A3,2009_11_16
2009-11-17,0.20775168764122076,12.188151887881869,MODIS/061/MCD43A3,2009_11_17
2009-11-18,0.2035180526983975,12.123708253661933,MODIS/061/MCD43A3,2009_11_18
2009-11-19,0.20604039624496223,10.745282529041914,MODIS/061/MCD43A3,2009_11_19
2009-11-20,0.1900461109578607,8.734118940162716,MODIS/061/MCD43A3,2009_11_20
2009-11-21,0.1938147612537984,6.977764618240772,MODIS/061/MCD43A3,2009_11_21
2009-11-22,0.19329245724666394,4.677204732486421,MODIS/061/MCD43A3,2009_11_22
2009-11-23,0.2290778269706917,2.06602938197752,MODIS/061/MCD43A3,2009_11_23
2009-11-24,0.37535515567678673,0.2762873530547638,MODIS/061/MCD43A3,2009_11_24
2009-11-25,0.4163584532352823,0.13327191240388345,MODIS/061/MCD43A3,2009_11_25
2009-11-26,0.45759895939461037,0.04759738441797232,MODIS/061/MCD43A3,2009_11_26
2009-11-27,,0.0,MODIS/061/MCD43A3,2009_11_27
2009-11-28,,0.0,MODIS/061/MCD43A3,2009_11_28
2009-11-29,0.5513654225097416,0.19770129869283048,MODIS/061/MCD43A3,2009_11_29
2009-11-30,0.5413591881483243,0.20722104112307985,MODIS/061/MCD43A3,2009_11_30
2009-12-01,0.543876496561983,0.2167403243417761,MODIS/061/MCD43A3,2009_12_01
2009-12-02,0.5324308435422095,0.26433717944863083,MODIS/061/MCD43A3,2009_12_02
2009-12-03,0.5182382962628729,0.25481712869911094,MODIS/061/MCD43A3,2009_12_03
2009-12-04,0.45155553674621307,0.3785696669924901,MODIS/061/MCD43A3,2009_12_04
2009-12-05,0.49328350186221026,0.14144525512872927,MODIS/061/MCD43A3,2009_12_05
2009-12-06,0.4287052290711667,2.0726543894450717,MODIS/061/MCD43A3,2009_12_06
2009-12-07,0.42018376668418117,2.2439984778528483,MODIS/061/MCD43A3,2009_12_07
2009-12-08,0.4604337619505051,1.0456030131119154,MODIS/061/MCD43A3,2009_12_08
2009-12-09,0.4610084147710134,1.0551214499048804,MODIS/061/MCD43A3,2009_12_09
2009-12-10,0.43591086041483706,1.7881192054877189,MODIS/061/MCD43A3,2009_12_10
2009-12-11,0.42243408117776476,2.245173595974286,MODIS/061/MCD43A3,2009_12_11
2009-12-12,0.4209630791510598,2.377439994376258,MODIS/061/MCD43A3,2009_12_12
2009-12-13,0.4221113239408659,2.396479539513353,MODIS/061/MCD43A3,2009_12_13
2009-12-14,0.456161013784396,1.5691142056218332,MODIS/061/MCD43A3,2009_12_14
2009-12-15,0.4329504309162164,1.7978460179015787,MODIS/061/MCD43A3,2009_12_15
2009-12-16,0.43047223693134484,2.626036662218683,MODIS/061/MCD43A3,2009_12_16
2009-12-17,0.4343427828220423,2.740197206215738,MODIS/061/MCD43A3,2009_12_17
2009-12-18,0.4174193148224862,3.7866673317599933,MODIS/061/MCD43A3,2009_12_18
2009-12-19,0.4116131177447279,2.9877829428663456,MODIS/061/MCD43A3,2009_12_19
2009-12-20,0.3988342796764085,3.3678073536448494,MODIS/061/MCD43A3,2009_12_20
2009-12-21,0.4042818155274485,3.5586490637986254,MODIS/061/MCD43A3,2009_12_21
2009-12-22,0.41187657770618136,3.2251409459724245,MODIS/061/MCD43A3,2009_12_22
2009-12-23,0.41269920536396165,3.603943719154936,MODIS/061/MCD43A3,2009_12_23
2009-12-24,0.4057796932164475,3.861343960750951,MODIS/061/MCD43A3,2009_12_24
2009-12-25,0.40757238440344046,4.13901535612435,MODIS/061/MCD43A3,2009_12_25
2009-12-26,0.42283017610717516,2.786925221333275,MODIS/061/MCD43A3,2009_12_26
2009-12-27,0.4412056709437057,2.3204424557418872,MODIS/061/MCD43A3,2009_12_27
2009-12-28,0.4461815408942183,2.2728471701162594,MODIS/061/MCD43A3,2009_12_28
2009-12-29,0.42455448866117573,2.0158174173025984,MODIS/061/MCD43A3,2009_12_29
2009-12-30,0.44703787091737685,2.2823646878766133,MODIS/061/MCD43A3,2009_12_30
2009-12-31,0.4683390191998565,2.197254030716296,MODIS/061/MCD43A3,2009_12_31
2010-01-01,0.45507562386235023,2.216553756518003,MODIS/061/MCD43A3,2010_01_01
2010-01-02,0.4131774463040271,3.3338356735951673,MODIS/061/MCD43A3,2010_01_02
2010-01-03,0.4169638938663425,3.2856363097551156,MODIS/061/MCD43A3,2010_01_03
2010-01-04,0.40681380768192776,4.305607026359363,MODIS/061/MCD43A3,2010_01_04
2010-01-05,0.4141800900275298,4.4316292371009895,MODIS/061/MCD43A3,2010_01_05
2010-01-06,0.41414189902309356,4.342853482280234,MODIS/061/MCD43A3,2010_01_06
2010-01-07,0.42506982597052356,3.441469150862037,MODIS/061/MCD43A3,2010_01_07
2010-01-08,0.4360929746147897,2.4482908158423853,MODIS/061/MCD43A3,2010_01_08
2010-01-09,0.4366626627965931,2.4187980530252267,MODIS/061/MCD43A3,2010_01_09
2010-01-10,0.4587185714629189,2.5111858052067735,MODIS/061/MCD43A3,2010_01_10
2010-01-11,0.44147278111596533,2.819798651189838,MODIS/061/MCD43A3,2010_01_11
2010-01-12,0.42927589409465633,4.270877922798141,MODIS/061/MCD43A3,2010_01_12
2010-01-13,0.4293852825124692,4.356549797693758,MODIS/061/MCD43A3,2010_01_13
2010-01-14,0.43173614902914,4.347031022993936,MODIS/061/MCD43A3,2010_01_14
2010-01-15,0.42942967093482126,4.196140856866714,MODIS/061/MCD43A3,2010_01_15
2010-01-16,0.4132954720976952,3.9166045547626065,MODIS/061/MCD43A3,2010_01_16
2010-01-17,0.4312848850776155,3.3158535684061636,MODIS/061/MCD43A3,2010_01_17
2010-01-18,0.4262434771965043,3.0847364022544768,MODIS/061/MCD43A3,2010_01_18
2010-01-19,0.49062427623941435,1.9790511523595338,MODIS/061/MCD43A3,2010_01_19
2010-01-20,0.48147793525345683,1.0369391005703066,MODIS/061/MCD43A3,2010_01_20
2010-01-21,0.48541403898341695,0.399403408750349,MODIS/061/MCD43A3,2010_01_21
2010-01-22,0.45745484293423805,1.227210054240709,MODIS/061/MCD43A3,2010_01_22
2010-01-23,0.47328579666945625,2.074381741615193,MODIS/061/MCD43A3,2010_01_23
2010-01-24,0.4809486773703842,2.3115050242073543,MODIS/061/MCD43A3,2010_01_24
2010-01-25,0.47431459570987633,2.6530347161551107,MODIS/061/MCD43A3,2010_01_25
2010-01-26,0.44935679523665195,3.393966641806065,MODIS/061/MCD43A3,2010_01_26
2010-01-27,0.47186834462006927,3.4607109780499203,MODIS/061/MCD43A3,2010_01_27
2010-01-28,0.4887049289535295,2.7378030926029133,MODIS/061/MCD43A3,2010_01_28
2010-01-29,0.4864112457846361,2.688862761280291,MODIS/061/MCD43A3,2010_01_29
2010-01-30,0.4871881008891455,2.6702361996138118,MODIS/061/MCD43A3,2010_01_30
2010-01-31,0.48885756570520084,2.7270920581845584,MODIS/061/MCD43A3,2010_01_31
2010-02-01,0.4874016105994276,2.764757208862866,MODIS/061/MCD43A3,2010_02_01
2010-02-02,0.49525613275933283,2.696368692221516,MODIS/061/MCD43A3,2010_02_02
2010-02-03,0.48708362781963455,2.425311420536901,MODIS/061/MCD43A3,2010_02_03
2010-02-04,0.47951022959367456,2.1594751079091594,MODIS/061/MCD43A3,2010_02_04
2010-02-05,0.4781825731938258,2.226109293206004,MODIS/061/MCD43A3,2010_02_05
2010-02-06,0.46458198697194303,2.2071059224925555,MODIS/061/MCD43A3,2010_02_06
2010-02-07,0.5058058867676334,1.683706365510215,MODIS/061/MCD43A3,2010_02_07
2010-02-08,0.524814608259883,2.339431218143666,MODIS/061/MCD43A3,2010_02_08
2010-02-09,0.5165457114522086,2.5910004128765216,MODIS/061/MCD43A3,2010_02_09
2010-02-10,0.5304185519920444,2.4437334531377295,MODIS/061/MCD43A3,2010_02_10
2010-02-11,0.6267941519318211,0.8758898666283542,MODIS/061/MCD43A3,2010_02_11
2010-02-12,0.622294561439416,0.8758889588967063,MODIS/061/MCD43A3,2010_02_12
2010-02-13,0.6179788069625309,0.8473305895571072,MODIS/061/MCD43A3,2010_02_13
2010-02-14,0.621706653957385,0.8092536778393186,MODIS/061/MCD43A3,2010_02_14
2010-02-15,0.6228219041331695,0.7997355548711707,MODIS/061/MCD43A3,2010_02_15
2010-02-16,0.6235678863521352,0.8378118083647015,MODIS/061/MCD43A3,2010_02_16
2010-02-17,0.6230441638571828,0.8378118879694403,MODIS/061/MCD43A3,2010_02_17
2010-02-18,0.6233938120935952,0.7711756320510353,MODIS/061/MCD43A3,2010_02_18
2010-02-19,,0.0,MODIS/061/MCD43A3,2010_02_19
2010-02-20,0.6558523090880825,0.25702669931736366,MODIS/061/MCD43A3,2010_02_20
2010-02-21,0.6553933091006859,0.2665460591292884,MODIS/061/MCD43A3,2010_02_21
2010-02-22,0.6506901051800991,0.27606553894238656,MODIS/061/MCD43A3,2010_02_22
2010-02-23,0.6108704275357273,0.9778039490759486,MODIS/061/MCD43A3,2010_02_23
2010-02-24,0.546,0.00951945961488084,MODIS/061/MCD43A3,2010_02_24
2010-02-25,,0.0,MODIS/061/MCD43A3,2010_02_25
2010-02-26,,0.0,MODIS/061/MCD43A3,2010_02_26
2010-02-27,,0.0,MODIS/061/MCD43A3,2010_02_27
2010-02-28,,0.0,MODIS/061/MCD43A3,2010_02_28
2010-03-01,,0.0,MODIS/061/MCD43A3,2010_03_01
2010-03-02,,0.0,MODIS/061/MCD43A3,2010_03_02
2010-03-03,,0.0,MODIS/061/MCD43A3,2010_03_03
2010-03-04,,0.0,MODIS/061/MCD43A3,2010_03_04
2010-03-05,0.561,0.00951945961488084,MODIS/061/MCD43A3,2010_03_05
2010-03-06,0.5241999893062237,0.047597318272621494,MODIS/061/MCD43A3,2010_03_06
2010-03-07,0.5243999892213526,0.047597318272621494,MODIS/061/MCD43A3,2010_03_07
2010-03-08,,0.0,MODIS/061/MCD43A3,2010_03_08
2010-03-09,,0.0,MODIS/061/MCD43A3,2010_03_09
2010-03-10,,0.0,MODIS/061/MCD43A3,2010_03_10
2010-03-11,,0.0,MODIS/061/MCD43A3,2010_03_11
2010-03-12,,0.0,MODIS/061/MCD43A3,2010_03_12
2010-03-13,,0.0,MODIS/061/MCD43A3,2010_03_13
2010-03-14,,0.0,MODIS/061/MCD43A3,2010_03_14
2010-03-15,,0.0,MODIS/061/MCD43A3,2010_03_15
2010-03-16,0.5750000189764085,0.11423362646876521,MODIS/061/MCD43A3,2010_03_16
2010-03-17,0.5421613704952704,0.4176616405134567,MODIS/061/MCD43A3,2010_03_17
2010-03-18,0.5767514206478734,4.118996433574418,MODIS/061/MCD43A3,2010_03_18
2010-03-19,0.574280793269669,4.0142806704673015,MODIS/061/MCD43A3,2010_03_19
2010-03-20,0.5714059008166243,3.900083457062791,MODIS/061/MCD43A3,2010_03_20
2010-03-21,0.5985052555420979,9.429004355290566,MODIS/061/MCD43A3,2010_03_21
2010-03-22,0.5990081532566098,10.110717963075185,MODIS/061/MCD43A3,2010_03_22
2010-03-23,0.5915960552041408,10.772067177367424,MODIS/061/MCD43A3,2010_03_23
2010-03-24,0.5393388060957965,13.417061649434777,MODIS/061/MCD43A3,2010_03_24
2010-03-25,0.5340041889942644,14.163115791242612,MODIS/061/MCD43A3,2010_03_25
2010-03-26,0.5325962542635716,14.155503497940323,MODIS/061/MCD43A3,2010_03_26
2010-03-27,0.5305240846116924,13.673371348825846,MODIS/061/MCD43A3,2010_03_27
2010-03-28,0.5279279996267776,13.707305907022103,MODIS/061/MCD43A3,2010_03_28
2010-03-29,0.5296782710490399,15.865009967798974,MODIS/061/MCD43A3,2010_03_29
2010-03-30,0.5345085979650328,20.663367461148653,MODIS/061/MCD43A3,2010_03_30
2010-03-31,0.5178361671095378,16.834344013828836,MODIS/061/MCD43A3,2010_03_31
2010-04-01,0.515754548546992,16.84339636184082,MODIS/061/MCD43A3,2010_04_01
2010-04-02,0.5200008810203618,15.495375710368974,MODIS/061/MCD43A3,2010_04_02
2010-04-03,0.5435287110146217,20.480148882603405,MODIS/061/MCD43A3,2010_04_03
2010-04-04,0.5451439494353725,20.776153933996127,MODIS/061/MCD43A3,2010_04_04
2010-04-05,0.5459156802548037,20.973344311998254,MODIS/061/MCD43A3,2010_04_05
2010-04-06,0.5291501510638517,14.311574034189338,MODIS/061/MCD43A3,2010_04_06
2010-04-07,0.5298188350236797,14.46388879380331,MODIS/061/MCD43A3,2010_04_07
2010-04-08,0.5343809824553245,12.700031594899432,MODIS/061/MCD43A3,2010_04_08
2010-04-09,0.5820347295424215,3.985726910526296,MODIS/061/MCD43A3,2010_04_09
2010-04-10,0.595007985361524,6.4948044346004705,MODIS/061/MCD43A3,2010_04_10
2010-04-11,0.5828990460274257,11.717886934814388,MODIS/061/MCD43A3,2010_04_11
2010-04-12,0.5730270881359183,16.38996980905474,MODIS/061/MCD43A3,2010_04_12
2010-04-13,0.5266241404417515,24.472802521818288,MODIS/061/MCD43A3,2010_04_13
2010-04-14,0.526123125638483,25.205576108316617,MODIS/061/MCD43A3,2010_04_14
2010-04-15,0.5141234592707822,25.145532372150935,MODIS/061/MCD43A3,2010_04_15
2010-04-16,0.4791931931411312,26.56839906589594,MODIS/061/MCD43A3,2010_04_16
2010-04-17,0.4619075537483972,29.14695608770924,MODIS/061/MCD43A3,2010_04_17
2010-04-18,0.4307357171530667,30.384046145540182,MODIS/061/MCD43A3,2010_04_18
2010-04-19,0.4253533514990858,29.699873322550623,MODIS/061/MCD43A3,2010_04_19
2010-04-20,0.4247225191447352,29.400452566320958,MODIS/061/MCD43A3,2010_04_20
2010-04-21,0.4114459582414286,31.70062648038532,MODIS/061/MCD43A3,2010_04_21
2010-04-22,0.41063573453964564,31.48689763704,MODIS/061/MCD43A3,2010_04_22
2010-04-23,0.4027440221391203,33.905231883893485,MODIS/061/MCD43A3,2010_04_23
2010-04-24,0.402737107226763,33.83150020926662,MODIS/061/MCD43A3,2010_04_24
2010-04-25,0.4006188355278281,32.56075728138688,MODIS/061/MCD43A3,2010_04_25
2010-04-26,0.41377400203898634,35.83258911490373,MODIS/061/MCD43A3,2010_04_26
2010-04-27,0.3811182900854235,28.133012936583253,MODIS/061/MCD43A3,2010_04_27
2010-04-28,0.3969532077686542,29.0773620639045,MODIS/061/MCD43A3,2010_04_28
2010-04-29,0.3609165354308171,18.70329057497566,MODIS/061/MCD43A3,2010_04_29
2010-04-30,0.3773028718297584,16.833322232974844,MODIS/061/MCD43A3,2010_04_30
2010-05-01,0.36299311987814126,13.459730816706267,MODIS/061/MCD43A3,2010_05_01
2010-05-02,0.26474135578604335,5.944208010174486,MODIS/061/MCD43A3,2010_05_02
2010-05-03,0.23225037544194074,2.9348014271912426,MODIS/061/MCD43A3,2010_05_03
2010-05-04,0.153,0.009294936909330363,MODIS/061/MCD43A3,2010_05_04
2010-05-05,0.156,0.009294936909330363,MODIS/061/MCD43A3,2010_05_05
2010-05-06,0.15980562698013775,6.552254260492294,MODIS/061/MCD43A3,2010_05_06
2010-05-07,0.16918656836794535,6.752872324960455,MODIS/061/MCD43A3,2010_05_07
2010-05-08,0.18205289887897325,9.964734954646694,MODIS/061/MCD43A3,2010_05_08
2010-05-09,0.17079706067808703,7.10012409807397,MODIS/061/MCD43A3,2010_05_09
2010-05-10,0.17004903055053153,7.121253428322458,MODIS/061/MCD43A3,2010_05_10
2010-05-11,0.1683768298691537,8.784838592806548,MODIS/061/MCD43A3,2010_05_11
2010-05-12,0.174462485879209,10.002218175881515,MODIS/061/MCD43A3,2010_05_12
2010-05-13,0.1740304344368734,10.164042058969695,MODIS/061/MCD43A3,2010_05_13
2010-05-14,0.17506292231783677,9.34490553201939,MODIS/061/MCD43A3,2010_05_14
2010-05-15,0.17514959245387937,8.898886878760688,MODIS/061/MCD43A3,2010_05_15
2010-05-16,0.17383839519219899,8.775134672487624,MODIS/061/MCD43A3,2010_05_16
2010-05-17,0.16815534202971127,10.433996097420666,MODIS/061/MCD43A3,2010_05_17
2010-05-18,0.163750607697261,8.05969154609343,MODIS/061/MCD43A3,2010_05_18
2010-05-19,0.1589616945929193,7.480152466452694,MODIS/061/MCD43A3,2010_05_19
2010-05-20,0.15895879943789512,7.403998743414138,MODIS/061/MCD43A3,2010_05_20
2010-05-21,0.15444229093379272,7.044101213615113,MODIS/061/MCD43A3,2010_05_21
2010-05-22,0.14528694161515943,9.582996318388492,MODIS/061/MCD43A3,2010_05_22
2010-05-23,0.1421317863580034,7.372091031209717,MODIS/061/MCD43A3,2010_05_23
2010-05-24,0.1397295875932874,4.762289301221673,MODIS/061/MCD43A3,2010_05_24
2010-05-25,0.1401987583940343,4.621596448256493,MODIS/061/MCD43A3,2010_05_25
2010-05-26,0.14009503906464538,4.659672811058023,MODIS/061/MCD43A3,2010_05_26
2010-05-27,0.13809627005968744,2.985603339754353,MODIS/061/MCD43A3,2010_05_27
2010-05-28,0.14214831446977536,1.3351095327461204,MODIS/061/MCD43A3,2010_05_28
2010-05-29,0.14114212852552235,4.192853501632364,MODIS/061/MCD43A3,2010_05_29
2010-05-30,0.14163486084475754,4.564107354483914,MODIS/061/MCD43A3,2010_05_30
2010-05-31,0.14278297025073886,10.215659475166582,MODIS/061/MCD43A3,2010_05_31
2010-06-01,0.14344239205396206,13.712696058696713,MODIS/061/MCD43A3,2010_06_01
2010-06-02,0.14444453200820198,15.264847947024247,MODIS/061/MCD43A3,2010_06_02
2010-06-03,0.14741461928582414,20.069241722755372,MODIS/061/MCD43A3,2010_06_03
2010-06-04,0.14752744011078214,20.207960952667293,MODIS/061/MCD43A3,2010_06_04
2010-06-05,0.14753346847977458,20.244915281608943,MODIS/061/MCD43A3,2010_06_05
2010-06-06,0.14747252511316758,19.940805655161604,MODIS/061/MCD43A3,2010_06_06
2010-06-07,0.1472776627620912,20.046737282944733,MODIS/061/MCD43A3,2010_06_07
2010-06-08,0.15592801072363352,25.784769602772805,MODIS/061/MCD43A3,2010_06_08
2010-06-09,0.16038437921336446,29.232388378635118,MODIS/061/MCD43A3,2010_06_09
2010-06-10,0.15938092241723623,30.35469700981044,MODIS/061/MCD43A3,2010_06_10
2010-06-11,0.16022343695870633,29.822136972768476,MODIS/061/MCD43A3,2010_06_11
2010-06-12,0.15943508699446415,30.965298324708368,MODIS/061/MCD43A3,2010_06_12
2010-06-13,0.16039896271549428,34.348690148438486,MODIS/061/MCD43A3,2010_06_13
2010-06-14,0.15669301061802293,33.97786234324259,MODIS/061/MCD43A3,2010_06_14
2010-06-15,0.15650094467333214,34.67452445169171,MODIS/061/MCD43A3,2010_06_15
2010-06-16,0.15010618303527254,28.992496506587642,MODIS/061/MCD43A3,2010_06_16
2010-06-17,0.1470122007448802,25.458574709985616,MODIS/061/MCD43A3,2010_06_17
2010-06-18,0.14463763901901258,21.8402982714107,MODIS/061/MCD43A3,2010_06_18
2010-06-19,0.13826041451013057,16.191569937504706,MODIS/061/MCD43A3,2010_06_19
2010-06-20,0.1440099336010227,25.10714196340626,MODIS/061/MCD43A3,2010_06_20
2010-06-21,0.14800682476509933,35.518608190643,MODIS/061/MCD43A3,2010_06_21
2010-06-22,0.15417366210571093,43.9732698203994,MODIS/061/MCD43A3,2010_06_22
2010-06-23,0.14821591065789888,38.4920702571257,MODIS/061/MCD43A3,2010_06_23
2010-06-24,0.14628169345250372,37.82800218357082,MODIS/061/MCD43A3,2010_06_24
2010-06-25,0.14730612980882957,41.05956706176136,MODIS/061/MCD43A3,2010_06_25
2010-06-26,0.14962385698599648,42.53903990079003,MODIS/061/MCD43A3,2010_06_26
2010-06-27,0.14989641520395935,43.929416439650126,MODIS/061/MCD43A3,2010_06_27
2010-06-28,0.14904985394593528,45.28310344812747,MODIS/061/MCD43A3,2010_06_28
2010-06-29,0.149532707773842,44.92817054632223,MODIS/061/MCD43A3,2010_06_29
2010-06-30,0.1509983479037755,48.38102816219444,MODIS/061/MCD43A3,2010_06_30
2010-07-01,0.15067565874041558,48.36690144140912,MODIS/061/MCD43A3,2010_07_01
2010-07-02,0.15091858294137275,48.46875591949289,MODIS/061/MCD43A3,2010_07_02
2010-07-03,0.15055779670753075,49.77289886788565,MODIS/061/MCD43A3,2010_07_03
2010-07-04,0.15538487155194486,54.243318484470066,MODIS/061/MCD43A3,2010_07_04
2010-07-05,0.15851749075836655,62.74847654408682,MODIS/061/MCD43A3,2010_07_05
2010-07-06,0.15962313282300827,62.701437941881785,MODIS/061/MCD43A3,2010_07_06
2010-07-07,0.15377499057633365,55.69723421133735,MODIS/061/MCD43A3,2010_07_07
2010-07-08,0.14962874970087803,48.53284186413102,MODIS/061/MCD43A3,2010_07_08
2010-07-09,0.1457323200565639,46.50969890118371,MODIS/061/MCD43A3,2010_07_09
2010-07-10,0.14431743803819128,44.516161497773425,MODIS/061/MCD43A3,2010_07_10
2010-07-11,0.1383014412803143,36.47798511943209,MODIS/061/MCD43A3,2010_07_11
2010-07-12,0.13987829701089363,42.78325851221086,MODIS/061/MCD43A3,2010_07_12
2010-07-13,0.14234268230771305,48.101682226445185,MODIS/061/MCD43A3,2010_07_13
2010-07-14,0.14214396389964692,46.09874019334183,MODIS/061/MCD43A3,2010_07_14
2010-07-15,0.14292559759361725,51.17911719200723,MODIS/061/MCD43A3,2010_07_15
2010-07-16,0.14104494776708043,56.03237155363619,MODIS/061/MCD43A3,2010_07_16
2010-07-17,0.14145615734340655,57.65256445635854,MODIS/061/MCD43A3,2010_07_17
2010-07-18,0.14770383955729127,70.13006662207114,MODIS/061/MCD43A3,2010_07_18
2010-07-19,0.15009124626406348,74.8628526210539,MODIS/061/MCD43A3,2010_07_19
2010-07-20,0.14995855281582815,77.54558933335932,MODIS/061/MCD43A3,2010_07_20
2010-07-21,0.1470478575340723,78.2907110761749,MODIS/061/MCD43A3,2010_07_21
2010-07-22,0.14715446340785207,78.67506692993544,MODIS/061/MCD43A3,2010_07_22
2010-07-23,0.1472506392783553,78.58658320972519,MODIS/061/MCD43A3,2010_07_23
2010-07-24,0.14783313892296793,77.46765976116642,MODIS/061/MCD43A3,2010_07_24
2010-07-25,0.15134538560947894,87.44262383538032,MODIS/061/MCD43A3,2010_07_25
2010-07-26,0.1515375214155725,89.05354945668333,MODIS/061/MCD43A3,2010_07_26
2010-07-27,0.15163580886330363,89.1914954535926,MODIS/061/MCD43A3,2010_07_27
2010-07-28,0.14946101055152966,87.40673025985545,MODIS/061/MCD43A3,2010_07_28
2010-07-29,0.14803173179502493,85.4636968153226,MODIS/061/MCD43A3,2010_07_29
2010-07-30,0.14805540770676584,85.98731237128497,MODIS/061/MCD43A3,2010_07_30
2010-07-31,0.15048610610591437,88.16950301030779,MODIS/061/MCD43A3,2010_07_31
2010-08-01,0.1489001871743239,87.52168619964193,MODIS/061/MCD43A3,2010_08_01
2010-08-02,0.1504738205179038,90.30284262802243,MODIS/061/MCD43A3,2010_08_02
2010-08-03,0.14878533993379714,90.97025411515645,MODIS/061/MCD43A3,2010_08_03
2010-08-04,0.14887158162827932,91.38271030822644,MODIS/061/MCD43A3,2010_08_04
2010-08-05,0.14801088439928559,89.84338915142276,MODIS/061/MCD43A3,2010_08_05
2010-08-06,0.147380219696996,88.69645631892962,MODIS/061/MCD43A3,2010_08_06
2010-08-07,0.14687555185622408,88.24370723925351,MODIS/061/MCD43A3,2010_08_07
2010-08-08,0.1473105102503897,89.15337867076852,MODIS/061/MCD43A3,2010_08_08
2010-08-09,0.14694430811109904,89.39566953417524,MODIS/061/MCD43A3,2010_08_09
2010-08-10,0.1437240625259825,82.06323027401923,MODIS/061/MCD43A3,2010_08_10
2010-08-11,0.14375547129615926,82.22447046293418,MODIS/061/MCD43A3,2010_08_11
2010-08-12,0.1443388935863912,87.3065406461297,MODIS/061/MCD43A3,2010_08_12
2010-08-13,0.14507263055683772,89.56458585258568,MODIS/061/MCD43A3,2010_08_13
2010-08-14,0.14496400247701705,88.0815278600021,MODIS/061/MCD43A3,2010_08_14
2010-08-15,0.14609624289758377,92.10343405231337,MODIS/061/MCD43A3,2010_08_15
2010-08-16,0.14577850040606924,89.78493968036932,MODIS/061/MCD43A3,2010_08_16
2010-08-17,0.1456910325569505,92.24049077311679,MODIS/061/MCD43A3,2010_08_17
2010-08-18,0.14542052511495435,91.59594145449569,MODIS/061/MCD43A3,2010_08_18
2010-08-19,0.14419785244508418,92.02974634002666,MODIS/061/MCD43A3,2010_08_19
2010-08-20,0.14381941190946076,92.25874642888824,MODIS/061/MCD43A3,2010_08_20
2010-08-21,0.14395216858738114,92.78275269352126,MODIS/061/MCD43A3,2010_08_21
2010-08-22,0.1443524967670653,94.00871272108192,MODIS/061/MCD43A3,2010_08_22
2010-08-23,0.14468119391143566,93.92006814868733,MODIS/061/MCD43A3,2010_08_23
2010-08-24,0.14509767208772859,95.26201054825611,MODIS/061/MCD43A3,2010_08_24
2010-08-25,0.1451229578478073,93.4750438787311,MODIS/061/MCD43A3,2010_08_25
2010-08-26,0.14528787598351095,95.22583369630505,MODIS/061/MCD43A3,2010_08_26
2010-08-27,0.145095906845362,95.15094429527826,MODIS/061/MCD43A3,2010_08_27
2010-08-28,0.14413998193615665,95.35802516742827,MODIS/061/MCD43A3,2010_08_28
2010-08-29,0.14404573734586967,95.97700777593273,MODIS/061/MCD43A3,2010_08_29
2010-08-30,0.14355123345522638,95.29043657626444,MODIS/061/MCD43A3,2010_08_30
2010-08-31,0.1436143074300828,94.957300009904,MODIS/061/MCD43A3,2010_08_31
2010-09-01,0.14370454153909817,93.85864784029638,MODIS/061/MCD43A3,2010_09_01
2010-09-02,0.14316616895283826,94.37927112159583,MODIS/061/MCD43A3,2010_09_02
2010-09-03,0.1431763311278822,94.69999796983262,MODIS/061/MCD43A3,2010_09_03
2010-09-04,0.14255934451754246,92.74595842049058,MODIS/061/MCD43A3,2010_09_04
2010-09-05,0.1420147266173863,91.34829133847948,MODIS/061/MCD43A3,2010_09_05
2010-09-06,0.14159405033887462,88.89488476122612,MODIS/061/MCD43A3,2010_09_06
2010-09-07,0.14000096255840486,88.77815658493785,MODIS/061/MCD43A3,2010_09_07
2010-09-08,0.1390223225910298,83.99250914562221,MODIS/061/MCD43A3,2010_09_08
2010-09-09,0.13844729759818825,81.5335821641009,MODIS/061/MCD43A3,2010_09_09
2010-09-10,0.13811437350987052,79.9938497152151,MODIS/061/MCD43A3,2010_09_10
2010-09-11,0.13765763807876408,78.925491934468,MODIS/061/MCD43A3,2010_09_11
2010-09-12,0.137084635527305,62.20584056182097,MODIS/061/MCD43A3,2010_09_12
2010-09-13,0.1357666771967189,51.2057688932476,MODIS/061/MCD43A3,2010_09_13
2010-09-14,0.13520920122891233,45.903048422873546,MODIS/061/MCD43A3,2010_09_14
2010-09-15,0.13539524205845072,48.80550651465157,MODIS/061/MCD43A3,2010_09_15
2010-09-16,0.13577836236748558,48.64366391069542,MODIS/061/MCD43A3,2010_09_16
2010-09-17,0.13619474835029055,49.74099686844994,MODIS/061/MCD43A3,2010_09_17
2010-09-18,0.1347867822072248,45.13339535467912,MODIS/061/MCD43A3,2010_09_18
2010-09-19,0.13437417137750285,40.93434858641395,MODIS/061/MCD43A3,2010_09_19
2010-09-20,0.13464379202531254,46.29520610985608,MODIS/061/MCD43A3,2010_09_20
2010-09-21,0.13550077157880663,49.334844880912264,MODIS/061/MCD43A3,2010_09_21
2010-09-22,0.13608239831816107,49.96863140088182,MODIS/061/MCD43A3,2010_09_22
2010-09-23,0.13611930412382836,50.02758635722739,MODIS/061/MCD43A3,2010_09_23
2010-09-24,0.1375807298572555,52.793708384389994,MODIS/061/MCD43A3,2010_09_24
2010-09-25,0.14049225272214058,56.52512294032933,MODIS/061/MCD43A3,2010_09_25
2010-09-26,0.142248598984949,59.27188093839022,MODIS/061/MCD43A3,2010_09_26
2010-09-27,0.14479339313027542,63.405560690723455,MODIS/061/MCD43A3,2010_09_27
2010-09-28,0.14536604584697443,64.04977123384569,MODIS/061/MCD43A3,2010_09_28
2010-09-29,0.14540789841614313,63.62052266821126,MODIS/061/MCD43A3,2010_09_29
2010-09-30,0.14569551004064468,62.857782841442514,MODIS/061/MCD43A3,2010_09_30
2010-10-01,0.14541674961805845,62.26401361193292,MODIS/061/MCD43A3,2010_10_01
2010-10-02,0.145526091721673,62.35256613983755,MODIS/061/MCD43A3,2010_10_02
2010-10-03,0.14540288282811895,61.94045449270372,MODIS/061/MCD43A3,2010_10_03
2010-10-04,0.14479085846795764,61.36474659706085,MODIS/061/MCD43A3,2010_10_04
2010-10-05,0.1447359920742437,60.81877294226913,MODIS/061/MCD43A3,2010_10_05
2010-10-06,0.14432133034767083,59.234960538407,MODIS/061/MCD43A3,2010_10_06
2010-10-07,0.14284953792100372,54.22017752962031,MODIS/061/MCD43A3,2010_10_07
2010-10-08,0.14179057940479153,49.71181408683603,MODIS/061/MCD43A3,2010_10_08
2010-10-09,0.14115720664477865,42.87556332290622,MODIS/061/MCD43A3,2010_10_09
2010-10-10,0.14099925887244827,36.96216498970349,MODIS/061/MCD43A3,2010_10_10
2010-10-11,0.13769994722656403,33.75424588737336,MODIS/061/MCD43A3,2010_10_11
2010-10-12,0.13582067995468078,27.83476581585489,MODIS/061/MCD43A3,2010_10_12
2010-10-13,0.13230364766914382,15.96435788860047,MODIS/061/MCD43A3,2010_10_13
2010-10-14,0.13088030441626594,6.510262328604531,MODIS/061/MCD43A3,2010_10_14
2010-10-15,0.12799214522408797,8.521043673702826,MODIS/061/MCD43A3,2010_10_15
2010-10-16,0.1288993192635944,10.496940174677077,MODIS/061/MCD43A3,2010_10_16
2010-10-17,0.13671310667014264,14.2351221614609,MODIS/061/MCD43A3,2010_10_17
2010-10-18,0.13953199556466134,12.924420673813092,MODIS/061/MCD43A3,2010_10_18
2010-10-19,0.14060170802656438,12.823257741629208,MODIS/061/MCD43A3,2010_10_19
2010-10-20,0.14302275939093545,12.653594463738028,MODIS/061/MCD43A3,2010_10_20
2010-10-21,0.142198578033573,7.623903344373072,MODIS/061/MCD43A3,2010_10_21
2010-10-22,0.1433686447889462,7.614384852490425,MODIS/061/MCD43A3,2010_10_22
2010-10-23,0.15055771485285296,7.454768897472195,MODIS/061/MCD43A3,2010_10_23
2010-10-24,0.14499260170219716,12.983230378662705,MODIS/061/MCD43A3,2010_10_24
2010-10-25,0.14797357379851578,14.00172565350912,MODIS/061/MCD43A3,2010_10_25
2010-10-26,0.1510361034439393,13.406128538916423,MODIS/061/MCD43A3,2010_10_26
2010-10-27,0.15316290588377487,11.027585087744487,MODIS/061/MCD43A3,2010_10_27
2010-10-28,0.16157596254609888,8.814809093037093,MODIS/061/MCD43A3,2010_10_28
2010-10-29,0.16764217931541944,8.926207311047708,MODIS/061/MCD43A3,2010_10_29
2010-10-30,0.16840712498755636,8.901869888102947,MODIS/061/MCD43A3,2010_10_30
2010-10-31,0.14908387702718334,7.1831621496195135,MODIS/061/MCD43A3,2010_10_31
2010-11-01,0.16088926051028696,4.966097216837911,MODIS/061/MCD43A3,2010_11_01
2010-11-02,0.15629282693346466,5.777655719638714,MODIS/061/MCD43A3,2010_11_02
2010-11-03,0.15183394361982497,5.6817510856724525,MODIS/061/MCD43A3,2010_11_03
2010-11-04,0.15727549593411752,4.397698253763238,MODIS/061/MCD43A3,2010_11_04
2010-11-05,0.15663561594542272,5.121825718273587,MODIS/061/MCD43A3,2010_11_05
2010-11-06,0.16112622953491154,7.405028365932438,MODIS/061/MCD43A3,2010_11_06
2010-11-07,0.15826426270209606,11.49508553288441,MODIS/061/MCD43A3,2010_11_07
2010-11-08,0.16433793768343322,13.932062465854388,MODIS/061/MCD43A3,2010_11_08
2010-11-09,0.1681967346491411,15.732875622993186,MODIS/061/MCD43A3,2010_11_09
2010-11-10,0.17396639092095328,16.167433087479193,MODIS/061/MCD43A3,2010_11_10
2010-11-11,0.17738027576988094,17.995349073141043,MODIS/061/MCD43A3,2010_11_11
2010-11-12,0.1818823422435432,19.25325328006072,MODIS/061/MCD43A3,2010_11_12
2010-11-13,0.18168797397697325,19.178929647072245,MODIS/061/MCD43A3,2010_11_13
2010-11-14,0.17967380244536021,19.236491069851873,MODIS/061/MCD43A3,2010_11_14
2010-11-15,0.1796415340142239,19.422209673605025,MODIS/061/MCD43A3,2010_11_15
2010-11-16,0.17971708687967797,20.701556333848796,MODIS/061/MCD43A3,2010_11_16
2010-11-17,0.1781674755165276,20.1094193716506,MODIS/061/MCD43A3,2010_11_17
2010-11-18,0.17764904644844717,19.8941976556216,MODIS/061/MCD43A3,2010_11_18
2010-11-19,0.1707782632646417,18.173645298008168,MODIS/061/MCD43A3,2010_11_19
2010-11-20,0.16368364165485028,18.448909159831373,MODIS/061/MCD43A3,2010_11_20
2010-11-21,0.162812781088606,18.160445332351888,MODIS/061/MCD43A3,2010_11_21
2010-11-22,0.15813476786651967,15.661608686777365,MODIS/061/MCD43A3,2010_11_22
2010-11-23,0.1585971660082069,13.894116754417519,MODIS/061/MCD43A3,2010_11_23
2010-11-24,0.15650246392993258,13.532034542072077,MODIS/061/MCD43A3,2010_11_24
2010-11-25,0.15032990705136445,11.957455944477337,MODIS/061/MCD43A3,2010_11_25
2010-11-26,0.15246987078590235,9.116678157748238,MODIS/061/MCD43A3,2010_11_26
2010-11-27,0.15162179510916549,7.0202717245284,MODIS/061/MCD43A3,2010_11_27
2010-11-28,0.15700771130860627,4.967183393462566,MODIS/061/MCD43A3,2010_11_28
2010-11-29,0.1567241127364769,4.985176836611443,MODIS/061/MCD43A3,2010_11_29
2010-11-30,0.17339613711130097,5.021404330857844,MODIS/061/MCD43A3,2010_11_30
2010-12-01,0.17492249220564687,5.020620391692381,MODIS/061/MCD43A3,2010_12_01
2010-12-02,0.2011548914653817,3.5432200436317287,MODIS/061/MCD43A3,2010_12_02
2010-12-03,0.2850678195908961,1.455239322208117,MODIS/061/MCD43A3,2010_12_03
2010-12-04,0.33103003511758083,1.220138466481225,MODIS/061/MCD43A3,2010_12_04
2010-12-05,0.351344432075892,1.4778044162888804,MODIS/061/MCD43A3,2010_12_05
2010-12-06,0.34558472004018176,2.193419611479658,MODIS/061/MCD43A3,2010_12_06
2010-12-07,0.34164053855003185,1.9954835550580154,MODIS/061/MCD43A3,2010_12_07
2010-12-08,0.34159803961573554,2.458250916744738,MODIS/061/MCD43A3,2010_12_08
2010-12-09,0.3549367493175949,2.141527376967108,MODIS/061/MCD43A3,2010_12_09
2010-12-10,0.33996707365281553,2.680080422688499,MODIS/061/MCD43A3,2010_12_10
2010-12-11,0.3464273527931557,2.8676843118125332,MODIS/061/MCD43A3,2010_12_11
2010-12-12,0.3551134745903084,2.8784422011786965,MODIS/061/MCD43A3,2010_12_12
2010-12-13,0.35716519454041507,2.8856467524044973,MODIS/061/MCD43A3,2010_12_13
2010-12-14,0.37000576716304884,2.376513642604699,MODIS/061/MCD43A3,2010_12_14
2010-12-15,0.3724213552626064,2.0167796126739206,MODIS/061/MCD43A3,2010_12_15
2010-12-16,0.3552477010461932,2.076352577495601,MODIS/061/MCD43A3,2010_12_16
2010-12-17,0.3507389912582194,2.053094307627933,MODIS/061/MCD43A3,2010_12_17
2010-12-18,0.3634740636504922,1.569973202107552,MODIS/061/MCD43A3,2010_12_18
2010-12-19,0.3594453111235007,2.384447771856673,MODIS/061/MCD43A3,2010_12_19
2010-12-20,0.35630592859851495,3.0027765097034913,MODIS/061/MCD43A3,2010_12_20
2010-12-21,0.3425642721473075,3.835322225225825,MODIS/061/MCD43A3,2010_12_21
2010-12-22,0.33939039655936115,4.256686650481374,MODIS/061/MCD43A3,2010_12_22
2010-12-23,0.35400614171226374,4.220741242639952,MODIS/061/MCD43A3,2010_12_23
2010-12-24,0.35558893122654883,5.10287199848006,MODIS/061/MCD43A3,2010_12_24
2010-12-25,0.3540727483085604,6.203128801423857,MODIS/061/MCD43A3,2010_12_25
2010-12-26,0.3549433031426385,6.178161800668021,MODIS/061/MCD43A3,2010_12_26
2010-12-27,0.3523206073049139,6.186233590582046,MODIS/061/MCD43A3,2010_12_27
2010-12-28,0.3555608166960035,6.058780939066695,MODIS/061/MCD43A3,2010_12_28
2010-12-29,0.3531811915394864,6.604645859993853,MODIS/061/MCD43A3,2010_12_29
2010-12-30,0.35540215610326176,7.4330602123899405,MODIS/061/MCD43A3,2010_12_30
2010-12-31,0.3563446439410322,7.8581613977161515,MODIS/061/MCD43A3,2010_12_31
2011-01-01,0.3575808946557262,7.901248065737743,MODIS/061/MCD43A3,2011_01_01
2011-01-02,0.35860132795372396,7.898000354728025,MODIS/061/MCD43A3,2011_01_02
2011-01-03,0.35906202649298796,8.316079651424891,MODIS/061/MCD43A3,2011_01_03
2011-01-04,0.35944291006190987,7.370384089090373,MODIS/061/MCD43A3,2011_01_04
2011-01-05,0.3607016300655587,7.006500863614323,MODIS/061/MCD43A3,2011_01_05
2011-01-06,0.3641028646779247,6.154957327445182,MODIS/061/MCD43A3,2011_01_06
2011-01-07,0.3615399499260088,5.873668585349909,MODIS/061/MCD43A3,2011_01_07
2011-01-08,0.3685297123236309,5.654375812906696,MODIS/061/MCD43A3,2011_01_08
2011-01-09,0.3627833993246186,6.082310177236684,MODIS/061/MCD43A3,2011_01_09
2011-01-10,0.3746996400237224,4.9637496283141616,MODIS/061/MCD43A3,2011_01_10
2011-01-11,0.37149457004406944,4.511915115506152,MODIS/061/MCD43A3,2011_01_11
2011-01-12,0.3840346722712009,4.881836982280575,MODIS/061/MCD43A3,2011_01_12
2011-01-13,0.38619334663644,4.924398814515355,MODIS/061/MCD43A3,2011_01_13
2011-01-14,0.39362841060192993,4.280507354168252,MODIS/061/MCD43A3,2011_01_14
2011-01-15,0.3940999761419828,3.2853528043413593,MODIS/061/MCD43A3,2011_01_15
2011-01-16,0.400518751481019,2.7518821037913925,MODIS/061/MCD43A3,2011_01_16
2011-01-17,0.4163813690242439,2.5910925511779217,MODIS/061/MCD43A3,2011_01_17
2011-01-18,0.4119208052166996,3.5793957656503212,MODIS/061/MCD43A3,2011_01_18
2011-01-19,0.4312569360836492,5.092974027916969,MODIS/061/MCD43A3,2011_01_19
2011-01-20,0.4293464344268047,5.5038032694316605,MODIS/061/MCD43A3,2011_01_20
2011-01-21,0.43402392024955844,4.904033580393521,MODIS/061/MCD43A3,2011_01_21
2011-01-22,0.4484301697801704,3.9920149763429578,MODIS/061/MCD43A3,2011_01_22
2011-01-23,0.44610873761351566,3.7559914525722387,MODIS/061/MCD43A3,2011_01_23
2011-01-24,0.4499176247676058,3.7179187086430616,MODIS/061/MCD43A3,2011_01_24
2011-01-25,0.4375023458088868,3.380407693002703,MODIS/061/MCD43A3,2011_01_25
2011-01-26,0.4431492104323262,3.6088745625608527,MODIS/061/MCD43A3,2011_01_26
2011-01-27,0.4438642914121423,4.99312785054912,MODIS/061/MCD43A3,2011_01_27
2011-01-28,0.44080643780934914,3.053442316694899,MODIS/061/MCD43A3,2011_01_28
2011-01-29,0.44827409822944725,2.510830325404815,MODIS/061/MCD43A3,2011_01_29
2011-01-30,0.44938254690828594,2.5298691413491317,MODIS/061/MCD43A3,2011_01_30
2011-01-31,0.44852261300087526,3.337029817541876,MODIS/061/MCD43A3,2011_01_31
2011-02-01,0.4496331128704636,3.365588066409044,MODIS/061/MCD43A3,2011_02_01
2011-02-02,0.4958617223398293,1.5597562068324513,MODIS/061/MCD43A3,2011_02_02
2011-02-03,0.48806329444447194,1.9921895865122041,MODIS/061/MCD43A3,2011_02_03
2011-02-04,0.5108006628968066,0.8845907685024115,MODIS/061/MCD43A3,2011_02_04
2011-02-05,0.5584546277847562,0.38096076765342374,MODIS/061/MCD43A3,2011_02_05
2011-02-06,0.5823811964772904,0.3428829260601616,MODIS/061/MCD43A3,2011_02_06
2011-02-07,0.5159186875088242,2.7097593740957424,MODIS/061/MCD43A3,2011_02_07
2011-02-08,0.5146692160956489,4.851978180994362,MODIS/061/MCD43A3,2011_02_08
2011-02-09,0.5179191771832146,5.203298760338336,MODIS/061/MCD43A3,2011_02_09
2011-02-10,0.5177380258335406,5.381225662692727,MODIS/061/MCD43A3,2011_02_10
2011-02-11,0.5179753472905536,5.400264125086339,MODIS/061/MCD43A3,2011_02_11
2011-02-12,0.5259223928671696,3.802209329437173,MODIS/061/MCD43A3,2011_02_12
2011-02-13,0.5227858778179331,3.7356471388323707,MODIS/061/MCD43A3,2011_02_13
2011-02-14,0.521994205193625,3.716608239800826,MODIS/061/MCD43A3,2011_02_14
2011-02-15,0.5269834204583939,3.6731173412819556,MODIS/061/MCD43A3,2011_02_15
2011-02-16,0.548471315825194,1.2627827156065359,MODIS/061/MCD43A3,2011_02_16
2011-02-17,0.5462949670154605,2.7288033756417494,MODIS/061/MCD43A3,2011_02_17
2011-02-18,0.5732009502800629,3.7918952335352447,MODIS/061/MCD43A3,2011_02_18
2011-02-19,0.5980598349382253,2.69885733344418,MODIS/061/MCD43A3,2011_02_19
2011-02-20,0.6080239154253203,4.546109350403567,MODIS/061/MCD43A3,2011_02_20
2011-02-21,0.6028106166519726,5.98143771750357,MODIS/061/MCD43A3,2011_02_21
2011-02-22,0.6045119695815784,6.803586558937657,MODIS/061/MCD43A3,2011_02_22
2011-02-23,0.6186073993578949,5.832813345344798,MODIS/061/MCD43A3,2011_02_23
2011-02-24,0.6086769191874155,5.265096840164697,MODIS/061/MCD43A3,2011_02_24
2011-02-25,0.6208916646548404,5.044175365672905,MODIS/061/MCD43A3,2011_02_25
2011-02-26,0.606543815170564,6.287400222135706,MODIS/061/MCD43A3,2011_02_26
2011-02-27,0.6063411201191887,7.0893934984443066,MODIS/061/MCD43A3,2011_02_27
2011-02-28,0.6033654535312839,7.031118309598072,MODIS/061/MCD43A3,2011_02_28
2011-03-01,0.6016154285844224,9.224875699117078,MODIS/061/MCD43A3,2011_03_01
2011-03-02,0.5962734513531952,9.806589116456221,MODIS/061/MCD43A3,2011_03_02
2011-03-03,0.5953296432404129,9.844666326988813,MODIS/061/MCD43A3,2011_03_03
2011-03-04,0.5959671727237965,9.591195303435542,MODIS/061/MCD43A3,2011_03_04
2011-03-05,0.5959439454918657,9.565128084688268,MODIS/061/MCD43A3,2011_03_05
2011-03-06,0.5895185161724024,9.078531091180862,MODIS/061/MCD43A3,2011_03_06
2011-03-07,0.5843678851113873,9.434887869941809,MODIS/061/MCD43A3,2011_03_07
2011-03-08,0.5855627971035416,9.792962424247957,MODIS/061/MCD43A3,2011_03_08
2011-03-09,0.5852593139081047,11.327694732000642,MODIS/061/MCD43A3,2011_03_09
2011-03-10,0.5836125040235379,10.611193954717388,MODIS/061/MCD43A3,2011_03_10
2011-03-11,0.5927014348034891,15.378447123974349,MODIS/061/MCD43A3,2011_03_11
2011-03-12,0.6056636597276212,19.447097436706166,MODIS/061/MCD43A3,2011_03_12
2011-03-13,0.5976988002213268,21.396354309100886,MODIS/061/MCD43A3,2011_03_13
2011-03-14,0.6114977687468374,25.794860758605502,MODIS/061/MCD43A3,2011_03_14
2011-03-15,0.6105135979601714,28.667739065241822,MODIS/061/MCD43A3,2011_03_15
2011-03-16,0.6074176066275622,27.94917612776937,MODIS/061/MCD43A3,2011_03_16
2011-03-17,0.6089845249050694,28.436849276810378,MODIS/061/MCD43A3,2011_03_17
2011-03-18,0.6069800598944498,25.10875815089466,MODIS/061/MCD43A3,2011_03_18
2011-03-19,0.6059524823747248,25.136117326137082,MODIS/061/MCD43A3,2011_03_19
2011-03-20,0.6074180920442117,24.830269942579342,MODIS/061/MCD43A3,2011_03_20
2011-03-21,0.6070594292329153,27.824841915516643,MODIS/061/MCD43A3,2011_03_21
2011-03-22,0.6033546591761606,29.585013515475726,MODIS/061/MCD43A3,2011_03_22
2011-03-23,0.6029285493474776,30.92830988145059,MODIS/061/MCD43A3,2011_03_23
2011-03-24,0.6026988888077862,31.477126722344376,MODIS/061/MCD43A3,2011_03_24
2011-03-25,0.6097589024603038,33.58325642822371,MODIS/061/MCD43A3,2011_03_25
2011-03-26,0.6093385913904786,33.78209112309586,MODIS/061/MCD43A3,2011_03_26
2011-03-27,0.5972698500835073,27.747067411122988,MODIS/061/MCD43A3,2011_03_27
2011-03-28,0.5911762969111419,26.229462988296252,MODIS/061/MCD43A3,2011_03_28
2011-03-29,0.6050244194681904,27.484812969020155,MODIS/061/MCD43A3,2011_03_29
2011-03-30,0.6008397933136235,26.677449797933924,MODIS/061/MCD43A3,2011_03_30
2011-03-31,0.5910371215016245,22.826403018620084,MODIS/061/MCD43A3,2011_03_31
2011-04-01,0.5890489928477312,22.086688191435695,MODIS/061/MCD43A3,2011_04_01
2011-04-02,0.5886028984993265,21.348866814411146,MODIS/061/MCD43A3,2011_04_02
2011-04-03,0.5823646159498165,22.098360483592874,MODIS/061/MCD43A3,2011_04_03
2011-04-04,0.5792002702603911,22.142902406673926,MODIS/061/MCD43A3,2011_04_04
2011-04-05,0.5649333579200327,23.424002371301793,MODIS/061/MCD43A3,2011_04_05
2011-04-06,0.5660417891181299,24.218959650976263,MODIS/061/MCD43A3,2011_04_06
2011-04-07,0.5513810230613763,20.083441034524213,MODIS/061/MCD43A3,2011_04_07
2011-04-08,0.5518486909979486,18.035680034365935,MODIS/061/MCD43A3,2011_04_08
2011-04-09,0.5500063306149268,18.092049166266275,MODIS/061/MCD43A3,2011_04_09
2011-04-10,0.5433671945261408,19.780728514772,MODIS/061/MCD43A3,2011_04_10
2011-04-11,0.5187970087180516,22.56671889004318,MODIS/061/MCD43A3,2011_04_11
2011-04-12,0.5087346050556005,22.84892530925406,MODIS/061/MCD43A3,2011_04_12
2011-04-13,0.5113065696370881,28.3854049447287,MODIS/061/MCD43A3,2011_04_13
2011-04-14,0.4730835982683368,25.414450134610256,MODIS/061/MCD43A3,2011_04_14
2011-04-15,0.460975091723881,25.299135807808668,MODIS/061/MCD43A3,2011_04_15
2011-04-16,0.41289222719997853,20.008698638431646,MODIS/061/MCD43A3,2011_04_16
2011-04-17,0.3989360647985895,20.072029295924604,MODIS/061/MCD43A3,2011_04_17
2011-04-18,0.394914750191157,20.198907384827432,MODIS/061/MCD43A3,2011_04_18
2011-04-19,0.387043974746711,19.653548139202307,MODIS/061/MCD43A3,2011_04_19
2011-04-20,0.3780200874612173,18.72229265293663,MODIS/061/MCD43A3,2011_04_20
2011-04-21,0.3124517609118859,10.35413355691561,MODIS/061/MCD43A3,2011_04_21
2011-04-22,0.2698399283322536,8.520473371681513,MODIS/061/MCD43A3,2011_04_22
2011-04-23,0.22907295067772115,13.621284464238903,MODIS/061/MCD43A3,2011_04_23
2011-04-24,0.2202806807275079,15.775560524368446,MODIS/061/MCD43A3,2011_04_24
2011-04-25,0.21243197762055738,18.46694543897761,MODIS/061/MCD43A3,2011_04_25
2011-04-26,0.19569072876635366,19.435763099413176,MODIS/061/MCD43A3,2011_04_26
2011-04-27,0.17570920608959859,20.141964094541912,MODIS/061/MCD43A3,2011_04_27
2011-04-28,0.16979797718634526,19.47955798240699,MODIS/061/MCD43A3,2011_04_28
2011-04-29,0.1725082981632116,19.130254995909038,MODIS/061/MCD43A3,2011_04_29
2011-04-30,0.15542153846959947,17.67206430216064,MODIS/061/MCD43A3,2011_04_30
2011-05-01,0.1513971290422833,16.19429134544223,MODIS/061/MCD43A3,2011_05_01
2011-05-02,0.14801850536131977,14.095328689313067,MODIS/061/MCD43A3,2011_05_02
2011-05-03,0.14568478204436275,10.324607100917387,MODIS/061/MCD43A3,2011_05_03
2011-05-04,0.1461836633176272,9.715557769912122,MODIS/061/MCD43A3,2011_05_04
2011-05-05,0.14709353406628772,12.17896376588223,MODIS/061/MCD43A3,2011_05_05
2011-05-06,0.1470129175555284,16.835553591051415,MODIS/061/MCD43A3,2011_05_06
2011-05-07,0.15043368869112805,18.824498011942254,MODIS/061/MCD43A3,2011_05_07
2011-05-08,0.15061108120519026,18.434206280069134,MODIS/061/MCD43A3,2011_05_08
2011-05-09,0.14972561747766489,8.258253353244317,MODIS/061/MCD43A3,2011_05_09
2011-05-10,0.1478585448495486,7.919544724356626,MODIS/061/MCD43A3,2011_05_10
2011-05-11,0.13771228764056756,4.0831482420763,MODIS/061/MCD43A3,2011_05_11
2011-05-12,0.13886039247886708,1.9899965087132792,MODIS/061/MCD43A3,2011_05_12
2011-05-13,0.1386032146267004,2.8737061077997867,MODIS/061/MCD43A3,2011_05_13
2011-05-14,0.13902513705435474,9.66731944250166,MODIS/061/MCD43A3,2011_05_14
2011-05-15,0.14085370661567806,15.871951332346468,MODIS/061/MCD43A3,2011_05_15
2011-05-16,0.1406155682266576,16.031808364939167,MODIS/061/MCD43A3,2011_05_16
2011-05-17,0.14527467389685,18.72464126709739,MODIS/061/MCD43A3,2011_05_17
2011-05-18,0.14527405910231916,18.960381534492697,MODIS/061/MCD43A3,2011_05_18
2011-05-19,0.14491869522966888,18.912782050852368,MODIS/061/MCD43A3,2011_05_19
2011-05-20,0.14659018139540328,20.633132697397645,MODIS/061/MCD43A3,2011_05_20
2011-05-21,0.14768788934518343,21.271824584282996,MODIS/061/MCD43A3,2011_05_21
2011-05-22,0.14589411272414748,19.629091411088663,MODIS/061/MCD43A3,2011_05_22
2011-05-23,0.14345509037977028,19.296589958516655,MODIS/061/MCD43A3,2011_05_23
2011-05-24,0.14540912199528708,21.29340618317736,MODIS/061/MCD43A3,2011_05_24
2011-05-25,0.15295138324295374,43.459668700532944,MODIS/061/MCD43A3,2011_05_25
2011-05-26,0.15031367452828845,42.821916444421674,MODIS/061/MCD43A3,2011_05_26
2011-05-27,0.15012335270801985,42.75330270880195,MODIS/061/MCD43A3,2011_05_27
2011-05-28,0.15020940909232594,42.89807424809419,MODIS/061/MCD43A3,2011_05_28
2011-05-29,0.14992299315850538,44.16547031992437,MODIS/061/MCD43A3,2011_05_29
2011-05-30,0.14520752701435746,37.40521309862708,MODIS/061/MCD43A3,2011_05_30
2011-05-31,0.14238723116063468,31.891449742283086,MODIS/061/MCD43A3,2011_05_31
2011-06-01,0.1423187131988308,32.28173330635357,MODIS/061/MCD43A3,2011_06_01
2011-06-02,0.1404099486847856,28.035861320784065,MODIS/061/MCD43A3,2011_06_02
2011-06-03,0.14012921165056616,27.864653148989184,MODIS/061/MCD43A3,2011_06_03
2011-06-04,0.13993448451246146,28.064553949735803,MODIS/061/MCD43A3,2011_06_04
2011-06-05,0.13944382078986892,23.15999554849533,MODIS/061/MCD43A3,2011_06_05
2011-06-06,0.1384342927471796,19.924208081133276,MODIS/061/MCD43A3,2011_06_06
2011-06-07,0.13842602167922452,20.247874408283202,MODIS/061/MCD43A3,2011_06_07
2011-06-08,0.13733312607246248,20.962051927143428,MODIS/061/MCD43A3,2011_06_08
2011-06-09,0.13641715514807748,18.182399982507988,MODIS/061/MCD43A3,2011_06_09
2011-06-10,0.13760356239300608,10.608969018106063,MODIS/061/MCD43A3,2011_06_10
2011-06-11,0.1356961032486203,8.85106944953678,MODIS/061/MCD43A3,2011_06_11
2011-06-12,0.1362936299538121,9.412219570697873,MODIS/061/MCD43A3,2011_06_12
2011-06-13,0.13576590687134915,12.669056945677461,MODIS/061/MCD43A3,2011_06_13
2011-06-14,0.1357884404616773,13.382155977104755,MODIS/061/MCD43A3,2011_06_14
2011-06-15,0.1356782234876984,16.06643933396582,MODIS/061/MCD43A3,2011_06_15
2011-06-16,0.13565846820826127,18.210924768572216,MODIS/061/MCD43A3,2011_06_16
2011-06-17,0.135021648388823,31.52090912285392,MODIS/061/MCD43A3,2011_06_17
2011-06-18,0.13493614217690436,31.282914856762304,MODIS/061/MCD43A3,2011_06_18
2011-06-19,0.13572956937149416,34.77827855880995,MODIS/061/MCD43A3,2011_06_19
2011-06-20,0.13772080360801342,44.44183590910171,MODIS/061/MCD43A3,2011_06_20
2011-06-21,0.13954805119963742,51.70398081934609,MODIS/061/MCD43A3,2011_06_21
2011-06-22,0.13972685478644895,51.79839361507011,MODIS/061/MCD43A3,2011_06_22
2011-06-23,0.13990106338626465,51.830802914900026,MODIS/061/MCD43A3,2011_06_23
2011-06-24,0.14191814011356466,54.97622299246984,MODIS/061/MCD43A3,2011_06_24
2011-06-25,0.1430177140452479,56.49975881973002,MODIS/061/MCD43A3,2011_06_25
2011-06-26,0.1477240513267801,68.16337204469141,MODIS/061/MCD43A3,2011_06_26
2011-06-27,0.1497822864567618,71.91209180491893,MODIS/061/MCD43A3,2011_06_27
2011-06-28,0.1531983413753134,78.03473024507575,MODIS/061/MCD43A3,2011_06_28
2011-06-29,0.1529359377160683,77.7943918469942,MODIS/061/MCD43A3,2011_06_29
2011-06-30,0.1522646756976466,76.27647844339201,MODIS/061/MCD43A3,2011_06_30
2011-07-01,0.1532746864972762,76.79456379195277,MODIS/061/MCD43A3,2011_07_01
2011-07-02,0.15369113072039148,75.61046515043262,MODIS/061/MCD43A3,2011_07_02
2011-07-03,0.15148315746141897,76.65167081555073,MODIS/061/MCD43A3,2011_07_03
2011-07-04,0.15293143275474938,81.10216107481732,MODIS/061/MCD43A3,2011_07_04
2011-07-05,0.15413402729826842,84.79633877457255,MODIS/061/MCD43A3,2011_07_05
2011-07-06,0.15350148222974633,83.89183393866861,MODIS/061/MCD43A3,2011_07_06
2011-07-07,0.15255855348102204,82.91760648594932,MODIS/061/MCD43A3,2011_07_07
2011-07-08,0.15313788822415972,87.22049391122964,MODIS/061/MCD43A3,2011_07_08
2011-07-09,0.15333612129786528,88.15243622399908,MODIS/061/MCD43A3,2011_07_09
2011-07-10,0.1526739124063359,90.01661551735559,MODIS/061/MCD43A3,2011_07_10
2011-07-11,0.152196656562666,89.87762026293692,MODIS/061/MCD43A3,2011_07_11
2011-07-12,0.1495381310073698,86.56542802825278,MODIS/061/MCD43A3,2011_07_12
2011-07-13,0.14880633771700388,84.96386275790121,MODIS/061/MCD43A3,2011_07_13
2011-07-14,0.1477905443304009,85.40468967079751,MODIS/061/MCD43A3,2011_07_14
2011-07-15,0.14770858939850118,86.36993123107588,MODIS/061/MCD43A3,2011_07_15
2011-07-16,0.14743668264528448,86.6699638434175,MODIS/061/MCD43A3,2011_07_16
2011-07-17,0.14761022980364125,86.96408927625218,MODIS/061/MCD43A3,2011_07_17
2011-07-18,0.14771851974118935,88.90294872874097,MODIS/061/MCD43A3,2011_07_18
2011-07-19,0.14730388048966409,89.53738347487409,MODIS/061/MCD43A3,2011_07_19
2011-07-20,0.14717499440555226,90.41046672866655,MODIS/061/MCD43A3,2011_07_20
2011-07-21,0.1458850104206745,89.71520612350535,MODIS/061/MCD43A3,2011_07_21
2011-07-22,0.14579785545143886,89.77624575187355,MODIS/061/MCD43A3,2011_07_22
2011-07-23,0.145556541868698,88.20610561506018,MODIS/061/MCD43A3,2011_07_23
2011-07-24,0.14441569988837955,86.17739676776829,MODIS/061/MCD43A3,2011_07_24
2011-07-25,0.14340377091465228,83.18934934617772,MODIS/061/MCD43A3,2011_07_25
2011-07-26,0.1440001176203168,86.21927235255451,MODIS/061/MCD43A3,2011_07_26
2011-07-27,0.14427010677122465,89.05768671610258,MODIS/061/MCD43A3,2011_07_27
2011-07-28,0.1447790698443211,92.62453473160403,MODIS/061/MCD43A3,2011_07_28
2011-07-29,0.14533535716201423,93.71236012826652,MODIS/061/MCD43A3,2011_07_29
2011-07-30,0.14440272079453134,94.24699847640922,MODIS/061/MCD43A3,2011_07_30
2011-07-31,0.14415714336707303,94.03926244008494,MODIS/061/MCD43A3,2011_07_31
2011-08-01,0.14423040155245578,94.86290843478815,MODIS/061/MCD43A3,2011_08_01
2011-08-02,0.14435570938330805,95.20715143212463,MODIS/061/MCD43A3,2011_08_02
2011-08-03,0.14450316851304848,95.18983035816235,MODIS/061/MCD43A3,2011_08_03
2011-08-04,0.14477654579736748,95.40826563210439,MODIS/061/MCD43A3,2011_08_04
2011-08-05,0.14501927976491222,95.99696924200485,MODIS/061/MCD43A3,2011_08_05
2011-08-06,0.14488863683145678,96.7517663484245,MODIS/061/MCD43A3,2011_08_06
2011-08-07,0.1449111700201182,96.75834862799555,MODIS/061/MCD43A3,2011_08_07
2011-08-08,0.14492485407668948,96.57918443434467,MODIS/061/MCD43A3,2011_08_08
2011-08-09,0.1452907210585195,97.17919278385092,MODIS/061/MCD43A3,2011_08_09
2011-08-10,0.1455790886683795,96.77795407973043,MODIS/061/MCD43A3,2011_08_10
2011-08-11,0.14560216253722882,97.62457520993584,MODIS/061/MCD43A3,2011_08_11
2011-08-12,0.14567720889690003,97.54094834041392,MODIS/061/MCD43A3,2011_08_12
2011-08-13,0.1459594125957417,96.83251728032552,MODIS/061/MCD43A3,2011_08_13
2011-08-14,0.14587999692526793,96.33692366070682,MODIS/061/MCD43A3,2011_08_14
2011-08-15,0.14538840701255382,95.65320915909793,MODIS/061/MCD43A3,2011_08_15
2011-08-16,0.14545218234467058,97.12655119810809,MODIS/061/MCD43A3,2011_08_16
2011-08-17,0.1454778081478695,97.0184685360763,MODIS/061/MCD43A3,2011_08_17
2011-08-18,0.14543221626885378,96.69008622455657,MODIS/061/MCD43A3,2011_08_18
2011-08-19,0.14521252550195646,94.12008839332987,MODIS/061/MCD43A3,2011_08_19
2011-08-20,0.14490545185054057,94.92390177733392,MODIS/061/MCD43A3,2011_08_20
2011-08-21,0.1448254540109823,93.48173536211192,MODIS/061/MCD43A3,2011_08_21
2011-08-22,0.14453444722866698,91.3016061596813,MODIS/061/MCD43A3,2011_08_22
2011-08-23,0.1442961443635813,89.36251201255294,MODIS/061/MCD43A3,2011_08_23
2011-08-24,0.1441646176747283,88.03815575841885,MODIS/061/MCD43A3,2011_08_24
2011-08-25,0.14294451537837055,87.7496256811523,MODIS/061/MCD43A3,2011_08_25
2011-08-26,0.14269613927229713,85.96867634249668,MODIS/061/MCD43A3,2011_08_26
2011-08-27,0.1429543636249081,83.97913470655728,MODIS/061/MCD43A3,2011_08_27
2011-08-28,0.14340394099611334,86.03270720271497,MODIS/061/MCD43A3,2011_08_28
2011-08-29,0.14394002372603265,89.61458368644448,MODIS/061/MCD43A3,2011_08_29
2011-08-30,0.14375767197776404,91.7146224870506,MODIS/061/MCD43A3,2011_08_30
2011-08-31,0.14397924289503153,91.68239564008447,MODIS/061/MCD43A3,2011_08_31
2011-09-01,0.14393810673848498,91.73840314200737,MODIS/061/MCD43A3,2011_09_01
2011-09-02,0.14415650931728566,92.6046793573602,MODIS/061/MCD43A3,2011_09_02
2011-09-03,0.14476736995650252,94.1175213144727,MODIS/061/MCD43A3,2011_09_03
2011-09-04,0.14521719778889144,95.01302655881533,MODIS/061/MCD43A3,2011_09_04
2011-09-05,0.145850109567403,95.5186993569033,MODIS/061/MCD43A3,2011_09_05
2011-09-06,0.14621153027945294,96.18494238640372,MODIS/061/MCD43A3,2011_09_06
2011-09-07,0.14634374712845483,96.2958966778698,MODIS/061/MCD43A3,2011_09_07
2011-09-08,0.14650818987536252,96.23194367022401,MODIS/061/MCD43A3,2011_09_08
2011-09-09,0.14672867006099308,96.1752761506373,MODIS/061/MCD43A3,2011_09_09
2011-09-10,0.14681801410132433,96.16235545958966,MODIS/061/MCD43A3,2011_09_10
2011-09-11,0.14700733454834775,95.99648473624704,MODIS/061/MCD43A3,2011_09_11
2011-09-12,0.14740804967609128,95.7882434269985,MODIS/061/MCD43A3,2011_09_12
2011-09-13,0.14727171199971476,95.33468522257687,MODIS/061/MCD43A3,2011_09_13
2011-09-14,0.14719842046947634,93.89659513146428,MODIS/061/MCD43A3,2011_09_14
2011-09-15,0.1473576701140032,92.1675393833472,MODIS/061/MCD43A3,2011_09_15
2011-09-16,0.1476115016163518,89.5398635330528,MODIS/061/MCD43A3,2011_09_16
2011-09-17,0.14804809501363322,88.40994170987796,MODIS/061/MCD43A3,2011_09_17
2011-09-18,0.14814350515228344,86.09694733607095,MODIS/061/MCD43A3,2011_09_18
2011-09-19,0.14865988948037262,82.90072545815116,MODIS/061/MCD43A3,2011_09_19
2011-09-20,0.14885291788778124,77.8957392133122,MODIS/061/MCD43A3,2011_09_20
2011-09-21,0.14775700314064555,70.06749872241026,MODIS/061/MCD43A3,2011_09_21
2011-09-22,0.14779709570779326,64.76643087163389,MODIS/061/MCD43A3,2011_09_22
2011-09-23,0.14740530702195204,61.43749713687819,MODIS/061/MCD43A3,2011_09_23
2011-09-24,0.147373510031642,63.27321520931152,MODIS/061/MCD43A3,2011_09_24
2011-09-25,0.14772428592395925,63.23784477320588,MODIS/061/MCD43A3,2011_09_25
2011-09-26,0.1499024313027766,57.37336488932526,MODIS/061/MCD43A3,2011_09_26
2011-09-27,0.1498922422694568,54.15994862047334,MODIS/061/MCD43A3,2011_09_27
2011-09-28,0.14740775063560238,46.69946320014463,MODIS/061/MCD43A3,2011_09_28
2011-09-29,0.14768588495858032,46.36666247630626,MODIS/061/MCD43A3,2011_09_29
2011-09-30,0.14817067201093403,46.73629473105621,MODIS/061/MCD43A3,2011_09_30
2011-10-01,0.1484779293292415,44.83464883686035,MODIS/061/MCD43A3,2011_10_01
2011-10-02,0.14602001058827424,48.423674990486845,MODIS/061/MCD43A3,2011_10_02
2011-10-03,0.14604831223851816,47.191950860927676,MODIS/061/MCD43A3,2011_10_03
2011-10-04,0.14690107836753688,42.758027561766326,MODIS/061/MCD43A3,2011_10_04
2011-10-05,0.14704506786609634,30.340725669151283,MODIS/061/MCD43A3,2011_10_05
2011-10-06,0.14899892820789357,26.00795591808671,MODIS/061/MCD43A3,2011_10_06
2011-10-07,0.1495637392396671,26.51340342319481,MODIS/061/MCD43A3,2011_10_07
2011-10-08,0.14948463691206385,28.614095592996765,MODIS/061/MCD43A3,2011_10_08
2011-10-09,0.14934960082205884,29.98193390416082,MODIS/061/MCD43A3,2011_10_09
2011-10-10,0.15143360255503577,21.924553251763797,MODIS/061/MCD43A3,2011_10_10
2011-10-11,0.15413868187876298,12.836201326172676,MODIS/061/MCD43A3,2011_10_11
2011-10-12,0.15309993672411956,19.985589486965615,MODIS/061/MCD43A3,2011_10_12
2011-10-13,0.1533966225270202,20.935930675588263,MODIS/061/MCD43A3,2011_10_13
2011-10-14,0.15365697171984724,20.878815892571755,MODIS/061/MCD43A3,2011_10_14
2011-10-15,0.15201907704418277,24.973828563747407,MODIS/061/MCD43A3,2011_10_15
2011-10-16,0.15193939586658117,23.348107338261524,MODIS/061/MCD43A3,2011_10_16
2011-10-17,0.15356885079742322,18.056741968188376,MODIS/061/MCD43A3,2011_10_17
2011-10-18,0.16376317335059629,5.739232653421528,MODIS/061/MCD43A3,2011_10_18
2011-10-19,0.1729213223410669,1.1069905089304841,MODIS/061/MCD43A3,2011_10_19
2011-10-20,0.1917363368716462,0.17485562822809672,MODIS/061/MCD43A3,2011_10_20
2011-10-21,0.19074997915614364,0.1523079248936745,MODIS/061/MCD43A3,2011_10_21
2011-10-22,0.19087497784755197,0.1523079248936745,MODIS/061/MCD43A3,2011_10_22
2011-10-23,0.1909999756184607,0.1523079248936745,MODIS/061/MCD43A3,2011_10_23
2011-10-24,0.18871419210384424,0.13326899556480418,MODIS/061/MCD43A3,2011_10_24
2011-10-25,0.21300002198783005,0.028557930919470675,MODIS/061/MCD43A3,2011_10_25
2011-10-26,0.19633342853481817,0.08567218640607163,MODIS/061/MCD43A3,2011_10_26
2011-10-27,0.24353203039202367,0.16182697579168767,MODIS/061/MCD43A3,2011_10_27
2011-10-28,0.4913357515486616,0.02855885766120552,MODIS/061/MCD43A3,2011_10_28
2011-10-29,0.47000302361067287,0.019039058835087122,MODIS/061/MCD43A3,2011_10_29
2011-10-30,0.47050298275106917,0.019039058835087122,MODIS/061/MCD43A3,2011_10_30
2011-10-31,0.470002996370937,0.019039058835087122,MODIS/061/MCD43A3,2011_10_31
2011-11-01,0.4695029827510691,0.019039058835087122,MODIS/061/MCD43A3,2011_11_01
2011-11-02,0.579,0.009519788727009752,MODIS/061/MCD43A3,2011_11_02
2011-11-03,0.6379995825025624,0.03807874678523655,MODIS/061/MCD43A3,2011_11_03
2011-11-04,0.5307522518981461,0.26654899316548053,MODIS/061/MCD43A3,2011_11_04
2011-11-05,0.5157430141010088,0.2570286424135876,MODIS/061/MCD43A3,2011_11_05
2011-11-06,0.5176019315900309,0.2855874895033086,MODIS/061/MCD43A3,2011_11_06
2011-11-07,0.4698891073191225,0.08567499610842588,MODIS/061/MCD43A3,2011_11_07
2011-11-08,0.45659937993589,0.0951937203127993,MODIS/061/MCD43A3,2011_11_08
2011-11-09,0.4777494327998239,0.11423240675114096,MODIS/061/MCD43A3,2011_11_09
2011-11-10,0.49090818585657925,0.10471325303841963,MODIS/061/MCD43A3,2011_11_10
2011-11-11,,0.0,MODIS/061/MCD43A3,2011_11_11
2011-11-12,,0.0,MODIS/061/MCD43A3,2011_11_12
2011-11-13,,0.0,MODIS/061/MCD43A3,2011_11_13
2011-11-14,,0.0,MODIS/061/MCD43A3,2011_11_14
2011-11-15,,0.0,MODIS/061/MCD43A3,2011_11_15
2011-11-16,,0.0,MODIS/061/MCD43A3,2011_11_16
2011-11-17,,0.0,MODIS/061/MCD43A3,2011_11_17
2011-11-18,,0.0,MODIS/061/MCD43A3,2011_11_18
2011-11-19,,0.0,MODIS/061/MCD43A3,2011_11_19
2011-11-20,,0.0,MODIS/061/MCD43A3,2011_11_20
2011-11-21,,0.0,MODIS/061/MCD43A3,2011_11_21
2011-11-22,,0.0,MODIS/061/MCD43A3,2011_11_22
2011-11-23,,0.0,MODIS/061/MCD43A3,2011_11_23
2011-11-24,,0.0,MODIS/061/MCD43A3,2011_11_24
2011-11-25,,0.0,MODIS/061/MCD43A3,2011_11_25
2011-11-26,0.45389117872841345,0.3426967069820362,MODIS/061/MCD43A3,2011_11_26
2011-11-27,0.4514348108030182,0.3522155511873588,MODIS/061/MCD43A3,2011_11_27
2011-11-28,0.45607345619644907,0.39981221738182815,MODIS/061/MCD43A3,2011_11_28
2011-11-29,0.40997128488091256,0.9684261517880242,MODIS/061/MCD43A3,2011_11_29
2011-11-30,0.4074554736308985,2.1048777907399647,MODIS/061/MCD43A3,2011_11_30
2011-12-01,0.4087971724322875,3.694344722225485,MODIS/061/MCD43A3,2011_12_01
2011-12-02,0.4037170589012938,4.822141250606833,MODIS/061/MCD43A3,2011_12_02
2011-12-03,0.4061274983958474,4.745987151789277,MODIS/061/MCD43A3,2011_12_03
2011-12-04,0.401949501775155,5.212388035186515,MODIS/061/MCD43A3,2011_12_04
2011-12-05,0.4042449778711349,5.12671638068868,MODIS/061/MCD43A3,2011_12_05
2011-12-06,0.409300465839285,5.250475861809255,MODIS/061/MCD43A3,2011_12_06
2011-12-07,0.4031546778692497,5.3164696669911615,MODIS/061/MCD43A3,2011_12_07
2011-12-08,0.41701755799457996,5.4170765241131775,MODIS/061/MCD43A3,2011_12_08
2011-12-09,0.41375813520861393,5.453743108454585,MODIS/061/MCD43A3,2011_12_09
2011-12-10,0.41809193466278216,5.680945886862054,MODIS/061/MCD43A3,2011_12_10
2011-12-11,0.4111575852339777,5.719031150754146,MODIS/061/MCD43A3,2011_12_11
2011-12-12,0.42219697695235014,5.578910828399556,MODIS/061/MCD43A3,2011_12_12
2011-12-13,0.4191462174498123,6.045364169716586,MODIS/061/MCD43A3,2011_12_13
2011-12-14,0.41484682260730843,6.483277683413551,MODIS/061/MCD43A3,2011_12_14
2011-12-15,0.4169861236372108,7.321329938306012,MODIS/061/MCD43A3,2011_12_15
2011-12-16,0.41405572639496446,8.348084239856133,MODIS/061/MCD43A3,2011_12_16
2011-12-17,0.4133064650578052,7.6311912305220515,MODIS/061/MCD43A3,2011_12_17
2011-12-18,0.4064365319052884,6.634351982001911,MODIS/061/MCD43A3,2011_12_18
2011-12-19,0.4140990180665879,6.550068986932773,MODIS/061/MCD43A3,2011_12_19
2011-12-20,0.4087049567983611,6.57907530278838,MODIS/061/MCD43A3,2011_12_20
2011-12-21,0.4094729976415811,6.7196303479808615,MODIS/061/MCD43A3,2011_12_21
2011-12-22,0.40994535306361557,6.520467203973611,MODIS/061/MCD43A3,2011_12_22
2011-12-23,0.4118893414601396,6.387609194430577,MODIS/061/MCD43A3,2011_12_23
2011-12-24,0.4139938313214838,6.396925675183527,MODIS/061/MCD43A3,2011_12_24
2011-12-25,0.41142402661831023,7.019208042835121,MODIS/061/MCD43A3,2011_12_25
2011-12-26,0.4135470788585219,7.197393309031627,MODIS/061/MCD43A3,2011_12_26
2011-12-27,0.4151474899371311,6.977728932373427,MODIS/061/MCD43A3,2011_12_27
2011-12-28,0.4077747752628096,5.80910401866658,MODIS/061/MCD43A3,2011_12_28
2011-12-29,0.4088158516010886,5.387297304426941,MODIS/061/MCD43A3,2011_12_29
2011-12-30,0.4061431137549974,4.83689916994958,MODIS/061/MCD43A3,2011_12_30
2011-12-31,0.4135639389597458,4.70699936285282,MODIS/061/MCD43A3,2011_12_31
2012-01-01,0.4228969850574767,5.172601462105219,MODIS/061/MCD43A3,2012_01_01
2012-01-02,0.43641027129365584,6.777341120868872,MODIS/061/MCD43A3,2012_01_02
2012-01-03,0.4361417003308635,7.855050980365823,MODIS/061/MCD43A3,2012_01_03
2012-01-04,0.43972313723831014,7.807455108389072,MODIS/061/MCD43A3,2012_01_04
2012-01-05,0.42869741695776475,7.599549738175631,MODIS/061/MCD43A3,2012_01_05
2012-01-06,0.4275640242450846,7.440024814781347,MODIS/061/MCD43A3,2012_01_06
2012-01-07,0.4292102958110813,7.582817969033281,MODIS/061/MCD43A3,2012_01_07
2012-01-08,0.4289281690483101,7.70168475652642,MODIS/061/MCD43A3,2012_01_08
2012-01-09,0.4323417414092837,7.479695983957508,MODIS/061/MCD43A3,2012_01_09
2012-01-10,0.4305982624644019,7.70076100517059,MODIS/061/MCD43A3,2012_01_10
2012-01-11,0.448589299742319,7.0337618193637095,MODIS/061/MCD43A3,2012_01_11
2012-01-12,0.4453338617776228,7.637824071576927,MODIS/061/MCD43A3,2012_01_12
2012-01-13,0.44654100446328776,7.9560079422153365,MODIS/061/MCD43A3,2012_01_13
2012-01-14,0.4463522098559306,8.583201022545158,MODIS/061/MCD43A3,2012_01_14
2012-01-15,0.44401805253419663,7.951786365211548,MODIS/061/MCD43A3,2012_01_15
2012-01-16,0.43973842497914006,7.488998604849699,MODIS/061/MCD43A3,2012_01_16
2012-01-17,0.43365531581263245,6.791548616552014,MODIS/061/MCD43A3,2012_01_17
2012-01-18,0.45016765325220265,6.155595688315261,MODIS/061/MCD43A3,2012_01_18
2012-01-19,0.4458842270329002,5.632665042506208,MODIS/061/MCD43A3,2012_01_19
2012-01-20,0.4587992822019013,6.7783294627556065,MODIS/061/MCD43A3,2012_01_20
2012-01-21,0.4638182972262408,7.484445475294371,MODIS/061/MCD43A3,2012_01_21
2012-01-22,0.4694221517037841,7.288310905478993,MODIS/061/MCD43A3,2012_01_22
2012-01-23,0.472930925964606,7.109760691057082,MODIS/061/MCD43A3,2012_01_23
2012-01-24,0.47669624824911816,7.677572281197077,MODIS/061/MCD43A3,2012_01_24
2012-01-25,0.47471116839558525,7.11009831572421,MODIS/061/MCD43A3,2012_01_25
2012-01-26,0.4751764343624248,6.812163067370845,MODIS/061/MCD43A3,2012_01_26
2012-01-27,0.47301033709096557,7.066187993093057,MODIS/061/MCD43A3,2012_01_27
2012-01-28,0.4798513790335966,6.340002360446957,MODIS/061/MCD43A3,2012_01_28
2012-01-29,0.5045582608926428,5.612307907278952,MODIS/061/MCD43A3,2012_01_29
2012-01-30,0.5059594497530868,5.407165870864131,MODIS/061/MCD43A3,2012_01_30
2012-01-31,0.5143083690056858,7.438037900229596,MODIS/061/MCD43A3,2012_01_31
2012-02-01,0.5490874351338703,7.677640524502172,MODIS/061/MCD43A3,2012_02_01
2012-02-02,0.5473181966571002,7.663378712902098,MODIS/061/MCD43A3,2012_02_02
2012-02-03,0.5422540589919091,6.545200809151915,MODIS/061/MCD43A3,2012_02_03
2012-02-04,0.5441572673453215,7.818724203675889,MODIS/061/MCD43A3,2012_02_04
2012-02-05,0.5481033435856983,7.266465320663252,MODIS/061/MCD43A3,2012_02_05
2012-02-06,0.559828005409388,8.459305514601374,MODIS/061/MCD43A3,2012_02_06
2012-02-07,0.5583348089207276,8.402879326860907,MODIS/061/MCD43A3,2012_02_07
2012-02-08,0.5573313032492301,8.33243323532088,MODIS/061/MCD43A3,2012_02_08
2012-02-09,0.5652567469948924,8.916552802431983,MODIS/061/MCD43A3,2012_02_09
2012-02-10,0.5617566579063539,8.88822522138463,MODIS/061/MCD43A3,2012_02_10
2012-02-11,0.5610318973645614,8.950385363157515,MODIS/061/MCD43A3,2012_02_11
2012-02-12,0.5596328441294501,9.000073268180342,MODIS/061/MCD43A3,2012_02_12
2012-02-13,0.5599934652299442,9.040087928743887,MODIS/061/MCD43A3,2012_02_13
2012-02-14,0.5569670734709494,8.426392311995581,MODIS/061/MCD43A3,2012_02_14
2012-02-15,0.5581027766033936,8.795675579603428,MODIS/061/MCD43A3,2012_02_15
2012-02-16,0.5550541336275046,8.83848325649949,MODIS/061/MCD43A3,2012_02_16
2012-02-17,0.5614208701392996,8.44927846419319,MODIS/061/MCD43A3,2012_02_17
2012-02-18,0.5647579598853596,8.740122115946507,MODIS/061/MCD43A3,2012_02_18
2012-02-19,0.5664872250700888,8.332839092611172,MODIS/061/MCD43A3,2012_02_19
2012-02-20,0.5781091618583405,8.306663759441596,MODIS/061/MCD43A3,2012_02_20
2012-02-21,0.6040629853562878,7.756222922691851,MODIS/061/MCD43A3,2012_02_21
2012-02-22,0.6019796077931004,6.402207132856456,MODIS/061/MCD43A3,2012_02_22
2012-02-23,0.5955562962035204,7.148403394642161,MODIS/061/MCD43A3,2012_02_23
2012-02-24,0.6029068873368422,8.634912880801696,MODIS/061/MCD43A3,2012_02_24
2012-02-25,0.5915994985575497,8.329208258763327,MODIS/061/MCD43A3,2012_02_25
2012-02-26,0.5887652051407527,8.195072645776667,MODIS/061/MCD43A3,2012_02_26
2012-02-27,0.5875769672174428,7.6041370800745085,MODIS/061/MCD43A3,2012_02_27
2012-02-28,0.5889280013187074,7.088600607252946,MODIS/061/MCD43A3,2012_02_28
2012-02-29,0.5892628246420404,8.813291527065129,MODIS/061/MCD43A3,2012_02_29
2012-03-01,0.5867298087451575,8.379210315354108,MODIS/061/MCD43A3,2012_03_01
2012-03-02,0.5862676418613129,8.533500585396807,MODIS/061/MCD43A3,2012_03_02
2012-03-03,0.6015919285216285,6.231566017893319,MODIS/061/MCD43A3,2012_03_03
2012-03-04,0.6030344569773831,4.489528222459474,MODIS/061/MCD43A3,2012_03_04
2012-03-05,0.6095483868012335,3.1117346886660657,MODIS/061/MCD43A3,2012_03_05
2012-03-06,0.6193995666512896,2.7579209911531497,MODIS/061/MCD43A3,2012_03_06
2012-03-07,0.6214616176239902,2.605608768197647,MODIS/061/MCD43A3,2012_03_07
2012-03-08,0.6781959898907639,0.8375120321871631,MODIS/061/MCD43A3,2012_03_08
2012-03-09,0.674025578617608,0.7994335450084253,MODIS/061/MCD43A3,2012_03_09
2012-03-10,0.7115640903372149,0.6367717081030625,MODIS/061/MCD43A3,2012_03_10
2012-03-11,,0.0,MODIS/061/MCD43A3,2012_03_11
2012-03-12,,0.0,MODIS/061/MCD43A3,2012_03_12
2012-03-13,0.7283332652514779,0.771091572915777,MODIS/061/MCD43A3,2012_03_13
2012-03-14,0.6930415839987747,6.3118399160000855,MODIS/061/MCD43A3,2012_03_14
2012-03-15,0.6503737550713261,21.70466312380836,MODIS/061/MCD43A3,2012_03_15
2012-03-16,0.6420722610278813,23.867841930967018,MODIS/061/MCD43A3,2012_03_16
2012-03-17,0.6385717331842372,22.91570100843227,MODIS/061/MCD43A3,2012_03_17
2012-03-18,0.6355380615265146,24.739463344748835,MODIS/061/MCD43A3,2012_03_18
2012-03-19,0.6320475035031278,24.37316989019101,MODIS/061/MCD43A3,2012_03_19
2012-03-20,0.632805978690555,27.37719185113555,MODIS/061/MCD43A3,2012_03_20
2012-03-21,0.6312436279375513,27.28130262720231,MODIS/061/MCD43A3,2012_03_21
2012-03-22,0.6309744921630284,27.46039188412049,MODIS/061/MCD43A3,2012_03_22
2012-03-23,0.629697603390432,27.915903900233367,MODIS/061/MCD43A3,2012_03_23
2012-03-24,0.629661504432077,28.35119464477514,MODIS/061/MCD43A3,2012_03_24
2012-03-25,0.6289164825142067,28.1540288457134,MODIS/061/MCD43A3,2012_03_25
2012-03-26,0.6334218235671402,29.35464623794485,MODIS/061/MCD43A3,2012_03_26
2012-03-27,0.6324197777977204,27.502999561283445,MODIS/061/MCD43A3,2012_03_27
2012-03-28,0.6246393347615167,25.1626128388264,MODIS/061/MCD43A3,2012_03_28
2012-03-29,0.5889172134327798,25.29802401942113,MODIS/061/MCD43A3,2012_03_29
2012-03-30,0.5699628850377576,23.124987046940888,MODIS/061/MCD43A3,2012_03_30
2012-03-31,0.5619242087418573,18.16839559908894,MODIS/061/MCD43A3,2012_03_31
2012-04-01,0.5597437230130061,15.390665160048993,MODIS/061/MCD43A3,2012_04_01
2012-04-02,0.5548746435608879,14.293019294973973,MODIS/061/MCD43A3,2012_04_02
2012-04-03,0.5604867440479823,18.409777537345022,MODIS/061/MCD43A3,2012_04_03
2012-04-04,0.5615931960694086,20.069173126031053,MODIS/061/MCD43A3,2012_04_04
2012-04-05,0.5583738572546372,20.414518163240384,MODIS/061/MCD43A3,2012_04_05
2012-04-06,0.5605118281033288,21.133576472235614,MODIS/061/MCD43A3,2012_04_06
2012-04-07,0.547906042479496,24.61882894146918,MODIS/061/MCD43A3,2012_04_07
2012-04-08,0.5479785053455677,26.126736952346285,MODIS/061/MCD43A3,2012_04_08
2012-04-09,0.5059952944383163,31.332285615042856,MODIS/061/MCD43A3,2012_04_09
2012-04-10,0.4919739901638154,33.641274688931645,MODIS/061/MCD43A3,2012_04_10
2012-04-11,0.47323302434495296,42.55301678412184,MODIS/061/MCD43A3,2012_04_11
2012-04-12,0.4653808635129757,43.35243126703593,MODIS/061/MCD43A3,2012_04_12
2012-04-13,0.4656948017615918,44.06146704153106,MODIS/061/MCD43A3,2012_04_13
2012-04-14,0.4562616428899454,42.264287618481134,MODIS/061/MCD43A3,2012_04_14
2012-04-15,0.4416867730782249,40.894246747833144,MODIS/061/MCD43A3,2012_04_15
2012-04-16,0.43256321743701526,40.03071976588036,MODIS/061/MCD43A3,2012_04_16
2012-04-17,0.43859262920503356,45.36997470792822,MODIS/061/MCD43A3,2012_04_17
2012-04-18,0.4353868850838906,43.22425355927063,MODIS/061/MCD43A3,2012_04_18
2012-04-19,0.4316028855949152,41.976710224423805,MODIS/061/MCD43A3,2012_04_19
2012-04-20,0.4293610783021947,41.0443280364786,MODIS/061/MCD43A3,2012_04_20
2012-04-21,0.4097940852352499,33.400698305974416,MODIS/061/MCD43A3,2012_04_21
2012-04-22,0.4103764421870365,32.673317043029826,MODIS/061/MCD43A3,2012_04_22
2012-04-23,0.3999466365158164,28.035246979851077,MODIS/061/MCD43A3,2012_04_23
2012-04-24,0.3835648619313071,25.532886431097147,MODIS/061/MCD43A3,2012_04_24
2012-04-25,0.31396010901195437,14.741870243798427,MODIS/061/MCD43A3,2012_04_25
2012-04-26,0.24421597332916953,9.496853330104654,MODIS/061/MCD43A3,2012_04_26
2012-04-27,0.20348454589657522,5.998532021017868,MODIS/061/MCD43A3,2012_04_27
2012-04-28,0.20755577255010882,2.3543450392917094,MODIS/061/MCD43A3,2012_04_28
2012-04-29,0.2305568429633821,1.659442820257932,MODIS/061/MCD43A3,2012_04_29
2012-04-30,0.27640389591443787,2.3042672564881514,MODIS/061/MCD43A3,2012_04_30
2012-05-01,0.2940712213846987,2.403580581666573,MODIS/061/MCD43A3,2012_05_01
2012-05-02,0.31373922435675566,1.7263357615143657,MODIS/061/MCD43A3,2012_05_02
2012-05-03,0.36781371750248193,0.7047026862909036,MODIS/061/MCD43A3,2012_05_03
2012-05-04,0.34293143168904977,0.5999854659418158,MODIS/061/MCD43A3,2012_05_04
2012-05-05,0.3423275123454932,0.5999854659418158,MODIS/061/MCD43A3,2012_05_05
2012-05-06,0.2863798580167387,0.8785815169540037,MODIS/061/MCD43A3,2012_05_06
2012-05-07,0.2845145220298532,0.8785814272501562,MODIS/061/MCD43A3,2012_05_07
2012-05-08,0.21050196940548635,1.840434966102665,MODIS/061/MCD43A3,2012_05_08
2012-05-09,0.16279290237289604,0.715922477448154,MODIS/061/MCD43A3,2012_05_09
2012-05-10,0.16470057633759033,0.0951934888112483,MODIS/061/MCD43A3,2012_05_10
2012-05-11,0.16490057687927506,0.0951934888112483,MODIS/061/MCD43A3,2012_05_11
2012-05-12,0.15348033004188225,0.7595988625308375,MODIS/061/MCD43A3,2012_05_12
2012-05-13,0.15204947257353724,0.3903639087489226,MODIS/061/MCD43A3,2012_05_13
2012-05-14,0.1530036157776296,1.462497319795215,MODIS/061/MCD43A3,2012_05_14
2012-05-15,0.15917670456730268,2.13138792163878,MODIS/061/MCD43A3,2012_05_15
2012-05-16,0.15338174825358455,2.715793917697042,MODIS/061/MCD43A3,2012_05_16
2012-05-17,0.14833828288124087,3.2679366898347744,MODIS/061/MCD43A3,2012_05_17
2012-05-18,0.13970790703196387,2.881421651052816,MODIS/061/MCD43A3,2012_05_18
2012-05-19,0.1399768422872889,2.923605062434281,MODIS/061/MCD43A3,2012_05_19
2012-05-20,0.13980630787923098,2.948056472303728,MODIS/061/MCD43A3,2012_05_20
2012-05-21,0.14298589900398548,3.1139935988839014,MODIS/061/MCD43A3,2012_05_21
2012-05-22,0.14345567176311003,3.0092853162459674,MODIS/061/MCD43A3,2012_05_22
2012-05-23,0.14462068874196501,4.359750238923401,MODIS/061/MCD43A3,2012_05_23
2012-05-24,0.14956998101880817,7.0504148888684615,MODIS/061/MCD43A3,2012_05_24
2012-05-25,0.15140167738475568,11.864837967193841,MODIS/061/MCD43A3,2012_05_25
2012-05-26,0.15121062113556685,13.341479005536378,MODIS/061/MCD43A3,2012_05_26
2012-05-27,0.16181308392438765,27.080824600914145,MODIS/061/MCD43A3,2012_05_27
2012-05-28,0.16894248472449,33.362704787980626,MODIS/061/MCD43A3,2012_05_28
2012-05-29,0.16859812045798547,33.400780859690194,MODIS/061/MCD43A3,2012_05_29
2012-05-30,0.17123557487029123,38.492364727392285,MODIS/061/MCD43A3,2012_05_30
2012-05-31,0.1791724495115437,45.520723687298045,MODIS/061/MCD43A3,2012_05_31
2012-06-01,0.17772254260468937,45.41974037877847,MODIS/061/MCD43A3,2012_06_01
2012-06-02,0.17908810967521988,44.798575025057154,MODIS/061/MCD43A3,2012_06_02
2012-06-03,0.17931597650944378,44.551981706288544,MODIS/061/MCD43A3,2012_06_03
2012-06-04,0.18282254151859267,50.85571280442724,MODIS/061/MCD43A3,2012_06_04
2012-06-05,0.18145431600815765,50.522398387845584,MODIS/061/MCD43A3,2012_06_05
2012-06-06,0.1806400135930215,49.71550203861216,MODIS/061/MCD43A3,2012_06_06
2012-06-07,0.18221168931831622,53.25178354091729,MODIS/061/MCD43A3,2012_06_07
2012-06-08,0.18308590803882252,54.85832080242845,MODIS/061/MCD43A3,2012_06_08
2012-06-09,0.1811477658962885,52.3542349938488,MODIS/061/MCD43A3,2012_06_09
2012-06-10,0.17610895307327762,47.88766390096122,MODIS/061/MCD43A3,2012_06_10
2012-06-11,0.1782202309657031,53.672565077115536,MODIS/061/MCD43A3,2012_06_11
2012-06-12,0.1664210201930312,41.98108629462318,MODIS/061/MCD43A3,2012_06_12
2012-06-13,0.16517232219589661,41.62809462173035,MODIS/061/MCD43A3,2012_06_13
2012-06-14,0.16580972854229586,43.67594441560017,MODIS/061/MCD43A3,2012_06_14
2012-06-15,0.16255328092116858,39.55311777787671,MODIS/061/MCD43A3,2012_06_15
2012-06-16,0.1597356216179481,36.80824949538588,MODIS/061/MCD43A3,2012_06_16
2012-06-17,0.15567191286289386,31.33908469745366,MODIS/061/MCD43A3,2012_06_17
2012-06-18,0.15404198091272084,29.714833393215287,MODIS/061/MCD43A3,2012_06_18
2012-06-19,0.15436297387369818,24.76100532796405,MODIS/061/MCD43A3,2012_06_19
2012-06-20,0.15244909458198627,19.202022154152928,MODIS/061/MCD43A3,2012_06_20
2012-06-21,0.15234769066537424,19.587583007320745,MODIS/061/MCD43A3,2012_06_21
2012-06-22,0.15167593009868102,21.50874114942346,MODIS/061/MCD43A3,2012_06_22
2012-06-23,0.1505679629078666,24.29639039143555,MODIS/061/MCD43A3,2012_06_23
2012-06-24,0.14687525943539198,28.698187786903183,MODIS/061/MCD43A3,2012_06_24
2012-06-25,0.14809272603204093,36.20861752986036,MODIS/061/MCD43A3,2012_06_25
2012-06-26,0.14703074802892163,51.18674013920052,MODIS/061/MCD43A3,2012_06_26
2012-06-27,0.14743287038038905,53.330163548242574,MODIS/061/MCD43A3,2012_06_27
2012-06-28,0.14804779546699717,63.62092508516409,MODIS/061/MCD43A3,2012_06_28
2012-06-29,0.1499192366257874,67.6651694279932,MODIS/061/MCD43A3,2012_06_29
2012-06-30,0.15209318852606205,71.75233512581067,MODIS/061/MCD43A3,2012_06_30
2012-07-01,0.15319243651037637,72.53994038582621,MODIS/061/MCD43A3,2012_07_01
2012-07-02,0.15304562757916368,72.4496394875985,MODIS/061/MCD43A3,2012_07_02
2012-07-03,0.15511874630354297,74.84871369127093,MODIS/061/MCD43A3,2012_07_03
2012-07-04,0.156104156622269,78.04962136788392,MODIS/061/MCD43A3,2012_07_04
2012-07-05,0.15811656904323065,81.47462470857424,MODIS/061/MCD43A3,2012_07_05
2012-07-06,0.15886409646203298,84.39767377174091,MODIS/061/MCD43A3,2012_07_06
2012-07-07,0.15964242493164624,87.88289870260616,MODIS/061/MCD43A3,2012_07_07
2012-07-08,0.15982085041560584,88.48025593681798,MODIS/061/MCD43A3,2012_07_08
2012-07-09,0.15915290270052349,88.79712111362774,MODIS/061/MCD43A3,2012_07_09
2012-07-10,0.1603102690225676,88.3599646196886,MODIS/061/MCD43A3,2012_07_10
2012-07-11,0.1594578064445882,87.8146462557515,MODIS/061/MCD43A3,2012_07_11
2012-07-12,0.15818501802549426,86.60817541740278,MODIS/061/MCD43A3,2012_07_12
2012-07-13,0.15716445780403734,85.23780179032227,MODIS/061/MCD43A3,2012_07_13
2012-07-14,0.15471119876105466,83.75674568081898,MODIS/061/MCD43A3,2012_07_14
2012-07-15,0.15296839156384315,80.9308580333796,MODIS/061/MCD43A3,2012_07_15
2012-07-16,0.15164347091784414,81.37210808065672,MODIS/061/MCD43A3,2012_07_16
2012-07-17,0.1515374987102241,81.56198316110154,MODIS/061/MCD43A3,2012_07_17
2012-07-18,0.15126667835168117,79.74885136147702,MODIS/061/MCD43A3,2012_07_18
2012-07-19,0.1506375136472649,80.32682539478171,MODIS/061/MCD43A3,2012_07_19
2012-07-20,0.14914091571038374,76.1127646670361,MODIS/061/MCD43A3,2012_07_20
2012-07-21,0.14768352295821752,73.78208196840511,MODIS/061/MCD43A3,2012_07_21
2012-07-22,0.1467291997327445,73.93409711401435,MODIS/061/MCD43A3,2012_07_22
2012-07-23,0.14581936343122073,76.11139875108044,MODIS/061/MCD43A3,2012_07_23
2012-07-24,0.14581895089568161,77.45701158364257,MODIS/061/MCD43A3,2012_07_24
2012-07-25,0.1455469385294127,76.45894633911902,MODIS/061/MCD43A3,2012_07_25
2012-07-26,0.14524728084705768,81.75131236662702,MODIS/061/MCD43A3,2012_07_26
2012-07-27,0.14588904781178128,84.12977841742884,MODIS/061/MCD43A3,2012_07_27
2012-07-28,0.14702156655064919,88.56819964291175,MODIS/061/MCD43A3,2012_07_28
2012-07-29,0.14755506353346343,90.36527757862567,MODIS/061/MCD43A3,2012_07_29
2012-07-30,0.14737592809428887,89.83720289223656,MODIS/061/MCD43A3,2012_07_30
2012-07-31,0.14783736087842891,90.44166609598098,MODIS/061/MCD43A3,2012_07_31
2012-08-01,0.1476841137296586,91.97733960463378,MODIS/061/MCD43A3,2012_08_01
2012-08-02,0.1483570179288276,92.99457439937666,MODIS/061/MCD43A3,2012_08_02
2012-08-03,0.1483488470326777,93.37734862084514,MODIS/061/MCD43A3,2012_08_03
2012-08-04,0.1488931237852528,94.19367225153647,MODIS/061/MCD43A3,2012_08_04
2012-08-05,0.14896905523034648,94.06002658549073,MODIS/061/MCD43A3,2012_08_05
2012-08-06,0.1489033714412811,93.42853844013655,MODIS/061/MCD43A3,2012_08_06
2012-08-07,0.1487768226767344,93.65866615001106,MODIS/061/MCD43A3,2012_08_07
2012-08-08,0.148169564587385,93.31329876962694,MODIS/061/MCD43A3,2012_08_08
2012-08-09,0.14788040635280794,94.32100530341322,MODIS/061/MCD43A3,2012_08_09
2012-08-10,0.147859897527947,93.37279375141124,MODIS/061/MCD43A3,2012_08_10
2012-08-11,0.14766743710190436,93.83688262393281,MODIS/061/MCD43A3,2012_08_11
2012-08-12,0.14731115890818844,93.6421889334461,MODIS/061/MCD43A3,2012_08_12
2012-08-13,0.1463809740532029,91.09572715582351,MODIS/061/MCD43A3,2012_08_13
2012-08-14,0.14627952571503386,89.48492095680879,MODIS/061/MCD43A3,2012_08_14
2012-08-15,0.1465193556220616,89.02732683623248,MODIS/061/MCD43A3,2012_08_15
2012-08-16,0.1464711633872718,89.97731934861181,MODIS/061/MCD43A3,2012_08_16
2012-08-17,0.14643233670941633,86.67739626203154,MODIS/061/MCD43A3,2012_08_17
2012-08-18,0.14572224431403627,87.05283593295542,MODIS/061/MCD43A3,2012_08_18
2012-08-19,0.145878928913979,87.36173248039394,MODIS/061/MCD43A3,2012_08_19
2012-08-20,0.14496387589978393,92.19189748583256,MODIS/061/MCD43A3,2012_08_20
2012-08-21,0.1453647755236448,90.80561613118013,MODIS/061/MCD43A3,2012_08_21
2012-08-22,0.14625629596167414,94.90363315407559,MODIS/061/MCD43A3,2012_08_22
2012-08-23,0.14632925382595663,95.07181854347773,MODIS/061/MCD43A3,2012_08_23
2012-08-24,0.14601929171609646,95.80794879298233,MODIS/061/MCD43A3,2012_08_24
2012-08-25,0.14600984352181298,95.79984448174395,MODIS/061/MCD43A3,2012_08_25
2012-08-26,0.14602474806838728,95.48297200692919,MODIS/061/MCD43A3,2012_08_26
2012-08-27,0.14630852526197158,96.17369957576454,MODIS/061/MCD43A3,2012_08_27
2012-08-28,0.1464938850646396,96.437122047555,MODIS/061/MCD43A3,2012_08_28
2012-08-29,0.14715545745482497,97.1403245558669,MODIS/061/MCD43A3,2012_08_29
2012-08-30,0.14754525015485923,97.49734234132404,MODIS/061/MCD43A3,2012_08_30
2012-08-31,0.14769929562603495,97.43398940980549,MODIS/061/MCD43A3,2012_08_31
2012-09-01,0.1477777393405707,97.42178234948638,MODIS/061/MCD43A3,2012_09_01
2012-09-02,0.14776324415156475,96.7933996742898,MODIS/061/MCD43A3,2012_09_02
2012-09-03,0.14787203968217455,97.87746767257515,MODIS/061/MCD43A3,2012_09_03
2012-09-04,0.14785292619846827,97.92286450016447,MODIS/061/MCD43A3,2012_09_04
2012-09-05,0.14844764976514488,97.6803487167181,MODIS/061/MCD43A3,2012_09_05
2012-09-06,0.14862588353428485,97.34509777101374,MODIS/061/MCD43A3,2012_09_06
2012-09-07,0.1485363971077642,96.80537539356762,MODIS/061/MCD43A3,2012_09_07
2012-09-08,0.1487781613726371,96.60564315068346,MODIS/061/MCD43A3,2012_09_08
2012-09-09,0.14876364627566885,96.54474967923888,MODIS/061/MCD43A3,2012_09_09
2012-09-10,0.14886828890527362,96.09010830451031,MODIS/061/MCD43A3,2012_09_10
2012-09-11,0.14911927700937785,95.74817484512498,MODIS/061/MCD43A3,2012_09_11
2012-09-12,0.14950398519708374,95.89459473812346,MODIS/061/MCD43A3,2012_09_12
2012-09-13,0.14956212548974027,94.80085320389317,MODIS/061/MCD43A3,2012_09_13
2012-09-14,0.15004205675610674,95.56009028669786,MODIS/061/MCD43A3,2012_09_14
2012-09-15,0.15030275218714936,95.36308673163603,MODIS/061/MCD43A3,2012_09_15
2012-09-16,0.15063426836424618,96.69087101920749,MODIS/061/MCD43A3,2012_09_16
2012-09-17,0.1508197719741269,96.7109215705863,MODIS/061/MCD43A3,2012_09_17
2012-09-18,0.15106505596065464,96.25449206982617,MODIS/061/MCD43A3,2012_09_18
2012-09-19,0.15131744198135616,96.39985948082249,MODIS/061/MCD43A3,2012_09_19
2012-09-20,0.15133376550725802,96.09305637658376,MODIS/061/MCD43A3,2012_09_20
2012-09-21,0.15174857356740012,96.55931027320774,MODIS/061/MCD43A3,2012_09_21
2012-09-22,0.15165127179106933,96.41919915344377,MODIS/061/MCD43A3,2012_09_22
2012-09-23,0.1520415257004651,96.44555550012468,MODIS/061/MCD43A3,2012_09_23
2012-09-24,0.15217925552145722,96.09365446315864,MODIS/061/MCD43A3,2012_09_24
2012-09-25,0.15260383754000287,94.72700377952788,MODIS/061/MCD43A3,2012_09_25
2012-09-26,0.15277772253495922,94.81623272223513,MODIS/061/MCD43A3,2012_09_26
2012-09-27,0.15296624494143776,94.64188919966197,MODIS/061/MCD43A3,2012_09_27
2012-09-28,0.15332156673231995,93.93932026295218,MODIS/061/MCD43A3,2012_09_28
2012-09-29,0.1534644151501971,92.86416701458329,MODIS/061/MCD43A3,2012_09_29
2012-09-30,0.15353183561458197,88.38713503160366,MODIS/061/MCD43A3,2012_09_30
2012-10-01,0.15407571804570086,85.39687119309363,MODIS/061/MCD43A3,2012_10_01
2012-10-02,0.15435265344162766,79.726977535667,MODIS/061/MCD43A3,2012_10_02
2012-10-03,0.15522265318088405,74.7536979616934,MODIS/061/MCD43A3,2012_10_03
2012-10-04,0.15640646601871017,70.25004978819219,MODIS/061/MCD43A3,2012_10_04
2012-10-05,0.15727061428377692,65.84567821938683,MODIS/061/MCD43A3,2012_10_05
2012-10-06,0.1577495810229315,62.463025167073674,MODIS/061/MCD43A3,2012_10_06
2012-10-07,0.15824764755664203,60.36793686194571,MODIS/061/MCD43A3,2012_10_07
2012-10-08,0.1580459290432942,60.491696855225605,MODIS/061/MCD43A3,2012_10_08
2012-10-09,0.15807843532925261,60.712144442157744,MODIS/061/MCD43A3,2012_10_09
2012-10-10,0.1584411903829429,59.362112384831036,MODIS/061/MCD43A3,2012_10_10
2012-10-11,0.15862975397570642,59.23819922113326,MODIS/061/MCD43A3,2012_10_11
2012-10-12,0.15871827977677413,56.85280597043494,MODIS/061/MCD43A3,2012_10_12
2012-10-13,0.15862451736224853,56.523609883729335,MODIS/061/MCD43A3,2012_10_13
2012-10-14,0.15900886403598738,57.39870829753333,MODIS/061/MCD43A3,2012_10_14
2012-10-15,0.15962270326123165,56.28275891530568,MODIS/061/MCD43A3,2012_10_15
2012-10-16,0.1602190268483824,52.07555761856564,MODIS/061/MCD43A3,2012_10_16
2012-10-17,0.1583789238180268,44.339382275843214,MODIS/061/MCD43A3,2012_10_17
2012-10-18,0.1583265672076664,37.67647000002113,MODIS/061/MCD43A3,2012_10_18
2012-10-19,0.15773735627010724,32.591270411365834,MODIS/061/MCD43A3,2012_10_19
2012-10-20,0.15732698142434243,27.231411233179884,MODIS/061/MCD43A3,2012_10_20
2012-10-21,0.15558834549563821,22.09781175838124,MODIS/061/MCD43A3,2012_10_21
2012-10-22,0.15637528470006376,23.34707736746373,MODIS/061/MCD43A3,2012_10_22
2012-10-23,0.15497158958897317,22.528364631890753,MODIS/061/MCD43A3,2012_10_23
2012-10-24,0.15447797938254115,22.748796895868168,MODIS/061/MCD43A3,2012_10_24
2012-10-25,0.15494724973173699,22.673912108631423,MODIS/061/MCD43A3,2012_10_25
2012-10-26,0.1561823374423142,24.71651525519779,MODIS/061/MCD43A3,2012_10_26
2012-10-27,0.15620230164964172,24.602287531955056,MODIS/061/MCD43A3,2012_10_27
2012-10-28,0.15884517019504754,18.10404375392193,MODIS/061/MCD43A3,2012_10_28
2012-10-29,0.16401244655797365,9.744965262499024,MODIS/061/MCD43A3,2012_10_29
2012-10-30,0.16174524603804474,3.0915470692795717,MODIS/061/MCD43A3,2012_10_30
2012-10-31,0.15902780464280028,2.2738746862576185,MODIS/061/MCD43A3,2012_10_31
2012-11-01,0.19280360022182014,0.733199131318549,MODIS/061/MCD43A3,2012_11_01
2012-11-02,0.2509250423081082,0.8919712226074138,MODIS/061/MCD43A3,2012_11_02
2012-11-03,0.2787258879860529,1.0770950848288992,MODIS/061/MCD43A3,2012_11_03
2012-11-04,0.27365806937795467,1.3614779662108156,MODIS/061/MCD43A3,2012_11_04
2012-11-05,0.2790625169341943,1.3805173304763012,MODIS/061/MCD43A3,2012_11_05
2012-11-06,0.3007466808181755,1.7212389178257443,MODIS/061/MCD43A3,2012_11_06
2012-11-07,0.3077746613619518,2.93670277968943,MODIS/061/MCD43A3,2012_11_07
2012-11-08,0.30917594343508126,2.4427804520851284,MODIS/061/MCD43A3,2012_11_08
2012-11-09,0.3029653587126563,2.503032670150216,MODIS/061/MCD43A3,2012_11_09
2012-11-10,0.31632641232903097,2.436361273723852,MODIS/061/MCD43A3,2012_11_10
2012-11-11,0.3745640224505861,1.8036126861859187,MODIS/061/MCD43A3,2012_11_11
2012-11-12,0.3808786306843435,1.876707898165743,MODIS/061/MCD43A3,2012_11_12
2012-11-13,0.37626596179428823,2.2897798167165453,MODIS/061/MCD43A3,2012_11_13
2012-11-14,0.38406574494405415,2.5548760340014605,MODIS/061/MCD43A3,2012_11_14
2012-11-15,0.40723083646587654,2.750961614958746,MODIS/061/MCD43A3,2012_11_15
2012-11-16,0.42015256015820784,2.241991853582002,MODIS/061/MCD43A3,2012_11_16
2012-11-17,0.4386092760505038,2.970828394351231,MODIS/061/MCD43A3,2012_11_17
2012-11-18,0.41999423935159325,3.5015312692428813,MODIS/061/MCD43A3,2012_11_18
2012-11-19,0.4194391013830092,3.190929066445301,MODIS/061/MCD43A3,2012_11_19
2012-11-20,0.4117408607499224,3.5612858082658922,MODIS/061/MCD43A3,2012_11_20
2012-11-21,0.41891060843531486,3.562860048643647,MODIS/061/MCD43A3,2012_11_21
2012-11-22,0.42606963431207256,2.8663631050237774,MODIS/061/MCD43A3,2012_11_22
2012-11-23,0.41818230855806177,2.1145707615666662,MODIS/061/MCD43A3,2012_11_23
2012-11-24,0.40286835886204136,2.807835712699974,MODIS/061/MCD43A3,2012_11_24
2012-11-25,0.4044729071630942,3.7301112340252636,MODIS/061/MCD43A3,2012_11_25
2012-11-26,0.3879387625307806,4.793444743376381,MODIS/061/MCD43A3,2012_11_26
2012-11-27,0.3905772445149628,5.2520028891449435,MODIS/061/MCD43A3,2012_11_27
2012-11-28,0.38490233482646274,5.733241590874383,MODIS/061/MCD43A3,2012_11_28
2012-11-29,0.3785540430794139,5.802675733678349,MODIS/061/MCD43A3,2012_11_29
2012-11-30,0.37521940156075917,5.654256802222743,MODIS/061/MCD43A3,2012_11_30
2012-12-01,0.38371899830850664,3.884036210874323,MODIS/061/MCD43A3,2012_12_01
2012-12-02,0.3761425306423548,4.76388829462506,MODIS/061/MCD43A3,2012_12_02
2012-12-03,0.34835592931980797,1.6548963210345613,MODIS/061/MCD43A3,2012_12_03
2012-12-04,0.34300931506493815,1.48071191591865,MODIS/061/MCD43A3,2012_12_04
2012-12-05,0.3306869088688232,1.4924269913716122,MODIS/061/MCD43A3,2012_12_05
2012-12-06,0.3376069269248425,1.0452059272192382,MODIS/061/MCD43A3,2012_12_06
2012-12-07,0.3662306559995837,1.8360080047868248,MODIS/061/MCD43A3,2012_12_07
2012-12-08,0.3555212031171357,2.092279065829841,MODIS/061/MCD43A3,2012_12_08
2012-12-09,0.3603516102627037,1.8869955884196183,MODIS/061/MCD43A3,2012_12_09
2012-12-10,0.3708722045942269,1.9994071322538598,MODIS/061/MCD43A3,2012_12_10
2012-12-11,0.36568302901319766,0.9213328981990263,MODIS/061/MCD43A3,2012_12_11
2012-12-12,0.4324862608948958,0.6469210448627034,MODIS/061/MCD43A3,2012_12_12
2012-12-13,0.41763376849665107,0.42819457463782534,MODIS/061/MCD43A3,2012_12_13
2012-12-14,0.3950496697214324,1.484120951596807,MODIS/061/MCD43A3,2012_12_14
2012-12-15,0.3858683446887653,1.3164990765018858,MODIS/061/MCD43A3,2012_12_15
2012-12-16,0.4135601988933084,1.0117562288753672,MODIS/061/MCD43A3,2012_12_16
2012-12-17,0.40565645430035957,1.116318943019158,MODIS/061/MCD43A3,2012_12_17
2012-12-18,0.4238957981274193,0.48843971355815274,MODIS/061/MCD43A3,2012_12_18
2012-12-19,0.3961477145683768,0.5365260346467542,MODIS/061/MCD43A3,2012_12_19
2012-12-20,0.38827198139886593,0.4853459952226844,MODIS/061/MCD43A3,2012_12_20
2012-12-21,0.41548433722674516,1.0089267226622858,MODIS/061/MCD43A3,2012_12_21
2012-12-22,0.43651056996137694,1.085083692180157,MODIS/061/MCD43A3,2012_12_22
2012-12-23,0.43281057759819924,1.4312934068161431,MODIS/061/MCD43A3,2012_12_23
2012-12-24,0.4303063833886194,1.7073564634245506,MODIS/061/MCD43A3,2012_12_24
2012-12-25,0.42819769318532347,1.716875538253084,MODIS/061/MCD43A3,2012_12_25
2012-12-26,0.4222095993057071,1.6978383551545553,MODIS/061/MCD43A3,2012_12_26
2012-12-27,0.428006660110622,1.8311093788918802,MODIS/061/MCD43A3,2012_12_27
2012-12-28,0.4333992203813463,1.6752919587171495,MODIS/061/MCD43A3,2012_12_28
2012-12-29,0.43688868252240926,3.0742039053454233,MODIS/061/MCD43A3,2012_12_29
2012-12-30,0.452843979245702,2.407055234019723,MODIS/061/MCD43A3,2012_12_30
2012-12-31,0.4530110527324903,2.4260949193583023,MODIS/061/MCD43A3,2012_12_31
2013-01-01,0.4354563895649093,3.616424851045672,MODIS/061/MCD43A3,2013_01_01
2013-01-02,0.39980435802080594,4.349451340144598,MODIS/061/MCD43A3,2013_01_02
2013-01-03,0.39598730461653997,5.501317619004233,MODIS/061/MCD43A3,2013_01_03
2013-01-04,0.39689274103662636,5.691859101387344,MODIS/061/MCD43A3,2013_01_04
2013-01-05,0.39426919864030924,5.482824839109391,MODIS/061/MCD43A3,2013_01_05
2013-01-06,0.39550585314668624,5.756297617404545,MODIS/061/MCD43A3,2013_01_06
2013-01-07,0.40293763467430876,6.022023639354409,MODIS/061/MCD43A3,2013_01_07
2013-01-08,0.40413741788296603,5.7752716779641915,MODIS/061/MCD43A3,2013_01_08
2013-01-09,0.4020811405687037,5.089728363198788,MODIS/061/MCD43A3,2013_01_09
2013-01-10,0.3983116034577573,6.162845503809519,MODIS/061/MCD43A3,2013_01_10
2013-01-11,0.41256880498137777,6.778626199823833,MODIS/061/MCD43A3,2013_01_11
2013-01-12,0.41644248613841744,6.474003726089686,MODIS/061/MCD43A3,2013_01_12
2013-01-13,0.4058352337056229,6.547764851891369,MODIS/061/MCD43A3,2013_01_13
2013-01-14,0.405753213185249,6.269829646822416,MODIS/061/MCD43A3,2013_01_14
2013-01-15,0.40578724981010733,5.775243749733962,MODIS/061/MCD43A3,2013_01_15
2013-01-16,0.4133272700057717,6.136833636703436,MODIS/061/MCD43A3,2013_01_16
2013-01-17,0.4111988811754009,6.389977631792922,MODIS/061/MCD43A3,2013_01_17
2013-01-18,0.42313142784821933,5.003354804709727,MODIS/061/MCD43A3,2013_01_18
2013-01-19,0.4244189425869612,4.128016064424419,MODIS/061/MCD43A3,2013_01_19
2013-01-20,0.4315510105206218,3.852258952083391,MODIS/061/MCD43A3,2013_01_20
2013-01-21,0.4306504998906888,4.016555804616795,MODIS/061/MCD43A3,2013_01_21
2013-01-22,0.4510443553867555,2.69186247154976,MODIS/061/MCD43A3,2013_01_22
2013-01-23,0.46527581172556604,1.3591650274610985,MODIS/061/MCD43A3,2013_01_23
2013-01-24,0.45438686488863117,1.3781993962415249,MODIS/061/MCD43A3,2013_01_24
2013-01-25,0.4600293099974116,2.0126356055339705,MODIS/061/MCD43A3,2013_01_25
2013-01-26,0.4708431269614925,0.64705135694131,MODIS/061/MCD43A3,2013_01_26
2013-01-27,0.39099992413442,0.05711554010299724,MODIS/061/MCD43A3,2013_01_27
2013-01-28,0.39099992465447464,0.05711554010299724,MODIS/061/MCD43A3,2013_01_28
2013-01-29,,0.0,MODIS/061/MCD43A3,2013_01_29
2013-01-30,0.4925988173194854,0.6184933950467097,MODIS/061/MCD43A3,2013_01_30
2013-01-31,0.4690010907854503,2.7692209079216297,MODIS/061/MCD43A3,2013_01_31
2013-02-01,0.500620735774797,1.9978686605311655,MODIS/061/MCD43A3,2013_02_01
2013-02-02,0.5119426582938884,0.9127406142043237,MODIS/061/MCD43A3,2013_02_02
2013-02-03,0.5103764178818727,2.6066623906807513,MODIS/061/MCD43A3,2013_02_03
2013-02-04,0.5123694491172808,4.108294198156939,MODIS/061/MCD43A3,2013_02_04
2013-02-05,0.5051603514408339,6.612421031161209,MODIS/061/MCD43A3,2013_02_05
2013-02-06,0.5013121337533476,7.74759542016148,MODIS/061/MCD43A3,2013_02_06
2013-02-07,0.49832644333389703,9.337558097401796,MODIS/061/MCD43A3,2013_02_07
2013-02-08,0.49712908540523065,9.922425474395494,MODIS/061/MCD43A3,2013_02_08
2013-02-09,0.49859482785150505,10.44503590049536,MODIS/061/MCD43A3,2013_02_09
2013-02-10,0.4976724035276964,10.546613146915575,MODIS/061/MCD43A3,2013_02_10
2013-02-11,0.49256042572563474,10.662670028509538,MODIS/061/MCD43A3,2013_02_11
2013-02-12,0.498750349318865,10.882937930772686,MODIS/061/MCD43A3,2013_02_12
2013-02-13,0.4962345460910703,10.73622538611361,MODIS/061/MCD43A3,2013_02_13
2013-02-14,0.4965372867525599,10.900780218145826,MODIS/061/MCD43A3,2013_02_14
2013-02-15,0.5062071319766448,10.890331642089128,MODIS/061/MCD43A3,2013_02_15
2013-02-16,0.5098379017826916,10.927033444384543,MODIS/061/MCD43A3,2013_02_16
2013-02-17,0.5095786908195283,11.133699382760424,MODIS/061/MCD43A3,2013_02_17
2013-02-18,0.512189033559735,11.107121932049202,MODIS/061/MCD43A3,2013_02_18
2013-02-19,0.5190279743619962,10.332437401022263,MODIS/061/MCD43A3,2013_02_19
2013-02-20,0.5300771725124538,9.77289102139211,MODIS/061/MCD43A3,2013_02_20
2013-02-21,0.5541037478681298,8.122636280991685,MODIS/061/MCD43A3,2013_02_21
2013-02-22,0.5455257873804329,6.748207311190379,MODIS/061/MCD43A3,2013_02_22
2013-02-23,0.5769696906211116,4.934081145596098,MODIS/061/MCD43A3,2013_02_23
2013-02-24,0.5692026059550664,2.9412641412856866,MODIS/061/MCD43A3,2013_02_24
2013-02-25,0.5991826945166063,2.1131038016845283,MODIS/061/MCD43A3,2013_02_25
2013-02-26,0.5923179925173317,1.2278995711916008,MODIS/061/MCD43A3,2013_02_26
2013-02-27,0.5971289259826631,1.1136665530456153,MODIS/061/MCD43A3,2013_02_27
2013-02-28,0.6220000211376184,0.06663610799616639,MODIS/061/MCD43A3,2013_02_28
2013-03-01,0.5985002158750289,0.03807795846069672,MODIS/061/MCD43A3,2013_03_01
2013-03-02,0.6075000742884599,0.05711668818365492,MODIS/061/MCD43A3,2013_03_02
2013-03-03,0.5947998900313496,0.04759710856760072,MODIS/061/MCD43A3,2013_03_03
2013-03-04,0.6050004552131217,0.057117097494587814,MODIS/061/MCD43A3,2013_03_04
2013-03-05,0.6060005468236314,0.057117097494587814,MODIS/061/MCD43A3,2013_03_05
2013-03-06,0.6196257077174959,0.07615684544532392,MODIS/061/MCD43A3,2013_03_06
2013-03-07,0.5886590602149733,2.998347947747711,MODIS/061/MCD43A3,2013_03_07
2013-03-08,0.5849520344110367,3.0745037351628874,MODIS/061/MCD43A3,2013_03_08
2013-03-09,0.565263757360976,0.1808705905129059,MODIS/061/MCD43A3,2013_03_09
2013-03-10,,0.0,MODIS/061/MCD43A3,2013_03_10
2013-03-11,,0.0,MODIS/061/MCD43A3,2013_03_11
2013-03-12,0.6115010982008463,0.9709961940957933,MODIS/061/MCD43A3,2013_03_12
2013-03-13,0.5962328213895148,8.284023082200997,MODIS/061/MCD43A3,2013_03_13
2013-03-14,0.5936724081447068,8.71833529043509,MODIS/061/MCD43A3,2013_03_14
2013-03-15,0.5921079933808159,8.853067397244883,MODIS/061/MCD43A3,2013_03_15
2013-03-16,0.5909398075313208,8.481807698791622,MODIS/061/MCD43A3,2013_03_16
2013-03-17,0.590128312634937,8.332519585056078,MODIS/061/MCD43A3,2013_03_17
2013-03-18,0.5651657284393112,8.763330745687483,MODIS/061/MCD43A3,2013_03_18
2013-03-19,0.563295957396071,8.564201750050678,MODIS/061/MCD43A3,2013_03_19
2013-03-20,0.580061566221738,13.315531354157402,MODIS/061/MCD43A3,2013_03_20
2013-03-21,0.582074313676728,12.47102664664963,MODIS/061/MCD43A3,2013_03_21
2013-03-22,0.580157892508005,12.609217718320982,MODIS/061/MCD43A3,2013_03_22
2013-03-23,0.5593124132772419,8.54905068004846,MODIS/061/MCD43A3,2013_03_23
2013-03-24,0.5590124806230926,8.644246834430326,MODIS/061/MCD43A3,2013_03_24
2013-03-25,0.558048182407264,8.579924077715471,MODIS/061/MCD43A3,2013_03_25
2013-03-26,0.5483409446272832,9.229792078799846,MODIS/061/MCD43A3,2013_03_26
2013-03-27,0.5709516482286537,13.714346948180799,MODIS/061/MCD43A3,2013_03_27
2013-03-28,0.5820484359359905,16.700540100423304,MODIS/061/MCD43A3,2013_03_28
2013-03-29,0.5746477453424322,15.420733411975009,MODIS/061/MCD43A3,2013_03_29
2013-03-30,0.5819720839263351,16.223462040703854,MODIS/061/MCD43A3,2013_03_30
2013-03-31,0.578440590752686,16.562952725049698,MODIS/061/MCD43A3,2013_03_31
2013-04-01,0.5700165682638447,17.851030781878308,MODIS/061/MCD43A3,2013_04_01
2013-04-02,0.5657576638105429,18.148727543664467,MODIS/061/MCD43A3,2013_04_02
2013-04-03,0.5504917901559242,17.939226495197946,MODIS/061/MCD43A3,2013_04_03
2013-04-04,0.5354947062436327,20.759733569963803,MODIS/061/MCD43A3,2013_04_04
2013-04-05,0.507151057624486,18.824540757897793,MODIS/061/MCD43A3,2013_04_05
2013-04-06,0.5056018048148334,19.180605595164682,MODIS/061/MCD43A3,2013_04_06
2013-04-07,0.4969870458777894,19.872128036345302,MODIS/061/MCD43A3,2013_04_07
2013-04-08,0.5075125693978292,16.965535771554396,MODIS/061/MCD43A3,2013_04_08
2013-04-09,0.4933695749975345,17.42764213061779,MODIS/061/MCD43A3,2013_04_09
2013-04-10,0.49284482366064336,16.73676024026418,MODIS/061/MCD43A3,2013_04_10
2013-04-11,0.5041220619164009,23.036753093885668,MODIS/061/MCD43A3,2013_04_11
2013-04-12,0.4847673207495411,21.138163452056904,MODIS/061/MCD43A3,2013_04_12
2013-04-13,0.4911183216607998,18.789416822704442,MODIS/061/MCD43A3,2013_04_13
2013-04-14,0.48248453117639795,17.920829338853643,MODIS/061/MCD43A3,2013_04_14
2013-04-15,0.4609087410516868,18.729720055380422,MODIS/061/MCD43A3,2013_04_15
2013-04-16,0.45926740638243047,17.49643079611804,MODIS/061/MCD43A3,2013_04_16
2013-04-17,0.42904944905160175,12.841769787982164,MODIS/061/MCD43A3,2013_04_17
2013-04-18,0.42104174264898603,10.58386923106401,MODIS/061/MCD43A3,2013_04_18
2013-04-19,0.48111912853562816,5.2949776037204845,MODIS/061/MCD43A3,2013_04_19
2013-04-20,0.4745108480017361,5.850010569385538,MODIS/061/MCD43A3,2013_04_20
2013-04-21,0.546319136107434,4.80911337575189,MODIS/061/MCD43A3,2013_04_21
2013-04-22,0.5594871939694948,11.117504931567202,MODIS/061/MCD43A3,2013_04_22
2013-04-23,0.580252837213993,14.984771974447785,MODIS/061/MCD43A3,2013_04_23
2013-04-24,0.575363522762722,15.594319920133929,MODIS/061/MCD43A3,2013_04_24
2013-04-25,0.5722748362649374,16.484025973028402,MODIS/061/MCD43A3,2013_04_25
2013-04-26,0.5717093951385814,16.659483660100843,MODIS/061/MCD43A3,2013_04_26
2013-04-27,0.57193146703144,19.72132216533948,MODIS/061/MCD43A3,2013_04_27
2013-04-28,0.3941491348184349,18.51774171473779,MODIS/061/MCD43A3,2013_04_28
2013-04-29,0.3872362215891194,21.199705706567418,MODIS/061/MCD43A3,2013_04_29
2013-04-30,0.3220600066983099,19.34186779093663,MODIS/061/MCD43A3,2013_04_30
2013-05-01,0.3181760022365764,19.38979789570607,MODIS/061/MCD43A3,2013_05_01
2013-05-02,0.31834026259737797,19.481671380644087,MODIS/061/MCD43A3,2013_05_02
2013-05-03,0.3050299471003015,20.424955582647524,MODIS/061/MCD43A3,2013_05_03
2013-05-04,0.3045963583727506,20.479836257235597,MODIS/061/MCD43A3,2013_05_04
2013-05-05,0.30474116442450616,20.67406703262869,MODIS/061/MCD43A3,2013_05_05
2013-05-06,0.3145040628367721,20.86214541545202,MODIS/061/MCD43A3,2013_05_06
2013-05-07,0.30121563862245354,26.58821209358014,MODIS/061/MCD43A3,2013_05_07
2013-05-08,0.31088331699586896,31.020000012057682,MODIS/061/MCD43A3,2013_05_08
2013-05-09,0.2981713917255882,32.40537151804899,MODIS/061/MCD43A3,2013_05_09
2013-05-10,0.286602579014649,30.832171938491392,MODIS/061/MCD43A3,2013_05_10
2013-05-11,0.26923780887571824,28.399582856348886,MODIS/061/MCD43A3,2013_05_11
2013-05-12,0.26484868591380206,27.777474645312868,MODIS/061/MCD43A3,2013_05_12
2013-05-13,0.25775760531101766,25.167496759459112,MODIS/061/MCD43A3,2013_05_13
2013-05-14,0.1947014438692228,15.356682299297743,MODIS/061/MCD43A3,2013_05_14
2013-05-15,0.17205885198109586,14.672444704359771,MODIS/061/MCD43A3,2013_05_15
2013-05-16,0.14888721071474714,11.809339440661166,MODIS/061/MCD43A3,2013_05_16
2013-05-17,0.14678581212501418,10.786962576692678,MODIS/061/MCD43A3,2013_05_17
2013-05-18,0.14667912199016137,10.75840527488827,MODIS/061/MCD43A3,2013_05_18
2013-05-19,0.15268812848487381,9.760183138517307,MODIS/061/MCD43A3,2013_05_19
2013-05-20,0.16119488874879245,11.812891531649376,MODIS/061/MCD43A3,2013_05_20
2013-05-21,0.1592438925246813,18.199221186042692,MODIS/061/MCD43A3,2013_05_21
2013-05-22,0.16230952136111587,22.198669197954285,MODIS/061/MCD43A3,2013_05_22
2013-05-23,0.14771075425507665,22.894647149318924,MODIS/061/MCD43A3,2013_05_23
2013-05-24,0.1455471498539162,23.65989211491696,MODIS/061/MCD43A3,2013_05_24
2013-05-25,0.14567658499404135,23.60968553818779,MODIS/061/MCD43A3,2013_05_25
2013-05-26,0.1444644059747022,23.286103645757457,MODIS/061/MCD43A3,2013_05_26
2013-05-27,0.1446203162845326,22.82918515172213,MODIS/061/MCD43A3,2013_05_27
2013-05-28,0.14477226907835364,22.9434159652921,MODIS/061/MCD43A3,2013_05_28
2013-05-29,0.1448235469045941,23.08620613672619,MODIS/061/MCD43A3,2013_05_29
2013-05-30,0.14503825255913597,23.363905597767197,MODIS/061/MCD43A3,2013_05_30
2013-05-31,0.1480713496056402,25.50389449520951,MODIS/061/MCD43A3,2013_05_31
2013-06-01,0.15707032358311718,32.659894956659116,MODIS/061/MCD43A3,2013_06_01
2013-06-02,0.1610230584013403,36.21446378135401,MODIS/061/MCD43A3,2013_06_02
2013-06-03,0.16618935399289586,39.009704826394646,MODIS/061/MCD43A3,2013_06_03
2013-06-04,0.1691378530037967,41.99991424005565,MODIS/061/MCD43A3,2013_06_04
2013-06-05,0.17265454846569642,46.68634608070925,MODIS/061/MCD43A3,2013_06_05
2013-06-06,0.17044566254401544,42.546585296816176,MODIS/061/MCD43A3,2013_06_06
2013-06-07,0.16997366783798779,40.788345950767344,MODIS/061/MCD43A3,2013_06_07
2013-06-08,0.1653921974591917,46.17090253571306,MODIS/061/MCD43A3,2013_06_08
2013-06-09,0.16438654096319769,45.114813780676016,MODIS/061/MCD43A3,2013_06_09
2013-06-10,0.1668941183460526,48.61400167828281,MODIS/061/MCD43A3,2013_06_10
2013-06-11,0.1705602322632188,55.47018014828774,MODIS/061/MCD43A3,2013_06_11
2013-06-12,0.17358698545697443,59.82686388833266,MODIS/061/MCD43A3,2013_06_12
2013-06-13,0.1758853391672945,65.39299996613187,MODIS/061/MCD43A3,2013_06_13
2013-06-14,0.17985298263770333,70.24784597771404,MODIS/061/MCD43A3,2013_06_14
2013-06-15,0.18473687330982155,74.6946129176903,MODIS/061/MCD43A3,2013_06_15
2013-06-16,0.185442746433041,76.02105520878054,MODIS/061/MCD43A3,2013_06_16
2013-06-17,0.18135344095473133,75.38646839439987,MODIS/061/MCD43A3,2013_06_17
2013-06-18,0.1822659935620133,76.27012438137683,MODIS/061/MCD43A3,2013_06_18
2013-06-19,0.18192594329984818,76.17757688927306,MODIS/061/MCD43A3,2013_06_19
2013-06-20,0.17915799343202352,73.62078622152812,MODIS/061/MCD43A3,2013_06_20
2013-06-21,0.1762710929984483,71.01991382967834,MODIS/061/MCD43A3,2013_06_21
2013-06-22,0.17566705238334887,69.79502547477693,MODIS/061/MCD43A3,2013_06_22
2013-06-23,0.17558303173074213,69.67246437027032,MODIS/061/MCD43A3,2013_06_23
2013-06-24,0.16719452435438337,65.54817388186308,MODIS/061/MCD43A3,2013_06_24
2013-06-25,0.16929662322760314,67.63747857991423,MODIS/061/MCD43A3,2013_06_25
2013-06-26,0.16693470211450595,65.51756347945017,MODIS/061/MCD43A3,2013_06_26
2013-06-27,0.15969296114928988,59.30957037339905,MODIS/061/MCD43A3,2013_06_27
2013-06-28,0.15321753901384108,54.01620645403712,MODIS/061/MCD43A3,2013_06_28
2013-06-29,0.14943753151781386,52.839341426223726,MODIS/061/MCD43A3,2013_06_29
2013-06-30,0.147437559774249,52.04690852681068,MODIS/061/MCD43A3,2013_06_30
2013-07-01,0.14086353132852233,44.53703570985353,MODIS/061/MCD43A3,2013_07_01
2013-07-02,0.13925191045055196,39.684073714633634,MODIS/061/MCD43A3,2013_07_02
2013-07-03,0.13657847812439358,29.321452166786305,MODIS/061/MCD43A3,2013_07_03
2013-07-04,0.13717131182715736,30.98895190256936,MODIS/061/MCD43A3,2013_07_04
2013-07-05,0.13825189521022388,34.21302039567541,MODIS/061/MCD43A3,2013_07_05
2013-07-06,0.13833849386251237,34.23497039290461,MODIS/061/MCD43A3,2013_07_06
2013-07-07,0.1385563205278452,34.29780305751892,MODIS/061/MCD43A3,2013_07_07
2013-07-08,0.13904731798919495,37.26352940225425,MODIS/061/MCD43A3,2013_07_08
2013-07-09,0.14070556531206732,42.25364596209743,MODIS/061/MCD43A3,2013_07_09
2013-07-10,0.14195589477048942,49.70910033335424,MODIS/061/MCD43A3,2013_07_10
2013-07-11,0.14154948166855758,49.95592962444295,MODIS/061/MCD43A3,2013_07_11
2013-07-12,0.14159120950044712,50.99914966717704,MODIS/061/MCD43A3,2013_07_12
2013-07-13,0.14165289514323146,52.96889385151006,MODIS/061/MCD43A3,2013_07_13
2013-07-14,0.14181043657703918,52.047115257656785,MODIS/061/MCD43A3,2013_07_14
2013-07-15,0.14048889934259234,54.940878044168464,MODIS/061/MCD43A3,2013_07_15
2013-07-16,0.13995017819602745,53.66834719420554,MODIS/061/MCD43A3,2013_07_16
2013-07-17,0.1420057117663976,62.035694133637776,MODIS/061/MCD43A3,2013_07_17
2013-07-18,0.14425520474618805,68.83443466311813,MODIS/061/MCD43A3,2013_07_18
2013-07-19,0.1471153208134734,77.18930564556818,MODIS/061/MCD43A3,2013_07_19
2013-07-20,0.149313843586041,81.76519288494444,MODIS/061/MCD43A3,2013_07_20
2013-07-21,0.15034274426926839,85.11194976611965,MODIS/061/MCD43A3,2013_07_21
2013-07-22,0.15144892196435522,87.7690335639641,MODIS/061/MCD43A3,2013_07_22
2013-07-23,0.1515904478645983,89.59332715483806,MODIS/061/MCD43A3,2013_07_23
2013-07-24,0.15195175974582548,91.20688290974404,MODIS/061/MCD43A3,2013_07_24
2013-07-25,0.1516566797731555,91.8336938580104,MODIS/061/MCD43A3,2013_07_25
2013-07-26,0.14978995326110917,89.63030510664086,MODIS/061/MCD43A3,2013_07_26
2013-07-27,0.14994728454883363,89.77359448794392,MODIS/061/MCD43A3,2013_07_27
2013-07-28,0.14993003234311142,91.34664449706291,MODIS/061/MCD43A3,2013_07_28
2013-07-29,0.14970352697446612,92.50536985395702,MODIS/061/MCD43A3,2013_07_29
2013-07-30,0.14989529628497522,93.87775683188049,MODIS/061/MCD43A3,2013_07_30
2013-07-31,0.14850416466037725,91.93387505820482,MODIS/061/MCD43A3,2013_07_31
2013-08-01,0.14836576647725833,91.78036676049074,MODIS/061/MCD43A3,2013_08_01
2013-08-02,0.14584644005226763,87.84983083169385,MODIS/061/MCD43A3,2013_08_02
2013-08-03,0.145184980213877,87.48862420411149,MODIS/061/MCD43A3,2013_08_03
2013-08-04,0.14481812845205733,86.21110358059266,MODIS/061/MCD43A3,2013_08_04
2013-08-05,0.14411369289921508,85.33222002773954,MODIS/061/MCD43A3,2013_08_05
2013-08-06,0.1431213841522276,83.93247345196268,MODIS/061/MCD43A3,2013_08_06
2013-08-07,0.14135373550029715,82.73994565219321,MODIS/061/MCD43A3,2013_08_07
2013-08-08,0.14066504180062356,81.66419632440477,MODIS/061/MCD43A3,2013_08_08
2013-08-09,0.14053189148206693,82.95545157999213,MODIS/061/MCD43A3,2013_08_09
2013-08-10,0.14014390128392543,83.95283740463073,MODIS/061/MCD43A3,2013_08_10
2013-08-11,0.13971434662044518,89.47768345230564,MODIS/061/MCD43A3,2013_08_11
2013-08-12,0.13953951805984016,89.82223706559714,MODIS/061/MCD43A3,2013_08_12
2013-08-13,0.13861248331415274,86.4092717921373,MODIS/061/MCD43A3,2013_08_13
2013-08-14,0.13701059702964957,80.32378002658393,MODIS/061/MCD43A3,2013_08_14
2013-08-15,0.13562912770069657,72.90403468289257,MODIS/061/MCD43A3,2013_08_15
2013-08-16,0.13627951776233616,73.77819217238856,MODIS/061/MCD43A3,2013_08_16
2013-08-17,0.13602439880612863,72.85918398013531,MODIS/061/MCD43A3,2013_08_17
2013-08-18,0.13648452835268673,85.63561199611324,MODIS/061/MCD43A3,2013_08_18
2013-08-19,0.1373986827796383,88.21954903674491,MODIS/061/MCD43A3,2013_08_19
2013-08-20,0.13727192532247556,92.715587107677,MODIS/061/MCD43A3,2013_08_20
2013-08-21,0.13746690596893224,93.83953835602486,MODIS/061/MCD43A3,2013_08_21
2013-08-22,0.13766880874756876,91.55815435941251,MODIS/061/MCD43A3,2013_08_22
2013-08-23,0.13719050533661079,93.64174445227763,MODIS/061/MCD43A3,2013_08_23
2013-08-24,0.13761819314451362,92.52311057545647,MODIS/061/MCD43A3,2013_08_24
2013-08-25,0.13788350869961044,93.3106810116324,MODIS/061/MCD43A3,2013_08_25
2013-08-26,0.13805690334063833,93.04072768347842,MODIS/061/MCD43A3,2013_08_26
2013-08-27,0.1377536958119427,92.82771004864573,MODIS/061/MCD43A3,2013_08_27
2013-08-28,0.1382571935736484,93.40506206999073,MODIS/061/MCD43A3,2013_08_28
2013-08-29,0.1384506165101484,93.93223756928138,MODIS/061/MCD43A3,2013_08_29
2013-08-30,0.13852037027920364,93.87851806964646,MODIS/061/MCD43A3,2013_08_30
2013-08-31,0.13918422797581734,95.4544849015712,MODIS/061/MCD43A3,2013_08_31
2013-09-01,0.1400731462222141,96.20163046524478,MODIS/061/MCD43A3,2013_09_01
2013-09-02,0.1404414499505683,96.56652524194944,MODIS/061/MCD43A3,2013_09_02
2013-09-03,0.14065651206557755,96.78070311266957,MODIS/061/MCD43A3,2013_09_03
2013-09-04,0.14069401971580908,96.6368940216302,MODIS/061/MCD43A3,2013_09_04
2013-09-05,0.14087826531399097,96.35880481169966,MODIS/061/MCD43A3,2013_09_05
2013-09-06,0.14123419343829782,96.27252692364134,MODIS/061/MCD43A3,2013_09_06
2013-09-07,0.1413822991753375,96.29067315792355,MODIS/061/MCD43A3,2013_09_07
2013-09-08,0.1415437356898848,96.1468266008824,MODIS/061/MCD43A3,2013_09_08
2013-09-09,0.14133813004731047,95.6863979728562,MODIS/061/MCD43A3,2013_09_09
2013-09-10,0.14147039901365335,95.18176578069861,MODIS/061/MCD43A3,2013_09_10
2013-09-11,0.14138790611915114,94.38888768047352,MODIS/061/MCD43A3,2013_09_11
2013-09-12,0.14275980289362888,93.51386321119685,MODIS/061/MCD43A3,2013_09_12
2013-09-13,0.14361353854586845,92.90314123523092,MODIS/061/MCD43A3,2013_09_13
2013-09-14,0.14364083719940254,90.04200609348204,MODIS/061/MCD43A3,2013_09_14
2013-09-15,0.14254381906876443,76.72214783782744,MODIS/061/MCD43A3,2013_09_15
2013-09-16,0.14287042094657984,65.09993528591725,MODIS/061/MCD43A3,2013_09_16
2013-09-17,0.14498820012726243,69.24619697522289,MODIS/061/MCD43A3,2013_09_17
2013-09-18,0.14671843028252549,80.25296224664564,MODIS/061/MCD43A3,2013_09_18
2013-09-19,0.1466652343228014,78.6775454504311,MODIS/061/MCD43A3,2013_09_19
2013-09-20,0.14629078375659801,74.37816710327343,MODIS/061/MCD43A3,2013_09_20
2013-09-21,0.14544060121902117,77.17823302290641,MODIS/061/MCD43A3,2013_09_21
2013-09-22,0.14569525349772633,81.40351449290065,MODIS/061/MCD43A3,2013_09_22
2013-09-23,0.1462577956591213,84.37101058726185,MODIS/061/MCD43A3,2013_09_23
2013-09-24,0.14729159807941528,86.98147159893449,MODIS/061/MCD43A3,2013_09_24
2013-09-25,0.1471386898871496,89.43584998596737,MODIS/061/MCD43A3,2013_09_25
2013-09-26,0.14791778104265324,90.56075415017439,MODIS/061/MCD43A3,2013_09_26
2013-09-27,0.1477014813906427,91.67042430125252,MODIS/061/MCD43A3,2013_09_27
2013-09-28,0.14592276951032557,92.61821098294291,MODIS/061/MCD43A3,2013_09_28
2013-09-29,0.14547076837783418,93.39976203223628,MODIS/061/MCD43A3,2013_09_29
2013-09-30,0.14517606246558373,93.7062963490804,MODIS/061/MCD43A3,2013_09_30
2013-10-01,0.14613084389011918,94.0855648897477,MODIS/061/MCD43A3,2013_10_01
2013-10-02,0.14577702562750816,94.20521535365928,MODIS/061/MCD43A3,2013_10_02
2013-10-03,0.14531395818492945,93.75964369254292,MODIS/061/MCD43A3,2013_10_03
2013-10-04,0.14479963166466564,92.10125881092294,MODIS/061/MCD43A3,2013_10_04
2013-10-05,0.1447144853107734,92.83427361811188,MODIS/061/MCD43A3,2013_10_05
2013-10-06,0.14459799437739407,92.64933320535624,MODIS/061/MCD43A3,2013_10_06
2013-10-07,0.14507937638428922,91.56048032106524,MODIS/061/MCD43A3,2013_10_07
2013-10-08,0.14568276668691615,90.76585265033525,MODIS/061/MCD43A3,2013_10_08
2013-10-09,0.1458283507548953,88.85758295352987,MODIS/061/MCD43A3,2013_10_09
2013-10-10,0.14561266859260935,86.29056751971393,MODIS/061/MCD43A3,2013_10_10
2013-10-11,0.14602133261763037,66.80563960950165,MODIS/061/MCD43A3,2013_10_11
2013-10-12,0.14656459158520965,68.37711352997049,MODIS/061/MCD43A3,2013_10_12
2013-10-13,0.14719746136699077,69.781220404934,MODIS/061/MCD43A3,2013_10_13
2013-10-14,0.15007262501994068,63.81451218022029,MODIS/061/MCD43A3,2013_10_14
2013-10-15,0.15096713726379743,60.68617238565726,MODIS/061/MCD43A3,2013_10_15
2013-10-16,0.15161244170585342,52.193833374326104,MODIS/061/MCD43A3,2013_10_16
2013-10-17,0.1520758461531003,45.90089067775905,MODIS/061/MCD43A3,2013_10_17
2013-10-18,0.15209158661372757,43.68140177622547,MODIS/061/MCD43A3,2013_10_18
2013-10-19,0.15303348899009375,43.462190222236444,MODIS/061/MCD43A3,2013_10_19
2013-10-20,0.1527432255714727,43.252761479811795,MODIS/061/MCD43A3,2013_10_20
2013-10-21,0.15386234131674328,41.05436132312114,MODIS/061/MCD43A3,2013_10_21
2013-10-22,0.15362122876766884,39.65259720194422,MODIS/061/MCD43A3,2013_10_22
2013-10-23,0.15347721389276167,39.34796769281539,MODIS/061/MCD43A3,2013_10_23
2013-10-24,0.15419080638513627,32.98755046715497,MODIS/061/MCD43A3,2013_10_24
2013-10-25,0.1542131301609185,27.717969361829706,MODIS/061/MCD43A3,2013_10_25
2013-10-26,0.1543068979383941,20.19725614710463,MODIS/061/MCD43A3,2013_10_26
2013-10-27,0.15169209768297232,12.351658149005855,MODIS/061/MCD43A3,2013_10_27
2013-10-28,0.15943526227749852,8.069665656150338,MODIS/061/MCD43A3,2013_10_28
2013-10-29,0.16480410595746034,8.704865490742854,MODIS/061/MCD43A3,2013_10_29
2013-10-30,0.1719040589448947,9.625149097854834,MODIS/061/MCD43A3,2013_10_30
2013-10-31,0.17404424762803594,11.65158236476934,MODIS/061/MCD43A3,2013_10_31
2013-11-01,0.17414565164402798,15.497088531592,MODIS/061/MCD43A3,2013_11_01
2013-11-02,0.1763499151950283,15.527557284985615,MODIS/061/MCD43A3,2013_11_02
2013-11-03,0.17657670143473891,15.477993152223341,MODIS/061/MCD43A3,2013_11_03
2013-11-04,0.17872778528669098,15.632586191994545,MODIS/061/MCD43A3,2013_11_04
2013-11-05,0.18142438857942697,16.820705187157397,MODIS/061/MCD43A3,2013_11_05
2013-11-06,0.17090652455336844,17.488488906818194,MODIS/061/MCD43A3,2013_11_06
2013-11-07,0.17040760801491156,18.30669805149503,MODIS/061/MCD43A3,2013_11_07
2013-11-08,0.17279843972547304,19.94087036982964,MODIS/061/MCD43A3,2013_11_08
2013-11-09,0.17167015850319298,20.523229850205343,MODIS/061/MCD43A3,2013_11_09
2013-11-10,0.16988079853050742,20.78117515133624,MODIS/061/MCD43A3,2013_11_10
2013-11-11,0.16592547814069664,20.04913073065092,MODIS/061/MCD43A3,2013_11_11
2013-11-12,0.1626026892422767,17.65179750735277,MODIS/061/MCD43A3,2013_11_12
2013-11-13,0.16349169642146819,17.14239842472568,MODIS/061/MCD43A3,2013_11_13
2013-11-14,0.15640970781767008,14.466530708137695,MODIS/061/MCD43A3,2013_11_14
2013-11-15,0.15682934444557747,11.385221223296623,MODIS/061/MCD43A3,2013_11_15
2013-11-16,0.1519175863774139,7.578588433450521,MODIS/061/MCD43A3,2013_11_16
2013-11-17,0.15027444039215074,3.752501235044854,MODIS/061/MCD43A3,2013_11_17
2013-11-18,0.1603800437833436,1.2123313063733407,MODIS/061/MCD43A3,2013_11_18
2013-11-19,0.31876718485397926,0.3236589858978651,MODIS/061/MCD43A3,2013_11_19
2013-11-20,0.34039887670547475,0.869704574146322,MODIS/061/MCD43A3,2013_11_20
2013-11-21,0.358425247609794,0.7425193299907277,MODIS/061/MCD43A3,2013_11_21
2013-11-22,0.39971820213215997,0.6378110029318669,MODIS/061/MCD43A3,2013_11_22
2013-11-23,0.39018668132582823,0.6187703109331066,MODIS/061/MCD43A3,2013_11_23
2013-11-24,0.39103980374868075,0.599206715110329,MODIS/061/MCD43A3,2013_11_24
2013-11-25,0.3800493276507821,0.8172903793569516,MODIS/061/MCD43A3,2013_11_25
2013-11-26,0.3730456259048747,1.141476936046443,MODIS/061/MCD43A3,2013_11_26
2013-11-27,0.37069082493957173,1.065019978348695,MODIS/061/MCD43A3,2013_11_27
2013-11-28,0.38867786894898687,1.2173354087142862,MODIS/061/MCD43A3,2013_11_28
2013-11-29,0.3834415945749193,1.3601233340139676,MODIS/061/MCD43A3,2013_11_29
2013-11-30,0.3795912908972568,1.0832000500629202,MODIS/061/MCD43A3,2013_11_30
2013-12-01,0.3718060187693448,1.1887756230032793,MODIS/061/MCD43A3,2013_12_01
2013-12-02,0.3725649960865063,1.1885131695679145,MODIS/061/MCD43A3,2013_12_02
2013-12-03,0.36808654757554543,1.8478521692355374,MODIS/061/MCD43A3,2013_12_03
2013-12-04,0.3790053586436814,1.8190359230078572,MODIS/061/MCD43A3,2013_12_04
2013-12-05,0.3784519885421121,1.8520324446056986,MODIS/061/MCD43A3,2013_12_05
2013-12-06,0.3787287448121134,1.3408195357033914,MODIS/061/MCD43A3,2013_12_06
2013-12-07,0.39032884439272686,1.3597061876927745,MODIS/061/MCD43A3,2013_12_07
2013-12-08,0.39283320961718093,1.2457948507627215,MODIS/061/MCD43A3,2013_12_08
2013-12-09,0.3854162694190226,1.2649068477682077,MODIS/061/MCD43A3,2013_12_09
2013-12-10,0.39328023983428195,1.264831167701233,MODIS/061/MCD43A3,2013_12_10
2013-12-11,0.3844937814881654,1.0175496552368755,MODIS/061/MCD43A3,2013_12_11
2013-12-12,0.4091961317042292,1.2166808152435236,MODIS/061/MCD43A3,2013_12_12
2013-12-13,0.4158510186097206,2.103025819910942,MODIS/061/MCD43A3,2013_12_13
2013-12-14,0.41365156057708213,1.684083928270187,MODIS/061/MCD43A3,2013_12_14
2013-12-15,0.4212019555593335,2.0839086072052253,MODIS/061/MCD43A3,2013_12_15
2013-12-16,0.42626696558041466,2.150619937936372,MODIS/061/MCD43A3,2013_12_16
2013-12-17,0.4468696415447361,0.7332879991766745,MODIS/061/MCD43A3,2013_12_17
2013-12-18,0.44937288697797806,0.9903240598689805,MODIS/061/MCD43A3,2013_12_18
2013-12-19,0.4352555306809939,0.3810539365544444,MODIS/061/MCD43A3,2013_12_19
2013-12-20,0.46694514715306407,0.4572134329769243,MODIS/061/MCD43A3,2013_12_20
2013-12-21,0.42549692973576,0.16209699108743975,MODIS/061/MCD43A3,2013_12_21
2013-12-22,0.4743348362832238,0.912913172080905,MODIS/061/MCD43A3,2013_12_22
2013-12-23,0.4720128550510871,1.4086118690777178,MODIS/061/MCD43A3,2013_12_23
2013-12-24,0.44589171206712097,2.3698379447897815,MODIS/061/MCD43A3,2013_12_24
2013-12-25,0.4256273002578652,3.130445066828956,MODIS/061/MCD43A3,2013_12_25
2013-12-26,0.40460888252727156,4.083098214004635,MODIS/061/MCD43A3,2013_12_26
2013-12-27,0.40838031556801324,4.258890775964111,MODIS/061/MCD43A3,2013_12_27
2013-12-28,0.4159781318811068,3.2929693577636376,MODIS/061/MCD43A3,2013_12_28
2013-12-29,0.43998433600319165,2.4660931336451064,MODIS/061/MCD43A3,2013_12_29
2013-12-30,0.4160293983314535,3.6144079723355667,MODIS/061/MCD43A3,2013_12_30
2013-12-31,0.4174201316466811,3.801878517249,MODIS/061/MCD43A3,2013_12_31
2014-01-01,0.41541790433644843,3.852686538753335,MODIS/061/MCD43A3,2014_01_01
2014-01-02,0.41499945759470985,4.160069563297089,MODIS/061/MCD43A3,2014_01_02
2014-01-03,0.40979251053777316,4.374428060798162,MODIS/061/MCD43A3,2014_01_03
2014-01-04,0.42409943167835096,5.049363475680308,MODIS/061/MCD43A3,2014_01_04
2014-01-05,0.42654098392486683,4.8875360601735505,MODIS/061/MCD43A3,2014_01_05
2014-01-06,0.4004926121773824,5.456723343100977,MODIS/061/MCD43A3,2014_01_06
2014-01-07,0.3990708116516374,4.790037447939973,MODIS/061/MCD43A3,2014_01_07
2014-01-08,0.3934186975746529,5.057162076302897,MODIS/061/MCD43A3,2014_01_08
2014-01-09,0.4271403743950556,4.520905490331494,MODIS/061/MCD43A3,2014_01_09
2014-01-10,0.4079187842322701,4.42306575423712,MODIS/061/MCD43A3,2014_01_10
2014-01-11,0.4362981675711432,2.711393327274308,MODIS/061/MCD43A3,2014_01_11
2014-01-12,0.44012083179240064,2.7399523668407983,MODIS/061/MCD43A3,2014_01_12
2014-01-13,0.43624859315837095,2.481918365096794,MODIS/061/MCD43A3,2014_01_13
2014-01-14,0.4350630390218374,2.3676885009400226,MODIS/061/MCD43A3,2014_01_14
2014-01-15,0.42921409784488185,1.5781006155274269,MODIS/061/MCD43A3,2014_01_15
2014-01-16,0.4401147248075264,1.0175782235787658,MODIS/061/MCD43A3,2014_01_16
2014-01-17,0.4442733274534866,0.9985392585243589,MODIS/061/MCD43A3,2014_01_17
2014-01-18,0.4771047205932287,0.6368375216451035,MODIS/061/MCD43A3,2014_01_18
2014-01-19,0.465601901570043,0.6945505734074643,MODIS/061/MCD43A3,2014_01_19
2014-01-20,0.4676918441768945,0.12375396523535939,MODIS/061/MCD43A3,2014_01_20
2014-01-21,0.5060003873939025,0.06663621046137867,MODIS/061/MCD43A3,2014_01_21
2014-01-22,0.5070003905409096,0.06663621046137867,MODIS/061/MCD43A3,2014_01_22
2014-01-23,,0.0,MODIS/061/MCD43A3,2014_01_23
2014-01-24,,0.0,MODIS/061/MCD43A3,2014_01_24
2014-01-25,,0.0,MODIS/061/MCD43A3,2014_01_25
2014-01-26,,0.0,MODIS/061/MCD43A3,2014_01_26
2014-01-27,,0.0,MODIS/061/MCD43A3,2014_01_27
2014-01-28,,0.0,MODIS/061/MCD43A3,2014_01_28
2014-01-29,,0.0,MODIS/061/MCD43A3,2014_01_29
2014-01-30,,0.0,MODIS/061/MCD43A3,2014_01_30
2014-01-31,,0.0,MODIS/061/MCD43A3,2014_01_31
2014-02-01,,0.0,MODIS/061/MCD43A3,2014_02_01
2014-02-02,0.6398445287914001,0.5420399854329386,MODIS/061/MCD43A3,2014_02_02
2014-02-03,0.5576091350853344,2.9731538612745947,MODIS/061/MCD43A3,2014_02_03
2014-02-04,0.5761535517001649,3.525271662970922,MODIS/061/MCD43A3,2014_02_04
2014-02-05,0.5658463307517515,5.441161217357478,MODIS/061/MCD43A3,2014_02_05
2014-02-06,0.5606360117492989,5.954447068606751,MODIS/061/MCD43A3,2014_02_06
2014-02-07,0.5692594192178793,7.416949530030126,MODIS/061/MCD43A3,2014_02_07
2014-02-08,0.5673169341207376,7.8518990408158365,MODIS/061/MCD43A3,2014_02_08
2014-02-09,0.5699122139480929,9.330695290102916,MODIS/061/MCD43A3,2014_02_09
2014-02-10,0.5667671309304598,9.524436414623231,MODIS/061/MCD43A3,2014_02_10
2014-02-11,0.5649637988048376,9.591075096109908,MODIS/061/MCD43A3,2014_02_11
2014-02-12,0.56579414878088,9.610112678692936,MODIS/061/MCD43A3,2014_02_12
2014-02-13,0.5670228803984811,9.157175979798499,MODIS/061/MCD43A3,2014_02_13
2014-02-14,0.565737741917236,8.746786954141937,MODIS/061/MCD43A3,2014_02_14
2014-02-15,0.5657454978586673,8.93967674492624,MODIS/061/MCD43A3,2014_02_15
2014-02-16,0.5605091330635548,9.053924450146527,MODIS/061/MCD43A3,2014_02_16
2014-02-17,0.5768771199791608,9.104234820910968,MODIS/061/MCD43A3,2014_02_17
2014-02-18,0.5807689817426566,10.26379202487881,MODIS/061/MCD43A3,2014_02_18
2014-02-19,0.5868800569474374,10.75754232604509,MODIS/061/MCD43A3,2014_02_19
2014-02-20,0.5851648705109657,10.526008531437755,MODIS/061/MCD43A3,2014_02_20
2014-02-21,0.5901356635313946,11.859802074132814,MODIS/061/MCD43A3,2014_02_21
2014-02-22,0.5871115623900964,14.062587885391418,MODIS/061/MCD43A3,2014_02_22
2014-02-23,0.5885855621122839,15.085728884356282,MODIS/061/MCD43A3,2014_02_23
2014-02-24,0.5817420604108275,16.01141792301505,MODIS/061/MCD43A3,2014_02_24
2014-02-25,0.5759997709131919,15.598895324967238,MODIS/061/MCD43A3,2014_02_25
2014-02-26,0.5745394869532285,17.613770062052996,MODIS/061/MCD43A3,2014_02_26
2014-02-27,0.5710282843531332,17.847719230760994,MODIS/061/MCD43A3,2014_02_27
2014-02-28,0.5702864061234307,17.85817162604199,MODIS/061/MCD43A3,2014_02_28
2014-03-01,0.5679591240981064,18.03953034584961,MODIS/061/MCD43A3,2014_03_01
2014-03-02,0.5668654211336691,18.111207289170615,MODIS/061/MCD43A3,2014_03_02
2014-03-03,0.5668213314982586,17.936124527534677,MODIS/061/MCD43A3,2014_03_03
2014-03-04,0.5700761712007995,19.346371714572467,MODIS/061/MCD43A3,2014_03_04
2014-03-05,0.5694067567038812,21.395620519186313,MODIS/061/MCD43A3,2014_03_05
2014-03-06,0.5742808110367595,22.58015499308213,MODIS/061/MCD43A3,2014_03_06
2014-03-07,0.5678680030523195,22.955273914943138,MODIS/061/MCD43A3,2014_03_07
2014-03-08,0.5736154920295569,24.192480495446326,MODIS/061/MCD43A3,2014_03_08
2014-03-09,0.5726079151409729,23.49348282717258,MODIS/061/MCD43A3,2014_03_09
2014-03-10,0.5705166092957055,20.908988834257585,MODIS/061/MCD43A3,2014_03_10
2014-03-11,0.5671106424851413,17.511440947579878,MODIS/061/MCD43A3,2014_03_11
2014-03-12,0.5760995521980585,9.630872147745459,MODIS/061/MCD43A3,2014_03_12
2014-03-13,0.5738890613009703,9.478849620726823,MODIS/061/MCD43A3,2014_03_13
2014-03-14,,0.0,MODIS/061/MCD43A3,2014_03_14
2014-03-15,,0.0,MODIS/061/MCD43A3,2014_03_15
2014-03-16,,0.0,MODIS/061/MCD43A3,2014_03_16
2014-03-17,,0.0,MODIS/061/MCD43A3,2014_03_17
2014-03-18,,0.0,MODIS/061/MCD43A3,2014_03_18
2014-03-19,0.6615729682722002,5.949497260769307,MODIS/061/MCD43A3,2014_03_19
2014-03-20,0.6516106045427799,0.3903115902851161,MODIS/061/MCD43A3,2014_03_20
2014-03-21,0.6495412595619579,0.6661218457505885,MODIS/061/MCD43A3,2014_03_21
2014-03-22,0.6314465776582188,4.4729316311874046,MODIS/061/MCD43A3,2014_03_22
2014-03-23,0.6319333035448598,5.139283282740046,MODIS/061/MCD43A3,2014_03_23
2014-03-24,0.6324937679709906,16.50646756031066,MODIS/061/MCD43A3,2014_03_24
2014-03-25,0.6251339347920839,16.559508572927026,MODIS/061/MCD43A3,2014_03_25
2014-03-26,0.6238357581219147,16.595385871097633,MODIS/061/MCD43A3,2014_03_26
2014-03-27,0.6109358389053403,22.54754069932236,MODIS/061/MCD43A3,2014_03_27
2014-03-28,0.6100852247465051,21.76181954848307,MODIS/061/MCD43A3,2014_03_28
2014-03-29,0.608794036174643,22.294130319064447,MODIS/061/MCD43A3,2014_03_29
2014-03-30,0.6113868586493988,21.701732760732764,MODIS/061/MCD43A3,2014_03_30
2014-03-31,0.6090692611675164,22.5076304942892,MODIS/061/MCD43A3,2014_03_31
2014-04-01,0.6170064710200358,30.790123044921422,MODIS/061/MCD43A3,2014_04_01
2014-04-02,0.6186000469462948,32.789285547664136,MODIS/061/MCD43A3,2014_04_02
2014-04-03,0.6133233212294912,30.69484191566558,MODIS/061/MCD43A3,2014_04_03
2014-04-04,0.6149546302665009,19.067292513142437,MODIS/061/MCD43A3,2014_04_04
2014-04-05,0.6134938208124439,19.222630257804628,MODIS/061/MCD43A3,2014_04_05
2014-04-06,0.6355118513615032,8.579260185124996,MODIS/061/MCD43A3,2014_04_06
2014-04-07,0.6387523287948398,13.075817194603545,MODIS/061/MCD43A3,2014_04_07
2014-04-08,0.6232011022963828,23.278695310277048,MODIS/061/MCD43A3,2014_04_08
2014-04-09,0.6281338536968456,25.46670913634434,MODIS/061/MCD43A3,2014_04_09
2014-04-10,0.6277398074295245,27.404553764019195,MODIS/061/MCD43A3,2014_04_10
2014-04-11,0.6181058466771645,31.263916679543005,MODIS/061/MCD43A3,2014_04_11
2014-04-12,0.6211780217237384,30.644428837243424,MODIS/061/MCD43A3,2014_04_12
2014-04-13,0.6129429476050645,32.24723046313416,MODIS/061/MCD43A3,2014_04_13
2014-04-14,0.6102345359902062,32.4636076220215,MODIS/061/MCD43A3,2014_04_14
2014-04-15,0.5861496342925105,32.87749089063178,MODIS/061/MCD43A3,2014_04_15
2014-04-16,0.5835824847843336,36.92878821483418,MODIS/061/MCD43A3,2014_04_16
2014-04-17,0.5667854742761086,33.2548753394253,MODIS/061/MCD43A3,2014_04_17
2014-04-18,0.5684819628272055,32.898522204245694,MODIS/061/MCD43A3,2014_04_18
2014-04-19,0.5662103533948013,32.958619409479326,MODIS/061/MCD43A3,2014_04_19
2014-04-20,0.5666314284856745,33.09855623756586,MODIS/061/MCD43A3,2014_04_20
2014-04-21,0.5666172232512479,33.426334569560844,MODIS/061/MCD43A3,2014_04_21
2014-04-22,0.5679557025481512,36.397046249518674,MODIS/061/MCD43A3,2014_04_22
2014-04-23,0.5726441302976246,43.437451793499925,MODIS/061/MCD43A3,2014_04_23
2014-04-24,0.5638672709609497,41.867449960708676,MODIS/061/MCD43A3,2014_04_24
2014-04-25,0.5559571979568282,41.719689240148945,MODIS/061/MCD43A3,2014_04_25
2014-04-26,0.5423362685952264,36.913231582737126,MODIS/061/MCD43A3,2014_04_26
2014-04-27,0.5303514209500688,29.068551220168853,MODIS/061/MCD43A3,2014_04_27
2014-04-28,0.5169170145350067,23.634398158900204,MODIS/061/MCD43A3,2014_04_28
2014-04-29,0.4697145522517703,16.81901298826157,MODIS/061/MCD43A3,2014_04_29
2014-04-30,0.4379977589426145,14.855541156893175,MODIS/061/MCD43A3,2014_04_30
2014-05-01,0.2758523921009905,10.973569178653355,MODIS/061/MCD43A3,2014_05_01
2014-05-02,0.2170719665493912,9.352337001158725,MODIS/061/MCD43A3,2014_05_02
2014-05-03,0.1980642335111829,9.029898906719543,MODIS/061/MCD43A3,2014_05_03
2014-05-04,0.20334446668139947,9.877949445888168,MODIS/061/MCD43A3,2014_05_04
2014-05-05,0.22573039794758581,12.848590237807475,MODIS/061/MCD43A3,2014_05_05
2014-05-06,0.23115623504103966,17.86895169628933,MODIS/061/MCD43A3,2014_05_06
2014-05-07,0.23478695432461366,21.489777198502722,MODIS/061/MCD43A3,2014_05_07
2014-05-08,0.2653298874008585,32.10342414360474,MODIS/061/MCD43A3,2014_05_08
2014-05-09,0.26511123321110464,36.61484362479012,MODIS/061/MCD43A3,2014_05_09
2014-05-10,0.26489579655614665,42.743847969060404,MODIS/061/MCD43A3,2014_05_10
2014-05-11,0.2637674711676641,44.54052107963723,MODIS/061/MCD43A3,2014_05_11
2014-05-12,0.25988856589445786,44.36413700650028,MODIS/061/MCD43A3,2014_05_12
2014-05-13,0.25374638149120415,43.84416345624804,MODIS/061/MCD43A3,2014_05_13
2014-05-14,0.2521464422535547,47.93160210404713,MODIS/061/MCD43A3,2014_05_14
2014-05-15,0.2513382759293518,49.320906716437705,MODIS/061/MCD43A3,2014_05_15
2014-05-16,0.24712983637115912,52.2627969698536,MODIS/061/MCD43A3,2014_05_16
2014-05-17,0.23845474395793115,53.634343353249115,MODIS/061/MCD43A3,2014_05_17
2014-05-18,0.24096254040224974,58.177571395637976,MODIS/061/MCD43A3,2014_05_18
2014-05-19,0.24095569252638485,61.35889455614072,MODIS/061/MCD43A3,2014_05_19
2014-05-20,0.2383020357924777,59.218139670430574,MODIS/061/MCD43A3,2014_05_20
2014-05-21,0.23266033675410114,58.62525725609184,MODIS/061/MCD43A3,2014_05_21
2014-05-22,0.22439410621708533,54.825913752796396,MODIS/061/MCD43A3,2014_05_22
2014-05-23,0.22222504320059325,53.966422720296215,MODIS/061/MCD43A3,2014_05_23
2014-05-24,0.21696629957943667,51.57211159616581,MODIS/061/MCD43A3,2014_05_24
2014-05-25,0.21274452892475565,49.32479798368816,MODIS/061/MCD43A3,2014_05_25
2014-05-26,0.19629372911003123,41.28538345156997,MODIS/061/MCD43A3,2014_05_26
2014-05-27,0.18959034010955914,40.572148735764124,MODIS/061/MCD43A3,2014_05_27
2014-05-28,0.19327542005140014,45.5174884285889,MODIS/061/MCD43A3,2014_05_28
2014-05-29,0.19425991306570298,46.906698656077545,MODIS/061/MCD43A3,2014_05_29
2014-05-30,0.18510622816378036,42.53406105226582,MODIS/061/MCD43A3,2014_05_30
2014-05-31,0.17331677659941463,35.42335128018658,MODIS/061/MCD43A3,2014_05_31
2014-06-01,0.17170831618434926,33.46599139882128,MODIS/061/MCD43A3,2014_06_01
2014-06-02,0.159520833361155,24.620786393657255,MODIS/061/MCD43A3,2014_06_02
2014-06-03,0.1561979367388398,22.931885448440816,MODIS/061/MCD43A3,2014_06_03
2014-06-04,0.15007517665780365,16.575507453947065,MODIS/061/MCD43A3,2014_06_04
2014-06-05,0.14593768329695903,19.20541756456196,MODIS/061/MCD43A3,2014_06_05
2014-06-06,0.14364550471862472,23.083798641022884,MODIS/061/MCD43A3,2014_06_06
2014-06-07,0.14438114536904925,24.188086990909945,MODIS/061/MCD43A3,2014_06_07
2014-06-08,0.1445002341858939,23.778752997002098,MODIS/061/MCD43A3,2014_06_08
2014-06-09,0.14349309823854073,28.35619753519547,MODIS/061/MCD43A3,2014_06_09
2014-06-10,0.14330302054872068,28.50408886573818,MODIS/061/MCD43A3,2014_06_10
2014-06-11,0.14309458899848768,30.91242394710049,MODIS/061/MCD43A3,2014_06_11
2014-06-12,0.143970069203926,32.804634648224706,MODIS/061/MCD43A3,2014_06_12
2014-06-13,0.14358729500651893,31.78706093841488,MODIS/061/MCD43A3,2014_06_13
2014-06-14,0.14275475983816763,35.94756743819164,MODIS/061/MCD43A3,2014_06_14
2014-06-15,0.14585256806480443,42.89877878213272,MODIS/061/MCD43A3,2014_06_15
2014-06-16,0.14921271322400026,45.85003584325971,MODIS/061/MCD43A3,2014_06_16
2014-06-17,0.1543728603484607,51.8886869139457,MODIS/061/MCD43A3,2014_06_17
2014-06-18,0.16406897230096576,63.38054868404812,MODIS/061/MCD43A3,2014_06_18
2014-06-19,0.16744603678169567,68.3582194054448,MODIS/061/MCD43A3,2014_06_19
2014-06-20,0.1719809971136412,74.31492404569117,MODIS/061/MCD43A3,2014_06_20
2014-06-21,0.17377420609118052,76.75773422080641,MODIS/061/MCD43A3,2014_06_21
2014-06-22,0.17396173401795165,78.85936721037022,MODIS/061/MCD43A3,2014_06_22
2014-06-23,0.1743111056129892,80.94066829003475,MODIS/061/MCD43A3,2014_06_23
2014-06-24,0.17445551071391743,83.18803342033,MODIS/061/MCD43A3,2014_06_24
2014-06-25,0.17332845512802783,80.76786518482997,MODIS/061/MCD43A3,2014_06_25
2014-06-26,0.172679075144871,82.89732616564478,MODIS/061/MCD43A3,2014_06_26
2014-06-27,0.17348991724208654,84.81096168523233,MODIS/061/MCD43A3,2014_06_27
2014-06-28,0.17283756882073317,85.09999526298407,MODIS/061/MCD43A3,2014_06_28
2014-06-29,0.17153234562824957,86.02688850432244,MODIS/061/MCD43A3,2014_06_29
2014-06-30,0.16942913551406868,86.79175044320733,MODIS/061/MCD43A3,2014_06_30
2014-07-01,0.1684207377366812,88.11425711831062,MODIS/061/MCD43A3,2014_07_01
2014-07-02,0.16676682075530974,88.32429901135026,MODIS/061/MCD43A3,2014_07_02
2014-07-03,0.16580182266062027,88.6059318677182,MODIS/061/MCD43A3,2014_07_03
2014-07-04,0.16356181100714592,86.97827630256373,MODIS/061/MCD43A3,2014_07_04
2014-07-05,0.16257263647650835,86.187911997602,MODIS/061/MCD43A3,2014_07_05
2014-07-06,0.16093592625860098,88.03648667806853,MODIS/061/MCD43A3,2014_07_06
2014-07-07,0.1606450777824517,88.99992790522337,MODIS/061/MCD43A3,2014_07_07
2014-07-08,0.1598168618622594,90.29767339802575,MODIS/061/MCD43A3,2014_07_08
2014-07-09,0.1590327552551882,91.26677727975729,MODIS/061/MCD43A3,2014_07_09
2014-07-10,0.1586021096776547,91.30558215674328,MODIS/061/MCD43A3,2014_07_10
2014-07-11,0.15804090695901477,92.46344626179393,MODIS/061/MCD43A3,2014_07_11
2014-07-12,0.15776366071660264,91.97934068991235,MODIS/061/MCD43A3,2014_07_12
2014-07-13,0.1558778706132629,91.44686283126741,MODIS/061/MCD43A3,2014_07_13
2014-07-14,0.15558160095612458,91.08641744529965,MODIS/061/MCD43A3,2014_07_14
2014-07-15,0.1548014844040883,91.2303231178425,MODIS/061/MCD43A3,2014_07_15
2014-07-16,0.1548285038609845,91.3925908883508,MODIS/061/MCD43A3,2014_07_16
2014-07-17,0.15393271028931105,91.36861106629338,MODIS/061/MCD43A3,2014_07_17
2014-07-18,0.15374074148358835,92.24416116867008,MODIS/061/MCD43A3,2014_07_18
2014-07-19,0.15339430417237696,92.69331245637525,MODIS/061/MCD43A3,2014_07_19
2014-07-20,0.15303155393183562,93.47227618989378,MODIS/061/MCD43A3,2014_07_20
2014-07-21,0.1529448264346996,93.54089420329089,MODIS/061/MCD43A3,2014_07_21
2014-07-22,0.15218416786979141,92.19680054408745,MODIS/061/MCD43A3,2014_07_22
2014-07-23,0.15184552777072344,92.02625907985987,MODIS/061/MCD43A3,2014_07_23
2014-07-24,0.15133535045396926,92.22348022237252,MODIS/061/MCD43A3,2014_07_24
2014-07-25,0.1508197112753107,92.0415237249179,MODIS/061/MCD43A3,2014_07_25
2014-07-26,0.15018580488770344,91.41485458622914,MODIS/061/MCD43A3,2014_07_26
2014-07-27,0.1493364705299318,89.64191559096247,MODIS/061/MCD43A3,2014_07_27
2014-07-28,0.14893714359533006,88.85347768141459,MODIS/061/MCD43A3,2014_07_28
2014-07-29,0.14875747284050664,91.47801343722682,MODIS/061/MCD43A3,2014_07_29
2014-07-30,0.14899169694711126,92.31372048172656,MODIS/061/MCD43A3,2014_07_30
2014-07-31,0.1485141844130835,93.01533976402091,MODIS/061/MCD43A3,2014_07_31
2014-08-01,0.14776957724229198,93.43220405039663,MODIS/061/MCD43A3,2014_08_01
2014-08-02,0.1477369838694799,92.65442344753578,MODIS/061/MCD43A3,2014_08_02
2014-08-03,0.1472242285399992,94.01045091927762,MODIS/061/MCD43A3,2014_08_03
2014-08-04,0.1473516420954965,92.85931480305503,MODIS/061/MCD43A3,2014_08_04
2014-08-05,0.1470145802759952,95.24228756225611,MODIS/061/MCD43A3,2014_08_05
2014-08-06,0.14725472490711605,95.54781789896772,MODIS/061/MCD43A3,2014_08_06
2014-08-07,0.14731536562546044,95.5596148326232,MODIS/061/MCD43A3,2014_08_07
2014-08-08,0.1475444735840718,95.77670570178088,MODIS/061/MCD43A3,2014_08_08
2014-08-09,0.1475037356135499,95.26255735271745,MODIS/061/MCD43A3,2014_08_09
2014-08-10,0.1474110441284455,94.51018826450347,MODIS/061/MCD43A3,2014_08_10
2014-08-11,0.14750097428496467,94.76117808312954,MODIS/061/MCD43A3,2014_08_11
2014-08-12,0.14785455921743093,95.57245914844762,MODIS/061/MCD43A3,2014_08_12
2014-08-13,0.1478901396644409,95.61498367353838,MODIS/061/MCD43A3,2014_08_13
2014-08-14,0.14751487497095211,96.45127475072367,MODIS/061/MCD43A3,2014_08_14
2014-08-15,0.14751128879934347,96.38008845128458,MODIS/061/MCD43A3,2014_08_15
2014-08-16,0.14739207183918693,95.58388043012249,MODIS/061/MCD43A3,2014_08_16
2014-08-17,0.1474618401874387,95.79970689428565,MODIS/061/MCD43A3,2014_08_17
2014-08-18,0.14729627010284613,95.06903163103719,MODIS/061/MCD43A3,2014_08_18
2014-08-19,0.14724631085525855,95.41831032170292,MODIS/061/MCD43A3,2014_08_19
2014-08-20,0.14729039559059295,95.54834020685172,MODIS/061/MCD43A3,2014_08_20
2014-08-21,0.1471414797910831,96.06476575777366,MODIS/061/MCD43A3,2014_08_21
2014-08-22,0.14714979558500169,96.4897997608427,MODIS/061/MCD43A3,2014_08_22
2014-08-23,0.14686788302281614,97.36522131208702,MODIS/061/MCD43A3,2014_08_23
2014-08-24,0.14665596701142844,97.57129903131126,MODIS/061/MCD43A3,2014_08_24
2014-08-25,0.14686513177174118,95.94742924170372,MODIS/061/MCD43A3,2014_08_25
2014-08-26,0.14708432426618384,98.14003018506128,MODIS/061/MCD43A3,2014_08_26
2014-08-27,0.14712295368712816,97.94190435449248,MODIS/061/MCD43A3,2014_08_27
2014-08-28,0.1476400045274823,98.10284652443521,MODIS/061/MCD43A3,2014_08_28
2014-08-29,0.14785111410805576,98.19128934832713,MODIS/061/MCD43A3,2014_08_29
2014-08-30,0.1480890404778586,97.6314814635844,MODIS/061/MCD43A3,2014_08_30
2014-08-31,0.14811206122893933,97.5780961412275,MODIS/061/MCD43A3,2014_08_31
2014-09-01,0.14821191345043583,97.2857758341317,MODIS/061/MCD43A3,2014_09_01
2014-09-02,0.14836613488063594,97.52993321915073,MODIS/061/MCD43A3,2014_09_02
2014-09-03,0.14838283324938853,97.25640702314841,MODIS/061/MCD43A3,2014_09_03
2014-09-04,0.14865406834824166,97.35760570880478,MODIS/061/MCD43A3,2014_09_04
2014-09-05,0.14902818221523198,97.37948232201998,MODIS/061/MCD43A3,2014_09_05
2014-09-06,0.1492832697566995,97.33501852010352,MODIS/061/MCD43A3,2014_09_06
2014-09-07,0.14944631505472658,97.17769705715831,MODIS/061/MCD43A3,2014_09_07
2014-09-08,0.15001885157022005,95.09016455716706,MODIS/061/MCD43A3,2014_09_08
2014-09-09,0.1503177311066378,96.17414812494482,MODIS/061/MCD43A3,2014_09_09
2014-09-10,0.15034305445061158,95.31477932512264,MODIS/061/MCD43A3,2014_09_10
2014-09-11,0.15025353133841288,94.2507941809781,MODIS/061/MCD43A3,2014_09_11
2014-09-12,0.1504991255786222,94.24694788158024,MODIS/061/MCD43A3,2014_09_12
2014-09-13,0.1508794337234977,93.82344136876658,MODIS/061/MCD43A3,2014_09_13
2014-09-14,0.1510970775812484,92.54419269790502,MODIS/061/MCD43A3,2014_09_14
2014-09-15,0.15134134003170047,92.54408090642637,MODIS/061/MCD43A3,2014_09_15
2014-09-16,0.15187575320776375,90.32112742266708,MODIS/061/MCD43A3,2014_09_16
2014-09-17,0.1520087729360581,89.48215799785581,MODIS/061/MCD43A3,2014_09_17
2014-09-18,0.15138469038723146,87.71962819306086,MODIS/061/MCD43A3,2014_09_18
2014-09-19,0.15145562871028306,85.97193062346751,MODIS/061/MCD43A3,2014_09_19
2014-09-20,0.15187276345265674,86.02972490500228,MODIS/061/MCD43A3,2014_09_20
2014-09-21,0.1520281021902723,81.44251623553434,MODIS/061/MCD43A3,2014_09_21
2014-09-22,0.15144926223239424,69.88624123989769,MODIS/061/MCD43A3,2014_09_22
2014-09-23,0.1518560654004982,61.61834303021542,MODIS/061/MCD43A3,2014_09_23
2014-09-24,0.15191434513601854,61.780101344492415,MODIS/061/MCD43A3,2014_09_24
2014-09-25,0.15302952340947915,49.34327250722347,MODIS/061/MCD43A3,2014_09_25
2014-09-26,0.1530620719979008,43.239228759886394,MODIS/061/MCD43A3,2014_09_26
2014-09-27,0.15276704517582534,43.54355487573301,MODIS/061/MCD43A3,2014_09_27
2014-09-28,0.1533798525310941,38.386631472046204,MODIS/061/MCD43A3,2014_09_28
2014-09-29,0.15194288467518813,22.47095529366564,MODIS/061/MCD43A3,2014_09_29
2014-09-30,0.15230331090623705,12.919769194833485,MODIS/061/MCD43A3,2014_09_30
2014-10-01,0.15329234197419994,11.74436330387096,MODIS/061/MCD43A3,2014_10_01
2014-10-02,0.15205653091471968,12.289146468604052,MODIS/061/MCD43A3,2014_10_02
2014-10-03,0.1487766034268753,15.539558797002522,MODIS/061/MCD43A3,2014_10_03
2014-10-04,0.14363333393213876,8.463594631303808,MODIS/061/MCD43A3,2014_10_04
2014-10-05,0.14483058831040765,8.244272623034998,MODIS/061/MCD43A3,2014_10_05
2014-10-06,0.15247934417819492,12.364994103808712,MODIS/061/MCD43A3,2014_10_06
2014-10-07,0.1687575742684722,13.927499523701584,MODIS/061/MCD43A3,2014_10_07
2014-10-08,0.17919268416410183,15.638261557855644,MODIS/061/MCD43A3,2014_10_08
2014-10-09,0.18005509775869968,16.59303489686255,MODIS/061/MCD43A3,2014_10_09
2014-10-10,0.18097275670887358,20.707691595020396,MODIS/061/MCD43A3,2014_10_10
2014-10-11,0.17916693907406897,21.514744320375733,MODIS/061/MCD43A3,2014_10_11
2014-10-12,0.17903188376658247,21.415409132949762,MODIS/061/MCD43A3,2014_10_12
2014-10-13,0.17744081188165806,21.011857838177413,MODIS/061/MCD43A3,2014_10_13
2014-10-14,0.18067964968052816,21.468869558265816,MODIS/061/MCD43A3,2014_10_14
2014-10-15,0.17577529045944,21.363059475240163,MODIS/061/MCD43A3,2014_10_15
2014-10-16,0.1760932109204525,21.2817178602123,MODIS/061/MCD43A3,2014_10_16
2014-10-17,0.17834996263745725,22.57496587183909,MODIS/061/MCD43A3,2014_10_17
2014-10-18,0.1786765949330415,22.386599783621353,MODIS/061/MCD43A3,2014_10_18
2014-10-19,0.17083825739416855,20.973087452890333,MODIS/061/MCD43A3,2014_10_19
2014-10-20,0.17144696239891108,19.78687192826269,MODIS/061/MCD43A3,2014_10_20
2014-10-21,0.16310886686726933,15.359368702802138,MODIS/061/MCD43A3,2014_10_21
2014-10-22,0.15811034819104203,9.345508980859861,MODIS/061/MCD43A3,2014_10_22
2014-10-23,0.14000181618214447,6.1510078037042675,MODIS/061/MCD43A3,2014_10_23
2014-10-24,0.20807525791520895,2.5040167222500838,MODIS/061/MCD43A3,2014_10_24
2014-10-25,0.2785219440990823,1.652556586383453,MODIS/061/MCD43A3,2014_10_25
2014-10-26,0.4097893971297949,0.8034079235060358,MODIS/061/MCD43A3,2014_10_26
2014-10-27,0.49075513077970584,0.7409216301457056,MODIS/061/MCD43A3,2014_10_27
2014-10-28,0.48465122550211354,0.7762360123334389,MODIS/061/MCD43A3,2014_10_28
2014-10-29,0.4708616600410331,0.7411435888657898,MODIS/061/MCD43A3,2014_10_29
2014-10-30,0.4753019754485631,0.9186213506256556,MODIS/061/MCD43A3,2014_10_30
2014-10-31,0.5010435500898917,0.7293582509183473,MODIS/061/MCD43A3,2014_10_31
2014-11-01,0.49912634241993753,0.8689413854917635,MODIS/061/MCD43A3,2014_11_01
2014-11-02,0.4988936855092754,1.082406413574952,MODIS/061/MCD43A3,2014_11_02
2014-11-03,0.5064259626953683,1.187043859909508,MODIS/061/MCD43A3,2014_11_03
2014-11-04,0.4823806334096567,2.3389104293672474,MODIS/061/MCD43A3,2014_11_04
2014-11-05,0.4554981132620333,2.8910985336185058,MODIS/061/MCD43A3,2014_11_05
2014-11-06,0.46830995593093244,3.1342405020854525,MODIS/061/MCD43A3,2014_11_06
2014-11-07,0.447374738548205,3.2439182714813355,MODIS/061/MCD43A3,2014_11_07
2014-11-08,0.4500295206072986,2.8953966160265243,MODIS/061/MCD43A3,2014_11_08
2014-11-09,0.44742781654463154,1.2082951846070398,MODIS/061/MCD43A3,2014_11_09
2014-11-10,0.42844928741981564,1.145540474316156,MODIS/061/MCD43A3,2014_11_10
2014-11-11,0.4411898483445787,1.1232201533771493,MODIS/061/MCD43A3,2014_11_11
2014-11-12,0.43850141126471537,1.0666232528477821,MODIS/061/MCD43A3,2014_11_12
2014-11-13,0.427962682715494,1.0856609418524914,MODIS/061/MCD43A3,2014_11_13
2014-11-14,0.42625452434728134,0.9898340726502716,MODIS/061/MCD43A3,2014_11_14
2014-11-15,0.4137598696648173,1.1165728430331223,MODIS/061/MCD43A3,2014_11_15
2014-11-16,0.41300570742585474,1.097527494165843,MODIS/061/MCD43A3,2014_11_16
2014-11-17,0.4103793475541191,1.12608609174864,MODIS/061/MCD43A3,2014_11_17
2014-11-18,0.37576292912799863,0.6472441901707635,MODIS/061/MCD43A3,2014_11_18
2014-11-19,0.3898802328053616,0.7139546016663672,MODIS/061/MCD43A3,2014_11_19
2014-11-20,0.3845499866887259,0.38077381847051334,MODIS/061/MCD43A3,2014_11_20
2014-11-21,0.39413203802463187,0.5045296490671625,MODIS/061/MCD43A3,2014_11_21
2014-11-22,0.40421656992606403,0.7514411958501659,MODIS/061/MCD43A3,2014_11_22
2014-11-23,0.44368604079805307,0.46585983292997224,MODIS/061/MCD43A3,2014_11_23
2014-11-24,0.48216754599552536,0.2278721023188637,MODIS/061/MCD43A3,2014_11_24
2014-11-25,0.43517936268454505,0.9786759172903969,MODIS/061/MCD43A3,2014_11_25
2014-11-26,0.4366448724106803,0.9691563750597509,MODIS/061/MCD43A3,2014_11_26
2014-11-27,0.4226967827206347,0.9884577145389964,MODIS/061/MCD43A3,2014_11_27
2014-11-28,0.4084677932270649,1.8336223600109092,MODIS/061/MCD43A3,2014_11_28
2014-11-29,0.4087493603704752,1.822083976986459,MODIS/061/MCD43A3,2014_11_29
2014-11-30,0.3981266625372097,1.9267956272399231,MODIS/061/MCD43A3,2014_11_30
2014-12-01,0.3882386679980933,1.732013515572747,MODIS/061/MCD43A3,2014_12_01
2014-12-02,0.3840763253415927,2.3906379282647205,MODIS/061/MCD43A3,2014_12_02
2014-12-03,0.38137412883074046,2.9347674696996298,MODIS/061/MCD43A3,2014_12_03
2014-12-04,0.3794568624770735,3.831743639747059,MODIS/061/MCD43A3,2014_12_04
2014-12-05,0.37448761981897594,4.763071341770386,MODIS/061/MCD43A3,2014_12_05
2014-12-06,0.3720917352652399,5.345018185864068,MODIS/061/MCD43A3,2014_12_06
2014-12-07,0.38190498614595125,5.640305657296711,MODIS/061/MCD43A3,2014_12_07
2014-12-08,0.3761513374154883,6.371184636258024,MODIS/061/MCD43A3,2014_12_08
2014-12-09,0.3696718383915686,6.815120611157275,MODIS/061/MCD43A3,2014_12_09
2014-12-10,0.36461281057734235,7.256601412874552,MODIS/061/MCD43A3,2014_12_10
2014-12-11,0.36428930656318415,7.21125100521452,MODIS/061/MCD43A3,2014_12_11
2014-12-12,0.3641791218828382,7.087503780976935,MODIS/061/MCD43A3,2014_12_12
2014-12-13,0.36437225029377723,6.9403397035656464,MODIS/061/MCD43A3,2014_12_13
2014-12-14,0.3733557584664597,6.602345920954195,MODIS/061/MCD43A3,2014_12_14
2014-12-15,0.36222293717047876,7.245188674366686,MODIS/061/MCD43A3,2014_12_15
2014-12-16,0.3602632450955256,7.284460887188613,MODIS/061/MCD43A3,2014_12_16
2014-12-17,0.3685308945356912,7.504443705970892,MODIS/061/MCD43A3,2014_12_17
2014-12-18,0.37199872459138844,6.672072541203326,MODIS/061/MCD43A3,2014_12_18
2014-12-19,0.3773097164251821,6.766369348050893,MODIS/061/MCD43A3,2014_12_19
2014-12-20,0.36981764977932735,6.555813439746306,MODIS/061/MCD43A3,2014_12_20
2014-12-21,0.3764604903927539,6.2054930904333885,MODIS/061/MCD43A3,2014_12_21
2014-12-22,0.37603160505381145,5.235009854532664,MODIS/061/MCD43A3,2014_12_22
2014-12-23,0.38871231727425515,3.5593854490681434,MODIS/061/MCD43A3,2014_12_23
2014-12-24,0.3863884257915505,3.843296330028239,MODIS/061/MCD43A3,2014_12_24
2014-12-25,0.40511786924639875,2.533865884191343,MODIS/061/MCD43A3,2014_12_25
2014-12-26,0.4144839576724311,1.9056160717441406,MODIS/061/MCD43A3,2014_12_26
2014-12-27,0.41608603108172815,0.7539076314219889,MODIS/061/MCD43A3,2014_12_27
2014-12-28,0.42604789488076555,0.8966984191137871,MODIS/061/MCD43A3,2014_12_28
2014-12-29,0.4388784195907386,1.0204502260388721,MODIS/061/MCD43A3,2014_12_29
2014-12-30,0.44202411622414345,0.9345526040516876,MODIS/061/MCD43A3,2014_12_30
2014-12-31,0.42181929988188344,0.8473719414582384,MODIS/061/MCD43A3,2014_12_31
2015-01-01,0.41816191333351904,2.7273567150686864,MODIS/061/MCD43A3,2015_01_01
2015-01-02,0.4175592525565166,2.7083176273686376,MODIS/061/MCD43A3,2015_01_02
2015-01-03,0.4129578957376892,3.2415519412658553,MODIS/061/MCD43A3,2015_01_03
2015-01-04,0.4171374729024242,3.3424035661474494,MODIS/061/MCD43A3,2015_01_04
2015-01-05,0.46837492798872477,1.7970287831390197,MODIS/061/MCD43A3,2015_01_05
2015-01-06,0.4538543406247679,2.0759236682021087,MODIS/061/MCD43A3,2015_01_06
2015-01-07,0.4495938257502459,1.9537813380887539,MODIS/061/MCD43A3,2015_01_07
2015-01-08,0.43218700614520206,3.3399068774278673,MODIS/061/MCD43A3,2015_01_08
2015-01-09,0.4366522457116191,4.168234531658326,MODIS/061/MCD43A3,2015_01_09
2015-01-10,0.43206284669367145,3.964662391405184,MODIS/061/MCD43A3,2015_01_10
2015-01-11,0.42455700179354383,5.227523216851649,MODIS/061/MCD43A3,2015_01_11
2015-01-12,0.42761186727642714,5.24708387977994,MODIS/061/MCD43A3,2015_01_12
2015-01-13,0.4310984734312719,5.085260011429954,MODIS/061/MCD43A3,2015_01_13
2015-01-14,0.4355735513707942,5.191083733534115,MODIS/061/MCD43A3,2015_01_14
2015-01-15,0.4245201286457526,4.81300483517843,MODIS/061/MCD43A3,2015_01_15
2015-01-16,0.42331334420732686,4.015285935690311,MODIS/061/MCD43A3,2015_01_16
2015-01-17,0.43112400172689347,1.541639775910503,MODIS/061/MCD43A3,2015_01_17
2015-01-18,0.40053357526188954,2.379559782518506,MODIS/061/MCD43A3,2015_01_18
2015-01-19,0.428862991456981,1.7400571404398362,MODIS/061/MCD43A3,2015_01_19
2015-01-20,0.44756194050392434,2.7553019202423905,MODIS/061/MCD43A3,2015_01_20
2015-01-21,0.456836166543945,4.731721576411032,MODIS/061/MCD43A3,2015_01_21
2015-01-22,0.44262532496035684,3.8660973266706957,MODIS/061/MCD43A3,2015_01_22
2015-01-23,0.4417805776852714,3.810289381593412,MODIS/061/MCD43A3,2015_01_23
2015-01-24,0.48992651297259543,1.6379699467781925,MODIS/061/MCD43A3,2015_01_24
2015-01-25,0.4888261082010963,1.181024579451102,MODIS/061/MCD43A3,2015_01_25
2015-01-26,0.49155038316771066,4.844232117926542,MODIS/061/MCD43A3,2015_01_26
2015-01-27,0.4954869493197326,5.303070476530121,MODIS/061/MCD43A3,2015_01_27
2015-01-28,0.47951721595432534,6.7052060230347355,MODIS/061/MCD43A3,2015_01_28
2015-01-29,0.48415978445535357,8.257726017595264,MODIS/061/MCD43A3,2015_01_29
2015-01-30,0.48995977232996996,8.831060665375103,MODIS/061/MCD43A3,2015_01_30
2015-01-31,0.487057745135169,8.740532431671788,MODIS/061/MCD43A3,2015_01_31
2015-02-01,0.4906737335302505,9.813595500800645,MODIS/061/MCD43A3,2015_02_01
2015-02-02,0.4914456880037156,9.99834235583753,MODIS/061/MCD43A3,2015_02_02
2015-02-03,0.4905702001956577,9.700881943768964,MODIS/061/MCD43A3,2015_02_03
2015-02-04,0.48888877466208464,9.621360226784004,MODIS/061/MCD43A3,2015_02_04
2015-02-05,0.49080183472472333,9.235799478371808,MODIS/061/MCD43A3,2015_02_05
2015-02-06,0.4998931933284386,8.881824231527272,MODIS/061/MCD43A3,2015_02_06
2015-02-07,0.5033926051249371,8.624813695805539,MODIS/061/MCD43A3,2015_02_07
2015-02-08,0.5040981785950633,8.780629821715001,MODIS/061/MCD43A3,2015_02_08
2015-02-09,0.504498422511706,9.257645491429331,MODIS/061/MCD43A3,2015_02_09
2015-02-10,0.5058965423127821,9.979676756387219,MODIS/061/MCD43A3,2015_02_10
2015-02-11,0.5110059881014379,9.501691393471278,MODIS/061/MCD43A3,2015_02_11
2015-02-12,0.5152113033766751,9.241578464750546,MODIS/061/MCD43A3,2015_02_12
2015-02-13,0.5272532417762522,8.157923367331856,MODIS/061/MCD43A3,2015_02_13
2015-02-14,0.5344925840486554,7.53241415236444,MODIS/061/MCD43A3,2015_02_14
2015-02-15,0.5422280435526483,5.855066913486366,MODIS/061/MCD43A3,2015_02_15
2015-02-16,0.5431493116279198,5.561127207024525,MODIS/061/MCD43A3,2015_02_16
2015-02-17,0.539458587974268,3.342320493384374,MODIS/061/MCD43A3,2015_02_17
2015-02-18,0.5449798108256245,3.5274778109842364,MODIS/061/MCD43A3,2015_02_18
2015-02-19,0.552004467077071,3.8151267313414077,MODIS/061/MCD43A3,2015_02_19
2015-02-20,0.5260967151294313,4.779252971414392,MODIS/061/MCD43A3,2015_02_20
2015-02-21,0.5239494820782491,6.175773404792609,MODIS/061/MCD43A3,2015_02_21
2015-02-22,0.5551814465781021,9.963879958086281,MODIS/061/MCD43A3,2015_02_22
2015-02-23,0.5537772015679926,10.100066242238912,MODIS/061/MCD43A3,2015_02_23
2015-02-24,0.5550009249869464,13.503338018841081,MODIS/061/MCD43A3,2015_02_24
2015-02-25,0.5542077083017776,16.483776024313013,MODIS/061/MCD43A3,2015_02_25
2015-02-26,0.5520840478108106,19.164094371921266,MODIS/061/MCD43A3,2015_02_26
2015-02-27,0.5550496747111876,20.40248260730994,MODIS/061/MCD43A3,2015_02_27
2015-02-28,0.5541527917047269,23.361934047754595,MODIS/061/MCD43A3,2015_02_28
2015-03-01,0.5538934866192453,23.564019869393203,MODIS/061/MCD43A3,2015_03_01
2015-03-02,0.5539835616612521,23.82033847041818,MODIS/061/MCD43A3,2015_03_02
2015-03-03,0.554524202980989,23.82523249194873,MODIS/061/MCD43A3,2015_03_03
2015-03-04,0.5638991056052501,20.03013873132967,MODIS/061/MCD43A3,2015_03_04
2015-03-05,0.567168331815101,19.41529394919469,MODIS/061/MCD43A3,2015_03_05
2015-03-06,0.5818538316650476,22.673281152780003,MODIS/061/MCD43A3,2015_03_06
2015-03-07,0.577271157175307,21.93962545118703,MODIS/061/MCD43A3,2015_03_07
2015-03-08,0.5819548944077024,21.476818267861628,MODIS/061/MCD43A3,2015_03_08
2015-03-09,0.5721643586432094,18.638627025397994,MODIS/061/MCD43A3,2015_03_09
2015-03-10,0.5766909602965765,17.90578812083525,MODIS/061/MCD43A3,2015_03_10
2015-03-11,0.5748888963849356,18.52482744581511,MODIS/061/MCD43A3,2015_03_11
2015-03-12,0.5704247490158562,17.467021824187597,MODIS/061/MCD43A3,2015_03_12
2015-03-13,0.577592139794131,16.40595699778338,MODIS/061/MCD43A3,2015_03_13
2015-03-14,0.5739538254543284,14.25939970320279,MODIS/061/MCD43A3,2015_03_14
2015-03-15,0.5806728650438594,12.991025051246229,MODIS/061/MCD43A3,2015_03_15
2015-03-16,0.576682072530059,12.700210381474605,MODIS/061/MCD43A3,2015_03_16
2015-03-17,0.5712464329369598,11.599992076271594,MODIS/061/MCD43A3,2015_03_17
2015-03-18,0.5684138261820723,11.954115774096959,MODIS/061/MCD43A3,2015_03_18
2015-03-19,0.5855434682446856,16.68500062131166,MODIS/061/MCD43A3,2015_03_19
2015-03-20,0.5899580884048128,18.229836148947452,MODIS/061/MCD43A3,2015_03_20
2015-03-21,0.5961134927557085,21.389105606466146,MODIS/061/MCD43A3,2015_03_21
2015-03-22,0.5927983395782653,12.709741806049815,MODIS/061/MCD43A3,2015_03_22
2015-03-23,0.5996062418261672,15.723542850389496,MODIS/061/MCD43A3,2015_03_23
2015-03-24,0.6218334089100733,16.573748889856265,MODIS/061/MCD43A3,2015_03_24
2015-03-25,0.6214151813166224,14.800930196686076,MODIS/061/MCD43A3,2015_03_25
2015-03-26,0.6214894000171607,14.033626789409283,MODIS/061/MCD43A3,2015_03_26
2015-03-27,0.6281589992857076,14.669125852222894,MODIS/061/MCD43A3,2015_03_27
2015-03-28,0.6278323270683489,10.442744144071673,MODIS/061/MCD43A3,2015_03_28
2015-03-29,0.6258017416788205,13.19117057971134,MODIS/061/MCD43A3,2015_03_29
2015-03-30,0.6293970384306617,17.234562949133643,MODIS/061/MCD43A3,2015_03_30
2015-03-31,0.6325814378573767,17.749002639715556,MODIS/061/MCD43A3,2015_03_31
2015-04-01,0.6361886265133686,21.42175465366999,MODIS/061/MCD43A3,2015_04_01
2015-04-02,0.6150891915243848,27.932037297562264,MODIS/061/MCD43A3,2015_04_02
2015-04-03,0.6129689195097818,29.765032710159993,MODIS/061/MCD43A3,2015_04_03
2015-04-04,0.5757459086645814,21.352781546773972,MODIS/061/MCD43A3,2015_04_04
2015-04-05,0.5691712609179578,21.04265621463095,MODIS/061/MCD43A3,2015_04_05
2015-04-06,0.5714587382875685,22.050021264677536,MODIS/061/MCD43A3,2015_04_06
2015-04-07,0.5686422893671963,21.518703832980737,MODIS/061/MCD43A3,2015_04_07
2015-04-08,0.5664626629996082,22.921482871934643,MODIS/061/MCD43A3,2015_04_08
2015-04-09,0.5686470706328891,27.711210648710537,MODIS/061/MCD43A3,2015_04_09
2015-04-10,0.5677698331450275,27.83164429301148,MODIS/061/MCD43A3,2015_04_10
2015-04-11,0.5668918073952802,27.79333210210557,MODIS/061/MCD43A3,2015_04_11
2015-04-12,0.5710964546537555,32.272156055843965,MODIS/061/MCD43A3,2015_04_12
2015-04-13,0.5727292886922831,33.03694534321124,MODIS/061/MCD43A3,2015_04_13
2015-04-14,0.5673882394206748,29.917296087510344,MODIS/061/MCD43A3,2015_04_14
2015-04-15,0.5527999846549938,26.64364870504265,MODIS/061/MCD43A3,2015_04_15
2015-04-16,0.5093721639421418,26.82709387235442,MODIS/061/MCD43A3,2015_04_16
2015-04-17,0.5071209743570348,27.249860857464128,MODIS/061/MCD43A3,2015_04_17
2015-04-18,0.442686962905107,19.702914192740312,MODIS/061/MCD43A3,2015_04_18
2015-04-19,0.43030529481055724,15.095979367424208,MODIS/061/MCD43A3,2015_04_19
2015-04-20,0.38917293702997846,9.754246959425663,MODIS/061/MCD43A3,2015_04_20
2015-04-21,0.40935891729770635,15.711826939198954,MODIS/061/MCD43A3,2015_04_21
2015-04-22,0.3879112015520897,21.039857687099524,MODIS/061/MCD43A3,2015_04_22
2015-04-23,0.37991872760610307,21.8930967558525,MODIS/061/MCD43A3,2015_04_23
2015-04-24,0.3805877926863576,22.008754748027233,MODIS/061/MCD43A3,2015_04_24
2015-04-25,0.349297147282395,18.27046203110307,MODIS/061/MCD43A3,2015_04_25
2015-04-26,0.3508846098476065,21.647136888631255,MODIS/061/MCD43A3,2015_04_26
2015-04-27,0.34921117745736874,21.583065242129447,MODIS/061/MCD43A3,2015_04_27
2015-04-28,0.3310704218643802,18.684633425789812,MODIS/061/MCD43A3,2015_04_28
2015-04-29,0.3303457318422998,18.824290326645368,MODIS/061/MCD43A3,2015_04_29
2015-04-30,0.29949241641513574,16.931971187258757,MODIS/061/MCD43A3,2015_04_30
2015-05-01,0.3016305840210705,15.314211608913935,MODIS/061/MCD43A3,2015_05_01
2015-05-02,0.3165491669542091,12.482846517710506,MODIS/061/MCD43A3,2015_05_02
2015-05-03,0.3160067076606439,12.46378754365215,MODIS/061/MCD43A3,2015_05_03
2015-05-04,0.3562296721843479,9.488419870466748,MODIS/061/MCD43A3,2015_05_04
2015-05-05,0.3093487837745027,11.541726302156913,MODIS/061/MCD43A3,2015_05_05
2015-05-06,0.2758947334968994,10.747725023296622,MODIS/061/MCD43A3,2015_05_06
2015-05-07,0.20918623654189508,8.305489274639035,MODIS/061/MCD43A3,2015_05_07
2015-05-08,0.1957845131212999,3.0223282206120627,MODIS/061/MCD43A3,2015_05_08
2015-05-09,0.16276649442178082,2.330061852982101,MODIS/061/MCD43A3,2015_05_09
2015-05-10,0.15966939549406184,2.7217567600942427,MODIS/061/MCD43A3,2015_05_10
2015-05-11,0.16475369599206008,6.53694643062765,MODIS/061/MCD43A3,2015_05_11
2015-05-12,0.1546712397912914,2.5629012609426503,MODIS/061/MCD43A3,2015_05_12
2015-05-13,0.17075339250914157,10.323514571040805,MODIS/061/MCD43A3,2015_05_13
2015-05-14,0.16974092050900622,10.028405329455548,MODIS/061/MCD43A3,2015_05_14
2015-05-15,0.17473573360713632,13.01850022951461,MODIS/061/MCD43A3,2015_05_15
2015-05-16,0.1699164279204946,10.463440095394219,MODIS/061/MCD43A3,2015_05_16
2015-05-17,0.1694767375692921,10.171553074629404,MODIS/061/MCD43A3,2015_05_17
2015-05-18,0.15461892408057923,9.934664451868157,MODIS/061/MCD43A3,2015_05_18
2015-05-19,0.1576995523217668,14.878244989907968,MODIS/061/MCD43A3,2015_05_19
2015-05-20,0.16609822149275294,17.35103510119927,MODIS/061/MCD43A3,2015_05_20
2015-05-21,0.17373849603787272,20.768054061277546,MODIS/061/MCD43A3,2015_05_21
2015-05-22,0.17691266924091723,25.17822231140519,MODIS/061/MCD43A3,2015_05_22
2015-05-23,0.17415689160402925,23.61123422637904,MODIS/061/MCD43A3,2015_05_23
2015-05-24,0.1729576322567303,26.9006083000743,MODIS/061/MCD43A3,2015_05_24
2015-05-25,0.1722362168717821,32.575636939845346,MODIS/061/MCD43A3,2015_05_25
2015-05-26,0.17625077197256867,40.382140204066836,MODIS/061/MCD43A3,2015_05_26
2015-05-27,0.17377930983290685,42.853553231647375,MODIS/061/MCD43A3,2015_05_27
2015-05-28,0.17758053044702823,47.461888509659865,MODIS/061/MCD43A3,2015_05_28
2015-05-29,0.18117362163800438,47.995841222579024,MODIS/061/MCD43A3,2015_05_29
2015-05-30,0.18217971144644896,48.89753553793045,MODIS/061/MCD43A3,2015_05_30
2015-05-31,0.18212682518317597,48.820993886460435,MODIS/061/MCD43A3,2015_05_31
2015-06-01,0.18644268558242338,53.606043927741375,MODIS/061/MCD43A3,2015_06_01
2015-06-02,0.18496953061283675,57.225932086993424,MODIS/061/MCD43A3,2015_06_02
2015-06-03,0.18598583177299463,60.8556442615721,MODIS/061/MCD43A3,2015_06_03
2015-06-04,0.1894516783420706,66.27895947822536,MODIS/061/MCD43A3,2015_06_04
2015-06-05,0.19105927529713956,70.05292813876423,MODIS/061/MCD43A3,2015_06_05
2015-06-06,0.19011581725520327,70.16941277624021,MODIS/061/MCD43A3,2015_06_06
2015-06-07,0.18496016705522358,66.84163238462666,MODIS/061/MCD43A3,2015_06_07
2015-06-08,0.18550410034621392,68.26368209534313,MODIS/061/MCD43A3,2015_06_08
2015-06-09,0.17834150538496654,66.93075746912562,MODIS/061/MCD43A3,2015_06_09
2015-06-10,0.18504306235347578,73.06709455692928,MODIS/061/MCD43A3,2015_06_10
2015-06-11,0.18636117578560238,76.61498813745395,MODIS/061/MCD43A3,2015_06_11
2015-06-12,0.18436777621579967,75.41230698788549,MODIS/061/MCD43A3,2015_06_12
2015-06-13,0.18271946578638756,75.29870675811435,MODIS/061/MCD43A3,2015_06_13
2015-06-14,0.1760714446490547,72.30248063893426,MODIS/061/MCD43A3,2015_06_14
2015-06-15,0.17525017733118733,72.04952149325503,MODIS/061/MCD43A3,2015_06_15
2015-06-16,0.1779432773101868,73.88942235616445,MODIS/061/MCD43A3,2015_06_16
2015-06-17,0.17808884478218218,74.82598537838716,MODIS/061/MCD43A3,2015_06_17
2015-06-18,0.17789420549439872,74.623848467846,MODIS/061/MCD43A3,2015_06_18
2015-06-19,0.17235900458587175,70.45520730108849,MODIS/061/MCD43A3,2015_06_19
2015-06-20,0.169648367354657,66.51194648602632,MODIS/061/MCD43A3,2015_06_20
2015-06-21,0.15795661533513444,58.40655678270879,MODIS/061/MCD43A3,2015_06_21
2015-06-22,0.15792881160571623,57.47104195817142,MODIS/061/MCD43A3,2015_06_22
2015-06-23,0.15854635103124434,59.28562555711904,MODIS/061/MCD43A3,2015_06_23
2015-06-24,0.15949468802895073,58.622272151782155,MODIS/061/MCD43A3,2015_06_24
2015-06-25,0.15867935387018786,56.363781161554414,MODIS/061/MCD43A3,2015_06_25
2015-06-26,0.15445476619603282,55.53371246382469,MODIS/061/MCD43A3,2015_06_26
2015-06-27,0.15611587037123012,56.54779527478569,MODIS/061/MCD43A3,2015_06_27
2015-06-28,0.15408455988536687,53.26687988127081,MODIS/061/MCD43A3,2015_06_28
2015-06-29,0.157319625323378,60.83224589832068,MODIS/061/MCD43A3,2015_06_29
2015-06-30,0.1532556324137359,68.49465210903426,MODIS/061/MCD43A3,2015_06_30
2015-07-01,0.15264453440254808,69.16390262498994,MODIS/061/MCD43A3,2015_07_01
2015-07-02,0.15290658898743065,69.55829090169907,MODIS/061/MCD43A3,2015_07_02
2015-07-03,0.15466859576967754,74.77746814363225,MODIS/061/MCD43A3,2015_07_03
2015-07-04,0.15602132554314918,78.84246572019143,MODIS/061/MCD43A3,2015_07_04
2015-07-05,0.15775236990885763,83.53607644367764,MODIS/061/MCD43A3,2015_07_05
2015-07-06,0.15828702684653936,86.08334969816894,MODIS/061/MCD43A3,2015_07_06
2015-07-07,0.15883859702667438,89.28619518776581,MODIS/061/MCD43A3,2015_07_07
2015-07-08,0.1591997522676982,90.38657865613295,MODIS/061/MCD43A3,2015_07_08
2015-07-09,0.15921138305869378,91.2824768468478,MODIS/061/MCD43A3,2015_07_09
2015-07-10,0.1591252564195794,91.27942779227499,MODIS/061/MCD43A3,2015_07_10
2015-07-11,0.15868635983287158,90.87959395680558,MODIS/061/MCD43A3,2015_07_11
2015-07-12,0.1569938721847037,89.43788045425202,MODIS/061/MCD43A3,2015_07_12
2015-07-13,0.15602974029368558,88.57758224196415,MODIS/061/MCD43A3,2015_07_13
2015-07-14,0.15476184918859193,86.7792511418851,MODIS/061/MCD43A3,2015_07_14
2015-07-15,0.15373349452235457,85.03682718288506,MODIS/061/MCD43A3,2015_07_15
2015-07-16,0.15274720043611031,83.94326322719485,MODIS/061/MCD43A3,2015_07_16
2015-07-17,0.15223824149062778,83.39410845068687,MODIS/061/MCD43A3,2015_07_17
2015-07-18,0.15253299019544556,85.51746516870486,MODIS/061/MCD43A3,2015_07_18
2015-07-19,0.150879236540967,85.61813954505986,MODIS/061/MCD43A3,2015_07_19
2015-07-20,0.1502466946556523,85.18951587884258,MODIS/061/MCD43A3,2015_07_20
2015-07-21,0.1494711462778682,83.01635671272258,MODIS/061/MCD43A3,2015_07_21
2015-07-22,0.14922163392529458,84.00869789686223,MODIS/061/MCD43A3,2015_07_22
2015-07-23,0.14813806320704873,87.18625725085293,MODIS/061/MCD43A3,2015_07_23
2015-07-24,0.14772576849776967,87.7536105379585,MODIS/061/MCD43A3,2015_07_24
2015-07-25,0.1471757596194854,86.83007070926732,MODIS/061/MCD43A3,2015_07_25
2015-07-26,0.146641022188767,86.86436056753634,MODIS/061/MCD43A3,2015_07_26
2015-07-27,0.1466049944679816,87.04374346683885,MODIS/061/MCD43A3,2015_07_27
2015-07-28,0.14663686742372276,87.29853247727576,MODIS/061/MCD43A3,2015_07_28
2015-07-29,0.14699028639422113,88.71770812108038,MODIS/061/MCD43A3,2015_07_29
2015-07-30,0.14731313751000188,91.00403047056413,MODIS/061/MCD43A3,2015_07_30
2015-07-31,0.14763635324410287,92.42493379341902,MODIS/061/MCD43A3,2015_07_31
2015-08-01,0.14729752425196893,91.38080528507753,MODIS/061/MCD43A3,2015_08_01
2015-08-02,0.14734462435460025,92.43636312623609,MODIS/061/MCD43A3,2015_08_02
2015-08-03,0.14741270657420874,90.10571508397426,MODIS/061/MCD43A3,2015_08_03
2015-08-04,0.1464314932071024,92.95620308927647,MODIS/061/MCD43A3,2015_08_04
2015-08-05,0.14656600187524899,92.76156645535,MODIS/061/MCD43A3,2015_08_05
2015-08-06,0.14708810226451416,95.30787141083583,MODIS/061/MCD43A3,2015_08_06
2015-08-07,0.14720743157435615,95.3415498436739,MODIS/061/MCD43A3,2015_08_07
2015-08-08,0.1469426553857322,95.55256539013365,MODIS/061/MCD43A3,2015_08_08
2015-08-09,0.14697558830532634,95.77416011298823,MODIS/061/MCD43A3,2015_08_09
2015-08-10,0.14657675542348644,96.7849161450907,MODIS/061/MCD43A3,2015_08_10
2015-08-11,0.14650499623284347,97.1409965316139,MODIS/061/MCD43A3,2015_08_11
2015-08-12,0.14663251266044816,97.24082443354654,MODIS/061/MCD43A3,2015_08_12
2015-08-13,0.14690291271635397,97.93036782241174,MODIS/061/MCD43A3,2015_08_13
2015-08-14,0.14720368376625922,98.08895869028387,MODIS/061/MCD43A3,2015_08_14
2015-08-15,0.14731189340040793,97.8704858743277,MODIS/061/MCD43A3,2015_08_15
2015-08-16,0.14724802100805942,97.63095564391067,MODIS/061/MCD43A3,2015_08_16
2015-08-17,0.14720840569263713,97.77730200801781,MODIS/061/MCD43A3,2015_08_17
2015-08-18,0.14716079923488248,97.46284554919934,MODIS/061/MCD43A3,2015_08_18
2015-08-19,0.14714336046205626,96.24214840687146,MODIS/061/MCD43A3,2015_08_19
2015-08-20,0.1473418804020994,97.0138069282242,MODIS/061/MCD43A3,2015_08_20
2015-08-21,0.14730715365009553,96.3560367665653,MODIS/061/MCD43A3,2015_08_21
2015-08-22,0.14697393807914524,95.43212097984743,MODIS/061/MCD43A3,2015_08_22
2015-08-23,0.14714883765961648,93.77644637277947,MODIS/061/MCD43A3,2015_08_23
2015-08-24,0.14729922877339163,91.27690905550963,MODIS/061/MCD43A3,2015_08_24
2015-08-25,0.14684658656781507,87.81772738589476,MODIS/061/MCD43A3,2015_08_25
2015-08-26,0.14800268004081343,72.59562387957463,MODIS/061/MCD43A3,2015_08_26
2015-08-27,0.14784211168600858,70.5090377908151,MODIS/061/MCD43A3,2015_08_27
2015-08-28,0.14730768516519263,67.80438620850805,MODIS/061/MCD43A3,2015_08_28
2015-08-29,0.1467895976000034,57.55093740450552,MODIS/061/MCD43A3,2015_08_29
2015-08-30,0.14709319472838003,49.22884780882933,MODIS/061/MCD43A3,2015_08_30
2015-08-31,0.14750909685276434,60.6935289359161,MODIS/061/MCD43A3,2015_08_31
2015-09-01,0.14768303886185688,60.40367126176395,MODIS/061/MCD43A3,2015_09_01
2015-09-02,0.14661964508532302,66.46647054432623,MODIS/061/MCD43A3,2015_09_02
2015-09-03,0.1474419804486122,68.53702778389845,MODIS/061/MCD43A3,2015_09_03
2015-09-04,0.14837348644563278,72.37379937744358,MODIS/061/MCD43A3,2015_09_04
2015-09-05,0.14870041951100832,76.93059414028131,MODIS/061/MCD43A3,2015_09_05
2015-09-06,0.14882479809826205,79.74313562593625,MODIS/061/MCD43A3,2015_09_06
2015-09-07,0.14993394653653785,81.41385144591598,MODIS/061/MCD43A3,2015_09_07
2015-09-08,0.1501011252129251,81.67024562476325,MODIS/061/MCD43A3,2015_09_08
2015-09-09,0.14970782239553726,81.49357231704745,MODIS/061/MCD43A3,2015_09_09
2015-09-10,0.14914345677648033,78.51692596906462,MODIS/061/MCD43A3,2015_09_10
2015-09-11,0.149339331756996,78.4994203003632,MODIS/061/MCD43A3,2015_09_11
2015-09-12,0.1497221310268628,78.44576950692367,MODIS/061/MCD43A3,2015_09_12
2015-09-13,0.14966691892579073,78.0736349172111,MODIS/061/MCD43A3,2015_09_13
2015-09-14,0.14888366738961115,74.87983242137521,MODIS/061/MCD43A3,2015_09_14
2015-09-15,0.14949574296047163,76.87721314114893,MODIS/061/MCD43A3,2015_09_15
2015-09-16,0.14987210330584744,76.67421141959613,MODIS/061/MCD43A3,2015_09_16
2015-09-17,0.149784073642703,73.65745746426556,MODIS/061/MCD43A3,2015_09_17
2015-09-18,0.14916546509210415,70.94238988531649,MODIS/061/MCD43A3,2015_09_18
2015-09-19,0.1492979101783083,68.06734433524332,MODIS/061/MCD43A3,2015_09_19
2015-09-20,0.14859268810312531,65.27218654768538,MODIS/061/MCD43A3,2015_09_20
2015-09-21,0.14824380914859353,61.89375167674528,MODIS/061/MCD43A3,2015_09_21
2015-09-22,0.14868134268157374,63.6711935084153,MODIS/061/MCD43A3,2015_09_22
2015-09-23,0.147880058336917,62.97685357100528,MODIS/061/MCD43A3,2015_09_23
2015-09-24,0.14783427821174122,61.27822168090514,MODIS/061/MCD43A3,2015_09_24
2015-09-25,0.14604139779066752,56.92065045800661,MODIS/061/MCD43A3,2015_09_25
2015-09-26,0.1456865272215045,55.001558566947296,MODIS/061/MCD43A3,2015_09_26
2015-09-27,0.14587154806397368,54.67259072887999,MODIS/061/MCD43A3,2015_09_27
2015-09-28,0.14619234551157717,55.61855748796932,MODIS/061/MCD43A3,2015_09_28
2015-09-29,0.1465707166411748,57.67537428250527,MODIS/061/MCD43A3,2015_09_29
2015-09-30,0.14647234417945143,58.064384316849,MODIS/061/MCD43A3,2015_09_30
2015-10-01,0.14785665893084352,57.94701716691164,MODIS/061/MCD43A3,2015_10_01
2015-10-02,0.1470207592868086,56.2932499208629,MODIS/061/MCD43A3,2015_10_02
2015-10-03,0.14660508383048104,52.74206179712626,MODIS/061/MCD43A3,2015_10_03
2015-10-04,0.14751841654367523,43.92719600165472,MODIS/061/MCD43A3,2015_10_04
2015-10-05,0.14720910866527084,33.80736488189141,MODIS/061/MCD43A3,2015_10_05
2015-10-06,0.14593617307237594,30.853319690690533,MODIS/061/MCD43A3,2015_10_06
2015-10-07,0.14611096176638683,30.76621876049258,MODIS/061/MCD43A3,2015_10_07
2015-10-08,0.1446638825993096,22.208115944883822,MODIS/061/MCD43A3,2015_10_08
2015-10-09,0.14645743612594636,20.626838971632317,MODIS/061/MCD43A3,2015_10_09
2015-10-10,0.1443204472207742,18.05040461115193,MODIS/061/MCD43A3,2015_10_10
2015-10-11,0.14478574106082084,14.267760825856174,MODIS/061/MCD43A3,2015_10_11
2015-10-12,0.14529737043688015,14.308932106942773,MODIS/061/MCD43A3,2015_10_12
2015-10-13,0.1435258561347084,15.13294551611568,MODIS/061/MCD43A3,2015_10_13
2015-10-14,0.1409325260598321,13.030190082910474,MODIS/061/MCD43A3,2015_10_14
2015-10-15,0.13802671486771764,6.372112666246631,MODIS/061/MCD43A3,2015_10_15
2015-10-16,0.2093931568173367,1.721962308633579,MODIS/061/MCD43A3,2015_10_16
2015-10-17,0.4250330997718055,1.6642268310191544,MODIS/061/MCD43A3,2015_10_17
2015-10-18,0.4795548209941349,2.361024787934618,MODIS/061/MCD43A3,2015_10_18
2015-10-19,0.44279512939369925,3.283349608922661,MODIS/061/MCD43A3,2015_10_19
2015-10-20,0.43128285806923833,3.675915653719842,MODIS/061/MCD43A3,2015_10_20
2015-10-21,0.46901732489134085,2.945173070442117,MODIS/061/MCD43A3,2015_10_21
2015-10-22,0.48018198275719237,2.885032427157656,MODIS/061/MCD43A3,2015_10_22
2015-10-23,0.4872029806561276,2.864130181755089,MODIS/061/MCD43A3,2015_10_23
2015-10-24,0.4878858337635778,3.1775255290822138,MODIS/061/MCD43A3,2015_10_24
2015-10-25,0.48770392729900014,3.0712436862101917,MODIS/061/MCD43A3,2015_10_25
2015-10-26,0.4833204914352549,3.5686078852916787,MODIS/061/MCD43A3,2015_10_26
2015-10-27,0.48597185736159226,3.35234443206362,MODIS/061/MCD43A3,2015_10_27
2015-10-28,0.5000390840666591,3.0636659504082964,MODIS/061/MCD43A3,2015_10_28
2015-10-29,0.5083323444514342,2.983036474998289,MODIS/061/MCD43A3,2015_10_29
2015-10-30,0.488921321855729,2.743587921792231,MODIS/061/MCD43A3,2015_10_30
2015-10-31,0.4789416635733697,2.9512913927847437,MODIS/061/MCD43A3,2015_10_31
2015-11-01,0.4449745215722927,2.4244138012922907,MODIS/061/MCD43A3,2015_11_01
2015-11-02,0.4291452432995028,2.0918699829175673,MODIS/061/MCD43A3,2015_11_02
2015-11-03,0.43773417962658095,1.307928543369441,MODIS/061/MCD43A3,2015_11_03
2015-11-04,0.4379517843919655,0.7647971506564558,MODIS/061/MCD43A3,2015_11_04
2015-11-05,0.4993879033658496,0.3998545507883236,MODIS/061/MCD43A3,2015_11_05
2015-11-06,0.4870272449446435,0.3617396801869596,MODIS/061/MCD43A3,2015_11_06
2015-11-07,0.46421763286816226,1.48469640705174,MODIS/061/MCD43A3,2015_11_07
2015-11-08,0.46831066342268934,1.4751767246219654,MODIS/061/MCD43A3,2015_11_08
2015-11-09,0.47713807899406924,1.4275433958754087,MODIS/061/MCD43A3,2015_11_09
2015-11-10,0.47965119315095667,1.4275436952837175,MODIS/061/MCD43A3,2015_11_10
2015-11-11,0.5286771087551557,0.21868698876035253,MODIS/061/MCD43A3,2015_11_11
2015-11-12,0.531651840959936,0.2567642915374715,MODIS/061/MCD43A3,2015_11_12
2015-11-13,0.5660004874928982,0.07615586259388411,MODIS/061/MCD43A3,2015_11_13
2015-11-14,0.537401014900307,0.09519433932759672,MODIS/061/MCD43A3,2015_11_14
2015-11-15,0.4748538721284211,1.2851253830160183,MODIS/061/MCD43A3,2015_11_15
2015-11-16,0.4472505103242101,2.494460032252952,MODIS/061/MCD43A3,2015_11_16
2015-11-17,0.4223553078694523,2.608331981704405,MODIS/061/MCD43A3,2015_11_17
2015-11-18,0.43608268280006335,2.5059327398388622,MODIS/061/MCD43A3,2015_11_18
2015-11-19,0.40211707897305327,2.775832918778516,MODIS/061/MCD43A3,2015_11_19
2015-11-20,0.4050904460190101,3.2880944193718467,MODIS/061/MCD43A3,2015_11_20
2015-11-21,0.4009060866639306,3.2976146804200597,MODIS/061/MCD43A3,2015_11_21
2015-11-22,0.40064668947084436,3.269056841457125,MODIS/061/MCD43A3,2015_11_22
2015-11-23,0.3750255575064582,2.6076131523608947,MODIS/061/MCD43A3,2015_11_23
2015-11-24,0.3700709273956075,2.865378797011887,MODIS/061/MCD43A3,2015_11_24
2015-11-25,0.37984756725665325,3.552354459298244,MODIS/061/MCD43A3,2015_11_25
2015-11-26,0.3810897028284767,3.5538468311681948,MODIS/061/MCD43A3,2015_11_26
2015-11-27,0.3773115805170304,3.780217687247552,MODIS/061/MCD43A3,2015_11_27
2015-11-28,0.3767582523399364,3.770695700443114,MODIS/061/MCD43A3,2015_11_28
2015-11-29,0.3771515980521272,4.240440037339036,MODIS/061/MCD43A3,2015_11_29
2015-11-30,0.3752581462355398,4.031166965652339,MODIS/061/MCD43A3,2015_11_30
2015-12-01,0.3611006395064552,2.7037444792258998,MODIS/061/MCD43A3,2015_12_01
2015-12-02,0.3696844872785532,1.9913190020346994,MODIS/061/MCD43A3,2015_12_02
2015-12-03,0.37335408845525486,0.161828465812095,MODIS/061/MCD43A3,2015_12_03
2015-12-04,0.3506663440002304,0.08567294242881486,MODIS/061/MCD43A3,2015_12_04
2015-12-05,0.3083999229205557,0.04759637688525022,MODIS/061/MCD43A3,2015_12_05
2015-12-06,0.30779995234127844,0.04759620698291619,MODIS/061/MCD43A3,2015_12_06
2015-12-07,0.3571870491948484,1.7979651309252993,MODIS/061/MCD43A3,2015_12_07
2015-12-08,0.3593842900303044,2.8066734776149773,MODIS/061/MCD43A3,2015_12_08
2015-12-09,0.3675537868488211,2.512924425123287,MODIS/061/MCD43A3,2015_12_09
2015-12-10,0.3710363295809036,2.524238636625702,MODIS/061/MCD43A3,2015_12_10
2015-12-11,0.36375609066411607,1.7535964853239807,MODIS/061/MCD43A3,2015_12_11
2015-12-12,0.3716145972264647,1.620326908157055,MODIS/061/MCD43A3,2015_12_12
2015-12-13,0.36518611766053855,1.8105267488119405,MODIS/061/MCD43A3,2015_12_13
2015-12-14,0.381014750609022,2.101749161752082,MODIS/061/MCD43A3,2015_12_14
2015-12-15,0.37632472791112576,1.5499516726255669,MODIS/061/MCD43A3,2015_12_15
2015-12-16,0.37621566878649915,1.6641845152198984,MODIS/061/MCD43A3,2015_12_16
2015-12-17,0.3853943044608484,1.6737067041847908,MODIS/061/MCD43A3,2015_12_17
2015-12-18,0.3983000512511764,1.806793938686291,MODIS/061/MCD43A3,2015_12_18
2015-12-19,0.40369402674791016,1.8639098164056682,MODIS/061/MCD43A3,2015_12_19
2015-12-20,0.41007214369767897,1.994199673534611,MODIS/061/MCD43A3,2015_12_20
2015-12-21,0.44413049274390265,1.727176192043333,MODIS/061/MCD43A3,2015_12_21
2015-12-22,0.4573673092396541,0.6752885435697417,MODIS/061/MCD43A3,2015_12_22
2015-12-23,0.3335,0.0190379310378031,MODIS/061/MCD43A3,2015_12_23
2015-12-24,,0.0,MODIS/061/MCD43A3,2015_12_24
2015-12-25,,0.0,MODIS/061/MCD43A3,2015_12_25
2015-12-26,0.432,0.00951896551890155,MODIS/061/MCD43A3,2015_12_26
2015-12-27,0.431,0.00951896551890155,MODIS/061/MCD43A3,2015_12_27
2015-12-28,0.43,0.00951896551890155,MODIS/061/MCD43A3,2015_12_28
2015-12-29,0.3640000209696133,0.028556877546333896,MODIS/061/MCD43A3,2015_12_29
2015-12-30,,0.0,MODIS/061/MCD43A3,2015_12_30
2015-12-31,,0.0,MODIS/061/MCD43A3,2015_12_31
2016-01-01,,0.0,MODIS/061/MCD43A3,2016_01_01
2016-01-02,,0.0,MODIS/061/MCD43A3,2016_01_02
2016-01-03,,0.0,MODIS/061/MCD43A3,2016_01_03
2016-01-04,,0.0,MODIS/061/MCD43A3,2016_01_04
2016-01-05,0.5443431096738793,0.07604281229953536,MODIS/061/MCD43A3,2016_01_05
2016-01-06,0.599,0.009519362823286302,MODIS/061/MCD43A3,2016_01_06
2016-01-07,0.6,0.009519362823286302,MODIS/061/MCD43A3,2016_01_07
2016-01-08,0.4478754904294512,1.0372666936496413,MODIS/061/MCD43A3,2016_01_08
2016-01-09,0.447353082120987,1.0658243835024859,MODIS/061/MCD43A3,2016_01_09
2016-01-10,0.4819687256672351,0.5455857213004659,MODIS/061/MCD43A3,2016_01_10
2016-01-11,0.43261314365288056,2.1969417279664123,MODIS/061/MCD43A3,2016_01_11
2016-01-12,0.4134478020488882,3.61528977013475,MODIS/061/MCD43A3,2016_01_12
2016-01-13,0.4079992356723779,5.440550833484468,MODIS/061/MCD43A3,2016_01_13
2016-01-14,0.4099478502563937,6.1969781097788035,MODIS/061/MCD43A3,2016_01_14
2016-01-15,0.41178695060345355,7.109098705983829,MODIS/061/MCD43A3,2016_01_15
2016-01-16,0.41099080255107295,8.165490308987968,MODIS/061/MCD43A3,2016_01_16
2016-01-17,0.39614084628640234,7.953515440747659,MODIS/061/MCD43A3,2016_01_17
2016-01-18,0.39515943177581603,7.637066394037947,MODIS/061/MCD43A3,2016_01_18
2016-01-19,0.3941709657200104,7.84618843380196,MODIS/061/MCD43A3,2016_01_19
2016-01-20,0.39496460930265054,7.864740804311987,MODIS/061/MCD43A3,2016_01_20
2016-01-21,0.4044979228099583,8.310168769164976,MODIS/061/MCD43A3,2016_01_21
2016-01-22,0.405062182593658,8.135830693754901,MODIS/061/MCD43A3,2016_01_22
2016-01-23,0.4054826788637196,8.40864788172278,MODIS/061/MCD43A3,2016_01_23
2016-01-24,0.40555733199834487,7.216332331957914,MODIS/061/MCD43A3,2016_01_24
2016-01-25,0.40503493516090694,7.3874159113021385,MODIS/061/MCD43A3,2016_01_25
2016-01-26,0.40265616965369194,7.504979896049761,MODIS/061/MCD43A3,2016_01_26
2016-01-27,0.40381987459074875,6.861954971821989,MODIS/061/MCD43A3,2016_01_27
2016-01-28,0.4080677693430997,5.882159618857942,MODIS/061/MCD43A3,2016_01_28
2016-01-29,0.41853312221250505,5.7617298356141395,MODIS/061/MCD43A3,2016_01_29
2016-01-30,0.4270352170699826,6.377855196982608,MODIS/061/MCD43A3,2016_01_30
2016-01-31,0.43173663851218463,6.989307327258671,MODIS/061/MCD43A3,2016_01_31
2016-02-01,0.4343691979032843,5.586121776730373,MODIS/061/MCD43A3,2016_02_01
2016-02-02,0.4571319166841172,4.517434882620259,MODIS/061/MCD43A3,2016_02_02
2016-02-03,0.46989695441780244,4.835499751972579,MODIS/061/MCD43A3,2016_02_03
2016-02-04,0.46083945841416724,6.686295149024981,MODIS/061/MCD43A3,2016_02_04
2016-02-05,0.48513082981821537,8.947804824914517,MODIS/061/MCD43A3,2016_02_05
2016-02-06,0.4907772301420343,11.033800238708817,MODIS/061/MCD43A3,2016_02_06
2016-02-07,0.49576261293946644,11.345847856031124,MODIS/061/MCD43A3,2016_02_07
2016-02-08,0.4978343600862804,12.348003273186226,MODIS/061/MCD43A3,2016_02_08
2016-02-09,0.5017233438382889,12.8965359254569,MODIS/061/MCD43A3,2016_02_09
2016-02-10,0.4972780402437233,13.522229611225528,MODIS/061/MCD43A3,2016_02_10
2016-02-11,0.5056955834349346,15.224171652986083,MODIS/061/MCD43A3,2016_02_11
2016-02-12,0.5064052938732915,15.556681468631124,MODIS/061/MCD43A3,2016_02_12
2016-02-13,0.5029441403002349,16.078048412908522,MODIS/061/MCD43A3,2016_02_13
2016-02-14,0.5104697680565048,14.582983547915466,MODIS/061/MCD43A3,2016_02_14
2016-02-15,0.5068788013786266,14.346977949436555,MODIS/061/MCD43A3,2016_02_15
2016-02-16,0.516124067710593,13.373951406712466,MODIS/061/MCD43A3,2016_02_16
2016-02-17,0.517609608427536,14.820158713021884,MODIS/061/MCD43A3,2016_02_17
2016-02-18,0.517842139222213,15.932797906041884,MODIS/061/MCD43A3,2016_02_18
2016-02-19,0.5173590666531295,16.62548274626217,MODIS/061/MCD43A3,2016_02_19
2016-02-20,0.5172079051263762,17.186283213059706,MODIS/061/MCD43A3,2016_02_20
2016-02-21,0.5057750155390968,15.260268843105251,MODIS/061/MCD43A3,2016_02_21
2016-02-22,0.509685194196401,16.984536207689175,MODIS/061/MCD43A3,2016_02_22
2016-02-23,0.5104201600856602,15.670083739599985,MODIS/061/MCD43A3,2016_02_23
2016-02-24,0.5163370861773114,15.703965578058858,MODIS/061/MCD43A3,2016_02_24
2016-02-25,0.5214666270271564,21.47965927629997,MODIS/061/MCD43A3,2016_02_25
2016-02-26,0.5283282938554134,24.153330855208047,MODIS/061/MCD43A3,2016_02_26
2016-02-27,0.534630058037297,26.795056037025585,MODIS/061/MCD43A3,2016_02_27
2016-02-28,0.528517362095544,28.448216283960377,MODIS/061/MCD43A3,2016_02_28
2016-02-29,0.5273687175515005,30.032631085179208,MODIS/061/MCD43A3,2016_02_29
2016-03-01,0.5224210967432583,32.186486091442156,MODIS/061/MCD43A3,2016_03_01
2016-03-02,0.52200627452575,32.372698770305895,MODIS/061/MCD43A3,2016_03_02
2016-03-03,0.5203872643780859,32.47341530165434,MODIS/061/MCD43A3,2016_03_03
2016-03-04,0.5199987367188705,32.775259526237356,MODIS/061/MCD43A3,2016_03_04
2016-03-05,0.5225995259546798,33.11842522641694,MODIS/061/MCD43A3,2016_03_05
2016-03-06,0.5219668859973735,32.96332229465293,MODIS/061/MCD43A3,2016_03_06
2016-03-07,0.5229762964876873,33.3554135469055,MODIS/061/MCD43A3,2016_03_07
2016-03-08,0.5256965650780463,27.919575058011898,MODIS/061/MCD43A3,2016_03_08
2016-03-09,0.5306937103594944,26.00924799663551,MODIS/061/MCD43A3,2016_03_09
2016-03-10,0.5307363026627837,26.420761747500347,MODIS/061/MCD43A3,2016_03_10
2016-03-11,0.531615434719421,26.3590922809364,MODIS/061/MCD43A3,2016_03_11
2016-03-12,0.5652723205113681,5.193444715935523,MODIS/061/MCD43A3,2016_03_12
2016-03-13,0.5628600764229689,2.9063700385178235,MODIS/061/MCD43A3,2016_03_13
2016-03-14,0.5734152276845853,1.8454708266135762,MODIS/061/MCD43A3,2016_03_14
2016-03-15,0.5772883501846471,1.1912972783980065,MODIS/061/MCD43A3,2016_03_15
2016-03-16,0.5754170492810108,1.0127686503815234,MODIS/061/MCD43A3,2016_03_16
2016-03-17,0.6148170846052324,1.0648761159338331,MODIS/061/MCD43A3,2016_03_17
2016-03-18,0.6381866290480386,1.1119544025035808,MODIS/061/MCD43A3,2016_03_18
2016-03-19,0.6275426145436805,5.5923124072650605,MODIS/061/MCD43A3,2016_03_19
2016-03-20,0.6232361339841491,5.88943898404444,MODIS/061/MCD43A3,2016_03_20
2016-03-21,0.6267169644444806,5.6406629092190625,MODIS/061/MCD43A3,2016_03_21
2016-03-22,0.6135368068860642,5.674139203034635,MODIS/061/MCD43A3,2016_03_22
2016-03-23,0.613198551454906,5.740253805707934,MODIS/061/MCD43A3,2016_03_23
2016-03-24,0.6227112458119168,4.821827187844828,MODIS/061/MCD43A3,2016_03_24
2016-03-25,0.6077520515389786,5.812838442302637,MODIS/061/MCD43A3,2016_03_25
2016-03-26,0.6104263623194695,6.235548189697185,MODIS/061/MCD43A3,2016_03_26
2016-03-27,0.6159047406036899,9.395590277787472,MODIS/061/MCD43A3,2016_03_27
2016-03-28,0.603551980976008,8.639728267825447,MODIS/061/MCD43A3,2016_03_28
2016-03-29,0.5996585657414466,3.328169330631474,MODIS/061/MCD43A3,2016_03_29
2016-03-30,0.6048313247291679,3.1939245928759994,MODIS/061/MCD43A3,2016_03_30
2016-03-31,0.6055856433786222,3.32105315538926,MODIS/061/MCD43A3,2016_03_31
2016-04-01,0.6057255895754148,3.3080242937324007,MODIS/061/MCD43A3,2016_04_01
2016-04-02,0.6116896940171678,4.242784588376035,MODIS/061/MCD43A3,2016_04_02
2016-04-03,0.615703489098195,5.07019374671493,MODIS/061/MCD43A3,2016_04_03
2016-04-04,0.6351564045843654,0.5444974288232928,MODIS/061/MCD43A3,2016_04_04
2016-04-05,0.6419117460524567,0.4706173653838316,MODIS/061/MCD43A3,2016_04_05
2016-04-06,0.6572407595881822,4.065575887360003,MODIS/061/MCD43A3,2016_04_06
2016-04-07,0.6460919447088929,5.733727923342954,MODIS/061/MCD43A3,2016_04_07
2016-04-08,0.6295625181635268,6.8635068945583635,MODIS/061/MCD43A3,2016_04_08
2016-04-09,0.4708897617710366,7.733483294380052,MODIS/061/MCD43A3,2016_04_09
2016-04-10,0.4845474061946818,7.942817119061218,MODIS/061/MCD43A3,2016_04_10
2016-04-11,0.4829027693477357,8.080264779691886,MODIS/061/MCD43A3,2016_04_11
2016-04-12,0.47247547937008066,7.598045285047757,MODIS/061/MCD43A3,2016_04_12
2016-04-13,0.4647653458484612,6.379120757811169,MODIS/061/MCD43A3,2016_04_13
2016-04-14,0.4779513349139095,6.478506887428895,MODIS/061/MCD43A3,2016_04_14
2016-04-15,0.47590051607640527,6.916890912205942,MODIS/061/MCD43A3,2016_04_15
2016-04-16,0.5215362199080996,5.644219273646849,MODIS/061/MCD43A3,2016_04_16
2016-04-17,0.5251025027893266,5.88549768288831,MODIS/061/MCD43A3,2016_04_17
2016-04-18,0.4758889017634684,7.665586204903302,MODIS/061/MCD43A3,2016_04_18
2016-04-19,0.46105065405270285,9.065308737495776,MODIS/061/MCD43A3,2016_04_19
2016-04-20,0.4194906265920353,11.00871894444756,MODIS/061/MCD43A3,2016_04_20
2016-04-21,0.4256571246246877,11.33843067941936,MODIS/061/MCD43A3,2016_04_21
2016-04-22,0.384690486931942,8.163674350944653,MODIS/061/MCD43A3,2016_04_22
2016-04-23,0.4104849558329721,4.705821698122035,MODIS/061/MCD43A3,2016_04_23
2016-04-24,0.42199578824295675,1.4613434312895563,MODIS/061/MCD43A3,2016_04_24
2016-04-25,0.3526306315865983,0.15693717002047433,MODIS/061/MCD43A3,2016_04_25
2016-04-26,0.380943564378694,0.29868177359104714,MODIS/061/MCD43A3,2016_04_26
2016-04-27,0.3545787582576071,0.2863256620719621,MODIS/061/MCD43A3,2016_04_27
2016-04-28,0.36692145338341836,0.20811832180717818,MODIS/061/MCD43A3,2016_04_28
2016-04-29,0.18186690281003343,0.28728745198410044,MODIS/061/MCD43A3,2016_04_29
2016-04-30,0.15714298937736557,0.8289810179995691,MODIS/061/MCD43A3,2016_04_30
2016-05-01,0.14785588091276478,1.5490781489682481,MODIS/061/MCD43A3,2016_05_01
2016-05-02,0.14360420199075624,2.010433688042564,MODIS/061/MCD43A3,2016_05_02
2016-05-03,0.14342593012188629,2.010433688042564,MODIS/061/MCD43A3,2016_05_03
2016-05-04,0.1422451006876198,1.6964489987106344,MODIS/061/MCD43A3,2016_05_04
2016-05-05,0.14235146480216548,1.2125825900412026,MODIS/061/MCD43A3,2016_05_05
2016-05-06,0.14104287947683167,0.47278089027063025,MODIS/061/MCD43A3,2016_05_06
2016-05-07,0.14102274526519565,0.47278089027063025,MODIS/061/MCD43A3,2016_05_07
2016-05-08,0.1408538539845699,0.47278089027063025,MODIS/061/MCD43A3,2016_05_08
2016-05-09,0.14079345172787858,0.47278089027063025,MODIS/061/MCD43A3,2016_05_09
2016-05-10,0.14046473932531184,0.43526474029682855,MODIS/061/MCD43A3,2016_05_10
2016-05-11,0.1403347839741723,0.722777162592487,MODIS/061/MCD43A3,2016_05_11
2016-05-12,0.14165234235370067,1.611376138886902,MODIS/061/MCD43A3,2016_05_12
2016-05-13,0.1394354564016146,4.856868549629742,MODIS/061/MCD43A3,2016_05_13
2016-05-14,0.14042624489845928,6.23637260317929,MODIS/061/MCD43A3,2016_05_14
2016-05-15,0.1412877026021901,9.255274521376126,MODIS/061/MCD43A3,2016_05_15
2016-05-16,0.1386381816371403,5.69627591127759,MODIS/061/MCD43A3,2016_05_16
2016-05-17,0.13766045294729332,7.360356018283178,MODIS/061/MCD43A3,2016_05_17
2016-05-18,0.1422616946948013,14.412294457881018,MODIS/061/MCD43A3,2016_05_18
2016-05-19,0.14199769103669393,16.31304847243948,MODIS/061/MCD43A3,2016_05_19
2016-05-20,0.14183127641445398,15.894205309908466,MODIS/061/MCD43A3,2016_05_20
2016-05-21,0.140742127445053,16.598631985239646,MODIS/061/MCD43A3,2016_05_21
2016-05-22,0.14089201235805543,16.741426910977648,MODIS/061/MCD43A3,2016_05_22
2016-05-23,0.14313638321403246,20.33685311820239,MODIS/061/MCD43A3,2016_05_23
2016-05-24,0.14790425582850694,26.68184893192777,MODIS/061/MCD43A3,2016_05_24
2016-05-25,0.14824369476153337,27.378479586394324,MODIS/061/MCD43A3,2016_05_25
2016-05-26,0.15291338233353252,29.245127368970756,MODIS/061/MCD43A3,2016_05_26
2016-05-27,0.15301836766556878,29.38792433175838,MODIS/061/MCD43A3,2016_05_27
2016-05-28,0.15869578353075522,33.61370796374601,MODIS/061/MCD43A3,2016_05_28
2016-05-29,0.1557156509197005,34.59690217137938,MODIS/061/MCD43A3,2016_05_29
2016-05-30,0.1580516906978826,36.46413004901871,MODIS/061/MCD43A3,2016_05_30
2016-05-31,0.158389111969642,39.514362929668735,MODIS/061/MCD43A3,2016_05_31
2016-06-01,0.1619803054416688,42.19923767036704,MODIS/061/MCD43A3,2016_06_01
2016-06-02,0.16405908634292782,44.5410274045624,MODIS/061/MCD43A3,2016_06_02
2016-06-03,0.16318597458809164,44.20860512438945,MODIS/061/MCD43A3,2016_06_03
2016-06-04,0.16489156691472703,46.72798130952622,MODIS/061/MCD43A3,2016_06_04
2016-06-05,0.17117520890899943,52.37364808973199,MODIS/061/MCD43A3,2016_06_05
2016-06-06,0.17716894524273022,58.6503457129894,MODIS/061/MCD43A3,2016_06_06
2016-06-07,0.18155015835508137,62.150164270659026,MODIS/061/MCD43A3,2016_06_07
2016-06-08,0.18198979113366798,62.65841841745128,MODIS/061/MCD43A3,2016_06_08
2016-06-09,0.17561423694052866,58.58555023769543,MODIS/061/MCD43A3,2016_06_09
2016-06-10,0.17510431623404357,58.249347852856914,MODIS/061/MCD43A3,2016_06_10
2016-06-11,0.17400465060654374,59.016324801724394,MODIS/061/MCD43A3,2016_06_11
2016-06-12,0.17767536333129766,64.53113937765167,MODIS/061/MCD43A3,2016_06_12
2016-06-13,0.17959589532500259,68.8936680779511,MODIS/061/MCD43A3,2016_06_13
2016-06-14,0.1774388114486629,66.14643537037496,MODIS/061/MCD43A3,2016_06_14
2016-06-15,0.1761675490817995,65.26740798527564,MODIS/061/MCD43A3,2016_06_15
2016-06-16,0.1676820404040209,58.13091976731811,MODIS/061/MCD43A3,2016_06_16
2016-06-17,0.1677278386175365,59.74078247880584,MODIS/061/MCD43A3,2016_06_17
2016-06-18,0.1680007726070374,62.59178140195875,MODIS/061/MCD43A3,2016_06_18
2016-06-19,0.16637475773485533,62.97767599851336,MODIS/061/MCD43A3,2016_06_19
2016-06-20,0.16479024584873683,61.478629339744586,MODIS/061/MCD43A3,2016_06_20
2016-06-21,0.16227083299603812,63.051965473347956,MODIS/061/MCD43A3,2016_06_21
2016-06-22,0.16272430227025783,64.96556653096545,MODIS/061/MCD43A3,2016_06_22
2016-06-23,0.16293298050174473,69.19517882968465,MODIS/061/MCD43A3,2016_06_23
2016-06-24,0.1645242593946244,71.56325399270966,MODIS/061/MCD43A3,2016_06_24
2016-06-25,0.16475183426601614,72.01063580775381,MODIS/061/MCD43A3,2016_06_25
2016-06-26,0.16481991845804492,72.19284945577405,MODIS/061/MCD43A3,2016_06_26
2016-06-27,0.16421773112723156,71.62539909909032,MODIS/061/MCD43A3,2016_06_27
2016-06-28,0.1573360176281015,65.46126409361561,MODIS/061/MCD43A3,2016_06_28
2016-06-29,0.15385434434491738,61.028453098953996,MODIS/061/MCD43A3,2016_06_29
2016-06-30,0.15665872857138613,63.6890581905211,MODIS/061/MCD43A3,2016_06_30
2016-07-01,0.15955338504857486,70.28968589569145,MODIS/061/MCD43A3,2016_07_01
2016-07-02,0.1602199939880742,72.41334520857026,MODIS/061/MCD43A3,2016_07_02
2016-07-03,0.16115056783998982,74.06432963808106,MODIS/061/MCD43A3,2016_07_03
2016-07-04,0.16109955725256161,74.84382253391517,MODIS/061/MCD43A3,2016_07_04
2016-07-05,0.16021324213611982,74.08716939932306,MODIS/061/MCD43A3,2016_07_05
2016-07-06,0.16311063380791155,78.01923790504827,MODIS/061/MCD43A3,2016_07_06
2016-07-07,0.16023166747408868,70.10936491894398,MODIS/061/MCD43A3,2016_07_07
2016-07-08,0.1571878532568941,66.58895489009977,MODIS/061/MCD43A3,2016_07_08
2016-07-09,0.1513251226083776,68.54537501206073,MODIS/061/MCD43A3,2016_07_09
2016-07-10,0.1506141874260244,67.17259715191341,MODIS/061/MCD43A3,2016_07_10
2016-07-11,0.1502991142847758,66.77743737913885,MODIS/061/MCD43A3,2016_07_11
2016-07-12,0.15049193813188833,67.14087318561977,MODIS/061/MCD43A3,2016_07_12
2016-07-13,0.15117167306341303,68.66499367494383,MODIS/061/MCD43A3,2016_07_13
2016-07-14,0.15122165753404426,68.56853455526932,MODIS/061/MCD43A3,2016_07_14
2016-07-15,0.15150688852242022,68.53148263536762,MODIS/061/MCD43A3,2016_07_15
2016-07-16,0.1508922277062273,73.89695694428762,MODIS/061/MCD43A3,2016_07_16
2016-07-17,0.15175153174550873,75.41311772290655,MODIS/061/MCD43A3,2016_07_17
2016-07-18,0.14899820149984677,74.49531932441849,MODIS/061/MCD43A3,2016_07_18
2016-07-19,0.14913633726086745,74.84688972149459,MODIS/061/MCD43A3,2016_07_19
2016-07-20,0.1481739653456356,74.30987259454206,MODIS/061/MCD43A3,2016_07_20
2016-07-21,0.14518328513493012,69.56841700642794,MODIS/061/MCD43A3,2016_07_21
2016-07-22,0.14233895567724397,60.68930143049379,MODIS/061/MCD43A3,2016_07_22
2016-07-23,0.14279169918290924,62.53072983535389,MODIS/061/MCD43A3,2016_07_23
2016-07-24,0.14237132590430174,62.510978614550105,MODIS/061/MCD43A3,2016_07_24
2016-07-25,0.1390503252922752,54.02433825832708,MODIS/061/MCD43A3,2016_07_25
2016-07-26,0.14003185734876414,59.21177050626427,MODIS/061/MCD43A3,2016_07_26
2016-07-27,0.1434747775990539,70.40871142210747,MODIS/061/MCD43A3,2016_07_27
2016-07-28,0.1455612622465792,77.44240415276145,MODIS/061/MCD43A3,2016_07_28
2016-07-29,0.14653375596285298,80.88952071749071,MODIS/061/MCD43A3,2016_07_29
2016-07-30,0.1475960493107533,83.29162270712256,MODIS/061/MCD43A3,2016_07_30
2016-07-31,0.14858301707865867,85.7474745901053,MODIS/061/MCD43A3,2016_07_31
2016-08-01,0.1468618736424642,86.11372290329221,MODIS/061/MCD43A3,2016_08_01
2016-08-02,0.14634155159895398,86.08238214247183,MODIS/061/MCD43A3,2016_08_02
2016-08-03,0.1469651488681397,86.9792829761412,MODIS/061/MCD43A3,2016_08_03
2016-08-04,0.14630788019970437,88.83929906658656,MODIS/061/MCD43A3,2016_08_04
2016-08-05,0.14556905524611338,86.56799891310875,MODIS/061/MCD43A3,2016_08_05
2016-08-06,0.14602734039607188,87.52100109296869,MODIS/061/MCD43A3,2016_08_06
2016-08-07,0.14587208214284392,87.60793410255913,MODIS/061/MCD43A3,2016_08_07
2016-08-08,0.146570059397683,88.14884096849562,MODIS/061/MCD43A3,2016_08_08
2016-08-09,0.1464245793077963,88.2398163967527,MODIS/061/MCD43A3,2016_08_09
2016-08-10,0.14400306445326727,83.29230289867033,MODIS/061/MCD43A3,2016_08_10
2016-08-11,0.1436191247617809,83.90820732160087,MODIS/061/MCD43A3,2016_08_11
2016-08-12,0.1422889351271946,79.79031016506977,MODIS/061/MCD43A3,2016_08_12
2016-08-13,0.14158101081118982,78.07010700149948,MODIS/061/MCD43A3,2016_08_13
2016-08-14,0.141187708894493,70.35656273905721,MODIS/061/MCD43A3,2016_08_14
2016-08-15,0.1398774782529766,70.62991597418372,MODIS/061/MCD43A3,2016_08_15
2016-08-16,0.1393253446815478,65.98220264046952,MODIS/061/MCD43A3,2016_08_16
2016-08-17,0.13995739090014,64.0971497699977,MODIS/061/MCD43A3,2016_08_17
2016-08-18,0.14043192283643346,58.311391631015624,MODIS/061/MCD43A3,2016_08_18
2016-08-19,0.13971536422086853,71.22085148986558,MODIS/061/MCD43A3,2016_08_19
2016-08-20,0.1398761012059406,72.337618494937,MODIS/061/MCD43A3,2016_08_20
2016-08-21,0.14034487339165946,76.33335676753266,MODIS/061/MCD43A3,2016_08_21
2016-08-22,0.14046547748776297,81.58895936395629,MODIS/061/MCD43A3,2016_08_22
2016-08-23,0.14087039050403144,79.82830736202094,MODIS/061/MCD43A3,2016_08_23
2016-08-24,0.1421112018412818,84.65534520761756,MODIS/061/MCD43A3,2016_08_24
2016-08-25,0.14213115073722177,82.8480782815138,MODIS/061/MCD43A3,2016_08_25
2016-08-26,0.14272455478851728,85.65577306857504,MODIS/061/MCD43A3,2016_08_26
2016-08-27,0.1427763289216842,85.76784575125154,MODIS/061/MCD43A3,2016_08_27
2016-08-28,0.1428151041019427,85.1475294957499,MODIS/061/MCD43A3,2016_08_28
2016-08-29,0.14303379783748477,84.4924565945402,MODIS/061/MCD43A3,2016_08_29
2016-08-30,0.14337793225987736,82.7449453578882,MODIS/061/MCD43A3,2016_08_30
2016-08-31,0.14348883123964387,85.15152398559383,MODIS/061/MCD43A3,2016_08_31
2016-09-01,0.14382829442564415,82.06311772831542,MODIS/061/MCD43A3,2016_09_01
2016-09-02,0.14323928275721978,79.98321169050114,MODIS/061/MCD43A3,2016_09_02
2016-09-03,0.14318351064179377,83.36383510506768,MODIS/061/MCD43A3,2016_09_03
2016-09-04,0.14393242978551596,66.54083016919093,MODIS/061/MCD43A3,2016_09_04
2016-09-05,0.14385510306897822,64.98135307632279,MODIS/061/MCD43A3,2016_09_05
2016-09-06,0.1434768682837542,56.0788206548995,MODIS/061/MCD43A3,2016_09_06
2016-09-07,0.13899496235630882,57.02971544094914,MODIS/061/MCD43A3,2016_09_07
2016-09-08,0.1389424382007309,58.934887541397906,MODIS/061/MCD43A3,2016_09_08
2016-09-09,0.13747595709891108,61.527206874604566,MODIS/061/MCD43A3,2016_09_09
2016-09-10,0.1378680292728234,62.50951232525192,MODIS/061/MCD43A3,2016_09_10
2016-09-11,0.1368912989360256,65.41322854312789,MODIS/061/MCD43A3,2016_09_11
2016-09-12,0.13712576158108458,64.44413111439593,MODIS/061/MCD43A3,2016_09_12
2016-09-13,0.13642669010925718,70.95588649887605,MODIS/061/MCD43A3,2016_09_13
2016-09-14,0.13668565804539926,73.34597314378266,MODIS/061/MCD43A3,2016_09_14
2016-09-15,0.13717089466202953,76.8635227789436,MODIS/061/MCD43A3,2016_09_15
2016-09-16,0.1386328022687908,82.45464713364622,MODIS/061/MCD43A3,2016_09_16
2016-09-17,0.13849158069658438,82.06791478955716,MODIS/061/MCD43A3,2016_09_17
2016-09-18,0.1389192407950056,82.61137202490845,MODIS/061/MCD43A3,2016_09_18
2016-09-19,0.13865157280259358,79.61945558925879,MODIS/061/MCD43A3,2016_09_19
2016-09-20,0.13881567415912574,79.20505010317655,MODIS/061/MCD43A3,2016_09_20
2016-09-21,0.13906174574380045,76.02465331036188,MODIS/061/MCD43A3,2016_09_21
2016-09-22,0.1391723012872061,77.86143142379036,MODIS/061/MCD43A3,2016_09_22
2016-09-23,0.14027915640117544,76.36619508741072,MODIS/061/MCD43A3,2016_09_23
2016-09-24,0.14059634362145443,70.74233340430797,MODIS/061/MCD43A3,2016_09_24
2016-09-25,0.14014410230972474,65.77269302968043,MODIS/061/MCD43A3,2016_09_25
2016-09-26,0.14017605414239506,63.88005498874114,MODIS/061/MCD43A3,2016_09_26
2016-09-27,0.13961265386606866,56.66420259814986,MODIS/061/MCD43A3,2016_09_27
2016-09-28,0.13940180009092334,60.30070395579731,MODIS/061/MCD43A3,2016_09_28
2016-09-29,0.1400899662080305,52.949942411982484,MODIS/061/MCD43A3,2016_09_29
2016-09-30,0.1408528665238298,47.870518774047234,MODIS/061/MCD43A3,2016_09_30
2016-10-01,0.14117182917775434,43.750541959042856,MODIS/061/MCD43A3,2016_10_01
2016-10-02,0.13785382103686514,38.68069767828426,MODIS/061/MCD43A3,2016_10_02
2016-10-03,0.13942986629282508,42.0118474393347,MODIS/061/MCD43A3,2016_10_03
2016-10-04,0.14047497064494927,45.29042135920826,MODIS/061/MCD43A3,2016_10_04
2016-10-05,0.1412884450610971,45.164357556580775,MODIS/061/MCD43A3,2016_10_05
2016-10-06,0.14056543366122565,44.013200390652074,MODIS/061/MCD43A3,2016_10_06
2016-10-07,0.14133706742316,44.20948701837303,MODIS/061/MCD43A3,2016_10_07
2016-10-08,0.14113133219496046,41.58553894577939,MODIS/061/MCD43A3,2016_10_08
2016-10-09,0.1413311437114769,41.703504785736094,MODIS/061/MCD43A3,2016_10_09
2016-10-10,0.1416130732162181,41.55358389933929,MODIS/061/MCD43A3,2016_10_10
2016-10-11,0.14175080623374525,41.44815676487111,MODIS/061/MCD43A3,2016_10_11
2016-10-12,0.1407791842098663,40.7437844645876,MODIS/061/MCD43A3,2016_10_12
2016-10-13,0.14414374419997994,20.042246302741216,MODIS/061/MCD43A3,2016_10_13
2016-10-14,0.14989189557057742,12.110309685840054,MODIS/061/MCD43A3,2016_10_14
2016-10-15,0.15534833612723187,9.205443782378932,MODIS/061/MCD43A3,2016_10_15
2016-10-16,0.1669106940722177,4.589124178340858,MODIS/061/MCD43A3,2016_10_16
2016-10-17,0.22559212347658736,1.6412912225709302,MODIS/061/MCD43A3,2016_10_17
2016-10-18,0.44684082014605964,0.5195398411961086,MODIS/061/MCD43A3,2016_10_18
2016-10-19,0.5081239973933193,1.3075764596239505,MODIS/061/MCD43A3,2016_10_19
2016-10-20,0.5346248581871262,1.5139074556613195,MODIS/061/MCD43A3,2016_10_20
2016-10-21,0.5214695752352945,1.5235390892699385,MODIS/061/MCD43A3,2016_10_21
2016-10-22,0.5217406454989013,1.485460132185616,MODIS/061/MCD43A3,2016_10_22
2016-10-23,0.5358705513183535,0.07529691005036582,MODIS/061/MCD43A3,2016_10_23
2016-10-24,0.594,0.002389140155158083,MODIS/061/MCD43A3,2016_10_24
2016-10-25,0.6168924833274985,0.025683486703978506,MODIS/061/MCD43A3,2016_10_25
2016-10-26,0.6516247336324792,0.03434408200484591,MODIS/061/MCD43A3,2016_10_26
2016-10-27,0.6565078698903771,0.03195494184968783,MODIS/061/MCD43A3,2016_10_27
2016-10-28,0.5133958959224327,0.049910858233706085,MODIS/061/MCD43A3,2016_10_28
2016-10-29,0.5049956037692184,0.7326626615674738,MODIS/061/MCD43A3,2016_10_29
2016-10-30,0.4809608424038817,0.9168538177086676,MODIS/061/MCD43A3,2016_10_30
2016-10-31,0.4648161007737056,1.236934137916155,MODIS/061/MCD43A3,2016_10_31
2016-11-01,0.44402641056243825,2.5331597949678857,MODIS/061/MCD43A3,2016_11_01
2016-11-02,0.4100849327744328,4.312115364134459,MODIS/061/MCD43A3,2016_11_02
2016-11-03,0.3726886757160668,5.57889095397575,MODIS/061/MCD43A3,2016_11_03
2016-11-04,0.37537672978085096,4.50435789259485,MODIS/061/MCD43A3,2016_11_04
2016-11-05,0.36884193909554114,4.003603134025542,MODIS/061/MCD43A3,2016_11_05
2016-11-06,0.34887031638817173,5.71082926173409,MODIS/061/MCD43A3,2016_11_06
2016-11-07,0.28578302110856174,8.547343294037834,MODIS/061/MCD43A3,2016_11_07
2016-11-08,0.28739571705789413,8.93637305932748,MODIS/061/MCD43A3,2016_11_08
2016-11-09,0.28747644459480776,8.71701419962185,MODIS/061/MCD43A3,2016_11_09
2016-11-10,0.28291646747454957,8.380991251733528,MODIS/061/MCD43A3,2016_11_10
2016-11-11,0.2805521378285674,8.480546597978528,MODIS/061/MCD43A3,2016_11_11
2016-11-12,0.2869778280867092,8.391521405741498,MODIS/061/MCD43A3,2016_11_12
2016-11-13,0.27127271884337456,7.371475342600088,MODIS/061/MCD43A3,2016_11_13
2016-11-14,0.23835600267218673,5.916511810685305,MODIS/061/MCD43A3,2016_11_14
2016-11-15,0.25296443144590236,4.790554233975354,MODIS/061/MCD43A3,2016_11_15
2016-11-16,0.2575205623982115,3.904862582556412,MODIS/061/MCD43A3,2016_11_16
2016-11-17,0.35296909174506447,2.4636230344440757,MODIS/061/MCD43A3,2016_11_17
2016-11-18,0.4156621482239061,1.1107877231596093,MODIS/061/MCD43A3,2016_11_18
2016-11-19,0.45217608559126315,0.7640618208376386,MODIS/061/MCD43A3,2016_11_19
2016-11-20,0.4383045734738967,0.9882694897024312,MODIS/061/MCD43A3,2016_11_20
2016-11-21,0.4006879696529146,1.9416387316477146,MODIS/061/MCD43A3,2016_11_21
2016-11-22,0.38050360277853507,2.365824892640276,MODIS/061/MCD43A3,2016_11_22
2016-11-23,0.3726975609202187,3.1623589768531395,MODIS/061/MCD43A3,2016_11_23
2016-11-24,0.37586933003909995,4.167416138109671,MODIS/061/MCD43A3,2016_11_24
2016-11-25,0.37254602725979646,4.119821606981595,MODIS/061/MCD43A3,2016_11_25
2016-11-26,0.3779853457090448,3.5616470110181866,MODIS/061/MCD43A3,2016_11_26
2016-11-27,0.3769069521868457,3.6568476545540656,MODIS/061/MCD43A3,2016_11_27
2016-11-28,0.37188338229837453,3.5862891862206467,MODIS/061/MCD43A3,2016_11_28
2016-11-29,0.3681201136704705,3.7030572627483136,MODIS/061/MCD43A3,2016_11_29
2016-11-30,0.37042123986913816,3.6031620066113526,MODIS/061/MCD43A3,2016_11_30
2016-12-01,0.36072786825400494,2.961139894008348,MODIS/061/MCD43A3,2016_12_01
2016-12-02,0.3674569948339908,3.1258518831930004,MODIS/061/MCD43A3,2016_12_02
2016-12-03,0.3602272393271659,1.7632102551928324,MODIS/061/MCD43A3,2016_12_03
2016-12-04,0.36234450797826523,1.8298446014810494,MODIS/061/MCD43A3,2016_12_04
2016-12-05,0.36638986934173795,1.685821193807606,MODIS/061/MCD43A3,2016_12_05
2016-12-06,0.3601436230176832,1.512607412534772,MODIS/061/MCD43A3,2016_12_06
2016-12-07,0.38312463931699503,1.1076903651381276,MODIS/061/MCD43A3,2016_12_07
2016-12-08,0.382434545494732,1.1613751330575717,MODIS/061/MCD43A3,2016_12_08
2016-12-09,0.34800000000000003,0.009519713458175856,MODIS/061/MCD43A3,2016_12_09
2016-12-10,,0.0,MODIS/061/MCD43A3,2016_12_10
2016-12-11,,0.0,MODIS/061/MCD43A3,2016_12_11
2016-12-12,0.2909694427874646,0.09399519893563574,MODIS/061/MCD43A3,2016_12_12
2016-12-13,0.29075384656441927,0.08492416453675179,MODIS/061/MCD43A3,2016_12_13
2016-12-14,0.2945736498517406,0.08492420433971556,MODIS/061/MCD43A3,2016_12_14
2016-12-15,0.28462606435427595,0.06588622280561515,MODIS/061/MCD43A3,2016_12_15
2016-12-16,0.283410890474475,0.07540520852303562,MODIS/061/MCD43A3,2016_12_16
2016-12-17,0.2906733274959275,0.07540534813044583,MODIS/061/MCD43A3,2016_12_17
2016-12-18,0.34621288684606205,0.9133796415204068,MODIS/061/MCD43A3,2016_12_18
2016-12-19,0.36032299108118315,0.7706630862278943,MODIS/061/MCD43A3,2016_12_19
2016-12-20,0.34952797830967797,0.6324281677189422,MODIS/061/MCD43A3,2016_12_20
2016-12-21,0.373436646518574,4.004129506153629,MODIS/061/MCD43A3,2016_12_21
2016-12-22,0.37639885474491086,3.0089501183728538,MODIS/061/MCD43A3,2016_12_22
2016-12-23,0.3634113262095408,3.234166087593694,MODIS/061/MCD43A3,2016_12_23
2016-12-24,0.374351047115338,2.91632944034982,MODIS/061/MCD43A3,2016_12_24
2016-12-25,0.37623054670657,5.0178810558109275,MODIS/061/MCD43A3,2016_12_25
2016-12-26,0.3748770679226793,5.094739212093121,MODIS/061/MCD43A3,2016_12_26
2016-12-27,0.3766932117461747,5.278343002357273,MODIS/061/MCD43A3,2016_12_27
2016-12-28,0.3790385989997159,5.320377257754317,MODIS/061/MCD43A3,2016_12_28
2016-12-29,0.3692323415877707,4.235320583660554,MODIS/061/MCD43A3,2016_12_29
2016-12-30,0.37957171803671347,5.319612476710313,MODIS/061/MCD43A3,2016_12_30
2016-12-31,0.3800009516443444,6.599156140233294,MODIS/061/MCD43A3,2016_12_31
2017-01-01,0.38834568145623233,7.156664626336716,MODIS/061/MCD43A3,2017_01_01
2017-01-02,0.4080268972141365,7.067966807391866,MODIS/061/MCD43A3,2017_01_02
2017-01-03,0.4105635765378713,7.736284148949943,MODIS/061/MCD43A3,2017_01_03
2017-01-04,0.41329230022719704,7.563353918284453,MODIS/061/MCD43A3,2017_01_04
2017-01-05,0.418684096659167,7.188547980685809,MODIS/061/MCD43A3,2017_01_05
2017-01-06,0.42719144071636045,7.512165545163424,MODIS/061/MCD43A3,2017_01_06
2017-01-07,0.41361105386894786,8.494971423711378,MODIS/061/MCD43A3,2017_01_07
2017-01-08,0.4179653004220207,8.36797381133,MODIS/061/MCD43A3,2017_01_08
2017-01-09,0.42864035382954124,8.611637185009226,MODIS/061/MCD43A3,2017_01_09
2017-01-10,0.4359325686436783,8.865900763470677,MODIS/061/MCD43A3,2017_01_10
2017-01-11,0.4338691362553957,9.20232431760061,MODIS/061/MCD43A3,2017_01_11
2017-01-12,0.44161755230497324,9.066034896328695,MODIS/061/MCD43A3,2017_01_12
2017-01-13,0.43713055883271607,9.157498040329926,MODIS/061/MCD43A3,2017_01_13
2017-01-14,0.4300263363668956,9.887006068169526,MODIS/061/MCD43A3,2017_01_14
2017-01-15,0.4343217830439338,8.729538480574082,MODIS/061/MCD43A3,2017_01_15
2017-01-16,0.44175620272575783,8.755402634849549,MODIS/061/MCD43A3,2017_01_16
2017-01-17,0.4344256702268667,8.69262695672362,MODIS/061/MCD43A3,2017_01_17
2017-01-18,0.43288917843887653,7.68372650700479,MODIS/061/MCD43A3,2017_01_18
2017-01-19,0.43063475364275644,8.013323701059905,MODIS/061/MCD43A3,2017_01_19
2017-01-20,0.43540818182322255,7.778243698604545,MODIS/061/MCD43A3,2017_01_20
2017-01-21,0.43498731543387237,7.9089005496242955,MODIS/061/MCD43A3,2017_01_21
2017-01-22,0.42273846878266985,6.078668928865253,MODIS/061/MCD43A3,2017_01_22
2017-01-23,0.4345410012344111,5.05781629625008,MODIS/061/MCD43A3,2017_01_23
2017-01-24,0.4335573568505526,4.636608923672504,MODIS/061/MCD43A3,2017_01_24
2017-01-25,0.4327194580414135,4.813591107000487,MODIS/061/MCD43A3,2017_01_25
2017-01-26,0.5221146433845049,1.8018344506500004,MODIS/061/MCD43A3,2017_01_26
2017-01-27,0.6639577323442306,0.21894830575108432,MODIS/061/MCD43A3,2017_01_27
2017-01-28,0.5297946439106281,0.22846148555516568,MODIS/061/MCD43A3,2017_01_28
2017-01-29,0.5285798445224529,0.24750121992258858,MODIS/061/MCD43A3,2017_01_29
2017-01-30,0.5419303946849523,2.716691020217124,MODIS/061/MCD43A3,2017_01_30
2017-01-31,0.48785161604932115,4.106265930278664,MODIS/061/MCD43A3,2017_01_31
2017-02-01,0.49555431509198516,4.047472552207339,MODIS/061/MCD43A3,2017_02_01
2017-02-02,0.4958823230002251,4.158160516666706,MODIS/061/MCD43A3,2017_02_02
2017-02-03,0.5123683865970378,2.981135894222922,MODIS/061/MCD43A3,2017_02_03
2017-02-04,0.5408886764341838,0.5901993496881562,MODIS/061/MCD43A3,2017_02_04
2017-02-05,0.5581197223979536,0.3998145217564915,MODIS/061/MCD43A3,2017_02_05
2017-02-06,0.5669417683751652,0.32366127185654125,MODIS/061/MCD43A3,2017_02_06
2017-02-07,0.5555160107999585,0.3141405414976852,MODIS/061/MCD43A3,2017_02_07
2017-02-08,0.5546290676941793,0.33317993606044005,MODIS/061/MCD43A3,2017_02_08
2017-02-09,0.5532654294646806,0.3236606336289097,MODIS/061/MCD43A3,2017_02_09
2017-02-10,0.5646180717817286,0.3236610322466687,MODIS/061/MCD43A3,2017_02_10
2017-02-11,0.5660861603842461,0.33318065166509225,MODIS/061/MCD43A3,2017_02_11
2017-02-12,0.5742636263771803,0.580679981389242,MODIS/061/MCD43A3,2017_02_12
2017-02-13,0.602765859310651,1.1328006239244548,MODIS/061/MCD43A3,2017_02_13
2017-02-14,0.5873508764276248,4.29752737603403,MODIS/061/MCD43A3,2017_02_14
2017-02-15,0.5921825889789674,6.200877554067183,MODIS/061/MCD43A3,2017_02_15
2017-02-16,0.6017842049929717,8.219661414883198,MODIS/061/MCD43A3,2017_02_16
2017-02-17,0.599592199134559,8.648152392453037,MODIS/061/MCD43A3,2017_02_17
2017-02-18,0.5970972100622498,8.321430553097006,MODIS/061/MCD43A3,2017_02_18
2017-02-19,0.5925413302244243,8.126296561191516,MODIS/061/MCD43A3,2017_02_19
2017-02-20,0.5972734383108418,10.267964491170032,MODIS/061/MCD43A3,2017_02_20
2017-02-21,0.5941193837158024,11.513229190492575,MODIS/061/MCD43A3,2017_02_21
2017-02-22,0.591477458795697,11.62242753298024,MODIS/061/MCD43A3,2017_02_22
2017-02-23,0.593940304361378,11.728199179732579,MODIS/061/MCD43A3,2017_02_23
2017-02-24,0.5965243067700364,12.62892299933485,MODIS/061/MCD43A3,2017_02_24
2017-02-25,0.597986637127835,14.364115455849703,MODIS/061/MCD43A3,2017_02_25
2017-02-26,0.598138468078171,15.95718668981034,MODIS/061/MCD43A3,2017_02_26
2017-02-27,0.6014124942334493,17.051790856794526,MODIS/061/MCD43A3,2017_02_27
2017-02-28,0.5980020248076598,18.626534408047636,MODIS/061/MCD43A3,2017_02_28
2017-03-01,0.5977252821025564,20.666987675640485,MODIS/061/MCD43A3,2017_03_01
2017-03-02,0.5927734021463199,20.538924688449455,MODIS/061/MCD43A3,2017_03_02
2017-03-03,0.5978587298850977,21.496151950821552,MODIS/061/MCD43A3,2017_03_03
2017-03-04,0.6042098961676815,23.871586128204036,MODIS/061/MCD43A3,2017_03_04
2017-03-05,0.6041383475894357,25.870834009009286,MODIS/061/MCD43A3,2017_03_05
2017-03-06,0.6080600820455582,26.322834686777064,MODIS/061/MCD43A3,2017_03_06
2017-03-07,0.606686009596867,28.564525212356635,MODIS/061/MCD43A3,2017_03_07
2017-03-08,0.60553269545141,29.40661696744846,MODIS/061/MCD43A3,2017_03_08
2017-03-09,0.6075212740748759,28.636468653461062,MODIS/061/MCD43A3,2017_03_09
2017-03-10,0.6070710169276725,30.200332821041474,MODIS/061/MCD43A3,2017_03_10
2017-03-11,0.6045070380636867,30.424640628823845,MODIS/061/MCD43A3,2017_03_11
2017-03-12,0.6034862034291368,30.526459744015547,MODIS/061/MCD43A3,2017_03_12
2017-03-13,0.6023392517171081,28.548287046641622,MODIS/061/MCD43A3,2017_03_13
2017-03-14,0.5990808419583815,25.541076656778408,MODIS/061/MCD43A3,2017_03_14
2017-03-15,0.5913627434602149,23.876353427705762,MODIS/061/MCD43A3,2017_03_15
2017-03-16,0.585636631016686,23.276490326974397,MODIS/061/MCD43A3,2017_03_16
2017-03-17,0.5796692738668886,19.566206671936044,MODIS/061/MCD43A3,2017_03_17
2017-03-18,0.5804832378392063,19.67952314673694,MODIS/061/MCD43A3,2017_03_18
2017-03-19,0.5793455940138922,19.12196168612373,MODIS/061/MCD43A3,2017_03_19
2017-03-20,0.5767913165565693,7.910949748290273,MODIS/061/MCD43A3,2017_03_20
2017-03-21,0.5700535440973085,7.405961342825537,MODIS/061/MCD43A3,2017_03_21
2017-03-22,0.5442679662387527,3.983733977145611,MODIS/061/MCD43A3,2017_03_22
2017-03-23,0.5494886618177118,3.244138883709715,MODIS/061/MCD43A3,2017_03_23
2017-03-24,0.5908558418452572,11.459976979522256,MODIS/061/MCD43A3,2017_03_24
2017-03-25,0.5894055417015528,11.189124571543973,MODIS/061/MCD43A3,2017_03_25
2017-03-26,0.5606956504990667,2.827742625721621,MODIS/061/MCD43A3,2017_03_26
2017-03-27,0.5589425230625733,2.8277419663092327,MODIS/061/MCD43A3,2017_03_27
2017-03-28,0.594572538026395,8.207494539613975,MODIS/061/MCD43A3,2017_03_28
2017-03-29,0.5933110527473476,8.60957482466458,MODIS/061/MCD43A3,2017_03_29
2017-03-30,0.5880210306717343,11.760153933536156,MODIS/061/MCD43A3,2017_03_30
2017-03-31,0.6098924325732501,15.215205406118832,MODIS/061/MCD43A3,2017_03_31
2017-04-01,0.6109459046281038,16.489550087496852,MODIS/061/MCD43A3,2017_04_01
2017-04-02,0.6065874828632934,17.57473301706827,MODIS/061/MCD43A3,2017_04_02
2017-04-03,0.59801664210083,17.307328806766474,MODIS/061/MCD43A3,2017_04_03
2017-04-04,0.5953042705485853,16.5677439747262,MODIS/061/MCD43A3,2017_04_04
2017-04-05,0.5948555828892432,16.55923372759082,MODIS/061/MCD43A3,2017_04_05
2017-04-06,0.6014990859921635,15.31791934117239,MODIS/061/MCD43A3,2017_04_06
2017-04-07,0.6085054017841048,19.351887265709674,MODIS/061/MCD43A3,2017_04_07
2017-04-08,0.6075196256682662,20.054059119890372,MODIS/061/MCD43A3,2017_04_08
2017-04-09,0.6085558286046834,16.321257177141266,MODIS/061/MCD43A3,2017_04_09
2017-04-10,0.608501203687053,16.7797996997341,MODIS/061/MCD43A3,2017_04_10
2017-04-11,0.6084451217106598,15.890924632341722,MODIS/061/MCD43A3,2017_04_11
2017-04-12,0.5917005728752188,14.66142161213456,MODIS/061/MCD43A3,2017_04_12
2017-04-13,0.6029361765467885,16.259216248850866,MODIS/061/MCD43A3,2017_04_13
2017-04-14,0.6001124700517239,15.628601603483212,MODIS/061/MCD43A3,2017_04_14
2017-04-15,0.6307634939837521,20.445425893983934,MODIS/061/MCD43A3,2017_04_15
2017-04-16,0.6064711757005752,17.725235326806555,MODIS/061/MCD43A3,2017_04_16
2017-04-17,0.6114956622308213,16.418574075041132,MODIS/061/MCD43A3,2017_04_17
2017-04-18,0.5826596568480664,12.561086300883082,MODIS/061/MCD43A3,2017_04_18
2017-04-19,0.5182419250167342,9.636821967294297,MODIS/061/MCD43A3,2017_04_19
2017-04-20,0.5157049808680081,10.177713220689075,MODIS/061/MCD43A3,2017_04_20
2017-04-21,0.5149163198587567,10.355448103162223,MODIS/061/MCD43A3,2017_04_21
2017-04-22,0.513614365043644,10.32517271110016,MODIS/061/MCD43A3,2017_04_22
2017-04-23,0.48980427206925053,18.851508371746053,MODIS/061/MCD43A3,2017_04_23
2017-04-24,0.4822135347577331,20.255398935173453,MODIS/061/MCD43A3,2017_04_24
2017-04-25,0.4888902227768648,26.158902352843192,MODIS/061/MCD43A3,2017_04_25
2017-04-26,0.4819728381180979,27.99836039029279,MODIS/061/MCD43A3,2017_04_26
2017-04-27,0.4810356049003185,28.4214794229939,MODIS/061/MCD43A3,2017_04_27
2017-04-28,0.47105606924399795,20.150304388628218,MODIS/061/MCD43A3,2017_04_28
2017-04-29,0.4643595472493925,15.380515781163593,MODIS/061/MCD43A3,2017_04_29
2017-04-30,0.43752786016596834,16.249544196845882,MODIS/061/MCD43A3,2017_04_30
2017-05-01,0.42235974223064526,16.050739417357676,MODIS/061/MCD43A3,2017_05_01
2017-05-02,0.3692821515898433,12.884705326813366,MODIS/061/MCD43A3,2017_05_02
2017-05-03,0.3647800468889259,12.591309024097018,MODIS/061/MCD43A3,2017_05_03
2017-05-04,0.3518240410892344,12.319571258506647,MODIS/061/MCD43A3,2017_05_04
2017-05-05,0.33438979595534596,13.175766147418148,MODIS/061/MCD43A3,2017_05_05
2017-05-06,0.3110938966298896,14.855809756006398,MODIS/061/MCD43A3,2017_05_06
2017-05-07,0.26527865342428014,17.690429179643026,MODIS/061/MCD43A3,2017_05_07
2017-05-08,0.26417182046476395,18.9181345320573,MODIS/061/MCD43A3,2017_05_08
2017-05-09,0.2890640605385369,22.384804083836066,MODIS/061/MCD43A3,2017_05_09
2017-05-10,0.288074143646017,23.459668069010853,MODIS/061/MCD43A3,2017_05_10
2017-05-11,0.26495693987691304,20.990759944993446,MODIS/061/MCD43A3,2017_05_11
2017-05-12,0.2421758151134475,19.737832512749037,MODIS/061/MCD43A3,2017_05_12
2017-05-13,0.21179318946372955,21.637371228454143,MODIS/061/MCD43A3,2017_05_13
2017-05-14,0.19164237124173794,21.628028579185447,MODIS/061/MCD43A3,2017_05_14
2017-05-15,0.1976338709773218,25.304723659629527,MODIS/061/MCD43A3,2017_05_15
2017-05-16,0.20544150105393272,26.067262219566025,MODIS/061/MCD43A3,2017_05_16
2017-05-17,0.20870418907263885,29.597920444606654,MODIS/061/MCD43A3,2017_05_17
2017-05-18,0.1879878781844678,27.15831060124049,MODIS/061/MCD43A3,2017_05_18
2017-05-19,0.19092770256894226,29.054658535286386,MODIS/061/MCD43A3,2017_05_19
2017-05-20,0.18741886358686946,28.877423031604085,MODIS/061/MCD43A3,2017_05_20
2017-05-21,0.18318933166121712,27.333911449500754,MODIS/061/MCD43A3,2017_05_21
2017-05-22,0.18721464035376534,29.011458442126994,MODIS/061/MCD43A3,2017_05_22
2017-05-23,0.17841265311369522,23.6545543295785,MODIS/061/MCD43A3,2017_05_23
2017-05-24,0.18430426092846242,27.859160193450904,MODIS/061/MCD43A3,2017_05_24
2017-05-25,0.18609834138624431,37.36342346000212,MODIS/061/MCD43A3,2017_05_25
2017-05-26,0.18810494563834557,40.93959944901783,MODIS/061/MCD43A3,2017_05_26
2017-05-27,0.18731066774457733,40.81472900650383,MODIS/061/MCD43A3,2017_05_27
2017-05-28,0.18931744480089233,40.134564359448945,MODIS/061/MCD43A3,2017_05_28
2017-05-29,0.1935141015609068,43.17173002438976,MODIS/061/MCD43A3,2017_05_29
2017-05-30,0.191766967049927,40.07232396522217,MODIS/061/MCD43A3,2017_05_30
2017-05-31,0.19199209190076422,44.01684234911656,MODIS/061/MCD43A3,2017_05_31
2017-06-01,0.1916177259991585,49.750974638715036,MODIS/061/MCD43A3,2017_06_01
2017-06-02,0.19481424260722657,53.061275920738346,MODIS/061/MCD43A3,2017_06_02
2017-06-03,0.1918744024124998,51.35650300395943,MODIS/061/MCD43A3,2017_06_03
2017-06-04,0.19115612136749982,50.89146895104631,MODIS/061/MCD43A3,2017_06_04
2017-06-05,0.19033011133277128,53.02239877647145,MODIS/061/MCD43A3,2017_06_05
2017-06-06,0.1905174944841266,53.387406212931126,MODIS/061/MCD43A3,2017_06_06
2017-06-07,0.18835773959975663,55.1719257942306,MODIS/061/MCD43A3,2017_06_07
2017-06-08,0.18652533754177889,55.54776001516028,MODIS/061/MCD43A3,2017_06_08
2017-06-09,0.1873010092566432,59.066750594502665,MODIS/061/MCD43A3,2017_06_09
2017-06-10,0.17833411527043588,56.16088914129557,MODIS/061/MCD43A3,2017_06_10
2017-06-11,0.17757314104641336,55.631867519033534,MODIS/061/MCD43A3,2017_06_11
2017-06-12,0.18259177840696125,60.439697673024504,MODIS/061/MCD43A3,2017_06_12
2017-06-13,0.18484001335480985,63.076095119957124,MODIS/061/MCD43A3,2017_06_13
2017-06-14,0.1868235635396328,65.39639356264314,MODIS/061/MCD43A3,2017_06_14
2017-06-15,0.18877033000454005,69.70738876902227,MODIS/061/MCD43A3,2017_06_15
2017-06-16,0.18815281770567402,69.71985285053591,MODIS/061/MCD43A3,2017_06_16
2017-06-17,0.18451103733010457,62.79915486812642,MODIS/061/MCD43A3,2017_06_17
2017-06-18,0.1827390562967342,59.53767133247199,MODIS/061/MCD43A3,2017_06_18
2017-06-19,0.18604735678161552,68.26069339959236,MODIS/061/MCD43A3,2017_06_19
2017-06-20,0.1848488393616847,67.81232740610264,MODIS/061/MCD43A3,2017_06_20
2017-06-21,0.1837786045727894,68.71864711520948,MODIS/061/MCD43A3,2017_06_21
2017-06-22,0.1832843800024861,72.8025321463747,MODIS/061/MCD43A3,2017_06_22
2017-06-23,0.18290628890414123,76.93113018938996,MODIS/061/MCD43A3,2017_06_23
2017-06-24,0.1829345284384296,77.04400238465045,MODIS/061/MCD43A3,2017_06_24
2017-06-25,0.1818853162725743,77.8251329387199,MODIS/061/MCD43A3,2017_06_25
2017-06-26,0.17826366170158872,78.52198887221618,MODIS/061/MCD43A3,2017_06_26
2017-06-27,0.1783916559786468,80.66340303381939,MODIS/061/MCD43A3,2017_06_27
2017-06-28,0.17397684290483928,78.92171320291776,MODIS/061/MCD43A3,2017_06_28
2017-06-29,0.17417472581375665,81.4320072554881,MODIS/061/MCD43A3,2017_06_29
2017-06-30,0.1727136338426254,82.7213742468464,MODIS/061/MCD43A3,2017_06_30
2017-07-01,0.1701490471292187,82.610801932075,MODIS/061/MCD43A3,2017_07_01
2017-07-02,0.17013558957672908,83.9023078776943,MODIS/061/MCD43A3,2017_07_02
2017-07-03,0.17139045523183727,86.0292503714981,MODIS/061/MCD43A3,2017_07_03
2017-07-04,0.1716920120645582,86.71642945542129,MODIS/061/MCD43A3,2017_07_04
2017-07-05,0.1667205193853526,81.26614065716659,MODIS/061/MCD43A3,2017_07_05
2017-07-06,0.1666548203952874,81.47572092395924,MODIS/061/MCD43A3,2017_07_06
2017-07-07,0.16595575318603598,81.60578383383401,MODIS/061/MCD43A3,2017_07_07
2017-07-08,0.1630772367116268,81.51571208053292,MODIS/061/MCD43A3,2017_07_08
2017-07-09,0.16124678920950763,79.80101154716044,MODIS/061/MCD43A3,2017_07_09
2017-07-10,0.1630239794245656,82.83114477803196,MODIS/061/MCD43A3,2017_07_10
2017-07-11,0.16252214862789124,84.61181301200067,MODIS/061/MCD43A3,2017_07_11
2017-07-12,0.1602645372830979,87.22851598722717,MODIS/061/MCD43A3,2017_07_12
2017-07-13,0.15936029658741202,88.30875363879248,MODIS/061/MCD43A3,2017_07_13
2017-07-14,0.15833166637764715,90.61808203291932,MODIS/061/MCD43A3,2017_07_14
2017-07-15,0.15804610297607846,91.5753638467531,MODIS/061/MCD43A3,2017_07_15
2017-07-16,0.15754030492436832,91.01404058018558,MODIS/061/MCD43A3,2017_07_16
2017-07-17,0.15747535586336062,91.77381704297368,MODIS/061/MCD43A3,2017_07_17
2017-07-18,0.15683909071381774,92.48410362052252,MODIS/061/MCD43A3,2017_07_18
2017-07-19,0.1562790150939983,92.26826233387547,MODIS/061/MCD43A3,2017_07_19
2017-07-20,0.15589264119379959,92.53626873204558,MODIS/061/MCD43A3,2017_07_20
2017-07-21,0.15631128085515453,92.96684862450535,MODIS/061/MCD43A3,2017_07_21
2017-07-22,0.15635900261540642,93.3763446740339,MODIS/061/MCD43A3,2017_07_22
2017-07-23,0.15607655165976875,92.03099655627443,MODIS/061/MCD43A3,2017_07_23
2017-07-24,0.15497682793226175,93.71035502442788,MODIS/061/MCD43A3,2017_07_24
2017-07-25,0.15502028508359006,93.48171296314389,MODIS/061/MCD43A3,2017_07_25
2017-07-26,0.15371778923595308,92.95378341762417,MODIS/061/MCD43A3,2017_07_26
2017-07-27,0.15322383199857809,90.75997672099523,MODIS/061/MCD43A3,2017_07_27
2017-07-28,0.15066671911340604,87.35929066194848,MODIS/061/MCD43A3,2017_07_28
2017-07-29,0.15054904707215075,87.2933923622708,MODIS/061/MCD43A3,2017_07_29
2017-07-30,0.14959445794655243,87.60273148588999,MODIS/061/MCD43A3,2017_07_30
2017-07-31,0.14927710752651785,88.12871160477249,MODIS/061/MCD43A3,2017_07_31
2017-08-01,0.1491486212363557,88.98874478310721,MODIS/061/MCD43A3,2017_08_01
2017-08-02,0.1489359981469725,89.44860582320975,MODIS/061/MCD43A3,2017_08_02
2017-08-03,0.1492855853666835,88.42813426335042,MODIS/061/MCD43A3,2017_08_03
2017-08-04,0.14859632156700842,86.57808735109542,MODIS/061/MCD43A3,2017_08_04
2017-08-05,0.14849204645366912,87.0122279337749,MODIS/061/MCD43A3,2017_08_05
2017-08-06,0.14858675043107528,91.62950914265166,MODIS/061/MCD43A3,2017_08_06
2017-08-07,0.14847711111022807,92.04517228048593,MODIS/061/MCD43A3,2017_08_07
2017-08-08,0.14825725165309298,91.80889082368246,MODIS/061/MCD43A3,2017_08_08
2017-08-09,0.14844454179187572,91.04633502087265,MODIS/061/MCD43A3,2017_08_09
2017-08-10,0.14837323084843798,89.18557968724566,MODIS/061/MCD43A3,2017_08_10
2017-08-11,0.14891196838232698,92.66291348261795,MODIS/061/MCD43A3,2017_08_11
2017-08-12,0.14928671749002756,92.91338030622225,MODIS/061/MCD43A3,2017_08_12
2017-08-13,0.14963594430119415,93.05423628559085,MODIS/061/MCD43A3,2017_08_13
2017-08-14,0.14967256396708042,92.94892211916493,MODIS/061/MCD43A3,2017_08_14
2017-08-15,0.14952701227425877,91.40943510216758,MODIS/061/MCD43A3,2017_08_15
2017-08-16,0.14977819256388522,92.29363174136398,MODIS/061/MCD43A3,2017_08_16
2017-08-17,0.1502255006598563,89.88621246480027,MODIS/061/MCD43A3,2017_08_17
2017-08-18,0.15037207070581163,93.61983840342224,MODIS/061/MCD43A3,2017_08_18
2017-08-19,0.1505639530302426,93.70428235750431,MODIS/061/MCD43A3,2017_08_19
2017-08-20,0.15143194017542227,94.91002609478194,MODIS/061/MCD43A3,2017_08_20
2017-08-21,0.15196149178774215,95.25741096850501,MODIS/061/MCD43A3,2017_08_21
2017-08-22,0.15216597153157627,95.76645114240752,MODIS/061/MCD43A3,2017_08_22
2017-08-23,0.15211979375362772,95.98939591586752,MODIS/061/MCD43A3,2017_08_23
2017-08-24,0.15218123626028138,96.54774449332791,MODIS/061/MCD43A3,2017_08_24
2017-08-25,0.15215672666889152,96.8357649759693,MODIS/061/MCD43A3,2017_08_25
2017-08-26,0.1522717947075261,96.51449186849956,MODIS/061/MCD43A3,2017_08_26
2017-08-27,0.15274586786156405,96.40382277484598,MODIS/061/MCD43A3,2017_08_27
2017-08-28,0.15287165410259979,96.36555745944091,MODIS/061/MCD43A3,2017_08_28
2017-08-29,0.1532085892474317,96.45952420360722,MODIS/061/MCD43A3,2017_08_29
2017-08-30,0.1531428763747281,96.15003499746749,MODIS/061/MCD43A3,2017_08_30
2017-08-31,0.1528400011487169,96.90076155393783,MODIS/061/MCD43A3,2017_08_31
2017-09-01,0.1523683748223838,96.81873965125175,MODIS/061/MCD43A3,2017_09_01
2017-09-02,0.15253920017126854,95.68619897250389,MODIS/061/MCD43A3,2017_09_02
2017-09-03,0.15289880432171027,96.49629529898087,MODIS/061/MCD43A3,2017_09_03
2017-09-04,0.1531929399398464,95.38579678855095,MODIS/061/MCD43A3,2017_09_04
2017-09-05,0.1534689785434428,95.75938222446837,MODIS/061/MCD43A3,2017_09_05
2017-09-06,0.15359656566598037,95.08793637077207,MODIS/061/MCD43A3,2017_09_06
2017-09-07,0.1532397820514591,96.2045754031979,MODIS/061/MCD43A3,2017_09_07
2017-09-08,0.1532706717183501,96.2240634256215,MODIS/061/MCD43A3,2017_09_08
2017-09-09,0.15331375752320592,95.30173742208494,MODIS/061/MCD43A3,2017_09_09
2017-09-10,0.15384223740998898,95.92267566406201,MODIS/061/MCD43A3,2017_09_10
2017-09-11,0.15401257277950983,94.9474900886418,MODIS/061/MCD43A3,2017_09_11
2017-09-12,0.1544010511637067,95.65342950648719,MODIS/061/MCD43A3,2017_09_12
2017-09-13,0.15451633594099284,96.07674724368447,MODIS/061/MCD43A3,2017_09_13
2017-09-14,0.15469858655654647,96.1189325221104,MODIS/061/MCD43A3,2017_09_14
2017-09-15,0.15492112532770203,96.17355057009327,MODIS/061/MCD43A3,2017_09_15
2017-09-16,0.15491560808578209,95.12016125572248,MODIS/061/MCD43A3,2017_09_16
2017-09-17,0.15514551680196728,95.07969372593178,MODIS/061/MCD43A3,2017_09_17
2017-09-18,0.15509317657711233,94.91565601800777,MODIS/061/MCD43A3,2017_09_18
2017-09-19,0.15470134084429793,94.95478019740999,MODIS/061/MCD43A3,2017_09_19
2017-09-20,0.15462143681805435,94.55076441485073,MODIS/061/MCD43A3,2017_09_20
2017-09-21,0.15466144675087182,93.81740573297039,MODIS/061/MCD43A3,2017_09_21
2017-09-22,0.15462963271121946,91.68451609508713,MODIS/061/MCD43A3,2017_09_22
2017-09-23,0.15465206149762237,89.15241608383526,MODIS/061/MCD43A3,2017_09_23
2017-09-24,0.15486454041089118,87.41649332871772,MODIS/061/MCD43A3,2017_09_24
2017-09-25,0.15591446673466247,82.44239422508846,MODIS/061/MCD43A3,2017_09_25
2017-09-26,0.15638008522068828,79.60080796570365,MODIS/061/MCD43A3,2017_09_26
2017-09-27,0.1560597028904269,77.83267360344526,MODIS/061/MCD43A3,2017_09_27
2017-09-28,0.1539269532843341,65.78215201762659,MODIS/061/MCD43A3,2017_09_28
2017-09-29,0.15832493785473997,15.052413026317941,MODIS/061/MCD43A3,2017_09_29
2017-09-30,0.15925246909124974,10.808922873134991,MODIS/061/MCD43A3,2017_09_30
2017-10-01,0.16734875184136083,11.383140876872632,MODIS/061/MCD43A3,2017_10_01
2017-10-02,0.1715705541948806,11.943892749135617,MODIS/061/MCD43A3,2017_10_02
2017-10-03,0.17980333968446832,11.807205461160523,MODIS/061/MCD43A3,2017_10_03
2017-10-04,0.19290770784086633,12.870667276963793,MODIS/061/MCD43A3,2017_10_04
2017-10-05,0.19268856634858283,14.32035298545237,MODIS/061/MCD43A3,2017_10_05
2017-10-06,0.18984828788657895,20.46493858779612,MODIS/061/MCD43A3,2017_10_06
2017-10-07,0.1880845915915993,20.61582811784011,MODIS/061/MCD43A3,2017_10_07
2017-10-08,0.18375031207145856,23.26231977697543,MODIS/061/MCD43A3,2017_10_08
2017-10-09,0.1955227235376847,24.655570058203743,MODIS/061/MCD43A3,2017_10_09
2017-10-10,0.1954555693660366,26.858015838568555,MODIS/061/MCD43A3,2017_10_10
2017-10-11,0.1967255256255471,26.89019859993879,MODIS/061/MCD43A3,2017_10_11
2017-10-12,0.1932595321411815,26.367527488300183,MODIS/061/MCD43A3,2017_10_12
2017-10-13,0.20134106491283138,27.332365279861797,MODIS/061/MCD43A3,2017_10_13
2017-10-14,0.2016177508223139,27.594873529301328,MODIS/061/MCD43A3,2017_10_14
2017-10-15,0.204854957296677,28.49483121392494,MODIS/061/MCD43A3,2017_10_15
2017-10-16,0.2120041649261647,29.77372236529308,MODIS/061/MCD43A3,2017_10_16
2017-10-17,0.213097638614492,27.250338560662733,MODIS/061/MCD43A3,2017_10_17
2017-10-18,0.21370359843393755,22.818438919562197,MODIS/061/MCD43A3,2017_10_18
2017-10-19,0.22881107245541918,14.859846398390632,MODIS/061/MCD43A3,2017_10_19
2017-10-20,0.25542579241920643,8.08310783010245,MODIS/061/MCD43A3,2017_10_20
2017-10-21,0.2524770449503849,3.4703405442697237,MODIS/061/MCD43A3,2017_10_21
2017-10-22,0.2505618637083323,1.691952917567319,MODIS/061/MCD43A3,2017_10_22
2017-10-23,0.2690439431890181,1.5015715419797961,MODIS/061/MCD43A3,2017_10_23
2017-10-24,0.4271606776216567,0.655717628830018,MODIS/061/MCD43A3,2017_10_24
2017-10-25,0.33173693812395455,0.8202275300886022,MODIS/061/MCD43A3,2017_10_25
2017-10-26,0.4178701990635615,0.7339678389490402,MODIS/061/MCD43A3,2017_10_26
2017-10-27,0.41609570122804584,0.7815650378145536,MODIS/061/MCD43A3,2017_10_27
2017-10-28,0.41009917238503973,0.7531553090407508,MODIS/061/MCD43A3,2017_10_28
2017-10-29,0.27698515302678745,0.32936546580384013,MODIS/061/MCD43A3,2017_10_29
2017-10-30,0.2787493923556143,0.31984606678361116,MODIS/061/MCD43A3,2017_10_30
2017-10-31,0.26054792834289325,0.21498324551638667,MODIS/061/MCD43A3,2017_10_31
2017-11-01,0.1475624957107753,0.8916934044477235,MODIS/061/MCD43A3,2017_11_01
2017-11-02,0.15194449531468296,0.6977303235463106,MODIS/061/MCD43A3,2017_11_02
2017-11-03,0.1480879216808744,1.9842008864429965,MODIS/061/MCD43A3,2017_11_03
2017-11-04,0.1430396656508827,2.9522033626887003,MODIS/061/MCD43A3,2017_11_04
2017-11-05,0.15600959816194748,6.514289785310781,MODIS/061/MCD43A3,2017_11_05
2017-11-06,0.15548522941396514,6.633556461003747,MODIS/061/MCD43A3,2017_11_06
2017-11-07,0.15698872259781174,6.480470190364891,MODIS/061/MCD43A3,2017_11_07
2017-11-08,0.15440160200471875,6.297996310041166,MODIS/061/MCD43A3,2017_11_08
2017-11-09,0.15530856609889768,10.929833760840088,MODIS/061/MCD43A3,2017_11_09
2017-11-10,0.15608676754398645,13.482834824481046,MODIS/061/MCD43A3,2017_11_10
2017-11-11,0.1569430302897532,12.553326256784244,MODIS/061/MCD43A3,2017_11_11
2017-11-12,0.1591752504952242,13.016559093034743,MODIS/061/MCD43A3,2017_11_12
2017-11-13,0.1593086209829965,14.427051476370275,MODIS/061/MCD43A3,2017_11_13
2017-11-14,0.16176780329136756,15.835837633571169,MODIS/061/MCD43A3,2017_11_14
2017-11-15,0.16422934408555742,17.383833649616513,MODIS/061/MCD43A3,2017_11_15
2017-11-16,0.16515144021732722,16.226225971696874,MODIS/061/MCD43A3,2017_11_16
2017-11-17,0.1621420163736222,14.663105087831521,MODIS/061/MCD43A3,2017_11_17
2017-11-18,0.16315221892015946,14.93244732964733,MODIS/061/MCD43A3,2017_11_18
2017-11-19,0.16020673522056111,13.071347429653171,MODIS/061/MCD43A3,2017_11_19
2017-11-20,0.16085437209741776,10.359925115239852,MODIS/061/MCD43A3,2017_11_20
2017-11-21,0.16436173637965412,8.49049775165818,MODIS/061/MCD43A3,2017_11_21
2017-11-22,0.1593707379921911,8.134545335829955,MODIS/061/MCD43A3,2017_11_22
2017-11-23,0.1595935773809176,8.143880806836389,MODIS/061/MCD43A3,2017_11_23
2017-11-24,0.15866763545251963,7.7456735865135755,MODIS/061/MCD43A3,2017_11_24
2017-11-25,0.15876012366917425,6.253469066194672,MODIS/061/MCD43A3,2017_11_25
2017-11-26,0.2180544702084119,2.3126240127394353,MODIS/061/MCD43A3,2017_11_26
2017-11-27,0.3193512235706716,1.1658795003215394,MODIS/061/MCD43A3,2017_11_27
2017-11-28,0.3128642585200755,0.9802233539290507,MODIS/061/MCD43A3,2017_11_28
2017-11-29,0.3563919339348193,0.9516628137566304,MODIS/061/MCD43A3,2017_11_29
2017-11-30,0.35891877983542664,1.1445492767914114,MODIS/061/MCD43A3,2017_11_30
2017-12-01,0.3614691658771169,1.2215633905421799,MODIS/061/MCD43A3,2017_12_01
2017-12-02,0.36988491201322315,1.4405025904786624,MODIS/061/MCD43A3,2017_12_02
2017-12-03,0.36703376138627714,2.363635118445459,MODIS/061/MCD43A3,2017_12_03
2017-12-04,0.35574703004419866,3.18184027634877,MODIS/061/MCD43A3,2017_12_04
2017-12-05,0.35858499567158236,3.5531490547832942,MODIS/061/MCD43A3,2017_12_05
2017-12-06,0.37211368166415926,4.039893303679763,MODIS/061/MCD43A3,2017_12_06
2017-12-07,0.3702271465130111,3.940723339066725,MODIS/061/MCD43A3,2017_12_07
2017-12-08,0.3599332519420603,5.454566333882863,MODIS/061/MCD43A3,2017_12_08
2017-12-09,0.35966096962641364,5.235446331074929,MODIS/061/MCD43A3,2017_12_09
2017-12-10,0.35876970504492245,5.262782127309255,MODIS/061/MCD43A3,2017_12_10
2017-12-11,0.3602214117394577,6.2715170978388874,MODIS/061/MCD43A3,2017_12_11
2017-12-12,0.3709430945706776,6.259967547992228,MODIS/061/MCD43A3,2017_12_12
2017-12-13,0.3723118771769805,6.085034421988856,MODIS/061/MCD43A3,2017_12_13
2017-12-14,0.38448587687117014,6.48725660175703,MODIS/061/MCD43A3,2017_12_14
2017-12-15,0.3772879078171981,6.588382902956129,MODIS/061/MCD43A3,2017_12_15
2017-12-16,0.38187837061149227,6.490432329059022,MODIS/061/MCD43A3,2017_12_16
2017-12-17,0.3849114126794268,6.779511676515664,MODIS/061/MCD43A3,2017_12_17
2017-12-18,0.3882365274231207,6.630110044287708,MODIS/061/MCD43A3,2017_12_18
2017-12-19,0.3982185013018954,5.189660144140881,MODIS/061/MCD43A3,2017_12_19
2017-12-20,0.39279786085556884,5.350971508441477,MODIS/061/MCD43A3,2017_12_20
2017-12-21,0.3844975195542936,5.097968302078923,MODIS/061/MCD43A3,2017_12_21
2017-12-22,0.38500646277907824,4.564524405900825,MODIS/061/MCD43A3,2017_12_22
2017-12-23,0.3704619845076066,4.053955320332608,MODIS/061/MCD43A3,2017_12_23
2017-12-24,0.3642250102857858,2.4611210341232668,MODIS/061/MCD43A3,2017_12_24
2017-12-25,0.3597515008625738,3.0127297729408693,MODIS/061/MCD43A3,2017_12_25
2017-12-26,0.35899540658451395,3.5272580517827334,MODIS/061/MCD43A3,2017_12_26
2017-12-27,0.3541498800583042,3.545326181113324,MODIS/061/MCD43A3,2017_12_27
2017-12-28,0.3475646365734708,3.820798659719767,MODIS/061/MCD43A3,2017_12_28
2017-12-29,0.35008686435640574,4.560984400718935,MODIS/061/MCD43A3,2017_12_29
2017-12-30,0.3556919392826391,5.7819878803960085,MODIS/061/MCD43A3,2017_12_30
2017-12-31,0.3664436280631347,5.351063155146449,MODIS/061/MCD43A3,2017_12_31
2018-01-01,0.3591327191130243,5.600107952697376,MODIS/061/MCD43A3,2018_01_01
2018-01-02,0.3669019021878122,6.013829415166746,MODIS/061/MCD43A3,2018_01_02
2018-01-03,0.37062181874667455,6.955707662433609,MODIS/061/MCD43A3,2018_01_03
2018-01-04,0.3727476273660872,7.018572231619891,MODIS/061/MCD43A3,2018_01_04
2018-01-05,0.37007570558238545,6.714050559196876,MODIS/061/MCD43A3,2018_01_05
2018-01-06,0.37652172339305123,5.570993794772739,MODIS/061/MCD43A3,2018_01_06
2018-01-07,0.3848695474799243,4.111842945407633,MODIS/061/MCD43A3,2018_01_07
2018-01-08,0.41485398041845495,2.7967548403066815,MODIS/061/MCD43A3,2018_01_08
2018-01-09,0.4040811203848121,2.5787439275429223,MODIS/061/MCD43A3,2018_01_09
2018-01-10,0.42951270720054374,1.5522547421001134,MODIS/061/MCD43A3,2018_01_10
2018-01-11,0.46088705761597004,1.0943884720198054,MODIS/061/MCD43A3,2018_01_11
2018-01-12,0.47069329261727644,1.1133555747911603,MODIS/061/MCD43A3,2018_01_12
2018-01-13,0.4135908738390455,2.1792076748017606,MODIS/061/MCD43A3,2018_01_13
2018-01-14,0.426732306362768,1.8317034157277332,MODIS/061/MCD43A3,2018_01_14
2018-01-15,0.4346012918999579,1.0675781372326383,MODIS/061/MCD43A3,2018_01_15
2018-01-16,0.41692526014108344,1.2939853695671188,MODIS/061/MCD43A3,2018_01_16
2018-01-17,0.4106715088290915,1.1797539685665075,MODIS/061/MCD43A3,2018_01_17
2018-01-18,0.4271168134530641,1.0836693884754638,MODIS/061/MCD43A3,2018_01_18
2018-01-19,0.44676834721749303,1.8432058059130232,MODIS/061/MCD43A3,2018_01_19
2018-01-20,0.4347321013861689,3.3187127904985516,MODIS/061/MCD43A3,2018_01_20
2018-01-21,0.4370989627482733,3.964171807718009,MODIS/061/MCD43A3,2018_01_21
2018-01-22,0.4382589259110571,4.2240683087116375,MODIS/061/MCD43A3,2018_01_22
2018-01-23,0.4330723311826953,5.034234507946679,MODIS/061/MCD43A3,2018_01_23
2018-01-24,0.4320906272796592,5.097990458651298,MODIS/061/MCD43A3,2018_01_24
2018-01-25,0.43180775243776837,4.994766033499059,MODIS/061/MCD43A3,2018_01_25
2018-01-26,0.4127465811800732,7.6569865736784015,MODIS/061/MCD43A3,2018_01_26
2018-01-27,0.4135606739993201,7.702160639498594,MODIS/061/MCD43A3,2018_01_27
2018-01-28,0.4065850224982219,8.711733135737761,MODIS/061/MCD43A3,2018_01_28
2018-01-29,0.4148393156722168,9.033749702908445,MODIS/061/MCD43A3,2018_01_29
2018-01-30,0.42466457986831607,9.194604018981197,MODIS/061/MCD43A3,2018_01_30
2018-01-31,0.4283255272946462,10.640598875725106,MODIS/061/MCD43A3,2018_01_31
2018-02-01,0.45967744107219594,10.613433093739614,MODIS/061/MCD43A3,2018_02_01
2018-02-02,0.4443451858371987,12.441503838869062,MODIS/061/MCD43A3,2018_02_02
2018-02-03,0.4477493798619222,12.260810452640762,MODIS/061/MCD43A3,2018_02_03
2018-02-04,0.442965017195118,12.018036890715182,MODIS/061/MCD43A3,2018_02_04
2018-02-05,0.45873173368445785,12.156379538578815,MODIS/061/MCD43A3,2018_02_05
2018-02-06,0.4627453774617843,11.269651793040037,MODIS/061/MCD43A3,2018_02_06
2018-02-07,0.46414066432446544,12.559710368983456,MODIS/061/MCD43A3,2018_02_07
2018-02-08,0.4631545641673782,10.652118276195207,MODIS/061/MCD43A3,2018_02_08
2018-02-09,0.47038087818214125,10.204928591995415,MODIS/061/MCD43A3,2018_02_09
2018-02-10,0.4980353404554283,9.234167441425573,MODIS/061/MCD43A3,2018_02_10
2018-02-11,0.5020825382498134,10.344919069538388,MODIS/061/MCD43A3,2018_02_11
2018-02-12,0.5088551009429565,10.892027250011628,MODIS/061/MCD43A3,2018_02_12
2018-02-13,0.515999104520525,11.046893831837373,MODIS/061/MCD43A3,2018_02_13
2018-02-14,0.5151894978454347,11.08261536931898,MODIS/061/MCD43A3,2018_02_14
2018-02-15,0.5162235646440443,10.792637919628769,MODIS/061/MCD43A3,2018_02_15
2018-02-16,0.5246682034672234,11.093029135972998,MODIS/061/MCD43A3,2018_02_16
2018-02-17,0.5289775936810401,10.11690659300801,MODIS/061/MCD43A3,2018_02_17
2018-02-18,0.5261702008880432,9.52468013336971,MODIS/061/MCD43A3,2018_02_18
2018-02-19,0.53792073693388,9.291809099052164,MODIS/061/MCD43A3,2018_02_19
2018-02-20,0.5414183233565757,8.909545752608075,MODIS/061/MCD43A3,2018_02_20
2018-02-21,0.5508954172800858,8.543968486467156,MODIS/061/MCD43A3,2018_02_21
2018-02-22,0.5496531982227555,8.46822673102113,MODIS/061/MCD43A3,2018_02_22
2018-02-23,0.5600946767517843,9.667592634265501,MODIS/061/MCD43A3,2018_02_23
2018-02-24,0.55839789204317,10.454291808519864,MODIS/061/MCD43A3,2018_02_24
2018-02-25,0.5489372522715353,10.586705126636994,MODIS/061/MCD43A3,2018_02_25
2018-02-26,0.5494942067215349,9.773991862266667,MODIS/061/MCD43A3,2018_02_26
2018-02-27,0.5480467895754291,7.242275597937636,MODIS/061/MCD43A3,2018_02_27
2018-02-28,0.5761584838926253,6.014016918051249,MODIS/061/MCD43A3,2018_02_28
2018-03-01,0.5819164887467416,6.935800050867943,MODIS/061/MCD43A3,2018_03_01
2018-03-02,0.5785870091355905,7.040509849560304,MODIS/061/MCD43A3,2018_03_02
2018-03-03,0.5911667642158009,3.4374289820168005,MODIS/061/MCD43A3,2018_03_03
2018-03-04,0.6447735915499172,0.7790755204006897,MODIS/061/MCD43A3,2018_03_04
2018-03-05,0.6398549658572291,0.8076331917136615,MODIS/061/MCD43A3,2018_03_05
2018-03-06,0.6404457805440222,0.8022576133929672,MODIS/061/MCD43A3,2018_03_06
2018-03-07,0.64390776245948,0.9164933161196577,MODIS/061/MCD43A3,2018_03_07
2018-03-08,0.6103025447095154,0.09519446842478725,MODIS/061/MCD43A3,2018_03_08
2018-03-09,0.6504334888177435,3.430789676397179,MODIS/061/MCD43A3,2018_03_09
2018-03-10,0.6372556676502097,9.993227120718117,MODIS/061/MCD43A3,2018_03_10
2018-03-11,0.6282672270946287,9.884494521020894,MODIS/061/MCD43A3,2018_03_11
2018-03-12,0.6356105304046927,8.455608773281867,MODIS/061/MCD43A3,2018_03_12
2018-03-13,0.6296148443637151,8.759704647927881,MODIS/061/MCD43A3,2018_03_13
2018-03-14,0.5974786818677555,7.493356076357537,MODIS/061/MCD43A3,2018_03_14
2018-03-15,0.5954957288560727,7.1587172024224595,MODIS/061/MCD43A3,2018_03_15
2018-03-16,0.6009061723712306,7.565661689310755,MODIS/061/MCD43A3,2018_03_16
2018-03-17,0.6020019211352188,6.540385782612527,MODIS/061/MCD43A3,2018_03_17
2018-03-18,0.6000958381781643,6.49984227122622,MODIS/061/MCD43A3,2018_03_18
2018-03-19,0.5985740802436454,6.478749556066095,MODIS/061/MCD43A3,2018_03_19
2018-03-20,0.5937517248147788,6.448060919110717,MODIS/061/MCD43A3,2018_03_20
2018-03-21,0.5917241920032419,6.337224905986911,MODIS/061/MCD43A3,2018_03_21
2018-03-22,0.5939014273744003,6.671642567019331,MODIS/061/MCD43A3,2018_03_22
2018-03-23,0.5927749913390514,7.398804663478482,MODIS/061/MCD43A3,2018_03_23
2018-03-24,0.5882066876633014,7.756137786073722,MODIS/061/MCD43A3,2018_03_24
2018-03-25,0.5693809950674843,9.480821890459918,MODIS/061/MCD43A3,2018_03_25
2018-03-26,0.5822052279010362,8.128213304855764,MODIS/061/MCD43A3,2018_03_26
2018-03-27,0.5743717231039975,5.712728508661798,MODIS/061/MCD43A3,2018_03_27
2018-03-28,0.5490718726013124,9.54366960272516,MODIS/061/MCD43A3,2018_03_28
2018-03-29,0.5337233555189099,8.986297566922774,MODIS/061/MCD43A3,2018_03_29
2018-03-30,0.4730511861756387,1.0840951057280321,MODIS/061/MCD43A3,2018_03_30
2018-03-31,0.46264982267362503,0.9984192610683688,MODIS/061/MCD43A3,2018_03_31
2018-04-01,0.4804591927115055,0.8389467602891602,MODIS/061/MCD43A3,2018_04_01
2018-04-02,0.47874158644696385,0.8579850307997074,MODIS/061/MCD43A3,2018_04_02
2018-04-03,0.47414576345721476,0.8008679535033368,MODIS/061/MCD43A3,2018_04_03
2018-04-04,0.4961919648845957,3.341393953063263,MODIS/061/MCD43A3,2018_04_04
2018-04-05,0.5131968416295594,7.467920689255917,MODIS/061/MCD43A3,2018_04_05
2018-04-06,0.5058554412504902,13.462698104261724,MODIS/061/MCD43A3,2018_04_06
2018-04-07,0.49469340731840766,13.50903611560013,MODIS/061/MCD43A3,2018_04_07
2018-04-08,0.4804054992717127,7.451886496747916,MODIS/061/MCD43A3,2018_04_08
2018-04-09,0.48245564710736494,6.2671455803699345,MODIS/061/MCD43A3,2018_04_09
2018-04-10,0.4820335264076688,6.308210787548066,MODIS/061/MCD43A3,2018_04_10
2018-04-11,0.4811910708819121,6.286857120708835,MODIS/061/MCD43A3,2018_04_11
2018-04-12,0.49073992918451015,6.380537421289235,MODIS/061/MCD43A3,2018_04_12
2018-04-13,0.535349259376925,7.8970976563871025,MODIS/061/MCD43A3,2018_04_13
2018-04-14,0.5457228778819021,12.18574013040984,MODIS/061/MCD43A3,2018_04_14
2018-04-15,0.5345414702602198,12.982864500844075,MODIS/061/MCD43A3,2018_04_15
2018-04-16,0.5361743200834946,13.085379488785195,MODIS/061/MCD43A3,2018_04_16
2018-04-17,0.4735340837552832,4.578697257804001,MODIS/061/MCD43A3,2018_04_17
2018-04-18,0.47501707003363114,4.740639783871712,MODIS/061/MCD43A3,2018_04_18
2018-04-19,0.4757243005747348,15.646666525587701,MODIS/061/MCD43A3,2018_04_19
2018-04-20,0.4926379620834004,19.99391137967689,MODIS/061/MCD43A3,2018_04_20
2018-04-21,0.4609713143004282,18.78541406184194,MODIS/061/MCD43A3,2018_04_21
2018-04-22,0.4182045661035167,11.22542826229615,MODIS/061/MCD43A3,2018_04_22
2018-04-23,0.4086306536829421,11.443103835561237,MODIS/061/MCD43A3,2018_04_23
2018-04-24,0.4053417121395731,11.2621530684158,MODIS/061/MCD43A3,2018_04_24
2018-04-25,0.42921710398149954,17.25794639198754,MODIS/061/MCD43A3,2018_04_25
2018-04-26,0.41798829011359345,16.70057252382944,MODIS/061/MCD43A3,2018_04_26
2018-04-27,0.40158201037645885,17.514054266716787,MODIS/061/MCD43A3,2018_04_27
2018-04-28,0.3956271023082301,18.970072146033853,MODIS/061/MCD43A3,2018_04_28
2018-04-29,0.37655536989904753,17.695984221218787,MODIS/061/MCD43A3,2018_04_29
2018-04-30,0.35253231835699206,17.910527345898235,MODIS/061/MCD43A3,2018_04_30
2018-05-01,0.2932393947453664,25.05996726573657,MODIS/061/MCD43A3,2018_05_01
2018-05-02,0.27822983010489843,27.51895077431032,MODIS/061/MCD43A3,2018_05_02
2018-05-03,0.2600256299683414,31.315634833148916,MODIS/061/MCD43A3,2018_05_03
2018-05-04,0.2519553838748001,32.33430632881683,MODIS/061/MCD43A3,2018_05_04
2018-05-05,0.198960827115319,24.520102565226132,MODIS/061/MCD43A3,2018_05_05
2018-05-06,0.1934447569737486,22.710367940614947,MODIS/061/MCD43A3,2018_05_06
2018-05-07,0.1890243335626081,21.09502360942955,MODIS/061/MCD43A3,2018_05_07
2018-05-08,0.1828011076311646,19.13461344182655,MODIS/061/MCD43A3,2018_05_08
2018-05-09,0.1859564672729932,19.298206529081604,MODIS/061/MCD43A3,2018_05_09
2018-05-10,0.18552803904759885,20.51869779908085,MODIS/061/MCD43A3,2018_05_10
2018-05-11,0.2035468745884819,19.624082908175478,MODIS/061/MCD43A3,2018_05_11
2018-05-12,0.20185397012392547,19.521083521391958,MODIS/061/MCD43A3,2018_05_12
2018-05-13,0.19127195497002605,15.96214600616687,MODIS/061/MCD43A3,2018_05_13
2018-05-14,0.163975627089373,14.65626234687828,MODIS/061/MCD43A3,2018_05_14
2018-05-15,0.15912305668658724,14.51945181155714,MODIS/061/MCD43A3,2018_05_15
2018-05-16,0.1503791890561567,8.887025037798463,MODIS/061/MCD43A3,2018_05_16
2018-05-17,0.15348915746679895,10.558756435487068,MODIS/061/MCD43A3,2018_05_17
2018-05-18,0.1554693727786298,10.73270325583535,MODIS/061/MCD43A3,2018_05_18
2018-05-19,0.15744648148027207,15.259424882902026,MODIS/061/MCD43A3,2018_05_19
2018-05-20,0.15593164710317664,16.933027308669843,MODIS/061/MCD43A3,2018_05_20
2018-05-21,0.16230151540517798,21.488174375128693,MODIS/061/MCD43A3,2018_05_21
2018-05-22,0.16232441594279393,30.542439658823344,MODIS/061/MCD43A3,2018_05_22
2018-05-23,0.16386167663796644,34.17200592824559,MODIS/061/MCD43A3,2018_05_23
2018-05-24,0.16171898074533045,34.830286032898826,MODIS/061/MCD43A3,2018_05_24
2018-05-25,0.16138693688059425,35.956095868605566,MODIS/061/MCD43A3,2018_05_25
2018-05-26,0.1592295234138068,35.53461780360023,MODIS/061/MCD43A3,2018_05_26
2018-05-27,0.15876827177231234,35.23495240859178,MODIS/061/MCD43A3,2018_05_27
2018-05-28,0.1571115582093841,34.637628319193304,MODIS/061/MCD43A3,2018_05_28
2018-05-29,0.16115077644934242,39.71599323692674,MODIS/061/MCD43A3,2018_05_29
2018-05-30,0.1633061848326758,45.049989895843964,MODIS/061/MCD43A3,2018_05_30
2018-05-31,0.16209140848185094,46.272195593152965,MODIS/061/MCD43A3,2018_05_31
2018-06-01,0.16253519548058085,46.161027316281775,MODIS/061/MCD43A3,2018_06_01
2018-06-02,0.1585763161065199,41.21022675962213,MODIS/061/MCD43A3,2018_06_02
2018-06-03,0.1536152027435467,34.51996693784316,MODIS/061/MCD43A3,2018_06_03
2018-06-04,0.1497614244157302,18.701987318964076,MODIS/061/MCD43A3,2018_06_04
2018-06-05,0.149289596998957,17.446714205149025,MODIS/061/MCD43A3,2018_06_05
2018-06-06,0.14614661623698005,16.93390232591524,MODIS/061/MCD43A3,2018_06_06
2018-06-07,0.14183977219226712,13.677257807821974,MODIS/061/MCD43A3,2018_06_07
2018-06-08,0.1406555127082466,12.145550839961738,MODIS/061/MCD43A3,2018_06_08
2018-06-09,0.14398420715748994,18.694598819043957,MODIS/061/MCD43A3,2018_06_09
2018-06-10,0.15033100758000575,22.86303702988805,MODIS/061/MCD43A3,2018_06_10
2018-06-11,0.15296713022789934,40.53164009930471,MODIS/061/MCD43A3,2018_06_11
2018-06-12,0.15456743187865368,45.433749412148636,MODIS/061/MCD43A3,2018_06_12
2018-06-13,0.154467774305312,45.448497917546014,MODIS/061/MCD43A3,2018_06_13
2018-06-14,0.1539047533940645,47.05081768967692,MODIS/061/MCD43A3,2018_06_14
2018-06-15,0.1443896510850315,40.098564425041346,MODIS/061/MCD43A3,2018_06_15
2018-06-16,0.14439164702584656,37.19971101511171,MODIS/061/MCD43A3,2018_06_16
2018-06-17,0.14416523795129912,36.89200770819088,MODIS/061/MCD43A3,2018_06_17
2018-06-18,0.14386586536926646,37.188298722447286,MODIS/061/MCD43A3,2018_06_18
2018-06-19,0.14357017043610218,37.3051339056712,MODIS/061/MCD43A3,2018_06_19
2018-06-20,0.1467710594920207,45.95606117225491,MODIS/061/MCD43A3,2018_06_20
2018-06-21,0.1486974904585205,52.65934714064265,MODIS/061/MCD43A3,2018_06_21
2018-06-22,0.15264286460177381,57.682625388217616,MODIS/061/MCD43A3,2018_06_22
2018-06-23,0.15400303095568146,60.25380422204855,MODIS/061/MCD43A3,2018_06_23
2018-06-24,0.15659883670272215,65.45082056956171,MODIS/061/MCD43A3,2018_06_24
2018-06-25,0.15471343264841814,63.726451756307334,MODIS/061/MCD43A3,2018_06_25
2018-06-26,0.15264796085155777,61.96250316023721,MODIS/061/MCD43A3,2018_06_26
2018-06-27,0.14984377049865297,57.36171173671689,MODIS/061/MCD43A3,2018_06_27
2018-06-28,0.15128730312259567,61.57731222954959,MODIS/061/MCD43A3,2018_06_28
2018-06-29,0.15660296895661432,72.46375185813987,MODIS/061/MCD43A3,2018_06_29
2018-06-30,0.15908545948500058,74.53136839195413,MODIS/061/MCD43A3,2018_06_30
2018-07-01,0.1603243320728893,80.02705247285822,MODIS/061/MCD43A3,2018_07_01
2018-07-02,0.1620843776567291,82.51719076113972,MODIS/061/MCD43A3,2018_07_02
2018-07-03,0.163153411150559,84.0855494093376,MODIS/061/MCD43A3,2018_07_03
2018-07-04,0.1638810901586599,85.69678879219893,MODIS/061/MCD43A3,2018_07_04
2018-07-05,0.16342352282672007,85.92160936373003,MODIS/061/MCD43A3,2018_07_05
2018-07-06,0.16378875891505026,86.6959092595738,MODIS/061/MCD43A3,2018_07_06
2018-07-07,0.16343768326948496,85.806376066613,MODIS/061/MCD43A3,2018_07_07
2018-07-08,0.16225993489946477,87.0736929711507,MODIS/061/MCD43A3,2018_07_08
2018-07-09,0.16198436514298775,88.53028894271321,MODIS/061/MCD43A3,2018_07_09
2018-07-10,0.1606421137191606,89.77133197917259,MODIS/061/MCD43A3,2018_07_10
2018-07-11,0.15874581644242647,90.63500774249857,MODIS/061/MCD43A3,2018_07_11
2018-07-12,0.15836970671190728,91.18974914515668,MODIS/061/MCD43A3,2018_07_12
2018-07-13,0.15755777452543437,92.45511103469958,MODIS/061/MCD43A3,2018_07_13
2018-07-14,0.1569632215138611,93.44364232216189,MODIS/061/MCD43A3,2018_07_14
2018-07-15,0.15509960537962766,93.69936082508154,MODIS/061/MCD43A3,2018_07_15
2018-07-16,0.1542222068130094,93.1254805086621,MODIS/061/MCD43A3,2018_07_16
2018-07-17,0.15316911567288338,94.0637567897429,MODIS/061/MCD43A3,2018_07_17
2018-07-18,0.1527479734394585,94.70509317617253,MODIS/061/MCD43A3,2018_07_18
2018-07-19,0.15218435893395357,95.13673468413556,MODIS/061/MCD43A3,2018_07_19
2018-07-20,0.1525016835136817,95.2476151473294,MODIS/061/MCD43A3,2018_07_20
2018-07-21,0.1521681502810783,94.99942465331421,MODIS/061/MCD43A3,2018_07_21
2018-07-22,0.15139275895601834,93.76971769476583,MODIS/061/MCD43A3,2018_07_22
2018-07-23,0.15161276218862924,93.72155343291824,MODIS/061/MCD43A3,2018_07_23
2018-07-24,0.15043358031811938,93.36305289353132,MODIS/061/MCD43A3,2018_07_24
2018-07-25,0.14997217378028127,92.57279447009414,MODIS/061/MCD43A3,2018_07_25
2018-07-26,0.149452939873591,91.88777116740603,MODIS/061/MCD43A3,2018_07_26
2018-07-27,0.14987090563013855,92.51130353759504,MODIS/061/MCD43A3,2018_07_27
2018-07-28,0.1500411880014836,90.14165100674137,MODIS/061/MCD43A3,2018_07_28
2018-07-29,0.14878668042669888,93.40527562680691,MODIS/061/MCD43A3,2018_07_29
2018-07-30,0.14900162883605347,93.91786347823573,MODIS/061/MCD43A3,2018_07_30
2018-07-31,0.1484523821054132,92.02482976059356,MODIS/061/MCD43A3,2018_07_31
2018-08-01,0.14880803464826295,92.99545035861146,MODIS/061/MCD43A3,2018_08_01
2018-08-02,0.1484975001538112,91.58152825390746,MODIS/061/MCD43A3,2018_08_02
2018-08-03,0.1487196951922657,91.08155438185636,MODIS/061/MCD43A3,2018_08_03
2018-08-04,0.1480896267381573,89.91847714064647,MODIS/061/MCD43A3,2018_08_04
2018-08-05,0.1478953144921586,89.04074463250186,MODIS/061/MCD43A3,2018_08_05
2018-08-06,0.1480585889867895,90.64467902394503,MODIS/061/MCD43A3,2018_08_06
2018-08-07,0.14830280938673046,93.2875036538687,MODIS/061/MCD43A3,2018_08_07
2018-08-08,0.1482699684428848,93.99849936840384,MODIS/061/MCD43A3,2018_08_08
2018-08-09,0.14760185842345025,94.56873808868735,MODIS/061/MCD43A3,2018_08_09
2018-08-10,0.14745367200630735,94.86123762207143,MODIS/061/MCD43A3,2018_08_10
2018-08-11,0.14733805914745543,95.0131874403535,MODIS/061/MCD43A3,2018_08_11
2018-08-12,0.14653259753086814,94.63250159726881,MODIS/061/MCD43A3,2018_08_12
2018-08-13,0.14656011843564118,94.066015590916,MODIS/061/MCD43A3,2018_08_13
2018-08-14,0.14619329171806453,94.25965446255296,MODIS/061/MCD43A3,2018_08_14
2018-08-15,0.14585176644049502,94.54398622051603,MODIS/061/MCD43A3,2018_08_15
2018-08-16,0.1460327057852102,95.2388527581759,MODIS/061/MCD43A3,2018_08_16
2018-08-17,0.14559000882456727,95.40912633796698,MODIS/061/MCD43A3,2018_08_17
2018-08-18,0.14466411999567852,95.78599699862204,MODIS/061/MCD43A3,2018_08_18
2018-08-19,0.14458321572129665,96.95952230991742,MODIS/061/MCD43A3,2018_08_19
2018-08-20,0.14451382757609713,96.50423156844107,MODIS/061/MCD43A3,2018_08_20
2018-08-21,0.14490785750396717,97.51709041028339,MODIS/061/MCD43A3,2018_08_21
2018-08-22,0.14514632937334102,97.62524351819441,MODIS/061/MCD43A3,2018_08_22
2018-08-23,0.14570277852000102,97.56943433404525,MODIS/061/MCD43A3,2018_08_23
2018-08-24,0.14567924964487552,97.66388065416695,MODIS/061/MCD43A3,2018_08_24
2018-08-25,0.14566724237617754,97.9374541703454,MODIS/061/MCD43A3,2018_08_25
2018-08-26,0.14576408525320572,97.90430447735406,MODIS/061/MCD43A3,2018_08_26
2018-08-27,0.1460126701807105,98.07603751174864,MODIS/061/MCD43A3,2018_08_27
2018-08-28,0.1458279374714973,98.35237517529245,MODIS/061/MCD43A3,2018_08_28
2018-08-29,0.14591935955706428,98.2872288918718,MODIS/061/MCD43A3,2018_08_29
2018-08-30,0.1465739482810263,98.38668622683107,MODIS/061/MCD43A3,2018_08_30
2018-08-31,0.14696905102062804,98.44963049601014,MODIS/061/MCD43A3,2018_08_31
2018-09-01,0.14706696123018,98.82654563757072,MODIS/061/MCD43A3,2018_09_01
2018-09-02,0.1472744057286731,98.84558498545695,MODIS/061/MCD43A3,2018_09_02
2018-09-03,0.1477728498787003,98.48520913998041,MODIS/061/MCD43A3,2018_09_03
2018-09-04,0.14808195302506766,98.472217393072,MODIS/061/MCD43A3,2018_09_04
2018-09-05,0.14823796339407205,98.3950492752342,MODIS/061/MCD43A3,2018_09_05
2018-09-06,0.14843005363030617,98.41763589339526,MODIS/061/MCD43A3,2018_09_06
2018-09-07,0.14875356809197496,98.17855496417282,MODIS/061/MCD43A3,2018_09_07
2018-09-08,0.14908735673674314,97.96000866578119,MODIS/061/MCD43A3,2018_09_08
2018-09-09,0.14938889724138238,97.44190277279127,MODIS/061/MCD43A3,2018_09_09
2018-09-10,0.14971711836893314,97.79137961275849,MODIS/061/MCD43A3,2018_09_10
2018-09-11,0.14976482268616645,97.53236661997396,MODIS/061/MCD43A3,2018_09_11
2018-09-12,0.14994926432918687,97.48207300150844,MODIS/061/MCD43A3,2018_09_12
2018-09-13,0.15086410719734528,96.85880100506161,MODIS/061/MCD43A3,2018_09_13
2018-09-14,0.15099005129440787,96.17792366024715,MODIS/061/MCD43A3,2018_09_14
2018-09-15,0.15073516190583786,95.55950036069434,MODIS/061/MCD43A3,2018_09_15
2018-09-16,0.15085928275263602,94.31355825348783,MODIS/061/MCD43A3,2018_09_16
2018-09-17,0.15085311999441156,91.25823704506723,MODIS/061/MCD43A3,2018_09_17
2018-09-18,0.15069823287728792,90.66965949608483,MODIS/061/MCD43A3,2018_09_18
2018-09-19,0.150804800086503,91.21845502463047,MODIS/061/MCD43A3,2018_09_19
2018-09-20,0.15087644480017492,89.66867219351045,MODIS/061/MCD43A3,2018_09_20
2018-09-21,0.1511191697085704,84.09512393017337,MODIS/061/MCD43A3,2018_09_21
2018-09-22,0.14987919084078952,82.01739408832381,MODIS/061/MCD43A3,2018_09_22
2018-09-23,0.1496198865721839,79.29936419634431,MODIS/061/MCD43A3,2018_09_23
2018-09-24,0.14985948839182456,79.64033650879647,MODIS/061/MCD43A3,2018_09_24
2018-09-25,0.1496794060728633,77.25187915451623,MODIS/061/MCD43A3,2018_09_25
2018-09-26,0.14818692334852898,75.95932519881973,MODIS/061/MCD43A3,2018_09_26
2018-09-27,0.14808698098409864,74.1465843485927,MODIS/061/MCD43A3,2018_09_27
2018-09-28,0.1485084255916739,75.48912995278523,MODIS/061/MCD43A3,2018_09_28
2018-09-29,0.14920777036943172,77.00902856436463,MODIS/061/MCD43A3,2018_09_29
2018-09-30,0.14911668550513477,76.97416214641959,MODIS/061/MCD43A3,2018_09_30
2018-10-01,0.14941203566281655,76.8589891638818,MODIS/061/MCD43A3,2018_10_01
2018-10-02,0.14906753464719089,76.66616821911254,MODIS/061/MCD43A3,2018_10_02
2018-10-03,0.1486229544916819,76.15267931591701,MODIS/061/MCD43A3,2018_10_03
2018-10-04,0.14874512938466308,73.51817439444099,MODIS/061/MCD43A3,2018_10_04
2018-10-05,0.14879987171113498,72.58402734447967,MODIS/061/MCD43A3,2018_10_05
2018-10-06,0.14899082052876353,72.54849125841186,MODIS/061/MCD43A3,2018_10_06
2018-10-07,0.14924273947863004,71.73158415610511,MODIS/061/MCD43A3,2018_10_07
2018-10-08,0.14931868042308397,63.78991607213694,MODIS/061/MCD43A3,2018_10_08
2018-10-09,0.1508228315970648,55.03044009547003,MODIS/061/MCD43A3,2018_10_09
2018-10-10,0.1512788275921302,35.224753332377134,MODIS/061/MCD43A3,2018_10_10
2018-10-11,0.152962358235219,11.902874607857406,MODIS/061/MCD43A3,2018_10_11
2018-10-12,0.15999435984153187,0.3108505511619193,MODIS/061/MCD43A3,2018_10_12
2018-10-13,,0.0,MODIS/061/MCD43A3,2018_10_13
2018-10-14,0.6203571782594778,0.10867029882014113,MODIS/061/MCD43A3,2018_10_14
2018-10-15,0.5025552573033409,0.7154761199072486,MODIS/061/MCD43A3,2018_10_15
2018-10-16,0.4799353183202429,1.3014194937211756,MODIS/061/MCD43A3,2018_10_16
2018-10-17,0.4835990771765629,2.1994439727793313,MODIS/061/MCD43A3,2018_10_17
2018-10-18,0.48125993145158874,3.032391616035878,MODIS/061/MCD43A3,2018_10_18
2018-10-19,0.46330000735857196,4.347425712896615,MODIS/061/MCD43A3,2018_10_19
2018-10-20,0.43366525694290076,4.5496313801403625,MODIS/061/MCD43A3,2018_10_20
2018-10-21,0.47607595416994797,4.15633493680946,MODIS/061/MCD43A3,2018_10_21
2018-10-22,0.47502633548260664,4.095559254225382,MODIS/061/MCD43A3,2018_10_22
2018-10-23,0.47268253638993574,4.107318194726593,MODIS/061/MCD43A3,2018_10_23
2018-10-24,0.4764615904072098,3.8479819619381064,MODIS/061/MCD43A3,2018_10_24
2018-10-25,0.47128615531359064,4.1756026750267345,MODIS/061/MCD43A3,2018_10_25
2018-10-26,0.465247740930706,5.797802582810744,MODIS/061/MCD43A3,2018_10_26
2018-10-27,0.44611813686015117,7.107161238686668,MODIS/061/MCD43A3,2018_10_27
2018-10-28,0.4338727762995581,7.90122375368212,MODIS/061/MCD43A3,2018_10_28
2018-10-29,0.40570851679244685,9.991974965886447,MODIS/061/MCD43A3,2018_10_29
2018-10-30,0.40970856075156603,8.46650674765003,MODIS/061/MCD43A3,2018_10_30
2018-10-31,0.40498943680982136,6.176337888709277,MODIS/061/MCD43A3,2018_10_31
2018-11-01,0.3846362709603746,5.092022187459112,MODIS/061/MCD43A3,2018_11_01
2018-11-02,0.3765043051774211,3.988504831834108,MODIS/061/MCD43A3,2018_11_02
2018-11-03,0.4080442263968663,2.46923888561,MODIS/061/MCD43A3,2018_11_03
2018-11-04,0.42931203877851265,0.35244351450948597,MODIS/061/MCD43A3,2018_11_04
2018-11-05,0.4395111465202772,0.34292466079913764,MODIS/061/MCD43A3,2018_11_05
2018-11-06,0.44532034192919095,0.9258179154704024,MODIS/061/MCD43A3,2018_11_06
2018-11-07,0.4474226578790645,1.7025415628538012,MODIS/061/MCD43A3,2018_11_07
2018-11-08,0.4258176885045001,2.4285653971344576,MODIS/061/MCD43A3,2018_11_08
2018-11-09,0.4275130537604819,3.2420169872004014,MODIS/061/MCD43A3,2018_11_09
2018-11-10,0.4155894872408848,3.521396758344736,MODIS/061/MCD43A3,2018_11_10
2018-11-11,0.41228343203795514,3.7277707141581353,MODIS/061/MCD43A3,2018_11_11
2018-11-12,0.4178986027796824,2.9491973873655977,MODIS/061/MCD43A3,2018_11_12
2018-11-13,0.43089436093633593,2.376575952712451,MODIS/061/MCD43A3,2018_11_13
2018-11-14,0.4151249925321047,2.493641060158077,MODIS/061/MCD43A3,2018_11_14
2018-11-15,0.42582296727605273,2.528772720208139,MODIS/061/MCD43A3,2018_11_15
2018-11-16,0.4322203321828599,2.5282129281179597,MODIS/061/MCD43A3,2018_11_16
2018-11-17,0.4485143872423455,1.6877263954637314,MODIS/061/MCD43A3,2018_11_17
2018-11-18,0.42673625010366883,1.2487749426905284,MODIS/061/MCD43A3,2018_11_18
2018-11-19,0.4316817561190415,1.1863201180239358,MODIS/061/MCD43A3,2018_11_19
2018-11-20,0.4290953616884665,1.0511818357375988,MODIS/061/MCD43A3,2018_11_20
2018-11-21,0.4022395759152689,1.536708837288647,MODIS/061/MCD43A3,2018_11_21
2018-11-22,0.42801591640892195,2.192795675075456,MODIS/061/MCD43A3,2018_11_22
2018-11-23,0.429246563538174,1.7174906552403235,MODIS/061/MCD43A3,2018_11_23
2018-11-24,0.40741943113679324,2.0530875519239675,MODIS/061/MCD43A3,2018_11_24
2018-11-25,0.38625020727214926,2.724476498143017,MODIS/061/MCD43A3,2018_11_25
2018-11-26,0.3827251243916971,3.474635684993968,MODIS/061/MCD43A3,2018_11_26
2018-11-27,0.3845580619391973,3.3228473369245837,MODIS/061/MCD43A3,2018_11_27
2018-11-28,0.38121134645254723,3.664688805842876,MODIS/061/MCD43A3,2018_11_28
2018-11-29,0.35841873742742025,4.118401778718664,MODIS/061/MCD43A3,2018_11_29
2018-11-30,0.3537143342972502,4.073086550584438,MODIS/061/MCD43A3,2018_11_30
2018-12-01,0.3574403325464387,3.920928392831546,MODIS/061/MCD43A3,2018_12_01
2018-12-02,0.35629947386394706,3.7285279629878407,MODIS/061/MCD43A3,2018_12_02
2018-12-03,0.35247105689678376,3.8810935146865897,MODIS/061/MCD43A3,2018_12_03
2018-12-04,0.34212412780403223,4.07376484729982,MODIS/061/MCD43A3,2018_12_04
2018-12-05,0.3429565244487626,4.643210039156077,MODIS/061/MCD43A3,2018_12_05
2018-12-06,0.3432951589427462,4.976716702441594,MODIS/061/MCD43A3,2018_12_06
2018-12-07,0.35026474950545466,5.24348638707669,MODIS/061/MCD43A3,2018_12_07
2018-12-08,0.3453595080840338,5.0243974263819196,MODIS/061/MCD43A3,2018_12_08
2018-12-09,0.3473955730918932,5.117028914136134,MODIS/061/MCD43A3,2018_12_09
2018-12-10,0.3509873447231763,4.649906614671797,MODIS/061/MCD43A3,2018_12_10
2018-12-11,0.35945383027395694,3.9771562976514345,MODIS/061/MCD43A3,2018_12_11
2018-12-12,0.3595573692541385,3.640683343628544,MODIS/061/MCD43A3,2018_12_12
2018-12-13,0.3624524910555104,3.7700795265249263,MODIS/061/MCD43A3,2018_12_13
2018-12-14,0.3505425567775708,3.5977113357682016,MODIS/061/MCD43A3,2018_12_14
2018-12-15,0.3646431986120983,2.8316748210946154,MODIS/061/MCD43A3,2018_12_15
2018-12-16,0.36456794255445163,2.6518060353306634,MODIS/061/MCD43A3,2018_12_16
2018-12-17,0.35962765497959887,2.7878006429897897,MODIS/061/MCD43A3,2018_12_17
2018-12-18,0.36625001271958557,3.3565166786821083,MODIS/061/MCD43A3,2018_12_18
2018-12-19,0.3632970118973334,3.527867484789933,MODIS/061/MCD43A3,2018_12_19
2018-12-20,0.36599921890927745,1.81359758908877,MODIS/061/MCD43A3,2018_12_20
2018-12-21,0.3579193743943004,1.970571973296298,MODIS/061/MCD43A3,2018_12_21
2018-12-22,0.3551780340123673,1.7135151822443186,MODIS/061/MCD43A3,2018_12_22
2018-12-23,0.36347859160179613,1.1321842454104558,MODIS/061/MCD43A3,2018_12_23
2018-12-24,0.36613090179942004,1.4579775678728704,MODIS/061/MCD43A3,2018_12_24
2018-12-25,0.3696514097159088,1.3015931501251121,MODIS/061/MCD43A3,2018_12_25
2018-12-26,0.37780786958453483,1.3491929049700893,MODIS/061/MCD43A3,2018_12_26
2018-12-27,0.4043864384224444,2.1986266111231996,MODIS/061/MCD43A3,2018_12_27
2018-12-28,0.4027607593997206,2.273401814018845,MODIS/061/MCD43A3,2018_12_28
2018-12-29,0.4235438973611648,1.5807999996785356,MODIS/061/MCD43A3,2018_12_29
2018-12-30,0.43264387410980554,1.7191874401090277,MODIS/061/MCD43A3,2018_12_30
2018-12-31,0.4095209039799862,1.6959646064274434,MODIS/061/MCD43A3,2018_12_31
2019-01-01,0.40997020845126786,1.676478034945164,MODIS/061/MCD43A3,2019_01_01
2019-01-02,0.43293393378320805,0.9790162797590373,MODIS/061/MCD43A3,2019_01_02
2019-01-03,0.4564087244151717,1.3130576655094008,MODIS/061/MCD43A3,2019_01_03
2019-01-04,0.46568325900953117,1.4082528455874164,MODIS/061/MCD43A3,2019_01_04
2019-01-05,0.45527510668632587,2.607176603412143,MODIS/061/MCD43A3,2019_01_05
2019-01-06,0.4620389976846107,2.9204228983348464,MODIS/061/MCD43A3,2019_01_06
2019-01-07,0.41942798908879486,3.7643324332940455,MODIS/061/MCD43A3,2019_01_07
2019-01-08,0.4225668386392669,3.6786596316584235,MODIS/061/MCD43A3,2019_01_08
2019-01-09,0.42891910461464433,3.465579751294782,MODIS/061/MCD43A3,2019_01_09
2019-01-10,0.42156339729154385,4.467678247454504,MODIS/061/MCD43A3,2019_01_10
2019-01-11,0.40885445663232023,4.810068178204453,MODIS/061/MCD43A3,2019_01_11
2019-01-12,0.40327523130396936,4.432692182000482,MODIS/061/MCD43A3,2019_01_12
2019-01-13,0.4015090521328374,4.680195943329311,MODIS/061/MCD43A3,2019_01_13
2019-01-14,0.407511528958837,4.640361986212025,MODIS/061/MCD43A3,2019_01_14
2019-01-15,0.4135251315613786,4.93557073692181,MODIS/061/MCD43A3,2019_01_15
2019-01-16,0.4430237531041853,6.4955080493825035,MODIS/061/MCD43A3,2019_01_16
2019-01-17,0.4320919350635138,6.696874280932308,MODIS/061/MCD43A3,2019_01_17
2019-01-18,0.433553875729802,7.690771536494793,MODIS/061/MCD43A3,2019_01_18
2019-01-19,0.4340423440746649,6.696571912989022,MODIS/061/MCD43A3,2019_01_19
2019-01-20,0.45830687887521976,7.814638441526246,MODIS/061/MCD43A3,2019_01_20
2019-01-21,0.4479054444772223,7.158093119688816,MODIS/061/MCD43A3,2019_01_21
2019-01-22,0.43688335056367994,7.051548636433204,MODIS/061/MCD43A3,2019_01_22
2019-01-23,0.44436718791981783,7.483022901905475,MODIS/061/MCD43A3,2019_01_23
2019-01-24,0.4515220110028384,6.956139826262948,MODIS/061/MCD43A3,2019_01_24
2019-01-25,0.44471264373404484,6.939906959700755,MODIS/061/MCD43A3,2019_01_25
2019-01-26,0.4553131269906938,6.740784799280791,MODIS/061/MCD43A3,2019_01_26
2019-01-27,0.45366566687637516,7.275992617843999,MODIS/061/MCD43A3,2019_01_27
2019-01-28,0.4616231842344041,7.123683897562933,MODIS/061/MCD43A3,2019_01_28
2019-01-29,0.46015636805401255,7.3116819450984725,MODIS/061/MCD43A3,2019_01_29
2019-01-30,0.4692925035761688,7.7497618316974135,MODIS/061/MCD43A3,2019_01_30
2019-01-31,0.47222509807613255,7.089338138706667,MODIS/061/MCD43A3,2019_01_31
2019-02-01,0.47876796771227575,6.559996801450295,MODIS/061/MCD43A3,2019_02_01
2019-02-02,0.48070693339538506,6.369986748900125,MODIS/061/MCD43A3,2019_02_02
2019-02-03,0.48397544154071104,5.342684614881259,MODIS/061/MCD43A3,2019_02_03
2019-02-04,0.5017932410479352,3.904675062489545,MODIS/061/MCD43A3,2019_02_04
2019-02-05,0.5114851178793194,2.0361349126328165,MODIS/061/MCD43A3,2019_02_05
2019-02-06,0.5263985597634397,1.1127663515235084,MODIS/061/MCD43A3,2019_02_06
2019-02-07,0.5183314591263325,0.6462404701544205,MODIS/061/MCD43A3,2019_02_07
2019-02-08,0.530439735836915,1.994770699755935,MODIS/061/MCD43A3,2019_02_08
2019-02-09,0.5263573002676168,4.704507245486116,MODIS/061/MCD43A3,2019_02_09
2019-02-10,0.5312299569563135,3.1846966479763963,MODIS/061/MCD43A3,2019_02_10
2019-02-11,0.5323218189658464,2.4425664621090815,MODIS/061/MCD43A3,2019_02_11
2019-02-12,0.5432305760419055,3.1447338651618084,MODIS/061/MCD43A3,2019_02_12
2019-02-13,0.5400644712842475,3.087240692660938,MODIS/061/MCD43A3,2019_02_13
2019-02-14,0.5403331579942069,4.893088947225025,MODIS/061/MCD43A3,2019_02_14
2019-02-15,0.5298616152961461,4.919464819706645,MODIS/061/MCD43A3,2019_02_15
2019-02-16,0.5405740408732249,7.229582523137738,MODIS/061/MCD43A3,2019_02_16
2019-02-17,0.5511480836687394,9.528233239531508,MODIS/061/MCD43A3,2019_02_17
2019-02-18,0.552842371733253,9.91166975203958,MODIS/061/MCD43A3,2019_02_18
2019-02-19,0.5550896626317037,10.31238606540514,MODIS/061/MCD43A3,2019_02_19
2019-02-20,0.5541122810311204,10.657426236525772,MODIS/061/MCD43A3,2019_02_20
2019-02-21,0.5519320073487062,10.524974388922995,MODIS/061/MCD43A3,2019_02_21
2019-02-22,0.5506830470225278,10.313041383078922,MODIS/061/MCD43A3,2019_02_22
2019-02-23,0.5521026072084507,10.75645715284615,MODIS/061/MCD43A3,2019_02_23
2019-02-24,0.5544538949754013,10.80642503349414,MODIS/061/MCD43A3,2019_02_24
2019-02-25,0.5554786136823067,9.917720197688231,MODIS/061/MCD43A3,2019_02_25
2019-02-26,0.5620380599100022,10.933616424437691,MODIS/061/MCD43A3,2019_02_26
2019-02-27,0.5639608041062857,12.511209789261269,MODIS/061/MCD43A3,2019_02_27
2019-02-28,0.5710885738173783,14.598069606418877,MODIS/061/MCD43A3,2019_02_28
2019-03-01,0.568585002409895,16.172356623162617,MODIS/061/MCD43A3,2019_03_01
2019-03-02,0.5711828119519212,16.062215278510884,MODIS/061/MCD43A3,2019_03_02
2019-03-03,0.5734069601758728,16.66709987956848,MODIS/061/MCD43A3,2019_03_03
2019-03-04,0.5751460568277771,19.197599231488482,MODIS/061/MCD43A3,2019_03_04
2019-03-05,0.5727123991382925,20.035894478518465,MODIS/061/MCD43A3,2019_03_05
2019-03-06,0.5779868951473516,22.868598077330343,MODIS/061/MCD43A3,2019_03_06
2019-03-07,0.5752203930665093,23.933857372316616,MODIS/061/MCD43A3,2019_03_07
2019-03-08,0.5722049109393629,26.433218165106783,MODIS/061/MCD43A3,2019_03_08
2019-03-09,0.5713059209999584,27.279645126084556,MODIS/061/MCD43A3,2019_03_09
2019-03-10,0.574329779483775,27.01495342144572,MODIS/061/MCD43A3,2019_03_10
2019-03-11,0.5696297046503311,28.132703489958217,MODIS/061/MCD43A3,2019_03_11
2019-03-12,0.5741731783328947,31.084829689871263,MODIS/061/MCD43A3,2019_03_12
2019-03-13,0.5744390997105637,32.013291843600975,MODIS/061/MCD43A3,2019_03_13
2019-03-14,0.5703672111685011,33.331997423340674,MODIS/061/MCD43A3,2019_03_14
2019-03-15,0.5752107672648201,34.33983005713455,MODIS/061/MCD43A3,2019_03_15
2019-03-16,0.5774064097257199,35.091806972614656,MODIS/061/MCD43A3,2019_03_16
2019-03-17,0.5837691960712279,33.163381489288454,MODIS/061/MCD43A3,2019_03_17
2019-03-18,0.5844056580360614,33.71047195651686,MODIS/061/MCD43A3,2019_03_18
2019-03-19,0.5831782781596203,33.716209868446796,MODIS/061/MCD43A3,2019_03_19
2019-03-20,0.591536272848617,35.32534757391478,MODIS/061/MCD43A3,2019_03_20
2019-03-21,0.5897290430702097,30.82557834987322,MODIS/061/MCD43A3,2019_03_21
2019-03-22,0.5951180671184926,23.89925998683326,MODIS/061/MCD43A3,2019_03_22
2019-03-23,0.6009910212881211,18.536078818984148,MODIS/061/MCD43A3,2019_03_23
2019-03-24,0.5910246151565322,5.41355118509311,MODIS/061/MCD43A3,2019_03_24
2019-03-25,0.5854709931994402,3.4393243347042715,MODIS/061/MCD43A3,2019_03_25
2019-03-26,0.5867105027733798,3.076310247256583,MODIS/061/MCD43A3,2019_03_26
2019-03-27,0.5700771684294152,0.7886030371403627,MODIS/061/MCD43A3,2019_03_27
2019-03-28,0.5673077500962874,3.0213133630663,MODIS/061/MCD43A3,2019_03_28
2019-03-29,0.5508826158270632,0.5711799774101408,MODIS/061/MCD43A3,2019_03_29
2019-03-30,0.5404087271894964,0.6282985499686566,MODIS/061/MCD43A3,2019_03_30
2019-03-31,0.5524644414282229,1.6520845492297778,MODIS/061/MCD43A3,2019_03_31
2019-04-01,0.5530038699446057,1.6044876289808503,MODIS/061/MCD43A3,2019_04_01
2019-04-02,0.5300496532525275,0.3807906116454814,MODIS/061/MCD43A3,2019_04_02
2019-04-03,0.531780459552514,0.6949368536298564,MODIS/061/MCD43A3,2019_04_03
2019-04-04,0.5230605656224517,0.6283003173126702,MODIS/061/MCD43A3,2019_04_04
2019-04-05,0.5480903961079181,2.643278340980861,MODIS/061/MCD43A3,2019_04_05
2019-04-06,0.5494015502234418,3.6239568800815314,MODIS/061/MCD43A3,2019_04_06
2019-04-07,0.5535409950960192,5.553936673471084,MODIS/061/MCD43A3,2019_04_07
2019-04-08,0.5511380924406468,4.548814703605194,MODIS/061/MCD43A3,2019_04_08
2019-04-09,0.5470252712655903,3.2998399439967705,MODIS/061/MCD43A3,2019_04_09
2019-04-10,0.5492238350768176,4.9969849000214275,MODIS/061/MCD43A3,2019_04_10
2019-04-11,0.5420648863058504,7.185917601198006,MODIS/061/MCD43A3,2019_04_11
2019-04-12,0.5413560572377383,7.066343824831842,MODIS/061/MCD43A3,2019_04_12
2019-04-13,0.5451732924607231,3.7216796933889422,MODIS/061/MCD43A3,2019_04_13
2019-04-14,0.5415543329111673,3.741726563068392,MODIS/061/MCD43A3,2019_04_14
2019-04-15,0.5400717550388995,3.5157591775655543,MODIS/061/MCD43A3,2019_04_15
2019-04-16,0.5500368355479118,1.859538116304093,MODIS/061/MCD43A3,2019_04_16
2019-04-17,0.54977895756021,1.8595389046286326,MODIS/061/MCD43A3,2019_04_17
2019-04-18,0.5496176885303884,1.897615815752356,MODIS/061/MCD43A3,2019_04_18
2019-04-19,0.5636678605712881,1.5808195248135786,MODIS/061/MCD43A3,2019_04_19
2019-04-20,0.5957112696009488,5.04804005194828,MODIS/061/MCD43A3,2019_04_20
2019-04-21,0.6222879344561058,5.052652302276407,MODIS/061/MCD43A3,2019_04_21
2019-04-22,0.6307209879649557,3.601069807553431,MODIS/061/MCD43A3,2019_04_22
2019-04-23,0.640834030477376,2.024203423741511,MODIS/061/MCD43A3,2019_04_23
2019-04-24,0.6487177928170276,2.6408843313034245,MODIS/061/MCD43A3,2019_04_24
2019-04-25,0.6474126793027363,2.8877562021538528,MODIS/061/MCD43A3,2019_04_25
2019-04-26,0.6359404557786051,2.999708223620266,MODIS/061/MCD43A3,2019_04_26
2019-04-27,0.6330209917611372,4.462031734361306,MODIS/061/MCD43A3,2019_04_27
2019-04-28,0.595568126055283,8.610776469161944,MODIS/061/MCD43A3,2019_04_28
2019-04-29,0.46477855355271047,14.328738515305377,MODIS/061/MCD43A3,2019_04_29
2019-04-30,0.39044139621447327,17.950838337895078,MODIS/061/MCD43A3,2019_04_30
2019-05-01,0.3545718320334788,20.177182483383337,MODIS/061/MCD43A3,2019_05_01
2019-05-02,0.3317983716703491,22.61692478122807,MODIS/061/MCD43A3,2019_05_02
2019-05-03,0.31596681174906427,23.644219091855398,MODIS/061/MCD43A3,2019_05_03
2019-05-04,0.30849672672701745,24.679059078975225,MODIS/061/MCD43A3,2019_05_04
2019-05-05,0.30685887109899596,26.182503695698394,MODIS/061/MCD43A3,2019_05_05
2019-05-06,0.31960296984813336,28.835147118251168,MODIS/061/MCD43A3,2019_05_06
2019-05-07,0.3246625095221103,31.72572048044012,MODIS/061/MCD43A3,2019_05_07
2019-05-08,0.3090433992833685,35.061543280448014,MODIS/061/MCD43A3,2019_05_08
2019-05-09,0.3060448054466654,36.61996442910422,MODIS/061/MCD43A3,2019_05_09
2019-05-10,0.30875121020005214,37.30056179342919,MODIS/061/MCD43A3,2019_05_10
2019-05-11,0.3066148676980345,36.664694515641884,MODIS/061/MCD43A3,2019_05_11
2019-05-12,0.32086400627910105,38.12102668898606,MODIS/061/MCD43A3,2019_05_12
2019-05-13,0.3029466286843082,37.83141643127994,MODIS/061/MCD43A3,2019_05_13
2019-05-14,0.302620674338124,36.222745664024686,MODIS/061/MCD43A3,2019_05_14
2019-05-15,0.26246064615858306,27.542598906128546,MODIS/061/MCD43A3,2019_05_15
2019-05-16,0.26182030979817505,29.442216474756098,MODIS/061/MCD43A3,2019_05_16
2019-05-17,0.24921147823137213,25.114825247161576,MODIS/061/MCD43A3,2019_05_17
2019-05-18,0.2470459405320689,22.21917703845207,MODIS/061/MCD43A3,2019_05_18
2019-05-19,0.24978677090676996,18.45190684823943,MODIS/061/MCD43A3,2019_05_19
2019-05-20,0.24346056905594615,21.979910223467993,MODIS/061/MCD43A3,2019_05_20
2019-05-21,0.23105941108359876,25.923252392460213,MODIS/061/MCD43A3,2019_05_21
2019-05-22,0.21864809098604562,29.822260786966908,MODIS/061/MCD43A3,2019_05_22
2019-05-23,0.19605818791507137,24.881718081526426,MODIS/061/MCD43A3,2019_05_23
2019-05-24,0.17368946526195683,20.150985347796738,MODIS/061/MCD43A3,2019_05_24
2019-05-25,0.17195081202882093,15.75947160503296,MODIS/061/MCD43A3,2019_05_25
2019-05-26,0.17086695978618702,15.609505210727,MODIS/061/MCD43A3,2019_05_26
2019-05-27,0.16939982080454646,16.54001146906576,MODIS/061/MCD43A3,2019_05_27
2019-05-28,0.16895662374627268,17.862691268056324,MODIS/061/MCD43A3,2019_05_28
2019-05-29,0.1463539983248751,15.101223200510299,MODIS/061/MCD43A3,2019_05_29
2019-05-30,0.1464217323301422,15.101223081103191,MODIS/061/MCD43A3,2019_05_30
2019-05-31,0.14733054920269245,15.310656203570655,MODIS/061/MCD43A3,2019_05_31
2019-06-01,0.14254781179436027,10.077433868846544,MODIS/061/MCD43A3,2019_06_01
2019-06-02,0.14317186292713574,10.134553141213884,MODIS/061/MCD43A3,2019_06_02
2019-06-03,0.14382926113091027,8.949341258432355,MODIS/061/MCD43A3,2019_06_03
2019-06-04,0.1447183349933378,7.1119143579984865,MODIS/061/MCD43A3,2019_06_04
2019-06-05,0.1438996057892152,4.89542101976336,MODIS/061/MCD43A3,2019_06_05
2019-06-06,0.14387628361531854,5.336633601420785,MODIS/061/MCD43A3,2019_06_06
2019-06-07,0.1424813283002203,4.951111158934891,MODIS/061/MCD43A3,2019_06_07
2019-06-08,0.1429638932346573,4.45033373525504,MODIS/061/MCD43A3,2019_06_08
2019-06-09,0.1392656620891954,7.0762219772679,MODIS/061/MCD43A3,2019_06_09
2019-06-10,0.14138573674391833,13.34143849816069,MODIS/061/MCD43A3,2019_06_10
2019-06-11,0.1418906624247422,16.356992806306376,MODIS/061/MCD43A3,2019_06_11
2019-06-12,0.14430121944080393,18.46625530364946,MODIS/061/MCD43A3,2019_06_12
2019-06-13,0.14747782245078817,21.51959437546356,MODIS/061/MCD43A3,2019_06_13
2019-06-14,0.14905228150045272,22.32241185359465,MODIS/061/MCD43A3,2019_06_14
2019-06-15,0.15184847951797578,24.24464046402335,MODIS/061/MCD43A3,2019_06_15
2019-06-16,0.15568700895722354,31.498218745579305,MODIS/061/MCD43A3,2019_06_16
2019-06-17,0.16009793333894612,37.22423130064356,MODIS/061/MCD43A3,2019_06_17
2019-06-18,0.16643109241925355,42.07477968056623,MODIS/061/MCD43A3,2019_06_18
2019-06-19,0.1691069105049703,46.01306053261922,MODIS/061/MCD43A3,2019_06_19
2019-06-20,0.16885037111598747,45.576281497539085,MODIS/061/MCD43A3,2019_06_20
2019-06-21,0.16726901128421579,45.76839040971076,MODIS/061/MCD43A3,2019_06_21
2019-06-22,0.1671370959564012,43.54172006383552,MODIS/061/MCD43A3,2019_06_22
2019-06-23,0.16465819249238925,43.936122909334735,MODIS/061/MCD43A3,2019_06_23
2019-06-24,0.1692117694861951,50.07082815146312,MODIS/061/MCD43A3,2019_06_24
2019-06-25,0.1747888248761707,56.760219462320066,MODIS/061/MCD43A3,2019_06_25
2019-06-26,0.1743204391858851,56.53471533200969,MODIS/061/MCD43A3,2019_06_26
2019-06-27,0.17597165721762534,62.35042802794006,MODIS/061/MCD43A3,2019_06_27
2019-06-28,0.17774900987412953,66.81984429686645,MODIS/061/MCD43A3,2019_06_28
2019-06-29,0.1761271065827257,66.29780179763178,MODIS/061/MCD43A3,2019_06_29
2019-06-30,0.1748510773954541,67.97897458357434,MODIS/061/MCD43A3,2019_06_30
2019-07-01,0.17358107052033978,68.10051348730673,MODIS/061/MCD43A3,2019_07_01
2019-07-02,0.16874787590044119,64.2362612740283,MODIS/061/MCD43A3,2019_07_02
2019-07-03,0.16818393658433245,66.3101146222279,MODIS/061/MCD43A3,2019_07_03
2019-07-04,0.16597872237451533,68.35840780683736,MODIS/061/MCD43A3,2019_07_04
2019-07-05,0.16464517571239376,67.80675724244072,MODIS/061/MCD43A3,2019_07_05
2019-07-06,0.16695061720708487,70.23638333359861,MODIS/061/MCD43A3,2019_07_06
2019-07-07,0.16830619104892633,74.14793913378139,MODIS/061/MCD43A3,2019_07_07
2019-07-08,0.16846237670632624,75.79198081560712,MODIS/061/MCD43A3,2019_07_08
2019-07-09,0.16619449312217155,76.9323932472962,MODIS/061/MCD43A3,2019_07_09
2019-07-10,0.16581342178818018,77.41211922442447,MODIS/061/MCD43A3,2019_07_10
2019-07-11,0.16126094763319113,77.10258608340905,MODIS/061/MCD43A3,2019_07_11
2019-07-12,0.1616419555567912,78.81812489088838,MODIS/061/MCD43A3,2019_07_12
2019-07-13,0.16033832001625714,79.74336570511785,MODIS/061/MCD43A3,2019_07_13
2019-07-14,0.15837700845747257,78.60887188090075,MODIS/061/MCD43A3,2019_07_14
2019-07-15,0.1571379852587422,78.63230447092826,MODIS/061/MCD43A3,2019_07_15
2019-07-16,0.15538475183691577,78.9159382142666,MODIS/061/MCD43A3,2019_07_16
2019-07-17,0.1551484056213926,80.23653878094062,MODIS/061/MCD43A3,2019_07_17
2019-07-18,0.1561909601804499,85.73879302431172,MODIS/061/MCD43A3,2019_07_18
2019-07-19,0.15575580077331705,86.75921754001153,MODIS/061/MCD43A3,2019_07_19
2019-07-20,0.1544844710646565,88.31873062006437,MODIS/061/MCD43A3,2019_07_20
2019-07-21,0.1540591349989341,89.29766939938627,MODIS/061/MCD43A3,2019_07_21
2019-07-22,0.15359343181577506,88.3800119655963,MODIS/061/MCD43A3,2019_07_22
2019-07-23,0.152844234711566,88.8729277068679,MODIS/061/MCD43A3,2019_07_23
2019-07-24,0.15251511586744013,88.72650604095514,MODIS/061/MCD43A3,2019_07_24
2019-07-25,0.15235727876690452,88.55003076280529,MODIS/061/MCD43A3,2019_07_25
2019-07-26,0.1521007192362889,88.12421791514234,MODIS/061/MCD43A3,2019_07_26
2019-07-27,0.1513482497198915,86.68696158872272,MODIS/061/MCD43A3,2019_07_27
2019-07-28,0.15097380859657683,86.16385963099832,MODIS/061/MCD43A3,2019_07_28
2019-07-29,0.15033751078930438,85.14230334838827,MODIS/061/MCD43A3,2019_07_29
2019-07-30,0.1506306573714526,86.96422072256249,MODIS/061/MCD43A3,2019_07_30
2019-07-31,0.15060450398841102,86.78924189574829,MODIS/061/MCD43A3,2019_07_31
2019-08-01,0.15008231523249546,85.99146086771805,MODIS/061/MCD43A3,2019_08_01
2019-08-02,0.15006213943943453,87.2129373477629,MODIS/061/MCD43A3,2019_08_02
2019-08-03,0.14950958723277893,89.02418791849333,MODIS/061/MCD43A3,2019_08_03
2019-08-04,0.1492278389575324,89.67080186207788,MODIS/061/MCD43A3,2019_08_04
2019-08-05,0.14883406042228026,88.05433573473785,MODIS/061/MCD43A3,2019_08_05
2019-08-06,0.14887911313021135,88.06041815912437,MODIS/061/MCD43A3,2019_08_06
2019-08-07,0.14889837282695106,86.15875862147531,MODIS/061/MCD43A3,2019_08_07
2019-08-08,0.14840582265876986,86.40819256855742,MODIS/061/MCD43A3,2019_08_08
2019-08-09,0.1485896625164541,85.64265530291785,MODIS/061/MCD43A3,2019_08_09
2019-08-10,0.14874795917150813,85.1112306338813,MODIS/061/MCD43A3,2019_08_10
2019-08-11,0.14897082082852506,85.58759798742265,MODIS/061/MCD43A3,2019_08_11
2019-08-12,0.14868996341462346,89.08759687883926,MODIS/061/MCD43A3,2019_08_12
2019-08-13,0.14851380248500717,91.13974008490278,MODIS/061/MCD43A3,2019_08_13
2019-08-14,0.14853276270708776,92.03721394086934,MODIS/061/MCD43A3,2019_08_14
2019-08-15,0.14846162811080213,91.84699914398456,MODIS/061/MCD43A3,2019_08_15
2019-08-16,0.14846867673726974,89.73816914712442,MODIS/061/MCD43A3,2019_08_16
2019-08-17,0.14919853716278514,92.46572008099864,MODIS/061/MCD43A3,2019_08_17
2019-08-18,0.1492977938033767,91.94458268050091,MODIS/061/MCD43A3,2019_08_18
2019-08-19,0.14906457708695248,92.89218165684515,MODIS/061/MCD43A3,2019_08_19
2019-08-20,0.14906764988371257,93.44224367065259,MODIS/061/MCD43A3,2019_08_20
2019-08-21,0.1492921210686421,91.73752101410652,MODIS/061/MCD43A3,2019_08_21
2019-08-22,0.14911354112580252,91.34425904181741,MODIS/061/MCD43A3,2019_08_22
2019-08-23,0.14913026437080315,91.63919409403725,MODIS/061/MCD43A3,2019_08_23
2019-08-24,0.1487640922886449,93.73287441484716,MODIS/061/MCD43A3,2019_08_24
2019-08-25,0.1487740190596385,93.57368641069944,MODIS/061/MCD43A3,2019_08_25
2019-08-26,0.14861359105111477,93.00029117506267,MODIS/061/MCD43A3,2019_08_26
2019-08-27,0.1486827554898233,92.96094146438125,MODIS/061/MCD43A3,2019_08_27
2019-08-28,0.14831871904029473,91.03572359232786,MODIS/061/MCD43A3,2019_08_28
2019-08-29,0.1485281828840507,89.21744466384527,MODIS/061/MCD43A3,2019_08_29
2019-08-30,0.14865404489292974,85.53895782793866,MODIS/061/MCD43A3,2019_08_30
2019-08-31,0.14755750235789075,86.76896612503741,MODIS/061/MCD43A3,2019_08_31
2019-09-01,0.14759256337277812,86.7594455081835,MODIS/061/MCD43A3,2019_09_01
2019-09-02,0.14682112402609435,80.9385358670152,MODIS/061/MCD43A3,2019_09_02
2019-09-03,0.1477397817300286,64.16843604150108,MODIS/061/MCD43A3,2019_09_03
2019-09-04,0.1473035555998578,43.91509093867303,MODIS/061/MCD43A3,2019_09_04
2019-09-05,0.1472927136104825,40.01648000347957,MODIS/061/MCD43A3,2019_09_05
2019-09-06,0.14728238080297534,46.84218336766301,MODIS/061/MCD43A3,2019_09_06
2019-09-07,0.14758001108480487,46.67262061717062,MODIS/061/MCD43A3,2019_09_07
2019-09-08,0.14694830440355333,41.96834135125321,MODIS/061/MCD43A3,2019_09_08
2019-09-09,0.14509100529615615,32.972161937011435,MODIS/061/MCD43A3,2019_09_09
2019-09-10,0.14597488480922352,39.858608219106806,MODIS/061/MCD43A3,2019_09_10
2019-09-11,0.1470754892372433,47.25115570280804,MODIS/061/MCD43A3,2019_09_11
2019-09-12,0.14696904535670352,48.41876761366208,MODIS/061/MCD43A3,2019_09_12
2019-09-13,0.1482030529196203,55.60191974268973,MODIS/061/MCD43A3,2019_09_13
2019-09-14,0.1496371528300583,60.3870309480632,MODIS/061/MCD43A3,2019_09_14
2019-09-15,0.1499059970462508,63.1186745259945,MODIS/061/MCD43A3,2019_09_15
2019-09-16,0.149415240001696,57.924446448631144,MODIS/061/MCD43A3,2019_09_16
2019-09-17,0.14986766877882268,58.963189586106566,MODIS/061/MCD43A3,2019_09_17
2019-09-18,0.15213670918269226,62.80320584378998,MODIS/061/MCD43A3,2019_09_18
2019-09-19,0.15372670993552906,67.7911697655389,MODIS/061/MCD43A3,2019_09_19
2019-09-20,0.15345884629826526,69.94563941513965,MODIS/061/MCD43A3,2019_09_20
2019-09-21,0.15337503903512828,69.09397677164354,MODIS/061/MCD43A3,2019_09_21
2019-09-22,0.15172209656108915,65.77300215300123,MODIS/061/MCD43A3,2019_09_22
2019-09-23,0.15176558002662444,65.55754683875486,MODIS/061/MCD43A3,2019_09_23
2019-09-24,0.15202572041464418,64.81027671840152,MODIS/061/MCD43A3,2019_09_24
2019-09-25,0.15265309047784079,65.68657607819868,MODIS/061/MCD43A3,2019_09_25
2019-09-26,0.1528437616560136,65.52993955467758,MODIS/061/MCD43A3,2019_09_26
2019-09-27,0.15219121168849176,62.35412470535541,MODIS/061/MCD43A3,2019_09_27
2019-09-28,0.151802276561912,61.641292402283376,MODIS/061/MCD43A3,2019_09_28
2019-09-29,0.15284336250665068,53.140305399008156,MODIS/061/MCD43A3,2019_09_29
2019-09-30,0.15311242409172426,47.88252040442753,MODIS/061/MCD43A3,2019_09_30
2019-10-01,0.15551660148400248,28.019532597480048,MODIS/061/MCD43A3,2019_10_01
2019-10-02,0.1534608530491192,34.892565022461625,MODIS/061/MCD43A3,2019_10_02
2019-10-03,0.1526296249892448,45.10755501167612,MODIS/061/MCD43A3,2019_10_03
2019-10-04,0.1513136875838734,41.41598513465687,MODIS/061/MCD43A3,2019_10_04
2019-10-05,0.1516410666601632,38.75348085665255,MODIS/061/MCD43A3,2019_10_05
2019-10-06,0.14858141719646226,46.771080034859274,MODIS/061/MCD43A3,2019_10_06
2019-10-07,0.14830174442182642,46.80916566923661,MODIS/061/MCD43A3,2019_10_07
2019-10-08,0.14841231874631697,47.86531833917698,MODIS/061/MCD43A3,2019_10_08
2019-10-09,0.14941196795815515,50.1596663325231,MODIS/061/MCD43A3,2019_10_09
2019-10-10,0.1493007020428259,51.07660458247494,MODIS/061/MCD43A3,2019_10_10
2019-10-11,0.1489964091740432,53.1226261386455,MODIS/061/MCD43A3,2019_10_11
2019-10-12,0.15038101537099052,53.68346166853022,MODIS/061/MCD43A3,2019_10_12
2019-10-13,0.15101104316901928,55.12511186895519,MODIS/061/MCD43A3,2019_10_13
2019-10-14,0.1509235864965357,55.45829792364341,MODIS/061/MCD43A3,2019_10_14
2019-10-15,0.1512731858293466,54.28512595317272,MODIS/061/MCD43A3,2019_10_15
2019-10-16,0.15185405554488166,53.980276211537536,MODIS/061/MCD43A3,2019_10_16
2019-10-17,0.15192887496995186,55.65562114382504,MODIS/061/MCD43A3,2019_10_17
2019-10-18,0.15331071079365846,55.30736088236723,MODIS/061/MCD43A3,2019_10_18
2019-10-19,0.15378956258633655,56.04889989938136,MODIS/061/MCD43A3,2019_10_19
2019-10-20,0.15475767791293182,55.82043038959008,MODIS/061/MCD43A3,2019_10_20
2019-10-21,0.1541421526594797,54.74629854264221,MODIS/061/MCD43A3,2019_10_21
2019-10-22,0.15473743546021448,53.71663211523644,MODIS/061/MCD43A3,2019_10_22
2019-10-23,0.1544927928342869,53.53575230423734,MODIS/061/MCD43A3,2019_10_23
2019-10-24,0.15482772781563953,53.08833553994056,MODIS/061/MCD43A3,2019_10_24
2019-10-25,0.1550316586248916,51.105594628860125,MODIS/061/MCD43A3,2019_10_25
2019-10-26,0.15540938106233446,50.427589514652986,MODIS/061/MCD43A3,2019_10_26
2019-10-27,0.15464005737078942,47.765993224143045,MODIS/061/MCD43A3,2019_10_27
2019-10-28,0.15576513596472596,43.00503108268445,MODIS/061/MCD43A3,2019_10_28
2019-10-29,0.15630371197829912,38.0225715034087,MODIS/061/MCD43A3,2019_10_29
2019-10-30,0.15568728049003433,37.40022221560661,MODIS/061/MCD43A3,2019_10_30
2019-10-31,0.1555845152906854,35.233001958035345,MODIS/061/MCD43A3,2019_10_31
2019-11-01,0.15774874678375203,23.11140341918631,MODIS/061/MCD43A3,2019_11_01
2019-11-02,0.17475149458801492,13.777037307706538,MODIS/061/MCD43A3,2019_11_02
2019-11-03,0.21559054997466554,10.01576207506591,MODIS/061/MCD43A3,2019_11_03
2019-11-04,0.23648413657166714,10.348420625620367,MODIS/061/MCD43A3,2019_11_04
2019-11-05,0.23427994707046174,11.570921255019353,MODIS/061/MCD43A3,2019_11_05
2019-11-06,0.24043317863831015,11.807507341970313,MODIS/061/MCD43A3,2019_11_06
2019-11-07,0.2787743891476423,7.497162178411661,MODIS/061/MCD43A3,2019_11_07
2019-11-08,0.276182876334614,7.925045612277052,MODIS/061/MCD43A3,2019_11_08
2019-11-09,0.25728151683754663,10.072028175415122,MODIS/061/MCD43A3,2019_11_09
2019-11-10,0.2562773229568301,10.57018473072549,MODIS/061/MCD43A3,2019_11_10
2019-11-11,0.25845491049051084,10.714650925735992,MODIS/061/MCD43A3,2019_11_11
2019-11-12,0.25710295657001453,11.268754449445806,MODIS/061/MCD43A3,2019_11_12
2019-11-13,0.2576025210249006,11.566838664393927,MODIS/061/MCD43A3,2019_11_13
2019-11-14,0.2584788993023707,11.781008909689913,MODIS/061/MCD43A3,2019_11_14
2019-11-15,0.2489042642598379,10.034100890469958,MODIS/061/MCD43A3,2019_11_15
2019-11-16,0.23373080132512564,8.442149271996742,MODIS/061/MCD43A3,2019_11_16
2019-11-17,0.24054279280929736,6.297552646284825,MODIS/061/MCD43A3,2019_11_17
2019-11-18,0.2603213576690837,4.516027338899463,MODIS/061/MCD43A3,2019_11_18
2019-11-19,0.29202296812830836,2.8634027361581036,MODIS/061/MCD43A3,2019_11_19
2019-11-20,0.3630493733679266,1.2770340970730345,MODIS/061/MCD43A3,2019_11_20
2019-11-21,0.39902570300764134,2.1804997366259804,MODIS/061/MCD43A3,2019_11_21
2019-11-22,0.39699394825807743,3.4462494653011864,MODIS/061/MCD43A3,2019_11_22
2019-11-23,0.38067132664676223,5.283800136608839,MODIS/061/MCD43A3,2019_11_23
2019-11-24,0.37645020547806074,5.112448637251353,MODIS/061/MCD43A3,2019_11_24
2019-11-25,0.3734799060301446,4.840746636895563,MODIS/061/MCD43A3,2019_11_25
2019-11-26,0.3673128330443606,5.384609825185751,MODIS/061/MCD43A3,2019_11_26
2019-11-27,0.36413395153867945,5.423507576253465,MODIS/061/MCD43A3,2019_11_27
2019-11-28,0.35945669339237935,5.264619428835105,MODIS/061/MCD43A3,2019_11_28
2019-11-29,0.3651319252016922,5.353103726454675,MODIS/061/MCD43A3,2019_11_29
2019-11-30,0.3631269934919868,5.28571928156687,MODIS/061/MCD43A3,2019_11_30
2019-12-01,0.35712695823633217,5.692168876790164,MODIS/061/MCD43A3,2019_12_01
2019-12-02,0.35590904653394984,6.127740147173108,MODIS/061/MCD43A3,2019_12_02
2019-12-03,0.35758856580954435,6.071298799839227,MODIS/061/MCD43A3,2019_12_03
2019-12-04,0.3578662978359585,5.857235247636463,MODIS/061/MCD43A3,2019_12_04
2019-12-05,0.36205054204880704,4.712888432763363,MODIS/061/MCD43A3,2019_12_05
2019-12-06,0.3564275656337656,3.50392114950977,MODIS/061/MCD43A3,2019_12_06
2019-12-07,0.36645356948338637,1.6092633472698894,MODIS/061/MCD43A3,2019_12_07
2019-12-08,0.3630609570259947,1.3855385263991669,MODIS/061/MCD43A3,2019_12_08
2019-12-09,0.370863874674163,2.27406003332653,MODIS/061/MCD43A3,2019_12_09
2019-12-10,0.36961271100701876,2.4067038328913357,MODIS/061/MCD43A3,2019_12_10
2019-12-11,0.3736837805395613,2.2163136800671603,MODIS/061/MCD43A3,2019_12_11
2019-12-12,0.39089369519952377,1.7410088821685845,MODIS/061/MCD43A3,2019_12_12
2019-12-13,0.3921833229148783,1.6934125188925644,MODIS/061/MCD43A3,2019_12_13
2019-12-14,0.3937545502503023,1.6648518630350435,MODIS/061/MCD43A3,2019_12_14
2019-12-15,0.38065561092366534,1.9825365081722026,MODIS/061/MCD43A3,2019_12_15
2019-12-16,0.386577124886343,1.1353015999921976,MODIS/061/MCD43A3,2019_12_16
2019-12-17,0.38037545356555935,1.1704612361812279,MODIS/061/MCD43A3,2019_12_17
2019-12-18,0.35011723464992767,2.9612966428713308,MODIS/061/MCD43A3,2019_12_18
2019-12-19,0.3403132575135247,3.4561935544618563,MODIS/061/MCD43A3,2019_12_19
2019-12-20,0.3375938533578991,4.12454153170766,MODIS/061/MCD43A3,2019_12_20
2019-12-21,0.3383234279506626,4.219739447496842,MODIS/061/MCD43A3,2019_12_21
2019-12-22,0.33885874663079624,4.1531035658170605,MODIS/061/MCD43A3,2019_12_22
2019-12-23,0.3369674089486141,4.435508332704795,MODIS/061/MCD43A3,2019_12_23
2019-12-24,0.33289357789383356,3.3029099809169744,MODIS/061/MCD43A3,2019_12_24
2019-12-25,0.350479008656422,2.942548329110198,MODIS/061/MCD43A3,2019_12_25
2019-12-26,0.35634795019719323,2.868441266184391,MODIS/061/MCD43A3,2019_12_26
2019-12-27,0.36733247790770995,2.9205941233971933,MODIS/061/MCD43A3,2019_12_27
2019-12-28,0.36645706956586255,2.9615820018249526,MODIS/061/MCD43A3,2019_12_28
2019-12-29,0.36328221628374047,2.8322263843875874,MODIS/061/MCD43A3,2019_12_29
2019-12-30,0.36675469157036544,2.289806116927914,MODIS/061/MCD43A3,2019_12_30
2019-12-31,0.38037383789502516,2.143321197175145,MODIS/061/MCD43A3,2019_12_31
2020-01-01,0.4071499949606928,2.6353503838050254,MODIS/061/MCD43A3,2020_01_01
2020-01-02,0.4246669210042256,2.0641802294984326,MODIS/061/MCD43A3,2020_01_02
2020-01-03,0.4670187385142487,0.8839654412606401,MODIS/061/MCD43A3,2020_01_03
2020-01-04,0.4713690042951228,0.3226177263436288,MODIS/061/MCD43A3,2020_01_04
2020-01-05,0.509833299266926,0.05711661773528373,MODIS/061/MCD43A3,2020_01_05
2020-01-06,0.5101666330128283,0.05711661773528373,MODIS/061/MCD43A3,2020_01_06
2020-01-07,0.49364980372192774,0.1903876420133302,MODIS/061/MCD43A3,2020_01_07
2020-01-08,0.5003018590083632,0.513521988231863,MODIS/061/MCD43A3,2020_01_08
2020-01-09,0.49278308068362475,0.180345825072554,MODIS/061/MCD43A3,2020_01_09
2020-01-10,0.4770017765466595,0.20942675855408388,MODIS/061/MCD43A3,2020_01_10
2020-01-11,0.4918058046070212,1.243677824117024,MODIS/061/MCD43A3,2020_01_11
2020-01-12,0.49034422807626155,1.223442275177091,MODIS/061/MCD43A3,2020_01_12
2020-01-13,0.4878433129481497,1.6803826440488014,MODIS/061/MCD43A3,2020_01_13
2020-01-14,0.515682079726059,1.3493343176368975,MODIS/061/MCD43A3,2020_01_14
2020-01-15,0.4998906551462447,1.175375097151361,MODIS/061/MCD43A3,2020_01_15
2020-01-16,0.45414898792783776,2.3736921968162146,MODIS/061/MCD43A3,2020_01_16
2020-01-17,0.45029753268720357,2.0068358739315992,MODIS/061/MCD43A3,2020_01_17
2020-01-18,0.4527387024550098,2.0970671289153895,MODIS/061/MCD43A3,2020_01_18
2020-01-19,0.46373672872657956,2.422779869581541,MODIS/061/MCD43A3,2020_01_19
2020-01-20,0.4794790244747272,2.176136214671795,MODIS/061/MCD43A3,2020_01_20
2020-01-21,0.47732071960121214,3.1021714500580613,MODIS/061/MCD43A3,2020_01_21
2020-01-22,0.47167979604958443,5.518173929773923,MODIS/061/MCD43A3,2020_01_22
2020-01-23,0.4692587659305674,6.176167126763576,MODIS/061/MCD43A3,2020_01_23
2020-01-24,0.47332960500676696,6.545588729674079,MODIS/061/MCD43A3,2020_01_24
2020-01-25,0.48560066783498074,7.898952570732714,MODIS/061/MCD43A3,2020_01_25
2020-01-26,0.4973430646563883,6.689744701422317,MODIS/061/MCD43A3,2020_01_26
2020-01-27,0.49857576095110445,5.979633760840882,MODIS/061/MCD43A3,2020_01_27
2020-01-28,0.49728691613954745,8.147830848408685,MODIS/061/MCD43A3,2020_01_28
2020-01-29,0.48846851648883316,7.1410557357319915,MODIS/061/MCD43A3,2020_01_29
2020-01-30,0.4799380069413929,8.294019249107134,MODIS/061/MCD43A3,2020_01_30
2020-01-31,0.4805847200745497,8.501584196561476,MODIS/061/MCD43A3,2020_01_31
2020-02-01,0.47757061940118406,8.509824278754246,MODIS/061/MCD43A3,2020_02_01
2020-02-02,0.4776844043128919,8.490784167156116,MODIS/061/MCD43A3,2020_02_02
2020-02-03,0.48490697840552865,8.804483107145574,MODIS/061/MCD43A3,2020_02_03
2020-02-04,0.48454348583729623,8.379296567416448,MODIS/061/MCD43A3,2020_02_04
2020-02-05,0.48202122896381566,8.338868015310512,MODIS/061/MCD43A3,2020_02_05
2020-02-06,0.48396200825995384,7.511153619437442,MODIS/061/MCD43A3,2020_02_06
2020-02-07,0.4947851752457557,5.9247512885541305,MODIS/061/MCD43A3,2020_02_07
2020-02-08,0.5002786515787261,4.939328229856306,MODIS/061/MCD43A3,2020_02_08
2020-02-09,0.5134294856997573,6.410041156352424,MODIS/061/MCD43A3,2020_02_09
2020-02-10,0.5281388123440235,5.269396980482399,MODIS/061/MCD43A3,2020_02_10
2020-02-11,0.5301259830389313,5.24083797549302,MODIS/061/MCD43A3,2020_02_11
2020-02-12,0.5234960531644157,6.841371495551274,MODIS/061/MCD43A3,2020_02_12
2020-02-13,0.5125098748656606,6.496854459001817,MODIS/061/MCD43A3,2020_02_13
2020-02-14,0.5110706504903189,5.880083839028637,MODIS/061/MCD43A3,2020_02_14
2020-02-15,0.5112985537546862,5.0743725748971205,MODIS/061/MCD43A3,2020_02_15
2020-02-16,0.5120457568345892,3.5770778830271,MODIS/061/MCD43A3,2020_02_16
2020-02-17,0.5296089529917318,2.4621696738407084,MODIS/061/MCD43A3,2020_02_17
2020-02-18,0.5159234093682102,2.988973894227861,MODIS/061/MCD43A3,2020_02_18
2020-02-19,0.5146026787451548,2.9508959969558815,MODIS/061/MCD43A3,2020_02_19
2020-02-20,0.5292315497339164,1.7219643783847423,MODIS/061/MCD43A3,2020_02_20
2020-02-21,0.5161775685520695,3.95154814022754,MODIS/061/MCD43A3,2020_02_21
2020-02-22,0.5174524119095649,6.313937654121326,MODIS/061/MCD43A3,2020_02_22
2020-02-23,0.5204015101355352,6.289683699016583,MODIS/061/MCD43A3,2020_02_23
2020-02-24,0.5360769358002959,8.796317364154786,MODIS/061/MCD43A3,2020_02_24
2020-02-25,0.5332273955039825,7.573264552666442,MODIS/061/MCD43A3,2020_02_25
2020-02-26,0.5385485696562868,10.537352107735474,MODIS/061/MCD43A3,2020_02_26
2020-02-27,0.5369667395352798,11.097941139913502,MODIS/061/MCD43A3,2020_02_27
2020-02-28,0.540509493081797,10.456128508745664,MODIS/061/MCD43A3,2020_02_28
2020-02-29,0.5570440043661152,10.521161923461085,MODIS/061/MCD43A3,2020_02_29
2020-03-01,0.5627748775733742,14.118802310572287,MODIS/061/MCD43A3,2020_03_01
2020-03-02,0.5695899465263843,17.672588829071586,MODIS/061/MCD43A3,2020_03_02
2020-03-03,0.5722615274536819,23.629100589952643,MODIS/061/MCD43A3,2020_03_03
2020-03-04,0.571617226722182,25.64570950366653,MODIS/061/MCD43A3,2020_03_04
2020-03-05,0.5756765933889277,25.195439138666146,MODIS/061/MCD43A3,2020_03_05
2020-03-06,0.5751897933486797,24.594707278278815,MODIS/061/MCD43A3,2020_03_06
2020-03-07,0.575255678807739,27.128573888414117,MODIS/061/MCD43A3,2020_03_07
2020-03-08,0.5760545250882969,31.028068559018582,MODIS/061/MCD43A3,2020_03_08
2020-03-09,0.5775941509599604,31.47624756210452,MODIS/061/MCD43A3,2020_03_09
2020-03-10,0.5801324792228405,31.173760407596077,MODIS/061/MCD43A3,2020_03_10
2020-03-11,0.579912886062428,31.3034161947294,MODIS/061/MCD43A3,2020_03_11
2020-03-12,0.5742231099963047,33.67743838893352,MODIS/061/MCD43A3,2020_03_12
2020-03-13,0.5723620759351942,32.51453657036373,MODIS/061/MCD43A3,2020_03_13
2020-03-14,0.5727204194695363,32.81185252791389,MODIS/061/MCD43A3,2020_03_14
2020-03-15,0.5699372131032509,34.29686257731076,MODIS/061/MCD43A3,2020_03_15
2020-03-16,0.565674428195697,37.21687497896933,MODIS/061/MCD43A3,2020_03_16
2020-03-17,0.569398167891089,37.39158624634967,MODIS/061/MCD43A3,2020_03_17
2020-03-18,0.5709084517810349,36.70448050062991,MODIS/061/MCD43A3,2020_03_18
2020-03-19,0.5626691025239972,34.96195581503518,MODIS/061/MCD43A3,2020_03_19
2020-03-20,0.5624945139416205,34.23812705183062,MODIS/061/MCD43A3,2020_03_20
2020-03-21,0.5635228632980649,34.262922543890326,MODIS/061/MCD43A3,2020_03_21
2020-03-22,0.5661383268755228,37.24364771688768,MODIS/061/MCD43A3,2020_03_22
2020-03-23,0.5543079222965336,32.71962125066673,MODIS/061/MCD43A3,2020_03_23
2020-03-24,0.5583695236630203,30.624832399569854,MODIS/061/MCD43A3,2020_03_24
2020-03-25,0.5605029184447005,33.63047915209858,MODIS/061/MCD43A3,2020_03_25
2020-03-26,0.560249773515904,34.605301249590795,MODIS/061/MCD43A3,2020_03_26
2020-03-27,0.5605433105496395,34.89581443661724,MODIS/061/MCD43A3,2020_03_27
2020-03-28,0.5676904011645252,28.268878584689826,MODIS/061/MCD43A3,2020_03_28
2020-03-29,0.5702871440397089,24.474486854178032,MODIS/061/MCD43A3,2020_03_29
2020-03-30,0.5741290472286342,27.39709198328003,MODIS/061/MCD43A3,2020_03_30
2020-03-31,0.5848275328048725,26.427539449315322,MODIS/061/MCD43A3,2020_03_31
2020-04-01,0.589836214149065,20.583839383121845,MODIS/061/MCD43A3,2020_04_01
2020-04-02,0.5912887276975752,19.24630853091233,MODIS/061/MCD43A3,2020_04_02
2020-04-03,0.591590923474172,20.52300238461848,MODIS/061/MCD43A3,2020_04_03
2020-04-04,0.6053546476582707,14.005459253838795,MODIS/061/MCD43A3,2020_04_04
2020-04-05,0.6089763129298081,12.359043385963377,MODIS/061/MCD43A3,2020_04_05
2020-04-06,0.6090370915928227,12.184101294068647,MODIS/061/MCD43A3,2020_04_06
2020-04-07,0.6205882086605279,8.043998419422376,MODIS/061/MCD43A3,2020_04_07
2020-04-08,0.6426548216595376,3.534462719831702,MODIS/061/MCD43A3,2020_04_08
2020-04-09,0.6366609088619852,3.7858935699663774,MODIS/061/MCD43A3,2020_04_09
2020-04-10,0.6259991576554438,6.0457407442596365,MODIS/061/MCD43A3,2020_04_10
2020-04-11,0.6193855625156401,7.880113441702294,MODIS/061/MCD43A3,2020_04_11
2020-04-12,0.621014970318326,9.540014861999403,MODIS/061/MCD43A3,2020_04_12
2020-04-13,0.579630116914748,11.669789235977573,MODIS/061/MCD43A3,2020_04_13
2020-04-14,0.5342203807449322,15.098494048662456,MODIS/061/MCD43A3,2020_04_14
2020-04-15,0.4990770119412652,12.706514028767359,MODIS/061/MCD43A3,2020_04_15
2020-04-16,0.4911922106726168,12.896187429907632,MODIS/061/MCD43A3,2020_04_16
2020-04-17,0.47819172145925887,12.51061839188401,MODIS/061/MCD43A3,2020_04_17
2020-04-18,0.48387106886852654,13.033567430449821,MODIS/061/MCD43A3,2020_04_18
2020-04-19,0.4503079440643332,13.652671229024572,MODIS/061/MCD43A3,2020_04_19
2020-04-20,0.42753487024032627,14.642164510864621,MODIS/061/MCD43A3,2020_04_20
2020-04-21,0.42798777622977546,15.019146122910852,MODIS/061/MCD43A3,2020_04_21
2020-04-22,0.41253257542081456,14.604412457477602,MODIS/061/MCD43A3,2020_04_22
2020-04-23,0.38785665486985016,15.16169530424483,MODIS/061/MCD43A3,2020_04_23
2020-04-24,0.3809399831806197,15.327536824431814,MODIS/061/MCD43A3,2020_04_24
2020-04-25,0.3808106959232815,14.933723677837817,MODIS/061/MCD43A3,2020_04_25
2020-04-26,0.38567712966538026,13.350083035047113,MODIS/061/MCD43A3,2020_04_26
2020-04-27,0.3110328260776512,7.156535640282997,MODIS/061/MCD43A3,2020_04_27
2020-04-28,0.2782098051181608,3.382864427924499,MODIS/061/MCD43A3,2020_04_28
2020-04-29,0.21966864236562997,0.9803116834134215,MODIS/061/MCD43A3,2020_04_29
2020-04-30,0.21681515128347179,0.7851819757548316,MODIS/061/MCD43A3,2020_04_30
2020-05-01,0.2169104316206652,0.32235402346222153,MODIS/061/MCD43A3,2020_05_01
2020-05-02,0.20988652401920962,0.17956061021425504,MODIS/061/MCD43A3,2020_05_02
2020-05-03,0.13985199717831756,0.4897606323805454,MODIS/061/MCD43A3,2020_05_03
2020-05-04,0.1371027300443921,1.4084052623648662,MODIS/061/MCD43A3,2020_05_04
2020-05-05,0.13803594604970965,1.2587178191102804,MODIS/061/MCD43A3,2020_05_05
2020-05-06,0.1386223326781187,0.4283571668450277,MODIS/061/MCD43A3,2020_05_06
2020-05-07,0.1385423588329075,0.43205273263856997,MODIS/061/MCD43A3,2020_05_07
2020-05-08,0.14385958229025736,1.4901355979716944,MODIS/061/MCD43A3,2020_05_08
2020-05-09,0.14525526507594289,0.6222917743358234,MODIS/061/MCD43A3,2020_05_09
2020-05-10,0.14440375061114571,0.7650792932687301,MODIS/061/MCD43A3,2020_05_10
2020-05-11,0.14412007175480038,0.669888146262558,MODIS/061/MCD43A3,2020_05_11
2020-05-12,0.1468739514305768,0.9266819713937597,MODIS/061/MCD43A3,2020_05_12
2020-05-13,0.15256234853592388,1.7720676046566535,MODIS/061/MCD43A3,2020_05_13
2020-05-14,0.1586399262733048,3.4017899026297536,MODIS/061/MCD43A3,2020_05_14
2020-05-15,0.1655236510652204,11.840744875779652,MODIS/061/MCD43A3,2020_05_15
2020-05-16,0.15106977793983267,13.341695977959597,MODIS/061/MCD43A3,2020_05_16
2020-05-17,0.14949408051980284,22.85009653837423,MODIS/061/MCD43A3,2020_05_17
2020-05-18,0.1506388729227049,26.293811471620256,MODIS/061/MCD43A3,2020_05_18
2020-05-19,0.15216043156668774,29.288572328216905,MODIS/061/MCD43A3,2020_05_19
2020-05-20,0.15155354532507598,30.51843859412844,MODIS/061/MCD43A3,2020_05_20
2020-05-21,0.1528660384622558,32.30417645755563,MODIS/061/MCD43A3,2020_05_21
2020-05-22,0.15842667081042147,35.20449415916577,MODIS/061/MCD43A3,2020_05_22
2020-05-23,0.16597267202498642,38.55448519809585,MODIS/061/MCD43A3,2020_05_23
2020-05-24,0.17027065278547193,43.046774072366375,MODIS/061/MCD43A3,2020_05_24
2020-05-25,0.17175627600073862,44.45000376970932,MODIS/061/MCD43A3,2020_05_25
2020-05-26,0.17424897160355718,46.22534088499065,MODIS/061/MCD43A3,2020_05_26
2020-05-27,0.1765642982343987,48.44098963245379,MODIS/061/MCD43A3,2020_05_27
2020-05-28,0.181235105600846,51.32792839622228,MODIS/061/MCD43A3,2020_05_28
2020-05-29,0.18154222378995521,51.07325263123745,MODIS/061/MCD43A3,2020_05_29
2020-05-30,0.1817882505192141,52.26488272277436,MODIS/061/MCD43A3,2020_05_30
2020-05-31,0.17697638369194,54.1585210862821,MODIS/061/MCD43A3,2020_05_31
2020-06-01,0.17739917010149622,53.10301132516732,MODIS/061/MCD43A3,2020_06_01
2020-06-02,0.17323636537357634,50.83463841655873,MODIS/061/MCD43A3,2020_06_02
2020-06-03,0.17309879812644896,49.41362434265235,MODIS/061/MCD43A3,2020_06_03
2020-06-04,0.16805897820796026,47.834915911133116,MODIS/061/MCD43A3,2020_06_04
2020-06-05,0.16593758823774343,46.95944370416693,MODIS/061/MCD43A3,2020_06_05
2020-06-06,0.16559802469651008,48.182175824503275,MODIS/061/MCD43A3,2020_06_06
2020-06-07,0.1628867307438785,47.30717733732108,MODIS/061/MCD43A3,2020_06_07
2020-06-08,0.16283773339783303,47.56412836527069,MODIS/061/MCD43A3,2020_06_08
2020-06-09,0.154769781698844,40.17710380174552,MODIS/061/MCD43A3,2020_06_09
2020-06-10,0.15761684720202784,44.876455702027656,MODIS/061/MCD43A3,2020_06_10
2020-06-11,0.16233049162365598,56.72200548081011,MODIS/061/MCD43A3,2020_06_11
2020-06-12,0.1632751755194191,59.15602151842416,MODIS/061/MCD43A3,2020_06_12
2020-06-13,0.1642250331587272,61.26646424176513,MODIS/061/MCD43A3,2020_06_13
2020-06-14,0.1608577443971659,63.97991537590937,MODIS/061/MCD43A3,2020_06_14
2020-06-15,0.16249295360411908,64.66352821356092,MODIS/061/MCD43A3,2020_06_15
2020-06-16,0.15452913450435582,57.77566409031025,MODIS/061/MCD43A3,2020_06_16
2020-06-17,0.15516953546269152,58.82846282272465,MODIS/061/MCD43A3,2020_06_17
2020-06-18,0.16034156105383027,67.71862292932776,MODIS/061/MCD43A3,2020_06_18
2020-06-19,0.16027789026304365,67.78790395662537,MODIS/061/MCD43A3,2020_06_19
2020-06-20,0.15948086333829692,67.19529358108642,MODIS/061/MCD43A3,2020_06_20
2020-06-21,0.15867962400619037,66.61081438909754,MODIS/061/MCD43A3,2020_06_21
2020-06-22,0.15977640371127957,69.20419404008015,MODIS/061/MCD43A3,2020_06_22
2020-06-23,0.15875084474636067,68.15916302341957,MODIS/061/MCD43A3,2020_06_23
2020-06-24,0.15872481057462742,66.14329408282809,MODIS/061/MCD43A3,2020_06_24
2020-06-25,0.15820681863762084,67.73905155069566,MODIS/061/MCD43A3,2020_06_25
2020-06-26,0.1592098049179984,69.40898710012458,MODIS/061/MCD43A3,2020_06_26
2020-06-27,0.1547387121057258,70.09012601938724,MODIS/061/MCD43A3,2020_06_27
2020-06-28,0.15214616693018193,67.56542816824958,MODIS/061/MCD43A3,2020_06_28
2020-06-29,0.15116352884078824,67.4018083526633,MODIS/061/MCD43A3,2020_06_29
2020-06-30,0.15273329017616796,69.78199291304665,MODIS/061/MCD43A3,2020_06_30
2020-07-01,0.15349484858973803,71.53046117965043,MODIS/061/MCD43A3,2020_07_01
2020-07-02,0.1539592846531569,72.49217928644839,MODIS/061/MCD43A3,2020_07_02
2020-07-03,0.1535132757845432,71.7907440704361,MODIS/061/MCD43A3,2020_07_03
2020-07-04,0.14850714041021645,63.73161938555224,MODIS/061/MCD43A3,2020_07_04
2020-07-05,0.15136279503437125,69.04467501400971,MODIS/061/MCD43A3,2020_07_05
2020-07-06,0.15274974392818194,72.79403043917141,MODIS/061/MCD43A3,2020_07_06
2020-07-07,0.15358653214757775,74.09185312224753,MODIS/061/MCD43A3,2020_07_07
2020-07-08,0.15321613053915242,72.95576382424247,MODIS/061/MCD43A3,2020_07_08
2020-07-09,0.15424572999601563,74.1497278133676,MODIS/061/MCD43A3,2020_07_09
2020-07-10,0.15420340539714206,74.44943596143239,MODIS/061/MCD43A3,2020_07_10
2020-07-11,0.15440807501186607,73.91238677396834,MODIS/061/MCD43A3,2020_07_11
2020-07-12,0.15357443658367723,70.125961490535,MODIS/061/MCD43A3,2020_07_12
2020-07-13,0.14846820114763593,53.27696420079442,MODIS/061/MCD43A3,2020_07_13
2020-07-14,0.14856456401050458,52.23573513734617,MODIS/061/MCD43A3,2020_07_14
2020-07-15,0.14787401541100434,48.84155865547528,MODIS/061/MCD43A3,2020_07_15
2020-07-16,0.1490829103389469,34.2444888511282,MODIS/061/MCD43A3,2020_07_16
2020-07-17,0.14771115341275157,25.71501315076364,MODIS/061/MCD43A3,2020_07_17
2020-07-18,0.14624630814740178,31.645565228427643,MODIS/061/MCD43A3,2020_07_18
2020-07-19,0.146629839811537,31.445779031128918,MODIS/061/MCD43A3,2020_07_19
2020-07-20,0.14372144802097897,26.183881685181547,MODIS/061/MCD43A3,2020_07_20
2020-07-21,0.14310757967917448,18.736583103586128,MODIS/061/MCD43A3,2020_07_21
2020-07-22,0.14211657536280564,15.319014886619513,MODIS/061/MCD43A3,2020_07_22
2020-07-23,0.14051032010088083,18.9399553879632,MODIS/061/MCD43A3,2020_07_23
2020-07-24,0.14010301739351785,11.916905354520841,MODIS/061/MCD43A3,2020_07_24
2020-07-25,0.1391037319241879,8.322731793116835,MODIS/061/MCD43A3,2020_07_25
2020-07-26,0.13794932311139563,12.918876055864013,MODIS/061/MCD43A3,2020_07_26
2020-07-27,0.13819769742836258,22.668823487120054,MODIS/061/MCD43A3,2020_07_27
2020-07-28,0.13927094758012648,30.51317751739091,MODIS/061/MCD43A3,2020_07_28
2020-07-29,0.13983163900127224,44.223723863347516,MODIS/061/MCD43A3,2020_07_29
2020-07-30,0.1410365367480128,45.98786006512854,MODIS/061/MCD43A3,2020_07_30
2020-07-31,0.14151989254251093,48.9493174468621,MODIS/061/MCD43A3,2020_07_31
2020-08-01,0.14209597470475094,50.33262228927482,MODIS/061/MCD43A3,2020_08_01
2020-08-02,0.142176612246413,52.60135027763958,MODIS/061/MCD43A3,2020_08_02
2020-08-03,0.14210868235461638,57.28289337907405,MODIS/061/MCD43A3,2020_08_03
2020-08-04,0.14193156028682313,58.41372125865158,MODIS/061/MCD43A3,2020_08_04
2020-08-05,0.14217224325989045,73.27040758830996,MODIS/061/MCD43A3,2020_08_05
2020-08-06,0.14213786434580808,72.97754904057331,MODIS/061/MCD43A3,2020_08_06
2020-08-07,0.14195504529243455,79.6390161186791,MODIS/061/MCD43A3,2020_08_07
2020-08-08,0.14113458498365303,81.18047175253514,MODIS/061/MCD43A3,2020_08_08
2020-08-09,0.1414512713709583,80.15507308630926,MODIS/061/MCD43A3,2020_08_09
2020-08-10,0.1415552560206392,81.22702172178066,MODIS/061/MCD43A3,2020_08_10
2020-08-11,0.1417911297908278,78.71346147784931,MODIS/061/MCD43A3,2020_08_11
2020-08-12,0.14120869135342032,83.05415010493199,MODIS/061/MCD43A3,2020_08_12
2020-08-13,0.14071447939423565,79.31620027971937,MODIS/061/MCD43A3,2020_08_13
2020-08-14,0.1403506396465611,86.60353835308939,MODIS/061/MCD43A3,2020_08_14
2020-08-15,0.14057368509368567,89.96614151286771,MODIS/061/MCD43A3,2020_08_15
2020-08-16,0.14075595291848952,92.1361857667086,MODIS/061/MCD43A3,2020_08_16
2020-08-17,0.1408459393921653,92.50010624986577,MODIS/061/MCD43A3,2020_08_17
2020-08-18,0.1407347775115251,92.18845159255834,MODIS/061/MCD43A3,2020_08_18
2020-08-19,0.13974329978103933,90.7350451711416,MODIS/061/MCD43A3,2020_08_19
2020-08-20,0.13967932630522073,89.17968590576368,MODIS/061/MCD43A3,2020_08_20
2020-08-21,0.1381108657991582,89.61924525834281,MODIS/061/MCD43A3,2020_08_21
2020-08-22,0.13838918456152138,91.13171036882356,MODIS/061/MCD43A3,2020_08_22
2020-08-23,0.13760324805259294,89.00610059037358,MODIS/061/MCD43A3,2020_08_23
2020-08-24,0.13692674494395965,86.09572095511743,MODIS/061/MCD43A3,2020_08_24
2020-08-25,0.13691231172669596,86.32210191108693,MODIS/061/MCD43A3,2020_08_25
2020-08-26,0.13712570689194978,86.42562742081564,MODIS/061/MCD43A3,2020_08_26
2020-08-27,0.13744703004730377,85.53168963850419,MODIS/061/MCD43A3,2020_08_27
2020-08-28,0.1365036719417287,81.6040413331757,MODIS/061/MCD43A3,2020_08_28
2020-08-29,0.1368386311065663,81.70755195193529,MODIS/061/MCD43A3,2020_08_29
2020-08-30,0.1345501759374344,68.32494671053087,MODIS/061/MCD43A3,2020_08_30
2020-08-31,0.1343056313104138,68.14761295151858,MODIS/061/MCD43A3,2020_08_31
2020-09-01,0.1340143217408161,65.71635485100529,MODIS/061/MCD43A3,2020_09_01
2020-09-02,0.13393562286161567,77.05238203309474,MODIS/061/MCD43A3,2020_09_02
2020-09-03,0.13431718354764463,77.78967680859282,MODIS/061/MCD43A3,2020_09_03
2020-09-04,0.1345735764042179,77.92317338940214,MODIS/061/MCD43A3,2020_09_04
2020-09-05,0.1352990365387369,80.33719882684211,MODIS/061/MCD43A3,2020_09_05
2020-09-06,0.13661412259152395,84.23441565924637,MODIS/061/MCD43A3,2020_09_06
2020-09-07,0.1368142758618639,84.68665473416166,MODIS/061/MCD43A3,2020_09_07
2020-09-08,0.13698028316590566,88.27551741684324,MODIS/061/MCD43A3,2020_09_08
2020-09-09,0.13757250160509263,90.03627982323616,MODIS/061/MCD43A3,2020_09_09
2020-09-10,0.13776246430751646,89.46492476667673,MODIS/061/MCD43A3,2020_09_10
2020-09-11,0.13786976513841728,89.95321431384964,MODIS/061/MCD43A3,2020_09_11
2020-09-12,0.13814632008920918,89.75811849419624,MODIS/061/MCD43A3,2020_09_12
2020-09-13,0.13916059005903025,90.21928548284916,MODIS/061/MCD43A3,2020_09_13
2020-09-14,0.13917616062845425,90.01212307389027,MODIS/061/MCD43A3,2020_09_14
2020-09-15,0.13946441943383686,89.43835163131811,MODIS/061/MCD43A3,2020_09_15
2020-09-16,0.13995600792976465,87.83968384607124,MODIS/061/MCD43A3,2020_09_16
2020-09-17,0.14084109830606714,85.18089002048477,MODIS/061/MCD43A3,2020_09_17
2020-09-18,0.14219356549646545,67.13484779684974,MODIS/061/MCD43A3,2020_09_18
2020-09-19,0.1427096932248514,65.7562556540502,MODIS/061/MCD43A3,2020_09_19
2020-09-20,0.1452917941122805,70.00366963045019,MODIS/061/MCD43A3,2020_09_20
2020-09-21,0.14499012796621824,76.28835218273733,MODIS/061/MCD43A3,2020_09_21
2020-09-22,0.1453711928903827,72.09408873409096,MODIS/061/MCD43A3,2020_09_22
2020-09-23,0.1451750480516416,66.64611311931628,MODIS/061/MCD43A3,2020_09_23
2020-09-24,0.14627848591272713,61.13010468143017,MODIS/061/MCD43A3,2020_09_24
2020-09-25,0.1466223529338293,55.82993858839829,MODIS/061/MCD43A3,2020_09_25
2020-09-26,0.1467903734292412,55.767147546613785,MODIS/061/MCD43A3,2020_09_26
2020-09-27,0.1477458450660125,59.182168913806294,MODIS/061/MCD43A3,2020_09_27
2020-09-28,0.14872483968725947,61.729753041944186,MODIS/061/MCD43A3,2020_09_28
2020-09-29,0.14803045431444492,61.88177028878073,MODIS/061/MCD43A3,2020_09_29
2020-09-30,0.14742249534246119,63.5096108102224,MODIS/061/MCD43A3,2020_09_30
2020-10-01,0.14693463408296023,64.2007175314127,MODIS/061/MCD43A3,2020_10_01
2020-10-02,0.1471222660115682,64.0816675332303,MODIS/061/MCD43A3,2020_10_02
2020-10-03,0.14708139628974293,63.727862060515314,MODIS/061/MCD43A3,2020_10_03
2020-10-04,0.1481377942212384,59.98345143158686,MODIS/061/MCD43A3,2020_10_04
2020-10-05,0.14877968102569164,62.74740031068408,MODIS/061/MCD43A3,2020_10_05
2020-10-06,0.1480651895833649,63.77740366349261,MODIS/061/MCD43A3,2020_10_06
2020-10-07,0.14845185293068305,62.965008197342094,MODIS/061/MCD43A3,2020_10_07
2020-10-08,0.1491450411529673,65.89350495600986,MODIS/061/MCD43A3,2020_10_08
2020-10-09,0.14902564943773602,68.08683032879912,MODIS/061/MCD43A3,2020_10_09
2020-10-10,0.14942736401172796,70.87083347386482,MODIS/061/MCD43A3,2020_10_10
2020-10-11,0.14999219906422487,72.63357902459448,MODIS/061/MCD43A3,2020_10_11
2020-10-12,0.14980092757011462,74.70336703008032,MODIS/061/MCD43A3,2020_10_12
2020-10-13,0.14957896451165928,75.63930404593741,MODIS/061/MCD43A3,2020_10_13
2020-10-14,0.14914988700412862,76.5340833766708,MODIS/061/MCD43A3,2020_10_14
2020-10-15,0.14983890814636194,76.3625086780445,MODIS/061/MCD43A3,2020_10_15
2020-10-16,0.149692894225127,75.61635359060533,MODIS/061/MCD43A3,2020_10_16
2020-10-17,0.1501269485346202,74.22711147200087,MODIS/061/MCD43A3,2020_10_17
2020-10-18,0.14996511962823575,73.31329652075569,MODIS/061/MCD43A3,2020_10_18
2020-10-19,0.15043267157338183,72.33038741519202,MODIS/061/MCD43A3,2020_10_19
2020-10-20,0.15070107946338426,71.34090253014949,MODIS/061/MCD43A3,2020_10_20
2020-10-21,0.15094876424025674,69.79209628133758,MODIS/061/MCD43A3,2020_10_21
2020-10-22,0.1502434442074294,67.96304334024535,MODIS/061/MCD43A3,2020_10_22
2020-10-23,0.1517019679606936,64.28677437033018,MODIS/061/MCD43A3,2020_10_23
2020-10-24,0.15182979654074355,52.529124276524186,MODIS/061/MCD43A3,2020_10_24
2020-10-25,0.15283615554019025,48.50065602066603,MODIS/061/MCD43A3,2020_10_25
2020-10-26,0.1530886074901233,44.67990593028491,MODIS/061/MCD43A3,2020_10_26
2020-10-27,0.15374258657572165,42.632220449666995,MODIS/061/MCD43A3,2020_10_27
2020-10-28,0.15519654754792067,42.621048869045424,MODIS/061/MCD43A3,2020_10_28
2020-10-29,0.15694973055774736,40.55124575375562,MODIS/061/MCD43A3,2020_10_29
2020-10-30,0.15635081051244573,39.796647907848296,MODIS/061/MCD43A3,2020_10_30
2020-10-31,0.15614012406480884,39.6225358231763,MODIS/061/MCD43A3,2020_10_31
2020-11-01,0.15623377133523347,40.22781268534891,MODIS/061/MCD43A3,2020_11_01
2020-11-02,0.1576292606942907,40.368368105103535,MODIS/061/MCD43A3,2020_11_02
2020-11-03,0.15720836587349205,38.817642462889,MODIS/061/MCD43A3,2020_11_03
2020-11-04,0.15759780111215185,38.51675534210525,MODIS/061/MCD43A3,2020_11_04
2020-11-05,0.1564880273986528,38.163699970571905,MODIS/061/MCD43A3,2020_11_05
2020-11-06,0.15757011937618237,36.42632341556159,MODIS/061/MCD43A3,2020_11_06
2020-11-07,0.1566139040147238,35.57457728966182,MODIS/061/MCD43A3,2020_11_07
2020-11-08,0.15796270195544365,29.88019719344256,MODIS/061/MCD43A3,2020_11_08
2020-11-09,0.16141933835406924,21.750031504439832,MODIS/061/MCD43A3,2020_11_09
2020-11-10,0.1677005921642873,12.763047549332631,MODIS/061/MCD43A3,2020_11_10
2020-11-11,0.17506752198547468,4.093619312393682,MODIS/061/MCD43A3,2020_11_11
2020-11-12,0.1830007280307363,0.06663926513900664,MODIS/061/MCD43A3,2020_11_12
2020-11-13,0.19250145814139635,0.01903937495863938,MODIS/061/MCD43A3,2020_11_13
2020-11-14,0.45829619516117426,0.3334747142570278,MODIS/061/MCD43A3,2020_11_14
2020-11-15,0.4789302916221555,0.26654065191138204,MODIS/061/MCD43A3,2020_11_15
2020-11-16,0.44387030585854814,1.1597915626491146,MODIS/061/MCD43A3,2020_11_16
2020-11-17,0.4228692511825694,2.1243057982566866,MODIS/061/MCD43A3,2020_11_17
2020-11-18,0.43491800925540786,1.990097279338792,MODIS/061/MCD43A3,2020_11_18
2020-11-19,0.4259640923913817,2.1024988867229735,MODIS/061/MCD43A3,2020_11_19
2020-11-20,0.43062744770646977,1.9755782826245833,MODIS/061/MCD43A3,2020_11_20
2020-11-21,0.4294609560900846,2.270679736096592,MODIS/061/MCD43A3,2020_11_21
2020-11-22,0.4211238468353284,2.4805554086826747,MODIS/061/MCD43A3,2020_11_22
2020-11-23,0.4094040624692266,2.6439915267337852,MODIS/061/MCD43A3,2020_11_23
2020-11-24,0.41236459629160915,2.7419892349478467,MODIS/061/MCD43A3,2020_11_24
2020-11-25,0.4253272458086062,2.3992921649926413,MODIS/061/MCD43A3,2020_11_25
2020-11-26,0.4250981711842677,2.2857730238927787,MODIS/061/MCD43A3,2020_11_26
2020-11-27,0.4175102557648982,2.380888414425823,MODIS/061/MCD43A3,2020_11_27
2020-11-28,0.4014305440389565,2.1816428015418676,MODIS/061/MCD43A3,2020_11_28
2020-11-29,0.41758340034465347,2.3340439874885264,MODIS/061/MCD43A3,2020_11_29
2020-11-30,0.4219228305525606,1.283650184162513,MODIS/061/MCD43A3,2020_11_30
2020-12-01,0.4091004410037123,0.9781531355780034,MODIS/061/MCD43A3,2020_12_01
2020-12-02,0.42246825380895886,0.6640836868430142,MODIS/061/MCD43A3,2020_12_02
2020-12-03,0.40930432346236906,0.7125378330991595,MODIS/061/MCD43A3,2020_12_03
2020-12-04,0.3991771999088869,1.68016346249212,MODIS/061/MCD43A3,2020_12_04
2020-12-05,0.4226509347822854,1.8836229062289003,MODIS/061/MCD43A3,2020_12_05
2020-12-06,0.40196376769558934,2.6407023040379776,MODIS/061/MCD43A3,2020_12_06
2020-12-07,0.3739783153779618,4.110802449519728,MODIS/061/MCD43A3,2020_12_07
2020-12-08,0.38550895427723336,4.19777785812322,MODIS/061/MCD43A3,2020_12_08
2020-12-09,0.3820661753160911,4.9289269078365665,MODIS/061/MCD43A3,2020_12_09
2020-12-10,0.3740306432413607,6.173218574260358,MODIS/061/MCD43A3,2020_12_10
2020-12-11,0.3702033948699019,7.198026448854115,MODIS/061/MCD43A3,2020_12_11
2020-12-12,0.3666648734260724,7.155730615598962,MODIS/061/MCD43A3,2020_12_12
2020-12-13,0.3672068675937082,7.186198686294487,MODIS/061/MCD43A3,2020_12_13
2020-12-14,0.36446457323254505,6.9350755523517105,MODIS/061/MCD43A3,2020_12_14
2020-12-15,0.3534522549335756,7.142818949770583,MODIS/061/MCD43A3,2020_12_15
2020-12-16,0.35264402023120694,6.8721170866529695,MODIS/061/MCD43A3,2020_12_16
2020-12-17,0.35848937842336837,8.456619277636472,MODIS/061/MCD43A3,2020_12_17
2020-12-18,0.366590769674391,8.04082343292072,MODIS/061/MCD43A3,2020_12_18
2020-12-19,0.3673360128931513,7.7754685664655065,MODIS/061/MCD43A3,2020_12_19
2020-12-20,0.3658834345165356,7.129128650416115,MODIS/061/MCD43A3,2020_12_20
2020-12-21,0.36860927396761,7.324438587610319,MODIS/061/MCD43A3,2020_12_21
2020-12-22,0.3678696411760593,6.906114480775459,MODIS/061/MCD43A3,2020_12_22
2020-12-23,0.3657885521808485,6.694569128281768,MODIS/061/MCD43A3,2020_12_23
2020-12-24,0.36189908154174955,6.719567940032185,MODIS/061/MCD43A3,2020_12_24
2020-12-25,0.3626859770220297,6.784591305616026,MODIS/061/MCD43A3,2020_12_25
2020-12-26,0.3611891107896437,6.8843242562328,MODIS/061/MCD43A3,2020_12_26
2020-12-27,0.3692928648051757,7.2359538583644145,MODIS/061/MCD43A3,2020_12_27
2020-12-28,0.35842936987555324,7.856695437728635,MODIS/061/MCD43A3,2020_12_28
2020-12-29,0.35527684692877254,7.993550535720528,MODIS/061/MCD43A3,2020_12_29
2020-12-30,0.3578418161124072,8.014095917658135,MODIS/061/MCD43A3,2020_12_30
2020-12-31,0.35479966471610364,8.359337479305577,MODIS/061/MCD43A3,2020_12_31
2021-01-01,0.3618060012960782,8.635294356770693,MODIS/061/MCD43A3,2021_01_01
2021-01-02,0.3537063135258708,9.469170952697997,MODIS/061/MCD43A3,2021_01_02
2021-01-03,0.3588727888333884,9.375803668304881,MODIS/061/MCD43A3,2021_01_03
2021-01-04,0.35280417846598794,9.81447867566351,MODIS/061/MCD43A3,2021_01_04
2021-01-05,0.3542604701779311,9.687796230564476,MODIS/061/MCD43A3,2021_01_05
2021-01-06,0.3560647440597005,9.476246583006258,MODIS/061/MCD43A3,2021_01_06
2021-01-07,0.3590118322650238,9.631136454171422,MODIS/061/MCD43A3,2021_01_07
2021-01-08,0.35821670347223933,9.690527571004663,MODIS/061/MCD43A3,2021_01_08
2021-01-09,0.35641439133255004,9.902530556744026,MODIS/061/MCD43A3,2021_01_09
2021-01-10,0.3617265615622838,8.991724783552,MODIS/061/MCD43A3,2021_01_10
2021-01-11,0.3587262370497392,9.142234094890291,MODIS/061/MCD43A3,2021_01_11
2021-01-12,0.3653476454630641,7.8262433847836546,MODIS/061/MCD43A3,2021_01_12
2021-01-13,0.3685911518124073,7.215187902483766,MODIS/061/MCD43A3,2021_01_13
2021-01-14,0.36753950002810865,6.668554642143586,MODIS/061/MCD43A3,2021_01_14
2021-01-15,0.37349572896716027,6.551186246968713,MODIS/061/MCD43A3,2021_01_15
2021-01-16,0.37439933505342904,6.175684362320546,MODIS/061/MCD43A3,2021_01_16
2021-01-17,0.38610069007435344,4.092689854870408,MODIS/061/MCD43A3,2021_01_17
2021-01-18,0.38961431360532955,3.728861353930159,MODIS/061/MCD43A3,2021_01_18
2021-01-19,0.39064363979563327,3.9379031811319076,MODIS/061/MCD43A3,2021_01_19
2021-01-20,0.3889612496079431,4.151930307651088,MODIS/061/MCD43A3,2021_01_20
2021-01-21,0.38564388111211895,5.33396878253973,MODIS/061/MCD43A3,2021_01_21
2021-01-22,0.3856732938026828,5.728632682226702,MODIS/061/MCD43A3,2021_01_22
2021-01-23,0.38248918967060275,5.266169237548432,MODIS/061/MCD43A3,2021_01_23
2021-01-24,0.3927606955496131,3.999455024785181,MODIS/061/MCD43A3,2021_01_24
2021-01-25,0.3932658331940163,4.029616730200632,MODIS/061/MCD43A3,2021_01_25
2021-01-26,0.41720354366707463,4.721616472730866,MODIS/061/MCD43A3,2021_01_26
2021-01-27,0.41904344354361406,5.307970910892052,MODIS/061/MCD43A3,2021_01_27
2021-01-28,0.4160526101042222,5.381062169969321,MODIS/061/MCD43A3,2021_01_28
2021-01-29,0.4110204351676708,5.22005987081105,MODIS/061/MCD43A3,2021_01_29
2021-01-30,0.4141349031030979,5.197397431820506,MODIS/061/MCD43A3,2021_01_30
2021-01-31,0.4161501958332172,4.978984426879093,MODIS/061/MCD43A3,2021_01_31
2021-02-01,0.41132250357720335,5.120800470380494,MODIS/061/MCD43A3,2021_02_01
2021-02-02,0.40951581689320277,4.855598327456304,MODIS/061/MCD43A3,2021_02_02
2021-02-03,0.4113823443895549,4.997375242734396,MODIS/061/MCD43A3,2021_02_03
2021-02-04,0.4190080968433259,3.8852661009196336,MODIS/061/MCD43A3,2021_02_04
2021-02-05,0.42106718326100523,3.69143799876959,MODIS/061/MCD43A3,2021_02_05
2021-02-06,0.44067051730952517,2.0211163700568715,MODIS/061/MCD43A3,2021_02_06
2021-02-07,0.46079956324085125,2.533157174975545,MODIS/061/MCD43A3,2021_02_07
2021-02-08,0.4697839676848856,3.8697508420139433,MODIS/061/MCD43A3,2021_02_08
2021-02-09,0.4493984777814633,6.390290633249129,MODIS/061/MCD43A3,2021_02_09
2021-02-10,0.4452669140390258,7.773634961858074,MODIS/061/MCD43A3,2021_02_10
2021-02-11,0.45643215383856384,5.719801793378633,MODIS/061/MCD43A3,2021_02_11
2021-02-12,0.4541826324333962,4.936074024800363,MODIS/061/MCD43A3,2021_02_12
2021-02-13,0.4629461949930472,4.069888805924955,MODIS/061/MCD43A3,2021_02_13
2021-02-14,0.4630238999495911,4.172846599262754,MODIS/061/MCD43A3,2021_02_14
2021-02-15,0.4636324781814214,4.261064355470018,MODIS/061/MCD43A3,2021_02_15
2021-02-16,0.459043624435883,4.431850712153838,MODIS/061/MCD43A3,2021_02_16
2021-02-17,0.46443489598671667,4.400048306875427,MODIS/061/MCD43A3,2021_02_17
2021-02-18,0.5099855574081463,4.224102675994063,MODIS/061/MCD43A3,2021_02_18
2021-02-19,0.5221491482766432,3.9810522330973703,MODIS/061/MCD43A3,2021_02_19
2021-02-20,0.5205287110448119,3.8877974282417775,MODIS/061/MCD43A3,2021_02_20
2021-02-21,0.5221282457852362,4.752659350998177,MODIS/061/MCD43A3,2021_02_21
2021-02-22,0.554902493125563,6.2722484662281195,MODIS/061/MCD43A3,2021_02_22
2021-02-23,0.5584623099108952,5.687299827575663,MODIS/061/MCD43A3,2021_02_23
2021-02-24,0.5555276196929338,4.972876806624787,MODIS/061/MCD43A3,2021_02_24
2021-02-25,0.5680149598160055,5.033977247119317,MODIS/061/MCD43A3,2021_02_25
2021-02-26,0.5597245973087254,8.163958598434537,MODIS/061/MCD43A3,2021_02_26
2021-02-27,0.559784513132123,8.048492511777463,MODIS/061/MCD43A3,2021_02_27
2021-02-28,0.5593740345028064,7.789376930616489,MODIS/061/MCD43A3,2021_02_28
2021-03-01,0.5578798754083539,7.999103872926024,MODIS/061/MCD43A3,2021_03_01
2021-03-02,0.5579293780114317,8.138985693592936,MODIS/061/MCD43A3,2021_03_02
2021-03-03,0.5600969332639483,7.901042120006306,MODIS/061/MCD43A3,2021_03_03
2021-03-04,0.5610083249876364,9.977023173338857,MODIS/061/MCD43A3,2021_03_04
2021-03-05,0.558760329697279,10.244158936125876,MODIS/061/MCD43A3,2021_03_05
2021-03-06,0.5430980649534128,7.640725955436967,MODIS/061/MCD43A3,2021_03_06
2021-03-07,0.551405418876892,6.690277982997919,MODIS/061/MCD43A3,2021_03_07
2021-03-08,0.5518492422650878,6.766024067914348,MODIS/061/MCD43A3,2021_03_08
2021-03-09,0.5736076610103505,8.858059010599797,MODIS/061/MCD43A3,2021_03_09
2021-03-10,0.5929962459362913,5.854474537958599,MODIS/061/MCD43A3,2021_03_10
2021-03-11,0.6016537338996917,8.782225023288628,MODIS/061/MCD43A3,2021_03_11
2021-03-12,0.601434984559739,9.57230630897749,MODIS/061/MCD43A3,2021_03_12
2021-03-13,0.6009537047762825,9.358885642395041,MODIS/061/MCD43A3,2021_03_13
2021-03-14,0.6094753522962613,10.478586062078046,MODIS/061/MCD43A3,2021_03_14
2021-03-15,0.6077977075224155,10.204760775360926,MODIS/061/MCD43A3,2021_03_15
2021-03-16,0.6053957267709748,9.914134706604068,MODIS/061/MCD43A3,2021_03_16
2021-03-17,0.6090833832385556,10.088635474936059,MODIS/061/MCD43A3,2021_03_17
2021-03-18,0.6071967366860321,9.311924101244047,MODIS/061/MCD43A3,2021_03_18
2021-03-19,0.608888445003461,9.777262135673443,MODIS/061/MCD43A3,2021_03_19
2021-03-20,0.6244093005211606,5.651986948053758,MODIS/061/MCD43A3,2021_03_20
2021-03-21,0.6248585549112138,5.85189877643296,MODIS/061/MCD43A3,2021_03_21
2021-03-22,0.6244349786282494,5.954669387125133,MODIS/061/MCD43A3,2021_03_22
2021-03-23,0.6275983587852356,8.316281334023987,MODIS/061/MCD43A3,2021_03_23
2021-03-24,0.6240169590752008,9.311363936372523,MODIS/061/MCD43A3,2021_03_24
2021-03-25,0.6226498878796414,5.9422401314359865,MODIS/061/MCD43A3,2021_03_25
2021-03-26,0.6405959536652677,5.730404519909399,MODIS/061/MCD43A3,2021_03_26
2021-03-27,0.636712778139058,4.026527084750703,MODIS/061/MCD43A3,2021_03_27
2021-03-28,0.6333563706029766,2.3163121082066374,MODIS/061/MCD43A3,2021_03_28
2021-03-29,0.6449677666912272,3.49428425370609,MODIS/061/MCD43A3,2021_03_29
2021-03-30,0.6424499610405129,7.206499443931312,MODIS/061/MCD43A3,2021_03_30
2021-03-31,0.623643373817079,15.458760001083094,MODIS/061/MCD43A3,2021_03_31
2021-04-01,0.6295904891895016,18.6436580957584,MODIS/061/MCD43A3,2021_04_01
2021-04-02,0.6130601964985789,20.60605061029262,MODIS/061/MCD43A3,2021_04_02
2021-04-03,0.6179635920648403,23.05159103564735,MODIS/061/MCD43A3,2021_04_03
2021-04-04,0.6124380190856081,24.389885781760633,MODIS/061/MCD43A3,2021_04_04
2021-04-05,0.6110584308623174,23.706530169023743,MODIS/061/MCD43A3,2021_04_05
2021-04-06,0.6012574893981466,24.199574639502828,MODIS/061/MCD43A3,2021_04_06
2021-04-07,0.5852529683537222,26.26945502417729,MODIS/061/MCD43A3,2021_04_07
2021-04-08,0.5840327736774731,28.348582229796154,MODIS/061/MCD43A3,2021_04_08
2021-04-09,0.5766890148537558,29.07719175002483,MODIS/061/MCD43A3,2021_04_09
2021-04-10,0.5721145517176596,31.19562334192854,MODIS/061/MCD43A3,2021_04_10
2021-04-11,0.5594602495384735,37.362270942368305,MODIS/061/MCD43A3,2021_04_11
2021-04-12,0.5619980834600911,36.6592731117106,MODIS/061/MCD43A3,2021_04_12
2021-04-13,0.5602523183189009,37.746318702858915,MODIS/061/MCD43A3,2021_04_13
2021-04-14,0.557804280746642,37.25486727281839,MODIS/061/MCD43A3,2021_04_14
2021-04-15,0.5558483356989975,39.2970210889458,MODIS/061/MCD43A3,2021_04_15
2021-04-16,0.5277575661508689,36.75858401411867,MODIS/061/MCD43A3,2021_04_16
2021-04-17,0.5308231423214851,36.33169797384686,MODIS/061/MCD43A3,2021_04_17
2021-04-18,0.5285337217820153,33.1958607715941,MODIS/061/MCD43A3,2021_04_18
2021-04-19,0.5147312356929824,31.00659073960368,MODIS/061/MCD43A3,2021_04_19
2021-04-20,0.491360483334622,29.485299112106528,MODIS/061/MCD43A3,2021_04_20
2021-04-21,0.47019370166989094,30.185902971095324,MODIS/061/MCD43A3,2021_04_21
2021-04-22,0.44882558961111607,27.15754202201428,MODIS/061/MCD43A3,2021_04_22
2021-04-23,0.40375653788313254,15.8927291148151,MODIS/061/MCD43A3,2021_04_23
2021-04-24,0.38685628008113365,14.215671075062986,MODIS/061/MCD43A3,2021_04_24
2021-04-25,0.3112997560989509,14.530392483817462,MODIS/061/MCD43A3,2021_04_25
2021-04-26,0.2576485283650771,13.020558006925953,MODIS/061/MCD43A3,2021_04_26
2021-04-27,0.25245076900493235,13.998152487158166,MODIS/061/MCD43A3,2021_04_27
2021-04-28,0.24031967826976552,13.229757604020923,MODIS/061/MCD43A3,2021_04_28
2021-04-29,0.24505863345464343,13.500896550465477,MODIS/061/MCD43A3,2021_04_29
2021-04-30,0.24846158372766253,13.722721146090743,MODIS/061/MCD43A3,2021_04_30
2021-05-01,0.31858981718139706,16.9342308316317,MODIS/061/MCD43A3,2021_05_01
2021-05-02,0.28456598676225814,13.077065450992905,MODIS/061/MCD43A3,2021_05_02
2021-05-03,0.2879958268693387,13.360379724731084,MODIS/061/MCD43A3,2021_05_03
2021-05-04,0.2906702304276301,15.025267385496557,MODIS/061/MCD43A3,2021_05_04
2021-05-05,0.26840231181713753,15.32651121237903,MODIS/061/MCD43A3,2021_05_05
2021-05-06,0.24588449722388064,17.887303858635153,MODIS/061/MCD43A3,2021_05_06
2021-05-07,0.24205172430414382,19.99550645119177,MODIS/061/MCD43A3,2021_05_07
2021-05-08,0.24004405297427972,25.08970619857765,MODIS/061/MCD43A3,2021_05_08
2021-05-09,0.23384754677683472,34.069410732964585,MODIS/061/MCD43A3,2021_05_09
2021-05-10,0.2325766507778067,40.78750002023618,MODIS/061/MCD43A3,2021_05_10
2021-05-11,0.21809653837061468,38.06301864962213,MODIS/061/MCD43A3,2021_05_11
2021-05-12,0.21560462034769132,39.62198211993986,MODIS/061/MCD43A3,2021_05_12
2021-05-13,0.21068480368792736,36.173408107058826,MODIS/061/MCD43A3,2021_05_13
2021-05-14,0.21616517773467997,39.59593061644234,MODIS/061/MCD43A3,2021_05_14
2021-05-15,0.21795468749968896,43.246284057934645,MODIS/061/MCD43A3,2021_05_15
2021-05-16,0.2152252802227555,42.86806860408612,MODIS/061/MCD43A3,2021_05_16
2021-05-17,0.21660903026959022,43.18244620330764,MODIS/061/MCD43A3,2021_05_17
2021-05-18,0.21534863363925627,45.1653485562159,MODIS/061/MCD43A3,2021_05_18
2021-05-19,0.21261721662923055,44.766097045110136,MODIS/061/MCD43A3,2021_05_19
2021-05-20,0.19483808735758953,36.08075791871267,MODIS/061/MCD43A3,2021_05_20
2021-05-21,0.19141691468351796,34.652897251442894,MODIS/061/MCD43A3,2021_05_21
2021-05-22,0.18489562813516622,35.79765862872596,MODIS/061/MCD43A3,2021_05_22
2021-05-23,0.18084513392512724,32.216684344355095,MODIS/061/MCD43A3,2021_05_23
2021-05-24,0.17894026398103044,32.223474613233,MODIS/061/MCD43A3,2021_05_24
2021-05-25,0.17622772214522872,25.480306976529082,MODIS/061/MCD43A3,2021_05_25
2021-05-26,0.1731411473730741,24.043476363744357,MODIS/061/MCD43A3,2021_05_26
2021-05-27,0.16683617229918135,20.67553789744745,MODIS/061/MCD43A3,2021_05_27
2021-05-28,0.16967736339125358,25.457699951668797,MODIS/061/MCD43A3,2021_05_28
2021-05-29,0.16964517087862135,46.57867916613922,MODIS/061/MCD43A3,2021_05_29
2021-05-30,0.17115481215105643,49.494717932988316,MODIS/061/MCD43A3,2021_05_30
2021-05-31,0.17101171639175208,51.798081075236034,MODIS/061/MCD43A3,2021_05_31
2021-06-01,0.17122176647596643,52.12383768305978,MODIS/061/MCD43A3,2021_06_01
2021-06-02,0.1711150191613978,53.400540036760525,MODIS/061/MCD43A3,2021_06_02
2021-06-03,0.16975326995151918,51.17210644398573,MODIS/061/MCD43A3,2021_06_03
2021-06-04,0.16939816809634092,52.079738112355265,MODIS/061/MCD43A3,2021_06_04
2021-06-05,0.16994720107734876,53.2218099477736,MODIS/061/MCD43A3,2021_06_05
2021-06-06,0.16968276918762185,53.61726215274475,MODIS/061/MCD43A3,2021_06_06
2021-06-07,0.1596752601704358,46.105682361095774,MODIS/061/MCD43A3,2021_06_07
2021-06-08,0.1609651738547037,52.2556771826553,MODIS/061/MCD43A3,2021_06_08
2021-06-09,0.15948352061389248,50.00752480473225,MODIS/061/MCD43A3,2021_06_09
2021-06-10,0.15461990980236248,42.81287804936151,MODIS/061/MCD43A3,2021_06_10
2021-06-11,0.15457613783456522,41.53743291561827,MODIS/061/MCD43A3,2021_06_11
2021-06-12,0.15338895931913027,42.356957084763074,MODIS/061/MCD43A3,2021_06_12
2021-06-13,0.15363153886582329,42.45427849934076,MODIS/061/MCD43A3,2021_06_13
2021-06-14,0.1493463852868115,48.28559444042498,MODIS/061/MCD43A3,2021_06_14
2021-06-15,0.14837892650833182,46.481018202326496,MODIS/061/MCD43A3,2021_06_15
2021-06-16,0.14952693370303718,51.06867820601535,MODIS/061/MCD43A3,2021_06_16
2021-06-17,0.1511505190948586,64.97532375902988,MODIS/061/MCD43A3,2021_06_17
2021-06-18,0.1519215576048858,64.55720412436318,MODIS/061/MCD43A3,2021_06_18
2021-06-19,0.15403918496734595,76.73457502704328,MODIS/061/MCD43A3,2021_06_19
2021-06-20,0.15554496496542886,82.63168564635403,MODIS/061/MCD43A3,2021_06_20
2021-06-21,0.15663372825966343,85.34975036056102,MODIS/061/MCD43A3,2021_06_21
2021-06-22,0.157678212180883,87.5099698671334,MODIS/061/MCD43A3,2021_06_22
2021-06-23,0.15738423568663862,88.62210059683805,MODIS/061/MCD43A3,2021_06_23
2021-06-24,0.15600041164667552,87.26562316858242,MODIS/061/MCD43A3,2021_06_24
2021-06-25,0.15578880610758178,86.55493410186334,MODIS/061/MCD43A3,2021_06_25
2021-06-26,0.15594605314533985,87.50495432073608,MODIS/061/MCD43A3,2021_06_26
2021-06-27,0.15580235268918186,87.80991655754228,MODIS/061/MCD43A3,2021_06_27
2021-06-28,0.15570189425666733,87.8984388829827,MODIS/061/MCD43A3,2021_06_28
2021-06-29,0.1547677613493661,86.435892577327,MODIS/061/MCD43A3,2021_06_29
2021-06-30,0.15092849747810883,80.48564189368706,MODIS/061/MCD43A3,2021_06_30
2021-07-01,0.15091945006359078,83.46603903265571,MODIS/061/MCD43A3,2021_07_01
2021-07-02,0.15056509902183884,81.23957179378219,MODIS/061/MCD43A3,2021_07_02
2021-07-03,0.14893783671734337,78.17021175886838,MODIS/061/MCD43A3,2021_07_03
2021-07-04,0.14898425374883056,78.83703222950945,MODIS/061/MCD43A3,2021_07_04
2021-07-05,0.14843219515447387,78.56755229750206,MODIS/061/MCD43A3,2021_07_05
2021-07-06,0.14783804472216655,71.8341963497142,MODIS/061/MCD43A3,2021_07_06
2021-07-07,0.14726097819064707,68.04067214646425,MODIS/061/MCD43A3,2021_07_07
2021-07-08,0.1464045549127708,63.05237114007982,MODIS/061/MCD43A3,2021_07_08
2021-07-09,0.14612307609724687,60.498024503754806,MODIS/061/MCD43A3,2021_07_09
2021-07-10,0.14488297657045665,67.49642072532768,MODIS/061/MCD43A3,2021_07_10
2021-07-11,0.1450764484374578,69.69092707307732,MODIS/061/MCD43A3,2021_07_11
2021-07-12,0.14488606592509248,72.69675547200649,MODIS/061/MCD43A3,2021_07_12
2021-07-13,0.14481440050406863,72.63529027999905,MODIS/061/MCD43A3,2021_07_13
2021-07-14,0.14429253747112095,69.97370826838936,MODIS/061/MCD43A3,2021_07_14
2021-07-15,0.14418224576275318,71.38483195285475,MODIS/061/MCD43A3,2021_07_15
2021-07-16,0.14195014137943834,82.42305120339775,MODIS/061/MCD43A3,2021_07_16
2021-07-17,0.1413948218691264,83.28277636199383,MODIS/061/MCD43A3,2021_07_17
2021-07-18,0.14073494849419826,85.9687655956862,MODIS/061/MCD43A3,2021_07_18
2021-07-19,0.1404995785626748,90.74053131725509,MODIS/061/MCD43A3,2021_07_19
2021-07-20,0.1407160754934314,90.65568846784812,MODIS/061/MCD43A3,2021_07_20
2021-07-21,0.1403517951962836,92.74087206234672,MODIS/061/MCD43A3,2021_07_21
2021-07-22,0.1409262356724212,93.07167464122172,MODIS/061/MCD43A3,2021_07_22
2021-07-23,0.14105490852833094,94.17437836502154,MODIS/061/MCD43A3,2021_07_23
2021-07-24,0.1412857264595981,94.81258526200455,MODIS/061/MCD43A3,2021_07_24
2021-07-25,0.14128970463305504,94.88807303944247,MODIS/061/MCD43A3,2021_07_25
2021-07-26,0.14131559566350685,94.53632395241179,MODIS/061/MCD43A3,2021_07_26
2021-07-27,0.14141574950517383,94.64600951735244,MODIS/061/MCD43A3,2021_07_27
2021-07-28,0.1413948382147819,94.30515492070714,MODIS/061/MCD43A3,2021_07_28
2021-07-29,0.14143006794910462,94.13835603319055,MODIS/061/MCD43A3,2021_07_29
2021-07-30,0.14165517111406042,94.30904267152252,MODIS/061/MCD43A3,2021_07_30
2021-07-31,0.1417192643669467,94.1601927190334,MODIS/061/MCD43A3,2021_07_31
2021-08-01,0.14230029295482358,90.58610356607777,MODIS/061/MCD43A3,2021_08_01
2021-08-02,0.14253785781422595,90.18129403502118,MODIS/061/MCD43A3,2021_08_02
2021-08-03,0.14274934067466222,90.12750116948311,MODIS/061/MCD43A3,2021_08_03
2021-08-04,0.14272864370258528,90.56380708083401,MODIS/061/MCD43A3,2021_08_04
2021-08-05,0.14283795660531004,87.18832941854593,MODIS/061/MCD43A3,2021_08_05
2021-08-06,0.142522599423012,89.63249464433181,MODIS/061/MCD43A3,2021_08_06
2021-08-07,0.14284477266218537,87.22277485454819,MODIS/061/MCD43A3,2021_08_07
2021-08-08,0.14291011014317873,93.28682273195157,MODIS/061/MCD43A3,2021_08_08
2021-08-09,0.14291909508467127,93.08045497680114,MODIS/061/MCD43A3,2021_08_09
2021-08-10,0.1426533663150857,95.68415109775431,MODIS/061/MCD43A3,2021_08_10
2021-08-11,0.14267630788794694,96.23428204076922,MODIS/061/MCD43A3,2021_08_11
2021-08-12,0.14276747486849606,96.26553221312088,MODIS/061/MCD43A3,2021_08_12
2021-08-13,0.14315780708770362,96.7738051348946,MODIS/061/MCD43A3,2021_08_13
2021-08-14,0.1434130405816476,96.83891482924697,MODIS/061/MCD43A3,2021_08_14
2021-08-15,0.14367072394977587,97.10967949609245,MODIS/061/MCD43A3,2021_08_15
2021-08-16,0.14373108778819693,97.09609006313492,MODIS/061/MCD43A3,2021_08_16
2021-08-17,0.1439772259525885,96.82505459583147,MODIS/061/MCD43A3,2021_08_17
2021-08-18,0.14399759385638242,96.76267229747283,MODIS/061/MCD43A3,2021_08_18
2021-08-19,0.1441139596081661,96.55454316807484,MODIS/061/MCD43A3,2021_08_19
2021-08-20,0.14518783437485444,94.8025939925743,MODIS/061/MCD43A3,2021_08_20
2021-08-21,0.1456866442033655,90.32315434557286,MODIS/061/MCD43A3,2021_08_21
2021-08-22,0.14508558659385623,90.43037940443057,MODIS/061/MCD43A3,2021_08_22
2021-08-23,0.1451002108725102,87.35460406431451,MODIS/061/MCD43A3,2021_08_23
2021-08-24,0.14736114643780862,69.68066099598856,MODIS/061/MCD43A3,2021_08_24
2021-08-25,0.14705114776505546,64.87434080858249,MODIS/061/MCD43A3,2021_08_25
2021-08-26,0.14583180830555703,65.2413103456345,MODIS/061/MCD43A3,2021_08_26
2021-08-27,0.14509102544217875,66.59887306730693,MODIS/061/MCD43A3,2021_08_27
2021-08-28,0.1445385110103772,65.39893617694192,MODIS/061/MCD43A3,2021_08_28
2021-08-29,0.1419458983272427,85.45683936525197,MODIS/061/MCD43A3,2021_08_29
2021-08-30,0.1423489876774989,87.72398998418758,MODIS/061/MCD43A3,2021_08_30
2021-08-31,0.1435031331577053,92.81982796357559,MODIS/061/MCD43A3,2021_08_31
2021-09-01,0.1438978064134015,93.76358390032088,MODIS/061/MCD43A3,2021_09_01
2021-09-02,0.14391562866763308,95.98046581820638,MODIS/061/MCD43A3,2021_09_02
2021-09-03,0.14392544039006125,95.65813352659788,MODIS/061/MCD43A3,2021_09_03
2021-09-04,0.1438998280485696,95.89433799279185,MODIS/061/MCD43A3,2021_09_04
2021-09-05,0.14358736266871439,96.58936445374395,MODIS/061/MCD43A3,2021_09_05
2021-09-06,0.1437744606259455,96.87294637411314,MODIS/061/MCD43A3,2021_09_06
2021-09-07,0.14483201873020407,97.24564239737356,MODIS/061/MCD43A3,2021_09_07
2021-09-08,0.14497242608675254,97.57473282364012,MODIS/061/MCD43A3,2021_09_08
2021-09-09,0.14555238884583765,97.87138155874545,MODIS/061/MCD43A3,2021_09_09
2021-09-10,0.14560927812661753,98.01280293774383,MODIS/061/MCD43A3,2021_09_10
2021-09-11,0.14589445824363365,98.36421658393611,MODIS/061/MCD43A3,2021_09_11
2021-09-12,0.14630565849363697,98.35279132484318,MODIS/061/MCD43A3,2021_09_12
2021-09-13,0.14658261742342954,98.20487939059521,MODIS/061/MCD43A3,2021_09_13
2021-09-14,0.14708357785666665,98.33065321919109,MODIS/061/MCD43A3,2021_09_14
2021-09-15,0.14740080746295603,98.06375868322168,MODIS/061/MCD43A3,2021_09_15
2021-09-16,0.147917001940653,97.99872359894073,MODIS/061/MCD43A3,2021_09_16
2021-09-17,0.14793779623471512,97.94037319487566,MODIS/061/MCD43A3,2021_09_17
2021-09-18,0.14782128075593726,97.85028764144663,MODIS/061/MCD43A3,2021_09_18
2021-09-19,0.14789215775539036,98.18251512619597,MODIS/061/MCD43A3,2021_09_19
2021-09-20,0.14830917270723562,97.20320142690996,MODIS/061/MCD43A3,2021_09_20
2021-09-21,0.14933795388319276,97.99506631324427,MODIS/061/MCD43A3,2021_09_21
2021-09-22,0.14959763510201704,98.20551228276842,MODIS/061/MCD43A3,2021_09_22
2021-09-23,0.14966172640283917,97.54061272050558,MODIS/061/MCD43A3,2021_09_23
2021-09-24,0.14956857293558873,97.04464588120732,MODIS/061/MCD43A3,2021_09_24
2021-09-25,0.14940825381490638,96.7679703192169,MODIS/061/MCD43A3,2021_09_25
2021-09-26,0.14980050743057047,95.97531561252153,MODIS/061/MCD43A3,2021_09_26
2021-09-27,0.15042043030497726,94.6522698497639,MODIS/061/MCD43A3,2021_09_27
2021-09-28,0.15118083146330075,92.84819261410314,MODIS/061/MCD43A3,2021_09_28
2021-09-29,0.1514948729502755,91.73212883980295,MODIS/061/MCD43A3,2021_09_29
2021-09-30,0.15221461229294544,85.31213986993728,MODIS/061/MCD43A3,2021_09_30
2021-10-01,0.15278910256704614,80.29949978523726,MODIS/061/MCD43A3,2021_10_01
2021-10-02,0.15390681019374494,63.95777192107743,MODIS/061/MCD43A3,2021_10_02
2021-10-03,0.15539775714424955,51.6363420184077,MODIS/061/MCD43A3,2021_10_03
2021-10-04,0.15858770528833047,24.59420240677729,MODIS/061/MCD43A3,2021_10_04
2021-10-05,0.1602230091831257,13.627480531425576,MODIS/061/MCD43A3,2021_10_05
2021-10-06,0.15816296182518674,16.89522883053535,MODIS/061/MCD43A3,2021_10_06
2021-10-07,0.1562917578319019,13.031763529980967,MODIS/061/MCD43A3,2021_10_07
2021-10-08,0.17955835048674051,12.504991489815282,MODIS/061/MCD43A3,2021_10_08
2021-10-09,0.1851634439650881,15.711040398620657,MODIS/061/MCD43A3,2021_10_09
2021-10-10,0.1846963734335313,18.28539983306075,MODIS/061/MCD43A3,2021_10_10
2021-10-11,0.18103051635401063,20.238450094479255,MODIS/061/MCD43A3,2021_10_11
2021-10-12,0.18340732198183496,21.1863511311585,MODIS/061/MCD43A3,2021_10_12
2021-10-13,0.1892724511474406,17.000865740084397,MODIS/061/MCD43A3,2021_10_13
2021-10-14,0.18899837387029003,16.46225307761242,MODIS/061/MCD43A3,2021_10_14
2021-10-15,0.19298102461103864,16.86539311636589,MODIS/061/MCD43A3,2021_10_15
2021-10-16,0.21545390152528449,17.678352386321595,MODIS/061/MCD43A3,2021_10_16
2021-10-17,0.22045651745703487,19.190156094153526,MODIS/061/MCD43A3,2021_10_17
2021-10-18,0.21730301165867216,19.395593854954896,MODIS/061/MCD43A3,2021_10_18
2021-10-19,0.2198653612541653,19.950591237318033,MODIS/061/MCD43A3,2021_10_19
2021-10-20,0.22774979599900055,20.681584734198843,MODIS/061/MCD43A3,2021_10_20
2021-10-21,0.23654836824686634,17.835889634148995,MODIS/061/MCD43A3,2021_10_21
2021-10-22,0.24740426180056818,13.220566429847784,MODIS/061/MCD43A3,2021_10_22
2021-10-23,0.23617881307283559,10.481648313597578,MODIS/061/MCD43A3,2021_10_23
2021-10-24,0.2315451103899365,8.411752394893512,MODIS/061/MCD43A3,2021_10_24
2021-10-25,0.255503926603269,6.6739697433467144,MODIS/061/MCD43A3,2021_10_25
2021-10-26,0.3088119411228846,5.645469000513017,MODIS/061/MCD43A3,2021_10_26
2021-10-27,0.4252367278123418,3.013122862057944,MODIS/061/MCD43A3,2021_10_27
2021-10-28,0.5118615495855435,2.5589744926857567,MODIS/061/MCD43A3,2021_10_28
2021-10-29,0.49016310534487106,3.370114217681838,MODIS/061/MCD43A3,2021_10_29
2021-10-30,0.4156256040660917,4.970520287296456,MODIS/061/MCD43A3,2021_10_30
2021-10-31,0.3620012222009898,6.668209637196262,MODIS/061/MCD43A3,2021_10_31
2021-11-01,0.33639236486168517,4.754747144409483,MODIS/061/MCD43A3,2021_11_01
2021-11-02,0.3707335676405432,3.0373013127039705,MODIS/061/MCD43A3,2021_11_02
2021-11-03,0.3803129660874704,2.621242542394715,MODIS/061/MCD43A3,2021_11_03
2021-11-04,0.31702868454142474,3.915081851943361,MODIS/061/MCD43A3,2021_11_04
2021-11-05,0.26720768133877715,6.27929656373755,MODIS/061/MCD43A3,2021_11_05
2021-11-06,0.27509926040106497,6.526277399630077,MODIS/061/MCD43A3,2021_11_06
2021-11-07,0.2782125335154593,6.780616302093283,MODIS/061/MCD43A3,2021_11_07
2021-11-08,0.2864615736305752,6.526845755263824,MODIS/061/MCD43A3,2021_11_08
2021-11-09,0.27935681775031596,6.087197660654007,MODIS/061/MCD43A3,2021_11_09
2021-11-10,0.24070655999952886,4.0182392269344795,MODIS/061/MCD43A3,2021_11_10
2021-11-11,0.2940525568093994,2.4399111079161684,MODIS/061/MCD43A3,2021_11_11
2021-11-12,0.3223923196996593,2.9373157128079934,MODIS/061/MCD43A3,2021_11_12
2021-11-13,0.35088315719043567,2.466390931977159,MODIS/061/MCD43A3,2021_11_13
2021-11-14,0.35272909040606154,1.8836428525951798,MODIS/061/MCD43A3,2021_11_14
2021-11-15,0.3909954261388943,1.3586265294077313,MODIS/061/MCD43A3,2021_11_15
2021-11-16,0.3795747950862133,1.3861687449800268,MODIS/061/MCD43A3,2021_11_16
2021-11-17,0.3752816288225971,2.193717278768405,MODIS/061/MCD43A3,2021_11_17
2021-11-18,0.375330558296368,2.0274079986194744,MODIS/061/MCD43A3,2021_11_18
2021-11-19,0.3758528442421967,1.572040179773184,MODIS/061/MCD43A3,2021_11_19
2021-11-20,0.3465267852500726,1.695937159866063,MODIS/061/MCD43A3,2021_11_20
2021-11-21,0.34505925152283,2.11060458766874,MODIS/061/MCD43A3,2021_11_21
2021-11-22,0.3396824284962943,2.5348353226306553,MODIS/061/MCD43A3,2021_11_22
2021-11-23,0.3472089161226646,2.6979762548244115,MODIS/061/MCD43A3,2021_11_23
2021-11-24,0.32894615851578735,2.866194443759549,MODIS/061/MCD43A3,2021_11_24
2021-11-25,0.33231510198276526,3.2606731172615135,MODIS/061/MCD43A3,2021_11_25
2021-11-26,0.3426962376353518,3.2715050879771894,MODIS/061/MCD43A3,2021_11_26
2021-11-27,0.33713928905083385,3.403693556831376,MODIS/061/MCD43A3,2021_11_27
2021-11-28,0.3483408703883207,2.502670979505886,MODIS/061/MCD43A3,2021_11_28
2021-11-29,0.3318718638559204,2.549185224635159,MODIS/061/MCD43A3,2021_11_29
2021-11-30,0.33589529569360166,2.447205399915993,MODIS/061/MCD43A3,2021_11_30
2021-12-01,0.3370760799602868,2.3706406585980546,MODIS/061/MCD43A3,2021_12_01
2021-12-02,0.3412121924338386,2.211163736814837,MODIS/061/MCD43A3,2021_12_02
2021-12-03,0.3388340150207721,2.3736242687681264,MODIS/061/MCD43A3,2021_12_03
2021-12-04,0.3351297995660339,2.321771682854418,MODIS/061/MCD43A3,2021_12_04
2021-12-05,0.34549722934193206,2.109249555878749,MODIS/061/MCD43A3,2021_12_05
2021-12-06,0.3400105998648614,1.9530922300776032,MODIS/061/MCD43A3,2021_12_06
2021-12-07,0.3490051563340623,2.57204615432332,MODIS/061/MCD43A3,2021_12_07
2021-12-08,0.36031674389704754,2.35045661001865,MODIS/061/MCD43A3,2021_12_08
2021-12-09,0.3711263651438565,2.31230581967799,MODIS/061/MCD43A3,2021_12_09
2021-12-10,0.36537874711041696,1.9524256493135905,MODIS/061/MCD43A3,2021_12_10
2021-12-11,0.3710868631582139,2.0095462493278777,MODIS/061/MCD43A3,2021_12_11
2021-12-12,0.378973127116876,2.0191431360570786,MODIS/061/MCD43A3,2021_12_12
2021-12-13,0.3710172722906382,1.8001532896955268,MODIS/061/MCD43A3,2021_12_13
2021-12-14,0.3507547472948429,2.243132152799281,MODIS/061/MCD43A3,2021_12_14
2021-12-15,0.3357101689682395,2.06225316708348,MODIS/061/MCD43A3,2021_12_15
2021-12-16,0.3443234162402446,1.9751954741934807,MODIS/061/MCD43A3,2021_12_16
2021-12-17,0.3428305933372199,2.2587610228134767,MODIS/061/MCD43A3,2021_12_17
2021-12-18,0.33643508378929765,2.0885249339379413,MODIS/061/MCD43A3,2021_12_18
2021-12-19,0.3356986163534471,2.115773156241205,MODIS/061/MCD43A3,2021_12_19
2021-12-20,0.3403816724613496,2.294976210968462,MODIS/061/MCD43A3,2021_12_20
2021-12-21,0.33500908033204113,3.015426642341145,MODIS/061/MCD43A3,2021_12_21
2021-12-22,0.3360020568905111,3.114240599495155,MODIS/061/MCD43A3,2021_12_22
2021-12-23,0.3233028491068544,3.2752015748228356,MODIS/061/MCD43A3,2021_12_23
2021-12-24,0.3235372904454432,2.8847528350232374,MODIS/061/MCD43A3,2021_12_24
2021-12-25,0.3171338635980097,2.7687976228670816,MODIS/061/MCD43A3,2021_12_25
2021-12-26,0.3202120888870209,2.2042685827811526,MODIS/061/MCD43A3,2021_12_26
2021-12-27,0.3234114510667207,2.088729774021266,MODIS/061/MCD43A3,2021_12_27
2021-12-28,0.33164435142994625,2.1011246719791066,MODIS/061/MCD43A3,2021_12_28
2021-12-29,0.3205261909393584,1.7496923554657462,MODIS/061/MCD43A3,2021_12_29
2021-12-30,0.3239276376463584,0.5413039962344112,MODIS/061/MCD43A3,2021_12_30
2021-12-31,0.31778529886572293,0.5786341690388943,MODIS/061/MCD43A3,2021_12_31
2022-01-01,0.3466585882613235,0.9500418050769763,MODIS/061/MCD43A3,2022_01_01
2022-01-02,0.3515923175383572,1.168987866482365,MODIS/061/MCD43A3,2022_01_02
2022-01-03,0.36143115601211756,1.863642938360677,MODIS/061/MCD43A3,2022_01_03
2022-01-04,0.3556766241257143,3.649466014966957,MODIS/061/MCD43A3,2022_01_04
2022-01-05,0.3576686296492269,3.377148494365005,MODIS/061/MCD43A3,2022_01_05
2022-01-06,0.3702691274642803,2.6343439229357113,MODIS/061/MCD43A3,2022_01_06
2022-01-07,0.38150729461817856,2.029808380327613,MODIS/061/MCD43A3,2022_01_07
2022-01-08,0.3896544554601284,1.4906481496736477,MODIS/061/MCD43A3,2022_01_08
2022-01-09,0.38775631873341243,1.3868694257187117,MODIS/061/MCD43A3,2022_01_09
2022-01-10,0.3936383151929695,1.4604474604646835,MODIS/061/MCD43A3,2022_01_10
2022-01-11,0.3751033829816219,1.5470137710550087,MODIS/061/MCD43A3,2022_01_11
2022-01-12,0.3798696674876225,1.5470142302665617,MODIS/061/MCD43A3,2022_01_12
2022-01-13,0.3846247247206144,3.2628075821941374,MODIS/061/MCD43A3,2022_01_13
2022-01-14,0.39796072178383907,3.8991457113974715,MODIS/061/MCD43A3,2022_01_14
2022-01-15,0.3988199213290766,4.0704933398332495,MODIS/061/MCD43A3,2022_01_15
2022-01-16,0.40187816253671593,5.192174635104366,MODIS/061/MCD43A3,2022_01_16
2022-01-17,0.4010640701377746,5.4094472571965335,MODIS/061/MCD43A3,2022_01_17
2022-01-18,0.4154126919946887,5.293546841775549,MODIS/061/MCD43A3,2022_01_18
2022-01-19,0.407591513037747,5.869700911687063,MODIS/061/MCD43A3,2022_01_19
2022-01-20,0.42263519577376824,5.901510383587782,MODIS/061/MCD43A3,2022_01_20
2022-01-21,0.4239442095673731,5.829430102194049,MODIS/061/MCD43A3,2022_01_21
2022-01-22,0.4228823121132858,5.9206273207953535,MODIS/061/MCD43A3,2022_01_22
2022-01-23,0.42362930547180433,5.960428642616635,MODIS/061/MCD43A3,2022_01_23
2022-01-24,0.4266368439929598,6.226966131716742,MODIS/061/MCD43A3,2022_01_24
2022-01-25,0.426141248315907,6.997253903248605,MODIS/061/MCD43A3,2022_01_25
2022-01-26,0.4261624817039776,6.865140554222165,MODIS/061/MCD43A3,2022_01_26
2022-01-27,0.43679377034819555,7.198505674067744,MODIS/061/MCD43A3,2022_01_27
2022-01-28,0.437135431721515,7.6635342179411134,MODIS/061/MCD43A3,2022_01_28
2022-01-29,0.4461545232907958,7.563637669428177,MODIS/061/MCD43A3,2022_01_29
2022-01-30,0.4387073856392403,7.278498148209143,MODIS/061/MCD43A3,2022_01_30
2022-01-31,0.44278073244336486,7.304290604470766,MODIS/061/MCD43A3,2022_01_31
2022-02-01,0.4415847475528501,7.085602686114244,MODIS/061/MCD43A3,2022_02_01
2022-02-02,0.4640008573284045,7.386073984577956,MODIS/061/MCD43A3,2022_02_02
2022-02-03,0.4633586523759266,6.449592350933011,MODIS/061/MCD43A3,2022_02_03
2022-02-04,0.46362747839712676,5.819853642774688,MODIS/061/MCD43A3,2022_02_04
2022-02-05,0.47601698602914944,4.9501923798107965,MODIS/061/MCD43A3,2022_02_05
2022-02-06,0.48359281070416066,5.529687915783025,MODIS/061/MCD43A3,2022_02_06
2022-02-07,0.4825878681139924,5.579150015614919,MODIS/061/MCD43A3,2022_02_07
2022-02-08,0.49449928281674693,4.70683415316265,MODIS/061/MCD43A3,2022_02_08
2022-02-09,0.4941812336087038,4.930183778467686,MODIS/061/MCD43A3,2022_02_09
2022-02-10,0.500379210931791,5.046621041921927,MODIS/061/MCD43A3,2022_02_10
2022-02-11,0.5060164166766714,7.125132421885078,MODIS/061/MCD43A3,2022_02_11
2022-02-12,0.512235603764908,7.698941150382666,MODIS/061/MCD43A3,2022_02_12
2022-02-13,0.5175864108848443,8.513552272946614,MODIS/061/MCD43A3,2022_02_13
2022-02-14,0.5091123968623988,7.654564777710093,MODIS/061/MCD43A3,2022_02_14
2022-02-15,0.5040767503952833,7.390698149250572,MODIS/061/MCD43A3,2022_02_15
2022-02-16,0.5058086229403786,8.589845001372309,MODIS/061/MCD43A3,2022_02_16
2022-02-17,0.5104871680114206,9.20284529659382,MODIS/061/MCD43A3,2022_02_17
2022-02-18,0.512429523587407,9.966093538963978,MODIS/061/MCD43A3,2022_02_18
2022-02-19,0.5257828408916744,12.063235823043309,MODIS/061/MCD43A3,2022_02_19
2022-02-20,0.5292643613313983,14.153787872545442,MODIS/061/MCD43A3,2022_02_20
2022-02-21,0.5283440092146655,14.378116271170962,MODIS/061/MCD43A3,2022_02_21
2022-02-22,0.5285037738541248,14.467211746632572,MODIS/061/MCD43A3,2022_02_22
2022-02-23,0.5361499350299392,14.928820449267908,MODIS/061/MCD43A3,2022_02_23
2022-02-24,0.5389615071840793,16.835741581558175,MODIS/061/MCD43A3,2022_02_24
2022-02-25,0.5380704018699048,17.44637187980996,MODIS/061/MCD43A3,2022_02_25
2022-02-26,0.5427661538698904,17.5662556344639,MODIS/061/MCD43A3,2022_02_26
2022-02-27,0.5478561628549637,18.63313895650272,MODIS/061/MCD43A3,2022_02_27
2022-02-28,0.5533017452444283,18.3335317205813,MODIS/061/MCD43A3,2022_02_28
2022-03-01,0.5531554322926661,15.770378348721582,MODIS/061/MCD43A3,2022_03_01
2022-03-02,0.555550042613341,13.163373491297124,MODIS/061/MCD43A3,2022_03_02
2022-03-03,0.5567222813362372,14.152683712530688,MODIS/061/MCD43A3,2022_03_03
2022-03-04,0.5527575723827124,9.183386923552728,MODIS/061/MCD43A3,2022_03_04
2022-03-05,0.5525925643200816,7.936228323985571,MODIS/061/MCD43A3,2022_03_05
2022-03-06,0.5541952044473065,3.4376082415960227,MODIS/061/MCD43A3,2022_03_06
2022-03-07,,0.0,MODIS/061/MCD43A3,2022_03_07
2022-03-08,,0.0,MODIS/061/MCD43A3,2022_03_08
2022-03-09,,0.0,MODIS/061/MCD43A3,2022_03_09
2022-03-10,,0.0,MODIS/061/MCD43A3,2022_03_10
2022-03-11,,0.0,MODIS/061/MCD43A3,2022_03_11
2022-03-12,,0.0,MODIS/061/MCD43A3,2022_03_12
2022-03-13,,0.0,MODIS/061/MCD43A3,2022_03_13
2022-03-14,,0.0,MODIS/061/MCD43A3,2022_03_14
2022-03-15,,0.0,MODIS/061/MCD43A3,2022_03_15
2022-03-16,,0.0,MODIS/061/MCD43A3,2022_03_16
2022-03-17,,0.0,MODIS/061/MCD43A3,2022_03_17
2022-03-18,,0.0,MODIS/061/MCD43A3,2022_03_18
2022-03-19,,0.0,MODIS/061/MCD43A3,2022_03_19
2022-03-20,,0.0,MODIS/061/MCD43A3,2022_03_20
2022-03-21,,0.0,MODIS/061/MCD43A3,2022_03_21
2022-03-22,,0.0,MODIS/061/MCD43A3,2022_03_22
2022-03-23,0.6635406061313186,1.0989852657848116,MODIS/061/MCD43A3,2022_03_23
2022-03-24,0.6419667290474093,7.518301206879807,MODIS/061/MCD43A3,2022_03_24
2022-03-25,0.6236900843393143,8.51175809936844,MODIS/061/MCD43A3,2022_03_25
2022-03-26,0.6197567512196208,11.429994397542833,MODIS/061/MCD43A3,2022_03_26
2022-03-27,0.5919542692290788,10.879130121817575,MODIS/061/MCD43A3,2022_03_27
2022-03-28,0.5855124162182729,10.439768299647463,MODIS/061/MCD43A3,2022_03_28
2022-03-29,0.5640726270286911,11.761544544438005,MODIS/061/MCD43A3,2022_03_29
2022-03-30,0.56005730289155,11.317407984538523,MODIS/061/MCD43A3,2022_03_30
2022-03-31,0.5601929395601686,11.358023824536534,MODIS/061/MCD43A3,2022_03_31
2022-04-01,0.5510003807438871,9.89963682797412,MODIS/061/MCD43A3,2022_04_01
2022-04-02,0.5475631245231769,10.03758747354156,MODIS/061/MCD43A3,2022_04_02
2022-04-03,0.541120294164873,10.761549985872199,MODIS/061/MCD43A3,2022_04_03
2022-04-04,0.5406291204612902,10.873168047022515,MODIS/061/MCD43A3,2022_04_04
2022-04-05,0.5398445671177795,10.256327106762447,MODIS/061/MCD43A3,2022_04_05
2022-04-06,0.5307700972786197,6.836535191500631,MODIS/061/MCD43A3,2022_04_06
2022-04-07,0.5265196035830667,6.730713437931037,MODIS/061/MCD43A3,2022_04_07
2022-04-08,0.5137806337159501,6.88429403298103,MODIS/061/MCD43A3,2022_04_08
2022-04-09,0.5180697097527732,5.546798641975554,MODIS/061/MCD43A3,2022_04_09
2022-04-10,0.5077384672162024,5.6060264927961025,MODIS/061/MCD43A3,2022_04_10
2022-04-11,0.5041570526444004,5.257569465391043,MODIS/061/MCD43A3,2022_04_11
2022-04-12,0.49814816828055736,2.779989683080496,MODIS/061/MCD43A3,2022_04_12
2022-04-13,0.4947476040786229,1.6487791929313353,MODIS/061/MCD43A3,2022_04_13
2022-04-14,0.5348478455429058,0.9537177886392563,MODIS/061/MCD43A3,2022_04_14
2022-04-15,0.5280251005676927,2.150880424464959,MODIS/061/MCD43A3,2022_04_15
2022-04-16,0.5131081756852054,3.8781466527010897,MODIS/061/MCD43A3,2022_04_16
2022-04-17,0.5174412758509412,2.004017112959542,MODIS/061/MCD43A3,2022_04_17
2022-04-18,0.49586877602311297,2.560411384002849,MODIS/061/MCD43A3,2022_04_18
2022-04-19,0.4724581952017028,3.3255546009321444,MODIS/061/MCD43A3,2022_04_19
2022-04-20,0.4457353451367811,4.068591896186257,MODIS/061/MCD43A3,2022_04_20
2022-04-21,0.3468666408795072,9.821106121302302,MODIS/061/MCD43A3,2022_04_21
2022-04-22,0.35515179893526533,7.500707464629983,MODIS/061/MCD43A3,2022_04_22
2022-04-23,0.2734243001914107,5.6188234069293275,MODIS/061/MCD43A3,2022_04_23
2022-04-24,0.2585372049433397,6.043972681501706,MODIS/061/MCD43A3,2022_04_24
2022-04-25,0.24384007871578126,6.762675947973539,MODIS/061/MCD43A3,2022_04_25
2022-04-26,0.27300411368474137,4.972731262573837,MODIS/061/MCD43A3,2022_04_26
2022-04-27,0.273184837620715,4.826986525942821,MODIS/061/MCD43A3,2022_04_27
2022-04-28,0.266809546505697,5.011918123914539,MODIS/061/MCD43A3,2022_04_28
2022-04-29,0.27174550523279173,5.114843329518439,MODIS/061/MCD43A3,2022_04_29
2022-04-30,0.1629960923904439,8.116202135747344,MODIS/061/MCD43A3,2022_04_30
2022-05-01,0.14996512607434165,11.243535390131907,MODIS/061/MCD43A3,2022_05_01
2022-05-02,0.14906390304565081,13.429224926159788,MODIS/061/MCD43A3,2022_05_02
2022-05-03,0.1489782475543165,13.476823142659017,MODIS/061/MCD43A3,2022_05_03
2022-05-04,0.15212864052103167,12.950629515874093,MODIS/061/MCD43A3,2022_05_04
2022-05-05,0.1550598518025175,16.148448951443807,MODIS/061/MCD43A3,2022_05_05
2022-05-06,0.16214741354954398,14.100258833165366,MODIS/061/MCD43A3,2022_05_06
2022-05-07,0.15243698932779137,8.76478677359472,MODIS/061/MCD43A3,2022_05_07
2022-05-08,0.15824208776568477,13.751664585056897,MODIS/061/MCD43A3,2022_05_08
2022-05-09,0.16921530178392163,21.03530730455165,MODIS/061/MCD43A3,2022_05_09
2022-05-10,0.17271447894513983,20.68792619943156,MODIS/061/MCD43A3,2022_05_10
2022-05-11,0.17217723364441445,18.926230840685125,MODIS/061/MCD43A3,2022_05_11
2022-05-12,0.1747198470911722,23.580610870416077,MODIS/061/MCD43A3,2022_05_12
2022-05-13,0.17427531716055464,23.5520512250244,MODIS/061/MCD43A3,2022_05_13
2022-05-14,0.17143294823638563,23.772428440270197,MODIS/061/MCD43A3,2022_05_14
2022-05-15,0.17024195532628839,23.65819146446175,MODIS/061/MCD43A3,2022_05_15
2022-05-16,0.15688715393660807,15.240067580104862,MODIS/061/MCD43A3,2022_05_16
2022-05-17,0.15728747545597943,16.83909622491745,MODIS/061/MCD43A3,2022_05_17
2022-05-18,0.1598227214718072,15.42953472306762,MODIS/061/MCD43A3,2022_05_18
2022-05-19,0.1605209427897921,20.903674042252852,MODIS/061/MCD43A3,2022_05_19
2022-05-20,0.16154404775869805,21.160750628080127,MODIS/061/MCD43A3,2022_05_20
2022-05-21,0.15478764035770556,15.504578242307218,MODIS/061/MCD43A3,2022_05_21
2022-05-22,0.15415935140450815,15.714192474070302,MODIS/061/MCD43A3,2022_05_22
2022-05-23,0.1541661511283254,15.704673183764008,MODIS/061/MCD43A3,2022_05_23
2022-05-24,0.1530437596809578,15.657645745910441,MODIS/061/MCD43A3,2022_05_24
2022-05-25,0.15840006041669935,16.581544309053978,MODIS/061/MCD43A3,2022_05_25
2022-05-26,0.15094827247468853,14.964424787730522,MODIS/061/MCD43A3,2022_05_26
2022-05-27,0.15042207608249647,15.896855772937972,MODIS/061/MCD43A3,2022_05_27
2022-05-28,0.1484144249272856,15.416447340579964,MODIS/061/MCD43A3,2022_05_28
2022-05-29,0.15366862438936152,26.145509029402515,MODIS/061/MCD43A3,2022_05_29
2022-05-30,0.15630398253580205,37.94541474209662,MODIS/061/MCD43A3,2022_05_30
2022-05-31,0.1598700749813701,46.442025786279025,MODIS/061/MCD43A3,2022_05_31
2022-06-01,0.16209411372658628,48.48284085707641,MODIS/061/MCD43A3,2022_06_01
2022-06-02,0.16345002480740714,48.223011916492986,MODIS/061/MCD43A3,2022_06_02
2022-06-03,0.159792277153612,46.00112442238801,MODIS/061/MCD43A3,2022_06_03
2022-06-04,0.15757846950602206,41.103748401775626,MODIS/061/MCD43A3,2022_06_04
2022-06-05,0.15702207771138663,40.80161136476398,MODIS/061/MCD43A3,2022_06_05
2022-06-06,0.15702010596511928,41.07543472410524,MODIS/061/MCD43A3,2022_06_06
2022-06-07,0.16089455880835493,45.91668493310908,MODIS/061/MCD43A3,2022_06_07
2022-06-08,0.16085188932804662,45.88812531801472,MODIS/061/MCD43A3,2022_06_08
2022-06-09,0.16173879527851173,45.71106785372266,MODIS/061/MCD43A3,2022_06_09
2022-06-10,0.15549599414646592,40.91334978481043,MODIS/061/MCD43A3,2022_06_10
2022-06-11,0.15465969931303547,43.621015728649816,MODIS/061/MCD43A3,2022_06_11
2022-06-12,0.15837620860355522,50.91703957033338,MODIS/061/MCD43A3,2022_06_12
2022-06-13,0.15625685714035725,47.6410785534785,MODIS/061/MCD43A3,2022_06_13
2022-06-14,0.15237007150729964,40.80235987644626,MODIS/061/MCD43A3,2022_06_14
2022-06-15,0.15175936342698668,18.174108225446084,MODIS/061/MCD43A3,2022_06_15
2022-06-16,0.14640188279790364,11.955081750135072,MODIS/061/MCD43A3,2022_06_16
2022-06-17,0.14375124295122757,33.12578785631357,MODIS/061/MCD43A3,2022_06_17
2022-06-18,0.14217000944634253,40.4256770341845,MODIS/061/MCD43A3,2022_06_18
2022-06-19,0.14535269270959228,48.40430074607036,MODIS/061/MCD43A3,2022_06_19
2022-06-20,0.14567238404669355,52.981672232092244,MODIS/061/MCD43A3,2022_06_20
2022-06-21,0.1501345849467057,59.834432910963734,MODIS/061/MCD43A3,2022_06_21
2022-06-22,0.15159595296596734,64.78240052999429,MODIS/061/MCD43A3,2022_06_22
2022-06-23,0.15105830642488957,64.29544461869668,MODIS/061/MCD43A3,2022_06_23
2022-06-24,0.15717796409450618,75.3461037874443,MODIS/061/MCD43A3,2022_06_24
2022-06-25,0.15923874474960828,81.83016851382752,MODIS/061/MCD43A3,2022_06_25
2022-06-26,0.15965856911195841,83.13191747674803,MODIS/061/MCD43A3,2022_06_26
2022-06-27,0.1590169079903329,82.67468530454954,MODIS/061/MCD43A3,2022_06_27
2022-06-28,0.15805906955936383,81.92145595463573,MODIS/061/MCD43A3,2022_06_28
2022-06-29,0.15899302846497415,84.47023841978843,MODIS/061/MCD43A3,2022_06_29
2022-06-30,0.15969936256832445,86.45419917371544,MODIS/061/MCD43A3,2022_06_30
2022-07-01,0.15964984328289006,87.87113768755245,MODIS/061/MCD43A3,2022_07_01
2022-07-02,0.1596788622994298,91.64792743374191,MODIS/061/MCD43A3,2022_07_02
2022-07-03,0.15772142841448553,91.79767306499467,MODIS/061/MCD43A3,2022_07_03
2022-07-04,0.15700056388384176,91.32646892062935,MODIS/061/MCD43A3,2022_07_04
2022-07-05,0.1563946004666635,91.92543255084415,MODIS/061/MCD43A3,2022_07_05
2022-07-06,0.1560877741590104,91.04225577789711,MODIS/061/MCD43A3,2022_07_06
2022-07-07,0.1557642714413975,92.64393043491867,MODIS/061/MCD43A3,2022_07_07
2022-07-08,0.15540357060422144,94.13443966165028,MODIS/061/MCD43A3,2022_07_08
2022-07-09,0.1551808256414757,95.30426256939167,MODIS/061/MCD43A3,2022_07_09
2022-07-10,0.15352665485998576,95.36995249663708,MODIS/061/MCD43A3,2022_07_10
2022-07-11,0.15256622043222628,95.28647708424201,MODIS/061/MCD43A3,2022_07_11
2022-07-12,0.15117970896885916,94.81603669462939,MODIS/061/MCD43A3,2022_07_12
2022-07-13,0.15093811139076274,96.07519467956482,MODIS/061/MCD43A3,2022_07_13
2022-07-14,0.15097699944347,96.71112341762228,MODIS/061/MCD43A3,2022_07_14
2022-07-15,0.15022003787588578,95.6062114510633,MODIS/061/MCD43A3,2022_07_15
2022-07-16,0.15004926345787103,95.93239213884962,MODIS/061/MCD43A3,2022_07_16
2022-07-17,0.14859747750328273,94.59123958440166,MODIS/061/MCD43A3,2022_07_17
2022-07-18,0.14823463172429185,95.00395213447338,MODIS/061/MCD43A3,2022_07_18
2022-07-19,0.14711614133201856,94.56237350874521,MODIS/061/MCD43A3,2022_07_19
2022-07-20,0.14675929050372152,94.37238731108347,MODIS/061/MCD43A3,2022_07_20
2022-07-21,0.14670077981149696,94.29802125800676,MODIS/061/MCD43A3,2022_07_21
2022-07-22,0.14696082035734107,94.72111578106342,MODIS/061/MCD43A3,2022_07_22
2022-07-23,0.14668661805593064,94.63215161858992,MODIS/061/MCD43A3,2022_07_23
2022-07-24,0.14594542478448097,93.50384377741895,MODIS/061/MCD43A3,2022_07_24
2022-07-25,0.14591258966093404,93.86499975736103,MODIS/061/MCD43A3,2022_07_25
2022-07-26,0.14514565531073656,92.40193069185423,MODIS/061/MCD43A3,2022_07_26
2022-07-27,0.14499233869432726,91.51139399768468,MODIS/061/MCD43A3,2022_07_27
2022-07-28,0.14491302714742227,89.85411906327873,MODIS/061/MCD43A3,2022_07_28
2022-07-29,0.1452723312003662,88.78637087385967,MODIS/061/MCD43A3,2022_07_29
2022-07-30,0.14514449767913332,86.8659931232128,MODIS/061/MCD43A3,2022_07_30
2022-07-31,0.14570325462612926,87.33003261363474,MODIS/061/MCD43A3,2022_07_31
2022-08-01,0.1450785675010529,82.12492054135502,MODIS/061/MCD43A3,2022_08_01
2022-08-02,0.14555789506977176,82.86016523082971,MODIS/061/MCD43A3,2022_08_02
2022-08-03,0.145850340313074,68.29704411810309,MODIS/061/MCD43A3,2022_08_03
2022-08-04,0.14669907500615748,43.39017932901759,MODIS/061/MCD43A3,2022_08_04
2022-08-05,0.1461540713421256,48.92695403695228,MODIS/061/MCD43A3,2022_08_05
2022-08-06,0.14567465712976843,63.018662151057114,MODIS/061/MCD43A3,2022_08_06
2022-08-07,0.14583785379069691,65.62951657212335,MODIS/061/MCD43A3,2022_08_07
2022-08-08,0.1460056894362679,70.05836983579314,MODIS/061/MCD43A3,2022_08_08
2022-08-09,0.14612532573463194,78.8180930337801,MODIS/061/MCD43A3,2022_08_09
2022-08-10,0.14472174443685165,83.74247164224376,MODIS/061/MCD43A3,2022_08_10
2022-08-11,0.1441204955227309,93.58331210592732,MODIS/061/MCD43A3,2022_08_11
2022-08-12,0.14434889435665046,96.14392276563524,MODIS/061/MCD43A3,2022_08_12
2022-08-13,0.14453559654704318,97.28183399827032,MODIS/061/MCD43A3,2022_08_13
2022-08-14,0.14476412730137483,97.83017064197489,MODIS/061/MCD43A3,2022_08_14
2022-08-15,0.1446793352492173,97.9764041274477,MODIS/061/MCD43A3,2022_08_15
2022-08-16,0.14489517939675484,98.13574447274719,MODIS/061/MCD43A3,2022_08_16
2022-08-17,0.14512413772876748,98.16978880291956,MODIS/061/MCD43A3,2022_08_17
2022-08-18,0.14557155365551333,98.48528632717193,MODIS/061/MCD43A3,2022_08_18
2022-08-19,0.1458724503621379,98.5085824489833,MODIS/061/MCD43A3,2022_08_19
2022-08-20,0.14607125459536588,98.70532776401515,MODIS/061/MCD43A3,2022_08_20
2022-08-21,0.14631203741900736,98.5660380822517,MODIS/061/MCD43A3,2022_08_21
2022-08-22,0.14650897074378547,98.42745760119787,MODIS/061/MCD43A3,2022_08_22
2022-08-23,0.14688151970493094,98.41207510409878,MODIS/061/MCD43A3,2022_08_23
2022-08-24,0.1468515907078112,95.56605953668243,MODIS/061/MCD43A3,2022_08_24
2022-08-25,0.14724530346566794,98.21880314523753,MODIS/061/MCD43A3,2022_08_25
2022-08-26,0.14735056812219904,97.05052401764873,MODIS/061/MCD43A3,2022_08_26
2022-08-27,0.14730477306122297,97.86906477696353,MODIS/061/MCD43A3,2022_08_27
2022-08-28,0.147314264427455,97.6928908250867,MODIS/061/MCD43A3,2022_08_28
2022-08-29,0.14713247683005712,95.97584791562494,MODIS/061/MCD43A3,2022_08_29
2022-08-30,0.1473911229749678,97.28156011526148,MODIS/061/MCD43A3,2022_08_30
2022-08-31,0.14715997594967067,97.42450753004323,MODIS/061/MCD43A3,2022_08_31
2022-09-01,0.14737663113131852,97.51219992539079,MODIS/061/MCD43A3,2022_09_01
2022-09-02,0.14718843142950744,97.43585351938957,MODIS/061/MCD43A3,2022_09_02
2022-09-03,0.14720723273070635,97.05942418726649,MODIS/061/MCD43A3,2022_09_03
2022-09-04,0.14711334219563707,96.97031048063302,MODIS/061/MCD43A3,2022_09_04
2022-09-05,0.14677380511936625,96.57566528922081,MODIS/061/MCD43A3,2022_09_05
2022-09-06,0.14719655947003793,96.94358099631177,MODIS/061/MCD43A3,2022_09_06
2022-09-07,0.14676042133243858,97.32594680140008,MODIS/061/MCD43A3,2022_09_07
2022-09-08,0.14702307540529805,97.37037331846277,MODIS/061/MCD43A3,2022_09_08
2022-09-09,0.1471715065321754,97.56835058827086,MODIS/061/MCD43A3,2022_09_09
2022-09-10,0.14722266815050522,96.8595271784102,MODIS/061/MCD43A3,2022_09_10
2022-09-11,0.1470998726217263,95.81265067905235,MODIS/061/MCD43A3,2022_09_11
2022-09-12,0.14728913221256493,95.56002896684844,MODIS/061/MCD43A3,2022_09_12
2022-09-13,0.14742641714490742,94.56786952054402,MODIS/061/MCD43A3,2022_09_13
2022-09-14,0.14800718331233606,91.62776582927722,MODIS/061/MCD43A3,2022_09_14
2022-09-15,0.148286361365408,91.48369015718278,MODIS/061/MCD43A3,2022_09_15
2022-09-16,0.14796279836111823,91.46110266365382,MODIS/061/MCD43A3,2022_09_16
2022-09-17,0.14838733394132073,90.74812674780657,MODIS/061/MCD43A3,2022_09_17
2022-09-18,0.14795113138655805,92.50221287952415,MODIS/061/MCD43A3,2022_09_18
2022-09-19,0.14869270492967868,91.70961454825941,MODIS/061/MCD43A3,2022_09_19
2022-09-20,0.14941114700557734,93.3260747269961,MODIS/061/MCD43A3,2022_09_20
2022-09-21,0.1483600879891325,94.79186667309548,MODIS/061/MCD43A3,2022_09_21
2022-09-22,0.1485021693359202,94.98635920386339,MODIS/061/MCD43A3,2022_09_22
2022-09-23,0.14885316893915282,94.25474565887438,MODIS/061/MCD43A3,2022_09_23
2022-09-24,0.14943651848341524,93.63826345247959,MODIS/061/MCD43A3,2022_09_24
2022-09-25,0.14976561872099123,93.37943757760154,MODIS/061/MCD43A3,2022_09_25
2022-09-26,0.1501166063258196,93.3344139354224,MODIS/061/MCD43A3,2022_09_26
2022-09-27,0.15073744838488232,93.43461530584781,MODIS/061/MCD43A3,2022_09_27
2022-09-28,0.15040746781973102,93.62601961943517,MODIS/061/MCD43A3,2022_09_28
2022-09-29,0.15105279044107628,93.76157576541006,MODIS/061/MCD43A3,2022_09_29
2022-09-30,0.15040745880504874,93.67071173044016,MODIS/061/MCD43A3,2022_09_30
2022-10-01,0.15121266277563075,92.85767859459507,MODIS/061/MCD43A3,2022_10_01
2022-10-02,0.15164328332925545,90.72552462218813,MODIS/061/MCD43A3,2022_10_02
2022-10-03,0.1522952463669373,90.49487148121212,MODIS/061/MCD43A3,2022_10_03
2022-10-04,0.15305329674150267,86.46292047875369,MODIS/061/MCD43A3,2022_10_04
2022-10-05,0.1522694820155777,85.95494478348084,MODIS/061/MCD43A3,2022_10_05
2022-10-06,0.1523840392600759,83.95835714126721,MODIS/061/MCD43A3,2022_10_06
2022-10-07,0.1536018251793706,79.5835048959547,MODIS/061/MCD43A3,2022_10_07
2022-10-08,0.15448924024197414,75.97716538485604,MODIS/061/MCD43A3,2022_10_08
2022-10-09,0.1546536794254789,75.18577896466782,MODIS/061/MCD43A3,2022_10_09
2022-10-10,0.15530480673624364,72.75024088908465,MODIS/061/MCD43A3,2022_10_10
2022-10-11,0.15635215448905526,68.6039574418051,MODIS/061/MCD43A3,2022_10_11
2022-10-12,0.15705456148839145,66.76702005110107,MODIS/061/MCD43A3,2022_10_12
2022-10-13,0.15663157196339048,65.87406372283813,MODIS/061/MCD43A3,2022_10_13
2022-10-14,0.1567445691608784,53.7444394271146,MODIS/061/MCD43A3,2022_10_14
2022-10-15,0.15939466365094754,31.07284008014426,MODIS/061/MCD43A3,2022_10_15
2022-10-16,0.16629280333724877,10.490044199465649,MODIS/061/MCD43A3,2022_10_16
2022-10-17,0.16706953978478298,3.127890963875056,MODIS/061/MCD43A3,2022_10_17
2022-10-18,0.16548328373093626,0.38980532127063827,MODIS/061/MCD43A3,2022_10_18
2022-10-19,0.16399994818646463,0.03807674122107191,MODIS/061/MCD43A3,2022_10_19
2022-10-20,,0.0,MODIS/061/MCD43A3,2022_10_20
2022-10-21,,0.0,MODIS/061/MCD43A3,2022_10_21
2022-10-22,,0.0,MODIS/061/MCD43A3,2022_10_22
2022-10-23,,0.0,MODIS/061/MCD43A3,2022_10_23
2022-10-24,,0.0,MODIS/061/MCD43A3,2022_10_24
2022-10-25,0.633,0.00951960931931493,MODIS/061/MCD43A3,2022_10_25
2022-10-26,0.633,0.00951960931931493,MODIS/061/MCD43A3,2022_10_26
2022-10-27,0.459625598280461,0.07615525810307039,MODIS/061/MCD43A3,2022_10_27
2022-10-28,0.46050059614989164,0.07615525810307039,MODIS/061/MCD43A3,2022_10_28
2022-10-29,0.4673999282557491,0.09519384822070316,MODIS/061/MCD43A3,2022_10_29
2022-10-30,0.4638571493040748,0.06663541947458261,MODIS/061/MCD43A3,2022_10_30
2022-10-31,0.4642857197303279,0.06663541947458261,MODIS/061/MCD43A3,2022_10_31
2022-11-01,0.4742222220034162,0.0856743387043443,MODIS/061/MCD43A3,2022_11_01
2022-11-02,0.46224409901948976,0.3902975293555507,MODIS/061/MCD43A3,2022_11_02
2022-11-03,0.42947771223056486,0.8667540666856474,MODIS/061/MCD43A3,2022_11_03
2022-11-04,0.4254962397330662,1.3783737155982663,MODIS/061/MCD43A3,2022_11_04
2022-11-05,0.4158726672562892,1.6982222288927091,MODIS/061/MCD43A3,2022_11_05
2022-11-06,0.4045078442283765,2.1073668458810224,MODIS/061/MCD43A3,2022_11_06
2022-11-07,0.40307387953205703,2.1267037755171514,MODIS/061/MCD43A3,2022_11_07
2022-11-08,0.40066491543627814,2.0981456662550486,MODIS/061/MCD43A3,2022_11_08
2022-11-09,0.39168005172842646,1.860158732283905,MODIS/061/MCD43A3,2022_11_09
2022-11-10,0.4039599763673204,2.347582280445331,MODIS/061/MCD43A3,2022_11_10
2022-11-11,0.3964272850510017,2.358111862979937,MODIS/061/MCD43A3,2022_11_11
2022-11-12,0.39031845495533674,1.8734075870863611,MODIS/061/MCD43A3,2022_11_12
2022-11-13,0.39592579344172646,1.9764795162647335,MODIS/061/MCD43A3,2022_11_13
2022-11-14,0.39210453733931655,2.1097445761391658,MODIS/061/MCD43A3,2022_11_14
2022-11-15,0.4028448753047566,2.2435736662735852,MODIS/061/MCD43A3,2022_11_15
2022-11-16,0.40209589739221385,2.320585463768408,MODIS/061/MCD43A3,2022_11_16
2022-11-17,0.3961313015395471,2.4633720999489817,MODIS/061/MCD43A3,2022_11_17
2022-11-18,0.40505555595728615,2.492351413931298,MODIS/061/MCD43A3,2022_11_18
2022-11-19,0.38616362889694417,2.9923849777662244,MODIS/061/MCD43A3,2022_11_19
2022-11-20,0.3829532843870378,2.64016023046652,MODIS/061/MCD43A3,2022_11_20
2022-11-21,0.3799239156112125,1.1941055268496907,MODIS/061/MCD43A3,2022_11_21
2022-11-22,0.4135923910641113,0.6470588379905844,MODIS/061/MCD43A3,2022_11_22
2022-11-23,0.4110615774892994,0.6565778021968562,MODIS/061/MCD43A3,2022_11_23
2022-11-24,0.3768543076983172,1.1996294916743473,MODIS/061/MCD43A3,2022_11_24
2022-11-25,0.3692480814936728,1.5042563294034104,MODIS/061/MCD43A3,2022_11_25
2022-11-26,0.36214764625324863,1.5521160383448367,MODIS/061/MCD43A3,2022_11_26
2022-11-27,0.36329088256473,1.4664417509548882,MODIS/061/MCD43A3,2022_11_27
2022-11-28,0.35439937816152417,1.6758649665106498,MODIS/061/MCD43A3,2022_11_28
2022-11-29,0.357684022394043,1.9707058930971861,MODIS/061/MCD43A3,2022_11_29
2022-11-30,0.35515249827260814,1.8864505901335566,MODIS/061/MCD43A3,2022_11_30
2022-12-01,0.35996693832685434,1.8186569926348481,MODIS/061/MCD43A3,2022_12_01
2022-12-02,0.3659772538562646,1.815259565451223,MODIS/061/MCD43A3,2022_12_02
2022-12-03,0.35769322258810543,2.2748379359630717,MODIS/061/MCD43A3,2022_12_03
2022-12-04,0.351819120261271,2.0166876311162287,MODIS/061/MCD43A3,2022_12_04
2022-12-05,0.35944357071930094,1.5024868223954744,MODIS/061/MCD43A3,2022_12_05
2022-12-06,0.35286838010139643,1.322025873341814,MODIS/061/MCD43A3,2022_12_06
2022-12-07,0.35056124598636745,1.3601028588887005,MODIS/061/MCD43A3,2022_12_07
2022-12-08,0.3513766911107766,1.3117597999434094,MODIS/061/MCD43A3,2022_12_08
2022-12-09,0.35412377726372646,1.7209035096444056,MODIS/061/MCD43A3,2022_12_09
2022-12-10,0.3452432706653619,2.3111816610624683,MODIS/061/MCD43A3,2022_12_10
2022-12-11,0.3487390459056926,2.6076579256026466,MODIS/061/MCD43A3,2022_12_11
2022-12-12,0.36128206344295705,2.578465043871595,MODIS/061/MCD43A3,2022_12_12
2022-12-13,0.34805657255245026,2.6845187855028483,MODIS/061/MCD43A3,2022_12_13
2022-12-14,0.34307692300266585,2.732114103765863,MODIS/061/MCD43A3,2022_12_14
2022-12-15,0.3424484519844362,2.672010507796592,MODIS/061/MCD43A3,2022_12_15
2022-12-16,0.3446090067547349,3.062576678033671,MODIS/061/MCD43A3,2022_12_16
2022-12-17,0.34591806862088936,3.331837799287019,MODIS/061/MCD43A3,2022_12_17
2022-12-18,0.3317673796405645,3.908417808397666,MODIS/061/MCD43A3,2022_12_18
2022-12-19,0.34121330771185104,4.15347405466475,MODIS/061/MCD43A3,2022_12_19
2022-12-20,0.33792075632349006,4.768377655032991,MODIS/061/MCD43A3,2022_12_20
2022-12-21,,0.0,MODIS/061/MCD43A3,2022_12_21
2022-12-22,0.35761461833888536,3.781173926394093,MODIS/061/MCD43A3,2022_12_22
2022-12-23,0.34624482964277625,4.152914806871942,MODIS/061/MCD43A3,2022_12_23
2022-12-24,0.35415034185306443,4.001952281601215,MODIS/061/MCD43A3,2022_12_24
2022-12-25,0.34294994512970906,4.040663404483577,MODIS/061/MCD43A3,2022_12_25
2022-12-26,0.3494878612854697,2.6184822813721693,MODIS/061/MCD43A3,2022_12_26
2022-12-27,0.35798167574695156,2.328306134598342,MODIS/061/MCD43A3,2022_12_27
2022-12-28,0.35361948183241854,2.0169603437817596,MODIS/061/MCD43A3,2022_12_28
2022-12-29,0.3550737026113614,2.353501800226583,MODIS/061/MCD43A3,2022_12_29
2022-12-30,0.35623143389293144,2.406437917730942,MODIS/061/MCD43A3,2022_12_30
2022-12-31,0.3550400690061025,2.083221280126428,MODIS/061/MCD43A3,2022_12_31
2023-01-01,0.3663867696364859,1.5119353081063935,MODIS/061/MCD43A3,2023_01_01
2023-01-02,0.3772374810327453,0.3324385156819528,MODIS/061/MCD43A3,2023_01_02
2023-01-03,0.34109068935920095,0.10471493452730332,MODIS/061/MCD43A3,2023_01_03
2023-01-04,0.34550016094475094,0.03807624168894717,MODIS/061/MCD43A3,2023_01_04
2023-01-05,,0.0,MODIS/061/MCD43A3,2023_01_05
2023-01-06,,0.0,MODIS/061/MCD43A3,2023_01_06
2023-01-07,0.5361112126372878,0.2570213781977115,MODIS/061/MCD43A3,2023_01_07
2023-01-08,0.4549302056688821,3.6124076857718284,MODIS/061/MCD43A3,2023_01_08
2023-01-09,0.43021850593496413,5.055399899754809,MODIS/061/MCD43A3,2023_01_09
2023-01-10,0.4278957579901857,5.473724010436565,MODIS/061/MCD43A3,2023_01_10
2023-01-11,0.422479689633129,5.753265462121301,MODIS/061/MCD43A3,2023_01_11
2023-01-12,0.42629297938754007,6.171602038644233,MODIS/061/MCD43A3,2023_01_12
2023-01-13,0.4211131530482203,6.320291312680891,MODIS/061/MCD43A3,2023_01_13
2023-01-14,0.42243104844106993,6.289869642735027,MODIS/061/MCD43A3,2023_01_14
2023-01-15,0.414965943134691,6.4092725060888185,MODIS/061/MCD43A3,2023_01_15
2023-01-16,0.41487414337500456,6.46625617448592,MODIS/061/MCD43A3,2023_01_16
2023-01-17,0.41350885941193705,7.267461887756387,MODIS/061/MCD43A3,2023_01_17
2023-01-18,0.4149431709162311,7.116159127432506,MODIS/061/MCD43A3,2023_01_18
2023-01-19,0.41322780543945437,7.712228491562026,MODIS/061/MCD43A3,2023_01_19
2023-01-20,0.4121635174087483,7.707783566767087,MODIS/061/MCD43A3,2023_01_20
2023-01-21,0.4090923736595697,7.654168000117217,MODIS/061/MCD43A3,2023_01_21
2023-01-22,0.41034663007394545,7.504758799083636,MODIS/061/MCD43A3,2023_01_22
2023-01-23,0.4093593147189773,7.227317116560283,MODIS/061/MCD43A3,2023_01_23
2023-01-24,0.40191505252818077,7.3615011621756805,MODIS/061/MCD43A3,2023_01_24
2023-01-25,0.4033446199322757,6.742949806905798,MODIS/061/MCD43A3,2023_01_25
2023-01-26,0.4026568037163883,6.592989352824539,MODIS/061/MCD43A3,2023_01_26
2023-01-27,0.4080044183031843,6.505741021962295,MODIS/061/MCD43A3,2023_01_27
2023-01-28,0.4171193342080624,5.9861834479991956,MODIS/061/MCD43A3,2023_01_28
2023-01-29,0.4070974526645531,6.0935171453460955,MODIS/061/MCD43A3,2023_01_29
2023-01-30,0.42127118467646724,4.942471393875525,MODIS/061/MCD43A3,2023_01_30
2023-01-31,0.4346817725017923,4.848391979064171,MODIS/061/MCD43A3,2023_01_31
2023-02-01,0.433103232460383,4.225257225102616,MODIS/061/MCD43A3,2023_02_01
2023-02-02,0.4468865239289121,2.7560395002828524,MODIS/061/MCD43A3,2023_02_02
2023-02-03,0.46189973390012695,3.2455650501521482,MODIS/061/MCD43A3,2023_02_03
2023-02-04,0.4675176137088858,1.6265380281229616,MODIS/061/MCD43A3,2023_02_04
2023-02-05,0.4844662872476453,2.084780369394665,MODIS/061/MCD43A3,2023_02_05
2023-02-06,0.49450061913804755,1.3393980019429874,MODIS/061/MCD43A3,2023_02_06
2023-02-07,0.5275169596780247,0.810762359158611,MODIS/061/MCD43A3,2023_02_07
2023-02-08,0.5237546005339426,0.17381467234910414,MODIS/061/MCD43A3,2023_02_08
2023-02-09,0.521430037875884,0.21786306623407117,MODIS/061/MCD43A3,2023_02_09
2023-02-10,0.520889767629579,0.21786306623407117,MODIS/061/MCD43A3,2023_02_10
2023-02-11,0.503498939382362,0.664830896063177,MODIS/061/MCD43A3,2023_02_11
2023-02-12,0.5496801153621054,0.6093524337057181,MODIS/061/MCD43A3,2023_02_12
2023-02-13,0.4936302254734985,1.7208710082879495,MODIS/061/MCD43A3,2023_02_13
2023-02-14,0.5201836229798112,5.183695827477429,MODIS/061/MCD43A3,2023_02_14
2023-02-15,0.5178995776148686,4.920548974440181,MODIS/061/MCD43A3,2023_02_15
2023-02-16,0.5030172637784134,3.986188654013799,MODIS/061/MCD43A3,2023_02_16
2023-02-17,0.5010048282772621,3.976669653611329,MODIS/061/MCD43A3,2023_02_17
2023-02-18,0.4990809131338945,3.948111472590403,MODIS/061/MCD43A3,2023_02_18
2023-02-19,0.4913574382746866,4.170211510908914,MODIS/061/MCD43A3,2023_02_19
2023-02-20,0.48913224328026983,5.559135019340123,MODIS/061/MCD43A3,2023_02_20
2023-02-21,0.4916151939403468,5.835089476846919,MODIS/061/MCD43A3,2023_02_21
2023-02-22,0.48832967957583634,7.889625262656581,MODIS/061/MCD43A3,2023_02_22
2023-02-23,0.48728046628313293,7.964440824314876,MODIS/061/MCD43A3,2023_02_23
2023-02-24,0.4898702983094376,8.137696750734696,MODIS/061/MCD43A3,2023_02_24
2023-02-25,0.48693713604031597,8.230087029510956,MODIS/061/MCD43A3,2023_02_25
2023-02-26,0.48560390176128315,8.200520352359993,MODIS/061/MCD43A3,2023_02_26
2023-02-27,0.49012141598505576,8.090208591560872,MODIS/061/MCD43A3,2023_02_27
2023-02-28,0.4888103493310231,7.894822571040812,MODIS/061/MCD43A3,2023_02_28
2023-03-01,0.49721938304017504,7.59274441199334,MODIS/061/MCD43A3,2023_03_01
2023-03-02,0.5031495858059167,7.436021894105491,MODIS/061/MCD43A3,2023_03_02
2023-03-03,0.5055761203785285,7.607334309694268,MODIS/061/MCD43A3,2023_03_03
2023-03-04,0.5134703511949279,7.484699319258439,MODIS/061/MCD43A3,2023_03_04
2023-03-05,0.5151879565770844,7.609349143841222,MODIS/061/MCD43A3,2023_03_05
2023-03-06,0.5137984739196456,8.830514442583635,MODIS/061/MCD43A3,2023_03_06
2023-03-07,0.5199512437742956,8.778192479392928,MODIS/061/MCD43A3,2023_03_07
2023-03-08,0.5390624473602057,7.378976004624579,MODIS/061/MCD43A3,2023_03_08
2023-03-09,0.5688579336602152,12.214564610647308,MODIS/061/MCD43A3,2023_03_09
2023-03-10,0.5562743163694984,11.280507981285899,MODIS/061/MCD43A3,2023_03_10
2023-03-11,0.5540326299963177,17.289214333030124,MODIS/061/MCD43A3,2023_03_11
2023-03-12,0.550125074250671,18.178841926494652,MODIS/061/MCD43A3,2023_03_12
2023-03-13,0.5473737602424822,17.60882163412442,MODIS/061/MCD43A3,2023_03_13
2023-03-14,0.5448439230982638,17.6139006782026,MODIS/061/MCD43A3,2023_03_14
2023-03-15,0.5449441953341035,17.88179111473798,MODIS/061/MCD43A3,2023_03_15
2023-03-16,0.548865847684945,19.6587558494215,MODIS/061/MCD43A3,2023_03_16
2023-03-17,0.5453433070751347,21.952277463952353,MODIS/061/MCD43A3,2023_03_17
2023-03-18,0.5369506203265789,23.312210041379355,MODIS/061/MCD43A3,2023_03_18
2023-03-19,0.5201314245972924,25.168565533184935,MODIS/061/MCD43A3,2023_03_19
2023-03-20,0.5156602203083462,26.44029176807947,MODIS/061/MCD43A3,2023_03_20
2023-03-21,0.5040833633171874,26.33594793477328,MODIS/061/MCD43A3,2023_03_21
2023-03-22,0.5089118924465735,27.181156890187495,MODIS/061/MCD43A3,2023_03_22
2023-03-23,0.5186363377258724,30.07213227961785,MODIS/061/MCD43A3,2023_03_23
2023-03-24,0.5134022616567068,31.458251324245264,MODIS/061/MCD43A3,2023_03_24
2023-03-25,0.5162261228527737,36.41662807257989,MODIS/061/MCD43A3,2023_03_25
2023-03-26,0.5173181591927499,35.389152382166245,MODIS/061/MCD43A3,2023_03_26
2023-03-27,0.50973840782444,30.577363095133705,MODIS/061/MCD43A3,2023_03_27
2023-03-28,0.5099811097232879,29.53463686426358,MODIS/061/MCD43A3,2023_03_28
2023-03-29,0.5102555149682486,29.782228488059648,MODIS/061/MCD43A3,2023_03_29
2023-03-30,0.5109935342086143,28.789529145074933,MODIS/061/MCD43A3,2023_03_30
2023-03-31,0.5148866541130991,30.078278517264312,MODIS/061/MCD43A3,2023_03_31
2023-04-01,0.5219507348356971,27.00825461179638,MODIS/061/MCD43A3,2023_04_01
2023-04-02,0.5261483543918167,22.21876585426616,MODIS/061/MCD43A3,2023_04_02
2023-04-03,0.5186543092398589,13.587242577289057,MODIS/061/MCD43A3,2023_04_03
2023-04-04,0.5233854159686863,8.725746414704558,MODIS/061/MCD43A3,2023_04_04
2023-04-05,0.544680761014617,7.121108834990179,MODIS/061/MCD43A3,2023_04_05
2023-04-06,0.5697681242523774,4.0322992922192515,MODIS/061/MCD43A3,2023_04_06
2023-04-07,0.572211784893081,4.065974432834108,MODIS/061/MCD43A3,2023_04_07
2023-04-08,0.5738709899803334,4.085011025704489,MODIS/061/MCD43A3,2023_04_08
2023-04-09,0.5792902848315263,2.2454510111925283,MODIS/061/MCD43A3,2023_04_09
2023-04-10,0.584254434319545,0.10426882471487016,MODIS/061/MCD43A3,2023_04_10
2023-04-11,0.6311416670328975,2.897414308969489,MODIS/061/MCD43A3,2023_04_11
2023-04-12,0.622931471102357,8.818753949708476,MODIS/061/MCD43A3,2023_04_12
2023-04-13,0.5980315016081491,12.360479507590938,MODIS/061/MCD43A3,2023_04_13
2023-04-14,0.5499050453212881,16.134605607912718,MODIS/061/MCD43A3,2023_04_14
2023-04-15,0.5053650416818951,19.266110343619044,MODIS/061/MCD43A3,2023_04_15
2023-04-16,0.42484049786515976,22.584570002760632,MODIS/061/MCD43A3,2023_04_16
2023-04-17,,0.0,MODIS/061/MCD43A3,2023_04_17
2023-04-18,0.38957786921020954,21.223322473629334,MODIS/061/MCD43A3,2023_04_18
2023-04-19,0.3538295365341021,23.234940086604038,MODIS/061/MCD43A3,2023_04_19
2023-04-20,0.33329974510913657,23.501109420379397,MODIS/061/MCD43A3,2023_04_20
2023-04-21,0.32944409353354437,23.107030907985088,MODIS/061/MCD43A3,2023_04_21
2023-04-22,0.3168182600976269,24.657901503355625,MODIS/061/MCD43A3,2023_04_22
2023-04-23,0.29957470627701477,26.904723941917055,MODIS/061/MCD43A3,2023_04_23
2023-04-24,0.28030727822771945,27.428922792053413,MODIS/061/MCD43A3,2023_04_24
2023-04-25,0.27346719344423337,28.349075897665724,MODIS/061/MCD43A3,2023_04_25
2023-04-26,0.2548064912025652,30.150034466173217,MODIS/061/MCD43A3,2023_04_26
2023-04-27,0.28102473135248707,37.53043066361497,MODIS/061/MCD43A3,2023_04_27
2023-04-28,0.2740098298544592,43.33448947692865,MODIS/061/MCD43A3,2023_04_28
2023-04-29,0.28286845400107596,46.371737397592796,MODIS/061/MCD43A3,2023_04_29
2023-04-30,0.2620092630940027,40.369236199942996,MODIS/061/MCD43A3,2023_04_30
2023-05-01,0.27427461475871734,44.74213278967437,MODIS/061/MCD43A3,2023_05_01
2023-05-02,0.2699480327713063,45.00012632600504,MODIS/061/MCD43A3,2023_05_02
2023-05-03,0.266380721549874,47.26235169347165,MODIS/061/MCD43A3,2023_05_03
2023-05-04,0.26443128254639475,51.09694058539497,MODIS/061/MCD43A3,2023_05_04
2023-05-05,0.25260080645233046,45.00401790879969,MODIS/061/MCD43A3,2023_05_05
2023-05-06,0.2513397435106039,44.302545176942395,MODIS/061/MCD43A3,2023_05_06
2023-05-07,0.24996447500258834,43.73666841778376,MODIS/061/MCD43A3,2023_05_07
2023-05-08,0.24737342783719224,44.785731520353025,MODIS/061/MCD43A3,2023_05_08
2023-05-09,0.24454723766368905,41.3014827759041,MODIS/061/MCD43A3,2023_05_09
2023-05-10,0.23184655689465455,37.10443468389232,MODIS/061/MCD43A3,2023_05_10
2023-05-11,0.2328101925077302,37.42042996769317,MODIS/061/MCD43A3,2023_05_11
2023-05-12,0.2074244545972967,29.15809111638599,MODIS/061/MCD43A3,2023_05_12
2023-05-13,0.1814797765932316,23.732698262763186,MODIS/061/MCD43A3,2023_05_13
2023-05-14,0.15864199924612954,16.887491965932316,MODIS/061/MCD43A3,2023_05_14
2023-05-15,0.16303995311219882,22.585281423422106,MODIS/061/MCD43A3,2023_05_15
2023-05-16,0.16186647304745963,22.35796394869728,MODIS/061/MCD43A3,2023_05_16
2023-05-17,0.16207328280864042,23.312975064465945,MODIS/061/MCD43A3,2023_05_17
2023-05-18,0.15700908258450516,24.819234766704238,MODIS/061/MCD43A3,2023_05_18
2023-05-19,0.15204171752297363,21.501295682139098,MODIS/061/MCD43A3,2023_05_19
2023-05-20,0.1519626645786515,21.56597681465397,MODIS/061/MCD43A3,2023_05_20
2023-05-21,0.15615280028334422,26.21430054626205,MODIS/061/MCD43A3,2023_05_21
2023-05-22,0.17128959853448172,38.090900056850316,MODIS/061/MCD43A3,2023_05_22
2023-05-23,0.1756153962320311,44.230939866706215,MODIS/061/MCD43A3,2023_05_23
2023-05-24,0.17619571532270945,44.968653563782134,MODIS/061/MCD43A3,2023_05_24
2023-05-25,0.17912141566888967,47.97915511684986,MODIS/061/MCD43A3,2023_05_25
2023-05-26,0.17937104708753696,51.450623085445685,MODIS/061/MCD43A3,2023_05_26
2023-05-27,0.18514523511513148,57.05165609274742,MODIS/061/MCD43A3,2023_05_27
2023-05-28,0.18724023261808212,60.853430745156295,MODIS/061/MCD43A3,2023_05_28
2023-05-29,0.1921395001684069,67.88014110389156,MODIS/061/MCD43A3,2023_05_29
2023-05-30,0.19172442239008008,68.80311191320415,MODIS/061/MCD43A3,2023_05_30
2023-05-31,0.18862390859219513,67.7316051077955,MODIS/061/MCD43A3,2023_05_31
2023-06-01,0.1917831442051349,70.92219817689994,MODIS/061/MCD43A3,2023_06_01
2023-06-02,0.19098693092560606,72.8837742194065,MODIS/061/MCD43A3,2023_06_02
2023-06-03,0.19412633368006058,74.14988412857568,MODIS/061/MCD43A3,2023_06_03
2023-06-04,0.19254687850092406,74.19681591154404,MODIS/061/MCD43A3,2023_06_04
2023-06-05,0.19110138763086618,72.31813659707416,MODIS/061/MCD43A3,2023_06_05
2023-06-06,0.18965978025694644,71.0415950767783,MODIS/061/MCD43A3,2023_06_06
2023-06-07,0.18017388359280523,62.87788234605011,MODIS/061/MCD43A3,2023_06_07
2023-06-08,0.17953308912134325,61.85023272743146,MODIS/061/MCD43A3,2023_06_08
2023-06-09,0.1767830170301111,63.58183107156643,MODIS/061/MCD43A3,2023_06_09
2023-06-10,0.17907299740175422,72.12872547152581,MODIS/061/MCD43A3,2023_06_10
2023-06-11,0.17712805723288594,71.06901652527496,MODIS/061/MCD43A3,2023_06_11
2023-06-12,0.17017266241847953,64.2506783571961,MODIS/061/MCD43A3,2023_06_12
2023-06-13,0.16809813339887147,60.595981721655846,MODIS/061/MCD43A3,2023_06_13
2023-06-14,0.1616738550425012,58.021039853602346,MODIS/061/MCD43A3,2023_06_14
2023-06-15,0.16707296028676175,65.25835316851727,MODIS/061/MCD43A3,2023_06_15
2023-06-16,0.16630312600937727,70.57995138458942,MODIS/061/MCD43A3,2023_06_16
2023-06-17,0.16452750584270384,69.9691045159731,MODIS/061/MCD43A3,2023_06_17
2023-06-18,0.16187502570355755,64.73017178860502,MODIS/061/MCD43A3,2023_06_18
2023-06-19,0.15974876483822478,71.6146122066796,MODIS/061/MCD43A3,2023_06_19
2023-06-20,0.15976523233475765,76.07673916635176,MODIS/061/MCD43A3,2023_06_20
2023-06-21,0.15993176895925773,77.30811759535192,MODIS/061/MCD43A3,2023_06_21
2023-06-22,0.1627148314051091,84.77823854930406,MODIS/061/MCD43A3,2023_06_22
2023-06-23,0.16192699479178396,86.36184215840939,MODIS/061/MCD43A3,2023_06_23
2023-06-24,0.16137951463062863,88.91523966842425,MODIS/061/MCD43A3,2023_06_24
2023-06-25,0.16051125915004938,88.51456856249432,MODIS/061/MCD43A3,2023_06_25
2023-06-26,0.15677222057004675,85.68183022864508,MODIS/061/MCD43A3,2023_06_26
2023-06-27,0.1563797641147291,84.29991560828473,MODIS/061/MCD43A3,2023_06_27
2023-06-28,0.15645268782328092,83.5880720550693,MODIS/061/MCD43A3,2023_06_28
2023-06-29,0.15635072594553587,84.53551875999574,MODIS/061/MCD43A3,2023_06_29
2023-06-30,0.15543382380932486,82.34626220837478,MODIS/061/MCD43A3,2023_06_30
2023-07-01,0.1509239592652748,73.78490727450476,MODIS/061/MCD43A3,2023_07_01
2023-07-02,0.1498649097243621,68.81801081297597,MODIS/061/MCD43A3,2023_07_02
2023-07-03,0.14944946191649877,73.32861362007928,MODIS/061/MCD43A3,2023_07_03
2023-07-04,0.15006223236123206,83.62082879391902,MODIS/061/MCD43A3,2023_07_04
2023-07-05,0.14867750686638162,85.92422878771394,MODIS/061/MCD43A3,2023_07_05
2023-07-06,0.1470538767360235,85.54005882272273,MODIS/061/MCD43A3,2023_07_06
2023-07-07,0.14708427866783547,87.77214860263922,MODIS/061/MCD43A3,2023_07_07
2023-07-08,0.14440159665479202,83.68603713374614,MODIS/061/MCD43A3,2023_07_08
2023-07-09,0.14451539619187428,86.89080086871085,MODIS/061/MCD43A3,2023_07_09
2023-07-10,0.1443558690948453,88.4724061136195,MODIS/061/MCD43A3,2023_07_10
2023-07-11,0.14466550343552137,89.65353732556068,MODIS/061/MCD43A3,2023_07_11
2023-07-12,0.14522690688995624,90.75295227780663,MODIS/061/MCD43A3,2023_07_12
2023-07-13,0.14548178632293202,90.9258087964655,MODIS/061/MCD43A3,2023_07_13
2023-07-14,0.14578251743699813,91.23910479103552,MODIS/061/MCD43A3,2023_07_14
2023-07-15,0.1459185853811159,92.65562321404389,MODIS/061/MCD43A3,2023_07_15
2023-07-16,0.14602919735340097,93.72330923769498,MODIS/061/MCD43A3,2023_07_16
2023-07-17,,0.0,MODIS/061/MCD43A3,2023_07_17
2023-07-18,0.14558294866064056,93.09231161710912,MODIS/061/MCD43A3,2023_07_18
2023-07-19,0.1456551420993767,93.00095623927088,MODIS/061/MCD43A3,2023_07_19
2023-07-20,0.14569499778218112,91.80591013183286,MODIS/061/MCD43A3,2023_07_20
2023-07-21,,0.0,MODIS/061/MCD43A3,2023_07_21
2023-07-22,0.1456657019690374,93.62658926327413,MODIS/061/MCD43A3,2023_07_22
2023-07-23,0.1456647601078022,93.15168079839952,MODIS/061/MCD43A3,2023_07_23
2023-07-24,0.1454987554230041,92.17804858392914,MODIS/061/MCD43A3,2023_07_24
2023-07-25,0.14504265530170393,88.00824367946778,MODIS/061/MCD43A3,2023_07_25
2023-07-26,0.14512345355231357,87.15353377419677,MODIS/061/MCD43A3,2023_07_26
2023-07-27,0.14496492772123493,87.5070055284361,MODIS/061/MCD43A3,2023_07_27
2023-07-28,0.14462987254699897,90.70228914618116,MODIS/061/MCD43A3,2023_07_28
2023-07-29,0.1444411807212889,91.39751134070939,MODIS/061/MCD43A3,2023_07_29
2023-07-30,0.1442579270630897,91.1450928367568,MODIS/061/MCD43A3,2023_07_30
2023-07-31,0.14493051329978315,88.55341855471471,MODIS/061/MCD43A3,2023_07_31
2023-08-01,0.14531864604515368,83.12340490237494,MODIS/061/MCD43A3,2023_08_01
2023-08-02,0.14497627214797673,84.63657945713915,MODIS/061/MCD43A3,2023_08_02
2023-08-03,0.14511578402944736,85.05237935413241,MODIS/061/MCD43A3,2023_08_03
2023-08-04,0.14506448441813405,83.46962525942084,MODIS/061/MCD43A3,2023_08_04
2023-08-05,0.14472908706599918,84.19999791861561,MODIS/061/MCD43A3,2023_08_05
2023-08-06,0.14507420118329253,75.92604023508927,MODIS/061/MCD43A3,2023_08_06
2023-08-07,0.14311363462264126,85.9959967081016,MODIS/061/MCD43A3,2023_08_07
2023-08-08,0.14291196655956426,89.03009777809406,MODIS/061/MCD43A3,2023_08_08
2023-08-09,0.14189778157129884,93.03803011671985,MODIS/061/MCD43A3,2023_08_09
2023-08-10,0.14196669337043247,93.00605655131706,MODIS/061/MCD43A3,2023_08_10
2023-08-11,0.14187667752948963,95.15548291506234,MODIS/061/MCD43A3,2023_08_11
2023-08-12,0.14162923588681017,95.2985835728078,MODIS/061/MCD43A3,2023_08_12
2023-08-13,0.14117329033693218,94.58496120381142,MODIS/061/MCD43A3,2023_08_13
2023-08-14,0.14183277426989027,96.223535725538,MODIS/061/MCD43A3,2023_08_14
2023-08-15,0.14198358507953635,96.25437340987038,MODIS/061/MCD43A3,2023_08_15
2023-08-16,0.14212509828435296,96.60896217096177,MODIS/061/MCD43A3,2023_08_16
2023-08-17,0.14232576485823462,96.7679630822725,MODIS/061/MCD43A3,2023_08_17
2023-08-18,0.14263513000587458,96.69016223554557,MODIS/061/MCD43A3,2023_08_18
2023-08-19,0.14296470027976282,97.50506651352808,MODIS/061/MCD43A3,2023_08_19
2023-08-20,0.14302754846898133,97.32896629033259,MODIS/061/MCD43A3,2023_08_20
2023-08-21,0.14294617986332647,97.1311374858597,MODIS/061/MCD43A3,2023_08_21
2023-08-22,0.14286834907301973,95.41806188680549,MODIS/061/MCD43A3,2023_08_22
2023-08-23,0.14305223998864874,95.511161505312,MODIS/061/MCD43A3,2023_08_23
2023-08-24,0.14312377056547546,92.8101111598249,MODIS/061/MCD43A3,2023_08_24
2023-08-25,0.14365197868150537,91.26709634446827,MODIS/061/MCD43A3,2023_08_25
2023-08-26,0.14328907608141428,90.60542380496915,MODIS/061/MCD43A3,2023_08_26
2023-08-27,0.14332442863267636,88.34869391271604,MODIS/061/MCD43A3,2023_08_27
2023-08-28,0.14332991192180122,78.40657565083788,MODIS/061/MCD43A3,2023_08_28
2023-08-29,0.14305627562466583,74.02349377245119,MODIS/061/MCD43A3,2023_08_29
2023-08-30,0.1406118400148595,68.18908015680567,MODIS/061/MCD43A3,2023_08_30
2023-08-31,0.14115135931747755,68.96348074439462,MODIS/061/MCD43A3,2023_08_31
2023-09-01,0.14087661033775942,65.04870732124883,MODIS/061/MCD43A3,2023_09_01
2023-09-02,0.14059168977322367,61.93256469183534,MODIS/061/MCD43A3,2023_09_02
2023-09-03,0.14057814883409442,59.21512623025148,MODIS/061/MCD43A3,2023_09_03
2023-09-04,0.13890815233756817,52.284913609753566,MODIS/061/MCD43A3,2023_09_04
2023-09-05,0.13982633320353532,53.81391161399365,MODIS/061/MCD43A3,2023_09_05
2023-09-06,0.1404350158559511,56.432053645222375,MODIS/061/MCD43A3,2023_09_06
2023-09-07,0.14150387734322717,55.481219587398435,MODIS/061/MCD43A3,2023_09_07
2023-09-08,0.14119934671736586,56.15411834401861,MODIS/061/MCD43A3,2023_09_08
2023-09-09,0.1411436571459532,58.00424177624367,MODIS/061/MCD43A3,2023_09_09
2023-09-10,0.14159292910470814,50.52702733354022,MODIS/061/MCD43A3,2023_09_10
2023-09-11,0.14638888377029008,36.440308038612706,MODIS/061/MCD43A3,2023_09_11
2023-09-12,0.14615121677322898,30.27857634799672,MODIS/061/MCD43A3,2023_09_12
2023-09-13,0.1462360333143019,31.686877227458584,MODIS/061/MCD43A3,2023_09_13
2023-09-14,0.1457942630160526,21.59368206894253,MODIS/061/MCD43A3,2023_09_14
2023-09-15,0.14524954518415517,15.460669918208845,MODIS/061/MCD43A3,2023_09_15
2023-09-16,0.1409442336329296,20.83574005586321,MODIS/061/MCD43A3,2023_09_16
2023-09-17,0.14125279376569855,31.73964467871635,MODIS/061/MCD43A3,2023_09_17
2023-09-18,0.143886068741091,42.64335022041499,MODIS/061/MCD43A3,2023_09_18
2023-09-19,0.14240850270635383,55.114567789378725,MODIS/061/MCD43A3,2023_09_19
2023-09-20,0.14250703282285607,54.48502330021516,MODIS/061/MCD43A3,2023_09_20
2023-09-21,0.14211095209469043,53.94149856887252,MODIS/061/MCD43A3,2023_09_21
2023-09-22,0.1429796786038095,49.38234734199179,MODIS/061/MCD43A3,2023_09_22
2023-09-23,0.14229372957858238,41.45401204014546,MODIS/061/MCD43A3,2023_09_23
2023-09-24,0.14319942997804144,43.088207175600694,MODIS/061/MCD43A3,2023_09_24
2023-09-25,0.14366712756192448,43.597526753339444,MODIS/061/MCD43A3,2023_09_25
2023-09-26,0.14256624528202075,56.27376021558061,MODIS/061/MCD43A3,2023_09_26
2023-09-27,0.14225144825073718,59.95330152607964,MODIS/061/MCD43A3,2023_09_27
2023-09-28,0.14248587717148192,60.59855804787197,MODIS/061/MCD43A3,2023_09_28
2023-09-29,0.14304595760516467,59.701693227153406,MODIS/061/MCD43A3,2023_09_29
2023-09-30,0.1427156599245653,60.33518800573802,MODIS/061/MCD43A3,2023_09_30
2023-10-01,0.14321887283980222,59.583449191696104,MODIS/061/MCD43A3,2023_10_01
2023-10-02,0.14507205552576366,55.10119275095085,MODIS/061/MCD43A3,2023_10_02
2023-10-03,0.1441611656168331,51.430008798802845,MODIS/061/MCD43A3,2023_10_03
2023-10-04,0.14459138660931845,49.2268495096746,MODIS/061/MCD43A3,2023_10_04
2023-10-05,0.1454959145076083,36.074681023887514,MODIS/061/MCD43A3,2023_10_05
2023-10-06,0.14539647189634025,34.748344730805194,MODIS/061/MCD43A3,2023_10_06
2023-10-07,0.14531882174017866,37.18603887435424,MODIS/061/MCD43A3,2023_10_07
2023-10-08,0.14440077196576995,33.172747920895674,MODIS/061/MCD43A3,2023_10_08
2023-10-09,0.14716967715599838,38.24979956482361,MODIS/061/MCD43A3,2023_10_09
2023-10-10,0.147443212760879,36.893756449513546,MODIS/061/MCD43A3,2023_10_10
2023-10-11,0.14844398734744632,34.84479262103736,MODIS/061/MCD43A3,2023_10_11
2023-10-12,0.14745146297926937,25.18837255903292,MODIS/061/MCD43A3,2023_10_12
2023-10-13,0.1449733982833857,18.14435722710321,MODIS/061/MCD43A3,2023_10_13
2023-10-14,0.14681856827243317,17.328354359219805,MODIS/061/MCD43A3,2023_10_14
2023-10-15,0.14794981231167073,21.301005931278358,MODIS/061/MCD43A3,2023_10_15
2023-10-16,0.14828622454375348,21.678753330462918,MODIS/061/MCD43A3,2023_10_16
2023-10-17,0.1463974988512554,22.71825232090616,MODIS/061/MCD43A3,2023_10_17
2023-10-18,0.14472208054694907,17.026012718763194,MODIS/061/MCD43A3,2023_10_18
2023-10-19,0.14313803559883267,14.993483081203523,MODIS/061/MCD43A3,2023_10_19
2023-10-20,0.1402791252640437,11.035820332214216,MODIS/061/MCD43A3,2023_10_20
2023-10-21,0.1388134618418286,13.538078858572801,MODIS/061/MCD43A3,2023_10_21
2023-10-22,0.13912164460239457,13.503279131001461,MODIS/061/MCD43A3,2023_10_22
2023-10-23,0.13471266669451942,11.384557127787554,MODIS/061/MCD43A3,2023_10_23
2023-10-24,0.1403584404217867,7.299044887430347,MODIS/061/MCD43A3,2023_10_24
2023-10-25,0.13573295178023592,5.062345990089921,MODIS/061/MCD43A3,2023_10_25
2023-10-26,0.13877987239130504,7.064227481130894,MODIS/061/MCD43A3,2023_10_26
2023-10-27,0.13714913535244064,9.283707032846776,MODIS/061/MCD43A3,2023_10_27
2023-10-28,0.1452753413986609,7.600388350569524,MODIS/061/MCD43A3,2023_10_28
2023-10-29,0.14260965095932282,8.984712559774193,MODIS/061/MCD43A3,2023_10_29
2023-10-30,0.14899142277735758,8.316430549891857,MODIS/061/MCD43A3,2023_10_30
2023-10-31,0.14484003938019152,8.064408079780193,MODIS/061/MCD43A3,2023_10_31
2023-11-01,0.14341072006165337,7.80813922477918,MODIS/061/MCD43A3,2023_11_01
2023-11-02,0.151584148275235,3.83431609568344,MODIS/061/MCD43A3,2023_11_02
2023-11-03,0.1543877408885316,3.410728525324738,MODIS/061/MCD43A3,2023_11_03
2023-11-04,0.15248004502164186,3.210824329495416,MODIS/061/MCD43A3,2023_11_04
2023-11-05,0.15635470488120576,3.7175014516535505,MODIS/061/MCD43A3,2023_11_05
2023-11-06,0.1594586750991233,2.9255444853977624,MODIS/061/MCD43A3,2023_11_06
2023-11-07,0.16615412848905506,3.0301179142666848,MODIS/061/MCD43A3,2023_11_07
2023-11-08,0.19037462120551932,3.0039247643009035,MODIS/061/MCD43A3,2023_11_08
2023-11-09,0.1942639144413114,3.1652350645675793,MODIS/061/MCD43A3,2023_11_09
2023-11-10,0.21277418058274059,2.2908247090212877,MODIS/061/MCD43A3,2023_11_10
2023-11-11,0.30959706666256886,0.49761960684643025,MODIS/061/MCD43A3,2023_11_11
2023-11-12,0.30395703445590067,0.3110408476627359,MODIS/061/MCD43A3,2023_11_12
2023-11-13,0.300459263915518,0.21454146655035533,MODIS/061/MCD43A3,2023_11_13
2023-11-14,0.2595858507091107,0.3925723852676459,MODIS/061/MCD43A3,2023_11_14
2023-11-15,0.29984579326736865,0.42565182061161194,MODIS/061/MCD43A3,2023_11_15
2023-11-16,0.2971304216946434,0.4693260994723303,MODIS/061/MCD43A3,2023_11_16
2023-11-17,0.29608040846091577,0.49788560478507965,MODIS/061/MCD43A3,2023_11_17
2023-11-18,0.31056093122335054,0.5359663596687129,MODIS/061/MCD43A3,2023_11_18
2023-11-19,0.26555143649861784,0.36946688698914276,MODIS/061/MCD43A3,2023_11_19
2023-11-20,0.27489116261292823,0.398025175658605,MODIS/061/MCD43A3,2023_11_20
2023-11-21,0.24181917561962848,0.4770871187749361,MODIS/061/MCD43A3,2023_11_21
2023-11-22,0.22746279315276155,0.32477633339658196,MODIS/061/MCD43A3,2023_11_22
2023-11-23,0.2507153552781864,0.06663602154899329,MODIS/061/MCD43A3,2023_11_23
2023-11-24,0.16223203997334112,0.12375046441558857,MODIS/061/MCD43A3,2023_11_24
2023-11-25,0.1610030837999258,0.02855738153357394,MODIS/061/MCD43A3,2023_11_25
2023-11-26,0.13072222663008617,0.342692067341376,MODIS/061/MCD43A3,2023_11_26
2023-11-27,0.15224408240742163,1.5051654338850857,MODIS/061/MCD43A3,2023_11_27
2023-11-28,0.14928050925282005,2.251031747287101,MODIS/061/MCD43A3,2023_11_28
2023-11-29,0.1561783060063825,2.737523855072061,MODIS/061/MCD43A3,2023_11_29
2023-11-30,0.16240711311739278,1.304742201025656,MODIS/061/MCD43A3,2023_11_30
2023-12-01,0.1536976503372831,1.2190677526443352,MODIS/061/MCD43A3,2023_12_01
2023-12-02,0.1619085514045842,1.2750656559393962,MODIS/061/MCD43A3,2023_12_02
2023-12-03,0.16157602989091124,1.151314344388394,MODIS/061/MCD43A3,2023_12_03
2023-12-04,0.15741084392903615,1.1227559250248287,MODIS/061/MCD43A3,2023_12_04
2023-12-05,0.20439823316337558,0.599720836290618,MODIS/061/MCD43A3,2023_12_05
2023-12-06,0.21190903275399908,0.6187597324335887,MODIS/061/MCD43A3,2023_12_06
2023-12-07,0.3265049233988454,0.41456515005946803,MODIS/061/MCD43A3,2023_12_07
2023-12-08,0.3219796275692946,0.38600669148767164,MODIS/061/MCD43A3,2023_12_08
2023-12-09,0.30862653546978525,0.2710671984237572,MODIS/061/MCD43A3,2023_12_09
2023-12-10,0.4237851307581681,0.1332769092292953,MODIS/061/MCD43A3,2023_12_10
2023-12-11,0.4335759048800313,0.31415242614650774,MODIS/061/MCD43A3,2023_12_11
2023-12-12,0.46735535428265446,0.17878431278047968,MODIS/061/MCD43A3,2023_12_12
2023-12-13,0.42285742917143887,0.13327599019668424,MODIS/061/MCD43A3,2023_12_13
2023-12-14,0.42413299065782906,0.14279589316449354,MODIS/061/MCD43A3,2023_12_14
2023-12-15,0.39376437451863844,0.388918468419747,MODIS/061/MCD43A3,2023_12_15
2023-12-16,0.40337219014663217,0.3133947757877366,MODIS/061/MCD43A3,2023_12_16
2023-12-17,0.4008864108167733,0.4085909253946605,MODIS/061/MCD43A3,2023_12_17
2023-12-18,0.375767312277525,0.6169385078914018,MODIS/061/MCD43A3,2023_12_18
2023-12-19,0.3649716163568565,0.6454949440406899,MODIS/061/MCD43A3,2023_12_19
2023-12-20,0.3733171443480533,0.61738663683809,MODIS/061/MCD43A3,2023_12_20
2023-12-21,0.35894685883733646,0.7887361353888516,MODIS/061/MCD43A3,2023_12_21
2023-12-22,0.36211941721391483,0.5507496489923608,MODIS/061/MCD43A3,2023_12_22
2023-12-23,0.34159559894659847,0.6353013479128179,MODIS/061/MCD43A3,2023_12_23
2023-12-24,0.35806364330404633,0.9694555226285121,MODIS/061/MCD43A3,2023_12_24
2023-12-25,0.35039502781439114,1.178889115933564,MODIS/061/MCD43A3,2023_12_25
2023-12-26,0.34923162373595884,1.1408137225824118,MODIS/061/MCD43A3,2023_12_26
2023-12-27,0.33865047062404285,1.112213885749706,MODIS/061/MCD43A3,2023_12_27
2023-12-28,0.3413037063089491,1.0646159677818026,MODIS/061/MCD43A3,2023_12_28
2023-12-29,0.3401265641631801,1.0167189643684926,MODIS/061/MCD43A3,2023_12_29
2023-12-30,0.33991570539340515,0.6935053702660939,MODIS/061/MCD43A3,2023_12_30
2023-12-31,0.38249999283890895,0.019038998588935686,MODIS/061/MCD43A3,2023_12_31
2024-01-01,0.395,0.009519494244838111,MODIS/061/MCD43A3,2024_01_01
2024-01-02,0.395,0.009519494244838111,MODIS/061/MCD43A3,2024_01_02
2024-01-03,,0.0,MODIS/061/MCD43A3,2024_01_03
2024-01-04,,0.0,MODIS/061/MCD43A3,2024_01_04
2024-01-05,,0.0,MODIS/061/MCD43A3,2024_01_05
2024-01-06,,0.0,MODIS/061/MCD43A3,2024_01_06
2024-01-07,,0.0,MODIS/061/MCD43A3,2024_01_07
2024-01-08,,0.0,MODIS/061/MCD43A3,2024_01_08
2024-01-09,,0.0,MODIS/061/MCD43A3,2024_01_09
2024-01-10,,0.0,MODIS/061/MCD43A3,2024_01_10
2024-01-11,,0.0,MODIS/061/MCD43A3,2024_01_11
2024-01-12,,0.0,MODIS/061/MCD43A3,2024_01_12
2024-01-13,0.599,0.009519532725620335,MODIS/061/MCD43A3,2024_01_13
2024-01-14,0.4443348120478148,0.028558078964833224,MODIS/061/MCD43A3,2024_01_14
2024-01-15,0.3552104276062907,0.18086724136005244,MODIS/061/MCD43A3,2024_01_15
2024-01-16,0.3605721095556823,0.35214012737817346,MODIS/061/MCD43A3,2024_01_16
2024-01-17,0.35902756597564944,0.3997366836707834,MODIS/061/MCD43A3,2024_01_17
2024-01-18,0.3526944754623523,0.3426951974651454,MODIS/061/MCD43A3,2024_01_18
2024-01-19,0.336840867124857,0.4188502818350519,MODIS/061/MCD43A3,2024_01_19
2024-01-20,0.38094196260425517,1.2659648396440688,MODIS/061/MCD43A3,2024_01_20
2024-01-21,0.38515975964289095,1.8562397684740308,MODIS/061/MCD43A3,2024_01_21
2024-01-22,0.38197126211619997,1.9302288224502144,MODIS/061/MCD43A3,2024_01_22
2024-01-23,0.3846119389027995,2.0349404014159864,MODIS/061/MCD43A3,2024_01_23
2024-01-24,0.3857891295400235,1.930226200251255,MODIS/061/MCD43A3,2024_01_24
2024-01-25,0.38075635364527594,1.796916946874076,MODIS/061/MCD43A3,2024_01_25
2024-01-26,0.3892583139537439,1.3780606305358456,MODIS/061/MCD43A3,2024_01_26
2024-01-27,0.42007598616883174,1.321395989435703,MODIS/061/MCD43A3,2024_01_27
2024-01-28,0.43517326470770046,1.2833186753713666,MODIS/061/MCD43A3,2024_01_28
2024-01-29,0.46708064681796213,0.8936247995961982,MODIS/061/MCD43A3,2024_01_29
2024-01-30,0.48214868378816794,0.7228757903113628,MODIS/061/MCD43A3,2024_01_30
2024-01-31,0.45950024021886055,0.07615640200409146,MODIS/061/MCD43A3,2024_01_31
2024-02-01,0.4804995568514848,0.01903920505630535,MODIS/061/MCD43A3,2024_02_01
2024-02-02,0.46346204230127735,0.3712566091296077,MODIS/061/MCD43A3,2024_02_02
2024-02-03,0.476012695860344,0.8090005430187323,MODIS/061/MCD43A3,2024_02_03
2024-02-04,0.44070920209989006,1.2182478058044173,MODIS/061/MCD43A3,2024_02_04
2024-02-05,0.516219369139035,0.19035035034735573,MODIS/061/MCD43A3,2024_02_05
2024-02-06,0.5171775953350893,0.3045464143998422,MODIS/061/MCD43A3,2024_02_06
2024-02-07,0.5083436773264438,1.1128719539756016,MODIS/061/MCD43A3,2024_02_07
2024-02-08,0.5061264053830902,1.0843902097038005,MODIS/061/MCD43A3,2024_02_08
2024-02-09,0.5067741109070402,1.112949756480655,MODIS/061/MCD43A3,2024_02_09
2024-02-10,0.5102379742476858,1.2081433153915986,MODIS/061/MCD43A3,2024_02_10
2024-02-11,0.4823087269193089,0.5798990880135081,MODIS/061/MCD43A3,2024_02_11
2024-02-12,0.49995308266976635,0.5799378270457594,MODIS/061/MCD43A3,2024_02_12
2024-02-13,0.4975293632092452,0.4847429308940176,MODIS/061/MCD43A3,2024_02_13
2024-02-14,0.4953312801424562,0.3705835088293239,MODIS/061/MCD43A3,2024_02_14
2024-02-15,0.49505289224514004,0.34202540919533225,MODIS/061/MCD43A3,2024_02_15
2024-02-16,0.4932201698244306,0.38010346745898504,MODIS/061/MCD43A3,2024_02_16
2024-02-17,0.4930425003630394,0.39914235757955124,MODIS/061/MCD43A3,2024_02_17
2024-02-18,0.4987503625691726,0.03807723073080878,MODIS/061/MCD43A3,2024_02_18
2024-02-19,,0.0,MODIS/061/MCD43A3,2024_02_19
2024-02-20,,0.0,MODIS/061/MCD43A3,2024_02_20
2024-02-21,,0.0,MODIS/061/MCD43A3,2024_02_21
2024-02-22,0.5741426700969767,1.1643573531932188,MODIS/061/MCD43A3,2024_02_22
2024-02-23,0.6286372451472411,0.4079533178265004,MODIS/061/MCD43A3,2024_02_23
2024-02-24,0.6238255656339246,0.39843391821220625,MODIS/061/MCD43A3,2024_02_24
2024-02-25,0.6196620004123767,0.3796935470105252,MODIS/061/MCD43A3,2024_02_25
2024-02-26,0.602653991453052,1.9733013930602603,MODIS/061/MCD43A3,2024_02_26
2024-02-27,0.6053424924660412,2.6714157975618393,MODIS/061/MCD43A3,2024_02_27
2024-02-28,0.5997153701294429,2.623817671954591,MODIS/061/MCD43A3,2024_02_28
2024-02-29,0.5979141369747859,2.606569148642305,MODIS/061/MCD43A3,2024_02_29
2024-03-01,0.6000295529678564,2.8330139460281347,MODIS/061/MCD43A3,2024_03_01
2024-03-02,0.6007517212566228,2.7758966483335694,MODIS/061/MCD43A3,2024_03_02
2024-03-03,0.5996814151344461,2.7473384791939477,MODIS/061/MCD43A3,2024_03_03
2024-03-04,0.5843386188167831,4.9706891591072475,MODIS/061/MCD43A3,2024_03_04
2024-03-05,0.5834286112168664,5.096390374047287,MODIS/061/MCD43A3,2024_03_05
2024-03-06,0.5801723633492291,3.5314998967438975,MODIS/061/MCD43A3,2024_03_06
2024-03-07,0.5892388656136617,2.1893743863712767,MODIS/061/MCD43A3,2024_03_07
2024-03-08,0.5735610398552873,2.848982187556969,MODIS/061/MCD43A3,2024_03_08
2024-03-09,0.5496943136029391,2.446157075116361,MODIS/061/MCD43A3,2024_03_09
2024-03-10,0.5316328621857244,4.465106261455726,MODIS/061/MCD43A3,2024_03_10
2024-03-11,0.5298551162111083,4.5283858435395485,MODIS/061/MCD43A3,2024_03_11
2024-03-12,0.5289345228378928,4.6425081356663505,MODIS/061/MCD43A3,2024_03_12
2024-03-13,0.5421020938491397,3.530942107830377,MODIS/061/MCD43A3,2024_03_13
2024-03-14,0.5372444540698907,2.8487438706478154,MODIS/061/MCD43A3,2024_03_14
2024-03-15,0.536270963309259,2.832542506827889,MODIS/061/MCD43A3,2024_03_15
2024-03-16,0.5491070522454105,3.321887236737593,MODIS/061/MCD43A3,2024_03_16
2024-03-17,0.5581131368551188,3.804657728864832,MODIS/061/MCD43A3,2024_03_17
2024-03-18,0.5533586312082074,5.078052685392194,MODIS/061/MCD43A3,2024_03_18
2024-03-19,0.5484539552465003,5.079245859805573,MODIS/061/MCD43A3,2024_03_19
2024-03-20,0.5595895868394037,3.6399857005276846,MODIS/061/MCD43A3,2024_03_20
2024-03-21,0.5613007215340183,3.716665615814377,MODIS/061/MCD43A3,2024_03_21
2024-03-22,0.5576818350977937,3.202157216551321,MODIS/061/MCD43A3,2024_03_22
2024-03-23,0.5584025235584645,3.3163540615888047,MODIS/061/MCD43A3,2024_03_23
2024-03-24,0.5952506146394825,5.174812467282023,MODIS/061/MCD43A3,2024_03_24
2024-03-25,0.6156913651088721,4.469091173794252,MODIS/061/MCD43A3,2024_03_25
2024-03-26,0.6081940083255789,2.6975702777750428,MODIS/061/MCD43A3,2024_03_26
2024-03-27,0.6158018126851972,2.3569124601021314,MODIS/061/MCD43A3,2024_03_27
2024-03-28,0.6189367335112705,5.186116266578112,MODIS/061/MCD43A3,2024_03_28
2024-03-29,0.6169159363258394,5.167076058226834,MODIS/061/MCD43A3,2024_03_29
2024-03-30,0.6137832072799198,5.278845605957962,MODIS/061/MCD43A3,2024_03_30
2024-03-31,0.5959805801518023,7.415576265130391,MODIS/061/MCD43A3,2024_03_31
2024-04-01,0.5965144843768977,8.69516422488902,MODIS/061/MCD43A3,2024_04_01
2024-04-02,0.5980323521163591,8.291763874656064,MODIS/061/MCD43A3,2024_04_02
2024-04-03,0.6100447251311605,8.199788830726181,MODIS/061/MCD43A3,2024_04_03
2024-04-04,0.6008671133114494,10.362691685623416,MODIS/061/MCD43A3,2024_04_04
2024-04-05,0.6009362748767124,10.43182910063737,MODIS/061/MCD43A3,2024_04_05
2024-04-06,0.5985557647362243,10.519705536987734,MODIS/061/MCD43A3,2024_04_06
2024-04-07,0.599442924258538,10.633945111237427,MODIS/061/MCD43A3,2024_04_07
2024-04-08,0.5959356823157581,10.870394181167283,MODIS/061/MCD43A3,2024_04_08
2024-04-09,0.5765795766757197,4.877829298260141,MODIS/061/MCD43A3,2024_04_09
2024-04-10,0.588338353342978,7.150662299313058,MODIS/061/MCD43A3,2024_04_10
2024-04-11,0.587091998334007,9.849778436138106,MODIS/061/MCD43A3,2024_04_11
2024-04-12,0.5677453196861799,10.887911358330667,MODIS/061/MCD43A3,2024_04_12
2024-04-13,0.5490245593063007,7.181323418112355,MODIS/061/MCD43A3,2024_04_13
2024-04-14,0.5273967468086608,6.145301557658786,MODIS/061/MCD43A3,2024_04_14
2024-04-15,0.5238787648080061,6.447431996777144,MODIS/061/MCD43A3,2024_04_15
2024-04-16,0.5289390586907873,7.061686463513994,MODIS/061/MCD43A3,2024_04_16
2024-04-17,0.525578169977868,6.543792872886496,MODIS/061/MCD43A3,2024_04_17
2024-04-18,0.5242452360459043,6.555067018124428,MODIS/061/MCD43A3,2024_04_18
2024-04-19,0.5235648276808912,6.594566748509186,MODIS/061/MCD43A3,2024_04_19
2024-04-20,0.5171841821075814,2.8996867171853524,MODIS/061/MCD43A3,2024_04_20
2024-04-21,0.5149490639587518,3.4087784218677917,MODIS/061/MCD43A3,2024_04_21
2024-04-22,0.5008681925726519,4.717576582217828,MODIS/061/MCD43A3,2024_04_22
2024-04-23,0.5043220952258862,5.001566882808406,MODIS/061/MCD43A3,2024_04_23
2024-04-24,0.5051413805360663,5.088142060047319,MODIS/061/MCD43A3,2024_04_24
2024-04-25,0.4700531238020606,5.049023527863956,MODIS/061/MCD43A3,2024_04_25
2024-04-26,0.4809869827621623,3.5994593381686983,MODIS/061/MCD43A3,2024_04_26
2024-04-27,0.5042558969582684,2.2848808053780245,MODIS/061/MCD43A3,2024_04_27
2024-04-28,0.482049809242214,0.5797261666628303,MODIS/061/MCD43A3,2024_04_28
2024-04-29,0.48906813661481896,0.41886725603392333,MODIS/061/MCD43A3,2024_04_29
2024-04-30,0.4821037116305091,0.2024514373696331,MODIS/061/MCD43A3,2024_04_30
2024-05-01,0.35862992814289196,0.2024467400959809,MODIS/061/MCD43A3,2024_05_01
2024-05-02,0.2923514955554106,0.14738058465877305,MODIS/061/MCD43A3,2024_05_02
2024-05-03,0.352040393382482,0.10930503929097822,MODIS/061/MCD43A3,2024_05_03
2024-05-04,0.3887825773969212,0.14738425598179955,MODIS/061/MCD43A3,2024_05_04
2024-05-05,0.3144897373169546,0.15690107260054045,MODIS/061/MCD43A3,2024_05_05
2024-05-06,0.24122860126820964,0.860574591605296,MODIS/061/MCD43A3,2024_05_06
2024-05-07,0.16861998321452767,1.0040689998170074,MODIS/061/MCD43A3,2024_05_07
2024-05-08,0.14907069127772346,2.284304279840996,MODIS/061/MCD43A3,2024_05_08
2024-05-09,0.1489493816084179,2.265264632287281,MODIS/061/MCD43A3,2024_05_09
2024-05-10,0.14880213781361298,3.7988638038443883,MODIS/061/MCD43A3,2024_05_10
2024-05-11,0.14968710939862445,1.4783410049518113,MODIS/061/MCD43A3,2024_05_11
2024-05-12,0.14957612771750756,1.4783410049518113,MODIS/061/MCD43A3,2024_05_12
2024-05-13,0.14967781218589005,1.4669928979982605,MODIS/061/MCD43A3,2024_05_13
2024-05-14,0.15080516002628547,1.7734340493489906,MODIS/061/MCD43A3,2024_05_14
2024-05-15,0.15836512384272305,0.5674169790714032,MODIS/061/MCD43A3,2024_05_15
2024-05-16,0.15574180636053442,0.538858429730044,MODIS/061/MCD43A3,2024_05_16
2024-05-17,0.15383577670455184,0.30517238337584074,MODIS/061/MCD43A3,2024_05_17
2024-05-18,0.15687607206270418,0.30715203339775415,MODIS/061/MCD43A3,2024_05_18
2024-05-19,0.151065943687912,2.0635044729616876,MODIS/061/MCD43A3,2024_05_19
2024-05-20,0.14984521555256322,9.168279807499214,MODIS/061/MCD43A3,2024_05_20
2024-05-21,0.15047538436935506,9.302749893121481,MODIS/061/MCD43A3,2024_05_21
2024-05-22,0.14368692227523416,7.026948059787465,MODIS/061/MCD43A3,2024_05_22
2024-05-23,0.14327126948552435,8.987664745865738,MODIS/061/MCD43A3,2024_05_23
2024-05-24,0.14322144988418312,10.852905676018684,MODIS/061/MCD43A3,2024_05_24
2024-05-25,0.14942596083594506,19.18877038950816,MODIS/061/MCD43A3,2024_05_25
2024-05-26,0.15378503031840415,26.02608990041453,MODIS/061/MCD43A3,2024_05_26
2024-05-27,0.15738715332348222,27.785741710280114,MODIS/061/MCD43A3,2024_05_27
2024-05-28,0.16409016003541999,36.559100334049376,MODIS/061/MCD43A3,2024_05_28
2024-05-29,0.1684850203330616,40.70233262968964,MODIS/061/MCD43A3,2024_05_29
2024-05-30,0.17398168376522827,46.47747820980718,MODIS/061/MCD43A3,2024_05_30
2024-05-31,0.17759171636150828,49.83612918006428,MODIS/061/MCD43A3,2024_05_31
2024-06-01,0.1793106982853094,51.5659266561724,MODIS/061/MCD43A3,2024_06_01
2024-06-02,0.18180809553421048,54.08231287483424,MODIS/061/MCD43A3,2024_06_02
2024-06-03,0.1803913648744032,53.214554146436946,MODIS/061/MCD43A3,2024_06_03
2024-06-04,0.18129319556753085,53.31460069100368,MODIS/061/MCD43A3,2024_06_04
2024-06-05,0.1779519819564489,49.16510030152255,MODIS/061/MCD43A3,2024_06_05
2024-06-06,0.18223724280097772,58.65413095311115,MODIS/061/MCD43A3,2024_06_06
2024-06-07,0.18406266555894923,62.192451241804434,MODIS/061/MCD43A3,2024_06_07
2024-06-08,0.18076900813006647,61.874228574843,MODIS/061/MCD43A3,2024_06_08
2024-06-09,0.1827172009875708,65.78797107471576,MODIS/061/MCD43A3,2024_06_09
2024-06-10,0.17801685356282257,62.61465305876483,MODIS/061/MCD43A3,2024_06_10
2024-06-11,0.17801049657649157,62.978769176168015,MODIS/061/MCD43A3,2024_06_11
2024-06-12,0.17890855030951788,64.00230681530239,MODIS/061/MCD43A3,2024_06_12
2024-06-13,0.17796819421892665,63.84511948826164,MODIS/061/MCD43A3,2024_06_13
2024-06-14,0.1785469208566064,64.55454338561526,MODIS/061/MCD43A3,2024_06_14
2024-06-15,0.1740075367332074,58.830097575531504,MODIS/061/MCD43A3,2024_06_15
2024-06-16,0.1736719814632806,60.08060253695121,MODIS/061/MCD43A3,2024_06_16
2024-06-17,0.17264260757475774,59.06898227215141,MODIS/061/MCD43A3,2024_06_17
2024-06-18,0.17343933625654237,60.88877491042382,MODIS/061/MCD43A3,2024_06_18
2024-06-19,0.17396505222731146,63.07326722033185,MODIS/061/MCD43A3,2024_06_19
2024-06-20,0.17560367433593643,64.35454883743128,MODIS/061/MCD43A3,2024_06_20
2024-06-21,0.1747514507368139,63.81244840795242,MODIS/061/MCD43A3,2024_06_21
2024-06-22,0.16390987472474453,45.1338265068133,MODIS/061/MCD43A3,2024_06_22
2024-06-23,0.1636868361597245,43.99186308265885,MODIS/061/MCD43A3,2024_06_23
2024-06-24,0.16066053226845198,41.829122219500476,MODIS/061/MCD43A3,2024_06_24
2024-06-25,0.16243991334679428,30.971837595823942,MODIS/061/MCD43A3,2024_06_25
2024-06-26,0.1554925399820421,46.754629556403174,MODIS/061/MCD43A3,2024_06_26
2024-06-27,0.15309172323267045,43.26375910831686,MODIS/061/MCD43A3,2024_06_27
2024-06-28,0.15333005681207768,57.748800231323884,MODIS/061/MCD43A3,2024_06_28
2024-06-29,0.15402151400809558,58.61115823748311,MODIS/061/MCD43A3,2024_06_29
2024-06-30,0.1526357374774057,57.400074295793836,MODIS/061/MCD43A3,2024_06_30
2024-07-01,0.15178721613962018,56.16195528220823,MODIS/061/MCD43A3,2024_07_01
2024-07-02,0.14772262461180244,48.629761856707916,MODIS/061/MCD43A3,2024_07_02
2024-07-03,0.15158671782263047,64.54614498932776,MODIS/061/MCD43A3,2024_07_03
2024-07-04,0.14863406348667602,61.96563255921122,MODIS/061/MCD43A3,2024_07_04
2024-07-05,0.14731878621271602,56.69434841895082,MODIS/061/MCD43A3,2024_07_05
2024-07-06,0.14580588396368704,54.00678204347508,MODIS/061/MCD43A3,2024_07_06
2024-07-07,0.14549150293682983,54.167948636944736,MODIS/061/MCD43A3,2024_07_07
2024-07-08,0.1448936132084715,47.24757613654128,MODIS/061/MCD43A3,2024_07_08
2024-07-09,0.14481312060403392,46.26716391418325,MODIS/061/MCD43A3,2024_07_09
2024-07-10,0.14519567767531963,47.166659313673975,MODIS/061/MCD43A3,2024_07_10
2024-07-11,0.14384925563150947,37.16705720921256,MODIS/061/MCD43A3,2024_07_11
2024-07-12,0.14274889929418755,25.54871049960067,MODIS/061/MCD43A3,2024_07_12
2024-07-13,0.14257514654753636,18.393595705089407,MODIS/061/MCD43A3,2024_07_13
2024-07-14,0.14168557890508438,17.300865856262032,MODIS/061/MCD43A3,2024_07_14
2024-07-15,0.1398281661481714,21.304814067367705,MODIS/061/MCD43A3,2024_07_15
2024-07-16,0.14001942821244018,20.340380947637133,MODIS/061/MCD43A3,2024_07_16
2024-07-17,0.14034630307069598,22.953202057312566,MODIS/061/MCD43A3,2024_07_17
2024-07-18,0.1409499572516181,25.819163532433382,MODIS/061/MCD43A3,2024_07_18
2024-07-19,0.14006323028471715,19.527531618337076,MODIS/061/MCD43A3,2024_07_19
2024-07-20,0.14103885167827818,33.94114925822532,MODIS/061/MCD43A3,2024_07_20
2024-07-21,0.14220396448550324,44.79695029480844,MODIS/061/MCD43A3,2024_07_21
2024-07-22,0.1432079378332846,51.16002308719885,MODIS/061/MCD43A3,2024_07_22
2024-07-23,0.1437117690734256,58.02671410934089,MODIS/061/MCD43A3,2024_07_23
2024-07-24,0.1443967613143528,61.13502120375379,MODIS/061/MCD43A3,2024_07_24
2024-07-25,0.14529725030634796,69.11193755363831,MODIS/061/MCD43A3,2024_07_25
2024-07-26,0.14520685677354406,69.72143155109748,MODIS/061/MCD43A3,2024_07_26
2024-07-27,0.14580104718930717,79.78864668660992,MODIS/061/MCD43A3,2024_07_27
2024-07-28,0.1457206160372891,81.52489977654503,MODIS/061/MCD43A3,2024_07_28
2024-07-29,0.1461553842317126,82.46746554861632,MODIS/061/MCD43A3,2024_07_29
2024-07-30,0.14778007670898605,82.75807829365759,MODIS/061/MCD43A3,2024_07_30
2024-07-31,0.14657210287975372,84.12121876127688,MODIS/061/MCD43A3,2024_07_31
2024-08-01,0.1469590536049307,90.97702227370517,MODIS/061/MCD43A3,2024_08_01
2024-08-02,0.14687494142837862,89.29944625707708,MODIS/061/MCD43A3,2024_08_02
2024-08-03,0.14645889963410536,91.50453251941859,MODIS/061/MCD43A3,2024_08_03
2024-08-04,0.1463670177368174,92.51557849947903,MODIS/061/MCD43A3,2024_08_04
2024-08-05,0.14535190141279877,91.89105847101317,MODIS/061/MCD43A3,2024_08_05
2024-08-06,0.14519402427485031,92.65760945866263,MODIS/061/MCD43A3,2024_08_06
2024-08-07,0.1445679509122318,91.31877781601253,MODIS/061/MCD43A3,2024_08_07
2024-08-08,0.14461132924917008,91.33120073466125,MODIS/061/MCD43A3,2024_08_08
2024-08-09,0.14431370569880392,90.19151644887114,MODIS/061/MCD43A3,2024_08_09
2024-08-10,0.14415929599533517,90.05911271537191,MODIS/061/MCD43A3,2024_08_10
2024-08-11,0.14418805516342723,89.46816990786336,MODIS/061/MCD43A3,2024_08_11
2024-08-12,0.14357611668715756,87.17791594121798,MODIS/061/MCD43A3,2024_08_12
2024-08-13,0.14269553204152632,90.30383942824542,MODIS/061/MCD43A3,2024_08_13
2024-08-14,0.1426628750016414,91.39879476640472,MODIS/061/MCD43A3,2024_08_14
2024-08-15,0.14196244913947195,92.26246223434387,MODIS/061/MCD43A3,2024_08_15
2024-08-16,0.1417196442326155,92.47946350161907,MODIS/061/MCD43A3,2024_08_16
2024-08-17,0.14074684646079436,83.66429399731419,MODIS/061/MCD43A3,2024_08_17
2024-08-18,0.14041753273933336,90.48715074604813,MODIS/061/MCD43A3,2024_08_18
2024-08-19,0.1406423578218594,91.89155785816747,MODIS/061/MCD43A3,2024_08_19
2024-08-20,0.14033855537080564,86.45393215715929,MODIS/061/MCD43A3,2024_08_20
2024-08-21,0.14057933657793784,83.5039812404052,MODIS/061/MCD43A3,2024_08_21
2024-08-22,0.14070579479976447,68.30212351070185,MODIS/061/MCD43A3,2024_08_22
2024-08-23,0.13980781733850758,91.06772823228253,MODIS/061/MCD43A3,2024_08_23
2024-08-24,0.13990750298807825,90.03682480446706,MODIS/061/MCD43A3,2024_08_24
2024-08-25,0.14209112272468807,91.29895116825105,MODIS/061/MCD43A3,2024_08_25
2024-08-26,0.14086972850569252,93.84143935420026,MODIS/061/MCD43A3,2024_08_26
2024-08-27,0.14084184020463836,93.49477984638627,MODIS/061/MCD43A3,2024_08_27
2024-08-28,0.1414846018868291,95.89803332141821,MODIS/061/MCD43A3,2024_08_28
2024-08-29,0.14199062734247,93.59016059719863,MODIS/061/MCD43A3,2024_08_29
2024-08-30,0.14244605443923558,93.79022026246894,MODIS/061/MCD43A3,2024_08_30
2024-08-31,0.14214262434298497,93.30637766114468,MODIS/061/MCD43A3,2024_08_31
2024-09-01,0.14239335442295406,93.37600542466431,MODIS/061/MCD43A3,2024_09_01
2024-09-02,0.1428674957439535,92.81339434873361,MODIS/061/MCD43A3,2024_09_02
2024-09-03,0.142567884807699,92.05109874299099,MODIS/061/MCD43A3,2024_09_03
2024-09-04,0.14320567897451397,91.80574907795057,MODIS/061/MCD43A3,2024_09_04
2024-09-05,0.14309353858790763,91.23780667463622,MODIS/061/MCD43A3,2024_09_05
2024-09-06,0.1437072797621762,90.58280847605094,MODIS/061/MCD43A3,2024_09_06
2024-09-07,0.14368902269648612,90.85186345177272,MODIS/061/MCD43A3,2024_09_07
2024-09-08,0.1440493380998075,91.07731333345484,MODIS/061/MCD43A3,2024_09_08
2024-09-09,0.14504695071189008,89.5098081876315,MODIS/061/MCD43A3,2024_09_09
2024-09-10,0.14496692840363148,85.7401423477557,MODIS/061/MCD43A3,2024_09_10
2024-09-11,0.1450936645896143,85.33463590118814,MODIS/061/MCD43A3,2024_09_11
2024-09-12,0.1451751305686813,80.51415351515429,MODIS/061/MCD43A3,2024_09_12
2024-09-13,0.14511184024940926,71.68993199184703,MODIS/061/MCD43A3,2024_09_13
2024-09-14,0.14542090520009465,69.18024793460637,MODIS/061/MCD43A3,2024_09_14
2024-09-15,0.14572244019412542,65.55455519764267,MODIS/061/MCD43A3,2024_09_15
2024-09-16,0.14550177968917508,63.4259634908907,MODIS/061/MCD43A3,2024_09_16
2024-09-17,0.14421961580968903,66.46519619987279,MODIS/061/MCD43A3,2024_09_17
2024-09-18,0.14422923211000016,68.08860786109167,MODIS/061/MCD43A3,2024_09_18
2024-09-19,0.14307602868101305,60.892903739323856,MODIS/061/MCD43A3,2024_09_19
2024-09-20,0.14344221275085658,42.02740525355166,MODIS/061/MCD43A3,2024_09_20
2024-09-21,0.14235134998205964,41.87458357668756,MODIS/061/MCD43A3,2024_09_21
2024-09-22,0.14035901852743402,54.45492342234221,MODIS/061/MCD43A3,2024_09_22
2024-09-23,0.1385604016353959,39.672080212479564,MODIS/061/MCD43A3,2024_09_23
2024-09-24,0.13966894155561163,35.16971896123205,MODIS/061/MCD43A3,2024_09_24
2024-09-25,0.14017114016719082,35.419073008131605,MODIS/061/MCD43A3,2024_09_25
2024-09-26,0.13888629353364804,37.868607125822194,MODIS/061/MCD43A3,2024_09_26
2024-09-27,0.1398146934973113,37.0728967023549,MODIS/061/MCD43A3,2024_09_27
2024-09-28,0.13999453398822775,38.17351814668905,MODIS/061/MCD43A3,2024_09_28
2024-09-29,0.13973294170982323,38.32423797861247,MODIS/061/MCD43A3,2024_09_29
2024-09-30,0.13875594708490357,43.288378593346316,MODIS/061/MCD43A3,2024_09_30
2024-10-01,0.14086029117138785,44.95267706085395,MODIS/061/MCD43A3,2024_10_01
2024-10-02,0.1362120221918286,45.62875147364591,MODIS/061/MCD43A3,2024_10_02
2024-10-03,0.13594208662143223,40.49078949187431,MODIS/061/MCD43A3,2024_10_03
2024-10-04,0.13612113245329804,34.489154966929355,MODIS/061/MCD43A3,2024_10_04
2024-10-05,0.1343996096357302,39.10644929746267,MODIS/061/MCD43A3,2024_10_05
2024-10-06,0.13526400071902972,37.373883825539245,MODIS/061/MCD43A3,2024_10_06
2024-10-07,0.13878157723115894,23.981924883184405,MODIS/061/MCD43A3,2024_10_07
2024-10-08,0.1394471258403452,13.86870430644384,MODIS/061/MCD43A3,2024_10_08
2024-10-09,0.13894453459976677,13.99409064363527,MODIS/061/MCD43A3,2024_10_09
2024-10-10,0.13533711456574796,9.99427659432512,MODIS/061/MCD43A3,2024_10_10
2024-10-11,0.13388256112495125,8.371365241234072,MODIS/061/MCD43A3,2024_10_11
2024-10-12,0.13489943626864223,10.550106641398393,MODIS/061/MCD43A3,2024_10_12
2024-10-13,0.13008803777799854,9.63614163462694,MODIS/061/MCD43A3,2024_10_13
2024-10-14,0.13037126437906035,9.645660685524954,MODIS/061/MCD43A3,2024_10_14
2024-10-15,0.1311685591356062,9.531430380474804,MODIS/061/MCD43A3,2024_10_15
2024-10-16,0.13174692750053835,6.998725969060364,MODIS/061/MCD43A3,2024_10_16
2024-10-17,0.14306446445908916,3.0181959918441605,MODIS/061/MCD43A3,2024_10_17
2024-10-18,0.13861837710246475,2.4024383545399353,MODIS/061/MCD43A3,2024_10_18
2024-10-19,0.14120883298920311,2.6348501956756363,MODIS/061/MCD43A3,2024_10_19
2024-10-20,0.14592397038924207,2.6013297137727833,MODIS/061/MCD43A3,2024_10_20
2024-10-21,0.1578205512630694,1.1042845367991019,MODIS/061/MCD43A3,2024_10_21
2024-10-22,0.16501738080482317,1.151881784972028,MODIS/061/MCD43A3,2024_10_22
2024-10-23,0.1672405136443906,1.151882044578527,MODIS/061/MCD43A3,2024_10_23
2024-10-24,0.16053367535332103,2.4023348591633797,MODIS/061/MCD43A3,2024_10_24
2024-10-25,0.14657620404886446,1.9043496034419987,MODIS/061/MCD43A3,2024_10_25
2024-10-26,0.16275571823848733,0.6700676282807633,MODIS/061/MCD43A3,2024_10_26
2024-10-27,0.14820826679889906,0.9001442490313932,MODIS/061/MCD43A3,2024_10_27
2024-10-28,0.22227383863772862,0.10471187138589498,MODIS/061/MCD43A3,2024_10_28
2024-10-29,0.311,0.009519409713402809,MODIS/061/MCD43A3,2024_10_29
2024-10-30,0.312,0.009519409713402809,MODIS/061/MCD43A3,2024_10_30
2024-10-31,0.41199941697159037,0.019038709524740908,MODIS/061/MCD43A3,2024_10_31
2024-11-01,0.3829996247847798,0.03807752895154653,MODIS/061/MCD43A3,2024_11_01
2024-11-02,,0.0,MODIS/061/MCD43A3,2024_11_02
2024-11-03,0.34233300263548,0.028557949929557545,MODIS/061/MCD43A3,2024_11_03
2024-11-04,0.340700682742548,0.17183449729799558,MODIS/061/MCD43A3,2024_11_04
2024-11-05,0.3311939542337452,0.16283825419470796,MODIS/061/MCD43A3,2024_11_05
2024-11-06,0.31767068398769815,0.15331873457924045,MODIS/061/MCD43A3,2024_11_06
2024-11-07,0.34624315856565163,0.3104841889564901,MODIS/061/MCD43A3,2024_11_07
2024-11-08,0.3414807276079282,0.46156229430037193,MODIS/061/MCD43A3,2024_11_08
2024-11-09,0.35967035213091847,0.21902256563908828,MODIS/061/MCD43A3,2024_11_09
2024-11-10,0.33705013032475273,0.30469745385375613,MODIS/061/MCD43A3,2024_11_10
2024-11-11,0.346286323663005,0.13327190648435594,MODIS/061/MCD43A3,2024_11_11
2024-11-12,0.37150125721560234,0.1713484997831894,MODIS/061/MCD43A3,2024_11_12
2024-11-13,0.37080115296225163,0.19038738930969035,MODIS/061/MCD43A3,2024_11_13
2024-11-14,0.3706256535808296,0.12322955762393191,MODIS/061/MCD43A3,2024_11_14
2024-11-15,0.3718009783593884,0.28558381161496854,MODIS/061/MCD43A3,2024_11_15
2024-11-16,0.3408041061615302,0.40806480676520007,MODIS/061/MCD43A3,2024_11_16
2024-11-17,0.2861435644109263,0.6924183081325089,MODIS/061/MCD43A3,2024_11_17
2024-11-18,0.2858430031123283,0.9682570249921737,MODIS/061/MCD43A3,2024_11_18
2024-11-19,0.28357662144598517,0.9056535446875167,MODIS/061/MCD43A3,2024_11_19
2024-11-20,0.29878630619363405,0.9260368525220845,MODIS/061/MCD43A3,2024_11_20
2024-11-21,0.29438993537152514,1.0402677355976884,MODIS/061/MCD43A3,2024_11_21
2024-11-22,0.29192219098945577,0.9641149387068023,MODIS/061/MCD43A3,2024_11_22
2024-11-23,0.29542599083319226,0.6784250799023243,MODIS/061/MCD43A3,2024_11_23
2024-11-24,0.3017959674234158,0.4188589628938184,MODIS/061/MCD43A3,2024_11_24
2024-11-25,0.3002107940368038,0.7234845079393891,MODIS/061/MCD43A3,2024_11_25
2024-11-26,0.3050076106899527,0.90483960668433,MODIS/061/MCD43A3,2024_11_26
2024-11-27,0.2902234695097351,1.2375374026328283,MODIS/061/MCD43A3,2024_11_27
2024-11-28,0.2949844369553831,1.3230593423296402,MODIS/061/MCD43A3,2024_11_28
2024-11-29,0.2956955508863139,1.3801740347031597,MODIS/061/MCD43A3,2024_11_29
2024-11-30,0.30027500892118353,1.627676339386804,MODIS/061/MCD43A3,2024_11_30
2024-12-01,0.29996168264805495,1.4847734111040605,MODIS/061/MCD43A3,2024_12_01
2024-12-02,0.2968562963614491,1.4754041539759786,MODIS/061/MCD43A3,2024_12_02
2024-12-03,0.312177799206402,1.3897262321018353,MODIS/061/MCD43A3,2024_12_03
2024-12-04,0.31064082953728495,1.2469302281243897,MODIS/061/MCD43A3,2024_12_04
2024-12-05,0.31019342162325336,1.332450784625636,MODIS/061/MCD43A3,2024_12_05
2024-12-06,0.2993367188634427,1.6782779589463785,MODIS/061/MCD43A3,2024_12_06
2024-12-07,0.30439389490162727,1.3410239783843276,MODIS/061/MCD43A3,2024_12_07
2024-12-08,0.3003101013626823,1.436366550498238,MODIS/061/MCD43A3,2024_12_08
2024-12-09,0.30495478233941314,1.6645393808602225,MODIS/061/MCD43A3,2024_12_09
2024-12-10,0.3004988928677924,1.9213796129580474,MODIS/061/MCD43A3,2024_12_10
2024-12-11,0.3211905413297093,1.4937549802220085,MODIS/061/MCD43A3,2024_12_11
2024-12-12,0.2991449521990625,1.0940939118959967,MODIS/061/MCD43A3,2024_12_12
2024-12-13,0.32944805709105585,0.7220519762632199,MODIS/061/MCD43A3,2024_12_13
2024-12-14,0.2874887742096359,0.7980909877406115,MODIS/061/MCD43A3,2024_12_14
2024-12-15,0.28875142675442445,1.1304070898813119,MODIS/061/MCD43A3,2024_12_15
2024-12-16,0.29724266365918406,0.8824960634067124,MODIS/061/MCD43A3,2024_12_16
2024-12-17,0.2879849586971073,1.1652735977233513,MODIS/061/MCD43A3,2024_12_17
2024-12-18,0.28883989682405986,1.2553840341393478,MODIS/061/MCD43A3,2024_12_18
2024-12-19,0.2955297274678574,1.0050457299139248,MODIS/061/MCD43A3,2024_12_19
2024-12-20,0.28640587498684744,1.0689940296974003,MODIS/061/MCD43A3,2024_12_20
2024-12-21,0.30051983640648555,1.0256174940118774,MODIS/061/MCD43A3,2024_12_21
2024-12-22,0.2977447948394079,1.1634421273784572,MODIS/061/MCD43A3,2024_12_22
2024-12-23,0.3007183812703042,1.263342437482011,MODIS/061/MCD43A3,2024_12_23
2024-12-24,0.30397733639757196,1.2829016467773708,MODIS/061/MCD43A3,2024_12_24
2024-12-25,0.3017504347301615,0.8051782076819878,MODIS/061/MCD43A3,2024_12_25
2024-12-26,0.2968203588101303,1.1861382455334828,MODIS/061/MCD43A3,2024_12_26
2024-12-27,0.30594743383081535,1.330633356959136,MODIS/061/MCD43A3,2024_12_27
2024-12-28,0.29633200893801576,1.2258054620190502,MODIS/061/MCD43A3,2024_12_28
2024-12-29,0.3017231429140984,1.5878071943117007,MODIS/061/MCD43A3,2024_12_29
2024-12-30,0.30362553028363853,1.8591302636686167,MODIS/061/MCD43A3,2024_12_30
2024-12-31,0.30980434028094517,1.4543137443139067,MODIS/061/MCD43A3,2024_12_31
2025-01-01,0.2870038040810318,1.4295963837024337,MODIS/061/MCD43A3,2025_01_01
2025-01-02,0.30421852353603046,1.2880064602895736,MODIS/061/MCD43A3,2025_01_02
2025-01-03,0.3086286039252055,1.1525648129317334,MODIS/061/MCD43A3,2025_01_03
2025-01-04,0.3073137916700911,1.5489182096434229,MODIS/061/MCD43A3,2025_01_04
2025-01-05,0.29858784364327484,1.6752012960295042,MODIS/061/MCD43A3,2025_01_05
2025-01-06,0.3026033090423791,1.6939810842667098,MODIS/061/MCD43A3,2025_01_06
2025-01-07,0.31384635464660815,2.1117573250974,MODIS/061/MCD43A3,2025_01_07
2025-01-08,0.3203444405811118,2.01007115457696,MODIS/061/MCD43A3,2025_01_08
2025-01-09,0.3289865543216156,2.0289602021863344,MODIS/061/MCD43A3,2025_01_09
2025-01-10,0.3247036212856379,1.8558604021045617,MODIS/061/MCD43A3,2025_01_10
2025-01-11,0.3286197714006505,1.767719530600458,MODIS/061/MCD43A3,2025_01_11
2025-01-12,0.3753034655115823,0.9206499250678076,MODIS/061/MCD43A3,2025_01_12
2025-01-13,0.3720297602033856,0.901612647155459,MODIS/061/MCD43A3,2025_01_13
2025-01-14,0.3900525252015961,0.6921837642444431,MODIS/061/MCD43A3,2025_01_14
2025-01-15,0.4144495410490564,0.5124058951146467,MODIS/061/MCD43A3,2025_01_15
2025-01-16,0.3722290110312011,0.6750176479985197,MODIS/061/MCD43A3,2025_01_16
2025-01-17,0.42764037432330915,0.890982675377148,MODIS/061/MCD43A3,2025_01_17
2025-01-18,0.4308196971965369,0.6259695247784138,MODIS/061/MCD43A3,2025_01_18
2025-01-19,0.4275396533830183,0.3235451864886799,MODIS/061/MCD43A3,2025_01_19
2025-01-20,0.3594438301665967,0.38936314419226575,MODIS/061/MCD43A3,2025_01_20
2025-01-21,0.31251309400547006,0.19840979859412225,MODIS/061/MCD43A3,2025_01_21
2025-01-22,0.3151798614826584,0.08451611202955138,MODIS/061/MCD43A3,2025_01_22
2025-01-23,0.27959934957266147,0.047596746393123536,MODIS/061/MCD43A3,2025_01_23
2025-01-24,0.3589985466565762,0.04759687589909843,MODIS/061/MCD43A3,2025_01_24
2025-01-25,0.3920927415220263,0.08451527558729152,MODIS/061/MCD43A3,2025_01_25
2025-01-26,0.3641014502563484,0.2855785654723231,MODIS/061/MCD43A3,2025_01_26
2025-01-27,0.4099583091900879,0.5438005143244291,MODIS/061/MCD43A3,2025_01_27
2025-01-28,0.35433256805890134,0.9900507591703274,MODIS/061/MCD43A3,2025_01_28
2025-01-29,0.34915021436824073,0.9805301090101255,MODIS/061/MCD43A3,2025_01_29
2025-01-30,0.34637209642190186,1.2185113530352714,MODIS/061/MCD43A3,2025_01_30
2025-01-31,0.33882779792142576,1.49300375145856,MODIS/061/MCD43A3,2025_01_31
2025-02-01,0.330646466934547,0.9313615807281177,MODIS/061/MCD43A3,2025_02_01
2025-02-02,0.3419989274126375,0.5996457198688379,MODIS/061/MCD43A3,2025_02_02
2025-02-03,0.3302977295007321,0.5139365515017563,MODIS/061/MCD43A3,2025_02_03
2025-02-04,0.33770662156921666,0.42822658613128245,MODIS/061/MCD43A3,2025_02_04
2025-02-05,0.34984215974334304,0.40907630604377754,MODIS/061/MCD43A3,2025_02_05
2025-02-06,0.36110353430799536,0.3234012992421977,MODIS/061/MCD43A3,2025_02_06
2025-02-07,0.3581054298185965,0.3519983384346376,MODIS/061/MCD43A3,2025_02_07
2025-02-08,0.33784655190139984,0.2853608920095427,MODIS/061/MCD43A3,2025_02_08
2025-02-09,0.3393156870749632,0.31391906174322964,MODIS/061/MCD43A3,2025_02_09
2025-02-10,0.3753358109757054,0.4849326795985151,MODIS/061/MCD43A3,2025_02_10
2025-02-11,0.3814005091074687,0.4567828586893011,MODIS/061/MCD43A3,2025_02_11
2025-02-12,0.3965132707346729,0.34266411757916637,MODIS/061/MCD43A3,2025_02_12
2025-02-13,0.40065718023684854,0.7133545825806792,MODIS/061/MCD43A3,2025_02_13
2025-02-14,0.39890817328943545,0.9895229704495032,MODIS/061/MCD43A3,2025_02_14
2025-02-15,0.42807138584473026,1.045146489489143,MODIS/061/MCD43A3,2025_02_15
2025-02-16,0.4399126004508552,1.3929967410019841,MODIS/061/MCD43A3,2025_02_16
2025-02-17,0.4422521294411795,1.3073228306186593,MODIS/061/MCD43A3,2025_02_17
2025-02-18,0.4361203203979418,1.2450944174036152,MODIS/061/MCD43A3,2025_02_18
2025-02-19,0.44755892834321204,0.8739878799680376,MODIS/061/MCD43A3,2025_02_19
2025-02-20,0.4482405082028684,0.9310672864406215,MODIS/061/MCD43A3,2025_02_20
2025-02-21,0.45638951098480696,0.8549138723159774,MODIS/061/MCD43A3,2025_02_21
2025-02-22,0.47234427577637494,0.8551359491921381,MODIS/061/MCD43A3,2025_02_22
2025-02-23,0.4726986513715233,0.8445322288694767,MODIS/061/MCD43A3,2025_02_23
2025-02-24,0.47212874908862046,0.8064556563629258,MODIS/061/MCD43A3,2025_02_24
2025-02-25,0.47438433359880566,1.4941652352786932,MODIS/061/MCD43A3,2025_02_25
2025-02-26,0.4822494430515897,0.8709665313132181,MODIS/061/MCD43A3,2025_02_26
2025-02-27,0.5004035673825526,1.031122676184129,MODIS/061/MCD43A3,2025_02_27
2025-02-28,0.49499173183521,0.7761123149422271,MODIS/061/MCD43A3,2025_02_28
2025-03-01,0.4795766089226409,0.09123429722509237,MODIS/061/MCD43A3,2025_03_01
2025-03-02,,0.0,MODIS/061/MCD43A3,2025_03_02
2025-03-03,0.4961612336352371,0.10609307771354289,MODIS/061/MCD43A3,2025_03_03
2025-03-04,0.5685608551298561,0.26501329084443687,MODIS/061/MCD43A3,2025_03_04
2025-03-05,0.5330342368622142,1.1929950754275338,MODIS/061/MCD43A3,2025_03_05
2025-03-06,0.5466503911924171,2.112039610831695,MODIS/061/MCD43A3,2025_03_06
2025-03-07,0.544311178752875,3.2505067159958094,MODIS/061/MCD43A3,2025_03_07
2025-03-08,0.5435862014282037,3.9762355844584873,MODIS/061/MCD43A3,2025_03_08
2025-03-09,0.5408937324042711,4.308197508467916,MODIS/061/MCD43A3,2025_03_09
2025-03-10,0.5150472958024578,4.084937158419611,MODIS/061/MCD43A3,2025_03_10
2025-03-11,0.5065666205882567,4.597646970533089,MODIS/061/MCD43A3,2025_03_11
2025-03-12,0.49845358458137573,4.877366872538827,MODIS/061/MCD43A3,2025_03_12
2025-03-13,0.49057868361491713,4.753320507554917,MODIS/061/MCD43A3,2025_03_13
2025-03-14,0.48493281012108014,4.824282574022223,MODIS/061/MCD43A3,2025_03_14
2025-03-15,0.4881008087407142,4.895996873025905,MODIS/061/MCD43A3,2025_03_15
2025-03-16,0.48472123779908766,5.036586097842117,MODIS/061/MCD43A3,2025_03_16
2025-03-17,0.485623374843791,4.953075640342559,MODIS/061/MCD43A3,2025_03_17
2025-03-18,0.4822221723729348,4.864528063435679,MODIS/061/MCD43A3,2025_03_18
2025-03-19,0.49358117797431,7.312423955558661,MODIS/061/MCD43A3,2025_03_19
2025-03-20,0.48997165872957504,7.200329903836867,MODIS/061/MCD43A3,2025_03_20
2025-03-21,0.5062384131629545,6.864742121900117,MODIS/061/MCD43A3,2025_03_21
2025-03-22,0.5005721586671418,6.123062516687801,MODIS/061/MCD43A3,2025_03_22
2025-03-23,0.5042221388216395,4.701372799045183,MODIS/061/MCD43A3,2025_03_23
2025-03-24,0.5164626251655334,5.264488110350052,MODIS/061/MCD43A3,2025_03_24
2025-03-25,0.5192838833330082,5.239698070199219,MODIS/061/MCD43A3,2025_03_25
2025-03-26,0.5146676362360102,6.049238368569679,MODIS/061/MCD43A3,2025_03_26
2025-03-27,0.5417648730047027,4.610793912550115,MODIS/061/MCD43A3,2025_03_27
2025-03-28,0.5644645050017759,3.29863244755168,MODIS/061/MCD43A3,2025_03_28
2025-03-29,0.5718997275678803,1.780088885664442,MODIS/061/MCD43A3,2025_03_29
2025-03-30,0.5752346746623481,1.7609771504565317,MODIS/061/MCD43A3,2025_03_30
2025-03-31,0.5711973783336658,1.7717312334468598,MODIS/061/MCD43A3,2025_03_31
2025-04-01,0.5560194149534338,2.4451268765516376,MODIS/061/MCD43A3,2025_04_01
2025-04-02,0.5523879385592332,2.473872388454934,MODIS/061/MCD43A3,2025_04_02
2025-04-03,0.5431834805918685,2.8222465440094955,MODIS/061/MCD43A3,2025_04_03
2025-04-04,0.4452809815949072,4.005982037839036,MODIS/061/MCD43A3,2025_04_04
2025-04-05,0.373074645989349,5.093663198540263,MODIS/061/MCD43A3,2025_04_05
2025-04-06,0.3758940478994019,5.0580896856720114,MODIS/061/MCD43A3,2025_04_06
2025-04-07,0.3280835349399336,7.023617441622914,MODIS/061/MCD43A3,2025_04_07
2025-04-08,0.31617978523226903,7.70277148849924,MODIS/061/MCD43A3,2025_04_08
2025-04-09,0.29629216180117157,7.811314851785849,MODIS/061/MCD43A3,2025_04_09
2025-04-10,0.2940330005456585,7.163972264235695,MODIS/061/MCD43A3,2025_04_10
2025-04-11,0.3245468545349288,4.772834079668065,MODIS/061/MCD43A3,2025_04_11
2025-04-12,0.3230505224558121,4.717061486073529,MODIS/061/MCD43A3,2025_04_12
2025-04-13,0.2981179585389544,6.414853892668837,MODIS/061/MCD43A3,2025_04_13
2025-04-14,0.2969772935334302,6.419000543112991,MODIS/061/MCD43A3,2025_04_14
2025-04-15,0.25629246513390685,7.764812600749504,MODIS/061/MCD43A3,2025_04_15
2025-04-16,0.23630800186320497,6.890702282678047,MODIS/061/MCD43A3,2025_04_16
2025-04-17,0.22670043528498587,7.587662347543174,MODIS/061/MCD43A3,2025_04_17
2025-04-18,0.2333375976727478,8.968811590036507,MODIS/061/MCD43A3,2025_04_18
2025-04-19,0.2274807604029039,7.708523617986957,MODIS/061/MCD43A3,2025_04_19
2025-04-20,0.2206825005846988,1.700769809991084,MODIS/061/MCD43A3,2025_04_20
2025-04-21,0.219192828857448,1.5298344860685,MODIS/061/MCD43A3,2025_04_21
2025-04-22,0.21961875600178707,1.7059230159871843,MODIS/061/MCD43A3,2025_04_22
2025-04-23,0.2112469323390397,0.5853348388619919,MODIS/061/MCD43A3,2025_04_23
2025-04-24,0.19410599807073697,0.9672966356342072,MODIS/061/MCD43A3,2025_04_24
2025-04-25,0.158808583612365,0.7468952504118335,MODIS/061/MCD43A3,2025_04_25
2025-04-26,0.15724126475869732,3.7827137295696454,MODIS/061/MCD43A3,2025_04_26
2025-04-27,0.15422248876481617,5.262666129149948,MODIS/061/MCD43A3,2025_04_27
2025-04-28,0.15627803277684,6.774575219221382,MODIS/061/MCD43A3,2025_04_28
2025-04-29,0.14915341177819624,19.950723516169973,MODIS/061/MCD43A3,2025_04_29
2025-04-30,0.149533675301867,22.70340834464167,MODIS/061/MCD43A3,2025_04_30
2025-05-01,0.14978002383153782,23.369730461624805,MODIS/061/MCD43A3,2025_05_01
2025-05-02,0.1499425150132252,22.998812691281326,MODIS/061/MCD43A3,2025_05_02
2025-05-03,0.15296541518642476,25.256736321582945,MODIS/061/MCD43A3,2025_05_03
2025-05-04,0.15577303020026417,34.13384046071025,MODIS/061/MCD43A3,2025_05_04
2025-05-05,0.15558214559527261,34.733007399510555,MODIS/061/MCD43A3,2025_05_05
2025-05-06,0.15961465638876302,38.2190436514993,MODIS/061/MCD43A3,2025_05_06
2025-05-07,0.16088923474000444,43.0619654579614,MODIS/061/MCD43A3,2025_05_07
2025-05-08,0.16481403884572396,47.25092091845992,MODIS/061/MCD43A3,2025_05_08
2025-05-09,0.16369871613862616,51.66908382076888,MODIS/061/MCD43A3,2025_05_09
2025-05-10,0.16427447613432097,51.31439452312775,MODIS/061/MCD43A3,2025_05_10
2025-05-11,0.16969057779054805,55.80330002357518,MODIS/061/MCD43A3,2025_05_11
2025-05-12,0.1705703363258358,58.34268502492675,MODIS/061/MCD43A3,2025_05_12
2025-05-13,0.170379291392696,58.68548613227403,MODIS/061/MCD43A3,2025_05_13
2025-05-14,0.17158969051913697,64.2343297781429,MODIS/061/MCD43A3,2025_05_14
2025-05-15,0.16725302853976584,61.823188288755134,MODIS/061/MCD43A3,2025_05_15
2025-05-16,0.16641845594664237,60.58380086747305,MODIS/061/MCD43A3,2025_05_16
2025-05-17,0.1683338116482246,64.17037537664774,MODIS/061/MCD43A3,2025_05_17
2025-05-18,0.16934513461756093,65.15641168774242,MODIS/061/MCD43A3,2025_05_18
2025-05-19,0.16972696715753297,65.71966893265642,MODIS/061/MCD43A3,2025_05_19
2025-05-20,0.16240589256664595,57.983258854324895,MODIS/061/MCD43A3,2025_05_20
2025-05-21,0.16253281933098285,57.66067044416783,MODIS/061/MCD43A3,2025_05_21
2025-05-22,0.1577925992435916,52.738828829787245,MODIS/061/MCD43A3,2025_05_22
2025-05-23,0.15520438401085074,49.66553102034237,MODIS/061/MCD43A3,2025_05_23
2025-05-24,0.15244444377867286,46.32949899857526,MODIS/061/MCD43A3,2025_05_24
2025-05-25,0.1510526679565757,27.558024499739897,MODIS/061/MCD43A3,2025_05_25
2025-05-26,0.1551430712087075,47.93880934408661,MODIS/061/MCD43A3,2025_05_26
2025-05-27,0.15229430957292003,43.94149390474984,MODIS/061/MCD43A3,2025_05_27
2025-05-28,0.15066139721761543,41.67067607736496,MODIS/061/MCD43A3,2025_05_28
2025-05-29,0.15087521299752188,48.55411156189296,MODIS/061/MCD43A3,2025_05_29
2025-05-30,0.1439592643637811,30.75566313710147,MODIS/061/MCD43A3,2025_05_30
2025-05-31,0.14232949278528517,18.323406766142046,MODIS/061/MCD43A3,2025_05_31
2025-06-01,0.1440745626998028,28.598430614929427,MODIS/061/MCD43A3,2025_06_01
2025-06-02,0.14723326643955795,27.738628038462792,MODIS/061/MCD43A3,2025_06_02
2025-06-03,0.14758172198517375,24.33230365260427,MODIS/061/MCD43A3,2025_06_03
2025-06-04,0.1462878695082899,26.432694937097292,MODIS/061/MCD43A3,2025_06_04
2025-06-05,0.14839091753644262,21.953130269292725,MODIS/061/MCD43A3,2025_06_05
2025-06-06,0.14709205187395455,32.106300496780065,MODIS/061/MCD43A3,2025_06_06
2025-06-07,0.1488538872711161,40.40682419658319,MODIS/061/MCD43A3,2025_06_07
2025-06-08,0.1501796230823394,48.05066949118,MODIS/061/MCD43A3,2025_06_08
2025-06-09,0.15283526598846364,55.36187031473011,MODIS/061/MCD43A3,2025_06_09
2025-06-10,0.15602639936002008,68.20966524282518,MODIS/061/MCD43A3,2025_06_10
2025-06-11,0.1525030366470144,61.58413101576633,MODIS/061/MCD43A3,2025_06_11
2025-06-12,0.15338998827470168,59.69514724378116,MODIS/061/MCD43A3,2025_06_12
2025-06-13,0.15174181251255325,56.0257047475054,MODIS/061/MCD43A3,2025_06_13
2025-06-14,0.149388836299053,45.136724647083454,MODIS/061/MCD43A3,2025_06_14
2025-06-15,0.15009480784006038,62.36281841004696,MODIS/061/MCD43A3,2025_06_15
2025-06-16,0.15019813332609122,64.82154498260348,MODIS/061/MCD43A3,2025_06_16
2025-06-17,0.1514302945960057,67.2986783451058,MODIS/061/MCD43A3,2025_06_17
2025-06-18,0.1510734006603361,71.17095869732744,MODIS/061/MCD43A3,2025_06_18
2025-06-19,0.1509450964052381,69.87744957169727,MODIS/061/MCD43A3,2025_06_19
2025-06-20,0.15125579462967328,86.6227238443103,MODIS/061/MCD43A3,2025_06_20
2025-06-21,0.1506023479147542,88.30770479421204,MODIS/061/MCD43A3,2025_06_21
2025-06-22,0.15046199413232578,89.79029966958007,MODIS/061/MCD43A3,2025_06_22
2025-06-23,0.15037971490151547,91.86266703138028,MODIS/061/MCD43A3,2025_06_23
2025-06-24,0.14895787580124942,91.10252038882824,MODIS/061/MCD43A3,2025_06_24
2025-06-25,0.14942132741391145,93.31969596092573,MODIS/061/MCD43A3,2025_06_25
2025-06-26,0.1470211165688938,90.62848363138443,MODIS/061/MCD43A3,2025_06_26
2025-06-27,0.14686865312421413,92.12791287536174,MODIS/061/MCD43A3,2025_06_27
2025-06-28,0.14662596977316372,92.84365112516579,MODIS/061/MCD43A3,2025_06_28
2025-06-29,0.1461523651574159,93.47865265439239,MODIS/061/MCD43A3,2025_06_29
2025-06-30,0.14732904752719972,94.74554462205059,MODIS/061/MCD43A3,2025_06_30
2025-07-01,0.14562669684393204,93.52547120180508,MODIS/061/MCD43A3,2025_07_01
2025-07-02,0.14600569510802824,93.5199030538694,MODIS/061/MCD43A3,2025_07_02
2025-07-03,0.145634022531061,92.97439737406461,MODIS/061/MCD43A3,2025_07_03
2025-07-04,0.14517311963835317,92.7920160151628,MODIS/061/MCD43A3,2025_07_04
2025-07-05,0.1454930561419941,94.645221661353,MODIS/061/MCD43A3,2025_07_05
2025-07-06,0.14404649171420766,93.29559993530465,MODIS/061/MCD43A3,2025_07_06
2025-07-07,0.1439064068001887,92.2044724492877,MODIS/061/MCD43A3,2025_07_07
2025-07-08,0.1435142791305743,91.37030644585492,MODIS/061/MCD43A3,2025_07_08
2025-07-09,0.14255152549278935,87.93463623331711,MODIS/061/MCD43A3,2025_07_09
2025-07-10,0.1427234767149963,88.83189326028177,MODIS/061/MCD43A3,2025_07_10
2025-07-11,0.14192071926914898,86.79184395687645,MODIS/061/MCD43A3,2025_07_11
2025-07-12,0.14116507305913956,87.69022437453205,MODIS/061/MCD43A3,2025_07_12
2025-07-13,0.14128639733088094,88.36017147232272,MODIS/061/MCD43A3,2025_07_13
2025-07-14,0.14049496834120978,87.7115173556946,MODIS/061/MCD43A3,2025_07_14
2025-07-15,0.140606621537394,88.57791670354317,MODIS/061/MCD43A3,2025_07_15
2025-07-16,0.14074077027994472,84.98030551863249,MODIS/061/MCD43A3,2025_07_16
2025-07-17,0.1407924759513413,89.10532652193567,MODIS/061/MCD43A3,2025_07_17
2025-07-18,0.1405486618120803,92.05191709553556,MODIS/061/MCD43A3,2025_07_18
2025-07-19,0.1403963786488605,90.60437922417645,MODIS/061/MCD43A3,2025_07_19
2025-07-20,0.14115039110493444,92.60236972896675,MODIS/061/MCD43A3,2025_07_20
2025-07-21,0.14133651067599598,84.58410372339655,MODIS/061/MCD43A3,2025_07_21
2025-07-22,0.14048137974894534,85.2034695406311,MODIS/061/MCD43A3,2025_07_22
2025-07-23,0.1400683100649634,86.01727744697557,MODIS/061/MCD43A3,2025_07_23
2025-07-24,0.14003218030100834,83.73697489968417,MODIS/061/MCD43A3,2025_07_24
2025-07-25,0.14068682847449748,86.12008749554666,MODIS/061/MCD43A3,2025_07_25
2025-07-26,0.14080792263302155,82.1210036750097,MODIS/061/MCD43A3,2025_07_26
2025-07-27,0.1380761301541954,86.6481980305519,MODIS/061/MCD43A3,2025_07_27
2025-07-28,0.13851502842205438,87.43038244031426,MODIS/061/MCD43A3,2025_07_28
2025-07-29,0.13936015157570358,78.67217833688967,MODIS/061/MCD43A3,2025_07_29
2025-07-30,0.13852570985486345,89.02421217458371,MODIS/061/MCD43A3,2025_07_30
2025-07-31,0.1391974245499917,80.34693530744914,MODIS/061/MCD43A3,2025_07_31
2025-08-01,0.13820071627004596,85.67981121391443,MODIS/061/MCD43A3,2025_08_01
2025-08-02,0.13824972848683983,86.60440407714201,MODIS/061/MCD43A3,2025_08_02
2025-08-03,0.13784381351107036,83.26282760919456,MODIS/061/MCD43A3,2025_08_03
2025-08-04,0.13919250800269228,88.79349206830064,MODIS/061/MCD43A3,2025_08_04
2025-08-05,0.138592203449448,88.3566322573625,MODIS/061/MCD43A3,2025_08_05
2025-08-06,0.13875924108271598,93.43856822481814,MODIS/061/MCD43A3,2025_08_06
2025-08-07,0.1386529424313688,92.36666581836725,MODIS/061/MCD43A3,2025_08_07
2025-08-08,0.13896328115333229,89.91268306005782,MODIS/061/MCD43A3,2025_08_08
2025-08-09,0.14011543250712263,94.96896438755164,MODIS/061/MCD43A3,2025_08_09
2025-08-10,0.13971962296890772,94.60065008055383,MODIS/061/MCD43A3,2025_08_10
2025-08-11,0.14026438968814753,95.2747399847511,MODIS/061/MCD43A3,2025_08_11
2025-08-12,0.140377058550631,96.50245988105596,MODIS/061/MCD43A3,2025_08_12
2025-08-13,0.14018186701320792,92.23535023459455,MODIS/061/MCD43A3,2025_08_13
2025-08-14,0.14125507513487967,96.80351105896561,MODIS/061/MCD43A3,2025_08_14
2025-08-15,0.14245039195730563,93.23899105237746,MODIS/061/MCD43A3,2025_08_15
2025-08-16,0.14542566441223448,89.52156841453785,MODIS/061/MCD43A3,2025_08_16
2025-08-17,0.14184495698787752,94.60280188805415,MODIS/061/MCD43A3,2025_08_17
2025-08-18,0.1408829892762697,91.32361402120368,MODIS/061/MCD43A3,2025_08_18
2025-08-19,0.1419251217955451,94.9204966327121,MODIS/061/MCD43A3,2025_08_19
2025-08-20,0.1421658932549702,94.7730139867595,MODIS/061/MCD43A3,2025_08_20
2025-08-21,0.1412532435356447,97.06604144601941,MODIS/061/MCD43A3,2025_08_21
2025-08-22,0.14120980162857233,97.2448319024481,MODIS/061/MCD43A3,2025_08_22
2025-08-23,0.1405140919161223,97.94746960321288,MODIS/061/MCD43A3,2025_08_23
2025-08-24,0.1405124900360869,95.49412763717721,MODIS/061/MCD43A3,2025_08_24
2025-08-25,0.14076149492553408,97.30542948756798,MODIS/061/MCD43A3,2025_08_25
2025-08-26,0.14116803138445613,97.97401864121763,MODIS/061/MCD43A3,2025_08_26
2025-08-27,0.14113902734606532,98.21172109615777,MODIS/061/MCD43A3,2025_08_27
2025-08-28,0.14175795781323813,97.76398790326667,MODIS/061/MCD43A3,2025_08_28
2025-08-29,0.14162122957668252,97.88423366841897,MODIS/061/MCD43A3,2025_08_29
2025-08-30,0.1420547874711603,97.69522455677696,MODIS/061/MCD43A3,2025_08_30
2025-08-31,0.14220955383050138,97.75458052519734,MODIS/061/MCD43A3,2025_08_31
2025-09-01,0.14193475130563768,97.90435666512818,MODIS/061/MCD43A3,2025_09_01
2025-09-02,0.14276960628960736,97.6522884506601,MODIS/061/MCD43A3,2025_09_02
2025-09-03,0.14235102583079556,97.89382896832579,MODIS/061/MCD43A3,2025_09_03
2025-09-04,0.14359229978612553,96.74447867605751,MODIS/061/MCD43A3,2025_09_04
2025-09-05,0.14409897275612568,97.50005917507124,MODIS/061/MCD43A3,2025_09_05
2025-09-06,0.14278350877191814,96.78719629494077,MODIS/061/MCD43A3,2025_09_06
2025-09-07,0.1454588222127775,94.70686793691328,MODIS/061/MCD43A3,2025_09_07
2025-09-08,0.14336129644881426,95.52175637212001,MODIS/061/MCD43A3,2025_09_08
2025-09-09,0.14479667234754334,91.18485876177232,MODIS/061/MCD43A3,2025_09_09
2025-09-10,0.14511670101895255,88.43849111753181,MODIS/061/MCD43A3,2025_09_10
2025-09-11,0.1467144362286048,80.86055022184301,MODIS/061/MCD43A3,2025_09_11
2025-09-12,0.15528309863154408,61.3204266270644,MODIS/061/MCD43A3,2025_09_12
2025-09-13,0.14896175854811497,71.21790859620967,MODIS/061/MCD43A3,2025_09_13
2025-09-14,0.14763043714731391,64.75657204811134,MODIS/061/MCD43A3,2025_09_14
2025-09-15,0.14694143316875433,64.97748506942322,MODIS/061/MCD43A3,2025_09_15
2025-09-16,0.14580871422768102,59.402799714466965,MODIS/061/MCD43A3,2025_09_16
2025-09-17,0.14650759696142088,67.43006003895992,MODIS/061/MCD43A3,2025_09_17
2025-09-18,0.14732432625719805,69.17771704407045,MODIS/061/MCD43A3,2025_09_18
2025-09-19,0.14810794875011082,67.2711765503116,MODIS/061/MCD43A3,2025_09_19
2025-09-20,0.15018513819868012,60.963191378593315,MODIS/061/MCD43A3,2025_09_20
2025-09-21,0.14896813285274355,61.01059679944154,MODIS/061/MCD43A3,2025_09_21
2025-09-22,0.14867478906180634,53.959072140735266,MODIS/061/MCD43A3,2025_09_22
2025-09-23,0.1505537373679441,43.02554393502153,MODIS/061/MCD43A3,2025_09_23
2025-09-24,0.15091556961060026,43.27233713888729,MODIS/061/MCD43A3,2025_09_24
2025-09-25,0.15499120363746827,39.030112144351,MODIS/061/MCD43A3,2025_09_25
2025-09-26,0.14977219044380546,43.01191535655139,MODIS/061/MCD43A3,2025_09_26
2025-09-27,0.153966805205129,38.98813203144426,MODIS/061/MCD43A3,2025_09_27
2025-09-28,0.15237637487970526,35.915196293840225,MODIS/061/MCD43A3,2025_09_28
2025-09-29,0.15055472283294458,32.30065567769011,MODIS/061/MCD43A3,2025_09_29
2025-09-30,0.1533293640676636,22.980379018989982,MODIS/061/MCD43A3,2025_09_30
2025-10-01,0.15278919828269555,29.234603538829365,MODIS/061/MCD43A3,2025_10_01
2025-10-02,0.15203193922468689,28.47356640305761,MODIS/061/MCD43A3,2025_10_02
2025-10-03,0.1534892304940047,24.885869274668448,MODIS/061/MCD43A3,2025_10_03
2025-10-04,0.15146049649774757,20.321952747499473,MODIS/061/MCD43A3,2025_10_04
2025-10-05,0.15701243792664793,16.17923062727512,MODIS/061/MCD43A3,2025_10_05
2025-10-06,0.15053387581129785,20.274939084783508,MODIS/061/MCD43A3,2025_10_06
2025-10-07,0.15531683598794718,18.289173440027383,MODIS/061/MCD43A3,2025_10_07
2025-10-08,0.15028632197905353,24.693253981515156,MODIS/061/MCD43A3,2025_10_08
2025-10-09,0.15271458801937274,25.583694004179208,MODIS/061/MCD43A3,2025_10_09
2025-10-10,0.15904499911992084,24.160335593008867,MODIS/061/MCD43A3,2025_10_10
2025-10-11,0.1525981726029843,29.175318584736438,MODIS/061/MCD43A3,2025_10_11
2025-10-12,0.15265345000026456,29.928925062158374,MODIS/061/MCD43A3,2025_10_12
2025-10-13,0.15641483004052661,27.143855643803658,MODIS/061/MCD43A3,2025_10_13
2025-10-14,0.156090076693302,28.013404656988637,MODIS/061/MCD43A3,2025_10_14
2025-10-15,0.1635390275876891,21.981184764419535,MODIS/061/MCD43A3,2025_10_15
2025-10-16,0.15654124160667635,26.57876073432828,MODIS/061/MCD43A3,2025_10_16
2025-10-17,0.16242612351038233,26.60901015870953,MODIS/061/MCD43A3,2025_10_17
2025-10-18,0.15979836887842785,28.847340564286885,MODIS/061/MCD43A3,2025_10_18
2025-10-19,0.15836936308094327,27.31725988668593,MODIS/061/MCD43A3,2025_10_19
2025-10-20,0.16393868271043238,21.20519879958636,MODIS/061/MCD43A3,2025_10_20
2025-10-21,0.15978095274573792,22.684531367076897,MODIS/061/MCD43A3,2025_10_21
2025-10-22,0.16595774830591004,15.926139411819966,MODIS/061/MCD43A3,2025_10_22
2025-10-23,0.16389727231365184,13.262761707057559,MODIS/061/MCD43A3,2025_10_23
2025-10-24,0.16472991498866066,11.961714581028605,MODIS/061/MCD43A3,2025_10_24
2025-10-25,0.15813924638303425,11.63175851564913,MODIS/061/MCD43A3,2025_10_25
2025-10-26,0.15777585509645592,11.863915109690335,MODIS/061/MCD43A3,2025_10_26
2025-10-27,0.1561701431830343,7.06315905173924,MODIS/061/MCD43A3,2025_10_27
2025-10-28,0.14988611604609192,7.562708897498671,MODIS/061/MCD43A3,2025_10_28
2025-10-29,0.14983343983772826,5.570305541146667,MODIS/061/MCD43A3,2025_10_29
2025-10-30,0.1435429618422074,2.145140512063501,MODIS/061/MCD43A3,2025_10_30
2025-10-31,0.1328659216733431,1.6291548337034718,MODIS/061/MCD43A3,2025_10_31
2025-11-01,0.12491357347960935,0.5559138506323549,MODIS/061/MCD43A3,2025_11_01
2025-11-02,0.15375043727702423,0.0761538424456639,MODIS/061/MCD43A3,2025_11_02
2025-11-03,0.1491895284207925,0.1277060001057998,MODIS/061/MCD43A3,2025_11_03
2025-11-04,0.17280328025701086,0.16578370846504115,MODIS/061/MCD43A3,2025_11_04
2025-11-05,0.1678670250668309,0.14279013759440867,MODIS/061/MCD43A3,2025_11_05
2025-11-06,0.1768648620244342,0.7233543957884729,MODIS/061/MCD43A3,2025_11_06
2025-11-07,0.16075064641999806,0.8566227360848929,MODIS/061/MCD43A3,2025_11_07
2025-11-08,0.1735930375927376,0.8571083075111053,MODIS/061/MCD43A3,2025_11_08
2025-11-09,0.17490579311788026,0.504522614754095,MODIS/061/MCD43A3,2025_11_09
2025-11-10,0.1861818606764305,0.7328747738673147,MODIS/061/MCD43A3,2025_11_10
2025-11-11,0.3113450715620492,0.12364064490043548,MODIS/061/MCD43A3,2025_11_11
2025-11-12,0.2669978597636812,0.19027602604832353,MODIS/061/MCD43A3,2025_11_12
2025-11-13,0.2318798248131237,0.35210272570783435,MODIS/061/MCD43A3,2025_11_13
2025-11-14,0.2137838066478018,0.5711583161025356,MODIS/061/MCD43A3,2025_11_14
2025-11-15,0.20523200627307975,0.9131408382903218,MODIS/061/MCD43A3,2025_11_15
2025-11-16,0.1842731222465594,2.643111549007838,MODIS/061/MCD43A3,2025_11_16
2025-11-17,0.18607019412583237,2.8238663269040427,MODIS/061/MCD43A3,2025_11_17
2025-11-18,0.18098856652749196,3.3063231826954524,MODIS/061/MCD43A3,2025_11_18
2025-11-19,0.18155366532521786,4.18508122457853,MODIS/061/MCD43A3,2025_11_19
2025-11-20,0.18319804152965682,4.470322976586413,MODIS/061/MCD43A3,2025_11_20
2025-11-21,0.18127430337507836,4.244584305593861,MODIS/061/MCD43A3,2025_11_21
2025-11-22,0.19100222185971844,4.411269011596525,MODIS/061/MCD43A3,2025_11_22
2025-11-23,0.18695061180985,4.220285014776314,MODIS/061/MCD43A3,2025_11_23
2025-11-24,0.1935621081288625,3.811517523177601,MODIS/061/MCD43A3,2025_11_24
2025-11-25,0.1896824082759409,4.779835309982652,MODIS/061/MCD43A3,2025_11_25
2025-11-26,0.18978863252760605,3.9322488839612326,MODIS/061/MCD43A3,2025_11_26
2025-11-27,0.19456941776095996,3.9104854121654222,MODIS/061/MCD43A3,2025_11_27
2025-11-28,0.19012519877919576,3.6595095418811017,MODIS/061/MCD43A3,2025_11_28
2025-11-29,0.19020366937909416,3.5649144565190203,MODIS/061/MCD43A3,2025_11_29
2025-11-30,0.18311259712376293,3.7276376011401506,MODIS/061/MCD43A3,2025_11_30
2025-12-01,0.19093541840420206,1.9804989640913389,MODIS/061/MCD43A3,2025_12_01
2025-12-02,0.19024458155805718,1.2687549990818412,MODIS/061/MCD43A3,2025_12_02
2025-12-03,0.20360522953679833,0.8348248041772469,MODIS/061/MCD43A3,2025_12_03
2025-12-04,0.21754970655176104,0.371105398854903,MODIS/061/MCD43A3,2025_12_04
2025-12-05,0.264000008487212,0.047596736294033756,MODIS/061/MCD43A3,2025_12_05
2025-12-06,0.24,0.009519333120081052,MODIS/061/MCD43A3,2025_12_06
2025-12-07,,0.0,MODIS/061/MCD43A3,2025_12_07
2025-12-08,,0.0,MODIS/061/MCD43A3,2025_12_08
2025-12-09,,0.0,MODIS/061/MCD43A3,2025_12_09
2025-12-10,,0.0,MODIS/061/MCD43A3,2025_12_10
2025-12-11,,0.0,MODIS/061/MCD43A3,2025_12_11
2025-12-12,,0.0,MODIS/061/MCD43A3,2025_12_12
2025-12-13,,0.0,MODIS/061/MCD43A3,2025_12_13
2025-12-14,,0.0,MODIS/061/MCD43A3,2025_12_14
2025-12-15,,0.0,MODIS/061/MCD43A3,2025_12_15
2025-12-16,,0.0,MODIS/061/MCD43A3,2025_12_16
2025-12-17,,0.0,MODIS/061/MCD43A3,2025_12_17
2025-12-18,,0.0,MODIS/061/MCD43A3,2025_12_18
2025-12-19,,0.0,MODIS/061/MCD43A3,2025_12_19
2025-12-20,,0.0,MODIS/061/MCD43A3,2025_12_20
2025-12-21,,0.0,MODIS/061/MCD43A3,2025_12_21
2025-12-22,,0.0,MODIS/061/MCD43A3,2025_12_22
2025-12-23,,0.0,MODIS/061/MCD43A3,2025_12_23
2025-12-24,,0.0,MODIS/061/MCD43A3,2025_12_24
2025-12-25,0.329,0.00951960355446994,MODIS/061/MCD43A3,2025_12_25
2025-12-26,0.325,0.00951945961488084,MODIS/061/MCD43A3,2025_12_26
2025-12-27,0.326,0.00951960355446994,MODIS/061/MCD43A3,2025_12_27
2025-12-28,0.371,0.009519633852248329,MODIS/061/MCD43A3,2025_12_28
2025-12-29,0.3510000071610031,0.03807846471417708,MODIS/061/MCD43A3,2025_12_29
2025-12-30,0.30774048197364373,0.37050894910856097,MODIS/061/MCD43A3,2025_12_30
2025-12-31,0.37323977997690666,0.2173009095900154,MODIS/061/MCD43A3,2025_12_31
2026-01-01,0.34280089616171394,0.1903898534108357,MODIS/061/MCD43A3,2026_01_01
2026-01-02,0.28725081821634807,0.45693309675662097,MODIS/061/MCD43A3,2026_01_02
2026-01-03,0.28925855933754147,0.5895337740956763,MODIS/061/MCD43A3,2026_01_03
2026-01-04,0.32140694344910514,0.7044398966261146,MODIS/061/MCD43A3,2026_01_04
2026-01-05,0.2667717086516478,0.9797550498492804,MODIS/061/MCD43A3,2026_01_05
2026-01-06,0.2665422283613764,1.4082431393417427,MODIS/061/MCD43A3,2026_01_06
2026-01-07,0.27039351172444526,1.606738207411022,MODIS/061/MCD43A3,2026_01_07
2026-01-08,0.2711730091587558,1.740396963443552,MODIS/061/MCD43A3,2026_01_08
2026-01-09,0.2644542827906801,1.4747741198224518,MODIS/061/MCD43A3,2026_01_09
2026-01-10,0.2669486377203974,1.4564794435401673,MODIS/061/MCD43A3,2026_01_10
2026-01-11,0.2787842997901142,1.4088793518551832,MODIS/061/MCD43A3,2026_01_11
2026-01-12,0.2727272234136565,1.2184935945851707,MODIS/061/MCD43A3,2026_01_12
2026-01-13,0.2538849666210701,1.7128739783204074,MODIS/061/MCD43A3,2026_01_13
2026-01-14,0.2597473607286933,1.6563635149697677,MODIS/061/MCD43A3,2026_01_14
2026-01-15,0.25236607050157256,1.2755881412394274,MODIS/061/MCD43A3,2026_01_15
2026-01-16,0.2635116136874758,0.9322971559328641,MODIS/061/MCD43A3,2026_01_16
2026-01-17,0.26561430759416665,0.6663569077409961,MODIS/061/MCD43A3,2026_01_17
2026-01-18,0.28129277744474673,0.39029472942485727,MODIS/061/MCD43A3,2026_01_18
2026-01-19,0.29806981357588486,0.40933360477558434,MODIS/061/MCD43A3,2026_01_19
2026-01-20,0.3044546019332399,0.20942754568902303,MODIS/061/MCD43A3,2026_01_20
2026-01-21,0.29952979631776855,0.16183012087469156,MODIS/061/MCD43A3,2026_01_21
2026-01-22,0.3228505374952033,0.19038736339726495,MODIS/061/MCD43A3,2026_01_22
2026-01-23,0.3629994397079053,0.11423304596411796,MODIS/061/MCD43A3,2026_01_23
2026-01-24,0.34481221272247203,0.1523103683453524,MODIS/061/MCD43A3,2026_01_24
2026-01-25,0.37737498217777493,0.1523099198269531,MODIS/061/MCD43A3,2026_01_25
2026-01-26,0.35253844872714024,0.12375148145333634,MODIS/061/MCD43A3,2026_01_26
2026-01-27,0.37315424483569326,0.1237521984887111,MODIS/061/MCD43A3,2026_01_27
2026-01-28,0.345094307258324,0.30461551189690117,MODIS/061/MCD43A3,2026_01_28
2026-01-29,0.465,0.009519243416401195,MODIS/061/MCD43A3,2026_01_29
2026-01-30,0.464,0.009519243416401195,MODIS/061/MCD43A3,2026_01_30
2026-01-31,0.464,0.009519243416401195,MODIS/061/MCD43A3,2026_01_31
2026-02-01,0.464,0.009519243416401195,MODIS/061/MCD43A3,2026_02_01
2026-02-02,,0.0,MODIS/061/MCD43A3,2026_02_02
2026-02-03,,0.0,MODIS/061/MCD43A3,2026_02_03
2026-02-04,,0.0,MODIS/061/MCD43A3,2026_02_04
2026-02-05,,0.0,MODIS/061/MCD43A3,2026_02_05
2026-02-06,,0.0,MODIS/061/MCD43A3,2026_02_06
2026-02-07,,0.0,MODIS/061/MCD43A3,2026_02_07
2026-02-08,,0.0,MODIS/061/MCD43A3,2026_02_08
2026-02-09,,0.0,MODIS/061/MCD43A3,2026_02_09
2026-02-10,,0.0,MODIS/061/MCD43A3,2026_02_10
2026-02-11,0.3437774004190011,0.17134949603055435,MODIS/061/MCD43A3,2026_02_11
2026-02-12,0.3558889014350082,0.6277576201506752,MODIS/061/MCD43A3,2026_02_12
2026-02-13,0.3563467771966446,0.8355402375897586,MODIS/061/MCD43A3,2026_02_13
2026-02-14,0.3572220257103639,0.8926548518917492,MODIS/061/MCD43A3,2026_02_14
2026-02-15,0.35250555596630945,1.2303060501907284,MODIS/061/MCD43A3,2026_02_15
2026-02-16,0.3392306151673879,1.513424646768073,MODIS/061/MCD43A3,2026_02_16
2026-02-17,0.3359404128547979,1.4563097425622575,MODIS/061/MCD43A3,2026_02_17
2026-02-18,0.34191374443996403,1.7395419053729293,MODIS/061/MCD43A3,2026_02_18
2026-02-19,0.3447374618350862,1.5890237239290819,MODIS/061/MCD43A3,2026_02_19
2026-02-20,0.35297446783050085,1.488381646555006,MODIS/061/MCD43A3,2026_02_20
2026-02-21,0.3447262032128343,1.5971284067704197,MODIS/061/MCD43A3,2026_02_21
2026-02-22,0.3440470570226988,1.7991245819086998,MODIS/061/MCD43A3,2026_02_22
2026-02-23,0.3405241283164754,1.661186481719608,MODIS/061/MCD43A3,2026_02_23
2026-02-24,0.34281004287438427,1.5278773727375359,MODIS/061/MCD43A3,2026_02_24
2026-02-25,0.3431152080675092,1.5742419189562482,MODIS/061/MCD43A3,2026_02_25
2026-02-26,0.34644577116261427,1.042725208756468,MODIS/061/MCD43A3,2026_02_26
2026-02-27,0.37671519782779866,0.9281951562209645,MODIS/061/MCD43A3,2026_02_27
2026-02-28,0.3613168781893878,0.7383281510839829,MODIS/061/MCD43A3,2026_02_28
2026-03-01,0.3731792178924657,0.5949775386545284,MODIS/061/MCD43A3,2026_03_01
2026-03-02,0.37965137291821943,0.5664208451728998,MODIS/061/MCD43A3,2026_03_02
2026-03-03,0.36756428307300554,0.3855522067582892,MODIS/061/MCD43A3,2026_03_03
2026-03-04,0.39998480345265497,0.43956746597935564,MODIS/061/MCD43A3,2026_03_04
2026-03-05,0.4143167746812932,0.7985772003975583,MODIS/061/MCD43A3,2026_03_05
2026-03-06,0.42076456736693146,0.7843933578609354,MODIS/061/MCD43A3,2026_03_06
2026-03-07,0.4237453114216691,0.8702189677077585,MODIS/061/MCD43A3,2026_03_07
2026-03-08,0.42129032536127353,0.6135292261265981,MODIS/061/MCD43A3,2026_03_08
2026-03-09,0.47368129075539017,0.7095851798391919,MODIS/061/MCD43A3,2026_03_09
2026-03-10,0.4995422672280015,0.9615030496060114,MODIS/061/MCD43A3,2026_03_10
2026-03-11,0.48736233860279476,1.0467284575119071,MODIS/061/MCD43A3,2026_03_11
2026-03-12,0.4749009671209499,1.1887278689647613,MODIS/061/MCD43A3,2026_03_12
2026-03-13,0.5046807326054058,1.414035426291935,MODIS/061/MCD43A3,2026_03_13
2026-03-14,0.48375209780050615,1.3494103617754885,MODIS/061/MCD43A3,2026_03_14
2026-03-15,0.47882871065540566,1.1739886701347926,MODIS/061/MCD43A3,2026_03_15
2026-03-16,0.4870545434088377,1.162794465699479,MODIS/061/MCD43A3,2026_03_16
2026-03-17,0.49282749290112693,1.2731461908730606,MODIS/061/MCD43A3,2026_03_17
2026-03-18,0.505679909999553,1.6074933384379055,MODIS/061/MCD43A3,2026_03_18
2026-03-19,0.5061441145180766,1.5813635979820384,MODIS/061/MCD43A3,2026_03_19
2026-03-20,0.5152048306833241,1.7551113852764493,MODIS/061/MCD43A3,2026_03_20
2026-03-21,0.5051309725204252,1.8051660238839915,MODIS/061/MCD43A3,2026_03_21
2026-03-22,0.5012265196781106,1.9393678990281649,MODIS/061/MCD43A3,2026_03_22
2026-03-23,0.5125779255430055,2.0334486126909113,MODIS/061/MCD43A3,2026_03_23
2026-03-24,0.49592244945288533,2.022356851437823,MODIS/061/MCD43A3,2026_03_24
2026-03-25,0.4911051543746898,2.706157738914103,MODIS/061/MCD43A3,2026_03_25
2026-03-26,0.5012037786093921,2.6502408750725652,MODIS/061/MCD43A3,2026_03_26
2026-03-27,0.5021997554575386,2.5936877361289934,MODIS/061/MCD43A3,2026_03_27
2026-03-28,0.5144958647817224,2.3863529894896423,MODIS/061/MCD43A3,2026_03_28
2026-03-29,0.5145737690391009,2.104760562360349,MODIS/061/MCD43A3,2026_03_29
2026-03-30,0.48631826535961936,1.9256341065461295,MODIS/061/MCD43A3,2026_03_30
2026-03-31,0.49447791252557727,1.9060745684319873,MODIS/061/MCD43A3,2026_03_31
2026-04-01,0.4918058865170876,1.9727108166275442,MODIS/061/MCD43A3,2026_04_01
2026-04-02,0.4904222606709703,0.9034590253357471,MODIS/061/MCD43A3,2026_04_02
2026-04-03,0.49125223873475654,0.7615628250912653,MODIS/061/MCD43A3,2026_04_03
2026-04-04,0.4748832189373281,0.8376051381039489,MODIS/061/MCD43A3,2026_04_04
2026-04-05,0.46194988646439844,1.3709486206863835,MODIS/061/MCD43A3,2026_04_05
2026-04-06,0.4674709090783452,1.9977030351093614,MODIS/061/MCD43A3,2026_04_06
2026-04-07,0.41749700835089737,3.551451964660045,MODIS/061/MCD43A3,2026_04_07
2026-04-08,0.41578857174525585,3.551450876926636,MODIS/061/MCD43A3,2026_04_08
2026-04-09,0.44410475175867736,2.9318838435184107,MODIS/061/MCD43A3,2026_04_09
2026-04-10,0.461032533243764,2.231853799857267,MODIS/061/MCD43A3,2026_04_10
2026-04-11,0.49625099197697586,2.038593919858466,MODIS/061/MCD43A3,2026_04_11
2026-04-12,0.502580424040097,1.9624396972110647,MODIS/061/MCD43A3,2026_04_12
2026-04-13,0.47172533283601725,1.753037629181203,MODIS/061/MCD43A3,2026_04_13
2026-04-14,0.4752283325241855,1.9782220863530569,MODIS/061/MCD43A3,2026_04_14
2026-04-15,0.5086218485292959,1.7047042601425422,MODIS/061/MCD43A3,2026_04_15
2026-04-16,0.5124647343525561,1.7045559932903593,MODIS/061/MCD43A3,2026_04_16
2026-04-17,0.4230583614999082,3.5621392429901753,MODIS/061/MCD43A3,2026_04_17
2026-04-18,0.3367707038761445,6.13797304581736,MODIS/061/MCD43A3,2026_04_18
2026-04-19,0.32413666287121046,4.461470117801741,MODIS/061/MCD43A3,2026_04_19
2026-04-20,0.34143196410674703,2.500346867046901,MODIS/061/MCD43A3,2026_04_20
2026-04-21,,0.0,MODIS/061/MCD43A3,2026_04_21
2026-04-22,0.2880454764109849,2.0608416324902477,MODIS/061/MCD43A3,2026_04_22
2026-04-23,0.3481736905446056,0.6604242032114788,MODIS/061/MCD43A3,2026_04_23
2026-04-24,0.26675069766955,1.4980414180159234,MODIS/061/MCD43A3,2026_04_24
2026-04-25,0.2635425993572147,1.526597662978315,MODIS/061/MCD43A3,2026_04_25
2026-04-26,0.26181811544228956,1.589908415274895,MODIS/061/MCD43A3,2026_04_26
2026-04-27,0.27352053435298285,1.7898201343460962,MODIS/061/MCD43A3,2026_04_27
2026-04-28,0.24943403170690043,3.469413341074337,MODIS/061/MCD43A3,2026_04_28
2026-04-29,0.26764860844285876,5.963039311290313,MODIS/061/MCD43A3,2026_04_29
2026-04-30,0.23488241217915543,9.463704185330657,MODIS/061/MCD43A3,2026_04_30
2026-05-01,0.2352273542476411,9.543589419991225,MODIS/061/MCD43A3,2026_05_01
2026-05-02,0.23380692711676693,9.7434954627693,MODIS/061/MCD43A3,2026_05_02
2026-05-03,0.27974848891235365,7.226038707599105,MODIS/061/MCD43A3,2026_05_03
2026-05-04,0.2948162861319129,2.379756598987368,MODIS/061/MCD43A3,2026_05_04
2026-05-05,0.30369546892297167,4.378681340055248,MODIS/061/MCD43A3,2026_05_05
2026-05-06,0.2862538009494206,6.2049692313890725,MODIS/061/MCD43A3,2026_05_06
2026-05-07,0.2481680442602558,6.562992403319774,MODIS/061/MCD43A3,2026_05_07
2026-05-08,0.1861286767282967,15.512784831293498,MODIS/061/MCD43A3,2026_05_08
2026-05-09,0.1821108264323683,19.60537523321196,MODIS/061/MCD43A3,2026_05_09
2026-05-10,0.17208891952762118,16.990466226678656,MODIS/061/MCD43A3,2026_05_10
2026-05-11,0.172357416293832,16.963103889646423,MODIS/061/MCD43A3,2026_05_11
2026-05-12,0.17532554106457005,15.647907646028427,MODIS/061/MCD43A3,2026_05_12
2026-05-13,0.168584834065764,16.970786189107894,MODIS/061/MCD43A3,2026_05_13
2026-05-14,0.15481773163167137,11.418358794492217,MODIS/061/MCD43A3,2026_05_14
2026-05-15,0.14814480945024414,5.66732355914566,MODIS/061/MCD43A3,2026_05_15
2026-05-16,0.14756269415887985,5.471491402785174,MODIS/061/MCD43A3,2026_05_16
2026-05-17,0.14670484517776866,7.213320280229824,MODIS/061/MCD43A3,2026_05_17
2026-05-18,0.1461954316932837,7.603609910300215,MODIS/061/MCD43A3,2026_05_18
2026-05-19,0.1472959918437976,7.482291105300005,MODIS/061/MCD43A3,2026_05_19
2026-05-20,0.1470459276524814,7.569945270885303,MODIS/061/MCD43A3,2026_05_20
2026-05-21,0.14479739054400015,6.098928902736442,MODIS/061/MCD43A3,2026_05_21
2026-05-22,0.1433229150391129,6.198072916971066,MODIS/061/MCD43A3,2026_05_22
2026-05-23,0.14232296216144438,9.419483091844416,MODIS/061/MCD43A3,2026_05_23
2026-05-24,0.1405034710033338,9.125033786547705,MODIS/061/MCD43A3,2026_05_24
2026-05-25,0.14221388420357875,4.864293565851,MODIS/061/MCD43A3,2026_05_25
2026-05-26,0.14058315895757606,7.905323204580312,MODIS/061/MCD43A3,2026_05_26
2026-05-27,0.13969337258894812,13.429784306210589,MODIS/061/MCD43A3,2026_05_27
2026-05-28,0.14044912140814553,13.11457804363198,MODIS/061/MCD43A3,2026_05_28
2026-05-29,0.13954443457118967,17.413172930015488,MODIS/061/MCD43A3,2026_05_29
2026-05-30,0.1401691721266897,17.57869641854067,MODIS/061/MCD43A3,2026_05_30
2026-05-31,0.14173490954226806,22.308378500666958,MODIS/061/MCD43A3,2026_05_31
2026-06-01,0.1424668308564255,25.106066068846673,MODIS/061/MCD43A3,2026_06_01
2026-06-02,0.1441826575350634,23.886140323806313,MODIS/061/MCD43A3,2026_06_02
2026-06-03,0.14252286951052756,25.461145641709813,MODIS/061/MCD43A3,2026_06_03
2026-06-04,0.14377894052821943,28.302592852997723,MODIS/061/MCD43A3,2026_06_04
2026-06-05,0.14816496682540636,31.506329865853424,MODIS/061/MCD43A3,2026_06_05
2026-06-06,0.14963954107712302,34.10543039915276,MODIS/061/MCD43A3,2026_06_06
2026-06-07,,0.0,MODIS/061/MCD43A3,2026_06_07
2026-06-08,0.14934547714204488,28.815363537058747,MODIS/061/MCD43A3,2026_06_08
2026-06-09,0.14988086274310883,27.6637910827479,MODIS/061/MCD43A3,2026_06_09
2026-06-10,0.14890008605882105,27.4308524055721,MODIS/061/MCD43A3,2026_06_10
2026-06-11,0.14706587007065083,24.06677480297153,MODIS/061/MCD43A3,2026_06_11
2026-06-12,0.14772106876482746,21.86377022075375,MODIS/061/MCD43A3,2026_06_12
2026-06-13,0.14673233834856872,21.524476269439297,MODIS/061/MCD43A3,2026_06_13
2026-06-14,0.14970352673959914,17.085335500781042,MODIS/061/MCD43A3,2026_06_14
2026-06-15,0.14780511981038955,20.947230490843065,MODIS/061/MCD43A3,2026_06_15
2026-06-16,0.14400501588818426,19.833508152923518,MODIS/061/MCD43A3,2026_06_16
2026-06-17,0.1440962613184281,17.035343715896985,MODIS/061/MCD43A3,2026_06_17
2026-06-18,0.14895018788723546,24.447299153716493,MODIS/061/MCD43A3,2026_06_18
2026-06-19,0.14759044391362033,25.792619696038006,MODIS/061/MCD43A3,2026_06_19
2026-06-20,0.1464920420051918,23.635226773511334,MODIS/061/MCD43A3,2026_06_20
2026-06-21,0.14015421131122033,16.8180194027281,MODIS/061/MCD43A3,2026_06_21
2026-06-22,0.14450629105016646,21.75062467310348,MODIS/061/MCD43A3,2026_06_22
2026-06-23,0.13657479576222117,9.022485286141453,MODIS/061/MCD43A3,2026_06_23
2026-06-24,0.13654323022020778,4.932739245963795,MODIS/061/MCD43A3,2026_06_24
2026-06-25,0.14314481217176936,1.790771655731505,MODIS/061/MCD43A3,2026_06_25
2026-06-26,0.1369012192822833,4.043452474489913,MODIS/061/MCD43A3,2026_06_26
2026-06-27,0.13929896203919193,2.5564990895322066,MODIS/061/MCD43A3,2026_06_27
2026-06-28,0.13492543697151999,13.185433305651348,MODIS/061/MCD43A3,2026_06_28
2026-06-29,0.13684059538081983,20.03706247286734,MODIS/061/MCD43A3,2026_06_29
2026-06-30,0.13486794340212083,30.018607927437962,MODIS/061/MCD43A3,2026_06_30
2026-07-01,0.13725029430760333,27.442268165040378,MODIS/061/MCD43A3,2026_07_01
2026-07-02,0.13729817245324624,51.08655444896108,MODIS/061/MCD43A3,2026_07_02
2026-07-03,0.13946275395652347,58.40931744721655,MODIS/061/MCD43A3,2026_07_03
2026-07-04,0.13824902534008338,55.215178001395245,MODIS/061/MCD43A3,2026_07_04
2026-07-05,0.13976211226876714,58.239860543837125,MODIS/061/MCD43A3,2026_07_05
2026-07-06,0.13979910224291872,60.00728574705896,MODIS/061/MCD43A3,2026_07_06
2026-07-07,0.14208139976927797,64.76730346495577,MODIS/061/MCD43A3,2026_07_07
2026-07-08,0.14036846461436342,68.33077434509937,MODIS/061/MCD43A3,2026_07_08
2026-07-09,0.1409830164064741,71.12046149859297,MODIS/061/MCD43A3,2026_07_09
2026-07-10,0.14336718654048022,72.087403436427,MODIS/061/MCD43A3,2026_07_10
2026-07-11,0.14349309910284228,75.94043000456429,MODIS/061/MCD43A3,2026_07_11
2026-07-12,0.1482594728593918,76.63117120705888,MODIS/061/MCD43A3,2026_07_12
2026-07-13,0.1450100687424692,83.6793948479366,MODIS/061/MCD43A3,2026_07_13
2026-07-14,0.14271435298842022,78.70881733589655,MODIS/061/MCD43A3,2026_07_14
2026-07-15,0.14508575415560918,76.5259160321661,MODIS/061/MCD43A3,2026_07_15
2026-07-16,0.14253334890407596,71.28225478535396,MODIS/061/MCD43A3,2026_07_16
2026-07-17,0.14383584497630816,74.49904421901593,MODIS/061/MCD43A3,2026_07_17
2026-07-18,0.13998834818758535,74.15264851446167,MODIS/061/MCD43A3,2026_07_18
2026-07-19,0.1385549783489641,74.08485504999116,MODIS/061/MCD43A3,2026_07_19
2026-07-20,0.13937487055797335,73.94370234952909,MODIS/061/MCD43A3,2026_07_20
2026-07-21,0.13797769359437265,78.77651851759872,MODIS/061/MCD43A3,2026_07_21
2026-07-22,0.13935008229505227,78.22819782386489,MODIS/061/MCD43A3,2026_07_22
2026-07-23,0.13760563949138885,83.24227275523765,MODIS/061/MCD43A3,2026_07_23
2026-07-24,0.13780599704747898,79.12374690703102,MODIS/061/MCD43A3,2026_07_24
2026-07-25,0.13899052963183284,81.12835769833596,MODIS/061/MCD43A3,2026_07_25
2026-07-26,0.13786430696080978,84.87080299673256,MODIS/061/MCD43A3,2026_07_26
2026-07-27,0.13975925090241414,78.64234512097646,MODIS/061/MCD43A3,2026_07_27
2026-07-28,0.13679367942648102,79.40682884416316,MODIS/061/MCD43A3,2026_07_28
2026-07-29,0.135344704082964,72.62466628109719,MODIS/061/MCD43A3,2026_07_29
2026-07-30,0.1367586664738061,76.0522759554164,MODIS/061/MCD43A3,2026_07_30
2026-07-31,0.13734860630984402,77.63407451254018,MODIS/061/MCD43A3,2026_07_31
2026-08-01,0.13809418477369054,76.55682897112598,MODIS/061/MCD43A3,2026_08_01
2026-08-02,0.1365561188018343,78.80051517666175,MODIS/061/MCD43A3,2026_08_02
2026-08-03,0.13530044061187207,70.32114600127805,MODIS/061/MCD43A3,2026_08_03
2026-08-04,0.13608579068688315,69.81292757471861,MODIS/061/MCD43A3,2026_08_04
2026-08-05,0.13691308815740638,65.70359186687188,MODIS/061/MCD43A3,2026_08_05
2026-08-06,0.13717472222571284,71.10402066956608,MODIS/061/MCD43A3,2026_08_06
2026-08-07,0.13564579782849137,65.41856978581409,MODIS/061/MCD43A3,2026_08_07
2026-08-08,0.1346729165687785,63.844996254991386,MODIS/061/MCD43A3,2026_08_08
2026-08-09,0.1365734546712361,58.55187195402829,MODIS/061/MCD43A3,2026_08_09
2026-08-10,0.13723698062598014,58.812564930449795,MODIS/061/MCD43A3,2026_08_10
2026-08-11,0.14101694648942162,47.95393808081048,MODIS/061/MCD43A3,2026_08_11
2026-08-12,0.13552715316732253,57.269346836844576,MODIS/061/MCD43A3,2026_08_12
2026-08-13,0.13576098055200586,54.60937515615353,MODIS/061/MCD43A3,2026_08_13
2026-08-14,0.1355390802706042,61.512727280631,MODIS/061/MCD43A3,2026_08_14
2026-08-15,0.13669832755226302,61.77052002979863,MODIS/061/MCD43A3,2026_08_15
2026-08-16,0.14311671942974552,40.18724174482196,MODIS/061/MCD43A3,2026_08_16
2026-08-17,0.1365482281227143,57.3593474053774,MODIS/061/MCD43A3,2026_08_17
2026-08-18,0.13631291325687267,58.94676634543106,MODIS/061/MCD43A3,2026_08_18
2026-08-19,0.1352466925164743,55.82301509827829,MODIS/061/MCD43A3,2026_08_19
2026-08-20,0.13543613760763376,65.49342627025806,MODIS/061/MCD43A3,2026_08_20
2026-08-21,0.13999274254044636,56.076540515905656,MODIS/061/MCD43A3,2026_08_21
2026-08-22,0.13364024726866738,70.55764037207254,MODIS/061/MCD43A3,2026_08_22
2026-08-23,0.13699549218001406,63.656661176132204,MODIS/061/MCD43A3,2026_08_23
2026-08-24,0.13463038980600603,68.99707558517244,MODIS/061/MCD43A3,2026_08_24
2026-08-25,0.13585282461179093,74.2858482743932,MODIS/061/MCD43A3,2026_08_25
2026-08-26,0.1389714356875633,67.10822353558177,MODIS/061/MCD43A3,2026_08_26
2026-08-27,0.1351821915128554,73.79771151669563,MODIS/061/MCD43A3,2026_08_27
