date,observed_cms,phase,m1,m2,m3,m4
2000-01-01,,warmup,0.0,0.0,0.0,0.0
2000-01-02,,warmup,0.0,0.0,0.0,0.0
2000-01-03,,warmup,0.0,0.0,0.0,0.0
2000-01-04,,warmup,0.0,0.0,0.0,0.0
2000-01-05,,warmup,0.0,0.0,0.0,0.0
2000-01-06,,warmup,0.0,0.0,0.0,0.0
2000-01-07,,warmup,0.0,0.0,0.0,0.0
2000-01-08,,warmup,0.0,0.0,0.0,0.0
2000-01-09,,warmup,0.0,0.0,0.0,0.0
2000-01-10,,warmup,0.0,0.0,0.0,0.0
2000-01-11,,warmup,0.0,0.0,0.0,0.0
2000-01-12,,warmup,0.0,0.0,0.0,0.0
2000-01-13,,warmup,0.0,0.0,0.0,0.0
2000-01-14,,warmup,0.0,0.0,0.0,0.0
2000-01-15,,warmup,0.0,0.0,0.0,0.0
2000-01-16,,warmup,0.0,0.0,0.0,0.0
2000-01-17,,warmup,0.0,0.0,0.0,0.0
2000-01-18,,warmup,0.0,0.0,0.0,0.0
2000-01-19,,warmup,0.0,0.0,0.0,0.0
2000-01-20,,warmup,0.0,0.0,0.0,0.0
2000-01-21,,warmup,0.0,0.0,0.0,0.0
2000-01-22,,warmup,0.0,0.0,0.0,0.0
2000-01-23,,warmup,0.0,0.0,0.0,0.0
2000-01-24,,warmup,0.0,0.0,0.0,0.0
2000-01-25,,warmup,0.0,0.0,0.0,0.0
2000-01-26,,warmup,0.0,0.0,0.0,0.0
2000-01-27,,warmup,0.0,0.0,0.0,0.0
2000-01-28,,warmup,0.0,0.0,0.0,0.0
2000-01-29,,warmup,0.0,0.0,0.0,0.0
2000-01-30,,warmup,0.0,0.0,0.0,0.0
2000-01-31,,warmup,0.0,0.0,0.0,0.0
2000-02-01,,warmup,0.0,0.0,0.0,0.0
2000-02-02,,warmup,0.0,0.0,0.0,0.0
2000-02-03,,warmup,0.0,0.0,0.0,0.0
2000-02-04,,warmup,0.0,0.0,0.0,0.0
2000-02-05,,warmup,0.0,0.0,0.0,0.0
2000-02-06,,warmup,0.0,0.0,0.0,0.0
2000-02-07,,warmup,0.0,0.0,0.0,0.0
2000-02-08,,warmup,0.0,0.0,0.0,0.0
2000-02-09,,warmup,0.0,0.0,0.0,0.0
2000-02-10,,warmup,0.0,0.0,0.0,0.0
2000-02-11,,warmup,0.0,0.0,0.0,0.0
2000-02-12,,warmup,0.0,0.0,0.0,0.0
2000-02-13,,warmup,0.0,0.0,0.0,0.0
2000-02-14,,warmup,0.0,0.0,0.0,0.0
2000-02-15,,warmup,0.0,0.0,0.0,0.0
2000-02-16,,warmup,0.0,0.0,0.0,0.0
2000-02-17,,warmup,0.0,0.0,0.0,0.0
2000-02-18,,warmup,0.0,0.0,0.0,0.0
2000-02-19,,warmup,0.0,0.0,0.0,0.0
2000-02-20,,warmup,0.0,0.0,0.0,0.0
2000-02-21,,warmup,0.0,0.0,0.0,0.0
2000-02-22,,warmup,0.0,0.0,0.0,0.0
2000-02-23,,warmup,0.0,0.0,0.0,0.0
2000-02-24,,warmup,0.0,0.0,0.0,0.0
2000-02-25,,warmup,0.0,0.0,0.0,0.0
2000-02-26,,warmup,0.0,0.0,0.0,0.0
2000-02-27,,warmup,0.0,0.0,0.0,0.0
2000-02-28,,warmup,0.0,0.0,0.0,0.0
2000-02-29,,warmup,0.0,0.0,0.0,0.0
2000-03-01,,warmup,0.0,0.0,0.0,0.0
2000-03-02,,warmup,0.0,0.0,0.0,0.0
2000-03-03,,warmup,0.0,0.0,0.0,0.0
2000-03-04,,warmup,0.0,0.0,0.0,0.0
2000-03-05,,warmup,0.0,0.0,0.0,0.0
2000-03-06,,warmup,0.0,0.0,0.0,0.0
2000-03-07,,warmup,0.0,0.0,0.0,0.0
2000-03-08,,warmup,0.0,0.0,0.0,0.0
2000-03-09,,warmup,0.0,0.0,0.0,0.0
2000-03-10,,warmup,0.0,0.0,0.0,0.0
2000-03-11,,warmup,0.0,0.0,0.0,0.0
2000-03-12,,warmup,0.0,0.0,0.0,0.0
2000-03-13,,warmup,0.0,0.0,0.0,0.0
2000-03-14,,warmup,0.0,0.0,0.0,0.0
2000-03-15,,warmup,0.0,0.0,0.0,0.0
2000-03-16,,warmup,0.0,0.0,0.0,1.2468158561464004
2000-03-17,,warmup,0.0,0.0,0.0,1.2079196018388312
2000-03-18,,warmup,0.0,0.0,0.0,1.1702367733885772
2000-03-19,,warmup,0.0,0.0,0.0,1.1337295161914511
2000-03-20,,warmup,0.0,0.0,0.0,1.098361156573315
2000-03-21,,warmup,0.0,0.0,0.0,1.0640961649492309
2000-03-22,,warmup,0.0,0.0,0.0,1.0309001201319161
2000-03-23,,warmup,0.0,0.0,0.0,0.998739674753648
2000-03-24,,warmup,0.0,0.0,0.0,1.7909428914324963
2000-03-25,,warmup,0.0,4.900050639182205,0.0,7.878908386376035
2000-03-26,,warmup,0.0,17.650945595135607,0.0,17.989347281268838
2000-03-27,,warmup,0.0,27.150636982779737,4.139268196094313,32.71901062621885
2000-03-28,,warmup,0.0,26.980968816558395,4.076765516866376,32.80426547408164
2000-03-29,,warmup,0.0,25.937846383316202,4.015206624009751,31.78088816783163
2000-03-30,,warmup,0.0,24.93505253938935,3.954577266411911,30.78943662171714
2000-03-31,,warmup,0.0,24.164408455949253,3.8948634081512035,29.82891486469797
2000-04-01,,warmup,0.0,23.230178231756607,3.836051225247471,28.898357996515266
2000-04-02,,warmup,0.0,23.105036666135224,3.778127102461756,28.391540494352434
2000-04-03,,warmup,0.0,23.421816659467886,3.721077630144317,28.494142443457225
2000-04-04,,warmup,0.0,23.931700544126794,3.6648896011302483,28.7904652110358
2000-04-05,,warmup,0.0,23.0158098311569,3.609550007681971,27.892304307032838
2000-04-06,,warmup,0.0,22.125986055096565,3.555046038477894,27.022162853343243
2000-04-07,,warmup,0.0,21.27056412534322,3.5013650756465444,26.179166742006668
2000-04-08,,warmup,0.0,20.4482140178391,3.448494691845483,25.36246913414613
2000-04-09,,warmup,0.0,19.657657129138528,3.39642264738433,24.57124960926884
2000-04-10,,warmup,0.0,18.89766428841431,5.946443521584195,25.540120558681416
2000-04-11,,warmup,0.0,21.822719068402264,11.46928994162744,29.156502395611945
2000-04-12,,warmup,0.0,31.291026556161285,20.776025360301958,36.3840448527974
2000-04-13,,warmup,0.0,39.45594494060173,29.157855069522302,42.60450289534869
2000-04-14,,warmup,4.9128727719633165,40.251222197214744,33.65541412532896,42.32854545000164
2000-04-15,,warmup,4.8428644233698686,39.21035462800275,33.14721957167727,41.35143832043924
2000-04-16,,warmup,4.77385369248408,37.80408056495423,32.64669872257129,40.06141938703652
2000-04-17,,warmup,4.9365721633119355,36.36152498851033,32.30349846521044,38.81164449147456
2000-04-18,,warmup,8.083039794816152,36.50877405323969,34.838876490131305,38.74682590557185
2000-04-19,,warmup,11.175909010527782,38.13181556570096,37.62773381985697,39.82837726180443
2000-04-20,,warmup,14.613046133457859,40.204504871091885,40.792125606891744,41.27975171149541
2000-04-21,,warmup,18.862581268282604,43.2631371443436,44.81476365830309,43.544098014224694
2000-04-22,,warmup,20.91995421451965,43.549733551432965,46.52730746292266,43.60501174405923
2000-04-23,,warmup,25.894911519360186,47.523766529357744,51.33058118307762,46.62766340906365
2000-04-24,,warmup,29.997407435593814,50.31080698805771,55.20481713603568,48.735345577897505
2000-04-25,,warmup,33.500778800133766,52.17916035877514,58.40861787774579,50.16372206820892
2000-04-26,,warmup,36.2608889315716,52.81142258601229,60.72743817695528,50.66942697578369
2000-04-27,,warmup,38.79206937563623,53.73031890421304,61.99364405509632,51.04482043174068
2000-04-28,,warmup,40.44667110659001,53.49014986455019,61.231836873253044,50.6285983117419
2000-04-29,,warmup,41.94401084707651,53.18004951399684,60.87929558043153,50.02010434306041
2000-04-30,,warmup,46.65406935656029,57.65628305539986,63.87196765288824,53.59609652152581
2000-05-01,,warmup,48.66134246137333,60.40780075601584,63.49215079804299,55.772736128057765
2000-05-02,,warmup,52.14547623958954,70.4350939501386,66.39545789766348,64.30057472598013
2000-05-03,,warmup,54.234771991870026,75.23318461772917,67.9747854796481,69.1103747813935
2000-05-04,,warmup,53.816181102505965,73.27880100895376,67.1397878840716,73.98244276926596
2000-05-05,,warmup,56.50127936751062,75.91661514534294,69.28358673026605,76.25843691609586
2000-05-06,,warmup,63.24244198681387,84.38036220901292,75.3293528674131,83.85335505159841
2000-05-07,,warmup,62.34123832654803,81.53853393216481,82.98677043325779,81.65786224540415
2000-05-08,,warmup,61.45287680222383,78.18548534102769,77.32908652032886,78.90663311865434
2000-05-09,,warmup,60.57717441363521,76.2432348278109,71.96821569186508,77.47588969085496
2000-05-10,,warmup,62.60770363040492,78.29784240762609,74.4021953486294,88.6837962505814
2000-05-11,,warmup,70.94534343775744,93.46782704425846,80.54113457004,95.62421347037406
2000-05-12,,warmup,71.48203667697418,92.56575943500161,80.65335392957002,94.71763134591971
2000-05-13,,warmup,70.46341894064487,88.98703619221382,79.43549355655198,91.76277553615456
2000-05-14,,warmup,69.45931648872823,85.54667145398149,78.23602279556997,88.9001007990412
2000-05-15,,warmup,68.46952247868262,82.57776558510102,84.13451737446772,86.46518091081225
2000-05-16,,warmup,67.49383301546884,81.86092034462963,92.87725472198586,85.75060791198995
2000-05-17,,warmup,66.53204710954833,82.53213223325227,85.36641393633538,85.99261795439823
2000-05-18,,warmup,65.58396663547988,81.92609401850984,74.63374819607861,85.2223353666183
2000-05-19,,warmup,64.64939629110624,82.40563402487652,85.39476406277129,84.64002700459793
2000-05-20,,warmup,63.728143557322326,83.4925470818514,78.6086154853449,84.66475582534457
2000-05-21,,warmup,64.02396103908305,88.15859943958085,70.33183174039083,86.9067919938682
2000-05-22,,warmup,68.94096485820126,93.6978875211945,74.27340710799595,91.8373603272486
2000-05-23,,warmup,67.95855734956292,90.07539460460288,73.15188351500497,88.97235880788622
2000-05-24,,warmup,66.99014913024429,86.98204015778884,73.9048958685886,86.28553708212522
2000-05-25,,warmup,66.03554071062446,85.21519851520092,70.9593854115041,84.39272394157261
2000-05-26,,warmup,65.09453544380605,82.78958676730761,72.87950217991313,82.22940083205305
2000-05-27,,warmup,64.16693948510644,81.42514364121377,86.96892762630989,81.2581354649739
2000-05-28,,warmup,63.25256175212623,82.76790870624299,87.86540288363643,84.92737100024526
2000-05-29,,warmup,62.35121388538679,85.1511218550284,68.99143823769096,83.14144528053264
2000-05-30,,warmup,61.61177586219968,86.5769578922725,65.76134341994344,83.26505635814686
2000-05-31,,warmup,65.12988246468016,90.14676899185434,67.48742687649677,85.96331859444226
2000-06-01,,warmup,69.45386919984212,94.80255315137697,71.33443253215206,90.24178688286705
2000-06-02,,warmup,70.92702790171032,95.17207678914923,72.46629581710899,90.71063425281233
2000-06-03,,warmup,69.91631903044113,91.53834901236218,71.37205948650175,87.88078261040266
2000-06-04,,warmup,68.92001274239986,88.60916395075685,79.67747612805658,85.58776905233643
2000-06-05,,warmup,67.93790380103466,88.3586049838339,93.72034044569442,88.84774593425178
2000-06-06,,warmup,66.9697898944109,90.96968202779495,96.21619249481047,95.21493565219053
2000-06-07,,warmup,66.01547159353532,94.45192950952173,99.6487724999209,104.30433708636257
2000-06-08,,warmup,65.07475231127431,98.34139590805295,90.98747418104185,100.55803078151807
2000-06-09,,warmup,64.14743826185727,102.66509990701934,85.81349708979629,95.78205115941844
2000-06-10,,warmup,63.23333842095745,103.37887422388224,76.43836186161292,95.3262287803552
2000-06-11,,warmup,62.332264486341245,103.51957673393547,96.62832913734515,108.75344177490196
2000-06-12,,warmup,61.44403083907851,133.78854666845413,105.08372542328554,129.32241444828108
2000-06-13,,warmup,60.568454505305525,137.8714126817153,94.24044832996051,123.59813870398968
2000-06-14,,warmup,59.70535511853283,107.50350493964297,60.37290279929254,102.81029818726537
2000-06-15,,warmup,64.35561011125749,113.97319266619121,75.53550643174232,107.97205814108483
2000-06-16,,warmup,63.43854382524976,120.08283656379818,70.49594512863845,112.71027260090884
2000-06-17,,warmup,62.534545717315034,136.75858095243962,87.69028705530363,131.78793450047917
2000-06-18,,warmup,61.64342956615098,146.7312345982114,100.97693709524563,142.73087570958654
2000-06-19,,warmup,60.76501180410538,141.80146403243853,98.96496366731729,138.46292590115573
2000-06-20,,warmup,59.89911147936183,130.16275196824122,86.62245220488644,125.26010841392005
2000-06-21,,warmup,61.23898066358506,129.288240301996,83.51316382934759,123.4687094131497
2000-06-22,,warmup,63.32125627177743,136.0539616346067,89.03041428400711,129.8345933284346
2000-06-23,,warmup,62.987176157974716,139.48750303994095,93.77270511539093,133.34075507941645
2000-06-24,,warmup,62.61688471282341,150.40355634546773,105.90920094187214,144.28018449857345
2000-06-25,,warmup,61.72459523245505,154.05469118054572,111.98622515044183,148.30175269232316
2000-06-26,,warmup,60.8450208611252,150.30671382152224,110.29506959365314,144.68935515329983
2000-06-27,,warmup,60.492334656991524,133.37336267821982,92.82315902558442,127.00182308916777
2000-06-28,,warmup,61.59287253238006,128.98903362375904,87.46131717648812,122.24119197691063
2000-06-29,,warmup,62.84395288518059,132.16606720791677,89.9912924668776,125.12451985577967
2000-06-30,,warmup,63.29510448670927,136.93947384724976,94.96999391866147,129.7663786595575
2000-07-01,,warmup,62.525305062952434,135.12800808467827,94.70716046992578,128.05340702886016
2000-07-02,,warmup,61.70183006534675,121.60881570728189,82.7809041899732,114.65210030792265
2000-07-03,,warmup,61.139778275050475,121.94345828554694,84.24066665001506,114.99126358124091
2000-07-04,,warmup,60.26853753483988,134.76901464967355,99.42698434398065,128.3642375662438
2000-07-05,,warmup,59.40971195949932,128.70070995196713,95.98419419072194,123.15849733454493
2000-07-06,,warmup,58.715871946473975,135.42710886706197,101.79797289974492,128.59785624339622
2000-07-07,,warmup,57.879171827827456,139.13925553353644,107.41487527357275,132.60561981944298
2000-07-08,,warmup,57.05439467081525,140.73336912975807,111.43845802295792,135.0215122359232
2000-07-09,,warmup,56.24137057344862,138.68895204239357,111.71141876036023,133.7493464539886
2000-07-10,,warmup,55.43993205483911,119.46791476491315,94.58668696999068,115.13991280429194
2000-07-11,,warmup,54.64991402069793,114.54338905115523,88.65188634325091,108.1884437978661
2000-07-12,,warmup,53.87115372932689,114.20923545711973,89.62533334468229,107.90144419102603
2000-07-13,,warmup,53.10349075809413,113.6156266050858,90.57593968922252,107.56588490949515
2000-07-14,,warmup,52.34676697038735,102.18966033598542,81.04145956949976,96.75125294977236
2000-07-15,,warmup,51.60082648303817,89.75209732926096,68.39746279668398,83.34432156899105
2000-07-16,,warmup,50.865515634210524,86.16241956882173,62.045646097833846,78.54329011858393
2000-07-17,,warmup,53.05676101926483,84.1748668636571,55.039453482422175,74.80605182289614
2000-07-18,,warmup,54.420185241460985,86.3812655709701,55.095890983870326,76.78154148322528
2000-07-19,,warmup,55.97248691210385,98.57073225951675,66.02326587054898,88.7256905978668
2000-07-20,,warmup,56.425209857596954,118.55061402219198,85.85696411405256,108.63676568057814
2000-07-21,,warmup,55.62115163249652,117.96779239549305,87.61436101757639,108.94825938269794
2000-07-22,,warmup,54.828551222634765,114.62873061054374,84.69271509300803,105.06871101174585
2000-07-23,,warmup,55.93370309188775,109.32403531881728,77.2228793807459,99.05004110902635
2000-07-24,,warmup,56.97160181390665,98.57679376818608,65.55144581514051,88.04655690192149
2000-07-25,,warmup,57.30998754718748,105.75773397359613,72.73238464589392,95.21577094652969
2000-07-26,,warmup,56.49332125593194,116.15438193875107,84.7158142921658,105.93896979312437
2000-07-27,,warmup,55.688292444630896,119.15209163406674,89.85681033804552,109.69280664236531
2000-07-28,,warmup,55.00041880747495,126.30372276788374,96.58807966132386,116.1274842503596
2000-07-29,,warmup,54.23712224500018,133.3031919293644,104.46710475722381,123.12885341224377
2000-07-30,,warmup,53.464244229004656,133.60982037362922,106.90255288864151,124.2894013339911
2000-07-31,,warmup,52.702379710829156,122.10617307152248,97.4129115542055,113.5750921963026
2000-08-01,,warmup,51.95137174832792,106.74666246795704,83.24258780207458,98.22860802793356
2000-08-02,,warmup,51.211065635777956,108.14025161372089,85.70493752943159,99.5778025312818
2000-08-03,,warmup,50.48130887201003,109.77235330101077,89.15852534490215,101.94678831338902
2000-08-04,,warmup,49.76195112899385,118.56997963526467,99.69280965092712,111.44014874485524
2000-08-05,,warmup,49.052844220870824,122.14889159686881,104.92704854808318,115.67563070221023
2000-08-06,,warmup,48.35384207342819,109.76097063922586,93.72251821204452,103.51304852608513
2000-08-07,,warmup,47.664800694008086,113.78070461858088,93.59863581142295,103.63399054681642
2000-08-08,,warmup,46.98557814184544,102.1324436245222,80.50942251913011,91.25204863116632
2000-08-09,,warmup,48.61387133879596,94.69833077413587,67.02927494357095,81.99261439967178
2000-08-10,,warmup,50.48580634214337,102.90144188243833,71.47782406724691,89.82511813798698
2000-08-11,,warmup,49.76638451025872,108.22962205841618,78.87654966241969,96.06690757820436
2000-08-12,,warmup,49.057214426532454,112.33829251637118,84.96279485498357,101.04113583898399
2000-08-13,,warmup,48.358150003737784,108.32786439924536,82.84076026433726,97.85046893290773
2000-08-14,,warmup,47.66904723638829,100.2193307463756,76.53507895378152,90.51805520337993
2000-08-15,,warmup,46.98976417107313,100.86637581276703,78.90293157232165,91.89963887974352
2000-08-16,,warmup,46.32016087721504,90.73601111932271,70.33633249128614,82.38584467717081
2000-08-17,,warmup,45.660099418244926,60.48966044469787,40.00658745425727,51.14663395825825
2000-08-18,,warmup,47.98061436798345,80.1794238889903,49.51642173814955,66.30839995772867
2000-08-19,,warmup,47.29689147664971,89.83839128004283,60.329434273350294,76.32322537062288
2000-08-20,,warmup,46.622911624213906,84.05997740468224,56.44081668890406,71.41064825748401
2000-08-21,,warmup,46.57460273383381,86.2440828510603,57.371760004160144,72.87364195112424
2000-08-22,,warmup,45.91091548298555,89.94913077625091,62.75827960223575,77.26728336758993
2000-08-23,,warmup,45.256685763518846,81.62051461607884,56.2150995282962,69.7698894138988
2000-08-24,,warmup,44.61177880578169,95.76910075638008,72.0344132150334,84.67233121438359
2000-08-25,,warmup,43.97606176058721,106.88566560418616,84.7807886527915,96.53789745576653
2000-08-26,,warmup,43.34940367184704,106.75039703029479,86.20156580260213,97.1126904321225
2000-08-27,,warmup,42.73167544959471,104.91066689933287,85.84713076914528,95.94589889284688
2000-08-28,,warmup,42.12274984339348,105.11512951264302,87.46903310701389,96.78791406565564
2000-08-29,,warmup,41.522501416123006,100.76146430156827,84.46773315122195,93.03807574425028
2000-08-30,,warmup,40.9308065181397,83.53603470290845,68.53226535004356,76.38433441746798
2000-08-31,,warmup,40.3475432618051,69.6188857498011,55.84524014039747,63.00825197890425
2000-09-01,,warmup,39.772591496377466,73.78486416909757,61.183968163539035,67.686124813581
2000-09-02,,warmup,39.20583278326093,79.3696668582744,67.88651270053379,73.75503513998297
2000-09-03,,warmup,38.647150371607495,79.51483780676227,69.09669039857879,74.35785067741243
2000-09-04,,warmup,38.096429174266646,74.84443344178177,65.44074027420614,70.11989262361624
2000-09-05,,warmup,37.55355574407769,69.21539998202901,60.77770458242726,64.89931553069661
2000-09-06,,warmup,37.01841825049993,58.144997172441016,50.62685593054157,54.214533457014845
2000-09-07,,warmup,36.490906456575864,49.212763281640484,42.569665523490976,45.64618728098739
2000-09-08,,warmup,35.970911696222664,45.6298697225317,39.498998207366924,42.08633884242865
2000-09-09,,warmup,35.458326851847204,47.13126015716275,41.475550096515995,43.5949076959648
2000-09-10,,warmup,34.95304633228013,53.328486863889246,48.37613268090499,50.047954372286135
2000-09-11,,warmup,34.45496605102439,50.1272630851829,45.91625038200736,47.160257114635016
2000-09-12,,warmup,33.96398340481359,55.88219075082534,52.17024511859206,53.00545565107161
2000-09-13,,warmup,33.479997252476075,66.88015579550436,63.845114872346606,64.28986899163786
2000-09-14,,warmup,33.002907894100055,64.1613113568381,61.76895080958594,61.840931805884516
2000-09-15,,warmup,32.53261705049568,51.68417334819733,49.69327876952011,49.40953519047195
2000-09-16,,warmup,32.069027842949794,58.07558895661672,54.43935725982649,53.81632396685305
2000-09-17,,warmup,31.612044773269158,60.270905046668844,57.22322520771119,56.2767437565072
2000-09-18,,warmup,31.16157370410807,61.6084817255971,59.172951902585375,57.91829026915865
2000-09-19,,warmup,30.717521839576317,37.09820083153656,35.24369020270097,33.69556187565294
2000-09-20,,warmup,30.279797706123436,25.250498325931368,20.043991795129013,18.216574254224398
2000-09-21,,warmup,29.84831113369542,24.616935976862997,19.741328829051955,17.648281429496446
2000-09-22,,warmup,29.422973237159912,23.84803768766716,19.443236053981305,17.097717335216398
2000-09-23,,warmup,29.003696397996098,26.259714181673335,22.39979602827987,19.717660962426063
2000-09-24,,warmup,28.590394246245484,22.127372611708942,18.860486080557454,16.0475802966723
2000-09-25,,warmup,28.18298164271996,26.555624647339993,18.575693973419206,16.072525074147126
2000-09-26,,warmup,27.781374661463285,30.225942012892723,18.295202208485385,19.415776993797945
2000-09-27,,warmup,27.385490572462615,29.057364324156193,18.018945850869766,18.810073275957876
2000-09-28,,warmup,26.99524782460628,27.93396550243497,17.74686094619866,18.223265376396032
2000-09-29,,warmup,26.61056602888449,32.77752233859519,19.77011409482411,22.115875065688503
2000-09-30,,warmup,29.884175727564855,38.96703619998365,25.239927815344455,27.8457353780796
2000-10-01,,warmup,29.458326761212096,37.460515441091616,24.858806554956622,26.97704671061699
2000-10-02,,warmup,29.974840791829855,36.491624397286266,25.289549275410874,26.366285762380024
2000-10-03,,warmup,37.931759355582756,46.0623786504734,33.007165107027106,35.14071474291335
2000-10-04,,warmup,44.62974281151594,47.843578369291116,38.73886585302189,37.154020858850046
2000-10-05,,warmup,43.99376977956301,48.21770445520693,38.1539115105248,37.91155993733773
2000-10-06,,warmup,43.366859351871085,46.35353977162445,37.577789940368135,36.728853069078106
2000-10-07,,warmup,42.74888238649253,44.561446332552244,37.01036776826685,35.58304248096471
2000-10-08,,warmup,42.13971158175014,43.28823800307036,36.45151363387889,34.64777458149953
2000-10-09,,warmup,41.539221450013315,41.61465346785462,35.90109816039476,33.56688629741992
2000-10-10,,warmup,40.94728829184794,40.005772078937305,35.358993924586336,32.51971791300982
2000-10-11,,warmup,40.36379017053459,38.45909232112583,34.82507542730794,31.50521748640767
2000-10-12,,warmup,39.78860688694993,36.97220939134464,34.299219064442745,30.52236589262531
2000-10-13,,warmup,39.22161995480594,35.869976146204515,33.781303098288056,29.570175799777445
2000-10-14,,warmup,38.66271257624208,36.95624187361878,33.2712076293725,30.663106629709823
2000-10-15,,warmup,38.11176961776522,42.96647623455634,32.7688145686989,36.32868249168845
2000-10-16,,warmup,37.568677586532466,46.88544926767868,32.2740076104062,40.15217888283461
2000-10-17,,warmup,37.033324606971846,45.07279145482284,31.78667220484428,38.89957261132248
2000-10-18,,warmup,36.5056003977363,43.33021355797138,31.30669553205522,37.68604323464114
2000-10-19,,warmup,35.98539624898597,44.28233495609575,30.833966475655092,38.735221753712985
2000-10-20,,warmup,35.47260499999428,44.57379230514199,30.368375597110127,39.25564707744112
2000-10-21,,warmup,34.967121017073055,44.34453895867375,29.90981511040123,39.300724301752126
2000-10-22,,warmup,34.46884017181228,42.630116333820226,29.458178857071182,38.0746804081195
2000-10-23,,warmup,33.97765981962993,40.98197571359751,29.0133622816485,36.886884756874785
2000-10-24,,warmup,33.493478778627384,39.39755454191575,28.57526240744251,35.73614413784552
2000-10-25,,warmup,33.01619730874631,37.87438933472964,28.143777812703828,34.62130256480541
2000-10-26,,warmup,32.545717091222365,36.41011184977293,27.71880860714485,33.54124011421861
2000-10-27,,warmup,32.08194120833186,35.00244540437653,27.300256408814807,32.49487180021097
2000-10-28,,warmup,31.62477412342691,39.45295079888625,26.88802432132393,36.002297134137955
2000-10-29,,warmup,31.17412166125514,41.23116555838005,26.48201691141162,38.34833853908381
2000-10-30,,warmup,30.729890988559834,39.63711035468869,26.082140186853266,37.152005719978376
2000-10-31,,warmup,30.291990594956516,38.10468358080287,25.688301574700724,35.99299426259531
2000-11-01,,warmup,29.86033027408204,36.63150259442044,25.300409899851296,34.87013987216766
2000-11-02,,warmup,29.434821105012315,35.215276869562146,24.918375363940378,33.78231457581604
2000-11-03,,warmup,29.015375433944797,33.85380443522422,24.542109524552817,32.728425589433954
2000-11-04,,warmup,28.60190685614208,32.544968451717786,24.171525274748134,31.707414219922214
2000-11-05,,warmup,28.194330198132693,31.638028095662854,23.806536822894966,30.7182548016699
2000-11-06,,warmup,27.79256150016561,33.606707627798436,23.447059672809967,32.390548699961904
2000-11-07,,warmup,27.39651799891474,32.30742475651569,23.09301060419665,31.380077896928178
2000-11-08,,warmup,27.0061181104299,32.15935973790222,22.74430765337956,31.332721832280033
2000-11-09,,warmup,26.62128141333073,30.91603338407893,22.400870094329377,30.355251494115198
2000-11-10,,warmup,26.241928632240096,29.720775786434547,22.062618419974562,29.408274780701717
2000-11-11,,warmup,25.867981621453566,28.57172853883664,21.729474323795152,28.49084039856891
2000-11-12,,warmup,25.49936334884157,27.46710508376352,21.401360681694516,27.602026731244987
2000-11-13,,warmup,25.13599787998102,26.40518793453533,21.078201534144846,26.740940913439367
2000-11-14,,warmup,24.77781036251298,25.384326004937524,20.759922068602233,25.906717934107366
2000-11-15,,warmup,24.42472701072328,24.402932042084963,20.446448602187292,25.098519767495997
2000-11-16,,warmup,24.07667509034286,23.45948015853505,20.13770856462731,24.315534531298088
2000-11-17,,warmup,23.733582903564674,22.552503459812872,19.833630481455945,23.556975671069093
2000-11-18,,warmup,23.395379774274147,21.68059176365964,19.53414395746662,22.822081170087113
2000-11-19,,warmup,23.061996033490043,20.8423894074581,19.239179660415775,22.11011278386259
2000-11-20,,warmup,22.733363005012887,20.036593140426117,18.948669304972213,21.42035529852854
2000-11-21,,warmup,22.409412991277787,19.26195009730091,18.662545636908757,20.752115812366416
2000-11-22,,warmup,22.090079259408935,18.517255850363586,18.38074241753267,20.10472303974582
2000-11-23,,warmup,21.775296027472812,17.801352536775184,18.10319440835115,19.477526636778855
2000-11-24,,warmup,21.46499845092726,17.113127058312482,17.82983735596837,18.869896548011635
2000-11-25,,warmup,21.15912260926369,16.45150935070465,17.560607977210577,18.281222373496806
2000-11-26,,warmup,20.857605492839593,15.815470719879729,17.29544394447581,17.710912755611044
2000-11-27,,warmup,20.56038498989875,15.204022242534206,17.03428387130483,17.158394785001814
2000-11-28,,warmup,20.267399873776334,14.616213228538845,16.7770672981699,16.623113425066382
2000-11-29,,warmup,19.978589790286403,14.051129742790053,16.523734678478224,16.104530954385133
2000-11-30,,warmup,19.693895245289074,13.507893184208594,16.27422736478665,15.60212642654896
2000-12-01,,warmup,19.41325759243489,12.985658919676178,16.028487595224597,15.115395146838123
2000-12-02,,warmup,19.136619021083803,12.48361497078607,15.78645848012194,14.643848165226926
2000-12-03,,warmup,18.86392254439637,12.000980751365697,15.548083988838869,14.187011785204808
2000-12-04,,warmup,18.595111987594564,11.537005853808472,15.313308936794558,13.744427087920512
2000-12-05,,warmup,18.330131976389943,11.09096888232773,15.082078972691754,13.315649471171286
2000-12-06,,warmup,18.068927925576677,10.662176331318696,14.854340565934246,12.900248202773945
2000-12-07,,warmup,17.811446027787145,10.249961507084626,14.630040994234314,12.49780598786924
2000-12-08,,warmup,17.55763324240773,9.853683491250472,14.409128331407343,12.107918549724772
2000-12-09,,warmup,17.30743728465261,9.472726144252478,14.191551435350716,11.730194223615355
2000-12-10,,warmup,17.06080661479324,9.106497147354284,13.977259936204215,11.364253563372941
2000-12-11,,warmup,16.817690427541244,8.754427081700022,13.766204224689226,11.00972896021073
2000-12-12,,warmup,16.578038641582722,8.415968542972532,13.558335440623994,10.666264273438664
2000-12-13,,warmup,16.341801889261582,8.090595290280152,13.353605461612322,10.333514472699283
2000-12-14,,warmup,16.10893150640995,7.7778014279487335,13.151966891903042,10.011145291364567
2000-12-15,,warmup,15.879379522323447,7.477100618946745,12.953373051417735,9.698832890745543
2000-12-16,,warmup,15.653098649879396,7.188025328720479,12.757777964944118,9.396263534777423
2000-12-17,,warmup,15.430042275795756,6.9101260982636425,12.565136351492608,9.103133274853356
2000-12-18,,warmup,15.210164451028916,6.642970845291128,12.375403613813603,8.819147644490297
2000-12-19,,warmup,14.993419881308306,6.386144192430375,12.18853582807305,8.544021363520208
2000-12-20,,warmup,14.7797639178059,6.139246821385817,12.00448973368393,8.277478051509453
2000-12-21,,warmup,14.569152547938668,5.901894852072238,11.823222723291256,8.019249950118486
2000-12-22,,warmup,14.361542386302098,6.568230089791791,11.644692832908314,8.428688485781365
2000-12-23,,warmup,14.15689066573291,6.3142930202988135,11.468858732201847,8.165743152510164
2000-12-24,,warmup,13.955155228499128,6.070173517240195,11.295679714923939,7.911000785620474
2000-12-25,,warmup,13.756294517615707,5.8354920196054625,11.12511568948834,7.664205481512034
2000-12-26,,warmup,13.560267568283878,5.609883640749898,10.957127169689144,7.425109319873747
2000-12-27,,warmup,13.367033999452529,5.392997601062794,10.791675265559572,7.19347211463323
2000-12-28,,warmup,13.17655400549979,5.184496682569552,10.6287216743688,6.969061172675872
2000-12-29,,warmup,12.988788348033198,4.984056704619647,10.468228671754733,6.751651060090987
2000-12-30,,warmup,12.803698347806666,4.791366019845226,10.310159102990685,6.541023375710279
2000-12-31,,warmup,12.62124587675267,4.606125029606668,10.15447637438391,6.336966531711087
2001-01-01,27.4,training,12.441393350127967,4.428045718171698,10.001144444804028,6.13927554106407
2001-01-02,28.1,training,12.264103718771224,4.256851204903804,9.850127817339379,5.947751811611731
2001-01-03,28.0,training,12.08934046147099,4.092275313763671,9.701391531079347,5.762202946570997
2001-01-04,27.9,training,11.917067577442424,3.9340621594543137,9.554901153020777,5.582442551259392
2001-01-05,27.9,training,11.74724957891122,3.7819657495664085,9.410622770096618,5.408290045850698
2001-01-06,27.8,training,11.579851483803214,3.635749602105267,9.268522981324907,5.239570483971945
2001-01-07,27.7,training,11.414838808538171,3.495186377804741,9.128568890076332,5.076114376959557
2001-01-08,27.6,training,11.252177560926258,3.3600575266564037,8.990728096458533,4.917757523598088
2001-01-09,27.6,training,11.091834233165729,3.2301529481044073,8.854968689815404,4.764340845170498
2001-01-10,27.5,training,10.933775794940413,3.1052706643776906,8.721259241339661,4.615710225654273
2001-01-11,27.4,training,10.777969686615549,2.9852165064516285,8.58956879679696,4.471716356902883
2001-01-12,27.3,training,10.624383812530589,2.8698038121508387,8.459866869359868,4.332214588657012
2001-01-13,27.3,training,10.472986534387562,2.758853135923774,8.332123432550054,4.197064783234919
2001-01-14,27.2,training,10.323746664733687,2.652191969837827,8.20630891328705,4.066131174755945
2001-01-15,27.1,training,10.17663346053681,2.549654475361173,8.08239418504197,3.9392822327557457
2001-01-16,26.0,training,10.031616616852437,2.4510812255142884,7.960350561094607,3.8163905300562533
2001-01-17,23.4,training,9.888666260580996,2.3563189569902754,7.840149787892358,3.697332614757622
2001-01-18,25.5,training,9.747752944314032,2.26522033185855,7.721764038509416,3.581988886223585
2001-01-19,26.6,training,9.60884764026814,2.177643708481414,7.605165906204735,3.470243474935617
2001-01-20,28.3,training,9.471921734305305,2.093452921287308,7.490328398077267,3.3619841260952295
2001-01-21,27.7,training,9.336947020038464,2.0125170690583456,7.377224928817008,3.2571020868574667
2001-01-22,27.1,training,9.203895693021057,1.9347103114029556,7.265829314550395,3.155491997082311
2001-01-23,26.0,training,9.072740345019392,1.8599116730971705,7.156115766778645,3.0570517834942645
2001-01-24,26.0,training,8.943453958366613,1.7880048559903654,7.048058886407622,2.961682557143779
2001-01-25,23.9,training,8.816009900397134,1.7188780581829823,6.941633657867852,2.8692885140675166
2001-01-26,24.9,training,8.690381917960364,1.652423800195105,6.836815443323324,2.7797768390476785
2001-01-27,25.5,training,8.566544132012647,1.588538757855595,6.733579976967739,2.6930576123736842
2001-01-28,25.5,training,8.444471032286227,1.5271236016519774,6.63190335940689,2.6090437195125693
2001-01-29,26.6,training,8.324137472034204,1.4680828422912837,6.531762052125858,2.527650763597344
2001-01-30,25.5,training,8.205518662850375,1.411324682231732,6.433132872039764,2.4487969806454046
2001-01-31,24.9,training,8.08859016956287,1.3567608729543998,6.335992986126793,2.3724031574218354
2001-02-01,24.4,training,7.97332790520059,1.304306577752982,6.2403199061422665,2.298392551865079
2001-02-02,24.4,training,7.859708126031329,1.2538802398282851,6.146091483412534,2.2266908159950547
2001-02-03,24.9,training,7.7477074266706465,1.2054034554823763,6.053285903707466,2.157225921226261
2001-02-04,24.9,training,7.637302735260402,1.1588008522152295,5.961881682190385,2.0899280860108536
2001-02-05,24.9,training,7.528471308716024,1.1139999715343236,5.871857658444242,2.024729705739
2001-02-06,25.5,training,7.421190728041484,1.0709311562949884,5.7831929915729,1.9615652848260958
2001-02-07,24.4,training,7.315438893711045,1.0295274423963334,5.695867155376397,1.9003713709186223
2001-02-08,24.4,training,7.211194021116812,0.9897244546643658,5.609859933599044,1.8410864911525477
2001-02-09,24.4,training,7.108434636081164,0.9514603067604104,5.525151415249294,1.7836510904002396
2001-02-10,24.4,training,7.007139570433121,0.9146755049592167,5.441721989990271,1.728007471443861
2001-02-11,23.4,training,6.90728795764776,0.8793128556471378,5.359552343599903,1.6740997370151378
2001-02-12,23.4,training,6.808859228547764,0.8453173763965602,5.278623453499609,1.6218737336432898
2001-02-13,24.4,training,6.711833107066219,0.8126362104783246,5.198916584350503,1.5712769972546974
2001-02-14,24.4,training,6.6161896060698036,0.7812185446792135,5.12041328371609,1.5222587004696777
2001-02-15,24.4,training,6.521909023241485,0.7510155302967353,5.04309537779046,1.474769601543407
2001-02-16,26.0,training,6.428971937021893,0.7219802071883585,4.9669449671909875,1.4287619948997123
2001-02-17,24.4,training,6.33735920260853,0.6940674307571121,4.891944422814549,1.3841896632080282
2001-02-18,24.9,training,6.247051948011988,0.6672338017600246,4.818076381756332,1.3410078309553857
2001-02-19,24.4,training,6.15803157016837,0.6414375988302684,4.745323743290247,1.2991731194667966
2001-02-20,16.4,training,6.070279731107103,0.6166387136080954,4.673669664910055,1.258643503328834
2001-02-21,28.9,training,5.983778354173367,0.5927985883796989,4.603097558430258,1.2193782681726488
2001-02-22,27.7,training,5.898509620304347,0.5698801561270482,4.533591086145874,1.1813379697740074
2001-02-23,26.6,training,5.814455964358552,0.5478477828954813,4.4651341570502,1.1444843944292598
2001-02-24,25.5,training,5.73160007149744,0.5266672123894451,4.397710923109683,1.1087805205674421
2001-02-25,25.5,training,5.64992487361861,0.5063055127102473,4.33130577559504,1.0741904815599448
2001-02-26,26.0,training,5.569413545839809,0.4867310251529981,4.265903341467779,1.0406795296903848
2001-02-27,25.5,training,5.490049503033058,0.46791331498313676,4.201488479821287,1.0082140012484961
2001-02-28,25.5,training,5.411816396408148,0.44982312411600633,4.138046278375649,0.9767612827129619
2001-03-01,26.0,training,5.33469811014484,0.4324323256259043,4.075562050025404,0.9462897779892282
2001-03-02,27.1,training,5.258678758073042,0.41571388001387555,4.014021329439421,0.916768876669378
2001-03-03,26.6,training,5.183742680400303,0.3996417931662565,3.953409869712126,0.8881689232821877
2001-03-04,27.1,training,5.109874440485925,0.3841910759386001,3.8937136390652864,0.8604611875024724
2001-03-05,28.3,training,5.037058821661071,3.2095008690143323,3.834918817599605,3.0402544972911905
2001-03-06,30.1,training,4.9652808240941555,6.007648460795195,3.777011794095361,5.231942321265771
2001-03-07,28.9,training,4.894525661700924,5.775384270317258,3.7199791628613603,5.068724186007639
2001-03-08,28.9,training,4.824778759098561,5.772313977864244,3.663807720631471,5.010693220963116
2001-03-09,30.1,training,4.756025748603187,7.899050293481853,3.608484463508016,6.6641424652899
2001-03-10,31.9,training,4.688252467270162,12.519606360103614,3.553996583951325,10.333148521335477
2001-03-11,33.7,training,4.621444953976555,18.77044461732219,3.500331467814736,15.51598400651469
2001-03-12,33.1,training,4.5555894465451825,26.24291646555353,3.4474766914243804,21.951352989257018
2001-03-13,31.9,training,4.490672378909637,28.42781204480486,3.3954200187030525,23.849949087038453
2001-03-14,31.3,training,4.426680378319719,27.328752605036705,3.3441493983375112,23.1059148494733
2001-03-15,30.7,training,4.363600262586672,26.272184358408555,3.2936529609885596,22.385091854190005
2001-03-16,31.3,training,4.301419037367695,25.256464535267433,3.243919016543246,21.686755992349116
2001-03-17,31.9,training,4.240123893489139,25.856241836604358,3.1949360514085594,22.196004959130732
2001-03-18,33.1,training,4.179702204307849,28.73758594401933,3.1466927258459925,24.538701092074177
2001-03-19,37.0,training,4.120141523110104,32.38520514581504,3.0991778713463467,27.576898158043676
2001-03-20,36.3,training,4.061429580547635,32.65485757529445,3.052380488044184,27.999417395590164
2001-03-21,35.5,training,4.00355428211016,31.837812103034448,3.006289742171314,27.413740914812475
2001-03-22,35.5,training,3.9465037056339556,31.676657185743952,2.9608949635487387,27.336008365047743
2001-03-23,36.3,training,3.890266098845913,34.58133523657417,2.9161856431164654,29.71561687771022
2001-03-24,38.5,training,3.8348298769426052,38.7657876792396,2.8721514305006206,33.1489943591623
2001-03-25,41.7,training,3.7801836202038466,45.557242735492665,2.8287821316173,38.68232365995323
2001-03-26,46.2,training,6.704254268952932,58.233436321087176,5.871986684609136,48.83415479627055
2001-03-27,51.3,training,10.017728026368639,61.74825902991124,9.326826328770634,58.39787603637964
2001-03-28,52.4,training,13.324150872520454,62.65528266108146,12.759422347123344,59.090767067615374
2001-03-29,52.4,training,13.134281962354818,61.17268248279001,12.566755903608401,57.856505304034066
2001-03-30,52.4,training,12.947118680742356,58.80766001702002,12.376998710798294,56.051586532301094
2001-03-31,53.5,training,12.762622472524873,56.53407266634688,12.190106839197526,54.30297485612177
2001-04-01,63.1,training,12.580755331954483,55.879271292100555,12.006037022643104,53.66242799065901
2001-04-02,58.3,training,12.401479794864528,60.07559138958592,11.824746648288274,57.63341946263741
2001-04-03,55.9,training,12.224758930952044,57.7529840178925,11.646193746737477,55.83546018181611
2001-04-04,53.5,training,12.050556336170226,55.52017193374043,11.470336982330288,54.09359088499424
2001-04-05,57.1,training,13.909622308525622,54.91557886987939,13.31651911835742,53.41019639319046
2001-04-06,60.7,training,13.711410440932458,55.74357905756732,13.115440550007412,54.24930923743775
2001-04-07,61.9,training,13.516023088885678,53.5884534125433,12.917398254897453,52.556922252056346
2001-04-08,61.9,training,13.323420003089572,51.51664797451646,12.722346385500064,50.91733176765437
2001-04-09,65.5,training,13.133561507800176,49.52494146638396,12.530239786582433,49.328890719736684
2001-04-10,71.1,training,13.014129373211127,47.610237150173965,12.341033984752809,47.790003426407395
2001-04-11,76.7,training,16.075693090707247,48.872585317594854,15.466017481424812,48.640625768442995
2001-04-12,86.7,training,21.06000314261328,52.345875110058095,20.618372968015233,51.33279955188582
2001-04-13,92.7,training,24.19677368436524,53.49564353343832,23.824566695278147,52.17518967099282
2001-04-14,100.0,training,28.685086843657437,56.519511360534445,28.508520260706668,54.48289691146969
2001-04-15,107.0,training,33.12317397322991,59.084925582915325,33.028597079405586,56.54349107788181
2001-04-16,105.0,training,32.65116934016213,57.476955409948644,32.52986742218001,54.77953371596579
2001-04-17,98.9,training,32.18589076462183,55.25481498236756,32.03866855018272,53.07060559818277
2001-04-18,89.7,training,31.72724240041031,53.67548957858402,31.554886749048947,51.41499000633129
2001-04-19,85.3,training,31.275129767135443,51.64895470348762,31.078410021493433,49.8110237777589
2001-04-20,73.9,training,30.82945973074899,50.17637724600551,30.609128061382574,48.25709563461808
2001-04-21,71.1,training,30.39014048436122,48.59821297851164,30.146932228198192,46.79698177135439
2001-04-22,72.5,training,29.957081529328935,46.719337296988435,29.691715521886838,45.33708110131384
2001-04-23,76.7,training,33.800529878629575,49.26746023319625,33.58288043064966,47.12180457978698
2001-04-24,82.4,training,37.875689284211845,49.85984119501424,37.340172181372964,47.776636611354945
2001-04-25,83.8,training,37.33596139348397,48.17572643086278,36.77633802190236,46.38024017795076
2001-04-26,86.7,training,36.803924615486565,46.31318467710147,36.221017721388854,44.93334037481264
2001-04-27,91.2,training,37.484726406132566,45.09274546814011,36.87996971337643,43.83207342087225
2001-04-28,94.2,training,39.39671813751935,45.42526797296995,38.82601433480364,43.98598129543308
2001-04-29,97.3,training,42.71079088286608,47.5841813427668,42.267572930252236,45.596329516703165
2001-04-30,98.9,training,49.6449299438358,54.250463397384735,49.530104804253725,50.83778236580723
2001-05-01,100.0,training,54.68554974919551,58.01021226177303,54.667865890276445,53.90263894550627
2001-05-02,100.0,training,59.18921854442122,61.26434811491336,59.30187063179145,56.5214437444342
2001-05-03,104.0,training,62.37904097201882,62.98056026827358,62.59016247809597,57.88380915849112
2001-05-04,108.0,training,67.8509772416572,67.51564851100892,68.2783879996409,61.525168868534344
2001-05-05,110.0,training,73.32305302836869,71.96559195863615,73.96030904907236,65.12717263291407
2001-05-06,117.0,training,82.48580933896135,80.8842789661952,83.42479280831778,72.20408236356002
2001-05-07,121.0,training,91.06408810131448,89.42799177380039,92.13360588064279,78.36699835533766
2001-05-08,126.0,training,102.77353802059169,103.09355887187925,104.26405749994638,88.88287955266797
2001-05-09,134.0,training,110.03921109399596,109.31552833613486,111.66450012278477,94.0986432051721
2001-05-10,132.0,training,118.28274423236047,116.93617875362075,119.95958567030817,100.77807042904038
2001-05-11,145.0,training,129.91265448751673,130.2437741431436,131.91891789400773,111.9067345344821
2001-05-12,154.0,training,141.8694386332769,144.02780531875229,144.20615193629706,123.50150678604336
2001-05-13,147.0,training,154.21112911347313,158.39183522169114,157.0521109502043,135.3082106755077
2001-05-14,159.0,training,163.95084080402822,167.33113182524673,167.1447636407904,142.840790116992
2001-05-15,161.0,training,173.94885477810095,176.72438036744373,177.48337690588744,150.7666550285352
2001-05-16,171.0,training,187.18592882865698,192.75756315236225,194.32576263556285,182.37765462020755
2001-05-17,182.0,training,205.81742288294643,221.40753297729762,253.56606280277146,220.77539510354754
2001-05-18,192.0,training,224.76667113956117,224.5656470283301,217.3549388135359,211.40757188891277
2001-05-19,192.0,training,224.49213404970698,224.4515361593562,204.27698572254351,212.67342116353316
2001-05-20,179.0,training,226.0535723819741,223.15409711042614,205.60234263766324,212.26429653051068
2001-05-21,171.0,training,222.83231304335968,214.71326331330567,206.4015565549292,205.8290189922314
2001-05-22,169.0,training,219.65695659235402,207.66252940628985,201.08087800327155,200.29658342731275
2001-05-23,164.0,training,217.35048927072745,204.47215497826824,198.78884323484772,197.00138118273014
2001-05-24,159.0,training,216.31704968677138,202.64884890123855,200.83903218202062,195.74032617174595
2001-05-25,161.0,training,215.19357296444062,201.37439585910846,201.9166113656108,194.86112567789348
2001-05-26,164.0,training,213.94212234220404,201.14083947226905,218.54941588188626,200.29591084239073
2001-05-27,177.0,training,210.8934509487111,199.85855800345482,213.35516670660903,201.08073109774662
2001-05-28,192.0,training,208.8642358122299,200.9519505673365,204.71070409937118,198.1492330898404
2001-05-29,200.0,training,208.33374156076397,203.3895441374778,205.95860417382204,197.2619458784769
2001-05-30,215.0,training,205.7359117880507,202.86134224457942,223.11955900959856,218.669240216467
2001-05-31,231.0,training,202.80417874728386,203.87922489532698,217.39067457740958,220.7354099975279
2001-06-01,238.0,training,199.91422284959145,206.46185650741634,213.12521432643393,223.99511723909976
2001-06-02,257.0,training,198.71672681645725,209.41422187703316,176.82856057010073,197.03152529939825
2001-06-03,246.0,training,199.65266796862463,208.35430679318875,199.4363326522538,198.12877704403013
2001-06-04,238.0,training,196.8076210428168,205.9369800326201,206.7311155084627,208.20057334370054
2001-06-05,243.0,training,194.00311598450514,205.29501516613848,197.5418201705795,199.87281873947913
2001-06-06,246.0,training,191.23857507280744,203.90194613410168,193.3699391599018,195.80331852690955
2001-06-07,246.0,training,188.51342881935358,201.30654755777888,183.1126628663002,191.14910705644533
2001-06-08,238.0,training,185.8271158509725,198.36474336376102,199.41050619690472,204.30262305497462
2001-06-09,235.0,training,183.1790827940507,199.18898828991294,207.58291390925723,227.57581968162728
2001-06-10,238.0,training,180.56878416053877,201.98242955338497,205.0892241855602,227.61738376019085
2001-06-11,235.0,training,177.9956822355821,203.45927623979912,179.47518251967404,206.7393985547366
2001-06-12,224.0,training,175.45924696675317,208.134501874235,185.97098920897554,203.6525917397026
2001-06-13,221.0,training,172.95895585486193,208.16301647668504,190.20001161166346,213.43255253468269
2001-06-14,216.0,training,170.49429384632248,208.89123217175558,186.53800057681386,210.28323670807694
2001-06-15,221.0,training,168.0647532270532,233.6302354062907,180.94545510559863,211.61918917155518
2001-06-16,214.0,training,165.66983351788895,237.84149966492137,180.26378937514502,210.280068255258
2001-06-17,211.0,training,163.30904137148377,235.09448891897674,182.35043829717142,209.1005490815229
2001-06-18,214.0,training,160.9818904706825,236.9857789214706,189.63901797613752,237.7730596598331
2001-06-19,221.0,training,158.68790142834058,232.46967261159975,189.77463463417826,234.19805710481933
2001-06-20,216.0,training,156.42660168857176,224.41437365065437,184.800613440363,225.97994748068632
2001-06-21,209.0,training,154.19752542940262,204.5921047842919,166.53172274842456,205.9147205019981
2001-06-22,199.0,training,152.45722731388062,200.91786117809238,161.7688244571514,201.1766941542711
2001-06-23,190.0,training,150.8817708876596,208.35624626816156,171.60210825397021,208.77599796334013
2001-06-24,192.0,training,148.73170836762435,212.21350207379047,179.96696760217534,213.87246047971328
2001-06-25,195.0,training,146.61228419980927,204.01349666420356,176.05368739352554,206.82458715770252
2001-06-26,195.0,training,144.52306178824662,210.0929252111594,186.2082060469254,213.97366141129754
2001-06-27,195.0,training,142.4636107584532,206.88399266008727,186.87160377093545,211.75626092393404
2001-06-28,197.0,training,140.43350686877454,197.19048830572697,180.85619152666223,202.98034174492597
2001-06-29,204.0,training,138.43233192299215,202.4998967134721,189.65763577769619,209.1373583264172
2001-06-30,207.0,training,136.45967368417607,207.40949497656177,197.88106903887967,214.82836950782252
2001-07-01,202.0,training,134.51512578976516,178.616766694766,172.23151663034622,186.754460849536
2001-07-02,202.0,training,132.59828766785753,153.21691953241623,149.8114265146771,162.0142701892371
2001-07-03,195.0,training,130.7087644546936,137.99032171521347,137.40811759582724,147.39143179507158
2001-07-04,180.0,training,128.84616691331536,120.89609231401379,122.987381346496,130.84817397814328
2001-07-05,156.0,training,127.01011135338435,131.80261459736005,136.3462133533814,142.1780467496508
2001-07-06,147.0,training,125.20021955214258,129.71902773232463,136.64436883862382,140.53747357699706
2001-07-07,141.0,training,123.41611867649954,131.92115397203762,140.82508112346608,142.86646620104622
2001-07-08,139.0,training,121.65744120622956,128.82499009118538,139.7011566336585,139.97471611032398
2001-07-09,137.0,training,119.92382485826356,139.06841916250738,151.3463836667124,149.93299988864874
2001-07-10,137.0,training,118.21491251205971,146.48941234720692,160.7123857458163,157.69002925750672
2001-07-11,139.0,training,116.53035213603741,147.70193691138894,163.75818521157652,159.20201146093805
2001-07-12,143.0,training,114.86979671505983,129.5516738581396,147.33433457063097,141.31677750869767
2001-07-13,145.0,training,113.2329041789495,119.14599581688047,138.5528812859585,131.14374395932768
2001-07-14,139.0,training,111.61933733202291,111.95898825897274,132.89239672181705,124.15893895299267
2001-07-15,135.0,training,110.02876378362892,104.11048759220192,126.47702166683666,116.48404491461372
2001-07-16,133.0,training,108.46085587967721,106.2884891638882,129.9988814766663,118.80881096580754
2001-07-17,129.0,training,106.91529063514237,95.0116221688666,119.98056784362355,107.65353205027562
2001-07-18,122.0,training,105.39174966752971,93.39883321507018,119.21189426647217,105.80580184305278
2001-07-19,116.0,training,103.88991913128947,101.6318247175067,123.44824866176624,109.01886288242245
2001-07-20,122.0,training,102.40948965316524,102.65891877898095,119.08350990028825,108.33661149765753
2001-07-21,129.0,training,100.950156268464,115.48727522914575,125.40102759000713,119.69168046740431
2001-07-22,124.0,training,99.51161835823406,117.67338039413839,129.13404271318385,122.16594093053924
2001-07-23,122.0,training,98.09357958733845,113.87700360237005,126.56527236273955,118.39938120771315
2001-07-24,118.0,training,96.69574784341054,103.75541829623953,114.4740000816984,106.74587212359447
2001-07-25,113.0,training,95.31783517667962,115.74514126557278,123.4215957152707,117.7878508521811
2001-07-26,113.0,training,94.03351082145397,123.6637940243187,130.26693754513693,125.13067470339047
2001-07-27,115.0,training,93.1196326408975,114.7747142330445,121.2661964961941,115.82404480922352
2001-07-28,115.0,training,95.5759279628925,98.53038360486121,101.45576184083446,98.57603694464234
2001-07-29,106.0,training,98.58127917950574,90.30273579264285,89.48711847905889,89.45846274944698
2001-07-30,95.3,training,100.55752472209181,98.53189148149444,95.38235161068127,97.16376711880041
2001-07-31,85.4,training,99.1245818043323,113.68562689977716,112.33296206085546,112.65557183757879
2001-08-01,88.7,training,97.71205829736508,123.4021690058383,124.21828732598134,123.08490869327953
2001-08-02,92.0,training,96.3196632249538,132.25159865392007,134.702387344442,132.1802753618041
2001-08-03,95.3,training,94.94710975726828,130.9443504865171,135.3534403792838,131.50742230340174
2001-08-04,97.0,training,93.59411515179819,131.43892759309048,136.11749877731137,131.19506278273138
2001-08-05,97.0,training,92.26040069510897,120.30280305520158,126.33899707316006,120.23368787170051
2001-08-06,98.6,training,91.6013250895023,108.83281520547719,110.67329993592101,106.47349015882351
2001-08-07,98.6,training,91.54623023467711,122.19457067996365,122.40064051139272,119.24734160801768
2001-08-08,97.0,training,90.24169810120522,112.12792336472548,114.22868460969354,109.87391519911553
2001-08-09,95.3,training,88.95575552716028,112.3423674818211,116.23583867228623,110.73670792779957
2001-08-10,95.3,training,87.68813761165497,111.82067631708583,117.31361475987777,110.725153875648
2001-08-11,97.0,training,86.43858322863485,107.19812967355381,114.25301619210224,106.62824768401647
2001-08-12,95.3,training,85.20683497308707,99.58762424579943,107.5424364955735,98.93244127257286
2001-08-13,98.6,training,83.99263910801557,97.94467328005665,105.42982827128294,96.10118835127537
2001-08-14,92.0,training,82.7957455121719,89.09511479315826,94.49283250040855,85.71085573001245
2001-08-15,92.0,training,82.06590659550612,81.979481001613,85.95637627293371,77.90975338110968
2001-08-16,88.7,training,83.2179482575056,96.61560974328656,97.18803462814672,91.65587179146273
2001-08-17,85.4,training,82.57936007004297,106.3336151225708,106.84209240175302,101.24581229195616
2001-08-18,85.4,training,81.40260567505848,93.99590062313219,96.05222506418367,89.50008356758367
2001-08-19,82.8,training,80.24262000902687,85.47406026900087,87.21359923990693,80.39219043221223
2001-08-20,81.4,training,79.09916411786229,99.74752303737091,103.01799322422792,95.31282427918113
2001-08-21,81.4,training,77.97200245257035,106.78326978500891,111.5081695005912,102.96336866040275
2001-08-22,82.8,training,76.86090282072556,96.3757844516114,102.47501235054109,93.13308118660964
2001-08-23,82.8,training,75.76563633864036,88.2812063990044,95.53787038931156,85.43973832397951
2001-08-24,81.4,training,74.68597738421559,82.48748310818338,88.89605917625441,78.28620768328015
2001-08-25,78.8,training,74.85549787559178,83.05112657906588,84.60228534193696,76.84328595981283
2001-08-26,90.3,training,80.57924988628903,82.41518243259331,76.59992926243733,74.65410655734803
2001-08-27,81.4,training,83.30275091229515,98.30781846009752,89.27957967279491,89.9973977933735
2001-08-28,88.7,training,82.115688210826,75.87044514862465,68.61207212190352,69.71005257597446
2001-08-29,88.7,training,88.77211209829784,96.98342187559997,81.71157685857621,87.58739384004306
2001-08-30,80.1,training,87.50711109834916,101.36827642866406,88.41238871143115,92.904403382877
2001-08-31,77.5,training,86.26013633988609,117.26841671368756,106.54412912598191,109.71363867026808
2001-09-01,77.5,training,85.03093094929181,125.61561910815898,117.0105212659347,118.91663688707557
2001-09-02,76.2,training,83.819241713394,102.75878619179416,96.1652082706436,96.86492752183233
2001-09-03,76.2,training,83.1611738382134,101.05665436652723,90.94296343202463,92.62406858638678
2001-09-04,75.0,training,82.64909936591405,98.94949435065469,88.68598493510962,90.55643186422533
2001-09-05,73.7,training,81.47135118721837,107.04766621512559,98.78493281896188,99.50123864756665
2001-09-06,72.4,training,80.31038589887555,100.89575382123985,94.53222370647283,94.14693991729992
2001-09-07,71.2,training,79.16596434500008,87.51598479200615,82.52554675544921,81.08933556158146
2001-09-08,68.7,training,78.03785077767348,97.09939682572777,91.22283078836888,89.65676581469786
2001-09-09,68.7,training,77.1152782019589,87.20473334450091,81.54319065668327,79.71063479822102
2001-09-10,65.1,training,77.90339374903888,86.46162449537897,78.82512395822049,78.57249408458485
2001-09-11,63.9,training,76.79327178998481,82.09103618193663,76.23472751025643,74.97550031899634
2001-09-12,61.6,training,75.69896904887065,65.30304382651569,61.13567957620058,58.91657590974316
2001-09-13,59.2,training,75.79791088386146,65.84761239615273,60.89172242667973,58.78338733204982
2001-09-14,58.0,training,74.71779201774807,63.30185052478099,59.972261397780365,56.94955311230014
2001-09-15,56.9,training,73.65306482604007,60.85451140967778,59.06668417032351,55.172928048030535
2001-09-16,55.7,training,72.60350997765416,58.501789887814894,58.174781099814815,53.45172741549909
2001-09-17,59.5,training,71.56891126697103,56.24002790915125,57.29634570737806,51.784222168045765
2001-09-18,53.3,training,70.54905556929758,54.06570884903657,56.43117463195456,50.16873719916397
2001-09-19,51.0,training,69.77854216510877,54.521353763136474,55.57906758322436,49.290147692044485
2001-09-20,48.7,training,68.78419919491918,52.4134810774767,54.73982729523822,47.75246904444289
2001-09-21,47.9,training,67.80402559416163,50.387101732540884,53.91325948074985,46.26276054369625
2001-09-22,46.4,training,66.83781944957667,48.43906508046137,53.09917278623768,44.8195256905244
2001-09-23,45.6,training,65.88538172516519,46.7782494884892,52.29737874760579,43.421314671143065
2001-09-24,44.9,training,64.94651622118747,45.172919317290656,51.50769174655384,42.0667229008412
2001-09-25,44.9,training,64.02102953374657,43.42647033559259,50.72992896760562,40.754389612993556
2001-09-26,44.9,training,64.23154242162337,44.3523215137934,50.00217410021637,40.767697660327784
2001-09-27,44.1,training,63.31624409796034,43.0071089464157,56.97675649134112,39.865400317385934
2001-09-28,43.4,training,62.41398875893873,43.18333841349914,56.02049132837305,39.64999977647745
2001-09-29,42.6,training,61.524590542262104,45.74266850429587,51.63350449379974,40.50955638741711
2001-09-30,41.9,training,60.64786623416842,59.5039322869768,64.25595651465441,56.6172629513135
2001-10-01,41.9,training,59.783635231688436,65.55651376579881,71.23338036870189,63.075648682383076
2001-10-02,41.2,training,58.93171950544198,45.05397686035781,51.603190904459254,42.954049013135645
2001-10-03,40.5,training,58.09194356296434,37.724241791555045,44.950450825694034,35.836492074571154
2001-10-04,40.5,training,57.264134412555244,36.26576922308026,44.27170195608456,34.71852000006456
2001-10-05,41.2,training,56.44812152764308,36.02167563178673,43.60320215004472,33.63542470860848
2001-10-06,40.5,training,55.64373681165679,39.88096264614681,42.944796647384464,35.81835980142695
2001-10-07,39.1,training,54.850814563398416,38.3391081976157,42.2963330247825,34.700953389847975
2001-10-08,39.1,training,57.72094800088502,42.69877256214256,44.40555163303596,37.56824975253344
2001-10-09,42.6,training,62.935768553463696,47.18416559964302,48.898467417107874,41.7486176810343
2001-10-10,39.1,training,62.038934984104515,48.71925271780308,48.160103755001366,43.39749181439275
2001-10-11,37.7,training,61.15488127697019,46.83569746868438,47.43288933593492,42.04364323314317
2001-10-12,37.7,training,60.283425319254015,45.02496313077778,46.7166558070673,40.73202994947232
2001-10-13,37.7,training,59.424387593253456,43.57274775565423,46.0112373576742,39.64084792027379
2001-10-14,38.4,training,58.577591139390044,41.888163670814684,45.3164706807624,38.40419337014622
2001-10-15,37.7,training,57.742861519756104,41.24464525421689,44.63219493526361,37.90709926783766
2001-10-16,37.7,training,56.92002678218101,41.21145225406794,43.95825170879917,38.0430510817517
2001-10-17,43.4,training,56.10891742480947,43.30435798198024,43.29448498100694,40.09443452881657
2001-10-18,40.5,training,55.30936636118458,47.43976296502216,42.64074108742211,44.01522305684489
2001-10-19,39.8,training,54.52120888582844,45.60567460025827,41.9968686839032,42.6421034409981
2001-10-20,46.4,training,53.74428264031325,45.391481837421864,41.362718711595406,42.715638721495175
2001-10-21,49.9,training,52.978427579815886,49.55648296616045,40.738144362422865,46.55878934856996
2001-10-22,46.4,training,52.22348594014907,47.76770332885953,40.12300104510208,45.1366680791808
2001-10-23,47.9,training,51.479302205262336,47.73380790183577,39.51714635166848,45.28173592967181
2001-10-24,48.7,training,50.74572307520618,49.96707866278825,38.92044002450846,47.469184584400956
2001-10-25,45.6,training,50.02259743455259,48.251597621435565,38.33274392388919,46.11026725019394
2001-10-26,45.6,training,49.30977632126567,47.477396144418194,37.7539219959788,45.57636390191153
2001-10-27,48.7,training,48.6071128960159,46.421794388539055,37.18384024134938,44.76705291237324
2001-10-28,51.0,training,47.91446241193152,48.99173361301918,36.62236668395563,47.23528116124884
2001-10-29,47.1,training,47.23168218478111,47.09764386692366,36.0693713405819,45.76170709713962
2001-10-30,49.9,training,46.55863156358099,45.27678231059995,35.524726190750606,44.334103343125555
2001-10-31,48.7,training,45.89517190162144,47.27206353064074,34.98830514708501,46.267882298994934
2001-11-01,48.7,training,45.24116652790587,46.94065740029263,34.45998402611951,46.10740043273393
2001-11-02,48.7,training,44.596480718996936,46.89273483483456,33.93964051955073,46.19803588884329
2001-11-03,47.9,training,43.96098167126385,46.47438207869725,33.42715416592268,45.94731591710932
2001-11-04,46.4,training,43.334538473525164,44.73056150246015,32.92240632273947,44.51392182298395
2001-11-05,45.6,training,42.71702208008143,43.0012146998316,32.42528013899917,43.125244565697976
2001-11-06,44.9,training,42.10830528413207,41.33872689166474,31.935660528142325,41.77988913776175
2001-11-07,44.1,training,41.508262691571154,39.74051321462642,31.453434141408998,40.47650405099588
2001-11-08,43.4,training,40.91677069515647,38.204088739857596,30.97848934159813,39.21377997888235
2001-11-09,43.4,training,40.33370744904682,37.52619982528046,30.510716177223106,38.56804771138076
2001-11-10,43.4,training,39.75895284370202,37.684092265726036,30.050006357057566,38.749661607594795
2001-11-11,43.4,training,39.19238848114069,36.430734866595145,29.596253225065585,37.65628413711065
2001-11-12,41.9,training,38.63389765055054,35.02227110618629,29.14935173571041,36.48154097286975
2001-11-13,41.9,training,38.08336530424627,33.6682605477688,28.709198429636047,35.3434456493161
2001-11-14,41.9,training,37.540678033970025,32.36659795350098,28.275691409715993,34.24085488316199
2001-11-15,42.6,training,37.00572404752956,31.425922632139706,27.848730317463705,33.172661057523264
2001-11-16,41.9,training,36.4783931457694,31.80175904247029,27.42821630979923,33.503990541528694
2001-11-17,41.2,training,35.95857669987001,30.57225803754696,27.01405203616665,32.458784282723556
2001-11-18,40.5,training,35.446167628970606,29.39029128125084,26.6061416159971,31.446184770332447
2001-11-19,39.8,training,34.94106037811073,28.254021032267765,26.20439061651202,30.46517478894667
2001-11-20,40.5,training,34.4431508964862,27.16168059896324,25.808706030861636,29.51476885668823
2001-11-21,39.1,training,33.95233661601497,26.111571592501257,25.418996256593537,28.594012235235642
2001-11-22,38.4,training,33.46851643020824,25.10206128616148,25.035171074446346,27.701979970733483
2001-11-23,39.1,training,32.99159067334294,25.10127664707689,24.65714162746364,27.34724799619371
2001-11-24,38.4,training,32.521461099930704,24.130825772921657,24.28482040042324,26.494110375727626
2001-11-25,37.7,training,32.05803086447962,23.197893902775252,23.918121199577083,25.667587638029854
2001-11-26,37.7,training,31.60120450154429,22.80020195218175,23.556959132697088,25.11092871810878
2001-11-27,37.0,training,31.150887906060216,21.918713881813524,23.20125058942225,24.32755636644684
2001-11-28,36.4,training,30.70698831395835,21.07130538757498,22.850913221902573,23.56862246739003
2001-11-29,36.4,training,30.269414283055976,20.256658904829436,22.50586592573519,22.833364627468033
2001-11-30,36.4,training,29.838075674219823,19.47350780785344,22.166028821188437,22.12104423719608
2001-12-01,36.4,training,29.412883632797662,18.720634440466327,21.831323234709366,21.430945729098553
2001-12-02,35.7,training,28.99375057031444,17.99686822279839,21.501671680710533,20.7623758588796
2001-12-03,33.8,training,28.580590146429316,17.3010838312541,21.176997843631817,20.114663009018713
2001-12-04,32.6,training,28.173317251149744,16.63219944884047,20.857226560273048,19.4871565140917
2001-12-05,33.2,training,27.77184798729904,15.989175083140285,20.542283802393477,18.879226007139184
2001-12-06,33.8,training,27.37609965323378,15.371010949314778,20.23209665957395,18.29026078642616
2001-12-07,35.1,training,26.985990725807465,14.776745915621786,19.926593322337883,17.719669201956396
2001-12-08,35.1,training,26.601440843576977,14.205456009032314,19.625703065527077,17.16687806112543
2001-12-09,33.8,training,26.222370790248302,13.656252978622122,19.329356231928617,16.631332052915088
2001-12-10,32.6,training,25.84870247835821,13.128282914504597,19.037484216148943,16.112493190051076
2001-12-11,32.0,training,25.4803589331884,12.620724920157645,18.750019448731454,15.60984026856335
2001-12-12,32.0,training,25.11726427690892,12.132789836080317,18.466895380513932,15.12286834420623
2001-12-13,33.2,training,24.759343712947548,11.663719012794637,18.188046467222158,14.651088225212405
2001-12-14,33.2,training,24.406523510581852,11.212783131284969,17.913408154296157,14.194025980871183
2001-12-15,32.6,training,24.058730989750874,10.779281069040824,17.64291686194561,13.751222465437396
2001-12-16,32.0,training,23.715894506083224,10.362538809940077,17.37650997043087,13.322232856892661
2001-12-17,32.0,training,23.377943436138498,9.961908396277627,17.114125805566257,12.906626210095645
2001-12-18,33.2,training,23.044808162859066,9.576766921310144,16.855703624442267,12.503985023872495
2001-12-19,32.0,training,22.716420061229105,9.206515560750415,16.60118360136337,12.113904821612477
2001-12-20,32.0,training,22.392711484138033,8.850578641705521,16.35050681399812,11.735993744947596
2001-12-21,33.2,training,22.07361574844538,9.955118197831588,16.103615229738416,12.615911034666734
2001-12-22,32.6,training,21.75906712124423,16.5001913031218,15.860451692264776,18.334659255911887
2001-12-23,33.8,training,21.4490008063204,15.862270559130163,15.620959908314372,17.76268259589029
2001-12-24,32.0,training,21.143352930804593,15.249012733776192,15.385084434648984,17.208549588976346
2001-12-25,31.4,training,20.842060532014766,14.659464323726663,15.152770665219663,16.671703576168944
2001-12-26,30.8,training,20.545061544485943,14.092708689436453,14.923964818525228,16.151605264263182
2001-12-27,31.4,training,20.252294787184915,13.547864629942316,14.698613925161656,15.647732184098816
2001-12-28,31.4,training,19.963699950907102,13.02408501275717,14.476665815559452,15.159578165709448
2001-12-29,31.4,training,19.679217585852985,12.5205554567346,14.258069107906223,14.686652829845197
2001-12-30,31.4,training,19.398789089381637,12.03649306585568,14.04277319625158,14.228481095358074
2001-12-31,33.2,training,19.122356693938702,12.158869277912954,13.83072823879167,14.254809970085423
2002-01-01,32.2,training,18.849863455156427,16.109118338036552,13.621885146330632,17.67317764784595
2002-01-02,32.0,training,18.581253240123303,15.48631702825383,13.416195570916253,17.121836879419956
2002-01-03,31.7,training,18.316470715820756,15.516219917665204,13.21361189464723,17.037959943085827
2002-01-04,31.4,training,18.055461337724772,17.125291745172454,13.014087218649465,18.22053406569509
2002-01-05,31.1,training,17.79817133856979,19.464167807061255,12.81757535221879,20.003173782805543
2002-01-06,30.8,training,17.544547717272845,20.05545407535941,12.62403080212765,20.513185064268214
2002-01-07,30.6,training,17.294538228015433,19.28008184180095,12.433408762093261,19.873246087726738
2002-01-08,30.3,training,17.04809136948102,18.534686595964352,12.245665102404772,19.253270948708003
2002-01-09,30.0,training,16.805156374245914,18.93034708718284,12.060756359707081,19.50659909487832
2002-01-10,29.7,training,16.565683198321306,21.827559111671903,11.878639726938916,22.03366502182326
2002-01-11,29.4,training,16.329622510844302,20.983674789833476,11.699273043422822,21.346292436856707
2002-01-12,29.1,training,16.096925683915945,20.172416229996262,11.522614785104826,20.680363450587677
2002-01-13,29.8,training,15.86754478258394,19.392522074034957,11.348624054941453,20.035209098417994
2002-01-14,29.1,training,15.641432554968214,18.642779729714245,11.17726057343191,19.410181285083947
2002-01-15,28.4,training,15.418542422527127,17.922023485330495,11.008484669293239,18.804652133606748
2002-01-16,27.0,training,15.198828470462422,17.229132697244026,10.842257270276255,18.218013354553346
2002-01-17,27.7,training,14.982245438260891,16.56303004748401,10.678539894120183,17.649675634974173
2002-01-18,26.3,training,14.768748710370827,15.922679868716818,10.517294639643877,17.099068046403804
2002-01-19,25.7,training,14.558294307011327,15.307086533973433,10.358484177971542,16.565637471329964
2002-01-20,25.7,training,14.35083887511258,14.7152929086323,10.202071743890972,16.048848047554625
2002-01-21,26.3,training,14.14633967938523,14.146378862250694,10.04802112734226,15.54818062988912
2002-01-22,26.3,training,13.94475459351704,13.599459837930826,9.896296665035036,15.06313226864244
2002-01-23,26.3,training,13.74604209149495,13.073685476996243,9.74686323219229,14.593215704378862
2002-01-24,27.0,training,13.550161239050851,12.568238296840203,9.599686234418842,14.137958878437365
2002-01-25,27.0,training,13.357071685229206,12.082332419890301,9.454731599692622,13.696904458721125
2002-01-26,25.1,training,13.166733654074882,11.615212351713126,9.311965770476863,13.269609380280652
2002-01-27,25.1,training,12.979107936439377,11.166151806359094,9.171355695951418,12.855644400229181
2002-01-28,25.1,training,12.794155881903857,10.734452577121159,9.03286882436135,12.454593666543067
2002-01-29,25.1,training,12.611839390817261,10.319443450951542,8.896473095481111,12.066054300314137
2002-01-30,25.7,training,12.432120906447865,9.920479164848679,8.76213693319245,11.689635991034269
2002-01-31,25.1,training,12.254963407246708,9.536939402591713,8.629829238174443,11.324960604505659
2002-02-01,25.1,training,12.080330399221218,9.16822783026264,8.499519380703882,10.971661802982933
2002-02-02,25.1,training,11.908185908417577,8.813771169056574,8.371177193564371,10.629384677165437
2002-02-03,25.1,training,11.738494473510151,8.473018303938403,8.244772965062516,10.297785389670121
2002-02-04,24.2,training,11.571221138496563,8.145439426760143,8.120277432149546,9.976530829626771
2002-02-05,24.7,training,11.406331445496837,7.830525212506482,7.997661773646822,9.66529827804868
2002-02-06,24.7,training,11.243791427655172,7.527786027387925,7.8768976035736085,9.363775083642533
2002-02-07,24.2,training,11.08356760214285,7.2367511675501115,7.757956964575633,9.07165834873194
2002-02-08,23.3,training,10.92562696326085,6.956968127215754,7.64081232145284,8.788654624978983
2002-02-09,24.2,training,10.769936975640784,6.688001895121225,7.525436554784893,8.514479618598216
2002-02-10,24.7,training,10.616465567542663,6.429434278153897,7.411802954652936,8.248857904766945
2002-02-11,24.2,training,10.465181124248229,6.180863251138636,7.2998852144561415,7.991522650944871
2002-02-12,24.2,training,10.316052481548379,5.941902331762449,7.189657424821631,7.742215348825227
2002-02-13,27.7,training,10.169048919323435,5.712179979665451,7.081094067606365,7.500685554648055
2002-02-14,26.3,training,10.024140155214871,5.491339018763811,6.9741700099895985,7.266690637614816
2002-02-15,27.7,training,9.881296338387225,5.279036081906505,6.8688604986545325,7.039995536151564
2002-02-16,26.3,training,9.740488043378901,5.07494107700245,6.7651411540578374,6.820372521775853
2002-02-17,27.7,training,9.601686264040604,4.878736673787886,6.662987964785695,6.607600970330167
2002-02-18,25.7,training,9.464862407560142,4.690117810436087,6.5623772819950625,6.401467140352048
2002-02-19,25.7,training,9.329988288572387,4.508791219242216,6.463285813938885,6.201763958358309
2002-02-20,24.2,training,9.19703612335315,4.334474970645888,6.3656906205739645,6.008290810827614
2002-02-21,24.7,training,9.065978524095815,4.166898034882458,6.269569108250256,5.820853342672459
2002-02-22,25.1,training,8.93678849326952,4.0057998605814955,6.174899024480353,5.639263261998132
2002-02-23,25.1,training,8.809439418057726,3.8509299696572454,6.081658452787956,5.463338150952498
2002-02-24,25.1,training,8.683905064876058,3.7020475678611726,5.989825807634124,5.292901282476595
2002-02-25,25.1,training,8.560159573968242,3.558921170391125,5.899379829420145,5.127781442771976
2002-02-26,25.1,training,8.438177454079065,3.4213282419749578,5.810299579565853,4.967812759306441
2002-02-27,26.3,training,8.317933577203242,3.289054850869041,5.72256443566228,4.812834534185375
2002-02-28,26.3,training,8.199403173409115,3.161895336233673,5.636154086697484,4.662691082721323
2002-03-01,27.0,training,8.082561825736102,5.355720177675743,5.551048528354473,6.4434590777297975
2002-03-02,27.0,training,7.967385465164871,5.148660457119196,5.467228058380138,6.24244589549259
2002-03-03,26.3,training,7.853850365659186,4.949605958354421,5.3846732720241,6.047703615102621
2002-03-04,26.3,training,7.741933139278395,4.758247188179344,5.303365057546448,5.859036606554232
2002-03-05,26.3,training,7.631610731359582,5.402259418967953,5.223284591793289,6.265665111138705
2002-03-06,27.0,training,7.522860415768363,8.747514145129115,5.144413335839127,8.847718310601683
2002-03-07,28.4,training,7.41565979021736,12.961701655441022,5.066733030695028,12.262534494391412
2002-03-08,27.7,training,7.309986771651386,12.460583928286416,4.990225693081599,11.87998669649656
2002-03-09,27.7,training,7.205819591698393,11.978840121558624,4.914873611265787,11.509373039764869
2002-03-10,28.4,training,7.1031367921852455,11.515721212079326,4.840659340960555,11.150321221111373
2002-03-11,29.1,training,7.001917220717384,11.544639253903146,4.767565701286458,11.142109510602918
2002-03-12,28.4,training,6.902140026321496,11.098307164373274,4.695575770794206,10.794515017871097
2002-03-13,28.4,training,6.803784655150261,10.669230904996496,4.624672883547291,10.457764246542526
2002-03-14,27.7,training,6.706830846248315,10.256743340961632,4.554840625263754,10.131518910780319
2002-03-15,27.7,training,6.61125862737854,9.860203129833316,4.4860628295162215,9.815451278071784
2002-03-16,28.4,training,6.517048310907839,12.222755055688978,4.4183235739893165,11.632621118275868
2002-03-17,33.7,training,6.424180489751533,21.04198208087204,4.351607176793586,18.839874093569556
2002-03-18,45.2,training,6.33263603337555,31.867028916267216,4.285898192835081,28.141134468365987
2002-03-19,44.2,training,6.242396083855584,33.250310841114896,4.221181410239759,35.95257928084729
2002-03-20,43.3,training,6.153442051992413,41.23843952366798,4.157441846831887,80.68590589224526
2002-03-21,49.4,training,12.788011422009076,61.49357141118817,11.042230057403552,54.00500808800764
2002-03-22,61.4,training,12.60578248936541,60.5419700859646,10.875493105231621,55.70738105601788
2002-03-23,67.0,training,12.426150315732713,60.561378467500965,10.71127387013994,55.99422719354116
2002-03-24,65.9,training,12.249077897341802,58.219989879973625,10.549534334765154,54.24740492629204
2002-03-25,60.3,training,12.074528757726549,57.13242931678668,10.3902370558036,53.40827048646002
2002-03-26,60.3,training,11.902466940209807,57.27282348337686,10.233345155343061,53.77417022787732
2002-03-27,56.9,training,11.732857000496429,57.720521695219865,10.07882231232538,54.40743014210293
2002-03-28,56.9,training,11.565663999371841,55.488964650397364,9.926632754138009,52.71011034255423
2002-03-29,59.2,training,12.41023613997802,53.63043057266985,10.78260976180639,51.154490924367494
2002-03-30,76.2,training,17.593994195764207,57.57204185964361,15.912492518899352,54.31008251473315
2002-03-31,79.7,training,17.34328009507808,60.01025577421627,15.672214921868031,56.73064011471545
2002-04-01,72.7,training,17.096138665815133,58.45903780568636,15.435565500847895,55.5662926871963
2002-04-02,67.0,training,16.852518997471876,56.2389904917125,15.202489470618296,53.83282046623006
2002-04-03,64.8,training,16.612370905018587,54.06471153962397,14.97293287321185,52.15342646059083
2002-04-04,62.5,training,16.375644918561292,52.14388661617078,14.746842565422948,50.544233884818716
2002-04-05,68.1,training,16.142292273151142,52.79999263259316,14.524166206504914,51.268283222174595
2002-04-06,75.0,training,15.912264898738904,54.89398903298277,14.304852246052926,53.2940980243789
2002-04-07,73.9,training,15.685515410272705,53.26286393964255,14.088849912069904,51.967769840316464
2002-04-08,73.9,training,15.4619970979368,51.32320952275189,13.876109199212607,50.34711669888587
2002-04-09,75.0,training,15.24166391752947,49.3389816188852,13.66658085721521,48.77646434864595
2002-04-10,78.5,training,17.733373984433985,49.873262671250416,16.12953486646667,48.980665463367046
2002-04-11,87.3,training,21.478524857539494,51.98369300813363,20.046643010453945,50.54580384912585
2002-04-12,105.0,training,27.769983155675604,57.30668848965296,26.494716329355498,54.61429218399367
2002-04-13,151.0,training,27.37426139542742,60.96201831300475,26.094647844416205,58.089164753713895
2002-04-14,151.0,training,30.225560515924382,62.090313050428925,28.813080170115242,59.14484920208346
2002-04-15,161.0,training,37.778408549915916,69.2993872547967,36.40301121405861,65.20808437989321
2002-04-16,164.0,training,39.460402151503416,67.87987378901327,37.878411108490425,64.18506229412358
2002-04-17,151.0,training,38.8980921309335,65.25554181648921,37.30644957639841,62.182714879762266
2002-04-18,148.0,training,38.343795018037945,64.08206883254567,36.743124626058886,61.21281783353444
2002-04-19,194.0,training,46.86745323351112,73.36654896929926,44.987756642597255,69.4963156903455
2002-04-20,239.0,training,55.8116287804283,82.83302983048675,53.74411202064627,77.85478203880449
2002-04-21,242.0,training,66.0360929684145,93.24300099053757,64.06591307770644,86.67113090992645
2002-04-22,278.0,training,75.78973251374684,102.69930332470979,73.95696390797474,94.66475398913006
2002-04-23,263.0,training,82.36846606822643,108.47454252860877,80.26911457779973,100.10413209394277
2002-04-24,230.0,training,81.19471690897281,106.13971184636817,79.05705619388043,98.53947797376199
2002-04-25,203.0,training,80.03769365411695,102.0362003958504,77.86329981234094,95.46539403770356
2002-04-26,185.0,training,78.8971579598222,98.09133650458841,76.68756907414152,92.48721067104381
2002-04-27,177.0,training,77.77287487864722,98.02080728615219,75.52959179324584,92.61110246134677
2002-04-28,159.0,training,76.66461281114755,96.33233932592121,74.38909989360894,91.51877876278087
2002-04-29,148.0,training,75.5721434581666,92.66645522705022,73.26582934711664,88.66371586385561
2002-04-30,141.0,training,74.49524177380665,89.08383894245456,72.15952011246196,85.89772085096442
2002-05-01,131.0,training,73.43368591907003,85.98121548576368,71.06991607494474,83.26617694678382
2002-05-02,122.0,training,72.38725721616073,82.77440521381737,69.99676498718,80.66856609849758
2002-05-03,112.0,training,71.35574010343744,80.54406625990512,68.93981841070183,78.8990086586677
2002-05-04,109.0,training,70.33892209100831,77.73544912049296,67.89883165844884,76.58818221584451
2002-05-05,114.0,training,69.98873993393335,74.73008665975065,67.49286663421722,74.19890123442575
2002-05-06,126.0,training,77.45964894369747,82.24297740200849,74.80591096837028,80.39475342706045
2002-05-07,128.0,training,80.16088048224182,83.2504152844332,77.3880956200637,81.27898888489214
2002-05-08,133.0,training,80.34123244417795,80.68199054405453,77.51521697070173,79.11058103841806
2002-05-09,151.0,training,86.53500130346201,86.43334599340892,83.66115045114695,83.85097931568879
2002-05-10,161.0,training,89.82099318434042,88.32081244110437,86.7934895487398,85.56407731173806
2002-05-11,154.0,training,89.6786718770886,85.40213124784997,86.61264781487046,83.13076925780344
2002-05-12,154.0,training,95.94483992406383,90.4894605915828,93.12077212517134,87.06105806722839
2002-05-13,183.0,training,108.23535774081033,103.82502857428942,105.67274299279602,97.87574990934988
2002-05-14,203.0,training,117.09874945519377,112.76013757626752,114.51680904790791,105.5744041934819
2002-05-15,188.0,training,115.43009438264649,111.9201342714246,112.78761271584084,105.3240318244742
2002-05-16,177.0,training,114.88376429841414,108.04992794192303,112.17342902084549,102.23952453469163
2002-05-17,174.0,training,120.67399812651726,113.19083379541775,117.66275807802513,106.91292770990488
2002-05-18,161.0,training,118.95439582474015,108.87874102443556,115.88605812121533,103.57762169460909
2002-05-19,159.0,training,117.25929782481914,104.66933483009404,114.1361862176323,100.34636545564956
2002-05-20,154.0,training,115.88617487430868,100.69793144890517,112.5958945395319,97.21591300722886
2002-05-21,148.0,training,114.55263878898143,96.80480692881848,111.14391438055529,94.18311962685038
2002-05-22,141.0,training,116.01111465996425,95.97032146027034,112.57599050968994,93.30204395260364
2002-05-23,146.0,training,121.08849025603477,99.68573233813945,117.88666951623443,96.20286100140504
2002-05-24,156.0,training,126.89499743282518,104.25508768764749,123.9609439820396,99.81446126146984
2002-05-25,156.0,training,132.91557659823684,109.11146273264305,130.18653679976626,103.48644833807316
2002-05-26,169.0,training,142.85474532804,119.98320134305331,140.64836934646698,112.10213431022422
2002-05-27,197.0,training,157.5103169367754,139.76390725567578,155.83409835486808,127.39123745686372
2002-05-28,197.0,training,162.90520244365194,143.7203425231756,161.06379125691657,130.96281760180372
2002-05-29,185.0,training,167.1483889732474,145.483930112825,165.49447193992395,132.575006392111
2002-05-30,188.0,training,174.5954389192724,151.2608348935369,173.3003602034692,137.4100885309592
2002-05-31,200.0,training,184.54106196022312,161.28378742913682,183.66519902991195,145.68507420751993
2002-06-01,206.0,training,196.46271213331542,173.19510926016542,195.6362380001614,155.52092155776663
2002-06-02,236.0,training,205.33907473893325,181.45674370665986,204.92353115779736,162.4076232118545
2002-06-03,251.0,training,216.97996410287394,194.98699807397736,217.04358490245906,173.5156087039503
2002-06-04,254.0,training,227.02960530113205,205.24232584039643,227.47471456251228,181.97360055359815
2002-06-05,251.0,training,236.61206418114122,214.45142229072016,237.40419226310877,189.63970264613744
2002-06-06,257.0,training,244.08670051915024,219.00880643981915,245.053778379839,193.76925836132173
2002-06-07,248.0,training,249.2717038109058,220.6336623884955,250.29544894040316,195.6421956931753
2002-06-08,245.0,training,259.92212528447175,232.25350817126434,261.439694870488,205.40617610764016
2002-06-09,257.0,training,271.28235398114964,244.72105338287034,272.86220665142014,216.39555744090092
2002-06-10,242.0,training,276.72117844359343,246.5543000503092,278.1722496694739,218.81626564242
2002-06-11,236.0,training,282.54612169251396,248.49585017056316,284.8341368257321,220.94411581424325
2002-06-12,233.0,training,290.68525082883576,247.90825331841143,301.793005595336,226.44059071935555
2002-06-13,242.0,training,300.68651272749906,241.9587939870433,307.4864495736519,236.79188303721452
2002-06-14,260.0,training,312.6205313438078,237.7533670666913,301.12520752666387,250.3455507652171
2002-06-15,269.0,training,310.3628898485245,237.73721169717078,282.58202662613934,243.09019620497344
2002-06-16,278.0,training,310.46696403331936,239.80207716307916,277.7775240710293,244.5225928118271
2002-06-17,263.0,training,308.7219643567558,234.96999769446367,276.2946096681063,240.48757098686212
2002-06-18,260.0,training,304.5702833121281,228.55953867623117,288.86598015004427,234.90460893142017
2002-06-19,266.0,training,300.23016225566533,224.28900854442176,291.9441791733074,234.78868336163504
2002-06-20,269.0,training,295.9518878461568,221.98366647125206,296.80929433619565,243.14938342604063
2002-06-21,272.0,training,291.7345787699963,221.84573121316845,304.67467118837374,264.0421462045263
2002-06-22,275.0,training,287.5773662722807,222.45224265843922,277.2845827065988,256.9799117393116
2002-06-23,278.0,training,287.93673928707636,232.0543016738919,256.7495542000279,231.91186437284387
2002-06-24,281.0,training,286.3981350407413,230.40327268077263,265.07221815866234,230.71465728520045
2002-06-25,265.0,training,282.3169667701384,224.8976838303917,268.6136692446835,226.88183063343175
2002-06-26,265.0,training,278.29395507395105,221.73171440132,274.70608959829076,231.2525239882933
2002-06-27,273.0,training,274.32827122204037,220.94164098984604,291.1000967756033,266.38558814689105
2002-06-28,288.0,training,270.4190982936571,223.87990568590067,296.3186436136972,294.367702423382
2002-06-29,294.0,training,266.56563100915776,227.8466954906161,279.7036452799767,265.34768003845966
2002-06-30,320.0,training,262.7670755641195,229.194626278023,256.9019215728575,244.43166004402846
2002-07-01,314.0,training,259.70286147174807,233.9734375957893,244.1597843976351,254.99349593158112
2002-07-02,311.0,training,264.72596892235237,247.34190064612812,245.16414381060017,237.34602841804164
2002-07-03,294.0,training,263.7275094249293,247.8017109451563,244.96974822010594,249.45584807599266
2002-07-04,283.0,training,260.2260888827557,243.30554589289,240.92626965241945,244.86835079314454
2002-07-05,275.0,training,256.9201940127558,239.30931805703636,240.6708302038922,248.69060234974714
2002-07-06,278.0,training,253.72755979095894,236.03735959313548,235.46148081073235,225.8560265240936
2002-07-07,273.0,training,251.89168938026057,235.22763342920493,235.14357813440506,224.96229892036513
2002-07-08,265.0,training,249.24488829581855,233.58560094389372,244.01168079021184,232.53969283698171
2002-07-09,257.0,training,245.98300660572662,232.90595919343704,243.86174914697267,237.64871286295525
2002-07-10,255.0,training,243.13415455018028,233.16842114064607,233.2219223055353,233.04064287884933
2002-07-11,252.0,training,242.179267160232,236.1324406250092,240.53231004664224,235.91850463259448
2002-07-12,252.0,training,238.72821696120891,234.9698077638014,242.6631575480323,243.8477803292567
2002-07-13,252.0,training,235.32634416542032,235.3591476263441,249.1370062584881,262.2982040573152
2002-07-14,260.0,training,231.97294799575508,237.23846684483811,252.03751253647687,276.62762807229933
2002-07-15,265.0,training,228.66733766116332,239.99440957836438,249.67721416573974,282.2215806049374
2002-07-16,270.0,training,225.40883221435507,243.17037692266467,248.5812191060136,291.5195747686878
2002-07-17,278.0,training,222.19676041152712,247.42974934016712,249.3726701248461,298.59123610793137
2002-07-18,291.0,training,219.03046057408832,274.4820166625009,250.9982218653882,318.2747988604845
2002-07-19,299.0,training,215.90928045235555,311.5852327312202,248.24126899163477,319.12486678971703
2002-07-20,302.0,training,212.83257709119187,277.9465111392273,220.60286556787293,284.6329879365098
2002-07-21,294.0,training,210.51267092607446,261.4700303005705,200.7078670592884,246.14202888717858
2002-07-22,281.0,training,208.43411286034268,241.69500271750647,184.7141753124664,234.5832208062346
2002-07-23,255.0,training,205.46393050284973,255.61338577086207,204.73931076830706,250.21469971499727
2002-07-24,242.0,training,202.5360731905027,262.6534785806203,217.8518050053025,259.1037352426153
2002-07-25,238.0,training,199.6499377921699,262.1734325682697,223.14739943746804,260.3499800726855
2002-07-26,235.0,training,196.80492977132738,259.25340147823863,225.71865710429614,259.03992614107483
2002-07-27,233.0,training,194.00046306358604,247.48771233312817,219.17182042756374,248.77394381955997
2002-07-28,230.0,training,191.2359599559637,225.24559460662618,201.88755969239753,227.92702404130785
2002-07-29,223.0,training,188.51085096787781,216.3730189491799,194.40442890536966,217.3334126267907
2002-07-30,216.0,training,185.82457473383388,210.30146279648525,188.8128328783826,210.17524845206535
2002-07-31,206.0,training,183.35742591468656,207.05401029271567,187.22178510625494,206.9423567679807
2002-08-01,202.0,training,182.3212054165589,211.25763802755023,191.6191030205755,210.6706789763277
2002-08-02,195.0,training,180.35903071822386,210.51903289137962,192.83778769170905,210.2623062617658
2002-08-03,191.0,training,179.07652216345372,208.91939783657585,191.72144555123214,208.81273503628438
2002-08-04,182.0,training,177.93286028907656,207.4569644716487,190.59101667977478,207.444850537407
2002-08-05,173.0,training,175.568363675541,214.06146843161287,199.77434036831235,214.36527228208791
2002-08-06,180.0,training,173.0665176525131,214.25739119306837,203.8953671227164,215.7269506916976
2002-08-07,180.0,training,170.6003228902927,211.0453885610761,204.40579020419182,213.5989000652881
2002-08-08,180.0,training,168.16927135905482,209.48688498950654,206.31297676788103,212.98419132833064
2002-08-09,178.0,training,165.77286226839033,214.42328519636575,214.5730243464706,218.83476774406006
2002-08-10,182.0,training,163.41060196414452,210.41871480525523,213.73626321592363,215.6969427307615
2002-08-11,184.0,training,161.0820038267254,197.58676648453695,203.9017310389809,203.66587010052967
2002-08-12,186.0,training,158.78658817086142,169.6051984332876,178.7544972596294,176.4228641881898
2002-08-13,184.0,training,156.52388214678754,152.55698918460305,164.29559386272618,159.96532648019829
2002-08-14,184.0,training,154.2934196428394,122.58285974747619,136.18101103288734,129.94573727340077
2002-08-15,167.0,training,152.09474118943538,133.230154828829,141.38894651812902,134.6827796040348
2002-08-16,152.0,training,149.92739386442722,147.80460464193783,157.3445590257781,149.3740493792971
2002-08-17,144.0,training,147.79093119979902,161.96598037401375,173.9900761348492,164.31915029520644
2002-08-18,142.0,training,145.68491308969624,160.02340686136483,174.39252392525498,163.10365967524038
2002-08-19,140.0,training,143.60890569976465,158.99408815174837,175.204049357306,162.37670706083708
2002-08-20,140.0,training,141.56248137778186,137.88833757404035,156.10276596356215,141.81348940896171
2002-08-21,136.0,training,139.54521856556198,130.35177333721427,147.26998215997784,132.1203837162845
2002-08-22,130.0,training,137.55670171211565,137.77081715819247,156.67892284878226,140.19564700755367
2002-08-23,127.0,training,135.5965211880476,143.6786399208418,164.45978634410912,146.711714015287
2002-08-24,126.0,training,133.6642732011741,144.3206339858704,166.8630856785845,147.9165370818856
2002-08-25,123.0,training,131.7595597133428,134.06769513623334,158.26463023168796,138.1834509999936
2002-08-26,122.0,training,129.88198835843787,115.59618394710753,141.3454952430098,120.19113974572868
2002-08-27,120.0,training,128.03117236155342,122.43030916438471,149.63441301711907,127.46602499166852
2002-08-28,117.0,training,126.2067304593192,119.77658886818175,148.34224160882727,125.21673218560612
2002-08-29,115.0,training,124.40828682136106,105.87839675567663,135.71651833496148,111.68864153850453
2002-08-30,114.0,training,122.63547097288085,91.86667500022376,121.9230258866966,97.04545169309938
2002-08-31,110.0,training,120.88791771833971,91.13705335651842,119.7000623609338,94.15179979403682
2002-09-01,108.0,training,119.1652670662286,81.19308010422652,110.80199677881248,84.49940095364018
2002-09-02,101.0,training,117.46716415491102,66.89205094101897,94.34086315405091,68.04819111228774
2002-09-03,95.3,training,115.79325917952237,71.23660227103102,95.46116017056373,70.76287336735915
2002-09-04,90.9,training,114.14320731991114,69.20327563769779,94.21072152787036,68.86746759522048
2002-09-05,98.8,training,112.51666866960672,75.41052462056047,100.64554726864316,75.0248855092763
2002-09-06,86.6,training,110.9133081657996,62.77397719053914,87.96907966420228,62.23282302334446
2002-09-07,82.4,training,109.33279552031932,65.00511331382943,86.64075231073038,63.77468037623634
2002-09-08,80.3,training,107.77480515159587,78.46922934861162,106.84970875666119,76.72125002261208
2002-09-09,79.2,training,106.23901611759071,88.90835334705659,111.20163186414544,88.35244349693527
2002-09-10,78.2,training,104.72511204968362,85.68354381039963,109.09513293090558,85.60594184337936
2002-09-11,77.1,training,103.23278108750155,86.17526474756033,110.63202810606045,86.54322756891153
2002-09-12,77.1,training,101.76171581467611,92.34639758545134,117.77847787346083,93.1288925768193
2002-09-13,76.0,training,100.31161319551664,99.29687730325904,125.6375626786062,100.46450232383769
2002-09-14,76.0,training,98.88217451258565,86.79084429829187,113.9764400622413,88.31575121154107
2002-09-15,76.0,training,97.4731053051637,64.90658451174305,92.87628984865451,66.76240608784954
2002-09-16,75.0,training,96.08411530859134,63.760683360479284,89.37524359076068,63.33377238648663
2002-09-17,73.9,training,94.7149183944753,59.09945476075679,85.50386036420252,59.058649572441425
2002-09-18,72.9,training,93.36523251174675,72.42204696555974,99.55888139693077,72.74088992627053
2002-09-19,71.8,training,92.03477962855952,78.99543217184156,106.80990457710939,79.64884823741228
2002-09-20,71.8,training,90.72328567501624,83.40303536151877,111.84287293607076,84.36726740582795
2002-09-21,70.7,training,89.43048048671065,73.14876881185135,102.16411341282567,74.40131580285744
2002-09-22,69.7,training,88.1560977490744,57.13220554489116,86.67551439177284,58.65176345001848
2002-09-23,68.6,training,86.899874942517,54.02926066018269,84.05521096422687,55.79566596495758
2002-09-24,67.6,training,85.66155328834733,50.50343920496073,80.96883657419339,52.497614933615615
2002-09-25,67.6,training,84.44087769546601,58.040171511286246,88.90386198377814,60.2440756426717
2002-09-26,66.5,training,83.23759670781723,45.65498371722081,76.87776928104557,48.05155989379885
2002-09-27,64.4,training,82.0514624525894,40.515536656774124,71.01023715815606,42.03881012631937
2002-09-28,62.3,training,80.88223058915415,48.70434804453782,77.90151322793749,48.80517061521286
2002-09-29,61.3,training,79.72966025873254,57.86503826675901,87.17902552400143,57.97719788842234
2002-09-30,61.3,training,78.59351403477893,53.122267316021414,82.76360547919246,53.47488265711857
2002-10-01,60.3,training,77.47355787407177,47.799642604344186,77.73361978556255,48.375780661021786
2002-10-02,59.2,training,76.3695610685011,50.963032496830245,81.15661186366046,51.746653155511666
2002-10-03,59.2,training,75.28129619754343,56.245774628143984,86.66752461462869,57.22168871299332
2002-10-04,58.2,training,74.20853908141356,58.70730743243463,89.32733472420416,59.86113660662145
2002-10-05,57.1,training,73.15106873488433,68.53816712567776,99.32805231074035,69.85630556753894
2002-10-06,57.1,training,72.10866732176399,45.65326189881653,76.58599767984094,47.12283967728777
2002-10-07,57.1,training,71.08112011002262,23.873937615260203,54.88923812501674,25.44815433390126
2002-10-08,56.1,training,70.06821542755787,28.164698824063635,54.84060871269632,26.019330764596315
2002-10-09,55.1,training,69.06974461859106,39.00843998725991,65.92676484161748,37.13442364017115
2002-10-10,54.0,training,68.08550200068456,29.135501752642917,56.26763602519959,27.516468588795444
2002-10-11,54.0,training,67.1152848223718,27.3760232327982,54.69475773068924,25.99642091667348
2002-10-12,53.0,training,66.15889322139098,25.11215064312798,50.86839489189097,22.483430314071445
2002-10-13,53.0,training,65.21613018351387,26.757861448304464,50.100285453665194,21.782026639349528
2002-10-14,62.3,training,68.79897649274012,41.85567253396268,55.03989901466305,34.09193073633533
2002-10-15,60.3,training,75.24120141508152,51.3679468784555,61.21365209408321,42.840898109877045
2002-10-16,59.2,training,74.16901564888026,53.8506971946967,60.289329948246646,45.44541416456658
2002-10-17,51.9,training,73.11210851055341,51.76875304096983,59.378965006400634,44.02767763375184
2002-10-18,54.0,training,72.07026227992868,50.79066817847968,58.48234651567713,43.39910874727811
2002-10-19,53.0,training,71.04326233934238,51.24575535329718,57.599266905562615,44.13225087537872
2002-10-20,51.9,training,70.03089712942858,49.272829938829375,56.72952173984477,42.75548040462156
2002-10-21,50.9,training,69.03295810553855,47.3678726110192,55.87290966928472,41.42166031349721
2002-10-22,49.9,training,70.34019439435411,47.50932598677656,57.39975553628752,41.5929183603418
2002-10-23,48.8,training,71.54417295062167,47.538254722759696,58.814246291741455,41.67340788024644
2002-10-24,46.7,training,70.52466977351101,45.7003585272732,57.926155016700584,40.37334463290929
2002-10-25,45.7,training,69.51969449832825,43.9335179993766,57.051473861869205,39.11383877055812
2002-10-26,45.7,training,68.52904010273232,42.23498602641517,56.19000033530864,37.8936250459211
2002-10-27,44.7,training,67.55250251444686,40.60212170299671,55.341535002695196,36.711477682975826
2002-10-28,43.7,training,66.58988056922166,39.03238622486839,54.505881441150464,35.56620914558563
2002-10-29,42.7,training,65.6409759693936,37.52333894154228,53.682846193768654,34.45666894455015
2002-10-30,41.7,training,64.70559324303754,36.1355536274919,52.87223872483061,33.381742481871626
2002-10-31,40.7,training,63.783539703699894,34.91550261356061,52.07387137569408,32.34034993107604
2002-11-01,39.8,training,62.874625410705455,33.56561987614831,51.28755932135006,31.331445152464358
2002-11-02,39.8,training,61.9786631300303,32.267925515484635,50.513120527635074,30.35401464220397
2002-11-03,39.8,training,63.11209601937904,32.70633370212229,51.70898979976836,30.666274993962286
2002-11-04,38.9,training,64.50694337146935,33.313334619699106,53.21768213714944,31.01833611940546
2002-11-05,38.9,training,63.587720589226834,32.90800240520649,52.41409861506429,30.050673505916535
2002-11-06,38.1,training,62.68159671508988,32.55845282135339,51.62264915164225,29.498001527858566
2002-11-07,38.1,training,61.788385089853705,31.299696964196453,50.84315052339056,28.577767987888297
2002-11-08,38.1,training,60.90790171420383,30.089606389650484,50.07542227347922,27.68624248657233
2002-11-09,37.2,training,60.039965210812674,29.031710901930435,49.31928666996458,26.82252943442431
2002-11-10,37.2,training,59.18439678697636,27.90930387781274,48.57456866464373,25.985761181189066
2002-11-11,36.3,training,58.34102019778377,26.830290697483452,47.84109585253015,25.175097144237153
2002-11-12,35.5,training,57.50966170981063,25.79299369353827,47.11869843194139,24.389722964150508
2002-11-13,35.5,training,56.69015006533083,25.05808256481932,46.40720916518927,23.62884968665076
2002-11-14,35.5,training,55.88231644703778,25.321464808273593,45.70646333986381,23.720263722960233
2002-11-15,38.1,training,55.08599444326846,29.8374564933147,45.016298730701614,27.86685891904998
2002-11-16,34.7,training,54.30102001372306,28.831560309615668,44.3365555620302,27.066231472276943
2002-11-17,34.7,training,53.52723145567308,27.716891390615313,43.66707647077926,26.22186057556162
2002-11-18,33.9,training,52.764469370651,26.645317149309903,43.00770647005058,25.403831070774093
2002-11-19,33.9,training,52.01257663161461,25.61517148447964,42.358292913238,24.611321199453254
2002-11-20,33.1,training,51.2713983505792,24.62485270873544,41.71868545868911,23.843534839101736
2002-11-21,33.1,training,50.54078184671104,23.672821058189125,41.088736034900634,23.099700703434312
2002-11-22,33.1,training,49.820576614875584,22.75759629840323,40.468298806239304,22.379071567575764
2002-11-23,32.3,training,49.11063429463371,21.877755422898222,39.85723013918041,21.680923517429765
2002-11-24,31.5,training,48.41080863967988,21.031930440638657,39.255388569056045,21.004555222464887
2002-11-25,31.5,training,47.720955487715806,20.218806249058275,38.66263476730558,20.349287231187077
2002-11-26,31.5,training,47.04093273075332,19.43711858931691,38.078831509220514,19.714461288590872
2002-11-27,31.5,training,46.37060028584056,18.685652080610144,37.50384364217649,19.099439674903817
2002-11-28,32.3,training,45.70982006620519,17.96323833047523,36.93753805434494,18.503604564959637
2002-11-29,30.8,training,45.05845595280889,17.26875411815535,36.37978364387722,17.92635740755674
2002-11-30,30.8,training,44.416373766307224,16.601119648197532,35.830451288554,17.367118324178545
2002-12-01,30.1,training,43.783441239408944,15.95929687156895,35.28941381589306,16.82532552647163
2002-12-02,30.8,training,43.15952798962935,15.342287871681261,34.75654597370833,16.300434751896468
2002-12-03,29.4,training,42.54450549243182,14.749133312813504,34.23172440111357,15.791918716983885
2002-12-04,29.4,training,41.93824705475204,14.178910948521175,33.714827599963854,15.299266587647994
2002-12-05,28.7,training,41.340627788899596,13.630734187712315,33.2057359067283,14.821983466023513
2002-12-06,28.4,training,40.7515245868314,13.103750716161134,32.70433146478755,14.359589893311886
2002-12-07,28.1,training,40.170816094791775,12.597141171315863,32.21049819714945,13.911621368136922
2002-12-08,27.8,training,39.59838268831388,12.11011786834039,31.72412177957687,13.477627879925993
2002-12-09,27.6,training,39.034106447577365,11.64192357540898,31.245089614121195,13.057173456848112
2002-12-10,27.3,training,38.47787113311722,11.19183033634977,30.77329080305545,12.649835727854734
2002-12-11,27.0,training,37.929562161878685,10.759138338806586,30.308616123201112,12.25520549838335
2002-12-12,26.7,training,37.389066583613484,16.90166007203738,29.850958000642507,17.649015423214628
2002-12-13,26.4,training,36.85627305761236,18.02740515711225,29.400210485823045,18.625205946894287
2002-12-14,26.1,training,36.33107182976915,17.330440164476798,28.95626922901753,18.04416525554444
2002-12-15,25.8,training,35.813354709971726,16.660420824680788,28.519031456174798,17.481250983089875
2002-12-16,25.6,training,35.3030150498151,16.016305380656608,28.08839594512513,16.935897649234878
2002-12-17,25.3,training,34.79994772063216,15.397092351139023,27.664263002146964,16.407557414673207
2002-12-18,25.0,training,34.30404909183739,14.80181897354562,27.246534438887405,15.895699530751461
2002-12-19,24.7,training,33.81521700957926,14.229559707057765,26.835113549631288,15.399809806301063
2002-12-20,24.2,training,33.333350775696786,13.679424793574528,26.42990508891341,14.919390091103159
2002-12-21,24.2,training,32.85835112697597,13.150558874302206,26.030815249468876,14.453957775467577
2002-12-22,24.2,training,32.39012021470182,12.6421396598284,25.637751640516356,14.003045305423209
2002-12-23,24.7,training,31.92856158450176,12.153376651612964,25.25062326636928,13.566199713032697
2002-12-24,24.2,training,31.47358015647633,11.6835099129079,24.86934050537,13.142982161359665
2002-12-25,23.8,training,31.025082205612872,11.231808887195198,24.493815089142043,12.732967503631357
2002-12-26,23.8,training,30.58297534247851,10.79757126230561,24.12396008215565,12.33574385615385
2002-12-27,25.1,training,30.14716849418811,10.380121878452131,23.759689861601878,11.950912184550809
2002-12-28,23.8,training,29.717571885643515,9.978811678480493,23.400920097570594,11.578085902910114
2002-12-29,27.7,training,29.2940970210401,9.59301669870445,23.047567733527817,11.216890485435734
2002-12-30,23.8,training,28.87665666563686,9.222137098756786,22.699550967087784,10.866963090214645
2002-12-31,22.9,training,28.46516482778629,8.865596228947672,22.356789231075417,10.527952194720925
2003-01-01,23.3,training,28.059536741220306,8.522839733680264,22.01920317487471,10.199517242690836
2003-01-02,23.3,training,27.65968884758862,8.193334689529523,21.686714646058785,9.881328302014131
2003-01-03,23.3,training,27.265538779245933,7.876568776644119,21.359246672297296,9.573065733297971
2003-01-04,23.3,training,26.877005342284402,7.572049482183123,21.036723443537042,9.274419868770472
2003-01-05,23.3,training,26.49400849980793,7.279303334548951,20.719070294451694,8.98509070120131
2003-01-06,23.3,training,26.116469355444725,6.997875167225961,20.406213687156452,8.70478758252693
2003-01-07,23.3,training,25.744310137094885,6.727327411080079,20.098081194183774,8.43322893187757
2003-01-08,22.9,training,25.377454180909538,6.467239414019124,19.794601481716146,8.170141952712825
2003-01-09,23.1,training,25.01582591549826,6.217206786956031,19.49570429307205,7.915262358781559
2003-01-10,23.3,training,24.65935084636161,5.976840775058068,19.20132043244124,7.668334108630922
2003-01-11,23.5,training,24.307955540545393,5.745767653304428,18.911381748865697,7.429109148397744
2003-01-12,23.7,training,23.96156761151371,5.523628145412444,18.62582112046242,7.197347162623928
2003-01-13,23.9,training,23.620115704237488,5.310076865228925,18.344572438884445,6.972815332845521
2003-01-14,26.2,training,23.283529480495528,5.104781779718082,18.067570594016523,6.7552881037129495
2003-01-15,24.3,training,22.951739604385033,4.90742369271114,17.794751458901903,6.544546956407502
2003-01-16,22.5,training,22.624677728038556,4.717695748614867,17.52605187489668,6.34038018912638
2003-01-17,25.7,training,22.302276477544552,10.067926383832235,17.261409637048345,10.946021560419776
2003-01-18,23.4,training,21.98446943906848,15.99167275710385,17.00076347969511,16.00371129588143
2003-01-19,23.9,training,21.671191145171765,17.439021804615624,16.744053062282674,17.14303536051956
2003-01-20,24.8,training,21.362377061325642,16.764804544965912,16.491218955395162,16.60823316041975
2003-01-21,25.7,training,21.05796357261722,16.116653478609752,16.242202626996992,16.09011490147836
2003-01-22,26.2,training,20.75788797064498,15.493560849630045,15.996946428882495,15.588160103614104
2003-01-23,25.3,training,20.462088440600994,14.894557863379472,15.755393583330147,15.101864523887302
2003-01-24,24.8,training,20.170504048537232,14.318713180182625,15.5174881699583,14.630739649958358
2003-01-25,23.9,training,19.88307472881332,13.765131467273829,15.28317511277941,14.174312209348555
2003-01-26,23.4,training,19.599741271723193,13.232952006719048,15.05240016744976,13.732123694010195
2003-01-27,23.4,training,19.32044531129802,12.721347357157518,14.825109908711664,13.303729899728431
2003-01-28,23.9,training,19.04512931328298,12.229522067282325,14.601251718025342,12.8887004798922
2003-01-29,23.9,training,18.773736563285347,11.756711439059677,14.380773771387528,12.486618513185872
2003-01-30,24.3,training,18.506211155091478,11.302180338763828,14.163625027334009,12.097080084767414
2003-01-31,23.4,training,18.24249797915026,10.865222053979107,13.949755215123355,11.71969388051233
2003-02-01,23.0,training,17.982542711220688,10.445157194791847,13.73911482309904,11.354080793915726
2003-02-02,23.0,training,17.72629180118123,10.0413326374638,13.531655087227321,10.999873545257682
2003-02-03,23.4,training,17.4736924619986,9.65312050894463,13.32732797980817,10.6567163126493
2003-02-04,23.4,training,17.2246926588538,9.279917210644577,13.126086198356695,10.3242643745888
2003-02-05,23.4,training,16.979241098423074,8.921142479949474,12.927883154652436,10.002183763668635
2003-02-06,23.4,training,16.73728721831159,8.576238488018904,12.732672963954016,9.690150931085686
2003-02-07,23.9,training,16.49878117663774,8.24466897246476,12.540410434376652,9.387852421617593
2003-02-08,23.4,training,16.26367384176583,7.925918403561695,12.351051056430064,9.094984558738657
2003-02-09,23.0,training,16.031916782185096,7.619491182693021,12.164550992714377,8.811253139559
2003-02-10,23.0,training,15.803462256532919,7.3249108717858595,11.980867067771579,8.536373139280583
2003-02-11,23.0,training,15.578263203760258,7.041719452537404,11.799956758090255,8.27006842487312
2003-02-12,23.4,training,15.356273233437154,6.769476614280543,11.621778182261238,8.012071477682312
2003-02-13,23.4,training,15.137446616196447,6.507759069381606,11.446290091281897,7.762123124691714
2003-02-14,22.5,training,14.921738274313642,6.2561598951058,11.273451859006844,7.519972278168295
2003-02-15,23.0,training,14.709103772420999,6.014287900927074,11.10322347274283,7.28537568343012
2003-02-16,23.0,training,14.499499308353977,5.781767020298652,10.935565523985668,7.058097674482817
2003-02-17,23.4,training,14.292881704128082,5.558235725938603,10.770439199297,6.837909937279294
2003-02-18,23.0,training,14.089208397044326,5.343346467721286,10.60780627131885,6.62459128036494
2003-02-19,24.8,training,13.888437430921417,5.136765132300711,10.447629089923856,6.417927412677869
2003-02-20,23.4,training,13.69052744745289,4.938170523625624,10.289870573499112,6.2177107282810296
2003-02-21,23.4,training,13.495437677687406,4.747253863538606,10.134494200361647,6.023740097809897
2003-02-22,22.1,training,13.303127933630444,4.563718311682748,9.981464000303514,5.835820666426274
2003-02-23,22.5,training,13.11355859996568,4.387278503969359,9.830744546264556,5.653763658075209
2003-02-24,24.3,training,12.92669062589435,4.217660108889227,9.682300946130907,5.477386185848416
2003-02-25,23.9,training,12.742485517090849,4.0545994009774695,9.536098834657343,5.306511068263681
2003-02-26,23.4,training,12.560905327773028,3.8978428507688525,9.392104365511592,5.140966651275708
2003-02-27,23.4,training,12.38191265288546,3.7471467306060204,9.250284203438797,4.980586635839592
2003-02-28,24.3,training,12.205470620394067,3.6022767356877337,9.110605516544258,4.825209910853709
2003-03-01,23.4,training,12.031542883690609,3.463007619767912,8.973035968692749,4.67468039131419
2003-03-02,23.4,training,11.860093614105347,3.3291228449390835,8.837543712022566,4.52884686151842
2003-03-03,23.4,training,11.691087493526451,3.2004142449556823,8.704097379572639,4.387562823160012
2003-03-04,23.0,training,11.524489707124543,3.076681701573758,8.57266607802096,4.250686348162705
2003-03-05,23.0,training,11.360265936180939,2.957732833403844,8.443219380532662,4.118079936105304
2003-03-06,23.0,training,11.198382351018077,2.8433826967932156,8.315727319716098,3.9896103760944777
2003-03-07,23.0,training,11.038805604030697,2.7334534982724623,8.190160380685276,3.865148612946618
2003-03-08,23.4,training,10.881502822816307,2.6277743181192843,8.06648949422705,3.7445696175443746
2003-03-09,23.9,training,10.726441603403561,2.5261808446097005,7.944686030071499,3.627752261237589
2003-03-10,23.4,training,10.573590003577124,2.4285151185434843,7.824721790263902,3.5145791941624873
2003-03-11,23.4,training,10.422916536297652,2.3346252876466087,7.706569002636811,3.4049367273568794
2003-03-12,23.0,training,10.27439016321555,2.2443653704688336,7.590200314380694,3.2987147185529544
2003-03-13,23.0,training,10.127980288277135,2.1575950294093538,7.475588785711652,3.195806461532928
2003-03-14,24.3,training,9.983656751421954,5.081433135765124,7.362707883634767,5.607355116950236
2003-03-15,27.1,training,9.841389822369857,13.952970991844609,7.251531475801604,12.980360925818168
2003-03-16,26.6,training,9.701150194496666,13.41352938947196,7.142033824460489,12.575419476697412
2003-03-17,26.6,training,9.562908978797058,12.894943362771365,7.034189580498107,12.183110771623847
2003-03-18,27.1,training,9.42663769793352,12.558073775559341,6.927973777571104,11.856544132213584
2003-03-19,27.7,training,9.292308280370092,16.130185557850634,6.823361826326278,14.84677772692618
2003-03-20,27.1,training,9.159893054589686,16.85370028059306,6.72032950870805,15.437622290453115
2003-03-21,29.4,training,9.029364743393842,21.95204311488135,6.6188529723519025,19.763366636665566
2003-03-22,32.1,training,8.900696458283686,28.850991919674986,6.518908725062459,25.376930070821913
2003-03-23,34.3,training,8.773861693920967,38.702628687335604,6.420473629374957,36.16269234985475
2003-03-24,39.6,training,8.648834322668026,45.19527258550238,6.323524897198846,48.39724677946139
2003-03-25,47.7,training,8.525588589205578,52.96415117347292,6.228040084542246,45.35951817674685
2003-03-26,43.6,training,8.404099105227164,56.6437629858723,6.133997086316093,54.53495851513545
2003-03-27,44.4,training,8.284340844209241,63.553230182488626,6.041374131216719,104.12152048623301
2003-03-28,54.3,training,17.231987451713206,83.49653586283677,14.686574889758276,69.7015217581379
2003-03-29,50.1,training,16.986431940615496,84.4924186095625,14.464808568803821,70.90169739239182
2003-03-30,46.0,training,16.74437559113217,83.44398541175495,14.24639090480164,70.42983553424742
2003-03-31,43.6,training,16.505768540273177,85.75374148748409,14.031271333250611,72.87006289899107
2003-04-01,40.4,training,16.2705616355952,82.43838049773528,13.819400053170282,70.59677411784892
2003-04-02,38.1,training,16.03870642507634,79.25119605517484,13.610728015571745,68.39440392352932
2003-04-03,36.5,training,15.810155147135148,76.18723267311518,13.40520691210262,66.26073990641737
2003-04-04,36.5,training,15.584860720791843,73.24172645099627,13.20278916386349,64.19363867626977
2003-04-05,37.3,training,15.36277673596976,70.41009766739471,13.00342791039321,62.191023709054264
2003-04-06,41.2,training,15.143857443934994,71.84257657648746,12.807076998820536,63.84686337476943
2003-04-07,42.8,training,14.928057747872279,80.44258322339172,12.613690973179564,71.54694518805466
2003-04-08,47.7,training,28.421930561441336,106.38362045349447,25.57130888128246,146.4137422298831
2003-04-09,59.4,training,36.44874063231942,114.52217236223788,33.735262131628026,108.93213886843033
2003-04-10,69.6,training,44.43344513749548,120.50645612882631,41.72819469580013,114.46143567189462
2003-04-11,82.2,training,48.62453779642432,121.34780650910037,45.86336416691862,115.40351644430905
2003-04-12,88.7,training,49.20969672838947,117.24218807702397,46.44049580507749,112.13980507543808
2003-04-13,88.7,training,54.24446065769016,118.88990684152883,51.72538392446394,113.46152756882643
2003-04-14,119.0,training,65.05178002188865,129.46699246863628,62.200561777083216,122.84915862234192
2003-04-15,108.0,training,64.12479332718199,127.46947268260502,61.26133735953549,121.61652843296815
2003-04-16,93.5,training,63.21101617619377,124.29014155665523,60.3362951693072,119.29948971519003
2003-04-17,79.7,training,62.31026033316377,119.48490881019328,59.42522105569271,115.57776668139151
2003-04-18,71.4,training,61.42234024468783,115.4872543390063,58.527904101648076,112.38949122744374
2003-04-19,67.9,training,60.5470730014946,112.48600191741382,57.64413657496294,110.15399157741892
2003-04-20,63.7,training,59.68427830076645,109.59180349258345,56.77371388016973,107.94318698135446
2003-04-21,60.3,training,58.833778408997716,105.35482929422085,55.91643451117907,104.57574051289753
2003-04-22,59.4,training,57.99539812538195,101.33890525002329,55.07210000463034,101.31334648948175
2003-04-23,67.9,training,61.67406374437954,102.52011703553619,58.67182268974655,102.27529872046148
2003-04-24,125.0,training,75.56339160640674,118.1800020585386,72.25309105608743,116.08813441535506
2003-04-25,135.0,training,77.54180442893649,115.28844705775154,73.98987498255923,113.85087025910018
2003-04-26,123.0,training,76.43683511118708,110.8312325582562,72.87263270613134,110.29912492244472
2003-04-27,121.0,training,77.90531854569087,108.80884046053085,74.40775337546819,108.51639671547109
2003-04-28,129.0,training,86.76421700332143,116.1562831414303,83.75069233825901,114.23629028245588
2003-04-29,143.0,training,97.78342127939337,127.53926523317747,95.36717828951043,123.14301901886188
2003-04-30,163.0,training,106.2845555122709,133.9763589410331,104.2862043986601,128.28265602579523
2003-05-01,154.0,training,108.62257678617061,130.19126371281797,106.30499914472725,124.57233736847674
2003-05-02,133.0,training,107.07470702162838,125.48377542333446,104.69980060549311,120.88423515175995
2003-05-03,119.0,training,105.54889437337701,121.0446477508299,103.1188404592893,117.39646522347313
2003-05-04,112.0,training,104.04482452790624,116.38825240991706,101.56175270796525,113.73410983744589
2003-05-05,112.0,training,102.56218765066774,111.88851787925293,100.02817687991849,110.1860070138619
2003-05-06,107.0,training,101.10067832224988,109.05567324614553,98.51775794664427,107.79674799141218
2003-05-07,105.0,training,99.65999547546214,104.83942660174888,97.03014624054494,104.43386990261233
2003-05-08,114.0,training,103.53873043000009,106.49643687555114,101.09482600007836,105.59288868603592
2003-05-09,127.0,training,110.22312044303845,111.67916669431973,108.12052974949435,109.59163795442426
2003-05-10,143.0,training,119.80427095978439,120.05434427870695,118.04597950471934,116.19826678526411
2003-05-11,129.0,training,118.0970622544825,117.78889265716653,116.26349292941292,114.07926147212595
2003-05-12,119.0,training,116.41418124250997,113.23500739260025,114.50792178489436,110.5203911356883
2003-05-13,117.0,training,114.75528125467464,108.85718177623184,112.77885964991796,107.07254499337795
2003-05-14,119.0,training,114.97940909520035,106.11899753211925,112.86536917460525,104.76147480746832
2003-05-15,125.0,training,117.8402812524182,106.61888277542397,115.74016563118168,104.92514092079713
2003-05-16,131.0,training,117.68443448989505,103.41415929226888,115.50917470926,102.242139848474
2003-05-17,127.0,training,118.10477746161355,101.1183141116996,115.82418543363227,100.1066457499029
2003-05-18,131.0,training,119.9122059889815,100.62456497145456,117.6801960300317,99.56750557649761
2003-05-19,141.0,training,123.17108327340385,101.98785711478453,121.06465447068217,100.52207109496588
2003-05-20,156.0,training,127.92580036822763,105.24620466980177,126.03097458040902,103.00378741538297
2003-05-21,165.0,training,135.48480609278454,111.97130682582394,133.95180861907787,108.2889737755204
2003-05-22,172.0,training,143.50707504241652,119.02374429527035,142.31760049401547,113.91528927159736
2003-05-23,185.0,training,150.0250149277919,124.10785664446244,149.10308257434508,117.99431447085304
2003-05-24,197.0,training,157.95404796860703,131.18944695904307,157.10881058395424,122.98296235570221
2003-05-25,209.0,training,168.8829321390778,142.49546425755875,168.1246919830646,132.03159703364858
2003-05-26,209.0,training,179.66838977156405,153.45975938231055,178.9495808420906,141.48645701241782
2003-05-27,224.0,training,191.8696146118238,166.1697009499411,191.17035194873964,152.52655547822735
2003-05-28,214.0,training,194.6433649924956,165.7859101838817,193.92459342789317,152.41513928227732
2003-05-29,212.0,training,198.29439127340254,166.53774032887077,197.61710902163858,153.18131874944748
2003-05-30,207.0,training,203.18015718452926,169.45656645097353,202.33567762168676,156.10585061701687
2003-05-31,199.0,training,212.37519200795893,178.52143194184205,211.9784704918663,164.92884281965308
2003-06-01,199.0,training,226.91205537312453,197.79717858185614,227.0682668759886,178.8989177891495
2003-06-02,209.0,training,238.20928193565362,210.73310512143476,238.79066767627793,191.16380759528175
2003-06-03,234.0,training,252.22313555846108,228.9557336883556,253.27164106584863,204.6318853294702
2003-06-04,252.0,training,262.66418360214055,239.6943798133563,264.0094314703975,213.82288685281728
2003-06-05,263.0,training,274.0334439682869,253.09207786433205,292.147623829299,233.399441912217
2003-06-06,282.0,training,289.50386011469,258.36598384411695,297.69001910356116,247.16033288894366
2003-06-07,316.0,training,304.60746397419626,258.71717402922735,278.5354792196261,257.3607809483643
2003-06-08,294.0,training,309.094421774907,254.6306132360208,281.7062912725737,257.1637175787325
2003-06-09,277.0,training,304.6898318267614,246.7800180126911,289.7501966461006,250.7630096488884
2003-06-10,280.0,training,300.3480072061164,241.49893879156164,289.4333200224295,247.10287478936453
2003-06-11,280.0,training,296.06805350818456,236.15550539927935,265.2217232195615,241.51285388489183
2003-06-12,257.0,training,292.6721297187146,230.53997399572987,261.23003640769724,235.28619661997993
2003-06-13,232.0,training,289.23530635168675,223.9100332325033,273.6401357940006,229.70900274834665
2003-06-14,222.0,training,285.11370844095774,219.7029564379725,281.8165689679807,232.56274615226567
2003-06-15,227.0,training,281.0508432262886,217.2380018497001,266.75922911236063,223.84349904703177
2003-06-16,239.0,training,277.0458737678173,214.65081835882984,280.8586921220648,236.14972897218303
2003-06-17,255.0,training,273.09797505205984,214.57950665851112,282.471054679537,246.68307607750893
2003-06-18,316.0,training,269.2063338219597,215.8788888945741,284.47970845373476,261.09796874495635
2003-06-19,316.0,training,265.37014840935836,218.18949835612545,273.92000753082135,250.8871939087528
2003-06-20,331.0,training,261.5886285698545,220.3479511680416,257.75600117762997,233.15122508279794
2003-06-21,305.0,training,257.8609953200153,222.74137047290526,251.19189253611225,226.60185940979943
2003-06-22,294.0,training,255.3946148343988,223.33757639783104,248.87611999926838,223.41069992505578
2003-06-23,291.0,training,251.75524616882868,222.56082188109627,268.53287644708433,257.3672593270218
2003-06-24,288.0,training,248.16773844125265,224.6470264123198,266.1862185822119,264.28395578939086
2003-06-25,296.0,training,244.63135263423737,227.2617638859897,265.1562450896765,275.7052698900523
2003-06-26,305.0,training,241.1453602613349,230.11972992402417,238.51110877639394,233.23588653845474
2003-06-27,305.0,training,238.12458275606994,232.1142759876702,237.25905504716124,227.14109724909474
2003-06-28,302.0,training,234.7313117368422,229.56803680966271,225.49295417190277,221.01357265150847
2003-06-29,291.0,training,231.91511704897513,228.46037380591275,217.45971295256297,215.96981251470407
2003-06-30,271.0,training,229.56928180152036,226.77960648104593,223.61993503017993,217.97364838784358
2003-07-01,266.0,training,226.2979236669425,225.07660890864724,238.18047320946164,242.89353262867775
2003-07-02,266.0,training,223.07318232691435,226.50511053855593,243.56975355570756,269.05165844768004
2003-07-03,274.0,training,219.89439349295247,230.79438656424097,245.4783162337227,283.57893949899625
2003-07-04,280.0,training,216.76090234267232,235.05989950605414,225.60994784764037,245.03278259385442
2003-07-05,271.0,training,213.67206338489657,236.72125964050483,212.49382349758457,224.87523056809695
2003-07-06,266.0,training,210.62724032668555,235.88259941557578,218.5938798305346,234.03583234989202
2003-07-07,263.0,training,207.6258059422625,235.42483332777303,219.15038081702872,242.902638762608
2003-07-08,260.0,training,204.66714194380674,236.04157708177388,218.13349819671114,248.4356010620049
2003-07-09,255.0,training,201.75063885408787,243.34797680024906,213.38725028147599,242.71118463302716
2003-07-10,252.0,training,198.8756958809151,278.38879449673357,214.30804705191096,248.55813392906754
2003-07-11,244.0,training,196.04172079337553,264.7793990918075,207.00726740548149,288.1073826469403
2003-07-12,252.0,training,197.93262477742212,251.5478703567452,185.8989596918652,242.41152356135265
2003-07-13,263.0,training,200.74046070849906,255.44406198057743,189.15602800609204,240.84936468250712
2003-07-14,239.0,training,201.4872127455968,268.6026365787004,203.88701167861115,264.28015011076195
2003-07-15,227.0,training,198.61602358972965,259.97071661030753,201.7502001163329,258.6363629065954
2003-07-16,217.0,training,195.78574882766665,249.56759689474592,195.48138200278356,248.6832409441065
2003-07-17,209.0,training,193.7287882284353,262.5745395853842,211.79284417222564,262.1920364821186
2003-07-18,212.0,training,190.9681564823251,263.66307835519376,218.6596164182313,264.88027197844764
2003-07-19,214.0,training,188.24686368891943,261.3992428165291,221.89301430931533,264.10484307208367
2003-07-20,219.0,training,185.5643492688502,267.1156857792386,232.83742435197416,271.2042476698154
2003-07-21,222.0,training,182.92006063099515,245.71525718133574,216.40696340506832,251.08690670743158
2003-07-22,227.0,training,180.31345305864568,218.44741871533716,188.08713185615895,220.65800890489783
2003-07-23,217.0,training,180.13443553400938,201.3801741062645,168.95232749617287,202.599237639532
2003-07-24,197.0,training,178.0751998529246,202.53864981317392,173.17195736993057,204.2594036936152
2003-07-25,185.0,training,175.53763145947946,210.13759709751025,185.35271974515854,213.11582551483872
2003-07-26,178.0,training,173.03622336997742,202.84955326802665,182.41731027319787,206.99533630901715
2003-07-27,174.0,training,170.570460300738,192.59830895319027,176.29916585386945,197.8264916799768
2003-07-28,170.0,training,168.1398343108639,188.0416978969584,175.66538169815516,194.27166592831026
2003-07-29,163.0,training,165.74384469760642,185.59787630672787,176.94300573239988,192.7533413297083
2003-07-30,156.0,training,163.38199789322212,187.3966017114019,182.2703319278302,195.40539650036456
2003-07-31,150.0,training,161.0538073632989,187.26125118311526,185.4789324315795,196.05513372057084
2003-08-01,145.0,training,158.75879350653136,179.3176673110921,180.70251690946859,188.83213362183463
2003-08-02,148.0,training,156.49648355592404,163.19074100610428,167.57352819993972,173.36484633215733
2003-08-03,148.0,training,154.26641148140266,144.39491807956472,149.61863013813627,153.17607493385032
2003-08-04,137.0,training,152.0681178938131,133.31507763208458,134.64758982661434,137.66502891537746
2003-08-05,127.0,training,149.90114995028847,132.71058637063666,134.25351721521173,136.68995903514164
2003-08-06,119.0,training,147.7650612609645,130.90699081237256,135.11357445226528,135.5124156318703
2003-08-07,114.0,training,145.65941179702455,127.46991488158925,132.60869546748816,131.74291195440242
2003-08-08,107.0,training,143.82456174917334,149.6200992058426,154.3250831008169,153.64761711928753
2003-08-09,107.0,training,141.77506433236724,150.6233389179512,157.88960829093676,155.35920932428846
2003-08-10,108.0,training,139.75477221686992,144.94997672545696,154.57830196972787,150.28107328477446
2003-08-11,107.0,training,137.76326922766336,141.0692721477561,151.39914137867743,145.59356415331249
2003-08-12,105.0,training,135.80014512021592,144.78832035615687,154.70103960803962,148.48409249641722
2003-08-13,107.0,training,133.86499549597326,150.66919070801654,162.48309752965133,154.6966847795344
2003-08-14,108.0,training,131.9574217190531,163.3574217969454,177.25682432064752,167.97653513351497
2003-08-15,110.0,training,130.07703083412727,163.83009686338042,179.695979245773,168.99464263460428
2003-08-16,112.0,training,128.22343548547406,159.4640152435845,177.1825426128877,165.13031958156614
2003-08-17,112.0,training,126.39625383718375,149.1330552746931,168.59536467434356,155.25983742971206
2003-08-18,112.0,training,124.5951094945015,134.99505698284025,156.09705652969097,141.5433148202151
2003-08-19,108.0,training,122.81963142629091,114.64640228106028,137.28857821857815,121.57930289061939
2003-08-20,105.0,training,121.06945388860264,97.69244118795075,121.61142360210336,104.8069674619468
2003-08-21,96.6,training,119.34421634933203,96.6127096203567,116.25927371347755,99.11175242068352
2003-08-22,88.7,training,117.6435634139504,96.78069300396909,112.10912737537386,97.6041761424443
2003-08-23,83.4,training,117.21455401143598,110.72939080660312,124.07737137212902,111.21042770126725
2003-08-24,82.2,training,115.54424872604615,109.92044053015725,124.93579226722062,110.9785990852453
2003-08-25,82.2,training,113.89774526091604,107.85173242199227,123.29122347635253,108.44928292246598
2003-08-26,79.7,training,112.27470444053522,102.10531057927369,117.3700160216354,102.30709421800967
2003-08-27,78.5,training,112.08823001721919,108.96574734519628,121.9818643480613,108.48427093329938
2003-08-28,77.3,training,110.49097475649887,115.25137108921064,128.9679927684184,114.72557343399647
2003-08-29,77.3,training,108.91648035450126,112.73666833595792,127.94822449954228,112.76653281025911
2003-08-30,76.0,training,107.36442246939912,97.72008796771584,114.09573370860788,98.02496369865966
2003-08-31,73.9,training,106.51679643372619,109.25983320897453,122.6948107007601,107.7709565535659
2003-09-01,73.9,training,104.99893400131283,122.46656090491445,137.3169970766745,121.53686344862335
2003-09-02,73.9,training,103.50270108124747,121.01229652078334,137.19425126729504,120.60451092071288
2003-09-03,74.8,training,102.02778945336836,109.44514167142233,126.8783612974919,109.52392957659198
2003-09-04,73.1,training,100.57389528964552,100.02721702901945,117.93814792674152,99.86224213387632
2003-09-05,71.4,training,99.14071909159294,98.94180747838148,115.11753380424126,96.88923270424937
2003-09-06,72.2,training,97.81913567906602,109.42082710801421,123.84902926443306,106.55961664754875
2003-09-07,72.2,training,96.46238646083846,110.91815631858664,125.43387456644756,107.85775067211641
2003-09-08,73.1,training,95.25809773866001,112.22307931981562,126.50587314371323,108.8534697824549
2003-09-09,73.1,training,94.53566564314382,104.50324149352633,117.58382843131076,100.49669045025459
2003-09-10,73.1,training,94.51866732960642,102.63442763998579,113.2160042298776,98.01959616692454
2003-09-11,72.2,training,93.1717780210207,101.70127121805216,113.46308105116239,97.60546415248481
2003-09-12,70.5,training,91.84408186084511,72.94403305816363,84.78708691101839,68.44458960331218
2003-09-13,67.1,training,91.05578647939313,64.20675058090005,74.6276579771125,59.18149762643824
2003-09-14,65.4,training,89.75824316060852,58.30662669931234,69.91228268371104,53.86336033829823
2003-09-15,62.8,training,89.34942557905084,55.7326452773251,65.40089889127702,50.66095927646315
2003-09-16,58.6,training,88.10667107018868,54.26109167374503,64.41334959247169,49.32210099629228
2003-09-17,57.7,training,87.26012501119743,53.1313353542585,63.59966288150172,48.33096692871937
2003-09-18,56.0,training,86.01666980003176,73.08685878366957,85.72749918045417,68.49802178588035
2003-09-19,54.3,training,84.79093380324925,86.02343819767539,98.31800595630536,82.08348885105659
2003-09-20,53.5,training,83.58266452236381,88.55583935605627,101.82867103712196,85.10756252427608
2003-09-21,53.5,training,82.3916130569882,68.5575608988498,82.74888633127566,65.57136135128559
2003-09-22,52.7,training,81.21753405356127,46.24587502840889,60.483919203905096,43.03134756648677
2003-09-23,51.0,training,80.06018565480562,43.62499528131134,58.05074681238598,40.349335272693175
2003-09-24,50.1,training,78.9193294499058,41.93839123319824,57.1741843295828,39.09057841764419
2003-09-25,49.3,training,77.79473042539611,40.316993684175124,56.310857882979825,37.871090333925
2003-09-26,48.5,training,76.68615691674856,38.758281658718225,55.46056760929552,36.68964597446193
2003-09-27,46.8,training,75.59338056065047,38.135946995678225,54.62311666317082,35.54505850932642
2003-09-28,45.2,training,74.51617624796229,36.661557321438146,53.798311171598726,34.436178133495005
2003-09-29,44.4,training,73.45432207734568,35.24416963830509,52.985960189041975,33.36189091180289
2003-09-30,43.6,training,72.4075993095523,33.88158016864353,52.185875653228436,32.32111765993104
2003-10-01,42.8,training,71.37579232236422,32.571670335979704,51.39787234161398,31.31281286030237
2003-10-02,41.2,training,70.35868856617623,31.312403471004174,50.62176782850282,30.33596361179823
2003-10-03,41.2,training,69.35607852021116,30.10182164492497,49.85738244281522,29.389588612240058
2003-10-04,43.6,training,68.36775564935914,32.145312420759815,49.104539226493024,28.836542262107514
2003-10-05,42.0,training,73.53274829968704,42.18993819127421,51.884877217279076,36.48438184964133
2003-10-06,44.4,training,75.04778753886973,44.61606139299192,53.44874557886269,38.75692837820919
2003-10-07,49.3,training,78.46848551378909,49.752569593338485,56.83632939309095,43.49714985459823
2003-10-08,44.4,training,77.35031100725615,49.914698243440235,55.97810453394758,43.922688051822924
2003-10-09,42.0,training,76.24807046731978,47.98492537871295,55.132838814085666,42.552455201547765
2003-10-10,40.4,training,75.1615368352427,46.129760263616355,54.300336551349034,41.22496878021972
2003-10-11,39.6,training,74.09048628787058,44.34631845697776,53.48040501836928,39.93889525012117
2003-10-12,38.1,training,73.03469819152498,42.63182703420176,52.672854397948676,38.69294267520486
2003-10-13,37.3,training,71.99395505655342,40.983620275881606,51.87749773911676,37.48585942326854
2003-10-14,36.5,training,70.96804249252706,39.39913552309485,51.09415091385053,36.316432908617244
2003-10-15,35.8,training,69.9567491640768,37.87590919293921,50.32263257444805,35.183488373950134
2003-10-16,35.0,training,68.95986674735875,36.41157294811349,49.56276411154589,34.08588771024804
2003-10-17,35.0,training,67.97718988714006,35.00385001458775,48.81436961277028,33.02252831347648
2003-10-18,34.3,training,68.32560544409364,34.41290767925983,49.41680376778091,32.481395003318696
2003-10-19,33.5,training,69.84698924567594,36.22295370121761,50.7889798104478,34.26311301044104
2003-10-20,33.5,training,68.85167090581999,34.822523054678165,50.02206953476142,33.194224809787116
2003-10-21,34.3,training,68.36468763857187,34.37792605013488,49.52989995797285,32.708644711768216
2003-10-22,32.8,training,67.39049206994315,33.264003706055554,48.78200170576828,31.688250435826742
2003-10-23,32.1,training,66.56115377665849,31.97797025332262,48.1314891372273,30.699688860003196
2003-10-24,34.3,training,69.72269789221163,36.30858812834091,51.204340645227816,33.28699611271834
2003-10-25,32.1,training,68.72915070190592,34.90484673367387,50.431158448083295,32.24855931425069
2003-10-26,31.4,training,67.7497615411832,34.06195809611079,49.669651251582245,31.617380349752406
2003-10-27,30.7,training,66.7843286583767,32.74507459753147,48.91964276397799,30.63102967049162
2003-10-28,30.7,training,65.83265317677726,32.0157948254311,48.18095935551772,29.884601861379007
2003-10-29,30.0,training,64.89453905366521,30.81593190258308,47.45343001824654,28.952307755436728
2003-10-30,30.0,training,63.96979303992619,29.97469363023307,49.745377382753574,28.192917621318315
2003-10-31,30.0,training,63.05822464024215,30.194894182189525,54.09885546889585,28.374955370010813
2003-11-01,29.4,training,62.15964607384997,31.159212362788207,45.336094853794435,28.955348791727054
2003-11-02,31.4,training,63.40494333553905,35.32762096525788,45.71843979859925,31.408672637196524
2003-11-03,35.0,training,67.713893443943,41.84554459307712,49.92472670899269,37.32670229229348
2003-11-04,38.1,training,74.94342386346939,52.44100579361397,56.92887585581225,46.98671805413157
2003-11-05,42.8,training,73.87548142202009,54.6305670162569,56.069253551130416,49.24213725923769
2003-11-06,38.1,training,72.82275714114385,53.567238111123025,55.222611487066324,48.58887881246778
2003-11-07,35.0,training,71.78503416232634,51.49625288666931,54.38875366283502,47.07307727891116
2003-11-08,34.3,training,70.7620987172832,49.50533488149259,53.56748703725057,45.60456340346249
2003-11-09,32.8,training,69.7537400839242,47.59138858359833,52.75862148403635,44.18186197808179
2003-11-10,31.4,training,68.7597505429452,45.75143815786598,51.96196974781005,42.80354381601342
2003-11-11,31.4,training,67.7799253350383,43.98262281917161,51.177347400733446,41.468224316084516
2003-11-12,32.1,training,66.81406261871217,46.077809771338174,50.40457279981657,43.52837802937384
2003-11-13,38.9,training,65.861963428713,51.7654891758191,49.64346704486677,48.83956349393206
2003-11-14,35.8,training,64.92343163503831,49.82773462078375,48.89385393707258,47.31594148305863
2003-11-15,34.3,training,63.99827390253464,48.967193543786735,48.155559938213074,46.73102731410509
2003-11-16,35.8,training,63.08629965107095,50.1646011351929,47.42841413048316,47.997592237846746
2003-11-17,34.3,training,62.187321016279654,48.22516667105117,46.71224817692537,46.50023675858255
2003-11-18,32.8,training,61.301152810857054,46.36071348764491,46.006896282459344,45.049593485634276
2003-11-19,31.4,training,60.42761248641514,44.56834270256037,45.31219515549957,43.6442051630269
2003-11-20,31.4,training,59.56652009587718,42.84526750827988,44.62798397015281,42.28265999602873
2003-11-21,31.4,training,58.71769825640906,41.18880883920788,43.95410432898631,40.96359023292097
2003-11-22,30.7,training,57.88097211287882,39.5963912062156,43.2904002263582,39.685670791011276
2003-11-23,31.4,training,57.05616930183702,38.06553869222845,42.63671801230159,38.447617925510656
2003-11-24,30.0,training,56.243119916010265,36.59387110262938,41.99290635695406,37.248187939936805
2003-11-25,30.0,training,55.44165646930074,35.17910026449328,41.358816215524236,36.08617593674826
2003-11-26,30.0,training,54.651613862284506,33.81902646889819,40.73430079378731,34.96041460695439
2003-11-27,29.4,training,53.87282934820145,32.511535050781674,40.119215514101725,33.86977305748529
2003-11-28,29.4,training,53.105142499429874,31.25459310102495,39.51341798193882,32.81315567514352
2003-11-29,28.8,training,52.348395174438785,30.04624630565237,38.916767952918036,31.789501025996692
2003-11-30,28.3,training,51.60243148521116,28.884615907231996,38.32912730033979,30.797780789104937
2003-12-01,28.3,training,50.86709776513144,27.767895783752703,37.750359983208625,29.836998723512448
2003-12-02,27.7,training,50.142242537330546,26.69434964043602,37.180332014739236,28.906189667465206
2003-12-03,27.7,training,49.427716483482065,25.662308310116533,36.61891143133801,28.004418568849548
2003-12-04,27.1,training,48.72337241304304,24.67016715799334,36.065968262052984,27.13077954587766
2003-12-05,26.6,training,48.029065232933114,23.716383586717548,35.521374498485066,26.284394977076396
2003-12-06,26.2,training,47.34465191764571,22.799474637936605,34.98500406515361,25.464414619665124
2003-12-07,40.4,training,46.66999147978515,21.918014686566266,34.45673279030952,24.670014755437233
2003-12-08,29.4,training,46.00494494102361,21.070633224205366,33.93643837718898,23.900397363286977
2003-12-09,28.3,training,45.34937530347192,20.256012728246812,33.424000375701304,23.15478931755066
2003-12-10,27.1,training,44.70314752145838,19.472886613371855,32.91930015454432,22.43244161135667
2003-12-11,27.1,training,44.06612847370969,18.72003726224241,32.42222087374075,21.732628604204333
2003-12-12,27.1,training,43.438186935928265,17.996294132329634,31.932647457589354,21.05464729301556
2003-12-13,26.6,training,42.81919355376044,17.30053193593522,31.45046656802445,20.397816605927186
2003-12-14,24.3,training,42.20902081614973,16.63166889057557,30.975566578377737,19.761476718114487
2003-12-15,25.3,training,41.60754302906993,15.988665037008655,30.507837547536315,19.144988388958485
2003-12-16,25.7,training,41.01463628963244,15.370520622288327,30.0471711944909,18.547732319891498
2003-12-17,25.7,training,40.430178460562594,14.776274545332003,29.593460873268373,17.96910853227541
2003-12-18,25.7,training,39.85404914503968,14.205002862584935,29.146601548242838,17.408535764688125
2003-12-19,26.2,training,39.286129661895544,13.65581735145761,28.706489769819484,16.86545088901245
2003-12-20,25.7,training,38.7263030211665,13.127864129302694,28.27302365048563,16.339308344741003
2003-12-21,27.7,training,38.17445389999379,12.620322325784239,27.846102841223363,15.829579590928768
2003-12-22,26.2,training,37.63046861886728,12.132402806575067,27.425628508278386,15.335752575242836
2003-12-23,25.7,training,37.09423511820782,11.663346946397716,27.011503310279643,14.857331219575888
2003-12-24,25.3,training,36.565642935283236,11.212425449501438,26.603631375704406,14.393834921706734
2003-12-25,25.3,training,36.04458318145333,10.778937215741175,26.201918280683678,13.944798072507297
2003-12-26,24.8,training,35.530948519739056,10.362208250495552,25.806271027142717,13.509769588211007
2003-12-27,24.3,training,35.02463314271136,9.96159061672898,25.41659802127163,13.088312457272803
2003-12-28,24.3,training,34.52553275069516,9.576461427568512,25.032809052321056,12.680003301365474
2003-12-29,25.3,training,34.033544530283905,9.206221877829115,24.654815271718068,12.284431950071381
2003-12-30,25.3,training,33.54856713316019,8.850296312981529,24.28252917249738,11.901201028842303
2003-12-31,24.3,training,33.07050065521833,8.508131334115166,23.915864569043155,11.52992555981346
2004-01-01,24.0,training,32.59924661598435,8.179194937504391,23.55473657713673,11.170232575070738
2004-01-02,24.0,training,32.13470793832925,7.8629756874404055,23.199061594305597,10.821760741982635
2004-01-03,23.4,training,31.67678892847137,7.55898192104261,22.848757280469112,10.48416000022049
2004-01-04,22.8,training,31.225395256263727,7.266740983813081,22.503742538876473,10.157091210102424
2004-01-05,22.8,training,30.78043393576221,6.985798494745604,22.1639374973325,9.840225811907702
2004-01-06,24.0,training,30.341813306070787,6.715717639846628,21.82926348970697,9.533245495819287
2004-01-07,24.0,training,29.909443012459498,6.456078492969695,21.499643037723054,9.235841882163015
2004-01-08,23.4,training,29.48323398775167,6.206477362907376,21.174999833020856,8.947716211622192
2004-01-09,23.4,training,29.06309843397631,5.966526165725555,20.85525871949173,8.668579045116385
2004-01-10,23.4,training,28.648949804281916,5.73585182136416,20.540345675879347,8.398149973042951
2004-01-11,24.6,training,28.240702785108073,5.514095673566156,20.23018779864351,8.136157333589198
2004-01-12,23.4,training,27.838273278611066,5.300912932232916,19.924713285082728,7.882337939832208
2004-01-13,23.4,training,27.441578385339927,5.095972137338911,19.623851416711602,7.63643681535219
2004-01-14,22.8,training,27.050536387159394,4.898954643572227,19.327532542889237,7.398206938093758
2004-01-15,22.8,training,26.665066730416132,4.709554124899597,19.03568806469487,7.167408992217836
2004-01-16,23.4,training,26.28509000934495,4.52747609828566,18.748250419046947,6.943811127694904
2004-01-17,22.8,training,25.91052794971136,4.352437465825907,18.465153063062044,6.727188727398098
2004-01-18,22.2,training,25.54130339268731,4.184166074581405,18.186330458649916,6.517324181462161
2004-01-19,21.7,training,25.17734027895667,4.022400293430943,17.9117180573412,6.314006668681621
2004-01-20,22.2,training,24.81856363304718,3.866888606282675,17.64125228534422,6.117031944728566
2004-01-21,22.2,training,24.464899547885725,3.717389221012765,17.374870528827362,5.926202136977267
2004-01-22,21.7,training,24.116275169573644,3.5736696935230263,17.112511119423807,5.741325545729568
2004-01-23,21.7,training,23.772618682379022,3.4355065663330246,16.854113319955037,5.562216451641322
2004-01-24,21.7,training,23.433859293942835,3.302685021144716,16.599617310369954,5.388694929156462
2004-01-25,22.2,training,23.099927220695893,3.174998544839434,16.348964173896334,5.220586665761255
2004-01-26,21.7,training,22.770753673483622,3.0522486083879015,16.102095883401354,5.057722786877193
2004-01-27,21.7,training,22.446270843395652,2.934244358174034,15.858955287958098,4.899939686216605
2004-01-28,28.2,training,22.12641188779738,2.820802319252613,15.619486099614925,4.747078861430581
2004-01-29,26.1,training,21.811110916560526,2.7117461100794187,15.383632880364573,4.598986754884085
2004-01-30,25.4,training,21.50030297848997,2.6069061682703194,15.151341029310078,4.455514599398351
2004-01-31,24.7,training,21.19392404794393,2.5061194869628878,14.922556770024439,4.316518268805538
2004-02-01,24.7,training,20.89191101164489,2.409229361370657,14.6972271381012,4.1818581331655755
2004-02-02,24.0,training,20.594201655678397,2.3160851451359465,14.47529996889297,4.0513989184997286
2004-02-03,24.0,training,20.300734652677153,2.226542016102432,14.256723885435138,3.9250095708999706
2004-02-04,26.1,training,20.011449549187745,2.1404607511432805,14.041448286551885,3.8025631248776772
2004-02-05,26.1,training,19.726286753217384,2.0577075096947475,13.829423335141849,3.6839365758193687
2004-02-06,25.4,training,19.445187521958104,1.9781536256586694,13.62059994664064,3.5690107564213824
2004-02-07,25.4,training,19.16809394968589,1.9016754073503046,13.41492977765758,3.4576702169793525
2004-02-08,26.8,training,18.894948955832263,1.8281539451804696,13.212365214784032,3.34980310941223
2004-02-09,26.1,training,18.625696273225813,1.75747492677296,13.01285936357072,3.2453010749043485
2004-02-10,24.7,training,18.36028043650131,1.68952845922979,12.816366037671486,3.1440591350526574
2004-02-11,24.7,training,18.09864677067398,1.624208898267912,12.622839748150975,3.0459755864097806
2004-02-12,24.7,training,17.8407413798766,1.5614146839617495,12.432235692953787,2.9509518983169576
2004-02-13,24.7,training,17.58651113625708,4.3542490900826225,12.244509746532632,5.162180874684965
2004-02-14,24.7,training,17.335903669034266,4.185907658880858,12.0596184496331,5.001139050350127
2004-02-15,24.7,training,17.08886735370971,4.024074545616992,11.877518999232679,4.845121162567432
2004-02-16,27.5,training,16.845351301433112,7.343199397545078,11.698169238631703,7.604243101968649
2004-02-17,29.7,training,16.60530534851939,14.812770970289488,11.52152764769391,14.111693344712693
2004-02-18,26.8,training,16.368680046115067,14.240088284110147,11.347553333234387,13.671458316949355
2004-02-19,34.3,training,16.13542665001194,13.689546320939845,11.176206019552643,13.244957068324748
2004-02-20,31.2,training,15.905497110605893,13.160289089097349,11.007446039108624,12.83176115340056
2004-02-21,33.5,training,15.678844062998802,12.651493690751044,10.841234323339544,12.43145549272403
2004-02-22,32.0,training,15.4554208172415,12.16236904246394,10.677532393615358,12.043637955856381
2004-02-23,31.2,training,15.235181348715741,11.692154645204099,10.516302352330827,11.667918957409285
2004-02-24,30.4,training,15.018080288653268,11.240119401908299,10.357506874132065,11.303921065683554
2004-02-25,32.7,training,14.804072914789959,15.292456187157041,10.201109197275596,14.907479805630402
2004-02-26,31.2,training,14.593115142153147,15.509792996301092,10.047073115117865,15.10171092286764
2004-02-27,30.4,training,14.385163513980228,14.910162452291292,9.89536296773327,14.630590840748402
2004-02-28,30.4,training,14.180175192766688,14.333714473606202,9.745943633658756,14.17416804246076
2004-02-29,30.4,training,13.97810795144168,13.779552789466418,9.59878052176306,13.731984024620484
2004-03-01,29.7,training,13.77892016466936,13.246815780189115,9.453839563238747,13.303594587530743
2004-03-02,29.7,training,13.582570800274164,12.734675137527619,9.311087203715141,12.888569388957523
2004-03-03,29.7,training,13.3890194107883,12.242334576804154,9.170490395490374,12.486491511825697
2004-03-04,32.0,training,13.198226125119657,11.769028598833348,9.032016589880717,12.09695704540145
2004-03-05,32.7,training,13.010151640338469,14.448978900053525,8.895633729685432,14.402285240122774
2004-03-06,32.0,training,12.824757213581016,15.85660023830821,8.761310241765427,15.470419147547744
2004-03-07,32.7,training,12.64200465406869,23.619627715860982,8.629015029733939,21.6324413827661
2004-03-08,37.6,training,17.15303773281135,40.37554543339295,13.374673421671115,34.96622860134184
2004-03-09,40.9,training,16.9086072537873,49.32404714220573,13.172716727141902,42.719875046156254
2004-03-10,38.4,training,16.667659904690815,47.41710968483932,12.97380956550065,41.38716571655355
2004-03-11,35.9,training,16.43014605098312,45.58389712794229,12.777905889000067,40.096032214485255
2004-03-12,35.9,training,16.1960167654167,43.82155916253983,12.584960345210826,38.84517752086641
2004-03-13,35.9,training,15.965223817956453,46.25807228995735,12.394928266522326,40.94559624878622
2004-03-14,38.4,training,15.737719665844399,52.37434372779851,12.207765659801959,46.430299817823986
2004-03-15,42.7,training,15.513457443806008,56.735173695719986,12.02342919621055,53.22420651725781
2004-03-16,46.3,training,15.292390954396076,62.509803843590305,11.841876201171562,73.42532092687631
2004-03-17,50.0,training,15.074474658482146,70.94187641277476,11.663064644491776,62.00605265256749
2004-03-18,45.4,training,14.85966366586359,68.19916308600031,11.486953130631141,60.0716826486143
2004-03-19,42.7,training,14.64791372602433,65.56248693745182,11.313500889119556,58.19765816178604
2004-03-20,40.9,training,14.439181219017344,63.02774841977363,11.142667765118356,56.382096624926646
2004-03-21,40.9,training,14.233423146479073,60.59100647991183,10.97441421012431,54.62317420033117
2004-03-22,39.2,training,14.03059712277186,58.24847243150023,10.808701272814009,52.919123947594194
2004-03-23,37.6,training,13.830661366252626,55.996504064148716,10.645490590026474,51.268234048614815
2004-03-24,42.7,training,13.633574690665952,53.83159998047459,10.484744377881956,49.668846087975375
2004-03-25,40.9,training,13.439296496659816,55.465289298369285,10.326425423034816,51.375461434046365
2004-03-26,40.1,training,13.247786763422239,53.32092272922333,10.170497074058503,49.77272835742053
2004-03-27,40.1,training,13.059006040437081,51.788409040611604,10.016923232960613,48.56131837519935
2004-03-28,40.9,training,12.87291543935736,53.8379663741744,9.865668346826066,50.21412345396247
2004-03-29,41.8,training,12.68947662599433,56.07999049647323,9.716697399586476,52.03289034236032
2004-03-30,42.7,training,12.50865181242074,55.24969314702204,9.569975903913807,55.370578973186824
2004-03-31,48.1,training,12.330403749186642,53.1136618301615,9.425469893236414,56.044204189775485
2004-04-01,53.9,training,13.858398846387832,52.16574330738161,11.005714891861949,55.05463827495415
2004-04-02,62.0,training,17.036965857913128,53.331240811786586,14.325178630012042,55.76644455600301
2004-04-03,67.3,training,20.604042491089572,52.851086409415466,17.724601481208442,55.172437587198715
2004-04-04,66.3,training,20.310435256360808,51.20590553302626,17.456961157281548,53.69819417346714
2004-04-05,38.4,training,24.185199500572285,53.46936741662671,21.532403727184274,55.28224284376437
2004-04-06,81.0,training,32.06099303344968,60.68496863626632,29.82069181208912,60.869185647835984
2004-04-07,74.0,training,31.60412445965983,60.651745670946255,29.370401314738686,60.63957289338907
2004-04-08,69.5,training,31.153766254825157,58.71362777852722,28.926910174468286,59.010533977474005
2004-04-09,68.4,training,30.709825646305188,56.44367584725235,28.490115721430406,57.16961358405884
2004-04-10,68.4,training,30.272211183467924,54.261483469683384,28.05991683608551,55.38612340973278
2004-04-11,69.5,training,29.84083271885123,52.16365773729193,27.636213925792514,53.65827183434952
2004-04-12,70.6,training,29.41560138959268,50.14693691619437,27.21890890175269,51.9843231299881
2004-04-13,75.2,training,28.996429599124042,48.208185375754475,26.807905156301764,50.362595717312765
2004-04-14,79.8,training,28.58323099912659,46.344388713253366,26.403107540544887,48.791460476328226
2004-04-15,87.1,training,30.18288690137961,46.11123998262151,28.060409005446402,48.368833708965404
2004-04-16,97.1,training,34.30740593186991,49.07681357926578,32.3853499543468,50.517621555451186
2004-04-17,90.8,training,38.86882481641757,52.35125615894474,37.10946920845603,52.99325881437747
2004-04-18,95.8,training,40.792133212305494,52.270009204487856,39.03913124667659,52.80356279977644
2004-04-19,94.6,training,40.21084604808362,51.91991395853693,38.44964291635997,51.337325804865614
2004-04-20,89.6,training,39.63784221549165,49.91261661683003,37.869055821303526,49.73578242527763
2004-04-21,92.1,training,39.073003677202934,47.98292423073305,37.297235553436586,48.18420154678391
2004-04-22,104.0,training,44.740712421024234,52.939213168155575,43.06684943386729,51.91977095882365
2004-04-23,105.0,training,44.1031580741327,52.587336100052745,42.41654282216653,51.511960353626876
2004-04-24,105.0,training,43.4746888652116,50.554235273934616,41.77605579779989,49.90496899245764
2004-04-25,115.0,training,49.51059330369275,55.89703346862601,48.08296270464901,54.070674177796796
2004-04-26,157.0,training,60.80719529720266,68.75587196234616,59.37927825452581,64.66936055943734
2004-04-27,188.0,training,71.33587191561746,81.26823676088382,69.5016078285907,75.91756714711562
2004-04-28,155.0,training,70.31933702450725,78.1794601810004,68.45213809284488,73.54920698903028
2004-04-29,141.0,training,69.31728773730283,75.15693162437131,67.41851528151787,71.25473130919143
2004-04-30,132.0,training,68.32951763440921,72.25125829870044,66.40050010708669,69.03183517263923
2004-05-01,131.0,training,67.35582323770694,69.45792241540563,65.39785689525426,66.87828555024983
2004-05-02,131.0,training,66.39600396863607,66.77258085000415,64.41035353039005,64.79191907552696
2004-05-03,134.0,training,67.73209547154346,66.11724354522846,65.7803967996239,64.15559343712836
2004-05-04,140.0,training,72.29990932685503,69.43737835764607,70.52850737433592,66.7399493942156
2004-05-05,146.0,training,76.79232205526444,72.73990962556275,75.2299887737572,69.2981361471882
2004-05-06,149.0,training,83.42148237366189,78.30021045930556,82.07475236652381,73.79139307106811
2004-05-07,169.0,training,96.31454801960321,92.76999200701142,95.04393731934802,84.83125788023301
2004-05-08,159.0,training,98.39930056327312,91.11487210083708,96.81088027266685,83.79325939349235
2004-05-09,149.0,training,97.18895056310295,87.59224221543253,95.47803908799492,81.17920543310808
2004-05-10,146.0,training,100.92206609782183,89.89314923964488,99.14092110499142,83.07122393447298
2004-05-11,146.0,training,102.44980455127514,89.46899373443192,100.51140197972279,82.89427224540064
2004-05-12,146.0,training,106.35874045743829,91.80889387170429,104.59475164140255,84.79523200235866
2004-05-13,149.0,training,115.06543166205671,100.15639588971095,113.74480459080664,91.51958956737307
2004-05-14,152.0,training,127.68607990269442,116.16708379328554,127.02002552387897,105.463692395447
2004-05-15,162.0,training,142.9750430273873,137.38693949968481,143.10056809577185,132.246842487406
2004-05-16,175.0,training,160.9073260246799,163.57532150885137,161.95677796914032,143.86525748683536
2004-05-17,186.0,training,176.2447450041237,183.29943635597274,177.931362639146,158.46568011226807
2004-05-18,193.0,training,189.92744941861497,199.6927781693597,192.20740276271044,173.545817026684
2004-05-19,200.0,training,204.74805359411292,217.75873410325022,207.58370956949457,187.22523805871657
2004-05-20,193.0,training,215.19601146805996,226.032840990288,217.99420354817403,193.43900197293215
2004-05-21,182.0,training,219.52356368132246,219.3558188573193,219.77610371914514,193.8384412705622
2004-05-22,181.0,training,227.89582617044871,212.21681954707427,216.45749891704875,198.86988571322016
2004-05-23,169.0,training,233.25423217873598,210.8770510884494,217.16600263186047,201.51640049978622
2004-05-24,164.0,training,235.82502822543057,203.08007667255617,213.8868101855919,199.89955506411818
2004-05-25,164.0,training,232.98333928244952,195.93075442329015,219.49938665498257,194.08609476272366
2004-05-26,172.0,training,229.66333089020432,190.6519048134655,212.88591783180422,189.74921952741767
2004-05-27,172.0,training,226.39063255780513,185.0555237433531,204.34334695765853,185.0051691158644
2004-05-28,167.0,training,224.09136891681032,180.7109749107992,201.25777577401098,180.35927766464772
2004-05-29,165.0,training,221.31799003349852,174.82743036466124,198.29995592927506,175.31987413384232
2004-05-30,165.0,training,219.10969924902886,169.95135292634782,196.04094002508396,171.13886786984182
2004-05-31,165.0,training,216.81326069941332,165.61838616889264,204.95145363462336,167.46729595519855
2004-06-01,167.0,training,213.7236756359962,162.58205762671201,205.23080361752994,165.11917632940484
2004-06-02,170.0,training,211.39051402660527,162.8716588239749,200.8608711801365,164.73630590587595
2004-06-03,172.0,training,210.2503415062262,164.91870852951024,208.16037212650087,168.90303064352207
2004-06-04,182.0,training,207.7160700934909,166.10182200995737,216.32110282019136,185.93588247367333
2004-06-05,200.0,training,205.8163915251275,169.80869304148325,202.28034770409332,174.8698577380755
2004-06-06,198.0,training,205.13984330154435,172.65421813353348,181.52142272293665,169.97847194191
2004-06-07,186.0,training,205.84628259846005,171.75162016630674,182.09467770030082,169.50157578649277
2004-06-08,175.0,training,202.912976775631,165.71614687823882,186.53806262511796,164.66782095327716
2004-06-09,170.0,training,200.0214705079925,162.3142971538475,199.7971173969407,164.0105563941156
2004-06-10,172.0,training,197.17116815263523,162.19746743939683,211.1961897503854,181.04816271287285
2004-06-11,182.0,training,194.3614825545507,164.76757820980987,215.39047307706483,196.32337610715018
2004-06-12,189.0,training,191.59183492567863,168.81897127886887,220.78444656348782,217.68831131359835
2004-06-13,200.0,training,188.86165472567825,173.9970110401441,216.56783753218977,218.583635290696
2004-06-14,211.0,training,186.17037954439834,176.59533472760947,165.91405730301727,167.97845492102232
2004-06-15,204.0,training,183.51745498602227,174.59778347445888,193.61489434019117,177.49829988500338
2004-06-16,200.0,training,180.90233455486373,175.994538629714,205.77798859478358,206.3474876066402
2004-06-17,207.0,training,178.32447954279016,180.12951900845678,209.64317369192307,224.2403687977431
2004-06-18,215.0,training,175.7833589182502,185.2611659731324,209.12647290781373,238.09528698821472
2004-06-19,222.0,training,173.27844921688254,190.62031600224162,199.85143761337375,223.76902306371406
2004-06-20,230.0,training,170.80923443368357,194.81500383710207,197.4324197474688,231.27129370498932
2004-06-21,238.0,training,168.37520591671174,200.77230826098165,197.56393236743932,231.77445363878635
2004-06-22,230.0,training,165.97586226230644,204.98686193638613,190.37894551940408,224.76851973868867
2004-06-23,222.0,training,163.6107092118003,242.33311049963103,180.88437912013026,204.98241771707683
2004-06-24,226.0,training,161.27925954970297,236.54286805005032,177.32359164792103,202.19555791808727
2004-06-25,222.0,training,158.9810330033362,218.69875667427124,165.0815634110724,189.76107774721973
2004-06-26,213.0,training,156.7155561438986,204.4542984186244,155.593444157077,195.45356980343928
2004-06-27,204.0,training,154.48236228894078,208.79726844160825,164.99635006354802,206.76748105967897
2004-06-28,202.0,training,152.28099140622982,214.66442494457718,175.72168932750432,214.0276222633704
2004-06-29,206.0,training,150.11099001898393,212.0759635321238,177.7557985259994,212.73728271156978
2004-06-30,204.0,training,147.9719111124571,207.9640706128288,177.89450854168769,209.687409432203
2004-07-01,207.0,training,145.86331404185566,208.96566799772594,183.0621381519472,211.79759715081025
2004-07-02,213.0,training,143.7847644415661,204.70440945604554,182.73340232488025,208.5379914888592
2004-07-03,215.0,training,141.73583413567724,199.78431711909488,181.4213668745961,204.41723868206674
2004-07-04,213.0,training,139.7161010497768,179.8119016277101,164.99765773094018,185.30269006885442
2004-07-05,211.0,training,137.72514912400544,156.84462592899027,144.83640983619193,162.5643463565784
2004-07-06,204.0,training,135.76256822734916,161.49429050082867,151.86529985933802,167.1258858514099
2004-07-07,200.0,training,133.82795407315365,164.29221342188907,157.79526165100762,170.69437557037267
2004-07-08,193.0,training,131.9209081358421,138.75965801894222,134.8173596801057,145.4571404721338
2004-07-09,181.0,training,130.04103756881997,151.8634799271299,147.42922010637182,156.33969579996077
2004-07-10,177.0,training,128.1879551235497,159.43334065310654,157.7281786540675,164.5594081931813
2004-07-11,175.0,training,126.36127906977835,155.19144816247567,156.14902694551546,160.99307454262157
2004-07-12,172.0,training,124.56063311690225,145.95492243850325,148.0300607404472,151.0879091401473
2004-07-13,179.0,training,122.78564633645203,132.10119996635302,129.7341236103166,132.59633920935693
2004-07-14,175.0,training,121.0359530856824,141.89382024498346,132.25255822260962,139.73346030374324
2004-07-15,165.0,training,119.31119293225053,135.75677828770705,128.80016063868965,134.37836407779227
2004-07-16,162.0,training,117.61101057996808,129.12754211248418,123.03888686671586,127.40223763128245
2004-07-17,151.0,training,115.9350557956109,124.93574360286077,119.20163845408858,123.01505097141624
2004-07-18,146.0,training,114.28298333677203,120.42783221132514,114.6351914976341,118.47464246696
2004-07-19,138.0,training,112.65445288074262,124.3872178464801,118.05266729026864,122.27947430428068
2004-07-20,137.0,training,111.04912895440626,130.0024662099015,123.56773983161628,127.74334296964962
2004-07-21,137.0,training,109.46668086513242,137.56523182897547,131.74712223928873,135.2638437950048
2004-07-22,137.0,training,107.90678263265463,137.4114376719257,133.8596555683644,135.7276693198837
2004-07-23,137.0,training,106.36911292191931,131.79039234136707,129.95249651920295,130.3015044816785
2004-07-24,140.0,training,106.68986063655959,131.9717021926652,126.89855482857145,129.11200907149347
2004-07-25,140.0,training,109.16886588333168,149.1107186854226,140.90197408031435,145.48702975046177
2004-07-26,143.0,training,107.61321150898537,152.66384204579572,146.69966428597826,149.61448440902964
2004-07-27,143.0,training,106.07972518147953,155.30870081678245,151.73590501706852,153.05565563717758
2004-07-28,146.0,training,104.56809100654561,148.4320477410647,147.09268644045017,146.88984047307758
2004-07-29,143.0,training,103.07799759140266,129.52991975876736,129.7839171701216,128.12834367614525
2004-07-30,137.0,training,101.60913798061132,132.62788284537936,131.80295529558396,129.44401874468684
2004-07-31,140.0,training,100.16120959284166,117.87283595286972,118.91184458865109,115.21117353999398
2004-08-01,137.0,training,99.38064526467713,105.01118041732175,102.78254830572195,100.70881822423561
2004-08-02,141.0,training,100.98404925985886,102.10536104148429,96.45507995294638,96.99920434705948
2004-08-03,128.0,training,100.97609021507265,108.17633282826853,102.2298876177228,102.9998776680102
2004-08-04,119.0,training,99.54458319361204,118.00797441633712,113.40604388209326,113.07868117237501
2004-08-05,116.0,training,98.1260746744055,126.85393909793511,124.41034465129236,122.740228375384
2004-08-06,116.0,training,96.72777987607161,110.34934431953091,109.95073743666133,107.00018646692602
2004-08-07,115.0,training,95.3494107534517,96.37360752251152,97.77736096711304,93.60644155990285
2004-08-08,113.0,training,93.99068336602542,103.95174199204509,107.1932785295329,101.8598792569937
2004-08-09,112.0,training,92.6513178194197,93.67877340061523,98.65847184153651,92.21837611546759
2004-08-10,111.0,training,91.33103820775125,96.98921308874148,102.42186039121906,94.92881665516877
2004-08-11,108.0,training,90.02957255679067,99.14669213283231,105.71755122386648,97.2233408872528
2004-08-12,108.0,training,88.74665276793644,111.68504146177553,119.21277791374153,109.81354276585374
2004-08-13,108.0,training,87.48201456298726,127.53743621892603,136.5275938263529,126.22367146681592
2004-08-14,111.0,training,86.23539742970148,130.41392159884631,140.78348404821108,129.62118589045957
2004-08-15,113.0,training,85.00654456813217,115.98163283665451,127.65119314419327,115.6751127158756
2004-08-16,115.0,training,83.79520283772706,108.55488187184665,121.0314302499555,108.28450090919962
2004-08-17,115.0,training,82.60112270518214,102.30632044524721,114.74426932904112,101.26782011790057
2004-08-18,112.0,training,81.42405819303856,104.39812013959416,114.43481609522107,101.01601540100275
2004-08-19,111.0,training,80.26376682901177,93.08847669298133,103.58243601858001,89.59610021160837
2004-08-20,109.0,training,79.12000959604295,95.41776495236205,104.69354828700908,90.5865464863526
2004-08-21,108.0,training,77.99255088306204,97.12426766478166,106.9585152688642,92.31550150581509
2004-08-22,106.0,training,76.88115843645251,98.65365580927808,109.37558321586535,94.14477083340307
2004-08-23,105.0,training,75.7856033122077,106.37299689205774,118.18636852467098,102.40186829235469
2004-08-24,105.0,training,74.70565982876887,109.42977828064339,122.26965732592646,105.96427769846348
2004-08-25,104.0,training,73.64110552053552,102.13608397103442,115.94038753776748,99.1456788791312
2004-08-26,102.0,training,72.59172109203784,82.5938320435769,97.30321564109768,80.0495130147023
2004-08-27,94.6,training,71.55729037276261,78.78905286180324,93.18001025021773,75.49647482070377
2004-08-28,94.6,training,70.53760027262248,82.14167594638008,96.75488286612189,78.66954195687302
2004-08-29,93.3,training,69.53244073806007,77.52349800422756,92.9080303816666,74.44781623078978
2004-08-30,92.1,training,68.54160470877736,67.52473805554743,83.49907019163301,64.68985744778844
2004-08-31,90.8,training,67.56488807508184,60.43146645179684,77.10358934520524,57.97023134337031
2004-09-01,88.3,training,66.6020896358405,61.795187171267166,79.13598661152045,59.702350467509106
2004-09-02,85.8,training,65.65301105703278,59.44308075067299,77.40687485152351,57.69587541286048
2004-09-03,83.4,training,64.71745683089445,58.301792234535505,76.84496466636477,56.87859735592918
2004-09-04,81.0,training,63.79523423564332,59.160360658567555,78.24127626966668,58.040648857373114
2004-09-05,78.7,training,62.88615329577914,59.552644916764926,79.13156868508825,58.7169320217616
2004-09-06,76.3,training,61.99002674294914,67.55375341848155,87.39696266332376,66.78774040984804
2004-09-07,75.2,training,61.10666997737118,64.24490326129025,84.51961298330497,63.73443036708387
2004-09-08,79.8,training,60.23590102980674,58.45346122040142,73.54472495254177,53.324067096185786
2004-09-09,75.2,training,59.377540524075606,53.14094408820969,67.8043580031466,47.60744071601471
2004-09-10,72.9,training,58.53141164010498,66.93009783015819,81.71364647893301,61.41941527849047
2004-09-11,72.9,training,57.69734007750485,95.63154789416127,110.97143487228918,90.53976871230572
2004-09-12,72.9,training,56.87515401966267,84.60087158065085,100.45855697708942,79.90537849744983
2004-09-13,74.0,training,56.06468409834954,66.94931038747406,83.28800146693195,62.62856088728468
2004-09-14,72.9,training,55.265763358830725,44.989507795341865,61.77408756676821,41.02298631657207
2004-09-15,72.9,training,54.47822722547349,28.48708825373441,44.36346718476298,23.534680756101086
2004-09-16,70.6,training,53.7019134678449,33.779079658561095,43.69358172976766,24.812877774388845
2004-09-17,65.2,training,52.93666216729279,37.08660400077673,48.334850404506355,27.51488968937954
2004-09-18,62.0,training,52.18231568400285,41.053889736569445,49.36573865387635,31.837966663261437
2004-09-19,59.9,training,51.43871862452535,40.35245992834057,47.23207029724592,30.869348568418168
2004-09-20,59.9,training,50.705717809764394,35.05266584632104,41.113676280003595,25.54944033761802
2004-09-21,58.9,training,49.98316224342344,37.41250097835347,40.49286245527125,27.81999465803021
2004-09-22,57.9,training,49.27090308090049,39.02788502147071,41.50111234858169,29.46560685934997
2004-09-23,55.8,training,48.568793598626385,37.61603284621717,42.90398312865633,28.64340500388613
2004-09-24,55.8,training,47.876689163840254,42.519318027076515,52.85040152327236,32.62472847838992
2004-09-25,53.9,training,47.19444720479542,47.430623921938434,49.83426241779931,39.14777013078997
2004-09-26,53.9,training,46.521927181390055,53.61376916314134,56.858677328588755,45.86734845255241
2004-09-27,52.9,training,45.85899055621622,54.086040699699915,58.125587534146284,46.84856893631344
2004-09-28,51.9,training,45.20550076602159,44.6737972869896,49.46336761489586,37.91906332911768
2004-09-29,51.0,training,44.56132319357771,50.200354837899525,55.697268157770985,43.90336475562184
2004-09-30,50.0,training,43.926325139949185,54.10861687934773,60.27204939870942,48.24554053592119
2004-10-01,49.1,training,43.30037579715809,52.619407676188246,59.41031740863179,47.16752757308757
2004-10-02,48.1,training,42.683346221237834,38.70556802648358,46.08662283167946,33.64323031836869
2004-10-03,48.1,training,42.075109305671006,32.55610203104984,40.15803898109831,27.52909811863547
2004-10-04,47.2,training,41.475539755205794,39.472224567468686,46.82063918335491,34.02060183588892
2004-10-05,45.4,training,40.884514060045476,35.842026980206526,43.72098632023834,30.763722687829237
2004-10-06,45.4,training,40.301910470405694,25.16230518816451,33.53899655886063,20.437815298673492
2004-10-07,45.4,training,39.72760897143434,27.699855073928326,33.03255990285382,19.80022759281503
2004-10-08,43.6,training,39.16149125848878,26.678881406844177,32.53377040725318,19.182530373132373
2004-10-09,42.7,training,38.60344071276543,25.64743810032332,32.042512600436375,18.584103126656593
2004-10-10,42.7,training,38.05334237727653,24.781614470866053,31.558672754395012,18.00434469823342
2004-10-11,42.7,training,37.51108293316934,23.82352218877367,31.08213885840621,17.442672686627727
2004-10-12,40.9,training,36.97655067638272,22.989626370750862,30.612800593101674,16.898522859467437
2004-10-13,40.9,training,36.449635494636425,22.100814884320126,30.15054930492837,16.371348586439147
2004-10-14,40.1,training,35.93022884474819,21.24636610764688,29.695277980994792,15.860620290165995
2004-10-15,45.5,training,37.87158373278523,29.493756911846955,29.70503986189765,20.926351342645724
2004-10-16,41.0,training,37.331914346091295,28.353486535178398,29.25649570143636,20.27352303641225
2004-10-17,40.5,training,36.79993523844641,27.257300624784992,28.81472452848222,19.641060669297424
2004-10-18,40.9,training,36.27553682351252,26.203494812819837,28.37962407136653,19.028328895878516
2004-10-19,39.4,training,35.75861107655489,25.19043062470873,27.95109360271612,18.43471219126768
2004-10-20,39.4,training,35.24905151218935,24.216532931622975,27.529033916134562,17.859614232781176
2004-10-21,40.3,training,34.7467531624465,23.280287501443254,27.113347303235532,17.30245730089839
2004-10-22,40.8,training,34.25161255514865,23.80480079522749,26.703937531022948,17.97722176417492
2004-10-23,39.4,training,33.763527692594735,22.88447351205283,26.300709819612695,17.416395892386507
2004-10-24,40.8,training,35.739058810244316,24.07410892917588,28.419322959850316,18.44770303425185
2004-10-25,40.3,training,35.22977786532186,25.89189399165415,27.99019304057843,20.079001465086627
2004-10-26,39.8,training,34.72775416470004,24.89087673221282,27.5675429550406,19.452607484469517
2004-10-27,42.1,training,34.23288429277818,25.733003351903943,27.15127485817095,20.338085316274807
2004-10-28,36.7,training,33.74506630762604,24.738129029429867,26.741292382357702,19.703608833888794
2004-10-29,36.7,training,33.264199719984035,23.781717956036477,26.337500615133717,19.088925778486733
2004-10-30,35.0,training,32.790185472562754,24.05025504237946,25.93980607720391,19.49658563775768
2004-10-31,35.0,training,32.322925919637356,23.12043815068557,25.548116700804442,18.888360975425115
2004-11-01,35.0,training,31.862324806932815,22.226569295740376,25.162341808388685,18.299110775941738
2004-11-02,33.4,training,31.408287251795805,21.49854443135348,24.78239209163504,17.72824310303348
2004-11-03,40.2,training,30.960719723649103,22.544476242797227,24.40817959077173,18.714852259252932
2004-11-04,38.4,training,30.519530024724528,23.564429615635245,24.03961767421379,19.755159243889867
2004-11-05,36.7,training,30.084627271070424,23.131898227886566,23.67662101850751,19.482935695574902
2004-11-06,38.4,training,29.655921873829833,25.093864766786307,23.319105588577763,21.378479145539792
2004-11-07,36.7,training,29.233325520785368,24.14896464660523,22.966988618273568,20.711546047556844
2004-11-08,33.4,training,28.816751158167182,23.21533150193523,22.62018859120741,20.065418908414888
2004-11-09,35.0,training,28.40611297272006,22.46513014756947,22.27862522188389,19.464094858962913
2004-11-10,33.4,training,28.00132637402613,23.462628106193666,21.94221943711336,20.473480805600918
2004-11-11,31.8,training,27.602307977079462,22.55552970336058,21.61089335770615,19.834780461801085
2004-11-12,31.8,training,27.208975585108963,21.683501008349573,21.284570280443276,19.21600531455397
2004-11-13,30.3,training,26.821248172646033,20.845186176631664,20.963174660319343,18.616533768049404
2004-11-14,30.3,training,26.439045868833556,20.039281782545928,20.6466320930536,18.03576361807268
2004-11-15,30.3,training,26.062289940972683,19.264534792711867,20.334869297865072,17.47311144705522
2004-11-16,30.3,training,25.690902778304118,18.519740617792547,20.02781410050779,16.928012037997526
2004-11-17,30.3,training,25.324807876020472,17.803741239579324,19.72539541656218,16.39991780667566
2004-11-18,28.9,training,24.9639298195065,17.11542341048614,19.427543234978753,15.888298251560865
2004-11-19,31.8,training,24.608194268803864,19.874644589608135,19.1341886018703,18.41621183189538
2004-11-20,36.7,training,24.25752794329728,23.242633883967923,18.845263604548798,21.50418248528033
2004-11-21,33.4,training,23.91185860661894,23.043305744028107,18.560701355803374,21.39107212822376
2004-11-22,31.8,training,23.57111505176795,22.238537116348613,18.280435978415667,20.73708278625635
2004-11-23,30.3,training,23.235227086441917,21.814904688057425,18.004402589909017,20.425773695886377
2004-11-24,31.8,training,22.904125518577484,20.971509604142284,17.732537287527904,19.788561645536287
2004-11-25,35.0,training,22.577742142096955,20.306452802465916,17.464777133444255,19.23324960578158
2004-11-26,33.4,training,22.25600972285801,20.862039203733868,17.201060140187078,19.785747360733104
2004-11-27,31.8,training,21.938861984803655,20.055483247772877,16.941325256292146,19.16850187318612
2004-11-28,31.8,training,21.626233596309504,19.28010988636763,16.685512352168345,18.57051226639769
2004-11-29,42.1,training,21.31806015672566,24.456117759207075,16.433562206177474,23.277079687260933
2004-11-30,33.4,training,21.01427818311031,23.510609640574,16.18541649092418,22.55091695313305
2004-12-01,31.1,training,20.71482509715243,22.601656203726613,15.941017759752974,21.847407933453933
2004-12-02,29.9,training,20.419639212280796,21.727844192941223,15.70030943344911,21.165845912284823
2004-12-03,30.5,training,20.12865972095672,20.8878149909602,15.46323578714029,20.505546220730057
2004-12-04,29.9,training,19.841826682147843,20.080262506591616,15.229741937396142,19.8658455491471
2004-12-05,28.8,training,19.55908100898044,19.303931143977124,14.99977382952251,19.24610128081322
2004-12-06,29.4,training,19.28036445656767,18.557613850370995,14.773278225047584,18.645690846379477
2004-12-07,29.4,training,19.00561961001128,17.840150239394653,14.55020268939699,18.064011098463325
2004-12-08,29.4,training,18.7347898725743,17.150424786848895,14.330495579755016,17.500477705751894
2004-12-09,29.4,training,18.46781945402222,16.48736509627856,14.114106033109081,16.954524566006974
2004-12-10,29.4,training,18.204653359130376,15.849940231592907,13.900983954474775,16.42560323738224
2004-12-11,30.5,training,17.945237376355074,15.237159114149268,13.691080005298677,15.913182387481342
2004-12-12,29.4,training,17.68951806666614,14.648068981807707,13.484345592036297,15.416747259603463
2004-12-13,29.9,training,17.437442752538605,14.081753907560799,13.28073285490249,14.935799155640105
2004-12-14,32.2,training,17.188959507101302,21.088638357841713,13.080194656791743,21.149054447048957
2004-12-15,30.5,training,16.944017143440032,23.852275782463845,12.882684572365749,23.57118940087023
2004-12-16,29.9,training,16.7025652040532,22.93011304910425,12.688156877305783,22.835851481683168
2004-12-17,32.2,training,16.464553950457706,22.04360243190132,12.496566537727336,50.722886516636116
2004-12-18,34.7,training,16.229934352942944,33.0000288034826,12.307869199754618,30.84942006242608
2004-12-19,32.2,training,15.998658080470797,31.7242009940147,12.122021179252464,29.887027033757168
2004-12-20,30.5,training,15.770677490719564,30.49769849299138,11.938979451713289,28.954657270995888
2004-12-21,28.8,training,15.54594562026978,29.31861431419153,11.758701642296769,28.051374154207444
2004-12-22,28.2,training,15.32441617492986,28.1851151981798,11.581146016019895,27.17627028269338
2004-12-23,30.5,training,15.10604352019962,27.09543876192472,11.406271468095172,26.328466563454537
2004-12-24,29.9,training,14.890782671869673,26.047890758616617,11.23403751441471,25.507111328090716
2004-12-25,28.8,training,14.678589286754812,25.04084244342491,11.064404282178007,24.711379477250016
2004-12-26,28.2,training,14.46941965355942,24.072728041098877,10.89733250066124,23.940471651768284
2004-12-27,28.8,training,14.263230683873067,23.14204231147459,10.732783492125947,23.19361342966608
2004-12-28,29.4,training,14.059979903294376,22.247338209102832,10.570719162864991,22.47005454819657
2004-12-29,29.4,training,13.85962544268144,21.38722463335905,10.41110199438372,21.769068150162667
2004-12-30,29.4,training,13.662126029526862,20.560364265537295,10.253895034714306,21.08995005374658
2004-12-31,28.8,training,13.46744097945574,19.76547148956511,10.099061889861213,20.432018045117914
2005-01-01,29.2,training,13.275530187844778,19.001310393106586,9.946566715375862,19.794611193110068
2005-01-02,28.3,training,13.086354121560843,18.266692845945585,9.796374208058504,19.177089185276166
2005-01-03,27.3,training,12.899873810817235,17.560476652661347,9.6484495977854,18.57883168465785
2005-01-04,27.8,training,12.716050841146012,16.881563776724324,9.502758639459408,17.99923770662046
2005-01-05,27.8,training,12.53484734548472,16.22889863325094,9.359267605082108,17.437725015128912
2005-01-06,27.3,training,12.356225996375843,15.601466447762904,9.217943275945663,16.893729537857507
2005-01-07,26.8,training,12.180149998277482,14.998291678399202,9.07875293494254,16.36670479954631
2005-01-08,27.8,training,12.006583079983539,14.41843649912756,8.941664358991405,15.856121373034831
2005-01-09,27.3,training,11.835489487151953,13.860999341597186,8.806645811577337,15.361466347421466
2005-01-10,26.3,training,11.666833974939392,13.325113493365452,8.673666035404716,14.88224281281451
2005-01-11,26.3,training,11.500581800740909,12.809945750319196,8.54269424516105,14.417969361157137
2005-01-12,26.3,training,11.336698717033048,12.314695121195271,8.413700120390049,13.968179602624856
2005-01-13,26.3,training,11.175150964318954,11.838591582186194,8.286653798472328,13.532421697109653
2005-01-14,25.8,training,11.015905264173988,11.380894879694477,8.161525867712106,13.110257900320205
2005-01-15,25.8,training,10.858928812390463,10.94089337937419,8.03828736052829,12.701264124042146
2005-01-16,25.8,training,10.704189272220068,10.517902959670202,7.916909746748364,12.305029510116652
2005-01-17,25.8,training,10.551654767712565,10.111265948134752,7.79736492700355,11.92115601770941
2005-01-18,25.3,training,10.40129387714944,9.720350098867533,7.679625226223708,11.549258023455323
2005-01-19,23.9,training,10.253075626571098,9.34454760948939,7.563663387230446,11.188961934077305
2005-01-20,24.4,training,10.106969483396314,8.9832741761212,7.449452564426981,10.839905811089979
2005-01-21,26.3,training,9.962945350132596,8.635968084898614,7.33696631758329,10.501739007211324
2005-01-22,25.8,training,9.82097355817617,8.302089338610122,7.226178605715094,10.174121814116972
2005-01-23,25.3,training,9.68102486170035,7.981118817100519,7.117063781055278,9.85672512118334
2005-01-24,24.8,training,9.543070431630934,7.672557470134368,7.0095965831163305,9.549230084876761
2005-01-25,26.3,training,9.40708184970752,7.375925541464504,6.903752132842452,9.251327808456523
2005-01-26,24.8,training,9.273031102629403,7.090761822899149,6.799505926849957,8.962719031670034
2005-01-27,25.3,training,9.140890576284912,6.816622937207834,6.696833831754654,8.68311383012839
2005-01-28,25.3,training,9.010633050062962,6.553082648751216,6.59571207858488,8.412231324060397
2005-01-29,24.8,training,8.882231691245694,6.299731200762903,6.496117257278881,8.149799396152403
2005-01-30,24.4,training,8.755660049480992,6.056174678252908,6.398026311265315,7.89555441819056
2005-01-31,23.9,training,8.630892051333786,5.822034395542156,6.301416532125553,7.649240986230859
2005-02-01,25.3,training,8.507901994914977,5.596946307475777,6.206265554336608,7.410611664030946
2005-02-02,25.3,training,8.386664544586933,5.380560443399724,6.112551350093426,7.179426734485951
2005-02-03,25.8,training,8.267154725744401,5.172540363020647,6.020252224209372,6.9554539588186355
2005-02-04,22.7,training,8.149347919669797,4.972562633303015,5.929346809093706,6.738468343281972
2005-02-05,23.1,training,8.033219858461827,4.780316325590116,5.839814059804916,6.52825191313976
2005-02-06,24.8,training,7.918746620036347,4.595502532167074,5.751633249178733,6.324593493698273
2005-02-07,25.3,training,7.805904623198488,4.417833901514237,5.664783963029708,6.127288498168923
2005-02-08,25.3,training,7.6946706227849795,4.247034191528314,5.5792460954252645,5.93613872214888
2005-02-09,25.8,training,7.585021704875708,4.082837840016614,5.4949998440310885,5.750952144513151
2005-02-10,25.8,training,7.4769352820735175,3.924989551796597,5.412025705526822,5.571542734518141
2005-02-11,26.3,training,7.370389088851244,3.7732439017587223,5.3303044710909715,5.397730264922903
2005-02-12,25.8,training,7.26536117696509,3.627364953275474,5.249817221953989,5.229340130940316
2005-02-13,25.3,training,7.161829910933341,3.4871258913632106,5.170545325018512,5.066203174836391
2005-02-14,24.8,training,7.059773963579501,3.3523086700265066,5.092470428545731,4.908155516001427
2005-02-15,24.4,training,6.95917231163896,3.222703673236662,5.015574457906893,4.755038386322354
2005-02-16,23.9,training,6.860004231428246,3.0981093890172566,4.939839611398956,4.606697970690897
2005-02-17,23.5,training,6.762249294576009,2.9783320961300257,4.865248356123434,4.46298525248729
2005-02-18,23.9,training,6.665887363814817,2.863185562873894,4.791783423927459,4.3237558638843785
2005-02-19,24.4,training,6.570898588832941,2.752490757528875,4.719427807406142,4.1888699408217
2005-02-20,24.8,training,6.477263402185237,2.6460755699946126,4.648164755965302,4.058191982503849
2005-02-21,24.8,training,6.384962515262299,2.543774544190766,4.577977771943627,3.9315907152820166
2005-02-22,24.8,training,6.293976914317061,2.4454286208031903,4.508850606793419,3.808938960781926
2005-02-23,25.3,training,6.204287856548009,2.350884889975895,4.440767257318988,3.6901135081457292
2005-02-24,25.8,training,6.115876866238213,2.259996353564297,4.373711961971846,3.574994990259492
2005-02-25,24.8,training,6.028725730949378,2.172621696580086,4.307669197201867,3.463467763841951
2005-02-26,24.8,training,5.942816497770127,2.088625067472366,4.242623673863511,3.3554197932740766
2005-02-27,24.8,training,5.858131469617745,2.0078758669034324,4.178560333676337,3.2507425380527444
2005-02-28,24.4,training,5.77465320159263,1.9302485446907767,4.115464345738957,3.149330843755454
2005-03-01,24.4,training,5.692364497384683,1.8556224045996037,4.053321103095622,3.0510828364065636
2005-03-02,25.3,training,5.611248405730916,1.7838814166823442,3.992116219354661,2.9558998201389275
2005-03-03,25.8,training,5.531288216923533,2.917404731209588,3.9318355253579775,3.754256310634491
2005-03-04,26.8,training,5.452467459367774,7.119724777868485,3.8724650659008355,7.026222805605856
2005-03-05,29.3,training,5.374769896188807,13.89167576422072,3.813991096501179,12.402947849126688
2005-03-06,30.8,training,5.298179521886974,21.18280760538246,3.7564000802177335,18.229190489506507
2005-03-07,33.9,training,5.2226805590406995,28.08698586338564,3.699678684516151,23.78979010810908
2005-03-08,35.0,training,5.148257455056383,34.92280133470276,3.6438137781824813,29.338389556525108
2005-03-09,36.6,training,5.074894878964601,40.51200806141256,3.5887924282832486,33.937528391681674
2005-03-10,37.9,training,5.0025777182619695,45.87129087506148,3.5346018971714246,38.48723021005401
2005-03-11,41.2,training,4.931291075798004,51.379447882258845,3.4812296395376197,43.172070649034765
2005-03-12,62.2,training,4.861020266706349,60.91927466953221,3.4286632995057973,56.825526351854144
2005-03-13,105.0,training,22.500171558932337,77.61196697238319,20.23676536763115,116.0629838916913
2005-03-14,96.3,training,22.17954451910761,85.98369577244887,19.93119153320855,74.66051375135386
2005-03-15,86.2,training,21.863486408830706,82.87517325271321,19.630231843714128,77.48998901149271
2005-03-16,87.2,training,21.551932120937792,82.34630251879626,19.333816625861036,77.3846414093176
2005-03-17,87.2,training,21.24481747604094,79.51738800439547,19.041877258424503,75.1993546415064
2005-03-18,81.2,training,20.942079209307344,76.69806581250668,18.754346156355776,72.99271457503532
2005-03-19,75.2,training,20.643654957426936,75.34933565457702,18.47115675513591,72.09065638798758
2005-03-20,70.2,training,20.349483245765686,72.43622371684155,18.192243495365854,69.84168233921874
2005-03-21,68.2,training,20.059503475701998,69.63573680875037,17.917541807589195,67.66286834343671
2005-03-22,66.4,training,19.773655912143532,66.94352068729005,17.646988097344085,65.55202565460516
2005-03-23,65.6,training,19.491881671221964,64.35538945064334,17.380519730440913,63.507033807839235
2005-03-24,65.6,training,19.214122708163,61.86731902988049,17.11807501846221,61.52583848927482
2005-03-25,64.3,training,18.94032180532936,59.475440932270644,16.859593204481605,59.60644947238998
2005-03-26,62.9,training,18.670422560434062,58.29884812348989,16.60501444899833,58.108242866227904
2005-03-27,61.6,training,18.404369374921693,56.04493216060309,16.354279816084162,56.2954707710153
2005-03-28,60.2,training,18.14210744251525,53.87815577819298,16.10733125973956,54.539250767332064
2005-03-29,57.2,training,17.883582737926208,51.79515003677352,15.864111610455772,52.83781862951253
2005-03-30,55.2,training,17.62874200572541,49.792676244826275,15.624564561979888,51.18946516950533
2005-03-31,54.6,training,17.377532749372616,50.61550081931629,15.388634658279743,51.83512726653724
2005-04-01,54.6,training,17.12990322040235,50.69187964931897,15.156267280705633,52.115769393031634
2005-04-02,55.2,training,16.885802407763823,49.17766802637668,14.927408635345891,50.795949778726325
2005-04-03,62.2,training,16.6451800273128,47.27638979275859,14.702005740573405,49.2112954204681
2005-04-04,86.4,training,16.407986511453217,52.07537322661576,14.480006414780167,53.44085006531684
2005-04-05,97.0,training,16.174172998926338,57.71488526900274,14.261359264297038,58.5780615879643
2005-04-06,87.6,training,15.943691324745497,55.4835461363935,14.046013671495928,56.75063280677114
2005-04-07,78.7,training,15.716494010274227,53.33847373205562,13.833919783071618,54.98021335398189
2005-04-08,72.4,training,15.492534253445756,51.27633286220437,13.625028498500548,53.26502473975416
2005-04-09,68.8,training,15.271765919121941,49.29391727636619,13.419291458673845,51.603343956851774
2005-04-10,65.2,training,15.054143529589524,47.3881446822477,13.216661034702021,49.993501749783306
2005-04-11,63.2,training,14.839622255191829,45.556051953337125,13.017090316888714,48.433880937937325
2005-04-12,63.2,training,14.628157905093998,46.00445937072646,12.8205331038709,48.683951516626095
2005-04-13,64.2,training,14.419706918179765,44.573322314575805,12.626943891923128,47.52812176591862
2005-04-14,64.2,training,14.214226354077988,43.51277944797226,12.43627786442322,46.5452234765044
2005-04-15,62.2,training,14.011673884317045,43.11915394388596,12.248490881477064,46.17148304983419
2005-04-16,62.2,training,13.812007783605267,41.452106437656774,12.06353946970007,44.73109573232393
2005-04-17,65.2,training,13.615186921235647,39.84950934693531,11.881380812152909,43.335643415541384
2005-04-18,73.7,training,16.701265205515444,41.463427231023346,15.10330978153759,44.362451299256485
2005-04-19,83.8,training,23.06060198532683,47.16858405208893,21.781542952547046,48.68809576214531
2005-04-20,87.6,training,25.986368102520288,48.260686729594475,24.60155879846753,49.12778135795359
2005-04-21,95.6,training,28.033618293666102,48.47399245536679,26.71887591952619,49.109526841249924
2005-04-22,103.0,training,32.654358775889605,51.93867636706558,31.554790358387965,51.705704510777416
2005-04-23,110.0,training,37.45517237677471,55.579106464104456,36.577354609273094,54.46856334927271
2005-04-24,115.0,training,42.133407342473,58.805652310583554,41.40516068223236,56.98270661170592
2005-04-25,121.0,training,45.062044537798755,59.74988190177028,44.35598644769331,57.68470777102244
2005-04-26,119.0,training,49.42660776545537,62.76596328884814,48.909775832759095,60.00127828634082
2005-04-27,124.0,training,55.577243161121714,67.96127743813466,55.34111509758877,64.09144810674621
2005-04-28,139.0,training,61.02504920642354,72.12759125727544,61.007743764149424,67.40578353682736
2005-04-29,153.0,training,66.13805613455598,75.85822049955071,66.33048787862984,70.38323499792695
2005-04-30,163.0,training,72.33330411050706,80.55661139225857,72.691056058596,74.24756915668743
2005-05-01,161.0,training,78.37932545083682,85.3385818572122,78.99372718291622,78.11349767732428
2005-05-02,163.0,training,83.99010839137361,89.50221819349994,84.83296284696108,81.51008372380461
2005-05-03,169.0,training,90.05673013321133,94.18359324918104,91.15143407584361,85.34253214549634
2005-05-04,173.0,training,96.36383196498169,99.11310386542658,97.72481093696518,89.39381306943643
2005-05-05,169.0,training,104.73903054055711,106.33918253564431,106.41300860486069,95.37194260880874
2005-05-06,173.0,training,112.63207982172884,113.01486744699129,114.41069862898672,100.48554261452094
2005-05-07,176.0,training,118.27440530649656,116.7594561484336,120.2052616199059,103.60656840084346
2005-05-08,176.0,training,129.0363825825462,127.4844018061072,131.108107115637,111.32683116608764
2005-05-09,171.0,training,134.42901414593024,131.69846350534917,136.14074265016882,115.43553206872808
2005-05-10,165.0,training,134.25513560938285,127.86052358253596,135.78584129435964,112.6217146662114
2005-05-11,165.0,training,136.44681972594546,127.12316368684856,137.99943946668034,112.32108007218622
2005-05-12,169.0,training,141.72946884122646,130.3961322733213,143.30221581610218,115.12861343624978
2005-05-13,168.0,training,146.63364084043332,133.8565926198292,147.9470939206398,118.67061534642193
2005-05-14,158.0,training,147.18627052477802,131.25633939730074,148.27286937283696,116.9479207472037
2005-05-15,152.0,training,145.08886881841343,126.41839703674381,146.03395873608224,113.37624161896642
2005-05-16,147.0,training,143.02135504862179,122.71425210487327,143.82885550361243,110.77651945210685
2005-05-17,142.0,training,142.3143536925938,118.62906826463352,142.96336459968907,107.70605996936264
2005-05-18,141.0,training,143.6975730930209,117.48047830138967,144.22273725016493,106.79853022530394
2005-05-19,136.0,training,141.6498852622798,114.8105966701637,142.0449833437552,105.02383342707691
2005-05-20,128.0,training,139.63137694627866,110.8892326703355,139.90011337899924,102.08586866707005
2005-05-21,126.0,training,137.64163233745754,106.8998034489555,137.7876308105273,99.03358082875616
2005-05-22,125.0,training,135.68024155350668,104.64410235103142,135.70704659077228,97.50040332602615
2005-05-23,126.0,training,138.76022703626072,105.90237616691145,138.8637087314157,98.56126003198312
2005-05-24,128.0,training,145.06307467748323,111.32655866145313,145.29666461990476,102.7950286027142
2005-05-25,129.0,training,150.58152823644267,115.86192169031638,150.84178115497875,106.61851457258398
2005-05-26,131.0,training,156.14984943615337,120.5001912570388,156.3835307812192,110.63004659034108
2005-05-27,133.0,training,162.64786332821262,126.10111933336825,162.96326870198268,115.33724938279626
2005-05-28,142.0,training,170.56748044656518,133.113180021452,171.16781693720068,120.99343112474703
2005-05-29,155.0,training,179.56343754709636,141.8840573231566,180.51050549877687,127.8192557290659
2005-05-30,163.0,training,190.84747468604127,155.3934253850059,192.3054374704705,138.84127971331694
2005-05-31,169.0,training,204.493399516857,173.29462266714552,206.385543779792,153.3221910312947
2005-06-01,182.0,training,217.6925616098508,190.0775308699626,220.1047479455922,169.77372090994865
2005-06-02,199.0,training,232.09085237552983,209.4266243565065,235.1671936807683,194.21994592800482
2005-06-03,223.0,training,248.52563332588468,232.72202347563015,259.83918608772234,228.58385562337207
2005-06-04,252.0,training,267.3339588615256,259.4406872694315,295.0910802158671,236.44194867943847
2005-06-05,270.0,training,283.9664923384974,258.6412059458173,284.3073552663713,246.9762226210651
2005-06-06,262.0,training,291.7182003829822,258.1564226090397,281.68974272307435,257.18067023120665
2005-06-07,249.0,training,288.76275986046596,256.7112216116745,286.16455513206324,259.63175245831656
2005-06-08,247.0,training,284.6478957287334,253.9752165202492,282.4109223151354,260.2813231547175
2005-06-09,259.0,training,281.19000878563423,252.78394917503752,270.8781552269536,254.20543472295202
2005-06-10,265.0,training,279.512638265225,253.46030124314794,269.81171542828076,253.4237538386437
2005-06-11,262.0,training,277.1998240145327,252.70443363043836,263.0442231548051,248.93847763350988
2005-06-12,259.0,training,274.89791805808113,251.4265368280303,266.54259618539254,247.78151099023526
2005-06-13,265.0,training,270.980627672535,247.39212902860297,270.99485689362047,252.6811516602199
2005-06-14,265.0,training,267.11915860449136,245.77745178285645,282.8295031541147,276.8513675738141
2005-06-15,270.0,training,263.3127154011803,246.9097500296421,286.98367998894565,297.93708474450744
2005-06-16,282.0,training,259.56051394501964,249.4616406367268,282.86175344812784,299.61694545670696
2005-06-17,293.0,training,255.8617812920884,251.93610290196887,277.42610077102665,296.53013083846764
2005-06-18,307.0,training,252.2157555129029,254.27253950472584,268.52599234556413,285.7232048215974
2005-06-19,318.0,training,248.6216855354606,255.57040797481446,247.36461926087253,259.7012244998212
2005-06-20,312.0,training,245.07883099052165,258.9169487234031,255.5972142568713,264.14851010312185
2005-06-21,310.0,training,241.58646205909452,258.38555280813927,263.5775318609321,291.3488179113742
2005-06-22,304.0,training,238.14385932209507,260.4948637603119,269.99952145964846,315.6817294790605
2005-06-23,298.0,training,234.75031361214835,264.2628886684392,273.42102087019725,346.4641810575497
2005-06-24,327.0,training,231.40512586750162,267.92127634974156,222.55847000715104,256.07955212349293
2005-06-25,315.0,training,230.53267483510442,272.27641592061696,214.25173000153907,242.86505997190667
2005-06-26,284.0,training,227.2475883671342,265.32728559956297,216.66536290393074,238.2819171611327
2005-06-27,265.0,training,224.00931432221756,259.9748662884275,221.55249297339307,240.23975356839296
2005-06-28,234.0,training,220.81718562416827,256.3205562869686,218.63177579018247,238.62922189357823
2005-06-29,235.0,training,217.6705447026239,266.4669743971666,222.11530379961584,246.39770672260963
2005-06-30,230.0,training,214.56874335758783,284.43507079258666,223.59259019987135,255.14204505489332
2005-07-01,230.0,training,211.5111426259017,285.1409019803819,229.59864640267196,268.7526597403509
2005-07-02,230.0,training,208.49711264962062,271.2163767625941,222.07752289576618,251.29407260566316
2005-07-03,223.0,training,205.52603254626413,267.0596393552305,221.61384328618976,267.688116422686
2005-07-04,220.0,training,202.59729028091598,265.88155418748244,223.6548324126188,266.490273545029
2005-07-05,220.0,training,199.7102825401464,266.41958385630846,229.18249220510884,267.9623114845107
2005-07-06,220.0,training,196.86441460773113,268.91790983203924,236.49757616048652,271.3622865764915
2005-07-07,219.0,training,194.05910024214148,268.65673268141904,241.49377331218574,272.5354368907349
2005-07-08,219.0,training,191.2937615557799,263.7644592932985,241.59515718748426,268.9743437213026
2005-07-09,219.0,training,188.56782889593674,248.86033846174917,231.43208518897922,255.3037315688753
2005-07-10,217.0,training,185.88074072744328,237.96047333209123,225.03132581073865,245.54492116995846
2005-07-11,214.0,training,183.23194351699672,230.57291974529326,221.62988090180002,238.92964584232413
2005-07-12,209.0,training,180.62089161913406,221.23273162980064,216.2947921002855,230.51985218783915
2005-07-13,205.0,training,178.04704716383006,202.06701522949692,200.97460612015777,212.25915982884442
2005-07-14,193.0,training,175.5098799456979,178.4266136479194,180.90725259838823,189.38073388018177
2005-07-15,178.0,training,173.00886731476785,163.85286417726,167.2221657005443,173.0094013493772
2005-07-16,164.0,training,170.5434940688229,161.41849369324922,166.938309617746,170.19125557464824
2005-07-17,155.0,training,168.11325234726834,167.5839855678349,176.26514428100506,177.0672958205524
2005-07-18,153.0,training,165.71764152651377,178.19191602491134,189.9243566848861,188.38764443089306
2005-07-19,151.0,training,163.35616811684602,174.15639562761515,188.77100926986228,185.00333634327407
2005-07-20,151.0,training,161.02834566077138,174.01547463659617,191.35046253061438,185.4558382818502
2005-07-21,151.0,training,158.73369463280667,170.41183454721687,190.31241391173796,182.39108335892155
2005-07-22,149.0,training,156.47174234069826,149.28352094168608,170.6870477845829,160.83561689346604
2005-07-23,145.0,training,154.24202282804862,152.88662939719808,172.0787335893216,161.16902984416535
2005-07-24,140.0,training,152.0440767783305,144.807919238892,163.96934755275083,151.79647463765542
2005-07-25,138.0,training,149.87745142026884,152.37610632722857,167.52224223619032,156.26928895387817
2005-07-26,137.0,training,147.74170043457121,150.72590358358664,168.137557359227,155.18699333279207
2005-07-27,135.0,training,145.636383861987,149.87448665421576,169.56645336669385,155.00217273994318
2005-07-28,135.0,training,143.56106801267703,145.03565600603372,166.8564784621423,150.75929106603886
2005-07-29,130.0,training,141.51532537687442,141.26233210563242,164.70073760609463,147.14847223178785
2005-07-30,129.0,training,139.49873453681886,139.62428478362384,164.369831935352,145.437436278949
2005-07-31,127.0,training,137.51088007994565,135.43003923160728,161.06904603786424,140.85318151056183
2005-08-01,138.0,training,135.55135251331143,131.01028782660697,155.85412473868286,134.9451837667255
2005-08-02,134.0,training,133.61974817924013,119.79800521618108,146.35722090106276,124.25887851061886
2005-08-03,126.0,training,131.7156691721702,121.78065113060809,147.14033708259115,124.84992467055994
2005-08-04,121.0,training,129.83872325668713,119.25235834999039,144.36326943618363,121.87029548967011
2005-08-05,118.0,training,127.98852378672409,128.90906908179326,152.52163936127093,130.66823904649044
2005-08-06,114.0,training,126.16468962591374,134.40257635669354,158.19268602567902,135.85898228745378
2005-08-07,118.0,training,124.36684506907508,121.50337066328422,146.84601675640022,123.50226964174402
2005-08-08,114.0,training,122.59461976481919,118.66162378772862,141.33539422755464,119.01083893467961
2005-08-09,111.0,training,120.84764863925783,128.91539855934346,148.4078662395119,127.88486720690658
2005-08-10,107.0,training,119.125571820799,126.45560212852259,147.39943613462324,125.88606115277933
2005-08-11,113.0,training,117.42803456601446,108.00839888045991,126.2258621601927,106.09857880844774
2005-08-12,110.0,training,118.23938399214559,110.39145433527439,122.88869503762604,107.79623183260372
2005-08-13,102.0,training,118.99609241190468,118.61132375619755,128.4153471300476,115.5401972576472
2005-08-14,98.4,training,117.30040023636691,131.46167204048203,142.26562798389799,128.50008204751796
2005-08-15,97.1,training,115.62887164381662,122.58008508463567,135.20989151657986,120.34105446218176
2005-08-16,93.3,training,114.65116479371349,115.97758744628518,126.67216303511655,112.50375120197114
2005-08-17,90.9,training,114.89021935837037,112.46687804539647,121.65046028211117,108.58862404011026
2005-08-18,86.1,training,114.39116302431997,116.22136864442058,124.8628509821441,112.14445519303858
2005-08-19,83.7,training,112.8524506312064,119.81701823007421,129.12138844409887,115.76348941972523
2005-08-20,83.7,training,111.2443052404889,121.33930648784384,132.4154168114604,118.01651679522472
2005-08-21,83.7,training,109.65907589265058,116.39905563662035,129.10833391239674,113.72291994244073
2005-08-22,83.7,training,108.0964360344928,86.51008565234723,100.67713568936983,84.35766262861924
2005-08-23,80.1,training,106.55606376619409,88.68416734820646,100.75301297152927,84.69959638560886
2005-08-24,76.5,training,105.9565966337673,77.86789211577806,88.57683897074864,73.32199328994643
2005-08-25,74.1,training,108.60856743823956,93.48666616824663,100.15396591164797,88.26085678255167
2005-08-26,71.8,training,107.06089730665326,79.78547144444796,88.04331746946133,75.13439042338823
2005-08-27,68.2,training,109.90209939725275,83.75864512788493,87.41542351129112,78.00289538163983
2005-08-28,64.7,training,110.11635092993404,83.46405713065528,87.68293301122661,77.94440938907542
2005-08-29,62.3,training,108.54719491072362,80.23721857810622,86.35892645351275,75.51281890640288
2005-08-30,61.2,training,107.00039933655002,77.65576024891759,85.05491230828633,73.17957118366017
2005-08-31,58.8,training,105.47564557147385,79.88972500172133,95.2458542294107,75.39035082121408
2005-09-01,57.6,training,103.9726195201121,89.56507599656429,98.67344332261816,86.2309423570279
2005-09-02,57.6,training,102.49101156293534,110.79552710745448,118.94749163044034,106.72085438098763
2005-09-03,57.6,training,101.03051649248684,114.17522307361372,123.926622961774,110.77341188883288
2005-09-04,58.8,training,99.59083345051067,115.82360731463078,127.08369577071981,113.05256744841145
2005-09-05,61.2,training,98.1716658659756,125.89427191566325,138.57624708661456,123.71404194077355
2005-09-06,62.3,training,96.77272139398225,126.26039790901406,140.28124377702147,124.63304724594028
2005-09-07,63.5,training,95.39371185554086,101.36695132715904,116.64728485166928,100.25648657084302
2005-09-08,63.5,training,94.03435317820698,76.82290652409147,93.28683079153646,76.19518186507965
2005-09-09,62.3,training,92.6943653375635,66.02739341349294,83.57242834728204,65.82009676671713
2005-09-10,61.2,training,91.37347229953613,69.891496999908,88.38060827909425,70.00623254830398
2005-09-11,60.0,training,90.07140196353122,79.940827166115,99.41030317920337,80.45104420248883
2005-09-12,57.6,training,88.78788610638367,83.68473636756852,104.07107772042501,84.56266900882078
2005-09-13,57.6,training,87.52266032710361,84.1316131485992,105.37416193815227,85.35095818741455
2005-09-14,57.6,training,86.2754639924106,81.37761474052611,103.41843886235569,82.91346295435879
2005-09-15,56.5,training,85.04604018304369,82.38989419851164,105.17367621539893,84.21866469304722
2005-09-16,55.3,training,83.83413564083679,82.42046670089016,105.89439709466427,84.51984415884961
2005-09-17,55.3,training,82.63950071654816,73.22302059482068,97.33669523072703,75.57189530633407
2005-09-18,56.5,training,81.46188931843321,55.50708643428274,78.08937969424346,55.96246861072537
2005-09-19,52.0,training,80.30105886155032,51.149212029673706,71.39110753732159,49.01962334455291
2005-09-20,48.8,training,79.15677021778887,54.50650191761753,74.24738104776229,51.80997509621687
2005-09-21,46.8,training,78.0287876666096,60.877590185377784,81.31117884299441,58.579097565415665
2005-09-22,45.9,training,76.91687884648661,57.05575675590846,78.13328951590532,55.130744789822764
2005-09-23,44.9,training,75.82081470704159,54.53049947127098,76.20542821030587,52.95564980148784
2005-09-24,44.9,training,74.74036946186003,47.024814079885104,69.25271723974637,45.777986865084245
2005-09-25,44.9,training,73.67532054197972,34.58440864028088,57.26585168554142,33.5875359615827
2005-09-26,44.0,training,72.62544855004215,36.53075167644791,56.401141067854645,32.53972338052988
2005-09-27,42.0,training,71.59053721509729,36.350815363497574,55.54948752397943,31.82883270700733
2005-09-28,41.1,training,70.57037334805219,36.95334586855456,54.71069389295461,31.849995558355587
2005-09-29,40.1,training,69.56474679775465,35.52467722730137,53.88456599093663,30.85638810555841
2005-09-30,39.2,training,68.57345040770261,34.517688754372884,60.73640672283949,30.260223515585615
2005-10-01,38.2,training,67.59627997337049,48.46605872939243,69.51867460721394,42.28906162599792
2005-10-02,37.4,training,66.6330342001434,39.93578798804688,57.032745191869616,35.62813742929136
2005-10-03,38.2,training,65.68351466185123,33.83745857922587,50.70292969666417,29.552557256471825
2005-10-04,37.4,training,64.74752575989315,35.10825906999684,49.93731877207189,29.403601223579734
2005-10-05,36.5,training,63.82487468294489,34.22691669229905,49.18326852240238,28.631081775710644
2005-10-06,35.7,training,62.91537136724002,34.381878008097765,53.629909780047775,28.541507564322938
2005-10-07,34.8,training,62.01882845741748,37.08582966134431,50.380140528500746,31.330797701390036
2005-10-08,34.0,training,61.13506126792663,36.91349598877191,46.98874930840392,30.24789969191829
2005-10-09,33.4,training,60.26388774498266,35.86295527235724,46.279222264924044,29.391071633512823
2005-10-10,32.2,training,59.4051284290639,34.47644267448495,45.58040903342766,28.47417392885701
2005-10-11,31.0,training,58.55860641794363,33.14353461559891,44.89214783605403,27.58588019656689
2005-10-12,30.5,training,57.72414733024868,31.862158668370025,44.21427933777756,26.725298093657045
2005-10-13,30.0,training,56.901579269537294,30.63032252844232,43.54664660952115,25.89156311509384
2005-10-14,30.0,training,56.09073278888897,29.446110916765374,42.889095091826455,25.083837725349582
2005-10-15,30.0,training,55.291440855998715,29.19545249641174,42.24147255907289,24.39313839275127
2005-10-16,30.0,training,54.5035388187689,28.06671499055265,41.60362908423678,23.632158565933295
2005-10-17,28.9,training,53.72686437139134,27.012747862422327,40.97541700418271,22.894918623975567
2005-10-18,28.9,training,52.961257520912675,25.968396806298827,40.356690885478955,22.180677966255942
2005-10-19,28.0,training,52.206560554276244,25.35078307824087,39.74730749072909,21.488719096277883
2005-10-20,28.0,training,51.46261800583364,26.076735411964986,39.14712574541206,21.815080787895674
2005-10-21,27.5,training,50.7292766253191,25.169470957312825,40.666662448107175,21.235426295229292
2005-10-22,27.5,training,50.00638534628044,24.956752473472125,37.97381352390624,21.091087161673414
2005-10-23,27.1,training,49.29379525495967,24.96520993424501,37.40041142157672,20.880846566923076
2005-10-24,27.1,training,48.591359559617175,25.113382255771697,36.83566765351614,20.29243538454207
2005-10-25,26.6,training,47.898933560292996,24.142463361654553,36.279451479442905,19.659383018913196
2005-10-26,26.6,training,47.216374618999,23.209081565860238,35.73163413324517,19.0460796528516
2005-10-27,26.2,training,46.54354213033581,22.311785631051592,35.19208879317093,18.451909187271198
2005-10-28,26.2,training,45.88029749252847,21.449180426780444,34.66069055246836,17.876274743202973
2005-10-29,26.2,training,46.969280354606404,22.99207668708277,34.13731639046943,19.24540354976923
2005-10-30,25.8,training,46.29996895476436,22.10317046795538,33.62184514411015,18.64501488208154
2005-10-31,25.8,training,45.640195230325816,21.248630621085574,33.114157479880866,18.063356221865792
2005-11-01,25.4,training,44.98982326958791,20.427128493892546,32.61413586620015,17.499843258992943
2005-11-02,25.4,training,44.34871909758709,19.637386801384334,32.12166454620574,16.953909911747743
2005-11-03,25.4,training,43.716750648500636,18.878177640214147,31.636629510956457,16.425007758166586
2005-11-04,25.0,training,43.0937877384414,18.148320579516117,31.158918473038653,15.912605485115582
2005-11-05,24.6,training,42.4797020386403,17.44668082555197,30.68842084057131,15.416188354555445
2005-11-06,24.6,training,41.87436704901091,16.772167457315135,30.22502769160358,14.935257686457033
2005-11-07,24.6,training,41.277658072090745,16.123731730348837,29.768631748898944,14.46933035784813
2005-11-08,24.6,training,40.689452187353936,15.500365446140986,29.319127355100154,14.017938317488154
2005-11-09,24.2,training,40.10962822588987,14.901099384560611,28.876410448269148,13.580628115683325
2005-11-10,25.0,training,39.53806674544276,15.970294619512098,28.440378537796327,13.187575786355389
2005-11-11,25.8,training,38.97465000580678,18.48829750241045,28.0109306806736,15.533850710182561
2005-11-12,23.8,training,38.41926194457194,17.773513759530758,27.5879674581257,15.049249391855941
2005-11-13,23.4,training,37.871788153215505,17.086364567588944,27.171390952594365,14.579765924351072
2005-11-14,24.2,training,37.33211585353411,16.42578153574212,26.761104725070066,14.124928684077954
2005-11-15,23.4,training,36.80013387441179,15.790737578649196,26.35701379276601,13.684280760438082
2005-11-16,23.4,training,36.275732628918966,15.180245319541704,25.959024607129294,13.257379496831051
2005-11-17,22.6,training,35.75880409173782,14.593355555034218,25.567045032184033,12.843796045980113
2005-11-18,23.0,training,35.249241776909386,14.029155779287336,25.180984323201557,12.44311493913001
2005-11-19,23.0,training,34.74694071589771,13.57528209776629,24.80075310569267,12.06163500554256
2005-11-20,22.6,training,34.251797435966544,15.640796868123838,24.426263354717126,13.703184994181983
2005-11-21,22.6,training,33.76370993886431,15.379569208017891,24.05742837450552,13.781965858366451
2005-11-22,22.6,training,33.282577679812654,14.784973299933268,23.694162778388904,13.352017164465405
2005-11-23,22.6,training,32.808301546794524,14.3586917112538,23.336382469031435,12.935481352390283
2005-11-24,23.0,training,32.34078384013731,13.803564371763095,22.984004618961563,12.531939987566387
2005-11-25,23.0,training,31.879928252386996,13.269899040737172,22.63694765139714,12.140987689100953
2005-11-26,22.2,training,31.42563984846904,12.756865966559454,22.295131221360087,11.762231722554368
2005-11-27,21.4,training,30.977825046131997,12.263667476985002,21.958476197076262,11.395291605415437
2005-11-28,21.4,training,30.53639159666985,11.789536738906579,21.626904641656115,11.039798724884484
2005-11-29,21.4,training,30.101248565918958,11.333736566069968,21.300339795052057,10.695395967580229
2005-11-30,21.4,training,29.67230631552587,10.895558272884683,20.978706056288193,10.361737360798516
2005-12-01,21.4,training,29.24947648448208,10.474320572547969,20.661928965958417,10.038487724962526
2005-12-02,21.4,training,28.83267197092185,10.06936851776891,20.349935188988795,9.725322336915271
2005-12-03,21.4,training,28.421806914179466,9.68007248244562,20.042652497660217,9.42192660371622
2005-12-04,21.4,training,28.016796677102153,9.305827182712255,19.740009754887403,9.12799574661428
2005-12-05,21.8,training,27.61755782861504,8.946050735833712,19.441936897750427,8.84323449487974
2005-12-06,21.4,training,27.22400812653458,10.525981748686412,19.148364921274858,10.229171701130845
2005-12-07,21.4,training,26.836066500626846,10.119032399735893,18.85922586245688,9.910057646010694
2005-12-08,22.2,training,26.453653035907298,9.727816288460035,18.574452784529583,9.60089882315671
2005-12-09,21.0,training,26.076688956178483,9.351725145627388,18.29397976146688,9.30138466445732
2005-12-10,19.9,training,25.70509660780234,8.990174218555694,18.01774186272134,9.011214290429947
2005-12-11,20.6,training,25.338799443703767,8.642601361928849,17.745675138192585,8.730096207969977
2005-12-12,20.6,training,24.977722007602082,8.308466163764104,17.477716603422557,8.45774801752887
2005-12-13,20.2,training,24.62178991846727,7.98724910517067,17.2138042250144,8.193896129427348
2005-12-14,20.2,training,24.270929855197647,7.6784507525932035,16.9538769062715,7.938275489018527
2005-12-15,20.2,training,23.92506954151589,7.38159098128433,16.69787447305336,7.690629310425052
2005-12-16,19.9,training,23.58413773108035,7.0962082287987895,16.445737659845086,7.450708818582657
2005-12-17,19.9,training,23.248064192808457,6.821858777348584,16.197408096037165,7.218272999331082
2005-12-18,20.2,training,22.9167796964093,6.55811606390327,15.952828292412498,6.993088357301251
2005-12-19,20.2,training,22.590215998122382,6.304570016962762,15.711941627837385,6.774928681355525
2005-12-20,20.2,training,22.26830582665954,6.060826418971426,15.474692336153558,6.563574817345387
2005-12-21,20.2,training,21.950982869347282,5.826506293382158,15.241025493268083,6.3588144479582915
2005-12-22,20.2,training,21.6381817584665,5.60124531541743,15.010887004438251,6.16044187943251
2005-12-23,19.9,training,21.329838057786922,5.38469324561114,14.784223591748423,5.968257834925722
2005-12-24,19.9,training,21.02588824929339,5.176513385250544,14.560982781776014,5.7820692543297785
2005-12-25,20.2,training,20.726269720101328,4.976382052871572,14.341112893443677,5.601689100330533
2005-12-26,19.9,training,20.430920749558616,4.783988080993569,14.124563026054966,5.426936170517927
2005-12-27,21.0,training,20.139780496531344,7.20724072660859,13.911283047510622,7.552135643653843
2005-12-28,20.2,training,19.85278898687065,6.928598601679096,13.70122358270281,7.316535665427125
2005-12-29,19.6,training,19.56988710105821,6.660729175585453,13.494336002084586,7.088285575014865
2005-12-30,19.9,training,19.29101656202779,6.4032159605470085,13.290572410412,6.867156081857311
2005-12-31,19.0,training,19.01611992316028,6.155658570790051,13.089885635656149,6.65292504845094
2006-01-01,18.4,training,18.745140556449876,5.91767210002144,12.892229218082685,6.445377267198339
2006-01-02,18.6,training,18.478022640838827,5.688886522969977,12.697557399496208,6.244304244219606
2006-01-03,18.4,training,18.214711150718458,5.4689461200650475,12.505825112647083,6.0495039899080485
2006-01-04,16.9,training,17.955151844594017,5.257508924357989,12.316987970798195,5.860780816019819
2006-01-05,16.3,training,17.69929125391108,5.054246189826263,12.131002257449264,5.677945139093631
2006-01-06,16.6,training,17.447076672041177,4.858841880233752,11.947824916216298,5.500813290003094
2006-01-07,16.9,training,17.198456143424323,4.670992177752423,11.767413540863902,5.32920732945033
2006-01-08,17.7,training,16.95337845286634,4.490405010581386,11.589726365488053,5.162954869215558
2006-01-09,17.4,training,16.71179311498864,4.3167995988288625,11.414722254847153,5.001888898983037
2006-01-10,16.6,training,16.473650363828373,4.149906017951002,11.242360694839062,4.845847618569445
2006-01-11,16.8,training,16.23890114258677,3.989464779068771,11.072601783121936,4.69467427538614
2006-01-12,17.2,training,16.00749709352355,3.83522642551038,10.905406219876687,4.5482170069720125
2006-01-13,17.1,training,15.779390547995375,3.6869511449519603,10.74073529870892,4.406328688438771
2006-01-14,17.7,training,15.5545345166362,3.5444083965534268,10.578550897688272,4.2688667846753905
2006-01-15,17.7,training,15.332882679677619,3.4073765525097883,10.418815470523034,4.135693207163256
2006-01-16,17.7,training,15.114389377407074,3.2756425534606097,10.26149203786805,4.006674175258179
2006-01-17,17.5,training,14.899009600762103,3.149001577221812,10.106544178763857,3.881680081799911
2006-01-18,16.9,training,14.686698982058571,3.0272567203247824,9.953936022205102,3.760585362914183
2006-01-19,17.2,training,14.477413785851034,2.9102186918676267,9.803632238836263,3.6432683718764483
2006-01-20,17.1,training,14.27111089992338,2.797705519202573,9.655598032772783,3.5296112569106346
2006-01-21,17.1,training,14.067747826407775,2.689542265001904,9.509799133545684,3.4194998428001493
2006-01-22,17.1,training,13.867282673030253,2.5855607552625375,9.366201788167832,3.3128235161921955
2006-01-23,17.1,training,13.669674144480998,2.485599317826318,9.224772753319993,3.2094751144801963
2006-01-24,17.1,training,13.474881533907606,2.389502531009496,9.085479287654879,3.109350818152689
2006-01-25,17.2,training,13.282864714529596,2.297120981950542,8.948289144217405,3.0123500465005555
2006-01-26,17.1,training,13.093584131372388,2.2083110343005745,8.813170562979405,2.918375356577823
2006-01-27,17.7,training,12.907000793119071,2.122934604895211,8.680092263487056,2.8273323453145256
2006-01-28,17.5,training,12.723076264078298,2.0408589490605955,8.54902343761935,2.739129554683302
2006-01-29,14.9,training,12.54177265626664,1.9619564542197983,8.419933742455889,2.6536783798244614
2006-01-30,18.6,training,12.363052621603742,1.8861044414786918,8.292793293252387,2.5708929800372204
2006-01-31,18.0,training,12.18687934421873,1.8131849748827875,8.167572656522252,2.490690192547701
2006-02-01,17.1,training,12.013216532866219,1.74308467804848,8.044242843222605,2.412989448967064
2006-02-02,17.7,training,11.842028413450425,1.6756945578835865,7.922775302043233,2.3377126943558486
2006-02-03,17.5,training,11.673279721655778,1.610909835123094,7.803141912796827,2.264784308813227
2006-02-04,17.5,training,11.506935695682575,1.548629781416641,7.6853149799090765,2.19413103151239
2006-02-05,17.8,training,11.342962069086134,5.23059797735171,7.569267226007032,5.072305520199357
2006-02-06,18.0,training,11.181325063717992,12.55297580755204,7.454971785604293,11.081142859403567
2006-02-07,17.7,training,11.021991382767691,12.06766000003485,7.342402198881549,10.735450311018734
2006-02-08,17.7,training,10.864928203903727,11.638520957323262,7.231532405561027,10.400542150086082
2006-02-09,17.4,training,10.710103172512225,13.51393911650639,7.12233673887345,11.837487847756742
2006-02-10,27.5,training,10.55748439503198,18.39065507963431,7.014789919616075,15.997421017739189
2006-02-11,37.7,training,10.407040432384456,30.22034952342352,6.908867050300474,26.512246254632462
2006-02-12,47.8,training,10.258740293497425,29.051988048243395,6.804543609388662,25.685157741520065
2006-02-13,57.9,training,10.112553428920876,27.928797080956528,6.701795445616278,24.883871470962006
2006-02-14,28.4,training,9.968449724533913,26.849030265810303,6.600598772401471,24.107582504054804
2006-02-15,27.0,training,9.826399495341324,25.811008763636615,6.500930162338227,23.35551101314787
2006-02-16,26.3,training,9.686373479358537,24.813118641565204,6.402766541772825,22.62690149846107
2006-02-17,27.0,training,9.54834283158374,23.853808363654345,6.30608518546221,21.921022029141003
2006-02-18,29.2,training,9.412279118055874,27.591452916715095,6.210863711313014,25.369152205824214
2006-02-19,27.0,training,9.27815430999732,26.524728304309477,6.117080075200014,24.577724192697225
2006-02-20,25.7,training,9.145940778040025,25.499244774863378,6.024712565862836,23.810985940382118
2006-02-21,25.0,training,9.015611286533943,24.51340788975234,5.933739799879721,23.068167215479477
2006-02-22,23.7,training,8.887138987936545,23.56568485360532,5.844140716717179,22.348521813153546
2006-02-23,23.7,training,8.760497417282306,22.654602131089234,5.7558945738544,21.65132680752586
2006-02-24,23.1,training,8.635660486730979,21.778743155832103,5.6689809419812836,20.975881825453914
2006-02-25,22.5,training,8.51260248019357,20.93674612792233,5.583379700268976,20.321508342965434
2006-02-26,21.5,training,8.39129804803489,20.12730189655991,5.499071031711822,19.687549003641337
2006-02-27,21.9,training,8.271722201851604,19.349151924567245,5.416035418539661,19.073366958262817
2006-02-28,21.3,training,8.153850309324664,18.60108633159489,5.334253637699381,18.478345225059037
2006-03-01,21.3,training,8.037658089145133,17.881942012979707,5.2537067564047195,17.901886069912905
2006-03-02,22.5,training,7.923121606012281,17.190600831330666,5.174376127753247,17.343410405902173
2006-03-03,22.5,training,7.810217265702993,18.317590526194746,5.096243386409545,18.242717913299877
2006-03-04,22.5,training,7.698921810211401,21.231196382373252,5.0192904443535555,20.61751257875516
2006-03-05,23.1,training,7.589212312957805,26.451371544330662,4.943499486693144,24.891597702357632
2006-03-06,28.4,training,7.481066174065853,30.656786005610126,4.868852967539881,28.480385802710202
2006-03-07,27.0,training,7.374461115707024,30.84766775175888,4.795333605947106,28.63534236335182
2006-03-08,26.3,training,7.269375177511453,31.18115518496738,4.722924381909325,28.891284149995126
2006-03-09,26.3,training,7.1657867120441505,31.197281431771895,4.651608532422014,28.893907893257946
2006-03-10,27.0,training,7.0636743803456845,32.75068372902639,4.581369547600921,30.130734471598153
2006-03-11,27.0,training,6.963017147536411,36.39211160163703,4.512191166859966,33.05239531559303
2006-03-12,28.4,training,6.863794278483347,42.40338442061393,4.44405737514686,37.896066176134575
2006-03-13,30.6,training,6.765985333528776,47.960542437071766,4.376952399235553,42.410443026267814
2006-03-14,30.6,training,6.669570164279737,49.968774789092556,4.31086070407468,44.125260034496364
2006-03-15,29.2,training,6.574528909457509,49.37118329303169,4.245766989191134,43.84425012449311
2006-03-16,28.4,training,6.4808419908062325,47.46242348537542,4.181656185147952,42.476464260718586
2006-03-17,27.0,training,6.388490109059842,45.627459032829435,4.118513450055689,41.15134848854855
2006-03-18,28.4,training,6.297454239966469,43.86343690254276,4.056324166136453,39.86757165172104
2006-03-19,27.0,training,6.207715630369487,42.16761436395156,3.9950739363398498,38.623844121351475
2006-03-20,26.3,training,6.119255794344418,40.53735472433665,3.9347485810099996,37.4189165004249
2006-03-21,26.3,training,6.032056509390873,41.199531523978116,3.875334134602904,38.0020754075859
2006-03-22,29.9,training,5.946099812678768,45.176667577857344,3.816816842453362,41.471560662258334
2006-03-23,28.4,training,5.861367997348021,43.43007368310188,3.7591831575907224,40.17779433574028
2006-03-24,28.4,training,5.777843608860991,42.71991993873417,3.7024197376027033,39.62022947975529
2006-03-25,29.2,training,5.695509441406881,43.35568994934659,3.6465134415465763,40.13795064179406
2006-03-26,31.3,training,5.614348534357391,47.01222534131698,3.5914513269069888,43.08213401379413
2006-03-27,32.8,training,5.534344168772868,47.83412647098748,3.537220646599726,45.68860839610535
2006-03-28,35.6,training,5.455479863958248,45.98479145504804,3.4838088460207093,48.58358583241782
2006-03-29,40.0,training,5.3777393740680735,46.59666418392483,3.431203560139563,50.111948458624965
2006-03-30,42.3,training,5.301106684759897,45.38672364543192,3.379392610637061,48.978922455522884
2006-03-31,46.6,training,5.225566009895358,45.582455966613566,3.328364003085802,49.096323439694366
2006-04-01,55.3,training,5.151101788288287,46.70300520013961,3.2781059241734534,50.05096758032033
2006-04-02,51.8,training,5.077698680499134,45.14779740865639,3.2286067389679287,48.62476432649919
2006-04-03,49.1,training,5.005341565675089,43.4023196754943,3.1798549882238545,47.10784329155602
2006-04-04,48.3,training,4.934015538435223,41.72432458139403,3.131839385729713,45.63824483921301
2006-04-05,50.0,training,4.863705905800014,40.111203152039714,3.084548815695043,44.214492671909234
2006-04-06,50.9,training,4.794398184164637,39.32008215852823,3.037972330177093,43.08439592784518
2006-04-07,50.9,training,4.726078096315374,38.01568197328536,2.9920991465463316,41.825127084271706
2006-04-08,52.6,training,4.658731568488543,36.54594191498922,2.946918644990229,40.52033073323363
2006-04-09,56.2,training,4.592344727471346,39.06515878601387,2.902420366054729,42.56310989571485
2006-04-10,54.4,training,4.526903897744015,37.95081126839022,2.858594008222849,41.50828282639805
2006-04-11,50.9,training,4.462395598662692,36.48357920333911,2.815429425529841,40.21337089796287
2006-04-12,50.0,training,4.398806541682452,35.07307240609558,2.772916625214359,38.958855651544546
2006-04-13,50.9,training,4.336123627619897,33.7170977975384,2.7310457654051006,37.743476853236714
2006-04-14,51.8,training,4.274333943954756,32.41354708608846,2.6898071528423797,36.566013583983114
2006-04-15,53.5,training,4.213424762169939,31.160393489702365,2.649191240634094,35.42528301309307
2006-04-16,56.2,training,4.153383535129497,29.955688584598487,2.6091886260455905,34.32013921001883
2006-04-17,60.6,training,4.094197894493941,28.797559275815658,2.569790048322895,33.24947199320144
2006-04-18,65.1,training,5.756719805955484,29.162751125380936,2.5309863865488107,33.11964691908361
2006-04-19,70.0,training,8.7036640044834,30.87662474993966,5.078399828122731,34.21342554405203
2006-04-20,76.0,training,14.015071176448798,35.539055345365576,10.680521722370505,37.69031655078651
2006-04-21,83.2,training,22.190300311233607,43.254236529712536,18.89987771241051,43.295971129663975
2006-04-22,82.2,training,21.874088931112457,41.59626729743846,18.614490794205828,41.945289635479604
2006-04-23,77.0,training,21.562383557467818,39.98809674388635,18.3334131998138,40.63674463693516
2006-04-24,77.0,training,23.649799985992082,40.40518657899316,20.493151409162135,40.813887394010976
2006-04-25,83.2,training,30.75166948834168,47.500609145407815,27.715698051155304,45.67891830163122
2006-04-26,96.0,training,38.708855207691336,55.23557999051616,36.100557617657074,51.773432582619506
2006-04-27,104.0,training,49.799045821857334,67.73202308567235,47.788939835250595,61.636071766826596
2006-04-28,111.0,training,63.28815453315126,84.89808551770427,62.00063899660452,75.31709112863768
2006-04-29,127.0,training,75.72693211259,98.87642960063258,74.85784895540317,86.51013787403456
2006-04-30,121.0,training,79.66889479821171,100.34180637446963,78.91865570631896,87.86161030184972
2006-05-01,114.0,training,82.3461273397071,100.2439908816197,81.64067919174019,87.95771384764758
2006-05-02,111.0,training,84.43238793778985,99.610646479402,83.66699937052924,87.3725144648686
2006-05-03,105.0,training,87.69659278732695,97.77066265678597,86.65977436681106,86.15991495959902
2006-05-04,101.0,training,91.35505386503748,99.44561305249466,90.27899074720138,87.80244175433707
2006-05-05,105.0,training,93.97948138487934,99.5393526857336,92.98154842627852,88.07466889174485
2006-05-06,109.0,training,101.17281099802477,105.57321801741374,100.34167866735656,93.01019527760292
2006-05-07,109.0,training,104.72465530570433,106.98379186185652,103.87753754441121,94.41390591148193
2006-05-08,108.0,training,104.0335164520037,102.92430447623536,103.08518345924298,91.46852526332893
2006-05-09,111.0,training,110.16010091003655,107.553861240468,109.49897613493528,95.25375309372278
2006-05-10,120.0,training,116.55117718979963,112.21643049620646,116.1194698844162,99.25435014081283
2006-05-11,127.0,training,124.93358665132851,119.53709097673959,124.90466573104639,105.3413284984133
2006-05-12,137.0,training,135.1378571673441,130.27444148769447,135.60856452144907,114.10195763903998
2006-05-13,134.0,training,146.95090754379154,143.9862912922406,147.97600801178766,125.34316368686859
2006-05-14,158.0,training,160.52693687992647,161.2095559076327,162.2207709621243,147.1231394771424
2006-05-15,175.0,training,177.49363234576413,185.00712689200574,180.03136440675246,169.1131117826488
2006-05-16,131.0,training,194.88446686377324,210.78064466195605,220.61203922225656,197.07015378113192
2006-05-17,209.0,training,213.52891103965925,210.65392623866558,206.61269284420584,199.40101818905626
2006-05-18,186.0,training,222.9932162600726,208.02689917730154,223.44634974391263,201.06999666609136
2006-05-19,178.0,training,219.81556694112422,205.73957956736606,234.3101664478282,215.09466896031276
2006-05-20,191.0,training,216.68319906778916,205.05312150163874,212.14961725178293,202.97135518900544
2006-05-21,209.0,training,215.3233830726881,206.70451549156076,194.03105321226187,197.09133199429354
2006-05-22,209.0,training,213.58622497986835,203.29319365849503,206.66708764936175,194.0118211673799
2006-05-23,191.0,training,210.54262511738426,199.08384620103348,202.43470888962938,191.50726479380864
2006-05-24,178.0,training,208.9697050662784,199.42846794374668,200.91373733654413,191.31091100176675
2006-05-25,168.0,training,208.0864561447949,200.0220596558294,194.09908938596885,190.7979605410409
2006-05-26,168.0,training,207.8337442904553,201.11392181333142,200.26512337937152,192.65563728432113
2006-05-27,164.0,training,206.25534772794992,200.6964101116648,199.1295638277442,192.04688979244509
2006-05-28,161.0,training,204.15666028915896,199.21929522197163,195.17453048314778,190.5294919401526
2006-05-29,161.0,training,202.29204023134164,197.9607748824189,194.6408276967669,189.57198408565804
2006-05-30,164.0,training,200.12984589334536,196.30094426042334,191.28264463262812,189.54992151650984
2006-05-31,151.0,training,199.74077799853725,197.3918352555595,177.86773596088148,188.90806804568413
2006-06-01,137.0,training,199.47883706557684,196.78944624539838,186.02682737575304,188.81434408421924
2006-06-02,132.0,training,197.93750796694493,195.7397976115695,197.06992869205632,189.6900749533313
2006-06-03,155.0,training,195.1169020402968,192.88913647917994,181.84152197546098,185.7470272846419
2006-06-04,153.0,training,192.33648969734662,188.79053089173905,189.75951052133317,182.86506931585157
2006-06-05,162.0,training,189.59569818025,186.17745394316293,187.03651757156211,180.88189829183742
2006-06-06,169.0,training,186.89396289295158,183.21482921344355,174.05022949599476,178.01767155762522
2006-06-07,164.0,training,184.23072728487946,178.776105854093,169.54224365155525,174.49958216201472
2006-06-08,159.0,training,181.60544273629753,174.8845388397178,173.47103245561672,171.15603420875092
2006-06-09,155.0,training,179.01756844529095,172.0918705825664,166.9570449873637,168.54688286690822
2006-06-10,145.0,training,176.46657131636246,171.20252406815587,164.944014785555,166.33471966823555
2006-06-11,134.0,training,174.18511875985524,170.6946964804933,164.919864424323,165.7556513533684
2006-06-12,132.0,training,173.781917452064,172.85248734465722,174.53707011182024,172.5175377498577
2006-06-13,145.0,training,171.93632134244837,174.41166258986732,178.7051986288635,189.0044232193133
2006-06-14,159.0,training,171.6971827030083,179.948949570694,173.45308320580645,188.54203747001998
2006-06-15,162.0,training,172.3610856400213,185.70715468752684,163.65320722012618,175.64163319762872
2006-06-16,159.0,training,169.90494327128468,186.18696873600723,181.48610517298246,188.8171629335984
2006-06-17,164.0,training,167.4838008871043,220.4224181193437,183.38873382606045,199.46827552036044
2006-06-18,172.0,training,165.09715973833013,219.43459425208255,187.07408289083736,201.93272324497087
2006-06-19,182.0,training,162.74452818297843,224.6685284256176,196.91525624940195,230.94145033787754
2006-06-20,191.0,training,160.4254215849549,220.8954663724297,197.52063356035796,228.22713479727184
2006-06-21,200.0,training,158.139362214221,209.0227656833669,189.80718336533766,217.33165305867598
2006-06-22,196.0,training,155.88587914838243,192.27783994418147,176.76442731306224,201.239717337111
2006-06-23,187.0,training,153.66450817568068,180.77689996408648,165.80516360124562,188.09360031380203
2006-06-24,172.0,training,151.47479169936645,176.87958200624308,163.34639309740712,183.29446659451403
2006-06-25,166.0,training,149.3162786434358,174.88398972313215,164.93733435781823,182.1703240109177
2006-06-26,164.0,training,147.18852435970973,175.9831510013024,169.43175062955808,184.06595822816584
2006-06-27,159.0,training,145.09109053623789,155.47109016379187,151.40344252976845,163.55106448868298
2006-06-28,153.0,training,143.02354510700727,162.38084430108708,155.99525061663795,167.86263196116633
2006-06-29,151.0,training,140.98546216293775,158.2404695220149,150.89748215309268,162.7542466664017
2006-06-30,151.0,training,143.2885159552636,157.2826540978688,143.17467546841706,160.00386343340296
2006-07-01,159.0,training,145.9008073072581,158.7674673158425,141.87548109062385,160.73078397842616
2006-07-02,147.0,training,147.349841824297,166.51511187273667,148.23426907419932,168.02968535818823
2006-07-03,145.0,training,146.85168231751976,174.399467662789,156.78648631711172,175.8403946236939
2006-07-04,141.0,training,145.4397053167921,185.11809179184056,168.99326401765873,186.59067670099665
2006-07-05,143.0,training,143.7552018796936,182.5084031756601,167.90535267706852,183.93549312654895
2006-07-06,143.0,training,141.90915512446642,167.17463077008978,154.26852278824762,168.56487774984373
2006-07-07,143.0,training,140.65775867801003,168.3136215777691,156.38696452301105,169.630483799733
2006-07-08,143.0,training,138.65338814798142,165.12990164859525,156.16405383942057,167.13045840935027
2006-07-09,141.0,training,136.67757986193715,165.3264292271426,159.39441230107522,168.18288583564112
2006-07-10,137.0,training,134.72992680841438,150.52539029242476,147.46933553255062,154.17554252401115
2006-07-11,132.0,training,132.81002777585633,118.97604371743282,118.64479853765262,123.3610005025181
2006-07-12,124.0,training,130.9174872699637,105.31242089132574,107.31633751928989,110.13150547970473
2006-07-13,114.0,training,129.05191543222378,104.01933497096257,105.69586783669862,106.91100602825573
2006-07-14,107.0,training,128.84261930600076,104.09949400870364,104.11221892777004,105.97909104869137
2006-07-15,102.0,training,130.68025984569263,105.90273060770978,105.89934928839465,107.55579020208818
2006-07-16,96.3,training,130.6371939920637,105.74330825868813,122.3297650662702,107.42963039706648
2006-07-17,95.2,training,128.77561632849,129.01111853446537,139.26407175882227,126.84251223329105
2006-07-18,96.3,training,126.9405661131232,141.54911563560867,140.69986230169897,143.43879623962687
2006-07-19,97.4,training,125.13166533030369,141.43721990394462,142.1891007124082,143.43954855256877
2006-07-20,99.7,training,123.34854135108823,146.111168653957,149.06554845736468,148.64879681054708
2006-07-21,103.0,training,121.59082685648931,156.0928442256166,161.2802969251218,159.2729420927417
2006-07-22,107.0,training,119.85815976180841,159.76604739705076,167.0647952577087,163.54067276653825
2006-07-23,110.0,training,118.15018314204741,153.17596561263022,162.46947420078294,157.4997505350814
2006-07-24,115.0,training,116.46654515838298,147.61283954806422,158.78960693638203,152.44286832366194
2006-07-25,117.0,training,114.80689898568878,140.68653372321586,153.6398879674007,145.9822263110237
2006-07-26,115.0,training,113.17090274109016,135.37732668960297,150.00523125511666,141.10032730398672
2006-07-27,114.0,training,111.55821941353734,130.77716151330276,146.98202834294585,136.89123218573306
2006-07-28,113.0,training,109.96851679438197,119.38269324021884,137.071203165367,125.8536121339475
2006-07-29,110.0,training,108.40146740894288,128.43982713553834,147.52275734535925,135.23529140949756
2006-07-30,109.0,training,106.8567484490473,139.86409864750598,160.25615694155172,146.9536316742747
2006-07-31,112.0,training,105.33404170653304,132.7219069776808,154.34157253789283,140.07676972850732
2006-08-01,113.0,training,103.83303350769853,122.92449486905733,145.69386529745285,130.51760128674132
2006-08-02,112.0,training,102.35341464868682,129.3631390178267,153.20778339596933,137.16897520575543
2006-08-03,110.0,training,100.89488033179032,123.72964045715986,148.5784581929728,131.72418751997887
2006-08-04,109.0,training,99.4571301026633,115.06317776498175,140.84826300154978,123.22383814327115
2006-08-05,108.0,training,98.03986778842906,114.84755771707944,141.50406908682248,123.15308486501296
2006-08-06,108.0,training,96.64280143666905,105.87788851138136,133.3439240273817,114.3083197726828
2006-08-07,106.0,training,95.26564325528145,102.53352376537414,130.7500006497121,111.07011630896046
2006-08-08,102.0,training,93.90810955319668,103.7648271092803,132.67536636599505,112.3899967918065
2006-08-09,101.0,training,92.56992068193786,107.92501847675548,137.4758340245079,116.62228150486192
2006-08-10,101.0,training,91.25080097801377,112.51692030240132,142.65671248908737,121.27083757282024
2006-08-11,101.0,training,89.9504787061331,115.00548633299417,145.6853396614524,123.80161033380695
2006-08-12,103.0,training,88.66868600322744,112.8394797612903,144.0127646618733,121.66430392254998
2006-08-13,103.0,training,87.40515882327237,110.3813756295391,142.003654121691,119.22228601619365
2006-08-14,104.0,training,86.1596368828945,90.73951959963925,122.768454690744,99.5847488442149
2006-08-15,103.0,training,84.93186360775388,77.99465851859871,110.38992719425211,86.83324189544223
2006-08-16,99.7,training,83.72158607969027,59.29282777089858,92.016037436416,68.11456131793506
2006-08-17,96.3,training,82.52855498462264,61.60190665645888,94.61651489487016,70.39730725440891
2006-08-18,92.9,training,81.35252456119117,84.90449858197816,118.17573609899127,93.66476590479989
2006-08-19,89.5,training,80.19325255013096,91.43278833884747,124.92758497028929,100.14976859283189
2006-08-20,88.4,training,79.05050014436728,87.79081579662815,121.47772945870294,96.45696716908792
2006-08-21,87.2,training,77.92403193982192,86.3925125692976,120.24166103664899,95.00087231115491
2006-08-22,86.1,training,76.81361588692057,85.47902135212995,119.46201675315788,94.02317442193514
2006-08-23,86.1,training,75.71902324279118,85.90336515720321,119.99325108037918,94.37741435720741
2006-08-24,86.1,training,74.64002852414345,82.25883308454928,116.43002419360005,90.65737062241791
2006-08-25,83.9,training,73.57640946081995,75.07348113462625,109.30170519442198,83.39156154722001
2006-08-26,82.8,training,72.52794695000901,78.11478640370706,112.37702862250305,86.34790078207847
2006-08-27,82.8,training,71.49442501111008,72.51255921322914,106.78700881057517,80.65661067059143
2006-08-28,81.6,training,70.47563074124226,60.793072516667145,95.05907142982186,68.84435284359088
2006-08-29,79.4,training,69.47135427138686,53.998957245832734,88.23695089090677,61.95412469932135
2006-08-30,76.0,training,68.48138872315498,61.479265530952425,95.67075553825983,69.33532370634235
2006-08-31,74.9,training,67.50553016617098,59.18529391814955,93.31279276437633,66.93957165497962
2006-09-01,73.8,training,66.54357757606348,44.603309330075064,78.65029679288168,52.25344160517699
2006-09-02,70.4,training,65.5953327930547,21.49972397385149,55.45060533741794,29.043633736931625
2006-09-03,67.1,training,64.66060048114012,16.395614099575965,50.23568004237755,23.831495008492926
2006-09-04,63.8,training,63.739188087849854,43.40578342495809,82.6648635412289,50.07231384225965
2006-09-05,62.7,training,62.830905804583196,51.35354528565988,83.79863380788032,57.436381817964175
2006-09-06,61.6,training,61.93556652750855,32.64348201200843,64.58388224193122,38.25965489841784
2006-09-07,60.5,training,61.052985819020606,47.11467483040157,78.36530824791865,52.117417089306926
2006-09-08,59.4,training,60.1829818697466,58.193904438852215,89.35008339691981,63.160158696045315
2006-09-09,58.3,training,59.325375461094055,59.977851223390466,91.02641007519871,64.90413264758429
2006-09-10,58.3,training,58.479989928332195,29.522739006857666,60.451275049619916,34.40585021787891
2006-09-11,56.1,training,57.6466511241995,37.93497308573693,68.19708095041197,42.26586160330111
2006-09-12,53.0,training,56.825187383029785,40.55358187466382,70.69369188590963,44.85548613648058
2006-09-13,53.9,training,56.015429485389525,38.42481307627737,68.43181744355066,42.694534377827914
2006-09-14,57.2,training,55.21721062321906,12.972980757301064,42.493853338061676,16.866527978628735
2006-09-15,57.2,training,54.43036636547059,18.404741959144697,41.85219892995787,20.731428824098664
2006-09-16,51.0,training,53.65473462423579,20.408181932780558,55.36258599078299,23.333233578313525
2006-09-17,48.7,training,52.890155621356115,38.42323751544718,63.47376129499845,38.231305788934684
2006-09-18,46.8,training,52.1364718555089,28.287918643226288,42.27970840475748,30.449827827892324
2006-09-19,44.9,training,51.39352806976248,35.93786316738952,47.027198933213185,37.11445506128065
2006-09-20,41.5,training,50.66117121959368,34.54845452429862,46.31709130291166,35.956615051920906
2006-09-21,40.8,training,49.93925044136106,33.212762385400076,45.6177062514167,34.83489556447265
2006-09-22,40.0,training,49.227617021227296,32.17095356310343,49.99625219228082,33.99041333460482
2006-09-23,39.3,training,48.52612436452461,35.64082319983739,54.53467024769094,35.77386519243445
2006-09-24,38.5,training,47.83462796555661,38.080741731156806,48.91151588021316,39.786121844049404
2006-09-25,37.8,training,47.152985377830426,32.64964946530089,44.08855358711397,34.54631590315711
2006-09-26,37.1,training,46.481056184713196,40.89066693075972,52.89868429546532,42.963199976908236
2006-09-27,36.4,training,45.818701970506545,46.35270461401583,58.89256106674801,48.586531030211006
2006-09-28,35.6,training,45.165786291933294,28.402700355906635,41.43879341098934,30.78405284685106
2006-09-29,36.4,training,44.5221746500305,31.801990862155346,40.389713675953864,31.00758023436365
2006-09-30,36.4,training,43.88773446244305,35.648701806136266,40.629556014150396,33.49940018177913
2006-10-01,35.6,training,43.26233503611198,35.203870364751886,40.27089388287418,33.010040284045424
2006-10-02,34.2,training,42.64584754035207,34.95864745215487,43.43935893421165,32.6446930661566
2006-10-03,36.4,training,42.03814498031308,34.68375518171552,39.063900238665745,32.38029703975731
2006-10-04,37.1,training,41.43910217081905,38.87235136532326,39.903272665367226,35.554333430189516
2006-10-05,35.6,training,40.84859571058054,38.792405397557296,39.883620723372665,35.448484519854105
2006-10-06,36.4,training,40.26650395677429,43.321183424991744,42.93177082707107,39.54135376808105
2006-10-07,35.6,training,39.69270699998504,41.75344588463992,44.52430771716259,38.41492379584988
2006-10-08,34.2,training,39.12708663950457,41.26026022838849,48.8165995936753,38.08596659873767
2006-10-09,34.2,training,38.56952635898264,49.127847789191016,50.416503029602,43.5552191984951
2006-10-10,33.5,training,38.01991130242485,43.11482659111252,43.408473050804126,40.662154047454514
2006-10-11,32.8,training,37.478128250532706,41.934380353497154,42.85011738350457,39.753628428387564
2006-10-12,32.0,training,36.94406559738065,37.677899357630174,39.18607812643857,35.62152466620405
2006-10-13,32.0,training,36.41761332742556,36.66899654107643,38.59437090784166,34.510258816151094
2006-10-14,40.8,training,35.898662992843846,51.00691693561685,45.75406499839372,45.80806531514209
2006-10-15,35.6,training,35.38710769119142,49.41219757089255,45.50329760498096,44.61716453300511
2006-10-16,41.5,training,34.88284204338211,51.85046885638662,44.81620078513705,47.056285653579145
2006-10-17,44.9,training,40.653338887411785,58.499168148824644,51.174988724771985,56.17326730779318
2006-10-18,56.2,training,53.32037626655573,74.32064508176173,62.60083255195854,67.43277928482789
2006-10-19,47.4,training,55.86812179254426,75.11789500378487,64.84829520362271,68.40749294052917
2006-10-20,44.0,training,55.496949554939526,72.21373088910372,64.2589194671427,66.27342059228205
2006-10-21,47.4,training,54.70611902244793,71.98858616951756,63.28861398300465,66.33235659342313
2006-10-22,43.2,training,53.92655781081337,69.20540556242506,62.33296004826011,64.2630211753987
2006-10-23,41.5,training,53.15810533241642,66.52982665587791,61.39173642547088,62.25824171908298
2006-10-24,40.8,training,52.400603288008334,65.10130079780595,60.46472521786955,61.08366780400035
2006-10-25,41.5,training,51.653895634101836,63.35299740114763,59.551711818915656,59.78351666602103
2006-10-26,40.8,training,50.91782855082652,61.07572441824544,58.65248486261351,57.990080253823045
2006-10-27,40.0,training,50.192250410242366,58.71445048844901,57.76683617458011,56.18099441508455
2006-10-28,39.3,training,49.477011745104775,56.444466750044406,56.894560723852045,54.42834566968338
2006-10-29,44.0,training,48.7719652180747,57.96532731560823,56.03545657542005,55.823347777782544
2006-10-30,51.8,training,48.0769655913675,60.93179128045788,55.18932484348029,58.697716784701655
2006-10-31,47.4,training,47.39186969683438,58.576082009437556,54.3559696453916,56.86655518367101
2006-11-01,44.9,training,46.71653640647006,56.556135347718715,53.535198056327864,55.13896051347965
2006-11-02,44.9,training,46.05082660334084,55.10007010124739,52.72682006461524,53.98831536067424
2006-11-03,44.0,training,45.39460315292676,52.96982342305712,51.930648527743735,52.304070463118606
2006-11-04,42.3,training,46.475461038073526,52.12791318901995,52.85855717807882,51.45104948202712
2006-11-05,44.9,training,50.663466699533885,55.75530677177121,56.85779059763014,54.53615286335939
2006-11-06,46.6,training,54.24284499755259,55.92887119157767,60.049872863195986,54.84655023908585
2006-11-07,45.7,training,53.46988543243618,53.76658189045947,59.14312370768387,53.13553144230382
2006-11-08,44.9,training,52.822999380517516,51.68788975341982,58.31795762667499,51.47789039325944
2006-11-09,47.4,training,55.106038573630286,52.57504917553099,60.487971183577734,51.941632999164334
2006-11-10,47.4,training,54.32077851558792,55.432227128144014,59.57460677206096,54.658032718153684
2006-11-11,44.9,training,53.546708399241915,53.28913878928283,58.67503410346268,52.95289500268728
2006-11-12,43.2,training,52.78366876812447,51.22890527812946,57.78904492336622,51.300951565977655
2006-11-13,42.3,training,52.03150243801957,49.24832330980291,56.916434121982995,49.70054293426686
2006-11-14,41.5,training,51.290054464583456,47.34431344294845,56.056999686668824,48.15006140352146
2006-11-15,40.0,training,50.559172111426456,45.51391529177156,55.21054265515723,46.6479494243997
2006-11-16,40.0,training,49.83870481864974,44.12643684714724,54.37686706949896,45.40667283709765
2006-11-17,39.3,training,49.12850417183029,43.083954242737555,53.55577993069701,44.523917222113994
2006-11-18,39.3,training,48.42842387144798,41.41826760676329,52.74709115402658,43.13492814365206
2006-11-19,38.5,training,47.7383197027482,39.81697877312702,51.95061352502984,41.78927062226005
2006-11-20,40.0,training,47.05804950603398,38.27759803166573,51.166162656175,40.48559286628803
2006-11-21,37.8,training,46.387473147381485,36.79773192793437,50.393556944169944,39.22258525521466
2006-11-22,36.4,training,45.72645248977279,35.37507954182345,49.63261752792043,37.9989790240568
2006-11-23,34.9,training,45.07485136463996,34.00742891005085,48.88316824712303,36.81354498882092
2006-11-24,35.6,training,44.43253554381473,32.69265358696487,48.14503560148338,35.6650923117159
2006-11-25,34.2,training,43.799372711877794,31.428709338311716,47.41804871055022,34.552467304886854
2006-11-26,33.5,training,43.17523243890221,30.213630962826485,46.702039274155965,33.47455227146828
2006-11-27,33.5,training,42.55998615358515,29.04552923670598,45.99684153345453,32.430264382792146
2006-11-28,33.5,training,41.95350711676251,27.922587976212547,45.30229223254757,31.41855459062322
2006-11-29,33.5,training,41.35567039530102,26.843061213841775,44.61823058069015,30.438406573328805
2006-11-30,33.5,training,40.76635283636228,25.805270483663556,43.94449821506708,29.488835714924214
2006-12-01,33.5,training,40.18543304203368,24.807602211615727,43.28093916413131,28.568888115968473
2006-12-02,32.0,training,39.61279134432061,23.848505206692614,42.62739981149598,27.67763963531655
2006-12-03,32.0,training,39.048309780495295,22.926488249127793,41.9837288603716,26.81419496176555
2006-12-04,31.3,training,38.491872068796646,22.040117771821144,41.34977729854034,25.977686714662283
2006-12-05,31.3,training,37.94336358447663,21.188015631405147,40.72539836385911,25.167274572568687
2006-12-06,31.3,training,37.40267133618777,20.368856965484998,40.11044751028359,24.382144429109783
2006-12-07,30.6,training,36.86968394270728,19.581368132720794,39.50478237440529,23.621507575156283
2006-12-08,29.9,training,36.344291609992794,18.824324732549055,38.908262742493854,22.88459990652011
2006-12-09,29.9,training,35.82638610856507,18.096549701464664,38.32075051803713,22.170681156367102
2006-12-10,29.9,training,35.31586075121298,17.396911482903167,37.74210968977125,21.4790341515757
2006-12-11,29.2,training,34.81261037101628,16.72432226787809,37.172206300193544,20.808964092294573
2006-12-12,29.2,training,34.3165312996814,16.077736303637653,36.61090841455088,20.159797853975633
2006-12-13,28.4,training,33.82752134618611,15.45614826771122,36.05808609029627,19.530883311180983
2006-12-14,27.7,training,33.34547977572841,14.858591704817432,35.513611347006716,18.921588682484867
2006-12-15,27.7,training,32.8703072889754,14.284137524203672,34.97735813675521,18.33130189581222
2006-12-16,27.7,training,32.401906001607905,13.731892555080503,34.44920231493021,17.75942997357656
2006-12-17,27.7,training,31.94017942415653,13.200998157905069,33.92902161149572,17.205398436999282
2006-12-18,27.0,training,31.48503244212507,12.690628889354237,33.41669560268527,16.66865072901216
2006-12-19,27.0,training,31.036371296397206,12.199991218911775,32.912105683123414,16.148647655163234
2006-12-20,27.0,training,30.594103563922317,12.966651583122252,32.41513503836809,16.580093386904498
2006-12-21,26.3,training,30.1581381386766,12.465342484759208,31.92566861786771,16.062852989582698
2006-12-22,26.3,training,29.728385212895443,11.983414705504693,31.443593108326482,15.561748667153747
2006-12-23,26.3,training,29.304756258573274,11.52011893613688,30.968796907471976,15.076277031030266
2006-12-24,26.3,training,28.887164009227003,11.074734836788759,30.50117009821878,14.605950396572172
2006-12-25,26.3,training,28.475522441919352,10.646569916951874,30.04060442322229,14.150296293178972
2006-12-26,25.7,training,28.069746759538358,10.234958458780723,29.586993259816726,13.708856989665398
2006-12-27,25.0,training,27.669753373329364,9.83926048202371,29.140231595331606,13.281189034443695
2006-12-28,25.0,training,27.275459885675982,9.458860748971366,28.700216002780888,12.866862810050566
2006-12-29,25.0,training,26.886785073126358,9.093167807874648,28.26684461691928,12.465462101571314
2006-12-30,25.0,training,26.50364886966137,8.741613073346041,27.840017110660014,12.07658367852762
2006-12-31,24.4,training,26.125972350201234,8.403649942313683,27.419634671848797,11.699836889808964
2007-01-01,25.3,training,25.753677714347123,8.078752944153925,27.0055999803884,11.334843271240759
2007-01-02,25.3,training,25.3866882703545,7.766416923680981,26.597817185708692,10.981236165394925
2007-01-03,24.0,training,25.024928419334802,7.466156255723363,26.196191884576898,10.638660353261104
2007-01-04,23.3,training,24.66832363968228,7.177504090065881,25.800631099242885,10.306771697408374
2007-01-05,24.0,training,24.31680047172271,6.900011625583267,25.411043255914468,9.985236796279093
2007-01-06,26.0,training,23.97028650258091,6.633247412436827,25.02733816355774,9.673732649267532
2007-01-07,26.0,training,23.628710351263877,6.3767966812491395,24.649426993017517,9.3719463322469
2007-01-08,26.0,training,23.29200165395645,6.130260698213825,24.27722225645304,9.07957468321875
2007-01-09,26.0,training,22.960091049526593,5.893256145137681,23.91063778708424,8.796323997769033
2007-01-10,25.3,training,22.632910165237135,5.665414523451255,23.549588719243786,8.52190973402484
2007-01-11,25.3,training,22.31039160266119,5.446381581261228,23.19399146873038,8.256056226815462
2007-01-12,24.6,training,21.99246892379824,5.235816762553752,22.84376371345871,7.998496410750612
2007-01-13,24.6,training,21.679076637388075,5.033392677692369,22.498824374401554,7.748971551937616
2007-01-14,24.6,training,21.370150185419764,4.838794594387232,22.15909359681972,7.507230988068096
2007-01-15,24.6,training,21.065625929832883,4.6517199483441765,21.82449273177534,7.27303187661304
2007-01-16,24.6,training,20.765441139408207,4.471877872832784,21.49494431792439,7.046138950873264
2007-01-17,24.0,training,20.469533976845263,4.298988746442018,21.170372063584058,6.8263242836402735
2007-01-18,24.0,training,20.177843486024,4.132783758320267,20.85070082907096,6.61336705823005
2007-01-19,24.0,training,19.890309579447973,3.973004490223816,20.535856609306034,6.407053346659788
2007-01-20,22.6,training,19.606873025866495,3.8194025147239206,20.225766516682068,6.207175894744724
2007-01-21,22.6,training,19.32747543807311,3.671739008947764,19.92035876418994,6.013533913899193
2007-01-22,23.3,training,19.052059260878035,3.5297843832527316,19.61956264879969,5.8259328794327585
2007-01-23,22.6,training,18.780567759251877,3.39331792425667,19.323308535092487,5.64418433513879
2007-01-24,23.3,training,18.512945006638414,3.2621274516690923,19.031527839139777,5.468105703979178
2007-01-25,22.6,training,18.249135873433822,3.136008988389786,18.744153012625834,5.297520104675033
2007-01-26,22.6,training,17.989086015630157,3.014766443361864,18.46111752721009,5.132256174019096
2007-01-27,22.6,training,17.732741863620607,2.898211306686172,18.182355859125572,4.97214789473138
2007-01-28,22.6,training,17.480050611164284,3.4842815330904426,17.90780347400991,5.312575453801761
2007-01-29,22.6,training,17.230960204508293,3.871894440632783,17.637396811965374,5.500852283817011
2007-01-30,22.6,training,16.98541933166477,4.547771598322492,17.371073272844555,5.926681632445628
2007-01-31,22.6,training,16.74337741184077,6.490375072685398,17.108771201758163,7.377796357370582
2007-02-01,22.6,training,16.50478458501872,9.076339539782348,16.850429874801716,9.360545438477478
2007-02-02,23.3,training,16.26959170168541,12.074793825459794,16.59598948499771,11.775855130404807
2007-02-03,24.0,training,16.037750312707313,11.607965210010613,16.3453911284501,11.408490011022224
2007-02-04,23.3,training,15.809212659350171,11.159184849409703,16.098576790707828,11.05258538681765
2007-02-05,23.3,training,15.583931663440842,10.727754972585862,15.855489333334246,10.707783730789219
2007-02-06,23.3,training,15.361860917669292,10.313004785284868,15.616072480679364,10.373738669515689
2007-02-07,24.0,training,15.142954676028829,9.914289427107564,15.38027080685183,10.050114635204107
2007-02-08,24.0,training,14.927167844392532,9.530988968870313,15.14802972288764,9.736586528592328
2007-02-09,24.0,training,14.714455971223972,9.162507448728935,14.919295464112563,9.432839392367816
2007-02-10,24.0,training,14.504775238420319,9.373155889021573,14.69401507769544,9.555025537481345
2007-02-11,24.0,training,14.298082452285914,9.010776419085186,14.472136410389409,9.256942463393814
2007-02-12,23.3,training,14.094335034634495,8.662407052233203,14.253608096458214,8.96815852918916
2007-02-13,22.6,training,13.89349101401818,8.327506138055709,14.038379545784872,8.688383634522614
2007-02-14,22.6,training,13.695509017081465,8.005552967114086,13.826400932159853,8.417336729156315
2007-02-15,23.3,training,13.500348260038415,7.696046961333435,13.617623181746133,8.154745530627904
2007-02-16,23.3,training,13.307968540271315,7.398506895695555,13.411997961718425,7.900346250726883
2007-02-17,23.3,training,13.11833022804903,7.112470150022405,13.209477669073944,7.6538833305039295
2007-02-18,23.3,training,12.931394258363374,6.837491989686641,13.010015419612133,7.415109183546986
2007-02-19,23.3,training,12.74712212288183,6.573144874130924,12.813565037080798,7.183783947266248
2007-02-20,22.0,training,12.565475862014926,6.319017792120846,12.620081042486138,6.959675241938157
2007-02-21,22.6,training,12.386418057096657,6.074715622697908,12.429518643564188,6.742557937266395
2007-02-22,22.6,training,12.20991182267633,5.83985852083898,12.241833724411237,6.53221392622533
2007-02-23,24.0,training,12.035920798920268,5.614081326867011,12.056982835270839,6.32843190595876
2007-02-24,24.0,training,11.864409144121764,5.397032998694781,11.87492318247503,6.131007165513845
2007-02-25,25.3,training,11.695341527317794,5.188376066018891,11.695612618537435,5.939741380196982
2007-02-26,24.0,training,11.528683121010909,12.286295997463942,11.519009632395973,12.249684392701893
2007-02-27,22.0,training,11.364399593994886,11.811290408763838,11.345073339802877,11.867537472627715
2007-02-28,22.0,training,11.20245710428256,11.354649208268519,11.17376347385986,11.497312187743516
2007-03-01,23.3,training,11.042822292134485,10.915662402743889,11.005040375696165,11.13863662510656
2007-03-02,24.0,training,10.885462273186896,10.493647448298939,10.838864985287383,10.791150474145322
2007-03-03,24.6,training,10.73034463167762,10.087948189155298,10.675198832412931,10.454504664706466
2007-03-04,23.3,training,10.57743741376851,9.69793383744548,10.51400402775004,10.128361016393459
2007-03-05,22.6,training,10.426709120963048,9.322997992453525,10.355243254102238,9.812391898844592
2007-03-06,22.6,training,10.278128703617709,8.962557697773226,10.198879757760272,9.506279902609135
2007-03-07,22.6,training,10.13166555454584,8.616052534917946,10.044877339993512,9.209717520290985
2007-03-08,22.6,training,9.987289502712645,8.282943751972745,9.893200348669787,8.922406837639503
2007-03-09,22.0,training,9.84497080702003,7.9627134259340595,9.743813670001785,8.644059234277238
2007-03-10,22.6,training,9.704680150180012,9.975598835059031,9.596682720418102,10.34541854916136
2007-03-11,22.0,training,9.566388632675437,9.589928068355919,9.45177343855699,10.022678002654246
2007-03-12,22.0,training,9.43006776680675,9.219167879228022,9.30905227738104,9.71000582214554
2007-03-13,21.4,training,9.2956894708236,8.862741803647419,9.168486196410921,9.407087910150517
2007-03-14,22.6,training,9.163226063140076,8.520095664501206,9.030042654076375,9.113619967917424
2007-03-15,21.4,training,9.032650256632367,8.19069670994786,8.893689600182725,8.829307189741595
2007-03-16,22.6,training,8.903935153017684,7.874032785085895,8.759395468491146,8.553863966815888
2007-03-17,24.0,training,8.777054237313283,8.379343084597737,8.627129169410953,8.89726770672452
2007-03-18,32.5,training,8.651981372374456,18.644111462989425,8.49686008280225,17.688613989872483
2007-03-19,31.0,training,8.52869079351032,21.671053241098527,8.36855805088725,20.072714930840508
2007-03-20,29.5,training,8.407157103176388,26.52617384290805,8.242193371268637,24.00013895576237
2007-03-21,31.7,training,8.287355265742718,28.36926561061811,8.11773679005336,25.477451532394625
2007-03-22,31.0,training,8.169260602336648,29.046885142832156,7.995159495080237,26.031303473327174
2007-03-23,30.3,training,8.052848785759002,30.45167874831735,7.874433109249837,27.16692595596073
2007-03-24,32.5,training,7.93809583547276,32.93252179988406,7.755529683955077,29.173631980939703
2007-03-25,35.6,training,7.82497811266312,35.823288441068875,7.638421692611012,31.617647882494484
2007-03-26,47.5,training,7.713472315367967,45.437767831459645,7.52308202428233,107.12718403066117
2007-03-27,67.3,training,7.603555473677726,59.34052498601281,7.409483977407077,53.133201313715176
2007-03-28,73.8,training,7.49520494500362,65.01110836958752,7.29760125361513,92.81552564080833
2007-03-29,78.3,training,7.388398409413354,75.52051994661835,7.187407951640044,63.53797125586785
2007-03-30,71.6,training,7.283113865033269,77.62022134738724,7.0788785613228,68.7510372710654
2007-03-31,63.1,training,7.179329623516007,76.17743597783955,6.971987957706114,70.84577787233059
2007-04-01,61.0,training,7.077024305572771,74.39045318572775,6.866711395217915,69.57191896875075
2007-04-02,56.0,training,6.976176836569245,73.80355166182807,6.763024501942653,69.37814640340908
2007-04-03,53.1,training,6.876766442184271,71.5350840559946,6.660903273979109,67.6578184251885
2007-04-04,51.2,training,6.778772644130395,69.01876825277874,6.560324069883405,65.67940102675949
2007-04-05,51.2,training,6.682175255935391,67.5174449524662,6.461263605195921,64.57599299917142
2007-04-06,53.1,training,6.586954378783897,65.03124699765749,6.363698947050851,62.5632754691448
2007-04-07,51.2,training,6.493090397418316,65.16343594910471,6.2676075088671706,62.9084718892005
2007-04-08,53.1,training,6.4005639760981135,62.64412530730387,6.172967045119748,60.94594958998487
2007-04-09,61.0,training,6.309356054616712,63.576984386377724,6.079755646189426,61.859384685456824
2007-04-10,65.2,training,8.355970841543135,62.10672172434566,7.97624878021635,60.696182475980216
2007-04-11,76.0,training,15.30329658229852,68.16598582476077,14.913421424671633,65.79736474921286
2007-04-12,92.6,training,20.82709617958061,71.73098405186745,20.685065151728164,68.57752032273328
2007-04-13,104.0,training,30.358119880605855,80.30815094515921,30.694798736586584,75.39090390793802
2007-04-14,124.0,training,41.87612723353728,92.39566853626577,42.79177222786675,84.98555046738618
2007-04-15,145.0,training,52.64542331711406,102.2157783726343,53.73061565209127,92.71607088968103
2007-04-16,133.0,training,60.15381356660803,107.64760161038747,61.581266013061004,97.19935968564819
2007-04-17,139.0,training,69.87991988694696,115.75740686633365,71.61900455009965,103.70450917834938
2007-04-18,133.0,training,73.81181778452772,116.8154641105125,75.45818534244518,104.92780377663298
2007-04-19,124.0,training,74.27002743733924,113.23983876591139,75.8485711696649,102.25652984408666
2007-04-20,123.0,training,79.11562257259189,115.30492634440928,80.87718307995496,104.08130739534785
2007-04-21,119.0,training,88.03775509329586,122.49002478301404,90.20961458088308,110.01563638617952
2007-04-22,121.0,training,97.21155670030547,129.47100094735575,99.67068677448336,115.91357026561461
2007-04-23,121.0,training,100.36184188630887,129.24348435812934,102.79773755408903,115.77198376743003
2007-04-24,119.0,training,101.43799603976416,126.39651745220998,103.77908556189004,113.6802874904787
2007-04-25,116.0,training,103.09292246407159,124.4454353357073,105.42056408750304,112.33404376126319
2007-04-26,119.0,training,109.25273267241836,128.24876096384165,111.8236001065837,115.58118293210127
2007-04-27,121.0,training,119.82732626029635,138.90806690137705,122.88570894581994,124.24289839076009
2007-04-28,121.0,training,124.34084013405841,139.9964669364196,127.42032362153081,125.49818047996087
2007-04-29,124.0,training,129.21884637681896,141.95202453119296,132.44896495933335,127.34029146795766
2007-04-30,130.0,training,140.13299460133382,152.0819785536883,143.40572620265647,134.88401053996267
2007-05-01,133.0,training,144.62471712905577,153.52315144027952,147.8874360809877,136.42252206360104
2007-05-02,146.0,training,157.5073764411348,168.66594346645377,161.10421093919555,149.13672792826017
2007-05-03,151.0,training,167.00923494364199,176.436584815973,170.6819962817912,156.07901430325902
2007-05-04,151.0,training,177.96460141585624,187.52655775191346,182.0967854913248,165.34877490896798
2007-05-05,148.0,training,188.36581743971735,197.26838224222942,192.7459021368114,173.5343276406527
2007-05-06,154.0,training,198.5794868996191,206.61570076074773,203.34013861589963,181.48391154393107
2007-05-07,148.0,training,206.53921721805236,211.9209119880104,211.1773673657892,186.6237535174933
2007-05-08,145.0,training,210.8030571067691,212.48091206107293,215.14384181099132,188.06904850720454
2007-05-09,137.0,training,207.79911733639366,204.2660993346061,211.89518386095406,182.2019579484365
2007-05-10,133.0,training,211.97435664263617,204.63784976576707,219.8552981533363,183.8037431975993
2007-05-11,133.0,training,225.95246323794137,217.95197155045352,250.61026754471257,199.55097161249878
2007-05-12,133.0,training,240.4310965441701,214.36157502637582,231.61680974196182,212.40547903711266
2007-05-13,136.0,training,244.6578789203194,212.11712179095784,235.99899929408528,214.70336636178664
2007-05-14,139.0,training,241.17150854831763,208.43168771791838,249.70325137191384,222.22535228953075
2007-05-15,143.0,training,237.73481889137972,208.15640089113643,256.3654944964103,245.09013005683
2007-05-16,157.0,training,234.34710200021001,208.49659899656675,211.53897858432785,209.4002913394044
2007-05-17,160.0,training,234.57892188180583,211.0552494213119,210.90957112984447,209.94338351959254
2007-05-18,151.0,training,236.88861318388254,211.51178570076482,213.01030558722104,210.86966624623813
2007-05-19,142.0,training,233.62673834889458,203.8833696651552,209.7938638947197,204.4739271711172
2007-05-20,133.0,training,231.55275261010598,196.77664584940806,207.68837602875539,198.6505082276038
2007-05-21,127.0,training,229.05030805342864,191.34489661393405,205.1921373769496,194.05451715791585
2007-05-22,124.0,training,226.1170245553636,185.9404971538265,206.0720709699838,189.53340304461108
2007-05-23,124.0,training,222.89486102442018,180.56679357277267,213.1800041114247,185.07880826480186
2007-05-24,127.0,training,219.71861326580995,177.2197858672877,204.58039172114442,181.9889556877305
2007-05-25,130.0,training,216.58762698060343,174.9322582862299,207.8333854535967,179.19266487889368
2007-05-26,136.0,training,213.50125719361907,172.70660626203662,205.96911825463582,177.48112608899442
2007-05-27,139.0,training,211.14448588353756,172.88054127904113,205.91881197257524,176.87947424924315
2007-05-28,139.0,training,208.13568075923718,171.9082695074381,207.7780744917893,177.3516289238203
2007-05-29,148.0,training,205.1697510538147,171.22957824805948,212.44849384477297,185.33488705686625
2007-05-30,157.0,training,202.2460857933227,172.44352146252294,215.98472141513312,201.54421021890406
2007-05-31,167.0,training,199.36408271018138,176.30688544717802,205.46579578249796,189.10968302778628
2007-06-01,167.0,training,197.0335952728862,178.9937800005858,203.2127689423485,190.22463538686023
2007-06-02,167.0,training,194.90238588369272,181.68036783575397,205.79686155122607,196.1664498233463
2007-06-03,173.0,training,192.12503039211393,183.12887925860113,194.98900507690226,188.39449897185577
2007-06-04,175.0,training,190.21314379623564,184.4755020199896,174.25998191677058,180.94642864932
2007-06-05,190.0,training,192.494434094034,190.46717891557424,174.23518509335622,183.4803356470104
2007-06-06,181.0,training,191.37385910007467,189.73720940325882,185.93493456557636,183.97706091886647
2007-06-07,180.0,training,188.6467850516667,187.13685497663542,168.28675052154244,180.5874212798301
2007-06-08,173.0,training,189.15924816008862,188.8579479298836,169.604577451382,182.23235997692726
2007-06-09,170.0,training,186.727795336412,185.94303962126943,195.51008453023405,193.17879670406992
2007-06-10,167.0,training,184.0669276130304,186.59533875308065,195.68657704513322,213.65870233844524
2007-06-11,175.0,training,182.51774212959603,191.78349936871714,182.4712353490999,205.07971451223764
2007-06-12,176.0,training,184.09017086615773,199.61197472292474,181.62629181766167,193.86920990146334
2007-06-13,187.0,training,182.26400808333176,200.17416871452866,184.49765732420465,196.3844740003711
2007-06-14,187.0,training,179.66674924798082,199.29951250956643,175.67717226332553,189.6268181939804
2007-06-15,187.0,training,177.106501304296,197.3112993758378,169.03811550546774,186.3680176285129
2007-06-16,183.0,training,174.68278889527136,195.6419993818198,170.53254887894775,186.45758964774808
2007-06-17,180.0,training,172.38383811252584,194.49603671153434,170.14300853167833,187.54029744641159
2007-06-18,173.0,training,170.45490346020023,194.8251860019127,176.58245755783844,194.4042042112779
2007-06-19,168.0,training,168.02592415322434,195.64084205816565,193.2505297670567,230.07154494462895
2007-06-20,187.0,training,165.63155775766344,220.9358738766918,201.59498089586629,262.3395422829366
2007-06-21,192.0,training,163.2713110401527,266.3837688971812,207.58507575174943,288.66230163593445
2007-06-22,200.0,training,160.94469779589392,264.299132920263,211.0510808611956,246.6583056100381
2007-06-23,204.0,training,158.65123874849849,256.5023300680353,208.54083492467558,259.6264915612111
2007-06-24,225.0,training,156.3904614512577,233.10873514088004,190.1806698838931,237.5007150116412
2007-06-25,232.0,training,154.16190018981993,217.55011717316893,179.22732653564884,222.93766600335024
2007-06-26,225.0,training,151.96509588625472,226.17401843044107,186.77434236029316,228.77780831755558
2007-06-27,223.0,training,149.7995960044839,222.21547053110348,187.37636018480512,225.99445628047496
2007-06-28,219.0,training,147.66495445706025,184.23066828642757,153.729942429004,189.0996127696167
2007-06-29,196.0,training,145.5607315132745,177.87879072824603,150.437552113506,182.69099551386486
2007-06-30,188.0,training,143.48649370857223,186.65464648496774,163.13740508883495,192.40223025243043
2007-07-01,186.0,training,141.44181375526117,186.61322529157223,166.86317250471032,193.262548255183
2007-07-02,182.0,training,139.42627045449078,178.92150290711325,162.74983859443736,186.4026393141034
2007-07-03,182.0,training,137.43944860948676,173.35691858614666,160.54574891816662,181.5666953447331
2007-07-04,180.0,training,135.4809389400212,174.69585021218123,165.1104364792987,183.61023200715633
2007-07-05,179.0,training,133.55033799810218,154.06871522175248,147.54311539782947,163.62857802572105
2007-07-06,164.0,training,131.6472480848644,153.8181589053079,145.36664491622471,159.7531948164349
2007-07-07,160.0,training,129.7712771686442,144.76866294931187,134.86960845115928,148.28563002366025
2007-07-08,150.0,training,127.92203880422211,156.08322934159975,140.2826947231018,158.24324634495
2007-07-09,150.0,training,127.65699321052008,172.10848454982437,156.02354204213196,173.96420028959497
2007-07-10,151.0,training,125.83788335445479,177.7128924472016,164.76954058968144,180.42910954148115
2007-07-11,157.0,training,124.04469578110354,157.10316966186437,147.14190244664496,160.61753712717538
2007-07-12,160.0,training,124.53686791908905,159.337535406272,145.13736057039787,160.26747397648953
2007-07-13,160.0,training,122.76221979228004,157.89138776914345,146.67838445803415,159.67080121399852
2007-07-14,153.0,training,121.0128603693433,137.3911698082587,129.01303349584546,139.95959401041154
2007-07-15,146.0,training,119.28842928670373,129.99191996348873,122.3207039596499,131.560524138938
2007-07-16,139.0,training,122.03398392950425,136.79802270650492,123.69020916452546,136.6742013081391
2007-07-17,130.0,training,123.30421790716669,157.0109652800738,142.4195714939169,156.41772384778707
2007-07-18,131.0,training,121.54713502084603,176.2306888593092,164.27488912905008,176.19782636554422
2007-07-19,139.0,training,119.8150905340368,188.2662258127026,179.1348431767012,189.07204626104019
2007-07-20,148.0,training,118.10772764999652,161.5919935289737,155.14016312684782,163.17794793773868
2007-07-21,153.0,training,116.42469465632985,145.0178450780183,138.09810137510627,144.73831191616475
2007-07-22,143.0,training,116.22388284626341,154.30261056113468,143.58315194807963,152.37906038945246
2007-07-23,143.0,training,114.56769460715017,144.9017022795713,136.6211786245601,143.62419151259618
2007-07-24,136.0,training,113.6256834410912,143.9386119414967,134.59940953972728,141.7111751292894
2007-07-25,130.0,training,113.89793945805799,142.0090723614684,131.77639984607643,139.36182234014774
2007-07-26,130.0,training,113.09371600627271,122.14221968502643,112.22664871565217,119.33116400501657
2007-07-27,120.0,training,114.38991987284157,114.31004142384623,102.70531200134,111.06187384274226
2007-07-28,114.0,training,114.44505895952767,139.25698248678822,127.46018540174589,135.91599538170013
2007-07-29,114.0,training,112.81421892879054,151.866643749422,142.69573135033332,149.4054013912096
2007-07-30,114.0,training,111.20661833914448,156.275145640378,149.59583361375047,154.63622048460437
2007-07-31,116.0,training,109.62192602897214,144.10211915058971,139.78580953719216,143.23103435977822
2007-08-01,116.0,training,108.05981555570327,133.27246047575076,131.1960143576799,133.11755305257955
2007-08-02,114.0,training,106.51996512856833,112.36892647463303,111.66692636824936,112.13369720233487
2007-08-03,111.0,training,105.05220189998454,108.51089279564363,103.46912709501525,104.90022034480519
2007-08-04,105.0,training,106.09154881025962,125.07441857184091,116.91592774831938,120.54386332115605
2007-08-05,101.0,training,104.57974614882835,132.9374655166617,126.64633300083108,128.84772533894628
2007-08-06,102.0,training,103.0894866481176,129.1208107312771,124.49285380304265,125.34875783661437
2007-08-07,101.0,training,102.14837255099253,126.59000398558229,120.61824216503747,121.84328692136187
2007-08-08,101.0,training,101.67016562735313,132.57398840410647,126.11161003052526,127.59694281595759
2007-08-09,101.0,training,100.68943241393225,143.4860210536175,137.22371843981352,138.33829475432725
2007-08-10,101.0,training,99.25460981393768,141.6771284837967,137.49539147998505,137.31921579179428
2007-08-11,102.0,training,97.84023341017343,113.21873154911903,110.96755639994434,109.55986084942305
2007-08-12,99.7,training,97.04349609067201,112.46985717759439,107.29672482880903,106.70235349945966
2007-08-13,94.2,training,95.66062801767536,117.74168158514213,114.52497549912648,112.74920620509643
2007-08-14,94.2,training,94.29746578983423,111.2387498077381,109.84734336806483,106.94515057571458
2007-08-15,91.5,training,92.95372859920977,101.44369062910415,101.66109065372963,97.68546022408282
2007-08-16,88.9,training,91.62913963937119,100.86779386157548,102.74073072431213,97.74272608180556
2007-08-17,86.3,training,90.32342604837434,100.1002944205424,103.55353766746244,97.58236384208237
2007-08-18,83.8,training,89.03631885255294,105.0077627622522,109.95525959710432,103.0583252071942
2007-08-19,82.5,training,87.76755291111051,105.22962453725387,111.58902591934631,103.81200316025709
2007-08-20,81.3,training,86.51686686150225,98.13982928947031,105.83234105109094,97.21922375279883
2007-08-21,78.8,training,85.2840030655948,103.67059845742482,112.62083826319345,103.21399807802584
2007-08-22,78.8,training,84.06870755659372,103.00423616244056,113.14009608343855,102.98033686312918
2007-08-23,78.8,training,82.87072998672667,97.18785183892808,108.44036632325212,97.56697674268442
2007-08-24,77.6,training,81.68982357567265,93.508410772198,105.39786413817833,93.84866862137415
2007-08-25,76.4,training,80.52574505972576,94.49694125623002,104.7721302335072,92.58353823567154
2007-08-26,74.0,training,79.37825464168355,92.79787252541787,103.85104096910486,91.0580946668461
2007-08-27,74.0,training,78.24711594144938,92.34538736381342,104.39067466952584,91.02709510973185
2007-08-28,74.0,training,77.13209594733873,92.54226403662962,105.5198798831405,91.61811163940428
2007-08-29,72.8,training,76.0329649680794,96.24819357635761,110.10098286685509,95.69223725080616
2007-08-30,72.8,training,74.9494965854957,91.70073960197561,106.37407569552482,91.48837256893262
2007-08-31,71.6,training,73.8814676078668,92.71236975779986,108.15405190242141,92.82026013449475
2007-09-01,71.6,training,72.82865802394996,92.461479208071,108.6198052536426,92.86568186655164
2007-09-02,69.3,training,71.79085095765865,85.86550219341322,102.33049272325157,86.18272076754458
2007-09-03,67.1,training,70.76783262338667,87.5732184256742,104.06079474582539,87.54501994610187
2007-09-04,66.0,training,69.75939228196889,73.02835888161219,90.13527686582052,73.27614307575142
2007-09-05,66.0,training,68.76532219726946,71.3108155732311,88.44034596846488,71.26152947302047
2007-09-06,64.9,training,67.78541759338871,75.48188614766104,93.16827147723676,75.69251417879055
2007-09-07,64.9,training,66.81947661247992,68.52293464146693,86.72623767238197,68.97537919620487
2007-09-08,62.7,training,65.86730027316698,62.649455520128086,81.29151350965816,63.28652226319822
2007-09-09,61.6,training,64.92869242955486,74.59389091898028,93.67993178710836,75.44093500636839
2007-09-10,60.5,training,64.00345973082399,85.95808452207879,105.45335619917918,86.99966901445505
2007-09-11,60.5,training,63.09141158140049,88.17001683763766,108.04137638177787,89.39152993400366
2007-09-12,60.5,training,62.19236010169401,79.34020809440017,99.55605547019552,80.72782410815746
2007-09-13,60.5,training,61.30612008939492,66.3977683295492,86.92798280777164,67.93841039549828
2007-09-14,58.4,training,60.43250898132323,63.211602772530576,84.02748184823463,64.89290721094758
2007-09-15,56.4,training,59.57134681582095,77.75465437184134,98.8288551027377,79.56493663885182
2007-09-16,55.4,training,58.72245619568048,65.50181178206586,86.80829445268522,67.43003393848066
2007-09-17,55.4,training,57.88566225160125,64.81624580117482,86.33021982203033,66.85198543477868
2007-09-18,54.4,training,57.06079260616706,61.26091184904575,82.95878380352545,63.394332388039544
2007-09-19,53.4,training,56.2476773383368,47.060484622438395,68.919808377546,49.28230698033449
2007-09-20,51.4,training,55.44614894844113,22.997855051571545,44.99728385188969,25.29933054633495
2007-09-21,50.5,training,54.65604232367799,18.442244520024783,40.561484987404796,20.815129012642927
2007-09-22,48.6,training,53.877194704099765,17.729241250610322,39.94900921510073,20.165770450567056
2007-09-23,46.7,training,53.10944564908519,17.04380369651016,39.34578178692845,19.536669583837924
2007-09-24,44.9,training,52.35263700428895,16.8603787759467,39.42509626790182,19.37915203624204
2007-09-25,44.9,training,51.606612869062296,16.17275153298944,38.58786298847312,18.758080291578505
2007-09-26,43.1,training,50.87121956433794,15.142432450605567,37.59020358492514,17.76469143064543
2007-09-27,41.4,training,50.146305600972525,14.557004585117374,37.02259396760238,17.210495755176932
2007-09-28,41.4,training,49.431721648540254,13.994210189305077,36.46355521840353,16.673589028852703
2007-09-29,39.7,training,48.72732050457122,13.453174221204034,35.912957917780076,16.153431897477564
2007-09-30,39.7,training,48.03295706422806,12.93305546921018,35.37067460041027,15.649501832803667
2007-10-01,39.7,training,47.34848829041474,12.433045244150378,34.83657972569034,15.161292607620354
2007-10-02,38.0,training,46.673773184311266,11.952366121919262,34.310549648671476,14.688313787219284
2007-10-03,38.0,training,46.00867275632827,11.49027073472744,33.79246259143547,14.399175787369751
2007-10-04,36.4,training,45.35304999747557,11.046040609081814,33.28219861490276,13.949972322011215
2007-10-05,36.4,training,44.70676985113861,10.618985048691183,32.779639591065994,13.908257525837122
2007-10-06,35.6,training,44.06969918525716,10.208440060560314,32.28466917564306,13.474368977633894
2007-10-07,34.8,training,43.44170676490044,9.813767322602748,31.79717278114288,13.054016220805837
2007-10-08,34.0,training,42.82266322523311,9.434353191167126,31.317037550338007,12.646776986434102
2007-10-09,34.0,training,42.21244104486634,9.06960774693397,30.844152330137742,12.252242178899783
2007-10-10,34.0,training,41.61091451958888,8.718963877699446,30.37840764585581,11.870015464923458
2007-10-11,33.2,training,41.017959736472164,8.381876396620003,29.919695675866524,11.499712875425248
2007-10-12,32.5,training,40.433454548344656,8.057821194546912,29.467910226643713,11.140962419805398
2007-10-13,32.5,training,39.8572785486298,7.7462944251327635,29.022946708176512,10.793403712258018
2007-10-14,32.5,training,39.28931304654262,9.695004735195981,28.584702109756364,10.954688927450169
2007-10-15,31.0,training,38.72944104263964,11.337583813183308,28.153074976129698,12.69086523294795
2007-10-16,31.0,training,38.177547204717406,10.899256779980664,27.727965384010638,12.29495502772365
2007-10-17,30.2,training,37.63351784405424,10.477876090126133,27.30927491894838,11.91139582361106
2007-10-18,30.2,training,37.09724089199073,10.07278657400635,26.89690665254391,11.53980231296606
2007-10-19,29.5,training,36.56860587684384,9.68335839179228,26.49076512001071,11.179801208383136
2007-10-20,30.5,training,36.047503901150016,9.308986054153923,26.09075629807428,10.831030867706396
2007-10-21,30.1,training,35.53382761923261,8.949087480835553,25.696787583205428,10.493140930738848
2007-10-22,29.0,training,35.02747121508894,8.603103095627802,25.308767770182204,10.165791967285132
2007-10-23,29.3,training,34.528330380592436,9.088247578390524,24.926607030975543,9.855842792295812
2007-10-24,28.9,training,34.03630229400548,8.736883066896027,24.55021689395375,9.548375281536506
2007-10-25,28.5,training,33.55128559879836,8.399102804606112,24.179510223400992,9.250499671963619
2007-10-26,28.8,training,33.073180382770076,8.07438160522445,23.814401199345042,8.961916730112952
2007-10-27,28.4,training,32.6018881574667,7.762214586900083,23.454805297689646,8.682336557548316
2007-10-28,28.7,training,32.13731183789301,7.462116387228834,23.100639270646884,8.411478299641583
2007-10-29,29.0,training,31.679355722513204,7.173620408603872,22.751821127464986,8.149069863437797
2007-10-30,28.6,training,31.227925473536647,6.896278092742095,22.40827011544718,7.894847644321899
2007-10-31,28.2,training,30.782928097484533,6.629658223258342,22.069906701257135,7.648556261212475
2007-11-01,28.2,training,30.344271926033446,6.513928829376447,21.736652552506705,7.409948300016525
2007-11-02,27.9,training,29.91186659713193,6.262091123448868,21.408430519621678,7.178784065087561
2007-11-03,27.7,training,29.485623036386134,6.019989819589551,21.085164617981373,6.954831338437294
2007-11-04,28.2,training,29.065453438710723,5.78724849471727,20.766780010327917,6.737865146459104
2007-11-05,28.0,training,28.651271250241244,5.563505278799764,20.453202989441138,6.527667533928895
2007-11-06,27.8,training,28.242991150504256,5.348412292212276,20.144360961075076,6.3240273450563285
2007-11-07,28.3,training,27.840529034841527,5.141635104848602,19.840182427152133,6.126740011366493
2007-11-08,28.8,training,27.4438019970847,4.942852216143669,19.540596969211013,5.935607346198903
2007-11-09,32.0,training,27.052728312476813,6.425167033475612,19.245535232104586,6.21221271938616
2007-11-10,29.7,training,26.66722742083723,7.474368335235532,18.954928907943906,6.830435336990358
2007-11-11,30.1,training,26.287219909966428,7.6124538183682,18.66871072028469,6.935394924866742
2007-11-12,29.9,training,25.912627499287307,8.475452632956308,18.386814408552564,7.694522523139888
2007-11-13,30.4,training,25.543373023719585,8.147779641173573,18.109174712703496,7.454480576801158
2007-11-14,30.8,training,25.179380417783975,9.104748967577018,17.83572735811585,8.2338186453926
2007-11-15,30.6,training,24.82057469993291,8.752746489026666,17.566409040710585,7.976952563384744
2007-11-16,30.6,training,24.466881957104523,8.414352924390016,17.301157412296117,7.728099796574566
2007-11-17,30.6,training,24.118229329496746,8.089042133798179,17.039911066134465,7.487010357809405
2007-11-18,30.0,training,23.774544995558387,7.77630831869411,16.78260952272539,7.253442058653473
2007-11-19,30.0,training,23.43575815719406,7.475665235408695,16.52919321580515,7.027160266095425
2007-11-20,32.2,training,23.101799025179957,7.513560468169963,16.2796034785567,7.042496749575841
2007-11-21,30.8,training,22.772598804787474,8.881892973209407,16.033782530028088,8.260052641195985
2007-11-22,30.8,training,22.448089681611627,8.538506422748512,15.791673461755964,8.002368151107063
2007-11-23,35.3,training,22.128204807601506,20.48527535940413,15.553220224591055,18.76639923576294
2007-11-24,32.3,training,21.81287828728971,22.09840170850249,15.318367615722577,20.28793363229716
2007-11-25,30.9,training,21.502045164218064,21.24404622862107,15.087061265898587,19.65502170545023
2007-11-26,29.6,training,21.195641407556753,20.422721340527755,14.859247626839286,19.041854396976237
2007-11-27,29.6,training,20.893603898914133,23.36759668494304,14.634873958840402,21.756229533963634
2007-11-28,29.6,training,20.595870419334517,24.642149424649244,14.413888318563751,22.980844559903833
2007-11-29,29.0,training,20.302379636481202,23.68944905859038,14.196239547012164,22.26392331624282
2007-11-30,29.6,training,20.01307109200219,22.773581436779907,13.98187725768598,21.56936748514412
2007-12-01,29.0,training,19.7278851890759,21.89312255320586,13.770751824918394,20.896479344670333
2007-12-02,28.6,training,19.446763180134397,21.04670345594371,13.562814372386924,20.24458293934604
2007-12-03,28.6,training,19.169647154761527,20.233008118687415,13.358016761798362,19.613023401120994
2007-12-04,29.4,training,18.896480027763523,19.45077139457016,13.156311581744585,19.00116629151689
2007-12-05,28.6,training,18.627205527409604,20.060680896310558,12.957652136726633,19.51624854886673
2007-12-06,28.6,training,18.36176818384014,19.285106586458035,12.761992436344524,18.90741047310415
2007-12-07,28.2,training,18.100113317640005,18.53951707688285,12.569287184650316,18.317565996524834
2007-12-08,27.9,training,17.84218702857475,17.822753112776976,12.379491769661918,17.746122585868644
2007-12-09,27.5,training,17.587936184487294,17.133700257763664,12.192562253035248,17.19250619282191
2007-12-10,28.6,training,17.337308410352847,16.471287161153413,12.008455359892357,16.656160677352347
2007-12-11,28.2,training,17.090252077489772,15.834483892190406,11.827128468803119,16.1365472490339
2007-12-12,27.5,training,16.846716292924228,15.222300338699204,11.64853960191822,15.633143925800226
2007-12-13,27.1,training,16.606650888906316,14.633784667642107,11.47264741525112,15.145445009583236
2007-12-14,27.5,training,16.370006412575695,14.06802184519353,11.299411189106785,14.67296057830978
2007-12-15,27.1,training,16.136734115774374,13.52413221403037,11.128790818654906,14.215215993746313
2007-12-16,27.1,training,15.906785945004737,13.001270125626382,10.960746804645494,13.771751424697023
2007-12-17,27.5,training,15.680114531530656,12.498622625423964,10.795240244264651,13.342121385076519
2007-12-18,27.5,training,15.456673181619633,12.015408188839057,10.632232822128431,12.925894286393023
2007-12-19,27.5,training,15.236415866924023,11.550875506133904,10.471686801412675,12.522652004192478
2007-12-20,27.1,training,15.0192972149993,11.104302314268326,10.313565015116806,12.131989458028103
2007-12-21,27.1,training,14.805272499957459,10.67499427391331,10.15783085745953,11.753514204533412
2007-12-22,26.0,training,14.594297633253595,10.262283889880798,10.004448275404448,11.38684604318988
2007-12-23,26.0,training,14.386329154603771,9.865529473291245,9.853381760313663,11.031616634393327
2007-12-24,26.7,training,14.181324223032323,9.484114143865174,9.70459633972739,10.687469129435229
2007-12-25,26.0,training,13.979240608046709,9.11744487078763,9.558057569267694,10.354057812027346
2007-12-26,25.6,training,13.780036680938148,8.764951550654112,9.4137315246645,10.03104775100948
2007-12-27,26.3,training,13.583671406206214,8.42608612106445,9.271584793901997,9.718114463891558
2007-12-28,25.6,training,13.39010433310562,8.100321708486392,9.131584469483624,9.414943590892001
2007-12-29,25.6,training,13.199295587313477,7.787151809063976,8.993698140813866,9.121230579144935
2007-12-30,26.3,training,13.011205862715274,7.486089501097035,8.857893886695086,8.83668037675904
2007-12-31,27.5,training,12.825796413307923,7.196666687967328,8.724140267937646,8.561007136420677
2008-01-01,27.9,training,12.64302904521819,6.918433370334256,8.59240632008161,8.293933928243547
2008-01-02,25.8,training,12.46286610883484,6.6509569464684795,8.462661546228373,8.035192461576429
2008-01-03,26.0,training,12.285270491052925,6.393821539635662,8.334875909980502,7.784522815489536
2008-01-04,27.3,training,12.110205607628574,6.1466273514844945,8.209019828488193,7.541673177668758
2008-01-05,26.6,training,11.937635395642731,5.908990040433653,8.085064165600754,7.30639959145545
2008-01-06,26.6,training,11.767524306072287,5.680540124091201,7.962980225121458,7.0784657107777225
2008-01-07,26.0,training,11.599837296467081,5.460922404777303,7.8427397441642706,6.857642562726988
2008-01-08,26.0,training,11.434539823731225,5.24979541725704,7.724314886610896,6.643708317541289
2008-01-09,25.8,training,11.271597837007329,5.046830897824658,7.6076782366666,6.436448065764337
2008-01-10,25.8,training,11.110977770662112,4.851713273913764,7.492802792513358,6.235653602356392
2008-01-11,25.8,training,10.95264653737196,4.664139173439936,7.379661960058835,6.041123217540139
2008-01-12,25.5,training,10.796571521307024,4.483816953112804,7.2682295467797475,5.852661494171414
2008-01-13,25.0,training,10.642720571412449,4.310466244984293,7.158479755658209,5.670079111431264
2008-01-14,25.4,training,10.491061994785328,4.143817520527931,7.05038717920961,5.493192654642113
2008-01-15,25.4,training,10.34156455014605,3.9836116715714627,6.943926793600701,5.321824431017001
2008-01-16,25.4,training,10.194197441402677,3.8295996074312213,6.839073952856481,5.155802291156784
2008-01-17,25.8,training,10.048930311307032,3.6815418676218403,6.735804383154556,4.994959456116004
2008-01-18,25.8,training,9.905733235201172,3.5392082495391612,6.634094177205668,4.839134349863687
2008-01-19,25.5,training,9.764576714852991,3.4023774505374416,6.533919788719062,4.688170436970769
2008-01-20,25.4,training,9.625431672379662,3.270836723844378,6.435258026951436,4.541916065361117
2008-01-21,25.3,training,9.488269444257668,3.1443815477789214,6.338086051338195,4.400224313968137
2008-01-22,25.3,training,9.353061775418182,3.0228153077576185,6.242381366205773,4.262952845143988
2008-01-23,25.4,training,9.219780813426599,2.905948990595028,6.148121815563814,4.129963761673086
2008-01-24,25.3,training,9.088399102745006,2.793600890622914,6.05528557797596,4.001123468246292
2008-01-25,25.3,training,8.958889579076418,2.6855963271712953,5.963851161508119,3.87630253725661
2008-01-26,25.3,training,8.831225563789586,2.581767372972067,5.873797398752997,3.7553755787815915
2008-01-27,25.3,training,8.70538075842328,2.4819525930629354,5.785103441929771,3.638221114621831
2008-01-28,25.4,training,8.58132923926887,2.3859967937856794,5.697748758057741,3.5247214562690075
2008-01-29,25.4,training,8.459045452030107,2.2937507814885096,5.611713124202877,3.4147625866809004
2008-01-30,25.5,training,8.338504206559001,2.205071130557328,5.52697662279613,3.308234045744605
2008-01-31,25.4,training,8.21968067166672,2.1198199604152292,5.44351963702244,3.2050288193128913
2008-02-01,25.5,training,8.10255037000843,2.037864721143515,5.361322846279377,3.105043231702233
2008-02-02,25.3,training,7.987089173041012,1.959077987390905,5.2803672217043385,3.008176841544531
2008-02-03,25.4,training,7.87327329605266,1.8833372602505114,5.20063402176931,2.914332340887877
2008-02-04,25.3,training,7.7610792932632755,1.810524776796524,5.122104787942121,2.823415457445036
2008-02-05,25.3,training,7.650484052994713,1.7405273269844836,5.04476134041323,2.735334859891414
2008-02-06,25.3,training,7.541464792909818,1.6732360776304445,4.968585773887037,2.6500020661174126
2008-02-07,25.3,training,7.433999055319335,1.6085464031953536,4.893560453436728,2.567331354342967
2008-02-08,25.2,training,7.328064702555673,1.5463577231115464,4.819668010421736,2.487239677005015
2008-02-09,25.3,training,7.223639912412605,1.4865733453984287,4.746891338466829,2.4096465773313582
2008-02-10,25.1,training,7.1207031736499555,1.4291003163241967,4.675213589501925,2.3344741085171345
2008-02-11,25.1,training,7.01923328156233,1.3738492758798515,4.6046181698616975,2.2616467554226953
2008-02-12,25.0,training,6.919209333611004,1.3207343188407878,4.5350887364440835,2.1910913587142327
2008-02-13,25.0,training,6.820610725118056,1.2696728611999422,4.466609192926789,2.122737041370951
2008-02-14,25.1,training,6.723417145021853,1.2205855117648226,4.39916368604094,2.0565151374849555
2008-02-15,25.2,training,6.627608571693024,1.1733959487187797,4.332736601900984,1.992359123282335
2008-02-16,25.2,training,6.533165268810059,1.1280308009545936,4.267312562390019,1.930204550296141
2008-02-17,25.2,training,6.44006778129367,1.084419533995871,4.202876421599705,1.8699889806241339
2008-02-18,25.5,training,6.348296931299103,1.0424943403288844,4.1394132623239255,1.8116519242062625
2008-02-19,25.5,training,6.2578338142655445,1.002190033974336,4.076908392605404,1.7551347780588609
2008-02-20,25.4,training,6.168659795021832,0.9634439491351282,4.015347342334456,1.7003807674045235
2008-02-21,25.6,training,6.080756503947658,0.9261958427625528,3.9547158598991112,1.647334888638525
2008-02-22,25.3,training,5.994105833189474,0.89038780088941,3.894999908885805,1.5959438540744826
2008-02-23,25.3,training,5.908689932930318,0.855964148584422,3.8361856648299013,1.5461560384137596
2008-02-24,25.2,training,5.824491207712796,0.8228713633879357,3.7782595120152784,1.4979214268848347
2008-02-25,25.3,training,5.741492312814471,0.7910579920943233,3.7212080403222356,1.45119156500054
2008-02-26,25.4,training,5.659676150674883,0.7604745707516952,3.6650180421230036,1.4059195098826969
2008-02-27,25.3,training,5.579025867373505,0.7310735477545338,3.609676509224131,1.3620597831052492
2008-02-28,25.5,training,5.499524849157871,0.7028092099096785,3.555170629855035,1.3195683250085262
2008-02-29,25.6,training,5.421156719021192,0.6756376113607009,3.5014877857020332,1.2784024504387388
2008-03-01,25.5,training,5.343905333328727,0.6969101275106271,3.4486155489871537,1.2385208058682462
2008-03-02,25.4,training,5.267754778492242,3.0332061402850217,3.396541679591061,3.049753709748378
2008-03-03,25.5,training,5.192689367691852,4.284667568078532,3.3452541222194205,4.032558977127494
2008-03-04,25.6,training,5.118693637644565,5.486339679202691,3.2947410036120544,4.948105453213258
2008-03-05,25.8,training,5.045752345418902,5.948352432403575,3.2449906297942372,5.281424367829174
2008-03-06,26.6,training,4.973850465294877,12.274961832666524,3.1959914833694993,10.540098367118405
2008-03-07,27.3,training,4.902973185668746,14.092278663892781,3.147732220853303,11.976832948950735
2008-03-08,27.9,training,4.833105906001853,16.79375934413642,3.1002016700469857,14.132711661053786
2008-03-09,27.9,training,4.764234233812954,19.28785108857071,3.0533888274513568,16.138142226375447
2008-03-10,28.6,training,4.696343981713403,18.67243159880595,3.0072828557193407,15.665570753445433
2008-03-11,29.2,training,4.629421164484585,17.950528971204914,2.961873081147098,15.176860234650354
2008-03-12,29.2,training,4.563451996197005,22.65612653661042,2.917148991203017,18.9606329237262
2008-03-13,31.5,training,4.498422887370408,29.350642777749837,2.8731002320940284,24.59960344411163
2008-03-14,33.0,training,4.434320442174394,35.066976513078444,2.8297166063686587,29.3323869854165
2008-03-15,36.9,training,4.3711314556689,41.75784551990697,2.7869880705562875,34.87114348371724
2008-03-16,47.8,training,4.308842911084025,50.54980128175434,2.7449047328420444,42.266510196755135
2008-03-17,47.8,training,4.247441977138605,56.53518044633798,2.7034568507768157,47.50398021867948
2008-03-18,43.1,training,4.186916005396998,58.96452434680393,2.662634829021833,49.96637757420345
2008-03-19,38.5,training,4.127252527663545,56.68487239917411,2.622429217127317,48.407602940905846
2008-03-20,38.5,training,4.068439253414152,55.14944776783986,2.5828307073446615,47.34318536010148
2008-03-21,39.2,training,4.010464067264468,57.87634683005739,2.543830132471656,49.68438667077363
2008-03-22,41.6,training,3.953315026474156,57.396229773120986,2.505418463730245,52.9911731401339
2008-03-23,43.1,training,3.89698035848671,55.306659814157086,2.46758680867633,54.12729268797824
2008-03-24,44.7,training,3.841448458504344,53.71523759504,2.4303264091411396,52.8273571511169
2008-03-25,47.0,training,3.7867078870974313,51.638530501114815,2.393628639203676,51.17933005231381
2008-03-26,49.4,training,3.7327473678480123,49.64211184203699,2.3574850031937853,49.582715582588875
2008-03-27,50.9,training,3.6795557850268787,47.83232709367917,2.3218871337253795,48.03590984936615
2008-03-28,51.7,training,3.6271221813037653,46.59048989528378,2.286826789759351,46.722368010048825
2008-03-29,51.7,training,3.575435755490165,46.31499235866066,2.2522958546957454,46.528024910169236
2008-03-30,53.3,training,3.5244858603143117,44.74526988314101,2.218286334494738,45.16790824988596
2008-03-31,54.8,training,3.474262000227873,43.01535443370259,2.1847903558259816,43.75882892420385
2008-04-01,54.8,training,3.424753829243888,41.35231996341617,2.1518001642459024,42.39370790040015
2008-04-02,56.4,training,3.375951148805527,39.75358075898938,2.1193081224025194,41.071173834598895
2008-04-03,58.0,training,3.32784390568521,38.21665107446456,2.087306708267366,39.78989816401312
2008-04-04,59.7,training,3.2804221899136685,37.014334272643225,2.055788513394114,38.62413535131846
2008-04-05,58.9,training,3.2336762327385187,38.236570387940105,3.6047735615460224,39.03414895932411
2008-04-06,57.2,training,3.1875964046119223,37.08892608443337,3.5503417163664204,37.956420968568175
2008-04-07,56.4,training,3.142173213206924,37.66192706837313,3.49673178849149,38.47731945294509
2008-04-08,54.8,training,3.0973973014620584,38.59961933460189,3.443931367023649,39.33914469299043
2008-04-09,54.1,training,3.053259445653816,37.22057577886042,3.3919282284690575,38.11799648100505
2008-04-10,53.3,training,3.0097505534965805,35.781575651137324,3.3407103339078343,36.92884952116231
2008-04-11,54.1,training,2.9668616622696447,34.39820930457576,3.2902658262070017,35.7767997495941
2008-04-12,54.1,training,2.9245839369709077,33.43585410295413,3.2405830272755134,34.66403669455252
2008-04-13,54.8,training,2.8829086684968908,32.14317667070419,3.191650435360738,33.58264108993975
2008-04-14,58.0,training,2.8418272718486834,32.722142603041085,3.1434567223857526,33.93946336998752
2008-04-15,56.4,training,2.8013312843634544,32.25200401620933,3.0959907313268586,33.48588773115262
2008-04-16,56.4,training,2.7614123639711656,31.132840225127453,3.049241473630686,32.44534458228244
2008-04-17,58.0,training,2.722062287476127,35.75588976694319,3.003198126670301,36.584873697563005
2008-04-18,58.0,training,2.683272948863039,34.87398358044703,2.95785003123973,35.80457643064091
2008-04-19,57.2,training,2.645036357627174,33.52570602760545,2.9131866890863125,34.68760001158463
2008-04-20,57.2,training,2.607344637128354,32.22955479280561,2.869197760480319,33.60546931464278
2008-04-21,58.0,training,2.57019002296838,34.480096916379104,6.512504474108073,35.20902263597639
2008-04-22,62.6,training,2.5335648613915893,41.442937485897346,14.145620514685822,40.60885103991018
2008-04-23,72.2,training,8.127941637319665,48.42022813049687,21.778134776969885,45.738216990225666
2008-04-24,68.9,training,8.012118615249978,46.61338228799835,21.449286365206643,44.311346044643386
2008-04-25,64.7,training,7.897946069160552,45.46044151409763,21.125403542968247,43.285053555004644
2008-04-26,66.8,training,12.05845822018813,48.158862525254314,25.150310616197917,45.35212524707324
2008-04-27,76.6,training,20.502827133157602,56.152674603458415,33.807783487387326,51.68217511455004
2008-04-28,84.4,training,29.39566853208295,64.48418681321122,42.91496608112262,58.3511645752347
2008-04-29,86.7,training,37.16608892697913,71.30798191553865,50.85074463309997,63.8444677914452
2008-04-30,94.7,training,47.323693734766415,80.93354330653209,61.284069268177774,71.64093731116436
2008-05-01,92.3,training,56.5991648456757,89.15668684895425,70.48995799327518,77.93422111187148
2008-05-02,93.4,training,60.55870869735367,90.74272978976308,74.3926788289566,79.38049750507692
2008-05-03,92.3,training,69.78333158315127,98.90616640412728,83.84722470402588,86.11082858631262
2008-05-04,105.0,training,82.44490422936968,112.35167645662699,96.7368270001021,95.87850962109506
2008-05-05,97.4,training,87.2976660360344,115.2429551549433,101.2068548979745,98.67500777311588
2008-05-06,90.0,training,87.54644152223086,111.19911208827219,101.08405602791805,95.82964473950885
2008-05-07,95.5,training,90.66886198527033,111.3857863718886,104.08805021645246,96.29216822255617
2008-05-08,101.0,training,100.74678938397672,121.19814530247227,114.4590821796615,103.80939181431478
2008-05-09,107.0,training,114.14975857425647,137.6212839253657,128.33498342264608,117.12859198057096
2008-05-10,112.0,training,125.44285217579714,148.83355335598114,139.76243845454377,126.41107195367546
2008-05-11,122.0,training,134.04438887002397,155.18324064777943,148.54940932754184,131.9881319601202
2008-05-12,131.0,training,146.9119902220056,170.0108453309309,161.81534457976687,144.27038238948697
2008-05-13,136.0,training,156.90238343464438,178.7326174458017,172.01750713162963,151.83721350413407
2008-05-14,144.0,training,165.71724458532913,184.95402677554614,180.94334842950187,157.41270512653037
2008-05-15,149.0,training,173.43624394487506,189.71670220395865,189.06109081441318,161.7275246638065
2008-05-16,158.0,training,183.9401896336277,186.18466318965852,198.6975728024352,170.11596535656795
2008-05-17,147.0,training,190.53127559123791,181.57683374848133,203.84021502330685,173.07125691506053
2008-05-18,140.0,training,200.7286697093848,177.05399922347587,211.73497432303597,173.58752928800214
2008-05-19,144.0,training,198.36832226880358,174.60726071576252,208.52430391592077,171.56365660365
2008-05-20,151.0,training,195.5415772461064,172.45334782301092,210.9517460727733,172.18712670680688
2008-05-21,154.0,training,192.75511328911549,171.09221175572588,202.38952350633133,177.05045120515882
2008-05-22,158.0,training,192.54012557021954,175.2368120314692,185.28050246200598,169.95634085721866
2008-05-23,149.0,training,193.5650856771708,177.85306876327394,183.11319963621204,171.68749369020952
2008-05-24,138.0,training,194.03626833733534,176.19544269674478,183.26881780411998,170.63002147372416
2008-05-25,126.0,training,193.91727001605332,174.05351658766702,189.1777100452533,169.1386433251361
2008-05-26,129.0,training,191.57322282974243,170.80127202760482,184.38002710655215,166.25544830800277
2008-05-27,126.0,training,190.8753586848846,170.93130085383606,192.10229688737886,166.51157056024132
2008-05-28,126.0,training,188.84569950019363,170.03576923740658,192.39737211821537,166.8750721479706
2008-05-29,129.0,training,187.74199314889177,172.55073408856924,214.36235054397338,190.0440563355747
2008-05-30,142.0,training,185.0666731249328,175.0574630688985,217.90313527102956,211.39275240727565
2008-05-31,158.0,training,182.42947636317294,179.27723986534141,204.38779368384797,192.91864592534463
2008-06-01,163.0,training,180.05443567795052,182.5874026385959,191.5562885797719,178.84043553850182
2008-06-02,160.0,training,178.49977936194784,184.44203723767077,193.71572056067382,181.68786866042373
2008-06-03,160.0,training,175.9561607181394,185.35944573543873,202.67422319910395,197.4355184149105
2008-06-04,165.0,training,173.44878859423287,187.79026566861126,211.1395139992246,223.21686489212618
2008-06-05,169.0,training,170.9771464779719,191.6905703524418,202.79774301011756,219.45055285306375
2008-06-06,171.0,training,168.54072521739053,194.87004988974078,186.22908385643453,195.67287549383627
2008-06-07,172.0,training,166.13902291592908,197.9431162560188,184.15790650500912,195.04988746870688
2008-06-08,172.0,training,164.22379711913692,200.70268448909562,193.65345595032463,210.13130531683865
2008-06-09,169.0,training,161.8836109653926,203.1441556225115,202.34297807708967,243.16779759639843
2008-06-10,171.0,training,159.5767724222275,224.99442163776,182.01077665821157,208.6542228269626
2008-06-11,162.0,training,157.30280628679103,243.63090510475882,184.38580876125297,209.34446093768537
2008-06-12,163.0,training,155.06124412786454,242.74420380242697,189.19130926906203,210.84027907600034
2008-06-13,160.0,training,152.8516241893659,251.13891302545323,173.04400996059695,246.399851765392
2008-06-14,162.0,training,150.6734912952288,249.57370950892675,137.9336601583398,247.90637133203998
2008-06-15,163.0,training,148.5263967556377,225.24407863553986,135.85087090497697,224.21642581691393
2008-06-16,163.0,training,146.4098982745989,209.86646475610257,133.79953163321358,209.77306894748583
2008-06-17,163.0,training,144.3235598588285,195.70078921923474,131.77916745038297,195.21731776827133
2008-06-18,163.0,training,142.26695172793927,188.85581516312732,129.78931063466672,188.46462519361202
2008-06-19,161.0,training,140.23965022590656,187.29722855694618,127.8295005268153,187.44098866472456
2008-06-20,159.0,training,138.2412377337966,188.2244206989284,125.89928342350375,189.47997773751487
2008-06-21,156.0,training,136.27130258373782,179.79475034606526,123.99821247229762,182.08682995784136
2008-06-22,154.0,training,134.32943897411843,173.02044268601313,122.12584756820509,175.9840303469693
2008-06-23,151.0,training,132.41524688599233,161.96954377348553,120.28175525179084,163.30940151811262
2008-06-24,145.0,training,130.5283320006762,171.23852873973277,118.46550860882883,169.80375281876584
2008-06-25,140.0,training,128.66830561852083,163.50162607880927,116.67668717146981,161.65392091069478
2008-06-26,138.0,training,126.83478457884002,163.05163955349843,114.91487682090163,159.92286948598885
2008-06-27,142.0,training,125.0273911809805,156.9315408243345,113.17966969147915,154.14152790293937
2008-06-28,138.0,training,123.24575310651646,147.08136834422183,111.47066407630177,144.7085047670693
2008-06-29,132.0,training,121.48950334255304,138.61331469321027,109.7874643342169,136.90008122878862
2008-06-30,126.0,training,119.7582801061224,137.33560309519066,108.12968079822743,136.55148780134718
2008-07-01,120.0,training,118.05172676965756,153.86853173386694,106.49692968528245,153.95069470999584
2008-07-02,120.0,training,116.36949178752799,145.61362759001992,104.88883300743008,146.50249818896273
2008-07-03,114.0,training,114.71122862362198,145.848857587426,103.30501848431176,147.1999598926315
2008-07-04,120.0,training,113.07659567996122,148.24189368240783,101.74511945697805,150.30090176077147
2008-07-05,120.0,training,111.46525622633243,147.09569675944724,100.20877480300562,149.64088098427757
2008-07-06,122.0,training,109.87687833092185,136.9679679263644,98.69562885289623,140.10583943834877
2008-07-07,120.0,training,108.31113479193804,132.1197567592544,97.20533130773774,135.76772016190745
2008-07-08,118.0,training,106.76770307020925,126.37589972763159,95.73753715810871,130.55246121276113
2008-07-09,116.0,training,105.24626522274107,118.23979295272177,94.2919066042074,122.12670521035726
2008-07-10,110.0,training,103.74650783722105,135.95111085760277,92.8681049771869,138.61094058060505
2008-07-11,110.0,training,102.26812196745662,141.47073240724757,91.465802661678,144.636627023539
2008-07-12,116.0,training,100.8108030697328,136.80244979533288,90.084675019482,140.43584866160214
2008-07-13,114.0,training,99.37425094007713,127.19625026038598,88.72440231441585,131.26067613361894
2008-07-14,110.0,training,97.95816965241833,121.43821902775856,87.38466963829187,125.89917903127882
2008-07-15,106.0,training,96.56226749762632,103.40480607513007,86.06516683801551,108.09536370242841
2008-07-16,106.0,training,95.18625692342087,102.76553387099025,84.76558844378363,104.71652776675896
2008-07-17,105.0,training,93.82985447513657,106.97440685690839,83.4856335983672,109.35342516867243
2008-07-18,98.7,training,92.4927807373319,96.73803568701422,82.22500598746164,98.49847670059216
2008-07-19,98.7,training,91.17476027623033,104.3316379195445,80.98341377108902,100.41165576186664
2008-07-20,97.4,training,89.8755215829817,108.28583595832137,79.760569516036,103.02394104965138
2008-07-21,96.0,training,88.5947970177321,104.5333631912075,78.55619012931199,98.78395635983614
2008-07-22,96.0,training,88.36322964858371,109.83239008677504,79.0877649593297,103.40669207422259
2008-07-23,93.4,training,87.10405521618563,98.20112583159232,77.893544877439,92.16012130960361
2008-07-24,92.3,training,88.44191772653909,100.62251120657386,78.72681618029425,93.65014661837597
2008-07-25,91.2,training,91.06272073073205,115.27839231723773,81.03755620936545,107.61885572301141
2008-07-26,90.0,training,89.89857741968702,115.13517758214232,79.81389440703309,107.53838829668433
2008-07-27,88.9,training,89.72454408519911,122.8239048955397,79.32355280683237,115.0328134615272
2008-07-28,90.0,training,88.45883136047541,133.3986367256509,78.1257723438549,125.67730490415148
2008-07-29,93.4,training,87.19829460540323,147.1841734340622,76.94607828758424,140.29980642124977
2008-07-30,100.0,training,85.95572047640749,154.98994109270708,75.78419753446114,148.89338299262843
2008-07-31,105.0,training,84.73085300638985,158.49124024961145,74.63986110477235,153.1357596302698
2008-08-01,106.0,training,83.5234398757785,152.47266917049174,73.51280408038065,147.81384898283224
2008-08-02,106.0,training,82.33323236055097,145.86783251532398,72.40276554339539,141.8634647781007
2008-08-03,108.0,training,81.1599852809977,131.15145035141614,71.30948851576903,127.76143540177517
2008-08-04,106.0,training,80.0034569512155,105.41440982478309,70.23271989980574,102.60065994263087
2008-08-05,104.0,training,78.863409129321,119.33872659340607,69.17221041956839,117.06507381553314
2008-08-06,102.0,training,77.73960696837335,122.88715757983007,68.12771456317013,121.11926552734207
2008-08-07,100.0,training,76.63181896799642,113.08114908444288,67.09899052593764,111.78642863432222
2008-08-08,97.8,training,75.53981692669025,115.23499446136029,66.0858001544323,114.38252309996125
2008-08-09,95.8,training,74.46337589482215,115.80573892102014,65.08790889131691,115.36618362399327
2008-08-10,93.8,training,73.40227412828763,86.32858550111976,64.10508572105466,86.27412899068476
2008-08-11,91.7,training,72.35629304283171,92.62139819038956,63.13710311642831,92.92566842703654
2008-08-12,89.7,training,71.32521716902114,98.15200886288902,62.18373698586667,98.79001163449901
2008-08-13,87.1,training,70.3088341078582,98.78477947355454,61.2447666215667,99.7328339506
2008-08-14,84.6,training,69.30693448702704,97.07500911255144,60.3199746483987,98.3106862434771
2008-08-15,82.0,training,68.31931191776354,88.45706782310816,59.40914697358326,89.9591314492098
2008-08-16,79.5,training,67.34576295233983,72.92906269637861,58.51207273712792,74.67741327050312
2008-08-17,76.9,training,66.3860870421544,65.78299200594259,57.62854426301234,67.75861280413264
2008-08-18,74.4,training,65.44008649641977,70.03739869576422,56.758357011110505,71.63155578920815
2008-08-19,71.8,training,64.5075664414386,82.95417241308728,55.90130952983895,84.76345060818521
2008-08-20,69.3,training,63.58833478046023,89.36671213836733,55.05720340951993,91.37416081739237
2008-08-21,66.7,training,62.682202154109255,70.0738322148572,54.22584323644888,72.26342543690204
2008-08-22,60.8,training,61.78898190137796,70.10764355294354,53.407036547655416,71.83915720635729
2008-08-23,57.5,training,60.908490021174586,76.88762641321281,52.600593786347396,77.11246806393781
2008-08-24,57.5,training,60.040545134419695,76.1317190483193,51.80632825802787,76.12009126484081
2008-08-25,57.5,training,59.18496844668241,75.294848610235,51.0240560872746,75.17805091287372
2008-08-26,57.5,training,58.3415837113493,64.46191155447637,50.25359617517219,64.25280783141686
2008-08-27,56.4,training,57.510217193318,71.84422555070228,49.49477015738703,70.56297470278315
2008-08-28,57.5,training,56.69069763320822,70.48131083024543,48.74740236287529,69.45951676368534
2008-08-29,55.3,training,55.882856212082764,58.748885457958195,48.01131977321443,57.893084646432115
2008-08-30,53.2,training,55.08652651667126,55.094923445127975,47.28635198254878,53.96383000230908
2008-08-31,52.1,training,54.30154450508944,61.41798198455294,46.57233115813995,60.000031052081006
2008-09-01,52.1,training,53.527748473046934,70.66713167671284,45.869092001512925,69.36096131185616
2008-09-02,52.1,training,52.76497902053658,65.45642450575919,45.17647171018886,64.37991050212158
2008-09-03,52.1,training,52.01307901899849,47.262437938042666,44.49430993999573,46.34627990539068
2008-09-04,51.1,training,51.27189357895188,47.08620571092509,43.82244876794798,45.78175259229832
2008-09-05,49.0,training,50.54127001808834,30.35266392211948,43.16073265568684,29.261551125591684
2008-09-06,48.0,training,49.82105782981954,25.214490843253675,42.5090084134726,24.254842982095663
2008-09-07,47.0,training,49.111108652273366,37.30900357005625,41.86712516472059,36.53935958825582
2008-09-08,47.0,training,48.41127623773172,42.17335731455699,41.23493431107271,41.58160137382294
2008-09-09,47.0,training,47.721416422503815,46.34720096252687,40.612289497996365,45.92183444779263
2008-09-10,47.0,training,47.041387097228906,47.98463910451158,39.999046580902835,47.71475211893472
2008-09-11,46.2,training,46.37104817760204,37.89148791716826,39.39506359177727,37.21926424518923
2008-09-12,44.7,training,45.71026157551713,53.16719721336594,38.80020070631256,50.57646573657163
2008-09-13,44.7,training,45.058891170621095,47.57854428669302,38.21432021153948,44.93417918255121
2008-09-14,44.7,training,44.41680278227343,51.72501175302639,37.63728647394568,48.10156058494704
2008-09-15,44.7,training,43.78386414190535,55.514308054866646,37.068965908075924,51.813685234249824
2008-09-16,44.7,training,43.1599448657728,47.51155304883446,36.50922694560668,44.07431902047221
2008-09-17,43.1,training,42.54491642809773,34.83687775771043,35.957940004887476,31.439418389356415
2008-09-18,42.4,training,41.9386521345921,26.027468707876853,35.414977460942275,21.85037692631432
2008-09-19,39.7,training,41.34102709635922,19.17319668489374,34.88021361592384,14.658030557240608
2008-09-20,38.4,training,40.751918204166905,18.560229290065692,34.35352467001427,14.200751736641772
2008-09-21,37.1,training,40.171204103087334,17.842664562489837,33.83478869276474,13.757738401365241
2008-09-22,36.5,training,39.59876516749821,17.152841902655382,33.32388559486827,13.328545518616338
2008-09-23,35.9,training,39.0344834764402,16.489688762967685,32.8206971003586,12.912741939052909
2008-09-24,35.3,training,38.47824278932554,15.85217406203978,32.32510671922877,12.509909963670617
2008-09-25,34.0,training,37.92992852199272,15.239306581550133,31.836999720463346,12.119644924199868
2008-09-26,34.0,training,37.389427723102486,15.514129370201719,31.35626310547773,12.497934774115839
2008-09-27,35.3,training,36.856629050870154,15.078610989573706,30.882785581958554,11.963169354671502
2008-09-28,35.3,training,36.33142275012942,19.48797093194181,30.416457538099102,11.631832392545958
2008-09-29,35.3,training,35.813700629723165,24.421132928509618,29.9571710172238,16.403285165825004
2008-09-30,41.1,training,35.30335604021631,34.52848441406194,31.990655864971263,24.520036848791836
2008-10-01,44.7,training,34.80028385192629,40.674924744502974,36.06345711551964,30.228621638564846
2008-10-02,34.6,training,34.30438043326662,39.15985072012527,35.518901270100244,32.73292529687325
2008-10-03,32.8,training,33.815543629399095,52.333500057639576,34.98256818235576,41.118977333008566
2008-10-04,32.2,training,33.33367274119007,39.84907854743156,34.45433368918272,30.144942336267935
2008-10-05,31.5,training,32.85866850446676,40.292455435369924,34.04336587161357,30.231174245001302
2008-10-06,30.3,training,32.39043306956908,38.73469209333412,33.52931327194862,29.288068303852643
2008-10-07,29.7,training,31.928869981192797,37.237154086378304,33.02302283294131,28.37438393955118
2008-10-08,29.7,training,31.473884158520057,35.87761087264615,32.524377346473024,27.489203302737227
2008-10-09,29.7,training,31.025381875632956,35.766958522099046,32.033261374260086,26.86361836046518
2008-10-10,29.1,training,30.583270742206196,34.38415729442972,31.549561221129345,26.02556827775316
2008-10-11,30.3,training,30.147459684474995,37.95623144947589,33.01178613974586,28.8632936366647
2008-10-12,29.7,training,29.717858926474047,38.62904211912778,32.51331032661043,29.805663107894123
2008-10-13,29.7,training,29.294379971543965,37.148661950465176,32.0223614656741,28.875831612460956
2008-10-14,29.1,training,28.876935584101144,38.87727168644389,31.538825900450618,30.675728901868588
2008-10-15,29.1,training,28.465439771667477,37.374221350664506,31.062591690659236,29.71875442439848
2008-10-16,28.4,training,28.059807767156133,36.275741090021484,30.593548586310128,28.949492228606175
2008-10-17,27.2,training,27.659956011409736,34.87326960833531,30.131588002181108,28.046370242911237
2008-10-18,27.8,training,27.265802135987403,33.52501965866586,29.676602992679744,27.17142247576924
2008-10-19,30.3,training,26.87726494619705,34.323314812587036,33.75759753240484,27.94223759189243
2008-10-20,29.7,training,26.494264404369492,35.69409274351849,33.24786001598478,29.42493443297821
2008-10-21,29.1,training,26.11672161337089,34.31410860995612,32.74581950274738,28.50698032849151
2008-10-22,28.4,training,25.744558800350145,32.98747661571181,32.25135976844766,27.617663152316865
2008-10-23,27.2,training,25.377699300717886,31.71213409158481,31.764366343819095,26.756089533359642
2008-10-24,30.4,training,25.016067542353753,32.96753317996167,31.284726488073655,27.82093416885318
2008-10-25,28.4,training,24.65958903003876,32.91079299381357,30.812329162801806,27.98666125854328
2008-10-26,27.2,training,24.30819033010943,31.638415167018543,30.347065006266757,27.113576200981836
2008-10-27,27.2,training,23.96179905533068,30.415229267456137,29.88882630808679,26.267728315825316
2008-10-28,29.1,training,23.620343849984227,32.51589581359349,29.437506984299905,28.331211532741488
2008-10-29,28.4,training,23.283754375169483,35.43884596910069,28.993002552805006,31.14615889308228
2008-10-30,27.8,training,22.951961294313925,35.225618912017524,28.55521010917389,31.14732974647765
2008-10-31,27.8,training,22.624896258889954,34.037956143542786,28.12402830282849,30.262592449835847
2008-11-01,27.2,training,22.30249189433525,32.77867765560349,27.69935731357785,29.318506371581055
2008-11-02,27.2,training,21.984681786173788,32.901762334538894,27.28109882850937,29.577638929772
2008-11-03,26.6,training,21.67140046633464,31.62973364581005,26.86915601922901,28.6549209839274
2008-11-04,26.0,training,21.36258339966571,30.406883386142148,26.463433519445147,27.76098858143213
2008-11-05,25.3,training,21.05816697063966,29.9375288486496,26.063837402890925,27.396200299703125
2008-11-06,25.3,training,20.758088470249263,30.702364858674766,25.670275161579983,28.28357476819782
2008-11-07,27.8,training,20.462286083089523,31.17443894718964,25.282655684390512,28.830328940543144
2008-11-08,37.8,training,20.170698874623852,38.48217376325042,24.90088923597268,35.53774252154222
2008-11-09,25.3,training,19.883266778631715,42.236874022494426,24.52488743597458,39.091680040827974
2008-11-10,24.7,training,19.59993058483513,40.60393670647597,24.154563238581826,37.87215759035343
2008-11-11,27.2,training,19.320631926701516,39.03413105774486,23.78983091236617,36.69067993625648
2008-11-12,28.4,training,19.045313269420337,37.52501631671077,23.430606020438297,35.54606021516216
2008-11-13,27.8,training,18.77391789805106,36.07424608700285,23.07680540090042,34.437148589643996
2008-11-14,27.2,training,18.50638990584004,34.67956468725421,22.728347147593965,33.36283109314508
2008-11-15,27.2,training,18.242674182703873,33.33880364393141,22.385150591138007,32.32202851093355
2008-11-16,27.2,training,17.982716403876836,32.04987831975628,22.04713628025399,31.313695295968273
2008-11-17,26.6,training,17.726463018720146,30.81078467247764,21.71422596337249,30.336818518585755
2008-11-18,26.6,training,17.47386123969067,29.619596138953522,21.386342570517634,29.39041684895304
2008-11-19,26.6,training,17.224859031466796,28.474460639699146,21.06341019546518,28.473539571264553
2008-11-20,26.6,training,16.979405100229325,27.373597699243366,20.7453540781699,27.585265628692472
2008-11-21,26.0,training,16.737448883095055,26.315295677816177,20.432100587458358,26.724702698131303
2008-11-22,26.0,training,16.498940537700946,25.297909110063088,20.123577203983032,25.890986293807163
2008-11-23,26.6,training,16.263830931936752,24.319856146648597,19.8197125034338,25.08327889885126
2008-11-24,26.6,training,16.03207163382391,23.53252828113323,19.520436140002964,24.37905772431821
2008-11-25,25.3,training,15.803614901538666,22.62272743862636,19.225678830099913,23.61851716466025
2008-11-26,25.3,training,15.578413673577419,21.748100784083377,18.935372336311737,22.881702786277458
2008-11-27,24.7,training,15.356421559062127,20.90728843362519,18.649449451605992,22.167874416051188
2008-11-28,24.7,training,15.137592828183937,20.098983078407727,18.367843983772044,21.47631497165176
2008-11-29,24.1,training,14.921882402782943,19.680782975300406,18.090490740097298,21.034858896579866
2008-11-30,24.1,training,14.709245847062206,19.436338531760974,17.817325512274863,20.7391353878863
2008-12-01,24.1,training,14.499639358434102,19.29848438085045,17.5482850615391,20.53385789224158
2008-12-02,23.5,training,14.293019758497085,19.458955326101158,17.283307104025575,20.574680520426874
2008-12-03,23.5,training,14.089344484141057,18.70664457825074,17.022330296352152,19.93282310269
2008-12-04,23.5,training,13.888571578779468,18.69084939813408,16.76529422141775,19.826356070692757
2008-12-05,23.5,training,13.690659683706379,17.998927002851495,16.512139374415572,19.207843734715905
2008-12-06,23.0,training,13.49556802957666,17.303063015957118,16.262807149057508,18.608626800697515
2008-12-07,23.0,training,13.303256428007622,16.634102115462273,16.017239824006563,18.028103320196
2008-12-08,23.5,training,13.1136852633003,16.152303082736022,15.775380549514171,17.807304064657664
2008-12-09,23.0,training,12.926815484278725,15.527832189615651,15.537173334259245,17.251779025401337
2008-12-10,23.0,training,12.742608596245493,14.92750422486637,15.30256303238599,16.713584406747717
2008-12-11,23.0,training,12.561026653051936,14.350385788714457,15.07149533073743,16.19217956073848
2008-12-12,22.4,training,12.382032249281325,13.79557956794223,14.843916736281708,15.687040705723502
2008-12-13,22.4,training,12.205588512543443,13.26222294073073,14.61977456372825,15.197660400191545
2008-12-14,22.4,training,12.031659095878975,12.749486635441151,14.399016923330931,14.7235470330156
2008-12-15,22.4,training,11.860208170272122,12.25657344124968,14.1815927088754,14.264224329600776
2008-12-16,22.4,training,11.69120041726991,11.782716968631034,13.967451585847797,13.819230873438613
2008-12-17,23.0,training,11.52460102170669,11.327180457763435,13.756543979782139,13.388119642587242
2008-12-18,21.9,training,11.360375664532294,10.88925563300235,13.548821064783633,12.970457560611688
2008-12-19,21.9,training,11.1984905157424,10.468261601641892,13.344234752225312,12.565825061533292
2008-12-20,21.3,training,11.038912227409643,10.063543795251668,13.142737679615328,12.173815668351146
2008-12-21,21.3,training,10.88160792681402,9.674472951943036,12.944283199632366,11.794035584712187
2008-12-22,20.8,training,10.726545209671198,9.300444137982383,12.74882536932662,11.42610329931974
2008-12-23,20.8,training,10.573692133457312,8.940875807230249,12.55631893948381,11.069649202683102
2008-12-24,20.8,training,10.423017210828885,8.595208896943818,12.366719344149852,10.724315215823227
2008-12-25,21.9,training,10.274489403136522,8.262905958537,12.179982690313638,10.389754430561432
2008-12-26,20.3,training,10.128078114031021,7.943450321946558,11.996065747745673,10.065630761029865
2008-12-27,22.4,training,9.983753183160607,7.636345292304991,11.814925938990093,9.751618606053599
2008-12-28,30.3,training,9.841484879957969,7.341113377671213,11.63652132950784,9.44740252206521
2008-12-29,21.9,training,9.701243897515855,7.057295546618248,11.46081061796865,9.152676906223288
2008-12-30,21.3,training,9.56300134654991,6.784450514523631,11.287753126689655,8.867145689416501
2008-12-31,20.8,training,9.426728749447557,6.522154057452825,11.117308792218331,8.590522038844869
2009-01-01,22.6,training,9.29239803440169,6.269998352568894,10.949438156057672,8.322528069879452
2009-01-02,22.9,training,9.15998152962795,6.027591344042856,10.784102355531399,8.062894566910984
2009-01-03,23.1,training,9.029451957664405,5.79455613347885,10.621263114787103,7.8113607129070735
2009-01-04,23.4,training,8.90078242975246,5.570530393906315,10.460882735935247,7.567673827406225
2009-01-05,23.7,training,8.773946440297859,5.355165806428082,10.302924090321959,7.331589112685555
2009-01-06,24.0,training,8.648917861410574,5.1481275186484226,10.147350609933616,7.1028694078471695
2009-01-07,24.1,training,8.525670937522547,4.949093624039049,9.994126278931212,6.881284950576168
2009-01-08,24.1,training,8.404180280082098,4.757754661433571,9.843215625312551,6.666613146330977
2009-01-09,24.1,training,8.284420862323953,4.573813133872181,9.694583712700359,6.45863834473411
2009-01-10,24.3,training,8.166368014113795,4.396983046048505,9.54819613225437,6.257151622938762
2009-01-11,24.3,training,8.049997416866272,4.226989459639408,9.404018994705558,6.061950575753597
2009-01-12,24.4,training,7.9352850985354415,4.063568065826367,9.262018922510645,5.872839112314891
2009-01-13,24.5,training,7.82220742867658,3.906464774343789,9.122163042125075,5.6896272591018064
2009-01-14,24.6,training,7.7107411135783765,3.755435318415297,8.98441897639267,5.512130969096879
2009-01-15,24.6,training,7.60086319146449,3.610244874963729,8.848754837050183,5.34017193690003
2009-01-16,24.7,training,7.492551027763475,3.470667699504368,8.715139217345076,5.173577419610365
2009-01-17,24.8,training,7.385782310446125,3.3364867751537086,8.5835411847647,5.012180063295837
2009-01-18,24.9,training,7.280535045429245,3.207493475208052,8.453930273875345,4.855817734876433
2009-01-19,25.0,training,7.176787552044935,3.0834872387672703,8.326276479269346,4.704333359252018
2009-01-20,25.2,training,7.074518458574417,2.964275258899438,8.20055024861874,4.55757476151121
2009-01-21,25.3,training,6.973706697845524,2.849672182861443,8.076722475833776,4.415394514062798
2009-01-22,25.4,training,6.874331502892913,2.7394998239095005,7.954764494324767,4.27764978853609
2009-01-23,25.5,training,6.7763724026801215,2.6335868842514816,7.83464807036565,4.144202212301477
2009-01-24,25.6,training,6.679809217882591,2.53176868871029,7.716345396557781,4.014917729467034
2009-01-25,25.7,training,6.584622056730773,2.433886928684196,7.599829085392418,3.8896664662115388
2009-01-26,25.9,training,6.490791310912479,2.3397894160060253,7.485072162910415,3.7683226003186236
2009-01-27,26.0,training,6.398297651533612,2.2493298463184948,7.372048062457639,3.6507642347810076
2009-01-28,26.1,training,6.307122025136474,2.1623675715978004,7.260730618534703,3.5368732753478227
2009-01-29,26.2,training,6.2172456497747906,2.0787673814717578,7.151094060739553,3.426535311892038
2009-01-30,26.2,training,6.128650011144689,1.9983992929924972,7.043113007801513,3.3196395034787947
2009-01-31,25.6,training,6.04131685877079,1.921138348536844,6.9367624617054435,3.2160784670192104
2009-02-01,25.6,training,5.95522820224666,1.8468644215201542,6.832017801904597,3.1157481693977878
2009-02-02,26.8,training,5.870366307528837,1.7754620296215269,6.728854779620872,3.0185478229650666
2009-02-03,27.5,training,5.786713693283653,1.7068201552299986,6.627249512231133,2.924379784290538
2009-02-04,26.8,training,5.7042531272861385,1.6408320728325394,6.527178477738292,2.8331494560741124
2009-02-05,26.2,training,5.6229676228702115,1.5773951830754709,6.428618509325878,2.7447651921175975
2009-02-06,25.6,training,5.54284043542948,1.51641085324131,6.331546789994839,2.6591382052607395
2009-02-07,25.6,training,5.463855058967893,1.4577842638929992,6.235940847281312,2.576182478189323
2009-02-08,26.2,training,5.385995222699544,1.4014242614470893,6.141778548054174,2.4958146770257557
2009-02-09,26.8,training,5.309244887696932,1.3472432164466526,6.049038093391133,2.4179540676153155
2009-02-10,26.8,training,5.233588243586986,1.2951568873135633,5.957698013532202,2.3425224344239712
2009-02-11,26.2,training,5.15900970529417,1.2450842893683112,5.867737162909362,2.2694440019663054
2009-02-12,26.8,training,5.085493909829985,1.1969475689136908,5.779134715251292,2.198645358684611
2009-02-13,26.2,training,5.0130257131282505,1.1506718821865958,5.691870158762005,2.1300553832026883
2009-02-14,25.6,training,4.941590186925453,1.1061852789897069,5.605923291372295,2.0636051728802665
2009-02-15,25.6,training,4.871172615685564,1.063418590822146,5.52127421606288,1.9992279745962707
2009-02-16,25.6,training,4.8017584935686815,1.022305323335153,5.437903336258166,1.9368591176914123
2009-02-17,25.6,training,4.733333521442859,0.9827815529455824,5.355791351289574,1.8764359490027285
2009-02-18,25.0,training,4.665883603938522,0.9447858274464673,5.274919251927357,1.8178977699248187
2009-02-19,25.6,training,4.599394846544865,0.9082590704601178,5.195268315979893,1.7611857754345461
2009-02-20,26.8,training,4.533853552747601,0.8731444895852006,5.116820103959435,1.7062429950179545
2009-02-21,26.2,training,4.469246221207537,0.8393874880949812,5.0395564548132885,1.6530142354400572
2009-02-22,26.2,training,4.405559542979309,0.8069355800494354,4.963459481719474,1.6014460253000034
2009-02-23,26.2,training,4.3427803987697935,0.7757383086892501,4.888511567945853,1.551486561315932
2009-02-24,26.2,training,4.280895856235555,0.7457471679848248,4.814695362771789,1.5030856562855461
2009-02-25,26.2,training,4.219893167318818,0.7169155272183004,4.741993777471396,1.4561946886701347
2009-02-26,26.2,training,4.159759765621403,0.6891985584813544,4.670389981357429,1.4107665537513925
2009-02-27,26.2,training,4.100483263816077,0.6625531669760322,4.599867397884923,1.3667556163119792
2009-02-28,25.6,training,4.042051451094798,0.636937924010249,4.5304097008136575,1.3241176647922746
2009-03-01,26.2,training,3.984452290653317,0.6123130025837785,4.462000810428573,1.282809866877281
2009-03-02,25.6,training,3.927673917211633,0.5886401154645791,4.394624889817254,1.2427907264690607
2009-03-03,26.2,training,3.871704634569766,0.5658824556591777,4.32826634120363,1.2040200420014793
2009-03-04,28.1,training,3.81653291319838,6.104551656664722,4.262909802337029,5.859981302307963
2009-03-05,26.8,training,3.7621473878637226,6.8129913348418585,4.1985401429357605,6.390342131619946
2009-03-06,28.1,training,3.708536855286418,6.5495914492715235,4.135142461184397,6.190986010635004
2009-03-07,27.5,training,3.65569027183362,6.296374975995238,4.072702080283953,5.997849097034517
2009-03-08,27.5,training,3.6035967512440514,6.052948209883908,4.011204545054144,5.8107373734976235
2009-03-09,26.8,training,3.552245562385462,5.818932667005841,3.9506356185869684,5.629462875359127
2009-03-10,26.2,training,3.5016261270440445,5.593964496153706,3.890981278950799,5.453843501787991
2009-03-11,26.2,training,3.4517280177453467,5.377693913122706,3.8322277159442666,5.2837028328564255
2009-03-12,27.5,training,3.402540955606239,12.662518468189607,3.7743613278991335,11.053362560133719
2009-03-13,30.1,training,3.354054808217495,18.135605541355506,3.7173687185314677,15.439907877223167
2009-03-14,31.4,training,3.306259587556533,19.764131330524226,3.661236693840347,16.74995850980447
2009-03-15,32.7,training,3.2591454479299156,23.697057142894465,3.605952259053402,19.91849256328887
2009-03-16,37.5,training,3.2127026839451593,33.104609399657804,3.5515026156184755,27.612230063219528
2009-03-17,49.1,training,3.16692172851145,41.40705606766756,3.4978751582407126,34.58719440623189
2009-03-18,63.9,training,3.1217931508688435,53.05164441972232,3.445057471964386,47.24406769031128
2009-03-19,55.1,training,3.0773076546455567,58.51598836276602,3.393037329298789,49.785244918406526
2009-03-20,49.1,training,3.033456075942936,56.25367745096954,3.341802687387526,48.23212098469585
2009-03-21,48.1,training,2.99022938144772,54.0788306802537,3.291341685220543,46.72744903625544
2009-03-22,42.7,training,2.9476186665711968,53.45615617035243,3.2416426408882666,47.53778173165037
2009-03-23,46.2,training,2.9056151536148853,58.440258007938425,3.1926940488771915,51.717478977224125
2009-03-24,46.2,training,2.8642101899623493,63.20256287438417,3.144484577406316,55.09486689961633
2009-03-25,47.1,training,2.8233952462967813,67.39976661169132,3.0970030658037904,58.621764554579705
2009-03-26,48.1,training,2.7831619148439826,73.43771180674693,3.0502385219231796,63.998010581776946
2009-03-27,52.0,training,2.7435019076403893,71.52965105365409,3.0041801195987428,69.37413048660494
2009-03-28,55.1,training,2.7044070548257655,69.0767262272729,2.9588171961391327,67.39460285823286
2009-03-29,58.2,training,2.6658693029602394,66.40612224590745,2.9141392498589465,65.29212910574661
2009-03-30,60.5,training,2.627880713365311,63.838767593437794,2.8701359376475426,63.25524511404865
2009-03-31,61.6,training,2.590433460488507,61.37067050470827,2.826797072574576,61.281904714089244
2009-04-01,63.9,training,2.553519830291335,58.99799354185256,2.7841126215316816,59.370125570071394
2009-04-02,63.9,training,2.5171322186602123,56.71704762778235,2.7420727029097773,57.5179871880787
2009-04-03,63.9,training,2.481263129840039,55.30323817402629,2.700667584311431,55.83975929410844
2009-04-04,63.9,training,2.44590517489009,53.25309853566967,2.6598876802977753,54.09775588015597
2009-04-05,65.1,training,2.4110510701619123,51.19425839171892,2.6197235501694456,52.410096824642416
2009-04-06,68.7,training,2.3766936357989126,50.05789120675484,2.5801658957810174,51.294358757952615
2009-04-07,67.5,training,2.342825794257324,50.687605256517955,2.541205559388457,51.903250818485574
2009-04-08,62.7,training,2.3094405688482516,49.15711762685144,2.502833521529066,50.585626451790276
2009-04-09,60.5,training,2.276531082300493,47.25663390075835,2.4650408989334434,49.00753343903546
2009-04-10,59.3,training,2.2440905553438335,45.42962556475143,2.427818942468975,47.47867135869342
2009-04-11,62.7,training,2.212112305312541,45.76213843812935,2.3911590351143786,47.568361235600634
2009-04-12,63.9,training,2.1805897447687457,45.01896162020874,2.3550526899648294,46.89774716427285
2009-04-13,67.5,training,2.149516380145452,44.68958407846595,2.31949154826721,46.5917086607909
2009-04-14,72.5,training,2.118885810408876,42.961821521033166,2.2844673774850293,45.13821178732676
2009-04-15,73.7,training,3.4919718101104347,42.1312270076585,4.021127103747725,44.23756144139967
2009-04-16,71.2,training,3.4422112746543108,43.144809973276146,3.9604083472927916,45.14452345643526
2009-04-17,68.7,training,3.3931598259329983,41.47677056864676,3.900606440091888,43.73617365377654
2009-04-18,71.2,training,3.344807359473284,43.191863058897226,3.841707537781203,45.16027894612047
2009-04-19,70.0,training,3.2971439147905195,42.833090471284166,3.783698005045913,44.80918038484473
2009-04-20,72.5,training,3.2501596733367815,42.71216985444929,3.7265644124635546,44.67261389933376
2009-04-21,77.8,training,5.459341914206003,42.994533294037,5.893037721833383,44.665867585412926
2009-04-22,77.8,training,5.381546390169295,42.85030997135318,5.804053237389146,44.538750823406765
2009-04-23,77.8,training,5.304859450950183,41.19365635352354,5.716412412844195,43.14929898893692
2009-04-24,79.2,training,5.229265299234965,39.601051308768454,5.6300949590218705,41.80319314789124
2009-04-25,82.0,training,5.92249778461763,38.08374491765296,6.286940402780658,40.49908105825651
2009-04-26,86.8,training,10.917255375048363,38.6864224585819,11.018717008826416,40.61013156393137
2009-04-27,85.2,training,10.761684682409678,37.62541879387777,10.85233510215124,39.62358870304062
2009-04-28,83.6,training,10.6083308693416,39.727823443239586,10.688465551392524,41.486917169618856
2009-04-29,77.8,training,10.457162345350145,38.19188957298894,10.527070420140122,40.19267177426909
2009-04-30,75.0,training,10.308147970105296,38.39536420318561,10.368112344821215,40.352372518696555
2009-05-01,76.4,training,11.442745988895885,37.57622820863447,11.495617256977193,39.326701722864655
2009-05-02,93.2,training,19.04600461607871,45.66821825586585,18.9592818154495,46.020192069511786
2009-05-03,119.0,training,23.01394969339642,48.550699805069236,22.881058457453832,48.29247214115366
2009-05-04,112.0,training,26.477913516670828,50.946421420065,26.185155714831854,50.32423356237189
2009-05-05,109.0,training,28.709005440703656,51.25482851334083,28.459738276980616,50.436905813500324
2009-05-06,114.0,training,29.428168673325505,49.651982670804884,29.12095599594428,49.03525430260466
2009-05-07,117.0,training,29.4557259256336,47.921818343998446,29.01684724416693,47.50552742915489
2009-05-08,120.0,training,31.032147557561586,47.63518011903588,30.616123934721863,47.11958257903372
2009-05-09,124.0,training,35.258307931618894,50.72379876904499,34.869188289851444,49.17144410424064
2009-05-10,124.0,training,37.89114120497413,52.136669501886445,37.33662076490233,50.29999612690056
2009-05-11,122.0,training,38.98488659067311,50.87921498503015,38.262734250351556,49.27756203917628
2009-05-12,125.0,training,39.3733243402427,49.092980257866074,38.579595263112836,47.74027601952546
2009-05-13,130.0,training,40.45827099926944,48.322510928229036,39.661701978594195,46.98332104596751
2009-05-14,138.0,training,45.27593857440881,52.235808924448264,44.675577241135045,50.004069029633975
2009-05-15,140.0,training,49.25021473447571,55.22025984474892,48.56797812737286,52.03607202195924
2009-05-16,136.0,training,50.106746835220555,53.67675383172247,49.274162559673506,50.80602283966974
2009-05-17,136.0,training,52.255200938059815,54.2681076703549,51.48312370888335,51.19405823940652
2009-05-18,140.0,training,60.653236784083056,62.6650419949777,60.279055669751756,57.85612935468992
2009-05-19,143.0,training,68.80185462692488,70.77970088725537,68.52660901366026,64.20713633430029
2009-05-20,151.0,training,73.86046330450948,74.69065253003268,73.71953351201427,67.30233682067704
2009-05-21,158.0,training,80.41402548826254,80.78466957237929,80.31167822171889,72.43718093763889
2009-05-22,152.0,training,85.01204679916381,84.8008884927537,84.61045412731923,76.29252103660833
2009-05-23,151.0,training,87.88348261692879,85.72441716086485,87.57452610853876,77.11394834106521
2009-05-24,156.0,training,96.18693985700628,93.39970115229957,96.13994397249049,83.16921552197034
2009-05-25,159.0,training,99.50113847071817,95.03476652728982,99.3498370518369,84.75600812446821
2009-05-26,162.0,training,105.16874543729772,99.33168950611397,105.26315325471339,88.33231435026772
2009-05-27,165.0,training,117.06773770349352,113.73736050894792,117.75271595374612,99.91389979834892
2009-05-28,168.0,training,128.08865691027478,125.95772134849192,129.26928839147286,109.89336601261873
2009-05-29,171.0,training,139.43179165654274,138.85165454976436,141.14971076226232,120.42957147229568
2009-05-30,174.0,training,151.19279248684416,152.34549934998537,153.4493245566382,131.5354466945849
2009-05-31,172.0,training,160.88879973646772,160.734710490469,163.4228544288978,138.83322608481836
2009-06-01,174.0,training,168.8718589980835,166.6293716291214,171.51206768735076,143.5286128499151
2009-06-02,176.0,training,175.48064694594143,171.1465935851197,178.033887192062,147.33371480284384
2009-06-03,166.0,training,176.39702906446232,166.40953967444753,178.50991872293824,144.29352794826124
2009-06-04,154.0,training,177.04752211281195,163.07371109124594,179.0834963908947,142.104929124656
2009-06-05,152.0,training,183.26284927582304,166.84214378118847,185.5310828872621,145.57776281261312
2009-06-06,152.0,training,191.2796407043056,172.63311676494868,193.737543338207,150.59244745870475
2009-06-07,154.0,training,203.2265708796694,184.31269135857966,205.74591816061002,160.64611802432267
2009-06-08,156.0,training,211.32295530947408,190.45704598547053,213.91478503835842,166.27965773499557
2009-06-09,166.0,training,221.9402383234901,201.97463266790268,224.98248524551448,177.99950048396036
2009-06-10,174.0,training,235.94164383828047,220.2809822108716,239.63038434876427,193.2234555451874
2009-06-11,179.0,training,249.89546051765618,237.91736200228496,254.1694482370182,207.72345683076892
2009-06-12,183.0,training,263.72434260811997,254.77499538540602,268.47998020571106,220.26241242943465
2009-06-13,185.0,training,276.4163265943132,269.37691301942215,274.13819056970004,233.27608442121095
2009-06-14,196.0,training,289.27817211486166,265.9390271531693,269.99872180914184,250.5019547783681
2009-06-15,213.0,training,291.3946689403144,262.02655477227415,265.9217587563218,261.7750301183565
2009-06-16,228.0,training,287.2423001515551,258.0692337931871,261.9063575791384,254.67605373148467
2009-06-17,235.0,training,283.1491025433139,253.19959486292512,257.951588697293,249.70646379446202
2009-06-18,243.0,training,279.1142329273331,247.81474775879758,254.0565365670889,257.01585577738797
2009-06-19,262.0,training,275.1368601307727,245.6429696235104,250.22029946947913,259.0437101066591
2009-06-20,290.0,training,271.21616482499047,244.36691385332603,246.44198930131566,265.93947048383984
2009-06-21,306.0,training,267.3513393567629,244.65689493049922,242.72073136974976,265.4494382176811
2009-06-22,314.0,training,263.54158758191,246.1985916786905,239.05566418973757,261.63507382195985
2009-06-23,306.0,training,259.78612470129247,247.07711363549856,235.44593928460316,247.27942465830418
2009-06-24,282.0,training,256.2757706819228,245.80209520580416,231.89072098961293,241.80368824589823
2009-06-25,270.0,training,254.3731389790237,245.46043267122988,228.38918625851616,247.82622119725423
2009-06-26,270.0,training,250.74832632601127,243.37675267346464,224.94052447300663,249.66747507740723
2009-06-27,278.0,training,247.17516718807582,242.00616090004516,221.54393725506168,250.7461896345806
2009-06-28,282.0,training,243.65292550355704,241.0248637289908,218.19863828211453,254.1993295635298
2009-06-29,286.0,training,241.3071085857773,244.69032125808224,214.90385310501782,232.11083170028098
2009-06-30,262.0,training,237.8684866307457,236.40804932031168,211.65881896875564,226.01704229994675
2009-07-01,239.0,training,234.47886497669538,232.05950499020582,208.46278463586304,228.59031876011812
2009-07-02,239.0,training,231.1375453702191,229.59043944027297,205.31501021251162,227.5581636521437
2009-07-03,239.0,training,227.84383950800816,227.69170647268402,202.21476697722147,218.3275222745579
2009-07-04,215.0,training,225.33722989110248,225.26546096755203,199.16133721215942,215.17635074307316
2009-07-05,198.0,training,222.28232227453955,218.22556443891554,196.15401403698462,212.71292966017083
2009-07-06,192.0,training,219.11480318209252,215.60800966897992,193.19210124520322,233.05138946116207
2009-07-07,194.0,training,215.99242117971343,216.71399371479444,190.27491314299385,244.86588117850033
2009-07-08,203.0,training,212.91453306468102,220.28832631661228,187.40177439046718,249.34761686113333
2009-07-09,208.0,training,210.87922429493787,224.86798382716648,184.57201984532185,232.85545242854778
2009-07-10,205.0,training,209.9076635948974,228.5324650980403,181.78499440886193,244.6409579622129
2009-07-11,215.0,training,206.91648316595357,234.43064322484796,179.04005287433898,251.19978467472018
2009-07-12,221.0,training,203.96792700429594,263.17605664904374,176.33655977758423,229.9327753265922
2009-07-13,215.0,training,201.06138771488276,250.00475985617555,173.67388924989635,223.22484387040336
2009-07-14,208.0,training,198.1962665580406,239.77247707522488,171.05142487315052,217.8232473951089
2009-07-15,198.0,training,195.3719733261257,233.86530376855313,168.46855953709527,219.91182191945998
2009-07-16,196.0,training,192.58792622194247,223.89242146965734,165.92469529880432,229.20585179690602
2009-07-17,185.0,training,191.26430485871285,226.50633294362174,163.4192432442504,231.29284147868142
2009-07-18,181.0,training,188.56599553231376,228.7537990505425,160.95162335196963,234.1582893762238
2009-07-19,183.0,training,185.87893348921892,228.27851879612805,158.52126435878432,234.5873893406621
2009-07-20,187.0,training,183.2301620318846,226.72243383022723,156.12760362755344,234.2142635883396
2009-07-21,190.0,training,180.61913552015264,225.27801964546302,153.77008701691992,233.86256046073348
2009-07-22,194.0,training,178.04531608922755,218.34325826920872,151.44816875302507,227.93513976386075
2009-07-23,203.0,training,175.50817353887732,208.89488631218663,149.16131130315983,219.41338398405884
2009-07-24,203.0,training,173.00718522421377,211.3087473439425,146.90898525132377,222.67756098062807
2009-07-25,205.0,training,170.54183594802893,211.81301738337885,144.69066917566354,223.9600593524952
2009-07-26,208.0,training,168.11161785466587,199.1964849101437,142.5058495277617,212.05367790306198
2009-07-27,205.0,training,165.71603032540145,184.42790213976932,140.35402051374842,197.93098596374782
2009-07-28,198.0,training,163.35457987532055,169.83793935099482,138.23468397720814,183.92628638155512
2009-07-29,187.0,training,161.02678005165907,164.5952632951486,136.14734928385462,178.9274250496647
2009-07-30,181.0,training,158.73215133359602,167.6492002913976,134.0915332079473,182.33745378096043
2009-07-31,174.0,training,156.4702210334736,157.69246485123796,132.06675982042276,172.64355953245962
2009-08-01,166.0,training,154.2405231994245,138.60009381696085,130.0725603787153,152.27120860015367
2009-08-02,158.0,training,152.0425985193873,148.56490652372418,128.1084732182413,158.29929925572895
2009-08-03,160.0,training,149.875994226489,136.65251913559112,126.17404364552225,144.8181259955163
2009-08-04,156.0,training,148.4575778767391,145.17353638062175,124.78425615249452,150.63406655466656
2009-08-05,150.0,training,147.82354123929514,137.73470556132307,124.10155904035571,142.89386044552677
2009-08-06,140.0,training,147.36871008727064,155.06319026075013,123.60676873239414,159.941772397959
2009-08-07,138.0,training,145.26870862042347,157.80412859203432,121.74031460319026,163.41380483236262
2009-08-08,140.0,training,143.19863213668944,159.55230225400695,119.9020438093502,165.8361158526984
2009-08-09,140.0,training,141.15805420559764,154.3211020428282,118.09153078435196,161.22519336051354
2009-08-10,138.0,training,139.14655447330372,153.69026691621787,116.30835638770021,160.75588980162513
2009-08-11,138.0,training,137.1637185759981,130.3722381802705,114.5521078078937,136.9231941697043
2009-08-12,135.0,training,135.20913805454802,142.35440534460187,112.8223784668579,146.59184960049697
2009-08-13,135.0,training,133.28241027035597,145.77201189109707,111.11876792582058,150.61764985289253
2009-08-14,135.0,training,131.3831383224172,144.56888318942237,109.44088179260885,149.97511695047166
2009-08-15,133.0,training,129.51093096555925,137.3801835786856,107.7883316303458,143.30200677921832
2009-08-16,131.0,training,127.66540252984619,125.38921226723173,106.16073486752605,131.7840864621891
2009-08-17,126.0,training,125.84617284113178,126.96995905689307,104.55771470944887,133.79769559478106
2009-08-18,124.0,training,124.05286714274455,112.48011937645452,102.97890005098893,119.7027665533393
2009-08-19,120.0,training,122.28511601828887,93.55555045119411,101.42392539068402,101.13728571379582
2009-08-20,113.0,training,120.54255531554602,83.86464807527537,99.89243074612014,91.3698375560548
2009-08-21,110.0,training,118.82482607145994,91.18225307078369,98.3840615705942,98.9116695345989
2009-08-22,108.0,training,117.13157443819156,91.60799056186303,96.89846867103513,99.57966325035366
2009-08-23,106.0,training,115.46245161022726,101.45029669814109,95.43530812716448,108.83857968522045
2009-08-24,108.0,training,113.81711375252561,111.57856512338559,93.99424121187742,119.22598642896601
2009-08-25,113.0,training,112.1952219296884,70.545009409709,92.57493431282639,78.42455517285427
2009-08-26,110.0,training,110.59644203614072,83.01411330251531,91.17705885518836,86.38619657786197
2009-08-27,103.0,training,109.02044472730609,85.34801701892927,89.80029122559874,89.0899716595225
2009-08-28,99.4,training,107.46690535176229,93.85919962293784,88.44431269723356,97.94112012858696
2009-08-29,97.7,training,105.93550388436411,78.09681731074978,87.10880935602302,82.4143938598285
2009-08-30,96.1,training,104.42592486031882,76.94792436518806,85.79347202797932,78.13016279446427
2009-08-31,84.8,training,102.93785731020134,80.79270478726099,84.49799620762167,81.32096451382154
2009-09-01,81.6,training,101.47099469589529,67.1465663854043,83.22208198748206,68.09297168204927
2009-09-02,80.1,training,100.02503484744693,64.49259805550787,81.96543398867573,64.26763142602618
2009-09-03,77.2,training,98.59967990081896,61.91748826934967,80.72776129251974,61.51998530198865
2009-09-04,75.7,training,97.19463623653121,57.41423822407392,79.50877737318427,55.879426547408265
2009-09-05,72.8,training,95.80961441917582,55.90642587416991,78.30820003136076,54.39672607599081
2009-09-06,69.9,training,94.4443291377943,54.06864522729159,77.12575132893178,52.75398449579939
2009-09-07,67.0,training,93.09849914710422,52.39918013501489,75.96115752462737,51.222666004630845
2009-09-08,65.6,training,91.77184720956328,50.37335368475087,74.81414901065276,49.624699606139785
2009-09-09,62.9,training,90.46410003825922,49.1717647929311,73.68446025027332,48.23094444988254
2009-09-10,62.9,training,90.3617800692169,48.46286623616074,72.57182971634174,47.43491893321933
2009-09-11,60.2,training,89.07412632928866,48.66305730537399,71.47599983075354,47.681168248023475
2009-09-12,59.0,training,87.8048216319831,60.049656081807164,70.39671690481678,57.7873666974044
2009-09-13,57.7,training,86.55360450377303,64.80915692984651,69.33373108052221,64.18201102494002
2009-09-14,56.5,training,85.32021719712434,69.11262561180776,68.28679627270017,68.74124670692086
2009-09-15,56.5,training,84.1044056374006,66.44991127041486,67.25567011205099,65.95406144141734
2009-09-16,57.7,training,82.90591937052446,55.79997563620829,66.24011388903557,53.88098062713317
2009-09-17,56.5,training,82.42091774295393,54.731081852117875,65.23989249861324,52.06817379148038
2009-09-18,54.0,training,81.93340855155412,72.46278259597175,64.25477438581413,69.57693642628217
2009-09-19,54.0,training,81.95746899680118,64.83367809433696,63.284531492133226,61.55522713646927
2009-09-20,54.0,training,83.15519887559196,75.45657497728153,63.62767013771396,71.63313659623896
2009-09-21,59.0,training,86.47853212906544,77.88929069354229,66.80769293296026,74.27441106939628
2009-09-22,84.8,training,93.11782128788961,74.434737368217,73.16855168352599,68.12634431033965
2009-09-23,77.2,training,97.45103821009253,80.21092040409853,77.3502692174379,73.5032187165466
2009-09-24,67.0,training,96.06236266922785,84.19214839904026,76.18228520769101,76.45345413861729
2009-09-25,64.3,training,95.25292714469708,97.9753784873293,75.26986208976592,91.40856972705406
2009-09-26,87.9,training,98.51991289716213,86.87997485452769,78.39710656773674,79.66523275768914
2009-09-27,80.1,training,100.08642742243529,90.09551716347578,79.9224162553765,82.72232918955287
2009-09-28,71.3,training,98.66019763271848,95.59832485160004,78.71559299346639,88.84164456964078
2009-09-29,67.0,training,97.25429159184017,100.93738308500691,77.5269926839359,95.04044526734305
2009-09-30,64.3,training,95.86841968674514,104.73671137838328,76.35634016139512,99.64367460515737
2009-10-01,61.6,training,94.50229643135897,86.51847990377074,75.20336441543357,100.32760263155039
2009-10-02,59.0,training,93.1556404077787,74.3634950464549,74.06779852788016,78.17881299208348
2009-10-03,57.7,training,91.8281742083014,74.95059936229936,72.94937961101083,69.5563055665893
2009-10-04,55.2,training,90.51962437827893,72.05290313384586,71.84784874668892,72.59284086526269
2009-10-05,52.9,training,89.22972135978698,69.2672359419022,70.76295092642474,68.75196265022818
2009-10-06,52.9,training,87.95819943609675,66.58926658539283,69.69443499234012,67.17911410328766
2009-10-07,51.8,training,86.7047966769381,64.01483131360453,68.64205357902442,61.274440690234
2009-10-08,50.6,training,85.4692548845425,61.861587120394695,67.60556305626854,59.362894397417534
2009-10-09,49.5,training,84.25131954045499,61.23442480519918,66.58472347266363,57.90173958647889
2009-10-10,47.5,training,83.05073975310401,59.5349194686636,65.57929850005141,56.09540966477962
2009-10-11,47.5,training,81.86726820611838,57.2332152384983,64.58905537881338,54.34543086153254
2009-10-12,46.6,training,80.70066110738075,55.02049815084436,63.61376486398602,52.65004522072273
2009-10-13,45.8,training,80.29643132117765,54.047868360538175,62.653201172189796,51.92066621938147
2009-10-14,44.0,training,79.15220861978325,51.95830129053739,61.707141929359445,50.300924677651864
2009-10-15,44.0,training,78.02429107129346,49.94951984025624,60.77536811926358,48.73171335544831
2009-10-16,43.4,training,76.91244632757282,48.018400723322564,59.85766403280155,47.2114558882586
2009-10-17,42.8,training,75.81644535144255,46.16194140403484,58.953817218066064,45.738625088579816
2009-10-18,42.2,training,74.73606236949966,44.377255428970486,58.063618431159725,44.31174141176918
2009-10-19,41.6,training,73.67107482560797,42.66156793908061,57.186861587754315,42.92937146975501
2009-10-20,41.6,training,72.6212633350523,41.01221135529366,56.32334371538151,41.59012659111462
2009-10-21,41.0,training,71.58641163934574,39.426621230919686,55.47286490644398,40.2926614260726
2009-10-22,41.0,training,70.56630656168085,37.902332264406525,54.63522827193607,39.03567259501839
2009-10-23,40.4,training,69.56073796301592,36.43697446624852,53.81023989586321,37.81789737918526
2009-10-24,39.8,training,68.56949869878679,35.028269474087864,52.997708790349705,36.638112452175456
2009-10-25,39.8,training,67.59238457623559,33.67402701027946,52.19744685142427,35.49513265105732
2009-10-26,39.2,training,66.62919431234758,32.37214147641126,51.40926881547333,34.38780978579988
2009-10-27,38.6,training,65.67972949238741,31.12058867948534,50.632992216351745,33.3150314858488
2009-10-28,39.2,training,64.74379452902609,29.917422684669326,49.868437343141224,32.2757200826851
2009-10-29,38.0,training,63.821196622050515,28.76077278972503,49.11542719854663,31.268831527244213
2009-10-30,38.0,training,62.91174571864722,27.64884061640989,48.3737874579204,30.293354341107573
2009-10-31,37.5,training,62.01525447425187,27.184731129881293,47.64334642890575,29.348308600413464
2009-11-01,37.5,training,61.13153821395683,26.376684804006082,46.92393501168927,28.432744951466194
2009-11-02,37.0,training,60.26041489446854,25.619751228488017,46.215386659853664,27.545743657054814
2009-11-03,36.6,training,59.40170506660711,27.04289181524423,45.51753734182169,27.45121834997236
2009-11-04,36.6,training,58.55523183834024,25.99737535125013,44.83022550288216,26.594837221412373
2009-11-05,39.8,training,61.46405113088119,31.588387224924023,44.86278012815017,29.92227665535356
2009-11-06,37.5,training,60.58818950831027,31.01304204506869,44.18535508034365,29.482858863512174
2009-11-07,37.5,training,59.724808898099894,33.48558210898365,43.51815910648406,31.792985983158637
2009-11-08,37.0,training,58.87373144604849,33.89905084131952,42.86103774822335,32.27208576216885
2009-11-09,36.1,training,58.0347818323737,32.58846556772857,42.21383887952443,31.265310584701403
2009-11-10,35.6,training,57.20778723559691,31.328549375327935,41.57641267144343,30.289943239545593
2009-11-11,35.6,training,56.392577296942434,30.11734332574069,40.94861155744373,29.34500391318137
2009-11-12,35.6,training,55.5889840852441,28.952964215919508,40.33029019923379,28.429543358812467
2009-11-13,35.6,training,54.79684206235183,27.83360165011167,39.72130545312075,27.54264194279246
2009-11-14,35.6,training,54.01598804903119,26.75751522502599,39.12151633687217,26.68340872079902
2009-11-15,34.7,training,53.246261191348935,25.723031823825256,38.530783997078096,25.850980542828246
2009-11-16,34.2,training,52.48750292753743,24.728543014736687,37.94897167700599,25.044521186110053
2009-11-17,34.2,training,51.739556955331395,23.7725025502358,37.375944684941075,24.263220515073456
2009-11-18,33.8,training,51.002269199770026,22.853423962915397,36.8115703630046,23.506293667518097
2009-11-19,33.8,training,50.27548778145793,21.96987825430164,36.25571805644315,22.77298026617422
2009-11-20,33.8,training,49.55906298527837,21.12049167302375,35.70825908338154,22.06254365485929
2009-11-21,33.8,training,48.852847229552324,21.0889802749116,35.1690667050325,22.014801191468813
2009-11-22,33.3,training,48.156695035637036,20.27365045601118,34.638016096356154,21.328017091432947
2009-11-23,35.1,training,47.4704629979578,21.29696899388451,34.114984317162566,22.174031892183017
2009-11-24,34.2,training,46.79400975446677,20.47359803679898,33.59985028365064,21.48228035625995
2009-11-25,33.8,training,46.127195957522716,19.682059766006354,33.09249474037677,20.812109026849555
2009-11-26,32.9,training,45.46988424518582,18.92112348481044,32.59280023264674,20.162844677671956
2009-11-27,32.9,training,44.82193921292142,18.18960607699079,32.10065107932454,19.53383508473118
2009-11-28,33.3,training,44.18322738570702,17.486370167274192,31.615933346051772,18.924448371118025
2009-11-29,32.5,training,43.55361719053683,16.810322352924896,31.138534818871374,18.33407237225277
2009-11-30,32.5,training,42.932978929318004,16.160411503704125,30.66834497824972,17.762114020930046
2009-12-01,32.5,training,42.321184752153165,15.535627127555493,30.205254973490934,17.20799875154818
2009-12-02,32.1,training,41.7181086310037,14.93499779947541,29.749157597537497,16.67116992292446
2009-12-03,32.1,training,41.12362633372828,14.357589651125503,29.299947262151477,16.15108825911649
2009-12-04,32.1,training,40.53761539849134,13.802504918838803,28.85751997347043,15.64723130768803
2009-12-05,31.7,training,39.95995510853627,13.268880547762087,28.421773307932433,15.159092914874927
2009-12-06,31.7,training,39.390526467318075,12.755886849963982,27.992606388564653,14.686182717124112
2009-12-07,30.9,training,38.82921217399039,12.262726214422583,27.569919861629963,14.228025648494711
2009-12-08,31.7,training,38.27589659924179,11.788631866886735,27.153615873626165,13.784161463426562
2009-12-09,31.7,training,37.730465761476445,11.33286667768283,26.743598048632546,13.354144274396615
2009-12-10,31.7,training,37.19280730333425,10.894722015613509,26.339771465998506,12.93754210399888
2009-12-11,30.5,training,36.66281046854543,10.473516646166223,25.94204263836906,12.533936450997832
2009-12-12,30.5,training,36.14036607911506,10.068595672318661,25.55031949004217,12.142921869919483
2009-12-13,30.1,training,35.625366512832706,9.679329516294073,25.164511335652893,11.764105563757692
2009-12-14,30.5,training,35.11770568110247,9.305112940683445,24.784528859179357,11.397106989386591
2009-12-15,30.9,training,34.617279007089046,8.945364107412406,24.410284093265783,11.041557475282797
2009-12-16,30.9,training,34.12398340417515,8.599523673089868,24.041690398857725,10.697099851173293
2009-12-17,30.5,training,33.63771725472592,8.26705391933172,23.67866244514479,10.363388089237018
2009-12-18,30.5,training,33.15838038915601,7.947437916707478,23.321116189806244,10.040086956499687
2009-12-19,30.5,training,32.685874065294804,7.6401787210098995,22.968968859554906,9.726871678072662
2009-12-20,30.5,training,32.22010094804588,8.142820072815674,22.62213893097482,10.014235749928874
2009-12-21,30.5,training,31.760965089336185,7.828007126491966,22.280546111648285,9.701826937909843
2009-12-22,30.5,training,31.308371908350967,7.525365294141887,21.944111321567856,9.399164178237127
2009-12-23,30.1,training,30.862228172050376,7.234424023276767,21.612756674829033,9.105943428474399
2009-12-24,30.1,training,30.422441975963725,6.954730953632991,21.286405461599387,8.821870131236276
2009-12-25,30.9,training,29.988922725257375,6.68585121383483,20.964982130359935,8.546658918288221
2009-12-26,30.5,training,29.56158111607241,6.427366745249307,20.648412270414713,8.280033323877461
2009-12-27,30.1,training,29.140329117128335,6.178875651981751,20.33662259466438,8.021725507006972
2009-12-28,29.7,training,28.725079951588793,5.939991576001476,20.02954092264002,7.771475982373541
2009-12-29,29.7,training,28.31574807918578,5.710343096425969,19.727096163793068,7.529033359699617
2009-12-30,29.7,training,27.912249178598604,5.489573152029604,19.429218301037615,7.294154091197064
2009-12-31,29.3,training,27.51450013008384,5.277338486078992,19.135838374541148,7.066602226909186
2010-01-01,29.3,training,27.122418998352924,5.0733091126317715,18.84688846576014,6.846149177685195
2010-01-02,29.3,training,26.735925015693685,4.877167803469052,18.562301681716626,6.63257348554904
2010-01-03,29.3,training,26.35493856533239,6.569127601486226,18.282012139512222,7.876619051390437
2010-01-04,29.3,training,25.9793811650329,6.31515583292114,18.005954951076028,7.630896336046051
2010-01-05,30.5,training,25.609175450929534,6.071002972305639,17.73406620814275,7.392839302187881
2010-01-06,29.8,training,25.244245161590296,5.836289406764376,17.466282967457744,7.162208807608152
2010-01-07,29.2,training,24.884515122307228,5.610650199792924,17.20254323620538,6.9387731704919595
2010-01-08,28.5,training,24.529911229610615,5.393734523848514,16.9427859576575,6.722307936679354
2010-01-09,27.8,training,24.180360436003838,5.185205114877611,16.686950997038554,6.512595654188
2010-01-10,27.2,training,23.8357907349158,4.9847377479322255,16.434979127604162,6.30942565476996
2010-01-11,26.5,training,23.496131145867743,4.792020733059646,16.186812016929935,6.112593842283114
2010-01-12,29.1,training,23.16131169985145,4.606754430681781,15.942392213407247,5.921902487664658
2010-01-13,29.1,training,22.831263424915825,4.42865078571063,15.701663132943036,5.7371600303007
2010-01-14,29.1,training,22.505918331958817,4.257432879675493,15.464569045860333,5.558180885592425
2010-01-15,29.8,training,22.185209400721877,4.092834500165601,15.231055063996656,5.384785258525513
2010-01-16,24.6,training,21.869070565983908,3.934599726918681,15.001067127997176,5.216798963055537
2010-01-17,30.4,training,21.557436703952046,3.782482533911932,14.774551994799806,5.054053247127903
2010-01-18,14.9,training,21.25024361884629,3.636246406836729,14.551457225309205,4.896384623156536
2010-01-19,13.3,training,20.947428029675365,3.495663975362293,14.331731172256951,4.743634703791053
2010-01-20,13.7,training,20.648927557200967,3.3605166596165668,14.115322968244993,4.595650042807399
2010-01-21,26.5,training,20.354680711087816,3.230594330334645,13.90218251396967,4.452281980962154
2010-01-22,31.8,training,20.064626877236815,3.10569498214634,13.692260466623535,4.3133864966556255
2010-01-23,32.4,training,19.77870630529868,2.98562441949492,13.4855082284723,4.178824061253735
2010-01-24,33.1,training,19.496860096365527,2.870195954698669,13.281877935604298,4.048459498923346
2010-01-25,32.4,training,19.219030190837856,2.7592301176858127,13.081322446849791,3.9221618508402374
2010-01-26,29.1,training,18.94515935646441,2.6525543769515063,12.883795332867633,3.79980424363331
2010-01-27,29.1,training,18.675191176552488,2.550002871303022,12.689250865396684,3.6812637619328687
2010-01-28,27.8,training,18.40907003834624,2.4514161519760362,12.497644006669564,3.5664213248949426
2010-01-29,27.8,training,18.14674112157059,2.3566409347210824,12.30893039898624,3.4551615665776216
2010-01-30,27.2,training,17.888150387138385,2.265529861474677,12.123066354445045,3.347372720049219
2010-01-31,27.2,training,17.63324456601851,2.177941271244589,11.940008844828773,3.242946505111857
2010-02-01,26.5,training,17.381971148262565,2.0937389798529984,11.759715491643489,3.1417780195276768
2010-02-02,26.5,training,17.134278372187985,2.0127920681951066,11.582144556307739,3.043765633638408
2010-02-03,26.5,training,16.89011521371524,1.9349746786839583,11.40725493048993,2.948810888272434
2010-02-04,27.2,training,16.649431375857027,1.8601658195650028,11.235006126591587,2.856818395836802
2010-02-05,27.2,training,16.412177278357188,1.7882491767961268,11.06535826837432,2.767695744494804
2010-02-06,27.8,training,16.17830404747734,1.7191129332006727,10.898272081728338,2.6813534053328874
2010-02-07,26.5,training,15.947763505928988,1.6526495946122568,10.733708885580342,2.5977046424236283
2010-02-08,27.8,training,15.720508162949127,1.5887558227410745,10.571630582938706,2.5166654256944185
2010-02-09,26.5,training,15.496491204517278,1.5273322745018318,10.411999652073892,2.438154346514348
2010-02-10,25.9,training,15.275666483711902,1.4682834475534852,10.254779137832022,2.362092535914473
2010-02-11,25.2,training,15.057988511204265,1.4115175318106348,10.099932643079635,2.2884035853593296
2010-02-12,25.9,training,14.843412445887749,1.356946266695695,9.947424320277594,2.217013469990089
2010-02-13,25.2,training,14.631894085640708,1.304484803909902,9.797218863182273,2.147850474262261
2010-02-14,25.2,training,14.423389858220915,1.2540515755097834,9.649281498672007,2.0808451199032376
2010-02-15,24.6,training,14.217856812289828,1.2055681670839833,9.503577978696995,2.0159300961173052
2010-02-16,24.6,training,14.015252608564694,1.1589591958332468,9.360074572350758,1.953040191968016
2010-02-17,24.6,training,13.815535511096787,1.1141521933640077,9.218738058061295,1.8921122308699878
2010-02-18,26.5,training,13.618664378673893,1.071077493013339,9.079535715900173,1.8330850071243348
2010-02-19,25.9,training,13.424598656345335,1.0296681215300825,8.942435320007737,1.7758992244339606
2010-02-20,25.9,training,13.233298367067752,7.785903014509561,8.80740513113271,7.781977260110784
2010-02-21,20.7,training,13.044724103469928,15.484815298699486,8.67441388928443,18.685005744129864
2010-02-22,29.1,training,12.858837019734983,23.2352417049792,8.543430806496058,22.690587671445783
2010-02-23,32.4,training,12.67559882359823,29.83216988145504,8.414425559697037,27.832809259063293
2010-02-24,37.8,training,12.494971768459056,36.02246756600511,8.287368283693194,31.615590017332895
2010-02-25,37.8,training,12.316918645605238,38.121733116000705,8.162229564252836,33.53680790472831
2010-02-26,37.8,training,12.141402776548023,42.551086983562435,8.038980431297247,37.60888339110381
2010-02-27,33.7,training,11.96838800546647,40.90600174984934,7.917592352194006,36.43561896284622
2010-02-28,32.4,training,11.797838691759434,39.32451783911127,7.798037225151576,35.29895624393214
2010-03-01,32.4,training,11.62971970270369,37.80417633420446,7.680287372713639,34.19775339020894
2010-03-02,32.4,training,11.463996406216692,39.11325989989268,7.564315535351655,35.52680443844437
2010-03-03,31.8,training,11.30063466372245,37.60108592585173,7.450094865154182,34.41849352520013
2010-03-04,31.8,training,11.139600823119059,38.809242340927426,7.33759891961149,35.45183410069643
2010-03-05,31.8,training,10.980861711846467,40.09906978540769,7.2268016554940155,36.663004787733236
2010-03-06,31.8,training,10.824384630053002,40.026593422560595,7.117677422823259,36.763206867542735
2010-03-07,31.8,training,10.670137343859293,41.412004549350534,7.01020095893372,37.92262703271531
2010-03-08,33.1,training,10.518088078718167,44.85717273411746,6.904347382624499,40.773637137398126
2010-03-09,29.2,training,10.36820551286918,49.85168857956793,6.800092188399199,45.01303289515696
2010-03-10,41.9,training,10.220458770886408,54.80541067680606,6.697411240792821,49.211244662259915
2010-03-11,45.3,training,10.074817417318192,62.00203133507603,6.5962807687843075,55.21182147134858
2010-03-12,57.1,training,9.93125145041751,72.93884150237481,6.496677360293467,64.91603085705145
2010-03-13,50.7,training,9.789731295961694,70.11892267947728,6.398577956760987,62.89087980334412
2010-03-14,49.4,training,9.650227801160224,70.31487612485054,6.301959847810295,87.7737305507061
2010-03-15,63.0,training,9.512712228649313,79.1469909488214,6.20680066599002,76.67903915148031
2010-03-16,71.2,training,9.377156250572092,85.15301589351125,6.113078381595845,91.48664041724118
2010-03-17,84.0,training,11.430321733558548,94.58411840436523,8.249328129982043,144.34998427064858
2010-03-18,94.1,training,21.335858233289873,116.86516264225766,18.22044652247694,138.63825540656464
2010-03-19,101.0,training,28.26523708919297,122.2943800379253,24.938422944212025,111.40467214550146
2010-03-20,91.2,training,38.34399981545711,130.70824114512035,35.026196036606564,120.61836940885661
2010-03-21,81.0,training,37.79759850808622,128.565534407385,34.49730276568575,119.40994048989704
2010-03-22,75.0,training,37.25898340951289,123.59500892351836,33.97639574858859,115.68477178174307
2010-03-23,68.3,training,36.72804356640186,118.81665098828478,33.463354393404295,112.07581518999481
2010-03-24,68.1,training,36.204669606500914,114.22303113233188,32.958059929152085,108.57944530676939
2010-03-25,65.6,training,35.688753716110455,110.07648221787015,32.46039537828519,105.27825382584616
2010-03-26,65.6,training,35.180189617874156,105.82076965415456,31.970245529610178,101.99394386645619
2010-03-27,63.9,training,34.67887254888613,102.06572447808257,31.48749691161508,98.93048176861575
2010-03-28,60.0,training,34.184699239109996,98.11971914402409,31.01203776620036,95.8441998941329
2010-03-29,59.2,training,33.69756789010553,95.26460718892784,30.543758022806493,93.62041662192033
2010-03-30,59.2,training,33.21737815405847,91.58154267303134,30.08254927293218,90.69979003912906
2010-03-31,62.2,training,32.744031113109074,88.0408706429544,29.628304745037422,87.87027669791368
2010-04-01,68.3,training,32.27742925897534,84.63708600370606,29.180919279825492,85.12903418670423
2010-04-02,72.2,training,31.817476472866517,81.36489649505754,28.740289305898173,82.47330876713993
2010-04-03,73.1,training,31.364078005682913,80.08754139480929,28.30631281577859,81.05356617946899
2010-04-04,63.9,training,30.917140458497773,78.41650858315913,27.8788893422961,79.7145771772766
2010-04-05,60.0,training,30.47657176331739,75.69929237345197,27.45791993532778,77.41967533542463
2010-04-06,60.0,training,30.04228116411531,72.77265061376663,27.043307138891084,75.00445470327496
2010-04-07,60.7,training,29.614179198136807,71.13434169017864,26.634954968582438,73.51146554842191
2010-04-08,78.0,training,29.192177677469815,72.61096426038971,26.23276888935649,74.92729128958791
2010-04-09,78.0,training,28.776189670878423,69.80372163562241,25.836655793640894,72.58982424326338
2010-04-10,77.0,training,28.85539851544171,67.10501098305217,25.899457442941536,70.32527791912985
2010-04-11,88.1,training,33.95388954463073,70.55175509356211,31.059791208114817,72.72493109402696
2010-04-12,99.9,training,42.70910364066355,79.92551710056381,39.50741994787561,81.02412197262879
2010-04-13,99.1,training,42.10049968233341,78.57278260033469,38.91086048877716,79.96194979840237
2010-04-14,89.1,training,41.500568319457656,75.53504764241238,38.323309038521344,77.46741917549171
2010-04-15,108.0,training,48.691908045789546,81.77107027310082,45.59667573307483,82.40529764956267
2010-04-16,124.0,training,47.99804923234679,82.4859456986221,44.90816890959968,83.20913496693176
2010-04-17,122.0,training,47.31407789450961,79.29692231808934,44.230058494159785,80.61330362709785
2010-04-18,120.0,training,46.63985313592856,76.23119109400153,43.562187501673286,78.09845306356385
2010-04-19,116.0,training,45.975236068024635,73.2839853771288,42.90440131752281,75.66205696191574
2010-04-20,116.0,training,46.948913515793855,71.54175986523087,43.91183832253041,74.0237887645048
2010-04-21,118.0,training,50.884599719791694,73.5929749193936,48.049343016962375,75.42496778116103
2010-04-22,120.0,training,55.3542062847928,76.30455393064058,52.74741545021157,77.37516949962502
2010-04-23,124.0,training,59.28681141322924,78.30271782880617,56.86896150528727,78.78069355026639
2010-04-24,135.0,training,63.35105925052139,80.46875310404967,61.12891348316497,80.33596202515598
2010-04-25,139.0,training,70.44486228837056,86.43117204584526,68.58931225728608,84.9498717068305
2010-04-26,149.0,training,77.87223093232923,92.70392478646608,76.39421778165243,89.85419799166687
2010-04-27,151.0,training,86.32463175807379,99.97120261736892,85.22171954862534,95.64660414739193
2010-04-28,156.0,training,89.80798834293127,100.5586683999471,88.69666318427126,96.2177892448831
2010-04-29,161.0,training,95.08316322198337,103.81462273139,94.17859435635539,98.82263551354377
2010-04-30,161.0,training,97.70006392640173,103.41238175770089,96.7592004936247,98.59566042946987
2010-05-01,185.0,training,106.05866651448613,110.88817784461634,105.33366318377514,104.05096667338641
2010-05-02,187.0,training,112.66437997764142,117.0634455987909,111.58952817718165,108.61456532972062
2010-05-03,180.0,training,113.67373317003641,114.799370627343,112.56502985343828,106.88478805408337
2010-05-04,173.0,training,119.79087523747147,119.28263775233805,118.81181377031798,110.48355498083262
2010-05-05,173.0,training,123.19304781330146,120.07255959712631,122.32800541132058,111.22649422832545
2010-05-06,180.0,training,129.83738682578795,125.0164920750498,129.28423996832288,115.28339903682185
2010-05-07,173.0,training,136.2233855678227,129.48027529199192,135.93729504962448,119.0051408113144
2010-05-08,178.0,training,141.96933989653115,132.9332139548568,141.86522086460977,121.98027249655071
2010-05-09,183.0,training,147.62810036502955,136.59827185076102,147.6168781976799,124.71367219291183
2010-05-10,190.0,training,153.31399112408846,140.2515448986923,153.41578326451648,127.5373431102216
2010-05-11,187.0,training,161.0795090346372,146.91665480368988,161.19530596481368,133.41319224371134
2010-05-12,180.0,training,167.65655948343738,152.108148415498,167.65782593430362,138.23064060553062
2010-05-13,183.0,training,169.95747458075223,151.12480495933218,169.95890797508576,137.63258038673706
2010-05-14,185.0,training,173.63251167151037,151.95604068586417,173.7511194980377,138.53747290447637
2010-05-15,190.0,training,175.75750477135426,150.8842461602977,175.90506143425762,137.9126561160157
2010-05-16,190.0,training,178.7583354288373,151.0264003731498,178.9941705540048,138.23684646507854
2010-05-17,185.0,training,187.7029990528209,159.4597459469527,188.34204124356455,144.8957314989224
2010-05-18,180.0,training,194.4776552281411,163.85716888690482,195.26169587259113,148.70346659709733
2010-05-19,183.0,training,200.90733291963676,168.0644493411303,201.90642900793597,152.308244684078
2010-05-20,183.0,training,207.85177567104733,172.87165851316684,209.08912393923262,156.40737082054244
2010-05-21,192.0,training,218.1507049476228,183.9244905953815,219.6597275226702,165.0391640187933
2010-05-22,219.0,training,228.17576105696105,193.30305159589486,229.6024108112818,173.20856030613783
2010-05-23,202.0,training,230.71861640612263,192.64397367758968,231.8826777163564,173.37833547790228
2010-05-24,180.0,training,230.38882576991608,187.91830287818698,231.39161682356394,169.96604551301093
2010-05-25,171.0,training,234.8595844685846,189.3825275790248,235.9652585499117,171.4626383537661
2010-05-26,173.0,training,245.7284179339663,201.72040114246758,247.22169786670224,181.42328834503115
2010-05-27,171.0,training,252.18398684590392,206.46390799929114,253.3839178121815,186.28741753717847
2010-05-28,161.0,training,256.46866387420306,207.98883042530935,257.46406409924043,188.25738272769308
2010-05-29,159.0,training,261.61586288865806,210.04485024564707,262.7239177778028,190.21701874738022
2010-05-30,163.0,training,270.9594953348741,214.43484210601807,272.0617463286204,197.96814557330077
2010-05-31,171.0,training,282.26048965593526,209.83712678081602,267.95363174039085,208.87863188374232
2010-06-01,168.0,training,294.3648442628193,208.92741970400354,264.9916941935225,220.4298373335886
2010-06-02,183.0,training,296.06782185877006,210.78356592089173,263.7209374785282,220.46642525971873
2010-06-03,195.0,training,296.6521452669772,213.5349120335621,264.1611213931451,222.8699295809004
2010-06-04,185.0,training,295.3561796221404,210.04575383093277,262.8138159978849,219.8244283369215
2010-06-05,190.0,training,292.5755518708156,204.51387542565323,260.04292631075185,214.8951359003225
2010-06-06,192.0,training,288.40635552154663,198.46651420456433,256.1162951192695,210.1104706667525
2010-06-07,195.0,training,284.2965701452302,195.58251453523297,252.24895580214292,210.41532191333482
2010-06-08,216.0,training,280.24534913657067,194.3704715674114,248.4400130559445,212.53573580197883
2010-06-09,231.0,training,276.251857954383,194.59213587795517,244.68858509626997,220.7745369246452
2010-06-10,259.0,training,272.3152739496788,196.49640333416863,240.9938034536017,231.79251055415367
2010-06-11,283.0,training,268.43478619620277,199.21321090309547,237.3548127722553,226.54164207975796
2010-06-12,265.0,training,265.19670716888345,202.04850654338034,233.77077061236113,218.53261510655238
2010-06-13,246.0,training,263.02954690284787,204.8431517819391,230.52549060262888,214.54544093497861
2010-06-14,246.0,training,260.7384368899405,206.48901266325203,228.2165153289647,218.95312890844542
2010-06-15,258.0,training,257.4691026621451,207.27943355247598,224.9629013276992,223.12489691125205
2010-06-16,272.0,training,254.63367150278157,209.20758393906738,222.12516414025455,228.66465774045594
2010-06-17,280.0,training,251.95049804778773,211.84145919028884,219.43166821367103,234.68899332575384
2010-06-18,275.0,training,250.78065579840305,216.98102258829036,218.19417518228786,230.14844279532932
2010-06-19,277.0,training,248.3654441683138,219.2480825893916,215.76878935566899,238.1768631272231
2010-06-20,267.0,training,247.01858425191637,223.69189407668853,214.36769798892965,257.0247767540853
2010-06-21,285.0,training,243.51026449280286,226.59281537118997,211.13075975987852,266.36876071958244
2010-06-22,295.0,training,243.56120378270637,235.00016201050244,210.793090760679,248.95731123326453
2010-06-23,290.0,training,242.86815603175677,239.84049755053914,210.02905516903633,238.9616691185949
2010-06-24,282.0,training,240.75941414925822,240.86266161290382,207.9197097993018,232.05971464502062
2010-06-25,260.0,training,242.00711010972464,245.19839642082968,209.05645730782135,230.63775291652684
2010-06-26,253.0,training,239.61123808370007,242.798742678832,206.69957423034552,237.11205756432804
2010-06-27,253.0,training,237.46681823132653,242.84850116198288,204.56874685866333,245.17536167445115
2010-06-28,253.0,training,234.08292034473996,241.8073723064599,201.47977215124223,250.07395952861083
2010-06-29,270.0,training,230.74724294214406,241.38858436114523,198.43744076001488,245.886510303218
2010-06-30,270.0,training,227.45909888250964,240.87357067044002,195.44104837395523,236.9466639735734
2010-07-01,250.0,training,224.21781081655502,240.15119989609332,192.4899013170878,241.4657325624978
2010-07-02,250.0,training,221.02271104721336,241.02296115521006,189.5833163878988,251.13366536525024
2010-07-03,253.0,training,217.87314139208902,241.75172116724622,186.72062070117286,245.17050756216
2010-07-04,241.0,training,215.41076295327403,242.93591972666286,183.90115153221723,250.4042105686089
2010-07-05,236.0,training,213.7104231248786,245.5142743126379,181.1242561634388,242.84662972647396
2010-07-06,224.0,training,212.477529899635,247.57091746335715,179.83762334995163,240.94826873517977
2010-07-07,217.0,training,210.89969660807057,248.59252109125663,178.27855027772173,258.0646031097617
2010-07-08,219.0,training,208.28173577980277,245.15057605794763,175.69983001769253,272.56859669856215
2010-07-09,219.0,training,205.3137247929655,236.6382037214189,173.04677406776383,271.643438424721
2010-07-10,224.0,training,202.80289553982965,229.80930014577916,170.4337790892814,250.95138807029605
2010-07-11,226.0,training,202.60207280103415,227.43955149778978,170.03956289345646,261.41479452656114
2010-07-12,224.0,training,199.71499690943892,218.72669346593017,167.47197660716162,255.48827664688656
2010-07-13,222.0,training,196.86906179734606,210.29305308901627,164.9431607059783,251.77765571677597
2010-07-14,214.0,training,194.06368120938805,203.9519132574277,162.4525297596252,249.82633031253098
2010-07-15,207.0,training,191.29827724432562,197.13271107257174,159.9995071777801,243.59981152622467
2010-07-16,195.0,training,188.79300373691558,192.72982890970434,157.5835250765969,253.21831572648009
2010-07-17,202.0,training,186.9894466337186,188.42678033446253,155.20402414723856,243.7979369528036
2010-07-18,217.0,training,184.57196303714542,182.93890817871554,152.86045352639476,225.39440481864673
2010-07-19,210.0,training,184.2489416420816,181.64572089523176,151.93612383756428,224.1421943405433
2010-07-20,202.0,training,181.6233975392373,174.65326782969288,149.64189829781412,218.44813725924257
2010-07-21,210.0,training,179.10884987168956,170.298545516955,147.38231541376882,188.76498751887326
2010-07-22,188.0,training,181.14136226680523,173.8180160042766,148.91107211113786,200.0260870202238
2010-07-23,173.0,training,178.5601011141378,167.09796554839977,146.66252465474628,195.08008282557057
2010-07-24,162.0,training,176.01562288644612,160.7199031863098,144.4479301179863,189.3305772026666
2010-07-25,153.0,training,173.50740342771127,154.89418923157584,142.26677581399053,188.88101790710294
2010-07-26,151.0,training,171.03492605112802,148.9057606964537,140.11855679742987,190.61057826685212
2010-07-27,146.0,training,168.5976814326689,143.1488532822863,138.00277574761662,193.7174793081002
2010-07-28,146.0,training,166.19516750616467,137.61451605492888,135.9189428533729,195.70818617252363
2010-07-29,151.0,training,163.82688935987994,132.29414413601663,133.86657569963776,183.9222647984658
2010-07-30,151.0,training,161.4923591345627,127.40455399329583,131.845199155786,170.07933916176057
2010-07-31,142.0,training,159.19109592294635,124.75463154789234,129.85434526563384,151.4285967435597
2010-08-01,132.0,training,156.9226256706844,121.2653112881589,127.89355313910535,163.74844457095975
2010-08-02,128.0,training,154.6864810786961,116.57702276009292,125.96236884553454,169.13352729975063
2010-08-03,124.0,training,152.48220150690426,112.0699901005759,124.0603453085789,175.91944912072933
2010-08-04,119.0,training,150.30933287934448,108.10953298045102,122.18704220271935,165.7081479754413
2010-08-05,119.0,training,148.1674275906267,105.70471494938853,120.34202585132351,115.99126410543192
2010-08-06,120.0,training,146.05604441372964,102.26749161632054,118.5248691262477,111.38189158438806
2010-08-07,119.0,training,143.97474840910905,98.60118239949766,116.73515134895531,107.90716966858353
2010-08-08,122.0,training,141.92311083510145,94.85694134169356,114.97245819312819,104.54084681316868
2010-08-09,120.0,training,139.90070905960428,91.50715268370573,113.23638158874847,101.27954135003363
2010-08-10,115.0,training,137.9071264730149,87.96935667587994,111.52651962762889,98.11997710717854
2010-08-11,113.0,training,135.94195240240992,84.56833686779287,109.84247647036956,95.05898011760739
2010-08-12,112.0,training,134.00478202694782,81.29880529802062,108.18386225471966,92.09347543089247
2010-08-13,107.0,training,132.09521629447667,78.1556784452106,106.55029300532281,89.22048402420691
2010-08-14,119.0,training,130.21286183933069,80.05934436768757,104.94139054482552,87.12027155778746
2010-08-15,113.0,training,128.35733090129762,77.65630798980045,103.3567824063276,84.49319320911239
2010-08-16,107.0,training,126.52824124574126,74.914288134889,101.7961017471546,81.85730378396674
2010-08-17,104.0,training,124.72521608486218,72.53292728152132,100.2589872639326,79.33512910764405
2010-08-18,99.6,training,122.94788400008022,69.90776993513377,98.74508310894498,76.86015307803825
2010-08-19,98.2,training,121.19587886552334,67.20503662807329,97.25403880775235,74.46238756558952
2010-08-20,96.8,training,119.46883977260663,64.60679481510385,95.78550917805651,72.13942387466265
2010-08-21,96.8,training,117.76641095568594,62.10900470720562,94.33915424978935,69.88892845242532
2010-08-22,95.5,training,116.0882417187712,59.72824704512339,92.91463918640855,67.70864054465758
2010-08-23,107.0,training,114.43398636328386,60.23304627642699,91.51163420738179,65.81965879797289
2010-08-24,101.0,training,112.80330411684398,67.67570259578632,90.12981451184113,67.4578280065091
2010-08-25,91.4,training,111.19585906307174,65.4174193367269,88.76886020339055,65.3884863317132
2010-08-26,84.8,training,109.61132007238982,64.07265243750794,87.42845621604873,63.80403595469916
2010-08-27,81.0,training,108.04936073381138,61.59551302975334,86.10829224131004,61.81357521736644
2010-08-28,79.8,training,106.50965928770027,59.21414333672119,84.80806265630702,59.88520983007831
2010-08-29,78.7,training,104.99189855948934,56.92484076572361,83.52746645305749,58.01700263706729
2010-08-30,74.6,training,103.49576589434335,54.89545560280159,82.2662071687802,56.207076914989116
2010-08-31,76.6,training,102.02095309275283,53.10632757837141,81.02399281726248,54.45361448764425
2010-09-01,75.5,training,100.56715634704575,51.423656823727626,79.80053582126439,52.7548538995137
2010-09-02,73.4,training,99.13407617880395,52.756171880484125,78.59555294594355,51.60024886119879
2010-09-03,72.4,training,97.72141737717136,52.905753959850266,77.40876523328511,50.82631411970534
2010-09-04,72.4,training,96.32888893804126,50.860342648702556,76.2398979375221,49.24071250117384
2010-09-05,72.4,training,94.95620400411026,48.894009833155664,75.0886804615306,47.70457605705513
2010-09-06,73.4,training,93.60307980578636,47.00369822667143,73.95484629418564,46.216361648485616
2010-09-07,71.4,training,92.2692376029391,45.26502040566242,72.8381329486628,44.77457427708807
2010-09-08,69.4,training,90.95440262747998,44.77049114384212,71.73828190167153,43.3777655831583
2010-09-09,67.6,training,89.6583040267607,46.69456356799373,70.65503853360607,43.090135091774115
2010-09-10,65.9,training,88.38067480777845,44.889285666396084,69.5881520696001,41.745874955511965
2010-09-11,65.0,training,87.12125178217576,43.39123463885037,68.53737552147136,40.443550991185575
2010-09-12,64.2,training,85.87977551202462,48.49621239711491,67.50246563054303,42.950687104742194
2010-09-13,60.2,training,84.65599025638281,47.332834292291025,66.48318281132836,41.8907865251942
2010-09-14,57.8,training,83.4496439186119,45.502879941321865,65.47929109606584,40.583941831332105
2010-09-15,55.4,training,82.26048799444605,44.038958652713895,64.49055808009173,39.501568513436744
2010-09-16,56.2,training,81.08827752080073,46.187026768318525,63.5167548680375,40.029617905029625
2010-09-17,54.7,training,79.93277102531097,47.15726859936602,62.55765602083975,41.095078508775266
2010-09-18,52.4,training,78.79373047658862,45.74951932746038,61.613039503550176,40.077608817250486
2010-09-19,50.2,training,77.67092123518854,44.06762832870933,60.6826866339337,38.82732886860342
2010-09-20,50.2,training,76.5641120052735,43.55272540122917,59.76638203184271,38.443993730673995
2010-09-21,49.5,training,78.53477142994855,46.60919377553455,61.18204981448571,41.488236402897826
2010-09-22,48.8,training,77.41565235030315,45.87829638735066,60.258204861005616,40.97247536107024
2010-09-23,48.1,training,76.31248069740417,47.29191512966917,59.34830990594267,41.89348794659869
2010-09-24,46.7,training,76.37286946741045,47.80737166684891,59.1305434190753,41.80665098748219
2010-09-25,46.7,training,76.8331216724444,48.60664000121872,59.591020785357706,42.56053919593035
2010-09-26,46.0,training,76.29767923532175,47.94093485638001,59.094763532743244,42.01403788255464
2010-09-27,45.4,training,75.83593309628289,47.36234675436881,58.68069051869255,41.566825514893374
2010-09-28,44.2,training,74.7552724143267,45.63040173929405,57.79461592709581,40.27008726119265
2010-09-29,43.6,training,73.69001112764191,43.866265839811454,56.921921003920374,39.01380266441139
2010-09-30,43.6,training,72.63992979512302,42.38599608456261,56.06240371704756,37.890018785288426
2010-10-01,43.0,training,71.60481210269634,43.01446800612337,55.21586508503043,38.45196130430119
2010-10-02,42.4,training,70.58444481875982,43.833878991623294,54.38210913102894,39.168611437204405
2010-10-03,41.8,training,69.5786177502579,42.40023234205963,53.56094283744049,38.92778726144672
2010-10-04,41.2,training,68.58712369938232,40.76097936225039,52.75217610121568,37.71337768725984
2010-10-05,41.2,training,67.60975842088979,39.18510222222747,51.955621689848726,36.53685340575534
2010-10-06,41.2,training,66.6463205800281,38.085741882501914,51.17109519803243,35.49962707097976
2010-10-07,40.6,training,66.13412600430621,43.61122996216713,50.39841500496772,37.60396712583436
2010-10-08,43.0,training,69.19954150490203,48.140045502631224,52.355458078947514,41.506697000781735
2010-10-09,42.4,training,74.7848337987392,56.15420190791104,57.75922354353598,48.90068579526828
2010-10-10,41.2,training,73.71915126285849,53.98320100245039,56.887063043039134,47.37515698431292
2010-10-11,40.6,training,72.66865468393715,51.89613406401932,56.02807210909738,45.89721928818975
2010-10-12,40.0,training,71.80443013148017,49.88975608668366,55.25517665263171,44.46538803207995
2010-10-13,40.6,training,70.87258606200345,48.836919824598844,54.420827096528754,43.64700573921829
2010-10-14,39.4,training,69.8626529859704,49.83515386395981,53.59907616419178,44.46654102814007
2010-10-15,38.9,training,72.64686061746661,51.899568644889236,56.59195892575736,46.2209526941887
2010-10-16,38.9,training,71.61164416094627,52.032458178544104,55.73742404469923,46.61271608334446
2010-10-17,38.9,training,74.60636041673594,54.13423857221274,59.04215214339267,48.28156545804886
2010-10-18,39.4,training,75.93809150765536,54.6369161347462,59.63087636071648,49.56207431514231
2010-10-19,38.9,training,74.85597507017543,52.52457564427614,58.73045402500715,48.0159125166144
2010-10-20,40.0,training,77.37469196795355,56.24102402219038,61.0604916643187,51.06701307684011
2010-10-21,40.6,training,82.44150170755486,63.338780632233195,65.95357876430862,57.63125411872108
2010-10-22,38.3,training,81.26671179175509,60.89001374691879,64.9576840355424,55.83336238898781
2010-10-23,37.8,training,80.10866261111514,58.53591965446141,63.97682725209115,54.09155853589841
2010-10-24,37.8,training,78.96711561046024,56.27283817072469,63.01078134196347,52.404092815653314
2010-10-25,37.2,training,77.84183563402256,55.01782245362818,62.05932266194016,51.530301074375295
2010-10-26,37.2,training,76.73259087699972,52.89075558587749,61.12223094580005,49.922737547448854
2010-10-27,37.2,training,75.63915283780365,51.07624888766828,60.19928925332747,48.41855725394626
2010-10-28,37.2,training,74.56129627098971,50.70561371119452,59.290283920089884,48.28189762933146
2010-10-29,36.7,training,73.49879914085687,50.131838778319995,58.395004507973674,47.94883105667004
2010-10-30,36.7,training,72.45144257570882,49.47799363886065,57.51324375646701,47.529048461612604
2010-10-31,35.6,training,71.41901082276699,47.96809811213437,56.64479753467823,46.3301023569985
2010-11-01,35.1,training,70.40129120372598,46.11358356297474,55.78946479407882,44.884766676922
2010-11-02,34.6,training,69.39807407094244,44.338369186428146,54.94704752195985,43.484520369020956
2010-11-03,35.6,training,72.58784184907427,44.89927820128316,58.047497893350105,43.92936344603896
2010-11-04,35.1,training,71.55346640894146,45.85850066798022,57.17098446901201,44.9258529915662
2010-11-05,34.6,training,70.53383080021699,44.085546141148505,56.307706340094526,43.524324935654754
2010-11-06,34.6,training,69.52872498056853,42.381136545102294,55.45746365450181,42.166519608655655
2010-11-07,34.1,training,68.53794190076317,40.74262183582448,54.62005957789163,40.85107301573809
2010-11-08,33.6,training,67.56127746201595,39.16745442374958,53.79530024810745,39.57666371389596
2010-11-09,33.6,training,66.59853047394583,37.6531852127296,52.982994730298635,38.342011484481176
2010-11-10,33.1,training,65.64950261313108,36.19745979213918,52.1829549727183,37.14587604714919
2010-11-11,33.1,training,64.71399838225521,34.79801477619927,51.39499576318866,35.98705581392486
2010-11-12,32.6,training,63.79182506983495,33.45267428482781,50.61893468622371,34.86438668213708
2010-11-13,32.1,training,62.88279271052218,32.159346560545615,49.854592080799364,33.7767408650096
2010-11-14,32.1,training,61.98671404597162,30.91602071617757,49.10179099876123,32.7230257587333
2010-11-15,32.1,training,61.10340448626598,29.720763608292188,48.36035716386053,31.702182844881726
2010-11-16,31.6,training,60.232682071891006,28.571716831518494,47.630118931408404,30.71318662706751
2010-11-17,31.6,training,59.37436743625225,27.467093829066865,46.910907248539615,29.755043600771263
2010-11-18,31.6,training,58.52828376872599,26.40517711496117,46.202555615076115,28.826791255308216
2010-11-19,31.6,training,57.694256778236735,25.38431560366341,45.50490004498167,27.927497106929952
2010-11-20,31.6,training,56.87211465735364,24.40292204293883,44.81777902839848,27.05625776209
2010-11-21,30.6,training,56.06168804689871,23.459470545970046,44.141033494257044,26.212198009932155
2010-11-22,30.6,training,55.262810001059165,22.552494218883233,43.474506773450614,25.394469943090044
2010-11-23,30.6,training,54.47531595299703,21.68058287999741,42.81804456256569,24.60225210591459
2010-11-24,30.1,training,53.699043680948854,20.842380867250828,42.17149488816027,23.834748669273804
2010-11-25,30.1,training,52.93383327480836,20.036584930395346,41.534708071581356,23.091188631095868
2010-11-26,29.6,training,52.179527103185414,19.316819052259167,40.90753669431386,22.370825041852502
2010-11-27,29.6,training,51.43596978093439,18.570003493882123,40.28983556385262,21.672934254204492
2010-11-28,29.6,training,50.70300813714514,17.85206088175596,39.68146168008982,20.996815196055632
2010-11-29,29.6,training,49.980491183590246,17.171838386318647,39.0822742022099,20.341788666284806
2010-11-30,29.6,training,49.26827008362184,16.507950815691995,38.49213441608446,19.707196652448772
2010-12-01,29.1,training,48.56619812151159,15.869730077964473,37.91090570215932,19.09240166977017
2010-12-02,28.6,training,47.87413067222764,15.256183857056953,37.33845350382667,18.49678612074683
2010-12-03,28.6,training,47.19192517164225,14.929108487458835,36.77464529627469,17.91975167473894
2010-12-04,28.6,training,46.51944108716392,14.35192802824502,36.219350555807516,17.360718666910962
2010-12-05,28.1,training,45.85653988878809,13.797062182310231,35.672440729628626,16.8191255159244
2010-12-06,28.1,training,45.203085020560216,13.263648235129327,35.133789206080245,16.29442815979653
2010-12-07,27.6,training,44.55894187244568,12.750856825941467,34.60327128533242,15.786099509358316
2010-12-08,27.1,training,43.92397775260043,12.257890658246398,34.080764150514455,15.29362891876254
2010-12-09,27.6,training,43.298061860036825,11.783983260154763,33.56614683928236,14.816521672510182
2010-12-10,27.6,training,42.681065257678895,11.328397792665017,33.059300215815675,14.354298488479788
2010-12-11,27.6,training,42.072860845801735,10.890425904014077,32.560106943236995,13.906495036460559
2010-12-12,27.6,training,41.473323335849194,10.46938662832034,32.06845145644812,13.4726614717055
2010-12-13,27.6,training,40.88232922462481,10.285317109104769,31.584219935376293,13.052361983036086
2010-12-14,27.6,training,40.299756768850465,11.773281957295902,31.107300278624372,13.244619270593379
2010-12-15,27.1,training,39.72548596008752,12.71641818138182,30.637582077519045,14.134671773203918
2010-12-16,27.1,training,39.159398500015456,12.241481154249922,30.174956590550696,13.76380841504917
2010-12-17,27.1,training,38.601377776062684,11.768208170802675,29.719316718199423,13.334426169296309
2010-12-18,27.1,training,38.051308837384674,11.313232590589458,29.27055697814108,12.918439134186324
2010-12-19,27.1,training,37.509078371184344,10.875847010109926,28.828573480827703,12.515429426423058
2010-12-20,27.6,training,36.97457467936995,10.45537137508405,28.393263905436736,12.12499219919435
2010-12-21,27.6,training,36.44768765554552,10.05115192309257,27.96452747618334,11.746735235479747
2010-12-22,27.1,training,35.92830876232928,9.662560167096437,27.542264938990428,11.380278554045582
2010-12-23,27.1,training,35.41633100899516,9.288991918254867,27.126378538511027,11.025254027731604
2010-12-24,26.1,training,34.91164892943302,8.929866346522598,26.716771995497478,10.681305013645717
2010-12-25,25.1,training,34.414158560422905,8.584625077565804,26.313350484512487,10.348085994895367
2010-12-26,25.1,training,33.92375742021885,8.252731324592531,25.916020611976666,10.025262233495601
2010-12-27,25.1,training,33.44034448743794,7.933669053747761,25.524690394547562,9.71250943410521
2010-12-28,25.1,training,32.96382018025016,7.6269421817755125,25.139269237825193,9.409513418253079
2010-12-29,25.1,training,32.494086335864765,7.332073804700459,24.75966791537909,9.115969808727563
2010-12-30,25.1,training,32.03104619030901,7.048605456329784,24.385798548092044,8.831583723811784
2010-12-31,25.1,training,31.57460435849503,6.776096395422428,24.017574583815794,8.556069481057689
2011-01-01,24.7,held_out,31.12466681457073,6.514122920417378,23.654910777333832,8.289150310301348
2011-01-02,24.2,held_out,30.68114087255075,6.262277710655511,23.297723170626877,8.030558075631136
2011-01-03,24.2,held_out,30.243935167223306,6.02016919307076,22.945929073436236,7.780033006029539
2011-01-04,24.2,held_out,29.812959635329275,5.787420933365878,22.599447044120712,7.537323434417965
2011-01-05,23.7,held_out,29.388125497009337,5.563671050726211,22.258196870802585,7.302185544842475
2011-01-06,23.7,held_out,28.969345237515583,5.348571655161476,21.92209955279823,7.07438312754638
2011-01-07,23.7,held_out,28.556532589183668,5.1417883066006835,21.59107728232919,6.853687341683746
2011-01-08,23.7,held_out,28.149602513661932,4.942999494899231,21.265053426509375,6.639876485435381
2011-01-09,23.2,held_out,27.748471184393683,4.751896139949653,20.943952509604266,6.432735773296395
2011-01-10,23.2,held_out,27.353055969349157,4.568181111118798,20.627700195558003,6.232057120311606
2011-01-11,23.2,held_out,26.96327541400353,4.39156876526423,20.316223270784313,6.037638933042038
2011-01-12,22.7,held_out,26.579049224557483,4.221784502611605,20.00944962721729,5.849285907052519
2011-01-13,22.7,held_out,26.2002982513969,4.058564339802412,19.707308245618105,5.666808830716973
2011-01-14,23.2,held_out,25.826944472788245,3.901654499448328,19.409729179133798,5.490024395144262
2011-01-15,22.7,held_out,25.458910978806273,3.7508110155539622,19.116643537104316,5.318755010033702
2011-01-16,22.7,held_out,25.096121955490787,3.6057993541945255,18.827983469114077,5.152828625275214
2011-01-17,22.7,held_out,24.738502669229167,3.4663940488586324,18.543682149284326,4.992078558114941
2011-01-18,22.7,held_out,24.385979451361422,3.3323783498892685,18.263673760802725,4.836343325712663
2011-01-19,22.7,held_out,24.038479683004645,3.203543887477866,17.987893480686484,4.68546648292286
2011-01-20,22.7,held_out,23.695931780093705,3.0796903476875066,17.716277464775633,4.539296465136398
2011-01-21,22.2,held_out,23.3582651786351,2.96062516100152,17.448762832952838,4.397686436025039
2011-01-22,22.2,held_out,23.02541032017098,2.846163202913244,17.185287654586418,4.260494140035748
2011-01-23,22.2,held_out,22.697298637450256,2.7361265060914004,16.925790934193202,4.127581759486682
2011-01-24,22.2,held_out,22.373862540303946,2.630343983673564,16.670212597317814,3.9988157761212704
2011-01-25,21.7,held_out,22.055035401721746,2.5286511632575057,16.418493476625223,3.8740668369813194
2011-01-26,21.7,held_out,21.740751544127047,2.430889931176799,16.170575298203307,3.753209624464402
2011-01-27,21.7,held_out,21.43094622584755,2.3369082866630966,15.926400668072201,3.636122730435006
2011-01-28,21.7,held_out,21.125555627778592,2.246560105512838,15.685913058897379,3.5226885342629566
2011-01-29,21.7,held_out,20.824516840236626,2.1597049128909482,15.449056796903376,3.4127930846666183
2011-01-30,21.2,held_out,20.527767849999943,2.0762076649182455,15.215777048985098,3.3063259852421787
2011-01-31,21.7,held_out,20.235247527534142,1.9959385387030115,14.986019810013758,3.203180283563996
2011-02-01,21.7,held_out,19.946895614399583,1.9187727304902238,14.759731890334479,3.103252363744641
2011-02-02,22.2,held_out,19.662652710838305,5.322587585312781,14.536860903452695,6.085669306828984
2011-02-03,27.2,held_out,19.38246026353783,13.731343703323006,14.317355253906491,13.302751647480108
2011-02-04,26.6,held_out,19.10626055356933,15.895261729316779,14.101164125322049,15.028336042924874
2011-02-05,26.0,held_out,18.83399668449768,15.280728418640004,13.888237468649473,14.559504998096886
2011-02-06,25.4,held_out,18.565612570660917,14.689953835335098,13.678525990576256,14.105299827215738
2011-02-07,24.7,held_out,18.301052925616755,14.122019433382631,13.471981142115682,13.665264254633575
2011-02-08,24.1,held_out,18.040263250753732,13.576042179052044,13.268555107367566,13.238956238892431
2011-02-09,23.5,held_out,17.783189824064603,13.051173177946328,13.068200792448684,12.82594752866772
2011-02-10,22.9,held_out,17.529779689079763,12.546596355127067,12.87087181459038,12.42582323256475
2011-02-11,22.3,held_out,17.279980643958346,12.061527186267725,12.676522491400766,12.038181402336058
2011-02-12,21.7,held_out,17.033741230734787,11.595211477862362,12.485107830289088,11.662632629100905
2011-02-13,21.1,held_out,16.791010724718586,11.146924194593174,12.296583518049776,11.298799652161286
2011-02-14,20.4,held_out,16.551739124045188,10.715968332033691,12.110905910603757,10.946316980021496
2011-02-15,19.8,held_out,16.315877139375697,10.30167383293486,11.92803202289471,10.60483052323057
2011-02-16,19.2,held_out,16.08337618374342,9.903396545409006,11.74791951893785,10.27399723867871
2011-02-17,18.6,held_out,15.85418836254505,9.520517221391941,11.570526702019,9.953484784990449
2011-02-18,18.6,held_out,15.628266463674528,9.15244055382588,11.395812505041635,9.642971188668287
2011-02-19,18.6,held_out,15.40556394779745,8.798594251066277,11.223736481019708,9.34214452065151
2011-02-20,18.1,held_out,15.186034938764099,8.45842814707336,11.05425879371402,9.050702582965197
2011-02-21,18.1,held_out,14.969634214159049,8.131413346004962,10.887340208409972,8.768352605144692
2011-02-22,19.1,held_out,14.756317195985497,7.817041399880577,10.7229420828346,8.494810950130562
2011-02-23,19.1,held_out,14.546039941482285,7.514823518038094,10.561026358210732,8.22980282933858
2011-02-24,14.3,held_out,14.33875913407181,7.224289807154044,10.401555550446242,7.973062026618535
2011-02-25,13.0,held_out,14.134432074436917,6.944988540645757,10.24449274145635,7.724330630824539
2011-02-26,13.6,held_out,13.933016671724962,6.67648545631946,10.089801570616938,7.4833587767282115
2011-02-27,13.9,held_out,13.734471434877188,6.418363081172278,9.937446226346943,7.249904394014437
2011-02-28,13.9,held_out,13.538755464081678,6.170220082298367,9.787391437817828,7.023732964107599
2011-03-01,13.9,held_out,13.345828442348099,5.931670642889915,9.639602466788263,6.8046172845839425
2011-03-02,13.9,held_out,13.155650627202508,5.702343862362845,9.494045099562099,6.59233724093347
2011-03-03,13.3,held_out,12.968182842500495,5.481883179674491,9.350685639067752,6.386679585442039
2011-03-04,13.3,held_out,12.783386470357007,5.269945818936645,9.209490897057224,6.187437722971575
2011-03-05,13.6,held_out,12.601223443191158,5.066202256461968,9.070428186422891,5.994411503423168
2011-03-06,13.3,held_out,12.421656235884402,4.870335708415166,8.933465313630315,5.807407020674603
2011-03-07,13.3,held_out,12.244647858050461,4.682041638272268,8.798570571265328,5.626236417790322
2011-03-08,13.3,held_out,12.070161846415393,4.5010272833222515,8.665712730693642,5.4507176983081544
2011-03-09,13.3,held_out,11.89816225730625,4.327011199474765,8.534861034831303,5.280674543413217
2011-03-10,13.3,held_out,11.728613659246786,6.934360038854516,8.405985191024318,7.266311688856965
2011-03-11,14.3,held_out,11.561481125658645,11.852267944369862,8.27905536403579,11.196549592193918
2011-03-12,17.1,held_out,11.39673022766659,16.644960469275567,8.154042169138942,15.102616627893038
2011-03-13,18.1,held_out,11.234327027006234,23.15760846359049,8.030916665314463,20.32244961501053
2011-03-14,21.6,held_out,11.947164509455884,32.21968760400442,8.678635890215482,27.650226201259763
2011-03-15,28.3,held_out,18.633985226224425,50.468809116774615,15.238899821270572,42.94823806458205
2011-03-16,27.6,held_out,18.368451272068853,53.21430520753641,15.008793429948975,45.75079978388467
2011-03-17,24.1,held_out,18.10670117198172,51.15696486854488,14.782161630097104,44.32353629954885
2011-03-18,22.1,held_out,17.84868100611064,49.17916421825048,14.558951955610864,42.940798398663816
2011-03-19,21.6,held_out,17.59433762296015,47.2778281397374,14.339112732620892,41.60119704017068
2011-03-20,21.6,held_out,17.343618628442663,45.45000040446113,14.12259306752988,40.3033865161892
2011-03-21,21.6,held_out,17.096472375085362,43.69283907585589,13.909342835230513,39.04606310017556
2011-03-22,22.1,held_out,16.852847951391013,42.003612090644914,13.69931266750132,37.82796373725288
2011-03-23,22.1,held_out,16.612695171350293,40.569695618433585,13.492453941577747,36.7197433507704
2011-03-24,22.6,held_out,16.375964564103608,41.9762024614636,13.288718768895809,38.791166842824246
2011-03-25,28.3,held_out,16.14260736375023,41.09264776568184,13.088059984005703,41.85105007499625
2011-03-26,32.0,held_out,15.912575499302628,42.312227831246965,12.890431133652838,42.98111454421164
2011-03-27,30.5,held_out,15.685821584783985,42.87381646510787,12.695786466023733,43.527121395445285
2011-03-28,29.7,held_out,15.462298909466805,41.21625405296736,12.504080920154298,42.16922882877031
2011-03-29,28.3,held_out,15.241961428250606,39.62277534917544,12.315270115498056,40.85369771774686
2011-03-30,29.7,held_out,15.024763752176774,38.09090278688718,12.12931034165188,39.57920653446544
2011-03-31,32.2,held_out,14.810661139078523,36.72605936634082,11.946158548236879,38.34447497802331
2011-04-01,31.2,held_out,14.59960948436415,37.17714826894743,11.76577233493206,38.45657347437829
2011-04-02,32.0,held_out,14.391565311931588,35.85541460967136,11.588109941658516,37.27395876381866
2011-04-03,34.3,held_out,14.186485765212442,36.93667739812215,11.413130238911796,38.25260945487369
2011-04-04,31.2,held_out,13.984328598343641,35.508653183522206,11.240792718240279,37.05926304533765
2011-04-05,30.5,held_out,13.78505216746491,34.135838405751244,11.071057482867316,35.9031448320854
2011-04-06,30.5,held_out,13.588615422140222,33.23833316540039,10.903885238454977,35.03571174496849
2011-04-07,31.2,held_out,13.394977896901537,32.59770369001828,10.73923728400727,34.473888691028804
2011-04-08,32.0,held_out,13.204099702913002,31.33743033873774,10.57707550291071,33.39842503303402
2011-04-09,35.1,held_out,13.015941519753955,30.125880938538266,10.417362354110185,32.356512045520134
2011-04-10,41.0,held_out,12.830464587319021,28.96117175252538,10.260060863418065,31.347103065978963
2011-04-11,45.2,held_out,12.647630697833632,27.940683079820182,10.105134614954528,30.369184084078608
2011-04-12,48.7,held_out,13.854750041074706,27.58920813416481,11.313962131632954,29.826183319300497
2011-04-13,55.9,held_out,16.579457644434612,29.22194583237294,14.167334027886318,30.912204021589417
2011-04-14,60.5,held_out,21.57435511884825,33.650707986527706,19.408288552164525,34.266142160356054
2011-04-15,66.0,held_out,27.72585497192387,39.40516047954409,25.854783977220045,38.726859252947236
2011-04-16,64.2,held_out,30.48368112531243,39.00215930441016,28.447613072757914,37.5187179234876
2011-04-17,58.7,held_out,30.04928921782985,37.84911209031815,28.018055974630098,36.550482251054504
2011-04-18,57.8,held_out,29.621087387212018,36.385811859398366,27.594985160609145,35.410236202936886
2011-04-19,59.6,held_out,29.905044945252985,35.287117231251386,27.79175709728681,34.40009608637576
2011-04-20,59.6,held_out,29.47889859292371,35.6246720076316,27.372103381523363,34.47796265685591
2011-04-21,62.4,held_out,29.05882481844663,34.24737177795081,26.95878640944034,33.402371905505625
2011-04-22,64.2,held_out,35.348134060346354,40.3713338117967,33.56986469497294,38.17949642900759
2011-04-23,79.6,held_out,45.61906381220697,51.686326868390225,44.38197736432577,47.063024367694844
2011-04-24,81.6,held_out,56.31737208195122,63.7208374549805,55.63646440301526,56.595593571412444
2011-04-25,91.9,held_out,69.80044634542269,81.20715299943315,69.82245319966736,70.56955128556933
2011-04-26,99.2,held_out,81.13911921744464,94.03144947646618,81.72196075687786,80.92960149496564
2011-04-27,112.0,held_out,89.76928224517057,101.70219562281025,90.7568294340444,87.31685567357637
2011-04-28,124.0,held_out,104.74842692200588,117.17295728062732,105.83648238128917,99.38998247747173
2011-04-29,124.0,held_out,112.7535576374692,124.0765423532876,113.89643468843809,105.57854266477774
2011-04-30,112.0,held_out,114.98647500176585,123.34490256668751,116.00143082018954,105.47160958760092
2011-05-01,102.0,held_out,117.93806312637646,123.38413709948328,119.03092504963067,105.88001450540017
2011-05-02,103.0,held_out,126.9940815164854,131.4391051130469,128.50956263327907,113.76156631891317
2011-05-03,106.0,held_out,142.2778140803864,151.99737574139544,144.5562335071233,134.20888810951107
2011-05-04,111.0,held_out,158.77816941993927,165.80618986495116,155.35639084149028,148.30822943159055
2011-05-05,117.0,held_out,166.64620110241498,164.19275215828202,153.01051949352166,155.45826650339149
2011-05-06,120.0,held_out,168.38729146547243,163.1544991944143,153.66883987154768,154.12527597600453
2011-05-07,115.0,held_out,173.6367376920441,168.38526234325818,158.54198581145312,159.37785035517928
2011-05-08,103.0,held_out,173.12158954990554,165.11813103804283,157.8932191683505,157.0169063980222
2011-05-09,96.1,held_out,174.1607653542773,164.2261648073872,158.73777493876273,156.76716147075373
2011-05-10,94.0,held_out,173.25840444303816,160.56550622057867,157.72262707557803,153.98715690921827
2011-05-11,94.0,held_out,173.49495954330135,158.7306876021155,157.78696729766298,152.7823833248171
2011-05-12,90.9,held_out,172.61627527680773,155.323578102298,156.79298305760736,150.14761581128994
2011-05-13,90.9,held_out,170.3022220985304,149.94575441065885,154.42541926106776,145.6882290016724
2011-05-14,93.0,held_out,167.8754184982108,145.9061030650441,152.09360552311728,145.22572673186372
2011-05-15,100.0,held_out,165.4831968055255,146.70245892411955,149.7970020202079,156.6325328051489
2011-05-16,114.0,held_out,163.4736499857946,150.2481896602098,147.5350770800917,177.56880255613822
2011-05-17,140.0,held_out,164.1278752836029,159.24251924522787,147.6397672476248,152.12462221771068
2011-05-18,136.0,held_out,161.78905601428878,158.5771614241018,145.4104164115827,150.01727042962335
2011-05-19,126.0,held_out,163.13994554782747,161.69094121587904,146.33010311078937,152.86022097106994
2011-05-20,112.0,held_out,166.44896639013675,164.0646323422165,149.3761765985746,155.54663676603022
2011-05-21,107.0,held_out,164.0770716143225,157.72166150001422,147.1206060948209,150.6941306717957
2011-05-22,105.0,held_out,161.73897629638145,151.6239188860452,144.89909455825492,145.9930056416854
2011-05-23,106.0,held_out,159.43419879464707,147.98978785617737,142.71112770069817,143.13706940639398
2011-05-24,102.0,held_out,157.162264330838,145.77436856744077,140.55619899969003,141.6123265218546
2011-05-25,109.0,held_out,154.9227048922548,145.5909583436587,138.43380958122594,140.49400562753678
2011-05-26,107.0,held_out,153.44306164073373,147.0025907581256,136.3434681042661,140.5307151361995
2011-05-27,98.2,held_out,153.52105954821047,145.10251668987073,135.90302134246446,139.07259115137575
2011-05-28,99.2,held_out,151.33338721225635,141.3246498972169,133.85089460250342,136.1108588261853
2011-05-29,105.0,held_out,149.2051978263397,140.63230191956447,131.82975484219352,134.99681645977222
2011-05-30,98.2,held_out,149.73114998340478,139.56037751640756,131.8547854183782,134.17704336344343
2011-05-31,97.1,held_out,148.23693610008007,137.1111728582471,130.29660584862717,132.03806239009603
2011-06-01,98.2,held_out,146.19510014850812,132.3922198667489,128.3291356162006,128.08720474188678
2011-06-02,99.2,held_out,144.11182260216924,128.28831286257352,126.39137405569436,124.80722910712298
2011-06-03,100.0,held_out,142.05823172337716,125.48962679007205,124.4828725681041,126.25947269195068
2011-06-04,109.0,held_out,148.3378852204992,139.4816284684093,129.9197983731893,134.23736227550063
2011-06-05,111.0,held_out,152.65140064033295,143.94025950828666,133.95122818353482,138.56166205842618
2011-06-06,107.0,held_out,150.47612092816652,141.199889800672,131.9285733927089,140.2706168487529
2011-06-07,109.0,held_out,149.80187414515814,144.87633895654218,130.93902366083344,156.93842680480526
2011-06-08,117.0,held_out,151.72982361998777,153.87312349588748,132.63046164119393,158.14982049142182
2011-06-09,129.0,held_out,153.08055195775754,160.93742661178905,133.77441316159363,161.9775328540354
2011-06-10,128.0,held_out,152.95599595979843,165.4218416738929,133.5016237809853,161.37968643021543
2011-06-11,126.0,held_out,151.97221259518844,167.81439207280332,132.41047078474733,174.9283732990483
2011-06-12,132.0,held_out,153.8507456391285,175.90242485031524,134.06114237138127,234.71415622295936
2011-06-13,140.0,held_out,155.2066248191651,182.92021553530014,135.20990258041863,180.95197689257486
2011-06-14,136.0,held_out,155.59743382251483,187.8238574683261,135.43547098919726,190.50532661387015
2011-06-15,136.0,held_out,155.82442399194863,193.0759829858913,135.49787461190184,202.79103962051502
2011-06-16,140.0,held_out,154.72929979715843,197.27169074877924,134.27893734213546,194.13115296831742
2011-06-17,142.0,held_out,156.3579681586701,203.67342017529663,135.7004486642826,199.16284344046227
2011-06-18,141.0,held_out,157.8479518709381,209.6113828096402,136.9897591880859,202.71418452978492
2011-06-19,141.0,held_out,159.08189701244785,214.77940974514863,138.03545221129613,234.29859358186488
2011-06-20,135.0,held_out,158.75096593902762,216.14698111616588,137.5889253705132,206.25724754686544
2011-06-21,138.0,held_out,156.48876753111637,211.96015372784845,135.51134158991547,209.1527617177012
2011-06-22,139.0,held_out,154.25880540980964,203.76597230870632,133.46512918861865,203.8510397671896
2011-06-23,135.0,held_out,152.0606202086034,196.43086794117048,131.44981446084566,192.0976365357755
2011-06-24,138.0,held_out,149.8937591069581,189.4112002544036,129.4649308537457,186.18612170534627
2011-06-25,141.0,held_out,147.75777573701862,182.1020136101614,127.51001885938545,180.37777181735694
2011-06-26,147.0,held_out,146.5789140079713,182.60297654032922,125.5846259083715,178.25468620451525
2011-06-27,140.0,held_out,144.4901671210418,175.54328707917395,123.6883062650786,172.69376911162846
2011-06-28,138.0,held_out,142.43118483966407,168.8267394821713,121.82062092446029,167.30633300581923
2011-06-29,132.0,held_out,140.4015430187447,163.11297006116195,119.9811375104177,162.08696589255956
2011-06-30,124.0,held_out,138.40082355725002,159.85245122736484,118.16943017570271,158.20406868219217
2011-07-01,118.0,held_out,140.0912892706886,162.31830808414165,118.08442015644064,159.93508137483528
2011-07-02,114.0,held_out,138.09499091952074,156.85735907997918,116.30135312980563,155.15697529481344
2011-07-03,114.0,held_out,136.1271397839337,151.40167806288488,114.5452102987356,150.39694539819394
2011-07-04,116.0,held_out,134.18733049161733,145.54827495154126,112.81558510963728,145.70509149975996
2011-07-05,118.0,held_out,132.27516344680964,139.9211726872045,111.11207714784999,141.1596068839332
2011-07-06,117.0,held_out,130.39024474798103,134.5116221589075,109.43429204494831,136.7559253456794
2011-07-07,115.0,held_out,128.53218610669165,129.7870614692614,107.78184138744426,132.48962312944585
2011-07-08,110.0,held_out,126.70060476760496,127.96796966732978,106.15434262686811,128.80818150128195
2011-07-09,110.0,held_out,124.89512342964098,123.69515881905538,104.5514189912071,124.87098666272865
2011-07-10,110.0,held_out,123.11537016825339,122.25626531916292,102.97269939768114,122.57538938113859
2011-07-11,111.0,held_out,121.36097835881398,117.63808451146676,101.41781836683593,118.75146983943982
2011-07-12,112.0,held_out,119.63158660108883,113.09002970321079,99.88641593793301,115.04684309163066
2011-07-13,111.0,held_out,117.92683864479089,108.74763159354593,98.37813758561758,111.45778762356349
2011-07-14,111.0,held_out,116.2463833161933,108.34737234804749,96.89263413784447,108.7379406333964
2011-07-15,110.0,held_out,114.58987444578848,104.6232916873153,95.42956169504366,105.38504522829861
2011-07-16,109.0,held_out,112.95697079697807,100.57840718592173,93.98858155050607,102.0974037540525
2011-07-17,108.0,held_out,111.34733599577918,96.68990364297201,92.56936011197182,98.91232509068497
2011-07-18,107.0,held_out,109.76063846153201,92.95173514932948,91.17156882440239,95.82660964047294
2011-07-19,106.0,held_out,108.19655133859528,90.6169816236566,89.79488409391882,92.83715762184997
2011-07-20,105.0,held_out,106.65475242901469,90.69955640355894,88.43898721288859,91.22193883274836
2011-07-21,104.0,held_out,105.13492412615098,90.71241140198498,87.10356428614361,90.3674139427421
2011-07-22,104.0,held_out,103.63675334925381,87.24589280600657,85.78830615831228,87.54826956267452
2011-07-23,104.0,held_out,102.15993147896788,84.1456123560404,84.49290834224897,84.81707253762033
2011-07-24,105.0,held_out,100.70415429375814,80.89242391405902,83.21707094854395,82.17107922049696
2011-07-25,104.0,held_out,99.26912190724097,77.76500834059351,81.96049861609806,79.60763155632753
2011-07-26,102.0,held_out,97.85453870640829,74.75850307857502,80.72290044374544,77.12415441206943
2011-07-27,103.0,held_out,96.46011329073208,71.86823356427168,79.50398992290876,74.7181529897424
2011-07-28,104.0,held_out,95.0855584121366,69.08970595920016,78.30348487127151,72.38721032025839
2011-07-29,104.0,held_out,93.73059091582604,66.6965171194198,77.12110736745173,70.12898483543452
2011-07-30,103.0,held_out,92.3949316819553,64.91131086718505,75.95658368666214,67.94120801575117
2011-07-31,101.0,held_out,91.07830556813204,64.27827819127965,74.80964423734186,65.82168211149138
2011-08-01,99.7,held_out,89.78044135273812,63.015448614856474,73.680023498745,63.94287105514662
2011-08-02,99.7,held_out,88.50107167905854,61.28593293284551,72.56745995947152,62.031731571441156
2011-08-03,101.0,held_out,87.23993300020663,58.91653204442395,71.47169605692646,60.09656047584807
2011-08-04,102.0,held_out,85.99676552483423,56.63873554711454,70.39247811769322,58.22175988861176
2011-08-05,104.0,held_out,84.7713131636151,54.4490018855342,69.32955629880718,56.40544646293795
2011-08-06,104.0,held_out,83.56332347649138,52.34392642584237,68.2826845299162,54.64579560580544
2011-08-07,105.0,held_out,82.37254762067141,50.320236162160434,67.25162045631431,52.941039645055696
2011-08-08,104.0,held_out,81.19874029936891,48.37478462764841,66.23612538283584,51.28946605366289
2011-08-09,103.0,held_out,80.04165971127232,46.50454700232668,65.23596421859646,49.68941572940036
2011-08-10,98.7,held_out,78.90106750073447,44.706615410036264,64.25090542256885,48.13928132817538
2011-08-11,95.8,held_out,77.77672870867185,42.978194397225174,63.280720949980065,46.637505649358154
2011-08-12,94.8,held_out,76.66841172416368,41.316596586531425,62.325186199518335,45.182580071482654
2011-08-13,94.8,held_out,75.5758882367406,39.719238498404536,61.38407996133703,43.77304303674819
2011-08-14,94.8,held_out,74.49893318935337,38.18363653426915,60.4571843658437,42.40747858279918
2011-08-15,95.8,held_out,73.43732473201163,36.70740311498516,59.54428483326255,41.084514920308116
2011-08-16,94.8,held_out,72.39084417608339,35.28824296860056,58.645170023958364,39.80282305493309
2011-08-17,93.8,held_out,71.35927594924574,33.92394956162482,57.75963178951057,38.5611154522652
2011-08-18,93.8,held_out,70.34240755107749,32.612401668274515,56.8874651245262,37.358144744424976
2011-08-19,92.9,held_out,69.34002950928459,31.40945184210186,56.028468119180275,36.192702477008446
2011-08-20,92.0,held_out,68.35193533654947,30.455736514222966,55.18244191247299,35.063617895124025
2011-08-21,92.0,held_out,67.3779214879951,32.33972778101601,54.34919064619265,33.969756767300794
2011-08-22,91.0,held_out,66.41778731925528,32.28076367801198,53.52852141957376,32.91002024608667
2011-08-23,90.1,held_out,65.47133504514241,31.032743676074208,52.72024424463974,31.883343764191856
2011-08-24,91.0,held_out,64.53836969890426,29.83297389339311,51.92417200222008,30.88869596506887
2011-08-25,91.0,held_out,63.6186990920613,29.172385226266346,51.14012039863151,29.92507766685448
2011-08-26,88.4,held_out,62.71213377481643,30.425194378266877,50.367907923013306,28.99152085863318
2011-08-27,85.8,held_out,61.81848699702866,29.2815870433844,49.60735580530689,28.087087728013614
2011-08-28,85.0,held_out,60.93757466974322,28.24832756614653,48.8582879748699,27.210869719041206
2011-08-29,79.1,held_out,60.069215327269596,28.263617402603185,48.12053101971516,26.36198661950057
2011-08-30,76.6,held_out,59.21323008980012,27.910856555984985,47.39391414636515,25.802230546853764
2011-08-31,74.1,held_out,58.369442626561145,27.170714442798023,46.6782691403127,25.069514213699463
2011-09-01,71.6,held_out,57.53767911948938,27.033951866999796,45.973430327078724,24.476445190643172
2011-09-02,70.8,held_out,56.71776822742584,25.988781034055098,45.279234533857945,23.712866485746787
2011-09-03,70.8,held_out,55.909541050819925,24.984017984456784,44.595521051743745,22.973108741534443
2011-09-04,71.6,held_out,55.11283109693662,24.08517660271631,43.92213159852352,22.25642882810443
2011-09-05,72.4,held_out,54.327474245559365,23.15400959408485,43.258910282035735,21.56210679858524
2011-09-06,73.2,held_out,53.553308715181764,22.258842819633358,42.60570356408029,20.88944516590685
2011-09-07,74.1,held_out,52.790175029680945,21.398284459367137,41.96236022487387,20.237768202134156
2011-09-08,74.9,held_out,52.03791598546595,20.570996503021952,41.32873132804202,19.606421259658774
2011-09-09,72.4,held_out,51.296376619094126,19.7756926697037,40.7046701861398,18.994770113567256
2011-09-10,74.9,held_out,50.56540417534913,19.011136407957785,40.0900323266931,18.402200324525065
2011-09-11,74.9,held_out,49.84484807577366,18.27613897315856,39.48467545875272,17.828116621536356
2011-09-12,74.9,held_out,49.13455988765075,17.56955757922975,38.88845943995349,17.271942303959456
2011-09-13,74.9,held_out,48.43439329342697,16.890293621821833,38.30124624407084,16.73311866217735
2011-09-14,74.9,held_out,47.7442040605714,16.237290970184013,37.72289992906709,16.21110441634123
2011-09-15,71.6,held_out,47.06385001186408,15.609534325074765,37.153286605620515,15.705375172623194
2011-09-16,68.3,held_out,46.39319099610789,16.67299465734991,36.592274406129356,15.215422896432049
2011-09-17,64.9,held_out,45.732088859257736,16.33761395198457,36.039733454184045,14.740755402062819
2011-09-18,61.6,held_out,45.08040741596117,15.90250864249147,35.495535834500295,14.280895858267455
2011-09-19,58.3,held_out,44.438012421504595,15.287695155896786,34.95955556330626,13.835382309249946
2011-09-20,55.0,held_out,43.804771544159145,14.696651228671412,34.43166855917681,13.403767210604741
2011-09-21,51.7,held_out,43.180554337920704,19.274329196764334,33.911752614308234,13.618065332563129
2011-09-22,48.4,held_out,42.56523221563839,18.922502369497526,33.39968736622665,13.313200392052046
2011-09-23,45.0,held_out,41.95867842252589,18.190931652044718,32.895354269923686,12.897875526279657
2011-09-24,41.7,held_out,41.36076801005032,17.55266133792091,32.39863657041285,12.495507330507657
2011-09-25,38.4,held_out,40.77137781019315,17.736087763440395,31.909419275700287,12.105691602360185
2011-09-26,38.4,held_out,40.19038641007788,18.77778877007359,31.427589130163767,12.848766969462428
2011-09-27,37.6,held_out,39.61767412695932,18.21915595943358,30.953034588333534,12.514068298661291
2011-09-28,36.8,held_out,39.05312298356926,17.823597162011755,30.485645789069142,12.28140386024265
2011-09-29,36.8,held_out,38.49661668381343,21.735294103468636,30.025314530126185,13.52536186905007
2011-09-30,36.0,held_out,37.94804058881479,23.097995422746877,29.57193424310706,14.795622291680788
2011-10-01,35.1,held_out,37.40728169329828,23.796124670051256,29.125399968790028,15.4817009686057
2011-10-02,35.1,held_out,36.87422860231193,24.80539724772186,28.68560833283073,16.470629032331118
2011-10-03,34.3,held_out,36.34877150827986,26.187181243506142,28.252457521830642,17.814369541908285
2011-10-04,35.5,held_out,35.83080216838216,28.769437765437964,27.825847259766906,19.73900132013681
2011-10-05,35.1,held_out,35.32021388225714,32.11938947422752,28.333466335175718,22.73093141232217
2011-10-06,33.5,held_out,34.8169014700214,33.801353726933165,29.525841567070493,24.421731389116662
2011-10-07,33.5,held_out,34.32076125060292,32.49454556202843,29.080003289149104,23.659859561725742
2011-10-08,33.5,held_out,33.83169102038312,31.238260449947482,28.640897140085357,22.921755446464793
2011-10-09,32.0,held_out,33.34959003214314,30.0305450979767,28.2084214651735,22.20667757459907
2011-10-10,30.5,held_out,32.874358974310184,28.86952173046269,27.782476144687198,21.51390760860147
2011-10-11,30.5,held_out,32.40589995049958,27.753385169215967,27.362962570701423,20.84274962054052
2011-10-12,29.7,held_out,31.94411645934836,27.911730587371487,26.949783624264388,21.227614819039225
2011-10-13,29.7,held_out,31.488913374636276,27.015366456550872,26.542843652914126,20.656212916483547
2011-10-14,29.0,held_out,31.040196925689955,27.127494657968693,26.142048448534588,20.48715612395172
2011-10-15,29.0,held_out,30.59787467806649,29.27771326204039,25.747305225546118,20.91276322085407
2011-10-16,28.3,held_out,30.161855514512073,30.235115668369286,25.836760562231035,21.774399049064936
2011-10-17,28.3,held_out,29.732049616192153,29.998598925715154,25.736604402384433,21.678370855611995
2011-10-18,27.6,held_out,29.308368444188943,29.75165080801007,25.64174311314731,21.5806540381036
2011-10-19,27.6,held_out,28.890724721262647,30.11264974609046,25.952515482695183,22.035526951476726
2011-10-20,26.9,held_out,28.479032413872567,31.037558791394133,26.662171326839022,23.01726398137549
2011-10-21,26.9,held_out,28.0732067144544,29.8588535049998,26.259574282382204,22.299206580300122
2011-10-22,26.9,held_out,27.67316402395012,28.825467586389056,25.86305642698386,21.60355003588854
2011-10-23,26.9,held_out,27.278821934586766,29.34707615149358,25.71684287017139,21.960868570712016
2011-10-24,26.9,held_out,26.890099212900655,29.716329646229894,25.32852022362575,22.541242743886297
2011-10-25,25.5,held_out,26.506915783003524,29.000124702679518,24.946061223663065,22.148596055420025
2011-10-26,25.5,held_out,26.129192710087047,27.87893884572018,24.569377329603174,21.457638027832918
2011-10-27,25.5,held_out,25.756852184162515,26.801099620498928,24.198381337724392,20.78823545209894
2011-10-28,26.2,held_out,25.38981750403215,30.83172225071401,23.832987361075528,24.462829562732416
2011-10-29,25.5,held_out,25.028013061488856,29.639724240788038,23.473110809592754,23.699675617373035
2011-10-30,24.1,held_out,24.67136432574115,28.493810560634934,23.11866837051666,22.960329381699232
2011-10-31,24.1,held_out,24.319797828059954,27.392199524855123,22.76957798910507,22.244048139193712
2011-11-01,24.1,held_out,23.973241146644288,26.3331783305277,22.425758849637045,21.550112343473206
2011-11-02,23.6,held_out,23.631622891702516,26.26409084975497,22.087131356703757,21.64898659146723
2011-11-03,23.6,held_out,23.294872690746253,25.248683933110936,21.753617116781843,20.973614615876954
2011-11-04,23.1,held_out,22.962921174093804,24.272534084692357,21.42513892008503,20.319311862325584
2011-11-05,23.1,held_out,22.635699960580194,23.33412357069184,21.10162072268975,19.68542104544538
2011-11-06,23.1,held_out,22.31314164347081,22.431993335038612,20.782987628930726,19.071305384852344
2011-11-07,23.1,held_out,21.995179776575807,22.963945356581867,20.46916587406234,19.552031373536245
2011-11-08,24.8,held_out,21.681748860562344,30.099866442734836,20.160082807181798,25.729417752441158
2011-11-09,23.6,held_out,21.37278432946189,28.93616301394092,19.855666874410186,24.92675072574982
2011-11-10,23.1,held_out,21.06822253736981,27.81745000637572,19.5558476023275,24.149124077427576
2011-11-11,23.1,held_out,20.76800074533446,26.74198802669188,19.26055558165776,23.395756636044652
2011-11-12,23.1,held_out,20.472057108433127,25.70810492895015,18.969722451200525,22.665891599962897
2011-11-13,22.6,held_out,20.180330663032137,24.714193214739407,18.683280882005004,21.95879577708427
2011-11-14,23.6,held_out,19.892761314228505,23.758707533811766,18.401164561783173,21.273758848316525
2011-11-15,22.1,held_out,19.609289823470522,22.840162281346636,18.12330817955821,20.61009265401617
2011-11-16,22.1,held_out,19.329857796354773,21.957129288107954,17.849647410544794,19.967130502691838
2011-11-17,23.1,held_out,19.05440767059705,21.108235599903242,17.58011890125764,19.34422650127373
2011-11-18,26.2,held_out,18.782882704174664,20.292161342891845,17.314660254844952,18.740754906276294
2011-11-19,24.8,held_out,18.515226963637705,22.903873195437107,17.05321001664333,21.04501099209598
2011-11-20,24.1,held_out,18.25138531258694,22.01837704810704,16.795707659950764,20.388480923586776
2011-11-21,24.1,held_out,17.991303400315825,21.16711543483354,16.542093572014487,19.752432276114533
2011-11-22,42.6,held_out,17.734927650614406,32.90320406483732,16.292309040230414,31.432820174320764
2011-11-23,35.1,held_out,17.482205250732754,38.789280224786985,16.046296238550934,45.47797586106505
2011-11-24,33.5,held_out,17.233084140501685,46.73240417598688,15.803998214097982,41.87343796578601
2011-11-25,24.1,held_out,16.987513001608477,49.05898364812932,15.56535887397823,43.961757065514924
2011-11-26,23.1,held_out,16.745441247025454,48.238835971292104,15.330322972297358,43.4465201944144
2011-11-27,22.1,held_out,16.50681901058916,46.37385431339611,15.098836097370464,42.09114210074467
2011-11-28,21.6,held_out,16.271597136728083,44.580975485393395,14.870844659125515,40.77804702004306
2011-11-29,21.6,held_out,16.03972717033671,42.85741188985287,14.646295876697062,39.50591587153497
2011-11-30,21.6,held_out,15.811161346793927,41.20048370180462,14.425137766207287,38.27347072511053
2011-12-01,23.1,held_out,15.58585258212359,39.60761470210412,14.207319128731521,37.07947351756908
2011-12-02,25.5,held_out,15.363754463295377,38.07632827188436,13.992789538445512,35.922724808912285
2011-12-03,24.1,held_out,15.144821238663818,36.60424354186825,13.781499330951657,34.80206257743661
2011-12-04,23.1,held_out,14.92900780854356,35.189071690553895,13.573399591781516,33.71636105241448
2011-12-05,24.1,held_out,14.716269715918957,33.82861238551747,13.368442145071922,32.66452958319184
2011-12-06,23.6,held_out,14.506563137286038,32.52075036230013,13.166579542412096,31.64551154356581
2011-12-07,23.1,held_out,14.299844873624973,31.263452135560186,12.967765051859153,30.658283270341855
2011-12-08,23.1,held_out,14.096072341501188,30.054762837376696,12.7719526471195,29.70185303500428
2011-12-09,23.1,held_out,13.895203564293285,28.892803177788743,12.579096996893565,28.775260047466976
2011-12-10,23.1,held_out,13.697197163545965,27.77576652284451,12.38915345438144,27.877573490903576
2011-12-11,21.6,held_out,13.502012350446174,26.70191608561724,12.202078046946973,27.00789158668754
2011-12-12,22.6,held_out,13.30960891742071,25.669582225820317,12.017827465937945,26.16534068850285
2011-12-13,22.6,held_out,13.119947229853564,24.67715985382323,11.836359056659958,25.349074404715154
2011-12-14,22.6,held_out,12.932988217921292,23.723105935031807,11.65763080850171,24.558272748121908
2011-12-15,21.6,held_out,12.74869336854473,22.805937090752728,11.48160134520938,23.792141312227297
2011-12-16,21.6,held_out,12.567024717455404,21.924227291811974,11.308229915307884,23.04991047321449
2011-12-17,21.1,held_out,12.387944841374978,21.076605641341267,11.13747638266674,22.33083461681345
2011-12-18,20.1,held_out,12.211416850306158,20.261754243285107,10.969301217208418,21.63419138928791
2011-12-19,20.1,held_out,12.037404379933456,19.478406153314378,10.803665485756975,20.959280971788722
2011-12-20,20.1,held_out,11.865871584132211,18.725343408960455,10.640530843024873,20.30542537734497
2011-12-21,20.1,held_out,11.696783127584405,18.001395135907224,10.479859522735921,19.67196776978641
2011-12-22,19.6,held_out,11.530104178499665,17.30543572749644,10.321614328882223,19.058271803913097
2011-12-23,19.6,held_out,11.365800401439994,16.636383094616036,10.165758627113172,18.4637209862495
2011-12-24,19.6,held_out,11.203837950246786,15.993196983250195,10.012256336254463,17.8877180557407
2011-12-25,19.6,held_out,11.044183461068569,15.374877357075343,9.86107191995516,17.329684383768775
2011-12-26,20.1,held_out,10.886804045488162,14.780462842587255,9.712170378460911,16.78905939288653
2011-12-27,20.6,held_out,10.731667283747738,14.209029234341749,9.56551724051136,16.26529999368466
2011-12-28,20.1,held_out,10.578741218070432,13.659688057984884,9.421078555359937,15.757880039226704
2011-12-29,20.1,held_out,10.427994346077128,13.131585188838466,9.278820884914117,15.266289796503669
2011-12-30,19.6,held_out,10.27939561429704,12.62389952389296,9.138711295994394,14.790035434377451
2011-12-31,19.6,held_out,10.13291441177079,12.135841705143072,9.000717352710117,14.328638527498557
2012-01-01,19.6,held_out,9.988520563744613,11.666652892280954,8.864807108950464,13.88163557569989
2012-01-02,19.6,held_out,9.846184325454443,11.215603582838826,8.730949100988799,13.448577538383734
2012-01-03,19.1,held_out,9.705876375998573,10.781992477946593,8.599112340198703,13.029029383434203
2012-01-04,19.1,held_out,9.567567812297609,10.365145391940834,8.469266305879987,12.622569650202077
2012-01-05,19.1,held_out,9.431230143140526,9.964414204129852,8.341380938193046,12.228790026122915
2012-01-06,18.6,held_out,9.296835283315536,9.579175851085017,8.215426631199882,11.84729493654323
2012-01-07,18.6,held_out,9.164355547824623,9.208831357891489,8.091374226010233,11.477701147342607
2012-01-08,18.6,held_out,9.033763646180484,8.852804906852207,7.969195004031161,11.119637379952644
2012-01-09,18.6,held_out,8.905032676784776,8.510542942197075,7.848860680318623,10.772743938385913
2012-01-10,18.6,held_out,8.778136121386446,8.181513309405364,7.730343397029368,10.436672347900315
2012-01-11,18.6,held_out,8.653047839619042,7.865204427803129,7.613615716971762,10.111085004935822
2012-01-12,18.6,held_out,8.529742063615862,7.561124495149184,7.498650617253973,9.795654837971972
2012-01-13,18.1,held_out,8.408193392701843,7.268800722972894,7.385421483028066,9.490064978965401
2012-01-14,18.1,held_out,8.288376788161083,6.987778601474912,7.273902101328574,9.194008445037387
2012-01-15,18.1,held_out,8.170267568078932,6.717621192847877,7.164066655004091,8.90718783009156
2012-01-16,18.1,held_out,8.05384140225758,6.457908451918336,7.055889716740517,8.62931500605214
2012-01-17,18.1,held_out,7.939074307204095,6.208236573053622,6.949346243174525,8.360110833422404
2012-01-18,18.2,held_out,7.825942641189893,5.96821736231822,6.844411569095943,8.099304880872756
2012-01-19,18.2,held_out,7.71442309938059,5.737477633903462,6.7410614017376576,7.846635153576657
2012-01-20,18.2,held_out,7.604492709035278,5.515658629892121,6.639271815151751,7.601847830021479
2012-01-21,18.2,held_out,7.496128824774193,5.302415462455692,6.539019244670558,7.364697007029988
2012-01-22,18.2,held_out,7.389309123913821,5.097416577617155,6.440280481451352,7.1349444527362
2012-01-23,18.3,held_out,7.2840116018684915,4.900343239745393,6.343032667103418,6.912359367267554
2012-01-24,18.3,held_out,7.180214567617483,4.710889035979807,6.247253288396242,6.696718150892953
2012-01-25,18.3,held_out,7.077896639236726,4.528759399814575,6.152920172047625,6.4878041794037555
2012-01-26,18.3,held_out,6.977036739494186,4.353671153101808,6.060011479590474,6.285407586502093
2012-01-27,18.3,held_out,6.877614091508005,4.185352065761519,5.968505702317128,6.089325052977908
2012-01-28,18.3,held_out,6.77960821446652,4.023540432513824,5.878381656300001,5.899359602462918
2012-01-29,18.4,held_out,6.682998919409262,3.8679846659752837,5.789618477487433,5.715320403556345
2012-01-30,18.4,held_out,6.5877663050680875,3.718442905486704,5.702195616873575,5.537022578123601
2012-01-31,18.4,held_out,6.493890753767566,3.574682641064211,5.616092835741227,5.364287015575413
2012-02-01,18.4,held_out,6.4013529273837895,3.4364803518889184,5.531290200976499,5.196940192940752
2012-02-02,18.4,held_out,6.310133763360765,3.3036211587730873,5.447768080454212,5.034814000552871
2012-02-03,18.8,held_out,6.220214470783583,3.1758984900624325,5.365507138492997,4.877745573173311
2012-02-04,18.8,held_out,6.131576526507529,3.053113760455132,5.284488331379009,4.72557712638425
2012-02-05,18.4,held_out,6.044201671342371,2.9350760622381324,5.204692902957239,4.578155798084835
2012-02-06,18.4,held_out,5.95807190629101,2.8216018684607085,5.1261023802893915,4.435333494932257
2012-02-07,18.0,held_out,5.873169488841726,2.712514747583746,5.048698569377331,4.296966743573339
2012-02-08,18.0,held_out,5.7894769293132775,2.6076450891610876,4.972463550951108,4.162916546517157
2012-02-09,18.0,held_out,5.706976987252063,2.5068298401264255,4.897379676320574,4.0330482425039405
2012-02-10,18.4,held_out,5.6256526678806384,2.409912251275723,4.823429563289651,3.90723137122996
2012-02-11,18.0,held_out,5.5454872185968265,2.316741633550975,4.7505960921322865,3.785339542292529
2012-02-12,18.0,held_out,5.466464125522733,2.227173123746387,4.678862401629168,3.6672503082234527
2012-02-13,18.0,held_out,5.388567110102927,2.141067459272686,4.608211885164297,3.5528450414833865
2012-02-14,18.0,held_out,5.311780125751098,2.0582907616293626,4.538628186880489,3.442008815293544
2012-02-15,18.0,held_out,5.236087354544503,1.978714328248175,4.470095197892937,3.33463028818502
2012-02-16,18.0,held_out,5.161473203965512,1.9022144323842902,4.402597052559937,3.230601592149783
2012-02-17,18.4,held_out,5.0879223036895915,1.8286721307439067,4.336118124809941,3.1298182242809505
2012-02-18,18.4,held_out,5.015419502419057,1.7579730785492682,4.270643024524059,3.0321789417935108
2012-02-19,18.0,held_out,4.943949864761941,1.6900073517535283,4.206156593973192,2.9375856603200288
2012-02-20,18.4,held_out,4.873498668155345,1.6246692761290367,4.142643904308958,2.8459433553791613
2012-02-21,18.4,held_out,4.804051399832624,1.5618572629633163,4.080090252107609,2.7571599669180125
2012-02-22,17.6,held_out,4.735593753833801,1.5014736511072648,4.018481155966138,2.6711463068324286
2012-02-23,17.6,held_out,4.6681116280585675,1.4434245551299973,3.957802353149772,2.5878159693723317
2012-02-24,17.6,held_out,4.601591121361292,1.387619719344238,3.8980397962901074,2.5070852443420937
2012-02-25,18.0,held_out,4.536018530687417,1.3339723774752945,3.839179650133079,2.428873033008751
2012-02-26,18.0,held_out,4.471380348250667,1.2823991177554308,3.781208288336058,2.3531007666335855
2012-02-27,18.8,held_out,4.407663258750479,1.2328197532338818,3.724112290313296,2.279692327545231
2012-02-28,19.3,held_out,4.344854136629081,1.1851571971008656,3.6678784381290144,2.2085739726750293
2012-02-29,19.3,held_out,4.282940043367665,1.1393373428317466,3.6124937134373996,2.1396742594777987
2012-03-01,18.0,held_out,4.221908224821081,1.0952889489649933,3.5579452944688095,2.0729239741636243
2012-03-02,17.0,held_out,4.16174610859052,1.0529435283347868,3.504220553061485,2.0082560621685603
2012-03-03,18.4,held_out,4.102441301433627,1.0122352415860492,3.4513070517380853,1.9456055607943992
2012-03-04,18.4,held_out,4.043981586711532,2.216014469607857,3.399192540826364,2.9210562250677485
2012-03-05,17.2,held_out,3.986354921872247,2.130340214492946,3.3478649556233244,2.8299295801691904
2012-03-06,18.0,held_out,3.9295494359699297,2.047978247312146,3.297312413602197,2.7416457649769583
2012-03-07,17.6,held_out,3.8735534272195076,1.9688005103269461,3.2475232116615906,2.656116093237451
2012-03-08,17.6,held_out,3.818355360586132,1.8926838966922146,3.198485823416179,2.573254645395179
2012-03-09,18.0,held_out,3.763943865408994,1.81951005904765,3.1501888965283023,2.4929781822815498
2012-03-10,18.0,held_out,3.710307733058997,1.7491652255093657,3.1026212500798556,2.415206061496249
2012-03-11,17.2,held_out,3.657435914629806,1.6815400227754964,3.055771871983868,2.339860156397244
2012-03-12,17.2,held_out,3.6053175186618045,1.6165293060707933,3.009629916435162,2.2668647776179975
2012-03-13,17.2,held_out,3.5539418088984776,1.5540319956658004,2.964184701399508,2.196146597033079
2012-03-14,17.2,held_out,3.503298202074773,1.4939509197164338,2.9194257061406983,2.127634574095771
2012-03-15,17.6,held_out,3.453376265736976,1.4361926631796025,2.8753425687849505,2.06125988447369
2012-03-16,18.8,held_out,3.4041657160936487,4.1363182954684445,2.831925083922102,4.37669294899078
2012-03-17,16.5,held_out,3.3556564158971955,9.146671764759844,2.7891632002430153,8.753584377742326
2012-03-18,18.0,held_out,3.3078383723556186,8.793048491548522,2.7470470182126636,8.480503439301444
2012-03-19,18.0,held_out,3.2607017350740244,8.453096794465958,2.705566787778353,8.215941662351637
2012-03-20,18.4,held_out,3.2142367940254704,8.126288111033372,2.6647129061125483,7.959633279121179
2012-03-21,19.3,held_out,3.168433977550723,7.812114313745336,2.6244759153897808,7.71132081285484
2012-03-22,21.5,held_out,3.12328385038652,7.510086920024799,2.5848465005971293,7.470754819163437
2012-03-23,22.0,held_out,3.0787771117219314,7.219736332722356,2.545815487377759,7.237693635442366
2012-03-24,22.0,held_out,3.034904593282415,6.940611109978887,2.5073738399070242,7.01190313810738
2012-03-25,23.2,held_out,2.9916572574411773,6.672277263316354,2.4695126588006393,6.793156507403764
2012-03-26,22.6,held_out,2.949026195357442,6.414317582865379,2.4322231790544406,6.581233999552636
2012-03-27,23.9,held_out,2.9070026251412555,6.1663309886805,2.395496768015254,6.3759227260054665
2012-03-28,25.3,held_out,2.865577890044436,7.002672575640262,2.359324923382406,6.95606588373659
2012-03-29,28.0,held_out,2.8247434566773095,13.310702945564742,2.3236992712394047,11.937159150456383
2012-03-30,31.4,held_out,2.7844909132508495,21.337041535372546,2.2886115641153513,18.742717501943517
2012-03-31,40.0,held_out,2.744811967843873,29.005373916534815,2.2540536790756196,24.95860561621086
2012-04-01,43.2,held_out,2.7056984466949245,43.39560472442715,6.312279608880047,36.75429634017888
2012-04-02,63.3,held_out,2.667142292518502,52.60808925905179,6.216964599342095,44.532409897734524
2012-04-03,60.6,held_out,2.629135562845276,58.01507469889304,6.123088840218595,49.02540652554501
2012-04-04,65.2,held_out,2.5916704283859633,70.33586116691576,9.165728165824579,58.94095416816604
2012-04-05,69.8,held_out,2.5547391714185115,78.54706464483542,10.229740294737999,65.63318759430031
2012-04-06,70.7,held_out,3.1550869088711,85.4986215814868,10.698537255096095,71.50933006382947
2012-04-07,75.7,held_out,3.860966004691434,82.43434383713463,11.259571547627536,77.25664163188344
2012-04-08,75.7,held_out,3.805947308602573,79.24731545758497,11.089552753158165,76.54461030349215
2012-04-09,78.8,held_out,3.751712627942918,76.18350210491931,10.922101231373244,74.15668861195982
2012-04-10,77.8,held_out,4.4778537484337475,73.23814011184568,11.48324144764655,71.84326164947875
2012-04-11,78.8,held_out,4.414044413097439,71.57437371527153,11.309845252305443,70.30100796461319
2012-04-12,80.9,held_out,4.351144359641426,68.88268102974274,11.139067328181213,68.10786463042304
2012-04-13,84.2,held_out,4.289140630815275,66.21957911029294,10.9708681395496,65.98313962796895
2012-04-14,84.2,held_out,4.228020454009142,63.6594364794097,10.805208747673214,63.92469854677052
2012-04-15,84.2,held_out,4.964346166663265,61.198272585306825,11.415913664999778,61.93047356242131
2012-04-16,85.3,held_out,5.495212161977747,58.83226076996285,11.809656073709792,59.998461359338386
2012-04-17,88.8,held_out,8.595305364248269,59.573732141210314,14.925106639026499,60.10526144637568
2012-04-18,93.8,held_out,14.41795839614412,63.7637006927189,20.917474792540638,63.285781990178585
2012-04-19,98.8,held_out,22.71609899423412,71.00010872691965,29.52239771411083,68.9381590959877
2012-04-20,106.0,held_out,32.234189551977224,79.63749857045518,39.410871321402325,75.76005131131355
2012-04-21,111.0,held_out,42.601015879818775,89.48353132245936,50.1801344045042,83.52573409418505
2012-04-22,127.0,held_out,53.08608122009996,99.35706282253916,61.04370299376797,91.41080936429468
2012-04-23,139.0,held_out,60.40240218162312,104.27777383506083,68.46654489230121,95.54224790292254
2012-04-24,139.0,held_out,65.55669766739793,106.67535084600787,73.67498787958382,97.6065794277604
2012-04-25,139.0,held_out,70.99811227697677,109.25814575139815,79.13356338697832,99.87713421121984
2012-04-26,137.0,held_out,76.75217353195873,112.30819910109281,84.89757058269946,102.42646498181574
2012-04-27,136.0,held_out,81.65504445763005,114.62925547332937,89.76302637272141,104.12701159180118
2012-04-28,136.0,held_out,87.99911214153342,119.14340514222881,95.96492356832402,106.96213327542516
2012-04-29,128.0,held_out,90.9410096470326,119.29149700858159,98.60223656045177,107.1771346672318
2012-04-30,116.0,held_out,89.6451018960437,116.22322375239332,97.11334923280529,105.10219910846136
2012-05-01,110.0,held_out,88.36766080718658,111.72986946314904,95.646944006496,101.82338143490148
2012-05-02,108.0,held_out,90.30924842698427,110.63180861861919,97.40025437254936,101.10731839149537
2012-05-03,104.0,held_out,90.68802178267866,107.20377751845601,97.43166210975568,98.30285409665115
2012-05-04,103.0,held_out,89.3957191042043,104.88320863443286,95.96045037980863,96.75067109552924
2012-05-05,106.0,held_out,92.08276692283629,104.82055634532038,98.61636677484658,96.78388381479591
2012-05-06,110.0,held_out,100.06743270907634,111.78246628702337,106.6078656593629,102.48792231083556
2012-05-07,114.0,held_out,108.94163592372192,120.91110387874386,115.02776199654171,110.912592304539
2012-05-08,119.0,held_out,111.04539734553066,119.85583514364129,117.0250442182639,110.11443310089959
2012-05-09,128.0,held_out,115.13339947194115,121.32970532894534,121.1323307637058,111.38599627739478
2012-05-10,137.0,held_out,121.21776586286673,125.33857423195604,127.33569157774978,114.6609345130379
2012-05-11,141.0,held_out,128.98429365905568,131.60719012145506,135.21712531893812,119.73660962451184
2012-05-12,139.0,held_out,137.93065565011185,139.69234825821692,144.13207287808714,126.7499203550659
2012-05-13,136.0,held_out,143.7448159926714,143.33375258981803,149.91710379896753,129.97307283013996
2012-05-14,132.0,held_out,148.97288869271034,146.1634745601886,155.10335445916076,132.52840004294325
2012-05-15,127.0,held_out,153.87151647952138,148.41972895606278,160.0107545425956,134.52555705490957
2012-05-16,125.0,held_out,160.37098644459462,152.6325178339289,166.62908576619716,138.05427914509497
2012-05-17,127.0,held_out,168.27317867121,158.65939935734943,174.67571613281078,143.1252556382575
2012-05-18,134.0,held_out,178.25646986040172,168.49312153852583,184.8359624926345,151.40433859677992
2012-05-19,122.0,held_out,186.60258033916227,175.3720792296968,193.06657532745103,157.66292212558176
2012-05-20,132.0,held_out,193.14295232085175,179.68566119358553,199.48209707204398,161.75141454317614
2012-05-21,128.0,held_out,198.04872314773658,181.58358944952641,204.3252962318295,163.6808520159184
2012-05-22,125.0,held_out,203.62791942628277,184.57313733463167,209.7691399990432,166.65141639498978
2012-05-23,125.0,held_out,210.09678669610443,188.52834049928492,216.21555378486715,170.2931663940397
2012-05-24,132.0,held_out,218.2950072299817,194.4051115345908,224.5838403650436,175.808128952841
2012-05-25,141.0,held_out,231.7744051554307,211.5661661051268,238.63925525543183,194.85043064051845
2012-05-26,148.0,held_out,247.17522558506838,209.7161035236796,235.0358180979899,206.92203842240832
2012-05-27,155.0,held_out,252.50411106088762,206.71838974207077,231.48679260611297,211.51834013935803
2012-05-28,157.0,held_out,250.7203178686351,206.14412223965527,228.4497901916288,210.80432414152176
2012-05-29,161.0,held_out,248.7352957646988,205.96247719569647,226.3167379623824,209.1267627508621
2012-05-30,169.0,held_out,246.56856906116235,203.62793152603192,224.02924416189498,206.93228980981223
2012-05-31,171.0,held_out,243.3453367659538,199.33003858147651,220.73421773559295,204.36435573232933
2012-06-01,177.0,held_out,239.87767009603257,196.8255584667064,217.40114547446836,201.87485221869315
2012-06-02,181.0,held_out,236.45941761375707,194.54345853201326,214.11840238664482,199.96165005668053
2012-06-03,186.0,held_out,233.0898751678427,193.21179918614868,210.88522850489483,202.97966853288776
2012-06-04,192.0,held_out,229.76834864114772,192.32596683637323,207.7008753374464,204.95438316841452
2012-06-05,197.0,held_out,226.49415380768738,193.27652615564526,204.56460569470443,197.07639405683287
2012-06-06,190.0,held_out,225.5594706636339,195.826595006931,202.3672759698356,198.48118178975537
2012-06-07,199.0,held_out,222.34525226561448,193.95921190678814,199.31154332895272,204.5947902950045
2012-06-08,212.0,held_out,219.17683642192705,193.7267119297791,196.30195205123147,206.8030508259153
2012-06-09,221.0,held_out,216.05357044699656,194.32804983268224,193.3378054051038,197.9501480437466
2012-06-10,214.0,held_out,212.9748109560058,193.97676074956135,190.41841717960287,191.7756211522509
2012-06-11,205.0,held_out,209.9399237323594,190.46090935137042,187.54311152550244,189.102998624767
2012-06-12,197.0,held_out,206.94828359703726,189.56520474405616,184.71122279885557,187.28109417176614
2012-06-13,183.0,held_out,205.29805976393334,188.93688463329013,181.92209540689527,186.0612298830752
2012-06-14,171.0,held_out,204.31926900291168,187.42604729210507,180.57591282313402,185.253357250107
2012-06-15,171.0,held_out,201.40772309634062,185.0526753502102,177.84922834153275,190.279601505703
2012-06-16,175.0,held_out,198.53766666654502,184.795716405262,175.1637166173938,202.25886448416455
2012-06-17,181.0,held_out,195.70850848922737,187.42543523577118,172.51875594477042,210.03423727081108
2012-06-18,194.0,held_out,192.91966576502585,189.6804805831349,169.91373400543512,226.2315951600071
2012-06-19,205.0,held_out,190.17056399945912,193.22677474786897,167.34804772712553,244.88220148668375
2012-06-20,210.0,held_out,187.46063688458162,199.76076834564034,164.82110314393097,236.80352948099483
2012-06-21,208.0,held_out,185.54315656260607,206.0564387502852,162.33231525878742,239.56748497774112
2012-06-22,197.0,held_out,185.36411408777434,213.68744623274884,160.9121859311487,228.81867867812585
2012-06-23,194.0,held_out,185.6644592332141,220.23021698719813,161.0528960749521,216.5923602328881
2012-06-24,190.0,held_out,185.5420793039779,223.98947017478997,160.807704582974,209.29996596800953
2012-06-25,177.0,held_out,185.51395726137252,226.06352377290466,160.67085779029256,210.01525161369895
2012-06-26,167.0,held_out,185.16282475836115,227.3108791312386,160.2274755369834,210.55728267228858
2012-06-27,159.0,held_out,184.45266924287742,227.79764307522075,159.44228619719408,215.32638254797396
2012-06-28,154.0,held_out,184.15103019107406,228.5364666087885,159.0449247479649,216.04911752900455
2012-06-29,152.0,held_out,182.93992820555994,223.53045602769146,157.77569496760032,224.52189343857074
2012-06-30,154.0,held_out,180.75699285237408,216.81295222082912,155.56052029834376,239.85505749966478
2012-07-01,159.0,held_out,178.1812089569456,208.4306566918332,153.21156660891805,209.5366823182144
2012-07-02,167.0,held_out,175.6421299356758,200.3724325691611,150.89808196668048,202.99987735055547
2012-07-03,171.0,held_out,173.13923274476838,192.62575079367465,148.61953079133656,196.66699762745267
2012-07-04,173.0,held_out,170.67200179379182,185.17856669739086,146.3753855898195,190.5316814009919
2012-07-05,173.0,held_out,168.23992883946894,178.0193012762345,144.16512683417318,184.58776538734156
2012-07-06,171.0,held_out,165.84251288098008,171.1368231868125,141.98824284127963,178.82927857537328
2012-07-07,169.0,held_out,163.4792600567582,164.91657154849975,139.84422965440265,173.25043622843236
2012-07-08,167.0,held_out,161.14968354275481,160.8496246137536,137.7325909265197,167.98476100759228
2012-07-09,159.0,held_out,158.8533034521553,156.32437396658693,135.65283780541588,163.08830173217433
2012-07-10,154.0,held_out,156.58964673652358,153.27749467950179,133.60448882051287,158.65582906857105
2012-07-11,155.0,held_out,154.35824708835509,148.85006067355528,131.58706977140648,154.0975827434667
2012-07-12,154.0,held_out,152.15864484501907,143.1450378023465,129.60011361808773,149.29028202057003
2012-07-13,148.0,held_out,149.9903868940688,137.61084808684257,127.64316037282116,144.63295211375578
2012-07-14,148.0,held_out,147.85302657990175,132.2906179767668,125.71575699365617,140.12091446285618
2012-07-15,146.0,held_out,145.74612361174985,127.26346810748997,123.81745727954588,135.74963646226868
2012-07-16,139.0,held_out,143.6692439729805,126.75195734594708,121.94782176705012,132.66314179493463
2012-07-17,127.0,held_out,141.6219598316902,126.45138551434128,120.10641762859797,131.18549414842892
2012-07-18,121.0,held_out,139.6038494525724,121.93224307611996,118.29281857228649,127.096869449231
2012-07-19,118.0,held_out,137.61449711004124,119.18319278646706,116.50660474319264,123.85717259905805
2012-07-20,114.0,held_out,135.65349300259274,117.26347128219922,114.74736262617525,121.36966346432799
2012-07-21,113.0,held_out,133.72043316838722,113.18223599624223,113.01468495014478,117.60596956707015
2012-07-22,111.0,held_out,131.81491940203372,108.80645059672993,111.30817059377856,113.93707838492921
2012-07-23,110.0,held_out,129.93655917256112,105.42123571948648,109.62742449265957,110.39572350162547
2012-07-24,111.0,held_out,128.08496554255746,101.61567216581187,107.97205754781777,106.95176654950666
2012-07-25,110.0,held_out,126.25975708846198,101.80625687840488,106.34168653565209,105.2136914385694
2012-07-26,108.0,held_out,125.67453883281185,102.79142952544525,104.7359340192128,104.81020029430823
2012-07-27,110.0,held_out,127.4629006508248,106.97216756581507,103.15442826082345,107.60285800452658
2012-07-28,103.0,held_out,125.83800159030396,104.09788816945083,101.59680313602216,104.80830806879746
2012-07-29,100.0,held_out,124.04481233209401,100.07504619037245,100.06269804880256,101.53865875844141
2012-07-30,100.0,held_out,122.27717598854517,96.20600329577996,98.5517578481344,98.37101096695064
2012-07-31,103.0,held_out,120.53472843108328,92.48654307429183,97.06363274574473,95.30218260693181
2012-08-01,104.0,held_out,118.81711071995994,88.91088244810233,95.59797823514067,92.32909086088782
2012-08-02,100.0,held_out,117.12396903031161,85.66259092517979,94.15445501185494,89.44874908434718
2012-08-03,98.8,held_out,115.45495457927275,82.35075394515016,92.73272889489544,86.65826380560509
2012-08-04,97.6,held_out,113.80972355412729,79.16695726910658,91.33247074938127,83.95483181906201
2012-08-05,97.6,held_out,112.18793704148426,76.10625067771645,89.95335641034671,81.33573736923974
2012-08-06,98.8,held_out,110.5892609574624,73.16387533413133,88.59506660769581,78.79834942264617
2012-08-07,97.6,held_out,109.0133659788697,70.6179648583352,87.25728689229024,76.34011902474845
2012-08-08,91.3,held_out,107.45992747536376,68.8959424688509,85.93970756315306,73.95857673939905
2012-08-09,88.8,held_out,105.92862544257868,66.51841317116417,84.64202359577189,71.65133016814293
2012-08-10,86.4,held_out,104.41914443620504,64.15506043586662,83.36393457148453,69.41606154691321
2012-08-11,86.4,held_out,102.93117350700918,62.27442013232831,82.10514460793092,67.25052541770185
2012-08-12,86.4,held_out,101.46440613677834,60.33827312458181,80.86536229055537,65.15254637286569
2012-08-13,84.2,held_out,100.01854017517883,59.75701929514535,79.64430060514283,63.1200168698024
2012-08-14,80.9,held_out,98.5932777775138,59.54068208202263,78.44167687137424,61.475686424686735
2012-08-15,80.9,held_out,97.18832534336792,57.23875506107061,77.25721267738481,59.55786197521468
2012-08-16,79.9,held_out,95.80339345612657,55.02582379603703,76.09063381531075,57.699866879962165
2012-08-17,80.9,held_out,94.43819682335656,52.89844758506671,74.94167021780909,55.89983467423412
2012-08-18,82.0,held_out,93.09245421803685,50.85331874870685,73.81005589553608,54.15595712044658
2012-08-19,80.9,held_out,91.76588842062635,48.88725748707279,72.69552887556968,52.46648239164639
2012-08-20,80.9,held_out,90.45822616195741,47.02925832343749,71.59783114076183,50.829713311698576
2012-08-21,79.9,held_out,89.16919806694318,45.21104064899234,70.51670857000657,49.24400565037371
2012-08-22,79.9,held_out,87.89853859908685,43.59968426824764,69.45191087941002,47.7077664716225
2012-08-23,79.9,held_out,86.64598600578199,41.92218376606763,68.40319156434875,46.219452533378465
2012-08-24,78.8,held_out,85.41128226439207,40.30141282065778,67.37030784240301,44.77756873728096
2012-08-25,74.7,held_out,84.1941730290985,41.21073377999772,66.35302059715171,43.38066662676157
2012-08-26,72.6,held_out,82.994407578506,39.61746849777013,65.35109432281617,42.02734293198472
2012-08-27,71.6,held_out,81.8117387639947,38.085801105866544,64.36429706973948,40.716238160181135
2012-08-28,70.7,held_out,80.64592295880807,36.61335014268436,63.39240039068943,39.44603522995789
2012-08-29,69.8,held_out,79.49672000786656,35.19782621729638,62.4351792879721,38.21545814821309
2012-08-30,68.8,held_out,78.36389317829605,33.8370284498682,61.49241216134402,37.023270728326246
2012-08-31,67.9,held_out,77.24720911066174,32.5288410496941,60.56388075671093,35.868275348336574
2012-09-01,67.9,held_out,76.14643777089653,31.271230025530958,59.64937011560112,34.74931174786163
2012-09-02,68.8,held_out,75.0613524029146,30.062240023115283,58.74866852540175,33.665255862548015
2012-09-03,67.9,held_out,73.99172948190032,28.899991284946253,57.861567470346586,32.61501869488298
2012-09-04,67.0,held_out,72.93734866826269,27.782676727607953,56.98786158324387,31.59754522023273
2012-09-05,64.2,held_out,71.89799276224582,26.7085591320864,56.12734859793299,30.611813327008566
2012-09-06,62.4,held_out,70.8734476591865,25.675968442712897,55.27982930245914,29.65683278989599
2012-09-07,61.5,held_out,69.86350230540911,24.68329917053407,54.44510749295503,28.731644275115492
2012-09-08,60.6,held_out,68.86794865474911,23.77380392934305,53.62298992821892,27.835318376715712
2012-09-09,59.6,held_out,67.88658162569604,22.854675028864882,52.813286284978616,26.96695468293079
2012-09-10,58.7,held_out,66.91919905914729,21.971080952271222,52.01580911383086,26.12568087166414
2012-09-11,57.8,held_out,65.96560167676385,21.121647872987978,51.23037379584616,25.310651834189876
2012-09-12,57.8,held_out,65.02559303991941,20.305055078520397,50.456798499828764,24.521048826191716
2012-09-13,56.9,held_out,64.09897950923458,19.632999456867598,49.69490414022212,23.75607864528644
2012-09-14,56.9,held_out,63.185570204687615,19.216428691872785,48.94451433564988,23.014972834205718
2012-09-15,56.0,held_out,62.28517696629366,19.476986122643016,48.20545536808291,22.296986908835876
2012-09-16,56.0,held_out,61.39761431534426,18.72397827868423,47.47755614262301,21.601399610340057
2012-09-17,55.0,held_out,60.52269941619923,18.000082783499174,46.76064814789372,20.927512180611572
2012-09-18,54.1,held_out,59.66025203862294,17.75193040706551,46.05456541702938,20.274647660330523
2012-09-19,52.3,held_out,58.810094520657394,17.47340031264913,45.35914448925314,19.64215020891859
2012-09-20,51.4,held_out,57.97205173202429,16.797853931232325,44.67422437203521,19.029384445708832
2012-09-21,51.4,held_out,57.14595103804865,16.14842512883734,43.999646503822454,18.43573481166866
2012-09-22,48.6,held_out,56.33162226409649,15.524104162902098,43.33525471733085,17.860604951034794
2012-09-23,47.4,held_out,55.52889766051933,14.92392032894082,42.68089520339215,17.303417112239046
2012-09-24,46.8,held_out,54.737611868098135,14.346940451276694,42.03641647534647,16.763611567523085
2012-09-25,45.8,held_out,53.95760188397976,13.792267432125058,41.401669333972634,16.240646050659205
2012-09-26,45.8,held_out,53.188707028098825,13.259038856771012,40.77650683294792,15.733995212212145
2012-09-27,44.9,held_out,52.430768910077944,12.74642565267288,40.16078424482949,15.243150091794918
2012-09-28,44.9,held_out,51.683631396599786,12.253630800406604,39.55435902754944,14.767617606788338
2012-09-29,44.0,held_out,50.94714057924397,11.779888094446866,38.957090791415744,14.306920057010682
2012-09-30,44.0,held_out,50.221144742782336,11.32446095185816,38.36884126661159,13.860594644839942
2012-10-01,43.2,held_out,49.50549433392601,10.886641267043546,37.78947427118534,13.42819301030657
2012-10-02,40.0,held_out,48.800041930517764,10.798627460157206,37.21885567952392,13.009280780689656
2012-10-03,39.2,held_out,48.10464221116349,10.381137242200237,36.656853391302256,12.603437134164146
2012-10-04,38.5,held_out,47.419151925296305,9.979787786829332,36.103337300901565,12.210254377060718
2012-10-05,37.7,held_out,46.74342986366736,10.049391791306892,35.55817926728938,11.829337534313652
2012-10-06,36.9,held_out,46.077336829257014,9.660868084496228,35.021253084354456,11.46030395268529
2012-10-07,36.1,held_out,45.420735608600694,9.28736525396232,34.4924344516896,11.10278291636848
2012-10-08,35.4,held_out,44.7734909435232,11.36740008486059,33.97160094581559,10.75641527458089
2012-10-09,34.6,held_out,44.13546950327591,10.927920312404078,33.4586319918398,10.42085308077703
2012-10-10,33.8,held_out,43.50653985707096,10.70609059801907,32.95340883554257,10.095759243115626
2012-10-11,32.9,held_out,42.886572447006856,11.486342797683916,32.455814515885194,9.780807185831144
2012-10-12,32.0,held_out,42.27543956137987,11.429289355990786,31.96573383793302,9.47568052116935
2012-10-13,31.1,held_out,41.67301530837574,11.411252540582833,31.483053346187372,9.180072731557306
2012-10-14,31.1,held_out,41.079175590136316,10.970077370135696,31.0076612983202,8.893686861688558
2012-10-15,31.1,held_out,40.49379807719567,10.946112440356451,30.53944763930528,8.61623522021416
2012-10-16,31.1,held_out,39.91676218328057,12.351055208747637,30.078303975940116,8.470123635451522
2012-10-17,30.3,held_out,39.34794904047001,12.82330226591972,29.624123551752476,8.646923856387062
2012-10-18,30.3,held_out,38.787241474708736,15.447700651840618,29.176801222285874,9.778416743718939
2012-10-19,29.5,held_out,38.234523981669625,14.85047068572999,28.736233430758254,9.473364652414425
2012-10-20,28.1,held_out,37.6896827029602,14.27633047520561,28.302318184088197,9.177829109734109
2012-10-21,28.1,held_out,37.15260540266796,13.9035583072296,27.874955029283157,8.98604893704181
2012-10-22,28.1,held_out,36.6231814442402,13.36602706916444,27.45404503018419,8.705715924791122
2012-10-23,28.1,held_out,36.10130176769306,12.84927754938399,27.03949074456191,8.434128313139533
2012-10-24,27.4,held_out,35.58685886714551,12.352506297252672,26.6311962015582,8.17101327645361
2012-10-25,27.4,held_out,35.079746768673374,11.874940924673387,26.229066879468657,7.916106500296806
2012-10-26,26.7,held_out,34.57986100847899,11.41583890516582,25.833009683860418,7.669151915910134
2012-10-27,26.7,held_out,34.08709861137194,13.04299657864238,25.442932926020465,8.81970631675415
2012-10-28,26.7,held_out,33.60135806955643,12.569446588724926,25.058746301729375,8.54456260718116
2012-10-29,25.3,held_out,33.1225393217209,12.175723847501622,24.68036087035552,8.278002410278399
2012-10-30,25.3,held_out,32.65054373242569,11.704993134581619,24.307689034265007,8.01975795074447
2012-10-31,24.6,held_out,32.18527407178439,15.741988832877233,24.043572921935805,11.154120720125608
2012-11-01,24.6,held_out,31.72663449543471,22.058861705315014,29.55787633641848,16.32593219905454
2012-11-02,23.9,held_out,31.27453052479481,21.394548899143146,29.111554335573654,16.843289161680087
2012-11-03,23.9,held_out,30.82886902760092,21.92884386174131,29.214188178462948,17.037677774841224
2012-11-04,23.2,held_out,30.389558198722373,23.01611034522042,31.984046735446228,18.161209355097863
2012-11-05,23.9,held_out,29.956507541249966,22.126274950861152,31.501089720145025,17.594643719822574
2012-11-06,23.2,held_out,29.5296278478538,21.270841851988752,31.025425324209902,17.045752932780047
2012-11-07,23.2,held_out,29.10883118240684,20.448481007179524,30.556943429565063,16.51398560108551
2012-11-08,22.5,held_out,28.69403086187027,19.657913796293254,30.095535580910457,15.998807533366149
2012-11-09,22.5,held_out,28.285141438437027,20.43154031448272,29.641094960613984,16.665583025714632
2012-11-10,21.9,held_out,27.882078681929755,21.632328772924318,29.193516363982784,17.67906698533112
2012-11-11,21.2,held_out,27.484759562449604,20.93385536168393,28.752696174908003,17.53566233851579
2012-11-12,21.2,held_out,27.093102233272294,20.124522891434804,28.318532341877255,16.988611562406245
2012-11-13,21.2,held_out,26.707026013987903,21.80615381887005,27.89092435434932,18.54041494929376
2012-11-14,21.2,held_out,26.32645137388088,20.96309705594041,27.469773219485575,17.962019437815023
2012-11-15,20.6,held_out,25.951299915546944,20.15263406041354,27.054981439232797,17.40166782495526
2012-11-16,23.9,held_out,25.58149435874343,24.100832485693125,26.646452987752,21.055672872840027
2012-11-17,21.9,held_out,25.216958524469725,23.169060198472287,26.244093289188076,20.398810191280727
2012-11-18,21.2,held_out,24.857617319274603,22.273311546358165,25.847809195775163,19.762439307111663
2012-11-19,21.9,held_out,24.503396719787176,21.412193804643127,25.45750896627256,19.145920948576236
2012-11-20,21.2,held_out,24.154223757468255,20.584368093327477,25.073102244726318,18.548635786940466
2012-11-21,20.6,held_out,23.810026503579017,19.78854729540686,24.69450003955148,17.969983814341074
2012-11-22,20.6,held_out,23.470734054363884,19.023494055641613,24.321614702930212,17.40938374104248
2012-11-23,19.9,held_out,23.136276516444504,18.28801885669653,23.954359910520992,16.866272411497327
2012-11-24,19.9,held_out,22.80658499242192,17.580978169659783,23.592650641474222,16.34010423862376
2012-11-25,19.3,held_out,22.481591566683868,16.901272676065403,23.236403158749564,15.830350655731344
2012-11-26,19.3,held_out,22.16122929141433,16.24784555865487,22.885534989730534,15.336499585544903
2012-11-27,19.3,held_out,21.845432172802475,15.619680858220313,22.53996490713175,14.858054925792961
2012-11-28,19.9,held_out,21.534135157448077,15.015801893974448,22.19961291019454,14.394536050844023
2012-11-29,19.9,held_out,21.227274118960693,14.435269744991247,21.864400206166447,13.945477328890005
2012-11-30,19.3,held_out,20.9247858447498,13.877181790356286,21.534249192060454,13.510427654191888
2012-12-01,19.3,held_out,20.626608023003143,13.340670305756928,21.209083436689543,13.0889499939176
2012-12-02,18.7,held_out,20.332679229850672,12.824901114330311,20.88882766297264,12.680620949117019
2012-12-03,18.7,held_out,20.042938916711382,12.32907228967148,20.573407730507686,12.285030329392951
2012-12-04,18.2,held_out,19.75732739782046,11.852412908985032,20.26275061840782,11.901780740840907
2012-12-05,18.7,held_out,19.475785837934158,11.394181854441722,19.956784408396835,11.53048718684369
2012-12-06,18.7,held_out,19.198256240209904,13.301381609571388,19.65543826815976,12.996224672935062
2012-12-07,18.7,held_out,18.92468143425908,14.278687016831393,19.35864243494497,13.728268776085086
2012-12-08,18.2,held_out,18.655005064370084,14.773953238382205,19.066328199413828,14.08097712142609
2012-12-09,18.7,held_out,18.38917157789919,14.202771300646528,18.778427889734218,13.641700331422108
2012-12-10,18.2,held_out,18.127126213826834,13.653672064861464,18.494874855914265,13.216127426920687
2012-12-11,17.7,held_out,17.86881499147701,13.125801782521988,18.21560345437262,12.803830895059457
2012-12-12,18.2,held_out,17.614184699397367,12.618339712248355,17.940549032741707,12.404396559868525
2012-12-13,17.7,held_out,17.36318288439779,12.130496843683929,17.669647914900498,12.017423166206507
2012-12-14,17.7,held_out,17.11575784074519,11.661514670728941,17.402837386233216,11.642521976676274
2012-12-15,17.7,held_out,16.87185859951223,11.210664012202734,17.140055679110688,11.279316381115503
2012-12-16,16.8,held_out,16.63143491807788,10.77724387810092,16.881241958590895,10.927441518269768
2012-12-17,16.8,held_out,16.394437269777544,10.360580379684588,16.62633630833548,10.586543909268071
2012-12-18,16.4,held_out,16.16081683370073,9.960025681707048,16.37527971673887,10.256281102532647
2012-12-19,16.4,held_out,15.93052548463401,9.574956995148954,16.128014063266885,9.936321329766342
2012-12-20,16.0,held_out,15.703515783147408,9.20477560889571,15.884482105001613,9.626343172671957
2012-12-21,16.0,held_out,15.479740965821955,8.8489059588516,15.644627463389455,9.32603524006878
2012-12-22,16.0,held_out,15.259154935616566,8.506794733043288,15.40839461118929,9.035095855081945
2012-12-23,16.0,held_out,15.04171225237216,8.177910011321277,15.175728859617712,8.753232752090362
2012-12-24,15.7,held_out,14.827368123451114,7.861740438321736,14.94657634568836,8.480162783128819
2012-12-25,15.7,held_out,14.616078394510076,7.557794428402779,14.720884019742462,8.215611633449317
2012-12-26,15.7,held_out,14.407799540404294,7.265599401319039,14.498599633167613,7.959313545955834
2012-12-27,15.7,held_out,14.202488656221545,6.984701047446151,14.279671726302043,7.711011054235818
2012-12-28,15.4,held_out,14.000103448443838,6.714662621412691,14.064049616521517,7.470454723920093
2012-12-29,15.4,held_out,13.800602226235045,6.455064263041292,13.851683386506112,7.237402902111484
2012-12-30,15.4,held_out,13.603943892852708,6.205502344543167,13.642523872684169,7.01162147463033
2012-12-31,15.4,held_out,13.410087937182206,5.965588842950986,13.43652265385075,6.792883630833121
2013-01-01,15.2,held_out,13.218994425391577,5.73495073681439,13.233632039957948,6.580969635767929
2013-01-02,15.2,held_out,13.03062399270524,5.513229426220139,13.03380506107446,6.37566660943782
2013-01-03,15.0,held_out,12.84493783529496,5.300080175235059,12.83699545651188,6.176768312950441
2013-01-04,15.0,held_out,12.66189770228636,5.095171575904964,12.64315766411517,5.9840749413389975
2013-01-05,15.2,held_out,12.481465887879331,4.898185032976133,12.452246809714858,5.79739292284649
2013-01-06,15.2,held_out,12.303605223580735,4.708814268538168,12.264218696738492,5.616534724471554
2013-01-07,15.2,held_out,12.128279070547796,4.526764845818081,12.079029795978984,5.441318663580612
2013-01-08,15.0,held_out,11.955451312040587,4.351753711385166,11.89663723551742,5.271568725397034
2013-01-09,15.0,held_out,11.785086345982071,4.1835087550548735,11.716998790798069,5.107114386184014
2013-01-10,15.0,held_out,11.617149077624177,4.021768386807432,11.54007287485322,4.947790441943498
2013-01-11,15.2,held_out,11.451604912318357,3.8662811300633946,11.365818528675666,4.793436842459118
2013-01-12,15.2,held_out,11.288419748389181,3.716805230683716,11.194195411736528,4.643898530516388
2013-01-13,15.4,held_out,11.127559970109482,3.5731082810864603,11.025163792646277,4.499025286138668
2013-01-14,15.7,held_out,10.968992440775601,3.43496685889567,10.858684539956771,4.3586715756824175
2013-01-15,15.7,held_out,10.81268449588131,3.30216617956059,10.694719113102174,4.222696405640137
2013-01-16,15.7,held_out,10.658603936389003,3.174499762405125,10.533229553476675,4.090963181004155
2013-01-17,16.0,held_out,10.506719022096785,3.0517691095882933,10.374178475646934,3.96333956804895
2013-01-18,16.0,held_out,10.356998465100068,2.933783397476522,10.21752905869721,3.83969736139419
2013-01-19,16.0,held_out,10.209411423346333,2.820359179947938,10.063245037705178,3.719912355214934
2013-01-20,16.0,held_out,10.063927494281765,2.711320103167317,9.911290695346475,3.6038642184696137
2013-01-21,15.7,held_out,9.92051670858839,2.6064966313882505,9.761630853626,3.4914363740204784
2013-01-22,15.7,held_out,9.779149524010469,2.5057257833561857,9.614230865734083,3.382515881525031
2013-01-23,15.7,held_out,9.639796819268886,2.4088508789024905,9.469056608025605,3.276993323980862
2013-01-24,15.7,held_out,9.50242988806222,2.315721295335562,9.326074472120268,3.1747626978098715
2013-01-25,16.0,held_out,9.367020433153336,2.226192233250188,9.185251357122118,3.075721306371473
2013-01-26,15.4,held_out,9.233540560540211,2.140124491391057,9.046554661956565,2.979769656797819
2013-01-27,15.4,held_out,9.101962773709857,2.057384250220361,8.90995227782311,2.8868113600473984
2013-01-28,15.0,held_out,8.972259967974097,1.9778428638529837,8.775412580762055,2.7967530340766067
2013-01-29,15.4,held_out,8.844405424886073,1.9013766600357627,8.642904424333413,2.7095042100320264
2013-01-30,15.4,held_out,8.718372806736314,1.8278667478598434,8.512397132406413,2.624977241369173
2013-01-31,15.9,held_out,8.594136151127232,1.7571988329071415,8.383860492057854,2.5430872158064175
2013-02-01,16.5,held_out,8.471669865624948,1.6892630395435044,8.257264746577698,2.4637518700256367
2013-02-02,17.0,held_out,8.350948722487292,1.6239537400822739,8.132580588580286,2.3868915070338987
2013-02-03,17.5,held_out,8.231947853466973,1.5611693905526243,8.009779153219563,2.3124289161031757
2013-02-04,17.5,held_out,8.114642744688778,1.5008123728173277,7.888832011506766,2.2402892952076545
2013-02-05,17.1,held_out,7.999009231599766,1.442788842794476,7.769711163729004,2.170400175880726
2013-02-06,17.1,held_out,7.885023493991453,1.387008584547158,7.652389032967221,2.1026913504161757
2013-02-07,17.1,held_out,7.772662051092888,1.3333848700142417,7.536838458712036,2.0370948013404386
2013-02-08,17.1,held_out,7.661901756733684,1.2818343241641608,7.423032690575982,1.97354463308507
2013-02-09,17.5,held_out,7.552719794575971,1.2322767953620488,7.310945382100699,1.9119770057907939
2013-02-10,18.2,held_out,7.445093673414278,1.1846352307486576,7.200550584657623,1.8523300711766324
2013-02-11,17.9,held_out,7.339001222542409,1.1388355564373112,7.091822741440787,1.7945439104096934
2013-02-12,17.9,held_out,7.234420587186333,1.0948065623426082,6.984736681550322,1.7385604739131981
2013-02-13,17.9,held_out,7.1313302240021565,1.052479791461813,6.879267614165302,1.6843235230522877
2013-02-14,17.9,held_out,7.029708896638245,1.0117894334367847,6.77539112280458,1.6317785736390276
2013-02-15,17.9,held_out,6.929535671360596,0.9726722222309514,6.673083159674276,1.5808728411998554
2013-02-16,17.5,held_out,6.8307899127405385,0.9350673377622375,6.572320040100625,1.5315551879504892
2013-02-17,17.5,held_out,6.733451279403889,0.8989163113390038,6.4730784370468895,1.4837760714250376
2013-02-18,17.5,held_out,6.637499719840681,0.8641629347519637,6.37533537571306,1.4374874947076928
2013-02-19,17.1,held_out,6.542915468274602,0.8307531728807378,6.27906822821711,1.3926429582170243
2013-02-20,17.1,held_out,6.449679040591299,0.7986350796791621,6.184254708356549,1.3491974129944309
2013-02-21,17.5,held_out,6.357771230324695,0.767758717408722,6.090872866449088,1.307107215449827
2013-02-22,17.1,held_out,6.267173104700512,0.7380760789945374,5.998901084251205,1.2663300835191071
2013-02-23,17.1,held_out,6.177866000736161,0.7095410133831741,5.908318069953447,1.2268250541893377
2013-02-24,17.1,held_out,6.089831521396224,0.6821091537862288,5.819102853251285,1.1885524423490188
2013-02-25,17.1,held_out,6.0030515318027025,0.6557378486981179,5.731234780490425,1.151473800922067
2013-02-26,17.9,held_out,5.917508155499285,0.6303860955808169,5.644693509885396,1.1155518822454817
2013-02-27,18.2,held_out,5.83318377076884,0.6060144771124409,5.559459006810365,1.080750600651888
2013-02-28,17.5,held_out,5.750061007003388,0.5825850999005459,5.475511539161036,1.0470349962193775
2013-03-01,17.5,held_out,5.668122741125803,0.5600615355648593,5.392831672786597,1.0143711996522187
2013-03-02,17.9,held_out,5.587352094062495,0.5384087640978376,5.311400266990645,0.9827263982571728
2013-03-03,17.9,held_out,5.507732427266373,6.7207028349669224,5.2311984701000425,6.18474530453076
2013-03-04,20.4,held_out,5.4292473392893426,16.583379502246135,5.1522077151006815,14.653617617692577
2013-03-05,23.0,held_out,5.351880662403647,18.196675603245676,5.074409715339155,15.93717563067615
2013-03-06,24.5,held_out,5.275616459271361,22.868649268514563,4.997786460289331,29.935163007231978
2013-03-07,27.6,held_out,5.200439019661338,32.00903715617086,5.699307829213994,27.890710927382454
2013-03-08,27.6,held_out,5.126332857212942,37.739343140654505,5.6132486534865675,31.865142119731633
2013-03-09,26.0,held_out,5.053282706245897,40.838224732519656,5.528488965687994,34.67942224134937
2013-03-10,23.0,held_out,4.981273518615595,39.25936117717786,5.445009143635481,33.597546661976956
2013-03-11,23.0,held_out,4.910290460613222,37.823383396688094,5.362789861439911,32.54942178240274
2013-03-12,23.0,held_out,4.840318909910044,40.89619212072084,5.28181208503183,36.98468032028674
2013-03-13,23.0,held_out,4.771344452545251,46.85511948318328,5.20205706775499,40.308118860891724
2013-03-14,23.0,held_out,4.703352879956712,48.78168253467519,5.123506346026423,42.03872757563543
2013-03-15,23.8,held_out,4.636330186054052,48.97520140202912,5.046141735062064,42.31796765908168
2013-03-16,24.5,held_out,4.570262564333434,52.83799333593816,4.9699453246668925,45.73696140316105
2013-03-17,24.5,held_out,4.50513640503345,54.14110612335141,4.894899475088665,46.95328736284338
2013-03-18,23.8,held_out,4.440938292331547,55.96087484978019,4.820986812934244,48.55441468632752
2013-03-19,23.8,held_out,4.377655001580401,54.950646389016995,4.748190227147592,47.923301780514834
2013-03-20,23.0,held_out,4.315273496583679,55.844476723361076,4.676492865048502,48.77052164801737
2013-03-21,25.3,held_out,4.253780926910607,61.944618054172295,4.605878128431131,53.83236521786221
2013-03-22,29.2,held_out,4.193164625248818,64.1520113299718,4.536329669721465,56.51556589401951
2013-03-23,28.4,held_out,4.13341210479492,61.671803795139574,4.4678313881927885,58.84340343810412
2013-03-24,30.0,held_out,4.074511056682247,59.28748459316412,4.400367426238303,59.12514418274696
2013-03-25,33.2,held_out,4.0164493474452545,56.995346545412616,4.33392216570004,57.280648355422635
2013-03-26,38.0,held_out,3.959215016520071,54.79182579802394,4.268480224253195,55.493694288106575
2013-03-27,36.4,held_out,3.9027962737806408,52.796523637772026,4.2040264518450625,53.76248688096941
2013-03-28,36.4,held_out,3.847181497109994,50.75533532543969,4.14054592718774,52.08528703496103
2013-03-29,38.0,held_out,3.792359230006117,50.55741958984126,6.225923225156985,51.73536778428787
2013-03-30,38.8,held_out,3.7383181792219444,49.109181596367456,7.355071445620573,50.40256203908984
2013-03-31,40.4,held_out,3.6850472124389793,47.21055114504366,7.244010347502326,48.83017998991955
2013-04-01,40.4,held_out,3.6325353559740616,47.66693513541518,7.134626264706964,48.683497688729226
2013-04-02,38.0,held_out,3.580771792518819,47.21311901295264,7.026893874412719,48.336897523595646
2013-04-03,36.4,held_out,3.5297458589113297,45.38779302408303,6.920788236170776,46.828956916930856
2013-04-04,35.6,held_out,3.4794470439395373,43.63303672082832,6.8162847861314635,45.368058735198645
2013-04-05,38.0,held_out,3.429864986175966,41.94612177928464,6.713359331357639,43.952735420768626
2013-04-06,41.2,held_out,3.380989471843298,40.32442535641089,6.611988044223927,42.581565198628944
2013-04-07,42.8,held_out,3.332810432710357,38.76542601198934,6.51214745690054,41.253170648130265
2013-04-08,43.6,held_out,3.2853179440180793,37.266699788248985,6.413814455920384,39.96621731928616
2013-04-09,46.8,held_out,3.2385022224350406,35.82591644105622,6.316966276828207,38.71941239224005
2013-04-10,50.2,held_out,3.192353624042112,35.64210933371907,7.983992456006912,38.327611435987436
2013-04-11,54.0,held_out,6.425082494742805,39.76974553712051,13.260702408708708,41.40071764719802
2013-04-12,59.0,held_out,14.312387019877274,47.262129455954245,21.429256158450354,47.20310915278401
2013-04-13,63.1,held_out,20.721390739774037,52.75462940151964,28.0307109897557,51.45286010710265
2013-04-14,64.2,held_out,25.103726190904002,55.297764480121785,32.392949849876075,53.46140224592259
2013-04-15,68.4,held_out,29.467193115064276,57.770553389103064,36.72675065376439,55.436867782312184
2013-04-16,69.4,held_out,29.047286143436054,58.77619242847556,36.17217911926885,54.88972730740591
2013-04-17,63.1,held_out,28.633362838597314,56.92656897423202,35.625981578698664,53.457685597889515
2013-04-18,56.0,held_out,28.225337933403996,56.896804088725055,35.08803158529287,53.66051885760365
2013-04-19,52.1,held_out,27.823127375767278,54.69709313215214,34.558204601628326,51.98650005404715
2013-04-20,50.2,held_out,27.426648311339115,52.58242611381031,34.036377970788834,50.36470472902422
2013-04-21,50.2,held_out,27.03581906644442,50.549515114708086,33.52243088796963,48.79350369431766
2013-04-22,53.1,held_out,28.130863366044167,49.46876403471628,34.50378375886491,47.82734430106929
2013-04-23,62.1,held_out,35.34223108913271,55.95788660125838,41.90562467967991,52.96988694265807
2013-04-24,68.4,held_out,41.75823620351159,61.90466653010323,48.14803537413345,57.40923348456073
2013-04-25,70.5,held_out,43.51827262189961,61.68172973293343,49.69678462263439,57.268369741541576
2013-04-26,71.6,held_out,44.230655183992674,59.9489702637168,50.264227916328345,55.869476096241186
2013-04-27,68.4,held_out,43.600369143550374,58.615737416577986,49.505241359946595,54.75643377436506
2013-04-28,67.3,held_out,42.9790646678424,56.39477923709769,48.757715450960575,53.04822629323304
2013-04-29,63.1,held_out,42.36661376973289,55.65707220777961,48.02147713434367,52.50660988336845
2013-04-30,63.1,held_out,41.76289028590042,53.505291039977905,47.29635596818884,50.868588967301406
2013-05-01,64.2,held_out,41.167769850848565,51.436700776951426,46.58218408425068,49.281668522726115
2013-05-02,67.3,held_out,41.795677538485364,49.95030827073814,47.06781323742355,48.011442311930324
2013-05-03,71.6,held_out,42.76447774577056,48.99348599503852,47.92561205004393,47.14996105642235
2013-05-04,70.5,held_out,45.2057268170547,49.98689054231236,50.15786457935555,47.48481846998959
2013-05-05,73.7,held_out,44.839194529614,48.08842967251367,49.591982473342256,46.00345972254308
2013-05-06,77.0,held_out,47.75345621503837,49.74612217586281,52.52765801570896,47.22885508547135
2013-05-07,81.4,held_out,52.50462431423265,53.69496620321833,57.403876344282054,50.3036281951813
2013-05-08,87.0,held_out,61.297846831749546,62.58242677587213,66.52857676951278,57.37925389758659
2013-05-09,89.4,held_out,69.93001282384799,70.99492651707648,75.45171977644384,64.15264784992803
2013-05-10,85.9,held_out,73.94372913216769,73.54285996690152,79.51951523768219,66.2486640713732
2013-05-11,84.8,held_out,79.40967771328643,77.94134790787629,85.13684926068866,69.8255731882512
2013-05-12,83.6,held_out,82.83059825077912,79.40654458662489,88.50228958230417,71.15804218258735
2013-05-13,84.8,held_out,86.18983387422381,81.03771344868778,91.7220478278759,72.29299624744407
2013-05-14,83.6,held_out,89.99998022917642,83.20950283167113,95.56476840936868,74.15055018662149
2013-05-15,87.0,held_out,96.26894514561296,88.52652986248022,102.02680486850642,78.5162466773714
2013-05-16,91.8,held_out,105.7826478736628,98.23892011277391,111.91088411458486,86.09638419636441
2013-05-17,97.8,held_out,115.2340386943773,107.58546833911896,121.69742253423733,93.46852349337905
2013-05-18,101.0,held_out,124.52317544206211,115.97543189943576,131.1545051654979,100.73071756633229
2013-05-19,115.0,held_out,139.7856795440475,136.8102906383108,146.8386100389832,116.07595016906828
2013-05-20,125.0,held_out,152.59303727074894,150.44984135338436,159.4706615421461,127.53714741297473
2013-05-21,139.0,held_out,170.19279234295954,171.07959104457245,176.55229248957332,146.3773169989113
2013-05-22,127.0,held_out,171.21698985437985,166.3135224027328,177.09244368731677,143.3390648673158
2013-05-23,117.0,held_out,173.53618993450567,164.9338281581471,179.37466116623483,142.74854907056707
2013-05-24,117.0,held_out,181.51200179757714,170.6759651558307,187.48842946921582,147.65818469800732
2013-05-25,118.0,held_out,188.19148339269537,174.99324098888147,194.18202864565484,151.71857100920786
2013-05-26,115.0,held_out,192.95081411532996,176.84116581368522,195.75567463634707,153.8011075012345
2013-05-27,111.0,held_out,195.10389677355366,175.28492257172525,193.16955634507386,153.0422784524332
2013-05-28,110.0,held_out,199.3482003993888,171.96610099257583,190.5498286707591,154.408747402595
2013-05-29,112.0,held_out,204.59587571239095,166.6880490873874,187.672538711731,164.2600548401421
2013-05-30,118.0,held_out,201.68038816518734,165.78104915264652,184.83869564303112,181.78277359516346
2013-05-31,124.0,held_out,198.80644626306722,167.28361930755528,182.0476434194551,194.2744581885426
2013-06-01,130.0,held_out,195.97345798133583,170.14322058965254,179.29873590203835,188.28748593966537
2013-06-02,139.0,held_out,193.18083973163957,173.41519118632633,176.59133670847223,176.69733799971786
2013-06-03,146.0,held_out,193.92262611717857,179.91739506633658,175.43710344355026,176.7423415027759
2013-06-04,146.0,held_out,193.76974936556505,182.7762952625371,175.08441431705168,178.06835137720978
2013-06-05,140.0,held_out,194.0040900474081,185.68561289162312,175.11057998780996,180.07680118291893
2013-06-06,139.0,held_out,194.38321468437263,188.437773211571,175.2807849281442,181.6554757539491
2013-06-07,136.0,held_out,191.6132573730417,184.31518830413273,172.63405653167982,186.4625423728942
2013-06-08,135.0,held_out,188.8827719035519,184.06509232260046,170.02729356101798,233.44452780238268
2013-06-09,139.0,held_out,186.19119580286733,188.92950086365192,167.45989254084105,267.050307066533
2013-06-10,151.0,held_out,183.53797461318263,195.9569724819788,164.9312591082694,213.3453784894257
2013-06-11,164.0,held_out,180.9225617777063,198.03080324613188,162.44080787526383,198.7363665015035
2013-06-12,165.0,held_out,178.34441852807123,198.17754921725506,159.98796229310645,195.5056409947086
2013-06-13,164.0,held_out,175.80301377334982,198.0386915523739,157.5721545189273,187.37985796149738
2013-06-14,160.0,held_out,173.29782399065067,196.37326452567763,155.1928252842466,182.49797129863592
2013-06-15,151.0,held_out,170.82833311727416,194.08290550486612,152.84942376550205,183.6009862198267
2013-06-16,149.0,held_out,168.39403244440481,192.59042002204703,150.5414074565312,178.48201001290388
2013-06-17,144.0,held_out,165.99442051231867,190.55107759519544,148.26824204297915,176.0030494623071
2013-06-18,143.0,held_out,163.6290030070838,185.7932301602825,146.02940127860288,173.18941413383328
2013-06-19,144.0,held_out,161.2972926587329,183.47955261020658,143.82436686344315,189.3841580309293
2013-06-20,147.0,held_out,158.99880914088695,184.73753544005925,141.65262832383635,221.91304072771268
2013-06-21,150.0,held_out,156.7330789718091,189.12402195511095,139.51368289423772,239.3590037324239
2013-06-22,150.0,held_out,154.4996354168689,194.56688119635177,137.40703540082947,252.80020726565652
2013-06-23,153.0,held_out,152.29801839239582,188.56884974995756,135.33219814688604,197.25392938889007
2013-06-24,154.0,held_out,150.1277743709034,181.28600400506932,133.28869079987058,179.61224366893214
2013-06-25,156.0,held_out,147.9884562876638,174.27723056567868,131.27604028023606,174.00897557440157
2013-06-26,156.0,held_out,145.87962344861336,168.1183085591328,129.2937806519058,168.75056536132908
2013-06-27,154.0,held_out,143.800841439571,166.32138342421572,127.3414530144074,165.14394501008064
2013-06-28,149.0,held_out,141.75168203674988,170.94728483646668,125.41860539663551,166.9172666948135
2013-06-29,139.0,held_out,142.47362096760364,173.30328698615043,126.87136261656138,169.2311276788308
2013-06-30,128.0,held_out,143.03720681128175,172.69038086727204,127.24377801910698,169.21871219429798
2013-07-01,121.0,held_out,143.78354140354344,172.48859401617418,127.79230718770106,168.86393626547175
2013-07-02,117.0,held_out,141.8710903685236,167.1080299444977,125.86265170137926,164.10983327869238
2013-07-03,118.0,held_out,139.84942988373905,161.23012118783058,123.96213388678305,159.0549261102176
2013-07-04,118.0,held_out,138.60955884957212,158.12390274673348,122.22747135004354,155.92056305984906
2013-07-05,121.0,held_out,139.03468220544175,157.86728772296865,122.44972488743161,155.66760285607356
2013-07-06,119.0,held_out,138.6933964040867,156.08259706334374,121.94296843145617,154.03986321683882
2013-07-07,119.0,held_out,136.7170180011129,150.41551188211523,120.1016375780543,149.25683577737283
2013-07-08,119.0,held_out,134.76880295481655,145.87315221349107,118.28811070019363,145.0164411156066
2013-07-09,118.0,held_out,133.02298745515574,141.85188099218493,116.50196795966066,141.2423412334379
2013-07-10,115.0,held_out,132.50165405190276,140.09893964977627,115.36239048532224,139.4116618495265
2013-07-11,111.0,held_out,133.68854356661777,141.78197300143933,116.3592482215521,140.86953806406314
2013-07-12,109.0,held_out,133.4295503908524,140.58541611251536,115.96049671241117,139.7028210719603
2013-07-13,111.0,held_out,131.52818169884432,135.73211467467627,114.20950079096623,135.40940983243965
2013-07-14,112.0,held_out,132.10197383932044,137.09373724471752,114.32327027253336,136.12555462683838
2013-07-15,117.0,held_out,134.744818050869,141.8485522293845,116.71501905861703,140.3288986562274
2013-07-16,115.0,held_out,132.82470681837393,136.7938397655079,114.95262989905821,135.98361202441163
2013-07-17,116.0,held_out,130.93195713638957,131.63586703114814,113.21685270062302,131.74140325806567
2013-07-18,117.0,held_out,129.0661791033135,126.54663814344386,111.50728562443777,127.63153643314453
2013-07-19,117.0,held_out,127.22698837363413,121.65416604593352,109.82353289936952,123.6498829481519
2013-07-20,116.0,held_out,125.41400607875647,116.95084384269207,108.16520473040362,119.7924429993871
2013-07-21,117.0,held_out,123.62685874895627,114.57435487863432,106.53191720840455,116.19547329686979
2013-07-22,116.0,held_out,125.1322140977229,121.97062805438225,106.27950041757379,120.29899451834054
2013-07-23,111.0,held_out,123.34908229858158,117.5420876206164,104.67468690745312,116.5474585680128
2013-07-24,107.0,held_out,121.5913600954906,113.65862898408261,103.09410597644836,113.00123674338087
2013-07-25,107.0,held_out,119.8586854021635,109.27064455812057,101.53739171419862,109.47599697379272
2013-07-26,109.0,held_out,118.1507012920369,105.11270598081117,100.00418373556556,106.06073224333895
2013-07-27,109.0,held_out,116.46705592474444,101.59036330895997,98.49412709720292,102.75201171893494
2013-07-28,110.0,held_out,114.80740247363877,97.66273611034856,97.00687221538568,99.54651159737989
2013-07-29,115.0,held_out,113.17139905434593,94.21757086365822,95.54207478508033,96.44101176640207
2013-07-30,115.0,held_out,111.55870865433816,90.5749862536811,94.09939570023678,93.43239256986789
2013-07-31,113.0,held_out,109.96899906351017,87.07322911908055,92.67850097528417,90.51763167390483
2013-08-01,113.0,held_out,108.4019428057447,83.70685487038386,91.27906166781192,87.69380103079044
2013-08-02,113.0,held_out,106.85721707145325,80.47062941365158,89.90075380241834,84.95806393755723
2013-08-03,112.0,held_out,105.33450365107814,77.35952101242233,88.54325829570918,82.30767218635869
2013-08-04,109.0,held_out,103.83348886954218,74.73528731169273,87.20626088242852,79.73996330373382
2013-08-05,105.0,held_out,102.35386352163239,71.85668534522915,85.88945204270532,77.25235787599685
2013-08-06,103.0,held_out,100.8953228083045,69.07860421064686,84.59252693039831,74.84235695806555
2013-08-07,106.0,held_out,99.45756627389511,66.40792762378676,83.31518530252309,72.5075395631246
2013-08-08,107.0,held_out,98.04029774422867,68.31824457371394,82.05713144974467,70.24556023060295
2013-08-09,101.0,held_out,96.64322526560625,66.3189742505158,80.81807412791969,68.05414667002147
2013-08-10,96.6,held_out,95.26606104466393,64.54945997862596,79.5977264906723,66.03665917069341
2013-08-11,109.0,held_out,93.90852138908798,74.33712275596945,78.39580602298824,71.25431779419608
2013-08-12,103.0,held_out,92.57032664917512,71.54958330370602,77.21203447581144,69.03143455785234
2013-08-13,95.4,held_out,91.25120116022521,73.18591828105617,76.4699455220665,69.68699981092668
2013-08-14,91.8,held_out,90.19247873599024,74.68050188562687,76.76696358021083,70.84631067240034
2013-08-15,90.6,held_out,88.9072375370139,71.81729434100066,75.60778744746256,68.6361558182715
2013-08-16,89.4,held_out,87.6403110019951,69.04073611838116,74.46611479855767,66.49494999526185
2013-08-17,89.7,held_out,86.391438147302,66.4088544734841,73.34168133203416,64.42054223694318
2013-08-18,88.2,held_out,85.16036170831484,63.84139418923018,72.23422673736474,62.410848679448485
2013-08-19,87.0,held_out,83.94682808643005,61.3731955525906,71.14349463469414,60.463850468108745
2013-08-20,87.8,held_out,82.75058729681962,59.6050448674668,70.06923251548609,58.57759172939548
2013-08-21,82.5,held_out,81.5713929169348,58.15431177161589,69.01119168406679,56.750177606131395
2013-08-22,79.2,held_out,80.40900203574377,56.26011600141898,67.9691272000508,54.97977235399555
2013-08-23,78.1,held_out,79.26317520369251,54.57590100908935,66.9427978216365,53.26459749741097
2013-08-24,77.0,held_out,78.13367638337886,54.072690070687855,65.93196594975772,51.801277765478616
2013-08-25,75.9,held_out,77.02027290092937,55.97515855348432,64.93639757307865,51.267353898593385
2013-08-26,74.8,held_out,75.92273539806912,53.81107971745697,63.95586221381936,49.66799339552829
2013-08-27,74.8,held_out,74.84083778487447,51.730667231459975,62.99013287439934,48.118527295514006
2013-08-28,73.7,held_out,73.77435719319912,49.730686436011055,62.03898598488672,46.61739906926833
2013-08-29,73.7,held_out,72.72307393076386,47.80802772814062,61.10220135124094,45.1631007457292
2013-08-30,68.4,held_out,71.68677143590047,51.40599935379261,60.17956210433713,45.77606386756845
2013-08-31,65.2,held_out,70.66523623294066,49.41857067790806,59.27085464975997,44.34801223298656
2013-09-01,64.2,held_out,69.6582578882405,47.50797880689805,58.37586861835589,42.96451076936152
2013-09-02,64.2,held_out,68.66562896683178,45.67125312116,57.49439681753177,41.62416966859102
2013-09-03,64.2,held_out,67.68714498969081,43.905537849448656,56.62623518328914,40.32564247968043
2013-09-04,64.2,held_out,66.7226043916163,42.20808762867611,55.771182732982496,39.067624756154146
2013-09-05,63.1,held_out,65.77180847970745,40.63497059309073,54.929041518791216,37.84885274566277
2013-09-06,63.1,held_out,64.83456139243377,39.11593615168172,54.099616581893805,36.66810212047006
2013-09-07,63.1,held_out,63.91067005928798,37.603658709959625,53.282715907334236,35.524186747544086
2013-09-08,63.1,held_out,62.99994416101411,36.14984805404762,52.478150379569755,34.41595749701728
2013-09-09,62.1,held_out,62.10219609040218,34.75224377527422,51.68573373868995,33.342301087818306
2013-09-10,62.1,held_out,61.2172409136415,33.408672855565705,50.905282537296905,32.30213896931615
2013-09-11,62.1,held_out,60.34489633222491,32.11704628880199,50.13661609803639,31.2944262378529
2013-09-12,61.0,held_out,59.48498264539568,30.875355832795567,49.379556471770435,30.31815058707703
2013-09-13,59.0,held_out,58.637322713129656,29.708074516716714,48.6339283963814,29.3723312910224
2013-09-14,57.0,held_out,57.801741919644805,29.6621512121126,47.8995592561982,28.456018218911744
2013-09-15,58.0,held_out,56.978068137430846,29.561041408885522,47.17627904203509,27.568290880694725
2013-09-16,53.1,held_out,56.16613169179145,35.013123152840514,46.4639203118339,29.246766257234626
2013-09-17,50.2,held_out,55.365765325891644,33.659466267243985,45.762318151900615,28.33437037101976
2013-09-18,48.5,held_out,54.57680416630333,32.35814367230538,45.071310138727206,27.450438016323563
2013-09-19,47.7,held_out,53.79908568904181,34.50848928567138,44.39073630139002,28.230957843388392
2013-09-20,46.8,held_out,53.03244968608624,33.17434225945004,43.72043908451588,27.470095030310716
2013-09-21,46.8,held_out,52.276738232377184,31.891775245116232,43.06026331180744,26.613125015945897
2013-09-22,45.2,held_out,51.53179565328449,30.666866251111486,42.41005615011933,25.78288944151331
2013-09-23,45.2,held_out,50.797468492538634,29.481241807405805,41.76966707407665,24.97855428684128
2013-09-24,44.4,held_out,50.0736054806192,28.341455282384153,41.13894783122786,24.199311550243998
2013-09-25,43.6,held_out,49.36005750359372,27.24573451724832,40.51775240772372,23.444378436836534
2013-09-26,43.6,held_out,48.65667757240058,26.192375867366888,39.90593699451458,22.712996572171658
2013-09-27,43.6,held_out,47.96332079256965,25.17974155342059,39.303359954058045,22.004431240408337
2013-09-28,42.8,held_out,47.27984433437435,24.91521519319672,38.709881787529355,21.31797064624675
2013-09-29,42.0,held_out,46.60610740340921,23.95195771813043,38.125365102526864,20.65292519988827
2013-09-30,42.0,held_out,45.94197121158643,23.02594114008535,37.54967458126524,20.008626824302212
2013-10-01,41.2,held_out,45.28729894854601,22.13572567328577,36.98267694924886,19.384428284103404
2013-10-02,40.4,held_out,44.641955753473106,21.27992719611141,36.42424094441826,18.779702535366376
2013-10-03,40.4,held_out,44.00580868731706,20.457215099042394,35.874237286762494,18.193842095723117
2013-10-04,39.6,held_out,43.37872670540629,19.666310215805733,35.33253864839036,17.626258434111488
2013-10-05,38.8,held_out,42.76058063045341,18.90598283450661,34.799019624053464,17.07638137956139
2013-10-06,38.8,held_out,42.151243125945086,18.175050785652136,34.27355670211447,16.54365854842467
2013-10-07,38.0,held_out,41.550588669910994,17.472377604094813,33.7560282359537,16.027554789473466
2013-10-08,38.0,held_out,40.95849352906662,16.796870762037884,33.246314415807475,15.527551646309508
2013-10-09,38.0,held_out,40.37483573332455,16.147479970355164,32.744297241031745,15.043146836544356
2013-10-10,38.0,held_out,39.799495050668895,15.523195545584274,32.249860492784435,14.573853747227378
2013-10-11,37.2,held_out,39.23235296238783,14.92304684005422,31.7628897071204,14.11920094601459
2013-10-12,35.6,held_out,38.67329263865907,14.34610073270646,31.283272148492603,13.678731707587316
2013-10-13,34.8,held_out,38.12219891448317,13.791460178262973,30.81089678365337,13.252003554844881
2013-10-14,34.8,held_out,37.578958265959855,13.25826281248552,30.345654255949846,12.838587814410525
2013-10-15,34.8,held_out,37.0434587869024,12.745679611357586,29.887436860007455,12.43806918600391
2013-10-16,34.0,held_out,36.515590165785206,12.252913602104229,29.436138516795758,12.050045325247726
2013-10-17,34.0,held_out,35.99524366301995,11.779198624045716,28.99165474907073,11.674126439489235
2013-10-18,33.2,held_out,35.48231208855548,11.323798137358338,28.55388265718791,11.309934896230763
2013-10-19,33.2,held_out,34.976689779796935,10.886004077890187,28.12272089528074,10.957104843775772
2013-10-20,33.2,held_out,34.478272579839526,10.465135756251403,27.698069647798622,10.615281843709466
2013-10-21,32.4,held_out,33.98695781601252,10.06053879946713,27.27983060639925,10.284122514844656
2013-10-22,32.4,held_out,33.502644278728845,10.201554268322829,26.867906947189866,9.96329418827529
2013-10-23,30.8,held_out,33.025232200636246,9.807147744836746,26.462203308312155,9.652474573191105
2013-10-24,30.0,held_out,32.55462323606546,9.427989535644434,26.062625767865637,9.35135143311764
2013-10-25,30.0,held_out,32.09072044077121,9.063490119338532,25.66908182216439,9.059622272256465
2013-10-26,30.0,held_out,31.63342825196197,8.96940725862249,25.2814803643221,8.776994031610455
2013-10-27,29.2,held_out,31.182652468614304,10.133165983428729,24.899731663160484,9.271445237939906
2013-10-28,29.2,held_out,30.738300232067644,9.741403447807908,24.523747342436188,8.982208868354252
2013-10-29,29.2,held_out,30.30028000689567,9.364787006168676,24.153440360381353,8.701995652693807
2013-10-30,28.4,held_out,29.868501562050227,9.886577471468438,23.788724989553135,9.16207029592315
2013-10-31,28.4,held_out,29.442875952273997,9.716612126271718,23.42951679698746,8.99224998793828
2013-11-01,27.6,held_out,29.02331549977795,9.852569000152773,23.0757326246525,9.105845091315828
2013-11-02,26.8,held_out,28.609733776179993,9.471654740957652,22.727290570197276,8.821774861849992
2013-11-03,26.8,held_out,28.20204558470091,9.105467166026902,22.384109967990952,8.546566620970552
2013-11-04,26.0,held_out,27.80016694261407,8.753436920908205,22.046111370448443,8.279943905910358
2013-11-05,26.0,held_out,27.40401506394517,8.415016663198033,21.71321652963801,8.021638878564856
2013-11-06,26.0,held_out,27.013508342418554,8.144941276731066,21.385348379166576,7.771392056433083
2013-11-07,26.0,held_out,26.628566334646536,7.830046321662427,21.062431016338543,7.528952051952299
2013-11-08,25.3,held_out,26.249109743558247,7.527325651141543,20.744389684584082,7.2940753199645005
2013-11-09,25.3,held_out,25.87506040206465,7.236308590100859,20.431150756152654,7.066525913061071
2013-11-10,25.3,held_out,25.506341256956333,6.956542660436949,20.122641715067964,6.846075244559805
2013-11-11,25.3,held_out,25.142876353030715,6.687592877490135,19.81879114034021,6.632501858876228
2013-11-12,25.3,held_out,24.784590817445494,6.429041073723198,19.51952868943187,6.425591209058517
2013-11-13,24.5,held_out,24.43141084429502,6.180485248547621,19.224785081973135,6.225135441262543
2013-11-14,24.5,held_out,24.08326367940648,5.941538943286487,18.934492083723256,6.030933185950528
2013-11-15,23.8,held_out,23.7400776053527,5.711830640302175,18.648582490774068,5.842789355603581
2013-11-16,23.8,held_out,23.40178192667856,5.977462338985057,18.366990113992014,5.6996768653552685
2013-11-17,23.9,held_out,23.068306955337903,5.782336123155328,18.08964976369514,5.543590645826738
2013-11-18,23.9,held_out,22.73958399633798,6.084840569059112,17.816497234561414,5.775872200039625
2013-11-19,23.9,held_out,22.41554533358844,7.27505024951325,17.547469290764983,6.817041657510532
2013-11-20,24.0,held_out,22.096124215952017,11.86552502856031,17.28250365133683,10.938921921863324
2013-11-21,24.0,held_out,21.78125484349393,11.40678704092022,17.0215389757465,10.597666164787451
2013-11-22,24.0,held_out,21.470872353927305,10.965784513008844,16.764514849701527,10.26705638293375
2013-11-23,24.1,held_out,21.164912809251682,10.541831766856921,16.511371771161325,9.946760459448274
2013-11-24,24.1,held_out,20.863313182581955,10.773831343239138,16.262051136562228,10.147714337533
2013-11-25,24.1,held_out,20.56601134516499,10.65978424424452,16.016495227250548,10.035625716082324
2013-11-26,24.2,held_out,20.272946053581276,10.396877769670787,15.77464719612051,9.795075972865433
2013-11-27,24.2,held_out,19.984056937128926,10.124129214485118,15.536451054453899,9.548434266201994
2013-11-28,24.2,held_out,19.699284485387473,9.732716053138926,15.301851658958498,9.250556816515717
2013-11-29,24.3,held_out,19.41857003595886,9.356435478470493,15.0707946990022,8.961972091956707
2013-11-30,24.3,held_out,19.14185576238316,13.4060967897425,14.843226684039886,12.607026215184666
2013-12-01,25.0,held_out,18.86908466222644,15.932673711046485,14.619094931230181,14.896358198725132
2013-12-02,22.9,held_out,18.600200545338446,21.349004430593002,14.398347553239164,19.819861797816056
2013-12-03,22.2,held_out,18.335148022277544,20.523621709892787,14.18093344622827,19.20155206023263
2013-12-04,22.2,held_out,18.073872492900644,19.730149453113512,13.96680227802355,18.602531404252822
2013-12-05,22.2,held_out,17.816320135115724,18.967353956565834,13.755904476463602,18.02219807860782
2013-12-06,21.5,held_out,17.562437893794584,18.23404921329077,13.548191217923408,17.459969104544623
2013-12-07,22.9,held_out,17.312173469843664,17.529095069036586,13.34361441601151,16.91527969018981
2013-12-08,22.2,held_out,17.065475309430546,16.851395449528273,13.142126710437811,16.387582663183093
2013-12-09,22.2,held_out,16.822292593363986,16.199896656273285,12.9436814560495,15.876347921010678
2013-12-10,22.2,held_out,16.58257522662531,15.57358572825378,12.748232712032525,15.381061898486296
2013-12-11,22.2,held_out,16.346273828048947,14.971488866958264,12.555735231276124,14.901227051844963
2013-12-12,21.5,held_out,16.113339720150062,14.392669922303629,12.366144449897948,14.43636135893117
2013-12-13,21.5,held_out,15.88372491909709,13.836228937093662,12.179416476927367,13.985997834979466
2013-12-14,21.5,held_out,15.657382124827214,13.30130074775082,11.995508084144525,13.549684063500932
2013-12-15,20.8,held_out,15.434264711302648,12.787053639145698,11.814376696072877,13.126981741804382
2013-12-16,20.8,held_out,15.214326716905815,17.996986067000933,11.635980380122776,17.701925857348726
2013-12-17,20.8,held_out,14.997522834971358,17.301197119433013,11.460277836883948,17.149688246247695
2013-12-18,20.8,held_out,14.783808404453085,16.632308357138083,11.28722839056451,16.614678499593285
2013-12-19,20.2,held_out,14.573139400723912,15.989279780889005,11.11679197957438,16.0963591688173
2013-12-20,20.2,held_out,14.365472426506894,15.371111599300384,10.948929147250867,15.594209571850048
2013-12-21,20.2,held_out,14.160764702935507,14.776842674336525,10.78360103272431,15.107725270064755
2013-12-22,20.2,held_out,13.958974060741305,14.205549026918225,10.620769361921635,14.636417561539488
2013-12-23,20.8,held_out,13.76005893156715,13.656342400304942,10.460396438705775,14.179812990127482
2013-12-24,20.8,held_out,13.563978339404255,13.128368879018623,10.302445136148869,13.7374528698428
2013-12-25,20.8,held_out,13.370691892151212,12.620807561161918,10.146878887937236,13.30889282408339
2013-12-26,20.2,held_out,13.180159773293342,12.132869282066423,9.993661679906147,12.893702339228863
2013-12-27,20.2,held_out,12.992342733700577,11.663795387286505,9.8427580417024,12.491464332164364
2013-12-28,20.2,held_out,12.807202083542245,11.21285655303091,9.694133038572815,12.101774731296194
2013-12-29,20.2,held_out,12.624699684317067,10.779351652198173,9.547752263276696,11.72424207063829
2013-12-30,20.2,held_out,12.444797940996722,10.362606664252683,9.403581828120437,11.358487096561744
2013-12-31,20.2,held_out,12.267459794281363,9.961973627246493,9.261588357112386,11.004142386812372
2014-01-01,19.6,held_out,12.092648712965502,9.576829630357452,9.12173897823619,10.660851981413565
2014-01-02,19.6,held_out,11.920328686412672,9.206575845377216,8.984001315840791,10.328271025083694
2014-01-03,19.6,held_out,11.750464217137324,8.850636595643346,8.848343483145342,10.006065420808811
2014-01-04,19.6,held_out,11.583020313492444,8.508458460967766,8.71473407485731,9.693911494222673
2014-01-05,19.6,held_out,11.417962482461354,8.179509417169978,8.583142159902023,9.391495668456912
2014-01-06,19.6,held_out,11.255256722552245,7.863278008877124,8.453537274262013,9.098514149134749
2014-01-07,19.6,held_out,11.094869516793954,7.559272554304792,8.32588941392449,8.814672619191766
2014-01-08,19.6,held_out,10.936767825831556,7.267020380782092,8.200169027935292,8.539685943217224
2014-01-09,19.6,held_out,10.780919081120336,6.986067089832439,8.076347011557734,8.273277881018862
2014-01-10,18.9,held_out,10.627291178216757,6.715975850667336,7.9543946995347525,8.015180810123486
2014-01-11,18.2,held_out,10.47585247016502,6.456326720994699,7.834283859452795,7.765135456934532
2014-01-12,18.0,held_out,10.326571760977888,6.206715994085685,7.715986685205906,7.522890636276599
2014-01-13,18.0,held_out,10.179418299210367,5.966755571084841,7.599475790558512,7.2882029990652475
2014-01-14,18.0,held_out,10.034361771625012,5.7360723575876404,7.48472420280541,7.060836787848614
2014-01-15,18.0,held_out,9.891372296947461,5.514307683547171,7.371705356527478,6.840563599975268
2014-01-16,18.0,held_out,9.75042041971097,5.3011167456080655,7.26039308744169,6.627162158150407
2014-01-17,18.0,held_out,9.611477104188673,5.096168071000577,7.150761626343982,6.420418088149865
2014-01-18,17.5,held_out,9.474513728412287,4.8991430021612805,7.042785593143589,6.220123703468673
2014-01-19,17.2,held_out,9.339502078276064,4.709735201279065,6.936439990987456,6.026077796687832
2014-01-20,17.2,held_out,9.20641434172475,4.52765017399607,6.8317002004733745,5.83808543734969
2014-01-21,17.2,held_out,9.075223103024381,4.3526048115230305,6.728541973950503,5.6559577761389015
2014-01-22,17.2,held_out,8.94590133711471,4.184326950457081,6.626941429905942,5.479511855172253
2014-01-23,17.2,held_out,8.818422404042108,4.022554949617621,6.526875047436074,5.308570424206768
2014-01-24,17.2,held_out,8.69276004347181,3.8670372832423325,6.428319660801392,5.142961762581483
2014-01-25,17.5,held_out,8.568888369278351,3.7175321499107805,6.3312524540635415,4.9825195067140005
2014-01-26,17.2,held_out,8.446781864213076,3.5738070965875965,6.235650955803339,4.827082482978543
2014-01-27,17.0,held_out,8.326415374647683,3.4356386572006885,6.1414930339185725,4.676494545797625
2014-01-28,16.5,held_out,8.2077641053926,3.302812005192525,6.04875689050032,4.530604420784692
2014-01-29,16.2,held_out,8.090803614589278,7.878080657585302,5.95742105678666,8.507626949073222
2014-01-30,16.7,held_out,7.975509808675201,12.781372106518315,5.867464388192576,12.837093575676095
2014-01-31,16.5,held_out,7.86185893742069,12.287226174896203,5.778866059414901,12.43662156224436
2014-02-01,16.0,held_out,7.7498275890364114,11.812184624220345,5.691605559611185,12.048642862240355
2014-02-02,15.8,held_out,7.6393926853506064,11.35550885209014,5.605662687651359,11.672767728377965
2014-02-03,15.8,held_out,7.530531477055052,10.916488811518946,5.5210175474410965,11.308618572110843
2014-02-04,15.8,held_out,7.423221539018754,10.494441906941361,5.437650543315796,10.955829584322679
2014-02-05,15.8,held_out,7.317440765668431,10.088711932902424,5.355542375504113,10.614046367850516
2014-02-06,15.8,held_out,7.21316736643483,9.698668053778622,5.274674035659983,10.28292558147212
2014-02-07,15.8,held_out,7.110379861263911,9.32370382294429,5.19502680246213,9.962134594999629
2014-02-08,15.8,held_out,7.0090570761920175,8.96323623985845,5.116582237280005,9.651351155133073
2014-02-09,15.8,held_out,6.909178138984098,8.616704843606,5.039322179905172,9.350263061738124
2014-02-10,15.8,held_out,6.810722474834072,8.283570841483886,4.963228744347159,9.058567854222785
2014-02-11,15.8,held_out,6.713669802126477,7.963316271277352,4.888284314692779,8.775972507698054
2014-02-12,15.8,held_out,6.618000128258505,7.655443195923804,4.8144715410279835,8.502193138617283
2014-02-13,15.6,held_out,6.5236937455215775,7.359472929312079,4.741773335421294,8.236954719598575
2014-02-14,15.4,held_out,6.43073122704161,7.074945292013421,4.670172867967876,7.979990803143681
2014-02-15,15.4,held_out,6.339093422777124,6.801417895786964,4.599653562893363,7.731043253975927
2014-02-16,15.4,held_out,6.248761455574385,6.538465455747219,4.530199094716495,7.489861989728227
2014-02-17,15.4,held_out,6.159716717278766,6.285679129124161,4.461793384469711,7.25620472972073
2014-02-18,15.4,held_out,6.0719408649015,6.042665879587777,4.394420595976815,7.029836751575718
2014-02-19,15.4,held_out,5.985415816841087,5.809047866148732,4.328065132186829,6.810530655425237
2014-02-20,15.4,held_out,5.900123749158517,5.584461855684991,4.262711631563231,6.598066135474656
2014-02-21,16.2,held_out,5.816047091905597,5.368558658181001,4.198344964527695,6.392229758692606
2014-02-22,16.7,held_out,5.733168525505572,5.161002583801329,4.1349502299575365,6.1928147504050255
2014-02-23,17.5,held_out,5.651470977185351,4.961470920954583,4.0725127517360535,5.999620786577911
2014-02-24,17.2,held_out,5.570937617458546,4.769653434536142,4.0110180753549445,5.812453792580112
2014-02-25,17.2,held_out,5.491551856658653,4.5852518835695255,3.950451964568039,5.6311257482240205
2014-02-26,17.5,held_out,5.413297341521613,4.407979557496413,3.890800398095554,5.455454498888301
2014-02-27,17.5,held_out,5.336157951817088,4.23756083039438,3.8320495663781133,5.285263572532919
2014-02-28,17.2,held_out,5.260117797027731,4.073730732429178,3.7741858683797855,5.120382002422669
2014-03-01,17.0,held_out,5.185161213075781,3.916234537875291,3.717195908439394,4.960644155381087
2014-03-02,17.2,held_out,5.1112727590963045,3.7648273690641947,3.6610664931693693,4.805889565402241
2014-03-03,17.7,held_out,5.038437214256415,3.619273815644536,3.605784628401432,4.6559627724532495
2014-03-04,18.0,held_out,4.966639574619819,3.479347568562262,3.551337516178395,4.510713166305592
2014-03-05,17.7,held_out,4.89586505005605,3.344831068191578,3.4977125517913863,4.369994835238328
2014-03-06,17.4,held_out,4.826099061193727,3.2155151660696784,3.4448973208618177,4.233666419461237
2014-03-07,18.2,held_out,4.757327236417254,3.091198799709279,3.3928795964674023,4.1015909691106565
2014-03-08,18.8,held_out,4.6895354089063,2.9716886799833633,3.3416473363115835,3.973635806675327
2014-03-09,18.8,held_out,4.622709613717464,2.8567989905960736,3.291188679935694,3.849672393714079
2014-03-10,18.8,held_out,4.556836084907541,2.746351099172487,3.2414919459732183,3.7295762017314598
2014-03-11,18.8,held_out,4.491901252697766,2.640173279518063,3.1925456294455117,3.61322658708157
2014-03-12,18.5,held_out,4.42789174067848,2.538100444615939,3.144338399098354,3.500506669774476
2014-03-13,19.1,held_out,4.36479436305362,3.0800830978930236,3.0968590947787247,3.8271987023971663
2014-03-14,20.4,held_out,4.302596121924477,9.389665570885242,3.050096724851183,9.010715380048067
2014-03-15,20.8,held_out,4.241284204612169,14.49868399871093,3.004040463653266,13.280500542086395
2014-03-16,21.2,held_out,4.180845981018254,16.292251274866523,2.958679648989305,14.68967322165049
2014-03-17,21.6,held_out,4.121269001022969,20.437706901631675,2.9140037796620915,18.010195639728483
2014-03-18,22.0,held_out,4.062540991920531,25.00013544505309,2.870002513041806,21.80322158177998
2014-03-19,22.4,held_out,4.004649855890992,26.902920962603677,2.8266656626716653,23.448661227214124
2014-03-20,23.6,held_out,3.947583667508125,32.80683696808538,2.783983195909716,28.44687834478891
2014-03-21,26.0,held_out,3.8913306712828093,36.92129791360013,2.7419452316062443,31.888397751800586
2014-03-22,27.1,held_out,3.835879279241433,41.78633021893577,2.70054203781625,35.981102430420776
2014-03-23,27.7,held_out,3.7812180685388,46.64359359429372,2.6597640295464666,40.01249695986647
2014-03-24,27.7,held_out,3.7273357791050516,51.90885249776981,2.6196017665363995,44.39761095869681
2014-03-25,27.1,held_out,3.674221311326124,53.50692453245289,2.580045951072871,45.897696312953975
2014-03-26,26.0,held_out,3.621863723757252,54.795301712504234,2.5410874258375644,47.13706721659344
2014-03-27,27.1,held_out,3.5702522308690643,55.27121324570148,2.5027171717870704,47.67991530408561
2014-03-28,27.1,held_out,3.5193762008257847,53.13434993137449,2.464926306064948,46.19247022397322
2014-03-29,26.0,held_out,3.469225153295109,51.30175890539721,2.4277060799453043,44.84575831529101
2014-03-30,26.5,held_out,3.4197887572892784,53.9501401849548,2.391047876807439,47.10028745852338
2014-03-31,27.1,held_out,3.3710568290369247,57.674471372348464,2.354943210141059,50.28333653721917
2014-04-01,31.3,held_out,3.3230193298852364,64.30454325961765,2.319383721581623,55.73504176303031
2014-04-02,35.3,held_out,3.2756663642320265,66.0117159757011,2.284361178975348,62.137920875318116
2014-04-03,37.4,held_out,3.228988177487259,63.641429332810404,2.2498674744734344,63.28094436351912
2014-04-04,38.8,held_out,3.182975154063632,61.18096162047565,2.2158946226550706,61.30680223767695
2014-04-05,38.1,held_out,3.1376178153957883,60.40224263954258,2.1824347586787756,60.608649591881964
2014-04-06,37.4,held_out,3.092906817987757,58.83544302564914,2.1494801364616634,59.30741075282255
2014-04-07,37.4,held_out,3.048832951488216,56.560781544548696,2.1170231268861905,57.457228851787754
2014-04-08,36.0,held_out,3.0053871367931855,54.374061695014554,2.0850562160339914,55.66476609619305
2014-04-09,34.6,held_out,2.9625604241757535,52.447690752945846,2.053572003446376,53.928221852409656
2014-04-10,34.6,held_out,2.920343991442454,52.49178478037623,2.0225632004110983,53.9917923848404
2014-04-11,37.4,held_out,2.87872914211592,53.768673657670526,1.9920226282749889,55.186066096863854
2014-04-12,40.5,held_out,2.8377073036434313,52.70643979645667,1.961943216782073,54.27750949048393
2014-04-13,42.7,held_out,2.7972700256309886,54.02536987139444,1.932318002436778,55.516779078723445
2014-04-14,40.5,held_out,2.757408978102555,51.93667262481991,1.9031401268918613,53.784851507592506
2014-04-15,38.8,held_out,2.718115949784103,49.928727369360544,1.8744028353606739,52.106953964165264
2014-04-16,38.8,held_out,2.679382846412112,48.987657117754814,1.8460994750534034,51.28139374334968
2014-04-17,38.8,held_out,2.6412016890661705,47.09372497473457,1.8182234936369301,49.681595246679194
2014-04-18,40.5,held_out,2.6035646125253398,45.27301492832824,1.7907684377179354,48.131704816914194
2014-04-19,41.9,held_out,2.5664638636479373,43.52269610866948,1.763727951348918,46.63016549850843
2014-04-20,44.3,held_out,2.5298917997744113,41.840047091326795,1.7370957745567681,45.175468907433746
2014-04-21,45.9,held_out,2.493840887152969,40.22245166598802,1.7108657418935618,43.76615371592008
2014-04-22,48.3,held_out,2.4583036993876473,38.66739476873373,1.6850317810092352,42.40080418446633
2014-04-23,51.5,held_out,2.4232729159084903,37.17245857157448,1.6595879112458134,41.07804873964721
2014-04-24,55.1,held_out,2.388741320463533,35.73531872317219,1.634528242252866,39.79655859628763
2014-04-25,68.5,held_out,2.3547017996322714,40.2907890749616,2.6468856587790586,39.598950262938864
2014-04-26,76.0,held_out,2.3211473413603154,40.5558612617726,2.6069178583258785,39.1978419436668
2014-04-27,65.5,held_out,2.2880710335149224,39.10449128664295,2.567553569047338,37.97500761650234
2014-04-28,74.9,held_out,4.726468161217287,43.2472743365118,12.485708448619427,41.754106174078814
2014-04-29,91.8,held_out,15.957998341668812,56.81705008993768,23.12473741326084,53.90975540808511
2014-04-30,89.4,held_out,15.947885728840063,54.62042253581194,22.93432080574016,52.22796130378754
2014-05-01,87.0,held_out,23.97926789400234,61.75297199492402,31.179670742265557,57.86646945865099
2014-05-02,91.8,held_out,31.028177617288225,67.71788821819186,38.35351998347329,62.40461523666275
2014-05-03,99.0,held_out,38.766360347314816,74.41495106236478,46.34931781038553,67.76685900601572
2014-05-04,103.0,held_out,48.280062478578465,83.22318473321931,56.216490911908885,74.85914924696841
2014-05-05,107.0,held_out,59.392777515825124,94.98070093154494,67.76641878337986,83.47575744820057
2014-05-06,118.0,held_out,70.31175447688898,106.12555936189058,79.08802494312826,92.33063957120622
2014-05-07,130.0,held_out,81.01978276689874,116.72014302001479,90.17798842093869,100.99813562125628
2014-05-08,141.0,held_out,90.2224128077509,124.09251073285319,99.63933554201397,107.2586596188817
2014-05-09,145.0,held_out,98.81209241232766,130.72050112813363,108.49082182583821,112.9155797117988
2014-05-10,146.0,held_out,108.70904837272289,139.65348453024808,118.72584456509658,120.34230973648941
2014-05-11,172.0,held_out,116.20374949844474,144.29428313037982,126.30937208404059,124.57538498306609
2014-05-12,137.0,held_out,120.38734670578579,144.67022786131406,130.31193649441562,125.31324666564971
2014-05-13,133.0,held_out,122.21910804719366,142.57788474842397,132.01596105747984,124.05289024033293
2014-05-14,130.0,held_out,128.16773134869334,145.7827709913139,138.0774210087977,127.0061913164704
2014-05-15,134.0,held_out,137.40246489288,153.65692276997112,147.60718923592498,133.60673502487404
2014-05-16,137.0,held_out,146.52824452080472,161.05715916636703,156.97729926128306,139.92438424389636
2014-05-17,141.0,held_out,155.6173115934693,168.5796854414256,166.3437712466639,146.31147612479467
2014-05-18,146.0,held_out,167.49936261784075,181.70369665420947,178.65407625587233,157.21648426057195
2014-05-19,152.0,held_out,180.24769607166104,196.06212848607342,191.8086939384923,169.27037460342225
2014-05-20,154.0,held_out,190.27981797250357,204.6350675578516,202.06657047032084,176.7937680194631
2014-05-21,149.0,held_out,195.11301198636767,205.05546701621336,206.85308130060582,177.8480136272245
2014-05-22,139.0,held_out,194.13379482011854,198.2027912339366,205.4806158526874,173.06832473190894
2014-05-23,131.0,held_out,194.10954594591237,193.02507928124245,205.1918568422321,169.50444334061834
2014-05-24,133.0,held_out,199.88526186823455,195.24266989472932,211.01126247895647,171.83891337928088
2014-05-25,137.0,held_out,209.78251635870194,204.39209921125274,221.1748252470035,179.89603247372426
2014-05-26,143.0,held_out,223.36160271767017,208.18703884628158,230.28984611449127,194.67020851822943
2014-05-27,149.0,held_out,237.75958181192144,207.35734920231857,227.56097449852697,208.2495597669892
2014-05-28,148.0,held_out,241.17762370469777,205.0121154824653,224.12481865646328,209.78183132444462
2014-05-29,151.0,held_out,238.15791803167534,204.17921905433099,220.91036698447934,204.7060259515254
2014-05-30,154.0,held_out,238.7792132472049,206.40294419320495,221.23543882519522,204.90759499091618
2014-05-31,157.0,held_out,240.61094828953458,206.53949039104413,222.74344914537895,205.44308684721543
2014-06-01,146.0,held_out,237.18224660619703,198.6805517792322,219.38003762128537,199.03935310572825
2014-06-02,136.0,held_out,233.80240386014762,191.11718388083494,216.06741339138068,192.83002776113184
2014-06-03,130.0,held_out,231.7238259754075,186.84936899227756,213.52949629110628,188.58849138260928
2014-06-04,127.0,held_out,228.42176562512267,179.78235374129767,210.30521485290936,182.70519603940542
2014-06-05,128.0,held_out,225.16675957540895,174.66621870176257,207.12961985369756,178.6533102675037
2014-06-06,131.0,held_out,221.95813730332992,172.49132236162944,204.00197613142424,180.03892640552513
2014-06-07,135.0,held_out,220.80979981854523,176.47761885148344,202.10576003934932,180.2998963316046
2014-06-08,139.0,held_out,223.08217359885896,183.1693593385056,204.05370848742314,184.14644951983158
2014-06-09,135.0,held_out,220.59677115862527,180.98596988182177,201.44217300599237,181.99804523939613
2014-06-10,130.0,held_out,218.65800952655226,179.82301023333994,199.3599616563008,183.50790516086496
2014-06-11,135.0,held_out,215.90730093957245,179.63585951237565,196.48257772149287,185.71824431254072
2014-06-12,136.0,held_out,214.27986838599458,181.68850343185136,194.68556197221454,196.97064109844897
2014-06-13,143.0,held_out,212.74584822666498,185.43020477934536,192.9673558434023,228.59430198422774
2014-06-14,155.0,held_out,209.71422371779153,189.37665578891892,190.0535613820713,250.1716402554443
2014-06-15,162.0,held_out,208.10704996757113,198.23365163992588,187.94406223507096,203.97959371924597
2014-06-16,162.0,held_out,208.74840026302175,204.05307247272037,188.3391853561724,213.73273399045385
2014-06-17,159.0,held_out,205.77373931569625,204.65102562253745,185.49527596671197,209.96948318146934
2014-06-18,153.0,held_out,203.98436775666826,207.69856295291123,183.3042462666993,211.69974547651827
2014-06-19,153.0,held_out,202.00333219060195,209.67126627475096,181.1848518089953,214.99254797817494
2014-06-20,154.0,held_out,199.37025692818477,210.9265637348544,178.44897238850635,223.46375438062512
2014-06-21,158.0,held_out,196.52923435462122,212.35520575733995,175.754404568456,239.3988832941006
2014-06-22,162.0,held_out,193.72869630160682,214.94927206850332,173.1005245463776,243.02835577336896
2014-06-23,163.0,held_out,190.96806586545222,217.6566426853429,170.48671793918112,236.78665769873308
2014-06-24,163.0,held_out,188.2467743633354,219.58717105963365,167.91237964092085,225.54204450352913
2014-06-25,165.0,held_out,185.56426121615414,220.2377344649686,165.3769136827115,241.96321981344545
2014-06-26,167.0,held_out,182.91997383304843,218.4532772909803,162.87973309475882,251.45456511842798
2014-06-27,169.0,held_out,180.3133674975681,210.31850657908478,160.42025977047422,209.90491985195465
2014-06-28,169.0,held_out,177.74390525546255,202.2554465021661,157.9979243326408,201.32103325273428
2014-06-29,170.0,held_out,175.21105780406958,194.77606785729228,155.61216600160034,195.12326224304
2014-06-30,172.0,held_out,172.71430338328045,187.29774975703342,153.26243246543095,189.03610511224662
2014-07-01,173.0,held_out,170.25312766805848,180.05655372009045,150.94817975208446,183.1388458004473
2014-07-02,172.0,held_out,167.8270236624897,173.1585026975443,148.66887210345524,177.42556016589842
2014-07-03,163.0,held_out,165.43549159534257,166.4639499593347,146.42398185135002,171.89050887917065
2014-07-04,155.0,held_out,163.0780388171167,160.02821810295592,144.2129892953307,166.52813165765681
2014-07-05,147.0,held_out,160.75417969855823,154.38870307533332,142.03538258240184,161.33304167994316
2014-07-06,143.0,held_out,158.46343553062147,148.7380544236598,139.89065758851484,156.30002017443232
2014-07-07,140.0,held_out,156.20533442585588,143.0589192984059,137.77831780186125,151.42401117678202
2014-07-08,137.0,held_out,153.97941122119875,137.88944212962656,135.6978742079284,146.70011645089332
2014-07-09,136.0,held_out,151.78520738215252,132.6477683877521,133.6488451762909,142.12359056834632
2014-07-10,136.0,held_out,149.6222709083281,127.51941796173396,131.6307563491113,137.68983614133958
2014-07-11,136.0,held_out,147.49015624033365,122.62239345367159,129.64314053132446,133.39439920434552
2014-07-12,133.0,held_out,145.3884241679908,117.95741990896619,127.68553758248017,129.23296473984155
2014-07-13,130.0,held_out,143.31664173985814,115.15440751735207,125.75749431021899,125.2013523436227
2014-07-14,130.0,held_out,141.27438217404477,110.7023751761581,123.85856436535644,121.29551202534131
2014-07-15,125.0,held_out,139.26122477029384,106.4224647050198,121.98830813855164,117.51152014005481
2014-07-16,122.0,held_out,137.27675482331958,102.30802162888371,120.1462926585359,113.84557544669511
2014-07-17,119.0,held_out,135.32056353737923,98.35264874411831,118.33209149187849,110.29399528949965
2014-07-18,115.0,held_out,133.39224794206194,94.55019617203655,116.54528464426558,106.85321189856839
2014-07-19,114.0,held_out,131.4914108092779,90.8947517969638,114.78545846327002,103.5197688058305
2014-07-20,112.0,held_out,129.61766057143055,87.57113467265124,113.05220554258929,100.29031737281984
2014-07-21,110.0,held_out,127.77061124075442,84.34226578514046,111.3451246277294,97.16161342677219
2014-07-22,107.0,held_out,125.9498823298028,81.2190376783948,109.663820523113,94.1305140016637
2014-07-23,112.0,held_out,124.15509877306826,78.0789947546328,108.00790400059012,91.19397418091809
2014-07-24,108.0,held_out,122.38589084972011,75.20036681849916,106.3769917093304,88.34904403860972
2014-07-25,107.0,held_out,120.64189410744282,72.29301422676133,104.77070608707604,85.59286567609065
2014-07-26,103.0,held_out,118.9227492873598,69.49806400020194,103.18867527273456,82.92267035106428
2014-07-27,102.0,held_out,117.22810225002699,66.8111705043308,101.63053302029174,80.33577569622199
2014-07-28,104.0,held_out,115.55760390248103,64.22815611303636,100.09591861402419,77.8295830246482
2014-07-29,106.0,held_out,113.91091012632702,67.8372702188034,98.58447678499238,75.40157471928755
2014-07-30,97.0,held_out,112.28768170685102,65.21458536058886,97.09585762879459,73.04931170385133
2014-07-31,92.2,held_out,110.68758426314258,62.69329721016226,95.62971652456264,70.77043099262282
2014-08-01,89.8,held_out,109.11028817921327,60.26948562732145,94.18571405518097,68.56264331669985
2014-08-02,88.2,held_out,107.55546853609654,57.93938203003164,92.76351592871026,66.42373082429056
2014-08-03,86.6,held_out,106.02280504491529,55.79258215927759,91.36279290099766,64.35154485275142
2014-08-04,85.0,held_out,104.51198198090312,55.27295674187344,89.98322069945547,62.34400377013008
2014-08-05,75.8,held_out,103.0226881183659,53.865220895688786,88.62447994799089,60.454685590086214
2014-08-06,66.5,held_out,101.55461666657004,51.80325367851224,87.28625609306924,58.56871276322153
2014-08-07,71.7,held_out,100.10746520654435,49.80046658830852,85.96823933089367,56.74157563236541
2014-08-08,73.9,held_out,98.68093562878256,47.87511008100948,84.67012453568438,54.97143873145201
2014-08-09,75.0,held_out,97.27473407183352,46.02419058071369,83.39161118904094,53.25652385447883
2014-08-10,76.2,held_out,95.88857086176644,44.24483024740003,82.13240331037113,51.59510826919474
2014-08-11,75.0,held_out,94.52216045249885,42.68434341319146,80.89220938837028,49.985522986514844
2014-08-12,75.0,held_out,93.1752213669748,41.03410629734748,79.6707423135354,48.42615108392329
2014-08-13,75.0,held_out,91.84747613918132,39.44766968353177,78.46771931169825,46.915426081180065
2014-08-14,72.8,held_out,90.53865125699114,37.926784363402426,77.282861878562,45.45183036670009
2014-08-15,71.7,held_out,89.24847710581993,38.28595913826475,76.11589571522654,44.03389367302358
2014-08-16,68.5,held_out,87.97668791308622,38.27060411742525,74.96655066468722,42.66019159984648
2014-08-17,65.5,held_out,86.72302169346317,38.53736214882504,73.83456064929247,41.730740982325216
2014-08-18,61.8,held_out,85.48722019491005,38.52356338573511,72.71966360914591,40.84668783224076
2014-08-19,62.7,held_out,84.26902884547309,37.064436352434946,71.62160144143846,39.572415332647054
2014-08-20,64.5,held_out,83.06819670084428,35.631472795878935,70.54011994069656,38.33789563773337
2014-08-21,65.5,held_out,81.88447639266751,34.25390963810122,69.4749687399327,37.1418886002938
2014-08-22,67.5,held_out,80.71762407758122,32.92960502129198,68.42590125268455,35.9831927613384
2014-08-23,68.5,held_out,79.56739938698742,31.656499894895102,67.3926746159292,34.860644143157394
2014-08-24,68.5,held_out,78.43356537753633,30.432614814162616,66.37504963385952,33.7731150800375
2014-08-25,66.5,held_out,77.3158884823166,29.256046862481437,65.37279072250944,32.71951308545579
2014-08-26,65.5,held_out,76.21413846274116,28.22054781343278,64.38566585521541,31.698779754613145
2014-08-27,64.5,held_out,75.12808836111871,27.12950150213392,63.4134465089013,30.709889701204734
2014-08-28,63.6,held_out,74.05751445390096,26.080636585089643,62.4559076111745,29.751849527359525
2014-08-29,63.6,held_out,73.00219620559609,25.072322269910266,61.512827488220836,28.823696825714034
2014-08-30,63.6,held_out,71.96191622333916,24.102990812947507,60.5839878134862,27.924499212617903
2014-08-31,63.6,held_out,70.93646021210957,23.171135081740925,59.669173557133234,27.053353391499975
2014-09-01,64.5,held_out,69.92561693058693,22.27530621170362,58.768172936261024,26.209384245454103
2014-09-02,63.6,held_out,68.9291781476359,21.414111353403822,57.88077736587666,25.391743958133052
2014-09-03,60.9,held_out,67.94693859941101,20.586211506939698,57.00678141060695,24.599611162067404
2014-09-04,57.6,held_out,66.97869594707296,19.790319440040356,56.14598273713944,23.832190113553928
2014-09-05,56.8,held_out,66.02425073510723,19.025197686655943,55.29818206738147,23.088709893284506
2014-09-06,54.2,held_out,65.08340635023679,18.289656622925165,54.46318313232652,22.36842363191261
2014-09-07,51.2,held_out,64.15596898092028,17.58255261752854,53.640792626617284,21.670607759779394
2014-09-08,51.2,held_out,63.24174757742731,16.90278625355166,52.830820163794705,20.99456128004567
2014-09-09,50.6,held_out,62.340553812482725,16.24930061909376,52.03307823222279,20.339605064499576
2014-09-10,50.0,held_out,61.45220204247163,15.621079663963688,51.24738215167904,19.705081171332623
2014-09-11,50.0,held_out,60.57650926919733,15.017146619908434,50.4735500306002,19.090352184198654
2014-09-12,48.8,held_out,59.71329510218413,14.4365624819178,49.711402723973755,18.49480057189187
2014-09-13,48.8,held_out,58.86238172151733,13.878424548244,48.96076379186517,17.91782806800063
2014-09-14,48.2,held_out,58.023593841212886,13.341865016866167,48.221459458571374,17.358855069913872
2014-09-15,47.6,held_out,57.1967586731088,12.82604963621752,47.49331857239109,16.8173200565764
2014-09-16,47.0,held_out,56.38170589127133,13.000821866296494,46.7761725660025,16.292679024408155
2014-09-17,45.3,held_out,55.578267596908184,12.49819169643407,46.069855417439356,15.78440494082081
2014-09-18,45.9,held_out,54.78627828378186,12.188762595023325,45.37420361165625,15.291987214782738
2014-09-19,45.3,held_out,54.00557480411575,16.660657655169807,44.68905610267426,15.755314708642118
2014-09-20,45.3,held_out,53.23599633498615,16.0165330549438,44.014254276298225,15.263804495179473
2014-09-21,44.2,held_out,52.477384345193094,15.397311223216109,43.349641913396965,14.78762766568316
2014-09-22,41.4,held_out,51.72958256260338,14.802029383718496,42.69506515373797,14.326305872689757
2014-09-23,40.8,held_out,50.9924369419589,15.229115686280657,42.05037246036819,14.191972005773835
2014-09-24,39.7,held_out,50.265795633143696,17.271045946453135,41.415414584532655,15.562328157072232
2014-09-25,39.2,held_out,49.5495089499032,25.504628692592846,41.432881033176976,22.661434617126897
2014-09-26,39.2,held_out,48.843429339009326,24.518583657604,40.80724723753421,21.954477836382665
2014-09-27,39.7,held_out,48.147411349864804,23.57066051894798,40.191060471315645,21.26957561212545
2014-09-28,39.7,held_out,47.46131160454076,27.972090656978825,41.689559589404794,24.303593391079907
2014-09-29,38.6,held_out,46.784988768241234,27.074588800292013,41.060049964338916,23.545407052281686
2014-09-30,38.6,held_out,46.11830352018856,26.46629373032974,40.44004589346821,28.407732052209468
2014-10-01,38.1,held_out,45.46111852492367,40.52102618497014,44.96316407691456,34.81032181104646
2014-10-02,37.6,held_out,44.81329840401526,52.4194261586735,52.747191757348915,45.58757920073663
2014-10-03,37.6,held_out,44.17470970817229,58.63036817844942,57.01071499799666,51.32817824462176
2014-10-04,37.6,held_out,44.74856953322642,65.23331083168118,61.619356633559136,57.45656734327627
2014-10-05,37.0,held_out,44.1109032226274,62.71129872804511,60.68890837569239,55.66412522441245
2014-10-06,37.0,held_out,44.52518787826809,62.41408058375715,60.568822214713684,55.36485527301114
2014-10-07,36.5,held_out,46.89745683449785,64.70270324073265,62.42751015159357,57.63290042181985
2014-10-08,36.5,held_out,53.414249105365194,72.97598081562894,68.26528986097065,65.33299171580381
2014-10-09,36.0,held_out,52.653097016801894,70.15462613432787,67.23448844573299,63.29483295488904
2014-10-10,36.0,held_out,51.902791331803705,67.44234901729843,66.21925206449457,61.320257554013324
2014-10-11,35.5,held_out,51.163177489315004,65.84347476758632,65.21934568625935,60.24231721746002
2014-10-12,35.5,held_out,50.43410313077244,63.297872862789816,64.23453782898387,58.362969534306686
2014-10-13,35.5,held_out,49.71541806871943,60.850687529727686,63.26460050598849,56.54225086606033
2014-10-14,35.0,held_out,49.00697425586795,58.49811384447458,62.30930917317744,54.778332194376034
2014-10-15,35.0,held_out,48.308625754601174,56.23649398684817,61.36844267705619,53.069441559826075
2014-10-16,35.0,held_out,47.62022870691069,54.06231155317031,60.44178320353349,51.413862281863075
2014-10-17,34.5,held_out,47.011042651575444,51.97218608890486,59.5487482840195,49.80993123431399
2014-10-18,34.5,held_out,47.591461908414736,51.677098166700894,59.7105537748233,49.68442296117343
2014-10-19,34.1,held_out,50.23476721940421,54.149787461769456,61.89001204705961,51.287055520759964
2014-10-20,34.1,held_out,52.45587814369624,56.607516417145334,63.677949334209934,53.58432279690696
2014-10-21,35.0,held_out,55.9377083625841,60.873200072360646,66.67027658536276,57.5152533431571
2014-10-22,34.1,held_out,61.79505495820086,68.49401295094951,71.94479825025873,64.51680199502287
2014-10-23,33.6,held_out,62.04195017068634,67.79257620917963,71.83723520245358,64.02182049127005
2014-10-24,33.6,held_out,65.15470853425487,71.28406548820455,74.48469997896827,67.3205665266562
2014-10-25,33.6,held_out,64.22625511009917,68.52812264756726,73.35998587743522,65.2204024464177
2014-10-26,33.6,held_out,63.31103213053021,66.15920395954079,72.2522548853266,63.185756073344926
2014-10-27,33.2,held_out,62.40885106195067,69.39530184254572,71.16125055880005,66.2160652566038
2014-10-28,33.2,held_out,61.51952605736368,66.71238127710079,70.0867203262985,64.15035771785955
2014-10-29,33.2,held_out,60.64287391808867,64.13318621712048,69.0284154300789,62.14909296379435
2014-10-30,33.2,held_out,59.77871405602299,61.65370648778913,67.98609086862382,60.21026060696501
2014-10-31,32.7,held_out,58.92686845644121,59.27008695332402,66.95950533992279,58.331912976921274
2014-11-01,32.7,held_out,58.087161641324535,56.978621522946845,65.94842118560983,56.512163163657
2014-11-02,33.6,held_out,57.25942063321276,54.77574738859307,64.95260433594487,54.749183122098756
2014-11-03,34.1,held_out,56.4434749195714,53.72890423775922,63.971824255625556,53.866880096024914
2014-11-04,34.5,held_out,55.639156417666506,53.44431988117804,63.00585389041751,53.725351743512945
2014-11-05,34.5,held_out,54.84629943994006,51.378086849426595,62.0544696145905,52.04931038273165
2014-11-06,34.5,held_out,54.06474065987879,49.898393520645996,61.11745117914818,50.73425957447713
2014-11-07,34.5,held_out,53.294319078369256,50.3214960760456,60.19458166083967,51.20722273121749
2014-11-08,34.5,held_out,52.5348759905325,48.37599583147995,59.285647411940964,49.609738108352765
2014-11-09,34.5,held_out,51.786254953031275,46.5057113793042,58.390438010794774,48.062089367697176
2014-11-10,34.1,held_out,51.04830175184301,44.70773477055222,57.50874621309706,46.562721805612235
2014-11-11,34.1,held_out,50.32086437049224,42.97927048167966,56.64036790391921,45.11012921972597
2014-11-12,34.1,held_out,49.60379295873549,41.31763106803821,55.785102050454746,43.70285239586453
2014-11-13,34.1,held_out,48.89693980169259,39.720232985392464,54.94275065547937,42.339477642186296
2014-11-14,34.1,held_out,48.20015928941775,38.18459257298289,54.11311871151397,41.01863536904572
2014-11-15,34.1,held_out,47.51330788690427,36.70832219188941,53.2960141556796,39.738998713160484
2014-11-16,34.1,held_out,46.836244104516744,35.28912651269116,52.491247825234254,38.499282204699774
2014-11-17,34.1,held_out,46.168828468844495,33.924798946650654,51.69863341378094,37.29824047595467
2014-11-18,34.1,held_out,45.51092349397044,32.61321821487334,50.9179874281371,36.13466701029346
2014-11-19,34.1,held_out,44.862393653149354,36.89021930753636,50.14912914585527,39.860132540272815
2014-11-20,34.1,held_out,44.22310535088969,42.16467699334351,49.39188057338506,44.33892197452244
2014-11-21,34.1,held_out,43.592926895433244,43.05836962611648,48.64606640486713,45.10200155241379
2014-11-22,34.1,held_out,42.97172847162701,41.393672127623695,47.911513981549106,43.69497828308741
2014-11-23,34.1,held_out,42.359382114181564,39.79333419001423,47.18805325181452,42.331849173937606
2014-11-24,34.5,held_out,41.75576168131056,38.254867581593814,46.475516731815205,41.01124488208314
2014-11-25,34.5,held_out,41.16074282874583,36.77588026922641,45.77373946669811,39.731838783307786
2014-11-26,34.1,held_out,40.5742029841228,35.35407269916184,45.08255899241774,38.492345639388844
2014-11-27,34.5,held_out,39.99602132173088,33.987234221651775,44.40181529812502,37.29152030700012
2014-11-28,34.5,held_out,39.42607873762367,32.673239653795335,43.73135078912428,36.12815648689271
2014-11-29,34.5,held_out,38.86425782508389,31.41004597526975,43.07101025038942,35.001085512096864
2014-11-30,34.5,held_out,38.310442850437845,30.195689151808878,42.42064081063111,33.90917517392769
2014-12-01,34.5,held_out,37.764519729214626,29.028281081490455,41.7800919069065,32.85132858461536
2014-12-02,34.1,held_out,37.226376002644955,27.90600665908426,41.149215249763316,31.826483075417176
2014-12-03,34.1,held_out,36.69590081449502,26.82712095389667,40.52786478891035,30.83360912910475
2014-12-04,34.1,held_out,36.17298488823034,25.78994649672383,39.91589667940622,29.87170934575372
2014-12-05,33.6,held_out,35.657520504505065,24.792870671694942,39.31316924835876,28.93981744079722
2014-12-06,33.6,held_out,35.1494014789721,23.83434320895069,38.719542962127235,28.036997274336564
2014-12-07,33.6,held_out,34.6485231404094,22.912873774258184,38.13488039401976,27.162341910733957
2014-12-08,33.6,held_out,34.15478230915792,22.027029651814832,37.5590461924785,26.31497270754265
2014-12-09,33.6,held_out,33.66807727586692,21.17543351663832,36.9919070497453,25.494038432859238
2014-12-10,33.2,held_out,33.188307780542075,20.356761293079092,36.43333167100046,24.698714410211416
2014-12-11,33.2,held_out,32.71537499189217,19.5697400961258,35.883190743967454,23.92820169012229
2014-12-12,33.2,held_out,32.249181486970116,18.81314625230281,35.3413569089767,23.181726247518903
2014-12-13,33.2,held_out,31.789631231104046,18.085803397082586,34.80770472948129,22.458538204178776
2014-12-14,32.7,held_out,31.336629558114478,17.386580645854814,34.28211066301797,21.757911075433455
2014-12-15,32.7,held_out,30.890083150813258,16.71439083560844,33.764453032606625,21.0791410403721
2014-12-16,32.7,held_out,30.449900021780483,16.068188834592785,33.25461199858158,20.421546234812325
2014-12-17,32.7,held_out,30.01598949441535,15.446969917329552,32.752469530848266,19.784466066327706
2014-12-18,32.7,held_out,29.58826218425695,14.849768202449132,32.25790938155884,19.167260550644077
2014-12-19,32.7,held_out,29.166629980571372,14.275655150922422,31.770817058200375,18.569309668737944
2014-12-20,32.7,held_out,28.751006028201047,13.72373812235309,31.29107979708938,17.990012743991077
2014-12-21,32.7,held_out,28.34130470967286,13.193158987085637,30.818586537266626,17.42878783877578
2014-12-22,32.7,held_out,27.93744162756113,12.683092791971323,30.353227894786126,16.885071169864492
2014-12-23,32.7,held_out,27.53933358710199,12.192746477717463,29.894896137392305,16.358316542076587
2014-12-24,32.7,held_out,27.146898579055442,11.721357645825838,29.44348515957962,15.84799479959337
2014-12-25,32.7,held_out,26.760055762811707,11.268193373202973,28.99889045802872,15.35359329439015
2014-12-26,32.7,held_out,26.37872544973821,10.832549072599301,28.56100910741354,14.874615371251299
2014-12-27,32.7,held_out,26.002829086763985,10.413747397105327,28.12973973657373,14.410579868851064
2014-12-28,32.7,held_out,25.632289240197892,10.011137187001548,27.704982505046825,13.961020636398896
2014-12-29,32.3,held_out,25.26702957977751,9.624092457324618,27.286639079954814,13.525486065363703
2014-12-30,32.3,held_out,24.906974862945287,9.252011424575665,26.874612613239723,13.103538635806714
2014-12-31,31.8,held_out,24.55205091934874,8.894315571057422,26.46880771924293,12.694754476867084
2015-01-01,32.3,held_out,24.2021846355616,8.550448745385415,26.069130452623003,12.298722940958866
2015-01-02,32.3,held_out,23.85730394002259,8.219876297774661,25.675488286607052,11.915046191251488
2015-01-03,31.8,held_out,23.51733778818889,7.902084248757414,25.287790091570386,11.543338802019397
2015-01-04,31.8,held_out,23.182216147901137,7.596578490039438,24.905946113939713,11.183227371459388
2015-01-05,31.8,held_out,22.851869984956977,7.302884016252339,24.52986795541481,10.834350146586672
2015-01-06,31.8,held_out,22.526231248890205,7.020544186407401,24.15946855250403,10.496356659832838
2015-01-07,31.8,held_out,22.205232858952517,6.749120013902695,23.794662156368744,10.168907376980705
2015-01-08,31.8,held_out,21.888808690295086,6.4881894839794985,23.43536431297219,9.85167335608234
2015-01-09,31.8,held_out,21.576893560346978,6.237346897566828,23.081491843528045,9.54433591701765
2015-01-10,30.4,held_out,21.269423215387725,5.9962022404938535,22.732962825244208,9.246586321361564
2015-01-11,29.0,held_out,20.966334317311215,5.764380577089474,22.3896965723574,8.958125462238241
2015-01-12,28.4,held_out,20.667564430578224,5.541521467226176,22.051613617454088,8.678663563850723
2015-01-13,28.4,held_out,20.37305200935482,5.327278405901806,21.718635693073487,8.407919890384209
2015-01-14,28.4,held_out,20.082736384834107,5.121318284487911,21.390685713588358,8.14562246399051
2015-01-15,28.4,held_out,19.796557752738586,4.923320872806968,21.06768775735939,7.891507791570412
2015-01-16,28.4,held_out,19.514457161000653,4.732978321233256,20.749567049159083,7.645320600079446
2015-01-17,28.4,held_out,19.236376497618586,4.549994682043194,20.436249942860957,7.406813580091186
2015-01-18,28.4,held_out,18.962258478685662,4.374085449270976,20.12766390439024,7.175747137360482
2015-01-19,27.7,held_out,18.692046636589787,4.2049771163540095,19.823737494931958,6.9518891521370305
2015-01-20,27.7,held_out,18.425685308381322,4.042406750880438,19.52440035439256,6.73501474598751
2015-01-21,27.7,held_out,18.163119624306656,3.886121585777499,19.22958318511132,6.524906055892057
2015-01-22,27.7,held_out,17.9042954965052,3.7358786263051362,18.93921773581765,6.321352015388119
2015-01-23,27.7,held_out,17.649159607867375,3.5914442722437907,18.653236785830693,6.124148142541854
2015-01-24,27.7,held_out,17.397659401051474,3.452593954688939,18.37157412949748,5.933096334534074
2015-01-25,27.7,held_out,17.149743067656964,3.319111786887678,18.09416456086607,5.748004668654389
2015-01-26,27.7,held_out,16.905359537552076,3.1907902285744596,17.820943858590145,5.568687209503606
2015-01-27,27.7,held_out,16.6644584683535,3.067429763284075,17.551848771061504,5.394963822210777
2015-01-28,27.7,held_out,16.426990235056007,2.9488385881401804,17.28681700176711,5.226659991477167
2015-01-29,27.1,held_out,16.192905919809757,2.8348323156370405,17.025787194867185,5.0636066462654385
2015-01-30,27.1,held_out,15.962157301843428,2.725233686950804,16.76869892099114,4.9056399899579235
2015-01-31,26.4,held_out,15.734696847530802,2.6198722963345737,16.51549266324793,4.752601335813329
2015-02-01,26.4,held_out,15.510477700598985,2.5185843261687593,16.266109803447655,4.604336947556637
2015-02-02,26.4,held_out,15.28945367247613,2.4212122922547477,16.020492608531278,4.460697884942028
2015-02-03,26.4,held_out,15.071579232776704,2.3276047989558895,15.77858421720516,4.321539854133691
2015-02-04,26.4,held_out,14.856809499922349,2.2376163038050776,15.540328626777486,4.1867230627542416
2015-02-05,26.4,held_out,14.645100231896391,2.1511068912129288,15.305670680193426,4.05611207945509
2015-02-06,26.4,held_out,14.436407817130103,2.067942054924729,15.074556053266084,3.9295756978677483
2015-02-07,26.4,held_out,14.230689265518816,1.9879924888879041,14.84693124210022,3.806986804799354
2015-02-08,25.8,held_out,14.02790219956609,1.911133886204842,14.622743550705927,3.6882222525400428
2015-02-09,25.8,held_out,13.828004845654045,1.8372467458584893,14.40194107879929,3.5731627351538684
2015-02-10,25.2,held_out,13.630956025438094,1.7662161869102107,14.184472709787302,3.46169266862902
2015-02-11,25.2,held_out,13.436715147364334,3.776131205402009,13.970288098934159,5.0902600951625105
2015-02-12,25.2,held_out,13.245242198307764,11.206563826299877,13.759337661706285,11.535569306889734
2015-02-13,25.8,held_out,13.056497735329698,17.909985790067353,13.551572562293314,17.509623183422864
2015-02-14,27.1,held_out,12.87044287755262,17.21756039631341,13.346944702302428,16.963384737051875
2015-02-15,29.0,held_out,12.68703929815081,16.551905148082486,13.145406709623394,16.434187002360858
2015-02-16,30.4,held_out,12.506249216455133,15.911985073668193,12.946911927461755,15.921498369287423
2015-02-17,31.9,held_out,12.328035390170308,15.296805214834814,12.751414403537591,15.424803812126898
2015-02-18,31.9,held_out,12.152361107703088,14.705409079839916,12.558868879447413,14.94360437215891
2015-02-19,31.9,held_out,11.97919018059977,14.136877156265307,12.36923078018666,14.477416656414183
2015-02-20,31.9,held_out,11.808486936091468,13.590325481344001,12.182456203830432,14.025772352078029
2015-02-21,32.7,held_out,11.640216209745608,13.064904267560424,11.998501911370024,13.588217756042761
2015-02-22,33.4,held_out,11.474343338222148,12.559796581386818,11.81732531670294,13.164313319136392
2015-02-23,33.4,held_out,11.31083415213302,18.161764105659863,11.638884476774042,17.883531443899845
2015-02-24,33.4,held_out,11.149654969003318,24.436733821138,11.463138081865582,22.873333737402497
2015-02-25,33.4,held_out,10.990772586332799,27.61809415115179,11.29004544603386,25.42145308326212
2015-02-26,32.7,held_out,10.834154274756251,26.55033955092479,11.11956649769026,24.628393467345266
2015-02-27,32.7,held_out,10.679767771301325,25.523865854443944,10.951661770324533,23.860074512488904
2015-02-28,32.7,held_out,10.52758127274245,24.53707708355684,10.78629239336816,23.115724397385495
2015-03-01,31.9,held_out,10.377563429049447,23.588438962884787,10.623420083195665,22.394595378828306
2015-03-02,32.7,held_out,10.2296833369295,22.67647653430629,10.463007134261813,21.695963040559626
2015-03-03,32.7,held_out,10.083910533461166,21.799771863667914,10.305016410372641,21.019125565552294
2015-03-04,32.7,held_out,9.940214989819077,20.95696183615702,10.149411336088283,20.36340303099346
2015-03-05,31.9,held_out,9.79856710508809,20.14673603690848,9.996155888255629,19.728136725262388
2015-03-06,31.9,held_out,9.658937700165568,19.367834713550117,9.84521458766882,19.112688486216086
2015-03-07,31.9,held_out,9.521298011750565,18.61904681751903,9.696552490855696,18.51644006011817
2015-03-08,31.2,held_out,9.385619686418652,17.899208121103445,9.550135181988235,17.938792480566814
2015-03-09,31.2,held_out,9.25187477478119,17.207199407282346,9.405928764915172,17.379165466797982
2015-03-10,31.2,held_out,9.120035725727828,16.54194472954844,9.263899855314913,16.836996840759486
2015-03-11,31.2,held_out,8.990075380751033,15.902409739008935,9.124015572966934,16.311741962370263
2015-03-12,31.2,held_out,8.861966968351526,15.287600076162834,8.986243534139891,15.802873182397587
2015-03-13,29.7,held_out,8.735684098523402,14.696559824854514,8.850551844094673,15.309879312402542
2015-03-14,29.7,held_out,8.611200757317874,15.926638578087427,8.71690908970064,16.197374300823583
2015-03-15,30.4,held_out,8.48849130148445,16.56744479807903,8.58528433216337,16.621995119350757
2015-03-16,30.4,held_out,8.367530453188497,15.926923938806846,8.455647099862224,16.103447535860983
2015-03-17,30.4,held_out,8.248293294804073,15.311166522308309,8.327967381296032,15.601076806859039
2015-03-18,31.2,held_out,8.130755263780959,14.719215158844852,8.202215618135334,15.114378271578094
2015-03-19,31.2,held_out,8.01489214758483,14.150149472719942,8.078362698379514,14.642863012886135
2015-03-20,32.7,held_out,7.90068007870954,16.16371948695752,7.956379949617267,16.277654522788584
2015-03-21,31.9,held_out,7.78809552976048,20.116920099409235,7.836239132388815,19.720739712045404
2015-03-22,31.9,held_out,7.677115308607989,22.58725716726538,7.717912433648384,21.676503946488456
2015-03-23,31.2,held_out,7.567716553609833,30.924929456719397,7.601372460325372,28.44502418649794
2015-03-24,33.4,held_out,11.749896323392665,45.45459173597961,11.489541009492253,40.39041421076195
2015-03-25,33.4,held_out,11.582460512223427,49.11172529750894,11.316049691179002,43.67464564538637
2015-03-26,34.2,held_out,11.417410658350347,49.03477505973914,11.145178080433288,43.699056089566405
2015-03-27,38.7,held_out,11.25471276192489,53.82502360029367,10.976886619842055,47.62159772927108
2015-03-28,42.5,held_out,11.094333307595752,58.53110361933139,10.811136349306606,51.66782072770792
2015-03-29,40.2,held_out,10.936239257604779,58.58988616612213,10.647888897023186,51.85551129425864
2015-03-30,39.4,held_out,10.780398044981279,56.32471826068054,10.487106470599764,50.2378023562407
2015-03-31,39.4,held_out,10.626777566833303,54.14712495173661,10.328751848306966,48.670560227686714
2015-04-01,40.2,held_out,10.47534617773454,52.05372048146936,10.172788370461092,47.15221052225459
2015-04-02,39.4,held_out,10.326072683205432,52.68361002298254,10.019179930937277,47.879552129237794
2015-04-03,37.2,held_out,10.178926333287187,52.22058926040656,9.867890968810773,47.62477931490504
2015-04-04,38.7,held_out,10.033876816207385,52.8589853043474,9.718886460124484,48.209609311184046
2015-04-05,37.2,held_out,9.890894252135807,54.46940268022202,9.572131909780762,49.65305766678784
2015-04-06,37.9,held_out,9.74994918702928,54.26102187199878,9.427593343555689,53.031824601223995
2015-04-07,40.4,held_out,9.611012586564218,52.45162629566192,9.285237300233902,55.372536769130335
2015-04-08,42.9,held_out,9.474055830155622,50.715267202878,9.145030823862212,53.803993765026966
2015-04-09,42.9,held_out,9.339050705061318,48.791128241990364,9.006941456120162,52.125499050726795
2015-04-10,48.1,held_out,9.20596940057019,46.904794183400796,8.87093722880581,50.499367447578514
2015-04-11,55.0,held_out,10.597835801408134,46.0381793354122,10.282710564412804,49.53522074145984
2015-04-12,61.0,held_out,14.370399591823311,48.209168648902036,14.210449785429702,51.0110576481821
2015-04-13,66.2,held_out,17.485532479941092,49.542349424222756,17.440541041701156,51.835452469640295
2015-04-14,71.7,held_out,22.840255357826923,53.526257901040466,22.988523166500947,54.844716738644955
2015-04-15,97.3,held_out,31.317961570826796,61.69293689057954,31.507329770538384,60.78174169837822
2015-04-16,93.7,held_out,30.87168118200849,61.90797513941948,31.031571150250155,61.113721199629374
2015-04-17,86.5,held_out,30.431760280700043,59.51452521908538,30.562996454033794,59.20718878769029
2015-04-18,78.3,held_out,29.998108244318875,59.41043433131395,30.101497205105325,59.13637252968025
2015-04-19,72.8,held_out,29.57063574165258,57.596856718179,29.646966564673146,57.61554149593199
2015-04-20,73.9,held_out,29.149254714456923,55.37008073635817,29.19929930720441,55.81813994457495
2015-04-21,75.0,held_out,28.733878359316066,53.22939506494223,28.758391796064945,54.07681097802646
2015-04-22,80.5,held_out,29.695838990667134,51.94288116671799,29.706771180687007,52.85446577628505
2015-04-23,91.3,held_out,35.68131253389454,57.01465273049391,35.96455387468956,56.7291403047271
2015-04-24,101.0,held_out,45.579127523567834,66.91469887845504,46.344949055939495,64.49055272418508
2015-04-25,107.0,held_out,53.36813076428203,73.57860064771802,54.30292545846749,69.70022957733308
2015-04-26,124.0,held_out,61.73280015892891,81.13101620005584,63.01598940894023,75.70519571368591
2015-04-27,124.0,held_out,60.85310886754446,81.62646180871162,62.064452087445964,75.72026570195472
2015-04-28,112.0,held_out,59.9859531612322,78.47066729155553,61.127282917315966,73.35806065261971
2015-04-29,108.0,held_out,59.131154408130456,75.43688025596651,60.20426494040369,71.06954806386149
2015-04-30,108.0,held_out,60.56823427580654,74.76274177426467,61.56572532682505,70.49443444709486
2015-05-01,110.0,held_out,63.91235345116294,75.98991698827386,64.89998488936926,71.41039696659234
2015-05-02,104.5,held_out,65.15137370681727,74.22666177823282,65.88131335608153,69.72064939424055
2015-05-03,103.0,held_out,65.19338780927492,71.56838031027442,65.80910150645778,67.55386689170528
2015-05-04,107.0,held_out,69.47287669593577,74.39275169121254,70.25053927638427,69.77031137488467
2015-05-05,111.0,held_out,78.2612824633937,82.67137730802092,79.36374001374593,76.35222120801542
2015-05-06,126.0,held_out,86.04500590745964,89.71091624029037,87.40407934719943,81.83461605450466
2015-05-07,131.0,held_out,96.26406412375277,100.30641110692635,97.98978718919359,90.05873755730876
2015-05-08,152.0,held_out,106.92511136652651,110.77144355248345,108.96866151748611,98.77726220756085
2015-05-09,179.0,held_out,122.9288342498912,132.7832614511559,125.079146172268,117.58505104020894
2015-05-10,176.0,held_out,129.27040941491958,137.0052943903144,131.51941540114603,121.29257389047913
2015-05-11,163.0,held_out,138.81779218259996,145.8710464797375,141.49618417220094,128.597003829198
2015-05-12,157.0,held_out,147.54451580171815,152.87711164405485,150.57343847098917,134.49618539229394
2015-05-13,159.0,held_out,154.74962444673974,157.4528428150897,157.96726628322185,138.5772675558351
2015-05-14,156.0,held_out,160.17226434446016,160.25772763056756,163.3642661145124,140.82215964639624
2015-05-15,156.0,held_out,168.69990008185397,166.8643591168353,172.1886342584855,146.41753518541196
2015-05-16,166.0,held_out,182.13130698003587,183.4131527611231,186.21858238394432,160.04625421935984
2015-05-17,174.0,held_out,192.86912113528115,192.83900256262342,196.9321939870784,168.3198254445991
2015-05-18,162.0,held_out,195.55520609130502,191.3228321223589,199.52533913169887,167.63963685097872
2015-05-19,154.0,held_out,201.60975175938756,194.0269336841321,205.76231509313666,170.35755778543572
2015-05-20,146.0,held_out,207.43980637172643,196.66480009755992,211.57879348518586,172.91049510077386
2015-05-21,146.0,held_out,215.6423755529962,193.5365014164042,219.28041497931903,178.1569809088813
2015-05-22,143.0,held_out,223.77042821790488,190.97082384373562,218.76944860009183,183.50398509232335
2015-05-23,142.0,held_out,226.78443094101098,184.93290423652766,215.93079434749853,183.15152123495974
2015-05-24,135.0,held_out,227.947594381143,182.24094828205907,215.2302346986476,181.6921558298247
2015-05-25,126.0,held_out,227.42511894688514,176.32634362346914,212.34980633526106,177.88290378709627
2015-05-26,124.0,held_out,230.91369558881576,171.43500942437515,209.98441285067574,176.4644242210054
2015-05-27,125.0,held_out,228.9146645133885,165.06583121273945,206.81366194073078,170.95935698360807
2015-05-28,129.0,held_out,225.65263466338666,161.04231801422648,203.690789162293,167.14875432164533
2015-05-29,135.0,held_out,222.43708868004725,158.05077257824118,200.6150715587058,164.93220330719743
2015-05-30,142.0,held_out,219.5248040253896,158.16101013366037,197.58579708991087,164.49895044166766
2015-05-31,143.0,held_out,218.04788688178309,159.96713595786935,195.3203239607672,164.5993567563846
2015-06-01,150.0,held_out,214.94070841748427,158.41931918894136,192.37099983464861,163.33507343929793
2015-06-02,157.0,held_out,211.8778071903881,157.09708108502326,189.46621031007334,165.9631617982767
2015-06-03,168.0,held_out,208.8585522506612,157.15836437723192,186.60528291746874,171.49059468934178
2015-06-04,178.0,held_out,205.88232163949402,158.47905440266143,183.78755534150883,178.07855634423873
2015-06-05,182.0,held_out,202.94850226097873,161.29047761997003,181.0123752677857,187.2319108057602
2015-06-06,187.0,held_out,200.05648975581332,164.27887122729027,178.27910023179638,195.4125663185495
2015-06-07,192.0,held_out,197.20568837680477,168.9884014776445,175.58709747020987,196.00701280379673
2015-06-08,204.0,held_out,194.39551086614705,172.18189736615054,172.9357437743802,199.07154519651093
2015-06-09,222.0,held_out,194.1276040739301,182.49279267156217,170.58861206980862,172.45332586444326
2015-06-10,204.0,held_out,191.36128920919822,177.2573232737932,168.01273517683543,194.42914418875048
2015-06-11,200.0,held_out,188.63439428150906,179.63039488687022,165.47575385659277,210.51559721187968
2015-06-12,202.0,held_out,185.94635755746904,183.36019216626326,162.97708078847444,207.0128855729675
2015-06-13,198.0,held_out,183.2966253083754,186.43936494957148,160.51613752037716,203.67101763018812
2015-06-14,198.0,held_out,180.68465169614953,189.33721405059114,158.09235433478656,174.65350393372208
2015-06-15,189.0,held_out,178.60572842554788,190.85496276863188,155.70517011688545,173.93398444597358
2015-06-16,181.0,held_out,176.06060000948966,186.52030752876712,153.35403222465376,175.55324972867027
2015-06-17,179.0,held_out,173.55173962756078,185.50290148932388,151.03839636092977,197.25287834815975
2015-06-18,181.0,held_out,171.07863046092749,187.6761110723422,148.75772644740337,235.4491897270256
2015-06-19,187.0,held_out,168.6407630554152,193.0698886762892,146.51149450051184,241.80864232350697
2015-06-20,190.0,held_out,166.2376352165621,198.48824145706143,144.2991805092098,224.313468331924
2015-06-21,187.0,held_out,163.8687519061684,203.75474953853123,142.12027231458464,215.75561673705448
2015-06-22,189.0,held_out,161.5336251403198,206.47593451162166,139.97426549128988,211.20229990994008
2015-06-23,190.0,held_out,159.23177388886404,209.41485277216972,137.86066323076875,199.80759347815052
2015-06-24,182.0,held_out,156.96272397631972,206.54468483698784,135.77897622624133,195.53940065051165
2015-06-25,178.0,held_out,154.80855513529946,201.32765397942902,133.72872255942798,195.11984265745917
2015-06-26,173.0,held_out,153.61896851764007,196.6244619889173,131.70942758898363,190.7793273581439
2015-06-27,170.0,held_out,152.55882855041995,192.3183842445031,129.72062384061647,184.40364728579604
2015-06-28,168.0,held_out,151.97483417928552,189.12009411508166,127.76185089886599,181.52349228731347
2015-06-29,170.0,held_out,151.15629487235537,185.67634269976278,126.29155283294327,178.5928799648517
2015-06-30,174.0,held_out,152.00040185402895,185.78526933516807,126.97394523628412,178.77660200232546
2015-07-01,178.0,held_out,151.85642715143987,183.97607173967063,126.70117471840197,177.1952294603006
2015-07-02,184.0,held_out,149.69247579718467,176.86329647514233,124.78799526105267,171.66736367867813
2015-07-03,179.0,held_out,147.55936071078736,170.0255111671083,122.90370468846831,166.31194779987024
2015-07-04,182.0,held_out,145.45664247598583,163.4520843147324,121.04786678037708,161.1236019955389
2015-07-05,184.0,held_out,143.38388793819192,157.1327954460445,119.22005190340468,156.09711426900313
2015-07-06,182.0,held_out,141.34067011526233,151.0578192269832,117.41983691161279,151.2274352194836
2015-07-07,173.0,held_out,139.32656810954188,145.217710184805,115.64680504853902,146.50967296968443
2015-07-08,163.0,held_out,137.3411670211592,139.60338802210825,113.90054585071637,141.9390882516164
2015-07-09,154.0,held_out,135.38405786255876,134.20612349863768,112.18065505264933,137.51108964572512
2015-07-10,159.0,held_out,133.45483747425024,129.0175248589185,110.48673449322499,133.2212289685418
2015-07-11,146.0,held_out,131.55310844175884,124.02952478461697,108.81839202353719,129.06519680422284
2015-07-12,145.0,held_out,129.67847901375885,119.2343678513417,107.17524141610262,125.03881817548961
2015-07-13,142.0,held_out,127.83056302137396,114.62459847038247,105.55690227544777,121.13804834961991
2015-07-14,138.0,held_out,126.00897979862735,110.19304929663835,103.96299995004586,117.35896877527722
2015-07-15,136.0,held_out,124.21335410402554,105.93283008471204,102.3931654455837,113.69778314609697
2015-07-16,138.0,held_out,122.44331604325953,101.83731697584318,100.84703533953815,110.15081358707478
2015-07-17,142.0,held_out,120.69850099300767,97.90014219902402,99.32425169704236,106.71449695992607
2015-07-18,145.0,held_out,118.978549525824,94.11518417028451,97.8244619880226,103.38538128370527
2015-07-19,136.0,held_out,117.28310733609717,90.47655797475313,96.34731900558623,100.16012226708922
2015-07-20,126.0,held_out,115.61182516706455,88.12790831721878,94.89248078564198,97.03547994884099
2015-07-21,131.0,held_out,113.96435873886595,86.54451489986288,93.45961052773397,94.14492882958531
2015-07-22,129.0,held_out,112.34036867762305,87.54442664740779,92.04837651707125,94.48863269801679
2015-07-23,126.0,held_out,110.73952044552921,87.80461358945732,90.65845204773453,94.37827579108337
2015-07-24,128.0,held_out,109.16148427193549,85.9670052800793,89.28951534704251,91.98174599261107
2015-07-25,26.0,held_out,107.60593508541875,85.79314007598072,87.94124950106038,90.96818545424063
2015-07-26,124.0,held_out,106.0725524468178,82.47625588105056,86.61334238123302,88.13029912332537
2015-07-27,119.0,held_out,104.56102048322373,79.28760712257647,85.30548657212607,85.38094483014373
2015-07-28,114.0,held_out,103.07102782291088,76.22223603712844,84.01737930025817,82.7173606875758
2015-07-29,107.0,held_out,101.60226753119512,73.5974832265085,82.74872236400775,80.13687096963216
2015-07-30,106.0,held_out,100.154437047206,70.75210038256029,81.49922206457818,77.6368834235308
2015-07-31,105.0,held_out,98.72723812156005,68.01672406565208,80.26858913800552,75.21488666562769
2015-08-01,103.0,held_out,97.32037675492214,66.43515991628627,79.05653868819277,72.86844765858498
2015-08-02,102.0,held_out,95.93356313744239,64.3555559354144,77.86279012095535,70.59520926724284
2015-08-03,102.0,held_out,94.56651158905603,62.870718133621644,76.68706707906254,68.39288789073932
2015-08-04,103.0,held_out,93.21894050063413,61.20976257167245,75.52909737825975,66.25927116849982
2015-08-05,103.0,held_out,91.89057227597273,59.0387356655658,74.38861294425683,64.19221575779166
2015-08-06,102.0,held_out,90.58113327460879,56.844685767997895,73.26534975066791,62.189645180610725
2015-08-07,101.0,held_out,89.29035375545098,54.64698977945312,72.15904775788827,60.2495477377382
2015-08-08,99.7,held_out,88.01796782121362,52.53425982762421,71.06945085289425,58.36997448787094
2015-08-09,93.7,held_out,86.76371336364257,51.40873060398301,69.99630678995204,56.549037289796054
2015-08-10,90.1,held_out,85.52733200952163,49.42119633410131,68.93936713222206,54.78490690564263
2015-08-11,85.0,held_out,84.30856906744827,48.45280202423017,67.89838719424462,53.07581116330537
2015-08-12,79.8,held_out,83.10717347536786,46.57954813595988,66.87312598529459,51.42003317619413
2015-08-13,74.7,held_out,81.92289774885549,44.778716893714574,65.863346153591,49.815909618520955
2015-08-14,69.5,held_out,80.75549793013492,43.04750833551896,64.86881393134921,48.261829054392024
2015-08-15,69.5,held_out,79.60473353782378,41.38323074988969,63.88929908066292,46.756230319026194
2015-08-16,69.5,held_out,78.47036751739508,39.78329649071826,62.92457484020316,45.29760095047365
2015-08-17,70.5,held_out,77.35216619234461,38.245217953956235,61.97441787272217,43.88447567025943
2015-08-18,68.5,held_out,76.2498992160541,36.76660370984779,61.038608213350074,42.515434911425565
2015-08-19,68.5,held_out,75.16333952434046,35.34515478469537,60.116929218672105,41.18910339249311
2015-08-20,68.5,held_out,74.09226328868114,33.97866108637766,59.20916751657496,39.904148735911434
2015-08-21,70.5,held_out,73.03644987010597,32.66499796806213,58.31511295685024,38.659280129607126
2015-08-22,73.5,held_out,71.99568177374616,31.402122924769206,57.43455856254401,37.87594144105521
2015-08-23,72.5,held_out,70.96974460403086,39.55639900391395,56.567300482040785,40.039480874053595
2015-08-24,66.5,held_out,69.95842702052231,38.02709264505781,55.71313794187117,38.79039038266881
2015-08-25,63.5,held_out,68.9615206943801,36.844706573065686,54.871873200231995,37.58026710618313
2015-08-26,60.7,held_out,67.97882026544612,46.646472768870815,57.103469697603124,45.21906262347005
2015-08-27,55.6,held_out,67.01012329994077,44.854739463434946,56.2412110373213,43.808387461871945
2015-08-28,53.2,held_out,66.05523024876223,44.90895658607642,55.39197242645448,43.15087472077246
2015-08-29,51.0,held_out,65.11394440637966,44.32346077967972,54.55555726310746,42.320147970238295
2015-08-30,50.0,held_out,64.18607187031265,45.00783081419967,54.23319612834986,42.67711334222462
2015-08-31,49.3,held_out,63.27142150118753,45.258418972976045,53.84850481284338,42.65922412500316
2015-09-01,46.5,held_out,62.36980488336335,43.59558221473806,53.03539590958437,41.32840689008432
2015-09-02,47.9,held_out,61.48103628611858,41.91011531739895,52.234564897621645,40.03910645602354
2015-09-03,48.6,held_out,60.60493262539119,49.544172912471076,54.20702293398273,45.64560317751803
2015-09-04,47.2,held_out,59.74131342606369,50.99191946770743,55.24002002277756,46.9728354112564
2015-09-05,46.5,held_out,58.89000078478581,50.338036524608135,54.40589933079479,46.229834078951285
2015-09-06,45.8,held_out,58.050819333326785,49.9194412322689,53.58437380674475,45.837038777283446
2015-09-07,45.1,held_out,57.223596202450004,48.105807323886374,52.77525326441484,44.40708494071802
2015-09-08,45.1,held_out,56.40816098630236,46.245968741738174,51.978350389391856,43.021740617097876
2015-09-09,44.4,held_out,55.604345707311076,44.45803415089727,51.19348069569796,41.67961414706008
2015-09-10,44.4,held_out,54.81198478158078,42.73922364131365,50.42046248308156,40.37935728610221
2015-09-11,43.7,held_out,54.03091498478363,41.08686477819346,49.659116794952965,39.11966385019196
2015-09-12,43.0,held_out,53.26097541853551,39.49838844685359,48.909267376955306,37.899268403628895
2015-09-13,43.0,held_out,52.502007477251375,37.9713248582199,48.17074063616097,36.716944987840314
2015-09-14,43.7,held_out,51.75385481547293,39.126995007760435,47.443365600884206,35.571505889834185
2015-09-15,43.0,held_out,51.01636331566184,37.61429001501376,46.72697388110057,34.46180044907202
2015-09-16,43.0,held_out,50.289381056451916,37.21442800681941,46.021399629463936,33.38671390156309
2015-09-17,42.4,held_out,49.57275828135369,36.11281166413727,45.3264795029123,32.69806909602242
2015-09-18,42.4,held_out,48.86634736790502,34.74370123859158,44.64205262485321,31.678004741967538
2015-09-19,42.4,held_out,48.17000279726114,38.191471896824766,43.96796054792022,32.94867010005892
2015-09-20,42.4,held_out,47.48358112421823,41.095494839213075,43.30404721729182,34.54782165471756
2015-09-21,41.8,held_out,46.80694094766404,39.76835572836776,42.650158934564054,33.50090656798527
2015-09-22,41.2,held_out,46.13994288144963,39.47579614055041,42.006144322168836,33.37266656426998
2015-09-23,41.2,held_out,45.48244952567615,38.50437708452286,41.371854288329466,32.87277948948868
2015-09-24,41.2,held_out,44.83432543839088,37.0157433817096,40.74714199254532,31.847264787765415
2015-09-25,40.0,held_out,44.19543710768643,35.663342167232216,40.13186281159775,30.853742525372905
2015-09-26,40.0,held_out,43.56565292419776,34.28454689446197,39.525874306069255,29.891214651115376
2015-09-27,40.0,held_out,42.94484315399083,32.95905779796928,38.92903618736822,28.95871424947194
2015-09-28,39.2,held_out,42.3328799118379,31.748607763442777,38.3412102852516,28.055304569273392
2015-09-29,38.0,held_out,41.729637134873386,32.93512148360022,37.76226051583797,27.49843625908564
2015-09-30,37.7,held_out,41.13499055662527,31.661803082964575,37.19205285010368,26.64058209840813
2015-10-01,37.4,held_out,40.548817681416544,30.969114664548123,36.6304552828545,25.85025995317766
2015-10-02,37.4,held_out,39.970997759131386,29.835178005347643,36.07733780216605,25.043823076313373
2015-10-03,37.1,held_out,39.40141176034092,29.28791657958584,35.5325723592855,24.394326070596108
2015-10-04,37.1,held_out,38.83994235178354,29.30659735003098,34.99603283898783,24.15954598345489
2015-10-05,34.7,held_out,38.28647387219447,28.914024947871052,34.46759503037967,23.620691024817035
2015-10-06,32.2,held_out,37.74089230847989,27.79616782926607,33.94713659814399,22.883808829669583
2015-10-07,31.6,held_out,37.20308527223052,29.04956342540108,33.43453705421911,23.96166906161321
2015-10-08,31.6,held_out,36.672941976569874,28.625853307789512,32.929677729905166,24.002664572895466
2015-10-09,31.0,held_out,36.15035321333248,27.519137312560677,32.43244174839191,23.253866151152423
2015-10-10,31.0,held_out,35.635211330567245,27.424341023251817,31.94271399770129,22.801555079061163
2015-10-11,30.4,held_out,35.127410210361454,30.857967694030236,31.460381104038632,24.319262282576428
2015-10-12,32.8,held_out,36.91421081700459,41.01479819289475,35.14289172842937,32.877011865917105
2015-10-13,31.6,held_out,37.02153811707672,40.629881531546516,35.12615701673373,32.71425731926346
2015-10-14,31.0,held_out,36.493981865110094,39.05907281916554,34.59575434154621,31.693687949776777
2015-10-15,31.0,held_out,39.639342562343465,43.5048081407614,37.379433888489984,35.5990218544859
2015-10-16,31.0,held_out,39.72929095017213,43.07335197223364,37.343444170679994,35.382190696178554
2015-10-17,32.2,held_out,46.54422542549261,52.46330692709428,43.74946952311534,44.03428673088627
2015-10-18,35.8,held_out,45.88097105074158,58.859658115426406,43.08885539268142,50.17387095056172
2015-10-19,31.6,held_out,45.227168038895506,59.67690040457681,42.438216492440816,51.322389758631104
2015-10-20,31.6,held_out,44.58268170820307,57.369706990522275,41.79740219706959,49.721312330971635
2015-10-21,31.6,held_out,43.947379296125476,55.1517129385956,41.16626415567631,48.17018286835076
2015-10-22,36.4,held_out,43.32112993198774,54.669450667751,40.54465625745833,48.08080389113128
2015-10-23,35.2,held_out,42.703804610019624,52.55585234619774,39.93243459787657,46.580852501964614
2015-10-24,34.0,held_out,42.0952761627808,50.52396872655401,39.32945744534109,45.12769430234106
2015-10-25,33.4,held_out,41.49541923496468,48.57064060281547,38.7355852083997,43.71986950989472
2015-10-26,31.6,held_out,40.90411025757552,46.69283090835234,38.15068040342198,42.355963882317475
2015-10-27,31.6,held_out,40.32122742247356,44.88761999382819,37.574607622771396,41.03460729666992
2015-10-28,31.0,held_out,39.74665065728285,44.81978118877184,37.00723350345783,41.02416484391416
2015-10-29,30.4,held_out,39.18026160065661,44.500002850282044,36.44842669626363,41.094812627812416
2015-10-30,30.4,held_out,42.82973530627796,47.116855088498355,40.2923741680908,43.184728575114896
2015-10-31,30.4,held_out,46.736170259722634,49.94298754037519,44.36169262755989,45.44289490837363
2015-11-01,31.6,held_out,51.94323598314969,55.36888177528902,49.365184993048544,50.263852960471446
2015-11-02,31.6,held_out,51.20304580510712,56.96053279854206,48.61977392604893,51.99090805953285
2015-11-03,31.6,held_out,50.473403323781945,54.7583579998698,47.88561851744266,50.368975220296
2015-11-04,31.0,held_out,49.75415823468575,52.64132239505057,47.16254880752361,48.797640961333656
2015-11-05,31.0,held_out,49.045162375166385,50.60613438237577,46.45039740296617,47.27532678551953
2015-11-06,30.4,held_out,48.3462696938868,48.649629618116585,45.74899943807295,45.80050343926662
2015-11-07,30.4,held_out,47.6573362207389,46.76876609655034,45.05819253660786,44.37168937630266
2015-11-08,30.4,held_out,46.97822003718601,44.96061942020012,44.377816774205336,42.98744926937023
2015-11-09,29.8,held_out,46.308781247028065,43.22237825293362,43.707714641347295,41.6463925683566
2015-11-10,29.8,held_out,45.64888194758334,41.55133994885149,43.04773100689906,40.34717210340492
2015-11-11,29.8,held_out,44.99838620128083,39.944906350169155,42.397713082195985,39.08848273160322
2015-11-12,29.8,held_out,44.35716000765748,44.22187585622379,41.757510385672234,42.912388171868805
2015-11-13,31.0,held_out,43.72507127575441,50.59681351084846,41.126974708023816,48.49297073636119
2015-11-14,29.8,held_out,43.10198979690654,48.640669104671794,40.50596007789753,46.980161196289416
2015-11-15,29.8,held_out,42.48778721791991,46.76015200923468,39.89432272809804,45.51454597468855
2015-11-16,29.8,held_out,41.88233701463127,44.95233836568926,39.29192106230531,44.094652775385846
2015-11-17,29.8,held_out,41.28551446584444,43.21441735570806,38.69861562229446,42.71905523265298
2015-11-18,30.4,held_out,40.69719662763802,41.543686831177546,38.1142690556507,41.386371478338205
2015-11-19,31.6,held_out,40.11726230803927,45.51960465724371,37.5387460839717,44.89664668909095
2015-11-20,34.0,held_out,39.5455920420589,51.78920047084323,36.97191347155019,50.37026799533179
2015-11-21,34.6,held_out,38.982068067081556,53.25699604033149,36.413639994529355,52.43903049517777
2015-11-22,34.6,held_out,38.42657429860704,52.243130221910484,35.86379641052406,52.056731168003815
2015-11-23,34.6,held_out,37.87899630633719,50.22333688210189,35.322255428700736,50.432744880093075
2015-11-24,33.0,held_out,37.33922129060353,48.281631610872,34.78889168030907,48.859421232808195
2015-11-25,33.4,held_out,36.80713805913083,46.41499541299286,34.26358168965867,47.335179730566004
2015-11-26,33.4,held_out,36.2826370041318,44.62052601186399,33.74620384553405,45.85848918366746
2015-11-27,33.4,held_out,35.76561007972812,42.895433337005045,33.236638373041075,44.42786617012808
2015-11-28,33.4,held_out,35.25595077969331,41.23703518600853,32.734767305878705,43.041873545493814
2015-11-29,33.4,held_out,34.75355411551268,39.64275305420737,32.24047445902934,41.699118999145476
2015-11-30,33.4,held_out,34.258316594756,38.110108125573596,31.753645401861565,40.398253655641284
2015-12-01,32.8,held_out,33.77013619975833,36.63671741861445,31.27416743163899,39.13797071969263
2015-12-02,32.8,held_out,33.288912366604585,35.22029008127369,30.80192954742919,37.917004163411825
2015-12-03,32.8,held_out,32.81454596441366,33.85862382907717,30.336822424406574,36.73412745451307
2015-12-04,32.8,held_out,32.34693927491775,37.38690406900504,29.878738388543262,39.54402127439602
2015-12-05,32.2,held_out,31.885995972332584,38.01220284884717,29.42757139168216,40.11393052726269
2015-12-06,32.2,held_out,31.431621103514587,36.54259729842486,28.983216986986424,38.862517469453955
2015-12-07,32.2,held_out,30.983721068400783,35.12980877811312,28.545572304759602,37.650144082419686
2015-12-08,31.6,held_out,30.542203600727404,33.771640661130256,28.114536028630955,36.47559246621497
2015-12-09,31.6,held_out,30.10697774902327,32.46598124539425,27.690008372100305,35.337682715074806
2015-12-10,31.0,held_out,29.677953857874044,31.21080047021365,27.271891055437113,34.23527173212982
2015-12-11,30.4,held_out,29.255043549453422,30.004146759915987,26.86008728292834,33.167252081098596
2015-12-12,30.4,held_out,28.838159705317526,28.844143989505763,26.454501720469906,32.13255087380325
2015-12-13,30.4,held_out,28.427216448458754,27.72898856763461,26.05504047349645,31.13012869239042
2015-12-14,30.4,held_out,28.022129125615304,26.656946632347815,25.66161106524442,30.15897854517542
2015-12-15,29.8,held_out,27.62281428983284,25.626351355247273,25.274122415343346,29.21812485506006
2015-12-16,29.8,held_out,27.229189683274612,24.635600349879386,24.892484818730413,28.306622479508558
2015-12-17,29.8,held_out,26.841174220276574,23.683153180318236,24.516609924883376,27.423555761096495
2015-12-18,29.8,held_out,26.45868797064393,22.7675289660706,24.146410717367104,26.56803760767948
2015-12-19,29.8,held_out,26.08165214318572,21.887304079578577,23.781801493688956,25.7392086012572
2015-12-20,28.6,held_out,25.709989069484042,21.041109932740156,23.422697845458327,24.936236134637777
2015-12-21,28.6,held_out,25.34362218789454,20.2276308490059,23.069016638845785,24.158313575035216
2015-12-22,28.6,held_out,24.982476027774926,19.44560201774352,22.720675995337302,23.40465945375955
2015-12-23,28.6,held_out,24.626476193938203,18.693807527689493,22.377595272779047,22.674516681185928
2015-12-24,28.0,held_out,24.27554935132744,17.971078476430318,22.039695046708456,21.96715178621375
2015-12-25,28.0,held_out,23.929623209908964,17.276291152973798,21.706897091967143,21.28185417945215
2015-12-26,28.0,held_out,23.588626509780767,16.60836529058479,21.379124364591515,20.617935439391324
2015-12-27,28.0,held_out,23.252489006493164,15.966262387168738,21.056300983976787,19.974728620842935
2015-12-28,28.0,held_out,22.921141456578628,15.348984090591577,20.738352215310336,19.35158758495466
2015-12-29,28.0,held_out,22.594515603287782,14.755570646425417,20.42520445227035,18.74788635012595
2015-12-30,28.0,held_out,22.272544162528707,14.18509940570665,20.116785199985646,18.163018463172893
2015-12-31,27.4,held_out,21.95516080900658,13.636683390386168,19.813023058252867,17.59639639011057
2016-01-01,26.1,held_out,21.642300162560836,13.109469914241336,19.513847705007056,17.047450925940783
2016-01-02,26.1,held_out,21.333897774697025,12.602639257105462,19.219189880041835,16.51563062285238
2016-01-03,26.1,held_out,21.029890115310582,12.115403390353427,18.928981368975432,16.000401236259687
2016-01-04,25.5,held_out,20.73021455959978,14.569109712823812,18.643154987458765,18.063618372796025
2016-01-05,25.5,held_out,20.434809375165205,14.005847315645303,18.361644565622044,17.500097231739364
2016-01-06,25.5,held_out,20.143613709293017,13.464361439773104,18.084384932756183,16.954155961440826
2016-01-07,24.3,held_out,19.85656757641944,12.94381017407915,17.81131190222554,16.42524613197763
2016-01-08,23.7,held_out,19.57361184577393,12.443384156910918,17.542362256608484,15.91283642250502
2016-01-09,23.7,held_out,19.294688229198336,11.96230531768264,17.277473733062312,15.41641208751338
2016-01-10,23.7,held_out,19.019739269139716,11.499825667118378,17.01658500890918,14.935474439736307
2016-01-11,23.7,held_out,18.74870832681423,14.449502103055325,16.759635687439673,17.167215783251805
2016-01-12,23.7,held_out,18.48153957053969,13.89086390531844,16.50656628393073,16.631659239303048
2016-01-13,23.2,held_out,18.21817796423437,13.353823450794083,16.25731821187474,16.112810169378474
2016-01-14,23.2,held_out,17.958569256079716,12.837545740168276,16.011833769416512,15.610147359254453
2016-01-15,23.2,held_out,17.70265996734461,12.341228056382064,15.770056125995103,15.123165854751596
2016-01-16,23.2,held_out,17.450397381368894,11.86409871655385,15.531929309187321,14.651376454478765
2016-01-17,23.2,held_out,17.20172953270388,11.405415872154197,15.297398191749917,14.19430521840168
2016-01-18,23.2,held_out,16.956605196407562,10.964466355567557,15.0664084788574,13.751492991742456
2016-01-19,22.7,held_out,16.71497387749247,10.540564571247542,14.838906695532602,13.322494943731778
2016-01-20,22.3,held_out,16.47678580052376,10.133051429741723,14.61484017426701,12.906880120750369
2016-01-21,22.3,held_out,16.241991899365665,9.741293322928538,14.394157042828057,12.50423101341092
2016-01-22,22.3,held_out,16.01054380707397,9.364681138872973,14.176806212250485,12.114143137145478
2016-01-23,22.3,held_out,15.78239384593252,9.00262931476933,13.962737365009085,11.73622462587706
2016-01-24,22.3,held_out,15.557495017631787,8.654574926498569,13.751900943369979,11.370095838367261
2016-01-25,22.3,held_out,15.335800993587288,8.319976813384645,13.544248137917839,11.015388976844447
2016-01-26,21.8,held_out,15.117266105396046,7.998314736789001,13.339730876256313,10.671747717529382
2016-01-27,21.8,held_out,14.901845335428998,7.689088571235005,13.1383018118791,10.338826852687165
2016-01-28,21.8,held_out,14.689494307557492,7.39181752680464,12.939914313209036,10.01629194384588
2016-01-29,21.4,held_out,14.4801692780119,7.106039401598449,12.744522452802741,9.703818985833593
2016-01-30,21.4,held_out,14.273827126370536,6.831309863096435,12.552080996718216,9.401094081296218
2016-01-31,21.4,held_out,14.070425346676938,6.5672017573025725,12.362545394043032,9.107813125369278
2016-02-01,21.4,held_out,13.869922038683763,6.313304444598747,12.175871766580633,8.823681500186781
2016-02-02,20.9,held_out,13.67227589922144,6.069223161275554,11.992016898692354,8.548413778920361
2016-02-03,20.9,held_out,13.477446213689817,5.834578405747194,11.810938227292855,8.281733439051331
2016-02-04,20.9,held_out,13.285392847671064,5.609005348496178,11.632593831996605,8.023372584587658
2016-02-05,20.9,held_out,13.09607623866208,5.392153264830408,11.456942425413143,7.7730716769467625
2016-02-06,20.5,held_out,12.909457387924729,5.1836849895706685,11.283943343588918,7.530579274233858
2016-02-07,20.5,held_out,12.725497852452184,4.9832763928206685,11.113556536593416,7.295651778653855
2016-02-08,20.5,held_out,12.544159737049775,5.171577439937809,10.945742559247455,7.30585126324818
2016-02-09,20.5,held_out,12.365405686528675,4.971636938189121,10.780462561991483,7.077934488475298
2016-02-10,20.5,held_out,12.189198878010824,4.779426419159206,10.61767828189175,6.857127912685548
2016-02-11,20.0,held_out,12.015503013343517,4.594647030778026,10.457352033782316,6.643209722764781
2016-02-12,20.0,held_out,11.844282311622067,4.417011475019448,10.299446701540779,6.4359650253851575
2016-02-13,20.0,held_out,11.675501501819031,4.246243561205569,10.14392572949576,6.235185631132244
2016-02-14,20.0,held_out,11.509125815518484,4.08207777658091,9.990753113964121,6.040669845366567
2016-02-15,20.0,held_out,11.345120979753794,3.9242588734888253,9.839893394916004,5.852222265609565
2016-02-16,20.0,held_out,11.183453209947487,3.772541472508259,9.691311647765666,5.669653585250369
2016-02-17,20.0,held_out,11.024089202951712,3.626689680933791,9.544973475286335,5.492780403376247
2016-02-18,19.6,held_out,10.866996130187875,3.486476726005786,9.400844999647116,5.321425040535665
2016-02-19,19.6,held_out,10.71214163088404,3.351684602320387,9.25889285457014,5.155415360248892
2016-02-20,19.6,held_out,10.559493805408676,3.2221037328711324,9.11908417760616,4.994584596086838
2016-02-21,19.6,held_out,10.409021208699444,3.09753264319519,8.98138660252676,4.8387711841444325
2016-02-22,19.2,held_out,10.260692843785568,2.977777648117551,8.845768251831462,4.687818600740231
2016-02-23,19.2,held_out,10.11447815540255,3.672019362662146,8.71219772936796,5.15736889986489
2016-02-24,19.2,held_out,9.970347023697858,7.741102457907434,8.58064411306379,8.3050795508556
2016-02-25,19.6,held_out,9.828269758026325,13.805265005807739,8.451076947767772,13.081496215171937
2016-02-26,19.6,held_out,9.68821709083393,20.830967655280844,8.323466238199511,18.66781745947013
2016-02-27,19.6,held_out,9.550160171628786,27.65072216092956,8.197782442005387,24.132078657505957
2016-02-28,19.6,held_out,9.414070561037983,31.752438553820088,8.07399646291939,27.456508345457262
2016-02-29,19.2,held_out,9.27992022494917,36.52443976158739,7.952079644027221,31.341903668979988
2016-03-01,22.7,held_out,9.147681528735587,38.49389054028984,7.832003761132123,36.05402487106152
2016-03-02,23.2,held_out,9.017327231563419,37.607974079011754,7.713741016220853,36.65696614622841
2016-03-03,25.5,held_out,8.888830480780232,36.153996584825826,7.597264031028363,35.51339817639642
2016-03-04,28.2,held_out,8.762164806383408,34.75623191798226,7.48254584069961,34.40550549121318
2016-03-05,30.3,held_out,11.05328330126003,35.423879530256166,9.868637791138442,34.81892741519235
2016-03-06,31.8,held_out,11.752526887764224,34.1205196816521,10.569644397960692,33.73269976675354
2016-03-07,32.5,held_out,11.585053591100028,32.80137210930955,10.410043458359235,32.680358587307985
2016-03-08,32.5,held_out,12.052053031830603,31.533224648742923,10.855023822875724,31.660846738619046
2016-03-09,33.3,held_out,12.802047385498534,30.31410556346446,11.583961825215004,30.673140061432147
2016-03-10,33.3,held_out,12.82496858972043,29.142119347109038,11.563451611909187,29.716246346646827
2016-03-11,33.3,held_out,12.642213018101922,28.015443776269827,11.388844248330068,28.789204338584785
2016-03-12,34.0,held_out,12.462061710090294,26.932327077275385,11.216873444529059,27.891082769352277
2016-03-13,34.0,held_out,12.284477554976016,25.89108520250324,11.047499388625825,27.02097942332713
2016-03-14,38.9,held_out,12.10942397087649,26.21841082272249,10.88068286989683,26.178020230830363
2016-03-15,38.0,held_out,11.9368648972003,26.798267425095354,10.716385269697899,26.67160864725739
2016-03-16,38.0,held_out,11.766764787218799,26.276436034919005,10.554568552523856,26.221621521841175
2016-03-17,40.7,held_out,11.599088600743585,30.25581448387026,10.395195257203168,29.8289316103698
2016-03-18,38.0,held_out,11.433801796908314,32.1792101315042,10.238228488225554,31.61053712974897
2016-03-19,35.6,held_out,11.270870327053364,32.773645062821906,10.083631907200509,32.210944562858906
2016-03-20,32.5,held_out,11.1102606277119,31.506569569107008,9.931369724444867,31.206076775023465
2016-03-21,32.5,held_out,10.951939613695885,30.28848100692492,9.781406690697326,30.232557315674917
2016-03-22,33.3,held_out,10.795874671280611,29.5069579231865,9.633708088958134,29.561838856771313
2016-03-23,34.0,held_out,10.642033651486372,28.42472920934077,9.48823972645196,28.639613817440928
2016-03-24,35.6,held_out,10.490384863455837,27.392985174606498,9.344967926712151,27.746158944516246
2016-03-25,35.6,held_out,10.34089706792582,27.42029957718668,9.203859521784496,27.660210032763825
2016-03-26,35.6,held_out,10.193539470792075,26.94344679664109,9.064881844548726,27.222292494699527
2016-03-27,36.4,held_out,10.048281716765791,25.901775017783564,8.928002721155956,26.373053044872908
2016-03-28,36.4,held_out,9.90509388312047,24.90037574389015,8.793190463580308,25.550306868648516
2016-03-29,41.6,held_out,9.763946473527936,28.69250906264504,8.660413862283033,28.708339124022437
2016-03-30,58.0,held_out,15.454104473350737,30.549056084655028,14.06023576854453,30.369936641634013
2016-03-31,80.2,held_out,25.924252155361945,43.5437164579473,24.172382287753194,41.779661639707186
2016-04-01,75.8,held_out,25.554832028654346,43.74195386435556,23.80738089505966,42.06556478596516
2016-04-02,69.2,held_out,25.190676132104617,42.46069860319219,23.44789099954014,41.01987028931543
2016-04-03,62.0,held_out,24.83170945052775,40.966219099649464,23.093829377947532,39.772542197338446
2016-04-04,59.0,held_out,24.477858037703754,40.0177313436651,22.745114063700317,38.99682168701828
2016-04-05,57.0,held_out,24.129049001144956,38.470589223756555,22.401664327907,37.78025848239771
2016-04-06,56.0,held_out,23.78521048708031,37.25190695097914,22.063400660677072,36.63727013360915
2016-04-07,54.0,held_out,23.446271665653715,36.37758569592207,21.730244752714174,35.89930747957633
2016-04-08,54.0,held_out,23.112162716333255,34.99512905423272,21.402119477187213,34.77937578612883
2016-04-09,56.0,held_out,22.782814813528326,36.02136614125242,21.07894887187519,35.645509752986804
2016-04-10,56.0,held_out,22.45816011241177,34.87360771854879,20.76065812158169,34.66036497923305
2016-04-11,56.0,held_out,22.13813173494396,33.590368965577454,20.44717354081487,33.579083919179624
2016-04-12,56.0,held_out,21.82266375609617,32.48302340349246,20.138422556728994,32.53754410092739
2016-04-13,56.0,held_out,21.511691190270117,32.25618497375483,19.834333692323558,32.350083506583
2016-04-14,56.0,held_out,21.205149977911145,31.009115219303162,19.53483654989609,31.340875074768338
2016-04-15,56.0,held_out,26.53154426429278,35.90177218122727,25.1237631707655,35.09870542250128
2016-04-16,60.0,held_out,34.75377487053165,44.33167411309592,33.768318008202506,41.725663339667335
2016-04-17,69.2,held_out,45.54841917146805,56.51415368369444,45.12327271831788,51.3219490752368
2016-04-18,76.9,held_out,54.037910572185034,64.50134649036013,53.79676033161042,57.563284307940215
2016-04-19,76.9,held_out,54.61906475496052,62.69461427971084,54.30726848064613,56.142536342456026
2016-04-20,79.1,held_out,57.291021104986044,63.58093840548952,57.04930627647067,56.909939511653306
2016-04-21,83.5,held_out,61.65362544447993,67.08354903792171,61.29770922636585,59.470012028440294
2016-04-22,79.1,held_out,60.77506239135162,64.55754256257411,60.37211782332561,57.614757541477125
2016-04-23,75.8,held_out,59.90901884592068,62.07751783651329,59.460502789976736,55.817380446732265
2016-04-24,76.9,held_out,59.67733436715451,59.67751315560206,59.14239146083005,54.07607517383595
2016-04-25,80.2,held_out,60.7055109515903,58.721334545936664,60.14920680064005,53.33328074781515
2016-04-26,83.5,held_out,62.59776430019887,58.842988167662504,62.051490854011824,53.46472528979174
2016-04-27,85.7,held_out,65.5611855094229,60.32183788733428,65.07205418326052,54.671484617080026
2016-04-28,85.7,held_out,68.77768302877665,62.201298577072535,68.39386546273441,56.1995500532758
2016-04-29,90.2,held_out,76.45119916643202,70.14186236594637,76.10628766064305,62.03147252029588
2016-04-30,97.4,held_out,85.72169664971506,79.85075011707518,85.56837456665944,70.10226019312037
2016-05-01,108.0,held_out,93.07511396775095,86.7442649843092,93.1016378220805,75.82026931426196
2016-05-02,117.0,held_out,104.44065949249656,98.69436085449642,104.78469931595932,85.72933792370736
2016-05-03,127.0,held_out,115.9386356164927,111.2876606277041,116.25466651234719,96.7545917401332
2016-05-04,124.0,held_out,119.75329553631414,112.80539371132737,120.17337977031822,98.2602942172083
2016-05-05,118.0,held_out,123.1176868192051,113.92882354038782,123.54023611639884,99.27488424247359
2016-05-06,115.0,held_out,131.8356846477166,122.29056125479589,132.30920472843465,106.59971164981211
2016-05-07,119.0,held_out,141.35220799530848,131.74962999226136,141.79425372046572,115.02367804559644
2016-05-08,121.0,held_out,149.43916882469298,138.33158203097253,150.19160553094255,120.56475346798437
2016-05-09,131.0,held_out,161.11107578022575,151.78599028593882,162.18749758608908,131.8531053657567
2016-05-10,134.0,held_out,175.64834547049458,167.62457392659738,176.62269906313583,146.01030859062294
2016-05-11,126.0,held_out,180.4978346813938,169.35243119764075,181.60700847842452,147.8537378387919
2016-05-12,124.0,held_out,187.51676548523014,173.8262153270764,188.87295083284496,151.87717276236924
2016-05-13,121.0,held_out,192.82926667054784,176.11064808396208,194.33708590796275,154.169466354979
2016-05-14,123.0,held_out,199.99082471679714,180.9879226615404,201.6213341800859,158.33404941703753
2016-05-15,135.0,held_out,208.1309624043514,187.5903196107484,209.67127841351285,164.60354733206364
2016-05-16,151.0,held_out,220.38590227622004,199.72520251084867,221.8314456728701,175.6562125828915
2016-05-17,144.0,held_out,229.25724054579672,207.5818554853622,230.3249354814674,183.47574168670948
2016-05-18,149.0,held_out,242.29852797077496,221.29116314444192,242.855844576823,196.53764171504434
2016-05-19,141.0,held_out,245.1666147305728,220.24411150185813,245.47448339655904,196.5635734779271
2016-05-20,137.0,held_out,246.64915085043484,217.0065991573438,243.5788603020562,201.4358751063469
2016-05-21,132.0,held_out,255.44763080462167,214.5781661307866,239.90083543125152,204.15880116873706
2016-05-22,130.0,held_out,260.20158771795406,212.1168142812253,236.27834849560875,222.1968727175017
2016-05-23,141.0,held_out,258.22883540953507,212.9658594310159,232.71056087593672,214.01125729617218
2016-05-24,137.0,held_out,257.92774472392904,210.16890052020574,231.91167291856485,211.46062277610022
2016-05-25,135.0,held_out,254.25227900301675,203.8008834911808,228.40982181471026,206.17657131362384
2016-05-26,135.0,held_out,250.62918860248752,199.392979544298,224.96084843365088,202.31185939520796
2016-05-27,140.0,held_out,248.0647177974235,198.6644517800138,221.95168684988,200.70819189674268
2016-05-28,134.0,held_out,247.8793238350262,198.96675884951762,221.6305535880299,201.09030370733808
2016-05-29,129.0,held_out,245.4198815222328,194.83038360103825,219.13384590634644,197.44515309314383
2016-05-30,124.0,held_out,243.3322526265662,189.84775246425485,217.00792380669475,193.18426047073365
2016-05-31,124.0,held_out,239.86477240539577,184.82405722375998,213.7311183403545,190.06462260150116
2016-06-01,127.0,held_out,236.4467037149798,182.84216254542764,210.50379242239148,190.30855696952497
2016-06-02,127.0,held_out,233.0773424418942,182.38373922676948,207.3251989148591,196.4671451368258
2016-06-03,140.0,held_out,230.15309766059173,184.59224851393228,204.1946019615448,186.4369833735267
2016-06-04,151.0,held_out,230.07082719248749,187.118427395756,203.50981295067447,189.30505135822358
2016-06-05,152.0,held_out,227.0758979540274,186.0125591374719,200.49693334198656,200.40170967693166
2016-06-06,163.0,held_out,223.84007049440794,187.16826944820235,197.4694427525429,217.59920131278238
2016-06-07,172.0,held_out,220.65035351785943,190.38757174914116,194.48766707312996,245.72502152895197
2016-06-08,181.0,held_out,217.50608995082783,195.17850456516786,191.55091601159413,250.10464235584638
2016-06-09,197.0,held_out,214.4066320830455,199.97708508476921,188.65850969914817,270.057615006933
2016-06-10,205.0,held_out,211.35134143410437,205.9623155336201,185.8097785329791,276.8822181325336
2016-06-11,212.0,held_out,208.33958862193077,211.9892395889902,183.00406302123264,257.3242217913779
2016-06-12,222.0,held_out,205.37075323313425,216.1954413135475,180.2407136303384,244.04113385777987
2016-06-13,222.0,held_out,202.44422369520393,219.87447090598621,177.5190906346405,254.5985268204387
2016-06-14,222.0,held_out,199.55939715052634,223.37444022284285,174.8385639682986,268.49115884524963
2016-06-15,222.0,held_out,196.71567933219796,230.39945920034057,172.19851307942537,236.22671004254394
2016-06-16,226.0,held_out,195.60096549264196,237.45234700865964,169.5983267864264,211.98808797258405
2016-06-17,214.0,held_out,195.74886533416793,239.23834283183015,168.15012542124964,210.21954240444836
2016-06-18,191.0,held_out,196.5180021173389,240.70931576646086,168.8212535125649,215.03330485443604
2016-06-19,183.0,held_out,193.71762412350367,237.4824535971454,166.27206361829565,226.95872227794098
2016-06-20,183.0,held_out,190.95715146568782,236.57430818389824,163.7613663248206,225.20924044017573
2016-06-21,179.0,held_out,188.23601549357122,235.52850942558607,161.2885803963836,211.17573665765656
2016-06-22,174.0,held_out,186.96272796935475,236.68332443407252,159.27484076896204,208.0302288877342
2016-06-23,159.0,held_out,186.35606105861024,232.53889067834322,158.6649959797951,205.53708112669406
2016-06-24,146.0,held_out,183.73664535152156,226.20663649543096,156.26916491048087,202.4451610893627
2016-06-25,141.0,held_out,181.11840146159898,222.7295171260015,153.9095107337273,223.42334835490377
2016-06-26,144.0,held_out,178.53746749999254,218.89247713980552,151.58548718082108,231.4396425742851
2016-06-27,152.0,held_out,175.99331180089516,211.57522184532792,149.2965562316709,209.9942510360459
2016-06-28,158.0,held_out,178.67323726639728,216.98283645828374,150.91597575203093,219.87567615529983
2016-06-29,154.0,held_out,176.1271468505718,208.6124556270553,148.63715438169777,205.02677897126551
2016-06-30,158.0,held_out,173.617338177355,200.54720290029718,146.39274306511808,199.40641050501574
2016-07-01,16.5,held_out,171.14329423256763,192.79376425650432,144.18222221272916,193.18563426502223
2016-07-02,16.5,held_out,168.70450536947308,185.4034037152098,142.00508008073675,187.15892428864615
2016-07-03,159.0,held_out,166.3004692037917,182.51080431596986,139.8608126526444,182.47831144043306
2016-07-04,152.0,held_out,164.56788108230364,179.74016916337038,137.74892352257183,179.6188021947722
2016-07-05,159.0,held_out,169.13962913666586,187.72518179476998,141.03357801742584,186.1927064944415
2016-07-06,151.0,held_out,170.26996375950313,188.55166216922382,142.07755597530246,187.048708901979
2016-07-07,143.0,held_out,168.9926801602155,184.5511117366416,140.814023869461,183.53995667615183
2016-07-08,137.0,held_out,166.58453750895174,178.27490850566596,138.6877413123142,178.0357394627526
2016-07-09,135.0,held_out,164.210710847134,171.38254827906306,136.59356548281136,172.48165273547704
2016-07-10,152.0,held_out,161.87071117253024,164.75665645169508,134.5310115714635,167.10083391197853
2016-07-11,143.0,held_out,159.5640564511813,158.42434486223357,132.49960208937316,161.8878776451759
2016-07-12,151.0,held_out,157.2902715181034,152.35815379237062,130.49886675769412,156.8375472157399
2016-07-13,154.0,held_out,155.04888797940515,150.20489282986378,128.52834239875995,152.42229291368983
2016-07-14,152.0,held_out,152.83944411579972,145.5611395621249,126.58757282885674,147.84805390754485
2016-07-15,138.0,held_out,151.68826421371688,146.24191139055858,124.6761087526148,146.9975758987292
2016-07-16,130.0,held_out,149.52670917829815,140.58799215997524,122.79350765899524,142.4117703312374
2016-07-17,129.0,held_out,147.395956263237,135.1526614472935,120.93933371884678,137.96902571270527
2016-07-18,126.0,held_out,145.2955665388726,130.8570625911533,119.11315768401002,133.66487904643216
2016-07-19,121.0,held_out,143.72448184853627,130.461245938758,117.31455678794464,131.65393944091454
2016-07-20,115.0,held_out,144.43706041558772,131.94970393323956,116.16249690603838,132.41389718468434
2016-07-21,113.0,held_out,142.37883490380707,127.41181195143594,114.40845079487192,128.4388627588932
2016-07-22,113.0,held_out,146.52748598330578,136.53040584318816,118.10663465131901,136.0312273529076
2016-07-23,112.0,held_out,145.18318212744015,133.76239412924159,116.80912226595593,133.3877464682047
2016-07-24,111.0,held_out,143.11432439469206,128.59095069483215,115.04531215411667,129.22651954558873
2016-07-25,111.0,held_out,141.0749478474066,123.84172355502757,113.30813545968762,125.19510821668345
2016-07-26,112.0,held_out,139.0646323792214,119.95078396364848,111.59719001980653,121.28949769857154
2016-07-27,118.0,held_out,137.08296387028227,117.60693536576005,109.91207974424417,117.98795005233846
2016-07-28,120.0,held_out,138.0057808184045,122.02275891280898,109.54060148985728,120.68792007399439
2016-07-29,119.0,held_out,139.59339478589254,125.44985275857434,111.06589820362481,123.62104200480866
2016-07-30,118.0,held_out,140.5537206752502,127.40644497807824,112.01651545140764,125.33371014135336
2016-07-31,114.0,held_out,141.29111944323782,128.88752263994374,112.74791539567377,126.61844267551353
2016-08-01,103.0,held_out,139.27772353370204,124.39390343501191,111.04542924214458,122.72593266357515
2016-08-02,97.4,held_out,137.29301847964615,119.75297443765002,109.36865051826311,118.89731670277882
2016-08-03,93.8,held_out,135.3365954368958,115.1516526943415,107.71719104352182,115.18814004757283
2016-08-04,91.4,held_out,133.40805138729888,110.83521513226921,106.09066849891352,111.59467661316152
2016-08-05,91.4,held_out,131.50698905570462,107.02417255097677,104.488706338423,108.11331655544434
2016-08-06,92.6,held_out,129.63301682812602,102.88852616028926,102.91093370185534,104.74056264471648
2016-08-07,91.4,held_out,127.78574867106826,98.99073058606872,101.35698532898022,101.4730267524969
2016-08-08,90.2,held_out,125.96480405200708,95.43704754588624,99.82650147497303,98.30742644795566
2016-08-09,90.2,held_out,124.16980786099965,91.747316241782,98.31912782713242,95.24058170051978
2016-08-10,90.2,held_out,122.40039033341317,88.20023517096311,96.8345154228557,92.26941168534691
2016-08-11,86.8,held_out,120.65618697375417,85.75222354976901,95.37232056885271,89.3909316884566
2016-08-12,85.7,held_out,118.9368384805834,82.43692124564018,93.93220476157946,86.60225010841059
2016-08-13,84.6,held_out,117.24199067250069,79.68016240966668,92.51383460887335,83.9005655515301
2016-08-14,83.5,held_out,115.57129441518441,77.65829610248772,91.11688175277169,81.2831640177321
2016-08-15,80.2,held_out,113.92440554947076,77.44564773097322,89.74102279349553,79.14995236512354
2016-08-16,76.9,held_out,112.30098482045778,75.55314042338283,88.38593921458144,76.87685348375857
2016-08-17,72.5,held_out,110.70069780761983,75.31786915743272,87.05131730914381,75.07905355059212
2016-08-18,71.4,held_out,109.1232148559177,76.36363495063351,85.73684810725044,74.3524248437159
2016-08-19,68.1,held_out,107.56821100789054,75.13185735637492,84.44222730439498,72.86229060038993
2016-08-20,67.0,held_out,106.03536593671551,73.8299314398819,83.16715519104916,71.32431730937644
2016-08-21,65.0,held_out,104.52436388022123,72.17706440697663,81.9113365832791,69.55714068667788
2016-08-22,65.0,held_out,103.03489357584154,70.95464547119221,80.67448075440892,68.09946674491316
2016-08-23,69.2,held_out,101.56664819649627,70.37864700200346,79.45630136771662,67.09997380460511
2016-08-24,73.4,held_out,100.11932528738565,68.10680461517532,78.25651641014596,65.05460441968037
2016-08-25,73.4,held_out,98.69262670368529,65.47369917579863,77.07484812701942,63.02513035988855
2016-08-26,72.3,held_out,97.28625854912926,63.648783308919846,75.91102295773695,61.09707054650726
2016-08-27,72.3,held_out,95.8999311154681,61.18803128146264,74.7647714724457,59.191057576180214
2016-08-28,71.2,held_out,94.53335882278967,58.82241540941701,73.635828309666,57.34450548360982
2016-08-29,69.0,held_out,93.18626016069047,56.54825759439452,72.52393211485911,55.555559299266136
2016-08-30,69.0,held_out,91.8583576302852,54.36202193849507,71.4288254799228,53.822421922121826
2016-08-31,38.0,held_out,90.54937768704262,52.29751730169482,70.3502548836004,52.14335231435905
2016-09-01,68.0,held_out,89.25905068443618,50.31166330943253,69.28797063278955,50.51666375239522
2016-09-02,67.0,held_out,87.98711081839747,49.57729701622061,68.24172680473748,48.94072213247052
2016-09-03,65.0,held_out,86.7332960725613,50.10262739761735,67.2112811901089,47.76975231697386
2016-09-04,64.0,held_out,85.49734816429091,48.84188132203128,66.19639523691365,46.37526241085278
2016-09-05,64.0,held_out,84.27901249147254,49.50295774510854,65.19683399528101,45.530773985838586
2016-09-06,64.0,held_out,83.07803808006788,50.176726713494745,64.21236606306802,45.52377961287072
2016-09-07,63.0,held_out,81.89417753241426,48.974216813878094,63.24276353228884,44.2965526802538
2016-09-08,63.0,held_out,80.72718697626115,49.63236358356894,62.287801936353446,44.30288444083529
2016-09-09,64.0,held_out,79.57682601453327,49.147462408279374,61.34726019810257,43.574283898568616
2016-09-10,62.0,held_out,78.50064499583266,50.942367034879744,60.42092057862764,44.38077564398168
2016-09-11,61.0,held_out,77.71723226712392,50.55376316572407,59.50856862686334,43.729287605990905
2016-09-12,61.0,held_out,78.49136701742391,53.09917933386547,58.609993129941444,45.66972167399811
2016-09-13,60.0,held_out,77.37286644987591,51.04628992405625,57.72498606429423,44.24498754054066
2016-09-14,56.0,held_out,76.84727260840407,50.7867705547993,56.853342547496254,43.72309588652266
2016-09-15,55.0,held_out,75.75220035659918,49.54846131466392,55.9948607908333,42.82914987997799
2016-09-16,54.0,held_out,74.67273286467669,47.6328476878382,55.14934205258756,41.493031561225216
2016-09-17,51.1,held_out,73.6086477650891,45.92265383865904,54.31659059202816,40.19859541843693
2016-09-18,50.2,held_out,72.55972585902246,47.14738723466693,53.49641362409648,40.033032398617095
2016-09-19,51.1,held_out,71.52575107124194,46.15938122116734,52.688621274775684,39.044296453063446
2016-09-20,50.2,held_out,71.06659091096333,46.56099059755001,51.893026537134176,38.974382681829525
2016-09-21,49.2,held_out,70.05389326932372,44.760876815999055,51.10944522803279,37.75851949497656
2016-09-22,48.6,held_out,69.05562655085402,43.0303579804521,50.33769594548577,36.58058694839088
2016-09-23,48.6,held_out,68.07158511515873,41.36674345181794,49.57760002666544,35.439401739965284
2016-09-24,48.0,held_out,67.10156625221428,39.76744661491992,48.82898150654117,34.33381748244206
2016-09-25,48.0,held_out,66.14537014061133,40.76693166257191,48.09166707714279,33.552258210475046
2016-09-26,47.4,held_out,65.202799806392,41.055026732951895,47.365486047439134,33.38259819985525
2016-09-27,47.4,held_out,65.5781809027464,43.50405217859048,46.65027030382248,34.94709359620972
2016-09-28,46.8,held_out,66.03657406953775,45.35691954665748,45.945854271189575,36.569687750570914
2016-09-29,46.8,held_out,67.1285239614423,48.29344773445127,45.745906272258516,39.269589834601085
2016-09-30,46.8,held_out,67.24492644453811,49.271319311743056,45.929424209598274,40.16455859186579
2016-10-01,41.4,held_out,67.83685088403882,49.984814679297095,46.60112674995698,40.992944545515265
2016-10-02,41.4,held_out,70.4545124090642,53.60843427023201,49.219718616947524,44.4718678433419
2016-10-03,40.8,held_out,69.45053687506233,52.14080942896587,48.476504082719686,43.546748850875254
2016-10-04,40.8,held_out,69.35855429160569,51.1633602972421,48.50300020043736,42.99911127296534
2016-10-05,40.8,held_out,68.37019614105587,49.18531239062457,47.77060806745576,41.65769075859842
2016-10-06,40.8,held_out,67.39592207636588,47.28373861506766,47.0492750078147,40.35811782998604
2016-10-07,40.8,held_out,66.4355313995657,45.45568237245166,46.33883403022955,39.09908699014591
2016-10-08,40.8,held_out,65.4888262726277,43.69830137092377,45.639120664973134,37.8793334689941
2016-10-09,40.8,held_out,64.55561167671264,42.00886320565617,44.949972925800424,36.69763195280948
2016-10-10,40.2,held_out,63.63569537199619,40.3847411104581,44.27123127244811,35.552795353334545
2016-10-11,40.2,held_out,62.72888785806809,38.82340987363668,43.60273857370042,34.44367361527582
2016-10-12,40.2,held_out,61.83500233489548,37.32244191175633,42.94434007101266,33.36915256100606
2016-10-13,39.6,held_out,60.95385466434263,35.98836857943157,42.29588334268408,32.32815277130771
2016-10-14,41.4,held_out,60.085263332238924,43.590359121289005,41.6572182685716,38.07057236676867
2016-10-15,40.2,held_out,59.229049410987415,41.905094156133465,41.028196995336536,36.882904871915535
2016-10-16,40.2,held_out,58.38503652270619,40.28498391922594,40.40867390221594,35.73228841125074
2016-10-17,40.2,held_out,57.55305080289497,41.083993590564816,39.79850556731085,36.49008442653973
2016-10-18,39.6,held_out,56.732920864619516,41.19641201633684,39.19755073438362,36.794982932653085
2016-10-19,42.0,held_out,55.92447776320625,45.03060066626522,38.60567028015656,40.48005376979337
2016-10-20,40.2,held_out,55.12755496144022,43.28965392500051,38.022727182104376,39.21721895898143
2016-10-21,40.2,held_out,54.34198829525875,41.61601464823938,37.44858648673296,37.99378013732671
2016-10-22,39.6,held_out,53.567615939934115,40.007080634162286,36.88311527833713,36.80850828900831
2016-10-23,39.0,held_out,52.80427837673803,38.46035028575416,36.326182648230166,35.66021273916134
2016-10-24,39.0,held_out,52.05181836008126,36.973418721280396,35.777659664437984,34.54773995777446
2016-10-25,39.0,held_out,51.31008088512135,35.5439740351372,35.23741934185086,33.469972400901504
2016-10-26,38.4,held_out,50.57891315583207,34.16979370326285,34.705336612825924,32.425827388023244
2016-10-27,38.4,held_out,49.85816455352781,32.84874112752077,34.18128829823356,31.414256014431565
2016-10-28,38.4,held_out,49.14768660583653,31.57876231368167,33.66515307894094,30.434242097543308
2016-10-29,38.4,held_out,48.44733295611483,31.67122824962256,33.15681146772622,30.59905935330361
2016-10-30,38.4,held_out,47.7569593332988,30.704975935463157,32.656145781616814,29.800328249562284
2016-10-31,38.4,held_out,47.076423522184655,31.422810504757784,32.163040114645284,30.51394625108854
2016-11-01,37.2,held_out,46.405585334132645,31.588767334759897,31.677380311016773,30.720250568045607
2016-11-02,35.4,held_out,45.74430657818868,30.990882199970212,31.199053938681438,30.232056966311188
2016-11-03,34.2,held_out,46.49015626108365,32.20396641401996,30.999547913353396,30.05443181554964
2016-11-04,34.8,held_out,45.82767237095247,35.938849256717866,30.531456765921206,33.53336586201054
2016-11-05,34.2,held_out,45.17462886433429,34.549402490018174,30.070433764221878,32.487243196881096
2016-11-06,38.0,held_out,44.5308912159339,33.21367370142352,29.6163721797168,31.4737558668087
2016-11-07,32.4,held_out,43.89632681743918,31.929586077887972,29.169166895461327,30.491885764519914
2016-11-08,31.8,held_out,43.270804950204045,30.695143098896708,28.728714381769798,29.540646544094997
2016-11-09,31.8,held_out,42.654196758320744,29.508425432243147,28.29491267224804,28.6190826301258
2016-11-10,31.8,held_out,42.04637522207593,28.426252486007463,27.867661340187773,27.72626825778434
2016-11-11,31.2,held_out,41.44721513178488,27.32725334098924,27.44686147531745,26.86130654283801
2016-11-12,31.2,held_out,40.85659306199861,26.270743058030664,27.032415660904157,26.023328580676832
2016-11-13,31.2,held_out,40.274387346078555,25.25507895760163,26.624227951201274,25.211492573448037
2016-11-14,31.2,held_out,39.70047805113359,24.284537125504883,26.222203849236685,24.424982984420893
2016-11-15,30.6,held_out,39.1347469533141,23.345662556961933,25.826250284936393,23.663009718732383
2016-11-16,30.6,held_out,38.57707751345822,22.44308620777153,25.436275593578415,22.92480732969071
2016-11-17,31.8,held_out,38.02735485308504,27.501619551641237,25.05218949457209,27.431556338952973
2016-11-18,30.0,held_out,37.485465730729935,27.911159870926934,24.673903070557774,27.845749028398306
2016-11-19,30.0,held_out,36.9512985186171,27.97292266913481,24.301328746822144,27.943398309204326
2016-11-20,31.2,held_out,36.42474317966456,32.47221806767454,23.93438027102431,32.04902449732088
2016-11-21,30.0,held_out,35.90569124481674,31.216796168119316,23.572972693228117,31.049208044063533
2016-11-22,29.5,held_out,35.394035790700165,30.00991065565654,23.217022346235872,30.08058233548197
2016-11-23,29.5,held_out,34.889671417597526,28.849685044880925,22.86644682621911,29.142174330424247
2016-11-24,28.5,held_out,34.39249422773557,27.734315397968224,22.52116497364179,28.23304134318815
2016-11-25,28.0,held_out,33.902401803882455,26.66206751988312,22.18109685447156,27.35227009653838
2016-11-26,28.0,held_out,33.41929318825005,25.63127426202427,21.846163741674722,26.498975804266113
2016-11-27,27.5,held_out,32.943068861696894,24.640332930114333,21.516288096990653,25.672301282369563
2016-11-28,27.5,held_out,32.47363072322745,23.68770279230458,21.191393552981403,24.871416087962526
2016-11-29,27.5,held_out,32.01088206978368,22.771902683619732,20.871404895352324,24.09551568504595
2016-11-30,27.5,held_out,31.554727576324336,21.89150870301834,20.556248045539725,23.343820636304503
2016-12-01,27.5,held_out,31.105073276188296,21.045151999488077,20.245850043561358,22.615575820116202
2016-12-02,27.0,held_out,30.661826541737668,20.231516643733716,19.94013903112597,21.91004967198863
2016-12-03,27.0,held_out,30.224896065276752,20.48380893086782,19.639044234997783,22.022452549122203
2016-12-04,28.0,held_out,29.794191840242853,27.570956639338583,19.342495950612264,28.463054101528108
2016-12-05,30.0,held_out,29.369625142665175,28.30087494343307,19.05042552593925,29.140370480338447
2016-12-06,29.5,held_out,28.951108512887906,27.20672307162335,18.762765345589745,30.79348119551807
2016-12-07,30.0,held_out,28.53855573755377,33.446412173974316,18.4794488151627,36.064680063366296
2016-12-08,30.0,held_out,28.131881831844268,39.346790669523465,18.200410345828196,39.099552933258884
2016-12-09,30.0,held_out,27.731003021973038,37.82558806547627,17.92558533914332,37.8797848763264
2016-12-10,29.5,held_out,27.33583672792867,36.363197306644,17.654910172097456,36.69806927782617
2016-12-11,29.5,held_out,26.94630154646342,34.957344643870314,17.388322182383273,35.553219035354175
2016-12-12,30.0,held_out,26.56231723432438,33.60584423435865,17.125759653890196,34.44408407991174
2016-12-13,29.5,held_out,26.18380469172353,32.30659474308801,16.867161802416877,33.369550220594
2016-12-14,29.0,held_out,25.810685946043417,31.057576075622755,16.61246876159944,32.32853802531997
2016-12-15,29.0,held_out,25.44288413577498,29.8900493235317,16.361621569052197,31.32000173647996
2016-12-16,28.5,held_out,25.08032349468429,28.734457721463027,16.114562152717617,30.34292822041088
2016-12-17,28.5,held_out,24.722929336204867,27.623542925923413,15.871233317422451,29.39633594964428
2016-12-18,28.0,held_out,24.370628038052477,26.555577668353582,15.631578731636827,28.479274016904586
2016-12-19,28.5,held_out,24.023347027059106,25.528901458840856,15.395542914433294,27.5908211798672
2016-12-20,28.5,held_out,23.681014764223075,24.541918004362255,15.163071222642772,26.730084935716665
2016-12-21,28.0,held_out,23.3435607299722,23.593092726841835,14.934109838204469,25.89620062457546
2016-12-22,28.0,held_out,23.010915409636922,22.68095037716355,14.708605755706794,25.088330560902598
2016-12-23,28.0,held_out,22.683010279130478,21.80407274142971,14.486506770116403,24.305663191989503
2016-12-24,28.0,held_out,22.359777790833103,20.96109643589869,14.267761464692546,23.547412282707878
2016-12-25,27.5,held_out,22.041151359677407,20.150710787173562,14.052319199083897,22.81281612569057
2016-12-26,27.5,held_out,21.727065349432003,19.37165579434557,13.840130097605126,22.101136776151968
2016-12-27,27.5,held_out,21.417455059180625,18.622720169924,13.63114503769049,21.411659310579342
2016-12-28,27.5,held_out,21.112256709993897,17.902739456506552,13.425315638521779,20.74369110855036
2016-12-29,27.5,held_out,20.811407431791046,17.21059421626183,13.22259424982798,20.09656115695541
2016-12-30,27.0,held_out,20.514845250388813,16.545208290409033,13.02293394085405,19.46961937592566
2016-12-31,26.6,held_out,20.222509074734926,15.905547125988624,12.826288489496285,18.86223596578986
2017-01-01,24.2,held_out,19.934338684323528,15.290616167322401,12.632612371601727,18.27380077440375
2017-01-02,23.5,held_out,19.650274716789873,14.699459309662005,12.44186075042915,17.703722684216544
2017-01-03,23.5,held_out,19.370258655681845,14.131157412621558,12.25398946626919,17.151429018458803
2017-01-04,22.8,held_out,19.094232818405725,13.584826871083111,12.068955026221209,16.616364965855137
2017-01-05,22.8,held_out,18.822140344343715,13.0596182413529,11.886714594124523,16.097993023283856
2017-01-06,22.8,held_out,18.553925183140787,12.554714920432346,11.707225980641685,15.595792455823629
2017-01-07,22.8,held_out,18.289532083158477,12.069331876350317,11.530447633491468,15.109258773644854
2017-01-08,22.6,held_out,18.028906580093167,11.602714427582512,11.356338627829395,14.6379032252201
2017-01-09,22.4,held_out,17.77199498575659,11.15413706966027,11.184858656773452,14.181252306344636
2017-01-10,22.3,held_out,17.51874437701619,10.722902347144286,11.015968022072917,13.738847284473772
2017-01-11,22.1,held_out,17.2691025848931,10.308339769209459,10.849627624918051,13.310243737899206
2017-01-12,22.1,held_out,17.02301818381547,9.909804767154752,10.6857989568886,12.895011109301427
2017-01-13,22.1,held_out,16.780440481024907,9.52667769221719,10.524444091038925,12.49273227322972
2017-01-14,22.1,held_out,16.541319506133934,9.158362852131793,10.365525673117796,12.103003117075271
2017-01-15,22.1,held_out,16.305606000832178,8.804287584939472,10.209006912920733,11.725432135116417
2017-01-16,21.4,held_out,16.073251408739313,8.463901368602794,10.054851575772938,11.359640035228265
2017-01-17,21.4,held_out,15.844207865402558,8.136674965045316,9.903023974140837,11.005259357861583
2017-01-18,21.4,held_out,15.618428188436717,7.8220995972835015,9.753488959370271,10.66193410690818
2017-01-19,21.4,held_out,15.395865867804742,7.519686158371934,9.606211913549478,10.329319392082038
2017-01-20,21.4,held_out,15.17647505623677,7.22896445093181,9.46115874149489,10.00708108245682
2017-01-21,21.4,held_out,14.960210559785706,6.94948245608033,9.31829586285798,9.69489547081185
2017-01-22,22.1,held_out,14.747027828517394,6.680805630624321,9.177590204351299,9.392448948449275
2017-01-23,22.1,held_out,14.53688294733344,6.422516231425351,9.039009192091868,9.099437690155773
2017-01-24,21.4,held_out,14.329732626924805,6.174212665885836,8.902520744060217,8.8155673489924
2017-01-25,21.4,held_out,14.125534194854328,5.93550886754628,8.76809326267327,8.540552760605857
2017-01-26,21.4,held_out,13.92424558676631,5.7060336958228035,8.635695627469397,8.274117656764242
2017-01-27,20.8,held_out,13.72582533772136,5.485430358951674,8.505297187903896,8.015994387829439
2017-01-28,20.8,held_out,13.530232573654734,5.273355859243619,8.37686775625329,7.765923653887432
2017-01-29,20.8,held_out,13.337427002956371,5.069480459785377,8.250377600626754,7.523654244266364
2017-01-30,20.8,held_out,13.147368908170925,4.873487171759346,8.125797438083072,7.288942785180746
2017-01-31,20.8,held_out,12.960019137816083,4.685071261584157,8.003098427851526,7.061553495248244
2017-02-01,20.8,held_out,12.775339098317444,4.503939777109904,7.88225216465515,6.841257948633516
2017-02-02,20.1,held_out,12.593290746058345,4.329811092131331,7.763230672134804,6.627834845581091
2017-02-03,20.1,held_out,12.413836579542982,4.162414468510786,7.646006396372542,6.421069790106834
2017-02-04,19.5,held_out,12.236939631671191,4.00148963523012,7.5305521995127815,6.220755074624647
2017-02-05,19.5,held_out,12.062563462123318,3.8467863837170375,7.416841353479781,6.026689471292047
2017-02-06,19.5,held_out,11.890672149853604,3.6980641788166984,7.3048475337899985,5.838678029865045
2017-02-07,19.5,held_out,11.721230285690554,3.555091784803713,7.194544813457872,5.656531881859221
2017-02-08,19.5,held_out,11.554202965042728,3.4176469058530388,7.085907656993628,5.480068050820297
2017-02-09,19.5,held_out,11.389555780708479,3.2855158404107847,6.978910914491719,5.309109268513582
2017-02-10,19.5,held_out,11.22725481578817,3.1584931489275276,6.873529815808526,5.143483796847676
2017-02-11,20.1,held_out,11.067266636697374,3.036381334437526,6.769739964827982,4.983025255353511
2017-02-12,20.1,held_out,10.909558286279639,2.9189905354871986,6.667517333813777,4.827572454045447
2017-02-13,20.1,held_out,10.754097277017399,2.8061382309354177,6.56683825784685,4.676969231496503
2017-02-14,20.1,held_out,10.600851584339626,2.697648956166645,6.467679429346869,4.531064297965077
2017-02-15,7.8,held_out,10.44978964002486,10.724308209700617,6.370017892676444,11.588829151171913
2017-02-16,20.8,held_out,10.300880325698225,10.309691279130032,6.273831038826809,11.227298582268057
2017-02-17,24.9,held_out,10.154092966421125,14.495119771819756,6.17909660018375,21.34947267007053
2017-02-18,28.5,held_out,10.009397324372287,22.498519868297493,6.0857926453725755,21.65301529345411
2017-02-19,29.2,held_out,9.866763592618852,26.51585742196632,5.9938975741809175,25.23502756710716
2017-02-20,24.9,held_out,9.726162388976213,25.49071685338414,5.903390112558202,24.44778376934022
2017-02-21,22.8,held_out,9.587564749955364,24.505209669784733,5.814249307690629,23.68509919963335
2017-02-22,22.1,held_out,9.450942124796502,23.557803588422356,5.726454523150517,22.946207696748274
2017-02-23,24.2,held_out,9.316266369587632,22.64702556677045,5.639985434118895,22.230367000973366
2017-02-24,24.9,held_out,9.183509741467002,21.771459512210914,5.554822022680229,21.536858008480312
2017-02-25,24.9,held_out,9.052644892908141,20.929744080270083,5.470944573188201,20.864984048942294
2017-02-26,24.9,held_out,8.923644866086331,20.12057055797799,5.388333667701466,20.214070185687937
2017-02-27,24.2,held_out,8.79648308732538,19.34268082905993,5.306970181488319,19.583462537687954
2017-02-28,24.2,held_out,8.671133361623498,18.59486541779665,5.2268352785992604,18.97252762269339
2017-03-01,24.9,held_out,8.547569867257204,17.87596160851167,5.1479104075063935,18.380651720865743
2017-03-02,25.6,held_out,8.425767150462107,17.184851637761803,5.07017729680868,17.807240258259423
2017-03-03,24.9,held_out,8.305700120189503,16.52046095642026,4.993617951002043,17.251717209537528
2017-03-04,24.9,held_out,8.187344042937681,15.881756558949997,4.918214646313344,16.713524519320686
2017-03-05,24.9,held_out,8.070674537656881,15.267745377269776,4.843949926597256,16.192121541587817
2017-03-06,24.9,held_out,7.9556675707268685,14.677472736715595,4.77080659929511,15.68698449656557
2017-03-07,24.9,held_out,7.8422994510060615,14.110020871696848,4.698767731454746,15.19760594456096
2017-03-08,24.9,held_out,7.730546824951218,13.56450749873932,4.6278166458104755,14.723494276208498
2017-03-09,25.6,held_out,7.62038667180667,13.040084444696378,4.557936916922233,14.26417321861986
2017-03-10,25.6,held_out,7.511796298862104,12.535936327995413,4.489112367373023,13.819181356939913
2017-03-11,25.6,held_out,7.404753336777916,12.051279290869205,4.421327064023792,13.388071670828541
2017-03-12,26.3,held_out,7.2992357349771915,11.585359780600994,4.354565314324843,12.970411085402553
2017-03-13,25.6,held_out,7.195221757103343,11.137453377888345,4.288811662682952,12.565780036186654
2017-03-14,25.6,held_out,7.0926899765424665,10.706863670504138,4.224050886883346,12.173772047636417
2017-03-15,25.6,held_out,6.991619272009525,10.292921170503375,4.1602679945656975,11.793993324809806
2017-03-16,26.3,held_out,6.891988823197414,9.894982273292376,4.0974482197533435,11.426062357777163
2017-03-17,26.3,held_out,6.793778106488027,9.51242825694176,4.035577019434898,11.069609538372163
2017-03-18,26.3,held_out,6.696966890724449,9.144664320187447,3.9746400701975015,10.724276788898798
2017-03-19,27.7,held_out,6.6015352330433865,8.791118657623882,3.91462326491089,10.389717202421425
2017-03-20,27.0,held_out,6.50746347476699,8.45124157065161,3.8555127094615456,10.065594694276434
2017-03-21,28.5,held_out,6.414732237353212,13.419930158759332,3.797294719536156,13.922985451354984
2017-03-22,34.6,held_out,6.323322418403883,23.249107007230943,3.739955817453645,22.066326695026852
2017-03-23,38.7,held_out,6.233215187729666,30.281327386587687,3.6834827290450405,27.783785623480295
2017-03-24,38.7,held_out,6.1443919834710785,35.62881384751203,3.6278623805804546,32.087491035892626
2017-03-25,38.7,held_out,6.056834508274805,42.67256055627717,3.5730818957424653,37.76222043830824
2017-03-26,41.2,held_out,5.970524725524483,50.34568974535853,3.5191285926452025,44.0984376860706
2017-03-27,47.2,held_out,5.88544485562521,59.839926822854345,3.465989980898444,52.23066846394643
2017-03-28,51.7,held_out,5.801577372340993,65.74647259224342,3.4136537587160434,57.33150530868391
2017-03-29,55.4,held_out,5.718904999184382,69.96174371989909,3.3621078100680215,60.89054909881061
2017-03-30,59.3,held_out,5.637410705857564,77.01484491466394,3.3113402018756597,67.2175078327358
2017-03-31,60.2,held_out,5.5570777047441675,78.7849649655841,3.2613391812489483,70.93225447282865
2017-04-01,60.2,held_out,5.477889447451045,76.19973779266125,3.212093172765748,73.77216628173096
2017-04-02,57.3,held_out,5.399829621399359,74.30715986837363,3.1635907757920374,72.87727568982442
2017-04-03,58.3,held_out,5.322882146464225,74.72062468706366,3.115820761842625,73.47211403523946
2017-04-04,54.5,held_out,5.247031171662248,73.53719403463234,3.068772071981709,72.63391613584027
2017-04-05,52.7,held_out,5.172261071886263,70.69414205615286,3.0224338142626985,70.36799430027246
2017-04-06,49.9,held_out,5.098556444686599,67.96100649015617,2.9767952612066826,68.17276122882554
2017-04-07,,held_out,5.025902107098218,65.33353781260097,2.9318458473189817,66.04601168154171
2017-04-08,50.8,held_out,4.954283092513058,62.80765079205867,2.887575166643194,63.98560921416703
2017-04-09,52.7,held_out,4.883684647596954,61.10184535584688,2.8439729703521803,62.38736563428585
2017-04-10,56.4,held_out,4.814092229250487,58.73956155364094,2.8010291643754215,60.441100011076166
2017-04-11,58.3,held_out,4.745491501613144,58.08767562347032,2.758733807062203,59.807607742014774
2017-04-12,65.1,held_out,4.677868333110164,61.90424064130315,2.7170771068800867,63.31034175540275
2017-04-13,104.0,held_out,4.611208793541474,65.11799033798866,2.676049420148134,66.27877559983814
2017-04-14,93.9,held_out,4.545499151212102,66.52248450825753,2.6356412488043577,67.6604074058302
2017-04-15,87.2,held_out,4.480725870103479,63.95063112606972,2.5958432382068866,65.54964148956654
2017-04-16,86.1,held_out,11.947565695353157,69.9529874684984,10.450591747176214,70.1509766524768
2017-04-17,103.0,held_out,24.77812695521435,83.52090828741554,23.299123472660366,81.3653023995298
2017-04-18,152.0,held_out,40.56600581852097,101.9990729132636,38.68971515105617,97.77217304725177
2017-04-19,155.0,held_out,44.19578652263334,102.46633268968303,42.37121026416736,98.12071484810647
2017-04-20,149.0,held_out,46.8911881280879,101.71175394601867,45.177838536457145,97.48118052250186
2017-04-21,147.0,held_out,52.28219707243283,104.39708692593581,50.70110441836107,99.4631486645073
2017-04-22,143.0,held_out,52.20405581282963,100.36094782070298,50.56640814663508,96.36024946282119
2017-04-23,133.0,held_out,51.46014895690755,96.48085156452343,49.8028586885255,93.35414976512321
2017-04-24,133.0,held_out,52.65820372882397,94.22558650948554,51.02499740613998,91.4697287989159
2017-04-25,137.0,held_out,60.005534256696755,99.78343724254698,58.74495961340377,95.83818592823071
2017-04-26,139.0,held_out,71.13433941097199,111.2433776933168,70.45308522157161,104.87657567852744
2017-04-27,145.0,held_out,80.58144133865723,119.19288054598923,80.37437303057872,111.20187354256879
2017-04-28,149.0,held_out,85.03534691324693,120.2961091441671,84.67400002428303,111.84870465922081
2017-04-29,143.0,held_out,83.82359474994222,116.52913213485046,83.39542815801505,108.68069871266513
2017-04-30,130.0,held_out,82.62911003315915,114.39992066348766,82.13616264336319,107.3498282867499
2017-05-01,123.0,held_out,81.4516467020955,109.97705785168323,80.89591195567986,104.00089251541571
2017-05-02,114.0,held_out,80.2909622023111,105.72518917465256,79.6743889723206,100.75643172070247
2017-05-03,110.0,held_out,79.14681743576216,101.63770375718404,78.47131090617412,97.6131866520646
2017-05-04,115.0,held_out,82.54899717544632,102.447525159584,82.00404092898357,98.20934546323387
2017-05-05,121.0,held_out,86.00154514653963,103.28384665996853,85.56767930526567,98.85131877306148
2017-05-06,139.0,held_out,93.42246632096344,109.11082690132855,93.03357413981425,103.03960691177119
2017-05-07,162.0,held_out,107.6925120590552,125.58996957927141,106.96203839966817,117.68835314657737
2017-05-08,165.0,held_out,109.35643892794708,123.73147150975832,108.63294140361903,116.2811265618604
2017-05-09,157.0,held_out,112.54830303784958,123.87769042285133,111.89700526847834,116.43926756195157
2017-05-10,158.0,held_out,119.22677728036398,128.53394602022252,118.88589970614105,120.21828878022724
2017-05-11,170.0,held_out,129.03036635834349,137.08173366578322,128.98564501199954,126.78688959521405
2017-05-12,183.0,held_out,138.52784464111292,145.8373479433618,138.943665229692,133.82583936937135
2017-05-13,183.0,held_out,152.4801642294165,163.5144022702637,153.59755234757552,149.46042232305973
2017-05-14,187.0,held_out,167.5173150887106,183.10313697257814,169.38454902955093,164.77172127221573
2017-05-15,199.0,held_out,182.05499674588293,201.31697294274733,184.62399248167634,178.73821947794207
2017-05-16,212.0,held_out,194.14038965149655,213.93229299277064,197.19794316865824,189.35109696463144
2017-05-17,214.0,held_out,203.59769055459375,220.85451629266487,206.94212511682983,195.53482332841213
2017-05-18,225.0,held_out,214.17635379825364,230.21032910833537,217.70176363469432,203.0770103013042
2017-05-19,220.0,held_out,224.22730888775718,238.22090229915494,227.42439256246985,210.46835327827569
2017-05-20,205.0,held_out,227.2783003958518,235.88591657138423,230.50741907243955,209.25742258392052
2017-05-21,207.0,held_out,236.8153839618576,243.746324139331,240.45074379966272,219.13146565991593
2017-05-22,208.0,held_out,251.34446474078507,261.65754188612937,255.655851851142,250.71291403441347
2017-05-23,203.0,held_out,269.3097588412405,286.2528706766034,274.4739857949608,250.54209340370704
2017-05-24,199.0,held_out,280.4303957523567,296.0385847447693,285.9605531636559,262.07478251754253
2017-05-25,203.0,held_out,294.2265135620811,311.69770252134657,300.35786425800535,276.4693350740757
2017-05-26,205.0,held_out,308.4041160820594,318.87052882760725,315.05546730835067,286.9991664655673
2017-05-27,218.0,held_out,321.10874005883977,312.0522335832088,328.1961600575688,301.95671079155244
2017-05-28,222.0,held_out,335.2459801579757,307.08176379399293,324.885754639054,307.2283347955732
2017-05-29,230.0,held_out,348.40913286811434,304.14103047752826,321.8409943877677,306.0628270300058
2017-05-30,220.0,held_out,352.6940133770637,303.87138434733794,320.14924518889075,300.75153557281953
2017-05-31,230.0,held_out,349.15287123248663,294.76507552331856,316.57575569650703,293.3647861281963
2017-06-01,218.0,held_out,344.17744910042137,285.09642142388583,311.795482476156,285.4264689884034
2017-06-02,214.0,held_out,339.2729266442055,277.9005608398637,307.08739106900464,281.2872239083231
2017-06-03,214.0,held_out,334.4382935447338,272.65337429179135,302.4503915343911,294.4296809676419
2017-06-04,210.0,held_out,329.6725538799306,271.6897927792161,297.8834103896866,274.8179266779696
2017-06-05,214.0,held_out,330.0932483853787,274.9290348069639,297.25727823787605,275.5394939575423
2017-06-06,222.0,held_out,325.3894255359072,269.1947067185417,292.7687127645389,270.0920491196721
2017-06-07,210.0,held_out,324.2670860038659,264.96665894425007,291.33501988046527,266.4050236963436
2017-06-08,200.0,held_out,319.6462858634894,256.3389300409182,286.9358801212598,268.25726819240936
2017-06-09,199.0,held_out,315.09133204196206,253.41577049638278,282.6031670849007,261.82634133592353
2017-06-10,205.0,held_out,310.60128623042516,249.9084345011259,278.3358777322143,254.91573857857287
2017-06-11,208.0,held_out,306.1752234909045,247.47956841305822,274.1330241698533,252.75695359558586
2017-06-12,218.0,held_out,301.81223206577494,243.86282085367378,269.99363342159506,265.2312659642149
2017-06-13,225.0,held_out,297.58458128752443,244.49395042464698,265.9167472030945,264.9724848407305
2017-06-14,218.0,held_out,294.1566342279156,245.34012101033096,261.9014217000372,267.4702575120801
2017-06-15,222.0,held_out,291.3145724295761,247.2865124806884,258.2814032374666,254.91789157517502
2017-06-16,252.0,held_out,287.7035302163098,246.2586809226588,254.6678587308584,283.26481862267383
2017-06-17,239.0,held_out,283.6037600879456,247.33240643971732,250.82239070853038,296.71302411904674
2017-06-18,233.0,held_out,279.5624116101354,249.55844808637755,247.0349890020085,302.66501881678545
2017-06-19,230.0,held_out,275.57865227541,252.17698170383844,243.30477681371923,285.58472319368275
2017-06-20,242.0,held_out,271.6516614395167,254.56362192260917,239.63089058567496,281.68120105496905
2017-06-21,239.0,held_out,267.7806301523688,255.18954035990527,236.01247979955744,294.04637717486037
2017-06-22,264.0,held_out,263.9647609914037,256.93631117917226,232.44870677981922,314.31419710518327
2017-06-23,271.0,held_out,260.2032678973158,260.58164281201584,228.93874649975896,301.43325136886625
2017-06-24,283.0,held_out,256.58293183723964,267.51173791651684,225.48178639052472,267.88652986789293
2017-06-25,274.0,held_out,255.45994226192462,270.22119267535936,222.08391407274422,262.5643026550391
2017-06-26,249.0,held_out,253.5776314409448,270.91377152527946,220.18080229264928,283.11554451296905
2017-06-27,230.0,held_out,252.92083520638622,274.6275781352969,219.43860320059127,263.4358136950167
2017-06-28,214.0,held_out,252.12688530394826,270.6559407046492,218.59294407264755,255.3133760759213
2017-06-29,205.0,held_out,248.5340817253844,260.61110360052527,215.2922049038847,268.19878750431894
2017-06-30,199.0,held_out,244.9924755331626,250.53550956363216,212.04130668084144,279.6036570176376
2017-07-01,195.0,held_out,241.50133716544883,240.849452249441,208.83949680849483,245.99781271858348
2017-07-02,190.0,held_out,238.05994745665205,232.54508611585737,205.68603405595775,238.67836373612835
2017-07-03,193.0,held_out,234.6675974892779,224.83799794300154,202.5801883848808,231.4617492947693
2017-07-04,195.0,held_out,231.3235884478936,216.14544279073164,199.52124078044622,224.24095961787967
2017-07-05,203.0,held_out,228.0272314751736,207.78895412084705,196.50848308491277,217.24543309447756
2017-07-06,198.0,held_out,224.77784752999705,199.75553912759565,193.54121783367495,210.46814230919847
2017-07-07,193.0,held_out,221.57476724756663,192.03270732548086,190.61875809379714,203.90227907723533
2017-07-08,192.0,held_out,218.41733080152153,184.60845112884982,187.7404273049862,197.5412476051188
2017-07-09,193.0,held_out,215.30488776801454,177.47122718230207,184.90555912296523,191.37865786485725
2017-07-10,196.0,held_out,212.23679699172672,170.609938412891,182.11349726521223,185.40831917477985
2017-07-11,189.0,held_out,209.21242645379075,164.01391677621294,179.36359535902858,179.62423398063518
2017-07-12,180.0,held_out,206.2311531415969,157.85091952315506,176.65521679190098,174.02059183069704
2017-07-13,170.0,held_out,203.2923629204539,154.96788149116713,173.98773456412366,168.59176353882637
2017-07-14,166.0,held_out,200.39545040707873,155.0775808809329,171.36053114364518,164.6862264668922
2017-07-15,159.0,held_out,197.53981884488928,149.66391777218547,168.7729983231079,159.62642211242303
2017-07-16,152.0,held_out,194.724879981074,143.9634706363786,166.22453707904558,154.64664111422312
2017-07-17,,held_out,191.9500539454133,141.28930179491041,163.71455743320698,151.05987863558212
2017-07-18,143.0,held_out,189.21476913082785,136.06645214135477,161.24247831597404,146.34734355984094
2017-07-19,142.0,held_out,186.51846207562883,130.8059305638932,158.80772743184187,141.7818229464486
2017-07-20,142.0,held_out,183.86057734744648,125.74878819439535,156.40974112693038,137.35873046303996
2017-07-21,141.0,held_out,181.24056742881208,120.88716210489424,154.04796425849614,133.07362285463307
2017-07-22,139.0,held_out,178.65789260437126,116.21349335934453,151.72185006641496,128.9221954801198
2017-07-23,141.0,held_out,176.11202084970353,111.72051526086429,149.4308600466047,124.9002779880021
2017-07-24,139.0,held_out,173.60242772172694,107.85518884661154,147.1744638263597,121.00383012703024
2017-07-25,139.0,held_out,171.12859625066392,103.99681963056003,144.95213904156748,117.22893768753414
2017-07-26,138.0,held_out,168.690016833547,100.92747777750924,142.76337121577964,113.57180856937097
2017-07-27,138.0,held_out,166.28618712924182,97.0254786715445,140.6076536411083,110.02876897253884
2017-07-28,134.0,held_out,163.91661195496613,93.2743363724497,138.48448726092175,106.59625970662994
2017-07-29,131.0,held_out,161.58080318428344,89.66821854260479,136.3933805543107,103.27083261541563
2017-07-30,131.0,held_out,159.27827964655012,86.20151833081506,134.33384942229955,100.04914711297204
2017-07-31,130.0,held_out,157.00856702779566,82.86884565468685,132.30541707577552,96.92796682786614
2017-08-01,128.0,held_out,154.77119777301505,79.6650188200389,130.30761392511033,93.9041563520314
2017-08-02,120.0,held_out,152.5657109898536,76.58505646431931,128.33997747144835,90.97467809106718
2017-08-03,116.0,held_out,150.3916523536646,73.67186927852053,126.40205219963643,88.13658921279747
2017-08-04,116.0,held_out,148.2485740139191,74.09352350781245,124.49338947277055,85.38703869102403
2017-08-05,109.0,held_out,146.13603450195035,74.85459551920465,122.61354742833448,83.11285469878783
2017-08-06,106.0,held_out,144.05359864001207,71.96061093517321,120.76209087590725,80.52002696351678
2017-08-07,107.0,held_out,142.00083745163298,69.17851189022618,118.93859119641468,78.0080863026839
2017-08-08,108.0,held_out,139.97732807324894,66.5039727311015,117.14262624290271,75.57450932504258
2017-08-09,107.0,held_out,137.98265366709387,63.9328350404132,115.3737802428086,73.21685136024729
2017-08-10,107.0,held_out,136.0164033353324,61.47784496631549,113.6316437017082,70.9327440030392
2017-08-11,107.0,held_out,134.0781720354159,59.222556235172554,111.91581330851638,68.71989273404478
2017-08-12,99.7,held_out,132.16756049664477,60.448015040936056,110.22589184211898,66.81129543684612
2017-08-13,96.2,held_out,130.2841751379197,58.11100924389198,108.5614880794148,64.7270188172323
2017-08-14,91.7,held_out,128.42762798666502,55.864355397887486,106.92221670474584,62.707764272084574
2017-08-15,88.3,held_out,126.59753659890717,53.70456036864493,105.30769822069537,60.75150334216283
2017-08-16,82.8,held_out,124.79352398049242,51.692269826662304,103.71755886023281,58.85627084899629
2017-08-17,79.6,held_out,123.01521850942693,50.532030909629185,102.15143050018536,57.02016292074667
2017-08-18,76.4,held_out,121.26225385932355,50.69910896619703,100.60895057601608,55.63147124876613
2017-08-19,76.4,held_out,119.53426892393959,48.73900967296577,99.0897619978888,53.8959656867145
2017-08-20,70.2,held_out,117.8309077427898,46.85469059200387,97.59351306800056,52.214601773055435
2017-08-21,68.1,held_out,116.15181942781945,46.014453559784485,96.11985739916221,50.62327646474282
2017-08-22,68.1,held_out,114.49665809112227,44.250425140620095,94.66845383460858,49.044008904462586
2017-08-23,67.1,held_out,112.86508277368844,42.60745998477158,93.2389663690193,47.51400891833257
2017-08-24,66.1,held_out,111.25675737516788,40.960195291062426,91.83106407073238,46.03173953192
2017-08-25,66.1,held_out,109.67135058463445,39.376616181335756,90.44442100513233,44.59571171896995
2017-08-26,66.1,held_out,108.10853581233677,37.854260480798004,89.07871615919503,43.204482905591405
2017-08-27,64.1,held_out,106.56799112242153,36.390761205817164,87.73363336717202,41.856655521107456
2017-08-28,68.1,held_out,105.04939916661552,34.98384288369778,86.40886123739705,40.55087559411385
2017-08-29,69.2,held_out,103.5524471188527,33.63131801473867,85.10409308019759,39.28583139233553
2017-08-30,69.2,held_out,102.0768266108329,32.331083671072456,83.8190268368952,38.060252104914966
2017-08-31,69.2,held_out,100.62223366849862,31.08111822699883,82.5533650098777,36.87290656580822
2017-09-01,70.2,held_out,99.18836864941724,29.879478215727694,81.30681459372738,35.722602017006814
2017-09-02,70.2,held_out,97.7749361810554,28.724295307645118,80.07908700738926,34.608182910342485
2017-09-03,68.1,held_out,96.38164509993302,27.613773405403798,78.86989802736339,33.528529746671545
2017-09-04,67.1,held_out,95.00820839164442,26.954229515145894,77.67896772190609,32.4825579512725
2017-09-05,67.1,held_out,93.65434313173395,27.155119064918313,76.5060203862247,31.469216784327386
2017-09-06,65.1,held_out,92.31977042741444,26.47218616133535,75.35078447865097,30.487488285392175
2017-09-07,62.2,held_out,91.00421536011588,27.101017444365528,74.21299255777801,29.536386250795964
2017-09-08,61.2,held_out,89.70740692885295,26.053253761300283,73.09238122054677,28.61495524294178
2017-09-09,61.2,held_out,88.42907799439946,25.045998104836038,71.98869104126712,27.722269630513626
2017-09-10,59.3,held_out,87.16896522425844,24.07768437734445,70.90166651155994,26.857432658625733
2017-09-11,58.3,held_out,85.92680903841622,24.0247107916258,69.8310559812059,26.019575547979827
2017-09-12,57.3,held_out,84.7023535558697,23.587499944983442,68.77661159988756,25.207856622125544
2017-09-13,56.4,held_out,83.49534654191541,22.67557382016574,67.73808925981105,24.421460461947248
2017-09-14,54.5,held_out,82.30553935618991,21.798904049733405,66.71524853919426,23.65959708652783
2017-09-15,54.5,held_out,81.13268690145044,20.956127573137206,65.70785264660827,22.921501159566695
2017-09-16,52.7,held_out,79.97654757308557,20.145934027677516,64.71566836615922,22.20643122055473
2017-09-17,52.7,held_out,78.83688320934517,19.36706371113088,63.73846600349806,21.51366893993386
2017-09-18,51.7,held_out,77.71345904227987,18.618305623144312,62.776019332645376,20.842518397493
2017-09-19,51.7,held_out,76.60604364937923,18.080315457239486,61.82810554361928,20.19230538327553
2017-09-20,49.9,held_out,75.51440890589954,17.38130487753163,60.89450519085399,19.56237672029599
2017-09-21,49.9,held_out,74.43832993787046,16.709319035953982,59.975002142397464,18.952099608385602
2017-09-22,48.1,held_out,73.37758507577182,16.503159645226734,59.069383529876035,18.36086098850748
2017-09-23,48.1,held_out,72.33195580886998,17.290591716038648,58.17743969921452,17.788066926903035
2017-09-24,48.1,held_out,71.30122674020542,17.12688092469784,57.298964162100575,17.233142018450764
2017-09-25,47.2,held_out,70.28518554222138,16.464731473153464,56.43375354818191,16.69552880863815
2017-09-26,47.2,held_out,69.28362291302498,15.828181656365006,55.58160755798524,16.17468723356607
2017-09-27,47.2,held_out,68.29633253327155,16.003466610983114,54.74232891654622,15.670094077422963
2017-09-28,45.5,held_out,67.32311102366332,20.181995114251396,53.915723327739606,15.181242446884013
2017-09-29,46.3,held_out,66.36375790305392,25.436233504413728,59.579168479374104,19.320309874798816
2017-09-30,,held_out,65.41807554714966,28.98259495750736,58.679526929293544,22.717049485357403
2017-10-01,44.6,held_out,64.4858691477995,27.862086825301436,57.79346990782068,22.008357717006692
2017-10-02,43.7,held_out,63.56694667286505,26.784899123035636,56.9207922894614,21.321774630633
2017-10-03,43.7,held_out,62.661118826662424,30.047133806202602,56.061292046103134,24.51932456598009
2017-10-04,43.7,held_out,61.76819901096785,46.41256866290474,67.68517829684083,38.45085721133917
2017-10-05,42.9,held_out,60.88800328657883,46.730401814494975,66.66313652830675,39.07441412275807
2017-10-06,42.0,held_out,60.02035033542327,44.92373835557552,65.65652752367923,37.85543030799046
2017-10-07,42.0,held_out,59.16506142320828,43.186923062455094,64.66511824923194,36.67447448606741
2017-10-08,41.2,held_out,58.321960362601445,41.5172555062069,63.68867919003255,35.530360317824865
2017-10-09,41.2,held_out,57.49087347693667,39.91213966030761,62.726984296809256,34.42193847369377
2017-10-10,40.3,held_out,60.78157186111481,45.724560388048374,68.68819854331491,39.12612276228504
2017-10-11,40.3,held_out,67.41200309263003,52.450074272061194,75.52289306157715,44.5972645073892
2017-10-12,40.3,held_out,70.26454415542347,58.1431303095385,76.17980961581902,49.278532807311706
2017-10-13,39.5,held_out,69.2632756656175,60.2477793780781,75.02949946955803,51.902906708794156
2017-10-14,39.5,held_out,68.27627523377348,57.91851497509896,73.89655893132392,52.10241509759605
2017-10-15,39.5,held_out,67.30333954032216,56.303593821619806,72.78072572117075,51.04048234878242
2017-10-16,38.7,held_out,66.34426816299458,54.12681721338163,71.6817415195626,49.44819943737056
2017-10-17,38.7,held_out,65.39886353553544,52.69342567962135,70.59935190757163,47.90559013312898
2017-10-18,38.7,held_out,67.11084898327205,53.71883603550039,71.65045952531499,48.28794909651305
2017-10-19,37.8,held_out,66.15452059291857,54.92077567568185,70.56854226939265,49.38388249995
2017-10-20,37.8,held_out,65.21181986491851,52.79746077369036,69.50296189332312,47.84327965716129
2017-10-21,37.0,held_out,64.28255260532859,51.155130536333786,68.45347171128832,46.634540847979984
2017-10-22,37.0,held_out,63.36652738746569,49.177400803918296,67.41982876240998,45.17970776144377
2017-10-23,37.0,held_out,62.46355551247347,47.27613290149857,66.40179375450317,43.77026033264524
2017-10-24,36.2,held_out,61.57345097045093,45.44837070653145,65.39913100867932,42.4047826892432
2017-10-25,36.2,held_out,60.6960304021348,43.892845681902514,64.41160840478567,41.08190312911644
2017-10-26,35.4,held_out,59.831113061128015,42.19588615828705,63.43899732766859,39.800292742408764
2017-10-27,33.0,held_out,58.97852077666641,40.564533491097784,62.48107261424835,38.558664076561364
2017-10-28,31.5,held_out,58.138077916916004,38.9962512264298,61.537612501392985,37.355769842991414
2017-10-29,30.0,held_out,57.3096113527933,37.824635651711155,60.608398574579354,36.19040166411784
2017-10-30,30.0,held_out,57.176475031136775,36.75603525938315,60.27428975648046,35.15963203006736
2017-10-31,29.2,held_out,60.99495280935541,40.457751206332425,64.04957243612141,38.1844822148864
2017-11-01,28.5,held_out,63.90733543446193,42.66849848322291,67.00163877389652,39.893669512483385
2017-11-02,28.5,held_out,64.73611952342314,44.26987557264577,66.73356521292746,42.22618596937162
2017-11-03,28.5,held_out,63.813630985139305,42.55833953994678,65.72589273976521,40.90887799658101
2017-11-04,27.7,held_out,63.46554634402012,42.19723359785958,65.07805710327962,40.22665642322145
2017-11-05,27.7,held_out,62.56116345067885,41.84072976488444,64.09538269437286,39.97415366717469
2017-11-06,27.7,held_out,61.66966799729333,40.68339620674511,63.127546604815215,39.05804309313935
2017-11-07,27.7,held_out,60.79087633807612,40.59215458412945,62.174324776954364,39.09255454905673
2017-11-08,27.7,held_out,59.92460744418892,39.112550352371805,61.23549653639381,37.88351482690885
2017-11-09,27.7,held_out,59.07068286645112,37.600403810442025,60.31084454090606,36.70168286711461
2017-11-10,27.0,held_out,58.22892669857975,36.23842028520666,59.40015473011703,35.55671989341032
2017-11-11,27.0,held_out,57.39916554095314,34.83739167864455,58.503216275950315,34.44747572355217
2017-11-12,27.0,held_out,56.58122846489119,33.49052882050519,57.61982153381968,33.372836056923006
2017-11-13,27.0,held_out,55.77494697744435,32.195737586308525,56.74976599455856,32.331721355152254
2017-11-14,27.0,held_out,54.980154986684624,30.951004813390206,55.89284823707544,31.323085757656443
2017-11-15,26.3,held_out,54.19668876749096,29.754395170803154,55.04886988172414,30.345916031011136
2017-11-16,26.3,held_out,53.42438692782235,28.604048150233222,54.21763554437814,29.399230551098732
2017-11-17,25.6,held_out,52.66309037547146,27.498175173250395,53.398952791198504,28.482078317009616
2017-11-18,25.6,held_out,51.912642285292065,26.43505681039763,52.59263209408464,27.593537995706203
2017-11-19,25.6,held_out,51.17288806689342,25.413040107793726,51.798486786797945,26.732716996489987
2017-11-20,25.6,held_out,50.4436753327951,24.430536017093523,51.01633302174774,25.898750574342024
2017-11-21,25.6,held_out,49.72485386703552,23.48601692480941,50.24598972743002,25.09080096123602
2017-11-22,24.9,held_out,49.01627559422784,22.782688097683337,49.48727856650863,24.308056524551336
2017-11-23,24.9,held_out,48.31779454905681,21.9018771377126,48.740023894529514,23.549730951740603
2017-11-24,24.2,held_out,47.62926684621033,21.055119575825447,48.00405271925844,22.815062460432785
2017-11-25,23.5,held_out,46.950550650739366,20.24109885946549,47.27919466063258,22.10331303317825
2017-11-26,23.5,held_out,46.28150614884038,19.808796123602956,46.56528191131689,21.4137676760671
2017-11-27,23.5,held_out,45.62199551905402,19.042960035487017,45.86214919785617,20.745733700475988
2017-11-28,23.5,held_out,44.97188290387423,18.30673225421622,45.16963374241356,20.098540027221897
2017-11-29,23.5,held_out,44.331034381761995,17.59896808075141,44.487575225086914,19.471536512423885
2017-11-30,22.8,held_out,43.6993179395578,16.918567071738018,43.81581574679412,18.86409329439552
2017-12-01,22.8,held_out,43.07660344528729,16.26447132851875,43.154199792718885,18.275600160912006
2017-12-02,22.8,held_out,42.462762621354415,15.635663852295348,42.50257419630848,17.70546593621634
2017-12-03,22.1,held_out,41.857669018116525,15.031166962882176,41.86078810381512,17.153117887148685
2017-12-04,22.1,held_out,41.261197987836134,14.450040778593015,41.228692939372735,16.618001147802445
2017-12-05,22.1,held_out,40.67322665900375,13.891381754897605,40.60614237060115,16.099578162129006
2017-12-06,22.1,held_out,40.09363391102671,13.354321279575748,39.992992274729524,15.597328143931266
2017-12-07,21.4,held_out,39.522300349278574,12.838024322184802,39.38910070523148,15.110746553703457
2017-12-08,20.8,held_out,38.95910828050422,12.341688135740624,38.79432785896388,14.639344591791719
2017-12-09,20.8,held_out,38.403941688575266,16.292411445186595,38.208536043801935,17.442763786810136
2017-12-10,20.1,held_out,37.85668621059109,15.6625237645168,37.63158964676293,16.89861111764568
2017-12-11,20.1,held_out,37.31722911332035,15.056988432889648,37.063355102611304,16.371434091273716
2017-12-12,19.5,held_out,36.78545926997819,14.474863954031928,36.503700862937876,15.860703127551501
2017-12-13,19.5,held_out,36.26126713733447,13.915245231248589,35.95249736570579,15.365905167367663
2017-12-14,18.8,held_out,35.7445447331481,13.377262160163545,35.40961700525651,14.886543157244372
2017-12-15,18.8,held_out,35.23518561392299,12.860078275867115,34.8749341027686,14.42213555001805
2017-12-16,18.8,held_out,34.73308485298092,12.362889452366641,34.348324877162604,13.972215821097091
2017-12-17,18.8,held_out,34.23813901884698,11.884922652318206,33.82966741644528,13.536331999810637
2017-12-18,18.8,held_out,33.75024615394292,11.425434725095478,33.31884164948654,13.114046215377607
2017-12-19,18.2,held_out,33.26930575358411,10.983711251326914,32.81572931822246,12.704934257039909
2017-12-20,18.2,held_out,32.79521874527591,10.559065432104799,32.3202139502782,12.308585147917935
2017-12-21,18.2,held_out,32.327887468304915,10.150837021139024,31.83218083200416,11.924600732160256
2017-12-22,18.2,held_out,31.86721565362114,9.75839129819533,31.351516981919318,11.55259527497278
2017-12-23,18.2,held_out,31.41310840400683,9.381118082221859,30.878111124555673,11.192195075125625
2017-12-24,18.2,held_out,30.965472174527875,9.01843078262963,30.411853664697492,10.84303808954836
2017-12-25,18.8,held_out,30.5242147532638,8.669765487251889,29.952636662009656,10.5047735696366
2017-12-26,19.5,held_out,30.08924524231231,17.91419804143452,29.500353806049038,18.65360792185347
2017-12-27,20.1,held_out,29.660474039064617,17.22160979608228,29.05490039165325,18.071681189124373
2017-12-28,18.8,held_out,29.237812817747475,16.555797992326287,28.616173294701024,17.507908516654478
2017-12-29,18.2,held_out,28.82117451122833,15.915727415045042,28.184070948238578,16.96172356183506
2017-12-30,18.2,held_out,28.41047329307968,15.30040287199852,27.758493318966494,16.432577649948005
2017-12-31,18.2,held_out,28.005624559899093,14.708867646486894,27.339341884081637,15.91993922298994
