{
"type": "FeatureCollection",
"name": "uzb_admbnda_adm0_2018b_recovered",
"crs": { "type": "name", "properties": { "name": "urn:ogc:def:crs:OGC:1.3:CRS84" } },
"features": [
{ "type": "Feature", "properties": { "ADM0_EN": "Uzbekistan", "ADM0_RU": "Республика Узбекистан", "ADM0_UZ": "O'zbekiston Respublikasi", "ADM0ALT1EN": "Republic of Uzbekistan", "ADM0_PCODE": "UZ" }, "geometry": { "type": "MultiPolygon", "coordinates": [ [ [ [ 71.835036944271295, 39.985980061188002 ], [ 71.838698944274896, 39.985137061187203 ], [ 71.844763944280402, 39.985309061187301 ], [ 71.8502419442856, 39.986701061188697 ], [ 71.859938944294498, 39.991333061192996 ], [ 71.866316944300493, 39.9938430611953 ], [ 71.875372944309007, 39.993808061195303 ], [ 71.878951944312305, 39.992378061193897 ], [ 71.880125944313406, 39.9899440611917 ], [ 71.8788979443123, 39.986488061188503 ], [ 71.873854944307595, 39.982715061184997 ], [ 71.863257944297601, 39.976966061179603 ], [ 71.858038944292801, 39.972019061174997 ], [ 71.854323944289405, 39.966968061170199 ], [ 71.852942944288102, 39.962352061166001 ], [ 71.8545449442896, 39.9575270611615 ], [ 71.856474944291307, 39.955039061159198 ], [ 71.846617944282102, 39.949234061153803 ], [ 71.842131944278094, 39.949542061154098 ], [ 71.837370944273601, 39.953407061157698 ], [ 71.828055944264904, 39.956996061161 ], [ 71.815489944253201, 39.959037061163002 ], [ 71.811591944249599, 39.958133061162101 ], [ 71.807028944245303, 39.957859061161798 ], [ 71.802618944241203, 39.958751061162701 ], [ 71.797110944236096, 39.962669061166302 ], [ 71.7896879442292, 39.969074061172201 ], [ 71.786688944226398, 39.969284061172502 ], [ 71.784361944224202, 39.968849061172001 ], [ 71.777419944217698, 39.962253061165903 ], [ 71.766127944207199, 39.945941061150698 ], [ 71.763487944204698, 39.943180061148098 ], [ 71.760405944201906, 39.942802061147802 ], [ 71.758246944199897, 39.943542061148399 ], [ 71.753493944195498, 39.947406061152002 ], [ 71.750388944192593, 39.952331061156599 ], [ 71.746458944188902, 39.956729061160701 ], [ 71.742209944184907, 39.958789061162697 ], [ 71.733153944176493, 39.958824061162701 ], [ 71.725760944169593, 39.959922061163702 ], [ 71.720091944164295, 39.962669061166302 ], [ 71.719160944163505, 39.9668610611701 ], [ 71.721610944165803, 39.9737620611766 ], [ 71.725165944169007, 39.977642061180298 ], [ 71.7309489441745, 39.981369061183599 ], [ 71.742407944185103, 39.982345061184603 ], [ 71.759200944200799, 39.983547061185803 ], [ 71.771056944211793, 39.987442061189398 ], [ 71.779166944219398, 39.991596061193199 ], [ 71.786032944225795, 39.997611061198803 ], [ 71.789824944229295, 40.003238061204001 ], [ 71.790930944230297, 40.011413061211599 ], [ 71.789740944229194, 40.019157061218898 ], [ 71.789702944229205, 40.024463061223798 ], [ 71.791678944230995, 40.027858061227001 ], [ 71.796408944235495, 40.029296061228301 ], [ 71.806296944244707, 40.029800061228798 ], [ 71.812277944250098, 40.029384061228399 ], [ 71.814948944252606, 40.026847061226 ], [ 71.816313944253906, 40.020267061219897 ], [ 71.817610944255193, 40.013107061213198 ], [ 71.821875944259105, 40.0057440612064 ], [ 71.822653944259798, 40.000385061201399 ], [ 71.822600944259804, 39.994495061195899 ], [ 71.823782944260898, 39.992053061193701 ], [ 71.828696944265502, 39.989364061191097 ], [ 71.835036944271295, 39.985980061188002 ] ] ], [ [ [ 71.034865943526199, 40.184524061372898 ], [ 71.039130943530196, 40.184226061372598 ], [ 71.0446239435352, 40.186542061374801 ], [ 71.049071943539403, 40.187580061375698 ], [ 71.052496943542593, 40.187347061375498 ], [ 71.0570669435469, 40.182991061371503 ], [ 71.059760943549406, 40.177421061366204 ], [ 71.073386943561999, 40.1509010613416 ], [ 71.078185943566496, 40.141822061333102 ], [ 71.079657943567895, 40.133644061325498 ], [ 71.0816109435697, 40.122737061315298 ], [ 71.084425943572299, 40.111778061305102 ], [ 71.088095943575794, 40.100749061294898 ], [ 71.092390943579801, 40.094398061288999 ], [ 71.096571943583697, 40.0934370612881 ], [ 71.102492943589198, 40.0913920612862 ], [ 71.110960943596993, 40.090141061285003 ], [ 71.119803943605305, 40.085491061280699 ], [ 71.123442943608694, 40.080528061275999 ], [ 71.125098943610197, 40.073680061269698 ], [ 71.125464943610595, 40.057502061254603 ], [ 71.126883943611801, 40.034843061233602 ], [ 71.127585943612502, 40.027385061226603 ], [ 71.130454943615206, 40.023151061222599 ], [ 71.137114943621398, 40.0213500612209 ], [ 71.153616943636706, 40.022224061221699 ], [ 71.164328943646794, 40.024852061224202 ], [ 71.175978943657597, 40.028087061227197 ], [ 71.189528943670197, 40.032543061231401 ], [ 71.199294943679305, 40.034564061233198 ], [ 71.206984943686507, 40.034034061232703 ], [ 71.2101279436894, 40.031795061230703 ], [ 71.209486943688802, 40.027126061226298 ], [ 71.203940943683705, 40.018085061217903 ], [ 71.196005943676198, 40.010555061210901 ], [ 71.185790943666703, 40.005207061205901 ], [ 71.177824943659303, 40.003734061204497 ], [ 71.170134943652201, 40.004261061205 ], [ 71.159964943642706, 40.005634061206301 ], [ 71.149535943632898, 40.005004061205597 ], [ 71.133894943618401, 40.004066061204803 ], [ 71.130011943614804, 40.000965061202002 ], [ 71.129279943614094, 39.995635061197 ], [ 71.131293943616001, 39.991455061193101 ], [ 71.136153943620499, 39.989101061190802 ], [ 71.148779943632306, 39.986885061188801 ], [ 71.163794943646295, 39.983154061185303 ], [ 71.165236943647599, 39.9810400611833 ], [ 71.165816943648096, 39.9789810611815 ], [ 71.164412943646795, 39.975036061177804 ], [ 71.159682943642395, 39.972000061175002 ], [ 71.147841943631406, 39.967430061170703 ], [ 71.143797943627703, 39.962997061166597 ], [ 71.143149943626995, 39.958328061162199 ], [ 71.146201943629805, 39.955429061159499 ], [ 71.153807943636906, 39.954231061158403 ], [ 71.168425943650604, 39.9538950611581 ], [ 71.190237943670894, 39.955757061159801 ], [ 71.202101943681996, 39.954265061158402 ], [ 71.204314943683997, 39.9514230611559 ], [ 71.203947943683602, 39.948753061153297 ], [ 71.199309943679296, 39.946380061151103 ], [ 71.197142943677306, 39.943164061148103 ], [ 71.199065943679102, 39.938323061143599 ], [ 71.203825943683597, 39.935302061140803 ], [ 71.209814943689096, 39.934886061140404 ], [ 71.220251943698798, 39.935516061141001 ], [ 71.226042943704201, 39.933769061139301 ], [ 71.228918943706802, 39.9295310611354 ], [ 71.228102943706105, 39.923530061129803 ], [ 71.224982943703196, 39.919708061126201 ], [ 71.215796943694698, 39.915626061122403 ], [ 71.209357943688701, 39.912704061119697 ], [ 71.204359943684096, 39.907669061115001 ], [ 71.199042943679103, 39.9017820611096 ], [ 71.191878943672407, 39.893527061101899 ], [ 71.183371943664497, 39.888053061096798 ], [ 71.176070943657706, 39.885192061094102 ], [ 71.163756943646206, 39.883354061092398 ], [ 71.150084943633502, 39.884296061093302 ], [ 71.133933943618402, 39.886074061094902 ], [ 71.123770943609003, 39.887451061096201 ], [ 71.101546943588204, 39.888984061097602 ], [ 71.087698943575404, 39.888591061097301 ], [ 71.074606943563097, 39.887474061096199 ], [ 71.065031943554303, 39.886783061095599 ], [ 71.053824943543901, 39.886886061095701 ], [ 71.048209943538595, 39.8899650610986 ], [ 71.046019943536606, 39.892810061101201 ], [ 71.045035943535694, 39.898262061106301 ], [ 71.045683943536204, 39.902931061110699 ], [ 71.048872943539195, 39.907421061114803 ], [ 71.056532943546301, 39.912952061120002 ], [ 71.064467943553794, 39.920482061126997 ], [ 71.066534943555595, 39.9230340611294 ], [ 71.0689769435579, 39.928249061134203 ], [ 71.070891943559701, 39.935184061140703 ], [ 71.075674943564195, 39.944953061149803 ], [ 71.082488943570496, 39.950542061154998 ], [ 71.093558943580803, 39.955841061159902 ], [ 71.100859943587594, 39.9586980611626 ], [ 71.103018943589603, 39.961914061165601 ], [ 71.101859943588593, 39.966033061169398 ], [ 71.095747943582793, 39.971839061174897 ], [ 71.082625943570704, 39.976783061179397 ], [ 71.080428943568606, 39.979629061182102 ], [ 71.080885943569001, 39.982967061185199 ], [ 71.083998943571999, 39.986789061188702 ], [ 71.091956943579405, 39.988258061190102 ], [ 71.101546943588204, 39.988941061190701 ], [ 71.107130943593504, 39.991920061193497 ], [ 71.1095649435957, 39.997142061198403 ], [ 71.112181943598202, 40.0036880612045 ], [ 71.1113959435975, 40.010478061210797 ], [ 71.106711943593098, 40.014167061214202 ], [ 71.100829943587598, 40.016197061216097 ], [ 71.083159943571104, 40.019432061219099 ], [ 71.061705943551203, 40.020240061219901 ], [ 71.046233943536805, 40.020633061220302 ], [ 71.037878943528995, 40.022556061222097 ], [ 71.031676943523195, 40.027698061226801 ], [ 71.021048943513307, 40.0445820612426 ], [ 71.012701943505505, 40.059288061256197 ], [ 71.006438943499703, 40.076549061272303 ], [ 71.0049739434983, 40.084732061279901 ], [ 71.005881943499205, 40.091400061286102 ], [ 71.007826943501001, 40.099342061293598 ], [ 71.008261943501395, 40.1087340613023 ], [ 71.007246943500505, 40.120246061313097 ], [ 71.006041943499298, 40.130432061322502 ], [ 71.005034943498401, 40.141941061333199 ], [ 71.004935943498296, 40.160121061350203 ], [ 71.004652943498002, 40.1769670613659 ], [ 71.003821943497201, 40.184642061372998 ], [ 71.0045469434979, 40.189979061377997 ], [ 71.009955943503002, 40.191627061379499 ], [ 71.015173943507904, 40.191940061379803 ], [ 71.023535943515597, 40.190017061378001 ], [ 71.034865943526199, 40.184524061372898 ] ] ], [ [ [ 71.048636943538995, 40.227825061413199 ], [ 71.042006943532797, 40.226192061411702 ], [ 71.035078943526301, 40.226257061411701 ], [ 71.030600943522202, 40.228645061413999 ], [ 71.028166943519906, 40.234230061419197 ], [ 71.028738943520494, 40.246269061430397 ], [ 71.031027943522503, 40.259025061442301 ], [ 71.033339943524794, 40.264282061447098 ], [ 71.038382943529498, 40.266010061448803 ], [ 71.049445943539794, 40.261085061444099 ], [ 71.054350943544307, 40.257835061441199 ], [ 71.058958943548603, 40.252517061436201 ], [ 71.060385943549903, 40.247417061431499 ], [ 71.060713943550198, 40.241981061426401 ], [ 71.059515943549201, 40.237068061421802 ], [ 71.055556943545398, 40.231510061416699 ], [ 71.048636943538995, 40.227825061413199 ] ] ], [ [ [ 61.045856059223098, 44.390318940289902 ], [ 61.049972059227002, 44.386301940286103 ], [ 61.069561059245203, 44.387251940287001 ], [ 61.0731010592486, 44.383250940283297 ], [ 61.069427059245101, 44.378596940279003 ], [ 61.070060059245797, 44.3738399402745 ], [ 61.072010059247503, 44.372557940273303 ], [ 61.0760450592513, 44.372866940273497 ], [ 61.078193059253302, 44.375761940276298 ], [ 61.083923059258701, 44.3726379402733 ], [ 61.093925059268003, 44.367186940268297 ], [ 61.102714059276103, 44.342501940245299 ], [ 61.097778059271597, 44.335413940238702 ], [ 61.101520059275003, 44.329752940233398 ], [ 61.103893059277198, 44.319590940223897 ], [ 61.100936059274503, 44.306055940211301 ], [ 61.102985059276399, 44.283331940190202 ], [ 61.101589059275099, 44.278208940185401 ], [ 61.103363059276802, 44.2734259401809 ], [ 61.1110490592839, 44.266421940174503 ], [ 61.123020059295101, 44.2591089401677 ], [ 61.124538059296398, 44.254942940163801 ], [ 61.120632059292902, 44.251334940160397 ], [ 61.121063059293199, 44.2484349401578 ], [ 61.131469059302901, 44.232706940142997 ], [ 61.133510059304903, 44.215956940127398 ], [ 61.1387360593097, 44.2114899401233 ], [ 61.142299059312997, 44.2140799401257 ], [ 61.137832059308799, 44.222231940133298 ], [ 61.138446059309402, 44.246340940155697 ], [ 61.133712059305097, 44.249140940158398 ], [ 61.131328059302803, 44.259924940168403 ], [ 61.137737059308797, 44.254263940163099 ], [ 61.178524059346699, 44.218726940129997 ], [ 61.207798059373999, 44.1945299401075 ], [ 61.275432059437001, 44.136763940053697 ], [ 61.277111059438603, 44.135264940052302 ], [ 61.323238059481497, 44.094050940013901 ], [ 61.3385000594958, 44.080946940001702 ], [ 61.413593059565699, 44.016459939941697 ], [ 61.419860059571498, 44.007380939933299 ], [ 61.419822059571501, 44.006468939932297 ], [ 61.433692059584402, 43.997218939923798 ], [ 61.474018059621898, 43.9623939398913 ], [ 61.478527059626202, 43.9567899398861 ], [ 61.488372059635303, 43.950144939879898 ], [ 61.489231059636097, 43.9480659398779 ], [ 61.526695059670899, 43.914431939846601 ], [ 61.5881500597282, 43.859587939795603 ], [ 61.611629059750101, 43.840460939777699 ], [ 61.620388059758298, 43.831541939769501 ], [ 61.676227059810302, 43.781825939723099 ], [ 61.7052800598373, 43.7549779396982 ], [ 61.790027059916298, 43.679724939628002 ], [ 61.832290059955497, 43.641501939592402 ], [ 61.9756310600891, 43.512289939472097 ], [ 61.989238060101798, 43.501830939462401 ], [ 61.9995260601113, 43.493983939455099 ], [ 62.003574060115099, 43.491736939452899 ], [ 62.010833060121897, 43.487711939449198 ], [ 62.0274040601373, 43.4866019394481 ], [ 62.028697060138597, 43.486514939448099 ], [ 62.134605060237199, 43.5020169394625 ], [ 62.183765060282902, 43.509043939469102 ], [ 62.224391060320798, 43.515154939474797 ], [ 62.288471060380502, 43.523974939482997 ], [ 62.321792060411497, 43.528677939487402 ], [ 62.338951060427398, 43.531355939489799 ], [ 62.410404060494002, 43.5417089394995 ], [ 62.414215060497497, 43.542277939500003 ], [ 62.430381060512602, 43.544054939501699 ], [ 62.477382060556401, 43.550562939507799 ], [ 62.489490060567597, 43.552916939509899 ], [ 62.5851280606568, 43.566275939522399 ], [ 62.604553060674803, 43.569525939525398 ], [ 62.644615060712198, 43.575282939530801 ], [ 62.7361750607974, 43.587733939542403 ], [ 62.801742060858501, 43.597365939551302 ], [ 62.900367060950302, 43.610579939563699 ], [ 62.938945060986299, 43.6167479395694 ], [ 62.983161061027403, 43.622237939574497 ], [ 62.998729061041999, 43.624335939576497 ], [ 63.091438061128301, 43.636771939588101 ], [ 63.113143061148499, 43.640307939591402 ], [ 63.208065061236901, 43.652491939602697 ], [ 63.247856061274, 43.657130939607001 ], [ 63.368274061386103, 43.671618939620402 ], [ 63.372066061389702, 43.6716949396206 ], [ 63.381351061398298, 43.6733889396221 ], [ 63.388889061405301, 43.672854939621601 ], [ 63.456634061468399, 43.662764939612302 ], [ 63.521862061529099, 43.657099939607001 ], [ 63.5830610615861, 43.6524769396027 ], [ 63.605957061607398, 43.650595939600997 ], [ 63.731739061724603, 43.640627939591603 ], [ 63.8600270618441, 43.634535939586002 ], [ 63.911880061892397, 43.628085939579996 ], [ 63.993629061968498, 43.624381939576502 ], [ 64.0400840620118, 43.621329939573698 ], [ 64.053871062024598, 43.620238939572602 ], [ 64.148117062112405, 43.615153939567897 ], [ 64.159156062122605, 43.615092939567901 ], [ 64.172241062134901, 43.613097939565897 ], [ 64.203117062163699, 43.612547939565502 ], [ 64.218750062178202, 43.6108889395639 ], [ 64.308464062261805, 43.608179939561403 ], [ 64.312507062265496, 43.607523939560799 ], [ 64.316566062269303, 43.6070969395604 ], [ 64.3241340622763, 43.606959939560298 ], [ 64.344978062295695, 43.607088939560398 ], [ 64.361900062311506, 43.605807939559199 ], [ 64.372962062321804, 43.605952939559401 ], [ 64.466987062409402, 43.602213939555803 ], [ 64.481193062422605, 43.602194939555801 ], [ 64.513847062452996, 43.600329939554101 ], [ 64.517105062456096, 43.602068939555799 ], [ 64.518165062457101, 43.602633939556299 ], [ 64.525077062463495, 43.602286939556002 ], [ 64.527320062465606, 43.602633939556299 ], [ 64.536537062474096, 43.603312939556801 ], [ 64.581618937516097, 43.619158939571598 ], [ 64.622466937554094, 43.633364939584901 ], [ 64.633948937564796, 43.637824939589002 ], [ 64.645750937575897, 43.642264939593197 ], [ 64.664313937593107, 43.647967939598502 ], [ 64.672575937600897, 43.6516679396019 ], [ 64.763983937685893, 43.684546939632597 ], [ 64.779242937700204, 43.688563939636303 ], [ 64.905440937817701, 43.729372939674299 ], [ 64.915564937827099, 43.732500939677202 ], [ 64.947089937856504, 43.743658939687499 ], [ 64.950201937859305, 43.746241939690002 ], [ 64.956389937865097, 43.747973939691597 ], [ 64.965239937873406, 43.750937939694403 ], [ 65.010260937915305, 43.766852939709203 ], [ 65.054800937956799, 43.774977939716798 ], [ 65.078101937978602, 43.776678939718302 ], [ 65.114417938012295, 43.775591939717302 ], [ 65.132239938028903, 43.770464939712603 ], [ 65.148718938044297, 43.761511939704199 ], [ 65.170241938064294, 43.7435489396875 ], [ 65.183318938076496, 43.7235329396688 ], [ 65.184569938077701, 43.723460939668698 ], [ 65.188826938081604, 43.712889939659 ], [ 65.199538938091607, 43.694605939642003 ], [ 65.207976938099506, 43.681734939629898 ], [ 65.246230938135099, 43.6226269395749 ], [ 65.251013938139494, 43.617075939569702 ], [ 65.255034938143297, 43.610419939563499 ], [ 65.255392938143601, 43.6078719395612 ], [ 65.267226938154593, 43.588599939543201 ], [ 65.274931938161899, 43.578059939533397 ], [ 65.275793938162593, 43.5743369395299 ], [ 65.294135938179707, 43.545271939502797 ], [ 65.310194938194599, 43.533328939491703 ], [ 65.337889938220499, 43.515204939474799 ], [ 65.415648938292904, 43.456263939419998 ], [ 65.446112938321306, 43.438170939403101 ], [ 65.490157938362302, 43.4091639393761 ], [ 65.560332938427607, 43.363650939333702 ], [ 65.651076938512105, 43.303515939277702 ], [ 65.683546938542307, 43.207591939188298 ], [ 65.695525938553502, 43.1804459391631 ], [ 65.709723938566796, 43.148104939132899 ], [ 65.722220938578403, 43.117472939104402 ], [ 65.740500938595403, 43.074534939064499 ], [ 65.763411938616699, 43.020285939013803 ], [ 65.769217938622106, 43.002695938997597 ], [ 65.791945938643295, 42.950049938948503 ], [ 65.806731938657094, 42.9155919389164 ], [ 65.814421938664296, 42.895579938897797 ], [ 65.827185938676095, 42.868132938872201 ], [ 65.916037938758805, 42.899054938901003 ], [ 65.999960938837006, 42.928072938927997 ], [ 66.017027938853005, 42.9339589389336 ], [ 66.099204938929503, 42.962191938959798 ], [ 66.100569938930803, 42.934527938934004 ], [ 66.101218938931297, 42.8800229388833 ], [ 66.101904938931995, 42.781626938791703 ], [ 66.103522938933494, 42.688452938704799 ], [ 66.103453938933498, 42.6696159386874 ], [ 66.103835938933798, 42.610808938632502 ], [ 66.104208938934207, 42.590060938613199 ], [ 66.105139938934997, 42.5484079385744 ], [ 66.106718938936396, 42.462828938494802 ], [ 66.106535938936304, 42.439848938473297 ], [ 66.106390938936201, 42.421027938455801 ], [ 66.107253938937006, 42.365828938404398 ], [ 66.105666938935499, 42.347319938387201 ], [ 66.093008938923703, 42.350218938389801 ], [ 66.079497938911103, 42.356390938395599 ], [ 66.016432938852404, 42.378420938416099 ], [ 66.014090938850202, 42.355830938395101 ], [ 66.014426938850505, 42.352187938391701 ], [ 66.015326938851402, 42.3426579383828 ], [ 66.014037938850194, 42.331713938372602 ], [ 66.013907938850096, 42.301623938344598 ], [ 66.013953938850094, 42.275664938320404 ], [ 66.013937938850106, 42.267622938312897 ], [ 66.012984938849101, 42.251505938297903 ], [ 66.013823938849995, 42.240286938287397 ], [ 66.013556938849703, 42.2327269382805 ], [ 66.012412938848698, 42.204543938254197 ], [ 66.012503938848795, 42.192130938242599 ], [ 66.011763938848006, 42.177935938229403 ], [ 66.011412938847698, 42.148550938202 ], [ 66.010802938847206, 42.133208938187799 ], [ 66.010512938846901, 42.117140938172803 ], [ 66.011076938847395, 42.0929829381502 ], [ 66.010069938846499, 42.076506938134898 ], [ 66.009184938845607, 42.050612938110802 ], [ 66.009398938845905, 42.033598938094997 ], [ 66.008398938844906, 41.9884029380529 ], [ 66.006903938843493, 41.978163938043402 ], [ 66.007567938844105, 41.966643938032597 ], [ 66.008543938844994, 41.943495938011097 ], [ 66.050398938884001, 41.939711938007498 ], [ 66.065855938898395, 41.937773938005797 ], [ 66.095686938926207, 41.935118938003299 ], [ 66.113692938943004, 41.933928938002097 ], [ 66.217772939039904, 41.924681937993597 ], [ 66.243346939063699, 41.922499937991503 ], [ 66.306052939122097, 41.917101937986502 ], [ 66.414626939223197, 41.9071309379772 ], [ 66.478209939282493, 41.901568937972002 ], [ 66.530760939331401, 41.896292937967097 ], [ 66.531355939331903, 41.893721937964699 ], [ 66.547720939347201, 41.761797937841898 ], [ 66.557211939356094, 41.685748937771002 ], [ 66.561934939360498, 41.642664937730899 ], [ 66.569144939367106, 41.575510937668398 ], [ 66.570586939368496, 41.565066937658599 ], [ 66.580115939377393, 41.477526937577103 ], [ 66.593146939389499, 41.354808062462801 ], [ 66.599638939395604, 41.309307062420501 ], [ 66.601530939397307, 41.278152062391399 ], [ 66.6061009394016, 41.251403062366499 ], [ 66.622603939416905, 41.249530062364798 ], [ 66.655028939447106, 41.248348062363704 ], [ 66.739996939526307, 41.2437740623594 ], [ 66.813429939594599, 41.239818062355702 ], [ 66.931403939704495, 41.234077062350401 ], [ 66.999999939768401, 41.227798062344498 ], [ 67.113112939873702, 41.2224040623395 ], [ 67.151762939909702, 41.220527062337801 ], [ 67.252211940003207, 41.211936062329698 ], [ 67.278990940028294, 41.211875062329703 ], [ 67.311171940058202, 41.211791062329702 ], [ 67.329459940075196, 41.202655062321099 ], [ 67.348341940092794, 41.200588062319198 ], [ 67.375349940117999, 41.207328062325502 ], [ 67.4028319401435, 41.2105900623285 ], [ 67.439932940178096, 41.209701062327703 ], [ 67.606421940333206, 41.205554062323799 ], [ 67.743475940460797, 41.2019500623204 ], [ 67.772902940488194, 41.2021520623206 ], [ 67.779089940494003, 41.2021940623207 ], [ 67.803450940516697, 41.193424062312502 ], [ 67.846358940556598, 41.160240062281602 ], [ 67.873694940582098, 41.164539062285598 ], [ 67.898344940605, 41.1197960622439 ], [ 67.927077940631804, 41.124740062248499 ], [ 67.941481940645204, 41.103004062228301 ], [ 67.972792940674395, 41.107860062232803 ], [ 67.9892119406897, 41.1247900622486 ], [ 68.015677940714298, 41.1355930622587 ], [ 68.053832940749899, 41.122787062246701 ], [ 68.039877940736901, 41.103855062229101 ], [ 68.005675940705004, 41.093296062219302 ], [ 68.003737940703203, 41.056560062185 ], [ 68.027815940725603, 41.022888062153697 ], [ 68.024626940722598, 41.011367062143002 ], [ 67.987585940688106, 40.9950820621278 ], [ 67.978735940679897, 40.9740520621082 ], [ 67.977423940678705, 40.948917062084703 ], [ 67.958373940660906, 40.930133062067199 ], [ 67.916838940622299, 40.9255820620631 ], [ 67.880362940588299, 40.918933062056801 ], [ 67.876616940584896, 40.895805062035301 ], [ 67.896040940602902, 40.8719860620131 ], [ 67.934164940638397, 40.861148062003103 ], [ 67.947241940650599, 40.859184062001198 ], [ 67.982779940683699, 40.853851061996302 ], [ 68.010329940709298, 40.835464061979103 ], [ 68.037566940734806, 40.817291061962202 ], [ 68.123824940814998, 40.744827061894703 ], [ 68.171591940859599, 40.723915061875203 ], [ 68.219542940904205, 40.706848061859297 ], [ 68.255583940937697, 40.694587061847898 ], [ 68.261191940942993, 40.692680061846097 ], [ 68.282652940963004, 40.685382061839299 ], [ 68.297285940976593, 40.671329061826299 ], [ 68.341261941017606, 40.675651061830301 ], [ 68.383665941057103, 40.652893061809102 ], [ 68.444106941113404, 40.6314200617891 ], [ 68.452475941121193, 40.632171061789798 ], [ 68.490630941156695, 40.635597061793 ], [ 68.565611941226507, 40.642612061799603 ], [ 68.577681941237699, 40.646629061803203 ], [ 68.612860941270498, 40.658340061814201 ], [ 68.609862941267707, 40.661544061817096 ], [ 68.579062941238902, 40.694438061847798 ], [ 68.566458941227395, 40.698768061851801 ], [ 68.545683941207997, 40.695640061848799 ], [ 68.533545941196607, 40.750320061899799 ], [ 68.516486941180801, 40.7664260619148 ], [ 68.480009941146804, 40.802589061948701 ], [ 68.482863941149503, 40.893543062033203 ], [ 68.503096941168295, 40.929637062066803 ], [ 68.489951941155994, 40.968845062103298 ], [ 68.496855941162394, 40.997665062130203 ], [ 68.435515941105393, 41.009490062141303 ], [ 68.403677941075799, 41.039646062169503 ], [ 68.426154941096698, 41.069866062197498 ], [ 68.457831941126202, 41.080394062207297 ], [ 68.511481941176001, 41.068828062196502 ], [ 68.551497941213498, 41.046100062175299 ], [ 68.572478941233001, 41.008541062140303 ], [ 68.561339941222599, 40.995376062128102 ], [ 68.586058941245497, 40.977054062111101 ], [ 68.610693941268494, 40.942729062079003 ], [ 68.614607941272098, 40.937274062073897 ], [ 68.639555941295399, 40.944801062080998 ], [ 68.676352941329597, 40.9558980620913 ], [ 68.687910941340405, 40.958190062093401 ], [ 68.7103109413612, 40.966854062101497 ], [ 68.715971941366504, 40.967647062102301 ], [ 68.7448039413934, 40.987457062120697 ], [ 68.748450941396797, 40.993175062125999 ], [ 68.748526941396904, 40.993747062126502 ], [ 68.751669941399797, 41.017898062149001 ], [ 68.767355941414394, 41.045185062174397 ], [ 68.798964941443799, 41.076839062203902 ], [ 68.803252941447894, 41.079380062206198 ], [ 68.808966941453093, 41.089382062215599 ], [ 68.813544941457394, 41.097404062223099 ], [ 68.819945941463402, 41.106029062231102 ], [ 68.827780941470706, 41.1124450622371 ], [ 68.829520941472296, 41.116214062240601 ], [ 68.862570941502995, 41.1493030622715 ], [ 68.871489941511399, 41.1571540622787 ], [ 68.893088941531502, 41.171691062292197 ], [ 68.897063941535194, 41.177421062297597 ], [ 68.907149941544603, 41.185794062305398 ], [ 68.921881941558198, 41.193283062312403 ], [ 68.940329941575399, 41.190891062310101 ], [ 68.9449529415798, 41.193218062312297 ], [ 68.947348941582007, 41.196563062315398 ], [ 68.948698941583302, 41.216587062334099 ], [ 68.951430941585798, 41.2227020623397 ], [ 68.957877941591804, 41.228111062344801 ], [ 68.979704941612198, 41.240821062356602 ], [ 68.981421941613704, 41.241821062357502 ], [ 68.986296941618306, 41.247829062363103 ], [ 68.988196941620004, 41.253208062368202 ], [ 68.987708941619601, 41.276569062390003 ], [ 68.988448941620305, 41.280784062393899 ], [ 68.988951941620698, 41.283645062396602 ], [ 68.990431941622106, 41.292083062404402 ], [ 69.000716941631794, 41.301834062413498 ], [ 69.003714941634499, 41.308422062419602 ], [ 69.033240941662001, 41.342170062450997 ], [ 69.036688941665304, 41.344200062452899 ], [ 69.044226941672207, 41.344848062453501 ], [ 69.050505941678097, 41.342903062451697 ], [ 69.06328494169, 41.333526062442999 ], [ 69.074332941700305, 41.3325340624421 ], [ 69.088507941713402, 41.339965062448996 ], [ 69.089041941714001, 41.343894062452598 ], [ 69.103644941727595, 41.365795062472998 ], [ 69.104819941728707, 41.372505062479298 ], [ 69.113226941736499, 41.3862680624921 ], [ 69.149023941769897, 41.400153937505003 ], [ 69.161475941781504, 41.406790937511303 ], [ 69.171050941790398, 41.4148819375188 ], [ 69.175818941794802, 41.4286649375316 ], [ 69.184828941803204, 41.4458919375476 ], [ 69.195517941813193, 41.4519759375533 ], [ 69.209654941826301, 41.457095937558101 ], [ 69.231459941846595, 41.461710937562302 ], [ 69.242072941856506, 41.462283937562901 ], [ 69.249861941863699, 41.460406937561203 ], [ 69.273734941886005, 41.462603937563202 ], [ 69.285834941897306, 41.460268937560997 ], [ 69.307440941917406, 41.450873937552302 ], [ 69.317526941926801, 41.450491937551902 ], [ 69.322211941931101, 41.452574937553798 ], [ 69.332564941940802, 41.4533719375546 ], [ 69.3412619419489, 41.454043937555298 ], [ 69.345946941953301, 41.456122937557097 ], [ 69.363852941969895, 41.456839937557803 ], [ 69.369383941975101, 41.459650937560497 ], [ 69.369627941975295, 41.459692937560497 ], [ 69.375380941980595, 41.460654937561401 ], [ 69.391623941995803, 41.459673937560503 ], [ 69.4231409420251, 41.454901937556002 ], [ 69.431967942033396, 41.458338937559198 ], [ 69.438757942039601, 41.470610937570697 ], [ 69.4392919420402, 41.474764937574598 ], [ 69.432158942033496, 41.479437937578901 ], [ 69.4140009420166, 41.487200937586103 ], [ 69.406851942009993, 41.496001937594301 ], [ 69.405112942008302, 41.501639937599599 ], [ 69.406378942009496, 41.504454937602198 ], [ 69.420882942023098, 41.522406937618896 ], [ 69.457182942056903, 41.545607937640497 ], [ 69.464323942063501, 41.547579937642404 ], [ 69.472647942071305, 41.546633937641502 ], [ 69.498976942095794, 41.552344937646701 ], [ 69.514906942110599, 41.558432937652498 ], [ 69.519980942115296, 41.563048937656703 ], [ 69.530806942125395, 41.588355937680298 ], [ 69.539488942133502, 41.597048937688399 ], [ 69.558394942151097, 41.610846937701297 ], [ 69.567686942159696, 41.619570937709398 ], [ 69.588332942178994, 41.631155937720202 ], [ 69.594611942184798, 41.639494937728003 ], [ 69.621069942209502, 41.658015937745198 ], [ 69.632346942219996, 41.661791937748703 ], [ 69.635825942223207, 41.662260937749103 ], [ 69.659224942245004, 41.665423937752102 ], [ 69.691626942275207, 41.672301937758498 ], [ 69.700179942283199, 41.675368937761299 ], [ 69.706450942288896, 41.677618937763398 ], [ 69.717925942299701, 41.686205937771497 ], [ 69.722189942303601, 41.693293937778002 ], [ 69.728934942309905, 41.696604937781103 ], [ 69.747107942326906, 41.698637937782998 ], [ 69.752478942331905, 41.696612937781097 ], [ 69.796660942372995, 41.701971937786098 ], [ 69.815039942390101, 41.712256937795701 ], [ 69.832800942406706, 41.719073937802101 ], [ 69.8435049424167, 41.719126937802201 ], [ 69.859564942431604, 41.713709937796999 ], [ 69.869490942440805, 41.708456937792199 ], [ 69.881407942452, 41.697794937782199 ], [ 69.885458942455799, 41.696845937781298 ], [ 69.896422942465904, 41.697363937781802 ], [ 69.925993942493406, 41.705641937789601 ], [ 69.945212942511404, 41.713423937796797 ], [ 69.9521019425178, 41.718790937801799 ], [ 69.984549942548, 41.780810937859499 ], [ 69.990248942553293, 41.785887937864302 ], [ 70.004988942567095, 41.789095937867302 ], [ 70.013350942574803, 41.787882937866101 ], [ 70.021597942582503, 41.777033937855997 ], [ 70.020506942581406, 41.7680469378477 ], [ 70.023955942584607, 41.763396937843297 ], [ 70.031760942591902, 41.761465937841599 ], [ 70.038947942598696, 41.7634039378434 ], [ 70.0458899426051, 41.768305937847899 ], [ 70.053420942612206, 41.788359937866602 ], [ 70.061713942619804, 41.802946937880201 ], [ 70.071600942629004, 41.8093599378861 ], [ 70.085829942642306, 41.815054937891396 ], [ 70.0907589426469, 41.8184889378946 ], [ 70.147047942699302, 41.838232937912998 ], [ 70.159735942711094, 41.844302937918698 ], [ 70.172507942723001, 41.860690937934002 ], [ 70.181143942730998, 41.875285937947503 ], [ 70.188590942738003, 41.893259937964302 ], [ 70.198027942746805, 41.905596937975702 ], [ 70.206397942754606, 41.912157937981902 ], [ 70.221098942768407, 41.920145937989403 ], [ 70.240294942786207, 41.941161938008896 ], [ 70.265364942809498, 41.950056938017198 ], [ 70.277060942820398, 41.949656938016801 ], [ 70.287711942830299, 41.958601938025097 ], [ 70.308493942849694, 41.963633938029801 ], [ 70.321852942862094, 41.969485938035298 ], [ 70.330893942870503, 41.975607938041001 ], [ 70.332694942872294, 41.9800409380451 ], [ 70.332594942872106, 41.993094938057297 ], [ 70.330466942870203, 42.004687938068102 ], [ 70.3253169428653, 42.015463938078099 ], [ 70.3252099428653, 42.019862938082298 ], [ 70.3250189428651, 42.027136938088901 ], [ 70.322615942862797, 42.034361938095699 ], [ 70.329359942869203, 42.042445938103299 ], [ 70.363501942900896, 42.057898938117603 ], [ 70.370024942906994, 42.068949938127901 ], [ 70.381613942917795, 42.0781549381364 ], [ 70.391089942926598, 42.082911938140903 ], [ 70.395857942931002, 42.088843938146503 ], [ 70.399641942934593, 42.115584938171402 ], [ 70.402449942937196, 42.123038938178297 ], [ 70.410498942944699, 42.130480938185201 ], [ 70.417105942950897, 42.132597938187203 ], [ 70.425406942958602, 42.1327199381873 ], [ 70.433302942965895, 42.130076938184899 ], [ 70.491576943020206, 42.091978938149303 ], [ 70.509764943037197, 42.083346938141297 ], [ 70.520064943046805, 42.0812559381394 ], [ 70.522467943048994, 42.0779189381362 ], [ 70.546462943071305, 42.069521938128403 ], [ 70.553069943077503, 42.063380938122698 ], [ 70.558318943082298, 42.054892938114797 ], [ 70.555945943080204, 42.0289069380906 ], [ 70.556403943080596, 42.0227389380848 ], [ 70.559157943083207, 42.018729938081101 ], [ 70.575392943098294, 42.015273938077897 ], [ 70.601912943122898, 41.997065938060899 ], [ 70.610930943131393, 41.996680938060599 ], [ 70.623351943142893, 41.9991639380629 ], [ 70.626959943146304, 42.000822938064502 ], [ 70.631781943150699, 42.008646938071699 ], [ 70.630621943149706, 42.011809938074698 ], [ 70.654456943171894, 42.059966938119501 ], [ 70.674178943190299, 42.088938938146498 ], [ 70.674063943190205, 42.099013938155899 ], [ 70.677321943193206, 42.109221938165398 ], [ 70.693579943208306, 42.1268269381818 ], [ 70.704009943217997, 42.131598938186301 ], [ 70.714835943228096, 42.139357938193498 ], [ 70.726721943239198, 42.153803938206899 ], [ 70.744437943255704, 42.164359938216798 ], [ 70.7625569432726, 42.186606938237503 ], [ 70.777121943286105, 42.198405938248399 ], [ 70.785155943293603, 42.202383938252098 ], [ 70.789732943297906, 42.207373938256801 ], [ 70.795714943303395, 42.209898938259201 ], [ 70.800955943308296, 42.209872938259103 ], [ 70.807951943314805, 42.206709938256203 ], [ 70.815291943321697, 42.198748938248798 ], [ 70.823973943329804, 42.193587938244001 ], [ 70.839041943343801, 42.193942938244398 ], [ 70.864539943367603, 42.208212938257603 ], [ 70.875281943377502, 42.213206938262303 ], [ 70.885306943386894, 42.2151939382641 ], [ 70.899374943400005, 42.221228938269803 ], [ 70.907340943407405, 42.226340938274497 ], [ 70.9081799434082, 42.227175938275302 ], [ 70.930258943428797, 42.249247938295802 ], [ 70.940222943438002, 42.259196938305102 ], [ 70.945555943442997, 42.262373938308002 ], [ 70.954764943451593, 42.262949938308601 ], [ 70.975180943470605, 42.257533938303503 ], [ 70.989935943484298, 42.258082938304 ], [ 71.017050943509602, 42.276724938321401 ], [ 71.034651943526001, 42.281043938325404 ], [ 71.041800943532607, 42.284739938328897 ], [ 71.060385943549903, 42.288172938332103 ], [ 71.070280943559098, 42.287844938331702 ], [ 71.096617943583695, 42.276667938321303 ], [ 71.114073943599905, 42.273863938318698 ], [ 71.134459943619007, 42.273222938318199 ], [ 71.154761943637794, 42.2645599383101 ], [ 71.226897943704998, 42.216277938265101 ], [ 71.243910943720905, 42.2102309382595 ], [ 71.257986943733997, 42.202021938251903 ], [ 71.261137943736898, 42.195948938246197 ], [ 71.253447943729697, 42.186060938236999 ], [ 71.252333943728701, 42.179381938230698 ], [ 71.253645943729893, 42.173243938225099 ], [ 71.251349943727803, 42.160796938213402 ], [ 71.247023943723704, 42.1562949382093 ], [ 71.237357943714699, 42.153437938206601 ], [ 71.235655943713198, 42.151087938204299 ], [ 71.222220943700705, 42.144659938198402 ], [ 71.217177943696001, 42.136923938191202 ], [ 71.213622943692599, 42.134737938189097 ], [ 71.186224943667099, 42.139723938193796 ], [ 71.168410943650599, 42.139315938193398 ], [ 71.156249943639196, 42.137049938191304 ], [ 71.145148943628897, 42.132758938187301 ], [ 71.127936943612895, 42.120501938175899 ], [ 71.087256943574999, 42.091498938148902 ], [ 71.069754943558706, 42.086504938144202 ], [ 71.031729943523302, 42.057394938117099 ], [ 71.016997943509494, 42.052496938112597 ], [ 71.001295943494995, 42.0438949381046 ], [ 70.989005943483505, 42.034731938096101 ], [ 70.980521943475594, 42.033041938094399 ], [ 70.966231943462205, 42.026320938088197 ], [ 70.949637943446803, 42.026381938088299 ], [ 70.932219943430496, 42.029616938091301 ], [ 70.918715943417993, 42.033915938095298 ], [ 70.898001943398697, 42.044806938105502 ], [ 70.891745943392806, 42.0463979381069 ], [ 70.874533943376903, 42.046423938106898 ], [ 70.861639943364906, 42.041804938102601 ], [ 70.857977943361405, 42.037081938098197 ], [ 70.855414943358994, 42.025301938087203 ], [ 70.851736943355704, 42.0208089380831 ], [ 70.841414943345995, 42.014681938077402 ], [ 70.834135943339206, 42.000201938063903 ], [ 70.835646943340606, 41.996134938060102 ], [ 70.849135943353204, 41.983145938047997 ], [ 70.853720943357501, 41.97461993804 ], [ 70.8502499433542, 41.945166938012598 ], [ 70.843764943348205, 41.936900938004896 ], [ 70.824538943330296, 41.922408937991399 ], [ 70.815199943321602, 41.919981937989199 ], [ 70.796172943303901, 41.920153937989298 ], [ 70.773688943282906, 41.9259139379947 ], [ 70.759055943269303, 41.933352938001597 ], [ 70.754370943264902, 41.930186937998698 ], [ 70.7507089432615, 41.916987937986299 ], [ 70.746947943257993, 41.913859937983503 ], [ 70.738058943249797, 41.913737937983399 ], [ 70.718985943231999, 41.918932937988203 ], [ 70.704939943218903, 41.918139937987398 ], [ 70.679236943194994, 41.908862937978803 ], [ 70.656584943173797, 41.8914519379626 ], [ 70.640601943159098, 41.866751937939597 ], [ 70.632513943151494, 41.860011937933301 ], [ 70.616797943136802, 41.852953937926699 ], [ 70.608336943128904, 41.847109937921303 ], [ 70.601195943122306, 41.827574937903101 ], [ 70.578528943101205, 41.8156769378921 ], [ 70.554335943078698, 41.802962937880203 ], [ 70.538702943064095, 41.799105937876597 ], [ 70.527464943053701, 41.7938269378717 ], [ 70.514098943041205, 41.784335937862899 ], [ 70.508879943036305, 41.776328937855403 ], [ 70.507758943035299, 41.762762937842702 ], [ 70.509299943036694, 41.754355937834902 ], [ 70.506972943034498, 41.740511937821999 ], [ 70.492377943020998, 41.718855937801798 ], [ 70.475806943005495, 41.7091249377929 ], [ 70.456442942987493, 41.700480937784697 ], [ 70.444716942976598, 41.697890937782297 ], [ 70.4000159429349, 41.679614937765201 ], [ 70.393576942928902, 41.675902937761897 ], [ 70.380942942917201, 41.661383937748298 ], [ 70.348257942886704, 41.637747937726303 ], [ 70.329832942869601, 41.631216937720303 ], [ 70.315779942856494, 41.631289937720297 ], [ 70.307707942849007, 41.632998937721901 ], [ 70.301680942843305, 41.632044937720998 ], [ 70.265776942809893, 41.6070929376978 ], [ 70.259718942804298, 41.606596937697297 ], [ 70.251624942796695, 41.608527937699101 ], [ 70.238005942784099, 41.608958937699498 ], [ 70.222990942770096, 41.606997937697599 ], [ 70.195555942744505, 41.598311937689601 ], [ 70.186629942736104, 41.588911937680798 ], [ 70.180647942730602, 41.576815937669501 ], [ 70.180746942730707, 41.552206937646702 ], [ 70.178893942729005, 41.544791937639701 ], [ 70.182646942732504, 41.5245739376209 ], [ 70.186179942735805, 41.518546937615397 ], [ 70.1997599427484, 41.512511937609702 ], [ 70.226767942773606, 41.513953937610999 ], [ 70.247191942792597, 41.510050937607403 ], [ 70.2531959427982, 41.511237937608499 ], [ 70.256606942801398, 41.510470937607799 ], [ 70.265036942809203, 41.511759937609 ], [ 70.267020942811001, 41.513682937610803 ], [ 70.276251942819698, 41.516383937613298 ], [ 70.297209942839103, 41.517306937614102 ], [ 70.320288942860699, 41.514426937611397 ], [ 70.348723942887105, 41.505362937603003 ], [ 70.357291942895202, 41.500922937598901 ], [ 70.362334942899906, 41.494730937593097 ], [ 70.371008942907906, 41.477011937576599 ], [ 70.381705942917804, 41.4685399375687 ], [ 70.394492942929801, 41.468634937568801 ], [ 70.407126942941503, 41.466662937567001 ], [ 70.413222942947201, 41.462569937563202 ], [ 70.422247942955707, 41.451964937553299 ], [ 70.430853942963694, 41.445002937546803 ], [ 70.4332729429659, 41.443045937544902 ], [ 70.441077942973095, 41.440401937542497 ], [ 70.451605942982994, 41.433981937536501 ], [ 70.458243942989199, 41.426707937529699 ], [ 70.462035942992699, 41.424807937528001 ], [ 70.465636942996099, 41.417403937521101 ], [ 70.476736943006401, 41.4032169375078 ], [ 70.479109943008595, 41.401926937506701 ], [ 70.483397943012605, 41.399603937504601 ], [ 70.519362943046104, 41.398604937503599 ], [ 70.528403943054499, 41.399672937504597 ], [ 70.547705943072401, 41.410101937514298 ], [ 70.564757943088296, 41.422263937525699 ], [ 70.573607943096505, 41.434309937536803 ], [ 70.583655943105896, 41.442515937544499 ], [ 70.594817943116297, 41.448016937549603 ], [ 70.627737943146997, 41.455786937556901 ], [ 70.636649943155305, 41.454546937555698 ], [ 70.639014943157505, 41.455561937556602 ], [ 70.644301943162503, 41.4539449375552 ], [ 70.654288943171807, 41.454810937555997 ], [ 70.678862943194702, 41.468634937568801 ], [ 70.685522943200795, 41.469134937569301 ], [ 70.711798943225205, 41.463557937564097 ], [ 70.715941943229097, 41.460974937561701 ], [ 70.724905943237502, 41.441870937543897 ], [ 70.740813943252306, 41.423594937526801 ], [ 70.768607943278198, 41.391635062497201 ], [ 70.780081943288906, 41.375377062481903 ], [ 70.790625943298707, 41.341907062450801 ], [ 70.785269943293699, 41.322917062433 ], [ 70.7769159432859, 41.308929062420098 ], [ 70.7762979432853, 41.307907062419098 ], [ 70.777739943286704, 41.278656062391903 ], [ 70.783141943291696, 41.2665060623806 ], [ 70.796614943304206, 41.251701062366799 ], [ 70.798827943306307, 41.2460630623615 ], [ 70.7949599433027, 41.236293062352402 ], [ 70.779059943287905, 41.220779062338003 ], [ 70.778487943287402, 41.202899062321301 ], [ 70.7831569432918, 41.188201062307598 ], [ 70.793875943301799, 41.178169062298402 ], [ 70.812430943319001, 41.172420062293 ], [ 70.819525943325601, 41.174991062295398 ], [ 70.826003943331699, 41.182113062302001 ], [ 70.832816943338003, 41.197494062316402 ], [ 70.8439859433484, 41.2157890623333 ], [ 70.854132943357797, 41.226947062343797 ], [ 70.861174943364404, 41.230430062346898 ], [ 70.869543943372193, 41.2321310623486 ], [ 70.875357943377693, 41.231441062347898 ], [ 70.8867259433882, 41.223327062340402 ], [ 70.899184943399803, 41.209438062327401 ], [ 70.917815943417196, 41.200569062319197 ], [ 70.937682943435604, 41.186584062306103 ], [ 70.949461943446593, 41.166435062287299 ], [ 70.961676943458002, 41.1630890622842 ], [ 70.998267943492095, 41.181877062301801 ], [ 71.019286943511702, 41.192665062311796 ], [ 71.032072943523602, 41.193210062312303 ], [ 71.0463709435369, 41.184780062304398 ], [ 71.058676943548406, 41.180133062300101 ], [ 71.076003943564501, 41.1769900622972 ], [ 71.079344943567605, 41.171409062292 ], [ 71.0891949435768, 41.160350062281701 ], [ 71.098067943585093, 41.154270062276098 ], [ 71.124258943609505, 41.147220062269398 ], [ 71.133002943617598, 41.147769062269901 ], [ 71.143904943627703, 41.152519062274401 ], [ 71.161757943644403, 41.166904062287799 ], [ 71.167357943649506, 41.1693950622901 ], [ 71.177672943659104, 41.169082062289803 ], [ 71.187834943668605, 41.180892062300799 ], [ 71.1954039436757, 41.185745062305301 ], [ 71.202383943682193, 41.185539062305203 ], [ 71.211646943690894, 41.168247062289097 ], [ 71.217764943696494, 41.167320062288198 ], [ 71.224501943702805, 41.170997062291697 ], [ 71.223639943701997, 41.179893062299897 ], [ 71.226561943704795, 41.186405062306001 ], [ 71.231833943709603, 41.1893380623087 ], [ 71.239897943717096, 41.191230062310403 ], [ 71.246298943723104, 41.1905400623099 ], [ 71.2574689437334, 41.186359062306003 ], [ 71.266936943742294, 41.180286062300297 ], [ 71.272513943747498, 41.173389062293801 ], [ 71.278197943752801, 41.150012062272097 ], [ 71.273344943748199, 41.110935062235697 ], [ 71.276373943751096, 41.106006062231103 ], [ 71.284651943758803, 41.104236062229397 ], [ 71.295721943769095, 41.106227062231298 ], [ 71.313124943785297, 41.118511062242803 ], [ 71.321745943793402, 41.130943062254197 ], [ 71.326682943797906, 41.154041062275901 ], [ 71.334189943805001, 41.160736062282098 ], [ 71.345297943815297, 41.165691062286697 ], [ 71.356863943826099, 41.1658050622868 ], [ 71.3652339438338, 41.1626620622839 ], [ 71.382399943849805, 41.149063062271097 ], [ 71.387427943854505, 41.140995062263698 ], [ 71.392493943859293, 41.112102062236801 ], [ 71.395796943862294, 41.107410062232397 ], [ 71.395903943862507, 41.107357062232303 ], [ 71.401411943867501, 41.104629062229797 ], [ 71.412871943878301, 41.105247062230397 ], [ 71.427367943891795, 41.1158100622402 ], [ 71.435072943898803, 41.123622062247499 ], [ 71.4356299438994, 41.129592062253003 ], [ 71.451018943913795, 41.1559710622777 ], [ 71.457884943920106, 41.188472062307902 ], [ 71.477179943938097, 41.221160062338299 ], [ 71.476302943937299, 41.225708062342598 ], [ 71.470732943932106, 41.232845062349199 ], [ 71.464491943926305, 41.235843062351996 ], [ 71.452185943914799, 41.2388610623548 ], [ 71.448187943911194, 41.244907062360497 ], [ 71.448279943911203, 41.253608062368599 ], [ 71.453825943916399, 41.267524062381597 ], [ 71.448531943911505, 41.280166062393299 ], [ 71.449652943912497, 41.286842062399501 ], [ 71.457037943919403, 41.295330062407402 ], [ 71.471922943933293, 41.305438062416897 ], [ 71.480772943941503, 41.314891062425701 ], [ 71.487692943947906, 41.316036062426697 ], [ 71.505476943964396, 41.3077010624189 ], [ 71.519911943978002, 41.310009062421102 ], [ 71.528983943986304, 41.3157990624265 ], [ 71.535918943992897, 41.316715062427299 ], [ 71.548125944004198, 41.315513062426199 ], [ 71.556830944012304, 41.311904062422897 ], [ 71.569922944024498, 41.300659062412301 ], [ 71.576422944030497, 41.298355062410202 ], [ 71.582808944036501, 41.29810306241 ], [ 71.585364944038801, 41.299232062411001 ], [ 71.587843944041197, 41.300327062412002 ], [ 71.591002944044106, 41.303401062414899 ], [ 71.596495944049295, 41.318916062429402 ], [ 71.600104944052504, 41.319488062429897 ], [ 71.600172944052701, 41.323612062433803 ], [ 71.603819944056099, 41.328990062438798 ], [ 71.616728944068001, 41.336959062446198 ], [ 71.623656944074497, 41.348625062457103 ], [ 71.629202944079594, 41.352691062460799 ], [ 71.637022944086993, 41.348594062457003 ], [ 71.641875944091495, 41.3487470624572 ], [ 71.647658944096904, 41.364723062472102 ], [ 71.655524944104201, 41.376186062482702 ], [ 71.6697609441174, 41.387851062493603 ], [ 71.676154944123397, 41.3985819375036 ], [ 71.658919944107396, 41.418635937522197 ], [ 71.659766944108199, 41.425299937528401 ], [ 71.669371944117103, 41.4384229375407 ], [ 71.676779944123993, 41.458338937559198 ], [ 71.674033944121405, 41.4694669375695 ], [ 71.669989944117603, 41.476431937576102 ], [ 71.663283944111399, 41.482172937581403 ], [ 71.650900944099902, 41.485899937584897 ], [ 71.626151944076895, 41.487631937586499 ], [ 71.619231944070407, 41.491530937590198 ], [ 71.618231944069507, 41.498366937596501 ], [ 71.619902944071001, 41.501166937599102 ], [ 71.623396944074202, 41.504023937601801 ], [ 71.629675944080105, 41.506056937603702 ], [ 71.644751944094196, 41.508593937606001 ], [ 71.650702944099805, 41.511073937608401 ], [ 71.660300944108698, 41.519156937615897 ], [ 71.676733944123896, 41.541190937636401 ], [ 71.693442944139505, 41.552931937647301 ], [ 71.701277944146895, 41.5545499376489 ], [ 71.719244944163506, 41.554648937648999 ], [ 71.726004944169901, 41.553713937648098 ], [ 71.730765944174394, 41.550200937644803 ], [ 71.733550944176898, 41.543875937638902 ], [ 71.724303944168298, 41.529169937625099 ], [ 71.725577944169501, 41.517081937613902 ], [ 71.722800944166906, 41.5121869376094 ], [ 71.724532944168502, 41.497363937595601 ], [ 71.728018944171694, 41.489233937587997 ], [ 71.726607944170397, 41.481635937580897 ], [ 71.716704944161194, 41.468054937568297 ], [ 71.698531944144307, 41.450091937551498 ], [ 71.696478944142399, 41.443163937545101 ], [ 71.698721944144395, 41.435679937538097 ], [ 71.707571944152704, 41.424056937527297 ], [ 71.716628944161101, 41.4197609375233 ], [ 71.722517944166597, 41.423148937526399 ], [ 71.723837944167798, 41.432341937535 ], [ 71.715041944159594, 41.443057937544999 ], [ 71.717726944162195, 41.449545937551001 ], [ 71.723265944167295, 41.453837937555001 ], [ 71.731314944174798, 41.456835937557798 ], [ 71.739554944182501, 41.456404937557402 ], [ 71.746176944188704, 41.452029937553299 ], [ 71.748305944190605, 41.440882937543002 ], [ 71.752333944194305, 41.435027937537498 ], [ 71.752928944194906, 41.434157937536703 ], [ 71.759558944201103, 41.435278937537802 ], [ 71.763281944204607, 41.4395099375417 ], [ 71.765746944206796, 41.467051937567398 ], [ 71.768683944209599, 41.468970937569097 ], [ 71.776678944216997, 41.467383937567597 ], [ 71.799292944238104, 41.4314569375342 ], [ 71.816588944254207, 41.4207639375242 ], [ 71.829649944266393, 41.409487937513802 ], [ 71.843024944278795, 41.392269062497597 ], [ 71.837470944273605, 41.371047062477899 ], [ 71.838850944274895, 41.367885062474997 ], [ 71.844160944279906, 41.365070062472398 ], [ 71.861632944296105, 41.367881062475 ], [ 71.869048944303003, 41.377025062483398 ], [ 71.877959944311399, 41.380950062487102 ], [ 71.886092944318904, 41.376388062483002 ], [ 71.889143944321802, 41.370300062477199 ], [ 71.885588944318499, 41.356922062464797 ], [ 71.886298944319194, 41.349163062457599 ], [ 71.892317944324802, 41.338584062447701 ], [ 71.910796944341996, 41.321739062432002 ], [ 71.926962944356902, 41.314201062424999 ], [ 71.932738944362299, 41.314144062424901 ], [ 71.934042944363597, 41.312351062423303 ], [ 71.935164944364701, 41.308265062419501 ], [ 71.922949944353306, 41.286167062398903 ], [ 71.912718944343695, 41.272827062386398 ], [ 71.895811944328003, 41.259742062374201 ], [ 71.887999944320697, 41.246696062362098 ], [ 71.875952944309503, 41.233524062349801 ], [ 71.869048944303003, 41.220733062337899 ], [ 71.862006944296496, 41.200847062319397 ], [ 71.863600944298, 41.197460062316303 ], [ 71.871642944305506, 41.194267062313301 ], [ 71.883810944316906, 41.1932560623124 ], [ 71.885161944318099, 41.1905510623099 ], [ 71.883353944316397, 41.178829062299002 ], [ 71.890356944322903, 41.172172062292702 ], [ 71.906805944338203, 41.167182062288099 ], [ 71.925421944355605, 41.161537062282797 ], [ 71.937575944366898, 41.160747062282098 ], [ 71.947440944375998, 41.157146062278798 ], [ 71.953116944381307, 41.158683062280197 ], [ 71.972525944399393, 41.170001062290702 ], [ 71.980986944407306, 41.1702460622909 ], [ 71.998976944424101, 41.167785062288601 ], [ 72.023741944447096, 41.162773062284003 ], [ 72.040610944462898, 41.154510062276202 ], [ 72.061278944482098, 41.144386062266904 ], [ 72.076041944495898, 41.139537062262299 ], [ 72.083540944502801, 41.140892062263603 ], [ 72.102919944520806, 41.153099062274897 ], [ 72.124228944540704, 41.163066062284301 ], [ 72.140601944555996, 41.162601062283798 ], [ 72.163275944576995, 41.156810062278403 ], [ 72.173079944586206, 41.160739062282097 ], [ 72.182814944595293, 41.159629062281098 ], [ 72.189101944601106, 41.156604062278198 ], [ 72.192725944604604, 41.154861062276602 ], [ 72.199065944610396, 41.148857062270999 ], [ 72.203658944614702, 41.141201062263796 ], [ 72.206908944617794, 41.117038062241299 ], [ 72.211714944622202, 41.104812062230003 ], [ 72.212439944622901, 41.089275062215499 ], [ 72.218672944628693, 41.065879062193801 ], [ 72.228362944637595, 41.052413062181202 ], [ 72.225699944635295, 41.044792062174103 ], [ 72.218268944628306, 41.035671062165598 ], [ 72.212134944622605, 41.0311620621614 ], [ 72.206801944617695, 41.028961062159297 ], [ 72.179541944592202, 41.024108062154802 ], [ 72.176169944589105, 41.018756062149798 ], [ 72.178152944591005, 41.015151062146501 ], [ 72.185980944598199, 41.009185062141 ], [ 72.187056944599206, 41.008689062140398 ], [ 72.200346944611596, 41.002555062134697 ], [ 72.214796944624993, 41.002746062134896 ], [ 72.223128944632904, 41.0051490621372 ], [ 72.232741944641802, 41.0102080621418 ], [ 72.245757944653903, 41.014568062145898 ], [ 72.262373944669307, 41.020137062151001 ], [ 72.276457944682505, 41.0248560621555 ], [ 72.292929944697903, 41.027805062158301 ], [ 72.319136944722302, 41.042892062172299 ], [ 72.3350979447371, 41.057483062185902 ], [ 72.343604944745096, 41.063194062191201 ], [ 72.351691944752602, 41.064769062192703 ], [ 72.358664944759099, 41.064262062192199 ], [ 72.361815944761901, 41.061367062189497 ], [ 72.366644944766506, 41.061489062189601 ], [ 72.3904719447887, 41.055686062184201 ], [ 72.406920944804, 41.045803062174997 ], [ 72.411505944808297, 41.044548062173803 ], [ 72.421454944817498, 41.0450210621742 ], [ 72.430571944826099, 41.043647062173001 ], [ 72.433333944828703, 41.041275062170797 ], [ 72.447768944841997, 41.037208062166997 ], [ 72.466437944859393, 41.038581062168298 ], [ 72.483168944875004, 41.035785062165701 ], [ 72.497580944888398, 41.030647062160902 ], [ 72.500815944891499, 41.025463062156099 ], [ 72.503226944893697, 41.011341062143003 ], [ 72.500929944891496, 41.000774062133097 ], [ 72.483183944874995, 40.9759170621099 ], [ 72.4833669448752, 40.972183062106502 ], [ 72.487433944879001, 40.968563062103101 ], [ 72.490584944881903, 40.968921062103497 ], [ 72.500571944891206, 40.980697062114402 ], [ 72.505461944895799, 40.981639062115299 ], [ 72.510794944900695, 40.982017062115702 ], [ 72.520911944910097, 40.978141062112002 ], [ 72.529929944918607, 40.971725062106003 ], [ 72.539900944927894, 40.956867062092201 ], [ 72.555678944942599, 40.9398570620763 ], [ 72.558608944945306, 40.934665062071502 ], [ 72.571135944957007, 40.923297062060897 ], [ 72.573447944959099, 40.918319062056298 ], [ 72.5731499449588, 40.910430062048903 ], [ 72.572867944958503, 40.902984062042002 ], [ 72.575491944961001, 40.890468062030401 ], [ 72.581709944966804, 40.885810062026003 ], [ 72.592123944976507, 40.881481062021997 ], [ 72.617964945000594, 40.875675062016597 ], [ 72.621680945004002, 40.873245062014298 ], [ 72.646704945027295, 40.865127062006799 ], [ 72.680808945059098, 40.855609061997903 ], [ 72.692732945070205, 40.858852062000899 ], [ 72.707510945083897, 40.858264062000401 ], [ 72.732069945106801, 40.854007061996398 ], [ 72.752295945125695, 40.860626062002503 ], [ 72.772353945144303, 40.863803062005502 ], [ 72.786940945157895, 40.860233062002202 ], [ 72.834792945202494, 40.8694830620109 ], [ 72.850462945217103, 40.869129062010401 ], [ 72.859602945225603, 40.866344062007897 ], [ 72.868201945233594, 40.861721062003603 ], [ 72.882239945246596, 40.8482930619911 ], [ 72.901099945264306, 40.834274061978 ], [ 72.909239945271807, 40.817062061961998 ], [ 72.912932945275202, 40.814624061959698 ], [ 72.9271689452885, 40.811939061957197 ], [ 72.938284945298903, 40.812622061957903 ], [ 72.938826945299397, 40.814231061959298 ], [ 72.952277945311906, 40.816787061961698 ], [ 72.956320945315596, 40.821670061966302 ], [ 72.970206945328599, 40.827156061971401 ], [ 72.978850945336603, 40.835079061978803 ], [ 72.991332945348304, 40.835384061978999 ], [ 72.998999945355393, 40.838832061982302 ], [ 72.997954945354493, 40.845359061988397 ], [ 72.995772945352499, 40.847602061990401 ], [ 72.9831999453408, 40.8542170619966 ], [ 72.975691945333693, 40.862300062004202 ], [ 72.984839945342202, 40.8855780620258 ], [ 72.989829945346898, 40.8893310620292 ], [ 72.999175945355603, 40.8892860620292 ], [ 73.001418945357699, 40.885215062025502 ], [ 73.021071945375994, 40.865245062006899 ], [ 73.028075945382497, 40.862865062004602 ], [ 73.040450945393999, 40.8619610620038 ], [ 73.058882945411199, 40.851108061993799 ], [ 73.064955945416898, 40.849395061992098 ], [ 73.069739945421304, 40.850627061993201 ], [ 73.085455945435996, 40.858013062000097 ], [ 73.109526945458299, 40.858463062000602 ], [ 73.118010945466295, 40.856792061999002 ], [ 73.127249945474901, 40.850559061993202 ], [ 73.131079945478405, 40.843540061986602 ], [ 73.132269945479507, 40.834644061978402 ], [ 73.127753945475305, 40.815814061960801 ], [ 73.122946945470801, 40.806121061951799 ], [ 73.1136389454621, 40.796119061942498 ], [ 73.103880945453099, 40.7909080619376 ], [ 73.094916945444695, 40.789138061936001 ], [ 73.068488945420199, 40.778583061926099 ], [ 73.059218945411502, 40.777034061924702 ], [ 73.041678945395205, 40.770984061919101 ], [ 73.005721945361699, 40.7670860619154 ], [ 72.992072945348994, 40.752872061902302 ], [ 72.966978945325593, 40.7395700618898 ], [ 72.936766945297407, 40.726848061877902 ], [ 72.927535945288895, 40.724372061875599 ], [ 72.919135945280999, 40.723976061875298 ], [ 72.918066945280003, 40.720294061871897 ], [ 72.899252945262504, 40.716938061868802 ], [ 72.888342945252404, 40.711227061863397 ], [ 72.870245945235496, 40.704677061857303 ], [ 72.865614945231101, 40.700008061852998 ], [ 72.848593945215299, 40.688907061842698 ], [ 72.830473945198506, 40.683265061837403 ], [ 72.815260945184306, 40.680656061835002 ], [ 72.799330945169501, 40.680999061835301 ], [ 72.790839945161594, 40.683105061837203 ], [ 72.789313945160103, 40.682949061837 ], [ 72.7737879451456, 40.681365061835599 ], [ 72.767104945139494, 40.675502061830201 ], [ 72.766097945138597, 40.670223061825297 ], [ 72.769072945141303, 40.662971061818503 ], [ 72.777167945148804, 40.655372061811399 ], [ 72.777975945149606, 40.649673061806098 ], [ 72.761847945134505, 40.639720061796801 ], [ 72.7597039451326, 40.6328160617904 ], [ 72.761237945133999, 40.614593061773398 ], [ 72.761931945134606, 40.606300061765701 ], [ 72.763503945136094, 40.5876270617484 ], [ 72.7620689451348, 40.569992061731902 ], [ 72.757071945130093, 40.567367061729399 ], [ 72.748114945121699, 40.566486061728597 ], [ 72.736830945111294, 40.571495061733302 ], [ 72.725333945100502, 40.582214061743301 ], [ 72.716132945091999, 40.587497061748202 ], [ 72.683524945061606, 40.593170061753497 ], [ 72.6765669450551, 40.587066061747798 ], [ 72.675558945054206, 40.574470061736001 ], [ 72.656775945036699, 40.564212061726501 ], [ 72.653632945033806, 40.560253061722896 ], [ 72.649092945029494, 40.537048061701199 ], [ 72.636664945017898, 40.5193970616847 ], [ 72.622092945004397, 40.516773061682301 ], [ 72.613081944995898, 40.517478061683001 ], [ 72.582976944967996, 40.535980061700201 ], [ 72.570616944956399, 40.537746061701803 ], [ 72.551169944938295, 40.537055061701203 ], [ 72.536230944924398, 40.543331061707001 ], [ 72.5182869449077, 40.5563810617192 ], [ 72.516455944905999, 40.557716061720399 ], [ 72.505537944895806, 40.560653061723201 ], [ 72.490744944882096, 40.555950061718796 ], [ 72.486227944877896, 40.556526061719303 ], [ 72.476317944868597, 40.564060061726401 ], [ 72.456580944850302, 40.584152061745101 ], [ 72.444785944839296, 40.600551061760399 ], [ 72.4145499448111, 40.619922061778396 ], [ 72.414122944810799, 40.6200750617785 ], [ 72.406050944803198, 40.622970061781302 ], [ 72.391173944789301, 40.619335061777903 ], [ 72.384718944783302, 40.615970061774703 ], [ 72.369162944768803, 40.6148870617737 ], [ 72.361021944761205, 40.615825061774601 ], [ 72.355765944756399, 40.612487061771397 ], [ 72.352415944753204, 40.606914061766297 ], [ 72.355620944756197, 40.602195061761897 ], [ 72.379889944778796, 40.595954061756103 ], [ 72.386710944785193, 40.590866061751299 ], [ 72.393309944791298, 40.577087061738503 ], [ 72.396742944794497, 40.573970061735601 ], [ 72.419463944815703, 40.568595061730598 ], [ 72.424101944819995, 40.565284061727503 ], [ 72.428252944823896, 40.559440061722 ], [ 72.4290769448247, 40.554203061717203 ], [ 72.427443944823196, 40.550273061713497 ], [ 72.419936944816101, 40.5436850617074 ], [ 72.4140159448106, 40.5419380617057 ], [ 72.397536944795206, 40.5419800617058 ], [ 72.391676944789793, 40.538860061702898 ], [ 72.388144944786504, 40.530536061695202 ], [ 72.391165944789293, 40.523067061688202 ], [ 72.4016569447991, 40.522876061688002 ], [ 72.408751944805701, 40.525112061690102 ], [ 72.414458944811003, 40.524799061689798 ], [ 72.420111944816298, 40.518768061684199 ], [ 72.421996944818005, 40.502811061669398 ], [ 72.425047944820903, 40.4944260616615 ], [ 72.428229944823798, 40.490161061657503 ], [ 72.435599944830699, 40.485771061653502 ], [ 72.440924944835601, 40.4733310616419 ], [ 72.426245944822, 40.450393061620503 ], [ 72.416174944812596, 40.429271061600801 ], [ 72.422156944818198, 40.415477061588 ], [ 72.420813944816899, 40.404926061578102 ], [ 72.417036944813404, 40.402317061575701 ], [ 72.410506944807295, 40.401237061574697 ], [ 72.3990169447966, 40.404148061577501 ], [ 72.386420944784902, 40.404972061578199 ], [ 72.378539944777501, 40.407516061580601 ], [ 72.368765944768498, 40.4120670615848 ], [ 72.362196944762402, 40.418758061591099 ], [ 72.335303944737205, 40.438415061609298 ], [ 72.321196944724207, 40.446052061616498 ], [ 72.314841944718296, 40.447715061617998 ], [ 72.297705944702201, 40.442695061613399 ], [ 72.290671944695802, 40.446170061616598 ], [ 72.2799599446858, 40.458007061627598 ], [ 72.273520944679703, 40.461494061630802 ], [ 72.254073944661698, 40.4612080616306 ], [ 72.248297944656201, 40.463111061632397 ], [ 72.244536944652793, 40.4668990616359 ], [ 72.244406944652695, 40.469638061638399 ], [ 72.251639944659402, 40.4883530616559 ], [ 72.250250944658106, 40.492431061659602 ], [ 72.240462944648897, 40.496971061663899 ], [ 72.215079944625401, 40.495376061662398 ], [ 72.191962944603802, 40.499526061666202 ], [ 72.185629944597906, 40.498573061665397 ], [ 72.1835089445959, 40.498256061665103 ], [ 72.172652944585806, 40.475406061643803 ], [ 72.166090944579693, 40.467292061636201 ], [ 72.153456944568006, 40.458030061627603 ], [ 72.152487944567, 40.457317061627002 ], [ 72.142500944557696, 40.453380061623299 ], [ 72.134474944550306, 40.452243061622198 ], [ 72.1217419445384, 40.4555510616253 ], [ 72.102415944520402, 40.4653010616343 ], [ 72.092474944511096, 40.448101061618303 ], [ 72.098463944516695, 40.4354620616066 ], [ 72.101790944519905, 40.421546061593702 ], [ 72.102209944520197, 40.419792061591998 ], [ 72.099188944517493, 40.414218061586901 ], [ 72.085402944504494, 40.402397061575797 ], [ 72.083762944502993, 40.392978061567 ], [ 72.077506944497202, 40.386398061560897 ], [ 72.070769944491005, 40.3834640615582 ], [ 72.047934944469603, 40.379615061554603 ], [ 72.043875944465896, 40.376983061552103 ], [ 72.038023944460505, 40.368354061544103 ], [ 72.025404944448695, 40.357475061533997 ], [ 72.014357944438402, 40.351211061528197 ], [ 71.997061944422299, 40.332420061510597 ], [ 71.971419944398406, 40.323898061502703 ], [ 71.960059944387893, 40.317413061496701 ], [ 71.951216944379595, 40.309654061489397 ], [ 71.948592944377097, 40.305328061485397 ], [ 71.9492489443777, 40.301624061482002 ], [ 71.953284944381593, 40.297019061477599 ], [ 71.974310944401097, 40.293167061474101 ], [ 71.989912944415593, 40.283969061465498 ], [ 71.995558944420907, 40.278415061460301 ], [ 71.994170944419594, 40.270374061452898 ], [ 71.969962944397096, 40.253204061436897 ], [ 71.960112944387902, 40.2353130614202 ], [ 71.953810944381999, 40.230094061415301 ], [ 71.939475944368695, 40.224643061410198 ], [ 71.926039944356205, 40.224929061410499 ], [ 71.918440944349101, 40.227676061413099 ], [ 71.898718944330696, 40.2401190614247 ], [ 71.891165944323703, 40.241950061426401 ], [ 71.872557944306294, 40.244132061428402 ], [ 71.862524944296894, 40.247714061431701 ], [ 71.855055944290001, 40.247947061432001 ], [ 71.8498149442852, 40.245498061429601 ], [ 71.844656944280402, 40.241455061426002 ], [ 71.841780944277701, 40.233592061418598 ], [ 71.842909944278702, 40.229057061414402 ], [ 71.858794944293606, 40.2103340613969 ], [ 71.860518944295094, 40.205814061392701 ], [ 71.859251944293902, 40.201431061388597 ], [ 71.851775944286899, 40.1961740613838 ], [ 71.842986944278806, 40.193161061380899 ], [ 71.831335944267906, 40.193721061381403 ], [ 71.818335944255907, 40.185775061374002 ], [ 71.777579944217905, 40.167366061356901 ], [ 71.761351944202801, 40.1643440613541 ], [ 71.749052944191305, 40.160301061350303 ], [ 71.729079944172696, 40.149383061340203 ], [ 71.7213819441656, 40.148452061339199 ], [ 71.716193944160807, 40.150802061341501 ], [ 71.706191944151399, 40.164890061354598 ], [ 71.696799944142697, 40.173278061362403 ], [ 71.691664944137898, 40.174488061363498 ], [ 71.683852944130606, 40.181098061369802 ], [ 71.682715944129598, 40.183193061371703 ], [ 71.6805409441275, 40.187164061375299 ], [ 71.684195944130906, 40.218608061404701 ], [ 71.680190944127204, 40.231971061417099 ], [ 71.665343944113403, 40.2470430614311 ], [ 71.654265944103003, 40.253089061436803 ], [ 71.6374809440874, 40.254375061437898 ], [ 71.611037944062701, 40.252372061436098 ], [ 71.608687944060605, 40.2463490614305 ], [ 71.608519944060504, 40.238571061423201 ], [ 71.613730944065296, 40.214729061401101 ], [ 71.609229944061099, 40.199035061386397 ], [ 71.610945944062706, 40.189716061377801 ], [ 71.608443944060298, 40.186431061374599 ], [ 71.602156944054499, 40.186912061375097 ], [ 71.584570944038106, 40.202796061389897 ], [ 71.562804944017799, 40.202766061389902 ], [ 71.551054944006907, 40.199630061386998 ], [ 71.5450129440013, 40.201030061388302 ], [ 71.531126943988298, 40.209259061395997 ], [ 71.492796943952698, 40.222377061408103 ], [ 71.488104943948301, 40.231365061416497 ], [ 71.492186943952106, 40.253684061437298 ], [ 71.490721943950703, 40.258438061441701 ], [ 71.486906943947204, 40.262424061445401 ], [ 71.458823943921004, 40.262844061445797 ], [ 71.445532943908603, 40.265594061448397 ], [ 71.438666943902206, 40.265586061448403 ], [ 71.425604943890093, 40.269485061452002 ], [ 71.411986943877395, 40.277706061459703 ], [ 71.405829943871694, 40.283039061464699 ], [ 71.388380943855395, 40.2981560614787 ], [ 71.3794469438471, 40.3026500614829 ], [ 71.368857943837298, 40.305027061485099 ], [ 71.358015943827098, 40.3014450614818 ], [ 71.344634943814697, 40.300518061480901 ], [ 71.341040943811294, 40.305652061485702 ], [ 71.343039943813196, 40.312129061491802 ], [ 71.336218943806799, 40.3162340614955 ], [ 71.328520943799603, 40.315048061494501 ], [ 71.303099943776004, 40.305686061485702 ], [ 71.286772943760795, 40.3039620614841 ], [ 71.280997943755395, 40.305583061485599 ], [ 71.277739943752394, 40.3100430614898 ], [ 71.277319943752005, 40.3267250615053 ], [ 71.274870943749704, 40.327102061505698 ], [ 71.271285943746406, 40.327651061506202 ], [ 71.254431943730694, 40.324760061503497 ], [ 71.243964943720897, 40.324844061503597 ], [ 71.222105943700598, 40.3304550615088 ], [ 71.200491943680404, 40.3319580615102 ], [ 71.182677943663904, 40.330165061508602 ], [ 71.152678943635905, 40.322429061501303 ], [ 71.131438943616104, 40.322788061501697 ], [ 71.118208943603804, 40.319320061498402 ], [ 71.080450943568593, 40.297779061478401 ], [ 71.063040943552394, 40.289806061470998 ], [ 71.043364943534101, 40.287891061469203 ], [ 71.032172943523705, 40.286804061468203 ], [ 71.0206979435129, 40.284080061465602 ], [ 70.975989943471305, 40.269096061451698 ], [ 70.966147943462204, 40.264369061447297 ], [ 70.963156943459396, 40.259910061443101 ], [ 70.969832943465605, 40.2446130614289 ], [ 70.970274943466094, 40.237995061422701 ], [ 70.967612943463493, 40.228511061413897 ], [ 70.916060943415502, 40.227424061412897 ], [ 70.897650943398304, 40.2260130614115 ], [ 70.873770943376101, 40.221641061407503 ], [ 70.868010943370805, 40.223014061408698 ], [ 70.831236943336606, 40.202106061389202 ], [ 70.777892943286801, 40.183948061372298 ], [ 70.770445943279896, 40.183876061372303 ], [ 70.743681943254998, 40.178440061367297 ], [ 70.713400943226802, 40.176517061365402 ], [ 70.709662943223293, 40.174530061363598 ], [ 70.686316943201604, 40.171878061361099 ], [ 70.685477943200794, 40.171783061361097 ], [ 70.678000943193794, 40.170936061360301 ], [ 70.645621943163704, 40.165016061354699 ], [ 70.636572943155301, 40.166469061356104 ], [ 70.627623943146901, 40.170669061360002 ], [ 70.618109943137995, 40.182857061371301 ], [ 70.609518943130098, 40.198738061386102 ], [ 70.602118943123202, 40.206207061393101 ], [ 70.595107943116702, 40.2207830614066 ], [ 70.579718943102307, 40.227226061412601 ], [ 70.568152943091505, 40.242755061427097 ], [ 70.570998943094196, 40.244705061429002 ], [ 70.572462943095502, 40.265819061448603 ], [ 70.580542943103097, 40.2821760614639 ], [ 70.576559943099397, 40.295967061476702 ], [ 70.568587943091899, 40.311191061490902 ], [ 70.571715943094802, 40.325740061504398 ], [ 70.566573943090106, 40.334903061512897 ], [ 70.550528943075093, 40.345893061523199 ], [ 70.487631943016495, 40.3674620615433 ], [ 70.452307942983595, 40.372947061548402 ], [ 70.446310942978101, 40.375972061551202 ], [ 70.430777942963502, 40.379646061554702 ], [ 70.423903942957196, 40.379577061554599 ], [ 70.404379942938903, 40.372543061548001 ], [ 70.395064942930404, 40.373050061548497 ], [ 70.385230942921098, 40.376506061551702 ], [ 70.377890942914306, 40.382595061557403 ], [ 70.368124942905297, 40.400932061574402 ], [ 70.361746942899302, 40.4061430615793 ], [ 70.355635942893599, 40.407703061580698 ], [ 70.352469942890593, 40.419990061592202 ], [ 70.344824942883506, 40.429504061601101 ], [ 70.338767942877894, 40.439208061610103 ], [ 70.332678942872306, 40.449245061619401 ], [ 70.331503942871095, 40.459266061628803 ], [ 70.334204942873598, 40.462589061631903 ], [ 70.351798942889999, 40.466186061635199 ], [ 70.373343942910097, 40.479541061647602 ], [ 70.399275942934295, 40.483188061650999 ], [ 70.413779942947698, 40.488346061655797 ], [ 70.422949942956294, 40.492675061659902 ], [ 70.456374942987495, 40.500629061667297 ], [ 70.467329942997594, 40.504600061670999 ], [ 70.484648943013795, 40.504520061670902 ], [ 70.494826943023199, 40.5113830616773 ], [ 70.497321943025597, 40.524707061689703 ], [ 70.506873943034506, 40.531993061696497 ], [ 70.509848943037198, 40.546710061710201 ], [ 70.514090943041197, 40.553287061716397 ], [ 70.5227579430492, 40.556888061719697 ], [ 70.535544943061097, 40.558242061721003 ], [ 70.552237943076705, 40.557098061719898 ], [ 70.562506943086206, 40.563045061725397 ], [ 70.578017943100605, 40.563323061725697 ], [ 70.586295943108397, 40.565727061727898 ], [ 70.587355943109301, 40.566036061728198 ], [ 70.606207943126904, 40.584224061745097 ], [ 70.630324943149404, 40.6209180617793 ], [ 70.638037943156604, 40.627147061785102 ], [ 70.652152943169796, 40.630077061787802 ], [ 70.657584943174797, 40.634567061792097 ], [ 70.666739943183302, 40.642139061799 ], [ 70.677885943193701, 40.644927061801702 ], [ 70.681097943196704, 40.649631061806097 ], [ 70.689963943205001, 40.650947061807301 ], [ 70.698889943213302, 40.6590990618148 ], [ 70.719801943232696, 40.662696061818203 ], [ 70.728484943240801, 40.658088061813899 ], [ 70.735503943247394, 40.657585061813499 ], [ 70.736433943248201, 40.668556061823701 ], [ 70.733466943245503, 40.683990061838102 ], [ 70.732489943244502, 40.684799061838902 ], [ 70.739241943250804, 40.688587061842298 ], [ 70.745367943256497, 40.684444061838398 ], [ 70.759673943269803, 40.6850920618391 ], [ 70.769110943278704, 40.694625061848001 ], [ 70.775305943284394, 40.710494061862697 ], [ 70.775595943284699, 40.711238061863398 ], [ 70.7882299432965, 40.719814061871503 ], [ 70.789671943297805, 40.725135061876301 ], [ 70.784666943293203, 40.732257061882997 ], [ 70.778929943287807, 40.736835061887298 ], [ 70.763617943273601, 40.745857061895698 ], [ 70.762930943272906, 40.746261061896099 ], [ 70.753638943264207, 40.750007061899602 ], [ 70.683035943198504, 40.752632061901899 ], [ 70.659110943176202, 40.758972061907897 ], [ 70.654707943172099, 40.761539061910298 ], [ 70.651137943168806, 40.769401061917598 ], [ 70.651144943168902, 40.7735210619215 ], [ 70.658095943175297, 40.790061061936797 ], [ 70.662306943179203, 40.806945061952497 ], [ 70.665671943182403, 40.810516061955902 ], [ 70.673590943189694, 40.809242061954698 ], [ 70.687918943203002, 40.781444061928802 ], [ 70.700247943214507, 40.777370061924998 ], [ 70.708258943222006, 40.779067061926597 ], [ 70.712439943225903, 40.783817061931003 ], [ 70.709868943223498, 40.791961061938601 ], [ 70.691550943206494, 40.8108900619563 ], [ 70.684233943199601, 40.829132061973198 ], [ 70.673819943189898, 40.848392061991198 ], [ 70.665488943182197, 40.8553770619977 ], [ 70.645430943163504, 40.865997062007501 ], [ 70.634535943153395, 40.887523062027597 ], [ 70.591498943113194, 40.936103062072803 ], [ 70.566374943089897, 40.961837062096798 ], [ 70.5526499430771, 40.972023062106302 ], [ 70.551863943076398, 40.974506062108603 ], [ 70.5345609430602, 40.992095062125003 ], [ 70.516592943043506, 41.002098062134301 ], [ 70.483778943012894, 41.0329850621631 ], [ 70.477171943006795, 41.036369062166202 ], [ 70.4642099429947, 41.039936062169502 ], [ 70.451819942983207, 41.041770062171302 ], [ 70.448615942980197, 41.042243062171799 ], [ 70.440527942972693, 41.041210062170798 ], [ 70.425925942959097, 41.0357320621657 ], [ 70.420531942954, 41.033706062163702 ], [ 70.412733942946801, 41.028789062159198 ], [ 70.408575942942804, 41.023799062154502 ], [ 70.404547942939104, 41.013092062144601 ], [ 70.411894942945906, 40.991886062124898 ], [ 70.408659942942904, 40.986705062120002 ], [ 70.395338942930593, 40.975135062109203 ], [ 70.389037942924702, 40.966621062101297 ], [ 70.388464942924202, 40.954231062089697 ], [ 70.379584942915898, 40.943996062080203 ], [ 70.373785942910501, 40.940765062077297 ], [ 70.370459942907402, 40.928943062066203 ], [ 70.376753942913297, 40.913646062051903 ], [ 70.376608942913094, 40.907688062046397 ], [ 70.371161942908003, 40.899604062038797 ], [ 70.365492942902804, 40.891174062030998 ], [ 70.357489942895299, 40.885326062025598 ], [ 70.342703942881499, 40.8814690620219 ], [ 70.331168942870804, 40.882335062022698 ], [ 70.316794942857399, 40.881015062021497 ], [ 70.302290942843896, 40.8735000620145 ], [ 70.296652942838605, 40.872333062013404 ], [ 70.287451942830003, 40.866428062007898 ], [ 70.281249942824303, 40.864780062006403 ], [ 70.271086942814804, 40.8519590619944 ], [ 70.265662942809797, 40.848052061990799 ], [ 70.246558942792007, 40.841701061984899 ], [ 70.214903942762604, 40.826305061970601 ], [ 70.190253942739503, 40.829307061973402 ], [ 70.175635942726004, 40.835052061978701 ], [ 70.168013942718801, 40.836078061979798 ], [ 70.1551889427069, 40.834346061978003 ], [ 70.1486049427008, 40.829921061973899 ], [ 70.144499942696996, 40.824695061969102 ], [ 70.138403942691298, 40.810447061955898 ], [ 70.131743942685006, 40.803272061949102 ], [ 70.111678942666401, 40.7884250619353 ], [ 70.080275942637201, 40.765163061913597 ], [ 70.0494069426084, 40.755935061904999 ], [ 70.026518942587103, 40.741123061891201 ], [ 70.014693942576002, 40.738502061888802 ], [ 70.008635942570507, 40.735240061885797 ], [ 69.964781942529598, 40.730411061881298 ], [ 69.948294942514195, 40.722297061873803 ], [ 69.922736942490403, 40.703895061856599 ], [ 69.918204942486298, 40.704135061856903 ], [ 69.883749942454202, 40.720336061871897 ], [ 69.874442942445398, 40.720111061871698 ], [ 69.864737942436406, 40.717353061869098 ], [ 69.850363942423002, 40.709323061861703 ], [ 69.830100942404101, 40.692760061846201 ], [ 69.823523942397998, 40.692211061845803 ], [ 69.803099942379006, 40.696643061849798 ], [ 69.792563942369199, 40.698932061851998 ], [ 69.784216942361397, 40.698062061851097 ], [ 69.777220942354901, 40.6954260618487 ], [ 69.767561942345907, 40.6887660618425 ], [ 69.748808942328395, 40.654853061810897 ], [ 69.737242942317593, 40.638935061796097 ], [ 69.717040942298794, 40.629222061787097 ], [ 69.701094942284001, 40.629341061787102 ], [ 69.682021942266303, 40.627464061785403 ], [ 69.673186942257999, 40.628852061786603 ], [ 69.667677942252894, 40.629947061787703 ], [ 69.661078942246704, 40.636714061794002 ], [ 69.659323942245095, 40.643039061799897 ], [ 69.650183942236595, 40.658153061813998 ], [ 69.641463942228398, 40.661605061817198 ], [ 69.626570942214599, 40.663368061818801 ], [ 69.618903942207496, 40.668476061823597 ], [ 69.610854942200007, 40.677913061832399 ], [ 69.583670942174706, 40.692790061846203 ], [ 69.571692942163494, 40.705692061858201 ], [ 69.5663369421585, 40.725345061876503 ], [ 69.547873942141294, 40.753490061902802 ], [ 69.543547942137295, 40.758079061906997 ], [ 69.5317149421263, 40.765716061914198 ], [ 69.522513942117698, 40.767532061915801 ], [ 69.505576942101897, 40.768257061916501 ], [ 69.450896942051003, 40.7798380619273 ], [ 69.436537942037603, 40.785274061932398 ], [ 69.408019942011094, 40.784000061931202 ], [ 69.400969942004494, 40.782024061929398 ], [ 69.386877941991301, 40.764781061913297 ], [ 69.371413941976996, 40.749473061899003 ], [ 69.361197941967404, 40.739360061889599 ], [ 69.356726941963302, 40.729042061880001 ], [ 69.356909941963494, 40.723781061875101 ], [ 69.349669941956705, 40.717437061869198 ], [ 69.348685941955793, 40.713443061865497 ], [ 69.348349941955505, 40.712097061864299 ], [ 69.346442941953697, 40.688129061841899 ], [ 69.343749941951202, 40.654342061810397 ], [ 69.351180941958205, 40.6357260617931 ], [ 69.363379941969498, 40.615524061774302 ], [ 69.357756941964297, 40.5946270617548 ], [ 69.347395941954602, 40.590847061751298 ], [ 69.338721941946503, 40.578472061739802 ], [ 69.339293941947005, 40.575523061737002 ], [ 69.333693941941902, 40.571098061732897 ], [ 69.3272009419358, 40.569835061731702 ], [ 69.308310941918194, 40.572711061734502 ], [ 69.269026941881606, 40.568756061730802 ], [ 69.2525859418663, 40.561447061724003 ], [ 69.235213941850105, 40.551338061714503 ], [ 69.231368941846497, 40.547462061710903 ], [ 69.2293009418445, 40.540706061704597 ], [ 69.230711941845897, 40.535282061699597 ], [ 69.259680941872901, 40.504787061671102 ], [ 69.273932941886201, 40.495353061662399 ], [ 69.273077941885404, 40.482730061650599 ], [ 69.265570941878394, 40.4760360616444 ], [ 69.265334941878194, 40.462272061631502 ], [ 69.274352941886605, 40.454059061623902 ], [ 69.280615941892407, 40.4406810616115 ], [ 69.283751941895304, 40.425868061597697 ], [ 69.287627941899004, 40.419849061592103 ], [ 69.297766941908307, 40.416698061589102 ], [ 69.292639941903602, 40.402648061576002 ], [ 69.301390941911805, 40.396915061570702 ], [ 69.307646941917596, 40.383537061558201 ], [ 69.307394941917394, 40.369773061545402 ], [ 69.3163979419258, 40.361557061537802 ], [ 69.339011941946794, 40.347892061525101 ], [ 69.339377941947106, 40.327919061506499 ], [ 69.332129941940394, 40.318744061497902 ], [ 69.331999941940296, 40.303741061483997 ], [ 69.307654941917605, 40.286060061467502 ], [ 69.289801941901004, 40.285003061466497 ], [ 69.270079941882599, 40.286334061467699 ], [ 69.259962941873098, 40.2894820614707 ], [ 69.251852941865707, 40.288997061470198 ], [ 69.247992941861995, 40.278770061460698 ], [ 69.255492941868994, 40.269218061451802 ], [ 69.250388941864301, 40.255168061438603 ], [ 69.259253941872601, 40.248199061432203 ], [ 69.289069941900294, 40.243724061428097 ], [ 69.2979269419085, 40.236751061421501 ], [ 69.308409941918299, 40.213630061400004 ], [ 69.316138941925502, 40.201591061388797 ], [ 69.305685941915797, 40.194881061382503 ], [ 69.293570941904406, 40.199005061386401 ], [ 69.281538941893302, 40.205162061392102 ], [ 69.239088941853694, 40.205757061392603 ], [ 69.210844941827403, 40.210937061397502 ], [ 69.1941449418118, 40.206809061393599 ], [ 69.170645941789999, 40.2053900613924 ], [ 69.148009941768905, 40.211521061398102 ], [ 69.134367941756295, 40.210689061397296 ], [ 69.134230941756002, 40.210681061397302 ], [ 69.108725941732303, 40.212879061399299 ], [ 69.085913941711098, 40.212734061399203 ], [ 69.054961941682194, 40.220211061406097 ], [ 69.026923941656193, 40.220371061406297 ], [ 68.999464941630606, 40.220531061406398 ], [ 68.979399941611803, 40.218940061405 ], [ 68.926680941562694, 40.214740061401002 ], [ 68.884276941523297, 40.207073061393899 ], [ 68.875967941515597, 40.200923061388202 ], [ 68.854895941495997, 40.192089061379903 ], [ 68.826956941469902, 40.1865650613748 ], [ 68.811240941455196, 40.1886860613767 ], [ 68.775320941421796, 40.197723061385197 ], [ 68.754157941402099, 40.190322061378303 ], [ 68.660338941314706, 40.167072061356698 ], [ 68.638625941294507, 40.162078061351899 ], [ 68.621725941278797, 40.158195061348401 ], [ 68.602797941261102, 40.1569510613472 ], [ 68.6009899412594, 40.154605061345002 ], [ 68.588934941248198, 40.1519120613425 ], [ 68.538321941201104, 40.140609061332 ], [ 68.533202941196294, 40.130561061322602 ], [ 68.540297941202894, 40.125408061317799 ], [ 68.551787941213604, 40.117416061310401 ], [ 68.571379941231896, 40.1085430613021 ], [ 68.608405941266398, 40.0917770612865 ], [ 68.635222941291303, 40.092288061287 ], [ 68.681631941334501, 40.099697061293902 ], [ 68.709914941360907, 40.109035061302599 ], [ 68.771979941418607, 40.122417061315097 ], [ 68.798674941443593, 40.1316290613237 ], [ 68.847540941489001, 40.141334061332699 ], [ 68.872855941512697, 40.146350061337301 ], [ 68.909140941546397, 40.149890061340599 ], [ 68.977385941609995, 40.151664061342302 ], [ 68.985129941617203, 40.1477690613386 ], [ 68.995627941627006, 40.140926061332202 ], [ 69.004385941635107, 40.119598061312502 ], [ 69.013113941643297, 40.090766061285599 ], [ 69.014220941644396, 40.080215061275801 ], [ 69.007239941637806, 40.069156061265403 ], [ 68.991072941622804, 40.068153061264503 ], [ 68.957892941591794, 40.074207061270201 ], [ 68.938353941573695, 40.074234061270197 ], [ 68.922125941558505, 40.073837061269799 ], [ 68.889380941528003, 40.068023061264398 ], [ 68.874686941514298, 40.060844061257697 ], [ 68.864104941504607, 40.0532980612507 ], [ 68.8632879415037, 40.045749061243697 ], [ 68.859442941500106, 40.036128061234699 ], [ 68.856406941497298, 40.034061061232798 ], [ 68.846182941487797, 40.038410061236704 ], [ 68.839804941481901, 40.059879061256801 ], [ 68.823988941467107, 40.078247061273998 ], [ 68.809981941454097, 40.079849061275397 ], [ 68.797316941442304, 40.076541061272302 ], [ 68.792128941437397, 40.071830061267903 ], [ 68.791457941436903, 40.063037061259699 ], [ 68.798994941443794, 40.053524061250798 ], [ 68.812125941456003, 40.044986061242902 ], [ 68.819388941462904, 40.037952061236403 ], [ 68.820532941463895, 40.027400061226601 ], [ 68.811568941455505, 40.0049550612056 ], [ 68.812376941456293, 40.000000061201099 ], [ 68.844664941486499, 39.976772061179403 ], [ 68.883139941522302, 39.939506061144698 ], [ 68.901190941538999, 39.922809061129101 ], [ 68.912939941549993, 39.904338061112 ], [ 68.913710941550704, 39.891860061100303 ], [ 68.909537941546802, 39.880455061089698 ], [ 68.894141941532496, 39.868343061078399 ], [ 68.876669941516198, 39.866817061077001 ], [ 68.863165941503595, 39.871910061081699 ], [ 68.850066941491505, 39.887531061096297 ], [ 68.848677941490095, 39.917270061124 ], [ 68.838301941480495, 39.939540061144797 ], [ 68.819518941463002, 39.970615061173703 ], [ 68.803854941448407, 39.985328061187403 ], [ 68.7951729414402, 39.986476061188498 ], [ 68.7850719414308, 39.9828600611851 ], [ 68.782340941428302, 39.976211061178901 ], [ 68.784163941429995, 39.957965061161801 ], [ 68.806624941451005, 39.924900061131098 ], [ 68.824118941467304, 39.892894061101302 ], [ 68.824942941467995, 39.881378061090601 ], [ 68.816985941460601, 39.868133061078197 ], [ 68.809348941453493, 39.863506061073899 ], [ 68.789320941434895, 39.860107061070799 ], [ 68.782858941428799, 39.853538061064597 ], [ 68.779746941425998, 39.836353061048598 ], [ 68.777014941423403, 39.829704061042399 ], [ 68.771910941418597, 39.825981061039002 ], [ 68.761900941409394, 39.824279061037402 ], [ 68.749709941397896, 39.831249061043899 ], [ 68.743010941391802, 39.852474061063603 ], [ 68.726118941376001, 39.867206061077397 ], [ 68.718382941368802, 39.868869061078897 ], [ 68.716238941366797, 39.869331061079301 ], [ 68.699736941351404, 39.860095061070801 ], [ 68.684416941337105, 39.848915061060303 ], [ 68.673392941326895, 39.853931061064998 ], [ 68.661025941315401, 39.856105061066998 ], [ 68.6574929413121, 39.856178061067197 ], [ 68.647353941302597, 39.856384061067303 ], [ 68.645911941301307, 39.850666061062 ], [ 68.645445941300807, 39.837257061049399 ], [ 68.648550941303796, 39.818984061032403 ], [ 68.651946941306903, 39.809333061023501 ], [ 68.647757941302999, 39.796001061011097 ], [ 68.644972941300395, 39.787429061003003 ], [ 68.634543941290701, 39.7732650609899 ], [ 68.629050941285598, 39.758045060975697 ], [ 68.622519941279506, 39.748592060966899 ], [ 68.6087029412666, 39.744079060962598 ], [ 68.595015941253905, 39.743396060962098 ], [ 68.589850941248997, 39.737751060956803 ], [ 68.586035941245498, 39.734951060954202 ], [ 68.591879941250895, 39.7242920609443 ], [ 68.632567941288798, 39.679374060902397 ], [ 68.626624941283296, 39.650737060875798 ], [ 68.607474941265494, 39.634830060860999 ], [ 68.575491941235697, 39.6057580608338 ], [ 68.557761941219198, 39.594608060823496 ], [ 68.543944941206306, 39.589126060818401 ], [ 68.541060941203597, 39.576721060806797 ], [ 68.539374941201999, 39.563335060794401 ], [ 68.532622941195697, 39.546211060778397 ], [ 68.523764941187594, 39.540630060773204 ], [ 68.514876941179196, 39.5340950607671 ], [ 68.491545941157497, 39.540298060772898 ], [ 68.466628941134303, 39.535987060768903 ], [ 68.402457941074601, 39.543907060776299 ], [ 68.377402941051201, 39.5347860607678 ], [ 68.362402941037203, 39.530269060763501 ], [ 68.353789941029206, 39.532341060765503 ], [ 68.348929941024707, 39.535305060768302 ], [ 68.336836941013502, 39.545112060777399 ], [ 68.325812941003093, 39.549144060781202 ], [ 68.317114940995097, 39.550655060782603 ], [ 68.294997940974497, 39.554492060786203 ], [ 68.256689940938799, 39.558040060789502 ], [ 68.229361940913293, 39.555641060787202 ], [ 68.209410940894799, 39.551189060783003 ], [ 68.193366940879798, 39.553379060785097 ], [ 68.183623940870703, 39.559295060790603 ], [ 68.171347940859405, 39.563335060794401 ], [ 68.155188940844198, 39.561691060792803 ], [ 68.1403569408305, 39.562892060793999 ], [ 68.106940940799305, 39.564399060795402 ], [ 68.0860899407799, 39.572406060802798 ], [ 68.070059940765006, 39.575538060805698 ], [ 68.045233940741795, 39.574016060804297 ], [ 68.034140940731504, 39.576107060806201 ], [ 68.023161940721295, 39.582988060812703 ], [ 68.009734940708796, 39.590866060819998 ], [ 67.990057940690406, 39.596920060825703 ], [ 67.960341940662801, 39.598331060826901 ], [ 67.940466940644299, 39.596714060825398 ], [ 67.899901940606497, 39.610733060838498 ], [ 67.888915940596306, 39.617599060844903 ], [ 67.879179940587207, 39.625408060852202 ], [ 67.8605879405699, 39.625679060852399 ], [ 67.849455940559494, 39.626792060853496 ], [ 67.827406940538907, 39.638607060864402 ], [ 67.806601940519599, 39.650398060875503 ], [ 67.796767940510406, 39.654369060879098 ], [ 67.781729940496504, 39.647865060873102 ], [ 67.760519940476797, 39.642402060868001 ], [ 67.755560940472094, 39.642471060867997 ], [ 67.735854940453706, 39.648483060873701 ], [ 67.713698940433105, 39.6564440608811 ], [ 67.705016940424997, 39.656558060881203 ], [ 67.697470940418, 39.651863060876799 ], [ 67.686041940407307, 39.639553060865303 ], [ 67.673560940395703, 39.635879060861903 ], [ 67.6623379403852, 39.633148060859398 ], [ 67.648543940372406, 39.6256560608524 ], [ 67.628165940353398, 39.600032060828497 ], [ 67.615714940341803, 39.597312060825999 ], [ 67.584715940312904, 39.5967330608254 ], [ 67.530943940262901, 39.581409060811197 ], [ 67.513670940246797, 39.576488060806703 ], [ 67.498709940232899, 39.571865060802303 ], [ 67.496016940230405, 39.560398060791599 ], [ 67.499381940233505, 39.542144060774604 ], [ 67.500136940234199, 39.536087060768999 ], [ 67.5004569402345, 39.5335080607666 ], [ 67.491621940226295, 39.524982060758603 ], [ 67.485434940220401, 39.525051060758599 ], [ 67.458304940195205, 39.531108060764403 ], [ 67.443495940181407, 39.534145060767202 ], [ 67.433554940172201, 39.532337060765499 ], [ 67.425879940165004, 39.519004060753097 ], [ 67.425711940164902, 39.5097650607444 ], [ 67.425482940164699, 39.4969590607326 ], [ 67.437598940176002, 39.482452060718998 ], [ 67.480780940216107, 39.4100720606517 ], [ 67.498595940232804, 39.371524060615798 ], [ 67.508963940242396, 39.354808060600099 ], [ 67.518965940251803, 39.338691060585198 ], [ 67.523650940256104, 39.325214060572598 ], [ 67.519797940252602, 39.317588060565498 ], [ 67.508704940242197, 39.318675060566498 ], [ 67.493918940228397, 39.320762060568399 ], [ 67.485312940220396, 39.322780060570302 ], [ 67.4642559402008, 39.319183060566999 ], [ 67.430739940169602, 39.3099670605584 ], [ 67.415839940155706, 39.3053350605541 ], [ 67.392279940133804, 39.299835060548901 ], [ 67.387259940128999, 39.295093060544502 ], [ 67.387129940128901, 39.287425060537402 ], [ 67.393301940134805, 39.270854060521899 ], [ 67.395377940136598, 39.265285060516803 ], [ 67.425490940164707, 39.224689060478902 ], [ 67.441298940179394, 39.212051060467203 ], [ 67.462096940198805, 39.203189060459003 ], [ 67.500204940234198, 39.1970020604533 ], [ 67.513632940246794, 39.1901350604467 ], [ 67.532027940263902, 39.185127060442198 ], [ 67.549284940279904, 39.184921060441901 ], [ 67.571547940300704, 39.188491060445301 ], [ 67.594908940322398, 39.185329060442299 ], [ 67.616934940343, 39.177383060434899 ], [ 67.631148940356198, 39.149398060408899 ], [ 67.643385940367594, 39.145408060405103 ], [ 67.677855940399695, 39.144008060403898 ], [ 67.683913940405304, 39.139133060399303 ], [ 67.683707940405199, 39.129547060390401 ], [ 67.676131940398093, 39.121013060382403 ], [ 67.674429940396493, 39.098979060361899 ], [ 67.673872940395896, 39.095104060358203 ], [ 67.671538940393901, 39.078876060343198 ], [ 67.674788940396894, 39.071529060336303 ], [ 67.680930940402604, 39.057655060323498 ], [ 67.683882940405397, 39.023086060291298 ], [ 67.688681940409793, 39.017272060285798 ], [ 67.700705940421003, 39.004646060274098 ], [ 67.703597940423705, 39.0036620602732 ], [ 67.715361940434704, 38.999656060269302 ], [ 67.7252339404439, 39.001441060271098 ], [ 67.731444940449606, 39.0042380602737 ], [ 67.735159940453102, 39.005146060274498 ], [ 67.748595940465705, 39.001129060270799 ], [ 67.753554940470295, 39.002979060272501 ], [ 67.759787940476002, 39.006732060276001 ], [ 67.771010940486505, 39.013290060282102 ], [ 67.815367940527807, 39.016513060285099 ], [ 67.844557940555006, 39.002670060272202 ], [ 67.8641889405733, 39.000469060270198 ], [ 67.876479940584701, 39.000293060270003 ], [ 67.886549940593994, 39.0097350602788 ], [ 67.899168940605804, 39.0229790602911 ], [ 67.928687940633296, 39.022541060290798 ], [ 67.9434889406471, 39.024238060292298 ], [ 67.965865940667996, 39.033489060300901 ], [ 67.975707940677097, 39.033340060300802 ], [ 67.987715940688304, 39.021644060289901 ], [ 67.999815940699605, 39.013782060282502 ], [ 68.021849940720102, 39.009601060278598 ], [ 68.036803940734103, 39.017040060285602 ], [ 68.061652940757099, 39.0262370602941 ], [ 68.088652940782296, 39.023880060292001 ], [ 68.115347940807098, 39.010017060278997 ], [ 68.134177940824699, 38.979007060250197 ], [ 68.1410819408311, 38.961627060234001 ], [ 68.145941940835698, 38.959629060232103 ], [ 68.184561940871603, 38.934032060208303 ], [ 68.199088940885204, 38.926113060200898 ], [ 68.200476940886404, 38.917125060192497 ], [ 68.201163940887099, 38.912647060188299 ], [ 68.198111940884203, 38.891590060168802 ], [ 68.190642940877296, 38.887882060165303 ], [ 68.194907940881194, 38.864784060143798 ], [ 68.196982940883203, 38.851318060131199 ], [ 68.1846079408717, 38.847690060127903 ], [ 68.169669940857702, 38.840270060121 ], [ 68.156973940845901, 38.825134060106897 ], [ 68.134741940825194, 38.819751060101801 ], [ 68.112563940804606, 38.816280060098599 ], [ 68.095343940788496, 38.814643060097097 ], [ 68.080573940774698, 38.8129650600955 ], [ 68.072958940767705, 38.803493060086701 ], [ 68.0800619407743, 38.793785060077703 ], [ 68.127699940818601, 38.741191060028697 ], [ 68.120039940811495, 38.729804060018097 ], [ 68.110182940802403, 38.7280500600165 ], [ 68.085631940779393, 38.726531060014999 ], [ 68.068182940763194, 38.715301060004499 ], [ 68.058127940753906, 38.705867059995803 ], [ 68.067267940762306, 38.6807740599724 ], [ 68.085989940779797, 38.647846059941699 ], [ 68.085783940779706, 38.640171059934602 ], [ 68.075743940770295, 38.630741059925803 ], [ 68.075491940769993, 38.6211470599169 ], [ 68.072745940767504, 38.609676059906199 ], [ 68.072134940767, 38.5866540598848 ], [ 68.068877940763898, 38.555999059856198 ], [ 68.068480940763493, 38.540653059842001 ], [ 68.094641940787795, 38.513355059816497 ], [ 68.120795940812201, 38.4860490597911 ], [ 68.142409940832394, 38.472251059778202 ], [ 68.139761940829899, 38.464618059771098 ], [ 68.134558940825002, 38.453189059760497 ], [ 68.126929940817902, 38.441799059749897 ], [ 68.1143639408063, 38.428573059737502 ], [ 68.113364940805297, 38.425365059734503 ], [ 68.109023940801293, 38.411384059721499 ], [ 68.118781940810294, 38.411224059721398 ], [ 68.131079940821806, 38.4148550597248 ], [ 68.150809940840205, 38.422203059731601 ], [ 68.160574940849202, 38.422039059731503 ], [ 68.196745940883005, 38.406063059716601 ], [ 68.2108989408962, 38.3885420597002 ], [ 68.227316940911393, 38.365215059678498 ], [ 68.231818940915701, 38.351699059665897 ], [ 68.231436940915302, 38.338268059653402 ], [ 68.233595940917297, 38.328632059644498 ], [ 68.238364940921699, 38.324707059640801 ], [ 68.267386940948697, 38.316513059633103 ], [ 68.298727940977997, 38.304431059621898 ], [ 68.320319940998004, 38.292518059610799 ], [ 68.3416129410178, 38.271011059590798 ], [ 68.362898941037699, 38.249496059570802 ], [ 68.363486941038303, 38.247856059569301 ], [ 68.363341941038101, 38.2429580595647 ], [ 68.379065941052801, 38.220394059543601 ], [ 68.402640941074793, 38.194988059519901 ], [ 68.402228941074299, 38.181552059507503 ], [ 68.394179941066895, 38.1567450594844 ], [ 68.372984941047093, 38.099540059431099 ], [ 68.369925941044201, 38.078472059411503 ], [ 68.362402941037203, 38.070934059404401 ], [ 68.3450619410211, 38.059734059394003 ], [ 68.320097940997897, 38.037151059373002 ], [ 68.284552940964801, 37.984031059323499 ], [ 68.286200940966296, 37.957115059298502 ], [ 68.2759469409568, 37.938095059280698 ], [ 68.277983940958606, 37.924617059268201 ], [ 68.272673940953695, 37.914142059258502 ], [ 68.270270940951406, 37.909393059254 ], [ 68.243277940926205, 37.898353059243803 ], [ 68.2163539409012, 37.889225059235201 ], [ 68.161818940850495, 37.881206059227701 ], [ 68.157935940846798, 37.880634059227297 ], [ 68.128752940819595, 37.877288059224099 ], [ 68.111128940803297, 37.852619059201103 ], [ 68.101714940794395, 37.836658059186298 ], [ 68.046957940743496, 37.7437850590998 ], [ 68.042715940739498, 37.736587059093097 ], [ 68.017798940716304, 37.708179059066602 ], [ 68.005515940704797, 37.700695059059598 ], [ 67.988348940688894, 37.691360059050901 ], [ 67.938750940642706, 37.640274059003403 ], [ 67.915991940621495, 37.598365058964298 ], [ 67.888434940595801, 37.556522058925403 ], [ 67.878554940586696, 37.547065058916601 ], [ 67.854025940563801, 37.530143058900798 ], [ 67.836310940547307, 37.483993058857898 ], [ 67.828368940539903, 37.463287058838603 ], [ 67.827361940539006, 37.419120058797503 ], [ 67.829779940541201, 37.389476058769802 ], [ 67.830023940541395, 37.386497058766999 ], [ 67.833006940544195, 37.349884058732997 ], [ 67.831252940542598, 37.3290130587135 ], [ 67.830565940541902, 37.320854058705898 ], [ 67.826399940538096, 37.271217058659701 ], [ 67.820769940532799, 37.234798058625699 ], [ 67.805396940518506, 37.192756058586703 ], [ 67.789824940504005, 37.184764058579198 ], [ 67.769957940485497, 37.2065010585994 ], [ 67.7521429404689, 37.217979058610098 ], [ 67.733153940451203, 37.2214500586133 ], [ 67.732176940450202, 37.2215990586134 ], [ 67.698134940418697, 37.226741058618202 ], [ 67.661208940384199, 37.236858058627703 ], [ 67.640311940364697, 37.245956058636096 ], [ 67.633337940358203, 37.248451058638501 ], [ 67.628264940353503, 37.246112058636299 ], [ 67.614119940340302, 37.241477058632 ], [ 67.595992940323498, 37.238502058629201 ], [ 67.589781940317707, 37.228954058620303 ], [ 67.579665940308303, 37.225067058616702 ], [ 67.566641940296094, 37.226032058617598 ], [ 67.558707940288798, 37.230945058622098 ], [ 67.551032940281601, 37.2494880586394 ], [ 67.539183940270505, 37.260059058649297 ], [ 67.5102989402437, 37.272438058660804 ], [ 67.496222940230595, 37.271804058660202 ], [ 67.484015940219194, 37.263122058652101 ], [ 67.460623940197394, 37.246551058636598 ], [ 67.440306940178502, 37.233146058624101 ], [ 67.419119940158694, 37.226966058618501 ], [ 67.399916940140798, 37.2191580586112 ], [ 67.386855940128697, 37.218498058610599 ], [ 67.353667940097793, 37.214042058606402 ], [ 67.330512940076204, 37.209472058602202 ], [ 67.321860940068206, 37.203109058596198 ], [ 67.312231940059206, 37.196025058589598 ], [ 67.299063940046906, 37.188140058582299 ], [ 67.278944940028197, 37.184329058578697 ], [ 67.2639609400143, 37.188491058582599 ], [ 67.240164939992098, 37.207172058600001 ], [ 67.224272939977297, 37.217754058609898 ], [ 67.218352939971794, 37.224227058615902 ], [ 67.210570939964597, 37.241146058631699 ], [ 67.203749939958101, 37.254848058644399 ], [ 67.192763939947895, 37.258960058648299 ], [ 67.172797939929396, 37.267166058655903 ], [ 67.148673939906899, 37.2649760586539 ], [ 67.123679939883601, 37.273220058661501 ], [ 67.1077879398688, 37.286190058673597 ], [ 67.100981939862507, 37.303092058689302 ], [ 67.100966939862502, 37.303241058689501 ], [ 67.099204939860797, 37.319953058705103 ], [ 67.098334939859996, 37.330387058714699 ], [ 67.083418939846098, 37.342544058726098 ], [ 67.062483939826606, 37.355552058738198 ], [ 67.036543939802499, 37.371002058752602 ], [ 66.986426939755802, 37.384223058764903 ], [ 66.971373939741696, 37.386745058767197 ], [ 66.949233939721097, 37.385303058765899 ], [ 66.937117939709907, 37.381381058762202 ], [ 66.913893939688194, 37.372722058754199 ], [ 66.875586939652607, 37.363361058745497 ], [ 66.853423939631895, 37.358695058741098 ], [ 66.831236939611301, 37.351619058734599 ], [ 66.819182939599997, 37.352497058735402 ], [ 66.793082939575697, 37.356666058739201 ], [ 66.762946939547703, 37.358448058740898 ], [ 66.735785939522401, 37.356998058739499 ], [ 66.728735939515801, 37.355430058738101 ], [ 66.714613939502598, 37.349090058732202 ], [ 66.697462939486599, 37.341964058725601 ], [ 66.683356939473498, 37.3372260587211 ], [ 66.663245939454796, 37.335723058719701 ], [ 66.646170939438903, 37.337409058721398 ], [ 66.636839939430203, 37.341529058725101 ], [ 66.635153939428605, 37.342273058725802 ], [ 66.628180939422094, 37.3511270587341 ], [ 66.615157939410096, 37.356803058739402 ], [ 66.594077939390402, 37.3609080587431 ], [ 66.568938939366902, 37.360214058742599 ], [ 66.5643839393626, 37.358913058741301 ], [ 66.546782939346301, 37.353889058736698 ], [ 66.525969939326899, 37.347595058730803 ], [ 66.521277939322502, 37.369419058751099 ], [ 66.517775939319307, 37.380821058761697 ], [ 66.521414939322696, 37.392192058772302 ], [ 66.530760939331401, 37.402976058782301 ], [ 66.549399939348703, 37.413722058792303 ], [ 66.573752939371403, 37.423873058801902 ], [ 66.614531939409403, 37.432235058809603 ], [ 66.639586939432704, 37.439521058816403 ], [ 66.646109939438801, 37.452018058828003 ], [ 66.646208939438793, 37.4651140588403 ], [ 66.637061939430396, 37.483947058857801 ], [ 66.545393939345004, 37.571460058939302 ], [ 66.538283939338399, 37.579460058946701 ], [ 66.5327219393332, 37.605102058970601 ], [ 66.538802939338893, 37.662010059023601 ], [ 66.541785939341693, 37.681354059041603 ], [ 66.544783939344498, 37.701839059060703 ], [ 66.5384969393386, 37.728054059085103 ], [ 66.538557939338702, 37.738300059094698 ], [ 66.539351939339497, 37.749683059105301 ], [ 66.548224939347705, 37.791774059144501 ], [ 66.553297939352404, 37.799724059151799 ], [ 66.564215939362498, 37.822448059173098 ], [ 66.580145939377402, 37.841735059191002 ], [ 66.596754939392795, 37.854759059203097 ], [ 66.610587939405804, 37.880882059227503 ], [ 66.624327939418507, 37.892204059237997 ], [ 66.669760939460801, 37.911911059256298 ], [ 66.679160939469597, 37.918693059262701 ], [ 66.684302939474406, 37.932899059275798 ], [ 66.683707939473805, 37.948272059290197 ], [ 66.676627939467195, 37.961967059302999 ], [ 66.657011939449006, 37.979385059319199 ], [ 66.643759939436706, 37.991157059330199 ], [ 66.630194939424001, 38.004882059342897 ], [ 66.620184939414699, 38.014034059351502 ], [ 66.601538939397301, 38.023792059360503 ], [ 66.5943599393906, 38.0266720593633 ], [ 66.588568939385198, 38.028224059364703 ], [ 66.581427939378599, 38.030139059366398 ], [ 66.565627939363907, 38.035900059371897 ], [ 66.551238939350398, 38.038234059373998 ], [ 66.496542939299502, 38.0418540593774 ], [ 66.480681939284693, 38.038497059374301 ], [ 66.439581939246494, 38.027816059364298 ], [ 66.427344939235098, 38.0267140593633 ], [ 66.416556939225103, 38.029022059365403 ], [ 66.400008939209599, 38.032485059368597 ], [ 66.379912939190902, 38.046768059382003 ], [ 66.373450939184906, 38.050769059385701 ], [ 66.356917939169506, 38.058776059393097 ], [ 66.346854939160096, 38.064491059398499 ], [ 66.336783939150706, 38.068500059402197 ], [ 66.325278939140105, 38.072509059406002 ], [ 66.313048939128606, 38.0787960594118 ], [ 66.301558939117996, 38.088493059420799 ], [ 66.287184939104606, 38.1021800594336 ], [ 66.273528939091804, 38.114158059444698 ], [ 66.258452939077799, 38.135807059464803 ], [ 66.245520939065798, 38.154041059481898 ], [ 66.235434939056304, 38.159175059486699 ], [ 66.218848939040896, 38.159767059487201 ], [ 66.194334939018006, 38.160934059488198 ], [ 66.143866938971101, 38.171794059498403 ], [ 66.118628938947595, 38.178638059504699 ], [ 66.104926938934796, 38.185474059511101 ], [ 66.099883938930105, 38.194580059519701 ], [ 66.094115938924702, 38.201980059526498 ], [ 66.084013938915305, 38.203689059528102 ], [ 66.075354938907296, 38.207103059531299 ], [ 66.068861938901193, 38.208812059532903 ], [ 66.0594779388924, 38.2105210595344 ], [ 66.050543938884203, 38.211063059535 ], [ 66.050101938883799, 38.211090059535003 ], [ 66.045042938879106, 38.213935059537697 ], [ 66.033499938868303, 38.224746059547698 ], [ 66.023390938858896, 38.2275880595503 ], [ 66.001013938838, 38.227008059549803 ], [ 65.993796938831395, 38.2264360595493 ], [ 65.975752938814495, 38.230979059553498 ], [ 65.956244938796402, 38.241207059563003 ], [ 65.936728938778103, 38.258831059579499 ], [ 65.915038938757903, 38.274742059594303 ], [ 65.895529938739799, 38.2787010595979 ], [ 65.875449938721005, 38.278671059597897 ], [ 65.872420938718193, 38.2786670595979 ], [ 65.851485938698701, 38.274082059593603 ], [ 65.842123938690094, 38.262683059582997 ], [ 65.835661938684098, 38.250152059571299 ], [ 65.830603938679303, 38.251281059572399 ], [ 65.823386938672598, 38.251270059572398 ], [ 65.820502938669904, 38.249557059570797 ], [ 65.816924938666602, 38.238735059560803 ], [ 65.808997938659203, 38.2358740595581 ], [ 65.797446938648406, 38.235851059558001 ], [ 65.756277938610197, 38.241447059563299 ], [ 65.696310938554305, 38.2520980595732 ], [ 65.665213938525298, 38.261108059581602 ], [ 65.637000938499, 38.2706900595905 ], [ 65.565367938432303, 38.291477059609903 ], [ 65.525549938395201, 38.304401059621902 ], [ 65.481368938354095, 38.318996059635403 ], [ 65.439299938314903, 38.338138059653303 ], [ 65.362334938243293, 38.376422059688998 ], [ 65.300543938185697, 38.4084930597189 ], [ 65.260489938148396, 38.433845059742403 ], [ 65.202109938093997, 38.476699059782298 ], [ 65.135306938031803, 38.530170059832102 ], [ 65.117888938015597, 38.544113059845202 ], [ 65.088721937988396, 38.567462059866898 ], [ 65.037459937940596, 38.605739059902497 ], [ 65.025038937929097, 38.612461059908803 ], [ 64.998068937903994, 38.621337059917003 ], [ 64.965971937874102, 38.633575059928397 ], [ 64.939742937849601, 38.640735059935203 ], [ 64.890158937803506, 38.656208059949599 ], [ 64.851477937767498, 38.669490059961902 ], [ 64.826636937744297, 38.679489059971303 ], [ 64.797308937717006, 38.696258059986803 ], [ 64.789252937709506, 38.700729059990898 ], [ 64.775984937697203, 38.711971060001503 ], [ 64.737898937661697, 38.7303420600186 ], [ 64.674887937603003, 38.759239060045502 ], [ 64.652831937582405, 38.772644060057999 ], [ 64.581664937516095, 38.805950060089003 ], [ 64.522834062461399, 38.838230060119102 ], [ 64.469635062411797, 38.876808060155 ], [ 64.437080062381497, 38.901416060177901 ], [ 64.403068062349803, 38.924858060199703 ], [ 64.3971930623444, 38.929889060204403 ], [ 64.370399062319393, 38.952857060225803 ], [ 64.363464062313, 38.9586670602312 ], [ 64.331077062282802, 38.9858090602565 ], [ 64.322265062274596, 38.986320060257 ], [ 64.296859062250903, 38.981414060252398 ], [ 64.251419062208598, 38.960857060233302 ], [ 64.229652062188293, 38.956562060229302 ], [ 64.207069062167307, 38.956226060229 ], [ 64.177116062139405, 38.959190060231698 ], [ 64.158714062122201, 38.966304060238301 ], [ 64.126121062091897, 38.986850060257503 ], [ 64.094970062062899, 39.007408060276703 ], [ 64.056457062026993, 39.029544060297198 ], [ 64.032806062004994, 39.041107060308001 ], [ 63.983863061959497, 39.069877060334797 ], [ 63.931869061911001, 39.101989060364701 ], [ 63.8858180618681, 39.129066060389903 ], [ 63.846523061831498, 39.148849060408402 ], [ 63.7989540617872, 39.175865060433601 ], [ 63.787078061776199, 39.181903060439097 ], [ 63.7766260617664, 39.189109060445901 ], [ 63.745380061737301, 39.206733060462199 ], [ 63.716922061710797, 39.228382060482403 ], [ 63.6920540616876, 39.251796060504198 ], [ 63.6858630616819, 39.262485060514202 ], [ 63.676891061673501, 39.268569060519802 ], [ 63.660133061657902, 39.289287060539102 ], [ 63.628696061628702, 39.312953060561199 ], [ 63.582824061585903, 39.3474880605933 ], [ 63.579799061583103, 39.349983060595697 ], [ 63.539127061545202, 39.383579060627 ], [ 63.529449061536198, 39.387931060630997 ], [ 63.5084800615167, 39.401153060643303 ], [ 63.453201061465201, 39.430721060670898 ], [ 63.420413061434601, 39.4453880606845 ], [ 63.358470061376899, 39.474773060711897 ], [ 63.303672061325898, 39.503665060738797 ], [ 63.2621420612872, 39.527542060761 ], [ 63.170417061201803, 39.574108060804399 ], [ 62.948581060995203, 39.696121060918003 ], [ 62.797973060855, 39.775756060992201 ], [ 62.487949060566201, 39.951393061155798 ], [ 62.462284060542402, 39.969734061172801 ], [ 62.442657060524098, 39.991100061192697 ], [ 62.439159060520801, 40.000000061201099 ], [ 62.434886060516902, 40.014961061214898 ], [ 62.436298060518098, 40.024059061223397 ], [ 62.4298170605121, 40.035717061234301 ], [ 62.427005060509501, 40.064861061261503 ], [ 62.4113460604949, 40.082771061278201 ], [ 62.400604060484902, 40.092971061287599 ], [ 62.396495060481001, 40.099281061293503 ], [ 62.397094060481599, 40.1100120613035 ], [ 62.411918060495402, 40.129875061321997 ], [ 62.414356060497703, 40.1519850613426 ], [ 62.4137840604971, 40.173507061362599 ], [ 62.405483060489502, 40.190258061378202 ], [ 62.402462060486599, 40.210720061397303 ], [ 62.392349060477201, 40.237823061422503 ], [ 62.3897430604748, 40.244544061428797 ], [ 62.388408060473502, 40.263351061446301 ], [ 62.383453060468902, 40.276096061458198 ], [ 62.384315060469703, 40.286136061467502 ], [ 62.3920320604769, 40.301208061481603 ], [ 62.393165060477997, 40.3107790614905 ], [ 62.391479060476399, 40.317928061497099 ], [ 62.385997060471297, 40.326805061505397 ], [ 62.375080060461102, 40.3399770615177 ], [ 62.365657060452399, 40.3478390615251 ], [ 62.3590390604462, 40.351940061528801 ], [ 62.350051060437799, 40.357505061533999 ], [ 62.3345710604234, 40.374946061550297 ], [ 62.3332480604221, 40.3834530615582 ], [ 62.3439360604321, 40.408958061581998 ], [ 62.350376060438101, 40.433235061604499 ], [ 62.349460060437202, 40.438297061609298 ], [ 62.328620060417798, 40.445842061616297 ], [ 62.313766060403999, 40.4479250616182 ], [ 62.297466060388899, 40.456459061626198 ], [ 62.271682060364803, 40.477886061646103 ], [ 62.263668060357297, 40.484775061652499 ], [ 62.236309060331898, 40.494113061661203 ], [ 62.2077170603052, 40.508514061674703 ], [ 62.1963690602947, 40.520542061685902 ], [ 62.188537060287402, 40.531082061695699 ], [ 62.144302060246197, 40.556480061719299 ], [ 62.138809060241101, 40.5617630617242 ], [ 62.135452060238002, 40.5649900617273 ], [ 62.134853060237297, 40.565761061727898 ], [ 62.128143060231103, 40.574367061735899 ], [ 62.126285060229399, 40.579002061740297 ], [ 62.113071060217102, 40.596107061756101 ], [ 62.110363060214603, 40.601684061761397 ], [ 62.107299060211702, 40.612075061771101 ], [ 62.105491060209999, 40.6292910617871 ], [ 62.099178060204103, 40.640693061797698 ], [ 62.097797060202801, 40.643028061799903 ], [ 62.0910110601966, 40.656963061812903 ], [ 62.080978060187199, 40.672138061826999 ], [ 62.078189060184599, 40.676342061830901 ], [ 62.066814060174003, 40.688812061842498 ], [ 62.062496060169998, 40.6911230618446 ], [ 62.051998060160201, 40.6988670618519 ], [ 62.045459060154101, 40.712104061864203 ], [ 62.042076060150997, 40.757743061906801 ], [ 62.032165060141701, 40.769939061918102 ], [ 62.026401060136401, 40.786815061933801 ], [ 62.0068430601182, 40.810737061956097 ], [ 62.0000990601119, 40.820320061964999 ], [ 62.000919060112601, 40.824642061969101 ], [ 61.998104060110002, 40.840515061983801 ], [ 61.999977060111803, 40.847785061990599 ], [ 62.001491060113203, 40.859867062001904 ], [ 62.000118060111902, 40.892406062032101 ], [ 61.996898060108897, 40.900283062039499 ], [ 61.995815060107901, 40.916564062054597 ], [ 61.995628060107698, 40.922977062060703 ], [ 61.992729060104999, 40.9313010620683 ], [ 61.991401060103797, 40.946903062082903 ], [ 61.994888060107002, 40.966259062100903 ], [ 61.996368060108402, 40.973537062107702 ], [ 61.991565060103902, 40.980087062113803 ], [ 61.980571060093702, 40.983608062117199 ], [ 61.97663106009, 40.995395062128097 ], [ 61.977161060090602, 41.005908062137898 ], [ 61.970878060084701, 41.019138062150198 ], [ 61.963733060077999, 41.027359062157899 ], [ 61.954723060069597, 41.034484062164502 ], [ 61.946990060062397, 41.036994062166798 ], [ 61.923019060040097, 41.047294062176398 ], [ 61.910717060028702, 41.049018062178 ], [ 61.900955060019498, 41.053417062182099 ], [ 61.8973000600162, 41.058139062186498 ], [ 61.894451060013502, 41.062526062190599 ], [ 61.897514060016398, 41.0695340621971 ], [ 61.898532060017303, 41.077976062205003 ], [ 61.8905980600099, 41.095134062221 ], [ 61.880405060000498, 41.1093860622343 ], [ 61.854057059975901, 41.121337062245303 ], [ 61.813232059937903, 41.1535980622754 ], [ 61.788978059915301, 41.1592970622807 ], [ 61.780685059907498, 41.163185062284299 ], [ 61.756748059885197, 41.175739062296103 ], [ 61.746231059875498, 41.1840320623037 ], [ 61.736694059866601, 41.193901062313003 ], [ 61.7128330598443, 41.215137062332701 ], [ 61.702449059834699, 41.219985062337201 ], [ 61.674968059809103, 41.222084062339199 ], [ 61.660594059795699, 41.225891062342697 ], [ 61.649932059785698, 41.231433062347897 ], [ 61.641117059777599, 41.237613062353603 ], [ 61.635147059772002, 41.2531050623681 ], [ 61.626884059764301, 41.264987062379099 ], [ 61.620445059758303, 41.270191062384001 ], [ 61.608539059747201, 41.275302062388697 ], [ 61.598239059737601, 41.275566062388997 ], [ 61.570228059711603, 41.266204062380297 ], [ 61.531814059675703, 41.268543062382498 ], [ 61.515899059661002, 41.272136062385798 ], [ 61.493583059640201, 41.282299062395303 ], [ 61.481033059628402, 41.2867270623994 ], [ 61.443012059593102, 41.291538062403902 ], [ 61.431762059582603, 41.2908930624032 ], [ 61.421543059573096, 41.285877062398598 ], [ 61.411022059563201, 41.273536062387102 ], [ 61.403869059556598, 41.261806062376202 ], [ 61.403102059555899, 41.250610062365801 ], [ 61.405765059558398, 41.228282062345002 ], [ 61.405082059557799, 41.218574062335897 ], [ 61.3982730595513, 41.2098230623278 ], [ 61.395401059548703, 41.205436062323699 ], [ 61.393070059546602, 41.1906580623099 ], [ 61.389312059543002, 41.179878062299899 ], [ 61.384391059538501, 41.1709510622916 ], [ 61.379905059534302, 41.164878062286 ], [ 61.372386059527301, 41.158649062280098 ], [ 61.361873059517499, 41.153171062275 ], [ 61.344802059501603, 41.150138062272198 ], [ 61.3390650594962, 41.150497062272599 ], [ 61.335948059493298, 41.148284062270399 ], [ 61.299812059459697, 41.145221062267701 ], [ 61.292610059452997, 41.146759062269098 ], [ 61.287406059448102, 41.1452750622677 ], [ 61.264133059426399, 41.146030062268402 ], [ 61.259677059422401, 41.148189062270397 ], [ 61.253559059416602, 41.146495062268798 ], [ 61.238529059402602, 41.149120062271201 ], [ 61.205421059371801, 41.161975062283197 ], [ 61.185329059353101, 41.166992062287903 ], [ 61.178482059346699, 41.170116062290802 ], [ 61.17133305934, 41.173244062293698 ], [ 61.161018059330402, 41.180789062300697 ], [ 61.1407500593116, 41.1977000623164 ], [ 61.139602059310498, 41.1989890623177 ], [ 61.138111059308997, 41.200046062318698 ], [ 61.1322250593036, 41.204746062323103 ], [ 61.125438059297302, 41.209693062327602 ], [ 61.117954059290298, 41.212142062329903 ], [ 61.104618059277897, 41.211963062329801 ], [ 61.102340059275797, 41.211952062329701 ], [ 61.088459059262803, 41.209098062327101 ], [ 61.074527059249903, 41.209159062327203 ], [ 61.061836059238097, 41.218574062335897 ], [ 61.058441059234802, 41.22294906234 ], [ 61.057498059234, 41.2243840623414 ], [ 61.052219059229103, 41.2292970623459 ], [ 61.046047059223397, 41.234687062350901 ], [ 61.0245130592034, 41.234210062350499 ], [ 60.999542059180101, 41.237411062353402 ], [ 60.993038059173998, 41.237545062353597 ], [ 60.971557059154001, 41.2364120623525 ], [ 60.947673059131802, 41.238025062354097 ], [ 60.939785059124397, 41.238311062354299 ], [ 60.938697059123299, 41.237827062353801 ], [ 60.9370340591218, 41.237087062353197 ], [ 60.930599059115899, 41.234928062351202 ], [ 60.921031059106902, 41.235404062351598 ], [ 60.908210059094898, 41.236045062352197 ], [ 60.876571059065498, 41.232295062348697 ], [ 60.861068059051, 41.230758062347199 ], [ 60.8461950590372, 41.231277062347701 ], [ 60.805072058999002, 41.2327070623491 ], [ 60.768886058965201, 41.228557062345203 ], [ 60.768859058965198, 41.227642062344401 ], [ 60.715541058915598, 41.227897062344603 ], [ 60.683715058885902, 41.227531062344298 ], [ 60.634986058840497, 41.225410062342299 ], [ 60.623046058829402, 41.224891062341896 ], [ 60.580871058790201, 41.222610062339697 ], [ 60.5618050587724, 41.223373062340301 ], [ 60.50557705872, 41.216480062334 ], [ 60.485008058700899, 41.217479062334903 ], [ 60.469356058686301, 41.221382062338499 ], [ 60.453475058671401, 41.228023062344803 ], [ 60.423812058643897, 41.241046062356801 ], [ 60.399265058620898, 41.253078062367997 ], [ 60.383350058606197, 41.263778062378002 ], [ 60.336330058562297, 41.295383062407502 ], [ 60.312454058540098, 41.3081700624194 ], [ 60.306079058534202, 41.311584062422497 ], [ 60.294986058523897, 41.3172260624277 ], [ 60.282691058512498, 41.323570062433703 ], [ 60.276954058507101, 41.3264080624363 ], [ 60.269802058500403, 41.330379062440002 ], [ 60.204071058439197, 41.3634910624708 ], [ 60.159519058397699, 41.381439062487601 ], [ 60.144031058383298, 41.388771062494399 ], [ 60.131248058371398, 41.3948209375001 ], [ 60.109664058351299, 41.408808937513001 ], [ 60.106079058348001, 41.411826937515897 ], [ 60.093727058336398, 41.4321059375348 ], [ 60.093345058336098, 41.443316937545198 ], [ 60.096946058339398, 41.456091937557098 ], [ 60.0957710583383, 41.473261937573099 ], [ 60.0976250583401, 41.504816937602499 ], [ 60.103713058345697, 41.5349499376306 ], [ 60.111900058353299, 41.548125937642901 ], [ 60.1264410583669, 41.5591649376532 ], [ 60.152065058390797, 41.575560937668399 ], [ 60.158267058396497, 41.580748937673199 ], [ 60.162082058400102, 41.587664937679698 ], [ 60.163658058401602, 41.590521937682297 ], [ 60.1637570584017, 41.609515937700003 ], [ 60.157966058396298, 41.623999937713499 ], [ 60.155677058394197, 41.6267889377161 ], [ 60.142807058382097, 41.642489937730701 ], [ 60.133346058373398, 41.656790937744098 ], [ 60.113048058354401, 41.678542937764298 ], [ 60.108535058350299, 41.681570937767098 ], [ 60.084964058328303, 41.708392937791999 ], [ 60.068572058313002, 41.728487937810797 ], [ 60.066040058310598, 41.739500937821099 ], [ 60.063137058307902, 41.747084937828198 ], [ 60.060195058305197, 41.752840937833497 ], [ 60.066867058311502, 41.765807937845601 ], [ 60.071590058315799, 41.7728499378522 ], [ 60.077743058321602, 41.790171937868301 ], [ 60.083629058326999, 41.809325937886101 ], [ 60.088874058331903, 41.811556937888199 ], [ 60.095596058338103, 41.811247937887899 ], [ 60.115001058356299, 41.803236937880399 ], [ 60.130290058370498, 41.8032869378805 ], [ 60.1320760583721, 41.8033939378806 ], [ 60.136722058376499, 41.803667937880903 ], [ 60.146438058385598, 41.800578937877901 ], [ 60.151588058390303, 41.798224937875702 ], [ 60.164665058402498, 41.794859937872602 ], [ 60.179561058416297, 41.7910149378691 ], [ 60.179580058416398, 41.791933937869899 ], [ 60.191089058427103, 41.786982937865297 ], [ 60.203544058438702, 41.783392937861997 ], [ 60.231281058464603, 41.766333937846099 ], [ 60.238597058471299, 41.765555937845399 ], [ 60.256965058488497, 41.7669179378466 ], [ 60.273841058504203, 41.7566259378371 ], [ 60.291461058520603, 41.752272937832998 ], [ 60.297115058525897, 41.7588339378391 ], [ 60.3129950585407, 41.758616937838902 ], [ 60.318561058545797, 41.761286937841298 ], [ 60.3193430585466, 41.768370937847997 ], [ 60.307998058535901, 41.779738937858603 ], [ 60.297763058526499, 41.785723937864098 ], [ 60.283573058513198, 41.794024937871903 ], [ 60.262905058493999, 41.812609937889199 ], [ 60.258380058489799, 41.815413937891798 ], [ 60.231372058464601, 41.824690937900399 ], [ 60.195713058431402, 41.830634937905998 ], [ 60.184177058420701, 41.834670937909699 ], [ 60.1657290584035, 41.844740937919099 ], [ 60.157890058396198, 41.8500969379241 ], [ 60.149192058388103, 41.858443937931803 ], [ 60.137683058377398, 41.878718937950701 ], [ 60.126865058367301, 41.888461937959804 ], [ 60.1150510583563, 41.894778937965597 ], [ 60.106475058348302, 41.897345937968097 ], [ 60.104705058346603, 41.8978759379686 ], [ 60.0764770583204, 41.904807937975001 ], [ 60.062648058307502, 41.908202937978203 ], [ 60.045043058291199, 41.916407937985802 ], [ 60.006504058255203, 41.951846938018797 ], [ 60.002815058251798, 41.951197938018304 ], [ 59.995563058244997, 41.956770938023503 ], [ 59.986042058236201, 41.955725938022397 ], [ 59.976497058227203, 41.953539938020398 ], [ 59.958042058210097, 41.966776938032702 ], [ 59.949272058201899, 41.973505938038997 ], [ 59.945213058198199, 41.986594938051198 ], [ 59.949298058201897, 41.992041938056303 ], [ 59.961391058213202, 41.999243938063003 ], [ 59.9767450582275, 42.000220938063897 ], [ 59.981395058231797, 42.000456938064097 ], [ 60.022491058270099, 42.002482938066002 ], [ 60.027183058274503, 42.007231938070497 ], [ 60.029994058277097, 42.009722938072699 ], [ 60.025638058273003, 42.022585938084703 ], [ 60.014511058262698, 42.034377938095702 ], [ 60.005596058254298, 42.0500409381102 ], [ 60.001270058250299, 42.064734938123998 ], [ 60.000808058249902, 42.0652229381244 ], [ 60.000000058249199, 42.082468938140501 ], [ 59.998989058248199, 42.0903929381479 ], [ 59.997360058246699, 42.1018559381586 ], [ 59.992565058242199, 42.1083139381645 ], [ 59.979530058230097, 42.117834938173402 ], [ 59.972904058223897, 42.125231938180299 ], [ 59.970191058221403, 42.128230938183101 ], [ 59.9694670582208, 42.138995938193098 ], [ 59.973300058224297, 42.1467389382004 ], [ 59.986637058236802, 42.153006938206197 ], [ 59.996841058246197, 42.1561009382091 ], [ 60.006011058254799, 42.153029938206203 ], [ 60.024429058271799, 42.151453938204703 ], [ 60.034301058281102, 42.153181938206401 ], [ 60.043972058290102, 42.160170938212801 ], [ 60.049327058295098, 42.1665189382188 ], [ 60.0498350582955, 42.1768109382283 ], [ 60.045722058291702, 42.186701938237597 ], [ 60.039134058285597, 42.195929938246202 ], [ 60.028846058276002, 42.204962938254603 ], [ 60.0139120582621, 42.2126799382618 ], [ 60.007484058256097, 42.214583938263502 ], [ 59.969696058220997, 42.218413938267098 ], [ 59.957141058209203, 42.222208938270697 ], [ 59.9394910581928, 42.233599938281301 ], [ 59.921642058176197, 42.251635938298101 ], [ 59.906929058162397, 42.2735289383184 ], [ 59.893218058149699, 42.282584938326899 ], [ 59.869583058127702, 42.288077938332002 ], [ 59.850555058109997, 42.292834938336398 ], [ 59.827964058088902, 42.306315938349002 ], [ 59.8213500580827, 42.297450938340702 ], [ 59.811431058073502, 42.2744249383192 ], [ 59.803642058066302, 42.268771938314003 ], [ 59.792858058056197, 42.268641938313898 ], [ 59.7538640580199, 42.277441938321999 ], [ 59.747741058014199, 42.2802389383247 ], [ 59.7391540580062, 42.283057938327303 ], [ 59.737499058004602, 42.283381938327601 ], [ 59.734237058001597, 42.284014938328198 ], [ 59.729290057997098, 42.282683938326997 ], [ 59.7176240579862, 42.285983938330098 ], [ 59.6751090579465, 42.2865479383305 ], [ 59.659030057931602, 42.282553938326799 ], [ 59.654148057927003, 42.282320938326698 ], [ 59.650707057923803, 42.282156938326402 ], [ 59.641132057915001, 42.280627938325097 ], [ 59.6084740578845, 42.280638938325097 ], [ 59.588729057866097, 42.278712938323203 ], [ 59.581649057859401, 42.279452938324098 ], [ 59.579479057857498, 42.278090938322698 ], [ 59.566097057845099, 42.278288938323001 ], [ 59.542514057823098, 42.279025938323599 ], [ 59.497196057780997, 42.276568938321397 ], [ 59.489803057773997, 42.276614938321401 ], [ 59.484874057769503, 42.276869938321497 ], [ 59.481792057766597, 42.276812938321498 ], [ 59.465469057751498, 42.277216938321899 ], [ 59.442344057729997, 42.275523938320397 ], [ 59.4192460577082, 42.276560938321197 ], [ 59.406990057697001, 42.283724938328 ], [ 59.399398057689901, 42.2963479383398 ], [ 59.391166057682199, 42.306235938348998 ], [ 59.377029057668999, 42.311118938353502 ], [ 59.367248057659999, 42.320776938362499 ], [ 59.358058057651398, 42.328143938369301 ], [ 59.356922057650202, 42.329005938370202 ], [ 59.329551057624798, 42.349566938389401 ], [ 59.321262057616998, 42.354639938394001 ], [ 59.301025057598103, 42.370982938409298 ], [ 59.270629057569899, 42.392851938429502 ], [ 59.269748057569203, 42.3992649384356 ], [ 59.279766057578499, 42.419135938453998 ], [ 59.2795440575782, 42.431269938465398 ], [ 59.277435057576099, 42.438830938472499 ], [ 59.265167057564803, 42.451701938484298 ], [ 59.256877057556999, 42.459513938491597 ], [ 59.222457057524998, 42.490088938520103 ], [ 59.203716057507599, 42.510065938538702 ], [ 59.1935530574981, 42.517424938545602 ], [ 59.183990057489197, 42.522494938550302 ], [ 59.169483057475702, 42.528033938555403 ], [ 59.160823057467603, 42.528979938556397 ], [ 59.154014057461197, 42.528307938555699 ], [ 59.144290057452302, 42.525942938553598 ], [ 59.137290057445703, 42.524237938551998 ], [ 59.116508057426302, 42.511935938540503 ], [ 59.104122057414898, 42.508078938536798 ], [ 59.0932960574047, 42.507647938536401 ], [ 59.076293057388902, 42.509520938538202 ], [ 59.075366057388003, 42.509524938538199 ], [ 59.0478430573624, 42.510729938539299 ], [ 59.032699057348303, 42.5141899385426 ], [ 59.001491057319299, 42.525233938552802 ], [ 58.998405057316297, 42.527983938555401 ], [ 58.986961057305699, 42.530066938557397 ], [ 58.968101057288102, 42.535586938562503 ], [ 58.949234057270601, 42.5385849385653 ], [ 58.934696057257, 42.543639938569903 ], [ 58.909648057233703, 42.558768938584002 ], [ 58.897277057222198, 42.567706938592302 ], [ 58.872829057199397, 42.588316938611598 ], [ 58.806529057137702, 42.641203938660801 ], [ 58.797531057129298, 42.650359938669403 ], [ 58.791019057123201, 42.654253938673101 ], [ 58.761844057095999, 42.679190938696202 ], [ 58.702499057040697, 42.726527938740297 ], [ 58.657054056998398, 42.769045938779897 ], [ 58.645332056987499, 42.779925938790001 ], [ 58.635868056978701, 42.788702938798203 ], [ 58.625587056969103, 42.795550938804602 ], [ 58.6250150569686, 42.782042938792003 ], [ 58.618251056962301, 42.763262938774503 ], [ 58.620456056964301, 42.754569938766501 ], [ 58.6238860569675, 42.751139938763302 ], [ 58.632595056975603, 42.746577938759003 ], [ 58.639759056982399, 42.740408938753198 ], [ 58.640705056983201, 42.735831938749001 ], [ 58.637008056979703, 42.727587938741301 ], [ 58.629570056972902, 42.724139938738098 ], [ 58.620571056964501, 42.724352938738299 ], [ 58.608757056953401, 42.729369938742998 ], [ 58.595100056940701, 42.729342938743002 ], [ 58.589523056935498, 42.726355938740099 ], [ 58.5839690569303, 42.719252938733497 ], [ 58.5839800569304, 42.716498938731 ], [ 58.598911056944303, 42.707377938722402 ], [ 58.604522056949499, 42.700751938716301 ], [ 58.595359056941, 42.665942938683898 ], [ 58.588569056934602, 42.6581449386766 ], [ 58.578048056924899, 42.653315938672101 ], [ 58.573398056920503, 42.653536938672403 ], [ 58.553222056901802, 42.659213938677603 ], [ 58.534317056884099, 42.6575659386761 ], [ 58.495910056848402, 42.651278938670302 ], [ 58.472667056826701, 42.650294938669298 ], [ 58.458694056813698, 42.654143938672902 ], [ 58.444080056800097, 42.660502938678803 ], [ 58.418010056775799, 42.664305938682404 ], [ 58.392208056751798, 42.6733659386909 ], [ 58.359905056721701, 42.679877938696798 ], [ 58.323574056687903, 42.685217938701904 ], [ 58.2971720566632, 42.689448938705702 ], [ 58.277633056645001, 42.688895938705301 ], [ 58.247016056616602, 42.679816938696902 ], [ 58.224472056595502, 42.670313938687997 ], [ 58.195804056568797, 42.654364938673098 ], [ 58.173957056548502, 42.639365938659097 ], [ 58.160640056536103, 42.638373938658198 ], [ 58.151714056527801, 42.632826938653103 ], [ 58.147811056524198, 42.621813938642802 ], [ 58.154766056530697, 42.609728938631598 ], [ 58.171279056545998, 42.601355938623698 ], [ 58.181861056555903, 42.596381938619103 ], [ 58.1949570565681, 42.588210938611503 ], [ 58.227622056598499, 42.5737379385981 ], [ 58.246265056615798, 42.566969938591797 ], [ 58.267681056635801, 42.560900938586101 ], [ 58.292778056659202, 42.558272938583599 ], [ 58.296813056662899, 42.556918938582399 ], [ 58.306484056671898, 42.548262938574297 ], [ 58.324684056688902, 42.519278938547302 ], [ 58.326892056691001, 42.514021938542399 ], [ 58.333827056697402, 42.498488938527998 ], [ 58.346645056709299, 42.481142938511802 ], [ 58.364212056725599, 42.448946938481797 ], [ 58.392261056751799, 42.416098938451199 ], [ 58.404693056763399, 42.405157938441 ], [ 58.408813056767201, 42.390067938427002 ], [ 58.4080270567665, 42.370612938408897 ], [ 58.4176360567754, 42.364237938403001 ], [ 58.429039056786102, 42.366339938404799 ], [ 58.452556056808, 42.3554299383947 ], [ 58.482265056835701, 42.339957938380202 ], [ 58.497100056849497, 42.334509938375199 ], [ 58.517829056868798, 42.321749938363297 ], [ 58.520664056871396, 42.310316938352599 ], [ 58.513950056865198, 42.297480938340797 ], [ 58.509658056861099, 42.293578938336999 ], [ 58.501670056853698, 42.289435938333298 ], [ 58.492424056845103, 42.289179938333 ], [ 58.459407056814399, 42.296404938339798 ], [ 58.446765056802597, 42.297278938340497 ], [ 58.415672056773602, 42.292361938335901 ], [ 58.406383056764902, 42.291182938334899 ], [ 58.402351056761198, 42.301928938344901 ], [ 58.404891056763603, 42.334437938375103 ], [ 58.402610056761503, 42.351366938390903 ], [ 58.3969150567562, 42.371024938409199 ], [ 58.3918870567515, 42.382906938420298 ], [ 58.384990056745103, 42.397303938433701 ], [ 58.377174056737701, 42.410319938445802 ], [ 58.369697056730899, 42.418757938453702 ], [ 58.350421056712896, 42.434699938468498 ], [ 58.339557056702702, 42.441061938474498 ], [ 58.3234320566878, 42.448088938481 ], [ 58.243560056613397, 42.464411938496198 ], [ 58.218490056589999, 42.468169938499699 ], [ 58.2011900565739, 42.467394938498998 ], [ 58.154106056529997, 42.449267938482002 ], [ 58.134719056511997, 42.442519938475797 ], [ 58.126087056503998, 42.4410889384745 ], [ 58.122051056500197, 42.442667938475999 ], [ 58.117897056496297, 42.454314938486803 ], [ 58.111972056490799, 42.4586249384908 ], [ 58.097995056477799, 42.464716938496501 ], [ 58.091739056471901, 42.470625938502003 ], [ 58.085937056466499, 42.489817938519799 ], [ 58.067543056449402, 42.501822938531099 ], [ 58.0532830564362, 42.504477938533498 ], [ 58.046787056430098, 42.5046569385336 ], [ 58.046798056430099, 42.503741938532798 ], [ 58.025791056410498, 42.501994938531197 ], [ 58.015930056401302, 42.499632938528997 ], [ 58.003963056390198, 42.492682938522499 ], [ 57.998725056385403, 42.4914999385214 ], [ 57.994434056381301, 42.4887189385189 ], [ 57.9829940563707, 42.488863938519003 ], [ 57.977184056365303, 42.484240938514702 ], [ 57.968639056357297, 42.454882938487401 ], [ 57.962322056351397, 42.442927938476203 ], [ 57.955497056345003, 42.444933938478101 ], [ 57.939537056330202, 42.458777938490996 ], [ 57.929927056321297, 42.460532938492499 ], [ 57.915145056307502, 42.457209938489498 ], [ 57.910297056302902, 42.450987938483699 ], [ 57.904190056297203, 42.4262189384607 ], [ 57.9114830563041, 42.413691938448999 ], [ 57.930828056322099, 42.400568938436699 ], [ 57.940261056330897, 42.388968938425897 ], [ 57.947303056337397, 42.371630938409801 ], [ 57.946815056337002, 42.362925938401702 ], [ 57.9387320563294, 42.346152938385998 ], [ 57.939376056329998, 42.323504938364898 ], [ 57.934093056325104, 42.3056059383483 ], [ 57.934932056325898, 42.290736938334497 ], [ 57.936622056327501, 42.280680938325098 ], [ 57.9323840563235, 42.254782938300899 ], [ 57.928524056319901, 42.245139938291999 ], [ 57.921226056313202, 42.238902938286202 ], [ 57.911106056303701, 42.236300938283797 ], [ 57.892623056286503, 42.236834938284296 ], [ 57.856727056253099, 42.247977938294603 ], [ 57.849643056246499, 42.247916938294502 ], [ 57.847206056244097, 42.246291938292998 ], [ 57.841182056238601, 42.237994938285397 ], [ 57.8338010562317, 42.218707938267301 ], [ 57.836971056234702, 42.213244938262299 ], [ 57.848892056245802, 42.199385938249399 ], [ 57.858409056254601, 42.181612938232803 ], [ 57.854209056250703, 42.174941938226603 ], [ 57.844093056241299, 42.1727939382247 ], [ 57.835479056233297, 42.1729459382247 ], [ 57.769199056171601, 42.181269938232496 ], [ 57.755096056158401, 42.178618938230002 ], [ 57.730300056135299, 42.171965938223799 ], [ 57.713165056119401, 42.166991938219297 ], [ 57.692386056099998, 42.159689938212402 ], [ 57.675621056084502, 42.151965938205201 ], [ 57.6596870560696, 42.1490509382025 ], [ 57.646766056057601, 42.149374938202797 ], [ 57.611701056024899, 42.165247938217597 ], [ 57.571285055987197, 42.171210938223197 ], [ 57.521701055941101, 42.174078938225797 ], [ 57.486640055908403, 42.173663938225403 ], [ 57.473426055896098, 42.173045938224803 ], [ 57.468193055891199, 42.173209938225 ], [ 57.454059055878098, 42.172579938224501 ], [ 57.419361055845698, 42.169859938221897 ], [ 57.409832055836901, 42.169512938221501 ], [ 57.367359055797301, 42.157748938210602 ], [ 57.312805055746502, 42.137797938192001 ], [ 57.2824700557182, 42.121813938177098 ], [ 57.280395055716298, 42.118811938174403 ], [ 57.277946055713997, 42.1183159381739 ], [ 57.270389055707, 42.113402938169301 ], [ 57.265510055702499, 42.111964938167901 ], [ 57.238307055677097, 42.094416938151603 ], [ 57.214115055654602, 42.0684279381274 ], [ 57.206748055647701, 42.056647938116399 ], [ 57.205276055646401, 42.054339938114303 ], [ 57.190612055632698, 42.028719938090397 ], [ 57.186931055629302, 42.017222938079698 ], [ 57.1857070556281, 42.017199938079699 ], [ 57.1799040556227, 42.004759938068098 ], [ 57.174232055617502, 41.987738938052203 ], [ 57.1714210556148, 41.983115938047902 ], [ 57.167526055611198, 41.9750439380405 ], [ 57.154407055598902, 41.9613449380277 ], [ 57.129974055576298, 41.943587938011099 ], [ 57.114513055561901, 41.936682938004701 ], [ 57.084938055534202, 41.928454937997003 ], [ 57.038257055490803, 41.918108937987498 ], [ 57.0225370554761, 41.910986937980802 ], [ 57.008117055462797, 41.901370937971798 ], [ 57.003864055458799, 41.898280937968998 ], [ 57.001541055456698, 41.895998937966802 ], [ 56.988037055444003, 41.8765479379487 ], [ 56.984031055440298, 41.8673239379401 ], [ 56.977378055434102, 41.8342549379094 ], [ 56.970535055427803, 41.817892937894101 ], [ 56.967575055425002, 41.804564937881601 ], [ 56.968719055426, 41.776888937855901 ], [ 56.968624055425998, 41.759955937840097 ], [ 56.971416055428499, 41.748557937829503 ], [ 56.975135055431998, 41.716578937799802 ], [ 56.973987055430896, 41.693900937778601 ], [ 56.972198055429303, 41.672354937758598 ], [ 56.976413055433198, 41.654120937741602 ], [ 56.984340055440597, 41.6338839377227 ], [ 56.993057055448702, 41.6177779377077 ], [ 57.001228055456302, 41.609675937700104 ], [ 57.000732055455899, 41.605776937696497 ], [ 57.008434055463098, 41.603156937694102 ], [ 57.019901055473703, 41.586409937678503 ], [ 57.0250200554785, 41.567728937661201 ], [ 57.026924055480201, 41.554713937648899 ], [ 57.022632055476301, 41.534964937630598 ], [ 57.0226970554763, 41.522379937618901 ], [ 57.022533055476202, 41.4969739375952 ], [ 57.031635055484699, 41.445864937547597 ], [ 57.0381850554907, 41.429724937532598 ], [ 57.046428055498502, 41.417960937521599 ], [ 57.068023055518601, 41.396109937501201 ], [ 57.081600055531197, 41.3780210624844 ], [ 57.086547055535704, 41.374897062481601 ], [ 57.1063000555542, 41.374519062481198 ], [ 57.123783055570499, 41.379138062485403 ], [ 57.148548055593501, 41.384323062490303 ], [ 57.157836055602203, 41.377826062484303 ], [ 57.158672055602899, 41.369377062476403 ], [ 57.151699055596502, 41.357830062465602 ], [ 57.1430740555884, 41.351291062459502 ], [ 57.131687055577899, 41.3458510624545 ], [ 57.088901055538003, 41.3346630624441 ], [ 57.070755055520998, 41.321788062432098 ], [ 57.065181055515801, 41.3150630624258 ], [ 57.060848055511897, 41.307445062418701 ], [ 57.060813055511801, 41.298065062409897 ], [ 57.060035055511101, 41.282947062395799 ], [ 57.053070055504598, 41.272083062385697 ], [ 57.0424150554947, 41.2632140623775 ], [ 57.030426055483503, 41.258445062373099 ], [ 57.001934055456999, 41.258434062372999 ], [ 56.962917055420696, 41.265556062379602 ], [ 56.946201055404998, 41.266876062380902 ], [ 56.918872055379602, 41.268234062382199 ], [ 56.877246055340798, 41.271167062384897 ], [ 56.812446055280503, 41.277774062391103 ], [ 56.787483055257297, 41.280746062393803 ], [ 56.729171055202897, 41.283309062396199 ], [ 56.670551055148401, 41.285839062398601 ], [ 56.641372055121202, 41.287551062400198 ], [ 56.607704055089798, 41.287559062400199 ], [ 56.601020055083602, 41.287883062400503 ], [ 56.559734055045197, 41.288867062401401 ], [ 56.508014054996998, 41.293052062405302 ], [ 56.462989054955003, 41.2964430624085 ], [ 56.432518054926703, 41.299903062411701 ], [ 56.429374054923798, 41.3000830624119 ], [ 56.357105054856497, 41.304180062415597 ], [ 56.316459054818601, 41.303947062415503 ], [ 56.2711410547765, 41.306564062417799 ], [ 56.204471054714297, 41.311630062422601 ], [ 56.1552810546684, 41.312274062423199 ], [ 56.135829054650401, 41.312942062423801 ], [ 56.1346160546492, 41.312911062423801 ], [ 56.1230460546385, 41.313774062424599 ], [ 56.047325054567999, 41.317146062427803 ], [ 56.009620054532803, 41.318702062429203 ], [ 56.000598054524403, 41.3180460624285 ], [ 55.998004054521999, 44.860426940727699 ], [ 55.997097054521198, 44.872538940738899 ], [ 55.997154054521197, 44.885909940751397 ], [ 55.998489054522501, 44.896845940761601 ], [ 55.998493054522498, 44.897768940762397 ], [ 55.998256054522201, 44.901644940766097 ], [ 55.998535054522499, 44.9092139407731 ], [ 55.996635054520802, 44.915121940778597 ], [ 55.996803054520903, 44.918326940781597 ], [ 55.998043054522, 44.932551940794802 ], [ 55.997920054521899, 44.935072940797198 ], [ 55.998096054522001, 44.951334940812401 ], [ 55.9981950545221, 44.962553940822801 ], [ 55.998252054522197, 44.968050940827901 ], [ 55.998538054522399, 44.982024940840901 ], [ 55.9983520545223, 44.985911940844503 ], [ 55.998081054521997, 44.9980389408558 ], [ 55.998100054522098, 44.999999940857698 ], [ 56.002796054526399, 45.000670940858299 ], [ 56.030933054552698, 45.005927940863103 ], [ 56.032520054554098, 45.006430940863602 ], [ 56.061771054581399, 45.015589940872196 ], [ 56.078735054597203, 45.018511940874802 ], [ 56.0816040545999, 45.019267940875601 ], [ 56.111919054628103, 45.026614940882403 ], [ 56.156311054669501, 45.036795940891899 ], [ 56.174201054686201, 45.040869940895703 ], [ 56.219223054727998, 45.051955940906097 ], [ 56.299129054802499, 45.070651940923398 ], [ 56.316062054818197, 45.074904940927397 ], [ 56.3173330548194, 45.075392940927898 ], [ 56.345817054845902, 45.0814929409336 ], [ 56.3698000548683, 45.087267940938901 ], [ 56.465171054957104, 45.109377940959497 ], [ 56.474754054965999, 45.112086940962101 ], [ 56.509983054998798, 45.1201209409695 ], [ 56.575965055060301, 45.135592940983997 ], [ 56.617954055099403, 45.145094940992799 ], [ 56.688598055165201, 45.160956941007498 ], [ 56.763267055234699, 45.177725941023198 ], [ 56.808479055276798, 45.189272941033998 ], [ 56.830020055296799, 45.193301941037703 ], [ 56.921226055381801, 45.2142709410573 ], [ 56.959808055417703, 45.222441941064801 ], [ 56.988727055444699, 45.229311941071202 ], [ 57.086818055536, 45.251173941091501 ], [ 57.117729055564801, 45.257342941097299 ], [ 57.280010055715998, 45.293688941131101 ], [ 57.356384055787103, 45.310915941147201 ], [ 57.3918640558202, 45.318217941154003 ], [ 57.4950900559163, 45.341170941175399 ], [ 57.536418055954798, 45.349635941183202 ], [ 57.560939055977599, 45.355620941188903 ], [ 57.589046056003802, 45.361178941193998 ], [ 57.6694790560787, 45.379157941210799 ], [ 57.688243056096098, 45.382086941213501 ], [ 57.710208056116599, 45.387556941218598 ], [ 57.745437056149399, 45.395667941226201 ], [ 57.813354056212603, 45.410448941239899 ], [ 57.856716056252999, 45.419276941248199 ], [ 57.884548056279002, 45.425452941253901 ], [ 57.990737056377903, 45.4491269412759 ], [ 58.032829056417, 45.459937941286 ], [ 58.056159056438801, 45.4651259412909 ], [ 58.1348950565122, 45.485285941309598 ], [ 58.159862056535403, 45.491141941315099 ], [ 58.176715056551103, 45.495814941319402 ], [ 58.205913056578297, 45.502375941325496 ], [ 58.250350056619602, 45.514037941336298 ], [ 58.253269056622401, 45.5149609413373 ], [ 58.318504056683203, 45.531271941352401 ], [ 58.372089056733003, 45.544524941364699 ], [ 58.441291056797503, 45.561922941380999 ], [ 58.472171056826298, 45.569109941387701 ], [ 58.4871330568402, 45.571898941390202 ], [ 58.518665056869601, 45.581129941398899 ], [ 58.533931056883702, 45.584208941401698 ], [ 58.603580056948701, 45.602129941418397 ], [ 58.614719056958997, 45.6046369414208 ], [ 58.617179056961298, 45.605189941421202 ], [ 58.873077057199602, 45.477183941302101 ], [ 59.136730057445099, 45.345297941179197 ], [ 59.368221057660797, 45.229502941071402 ], [ 60.567478058777702, 44.629610940512698 ], [ 60.802803058996801, 44.511897940403102 ], [ 61.045856059223098, 44.390318940289902 ] ] ], [ [ [ 70.668456943184907, 40.906230062044997 ], [ 70.673621943189701, 40.905876062044698 ], [ 70.6789089431946, 40.906414062045201 ], [ 70.684050943199495, 40.910125062048699 ], [ 70.684660943200001, 40.914600062052898 ], [ 70.682860943198307, 40.918346062056401 ], [ 70.659262943176401, 40.932170062069197 ], [ 70.645255943163406, 40.943984062080197 ], [ 70.630248943149297, 40.9612800620963 ], [ 70.621352943141005, 40.968223062102801 ], [ 70.604277943125197, 40.978893062112697 ], [ 70.599669943120801, 40.983272062116797 ], [ 70.597533943118904, 40.988838062121999 ], [ 70.596281943117702, 40.996612062129202 ], [ 70.595595943117104, 41.004341062136398 ], [ 70.591895943113599, 41.006855062138797 ], [ 70.585707943107806, 41.008186062139998 ], [ 70.581564943103999, 41.007568062139399 ], [ 70.577574943100302, 41.003776062135898 ], [ 70.574034943097004, 40.999050062131502 ], [ 70.570105943093296, 40.995704062128397 ], [ 70.563994943087593, 40.993415062126203 ], [ 70.5601269430841, 40.990516062123604 ], [ 70.559004943082996, 40.9865260621199 ], [ 70.561377943085205, 40.982749062116298 ], [ 70.566618943090106, 40.978775062112597 ], [ 70.577910943100605, 40.976642062110599 ], [ 70.592009943113794, 40.973857062108003 ], [ 70.597502943118798, 40.971679062105999 ], [ 70.624770943144199, 40.946746062082703 ], [ 70.646185943164198, 40.9253880620629 ], [ 70.660468943177506, 40.911300062049698 ], [ 70.668456943184907, 40.906230062044997 ] ] ] ] } }
]
}
