column,source_dataset,source_citation,source_url,units,reference_period,spatial_support,reference_nonmissing,candidate_status,review_required,calculation_wall_seconds,surrogate_status,surrogate_fidelity,surrogate_wall_seconds
aet_mm_s01,Global High-Resolution Soil-Water Balance,Trabucco & Zomer 2010,https://data.hydrosheds.org/file/technical-documentation/BasinATLAS_Catalog_v10.pdf#page=20,millimeters,Mixed/source-specific; resolve exact release and observation period before execution,s,20,pending_original_inputs,Original raw inputs not acquired in this pass; source preparation and validation remain pending.,,open_surrogate_estimate,open_surrogate,0.003236500022467226
aet_mm_s02,Global High-Resolution Soil-Water Balance,Trabucco & Zomer 2010,https://data.hydrosheds.org/file/technical-documentation/BasinATLAS_Catalog_v10.pdf#page=20,millimeters,Mixed/source-specific; resolve exact release and observation period before execution,s,20,pending_original_inputs,Original raw inputs not acquired in this pass; source preparation and validation remain pending.,,open_surrogate_estimate,open_surrogate,0.003042500000447035
aet_mm_s03,Global High-Resolution Soil-Water Balance,Trabucco & Zomer 2010,https://data.hydrosheds.org/file/technical-documentation/BasinATLAS_Catalog_v10.pdf#page=20,millimeters,Mixed/source-specific; resolve exact release and observation period before execution,s,20,pending_original_inputs,Original raw inputs not acquired in this pass; source preparation and validation remain pending.,,open_surrogate_estimate,open_surrogate,0.003138800006126985
aet_mm_s04,Global High-Resolution Soil-Water Balance,Trabucco & Zomer 2010,https://data.hydrosheds.org/file/technical-documentation/BasinATLAS_Catalog_v10.pdf#page=20,millimeters,Mixed/source-specific; resolve exact release and observation period before execution,s,20,pending_original_inputs,Original raw inputs not acquired in this pass; source preparation and validation remain pending.,,open_surrogate_estimate,open_surrogate,0.003230599977541715
aet_mm_s05,Global High-Resolution Soil-Water Balance,Trabucco & Zomer 2010,https://data.hydrosheds.org/file/technical-documentation/BasinATLAS_Catalog_v10.pdf#page=20,millimeters,Mixed/source-specific; resolve exact release and observation period before execution,s,20,pending_original_inputs,Original raw inputs not acquired in this pass; source preparation and validation remain pending.,,open_surrogate_estimate,open_surrogate,0.003021500015165657
aet_mm_s06,Global High-Resolution Soil-Water Balance,Trabucco & Zomer 2010,https://data.hydrosheds.org/file/technical-documentation/BasinATLAS_Catalog_v10.pdf#page=20,millimeters,Mixed/source-specific; resolve exact release and observation period before execution,s,20,pending_original_inputs,Original raw inputs not acquired in this pass; source preparation and validation remain pending.,,open_surrogate_estimate,open_surrogate,0.0030267999973148108
aet_mm_s07,Global High-Resolution Soil-Water Balance,Trabucco & Zomer 2010,https://data.hydrosheds.org/file/technical-documentation/BasinATLAS_Catalog_v10.pdf#page=20,millimeters,Mixed/source-specific; resolve exact release and observation period before execution,s,20,pending_original_inputs,Original raw inputs not acquired in this pass; source preparation and validation remain pending.,,open_surrogate_estimate,open_surrogate,0.0030618000018876046
aet_mm_s08,Global High-Resolution Soil-Water Balance,Trabucco & Zomer 2010,https://data.hydrosheds.org/file/technical-documentation/BasinATLAS_Catalog_v10.pdf#page=20,millimeters,Mixed/source-specific; resolve exact release and observation period before execution,s,20,pending_original_inputs,Original raw inputs not acquired in this pass; source preparation and validation remain pending.,,open_surrogate_estimate,open_surrogate,0.0030232999997679144
aet_mm_s09,Global High-Resolution Soil-Water Balance,Trabucco & Zomer 2010,https://data.hydrosheds.org/file/technical-documentation/BasinATLAS_Catalog_v10.pdf#page=20,millimeters,Mixed/source-specific; resolve exact release and observation period before execution,s,20,pending_original_inputs,Original raw inputs not acquired in this pass; source preparation and validation remain pending.,,open_surrogate_estimate,open_surrogate,0.0034007999929599464
aet_mm_s10,Global High-Resolution Soil-Water Balance,Trabucco & Zomer 2010,https://data.hydrosheds.org/file/technical-documentation/BasinATLAS_Catalog_v10.pdf#page=20,millimeters,Mixed/source-specific; resolve exact release and observation period before execution,s,20,pending_original_inputs,Original raw inputs not acquired in this pass; source preparation and validation remain pending.,,open_surrogate_estimate,open_surrogate,0.003181500011123717
aet_mm_s11,Global High-Resolution Soil-Water Balance,Trabucco & Zomer 2010,https://data.hydrosheds.org/file/technical-documentation/BasinATLAS_Catalog_v10.pdf#page=20,millimeters,Mixed/source-specific; resolve exact release and observation period before execution,s,20,pending_original_inputs,Original raw inputs not acquired in this pass; source preparation and validation remain pending.,,open_surrogate_estimate,open_surrogate,0.0030690999992657453
aet_mm_s12,Global High-Resolution Soil-Water Balance,Trabucco & Zomer 2010,https://data.hydrosheds.org/file/technical-documentation/BasinATLAS_Catalog_v10.pdf#page=20,millimeters,Mixed/source-specific; resolve exact release and observation period before execution,s,20,pending_original_inputs,Original raw inputs not acquired in this pass; source preparation and validation remain pending.,,open_surrogate_estimate,open_surrogate,0.0030319000070448965
aet_mm_syr,Global High-Resolution Soil-Water Balance,Trabucco & Zomer 2010,https://data.hydrosheds.org/file/technical-documentation/BasinATLAS_Catalog_v10.pdf#page=20,millimeters,Mixed/source-specific; resolve exact release and observation period before execution,s,20,pending_original_inputs,Original raw inputs not acquired in this pass; source preparation and validation remain pending.,,open_surrogate_estimate,open_surrogate,0.0030387000006157905
aet_mm_uyr,Global High-Resolution Soil-Water Balance,Trabucco & Zomer 2010,https://data.hydrosheds.org/file/technical-documentation/BasinATLAS_Catalog_v10.pdf#page=20,millimeters,Mixed/source-specific; resolve exact release and observation period before execution,u,20,pending_original_inputs,Original raw inputs not acquired in this pass; source preparation and validation remain pending.,,open_surrogate_estimate,open_surrogate,0.0034940000041387975
ari_ix_sav,Global Aridity Index v1,Zomer et al. 2008,https://data.hydrosheds.org/file/technical-documentation/BasinATLAS_Catalog_v10.pdf#page=21,index value (x100),Mixed/source-specific; resolve exact release and observation period before execution,s,20,pending_original_inputs,Original raw inputs not acquired in this pass; source preparation and validation remain pending.,,open_surrogate_estimate,method_reimplementation,0.003264400002080947
ari_ix_uav,Global Aridity Index v1,Zomer et al. 2008,https://data.hydrosheds.org/file/technical-documentation/BasinATLAS_Catalog_v10.pdf#page=21,index value (x100),Mixed/source-specific; resolve exact release and observation period before execution,u,20,pending_original_inputs,Original raw inputs not acquired in this pass; source preparation and validation remain pending.,,open_surrogate_estimate,method_reimplementation,0.011025599989807233
cls_cl_smj,Global Environmental Stratification (GEnS),Metzger et al. 2013,https://data.hydrosheds.org/file/technical-documentation/BasinATLAS_Catalog_v10.pdf#page=16,classes (125),Mixed/source-specific; resolve exact release and observation period before execution,s,20,pending_original_inputs,Original raw inputs not acquired in this pass; source preparation and validation remain pending.,,no_open_surrogate_in_this_pass,pending_open_source,
cly_pc_sav,SoilGrids1km,Hengl et al. 2014,https://data.hydrosheds.org/file/technical-documentation/BasinATLAS_Catalog_v10.pdf#page=41,percent,Mixed/source-specific; resolve exact release and observation period before execution,s,20,pending_original_inputs,Original raw inputs not acquired in this pass; source preparation and validation remain pending.,,open_surrogate_estimate,open_surrogate,0.0064372999768238515
cly_pc_uav,SoilGrids1km,Hengl et al. 2014,https://data.hydrosheds.org/file/technical-documentation/BasinATLAS_Catalog_v10.pdf#page=41,percent,Mixed/source-specific; resolve exact release and observation period before execution,u,20,pending_original_inputs,Original raw inputs not acquired in this pass; source preparation and validation remain pending.,,open_surrogate_estimate,open_surrogate,0.006014499987941235
clz_cl_smj,Global Environmental Stratification (GEnS),Metzger et al. 2013,https://data.hydrosheds.org/file/technical-documentation/BasinATLAS_Catalog_v10.pdf#page=15,classes (18),Mixed/source-specific; resolve exact release and observation period before execution,s,20,pending_original_inputs,Original raw inputs not acquired in this pass; source preparation and validation remain pending.,,no_open_surrogate_in_this_pass,pending_open_source,
cmi_ix_s01,WorldClim v1.4 and Global-PET v1,Hijmans et al. 2005,https://data.hydrosheds.org/file/technical-documentation/BasinATLAS_Catalog_v10.pdf#page=22,index value (x100),Mixed/source-specific; resolve exact release and observation period before execution,s,20,pending_original_inputs,Original raw inputs not acquired in this pass; source preparation and validation remain pending.,,open_surrogate_estimate,method_reimplementation,0.006392400013282895
cmi_ix_s02,WorldClim v1.4 and Global-PET v1,Hijmans et al. 2005,https://data.hydrosheds.org/file/technical-documentation/BasinATLAS_Catalog_v10.pdf#page=22,index value (x100),Mixed/source-specific; resolve exact release and observation period before execution,s,20,pending_original_inputs,Original raw inputs not acquired in this pass; source preparation and validation remain pending.,,open_surrogate_estimate,method_reimplementation,0.0055773000058252364
cmi_ix_s03,WorldClim v1.4 and Global-PET v1,Hijmans et al. 2005,https://data.hydrosheds.org/file/technical-documentation/BasinATLAS_Catalog_v10.pdf#page=22,index value (x100),Mixed/source-specific; resolve exact release and observation period before execution,s,20,pending_original_inputs,Original raw inputs not acquired in this pass; source preparation and validation remain pending.,,open_surrogate_estimate,method_reimplementation,0.006889700016472489
cmi_ix_s04,WorldClim v1.4 and Global-PET v1,Hijmans et al. 2005,https://data.hydrosheds.org/file/technical-documentation/BasinATLAS_Catalog_v10.pdf#page=22,index value (x100),Mixed/source-specific; resolve exact release and observation period before execution,s,20,pending_original_inputs,Original raw inputs not acquired in this pass; source preparation and validation remain pending.,,open_surrogate_estimate,method_reimplementation,0.006150400004116818
cmi_ix_s05,WorldClim v1.4 and Global-PET v1,Hijmans et al. 2005,https://data.hydrosheds.org/file/technical-documentation/BasinATLAS_Catalog_v10.pdf#page=22,index value (x100),Mixed/source-specific; resolve exact release and observation period before execution,s,20,pending_original_inputs,Original raw inputs not acquired in this pass; source preparation and validation remain pending.,,open_surrogate_estimate,method_reimplementation,0.006162399979075417
cmi_ix_s06,WorldClim v1.4 and Global-PET v1,Hijmans et al. 2005,https://data.hydrosheds.org/file/technical-documentation/BasinATLAS_Catalog_v10.pdf#page=22,index value (x100),Mixed/source-specific; resolve exact release and observation period before execution,s,20,pending_original_inputs,Original raw inputs not acquired in this pass; source preparation and validation remain pending.,,open_surrogate_estimate,method_reimplementation,0.005676899978425354
cmi_ix_s07,WorldClim v1.4 and Global-PET v1,Hijmans et al. 2005,https://data.hydrosheds.org/file/technical-documentation/BasinATLAS_Catalog_v10.pdf#page=22,index value (x100),Mixed/source-specific; resolve exact release and observation period before execution,s,20,pending_original_inputs,Original raw inputs not acquired in this pass; source preparation and validation remain pending.,,open_surrogate_estimate,method_reimplementation,0.0051540999847929925
cmi_ix_s08,WorldClim v1.4 and Global-PET v1,Hijmans et al. 2005,https://data.hydrosheds.org/file/technical-documentation/BasinATLAS_Catalog_v10.pdf#page=22,index value (x100),Mixed/source-specific; resolve exact release and observation period before execution,s,20,pending_original_inputs,Original raw inputs not acquired in this pass; source preparation and validation remain pending.,,open_surrogate_estimate,method_reimplementation,0.00661529999342747
cmi_ix_s09,WorldClim v1.4 and Global-PET v1,Hijmans et al. 2005,https://data.hydrosheds.org/file/technical-documentation/BasinATLAS_Catalog_v10.pdf#page=22,index value (x100),Mixed/source-specific; resolve exact release and observation period before execution,s,20,pending_original_inputs,Original raw inputs not acquired in this pass; source preparation and validation remain pending.,,open_surrogate_estimate,method_reimplementation,0.005227399989962578
cmi_ix_s10,WorldClim v1.4 and Global-PET v1,Hijmans et al. 2005,https://data.hydrosheds.org/file/technical-documentation/BasinATLAS_Catalog_v10.pdf#page=22,index value (x100),Mixed/source-specific; resolve exact release and observation period before execution,s,20,pending_original_inputs,Original raw inputs not acquired in this pass; source preparation and validation remain pending.,,open_surrogate_estimate,method_reimplementation,0.0035084999981336296
cmi_ix_s11,WorldClim v1.4 and Global-PET v1,Hijmans et al. 2005,https://data.hydrosheds.org/file/technical-documentation/BasinATLAS_Catalog_v10.pdf#page=22,index value (x100),Mixed/source-specific; resolve exact release and observation period before execution,s,20,pending_original_inputs,Original raw inputs not acquired in this pass; source preparation and validation remain pending.,,open_surrogate_estimate,method_reimplementation,0.0034266000147908926
cmi_ix_s12,WorldClim v1.4 and Global-PET v1,Hijmans et al. 2005,https://data.hydrosheds.org/file/technical-documentation/BasinATLAS_Catalog_v10.pdf#page=22,index value (x100),Mixed/source-specific; resolve exact release and observation period before execution,s,20,pending_original_inputs,Original raw inputs not acquired in this pass; source preparation and validation remain pending.,,open_surrogate_estimate,method_reimplementation,0.003457500017248094
cmi_ix_syr,WorldClim v1.4 and Global-PET v1,Hijmans et al. 2005,https://data.hydrosheds.org/file/technical-documentation/BasinATLAS_Catalog_v10.pdf#page=22,index value (x100),Mixed/source-specific; resolve exact release and observation period before execution,s,20,pending_original_inputs,Original raw inputs not acquired in this pass; source preparation and validation remain pending.,,open_surrogate_estimate,method_reimplementation,0.0034204999974463135
cmi_ix_uyr,WorldClim v1.4 and Global-PET v1,Hijmans et al. 2005,https://data.hydrosheds.org/file/technical-documentation/BasinATLAS_Catalog_v10.pdf#page=22,index value (x100),Mixed/source-specific; resolve exact release and observation period before execution,u,20,pending_original_inputs,Original raw inputs not acquired in this pass; source preparation and validation remain pending.,,open_surrogate_estimate,method_reimplementation,0.0034814999962691218
crp_pc_sse,EarthStat,Ramankutty et al. 2008,https://data.hydrosheds.org/file/technical-documentation/BasinATLAS_Catalog_v10.pdf#page=31,percent cover,circa 2000,s,20,pending_original_inputs,Original raw inputs not acquired in this pass; source preparation and validation remain pending.,,open_surrogate_estimate,open_surrogate,0.0032777999876998365
crp_pc_use,EarthStat,Ramankutty et al. 2008,https://data.hydrosheds.org/file/technical-documentation/BasinATLAS_Catalog_v10.pdf#page=31,percent cover,circa 2000,u,20,pending_original_inputs,Original raw inputs not acquired in this pass; source preparation and validation remain pending.,,open_surrogate_estimate,open_surrogate,0.003329300001496449
dis_m3_pmn,WaterGAP v2.2 (data of 2014),Döll et al. 2003,https://data.hydrosheds.org/file/technical-documentation/BasinATLAS_Catalog_v10.pdf#page=2,cubic meters/second,1971-2000,p,20,pending_original_inputs,Original raw inputs not acquired in this pass; source preparation and validation remain pending.,,open_surrogate_estimate,open_surrogate,
dis_m3_pmx,WaterGAP v2.2 (data of 2014),Döll et al. 2003,https://data.hydrosheds.org/file/technical-documentation/BasinATLAS_Catalog_v10.pdf#page=2,cubic meters/second,1971-2000,p,20,pending_original_inputs,Original raw inputs not acquired in this pass; source preparation and validation remain pending.,,open_surrogate_estimate,open_surrogate,
dis_m3_pyr,WaterGAP v2.2 (data of 2014),Döll et al. 2003,https://data.hydrosheds.org/file/technical-documentation/BasinATLAS_Catalog_v10.pdf#page=2,cubic meters/second,1971-2000,p,20,pending_original_inputs,Original raw inputs not acquired in this pass; source preparation and validation remain pending.,,open_surrogate_estimate,open_surrogate,
dor_pc_pva,HydroSHEDS and Global Reservoir and Dams (GRanD) database v1.1,Lehner et al. 2011,https://data.hydrosheds.org/file/technical-documentation/BasinATLAS_Catalog_v10.pdf#page=8,percent (x10),Mixed/source-specific; resolve exact release and observation period before execution,p,20,pending_original_inputs,Original raw inputs not acquired in this pass; source preparation and validation remain pending.,,no_open_surrogate_in_this_pass,pending_open_source,
ele_mt_sav,EarthEnv-DEM90,Robinson et al. 2014,https://data.hydrosheds.org/file/technical-documentation/BasinATLAS_Catalog_v10.pdf#page=12,meters a.s.l.,Mixed/source-specific; resolve exact release and observation period before execution,s,20,computed_candidate,Original vector zones rasterized at 15 arc-seconds need equivalence review against the native atlas zone grid. Independent operator rerun pending.,0.11920250000548549,carried_by_original_vintage_pass,original_source_family,
ele_mt_smn,EarthEnv-DEM90,Robinson et al. 2014,https://data.hydrosheds.org/file/technical-documentation/BasinATLAS_Catalog_v10.pdf#page=12,meters a.s.l.,Mixed/source-specific; resolve exact release and observation period before execution,s,20,computed_candidate,Original vector zones rasterized at 15 arc-seconds need equivalence review against the native atlas zone grid. Independent operator rerun pending.,0.1216085999913048,carried_by_original_vintage_pass,original_source_family,
ele_mt_smx,EarthEnv-DEM90,Robinson et al. 2014,https://data.hydrosheds.org/file/technical-documentation/BasinATLAS_Catalog_v10.pdf#page=12,meters a.s.l.,Mixed/source-specific; resolve exact release and observation period before execution,s,20,computed_candidate,Original vector zones rasterized at 15 arc-seconds need equivalence review against the native atlas zone grid. Independent operator rerun pending.,0.12036120000993833,carried_by_original_vintage_pass,original_source_family,
ele_mt_uav,EarthEnv-DEM90,Robinson et al. 2014,https://data.hydrosheds.org/file/technical-documentation/BasinATLAS_Catalog_v10.pdf#page=12,meters a.s.l.,Mixed/source-specific; resolve exact release and observation period before execution,u,20,computed_candidate,Original vector zones rasterized at 15 arc-seconds need equivalence review against the native atlas zone grid. Upstream union of unique basin zones needs comparison with original pixel flow accumulation. Independent operator rerun pending.,0.11412680000648834,carried_by_original_vintage_pass,original_source_family,
ero_kh_sav,RUSLE-based Global Soil Erosion Modelling platform (GloSEM) v1.2,Borrelli et al. 2017,https://data.hydrosheds.org/file/technical-documentation/BasinATLAS_Catalog_v10.pdf#page=48,kg/hectare per year,Mixed/source-specific; resolve exact release and observation period before execution,s,20,pending_original_inputs,Original raw inputs not acquired in this pass; source preparation and validation remain pending.,,no_open_surrogate_in_this_pass,pending_open_source,
ero_kh_uav,RUSLE-based Global Soil Erosion Modelling platform (GloSEM) v1.2,Borrelli et al. 2017,https://data.hydrosheds.org/file/technical-documentation/BasinATLAS_Catalog_v10.pdf#page=48,kg/hectare per year,Mixed/source-specific; resolve exact release and observation period before execution,u,20,pending_original_inputs,Original raw inputs not acquired in this pass; source preparation and validation remain pending.,,no_open_surrogate_in_this_pass,pending_open_source,
fec_cl_smj,Freshwater Ecoregions of the World (FEOW),Abell et al. 2008,https://data.hydrosheds.org/file/technical-documentation/BasinATLAS_Catalog_v10.pdf#page=40,classes (426),Mixed/source-specific; resolve exact release and observation period before execution,s,20,pending_original_inputs,Original raw inputs not acquired in this pass; source preparation and validation remain pending.,,no_open_surrogate_in_this_pass,pending_open_source,
fmh_cl_smj,Freshwater Ecoregions of the World (FEOW),Abell et al. 2008,https://data.hydrosheds.org/file/technical-documentation/BasinATLAS_Catalog_v10.pdf#page=39,classes (13),Mixed/source-specific; resolve exact release and observation period before execution,s,20,pending_original_inputs,Original raw inputs not acquired in this pass; source preparation and validation remain pending.,,no_open_surrogate_in_this_pass,pending_open_source,
for_pc_sse,GLC2000,Bartholomé & Belward 2005,https://data.hydrosheds.org/file/technical-documentation/BasinATLAS_Catalog_v10.pdf#page=30,percent cover,2000,s,20,pending_original_inputs,Original raw inputs not acquired in this pass; source preparation and validation remain pending.,,open_surrogate_estimate,open_surrogate,0.0030374000198207796
for_pc_use,GLC2000,Bartholomé & Belward 2005,https://data.hydrosheds.org/file/technical-documentation/BasinATLAS_Catalog_v10.pdf#page=30,percent cover,2000,u,20,pending_original_inputs,Original raw inputs not acquired in this pass; source preparation and validation remain pending.,,open_surrogate_estimate,open_surrogate,0.0031104999943636358
gad_id_smj,Global Administrative Areas (GADM) v2.0,University of Berkeley 2012,https://data.hydrosheds.org/file/technical-documentation/BasinATLAS_Catalog_v10.pdf#page=55,ID number,2012,s,20,pending_original_inputs,Original raw inputs not acquired in this pass; source preparation and validation remain pending.,,no_open_surrogate_in_this_pass,pending_open_source,
gdp_ud_sav,Gross Domestic Product Purchasing Power Parity (GDP PPP) v2,Kummu et al. 2018,https://data.hydrosheds.org/file/technical-documentation/BasinATLAS_Catalog_v10.pdf#page=56,US dollars,2015,s,20,pending_original_inputs,Original raw inputs not acquired in this pass; source preparation and validation remain pending.,,no_open_surrogate_in_this_pass,pending_open_source,
gdp_ud_ssu,Gross Domestic Product Purchasing Power Parity (GDP PPP) v2,Kummu et al. 2018,https://data.hydrosheds.org/file/technical-documentation/BasinATLAS_Catalog_v10.pdf#page=56,US dollars,2015,s,20,pending_original_inputs,Original raw inputs not acquired in this pass; source preparation and validation remain pending.,,no_open_surrogate_in_this_pass,pending_open_source,
gdp_ud_usu,Gross Domestic Product Purchasing Power Parity (GDP PPP) v2,Kummu et al. 2018,https://data.hydrosheds.org/file/technical-documentation/BasinATLAS_Catalog_v10.pdf#page=56,US dollars,2015,u,20,pending_original_inputs,Original raw inputs not acquired in this pass; source preparation and validation remain pending.,,no_open_surrogate_in_this_pass,pending_open_source,
gla_pc_sse,Global Land Ice Measurements from Space (GLIMS),GLIMS & NSIDC 2012,https://data.hydrosheds.org/file/technical-documentation/BasinATLAS_Catalog_v10.pdf#page=34,percent cover,Mixed/source-specific; resolve exact release and observation period before execution,s,20,pending_original_inputs,Original raw inputs not acquired in this pass; source preparation and validation remain pending.,,open_surrogate_estimate,original_source_family,0.0032838000042829663
gla_pc_use,Global Land Ice Measurements from Space (GLIMS),GLIMS & NSIDC 2012,https://data.hydrosheds.org/file/technical-documentation/BasinATLAS_Catalog_v10.pdf#page=34,percent cover,Mixed/source-specific; resolve exact release and observation period before execution,u,20,pending_original_inputs,Original raw inputs not acquired in this pass; source preparation and validation remain pending.,,open_surrogate_estimate,original_source_family,0.0032596999953966588
glc_cl_smj,GLC2000,Bartholomé & Belward 2005,https://data.hydrosheds.org/file/technical-documentation/BasinATLAS_Catalog_v10.pdf#page=24,classes (22),2000,s,20,pending_original_inputs,Original raw inputs not acquired in this pass; source preparation and validation remain pending.,,open_surrogate_estimate,crosswalk_surrogate,0.07862349998322316
glc_pc_s01,GLC2000,Bartholomé & Belward 2005,https://data.hydrosheds.org/file/technical-documentation/BasinATLAS_Catalog_v10.pdf#page=25,percent cover,2000,s,20,pending_original_inputs,Original raw inputs not acquired in this pass; source preparation and validation remain pending.,,open_surrogate_estimate,crosswalk_surrogate,0.003049399994779378
glc_pc_s02,GLC2000,Bartholomé & Belward 2005,https://data.hydrosheds.org/file/technical-documentation/BasinATLAS_Catalog_v10.pdf#page=25,percent cover,2000,s,20,pending_original_inputs,Original raw inputs not acquired in this pass; source preparation and validation remain pending.,,open_surrogate_estimate,crosswalk_surrogate,0.004269299999577925
glc_pc_s03,GLC2000,Bartholomé & Belward 2005,https://data.hydrosheds.org/file/technical-documentation/BasinATLAS_Catalog_v10.pdf#page=25,percent cover,2000,s,20,pending_original_inputs,Original raw inputs not acquired in this pass; source preparation and validation remain pending.,,open_surrogate_estimate,crosswalk_surrogate,0.005967999983113259
glc_pc_s04,GLC2000,Bartholomé & Belward 2005,https://data.hydrosheds.org/file/technical-documentation/BasinATLAS_Catalog_v10.pdf#page=25,percent cover,2000,s,20,pending_original_inputs,Original raw inputs not acquired in this pass; source preparation and validation remain pending.,,open_surrogate_estimate,crosswalk_surrogate,0.005971200007479638
glc_pc_s05,GLC2000,Bartholomé & Belward 2005,https://data.hydrosheds.org/file/technical-documentation/BasinATLAS_Catalog_v10.pdf#page=25,percent cover,2000,s,20,pending_original_inputs,Original raw inputs not acquired in this pass; source preparation and validation remain pending.,,open_surrogate_estimate,crosswalk_surrogate,0.006049800023902208
glc_pc_s06,GLC2000,Bartholomé & Belward 2005,https://data.hydrosheds.org/file/technical-documentation/BasinATLAS_Catalog_v10.pdf#page=25,percent cover,2000,s,20,pending_original_inputs,Original raw inputs not acquired in this pass; source preparation and validation remain pending.,,open_surrogate_estimate,crosswalk_surrogate,0.0059526000113692135
glc_pc_s07,GLC2000,Bartholomé & Belward 2005,https://data.hydrosheds.org/file/technical-documentation/BasinATLAS_Catalog_v10.pdf#page=25,percent cover,2000,s,20,pending_original_inputs,Original raw inputs not acquired in this pass; source preparation and validation remain pending.,,open_surrogate_estimate,crosswalk_surrogate,0.005985499999951571
glc_pc_s08,GLC2000,Bartholomé & Belward 2005,https://data.hydrosheds.org/file/technical-documentation/BasinATLAS_Catalog_v10.pdf#page=25,percent cover,2000,s,20,pending_original_inputs,Original raw inputs not acquired in this pass; source preparation and validation remain pending.,,open_surrogate_estimate,crosswalk_surrogate,0.003962799994042143
glc_pc_s09,GLC2000,Bartholomé & Belward 2005,https://data.hydrosheds.org/file/technical-documentation/BasinATLAS_Catalog_v10.pdf#page=25,percent cover,2000,s,20,pending_original_inputs,Original raw inputs not acquired in this pass; source preparation and validation remain pending.,,open_surrogate_estimate,crosswalk_surrogate,0.003439399995841086
glc_pc_s10,GLC2000,Bartholomé & Belward 2005,https://data.hydrosheds.org/file/technical-documentation/BasinATLAS_Catalog_v10.pdf#page=25,percent cover,2000,s,20,pending_original_inputs,Original raw inputs not acquired in this pass; source preparation and validation remain pending.,,open_surrogate_estimate,crosswalk_surrogate,0.0038400000194087625
glc_pc_s11,GLC2000,Bartholomé & Belward 2005,https://data.hydrosheds.org/file/technical-documentation/BasinATLAS_Catalog_v10.pdf#page=25,percent cover,2000,s,20,pending_original_inputs,Original raw inputs not acquired in this pass; source preparation and validation remain pending.,,open_surrogate_estimate,crosswalk_surrogate,0.004360699997050688
glc_pc_s12,GLC2000,Bartholomé & Belward 2005,https://data.hydrosheds.org/file/technical-documentation/BasinATLAS_Catalog_v10.pdf#page=25,percent cover,2000,s,20,pending_original_inputs,Original raw inputs not acquired in this pass; source preparation and validation remain pending.,,open_surrogate_estimate,crosswalk_surrogate,0.005923299991991371
glc_pc_s13,GLC2000,Bartholomé & Belward 2005,https://data.hydrosheds.org/file/technical-documentation/BasinATLAS_Catalog_v10.pdf#page=25,percent cover,2000,s,20,pending_original_inputs,Original raw inputs not acquired in this pass; source preparation and validation remain pending.,,open_surrogate_estimate,crosswalk_surrogate,0.005149500007973984
glc_pc_s14,GLC2000,Bartholomé & Belward 2005,https://data.hydrosheds.org/file/technical-documentation/BasinATLAS_Catalog_v10.pdf#page=25,percent cover,2000,s,20,pending_original_inputs,Original raw inputs not acquired in this pass; source preparation and validation remain pending.,,open_surrogate_estimate,crosswalk_surrogate,0.003960000001825392
glc_pc_s15,GLC2000,Bartholomé & Belward 2005,https://data.hydrosheds.org/file/technical-documentation/BasinATLAS_Catalog_v10.pdf#page=25,percent cover,2000,s,20,pending_original_inputs,Original raw inputs not acquired in this pass; source preparation and validation remain pending.,,open_surrogate_estimate,crosswalk_surrogate,0.003531099995598197
glc_pc_s16,GLC2000,Bartholomé & Belward 2005,https://data.hydrosheds.org/file/technical-documentation/BasinATLAS_Catalog_v10.pdf#page=25,percent cover,2000,s,20,pending_original_inputs,Original raw inputs not acquired in this pass; source preparation and validation remain pending.,,open_surrogate_estimate,crosswalk_surrogate,0.0033989999792538583
glc_pc_s17,GLC2000,Bartholomé & Belward 2005,https://data.hydrosheds.org/file/technical-documentation/BasinATLAS_Catalog_v10.pdf#page=25,percent cover,2000,s,20,pending_original_inputs,Original raw inputs not acquired in this pass; source preparation and validation remain pending.,,open_surrogate_estimate,crosswalk_surrogate,0.003968300006818026
glc_pc_s18,GLC2000,Bartholomé & Belward 2005,https://data.hydrosheds.org/file/technical-documentation/BasinATLAS_Catalog_v10.pdf#page=25,percent cover,2000,s,20,pending_original_inputs,Original raw inputs not acquired in this pass; source preparation and validation remain pending.,,open_surrogate_estimate,crosswalk_surrogate,0.0034917000157292932
glc_pc_s19,GLC2000,Bartholomé & Belward 2005,https://data.hydrosheds.org/file/technical-documentation/BasinATLAS_Catalog_v10.pdf#page=25,percent cover,2000,s,20,pending_original_inputs,Original raw inputs not acquired in this pass; source preparation and validation remain pending.,,open_surrogate_estimate,crosswalk_surrogate,0.003459100000327453
glc_pc_s20,GLC2000,Bartholomé & Belward 2005,https://data.hydrosheds.org/file/technical-documentation/BasinATLAS_Catalog_v10.pdf#page=25,percent cover,2000,s,20,pending_original_inputs,Original raw inputs not acquired in this pass; source preparation and validation remain pending.,,open_surrogate_estimate,crosswalk_surrogate,0.0036745000106748194
glc_pc_s21,GLC2000,Bartholomé & Belward 2005,https://data.hydrosheds.org/file/technical-documentation/BasinATLAS_Catalog_v10.pdf#page=25,percent cover,2000,s,20,pending_original_inputs,Original raw inputs not acquired in this pass; source preparation and validation remain pending.,,open_surrogate_estimate,crosswalk_surrogate,0.0031002000032458454
glc_pc_s22,GLC2000,Bartholomé & Belward 2005,https://data.hydrosheds.org/file/technical-documentation/BasinATLAS_Catalog_v10.pdf#page=25,percent cover,2000,s,20,pending_original_inputs,Original raw inputs not acquired in this pass; source preparation and validation remain pending.,,open_surrogate_estimate,crosswalk_surrogate,0.0030428999743890017
glc_pc_u01,GLC2000,Bartholomé & Belward 2005,https://data.hydrosheds.org/file/technical-documentation/BasinATLAS_Catalog_v10.pdf#page=25,percent cover,2000,u,20,pending_original_inputs,Original raw inputs not acquired in this pass; source preparation and validation remain pending.,,open_surrogate_estimate,crosswalk_surrogate,0.0031048000091686845
glc_pc_u02,GLC2000,Bartholomé & Belward 2005,https://data.hydrosheds.org/file/technical-documentation/BasinATLAS_Catalog_v10.pdf#page=25,percent cover,2000,u,20,pending_original_inputs,Original raw inputs not acquired in this pass; source preparation and validation remain pending.,,open_surrogate_estimate,crosswalk_surrogate,0.0031290000188164413
glc_pc_u03,GLC2000,Bartholomé & Belward 2005,https://data.hydrosheds.org/file/technical-documentation/BasinATLAS_Catalog_v10.pdf#page=25,percent cover,2000,u,20,pending_original_inputs,Original raw inputs not acquired in this pass; source preparation and validation remain pending.,,open_surrogate_estimate,crosswalk_surrogate,0.0034491000114940107
glc_pc_u04,GLC2000,Bartholomé & Belward 2005,https://data.hydrosheds.org/file/technical-documentation/BasinATLAS_Catalog_v10.pdf#page=25,percent cover,2000,u,20,pending_original_inputs,Original raw inputs not acquired in this pass; source preparation and validation remain pending.,,open_surrogate_estimate,crosswalk_surrogate,0.0037178000202402472
glc_pc_u05,GLC2000,Bartholomé & Belward 2005,https://data.hydrosheds.org/file/technical-documentation/BasinATLAS_Catalog_v10.pdf#page=25,percent cover,2000,u,20,pending_original_inputs,Original raw inputs not acquired in this pass; source preparation and validation remain pending.,,open_surrogate_estimate,crosswalk_surrogate,0.003759699990041554
glc_pc_u06,GLC2000,Bartholomé & Belward 2005,https://data.hydrosheds.org/file/technical-documentation/BasinATLAS_Catalog_v10.pdf#page=25,percent cover,2000,u,20,pending_original_inputs,Original raw inputs not acquired in this pass; source preparation and validation remain pending.,,open_surrogate_estimate,crosswalk_surrogate,0.0035767999943345785
glc_pc_u07,GLC2000,Bartholomé & Belward 2005,https://data.hydrosheds.org/file/technical-documentation/BasinATLAS_Catalog_v10.pdf#page=25,percent cover,2000,u,20,pending_original_inputs,Original raw inputs not acquired in this pass; source preparation and validation remain pending.,,open_surrogate_estimate,crosswalk_surrogate,0.0047682000149507076
glc_pc_u08,GLC2000,Bartholomé & Belward 2005,https://data.hydrosheds.org/file/technical-documentation/BasinATLAS_Catalog_v10.pdf#page=25,percent cover,2000,u,20,pending_original_inputs,Original raw inputs not acquired in this pass; source preparation and validation remain pending.,,open_surrogate_estimate,crosswalk_surrogate,0.0036545000039041042
glc_pc_u09,GLC2000,Bartholomé & Belward 2005,https://data.hydrosheds.org/file/technical-documentation/BasinATLAS_Catalog_v10.pdf#page=25,percent cover,2000,u,20,pending_original_inputs,Original raw inputs not acquired in this pass; source preparation and validation remain pending.,,open_surrogate_estimate,crosswalk_surrogate,0.0035022000083699822
glc_pc_u10,GLC2000,Bartholomé & Belward 2005,https://data.hydrosheds.org/file/technical-documentation/BasinATLAS_Catalog_v10.pdf#page=25,percent cover,2000,u,20,pending_original_inputs,Original raw inputs not acquired in this pass; source preparation and validation remain pending.,,open_surrogate_estimate,crosswalk_surrogate,0.0035425999958533794
glc_pc_u11,GLC2000,Bartholomé & Belward 2005,https://data.hydrosheds.org/file/technical-documentation/BasinATLAS_Catalog_v10.pdf#page=25,percent cover,2000,u,20,pending_original_inputs,Original raw inputs not acquired in this pass; source preparation and validation remain pending.,,open_surrogate_estimate,crosswalk_surrogate,0.00347290001809597
glc_pc_u12,GLC2000,Bartholomé & Belward 2005,https://data.hydrosheds.org/file/technical-documentation/BasinATLAS_Catalog_v10.pdf#page=25,percent cover,2000,u,20,pending_original_inputs,Original raw inputs not acquired in this pass; source preparation and validation remain pending.,,open_surrogate_estimate,crosswalk_surrogate,0.0031454000272788107
glc_pc_u13,GLC2000,Bartholomé & Belward 2005,https://data.hydrosheds.org/file/technical-documentation/BasinATLAS_Catalog_v10.pdf#page=25,percent cover,2000,u,20,pending_original_inputs,Original raw inputs not acquired in this pass; source preparation and validation remain pending.,,open_surrogate_estimate,crosswalk_surrogate,0.003149299998767674
glc_pc_u14,GLC2000,Bartholomé & Belward 2005,https://data.hydrosheds.org/file/technical-documentation/BasinATLAS_Catalog_v10.pdf#page=25,percent cover,2000,u,20,pending_original_inputs,Original raw inputs not acquired in this pass; source preparation and validation remain pending.,,open_surrogate_estimate,crosswalk_surrogate,0.003113099985057488
glc_pc_u15,GLC2000,Bartholomé & Belward 2005,https://data.hydrosheds.org/file/technical-documentation/BasinATLAS_Catalog_v10.pdf#page=25,percent cover,2000,u,20,pending_original_inputs,Original raw inputs not acquired in this pass; source preparation and validation remain pending.,,open_surrogate_estimate,crosswalk_surrogate,0.0031241000106092542
glc_pc_u16,GLC2000,Bartholomé & Belward 2005,https://data.hydrosheds.org/file/technical-documentation/BasinATLAS_Catalog_v10.pdf#page=25,percent cover,2000,u,20,pending_original_inputs,Original raw inputs not acquired in this pass; source preparation and validation remain pending.,,open_surrogate_estimate,crosswalk_surrogate,0.003387400007341057
glc_pc_u17,GLC2000,Bartholomé & Belward 2005,https://data.hydrosheds.org/file/technical-documentation/BasinATLAS_Catalog_v10.pdf#page=25,percent cover,2000,u,20,pending_original_inputs,Original raw inputs not acquired in this pass; source preparation and validation remain pending.,,open_surrogate_estimate,crosswalk_surrogate,0.003568099986296147
glc_pc_u18,GLC2000,Bartholomé & Belward 2005,https://data.hydrosheds.org/file/technical-documentation/BasinATLAS_Catalog_v10.pdf#page=25,percent cover,2000,u,20,pending_original_inputs,Original raw inputs not acquired in this pass; source preparation and validation remain pending.,,open_surrogate_estimate,crosswalk_surrogate,0.0038065999979153275
glc_pc_u19,GLC2000,Bartholomé & Belward 2005,https://data.hydrosheds.org/file/technical-documentation/BasinATLAS_Catalog_v10.pdf#page=25,percent cover,2000,u,20,pending_original_inputs,Original raw inputs not acquired in this pass; source preparation and validation remain pending.,,open_surrogate_estimate,crosswalk_surrogate,0.0032192000071518123
glc_pc_u20,GLC2000,Bartholomé & Belward 2005,https://data.hydrosheds.org/file/technical-documentation/BasinATLAS_Catalog_v10.pdf#page=25,percent cover,2000,u,20,pending_original_inputs,Original raw inputs not acquired in this pass; source preparation and validation remain pending.,,open_surrogate_estimate,crosswalk_surrogate,0.0032688000064808875
glc_pc_u21,GLC2000,Bartholomé & Belward 2005,https://data.hydrosheds.org/file/technical-documentation/BasinATLAS_Catalog_v10.pdf#page=25,percent cover,2000,u,20,pending_original_inputs,Original raw inputs not acquired in this pass; source preparation and validation remain pending.,,open_surrogate_estimate,crosswalk_surrogate,0.0034420999872963876
glc_pc_u22,GLC2000,Bartholomé & Belward 2005,https://data.hydrosheds.org/file/technical-documentation/BasinATLAS_Catalog_v10.pdf#page=25,percent cover,2000,u,20,pending_original_inputs,Original raw inputs not acquired in this pass; source preparation and validation remain pending.,,open_surrogate_estimate,crosswalk_surrogate,0.003583799989428371
gwt_cm_sav,Global Groundwater Map,Fan et al. 2013,https://data.hydrosheds.org/file/technical-documentation/BasinATLAS_Catalog_v10.pdf#page=11,centimeters,Mixed/source-specific; resolve exact release and observation period before execution,s,20,pending_original_inputs,Original raw inputs not acquired in this pass; source preparation and validation remain pending.,,no_open_surrogate_in_this_pass,pending_open_source,
hdi_ix_sav,Human Development Index (HDI) v2,Kummu et al. 2018,https://data.hydrosheds.org/file/technical-documentation/BasinATLAS_Catalog_v10.pdf#page=57,index value (x1000),2015,s,20,pending_original_inputs,Original raw inputs not acquired in this pass; source preparation and validation remain pending.,,no_open_surrogate_in_this_pass,pending_open_source,
hft_ix_s09,Global Human Footprint v2,Venter et al. 2016,https://data.hydrosheds.org/file/technical-documentation/BasinATLAS_Catalog_v10.pdf#page=54,index value (x10),1993 / 2009,s,20,pending_original_inputs,Original raw inputs not acquired in this pass; source preparation and validation remain pending.,,open_surrogate_estimate,weak_surrogate,0.003118599997833371
hft_ix_s93,Global Human Footprint v2,Venter et al. 2016,https://data.hydrosheds.org/file/technical-documentation/BasinATLAS_Catalog_v10.pdf#page=54,index value (x10),1993 / 2009,s,20,pending_original_inputs,Original raw inputs not acquired in this pass; source preparation and validation remain pending.,,no_open_surrogate_in_this_pass,weak_surrogate,
hft_ix_u09,Global Human Footprint v2,Venter et al. 2016,https://data.hydrosheds.org/file/technical-documentation/BasinATLAS_Catalog_v10.pdf#page=54,index value (x10),1993 / 2009,u,20,pending_original_inputs,Original raw inputs not acquired in this pass; source preparation and validation remain pending.,,open_surrogate_estimate,weak_surrogate,0.0032503000111319125
hft_ix_u93,Global Human Footprint v2,Venter et al. 2016,https://data.hydrosheds.org/file/technical-documentation/BasinATLAS_Catalog_v10.pdf#page=54,index value (x10),1993 / 2009,u,20,pending_original_inputs,Original raw inputs not acquired in this pass; source preparation and validation remain pending.,,no_open_surrogate_in_this_pass,weak_surrogate,
inu_pc_slt,Global Inundation Extent from Multi-Satellites (GIEMS-D15),Fluet-Chouinard et al. 2015,https://data.hydrosheds.org/file/technical-documentation/BasinATLAS_Catalog_v10.pdf#page=4,percent cover,1993-2004,s,20,pending_original_inputs,Original raw inputs not acquired in this pass; source preparation and validation remain pending.,,open_surrogate_estimate,weak_surrogate,0.0036629999813158065
inu_pc_smn,Global Inundation Extent from Multi-Satellites (GIEMS-D15),Fluet-Chouinard et al. 2015,https://data.hydrosheds.org/file/technical-documentation/BasinATLAS_Catalog_v10.pdf#page=4,percent cover,1993-2004,s,20,pending_original_inputs,Original raw inputs not acquired in this pass; source preparation and validation remain pending.,,open_surrogate_estimate,weak_surrogate,0.004438700008904561
inu_pc_smx,Global Inundation Extent from Multi-Satellites (GIEMS-D15),Fluet-Chouinard et al. 2015,https://data.hydrosheds.org/file/technical-documentation/BasinATLAS_Catalog_v10.pdf#page=4,percent cover,1993-2004,s,20,pending_original_inputs,Original raw inputs not acquired in this pass; source preparation and validation remain pending.,,open_surrogate_estimate,weak_surrogate,0.005830900016007945
inu_pc_ult,Global Inundation Extent from Multi-Satellites (GIEMS-D15),Fluet-Chouinard et al. 2015,https://data.hydrosheds.org/file/technical-documentation/BasinATLAS_Catalog_v10.pdf#page=4,percent cover,1993-2004,u,20,pending_original_inputs,Original raw inputs not acquired in this pass; source preparation and validation remain pending.,,open_surrogate_estimate,weak_surrogate,0.005103300005430356
inu_pc_umn,Global Inundation Extent from Multi-Satellites (GIEMS-D15),Fluet-Chouinard et al. 2015,https://data.hydrosheds.org/file/technical-documentation/BasinATLAS_Catalog_v10.pdf#page=4,percent cover,1993-2004,u,20,pending_original_inputs,Original raw inputs not acquired in this pass; source preparation and validation remain pending.,,open_surrogate_estimate,weak_surrogate,0.0037338999973144382
inu_pc_umx,Global Inundation Extent from Multi-Satellites (GIEMS-D15),Fluet-Chouinard et al. 2015,https://data.hydrosheds.org/file/technical-documentation/BasinATLAS_Catalog_v10.pdf#page=4,percent cover,1993-2004,u,20,pending_original_inputs,Original raw inputs not acquired in this pass; source preparation and validation remain pending.,,open_surrogate_estimate,weak_surrogate,0.003675999992992729
ire_pc_sse,Historical Irrigation Dataset (HID) v1.0,Siebert et al. 2015,https://data.hydrosheds.org/file/technical-documentation/BasinATLAS_Catalog_v10.pdf#page=33,percent cover,2005,s,20,pending_original_inputs,Original raw inputs not acquired in this pass; source preparation and validation remain pending.,,open_surrogate_estimate,weak_surrogate,0.0036199000023771077
ire_pc_use,Historical Irrigation Dataset (HID) v1.0,Siebert et al. 2015,https://data.hydrosheds.org/file/technical-documentation/BasinATLAS_Catalog_v10.pdf#page=33,percent cover,2005,u,20,pending_original_inputs,Original raw inputs not acquired in this pass; source preparation and validation remain pending.,,open_surrogate_estimate,weak_surrogate,0.0033830000029411167
kar_pc_sse,World Map of Carbonate Rock Outcrops v3.0,Williams & Ford 2006,https://data.hydrosheds.org/file/technical-documentation/BasinATLAS_Catalog_v10.pdf#page=47,percent cover,Mixed/source-specific; resolve exact release and observation period before execution,s,20,pending_original_inputs,Original raw inputs not acquired in this pass; source preparation and validation remain pending.,,no_open_surrogate_in_this_pass,pending_open_source,
kar_pc_use,World Map of Carbonate Rock Outcrops v3.0,Williams & Ford 2006,https://data.hydrosheds.org/file/technical-documentation/BasinATLAS_Catalog_v10.pdf#page=47,percent cover,Mixed/source-specific; resolve exact release and observation period before execution,u,20,pending_original_inputs,Original raw inputs not acquired in this pass; source preparation and validation remain pending.,,no_open_surrogate_in_this_pass,pending_open_source,
lit_cl_smj,Global Lithological Map (GLiM),Hartmann & Moosdorf 2012,https://data.hydrosheds.org/file/technical-documentation/BasinATLAS_Catalog_v10.pdf#page=46,classes (16),Mixed/source-specific; resolve exact release and observation period before execution,s,20,pending_original_inputs,Original raw inputs not acquired in this pass; source preparation and validation remain pending.,,no_open_surrogate_in_this_pass,pending_open_source,
lka_pc_sse,HydroLAKES,Messager et al. 2016,https://data.hydrosheds.org/file/technical-documentation/BasinATLAS_Catalog_v10.pdf#page=5,percent cover (x10),Mixed/source-specific; resolve exact release and observation period before execution,s,20,pending_original_inputs,Original raw inputs not acquired in this pass; source preparation and validation remain pending.,,open_surrogate_estimate,original_source,
lka_pc_use,HydroLAKES,Messager et al. 2016,https://data.hydrosheds.org/file/technical-documentation/BasinATLAS_Catalog_v10.pdf#page=5,percent cover (x10),Mixed/source-specific; resolve exact release and observation period before execution,u,20,pending_original_inputs,Original raw inputs not acquired in this pass; source preparation and validation remain pending.,,open_surrogate_estimate,original_source,
lkv_mc_usu,HydroLAKES,Messager et al. 2016,https://data.hydrosheds.org/file/technical-documentation/BasinATLAS_Catalog_v10.pdf#page=6,million cubic meters,Mixed/source-specific; resolve exact release and observation period before execution,u,20,pending_original_inputs,Original raw inputs not acquired in this pass; source preparation and validation remain pending.,,open_surrogate_estimate,original_source,
nli_ix_sav,DMSP-OLS Nighttime Lights v4,Doll 2008,https://data.hydrosheds.org/file/technical-documentation/BasinATLAS_Catalog_v10.pdf#page=52,index value (x100),2008,s,20,pending_original_inputs,Original raw inputs not acquired in this pass; source preparation and validation remain pending.,,open_surrogate_estimate,original_source_family,0.0031540000054519624
nli_ix_uav,DMSP-OLS Nighttime Lights v4,Doll 2008,https://data.hydrosheds.org/file/technical-documentation/BasinATLAS_Catalog_v10.pdf#page=52,index value (x100),2008,u,20,pending_original_inputs,Original raw inputs not acquired in this pass; source preparation and validation remain pending.,,open_surrogate_estimate,original_source_family,0.003081399976508692
pac_pc_sse,World Database on Protected Areas (WDPA),IUCN & UNEP-WCMC 2014,https://data.hydrosheds.org/file/technical-documentation/BasinATLAS_Catalog_v10.pdf#page=36,percent cover,2014-10,s,20,pending_original_inputs,Original raw inputs not acquired in this pass; source preparation and validation remain pending.,,open_surrogate_estimate,original_source_family,0.0031649999727960676
pac_pc_use,World Database on Protected Areas (WDPA),IUCN & UNEP-WCMC 2014,https://data.hydrosheds.org/file/technical-documentation/BasinATLAS_Catalog_v10.pdf#page=36,percent cover,2014-10,u,20,pending_original_inputs,Original raw inputs not acquired in this pass; source preparation and validation remain pending.,,open_surrogate_estimate,original_source_family,0.003193000011378899
pet_mm_s01,Global-PET v1,Zomer et al. 2008,https://data.hydrosheds.org/file/technical-documentation/BasinATLAS_Catalog_v10.pdf#page=19,millimeters,Mixed/source-specific; resolve exact release and observation period before execution,s,20,pending_original_inputs,Original raw inputs not acquired in this pass; source preparation and validation remain pending.,,open_surrogate_estimate,open_surrogate,0.0033565999765414745
pet_mm_s02,Global-PET v1,Zomer et al. 2008,https://data.hydrosheds.org/file/technical-documentation/BasinATLAS_Catalog_v10.pdf#page=19,millimeters,Mixed/source-specific; resolve exact release and observation period before execution,s,20,pending_original_inputs,Original raw inputs not acquired in this pass; source preparation and validation remain pending.,,open_surrogate_estimate,open_surrogate,0.0042458999960217625
pet_mm_s03,Global-PET v1,Zomer et al. 2008,https://data.hydrosheds.org/file/technical-documentation/BasinATLAS_Catalog_v10.pdf#page=19,millimeters,Mixed/source-specific; resolve exact release and observation period before execution,s,20,pending_original_inputs,Original raw inputs not acquired in this pass; source preparation and validation remain pending.,,open_surrogate_estimate,open_surrogate,0.005523700005142018
pet_mm_s04,Global-PET v1,Zomer et al. 2008,https://data.hydrosheds.org/file/technical-documentation/BasinATLAS_Catalog_v10.pdf#page=19,millimeters,Mixed/source-specific; resolve exact release and observation period before execution,s,20,pending_original_inputs,Original raw inputs not acquired in this pass; source preparation and validation remain pending.,,open_surrogate_estimate,open_surrogate,0.005575999995926395
pet_mm_s05,Global-PET v1,Zomer et al. 2008,https://data.hydrosheds.org/file/technical-documentation/BasinATLAS_Catalog_v10.pdf#page=19,millimeters,Mixed/source-specific; resolve exact release and observation period before execution,s,20,pending_original_inputs,Original raw inputs not acquired in this pass; source preparation and validation remain pending.,,open_surrogate_estimate,open_surrogate,0.004569200013065711
pet_mm_s06,Global-PET v1,Zomer et al. 2008,https://data.hydrosheds.org/file/technical-documentation/BasinATLAS_Catalog_v10.pdf#page=19,millimeters,Mixed/source-specific; resolve exact release and observation period before execution,s,20,pending_original_inputs,Original raw inputs not acquired in this pass; source preparation and validation remain pending.,,open_surrogate_estimate,open_surrogate,0.0034272000193595886
pet_mm_s07,Global-PET v1,Zomer et al. 2008,https://data.hydrosheds.org/file/technical-documentation/BasinATLAS_Catalog_v10.pdf#page=19,millimeters,Mixed/source-specific; resolve exact release and observation period before execution,s,20,pending_original_inputs,Original raw inputs not acquired in this pass; source preparation and validation remain pending.,,open_surrogate_estimate,open_surrogate,0.0034398999996483326
pet_mm_s08,Global-PET v1,Zomer et al. 2008,https://data.hydrosheds.org/file/technical-documentation/BasinATLAS_Catalog_v10.pdf#page=19,millimeters,Mixed/source-specific; resolve exact release and observation period before execution,s,20,pending_original_inputs,Original raw inputs not acquired in this pass; source preparation and validation remain pending.,,open_surrogate_estimate,open_surrogate,0.0033756000048015267
pet_mm_s09,Global-PET v1,Zomer et al. 2008,https://data.hydrosheds.org/file/technical-documentation/BasinATLAS_Catalog_v10.pdf#page=19,millimeters,Mixed/source-specific; resolve exact release and observation period before execution,s,20,pending_original_inputs,Original raw inputs not acquired in this pass; source preparation and validation remain pending.,,open_surrogate_estimate,open_surrogate,0.0034054999996442348
pet_mm_s10,Global-PET v1,Zomer et al. 2008,https://data.hydrosheds.org/file/technical-documentation/BasinATLAS_Catalog_v10.pdf#page=19,millimeters,Mixed/source-specific; resolve exact release and observation period before execution,s,20,pending_original_inputs,Original raw inputs not acquired in this pass; source preparation and validation remain pending.,,open_surrogate_estimate,open_surrogate,0.003651699982583523
pet_mm_s11,Global-PET v1,Zomer et al. 2008,https://data.hydrosheds.org/file/technical-documentation/BasinATLAS_Catalog_v10.pdf#page=19,millimeters,Mixed/source-specific; resolve exact release and observation period before execution,s,20,pending_original_inputs,Original raw inputs not acquired in this pass; source preparation and validation remain pending.,,open_surrogate_estimate,open_surrogate,0.0037622000090777874
pet_mm_s12,Global-PET v1,Zomer et al. 2008,https://data.hydrosheds.org/file/technical-documentation/BasinATLAS_Catalog_v10.pdf#page=19,millimeters,Mixed/source-specific; resolve exact release and observation period before execution,s,20,pending_original_inputs,Original raw inputs not acquired in this pass; source preparation and validation remain pending.,,open_surrogate_estimate,open_surrogate,0.004943000007187948
pet_mm_syr,Global-PET v1,Zomer et al. 2008,https://data.hydrosheds.org/file/technical-documentation/BasinATLAS_Catalog_v10.pdf#page=19,millimeters,Mixed/source-specific; resolve exact release and observation period before execution,s,20,pending_original_inputs,Original raw inputs not acquired in this pass; source preparation and validation remain pending.,,open_surrogate_estimate,open_surrogate,0.003453299985267222
pet_mm_uyr,Global-PET v1,Zomer et al. 2008,https://data.hydrosheds.org/file/technical-documentation/BasinATLAS_Catalog_v10.pdf#page=19,millimeters,Mixed/source-specific; resolve exact release and observation period before execution,u,20,pending_original_inputs,Original raw inputs not acquired in this pass; source preparation and validation remain pending.,,open_surrogate_estimate,open_surrogate,0.0048316000029444695
pnv_cl_smj,EarthStat,Ramankutty & Foley 1999,https://data.hydrosheds.org/file/technical-documentation/BasinATLAS_Catalog_v10.pdf#page=26,classes (15),Mixed/source-specific; resolve exact release and observation period before execution,s,20,pending_original_inputs,Original raw inputs not acquired in this pass; source preparation and validation remain pending.,,open_surrogate_estimate,crosswalk_surrogate,0.04856580001069233
pnv_pc_s01,EarthStat,Ramankutty & Foley 1999,https://data.hydrosheds.org/file/technical-documentation/BasinATLAS_Catalog_v10.pdf#page=27,percent cover,Mixed/source-specific; resolve exact release and observation period before execution,s,20,pending_original_inputs,Original raw inputs not acquired in this pass; source preparation and validation remain pending.,,open_surrogate_estimate,crosswalk_surrogate,0.0032367999956477433
pnv_pc_s02,EarthStat,Ramankutty & Foley 1999,https://data.hydrosheds.org/file/technical-documentation/BasinATLAS_Catalog_v10.pdf#page=27,percent cover,Mixed/source-specific; resolve exact release and observation period before execution,s,20,pending_original_inputs,Original raw inputs not acquired in this pass; source preparation and validation remain pending.,,open_surrogate_estimate,crosswalk_surrogate,0.0030661999771837145
pnv_pc_s03,EarthStat,Ramankutty & Foley 1999,https://data.hydrosheds.org/file/technical-documentation/BasinATLAS_Catalog_v10.pdf#page=27,percent cover,Mixed/source-specific; resolve exact release and observation period before execution,s,20,pending_original_inputs,Original raw inputs not acquired in this pass; source preparation and validation remain pending.,,open_surrogate_estimate,crosswalk_surrogate,0.0031131000141613185
pnv_pc_s04,EarthStat,Ramankutty & Foley 1999,https://data.hydrosheds.org/file/technical-documentation/BasinATLAS_Catalog_v10.pdf#page=27,percent cover,Mixed/source-specific; resolve exact release and observation period before execution,s,20,pending_original_inputs,Original raw inputs not acquired in this pass; source preparation and validation remain pending.,,open_surrogate_estimate,crosswalk_surrogate,0.0030566000204999
pnv_pc_s05,EarthStat,Ramankutty & Foley 1999,https://data.hydrosheds.org/file/technical-documentation/BasinATLAS_Catalog_v10.pdf#page=27,percent cover,Mixed/source-specific; resolve exact release and observation period before execution,s,20,pending_original_inputs,Original raw inputs not acquired in this pass; source preparation and validation remain pending.,,open_surrogate_estimate,crosswalk_surrogate,0.003302800003439188
pnv_pc_s06,EarthStat,Ramankutty & Foley 1999,https://data.hydrosheds.org/file/technical-documentation/BasinATLAS_Catalog_v10.pdf#page=27,percent cover,Mixed/source-specific; resolve exact release and observation period before execution,s,20,pending_original_inputs,Original raw inputs not acquired in this pass; source preparation and validation remain pending.,,open_surrogate_estimate,crosswalk_surrogate,0.0030746999836992472
pnv_pc_s07,EarthStat,Ramankutty & Foley 1999,https://data.hydrosheds.org/file/technical-documentation/BasinATLAS_Catalog_v10.pdf#page=27,percent cover,Mixed/source-specific; resolve exact release and observation period before execution,s,20,pending_original_inputs,Original raw inputs not acquired in this pass; source preparation and validation remain pending.,,open_surrogate_estimate,crosswalk_surrogate,0.0030587000073865056
pnv_pc_s08,EarthStat,Ramankutty & Foley 1999,https://data.hydrosheds.org/file/technical-documentation/BasinATLAS_Catalog_v10.pdf#page=27,percent cover,Mixed/source-specific; resolve exact release and observation period before execution,s,20,pending_original_inputs,Original raw inputs not acquired in this pass; source preparation and validation remain pending.,,open_surrogate_estimate,crosswalk_surrogate,0.0030602000188082457
pnv_pc_s09,EarthStat,Ramankutty & Foley 1999,https://data.hydrosheds.org/file/technical-documentation/BasinATLAS_Catalog_v10.pdf#page=27,percent cover,Mixed/source-specific; resolve exact release and observation period before execution,s,20,pending_original_inputs,Original raw inputs not acquired in this pass; source preparation and validation remain pending.,,open_surrogate_estimate,crosswalk_surrogate,0.00306990000535734
pnv_pc_s10,EarthStat,Ramankutty & Foley 1999,https://data.hydrosheds.org/file/technical-documentation/BasinATLAS_Catalog_v10.pdf#page=27,percent cover,Mixed/source-specific; resolve exact release and observation period before execution,s,20,pending_original_inputs,Original raw inputs not acquired in this pass; source preparation and validation remain pending.,,open_surrogate_estimate,crosswalk_surrogate,0.0032330000249203295
pnv_pc_s11,EarthStat,Ramankutty & Foley 1999,https://data.hydrosheds.org/file/technical-documentation/BasinATLAS_Catalog_v10.pdf#page=27,percent cover,Mixed/source-specific; resolve exact release and observation period before execution,s,20,pending_original_inputs,Original raw inputs not acquired in this pass; source preparation and validation remain pending.,,open_surrogate_estimate,crosswalk_surrogate,0.0031223999976646155
pnv_pc_s12,EarthStat,Ramankutty & Foley 1999,https://data.hydrosheds.org/file/technical-documentation/BasinATLAS_Catalog_v10.pdf#page=27,percent cover,Mixed/source-specific; resolve exact release and observation period before execution,s,20,pending_original_inputs,Original raw inputs not acquired in this pass; source preparation and validation remain pending.,,open_surrogate_estimate,crosswalk_surrogate,0.0030282000079751015
pnv_pc_s13,EarthStat,Ramankutty & Foley 1999,https://data.hydrosheds.org/file/technical-documentation/BasinATLAS_Catalog_v10.pdf#page=27,percent cover,Mixed/source-specific; resolve exact release and observation period before execution,s,20,pending_original_inputs,Original raw inputs not acquired in this pass; source preparation and validation remain pending.,,open_surrogate_estimate,crosswalk_surrogate,0.0030261999927461147
pnv_pc_s14,EarthStat,Ramankutty & Foley 1999,https://data.hydrosheds.org/file/technical-documentation/BasinATLAS_Catalog_v10.pdf#page=27,percent cover,Mixed/source-specific; resolve exact release and observation period before execution,s,20,pending_original_inputs,Original raw inputs not acquired in this pass; source preparation and validation remain pending.,,open_surrogate_estimate,crosswalk_surrogate,0.0030624000064563006
pnv_pc_s15,EarthStat,Ramankutty & Foley 1999,https://data.hydrosheds.org/file/technical-documentation/BasinATLAS_Catalog_v10.pdf#page=27,percent cover,Mixed/source-specific; resolve exact release and observation period before execution,s,20,pending_original_inputs,Original raw inputs not acquired in this pass; source preparation and validation remain pending.,,open_surrogate_estimate,crosswalk_surrogate,0.0030297000193968415
pnv_pc_u01,EarthStat,Ramankutty & Foley 1999,https://data.hydrosheds.org/file/technical-documentation/BasinATLAS_Catalog_v10.pdf#page=27,percent cover,Mixed/source-specific; resolve exact release and observation period before execution,u,20,pending_original_inputs,Original raw inputs not acquired in this pass; source preparation and validation remain pending.,,open_surrogate_estimate,crosswalk_surrogate,0.003191199997672811
pnv_pc_u02,EarthStat,Ramankutty & Foley 1999,https://data.hydrosheds.org/file/technical-documentation/BasinATLAS_Catalog_v10.pdf#page=27,percent cover,Mixed/source-specific; resolve exact release and observation period before execution,u,20,pending_original_inputs,Original raw inputs not acquired in this pass; source preparation and validation remain pending.,,open_surrogate_estimate,crosswalk_surrogate,0.00312909999047406
pnv_pc_u03,EarthStat,Ramankutty & Foley 1999,https://data.hydrosheds.org/file/technical-documentation/BasinATLAS_Catalog_v10.pdf#page=27,percent cover,Mixed/source-specific; resolve exact release and observation period before execution,u,20,pending_original_inputs,Original raw inputs not acquired in this pass; source preparation and validation remain pending.,,open_surrogate_estimate,crosswalk_surrogate,0.0031891000107862055
pnv_pc_u04,EarthStat,Ramankutty & Foley 1999,https://data.hydrosheds.org/file/technical-documentation/BasinATLAS_Catalog_v10.pdf#page=27,percent cover,Mixed/source-specific; resolve exact release and observation period before execution,u,20,pending_original_inputs,Original raw inputs not acquired in this pass; source preparation and validation remain pending.,,open_surrogate_estimate,crosswalk_surrogate,0.003980499983299524
pnv_pc_u05,EarthStat,Ramankutty & Foley 1999,https://data.hydrosheds.org/file/technical-documentation/BasinATLAS_Catalog_v10.pdf#page=27,percent cover,Mixed/source-specific; resolve exact release and observation period before execution,u,20,pending_original_inputs,Original raw inputs not acquired in this pass; source preparation and validation remain pending.,,open_surrogate_estimate,crosswalk_surrogate,0.004657199984649196
pnv_pc_u06,EarthStat,Ramankutty & Foley 1999,https://data.hydrosheds.org/file/technical-documentation/BasinATLAS_Catalog_v10.pdf#page=27,percent cover,Mixed/source-specific; resolve exact release and observation period before execution,u,20,pending_original_inputs,Original raw inputs not acquired in this pass; source preparation and validation remain pending.,,open_surrogate_estimate,crosswalk_surrogate,0.0031168999848887324
pnv_pc_u07,EarthStat,Ramankutty & Foley 1999,https://data.hydrosheds.org/file/technical-documentation/BasinATLAS_Catalog_v10.pdf#page=27,percent cover,Mixed/source-specific; resolve exact release and observation period before execution,u,20,pending_original_inputs,Original raw inputs not acquired in this pass; source preparation and validation remain pending.,,open_surrogate_estimate,crosswalk_surrogate,0.0031003000040072948
pnv_pc_u08,EarthStat,Ramankutty & Foley 1999,https://data.hydrosheds.org/file/technical-documentation/BasinATLAS_Catalog_v10.pdf#page=27,percent cover,Mixed/source-specific; resolve exact release and observation period before execution,u,20,pending_original_inputs,Original raw inputs not acquired in this pass; source preparation and validation remain pending.,,open_surrogate_estimate,crosswalk_surrogate,0.003095799998845905
pnv_pc_u09,EarthStat,Ramankutty & Foley 1999,https://data.hydrosheds.org/file/technical-documentation/BasinATLAS_Catalog_v10.pdf#page=27,percent cover,Mixed/source-specific; resolve exact release and observation period before execution,u,20,pending_original_inputs,Original raw inputs not acquired in this pass; source preparation and validation remain pending.,,open_surrogate_estimate,crosswalk_surrogate,0.0034023000043816864
pnv_pc_u10,EarthStat,Ramankutty & Foley 1999,https://data.hydrosheds.org/file/technical-documentation/BasinATLAS_Catalog_v10.pdf#page=27,percent cover,Mixed/source-specific; resolve exact release and observation period before execution,u,20,pending_original_inputs,Original raw inputs not acquired in this pass; source preparation and validation remain pending.,,open_surrogate_estimate,crosswalk_surrogate,0.003347199992276728
pnv_pc_u11,EarthStat,Ramankutty & Foley 1999,https://data.hydrosheds.org/file/technical-documentation/BasinATLAS_Catalog_v10.pdf#page=27,percent cover,Mixed/source-specific; resolve exact release and observation period before execution,u,20,pending_original_inputs,Original raw inputs not acquired in this pass; source preparation and validation remain pending.,,open_surrogate_estimate,crosswalk_surrogate,0.003203100000973791
pnv_pc_u12,EarthStat,Ramankutty & Foley 1999,https://data.hydrosheds.org/file/technical-documentation/BasinATLAS_Catalog_v10.pdf#page=27,percent cover,Mixed/source-specific; resolve exact release and observation period before execution,u,20,pending_original_inputs,Original raw inputs not acquired in this pass; source preparation and validation remain pending.,,open_surrogate_estimate,crosswalk_surrogate,0.0030916999967303127
pnv_pc_u13,EarthStat,Ramankutty & Foley 1999,https://data.hydrosheds.org/file/technical-documentation/BasinATLAS_Catalog_v10.pdf#page=27,percent cover,Mixed/source-specific; resolve exact release and observation period before execution,u,20,pending_original_inputs,Original raw inputs not acquired in this pass; source preparation and validation remain pending.,,open_surrogate_estimate,crosswalk_surrogate,0.003094800020335242
pnv_pc_u14,EarthStat,Ramankutty & Foley 1999,https://data.hydrosheds.org/file/technical-documentation/BasinATLAS_Catalog_v10.pdf#page=27,percent cover,Mixed/source-specific; resolve exact release and observation period before execution,u,20,pending_original_inputs,Original raw inputs not acquired in this pass; source preparation and validation remain pending.,,open_surrogate_estimate,crosswalk_surrogate,0.0031612000020686537
pnv_pc_u15,EarthStat,Ramankutty & Foley 1999,https://data.hydrosheds.org/file/technical-documentation/BasinATLAS_Catalog_v10.pdf#page=27,percent cover,Mixed/source-specific; resolve exact release and observation period before execution,u,20,pending_original_inputs,Original raw inputs not acquired in this pass; source preparation and validation remain pending.,,open_surrogate_estimate,crosswalk_surrogate,0.0033949000062420964
pop_ct_ssu,Gridded Population of the World (GPW) v4,CIESIN 2016,https://data.hydrosheds.org/file/technical-documentation/BasinATLAS_Catalog_v10.pdf#page=49,count (thousands),2010,s,20,pending_original_inputs,Original raw inputs not acquired in this pass; source preparation and validation remain pending.,,open_surrogate_estimate,original_source_family,0.0035792999842669815
pop_ct_usu,Gridded Population of the World (GPW) v4,CIESIN 2016,https://data.hydrosheds.org/file/technical-documentation/BasinATLAS_Catalog_v10.pdf#page=49,count (thousands),2010,u,20,pending_original_inputs,Original raw inputs not acquired in this pass; source preparation and validation remain pending.,,open_surrogate_estimate,original_source_family,0.0034694999922066927
ppd_pk_sav,Gridded Population of the World (GPW) v4,CIESIN 2016,https://data.hydrosheds.org/file/technical-documentation/BasinATLAS_Catalog_v10.pdf#page=50,people per km²,2010,s,20,pending_original_inputs,Original raw inputs not acquired in this pass; source preparation and validation remain pending.,,open_surrogate_estimate,original_source_family,0.003588299994589761
ppd_pk_uav,Gridded Population of the World (GPW) v4,CIESIN 2016,https://data.hydrosheds.org/file/technical-documentation/BasinATLAS_Catalog_v10.pdf#page=50,people per km²,2010,u,20,pending_original_inputs,Original raw inputs not acquired in this pass; source preparation and validation remain pending.,,open_surrogate_estimate,original_source_family,0.0037100999907124788
pre_mm_s01,WorldClim v1.4,Hijmans et al. 2005,https://data.hydrosheds.org/file/technical-documentation/BasinATLAS_Catalog_v10.pdf#page=18,millimeters,1950-2000 source climatology,s,20,computed_candidate,Original vector zones rasterized at 15 arc-seconds need equivalence review against the native atlas zone grid. WorldClim V1 mirror needs exact v1.4 vintage review. Independent operator rerun pending.,0.0037523000210057944,carried_by_original_vintage_pass,original_source_family,
pre_mm_s02,WorldClim v1.4,Hijmans et al. 2005,https://data.hydrosheds.org/file/technical-documentation/BasinATLAS_Catalog_v10.pdf#page=18,millimeters,1950-2000 source climatology,s,20,computed_candidate,Original vector zones rasterized at 15 arc-seconds need equivalence review against the native atlas zone grid. WorldClim V1 mirror needs exact v1.4 vintage review. Independent operator rerun pending.,0.003701599984196946,carried_by_original_vintage_pass,original_source_family,
pre_mm_s03,WorldClim v1.4,Hijmans et al. 2005,https://data.hydrosheds.org/file/technical-documentation/BasinATLAS_Catalog_v10.pdf#page=18,millimeters,1950-2000 source climatology,s,20,computed_candidate,Original vector zones rasterized at 15 arc-seconds need equivalence review against the native atlas zone grid. WorldClim V1 mirror needs exact v1.4 vintage review. Independent operator rerun pending.,0.0037022999895270914,carried_by_original_vintage_pass,original_source_family,
pre_mm_s04,WorldClim v1.4,Hijmans et al. 2005,https://data.hydrosheds.org/file/technical-documentation/BasinATLAS_Catalog_v10.pdf#page=18,millimeters,1950-2000 source climatology,s,20,computed_candidate,Original vector zones rasterized at 15 arc-seconds need equivalence review against the native atlas zone grid. WorldClim V1 mirror needs exact v1.4 vintage review. Independent operator rerun pending.,0.003715700004249811,carried_by_original_vintage_pass,original_source_family,
pre_mm_s05,WorldClim v1.4,Hijmans et al. 2005,https://data.hydrosheds.org/file/technical-documentation/BasinATLAS_Catalog_v10.pdf#page=18,millimeters,1950-2000 source climatology,s,20,computed_candidate,Original vector zones rasterized at 15 arc-seconds need equivalence review against the native atlas zone grid. WorldClim V1 mirror needs exact v1.4 vintage review. Independent operator rerun pending.,0.003725799993844703,carried_by_original_vintage_pass,original_source_family,
pre_mm_s06,WorldClim v1.4,Hijmans et al. 2005,https://data.hydrosheds.org/file/technical-documentation/BasinATLAS_Catalog_v10.pdf#page=18,millimeters,1950-2000 source climatology,s,20,computed_candidate,Original vector zones rasterized at 15 arc-seconds need equivalence review against the native atlas zone grid. WorldClim V1 mirror needs exact v1.4 vintage review. Independent operator rerun pending.,0.0037044000055175275,carried_by_original_vintage_pass,original_source_family,
pre_mm_s07,WorldClim v1.4,Hijmans et al. 2005,https://data.hydrosheds.org/file/technical-documentation/BasinATLAS_Catalog_v10.pdf#page=18,millimeters,1950-2000 source climatology,s,20,computed_candidate,Original vector zones rasterized at 15 arc-seconds need equivalence review against the native atlas zone grid. WorldClim V1 mirror needs exact v1.4 vintage review. Independent operator rerun pending.,0.003705100010847673,carried_by_original_vintage_pass,original_source_family,
pre_mm_s08,WorldClim v1.4,Hijmans et al. 2005,https://data.hydrosheds.org/file/technical-documentation/BasinATLAS_Catalog_v10.pdf#page=18,millimeters,1950-2000 source climatology,s,20,computed_candidate,Original vector zones rasterized at 15 arc-seconds need equivalence review against the native atlas zone grid. WorldClim V1 mirror needs exact v1.4 vintage review. Independent operator rerun pending.,0.0037145999958738685,carried_by_original_vintage_pass,original_source_family,
pre_mm_s09,WorldClim v1.4,Hijmans et al. 2005,https://data.hydrosheds.org/file/technical-documentation/BasinATLAS_Catalog_v10.pdf#page=18,millimeters,1950-2000 source climatology,s,20,computed_candidate,Original vector zones rasterized at 15 arc-seconds need equivalence review against the native atlas zone grid. WorldClim V1 mirror needs exact v1.4 vintage review. Independent operator rerun pending.,0.0038201000133994967,carried_by_original_vintage_pass,original_source_family,
pre_mm_s10,WorldClim v1.4,Hijmans et al. 2005,https://data.hydrosheds.org/file/technical-documentation/BasinATLAS_Catalog_v10.pdf#page=18,millimeters,1950-2000 source climatology,s,20,computed_candidate,Original vector zones rasterized at 15 arc-seconds need equivalence review against the native atlas zone grid. WorldClim V1 mirror needs exact v1.4 vintage review. Independent operator rerun pending.,0.003786100016441196,carried_by_original_vintage_pass,original_source_family,
pre_mm_s11,WorldClim v1.4,Hijmans et al. 2005,https://data.hydrosheds.org/file/technical-documentation/BasinATLAS_Catalog_v10.pdf#page=18,millimeters,1950-2000 source climatology,s,20,computed_candidate,Original vector zones rasterized at 15 arc-seconds need equivalence review against the native atlas zone grid. WorldClim V1 mirror needs exact v1.4 vintage review. Independent operator rerun pending.,0.003695399995194748,carried_by_original_vintage_pass,original_source_family,
pre_mm_s12,WorldClim v1.4,Hijmans et al. 2005,https://data.hydrosheds.org/file/technical-documentation/BasinATLAS_Catalog_v10.pdf#page=18,millimeters,1950-2000 source climatology,s,20,computed_candidate,Original vector zones rasterized at 15 arc-seconds need equivalence review against the native atlas zone grid. WorldClim V1 mirror needs exact v1.4 vintage review. Independent operator rerun pending.,0.003770600014831871,carried_by_original_vintage_pass,original_source_family,
pre_mm_syr,WorldClim v1.4,Hijmans et al. 2005,https://data.hydrosheds.org/file/technical-documentation/BasinATLAS_Catalog_v10.pdf#page=18,millimeters,1950-2000 source climatology,s,20,computed_candidate,Original vector zones rasterized at 15 arc-seconds need equivalence review against the native atlas zone grid. WorldClim V1 mirror needs exact v1.4 vintage review. Independent operator rerun pending.,0.0037025999918114394,carried_by_original_vintage_pass,original_source_family,
pre_mm_uyr,WorldClim v1.4,Hijmans et al. 2005,https://data.hydrosheds.org/file/technical-documentation/BasinATLAS_Catalog_v10.pdf#page=18,millimeters,1950-2000 source climatology,u,20,computed_candidate,Original vector zones rasterized at 15 arc-seconds need equivalence review against the native atlas zone grid. WorldClim V1 mirror needs exact v1.4 vintage review. Upstream union of unique basin zones needs comparison with original pixel flow accumulation. Independent operator rerun pending.,0.003787299996474758,carried_by_original_vintage_pass,original_source_family,
prm_pc_sse,Permafrost Zonation Index (PZI),Gruber 2012,https://data.hydrosheds.org/file/technical-documentation/BasinATLAS_Catalog_v10.pdf#page=35,percent cover,1961-1990 model basis,s,20,pending_original_inputs,Original raw inputs not acquired in this pass; source preparation and validation remain pending.,,no_open_surrogate_in_this_pass,pending_open_source,
prm_pc_use,Permafrost Zonation Index (PZI),Gruber 2012,https://data.hydrosheds.org/file/technical-documentation/BasinATLAS_Catalog_v10.pdf#page=35,percent cover,1961-1990 model basis,u,20,pending_original_inputs,Original raw inputs not acquired in this pass; source preparation and validation remain pending.,,no_open_surrogate_in_this_pass,pending_open_source,
pst_pc_sse,EarthStat,Ramankutty et al. 2008,https://data.hydrosheds.org/file/technical-documentation/BasinATLAS_Catalog_v10.pdf#page=32,percent cover,circa 2000,s,20,pending_original_inputs,Original raw inputs not acquired in this pass; source preparation and validation remain pending.,,open_surrogate_estimate,weak_surrogate,0.003413500002352521
pst_pc_use,EarthStat,Ramankutty et al. 2008,https://data.hydrosheds.org/file/technical-documentation/BasinATLAS_Catalog_v10.pdf#page=32,percent cover,circa 2000,u,20,pending_original_inputs,Original raw inputs not acquired in this pass; source preparation and validation remain pending.,,open_surrogate_estimate,weak_surrogate,0.0032764000061433762
rdd_mk_sav,Global Roads Inventory Project (GRIP) v4,Meijer et al. 2018,https://data.hydrosheds.org/file/technical-documentation/BasinATLAS_Catalog_v10.pdf#page=53,meters per km²,Mixed/source-specific; resolve exact release and observation period before execution,s,20,pending_original_inputs,Original raw inputs not acquired in this pass; source preparation and validation remain pending.,,no_open_surrogate_in_this_pass,pending_open_source,
rdd_mk_uav,Global Roads Inventory Project (GRIP) v4,Meijer et al. 2018,https://data.hydrosheds.org/file/technical-documentation/BasinATLAS_Catalog_v10.pdf#page=53,meters per km²,Mixed/source-specific; resolve exact release and observation period before execution,u,20,pending_original_inputs,Original raw inputs not acquired in this pass; source preparation and validation remain pending.,,no_open_surrogate_in_this_pass,pending_open_source,
rev_mc_usu,Global Reservoir and Dams (GRanD) database v1.1,Lehner et al. 2011,https://data.hydrosheds.org/file/technical-documentation/BasinATLAS_Catalog_v10.pdf#page=7,million cubic meters,Mixed/source-specific; resolve exact release and observation period before execution,u,20,pending_original_inputs,Original raw inputs not acquired in this pass; source preparation and validation remain pending.,,no_open_surrogate_in_this_pass,pending_open_source,
ria_ha_ssu,HydroSHEDS and WaterGAP v2.2,Lehner & Grill 2013,https://data.hydrosheds.org/file/technical-documentation/BasinATLAS_Catalog_v10.pdf#page=9,hectares,Mixed/source-specific; resolve exact release and observation period before execution,s,20,pending_original_inputs,Original raw inputs not acquired in this pass; source preparation and validation remain pending.,,no_open_surrogate_in_this_pass,pending_open_source,
ria_ha_usu,HydroSHEDS and WaterGAP v2.2,Lehner & Grill 2013,https://data.hydrosheds.org/file/technical-documentation/BasinATLAS_Catalog_v10.pdf#page=9,hectares,Mixed/source-specific; resolve exact release and observation period before execution,u,20,pending_original_inputs,Original raw inputs not acquired in this pass; source preparation and validation remain pending.,,no_open_surrogate_in_this_pass,pending_open_source,
riv_tc_ssu,HydroSHEDS and WaterGAP v2.2,Lehner & Grill 2013,https://data.hydrosheds.org/file/technical-documentation/BasinATLAS_Catalog_v10.pdf#page=10,thousand cubic meters,Mixed/source-specific; resolve exact release and observation period before execution,s,20,pending_original_inputs,Original raw inputs not acquired in this pass; source preparation and validation remain pending.,,no_open_surrogate_in_this_pass,pending_open_source,
riv_tc_usu,HydroSHEDS and WaterGAP v2.2,Lehner & Grill 2013,https://data.hydrosheds.org/file/technical-documentation/BasinATLAS_Catalog_v10.pdf#page=10,thousand cubic meters,Mixed/source-specific; resolve exact release and observation period before execution,u,20,pending_original_inputs,Original raw inputs not acquired in this pass; source preparation and validation remain pending.,,no_open_surrogate_in_this_pass,pending_open_source,
run_mm_syr,WaterGAP v2.2 (data of 2014),Döll et al. 2003,https://data.hydrosheds.org/file/technical-documentation/BasinATLAS_Catalog_v10.pdf#page=3,millimeters,1971-2000,s,20,pending_original_inputs,Original raw inputs not acquired in this pass; source preparation and validation remain pending.,,open_surrogate_estimate,open_surrogate,0.0058905000041704625
sgr_dk_sav,EarthEnv-DEM90,Robinson et al. 2014,https://data.hydrosheds.org/file/technical-documentation/BasinATLAS_Catalog_v10.pdf#page=14,decimeters per km,Mixed/source-specific; resolve exact release and observation period before execution,s,20,pending_original_inputs,Original raw inputs not acquired in this pass; source preparation and validation remain pending.,,no_open_surrogate_in_this_pass,method_not_implemented,
slp_dg_sav,EarthEnv-DEM90,Robinson et al. 2014,https://data.hydrosheds.org/file/technical-documentation/BasinATLAS_Catalog_v10.pdf#page=13,degrees (x10),Mixed/source-specific; resolve exact release and observation period before execution,s,20,pending_original_inputs,Original raw inputs not acquired in this pass; source preparation and validation remain pending.,,open_surrogate_estimate,original_source_family,0.003709200012963265
slp_dg_uav,EarthEnv-DEM90,Robinson et al. 2014,https://data.hydrosheds.org/file/technical-documentation/BasinATLAS_Catalog_v10.pdf#page=13,degrees (x10),Mixed/source-specific; resolve exact release and observation period before execution,u,20,pending_original_inputs,Original raw inputs not acquired in this pass; source preparation and validation remain pending.,,open_surrogate_estimate,original_source_family,0.003531300026224926
slt_pc_sav,SoilGrids1km,Hengl et al. 2014,https://data.hydrosheds.org/file/technical-documentation/BasinATLAS_Catalog_v10.pdf#page=42,percent,Mixed/source-specific; resolve exact release and observation period before execution,s,20,pending_original_inputs,Original raw inputs not acquired in this pass; source preparation and validation remain pending.,,open_surrogate_estimate,derived_surrogate,0.005919699993683025
slt_pc_uav,SoilGrids1km,Hengl et al. 2014,https://data.hydrosheds.org/file/technical-documentation/BasinATLAS_Catalog_v10.pdf#page=42,percent,Mixed/source-specific; resolve exact release and observation period before execution,u,20,pending_original_inputs,Original raw inputs not acquired in this pass; source preparation and validation remain pending.,,open_surrogate_estimate,derived_surrogate,0.0046894999977666885
snd_pc_sav,SoilGrids1km,Hengl et al. 2014,https://data.hydrosheds.org/file/technical-documentation/BasinATLAS_Catalog_v10.pdf#page=43,percent,Mixed/source-specific; resolve exact release and observation period before execution,s,20,pending_original_inputs,Original raw inputs not acquired in this pass; source preparation and validation remain pending.,,open_surrogate_estimate,open_surrogate,0.004504399985307828
snd_pc_uav,SoilGrids1km,Hengl et al. 2014,https://data.hydrosheds.org/file/technical-documentation/BasinATLAS_Catalog_v10.pdf#page=43,percent,Mixed/source-specific; resolve exact release and observation period before execution,u,20,pending_original_inputs,Original raw inputs not acquired in this pass; source preparation and validation remain pending.,,open_surrogate_estimate,open_surrogate,0.004248499986715615
snw_pc_s01,MODIS/Aqua Snow Cover (MYD10CM),Hall & Riggs 2016,https://data.hydrosheds.org/file/technical-documentation/BasinATLAS_Catalog_v10.pdf#page=23,percent cover,2002-07/2015-04,s,20,pending_original_inputs,Original raw inputs not acquired in this pass; source preparation and validation remain pending.,,open_surrogate_estimate,open_surrogate,0.0033822999976109713
snw_pc_s02,MODIS/Aqua Snow Cover (MYD10CM),Hall & Riggs 2016,https://data.hydrosheds.org/file/technical-documentation/BasinATLAS_Catalog_v10.pdf#page=23,percent cover,2002-07/2015-04,s,20,pending_original_inputs,Original raw inputs not acquired in this pass; source preparation and validation remain pending.,,open_surrogate_estimate,open_surrogate,0.0031482999911531806
snw_pc_s03,MODIS/Aqua Snow Cover (MYD10CM),Hall & Riggs 2016,https://data.hydrosheds.org/file/technical-documentation/BasinATLAS_Catalog_v10.pdf#page=23,percent cover,2002-07/2015-04,s,20,pending_original_inputs,Original raw inputs not acquired in this pass; source preparation and validation remain pending.,,open_surrogate_estimate,open_surrogate,0.003032000007806346
snw_pc_s04,MODIS/Aqua Snow Cover (MYD10CM),Hall & Riggs 2016,https://data.hydrosheds.org/file/technical-documentation/BasinATLAS_Catalog_v10.pdf#page=23,percent cover,2002-07/2015-04,s,20,pending_original_inputs,Original raw inputs not acquired in this pass; source preparation and validation remain pending.,,open_surrogate_estimate,open_surrogate,0.0030229000258259475
snw_pc_s05,MODIS/Aqua Snow Cover (MYD10CM),Hall & Riggs 2016,https://data.hydrosheds.org/file/technical-documentation/BasinATLAS_Catalog_v10.pdf#page=23,percent cover,2002-07/2015-04,s,20,pending_original_inputs,Original raw inputs not acquired in this pass; source preparation and validation remain pending.,,open_surrogate_estimate,open_surrogate,0.0030174000130500644
snw_pc_s06,MODIS/Aqua Snow Cover (MYD10CM),Hall & Riggs 2016,https://data.hydrosheds.org/file/technical-documentation/BasinATLAS_Catalog_v10.pdf#page=23,percent cover,2002-07/2015-04,s,20,pending_original_inputs,Original raw inputs not acquired in this pass; source preparation and validation remain pending.,,open_surrogate_estimate,open_surrogate,0.0033263999794144183
snw_pc_s07,MODIS/Aqua Snow Cover (MYD10CM),Hall & Riggs 2016,https://data.hydrosheds.org/file/technical-documentation/BasinATLAS_Catalog_v10.pdf#page=23,percent cover,2002-07/2015-04,s,20,pending_original_inputs,Original raw inputs not acquired in this pass; source preparation and validation remain pending.,,open_surrogate_estimate,open_surrogate,0.0036459999973885715
snw_pc_s08,MODIS/Aqua Snow Cover (MYD10CM),Hall & Riggs 2016,https://data.hydrosheds.org/file/technical-documentation/BasinATLAS_Catalog_v10.pdf#page=23,percent cover,2002-07/2015-04,s,20,pending_original_inputs,Original raw inputs not acquired in this pass; source preparation and validation remain pending.,,open_surrogate_estimate,open_surrogate,0.0034030999813694507
snw_pc_s09,MODIS/Aqua Snow Cover (MYD10CM),Hall & Riggs 2016,https://data.hydrosheds.org/file/technical-documentation/BasinATLAS_Catalog_v10.pdf#page=23,percent cover,2002-07/2015-04,s,20,pending_original_inputs,Original raw inputs not acquired in this pass; source preparation and validation remain pending.,,open_surrogate_estimate,open_surrogate,0.0033765000116545707
snw_pc_s10,MODIS/Aqua Snow Cover (MYD10CM),Hall & Riggs 2016,https://data.hydrosheds.org/file/technical-documentation/BasinATLAS_Catalog_v10.pdf#page=23,percent cover,2002-07/2015-04,s,20,pending_original_inputs,Original raw inputs not acquired in this pass; source preparation and validation remain pending.,,open_surrogate_estimate,open_surrogate,0.0033927999902516603
snw_pc_s11,MODIS/Aqua Snow Cover (MYD10CM),Hall & Riggs 2016,https://data.hydrosheds.org/file/technical-documentation/BasinATLAS_Catalog_v10.pdf#page=23,percent cover,2002-07/2015-04,s,20,pending_original_inputs,Original raw inputs not acquired in this pass; source preparation and validation remain pending.,,open_surrogate_estimate,open_surrogate,0.004405000014230609
snw_pc_s12,MODIS/Aqua Snow Cover (MYD10CM),Hall & Riggs 2016,https://data.hydrosheds.org/file/technical-documentation/BasinATLAS_Catalog_v10.pdf#page=23,percent cover,2002-07/2015-04,s,20,pending_original_inputs,Original raw inputs not acquired in this pass; source preparation and validation remain pending.,,open_surrogate_estimate,open_surrogate,0.004250300000421703
snw_pc_smx,MODIS/Aqua Snow Cover (MYD10CM),Hall & Riggs 2016,https://data.hydrosheds.org/file/technical-documentation/BasinATLAS_Catalog_v10.pdf#page=23,percent cover,2002-07/2015-04,s,20,pending_original_inputs,Original raw inputs not acquired in this pass; source preparation and validation remain pending.,,open_surrogate_estimate,open_surrogate,0.0034106999810319394
snw_pc_syr,MODIS/Aqua Snow Cover (MYD10CM),Hall & Riggs 2016,https://data.hydrosheds.org/file/technical-documentation/BasinATLAS_Catalog_v10.pdf#page=23,percent cover,2002-07/2015-04,s,20,pending_original_inputs,Original raw inputs not acquired in this pass; source preparation and validation remain pending.,,open_surrogate_estimate,open_surrogate,0.0035589999752119184
snw_pc_uyr,MODIS/Aqua Snow Cover (MYD10CM),Hall & Riggs 2016,https://data.hydrosheds.org/file/technical-documentation/BasinATLAS_Catalog_v10.pdf#page=23,percent cover,2002-07/2015-04,u,20,pending_original_inputs,Original raw inputs not acquired in this pass; source preparation and validation remain pending.,,open_surrogate_estimate,open_surrogate,0.003824200015515089
soc_th_sav,SoilGrids1km,Hengl et al. 2014,https://data.hydrosheds.org/file/technical-documentation/BasinATLAS_Catalog_v10.pdf#page=44,tonnes/hectare,Mixed/source-specific; resolve exact release and observation period before execution,s,20,pending_original_inputs,Original raw inputs not acquired in this pass; source preparation and validation remain pending.,,open_surrogate_estimate,derived_surrogate,0.003801199985900894
soc_th_uav,SoilGrids1km,Hengl et al. 2014,https://data.hydrosheds.org/file/technical-documentation/BasinATLAS_Catalog_v10.pdf#page=44,tonnes/hectare,Mixed/source-specific; resolve exact release and observation period before execution,u,20,pending_original_inputs,Original raw inputs not acquired in this pass; source preparation and validation remain pending.,,open_surrogate_estimate,derived_surrogate,0.003723000001627952
swc_pc_s01,Global High-Resolution Soil-Water Balance,Trabucco & Zomer 2010,https://data.hydrosheds.org/file/technical-documentation/BasinATLAS_Catalog_v10.pdf#page=45,percent,Mixed/source-specific; resolve exact release and observation period before execution,s,20,pending_original_inputs,Original raw inputs not acquired in this pass; source preparation and validation remain pending.,,open_surrogate_estimate,units_mismatch_surrogate,0.004545700008748099
swc_pc_s02,Global High-Resolution Soil-Water Balance,Trabucco & Zomer 2010,https://data.hydrosheds.org/file/technical-documentation/BasinATLAS_Catalog_v10.pdf#page=45,percent,Mixed/source-specific; resolve exact release and observation period before execution,s,20,pending_original_inputs,Original raw inputs not acquired in this pass; source preparation and validation remain pending.,,open_surrogate_estimate,units_mismatch_surrogate,0.003792800009250641
swc_pc_s03,Global High-Resolution Soil-Water Balance,Trabucco & Zomer 2010,https://data.hydrosheds.org/file/technical-documentation/BasinATLAS_Catalog_v10.pdf#page=45,percent,Mixed/source-specific; resolve exact release and observation period before execution,s,20,pending_original_inputs,Original raw inputs not acquired in this pass; source preparation and validation remain pending.,,open_surrogate_estimate,units_mismatch_surrogate,0.0030636999872513115
swc_pc_s04,Global High-Resolution Soil-Water Balance,Trabucco & Zomer 2010,https://data.hydrosheds.org/file/technical-documentation/BasinATLAS_Catalog_v10.pdf#page=45,percent,Mixed/source-specific; resolve exact release and observation period before execution,s,20,pending_original_inputs,Original raw inputs not acquired in this pass; source preparation and validation remain pending.,,open_surrogate_estimate,units_mismatch_surrogate,0.0031786999898031354
swc_pc_s05,Global High-Resolution Soil-Water Balance,Trabucco & Zomer 2010,https://data.hydrosheds.org/file/technical-documentation/BasinATLAS_Catalog_v10.pdf#page=45,percent,Mixed/source-specific; resolve exact release and observation period before execution,s,20,pending_original_inputs,Original raw inputs not acquired in this pass; source preparation and validation remain pending.,,open_surrogate_estimate,units_mismatch_surrogate,0.0030749000143259764
swc_pc_s06,Global High-Resolution Soil-Water Balance,Trabucco & Zomer 2010,https://data.hydrosheds.org/file/technical-documentation/BasinATLAS_Catalog_v10.pdf#page=45,percent,Mixed/source-specific; resolve exact release and observation period before execution,s,20,pending_original_inputs,Original raw inputs not acquired in this pass; source preparation and validation remain pending.,,open_surrogate_estimate,units_mismatch_surrogate,0.003083100018557161
swc_pc_s07,Global High-Resolution Soil-Water Balance,Trabucco & Zomer 2010,https://data.hydrosheds.org/file/technical-documentation/BasinATLAS_Catalog_v10.pdf#page=45,percent,Mixed/source-specific; resolve exact release and observation period before execution,s,20,pending_original_inputs,Original raw inputs not acquired in this pass; source preparation and validation remain pending.,,open_surrogate_estimate,units_mismatch_surrogate,0.004400700010592118
swc_pc_s08,Global High-Resolution Soil-Water Balance,Trabucco & Zomer 2010,https://data.hydrosheds.org/file/technical-documentation/BasinATLAS_Catalog_v10.pdf#page=45,percent,Mixed/source-specific; resolve exact release and observation period before execution,s,20,pending_original_inputs,Original raw inputs not acquired in this pass; source preparation and validation remain pending.,,open_surrogate_estimate,units_mismatch_surrogate,0.0032075000053737313
swc_pc_s09,Global High-Resolution Soil-Water Balance,Trabucco & Zomer 2010,https://data.hydrosheds.org/file/technical-documentation/BasinATLAS_Catalog_v10.pdf#page=45,percent,Mixed/source-specific; resolve exact release and observation period before execution,s,20,pending_original_inputs,Original raw inputs not acquired in this pass; source preparation and validation remain pending.,,open_surrogate_estimate,units_mismatch_surrogate,0.0030226999951992184
swc_pc_s10,Global High-Resolution Soil-Water Balance,Trabucco & Zomer 2010,https://data.hydrosheds.org/file/technical-documentation/BasinATLAS_Catalog_v10.pdf#page=45,percent,Mixed/source-specific; resolve exact release and observation period before execution,s,20,pending_original_inputs,Original raw inputs not acquired in this pass; source preparation and validation remain pending.,,open_surrogate_estimate,units_mismatch_surrogate,0.0030092000088188797
swc_pc_s11,Global High-Resolution Soil-Water Balance,Trabucco & Zomer 2010,https://data.hydrosheds.org/file/technical-documentation/BasinATLAS_Catalog_v10.pdf#page=45,percent,Mixed/source-specific; resolve exact release and observation period before execution,s,20,pending_original_inputs,Original raw inputs not acquired in this pass; source preparation and validation remain pending.,,open_surrogate_estimate,units_mismatch_surrogate,0.0030119000002741814
swc_pc_s12,Global High-Resolution Soil-Water Balance,Trabucco & Zomer 2010,https://data.hydrosheds.org/file/technical-documentation/BasinATLAS_Catalog_v10.pdf#page=45,percent,Mixed/source-specific; resolve exact release and observation period before execution,s,20,pending_original_inputs,Original raw inputs not acquired in this pass; source preparation and validation remain pending.,,open_surrogate_estimate,units_mismatch_surrogate,0.003416999999899417
swc_pc_syr,Global High-Resolution Soil-Water Balance,Trabucco & Zomer 2010,https://data.hydrosheds.org/file/technical-documentation/BasinATLAS_Catalog_v10.pdf#page=45,percent,Mixed/source-specific; resolve exact release and observation period before execution,s,20,pending_original_inputs,Original raw inputs not acquired in this pass; source preparation and validation remain pending.,,open_surrogate_estimate,units_mismatch_surrogate,0.00304469998809509
swc_pc_uyr,Global High-Resolution Soil-Water Balance,Trabucco & Zomer 2010,https://data.hydrosheds.org/file/technical-documentation/BasinATLAS_Catalog_v10.pdf#page=45,percent,Mixed/source-specific; resolve exact release and observation period before execution,u,20,pending_original_inputs,Original raw inputs not acquired in this pass; source preparation and validation remain pending.,,open_surrogate_estimate,units_mismatch_surrogate,0.0031373999954666942
tbi_cl_smj,Terrestrial Ecoregions of the World (TEOW),Dinerstein et al. 2017,https://data.hydrosheds.org/file/technical-documentation/BasinATLAS_Catalog_v10.pdf#page=37,classes (14),Mixed/source-specific; resolve exact release and observation period before execution,s,20,pending_original_inputs,Original raw inputs not acquired in this pass; source preparation and validation remain pending.,,open_surrogate_estimate,crosswalk_surrogate,
tec_cl_smj,Terrestrial Ecoregions of the World (TEOW),Dinerstein et al. 2017,https://data.hydrosheds.org/file/technical-documentation/BasinATLAS_Catalog_v10.pdf#page=38,classes (846),Mixed/source-specific; resolve exact release and observation period before execution,s,20,pending_original_inputs,Original raw inputs not acquired in this pass; source preparation and validation remain pending.,,open_surrogate_estimate,crosswalk_surrogate,
tmp_dc_s01,WorldClim v1.4,Hijmans et al. 2005,https://data.hydrosheds.org/file/technical-documentation/BasinATLAS_Catalog_v10.pdf#page=17,degrees Celsius (x10),1950-2000 source climatology,s,20,computed_candidate,Original vector zones rasterized at 15 arc-seconds need equivalence review against the native atlas zone grid. WorldClim V1 mirror needs exact v1.4 vintage review. Independent operator rerun pending.,0.003817499993601814,carried_by_original_vintage_pass,original_source_family,
tmp_dc_s02,WorldClim v1.4,Hijmans et al. 2005,https://data.hydrosheds.org/file/technical-documentation/BasinATLAS_Catalog_v10.pdf#page=17,degrees Celsius (x10),1950-2000 source climatology,s,20,computed_candidate,Original vector zones rasterized at 15 arc-seconds need equivalence review against the native atlas zone grid. WorldClim V1 mirror needs exact v1.4 vintage review. Independent operator rerun pending.,0.003686799987917766,carried_by_original_vintage_pass,original_source_family,
tmp_dc_s03,WorldClim v1.4,Hijmans et al. 2005,https://data.hydrosheds.org/file/technical-documentation/BasinATLAS_Catalog_v10.pdf#page=17,degrees Celsius (x10),1950-2000 source climatology,s,20,computed_candidate,Original vector zones rasterized at 15 arc-seconds need equivalence review against the native atlas zone grid. WorldClim V1 mirror needs exact v1.4 vintage review. Independent operator rerun pending.,0.0036955999967176467,carried_by_original_vintage_pass,original_source_family,
tmp_dc_s04,WorldClim v1.4,Hijmans et al. 2005,https://data.hydrosheds.org/file/technical-documentation/BasinATLAS_Catalog_v10.pdf#page=17,degrees Celsius (x10),1950-2000 source climatology,s,20,computed_candidate,Original vector zones rasterized at 15 arc-seconds need equivalence review against the native atlas zone grid. WorldClim V1 mirror needs exact v1.4 vintage review. Independent operator rerun pending.,0.003739900013897568,carried_by_original_vintage_pass,original_source_family,
tmp_dc_s05,WorldClim v1.4,Hijmans et al. 2005,https://data.hydrosheds.org/file/technical-documentation/BasinATLAS_Catalog_v10.pdf#page=17,degrees Celsius (x10),1950-2000 source climatology,s,20,computed_candidate,Original vector zones rasterized at 15 arc-seconds need equivalence review against the native atlas zone grid. WorldClim V1 mirror needs exact v1.4 vintage review. Independent operator rerun pending.,0.0036885000008624047,carried_by_original_vintage_pass,original_source_family,
tmp_dc_s06,WorldClim v1.4,Hijmans et al. 2005,https://data.hydrosheds.org/file/technical-documentation/BasinATLAS_Catalog_v10.pdf#page=17,degrees Celsius (x10),1950-2000 source climatology,s,20,computed_candidate,Original vector zones rasterized at 15 arc-seconds need equivalence review against the native atlas zone grid. WorldClim V1 mirror needs exact v1.4 vintage review. Independent operator rerun pending.,0.0036991999950259924,carried_by_original_vintage_pass,original_source_family,
tmp_dc_s07,WorldClim v1.4,Hijmans et al. 2005,https://data.hydrosheds.org/file/technical-documentation/BasinATLAS_Catalog_v10.pdf#page=17,degrees Celsius (x10),1950-2000 source climatology,s,20,computed_candidate,Original vector zones rasterized at 15 arc-seconds need equivalence review against the native atlas zone grid. WorldClim V1 mirror needs exact v1.4 vintage review. Independent operator rerun pending.,0.006907800008775666,carried_by_original_vintage_pass,original_source_family,
tmp_dc_s08,WorldClim v1.4,Hijmans et al. 2005,https://data.hydrosheds.org/file/technical-documentation/BasinATLAS_Catalog_v10.pdf#page=17,degrees Celsius (x10),1950-2000 source climatology,s,20,computed_candidate,Original vector zones rasterized at 15 arc-seconds need equivalence review against the native atlas zone grid. WorldClim V1 mirror needs exact v1.4 vintage review. Independent operator rerun pending.,0.007194500009063631,carried_by_original_vintage_pass,original_source_family,
tmp_dc_s09,WorldClim v1.4,Hijmans et al. 2005,https://data.hydrosheds.org/file/technical-documentation/BasinATLAS_Catalog_v10.pdf#page=17,degrees Celsius (x10),1950-2000 source climatology,s,20,computed_candidate,Original vector zones rasterized at 15 arc-seconds need equivalence review against the native atlas zone grid. WorldClim V1 mirror needs exact v1.4 vintage review. Independent operator rerun pending.,0.005785200017271563,carried_by_original_vintage_pass,original_source_family,
tmp_dc_s10,WorldClim v1.4,Hijmans et al. 2005,https://data.hydrosheds.org/file/technical-documentation/BasinATLAS_Catalog_v10.pdf#page=17,degrees Celsius (x10),1950-2000 source climatology,s,20,computed_candidate,Original vector zones rasterized at 15 arc-seconds need equivalence review against the native atlas zone grid. WorldClim V1 mirror needs exact v1.4 vintage review. Independent operator rerun pending.,0.0037631999875884503,carried_by_original_vintage_pass,original_source_family,
tmp_dc_s11,WorldClim v1.4,Hijmans et al. 2005,https://data.hydrosheds.org/file/technical-documentation/BasinATLAS_Catalog_v10.pdf#page=17,degrees Celsius (x10),1950-2000 source climatology,s,20,computed_candidate,Original vector zones rasterized at 15 arc-seconds need equivalence review against the native atlas zone grid. WorldClim V1 mirror needs exact v1.4 vintage review. Independent operator rerun pending.,0.0037665999843738973,carried_by_original_vintage_pass,original_source_family,
tmp_dc_s12,WorldClim v1.4,Hijmans et al. 2005,https://data.hydrosheds.org/file/technical-documentation/BasinATLAS_Catalog_v10.pdf#page=17,degrees Celsius (x10),1950-2000 source climatology,s,20,computed_candidate,Original vector zones rasterized at 15 arc-seconds need equivalence review against the native atlas zone grid. WorldClim V1 mirror needs exact v1.4 vintage review. Independent operator rerun pending.,0.003731699980562553,carried_by_original_vintage_pass,original_source_family,
tmp_dc_smn,WorldClim v1.4,Hijmans et al. 2005,https://data.hydrosheds.org/file/technical-documentation/BasinATLAS_Catalog_v10.pdf#page=17,degrees Celsius (x10),1950-2000 source climatology,s,20,computed_candidate,Original vector zones rasterized at 15 arc-seconds need equivalence review against the native atlas zone grid. WorldClim V1 mirror needs exact v1.4 vintage review. Independent operator rerun pending.,0.0037139999913051724,carried_by_original_vintage_pass,original_source_family,
tmp_dc_smx,WorldClim v1.4,Hijmans et al. 2005,https://data.hydrosheds.org/file/technical-documentation/BasinATLAS_Catalog_v10.pdf#page=17,degrees Celsius (x10),1950-2000 source climatology,s,20,computed_candidate,Original vector zones rasterized at 15 arc-seconds need equivalence review against the native atlas zone grid. WorldClim V1 mirror needs exact v1.4 vintage review. Independent operator rerun pending.,0.0036918999976478517,carried_by_original_vintage_pass,original_source_family,
tmp_dc_syr,WorldClim v1.4,Hijmans et al. 2005,https://data.hydrosheds.org/file/technical-documentation/BasinATLAS_Catalog_v10.pdf#page=17,degrees Celsius (x10),1950-2000 source climatology,s,20,computed_candidate,Original vector zones rasterized at 15 arc-seconds need equivalence review against the native atlas zone grid. WorldClim V1 mirror needs exact v1.4 vintage review. Independent operator rerun pending.,0.0037136999890208244,carried_by_original_vintage_pass,original_source_family,
tmp_dc_uyr,WorldClim v1.4,Hijmans et al. 2005,https://data.hydrosheds.org/file/technical-documentation/BasinATLAS_Catalog_v10.pdf#page=17,degrees Celsius (x10),1950-2000 source climatology,u,20,computed_candidate,Original vector zones rasterized at 15 arc-seconds need equivalence review against the native atlas zone grid. WorldClim V1 mirror needs exact v1.4 vintage review. Upstream union of unique basin zones needs comparison with original pixel flow accumulation. Independent operator rerun pending.,0.003784500004258007,carried_by_original_vintage_pass,original_source_family,
urb_pc_sse,Global Human Settlement (GHS) Settlement Model v1.0 (2016),Pesaresi & Freire 2016,https://data.hydrosheds.org/file/technical-documentation/BasinATLAS_Catalog_v10.pdf#page=51,percent cover,Mixed/source-specific; resolve exact release and observation period before execution,s,20,pending_original_inputs,Original raw inputs not acquired in this pass; source preparation and validation remain pending.,,open_surrogate_estimate,open_surrogate,0.007241499988595024
urb_pc_use,Global Human Settlement (GHS) Settlement Model v1.0 (2016),Pesaresi & Freire 2016,https://data.hydrosheds.org/file/technical-documentation/BasinATLAS_Catalog_v10.pdf#page=51,percent cover,Mixed/source-specific; resolve exact release and observation period before execution,u,20,pending_original_inputs,Original raw inputs not acquired in this pass; source preparation and validation remain pending.,,open_surrogate_estimate,open_surrogate,0.005706900003133342
wet_cl_smj,Global Lakes and Wetlands Database (GLWD),Lehner & Döll 2004,https://data.hydrosheds.org/file/technical-documentation/BasinATLAS_Catalog_v10.pdf#page=28,classes (12),Mixed/source-specific; resolve exact release and observation period before execution,s,11,pending_original_inputs,Original raw inputs not acquired in this pass; source preparation and validation remain pending.,,no_open_surrogate_in_this_pass,pending_open_source,
wet_pc_s01,Global Lakes and Wetlands Database (GLWD),Lehner & Döll 2004,https://data.hydrosheds.org/file/technical-documentation/BasinATLAS_Catalog_v10.pdf#page=29,percent cover,Mixed/source-specific; resolve exact release and observation period before execution,s,20,pending_original_inputs,Original raw inputs not acquired in this pass; source preparation and validation remain pending.,,no_open_surrogate_in_this_pass,pending_open_source,
wet_pc_s02,Global Lakes and Wetlands Database (GLWD),Lehner & Döll 2004,https://data.hydrosheds.org/file/technical-documentation/BasinATLAS_Catalog_v10.pdf#page=29,percent cover,Mixed/source-specific; resolve exact release and observation period before execution,s,20,pending_original_inputs,Original raw inputs not acquired in this pass; source preparation and validation remain pending.,,no_open_surrogate_in_this_pass,pending_open_source,
wet_pc_s03,Global Lakes and Wetlands Database (GLWD),Lehner & Döll 2004,https://data.hydrosheds.org/file/technical-documentation/BasinATLAS_Catalog_v10.pdf#page=29,percent cover,Mixed/source-specific; resolve exact release and observation period before execution,s,20,pending_original_inputs,Original raw inputs not acquired in this pass; source preparation and validation remain pending.,,no_open_surrogate_in_this_pass,pending_open_source,
wet_pc_s04,Global Lakes and Wetlands Database (GLWD),Lehner & Döll 2004,https://data.hydrosheds.org/file/technical-documentation/BasinATLAS_Catalog_v10.pdf#page=29,percent cover,Mixed/source-specific; resolve exact release and observation period before execution,s,20,pending_original_inputs,Original raw inputs not acquired in this pass; source preparation and validation remain pending.,,no_open_surrogate_in_this_pass,pending_open_source,
wet_pc_s05,Global Lakes and Wetlands Database (GLWD),Lehner & Döll 2004,https://data.hydrosheds.org/file/technical-documentation/BasinATLAS_Catalog_v10.pdf#page=29,percent cover,Mixed/source-specific; resolve exact release and observation period before execution,s,20,pending_original_inputs,Original raw inputs not acquired in this pass; source preparation and validation remain pending.,,no_open_surrogate_in_this_pass,pending_open_source,
wet_pc_s06,Global Lakes and Wetlands Database (GLWD),Lehner & Döll 2004,https://data.hydrosheds.org/file/technical-documentation/BasinATLAS_Catalog_v10.pdf#page=29,percent cover,Mixed/source-specific; resolve exact release and observation period before execution,s,20,pending_original_inputs,Original raw inputs not acquired in this pass; source preparation and validation remain pending.,,no_open_surrogate_in_this_pass,pending_open_source,
wet_pc_s07,Global Lakes and Wetlands Database (GLWD),Lehner & Döll 2004,https://data.hydrosheds.org/file/technical-documentation/BasinATLAS_Catalog_v10.pdf#page=29,percent cover,Mixed/source-specific; resolve exact release and observation period before execution,s,20,pending_original_inputs,Original raw inputs not acquired in this pass; source preparation and validation remain pending.,,no_open_surrogate_in_this_pass,pending_open_source,
wet_pc_s08,Global Lakes and Wetlands Database (GLWD),Lehner & Döll 2004,https://data.hydrosheds.org/file/technical-documentation/BasinATLAS_Catalog_v10.pdf#page=29,percent cover,Mixed/source-specific; resolve exact release and observation period before execution,s,20,pending_original_inputs,Original raw inputs not acquired in this pass; source preparation and validation remain pending.,,no_open_surrogate_in_this_pass,pending_open_source,
wet_pc_s09,Global Lakes and Wetlands Database (GLWD),Lehner & Döll 2004,https://data.hydrosheds.org/file/technical-documentation/BasinATLAS_Catalog_v10.pdf#page=29,percent cover,Mixed/source-specific; resolve exact release and observation period before execution,s,20,pending_original_inputs,Original raw inputs not acquired in this pass; source preparation and validation remain pending.,,no_open_surrogate_in_this_pass,pending_open_source,
wet_pc_sg1,Global Lakes and Wetlands Database (GLWD),Lehner & Döll 2004,https://data.hydrosheds.org/file/technical-documentation/BasinATLAS_Catalog_v10.pdf#page=29,percent cover,Mixed/source-specific; resolve exact release and observation period before execution,s,20,pending_original_inputs,Original raw inputs not acquired in this pass; source preparation and validation remain pending.,,no_open_surrogate_in_this_pass,pending_open_source,
wet_pc_sg2,Global Lakes and Wetlands Database (GLWD),Lehner & Döll 2004,https://data.hydrosheds.org/file/technical-documentation/BasinATLAS_Catalog_v10.pdf#page=29,percent cover,Mixed/source-specific; resolve exact release and observation period before execution,s,20,pending_original_inputs,Original raw inputs not acquired in this pass; source preparation and validation remain pending.,,no_open_surrogate_in_this_pass,pending_open_source,
wet_pc_u01,Global Lakes and Wetlands Database (GLWD),Lehner & Döll 2004,https://data.hydrosheds.org/file/technical-documentation/BasinATLAS_Catalog_v10.pdf#page=29,percent cover,Mixed/source-specific; resolve exact release and observation period before execution,u,20,pending_original_inputs,Original raw inputs not acquired in this pass; source preparation and validation remain pending.,,no_open_surrogate_in_this_pass,pending_open_source,
wet_pc_u02,Global Lakes and Wetlands Database (GLWD),Lehner & Döll 2004,https://data.hydrosheds.org/file/technical-documentation/BasinATLAS_Catalog_v10.pdf#page=29,percent cover,Mixed/source-specific; resolve exact release and observation period before execution,u,20,pending_original_inputs,Original raw inputs not acquired in this pass; source preparation and validation remain pending.,,no_open_surrogate_in_this_pass,pending_open_source,
wet_pc_u03,Global Lakes and Wetlands Database (GLWD),Lehner & Döll 2004,https://data.hydrosheds.org/file/technical-documentation/BasinATLAS_Catalog_v10.pdf#page=29,percent cover,Mixed/source-specific; resolve exact release and observation period before execution,u,20,pending_original_inputs,Original raw inputs not acquired in this pass; source preparation and validation remain pending.,,no_open_surrogate_in_this_pass,pending_open_source,
wet_pc_u04,Global Lakes and Wetlands Database (GLWD),Lehner & Döll 2004,https://data.hydrosheds.org/file/technical-documentation/BasinATLAS_Catalog_v10.pdf#page=29,percent cover,Mixed/source-specific; resolve exact release and observation period before execution,u,20,pending_original_inputs,Original raw inputs not acquired in this pass; source preparation and validation remain pending.,,no_open_surrogate_in_this_pass,pending_open_source,
wet_pc_u05,Global Lakes and Wetlands Database (GLWD),Lehner & Döll 2004,https://data.hydrosheds.org/file/technical-documentation/BasinATLAS_Catalog_v10.pdf#page=29,percent cover,Mixed/source-specific; resolve exact release and observation period before execution,u,20,pending_original_inputs,Original raw inputs not acquired in this pass; source preparation and validation remain pending.,,no_open_surrogate_in_this_pass,pending_open_source,
wet_pc_u06,Global Lakes and Wetlands Database (GLWD),Lehner & Döll 2004,https://data.hydrosheds.org/file/technical-documentation/BasinATLAS_Catalog_v10.pdf#page=29,percent cover,Mixed/source-specific; resolve exact release and observation period before execution,u,20,pending_original_inputs,Original raw inputs not acquired in this pass; source preparation and validation remain pending.,,no_open_surrogate_in_this_pass,pending_open_source,
wet_pc_u07,Global Lakes and Wetlands Database (GLWD),Lehner & Döll 2004,https://data.hydrosheds.org/file/technical-documentation/BasinATLAS_Catalog_v10.pdf#page=29,percent cover,Mixed/source-specific; resolve exact release and observation period before execution,u,20,pending_original_inputs,Original raw inputs not acquired in this pass; source preparation and validation remain pending.,,no_open_surrogate_in_this_pass,pending_open_source,
wet_pc_u08,Global Lakes and Wetlands Database (GLWD),Lehner & Döll 2004,https://data.hydrosheds.org/file/technical-documentation/BasinATLAS_Catalog_v10.pdf#page=29,percent cover,Mixed/source-specific; resolve exact release and observation period before execution,u,20,pending_original_inputs,Original raw inputs not acquired in this pass; source preparation and validation remain pending.,,no_open_surrogate_in_this_pass,pending_open_source,
wet_pc_u09,Global Lakes and Wetlands Database (GLWD),Lehner & Döll 2004,https://data.hydrosheds.org/file/technical-documentation/BasinATLAS_Catalog_v10.pdf#page=29,percent cover,Mixed/source-specific; resolve exact release and observation period before execution,u,20,pending_original_inputs,Original raw inputs not acquired in this pass; source preparation and validation remain pending.,,no_open_surrogate_in_this_pass,pending_open_source,
wet_pc_ug1,Global Lakes and Wetlands Database (GLWD),Lehner & Döll 2004,https://data.hydrosheds.org/file/technical-documentation/BasinATLAS_Catalog_v10.pdf#page=29,percent cover,Mixed/source-specific; resolve exact release and observation period before execution,u,20,pending_original_inputs,Original raw inputs not acquired in this pass; source preparation and validation remain pending.,,no_open_surrogate_in_this_pass,pending_open_source,
wet_pc_ug2,Global Lakes and Wetlands Database (GLWD),Lehner & Döll 2004,https://data.hydrosheds.org/file/technical-documentation/BasinATLAS_Catalog_v10.pdf#page=29,percent cover,Mixed/source-specific; resolve exact release and observation period before execution,u,20,pending_original_inputs,Original raw inputs not acquired in this pass; source preparation and validation remain pending.,,no_open_surrogate_in_this_pass,pending_open_source,
