date,observed_mm,simulated_mm,snow_water_equivalent_mm,temperature_c,precipitation_mm,period
2000-01-01,,0,0.04,-10.69,0.035,unused
2000-01-02,,0,0.04,-8.85,0.009,unused
2000-01-03,,0,0.04,-7.24,0,unused
2000-01-04,,0,0.04,-6.27,0.002,unused
2000-01-05,,0,0.07,-6.46,0.026,unused
2000-01-06,,0.011,10.83,-7.93,11.732,unused
2000-01-07,,0.026,24.1,-6.67,14.46,unused
2000-01-08,,0.032,40.93,-10.41,16.158,unused
2000-01-09,,0.032,41.78,-16.16,0.763,unused
2000-01-10,,0.031,41.78,-16.71,0.002,unused
2000-01-11,,0.03,41.78,-15.82,0,unused
2000-01-12,,0.03,41.78,-15.39,0,unused
2000-01-13,,0.029,41.79,-20.11,0.004,unused
2000-01-14,,0.029,41.79,-22.56,0.004,unused
2000-01-15,,0.028,41.79,-19.56,0.002,unused
2000-01-16,,0.028,41.79,-17.02,0.001,unused
2000-01-17,,0.028,42.83,-13.94,0.957,unused
2000-01-18,,0.03,49.18,-11.57,6.15,unused
2000-01-19,,0.029,49.22,-14.76,0.033,unused
2000-01-20,,0.031,53.77,-11.58,4.409,unused
2000-01-21,,0.031,53.78,-10.4,0.002,unused
2000-01-22,,0.03,54.8,-10.22,0.987,unused
2000-01-23,,0.033,60.74,-11.54,5.694,unused
2000-01-24,,0.032,61.72,-12.12,0.942,unused
2000-01-25,,0.032,62.12,-13.26,0.367,unused
2000-01-26,,0.031,62.12,-14.24,0.001,unused
2000-01-27,,0.031,62.12,-13.52,0.001,unused
2000-01-28,,0.03,62.17,-11.6,0.06,unused
2000-01-29,,0.042,75.18,-8.33,13.362,unused
2000-01-30,,0.063,87.89,-6.75,14.364,unused
2000-01-31,,0.068,93.38,-8.55,5.71,unused
2000-02-01,,0.067,93.76,-11.5,0.366,unused
2000-02-02,,0.066,94,-12.03,0.225,unused
2000-02-03,,0.066,96.25,-12.11,2.168,unused
2000-02-04,,0.065,96.26,-14.23,0.004,unused
2000-02-05,,0.064,96.26,-11.23,0.005,unused
2000-02-06,,0.062,96.27,-11.42,0.003,unused
2000-02-07,,0.061,96.27,-10.35,0.003,unused
2000-02-08,,0.061,96.82,-10.08,0.567,unused
2000-02-09,,0.06,101.25,-12.68,4.078,unused
2000-02-10,,0.059,101.31,-16.75,0.052,unused
2000-02-11,,0.058,101.31,-16.33,0.003,unused
2000-02-12,,0.057,101.31,-14.38,0.001,unused
2000-02-13,,0.056,101.31,-13.23,0.001,unused
2000-02-14,,0.057,103.26,-10.34,1.99,unused
2000-02-15,,0.062,112.97,-10.22,9.372,unused
2000-02-16,,0.061,113.69,-13.03,0.671,unused
2000-02-17,,0.059,113.7,-12.89,0.001,unused
2000-02-18,,0.058,113.7,-13.99,0.002,unused
2000-02-19,,0.057,113.71,-15.03,0.01,unused
2000-02-20,,0.056,113.75,-17.81,0.034,unused
2000-02-21,,0.055,113.75,-14.36,0,unused
2000-02-22,,0.054,113.75,-12.59,0.003,unused
2000-02-23,,0.053,113.75,-12.73,0.001,unused
2000-02-24,,0.052,113.75,-12.8,0,unused
2000-02-25,,0.051,113.75,-12.68,0.001,unused
2000-02-26,,0.051,113.92,-10.65,0.196,unused
2000-02-27,,0.052,118.35,-11.7,4.247,unused
2000-02-28,,0.052,119.66,-10.72,1.258,unused
2000-02-29,,0.051,122.88,-13.27,2.962,unused
2000-03-01,,0.05,122.89,-14.52,0.009,unused
2000-03-02,,0.05,122.92,-11.92,0.051,unused
2000-03-03,,0.05,122.89,-10.77,0.062,unused
2000-03-04,,0.05,124.78,-10.32,1.829,unused
2000-03-05,,0.05,127.04,-11.21,2.171,unused
2000-03-06,,0.049,127.07,-11.21,0.028,unused
2000-03-07,,0.048,127.07,-10.96,0.005,unused
2000-03-08,,0.048,126.97,-8.99,0.002,unused
2000-03-09,,0.049,126.8,-8.29,0,unused
2000-03-10,,0.054,126.67,-6.15,0.571,unused
2000-03-11,,0.06,129.95,-8.02,3.818,unused
2000-03-12,,0.062,130.05,-7.92,0.364,unused
2000-03-13,,0.066,130.37,-6.78,0.861,unused
2000-03-14,,0.072,130.36,-5.85,0.829,unused
2000-03-15,,0.1,138.88,-6.07,11.001,unused
2000-03-16,,0.104,148.19,-12.17,8.932,unused
2000-03-17,,0.102,148.25,-13.52,0.054,unused
2000-03-18,,0.1,148.26,-12.62,0.011,unused
2000-03-19,,0.098,148.26,-12.63,0.001,unused
2000-03-20,,0.096,148.26,-11.13,0,unused
2000-03-21,,0.096,148.1,-8.4,0.002,unused
2000-03-22,,0.098,147.65,-6.82,0.001,unused
2000-03-23,,0.103,146.89,-5.7,0.001,unused
2000-03-24,,0.13,144.03,-1.07,0.166,unused
2000-03-25,,0.209,140.23,2.15,3,unused
2000-03-26,,0.456,144.1,0.61,15.036,unused
2000-03-27,,0.431,146.3,-3.29,4.53,unused
2000-03-28,,0.353,145.28,-3.52,0.009,unused
2000-03-29,,0.364,144.17,-2.73,0.313,unused
2000-03-30,,0.38,144.57,-3.51,1.948,unused
2000-03-31,,0.377,144.24,-4.18,0.004,unused
2000-04-01,,0.4,146.8,-2.77,4.49,unused
2000-04-02,,0.44,149.64,-2.2,6.104,unused
2000-04-03,,0.469,154.4,-4,7.001,unused
2000-04-04,,0.465,154.59,-4.84,0.464,unused
2000-04-05,,0.459,154.57,-4.97,0.187,unused
2000-04-06,,0.463,153.66,-2.22,0.001,unused
2000-04-07,,0.477,151.99,-0.63,0.002,unused
2000-04-08,,0.497,149.85,0.13,0.004,unused
2000-04-09,,0.543,147.95,1.22,2.055,unused
2000-04-10,,0.637,144.46,2.64,1.889,unused
2000-04-11,,0.772,138.48,4.82,0.444,unused
2000-04-12,,0.878,134.44,4.22,1.565,unused
2000-04-13,,1.08,138.47,0.54,11.372,unused
2000-04-14,,1.044,139.35,-0.5,2.97,unused
2000-04-15,,0.961,139.39,-1.48,1.057,unused
2000-04-16,,0.909,138.42,0.18,0.702,unused
2000-04-17,,1.032,140.87,0.26,7.814,unused
2000-04-18,,1.012,138.69,1.83,0.245,unused
2000-04-19,,0.998,136.25,2.07,0.058,unused
2000-04-20,,1.011,134.4,2.5,0.162,unused
2000-04-21,,1.01,133.37,1.41,0.063,unused
2000-04-22,,1.023,131.38,2.95,0.007,unused
2000-04-23,,1.033,129.76,2.49,0.237,unused
2000-04-24,,1.05,128.8,2,1.251,unused
2000-04-25,,1.08,129.73,1.1,3.855,unused
2000-04-26,,1.1,130.1,1.22,2.78,unused
2000-04-27,,1.111,130.12,0.97,1.875,unused
2000-04-28,,1.129,130.74,0.69,2.897,unused
2000-04-29,,1.321,135.68,0.56,11.659,unused
2000-04-30,,1.344,135.33,2,3.069,unused
2000-05-01,,1.661,137.31,2.97,11.785,unused
2000-05-02,,1.842,138.67,2.11,8.335,unused
2000-05-03,,1.858,137.28,4.08,2.283,unused
2000-05-04,,2.154,137.6,3.9,10.055,unused
2000-05-05,,2.662,143.76,2.17,20.197,unused
2000-05-06,,2.527,142.6,3.33,0.037,unused
2000-05-07,,2.543,138.48,7.22,0.195,unused
2000-05-08,,2.698,135.22,6.54,4.13,unused
2000-05-09,,3.038,132.95,5.8,9.224,unused
2000-05-10,,4.055,131.43,6.12,24.821,unused
2000-05-11,,4.097,130.62,4.28,5.331,unused
2000-05-12,,3.879,129.85,2.46,0.047,unused
2000-05-13,,3.688,128.77,3.19,0.111,unused
2000-05-14,,3.563,126.31,5.27,0.008,unused
2000-05-15,,3.475,123.18,6.96,0.147,unused
2000-05-16,,3.4,119.72,8.44,0.081,unused
2000-05-17,,3.346,117.07,7.49,1.39,unused
2000-05-18,,3.404,115.66,6.06,5.49,unused
2000-05-19,,3.392,112.69,7.83,2.256,unused
2000-05-20,,3.567,110.84,6.98,8.388,unused
2000-05-21,,3.796,115.8,3.54,16.054,unused
2000-05-22,,3.614,115.11,4.23,0.541,unused
2000-05-23,,3.486,114.02,5.36,1.379,unused
2000-05-24,,3.39,112.27,6.19,1.624,unused
2000-05-25,,3.268,110.75,5.79,1.136,unused
2000-05-26,,3.128,108.78,6.35,0.152,unused
2000-05-27,,3.032,105.19,8.61,0.129,unused
2000-05-28,,3.028,101.43,8.9,3.743,unused
2000-05-29,,3.015,99.89,6.24,5.457,unused
2000-05-30,,3.136,100.92,5.23,12.643,unused
2000-05-31,,3.325,102.7,4.44,14.715,unused
2000-06-01,,3.304,104.88,3.21,7.587,unused
2000-06-02,,3.14,104.39,3.86,0.677,unused
2000-06-03,,2.972,104.52,2.41,0.943,unused
2000-06-04,,2.853,102.02,7.13,0.009,unused
2000-06-05,,2.786,97.86,9.38,0.572,unused
2000-06-06,,2.723,94.22,9.91,1.299,unused
2000-06-07,,2.653,91.26,10.58,1.551,unused
2000-06-08,,2.626,88.97,9.44,4.236,unused
2000-06-09,,2.525,86.95,8.82,0.791,unused
2000-06-10,,2.4,85.58,7.56,0.212,unused
2000-06-11,,2.304,82.54,10.72,0.01,unused
2000-06-12,,2.283,78.75,12.12,0.242,unused
2000-06-13,,2.368,75.75,10.65,11.184,unused
2000-06-14,,2.499,81.78,3.51,17.844,unused
2000-06-15,,2.39,80.3,7.75,0.112,unused
2000-06-16,,2.342,79.27,7.14,2.267,unused
2000-06-17,,2.325,76.7,9.84,0.329,unused
2000-06-18,,2.326,73,11.96,1.683,unused
2000-06-19,,2.387,69.38,11.79,5.851,unused
2000-06-20,,2.509,66.69,10.08,8.374,unused
2000-06-21,,2.682,64.23,9.64,9.582,unused
2000-06-22,,2.712,61.47,10.21,3.662,unused
2000-06-23,,2.745,58.29,11,3.674,unused
2000-06-24,,2.749,54.07,12.91,1.888,unused
2000-06-25,,2.766,49.3,13.94,2.276,unused
2000-06-26,,2.842,45.03,13.82,5.387,unused
2000-06-27,,2.899,43.59,11.34,7.328,unused
2000-06-28,,2.966,42.41,10.48,7.618,unused
2000-06-29,,2.979,41.16,10.71,5.685,unused
2000-06-30,,2.917,39.69,11.43,2.736,unused
2000-07-01,,2.848,38.21,11.52,2.586,unused
2000-07-02,,2.774,37.2,9.86,2.972,unused
2000-07-03,,2.667,36.09,10.2,1.367,unused
2000-07-04,,2.556,34.29,12.59,0.405,unused
2000-07-05,,2.558,32.6,12.2,5.922,unused
2000-07-06,,2.538,30.63,13.18,1.848,unused
2000-07-07,,2.509,28.38,14.14,0.403,unused
2000-07-08,,2.481,25.92,14.85,0.468,unused
2000-07-09,,2.462,23.41,15.01,2.091,unused
2000-07-10,,2.46,21.62,12.57,5.64,unused
2000-07-11,,2.439,20.05,11.79,2.013,unused
2000-07-12,,2.414,18.41,12.04,1.647,unused
2000-07-13,,2.386,16.7,12.29,1.018,unused
2000-07-14,,2.367,15.93,10.97,3.674,unused
2000-07-15,,2.362,15.88,9.19,6.646,unused
2000-07-16,,2.38,15.93,8.35,9.535,unused
2000-07-17,,2.386,16.4,7.4,7.147,unused
2000-07-18,,2.402,16.91,7.39,7.665,unused
2000-07-19,,2.402,16.86,8.81,5.128,unused
2000-07-20,,2.366,16.46,11.73,0.651,unused
2000-07-21,,2.352,16.02,12.09,3.565,unused
2000-07-22,,2.367,15.61,11.76,7.722,unused
2000-07-23,,2.379,15.33,10.59,6.817,unused
2000-07-24,,2.374,15.29,8.72,4.845,unused
2000-07-25,,2.346,15.09,9.76,1.802,unused
2000-07-26,,2.313,14.7,11.65,1.026,unused
2000-07-27,,2.3,14.21,12.52,4.331,unused
2000-07-28,,2.279,13.61,13.62,2.687,unused
2000-07-29,,2.247,12.87,14.9,0.793,unused
2000-07-30,,2.215,12.09,15.36,0.897,unused
2000-07-31,,2.19,11.44,14.04,2.504,unused
2000-08-01,,2.162,11.01,12.02,2.132,unused
2000-08-02,,2.127,10.53,12.48,0.564,unused
2000-08-03,,2.091,9.98,13.08,0.146,unused
2000-08-04,,2.055,9.26,14.74,0.04,unused
2000-08-05,,2.032,8.45,15.61,3.548,unused
2000-08-06,,2.031,7.8,14.03,8.621,unused
2000-08-07,,2.026,7.15,14.1,4.948,unused
2000-08-08,,2.07,6.7,12.23,10.64,unused
2000-08-09,,2.114,6.45,10.3,8.52,unused
2000-08-10,,2.051,6.12,10.98,0.205,unused
2000-08-11,,2.018,5.67,12.16,0.158,unused
2000-08-12,,1.986,5.12,13.15,0.212,unused
2000-08-13,,1.956,4.59,12.91,0.827,unused
2000-08-14,,1.929,4.15,12.05,1.349,unused
2000-08-15,,1.903,3.67,12.48,1.482,unused
2000-08-16,,1.887,3.35,11.28,4.221,unused
2000-08-17,,1.96,4.46,6.83,16.757,unused
2000-08-18,,1.909,4.42,8.18,1.728,unused
2000-08-19,,1.88,4.22,9.87,0.628,unused
2000-08-20,,1.879,4.12,9.36,4.798,unused
2000-08-21,,1.852,3.94,9.57,0.956,unused
2000-08-22,,1.823,3.68,10.45,0.535,unused
2000-08-23,,1.794,3.63,9.54,0.698,unused
2000-08-24,,1.761,3.58,11.97,0.011,unused
2000-08-25,,1.73,3.48,13.94,0.341,unused
2000-08-26,,1.701,3.39,14.22,0.516,unused
2000-08-27,,1.67,3.29,14.23,0.162,unused
2000-08-28,,1.64,3.18,14.54,0.111,unused
2000-08-29,,1.611,3.09,14.15,0.345,unused
2000-08-30,,1.584,3.04,11.84,1.226,unused
2000-08-31,,1.56,3.03,10.01,2.03,unused
2000-09-01,,1.532,3.01,10.43,0.158,unused
2000-09-02,,1.504,2.97,11.49,0.004,unused
2000-09-03,,1.476,2.92,11.73,0.121,unused
2000-09-04,,1.451,2.89,11.24,1.001,unused
2000-09-05,,1.425,2.87,10.6,0.752,unused
2000-09-06,,1.402,2.89,9.14,1.731,unused
2000-09-07,,1.38,2.91,8,1.963,unused
2000-09-08,,1.359,2.94,7.59,1.943,unused
2000-09-09,,1.336,2.95,7.94,0.788,unused
2000-09-10,,1.312,2.95,9.03,0.277,unused
2000-09-11,,1.292,2.97,8.71,1.49,unused
2000-09-12,,1.268,2.97,9.7,0.295,unused
2000-09-13,,1.246,2.93,11.49,0.192,unused
2000-09-14,,1.226,2.89,11.23,1.825,unused
2000-09-15,,1.214,2.89,9.48,4.415,unused
2000-09-16,,1.194,2.88,10.23,0.713,unused
2000-09-17,,1.173,2.85,10.7,0.253,unused
2000-09-18,,1.151,2.82,11.04,0.046,unused
2000-09-19,,1.151,2.93,7.51,8.183,unused
2000-09-20,,1.134,3.17,4.93,1.297,unused
2000-09-21,,1.115,3.23,5.09,0.359,unused
2000-09-22,,1.095,3.29,5.03,0.314,unused
2000-09-23,,1.075,3.24,5.78,0,unused
2000-09-24,,1.085,5.19,4.13,10.687,unused
2000-09-25,,1.12,18.89,-0.57,22.252,unused
2000-09-26,,1.1,18.93,-2.24,0.073,unused
2000-09-27,,1.08,18.86,0,0.002,unused
2000-09-28,,1.083,19.24,2.33,3.306,unused
2000-09-29,,1.119,24.76,0.82,11.847,unused
2000-09-30,,1.098,24.76,-1.18,0.01,unused
2000-10-01,,1.095,26.23,0.01,3.177,unused
2000-10-02,,1.227,34.62,0.86,17.77,unused
2000-10-03,,1.39,42.73,0.42,17.011,unused
2000-10-04,,1.418,49.34,-1.87,10.739,unused
2000-10-05,,1.285,49.42,-3.54,0.11,unused
2000-10-06,,1.238,49.56,-4.14,0.18,unused
2000-10-07,,1.225,51.97,-5.18,2.899,unused
2000-10-08,,1.202,51.99,-5.26,0.024,unused
2000-10-09,,1.18,51.99,-4.57,0.001,unused
2000-10-10,,1.16,51.83,-3.28,0.001,unused
2000-10-11,,1.142,51.54,-1.51,0,unused
2000-10-12,,1.141,53.46,-0.59,3.471,unused
2000-10-13,,1.23,59.21,-0.09,11.929,unused
2000-10-14,,1.626,80.7,-0.67,34.913,unused
2000-10-15,,1.828,99.9,-2.84,26.239,unused
2000-10-16,,1.676,100.09,-8.44,0.189,unused
2000-10-17,,1.532,100.08,-5.74,0.023,unused
2000-10-18,,1.571,109.33,-2.79,12.664,unused
2000-10-19,,1.569,116.4,-2.87,9.664,unused
2000-10-20,,1.536,121.74,-2.97,7.3,unused
2000-10-21,,1.575,135.36,-6.05,16.358,unused
2000-10-22,,1.475,135.36,-7.91,0.003,unused
2000-10-23,,1.454,137.53,-6.5,2.363,unused
2000-10-24,,1.588,157.97,-6.15,24.57,unused
2000-10-25,,1.495,157.97,-7.71,0.004,unused
2000-10-26,,1.468,157.91,-5.82,0,unused
2000-10-27,,1.451,157.26,-1.74,0.001,unused
2000-10-28,,1.435,156.6,-1.33,0.002,unused
2000-10-29,,1.42,155.9,-1.25,0.002,unused
2000-10-30,,1.394,155.97,-4.23,0.101,unused
2000-10-31,,1.369,155.97,-5.29,0.001,unused
2000-11-01,,1.345,155.96,-3.89,0.088,unused
2000-11-02,,1.32,155.96,-4.79,0,unused
2000-11-03,,1.297,155.88,-3.76,0.001,unused
2000-11-04,,1.296,158.56,-3.6,3.83,unused
2000-11-05,,1.393,169.61,-4.22,15.112,unused
2000-11-06,,1.329,169.64,-6.39,0.035,unused
2000-11-07,,1.326,174.1,-5.4,5.365,unused
2000-11-08,,1.324,178.69,-5.97,5.503,unused
2000-11-09,,1.299,178.71,-8.64,0.021,unused
2000-11-10,,1.275,178.71,-6.32,0.004,unused
2000-11-11,,1.261,181.64,-6.56,3.192,unused
2000-11-12,,1.247,190.63,-10.55,8.629,unused
2000-11-13,,1.224,191.03,-13.61,0.375,unused
2000-11-14,,1.21,195.27,-9.76,4.348,unused
2000-11-15,,1.223,205.14,-7.91,11.025,unused
2000-11-16,,1.204,208.71,-10.32,3.427,unused
2000-11-17,,1.182,209.27,-15.17,0.498,unused
2000-11-18,,1.161,209.23,-10.23,0.001,unused
2000-11-19,,1.147,208.75,-6.68,0.002,unused
2000-11-20,,1.128,208.64,-8.95,0.001,unused
2000-11-21,,1.108,208.59,-9.03,0.001,unused
2000-11-22,,1.087,208.62,-9.68,0.026,unused
2000-11-23,,1.067,208.65,-10.27,0.029,unused
2000-11-24,,1.048,208.65,-11.33,0,unused
2000-11-25,,1.028,208.65,-11.06,0.001,unused
2000-11-26,,1.009,208.65,-11.65,0,unused
2000-11-27,,0.991,208.66,-12.3,0.005,unused
2000-11-28,,0.976,212.52,-11.11,3.712,unused
2000-11-29,,0.962,221.77,-14.05,8.506,unused
2000-11-30,,0.944,221.82,-17.12,0.046,unused
2000-12-01,,0.929,222.74,-10.77,0.977,unused
2000-12-02,,0.936,233.49,-9.67,11.132,unused
2000-12-03,,0.934,239.36,-8.78,6.184,unused
2000-12-04,,0.953,257.78,-9.51,18.727,unused
2000-12-05,,0.936,258.05,-11.35,0.259,unused
2000-12-06,,0.918,258.05,-12.23,0,unused
2000-12-07,,0.901,258.16,-13.48,0.103,unused
2000-12-08,,0.885,258.59,-14.54,0.389,unused
2000-12-09,,0.873,269.19,-12.27,9.757,unused
2000-12-10,,0.857,270.12,-13.26,0.851,unused
2000-12-11,,0.843,270.02,-10.8,0,unused
2000-12-12,,0.842,269.76,-6.9,0.612,unused
2000-12-13,,0.846,274.59,-8.19,5.492,unused
2000-12-14,,0.857,287.34,-8.96,13.033,unused
2000-12-15,,0.846,288.5,-8.56,1.316,unused
2000-12-16,,0.858,294.39,-6.73,6.944,unused
2000-12-17,,0.858,298.78,-8.12,4.902,unused
2000-12-18,,0.842,298.79,-10.34,0.005,unused
2000-12-19,,0.827,298.79,-8.74,0.001,unused
2000-12-20,,0.813,298.74,-7.75,0.003,unused
2000-12-21,,0.806,298.31,-5.21,0.064,unused
2000-12-22,,0.793,298.18,-6.96,0.009,unused
2000-12-23,,0.779,298.21,-8.06,0.056,unused
2000-12-24,,0.765,298.21,-10.42,0.002,unused
2000-12-25,,0.768,307.37,-8.68,9.283,unused
2000-12-26,,0.773,313.03,-7.8,6.222,unused
2000-12-27,,0.759,313.05,-8.59,0.025,unused
2000-12-28,,0.745,313.09,-9.86,0.034,unused
2000-12-29,,0.731,313.15,-11.32,0.057,unused
2000-12-30,,0.718,313.15,-11.37,0.001,unused
2000-12-31,,0.705,313.15,-10.39,0.001,unused
2001-01-01,0.901,0.692,313.15,-8.73,0.003,unused
2001-01-02,0.924,0.679,313.15,-9.08,0,unused
2001-01-03,0.921,0.67,316.91,-10.83,3.605,unused
2001-01-04,0.918,0.658,317.01,-11.66,0.099,unused
2001-01-05,0.918,0.646,317.01,-12.32,0.001,unused
2001-01-06,0.914,0.634,317.01,-13.87,0,unused
2001-01-07,0.911,0.622,317.01,-14.89,0.003,unused
2001-01-08,0.908,0.611,317.01,-14.96,0,unused
2001-01-09,0.908,0.602,323.47,-13.66,5.937,unused
2001-01-10,0.904,0.591,330.79,-15.18,6.586,unused
2001-01-11,0.901,0.585,330.53,-10.55,0.003,unused
2001-01-12,0.898,0.579,330.24,-9.41,0,unused
2001-01-13,0.898,0.571,330.92,-10.4,0.777,unused
2001-01-14,0.895,0.561,331.87,-12.62,0.875,unused
2001-01-15,0.891,0.573,353.06,-11.78,20.367,unused
2001-01-16,0.855,0.562,358.51,-16.58,4.882,unused
2001-01-17,0.77,0.552,358.66,-17.59,0.14,unused
2001-01-18,0.839,0.542,358.66,-15.3,0,unused
2001-01-19,0.875,0.535,365.8,-13.3,6.607,unused
2001-01-20,0.931,0.538,375.84,-11.82,9.754,unused
2001-01-21,0.911,0.529,377.64,-12.77,1.649,unused
2001-01-22,0.891,0.519,379.14,-15.2,1.351,unused
2001-01-23,0.855,0.509,379.75,-17.91,0.549,unused
2001-01-24,0.855,0.5,387.6,-17.81,7.043,unused
2001-01-25,0.786,0.491,387.85,-18.13,0.225,unused
2001-01-26,0.819,0.482,388.63,-18.81,0.699,unused
2001-01-27,0.839,0.473,388.65,-18.53,0.015,unused
2001-01-28,0.839,0.465,389.42,-13.95,0.724,unused
2001-01-29,0.875,0.457,389.67,-13.69,0.259,unused
2001-01-30,0.839,0.448,389.66,-14.15,0.001,unused
2001-01-31,0.819,0.44,389.66,-14.42,0,unused
2001-02-01,0.802,0.432,389.66,-14.75,0.001,unused
2001-02-02,0.802,0.425,389.63,-13.27,0.001,unused
2001-02-03,0.819,0.42,389.84,-11.06,0.39,unused
2001-02-04,0.819,0.418,393.01,-11.47,3.152,unused
2001-02-05,0.819,0.416,396.75,-10.34,3.719,unused
2001-02-06,0.839,0.414,400.21,-10.77,3.412,unused
2001-02-07,0.802,0.406,400.35,-12.52,0.13,unused
2001-02-08,0.802,0.4,400.93,-11.83,0.586,unused
2001-02-09,0.802,0.405,412.13,-11.83,10.769,unused
2001-02-10,0.802,0.397,414.39,-16.12,2.033,unused
2001-02-11,0.77,0.39,414.39,-16.59,0.001,unused
2001-02-12,0.77,0.384,414.34,-12.82,0,unused
2001-02-13,0.802,0.381,414.07,-9.41,0.001,unused
2001-02-14,0.802,0.379,413.76,-9.17,0.001,unused
2001-02-15,0.802,0.384,413.98,-7.79,0.877,unused
2001-02-16,0.855,0.405,426.44,-9.09,12.87,unused
2001-02-17,0.802,0.401,429.64,-10.67,3.074,unused
2001-02-18,0.819,0.407,436.07,-9.44,6.578,unused
2001-02-19,0.802,0.446,448.59,-7.37,14.031,unused
2001-02-20,0.539,0.458,453.08,-7.6,5.214,unused
2001-02-21,0.951,0.47,457.61,-7.78,5.226,unused
2001-02-22,0.911,0.549,476.34,-6.61,20.966,unused
2001-02-23,0.875,0.529,479.09,-8.46,2.936,unused
2001-02-24,0.839,0.519,479.1,-10.84,0.011,unused
2001-02-25,0.839,0.515,484.15,-10.93,4.849,unused
2001-02-26,0.855,0.506,484.12,-9.6,0.021,unused
2001-02-27,0.839,0.502,483.84,-7.7,0.002,unused
2001-02-28,0.839,0.494,483.74,-9.1,0.001,unused
2001-03-01,0.855,0.491,483.37,-7.22,0.002,unused
2001-03-02,0.891,0.493,485.25,-7.96,2.305,unused
2001-03-03,0.875,0.489,484.9,-7.37,0,unused
2001-03-04,0.891,0.5,483.82,-4.52,0.085,unused
2001-03-05,0.931,0.513,483.31,-4.56,0.75,unused
2001-03-06,0.99,0.515,484.27,-6.88,1.533,unused
2001-03-07,0.951,0.515,483.73,-6.34,0.003,unused
2001-03-08,0.951,0.522,482.68,-4.85,0,unused
2001-03-09,0.99,0.543,480.84,-3.04,0.007,unused
2001-03-10,1.049,0.62,485.44,-3,8.172,unused
2001-03-11,1.108,0.849,498.55,-3.66,19.248,unused
2001-03-12,1.089,0.801,501.58,-4.9,4.304,unused
2001-03-13,1.049,0.723,503.29,-7.4,1.962,unused
2001-03-14,1.03,0.713,503.41,-7.01,0.283,unused
2001-03-15,1.01,0.701,503.34,-7.48,0.01,unused
2001-03-16,1.03,0.695,502.9,-5.39,0,unused
2001-03-17,1.049,0.698,501.98,-3.77,0,unused
2001-03-18,1.089,0.719,503.18,-3.6,2.984,unused
2001-03-19,1.217,0.728,509,-6.42,6.565,unused
2001-03-20,1.194,0.721,509.21,-6.26,0.521,unused
2001-03-21,1.168,0.713,508.86,-5.74,0.002,unused
2001-03-22,1.168,0.717,507.87,-3.59,0.001,unused
2001-03-23,1.194,0.729,506.92,-2.7,0.547,unused
2001-03-24,1.266,0.757,504.42,-0.67,0.001,unused
2001-03-25,1.371,0.84,500.07,1.73,0.054,unused
2001-03-26,1.52,0.931,495.45,1.96,0.001,unused
2001-03-27,1.687,1.028,490.98,1.92,0.309,unused
2001-03-28,1.724,1.1,492.2,-1.54,5.19,unused
2001-03-29,1.724,1.063,490.48,-1.76,0.209,unused
2001-03-30,1.724,1.044,488.21,-1.04,0.01,unused
2001-03-31,1.76,1.187,491.44,-0.88,8.446,unused
2001-04-01,2.075,1.556,512.82,-3.53,29.898,unused
2001-04-02,1.917,1.411,512.88,-6.71,0.072,unused
2001-04-03,1.839,1.3,512.58,-3.63,0.225,unused
2001-04-04,1.76,1.337,510.68,0.92,1.622,unused
2001-04-05,1.878,1.466,520.28,-2.63,14.159,unused
2001-04-06,1.996,1.407,518.62,-0.67,0.001,unused
2001-04-07,2.036,1.357,516.86,-0.44,0.005,unused
2001-04-08,2.036,1.346,514.76,0.06,0.001,unused
2001-04-09,2.154,1.36,512.45,0.37,0,unused
2001-04-10,2.338,1.393,509.03,1.89,0.001,unused
2001-04-11,2.523,1.502,505.46,2.6,1.523,unused
2001-04-12,2.852,1.562,502.62,1.73,1.278,unused
2001-04-13,3.049,1.622,498.43,2.72,0.005,unused
2001-04-14,3.289,1.744,495.66,2.16,2.708,unused
2001-04-15,3.519,1.768,496.33,-0.43,3.965,unused
2001-04-16,3.454,1.686,495.13,-1.53,0.069,unused
2001-04-17,3.253,1.683,496.1,-1.49,3.609,unused
2001-04-18,2.95,1.644,494.96,-0.73,0.806,unused
2001-04-19,2.806,1.66,495.37,-1.11,2.997,unused
2001-04-20,2.431,1.667,495.54,-1.62,2.227,unused
2001-04-21,2.338,1.665,493.84,-0.51,0.043,unused
2001-04-22,2.385,1.754,491.73,1.87,2.698,unused
2001-04-23,2.523,1.986,496.42,0.06,12.189,unused
2001-04-24,2.71,1.92,496.53,-0.48,1.73,unused
2001-04-25,2.756,1.833,495.36,-0.03,0.034,unused
2001-04-26,2.852,1.792,493.69,0.84,0.001,unused
2001-04-27,3,1.795,491.88,1.41,0.363,unused
2001-04-28,3.098,1.805,489.29,2.23,0,unused
2001-04-29,3.2,1.863,485.07,4.13,0.05,unused
2001-04-30,3.253,1.951,483.23,2.58,3.041,unused
2001-05-01,3.289,1.988,480.76,2.68,1.387,unused
2001-05-02,3.289,1.972,478.23,2.26,0.249,unused
2001-05-03,3.421,2.008,474.86,3.43,0.495,unused
2001-05-04,3.552,2.046,471.5,3.46,0.563,unused
2001-05-05,3.618,2.26,467.16,4.83,3.417,unused
2001-05-06,3.848,2.551,464.41,3.9,6.781,unused
2001-05-07,3.98,2.855,458.14,6.21,3.818,unused
2001-05-08,4.144,2.988,456.09,3.83,4.553,unused
2001-05-09,4.407,3.232,455.07,3.68,7.988,unused
2001-05-10,4.341,3.504,450.88,5.98,5.741,unused
2001-05-11,4.769,3.786,446.49,6.18,6.031,unused
2001-05-12,5.065,3.933,440.63,7.31,2.005,unused
2001-05-13,4.835,4.006,436.11,6.05,1.939,unused
2001-05-14,5.23,4.102,431.51,6.15,2.465,unused
2001-05-15,5.295,4.205,424.28,8.41,0.152,unused
2001-05-16,5.624,4.45,413.6,11.38,0.017,unused
2001-05-17,5.986,4.768,401.53,12.57,0.552,unused
2001-05-18,6.315,5.194,395.3,7.64,9.182,unused
2001-05-19,6.315,5.434,397.55,3.38,13.344,unused
2001-05-20,5.887,5.276,394.94,3.94,0.506,unused
2001-05-21,5.624,5.226,389.84,6.49,0.366,unused
2001-05-22,5.559,5.386,385.48,6.15,6.005,unused
2001-05-23,5.394,5.575,381.1,6.22,6.866,unused
2001-05-24,5.23,5.766,376.19,6.7,6.659,unused
2001-05-25,5.295,5.95,370.9,7.05,6.341,unused
2001-05-26,5.394,6.061,362.13,9.74,1.448,unused
2001-05-27,5.822,6.292,353.83,9.4,5.2,unused
2001-05-28,6.315,6.574,346.93,8.46,8.106,unused
2001-05-29,6.578,6.575,341.39,8.75,2.931,unused
2001-05-30,7.072,6.583,332.92,11.71,0.562,unused
2001-05-31,7.598,6.686,324.89,11.27,4.038,unused
2001-06-01,7.828,6.851,317.25,10.87,6.616,unused
2001-06-02,8.453,6.9,317.05,4.9,11.033,unused
2001-06-03,8.091,6.743,311.25,8.99,0.017,unused
2001-06-04,7.828,6.669,303.99,10.48,1.411,unused
2001-06-05,7.992,6.568,297.69,9.5,1.85,unused
2001-06-06,8.091,6.408,291.63,9.27,0.434,unused
2001-06-07,8.091,6.207,286.66,8.12,0.239,unused
2001-06-08,7.828,6.069,278.97,10.93,0.037,unused
2001-06-09,7.729,5.996,269.7,12.52,0.951,unused
2001-06-10,7.828,5.92,260.45,12.51,0.534,unused
2001-06-11,7.729,6.035,254.74,9.05,11.573,unused
2001-06-12,7.367,5.98,247.59,10.37,1.482,unused
2001-06-13,7.269,5.929,239.47,11.35,0.991,unused
2001-06-14,7.104,5.82,232.8,11.15,0.506,unused
2001-06-15,7.269,5.764,227.65,10.65,4.154,unused
2001-06-16,7.039,5.659,222.32,10.88,1.974,unused
2001-06-17,6.94,5.534,216.49,11.52,0.779,unused
2001-06-18,7.039,5.465,209.57,12.93,1.861,unused
2001-06-19,7.269,5.447,202.38,13.27,3.479,unused
2001-06-20,7.104,5.471,195.52,12.84,5.075,unused
2001-06-21,6.874,5.539,190.55,10.43,8.094,unused
2001-06-22,6.545,5.497,185.88,10.02,3.709,unused
2001-06-23,6.249,5.395,179.85,11.79,0.356,unused
2001-06-24,6.315,5.317,172.62,13.33,0.44,unused
2001-06-25,6.414,5.229,165.61,13.04,0.531,unused
2001-06-26,6.414,5.164,157.21,14.84,0.061,unused
2001-06-27,6.414,5.128,148.51,15.22,1.021,unused
2001-06-28,6.479,5.084,140.29,14.6,1.206,unused
2001-06-29,6.71,5.037,131.19,16.19,0.124,unused
2001-06-30,6.808,4.94,124.4,17.68,0.36,unused
2001-07-01,6.644,4.809,119.53,14.12,0.944,unused
2001-07-02,6.644,4.637,116.32,11.04,0.664,unused
2001-07-03,6.414,4.465,113.98,9.45,1.464,unused
2001-07-04,5.92,4.294,112.64,7.55,2.304,unused
2001-07-05,5.131,4.121,110.11,9.79,0.66,unused
2001-07-06,4.835,3.977,107.42,10.08,1.912,unused
2001-07-07,4.638,3.84,104.26,10.95,1.453,unused
2001-07-08,4.572,3.731,101.06,11.02,2.761,unused
2001-07-09,4.506,3.606,96.8,12.99,0.096,unused
2001-07-10,4.506,3.498,91.66,14.62,0.036,unused
2001-07-11,4.572,3.405,86.15,15.3,0.222,unused
2001-07-12,4.703,3.304,81.85,13.07,0.597,unused
2001-07-13,4.769,3.191,78.13,11.99,0.184,unused
2001-07-14,4.572,3.076,74.74,11.36,0.207,unused
2001-07-15,4.44,2.964,71.76,10.62,0.61,unused
2001-07-16,4.374,2.885,68.51,11.35,1.067,unused
2001-07-17,4.243,2.864,67.44,10.07,4.823,unused
2001-07-18,4.013,2.888,66.35,10.16,9.967,unused
2001-07-19,3.815,2.971,65.02,10.99,10.342,unused
2001-07-20,4.013,3.216,63.82,10.54,15.434,unused
2001-07-21,4.243,3.118,62.45,11.12,1.077,unused
2001-07-22,4.078,3.034,60.85,11.88,1.504,unused
2001-07-23,4.013,3.036,59.31,11.7,5.391,unused
2001-07-24,3.881,3.118,58.24,10.09,9.263,unused
2001-07-25,3.717,3.141,56.82,11.3,5.792,unused
2001-07-26,3.717,3.11,55.08,12.36,3.525,unused
2001-07-27,3.782,3.265,53.69,11.18,11.784,unused
2001-07-28,3.782,3.446,53.39,7.92,12.82,unused
2001-07-29,3.486,3.514,55.22,5.48,10.066,unused
2001-07-30,3.135,3.368,55.15,6.35,1.264,unused
2001-07-31,2.809,3.224,54.36,9.09,0.445,unused
2001-08-01,2.917,3.13,53,11.06,1.699,unused
2001-08-02,3.026,3.021,51.13,12.83,0.625,unused
2001-08-03,3.135,2.971,49.18,13.12,3.452,unused
2001-08-04,3.19,2.937,47.13,13.43,1.601,unused
2001-08-05,3.19,2.976,45.46,12.16,8.36,unused
2001-08-06,3.243,2.956,44.41,10.01,5.202,unused
2001-08-07,3.243,2.91,42.79,11.94,0.072,unused
2001-08-08,3.19,2.869,41.48,10.91,0.48,unused
2001-08-09,3.135,2.836,40.03,11.39,1.743,unused
2001-08-10,3.135,2.798,38.48,11.72,0.827,unused
2001-08-11,3.19,2.766,37.02,11.44,1.986,unused
2001-08-12,3.135,2.742,35.79,10.61,3.621,unused
2001-08-13,3.243,2.73,34.61,10.46,5.258,unused
2001-08-14,3.026,2.713,33.9,9,4.417,unused
2001-08-15,3.026,2.721,33.53,7.89,7.586,unused
2001-08-16,2.917,2.708,32.58,9.64,3.329,unused
2001-08-17,2.809,2.677,31.19,11.19,0.88,unused
2001-08-18,2.809,2.66,30.21,9.74,3.221,unused
2001-08-19,2.723,2.62,29.61,8.58,0.528,unused
2001-08-20,2.677,2.574,29.27,11.09,0,unused
2001-08-21,2.677,2.531,28.79,12.51,0.356,unused
2001-08-22,2.723,2.497,28.43,11.31,2.097,unused
2001-08-23,2.723,2.472,28.16,10.42,3.986,unused
2001-08-24,2.677,2.473,27.99,9.57,8.388,unused
2001-08-25,2.592,2.672,28.1,9.08,18.896,unused
2001-08-26,2.97,2.81,28.85,7.16,11.342,unused
2001-08-27,2.677,2.679,28.76,8.68,0.972,unused
2001-08-28,2.917,3.077,30.21,5.75,21.929,unused
2001-08-29,2.917,2.92,30.25,6.8,0.57,unused
2001-08-30,2.635,2.763,30.21,7.96,0.318,unused
2001-08-31,2.549,2.615,29.9,10.83,0.073,unused
2001-09-01,2.549,2.542,29.46,12.12,0.371,unused
2001-09-02,2.506,2.588,29.44,9.17,9.199,unused
2001-09-03,2.506,2.551,29.4,8.55,3.404,unused
2001-09-04,2.467,2.508,29.33,8.37,0.384,unused
2001-09-05,2.424,2.463,29.1,10.03,0.019,unused
2001-09-06,2.381,2.434,28.93,9.54,2.169,unused
2001-09-07,2.342,2.415,28.95,7.9,4.037,unused
2001-09-08,2.26,2.389,28.83,9.34,2.614,unused
2001-09-09,2.26,2.385,28.86,8.04,6.364,unused
2001-09-10,2.141,2.342,28.85,7.65,0.064,unused
2001-09-11,2.102,2.3,28.86,7.4,0.207,unused
2001-09-12,2.026,2.285,31.2,2.44,6.913,unused
2001-09-13,1.947,2.243,31.21,1.7,0.028,unused
2001-09-14,1.908,2.202,31.23,1.97,0.055,unused
2001-09-15,1.871,2.163,30.99,4.51,0,unused
2001-09-16,1.832,2.124,30.64,4.99,0.021,unused
2001-09-17,1.957,2.087,30.31,4.97,0.081,unused
2001-09-18,1.753,2.066,33.87,0.8,7.317,unused
2001-09-19,1.677,2.028,34.05,-1.79,0.297,unused
2001-09-20,1.602,1.991,34.05,-1.73,0.003,unused
2001-09-21,1.575,1.954,34.01,0.99,0.001,unused
2001-09-22,1.526,1.921,34.34,1.69,1.028,unused
2001-09-23,1.5,1.889,34.65,1.63,0.936,unused
2001-09-24,1.477,1.855,34.36,2.79,0.005,unused
2001-09-25,1.477,1.832,37.05,0.49,5.532,unused
2001-09-26,1.477,1.799,36.92,2.18,0.018,unused
2001-09-27,1.45,1.775,34.88,6.44,0,unused
2001-09-28,1.427,1.753,33.75,6.41,1.315,unused
2001-09-29,1.401,1.724,33.12,5.87,0.086,unused
2001-09-30,1.378,1.696,32.15,7.86,0.001,unused
2001-10-01,1.378,1.668,31.38,9,0,unused
2001-10-02,1.355,1.645,31.38,6.18,1.889,unused
2001-10-03,1.332,1.616,31.45,4.66,0.375,unused
2001-10-04,1.332,1.597,32.63,1.96,3.505,unused
2001-10-05,1.355,1.617,47.89,-1.33,24.781,unused
2001-10-06,1.332,1.588,47.91,-0.34,0.055,unused
2001-10-07,1.286,1.567,46.97,2.94,0.167,unused
2001-10-08,1.286,1.574,48.34,2.08,5.923,unused
2001-10-09,1.401,1.592,60.02,-3.23,15.953,unused
2001-10-10,1.286,1.564,61.71,-9.83,1.72,unused
2001-10-11,1.24,1.535,61.72,-9.36,0.004,unused
2001-10-12,1.24,1.511,61.28,-3.22,0,unused
2001-10-13,1.24,1.484,61.18,-1.83,0,unused
2001-10-14,1.263,1.481,64.3,-1.25,5.383,unused
2001-10-15,1.24,1.489,68.82,-1.24,7.67,unused
2001-10-16,1.24,1.583,79.41,-1.36,17.507,unused
2001-10-17,1.427,1.741,99.36,-4.21,27.266,unused
2001-10-18,1.332,1.601,99.38,-7.26,0.015,unused
2001-10-19,1.309,1.593,104.89,-3.27,7.536,unused
2001-10-20,1.526,1.902,121.93,-1.82,27.834,unused
2001-10-21,1.641,1.776,122.49,-2.04,0.993,unused
2001-10-22,1.526,1.793,127.86,-2.1,8.798,unused
2001-10-23,1.575,1.997,139.71,-2.21,19.29,unused
2001-10-24,1.602,1.869,140.7,-3.94,1.353,unused
2001-10-25,1.5,1.806,144.69,-2.45,5.442,unused
2001-10-26,1.5,1.78,146.84,-0.48,4.052,unused
2001-10-27,1.602,1.94,161.9,-3.18,20.583,unused
2001-10-28,1.677,1.82,161.9,-7.29,0.009,unused
2001-10-29,1.549,1.794,164.25,-7.26,2.551,unused
2001-10-30,1.641,1.828,176.68,-5.27,15.104,unused
2001-10-31,1.602,1.82,182.64,-4.62,7.256,unused
2001-11-01,1.602,1.821,189.72,-4.93,8.502,unused
2001-11-02,1.602,1.815,195.38,-4.36,6.789,unused
2001-11-03,1.575,1.784,195.83,-5.42,0.55,unused
2001-11-04,1.526,1.751,195.84,-4.61,0.002,unused
2001-11-05,1.5,1.719,195.84,-6.94,0,unused
2001-11-06,1.477,1.687,195.84,-8.12,0.002,unused
2001-11-07,1.45,1.656,195.84,-7.44,0.001,unused
2001-11-08,1.427,1.643,199.43,-5.73,4.31,unused
2001-11-09,1.427,1.656,205.09,-4.17,7.776,unused
2001-11-10,1.427,1.633,205.97,-3.99,1.27,unused
2001-11-11,1.427,1.603,205.98,-5.64,0.006,unused
2001-11-12,1.378,1.574,205.98,-4.49,0.002,unused
2001-11-13,1.378,1.559,205.98,-1.78,0.835,unused
2001-11-14,1.378,1.554,206.6,-1.55,1.957,unused
2001-11-15,1.401,1.569,212.2,-4.15,7.687,unused
2001-11-16,1.378,1.54,212.2,-4.69,0.005,unused
2001-11-17,1.355,1.522,211.6,-1.47,0.034,unused
2001-11-18,1.332,1.507,210.81,-0.97,0.001,unused
2001-11-19,1.309,1.489,210.22,-1.54,0.001,unused
2001-11-20,1.332,1.479,215.9,-7.12,6.191,unused
2001-11-21,1.286,1.452,215.91,-8.68,0.012,unused
2001-11-22,1.263,1.429,215.66,-4.43,0,unused
2001-11-23,1.286,1.41,215.23,-3.34,0,unused
2001-11-24,1.263,1.389,214.91,-2.32,0.011,unused
2001-11-25,1.24,1.383,217.27,-3.98,3.29,unused
2001-11-26,1.24,1.361,219.17,-8.75,1.927,unused
2001-11-27,1.217,1.336,219.36,-10.51,0.182,unused
2001-11-28,1.197,1.312,219.35,-9.55,0.002,unused
2001-11-29,1.197,1.288,219.6,-12.42,0.228,unused
2001-11-30,1.197,1.265,222.35,-12.86,2.531,unused
2001-12-01,1.197,1.247,225.81,-10.98,3.405,unused
2001-12-02,1.174,1.224,226.76,-13.67,0.875,unused
2001-12-03,1.112,1.202,226.78,-16.93,0.015,unused
2001-12-04,1.072,1.179,226.78,-17.05,0.004,unused
2001-12-05,1.092,1.158,226.78,-14.65,0.001,unused
2001-12-06,1.112,1.157,236.73,-10.07,10.178,unused
2001-12-07,1.155,1.165,251.32,-8.82,14.912,unused
2001-12-08,1.155,1.153,259.88,-10.28,8.215,unused
2001-12-09,1.112,1.132,260.49,-14.49,0.545,unused
2001-12-10,1.072,1.111,260.5,-18.99,0.012,unused
2001-12-11,1.052,1.09,260.5,-16.49,0.001,unused
2001-12-12,1.052,1.07,260.75,-14.2,0.225,unused
2001-12-13,1.092,1.054,269.12,-13.25,7.71,unused
2001-12-14,1.092,1.035,271.74,-12.96,2.414,unused
2001-12-15,1.072,1.016,271.75,-14.38,0.005,unused
2001-12-16,1.052,1,271.61,-10.24,0.001,unused
2001-12-17,1.052,1,278.68,-9.48,7.43,unused
2001-12-18,1.092,0.982,279.89,-12.43,1.117,unused
2001-12-19,1.052,0.966,279.74,-10.13,0.003,unused
2001-12-20,1.052,0.989,284.57,-5.83,6.729,unused
2001-12-21,1.092,1.23,307.1,-5.23,28.162,unused
2001-12-22,1.072,1.199,315.04,-6.41,9.24,unused
2001-12-23,1.112,1.1,315.97,-9.2,1.031,unused
2001-12-24,1.052,1.079,315.97,-11.01,0,unused
2001-12-25,1.033,1.06,315.94,-9.86,0.002,unused
2001-12-26,1.013,1.041,315.92,-8.83,0.001,unused
2001-12-27,1.033,1.022,315.92,-8.38,0.002,unused
2001-12-28,1.033,1.026,323.03,-8.18,7.755,unused
2001-12-29,1.033,1.012,324.58,-8.15,1.704,unused
2001-12-30,1.033,1.011,326.55,-5.83,2.755,unused
2001-12-31,1.092,1.114,340.54,-5.35,17.342,unused
2002-01-01,1.059,1.055,340.52,-7.93,0.015,validation
2002-01-02,1.052,1.044,340.34,-5.43,0.296,validation
2002-01-03,1.043,1.037,339.63,-4.27,0.003,validation
2002-01-04,1.033,1.034,338.71,-3.72,0.032,validation
2002-01-05,1.023,1.045,342.85,-5.7,5.4,validation
2002-01-06,1.013,1.04,346.22,-6.66,3.865,validation
2002-01-07,1.006,1.025,346.78,-7.54,0.695,validation
2002-01-08,0.997,1.018,347.15,-5.2,1.027,validation
2002-01-09,0.987,1.075,357.6,-5.26,13.115,validation
2002-01-10,0.977,1.066,363.67,-7.9,6.652,validation
2002-01-11,0.967,1.059,369.71,-9.92,6.121,validation
2002-01-12,0.957,1.054,377.22,-10.1,7.615,validation
2002-01-13,0.98,1.036,380.83,-12.33,3.322,validation
2002-01-14,0.957,1.018,382.75,-13.56,1.765,validation
2002-01-15,0.934,0.999,383,-16.31,0.221,validation
2002-01-16,0.888,0.981,383.1,-17.18,0.088,validation
2002-01-17,0.911,0.963,387.38,-16.56,3.839,validation
2002-01-18,0.865,0.945,387.38,-15.89,0.006,validation
2002-01-19,0.845,0.929,387.31,-12.65,0,validation
2002-01-20,0.845,0.912,387.31,-14.33,0.001,validation
2002-01-21,0.865,0.895,387.33,-14.64,0.013,validation
2002-01-22,0.865,0.878,387.4,-13.91,0.077,validation
2002-01-23,0.865,0.865,391.88,-12.48,4.149,validation
2002-01-24,0.888,0.852,399.19,-13.76,6.727,validation
2002-01-25,0.888,0.836,404.22,-15.27,4.52,validation
2002-01-26,0.826,0.821,404.28,-16.77,0.052,validation
2002-01-27,0.826,0.806,404.28,-15.31,0.005,validation
2002-01-28,0.826,0.791,404.27,-13.59,0.008,validation
2002-01-29,0.826,0.782,403.95,-9.64,0.001,validation
2002-01-30,0.845,0.776,405.01,-9,1.421,validation
2002-01-31,0.826,0.77,406.06,-9.14,1.376,validation
2002-02-01,0.826,0.775,413.23,-9.4,7.546,validation
2002-02-02,0.826,0.771,422.21,-11.97,8.635,validation
2002-02-03,0.826,0.77,434.19,-11.93,11.512,validation
2002-02-04,0.796,0.769,445.14,-11.28,10.58,validation
2002-02-05,0.812,0.755,447.15,-14.1,1.85,validation
2002-02-06,0.812,0.742,447.82,-15.33,0.594,validation
2002-02-07,0.796,0.728,447.82,-16.31,0.002,validation
2002-02-08,0.766,0.716,447.76,-11.56,0.004,validation
2002-02-09,0.796,0.703,447.73,-11.72,0.001,validation
2002-02-10,0.812,0.692,447.63,-10.82,0,validation
2002-02-11,0.796,0.689,450.61,-8.93,3.254,validation
2002-02-12,0.796,0.677,451.97,-12.41,1.26,validation
2002-02-13,0.911,0.678,457.26,-9.14,5.506,validation
2002-02-14,0.865,0.703,461.92,-6.23,6.293,validation
2002-02-15,0.911,0.814,475.04,-5.96,16.568,validation
2002-02-16,0.865,0.785,477.65,-6.12,3.879,validation
2002-02-17,0.911,0.794,487.97,-8.54,10.608,validation
2002-02-18,0.845,0.8,492.72,-8.12,5.388,validation
2002-02-19,0.845,0.811,505.26,-9.75,12.75,validation
2002-02-20,0.796,0.796,505.26,-10.53,0.006,validation
2002-02-21,0.812,0.788,504.86,-7.05,0.002,validation
2002-02-22,0.826,0.786,504.29,-6,0.113,validation
2002-02-23,0.826,0.776,504.28,-7.9,0.252,validation
2002-02-24,0.826,0.768,504.82,-8,0.825,validation
2002-02-25,0.826,0.761,505.59,-8.11,1.062,validation
2002-02-26,0.826,0.771,511.98,-7.28,7.128,validation
2002-02-27,0.865,0.769,514.28,-6.37,2.729,validation
2002-02-28,0.865,0.791,519.22,-5.18,6.526,validation
2002-03-01,0.888,0.796,524.5,-7.31,5.859,validation
2002-03-02,0.888,0.793,527.74,-8.08,3.551,validation
2002-03-03,0.865,0.786,529.61,-7.6,2.123,validation
2002-03-04,0.865,0.776,529.32,-5.92,0.013,validation
2002-03-05,0.865,0.776,528.49,-4,0.001,validation
2002-03-06,0.888,0.806,531.5,-4.09,5.194,validation
2002-03-07,0.934,0.799,535.65,-9.82,4.202,validation
2002-03-08,0.911,0.785,535.67,-10.1,0.019,validation
2002-03-09,0.911,0.773,535.49,-6.6,0.003,validation
2002-03-10,0.934,0.767,536.85,-6.42,1.702,validation
2002-03-11,0.957,0.757,547.7,-12.41,9.978,validation
2002-03-12,0.934,0.749,548.67,-10.11,1.147,validation
2002-03-13,0.934,0.742,548.26,-8.52,0.002,validation
2002-03-14,0.911,0.736,547.8,-6.98,0.001,validation
2002-03-15,0.911,0.735,547.05,-4.57,0.003,validation
2002-03-16,0.934,0.897,550.46,-1.32,8.953,validation
2002-03-17,1.108,1.295,570.33,-2.72,29.001,validation
2002-03-18,1.487,1.211,572.13,-5.08,2.773,validation
2002-03-19,1.454,1.216,569.15,0.02,0.001,validation
2002-03-20,1.424,1.419,562.97,3.63,1.026,validation
2002-03-21,1.625,1.551,564.73,-0.42,7.138,validation
2002-03-22,2.019,1.736,569.85,-1.21,11.441,validation
2002-03-23,2.204,1.631,569.17,-2.22,0.371,validation
2002-03-24,2.167,1.615,572.77,-2.64,5.961,validation
2002-03-25,1.983,1.669,580.69,-4.01,11.309,validation
2002-03-26,1.983,1.752,589.53,-3.49,12.775,validation
2002-03-27,1.871,1.649,588.49,-1.96,0.001,validation
2002-03-28,1.871,1.624,585.95,0.72,0.001,validation
2002-03-29,1.947,1.831,586.79,1.35,7.863,validation
2002-03-30,2.506,2.066,602.31,-3.13,22.067,validation
2002-03-31,2.621,1.964,605.38,-4.42,3.987,validation
2002-04-01,2.391,1.815,605.84,-6.19,0.564,validation
2002-04-02,2.204,1.667,605.93,-6.63,0.093,validation
2002-04-03,2.131,1.563,606.4,-4.02,1.133,validation
2002-04-04,2.056,1.763,612.95,-1.2,12.913,validation
2002-04-05,2.24,2.089,623.9,-1.68,19.676,validation
2002-04-06,2.467,2.04,624.58,-1.95,2.788,validation
2002-04-07,2.431,1.957,624.21,-1.98,1.068,validation
2002-04-08,2.431,1.892,622.44,-0.42,0.002,validation
2002-04-09,2.467,1.961,621.33,0.93,3.272,validation
2002-04-10,2.582,1.993,617.56,2.27,0.031,validation
2002-04-11,2.871,2.177,614.63,2.81,3.991,validation
2002-04-12,3.454,2.849,626.28,-0.27,27.781,validation
2002-04-13,4.966,2.949,626.86,0.6,6.254,validation
2002-04-14,4.966,3.202,626.68,2.54,8.771,validation
2002-04-15,5.295,3.232,628.59,0.03,6.439,validation
2002-04-16,5.394,3.081,627.82,-0.44,0.329,validation
2002-04-17,4.966,3.131,630.16,-0.14,7.111,validation
2002-04-18,4.868,3.514,637.14,1.17,18.151,validation
2002-04-19,6.381,3.963,640.49,1.78,16.553,validation
2002-04-20,7.861,4.363,638.85,3.61,11.259,validation
2002-04-21,7.96,4.686,636.69,3.81,9.519,validation
2002-04-22,9.144,4.917,642.23,1.07,15.077,validation
2002-04-23,8.65,4.872,647.14,-1.11,9.187,validation
2002-04-24,7.565,4.614,646.9,-2.16,0.228,validation
2002-04-25,6.677,4.384,646.47,-1.43,0.322,validation
2002-04-26,6.085,4.558,657.09,-1.26,18.373,validation
2002-04-27,5.822,4.465,664.52,-4.01,10.214,validation
2002-04-28,5.23,4.215,665.13,-4.68,0.731,validation
2002-04-29,4.868,3.98,664.93,-3.04,0.015,validation
2002-04-30,4.638,3.799,666.62,-2.94,2.605,validation
2002-05-01,4.309,3.618,666.88,-2.07,1.097,validation
2002-05-02,4.013,3.533,669.46,-1.71,5.062,validation
2002-05-03,3.684,3.402,669.92,-0.98,2.013,validation
2002-05-04,3.585,3.27,668.41,0.56,0.005,validation
2002-05-05,3.749,3.613,670.84,1.77,13.803,validation
2002-05-06,4.144,3.638,672.05,0.95,6.037,validation
2002-05-07,4.21,3.522,670.83,0.74,0.804,validation
2002-05-08,4.374,3.731,671.47,2.12,9.3,validation
2002-05-09,4.966,3.801,673.54,0.96,7.805,validation
2002-05-10,5.295,3.661,671.91,0.8,0.044,validation
2002-05-11,5.065,3.709,668.51,3.71,2.152,validation
2002-05-12,5.065,4.142,664.97,5.24,10.147,validation
2002-05-13,6.019,4.467,665.83,3.11,12.242,validation
2002-05-14,6.677,4.724,673.03,-0.3,16.948,validation
2002-05-15,6.183,4.542,671.39,0.79,0.008,validation
2002-05-16,5.822,4.776,676.93,0.99,14.978,validation
2002-05-17,5.723,4.572,676.66,-0.84,0.923,validation
2002-05-18,5.295,4.369,675.81,-0.48,0.176,validation
2002-05-19,5.23,4.193,675.94,0.07,1.484,validation
2002-05-20,5.065,3.999,675.49,0.31,0.377,validation
2002-05-21,4.868,3.879,675.46,1.4,2.103,validation
2002-05-22,4.638,3.799,673.19,3.59,0.725,validation
2002-05-23,4.802,3.74,670.59,3.99,0.794,validation
2002-05-24,5.131,3.743,668.5,3.78,2.574,validation
2002-05-25,5.131,3.76,663.46,6.41,0.002,validation
2002-05-26,5.559,4.113,657.18,7.65,6.285,validation
2002-05-27,6.479,4.284,659.32,2.03,10.51,validation
2002-05-28,6.479,4.162,656.87,3.65,0.004,validation
2002-05-29,6.085,4.118,652.97,5.33,0.145,validation
2002-05-30,6.183,4.198,648.18,6.31,2.011,validation
2002-05-31,6.578,4.652,647.18,4.91,14.045,validation
2002-06-01,6.775,4.642,642.37,6.23,0.484,validation
2002-06-02,7.762,4.767,636.52,7.33,2.495,validation
2002-06-03,8.255,4.851,631.48,6.57,2.522,validation
2002-06-04,8.354,4.923,626.63,6.39,2.572,validation
2002-06-05,8.255,4.968,623.6,5.11,3.801,validation
2002-06-06,8.453,4.956,621.44,4.03,3.46,validation
2002-06-07,8.157,4.976,615.08,7.64,0.077,validation
2002-06-08,8.058,5.383,611.66,5.63,11.875,validation
2002-06-09,8.453,5.459,612.19,3.38,8.245,validation
2002-06-10,7.96,5.346,608.26,5.33,0.005,validation
2002-06-11,7.762,5.345,603.53,6.23,1.739,validation
2002-06-12,7.663,5.359,597.44,7.45,0.838,validation
2002-06-13,7.96,5.433,589.59,8.96,0.623,validation
2002-06-14,8.552,5.772,582.17,8.65,7.542,validation
2002-06-15,8.848,6.217,577.97,6.44,13.128,validation
2002-06-16,9.144,6.376,575.58,5.31,8.359,validation
2002-06-17,8.65,6.333,571.37,5.78,2.3,validation
2002-06-18,8.552,6.334,564.3,8.27,0.536,validation
2002-06-19,8.749,6.346,557.38,9.34,1.101,validation
2002-06-20,8.848,6.369,549.94,10.67,1.02,validation
2002-06-21,8.946,6.438,540.75,12.44,0.618,validation
2002-06-22,9.045,7.086,535.25,8.93,18.945,validation
2002-06-23,9.144,7.191,532.75,5.99,8.147,validation
2002-06-24,9.242,7.032,528.44,7.46,0.537,validation
2002-06-25,8.716,6.954,523.07,8.56,1.479,validation
2002-06-26,8.716,6.891,516.25,10.03,0.669,validation
2002-06-27,8.979,6.901,506.48,13.03,0.084,validation
2002-06-28,9.473,6.979,495.41,14.36,1.29,validation
2002-06-29,9.67,7.043,486.25,12.42,2.768,validation
2002-06-30,10.525,7.288,479.92,9.54,11.222,validation
2002-07-01,10.328,7.958,475.22,8.16,23.879,validation
2002-07-02,10.229,8.12,470.7,7.77,8.875,validation
2002-07-03,9.67,8.005,465.98,7.9,2.563,validation
2002-07-04,9.308,7.885,461.35,7.81,2.916,validation
2002-07-05,9.045,7.774,456.29,8.25,3.136,validation
2002-07-06,9.144,7.752,451.57,7.95,6.391,validation
2002-07-07,8.979,7.667,446.61,8.17,4.313,validation
2002-07-08,8.716,7.586,439.94,9.88,2.895,validation
2002-07-09,8.453,7.542,432.82,10.34,3.877,validation
2002-07-10,8.387,7.604,426.95,9.17,8.374,validation
2002-07-11,8.288,7.502,419.75,10.41,1.338,validation
2002-07-12,8.288,7.42,411.78,11.2,1.565,validation
2002-07-13,8.288,7.355,402.41,12.63,1.008,validation
2002-07-14,8.552,7.301,392.16,13.52,0.661,validation
2002-07-15,8.716,7.274,381.81,13.62,1.671,validation
2002-07-16,8.88,7.256,372.37,13.9,2.674,validation
2002-07-17,9.144,7.154,364.27,14.45,1.164,validation
2002-07-18,9.571,7.101,355.64,15.13,2.534,validation
2002-07-19,9.834,7.042,347,15.14,2.206,validation
2002-07-20,9.933,7.212,341.25,11.43,13.365,validation
2002-07-21,9.67,7.106,337.52,8.88,4.306,validation
2002-07-22,9.242,6.846,335.25,6.89,1.039,validation
2002-07-23,8.387,6.635,330.38,10.28,0.212,validation
2002-07-24,7.96,6.467,323.69,12.63,0.183,validation
2002-07-25,7.828,6.319,316.09,13.81,0.069,validation
2002-07-26,7.729,6.189,307.9,14.57,0.077,validation
2002-07-27,7.663,6.111,300.17,13.97,2.642,validation
2002-07-28,7.565,6.118,294.16,11.76,7.114,validation
2002-07-29,7.335,6.113,288.73,11.01,6.051,validation
2002-07-30,7.104,6.068,283.67,10.53,4.458,validation
2002-07-31,6.775,6.081,278.53,10.65,6.141,validation
2002-08-01,6.644,6.066,272.6,11.65,3.913,validation
2002-08-02,6.414,6.11,266.27,12.17,5.621,validation
2002-08-03,6.282,6.166,259.8,12.34,5.944,validation
2002-08-04,5.986,6.136,253.22,12.48,2.849,validation
2002-08-05,5.69,6.07,245.33,14.18,0.545,validation
2002-08-06,5.92,6.02,236.71,15.12,0.79,validation
2002-08-07,5.92,5.989,227.79,15.51,1.298,validation
2002-08-08,5.92,5.883,221.25,16.11,0.935,validation
2002-08-09,5.854,5.76,214.48,17.65,0.166,validation
2002-08-10,5.986,5.637,207.61,17.83,0.24,validation
2002-08-11,6.052,5.505,201.37,16.66,0.462,validation
2002-08-12,6.118,5.386,197,13.2,2.934,validation
2002-08-13,6.052,5.251,193.63,11.33,2.848,validation
2002-08-14,6.052,5.26,193.09,7.43,11.695,validation
2002-08-15,5.493,5.103,191.27,8.48,2.236,validation
2002-08-16,4.999,4.938,188,11.14,0.397,validation
2002-08-17,4.736,4.801,183.25,13.9,0.081,validation
2002-08-18,4.67,4.725,178.33,14.23,2.636,validation
2002-08-19,4.605,4.625,173.19,14.61,1.062,validation
2002-08-20,4.605,4.59,169.45,12.02,5.405,validation
2002-08-21,4.473,4.444,166.28,10.96,0.533,validation
2002-08-22,4.276,4.309,162.22,12.62,0.09,validation
2002-08-23,4.177,4.191,157.4,14.03,0.054,validation
2002-08-24,4.144,4.08,152.26,14.63,0.004,validation
2002-08-25,4.045,3.986,147.67,13.59,1.248,validation
2002-08-26,4.013,3.859,144.32,11.3,0.514,validation
2002-08-27,3.947,3.74,140.18,12.77,0.023,validation
2002-08-28,3.848,3.646,136.01,12.81,1.199,validation
2002-08-29,3.782,3.612,132.74,11.16,5.037,validation
2002-08-30,3.749,3.576,130.52,9.32,4.889,validation
2002-08-31,3.618,3.461,128.3,9.21,0.819,validation
2002-09-01,3.552,3.41,126.93,7.66,4.783,validation
2002-09-02,3.322,3.354,127.57,5.42,6.023,validation
2002-09-03,3.135,3.219,127.1,5.8,1.14,validation
2002-09-04,2.99,3.11,127.16,5.82,1.754,validation
2002-09-05,3.25,3.068,127.03,6.98,2.08,validation
2002-09-06,2.848,3.052,129.91,2.8,8.546,validation
2002-09-07,2.71,2.999,129.5,5.25,0,validation
2002-09-08,2.641,2.954,127.95,8.5,0.003,validation
2002-09-09,2.605,2.905,127.09,9.34,0.041,validation
2002-09-10,2.572,2.858,126.26,9.22,0.221,validation
2002-09-11,2.536,2.812,125.32,9.63,0.425,validation
2002-09-12,2.536,2.767,124.01,10.88,0.021,validation
2002-09-13,2.5,2.725,122.32,12.24,0.096,validation
2002-09-14,2.5,2.688,121.07,10.67,1.751,validation
2002-09-15,2.5,2.675,120.75,7.7,7.4,validation
2002-09-16,2.467,2.63,120.43,7.35,0.281,validation
2002-09-17,2.431,2.585,120.2,6.95,0.409,validation
2002-09-18,2.398,2.542,119.37,9.21,0.005,validation
2002-09-19,2.361,2.501,118.19,10.46,0,validation
2002-09-20,2.361,2.462,116.74,11.37,0.078,validation
2002-09-21,2.325,2.423,115.67,10.09,0.457,validation
2002-09-22,2.292,2.386,115.2,7.93,1.32,validation
2002-09-23,2.256,2.345,114.79,7.7,0.16,validation
2002-09-24,2.223,2.306,114.5,7.39,0.904,validation
2002-09-25,2.223,2.267,113.81,8.72,0.195,validation
2002-09-26,2.187,2.241,113.79,7.08,4.042,validation
2002-09-27,2.118,2.215,113.85,6.35,3.147,validation
2002-09-28,2.049,2.18,113.49,7.52,0.882,validation
2002-09-29,2.016,2.145,112.71,9.05,0.174,validation
2002-09-30,2.016,2.111,112.07,8.53,0.619,validation
2002-10-01,1.983,2.076,111.6,7.92,0.281,validation
2002-10-02,1.947,2.042,110.95,8.56,0.239,validation
2002-10-03,1.947,2.008,110.04,9.52,0.11,validation
2002-10-04,1.914,1.976,108.98,10.05,0.011,validation
2002-10-05,1.878,1.946,107.45,11.67,0.083,validation
2002-10-06,1.878,1.922,106.87,8.4,2.245,validation
2002-10-07,1.878,1.914,108.22,5.04,7.432,validation
2002-10-08,1.845,1.879,108.22,5.41,0.02,validation
2002-10-09,1.812,1.846,107.92,7.18,0.002,validation
2002-10-10,1.776,1.813,107.87,5.86,0.182,validation
2002-10-11,1.776,1.798,108.09,5.75,3.981,validation
2002-10-12,1.743,1.787,109,4.44,5.01,validation
2002-10-13,1.743,1.979,118.54,3.55,28.256,validation
2002-10-14,2.049,2.23,125.16,1.91,19.591,validation
2002-10-15,1.983,2.4,138.18,-0.81,21.15,validation
2002-10-16,1.947,2.237,138.22,-2.65,0.049,validation
2002-10-17,1.707,2.199,140.9,-0.31,5.549,validation
2002-10-18,1.776,2.292,146.53,-0.15,11.668,validation
2002-10-19,1.743,2.145,146.81,-1.91,0.45,validation
2002-10-20,1.707,1.998,146.81,-0.79,0,validation
2002-10-21,1.674,1.958,146.45,1.35,0,validation
2002-10-22,1.641,1.927,146.1,1.31,0.001,validation
2002-10-23,1.605,1.893,146,0.11,0.001,validation
2002-10-24,1.536,1.86,146.21,-0.55,0.343,validation
2002-10-25,1.503,1.837,147.46,-1.26,2.018,validation
2002-10-26,1.503,1.804,147.51,-1.94,0.079,validation
2002-10-27,1.47,1.774,147.9,-1.58,0.634,validation
2002-10-28,1.437,1.745,148.33,-1.53,0.71,validation
2002-10-29,1.404,1.718,148.88,-1.47,0.892,validation
2002-10-30,1.371,1.693,149.64,-1.21,1.231,validation
2002-10-31,1.339,1.662,149.64,-0.48,0,validation
2002-11-01,1.309,1.633,149.53,0.15,0,validation
2002-11-02,1.309,1.61,149.49,1.15,0.551,validation
2002-11-03,1.309,1.597,150.29,0.89,2.183,validation
2002-11-04,1.279,1.598,152.42,-0.05,4.524,validation
2002-11-05,1.279,1.6,154.69,-0.26,4.702,validation
2002-11-06,1.253,1.571,154.69,-0.92,0.004,validation
2002-11-07,1.253,1.542,154.7,-1.11,0.01,validation
2002-11-08,1.253,1.52,155.9,-2.9,1.639,validation
2002-11-09,1.224,1.492,155.92,-3.55,0.039,validation
2002-11-10,1.224,1.465,155.88,-2.09,0.006,validation
2002-11-11,1.194,1.439,156.01,-2.87,0.181,validation
2002-11-12,1.168,1.421,157.77,-3.08,2.396,validation
2002-11-13,1.168,1.426,161.4,-1.73,6.085,validation
2002-11-14,1.168,1.571,180.29,-2.39,25.813,validation
2002-11-15,1.253,1.475,181.12,-4.56,0.993,validation
2002-11-16,1.141,1.448,181.16,-7.42,0.05,validation
2002-11-17,1.141,1.421,181.17,-12.73,0.005,validation
2002-11-18,1.115,1.395,181.21,-11.82,0.038,validation
2002-11-19,1.115,1.371,181.91,-7.87,0.774,validation
2002-11-20,1.089,1.347,182.3,-6.37,0.427,validation
2002-11-21,1.089,1.322,182.31,-7.92,0.003,validation
2002-11-22,1.089,1.297,182.31,-8.09,0.001,validation
2002-11-23,1.062,1.274,182.31,-7.85,0,validation
2002-11-24,1.036,1.25,182.31,-7.92,0.001,validation
2002-11-25,1.036,1.227,182.31,-7.25,0.002,validation
2002-11-26,1.036,1.204,182.34,-7.33,0.028,validation
2002-11-27,1.036,1.199,189.46,-6.77,7.766,validation
2002-11-28,1.062,1.182,191.6,-7.95,2.328,validation
2002-11-29,1.013,1.165,194.82,-9.58,3.269,validation
2002-11-30,1.013,1.144,195.17,-11.58,0.335,validation
2002-12-01,0.99,1.127,201.25,-11.69,5.836,validation
2002-12-02,1.013,1.12,218.77,-11.68,16.811,validation
2002-12-03,0.967,1.1,221.16,-14.35,2.152,validation
2002-12-04,0.967,1.08,222.67,-18.09,1.356,validation
2002-12-05,0.944,1.06,222.68,-21.68,0.01,validation
2002-12-06,0.934,1.04,222.68,-17.93,0.001,validation
2002-12-07,0.924,1.022,222.59,-12.04,0.001,validation
2002-12-08,0.914,1.006,225.79,-11.66,3.118,validation
2002-12-09,0.908,1.014,240.82,-8.57,15.493,validation
2002-12-10,0.898,1.105,258.24,-6.16,21.646,validation
2002-12-11,0.888,1.261,279.33,-5.22,26.421,validation
2002-12-12,0.878,1.233,284.7,-5.69,7.37,validation
2002-12-13,0.868,1.2,294.24,-6.61,10.911,validation
2002-12-14,0.858,1.198,306.94,-7.29,13.961,validation
2002-12-15,0.849,1.177,307.56,-11.67,0.593,validation
2002-12-16,0.842,1.157,309.41,-11.2,1.777,validation
2002-12-17,0.832,1.144,318.44,-11.38,8.669,validation
2002-12-18,0.822,1.123,320.55,-14.08,1.94,validation
2002-12-19,0.812,1.103,320.57,-15.91,0.017,validation
2002-12-20,0.796,1.084,324.36,-13.14,3.482,validation
2002-12-21,0.796,1.065,329.1,-13,4.362,validation
2002-12-22,0.796,1.085,336.72,-6.41,9.347,validation
2002-12-23,0.812,1.091,342.51,-6.64,6.875,validation
2002-12-24,0.796,1.072,343.18,-10.2,0.68,validation
2002-12-25,0.783,1.052,343.23,-10.51,0.043,validation
2002-12-26,0.783,1.038,349.04,-10.89,5.58,validation
2002-12-27,0.826,1.023,361.24,-12.4,11.217,validation
2002-12-28,0.783,1.004,362.17,-15.67,0.84,validation
2002-12-29,0.911,0.986,362.72,-15.37,0.497,validation
2002-12-30,0.783,0.968,363.99,-16.37,1.138,validation
2002-12-31,0.753,0.951,363.95,-13.24,0.002,validation
2003-01-01,0.766,0.937,363.68,-9.56,0.001,validation
2003-01-02,0.766,0.922,363.54,-10.17,0.001,validation
2003-01-03,0.766,0.907,363.39,-10.22,0.001,validation
2003-01-04,0.766,0.895,363.12,-8.71,0,validation
2003-01-05,0.766,0.887,363.05,-6.61,0.464,validation
2003-01-06,0.766,0.883,368.89,-8.84,6.043,validation
2003-01-07,0.766,0.872,374.09,-10.85,4.993,validation
2003-01-08,0.753,0.856,374.11,-11.52,0.021,validation
2003-01-09,0.76,0.84,374.1,-10.01,0.001,validation
2003-01-10,0.766,0.835,378.9,-9.16,4.967,validation
2003-01-11,0.773,0.828,387.64,-11.14,8.386,validation
2003-01-12,0.779,0.813,387.66,-14.18,0.016,validation
2003-01-13,0.786,0.822,400.42,-9.61,12.988,validation
2003-01-14,0.862,0.95,428.06,-6.96,30.588,validation
2003-01-15,0.799,1.111,446.75,-5.88,23.292,validation
2003-01-16,0.74,1.246,462.06,-4.91,19.607,validation
2003-01-17,0.845,1.441,474.19,-4.14,18.154,validation
2003-01-18,0.77,1.349,475.22,-4.67,1.964,validation
2003-01-19,0.786,1.252,478.91,-7.09,4.164,validation
2003-01-20,0.816,1.128,478.85,-7.02,0.078,validation
2003-01-21,0.845,1.119,484.72,-7.68,6.465,validation
2003-01-22,0.862,1.108,489.57,-9.77,4.914,validation
2003-01-23,0.832,1.089,490.99,-11.51,1.368,validation
2003-01-24,0.816,1.069,491.15,-14.28,0.14,validation
2003-01-25,0.786,1.049,491.15,-14.86,0.003,validation
2003-01-26,0.77,1.03,491.15,-13.35,0.005,validation
2003-01-27,0.77,1.012,492.34,-12.69,1.097,validation
2003-01-28,0.786,0.993,492.36,-13.35,0.012,validation
2003-01-29,0.786,0.982,498.13,-10.6,5.596,validation
2003-01-30,0.799,0.965,502.41,-12.9,3.935,validation
2003-01-31,0.77,0.947,502.41,-14.22,0.004,validation
2003-02-01,0.756,0.93,502.41,-13.51,0.001,validation
2003-02-02,0.756,0.913,502.42,-13.01,0.002,validation
2003-02-03,0.77,0.897,502.36,-11.36,0.001,validation
2003-02-04,0.77,0.886,503.5,-9.7,1.322,validation
2003-02-05,0.77,0.882,505.45,-7.37,2.503,validation
2003-02-06,0.77,0.906,514.28,-6.3,10.233,validation
2003-02-07,0.786,0.894,516.79,-9.91,2.575,validation
2003-02-08,0.77,0.879,517.84,-11.83,1.002,validation
2003-02-09,0.756,0.863,518.51,-12.31,0.615,validation
2003-02-10,0.756,0.848,518.48,-10.55,0,validation
2003-02-11,0.756,0.835,518.98,-8.66,0.609,validation
2003-02-12,0.77,0.838,528.48,-8.67,9.621,validation
2003-02-13,0.77,0.824,533.78,-14.03,4.877,validation
2003-02-14,0.74,0.81,536.47,-14.13,2.478,validation
2003-02-15,0.756,0.83,551.23,-9.19,15.269,validation
2003-02-16,0.756,0.826,552.85,-7.97,2.137,validation
2003-02-17,0.77,0.82,560.77,-10.52,7.607,validation
2003-02-18,0.756,0.804,560.82,-13.51,0.046,validation
2003-02-19,0.816,0.79,561.05,-12.95,0.208,validation
2003-02-20,0.77,0.787,571.84,-10.59,10.367,validation
2003-02-21,0.77,0.818,595.11,-9.62,23.637,validation
2003-02-22,0.727,0.805,596.15,-10.12,1.066,validation
2003-02-23,0.74,0.792,597.23,-11.19,1.029,validation
2003-02-24,0.799,0.787,607.23,-10.68,9.606,validation
2003-02-25,0.786,0.773,607.39,-13.29,0.145,validation
2003-02-26,0.77,0.763,609.56,-10.13,2.211,validation
2003-02-27,0.77,0.788,628.62,-8.84,19.439,validation
2003-02-28,0.799,0.774,629.79,-12.19,1.08,validation
2003-03-01,0.77,0.76,630.04,-12.17,0.238,validation
2003-03-02,0.77,0.747,632.62,-13.06,2.373,validation
2003-03-03,0.77,0.734,634.14,-15.05,1.369,validation
2003-03-04,0.756,0.72,634.15,-16.58,0.009,validation
2003-03-05,0.756,0.707,634.15,-15.48,0.002,validation
2003-03-06,0.756,0.694,634.15,-14.28,0,validation
2003-03-07,0.756,0.681,634.12,-12.38,0.001,validation
2003-03-08,0.77,0.692,642.88,-8.88,9.221,validation
2003-03-09,0.786,0.721,653.46,-6.97,11.991,validation
2003-03-10,0.77,0.713,654.62,-8.27,1.349,validation
2003-03-11,0.77,0.703,654.47,-8.54,0,validation
2003-03-12,0.756,0.692,654.35,-8.78,0.002,validation
2003-03-13,0.756,0.726,660.32,-5.61,8.121,validation
2003-03-14,0.799,0.948,670.15,-2.57,16.117,validation
2003-03-15,0.891,0.872,674.84,-6.95,5.271,validation
2003-03-16,0.875,0.855,684.53,-7.18,10.684,validation
2003-03-17,0.875,0.843,684.49,-6.41,0.176,validation
2003-03-18,0.891,0.872,690.99,-4.93,8.466,validation
2003-03-19,0.911,0.872,692.73,-5.92,2.461,validation
2003-03-20,0.891,0.93,702.55,-4.37,12.611,validation
2003-03-21,0.967,0.986,703.37,-1.72,4.386,validation
2003-03-22,1.056,1.349,713.51,-1.74,19.47,validation
2003-03-23,1.128,1.379,713.53,-1.39,3.393,validation
2003-03-24,1.302,1.626,720.87,-2.03,14.653,validation
2003-03-25,1.569,1.579,721.39,-2.85,2.489,validation
2003-03-26,1.434,1.595,719.26,-0.29,1.236,validation
2003-03-27,1.46,2.143,725.25,0.82,19.756,validation
2003-03-28,1.786,2.063,726.74,-4,3.159,validation
2003-03-29,1.648,1.944,727.94,-5.24,2.015,validation
2003-03-30,1.513,1.969,738.02,-4.55,12.87,validation
2003-03-31,1.434,1.841,741.27,-8.02,3.57,validation
2003-04-01,1.329,1.693,742.31,-10.88,0.997,validation
2003-04-02,1.253,1.55,742.32,-11.22,0.015,validation
2003-04-03,1.2,1.435,742.27,-8.81,0,validation
2003-04-04,1.2,1.411,742.26,-7.02,0.145,validation
2003-04-05,1.227,1.481,755.35,-6.01,16.054,validation
2003-04-06,1.355,1.878,776.04,-3.04,29.944,validation
2003-04-07,1.408,2.738,788.14,0.68,32.105,validation
2003-04-08,1.569,3.075,784.96,3.03,7.523,validation
2003-04-09,1.954,3.474,783.46,2.42,10.639,validation
2003-04-10,2.289,3.63,782.75,1.3,6.791,validation
2003-04-11,2.704,3.555,779.96,0.78,0.422,validation
2003-04-12,2.917,3.56,775.5,3.12,0.31,validation
2003-04-13,2.917,4.113,783.7,1.44,23.128,validation
2003-04-14,3.914,4.245,791.22,-1.19,14.489,validation
2003-04-15,3.552,4.159,796.9,-3.17,8.59,validation
2003-04-16,3.075,3.939,800.61,-7.69,4.042,validation
2003-04-17,2.621,3.702,800.91,-6.11,0.393,validation
2003-04-18,2.348,3.648,803.74,-2.1,6.159,validation
2003-04-19,2.233,3.512,809.6,-5.59,7.159,validation
2003-04-20,2.095,3.299,810.28,-7.04,0.735,validation
2003-04-21,1.983,3.109,809.9,-3.94,0.004,validation
2003-04-22,1.954,3.214,810.26,1.18,6.63,validation
2003-04-23,2.233,4.057,815.59,2.29,27.054,validation
2003-04-24,4.111,4.141,817.58,0.06,8.394,validation
2003-04-25,4.44,3.964,816.21,-1.16,0.075,validation
2003-04-26,4.045,3.876,813.09,1.54,0.001,validation
2003-04-27,3.98,3.982,805.94,5.41,0,validation
2003-04-28,4.243,4.161,797.2,6.61,0.001,validation
2003-04-29,4.703,4.274,790.4,5.22,0.712,validation
2003-04-30,5.361,4.401,793.29,0.09,10.302,validation
2003-05-01,5.065,4.179,794.74,-4.83,1.97,validation
2003-05-02,4.374,3.965,796.65,-6.02,2.335,validation
2003-05-03,3.914,3.75,796.92,-4.72,0.574,validation
2003-05-04,3.684,3.563,796.17,-2.67,0.016,validation
2003-05-05,3.684,3.509,801.3,-2.82,7.969,validation
2003-05-06,3.519,3.373,799.7,-0.79,0.003,validation
2003-05-07,3.454,3.372,795.27,2.98,0.001,validation
2003-05-08,3.749,3.443,789.22,4.47,0,validation
2003-05-09,4.177,3.701,783,5.23,3.91,validation
2003-05-10,4.703,3.785,788.82,-1.35,11.602,validation
2003-05-11,4.243,3.635,787.77,-0.38,0.396,validation
2003-05-12,3.914,3.493,786.73,0.09,0.433,validation
2003-05-13,3.848,3.384,785.07,1.16,0.394,validation
2003-05-14,3.914,3.381,783.54,2.02,2.633,validation
2003-05-15,4.111,3.276,782.1,0.91,0.543,validation
2003-05-16,4.309,3.217,781.46,0.87,2.153,validation
2003-05-17,4.177,3.147,779.17,1.98,0.297,validation
2003-05-18,4.309,3.111,776.33,2.73,0.405,validation
2003-05-19,4.638,3.104,772.8,3.56,0.312,validation
2003-05-20,5.131,3.174,767.7,5.04,0.415,validation
2003-05-21,5.427,3.283,762.69,5.13,1.386,validation
2003-05-22,5.657,3.345,758.28,4.48,1.022,validation
2003-05-23,6.085,3.635,755.73,3.87,7.754,validation
2003-05-24,6.479,4.111,753.07,4.67,11.728,validation
2003-05-25,6.874,4.604,750.79,4.48,12.678,validation
2003-05-26,6.874,5.198,748.64,4.78,15.167,validation
2003-05-27,7.367,5.145,746.7,2.55,2.674,validation
2003-05-28,7.039,5.105,744.25,3.08,2.387,validation
2003-05-29,6.973,5.274,744.78,2.3,9.401,validation
2003-05-30,6.808,5.325,737.85,6.55,0.005,validation
2003-05-31,6.545,5.711,728.59,8.44,4.703,validation
2003-06-01,6.545,5.92,721.1,7.17,3.137,validation
2003-06-02,6.874,6.307,712.24,8.14,5.731,validation
2003-06-03,7.696,6.526,705.61,6.57,4.808,validation
2003-06-04,8.288,6.664,697.49,7.74,1.895,validation
2003-06-05,8.65,6.836,688.44,9.99,1.887,validation
2003-06-06,9.275,7.253,681.39,8.35,9.346,validation
2003-06-07,10.393,7.429,680.31,4.28,10.54,validation
2003-06-08,9.67,7.296,675.38,6.34,0.486,validation
2003-06-09,9.111,7.261,668.43,8.17,0.532,validation
2003-06-10,9.209,7.262,660.83,8.74,0.763,validation
2003-06-11,9.209,7.332,658.51,5.07,7.592,validation
2003-06-12,8.453,7.182,656.71,3.6,3.292,validation
2003-06-13,7.631,7.117,649.84,8.09,0.121,validation
2003-06-14,7.302,7.151,640.9,9.89,0.448,validation
2003-06-15,7.466,7.188,633.92,8.22,2.671,validation
2003-06-16,7.861,7.249,623.81,10.88,0.279,validation
2003-06-17,8.387,7.377,612.78,11.68,1.167,validation
2003-06-18,10.393,7.574,600.76,12.52,2.019,validation
2003-06-19,10.393,7.799,589.95,11.49,4.094,validation
2003-06-20,10.887,8.041,581.34,9.61,6.965,validation
2003-06-21,10.032,8.187,573.32,9.15,5.395,validation
2003-06-22,9.67,8.11,567.14,9.32,2.097,validation
2003-06-23,9.571,8.072,557.65,12.76,0.03,validation
2003-06-24,9.473,8.077,548,12.91,1.546,validation
2003-06-25,9.736,8.14,538.03,13.24,3.238,validation
2003-06-26,10.032,8.175,531.49,9.75,6.379,validation
2003-06-27,10.032,8.024,524.66,10.04,0.693,validation
2003-06-28,9.933,7.957,519.14,8.76,4.877,validation
2003-06-29,9.571,7.838,514.33,8.02,4.348,validation
2003-06-30,8.913,7.667,508.15,9.39,1.296,validation
2003-07-01,8.749,7.549,499.38,12.01,0.789,validation
2003-07-02,8.749,7.523,489.39,13.26,2.934,validation
2003-07-03,9.012,7.524,478.69,13.98,2.902,validation
2003-07-04,9.209,7.49,470.48,11.44,3.928,validation
2003-07-05,8.913,7.379,463.79,9.91,2.456,validation
2003-07-06,8.749,7.246,455.78,11.24,0.359,validation
2003-07-07,8.65,7.159,447.3,11.73,1.76,validation
2003-07-08,8.552,7.069,439.65,11.98,2.545,validation
2003-07-09,8.387,6.918,433.7,11.67,1.928,validation
2003-07-10,8.288,6.758,427.35,12.2,1.189,validation
2003-07-11,8.025,7.034,421.55,11.49,18.968,validation
2003-07-12,8.288,7.318,418.12,8.68,16.142,validation
2003-07-13,8.65,7.47,414.56,8.77,11.071,validation
2003-07-14,7.861,7.302,409.24,10.87,0.546,validation
2003-07-15,7.466,7.233,403.87,10.93,3.866,validation
2003-07-16,7.137,7.148,398.94,10.37,4.218,validation
2003-07-17,6.874,7.01,391.83,13.17,0.32,validation
2003-07-18,6.973,6.882,383.64,14.56,0.078,validation
2003-07-19,7.039,6.766,374.8,15.4,0.168,validation
2003-07-20,7.203,6.694,364.41,17.39,0.371,validation
2003-07-21,7.302,6.885,355.66,15.29,12.26,validation
2003-07-22,7.466,7.016,349.93,11.41,9.976,validation
2003-07-23,7.137,6.886,346.22,8.82,3.251,validation
2003-07-24,6.479,6.671,341.77,9.74,0.051,validation
2003-07-25,6.085,6.499,335.66,11.89,0.171,validation
2003-07-26,5.854,6.351,329.63,11.78,1.331,validation
2003-07-27,5.723,6.17,324.07,11.18,0.314,validation
2003-07-28,5.591,5.988,318.33,11.4,0.002,validation
2003-07-29,5.361,5.816,312.2,11.91,0.048,validation
2003-07-30,5.131,5.668,305.22,13.01,0.052,validation
2003-07-31,4.934,5.51,299.05,13.79,0.07,validation
2003-08-01,4.769,5.375,294.59,13.37,2.668,validation
2003-08-02,4.868,5.315,291.02,11.7,6.831,validation
2003-08-03,4.868,5.317,288.87,9.31,9.706,validation
2003-08-04,4.506,5.175,287.85,7.36,4.024,validation
2003-08-05,4.177,4.965,286.47,7.58,0.852,validation
2003-08-06,3.914,4.809,284.92,7.98,2.947,validation
2003-08-07,3.749,4.69,283.44,7.88,4.501,validation
2003-08-08,3.519,4.524,280.04,11.39,0.039,validation
2003-08-09,3.519,4.399,276.22,12.18,1.497,validation
2003-08-10,3.552,4.313,272.52,11.94,3.298,validation
2003-08-11,3.519,4.254,268.94,11.72,4.212,validation
2003-08-12,3.454,4.151,264.96,12.47,1.313,validation
2003-08-13,3.519,4.044,260.22,13.88,0.211,validation
2003-08-14,3.552,3.96,254.17,16.32,0,validation
2003-08-15,3.618,3.887,247.78,16.93,0.056,validation
2003-08-16,3.684,3.815,241.48,16.79,0.003,validation
2003-08-17,3.684,3.74,235.73,15.74,0.31,validation
2003-08-18,3.684,3.647,230.87,14.1,0.207,validation
2003-08-19,3.552,3.628,227.4,11.52,5.364,validation
2003-08-20,3.454,3.696,225.2,9.4,9.637,validation
2003-08-21,3.177,3.755,223.27,8.82,8.001,validation
2003-08-22,2.917,3.75,221.52,8.42,5.223,validation
2003-08-23,2.743,3.646,218.65,10.42,0.407,validation
2003-08-24,2.704,3.598,215.59,10.75,2.661,validation
2003-08-25,2.704,3.554,212.56,10.71,2.94,validation
2003-08-26,2.621,3.565,209.89,10.03,5.559,validation
2003-08-27,2.582,3.508,206.75,10.91,1.89,validation
2003-08-28,2.542,3.431,202.94,12.15,0.423,validation
2003-08-29,2.542,3.342,200.67,12.19,1.488,validation
2003-08-30,2.5,3.332,199.53,10.31,6.293,validation
2003-08-31,2.431,3.202,197.97,11.78,0.165,validation
2003-09-01,2.431,3.102,195.84,13.71,0.138,validation
2003-09-02,2.431,3.067,193.67,13.87,0.985,validation
2003-09-03,2.46,3.043,191.89,12.51,3.034,validation
2003-09-04,2.404,3.03,190.45,11.36,4.613,validation
2003-09-05,2.348,3.017,189.08,11.11,4.449,validation
2003-09-06,2.375,2.994,187.28,12.59,2.279,validation
2003-09-07,2.375,2.974,185.36,12.99,2.661,validation
2003-09-08,2.404,2.966,183.35,13.32,3.866,validation
2003-09-09,2.404,2.969,181.68,12.15,5.446,validation
2003-09-10,2.404,2.934,180.15,11.66,0.822,validation
2003-09-11,2.375,2.911,178.56,11.85,2.284,validation
2003-09-12,2.319,2.89,178.18,7.73,3.853,validation
2003-09-13,2.207,2.841,178.05,6.37,0.394,validation
2003-09-14,2.151,2.818,178.3,5.82,4.601,validation
2003-09-15,2.066,2.774,178.55,5.06,1.379,validation
2003-09-16,1.927,2.733,179.29,3.43,2.192,validation
2003-09-17,1.898,2.685,178.95,5.09,0.001,validation
2003-09-18,1.842,2.64,178.25,8.74,0.002,validation
2003-09-19,1.786,2.598,176.99,10.75,0,validation
2003-09-20,1.76,2.561,175.53,11.42,0.703,validation
2003-09-21,1.76,2.533,174.88,8.71,3.235,validation
2003-09-22,1.733,2.493,175.16,5.52,1.543,validation
2003-09-23,1.677,2.447,175.2,3.06,0.13,validation
2003-09-24,1.648,2.402,175.22,3,0.056,validation
2003-09-25,1.621,2.359,175.34,3.23,0.339,validation
2003-09-26,1.595,2.322,176.74,0.56,2.893,validation
2003-09-27,1.539,2.28,176.84,0.62,0.207,validation
2003-09-28,1.487,2.238,176.83,1.91,0.189,validation
2003-09-29,1.46,2.198,176.8,2.24,0.361,validation
2003-09-30,1.434,2.16,176.71,2.9,0.41,validation
2003-10-01,1.408,2.12,176.72,3.65,0.206,validation
2003-10-02,1.355,2.083,176.54,4.45,0.203,validation
2003-10-03,1.355,2.059,178.99,3.32,7.27,validation
2003-10-04,1.434,2.079,185.71,1.94,19.881,validation
2003-10-05,1.381,2.082,188.22,2.26,7.437,validation
2003-10-06,1.46,2.148,192.35,1.93,12.255,validation
2003-10-07,1.621,2.168,197.29,-0.27,10.143,validation
2003-10-08,1.46,2.1,197.3,-1.93,0.017,validation
2003-10-09,1.381,2.061,197.3,-2.45,0.006,validation
2003-10-10,1.329,2.023,197.3,-0.94,0.003,validation
2003-10-11,1.302,1.988,197.62,-2.19,0.515,validation
2003-10-12,1.253,1.954,198.02,-2.72,0.546,validation
2003-10-13,1.227,1.919,198.06,-2.05,0.145,validation
2003-10-14,1.2,1.883,198.05,-2.08,0,validation
2003-10-15,1.177,1.849,198.05,-3.71,0.001,validation
2003-10-16,1.151,1.815,198.05,-2.67,0.003,validation
2003-10-17,1.151,1.783,197.89,0.85,0.001,validation
2003-10-18,1.128,1.751,197.75,2.19,0,validation
2003-10-19,1.102,1.721,197.45,2.86,0.001,validation
2003-10-20,1.102,1.71,198.14,3.27,3.219,validation
2003-10-21,1.128,1.691,199.54,-0.14,2.891,validation
2003-10-22,1.079,1.66,199.54,0.23,0.002,validation
2003-10-23,1.056,1.67,204.12,0.66,9.401,validation
2003-10-24,1.128,1.639,204.12,0.06,0.013,validation
2003-10-25,1.056,1.611,203.93,2.42,0.002,validation
2003-10-26,1.033,1.585,203.45,3.6,0.003,validation
2003-10-27,1.01,1.571,203.81,3.12,2.168,validation
2003-10-28,1.01,1.554,202.73,4.98,0.404,validation
2003-10-29,0.987,1.541,201.79,4.88,0.923,validation
2003-10-30,0.987,1.521,201.17,5.74,0.356,validation
2003-10-31,0.987,1.508,200.32,6.49,0.936,validation
2003-11-01,0.967,1.566,201.89,4.37,9.724,validation
2003-11-02,1.033,1.69,206.61,1.98,13.97,validation
2003-11-03,1.151,1.919,217.02,0.82,21.395,validation
2003-11-04,1.253,2.085,229.3,-0.82,19.948,validation
2003-11-05,1.408,1.98,233.6,-5.22,5.165,validation
2003-11-06,1.253,1.852,236.43,-8.03,3.083,validation
2003-11-07,1.151,1.715,236.78,-10.65,0.338,validation
2003-11-08,1.128,1.686,239.36,-11.72,2.469,validation
2003-11-09,1.079,1.655,239.37,-11.9,0.009,validation
2003-11-10,1.033,1.635,241.65,-6.88,2.821,validation
2003-11-11,1.033,1.659,247.65,-2.88,9.212,validation
2003-11-12,1.056,2.014,272.66,-2.49,34.958,validation
2003-11-13,1.279,1.877,273.02,-3.74,0.624,validation
2003-11-14,1.177,1.791,277.37,-5.71,5.224,validation
2003-11-15,1.128,1.865,288.06,-4.2,14.633,validation
2003-11-16,1.177,1.787,293.24,-7.47,5.645,validation
2003-11-17,1.128,1.755,293.9,-11.49,0.635,validation
2003-11-18,1.079,1.723,293.91,-13.62,0.008,validation
2003-11-19,1.033,1.691,293.91,-12.17,0.001,validation
2003-11-20,1.033,1.66,293.94,-9.63,0.066,validation
2003-11-21,1.033,1.639,296.7,-7.9,3.046,validation
2003-11-22,1.01,1.653,311.37,-8,16.004,validation
2003-11-23,1.033,1.628,316.59,-11.38,5.005,validation
2003-11-24,0.987,1.598,316.61,-13.05,0.017,validation
2003-11-25,0.987,1.569,316.83,-10.14,0.233,validation
2003-11-26,0.987,1.54,316.86,-10.04,0.045,validation
2003-11-27,0.967,1.512,316.86,-10.79,0.002,validation
2003-11-28,0.967,1.485,316.96,-9.42,0.173,validation
2003-11-29,0.947,1.459,318.09,-11.26,1.082,validation
2003-11-30,0.931,1.432,318.09,-12.61,0.004,validation
2003-12-01,0.931,1.406,318.09,-13.04,0.001,validation
2003-12-02,0.911,1.38,318.1,-14.44,0.002,validation
2003-12-03,0.911,1.354,318.1,-15.44,0.002,validation
2003-12-04,0.891,1.329,318.1,-14.05,0.003,validation
2003-12-05,0.875,1.305,319.53,-12.96,1.313,validation
2003-12-06,0.862,1.283,320.12,-11.37,0.621,validation
2003-12-07,1.329,1.327,338.52,-7.35,20.438,validation
2003-12-08,0.967,1.325,346.36,-7.43,8.752,validation
2003-12-09,0.931,1.301,346.37,-10,0.014,validation
2003-12-10,0.891,1.293,351.34,-7.77,5.474,validation
2003-12-11,0.891,1.3,367.72,-9.54,16.601,validation
2003-12-12,0.891,1.276,373.49,-14.98,5.19,validation
2003-12-13,0.875,1.252,373.57,-19.39,0.075,validation
2003-12-14,0.799,1.229,373.57,-17.01,0.001,validation
2003-12-15,0.832,1.207,373.54,-13.3,0.003,validation
2003-12-16,0.845,1.188,373.35,-10.78,0.002,validation
2003-12-17,0.845,1.169,373.17,-9.77,0,validation
2003-12-18,0.845,1.147,373.18,-10.25,0.01,validation
2003-12-19,0.862,1.127,373.2,-10.06,0.032,validation
2003-12-20,0.845,1.13,378.99,-7.57,6.647,validation
2003-12-21,0.911,1.155,393.03,-7,15.459,validation
2003-12-22,0.862,1.135,394.18,-10.56,1.096,validation
2003-12-23,0.845,1.116,395.44,-12.12,1.215,validation
2003-12-24,0.832,1.095,395.8,-13.75,0.331,validation
2003-12-25,0.832,1.075,395.91,-14.9,0.098,validation
2003-12-26,0.816,1.055,396.07,-15.13,0.142,validation
2003-12-27,0.799,1.036,396.07,-15.53,0.003,validation
2003-12-28,0.799,1.019,401.59,-12.73,5.081,validation
2003-12-29,0.832,1.007,407.51,-11.11,5.759,validation
2003-12-30,0.832,0.99,408,-11.6,0.503,validation
2003-12-31,0.799,0.972,408,-14.01,0.005,validation
2004-01-01,0.789,0.954,408.16,-15.14,0.144,calibration
2004-01-02,0.789,0.936,408.27,-16.84,0.1,calibration
2004-01-03,0.77,0.919,408.28,-16.27,0.006,calibration
2004-01-04,0.75,0.902,408.28,-16.27,0.001,calibration
2004-01-05,0.75,0.886,410.64,-12.83,2.173,calibration
2004-01-06,0.789,0.874,414.05,-11.67,3.317,calibration
2004-01-07,0.789,0.875,421.1,-10.01,7.318,calibration
2004-01-08,0.77,0.865,426.84,-11.31,5.56,calibration
2004-01-09,0.77,0.862,432.53,-8.96,5.876,calibration
2004-01-10,0.77,0.876,439.17,-6.95,7.703,calibration
2004-01-11,0.809,0.889,453.51,-8.9,14.652,calibration
2004-01-12,0.77,0.873,453.54,-13.22,0.032,calibration
2004-01-13,0.77,0.857,453.54,-15.27,0.001,calibration
2004-01-14,0.75,0.841,454.05,-10.56,0.485,calibration
2004-01-15,0.75,0.837,458.89,-9.17,4.996,calibration
2004-01-16,0.77,0.837,465.51,-8.66,6.847,calibration
2004-01-17,0.75,0.823,466.76,-10.77,1.207,calibration
2004-01-18,0.73,0.807,466.77,-12.35,0.005,calibration
2004-01-19,0.714,0.797,466.48,-7.62,0.007,calibration
2004-01-20,0.73,0.785,466.38,-8.95,0.016,calibration
2004-01-21,0.73,0.77,466.43,-11.04,0.051,calibration
2004-01-22,0.714,0.756,466.66,-10.63,0.219,calibration
2004-01-23,0.714,0.742,466.67,-11.06,0.008,calibration
2004-01-24,0.714,0.736,474.06,-10.52,7.088,calibration
2004-01-25,0.73,0.742,483.87,-10.17,9.953,calibration
2004-01-26,0.714,0.756,497.84,-9.47,14.227,calibration
2004-01-27,0.714,0.748,503.2,-10.73,5.137,calibration
2004-01-28,0.927,0.734,503.2,-11.95,0.004,calibration
2004-01-29,0.858,0.72,503.22,-12.37,0.021,calibration
2004-01-30,0.835,0.707,503.22,-14.92,0.001,calibration
2004-01-31,0.812,0.694,503.27,-17.59,0.041,calibration
2004-02-01,0.812,0.681,503.28,-18.93,0.009,calibration
2004-02-02,0.789,0.669,503.28,-17.22,0,calibration
2004-02-03,0.789,0.656,503.36,-14.13,0.076,calibration
2004-02-04,0.858,0.645,504.98,-13.23,1.487,calibration
2004-02-05,0.858,0.634,507.98,-13.17,2.765,calibration
2004-02-06,0.835,0.626,510.84,-11.45,2.795,calibration
2004-02-07,0.835,0.669,536.17,-8.42,25.974,calibration
2004-02-08,0.881,0.69,545.03,-7.93,9.911,calibration
2004-02-09,0.858,0.679,544.98,-9.22,0.038,calibration
2004-02-10,0.812,0.667,544.92,-9.42,0.01,calibration
2004-02-11,0.812,0.662,544.5,-7.01,0.001,calibration
2004-02-12,0.812,0.686,546.43,-4.38,3.76,calibration
2004-02-13,0.812,0.684,548.98,-7.93,2.94,calibration
2004-02-14,0.812,0.68,550.96,-7.29,2.271,calibration
2004-02-15,0.812,0.715,557.7,-4.71,8.811,calibration
2004-02-16,0.904,0.945,579.77,-4.51,27.294,calibration
2004-02-17,0.977,0.83,583.17,-12.14,3.263,calibration
2004-02-18,0.881,0.803,590.22,-13.13,6.486,calibration
2004-02-19,1.128,0.788,590.69,-13.43,0.434,calibration
2004-02-20,1.026,0.775,592.35,-12.04,1.602,calibration
2004-02-21,1.102,0.767,595.83,-10.45,3.454,calibration
2004-02-22,1.052,0.756,595.99,-10.19,0.311,calibration
2004-02-23,1.026,0.745,595.92,-8.5,0.122,calibration
2004-02-24,1,0.895,611.61,-5.66,19.766,calibration
2004-02-25,1.075,0.847,614.22,-5.83,3.878,calibration
2004-02-26,1.026,0.825,614.45,-8.12,0.259,calibration
2004-02-27,1,0.81,614.45,-10.27,0.003,calibration
2004-02-28,1,0.795,614.45,-10.18,0.001,calibration
2004-02-29,1,0.781,614.58,-8.97,0.131,calibration
2004-03-01,0.977,0.767,614.96,-9.36,0.38,calibration
2004-03-02,0.977,0.753,614.96,-9.54,0.002,calibration
2004-03-03,0.977,0.749,617.85,-7.87,3.194,calibration
2004-03-04,1.052,0.788,626.88,-5.99,11.189,calibration
2004-03-05,1.075,0.785,626.98,-5.22,0.693,calibration
2004-03-06,1.052,0.813,624.45,-0.61,0.004,calibration
2004-03-07,1.075,0.957,619.55,2.47,0.708,calibration
2004-03-08,1.237,1.259,634.56,-2.52,22.464,calibration
2004-03-09,1.345,1.159,638.34,-7.87,4.169,calibration
2004-03-10,1.263,1.029,638.35,-8.74,0.007,calibration
2004-03-11,1.181,1.001,642.69,-6.64,4.919,calibration
2004-03-12,1.181,1.016,644.44,-4.12,3.464,calibration
2004-03-13,1.181,1.198,662.84,-4.42,22.906,calibration
2004-03-14,1.263,1.305,670.6,-3.8,11.839,calibration
2004-03-15,1.404,1.427,677.78,-2.67,11.687,calibration
2004-03-16,1.523,1.833,689.78,-2.22,22.051,calibration
2004-03-17,1.645,1.696,691.35,-7.56,1.785,calibration
2004-03-18,1.493,1.548,691.37,-8.54,0.025,calibration
2004-03-19,1.404,1.415,691.55,-7.45,0.295,calibration
2004-03-20,1.345,1.312,692.26,-7.04,0.912,calibration
2004-03-21,1.345,1.302,696.49,-8.16,4.627,calibration
2004-03-22,1.289,1.279,696.51,-9.34,0.021,calibration
2004-03-23,1.237,1.287,705.73,-7.48,10.14,calibration
2004-03-24,1.404,1.317,720.66,-6.38,16.49,calibration
2004-03-25,1.345,1.293,720.69,-8.02,0.058,calibration
2004-03-26,1.319,1.274,720.44,-6.12,0.004,calibration
2004-03-27,1.319,1.267,719.46,-3.65,0,calibration
2004-03-28,1.345,1.261,718.42,-3.45,0,calibration
2004-03-29,1.375,1.266,716.77,-2.08,0.021,calibration
2004-03-30,1.404,1.282,714.46,-0.97,0.002,calibration
2004-03-31,1.582,1.316,711.52,0.99,0.412,calibration
2004-04-01,1.773,1.362,708.31,1.84,0.531,calibration
2004-04-02,2.039,1.569,710.27,0.36,8.767,calibration
2004-04-03,2.213,1.55,710.3,-1.11,2.383,calibration
2004-04-04,2.181,1.594,706.43,2.36,0.001,calibration
2004-04-05,1.263,1.748,700.52,4.41,0.311,calibration
2004-04-06,2.664,1.938,706.59,-0.85,12.408,calibration
2004-04-07,2.434,1.864,707.51,-2.44,2.385,calibration
2004-04-08,2.286,1.751,707.15,-3.17,0.324,calibration
2004-04-09,2.25,1.635,706.92,-3.83,0.251,calibration
2004-04-10,2.25,1.596,706.91,-4.23,0.375,calibration
2004-04-11,2.286,1.576,706.36,-3.36,0.006,calibration
2004-04-12,2.322,1.571,704.88,-1.03,0,calibration
2004-04-13,2.473,1.575,702.92,-0.14,0.003,calibration
2004-04-14,2.625,1.593,700.01,1.25,0.002,calibration
2004-04-15,2.865,1.642,695.95,2.57,0.002,calibration
2004-04-16,3.194,1.734,692.44,2.53,1.491,calibration
2004-04-17,2.986,1.765,690.34,1.17,1.567,calibration
2004-04-18,3.151,1.91,694.77,-0.43,10.072,calibration
2004-04-19,3.111,1.792,694.26,-3.4,0.038,calibration
2004-04-20,2.947,1.761,692.1,0.16,0.003,calibration
2004-04-21,3.029,1.908,688.67,2.92,2.818,calibration
2004-04-22,3.421,2.017,692.1,-0.42,8.454,calibration
2004-04-23,3.454,1.949,690.41,-0.58,0.024,calibration
2004-04-24,3.454,2.046,685.85,3.53,0.722,calibration
2004-04-25,3.782,2.528,687.42,3.36,14.977,calibration
2004-04-26,5.164,3.074,697.3,1.16,24.088,calibration
2004-04-27,6.183,2.928,697.14,-1.32,0.823,calibration
2004-04-28,5.098,2.773,696.55,-1.39,0.088,calibration
2004-04-29,4.638,2.608,696.48,-3.01,0.192,calibration
2004-04-30,4.341,2.453,696.17,-2.37,0.007,calibration
2004-05-01,4.309,2.346,694.99,-0.03,0.003,calibration
2004-05-02,4.309,2.28,693.01,1.4,0.003,calibration
2004-05-03,4.407,2.297,690.2,2.91,0.923,calibration
2004-05-04,4.605,2.292,686.93,3.09,0.009,calibration
2004-05-05,4.802,2.414,683.7,3.66,2.808,calibration
2004-05-06,4.901,3.034,681.94,4.41,15.184,calibration
2004-05-07,5.559,3.157,685.39,0.03,9.596,calibration
2004-05-08,5.23,3.032,684.05,0.31,0.073,calibration
2004-05-09,4.901,3.138,683.9,1.67,5.888,calibration
2004-05-10,4.802,3.153,684.68,0.74,4.936,calibration
2004-05-11,4.802,3.114,681.49,3.01,0.04,calibration
2004-05-12,4.802,3.192,675.78,5.56,0,calibration
2004-05-13,4.901,3.388,667.45,7.67,0.001,calibration
2004-05-14,4.999,3.668,657.17,9.17,0.002,calibration
2004-05-15,5.328,4.03,644.9,10.68,0,calibration
2004-05-16,5.756,4.372,636.02,8.76,3.291,calibration
2004-05-17,6.118,4.548,628.91,8.32,1.791,calibration
2004-05-18,6.348,4.835,621.59,8.54,4.107,calibration
2004-05-19,6.578,5.225,620.66,4.55,12.751,calibration
2004-05-20,6.348,5.114,618.33,3.8,1.35,calibration
2004-05-21,5.986,5.119,613.99,5.87,1.76,calibration
2004-05-22,5.953,5.305,616.7,2.14,12.411,calibration
2004-05-23,5.559,5.149,615.07,3.04,1.239,calibration
2004-05-24,5.394,5.088,611.47,5.21,1.204,calibration
2004-05-25,5.394,5.097,605.6,7.23,0.499,calibration
2004-05-26,5.657,5.109,600.33,6.71,1.259,calibration
2004-05-27,5.657,5.197,597.74,4.98,5.683,calibration
2004-05-28,5.493,5.167,594.64,4.94,2.614,calibration
2004-05-29,5.427,5.197,591.46,5.3,3.976,calibration
2004-05-30,5.427,5.2,588.47,5.03,3.649,calibration
2004-05-31,5.427,5.224,582.19,7.59,1.023,calibration
2004-06-01,5.493,5.402,575.61,7.89,4.532,calibration
2004-06-02,5.591,5.651,569.36,7.62,6.577,calibration
2004-06-03,5.657,5.813,561.6,8.9,3.195,calibration
2004-06-04,5.986,6.113,551.95,10.5,4.921,calibration
2004-06-05,6.578,6.39,545.13,8.71,7.685,calibration
2004-06-06,6.512,6.494,545.31,4.25,10.629,calibration
2004-06-07,6.118,6.282,542.79,5.52,0.653,calibration
2004-06-08,5.756,6.125,539.09,6.8,0.878,calibration
2004-06-09,5.591,6.02,533.1,9.19,0.193,calibration
2004-06-10,5.657,5.969,525.05,11.29,0.08,calibration
2004-06-11,5.986,5.945,515.99,12.3,0.287,calibration
2004-06-12,6.216,5.945,505.77,13.49,0.35,calibration
2004-06-13,6.578,5.958,495.8,13.24,1.281,calibration
2004-06-14,6.94,5.903,493.1,6.06,6.246,calibration
2004-06-15,6.71,5.816,485.76,10.56,0.01,calibration
2004-06-16,6.578,5.782,476.28,12.74,0.117,calibration
2004-06-17,6.808,5.769,465.87,13.68,0.161,calibration
2004-06-18,7.072,5.815,455.2,13.95,2.197,calibration
2004-06-19,7.302,5.859,445.55,12.91,2.761,calibration
2004-06-20,7.565,5.951,436.51,12.9,4.711,calibration
2004-06-21,7.828,5.916,429.34,13.25,1.958,calibration
2004-06-22,7.565,5.898,422.74,12.51,3.193,calibration
2004-06-23,7.302,5.783,416.99,11.42,0.962,calibration
2004-06-24,7.433,5.645,411.41,11.21,0.558,calibration
2004-06-25,7.302,5.51,406.99,9.7,1.976,calibration
2004-06-26,7.006,5.324,403.42,8.6,0.746,calibration
2004-06-27,6.71,5.161,398.54,10.31,0.379,calibration
2004-06-28,6.644,5.042,392.18,12.21,0.789,calibration
2004-06-29,6.775,4.955,385.35,12.81,1.548,calibration
2004-06-30,6.71,4.867,378.27,13.13,0.835,calibration
2004-07-01,6.808,4.808,370.37,14.19,1.009,calibration
2004-07-02,7.006,4.772,362.29,14.42,1.498,calibration
2004-07-03,7.072,4.735,354.15,14.51,1.038,calibration
2004-07-04,7.006,4.683,347.69,12.33,1.949,calibration
2004-07-05,6.94,4.591,343.36,9.6,2.243,calibration
2004-07-06,6.71,4.457,338.94,10.91,0.372,calibration
2004-07-07,6.578,4.343,335.18,12.06,1.971,calibration
2004-07-08,6.348,4.275,333.19,8.89,5.918,calibration
2004-07-09,5.953,4.14,329.99,11.03,0.925,calibration
2004-07-10,5.822,4.01,325.82,12.82,0.238,calibration
2004-07-11,5.756,3.945,321.64,12.83,3.723,calibration
2004-07-12,5.657,4.002,317.99,11.87,9.587,calibration
2004-07-13,5.887,4.171,315.84,9.38,13.151,calibration
2004-07-14,5.756,4.062,313.2,9.99,0.959,calibration
2004-07-15,5.427,4.009,310.7,9.71,3.195,calibration
2004-07-16,5.328,3.955,308.59,9.08,3.636,calibration
2004-07-17,4.966,3.903,306.66,8.73,4.071,calibration
2004-07-18,4.802,3.885,304.99,8.28,5.738,calibration
2004-07-19,4.539,3.878,303.01,8.87,5.501,calibration
2004-07-20,4.506,3.844,300.49,9.74,3.737,calibration
2004-07-21,4.506,3.759,297.24,11.12,1.141,calibration
2004-07-22,4.506,3.695,293.7,11.65,1.806,calibration
2004-07-23,4.506,3.808,290.36,11.28,9.473,calibration
2004-07-24,4.605,4.02,287.27,10.84,12.287,calibration
2004-07-25,4.605,3.974,283.22,12.6,1.376,calibration
2004-07-26,4.703,3.92,278.59,13.68,0.927,calibration
2004-07-27,4.703,3.875,273.44,14.64,1.119,calibration
2004-07-28,4.802,3.838,268.55,14.15,1.961,calibration
2004-07-29,4.703,3.842,264.94,11.77,5.109,calibration
2004-07-30,4.506,3.767,261.07,12.28,1.232,calibration
2004-07-31,4.605,3.811,258.12,10.55,7.5,calibration
2004-08-01,4.506,3.893,256.47,8.34,9.46,calibration
2004-08-02,4.638,3.866,255.53,7.37,5.35,calibration
2004-08-03,4.21,3.743,254.59,8.25,1.869,calibration
2004-08-04,3.914,3.585,253.51,10.11,0.362,calibration
2004-08-05,3.815,3.445,251.89,11.94,0.552,calibration
2004-08-06,3.815,3.315,250.85,9.97,1.481,calibration
2004-08-07,3.782,3.158,250.27,8.34,0.296,calibration
2004-08-08,3.717,3.029,249.24,9.92,0.717,calibration
2004-08-09,3.684,2.992,248.56,8.83,3.007,calibration
2004-08-10,3.651,2.95,247.63,9.57,1.457,calibration
2004-08-11,3.552,2.909,246.52,10.23,1.635,calibration
2004-08-12,3.552,2.866,244.77,12.41,0.393,calibration
2004-08-13,3.552,2.826,242.22,15.16,0.057,calibration
2004-08-14,3.651,2.791,239.44,15.96,0.893,calibration
2004-08-15,3.717,2.763,237.18,14.17,2.992,calibration
2004-08-16,3.782,2.738,235.16,13.34,2.902,calibration
2004-08-17,3.782,2.727,233.37,12.56,5.435,calibration
2004-08-18,3.684,2.701,231.54,12.67,1.889,calibration
2004-08-19,3.651,2.684,230.15,11.2,3.846,calibration
2004-08-20,3.585,2.656,228.66,11.52,1.668,calibration
2004-08-21,3.552,2.625,227.03,12.01,1.204,calibration
2004-08-22,3.486,2.588,225.25,12.51,0.09,calibration
2004-08-23,3.454,2.553,223.05,13.97,0.006,calibration
2004-08-24,3.454,2.519,220.63,14.72,0.002,calibration
2004-08-25,3.421,2.488,218.44,13.92,1.028,calibration
2004-08-26,3.355,2.474,217.02,11.28,4.942,calibration
2004-08-27,3.111,2.447,215.74,10.8,1.743,calibration
2004-08-28,3.111,2.415,214.27,11.46,0.755,calibration
2004-08-29,3.069,2.384,212.92,11.02,1.005,calibration
2004-08-30,3.029,2.349,211.95,9.75,0.597,calibration
2004-08-31,2.986,2.31,211.2,8.92,0.214,calibration
2004-09-01,2.904,2.272,210.46,8.91,0.169,calibration
2004-09-02,2.822,2.236,209.76,8.77,0.712,calibration
2004-09-03,2.743,2.2,209.05,8.81,0.485,calibration
2004-09-04,2.664,2.163,208.25,9.14,0.301,calibration
2004-09-05,2.588,2.133,207.4,9.39,1.981,calibration
2004-09-06,2.51,2.101,206.14,10.74,0.549,calibration
2004-09-07,2.473,2.1,204.97,10.42,9.025,calibration
2004-09-08,2.625,2.077,204.25,8.9,1.948,calibration
2004-09-09,2.473,2.049,203.73,8.16,1.228,calibration
2004-09-10,2.398,2.017,202.58,10.34,0.002,calibration
2004-09-11,2.398,1.993,200.13,14.81,0,calibration
2004-09-12,2.398,1.966,198.11,13.35,0.001,calibration
2004-09-13,2.434,1.937,196.8,10.89,0.027,calibration
2004-09-14,2.398,1.929,196.43,7.79,5.643,calibration
2004-09-15,2.398,1.934,197.98,5.03,8.515,calibration
2004-09-16,2.322,1.918,198.61,4.94,3.431,calibration
2004-09-17,2.144,1.891,198.58,6.08,1.192,calibration
2004-09-18,2.039,1.877,198.65,6.33,3.199,calibration
2004-09-19,1.97,1.859,198.7,6.11,2.472,calibration
2004-09-20,1.97,1.856,201.04,3.3,6.908,calibration
2004-09-21,1.937,1.845,203.82,1.36,5.72,calibration
2004-09-22,1.904,1.812,203.68,2.21,0.012,calibration
2004-09-23,1.835,1.787,202.45,5.59,0.004,calibration
2004-09-24,1.835,1.762,201.25,7.17,0.001,calibration
2004-09-25,1.773,1.736,200.46,6.81,0.207,calibration
2004-09-26,1.773,1.707,199.98,7.95,0,calibration
2004-09-27,1.74,1.679,199.42,8.22,0.019,calibration
2004-09-28,1.707,1.653,199.21,7.02,0.932,calibration
2004-09-29,1.677,1.626,198.7,8.03,0.03,calibration
2004-09-30,1.645,1.599,197.98,8.8,0.027,calibration
2004-10-01,1.615,1.576,197.29,8.75,0.764,calibration
2004-10-02,1.582,1.56,197.23,6.85,2.861,calibration
2004-10-03,1.582,1.543,197.3,6.04,2.435,calibration
2004-10-04,1.552,1.516,197.01,7.12,0.005,calibration
2004-10-05,1.493,1.49,196.79,6.73,0.098,calibration
2004-10-06,1.493,1.483,200.89,1.42,8.422,calibration
2004-10-07,1.493,1.457,201.34,-3.3,0.624,calibration
2004-10-08,1.434,1.43,201.32,-2.21,0.004,calibration
2004-10-09,1.404,1.404,201.22,0.74,0.049,calibration
2004-10-10,1.404,1.379,201.05,2.3,0.003,calibration
2004-10-11,1.404,1.358,201.17,2.48,0.975,calibration
2004-10-12,1.345,1.334,201.04,2.38,0.168,calibration
2004-10-13,1.345,1.312,200.63,3.42,0.086,calibration
2004-10-14,1.319,1.339,206.24,2.26,17.082,calibration
2004-10-15,1.496,1.323,212.61,-6.49,6.934,calibration
2004-10-16,1.349,1.299,212.61,-8.53,0.003,calibration
2004-10-17,1.332,1.275,212.61,-7.58,0.001,calibration
2004-10-18,1.345,1.252,212.61,-7.64,0.002,calibration
2004-10-19,1.296,1.228,212.61,-6.48,0,calibration
2004-10-20,1.296,1.206,212.6,-6.19,0.001,calibration
2004-10-21,1.325,1.185,212.35,-4.39,0.001,calibration
2004-10-22,1.342,1.171,211.3,-1.16,0.002,calibration
2004-10-23,1.296,1.161,210.55,1.28,0.769,calibration
2004-10-24,1.342,1.183,218.73,-2.15,13.278,calibration
2004-10-25,1.325,1.161,218.75,-4.27,0.035,calibration
2004-10-26,1.309,1.159,226.23,-5.33,8.979,calibration
2004-10-27,1.385,1.144,229.94,-7.39,4.043,calibration
2004-10-28,1.207,1.126,231.58,-7.17,1.793,calibration
2004-10-29,1.207,1.107,231.33,-4.37,0,calibration
2004-10-30,1.151,1.088,231.19,-5.29,0.003,calibration
2004-10-31,1.151,1.069,231.13,-5.78,0.001,calibration
2004-11-01,1.151,1.053,232.37,-4.98,1.53,calibration
2004-11-02,1.099,1.075,237.52,-1.98,9.08,calibration
2004-11-03,1.322,1.102,242.48,-1.29,9.163,calibration
2004-11-04,1.263,1.105,243.15,-0.5,2.638,calibration
2004-11-05,1.207,1.138,252.92,-2.7,13.593,calibration
2004-11-06,1.263,1.119,253.25,-4.08,0.446,calibration
2004-11-07,1.207,1.1,253.75,-6.01,0.608,calibration
2004-11-08,1.099,1.081,254.06,-5.35,0.373,calibration
2004-11-09,1.151,1.097,260.58,-3.99,8.971,calibration
2004-11-10,1.099,1.077,260.61,-8.17,0.041,calibration
2004-11-11,1.046,1.057,260.63,-8.81,0.015,calibration
2004-11-12,1.046,1.038,260.63,-8.64,0.002,calibration
2004-11-13,0.997,1.019,260.63,-8.13,0.001,calibration
2004-11-14,0.997,1,260.63,-7.65,0,calibration
2004-11-15,0.997,0.985,261.74,-6.25,1.34,calibration
2004-11-16,0.997,0.983,266.07,-6.11,5.205,calibration
2004-11-17,0.997,0.965,266.08,-7.13,0.007,calibration
2004-11-18,0.951,0.987,273.05,-4.2,9.549,calibration
2004-11-19,1.046,1.104,287.05,-2.63,19.507,calibration
2004-11-20,1.207,1.062,288.95,-2.33,3.592,calibration
2004-11-21,1.099,1.046,289.46,-4.27,0.707,calibration
2004-11-22,1.046,1.034,291.37,-5.71,2.299,calibration
2004-11-23,0.997,1.015,291.37,-7.59,0.002,calibration
2004-11-24,1.046,1.004,291.9,-3.01,1.006,calibration
2004-11-25,1.151,1.008,297.3,-5.63,6.488,calibration
2004-11-26,1.099,0.989,297.34,-8.18,0.041,calibration
2004-11-27,1.046,0.981,301.27,-6.32,4.286,calibration
2004-11-28,1.046,1.091,320.55,-4.84,23.392,calibration
2004-11-29,1.385,1.049,328.25,-7.79,8.386,calibration
2004-11-30,1.099,1.031,330.29,-10.83,1.959,calibration
2004-12-01,1.023,1.012,330.42,-13.59,0.116,calibration
2004-12-02,0.983,0.994,330.62,-10.67,0.201,calibration
2004-12-03,1.003,0.985,340.82,-11.33,9.788,calibration
2004-12-04,0.983,0.967,340.84,-14.41,0.019,calibration
2004-12-05,0.947,0.949,340.84,-10.52,0,calibration
2004-12-06,0.967,0.932,340.83,-10.11,0,calibration
2004-12-07,0.967,0.915,343.98,-12.31,2.901,calibration
2004-12-08,0.967,0.9,344.39,-11.44,0.439,calibration
2004-12-09,0.967,0.889,349.59,-11.04,5.07,calibration
2004-12-10,0.967,0.904,359.61,-8.24,11.107,calibration
2004-12-11,1.003,0.912,365.85,-7.14,7.23,calibration
2004-12-12,0.967,0.954,376.38,-6.12,13.387,calibration
2004-12-13,0.983,1.192,401.67,-5.27,31.32,calibration
2004-12-14,1.059,1.216,411.53,-5.19,12.428,calibration
2004-12-15,1.003,1.089,412.08,-8.64,0.556,calibration
2004-12-16,0.983,1.145,424.34,-5.86,15.102,calibration
2004-12-17,1.059,1.662,453.73,-3.75,40.996,calibration
2004-12-18,1.141,1.587,462.08,-7.73,9.095,calibration
2004-12-19,1.059,1.447,464.98,-13.79,2.671,calibration
2004-12-20,1.003,1.312,465.05,-16.38,0.062,calibration
2004-12-21,0.947,1.26,465.12,-13.83,0.069,calibration
2004-12-22,0.927,1.244,471.65,-11.99,6.281,calibration
2004-12-23,1.003,1.222,475.58,-13.16,3.613,calibration
2004-12-24,0.983,1.2,475.61,-14.39,0.029,calibration
2004-12-25,0.947,1.178,475.62,-13.97,0.003,calibration
2004-12-26,0.927,1.157,475.57,-11.5,0.003,calibration
2004-12-27,0.947,1.142,475.5,-8.91,0.28,calibration
2004-12-28,0.967,1.122,475.66,-9.49,0.223,calibration
2004-12-29,0.967,1.11,479.23,-9.25,3.706,calibration
2004-12-30,0.967,1.092,481.3,-10.4,1.986,calibration
2004-12-31,0.947,1.072,481.34,-11.61,0.037,calibration
2005-01-01,0.96,1.061,489.61,-10.38,7.939,validation
2005-01-02,0.931,1.042,490.24,-10.91,0.608,validation
2005-01-03,0.898,1.025,492.54,-10.22,2.201,validation
2005-01-04,0.914,1.047,512.15,-8.34,20.049,validation
2005-01-05,0.914,1.042,518.05,-8.55,6.123,validation
2005-01-06,0.898,1.024,518.25,-10.18,0.212,validation
2005-01-07,0.881,1.018,523.45,-8.5,5.42,validation
2005-01-08,0.914,1.006,527.04,-10.07,3.649,validation
2005-01-09,0.898,0.99,531.61,-12.53,4.201,validation
2005-01-10,0.865,0.973,533.05,-11.73,1.411,validation
2005-01-11,0.865,0.961,532.76,-8.46,0.027,validation
2005-01-12,0.865,0.953,537.65,-10.02,4.976,validation
2005-01-13,0.865,0.938,540.02,-10.89,2.271,validation
2005-01-14,0.849,0.925,544.21,-11.58,4.025,validation
2005-01-15,0.849,0.909,547.18,-13.11,2.732,validation
2005-01-16,0.849,0.894,551.34,-13.35,3.819,validation
2005-01-17,0.849,0.877,552.55,-17.19,1.087,validation
2005-01-18,0.832,0.861,552.55,-16.46,0.004,validation
2005-01-19,0.786,0.846,552.55,-14,0.004,validation
2005-01-20,0.802,0.834,562.55,-12.43,9.225,validation
2005-01-21,0.865,0.821,568.01,-12.3,5.017,validation
2005-01-22,0.849,0.807,572.92,-13.77,4.514,validation
2005-01-23,0.832,0.793,573.04,-13.9,0.11,validation
2005-01-24,0.816,0.813,589.47,-10.04,16.824,validation
2005-01-25,0.865,0.826,601.09,-9.43,12.052,validation
2005-01-26,0.816,0.846,617.39,-10.17,16.664,validation
2005-01-27,0.832,0.832,621.59,-13.21,3.867,validation
2005-01-28,0.832,0.817,621.7,-18.02,0.099,validation
2005-01-29,0.816,0.801,623.05,-18.42,1.21,validation
2005-01-30,0.802,0.787,623.86,-17.9,0.727,validation
2005-01-31,0.786,0.772,629.44,-16.86,5.009,validation
2005-02-01,0.832,0.802,667.09,-11.08,36.348,validation
2005-02-02,0.832,1.001,698.08,-7.35,34.59,validation
2005-02-03,0.849,0.954,708.81,-8.73,11.265,validation
2005-02-04,0.747,0.897,711.17,-12.36,2.171,validation
2005-02-05,0.76,0.881,711.18,-13.99,0.007,validation
2005-02-06,0.816,0.864,711.2,-14.35,0.021,validation
2005-02-07,0.832,0.848,711.21,-16.11,0.002,validation
2005-02-08,0.832,0.833,711.21,-15.91,0.004,validation
2005-02-09,0.849,0.817,711.21,-14.78,0.001,validation
2005-02-10,0.849,0.805,713.12,-11.8,1.859,validation
2005-02-11,0.865,0.794,715.97,-11.38,2.785,validation
2005-02-12,0.849,0.78,717.56,-12.85,1.468,validation
2005-02-13,0.832,0.766,718.98,-14.77,1.278,validation
2005-02-14,0.816,0.752,718.99,-17.04,0.011,validation
2005-02-15,0.802,0.738,719,-17.97,0.002,validation
2005-02-16,0.786,0.724,719,-18.96,0.001,validation
2005-02-17,0.773,0.711,719,-17.7,0.001,validation
2005-02-18,0.786,0.698,719,-15.3,0.003,validation
2005-02-19,0.802,0.686,718.95,-11.79,0.003,validation
2005-02-20,0.816,0.678,718.64,-9.15,0.001,validation
2005-02-21,0.816,0.682,719.67,-7.64,1.808,validation
2005-02-22,0.816,0.795,742.22,-7.01,25.12,validation
2005-02-23,0.832,0.766,754.63,-8.45,12.732,validation
2005-02-24,0.849,0.752,754.71,-12.87,0.082,validation
2005-02-25,0.816,0.738,754.72,-14.16,0.003,validation
2005-02-26,0.816,0.726,755.64,-11.75,0.887,validation
2005-02-27,0.816,0.713,756.03,-11.08,0.375,validation
2005-02-28,0.802,0.701,755.92,-8.96,0.001,validation
2005-03-01,0.802,0.696,755.49,-6.96,0.001,validation
2005-03-02,0.832,0.696,754.72,-5.65,0,validation
2005-03-03,0.849,0.711,753.08,-3.47,0.003,validation
2005-03-04,0.881,0.748,750.86,-1.65,0.71,validation
2005-03-05,0.964,0.789,747.98,-1.05,0.316,validation
2005-03-06,1.013,0.829,745.17,-1.13,0.354,validation
2005-03-07,1.115,0.871,742.36,-1,0.479,validation
2005-03-08,1.151,0.895,741.12,-1.78,1.019,validation
2005-03-09,1.204,0.937,743.98,-2.52,5.866,validation
2005-03-10,1.246,1.007,745.79,-2.21,5.494,validation
2005-03-11,1.355,1.391,755.62,-1.34,19.378,validation
2005-03-12,2.046,2.607,774.67,0.02,45.286,validation
2005-03-13,3.454,3.24,783.9,-0.06,24.983,validation
2005-03-14,3.167,3.158,782.53,-0.99,1.499,validation
2005-03-15,2.835,3.325,788.27,-1.18,12.887,validation
2005-03-16,2.868,3.188,788.6,-3.1,2.081,validation
2005-03-17,2.868,3.047,788.65,-3.25,1.616,validation
2005-03-18,2.671,2.963,794.54,-4.38,7.893,validation
2005-03-19,2.473,2.769,794.22,-5.83,0.01,validation
2005-03-20,2.309,2.616,793.27,-3.7,0.002,validation
2005-03-21,2.243,2.483,792.09,-3.12,0.001,validation
2005-03-22,2.184,2.359,790.87,-3.03,0.003,validation
2005-03-23,2.158,2.251,789.46,-2.55,0.004,validation
2005-03-24,2.158,2.174,787.52,-1.61,0,validation
2005-03-25,2.115,2.206,792.26,-2.75,8.304,validation
2005-03-26,2.069,2.092,796.72,-6.64,5.047,validation
2005-03-27,2.026,1.946,800.42,-10.5,3.554,validation
2005-03-28,1.98,1.801,800.34,-9.19,0.006,validation
2005-03-29,1.881,1.669,800.15,-7.5,0,validation
2005-03-30,1.816,1.655,804.38,-5.41,5.604,validation
2005-03-31,1.796,1.684,810.26,-3.56,8.782,validation
2005-04-01,1.796,1.677,811.53,-3.27,2.525,validation
2005-04-02,1.816,1.668,810.3,-1.49,0.051,validation
2005-04-03,2.046,2.235,828.52,-1.41,31.692,validation
2005-04-04,2.842,2.872,849.67,-2.05,35.955,validation
2005-04-05,3.19,2.724,857.41,-8.47,7.847,validation
2005-04-06,2.881,2.543,858.52,-12.47,1.02,validation
2005-04-07,2.588,2.373,858.47,-10,0.013,validation
2005-04-08,2.381,2.221,859.09,-7.73,0.78,validation
2005-04-09,2.263,2.078,859.71,-7.25,0.8,validation
2005-04-10,2.144,1.939,859.72,-6.88,0.174,validation
2005-04-11,2.079,1.876,859.26,-4.88,0.032,validation
2005-04-12,2.079,1.859,860.43,-4.04,2.066,validation
2005-04-13,2.112,1.853,862.54,-3.59,3.542,validation
2005-04-14,2.112,1.847,867.78,-5.77,6.377,validation
2005-04-15,2.046,1.82,867.39,-3.91,0.001,validation
2005-04-16,2.046,1.817,865.54,-0.29,0.002,validation
2005-04-17,2.144,1.841,862.09,1.91,0,validation
2005-04-18,2.424,1.933,857.03,3.64,0.016,validation
2005-04-19,2.756,2.053,857.22,0.73,5.648,validation
2005-04-20,2.881,2.048,854.16,1.47,0.001,validation
2005-04-21,3.144,2.1,849.87,2.82,0.002,validation
2005-04-22,3.388,2.157,845.46,2.95,0.001,validation
2005-04-23,3.618,2.246,841.9,2.6,1.548,validation
2005-04-24,3.782,2.311,839.48,1.6,2.18,validation
2005-04-25,3.98,2.356,835.2,2.82,0.013,validation
2005-04-26,3.914,2.448,830.04,3.75,0.177,validation
2005-04-27,4.078,2.531,825.49,3.34,0.614,validation
2005-04-28,4.572,2.567,821.52,3.27,0.268,validation
2005-04-29,5.032,2.658,819.01,3.34,2.845,validation
2005-04-30,5.361,2.686,815.12,3.85,0.249,validation
2005-05-01,5.295,2.703,811.41,3.67,0.228,validation
2005-05-02,5.361,2.733,807.39,3.96,0.188,validation
2005-05-03,5.559,2.766,803.14,4.16,0.057,validation
2005-05-04,5.69,2.902,798.37,4.95,1.71,validation
2005-05-05,5.559,3.154,795.57,3.83,6.158,validation
2005-05-06,5.69,3.211,792.15,3.65,1.684,validation
2005-05-07,5.789,3.622,788.9,4.8,9.21,validation
2005-05-08,5.789,3.88,793.97,1.06,14.103,validation
2005-05-09,5.624,3.783,793.19,0.77,1.745,validation
2005-05-10,5.427,3.696,790.55,2.34,0.087,validation
2005-05-11,5.427,3.79,788.85,3.05,4.537,validation
2005-05-12,5.559,3.97,792.15,1.54,11.025,validation
2005-05-13,5.526,3.932,792.51,0.76,4.061,validation
2005-05-14,5.197,3.812,792.18,-0.05,1.752,validation
2005-05-15,4.999,3.768,795.07,-0.73,6.11,validation
2005-05-16,4.835,3.65,793.79,0.77,0.717,validation
2005-05-17,4.67,3.612,793.22,1.4,2.896,validation
2005-05-18,4.638,3.646,798.03,-0.59,9.31,validation
2005-05-19,4.473,3.536,799.16,-1.16,3.013,validation
2005-05-20,4.21,3.437,799.12,-0.32,2.032,validation
2005-05-21,4.144,3.539,802.52,-0.09,9.359,validation
2005-05-22,4.111,3.494,799.69,2.74,0.488,validation
2005-05-23,4.144,3.62,796.5,3.78,3.703,validation
2005-05-24,4.21,3.735,794.95,3.12,5.138,validation
2005-05-25,4.243,3.831,795.16,2.9,6.534,validation
2005-05-26,4.309,3.935,793.59,3.72,5.123,validation
2005-05-27,4.374,3.971,790.16,5.17,1.954,validation
2005-05-28,4.67,4.036,785.87,5.82,1.792,validation
2005-05-29,5.098,4.124,779.92,7.32,0.71,validation
2005-05-30,5.361,4.452,773.71,7.58,5.799,validation
2005-05-31,5.559,4.653,766.88,8.08,2.779,validation
2005-06-01,5.986,4.808,758.66,9.27,0.558,validation
2005-06-02,6.545,5.014,749.04,10.47,0.466,validation
2005-06-03,7.335,5.294,737.9,11.77,0.867,validation
2005-06-04,8.288,5.656,729.02,9.84,5.259,validation
2005-06-05,8.88,6.01,721.54,8.69,6.662,validation
2005-06-06,8.617,6.269,714.08,8.66,5.029,validation
2005-06-07,8.19,6.426,705.26,9.78,1.798,validation
2005-06-08,8.124,6.672,696.41,9.81,4.031,validation
2005-06-09,8.519,7.012,689.01,8.64,7.867,validation
2005-06-10,8.716,7.276,681.47,8.75,6.225,validation
2005-06-11,8.617,7.49,674.67,8.1,6.088,validation
2005-06-12,8.519,7.501,666.8,8.97,0.769,validation
2005-06-13,8.716,7.579,657.51,10.19,1.067,validation
2005-06-14,8.716,7.635,647.39,12.49,0.041,validation
2005-06-15,8.88,7.721,637.01,13.65,0.876,validation
2005-06-16,9.275,7.822,626.73,13.56,1.855,validation
2005-06-17,9.637,7.914,616.72,13.27,2.46,validation
2005-06-18,10.097,7.996,607.53,12.45,3.506,validation
2005-06-19,10.459,8.156,600.94,9.8,8.642,validation
2005-06-20,10.262,8.065,592.65,11.52,0.447,validation
2005-06-21,10.196,8.051,582.72,13.2,1.537,validation
2005-06-22,9.999,8.038,571.37,14.64,0.68,validation
2005-06-23,9.801,8.131,559.05,15.63,3.327,validation
2005-06-24,10.755,8.337,553.9,8.5,13.915,validation
2005-06-25,10.361,8.078,549.31,7.72,0.017,validation
2005-06-26,9.341,7.843,543.94,8.54,0.147,validation
2005-06-27,8.716,7.654,537.44,9.71,0.861,validation
2005-06-28,7.696,7.48,530.93,9.71,1.541,validation
2005-06-29,7.729,7.347,523.49,10.67,2.167,validation
2005-06-30,7.565,7.262,515.41,11.31,3.135,validation
2005-07-01,7.565,7.169,506.04,12.63,0.993,validation
2005-07-02,7.565,7.147,497.37,11.92,4.212,validation
2005-07-03,7.335,7.16,488.36,12.26,4.432,validation
2005-07-04,7.236,7.081,480.54,12.96,2.028,validation
2005-07-05,7.236,6.999,472.64,14.18,2.007,validation
2005-07-06,7.236,6.905,463.6,15.66,0.561,validation
2005-07-07,7.203,6.816,453.68,16.79,0.111,validation
2005-07-08,7.203,6.736,443.46,17.18,0.221,validation
2005-07-09,7.203,6.696,434.12,16.04,2.706,validation
2005-07-10,7.137,6.645,425.24,15.45,2.188,validation
2005-07-11,7.039,6.569,416.48,15.3,1.08,validation
2005-07-12,6.874,6.469,408.06,14.86,0.615,validation
2005-07-13,6.742,6.345,401.14,12.92,1.244,validation
2005-07-14,6.348,6.272,396.29,10.27,5.505,validation
2005-07-15,5.854,6.106,392.77,8.57,2.595,validation
2005-07-16,5.394,5.902,389,8.86,0.79,validation
2005-07-17,5.098,5.714,383.9,10.58,0.127,validation
2005-07-18,5.032,5.577,376.97,12.94,0.537,validation
2005-07-19,4.966,5.468,369.92,13.09,1.39,validation
2005-07-20,4.966,5.362,362.33,13.79,0.435,validation
2005-07-21,4.966,5.332,354.62,13.94,3.464,validation
2005-07-22,4.901,5.354,349.17,11.32,7.079,validation
2005-07-23,4.769,5.278,345.53,11.83,3.94,validation
2005-07-24,4.605,5.314,342.39,10.92,8.81,validation
2005-07-25,4.539,5.168,338.81,11.74,1.058,validation
2005-07-26,4.506,5.012,335.02,12.11,0.647,validation
2005-07-27,4.44,4.864,330.96,12.61,0.8,validation
2005-07-28,4.44,4.737,326.97,12.48,1.785,validation
2005-07-29,4.276,4.614,323.01,12.44,1.876,validation
2005-07-30,4.243,4.508,318.93,12.66,2.387,validation
2005-07-31,4.177,4.444,314.97,12.43,4.16,validation
2005-08-01,4.539,4.312,311.29,11.91,0.743,validation
2005-08-02,4.407,4.248,308.23,10.75,4.649,validation
2005-08-03,4.144,4.171,304.98,11.13,3.254,validation
2005-08-04,3.98,4.128,301.81,10.96,4.768,validation
2005-08-05,3.881,4.071,297.86,12.42,2.778,validation
2005-08-06,3.749,3.984,293.31,13.51,0.833,validation
2005-08-07,3.881,4.002,289.55,12.06,6.365,validation
2005-08-08,3.749,4.044,286.11,11.47,6.818,validation
2005-08-09,3.651,3.974,281.97,12.76,1.138,validation
2005-08-10,3.519,4.026,277.8,12.84,6.385,validation
2005-08-11,3.717,4.139,275.2,9.9,9.98,validation
2005-08-12,3.618,4.226,272.76,9.63,8.112,validation
2005-08-13,3.355,4.152,269.86,10.47,1.963,validation
2005-08-14,3.236,4.015,267.46,12.75,0.364,validation
2005-08-15,3.194,3.997,265.85,11.91,6.084,validation
2005-08-16,3.069,3.995,264.56,10.85,6.816,validation
2005-08-17,2.99,3.942,263.49,10.09,4.863,validation
2005-08-18,2.832,3.828,262.25,10.64,2.298,validation
2005-08-19,2.753,3.68,260.77,11.48,0.612,validation
2005-08-20,2.753,3.543,259.09,12.18,0.811,validation
2005-08-21,2.753,3.413,257.49,11.89,1.12,validation
2005-08-22,2.753,3.341,257.11,7.84,5.525,validation
2005-08-23,2.635,3.26,256.65,8.05,4.324,validation
2005-08-24,2.516,3.313,257.28,6.43,12.006,validation
2005-08-25,2.437,3.177,256.84,7.82,0.883,validation
2005-08-26,2.361,3.295,257.59,6.21,13.293,validation
2005-08-27,2.243,3.208,260.3,1.46,5.573,validation
2005-08-28,2.128,3.087,259.86,3.47,0.001,validation
2005-08-29,2.049,3.048,259.74,4.01,2.06,validation
2005-08-30,2.013,2.995,259.48,4.7,0.168,validation
2005-08-31,1.934,2.947,258.66,7.44,0.073,validation
2005-09-01,1.895,2.924,258.3,7.7,4.648,validation
2005-09-02,1.895,2.881,256.99,10.91,0.16,validation
2005-09-03,1.895,2.84,255.41,11.84,0.458,validation
2005-09-04,1.934,2.799,253.63,12.49,0.077,validation
2005-09-05,2.013,2.76,251.31,14.38,0.002,validation
2005-09-06,2.049,2.723,248.87,14.81,0.004,validation
2005-09-07,2.088,2.689,247.39,11.46,1.663,validation
2005-09-08,2.088,2.652,246.88,8.14,2.026,validation
2005-09-09,2.049,2.609,246.69,6.86,0.872,validation
2005-09-10,2.013,2.564,246.27,7.74,0.178,validation
2005-09-11,1.973,2.521,245.35,9.55,0.046,validation
2005-09-12,1.895,2.481,244.18,10.4,0.393,validation
2005-09-13,1.895,2.442,242.91,10.76,0.446,validation
2005-09-14,1.895,2.404,241.68,10.62,0.383,validation
2005-09-15,1.858,2.369,240.34,11.03,1.074,validation
2005-09-16,1.819,2.334,238.91,11.29,0.58,validation
2005-09-17,1.819,2.321,237.82,10.16,6.166,validation
2005-09-18,1.858,2.306,237.8,7.44,5.096,validation
2005-09-19,1.71,2.277,237.74,6.58,2.067,validation
2005-09-20,1.605,2.238,237.46,7.15,0.214,validation
2005-09-21,1.539,2.2,236.87,8.34,0.052,validation
2005-09-22,1.51,2.164,236.37,8,0.271,validation
2005-09-23,1.477,2.129,235.92,7.85,0.67,validation
2005-09-24,1.477,2.096,235.73,6.95,1.169,validation
2005-09-25,1.477,2.084,237.04,4.79,7.203,validation
2005-09-26,1.447,2.058,237.52,4.03,2.647,validation
2005-09-27,1.381,2.039,238.25,3.75,3.971,validation
2005-09-28,1.352,2.002,238.31,2.93,0.181,validation
2005-09-29,1.319,1.966,238.28,4.16,0,validation
2005-09-30,1.289,1.93,238.11,6.43,0.003,validation
2005-10-01,1.256,1.897,237.65,7.86,0.016,validation
2005-10-02,1.23,1.875,237.73,6.12,2.854,validation
2005-10-03,1.256,1.862,238.67,4.14,5.163,validation
2005-10-04,1.23,1.834,238.91,4.21,1.333,validation
2005-10-05,1.2,1.803,239.02,5.07,0.578,validation
2005-10-06,1.174,1.781,239.06,6.06,2.133,validation
2005-10-07,1.145,1.775,239.38,5.69,5.287,validation
2005-10-08,1.118,1.748,239.59,4.64,1.168,validation
2005-10-09,1.099,1.716,239.59,2.75,0.012,validation
2005-10-10,1.059,1.685,239.59,3.16,0.002,validation
2005-10-11,1.02,1.654,239.68,3.12,0.243,validation
2005-10-12,1.003,1.626,240.03,0.86,0.73,validation
2005-10-13,0.987,1.597,240.27,0.55,0.496,validation
2005-10-14,0.987,1.58,243.87,-1.19,5.843,validation
2005-10-15,0.987,1.552,244.13,-2.37,0.353,validation
2005-10-16,0.987,1.524,244.56,-3,0.583,validation
2005-10-17,0.951,1.496,244.55,-2.31,0,validation
2005-10-18,0.951,1.47,244.22,0.74,0,validation
2005-10-19,0.921,1.448,243.11,3.54,0.003,validation
2005-10-20,0.921,1.426,242.16,4.56,0,validation
2005-10-21,0.904,1.402,241.61,5.61,0.001,validation
2005-10-22,0.904,1.387,241.66,5.06,2.342,validation
2005-10-23,0.891,1.376,245.77,-0.46,6.664,validation
2005-10-24,0.891,1.351,245.88,-2.8,0.158,validation
2005-10-25,0.875,1.326,245.89,-2.88,0.007,validation
2005-10-26,0.875,1.302,245.87,-2.08,0,validation
2005-10-27,0.862,1.278,245.87,-1.94,0.002,validation
2005-10-28,0.862,1.256,245.43,1.67,0.001,validation
2005-10-29,0.862,1.235,245.03,1.59,0.001,validation
2005-10-30,0.849,1.214,245.22,0.43,0.515,validation
2005-10-31,0.849,1.192,245.4,-2.34,0.294,validation
2005-11-01,0.835,1.171,245.45,-2.17,0.078,validation
2005-11-02,0.835,1.149,245.47,-2.6,0.024,validation
2005-11-03,0.835,1.128,245.47,-2.28,0.001,validation
2005-11-04,0.822,1.107,245.47,-0.59,0.003,validation
2005-11-05,0.809,1.087,245.42,0.02,0,validation
2005-11-06,0.809,1.067,245.42,-0.12,0.002,validation
2005-11-07,0.809,1.047,245.58,-1.5,0.258,validation
2005-11-08,0.809,1.028,245.58,-1.95,0.007,validation
2005-11-09,0.796,1.03,253.73,-1.26,13.234,validation
2005-11-10,0.822,1.038,264.61,-2.93,14.875,validation
2005-11-11,0.849,1.024,268.92,-7.62,4.697,validation
2005-11-12,0.783,1.005,269,-10.98,0.073,validation
2005-11-13,0.77,0.993,276.86,-8.39,7.968,validation
2005-11-14,0.796,0.975,278.51,-10.31,1.586,validation
2005-11-15,0.77,0.957,279.1,-12.8,0.539,validation
2005-11-16,0.77,0.94,279.16,-12.16,0.061,validation
2005-11-17,0.743,0.922,279.11,-9.91,0.003,validation
2005-11-18,0.756,0.908,278.67,-5.76,0.001,validation
2005-11-19,0.756,0.897,277.9,-4.01,0.019,validation
2005-11-20,0.743,0.886,277.09,-2.49,0.002,validation
2005-11-21,0.743,0.876,276.49,-2.32,0.157,validation
2005-11-22,0.743,0.864,277.21,-3.33,1.198,validation
2005-11-23,0.743,0.864,284.29,-5.94,8.501,validation
2005-11-24,0.756,0.862,293.33,-8.08,9.86,validation
2005-11-25,0.756,0.847,294.22,-10.71,0.847,validation
2005-11-26,0.73,0.831,294.22,-13.38,0.006,validation
2005-11-27,0.704,0.816,294.22,-12.89,0,validation
2005-11-28,0.704,0.801,294.22,-12.85,0.002,validation
2005-11-29,0.704,0.786,294.23,-13.32,0.002,validation
2005-11-30,0.704,0.771,294.23,-13.15,0.001,validation
2005-12-01,0.704,0.757,294.23,-12.29,0.001,validation
2005-12-02,0.704,0.743,294.23,-12.44,0.001,validation
2005-12-03,0.704,0.733,300.01,-10.83,5.548,validation
2005-12-04,0.704,0.731,310.22,-8.51,10.497,validation
2005-12-05,0.717,0.741,316.94,-5.79,8.723,validation
2005-12-06,0.704,0.731,317.9,-6.76,1.227,validation
2005-12-07,0.704,0.756,338.94,-7.46,23.023,validation
2005-12-08,0.73,0.745,344.14,-10.47,4.993,validation
2005-12-09,0.691,0.731,344.15,-14.29,0.01,validation
2005-12-10,0.654,0.718,344.15,-12.78,0,validation
2005-12-11,0.677,0.705,344.13,-9.94,0.001,validation
2005-12-12,0.677,0.693,344.04,-9.21,0.001,validation
2005-12-13,0.664,0.68,344.04,-11.2,0.001,validation
2005-12-14,0.664,0.668,344.75,-11.79,0.674,validation
2005-12-15,0.664,0.656,344.75,-13.7,0.001,validation
2005-12-16,0.654,0.644,344.75,-11.44,0.001,validation
2005-12-17,0.654,0.633,344.62,-8.76,0.001,validation
2005-12-18,0.664,0.623,344.51,-7.88,0.001,validation
2005-12-19,0.664,0.611,344.5,-8.16,0,validation
2005-12-20,0.664,0.6,344.5,-10.22,0,validation
2005-12-21,0.664,0.589,344.5,-11.03,0.002,validation
2005-12-22,0.664,0.578,344.54,-11.21,0.038,validation
2005-12-23,0.654,0.567,344.54,-11.82,0.001,validation
2005-12-24,0.654,0.559,346.41,-10.02,1.893,validation
2005-12-25,0.664,0.562,352.33,-7.01,6.605,validation
2005-12-26,0.654,0.587,362.08,-5.83,12.1,validation
2005-12-27,0.691,0.615,379.55,-6.31,19.278,validation
2005-12-28,0.664,0.605,383.41,-12.7,3.545,validation
2005-12-29,0.645,0.594,387.23,-15.28,3.438,validation
2005-12-30,0.654,0.583,387.27,-20.36,0.036,validation
2005-12-31,0.625,0.572,387.27,-19.9,0.002,validation
2006-01-01,0.605,0.562,387.28,-22.65,0.011,calibration
2006-01-02,0.612,0.551,387.31,-25.28,0.023,calibration
2006-01-03,0.605,0.541,387.32,-25.5,0.009,calibration
2006-01-04,0.556,0.531,387.32,-23.54,0.002,calibration
2006-01-05,0.536,0.521,387.32,-22.35,0.003,calibration
2006-01-06,0.546,0.512,387.54,-21.73,0.198,calibration
2006-01-07,0.556,0.502,394.96,-15.39,6.677,calibration
2006-01-08,0.582,0.503,406.21,-11.37,10.959,calibration
2006-01-09,0.572,0.528,427.78,-9.56,22.249,calibration
2006-01-10,0.546,0.529,441.28,-11.08,13.034,calibration
2006-01-11,0.553,0.519,442.05,-14.36,0.698,calibration
2006-01-12,0.566,0.51,442.2,-16.17,0.131,calibration
2006-01-13,0.562,0.5,442.23,-15.75,0.023,calibration
2006-01-14,0.582,0.491,445.54,-14.8,2.981,calibration
2006-01-15,0.582,0.483,448.93,-13.53,3.138,calibration
2006-01-16,0.582,0.476,453.04,-13.32,3.812,calibration
2006-01-17,0.576,0.467,453.76,-15.45,0.647,calibration
2006-01-18,0.556,0.459,456.15,-16.57,2.15,calibration
2006-01-19,0.566,0.45,457.99,-16.59,1.645,calibration
2006-01-20,0.562,0.442,458.04,-17.67,0.051,calibration
2006-01-21,0.562,0.434,458.07,-16.6,0.026,calibration
2006-01-22,0.562,0.426,458.38,-15.73,0.281,calibration
2006-01-23,0.562,0.418,461.08,-14.63,2.437,calibration
2006-01-24,0.562,0.414,471.21,-12.77,9.361,calibration
2006-01-25,0.566,0.43,498.67,-10.46,26.611,calibration
2006-01-26,0.562,0.438,516.79,-11.15,17.482,calibration
2006-01-27,0.582,0.489,537.96,-7.84,23.688,calibration
2006-01-28,0.576,0.486,540.12,-9.97,2.379,calibration
2006-01-29,0.49,0.48,542.99,-10.9,2.84,calibration
2006-01-30,0.612,0.474,545.06,-11.17,2.056,calibration
2006-01-31,0.592,0.476,548.01,-8.61,3.398,calibration
2006-02-01,0.562,0.475,555.45,-10.48,7.258,calibration
2006-02-02,0.582,0.481,563.09,-9.59,7.989,calibration
2006-02-03,0.576,0.474,563.03,-10.55,0.054,calibration
2006-02-04,0.576,0.491,561.53,-3.25,0.376,calibration
2006-02-05,0.586,0.617,564.49,-1.88,8.874,calibration
2006-02-06,0.592,0.57,565.33,-6.31,1.521,calibration
2006-02-07,0.582,0.569,564.6,-5.79,0.002,calibration
2006-02-08,0.582,0.577,563.32,-4.19,0,calibration
2006-02-09,0.572,0.682,570.75,-3.86,12.122,calibration
2006-02-10,0.904,1.264,603.76,-4.12,46.9,calibration
2006-02-11,1.24,1.157,609.52,-8.6,5.99,calibration
2006-02-12,1.572,1.023,609.46,-9.43,0.005,calibration
2006-02-13,1.904,0.921,608.83,-6.08,0.001,calibration
2006-02-14,0.934,0.842,608.41,-6.99,0,calibration
2006-02-15,0.888,0.832,608.05,-7.32,0.003,calibration
2006-02-16,0.865,0.827,609.29,-7.58,1.674,calibration
2006-02-17,0.888,0.976,626.36,-5.79,21.38,calibration
2006-02-18,0.96,1.003,641.87,-7.41,17.278,calibration
2006-02-19,0.888,0.93,642.16,-9.8,0.332,calibration
2006-02-20,0.845,0.914,644.04,-10.42,1.803,calibration
2006-02-21,0.822,0.898,644.28,-10.51,0.225,calibration
2006-02-22,0.779,0.885,645.7,-9.64,1.489,calibration
2006-02-23,0.779,0.877,649.86,-10.06,4.231,calibration
2006-02-24,0.76,0.861,649.89,-12.34,0.03,calibration
2006-02-25,0.74,0.845,649.89,-12.54,0.002,calibration
2006-02-26,0.707,0.831,650.53,-9.85,0.678,calibration
2006-02-27,0.72,0.831,657.11,-8.57,6.817,calibration
2006-02-28,0.701,0.826,658.39,-7.53,1.74,calibration
2006-03-01,0.701,0.843,667.05,-6.7,9.777,calibration
2006-03-02,0.74,0.848,669.67,-5.78,3.557,calibration
2006-03-03,0.74,0.863,673.36,-4.73,5.146,calibration
2006-03-04,0.74,0.903,677.08,-3.26,6.623,calibration
2006-03-05,0.76,0.944,685.83,-4.54,11.281,calibration
2006-03-06,0.934,0.936,686.02,-5.63,0.687,calibration
2006-03-07,0.888,0.926,685.62,-5.43,0.025,calibration
2006-03-08,0.865,0.915,685.24,-5.64,0.002,calibration
2006-03-09,0.865,0.909,684.6,-4.56,0,calibration
2006-03-10,0.888,0.912,683.39,-3.05,0,calibration
2006-03-11,0.888,0.93,681.26,-1.28,0.001,calibration
2006-03-12,0.934,0.947,679.23,-1.44,0.002,calibration
2006-03-13,1.006,0.948,678.9,-3.89,0.739,calibration
2006-03-14,1.006,0.948,683.07,-6.28,4.784,calibration
2006-03-15,0.96,0.953,689.53,-7.53,7.123,calibration
2006-03-16,0.934,0.945,694.71,-8.28,5.246,calibration
2006-03-17,0.888,0.953,701.72,-6.97,7.801,calibration
2006-03-18,0.934,0.94,702.51,-6.92,1.017,calibration
2006-03-19,0.888,0.933,704.77,-7.06,2.606,calibration
2006-03-20,0.865,0.931,705.9,-5.22,1.933,calibration
2006-03-21,0.865,0.98,715.44,-4.44,12.263,calibration
2006-03-22,0.983,0.964,717.01,-7.6,1.781,calibration
2006-03-23,0.934,0.952,716.68,-5.81,0.002,calibration
2006-03-24,0.934,0.944,716.12,-4.89,0.001,calibration
2006-03-25,0.96,0.948,714.78,-2.75,0.002,calibration
2006-03-26,1.03,0.951,713.61,-2.98,0.094,calibration
2006-03-27,1.079,0.948,712.77,-2.64,0.001,calibration
2006-03-28,1.171,1.046,720.77,-2.55,12.017,calibration
2006-03-29,1.316,1.034,721.74,-1.98,3.237,calibration
2006-03-30,1.391,1.185,725.85,-0.39,9.589,calibration
2006-03-31,1.533,1.496,730.78,-0.32,13.913,calibration
2006-04-01,1.819,1.394,731.63,-4.14,1.595,calibration
2006-04-02,1.704,1.271,731.49,-4.6,0.101,calibration
2006-04-03,1.615,1.211,730.54,-2.13,0.001,calibration
2006-04-04,1.589,1.225,728.36,0.19,0.001,calibration
2006-04-05,1.645,1.331,729.02,-0.06,5.506,calibration
2006-04-06,1.674,1.295,728.74,-1.57,1.526,calibration
2006-04-07,1.674,1.31,726.4,0.42,0.001,calibration
2006-04-08,1.73,1.651,736.66,-0.64,19.379,calibration
2006-04-09,1.848,1.54,738.43,-5.64,2.239,calibration
2006-04-10,1.789,1.411,738.47,-6.2,0.058,calibration
2006-04-11,1.674,1.389,738.26,-4.59,0.018,calibration
2006-04-12,1.645,1.37,738.06,-3.99,0.219,calibration
2006-04-13,1.674,1.355,737.43,-3.1,0.002,calibration
2006-04-14,1.704,1.351,736.18,-1.49,0.013,calibration
2006-04-15,1.76,1.351,734.63,-0.88,0.004,calibration
2006-04-16,1.848,1.359,732.64,-0.09,0.005,calibration
2006-04-17,1.993,1.381,729.71,1.26,0.002,calibration
2006-04-18,2.141,1.409,726.39,1.78,0.002,calibration
2006-04-19,2.302,1.478,721.9,3.04,0,calibration
2006-04-20,2.5,1.837,721.39,2.46,10.191,calibration
2006-04-21,2.736,1.766,720.41,-1.26,0.633,calibration
2006-04-22,2.704,1.684,719.14,-1.37,0.086,calibration
2006-04-23,2.533,1.696,716.52,1.31,0.688,calibration
2006-04-24,2.533,1.952,714.57,2.71,6.622,calibration
2006-04-25,2.736,2.085,708.41,4.58,0.034,calibration
2006-04-26,3.158,2.288,700.6,6.28,0.002,calibration
2006-04-27,3.421,2.506,692.34,7.62,0.001,calibration
2006-04-28,3.651,2.88,686.55,5.94,5.931,calibration
2006-04-29,4.177,2.862,684.08,2.58,1.187,calibration
2006-04-30,3.98,2.822,682.11,1.95,1.187,calibration
2006-05-01,3.749,2.803,681.63,1.3,2.95,calibration
2006-05-02,3.651,2.95,685.01,0.48,9.973,calibration
2006-05-03,3.454,3.02,684.4,1.78,4.792,calibration
2006-05-04,3.322,2.957,681.97,2.19,0.36,calibration
2006-05-05,3.454,3.126,679.02,3.71,4.619,calibration
2006-05-06,3.585,3.171,677.94,2,3.945,calibration
2006-05-07,3.585,3.045,676.39,0.64,0.006,calibration
2006-05-08,3.552,3.054,672.1,4.19,0.001,calibration
2006-05-09,3.651,3.121,668.31,4.01,1.718,calibration
2006-05-10,3.947,3.19,662.72,5.45,0.064,calibration
2006-05-11,4.177,3.314,655.89,6.47,0.026,calibration
2006-05-12,4.506,3.506,648.14,7.25,0.705,calibration
2006-05-13,4.407,3.731,638.87,8.4,0.051,calibration
2006-05-14,5.197,4.041,627.57,10.28,0.072,calibration
2006-05-15,5.756,4.286,617.89,10.52,0.648,calibration
2006-05-16,4.309,4.545,607.18,11.41,0.184,calibration
2006-05-17,6.874,4.796,602.61,6.37,6.444,calibration
2006-05-18,6.118,4.901,594.58,9.1,0.044,calibration
2006-05-19,5.854,5.12,584.13,11.18,0.373,calibration
2006-05-20,6.282,5.609,577.13,8.32,10.13,calibration
2006-05-21,6.874,5.711,573.03,5.85,4.978,calibration
2006-05-22,6.874,5.728,566.19,8.07,0.64,calibration
2006-05-23,6.282,5.978,559.66,7.87,6.706,calibration
2006-05-24,5.854,6.228,553.08,7.92,7.143,calibration
2006-05-25,5.526,6.461,547.92,7.06,8.597,calibration
2006-05-26,5.526,6.61,541.18,8.04,5.377,calibration
2006-05-27,5.394,6.69,534.32,8.12,4.026,calibration
2006-05-28,5.295,6.766,527.78,7.86,4.51,calibration
2006-05-29,5.295,6.806,521.13,8.07,3.724,calibration
2006-05-30,5.394,6.914,516.48,7.9,8.085,calibration
2006-05-31,4.966,6.936,513.99,5.98,8.17,calibration
2006-06-01,4.506,6.888,510.32,7.08,5.072,calibration
2006-06-02,4.341,6.757,504.55,8.97,0.817,calibration
2006-06-03,5.098,6.569,500.62,7.09,1.226,calibration
2006-06-04,5.032,6.388,495.13,8.66,0.079,calibration
2006-06-05,5.328,6.211,489.68,8.64,0.423,calibration
2006-06-06,5.559,6.025,485.79,7.08,1.69,calibration
2006-06-07,5.394,5.835,482.17,6.78,1.764,calibration
2006-06-08,5.23,5.676,477.6,7.73,1.863,calibration
2006-06-09,5.098,5.572,473.88,7.12,4.749,calibration
2006-06-10,4.769,5.492,470.13,7.17,4.969,calibration
2006-06-11,4.407,5.496,465.83,7.52,7.099,calibration
2006-06-12,4.341,5.48,459.81,9.27,3.684,calibration
2006-06-13,4.769,5.614,452.86,10.17,7.781,calibration
2006-06-14,5.23,5.821,446.75,9.44,9.942,calibration
2006-06-15,5.328,5.664,442.73,7.9,0.574,calibration
2006-06-16,5.23,5.521,437.39,10.9,0.006,calibration
2006-06-17,5.394,5.424,431.57,11.51,1.429,calibration
2006-06-18,5.657,5.316,425.06,12.39,0.463,calibration
2006-06-19,5.986,5.229,417.17,14.18,0.054,calibration
2006-06-20,6.282,5.167,408.97,14.59,0.729,calibration
2006-06-21,6.578,5.146,401.41,13.75,2.986,calibration
2006-06-22,6.447,5.19,395.13,12.11,6.346,calibration
2006-06-23,6.151,5.157,389.88,10.77,3.749,calibration
2006-06-24,5.657,5.038,384.69,10.7,0.591,calibration
2006-06-25,5.46,4.925,379.08,11.23,0.734,calibration
2006-06-26,5.394,4.866,372.73,12.19,2.409,calibration
2006-06-27,5.23,4.892,368.26,9.79,7.746,calibration
2006-06-28,5.032,4.933,363.03,10.75,6.042,calibration
2006-06-29,4.966,5.129,360.03,10.27,13.574,calibration
2006-06-30,4.966,5.348,357.9,9.35,13.807,calibration
2006-07-01,5.23,5.496,356.03,8.79,10.902,calibration
2006-07-02,4.835,5.502,353.63,9.54,6.158,calibration
2006-07-03,4.769,5.453,350.49,10.9,4.033,calibration
2006-07-04,4.638,5.412,346.26,12.94,3.61,calibration
2006-07-05,4.703,5.346,341.98,13.03,3.157,calibration
2006-07-06,4.703,5.278,338.65,11.27,4.307,calibration
2006-07-07,4.703,5.135,335.04,11.79,1.224,calibration
2006-07-08,4.703,4.965,331.3,12.01,0.246,calibration
2006-07-09,4.638,4.799,327.17,12.75,0.056,calibration
2006-07-10,4.506,4.618,323.86,11.23,0.139,calibration
2006-07-11,4.341,4.452,322.86,7.18,3.119,calibration
2006-07-12,4.078,4.314,323.79,4.33,6.197,calibration
2006-07-13,3.749,4.186,326.4,3.39,7.708,calibration
2006-07-14,3.519,4.143,328.2,4.14,10.712,calibration
2006-07-15,3.355,4.052,328.96,4.99,6.134,calibration
2006-07-16,3.167,3.895,327.27,8.19,0.706,calibration
2006-07-17,3.131,3.765,324.11,10.95,0.32,calibration
2006-07-18,3.167,3.687,320.71,11.4,2.61,calibration
2006-07-19,3.204,3.588,317.06,11.85,1.081,calibration
2006-07-20,3.279,3.495,312.73,13.11,0.61,calibration
2006-07-21,3.388,3.394,308.38,15.15,0.075,calibration
2006-07-22,3.519,3.269,305.52,16.24,0.134,calibration
2006-07-23,3.618,3.146,302.8,15.77,0.275,calibration
2006-07-24,3.782,3.02,300.17,15.44,0.013,calibration
2006-07-25,3.848,2.916,297.7,14.88,0.001,calibration
2006-07-26,3.782,2.875,295.34,14.54,0.245,calibration
2006-07-27,3.749,2.838,293.04,14.3,1.23,calibration
2006-07-28,3.717,2.799,291.11,13.02,0.949,calibration
2006-07-29,3.618,2.758,288.68,14.78,0.125,calibration
2006-07-30,3.585,2.721,285.63,16.87,0.221,calibration
2006-07-31,3.684,2.696,282.79,16.19,3.127,calibration
2006-08-01,3.717,2.664,280.26,15.08,1.05,calibration
2006-08-02,3.684,2.632,277.36,16.39,0.512,calibration
2006-08-03,3.618,2.612,274.6,15.89,3.334,calibration
2006-08-04,3.585,2.58,272.12,14.91,0.368,calibration
2006-08-05,3.552,2.547,269.57,15.19,0.43,calibration
2006-08-06,3.552,2.513,267.31,14.15,0.24,calibration
2006-08-07,3.486,2.477,265.12,13.94,0.23,calibration
2006-08-08,3.355,2.443,262.8,14.39,0.313,calibration
2006-08-09,3.322,2.41,260.22,15.28,0.287,calibration
2006-08-10,3.322,2.378,257.36,16.22,0.182,calibration
2006-08-11,3.322,2.347,254.33,16.83,0.025,calibration
2006-08-12,3.388,2.316,251.32,16.74,0.032,calibration
2006-08-13,3.388,2.286,248.36,16.6,0.031,calibration
2006-08-14,3.421,2.254,246.18,13.89,0.352,calibration
2006-08-15,3.388,2.22,244.49,12.19,0.207,calibration
2006-08-16,3.279,2.19,243.56,9.6,2.129,calibration
2006-08-17,3.167,2.155,242.47,10.14,0.401,calibration
2006-08-18,3.055,2.123,240.32,13.8,0.001,calibration
2006-08-19,2.944,2.094,237.83,14.95,0.217,calibration
2006-08-20,2.908,2.067,235.45,14.58,0.769,calibration
2006-08-21,2.868,2.042,233.09,14.54,1.243,calibration
2006-08-22,2.832,2.019,230.71,14.56,1.271,calibration
2006-08-23,2.832,1.998,228.28,14.77,1.204,calibration
2006-08-24,2.832,1.975,225.96,14.38,0.796,calibration
2006-08-25,2.76,1.951,223.91,13.44,0.803,calibration
2006-08-26,2.723,1.926,221.69,14.03,0.202,calibration
2006-08-27,2.723,1.903,219.68,13.33,0.891,calibration
2006-08-28,2.684,1.876,218.13,11.7,0.268,calibration
2006-08-29,2.611,1.85,216.85,10.81,0.754,calibration
2006-08-30,2.5,1.823,215.21,12.04,0.165,calibration
2006-08-31,2.463,1.798,213.64,11.81,0.656,calibration
2006-09-01,2.427,1.77,212.79,9.3,0.583,calibration
2006-09-02,2.316,1.755,213.05,5.95,5.104,calibration
2006-09-03,2.207,1.746,214.17,4.27,6.128,calibration
2006-09-04,2.098,1.722,213.05,10.24,0.599,calibration
2006-09-05,2.062,1.709,211.85,10.52,2.364,calibration
2006-09-06,2.026,1.696,211.45,7.77,3.125,calibration
2006-09-07,1.99,1.671,210.42,9.93,0.043,calibration
2006-09-08,1.954,1.648,208.89,11.68,0.002,calibration
2006-09-09,1.917,1.627,207.25,12.03,0.285,calibration
2006-09-10,1.917,1.618,206.92,7.57,4.25,calibration
2006-09-11,1.845,1.592,206.2,8.83,0.009,calibration
2006-09-12,1.743,1.567,205.35,9.3,0.222,calibration
2006-09-13,1.773,1.554,204.6,9.06,2.783,calibration
2006-09-14,1.881,1.606,207.71,4.86,17.073,calibration
2006-09-15,1.881,1.606,208.82,4.54,6.116,calibration
2006-09-16,1.677,1.583,208.52,7.34,0.54,calibration
2006-09-17,1.602,1.649,207.96,8.65,8.534,calibration
2006-09-18,1.539,1.78,213.21,2.78,15.557,calibration
2006-09-19,1.477,1.661,213.24,1.62,0.095,calibration
2006-09-20,1.365,1.631,213.24,3.25,0.002,calibration
2006-09-21,1.342,1.604,212.97,4.71,0.097,calibration
2006-09-22,1.316,1.581,212.27,6.05,0.066,calibration
2006-09-23,1.293,1.56,211.22,6.82,0.02,calibration
2006-09-24,1.266,1.538,210.5,6.09,0.202,calibration
2006-09-25,1.243,1.512,210.46,5.46,0.337,calibration
2006-09-26,1.22,1.486,210.22,6.88,0.01,calibration
2006-09-27,1.197,1.463,209.76,7.86,0.356,calibration
2006-09-28,1.171,1.479,211.54,5.35,9.781,calibration
2006-09-29,1.197,1.496,214.66,3.5,9.243,calibration
2006-09-30,1.197,1.484,214.97,3.88,2.118,calibration
2006-10-01,1.171,1.467,214.74,5.27,1.11,calibration
2006-10-02,1.125,1.446,214.12,5.85,0.181,calibration
2006-10-03,1.197,1.466,215.08,5.21,7.248,calibration
2006-10-04,1.22,1.459,215.61,3.83,2.951,calibration
2006-10-05,1.171,1.497,219.27,1.77,10.818,calibration
2006-10-06,1.197,1.466,219.27,3.13,0.008,calibration
2006-10-07,1.171,1.444,218.74,5.62,0.002,calibration
2006-10-08,1.125,1.425,217.89,6.36,0.053,calibration
2006-10-09,1.125,1.406,217.21,6.69,0.228,calibration
2006-10-10,1.102,1.394,217.29,5.74,1.796,calibration
2006-10-11,1.079,1.376,217.33,5.75,1.094,calibration
2006-10-12,1.052,1.361,217.63,4.79,1.661,calibration
2006-10-13,1.052,1.609,226.93,2.01,27.561,calibration
2006-10-14,1.342,1.509,228.02,0.44,2.238,calibration
2006-10-15,1.171,1.657,240.71,-0.56,20.601,calibration
2006-10-16,1.365,1.806,247.62,0.64,14.645,calibration
2006-10-17,1.477,2.291,262.07,0.81,30.197,calibration
2006-10-18,1.848,2.277,264.94,0.58,6.305,calibration
2006-10-19,1.559,2.12,264.87,0.35,0.165,calibration
2006-10-20,1.447,2.196,272.66,-0.91,12.64,calibration
2006-10-21,1.559,2.036,272.67,-2.15,0.017,calibration
2006-10-22,1.421,1.885,272.69,-0.95,0.039,calibration
2006-10-23,1.365,1.862,276.7,-0.83,6.509,calibration
2006-10-24,1.342,1.795,279.15,-1.14,3.984,calibration
2006-10-25,1.365,1.731,279.89,-1.91,1.198,calibration
2006-10-26,1.342,1.7,279.89,-1.67,0.009,calibration
2006-10-27,1.316,1.668,279.91,-1.75,0.024,calibration
2006-10-28,1.293,1.867,291.19,-2.05,18.32,calibration
2006-10-29,1.447,2.185,306.3,-1.23,24.535,calibration
2006-10-30,1.704,2.03,306.34,-1.65,0.062,calibration
2006-10-31,1.559,1.93,307.25,-0.29,1.907,calibration
2006-11-01,1.477,1.862,309.6,-0.38,3.815,calibration
2006-11-02,1.477,1.792,309.6,-1.3,0.001,calibration
2006-11-03,1.447,1.778,310.17,0.71,1.64,calibration
2006-11-04,1.391,1.829,313.29,1.21,7.078,calibration
2006-11-05,1.477,1.971,318.66,0.07,11.226,calibration
2006-11-06,1.533,1.847,318.74,-0.77,0.131,calibration
2006-11-07,1.503,1.816,318.68,0.19,0.118,calibration
2006-11-08,1.477,1.812,319.72,1.15,2.79,calibration
2006-11-09,1.559,2.121,333.9,-2,23.026,calibration
2006-11-10,1.559,1.972,333.91,-6.79,0.013,calibration
2006-11-11,1.477,1.867,333.91,-6.11,0.001,calibration
2006-11-12,1.421,1.833,333.92,-5.82,0.004,calibration
2006-11-13,1.391,1.805,335.72,-6.31,1.965,calibration
2006-11-14,1.365,1.772,335.72,-7.26,0.007,calibration
2006-11-15,1.316,1.743,335.83,-5.11,0.319,calibration
2006-11-16,1.316,1.725,338.64,-4.34,3.386,calibration
2006-11-17,1.293,1.719,346.99,-6.66,9.098,calibration
2006-11-18,1.293,1.687,347,-8,0.01,calibration
2006-11-19,1.266,1.685,352.73,-6.23,6.896,calibration
2006-11-20,1.316,1.681,361.32,-6.67,9.354,calibration
2006-11-21,1.243,1.653,369.54,-12.89,7.56,calibration
2006-11-22,1.197,1.622,369.71,-18.16,0.156,calibration
2006-11-23,1.148,1.592,371.83,-17.27,1.905,calibration
2006-11-24,1.171,1.563,371.9,-17.17,0.065,calibration
2006-11-25,1.125,1.534,371.9,-14.33,0.001,calibration
2006-11-26,1.102,1.506,371.91,-15.72,0.008,calibration
2006-11-27,1.102,1.478,371.92,-15.43,0.012,calibration
2006-11-28,1.102,1.453,376.89,-13.3,4.596,calibration
2006-11-29,1.102,1.443,391.8,-11.25,14.397,calibration
2006-11-30,1.102,1.447,406.65,-10.13,15.207,calibration
2006-12-01,1.102,1.425,410.21,-11.78,3.444,calibration
2006-12-02,1.052,1.399,410.65,-13.88,0.409,calibration
2006-12-03,1.052,1.373,410.78,-13.8,0.118,calibration
2006-12-04,1.03,1.35,412.41,-11.52,1.608,calibration
2006-12-05,1.03,1.326,413.81,-12.77,1.286,calibration
2006-12-06,1.03,1.301,413.82,-14.11,0.009,calibration
2006-12-07,1.006,1.277,413.82,-12.28,0.003,calibration
2006-12-08,0.983,1.256,413.68,-10.26,0.002,calibration
2006-12-09,0.983,1.24,413.24,-8.36,0.001,calibration
2006-12-10,0.983,1.218,413.22,-10.31,0.001,calibration
2006-12-11,0.96,1.195,413.22,-11.12,0,calibration
2006-12-12,0.96,1.173,413.22,-10.52,0.003,calibration
2006-12-13,0.934,1.151,413.23,-12.36,0.004,calibration
2006-12-14,0.911,1.13,413.23,-10.83,0.003,calibration
2006-12-15,0.911,1.111,413.34,-9.12,0.211,calibration
2006-12-16,0.911,1.101,418.86,-10.13,5.601,calibration
2006-12-17,0.911,1.081,418.95,-13.24,0.081,calibration
2006-12-18,0.888,1.062,418.92,-9.88,0.002,calibration
2006-12-19,0.888,1.059,417.94,-4.96,0.028,calibration
2006-12-20,0.888,1.059,420.79,-6.41,3.694,calibration
2006-12-21,0.865,1.056,423.02,-6.49,2.997,calibration
2006-12-22,0.865,1.07,430.81,-6.97,8.958,calibration
2006-12-23,0.865,1.093,441.67,-7.02,12.26,calibration
2006-12-24,0.865,1.12,455.77,-7.09,15.505,calibration
2006-12-25,0.865,1.112,462.32,-9.28,6.635,calibration
2006-12-26,0.845,1.092,462.34,-11.99,0.018,calibration
2006-12-27,0.822,1.072,462.35,-10.28,0.017,calibration
2006-12-28,0.822,1.056,464.4,-8.9,2.071,calibration
2006-12-29,0.822,1.067,480.35,-8.49,16.167,calibration
2006-12-30,0.822,1.052,484.78,-11.59,4.251,calibration
2006-12-31,0.802,1.033,485.17,-16.07,0.352,calibration
2007-01-01,0.832,1.014,492.2,-16.34,6.309,calibration
2007-01-02,0.832,0.995,493.22,-20.34,0.915,calibration
2007-01-03,0.789,0.977,493.22,-17.8,0.001,calibration
2007-01-04,0.766,0.959,493.22,-16.76,0.001,calibration
2007-01-05,0.789,0.942,493.17,-13.19,0,calibration
2007-01-06,0.855,0.929,492.94,-10.82,0.002,calibration
2007-01-07,0.855,0.914,492.79,-10.24,0.004,calibration
2007-01-08,0.855,0.898,492.95,-11.53,0.203,calibration
2007-01-09,0.855,0.882,494.39,-12.56,1.32,calibration
2007-01-10,0.832,0.867,496.26,-12.66,1.726,calibration
2007-01-11,0.832,0.852,498.91,-12.74,2.436,calibration
2007-01-12,0.809,0.836,499.1,-13.34,0.177,calibration
2007-01-13,0.809,0.821,499.12,-13.26,0.012,calibration
2007-01-14,0.809,0.806,500.22,-13.77,1.012,calibration
2007-01-15,0.809,0.795,509.49,-13.33,8.532,calibration
2007-01-16,0.809,0.781,511.18,-13.61,1.549,calibration
2007-01-17,0.789,0.766,511.59,-12.98,0.381,calibration
2007-01-18,0.789,0.755,517.91,-12.45,5.815,calibration
2007-01-19,0.789,0.741,519.2,-16.1,1.154,calibration
2007-01-20,0.743,0.728,519.17,-13.02,0,calibration
2007-01-21,0.743,0.716,519.07,-10.84,0,calibration
2007-01-22,0.766,0.704,519.01,-11.25,0.006,calibration
2007-01-23,0.743,0.698,520.16,-9.46,1.431,calibration
2007-01-24,0.766,0.686,520.39,-11.24,0.282,calibration
2007-01-25,0.743,0.681,519.97,-8.47,0.002,calibration
2007-01-26,0.743,0.686,518.88,-6.05,0,calibration
2007-01-27,0.743,0.689,517.99,-5.33,0.002,calibration
2007-01-28,0.743,0.69,517.16,-5.45,0.001,calibration
2007-01-29,0.743,0.692,516.25,-5.24,0,calibration
2007-01-30,0.743,0.694,515.41,-4.33,0.001,calibration
2007-01-31,0.743,0.696,514.52,-3.83,0.001,calibration
2007-02-01,0.743,0.719,516.54,-4.05,3.861,calibration
2007-02-02,0.766,0.735,524.31,-6.37,8.692,calibration
2007-02-03,0.789,0.724,524.15,-6.61,0.022,calibration
2007-02-04,0.766,0.718,525.68,-7.29,1.783,calibration
2007-02-05,0.766,0.716,528.92,-7.92,3.576,calibration
2007-02-06,0.766,0.747,541.52,-7.04,13.871,calibration
2007-02-07,0.789,0.734,541.59,-7.79,0.136,calibration
2007-02-08,0.789,0.726,541.94,-6.37,0.607,calibration
2007-02-09,0.789,0.725,542.79,-5.64,1.465,calibration
2007-02-10,0.789,0.716,543.19,-6.9,0.598,calibration
2007-02-11,0.789,0.707,543.18,-6.42,0.212,calibration
2007-02-12,0.766,0.705,545.39,-6.52,2.617,calibration
2007-02-13,0.743,0.692,545.41,-8.84,0.019,calibration
2007-02-14,0.743,0.679,545.41,-9.52,0.003,calibration
2007-02-15,0.766,0.666,545.43,-9.69,0.014,calibration
2007-02-16,0.766,0.654,545.47,-10.08,0.041,calibration
2007-02-17,0.766,0.654,551.35,-9.5,5.961,calibration
2007-02-18,0.766,0.659,560.02,-8.53,8.786,calibration
2007-02-19,0.766,0.649,567.35,-12.79,6.737,calibration
2007-02-20,0.724,0.639,567.26,-10.92,0.002,calibration
2007-02-21,0.743,0.639,569.95,-8.56,3.095,calibration
2007-02-22,0.743,0.636,578.74,-10.26,8.433,calibration
2007-02-23,0.789,0.699,597.03,-7.58,20.275,calibration
2007-02-24,0.789,0.823,611.39,-5.99,18.031,calibration
2007-02-25,0.832,1.107,638.26,-5.66,32.819,calibration
2007-02-26,0.789,0.98,643.72,-13.45,5.029,calibration
2007-02-27,0.724,0.862,643.75,-18.79,0.019,calibration
2007-02-28,0.724,0.846,643.75,-16.32,0.002,calibration
2007-03-01,0.766,0.831,643.85,-13.91,0.093,calibration
2007-03-02,0.789,0.815,643.85,-13.41,0.002,calibration
2007-03-03,0.809,0.8,643.85,-12.24,0.001,calibration
2007-03-04,0.766,0.786,643.85,-12.29,0.003,calibration
2007-03-05,0.743,0.771,643.84,-11.94,0.002,calibration
2007-03-06,0.743,0.759,643.86,-11.12,0.092,calibration
2007-03-07,0.743,0.747,643.73,-10.43,0.003,calibration
2007-03-08,0.743,0.758,649.3,-7.46,6.439,calibration
2007-03-09,0.724,0.785,656.14,-6.17,8.57,calibration
2007-03-10,0.743,0.771,656.22,-8.62,0.076,calibration
2007-03-11,0.724,0.757,656.23,-9.73,0.012,calibration
2007-03-12,0.724,0.743,656.24,-10.42,0.006,calibration
2007-03-13,0.704,0.729,656.24,-10.39,0.006,calibration
2007-03-14,0.743,0.716,656.25,-10.41,0.002,calibration
2007-03-15,0.704,0.703,656.25,-8.94,0.008,calibration
2007-03-16,0.743,0.701,657.56,-6.21,1.845,calibration
2007-03-17,0.789,1.097,678.53,-3.61,30.015,calibration
2007-03-18,1.069,1.01,677.94,-3.92,0.373,calibration
2007-03-19,1.02,0.988,678.9,-2.95,3.023,calibration
2007-03-20,0.97,0.896,678.42,-4.51,0.202,calibration
2007-03-21,1.043,0.88,678.17,-5.29,0.257,calibration
2007-03-22,1.02,0.874,677.59,-4.72,0.016,calibration
2007-03-23,0.997,0.872,676.74,-3.93,0.011,calibration
2007-03-24,1.069,0.894,679.19,-4.23,4.359,calibration
2007-03-25,1.171,1.252,710.92,-4.66,38.845,calibration
2007-03-26,1.562,2.079,736.53,-2.1,43.583,calibration
2007-03-27,2.213,2.11,743.08,-2.43,10.088,calibration
2007-03-28,2.427,2.528,766.91,-2.45,33.684,calibration
2007-03-29,2.575,2.447,768.1,-2.31,3.331,calibration
2007-03-30,2.355,2.488,771.54,-1.36,7.737,calibration
2007-03-31,2.075,2.49,773.81,-1.3,5.889,calibration
2007-04-01,2.006,2.498,781.6,-4.22,11.036,calibration
2007-04-02,1.842,2.354,784.06,-5.33,3.112,calibration
2007-04-03,1.746,2.218,784.85,-3.93,1.599,calibration
2007-04-04,1.684,2.227,787.34,-1.7,5.924,calibration
2007-04-05,1.684,2.139,786.75,-1.48,1.103,calibration
2007-04-06,1.746,2.193,795.73,-4.14,12.702,calibration
2007-04-07,1.684,2.065,794.99,-2.54,0.073,calibration
2007-04-08,1.746,2.308,803.92,-1.55,16.493,calibration
2007-04-09,2.006,2.38,804.21,0.24,5.175,calibration
2007-04-10,2.144,2.664,803.58,2.07,8.747,calibration
2007-04-11,2.5,2.703,799.06,3.15,0.204,calibration
2007-04-12,3.046,2.852,792.02,5.32,0.001,calibration
2007-04-13,3.421,3.068,783.54,6.41,0.096,calibration
2007-04-14,4.078,3.508,779.45,4.23,9.139,calibration
2007-04-15,4.769,3.578,773.38,4.5,0.031,calibration
2007-04-16,4.374,3.823,767.5,4.92,3.827,calibration
2007-04-17,4.572,3.927,766.22,1.61,5.59,calibration
2007-04-18,4.374,3.79,764.04,0.99,0.005,calibration
2007-04-19,4.078,3.719,760.62,3.28,0,calibration
2007-04-20,4.045,3.756,755.02,5.44,0.001,calibration
2007-04-21,3.914,3.899,750.53,4.96,3.299,calibration
2007-04-22,3.98,3.859,748.88,2.08,2.389,calibration
2007-04-23,3.98,3.747,747.57,1.26,1.215,calibration
2007-04-24,3.914,3.627,745.31,1.82,0.028,calibration
2007-04-25,3.815,3.608,741.03,4.19,0,calibration
2007-04-26,3.914,3.714,734.11,6.54,0.002,calibration
2007-04-27,3.98,3.731,732.03,2.84,2.942,calibration
2007-04-28,3.98,3.689,728.34,3.64,0.175,calibration
2007-04-29,4.078,4.136,725.83,4.49,11.46,calibration
2007-04-30,4.276,4.158,723.95,2.85,3.574,calibration
2007-05-01,4.374,4.556,717.42,6.59,6.83,calibration
2007-05-02,4.802,4.858,714.23,4.6,8.407,calibration
2007-05-03,4.966,4.976,706.76,7.03,0.699,calibration
2007-05-04,4.966,5.223,700.94,5.91,5.087,calibration
2007-05-05,4.868,5.303,694.56,6.67,1.333,calibration
2007-05-06,5.065,5.553,694.08,3.62,10.704,calibration
2007-05-07,4.868,5.642,696.07,1.93,9.862,calibration
2007-05-08,4.769,5.332,696.04,-2.01,0.045,calibration
2007-05-09,4.506,5.161,693.33,3.94,0.001,calibration
2007-05-10,4.374,5.248,685.31,9.1,0.06,calibration
2007-05-11,4.374,5.368,677,9.35,0.605,calibration
2007-05-12,4.374,5.591,671.7,7.03,6.007,calibration
2007-05-13,4.473,5.622,664.85,8.08,0.454,calibration
2007-05-14,4.572,5.761,655.04,10.63,0.015,calibration
2007-05-15,4.703,6.092,643.5,12.11,2.788,calibration
2007-05-16,5.164,6.538,640.12,5.71,13.765,calibration
2007-05-17,5.263,6.631,646.68,1.06,15.38,calibration
2007-05-18,4.966,6.377,646.03,1.63,1.509,calibration
2007-05-19,4.67,6.17,647.5,0.24,4.269,calibration
2007-05-20,4.374,5.955,648.21,0.81,3.165,calibration
2007-05-21,4.177,5.787,646.98,2.92,2.174,calibration
2007-05-22,4.078,5.709,641.9,6.48,0.331,calibration
2007-05-23,4.078,5.748,635.16,7.99,1.386,calibration
2007-05-24,4.177,5.812,629.54,7.16,3.224,calibration
2007-05-25,4.276,5.78,624.62,8.08,1.739,calibration
2007-05-26,4.473,5.853,619.59,8.24,4.247,calibration
2007-05-27,4.572,5.845,614.12,8.66,1.962,calibration
2007-05-28,4.572,5.806,607.97,9.36,0.685,calibration
2007-05-29,4.868,5.829,600.71,10.48,1.364,calibration
2007-05-30,5.164,5.975,592.54,11.41,3.985,calibration
2007-05-31,5.493,6.075,585.51,10.25,4.15,calibration
2007-06-01,5.493,6.157,578.59,10.13,3.893,calibration
2007-06-02,5.493,6.179,570.91,10.91,1.901,calibration
2007-06-03,5.69,6.237,564.44,9.68,4.617,calibration
2007-06-04,5.756,6.512,561.48,6.97,14.342,calibration
2007-06-05,6.249,6.517,558.2,6.69,5.844,calibration
2007-06-06,5.953,6.438,552.79,8.61,1.725,calibration
2007-06-07,5.92,6.535,550.08,6.35,10.053,calibration
2007-06-08,5.69,6.392,546.73,6.52,2.416,calibration
2007-06-09,5.591,6.298,539.21,10.75,0.006,calibration
2007-06-10,5.493,6.419,531.31,11.14,7.352,calibration
2007-06-11,5.756,6.664,525.23,9.45,12.61,calibration
2007-06-12,5.789,6.658,519.36,9.11,4.081,calibration
2007-06-13,6.151,6.588,512.75,9.82,1.728,calibration
2007-06-14,6.151,6.477,507.09,8.86,1.874,calibration
2007-06-15,6.151,6.366,502.07,8.21,2.835,calibration
2007-06-16,6.019,6.213,498.15,8.78,2.516,calibration
2007-06-17,5.92,6.082,494.27,9.06,3.402,calibration
2007-06-18,5.69,5.919,489.35,10.35,1.052,calibration
2007-06-19,5.526,5.787,482.24,13.17,0.123,calibration
2007-06-20,6.151,5.698,473.92,14.74,0.637,calibration
2007-06-21,6.315,5.625,464.65,15.95,0.162,calibration
2007-06-22,6.578,5.586,454.74,16.78,0.626,calibration
2007-06-23,6.71,5.551,444.88,16.71,0.608,calibration
2007-06-24,7.4,5.531,436.91,14.28,3.026,calibration
2007-06-25,7.631,5.686,429.98,12.94,10.435,calibration
2007-06-26,7.4,5.646,421.95,14.36,0.486,calibration
2007-06-27,7.335,5.594,413.61,14.74,0.372,calibration
2007-06-28,7.203,5.522,408.96,10.01,3.712,calibration
2007-06-29,6.447,5.374,404.47,9.8,0.775,calibration
2007-06-30,6.183,5.26,398.29,11.97,0.63,calibration
2007-07-01,6.118,5.159,391.47,12.8,0.597,calibration
2007-07-02,5.986,5.065,384.91,12.46,1.072,calibration
2007-07-03,5.986,4.958,378.41,12.39,0.444,calibration
2007-07-04,5.92,4.817,373.51,13.34,0.498,calibration
2007-07-05,5.887,4.82,370.34,10.97,9.161,calibration
2007-07-06,5.394,4.807,367.2,10.9,6.415,calibration
2007-07-07,5.263,4.928,364.78,9.58,11.928,calibration
2007-07-08,4.934,4.952,361.79,10.64,6.66,calibration
2007-07-09,4.934,4.834,357.49,13.05,0.486,calibration
2007-07-10,4.966,4.747,352.37,14.6,0.943,calibration
2007-07-11,5.164,4.909,348.53,12.21,12.288,calibration
2007-07-12,5.263,4.781,344.83,11.95,0.624,calibration
2007-07-13,5.263,4.653,340.88,12.41,0.704,calibration
2007-07-14,5.032,4.567,338.23,10,4.035,calibration
2007-07-15,4.802,4.726,336.19,9.23,15.011,calibration
2007-07-16,4.572,4.814,334.1,9.17,9.61,calibration
2007-07-17,4.276,4.715,330.49,11.79,1.38,calibration
2007-07-18,4.309,4.623,324.99,15.28,0.016,calibration
2007-07-19,4.572,4.561,318.18,17.73,0.179,calibration
2007-07-20,4.868,4.619,313.17,14.37,7.296,calibration
2007-07-21,5.032,4.713,309.42,12.04,8.888,calibration
2007-07-22,4.703,4.628,305.11,13.08,1.221,calibration
2007-07-23,4.703,4.638,301.25,12.25,5.556,calibration
2007-07-24,4.473,4.693,297.44,12.16,7.188,calibration
2007-07-25,4.276,4.633,295.18,11.71,4.42,calibration
2007-07-26,4.276,4.651,294.55,8.92,9.283,calibration
2007-07-27,3.947,4.574,294.62,7.32,6.013,calibration
2007-07-28,3.749,4.373,293.27,11.01,0.007,calibration
2007-07-29,3.749,4.195,291.21,13.49,0.016,calibration
2007-07-30,3.749,4.03,288.79,14.72,0.169,calibration
2007-07-31,3.815,3.905,286.74,13.46,2.628,calibration
2007-08-01,3.815,3.782,285,12.38,2.784,calibration
2007-08-02,3.749,3.762,284.05,9.66,9.247,calibration
2007-08-03,3.651,3.754,283.49,8.63,8.276,calibration
2007-08-04,3.454,3.622,282.24,10.72,1.394,calibration
2007-08-05,3.322,3.505,280.5,12.36,1.613,calibration
2007-08-06,3.355,3.462,278.81,12.22,5.245,calibration
2007-08-07,3.322,3.417,277.23,11.83,4.759,calibration
2007-08-08,3.322,3.358,275.38,12.76,3.61,calibration
2007-08-09,3.322,3.243,273.01,14.56,0.383,calibration
2007-08-10,3.322,3.147,270.57,14.78,1.331,calibration
2007-08-11,3.355,3.143,269.24,10.99,7.401,calibration
2007-08-12,3.279,3.038,268.01,10.62,0.354,calibration
2007-08-13,3.098,2.999,266.42,11.86,0.988,calibration
2007-08-14,3.098,2.96,264.99,11.33,1.193,calibration
2007-08-15,3.01,2.916,263.86,10.27,0.627,calibration
2007-08-16,2.924,2.869,262.64,10.59,0.139,calibration
2007-08-17,2.838,2.823,261.33,10.87,0.224,calibration
2007-08-18,2.756,2.78,259.71,11.98,0.259,calibration
2007-08-19,2.713,2.736,257.97,12.38,0.21,calibration
2007-08-20,2.674,2.693,256.43,11.67,0.266,calibration
2007-08-21,2.592,2.651,254.56,12.84,0.007,calibration
2007-08-22,2.592,2.613,252.63,13.06,1.146,calibration
2007-08-23,2.592,2.59,250.85,12.5,4.609,calibration
2007-08-24,2.552,2.576,249.17,12.19,5.285,calibration
2007-08-25,2.513,2.546,247.47,12.24,1.216,calibration
2007-08-26,2.434,2.51,245.77,12.24,0.199,calibration
2007-08-27,2.434,2.477,244.01,12.45,0.627,calibration
2007-08-28,2.434,2.443,242.16,12.76,0.515,calibration
2007-08-29,2.394,2.409,240.07,13.57,0.229,calibration
2007-08-30,2.394,2.381,238.11,13.14,1.566,calibration
2007-08-31,2.355,2.351,236.04,13.54,0.721,calibration
2007-09-01,2.355,2.328,234.03,13.29,2.286,calibration
2007-09-02,2.279,2.304,232.26,12.48,1.814,calibration
2007-09-03,2.207,2.272,230.39,12.86,0.117,calibration
2007-09-04,2.171,2.248,229.08,10.9,2.285,calibration
2007-09-05,2.171,2.215,227.81,10.77,0.426,calibration
2007-09-06,2.135,2.181,226.38,11.59,0.057,calibration
2007-09-07,2.135,2.149,226.09,10.74,1.391,calibration
2007-09-08,2.062,2.112,225.86,10.04,0.294,calibration
2007-09-09,2.026,2.075,225.43,12,0,calibration
2007-09-10,1.99,2.039,224.8,13.87,0.016,calibration
2007-09-11,1.99,2.003,224.12,14.36,0.017,calibration
2007-09-12,1.99,1.968,223.56,13.2,0,calibration
2007-09-13,1.99,1.933,223.19,11.42,0.003,calibration
2007-09-14,1.921,1.898,222.85,11.1,0.003,calibration
2007-09-15,1.855,1.864,222.27,13.41,0,calibration
2007-09-16,1.822,1.831,221.87,11.71,0.001,calibration
2007-09-17,1.822,1.798,221.47,11.74,0.008,calibration
2007-09-18,1.789,1.765,221.1,11.33,0.003,calibration
2007-09-19,1.756,1.733,220.95,9.33,0.216,calibration
2007-09-20,1.691,1.702,220.97,5.86,0.222,calibration
2007-09-21,1.661,1.67,220.97,4.93,0.036,calibration
2007-09-22,1.599,1.64,221.25,2.44,0.826,calibration
2007-09-23,1.536,1.61,221.17,3.9,0.007,calibration
2007-09-24,1.477,1.581,221.13,5.39,0.004,calibration
2007-09-25,1.477,1.552,221.14,5.35,0.063,calibration
2007-09-26,1.418,1.523,221.25,3.49,0.347,calibration
2007-09-27,1.362,1.496,222.49,0.68,2.547,calibration
2007-09-28,1.362,1.47,224.08,-0.42,2.576,calibration
2007-09-29,1.306,1.444,225.03,-0.52,1.549,calibration
2007-09-30,1.306,1.419,224.57,1.73,0,calibration
2007-10-01,1.306,1.396,226.06,0.16,3.264,calibration
2007-10-02,1.25,1.381,232.43,-2.16,10.359,calibration
2007-10-03,1.25,1.357,235,-6.48,2.794,calibration
2007-10-04,1.197,1.333,234.75,-4.24,0,calibration
2007-10-05,1.197,1.309,234.62,-3.47,0.003,calibration
2007-10-06,1.171,1.285,234.73,-3.62,0.308,calibration
2007-10-07,1.145,1.262,234.91,-3.84,0.28,calibration
2007-10-08,1.118,1.239,234.98,-2.85,0.101,calibration
2007-10-09,1.118,1.217,234.85,-1.62,0,calibration
2007-10-10,1.118,1.195,234.59,-0.32,0.035,calibration
2007-10-11,1.092,1.173,234.74,-0.5,0.243,calibration
2007-10-12,1.069,1.152,234.74,-0.48,0.001,calibration
2007-10-13,1.069,1.133,234.06,2.21,0.003,calibration
2007-10-14,1.069,1.117,232.42,4.08,0.002,calibration
2007-10-15,1.02,1.101,230.89,5,0.001,calibration
2007-10-16,1.02,1.085,229.74,4.97,0.002,calibration
2007-10-17,0.993,1.069,228.66,4.83,0.002,calibration
2007-10-18,0.993,1.052,227.81,5.24,0.001,calibration
2007-10-19,0.97,1.04,230.45,-0.73,4.285,calibration
2007-10-20,1.003,1.02,230.47,-3.54,0.02,calibration
2007-10-21,0.99,1.002,230.46,-1.11,0,calibration
2007-10-22,0.954,0.986,229.87,2.01,0.003,calibration
2007-10-23,0.964,0.968,229.81,0.8,0,calibration
2007-10-24,0.951,0.951,230.09,-0.82,0.452,calibration
2007-10-25,0.937,0.934,230.45,-2.49,0.502,calibration
2007-10-26,0.947,0.916,230.5,-3.22,0.062,calibration
2007-10-27,0.934,0.899,230.5,-3.22,0.006,calibration
2007-10-28,0.944,0.883,230.44,-1.55,0,calibration
2007-10-29,0.954,0.867,230.44,-1.45,0.002,calibration
2007-10-30,0.941,0.851,230.36,0.04,0.001,calibration
2007-10-31,0.927,0.836,230.29,1.68,0,calibration
2007-11-01,0.927,0.821,230.01,2.78,0.002,calibration
2007-11-02,0.918,0.807,229.65,3.11,0.001,calibration
2007-11-03,0.911,0.792,229.61,2.52,0.001,calibration
2007-11-04,0.927,0.778,229.58,3.72,0.042,calibration
2007-11-05,0.921,0.763,229.59,1.44,0.014,calibration
2007-11-06,0.914,0.749,229.59,2.69,0.001,calibration
2007-11-07,0.931,0.735,229.59,2.42,0,calibration
2007-11-08,0.947,0.731,233.1,0.79,7.219,calibration
2007-11-09,1.052,0.728,242.84,-4.33,11.7,calibration
2007-11-10,0.977,0.718,244.5,-4.16,2.302,calibration
2007-11-11,0.99,0.714,248.57,-3.69,5.694,calibration
2007-11-12,0.983,0.702,248.75,-4.56,0.22,calibration
2007-11-13,1,0.701,253.2,-3.19,6.326,calibration
2007-11-14,1.013,0.688,253.29,-8.6,0.089,calibration
2007-11-15,1.006,0.675,253.29,-8.51,0,calibration
2007-11-16,1.006,0.662,253.29,-8.31,0.003,calibration
2007-11-17,1.006,0.65,253.29,-8.08,0.001,calibration
2007-11-18,0.987,0.638,253.29,-7.85,0.001,calibration
2007-11-19,0.987,0.629,254.7,-5.29,1.71,calibration
2007-11-20,1.059,0.628,261.34,-5.26,7.974,calibration
2007-11-21,1.013,0.634,270.79,-6.18,11.355,calibration
2007-11-22,1.013,0.812,304.09,-2.69,45.856,calibration
2007-11-23,1.161,0.803,312.44,-4.16,11.451,calibration
2007-11-24,1.062,0.742,312.45,-7.07,0.009,calibration
2007-11-25,1.016,0.748,318.36,-6.04,7.095,calibration
2007-11-26,0.974,0.775,326.04,-4.3,10.499,calibration
2007-11-27,0.974,0.792,334.69,-4.33,10.392,calibration
2007-11-28,0.974,0.783,337.48,-6.95,3.043,calibration
2007-11-29,0.954,0.769,337.49,-8.59,0.005,calibration
2007-11-30,0.974,0.766,342.08,-8.15,5.007,calibration
2007-12-01,0.954,0.754,344.75,-10.49,2.563,calibration
2007-12-02,0.941,0.74,344.75,-10.49,0.002,calibration
2007-12-03,0.941,0.732,345.37,-6.88,0.994,calibration
2007-12-04,0.967,0.731,348.14,-5.4,3.501,calibration
2007-12-05,0.941,0.735,355.22,-7.16,7.718,calibration
2007-12-06,0.941,0.725,356.8,-8.09,1.713,calibration
2007-12-07,0.927,0.712,357.25,-10.15,0.464,calibration
2007-12-08,0.918,0.699,357.38,-11.17,0.124,calibration
2007-12-09,0.904,0.715,376.95,-9.93,19.841,calibration
2007-12-10,0.941,0.716,385.9,-9.59,9.067,calibration
2007-12-11,0.927,0.703,386.41,-12.06,0.493,calibration
2007-12-12,0.904,0.69,386.43,-13.99,0.014,calibration
2007-12-13,0.891,0.677,386.57,-19.55,0.126,calibration
2007-12-14,0.904,0.664,386.64,-18.76,0.061,calibration
2007-12-15,0.891,0.652,386.65,-15.54,0.012,calibration
2007-12-16,0.891,0.643,396.04,-12.51,8.639,calibration
2007-12-17,0.904,0.636,401.74,-11.61,5.516,calibration
2007-12-18,0.904,0.627,404.01,-11.28,2.243,calibration
2007-12-19,0.904,0.627,409.57,-10.11,5.792,calibration
2007-12-20,0.891,0.626,422.09,-11.88,12.036,calibration
2007-12-21,0.891,0.618,433.25,-12.92,10.263,calibration
2007-12-22,0.855,0.613,441.05,-11.96,7.508,calibration
2007-12-23,0.855,0.603,445.09,-12.84,3.714,calibration
2007-12-24,0.878,0.592,458.72,-15.29,12.266,calibration
2007-12-25,0.855,0.581,459.33,-17.37,0.549,calibration
2007-12-26,0.842,0.571,459.4,-23.08,0.061,calibration
2007-12-27,0.865,0.56,459.4,-19.99,0.002,calibration
2007-12-28,0.842,0.55,459.41,-19.82,0.003,calibration
2007-12-29,0.842,0.54,459.41,-21.09,0.003,calibration
2007-12-30,0.865,0.53,459.41,-18.92,0.001,calibration
2007-12-31,0.904,0.52,459.41,-16.92,0,calibration
2008-01-01,0.918,0.51,459.41,-16.22,0.001,calibration
2008-01-02,0.849,0.501,464.04,-16.34,4.146,calibration
2008-01-03,0.855,0.495,474.34,-13.88,9.497,calibration
2008-01-04,0.898,0.49,486.73,-13.52,11.423,calibration
2008-01-05,0.875,0.483,492.25,-13.12,5.113,calibration
2008-01-06,0.875,0.477,493.22,-11.51,1.076,calibration
2008-01-07,0.855,0.49,496.51,-7.89,4.445,calibration
2008-01-08,0.855,0.483,503.08,-13.29,6.04,calibration
2008-01-09,0.849,0.474,503.44,-14.4,0.322,calibration
2008-01-10,0.849,0.465,504.44,-14.71,0.902,calibration
2008-01-11,0.849,0.457,504.68,-17.29,0.214,calibration
2008-01-12,0.839,0.448,508.14,-16.2,3.104,calibration
2008-01-13,0.822,0.44,512.25,-17.54,3.687,calibration
2008-01-14,0.835,0.432,512.27,-20.87,0.02,calibration
2008-01-15,0.835,0.424,512.46,-18.55,0.169,calibration
2008-01-16,0.835,0.416,515.67,-15.99,2.889,calibration
2008-01-17,0.849,0.408,516.76,-18.86,0.981,calibration
2008-01-18,0.849,0.401,517.48,-20.12,0.64,calibration
2008-01-19,0.839,0.393,518.21,-19.92,0.657,calibration
2008-01-20,0.835,0.386,518.48,-21.37,0.237,calibration
2008-01-21,0.832,0.379,518.49,-22.36,0.013,calibration
2008-01-22,0.832,0.372,518.97,-21.33,0.427,calibration
2008-01-23,0.835,0.365,519.39,-21.02,0.379,calibration
2008-01-24,0.832,0.358,519.39,-20.8,0,calibration
2008-01-25,0.832,0.352,519.39,-20.99,0.002,calibration
2008-01-26,0.832,0.345,519.39,-20.92,0.001,calibration
2008-01-27,0.832,0.339,519.4,-16.72,0.003,calibration
2008-01-28,0.835,0.333,520.04,-14.29,0.593,calibration
2008-01-29,0.835,0.327,522.91,-14.36,2.586,calibration
2008-01-30,0.839,0.321,522.91,-13.9,0.026,calibration
2008-01-31,0.835,0.321,522.47,-9.48,0,calibration
2008-02-01,0.839,0.321,522.08,-9.65,0.012,calibration
2008-02-02,0.832,0.317,521.9,-10.6,0.002,calibration
2008-02-03,0.835,0.311,522.01,-13.45,0.102,calibration
2008-02-04,0.832,0.306,522.05,-15.3,0.037,calibration
2008-02-05,0.832,0.3,522.17,-16.38,0.103,calibration
2008-02-06,0.832,0.295,522.2,-16.84,0.026,calibration
2008-02-07,0.832,0.289,522.2,-16.35,0.001,calibration
2008-02-08,0.829,0.284,522.65,-15.55,0.411,calibration
2008-02-09,0.832,0.279,524.73,-20.25,1.866,calibration
2008-02-10,0.826,0.274,524.77,-22.52,0.036,calibration
2008-02-11,0.826,0.269,524.77,-19.96,0,calibration
2008-02-12,0.822,0.264,524.9,-16.82,0.114,calibration
2008-02-13,0.822,0.265,545.08,-13.03,18.605,calibration
2008-02-14,0.826,0.272,557.55,-11.86,12.011,calibration
2008-02-15,0.829,0.275,566.2,-10.89,8.388,calibration
2008-02-16,0.829,0.275,566.09,-8.91,0.251,calibration
2008-02-17,0.829,0.277,568.05,-9.41,2.263,calibration
2008-02-18,0.839,0.274,568.12,-10.51,0.18,calibration
2008-02-19,0.839,0.289,570.93,-6.94,3.948,calibration
2008-02-20,0.835,0.518,596.19,-5.98,31.671,calibration
2008-02-21,0.842,0.43,607.08,-11.71,10.489,calibration
2008-02-22,0.832,0.401,609.58,-16.83,2.238,calibration
2008-02-23,0.832,0.394,612.08,-15.4,2.255,calibration
2008-02-24,0.829,0.387,612.07,-14.02,0.001,calibration
2008-02-25,0.832,0.38,612.65,-12.88,0.578,calibration
2008-02-26,0.835,0.379,617.27,-11.65,4.524,calibration
2008-02-27,0.832,0.425,630.68,-6.53,15.615,calibration
2008-02-28,0.839,0.45,636.29,-6.33,7.176,calibration
2008-02-29,0.842,0.46,635.47,-5.84,0.416,calibration
2008-03-01,0.839,0.483,636.17,-5.23,2.554,calibration
2008-03-02,0.835,0.5,637.13,-5.92,2.515,calibration
2008-03-03,0.839,0.511,636.8,-5.67,0.885,calibration
2008-03-04,0.842,0.514,637.07,-6.18,1.042,calibration
2008-03-05,0.849,0.623,643.47,-3.55,10.92,calibration
2008-03-06,0.875,0.591,642.52,-4.9,0.093,calibration
2008-03-07,0.898,0.6,641.26,-4.22,0.01,calibration
2008-03-08,0.918,0.608,640.03,-4.29,0.001,calibration
2008-03-09,0.918,0.605,639.67,-6.43,0.189,calibration
2008-03-10,0.941,0.602,639.19,-6.64,0.014,calibration
2008-03-11,0.96,0.622,637.24,-2.72,0.081,calibration
2008-03-12,0.96,0.749,643.15,-2.81,10.758,calibration
2008-03-13,1.036,0.8,643.19,-2.25,3.739,calibration
2008-03-14,1.085,0.875,642.52,-1.38,3.53,calibration
2008-03-15,1.214,1.085,645.47,-0.68,9.851,calibration
2008-03-16,1.572,1.202,653.05,-2.76,12.184,calibration
2008-03-17,1.572,1.254,664.95,-5.49,14.786,calibration
2008-03-18,1.418,1.125,666.25,-8.62,1.318,calibration
2008-03-19,1.266,1.01,665.98,-6.03,0.002,calibration
2008-03-20,1.266,0.993,664.78,-3.08,0.001,calibration
2008-03-21,1.289,1.006,664.18,-2.38,1.212,calibration
2008-03-22,1.368,1.025,663.1,-1.92,1.087,calibration
2008-03-23,1.418,1.062,662.97,-1.5,3.036,calibration
2008-03-24,1.47,1.081,660.91,-1.09,0.299,calibration
2008-03-25,1.546,1.114,658.15,-0.04,0.364,calibration
2008-03-26,1.625,1.179,655.58,0.41,1.498,calibration
2008-03-27,1.674,1.272,654.37,-0.15,3.372,calibration
2008-03-28,1.7,1.381,657.3,-0.5,7.615,calibration
2008-03-29,1.7,1.341,656.96,-1.44,1.54,calibration
2008-03-30,1.753,1.283,656.11,-2.33,0.012,calibration
2008-03-31,1.802,1.278,655.07,-1.88,0.037,calibration
2008-04-01,1.802,1.284,654.73,-1.71,1.32,calibration
2008-04-02,1.855,1.276,653.79,-2.17,0.002,calibration
2008-04-03,1.908,1.295,651.25,0.71,0,calibration
2008-04-04,1.964,1.413,651.2,0.65,5.045,calibration
2008-04-05,1.937,1.375,651.39,-1.88,2.047,calibration
2008-04-06,1.881,1.495,656.42,-2.02,9.809,calibration
2008-04-07,1.855,1.573,664.29,-3.22,11.563,calibration
2008-04-08,1.802,1.474,664.58,-3.74,0.985,calibration
2008-04-09,1.779,1.452,664.08,-3.34,0.079,calibration
2008-04-10,1.753,1.449,662.7,-1.18,0.046,calibration
2008-04-11,1.779,1.469,663.29,-1.31,3.149,calibration
2008-04-12,1.779,1.473,661.79,-0.57,0.328,calibration
2008-04-13,1.802,1.609,665.85,-0.7,9.261,calibration
2008-04-14,1.908,1.614,667.3,-1.71,4.221,calibration
2008-04-15,1.855,1.562,666.94,-1.94,1.124,calibration
2008-04-16,1.855,2.032,683.11,-2.23,27.514,calibration
2008-04-17,1.908,1.911,685.4,-5.05,2.753,calibration
2008-04-18,1.908,1.765,685.4,-4.98,0.001,calibration
2008-04-19,1.881,1.671,684.82,-1.57,0.001,calibration
2008-04-20,1.881,1.682,682.39,2.05,0.031,calibration
2008-04-21,1.908,1.738,678.24,4.05,0.003,calibration
2008-04-22,2.059,1.952,677.32,2.89,6.491,calibration
2008-04-23,2.375,1.887,676.57,0,0.923,calibration
2008-04-24,2.266,1.857,677.98,-0.97,3.592,calibration
2008-04-25,2.128,1.845,675.22,2.46,0.001,calibration
2008-04-26,2.197,1.929,670.4,4.7,0.004,calibration
2008-04-27,2.519,2.039,665.47,4.89,0.514,calibration
2008-04-28,2.776,2.107,660.89,4.47,0.051,calibration
2008-04-29,2.852,2.255,655.08,5.67,0.582,calibration
2008-04-30,3.115,2.586,652.68,3.75,7.938,calibration
2008-05-01,3.036,2.556,649.74,2.69,0.023,calibration
2008-05-02,3.072,2.659,644.23,5.41,0.305,calibration
2008-05-03,3.036,3.016,637.98,6.28,5.141,calibration
2008-05-04,3.454,3.164,640.52,1.43,9.318,calibration
2008-05-05,3.204,3.105,640.31,0.46,2.571,calibration
2008-05-06,2.96,3.054,637.74,2.4,0.451,calibration
2008-05-07,3.141,3.163,631.29,6.15,0.001,calibration
2008-05-08,3.322,3.312,623.81,7.97,0.014,calibration
2008-05-09,3.519,3.546,619.75,5.84,5.424,calibration
2008-05-10,3.684,3.535,615.59,5.6,0.221,calibration
2008-05-11,4.013,3.656,609.09,7.78,0.78,calibration
2008-05-12,4.309,3.714,604.29,6.27,1.264,calibration
2008-05-13,4.473,3.767,600.28,5.56,2.05,calibration
2008-05-14,4.736,3.729,596.24,5.48,0.036,calibration
2008-05-15,4.901,3.818,591.13,6.6,1.922,calibration
2008-05-16,5.197,3.882,589.12,4.09,4.536,calibration
2008-05-17,4.835,3.901,583.49,6.97,0.001,calibration
2008-05-18,4.605,4.006,576.05,8.59,0.336,calibration
2008-05-19,4.736,4.1,568.66,8.55,0.304,calibration
2008-05-20,4.966,4.24,560.36,9.34,0.686,calibration
2008-05-21,5.065,4.763,553.18,8.49,11.302,calibration
2008-05-22,5.197,5.162,548.97,6.33,11.163,calibration
2008-05-23,4.901,5.413,546.65,5.51,9.723,calibration
2008-05-24,4.539,5.602,544.06,5.52,8.26,calibration
2008-05-25,4.144,5.656,538.74,6.85,2.813,calibration
2008-05-26,4.243,5.852,534.05,6.51,6.831,calibration
2008-05-27,4.144,5.979,527.55,7.81,3.613,calibration
2008-05-28,4.144,6.18,521.29,8.19,5.918,calibration
2008-05-29,4.243,6.222,512.86,11.67,0.301,calibration
2008-05-30,4.67,6.396,503.52,12.59,3.103,calibration
2008-05-31,5.197,6.536,495.79,10.97,4.435,calibration
2008-06-01,5.361,6.593,489.78,9.26,4.618,calibration
2008-06-02,5.263,6.562,483.06,9.93,1.928,calibration
2008-06-03,5.263,6.519,474.66,11.64,0.27,calibration
2008-06-04,5.427,6.51,464.66,13.27,0.263,calibration
2008-06-05,5.559,6.561,455.53,12.39,3.471,calibration
2008-06-06,5.624,6.597,448.47,10.27,5.298,calibration
2008-06-07,5.657,6.601,441.38,10.32,4.187,calibration
2008-06-08,5.657,6.53,432.55,12.08,0.124,calibration
2008-06-09,5.559,6.545,422.11,13.71,1.928,calibration
2008-06-10,5.624,6.551,414.33,11.02,4.405,calibration
2008-06-11,5.328,6.412,407.45,11.7,0.153,calibration
2008-06-12,5.361,6.258,400.67,12.74,0.043,calibration
2008-06-13,5.263,6.157,391.82,15.42,0.113,calibration
2008-06-14,5.328,6.108,382.13,16.49,1.336,calibration
2008-06-15,5.361,6.051,374.55,13.77,2.505,calibration
2008-06-16,5.361,5.952,368.03,12.41,1.801,calibration
2008-06-17,5.361,5.827,362.48,11.17,1.87,calibration
2008-06-18,5.361,5.7,357.06,11,1.899,calibration
2008-06-19,5.295,5.558,351.18,11.59,0.687,calibration
2008-06-20,5.23,5.428,344.48,12.65,0.379,calibration
2008-06-21,5.131,5.327,338.12,12.2,2.014,calibration
2008-06-22,5.065,5.27,334.26,11.93,6.037,calibration
2008-06-23,4.966,5.227,331.34,10.51,6.965,calibration
2008-06-24,4.769,5.144,327.62,12,3.948,calibration
2008-06-25,4.605,5.171,324.32,11.21,8.749,calibration
2008-06-26,4.539,5.047,321.16,10.94,2.256,calibration
2008-06-27,4.67,4.904,318.18,10.61,1.831,calibration
2008-06-28,4.539,4.735,315.69,9.71,1.291,calibration
2008-06-29,4.341,4.532,313.53,9.07,0.061,calibration
2008-06-30,4.144,4.35,311.11,9.58,0.58,calibration
2008-07-01,3.947,4.194,306.92,12.85,0.127,calibration
2008-07-02,3.947,4.084,303.08,12.22,2.907,calibration
2008-07-03,3.749,3.954,298.9,12.84,0.579,calibration
2008-07-04,3.947,3.856,294.18,13.82,1.553,calibration
2008-07-05,3.947,3.757,289.27,14.2,0.895,calibration
2008-07-06,4.013,3.655,284.91,13.18,1.014,calibration
2008-07-07,3.947,3.536,281.31,12.95,0.72,calibration
2008-07-08,3.881,3.42,279.51,12.57,2.487,calibration
2008-07-09,3.815,3.324,277.98,11.67,3.743,calibration
2008-07-10,3.618,3.188,275.57,14.67,0.012,calibration
2008-07-11,3.618,3.072,272.78,16.01,0.767,calibration
2008-07-12,3.815,2.967,270.06,15.74,1.361,calibration
2008-07-13,3.749,2.884,267.66,14.68,1.187,calibration
2008-07-14,3.618,2.85,265.39,14.2,1.441,calibration
2008-07-15,3.486,2.838,263.83,11.76,6.574,calibration
2008-07-16,3.486,2.796,262.32,11.57,0.282,calibration
2008-07-17,3.454,2.771,260.51,12.63,3.107,calibration
2008-07-18,3.246,2.812,259.11,11.23,11.127,calibration
2008-07-19,3.246,2.857,257.62,11.52,7.858,calibration
2008-07-20,3.204,2.888,256.09,11.68,6.546,calibration
2008-07-21,3.158,2.998,254.8,10.82,9.809,calibration
2008-07-22,3.158,2.907,253.48,10.97,1.431,calibration
2008-07-23,3.072,2.987,252.56,9.54,9.38,calibration
2008-07-24,3.036,3.145,251.87,9.3,11.782,calibration
2008-07-25,3,3.083,250.62,10.69,2.546,calibration
2008-07-26,2.96,3.082,249.29,10.97,5.027,calibration
2008-07-27,2.924,3.022,247.62,12.15,2.444,calibration
2008-07-28,2.96,2.925,245.37,14.12,0.553,calibration
2008-07-29,3.072,2.85,242.36,16.76,0.039,calibration
2008-07-30,3.289,2.807,241.08,18.45,0.036,calibration
2008-07-31,3.454,2.763,239.86,19.45,0.041,calibration
2008-08-01,3.486,2.719,238.7,18.94,0.283,calibration
2008-08-02,3.486,2.676,237.6,18.31,0.361,calibration
2008-08-03,3.552,2.632,236.71,16.4,0.424,calibration
2008-08-04,3.486,2.587,236.19,12.75,0.509,calibration
2008-08-05,3.421,2.542,235.41,15.3,0.007,calibration
2008-08-06,3.355,2.498,234.54,16.21,0.009,calibration
2008-08-07,3.289,2.456,233.79,15.01,0.78,calibration
2008-08-08,3.217,2.413,232.97,15.68,0.052,calibration
2008-08-09,3.151,2.375,232.11,16.08,1.64,calibration
2008-08-10,3.085,2.333,231.7,11.76,0.436,calibration
2008-08-11,3.016,2.291,231.16,13.04,0.012,calibration
2008-08-12,2.95,2.251,230.5,14.18,0.13,calibration
2008-08-13,2.865,2.212,229.8,14.55,0.571,calibration
2008-08-14,2.783,2.174,229.1,14.54,0.915,calibration
2008-08-15,2.697,2.139,228.52,13.44,1.589,calibration
2008-08-16,2.615,2.114,228.17,11.24,5.672,calibration
2008-08-17,2.529,2.095,227.91,10.35,5.314,calibration
2008-08-18,2.447,2.06,227.57,11.15,0.407,calibration
2008-08-19,2.361,2.025,226.99,13.38,0.022,calibration
2008-08-20,2.279,1.994,226.29,14.6,1.062,calibration
2008-08-21,2.194,1.973,225.88,11.77,3.965,calibration
2008-08-22,2,1.958,225.46,11.87,4.426,calibration
2008-08-23,1.891,1.932,224.94,12.86,1.588,calibration
2008-08-24,1.891,1.906,224.42,12.86,1.363,calibration
2008-08-25,1.891,1.879,223.9,12.86,1.333,calibration
2008-08-26,1.891,1.859,223.54,11.29,3.352,calibration
2008-08-27,1.855,1.828,223.07,12.38,0.122,calibration
2008-08-28,1.891,1.802,222.6,12.35,1.463,calibration
2008-08-29,1.819,1.776,222.31,10.67,1.602,calibration
2008-08-30,1.75,1.75,222.07,10.18,1.546,calibration
2008-08-31,1.714,1.723,221.72,11.25,0.916,calibration
2008-09-01,1.714,1.694,221.24,12.4,0.254,calibration
2008-09-02,1.714,1.668,220.84,11.73,1.218,calibration
2008-09-03,1.714,1.643,220.73,9.02,1.713,calibration
2008-09-04,1.681,1.615,220.61,9.04,0.373,calibration
2008-09-05,1.612,1.587,220.66,6.56,0.853,calibration
2008-09-06,1.579,1.558,220.66,5.88,0.002,calibration
2008-09-07,1.546,1.53,220.63,7.91,0.115,calibration
2008-09-08,1.546,1.503,220.53,8.79,0.734,calibration
2008-09-09,1.546,1.477,220.35,9.57,0.454,calibration
2008-09-10,1.546,1.455,220.14,9.94,2.488,calibration
2008-09-11,1.52,1.44,220.12,8.38,4.482,calibration
2008-09-12,1.47,1.418,219.85,10.53,1.138,calibration
2008-09-13,1.47,1.405,219.65,9.73,3.509,calibration
2008-09-14,1.47,1.385,219.41,10.23,1.281,calibration
2008-09-15,1.47,1.361,219.09,10.88,0.15,calibration
2008-09-16,1.47,1.343,218.9,9.75,1.46,calibration
2008-09-17,1.418,1.328,218.9,7.85,2.718,calibration
2008-09-18,1.395,1.31,219.03,6.38,1.889,calibration
2008-09-19,1.306,1.289,219.18,4.02,0.803,calibration
2008-09-20,1.263,1.265,219.2,3.52,0.073,calibration
2008-09-21,1.22,1.242,219.2,3.52,0.004,calibration
2008-09-22,1.2,1.219,219.21,3.17,0.012,calibration
2008-09-23,1.181,1.197,219.19,3.89,0.018,calibration
2008-09-24,1.161,1.175,219.24,4.25,0.265,calibration
2008-09-25,1.118,1.153,219.24,5.06,0.001,calibration
2008-09-26,1.118,1.138,219.84,5.44,3.253,calibration
2008-09-27,1.161,1.141,221.7,4.1,10.239,calibration
2008-09-28,1.161,1.131,221.79,5.88,2.326,calibration
2008-09-29,1.161,1.238,222.76,6.21,16.709,calibration
2008-09-30,1.352,1.38,225.2,3.65,13.385,calibration
2008-10-01,1.47,1.249,225.23,1.12,0.071,calibration
2008-10-02,1.138,1.227,224.94,7.01,0.067,calibration
2008-10-03,1.079,1.227,224.8,7.15,2.391,calibration
2008-10-04,1.059,1.234,225.51,4.18,3.927,calibration
2008-10-05,1.036,1.213,225.61,2.86,0.278,calibration
2008-10-06,0.997,1.191,225.57,4.45,0.024,calibration
2008-10-07,0.977,1.17,225.61,5.04,0.21,calibration
2008-10-08,0.977,1.171,226.28,4.25,3.704,calibration
2008-10-09,0.977,1.151,226.31,4.29,0.188,calibration
2008-10-10,0.957,1.184,228,4.17,9.254,calibration
2008-10-11,0.997,1.2,234.37,-1.7,10.344,calibration
2008-10-12,0.977,1.179,234.67,-1.59,0.491,calibration
2008-10-13,0.977,1.203,245.67,-3.51,15.037,calibration
2008-10-14,0.957,1.181,245.72,-3.34,0.066,calibration
2008-10-15,0.957,1.167,247.39,-3.99,2.281,calibration
2008-10-16,0.934,1.145,247.4,-3.89,0.012,calibration
2008-10-17,0.895,1.129,246.94,-0.13,0,calibration
2008-10-18,0.914,1.181,251.64,0.36,10.995,calibration
2008-10-19,0.997,1.197,261.06,-2.62,12.887,calibration
2008-10-20,0.977,1.175,261.07,-2.36,0.001,calibration
2008-10-21,0.957,1.155,260.88,-1.33,0,calibration
2008-10-22,0.934,1.135,260.78,-1.74,0.031,calibration
2008-10-23,0.895,1.189,268.75,-1.79,13.095,calibration
2008-10-24,1,1.175,273.71,-5.43,5.957,calibration
2008-10-25,0.934,1.154,274.1,-9.05,0.403,calibration
2008-10-26,0.895,1.133,274.08,-6.72,0.006,calibration
2008-10-27,0.895,1.181,284.95,-3.25,15.13,calibration
2008-10-28,0.957,1.289,299.2,-3.19,19.725,calibration
2008-10-29,0.934,1.242,303.31,-3.9,5.703,calibration
2008-10-30,0.914,1.224,304.12,-4.13,1.144,calibration
2008-10-31,0.914,1.204,304.61,-4.38,0.592,calibration
2008-11-01,0.895,1.204,310.23,-5.42,6.746,calibration
2008-11-02,0.895,1.192,314.17,-7.16,4.293,calibration
2008-11-03,0.875,1.17,314.18,-8.5,0.011,calibration
2008-11-04,0.855,1.151,314.1,-5.33,0.06,calibration
2008-11-05,0.832,1.161,320.89,-4.6,8.434,calibration
2008-11-06,0.832,1.179,326.7,-4.03,8.015,calibration
2008-11-07,0.914,1.751,350.7,-1.77,39.816,calibration
2008-11-08,1.243,1.965,368.59,-3.46,24.624,calibration
2008-11-09,0.832,1.814,369.7,-7.12,1.217,calibration
2008-11-10,0.812,1.685,374.2,-8.69,4.555,calibration
2008-11-11,0.895,1.541,374.21,-11.98,0.014,calibration
2008-11-12,0.934,1.405,374.21,-11.9,0,calibration
2008-11-13,0.914,1.373,374.21,-11.04,0,calibration
2008-11-14,0.895,1.347,374.22,-10.53,0.003,calibration
2008-11-15,0.895,1.323,374.23,-10.9,0.017,calibration
2008-11-16,0.895,1.298,374.24,-10.74,0.005,calibration
2008-11-17,0.875,1.275,374.45,-9.94,0.218,calibration
2008-11-18,0.875,1.251,374.47,-9.76,0.019,calibration
2008-11-19,0.875,1.228,374.63,-9.1,0.164,calibration
2008-11-20,0.875,1.206,374.64,-11.37,0.003,calibration
2008-11-21,0.855,1.187,376.43,-8.86,1.82,calibration
2008-11-22,0.855,1.187,382.17,-6.34,6.483,calibration
2008-11-23,0.875,1.173,382.58,-5.85,0.873,calibration
2008-11-24,0.875,1.153,382.52,-5.88,0,calibration
2008-11-25,0.832,1.132,382.48,-5.95,0,calibration
2008-11-26,0.832,1.111,382.48,-7.17,0.001,calibration
2008-11-27,0.812,1.091,382.66,-6.27,0.211,calibration
2008-11-28,0.812,1.073,382.66,-5.59,0.119,calibration
2008-11-29,0.793,1.057,382.86,-5.51,0.359,calibration
2008-11-30,0.793,1.041,383.16,-5.47,0.499,calibration
2008-12-01,0.793,1.027,383.6,-5.29,0.688,calibration
2008-12-02,0.773,1.008,383.64,-6.54,0.038,calibration
2008-12-03,0.773,0.993,383.85,-5.39,0.398,calibration
2008-12-04,0.773,0.977,384.11,-5.86,0.382,calibration
2008-12-05,0.773,0.959,384.21,-6.45,0.11,calibration
2008-12-06,0.756,0.942,384.21,-6.37,0.001,calibration
2008-12-07,0.756,0.928,383.94,-4.29,0.001,calibration
2008-12-08,0.773,0.917,383.65,-3.41,0.077,calibration
2008-12-09,0.756,0.901,383.81,-6.92,0.172,calibration
2008-12-10,0.756,0.885,383.89,-7.5,0.089,calibration
2008-12-11,0.756,0.868,383.89,-8.95,0,calibration
2008-12-12,0.737,0.852,383.89,-9.07,0,calibration
2008-12-13,0.737,0.839,385.07,-8.75,1.201,calibration
2008-12-14,0.737,0.834,396.02,-10.5,10.507,calibration
2008-12-15,0.737,0.824,401.38,-10.26,5.14,calibration
2008-12-16,0.737,0.84,409.12,-7.32,8.829,calibration
2008-12-17,0.756,0.862,419.75,-7.98,11.832,calibration
2008-12-18,0.72,0.849,420.52,-9.45,0.845,calibration
2008-12-19,0.72,0.844,425.11,-8.66,4.797,calibration
2008-12-20,0.701,0.84,431.15,-9.97,6.142,calibration
2008-12-21,0.701,0.827,435.86,-13.22,4.328,calibration
2008-12-22,0.684,0.833,454.93,-10.6,18.416,calibration
2008-12-23,0.684,0.839,464.82,-9.48,10.17,calibration
2008-12-24,0.684,0.827,466.14,-9.53,1.404,calibration
2008-12-25,0.72,0.88,483.34,-6.95,19.212,calibration
2008-12-26,0.668,0.866,486.78,-9.8,3.521,calibration
2008-12-27,0.737,0.864,500.32,-10.23,12.994,calibration
2008-12-28,0.997,0.859,505.93,-9.7,5.734,calibration
2008-12-29,0.72,0.854,515.68,-10.43,9.352,calibration
2008-12-30,0.701,0.838,516.73,-12.42,0.967,calibration
2008-12-31,0.684,0.828,520.42,-10.66,3.59,calibration
2009-01-01,0.743,0.821,524.42,-9.9,4.077,calibration
2009-01-02,0.753,0.86,540.03,-7.85,17.286,calibration
2009-01-03,0.76,0.852,546.88,-10.23,6.575,calibration
2009-01-04,0.77,0.836,546.89,-13.59,0.008,calibration
2009-01-05,0.779,0.821,546.89,-14.12,0,calibration
2009-01-06,0.789,0.805,546.89,-11.12,0.003,calibration
2009-01-07,0.793,0.791,546.89,-13.05,0,calibration
2009-01-08,0.793,0.776,546.89,-11.57,0.001,calibration
2009-01-09,0.793,0.762,546.89,-10.18,0.004,calibration
2009-01-10,0.799,0.749,547.72,-11.51,0.799,calibration
2009-01-11,0.799,0.736,548.45,-10.86,0.699,calibration
2009-01-12,0.802,0.722,548.48,-11.6,0.028,calibration
2009-01-13,0.806,0.716,555.54,-10.85,6.773,calibration
2009-01-14,0.809,0.704,558.87,-12.83,3.065,calibration
2009-01-15,0.809,0.691,559.11,-12.38,0.222,calibration
2009-01-16,0.812,0.682,558.93,-9.8,0.002,calibration
2009-01-17,0.816,0.67,558.92,-9.82,0.028,calibration
2009-01-18,0.819,0.657,558.92,-11.26,0.001,calibration
2009-01-19,0.822,0.645,558.93,-10.92,0.002,calibration
2009-01-20,0.829,0.636,558.74,-8.18,0,calibration
2009-01-21,0.832,0.632,558.83,-7.37,0.476,calibration
2009-01-22,0.835,0.621,558.78,-9.5,0.013,calibration
2009-01-23,0.839,0.611,558.71,-9.44,0.001,calibration
2009-01-24,0.842,0.601,558.64,-9.39,0.003,calibration
2009-01-25,0.845,0.602,557.98,-5.89,0.042,calibration
2009-01-26,0.852,0.601,557.99,-6.38,0.597,calibration
2009-01-27,0.855,0.599,561.06,-8.68,3.253,calibration
2009-01-28,0.858,0.634,573.81,-7.73,14.199,calibration
2009-01-29,0.862,0.632,574.9,-7.49,1.54,calibration
2009-01-30,0.862,0.636,581.02,-8.43,6.354,calibration
2009-01-31,0.842,0.636,586.1,-8.99,5.261,calibration
2009-02-01,0.842,0.678,600.51,-7.33,16.096,calibration
2009-02-02,0.881,0.694,606.66,-6.91,7.177,calibration
2009-02-03,0.904,0.71,619.68,-8.45,13.353,calibration
2009-02-04,0.881,0.704,626.13,-10.65,6.19,calibration
2009-02-05,0.862,0.691,626.2,-13.64,0.059,calibration
2009-02-06,0.842,0.678,626.19,-12.14,0.001,calibration
2009-02-07,0.842,0.671,627.91,-9.23,1.828,calibration
2009-02-08,0.862,0.67,630.08,-7.99,2.605,calibration
2009-02-09,0.881,0.681,634.51,-6.62,5.334,calibration
2009-02-10,0.881,0.685,642.62,-9.07,8.214,calibration
2009-02-11,0.862,0.676,646.21,-11.11,3.451,calibration
2009-02-12,0.881,0.667,646.07,-8.13,0.059,calibration
2009-02-13,0.862,0.66,646.64,-6.93,0.783,calibration
2009-02-14,0.842,0.655,648.78,-7.98,2.37,calibration
2009-02-15,0.842,0.652,653.55,-8.83,4.831,calibration
2009-02-16,0.842,0.644,655.57,-9.82,2.043,calibration
2009-02-17,0.842,0.632,655.62,-10.98,0.053,calibration
2009-02-18,0.822,0.621,655.63,-10.29,0.007,calibration
2009-02-19,0.842,0.62,658.71,-7.87,3.407,calibration
2009-02-20,0.881,0.615,661.78,-9.73,3.111,calibration
2009-02-21,0.862,0.603,661.81,-12.67,0.027,calibration
2009-02-22,0.862,0.593,661.97,-9.71,0.162,calibration
2009-02-23,0.862,0.603,673.1,-8.45,11.287,calibration
2009-02-24,0.862,0.608,681.1,-10.15,8.108,calibration
2009-02-25,0.862,0.608,686.73,-9.86,5.704,calibration
2009-02-26,0.862,0.599,689.45,-10.84,2.611,calibration
2009-02-27,0.862,0.588,689.47,-12.78,0.02,calibration
2009-02-28,0.842,0.577,689.47,-10.89,0.001,calibration
2009-03-01,0.862,0.578,694.44,-9.14,5.127,calibration
2009-03-02,0.842,0.571,694.42,-7.13,0.169,calibration
2009-03-03,0.862,0.679,708.39,-5.19,17.366,calibration
2009-03-04,0.924,0.639,709.3,-6.05,1.415,calibration
2009-03-05,0.881,0.637,711.04,-6.69,2.086,calibration
2009-03-06,0.924,0.644,716.22,-7.22,5.773,calibration
2009-03-07,0.904,0.635,718.62,-10.68,2.304,calibration
2009-03-08,0.904,0.625,720.91,-12.04,2.195,calibration
2009-03-09,0.881,0.614,720.93,-13.13,0.02,calibration
2009-03-10,0.862,0.609,720.58,-7.29,0,calibration
2009-03-11,0.862,0.633,718.42,-1.23,0,calibration
2009-03-12,0.904,0.652,717.79,-2.48,1.115,calibration
2009-03-13,0.99,0.649,717.22,-4.86,0.001,calibration
2009-03-14,1.033,0.656,716.07,-3.2,0.001,calibration
2009-03-15,1.075,0.807,715.65,-0.03,5.184,calibration
2009-03-16,1.233,0.995,720.01,-1.35,10.476,calibration
2009-03-17,1.615,1.488,744.26,-2.51,35.094,calibration
2009-03-18,2.102,1.634,762.41,-4.63,22.548,calibration
2009-03-19,1.812,1.48,762.9,-9.86,0.494,calibration
2009-03-20,1.615,1.34,762.9,-7.04,0.147,calibration
2009-03-21,1.582,1.239,764.16,-5.75,1.926,calibration
2009-03-22,1.404,1.428,776.68,-4.28,18.084,calibration
2009-03-23,1.52,1.532,784.39,-3.38,12.013,calibration
2009-03-24,1.52,1.472,782.59,-1.83,0.01,calibration
2009-03-25,1.549,1.467,779.72,-0.11,0.013,calibration
2009-03-26,1.582,1.553,780.09,-0.45,4.857,calibration
2009-03-27,1.71,1.504,780.17,-2.81,1.914,calibration
2009-03-28,1.812,1.413,779.16,-3.52,0.011,calibration
2009-03-29,1.914,1.332,778.07,-3.32,0.012,calibration
2009-03-30,1.99,1.292,777.12,-3.67,0.008,calibration
2009-03-31,2.026,1.285,776.13,-3.59,0.015,calibration
2009-04-01,2.102,1.303,774.69,-1.29,0.936,calibration
2009-04-02,2.102,1.325,777.85,-2.46,5.437,calibration
2009-04-03,2.102,1.315,777.94,-3.36,0.869,calibration
2009-04-04,2.102,1.308,776.9,-1.93,0.008,calibration
2009-04-05,2.141,1.366,778.18,-0.42,4.972,calibration
2009-04-06,2.26,1.539,784.79,-1.99,12.394,calibration
2009-04-07,2.22,1.438,786.66,-5.29,2.399,calibration
2009-04-08,2.062,1.401,786.36,-4.2,0.002,calibration
2009-04-09,1.99,1.393,785.34,-1.93,0.044,calibration
2009-04-10,1.95,1.552,790.83,-1.27,11.14,calibration
2009-04-11,2.062,1.585,792.8,-1.42,5.294,calibration
2009-04-12,2.102,1.665,795.65,-0.94,7.097,calibration
2009-04-13,2.22,1.594,794.42,-1.28,0.216,calibration
2009-04-14,2.385,1.685,794.55,0.21,4.791,calibration
2009-04-15,2.424,1.77,803.39,-3.64,12.714,calibration
2009-04-16,2.342,1.651,803.38,-4.11,0.442,calibration
2009-04-17,2.26,1.89,812.13,-1.91,15.926,calibration
2009-04-18,2.342,2.009,813.42,-0.14,6.677,calibration
2009-04-19,2.302,2.145,815.36,-0.36,7.708,calibration
2009-04-20,2.385,2.176,813.85,0.89,2.382,calibration
2009-04-21,2.559,2.169,818.75,-3.15,7.531,calibration
2009-04-22,2.559,2.052,817.98,-2.53,0.026,calibration
2009-04-23,2.559,1.974,816.47,-0.97,0.001,calibration
2009-04-24,2.605,1.945,814.02,0.6,0.051,calibration
2009-04-25,2.697,2.216,817.5,0.39,11.924,calibration
2009-04-26,2.855,2.155,818.21,-2.32,2.55,calibration
2009-04-27,2.802,2.393,827.83,-2.33,17.015,calibration
2009-04-28,2.75,2.299,835.43,-6.61,8.276,calibration
2009-04-29,2.559,2.165,834.97,-3.66,0.001,calibration
2009-04-30,2.467,2.139,832.33,0.87,0.039,calibration
2009-05-01,2.513,2.537,833.41,1.64,12.643,calibration
2009-05-02,3.065,2.644,832.9,1.36,5.121,calibration
2009-05-03,3.914,2.746,834.7,0.69,7.266,calibration
2009-05-04,3.684,2.678,832.88,1.49,0.435,calibration
2009-05-05,3.585,2.602,831.71,0.64,0.795,calibration
2009-05-06,3.749,2.539,831.26,0.11,1.671,calibration
2009-05-07,3.848,2.466,829.39,1.25,0.053,calibration
2009-05-08,3.947,2.535,828.35,1.88,3.732,calibration
2009-05-09,4.078,2.608,829.88,0.55,6.269,calibration
2009-05-10,4.078,2.615,830.6,0.21,4.172,calibration
2009-05-11,4.013,2.543,829.48,0.55,0.804,calibration
2009-05-12,4.111,2.469,827.74,1.06,0.095,calibration
2009-05-13,4.276,2.473,824.72,2.95,0.415,calibration
2009-05-14,4.539,2.567,825.75,1.36,6.136,calibration
2009-05-15,4.605,2.562,826.03,0.33,3.413,calibration
2009-05-16,4.473,2.504,823.85,1.71,0.008,calibration
2009-05-17,4.473,2.596,818.87,4.92,0.377,calibration
2009-05-18,4.605,2.835,817.88,3.38,7.424,calibration
2009-05-19,4.703,2.879,815.43,2.95,2.063,calibration
2009-05-20,4.966,3.063,814.58,2.83,6.556,calibration
2009-05-21,5.197,3.281,818.96,0.68,12.249,calibration
2009-05-22,4.999,3.217,816.27,2.35,0.005,calibration
2009-05-23,4.966,3.382,812.28,4.5,3.436,calibration
2009-05-24,5.131,3.429,812.88,1.54,5.451,calibration
2009-05-25,5.23,3.422,808.87,3.92,0.005,calibration
2009-05-26,5.328,3.55,801.94,7.23,0.002,calibration
2009-05-27,5.427,3.636,796.7,6.67,0.926,calibration
2009-05-28,5.526,3.703,790.95,7.09,0.111,calibration
2009-05-29,5.624,3.792,784.97,7.32,0.441,calibration
2009-05-30,5.723,3.943,781.06,5.6,3.928,calibration
2009-05-31,5.657,4.089,778.98,4.41,5.716,calibration
2009-06-01,5.723,4.24,779.77,3.15,8.593,calibration
2009-06-02,5.789,4.279,783.8,0.07,9.383,calibration
2009-06-03,5.46,4.105,782.49,1.88,0.01,calibration
2009-06-04,5.065,4.042,779.09,4.76,0.156,calibration
2009-06-05,4.999,4.123,776.12,5.01,3.702,calibration
2009-06-06,4.999,4.544,774.49,5.3,12.467,calibration
2009-06-07,5.065,4.707,772.43,4.59,6.663,calibration
2009-06-08,5.131,4.753,766.55,7.24,0.588,calibration
2009-06-09,5.46,4.876,758.43,9.18,0.168,calibration
2009-06-10,5.723,5.034,750.53,9.01,1.394,calibration
2009-06-11,5.887,5.257,743.15,8.58,3.621,calibration
2009-06-12,6.019,5.465,736.5,7.94,4.292,calibration
2009-06-13,6.085,5.551,728.71,8.89,0.637,calibration
2009-06-14,6.447,5.664,719.88,9.79,0.431,calibration
2009-06-15,7.006,5.786,711.34,9.54,1.17,calibration
2009-06-16,7.499,5.851,703.67,8.8,0.947,calibration
2009-06-17,7.729,5.854,696.34,8.49,0.026,calibration
2009-06-18,7.992,5.984,686.78,10.41,1.094,calibration
2009-06-19,8.617,6.154,676.93,10.67,2.026,calibration
2009-06-20,9.538,6.379,666.41,11.24,2.918,calibration
2009-06-21,10.065,6.591,657.63,10.98,4.758,calibration
2009-06-22,10.328,6.711,649.99,10.87,3.97,calibration
2009-06-23,10.065,6.746,643.58,9.62,3.531,calibration
2009-06-24,9.275,6.832,638.23,8.61,6.413,calibration
2009-06-25,8.88,6.777,631,10.45,0.854,calibration
2009-06-26,8.88,6.727,623.47,10.76,1.177,calibration
2009-06-27,9.144,6.668,615.7,10.99,1.181,calibration
2009-06-28,9.275,6.8,608.81,10.11,8.758,calibration
2009-06-29,9.407,6.581,606.09,5.73,1.507,calibration
2009-06-30,8.617,6.402,600.53,8.73,0.201,calibration
2009-07-01,7.861,6.268,593.93,9.81,0.907,calibration
2009-07-02,7.861,6.164,587.41,9.73,2.173,calibration
2009-07-03,7.861,6.098,584.41,6.45,6.845,calibration
2009-07-04,7.072,5.909,581.7,5.77,2.06,calibration
2009-07-05,6.512,5.76,575.44,9.46,0.09,calibration
2009-07-06,6.315,5.715,567.27,11.41,2.443,calibration
2009-07-07,6.381,5.74,558.54,11.97,3.997,calibration
2009-07-08,6.677,5.827,549.83,11.96,5.431,calibration
2009-07-09,6.841,5.944,542.71,10.34,7.339,calibration
2009-07-10,6.742,5.918,533.66,12.3,0.111,calibration
2009-07-11,7.072,5.954,524.65,12.26,2.878,calibration
2009-07-12,7.269,5.912,517.02,10.86,1.589,calibration
2009-07-13,7.072,5.869,510.13,10.11,2.58,calibration
2009-07-14,6.841,5.781,504.62,9.63,2.411,calibration
2009-07-15,6.512,5.682,500.12,9.82,2.994,calibration
2009-07-16,6.447,5.665,496.14,9.25,6.815,calibration
2009-07-17,6.085,5.558,491.4,10.13,2.24,calibration
2009-07-18,5.953,5.453,485.58,11.51,1.42,calibration
2009-07-19,6.019,5.337,478.97,12.54,0.242,calibration
2009-07-20,6.151,5.243,471.67,13.41,0.532,calibration
2009-07-21,6.249,5.179,463.71,14.26,1.093,calibration
2009-07-22,6.381,5.107,455.79,14.21,0.484,calibration
2009-07-23,6.677,5.044,448.25,13.73,1.02,calibration
2009-07-24,6.677,4.986,439.68,15.06,0.014,calibration
2009-07-25,6.742,4.953,430.32,16.06,0.231,calibration
2009-07-26,6.841,4.92,421.82,14.97,0.923,calibration
2009-07-27,6.742,4.863,414.45,13.5,0.974,calibration
2009-07-28,6.512,4.836,408.23,12.03,3.402,calibration
2009-07-29,6.151,4.762,402.07,11.95,1.248,calibration
2009-07-30,5.953,4.718,394.96,13.17,1.515,calibration
2009-07-31,5.723,4.718,388.52,12.31,4.025,calibration
2009-08-01,5.46,4.785,384.07,9.75,8.016,calibration
2009-08-02,5.197,4.819,378.47,11.24,4.292,calibration
2009-08-03,5.263,5.074,376.02,9.64,15.74,calibration
2009-08-04,5.131,5.081,373.5,9.78,5.764,calibration
2009-08-05,4.934,5.07,371.6,8.72,6.053,calibration
2009-08-06,4.605,4.918,368.15,11.49,0.083,calibration
2009-08-07,4.539,4.787,364.08,12.63,0.435,calibration
2009-08-08,4.605,4.685,359.49,13.6,1.226,calibration
2009-08-09,4.605,4.603,354.99,13.44,2.285,calibration
2009-08-10,4.539,4.538,350.23,13.91,2.687,calibration
2009-08-11,4.539,4.52,347.2,10.71,6.457,calibration
2009-08-12,4.44,4.386,343.21,12.5,0.052,calibration
2009-08-13,4.44,4.285,338.6,13.63,0.985,calibration
2009-08-14,4.44,4.17,333.78,14.02,0.1,calibration
2009-08-15,4.374,4.048,329.27,13.45,0.006,calibration
2009-08-16,4.309,3.925,325.49,12.11,0.611,calibration
2009-08-17,4.144,3.805,321.29,12.87,0.213,calibration
2009-08-18,4.078,3.708,318.06,11.09,2.203,calibration
2009-08-19,3.947,3.602,316.18,8.6,2.819,calibration
2009-08-20,3.717,3.454,314.9,7.47,0.737,calibration
2009-08-21,3.618,3.324,312.76,9.05,0.688,calibration
2009-08-22,3.552,3.225,310.37,9.53,2.087,calibration
2009-08-23,3.486,3.119,306.99,11.35,0.231,calibration
2009-08-24,3.552,3.058,303.55,13.33,0.598,calibration
2009-08-25,3.717,3.055,303.83,7.29,9.265,calibration
2009-08-26,3.618,3.005,303.13,8.77,0.055,calibration
2009-08-27,3.388,2.958,302.22,9.52,0.301,calibration
2009-08-28,3.269,2.921,300.81,11.22,1.57,calibration
2009-08-29,3.213,2.909,300.1,9.1,6.522,calibration
2009-08-30,3.161,2.88,299.48,8.6,2.978,calibration
2009-08-31,2.789,2.835,298.64,9.27,0.346,calibration
2009-09-01,2.684,2.811,298.68,7.04,4.767,calibration
2009-09-02,2.635,2.772,298.63,6.5,1.932,calibration
2009-09-03,2.539,2.753,298.85,6.27,5.466,calibration
2009-09-04,2.49,2.713,299.18,4.43,1.813,calibration
2009-09-05,2.394,2.668,299.55,3.01,1.09,calibration
2009-09-06,2.299,2.623,299.97,2.5,1.238,calibration
2009-09-07,2.204,2.576,299.9,3.91,0.08,calibration
2009-09-08,2.158,2.536,300.68,3.48,2.309,calibration
2009-09-09,2.069,2.506,303.64,0.36,6.085,calibration
2009-09-10,2.069,2.46,303.5,2.2,0.015,calibration
2009-09-11,1.98,2.422,302.01,6.09,0.003,calibration
2009-09-12,1.94,2.384,300.59,7.83,0.04,calibration
2009-09-13,1.898,2.35,300.12,8,1.542,calibration
2009-09-14,1.858,2.318,299.39,8.93,1.753,calibration
2009-09-15,1.858,2.301,298.77,8.69,4.929,calibration
2009-09-16,1.898,2.281,298.8,6.78,3.942,calibration
2009-09-17,1.858,2.258,298.83,6.48,3.146,calibration
2009-09-18,1.776,2.25,298.06,9.22,4.683,calibration
2009-09-19,1.776,2.262,297.71,7.81,7.481,calibration
2009-09-20,1.776,2.419,297.14,8.91,12.972,calibration
2009-09-21,1.94,2.858,296.9,8.06,21.332,calibration
2009-09-22,2.789,3.128,299.71,4.64,15.458,calibration
2009-09-23,2.539,2.946,299.68,5.72,0.04,calibration
2009-09-24,2.204,2.925,299.33,7.63,4.172,calibration
2009-09-25,2.115,3.19,298.97,8.12,13.151,calibration
2009-09-26,2.891,3.259,300.56,5.25,8.728,calibration
2009-09-27,2.635,3.096,300.73,5.29,0.911,calibration
2009-09-28,2.345,2.926,300.53,6.65,0.134,calibration
2009-09-29,2.204,2.791,300.04,8.01,0.69,calibration
2009-09-30,2.115,2.655,299.24,9.11,0.224,calibration
2009-10-01,2.026,2.552,298.31,9.59,1.192,calibration
2009-10-02,1.94,2.526,298.48,6.47,5.223,calibration
2009-10-03,1.898,2.444,298.5,4.67,0.095,calibration
2009-10-04,1.816,2.4,298.39,6.12,0.041,calibration
2009-10-05,1.74,2.359,298.36,5.83,0.343,calibration
2009-10-06,1.74,2.32,298.32,5.91,0.554,calibration
2009-10-07,1.704,2.29,298.72,4.84,2.186,calibration
2009-10-08,1.664,2.266,299.94,2.85,3.612,calibration
2009-10-09,1.628,2.235,302.11,-2.23,3.514,calibration
2009-10-10,1.562,2.194,302.11,-1.37,0.016,calibration
2009-10-11,1.562,2.154,302.06,-0.11,0,calibration
2009-10-12,1.533,2.118,301.49,2.29,0.002,calibration
2009-10-13,1.506,2.08,301.31,2.35,0.002,calibration
2009-10-14,1.447,2.043,301.03,4,0.001,calibration
2009-10-15,1.447,2.007,300.84,4.42,0.133,calibration
2009-10-16,1.427,1.97,300.83,3.59,0.025,calibration
2009-10-17,1.408,1.934,300.84,2.7,0.007,calibration
2009-10-18,1.388,1.898,300.84,2.78,0,calibration
2009-10-19,1.368,1.863,300.84,2.86,0.005,calibration
2009-10-20,1.368,1.829,300.84,3.52,0,calibration
2009-10-21,1.349,1.795,300.85,3.03,0.04,calibration
2009-10-22,1.349,1.763,300.91,1.9,0.163,calibration
2009-10-23,1.329,1.732,301.57,-0.6,1.078,calibration
2009-10-24,1.309,1.7,301.57,-0.69,0.004,calibration
2009-10-25,1.309,1.669,301.43,0.64,0,calibration
2009-10-26,1.289,1.639,301.43,0.95,0.002,calibration
2009-10-27,1.27,1.615,304.32,-1.37,4.694,calibration
2009-10-28,1.289,1.586,304.77,-5.28,0.536,calibration
2009-10-29,1.25,1.557,304.72,-2.5,0.001,calibration
2009-10-30,1.25,1.53,304.36,1.22,0.063,calibration
2009-10-31,1.233,1.505,304.14,1.94,0.631,calibration
2009-11-01,1.233,1.481,304.35,2.22,1.056,calibration
2009-11-02,1.217,1.469,306.19,2,5.745,calibration
2009-11-03,1.204,1.444,306.18,2.11,0.329,calibration
2009-11-04,1.204,1.461,309.76,3.36,11.852,calibration
2009-11-05,1.309,1.448,311.42,-0.3,3.419,calibration
2009-11-06,1.233,1.479,322.15,-0.91,17.416,calibration
2009-11-07,1.233,1.478,328.19,-3.52,8.254,calibration
2009-11-08,1.217,1.455,330.75,-7.09,2.794,calibration
2009-11-09,1.187,1.429,331.89,-12.04,1.097,calibration
2009-11-10,1.171,1.403,331.9,-14.61,0.005,calibration
2009-11-11,1.171,1.377,331.84,-9.16,0.001,calibration
2009-11-12,1.171,1.353,331.76,-6.4,0.001,calibration
2009-11-13,1.171,1.328,331.72,-5.91,0,calibration
2009-11-14,1.171,1.304,331.77,-8.71,0.056,calibration
2009-11-15,1.141,1.28,331.77,-12.26,0.002,calibration
2009-11-16,1.125,1.256,331.77,-11.47,0.001,calibration
2009-11-17,1.125,1.233,331.78,-12.08,0.003,calibration
2009-11-18,1.112,1.21,331.78,-11.58,0.001,calibration
2009-11-19,1.112,1.188,331.75,-6.09,0.001,calibration
2009-11-20,1.112,1.17,331.36,-3.5,0.001,calibration
2009-11-21,1.112,1.149,331.38,-5.58,0.03,calibration
2009-11-22,1.095,1.149,338.81,-5,8.918,calibration
2009-11-23,1.155,1.133,344.22,-9.24,5.488,calibration
2009-11-24,1.125,1.117,348.11,-8.71,3.941,calibration
2009-11-25,1.112,1.103,353.96,-8.41,5.926,calibration
2009-11-26,1.082,1.083,353.99,-12.97,0.027,calibration
2009-11-27,1.082,1.071,361.29,-8.78,7.41,calibration
2009-11-28,1.095,1.065,367.65,-7.76,6.988,calibration
2009-11-29,1.069,1.045,367.76,-10.83,0.101,calibration
2009-11-30,1.069,1.026,367.76,-8.84,0.007,calibration
2009-12-01,1.069,1.012,369.84,-7.21,2.391,calibration
2009-12-02,1.056,1.003,373.46,-6.92,4.104,calibration
2009-12-03,1.056,0.996,378.02,-6.85,5.145,calibration
2009-12-04,1.056,0.983,382.41,-8.85,4.44,calibration
2009-12-05,1.043,0.965,382.42,-13.56,0.012,calibration
2009-12-06,1.043,0.947,382.42,-14.34,0,calibration
2009-12-07,1.016,0.931,388.58,-12.77,5.669,calibration
2009-12-08,1.043,0.923,399.48,-10.22,10.6,calibration
2009-12-09,1.043,0.906,400.25,-11.79,0.762,calibration
2009-12-10,1.043,0.89,400.29,-15.42,0.033,calibration
2009-12-11,1.003,0.874,405.81,-14.72,4.967,calibration
2009-12-12,1.003,0.859,412.01,-13.31,5.74,calibration
2009-12-13,0.99,0.844,412.06,-14.58,0.037,calibration
2009-12-14,1.003,0.831,411.96,-9.85,0.194,calibration
2009-12-15,1.016,0.822,414.02,-9.33,2.376,calibration
2009-12-16,1.016,0.811,419.1,-11.93,4.9,calibration
2009-12-17,1.003,0.796,419.07,-11.63,0.005,calibration
2009-12-18,1.003,0.788,418.54,-7.02,0.036,calibration
2009-12-19,1.003,0.784,418.06,-5.33,0.473,calibration
2009-12-20,1.003,0.782,420.69,-6.69,3.388,calibration
2009-12-21,1.003,0.813,453.15,-8.48,33.052,calibration
2009-12-22,1.003,0.808,459.62,-9.34,6.639,calibration
2009-12-23,0.99,0.793,459.57,-9.62,0.001,calibration
2009-12-24,0.99,0.779,460.44,-10.77,0.836,calibration
2009-12-25,1.016,0.765,460.44,-10.35,0.002,calibration
2009-12-26,1.003,0.751,460.97,-10.3,0.504,calibration
2009-12-27,0.99,0.738,461.01,-11.55,0.038,calibration
2009-12-28,0.977,0.725,461.96,-10.81,0.913,calibration
2009-12-29,0.977,0.712,462.26,-11.54,0.288,calibration
2009-12-30,0.977,0.698,462.26,-10.61,0.003,calibration
2009-12-31,0.964,0.69,462.97,-8.05,1.003,calibration
2010-01-01,0.964,0.682,462.63,-7.41,0.002,calibration
2010-01-02,0.964,0.678,461.91,-4.51,0.036,calibration
2010-01-03,0.964,0.669,461.93,-6.41,0.244,calibration
2010-01-04,0.964,0.695,477.09,-6.92,16.676,calibration
2010-01-05,1.003,0.713,488.58,-6.59,12.727,calibration
2010-01-06,0.98,0.742,504.78,-7.15,17.786,calibration
2010-01-07,0.96,0.735,509.58,-9.72,4.861,calibration
2010-01-08,0.937,0.722,509.72,-16.61,0.133,calibration
2010-01-09,0.914,0.709,509.73,-18.76,0.008,calibration
2010-01-10,0.895,0.695,509.73,-18.69,0.001,calibration
2010-01-11,0.872,0.683,509.73,-15.35,0,calibration
2010-01-12,0.957,0.67,509.73,-13.29,0,calibration
2010-01-13,0.957,0.662,515.13,-10.84,5.191,calibration
2010-01-14,0.957,0.68,533.55,-9.35,18.741,calibration
2010-01-15,0.98,0.797,564.36,-7.63,33.892,calibration
2010-01-16,0.809,0.821,582.8,-7,20.246,calibration
2010-01-17,1,0.839,612.46,-8.59,30.059,calibration
2010-01-18,0.49,0.81,612.57,-16.02,0.097,calibration
2010-01-19,0.437,0.795,612.57,-16.62,0.007,calibration
2010-01-20,0.451,0.798,631.05,-10.41,17.738,unused
2010-01-21,0.872,0.804,636.77,-7.85,6.509,calibration
2010-01-22,1.046,0.815,643.02,-6.92,7.29,calibration
2010-01-23,1.066,0.85,651.39,-6.21,10.752,calibration
2010-01-24,1.089,0.851,655.68,-7.31,4.937,calibration
2010-01-25,1.066,0.835,655.7,-9.47,0.019,calibration
2010-01-26,0.957,0.827,657.07,-6.66,1.689,calibration
2010-01-27,0.957,0.835,664.26,-7.28,7.951,calibration
2010-01-28,0.914,0.831,670.59,-8.28,6.417,calibration
2010-01-29,0.914,0.817,671.2,-9.4,0.618,calibration
2010-01-30,0.895,0.802,671.56,-9.19,0.362,calibration
2010-01-31,0.895,0.791,673.37,-9.57,1.834,calibration
2010-02-01,0.872,0.777,674.32,-11.17,0.912,calibration
2010-02-02,0.872,0.763,674.33,-13.47,0.012,calibration
2010-02-03,0.872,0.756,681.59,-10.82,6.964,calibration
2010-02-04,0.895,0.752,686.37,-9,4.954,calibration
2010-02-05,0.895,0.791,701.59,-6.97,17.051,calibration
2010-02-06,0.914,0.792,706.42,-8.23,5.31,calibration
2010-02-07,0.872,0.783,709.43,-9.93,3.055,calibration
2010-02-08,0.914,0.77,711.22,-12.09,1.72,calibration
2010-02-09,0.872,0.756,712.38,-16.47,1.034,calibration
2010-02-10,0.852,0.742,712.4,-17.31,0.02,calibration
2010-02-11,0.829,0.729,717.46,-14.65,4.561,calibration
2010-02-12,0.852,0.718,724.74,-13.66,6.71,calibration
2010-02-13,0.829,0.705,728.91,-14.42,3.755,calibration
2010-02-14,0.829,0.692,729.37,-16.83,0.411,calibration
2010-02-15,0.809,0.679,729.37,-15.91,0.004,calibration
2010-02-16,0.809,0.668,729.33,-13.09,0,calibration
2010-02-17,0.809,0.676,737.64,-10,8.756,calibration
2010-02-18,0.872,0.779,761.15,-8.07,26.192,calibration
2010-02-19,0.852,1.046,786.22,-5.79,31.332,calibration
2010-02-20,0.852,1.274,808.02,-4.37,27.502,calibration
2010-02-21,0.681,1.47,814.03,-1.87,12.648,calibration
2010-02-22,0.957,1.618,823.7,-2.83,14.998,calibration
2010-02-23,1.066,1.742,832.22,-2.71,13.501,calibration
2010-02-24,1.243,1.702,837.85,-4.51,7.551,calibration
2010-02-25,1.243,1.827,855.25,-4.94,21.546,calibration
2010-02-26,1.243,1.74,859.37,-6.17,5.243,calibration
2010-02-27,1.108,1.586,859.57,-8.48,0.202,calibration
2010-02-28,1.066,1.503,865.65,-6.86,6.799,calibration
2010-03-01,1.066,1.467,875.89,-6.28,11.397,calibration
2010-03-02,1.066,1.339,876.36,-7.34,0.618,calibration
2010-03-03,1.046,1.26,877.55,-4.94,2.085,calibration
2010-03-04,1.046,1.274,883.04,-5.61,7.058,calibration
2010-03-05,1.046,1.273,888.51,-6.4,6.185,calibration
2010-03-06,1.046,1.266,888.96,-4.63,1.286,calibration
2010-03-07,1.046,1.277,889.9,-3.37,2.763,calibration
2010-03-08,1.089,1.347,895.03,-3.08,8.645,calibration
2010-03-09,0.96,1.399,898.99,-2.76,7.232,calibration
2010-03-10,1.378,1.515,900.57,-0.92,6.384,calibration
2010-03-11,1.49,2.047,926.35,-2.75,37.05,calibration
2010-03-12,1.878,1.888,926.53,-8.91,0.186,calibration
2010-03-13,1.667,1.784,927.09,-4.67,1.408,calibration
2010-03-14,1.625,2.186,947.53,-2.88,29.688,calibration
2010-03-15,2.072,2.265,949.11,-1.07,6.226,calibration
2010-03-16,2.342,2.305,945.51,1.19,0.637,calibration
2010-03-17,2.763,2.819,944.11,2.87,12.32,calibration
2010-03-18,3.095,3.176,948.5,0.85,14.949,calibration
2010-03-19,3.322,3.65,949.03,2.73,14.015,calibration
2010-03-20,3,3.538,961.72,-6.5,13.836,calibration
2010-03-21,2.664,3.313,961.73,-8.28,0.008,calibration
2010-03-22,2.467,3.1,961.73,-7.44,0.001,calibration
2010-03-23,2.246,2.899,961.73,-6.25,0.001,calibration
2010-03-24,2.24,2.739,963.26,-5.32,1.991,calibration
2010-03-25,2.158,2.57,962.99,-4.31,0.008,calibration
2010-03-26,2.158,2.472,964.04,-2.72,2.435,calibration
2010-03-27,2.102,2.345,968.38,-6.89,4.734,calibration
2010-03-28,1.973,2.189,968.29,-5.59,0,calibration
2010-03-29,1.947,2.104,966.9,-1.19,0.026,calibration
2010-03-30,1.947,2.022,965.62,-1.35,0.075,calibration
2010-03-31,2.046,1.964,964.47,-1.55,0.147,calibration
2010-04-01,2.246,1.949,963.56,-1.79,0.325,calibration
2010-04-02,2.375,2.017,970.54,-2.52,10.637,calibration
2010-04-03,2.404,2.016,975.13,-3.23,7.068,calibration
2010-04-04,2.102,1.983,976.19,-4.12,1.897,calibration
2010-04-05,1.973,1.958,975.52,-2.9,0.008,calibration
2010-04-06,1.973,2.021,978.01,-1.03,6.461,calibration
2010-04-07,1.996,2.342,989.36,-1.98,20.093,calibration
2010-04-08,2.566,2.251,988.31,-1.55,0.294,calibration
2010-04-09,2.566,2.211,985.94,0.45,0.001,calibration
2010-04-10,2.533,2.398,984.2,1.98,5.244,calibration
2010-04-11,2.898,2.889,991.11,0.92,19.738,calibration
2010-04-12,3.286,2.882,996.67,-2.86,8.541,calibration
2010-04-13,3.259,2.78,995.06,-0.74,0.018,calibration
2010-04-14,2.93,3.058,993.56,2.64,7.781,calibration
2010-04-15,3.552,3.464,1000.58,-0.06,18.556,calibration
2010-04-16,4.078,3.337,998.94,-0.68,0.026,calibration
2010-04-17,4.013,3.219,997.25,-0.59,0.005,calibration
2010-04-18,3.947,3.094,995.98,-1.28,0.14,calibration
2010-04-19,3.815,3.038,993.2,1.05,0.001,calibration
2010-04-20,3.815,3.047,989.11,2.6,0,calibration
2010-04-21,3.881,3.068,984.74,2.91,0.006,calibration
2010-04-22,3.947,3.081,980.66,2.64,0.135,calibration
2010-04-23,4.078,3.096,976.46,2.75,0.071,calibration
2010-04-24,4.44,3.189,970.54,4.38,0.005,calibration
2010-04-25,4.572,3.292,964.36,4.59,0.049,calibration
2010-04-26,4.901,3.461,958.07,4.9,1.414,calibration
2010-04-27,4.966,3.546,955.95,1.87,3.827,calibration
2010-04-28,5.131,3.602,951.42,3.43,0.962,calibration
2010-04-29,5.295,3.637,949.59,1.62,3.191,calibration
2010-04-30,5.295,3.834,946.16,4.25,5.051,calibration
2010-05-01,6.085,4.145,952.54,0.98,16.708,calibration
2010-05-02,6.151,4.031,950.98,1.4,0.856,calibration
2010-05-03,5.92,4.108,948.83,3.41,4.053,calibration
2010-05-04,5.69,4.039,945.98,2.77,0.502,calibration
2010-05-05,5.69,4.041,941.3,4.58,0.081,calibration
2010-05-06,5.92,4.058,936.96,4.36,0.713,calibration
2010-05-07,5.69,4.094,933.36,3.85,1.836,calibration
2010-05-08,5.854,4.165,931.14,3.42,3.88,calibration
2010-05-09,6.019,4.245,928.09,3.58,3.363,calibration
2010-05-10,6.249,4.539,926.03,3.59,8.781,calibration
2010-05-11,6.151,4.78,926.54,2.71,10.309,calibration
2010-05-12,5.92,4.697,924.28,2.39,1.329,calibration
2010-05-13,6.019,4.62,920.93,3.33,0.331,calibration
2010-05-14,6.085,4.515,918.18,2.56,0.289,calibration
2010-05-15,6.249,4.426,914.93,3.09,0.025,calibration
2010-05-16,6.249,4.509,908.55,6.12,0.478,calibration
2010-05-17,6.085,4.622,904.75,4.37,3.766,calibration
2010-05-18,5.92,4.657,900.16,4.73,1.43,calibration
2010-05-19,6.019,4.706,895.26,5.04,1.48,calibration
2010-05-20,6.019,4.979,889.29,6.05,5.3,calibration
2010-05-21,6.315,5.451,887.48,4.22,13.772,calibration
2010-05-22,7.203,5.515,887.92,1.66,7.649,calibration
2010-05-23,6.644,5.349,886.39,1.55,1.075,calibration
2010-05-24,5.92,5.259,883.6,4,1.321,calibration
2010-05-25,5.624,5.378,878.14,7,3.144,calibration
2010-05-26,5.69,5.618,881.14,2.52,13.963,calibration
2010-05-27,5.624,5.684,882.36,2.53,8.717,calibration
2010-05-28,5.295,5.605,879.6,4.41,1.992,calibration
2010-05-29,5.23,5.611,874.22,6.81,1.188,calibration
2010-05-30,5.361,5.662,867.51,7.96,0.972,calibration
2010-05-31,5.624,5.907,861.99,7.28,6.638,calibration
2010-06-01,5.526,6.271,856.55,7.39,9.521,calibration
2010-06-02,6.019,6.721,853.18,5.7,13.721,calibration
2010-06-03,6.414,6.874,851.42,4.71,8.914,calibration
2010-06-04,6.085,6.896,848.57,5.17,5.186,calibration
2010-06-05,6.249,6.808,843.31,6.65,0.521,calibration
2010-06-06,6.315,6.84,835.89,8.58,1.006,calibration
2010-06-07,6.414,6.941,827.78,9.19,2.039,calibration
2010-06-08,7.104,7.091,819.1,9.66,2.762,calibration
2010-06-09,7.598,7.301,809.37,10.57,3.293,calibration
2010-06-10,8.519,7.52,798.49,11.55,2.679,calibration
2010-06-11,9.308,7.754,788.42,10.85,4.175,calibration
2010-06-12,8.716,8.002,779.65,9.74,6.214,calibration
2010-06-13,8.091,8.195,771.51,9.26,5.761,calibration
2010-06-14,8.091,8.314,762.35,10.08,3.334,calibration
2010-06-15,8.486,8.472,752.88,10.34,4.344,calibration
2010-06-16,8.946,8.576,744.71,10.7,4.679,calibration
2010-06-17,9.209,8.782,737.46,10.46,8.353,calibration
2010-06-18,9.045,8.844,730.31,10.37,5.169,calibration
2010-06-19,9.111,9.001,723.04,10.5,7.785,calibration
2010-06-20,8.782,9.014,713.82,12.47,2.605,calibration
2010-06-21,9.374,9.297,705.53,11.53,11.278,calibration
2010-06-22,9.703,9.463,698.37,10.38,9.241,calibration
2010-06-23,9.538,9.456,691.7,9.88,5.586,calibration
2010-06-24,9.275,9.67,687.33,7.68,13.658,calibration
2010-06-25,8.552,9.565,682.39,8.16,4.604,calibration
2010-06-26,8.321,9.527,676.23,9.42,5.316,calibration
2010-06-27,8.321,9.382,668.54,10.92,1.315,calibration
2010-06-28,8.321,9.223,660.28,11.5,0.846,calibration
2010-06-29,8.88,9.069,652.45,11.06,1.823,calibration
2010-06-30,8.88,8.918,645.56,10.1,3.093,calibration
2010-07-01,8.223,8.812,638.33,10.45,4.406,calibration
2010-07-02,8.223,8.677,629.97,11.6,2.251,calibration
2010-07-03,8.321,8.577,622.37,10.83,4.201,calibration
2010-07-04,7.927,8.472,616.95,10.96,5.771,calibration
2010-07-05,7.762,8.38,612.23,10.1,6.759,calibration
2010-07-06,7.367,8.265,607.62,9.95,5.825,calibration
2010-07-07,7.137,8.126,601.68,11.67,3.401,calibration
2010-07-08,7.203,7.977,594.87,12.79,2.256,calibration
2010-07-09,7.203,7.866,588.34,12.42,3.925,calibration
2010-07-10,7.367,7.874,582.89,11.04,9.084,calibration
2010-07-11,7.433,7.663,577.55,10.9,0.92,calibration
2010-07-12,7.367,7.447,572.06,11.09,0.746,calibration
2010-07-13,7.302,7.311,566.18,11.59,3.536,calibration
2010-07-14,7.039,7.166,559.76,12.29,2.342,calibration
2010-07-15,6.808,7.092,553.32,12.3,5.032,calibration
2010-07-16,6.414,7.091,545.16,14.52,5.089,calibration
2010-07-17,6.644,7.045,537.6,13.76,3.345,calibration
2010-07-18,7.137,7.085,531.64,11.7,8.191,calibration
2010-07-19,6.907,6.925,525.66,11.71,0.8,calibration
2010-07-20,6.644,6.851,519.67,11.73,4.165,calibration
2010-07-21,6.907,6.946,516.85,7.83,13.384,calibration
2010-07-22,6.183,6.732,512.87,9.14,0.286,calibration
2010-07-23,5.69,6.542,508.83,9.23,1.202,calibration
2010-07-24,5.328,6.352,504.84,9.18,1.375,calibration
2010-07-25,5.032,6.139,500.6,9.92,0.201,calibration
2010-07-26,4.966,5.915,497.42,10.99,0.658,calibration
2010-07-27,4.802,5.706,493.56,12.24,0.508,calibration
2010-07-28,4.802,5.523,489.14,13.3,0.981,calibration
2010-07-29,4.966,5.355,485.32,12.17,1.945,calibration
2010-07-30,4.966,5.234,482.29,10.7,4.656,calibration
2010-07-31,4.67,5.057,480.49,8.44,2.433,calibration
2010-08-01,4.341,4.866,477.31,10.99,0.116,calibration
2010-08-02,4.21,4.699,473.33,12.47,0.333,calibration
2010-08-03,4.078,4.595,468.44,14.15,2.688,calibration
2010-08-04,3.914,4.519,464.1,13.14,3.526,calibration
2010-08-05,3.914,4.441,459.35,13.89,1.873,calibration
2010-08-06,3.947,4.357,454.77,13.59,1.37,calibration
2010-08-07,3.914,4.284,449.97,13.99,1.014,calibration
2010-08-08,4.013,4.206,445.58,13.23,1.398,calibration
2010-08-09,3.947,4.099,441.51,12.64,0.576,calibration
2010-08-10,3.782,3.988,437.26,12.97,0.31,calibration
2010-08-11,3.717,3.893,432.39,14.12,0.476,calibration
2010-08-12,3.684,3.822,427.33,14.47,1.369,calibration
2010-08-13,3.519,3.898,422.64,13.79,8.726,calibration
2010-08-14,3.914,3.844,418.58,12.6,1.821,calibration
2010-08-15,3.717,3.77,414.6,12.48,1.243,calibration
2010-08-16,3.519,3.704,410.47,12.74,1.629,calibration
2010-08-17,3.421,3.635,406.07,13.25,1.139,calibration
2010-08-18,3.276,3.547,401.94,12.75,0.551,calibration
2010-08-19,3.23,3.467,397.1,14.07,0.212,calibration
2010-08-20,3.184,3.405,391.93,14.68,0.761,calibration
2010-08-21,3.184,3.359,386.77,14.65,1.407,calibration
2010-08-22,3.141,3.349,384.51,14.08,5.806,calibration
2010-08-23,3.519,3.455,384.18,7.98,12.91,calibration
2010-08-24,3.322,3.319,383.81,7.59,1.123,calibration
2010-08-25,3.006,3.212,383.37,7.87,2.166,calibration
2010-08-26,2.789,3.111,382.29,10.11,0.14,calibration
2010-08-27,2.664,3.07,380.7,11.89,0.614,calibration
2010-08-28,2.625,3.029,378.82,12.86,0.449,calibration
2010-08-29,2.588,2.997,376.88,13.07,2.001,calibration
2010-08-30,2.454,2.964,374.81,13.52,1.443,calibration
2010-08-31,2.519,2.932,372.53,14.24,1.479,calibration
2010-09-01,2.483,2.922,370.66,12.8,5.509,calibration
2010-09-02,2.414,2.905,369.06,11.92,3.592,calibration
2010-09-03,2.381,2.868,367.05,13.29,0.24,calibration
2010-09-04,2.381,2.832,364.7,14.5,0.273,calibration
2010-09-05,2.381,2.798,362.3,14.65,0.41,calibration
2010-09-06,2.414,2.77,360.5,12.58,2.142,calibration
2010-09-07,2.348,2.75,358.86,12.05,3.201,calibration
2010-09-08,2.283,2.744,357.51,11.04,5.407,calibration
2010-09-09,2.223,2.706,356.25,10.74,0.358,calibration
2010-09-10,2.167,2.672,355.17,10.07,1.341,calibration
2010-09-11,2.138,2.68,355.47,7.2,9.205,calibration
2010-09-12,2.112,2.64,356.06,2.74,1.735,calibration
2010-09-13,1.98,2.591,356.06,3.32,0.002,calibration
2010-09-14,1.901,2.546,355.7,6.03,0,calibration
2010-09-15,1.822,2.541,357.22,4.89,8.364,calibration
2010-09-16,1.848,2.536,365.4,-0.41,13.286,calibration
2010-09-17,1.799,2.501,366.54,-0.11,2.453,calibration
2010-09-18,1.724,2.459,366.94,-0.11,0.929,calibration
2010-09-19,1.651,2.418,366.82,0.98,0.334,calibration
2010-09-20,1.651,2.383,365.66,3.33,0.05,calibration
2010-09-21,1.628,2.355,363.52,5.75,0.058,calibration
2010-09-22,1.605,2.341,361.58,6.61,2.123,calibration
2010-09-23,1.582,2.329,362.16,4.64,4.666,calibration
2010-09-24,1.536,2.321,362.84,4.54,5.106,calibration
2010-09-25,1.536,2.299,362.98,4.96,2.649,calibration
2010-09-26,1.513,2.274,363.45,3.65,2.707,calibration
2010-09-27,1.493,2.236,363.66,2.18,0.633,calibration
2010-09-28,1.454,2.195,363.67,2.96,0.018,calibration
2010-09-29,1.434,2.157,363.27,5.17,0.006,calibration
2010-09-30,1.434,2.12,362.91,6.56,0.15,calibration
2010-10-01,1.414,2.083,362.7,6.72,0.109,calibration
2010-10-02,1.395,2.047,362.19,8.02,0.003,calibration
2010-10-03,1.375,2.014,361.45,8.93,0.149,calibration
2010-10-04,1.355,1.983,360.62,9.24,0.545,calibration
2010-10-05,1.355,1.96,360.28,7.53,2.487,calibration
2010-10-06,1.355,1.973,360.9,5.85,10.342,calibration
2010-10-07,1.335,2.018,362.94,4.48,11.219,calibration
2010-10-08,1.414,2.117,371.41,0.91,17.413,calibration
2010-10-09,1.395,2.016,371.43,-0.15,0.041,calibration
2010-10-10,1.355,1.982,371.66,-0.29,0.46,calibration
2010-10-11,1.335,1.95,372.04,0.43,0.787,calibration
2010-10-12,1.316,1.924,372.27,2.33,1.201,calibration
2010-10-13,1.335,1.946,380.79,-0.47,13.834,calibration
2010-10-14,1.296,1.933,381.93,1.48,3.14,calibration
2010-10-15,1.279,1.962,386.94,-0.17,10.379,calibration
2010-10-16,1.279,1.938,386.74,2.01,1.16,calibration
2010-10-17,1.279,1.92,385.2,3.98,0.003,calibration
2010-10-18,1.296,1.894,384.54,4.01,0.152,calibration
2010-10-19,1.279,1.992,387.97,2.66,10.883,calibration
2010-10-20,1.316,2.147,395.92,0.78,16.35,calibration
2010-10-21,1.335,2.017,400.46,-9.94,4.598,calibration
2010-10-22,1.26,1.948,400.46,-9.33,0.001,calibration
2010-10-23,1.243,1.914,400.28,-6.63,0.001,calibration
2010-10-24,1.243,1.883,399.91,-4.59,0,calibration
2010-10-25,1.224,1.853,399.58,-3.28,0,calibration
2010-10-26,1.224,1.829,400.67,-2.84,1.807,calibration
2010-10-27,1.224,1.83,406.31,-3.52,7.787,calibration
2010-10-28,1.224,1.826,411.28,-2.63,6.8,calibration
2010-10-29,1.207,1.831,415.07,-1.69,6.349,calibration
2010-10-30,1.207,1.81,416.44,-2.27,2.25,calibration
2010-10-31,1.171,1.777,416.45,-2.48,0.012,calibration
2010-11-01,1.155,1.753,416.64,-0.62,0.825,calibration
2010-11-02,1.138,1.86,421.45,0.06,10.981,calibration
2010-11-03,1.171,1.843,432.11,-4.76,12.803,calibration
2010-11-04,1.155,1.786,432.11,-7.27,0.005,calibration
2010-11-05,1.138,1.753,432.12,-7.34,0.002,calibration
2010-11-06,1.138,1.721,432.12,-7.37,0.002,calibration
2010-11-07,1.122,1.689,432.13,-5.04,0.01,calibration
2010-11-08,1.105,1.663,431.82,-2.39,0.001,calibration
2010-11-09,1.105,1.643,431.03,-0.99,0,calibration
2010-11-10,1.089,1.622,430.37,-1.2,0.002,calibration
2010-11-11,1.089,1.592,430.37,-2.97,0,calibration
2010-11-12,1.072,1.562,430.37,-4.71,0,calibration
2010-11-13,1.056,1.534,430.37,-5.36,0.001,calibration
2010-11-14,1.056,1.505,430.37,-4.56,0.001,calibration
2010-11-15,1.056,1.478,430.38,-5.29,0.001,calibration
2010-11-16,1.039,1.45,430.38,-5.54,0.003,calibration
2010-11-17,1.039,1.424,430.38,-3.22,0,calibration
2010-11-18,1.039,1.397,430.38,-2.82,0,calibration
2010-11-19,1.039,1.372,430.38,-5.01,0.009,calibration
2010-11-20,1.039,1.347,430.84,-6.94,0.497,calibration
2010-11-21,1.006,1.33,433.7,-7.12,3.111,calibration
2010-11-22,1.006,1.306,434.23,-8.29,0.538,calibration
2010-11-23,1.006,1.283,434.19,-7.67,0,calibration
2010-11-24,0.99,1.26,434.16,-5.91,0.027,calibration
2010-11-25,0.99,1.24,434.54,-5.21,0.625,calibration
2010-11-26,0.974,1.218,434.84,-6.36,0.326,calibration
2010-11-27,0.974,1.196,434.84,-6.66,0,calibration
2010-11-28,0.974,1.175,434.72,-5.42,0,calibration
2010-11-29,0.974,1.155,434.57,-3.8,0,calibration
2010-11-30,0.974,1.134,434.57,-4.9,0.001,calibration
2010-12-01,0.957,1.113,434.57,-4.74,0.002,calibration
2010-12-02,0.941,1.104,436.25,-3.76,2.419,calibration
2010-12-03,0.941,1.108,453.09,-8.38,17.062,calibration
2010-12-04,0.941,1.087,453.1,-15.78,0.007,calibration
2010-12-05,0.924,1.067,453.1,-12.8,0.003,calibration
2010-12-06,0.924,1.048,453.1,-10.09,0.001,calibration
2010-12-07,0.908,1.028,453.1,-9.43,0.002,calibration
2010-12-08,0.891,1.009,453.1,-10.22,0.001,calibration
2010-12-09,0.908,0.991,453.1,-8.23,0.001,calibration
2010-12-10,0.908,0.973,453.1,-8.21,0.001,calibration
2010-12-11,0.908,0.955,453.09,-8.14,0.002,calibration
2010-12-12,0.908,0.942,452.72,-5.67,0.001,calibration
2010-12-13,0.908,0.932,452.07,-4.5,0,calibration
2010-12-14,0.908,0.923,451.45,-4.63,0,calibration
2010-12-15,0.891,0.91,451.53,-5.18,0.355,calibration
2010-12-16,0.891,0.898,454.6,-9.33,3.111,calibration
2010-12-17,0.891,0.881,454.66,-12.11,0.059,calibration
2010-12-18,0.891,0.865,454.66,-13.08,0.001,calibration
2010-12-19,0.891,0.855,458.8,-8.88,4.198,calibration
2010-12-20,0.908,0.849,465.59,-8.7,6.879,calibration
2010-12-21,0.908,0.834,466.14,-11.4,0.53,calibration
2010-12-22,0.891,0.819,466.62,-15.33,0.431,calibration
2010-12-23,0.891,0.804,466.62,-15.54,0.002,calibration
2010-12-24,0.858,0.789,466.61,-12.25,0.001,calibration
2010-12-25,0.826,0.774,466.61,-12.18,0,calibration
2010-12-26,0.826,0.76,466.61,-12.6,0.001,calibration
2010-12-27,0.826,0.746,466.61,-12.47,0,calibration
2010-12-28,0.826,0.733,466.59,-11.07,0.001,calibration
2010-12-29,0.826,0.719,466.59,-11.04,0.001,calibration
2010-12-30,0.826,0.706,466.6,-13.35,0.002,calibration
2010-12-31,0.826,0.693,466.6,-15.42,0,calibration
2011-01-01,0.812,0.68,466.6,-13.07,0,calibration
2011-01-02,0.796,0.671,466.55,-6.59,0.204,calibration
2011-01-03,0.796,0.66,467.81,-8.61,1.279,calibration
2011-01-04,0.796,0.655,472.53,-9.66,4.785,calibration
2011-01-05,0.779,0.643,472.55,-12.97,0.019,calibration
2011-01-06,0.779,0.631,472.56,-15.6,0.004,calibration
2011-01-07,0.779,0.62,472.56,-16.6,0.003,calibration
2011-01-08,0.779,0.608,472.56,-17.65,0.002,calibration
2011-01-09,0.763,0.597,472.57,-17.28,0.004,calibration
2011-01-10,0.763,0.586,472.57,-17.02,0.006,calibration
2011-01-11,0.763,0.575,472.58,-14.74,0.001,calibration
2011-01-12,0.747,0.565,472.6,-14.79,0.025,calibration
2011-01-13,0.747,0.554,472.66,-13.56,0.057,calibration
2011-01-14,0.763,0.544,472.8,-14.47,0.125,calibration
2011-01-15,0.747,0.534,473.33,-15.55,0.478,calibration
2011-01-16,0.747,0.524,473.69,-16.16,0.32,calibration
2011-01-17,0.747,0.521,480.71,-11.54,6.807,calibration
2011-01-18,0.747,0.513,483.14,-11.68,2.328,calibration
2011-01-19,0.747,0.504,483.14,-13.81,0.006,calibration
2011-01-20,0.747,0.495,483.53,-12.96,0.355,calibration
2011-01-21,0.73,0.49,489.08,-12.17,5.33,calibration
2011-01-22,0.73,0.481,491.25,-14.36,1.953,calibration
2011-01-23,0.73,0.472,498.06,-16.24,6.111,calibration
2011-01-24,0.73,0.463,498.07,-18.78,0.008,calibration
2011-01-25,0.714,0.455,498.04,-13.71,0.001,calibration
2011-01-26,0.714,0.448,497.95,-12.09,0,calibration
2011-01-27,0.714,0.444,498.28,-9.98,0.613,calibration
2011-01-28,0.714,0.442,503.84,-10.61,5.443,calibration
2011-01-29,0.714,0.438,507.33,-10.48,3.454,calibration
2011-01-30,0.697,0.451,520.4,-8.66,13.386,calibration
2011-01-31,0.714,0.484,534.8,-7.07,16.136,calibration
2011-02-01,0.714,0.547,547.73,-5.86,16.37,calibration
2011-02-02,0.73,0.821,565.02,-3.67,25.728,calibration
2011-02-03,0.895,0.77,565.32,-4.23,1.985,calibration
2011-02-04,0.875,0.704,571.57,-7.04,6.956,calibration
2011-02-05,0.855,0.677,572.68,-11.89,1.069,calibration
2011-02-06,0.835,0.667,574.55,-11.45,1.791,calibration
2011-02-07,0.812,0.656,576.64,-12.17,2.006,calibration
2011-02-08,0.793,0.658,591.6,-11.66,14.359,calibration
2011-02-09,0.773,0.646,593.7,-15.2,1.89,calibration
2011-02-10,0.753,0.636,593.59,-11.3,0.002,calibration
2011-02-11,0.734,0.628,594.23,-8.45,0.829,calibration
2011-02-12,0.714,0.633,598.14,-7.53,4.609,calibration
2011-02-13,0.694,0.638,601.79,-7.31,4.368,calibration
2011-02-14,0.671,0.627,601.84,-9.97,0.067,calibration
2011-02-15,0.651,0.616,601.84,-10.09,0.007,calibration
2011-02-16,0.631,0.605,602.34,-10.29,0.483,calibration
2011-02-17,0.612,0.6,605.52,-9.89,3.254,calibration
2011-02-18,0.612,0.617,620.95,-9.25,15.723,calibration
2011-02-19,0.612,0.613,628.75,-11.25,7.489,calibration
2011-02-20,0.595,0.603,633.13,-13.28,4.023,calibration
2011-02-21,0.595,0.665,667.05,-8.68,34.7,calibration
2011-02-22,0.628,0.68,676.45,-6.7,10.769,calibration
2011-02-23,0.628,0.675,684.24,-10.95,7.476,calibration
2011-02-24,0.47,0.663,684.26,-16.62,0.023,calibration
2011-02-25,0.428,0.651,685.73,-16.82,1.312,calibration
2011-02-26,0.447,0.639,687.48,-18.43,1.573,calibration
2011-02-27,0.457,0.627,687.62,-17.76,0.129,calibration
2011-02-28,0.457,0.616,687.9,-18.46,0.249,calibration
2011-03-01,0.457,0.604,687.91,-17.77,0.005,calibration
2011-03-02,0.457,0.593,687.91,-14.82,0.007,calibration
2011-03-03,0.437,0.583,690.32,-13.7,2.242,calibration
2011-03-04,0.437,0.575,693.77,-12.4,3.227,calibration
2011-03-05,0.447,0.564,694.47,-12.87,0.644,calibration
2011-03-06,0.437,0.557,695.51,-10.7,1.098,calibration
2011-03-07,0.437,0.554,696.21,-8.87,1.072,calibration
2011-03-08,0.437,0.55,695.8,-7.47,0.002,calibration
2011-03-09,0.437,0.557,694.66,-4.55,0.002,calibration
2011-03-10,0.437,0.589,695.39,-3.36,3.311,calibration
2011-03-11,0.47,0.624,698.29,-3.64,5.465,calibration
2011-03-12,0.562,0.65,697.14,-1.65,1.228,calibration
2011-03-13,0.595,0.724,695.24,0.14,2.412,calibration
2011-03-14,0.71,1.077,697.47,1.15,12.566,calibration
2011-03-15,0.931,1.118,716.42,-6.36,20.874,calibration
2011-03-16,0.908,0.991,716.29,-7.06,0.006,calibration
2011-03-17,0.793,0.911,721.04,-7.49,5.258,calibration
2011-03-18,0.727,0.876,720.94,-7.32,0.003,calibration
2011-03-19,0.71,0.861,720.87,-7.69,0,calibration
2011-03-20,0.71,0.845,720.88,-8.94,0.001,calibration
2011-03-21,0.71,0.831,720.83,-7.5,0.035,calibration
2011-03-22,0.727,0.819,720.66,-6.37,0.05,calibration
2011-03-23,0.727,0.82,719.68,-3.61,0,calibration
2011-03-24,0.743,0.881,719.79,-0.96,3.946,calibration
2011-03-25,0.931,1.095,726.56,-2.3,13.487,calibration
2011-03-26,1.052,1.19,733.03,-2.78,10.645,calibration
2011-03-27,1.003,1.127,731.99,-2.69,0.441,calibration
2011-03-28,0.977,1.05,730.9,-3.36,0.005,calibration
2011-03-29,0.931,1.04,729.71,-3.11,0.001,calibration
2011-03-30,0.977,1.052,729.87,-2.99,1.901,calibration
2011-03-31,1.059,1.094,736.03,-3.88,9.108,calibration
2011-04-01,1.026,1.08,736.62,-4.73,0.953,calibration
2011-04-02,1.052,1.113,746.29,-4.91,11.844,calibration
2011-04-03,1.128,1.103,752.01,-8.94,5.789,calibration
2011-04-04,1.026,1.083,752.01,-10.03,0.008,calibration
2011-04-05,1.003,1.067,751.78,-6.19,0.002,calibration
2011-04-06,1.003,1.06,750.99,-3.12,0,calibration
2011-04-07,1.026,1.058,749.9,-1.84,0.002,calibration
2011-04-08,1.052,1.068,748.11,-0.39,0,calibration
2011-04-09,1.155,1.09,746.86,-0.26,1.29,calibration
2011-04-10,1.349,1.117,745.5,0,1.432,calibration
2011-04-11,1.487,1.147,743.45,0.71,1.019,calibration
2011-04-12,1.602,1.179,740.18,1.72,0.001,calibration
2011-04-13,1.839,1.256,735.92,2.87,0.245,calibration
2011-04-14,1.99,1.366,731.24,3.45,0.562,calibration
2011-04-15,2.171,1.521,732.41,0.37,7.138,calibration
2011-04-16,2.112,1.495,732.32,-1.1,2.207,calibration
2011-04-17,1.931,1.456,730.23,0.05,0.003,calibration
2011-04-18,1.901,1.44,727.68,0.73,0.006,calibration
2011-04-19,1.96,1.639,730.58,-0.34,9.72,calibration
2011-04-20,1.96,1.581,728.81,-0.41,0.003,calibration
2011-04-21,2.052,1.622,724.9,3.7,0,calibration
2011-04-22,2.112,1.758,718.85,5.83,0,calibration
2011-04-23,2.618,1.906,712.44,6.13,0.001,calibration
2011-04-24,2.684,2.137,704.13,7.67,0.001,calibration
2011-04-25,3.023,2.311,697.16,6.59,0.265,calibration
2011-04-26,3.263,2.402,691.76,5.29,0.127,calibration
2011-04-27,3.684,3.131,689.43,5.22,16.715,calibration
2011-04-28,4.078,3.358,688.47,3.53,7.847,calibration
2011-04-29,4.078,3.347,688.53,1.35,4.151,calibration
2011-04-30,3.684,3.271,685.67,2.6,0.038,calibration
2011-05-01,3.355,3.284,680.97,5.82,0,calibration
2011-05-02,3.388,3.453,672.88,9.15,0.001,calibration
2011-05-03,3.486,3.654,663.92,9.9,0.005,calibration
2011-05-04,3.651,3.803,656.15,8.88,0.312,calibration
2011-05-05,3.848,4.207,654.35,5.36,11.865,calibration
2011-05-06,3.947,4.679,660,1.79,20.424,calibration
2011-05-07,3.782,4.676,660.65,2.05,6.149,calibration
2011-05-08,3.388,4.786,662.84,1.68,10.009,calibration
2011-05-09,3.161,4.741,663.22,1.97,5.194,calibration
2011-05-10,3.092,4.834,663.7,3.41,8.153,calibration
2011-05-11,3.092,4.806,663.69,2.65,5.294,calibration
2011-05-12,2.99,4.672,662.25,2.99,1.688,calibration
2011-05-13,2.99,4.648,656.81,6.8,0.143,calibration
2011-05-14,3.059,4.85,648.9,9.03,2.982,calibration
2011-05-15,3.289,5.137,639.36,10.4,3.593,calibration
2011-05-16,3.749,5.647,630.54,10.88,9.731,calibration
2011-05-17,4.605,5.647,624.74,9,1.402,calibration
2011-05-18,4.473,5.918,622.45,5.99,11.409,calibration
2011-05-19,4.144,6.087,626.93,2.34,15.445,calibration
2011-05-20,3.684,5.814,625.95,3.25,0.48,calibration
2011-05-21,3.519,5.587,624.06,4.55,0.445,calibration
2011-05-22,3.454,5.45,620.11,7.06,0.589,calibration
2011-05-23,3.486,5.357,615.54,7.73,1.343,calibration
2011-05-24,3.355,5.332,610.38,8.35,2.781,calibration
2011-05-25,3.585,5.369,606.65,7.26,6.418,calibration
2011-05-26,3.519,5.332,605.93,4.65,7.213,calibration
2011-05-27,3.23,5.173,602.19,6.81,0.439,calibration
2011-05-28,3.263,5.116,597.76,7.61,3.244,calibration
2011-05-29,3.454,5.103,596.93,5.07,8.238,calibration
2011-05-30,3.23,5.021,593.97,6.14,3.297,calibration
2011-05-31,3.194,4.847,592.32,4.55,1.702,calibration
2011-06-01,3.23,4.667,589.37,6.11,0.226,calibration
2011-06-02,3.263,4.503,587.4,6.51,1.742,calibration
2011-06-03,3.289,4.759,590.34,5.53,23.966,calibration
2011-06-04,3.585,4.993,592.79,4.16,17.647,calibration
2011-06-05,3.651,4.824,590.15,7.36,0.255,calibration
2011-06-06,3.519,4.913,586.86,8.35,7.253,calibration
2011-06-07,3.585,5.184,583.04,9.13,12.282,calibration
2011-06-08,3.848,5.414,579.45,8.81,10.861,calibration
2011-06-09,4.243,5.527,575.49,9.22,7.257,calibration
2011-06-10,4.21,5.547,571.61,9.1,5.078,calibration
2011-06-11,4.144,5.823,567.78,9.14,12.244,calibration
2011-06-12,4.341,6.075,563.82,9.29,11.02,calibration
2011-06-13,4.605,6.235,559.8,9.33,8.649,calibration
2011-06-14,4.473,6.389,555.24,9.9,8.33,calibration
2011-06-15,4.473,6.44,549.76,11.08,5.186,calibration
2011-06-16,4.605,6.642,545.99,9.05,11.709,calibration
2011-06-17,4.67,6.846,542.21,9.06,11.421,calibration
2011-06-18,4.638,7.024,538.46,9.02,10.825,calibration
2011-06-19,4.638,7.039,534.9,8.7,6.894,calibration
2011-06-20,4.44,6.885,529.81,10.57,0.923,calibration
2011-06-21,4.539,6.718,524.44,10.93,0.649,calibration
2011-06-22,4.572,6.568,519.29,10.65,1.857,calibration
2011-06-23,4.44,6.411,514.26,11.7,1.819,calibration
2011-06-24,4.539,6.221,509.49,13.94,0.848,calibration
2011-06-25,4.638,6.225,506.61,10.44,10.693,calibration
2011-06-26,4.835,5.989,503.85,10.2,0.483,calibration
2011-06-27,4.605,5.78,500.81,10.72,1.09,calibration
2011-06-28,4.539,5.596,497.87,10.54,2.256,calibration
2011-06-29,4.341,5.46,495.41,9.65,4.707,calibration
2011-06-30,4.078,5.472,493.81,8.29,11.606,calibration
2011-07-01,3.881,5.288,491.68,9.06,1.855,calibration
2011-07-02,3.749,5.107,489.26,9.59,1.626,calibration
2011-07-03,3.749,4.929,485.21,12.59,0.05,calibration
2011-07-04,3.815,4.782,480.69,13.47,0.982,calibration
2011-07-05,3.881,4.638,475.78,14.2,0.532,calibration
2011-07-06,3.848,4.535,471.34,13.32,2.948,calibration
2011-07-07,3.782,4.482,467.45,12.3,5.477,calibration
2011-07-08,3.618,4.372,463.53,12.35,1.865,calibration
2011-07-09,3.618,4.328,459.94,11.76,5.163,calibration
2011-07-10,3.618,4.223,455.53,13.27,1.096,calibration
2011-07-11,3.651,4.124,450.15,15.05,0.41,calibration
2011-07-12,3.684,4.059,444.19,16.14,1.449,calibration
2011-07-13,3.651,4.074,439.74,13.34,6.608,calibration
2011-07-14,3.651,3.963,436.69,10.76,1.499,calibration
2011-07-15,3.618,3.796,435.04,10.61,0.315,calibration
2011-07-16,3.585,3.627,433.42,11.97,0.147,calibration
2011-07-17,3.552,3.484,431.74,12.15,1.314,calibration
2011-07-18,3.519,3.375,430.37,11.14,3.599,calibration
2011-07-19,3.486,3.293,429.64,9.09,5.324,calibration
2011-07-20,3.454,3.225,428.71,9.58,5.243,calibration
2011-07-21,3.421,3.097,427.19,11.65,0.842,calibration
2011-07-22,3.421,2.983,425.47,12.3,1.341,calibration
2011-07-23,3.421,2.893,423.7,12.49,0.252,calibration
2011-07-24,3.454,2.855,421.89,12.61,1.053,calibration
2011-07-25,3.421,2.808,420.72,10.44,0.053,calibration
2011-07-26,3.355,2.763,419.23,11.5,0.021,calibration
2011-07-27,3.388,2.721,416.93,14.32,0.045,calibration
2011-07-28,3.421,2.695,414.84,13.59,3.982,calibration
2011-07-29,3.421,2.667,412.77,13.51,2.395,calibration
2011-07-30,3.388,2.648,410.84,13.04,4.077,calibration
2011-07-31,3.322,2.627,408.82,13.36,2.632,calibration
2011-08-01,3.279,2.602,406.66,13.82,1.952,calibration
2011-08-02,3.279,2.573,403.87,16,0.409,calibration
2011-08-03,3.322,2.543,400.8,16.95,0.057,calibration
2011-08-04,3.355,2.513,397.58,17.46,0.047,calibration
2011-08-05,3.421,2.484,394.25,17.88,0.049,calibration
2011-08-06,3.421,2.456,390.66,18.74,0.056,calibration
2011-08-07,3.454,2.438,387.98,15.6,3.094,calibration
2011-08-08,3.421,2.405,386.52,11.45,0.86,calibration
2011-08-09,3.388,2.37,385.05,11.44,0.45,calibration
2011-08-10,3.246,2.335,384.21,9.33,1.025,calibration
2011-08-11,3.151,2.298,382.8,11.21,0.003,calibration
2011-08-12,3.118,2.265,380.97,12.71,0.554,calibration
2011-08-13,3.118,2.233,378.49,14.93,0.008,calibration
2011-08-14,3.118,2.204,375.78,15.7,0.65,calibration
2011-08-15,3.151,2.177,373.31,14.91,0.754,calibration
2011-08-16,3.118,2.155,371.02,14.26,2.243,calibration
2011-08-17,3.085,2.134,368.8,14.05,1.962,calibration
2011-08-18,3.085,2.11,366.52,14.23,0.997,calibration
2011-08-19,3.055,2.09,364.54,13.21,1.862,calibration
2011-08-20,3.026,2.098,363.11,11.33,8.082,calibration
2011-08-21,3.026,2.087,361.72,11.19,2.761,calibration
2011-08-22,2.993,2.062,359.66,13.49,0.017,calibration
2011-08-23,2.963,2.04,357.03,15.45,0.102,calibration
2011-08-24,2.993,2.034,354.76,14.19,3.353,calibration
2011-08-25,2.993,2.035,353.25,11.61,4.807,calibration
2011-08-26,2.908,2.008,352.25,9.84,0.676,calibration
2011-08-27,2.822,1.98,351.65,8.4,0.788,calibration
2011-08-28,2.796,1.959,352.27,5.22,3.427,calibration
2011-08-29,2.602,1.926,352.05,6.88,0.375,calibration
2011-08-30,2.519,1.898,351.91,6.71,1.237,calibration
2011-08-31,2.437,1.872,351.84,6.53,1.813,calibration
2011-09-01,2.355,1.843,350.7,10.34,0.036,calibration
2011-09-02,2.329,1.817,349.17,11.63,0.252,calibration
2011-09-03,2.329,1.797,347.64,11.66,1.755,calibration
2011-09-04,2.355,1.772,345.8,12.72,0.059,calibration
2011-09-05,2.381,1.749,343.65,13.81,0.045,calibration
2011-09-06,2.408,1.726,341.31,14.44,0.005,calibration
2011-09-07,2.437,1.706,339.35,13.16,0.714,calibration
2011-09-08,2.463,1.683,337.82,11.64,0.491,calibration
2011-09-09,2.381,1.658,336.31,11.6,0.089,calibration
2011-09-10,2.463,1.635,334.75,11.75,0.265,calibration
2011-09-11,2.463,1.612,333.12,12,0.087,calibration
2011-09-12,2.463,1.589,331.38,12.39,0.149,calibration
2011-09-13,2.463,1.569,329.39,13.24,0.489,calibration
2011-09-14,2.463,1.553,327.84,11.73,1.561,calibration
2011-09-15,2.355,1.556,328,7.44,7.786,calibration
2011-09-16,2.246,1.534,328.24,4.53,1.322,calibration
2011-09-17,2.135,1.508,327.88,7.47,0,calibration
2011-09-18,2.026,1.482,327.46,7.72,0.113,calibration
2011-09-19,1.917,1.457,327.25,6.74,0.177,calibration
2011-09-20,1.809,1.472,329.49,4.13,12.306,calibration
2011-09-21,1.7,1.449,330.02,0.69,1.106,calibration
2011-09-22,1.592,1.423,329.86,3.07,0.001,calibration
2011-09-23,1.48,1.399,329.74,5.1,0.312,calibration
2011-09-24,1.371,1.374,329.73,5.61,0.016,calibration
2011-09-25,1.263,1.35,329.39,7.39,0.039,calibration
2011-09-26,1.263,1.331,329.18,7.09,1.164,calibration
2011-09-27,1.237,1.314,329.1,6.52,1.592,calibration
2011-09-28,1.21,1.323,330.73,4.71,8.984,calibration
2011-09-29,1.21,1.316,332.18,3.22,4.285,calibration
2011-09-30,1.184,1.31,332.67,3.98,3.255,calibration
2011-10-01,1.155,1.292,331.96,6.34,0.097,calibration
2011-10-02,1.155,1.284,331.33,8.57,1.863,calibration
2011-10-03,1.128,1.29,331.58,5.96,5.012,calibration
2011-10-04,1.168,1.309,331.75,6.79,6.123,calibration
2011-10-05,1.155,1.309,334.41,1.49,5.462,calibration
2011-10-06,1.102,1.286,334.55,1.41,0.289,calibration
2011-10-07,1.102,1.262,334.59,1.23,0.084,calibration
2011-10-08,1.102,1.24,334.66,0.64,0.128,calibration
2011-10-09,1.052,1.22,334.24,3.33,0,calibration
2011-10-10,1.003,1.202,333.47,4.76,0.014,calibration
2011-10-11,1.003,1.185,332.66,6.52,0,calibration
2011-10-12,0.977,1.17,332.63,6.08,1.183,calibration
2011-10-13,0.977,1.166,332.84,5.54,3.096,calibration
2011-10-14,0.954,1.171,334.87,2.96,6.028,calibration
2011-10-15,0.954,1.17,336.23,2.22,4.028,calibration
2011-10-16,0.931,1.159,336.93,3.31,2.066,calibration
2011-10-17,0.931,1.148,337.61,2.6,2.009,calibration
2011-10-18,0.908,1.143,338.63,2.08,3.023,calibration
2011-10-19,0.908,1.139,340.57,0.87,3.984,calibration
2011-10-20,0.885,1.12,340.85,0.39,0.575,calibration
2011-10-21,0.885,1.1,340.85,1.72,0.096,calibration
2011-10-22,0.885,1.099,341.67,2.99,3.414,calibration
2011-10-23,0.885,1.104,346.23,-0.55,7.408,calibration
2011-10-24,0.885,1.091,347.98,-2.64,2.388,calibration
2011-10-25,0.839,1.07,347.98,-2.51,0.003,calibration
2011-10-26,0.839,1.053,347.92,-1.35,0.19,calibration
2011-10-27,0.839,1.164,362.9,-1.59,24.483,calibration
2011-10-28,0.862,1.118,373.48,-6.54,11.539,calibration
2011-10-29,0.839,1.099,375.42,-11.93,1.86,calibration
2011-10-30,0.793,1.078,375.43,-11.94,0.004,calibration
2011-10-31,0.793,1.073,382.15,-7.91,7.482,calibration
2011-11-01,0.793,1.065,384.98,-5.7,3.599,calibration
2011-11-02,0.776,1.047,385.71,-8.11,0.795,calibration
2011-11-03,0.776,1.027,385.73,-8.69,0.02,calibration
2011-11-04,0.76,1.013,389.15,-8.76,3.474,calibration
2011-11-05,0.76,1.007,395.34,-8.02,6.772,calibration
2011-11-06,0.76,0.995,395.67,-4.97,0.868,calibration
2011-11-07,0.76,1.087,408.93,-3.07,18.993,calibration
2011-11-08,0.816,1.049,415.05,-7.54,6.663,calibration
2011-11-09,0.776,1.03,415.19,-9.96,0.142,calibration
2011-11-10,0.76,1.014,417.59,-9.29,2.434,calibration
2011-11-11,0.76,0.996,417.67,-9.47,0.083,calibration
2011-11-12,0.76,0.98,418.82,-7.91,1.294,calibration
2011-11-13,0.743,0.985,427.89,-7.6,9.958,calibration
2011-11-14,0.776,0.992,445.44,-8.63,17.791,calibration
2011-11-15,0.727,0.975,450.09,-13.96,4.279,calibration
2011-11-16,0.727,0.981,463.86,-9.02,14.26,calibration
2011-11-17,0.76,1.105,485.37,-6.13,26.289,calibration
2011-11-18,0.862,1.097,493.54,-5.02,10.445,calibration
2011-11-19,0.816,1.074,496.85,-6.17,4.267,calibration
2011-11-20,0.793,1.058,497.24,-6.77,0.609,calibration
2011-11-21,0.793,1.555,529.09,-3.79,44.767,calibration
2011-11-22,1.401,1.717,541.54,-3.58,18.384,calibration
2011-11-23,1.155,1.994,558.88,-3.04,25.36,calibration
2011-11-24,1.102,1.945,563.11,-3.88,6.351,calibration
2011-11-25,0.793,1.818,565.1,-5.45,2.523,calibration
2011-11-26,0.76,1.782,573.65,-6.07,10.303,calibration
2011-11-27,0.727,1.672,578.23,-7.54,4.993,calibration
2011-11-28,0.71,1.551,582.62,-8.82,4.444,calibration
2011-11-29,0.71,1.415,582.67,-9.46,0.054,calibration
2011-11-30,0.71,1.375,582.59,-7.54,0.003,calibration
2011-12-01,0.76,1.39,589.34,-6.11,8.407,calibration
2011-12-02,0.839,1.422,607.56,-7.9,19.862,calibration
2011-12-03,0.793,1.396,607.88,-12.81,0.288,calibration
2011-12-04,0.76,1.376,612.52,-11.59,4.466,calibration
2011-12-05,0.793,1.353,615.22,-12.12,2.595,calibration
2011-12-06,0.776,1.329,616.46,-13.53,1.142,calibration
2011-12-07,0.76,1.304,616.64,-15.13,0.159,calibration
2011-12-08,0.76,1.28,616.64,-14.31,0.002,calibration
2011-12-09,0.76,1.257,616.64,-13.18,0.001,calibration
2011-12-10,0.76,1.233,616.77,-12.75,0.123,calibration
2011-12-11,0.71,1.211,616.91,-12.1,0.14,calibration
2011-12-12,0.743,1.195,622.58,-11.81,5.468,calibration
2011-12-13,0.743,1.173,623.57,-13.84,0.912,calibration
2011-12-14,0.743,1.152,624.56,-14.38,0.891,calibration
2011-12-15,0.71,1.131,625.53,-14.45,0.867,calibration
2011-12-16,0.71,1.11,625.54,-17.61,0.014,calibration
2011-12-17,0.694,1.09,625.5,-12.79,0.001,calibration
2011-12-18,0.661,1.07,625.68,-14.1,0.168,calibration
2011-12-19,0.661,1.05,625.86,-24.43,0.159,calibration
2011-12-20,0.661,1.031,625.99,-21.74,0.115,calibration
2011-12-21,0.661,1.012,626.2,-18.56,0.193,calibration
2011-12-22,0.645,0.993,626.21,-16.51,0.002,calibration
2011-12-23,0.645,0.975,626.19,-12.7,0,calibration
2011-12-24,0.645,0.958,626.57,-11.71,0.394,calibration
2011-12-25,0.645,0.962,645.78,-11.09,18.512,calibration
2011-12-26,0.661,0.966,655.59,-9.64,10.064,calibration
2011-12-27,0.677,0.95,657.72,-11.43,2.049,calibration
2011-12-28,0.661,0.934,661.95,-12.33,3.887,calibration
2011-12-29,0.661,0.924,667.82,-11.34,5.689,calibration
2011-12-30,0.645,0.907,675.19,-14.61,6.64,calibration
2011-12-31,0.645,0.891,675.19,-13.99,0.005,calibration
2012-01-01,0.645,0.878,675,-11.08,0.001,validation
2012-01-02,0.645,0.864,676.04,-11.92,1.057,validation
2012-01-03,0.628,0.849,678.96,-12.36,2.681,validation
2012-01-04,0.628,0.834,680,-12.6,0.961,validation
2012-01-05,0.628,0.819,682.27,-12.25,2.086,validation
2012-01-06,0.612,0.804,682.32,-15.3,0.041,validation
2012-01-07,0.612,0.789,682.32,-14.27,0.003,validation
2012-01-08,0.612,0.774,682.32,-13.69,0.001,validation
2012-01-09,0.612,0.76,682.32,-14.54,0,validation
2012-01-10,0.612,0.746,682.32,-14.58,0.001,validation
2012-01-11,0.612,0.735,689.66,-13.83,6.749,validation
2012-01-12,0.612,0.723,692.94,-13.42,3.015,validation
2012-01-13,0.595,0.721,702.75,-11.52,9.461,validation
2012-01-14,0.595,0.708,703.83,-12.69,0.994,validation
2012-01-15,0.595,0.695,704.89,-12.76,0.978,validation
2012-01-16,0.595,0.682,705.02,-18.55,0.117,validation
2012-01-17,0.595,0.67,705.03,-18.57,0.007,validation
2012-01-18,0.599,0.657,705.03,-18.01,0,validation
2012-01-19,0.599,0.645,705.03,-18.12,0.001,validation
2012-01-20,0.599,0.633,705.03,-20.25,0,validation
2012-01-21,0.599,0.622,705.03,-20.53,0.002,validation
2012-01-22,0.599,0.61,706.06,-17.65,0.92,validation
2012-01-23,0.602,0.599,706.53,-15.09,0.432,validation
2012-01-24,0.602,0.588,706.61,-13.85,0.083,validation
2012-01-25,0.602,0.578,708.07,-13.88,1.353,validation
2012-01-26,0.602,0.568,710.84,-15.94,2.49,validation
2012-01-27,0.602,0.557,710.85,-17.31,0.011,validation
2012-01-28,0.602,0.547,710.96,-14.16,0.094,validation
2012-01-29,0.605,0.55,722.04,-11.99,10.722,validation
2012-01-30,0.605,0.551,732.02,-11.86,9.601,validation
2012-01-31,0.605,0.54,732.07,-15.96,0.047,validation
2012-02-01,0.605,0.531,734.04,-12.99,1.81,validation
2012-02-02,0.605,0.535,739.58,-10.04,5.79,validation
2012-02-03,0.618,0.553,749.85,-8.57,10.814,validation
2012-02-04,0.618,0.543,751.08,-14.46,1.109,validation
2012-02-05,0.605,0.533,751.76,-17.14,0.615,validation
2012-02-06,0.605,0.523,752.02,-16.36,0.232,validation
2012-02-07,0.592,0.513,752.13,-16.07,0.096,validation
2012-02-08,0.592,0.504,752.13,-16.1,0.002,validation
2012-02-09,0.592,0.499,760.85,-13.33,8.049,validation
2012-02-10,0.605,0.491,765.56,-12.81,4.35,validation
2012-02-11,0.592,0.482,765.58,-14.91,0.016,validation
2012-02-12,0.592,0.474,765.58,-14.51,0.003,validation
2012-02-13,0.592,0.465,765.64,-17.68,0.057,validation
2012-02-14,0.592,0.456,766.58,-17.38,0.844,validation
2012-02-15,0.592,0.448,767.21,-16.07,0.567,validation
2012-02-16,0.592,0.44,767.22,-15.5,0.006,validation
2012-02-17,0.605,0.435,769.07,-11.49,1.861,validation
2012-02-18,0.605,0.449,778.52,-9.73,9.797,validation
2012-02-19,0.592,0.511,795.31,-8.15,18.823,validation
2012-02-20,0.605,0.529,809.89,-9.23,15.089,validation
2012-02-21,0.605,0.519,810.63,-15.52,0.662,validation
2012-02-22,0.579,0.51,810.7,-18.17,0.066,validation
2012-02-23,0.579,0.5,810.72,-19.75,0.017,validation
2012-02-24,0.579,0.491,810.72,-17.63,0.001,validation
2012-02-25,0.592,0.482,811.23,-14.04,0.467,validation
2012-02-26,0.592,0.478,814.01,-11.16,2.755,validation
2012-02-27,0.618,0.499,827.4,-9.89,13.764,validation
2012-02-28,0.635,0.49,828.7,-13.08,1.199,validation
2012-02-29,0.635,0.483,828.56,-10.2,0.004,validation
2012-03-01,0.592,0.479,828.3,-9.47,0,validation
2012-03-02,0.559,0.499,833.53,-7.67,6.37,validation
2012-03-03,0.605,0.516,837.7,-6.42,5.281,validation
2012-03-04,0.605,0.535,844.83,-7.73,8.069,validation
2012-03-05,0.566,0.525,844.87,-10.67,0.042,validation
2012-03-06,0.592,0.518,845.93,-9.9,1.103,validation
2012-03-07,0.579,0.509,846.81,-12.25,0.809,validation
2012-03-08,0.579,0.501,849.88,-12.78,2.823,validation
2012-03-09,0.592,0.497,853.96,-11.53,3.963,validation
2012-03-10,0.592,0.492,857.16,-10.97,3.152,validation
2012-03-11,0.566,0.499,864.69,-9.73,7.707,validation
2012-03-12,0.566,0.493,871.89,-12.76,6.62,validation
2012-03-13,0.566,0.486,879.03,-12.91,6.566,validation
2012-03-14,0.566,0.498,885.82,-8.47,7.309,validation
2012-03-15,0.579,0.537,895.42,-6.29,11.435,validation
2012-03-16,0.618,0.687,911.8,-5.97,20.477,validation
2012-03-17,0.543,0.661,919.98,-7.17,9.332,validation
2012-03-18,0.592,0.67,929.9,-7.69,11.116,validation
2012-03-19,0.592,0.659,933.42,-12.93,3.242,validation
2012-03-20,0.605,0.647,933.43,-13.2,0.009,validation
2012-03-21,0.635,0.638,933.25,-9.8,0,validation
2012-03-22,0.707,0.628,933.11,-8.6,0.002,validation
2012-03-23,0.724,0.623,932.73,-7.23,0.001,validation
2012-03-24,0.724,0.631,936.56,-7.32,4.56,validation
2012-03-25,0.763,0.63,937.03,-6.62,1.051,validation
2012-03-26,0.743,0.627,937.49,-7.44,0.868,validation
2012-03-27,0.786,0.627,936.75,-5.74,0.001,validation
2012-03-28,0.832,0.658,934.38,-1.9,0.208,validation
2012-03-29,0.921,0.908,946.48,-3.35,18.845,validation
2012-03-30,1.033,0.992,945.46,-1.03,3.363,validation
2012-03-31,1.316,1.245,943.67,1.07,6.227,validation
2012-04-01,1.421,1.52,948.21,-0.76,12.679,validation
2012-04-02,2.082,1.49,945.64,-1.26,0.004,validation
2012-04-03,1.993,1.548,941.23,1.77,0.001,validation
2012-04-04,2.144,1.568,937.61,0.82,0.001,validation
2012-04-05,2.296,1.58,934.29,0.51,0.124,validation
2012-04-06,2.325,1.595,930.98,0.55,0.187,validation
2012-04-07,2.49,1.6,928.26,0,0.513,validation
2012-04-08,2.49,1.591,925.31,-0.02,0.004,validation
2012-04-09,2.592,1.622,922.41,0.43,0.844,validation
2012-04-10,2.559,1.73,923.81,-0.57,6.408,validation
2012-04-11,2.592,1.724,921.75,-0.42,0.93,validation
2012-04-12,2.661,1.702,919.08,-0.35,0.03,validation
2012-04-13,2.769,1.693,916.16,-0.05,0.009,validation
2012-04-14,2.769,1.668,913.67,0.61,0.065,validation
2012-04-15,2.769,1.641,911.32,0.5,0.1,validation
2012-04-16,2.806,1.659,907.92,1.86,0.002,validation
2012-04-17,2.921,1.739,903.19,3.3,0,validation
2012-04-18,3.085,1.886,896.95,4.64,0.002,validation
2012-04-19,3.25,2.067,889.89,5.34,0,validation
2012-04-20,3.486,2.279,882.25,5.8,0.238,validation
2012-04-21,3.651,2.512,874.63,5.82,0.838,validation
2012-04-22,4.177,2.704,869.95,3.79,3.028,validation
2012-04-23,4.572,2.774,865.81,3.09,1.202,validation
2012-04-24,4.572,2.882,862.2,3.01,2.512,validation
2012-04-25,4.572,3.01,858.71,3.09,3.123,validation
2012-04-26,4.506,3.115,855.58,2.7,3.083,validation
2012-04-27,4.473,3.365,854.21,2.51,7.789,validation
2012-04-28,4.473,3.473,854.94,0.94,7.043,validation
2012-04-29,4.21,3.498,858.13,-0.83,7.75,validation
2012-04-30,3.815,3.385,856.15,0.06,0.199,validation
2012-05-01,3.618,3.312,854.24,1.79,0.983,validation
2012-05-02,3.552,3.292,855.29,0.1,4.748,validation
2012-05-03,3.421,3.383,858.59,-0.15,9.084,validation
2012-05-04,3.388,3.305,856.11,2.22,0.291,validation
2012-05-05,3.486,3.548,853.66,3.63,6.914,validation
2012-05-06,3.618,3.957,861.27,1.48,19.802,validation
2012-05-07,3.749,3.879,859.52,1.81,1.5,validation
2012-05-08,3.914,3.838,856.78,2.93,1.202,validation
2012-05-09,4.21,3.862,853.04,3.93,1.517,validation
2012-05-10,4.506,4.005,849.3,4.35,3.963,validation
2012-05-11,4.638,4.335,846.98,3.92,9.291,validation
2012-05-12,4.572,4.409,845.16,3.29,4.755,validation
2012-05-13,4.473,4.457,843.29,3.14,4.238,validation
2012-05-14,4.341,4.452,840.64,3.37,2.493,validation
2012-05-15,4.177,4.489,836.55,4.35,1.979,validation
2012-05-16,4.111,4.599,832.16,4.86,3.272,validation
2012-05-17,4.177,4.844,826.77,5.58,5.34,validation
2012-05-18,4.407,5.16,824.8,3.76,10.333,validation
2012-05-19,4.013,5.28,824.51,3.36,8.021,validation
2012-05-20,4.341,5.229,823.66,3.36,4.147,validation
2012-05-21,4.21,5.264,823.89,3.16,6.963,validation
2012-05-22,4.111,5.311,822.13,3.99,5.417,validation
2012-05-23,4.111,5.319,818.64,5.45,2.995,validation
2012-05-24,4.341,5.384,810.85,8.9,0.056,validation
2012-05-25,4.638,5.511,801.87,9.92,0.456,validation
2012-05-26,4.868,5.621,794.26,8.75,1.646,validation
2012-05-27,5.098,5.888,787.86,7.75,6.431,validation
2012-05-28,5.164,6.14,781.08,8.08,5.906,validation
2012-05-29,5.295,6.281,775.83,6.93,5.243,validation
2012-05-30,5.559,6.305,770.32,7.02,2.523,validation
2012-05-31,5.624,6.352,762.3,9.1,0.73,validation
2012-06-01,5.822,6.399,754.67,8.77,1.418,validation
2012-06-02,5.953,6.48,747.19,8.66,2.665,validation
2012-06-03,6.118,6.535,738.29,9.85,0.901,validation
2012-06-04,6.315,6.675,729.44,9.81,3.413,validation
2012-06-05,6.479,6.922,723.03,7.79,8.922,validation
2012-06-06,6.249,6.928,714.99,9.12,1.167,validation
2012-06-07,6.545,6.94,706.24,10.28,1.012,validation
2012-06-08,6.973,6.915,699.03,10.43,1.95,validation
2012-06-09,7.269,6.865,692.98,9.28,2.718,validation
2012-06-10,7.039,6.707,688.38,7.76,1.423,validation
2012-06-11,6.742,6.631,683.54,8.04,4.051,validation
2012-06-12,6.479,6.564,679.53,7.49,5.313,validation
2012-06-13,6.019,6.503,676.81,6.11,6.606,validation
2012-06-14,5.624,6.361,671.51,8.48,1.266,validation
2012-06-15,5.624,6.259,664.83,9.89,1.325,validation
2012-06-16,5.756,6.238,657.24,10.82,3.28,validation
2012-06-17,5.953,6.196,648.79,11.69,1.409,validation
2012-06-18,6.381,6.174,639.27,12.78,1.131,validation
2012-06-19,6.742,6.259,629.32,13.22,4.477,validation
2012-06-20,6.907,6.38,620.19,12.38,5.849,validation
2012-06-21,6.841,6.6,611.54,11.89,8.68,validation
2012-06-22,6.479,6.843,604.03,10.74,9.705,validation
2012-06-23,6.381,7.033,597.6,9.63,8.495,validation
2012-06-24,6.249,7.172,592.85,8.49,8.576,validation
2012-06-25,5.822,7.217,589.5,8.43,7.755,validation
2012-06-26,5.493,7.218,586.13,8.44,6.841,validation
2012-06-27,5.23,7.257,582.47,8.84,7.892,validation
2012-06-28,5.065,7.214,578.6,9.08,5.627,validation
2012-06-29,4.999,7.12,573.68,10.36,3.315,validation
2012-06-30,5.065,6.983,566.97,12.66,0.549,validation
2012-07-01,5.23,6.839,559.87,13.15,0.387,validation
2012-07-02,5.493,6.7,552.14,13.97,0.16,validation
2012-07-03,5.624,6.552,544.69,13.62,0.322,validation
2012-07-04,5.69,6.386,537.95,12.69,0.35,validation
2012-07-05,5.69,6.23,531.75,12.01,1.267,validation
2012-07-06,5.624,6.135,525.75,11.73,3.871,validation
2012-07-07,5.559,6.078,519.93,11.51,4.792,validation
2012-07-08,5.493,6.018,513.4,12.44,3.199,validation
2012-07-09,5.23,6.005,506.83,12.47,4.773,validation
2012-07-10,5.065,5.953,500.18,12.59,2.906,validation
2012-07-11,5.098,5.808,494.87,10.84,0.86,validation
2012-07-12,5.065,5.587,491.64,10.01,0.01,validation
2012-07-13,4.868,5.375,488.11,11.63,0.091,validation
2012-07-14,4.868,5.213,484.44,11.9,2.236,validation
2012-07-15,4.802,5.154,481,11.46,7.197,validation
2012-07-16,4.572,5.115,477.64,11.33,6.697,validation
2012-07-17,4.177,4.988,473.46,12.83,1.499,validation
2012-07-18,3.98,4.901,469.45,12.53,3.472,validation
2012-07-19,3.881,4.838,465.52,12.37,4.364,validation
2012-07-20,3.749,4.729,461.15,13.19,1.619,validation
2012-07-21,3.717,4.612,456.18,14.31,0.665,validation
2012-07-22,3.651,4.531,451.44,13.87,2.582,validation
2012-07-23,3.618,4.423,446.97,13.39,1.358,validation
2012-07-24,3.651,4.402,443.23,12.03,6.162,validation
2012-07-25,3.618,4.415,439.85,11.35,7.083,validation
2012-07-26,3.552,4.517,437.74,9.25,11.009,validation
2012-07-27,3.618,4.39,436.22,7.9,2.322,validation
2012-07-28,3.388,4.229,434.17,8.89,0.546,validation
2012-07-29,3.289,4.102,430.49,11.91,0.389,validation
2012-07-30,3.289,3.991,425.87,13.65,0.253,validation
2012-07-31,3.388,3.877,421.48,13.24,0.268,validation
2012-08-01,3.421,3.793,417.96,11.61,2.689,validation
2012-08-02,3.289,3.644,415.55,9.55,0.12,validation
2012-08-03,3.25,3.51,412.75,10.28,0.389,validation
2012-08-04,3.21,3.395,408.7,12.58,0.119,validation
2012-08-05,3.21,3.27,406.42,13.36,0.947,validation
2012-08-06,3.25,3.172,404.59,12.69,2.908,validation
2012-08-07,3.21,3.078,402.86,12.34,2.657,validation
2012-08-08,3.003,2.993,400.99,12.83,1.32,validation
2012-08-09,2.921,2.957,398.89,13.62,1.227,validation
2012-08-10,2.842,2.925,396.87,13.34,1.879,validation
2012-08-11,2.842,2.894,394.6,14.21,1.704,validation
2012-08-12,2.842,2.874,392.61,13.24,3.841,validation
2012-08-13,2.769,2.858,390.78,12.7,3.779,validation
2012-08-14,2.661,2.823,388.71,13.5,0.53,validation
2012-08-15,2.661,2.787,386.47,14.11,0.263,validation
2012-08-16,2.628,2.751,383.92,15.17,0.271,validation
2012-08-17,2.661,2.718,380.94,16.66,0.186,validation
2012-08-18,2.697,2.695,378.05,16.34,2.34,validation
2012-08-19,2.661,2.669,375.15,16.38,1.225,validation
2012-08-20,2.661,2.638,372.07,17,0.149,validation
2012-08-21,2.628,2.618,369.06,16.74,2.16,validation
2012-08-22,2.628,2.59,366.34,15.75,0.819,validation
2012-08-23,2.628,2.558,364.1,14.09,0.564,validation
2012-08-24,2.592,2.549,363.21,9.47,6.216,validation
2012-08-25,2.457,2.511,361.98,10.63,0.044,validation
2012-08-26,2.388,2.473,360.83,10.35,0.371,validation
2012-08-27,2.355,2.435,359.67,10.38,0.26,validation
2012-08-28,2.325,2.396,358.5,10.42,0.049,validation
2012-08-29,2.296,2.36,356.74,12.45,0.073,validation
2012-08-30,2.263,2.327,354.66,13.55,0.374,validation
2012-08-31,2.233,2.295,352.21,14.82,0.068,validation
2012-09-01,2.233,2.266,349.77,14.78,0.654,validation
2012-09-02,2.263,2.236,347.75,13.35,0.639,validation
2012-09-03,2.233,2.206,346.52,10.63,1.47,validation
2012-09-04,2.204,2.169,345.9,9.37,0.101,validation
2012-09-05,2.112,2.13,345.82,8.5,0.138,validation
2012-09-06,2.052,2.092,345.57,10.23,0.054,validation
2012-09-07,2.023,2.066,345.53,8.58,4.02,validation
2012-09-08,1.993,2.028,345.41,8.95,0.027,validation
2012-09-09,1.96,1.992,345.07,11.12,0.071,validation
2012-09-10,1.931,1.957,344.63,12.12,0.001,validation
2012-09-11,1.901,1.924,344.04,13.52,0.477,validation
2012-09-12,1.901,1.896,343.72,10.87,2.767,validation
2012-09-13,1.871,1.868,343.66,8.57,2.026,validation
2012-09-14,1.871,1.844,343.87,6.61,3.246,validation
2012-09-15,1.842,1.81,343.88,7.22,0.058,validation
2012-09-16,1.842,1.78,343.82,8.32,0.804,validation
2012-09-17,1.809,1.752,343.77,8.36,1.511,validation
2012-09-18,1.779,1.723,343.85,7.18,1.203,validation
2012-09-19,1.72,1.693,343.87,6.52,0.341,validation
2012-09-20,1.691,1.662,343.89,5.91,0.259,validation
2012-09-21,1.691,1.632,343.94,4.2,0.282,validation
2012-09-22,1.599,1.602,343.93,5.59,0.007,validation
2012-09-23,1.559,1.573,343.91,6.51,0.066,validation
2012-09-24,1.539,1.544,343.92,6.77,0.106,validation
2012-09-25,1.506,1.516,343.93,6.11,0.206,validation
2012-09-26,1.506,1.488,343.93,6.74,0.001,validation
2012-09-27,1.477,1.46,343.89,7.98,0.004,validation
2012-09-28,1.477,1.434,343.91,7.46,0.342,validation
2012-09-29,1.447,1.412,344.58,4.35,3.685,validation
2012-09-30,1.447,1.387,345.59,-0.78,1.638,validation
2012-10-01,1.421,1.363,345.14,2.79,0.002,validation
2012-10-02,1.316,1.337,345.14,3.29,0.002,validation
2012-10-03,1.289,1.313,345.14,2.49,0,validation
2012-10-04,1.266,1.291,346.3,1.52,2.396,validation
2012-10-05,1.24,1.274,350.65,-1.1,7.062,validation
2012-10-06,1.214,1.251,350.65,-1.48,0.002,validation
2012-10-07,1.187,1.23,349.81,2.58,0.002,validation
2012-10-08,1.164,1.21,348.78,4.1,0,validation
2012-10-09,1.138,1.191,347.73,5.44,0,validation
2012-10-10,1.112,1.172,347.12,5.82,0.117,validation
2012-10-11,1.082,1.154,346.93,5.12,1.069,validation
2012-10-12,1.052,1.139,347.26,3.82,2.166,validation
2012-10-13,1.023,1.119,347.38,3.22,0.368,validation
2012-10-14,1.023,1.103,347.58,3.87,1.518,validation
2012-10-15,1.023,1.094,350.15,1.42,5.275,validation
2012-10-16,1.023,1.079,351.14,1.45,2.041,validation
2012-10-17,0.997,1.09,360.31,-1.31,14.883,validation
2012-10-18,0.997,1.071,361.36,-7.31,1.15,validation
2012-10-19,0.97,1.052,361.36,-8.03,0.001,validation
2012-10-20,0.924,1.033,361.27,-5.4,0,validation
2012-10-21,0.924,1.014,361.27,-4.44,0.001,validation
2012-10-22,0.924,0.996,361.18,-3.78,0.002,validation
2012-10-23,0.924,0.977,361.16,-2.61,0.003,validation
2012-10-24,0.901,0.959,361.15,-2.29,0.009,validation
2012-10-25,0.901,0.945,361.79,-1.9,1.174,validation
2012-10-26,0.878,0.955,368.33,-1.29,10.681,validation
2012-10-27,0.878,0.939,368.68,-0.86,0.567,validation
2012-10-28,0.878,0.925,369.09,-0.36,0.865,validation
2012-10-29,0.832,0.91,369.11,0.3,0.325,validation
2012-10-30,0.832,0.905,369.03,2.07,1.579,validation
2012-10-31,0.809,0.897,367.88,3.41,0.192,validation
2012-11-01,0.809,0.89,367.55,2.06,0.847,validation
2012-11-02,0.786,0.886,368.64,0.73,2.711,validation
2012-11-03,0.786,0.911,373.11,0.15,9.405,validation
2012-11-04,0.763,0.921,389.55,-7.08,17.912,validation
2012-11-05,0.786,0.904,389.55,-8.65,0.003,validation
2012-11-06,0.763,0.887,389.55,-6.58,0,validation
2012-11-07,0.763,0.871,389.55,-6.25,0.001,validation
2012-11-08,0.74,0.857,389.34,-4.74,0,validation
2012-11-09,0.74,0.843,389.09,-4.42,0.001,validation
2012-11-10,0.72,0.831,388.74,-4.05,0.001,validation
2012-11-11,0.697,0.823,387.95,-2.53,0,validation
2012-11-12,0.697,0.838,397.78,-4.73,12.059,validation
2012-11-13,0.697,0.822,397.8,-10.98,0.022,validation
2012-11-14,0.697,0.807,397.8,-7.67,0,validation
2012-11-15,0.677,0.9,413.8,-2.98,22.219,validation
2012-11-16,0.786,0.867,420.33,-6.58,7.117,validation
2012-11-17,0.72,0.851,420.48,-10.85,0.138,validation
2012-11-18,0.697,0.848,430.56,-9.29,10.227,validation
2012-11-19,0.72,0.836,442.36,-12.31,10.855,validation
2012-11-20,0.697,0.82,442.37,-19.95,0.007,validation
2012-11-21,0.677,0.805,442.37,-15.9,0.001,validation
2012-11-22,0.677,0.79,442.37,-12.22,0.001,validation
2012-11-23,0.654,0.776,442.38,-15.15,0.004,validation
2012-11-24,0.654,0.761,442.38,-14.48,0,validation
2012-11-25,0.635,0.751,442.09,-9.3,0.001,validation
2012-11-26,0.635,0.742,442.6,-8.89,0.871,validation
2012-11-27,0.635,0.731,442.79,-9.16,0.34,validation
2012-11-28,0.654,0.743,453.25,-8.2,11.595,validation
2012-11-29,0.654,0.732,462.28,-12.65,8.308,validation
2012-11-30,0.635,0.719,462.91,-11.19,0.667,validation
2012-12-01,0.635,0.708,462.75,-10.03,0.012,validation
2012-12-02,0.615,0.7,462.37,-7.95,0.002,validation
2012-12-03,0.615,0.69,462.12,-7.89,0.002,validation
2012-12-04,0.599,0.681,461.81,-7.24,0.001,validation
2012-12-05,0.615,0.677,461.05,-4.18,0.001,validation
2012-12-06,0.615,0.672,460.46,-4.78,0.001,validation
2012-12-07,0.615,0.666,459.98,-5.09,0.023,validation
2012-12-08,0.599,0.658,461.78,-7.76,2.028,validation
2012-12-09,0.615,0.646,461.78,-11.09,0.002,validation
2012-12-10,0.599,0.637,462.69,-8.09,1.01,validation
2012-12-11,0.582,0.651,480.7,-9.38,18.25,validation
2012-12-12,0.599,0.639,481.38,-12.24,0.626,validation
2012-12-13,0.582,0.627,481.55,-17.92,0.152,validation
2012-12-14,0.582,0.616,481.56,-19.99,0.005,validation
2012-12-15,0.582,0.604,485.23,-16.63,3.293,validation
2012-12-16,0.553,0.593,490.32,-16.35,4.567,validation
2012-12-17,0.553,0.584,495.07,-13.1,4.424,validation
2012-12-18,0.539,0.574,504.54,-14.43,8.529,validation
2012-12-19,0.539,0.563,507.17,-19.91,2.359,validation
2012-12-20,0.526,0.553,507.17,-17.02,0.004,validation
2012-12-21,0.526,0.544,507.03,-11.61,0.001,validation
2012-12-22,0.526,0.574,516.22,-6.63,11.305,validation
2012-12-23,0.526,0.603,528.59,-8.05,14.076,validation
2012-12-24,0.516,0.592,528.77,-12.62,0.162,validation
2012-12-25,0.516,0.607,559.68,-11.61,29.706,validation
2012-12-26,0.516,0.596,560,-15.73,0.291,validation
2012-12-27,0.516,0.585,560,-12.99,0.003,validation
2012-12-28,0.506,0.574,560,-16.57,0,validation
2012-12-29,0.506,0.564,560,-12.78,0,validation
2012-12-30,0.506,0.556,559.79,-9.82,0,validation
2012-12-31,0.506,0.547,559.72,-11.16,0,validation
2013-01-01,0.5,0.536,561.84,-17.29,1.902,calibration
2013-01-02,0.5,0.527,562.25,-16.4,0.365,calibration
2013-01-03,0.493,0.517,571.03,-15.22,7.912,calibration
2013-01-04,0.493,0.508,573.89,-16.49,2.567,calibration
2013-01-05,0.5,0.498,573.89,-15.6,0.003,calibration
2013-01-06,0.5,0.49,573.81,-12.31,0,calibration
2013-01-07,0.5,0.482,573.82,-13.6,0.028,calibration
2013-01-08,0.493,0.473,573.78,-12.92,0.005,calibration
2013-01-09,0.493,0.466,573.91,-11.83,0.235,calibration
2013-01-10,0.493,0.464,577.92,-10.53,4.032,calibration
2013-01-11,0.5,0.492,597.8,-8.94,20.502,calibration
2013-01-12,0.5,0.483,602.86,-15.53,4.56,calibration
2013-01-13,0.506,0.474,602.87,-16.32,0.002,calibration
2013-01-14,0.516,0.465,602.86,-13.94,0.004,calibration
2013-01-15,0.516,0.459,607.57,-13.28,4.356,calibration
2013-01-16,0.516,0.45,608.39,-15.9,0.746,calibration
2013-01-17,0.526,0.442,608.4,-16.79,0.002,calibration
2013-01-18,0.526,0.434,608.4,-15.09,0,calibration
2013-01-19,0.526,0.427,611.05,-13.86,2.453,calibration
2013-01-20,0.526,0.42,612.27,-13.45,1.14,calibration
2013-01-21,0.516,0.415,612.88,-10.75,0.735,calibration
2013-01-22,0.516,0.408,616.92,-12.2,3.719,calibration
2013-01-23,0.516,0.401,616.98,-13.04,0.049,calibration
2013-01-24,0.516,0.399,616.92,-8.71,0.33,calibration
2013-01-25,0.526,0.406,622.91,-9.42,6.342,calibration
2013-01-26,0.506,0.42,632.57,-8.45,10.222,calibration
2013-01-27,0.506,0.468,649.77,-7.58,19.328,calibration
2013-01-28,0.493,0.463,650.61,-8.5,1.009,calibration
2013-01-29,0.506,0.471,654.89,-7.8,4.943,calibration
2013-01-30,0.506,0.474,656.09,-6.75,1.825,calibration
2013-01-31,0.523,0.494,663.62,-6.7,8.726,calibration
2013-02-01,0.543,0.498,663.58,-5.99,0.746,calibration
2013-02-02,0.559,0.557,674.85,-6.04,14.302,calibration
2013-02-03,0.576,0.547,675.17,-7.73,0.647,calibration
2013-02-04,0.576,0.544,676.46,-8.18,1.618,calibration
2013-02-05,0.562,0.534,676.82,-11.61,0.343,calibration
2013-02-06,0.562,0.524,676.83,-10.89,0.004,calibration
2013-02-07,0.562,0.518,676.58,-7.89,0,calibration
2013-02-08,0.562,0.521,676.43,-5.89,0.644,calibration
2013-02-09,0.576,0.516,678.43,-9.54,2.094,calibration
2013-02-10,0.599,0.507,678.58,-13.46,0.131,calibration
2013-02-11,0.589,0.497,678.58,-13.76,0.002,calibration
2013-02-12,0.589,0.488,678.58,-13.12,0.001,calibration
2013-02-13,0.589,0.479,678.58,-12.6,0.002,calibration
2013-02-14,0.589,0.47,678.58,-12.39,0.001,calibration
2013-02-15,0.589,0.462,678.59,-13.31,0.002,calibration
2013-02-16,0.576,0.453,678.59,-14.49,0.002,calibration
2013-02-17,0.576,0.445,678.84,-12.72,0.23,calibration
2013-02-18,0.576,0.44,681.87,-11.44,2.93,calibration
2013-02-19,0.562,0.434,684.53,-11.4,2.547,calibration
2013-02-20,0.562,0.428,684.73,-9.48,0.27,calibration
2013-02-21,0.576,0.433,690.61,-8.36,6.127,calibration
2013-02-22,0.562,0.428,691.32,-8.57,0.865,calibration
2013-02-23,0.562,0.433,698.26,-9.99,7.057,calibration
2013-02-24,0.562,0.472,712.77,-7.43,16.175,calibration
2013-02-25,0.562,0.476,714.04,-6.76,1.893,calibration
2013-02-26,0.589,0.479,715.5,-6.93,2.059,calibration
2013-02-27,0.599,0.48,721.06,-9.21,5.664,calibration
2013-02-28,0.576,0.48,729.86,-10.51,8.445,calibration
2013-03-01,0.576,0.492,734.84,-7.4,5.8,calibration
2013-03-02,0.589,0.575,746.56,-4.44,15.142,calibration
2013-03-03,0.589,0.908,766.26,-3.67,28.239,calibration
2013-03-04,0.671,0.807,765.96,-4.96,0.284,calibration
2013-03-05,0.756,0.746,764.77,-2.75,0.204,calibration
2013-03-06,0.806,0.798,762.02,0.38,1.064,calibration
2013-03-07,0.908,0.951,779.91,-4.96,22.138,calibration
2013-03-08,0.908,0.969,788.05,-4.88,10.453,calibration
2013-03-09,0.855,0.873,791.06,-8.01,3.304,calibration
2013-03-10,0.756,0.859,791.2,-6.49,0.366,calibration
2013-03-11,0.756,0.888,797.6,-4.59,8.441,calibration
2013-03-12,0.756,0.983,803.44,-2.69,9.848,calibration
2013-03-13,0.756,0.957,805.28,-4.33,3.047,calibration
2013-03-14,0.756,0.948,804.77,-5.04,0.009,calibration
2013-03-15,0.783,1.01,810.57,-3.84,9.147,calibration
2013-03-16,0.806,0.997,811.31,-4.4,1.706,calibration
2013-03-17,0.806,0.996,810.57,-3.78,0.237,calibration
2013-03-18,0.783,0.99,811.74,-5.95,1.761,calibration
2013-03-19,0.783,0.983,811.06,-4.38,0.006,calibration
2013-03-20,0.756,1.016,809.83,-0.96,1.769,calibration
2013-03-21,0.832,1.056,814.6,-3.92,7.704,calibration
2013-03-22,0.96,1.059,813.4,-2.86,0.115,calibration
2013-03-23,0.934,1.081,811.2,-0.85,0.302,calibration
2013-03-24,0.987,1.116,808.34,0.09,0.385,calibration
2013-03-25,1.092,1.126,806.54,-0.42,0.019,calibration
2013-03-26,1.25,1.132,807.4,-2.43,2.305,calibration
2013-03-27,1.197,1.127,806.5,-2.22,0.014,calibration
2013-03-28,1.197,1.155,803.53,1.33,0.003,calibration
2013-03-29,1.25,1.181,801.19,0.74,0.456,calibration
2013-03-30,1.276,1.193,799.21,-0.08,0.041,calibration
2013-03-31,1.329,1.369,806.22,-2.29,12.805,calibration
2013-04-01,1.329,1.321,811.81,-5.63,6.827,calibration
2013-04-02,1.25,1.263,811.87,-6.1,0.091,calibration
2013-04-03,1.197,1.25,811.29,-3.27,0,calibration
2013-04-04,1.171,1.248,809.98,-1.38,0.001,calibration
2013-04-05,1.25,1.249,808.55,-1.14,0.004,calibration
2013-04-06,1.355,1.243,807.53,-1.97,0.019,calibration
2013-04-07,1.408,1.238,806.57,-2,0.09,calibration
2013-04-08,1.434,1.24,805.04,-0.94,0.001,calibration
2013-04-09,1.539,1.263,802.23,1.1,0.002,calibration
2013-04-10,1.651,1.332,797.88,2.89,0.002,calibration
2013-04-11,1.776,1.469,791.98,4.35,0.003,calibration
2013-04-12,1.94,1.565,786.91,3.64,0.005,calibration
2013-04-13,2.075,1.669,784.05,2.15,2.367,calibration
2013-04-14,2.112,1.776,781.27,2.13,2.577,calibration
2013-04-15,2.25,2.082,790.78,-0.6,18.184,calibration
2013-04-16,2.283,1.988,792.01,-3.33,2.444,calibration
2013-04-17,2.075,1.964,800.59,-5.16,10.487,calibration
2013-04-18,1.842,1.825,800.57,-4.67,0.241,calibration
2013-04-19,1.714,1.712,799.91,-2.94,0.007,calibration
2013-04-20,1.651,1.645,798.36,-0.9,0.005,calibration
2013-04-21,1.651,1.633,796.75,0.93,0.259,calibration
2013-04-22,1.746,1.73,793.03,3.88,1.397,calibration
2013-04-23,2.042,1.99,793.88,1.88,9.348,calibration
2013-04-24,2.25,2.008,794.09,0.68,3.671,calibration
2013-04-25,2.319,1.949,792.73,0.79,0.573,calibration
2013-04-26,2.355,1.946,795.19,-1.05,5.227,calibration
2013-04-27,2.25,1.853,794.93,-1.11,0.793,calibration
2013-04-28,2.213,1.837,799.98,-2.94,7.2,calibration
2013-04-29,2.075,1.807,799.46,-1.6,0.085,calibration
2013-04-30,2.075,1.793,798.45,-0.21,0.163,calibration
2013-05-01,2.112,1.792,797.16,0.71,0.644,calibration
2013-05-02,2.213,1.791,795.63,0.95,0.395,calibration
2013-05-03,2.355,1.851,796.43,0.77,5.006,calibration
2013-05-04,2.319,1.824,795.51,0.2,0.807,calibration
2013-05-05,2.424,1.831,793.07,2.06,0.027,calibration
2013-05-06,2.533,1.85,789.85,3.04,0.025,calibration
2013-05-07,2.677,1.963,784.72,5.09,0.517,calibration
2013-05-08,2.861,2.09,779.86,4.93,1.169,calibration
2013-05-09,2.94,2.091,777.02,2.74,0.436,calibration
2013-05-10,2.825,2.111,773.33,3.61,0.023,calibration
2013-05-11,2.789,2.146,771.59,2.13,2.252,calibration
2013-05-12,2.75,2.228,770.87,1.7,4.293,calibration
2013-05-13,2.789,2.231,768.12,2.71,0.644,calibration
2013-05-14,2.75,2.272,763.89,4.14,0.078,calibration
2013-05-15,2.861,2.397,757.78,5.88,0.118,calibration
2013-05-16,3.019,2.539,751.84,5.79,0.764,calibration
2013-05-17,3.217,2.757,747.94,4.97,4.63,calibration
2013-05-18,3.322,3.163,741.54,7.76,6.587,calibration
2013-05-19,3.782,3.78,741.9,4.19,18.078,calibration
2013-05-20,4.111,4.748,750.89,3.56,33.642,calibration
2013-05-21,4.572,4.751,754.83,0.11,9.233,calibration
2013-05-22,4.177,4.567,752.99,2.71,0.001,calibration
2013-05-23,3.848,4.61,750.09,4.92,3.653,calibration
2013-05-24,3.848,4.659,748.18,4.05,4.876,calibration
2013-05-25,3.881,4.633,747.61,3.16,4.589,calibration
2013-05-26,3.782,4.52,746.96,2.24,2.626,calibration
2013-05-27,3.651,4.439,745.58,3.36,2.569,calibration
2013-05-28,3.618,4.423,740.49,6.49,0.451,calibration
2013-05-29,3.684,4.537,732.13,9.39,0.338,calibration
2013-05-30,3.881,4.722,721.83,11.05,0.273,calibration
2013-05-31,4.078,4.96,710.45,11.98,0.636,calibration
2013-06-01,4.276,5.318,700.95,10.37,5.766,calibration
2013-06-02,4.572,5.827,694.5,7.87,12.755,calibration
2013-06-03,4.802,6.156,687.95,7.9,8.467,calibration
2013-06-04,4.802,6.459,682.39,7.49,9.387,calibration
2013-06-05,4.605,6.746,677.08,7.27,9.735,calibration
2013-06-06,4.572,6.668,672.04,6.97,1.794,calibration
2013-06-07,4.473,6.584,665.05,10.2,0.043,calibration
2013-06-08,4.44,6.605,654.58,13.75,0.001,calibration
2013-06-09,4.572,6.67,642.56,15.32,0.378,calibration
2013-06-10,4.966,6.647,633.92,11.89,1.604,calibration
2013-06-11,5.394,6.6,626.68,10.46,2.58,calibration
2013-06-12,5.427,6.508,619.58,10.31,1.52,calibration
2013-06-13,5.394,6.369,613.44,9.36,1.091,calibration
2013-06-14,5.263,6.268,609.88,6.97,5.195,calibration
2013-06-15,4.966,6.12,603.53,9.55,0.369,calibration
2013-06-16,4.901,6.016,599.21,7.5,4.1,calibration
2013-06-17,4.736,5.809,595.08,7.23,0.14,calibration
2013-06-18,4.703,5.642,589.47,8.79,0.183,calibration
2013-06-19,4.736,5.529,581.47,11.23,0.04,calibration
2013-06-20,4.835,5.474,571.39,13.42,0.133,calibration
2013-06-21,4.934,5.38,563.44,14.25,0.231,calibration
2013-06-22,4.934,5.307,555.13,14.72,0.787,calibration
2013-06-23,5.032,5.239,546.88,14.64,0.856,calibration
2013-06-24,5.065,5.179,538.13,15.28,0.539,calibration
2013-06-25,5.131,5.181,530.12,14.33,3.764,calibration
2013-06-26,5.131,5.308,523.94,11.98,9.807,calibration
2013-06-27,5.065,5.551,520.31,8.93,14.653,calibration
2013-06-28,4.901,5.712,518.6,7.13,11.949,calibration
2013-06-29,4.572,5.769,516.63,7.16,8.352,calibration
2013-06-30,4.21,5.835,514.65,7.24,8.84,calibration
2013-07-01,3.98,5.755,510.39,9.49,2.471,calibration
2013-07-02,3.848,5.681,504.79,11.23,1.687,calibration
2013-07-03,3.881,5.659,499.93,10.29,4.812,calibration
2013-07-04,3.881,5.715,495.44,9.8,8.196,calibration
2013-07-05,3.98,5.732,491.06,9.67,6.266,calibration
2013-07-06,3.914,5.59,486.98,9.27,1.304,calibration
2013-07-07,3.914,5.434,484.26,8.6,2.4,calibration
2013-07-08,3.914,5.269,482.3,8.76,2.839,calibration
2013-07-09,3.881,5.168,480.3,8.9,5.487,calibration
2013-07-10,3.782,5.166,478.78,8.09,9.655,calibration
2013-07-11,3.651,5.114,476.71,9.06,6.185,calibration
2013-07-12,3.585,4.981,473.34,11.33,1.681,calibration
2013-07-13,3.651,5.034,469.83,11.6,9.231,calibration
2013-07-14,3.684,5.184,467.97,8.83,13.383,calibration
2013-07-15,3.848,5.044,465.09,10.44,1.435,calibration
2013-07-16,3.782,4.899,461.74,11.3,1.02,calibration
2013-07-17,3.815,4.752,457.92,12.16,0.672,calibration
2013-07-18,3.848,4.596,454.18,12.03,0.407,calibration
2013-07-19,3.848,4.451,449.93,12.96,0.412,calibration
2013-07-20,3.815,4.409,445.51,13.29,5.368,calibration
2013-07-21,3.848,4.559,443.6,8.98,15.595,calibration
2013-07-22,3.815,4.426,441.1,9.72,1.203,calibration
2013-07-23,3.651,4.317,438.03,10.77,1.733,calibration
2013-07-24,3.519,4.196,434.35,11.92,0.693,calibration
2013-07-25,3.519,4.093,430.16,12.86,1.009,calibration
2013-07-26,3.585,4.026,425.33,14.05,1.959,calibration
2013-07-27,3.585,3.961,419.39,16.1,0.813,calibration
2013-07-28,3.618,3.918,413.41,16.18,1.861,calibration
2013-07-29,3.782,3.79,409.9,18,0.068,calibration
2013-07-30,3.782,3.665,406.12,19.42,0.028,calibration
2013-07-31,3.717,3.543,402.3,19.55,0.107,calibration
2013-08-01,3.717,3.42,399.03,17.67,0.522,calibration
2013-08-02,3.717,3.34,396.42,15.36,3.612,calibration
2013-08-03,3.684,3.252,394.21,14.01,2.914,calibration
2013-08-04,3.585,3.13,392.17,13.41,0.762,calibration
2013-08-05,3.454,3.011,389.8,14.55,0.487,calibration
2013-08-06,3.388,2.947,387.13,15.6,0.625,calibration
2013-08-07,3.486,2.95,385.87,10.72,9.504,calibration
2013-08-08,3.519,2.917,384.73,10.33,1.665,calibration
2013-08-09,3.322,2.884,383.48,10.7,1.855,calibration
2013-08-10,3.177,3.032,382.58,9.5,16.153,calibration
2013-08-11,3.585,2.925,381.39,10.5,0.86,calibration
2013-08-12,3.388,2.933,380.74,8.86,6.359,calibration
2013-08-13,3.138,2.939,380.2,8.42,6.143,calibration
2013-08-14,3.019,2.882,379.08,10.25,0.673,calibration
2013-08-15,2.98,2.846,377.61,11.45,0.605,calibration
2013-08-16,2.94,2.813,375.79,12.66,0.83,calibration
2013-08-17,2.95,2.778,373.84,13.11,0.348,calibration
2013-08-18,2.901,2.741,371.68,13.84,0.1,calibration
2013-08-19,2.861,2.722,369.73,13.11,3.335,calibration
2013-08-20,2.888,2.69,369.02,12.74,2.26,calibration
2013-08-21,2.713,2.652,368.52,12.66,1.398,calibration
2013-08-22,2.605,2.615,368.02,12.62,1.628,calibration
2013-08-23,2.569,2.586,367.62,11.71,3.115,calibration
2013-08-24,2.533,2.57,367.54,9.29,5.744,calibration
2013-08-25,2.496,2.527,367.33,9.92,0.429,calibration
2013-08-26,2.46,2.483,366.9,12,0.036,calibration
2013-08-27,2.46,2.443,366.5,11.69,0.821,calibration
2013-08-28,2.424,2.401,366.12,11.51,0.404,calibration
2013-08-29,2.424,2.39,366.72,6.61,9.126,calibration
2013-08-30,2.25,2.346,366.72,6.88,0.003,calibration
2013-08-31,2.144,2.304,366.52,9.85,0,calibration
2013-09-01,2.112,2.263,366.13,11.58,0.061,calibration
2013-09-02,2.112,2.226,365.65,12.47,0.616,calibration
2013-09-03,2.112,2.192,365.24,11.75,1.383,calibration
2013-09-04,2.112,2.158,364.97,10.46,1.515,calibration
2013-09-05,2.075,2.122,364.7,10.5,0.783,calibration
2013-09-06,2.075,2.084,364.31,11.54,0,calibration
2013-09-07,2.075,2.047,363.78,12.98,0.005,calibration
2013-09-08,2.075,2.013,363.17,13.74,0.533,calibration
2013-09-09,2.042,1.978,362.55,13.74,0.099,calibration
2013-09-10,2.042,1.943,361.9,14.05,0.007,calibration
2013-09-11,2.042,1.909,361.51,11.59,0.279,calibration
2013-09-12,2.006,1.881,361.49,8.29,3.455,calibration
2013-09-13,1.94,1.857,361.74,6.79,3.707,calibration
2013-09-14,1.875,1.833,362.35,4.95,3.358,calibration
2013-09-15,1.908,1.827,368.42,0.96,12.489,calibration
2013-09-16,1.746,1.793,368.47,1.23,0.088,calibration
2013-09-17,1.651,1.766,367.5,4.6,0,calibration
2013-09-18,1.595,1.746,365.04,7.39,0.001,calibration
2013-09-19,1.569,1.721,363.54,8.95,0,calibration
2013-09-20,1.539,1.7,362.37,10.68,0.95,calibration
2013-09-21,1.539,1.673,362.22,9.44,0.553,calibration
2013-09-22,1.487,1.643,361.97,10.22,0.001,calibration
2013-09-23,1.487,1.615,361.64,11.03,0.152,calibration
2013-09-24,1.46,1.587,361.28,11.35,0.207,calibration
2013-09-25,1.434,1.56,360.75,12.88,0.137,calibration
2013-09-26,1.434,1.538,360.39,11.39,1.589,calibration
2013-09-27,1.434,1.523,360.65,6.53,3.963,calibration
2013-09-28,1.408,1.495,360.61,7.96,0,calibration
2013-09-29,1.381,1.469,360.53,8.51,0.331,calibration
2013-09-30,1.381,1.442,360.47,8.21,0.061,calibration
2013-10-01,1.355,1.417,360.38,8.56,0.25,calibration
2013-10-02,1.329,1.391,360.3,8.52,0.015,calibration
2013-10-03,1.329,1.366,360.08,9.98,0.001,calibration
2013-10-04,1.302,1.343,359.87,9.86,0.452,calibration
2013-10-05,1.276,1.318,359.67,9.81,0,calibration
2013-10-06,1.276,1.295,359.28,11.62,0.001,calibration
2013-10-07,1.25,1.272,358.96,10.87,0,calibration
2013-10-08,1.25,1.249,358.8,9.49,0,calibration
2013-10-09,1.25,1.226,358.8,6.66,0.005,calibration
2013-10-10,1.25,1.208,361.39,0.37,5.331,calibration
2013-10-11,1.224,1.186,361.39,0.03,0.001,calibration
2013-10-12,1.171,1.165,361.18,2.49,0,calibration
2013-10-13,1.145,1.146,360.71,3.86,0.771,calibration
2013-10-14,1.145,1.127,360.87,2.33,0.601,calibration
2013-10-15,1.145,1.106,360.87,1.35,0.001,calibration
2013-10-16,1.118,1.085,360.87,1.44,0.001,calibration
2013-10-17,1.118,1.066,361.01,2.56,0.419,calibration
2013-10-18,1.092,1.046,361.04,2.85,0.087,calibration
2013-10-19,1.092,1.028,360.91,4.06,0,calibration
2013-10-20,1.092,1.01,360.42,5.55,0.001,calibration
2013-10-21,1.066,0.992,360.07,5.78,0.115,calibration
2013-10-22,1.066,0.978,360.92,2.34,2.531,calibration
2013-10-23,1.013,0.967,363.24,0.19,4.775,calibration
2013-10-24,0.987,0.949,363.26,0.22,0.031,calibration
2013-10-25,0.987,0.933,363.76,0.55,1.032,calibration
2013-10-26,0.987,0.932,373.63,-3.26,13.49,calibration
2013-10-27,0.96,0.916,378.22,-11.28,4.408,calibration
2013-10-28,0.96,0.899,378.16,-9.39,0.004,calibration
2013-10-29,0.96,0.886,377.52,-5.07,0.001,calibration
2013-10-30,0.934,0.874,378.1,-3.12,1.345,calibration
2013-10-31,0.934,0.861,380.34,-4.67,2.695,calibration
2013-11-01,0.908,0.845,380.82,-7.57,0.519,calibration
2013-11-02,0.881,0.83,380.84,-10.16,0.019,calibration
2013-11-03,0.881,0.815,380.84,-9.22,0.001,calibration
2013-11-04,0.855,0.8,380.83,-6.19,0,calibration
2013-11-05,0.855,0.785,380.82,-4.67,0.034,calibration
2013-11-06,0.855,0.771,380.82,-5.78,0.001,calibration
2013-11-07,0.855,0.756,380.82,-6.12,0,calibration
2013-11-08,0.832,0.742,380.82,-5.19,0.001,calibration
2013-11-09,0.832,0.729,380.82,-4.46,0,calibration
2013-11-10,0.832,0.716,381.11,-4.56,0.345,calibration
2013-11-11,0.832,0.705,384.17,-8.22,3.332,calibration
2013-11-12,0.832,0.692,384.17,-9.8,0.007,calibration
2013-11-13,0.806,0.68,384.18,-8.47,0.002,calibration
2013-11-14,0.806,0.667,384.18,-6.74,0.001,calibration
2013-11-15,0.783,0.656,384.28,-5.39,0.27,calibration
2013-11-16,0.783,0.647,383.92,-2.06,0.347,calibration
2013-11-17,0.786,0.64,385.79,-3.32,2.771,calibration
2013-11-18,0.786,0.641,390.82,-4.15,6.918,calibration
2013-11-19,0.786,0.662,409.87,-4.42,22.875,calibration
2013-11-20,0.789,0.651,413.43,-13.88,3.275,calibration
2013-11-21,0.789,0.639,413.43,-13.71,0.001,calibration
2013-11-22,0.789,0.629,413.11,-8.28,0,calibration
2013-11-23,0.793,0.622,412.52,-3.82,0.003,calibration
2013-11-24,0.793,0.616,413.61,-3.25,1.73,calibration
2013-11-25,0.793,0.606,414.44,-4.66,0.989,calibration
2013-11-26,0.796,0.597,415.17,-5.7,0.875,calibration
2013-11-27,0.796,0.586,415.23,-7.83,0.067,calibration
2013-11-28,0.796,0.575,415.24,-8.32,0.015,calibration
2013-11-29,0.799,0.604,432.41,-5.38,20.633,calibration
2013-11-30,0.799,0.637,442.83,-3.44,14.424,calibration
2013-12-01,0.822,0.712,466.33,-5.3,28.223,calibration
2013-12-02,0.753,0.682,466.39,-10.83,0.064,calibration
2013-12-03,0.73,0.669,466.39,-9.81,0.001,calibration
2013-12-04,0.73,0.678,476.24,-7.17,10.74,calibration
2013-12-05,0.73,0.667,482.09,-12.49,5.378,calibration
2013-12-06,0.707,0.665,487.91,-9.52,6.154,calibration
2013-12-07,0.753,0.687,500.7,-6.4,14.473,calibration
2013-12-08,0.73,0.675,500.71,-8.21,0.019,calibration
2013-12-09,0.73,0.663,501.05,-8.34,0.345,calibration
2013-12-10,0.73,0.651,501.1,-10.79,0.051,calibration
2013-12-11,0.73,0.644,505.32,-10.06,4.275,calibration
2013-12-12,0.707,0.633,507.49,-13.56,1.992,calibration
2013-12-13,0.707,0.622,507.48,-12.03,0.002,calibration
2013-12-14,0.707,0.625,511.99,-6.79,5.305,calibration
2013-12-15,0.684,0.706,529.38,-5.08,21.501,calibration
2013-12-16,0.684,0.678,537.09,-10.48,7.396,calibration
2013-12-17,0.684,0.666,537.13,-15.7,0.041,calibration
2013-12-18,0.684,0.654,537.35,-18.07,0.189,calibration
2013-12-19,0.664,0.642,537.35,-17.09,0.002,calibration
2013-12-20,0.664,0.63,537.36,-14.03,0.019,calibration
2013-12-21,0.664,0.618,538.23,-16.58,0.775,calibration
2013-12-22,0.664,0.607,538.26,-21.39,0.026,calibration
2013-12-23,0.684,0.596,538.56,-18.19,0.273,calibration
2013-12-24,0.684,0.585,540.59,-17.98,1.817,calibration
2013-12-25,0.684,0.574,540.85,-17.68,0.241,calibration
2013-12-26,0.664,0.564,547.37,-14.38,5.876,calibration
2013-12-27,0.664,0.553,550.27,-14.51,2.608,calibration
2013-12-28,0.664,0.543,550.49,-15.6,0.197,calibration
2013-12-29,0.664,0.533,550.49,-17.7,0.005,calibration
2013-12-30,0.664,0.523,550.5,-17.99,0.006,calibration
2013-12-31,0.664,0.514,550.5,-16.74,0.003,calibration
2014-01-01,0.645,0.504,550.51,-15.41,0.001,validation
2014-01-02,0.645,0.495,550.49,-13.62,0.001,validation
2014-01-03,0.645,0.487,552.9,-12.69,2.275,validation
2014-01-04,0.645,0.478,554.44,-14.93,1.378,validation
2014-01-05,0.645,0.47,555,-17.39,0.506,validation
2014-01-06,0.645,0.461,555.01,-18.65,0.01,validation
2014-01-07,0.645,0.453,555.01,-17.5,0.003,validation
2014-01-08,0.645,0.444,555.23,-14.64,0.194,validation
2014-01-09,0.645,0.436,555.42,-16.84,0.168,validation
2014-01-10,0.622,0.428,555.42,-17.69,0.003,validation
2014-01-11,0.599,0.42,555.4,-13.62,0,validation
2014-01-12,0.592,0.417,555.14,-9.93,0.095,validation
2014-01-13,0.592,0.413,556.14,-10.88,1.131,validation
2014-01-14,0.592,0.406,556.6,-11.05,0.516,validation
2014-01-15,0.592,0.408,567.93,-11.91,10.893,validation
2014-01-16,0.592,0.401,568.8,-16.23,0.78,validation
2014-01-17,0.592,0.394,568.8,-14.04,0.002,validation
2014-01-18,0.576,0.389,568.58,-9.86,0,validation
2014-01-19,0.566,0.386,568.25,-8.96,0.016,validation
2014-01-20,0.566,0.399,580.04,-8.6,12.117,validation
2014-01-21,0.566,0.432,604.72,-8.37,25.177,validation
2014-01-22,0.566,0.459,616.81,-7.89,13.447,validation
2014-01-23,0.566,0.482,627.36,-7.93,11.747,validation
2014-01-24,0.566,0.544,649.29,-7.6,24.239,validation
2014-01-25,0.576,0.533,651.64,-8.26,2.552,validation
2014-01-26,0.566,0.532,656.11,-9.66,4.576,validation
2014-01-27,0.559,0.582,690.29,-8.26,34.815,validation
2014-01-28,0.543,0.694,705.14,-5.38,18.875,validation
2014-01-29,0.533,0.83,723.07,-5.53,22.186,validation
2014-01-30,0.549,0.922,748.69,-7.22,28.044,validation
2014-01-31,0.543,0.913,762.49,-7.88,15.082,validation
2014-02-01,0.526,0.842,772.91,-8.93,10.565,validation
2014-02-02,0.52,0.816,778.62,-11.36,5.478,validation
2014-02-03,0.52,0.801,782.74,-15.73,3.708,validation
2014-02-04,0.52,0.786,783.57,-20.51,0.746,validation
2014-02-05,0.52,0.772,783.57,-20.59,0.001,validation
2014-02-06,0.52,0.757,786.45,-17.15,2.577,validation
2014-02-07,0.52,0.744,791.29,-17.94,4.343,validation
2014-02-08,0.52,0.73,798.33,-18.27,6.321,validation
2014-02-09,0.52,0.716,798.34,-17.78,0.008,validation
2014-02-10,0.52,0.703,798.34,-16.24,0,validation
2014-02-11,0.52,0.69,798.34,-16.03,0.002,validation
2014-02-12,0.52,0.677,798.34,-16.04,0.001,validation
2014-02-13,0.513,0.665,798.35,-16.03,0.001,validation
2014-02-14,0.506,0.653,798.35,-16.26,0.006,validation
2014-02-15,0.506,0.641,798.42,-16.86,0.064,validation
2014-02-16,0.506,0.63,798.36,-12.93,0.001,validation
2014-02-17,0.506,0.631,797.57,-7.98,0.005,validation
2014-02-18,0.506,0.645,801.12,-7.38,4.779,validation
2014-02-19,0.506,0.644,803.98,-8.52,3.207,validation
2014-02-20,0.506,0.643,814.46,-10.51,10.059,validation
2014-02-21,0.533,0.632,815.83,-10.89,1.32,validation
2014-02-22,0.549,0.658,836.3,-10.18,20.746,validation
2014-02-23,0.576,0.646,837.38,-15.31,0.972,validation
2014-02-24,0.566,0.634,837.39,-18.21,0.007,validation
2014-02-25,0.566,0.622,837.39,-14.56,0.001,validation
2014-02-26,0.576,0.611,837.39,-16.66,0,validation
2014-02-27,0.576,0.6,837.39,-15.44,0.001,validation
2014-02-28,0.566,0.589,837.36,-12.05,0,validation
2014-03-01,0.559,0.579,837.31,-10.05,0,validation
2014-03-02,0.566,0.568,837.31,-10.3,0.002,validation
2014-03-03,0.582,0.558,837.31,-10.36,0,validation
2014-03-04,0.592,0.549,837.22,-9.2,0,validation
2014-03-05,0.582,0.539,837.19,-9.88,0,validation
2014-03-06,0.572,0.538,838.35,-7.81,1.546,validation
2014-03-07,0.599,0.658,864.93,-7.53,29.313,validation
2014-03-08,0.618,0.652,876.78,-7.92,13.167,validation
2014-03-09,0.618,0.63,877.25,-13.69,0.438,validation
2014-03-10,0.618,0.619,877.4,-12.91,0.132,validation
2014-03-11,0.618,0.609,877.27,-9.08,0,validation
2014-03-12,0.609,0.608,876.64,-6.05,0.015,validation
2014-03-13,0.628,0.696,882.96,-3.53,10.225,validation
2014-03-14,0.671,0.731,891.39,-4.31,10.963,validation
2014-03-15,0.684,0.712,891.33,-4.93,0.596,validation
2014-03-16,0.697,0.723,891.1,-3.32,1.184,validation
2014-03-17,0.71,0.76,894.83,-3.71,6.402,validation
2014-03-18,0.724,0.774,898.3,-5.2,4.739,validation
2014-03-19,0.737,0.874,905.19,-3.28,10.952,validation
2014-03-20,0.776,0.867,907.13,-3.34,4.149,validation
2014-03-21,0.855,0.901,909.88,-2.91,5.497,validation
2014-03-22,0.891,0.925,909.51,-2.24,1.93,validation
2014-03-23,0.911,0.953,908.96,-1.84,2.034,validation
2014-03-24,0.911,0.961,911.14,-4.48,3.418,validation
2014-03-25,0.891,0.965,912.79,-4.55,2.745,validation
2014-03-26,0.855,0.96,912.74,-4.77,0.647,validation
2014-03-27,0.891,0.953,915.35,-6.89,3.004,validation
2014-03-28,0.891,0.939,915.14,-6.34,0.005,validation
2014-03-29,0.855,0.945,914.77,-3.38,0.965,validation
2014-03-30,0.872,0.967,916.04,-2.93,3.456,validation
2014-03-31,0.891,0.994,913.28,-0.26,0.001,validation
2014-04-01,1.03,1.054,910.49,0.51,1.209,validation
2014-04-02,1.161,1.058,909.76,-2.25,1.338,validation
2014-04-03,1.23,1.077,907.77,-1.16,0.337,validation
2014-04-04,1.276,1.177,911.36,-1.94,8.057,validation
2014-04-05,1.253,1.172,912.99,-2.31,4.059,validation
2014-04-06,1.23,1.152,912.43,-3,0.124,validation
2014-04-07,1.23,1.164,922.93,-7.44,11.441,validation
2014-04-08,1.184,1.142,922.93,-6.31,0.005,validation
2014-04-09,1.138,1.135,922.33,-2.7,0.199,validation
2014-04-10,1.138,1.363,931.18,-2.24,15.826,validation
2014-04-11,1.23,1.345,934.21,-2.57,5.211,validation
2014-04-12,1.332,1.483,945.44,-3.57,16.019,validation
2014-04-13,1.404,1.387,950.05,-7.58,5.02,validation
2014-04-14,1.332,1.296,950.06,-6.65,0.008,validation
2014-04-15,1.276,1.276,949.82,-4.52,0,validation
2014-04-16,1.276,1.26,949.41,-3.83,0.002,validation
2014-04-17,1.276,1.244,949,-3.76,0.015,validation
2014-04-18,1.332,1.232,948.45,-3.04,0.132,validation
2014-04-19,1.378,1.22,947.79,-2.97,0.007,validation
2014-04-20,1.457,1.211,947.08,-2.5,0.121,validation
2014-04-21,1.51,1.21,945.84,-1.4,0.102,validation
2014-04-22,1.589,1.21,944.65,-1.42,0.181,validation
2014-04-23,1.694,1.214,943.01,-0.7,0,validation
2014-04-24,1.812,1.423,941.51,2.01,6.021,validation
2014-04-25,2.253,1.532,945.59,-1.04,9.026,validation
2014-04-26,2.5,1.463,945.21,-1.91,1.091,validation
2014-04-27,2.154,2.09,956.12,0.12,26.825,validation
2014-04-28,2.463,2.722,966.43,0.64,26.334,validation
2014-04-29,3.019,2.637,964.19,0.32,0.052,validation
2014-04-30,2.94,2.782,958.81,4.17,1.698,validation
2014-05-01,2.861,2.902,954.67,3.56,2.446,validation
2014-05-02,3.019,2.989,948.62,4.48,0.014,validation
2014-05-03,3.256,3.128,941.41,5.47,0.005,validation
2014-05-04,3.388,3.32,932.98,6.37,0.002,validation
2014-05-05,3.519,3.516,924.71,6.27,0.414,validation
2014-05-06,3.881,3.704,916.5,6.23,0.464,validation
2014-05-07,4.276,3.823,910.45,5.36,1.279,validation
2014-05-08,4.638,3.855,905.02,5.33,0.21,validation
2014-05-09,4.769,3.923,898.62,6.12,0.018,validation
2014-05-10,4.802,4.006,894.65,4.36,2.766,validation
2014-05-11,5.657,4.047,893.65,2.27,4.804,validation
2014-05-12,4.506,3.921,891.27,2.04,0.153,validation
2014-05-13,4.374,3.886,886.93,4.23,0.002,validation
2014-05-14,4.276,3.943,880.68,6,0.007,validation
2014-05-15,4.407,4.03,874.74,5.8,1.008,validation
2014-05-16,4.506,4.085,868.41,6.06,0.004,validation
2014-05-17,4.638,4.227,860.19,7.59,0.005,validation
2014-05-18,4.802,4.451,851.73,7.8,1.605,validation
2014-05-19,4.999,4.603,845.18,6.36,2.167,validation
2014-05-20,5.065,4.583,841.54,3.84,1.569,validation
2014-05-21,4.901,4.445,840.9,0.75,2.009,validation
2014-05-22,4.572,4.291,838.9,1.6,0.281,validation
2014-05-23,4.309,4.283,834.45,4.5,0.874,validation
2014-05-24,4.374,4.401,827.44,6.67,1.055,validation
2014-05-25,4.506,4.696,818.38,8.27,2.987,validation
2014-05-26,4.703,5.064,809.04,8.49,4.467,validation
2014-05-27,4.901,5.33,799.64,8.52,2.48,validation
2014-05-28,4.868,5.568,791.16,9.18,3.1,validation
2014-05-29,4.966,6.002,786.93,6.39,11.807,validation
2014-05-30,5.065,6.396,786.38,4.52,14.675,validation
2014-05-31,5.164,6.259,782.17,5.65,0.304,validation
2014-06-01,4.802,6.11,779.19,4.51,1.212,validation
2014-06-02,4.473,6.037,779.67,2.31,6.109,validation
2014-06-03,4.276,5.816,778.05,2.85,0.895,validation
2014-06-04,4.177,5.725,772.7,6.71,0.056,validation
2014-06-05,4.21,5.746,765.37,8.5,0.759,validation
2014-06-06,4.309,6.113,758.98,7.79,10.368,validation
2014-06-07,4.44,6.615,754.75,6.61,15.38,validation
2014-06-08,4.572,6.659,749.12,7.19,3.573,validation
2014-06-09,4.44,6.727,743.64,7.13,4.853,validation
2014-06-10,4.276,6.791,735.92,8.86,2.96,validation
2014-06-11,4.44,6.939,728.2,8.9,5.691,validation
2014-06-12,4.473,7.139,719.16,9.97,6.014,validation
2014-06-13,4.703,7.276,706.67,12.93,1.17,validation
2014-06-14,5.098,7.63,694.11,12.98,7.598,validation
2014-06-15,5.328,7.93,686.71,8.99,11.131,validation
2014-06-16,5.328,7.847,678.68,11.26,0.407,validation
2014-06-17,5.23,7.934,672.08,9.81,7.029,validation
2014-06-18,5.032,7.942,665.04,10.25,4.567,validation
2014-06-19,5.032,7.891,657.54,10.73,2.926,validation
2014-06-20,5.065,7.816,649.18,11.6,1.678,validation
2014-06-21,5.197,7.734,639.59,12.85,0.522,validation
2014-06-22,5.328,7.657,629.93,12.92,1.073,validation
2014-06-23,5.361,7.554,620.71,12.48,0.905,validation
2014-06-24,5.361,7.402,612.18,11.77,0.077,validation
2014-06-25,5.427,7.279,602.59,12.85,0.277,validation
2014-06-26,5.493,7.219,592.8,13.05,2.16,validation
2014-06-27,5.559,7.135,583.42,14.94,1.148,validation
2014-06-28,5.559,7.054,574.85,15.06,2.164,validation
2014-06-29,5.591,6.925,567,14.13,1.031,validation
2014-06-30,5.657,6.805,557.96,15.65,0.25,validation
2014-07-01,5.69,6.702,549.75,14.59,1.73,validation
2014-07-02,5.657,6.512,543.6,11.93,0.218,validation
2014-07-03,5.361,6.305,538.07,11.14,0.228,validation
2014-07-04,5.098,6.146,533.39,10.04,3.105,validation
2014-07-05,4.835,5.969,528.2,10.7,1.323,validation
2014-07-06,4.703,5.802,522.39,11.51,0.941,validation
2014-07-07,4.605,5.654,516.48,11.62,1.442,validation
2014-07-08,4.506,5.521,509.81,12.61,1.029,validation
2014-07-09,4.473,5.411,501.71,14.45,0.326,validation
2014-07-10,4.473,5.343,493.17,15.01,1.459,validation
2014-07-11,4.473,5.219,487.49,15.29,1.191,validation
2014-07-12,4.374,5.135,482.87,13.65,4.178,validation
2014-07-13,4.276,4.966,478.77,12.69,0.416,validation
2014-07-14,4.276,4.782,475.15,11.8,0.192,validation
2014-07-15,4.111,4.587,472.06,10.8,0.025,validation
2014-07-16,4.013,4.398,469.2,10.39,0.321,validation
2014-07-17,3.914,4.218,466.54,10.02,0.784,validation
2014-07-18,3.782,4.067,463.48,10.76,1.786,validation
2014-07-19,3.749,3.935,459.9,11.73,1.849,validation
2014-07-20,3.684,3.813,455.84,12.62,1.417,validation
2014-07-21,3.618,3.698,451.79,12.6,1.295,validation
2014-07-22,3.519,3.604,446.27,15.33,0.577,validation
2014-07-23,3.684,3.528,441.18,14.52,1.641,validation
2014-07-24,3.552,3.411,437.49,11.94,0.264,validation
2014-07-25,3.519,3.306,432.88,13.63,0.001,validation
2014-07-26,3.388,3.214,427.67,14.74,0.04,validation
2014-07-27,3.355,3.104,424.47,14.71,0.602,validation
2014-07-28,3.421,3.158,423.78,9.37,13.872,validation
2014-07-29,3.486,3.006,423.11,8.63,0.021,validation
2014-07-30,3.19,2.885,422.29,9.21,0.186,validation
2014-07-31,3.033,2.84,421.05,10.65,0.053,validation
2014-08-01,2.954,2.798,419.54,11.6,0.435,validation
2014-08-02,2.901,2.767,418.15,11.15,2.666,validation
2014-08-03,2.848,2.743,416.75,11.23,3.98,validation
2014-08-04,2.796,2.711,415.44,10.9,1.993,validation
2014-08-05,2.493,2.674,413.78,12.1,0.747,validation
2014-08-06,2.187,2.637,411.55,14.07,0.167,validation
2014-08-07,2.358,2.6,409.19,14.53,0.167,validation
2014-08-08,2.431,2.567,407.03,13.83,1.111,validation
2014-08-09,2.467,2.534,405.01,13.34,1.254,validation
2014-08-10,2.506,2.505,402.9,13.66,1.623,validation
2014-08-11,2.467,2.473,400.53,14.53,0.662,validation
2014-08-12,2.467,2.442,398.19,14.44,0.77,validation
2014-08-13,2.467,2.412,395.79,14.67,0.837,validation
2014-08-14,2.394,2.397,394.14,12.08,4.868,validation
2014-08-15,2.358,2.373,393.46,8.81,3.138,validation
2014-08-16,2.253,2.35,393.37,7.28,3.558,validation
2014-08-17,2.154,2.327,392.91,8.01,3.106,validation
2014-08-18,2.033,2.295,391.62,10.82,0.716,validation
2014-08-19,2.062,2.263,389.66,13.13,0.006,validation
2014-08-20,2.121,2.234,387.25,14.7,0.073,validation
2014-08-21,2.154,2.206,384.52,15.78,0.163,validation
2014-08-22,2.22,2.175,383.18,16.19,0.79,validation
2014-08-23,2.253,2.142,382.29,16.34,0.648,validation
2014-08-24,2.253,2.113,381.48,15.63,1.766,validation
2014-08-25,2.187,2.086,380.82,14.2,2.28,validation
2014-08-26,2.154,2.05,380.31,12.71,0.075,validation
2014-08-27,2.121,2.014,379.72,13.48,0.009,validation
2014-08-28,2.092,1.979,379.1,13.86,0.197,validation
2014-08-29,2.092,1.945,378.46,13.97,0.032,validation
2014-08-30,2.092,1.911,377.67,15.39,0.001,validation
2014-08-31,2.092,1.878,376.89,15.33,0.01,validation
2014-09-01,2.121,1.845,376.24,14.09,0.141,validation
2014-09-02,2.092,1.813,375.77,12.31,0.651,validation
2014-09-03,2.003,1.788,375.57,9.81,3.75,validation
2014-09-04,1.895,1.756,375.43,9.2,0.157,validation
2014-09-05,1.868,1.724,375.21,9.92,0.038,validation
2014-09-06,1.783,1.695,375.22,7.6,1.093,validation
2014-09-07,1.684,1.664,375.11,8.86,0.001,validation
2014-09-08,1.684,1.635,374.96,9.33,0.566,validation
2014-09-09,1.664,1.605,374.83,9.04,0.054,validation
2014-09-10,1.645,1.576,374.7,9.05,0.013,validation
2014-09-11,1.645,1.547,374.62,8.4,0.135,validation
2014-09-12,1.605,1.519,374.56,8.21,0.098,validation
2014-09-13,1.605,1.491,374.48,8.45,0.055,validation
2014-09-14,1.585,1.464,374.38,8.83,0.322,validation
2014-09-15,1.566,1.445,374.86,5.59,7.334,validation
2014-09-16,1.546,1.418,374.85,7.67,0.001,validation
2014-09-17,1.49,1.398,374.59,10.35,1.742,validation
2014-09-18,1.51,1.402,375.26,6.65,10.211,validation
2014-09-19,1.49,1.377,375.34,2.98,0.245,validation
2014-09-20,1.49,1.352,375.31,4.33,0,validation
2014-09-21,1.454,1.327,375.28,6.22,0.003,validation
2014-09-22,1.362,1.314,375.47,7.39,2.989,validation
2014-09-23,1.342,1.311,375.53,7.66,5.017,validation
2014-09-24,1.306,1.345,376.31,6.52,11.841,validation
2014-09-25,1.289,1.321,376.27,7.96,0.03,validation
2014-09-26,1.289,1.304,376.11,9.46,0.835,validation
2014-09-27,1.306,1.335,377.98,4.41,10.241,validation
2014-09-28,1.306,1.315,378.25,3.04,0.804,validation
2014-09-29,1.27,1.292,378.12,5.33,0.001,validation
2014-09-30,1.27,1.487,378.99,7.04,17.446,validation
2014-10-01,1.253,1.891,383.31,4.35,23.714,validation
2014-10-02,1.237,2.094,388.26,3.36,14.676,validation
2014-10-03,1.237,2.429,391.11,3.64,15.772,validation
2014-10-04,1.237,2.257,391.25,1.1,0.279,validation
2014-10-05,1.217,2.204,392.64,2.01,4.245,validation
2014-10-06,1.217,2.265,395.52,2.16,8.542,validation
2014-10-07,1.2,2.512,404.75,1.04,18.967,validation
2014-10-08,1.2,2.369,409.36,-7.34,5.029,validation
2014-10-09,1.184,2.2,409.37,-8.48,0.003,validation
2014-10-10,1.184,2.049,409.11,-4.36,0.002,validation
2014-10-11,1.168,1.911,408.76,-3.2,0,validation
2014-10-12,1.168,1.774,408.57,-3.11,0,validation
2014-10-13,1.168,1.701,408.42,-2.25,0.001,validation
2014-10-14,1.151,1.674,408.11,-0.7,0.001,validation
2014-10-15,1.151,1.647,407.83,-0.28,0,validation
2014-10-16,1.151,1.618,407.71,0.2,0.001,validation
2014-10-17,1.135,1.593,407.34,1.44,0.001,validation
2014-10-18,1.135,1.701,410.25,1.95,9.271,validation
2014-10-19,1.122,1.735,414.24,0.53,8.216,validation
2014-10-20,1.122,1.842,419.85,1.48,11.516,validation
2014-10-21,1.151,2.083,428.38,0.53,17.552,validation
2014-10-22,1.122,2.047,429.43,2.56,3.78,validation
2014-10-23,1.105,2.148,434.74,1.53,10.924,validation
2014-10-24,1.105,1.996,434.76,0.71,0.03,validation
2014-10-25,1.105,1.879,435.34,0.7,1.199,validation
2014-10-26,1.105,2.233,452.12,-1.78,27.241,validation
2014-10-27,1.092,2.079,452.15,-9.5,0.036,validation
2014-10-28,1.092,1.932,452.18,-12.9,0.025,validation
2014-10-29,1.092,1.873,452.19,-12.54,0.01,validation
2014-10-30,1.092,1.838,452.19,-11.75,0.002,validation
2014-10-31,1.075,1.805,452.18,-5.87,0,validation
2014-11-01,1.075,1.771,452.18,-4.86,0.002,validation
2014-11-02,1.105,1.768,456.24,-3.16,5.561,validation
2014-11-03,1.122,1.799,461.55,-2.1,8.686,validation
2014-11-04,1.135,1.765,461.71,-3.77,0.226,validation
2014-11-05,1.135,1.747,463.78,-2.35,2.833,validation
2014-11-06,1.135,1.777,472,-4.23,11.223,validation
2014-11-07,1.135,1.76,477.75,-7.53,6.267,validation
2014-11-08,1.135,1.73,483.95,-12.53,5.703,validation
2014-11-09,1.135,1.698,484.33,-13.16,0.351,validation
2014-11-10,1.122,1.673,484.85,-9.39,0.812,validation
2014-11-11,1.122,1.645,484.65,-8.74,0.002,validation
2014-11-12,1.122,1.616,484.58,-9.34,0,validation
2014-11-13,1.122,1.586,484.58,-10.59,0,validation
2014-11-14,1.122,1.558,484.87,-9.99,0.315,validation
2014-11-15,1.122,1.529,484.87,-11.59,0.003,validation
2014-11-16,1.122,1.502,484.84,-9.61,0.006,validation
2014-11-17,1.122,1.493,491.11,-8.04,6.856,validation
2014-11-18,1.122,1.619,508.76,-5.23,21.767,validation
2014-11-19,1.122,1.788,521.95,-3.96,18.735,validation
2014-11-20,1.122,1.747,528.89,-5.34,8.49,validation
2014-11-21,1.122,1.616,529.99,-8.78,1.11,validation
2014-11-22,1.122,1.586,530,-12.17,0.013,validation
2014-11-23,1.122,1.568,535.81,-8.58,5.884,validation
2014-11-24,1.135,1.608,554.95,-7.16,20.996,validation
2014-11-25,1.135,1.577,559.56,-11.38,4.418,validation
2014-11-26,1.122,1.548,559.59,-10.12,0.046,validation
2014-11-27,1.135,1.537,568.08,-9.94,8.625,validation
2014-11-28,1.135,1.508,568.12,-11.83,0.043,validation
2014-11-29,1.135,1.48,568.88,-15.07,0.679,validation
2014-11-30,1.135,1.456,570.8,-12,1.872,validation
2014-12-01,1.135,1.434,576,-12.1,4.997,validation
2014-12-02,1.122,1.411,578.25,-11.05,2.168,validation
2014-12-03,1.122,1.412,592.25,-10.04,14.209,validation
2014-12-04,1.122,1.386,596.06,-15.12,3.429,validation
2014-12-05,1.105,1.361,596.1,-14.13,0.032,validation
2014-12-06,1.105,1.352,608.84,-11.07,12.39,validation
2014-12-07,1.105,1.327,611.66,-20.61,2.523,validation
2014-12-08,1.105,1.302,611.66,-17.61,0.002,validation
2014-12-09,1.105,1.278,611.64,-13.87,0,validation
2014-12-10,1.092,1.255,611.63,-13.75,0.002,validation
2014-12-11,1.092,1.232,611.62,-13.9,0,validation
2014-12-12,1.092,1.209,611.62,-14.46,0.002,validation
2014-12-13,1.092,1.187,611.62,-14.37,0.001,validation
2014-12-14,1.075,1.165,611.6,-13.68,0.001,validation
2014-12-15,1.075,1.144,611.6,-12.7,0,validation
2014-12-16,1.075,1.128,611.32,-9.22,0.003,validation
2014-12-17,1.075,1.111,611.27,-7.98,0.196,validation
2014-12-18,1.075,1.097,611.91,-7.96,0.947,validation
2014-12-19,1.075,1.082,613.75,-9.59,1.916,validation
2014-12-20,1.075,1.066,615.65,-10.09,1.935,validation
2014-12-21,1.075,1.057,620.02,-8.89,4.546,validation
2014-12-22,1.075,1.037,620.08,-10.85,0.063,validation
2014-12-23,1.075,1.022,621.64,-9.38,1.648,validation
2014-12-24,1.075,1.009,627.18,-10.23,5.321,validation
2014-12-25,1.075,1.019,641.53,-10,14.567,validation
2014-12-26,1.075,1,641.73,-10.65,0.186,validation
2014-12-27,1.075,0.983,641.7,-9.89,0,validation
2014-12-28,1.075,0.966,641.59,-9.01,0.001,validation
2014-12-29,1.062,0.951,642.03,-9.24,0.524,validation
2014-12-30,1.062,0.935,643.86,-10.22,1.758,validation
2014-12-31,1.046,0.918,643.86,-10.65,0.001,validation
2015-01-01,1.062,0.901,643.91,-10.15,0.056,validation
2015-01-02,1.062,0.925,664.52,-9.9,20.914,validation
2015-01-03,1.046,0.911,667.62,-10.48,2.977,validation
2015-01-04,1.046,0.903,675.37,-12.1,7.439,validation
2015-01-05,1.046,0.89,678.52,-11.38,3.028,validation
2015-01-06,1.046,0.873,679.08,-14.72,0.496,validation
2015-01-07,1.046,0.858,679.03,-10.09,0.004,validation
2015-01-08,1.046,0.855,680.47,-7.12,1.995,validation
2015-01-09,1.046,0.863,691.46,-8.94,11.255,validation
2015-01-10,1,0.855,695.34,-10.17,3.937,validation
2015-01-11,0.954,0.872,710.92,-8.41,15.953,validation
2015-01-12,0.934,0.857,711.16,-10.73,0.227,validation
2015-01-13,0.934,0.841,711.16,-10.26,0.003,validation
2015-01-14,0.934,0.831,716.69,-10.67,5.304,validation
2015-01-15,0.934,0.816,716.92,-12.96,0.211,validation
2015-01-16,0.934,0.802,716.87,-9.72,0,validation
2015-01-17,0.934,0.792,716.72,-7.75,0.131,validation
2015-01-18,0.934,0.782,718.52,-9.28,1.907,validation
2015-01-19,0.911,0.775,721.14,-9.11,2.763,validation
2015-01-20,0.911,0.776,728.65,-10.11,7.618,validation
2015-01-21,0.911,0.762,729.39,-11.4,0.711,validation
2015-01-22,0.911,0.75,731.18,-11.16,1.712,validation
2015-01-23,0.911,0.74,741.05,-12.46,9.085,validation
2015-01-24,0.911,0.729,748.42,-13.38,6.772,validation
2015-01-25,0.911,0.716,748.59,-17.61,0.152,validation
2015-01-26,0.911,0.703,748.89,-19.35,0.276,validation
2015-01-27,0.911,0.69,748.91,-19.73,0.011,validation
2015-01-28,0.911,0.677,748.93,-17,0.023,validation
2015-01-29,0.891,0.664,749.28,-15.9,0.317,validation
2015-01-30,0.891,0.653,758.9,-14.35,8.659,validation
2015-01-31,0.868,0.642,761.36,-13.53,2.278,validation
2015-02-01,0.868,0.635,764.3,-12.1,2.908,validation
2015-02-02,0.868,0.623,764.32,-13.86,0.026,validation
2015-02-03,0.868,0.612,764.32,-14.22,0.004,validation
2015-02-04,0.868,0.601,764.33,-14.71,0.002,validation
2015-02-05,0.868,0.596,763.96,-9.49,0.001,validation
2015-02-06,0.868,0.597,764.16,-7.8,0.856,validation
2015-02-07,0.868,0.595,765.53,-9,1.723,validation
2015-02-08,0.849,0.587,765.35,-9.97,0.006,validation
2015-02-09,0.849,0.606,770.44,-7.49,6.266,validation
2015-02-10,0.829,0.637,774.82,-5.32,6.33,validation
2015-02-11,0.829,0.894,796.43,-4.64,27.297,validation
2015-02-12,0.829,1.176,821.58,-5.53,31.177,validation
2015-02-13,0.849,1.049,821.36,-7.97,0.012,validation
2015-02-14,0.891,0.951,823.07,-7.66,2.174,validation
2015-02-15,0.954,0.968,835.51,-6.68,14.082,validation
2015-02-16,1,0.952,844.97,-7.27,10.711,validation
2015-02-17,1.049,0.909,845.96,-10.29,0.953,validation
2015-02-18,1.049,0.893,845.96,-11.34,0.005,validation
2015-02-19,1.049,0.876,846.2,-11.1,0.23,validation
2015-02-20,1.049,0.866,848.41,-9.42,2.31,validation
2015-02-21,1.075,0.891,858.96,-6.58,11.775,validation
2015-02-22,1.099,1.052,868.68,-3.75,14.546,validation
2015-02-23,1.099,1.054,866.96,-1.05,0.896,validation
2015-02-24,1.099,1.012,866.49,-3.07,1,validation
2015-02-25,1.099,1.001,866.82,-6.14,0.7,validation
2015-02-26,1.075,0.983,867.09,-8.26,0.273,validation
2015-02-27,1.075,0.965,867.15,-9.51,0.06,validation
2015-02-28,1.075,0.947,867.15,-9.32,0.001,validation
2015-03-01,1.049,0.93,867.15,-8.28,0.001,validation
2015-03-02,1.075,0.915,867.05,-6.97,0.042,validation
2015-03-03,1.075,0.899,867.07,-7.85,0.07,validation
2015-03-04,1.075,0.884,867.04,-7.64,0.038,validation
2015-03-05,1.049,0.87,867.34,-7.84,0.377,validation
2015-03-06,1.049,0.864,869.95,-7.7,2.915,validation
2015-03-07,1.049,0.856,872.16,-7.57,2.483,validation
2015-03-08,1.026,0.843,873.19,-8.77,1.043,validation
2015-03-09,1.026,0.868,885.46,-7.85,13.417,validation
2015-03-10,1.026,0.875,897.01,-8.82,11.712,validation
2015-03-11,1.026,0.86,897.68,-11.01,0.641,validation
2015-03-12,1.026,0.845,897.63,-8.08,0.003,validation
2015-03-13,0.977,0.837,897.16,-5.23,0,validation
2015-03-14,0.977,0.828,896.78,-5.61,0.003,validation
2015-03-15,1,0.816,898.3,-8.59,1.545,validation
2015-03-16,1,0.801,898.31,-8.46,0.004,validation
2015-03-17,1,0.792,899.43,-7.06,1.37,validation
2015-03-18,1.026,0.78,899.29,-6.87,0.008,validation
2015-03-19,1.026,0.795,903.37,-5.51,5.392,validation
2015-03-20,1.075,0.883,916.76,-5.78,16.493,validation
2015-03-21,1.049,0.859,917.85,-4.53,2.085,validation
2015-03-22,1.049,0.976,919.43,-0.98,6.315,validation
2015-03-23,1.026,1.226,919.61,0.87,7.892,validation
2015-03-24,1.099,1.274,929.79,-4.66,12.962,validation
2015-03-25,1.099,1.165,929.6,-5.26,0.334,validation
2015-03-26,1.125,1.126,927.93,-1.83,0.226,validation
2015-03-27,1.273,1.184,932.37,-2.91,7.801,validation
2015-03-28,1.398,1.128,932.6,-5,0.912,validation
2015-03-29,1.322,1.122,940.13,-9.48,7.629,validation
2015-03-30,1.296,1.101,941.33,-15.72,1.088,validation
2015-03-31,1.296,1.087,943.11,-8.88,1.938,validation
2015-04-01,1.322,1.104,949.02,-5.77,7.502,validation
2015-04-02,1.296,1.101,951.03,-5.81,2.818,validation
2015-04-03,1.224,1.095,951.36,-4.79,1.092,validation
2015-04-04,1.273,1.105,954.62,-4.63,4.662,validation
2015-04-05,1.224,1.111,952.97,-2.1,0.001,validation
2015-04-06,1.246,1.139,952.01,-1.32,1.871,validation
2015-04-07,1.329,1.153,951.9,-2.42,1.85,validation
2015-04-08,1.411,1.156,951.17,-3.07,0.649,validation
2015-04-09,1.411,1.175,948.75,-0.79,0.002,validation
2015-04-10,1.582,1.22,944.99,0.99,0,validation
2015-04-11,1.809,1.276,940.98,2.24,0.003,validation
2015-04-12,2.006,1.307,937.52,1.93,0.002,validation
2015-04-13,2.177,1.414,933.58,2.87,1.189,validation
2015-04-14,2.358,1.778,932.46,2.84,9.409,validation
2015-04-15,3.2,1.966,938.63,-0.78,12.617,validation
2015-04-16,3.082,1.836,938.43,-3.74,0.321,validation
2015-04-17,2.845,1.951,944.25,-2.33,10.848,validation
2015-04-18,2.575,1.904,944.89,-1.89,2.777,validation
2015-04-19,2.394,1.836,943.14,-0.45,0.013,validation
2015-04-20,2.431,1.793,941.47,-0.18,0.532,validation
2015-04-21,2.467,1.774,938.78,0.92,0.003,validation
2015-04-22,2.648,1.859,933.82,3.55,0.001,validation
2015-04-23,3.003,2.06,926.45,5.6,0.155,validation
2015-04-24,3.322,2.326,922.32,3.6,4.87,validation
2015-04-25,3.519,2.498,916.15,4.74,1.079,validation
2015-04-26,4.078,2.761,925.35,-0.94,17.413,validation
2015-04-27,4.078,2.631,924.65,-2.08,0.45,validation
2015-04-28,3.684,2.552,922.54,0.08,0.001,validation
2015-04-29,3.552,2.525,919.46,1.53,0.042,validation
2015-04-30,3.552,2.58,917.56,1.81,2.873,validation
2015-05-01,3.618,2.624,919.27,0.08,6.079,validation
2015-05-02,3.437,2.542,918.18,0.55,0.849,validation
2015-05-03,3.388,2.518,915.04,2.93,0.004,validation
2015-05-04,3.519,2.669,910.48,4.85,2.256,validation
2015-05-05,3.651,2.796,906.45,4.36,2.407,validation
2015-05-06,4.144,3.015,900.91,5.57,2.978,validation
2015-05-07,4.309,3.276,896.09,5.52,4.686,validation
2015-05-08,4.999,4.134,891.32,5.73,17.51,validation
2015-05-09,5.887,4.225,888.3,3.64,3.864,validation
2015-05-10,5.789,4.288,881.84,6.16,0.004,validation
2015-05-11,5.361,4.348,876.03,5.67,0.654,validation
2015-05-12,5.164,4.419,871.79,4.57,2.437,validation
2015-05-13,5.23,4.497,870.26,3.11,5.227,validation
2015-05-14,5.131,4.58,864.65,5.55,1.492,validation
2015-05-15,5.131,4.789,855.43,8.37,0.64,validation
2015-05-16,5.46,5.237,852.96,4.61,12.399,validation
2015-05-17,5.723,5.167,851.04,2.51,2.629,validation
2015-05-18,5.328,5.128,846.27,4.73,0.501,validation
2015-05-19,5.065,5.218,843.4,3.71,5.063,validation
2015-05-20,4.802,5.248,837.32,5.9,0.752,validation
2015-05-21,4.802,5.454,835.91,4.16,9.219,validation
2015-05-22,4.703,5.335,834.98,2.85,2.933,validation
2015-05-23,4.67,5.285,838.14,0.81,8.216,validation
2015-05-24,4.44,5.098,838.41,1.13,2.5,validation
2015-05-25,4.144,5.023,837.77,2.92,3.939,validation
2015-05-26,4.078,4.947,834.32,5.03,1.161,validation
2015-05-27,4.111,4.966,829.03,6.74,1.482,validation
2015-05-28,4.243,5.008,823.02,7.41,1.407,validation
2015-05-29,4.44,5.175,815.78,8.45,3.298,validation
2015-05-30,4.67,5.433,809,8.09,6.069,validation
2015-05-31,4.703,5.484,801.39,8.74,0.552,validation
2015-06-01,4.934,5.524,793.85,8.68,0.615,validation
2015-06-02,5.164,5.621,785.39,9.48,1.252,validation
2015-06-03,5.526,5.748,776.06,10.22,1.382,validation
2015-06-04,5.854,5.94,766.31,10.58,2.936,validation
2015-06-05,5.986,6.077,756,11.54,1.293,validation
2015-06-06,6.151,6.204,747.55,11.69,3.389,validation
2015-06-07,6.315,6.235,738.79,12.01,1.017,validation
2015-06-08,6.71,6.638,732.07,9.93,13.946,validation
2015-06-09,7.302,6.425,728.42,6.69,0.117,validation
2015-06-10,6.71,6.371,719.83,11.83,0.038,validation
2015-06-11,6.578,6.36,710.41,12.68,1.075,validation
2015-06-12,6.644,6.329,701.33,12.33,1.047,validation
2015-06-13,6.512,6.337,693,11.57,3.532,validation
2015-06-14,6.512,6.366,689.64,7.03,9.068,validation
2015-06-15,6.216,6.197,685.62,7.2,1.253,validation
2015-06-16,5.953,6.061,679.11,9.71,0.147,validation
2015-06-17,5.887,5.983,670.5,11.86,0.414,validation
2015-06-18,5.953,5.956,659.57,14.21,0.026,validation
2015-06-19,6.151,5.984,648.8,14.06,2.099,validation
2015-06-20,6.249,6.054,640.96,12.23,6.212,validation
2015-06-21,6.151,5.974,634.49,12.34,1.65,validation
2015-06-22,6.216,5.914,628.56,11.66,3.24,validation
2015-06-23,6.249,5.873,623.61,10.39,5.005,validation
2015-06-24,5.986,5.811,618.97,9.99,4.351,validation
2015-06-25,5.854,5.76,614.48,9.8,4.731,validation
2015-06-26,5.69,5.72,610.12,9.64,4.991,validation
2015-06-27,5.591,5.724,605.58,9.86,6.179,validation
2015-06-28,5.526,5.764,599.7,11.58,5.818,validation
2015-06-29,5.591,5.976,592.8,12.91,10.176,validation
2015-06-30,5.723,6.156,585.41,13.53,7.824,validation
2015-07-01,5.854,6.13,576.98,14.87,0.516,validation
2015-07-02,6.052,6.099,568.03,15.55,0.582,validation
2015-07-03,5.887,6.052,558.7,16.02,0.153,validation
2015-07-04,5.986,5.995,549.75,15.55,0.607,validation
2015-07-05,6.052,5.872,543.26,12.37,0.847,validation
2015-07-06,5.986,5.721,537.03,12.04,0.067,validation
2015-07-07,5.69,5.554,531.38,13.97,0.066,validation
2015-07-08,5.361,5.371,526.55,14.05,0.099,validation
2015-07-09,5.065,5.193,522.39,12.8,0.916,validation
2015-07-10,5.23,4.988,518.96,11.45,0.009,validation
2015-07-11,4.802,4.819,513.73,14.78,0.009,validation
2015-07-12,4.769,4.682,507.46,16.72,0.379,validation
2015-07-13,4.67,4.561,500.88,17.3,0.462,validation
2015-07-14,4.539,4.456,493.5,18.76,0.011,validation
2015-07-15,4.473,4.369,485.58,19.79,0.01,validation
2015-07-16,4.539,4.298,477.64,19.81,0.445,validation
2015-07-17,4.67,4.255,470.59,18.15,2.127,validation
2015-07-18,4.769,4.218,464.9,15.65,3.05,validation
2015-07-19,4.473,4.341,461.08,12.17,11.196,validation
2015-07-20,4.144,4.398,455.67,15.13,4.435,validation
2015-07-21,4.309,4.529,451.17,13.75,8.363,validation
2015-07-22,4.243,4.542,449.04,13.71,6.178,validation
2015-07-23,4.144,4.472,446.42,15.41,3.148,validation
2015-07-24,4.21,4.444,443.86,15.21,5.122,validation
2015-07-25,0.855,4.283,441.42,14.77,0.25,unused
2015-07-26,4.078,4.125,438.79,15.46,0.268,validation
2015-07-27,3.914,3.973,436.14,15.52,0.481,validation
2015-07-28,3.749,3.859,434.4,12.37,3.389,validation
2015-07-29,3.519,3.699,432.53,12.82,0.281,validation
2015-07-30,3.486,3.545,430.49,13.42,0.228,validation
2015-07-31,3.454,3.454,428.25,14.11,3.947,validation
2015-08-01,3.388,3.343,425.85,14.64,1.788,validation
2015-08-02,3.355,3.257,423.24,15.39,2.711,validation
2015-08-03,3.355,3.173,420.57,15.58,2.32,validation
2015-08-04,3.388,3.075,418.03,15.14,1.307,validation
2015-08-05,3.388,2.988,415.39,15.47,1.141,validation
2015-08-06,3.355,2.951,412.91,14.91,0.527,validation
2015-08-07,3.322,2.912,410.53,14.61,0.487,validation
2015-08-08,3.279,2.882,409.16,11.1,3.17,validation
2015-08-09,3.082,2.838,407.83,10.95,0.401,validation
2015-08-10,2.963,2.802,406.94,9.47,2.618,validation
2015-08-11,2.796,2.757,405.6,10.99,0.001,validation
2015-08-12,2.625,2.715,403.64,13.14,0,validation
2015-08-13,2.457,2.677,402.08,11.77,1.414,validation
2015-08-14,2.286,2.634,400.95,10.29,0.28,validation
2015-08-15,2.286,2.591,399.63,13.38,0.047,validation
2015-08-16,2.286,2.547,398.96,14.27,0.584,validation
2015-08-17,2.319,2.503,398.25,14.66,0.154,validation
2015-08-18,2.253,2.46,397.34,16.56,0.05,validation
2015-08-19,2.253,2.417,396.29,17.88,0.019,validation
2015-08-20,2.253,2.376,395.38,16.56,0.368,validation
2015-08-21,2.319,2.337,394.71,14.2,1.366,validation
2015-08-22,2.417,2.34,396.01,7.19,19.689,validation
2015-08-23,2.385,2.299,396.03,7.48,0.239,validation
2015-08-24,2.187,2.266,395.98,8.27,1.407,validation
2015-08-25,2.088,2.364,396.17,7.53,14.796,validation
2015-08-26,1.996,2.273,396.2,6.81,0.483,validation
2015-08-27,1.829,2.253,396.4,5.99,3.008,validation
2015-08-28,1.75,2.227,396.54,6.75,2.07,validation
2015-08-29,1.677,2.211,396.78,6.51,3.617,validation
2015-08-30,1.645,2.191,396.98,6.72,3.114,validation
2015-08-31,1.621,2.157,396.91,8.49,0.734,validation
2015-09-01,1.529,2.119,396.77,9.19,0.22,validation
2015-09-02,1.575,2.163,397.61,6.81,12.764,validation
2015-09-03,1.599,2.143,399.74,2.18,6.3,validation
2015-09-04,1.552,2.119,399.63,5.24,1.707,validation
2015-09-05,1.529,2.095,399.02,6.26,1.268,validation
2015-09-06,1.506,2.062,398.91,6.33,0.7,validation
2015-09-07,1.483,2.029,398.58,7.49,0.377,validation
2015-09-08,1.483,1.995,398.12,9.54,0.008,validation
2015-09-09,1.46,1.961,397.65,12.39,0,validation
2015-09-10,1.46,1.929,397.11,13.02,0.235,validation
2015-09-11,1.437,1.897,396.69,11.85,0.413,validation
2015-09-12,1.414,1.864,396.43,10.41,0.287,validation
2015-09-13,1.414,1.859,398.07,4.64,9.016,validation
2015-09-14,1.437,1.825,398.08,4.14,0.086,validation
2015-09-15,1.414,1.792,397.99,6.05,0.005,validation
2015-09-16,1.414,1.76,397.65,7.38,0.039,validation
2015-09-17,1.395,1.732,397.26,7.61,0.553,validation
2015-09-18,1.395,1.731,397.64,6.33,7.904,validation
2015-09-19,1.395,1.731,400.35,2.85,8.044,validation
2015-09-20,1.395,1.703,400.67,2.48,0.936,validation
2015-09-21,1.375,1.676,400.03,5.88,0.002,validation
2015-09-22,1.355,1.652,398.89,7.23,0.014,validation
2015-09-23,1.355,1.624,398.65,6.92,0.175,validation
2015-09-24,1.355,1.599,398.67,5.73,0.953,validation
2015-09-25,1.316,1.574,398.86,4.16,1.028,validation
2015-09-26,1.316,1.546,398.92,3.73,0.321,validation
2015-09-27,1.316,1.521,399.28,2.97,1.069,validation
2015-09-28,1.289,1.505,401.78,0.9,5.153,validation
2015-09-29,1.25,1.482,400.98,4.27,0.013,validation
2015-09-30,1.24,1.464,400.9,4.76,1.97,validation
2015-10-01,1.23,1.439,401.1,3.31,0.585,validation
2015-10-02,1.23,1.42,401.15,4.52,1.587,validation
2015-10-03,1.22,1.404,401.42,4.32,2.501,validation
2015-10-04,1.22,1.385,401.5,5.02,1.314,validation
2015-10-05,1.141,1.359,401.5,4.49,0.014,validation
2015-10-06,1.059,1.335,401.3,6.63,0,validation
2015-10-07,1.039,1.315,401.03,7.21,0.679,validation
2015-10-08,1.039,1.295,400.26,9.04,0.319,validation
2015-10-09,1.02,1.287,399.33,9.57,2.888,validation
2015-10-10,1.02,1.293,399.39,7.5,6.187,validation
2015-10-11,1,1.446,403.04,4.22,20.045,validation
2015-10-12,1.079,1.359,404.24,0.72,2.462,validation
2015-10-13,1.039,1.34,404,3.45,0.376,validation
2015-10-14,1.02,1.371,409.22,0.71,10.742,validation
2015-10-15,1.02,1.365,410.04,1.82,2.572,validation
2015-10-16,1.02,1.546,419.5,1.3,19.442,validation
2015-10-17,1.059,1.987,443.8,-0.72,39.473,validation
2015-10-18,1.177,2.026,454.56,-3.24,14.704,validation
2015-10-19,1.039,1.87,454.6,-6.55,0.039,validation
2015-10-20,1.039,1.722,454.6,-6.67,0.004,validation
2015-10-21,1.039,1.691,460.42,-3.51,7.966,validation
2015-10-22,1.197,1.659,474.19,-6.69,15.007,validation
2015-10-23,1.158,1.586,474.2,-12.43,0.005,validation
2015-10-24,1.118,1.557,474.2,-10.13,0.003,validation
2015-10-25,1.099,1.528,474.2,-8.26,0.001,validation
2015-10-26,1.039,1.5,474.2,-6.27,0,validation
2015-10-27,1.039,1.476,473.98,-4.65,0,validation
2015-10-28,1.02,1.476,472.1,-0.24,0.027,validation
2015-10-29,1,1.49,469.47,2.31,0.135,validation
2015-10-30,1,1.498,468.34,2.25,1.225,validation
2015-10-31,1,1.682,473.49,0.69,12.197,validation
2015-11-01,1.039,1.8,486.4,-3.14,17.647,validation
2015-11-02,1.039,1.66,486.81,-9.1,0.411,validation
2015-11-03,1.039,1.603,491.97,-7.42,5.657,validation
2015-11-04,1.02,1.574,492.69,-9.2,0.729,validation
2015-11-05,1.02,1.575,508.95,-9.22,16.475,validation
2015-11-06,1,1.546,509.15,-8.6,0.205,validation
2015-11-07,1,1.531,512.85,-7.4,4.132,validation
2015-11-08,1,1.504,512.92,-7.95,0.121,validation
2015-11-09,0.98,1.476,512.93,-8.53,0.006,validation
2015-11-10,0.98,1.46,515.45,-6.63,2.939,validation
2015-11-11,0.98,1.575,531.61,-4.78,20.112,validation
2015-11-12,0.98,1.828,547.29,-3.6,22.782,validation
2015-11-13,1.02,1.767,556.96,-7.41,10.552,validation
2015-11-14,0.98,1.627,557.05,-9.38,0.087,validation
2015-11-15,0.98,1.579,564.17,-10.64,6.83,validation
2015-11-16,0.98,1.55,565.16,-12.27,0.912,validation
2015-11-17,0.98,1.542,569.11,-7.29,4.749,validation
2015-11-18,1,1.65,583.06,-4.59,17.717,validation
2015-11-19,1.039,1.893,599.14,-3.62,22.664,validation
2015-11-20,1.118,1.892,604.66,-3.96,8.05,validation
2015-11-21,1.138,1.813,608.82,-5.46,5.126,validation
2015-11-22,1.138,1.688,608.83,-5.13,0.201,validation
2015-11-23,1.138,1.658,608.75,-5.74,0,validation
2015-11-24,1.085,1.627,608.75,-7.5,0,validation
2015-11-25,1.099,1.597,608.75,-8.7,0,validation
2015-11-26,1.099,1.568,608.76,-8.71,0.004,validation
2015-11-27,1.099,1.539,608.76,-6.87,0.002,validation
2015-11-28,1.099,1.513,608.67,-5.49,0.013,validation
2015-11-29,1.099,1.487,608.56,-5.43,0.01,validation
2015-11-30,1.099,1.462,608.43,-5.28,0.01,validation
2015-12-01,1.079,1.438,608.61,-5.58,0.323,validation
2015-12-02,1.079,1.414,609.37,-6.31,0.835,validation
2015-12-03,1.079,1.564,628.32,-4.91,22.979,validation
2015-12-04,1.079,1.613,635.04,-3.44,9.909,validation
2015-12-05,1.059,1.651,647.01,-5.99,14.413,validation
2015-12-06,1.059,1.533,647.05,-11.28,0.041,validation
2015-12-07,1.059,1.505,647.22,-8.72,0.175,validation
2015-12-08,1.039,1.504,655.22,-6.47,8.736,validation
2015-12-09,1.039,1.505,669.12,-9.67,14.089,validation
2015-12-10,1.02,1.477,670.53,-16.95,1.268,validation
2015-12-11,1,1.45,670.58,-18.76,0.037,validation
2015-12-12,1,1.423,670.58,-16.46,0.007,validation
2015-12-13,1,1.397,670.58,-15.32,0.002,validation
2015-12-14,1,1.371,670.58,-14.49,0,validation
2015-12-15,0.98,1.346,670.57,-13.91,0.001,validation
2015-12-16,0.98,1.322,670.56,-11.6,0.044,validation
2015-12-17,0.98,1.299,673.53,-13.55,2.737,validation
2015-12-18,0.98,1.278,681.22,-12.64,7.071,validation
2015-12-19,0.98,1.257,687.1,-12.91,5.41,validation
2015-12-20,0.941,1.234,700.71,-14.38,12.245,validation
2015-12-21,0.941,1.212,701.42,-12.97,0.692,validation
2015-12-22,0.941,1.195,711.29,-13.35,9.106,validation
2015-12-23,0.941,1.174,712.19,-12.66,0.885,validation
2015-12-24,0.921,1.16,714.29,-10.28,2.293,validation
2015-12-25,0.921,1.153,725.43,-10.38,10.828,validation
2015-12-26,0.921,1.148,738.35,-10.87,12.487,validation
2015-12-27,0.921,1.127,738.41,-13.68,0.059,validation
2015-12-28,0.921,1.108,738.53,-10.69,0.219,validation
2015-12-29,0.921,1.103,750.35,-10.25,11.472,validation
2015-12-30,0.921,1.084,751.3,-11.56,0.958,validation
2015-12-31,0.901,1.1,757.63,-7.35,7.667,validation
2016-01-01,0.858,1.105,760.91,-7.42,4.316,validation
2016-01-02,0.858,1.114,764.63,-6.92,4.939,validation
2016-01-03,0.858,1.183,774.56,-5.72,12.851,validation
2016-01-04,0.839,1.177,781.64,-6.59,8.269,validation
2016-01-05,0.839,1.156,782.03,-9.97,0.416,validation
2016-01-06,0.839,1.141,783.78,-8.51,1.928,validation
2016-01-07,0.799,1.133,788.72,-8.36,5.163,validation
2016-01-08,0.779,1.117,792.75,-11.3,3.871,validation
2016-01-09,0.779,1.103,792.46,-7.41,0.059,validation
2016-01-10,0.779,1.118,792.02,-3.67,1.497,validation
2016-01-11,0.779,1.141,801.81,-6.74,11.185,validation
2016-01-12,0.779,1.12,801.84,-10.2,0.031,validation
2016-01-13,0.763,1.106,801.88,-7.5,0.395,validation
2016-01-14,0.763,1.096,802.26,-6.88,0.9,validation
2016-01-15,0.763,1.078,802.14,-8.78,0.001,validation
2016-01-16,0.763,1.084,807.7,-7.56,6.403,validation
2016-01-17,0.763,1.064,808.04,-14.44,0.302,validation
2016-01-18,0.763,1.044,808.04,-16.13,0.003,validation
2016-01-19,0.747,1.025,808.02,-10.18,0,validation
2016-01-20,0.734,1.014,807.58,-6.91,0,validation
2016-01-21,0.734,1.002,807.19,-7.12,0.002,validation
2016-01-22,0.734,0.985,807.11,-9.33,0,validation
2016-01-23,0.734,0.968,807.09,-8.93,0.002,validation
2016-01-24,0.734,0.951,807.04,-7.77,0.001,validation
2016-01-25,0.734,0.938,807.45,-6.8,0.629,validation
2016-01-26,0.717,0.93,809.85,-7.67,2.682,validation
2016-01-27,0.717,0.921,814.12,-9.53,4.329,validation
2016-01-28,0.717,0.908,817.7,-11.25,3.435,validation
2016-01-29,0.704,0.893,820.97,-12.2,3.004,validation
2016-01-30,0.704,0.876,821.39,-14.22,0.381,validation
2016-01-31,0.704,0.862,824.67,-14.02,3.019,validation
2016-02-01,0.704,0.846,824.71,-15.95,0.039,validation
2016-02-02,0.687,0.83,824.71,-13.67,0.002,validation
2016-02-03,0.687,0.817,824.59,-10.3,0.017,validation
2016-02-04,0.687,0.804,824.67,-11.23,0.142,validation
2016-02-05,0.687,0.79,824.58,-10.21,0,validation
2016-02-06,0.674,0.785,824.05,-6.42,0.001,validation
2016-02-07,0.674,0.781,823.43,-5.55,0.001,validation
2016-02-08,0.674,0.791,829.35,-6.44,6.664,validation
2016-02-09,0.674,0.809,838.78,-7.75,10.336,validation
2016-02-10,0.674,0.794,839.04,-12.2,0.245,validation
2016-02-11,0.658,0.78,839.06,-14.07,0.011,validation
2016-02-12,0.658,0.765,839.06,-13.42,0,validation
2016-02-13,0.658,0.751,839.06,-14.91,0.003,validation
2016-02-14,0.658,0.737,839.06,-14.86,0,validation
2016-02-15,0.658,0.724,839.08,-14.77,0.016,validation
2016-02-16,0.658,0.71,840.11,-15.39,0.929,validation
2016-02-17,0.658,0.698,840.1,-13.62,0.007,validation
2016-02-18,0.645,0.686,839.99,-9.7,0,validation
2016-02-19,0.645,0.677,839.83,-6.75,0.02,validation
2016-02-20,0.645,0.668,840.13,-7.13,0.463,validation
2016-02-21,0.645,0.665,841.92,-6.88,2.116,validation
2016-02-22,0.631,0.667,843,-5.52,1.782,validation
2016-02-23,0.631,0.677,841.71,-2.86,0,validation
2016-02-24,0.631,0.701,839.62,-1.35,0.002,validation
2016-02-25,0.645,0.732,837.03,-0.51,0.001,validation
2016-02-26,0.645,0.764,834.41,-0.46,0,validation
2016-02-27,0.645,0.777,832.82,-2.18,0.001,validation
2016-02-28,0.645,0.794,831.01,-1.6,0.003,validation
2016-02-29,0.631,0.807,829.41,-0.77,0.001,validation
2016-03-01,0.747,0.839,830.2,-1.6,3.246,validation
2016-03-02,0.763,0.837,829.66,-2.75,0.265,validation
2016-03-03,0.839,0.845,828.34,-1.36,0.001,validation
2016-03-04,0.927,0.881,825.31,1.43,0.003,validation
2016-03-05,0.997,0.908,822.82,0.62,0,validation
2016-03-06,1.046,0.925,820.87,-0.13,0.015,validation
2016-03-07,1.069,0.951,818.62,0.45,0.244,validation
2016-03-08,1.069,0.982,816.51,0.53,0.629,validation
2016-03-09,1.095,1.003,814.34,0.26,0.143,validation
2016-03-10,1.095,1.022,814.18,-1.35,1.878,validation
2016-03-11,1.095,1.039,812.97,-0.57,0.808,validation
2016-03-12,1.118,1.034,812.19,-2.52,0.024,validation
2016-03-13,1.118,1.073,817.53,-3.16,8.13,validation
2016-03-14,1.279,1.088,823.88,-5.53,7.751,validation
2016-03-15,1.25,1.084,825.98,-4.67,2.776,validation
2016-03-16,1.25,1.344,842.91,-4.22,23.546,validation
2016-03-17,1.339,1.391,855,-5.06,14.714,validation
2016-03-18,1.25,1.329,863.14,-6.48,8.868,validation
2016-03-19,1.171,1.223,863.22,-7.34,0.089,validation
2016-03-20,1.069,1.201,863.39,-6.55,0.192,validation
2016-03-21,1.069,1.189,864.88,-5.57,1.902,validation
2016-03-22,1.095,1.181,864.78,-3.08,0.722,validation
2016-03-23,1.118,1.199,863.37,-0.33,0.855,validation
2016-03-24,1.171,1.25,865.42,-1.27,5.545,validation
2016-03-25,1.171,1.258,866.42,-2.12,3.188,validation
2016-03-26,1.171,1.26,864.95,-1.04,0.003,validation
2016-03-27,1.197,1.263,864.14,-0.33,0.703,validation
2016-03-28,1.197,1.648,877.36,-0.65,22.938,validation
2016-03-29,1.368,1.943,882.98,0.26,14.316,validation
2016-03-30,1.908,2.479,892.41,1,22.984,validation
2016-03-31,2.638,2.527,897.42,-1.31,9.242,validation
2016-04-01,2.493,2.411,898.55,-2.26,2.394,validation
2016-04-02,2.276,2.265,899.15,-2.76,1.162,validation
2016-04-03,2.039,2.196,900.73,-1.64,3.463,validation
2016-04-04,1.94,2.038,900.64,-3.52,0.046,validation
2016-04-05,1.875,1.957,901.36,-1.46,2.189,validation
2016-04-06,1.842,1.889,902.92,-2.18,3.129,validation
2016-04-07,1.776,1.781,902.76,-1.65,0.638,validation
2016-04-08,1.776,1.897,909.4,-1.93,11.541,validation
2016-04-09,1.842,1.78,910.53,-4.1,1.585,validation
2016-04-10,1.842,1.695,910.85,-2.66,0.8,validation
2016-04-11,1.842,1.691,910.77,-0.42,1.467,validation
2016-04-12,1.842,1.693,914.43,-3.15,5.253,validation
2016-04-13,1.842,1.673,913.71,-1.19,0.001,validation
2016-04-14,1.842,1.696,910.41,3.13,0.003,validation
2016-04-15,1.842,1.776,905.61,4.68,0.001,validation
2016-04-16,1.973,1.924,899.24,6.09,0.002,validation
2016-04-17,2.276,2.179,896.52,3.72,5.99,validation
2016-04-18,2.529,2.123,895.4,0.71,0.979,validation
2016-04-19,2.529,2.093,893.23,1.91,0.462,validation
2016-04-20,2.602,2.226,894.92,1.35,7.486,validation
2016-04-21,2.746,2.125,894.69,-1.02,0.89,validation
2016-04-22,2.602,2.03,894.24,-0.78,0.662,validation
2016-04-23,2.493,1.96,892.89,0.48,0.253,validation
2016-04-24,2.529,1.94,891.31,1.1,0.454,validation
2016-04-25,2.638,1.946,889.73,1.46,0.905,validation
2016-04-26,2.746,1.964,887.78,1.96,1.243,validation
2016-04-27,2.819,1.976,885.26,2.3,0.362,validation
2016-04-28,2.819,2.242,884.9,2.99,8.367,validation
2016-04-29,2.967,2.545,881.82,4.21,6.764,validation
2016-04-30,3.204,2.7,879.2,3.81,4.231,validation
2016-05-01,3.552,2.967,876.29,5.51,6.389,validation
2016-05-02,3.848,3.503,876.43,3.84,15.182,validation
2016-05-03,4.177,3.413,874.77,2.89,0.854,validation
2016-05-04,4.078,3.373,874.12,2.3,2.722,validation
2016-05-05,3.881,3.654,873.22,3.78,9.144,validation
2016-05-06,3.782,4.04,873.06,3.6,12.333,validation
2016-05-07,3.914,4.049,869.59,5.15,1.634,validation
2016-05-08,3.98,4.315,865.27,6.12,6.26,validation
2016-05-09,4.309,5.057,865.77,4.64,21.004,validation
2016-05-10,4.407,4.946,863.4,3.81,1.197,validation
2016-05-11,4.144,4.894,860.08,4.94,1.388,validation
2016-05-12,4.078,4.804,857.44,4.12,1.261,validation
2016-05-13,3.98,4.86,855.12,4.44,4.562,validation
2016-05-14,4.045,5.139,854.76,3.61,11.286,validation
2016-05-15,4.44,5.687,854.65,4.57,17.293,validation
2016-05-16,4.966,6.101,859.63,2.41,19.635,validation
2016-05-17,4.736,6.825,867.62,2.7,29.074,validation
2016-05-18,4.901,6.794,869.07,1.84,8.112,validation
2016-05-19,4.638,6.528,867.31,2.75,0.322,validation
2016-05-20,4.506,6.43,862.06,6.62,0.16,validation
2016-05-21,4.341,6.481,853.4,9.65,0.003,validation
2016-05-22,4.276,6.79,845.24,9.28,6.408,validation
2016-05-23,4.638,6.994,842.98,5.53,10.099,validation
2016-05-24,4.506,6.88,837.55,6.79,0.229,validation
2016-05-25,4.44,6.869,831.23,7.63,1.646,validation
2016-05-26,4.44,7.024,825.49,7.45,6.088,validation
2016-05-27,4.605,7.259,821.7,5.86,10.073,validation
2016-05-28,4.407,7.214,818.41,5.96,4.365,validation
2016-05-29,4.243,7.115,817.07,4.99,5.109,validation
2016-05-30,4.078,6.946,813.32,6.88,1.198,validation
2016-05-31,4.078,6.829,807.37,9.15,0.264,validation
2016-06-01,4.177,6.809,801.61,8.99,3.036,validation
2016-06-02,4.177,6.875,795.07,9.74,4.523,validation
2016-06-03,4.605,7.018,791.78,7.02,9.838,validation
2016-06-04,4.966,6.97,786.42,8.55,2.705,validation
2016-06-05,4.999,6.96,779.21,10.44,2.169,validation
2016-06-06,5.361,6.992,770.66,11.8,2.417,validation
2016-06-07,5.657,7.022,760.17,13.76,0.715,validation
2016-06-08,5.953,7.037,749.55,13.9,0.675,validation
2016-06-09,6.479,7.051,737.92,14.93,0.143,validation
2016-06-10,6.742,7.103,726.35,14.86,1.846,validation
2016-06-11,6.973,7.126,715.97,13.65,2.231,validation
2016-06-12,7.302,7.16,706.7,12.53,3.711,validation
2016-06-13,7.302,7.154,696.49,13.48,1.341,validation
2016-06-14,7.302,7.291,686.46,13.3,6.448,validation
2016-06-15,7.302,7.515,679.67,10.36,11.818,validation
2016-06-16,7.433,7.573,676.5,8.22,9.344,validation
2016-06-17,7.039,7.647,674.65,7.23,10.789,validation
2016-06-18,6.282,7.45,670.49,9.39,1.161,validation
2016-06-19,6.019,7.26,664.94,11.16,0.145,validation
2016-06-20,6.019,7.079,659.58,10.92,0.924,validation
2016-06-21,5.887,7.075,656.76,7.77,10.052,validation
2016-06-22,5.723,6.917,656.62,5.44,6.813,validation
2016-06-23,5.23,6.67,654.62,6.58,1.86,validation
2016-06-24,4.802,6.438,650.72,9.03,0.439,validation
2016-06-25,4.638,6.26,644.77,11.67,0.42,validation
2016-06-26,4.736,6.154,638.76,11.76,3.286,validation
2016-06-27,4.999,6.301,637.21,7.46,17.743,validation
2016-06-28,5.197,6.164,632.01,10.71,0.72,validation
2016-06-29,5.065,6.063,624.75,13.37,0.258,validation
2016-06-30,5.197,5.981,616.78,14.29,0.617,validation
2016-07-01,0.543,5.913,609.15,13.83,1.748,unused
2016-07-02,0.543,5.949,603.17,11.72,7.4,unused
2016-07-03,5.23,5.963,597.88,10.83,6.291,validation
2016-07-04,4.999,6.336,593.43,9.77,19.542,validation
2016-07-05,5.23,6.518,589.83,8.81,10.927,validation
2016-07-06,4.966,6.492,585.99,9.04,4.943,validation
2016-07-07,4.703,6.379,581.34,10,1.956,validation
2016-07-08,4.506,6.192,577.06,12.24,0.334,validation
2016-07-09,4.44,6.012,572.96,12.7,0.985,validation
2016-07-10,4.999,5.839,568.53,13.3,1.009,validation
2016-07-11,4.703,5.686,563.38,14.63,1.077,validation
2016-07-12,4.966,5.68,557.84,15.38,6.909,validation
2016-07-13,5.065,5.596,552.2,15.55,2.685,validation
2016-07-14,4.999,5.594,549.24,10.57,8.792,validation
2016-07-15,4.539,5.412,545.89,11.31,0.523,validation
2016-07-16,4.276,5.257,541.47,13.29,0.501,validation
2016-07-17,4.243,5.145,537.71,12.06,3.099,validation
2016-07-18,4.144,5.095,534.91,10.27,6.753,validation
2016-07-19,3.98,5.105,532.7,9.39,9,validation
2016-07-20,3.782,4.987,528.92,12.11,1.69,validation
2016-07-21,3.717,5.251,526.22,10.11,18.426,validation
2016-07-22,3.717,5.196,523.57,10.01,4,validation
2016-07-23,3.684,5.038,519.96,11.78,0.031,validation
2016-07-24,3.651,4.965,515.08,14.13,2.095,validation
2016-07-25,3.651,4.909,509.64,15.17,2.516,validation
2016-07-26,3.684,4.897,503.93,15.67,4.077,validation
2016-07-27,3.881,5.074,498.91,14.4,12.322,validation
2016-07-28,3.947,5.205,496.29,9.97,11.029,validation
2016-07-29,3.914,5.266,494.82,7.98,9.254,validation
2016-07-30,3.881,5.286,494.33,8.38,8.772,validation
2016-07-31,3.749,5.08,493.6,8.93,1.4,validation
2016-08-01,3.388,4.877,492.52,10.11,1,validation
2016-08-02,3.204,4.677,491.16,11.07,0.744,validation
2016-08-03,3.085,4.494,489.58,11.82,1.081,validation
2016-08-04,3.006,4.33,487.81,12.5,1.634,validation
2016-08-05,3.006,4.161,485.7,13.65,0.73,validation
2016-08-06,3.046,3.999,483.69,13.29,1.067,validation
2016-08-07,3.006,3.843,481.99,12.24,1.356,validation
2016-08-08,2.967,3.683,479.7,14.29,0.095,validation
2016-08-09,2.967,3.545,477.14,15.18,1,validation
2016-08-10,2.967,3.443,474.86,14.26,3.324,validation
2016-08-11,2.855,3.312,472.53,14.39,0.628,validation
2016-08-12,2.819,3.203,470.28,14.15,1.908,validation
2016-08-13,2.783,3.107,468.38,12.92,2.636,validation
2016-08-14,2.746,3.053,466.8,11.82,4.754,validation
2016-08-15,2.638,3.022,465.17,11.99,2.292,validation
2016-08-16,2.529,2.999,464.22,9.67,4.146,validation
2016-08-17,2.385,2.986,463.59,8.78,5.691,validation
2016-08-18,2.348,2.96,462.65,9.63,2.933,validation
2016-08-19,2.24,2.935,461.46,10.48,2.825,validation
2016-08-20,2.204,2.908,460.09,11.11,2.354,validation
2016-08-21,2.138,2.882,458.87,10.57,2.782,validation
2016-08-22,2.138,2.86,457.89,9.78,3.488,validation
2016-08-23,2.276,2.824,456.91,9.78,1.337,validation
2016-08-24,2.414,2.782,455.58,10.97,0.274,validation
2016-08-25,2.414,2.751,454.3,10.8,2.265,validation
2016-08-26,2.378,2.709,452.85,11.38,0.047,validation
2016-08-27,2.378,2.669,451.1,12.41,0.212,validation
2016-08-28,2.342,2.631,449.35,12.4,0.346,validation
2016-08-29,2.269,2.592,447.71,12.04,0.415,validation
2016-08-30,2.269,2.559,446.58,10.3,2.104,validation
2016-08-31,1.25,2.521,445.28,10.87,0.717,validation
2016-09-01,2.237,2.496,444.11,10.42,3.33,validation
2016-09-02,2.204,2.477,443.03,10.11,4.14,validation
2016-09-03,2.138,2.448,441.8,10.62,1.628,validation
2016-09-04,2.105,2.432,440.77,9.96,3.935,validation
2016-09-05,2.105,2.418,439.86,9.5,3.959,validation
2016-09-06,2.105,2.39,438.93,9.59,1.647,validation
2016-09-07,2.072,2.377,437.97,9.69,3.917,validation
2016-09-08,2.072,2.357,437.03,9.64,2.515,validation
2016-09-09,2.105,2.353,436.46,8.54,5.29,validation
2016-09-10,2.039,2.338,435.23,10.62,2.739,validation
2016-09-11,2.006,2.34,435.36,7.04,6.23,validation
2016-09-12,2.006,2.301,435.01,7.45,0.12,validation
2016-09-13,1.973,2.283,435.75,3.66,4.059,validation
2016-09-14,1.842,2.244,435.31,7.78,0,validation
2016-09-15,1.809,2.211,434.35,9.68,0.274,validation
2016-09-16,1.776,2.184,433.37,9.77,1.318,validation
2016-09-17,1.681,2.175,433.05,9.03,4.912,validation
2016-09-18,1.651,2.148,432.81,10.14,1.76,validation
2016-09-19,1.681,2.132,432.56,10.35,3.457,validation
2016-09-20,1.651,2.096,432.21,11.19,0.258,validation
2016-09-21,1.618,2.06,431.88,11,0.044,validation
2016-09-22,1.599,2.024,431.42,12.29,0.051,validation
2016-09-23,1.599,1.992,431.06,11.29,0.62,validation
2016-09-24,1.579,1.982,431.08,8.17,5.887,validation
2016-09-25,1.579,1.962,431.11,7.64,2.925,validation
2016-09-26,1.559,1.958,431.13,8.09,5.655,validation
2016-09-27,1.559,1.955,431.12,8.39,5.038,validation
2016-09-28,1.539,1.957,432.28,5.44,6.372,validation
2016-09-29,1.539,1.955,431.97,7.51,4.136,validation
2016-09-30,1.539,1.952,432.88,3.71,5.013,validation
2016-10-01,1.362,1.974,436.27,2.44,10.03,validation
2016-10-02,1.362,1.948,438.61,-3.25,3.204,validation
2016-10-03,1.342,1.919,437.86,1.5,0.001,validation
2016-10-04,1.342,1.887,437.39,3.45,0,validation
2016-10-05,1.342,1.855,437.13,4.43,0.002,validation
2016-10-06,1.342,1.823,436.81,4.87,0.003,validation
2016-10-07,1.342,1.793,436.83,3.8,0.447,validation
2016-10-08,1.342,1.76,436.83,3.55,0.007,validation
2016-10-09,1.342,1.728,436.85,3.11,0.047,validation
2016-10-10,1.322,1.696,436.86,3.14,0.03,validation
2016-10-11,1.322,1.666,436.71,4.18,0.002,validation
2016-10-12,1.322,1.648,437.87,2.83,3.44,validation
2016-10-13,1.302,1.825,465.11,-1.46,44.235,validation
2016-10-14,1.362,1.698,465.13,-5.1,0.031,validation
2016-10-15,1.322,1.667,465.13,-1.84,0.002,validation
2016-10-16,1.322,1.732,470.96,-0.13,12.105,validation
2016-10-17,1.322,1.721,476.09,-0.87,8.321,validation
2016-10-18,1.302,1.799,497.29,-5.51,25.46,validation
2016-10-19,1.381,1.734,497.29,-11.35,0.006,validation
2016-10-20,1.322,1.702,497.29,-11.97,0.001,validation
2016-10-21,1.322,1.675,500.56,-10.16,3.316,validation
2016-10-22,1.302,1.645,501.2,-10.35,0.614,validation
2016-10-23,1.283,1.615,501.23,-11.88,0.023,validation
2016-10-24,1.283,1.585,501.92,-10.25,0.662,validation
2016-10-25,1.283,1.556,502.33,-10.83,0.393,validation
2016-10-26,1.263,1.528,502.33,-12.03,0.005,validation
2016-10-27,1.263,1.501,502.21,-7.95,0.001,validation
2016-10-28,1.263,1.488,502.56,-3.99,1.405,validation
2016-10-29,1.263,1.472,503.35,-2.8,1.566,validation
2016-10-30,1.263,1.488,509.84,-2.84,9.191,validation
2016-10-31,1.263,1.513,513.13,-0.64,6.82,validation
2016-11-01,1.224,1.528,513.49,0.11,3.331,validation
2016-11-02,1.164,1.555,514.08,0.53,4.305,validation
2016-11-03,1.125,1.847,528.08,-1.98,23.451,validation
2016-11-04,1.145,1.704,528.67,-11.16,0.566,validation
2016-11-05,1.125,1.617,528.64,-8.28,0,validation
2016-11-06,1.25,1.588,528.62,-8.05,0.001,validation
2016-11-07,1.066,1.559,528.62,-9.18,0,validation
2016-11-08,1.046,1.53,528.6,-7.27,0.003,validation
2016-11-09,1.046,1.503,528.55,-5.29,0.002,validation
2016-11-10,1.046,1.475,528.56,-6.61,0.003,validation
2016-11-11,1.026,1.448,528.56,-7,0.001,validation
2016-11-12,1.026,1.421,528.56,-5.89,0.002,validation
2016-11-13,1.026,1.396,528.82,-5.2,0.319,validation
2016-11-14,1.026,1.37,528.87,-9.27,0.048,validation
2016-11-15,1.006,1.354,532.04,-6.44,3.454,validation
2016-11-16,1.006,1.484,552.04,-4.87,24.249,validation
2016-11-17,1.046,1.431,557.85,-5.51,7.109,validation
2016-11-18,0.987,1.421,562.5,-4.55,5.59,validation
2016-11-19,0.987,1.573,584.27,-4.97,26.147,validation
2016-11-20,1.026,1.473,587.65,-10.7,3.247,validation
2016-11-21,0.987,1.447,589.21,-11.92,1.492,validation
2016-11-22,0.97,1.42,589.49,-15.46,0.256,validation
2016-11-23,0.97,1.394,589.5,-16.54,0.008,validation
2016-11-24,0.937,1.369,589.51,-15.68,0.011,validation
2016-11-25,0.921,1.344,592.51,-12.18,2.761,validation
2016-11-26,0.921,1.32,597.38,-16.45,4.37,validation
2016-11-27,0.904,1.295,597.38,-14.23,0.007,validation
2016-11-28,0.904,1.276,597.09,-10.01,0.002,validation
2016-11-29,0.904,1.259,596.76,-8.14,0.039,validation
2016-11-30,0.904,1.237,596.77,-9.22,0.102,validation
2016-12-01,0.904,1.216,596.65,-8.8,0,validation
2016-12-02,0.888,1.21,596.95,-5.28,1.229,validation
2016-12-03,0.888,1.553,616.65,-3.39,28.364,validation
2016-12-04,0.921,1.513,623.74,-5.78,8.588,validation
2016-12-05,0.987,1.431,630.01,-7.14,6.841,validation
2016-12-06,0.97,1.733,649.65,-4.23,27.234,validation
2016-12-07,0.987,2.134,673.93,-4.12,33.622,validation
2016-12-08,0.987,2.024,679.97,-6.88,6.581,validation
2016-12-09,0.987,1.901,686.5,-8.47,6.619,validation
2016-12-10,0.97,1.774,690.72,-8.79,4.275,validation
2016-12-11,0.97,1.637,691.96,-9.51,1.264,validation
2016-12-12,0.987,1.545,697.69,-8.84,5.798,validation
2016-12-13,0.97,1.516,697.7,-10.28,0.016,validation
2016-12-14,0.954,1.494,697.43,-5.81,0.071,validation
2016-12-15,0.954,1.47,697.27,-6.75,0.002,validation
2016-12-16,0.937,1.461,702.36,-7.66,5.623,validation
2016-12-17,0.937,1.445,712.92,-10.45,10.135,validation
2016-12-18,0.921,1.432,725.25,-11.35,11.831,validation
2016-12-19,0.937,1.406,726.54,-14.61,1.163,validation
2016-12-20,0.937,1.38,726.55,-13.18,0.032,validation
2016-12-21,0.921,1.378,736.99,-9.77,10.678,validation
2016-12-22,0.921,1.382,751.58,-10.15,14.792,validation
2016-12-23,0.921,1.359,759.34,-14.03,7.143,validation
2016-12-24,0.921,1.334,759.35,-15.7,0.006,validation
2016-12-25,0.904,1.312,759.3,-10.24,0.082,validation
2016-12-26,0.904,1.321,765.86,-7.48,7.708,validation
2016-12-27,0.904,1.327,780.24,-9.32,14.656,validation
2016-12-28,0.904,1.304,781.6,-11.28,1.299,validation
2016-12-29,0.904,1.343,810.22,-8.53,29.161,validation
2016-12-30,0.888,1.316,810.22,-10,0.012,validation
2016-12-31,0.875,1.294,810.18,-9.12,0.066,validation
2017-01-01,0.796,1.27,810.26,-14.48,0.065,calibration
2017-01-02,0.773,1.269,821.01,-9.89,10.927,calibration
2017-01-03,0.773,1.246,822.62,-12.63,1.482,calibration
2017-01-04,0.75,1.224,824.89,-13.71,2.087,calibration
2017-01-05,0.75,1.202,825.26,-16.28,0.338,calibration
2017-01-06,0.75,1.179,825.27,-16.97,0.006,calibration
2017-01-07,0.75,1.158,825.27,-18.98,0.002,calibration
2017-01-08,0.743,1.136,825.27,-17.74,0.001,calibration
2017-01-09,0.737,1.115,825.27,-15.17,0.001,calibration
2017-01-10,0.734,1.095,825.27,-12.89,0,calibration
2017-01-11,0.727,1.076,828.95,-13.9,3.388,calibration
2017-01-12,0.727,1.056,830.3,-14.77,1.219,calibration
2017-01-13,0.727,1.037,830.32,-16.45,0.011,calibration
2017-01-14,0.727,1.018,830.32,-14.15,0.003,calibration
2017-01-15,0.727,1,830.25,-11.64,0,calibration
2017-01-16,0.704,0.983,830.21,-11.39,0.019,calibration
2017-01-17,0.704,0.965,830.26,-13.13,0.042,calibration
2017-01-18,0.704,0.947,830.54,-13.85,0.26,calibration
2017-01-19,0.704,0.93,830.78,-14.24,0.216,calibration
2017-01-20,0.704,0.914,835.37,-12.32,4.224,calibration
2017-01-21,0.704,0.913,847.68,-10.48,11.933,calibration
2017-01-22,0.727,0.934,863.11,-8.94,15.991,calibration
2017-01-23,0.727,0.93,872.71,-10.23,9.345,calibration
2017-01-24,0.704,0.913,872.91,-14.5,0.183,calibration
2017-01-25,0.704,0.896,872.91,-14.99,0,calibration
2017-01-26,0.704,0.88,872.91,-11.62,0.022,calibration
2017-01-27,0.684,0.87,878.79,-11.45,5.644,calibration
2017-01-28,0.684,0.88,890.49,-9.18,11.946,calibration
2017-01-29,0.684,0.874,894.29,-8.61,3.996,calibration
2017-01-30,0.684,0.873,899.91,-8.36,5.865,calibration
2017-01-31,0.684,0.857,901.74,-12.69,1.675,calibration
2017-02-01,0.684,0.849,907.74,-11.1,5.834,calibration
2017-02-02,0.661,0.86,919.37,-8.36,11.955,calibration
2017-02-03,0.661,0.87,931.39,-9.62,12.235,calibration
2017-02-04,0.641,0.854,931.56,-15.73,0.151,calibration
2017-02-05,0.641,0.838,931.56,-16.16,0,calibration
2017-02-06,0.641,0.823,931.56,-14.25,0,calibration
2017-02-07,0.641,0.807,931.65,-12.65,0.085,calibration
2017-02-08,0.641,0.793,933.64,-12.32,1.828,calibration
2017-02-09,0.641,0.788,940.36,-10.86,6.541,calibration
2017-02-10,0.641,0.788,947.01,-9.22,6.833,calibration
2017-02-11,0.661,0.8,959.19,-9.42,12.414,calibration
2017-02-12,0.661,0.807,969.65,-9.41,10.672,calibration
2017-02-13,0.661,0.828,978.56,-7.85,9.983,calibration
2017-02-14,0.661,1.175,1007.57,-5.54,35.818,calibration
2017-02-15,0.257,1.134,1011.07,-5.96,5.014,unused
2017-02-16,0.684,1.282,1026.88,-5.62,19.924,calibration
2017-02-17,0.819,1.667,1045.7,-3.99,27.608,calibration
2017-02-18,0.937,1.787,1060.38,-5.22,18.738,calibration
2017-02-19,0.96,1.63,1061.55,-13.95,1.077,calibration
2017-02-20,0.819,1.481,1061.56,-13.25,0.001,calibration
2017-02-21,0.75,1.341,1061.54,-11.99,0.002,calibration
2017-02-22,0.727,1.209,1061.54,-12.32,0,calibration
2017-02-23,0.796,1.18,1061.51,-11.08,0.001,calibration
2017-02-24,0.819,1.164,1064.15,-9.86,2.711,calibration
2017-02-25,0.819,1.159,1079.35,-11.19,14.586,calibration
2017-02-26,0.819,1.138,1079.33,-9.94,0.001,calibration
2017-02-27,0.796,1.125,1078.91,-7.03,0,calibration
2017-02-28,0.796,1.106,1078.77,-8.53,0.001,calibration
2017-03-01,0.819,1.101,1085.41,-9.21,6.827,calibration
2017-03-02,0.842,1.082,1087.9,-12.69,2.291,calibration
2017-03-03,0.819,1.062,1088.06,-14.25,0.14,calibration
2017-03-04,0.819,1.042,1088.06,-12.98,0.007,calibration
2017-03-05,0.819,1.026,1089.11,-11.21,1.069,calibration
2017-03-06,0.819,1.007,1089.7,-12.73,0.547,calibration
2017-03-07,0.819,0.989,1089.7,-12.48,0,calibration
2017-03-08,0.819,0.971,1089.69,-11.98,0,calibration
2017-03-09,0.842,0.953,1090.77,-12.22,0.99,calibration
2017-03-10,0.842,0.935,1091.17,-15.18,0.362,calibration
2017-03-11,0.842,0.918,1091.28,-15.6,0.101,calibration
2017-03-12,0.865,0.901,1091.7,-14.41,0.382,calibration
2017-03-13,0.842,0.885,1093,-13.72,1.203,calibration
2017-03-14,0.842,0.869,1093.11,-12.42,0.107,calibration
2017-03-15,0.842,0.87,1095.32,-7.8,2.903,calibration
2017-03-16,0.865,0.869,1098.22,-7.59,3.495,calibration
2017-03-17,0.865,0.859,1098.58,-7.9,0.654,calibration
2017-03-18,0.865,0.866,1102.71,-6.99,4.962,calibration
2017-03-19,0.911,0.858,1103.33,-7.61,0.999,calibration
2017-03-20,0.888,0.872,1101.69,-2.79,0.132,calibration
2017-03-21,0.937,1.177,1109.93,-1.71,16.413,calibration
2017-03-22,1.138,1.249,1111.62,-1.79,5.72,calibration
2017-03-23,1.273,1.215,1110.6,-2.07,1.042,calibration
2017-03-24,1.273,1.206,1108.16,-0.6,0.152,calibration
2017-03-25,1.273,1.304,1109.09,-0.77,5.459,calibration
2017-03-26,1.355,1.667,1118.69,-1.34,19.005,calibration
2017-03-27,1.552,1.805,1123.33,-2.24,10.064,calibration
2017-03-28,1.7,1.746,1121.82,-1.82,0.486,calibration
2017-03-29,1.822,1.875,1124.26,-0.83,7.867,calibration
2017-03-30,1.95,1.964,1132.26,-3.7,12.236,calibration
2017-03-31,1.98,1.944,1132.12,-1.89,2.638,calibration
2017-04-01,1.98,1.936,1134.74,-2.83,5.354,calibration
2017-04-02,1.885,2.095,1144.96,-2.92,15.696,calibration
2017-04-03,1.917,2.057,1151.36,-5.06,8.311,calibration
2017-04-04,1.792,1.915,1151,-5.61,0.03,calibration
2017-04-05,1.733,1.806,1154.98,-7.26,4.452,calibration
2017-04-06,1.641,1.662,1155.02,-7.96,0.072,calibration
2017-04-07,0.016,1.538,1154.82,-6.44,0.009,unused
2017-04-08,1.671,1.522,1154.14,-4.36,0.001,calibration
2017-04-09,1.733,1.517,1152.75,-2.61,0.001,calibration
2017-04-10,1.855,1.63,1156.47,-2.33,8.504,calibration
2017-04-11,1.917,2.013,1175.94,-2.48,28.586,calibration
2017-04-12,2.141,2.531,1189.79,-0.66,26.544,calibration
2017-04-13,3.421,2.608,1204.65,-4.59,18.608,calibration
2017-04-14,3.088,2.537,1202.39,-1.01,0.054,calibration
2017-04-15,2.868,2.693,1195.4,4.12,0.004,calibration
2017-04-16,2.832,3.361,1194.89,3.48,16.848,calibration
2017-04-17,3.388,4.426,1200.95,2.08,31.517,calibration
2017-04-18,4.999,4.422,1198.6,1.79,2.918,calibration
2017-04-19,5.098,4.327,1195.16,1.93,0.052,calibration
2017-04-20,4.901,4.382,1192.13,2.67,3.334,calibration
2017-04-21,4.835,4.242,1189.81,0.52,0.177,calibration
2017-04-22,4.703,4.059,1188.39,-1.08,0.067,calibration
2017-04-23,4.374,3.952,1185.5,1.22,0,calibration
2017-04-24,4.374,3.999,1179.51,4.43,0.002,calibration
2017-04-25,4.506,4.165,1170.95,6.46,0.001,calibration
2017-04-26,4.572,4.274,1163.49,5.66,0.027,calibration
2017-04-27,4.769,4.394,1164.66,1.36,8.554,calibration
2017-04-28,4.901,4.174,1168.79,-6.5,4.501,calibration
2017-04-29,4.703,4.023,1179.27,-6.4,11.417,calibration
2017-04-30,4.276,3.8,1178.99,-4.15,0.053,calibration
2017-05-01,4.045,3.62,1178,-2.03,0.01,calibration
2017-05-02,3.749,3.491,1176.08,-0.2,0.003,calibration
2017-05-03,3.618,3.467,1172.03,2.57,0.018,calibration
2017-05-04,3.782,3.444,1168.51,2.52,0.521,calibration
2017-05-05,3.98,3.635,1167.88,3.1,7.815,calibration
2017-05-06,4.572,4.431,1174.16,2.68,27.336,calibration
2017-05-07,5.328,4.303,1172.16,1.76,0.612,calibration
2017-05-08,5.427,4.225,1169.78,2.46,1.146,calibration
2017-05-09,5.164,4.205,1165.15,4.52,0.071,calibration
2017-05-10,5.197,4.409,1160.64,5.23,4.756,calibration
2017-05-11,5.591,4.466,1154.22,6.14,0.014,calibration
2017-05-12,6.019,4.665,1144.75,8.55,0.001,calibration
2017-05-13,6.019,4.898,1134.41,9.22,0.001,calibration
2017-05-14,6.151,5.119,1124.31,9.03,0.203,calibration
2017-05-15,6.545,5.314,1116.24,7.5,1.873,calibration
2017-05-16,6.973,5.46,1110.22,5.97,3.06,calibration
2017-05-17,7.039,5.778,1104.73,5.76,7.218,calibration
2017-05-18,7.4,6.273,1108,3.06,19.28,calibration
2017-05-19,7.236,6.116,1104.56,3.42,0.28,calibration
2017-05-20,6.742,6.144,1097.2,6.9,0.001,calibration
2017-05-21,6.808,6.339,1086.36,9.59,0,calibration
2017-05-22,6.841,6.649,1072.97,11.52,0.003,calibration
2017-05-23,6.677,6.807,1064.86,7.54,2.452,calibration
2017-05-24,6.545,6.925,1054.99,9.53,0.056,calibration
2017-05-25,6.677,7.072,1046.72,9.34,2.415,calibration
2017-05-26,6.742,7.168,1039.18,8.7,2.252,calibration
2017-05-27,7.17,7.34,1030.91,9.34,3.271,calibration
2017-05-28,7.302,7.626,1024.14,8.09,7.332,calibration
2017-05-29,7.565,8.054,1017.56,7.96,10.748,calibration
2017-05-30,7.236,7.992,1015.36,4.45,5.243,calibration
2017-05-31,7.565,7.863,1010.21,6.58,0.966,calibration
2017-06-01,7.17,7.823,1004.43,7.25,2.152,calibration
2017-06-02,7.039,7.811,996.32,9.17,0.513,calibration
2017-06-03,7.039,8.014,986.35,10.77,3.42,calibration
2017-06-04,6.907,8.516,982.03,6.7,15.499,calibration
2017-06-05,7.039,8.473,974.54,8.64,0.96,calibration
2017-06-06,7.302,8.636,973.27,4.67,11.424,calibration
2017-06-07,6.907,8.43,968.07,6.57,0.002,calibration
2017-06-08,6.578,8.421,958.67,10.28,0.018,calibration
2017-06-09,6.545,8.418,950.01,9.65,1.024,calibration
2017-06-10,6.742,8.554,943.22,8.09,6.166,calibration
2017-06-11,6.841,8.53,935.1,9.19,1.365,calibration
2017-06-12,7.17,8.69,925.35,10.58,4.054,calibration
2017-06-13,7.4,8.857,915.58,10.6,4.327,calibration
2017-06-14,7.17,9.076,905.77,10.63,5.683,calibration
2017-06-15,7.302,9.11,897.79,9.8,3.531,calibration
2017-06-16,8.288,9.059,888.3,12.75,0.271,calibration
2017-06-17,7.861,9.051,878.11,13.47,0.989,calibration
2017-06-18,7.663,9.07,867.74,13.64,1.883,calibration
2017-06-19,7.565,9.103,858.75,12.24,4.152,calibration
2017-06-20,7.96,9.015,849.45,12.56,0.941,calibration
2017-06-21,7.861,8.928,839.3,13.41,0.547,calibration
2017-06-22,8.683,8.925,828.44,14.15,2.761,calibration
2017-06-23,8.913,9.084,819.5,12.19,10.043,calibration
2017-06-24,9.308,9.154,812.59,10.13,8.59,calibration
2017-06-25,9.012,9.152,805.9,9.9,6.608,calibration
2017-06-26,8.19,9.296,798.24,10.9,9.763,calibration
2017-06-27,7.565,9.36,792.36,9.19,9.154,calibration
2017-06-28,7.039,9.151,786.32,9.26,1.373,calibration
2017-06-29,6.742,8.963,778.28,11.27,0.381,calibration
2017-06-30,6.545,8.808,769.37,12.16,0.965,calibration
2017-07-01,6.414,8.706,760.42,12.2,2.906,calibration
2017-07-02,6.249,8.619,750.84,12.84,2.67,calibration
2017-07-03,6.348,8.516,739.65,14.48,0.22,calibration
2017-07-04,6.414,8.452,727.4,15.55,0.572,calibration
2017-07-05,6.677,8.311,717.83,15.29,0.522,calibration
2017-07-06,6.512,8.161,708.16,16.47,0.017,calibration
2017-07-07,6.348,8.034,697.38,17.9,0.004,calibration
2017-07-08,6.315,7.932,685.97,18.71,0.401,calibration
2017-07-09,6.348,7.848,675.57,17.41,1.846,calibration
2017-07-10,6.447,7.776,666.94,15.13,3.627,calibration
2017-07-11,6.216,7.629,659.4,13.72,1.668,calibration
2017-07-12,5.92,7.603,653.22,11.98,7.605,calibration
2017-07-13,5.591,7.572,649.34,9.16,8.798,calibration
2017-07-14,5.46,7.349,645.5,8.97,1.547,calibration
2017-07-15,5.23,7.137,640.5,10.45,0.903,calibration
2017-07-16,4.999,7.027,635.2,10.84,4.638,calibration
2017-07-17,0.048,6.822,630.47,10.1,1.147,unused
2017-07-18,4.703,6.617,624.84,11.28,0.231,calibration
2017-07-19,4.67,6.403,620.28,11.6,0.887,calibration
2017-07-20,4.67,6.18,616.28,12.5,0.838,calibration
2017-07-21,4.638,5.971,611.55,13.85,0.499,calibration
2017-07-22,4.572,5.784,606.24,14.94,0.73,calibration
2017-07-23,4.638,5.637,601.43,14,2.897,calibration
2017-07-24,4.572,5.481,596.37,14.48,1.492,calibration
2017-07-25,4.572,5.364,590.9,15.24,2.631,calibration
2017-07-26,4.539,5.224,584.71,16.57,0.248,calibration
2017-07-27,4.539,5.09,578.59,16.44,0.432,calibration
2017-07-28,4.407,4.954,572.74,15.94,0.444,calibration
2017-07-29,4.309,4.844,566.85,16,1.473,calibration
2017-07-30,4.309,4.721,560.85,16.22,0.285,calibration
2017-07-31,4.276,4.6,554.66,16.56,0.085,calibration
2017-08-01,4.21,4.484,548.63,16.27,0.19,calibration
2017-08-02,3.947,4.427,543.43,14.73,3.931,calibration
2017-08-03,3.815,4.443,539.64,12.12,7.772,calibration
2017-08-04,3.815,4.405,537.48,9.22,6.009,calibration
2017-08-05,3.585,4.278,533.46,12.54,0.109,calibration
2017-08-06,3.486,4.188,527.86,15.47,0.272,calibration
2017-08-07,3.519,4.107,521.71,16.51,0.168,calibration
2017-08-08,3.552,4.045,515.13,17.28,0.595,calibration
2017-08-09,3.519,3.983,511.1,16.34,3.026,calibration
2017-08-10,3.519,3.857,508.69,14.69,1.315,calibration
2017-08-11,3.519,3.8,508.09,8.69,6.821,calibration
2017-08-12,3.279,3.616,507.63,7.89,0.054,calibration
2017-08-13,3.164,3.453,506.75,9.43,0.401,calibration
2017-08-14,3.016,3.301,505.8,9.66,0.681,calibration
2017-08-15,2.904,3.16,505.06,8.96,1.232,calibration
2017-08-16,2.723,3.055,504.46,8.48,2.354,calibration
2017-08-17,2.618,3.017,504.41,7.02,3.512,calibration
2017-08-18,2.513,2.968,503.28,10.27,0.194,calibration
2017-08-19,2.513,2.921,501.77,11.61,0.271,calibration
2017-08-20,2.309,2.886,500.94,9.37,3.217,calibration
2017-08-21,2.24,2.841,499.86,10.13,0.615,calibration
2017-08-22,2.24,2.799,498.58,10.78,0.878,calibration
2017-08-23,2.207,2.756,497.11,11.46,0.372,calibration
2017-08-24,2.174,2.712,495.44,12.14,0.025,calibration
2017-08-25,2.174,2.671,493.9,11.69,0.472,calibration
2017-08-26,2.174,2.629,492.27,12.01,0.238,calibration
2017-08-27,2.108,2.589,490.52,12.4,0.592,calibration
2017-08-28,2.24,2.55,488.75,12.5,0.406,calibration
2017-08-29,2.276,2.513,486.92,12.67,0.753,calibration
2017-08-30,2.276,2.475,484.69,14.07,0.036,calibration
2017-08-31,2.276,2.441,482.38,14.37,0.649,calibration
2017-09-01,2.309,2.408,480.25,13.69,0.727,calibration
2017-09-02,2.309,2.374,478.35,12.95,0.657,calibration
2017-09-03,2.24,2.355,476.91,11.34,4.519,calibration
2017-09-04,2.207,2.336,475.66,10.71,3.336,calibration
2017-09-05,2.207,2.308,474.29,11.12,1.316,calibration
2017-09-06,2.141,2.29,473.15,10.32,3.48,calibration
2017-09-07,2.046,2.256,472.13,9.87,0.381,calibration
2017-09-08,2.013,2.224,470.52,11.94,0.033,calibration
2017-09-09,2.013,2.191,469.18,11.01,0.316,calibration
2017-09-10,1.95,2.17,468.52,8.75,3.371,calibration
2017-09-11,1.917,2.139,468.11,7.75,1.382,calibration
2017-09-12,1.885,2.103,467.79,7.33,0.285,calibration
2017-09-13,1.855,2.067,467.18,8.44,0.092,calibration
2017-09-14,1.792,2.031,466.55,8.48,0.018,calibration
2017-09-15,1.792,1.998,465.57,9.77,0.001,calibration
2017-09-16,1.733,1.966,464.38,10.46,0.258,calibration
2017-09-17,1.733,1.938,463.99,10.02,1.985,calibration
2017-09-18,1.7,1.909,463.88,9.04,1.543,calibration
2017-09-19,1.7,1.876,463.7,9.61,0.408,calibration
2017-09-20,1.641,1.844,463.41,10.69,0.378,calibration
2017-09-21,1.641,1.817,463.23,9.62,1.971,calibration
2017-09-22,1.582,1.795,463.18,8.49,2.984,calibration
2017-09-23,1.582,1.767,463.27,6.82,1.349,calibration
2017-09-24,1.582,1.735,463.31,5.46,0.246,calibration
2017-09-25,1.552,1.704,463.33,4.5,0.095,calibration
2017-09-26,1.552,1.681,463.92,4.75,3.225,calibration
2017-09-27,1.552,1.672,466.9,1.85,8.828,calibration
2017-09-28,1.496,1.77,480.75,0.12,28.467,calibration
2017-09-29,1.523,1.82,496.42,-2.36,21.417,calibration
2017-09-30,0.148,1.729,496.43,-6.7,0.012,unused
2017-10-01,1.467,1.697,496.43,-4.54,0,calibration
2017-10-02,1.437,1.835,508.91,-0.76,20.744,calibration
2017-10-03,1.437,2.243,521.79,1.03,28.346,calibration
2017-10-04,1.437,2.219,529.24,-3.16,10.187,calibration
2017-10-05,1.411,2.062,529.24,-4.21,0.004,calibration
2017-10-06,1.381,1.923,529.56,-2.33,0.514,calibration
2017-10-07,1.381,1.832,529.83,-2.51,0.379,calibration
2017-10-08,1.355,1.805,529.38,-0.15,0.004,calibration
2017-10-09,1.355,1.805,526.99,3.59,0.001,calibration
2017-10-10,1.325,1.811,524.17,4.06,0,calibration
2017-10-11,1.325,1.798,522.67,3.74,0,calibration
2017-10-12,1.325,1.778,521.75,2.75,0.012,calibration
2017-10-13,1.299,1.755,521.03,2.3,0.002,calibration
2017-10-14,1.299,1.746,521.86,1.3,2.414,calibration
2017-10-15,1.299,1.72,521.73,0.98,0.304,calibration
2017-10-16,1.273,1.721,525.17,-0.49,5.587,calibration
2017-10-17,1.273,1.717,526.39,1.1,3.137,calibration
2017-10-18,1.273,1.738,539.33,-4.55,15.533,calibration
2017-10-19,1.243,1.713,541.17,-6.05,2.212,calibration
2017-10-20,1.243,1.683,541.05,-3.59,0.002,calibration
2017-10-21,1.217,1.657,540.66,-2.11,0.002,calibration
2017-10-22,1.217,1.628,540.54,-3.61,0,calibration
2017-10-23,1.217,1.603,540.22,-2.24,0.049,calibration
2017-10-24,1.191,1.586,541.9,-3.84,2.397,calibration
2017-10-25,1.191,1.558,541.77,-3.46,0.002,calibration
2017-10-26,1.164,1.535,541.33,-1.98,0,calibration
2017-10-27,1.085,1.514,540.8,-1.05,0.002,calibration
2017-10-28,1.036,1.506,542.54,-1.28,3.146,calibration
2017-10-29,0.987,1.502,543.12,0.04,2.273,calibration
2017-10-30,0.987,1.528,543.3,1.71,4.113,calibration
2017-10-31,0.96,1.522,542.4,1.96,0.755,calibration
2017-11-01,0.937,1.51,541.24,3.31,0.024,calibration
2017-11-02,0.937,1.504,539.7,3.99,0.148,calibration
2017-11-03,0.937,1.504,540.87,1.19,3.078,calibration
2017-11-04,0.911,1.514,544.75,-1.51,6.301,calibration
2017-11-05,0.911,1.501,546.31,-1.08,2.537,calibration
2017-11-06,0.911,1.517,550.79,-0.99,7.269,calibration
2017-11-07,0.911,1.493,551.34,-3.69,0.753,calibration
2017-11-08,0.911,1.465,551.34,-4.98,0.001,calibration
2017-11-09,0.911,1.442,552.21,-4.71,1.045,calibration
2017-11-10,0.888,1.415,552.23,-4.48,0.023,calibration
2017-11-11,0.888,1.39,552.12,-2.42,0.001,calibration
2017-11-12,0.888,1.365,552.07,-2.04,0.001,calibration
2017-11-13,0.888,1.34,552.08,-2.89,0.017,calibration
2017-11-14,0.888,1.317,552.27,-4.28,0.255,calibration
2017-11-15,0.865,1.294,552.73,-5.98,0.55,calibration
2017-11-16,0.865,1.27,552.73,-7.33,0.003,calibration
2017-11-17,0.842,1.247,552.73,-6.45,0.001,calibration
2017-11-18,0.842,1.228,554.45,-6.96,1.877,calibration
2017-11-19,0.842,1.206,554.66,-7.52,0.225,calibration
2017-11-20,0.842,1.184,554.66,-6.37,0,calibration
2017-11-21,0.842,1.164,554.51,-5.15,0,calibration
2017-11-22,0.819,1.144,554.37,-3.63,0,calibration
2017-11-23,0.819,1.125,554.17,-2.12,0.001,calibration
2017-11-24,0.796,1.105,554.24,-2.21,0.154,calibration
2017-11-25,0.773,1.096,556.31,-3.04,2.83,calibration
2017-11-26,0.773,1.091,563.26,-7.79,7.568,calibration
2017-11-27,0.773,1.071,563.28,-12.55,0.016,calibration
2017-11-28,0.773,1.053,564.13,-9.61,0.871,calibration
2017-11-29,0.773,1.045,572.85,-8.3,8.837,calibration
2017-11-30,0.75,1.028,575.81,-10.34,2.843,calibration
2017-12-01,0.75,1.034,592.67,-8.7,17.219,calibration
2017-12-02,0.75,1.016,596.65,-13.83,3.656,calibration
2017-12-03,0.727,0.997,596.99,-17.63,0.309,calibration
2017-12-04,0.727,0.979,598.09,-16.99,0.988,calibration
2017-12-05,0.727,0.961,599.24,-16.62,1.028,calibration
2017-12-06,0.727,0.943,599.88,-14.59,0.587,calibration
2017-12-07,0.704,0.93,599.69,-9.47,0.147,calibration
2017-12-08,0.684,0.936,598.39,-2.8,0.583,calibration
2017-12-09,0.684,0.932,607.51,-9.13,9.247,calibration
2017-12-10,0.661,0.914,608.02,-14.41,0.463,calibration
2017-12-11,0.661,0.898,608.01,-12.26,0.001,calibration
2017-12-12,0.641,0.881,608.02,-14.61,0.002,calibration
2017-12-13,0.641,0.865,608.02,-17.38,0.002,calibration
2017-12-14,0.618,0.849,608.02,-15.48,0.003,calibration
2017-12-15,0.618,0.833,608.02,-14.32,0.001,calibration
2017-12-16,0.618,0.818,608.03,-14.37,0.002,calibration
2017-12-17,0.618,0.804,611.83,-12.96,3.498,calibration
2017-12-18,0.618,0.797,616.03,-10.16,4.413,calibration
2017-12-19,0.599,0.789,619.27,-8.91,3.435,calibration
2017-12-20,0.599,0.792,625.93,-8.09,7.38,calibration
2017-12-21,0.599,0.797,633.21,-7.48,8.027,calibration
2017-12-22,0.599,0.784,635.51,-11.52,2.205,calibration
2017-12-23,0.599,0.778,639.96,-8.3,4.641,calibration
2017-12-24,0.599,0.778,649.64,-9.31,9.804,calibration
2017-12-25,0.618,1.031,681.68,-5.03,39.117,calibration
2017-12-26,0.641,1.076,704.32,-7.25,24.792,calibration
2017-12-27,0.661,0.948,705.52,-16.26,1.077,calibration
2017-12-28,0.618,0.908,705.46,-11.8,0.003,calibration
2017-12-29,0.599,0.892,705.38,-8.72,0.001,calibration
2017-12-30,0.599,0.876,705.38,-8.57,0.001,calibration
2017-12-31,0.599,0.86,705.38,-9.7,0,calibration
