{
"type": "FeatureCollection",
"name": "reaches",
"crs": { "type": "name", "properties": { "name": "urn:ogc:def:crs:OGC:1.3:CRS84" } },
"features": [
{ "type": "Feature", "properties": { "reach_id": "46120400013", "river_group": "Syr Darya", "basin": "Syr Darya", "p_width_m": 127.0, "p_wse_m": 54.0, "p_length_m": 4011.0554, "n_overpasses": 0, "n_good_or_suspect": 0, "has_chart": false }, "geometry": { "type": "LineString", "coordinates": [ [ 61.0529, 46.0256 ], [ 61.0612, 46.0228 ], [ 61.0693, 46.0233 ], [ 61.0712, 46.0245 ], [ 61.0718, 46.0282 ], [ 61.0761, 46.0285 ], [ 61.0915, 46.0188 ] ] } },
{ "type": "Feature", "properties": { "reach_id": "46130300091", "river_group": "Amu Darya", "basin": "Amu Darya", "p_width_m": 509.0, "p_wse_m": 78.6, "p_length_m": 11000.78, "n_overpasses": 0, "n_good_or_suspect": 0, "has_chart": false }, "geometry": { "type": "LineString", "coordinates": [ [ 59.7705, 42.2891 ], [ 59.7865, 42.2874 ], [ 59.8004, 42.2894 ], [ 59.8101, 42.2946 ], [ 59.8211, 42.2964 ], [ 59.8278, 42.2996 ], [ 59.8333, 42.306 ], [ 59.8545, 42.3198 ], [ 59.874, 42.3251 ], [ 59.8852, 42.3217 ] ] } },
{ "type": "Feature", "properties": { "reach_id": "46130300101", "river_group": "Amu Darya", "basin": "Amu Darya", "p_width_m": 655.0, "p_wse_m": 80.0, "p_length_m": 11020.834, "n_overpasses": 0, "n_good_or_suspect": 0, "has_chart": false }, "geometry": { "type": "LineString", "coordinates": [ [ 59.8852, 42.3217 ], [ 59.8986, 42.3202 ], [ 59.9104, 42.3168 ], [ 59.9183, 42.313 ], [ 59.9288, 42.304 ], [ 59.9504, 42.2997 ], [ 59.961, 42.2934 ], [ 59.9939, 42.281 ], [ 59.9999, 42.2771 ], [ 59.9988, 42.2775 ] ] } },
{ "type": "Feature", "properties": { "reach_id": "46130300111", "river_group": "Amu Darya", "basin": "Amu Darya", "p_width_m": 805.0, "p_wse_m": 212.7, "p_length_m": 768.8627, "n_overpasses": 0, "n_good_or_suspect": 0, "has_chart": false }, "geometry": { "type": "LineString", "coordinates": [ [ 59.9988, 42.2775 ], [ 60.0003, 42.2704 ] ] } },
{ "type": "Feature", "properties": { "reach_id": "46130300121", "river_group": "Amu Darya", "basin": "Amu Darya", "p_width_m": 597.0, "p_wse_m": 81.6, "p_length_m": 17064.027, "n_overpasses": 0, "n_good_or_suspect": 0, "has_chart": false }, "geometry": { "type": "LineString", "coordinates": [ [ 60.0003, 42.2704 ], [ 60.0185, 42.2613 ], [ 60.0295, 42.2597 ], [ 60.0502, 42.2534 ], [ 60.0652, 42.2522 ], [ 60.0804, 42.2444 ], [ 60.1012, 42.2443 ], [ 60.1079, 42.2378 ], [ 60.1122, 42.2279 ], [ 60.1118, 42.2187 ], [ 60.1172, 42.2096 ], [ 60.1262, 42.2048 ], [ 60.1457, 42.1994 ], [ 60.1544, 42.1927 ] ] } },
{ "type": "Feature", "properties": { "reach_id": "46130300131", "river_group": "Amu Darya", "basin": "Amu Darya", "p_width_m": 772.0, "p_wse_m": 83.3, "p_length_m": 10472.527, "n_overpasses": 0, "n_good_or_suspect": 0, "has_chart": false }, "geometry": { "type": "LineString", "coordinates": [ [ 60.1544, 42.1927 ], [ 60.1564, 42.1887 ], [ 60.1654, 42.1795 ], [ 60.1783, 42.1687 ], [ 60.1973, 42.1586 ], [ 60.2306, 42.1446 ], [ 60.243, 42.1352 ], [ 60.2453, 42.1306 ] ] } },
{ "type": "Feature", "properties": { "reach_id": "46130300141", "river_group": "Amu Darya", "basin": "Amu Darya", "p_width_m": 698.5, "p_wse_m": 84.8, "p_length_m": 10419.859, "n_overpasses": 0, "n_good_or_suspect": 0, "has_chart": false }, "geometry": { "type": "LineString", "coordinates": [ [ 60.2453, 42.1306 ], [ 60.247, 42.1266 ], [ 60.2586, 42.1148 ], [ 60.2621, 42.1067 ], [ 60.2658, 42.1036 ], [ 60.2674, 42.0998 ], [ 60.267, 42.0852 ], [ 60.2712, 42.0724 ], [ 60.2637, 42.0592 ], [ 60.2692, 42.051 ], [ 60.271, 42.0448 ] ] } },
{ "type": "Feature", "properties": { "reach_id": "46130300151", "river_group": "Amu Darya", "basin": "Amu Darya", "p_width_m": 650.0, "p_wse_m": 88.0, "p_length_m": 18232.268, "n_overpasses": 0, "n_good_or_suspect": 0, "has_chart": false }, "geometry": { "type": "LineString", "coordinates": [ [ 60.271, 42.0448 ], [ 60.2921, 42.0291 ], [ 60.2961, 42.0097 ], [ 60.3053, 41.9956 ], [ 60.3275, 41.9799 ], [ 60.3349, 41.978 ], [ 60.3519, 41.9774 ], [ 60.379, 41.9698 ], [ 60.3939, 41.9688 ], [ 60.4033, 41.9699 ], [ 60.4329, 41.9618 ] ] } },
{ "type": "Feature", "properties": { "reach_id": "46130300161", "river_group": "Amu Darya", "basin": "Amu Darya", "p_width_m": 599.0, "p_wse_m": 89.700005, "p_length_m": 17463.342, "n_overpasses": 0, "n_good_or_suspect": 0, "has_chart": false }, "geometry": { "type": "LineString", "coordinates": [ [ 60.4329, 41.9618 ], [ 60.4384, 41.9608 ], [ 60.4513, 41.9501 ], [ 60.4565, 41.9451 ], [ 60.4595, 41.9378 ], [ 60.4506, 41.9222 ], [ 60.4519, 41.915 ], [ 60.4479, 41.9035 ], [ 60.4507, 41.8925 ], [ 60.4536, 41.8893 ], [ 60.4522, 41.879 ], [ 60.4581, 41.8732 ], [ 60.4692, 41.8669 ], [ 60.49, 41.8633 ], [ 60.5022, 41.8552 ], [ 60.5103, 41.853 ], [ 60.5147, 41.8496 ], [ 60.5162, 41.845 ] ] } },
{ "type": "Feature", "properties": { "reach_id": "46130300171", "river_group": "Amu Darya", "basin": "Amu Darya", "p_width_m": 538.0, "p_wse_m": 91.3, "p_length_m": 16392.365, "n_overpasses": 0, "n_good_or_suspect": 0, "has_chart": false }, "geometry": { "type": "LineString", "coordinates": [ [ 60.5162, 41.845 ], [ 60.5211, 41.8352 ], [ 60.5158, 41.8245 ], [ 60.5155, 41.814 ], [ 60.5186, 41.8087 ], [ 60.5251, 41.8069 ], [ 60.5304, 41.8 ], [ 60.5315, 41.7943 ], [ 60.5305, 41.7865 ], [ 60.5318, 41.7846 ], [ 60.5441, 41.7818 ], [ 60.5559, 41.7826 ], [ 60.5742, 41.7767 ], [ 60.5849, 41.7706 ], [ 60.606, 41.767 ], [ 60.6259, 41.7549 ] ] } },
{ "type": "Feature", "properties": { "reach_id": "46130300181", "river_group": "Amu Darya", "basin": "Amu Darya", "p_width_m": 545.0, "p_wse_m": 93.700005, "p_length_m": 17771.182, "n_overpasses": 0, "n_good_or_suspect": 0, "has_chart": false }, "geometry": { "type": "LineString", "coordinates": [ [ 60.6259, 41.7549 ], [ 60.6369, 41.7501 ], [ 60.6441, 41.7421 ], [ 60.6476, 41.733 ], [ 60.6589, 41.7178 ], [ 60.6589, 41.7138 ], [ 60.6691, 41.6921 ], [ 60.6774, 41.6806 ], [ 60.6852, 41.6746 ], [ 60.695, 41.6583 ], [ 60.7038, 41.6547 ], [ 60.7145, 41.6467 ], [ 60.7199, 41.6469 ], [ 60.7332, 41.6399 ], [ 60.7473, 41.6373 ] ] } },
{ "type": "Feature", "properties": { "reach_id": "46130300191", "river_group": "Amu Darya", "basin": "Amu Darya", "p_width_m": 699.0, "p_wse_m": 97.4, "p_length_m": 17561.193, "n_overpasses": 0, "n_good_or_suspect": 0, "has_chart": false }, "geometry": { "type": "LineString", "coordinates": [ [ 60.7473, 41.6373 ], [ 60.7617, 41.6384 ], [ 60.773, 41.6334 ], [ 60.7786, 41.6267 ], [ 60.7789, 41.6224 ], [ 60.7854, 41.6171 ], [ 60.7956, 41.6043 ], [ 60.8011, 41.6015 ], [ 60.8127, 41.6 ], [ 60.8276, 41.5944 ], [ 60.8302, 41.5912 ], [ 60.8412, 41.586 ], [ 60.8558, 41.5747 ], [ 60.8625, 41.5683 ], [ 60.8696, 41.5556 ], [ 60.8842, 41.5473 ], [ 60.8973, 41.544 ] ] } },
{ "type": "Feature", "properties": { "reach_id": "46130300201", "river_group": "Amu Darya", "basin": "Amu Darya", "p_width_m": 757.0, "p_wse_m": 102.6, "p_length_m": 17301.34, "n_overpasses": 0, "n_good_or_suspect": 0, "has_chart": false }, "geometry": { "type": "LineString", "coordinates": [ [ 60.8973, 41.544 ], [ 60.9192, 41.5348 ], [ 60.9263, 41.523 ], [ 60.9333, 41.5201 ], [ 60.9377, 41.5162 ], [ 60.9638, 41.5056 ], [ 60.9652, 41.5034 ], [ 60.9594, 41.482 ], [ 60.9599, 41.4739 ], [ 60.9654, 41.4716 ], [ 60.9783, 41.4612 ], [ 60.9858, 41.46 ], [ 60.9902, 41.4571 ], [ 61.0134, 41.4522 ], [ 61.0236, 41.4463 ] ] } },
{ "type": "Feature", "properties": { "reach_id": "46130300211", "river_group": "Amu Darya", "basin": "Amu Darya", "p_width_m": 788.0, "p_wse_m": 105.3, "p_length_m": 11000.699, "n_overpasses": 0, "n_good_or_suspect": 0, "has_chart": false }, "geometry": { "type": "LineString", "coordinates": [ [ 61.0236, 41.4463 ], [ 61.0323, 41.4446 ], [ 61.0385, 41.4415 ], [ 61.0565, 41.428 ], [ 61.0609, 41.423 ], [ 61.0762, 41.4174 ], [ 61.1021, 41.4161 ], [ 61.1129, 41.4103 ], [ 61.1215, 41.401 ], [ 61.1298, 41.3988 ] ] } },
{ "type": "Feature", "properties": { "reach_id": "46130300221", "river_group": "Amu Darya", "basin": "Amu Darya", "p_width_m": 660.0, "p_wse_m": 107.4, "p_length_m": 18229.668, "n_overpasses": 0, "n_good_or_suspect": 0, "has_chart": false }, "geometry": { "type": "LineString", "coordinates": [ [ 61.1298, 41.3988 ], [ 61.1494, 41.3936 ], [ 61.16, 41.3844 ], [ 61.1857, 41.3778 ], [ 61.2047, 41.3663 ], [ 61.2119, 41.3654 ], [ 61.24, 41.3464 ], [ 61.2537, 41.3447 ], [ 61.2598, 41.3424 ], [ 61.2625, 41.3367 ], [ 61.2629, 41.3305 ], [ 61.2608, 41.3229 ], [ 61.2632, 41.3186 ], [ 61.2704, 41.3123 ], [ 61.275, 41.304 ], [ 61.2746, 41.2999 ] ] } },
{ "type": "Feature", "properties": { "reach_id": "46130300231", "river_group": "Amu Darya", "basin": "Amu Darya", "p_width_m": 510.0, "p_wse_m": 109.0, "p_length_m": 16984.672, "n_overpasses": 0, "n_good_or_suspect": 0, "has_chart": false }, "geometry": { "type": "LineString", "coordinates": [ [ 61.2746, 41.2999 ], [ 61.2727, 41.2877 ], [ 61.2783, 41.2683 ], [ 61.2812, 41.2638 ], [ 61.2878, 41.2596 ], [ 61.2923, 41.2504 ], [ 61.3181, 41.2389 ], [ 61.3353, 41.224 ], [ 61.3476, 41.2156 ], [ 61.3555, 41.2159 ], [ 61.3882, 41.2116 ], [ 61.4046, 41.2129 ] ] } },
{ "type": "Feature", "properties": { "reach_id": "46130300244", "river_group": "Amu Darya", "basin": "Amu Darya", "p_width_m": 2239.0, "p_wse_m": 121.4, "p_length_m": 806.24774, "n_overpasses": 0, "n_good_or_suspect": 0, "has_chart": false }, "geometry": { "type": "LineString", "coordinates": [ [ 61.4046, 41.2129 ], [ 61.4113, 41.2181 ] ] } },
{ "type": "Feature", "properties": { "reach_id": "46130300251", "river_group": "Amu Darya", "basin": "Amu Darya", "p_width_m": 928.17065, "p_wse_m": 121.4, "p_length_m": 3674.2104, "n_overpasses": 0, "n_good_or_suspect": 0, "has_chart": false }, "geometry": { "type": "LineString", "coordinates": [ [ 61.4113, 41.2181 ], [ 61.4126, 41.2189 ], [ 61.453, 41.2058 ] ] } },
{ "type": "Feature", "properties": { "reach_id": "46130300263", "river_group": "Amu Darya", "basin": "Amu Darya", "p_width_m": 2768.626, "p_wse_m": 125.4, "p_length_m": 16526.018, "n_overpasses": 0, "n_good_or_suspect": 0, "has_chart": false }, "geometry": { "type": "LineString", "coordinates": [ [ 61.453, 41.2058 ], [ 61.5317, 41.18 ], [ 61.5447, 41.1886 ], [ 61.5572, 41.1907 ], [ 61.5657, 41.1939 ], [ 61.5722, 41.2024 ], [ 61.5836, 41.2125 ], [ 61.6005, 41.218 ], [ 61.61, 41.2328 ] ] } },
{ "type": "Feature", "properties": { "reach_id": "46130300274", "river_group": "Amu Darya", "basin": "Amu Darya", "p_width_m": 2579.5, "p_wse_m": 126.4, "p_length_m": 905.75195, "n_overpasses": 0, "n_good_or_suspect": 0, "has_chart": false }, "geometry": { "type": "LineString", "coordinates": [ [ 61.61, 41.2328 ], [ 61.6159, 41.2397 ] ] } },
{ "type": "Feature", "properties": { "reach_id": "46130300281", "river_group": "Amu Darya", "basin": "Amu Darya", "p_width_m": 2606.0, "p_wse_m": 121.4, "p_length_m": 2601.7253, "n_overpasses": 0, "n_good_or_suspect": 0, "has_chart": false }, "geometry": { "type": "LineString", "coordinates": [ [ 61.6159, 41.2397 ], [ 61.6215, 41.2443 ], [ 61.64, 41.2337 ] ] } },
{ "type": "Feature", "properties": { "reach_id": "46130300291", "river_group": "Amu Darya", "basin": "Amu Darya", "p_width_m": 342.0, "p_wse_m": 121.4, "p_length_m": 15168.621, "n_overpasses": 0, "n_good_or_suspect": 0, "has_chart": false }, "geometry": { "type": "LineString", "coordinates": [ [ 61.64, 41.2337 ], [ 61.6456, 41.2303 ], [ 61.6539, 41.2074 ], [ 61.6622, 41.1937 ], [ 61.6688, 41.1883 ], [ 61.6796, 41.1859 ], [ 61.6843, 41.1824 ], [ 61.6878, 41.1754 ], [ 61.6906, 41.16 ], [ 61.6923, 41.158 ], [ 61.7005, 41.1568 ], [ 61.7276, 41.1631 ], [ 61.7331, 41.1748 ], [ 61.7381, 41.1781 ] ] } },
{ "type": "Feature", "properties": { "reach_id": "46130300301", "river_group": "Amu Darya", "basin": "Amu Darya", "p_width_m": 432.0, "p_wse_m": 127.200005, "p_length_m": 19045.107, "n_overpasses": 0, "n_good_or_suspect": 0, "has_chart": false }, "geometry": { "type": "LineString", "coordinates": [ [ 61.7381, 41.1781 ], [ 61.7467, 41.1758 ], [ 61.765, 41.1748 ], [ 61.7909, 41.1633 ], [ 61.7943, 41.1571 ], [ 61.7938, 41.1446 ], [ 61.7987, 41.1263 ], [ 61.8012, 41.1212 ], [ 61.8053, 41.1181 ], [ 61.8425, 41.1184 ], [ 61.8672, 41.1159 ], [ 61.8783, 41.1164 ], [ 61.8871, 41.1056 ], [ 61.891, 41.0951 ] ] } },
{ "type": "Feature", "properties": { "reach_id": "46130300311", "river_group": "Amu Darya", "basin": "Amu Darya", "p_width_m": 477.0, "p_wse_m": 127.3, "p_length_m": 19939.666, "n_overpasses": 0, "n_good_or_suspect": 0, "has_chart": false }, "geometry": { "type": "LineString", "coordinates": [ [ 61.891, 41.0951 ], [ 61.9014, 41.0787 ], [ 61.9019, 41.0719 ], [ 61.8966, 41.0562 ], [ 61.9079, 41.0518 ], [ 61.9262, 41.0492 ], [ 61.9337, 41.045 ], [ 61.9461, 41.0324 ], [ 61.9497, 41.021 ], [ 61.9567, 41.0152 ], [ 61.9614, 41.0071 ], [ 61.9726, 40.9987 ], [ 61.9877, 40.9919 ], [ 61.9949, 40.9904 ], [ 61.9991, 40.9864 ], [ 62.0007, 40.9807 ], [ 61.9992, 40.9683 ], [ 61.9919, 40.9633 ] ] } },
{ "type": "Feature", "properties": { "reach_id": "46130300321", "river_group": "Amu Darya", "basin": "Amu Darya", "p_width_m": 304.0, "p_wse_m": 130.7, "p_length_m": 19963.361, "n_overpasses": 0, "n_good_or_suspect": 0, "has_chart": false }, "geometry": { "type": "LineString", "coordinates": [ [ 61.9919, 40.9633 ], [ 61.9763, 40.9508 ], [ 61.9737, 40.9456 ], [ 61.9814, 40.9351 ], [ 61.9937, 40.9258 ], [ 61.9952, 40.9161 ], [ 61.9906, 40.9076 ], [ 61.975, 40.8935 ], [ 61.9742, 40.8902 ], [ 61.9767, 40.8856 ], [ 61.9873, 40.8768 ], [ 61.9968, 40.8596 ], [ 61.9973, 40.8534 ], [ 61.9949, 40.8501 ], [ 61.9861, 40.8443 ], [ 61.9786, 40.8431 ], [ 61.9646, 40.8353 ], [ 61.961, 40.8293 ], [ 61.9672, 40.8212 ] ] } },
{ "type": "Feature", "properties": { "reach_id": "46130300331", "river_group": "Amu Darya", "basin": "Amu Darya", "p_width_m": 458.0, "p_wse_m": 133.90001, "p_length_m": 19921.98, "n_overpasses": 0, "n_good_or_suspect": 0, "has_chart": false }, "geometry": { "type": "LineString", "coordinates": [ [ 61.9672, 40.8212 ], [ 61.9787, 40.812 ], [ 62.0063, 40.8016 ], [ 62.0131, 40.7933 ], [ 62.0215, 40.776 ], [ 62.0329, 40.7637 ], [ 62.0342, 40.7569 ], [ 62.0368, 40.7535 ], [ 62.0381, 40.7424 ], [ 62.041, 40.734 ], [ 62.0408, 40.7219 ], [ 62.0466, 40.7146 ], [ 62.051, 40.6909 ], [ 62.0699, 40.6778 ], [ 62.0752, 40.6764 ] ] } },
{ "type": "Feature", "properties": { "reach_id": "46130300341", "river_group": "Amu Darya", "basin": "Amu Darya", "p_width_m": 551.0, "p_wse_m": 138.40001, "p_length_m": 18127.705, "n_overpasses": 0, "n_good_or_suspect": 0, "has_chart": false }, "geometry": { "type": "LineString", "coordinates": [ [ 62.0752, 40.6764 ], [ 62.0788, 40.6752 ], [ 62.0834, 40.6709 ], [ 62.0891, 40.6547 ], [ 62.0936, 40.6491 ], [ 62.0996, 40.631 ], [ 62.0999, 40.6118 ], [ 62.1052, 40.5978 ], [ 62.1108, 40.5922 ], [ 62.1127, 40.5835 ], [ 62.1169, 40.5809 ], [ 62.1243, 40.572 ], [ 62.1298, 40.5574 ], [ 62.1407, 40.5509 ], [ 62.162, 40.5474 ], [ 62.1688, 40.5479 ] ] } },
{ "type": "Feature", "properties": { "reach_id": "46130300351", "river_group": "Amu Darya", "basin": "Amu Darya", "p_width_m": 509.0, "p_wse_m": 140.2, "p_length_m": 17811.059, "n_overpasses": 0, "n_good_or_suspect": 0, "has_chart": false }, "geometry": { "type": "LineString", "coordinates": [ [ 62.1688, 40.5479 ], [ 62.1787, 40.5483 ], [ 62.1854, 40.5457 ], [ 62.189, 40.5357 ], [ 62.1954, 40.5266 ], [ 62.1966, 40.5168 ], [ 62.2073, 40.5102 ], [ 62.2186, 40.4951 ], [ 62.2499, 40.4857 ], [ 62.2726, 40.4808 ], [ 62.2767, 40.4774 ], [ 62.2779, 40.4687 ], [ 62.2818, 40.4644 ], [ 62.3069, 40.4481 ] ] } },
{ "type": "Feature", "properties": { "reach_id": "46130300361", "river_group": "Amu Darya", "basin": "Amu Darya", "p_width_m": 594.0, "p_wse_m": 74.700005, "p_length_m": 1746.3542, "n_overpasses": 0, "n_good_or_suspect": 0, "has_chart": false }, "geometry": { "type": "LineString", "coordinates": [ [ 59.6099, 42.3669 ], [ 59.5906, 42.3742 ] ] } },
{ "type": "Feature", "properties": { "reach_id": "46130300374", "river_group": "Amu Darya", "basin": "Amu Darya", "p_width_m": 483.0, "p_wse_m": 73.6, "p_length_m": 377.83615, "n_overpasses": 0, "n_good_or_suspect": 0, "has_chart": false }, "geometry": { "type": "LineString", "coordinates": [ [ 59.5906, 42.3742 ], [ 59.5873, 42.3774 ] ] } },
{ "type": "Feature", "properties": { "reach_id": "46130300381", "river_group": "Amu Darya", "basin": "Amu Darya", "p_width_m": 360.0, "p_wse_m": 75.700005, "p_length_m": 8592.474, "n_overpasses": 0, "n_good_or_suspect": 0, "has_chart": false }, "geometry": { "type": "LineString", "coordinates": [ [ 59.5873, 42.3774 ], [ 59.5797, 42.3876 ], [ 59.5771, 42.399 ], [ 59.5788, 42.4106 ], [ 59.5864, 42.4209 ], [ 59.5857, 42.4299 ], [ 59.58, 42.4342 ], [ 59.57, 42.4312 ], [ 59.5629, 42.4355 ] ] } },
{ "type": "Feature", "properties": { "reach_id": "46130300391", "river_group": "Amu Darya", "basin": "Amu Darya", "p_width_m": 152.0, "p_wse_m": 70.4, "p_length_m": 8557.689, "n_overpasses": 0, "n_good_or_suspect": 0, "has_chart": false }, "geometry": { "type": "LineString", "coordinates": [ [ 59.5629, 42.4355 ], [ 59.5522, 42.4425 ], [ 59.5464, 42.4505 ], [ 59.5447, 42.4546 ], [ 59.5457, 42.4591 ], [ 59.5423, 42.4657 ], [ 59.5454, 42.4713 ], [ 59.5404, 42.4768 ], [ 59.5398, 42.4801 ], [ 59.5331, 42.4836 ], [ 59.5168, 42.4879 ], [ 59.5092, 42.4884 ] ] } },
{ "type": "Feature", "properties": { "reach_id": "46130300401", "river_group": "Amu Darya", "basin": "Amu Darya", "p_width_m": 123.0, "p_wse_m": 70.4, "p_length_m": 8586.61, "n_overpasses": 0, "n_good_or_suspect": 0, "has_chart": false }, "geometry": { "type": "LineString", "coordinates": [ [ 59.5092, 42.4884 ], [ 59.4901, 42.4953 ], [ 59.4819, 42.5002 ], [ 59.4742, 42.5085 ], [ 59.4685, 42.511 ], [ 59.4522, 42.5139 ], [ 59.4386, 42.5217 ], [ 59.4226, 42.5242 ] ] } },
{ "type": "Feature", "properties": { "reach_id": "46130300411", "river_group": "Amu Darya", "basin": "Amu Darya", "p_width_m": 108.0, "p_wse_m": 66.9, "p_length_m": 10252.845, "n_overpasses": 0, "n_good_or_suspect": 0, "has_chart": false }, "geometry": { "type": "LineString", "coordinates": [ [ 59.4226, 42.5242 ], [ 59.416, 42.5229 ], [ 59.4084, 42.526 ], [ 59.4005, 42.5317 ], [ 59.3958, 42.5385 ], [ 59.3945, 42.5448 ], [ 59.3964, 42.552 ], [ 59.3958, 42.5575 ], [ 59.3934, 42.5694 ], [ 59.3912, 42.5717 ], [ 59.3849, 42.571 ], [ 59.3675, 42.5642 ], [ 59.3575, 42.5559 ] ] } },
{ "type": "Feature", "properties": { "reach_id": "46130300421", "river_group": "Amu Darya", "basin": "Amu Darya", "p_width_m": 105.0, "p_wse_m": 66.9, "p_length_m": 10581.631, "n_overpasses": 0, "n_good_or_suspect": 0, "has_chart": false }, "geometry": { "type": "LineString", "coordinates": [ [ 59.3575, 42.5559 ], [ 59.3536, 42.5546 ], [ 59.3496, 42.5553 ], [ 59.344, 42.5517 ], [ 59.3399, 42.5529 ], [ 59.3375, 42.5595 ], [ 59.3393, 42.5654 ], [ 59.3492, 42.5741 ], [ 59.3574, 42.5772 ], [ 59.3546, 42.5832 ], [ 59.344, 42.5896 ], [ 59.3357, 42.5879 ], [ 59.3274, 42.5751 ], [ 59.3142, 42.5745 ] ] } },
{ "type": "Feature", "properties": { "reach_id": "46130300431", "river_group": "Amu Darya", "basin": "Amu Darya", "p_width_m": 97.0, "p_wse_m": 66.9, "p_length_m": 10547.756, "n_overpasses": 0, "n_good_or_suspect": 0, "has_chart": false }, "geometry": { "type": "LineString", "coordinates": [ [ 59.3142, 42.5745 ], [ 59.3004, 42.5774 ], [ 59.2948, 42.5742 ], [ 59.2875, 42.5749 ], [ 59.2729, 42.5851 ], [ 59.2705, 42.5886 ], [ 59.2717, 42.5919 ], [ 59.2849, 42.6008 ], [ 59.285, 42.6035 ], [ 59.2826, 42.6068 ], [ 59.2838, 42.6095 ], [ 59.2977, 42.6124 ], [ 59.3057, 42.6212 ], [ 59.3131, 42.6248 ] ] } },
{ "type": "Feature", "properties": { "reach_id": "46130300441", "river_group": "Amu Darya", "basin": "Amu Darya", "p_width_m": 115.0, "p_wse_m": 66.4, "p_length_m": 18562.531, "n_overpasses": 0, "n_good_or_suspect": 0, "has_chart": false }, "geometry": { "type": "LineString", "coordinates": [ [ 59.3131, 42.6248 ], [ 59.3174, 42.6288 ], [ 59.3186, 42.6344 ], [ 59.3175, 42.6393 ], [ 59.3105, 42.6446 ], [ 59.3068, 42.6503 ], [ 59.3007, 42.6764 ], [ 59.3035, 42.6806 ], [ 59.3065, 42.6917 ], [ 59.3061, 42.6955 ], [ 59.3107, 42.701 ], [ 59.3154, 42.7112 ], [ 59.3154, 42.7239 ], [ 59.3107, 42.7386 ], [ 59.3121, 42.7542 ], [ 59.3091, 42.7616 ], [ 59.3095, 42.7654 ], [ 59.3069, 42.7695 ], [ 59.2985, 42.7755 ], [ 59.2931, 42.7764 ] ] } },
{ "type": "Feature", "properties": { "reach_id": "46130300451", "river_group": "Amu Darya", "basin": "Amu Darya", "p_width_m": 108.0, "p_wse_m": 64.9, "p_length_m": 18577.488, "n_overpasses": 0, "n_good_or_suspect": 0, "has_chart": false }, "geometry": { "type": "LineString", "coordinates": [ [ 59.2931, 42.7764 ], [ 59.2896, 42.7709 ], [ 59.2904, 42.7622 ], [ 59.2856, 42.7559 ], [ 59.27, 42.7511 ], [ 59.2562, 42.7398 ], [ 59.2488, 42.7391 ], [ 59.2322, 42.7453 ], [ 59.2233, 42.753 ], [ 59.2079, 42.7625 ], [ 59.2081, 42.7663 ], [ 59.2015, 42.7718 ], [ 59.1969, 42.7843 ], [ 59.1968, 42.7924 ], [ 59.1999, 42.7953 ], [ 59.2005, 42.8015 ], [ 59.2034, 42.8047 ], [ 59.2043, 42.8109 ], [ 59.2159, 42.8234 ], [ 59.22, 42.8257 ] ] } },
{ "type": "Feature", "properties": { "reach_id": "46130300461", "river_group": "Amu Darya", "basin": "Amu Darya", "p_width_m": 108.0, "p_wse_m": 64.6, "p_length_m": 18593.658, "n_overpasses": 0, "n_good_or_suspect": 0, "has_chart": false }, "geometry": { "type": "LineString", "coordinates": [ [ 59.22, 42.8257 ], [ 59.2242, 42.8281 ], [ 59.2332, 42.846 ], [ 59.2339, 42.8533 ], [ 59.2311, 42.8674 ], [ 59.2274, 42.874 ], [ 59.2198, 42.8797 ], [ 59.2035, 42.8853 ], [ 59.1978, 42.8894 ], [ 59.1956, 42.9051 ], [ 59.1802, 42.9213 ], [ 59.1785, 42.9295 ], [ 59.1824, 42.937 ], [ 59.188, 42.9425 ], [ 59.1894, 42.9547 ], [ 59.1871, 42.9631 ], [ 59.1807, 42.9688 ] ] } },
{ "type": "Feature", "properties": { "reach_id": "46130300471", "river_group": "Amu Darya", "basin": "Amu Darya", "p_width_m": 101.0, "p_wse_m": 61.9, "p_length_m": 18399.271, "n_overpasses": 0, "n_good_or_suspect": 0, "has_chart": false }, "geometry": { "type": "LineString", "coordinates": [ [ 59.1807, 42.9688 ], [ 59.1738, 42.9741 ], [ 59.1729, 42.9779 ], [ 59.1745, 42.9828 ], [ 59.1851, 42.992 ], [ 59.185, 42.9953 ], [ 59.1809, 43.0013 ], [ 59.1809, 43.0118 ], [ 59.1678, 43.0294 ], [ 59.1609, 43.0349 ], [ 59.1547, 43.0374 ], [ 59.151, 43.0429 ], [ 59.1526, 43.0472 ], [ 59.1618, 43.0562 ], [ 59.1735, 43.0784 ], [ 59.1729, 43.0863 ], [ 59.1638, 43.097 ], [ 59.1565, 43.1128 ] ] } },
{ "type": "Feature", "properties": { "reach_id": "46130300481", "river_group": "Amu Darya", "basin": "Amu Darya", "p_width_m": 92.0, "p_wse_m": 60.5, "p_length_m": 18409.047, "n_overpasses": 0, "n_good_or_suspect": 0, "has_chart": false }, "geometry": { "type": "LineString", "coordinates": [ [ 59.1565, 43.1128 ], [ 59.1505, 43.1277 ], [ 59.1505, 43.1434 ], [ 59.1405, 43.1482 ], [ 59.1379, 43.1517 ], [ 59.14, 43.1693 ], [ 59.1367, 43.1764 ], [ 59.1295, 43.1854 ], [ 59.1284, 43.193 ], [ 59.1321, 43.2035 ], [ 59.139, 43.2125 ], [ 59.1411, 43.2179 ], [ 59.1469, 43.2237 ], [ 59.1478, 43.2388 ], [ 59.1456, 43.2513 ], [ 59.1506, 43.2564 ], [ 59.1622, 43.2588 ] ] } },
{ "type": "Feature", "properties": { "reach_id": "46130300491", "river_group": "Amu Darya", "basin": "Amu Darya", "p_width_m": 123.0, "p_wse_m": 56.8, "p_length_m": 16685.234, "n_overpasses": 0, "n_good_or_suspect": 0, "has_chart": false }, "geometry": { "type": "LineString", "coordinates": [ [ 59.1622, 43.2588 ], [ 59.1706, 43.2616 ], [ 59.1802, 43.2752 ], [ 59.1917, 43.2788 ], [ 59.2009, 43.2768 ], [ 59.2136, 43.2663 ], [ 59.2203, 43.2631 ], [ 59.2299, 43.2607 ], [ 59.2377, 43.2615 ], [ 59.2385, 43.2644 ], [ 59.2288, 43.2702 ], [ 59.2289, 43.2751 ], [ 59.2529, 43.3024 ], [ 59.2661, 43.3276 ] ] } },
{ "type": "Feature", "properties": { "reach_id": "46130300501", "river_group": "Amu Darya", "basin": "Amu Darya", "p_width_m": 142.0, "p_wse_m": 56.7, "p_length_m": 19375.658, "n_overpasses": 0, "n_good_or_suspect": 0, "has_chart": false }, "geometry": { "type": "LineString", "coordinates": [ [ 59.2661, 43.3276 ], [ 59.2687, 43.3321 ], [ 59.2756, 43.3382 ], [ 59.3024, 43.3482 ], [ 59.3061, 43.3546 ], [ 59.3114, 43.3712 ], [ 59.3297, 43.3892 ], [ 59.3288, 43.3925 ], [ 59.3237, 43.3946 ], [ 59.3003, 43.3946 ], [ 59.2951, 43.3999 ], [ 59.2977, 43.4042 ], [ 59.3087, 43.4096 ], [ 59.3117, 43.4128 ], [ 59.3105, 43.4212 ], [ 59.3054, 43.4329 ], [ 59.3038, 43.4411 ], [ 59.3057, 43.4448 ], [ 59.3128, 43.4512 ] ] } },
{ "type": "Feature", "properties": { "reach_id": "46130300511", "river_group": "Amu Darya", "basin": "Amu Darya", "p_width_m": 255.0, "p_wse_m": 56.2, "p_length_m": 19257.795, "n_overpasses": 0, "n_good_or_suspect": 0, "has_chart": false }, "geometry": { "type": "LineString", "coordinates": [ [ 59.3128, 43.4512 ], [ 59.3127, 43.4563 ], [ 59.2995, 43.4618 ], [ 59.2826, 43.4739 ], [ 59.2767, 43.4744 ], [ 59.2717, 43.4712 ], [ 59.265, 43.4709 ], [ 59.2605, 43.4776 ], [ 59.25, 43.4843 ], [ 59.244, 43.4933 ], [ 59.2424, 43.5023 ], [ 59.2465, 43.5106 ], [ 59.2533, 43.5147 ], [ 59.2709, 43.5189 ], [ 59.2794, 43.5266 ], [ 59.2765, 43.529 ], [ 59.2642, 43.5294 ], [ 59.2597, 43.5316 ], [ 59.2601, 43.5424 ], [ 59.2519, 43.5558 ], [ 59.2517, 43.562 ] ] } },
{ "type": "Feature", "properties": { "reach_id": "46130300523", "river_group": "Amu Darya", "basin": "Amu Darya", "p_width_m": 456.0, "p_wse_m": 55.100002, "p_length_m": 1687.3608, "n_overpasses": 0, "n_good_or_suspect": 0, "has_chart": false }, "geometry": { "type": "LineString", "coordinates": [ [ 59.2517, 43.562 ], [ 59.255, 43.5674 ], [ 59.267, 43.5704 ] ] } },
{ "type": "Feature", "properties": { "reach_id": "46130300534", "river_group": "Amu Darya", "basin": "Amu Darya", "p_width_m": 418.0, "p_wse_m": 53.0, "p_length_m": 1004.36206, "n_overpasses": 0, "n_good_or_suspect": 0, "has_chart": false }, "geometry": { "type": "LineString", "coordinates": [ [ 59.267, 43.5704 ], [ 59.2696, 43.576 ], [ 59.2728, 43.578 ] ] } },
{ "type": "Feature", "properties": { "reach_id": "46130300541", "river_group": "Amu Darya", "basin": "Amu Darya", "p_width_m": 42.0, "p_wse_m": 51.5, "p_length_m": 5252.521, "n_overpasses": 0, "n_good_or_suspect": 0, "has_chart": false }, "geometry": { "type": "LineString", "coordinates": [ [ 59.2728, 43.578 ], [ 59.2762, 43.5802 ], [ 59.2687, 43.586 ], [ 59.2765, 43.5915 ], [ 59.2765, 43.594 ], [ 59.2731, 43.5984 ], [ 59.2687, 43.5993 ], [ 59.2614, 43.5935 ], [ 59.2503, 43.5935 ] ] } },
{ "type": "Feature", "properties": { "reach_id": "46130300554", "river_group": "Amu Darya", "basin": "Amu Darya", "p_width_m": 112.5, "p_wse_m": 51.5, "p_length_m": 392.37497, "n_overpasses": 0, "n_good_or_suspect": 0, "has_chart": false }, "geometry": { "type": "LineString", "coordinates": [ [ 59.2503, 43.5935 ], [ 59.2451, 43.5935 ] ] } },
{ "type": "Feature", "properties": { "reach_id": "46130300561", "river_group": "Amu Darya", "basin": "Amu Darya", "p_width_m": 184.0, "p_wse_m": 51.5, "p_length_m": 1374.4498, "n_overpasses": 0, "n_good_or_suspect": 0, "has_chart": false }, "geometry": { "type": "LineString", "coordinates": [ [ 59.2451, 43.5935 ], [ 59.2329, 43.5946 ], [ 59.2281, 43.5924 ] ] } },
{ "type": "Feature", "properties": { "reach_id": "46130300574", "river_group": "Amu Darya", "basin": "Amu Darya", "p_width_m": 171.0, "p_wse_m": 55.100002, "p_length_m": 320.5462, "n_overpasses": 0, "n_good_or_suspect": 0, "has_chart": false }, "geometry": { "type": "LineString", "coordinates": [ [ 59.2281, 43.5924 ], [ 59.2252, 43.5905 ] ] } },
{ "type": "Feature", "properties": { "reach_id": "46130300581", "river_group": "Amu Darya", "basin": "Amu Darya", "p_width_m": 160.0, "p_wse_m": 55.100002, "p_length_m": 1842.6512, "n_overpasses": 0, "n_good_or_suspect": 0, "has_chart": false }, "geometry": { "type": "LineString", "coordinates": [ [ 59.2252, 43.5905 ], [ 59.2189, 43.5888 ], [ 59.21, 43.5787 ] ] } },
{ "type": "Feature", "properties": { "reach_id": "46130300591", "river_group": "Amu Darya", "basin": "Amu Darya", "p_width_m": 94.0, "p_wse_m": 55.100002, "p_length_m": 17098.69, "n_overpasses": 53, "n_good_or_suspect": 48, "has_chart": true }, "geometry": { "type": "LineString", "coordinates": [ [ 59.21, 43.5787 ], [ 59.1938, 43.574 ], [ 59.185, 43.5671 ], [ 59.1658, 43.5584 ], [ 59.1587, 43.5568 ], [ 59.1542, 43.5575 ], [ 59.1514, 43.5624 ], [ 59.1467, 43.5644 ], [ 59.1108, 43.5675 ], [ 59.0965, 43.5728 ], [ 59.089, 43.5731 ], [ 59.0821, 43.5754 ], [ 59.0735, 43.5741 ], [ 59.0639, 43.5777 ], [ 59.0589, 43.5738 ], [ 59.0533, 43.5636 ], [ 59.0452, 43.5557 ], [ 59.0426, 43.549 ] ] } },
{ "type": "Feature", "properties": { "reach_id": "46130300606", "river_group": "Amu Darya", "basin": "Amu Darya", "p_width_m": 36.0, "p_wse_m": 55.600002, "p_length_m": 154.25974, "n_overpasses": 0, "n_good_or_suspect": 0, "has_chart": false }, "geometry": { "type": "LineString", "coordinates": [ [ 59.0426, 43.549 ], [ 59.0414, 43.5479 ] ] } },
{ "type": "Feature", "properties": { "reach_id": "46130300693", "river_group": "Amu Darya", "basin": "Amu Darya", "p_width_m": 2239.0, "p_wse_m": 121.4, "p_length_m": 8539.762, "n_overpasses": 0, "n_good_or_suspect": 0, "has_chart": false }, "geometry": { "type": "LineString", "coordinates": [ [ 61.4113, 41.2181 ], [ 61.4123, 41.2189 ], [ 61.4067, 41.2261 ], [ 61.4063, 41.2391 ], [ 61.4073, 41.2451 ], [ 61.4118, 41.2549 ], [ 61.4308, 41.2773 ], [ 61.4452, 41.2834 ] ] } },
{ "type": "Feature", "properties": { "reach_id": "46130300701", "river_group": "Amu Darya", "basin": "Amu Darya", "p_width_m": 1955.5, "p_wse_m": 121.4, "p_length_m": 1221.5717, "n_overpasses": 81, "n_good_or_suspect": 52, "has_chart": true }, "geometry": { "type": "LineString", "coordinates": [ [ 61.4452, 41.2834 ], [ 61.4473, 41.2845 ], [ 61.4595, 41.2836 ] ] } },
{ "type": "Feature", "properties": { "reach_id": "46130300713", "river_group": "Amu Darya", "basin": "Amu Darya", "p_width_m": 4704.0, "p_wse_m": 121.4, "p_length_m": 2236.59, "n_overpasses": 0, "n_good_or_suspect": 0, "has_chart": false }, "geometry": { "type": "LineString", "coordinates": [ [ 61.4595, 41.2836 ], [ 61.4859, 41.2878 ] ] } },
{ "type": "Feature", "properties": { "reach_id": "46130300721", "river_group": "Amu Darya", "basin": "Amu Darya", "p_width_m": 2439.0, "p_wse_m": 121.4, "p_length_m": 2004.0933, "n_overpasses": 0, "n_good_or_suspect": 0, "has_chart": false }, "geometry": { "type": "LineString", "coordinates": [ [ 61.4859, 41.2878 ], [ 61.5086, 41.2819 ] ] } },
{ "type": "Feature", "properties": { "reach_id": "46130300733", "river_group": "Amu Darya", "basin": "Amu Darya", "p_width_m": 2715.0, "p_wse_m": 121.4, "p_length_m": 2454.276, "n_overpasses": 0, "n_good_or_suspect": 0, "has_chart": false }, "geometry": { "type": "LineString", "coordinates": [ [ 61.5086, 41.2819 ], [ 61.5364, 41.2741 ] ] } },
{ "type": "Feature", "properties": { "reach_id": "46130300741", "river_group": "Amu Darya", "basin": "Amu Darya", "p_width_m": 3688.5, "p_wse_m": 121.4, "p_length_m": 6510.3457, "n_overpasses": 0, "n_good_or_suspect": 0, "has_chart": false }, "geometry": { "type": "LineString", "coordinates": [ [ 61.5364, 41.2741 ], [ 61.5522, 41.2718 ], [ 61.5844, 41.2725 ], [ 61.6118, 41.265 ] ] } },
{ "type": "Feature", "properties": { "reach_id": "46130300753", "river_group": "Amu Darya", "basin": "Amu Darya", "p_width_m": 5563.5, "p_wse_m": 121.4, "p_length_m": 1250.5056, "n_overpasses": 0, "n_good_or_suspect": 0, "has_chart": false }, "geometry": { "type": "LineString", "coordinates": [ [ 61.6118, 41.265 ], [ 61.6147, 41.2637 ], [ 61.6246, 41.2688 ] ] } },
{ "type": "Feature", "properties": { "reach_id": "46130300761", "river_group": "Amudarya; Amudaryo", "basin": "Aral Sea drainage (unclassified tributary)", "p_width_m": 348.0, "p_wse_m": 127.1, "p_length_m": 15905.592, "n_overpasses": 81, "n_good_or_suspect": 65, "has_chart": true }, "geometry": { "type": "LineString", "coordinates": [ [ 61.6246, 41.2688 ], [ 61.631, 41.271 ], [ 61.6457, 41.2691 ], [ 61.658, 41.2649 ], [ 61.6967, 41.2465 ], [ 61.7159, 41.2338 ], [ 61.7179, 41.2314 ], [ 61.7194, 41.2211 ], [ 61.716, 41.2005 ], [ 61.7381, 41.1781 ] ] } },
{ "type": "Feature", "properties": { "reach_id": "46130500011", "river_group": "Amu Darya", "basin": "Amu Darya", "p_width_m": 466.0, "p_wse_m": 143.40001, "p_length_m": 19149.81, "n_overpasses": 78, "n_good_or_suspect": 65, "has_chart": true }, "geometry": { "type": "LineString", "coordinates": [ [ 62.3069, 40.4481 ], [ 62.3261, 40.4408 ], [ 62.3298, 40.438 ], [ 62.3272, 40.4215 ], [ 62.3305, 40.4174 ], [ 62.3366, 40.4145 ], [ 62.3486, 40.4145 ], [ 62.3529, 40.4119 ], [ 62.3566, 40.4068 ], [ 62.356, 40.3987 ], [ 62.352, 40.3886 ], [ 62.3532, 40.3805 ], [ 62.3513, 40.3659 ], [ 62.3529, 40.3613 ], [ 62.3637, 40.3473 ], [ 62.386, 40.3283 ], [ 62.3942, 40.3129 ] ] } },
{ "type": "Feature", "properties": { "reach_id": "46130500021", "river_group": "Amu Darya", "basin": "Amu Darya", "p_width_m": 601.0, "p_wse_m": 148.2, "p_length_m": 19173.314, "n_overpasses": 65, "n_good_or_suspect": 57, "has_chart": true }, "geometry": { "type": "LineString", "coordinates": [ [ 62.3942, 40.3129 ], [ 62.3955, 40.3086 ], [ 62.3948, 40.2981 ], [ 62.3847, 40.2839 ], [ 62.3886, 40.2791 ], [ 62.3895, 40.2742 ], [ 62.3881, 40.2653 ], [ 62.3818, 40.2483 ], [ 62.3969, 40.2346 ], [ 62.4023, 40.2246 ], [ 62.4016, 40.2167 ], [ 62.4056, 40.2035 ], [ 62.4057, 40.1984 ], [ 62.4131, 40.19 ], [ 62.4134, 40.1522 ] ] } },
{ "type": "Feature", "properties": { "reach_id": "46130500031", "river_group": "Amu Darya", "basin": "Amu Darya", "p_width_m": 432.0, "p_wse_m": 149.40001, "p_length_m": 19205.139, "n_overpasses": 58, "n_good_or_suspect": 55, "has_chart": true }, "geometry": { "type": "LineString", "coordinates": [ [ 62.4134, 40.1522 ], [ 62.4115, 40.1414 ], [ 62.4134, 40.1295 ], [ 62.3981, 40.1135 ], [ 62.3953, 40.1064 ], [ 62.3996, 40.0975 ], [ 62.4185, 40.079 ], [ 62.4255, 40.0685 ], [ 62.4246, 40.0652 ], [ 62.4169, 40.0606 ], [ 62.4171, 40.0541 ], [ 62.4127, 40.0435 ], [ 62.4161, 40.0373 ], [ 62.4259, 40.0285 ], [ 62.431, 40.0212 ], [ 62.4298, 40.0104 ], [ 62.4337, 40.0001 ] ] } },
{ "type": "Feature", "properties": { "reach_id": "46130500041", "river_group": "Amu Darya", "basin": "Amu Darya", "p_width_m": 369.0, "p_wse_m": 154.40001, "p_length_m": 15769.235, "n_overpasses": 58, "n_good_or_suspect": 54, "has_chart": true }, "geometry": { "type": "LineString", "coordinates": [ [ 62.4337, 40.0001 ], [ 62.4392, 39.9807 ], [ 62.448, 39.9735 ], [ 62.4634, 39.9708 ], [ 62.4697, 39.9611 ], [ 62.4723, 39.9519 ], [ 62.4756, 39.9482 ], [ 62.4761, 39.9433 ], [ 62.4872, 39.9393 ], [ 62.4936, 39.9323 ], [ 62.5053, 39.9256 ], [ 62.5107, 39.9186 ], [ 62.5151, 39.9162 ], [ 62.5181, 39.9124 ], [ 62.5193, 39.9067 ], [ 62.5269, 39.8905 ] ] } },
{ "type": "Feature", "properties": { "reach_id": "46130500051", "river_group": "Amu Darya", "basin": "Amu Darya", "p_width_m": 500.0, "p_wse_m": 157.6, "p_length_m": 11358.85, "n_overpasses": 82, "n_good_or_suspect": 67, "has_chart": true }, "geometry": { "type": "LineString", "coordinates": [ [ 62.5269, 39.8905 ], [ 62.5291, 39.8805 ], [ 62.5268, 39.8597 ], [ 62.5282, 39.8486 ], [ 62.5325, 39.8411 ], [ 62.5416, 39.8355 ], [ 62.5435, 39.8301 ], [ 62.5495, 39.8239 ], [ 62.5531, 39.8152 ], [ 62.5645, 39.7977 ] ] } },
{ "type": "Feature", "properties": { "reach_id": "46130500061", "river_group": "Amu Darya", "basin": "Amu Darya", "p_width_m": 545.0, "p_wse_m": 161.40001, "p_length_m": 11014.786, "n_overpasses": 0, "n_good_or_suspect": 0, "has_chart": false }, "geometry": { "type": "LineString", "coordinates": [ [ 62.5645, 39.7977 ], [ 62.571, 39.785 ], [ 62.5793, 39.7753 ], [ 62.5859, 39.7711 ], [ 62.6105, 39.7613 ], [ 62.6487, 39.7603 ], [ 62.6606, 39.7472 ] ] } },
{ "type": "Feature", "properties": { "reach_id": "46130500071", "river_group": "Amu Darya", "basin": "Amu Darya", "p_width_m": 621.0, "p_wse_m": 161.7, "p_length_m": 11032.874, "n_overpasses": 0, "n_good_or_suspect": 0, "has_chart": false }, "geometry": { "type": "LineString", "coordinates": [ [ 62.6606, 39.7472 ], [ 62.6645, 39.7456 ], [ 62.6794, 39.7316 ], [ 62.6867, 39.7132 ], [ 62.6951, 39.7049 ], [ 62.7064, 39.6827 ], [ 62.7172, 39.6744 ], [ 62.7257, 39.6641 ] ] } },
{ "type": "Feature", "properties": { "reach_id": "46130500081", "river_group": "Amu Darya", "basin": "Amu Darya", "p_width_m": 445.0, "p_wse_m": 163.6, "p_length_m": 11039.71, "n_overpasses": 0, "n_good_or_suspect": 0, "has_chart": false }, "geometry": { "type": "LineString", "coordinates": [ [ 62.7257, 39.6641 ], [ 62.7513, 39.6543 ], [ 62.7587, 39.6542 ], [ 62.7744, 39.6602 ], [ 62.7834, 39.6673 ], [ 62.7971, 39.6695 ], [ 62.8041, 39.6674 ], [ 62.81, 39.6622 ], [ 62.8366, 39.6495 ] ] } },
{ "type": "Feature", "properties": { "reach_id": "46130700011", "river_group": "Amu Darya", "basin": "Amu Darya", "p_width_m": 611.5, "p_wse_m": 167.2, "p_length_m": 19569.566, "n_overpasses": 0, "n_good_or_suspect": 0, "has_chart": false }, "geometry": { "type": "LineString", "coordinates": [ [ 62.8366, 39.6495 ], [ 62.8454, 39.6463 ], [ 62.8657, 39.6431 ], [ 62.8768, 39.639 ], [ 62.8821, 39.6255 ], [ 62.8787, 39.6128 ], [ 62.8787, 39.6092 ], [ 62.881, 39.6057 ], [ 62.8941, 39.5912 ], [ 62.9168, 39.5763 ], [ 62.9367, 39.5693 ], [ 62.9438, 39.5604 ], [ 62.9467, 39.5525 ], [ 62.9611, 39.5409 ], [ 62.9628, 39.5347 ], [ 62.9692, 39.5277 ] ] } },
{ "type": "Feature", "properties": { "reach_id": "46130700021", "river_group": "Amu Darya", "basin": "Amu Darya", "p_width_m": 902.0, "p_wse_m": 167.2, "p_length_m": 8728.922, "n_overpasses": 0, "n_good_or_suspect": 0, "has_chart": false }, "geometry": { "type": "LineString", "coordinates": [ [ 62.9692, 39.5277 ], [ 62.9682, 39.5128 ], [ 62.9736, 39.5039 ], [ 62.9773, 39.4863 ], [ 62.9748, 39.4636 ], [ 62.9713, 39.4593 ], [ 62.972, 39.4514 ] ] } },
{ "type": "Feature", "properties": { "reach_id": "46130700031", "river_group": "Amu Darya", "basin": "Amu Darya", "p_width_m": 799.0, "p_wse_m": 167.2, "p_length_m": 8701.264, "n_overpasses": 0, "n_good_or_suspect": 0, "has_chart": false }, "geometry": { "type": "LineString", "coordinates": [ [ 62.972, 39.4514 ], [ 62.973, 39.4482 ], [ 62.9677, 39.4339 ], [ 62.9568, 39.4155 ], [ 62.955, 39.409 ], [ 62.9576, 39.396 ], [ 62.9666, 39.386 ], [ 62.9677, 39.3784 ] ] } },
{ "type": "Feature", "properties": { "reach_id": "46130900011", "river_group": "Amu Darya", "basin": "Amu Darya", "p_width_m": 639.0, "p_wse_m": 173.05, "p_length_m": 8755.873, "n_overpasses": 0, "n_good_or_suspect": 0, "has_chart": false }, "geometry": { "type": "LineString", "coordinates": [ [ 62.9677, 39.3784 ], [ 62.9659, 39.372 ], [ 62.9675, 39.3625 ], [ 62.9731, 39.3574 ], [ 62.9867, 39.3501 ], [ 63.0006, 39.349 ], [ 63.016, 39.3528 ], [ 63.0281, 39.3525 ], [ 63.0403, 39.3501 ] ] } },
{ "type": "Feature", "properties": { "reach_id": "46130900021", "river_group": "Amu Darya", "basin": "Amu Darya", "p_width_m": 645.0, "p_wse_m": 176.5, "p_length_m": 14784.639, "n_overpasses": 0, "n_good_or_suspect": 0, "has_chart": false }, "geometry": { "type": "LineString", "coordinates": [ [ 63.0403, 39.3501 ], [ 63.0546, 39.349 ], [ 63.0647, 39.3444 ], [ 63.081, 39.3294 ], [ 63.0943, 39.3274 ], [ 63.1057, 39.3223 ], [ 63.1131, 39.3243 ], [ 63.1214, 39.3232 ], [ 63.1294, 39.3243 ], [ 63.1513, 39.3208 ], [ 63.1628, 39.3232 ], [ 63.1729, 39.3229 ], [ 63.1865, 39.3199 ], [ 63.1941, 39.3158 ] ] } },
{ "type": "Feature", "properties": { "reach_id": "46130900031", "river_group": "Amu Darya", "basin": "Amu Darya", "p_width_m": 747.0, "p_wse_m": 178.40001, "p_length_m": 19842.404, "n_overpasses": 0, "n_good_or_suspect": 0, "has_chart": false }, "geometry": { "type": "LineString", "coordinates": [ [ 63.1941, 39.3158 ], [ 63.1997, 39.3058 ], [ 63.2125, 39.2966 ], [ 63.2222, 39.2924 ], [ 63.2355, 39.2925 ], [ 63.2528, 39.2895 ], [ 63.2616, 39.2922 ], [ 63.2852, 39.2871 ], [ 63.3064, 39.2776 ], [ 63.3203, 39.2791 ], [ 63.3436, 39.2747 ], [ 63.3633, 39.2606 ], [ 63.3727, 39.2627 ], [ 63.3939, 39.2632 ] ] } },
{ "type": "Feature", "properties": { "reach_id": "46130900041", "river_group": "Amu Darya", "basin": "Amu Darya", "p_width_m": 646.0, "p_wse_m": 182.8, "p_length_m": 12159.508, "n_overpasses": 0, "n_good_or_suspect": 0, "has_chart": false }, "geometry": { "type": "LineString", "coordinates": [ [ 63.3939, 39.2632 ], [ 63.4096, 39.2612 ], [ 63.4439, 39.2411 ], [ 63.4646, 39.2248 ], [ 63.4714, 39.2145 ], [ 63.4728, 39.2075 ], [ 63.4898, 39.1904 ] ] } },
{ "type": "Feature", "properties": { "reach_id": "46150000011", "river_group": "Amu Darya", "basin": "Amu Darya", "p_width_m": 625.0, "p_wse_m": 185.8, "p_length_m": 12159.904, "n_overpasses": 0, "n_good_or_suspect": 0, "has_chart": false }, "geometry": { "type": "LineString", "coordinates": [ [ 63.4898, 39.1904 ], [ 63.4967, 39.1831 ], [ 63.5064, 39.1806 ], [ 63.523, 39.1718 ], [ 63.5319, 39.1623 ], [ 63.5366, 39.1482 ], [ 63.5498, 39.1355 ], [ 63.5737, 39.1291 ], [ 63.5844, 39.131 ], [ 63.591, 39.1299 ] ] } },
{ "type": "Feature", "properties": { "reach_id": "46160700091", "river_group": "Qaradarya (Zeravshan tributary)", "basin": "Zeravshan (closed basin)", "p_width_m": 48.0, "p_wse_m": 492.7, "p_length_m": 17290.041, "n_overpasses": 58, "n_good_or_suspect": 23, "has_chart": true }, "geometry": { "type": "LineString", "coordinates": [ [ 66.3135, 39.939 ], [ 66.3204, 39.9331 ], [ 66.346, 39.9358 ], [ 66.352, 39.9313 ], [ 66.354, 39.9271 ], [ 66.3708, 39.9204 ], [ 66.3841, 39.9207 ], [ 66.3868, 39.9224 ], [ 66.395, 39.919 ], [ 66.4003, 39.9193 ], [ 66.4114, 39.9122 ], [ 66.4257, 39.9068 ], [ 66.4297, 39.9034 ], [ 66.437, 39.9031 ], [ 66.4482, 39.8973 ], [ 66.4559, 39.8962 ], [ 66.4588, 39.8931 ], [ 66.4658, 39.8932 ], [ 66.4812, 39.8866 ], [ 66.4826, 39.8847 ] ] } },
{ "type": "Feature", "properties": { "reach_id": "46160700104", "river_group": "Qaradarya (Zeravshan tributary)", "basin": "Zeravshan (closed basin)", "p_width_m": 62.5, "p_wse_m": 514.60004, "p_length_m": 395.7429, "n_overpasses": 0, "n_good_or_suspect": 0, "has_chart": false }, "geometry": { "type": "LineString", "coordinates": [ [ 66.4826, 39.8847 ], [ 66.4842, 39.8815 ] ] } },
{ "type": "Feature", "properties": { "reach_id": "46160700111", "river_group": "Qaradarya (Zeravshan tributary)", "basin": "Zeravshan (closed basin)", "p_width_m": 108.0, "p_wse_m": 525.5, "p_length_m": 10650.394, "n_overpasses": 0, "n_good_or_suspect": 0, "has_chart": false }, "geometry": { "type": "LineString", "coordinates": [ [ 66.4842, 39.8815 ], [ 66.4936, 39.8832 ], [ 66.5107, 39.8761 ], [ 66.5237, 39.8646 ], [ 66.5318, 39.8623 ], [ 66.5334, 39.8593 ], [ 66.5394, 39.856 ], [ 66.5427, 39.8517 ], [ 66.5552, 39.847 ], [ 66.5699, 39.8367 ], [ 66.5809, 39.8323 ] ] } },
{ "type": "Feature", "properties": { "reach_id": "46160700121", "river_group": "Qaradarya (Zeravshan tributary)", "basin": "Zeravshan (closed basin)", "p_width_m": 161.0, "p_wse_m": 554.42505, "p_length_m": 10109.617, "n_overpasses": 83, "n_good_or_suspect": 0, "has_chart": false }, "geometry": { "type": "LineString", "coordinates": [ [ 66.5809, 39.8323 ], [ 66.5863, 39.831 ], [ 66.5895, 39.8275 ], [ 66.6004, 39.8282 ], [ 66.6088, 39.8264 ], [ 66.616, 39.8222 ], [ 66.6216, 39.8213 ], [ 66.6284, 39.8171 ], [ 66.6351, 39.8162 ], [ 66.6451, 39.8105 ], [ 66.6547, 39.8074 ], [ 66.6867, 39.8046 ] ] } },
{ "type": "Feature", "properties": { "reach_id": "46160700131", "river_group": "Qaradarya (Zeravshan tributary)", "basin": "Zeravshan (closed basin)", "p_width_m": 240.0, "p_wse_m": 585.6, "p_length_m": 10124.342, "n_overpasses": 0, "n_good_or_suspect": 0, "has_chart": false }, "geometry": { "type": "LineString", "coordinates": [ [ 66.6867, 39.8046 ], [ 66.702, 39.8064 ], [ 66.7264, 39.8015 ], [ 66.7349, 39.7976 ], [ 66.7398, 39.7973 ], [ 66.7534, 39.7887 ], [ 66.7637, 39.7864 ], [ 66.7669, 39.7837 ], [ 66.7785, 39.7837 ], [ 66.7916, 39.7764 ] ] } },
{ "type": "Feature", "properties": { "reach_id": "46160700141", "river_group": "Qaradarya (Zeravshan tributary)", "basin": "Zeravshan (closed basin)", "p_width_m": 199.0, "p_wse_m": 616.60004, "p_length_m": 10746.341, "n_overpasses": 0, "n_good_or_suspect": 0, "has_chart": false }, "geometry": { "type": "LineString", "coordinates": [ [ 66.7916, 39.7764 ], [ 66.8005, 39.7744 ], [ 66.8051, 39.7713 ], [ 66.811, 39.7733 ], [ 66.8213, 39.7707 ], [ 66.8263, 39.7659 ], [ 66.8351, 39.7651 ], [ 66.8397, 39.7621 ], [ 66.85, 39.7602 ], [ 66.8567, 39.7566 ], [ 66.8584, 39.7533 ], [ 66.865, 39.7483 ], [ 66.8771, 39.7439 ], [ 66.889, 39.7441 ], [ 66.8961, 39.7389 ] ] } },
{ "type": "Feature", "properties": { "reach_id": "46160700151", "river_group": "Qaradarya (Zeravshan tributary)", "basin": "Zeravshan (closed basin)", "p_width_m": 150.0, "p_wse_m": 661.475, "p_length_m": 13745.956, "n_overpasses": 0, "n_good_or_suspect": 0, "has_chart": false }, "geometry": { "type": "LineString", "coordinates": [ [ 66.8961, 39.7389 ], [ 66.9123, 39.7363 ], [ 66.923, 39.7293 ], [ 66.9505, 39.7236 ], [ 66.9725, 39.7128 ], [ 67.0131, 39.7019 ], [ 67.026, 39.7026 ], [ 67.0321, 39.6985 ], [ 67.0405, 39.6967 ] ] } },
{ "type": "Feature", "properties": { "reach_id": "46160700164", "river_group": "Qaradarya (Zeravshan tributary)", "basin": "Zeravshan (closed basin)", "p_width_m": 136.5, "p_wse_m": 689.2, "p_length_m": 968.5744, "n_overpasses": 0, "n_good_or_suspect": 0, "has_chart": false }, "geometry": { "type": "LineString", "coordinates": [ [ 67.0405, 39.6967 ], [ 67.0514, 39.694 ] ] } },
{ "type": "Feature", "properties": { "reach_id": "46160700174", "river_group": "Qaradarya (Zeravshan tributary)", "basin": "Zeravshan (closed basin)", "p_width_m": 75.0, "p_wse_m": 695.10004, "p_length_m": 386.447, "n_overpasses": 0, "n_good_or_suspect": 0, "has_chart": false }, "geometry": { "type": "LineString", "coordinates": [ [ 67.0514, 39.694 ], [ 67.0556, 39.6928 ] ] } },
{ "type": "Feature", "properties": { "reach_id": "46160700181", "river_group": "Qaradarya (Zeravshan tributary)", "basin": "Zeravshan (closed basin)", "p_width_m": 300.5, "p_wse_m": 716.65, "p_length_m": 10507.224, "n_overpasses": 0, "n_good_or_suspect": 0, "has_chart": false }, "geometry": { "type": "LineString", "coordinates": [ [ 67.0556, 39.6928 ], [ 67.059, 39.6871 ], [ 67.0706, 39.6831 ], [ 67.0759, 39.6788 ], [ 67.0788, 39.675 ], [ 67.0809, 39.6675 ], [ 67.088, 39.6609 ], [ 67.1015, 39.6561 ], [ 67.1263, 39.6408 ], [ 67.1447, 39.6355 ] ] } },
{ "type": "Feature", "properties": { "reach_id": "46160700191", "river_group": "Qaradarya (Zeravshan tributary)", "basin": "Zeravshan (closed basin)", "p_width_m": 402.0, "p_wse_m": 766.0, "p_length_m": 10513.044, "n_overpasses": 112, "n_good_or_suspect": 79, "has_chart": true }, "geometry": { "type": "LineString", "coordinates": [ [ 67.1447, 39.6355 ], [ 67.1535, 39.6335 ], [ 67.1666, 39.6254 ], [ 67.1691, 39.6222 ], [ 67.1872, 39.6133 ], [ 67.2022, 39.5987 ], [ 67.2243, 39.5955 ], [ 67.2414, 39.5844 ] ] } },
{ "type": "Feature", "properties": { "reach_id": "46160700201", "river_group": "Qaradarya (Zeravshan tributary)", "basin": "Zeravshan (closed basin)", "p_width_m": 474.0, "p_wse_m": 826.075, "p_length_m": 13808.403, "n_overpasses": 85, "n_good_or_suspect": 77, "has_chart": true }, "geometry": { "type": "LineString", "coordinates": [ [ 67.2414, 39.5844 ], [ 67.2471, 39.5807 ], [ 67.2537, 39.5794 ], [ 67.2636, 39.5747 ], [ 67.2731, 39.5737 ], [ 67.2816, 39.5706 ], [ 67.2928, 39.5697 ], [ 67.3061, 39.5656 ], [ 67.3117, 39.567 ], [ 67.3355, 39.5652 ], [ 67.3656, 39.56 ], [ 67.3889, 39.5484 ] ] } },
{ "type": "Feature", "properties": { "reach_id": "46160700214", "river_group": "Zeravshan", "basin": "Zeravshan (closed basin)", "p_width_m": 270.0, "p_wse_m": 865.95, "p_length_m": 719.94135, "n_overpasses": 0, "n_good_or_suspect": 0, "has_chart": false }, "geometry": { "type": "LineString", "coordinates": [ [ 67.3889, 39.5484 ], [ 67.395, 39.5436 ] ] } },
{ "type": "Feature", "properties": { "reach_id": "46160700221", "river_group": "Zeravshan", "basin": "Zeravshan (closed basin)", "p_width_m": 459.0, "p_wse_m": 900.2, "p_length_m": 14572.289, "n_overpasses": 56, "n_good_or_suspect": 11, "has_chart": true }, "geometry": { "type": "LineString", "coordinates": [ [ 67.395, 39.5436 ], [ 67.4052, 39.5398 ], [ 67.4116, 39.5351 ], [ 67.4197, 39.5329 ], [ 67.4354, 39.5321 ], [ 67.4494, 39.5289 ], [ 67.4623, 39.5297 ], [ 67.4701, 39.5268 ], [ 67.4805, 39.5264 ], [ 67.5002, 39.5225 ], [ 67.5062, 39.517 ], [ 67.507, 39.514 ], [ 67.5162, 39.508 ], [ 67.5243, 39.5053 ], [ 67.546, 39.5024 ] ] } },
{ "type": "Feature", "properties": { "reach_id": "46160700231", "river_group": "Zeravshan", "basin": "Zeravshan (closed basin)", "p_width_m": 550.0, "p_wse_m": 951.5751, "p_length_m": 9493.572, "n_overpasses": 57, "n_good_or_suspect": 9, "has_chart": true }, "geometry": { "type": "LineString", "coordinates": [ [ 67.546, 39.5024 ], [ 67.5638, 39.4993 ], [ 67.5687, 39.501 ], [ 67.5951, 39.5037 ], [ 67.6058, 39.5113 ], [ 67.6173, 39.5121 ], [ 67.6339, 39.519 ], [ 67.6475, 39.5185 ] ] } },
{ "type": "Feature", "properties": { "reach_id": "46160700241", "river_group": "Zeravshan", "basin": "Zeravshan (closed basin)", "p_width_m": 396.0, "p_wse_m": 995.5, "p_length_m": 9487.829, "n_overpasses": 0, "n_good_or_suspect": 0, "has_chart": false }, "geometry": { "type": "LineString", "coordinates": [ [ 67.6475, 39.5185 ], [ 67.6566, 39.5178 ], [ 67.6622, 39.5157 ], [ 67.68, 39.4986 ], [ 67.6923, 39.4961 ], [ 67.7006, 39.4969 ], [ 67.7204, 39.5031 ], [ 67.7382, 39.5045 ], [ 67.7413, 39.5071 ] ] } },
{ "type": "Feature", "properties": { "reach_id": "46160700251", "river_group": "Zeravshan", "basin": "Zeravshan (closed basin)", "p_width_m": 242.0, "p_wse_m": 1038.5, "p_length_m": 9545.029, "n_overpasses": 0, "n_good_or_suspect": 0, "has_chart": false }, "geometry": { "type": "LineString", "coordinates": [ [ 67.7413, 39.5071 ], [ 67.7495, 39.5125 ], [ 67.7586, 39.5148 ], [ 67.7712, 39.5126 ], [ 67.7752, 39.5099 ], [ 67.7785, 39.5023 ], [ 67.7865, 39.4965 ], [ 67.789, 39.4911 ], [ 67.8038, 39.4851 ], [ 67.8108, 39.4789 ], [ 67.8161, 39.4777 ], [ 67.8192, 39.4788 ], [ 67.8224, 39.4747 ] ] } },
{ "type": "Feature", "properties": { "reach_id": "46160700261", "river_group": "Zeravshan", "basin": "Zeravshan (closed basin)", "p_width_m": 267.0, "p_wse_m": 1101.475, "p_length_m": 19702.863, "n_overpasses": 57, "n_good_or_suspect": 32, "has_chart": true }, "geometry": { "type": "LineString", "coordinates": [ [ 67.8224, 39.4747 ], [ 67.8252, 39.4733 ], [ 67.8356, 39.4772 ], [ 67.8475, 39.4784 ], [ 67.8633, 39.472 ], [ 67.8727, 39.4704 ], [ 67.879, 39.4721 ], [ 67.8871, 39.468 ], [ 67.8882, 39.4615 ], [ 67.8983, 39.4594 ], [ 67.9043, 39.4605 ], [ 67.9232, 39.4729 ], [ 67.9271, 39.4738 ], [ 67.9529, 39.4707 ], [ 67.9641, 39.4679 ], [ 67.9714, 39.4704 ], [ 67.9798, 39.4689 ], [ 67.9874, 39.4714 ], [ 67.9955, 39.4709 ], [ 67.9989, 39.4726 ], [ 68.0157, 39.4742 ], [ 68.0223, 39.4705 ] ] } },
{ "type": "Feature", "properties": { "reach_id": "46160700271", "river_group": "Zeravshan", "basin": "Zeravshan (closed basin)", "p_width_m": 84.0, "p_wse_m": 1158.8, "p_length_m": 16712.684, "n_overpasses": 57, "n_good_or_suspect": 14, "has_chart": true }, "geometry": { "type": "LineString", "coordinates": [ [ 68.0223, 39.4705 ], [ 68.0314, 39.4724 ], [ 68.0393, 39.4672 ], [ 68.0402, 39.4613 ], [ 68.0469, 39.4567 ], [ 68.0564, 39.4533 ], [ 68.0774, 39.4506 ], [ 68.0823, 39.4453 ], [ 68.0928, 39.4412 ], [ 68.0977, 39.4425 ], [ 68.1101, 39.4402 ], [ 68.1079, 39.4488 ], [ 68.1118, 39.4545 ], [ 68.1171, 39.4532 ], [ 68.1244, 39.4564 ], [ 68.1334, 39.4569 ], [ 68.1443, 39.453 ], [ 68.1457, 39.4494 ], [ 68.1492, 39.4516 ], [ 68.1555, 39.4503 ], [ 68.1666, 39.4526 ] ] } },
{ "type": "Feature", "properties": { "reach_id": "46160700281", "river_group": "Zeravshan", "basin": "Zeravshan (closed basin)", "p_width_m": 84.0, "p_wse_m": 1216.6, "p_length_m": 18375.918, "n_overpasses": 78, "n_good_or_suspect": 16, "has_chart": true }, "geometry": { "type": "LineString", "coordinates": [ [ 68.1666, 39.4526 ], [ 68.1701, 39.4526 ], [ 68.1756, 39.4566 ], [ 68.1829, 39.4569 ], [ 68.2008, 39.4494 ], [ 68.206, 39.4487 ], [ 68.2082, 39.4448 ], [ 68.2148, 39.4446 ], [ 68.218, 39.4415 ], [ 68.2243, 39.4407 ], [ 68.2396, 39.4445 ], [ 68.2588, 39.4364 ], [ 68.2675, 39.4404 ], [ 68.2734, 39.4406 ], [ 68.2801, 39.4373 ], [ 68.2894, 39.4409 ], [ 68.2934, 39.4385 ], [ 68.2951, 39.4351 ], [ 68.3037, 39.4405 ], [ 68.3313, 39.4392 ], [ 68.348, 39.4474 ] ] } },
{ "type": "Feature", "properties": { "reach_id": "46160700291", "river_group": "Zeravshan", "basin": "Zeravshan (closed basin)", "p_width_m": 63.0, "p_wse_m": 1303.8, "p_length_m": 19264.105, "n_overpasses": 0, "n_good_or_suspect": 0, "has_chart": false }, "geometry": { "type": "LineString", "coordinates": [ [ 68.348, 39.4474 ], [ 68.35, 39.449 ], [ 68.3549, 39.4475 ], [ 68.3587, 39.4503 ], [ 68.3654, 39.4506 ], [ 68.3698, 39.4554 ], [ 68.3726, 39.4562 ], [ 68.3801, 39.4525 ], [ 68.379, 39.4487 ], [ 68.3802, 39.4465 ], [ 68.3853, 39.4458 ], [ 68.3929, 39.4484 ], [ 68.3964, 39.4529 ], [ 68.4086, 39.4534 ], [ 68.4127, 39.4564 ], [ 68.4225, 39.4502 ], [ 68.4259, 39.4516 ], [ 68.4263, 39.4552 ], [ 68.4379, 39.4539 ], [ 68.4378, 39.449 ], [ 68.4411, 39.4463 ], [ 68.438, 39.4441 ], [ 68.4384, 39.4422 ], [ 68.4481, 39.4341 ], [ 68.4506, 39.4337 ], [ 68.454, 39.4369 ], [ 68.4565, 39.4366 ], [ 68.4554, 39.4334 ], [ 68.4566, 39.4317 ], [ 68.4658, 39.4353 ], [ 68.467, 39.4394 ], [ 68.4718, 39.4416 ], [ 68.4733, 39.4446 ], [ 68.4794, 39.4492 ], [ 68.4821, 39.4487 ], [ 68.4851, 39.443 ], [ 68.4828, 39.4406 ] ] } },
{ "type": "Feature", "properties": { "reach_id": "46160700301", "river_group": "Zeravshan", "basin": "Zeravshan (closed basin)", "p_width_m": 80.0, "p_wse_m": 1354.9, "p_length_m": 10479.573, "n_overpasses": 85, "n_good_or_suspect": 49, "has_chart": true }, "geometry": { "type": "LineString", "coordinates": [ [ 68.4828, 39.4406 ], [ 68.4871, 39.4365 ], [ 68.4924, 39.4347 ], [ 68.494, 39.4311 ], [ 68.5015, 39.4247 ], [ 68.5043, 39.4202 ], [ 68.5089, 39.4195 ], [ 68.5127, 39.4167 ], [ 68.5173, 39.4165 ], [ 68.5232, 39.4109 ], [ 68.5302, 39.4109 ], [ 68.5339, 39.4091 ], [ 68.5323, 39.4048 ], [ 68.5334, 39.3962 ], [ 68.5319, 39.394 ], [ 68.5351, 39.3916 ], [ 68.5351, 39.387 ], [ 68.5422, 39.387 ], [ 68.545, 39.3832 ], [ 68.5495, 39.3827 ] ] } },
{ "type": "Feature", "properties": { "reach_id": "46160800011", "river_group": "Yaghnob River", "basin": "Aral Sea drainage (unclassified tributary)", "p_width_m": 63.0, "p_wse_m": 1495.15, "p_length_m": 19748.445, "n_overpasses": 28, "n_good_or_suspect": 15, "has_chart": true }, "geometry": { "type": "LineString", "coordinates": [ [ 68.5495, 39.3827 ], [ 68.5514, 39.3781 ], [ 68.5628, 39.376 ], [ 68.5648, 39.3722 ], [ 68.5553, 39.36 ], [ 68.5578, 39.3565 ], [ 68.5534, 39.3495 ], [ 68.5543, 39.3446 ], [ 68.5521, 39.3379 ], [ 68.5537, 39.3343 ], [ 68.5472, 39.3295 ], [ 68.5462, 39.3189 ], [ 68.5399, 39.3172 ], [ 68.5327, 39.3105 ], [ 68.5344, 39.3062 ], [ 68.5328, 39.3021 ], [ 68.5416, 39.2932 ], [ 68.5411, 39.2862 ], [ 68.5435, 39.2792 ], [ 68.5465, 39.2757 ], [ 68.5412, 39.2681 ], [ 68.5406, 39.2624 ], [ 68.5439, 39.2589 ], [ 68.5436, 39.2559 ], [ 68.5458, 39.2532 ], [ 68.5438, 39.2489 ], [ 68.5453, 39.2459 ], [ 68.5448, 39.2405 ], [ 68.5408, 39.2354 ] ] } },
{ "type": "Feature", "properties": { "reach_id": "46160800021", "river_group": "Yaghnob River", "basin": "Aral Sea drainage (unclassified tributary)", "p_width_m": 42.0, "p_wse_m": 1699.95, "p_length_m": 19728.51, "n_overpasses": 28, "n_good_or_suspect": 25, "has_chart": true }, "geometry": { "type": "LineString", "coordinates": [ [ 68.5408, 39.2354 ], [ 68.5326, 39.2286 ], [ 68.5285, 39.2226 ], [ 68.5317, 39.218 ], [ 68.5319, 39.2069 ], [ 68.5364, 39.1951 ], [ 68.5362, 39.1918 ], [ 68.5407, 39.1862 ], [ 68.547, 39.188 ], [ 68.5605, 39.1851 ], [ 68.5727, 39.1876 ], [ 68.5841, 39.1858 ], [ 68.6004, 39.1955 ], [ 68.6188, 39.201 ], [ 68.6386, 39.2004 ], [ 68.6411, 39.1979 ], [ 68.647, 39.1971 ], [ 68.655, 39.1922 ], [ 68.6831, 39.191 ] ] } },
{ "type": "Feature", "properties": { "reach_id": "46160800031", "river_group": "Yaghnob River", "basin": "Aral Sea drainage (unclassified tributary)", "p_width_m": 42.0, "p_wse_m": 2050.0, "p_length_m": 15777.644, "n_overpasses": 53, "n_good_or_suspect": 26, "has_chart": true }, "geometry": { "type": "LineString", "coordinates": [ [ 68.6831, 39.191 ], [ 68.6928, 39.1929 ], [ 68.7061, 39.1872 ], [ 68.712, 39.1882 ], [ 68.7132, 39.1868 ], [ 68.7116, 39.1845 ], [ 68.7155, 39.1802 ], [ 68.7189, 39.1804 ], [ 68.7214, 39.1838 ], [ 68.7359, 39.1874 ], [ 68.7391, 39.1904 ], [ 68.7578, 39.1894 ], [ 68.7637, 39.1844 ], [ 68.7794, 39.1791 ], [ 68.7992, 39.1659 ], [ 68.8027, 39.1658 ], [ 68.811, 39.1606 ], [ 68.8194, 39.1583 ], [ 68.8315, 39.1581 ] ] } },
{ "type": "Feature", "properties": { "reach_id": "46160800041", "river_group": "Yaghnob River", "basin": "Aral Sea drainage (unclassified tributary)", "p_width_m": 42.0, "p_wse_m": 2185.1, "p_length_m": 18244.666, "n_overpasses": 56, "n_good_or_suspect": 9, "has_chart": true }, "geometry": { "type": "LineString", "coordinates": [ [ 68.8315, 39.1581 ], [ 68.8392, 39.1587 ], [ 68.8468, 39.163 ], [ 68.8562, 39.1646 ], [ 68.867, 39.1723 ], [ 68.8826, 39.1748 ], [ 68.8902, 39.1786 ], [ 68.8989, 39.1806 ], [ 68.9057, 39.1867 ], [ 68.9072, 39.2019 ], [ 68.9106, 39.2087 ], [ 68.9186, 39.2162 ], [ 68.9297, 39.2173 ], [ 68.937, 39.2203 ], [ 68.9485, 39.22 ], [ 68.9537, 39.2235 ], [ 68.9628, 39.2226 ], [ 68.9673, 39.2198 ], [ 68.9739, 39.2217 ], [ 68.985, 39.2219 ], [ 68.993, 39.2197 ] ] } },
{ "type": "Feature", "properties": { "reach_id": "46160800061", "river_group": "Yaghnob River", "basin": "Aral Sea drainage (unclassified tributary)", "p_width_m": 42.0, "p_wse_m": 2401.7998, "p_length_m": 14119.829, "n_overpasses": 0, "n_good_or_suspect": 0, "has_chart": false }, "geometry": { "type": "LineString", "coordinates": [ [ 68.993, 39.2197 ], [ 68.9958, 39.2184 ], [ 69.0041, 39.2186 ], [ 69.0107, 39.2161 ], [ 69.0187, 39.2179 ], [ 69.0257, 39.2148 ], [ 69.0302, 39.2165 ], [ 69.0403, 39.2153 ], [ 69.0486, 39.2085 ], [ 69.0646, 39.2036 ], [ 69.0722, 39.1982 ], [ 69.0858, 39.195 ], [ 69.0906, 39.1969 ], [ 69.1052, 39.1983 ], [ 69.1115, 39.1959 ], [ 69.1149, 39.192 ], [ 69.1278, 39.1876 ], [ 69.134, 39.1921 ] ] } },
{ "type": "Feature", "properties": { "reach_id": "46160800076", "river_group": "Yaghnob River", "basin": "Aral Sea drainage (unclassified tributary)", "p_width_m": 42.0, "p_wse_m": 2459.3, "p_length_m": 208.81915, "n_overpasses": 0, "n_good_or_suspect": 0, "has_chart": false }, "geometry": { "type": "LineString", "coordinates": [ [ 69.134, 39.1921 ], [ 69.1361, 39.1929 ] ] } },
{ "type": "Feature", "properties": { "reach_id": "46160900011", "river_group": "Zeravshan", "basin": "Zeravshan (closed basin)", "p_width_m": 80.0, "p_wse_m": 1435.9, "p_length_m": 13005.932, "n_overpasses": 73, "n_good_or_suspect": 30, "has_chart": true }, "geometry": { "type": "LineString", "coordinates": [ [ 68.5495, 39.3827 ], [ 68.5659, 39.3849 ], [ 68.5739, 39.389 ], [ 68.5795, 39.3876 ], [ 68.5892, 39.3887 ], [ 68.5958, 39.3867 ], [ 68.5986, 39.3885 ], [ 68.6025, 39.3862 ], [ 68.6133, 39.3861 ], [ 68.6203, 39.3822 ], [ 68.6283, 39.3831 ], [ 68.637, 39.3817 ], [ 68.6453, 39.3854 ], [ 68.6558, 39.3834 ], [ 68.6603, 39.3849 ], [ 68.6666, 39.3831 ], [ 68.6715, 39.3844 ], [ 68.678, 39.389 ], [ 68.6843, 39.3874 ] ] } },
{ "type": "Feature", "properties": { "reach_id": "46160900021", "river_group": "Zeravshan", "basin": "Zeravshan (closed basin)", "p_width_m": 67.0, "p_wse_m": 1515.6, "p_length_m": 16137.312, "n_overpasses": 84, "n_good_or_suspect": 36, "has_chart": true }, "geometry": { "type": "LineString", "coordinates": [ [ 68.6843, 39.3874 ], [ 68.6878, 39.3887 ], [ 68.692, 39.386 ], [ 68.7004, 39.3856 ], [ 68.7098, 39.3868 ], [ 68.714, 39.3811 ], [ 68.7241, 39.3812 ], [ 68.7276, 39.3772 ], [ 68.7314, 39.3786 ], [ 68.7338, 39.3758 ], [ 68.7429, 39.3723 ], [ 68.7457, 39.374 ], [ 68.7575, 39.3743 ], [ 68.7593, 39.3768 ], [ 68.7592, 39.3802 ], [ 68.7669, 39.3796 ], [ 68.7708, 39.3777 ], [ 68.7767, 39.3821 ], [ 68.7856, 39.3812 ], [ 68.7868, 39.378 ], [ 68.7925, 39.3761 ], [ 68.7962, 39.3698 ], [ 68.8129, 39.3637 ], [ 68.8213, 39.3647 ], [ 68.8238, 39.3679 ], [ 68.8296, 39.3694 ] ] } },
{ "type": "Feature", "properties": { "reach_id": "46160900031", "river_group": "Zeravshan", "basin": "Zeravshan (closed basin)", "p_width_m": 68.0, "p_wse_m": 1594.7001, "p_length_m": 10132.505, "n_overpasses": 56, "n_good_or_suspect": 45, "has_chart": true }, "geometry": { "type": "LineString", "coordinates": [ [ 68.8296, 39.3694 ], [ 68.8294, 39.3717 ], [ 68.841, 39.377 ], [ 68.8403, 39.3808 ], [ 68.8442, 39.3835 ], [ 68.8449, 39.3865 ], [ 68.8498, 39.3914 ], [ 68.8672, 39.3968 ], [ 68.8721, 39.3969 ], [ 68.8752, 39.3989 ], [ 68.8787, 39.3966 ], [ 68.8916, 39.3954 ], [ 68.9011, 39.4006 ], [ 68.9052, 39.4061 ], [ 68.9149, 39.4062 ] ] } },
{ "type": "Feature", "properties": { "reach_id": "46160900041", "river_group": "Zeravshan", "basin": "Zeravshan (closed basin)", "p_width_m": 75.0, "p_wse_m": 1658.1, "p_length_m": 10082.773, "n_overpasses": 55, "n_good_or_suspect": 31, "has_chart": true }, "geometry": { "type": "LineString", "coordinates": [ [ 68.9149, 39.4062 ], [ 68.9292, 39.4103 ], [ 68.9323, 39.4033 ], [ 68.9452, 39.4053 ], [ 68.9505, 39.4024 ], [ 68.9536, 39.4029 ], [ 68.963, 39.3996 ], [ 68.9724, 39.3987 ], [ 68.9794, 39.4029 ], [ 68.987, 39.4024 ], [ 68.9909, 39.3997 ], [ 68.9951, 39.3994 ], [ 68.9979, 39.3965 ], [ 69.0041, 39.3996 ], [ 69.0107, 39.3989 ] ] } },
{ "type": "Feature", "properties": { "reach_id": "46160900054", "river_group": "Zeravshan", "basin": "Zeravshan (closed basin)", "p_width_m": 72.0, "p_wse_m": 1694.3501, "p_length_m": 411.91217, "n_overpasses": 0, "n_good_or_suspect": 0, "has_chart": false }, "geometry": { "type": "LineString", "coordinates": [ [ 69.0107, 39.3989 ], [ 69.0153, 39.4005 ] ] } },
{ "type": "Feature", "properties": { "reach_id": "46160900061", "river_group": "Zeravshan", "basin": "Zeravshan (closed basin)", "p_width_m": 75.0, "p_wse_m": 1748.5, "p_length_m": 14575.394, "n_overpasses": 56, "n_good_or_suspect": 11, "has_chart": true }, "geometry": { "type": "LineString", "coordinates": [ [ 69.0153, 39.4005 ], [ 69.0202, 39.4038 ], [ 69.0327, 39.4047 ], [ 69.0526, 39.3988 ], [ 69.0616, 39.4016 ], [ 69.0644, 39.3992 ], [ 69.0672, 39.3991 ], [ 69.0728, 39.4063 ], [ 69.077, 39.4023 ], [ 69.0843, 39.402 ], [ 69.0961, 39.4058 ], [ 69.0996, 39.409 ], [ 69.1024, 39.4079 ], [ 69.1146, 39.4089 ], [ 69.117, 39.4077 ], [ 69.1247, 39.409 ], [ 69.1261, 39.4103 ], [ 69.1257, 39.4133 ], [ 69.1298, 39.4136 ], [ 69.131, 39.4161 ], [ 69.1407, 39.4169 ], [ 69.1495, 39.4197 ], [ 69.1519, 39.4189 ] ] } },
{ "type": "Feature", "properties": { "reach_id": "46160900071", "river_group": "Zeravshan", "basin": "Zeravshan (closed basin)", "p_width_m": 67.0, "p_wse_m": 1829.8, "p_length_m": 11382.946, "n_overpasses": 50, "n_good_or_suspect": 2, "has_chart": false }, "geometry": { "type": "LineString", "coordinates": [ [ 69.1519, 39.4189 ], [ 69.1568, 39.417 ], [ 69.1617, 39.4182 ], [ 69.1735, 39.4165 ], [ 69.1784, 39.418 ], [ 69.1839, 39.4147 ], [ 69.1951, 39.4121 ], [ 69.2073, 39.4157 ], [ 69.2261, 39.4139 ], [ 69.2334, 39.416 ], [ 69.2338, 39.4138 ], [ 69.2369, 39.4132 ], [ 69.2428, 39.4151 ], [ 69.2564, 39.4159 ], [ 69.2721, 39.4138 ] ] } },
{ "type": "Feature", "properties": { "reach_id": "46160900081", "river_group": "Zeravshan", "basin": "Zeravshan (closed basin)", "p_width_m": 67.0, "p_wse_m": 1903.5, "p_length_m": 9973.956, "n_overpasses": 53, "n_good_or_suspect": 3, "has_chart": false }, "geometry": { "type": "LineString", "coordinates": [ [ 69.2721, 39.4138 ], [ 69.2794, 39.4128 ], [ 69.2826, 39.4144 ], [ 69.2865, 39.4097 ], [ 69.2913, 39.4094 ], [ 69.2947, 39.4071 ], [ 69.2996, 39.4094 ], [ 69.308, 39.4096 ], [ 69.3216, 39.4065 ], [ 69.3327, 39.4097 ], [ 69.3449, 39.4072 ], [ 69.3547, 39.4118 ], [ 69.3599, 39.4109 ], [ 69.3753, 39.4131 ] ] } },
{ "type": "Feature", "properties": { "reach_id": "46160900091", "river_group": "Zeravshan", "basin": "Zeravshan (closed basin)", "p_width_m": 84.0, "p_wse_m": 1951.4, "p_length_m": 10021.897, "n_overpasses": 48, "n_good_or_suspect": 31, "has_chart": true }, "geometry": { "type": "LineString", "coordinates": [ [ 69.3753, 39.4131 ], [ 69.3861, 39.4137 ], [ 69.3958, 39.4082 ], [ 69.4045, 39.4101 ], [ 69.4083, 39.4083 ], [ 69.416, 39.4085 ], [ 69.4196, 39.4109 ], [ 69.422, 39.4162 ], [ 69.4276, 39.4199 ], [ 69.4474, 39.4199 ], [ 69.4607, 39.4264 ], [ 69.475, 39.4272 ] ] } },
{ "type": "Feature", "properties": { "reach_id": "46160900101", "river_group": "Zeravshan", "basin": "Zeravshan (closed basin)", "p_width_m": 121.0, "p_wse_m": 2053.5251, "p_length_m": 17508.799, "n_overpasses": 55, "n_good_or_suspect": 35, "has_chart": true }, "geometry": { "type": "LineString", "coordinates": [ [ 69.475, 39.4272 ], [ 69.4789, 39.4274 ], [ 69.4855, 39.4316 ], [ 69.4932, 39.4326 ], [ 69.5214, 39.4315 ], [ 69.5347, 39.4349 ], [ 69.5399, 39.4336 ], [ 69.5455, 39.4389 ], [ 69.5528, 39.4392 ], [ 69.5574, 39.4413 ], [ 69.5626, 39.4395 ], [ 69.5682, 39.4408 ], [ 69.5787, 39.4398 ], [ 69.5909, 39.4429 ], [ 69.6201, 39.436 ], [ 69.6299, 39.4406 ], [ 69.6365, 39.4393 ], [ 69.648, 39.4418 ], [ 69.663, 39.4415 ] ] } },
{ "type": "Feature", "properties": { "reach_id": "46160900111", "river_group": "Zeravshan", "basin": "Zeravshan (closed basin)", "p_width_m": 184.0, "p_wse_m": 2163.3, "p_length_m": 12513.499, "n_overpasses": 55, "n_good_or_suspect": 28, "has_chart": true }, "geometry": { "type": "LineString", "coordinates": [ [ 69.663, 39.4415 ], [ 69.6721, 39.4407 ], [ 69.692, 39.4475 ], [ 69.706, 39.4492 ], [ 69.7102, 39.4525 ], [ 69.714, 39.4516 ], [ 69.7207, 39.454 ], [ 69.7249, 39.453 ], [ 69.7329, 39.4568 ], [ 69.7441, 39.4588 ], [ 69.7995, 39.4559 ] ] } },
{ "type": "Feature", "properties": { "reach_id": "46160900121", "river_group": "Zeravshan", "basin": "Zeravshan (closed basin)", "p_width_m": 235.5, "p_wse_m": 2281.1748, "p_length_m": 18362.031, "n_overpasses": 76, "n_good_or_suspect": 48, "has_chart": true }, "geometry": { "type": "LineString", "coordinates": [ [ 69.7995, 39.4559 ], [ 69.804, 39.4562 ], [ 69.8103, 39.4541 ], [ 69.8211, 39.4554 ], [ 69.8312, 39.4495 ], [ 69.851, 39.4456 ], [ 69.8621, 39.4406 ], [ 69.8778, 39.4441 ], [ 69.8862, 39.442 ], [ 69.8921, 39.4426 ], [ 69.9182, 39.4369 ], [ 69.9324, 39.4296 ], [ 69.9563, 39.4237 ], [ 69.9738, 39.4263 ], [ 69.9924, 39.4371 ] ] } },
{ "type": "Feature", "properties": { "reach_id": "46160900131", "river_group": "Zeravshan", "basin": "Zeravshan (closed basin)", "p_width_m": 94.0, "p_wse_m": 2394.4001, "p_length_m": 9829.954, "n_overpasses": 55, "n_good_or_suspect": 35, "has_chart": true }, "geometry": { "type": "LineString", "coordinates": [ [ 69.9924, 39.4371 ], [ 69.9987, 39.4376 ], [ 70.0029, 39.4419 ], [ 70.0075, 39.4434 ], [ 70.0211, 39.4432 ], [ 70.0534, 39.4576 ], [ 70.0597, 39.4588 ], [ 70.0638, 39.4571 ], [ 70.0702, 39.4596 ], [ 70.0778, 39.4573 ], [ 70.0841, 39.4613 ], [ 70.0921, 39.4614 ] ] } },
{ "type": "Feature", "properties": { "reach_id": "46160900146", "river_group": "Zeravshan", "basin": "Zeravshan (closed basin)", "p_width_m": 39.0, "p_wse_m": 2435.45, "p_length_m": 213.62695, "n_overpasses": 0, "n_good_or_suspect": 0, "has_chart": false }, "geometry": { "type": "LineString", "coordinates": [ [ 70.0921, 39.4614 ], [ 70.0946, 39.4617 ] ] } },
{ "type": "Feature", "properties": { "reach_id": "46171000011", "river_group": "Amu Darya", "basin": "Amu Darya", "p_width_m": 656.0, "p_wse_m": 189.2, "p_length_m": 14377.789, "n_overpasses": 0, "n_good_or_suspect": 0, "has_chart": false }, "geometry": { "type": "LineString", "coordinates": [ [ 63.591, 39.1299 ], [ 63.61, 39.118 ], [ 63.6314, 39.1075 ], [ 63.6387, 39.1046 ], [ 63.6578, 39.1022 ], [ 63.6685, 39.0958 ], [ 63.6865, 39.0783 ], [ 63.6921, 39.069 ], [ 63.7045, 39.0591 ], [ 63.7191, 39.0601 ] ] } },
{ "type": "Feature", "properties": { "reach_id": "46171000021", "river_group": "Amu Darya", "basin": "Amu Darya", "p_width_m": 590.0, "p_wse_m": 194.0, "p_length_m": 18745.174, "n_overpasses": 0, "n_good_or_suspect": 0, "has_chart": false }, "geometry": { "type": "LineString", "coordinates": [ [ 63.7191, 39.0601 ], [ 63.727, 39.0561 ], [ 63.7418, 39.0439 ], [ 63.7584, 39.0371 ], [ 63.769, 39.0302 ], [ 63.7821, 39.0095 ], [ 63.7915, 39.0022 ], [ 63.7956, 38.9916 ], [ 63.8181, 38.9846 ], [ 63.8458, 38.9837 ], [ 63.8586, 38.9811 ], [ 63.8689, 38.9743 ], [ 63.8767, 38.9637 ] ] } },
{ "type": "Feature", "properties": { "reach_id": "46171000031", "river_group": "Amu Darya", "basin": "Amu Darya", "p_width_m": 653.5, "p_wse_m": 194.2, "p_length_m": 11129.14, "n_overpasses": 79, "n_good_or_suspect": 44, "has_chart": true }, "geometry": { "type": "LineString", "coordinates": [ [ 63.8767, 38.9637 ], [ 63.8834, 38.9455 ], [ 63.8942, 38.9357 ], [ 63.8958, 38.9257 ], [ 63.9014, 38.9132 ], [ 63.9104, 38.904 ], [ 63.9128, 38.8988 ], [ 63.9304, 38.8841 ], [ 63.9348, 38.8776 ] ] } },
{ "type": "Feature", "properties": { "reach_id": "46171000041", "river_group": "Amu Darya", "basin": "Amu Darya", "p_width_m": 624.0, "p_wse_m": 194.8, "p_length_m": 11133.028, "n_overpasses": 0, "n_good_or_suspect": 0, "has_chart": false }, "geometry": { "type": "LineString", "coordinates": [ [ 63.9348, 38.8776 ], [ 63.939, 38.871 ], [ 63.9494, 38.8618 ], [ 63.9657, 38.8341 ], [ 63.9635, 38.8303 ], [ 63.9535, 38.8258 ], [ 63.952, 38.8158 ], [ 63.9616, 38.8117 ], [ 63.9687, 38.8059 ], [ 63.9784, 38.8009 ] ] } },
{ "type": "Feature", "properties": { "reach_id": "46171000051", "river_group": "Amu Darya", "basin": "Amu Darya", "p_width_m": 613.5, "p_wse_m": 198.7, "p_length_m": 11150.545, "n_overpasses": 0, "n_good_or_suspect": 0, "has_chart": false }, "geometry": { "type": "LineString", "coordinates": [ [ 63.9784, 38.8009 ], [ 63.9894, 38.7974 ], [ 64.0003, 38.7897 ], [ 64.0016, 38.7824 ], [ 64.0002, 38.7748 ], [ 63.9965, 38.7662 ], [ 63.99, 38.7568 ], [ 63.9894, 38.7479 ], [ 63.9967, 38.7321 ], [ 64.0063, 38.7249 ], [ 64.0159, 38.7218 ] ] } },
{ "type": "Feature", "properties": { "reach_id": "46173000011", "river_group": "Amu Darya", "basin": "Amu Darya", "p_width_m": 550.0, "p_wse_m": 200.3, "p_length_m": 11001.0205, "n_overpasses": 0, "n_good_or_suspect": 0, "has_chart": false }, "geometry": { "type": "LineString", "coordinates": [ [ 64.0159, 38.7218 ], [ 64.0444, 38.7078 ], [ 64.0563, 38.7 ], [ 64.0594, 38.6919 ], [ 64.0643, 38.6856 ], [ 64.0631, 38.671 ], [ 64.0685, 38.6588 ], [ 64.0742, 38.6514 ], [ 64.0831, 38.6478 ] ] } },
{ "type": "Feature", "properties": { "reach_id": "46173000021", "river_group": "Amu Darya", "basin": "Amu Darya", "p_width_m": 492.0, "p_wse_m": 201.40001, "p_length_m": 10986.8955, "n_overpasses": 0, "n_good_or_suspect": 0, "has_chart": false }, "geometry": { "type": "LineString", "coordinates": [ [ 64.0831, 38.6478 ], [ 64.1034, 38.6406 ], [ 64.1137, 38.633 ], [ 64.1141, 38.5981 ], [ 64.1122, 38.5843 ], [ 64.1152, 38.5708 ], [ 64.1218, 38.5654 ] ] } },
{ "type": "Feature", "properties": { "reach_id": "46173000031", "river_group": "Amu Darya", "basin": "Amu Darya", "p_width_m": 721.0, "p_wse_m": 202.40001, "p_length_m": 10971.222, "n_overpasses": 0, "n_good_or_suspect": 0, "has_chart": false }, "geometry": { "type": "LineString", "coordinates": [ [ 64.1218, 38.5654 ], [ 64.1393, 38.5569 ], [ 64.146, 38.5502 ], [ 64.1476, 38.5421 ], [ 64.1454, 38.5307 ], [ 64.1491, 38.5204 ], [ 64.1496, 38.508 ], [ 64.1635, 38.5023 ], [ 64.1862, 38.4979 ] ] } },
{ "type": "Feature", "properties": { "reach_id": "46173000041", "river_group": "Amu Darya", "basin": "Amu Darya", "p_width_m": 645.0, "p_wse_m": 205.6, "p_length_m": 10708.435, "n_overpasses": 0, "n_good_or_suspect": 0, "has_chart": false }, "geometry": { "type": "LineString", "coordinates": [ [ 64.1862, 38.4979 ], [ 64.2027, 38.4977 ], [ 64.2143, 38.4949 ], [ 64.2408, 38.4925 ], [ 64.2454, 38.4875 ], [ 64.2477, 38.4686 ], [ 64.268, 38.4569 ], [ 64.2769, 38.4548 ] ] } },
{ "type": "Feature", "properties": { "reach_id": "46173000051", "river_group": "Amu Darya", "basin": "Amu Darya", "p_width_m": 629.0, "p_wse_m": 210.6, "p_length_m": 10675.278, "n_overpasses": 0, "n_good_or_suspect": 0, "has_chart": false }, "geometry": { "type": "LineString", "coordinates": [ [ 64.2769, 38.4548 ], [ 64.294, 38.4317 ], [ 64.3039, 38.4269 ], [ 64.3179, 38.423 ], [ 64.3317, 38.4219 ], [ 64.3378, 38.4187 ], [ 64.3426, 38.414 ], [ 64.3503, 38.399 ], [ 64.3579, 38.3919 ] ] } },
{ "type": "Feature", "properties": { "reach_id": "46173000061", "river_group": "Amu Darya", "basin": "Amu Darya", "p_width_m": 657.0, "p_wse_m": 211.7, "p_length_m": 10722.565, "n_overpasses": 0, "n_good_or_suspect": 0, "has_chart": false }, "geometry": { "type": "LineString", "coordinates": [ [ 64.3579, 38.3919 ], [ 64.3643, 38.3873 ], [ 64.3638, 38.3781 ], [ 64.3616, 38.374 ], [ 64.3624, 38.3708 ], [ 64.3597, 38.3616 ], [ 64.361, 38.3546 ], [ 64.3594, 38.3484 ], [ 64.3611, 38.3413 ], [ 64.3755, 38.3241 ], [ 64.3895, 38.3191 ], [ 64.3925, 38.3147 ], [ 64.3976, 38.3124 ] ] } },
{ "type": "Feature", "properties": { "reach_id": "46173000071", "river_group": "Amu Darya", "basin": "Amu Darya", "p_width_m": 776.5, "p_wse_m": 217.90001, "p_length_m": 14980.1045, "n_overpasses": 0, "n_good_or_suspect": 0, "has_chart": false }, "geometry": { "type": "LineString", "coordinates": [ [ 64.3976, 38.3124 ], [ 64.414, 38.311 ], [ 64.4273, 38.3043 ], [ 64.433, 38.2985 ], [ 64.447, 38.2954 ], [ 64.462, 38.2888 ], [ 64.4673, 38.2833 ], [ 64.4788, 38.2756 ], [ 64.4854, 38.2685 ], [ 64.4958, 38.2518 ], [ 64.5008, 38.248 ], [ 64.5062, 38.2403 ], [ 64.5124, 38.2382 ], [ 64.5193, 38.2396 ], [ 64.5251, 38.2383 ] ] } },
{ "type": "Feature", "properties": { "reach_id": "46173000081", "river_group": "Amu Darya", "basin": "Amu Darya", "p_width_m": 766.0, "p_wse_m": 220.0, "p_length_m": 15755.343, "n_overpasses": 0, "n_good_or_suspect": 0, "has_chart": false }, "geometry": { "type": "LineString", "coordinates": [ [ 64.5251, 38.2383 ], [ 64.5458, 38.232 ], [ 64.5667, 38.23 ], [ 64.5976, 38.2177 ], [ 64.6069, 38.2169 ], [ 64.636, 38.2013 ], [ 64.6477, 38.1884 ], [ 64.6615, 38.1798 ], [ 64.6666, 38.1778 ], [ 64.6796, 38.1766 ] ] } },
{ "type": "Feature", "properties": { "reach_id": "46173000091", "river_group": "Amu Darya", "basin": "Amu Darya", "p_width_m": 772.5, "p_wse_m": 220.40001, "p_length_m": 10484.587, "n_overpasses": 0, "n_good_or_suspect": 0, "has_chart": false }, "geometry": { "type": "LineString", "coordinates": [ [ 64.6796, 38.1766 ], [ 64.7035, 38.1725 ], [ 64.7319, 38.174 ], [ 64.7716, 38.1724 ], [ 64.7838, 38.1662 ], [ 64.7944, 38.1637 ] ] } },
{ "type": "Feature", "properties": { "reach_id": "46173000101", "river_group": "Amu Darya", "basin": "Amu Darya", "p_width_m": 996.0, "p_wse_m": 226.0, "p_length_m": 19476.514, "n_overpasses": 0, "n_good_or_suspect": 0, "has_chart": false }, "geometry": { "type": "LineString", "coordinates": [ [ 64.7944, 38.1637 ], [ 64.8107, 38.1583 ], [ 64.8173, 38.1502 ], [ 64.8365, 38.1364 ], [ 64.8559, 38.1343 ], [ 64.8627, 38.1298 ], [ 64.8904, 38.1179 ], [ 64.9038, 38.1173 ], [ 64.9244, 38.122 ], [ 64.9367, 38.1202 ], [ 64.9485, 38.1133 ], [ 64.9557, 38.1023 ], [ 64.9773, 38.0899 ] ] } },
{ "type": "Feature", "properties": { "reach_id": "46173000111", "river_group": "Amu Darya", "basin": "Amu Darya", "p_width_m": 1048.0, "p_wse_m": 231.5, "p_length_m": 11711.908, "n_overpasses": 0, "n_good_or_suspect": 0, "has_chart": false }, "geometry": { "type": "LineString", "coordinates": [ [ 64.9773, 38.0899 ], [ 64.9976, 38.0838 ], [ 65.0009, 38.0772 ], [ 65.0075, 38.0701 ], [ 65.0165, 38.0656 ], [ 65.0218, 38.0528 ], [ 65.0313, 38.0411 ], [ 65.0572, 38.0357 ], [ 65.0597, 38.0297 ], [ 65.0678, 38.0242 ] ] } },
{ "type": "Feature", "properties": { "reach_id": "46173000131", "river_group": "Amu Darya", "basin": "Amu Darya", "p_width_m": 844.0, "p_wse_m": 234.0, "p_length_m": 12258.112, "n_overpasses": 0, "n_good_or_suspect": 0, "has_chart": false }, "geometry": { "type": "LineString", "coordinates": [ [ 65.0678, 38.0242 ], [ 65.0803, 38.0192 ], [ 65.0876, 38.0138 ], [ 65.0981, 38.0101 ], [ 65.1036, 38.006 ], [ 65.1152, 37.9931 ], [ 65.1262, 37.975 ], [ 65.1346, 37.971 ], [ 65.1372, 37.9681 ], [ 65.1422, 37.9588 ], [ 65.1433, 37.9479 ], [ 65.147, 37.9408 ] ] } },
{ "type": "Feature", "properties": { "reach_id": "46173000161", "river_group": "Amu Darya", "basin": "Amu Darya", "p_width_m": 922.5, "p_wse_m": 235.3, "p_length_m": 13866.444, "n_overpasses": 0, "n_good_or_suspect": 0, "has_chart": false }, "geometry": { "type": "LineString", "coordinates": [ [ 65.147, 37.9408 ], [ 65.1513, 37.9364 ], [ 65.1624, 37.9295 ], [ 65.1871, 37.9012 ], [ 65.1899, 37.889 ], [ 65.1894, 37.8833 ], [ 65.1927, 37.874 ], [ 65.2144, 37.8533 ], [ 65.2314, 37.841 ] ] } },
{ "type": "Feature", "properties": { "reach_id": "46173000171", "river_group": "Amu Darya", "basin": "Amu Darya", "p_width_m": 975.0, "p_wse_m": 237.90001, "p_length_m": 18272.945, "n_overpasses": 0, "n_good_or_suspect": 0, "has_chart": false }, "geometry": { "type": "LineString", "coordinates": [ [ 65.2314, 37.841 ], [ 65.2405, 37.8388 ], [ 65.2614, 37.82 ], [ 65.2641, 37.8146 ], [ 65.2681, 37.792 ], [ 65.2759, 37.7819 ], [ 65.2875, 37.7744 ], [ 65.289, 37.7681 ], [ 65.288, 37.7525 ], [ 65.2924, 37.7405 ], [ 65.2921, 37.7194 ], [ 65.2975, 37.7023 ], [ 65.3013, 37.6976 ] ] } },
{ "type": "Feature", "properties": { "reach_id": "46173000181", "river_group": "Amu Darya", "basin": "Amu Darya", "p_width_m": 750.5, "p_wse_m": 243.35, "p_length_m": 18260.63, "n_overpasses": 0, "n_good_or_suspect": 0, "has_chart": false }, "geometry": { "type": "LineString", "coordinates": [ [ 65.3013, 37.6976 ], [ 65.3142, 37.6881 ], [ 65.3314, 37.6834 ], [ 65.3432, 37.6883 ], [ 65.3644, 37.704 ], [ 65.3768, 37.7093 ], [ 65.3966, 37.7092 ], [ 65.4369, 37.6956 ], [ 65.4473, 37.689 ], [ 65.4515, 37.6843 ], [ 65.461, 37.6814 ], [ 65.4666, 37.6768 ], [ 65.4767, 37.6729 ] ] } },
{ "type": "Feature", "properties": { "reach_id": "46173000191", "river_group": "Amu Darya", "basin": "Amu Darya", "p_width_m": 949.5, "p_wse_m": 248.7, "p_length_m": 11521.915, "n_overpasses": 52, "n_good_or_suspect": 25, "has_chart": true }, "geometry": { "type": "LineString", "coordinates": [ [ 65.4767, 37.6729 ], [ 65.4807, 37.6692 ], [ 65.4911, 37.6657 ], [ 65.502, 37.6584 ], [ 65.5094, 37.656 ], [ 65.5661, 37.6529 ], [ 65.586, 37.6483 ], [ 65.5953, 37.6411 ] ] } },
{ "type": "Feature", "properties": { "reach_id": "46173000201", "river_group": "Amu Darya", "basin": "Amu Darya", "p_width_m": 859.5, "p_wse_m": 250.5, "p_length_m": 10314.392, "n_overpasses": 52, "n_good_or_suspect": 9, "has_chart": true }, "geometry": { "type": "LineString", "coordinates": [ [ 65.5953, 37.6411 ], [ 65.5992, 37.637 ], [ 65.6053, 37.6358 ], [ 65.6216, 37.626 ], [ 65.637, 37.6105 ], [ 65.6481, 37.6052 ], [ 65.655, 37.6007 ], [ 65.6589, 37.5954 ], [ 65.666, 37.5923 ], [ 65.6728, 37.5868 ], [ 65.6761, 37.5791 ] ] } },
{ "type": "Feature", "properties": { "reach_id": "46173000211", "river_group": "Amu Darya", "basin": "Amu Darya", "p_width_m": 623.0, "p_wse_m": 250.5, "p_length_m": 4093.073, "n_overpasses": 52, "n_good_or_suspect": 26, "has_chart": true }, "geometry": { "type": "LineString", "coordinates": [ [ 65.6761, 37.5791 ], [ 65.6851, 37.5773 ], [ 65.6943, 37.5782 ], [ 65.7029, 37.5815 ], [ 65.7209, 37.5816 ] ] } },
{ "type": "Feature", "properties": { "reach_id": "46175000011", "river_group": "Amu Darya", "basin": "Amu Darya", "p_width_m": 786.0, "p_wse_m": 251.5, "p_length_m": 1399.524, "n_overpasses": 83, "n_good_or_suspect": 63, "has_chart": true }, "geometry": { "type": "LineString", "coordinates": [ [ 65.7209, 37.5816 ], [ 65.7358, 37.5792 ] ] } },
{ "type": "Feature", "properties": { "reach_id": "46175000021", "river_group": "Amu Darya", "basin": "Amu Darya", "p_width_m": 786.0, "p_wse_m": 251.5, "p_length_m": 3843.6387, "n_overpasses": 73, "n_good_or_suspect": 28, "has_chart": true }, "geometry": { "type": "LineString", "coordinates": [ [ 65.7361, 37.5792 ], [ 65.7508, 37.5812 ], [ 65.7593, 37.5801 ], [ 65.7657, 37.5752 ], [ 65.7714, 37.5674 ] ] } },
{ "type": "Feature", "properties": { "reach_id": "46175000031", "river_group": "Amu Darya", "basin": "Amu Darya", "p_width_m": 1187.0, "p_wse_m": 251.5, "p_length_m": 11103.722, "n_overpasses": 56, "n_good_or_suspect": 5, "has_chart": true }, "geometry": { "type": "LineString", "coordinates": [ [ 65.7714, 37.5674 ], [ 65.7781, 37.547 ], [ 65.7927, 37.5375 ], [ 65.7955, 37.5328 ], [ 65.8061, 37.5253 ], [ 65.8196, 37.506 ], [ 65.8407, 37.4976 ], [ 65.8466, 37.4932 ] ] } },
{ "type": "Feature", "properties": { "reach_id": "46175000041", "river_group": "Amu Darya", "basin": "Amu Darya", "p_width_m": 706.0, "p_wse_m": 256.6, "p_length_m": 16376.507, "n_overpasses": 80, "n_good_or_suspect": 2, "has_chart": false }, "geometry": { "type": "LineString", "coordinates": [ [ 65.8466, 37.4932 ], [ 65.865, 37.484 ], [ 65.8818, 37.4734 ], [ 65.9009, 37.4745 ], [ 65.9115, 37.4675 ], [ 65.9265, 37.4623 ], [ 65.9547, 37.4633 ], [ 65.9591, 37.4602 ], [ 65.9602, 37.4547 ], [ 65.963, 37.4509 ], [ 65.9771, 37.4457 ], [ 65.9939, 37.434 ], [ 66.0005, 37.4316 ] ] } },
{ "type": "Feature", "properties": { "reach_id": "46175000051", "river_group": "Amu Darya", "basin": "Amu Darya", "p_width_m": 469.0, "p_wse_m": 259.1, "p_length_m": 8084.983, "n_overpasses": 0, "n_good_or_suspect": 0, "has_chart": false }, "geometry": { "type": "LineString", "coordinates": [ [ 66.0005, 37.4316 ], [ 66.0112, 37.4313 ], [ 66.0163, 37.4295 ], [ 66.0278, 37.4323 ], [ 66.0393, 37.4317 ], [ 66.0585, 37.4344 ], [ 66.0871, 37.4234 ] ] } },
{ "type": "Feature", "properties": { "reach_id": "46175000061", "river_group": "Amu Darya", "basin": "Amu Darya", "p_width_m": 1300.0, "p_wse_m": 259.4, "p_length_m": 8497.793, "n_overpasses": 0, "n_good_or_suspect": 0, "has_chart": false }, "geometry": { "type": "LineString", "coordinates": [ [ 66.0873, 37.4235 ], [ 66.1188, 37.3853 ], [ 66.1327, 37.3741 ], [ 66.1505, 37.3695 ] ] } },
{ "type": "Feature", "properties": { "reach_id": "46175000071", "river_group": "Amu Darya", "basin": "Amu Darya", "p_width_m": 1340.0, "p_wse_m": 260.6, "p_length_m": 8497.39, "n_overpasses": 0, "n_good_or_suspect": 0, "has_chart": false }, "geometry": { "type": "LineString", "coordinates": [ [ 66.1505, 37.3695 ], [ 66.1567, 37.3669 ], [ 66.1641, 37.3664 ], [ 66.1765, 37.3607 ], [ 66.1975, 37.3626 ], [ 66.2223, 37.3588 ], [ 66.2293, 37.362 ], [ 66.2406, 37.3581 ] ] } },
{ "type": "Feature", "properties": { "reach_id": "46175000081", "river_group": "Amu Darya", "basin": "Amu Darya", "p_width_m": 848.0, "p_wse_m": 261.6, "p_length_m": 8457.954, "n_overpasses": 0, "n_good_or_suspect": 0, "has_chart": false }, "geometry": { "type": "LineString", "coordinates": [ [ 66.2406, 37.3581 ], [ 66.2562, 37.3489 ], [ 66.2629, 37.3421 ], [ 66.2752, 37.34 ], [ 66.2921, 37.3297 ], [ 66.3011, 37.3262 ], [ 66.3115, 37.3183 ], [ 66.3179, 37.3195 ] ] } },
{ "type": "Feature", "properties": { "reach_id": "46175000091", "river_group": "Amu Darya", "basin": "Amu Darya", "p_width_m": 934.5, "p_wse_m": 265.30002, "p_length_m": 11901.543, "n_overpasses": 0, "n_good_or_suspect": 0, "has_chart": false }, "geometry": { "type": "LineString", "coordinates": [ [ 66.3179, 37.3195 ], [ 66.3337, 37.3229 ], [ 66.345, 37.3294 ], [ 66.3677, 37.3281 ], [ 66.3757, 37.3311 ], [ 66.3887, 37.328 ], [ 66.4011, 37.321 ], [ 66.4181, 37.3195 ], [ 66.4342, 37.322 ], [ 66.4431, 37.3199 ] ] } },
{ "type": "Feature", "properties": { "reach_id": "46175000101", "river_group": "Amu Darya", "basin": "Amu Darya", "p_width_m": 929.5, "p_wse_m": 267.1, "p_length_m": 11956.197, "n_overpasses": 0, "n_good_or_suspect": 0, "has_chart": false }, "geometry": { "type": "LineString", "coordinates": [ [ 66.4431, 37.3199 ], [ 66.4489, 37.3195 ], [ 66.4683, 37.3268 ], [ 66.4966, 37.3311 ], [ 66.5026, 37.3336 ], [ 66.5104, 37.3334 ], [ 66.522, 37.3388 ], [ 66.5419, 37.3438 ], [ 66.5558, 37.3528 ], [ 66.5662, 37.3554 ] ] } },
{ "type": "Feature", "properties": { "reach_id": "46175000111", "river_group": "Amu Darya", "basin": "Amu Darya", "p_width_m": 1147.0, "p_wse_m": 270.0, "p_length_m": 17666.646, "n_overpasses": 0, "n_good_or_suspect": 0, "has_chart": false }, "geometry": { "type": "LineString", "coordinates": [ [ 66.5662, 37.3554 ], [ 66.5905, 37.3565 ], [ 66.597, 37.3551 ], [ 66.6181, 37.3432 ], [ 66.6429, 37.3402 ], [ 66.655, 37.3418 ], [ 66.6706, 37.3404 ], [ 66.6985, 37.3487 ], [ 66.7295, 37.355 ], [ 66.7394, 37.361 ], [ 66.7533, 37.3604 ] ] } },
{ "type": "Feature", "properties": { "reach_id": "46175000231", "river_group": "Amu Darya", "basin": "Amu Darya", "p_width_m": 10.125, "p_wse_m": 256.9, "p_length_m": 9543.298, "n_overpasses": 83, "n_good_or_suspect": 54, "has_chart": true }, "geometry": { "type": "LineString", "coordinates": [ [ 65.7714, 37.5674 ], [ 65.7764, 37.5711 ], [ 65.7828, 37.5615 ], [ 65.7865, 37.5589 ], [ 65.8094, 37.5551 ], [ 65.8224, 37.5359 ], [ 65.825, 37.5275 ], [ 65.825, 37.5172 ], [ 65.8264, 37.5185 ], [ 65.8301, 37.5165 ] ] } },
{ "type": "Feature", "properties": { "reach_id": "46175000241", "river_group": "Amu Darya", "basin": "Amu Darya", "p_width_m": 42.0, "p_wse_m": 258.45, "p_length_m": 9517.957, "n_overpasses": 82, "n_good_or_suspect": 36, "has_chart": true }, "geometry": { "type": "LineString", "coordinates": [ [ 65.8301, 37.5165 ], [ 65.837, 37.5124 ], [ 65.8494, 37.5131 ], [ 65.8614, 37.5066 ], [ 65.8832, 37.4987 ], [ 65.8874, 37.4955 ], [ 65.8903, 37.4894 ], [ 65.9009, 37.4846 ], [ 65.921, 37.486 ] ] } },
{ "type": "Feature", "properties": { "reach_id": "46175000251", "river_group": "Amu Darya", "basin": "Amu Darya", "p_width_m": 42.0, "p_wse_m": 261.30002, "p_length_m": 9519.396, "n_overpasses": 0, "n_good_or_suspect": 0, "has_chart": false }, "geometry": { "type": "LineString", "coordinates": [ [ 65.921, 37.486 ], [ 65.9412, 37.4906 ], [ 65.9453, 37.4903 ], [ 65.9482, 37.4871 ], [ 65.9526, 37.486 ], [ 65.9681, 37.4851 ], [ 65.976, 37.488 ], [ 65.9834, 37.4862 ], [ 65.9908, 37.4748 ], [ 65.9973, 37.4703 ], [ 65.9949, 37.4652 ], [ 66.0001, 37.4625 ] ] } },
{ "type": "Feature", "properties": { "reach_id": "46175000261", "river_group": "Amu Darya", "basin": "Amu Darya", "p_width_m": 94.0, "p_wse_m": 261.4, "p_length_m": 12173.495, "n_overpasses": 0, "n_good_or_suspect": 0, "has_chart": false }, "geometry": { "type": "LineString", "coordinates": [ [ 66.0001, 37.4625 ], [ 66.0002, 37.454 ], [ 66.0036, 37.4514 ], [ 66.0104, 37.4503 ], [ 66.0421, 37.4545 ], [ 66.0597, 37.4611 ], [ 66.0664, 37.4591 ], [ 66.0736, 37.4494 ], [ 66.0872, 37.4383 ], [ 66.0904, 37.4298 ], [ 66.0873, 37.4235 ] ] } },
{ "type": "Feature", "properties": { "reach_id": "46177100011", "river_group": "Amu Darya", "basin": "Amu Darya", "p_width_m": 1114.0, "p_wse_m": 274.4, "p_length_m": 15393.868, "n_overpasses": 0, "n_good_or_suspect": 0, "has_chart": false }, "geometry": { "type": "LineString", "coordinates": [ [ 66.7533, 37.3604 ], [ 66.7784, 37.3605 ], [ 66.8095, 37.3502 ], [ 66.8201, 37.3486 ], [ 66.8403, 37.3501 ], [ 66.848, 37.3534 ], [ 66.8606, 37.3629 ], [ 66.888, 37.3673 ], [ 66.8987, 37.3708 ], [ 66.9131, 37.3784 ] ] } },
{ "type": "Feature", "properties": { "reach_id": "46177300011", "river_group": "Amu Darya", "basin": "Amu Darya", "p_width_m": 1124.0, "p_wse_m": 280.4, "p_length_m": 18085.832, "n_overpasses": 0, "n_good_or_suspect": 0, "has_chart": false }, "geometry": { "type": "LineString", "coordinates": [ [ 66.9131, 37.3784 ], [ 66.9217, 37.3833 ], [ 66.9362, 37.3876 ], [ 66.9423, 37.3878 ], [ 66.9495, 37.385 ], [ 66.9688, 37.3848 ], [ 66.9869, 37.3776 ], [ 66.9922, 37.3709 ], [ 66.9987, 37.3673 ], [ 67.0141, 37.3509 ], [ 67.024, 37.3476 ], [ 67.0328, 37.3475 ], [ 67.0471, 37.3442 ], [ 67.0714, 37.3485 ], [ 67.0806, 37.3434 ], [ 67.0895, 37.3407 ] ] } },
{ "type": "Feature", "properties": { "reach_id": "46177300021", "river_group": "Amu Darya", "basin": "Amu Darya", "p_width_m": 522.0, "p_wse_m": 287.80002, "p_length_m": 18132.197, "n_overpasses": 0, "n_good_or_suspect": 0, "has_chart": false }, "geometry": { "type": "LineString", "coordinates": [ [ 67.0895, 37.3407 ], [ 67.1228, 37.337 ], [ 67.1572, 37.3285 ], [ 67.1669, 37.3184 ], [ 67.1725, 37.3038 ], [ 67.1687, 37.2849 ], [ 67.1781, 37.2663 ], [ 67.1876, 37.2592 ], [ 67.2023, 37.2562 ], [ 67.2139, 37.2499 ], [ 67.2182, 37.2451 ] ] } },
{ "type": "Feature", "properties": { "reach_id": "46177300041", "river_group": "Amu Darya", "basin": "Amu Darya", "p_width_m": 1002.0, "p_wse_m": 289.6, "p_length_m": 13407.866, "n_overpasses": 0, "n_good_or_suspect": 0, "has_chart": false }, "geometry": { "type": "LineString", "coordinates": [ [ 67.2182, 37.2451 ], [ 67.2195, 37.2372 ], [ 67.2229, 37.2294 ], [ 67.2286, 37.2211 ], [ 67.238, 37.2132 ], [ 67.2396, 37.2059 ], [ 67.2388, 37.2018 ], [ 67.2446, 37.1908 ], [ 67.2522, 37.1864 ], [ 67.2634, 37.1843 ], [ 67.2857, 37.1874 ], [ 67.3051, 37.194 ], [ 67.3131, 37.1994 ] ] } },
{ "type": "Feature", "properties": { "reach_id": "46177400011", "river_group": "Surxondaryo", "basin": "Amu Darya", "p_width_m": 80.0, "p_wse_m": 301.9, "p_length_m": 15956.09, "n_overpasses": 56, "n_good_or_suspect": 12, "has_chart": true }, "geometry": { "type": "LineString", "coordinates": [ [ 67.3131, 37.1994 ], [ 67.3101, 37.205 ], [ 67.3083, 37.2169 ], [ 67.3098, 37.2286 ], [ 67.3168, 37.231 ], [ 67.3236, 37.23 ], [ 67.3286, 37.2342 ], [ 67.3301, 37.2432 ], [ 67.3384, 37.2546 ], [ 67.3375, 37.26 ], [ 67.3413, 37.266 ], [ 67.3421, 37.2728 ], [ 67.3504, 37.2862 ], [ 67.3615, 37.2927 ], [ 67.3767, 37.306 ], [ 67.3882, 37.3083 ] ] } },
{ "type": "Feature", "properties": { "reach_id": "46177400021", "river_group": "Surxondaryo", "basin": "Amu Darya", "p_width_m": 63.0, "p_wse_m": 315.9, "p_length_m": 17877.252, "n_overpasses": 56, "n_good_or_suspect": 6, "has_chart": true }, "geometry": { "type": "LineString", "coordinates": [ [ 67.3882, 37.3083 ], [ 67.3962, 37.3133 ], [ 67.3982, 37.3182 ], [ 67.3958, 37.3228 ], [ 67.3876, 37.3283 ], [ 67.3855, 37.3324 ], [ 67.3971, 37.3379 ], [ 67.3986, 37.3423 ], [ 67.3945, 37.3484 ], [ 67.395, 37.3533 ], [ 67.4066, 37.3618 ], [ 67.4089, 37.367 ], [ 67.3982, 37.3728 ], [ 67.4021, 37.3799 ], [ 67.4021, 37.3831 ], [ 67.3998, 37.3872 ], [ 67.3926, 37.3927 ], [ 67.3923, 37.3968 ], [ 67.3947, 37.4003 ], [ 67.4016, 37.3999 ], [ 67.3986, 37.4066 ], [ 67.41, 37.4143 ], [ 67.4169, 37.4227 ], [ 67.4224, 37.4213 ] ] } },
{ "type": "Feature", "properties": { "reach_id": "46177400034", "river_group": "Surxondaryo", "basin": "Amu Darya", "p_width_m": 63.0, "p_wse_m": 326.1, "p_length_m": 381.80893, "n_overpasses": 0, "n_good_or_suspect": 0, "has_chart": false }, "geometry": { "type": "LineString", "coordinates": [ [ 67.4224, 37.4213 ], [ 67.4262, 37.4232 ] ] } },
{ "type": "Feature", "properties": { "reach_id": "46177400041", "river_group": "Surxondaryo", "basin": "Amu Darya", "p_width_m": 63.0, "p_wse_m": 328.80002, "p_length_m": 10501.591, "n_overpasses": 55, "n_good_or_suspect": 18, "has_chart": true }, "geometry": { "type": "LineString", "coordinates": [ [ 67.4262, 37.4232 ], [ 67.4294, 37.4284 ], [ 67.4378, 37.4353 ], [ 67.4352, 37.4431 ], [ 67.4361, 37.4485 ], [ 67.4323, 37.4525 ], [ 67.4332, 37.4558 ], [ 67.4379, 37.4591 ], [ 67.445, 37.461 ], [ 67.451, 37.4663 ], [ 67.4494, 37.4722 ], [ 67.4412, 37.4797 ], [ 67.4327, 37.4847 ], [ 67.4326, 37.4917 ], [ 67.4399, 37.4948 ] ] } },
{ "type": "Feature", "properties": { "reach_id": "46177400051", "river_group": "Surxondaryo", "basin": "Amu Darya", "p_width_m": 54.0, "p_wse_m": 340.9, "p_length_m": 10474.439, "n_overpasses": 29, "n_good_or_suspect": 11, "has_chart": true }, "geometry": { "type": "LineString", "coordinates": [ [ 67.4399, 37.4948 ], [ 67.4416, 37.4972 ], [ 67.4408, 37.4999 ], [ 67.4301, 37.5076 ], [ 67.4291, 37.5114 ], [ 67.432, 37.5136 ], [ 67.4399, 37.5114 ], [ 67.4448, 37.5135 ], [ 67.4487, 37.5257 ], [ 67.4416, 37.531 ], [ 67.442, 37.5337 ], [ 67.4527, 37.5444 ], [ 67.4515, 37.5498 ], [ 67.4681, 37.5565 ] ] } },
{ "type": "Feature", "properties": { "reach_id": "46177400061", "river_group": "Surxondaryo", "basin": "Amu Darya", "p_width_m": 54.0, "p_wse_m": 350.6, "p_length_m": 10401.592, "n_overpasses": 29, "n_good_or_suspect": 8, "has_chart": true }, "geometry": { "type": "LineString", "coordinates": [ [ 67.4681, 37.5565 ], [ 67.4705, 37.5636 ], [ 67.4817, 37.5736 ], [ 67.4893, 37.576 ], [ 67.488, 37.5844 ], [ 67.4806, 37.5943 ], [ 67.4846, 37.5993 ], [ 67.4884, 37.6006 ], [ 67.4897, 37.6052 ], [ 67.4854, 37.6083 ], [ 67.4811, 37.6091 ], [ 67.479, 37.6167 ], [ 67.4683, 37.6218 ], [ 67.4665, 37.6263 ] ] } },
{ "type": "Feature", "properties": { "reach_id": "46177400074", "river_group": "Surxondaryo", "basin": "Amu Darya", "p_width_m": 93.5, "p_wse_m": 357.15002, "p_length_m": 396.53903, "n_overpasses": 0, "n_good_or_suspect": 0, "has_chart": false }, "geometry": { "type": "LineString", "coordinates": [ [ 67.4665, 37.6263 ], [ 67.4672, 37.6301 ] ] } },
{ "type": "Feature", "properties": { "reach_id": "46177400081", "river_group": "Surxondaryo", "basin": "Amu Darya", "p_width_m": 84.0, "p_wse_m": 363.30002, "p_length_m": 11516.139, "n_overpasses": 56, "n_good_or_suspect": 11, "has_chart": true }, "geometry": { "type": "LineString", "coordinates": [ [ 67.4672, 37.6301 ], [ 67.4869, 37.6498 ], [ 67.4986, 37.6515 ], [ 67.4963, 37.6558 ], [ 67.5, 37.6627 ], [ 67.4986, 37.6678 ], [ 67.5071, 37.6733 ], [ 67.5089, 37.6793 ], [ 67.5161, 37.688 ], [ 67.5194, 37.6955 ], [ 67.5248, 37.6976 ], [ 67.533, 37.696 ], [ 67.5344, 37.6974 ], [ 67.5335, 37.6996 ] ] } },
{ "type": "Feature", "properties": { "reach_id": "46177400091", "river_group": "Surxondaryo", "basin": "Amu Darya", "p_width_m": 75.0, "p_wse_m": 372.1, "p_length_m": 11473.575, "n_overpasses": 29, "n_good_or_suspect": 13, "has_chart": true }, "geometry": { "type": "LineString", "coordinates": [ [ 67.5335, 37.6996 ], [ 67.5316, 37.7033 ], [ 67.5342, 37.7082 ], [ 67.5386, 37.7096 ], [ 67.5373, 37.7156 ], [ 67.5395, 37.7202 ], [ 67.5387, 37.7248 ], [ 67.5345, 37.7304 ], [ 67.5397, 37.7356 ], [ 67.5461, 37.7495 ], [ 67.5537, 37.7562 ], [ 67.5604, 37.7567 ], [ 67.5653, 37.7646 ], [ 67.5725, 37.7655 ], [ 67.5786, 37.7704 ], [ 67.5808, 37.7756 ], [ 67.5842, 37.7769 ] ] } },
{ "type": "Feature", "properties": { "reach_id": "46177400104", "river_group": "Surxondaryo", "basin": "Amu Darya", "p_width_m": 42.0, "p_wse_m": 378.7, "p_length_m": 376.8976, "n_overpasses": 0, "n_good_or_suspect": 0, "has_chart": false }, "geometry": { "type": "LineString", "coordinates": [ [ 67.5842, 37.7769 ], [ 67.5883, 37.7752 ] ] } },
{ "type": "Feature", "properties": { "reach_id": "46177400111", "river_group": "Surxondaryo", "basin": "Amu Darya", "p_width_m": 78.0, "p_wse_m": 380.30002, "p_length_m": 5867.409, "n_overpasses": 48, "n_good_or_suspect": 15, "has_chart": true }, "geometry": { "type": "LineString", "coordinates": [ [ 67.5883, 37.7752 ], [ 67.5955, 37.7745 ], [ 67.6001, 37.7788 ], [ 67.5928, 37.7903 ], [ 67.5934, 37.7949 ], [ 67.6012, 37.7968 ], [ 67.6028, 37.7956 ], [ 67.6025, 37.7915 ], [ 67.6064, 37.7896 ], [ 67.609, 37.7913 ], [ 67.6094, 37.7954 ] ] } },
{ "type": "Feature", "properties": { "reach_id": "46177400124", "river_group": "Surxondaryo", "basin": "Amu Darya", "p_width_m": 85.5, "p_wse_m": 383.1, "p_length_m": 409.59946, "n_overpasses": 0, "n_good_or_suspect": 0, "has_chart": false }, "geometry": { "type": "LineString", "coordinates": [ [ 67.6094, 37.7954 ], [ 67.6094, 37.7992 ] ] } },
{ "type": "Feature", "properties": { "reach_id": "46177400131", "river_group": "Surxondaryo", "basin": "Amu Darya", "p_width_m": 84.0, "p_wse_m": 384.2, "p_length_m": 4083.9924, "n_overpasses": 51, "n_good_or_suspect": 3, "has_chart": false }, "geometry": { "type": "LineString", "coordinates": [ [ 67.6094, 37.7992 ], [ 67.6097, 37.8087 ], [ 67.6159, 37.8133 ], [ 67.6192, 37.818 ], [ 67.6191, 37.8225 ], [ 67.6148, 37.8287 ], [ 67.615, 37.8317 ] ] } },
{ "type": "Feature", "properties": { "reach_id": "46177400144", "river_group": "Surxondaryo", "basin": "Amu Darya", "p_width_m": 94.0, "p_wse_m": 391.55002, "p_length_m": 389.57, "n_overpasses": 0, "n_good_or_suspect": 0, "has_chart": false }, "geometry": { "type": "LineString", "coordinates": [ [ 67.615, 37.8317 ], [ 67.6175, 37.8348 ] ] } },
{ "type": "Feature", "properties": { "reach_id": "46177400153", "river_group": "Surxondaryo", "basin": "Amu Darya", "p_width_m": 180.0, "p_wse_m": 408.7, "p_length_m": 10594.971, "n_overpasses": 0, "n_good_or_suspect": 0, "has_chart": false }, "geometry": { "type": "LineString", "coordinates": [ [ 67.6175, 37.8348 ], [ 67.6215, 37.8372 ], [ 67.6365, 37.8407 ], [ 67.6556, 37.8384 ], [ 67.676, 37.8429 ], [ 67.681, 37.8503 ], [ 67.6833, 37.8601 ], [ 67.6972, 37.8681 ], [ 67.7004, 37.8773 ], [ 67.6975, 37.8797 ] ] } },
{ "type": "Feature", "properties": { "reach_id": "46177400161", "river_group": "Surxondaryo", "basin": "Amu Darya", "p_width_m": 63.0, "p_wse_m": 413.0, "p_length_m": 1996.5006, "n_overpasses": 50, "n_good_or_suspect": 19, "has_chart": true }, "geometry": { "type": "LineString", "coordinates": [ [ 67.6975, 37.8797 ], [ 67.6944, 37.8815 ], [ 67.6892, 37.8799 ], [ 67.6852, 37.8825 ], [ 67.6845, 37.8844 ], [ 67.6865, 37.8882 ] ] } },
{ "type": "Feature", "properties": { "reach_id": "46177400173", "river_group": "Surxondaryo", "basin": "Amu Darya", "p_width_m": 67.0, "p_wse_m": 413.0, "p_length_m": 1399.9541, "n_overpasses": 49, "n_good_or_suspect": 23, "has_chart": true }, "geometry": { "type": "LineString", "coordinates": [ [ 67.6865, 37.8882 ], [ 67.6977, 37.8959 ] ] } },
{ "type": "Feature", "properties": { "reach_id": "46177400181", "river_group": "Surxondaryo", "basin": "Amu Darya", "p_width_m": 115.0, "p_wse_m": 416.5, "p_length_m": 11451.383, "n_overpasses": 56, "n_good_or_suspect": 16, "has_chart": true }, "geometry": { "type": "LineString", "coordinates": [ [ 67.6977, 37.8959 ], [ 67.6989, 37.8989 ], [ 67.6977, 37.9048 ], [ 67.7035, 37.9081 ], [ 67.7096, 37.915 ], [ 67.7047, 37.92 ], [ 67.7066, 37.9231 ], [ 67.7316, 37.9203 ], [ 67.7333, 37.9225 ], [ 67.73, 37.9284 ], [ 67.7303, 37.9309 ], [ 67.7395, 37.9344 ], [ 67.7533, 37.9293 ], [ 67.7616, 37.9237 ], [ 67.7696, 37.9282 ] ] } },
{ "type": "Feature", "properties": { "reach_id": "46177400191", "river_group": "Surxondaryo", "basin": "Amu Darya", "p_width_m": 137.0, "p_wse_m": 422.975, "p_length_m": 11466.818, "n_overpasses": 55, "n_good_or_suspect": 16, "has_chart": true }, "geometry": { "type": "LineString", "coordinates": [ [ 67.7696, 37.9282 ], [ 67.7744, 37.9309 ], [ 67.7823, 37.9317 ], [ 67.7835, 37.9333 ], [ 67.7827, 37.9374 ], [ 67.7846, 37.9404 ], [ 67.7933, 37.9429 ], [ 67.8035, 37.9498 ], [ 67.8127, 37.9521 ], [ 67.8214, 37.9583 ], [ 67.8298, 37.9765 ], [ 67.836, 37.9801 ], [ 67.8403, 37.9893 ], [ 67.8386, 37.9963 ], [ 67.8401, 38.0007 ] ] } },
{ "type": "Feature", "properties": { "reach_id": "46177400201", "river_group": "Surxondaryo", "basin": "Amu Darya", "p_width_m": 123.0, "p_wse_m": 441.375, "p_length_m": 11505.418, "n_overpasses": 56, "n_good_or_suspect": 17, "has_chart": true }, "geometry": { "type": "LineString", "coordinates": [ [ 67.8401, 38.0007 ], [ 67.8439, 38.0048 ], [ 67.8436, 38.0113 ], [ 67.8472, 38.0125 ], [ 67.8486, 38.0178 ], [ 67.8533, 38.019 ], [ 67.8562, 38.0227 ], [ 67.856, 38.029 ], [ 67.8618, 38.0363 ], [ 67.8622, 38.0406 ], [ 67.8695, 38.0456 ], [ 67.87, 38.0483 ], [ 67.8669, 38.0526 ], [ 67.8672, 38.0545 ], [ 67.8779, 38.0643 ], [ 67.88, 38.0695 ], [ 67.8763, 38.0762 ], [ 67.8781, 38.087 ] ] } },
{ "type": "Feature", "properties": { "reach_id": "46177400214", "river_group": "Surxondaryo", "basin": "Amu Darya", "p_width_m": 150.0, "p_wse_m": 452.4, "p_length_m": 390.12085, "n_overpasses": 0, "n_good_or_suspect": 0, "has_chart": false }, "geometry": { "type": "LineString", "coordinates": [ [ 67.8781, 38.087 ], [ 67.8785, 38.0905 ] ] } },
{ "type": "Feature", "properties": { "reach_id": "46177400224", "river_group": "Surxondaryo", "basin": "Amu Darya", "p_width_m": 136.0, "p_wse_m": 453.6, "p_length_m": 302.92682, "n_overpasses": 0, "n_good_or_suspect": 0, "has_chart": false }, "geometry": { "type": "LineString", "coordinates": [ [ 67.8785, 38.0905 ], [ 67.8805, 38.0931 ] ] } },
{ "type": "Feature", "properties": { "reach_id": "46177400231", "river_group": "Surxondaryo", "basin": "Amu Darya", "p_width_m": 84.0, "p_wse_m": 462.17502, "p_length_m": 8405.783, "n_overpasses": 56, "n_good_or_suspect": 31, "has_chart": true }, "geometry": { "type": "LineString", "coordinates": [ [ 67.8805, 38.0931 ], [ 67.8869, 38.1021 ], [ 67.8968, 38.1028 ], [ 67.9044, 38.1078 ], [ 67.9185, 38.1366 ], [ 67.9203, 38.1393 ], [ 67.9242, 38.1405 ], [ 67.9256, 38.1451 ], [ 67.9305, 38.1497 ] ] } },
{ "type": "Feature", "properties": { "reach_id": "46177400241", "river_group": "Surxondaryo", "basin": "Amu Darya", "p_width_m": 54.0, "p_wse_m": 477.2, "p_length_m": 8398.5, "n_overpasses": 56, "n_good_or_suspect": 41, "has_chart": true }, "geometry": { "type": "LineString", "coordinates": [ [ 67.9305, 38.1497 ], [ 67.9299, 38.1528 ], [ 67.9344, 38.1581 ], [ 67.9394, 38.1614 ], [ 67.9448, 38.1625 ], [ 67.9494, 38.1729 ], [ 67.9522, 38.1745 ], [ 67.9504, 38.1799 ], [ 67.9555, 38.1813 ], [ 67.951, 38.1869 ], [ 67.9544, 38.1926 ], [ 67.9539, 38.1956 ], [ 67.9585, 38.2005 ], [ 67.9583, 38.2067 ], [ 67.9563, 38.2089 ] ] } },
{ "type": "Feature", "properties": { "reach_id": "46177400251", "river_group": "Surxondaryo", "basin": "Amu Darya", "p_width_m": 54.0, "p_wse_m": 491.9, "p_length_m": 8224.812, "n_overpasses": 56, "n_good_or_suspect": 43, "has_chart": true }, "geometry": { "type": "LineString", "coordinates": [ [ 67.9563, 38.2089 ], [ 67.9548, 38.2124 ], [ 67.9601, 38.2143 ], [ 67.9578, 38.2178 ], [ 67.9623, 38.2246 ], [ 67.9609, 38.2268 ], [ 67.9616, 38.2303 ], [ 67.9663, 38.2341 ], [ 67.9684, 38.242 ], [ 67.9724, 38.2439 ], [ 67.975, 38.2474 ], [ 67.9737, 38.2574 ], [ 67.976, 38.2637 ], [ 67.9795, 38.2661 ], [ 67.9803, 38.271 ] ] } },
{ "type": "Feature", "properties": { "reach_id": "46177400266", "river_group": "Surxondaryo", "basin": "Amu Darya", "p_width_m": 75.0, "p_wse_m": 501.7, "p_length_m": 202.26613, "n_overpasses": 0, "n_good_or_suspect": 0, "has_chart": false }, "geometry": { "type": "LineString", "coordinates": [ [ 67.9803, 38.271 ], [ 67.9817, 38.2724 ] ] } },
{ "type": "Feature", "properties": { "reach_id": "46177500011", "river_group": "Amu Darya", "basin": "Amu Darya", "p_width_m": 860.0, "p_wse_m": 290.5, "p_length_m": 11800.763, "n_overpasses": 56, "n_good_or_suspect": 44, "has_chart": true }, "geometry": { "type": "LineString", "coordinates": [ [ 67.3131, 37.1994 ], [ 67.3205, 37.2022 ], [ 67.336, 37.202 ], [ 67.3418, 37.2036 ], [ 67.3527, 37.2119 ], [ 67.3598, 37.2147 ], [ 67.3767, 37.2157 ], [ 67.3896, 37.2127 ], [ 67.3999, 37.2187 ], [ 67.4338, 37.2306 ] ] } },
{ "type": "Feature", "properties": { "reach_id": "46177500021", "river_group": "Amu Darya", "basin": "Amu Darya", "p_width_m": 872.0, "p_wse_m": 294.9, "p_length_m": 11834.763, "n_overpasses": 83, "n_good_or_suspect": 33, "has_chart": true }, "geometry": { "type": "LineString", "coordinates": [ [ 67.4338, 37.2306 ], [ 67.4516, 37.2361 ], [ 67.4602, 37.2423 ], [ 67.4707, 37.2589 ], [ 67.4858, 37.2714 ], [ 67.4955, 37.273 ], [ 67.5179, 37.271 ], [ 67.533, 37.2553 ] ] } },
{ "type": "Feature", "properties": { "reach_id": "46177500031", "river_group": "Amu Darya", "basin": "Amu Darya", "p_width_m": 811.5, "p_wse_m": 296.4, "p_length_m": 12014.321, "n_overpasses": 56, "n_good_or_suspect": 40, "has_chart": true }, "geometry": { "type": "LineString", "coordinates": [ [ 67.533, 37.2553 ], [ 67.5392, 37.2462 ], [ 67.5415, 37.2351 ], [ 67.5456, 37.226 ], [ 67.5582, 37.2148 ], [ 67.5677, 37.2166 ], [ 67.574, 37.2196 ], [ 67.5823, 37.2319 ], [ 67.5889, 37.2365 ], [ 67.6055, 37.2381 ], [ 67.6208, 37.2337 ] ] } },
{ "type": "Feature", "properties": { "reach_id": "46177500041", "river_group": "Amu Darya", "basin": "Amu Darya", "p_width_m": 1027.0, "p_wse_m": 300.7, "p_length_m": 17689.219, "n_overpasses": 56, "n_good_or_suspect": 33, "has_chart": true }, "geometry": { "type": "LineString", "coordinates": [ [ 67.6208, 37.2337 ], [ 67.6398, 37.2309 ], [ 67.6463, 37.2269 ], [ 67.6588, 37.2239 ], [ 67.6801, 37.2276 ], [ 67.6978, 37.2213 ], [ 67.7133, 37.2223 ], [ 67.7336, 37.2207 ], [ 67.749, 37.2078 ], [ 67.7528, 37.2022 ], [ 67.7576, 37.2012 ], [ 67.7675, 37.195 ], [ 67.7747, 37.188 ], [ 67.7812, 37.1846 ], [ 67.785, 37.1789 ], [ 67.7901, 37.1766 ] ] } },
{ "type": "Feature", "properties": { "reach_id": "46177500051", "river_group": "Amu Darya", "basin": "Amu Darya", "p_width_m": 619.5, "p_wse_m": 304.1, "p_length_m": 19026.324, "n_overpasses": 0, "n_good_or_suspect": 0, "has_chart": false }, "geometry": { "type": "LineString", "coordinates": [ [ 67.7901, 37.1766 ], [ 67.7931, 37.1693 ], [ 67.7865, 37.1484 ], [ 67.79, 37.1336 ], [ 67.7841, 37.1075 ], [ 67.7848, 37.0967 ], [ 67.7919, 37.0846 ], [ 67.7977, 37.0793 ], [ 67.8103, 37.0735 ], [ 67.8384, 37.0663 ], [ 67.8509, 37.0644 ], [ 67.8796, 37.0648 ] ] } },
{ "type": "Feature", "properties": { "reach_id": "46177500061", "river_group": "Amu Darya", "basin": "Amu Darya", "p_width_m": 741.0, "p_wse_m": 306.0, "p_length_m": 10201.307, "n_overpasses": 56, "n_good_or_suspect": 11, "has_chart": true }, "geometry": { "type": "LineString", "coordinates": [ [ 67.8796, 37.0648 ], [ 67.8904, 37.0656 ], [ 67.897, 37.0624 ], [ 67.8995, 37.0587 ], [ 67.9004, 37.0508 ], [ 67.8976, 37.0419 ], [ 67.9041, 37.0292 ], [ 67.9172, 37.0145 ], [ 67.9185, 37.0096 ], [ 67.9382, 37.0 ] ] } },
{ "type": "Feature", "properties": { "reach_id": "46177500071", "river_group": "Amu Darya", "basin": "Amu Darya", "p_width_m": 765.0, "p_wse_m": 307.6, "p_length_m": 10230.412, "n_overpasses": 56, "n_good_or_suspect": 8, "has_chart": true }, "geometry": { "type": "LineString", "coordinates": [ [ 67.9382, 37.0 ], [ 67.9467, 36.9934 ], [ 67.9571, 36.9807 ], [ 67.975, 36.975 ], [ 67.9845, 36.9675 ], [ 67.9931, 36.9573 ], [ 68.0039, 36.9376 ], [ 68.0106, 36.9331 ] ] } },
{ "type": "Feature", "properties": { "reach_id": "46177500081", "river_group": "Amu Darya", "basin": "Amu Darya", "p_width_m": 64.448685, "p_wse_m": 302.3, "p_length_m": 10659.855, "n_overpasses": 80, "n_good_or_suspect": 66, "has_chart": true }, "geometry": { "type": "LineString", "coordinates": [ [ 67.6208, 37.2337 ], [ 67.627, 37.2392 ], [ 67.6364, 37.2427 ], [ 67.6392, 37.2399 ], [ 67.6511, 37.2361 ], [ 67.6704, 37.2366 ], [ 67.6867, 37.2333 ], [ 67.6924, 37.2355 ], [ 67.6994, 37.2419 ], [ 67.715, 37.2401 ], [ 67.7268, 37.2416 ] ] } },
{ "type": "Feature", "properties": { "reach_id": "46177500091", "river_group": "Amu Darya", "basin": "Amu Darya", "p_width_m": 48.0, "p_wse_m": 305.30002, "p_length_m": 10658.16, "n_overpasses": 80, "n_good_or_suspect": 74, "has_chart": true }, "geometry": { "type": "LineString", "coordinates": [ [ 67.7268, 37.2416 ], [ 67.7367, 37.2385 ], [ 67.7631, 37.215 ], [ 67.7733, 37.2142 ], [ 67.7796, 37.2103 ], [ 67.7832, 37.2035 ], [ 67.7895, 37.1995 ], [ 67.7909, 37.192 ], [ 67.7964, 37.1847 ], [ 67.7964, 37.1812 ], [ 67.7901, 37.1766 ] ] } },
{ "type": "Feature", "properties": { "reach_id": "46177800021", "river_group": "Kofarnihon", "basin": "Amu Darya", "p_width_m": 52.786316, "p_wse_m": 313.80002, "p_length_m": 8414.836, "n_overpasses": 80, "n_good_or_suspect": 48, "has_chart": true }, "geometry": { "type": "LineString", "coordinates": [ [ 68.0106, 36.9331 ], [ 68.0162, 36.9376 ], [ 68.0229, 36.9396 ], [ 68.0292, 36.9439 ], [ 68.0397, 36.9441 ], [ 68.0408, 36.9476 ], [ 68.033, 36.9524 ], [ 68.0358, 36.9622 ], [ 68.04, 36.9684 ], [ 68.0458, 36.9712 ], [ 68.0441, 36.9736 ], [ 68.0454, 36.9761 ], [ 68.0534, 36.9821 ] ] } },
{ "type": "Feature", "properties": { "reach_id": "46177800031", "river_group": "Kofarnihon", "basin": "Amu Darya", "p_width_m": 162.0, "p_wse_m": 320.80002, "p_length_m": 8417.984, "n_overpasses": 80, "n_good_or_suspect": 56, "has_chart": true }, "geometry": { "type": "LineString", "coordinates": [ [ 68.0534, 36.9821 ], [ 68.0557, 36.984 ], [ 68.0625, 36.9853 ], [ 68.0664, 36.9907 ], [ 68.0715, 36.9908 ], [ 68.0748, 36.9928 ], [ 68.0742, 36.9943 ], [ 68.0694, 36.9951 ], [ 68.0672, 36.9971 ], [ 68.0743, 37.0025 ], [ 68.076, 37.0093 ], [ 68.0748, 37.0142 ], [ 68.0868, 37.0208 ], [ 68.0875, 37.0337 ] ] } },
{ "type": "Feature", "properties": { "reach_id": "46177800041", "river_group": "Kofarnihon", "basin": "Amu Darya", "p_width_m": 168.0, "p_wse_m": 328.1, "p_length_m": 8436.268, "n_overpasses": 80, "n_good_or_suspect": 50, "has_chart": true }, "geometry": { "type": "LineString", "coordinates": [ [ 68.0875, 37.0337 ], [ 68.089, 37.0413 ], [ 68.0948, 37.0454 ], [ 68.0934, 37.0487 ], [ 68.094, 37.0578 ], [ 68.1045, 37.0631 ], [ 68.1032, 37.072 ], [ 68.0953, 37.0876 ], [ 68.0988, 37.0917 ], [ 68.0991, 37.0958 ], [ 68.1013, 37.0984 ] ] } },
{ "type": "Feature", "properties": { "reach_id": "46177800051", "river_group": "Kofarnihon", "basin": "Amu Darya", "p_width_m": 130.0, "p_wse_m": 338.4, "p_length_m": 11699.805, "n_overpasses": 81, "n_good_or_suspect": 52, "has_chart": true }, "geometry": { "type": "LineString", "coordinates": [ [ 68.1013, 37.0984 ], [ 68.1059, 37.1012 ], [ 68.1093, 37.106 ], [ 68.1162, 37.1059 ], [ 68.117, 37.111 ], [ 68.1292, 37.1192 ], [ 68.1268, 37.1273 ], [ 68.1303, 37.1333 ], [ 68.1302, 37.143 ], [ 68.1321, 37.145 ], [ 68.1389, 37.1455 ], [ 68.1449, 37.1488 ], [ 68.1467, 37.1551 ], [ 68.1516, 37.1578 ], [ 68.1503, 37.1637 ], [ 68.1545, 37.167 ], [ 68.1599, 37.1674 ], [ 68.1602, 37.1722 ] ] } },
{ "type": "Feature", "properties": { "reach_id": "46177800061", "river_group": "Kofarnihon", "basin": "Amu Darya", "p_width_m": 156.0, "p_wse_m": 348.1, "p_length_m": 11639.376, "n_overpasses": 0, "n_good_or_suspect": 0, "has_chart": false }, "geometry": { "type": "LineString", "coordinates": [ [ 68.1602, 37.1722 ], [ 68.1551, 37.1768 ], [ 68.1583, 37.1819 ], [ 68.1621, 37.1838 ], [ 68.1578, 37.1895 ], [ 68.1658, 37.1928 ], [ 68.1708, 37.2163 ], [ 68.1694, 37.222 ], [ 68.1637, 37.2236 ], [ 68.165, 37.2282 ], [ 68.16, 37.2411 ], [ 68.15, 37.2538 ], [ 68.1489, 37.2589 ] ] } },
{ "type": "Feature", "properties": { "reach_id": "46177800074", "river_group": "Kofarnihon", "basin": "Amu Darya", "p_width_m": 223.0, "p_wse_m": 355.6, "p_length_m": 398.38803, "n_overpasses": 0, "n_good_or_suspect": 0, "has_chart": false }, "geometry": { "type": "LineString", "coordinates": [ [ 68.1489, 37.2589 ], [ 68.1511, 37.2622 ] ] } },
{ "type": "Feature", "properties": { "reach_id": "46177800081", "river_group": "Kofarnihon", "basin": "Amu Darya", "p_width_m": 196.0, "p_wse_m": 372.7, "p_length_m": 18005.104, "n_overpasses": 81, "n_good_or_suspect": 62, "has_chart": true }, "geometry": { "type": "LineString", "coordinates": [ [ 68.1511, 37.2622 ], [ 68.1535, 37.2641 ], [ 68.1539, 37.2676 ], [ 68.1516, 37.2714 ], [ 68.1423, 37.2775 ], [ 68.1413, 37.2835 ], [ 68.1381, 37.288 ], [ 68.1437, 37.2973 ], [ 68.1413, 37.3021 ], [ 68.1428, 37.3097 ], [ 68.1403, 37.3143 ], [ 68.1413, 37.3192 ], [ 68.1387, 37.3251 ], [ 68.1437, 37.3314 ], [ 68.1412, 37.3362 ], [ 68.141, 37.3446 ], [ 68.1467, 37.3546 ], [ 68.1445, 37.3625 ], [ 68.1555, 37.3663 ], [ 68.1583, 37.375 ], [ 68.1591, 37.3828 ], [ 68.156, 37.388 ], [ 68.1553, 37.3993 ], [ 68.1529, 37.4036 ] ] } },
{ "type": "Feature", "properties": { "reach_id": "46177800091", "river_group": "Kofarnihon", "basin": "Amu Darya", "p_width_m": 159.0, "p_wse_m": 405.9, "p_length_m": 17192.857, "n_overpasses": 0, "n_good_or_suspect": 0, "has_chart": false }, "geometry": { "type": "LineString", "coordinates": [ [ 68.1529, 37.4036 ], [ 68.1496, 37.4068 ], [ 68.1497, 37.4104 ], [ 68.1471, 37.4133 ], [ 68.1482, 37.4266 ], [ 68.1465, 37.4314 ], [ 68.1508, 37.442 ], [ 68.1476, 37.4471 ], [ 68.1493, 37.4523 ], [ 68.1477, 37.4593 ], [ 68.1492, 37.4628 ], [ 68.1487, 37.4709 ], [ 68.1544, 37.4804 ], [ 68.1525, 37.492 ], [ 68.1549, 37.498 ], [ 68.1523, 37.5083 ], [ 68.1456, 37.5112 ], [ 68.1333, 37.5222 ], [ 68.1319, 37.5311 ], [ 68.1285, 37.5367 ], [ 68.1272, 37.5435 ] ] } },
{ "type": "Feature", "properties": { "reach_id": "46177800104", "river_group": "Kofarnihon", "basin": "Amu Darya", "p_width_m": 123.0, "p_wse_m": 422.5, "p_length_m": 395.47632, "n_overpasses": 0, "n_good_or_suspect": 0, "has_chart": false }, "geometry": { "type": "LineString", "coordinates": [ [ 68.1272, 37.5435 ], [ 68.1277, 37.5473 ] ] } },
{ "type": "Feature", "properties": { "reach_id": "46177800111", "river_group": "Kofarnihon", "basin": "Amu Darya", "p_width_m": 108.0, "p_wse_m": 441.0, "p_length_m": 19003.08, "n_overpasses": 82, "n_good_or_suspect": 65, "has_chart": true }, "geometry": { "type": "LineString", "coordinates": [ [ 68.1277, 37.5473 ], [ 68.1305, 37.5526 ], [ 68.1384, 37.5571 ], [ 68.1393, 37.5625 ], [ 68.1376, 37.5725 ], [ 68.1453, 37.5818 ], [ 68.1461, 37.5853 ], [ 68.1446, 37.5904 ], [ 68.1333, 37.6014 ], [ 68.1308, 37.6103 ], [ 68.1335, 37.6187 ], [ 68.1378, 37.6236 ], [ 68.1367, 37.6333 ], [ 68.1416, 37.638 ], [ 68.1428, 37.6458 ], [ 68.1446, 37.6483 ], [ 68.1412, 37.6607 ], [ 68.1558, 37.6689 ], [ 68.1539, 37.6738 ], [ 68.1554, 37.6816 ], [ 68.1541, 37.6911 ], [ 68.1601, 37.6945 ] ] } },
{ "type": "Feature", "properties": { "reach_id": "46177800121", "river_group": "Kofarnihon", "basin": "Amu Darya", "p_width_m": 98.0, "p_wse_m": 466.7, "p_length_m": 19003.623, "n_overpasses": 113, "n_good_or_suspect": 86, "has_chart": true }, "geometry": { "type": "LineString", "coordinates": [ [ 68.1601, 37.6945 ], [ 68.1651, 37.6976 ], [ 68.1659, 37.702 ], [ 68.1544, 37.7094 ], [ 68.1594, 37.7149 ], [ 68.1644, 37.7241 ], [ 68.1655, 37.7301 ], [ 68.1643, 37.7374 ], [ 68.1717, 37.7442 ], [ 68.1735, 37.7487 ], [ 68.1793, 37.7487 ], [ 68.1857, 37.7548 ], [ 68.1866, 37.7583 ], [ 68.1825, 37.764 ], [ 68.1835, 37.7675 ], [ 68.1937, 37.7689 ], [ 68.1944, 37.7733 ], [ 68.2002, 37.7787 ], [ 68.1932, 37.7898 ], [ 68.1945, 37.7976 ], [ 68.1928, 37.8035 ], [ 68.1943, 37.8057 ], [ 68.201, 37.8071 ], [ 68.2025, 37.8142 ], [ 68.2062, 37.8166 ], [ 68.2101, 37.8237 ], [ 68.2135, 37.8243 ] ] } },
{ "type": "Feature", "properties": { "reach_id": "46177800131", "river_group": "Kofarnihon", "basin": "Amu Darya", "p_width_m": 95.5, "p_wse_m": 499.05002, "p_length_m": 18948.643, "n_overpasses": 113, "n_good_or_suspect": 80, "has_chart": true }, "geometry": { "type": "LineString", "coordinates": [ [ 68.2135, 37.8243 ], [ 68.2175, 37.8253 ], [ 68.2185, 37.8289 ], [ 68.2158, 37.8321 ], [ 68.2199, 37.8348 ], [ 68.2222, 37.8394 ], [ 68.2311, 37.8421 ], [ 68.2361, 37.8473 ], [ 68.2426, 37.8493 ], [ 68.2447, 37.8534 ], [ 68.2503, 37.8585 ], [ 68.2513, 37.861 ], [ 68.2497, 37.8658 ], [ 68.2529, 37.8723 ], [ 68.2533, 37.8805 ], [ 68.2548, 37.8829 ], [ 68.2679, 37.887 ], [ 68.2597, 37.8932 ], [ 68.2629, 37.9008 ], [ 68.2602, 37.9062 ], [ 68.2625, 37.9084 ], [ 68.2678, 37.9093 ], [ 68.2727, 37.9171 ], [ 68.2839, 37.9263 ], [ 68.2827, 37.9285 ], [ 68.2759, 37.9317 ], [ 68.2735, 37.9385 ], [ 68.2737, 37.9412 ], [ 68.282, 37.9485 ] ] } },
{ "type": "Feature", "properties": { "reach_id": "46177800141", "river_group": "Kofarnihon", "basin": "Amu Darya", "p_width_m": 159.0, "p_wse_m": 539.60004, "p_length_m": 14935.492, "n_overpasses": 113, "n_good_or_suspect": 69, "has_chart": true }, "geometry": { "type": "LineString", "coordinates": [ [ 68.282, 37.9485 ], [ 68.2836, 37.9547 ], [ 68.2817, 37.9645 ], [ 68.287, 37.9704 ], [ 68.2844, 37.9791 ], [ 68.2877, 37.9823 ], [ 68.2856, 37.9877 ], [ 68.2892, 37.9994 ], [ 68.3, 38.0095 ], [ 68.3041, 38.0238 ], [ 68.3213, 38.0378 ], [ 68.3278, 38.0412 ], [ 68.3343, 38.0502 ], [ 68.3406, 38.0529 ], [ 68.3444, 38.0608 ] ] } },
{ "type": "Feature", "properties": { "reach_id": "46177800151", "river_group": "Kofarnihon", "basin": "Amu Darya", "p_width_m": 67.0, "p_wse_m": 571.3, "p_length_m": 12990.066, "n_overpasses": 113, "n_good_or_suspect": 76, "has_chart": true }, "geometry": { "type": "LineString", "coordinates": [ [ 68.3444, 38.0608 ], [ 68.3556, 38.0625 ], [ 68.3605, 38.0679 ], [ 68.3662, 38.069 ], [ 68.3707, 38.0739 ], [ 68.3731, 38.081 ], [ 68.3775, 38.0848 ], [ 68.3732, 38.0934 ], [ 68.3751, 38.0959 ], [ 68.3747, 38.0986 ], [ 68.3799, 38.0986 ], [ 68.3812, 38.101 ], [ 68.3809, 38.1059 ], [ 68.3768, 38.1107 ], [ 68.3793, 38.1148 ], [ 68.3781, 38.1186 ], [ 68.3839, 38.1229 ], [ 68.3848, 38.1284 ], [ 68.3884, 38.1338 ], [ 68.3873, 38.143 ], [ 68.3923, 38.1414 ], [ 68.3955, 38.143 ] ] } },
{ "type": "Feature", "properties": { "reach_id": "46177800161", "river_group": "Kofarnihon", "basin": "Amu Darya", "p_width_m": 58.5, "p_wse_m": 593.10004, "p_length_m": 10164.588, "n_overpasses": 112, "n_good_or_suspect": 79, "has_chart": true }, "geometry": { "type": "LineString", "coordinates": [ [ 68.3955, 38.143 ], [ 68.3947, 38.1538 ], [ 68.3997, 38.1579 ], [ 68.3969, 38.1636 ], [ 68.4029, 38.1714 ], [ 68.4057, 38.1796 ], [ 68.4025, 38.1925 ], [ 68.4048, 38.1969 ], [ 68.4025, 38.2017 ], [ 68.3976, 38.2066 ], [ 68.4009, 38.2104 ], [ 68.3995, 38.2166 ], [ 68.4022, 38.2263 ] ] } },
{ "type": "Feature", "properties": { "reach_id": "46177800171", "river_group": "Kofarnihon", "basin": "Amu Darya", "p_width_m": 62.5, "p_wse_m": 615.7, "p_length_m": 10128.881, "n_overpasses": 83, "n_good_or_suspect": 69, "has_chart": true }, "geometry": { "type": "LineString", "coordinates": [ [ 68.4022, 38.2263 ], [ 68.4015, 38.232 ], [ 68.4036, 38.2344 ], [ 68.4001, 38.2377 ], [ 68.4037, 38.2391 ], [ 68.4227, 38.2551 ], [ 68.4211, 38.2591 ], [ 68.4233, 38.2638 ], [ 68.4222, 38.2675 ], [ 68.4263, 38.2702 ], [ 68.4232, 38.2759 ], [ 68.4282, 38.2799 ], [ 68.4364, 38.2816 ], [ 68.4375, 38.2844 ], [ 68.4366, 38.2919 ], [ 68.4344, 38.2946 ], [ 68.4359, 38.296 ] ] } },
{ "type": "Feature", "properties": { "reach_id": "46177800181", "river_group": "Kofarnihon", "basin": "Amu Darya", "p_width_m": 63.0, "p_wse_m": 636.9, "p_length_m": 10139.721, "n_overpasses": 83, "n_good_or_suspect": 48, "has_chart": true }, "geometry": { "type": "LineString", "coordinates": [ [ 68.4359, 38.296 ], [ 68.4428, 38.2981 ], [ 68.446, 38.303 ], [ 68.4441, 38.3068 ], [ 68.4464, 38.3122 ], [ 68.444, 38.3171 ], [ 68.4438, 38.3216 ], [ 68.4474, 38.3216 ], [ 68.4518, 38.325 ], [ 68.458, 38.3244 ], [ 68.4649, 38.3272 ], [ 68.4685, 38.3307 ], [ 68.4678, 38.3351 ], [ 68.4751, 38.3383 ], [ 68.4761, 38.3413 ], [ 68.4735, 38.348 ], [ 68.4795, 38.3488 ], [ 68.4877, 38.3551 ] ] } },
{ "type": "Feature", "properties": { "reach_id": "46177800191", "river_group": "Kofarnihon", "basin": "Amu Darya", "p_width_m": 75.0, "p_wse_m": 655.2, "p_length_m": 10144.838, "n_overpasses": 55, "n_good_or_suspect": 28, "has_chart": true }, "geometry": { "type": "LineString", "coordinates": [ [ 68.4877, 38.3551 ], [ 68.4835, 38.3639 ], [ 68.4948, 38.3637 ], [ 68.4999, 38.3691 ], [ 68.5161, 38.3651 ], [ 68.5172, 38.3717 ], [ 68.5312, 38.3778 ], [ 68.533, 38.3839 ], [ 68.5372, 38.3878 ], [ 68.5353, 38.3951 ], [ 68.5417, 38.3999 ], [ 68.5475, 38.4001 ] ] } },
{ "type": "Feature", "properties": { "reach_id": "46177800201", "river_group": "Kofarnihon", "basin": "Amu Darya", "p_width_m": 63.0, "p_wse_m": 673.10004, "p_length_m": 10147.711, "n_overpasses": 55, "n_good_or_suspect": 17, "has_chart": true }, "geometry": { "type": "LineString", "coordinates": [ [ 68.5475, 38.4001 ], [ 68.5567, 38.4064 ], [ 68.5643, 38.4053 ], [ 68.568, 38.4104 ], [ 68.5725, 38.4117 ], [ 68.5755, 38.4155 ], [ 68.5847, 38.4188 ], [ 68.5855, 38.4248 ], [ 68.5899, 38.4321 ], [ 68.5855, 38.4369 ], [ 68.5874, 38.4402 ], [ 68.5981, 38.4456 ], [ 68.6056, 38.4431 ], [ 68.6092, 38.4484 ], [ 68.6149, 38.4507 ] ] } },
{ "type": "Feature", "properties": { "reach_id": "46177800211", "river_group": "Kofarnihon", "basin": "Amu Darya", "p_width_m": 75.0, "p_wse_m": 691.60004, "p_length_m": 10085.367, "n_overpasses": 55, "n_good_or_suspect": 6, "has_chart": true }, "geometry": { "type": "LineString", "coordinates": [ [ 68.6149, 38.4507 ], [ 68.6224, 38.4497 ], [ 68.6307, 38.4541 ], [ 68.6421, 38.4476 ], [ 68.6654, 38.4498 ], [ 68.684, 38.4467 ], [ 68.694, 38.4477 ], [ 68.7207, 38.4557 ] ] } },
{ "type": "Feature", "properties": { "reach_id": "46177800221", "river_group": "Kofarnihon", "basin": "Amu Darya", "p_width_m": 63.0, "p_wse_m": 732.225, "p_length_m": 19551.6, "n_overpasses": 50, "n_good_or_suspect": 0, "has_chart": false }, "geometry": { "type": "LineString", "coordinates": [ [ 68.7207, 38.4557 ], [ 68.7276, 38.4552 ], [ 68.7317, 38.4575 ], [ 68.739, 38.4574 ], [ 68.7486, 38.463 ], [ 68.7551, 38.4643 ], [ 68.7568, 38.4681 ], [ 68.7675, 38.472 ], [ 68.7713, 38.4753 ], [ 68.7762, 38.4842 ], [ 68.7755, 38.4904 ], [ 68.7855, 38.4945 ], [ 68.7872, 38.4986 ], [ 68.7959, 38.507 ], [ 68.8038, 38.5106 ], [ 68.8158, 38.5203 ], [ 68.8296, 38.5203 ], [ 68.8382, 38.5238 ], [ 68.842, 38.5223 ], [ 68.8513, 38.524 ], [ 68.865, 38.5238 ], [ 68.8784, 38.5308 ], [ 68.8877, 38.5298 ], [ 68.8929, 38.5313 ] ] } },
{ "type": "Feature", "properties": { "reach_id": "46177800231", "river_group": "Kofarnihon", "basin": "Amu Darya", "p_width_m": 77.0, "p_wse_m": 816.5, "p_length_m": 10933.346, "n_overpasses": 0, "n_good_or_suspect": 0, "has_chart": false }, "geometry": { "type": "LineString", "coordinates": [ [ 68.8929, 38.5313 ], [ 68.8981, 38.5308 ], [ 68.9022, 38.5328 ], [ 68.9098, 38.5327 ], [ 68.916, 38.5352 ], [ 68.9294, 38.5359 ], [ 68.9335, 38.5376 ], [ 68.938, 38.5366 ], [ 68.9497, 38.5422 ], [ 68.9555, 38.5404 ], [ 68.9669, 38.5411 ], [ 68.9734, 38.5434 ], [ 68.9803, 38.542 ], [ 68.992, 38.5443 ], [ 68.9958, 38.5478 ], [ 69.0003, 38.5483 ], [ 69.0052, 38.5528 ] ] } },
{ "type": "Feature", "properties": { "reach_id": "46177800244", "river_group": "Kofarnihon", "basin": "Amu Darya", "p_width_m": 67.0, "p_wse_m": 853.0, "p_length_m": 377.72806, "n_overpasses": 0, "n_good_or_suspect": 0, "has_chart": false }, "geometry": { "type": "LineString", "coordinates": [ [ 69.0052, 38.5528 ], [ 69.0074, 38.5561 ] ] } },
{ "type": "Feature", "properties": { "reach_id": "46177800251", "river_group": "Kofarnihon", "basin": "Amu Darya", "p_width_m": 80.0, "p_wse_m": 918.60004, "p_length_m": 17500.535, "n_overpasses": 0, "n_good_or_suspect": 0, "has_chart": false }, "geometry": { "type": "LineString", "coordinates": [ [ 69.0074, 38.5561 ], [ 69.011, 38.5647 ], [ 69.0247, 38.5719 ], [ 69.0364, 38.5748 ], [ 69.0406, 38.5773 ], [ 69.0468, 38.5763 ], [ 69.0557, 38.5782 ], [ 69.0657, 38.5832 ], [ 69.0688, 38.5863 ], [ 69.0847, 38.5918 ], [ 69.1019, 38.6038 ], [ 69.1174, 38.6119 ], [ 69.1401, 38.6196 ], [ 69.1426, 38.6217 ], [ 69.1442, 38.6282 ], [ 69.1479, 38.6306 ], [ 69.153, 38.6443 ] ] } },
{ "type": "Feature", "properties": { "reach_id": "46177800264", "river_group": "Kofarnihon", "basin": "Amu Darya", "p_width_m": 63.0, "p_wse_m": 1000.60004, "p_length_m": 374.612, "n_overpasses": 0, "n_good_or_suspect": 0, "has_chart": false }, "geometry": { "type": "LineString", "coordinates": [ [ 69.153, 38.6443 ], [ 69.1564, 38.6468 ] ] } },
{ "type": "Feature", "properties": { "reach_id": "46177800271", "river_group": "Kofarnihon", "basin": "Amu Darya", "p_width_m": 51.0, "p_wse_m": 1118.7001, "p_length_m": 19136.174, "n_overpasses": 0, "n_good_or_suspect": 0, "has_chart": false }, "geometry": { "type": "LineString", "coordinates": [ [ 69.1564, 38.6468 ], [ 69.1699, 38.6564 ], [ 69.183, 38.6581 ], [ 69.1889, 38.6563 ], [ 69.1938, 38.6675 ], [ 69.2117, 38.6771 ], [ 69.2162, 38.6777 ], [ 69.2179, 38.6813 ], [ 69.2314, 38.6857 ], [ 69.2349, 38.6899 ], [ 69.2411, 38.6899 ], [ 69.249, 38.6944 ], [ 69.2525, 38.6925 ], [ 69.2583, 38.6936 ], [ 69.2601, 38.6962 ], [ 69.2663, 38.6974 ], [ 69.2688, 38.7019 ], [ 69.2863, 38.7043 ], [ 69.2901, 38.7077 ], [ 69.305, 38.7118 ], [ 69.3095, 38.7163 ], [ 69.3133, 38.7159 ], [ 69.3164, 38.7186 ], [ 69.3209, 38.7195 ], [ 69.3235, 38.7235 ] ] } },
{ "type": "Feature", "properties": { "reach_id": "46177800286", "river_group": "Kofarnihon", "basin": "Amu Darya", "p_width_m": 82.0, "p_wse_m": 1192.9, "p_length_m": 182.38217, "n_overpasses": 0, "n_good_or_suspect": 0, "has_chart": false }, "geometry": { "type": "LineString", "coordinates": [ [ 69.3235, 38.7235 ], [ 69.3237, 38.7251 ] ] } },
{ "type": "Feature", "properties": { "reach_id": "46177900011", "river_group": "Amu Darya", "basin": "Amu Darya", "p_width_m": 941.0, "p_wse_m": 309.5, "p_length_m": 13086.819, "n_overpasses": 71, "n_good_or_suspect": 48, "has_chart": true }, "geometry": { "type": "LineString", "coordinates": [ [ 68.0106, 36.9331 ], [ 68.0207, 36.9282 ], [ 68.0443, 36.9282 ], [ 68.0577, 36.9375 ], [ 68.0848, 36.9478 ], [ 68.103, 36.952 ], [ 68.1058, 36.9538 ], [ 68.1097, 36.9612 ], [ 68.1159, 36.968 ], [ 68.1243, 36.9729 ], [ 68.134, 36.9751 ] ] } },
{ "type": "Feature", "properties": { "reach_id": "46177900021", "river_group": "Amu Darya", "basin": "Amu Darya", "p_width_m": 858.0, "p_wse_m": 313.7, "p_length_m": 14542.241, "n_overpasses": 53, "n_good_or_suspect": 34, "has_chart": true }, "geometry": { "type": "LineString", "coordinates": [ [ 68.134, 36.9751 ], [ 68.1421, 36.9793 ], [ 68.1521, 36.9812 ], [ 68.155, 36.9872 ], [ 68.1773, 37.0144 ], [ 68.1861, 37.02 ], [ 68.1912, 37.0207 ], [ 68.2017, 37.0155 ], [ 68.2139, 37.0143 ], [ 68.2244, 37.0086 ], [ 68.2396, 37.0047 ], [ 68.2635, 37.0063 ] ] } },
{ "type": "Feature", "properties": { "reach_id": "46178100011", "river_group": "Kunduz River", "basin": "Amu Darya", "p_width_m": 138.0, "p_wse_m": 316.80002, "p_length_m": 8566.271, "n_overpasses": 0, "n_good_or_suspect": 0, "has_chart": false }, "geometry": { "type": "LineString", "coordinates": [ [ 68.2635, 37.0063 ], [ 68.2664, 37.0031 ], [ 68.2652, 36.9985 ], [ 68.2673, 36.9912 ], [ 68.2697, 36.9891 ], [ 68.2832, 36.9885 ], [ 68.2914, 36.9842 ], [ 68.2971, 36.9834 ], [ 68.3109, 36.9835 ], [ 68.3203, 36.9872 ], [ 68.3322, 36.9806 ], [ 68.3359, 36.9807 ] ] } },
{ "type": "Feature", "properties": { "reach_id": "46178100021", "river_group": "Kunduz River", "basin": "Amu Darya", "p_width_m": 169.5, "p_wse_m": 321.9, "p_length_m": 8573.399, "n_overpasses": 53, "n_good_or_suspect": 37, "has_chart": true }, "geometry": { "type": "LineString", "coordinates": [ [ 68.3359, 36.9807 ], [ 68.348, 36.9825 ], [ 68.3534, 36.9852 ], [ 68.3584, 36.9934 ], [ 68.3585, 36.9996 ], [ 68.363, 37.0077 ], [ 68.3654, 37.0109 ], [ 68.37, 37.0123 ], [ 68.376, 37.0172 ], [ 68.4033, 37.014 ] ] } },
{ "type": "Feature", "properties": { "reach_id": "46178100031", "river_group": "Kunduz River", "basin": "Amu Darya", "p_width_m": 134.0, "p_wse_m": 327.80002, "p_length_m": 8593.874, "n_overpasses": 52, "n_good_or_suspect": 45, "has_chart": true }, "geometry": { "type": "LineString", "coordinates": [ [ 68.4033, 37.014 ], [ 68.4044, 37.0182 ], [ 68.4027, 37.0239 ], [ 68.405, 37.0267 ], [ 68.4097, 37.0284 ], [ 68.4229, 37.0252 ], [ 68.4306, 37.0216 ], [ 68.4485, 37.0255 ], [ 68.4562, 37.0327 ], [ 68.4606, 37.0326 ], [ 68.4677, 37.0289 ], [ 68.4728, 37.0283 ] ] } },
{ "type": "Feature", "properties": { "reach_id": "46178100041", "river_group": "Kunduz River", "basin": "Amu Darya", "p_width_m": 136.0, "p_wse_m": 333.6, "p_length_m": 18448.207, "n_overpasses": 79, "n_good_or_suspect": 49, "has_chart": true }, "geometry": { "type": "LineString", "coordinates": [ [ 68.4728, 37.0283 ], [ 68.4798, 37.0312 ], [ 68.486, 37.0267 ], [ 68.4864, 37.015 ], [ 68.4966, 37.0002 ], [ 68.4928, 36.9926 ], [ 68.4949, 36.9887 ], [ 68.5003, 36.987 ], [ 68.5141, 36.9923 ], [ 68.5195, 36.9911 ], [ 68.5234, 36.9863 ], [ 68.5236, 36.9838 ], [ 68.527, 36.9811 ], [ 68.5246, 36.9744 ], [ 68.5245, 36.9684 ], [ 68.5285, 36.9665 ], [ 68.5369, 36.9685 ], [ 68.5487, 36.9623 ], [ 68.5503, 36.9596 ], [ 68.5467, 36.9512 ], [ 68.5484, 36.9474 ], [ 68.5593, 36.9427 ], [ 68.5731, 36.934 ] ] } },
{ "type": "Feature", "properties": { "reach_id": "46178100051", "river_group": "Kunduz River", "basin": "Amu Darya", "p_width_m": 209.0, "p_wse_m": 343.5, "p_length_m": 14023.095, "n_overpasses": 83, "n_good_or_suspect": 39, "has_chart": true }, "geometry": { "type": "LineString", "coordinates": [ [ 68.5731, 36.934 ], [ 68.5758, 36.9321 ], [ 68.5755, 36.9248 ], [ 68.5657, 36.9272 ], [ 68.5611, 36.925 ], [ 68.56, 36.9223 ], [ 68.5652, 36.9174 ], [ 68.5746, 36.9165 ], [ 68.5792, 36.9135 ], [ 68.578, 36.9105 ], [ 68.5692, 36.9061 ], [ 68.5675, 36.8956 ], [ 68.5707, 36.8911 ], [ 68.574, 36.8896 ], [ 68.5794, 36.888 ], [ 68.5881, 36.8886 ], [ 68.5903, 36.8778 ], [ 68.5931, 36.8733 ], [ 68.6092, 36.8694 ], [ 68.6136, 36.8635 ] ] } },
{ "type": "Feature", "properties": { "reach_id": "46178300011", "river_group": "Kunduz River", "basin": "Amu Darya", "p_width_m": 87.0, "p_wse_m": 354.9, "p_length_m": 10415.76, "n_overpasses": 83, "n_good_or_suspect": 36, "has_chart": true }, "geometry": { "type": "LineString", "coordinates": [ [ 68.6136, 36.8635 ], [ 68.6112, 36.8614 ], [ 68.6109, 36.8577 ], [ 68.6271, 36.8572 ], [ 68.631, 36.8541 ], [ 68.6284, 36.8503 ], [ 68.6187, 36.8471 ], [ 68.6178, 36.8441 ], [ 68.6246, 36.8409 ], [ 68.6258, 36.8358 ], [ 68.6311, 36.8352 ], [ 68.629, 36.8311 ], [ 68.6302, 36.8288 ], [ 68.6333, 36.8282 ], [ 68.638, 36.8299 ], [ 68.6414, 36.8285 ], [ 68.637, 36.8176 ], [ 68.6438, 36.8128 ] ] } },
{ "type": "Feature", "properties": { "reach_id": "46178300021", "river_group": "Kunduz River", "basin": "Amu Darya", "p_width_m": 75.0, "p_wse_m": 361.6, "p_length_m": 18723.662, "n_overpasses": 83, "n_good_or_suspect": 27, "has_chart": true }, "geometry": { "type": "LineString", "coordinates": [ [ 68.6438, 36.8128 ], [ 68.6461, 36.8113 ], [ 68.6549, 36.8107 ], [ 68.6586, 36.808 ], [ 68.6464, 36.8012 ], [ 68.6482, 36.7988 ], [ 68.6562, 36.8025 ], [ 68.6597, 36.7999 ], [ 68.6533, 36.7939 ], [ 68.6527, 36.7869 ], [ 68.6546, 36.7845 ], [ 68.6583, 36.7861 ], [ 68.6582, 36.792 ], [ 68.6603, 36.7931 ], [ 68.664, 36.791 ], [ 68.6627, 36.7869 ], [ 68.6641, 36.7842 ], [ 68.6708, 36.782 ], [ 68.6742, 36.7825 ], [ 68.6764, 36.7845 ], [ 68.6758, 36.7861 ], [ 68.6679, 36.7902 ], [ 68.6734, 36.7931 ], [ 68.6781, 36.7992 ], [ 68.6801, 36.7975 ], [ 68.679, 36.7918 ], [ 68.6849, 36.7904 ], [ 68.6869, 36.787 ], [ 68.6889, 36.7869 ], [ 68.6929, 36.7905 ], [ 68.6965, 36.7889 ], [ 68.6977, 36.7789 ], [ 68.6964, 36.7751 ], [ 68.7051, 36.7726 ], [ 68.7072, 36.7735 ] ] } },
{ "type": "Feature", "properties": { "reach_id": "46178300031", "river_group": "Kunduz River", "basin": "Amu Darya", "p_width_m": 67.0, "p_wse_m": 370.5, "p_length_m": 19466.898, "n_overpasses": 83, "n_good_or_suspect": 22, "has_chart": true }, "geometry": { "type": "LineString", "coordinates": [ [ 68.7072, 36.7735 ], [ 68.7077, 36.7773 ], [ 68.7101, 36.7793 ], [ 68.7142, 36.7791 ], [ 68.7169, 36.7746 ], [ 68.7186, 36.777 ], [ 68.7219, 36.7776 ], [ 68.7357, 36.7731 ], [ 68.7445, 36.7652 ], [ 68.7463, 36.7668 ], [ 68.7412, 36.7717 ], [ 68.7448, 36.7749 ], [ 68.7475, 36.7698 ], [ 68.7539, 36.7691 ], [ 68.7576, 36.7659 ], [ 68.7623, 36.765 ], [ 68.7649, 36.7598 ], [ 68.7687, 36.7578 ], [ 68.7727, 36.7596 ], [ 68.7734, 36.7669 ], [ 68.7788, 36.7685 ], [ 68.7805, 36.7672 ], [ 68.7792, 36.7631 ], [ 68.7835, 36.7538 ], [ 68.7889, 36.7544 ], [ 68.7926, 36.7525 ], [ 68.7959, 36.7533 ], [ 68.8023, 36.7518 ], [ 68.806, 36.754 ], [ 68.8101, 36.7541 ], [ 68.8148, 36.7502 ], [ 68.8118, 36.7429 ], [ 68.8148, 36.7388 ], [ 68.8272, 36.7449 ], [ 68.8282, 36.7438 ] ] } },
{ "type": "Feature", "properties": { "reach_id": "46178300041", "river_group": "Kunduz River", "basin": "Amu Darya", "p_width_m": 67.0, "p_wse_m": 377.2, "p_length_m": 10100.92, "n_overpasses": 83, "n_good_or_suspect": 21, "has_chart": true }, "geometry": { "type": "LineString", "coordinates": [ [ 68.8282, 36.7438 ], [ 68.8253, 36.7413 ], [ 68.8251, 36.738 ], [ 68.8272, 36.7369 ], [ 68.8362, 36.7399 ], [ 68.8332, 36.7334 ], [ 68.8406, 36.7291 ], [ 68.8383, 36.7277 ], [ 68.8336, 36.7295 ], [ 68.8318, 36.7286 ], [ 68.8324, 36.7256 ], [ 68.8386, 36.7224 ], [ 68.8351, 36.7194 ], [ 68.8378, 36.7132 ], [ 68.836, 36.712 ], [ 68.8339, 36.7155 ], [ 68.8316, 36.716 ], [ 68.8269, 36.7102 ], [ 68.8256, 36.7023 ], [ 68.8275, 36.6988 ], [ 68.8254, 36.6966 ] ] } },
{ "type": "Feature", "properties": { "reach_id": "46178300051", "river_group": "Kunduz River", "basin": "Amu Darya", "p_width_m": 57.0, "p_wse_m": 383.7, "p_length_m": 10058.869, "n_overpasses": 84, "n_good_or_suspect": 29, "has_chart": true }, "geometry": { "type": "LineString", "coordinates": [ [ 68.8254, 36.6966 ], [ 68.8216, 36.6923 ], [ 68.8218, 36.6901 ], [ 68.8253, 36.6888 ], [ 68.835, 36.6918 ], [ 68.8347, 36.6881 ], [ 68.831, 36.6885 ], [ 68.8296, 36.6872 ], [ 68.8314, 36.6859 ], [ 68.8407, 36.6867 ], [ 68.8398, 36.6837 ], [ 68.8341, 36.6815 ], [ 68.8411, 36.6767 ], [ 68.8472, 36.6788 ], [ 68.8483, 36.6761 ], [ 68.8458, 36.6729 ], [ 68.8469, 36.6703 ], [ 68.8505, 36.6726 ], [ 68.8583, 36.6703 ], [ 68.8604, 36.6713 ], [ 68.8616, 36.6758 ], [ 68.8642, 36.6751 ] ] } },
{ "type": "Feature", "properties": { "reach_id": "46178300061", "river_group": "Kunduz River", "basin": "Amu Darya", "p_width_m": 54.0, "p_wse_m": 391.5, "p_length_m": 10112.698, "n_overpasses": 56, "n_good_or_suspect": 24, "has_chart": true }, "geometry": { "type": "LineString", "coordinates": [ [ 68.8642, 36.6751 ], [ 68.866, 36.6711 ], [ 68.8713, 36.6726 ], [ 68.8704, 36.6686 ], [ 68.8767, 36.664 ], [ 68.8844, 36.6621 ], [ 68.8766, 36.6605 ], [ 68.8788, 36.6564 ], [ 68.8778, 36.6535 ], [ 68.8744, 36.6537 ], [ 68.8707, 36.6585 ], [ 68.8659, 36.6534 ], [ 68.8703, 36.6499 ], [ 68.8662, 36.6475 ], [ 68.8666, 36.6461 ], [ 68.8744, 36.6429 ], [ 68.8742, 36.638 ], [ 68.8687, 36.636 ], [ 68.8683, 36.6329 ] ] } },
{ "type": "Feature", "properties": { "reach_id": "46178300071", "river_group": "Kunduz River", "basin": "Amu Darya", "p_width_m": 57.0, "p_wse_m": 399.4, "p_length_m": 10081.712, "n_overpasses": 63, "n_good_or_suspect": 30, "has_chart": true }, "geometry": { "type": "LineString", "coordinates": [ [ 68.8683, 36.6329 ], [ 68.8771, 36.625 ], [ 68.8724, 36.6229 ], [ 68.8657, 36.6243 ], [ 68.8635, 36.6229 ], [ 68.8639, 36.621 ], [ 68.8697, 36.621 ], [ 68.8692, 36.6164 ], [ 68.8725, 36.6125 ], [ 68.8792, 36.6149 ], [ 68.8828, 36.6137 ], [ 68.8831, 36.6113 ], [ 68.8815, 36.6097 ], [ 68.8738, 36.6098 ], [ 68.8725, 36.6075 ], [ 68.8738, 36.6056 ], [ 68.8768, 36.6066 ], [ 68.8797, 36.6052 ], [ 68.8776, 36.6021 ], [ 68.8813, 36.5985 ], [ 68.8816, 36.5953 ], [ 68.8866, 36.5961 ], [ 68.8891, 36.5937 ] ] } },
{ "type": "Feature", "properties": { "reach_id": "46178300081", "river_group": "Kunduz River", "basin": "Amu Darya", "p_width_m": 49.5, "p_wse_m": 406.80002, "p_length_m": 10106.058, "n_overpasses": 62, "n_good_or_suspect": 24, "has_chart": true }, "geometry": { "type": "LineString", "coordinates": [ [ 68.8891, 36.5937 ], [ 68.8836, 36.5896 ], [ 68.8893, 36.5866 ], [ 68.8863, 36.5829 ], [ 68.8857, 36.5793 ], [ 68.8744, 36.578 ], [ 68.8762, 36.5759 ], [ 68.8815, 36.5756 ], [ 68.8829, 36.572 ], [ 68.8762, 36.572 ], [ 68.8734, 36.5691 ], [ 68.8736, 36.567 ], [ 68.8786, 36.5655 ], [ 68.8722, 36.5601 ], [ 68.8732, 36.5562 ], [ 68.8776, 36.559 ], [ 68.8832, 36.5585 ], [ 68.8827, 36.5555 ], [ 68.8801, 36.5534 ], [ 68.886, 36.5518 ] ] } },
{ "type": "Feature", "properties": { "reach_id": "46178300091", "river_group": "Kunduz River", "basin": "Amu Darya", "p_width_m": 54.0, "p_wse_m": 416.6, "p_length_m": 10061.972, "n_overpasses": 56, "n_good_or_suspect": 29, "has_chart": true }, "geometry": { "type": "LineString", "coordinates": [ [ 68.886, 36.5518 ], [ 68.8868, 36.5493 ], [ 68.8804, 36.5431 ], [ 68.8842, 36.5374 ], [ 68.8796, 36.5317 ], [ 68.8915, 36.5147 ], [ 68.8914, 36.505 ], [ 68.8881, 36.5013 ], [ 68.8827, 36.5054 ], [ 68.8773, 36.4977 ], [ 68.8794, 36.4941 ], [ 68.8834, 36.4919 ], [ 68.8877, 36.4936 ], [ 68.8905, 36.4971 ] ] } },
{ "type": "Feature", "properties": { "reach_id": "46178300101", "river_group": "Kunduz River", "basin": "Amu Darya", "p_width_m": 54.0, "p_wse_m": 431.1, "p_length_m": 10095.204, "n_overpasses": 55, "n_good_or_suspect": 32, "has_chart": true }, "geometry": { "type": "LineString", "coordinates": [ [ 68.8905, 36.4971 ], [ 68.8991, 36.5007 ], [ 68.9068, 36.5001 ], [ 68.9069, 36.4982 ], [ 68.9012, 36.4947 ], [ 68.8995, 36.4906 ], [ 68.9064, 36.4842 ], [ 68.9075, 36.4806 ], [ 68.9026, 36.4763 ], [ 68.9009, 36.4679 ], [ 68.8941, 36.4642 ], [ 68.8905, 36.4674 ], [ 68.892, 36.4722 ], [ 68.8891, 36.474 ], [ 68.8866, 36.4731 ], [ 68.8881, 36.4639 ], [ 68.8871, 36.4582 ] ] } },
{ "type": "Feature", "properties": { "reach_id": "46178300111", "river_group": "Kunduz River", "basin": "Amu Darya", "p_width_m": 63.0, "p_wse_m": 444.0, "p_length_m": 10108.322, "n_overpasses": 55, "n_good_or_suspect": 38, "has_chart": true }, "geometry": { "type": "LineString", "coordinates": [ [ 68.8871, 36.4582 ], [ 68.8861, 36.4541 ], [ 68.883, 36.4503 ], [ 68.8855, 36.4433 ], [ 68.9012, 36.4404 ], [ 68.9094, 36.4347 ], [ 68.9069, 36.4314 ], [ 68.8981, 36.4268 ], [ 68.9003, 36.4222 ], [ 68.9059, 36.4192 ], [ 68.9103, 36.4246 ], [ 68.9181, 36.4252 ], [ 68.9186, 36.4212 ], [ 68.9129, 36.4182 ], [ 68.913, 36.4149 ], [ 68.9114, 36.4131 ] ] } },
{ "type": "Feature", "properties": { "reach_id": "46178300121", "river_group": "Kunduz River", "basin": "Amu Darya", "p_width_m": 63.0, "p_wse_m": 462.5, "p_length_m": 10081.411, "n_overpasses": 65, "n_good_or_suspect": 35, "has_chart": true }, "geometry": { "type": "LineString", "coordinates": [ [ 68.9114, 36.4131 ], [ 68.9016, 36.4053 ], [ 68.8946, 36.4057 ], [ 68.8988, 36.3981 ], [ 68.8949, 36.3944 ], [ 68.895, 36.3876 ], [ 68.8973, 36.3845 ], [ 68.9025, 36.3817 ], [ 68.9023, 36.38 ], [ 68.8953, 36.3792 ], [ 68.8878, 36.3749 ], [ 68.8866, 36.3716 ], [ 68.8893, 36.367 ], [ 68.8883, 36.3657 ], [ 68.8752, 36.3605 ], [ 68.8685, 36.3635 ] ] } },
{ "type": "Feature", "properties": { "reach_id": "46178300131", "river_group": "Kunduz River", "basin": "Amu Darya", "p_width_m": 84.0, "p_wse_m": 468.30002, "p_length_m": 16690.0, "n_overpasses": 85, "n_good_or_suspect": 22, "has_chart": true }, "geometry": { "type": "LineString", "coordinates": [ [ 68.8685, 36.3635 ], [ 68.8622, 36.3606 ], [ 68.8575, 36.3561 ], [ 68.8505, 36.3549 ], [ 68.8375, 36.3605 ], [ 68.8376, 36.3624 ], [ 68.8415, 36.3659 ], [ 68.8404, 36.3676 ], [ 68.8281, 36.361 ], [ 68.8234, 36.3615 ], [ 68.8107, 36.3672 ], [ 68.8067, 36.367 ], [ 68.812, 36.364 ], [ 68.8135, 36.3613 ], [ 68.8114, 36.3591 ], [ 68.8047, 36.359 ], [ 68.8034, 36.352 ], [ 68.8017, 36.3506 ], [ 68.7982, 36.352 ], [ 68.7985, 36.3556 ], [ 68.796, 36.3569 ], [ 68.782, 36.3558 ], [ 68.7813, 36.352 ], [ 68.7856, 36.3494 ], [ 68.7913, 36.3486 ], [ 68.7929, 36.3466 ], [ 68.7863, 36.3404 ], [ 68.7796, 36.3405 ], [ 68.778, 36.3389 ] ] } },
{ "type": "Feature", "properties": { "reach_id": "46178300141", "river_group": "Kunduz River", "basin": "Amu Darya", "p_width_m": 67.0, "p_wse_m": 475.5, "p_length_m": 13974.361, "n_overpasses": 84, "n_good_or_suspect": 24, "has_chart": true }, "geometry": { "type": "LineString", "coordinates": [ [ 68.778, 36.3389 ], [ 68.7768, 36.335 ], [ 68.7793, 36.3298 ], [ 68.7773, 36.3277 ], [ 68.7676, 36.3343 ], [ 68.7589, 36.3322 ], [ 68.7565, 36.3363 ], [ 68.7592, 36.3406 ], [ 68.7566, 36.3427 ], [ 68.7496, 36.3371 ], [ 68.7436, 36.3349 ], [ 68.7504, 36.329 ], [ 68.7483, 36.3279 ], [ 68.7449, 36.3309 ], [ 68.7426, 36.3305 ], [ 68.741, 36.3254 ], [ 68.7366, 36.3219 ], [ 68.7376, 36.3203 ], [ 68.7432, 36.3195 ], [ 68.7417, 36.3154 ], [ 68.7456, 36.3119 ], [ 68.7456, 36.3077 ], [ 68.7503, 36.3089 ], [ 68.7577, 36.3082 ], [ 68.7503, 36.3008 ] ] } },
{ "type": "Feature", "properties": { "reach_id": "46178300151", "river_group": "Kunduz River", "basin": "Amu Darya", "p_width_m": 63.0, "p_wse_m": 486.0, "p_length_m": 14734.022, "n_overpasses": 84, "n_good_or_suspect": 23, "has_chart": true }, "geometry": { "type": "LineString", "coordinates": [ [ 68.7503, 36.3008 ], [ 68.7465, 36.2981 ], [ 68.7504, 36.2965 ], [ 68.7513, 36.2943 ], [ 68.7487, 36.2921 ], [ 68.744, 36.2916 ], [ 68.7421, 36.2889 ], [ 68.745, 36.2857 ], [ 68.7547, 36.2895 ], [ 68.7541, 36.2873 ], [ 68.7506, 36.2865 ], [ 68.7513, 36.2814 ], [ 68.7441, 36.2774 ], [ 68.7404, 36.2803 ], [ 68.7364, 36.28 ], [ 68.7363, 36.2775 ], [ 68.7409, 36.2743 ], [ 68.7322, 36.2737 ], [ 68.7327, 36.2689 ], [ 68.7363, 36.2651 ], [ 68.7284, 36.2608 ], [ 68.7301, 36.2594 ], [ 68.7378, 36.2588 ], [ 68.739, 36.2573 ], [ 68.7378, 36.2537 ], [ 68.746, 36.2511 ], [ 68.7434, 36.2473 ], [ 68.7426, 36.2416 ], [ 68.7495, 36.2421 ] ] } },
{ "type": "Feature", "properties": { "reach_id": "46178300161", "river_group": "Kunduz River", "basin": "Amu Darya", "p_width_m": 63.0, "p_wse_m": 503.1, "p_length_m": 10637.994, "n_overpasses": 85, "n_good_or_suspect": 55, "has_chart": true }, "geometry": { "type": "LineString", "coordinates": [ [ 68.7495, 36.2421 ], [ 68.7503, 36.2367 ], [ 68.753, 36.2335 ], [ 68.7512, 36.2294 ], [ 68.7452, 36.2287 ], [ 68.738, 36.2242 ], [ 68.7351, 36.2183 ], [ 68.7358, 36.2153 ], [ 68.7319, 36.214 ], [ 68.7314, 36.2096 ], [ 68.7293, 36.2078 ], [ 68.7223, 36.2064 ], [ 68.7186, 36.1999 ], [ 68.7202, 36.1939 ], [ 68.7242, 36.1899 ], [ 68.72, 36.1848 ], [ 68.7124, 36.1836 ], [ 68.7041, 36.1758 ] ] } },
{ "type": "Feature", "properties": { "reach_id": "46178300171", "river_group": "Kunduz River", "basin": "Amu Darya", "p_width_m": 54.0, "p_wse_m": 528.9, "p_length_m": 10661.387, "n_overpasses": 53, "n_good_or_suspect": 29, "has_chart": true }, "geometry": { "type": "LineString", "coordinates": [ [ 68.7041, 36.1758 ], [ 68.7018, 36.1693 ], [ 68.7034, 36.166 ], [ 68.693, 36.1528 ], [ 68.6906, 36.1438 ], [ 68.6848, 36.14 ], [ 68.6843, 36.1352 ], [ 68.6771, 36.1281 ], [ 68.6751, 36.1235 ], [ 68.6741, 36.1135 ], [ 68.6715, 36.1083 ], [ 68.6666, 36.107 ], [ 68.659, 36.1097 ], [ 68.6506, 36.1061 ] ] } },
{ "type": "Feature", "properties": { "reach_id": "46178300191", "river_group": "Kunduz River", "basin": "Amu Darya", "p_width_m": 42.0, "p_wse_m": 550.75, "p_length_m": 10696.397, "n_overpasses": 0, "n_good_or_suspect": 0, "has_chart": false }, "geometry": { "type": "LineString", "coordinates": [ [ 68.6506, 36.1061 ], [ 68.6437, 36.1007 ], [ 68.6353, 36.0997 ], [ 68.6327, 36.0974 ], [ 68.627, 36.0985 ], [ 68.6252, 36.0971 ], [ 68.625, 36.0929 ], [ 68.62, 36.0906 ], [ 68.6154, 36.0921 ], [ 68.6057, 36.0865 ], [ 68.6108, 36.0803 ], [ 68.6083, 36.0708 ], [ 68.6148, 36.0649 ], [ 68.6165, 36.0581 ], [ 68.6194, 36.0544 ], [ 68.6246, 36.0529 ], [ 68.6282, 36.0479 ] ] } },
{ "type": "Feature", "properties": { "reach_id": "46178500021", "river_group": "Kunduz River", "basin": "Amu Darya", "p_width_m": 45.0, "p_wse_m": 580.60004, "p_length_m": 8704.425, "n_overpasses": 0, "n_good_or_suspect": 0, "has_chart": false }, "geometry": { "type": "LineString", "coordinates": [ [ 68.6282, 36.0479 ], [ 68.6337, 36.0417 ], [ 68.6341, 36.0314 ], [ 68.6371, 36.0279 ], [ 68.6409, 36.0266 ], [ 68.6428, 36.0133 ], [ 68.6411, 36.0106 ], [ 68.644, 36.006 ], [ 68.6505, 35.9968 ], [ 68.6578, 35.9898 ], [ 68.6685, 35.9889 ] ] } },
{ "type": "Feature", "properties": { "reach_id": "46178500034", "river_group": "Kunduz River", "basin": "Amu Darya", "p_width_m": 52.5, "p_wse_m": 601.65, "p_length_m": 392.52924, "n_overpasses": 0, "n_good_or_suspect": 0, "has_chart": false }, "geometry": { "type": "LineString", "coordinates": [ [ 68.6685, 35.9889 ], [ 68.6731, 35.9891 ] ] } },
{ "type": "Feature", "properties": { "reach_id": "46178500041", "river_group": "Kunduz River", "basin": "Amu Darya", "p_width_m": 42.0, "p_wse_m": 605.15, "p_length_m": 1416.0222, "n_overpasses": 0, "n_good_or_suspect": 0, "has_chart": false }, "geometry": { "type": "LineString", "coordinates": [ [ 68.6731, 35.9891 ], [ 68.686, 35.9821 ] ] } },
{ "type": "Feature", "properties": { "reach_id": "46178500054", "river_group": "Kunduz River", "basin": "Amu Darya", "p_width_m": 51.0, "p_wse_m": 611.0, "p_length_m": 402.3715, "n_overpasses": 0, "n_good_or_suspect": 0, "has_chart": false }, "geometry": { "type": "LineString", "coordinates": [ [ 68.686, 35.9821 ], [ 68.6852, 35.9783 ] ] } },
{ "type": "Feature", "properties": { "reach_id": "46178500061", "river_group": "Kunduz River", "basin": "Amu Darya", "p_width_m": 42.0, "p_wse_m": 618.10004, "p_length_m": 4845.8584, "n_overpasses": 0, "n_good_or_suspect": 0, "has_chart": false }, "geometry": { "type": "LineString", "coordinates": [ [ 68.6852, 35.9783 ], [ 68.6897, 35.965 ], [ 68.6952, 35.9626 ], [ 68.6969, 35.9596 ], [ 68.7055, 35.9543 ], [ 68.711, 35.9464 ], [ 68.7112, 35.9435 ] ] } },
{ "type": "Feature", "properties": { "reach_id": "46178500074", "river_group": "Kunduz River", "basin": "Amu Darya", "p_width_m": 107.0, "p_wse_m": 634.65, "p_length_m": 403.4953, "n_overpasses": 0, "n_good_or_suspect": 0, "has_chart": false }, "geometry": { "type": "LineString", "coordinates": [ [ 68.7112, 35.9435 ], [ 68.7106, 35.9397 ] ] } },
{ "type": "Feature", "properties": { "reach_id": "46178500081", "river_group": "Kunduz River", "basin": "Amu Darya", "p_width_m": 48.0, "p_wse_m": 647.10004, "p_length_m": 8805.324, "n_overpasses": 54, "n_good_or_suspect": 42, "has_chart": true }, "geometry": { "type": "LineString", "coordinates": [ [ 68.7106, 35.9397 ], [ 68.7154, 35.9294 ], [ 68.7225, 35.924 ], [ 68.722, 35.9197 ], [ 68.7309, 35.9184 ], [ 68.7433, 35.9111 ], [ 68.7492, 35.8981 ], [ 68.7493, 35.8816 ], [ 68.7527, 35.8788 ] ] } },
{ "type": "Feature", "properties": { "reach_id": "46178500091", "river_group": "Kunduz River", "basin": "Amu Darya", "p_width_m": 54.0, "p_wse_m": 682.775, "p_length_m": 8802.658, "n_overpasses": 54, "n_good_or_suspect": 33, "has_chart": true }, "geometry": { "type": "LineString", "coordinates": [ [ 68.7527, 35.8788 ], [ 68.7637, 35.8673 ], [ 68.7697, 35.8584 ], [ 68.7681, 35.8403 ], [ 68.7698, 35.8327 ], [ 68.7742, 35.8254 ], [ 68.7834, 35.8165 ], [ 68.7832, 35.8089 ] ] } },
{ "type": "Feature", "properties": { "reach_id": "46178500101", "river_group": "Kunduz River", "basin": "Amu Darya", "p_width_m": 48.0, "p_wse_m": 715.225, "p_length_m": 8859.979, "n_overpasses": 0, "n_good_or_suspect": 0, "has_chart": false }, "geometry": { "type": "LineString", "coordinates": [ [ 68.7832, 35.8089 ], [ 68.7898, 35.8057 ], [ 68.7897, 35.7965 ], [ 68.7869, 35.7938 ], [ 68.787, 35.7897 ], [ 68.7763, 35.7827 ], [ 68.7749, 35.7778 ], [ 68.7676, 35.7748 ], [ 68.7669, 35.7714 ], [ 68.7635, 35.7686 ], [ 68.7633, 35.7645 ], [ 68.7552, 35.7548 ], [ 68.7541, 35.7466 ] ] } },
{ "type": "Feature", "properties": { "reach_id": "46178500114", "river_group": "Kunduz River", "basin": "Amu Darya", "p_width_m": 42.0, "p_wse_m": 733.3, "p_length_m": 393.00504, "n_overpasses": 0, "n_good_or_suspect": 0, "has_chart": false }, "geometry": { "type": "LineString", "coordinates": [ [ 68.7541, 35.7466 ], [ 68.7559, 35.7431 ] ] } },
{ "type": "Feature", "properties": { "reach_id": "46178500121", "river_group": "Kunduz River", "basin": "Amu Darya", "p_width_m": 42.0, "p_wse_m": 764.9, "p_length_m": 10499.95, "n_overpasses": 53, "n_good_or_suspect": 39, "has_chart": true }, "geometry": { "type": "LineString", "coordinates": [ [ 68.7559, 35.7431 ], [ 68.7534, 35.7366 ], [ 68.7558, 35.7318 ], [ 68.7516, 35.7277 ], [ 68.756, 35.7204 ], [ 68.7581, 35.7131 ], [ 68.7513, 35.7066 ], [ 68.753, 35.7001 ], [ 68.7519, 35.6944 ], [ 68.744, 35.6909 ], [ 68.7429, 35.6855 ], [ 68.7397, 35.6817 ], [ 68.7351, 35.6807 ], [ 68.7321, 35.6782 ], [ 68.7367, 35.673 ], [ 68.7329, 35.6665 ] ] } },
{ "type": "Feature", "properties": { "reach_id": "46178500141", "river_group": "Kunduz River", "basin": "Amu Darya", "p_width_m": 48.0, "p_wse_m": 801.6, "p_length_m": 10313.172, "n_overpasses": 0, "n_good_or_suspect": 0, "has_chart": false }, "geometry": { "type": "LineString", "coordinates": [ [ 68.7329, 35.6665 ], [ 68.7335, 35.6625 ], [ 68.7318, 35.6607 ], [ 68.7245, 35.6577 ], [ 68.7172, 35.6583 ], [ 68.7105, 35.6557 ], [ 68.7086, 35.6524 ], [ 68.7118, 35.6462 ], [ 68.7091, 35.6421 ], [ 68.7101, 35.6386 ], [ 68.7087, 35.6362 ], [ 68.7037, 35.6348 ], [ 68.7014, 35.632 ], [ 68.6931, 35.6311 ], [ 68.6845, 35.6269 ], [ 68.6774, 35.6136 ], [ 68.6793, 35.6058 ] ] } },
{ "type": "Feature", "properties": { "reach_id": "46178500156", "river_group": "Kunduz River", "basin": "Amu Darya", "p_width_m": 60.0, "p_wse_m": 827.25, "p_length_m": 198.31387, "n_overpasses": 0, "n_good_or_suspect": 0, "has_chart": false }, "geometry": { "type": "LineString", "coordinates": [ [ 68.6793, 35.6058 ], [ 68.6787, 35.6042 ] ] } },
{ "type": "Feature", "properties": { "reach_id": "46179000011", "river_group": "Amu Darya", "basin": "Amu Darya", "p_width_m": 749.0, "p_wse_m": 317.1, "p_length_m": 13907.921, "n_overpasses": 53, "n_good_or_suspect": 46, "has_chart": true }, "geometry": { "type": "LineString", "coordinates": [ [ 68.2635, 37.0063 ], [ 68.2837, 37.0154 ], [ 68.2897, 37.0221 ], [ 68.2924, 37.0311 ], [ 68.2911, 37.0454 ], [ 68.288, 37.054 ], [ 68.2893, 37.0643 ], [ 68.2881, 37.0773 ], [ 68.2904, 37.0841 ], [ 68.2904, 37.0917 ], [ 68.2957, 37.1014 ], [ 68.3142, 37.1088 ] ] } },
{ "type": "Feature", "properties": { "reach_id": "46180100011", "river_group": "Vakhsh", "basin": "Amu Darya", "p_width_m": 246.0, "p_wse_m": 319.6, "p_length_m": 11099.118, "n_overpasses": 54, "n_good_or_suspect": 22, "has_chart": true }, "geometry": { "type": "LineString", "coordinates": [ [ 68.3142, 37.1088 ], [ 68.314, 37.1186 ], [ 68.2975, 37.1235 ], [ 68.2915, 37.1279 ], [ 68.2906, 37.1317 ], [ 68.2911, 37.1347 ], [ 68.2952, 37.1368 ], [ 68.2993, 37.1431 ], [ 68.3012, 37.1572 ], [ 68.3036, 37.1631 ], [ 68.3137, 37.1735 ], [ 68.3135, 37.1813 ], [ 68.3062, 37.1888 ] ] } },
{ "type": "Feature", "properties": { "reach_id": "46180100021", "river_group": "Vakhsh", "basin": "Amu Darya", "p_width_m": 258.0, "p_wse_m": 320.2, "p_length_m": 11079.256, "n_overpasses": 54, "n_good_or_suspect": 15, "has_chart": true }, "geometry": { "type": "LineString", "coordinates": [ [ 68.3062, 37.1888 ], [ 68.3026, 37.1964 ], [ 68.3033, 37.2007 ], [ 68.3086, 37.2004 ], [ 68.3161, 37.1951 ], [ 68.3207, 37.1973 ], [ 68.321, 37.203 ], [ 68.3107, 37.2145 ], [ 68.3076, 37.2259 ], [ 68.3097, 37.2282 ], [ 68.3168, 37.2307 ], [ 68.323, 37.2362 ], [ 68.3281, 37.2571 ] ] } },
{ "type": "Feature", "properties": { "reach_id": "46180100031", "river_group": "Vakhsh", "basin": "Amu Darya", "p_width_m": 342.0, "p_wse_m": 322.1, "p_length_m": 11079.825, "n_overpasses": 67, "n_good_or_suspect": 21, "has_chart": true }, "geometry": { "type": "LineString", "coordinates": [ [ 68.3281, 37.2571 ], [ 68.3338, 37.2635 ], [ 68.3452, 37.2671 ], [ 68.3516, 37.2718 ], [ 68.3588, 37.2789 ], [ 68.364, 37.2914 ], [ 68.37, 37.2968 ], [ 68.3754, 37.2991 ], [ 68.3801, 37.2997 ], [ 68.3907, 37.2971 ], [ 68.405, 37.2802 ], [ 68.4131, 37.2792 ] ] } },
{ "type": "Feature", "properties": { "reach_id": "46180100041", "river_group": "Vakhsh", "basin": "Amu Darya", "p_width_m": 257.0, "p_wse_m": 322.9, "p_length_m": 11088.81, "n_overpasses": 83, "n_good_or_suspect": 29, "has_chart": true }, "geometry": { "type": "LineString", "coordinates": [ [ 68.4131, 37.2792 ], [ 68.4172, 37.2801 ], [ 68.423, 37.2846 ], [ 68.4276, 37.2974 ], [ 68.4288, 37.3085 ], [ 68.4234, 37.3217 ], [ 68.4238, 37.3274 ], [ 68.4276, 37.3306 ], [ 68.4314, 37.3309 ], [ 68.4426, 37.3242 ], [ 68.4477, 37.3237 ], [ 68.4528, 37.3291 ], [ 68.4569, 37.3446 ] ] } },
{ "type": "Feature", "properties": { "reach_id": "46180100051", "river_group": "Vakhsh", "basin": "Amu Darya", "p_width_m": 356.5, "p_wse_m": 328.0, "p_length_m": 17928.441, "n_overpasses": 84, "n_good_or_suspect": 58, "has_chart": true }, "geometry": { "type": "LineString", "coordinates": [ [ 68.4569, 37.3446 ], [ 68.4606, 37.3519 ], [ 68.4691, 37.3614 ], [ 68.4694, 37.3714 ], [ 68.4761, 37.3774 ], [ 68.475, 37.3825 ], [ 68.4678, 37.3917 ], [ 68.4687, 37.3979 ], [ 68.4735, 37.4007 ], [ 68.4678, 37.4138 ], [ 68.4707, 37.4154 ], [ 68.4792, 37.4156 ], [ 68.4805, 37.4204 ], [ 68.4737, 37.4228 ], [ 68.4676, 37.4311 ], [ 68.4577, 37.4337 ], [ 68.4565, 37.4362 ], [ 68.4602, 37.4408 ], [ 68.4631, 37.4528 ], [ 68.4735, 37.4552 ], [ 68.4796, 37.4587 ], [ 68.4881, 37.4581 ] ] } },
{ "type": "Feature", "properties": { "reach_id": "46180100061", "river_group": "Vakhsh", "basin": "Amu Darya", "p_width_m": 284.0, "p_wse_m": 344.5, "p_length_m": 17888.33, "n_overpasses": 84, "n_good_or_suspect": 74, "has_chart": true }, "geometry": { "type": "LineString", "coordinates": [ [ 68.4881, 37.4581 ], [ 68.4948, 37.4599 ], [ 68.4968, 37.4697 ], [ 68.5075, 37.4781 ], [ 68.5093, 37.487 ], [ 68.5078, 37.4922 ], [ 68.5084, 37.5089 ], [ 68.5067, 37.5135 ], [ 68.5131, 37.5195 ], [ 68.5085, 37.5284 ], [ 68.512, 37.5314 ], [ 68.5213, 37.5349 ], [ 68.5211, 37.5406 ], [ 68.5256, 37.549 ], [ 68.528, 37.5607 ], [ 68.5335, 37.565 ], [ 68.5327, 37.5761 ], [ 68.5369, 37.5815 ], [ 68.5394, 37.5823 ], [ 68.5407, 37.588 ], [ 68.5444, 37.5942 ] ] } },
{ "type": "Feature", "properties": { "reach_id": "46180100071", "river_group": "Vakhsh", "basin": "Amu Darya", "p_width_m": 263.0, "p_wse_m": 357.2, "p_length_m": 11020.234, "n_overpasses": 85, "n_good_or_suspect": 65, "has_chart": true }, "geometry": { "type": "LineString", "coordinates": [ [ 68.5444, 37.5942 ], [ 68.5493, 37.607 ], [ 68.5569, 37.6108 ], [ 68.5503, 37.6205 ], [ 68.5542, 37.6359 ], [ 68.5663, 37.6478 ], [ 68.5823, 37.655 ], [ 68.5857, 37.6615 ], [ 68.5951, 37.6723 ] ] } },
{ "type": "Feature", "properties": { "reach_id": "46180300011", "river_group": "Vakhsh", "basin": "Amu Darya", "p_width_m": 233.0, "p_wse_m": 368.4, "p_length_m": 11002.025, "n_overpasses": 0, "n_good_or_suspect": 0, "has_chart": false }, "geometry": { "type": "LineString", "coordinates": [ [ 68.5951, 37.6723 ], [ 68.6012, 37.6821 ], [ 68.6019, 37.685 ], [ 68.5991, 37.695 ], [ 68.6038, 37.704 ], [ 68.5994, 37.7132 ], [ 68.5952, 37.7153 ], [ 68.5939, 37.718 ], [ 68.5948, 37.721 ], [ 68.601, 37.7267 ], [ 68.5964, 37.7432 ], [ 68.5968, 37.7486 ], [ 68.6026, 37.7545 ], [ 68.6059, 37.7608 ] ] } },
{ "type": "Feature", "properties": { "reach_id": "46180300021", "river_group": "Vakhsh", "basin": "Amu Darya", "p_width_m": 317.0, "p_wse_m": 380.1, "p_length_m": 11007.894, "n_overpasses": 0, "n_good_or_suspect": 0, "has_chart": false }, "geometry": { "type": "LineString", "coordinates": [ [ 68.6059, 37.7608 ], [ 68.6024, 37.7702 ], [ 68.6022, 37.7767 ], [ 68.5982, 37.7813 ], [ 68.5976, 37.7851 ], [ 68.6023, 37.797 ], [ 68.6105, 37.8062 ], [ 68.6104, 37.817 ], [ 68.6128, 37.8246 ], [ 68.6178, 37.833 ], [ 68.6252, 37.8395 ], [ 68.6348, 37.8413 ], [ 68.6373, 37.845 ] ] } },
{ "type": "Feature", "properties": { "reach_id": "46180300031", "river_group": "Vakhsh", "basin": "Amu Darya", "p_width_m": 280.0, "p_wse_m": 395.0, "p_length_m": 10963.284, "n_overpasses": 0, "n_good_or_suspect": 0, "has_chart": false }, "geometry": { "type": "LineString", "coordinates": [ [ 68.6373, 37.845 ], [ 68.6368, 37.852 ], [ 68.6422, 37.8639 ], [ 68.6531, 37.8745 ], [ 68.6585, 37.8777 ], [ 68.6705, 37.8956 ], [ 68.6782, 37.8992 ], [ 68.6846, 37.8987 ], [ 68.6911, 37.9016 ], [ 68.7163, 37.9076 ] ] } },
{ "type": "Feature", "properties": { "reach_id": "46180500011", "river_group": "Vakhsh", "basin": "Amu Darya", "p_width_m": 204.0, "p_wse_m": 426.95, "p_length_m": 16954.895, "n_overpasses": 0, "n_good_or_suspect": 0, "has_chart": false }, "geometry": { "type": "LineString", "coordinates": [ [ 68.7163, 37.9076 ], [ 68.7252, 37.9051 ], [ 68.7337, 37.9093 ], [ 68.7437, 37.9044 ], [ 68.7518, 37.9069 ], [ 68.76, 37.9069 ], [ 68.7679, 37.9027 ], [ 68.7761, 37.9018 ], [ 68.7938, 37.9036 ], [ 68.8058, 37.9005 ], [ 68.8116, 37.8905 ], [ 68.8253, 37.8889 ], [ 68.8348, 37.8836 ], [ 68.8492, 37.8831 ], [ 68.8594, 37.8797 ], [ 68.8655, 37.882 ], [ 68.8734, 37.8791 ], [ 68.885, 37.8816 ] ] } },
{ "type": "Feature", "properties": { "reach_id": "46180500024", "river_group": "Vakhsh", "basin": "Amu Darya", "p_width_m": 143.0, "p_wse_m": 447.15002, "p_length_m": 402.375, "n_overpasses": 0, "n_good_or_suspect": 0, "has_chart": false }, "geometry": { "type": "LineString", "coordinates": [ [ 68.885, 37.8816 ], [ 68.8898, 37.882 ] ] } },
{ "type": "Feature", "properties": { "reach_id": "46180500031", "river_group": "Vakhsh", "basin": "Amu Darya", "p_width_m": 101.0, "p_wse_m": 450.4, "p_length_m": 3907.83, "n_overpasses": 0, "n_good_or_suspect": 0, "has_chart": false }, "geometry": { "type": "LineString", "coordinates": [ [ 68.8898, 37.882 ], [ 68.9014, 37.8809 ], [ 68.9102, 37.8895 ], [ 68.9181, 37.8868 ], [ 68.9239, 37.8879 ], [ 68.9264, 37.8861 ] ] } },
{ "type": "Feature", "properties": { "reach_id": "46180500044", "river_group": "Vakhsh", "basin": "Amu Darya", "p_width_m": 121.0, "p_wse_m": 455.80002, "p_length_m": 1314.4204, "n_overpasses": 0, "n_good_or_suspect": 0, "has_chart": false }, "geometry": { "type": "LineString", "coordinates": [ [ 68.9264, 37.8861 ], [ 68.929, 37.8838 ], [ 68.9368, 37.8833 ], [ 68.9394, 37.8847 ] ] } },
{ "type": "Feature", "properties": { "reach_id": "46180500053", "river_group": "Vakhsh", "basin": "Amu Darya", "p_width_m": 237.0, "p_wse_m": 485.5, "p_length_m": 13745.798, "n_overpasses": 0, "n_good_or_suspect": 0, "has_chart": false }, "geometry": { "type": "LineString", "coordinates": [ [ 68.9394, 37.8847 ], [ 68.9409, 37.8864 ], [ 68.9604, 37.8907 ], [ 68.9706, 37.8963 ], [ 68.9769, 37.9091 ], [ 68.9823, 37.9261 ], [ 68.9927, 37.9339 ], [ 68.9944, 37.9377 ], [ 68.9996, 37.9426 ], [ 69.001, 37.9472 ], [ 68.9999, 37.9512 ], [ 69.0034, 37.9572 ], [ 69.0105, 37.9599 ], [ 69.0122, 37.9667 ], [ 69.0228, 37.9712 ], [ 69.0258, 37.9704 ] ] } },
{ "type": "Feature", "properties": { "reach_id": "46180500064", "river_group": "Vakhsh", "basin": "Amu Darya", "p_width_m": 141.0, "p_wse_m": 489.9, "p_length_m": 399.73096, "n_overpasses": 0, "n_good_or_suspect": 0, "has_chart": false }, "geometry": { "type": "LineString", "coordinates": [ [ 69.0258, 37.9704 ], [ 69.0286, 37.9698 ], [ 69.0292, 37.971 ] ] } },
{ "type": "Feature", "properties": { "reach_id": "46180500073", "river_group": "Vakhsh", "basin": "Amu Darya", "p_width_m": 155.0, "p_wse_m": 496.4, "p_length_m": 10990.94, "n_overpasses": 0, "n_good_or_suspect": 0, "has_chart": false }, "geometry": { "type": "LineString", "coordinates": [ [ 69.0292, 37.971 ], [ 69.0331, 37.9764 ], [ 69.0351, 37.9837 ], [ 69.0433, 37.9849 ], [ 69.0451, 37.9872 ], [ 69.0468, 37.9983 ], [ 69.0543, 38.0005 ], [ 69.0589, 38.0048 ], [ 69.0587, 38.0069 ], [ 69.056, 38.0091 ], [ 69.0485, 38.0081 ], [ 69.0487, 38.0129 ], [ 69.0509, 38.0144 ], [ 69.0594, 38.0124 ], [ 69.0628, 38.0142 ], [ 69.0647, 38.0191 ], [ 69.0644, 38.025 ], [ 69.0731, 38.0299 ], [ 69.0739, 38.0321 ] ] } },
{ "type": "Feature", "properties": { "reach_id": "46180500083", "river_group": "Vakhsh", "basin": "Amu Darya", "p_width_m": 149.0, "p_wse_m": 504.0, "p_length_m": 2106.1733, "n_overpasses": 0, "n_good_or_suspect": 0, "has_chart": false }, "geometry": { "type": "LineString", "coordinates": [ [ 69.0739, 38.0321 ], [ 69.0711, 38.0366 ], [ 69.0605, 38.0413 ], [ 69.0591, 38.0453 ] ] } },
{ "type": "Feature", "properties": { "reach_id": "46180500094", "river_group": "Vakhsh", "basin": "Amu Darya", "p_width_m": 172.0, "p_wse_m": 513.8, "p_length_m": 396.04697, "n_overpasses": 0, "n_good_or_suspect": 0, "has_chart": false }, "geometry": { "type": "LineString", "coordinates": [ [ 69.0591, 38.0453 ], [ 69.0547, 38.0465 ] ] } },
{ "type": "Feature", "properties": { "reach_id": "46180500103", "river_group": "Vakhsh", "basin": "Amu Darya", "p_width_m": 531.0, "p_wse_m": 525.3, "p_length_m": 14439.485, "n_overpasses": 0, "n_good_or_suspect": 0, "has_chart": false }, "geometry": { "type": "LineString", "coordinates": [ [ 69.0547, 38.0465 ], [ 69.0505, 38.0515 ], [ 69.0492, 38.0583 ], [ 69.0523, 38.0656 ], [ 69.0542, 38.0786 ], [ 69.0602, 38.0861 ], [ 69.0615, 38.0916 ], [ 69.0619, 38.0983 ], [ 69.0591, 38.1102 ], [ 69.0716, 38.1289 ], [ 69.0875, 38.1445 ], [ 69.0904, 38.1564 ], [ 69.0889, 38.1597 ], [ 69.0901, 38.1648 ] ] } },
{ "type": "Feature", "properties": { "reach_id": "46180500111", "river_group": "Vakhsh", "basin": "Amu Darya", "p_width_m": 94.0, "p_wse_m": 563.4, "p_length_m": 12082.585, "n_overpasses": 39, "n_good_or_suspect": 15, "has_chart": true }, "geometry": { "type": "LineString", "coordinates": [ [ 69.0901, 38.1648 ], [ 69.0917, 38.1697 ], [ 69.0954, 38.1726 ], [ 69.0976, 38.1789 ], [ 69.1054, 38.1899 ], [ 69.1091, 38.2043 ], [ 69.1149, 38.2124 ], [ 69.1145, 38.2181 ], [ 69.1111, 38.2218 ], [ 69.1146, 38.234 ], [ 69.1144, 38.2408 ], [ 69.1176, 38.2551 ], [ 69.1226, 38.2659 ] ] } },
{ "type": "Feature", "properties": { "reach_id": "46180500124", "river_group": "Vakhsh", "basin": "Amu Darya", "p_width_m": 97.5, "p_wse_m": 604.65, "p_length_m": 358.94864, "n_overpasses": 0, "n_good_or_suspect": 0, "has_chart": false }, "geometry": { "type": "LineString", "coordinates": [ [ 69.1226, 38.2659 ], [ 69.1248, 38.2689 ] ] } },
{ "type": "Feature", "properties": { "reach_id": "46180500133", "river_group": "Vakhsh", "basin": "Amu Darya", "p_width_m": 251.0, "p_wse_m": 630.8, "p_length_m": 10214.633, "n_overpasses": 0, "n_good_or_suspect": 0, "has_chart": false }, "geometry": { "type": "LineString", "coordinates": [ [ 69.1248, 38.2689 ], [ 69.1278, 38.2737 ], [ 69.1264, 38.2759 ], [ 69.1267, 38.2808 ], [ 69.1324, 38.2891 ], [ 69.1346, 38.2989 ], [ 69.1376, 38.3035 ], [ 69.1492, 38.3086 ], [ 69.1587, 38.3088 ], [ 69.1576, 38.3186 ], [ 69.1649, 38.3234 ], [ 69.1672, 38.3294 ], [ 69.1777, 38.3372 ] ] } },
{ "type": "Feature", "properties": { "reach_id": "46180500143", "river_group": "Vakhsh", "basin": "Amu Darya", "p_width_m": 258.0, "p_wse_m": 630.8, "p_length_m": 10249.175, "n_overpasses": 0, "n_good_or_suspect": 0, "has_chart": false }, "geometry": { "type": "LineString", "coordinates": [ [ 69.1777, 38.3372 ], [ 69.1932, 38.3456 ], [ 69.1922, 38.3575 ], [ 69.1968, 38.3674 ], [ 69.2067, 38.3699 ], [ 69.2153, 38.3779 ], [ 69.2511, 38.3974 ] ] } },
{ "type": "Feature", "properties": { "reach_id": "46180500153", "river_group": "Vakhsh", "basin": "Amu Darya", "p_width_m": 175.0, "p_wse_m": 630.8, "p_length_m": 10277.953, "n_overpasses": 0, "n_good_or_suspect": 0, "has_chart": false }, "geometry": { "type": "LineString", "coordinates": [ [ 69.2511, 38.3974 ], [ 69.2556, 38.3992 ], [ 69.2621, 38.3983 ], [ 69.2675, 38.3896 ], [ 69.2754, 38.3863 ], [ 69.2916, 38.3836 ], [ 69.2974, 38.3808 ], [ 69.3043, 38.3842 ], [ 69.3125, 38.3812 ], [ 69.3191, 38.3857 ], [ 69.3311, 38.3858 ], [ 69.3436, 38.3811 ], [ 69.3455, 38.3752 ] ] } },
{ "type": "Feature", "properties": { "reach_id": "46180500164", "river_group": "Vakhsh", "basin": "Amu Darya", "p_width_m": 1089.0, "p_wse_m": 846.30005, "p_length_m": 403.03082, "n_overpasses": 0, "n_good_or_suspect": 0, "has_chart": false }, "geometry": { "type": "LineString", "coordinates": [ [ 69.3455, 38.3752 ], [ 69.3467, 38.3714 ] ] } },
{ "type": "Feature", "properties": { "reach_id": "46180500173", "river_group": "Vakhsh", "basin": "Amu Darya", "p_width_m": 1089.0, "p_wse_m": 864.8, "p_length_m": 6971.9307, "n_overpasses": 0, "n_good_or_suspect": 0, "has_chart": false }, "geometry": { "type": "LineString", "coordinates": [ [ 69.3467, 38.3714 ], [ 69.3475, 38.3677 ], [ 69.3417, 38.3636 ], [ 69.3407, 38.3587 ], [ 69.3375, 38.3564 ], [ 69.3309, 38.3535 ], [ 69.3261, 38.3493 ], [ 69.311, 38.3442 ], [ 69.3024, 38.3432 ], [ 69.2907, 38.3354 ] ] } },
{ "type": "Feature", "properties": { "reach_id": "46180600011", "river_group": "Obikhingou", "basin": "Amu Darya", "p_width_m": 94.0, "p_wse_m": 1190.2001, "p_length_m": 11297.246, "n_overpasses": 53, "n_good_or_suspect": 22, "has_chart": true }, "geometry": { "type": "LineString", "coordinates": [ [ 70.0273, 38.8673 ], [ 70.0404, 38.8655 ], [ 70.0467, 38.8677 ], [ 70.0536, 38.8665 ], [ 70.0661, 38.8675 ], [ 70.0739, 38.861 ], [ 70.0878, 38.8622 ], [ 70.0925, 38.8585 ], [ 70.1054, 38.8597 ], [ 70.1065, 38.8582 ], [ 70.1052, 38.8558 ], [ 70.1079, 38.8512 ], [ 70.1137, 38.8471 ], [ 70.1132, 38.8368 ], [ 70.1164, 38.8336 ], [ 70.1202, 38.834 ] ] } },
{ "type": "Feature", "properties": { "reach_id": "46180600021", "river_group": "Obikhingou", "basin": "Amu Darya", "p_width_m": 63.0, "p_wse_m": 1318.0, "p_length_m": 11344.436, "n_overpasses": 55, "n_good_or_suspect": 20, "has_chart": true }, "geometry": { "type": "LineString", "coordinates": [ [ 70.1202, 38.834 ], [ 70.1271, 38.8354 ], [ 70.1397, 38.8429 ], [ 70.1428, 38.8424 ], [ 70.1454, 38.8405 ], [ 70.1476, 38.8321 ], [ 70.1529, 38.8261 ], [ 70.1601, 38.8223 ], [ 70.1643, 38.8275 ], [ 70.1702, 38.8272 ], [ 70.1729, 38.8255 ], [ 70.1847, 38.827 ], [ 70.1955, 38.8329 ], [ 70.1997, 38.8335 ], [ 70.2033, 38.831 ], [ 70.2077, 38.8186 ] ] } },
{ "type": "Feature", "properties": { "reach_id": "46180600031", "river_group": "Obikhingou", "basin": "Amu Darya", "p_width_m": 84.0, "p_wse_m": 1429.7, "p_length_m": 18536.967, "n_overpasses": 55, "n_good_or_suspect": 22, "has_chart": true }, "geometry": { "type": "LineString", "coordinates": [ [ 70.2077, 38.8186 ], [ 70.2107, 38.8143 ], [ 70.215, 38.812 ], [ 70.2135, 38.8096 ], [ 70.2155, 38.8058 ], [ 70.2136, 38.8025 ], [ 70.2181, 38.7987 ], [ 70.2212, 38.8009 ], [ 70.2236, 38.8006 ], [ 70.2278, 38.7921 ], [ 70.2317, 38.7895 ], [ 70.241, 38.789 ], [ 70.2456, 38.7938 ], [ 70.2512, 38.7951 ], [ 70.254, 38.7935 ], [ 70.253, 38.7902 ], [ 70.2587, 38.7881 ], [ 70.2908, 38.7881 ], [ 70.2938, 38.7828 ], [ 70.3016, 38.7816 ], [ 70.3022, 38.7765 ], [ 70.3137, 38.7593 ], [ 70.321, 38.7587 ], [ 70.3276, 38.7613 ], [ 70.3324, 38.7602 ], [ 70.3347, 38.7536 ], [ 70.3345, 38.7472 ] ] } },
{ "type": "Feature", "properties": { "reach_id": "46180600041", "river_group": "Obikhingou", "basin": "Amu Darya", "p_width_m": 78.0, "p_wse_m": 1508.2001, "p_length_m": 10078.577, "n_overpasses": 52, "n_good_or_suspect": 27, "has_chart": true }, "geometry": { "type": "LineString", "coordinates": [ [ 70.3345, 38.7472 ], [ 70.3328, 38.7423 ], [ 70.3399, 38.7374 ], [ 70.3455, 38.7385 ], [ 70.3491, 38.7323 ], [ 70.3578, 38.7318 ], [ 70.3642, 38.7286 ], [ 70.3725, 38.7274 ], [ 70.3788, 38.7298 ], [ 70.388, 38.7251 ], [ 70.3939, 38.7258 ], [ 70.4014, 38.7223 ], [ 70.4087, 38.724 ], [ 70.4192, 38.7175 ], [ 70.4233, 38.7189 ] ] } },
{ "type": "Feature", "properties": { "reach_id": "46180600051", "river_group": "Obikhingou", "basin": "Amu Darya", "p_width_m": 85.5, "p_wse_m": 1585.75, "p_length_m": 10117.763, "n_overpasses": 54, "n_good_or_suspect": 44, "has_chart": true }, "geometry": { "type": "LineString", "coordinates": [ [ 70.4233, 38.7189 ], [ 70.4328, 38.7208 ], [ 70.4426, 38.7124 ], [ 70.4533, 38.7102 ], [ 70.4665, 38.7 ], [ 70.4744, 38.6987 ], [ 70.489, 38.7015 ], [ 70.5067, 38.7089 ], [ 70.5135, 38.7057 ], [ 70.5219, 38.7073 ] ] } },
{ "type": "Feature", "properties": { "reach_id": "46180600061", "river_group": "Obikhingou", "basin": "Amu Darya", "p_width_m": 123.0, "p_wse_m": 1663.1, "p_length_m": 19122.94, "n_overpasses": 85, "n_good_or_suspect": 70, "has_chart": true }, "geometry": { "type": "LineString", "coordinates": [ [ 70.5219, 38.7073 ], [ 70.5306, 38.7113 ], [ 70.5322, 38.7153 ], [ 70.5355, 38.717 ], [ 70.5424, 38.7161 ], [ 70.5483, 38.7175 ], [ 70.5547, 38.7225 ], [ 70.5564, 38.7261 ], [ 70.5609, 38.7248 ], [ 70.5747, 38.7254 ], [ 70.5793, 38.7298 ], [ 70.5865, 38.7271 ], [ 70.5928, 38.7347 ], [ 70.6002, 38.7397 ], [ 70.6154, 38.7462 ], [ 70.621, 38.7541 ], [ 70.6379, 38.762 ], [ 70.643, 38.7695 ], [ 70.6489, 38.7699 ], [ 70.6562, 38.7732 ], [ 70.6574, 38.7803 ], [ 70.6688, 38.7821 ], [ 70.6717, 38.7839 ], [ 70.6743, 38.7892 ], [ 70.6811, 38.7899 ] ] } },
{ "type": "Feature", "properties": { "reach_id": "46180600071", "river_group": "Obikhingou", "basin": "Amu Darya", "p_width_m": 117.0, "p_wse_m": 1764.4, "p_length_m": 17894.69, "n_overpasses": 57, "n_good_or_suspect": 49, "has_chart": true }, "geometry": { "type": "LineString", "coordinates": [ [ 70.6811, 38.7899 ], [ 70.6946, 38.7889 ], [ 70.712, 38.7971 ], [ 70.7194, 38.8038 ], [ 70.7327, 38.8083 ], [ 70.7425, 38.8162 ], [ 70.7533, 38.8177 ], [ 70.7586, 38.8242 ], [ 70.7684, 38.8267 ], [ 70.7754, 38.8331 ], [ 70.7848, 38.8334 ], [ 70.7932, 38.839 ], [ 70.7988, 38.8391 ], [ 70.8045, 38.8357 ], [ 70.8122, 38.8377 ], [ 70.8156, 38.8356 ], [ 70.826, 38.8357 ], [ 70.8363, 38.8328 ], [ 70.8557, 38.8367 ] ] } },
{ "type": "Feature", "properties": { "reach_id": "46180600081", "river_group": "Obikhingou", "basin": "Amu Darya", "p_width_m": 80.0, "p_wse_m": 1849.0, "p_length_m": 11228.396, "n_overpasses": 57, "n_good_or_suspect": 46, "has_chart": true }, "geometry": { "type": "LineString", "coordinates": [ [ 70.8557, 38.8367 ], [ 70.8596, 38.8381 ], [ 70.8624, 38.8419 ], [ 70.8743, 38.8474 ], [ 70.8789, 38.8524 ], [ 70.8865, 38.8497 ], [ 70.8924, 38.8506 ], [ 70.8964, 38.8559 ], [ 70.9017, 38.8582 ], [ 70.9016, 38.8623 ], [ 70.9048, 38.8633 ], [ 70.9055, 38.8671 ], [ 70.9123, 38.8713 ], [ 70.917, 38.8775 ], [ 70.9258, 38.8839 ], [ 70.931, 38.884 ], [ 70.9328, 38.8883 ], [ 70.937, 38.8879 ], [ 70.9436, 38.8908 ] ] } },
{ "type": "Feature", "properties": { "reach_id": "46180600091", "river_group": "Obikhingou", "basin": "Amu Darya", "p_width_m": 54.0, "p_wse_m": 1926.5, "p_length_m": 11542.526, "n_overpasses": 58, "n_good_or_suspect": 31, "has_chart": true }, "geometry": { "type": "LineString", "coordinates": [ [ 70.9436, 38.8908 ], [ 70.9488, 38.8923 ], [ 70.9513, 38.8958 ], [ 70.9555, 38.8973 ], [ 70.9652, 38.8973 ], [ 70.9743, 38.9 ], [ 70.9794, 38.8984 ], [ 70.9851, 38.9017 ], [ 70.9899, 38.9009 ], [ 70.9989, 38.9031 ], [ 71.0024, 38.9015 ], [ 71.0131, 38.9022 ], [ 71.0182, 38.9004 ], [ 71.0246, 38.905 ], [ 71.0379, 38.8984 ], [ 71.0465, 38.8972 ], [ 71.0528, 38.8994 ], [ 71.0597, 38.8975 ] ] } },
{ "type": "Feature", "properties": { "reach_id": "46180600101", "river_group": "Obikhingou", "basin": "Amu Darya", "p_width_m": 42.0, "p_wse_m": 2044.5, "p_length_m": 11337.898, "n_overpasses": 54, "n_good_or_suspect": 23, "has_chart": true }, "geometry": { "type": "LineString", "coordinates": [ [ 71.0597, 38.8975 ], [ 71.0652, 38.8986 ], [ 71.0741, 38.8948 ], [ 71.0765, 38.8907 ], [ 71.0809, 38.889 ], [ 71.0822, 38.8857 ], [ 71.0862, 38.8832 ], [ 71.0871, 38.8764 ], [ 71.1024, 38.8678 ], [ 71.1038, 38.8629 ], [ 71.1014, 38.8575 ], [ 71.1055, 38.8562 ], [ 71.1099, 38.852 ], [ 71.1055, 38.8375 ], [ 71.1122, 38.8306 ], [ 71.1151, 38.8246 ] ] } },
{ "type": "Feature", "properties": { "reach_id": "46180600111", "river_group": "Obikhingou", "basin": "Amu Darya", "p_width_m": 48.0, "p_wse_m": 2142.9502, "p_length_m": 11390.206, "n_overpasses": 49, "n_good_or_suspect": 26, "has_chart": true }, "geometry": { "type": "LineString", "coordinates": [ [ 71.1151, 38.8246 ], [ 71.1132, 38.8211 ], [ 71.1165, 38.8181 ], [ 71.1147, 38.8132 ], [ 71.1182, 38.8102 ], [ 71.1219, 38.8036 ], [ 71.1349, 38.8002 ], [ 71.1379, 38.7973 ], [ 71.1438, 38.7968 ], [ 71.1485, 38.7921 ], [ 71.1649, 38.787 ], [ 71.1716, 38.7802 ], [ 71.1781, 38.7785 ], [ 71.1827, 38.7794 ], [ 71.1846, 38.7767 ], [ 71.1926, 38.7782 ], [ 71.2036, 38.7756 ] ] } },
{ "type": "Feature", "properties": { "reach_id": "46180600121", "river_group": "Obikhingou", "basin": "Amu Darya", "p_width_m": 51.0, "p_wse_m": 2278.9001, "p_length_m": 13222.809, "n_overpasses": 52, "n_good_or_suspect": 24, "has_chart": true }, "geometry": { "type": "LineString", "coordinates": [ [ 71.2036, 38.7756 ], [ 71.2049, 38.7797 ], [ 71.2178, 38.7889 ], [ 71.2275, 38.8006 ], [ 71.2363, 38.8057 ], [ 71.2443, 38.8066 ], [ 71.2465, 38.8102 ], [ 71.2535, 38.8151 ], [ 71.2763, 38.8237 ], [ 71.2809, 38.8276 ], [ 71.2916, 38.8249 ], [ 71.2952, 38.8294 ], [ 71.3032, 38.8313 ], [ 71.3055, 38.8388 ], [ 71.3095, 38.8431 ] ] } },
{ "type": "Feature", "properties": { "reach_id": "46180600131", "river_group": "Obikhingou", "basin": "Amu Darya", "p_width_m": 67.0, "p_wse_m": 2448.6, "p_length_m": 11089.963, "n_overpasses": 56, "n_good_or_suspect": 21, "has_chart": true }, "geometry": { "type": "LineString", "coordinates": [ [ 71.3095, 38.8431 ], [ 71.3168, 38.849 ], [ 71.332, 38.8483 ], [ 71.3383, 38.8515 ], [ 71.3449, 38.8506 ], [ 71.3544, 38.8554 ], [ 71.3788, 38.8637 ], [ 71.3879, 38.8645 ], [ 71.3923, 38.8625 ], [ 71.3958, 38.8639 ], [ 71.3999, 38.8623 ], [ 71.4061, 38.8626 ], [ 71.4152, 38.8666 ], [ 71.4221, 38.8645 ] ] } },
{ "type": "Feature", "properties": { "reach_id": "46180600141", "river_group": "Obikhingou", "basin": "Amu Darya", "p_width_m": 378.0, "p_wse_m": 2561.4502, "p_length_m": 10911.258, "n_overpasses": 58, "n_good_or_suspect": 28, "has_chart": true }, "geometry": { "type": "LineString", "coordinates": [ [ 71.4221, 38.8645 ], [ 71.4256, 38.8656 ], [ 71.4292, 38.8692 ], [ 71.4337, 38.8701 ], [ 71.4419, 38.8671 ], [ 71.4584, 38.8647 ], [ 71.4912, 38.8734 ], [ 71.5018, 38.8694 ], [ 71.5155, 38.8674 ], [ 71.5381, 38.8712 ] ] } },
{ "type": "Feature", "properties": { "reach_id": "46180600156", "river_group": "Obikhingou", "basin": "Amu Darya", "p_width_m": 406.0, "p_wse_m": 2634.1, "p_length_m": 182.33347, "n_overpasses": 0, "n_good_or_suspect": 0, "has_chart": false }, "geometry": { "type": "LineString", "coordinates": [ [ 71.5381, 38.8712 ], [ 71.5399, 38.8721 ] ] } },
{ "type": "Feature", "properties": { "reach_id": "46180600171", "river_group": "Obikhingou; Obimazor", "basin": "Aral Sea drainage (unclassified tributary)", "p_width_m": 51.0, "p_wse_m": 2381.7, "p_length_m": 16396.508, "n_overpasses": 0, "n_good_or_suspect": 0, "has_chart": false }, "geometry": { "type": "LineString", "coordinates": [ [ 71.2036, 38.7756 ], [ 71.2081, 38.7751 ], [ 71.2182, 38.7705 ], [ 71.2365, 38.7496 ], [ 71.2425, 38.7396 ], [ 71.2504, 38.7366 ], [ 71.2578, 38.7314 ], [ 71.2661, 38.7309 ], [ 71.2873, 38.7244 ], [ 71.2957, 38.72 ], [ 71.304, 38.7184 ], [ 71.3126, 38.7069 ], [ 71.3221, 38.7014 ], [ 71.3243, 38.6973 ], [ 71.3282, 38.6954 ], [ 71.3376, 38.6863 ] ] } },
{ "type": "Feature", "properties": { "reach_id": "46180600186", "river_group": "Obikhingou; Obimazor", "basin": "Aral Sea drainage (unclassified tributary)", "p_width_m": 71.0, "p_wse_m": 2508.1, "p_length_m": 212.35332, "n_overpasses": 0, "n_good_or_suspect": 0, "has_chart": false }, "geometry": { "type": "LineString", "coordinates": [ [ 71.3376, 38.6863 ], [ 71.3374, 38.6844 ] ] } },
{ "type": "Feature", "properties": { "reach_id": "46180700171", "river_group": "Sorbogh", "basin": "Aral Sea drainage (unclassified tributary)", "p_width_m": 164.0, "p_wse_m": 1234.3, "p_length_m": 1391.3396, "n_overpasses": 52, "n_good_or_suspect": 29, "has_chart": true }, "geometry": { "type": "LineString", "coordinates": [ [ 70.1629, 38.9972 ], [ 70.163, 39.0028 ], [ 70.1688, 39.0082 ] ] } },
{ "type": "Feature", "properties": { "reach_id": "46180700184", "river_group": "Sorbogh", "basin": "Aral Sea drainage (unclassified tributary)", "p_width_m": 111.0, "p_wse_m": 1239.8501, "p_length_m": 395.14005, "n_overpasses": 0, "n_good_or_suspect": 0, "has_chart": false }, "geometry": { "type": "LineString", "coordinates": [ [ 70.1688, 39.0082 ], [ 70.1711, 39.0112 ] ] } },
{ "type": "Feature", "properties": { "reach_id": "46180700191", "river_group": "Sorbogh", "basin": "Aral Sea drainage (unclassified tributary)", "p_width_m": 54.0, "p_wse_m": 1293.6, "p_length_m": 19291.396, "n_overpasses": 0, "n_good_or_suspect": 0, "has_chart": false }, "geometry": { "type": "LineString", "coordinates": [ [ 70.1711, 39.0112 ], [ 70.1712, 39.0147 ], [ 70.1736, 39.0171 ], [ 70.1874, 39.0264 ], [ 70.1898, 39.0315 ], [ 70.1878, 39.0375 ], [ 70.1916, 39.0447 ], [ 70.1916, 39.0485 ], [ 70.196, 39.0547 ], [ 70.195, 39.0571 ], [ 70.2004, 39.0625 ], [ 70.2005, 39.0671 ], [ 70.1987, 39.0703 ], [ 70.2007, 39.0722 ], [ 70.2003, 39.0757 ], [ 70.2027, 39.0789 ], [ 70.2004, 39.0836 ], [ 70.2015, 39.0884 ], [ 70.2002, 39.0911 ], [ 70.2021, 39.0984 ], [ 70.1974, 39.1041 ], [ 70.1982, 39.1063 ], [ 70.1956, 39.1096 ], [ 70.1993, 39.113 ], [ 70.1978, 39.1163 ], [ 70.2001, 39.1241 ], [ 70.1963, 39.1258 ], [ 70.1946, 39.1285 ], [ 70.1977, 39.1347 ], [ 70.1977, 39.1382 ], [ 70.19, 39.1426 ], [ 70.1887, 39.1477 ], [ 70.1888, 39.1559 ], [ 70.1936, 39.1596 ] ] } },
{ "type": "Feature", "properties": { "reach_id": "46180700201", "river_group": "Sorbogh", "basin": "Aral Sea drainage (unclassified tributary)", "p_width_m": 42.0, "p_wse_m": 1497.5, "p_length_m": 18989.06, "n_overpasses": 0, "n_good_or_suspect": 0, "has_chart": false }, "geometry": { "type": "LineString", "coordinates": [ [ 70.1936, 39.1596 ], [ 70.1917, 39.1631 ], [ 70.1842, 39.1662 ], [ 70.1879, 39.1721 ], [ 70.187, 39.1745 ], [ 70.1885, 39.1772 ], [ 70.1859, 39.1795 ], [ 70.1851, 39.1832 ], [ 70.191, 39.1915 ], [ 70.1924, 39.2018 ], [ 70.1926, 39.2072 ], [ 70.1884, 39.2134 ], [ 70.1835, 39.2138 ], [ 70.1724, 39.2114 ], [ 70.1632, 39.2048 ], [ 70.1511, 39.2071 ], [ 70.1363, 39.2145 ], [ 70.1241, 39.2115 ], [ 70.1175, 39.2115 ], [ 70.1036, 39.2146 ], [ 70.0953, 39.2182 ], [ 70.086, 39.2243 ], [ 70.082, 39.2302 ], [ 70.0716, 39.2372 ] ] } },
{ "type": "Feature", "properties": { "reach_id": "46180700216", "river_group": "Sorbogh", "basin": "Aral Sea drainage (unclassified tributary)", "p_width_m": 36.0, "p_wse_m": 1909.25, "p_length_m": 214.75085, "n_overpasses": 0, "n_good_or_suspect": 0, "has_chart": false }, "geometry": { "type": "LineString", "coordinates": [ [ 70.0716, 39.2372 ], [ 70.0692, 39.237 ] ] } },
{ "type": "Feature", "properties": { "reach_id": "46180800011", "river_group": "Muksu", "basin": "Aral Sea drainage (unclassified tributary)", "p_width_m": 240.0, "p_wse_m": 1914.45, "p_length_m": 18816.105, "n_overpasses": 58, "n_good_or_suspect": 21, "has_chart": true }, "geometry": { "type": "LineString", "coordinates": [ [ 71.3792, 39.2682 ], [ 71.3871, 39.2648 ], [ 71.4017, 39.2642 ], [ 71.4179, 39.2593 ], [ 71.4459, 39.2553 ], [ 71.4638, 39.2498 ], [ 71.4799, 39.2339 ], [ 71.4951, 39.2222 ], [ 71.5065, 39.2182 ], [ 71.5109, 39.2116 ], [ 71.5252, 39.1991 ], [ 71.5313, 39.1948 ], [ 71.5386, 39.1935 ], [ 71.54, 39.1918 ], [ 71.5391, 39.1875 ], [ 71.5461, 39.1803 ] ] } },
{ "type": "Feature", "properties": { "reach_id": "46180800021", "river_group": "Muksu", "basin": "Aral Sea drainage (unclassified tributary)", "p_width_m": 84.0, "p_wse_m": 2040.3501, "p_length_m": 10046.336, "n_overpasses": 58, "n_good_or_suspect": 28, "has_chart": true }, "geometry": { "type": "LineString", "coordinates": [ [ 71.5461, 39.1803 ], [ 71.5551, 39.1736 ], [ 71.5542, 39.1704 ], [ 71.5582, 39.1602 ], [ 71.5648, 39.1609 ], [ 71.5744, 39.1571 ], [ 71.5848, 39.1479 ], [ 71.595, 39.1495 ], [ 71.6, 39.1453 ], [ 71.6073, 39.1437 ], [ 71.6092, 39.1404 ], [ 71.6124, 39.1414 ], [ 71.6172, 39.14 ], [ 71.6256, 39.1337 ] ] } },
{ "type": "Feature", "properties": { "reach_id": "46180800031", "river_group": "Muksu", "basin": "Aral Sea drainage (unclassified tributary)", "p_width_m": 75.0, "p_wse_m": 2128.3, "p_length_m": 10261.457, "n_overpasses": 57, "n_good_or_suspect": 23, "has_chart": true }, "geometry": { "type": "LineString", "coordinates": [ [ 71.6256, 39.1337 ], [ 71.6292, 39.1344 ], [ 71.6314, 39.1397 ], [ 71.6373, 39.1401 ], [ 71.6402, 39.1432 ], [ 71.6437, 39.1442 ], [ 71.6493, 39.144 ], [ 71.654, 39.1409 ], [ 71.6602, 39.1407 ], [ 71.6672, 39.1416 ], [ 71.6747, 39.1458 ], [ 71.6795, 39.1449 ], [ 71.6855, 39.1399 ], [ 71.6942, 39.1383 ], [ 71.6973, 39.1388 ], [ 71.6995, 39.1412 ], [ 71.7025, 39.1398 ], [ 71.7042, 39.1367 ], [ 71.7133, 39.1384 ], [ 71.7226, 39.1376 ] ] } },
{ "type": "Feature", "properties": { "reach_id": "46180800041", "river_group": "Muksu", "basin": "Aral Sea drainage (unclassified tributary)", "p_width_m": 63.0, "p_wse_m": 2247.9001, "p_length_m": 10267.943, "n_overpasses": 50, "n_good_or_suspect": 4, "has_chart": false }, "geometry": { "type": "LineString", "coordinates": [ [ 71.7226, 39.1376 ], [ 71.7312, 39.1351 ], [ 71.7339, 39.131 ], [ 71.7373, 39.1323 ], [ 71.7396, 39.1299 ], [ 71.7456, 39.1303 ], [ 71.7554, 39.1257 ], [ 71.763, 39.1246 ], [ 71.7686, 39.1254 ], [ 71.7809, 39.1328 ], [ 71.7828, 39.1349 ], [ 71.7805, 39.1374 ], [ 71.7844, 39.1391 ], [ 71.7883, 39.14 ], [ 71.7952, 39.1384 ], [ 71.8043, 39.1402 ], [ 71.8068, 39.1443 ], [ 71.8151, 39.1417 ] ] } },
{ "type": "Feature", "properties": { "reach_id": "46180800061", "river_group": "Muksu", "basin": "Aral Sea drainage (unclassified tributary)", "p_width_m": 77.0, "p_wse_m": 2432.8, "p_length_m": 18707.994, "n_overpasses": 0, "n_good_or_suspect": 0, "has_chart": false }, "geometry": { "type": "LineString", "coordinates": [ [ 71.8151, 39.1417 ], [ 71.8311, 39.1423 ], [ 71.8369, 39.1405 ], [ 71.8405, 39.1443 ], [ 71.8615, 39.1476 ], [ 71.8656, 39.152 ], [ 71.8753, 39.1538 ], [ 71.881, 39.1595 ], [ 71.8879, 39.1577 ], [ 71.8935, 39.1586 ], [ 71.9, 39.1552 ], [ 71.9076, 39.1551 ], [ 71.9164, 39.1588 ], [ 71.9255, 39.1605 ], [ 71.9291, 39.1629 ], [ 71.942, 39.1633 ], [ 71.9474, 39.1611 ], [ 71.9649, 39.1726 ], [ 71.9731, 39.1694 ], [ 71.9806, 39.1746 ], [ 71.9879, 39.1741 ], [ 72.0003, 39.179 ] ] } },
{ "type": "Feature", "properties": { "reach_id": "46180800071", "river_group": "Muksu", "basin": "Aral Sea drainage (unclassified tributary)", "p_width_m": 120.0, "p_wse_m": 2606.85, "p_length_m": 11346.093, "n_overpasses": 53, "n_good_or_suspect": 41, "has_chart": true }, "geometry": { "type": "LineString", "coordinates": [ [ 72.0003, 39.179 ], [ 72.0083, 39.1795 ], [ 72.0251, 39.1856 ], [ 72.0359, 39.1846 ], [ 72.0577, 39.193 ], [ 72.0626, 39.1928 ], [ 72.0791, 39.1967 ], [ 72.092, 39.1955 ], [ 72.0995, 39.2004 ], [ 72.1205, 39.195 ] ] } },
{ "type": "Feature", "properties": { "reach_id": "46180800081", "river_group": "Muksu", "basin": "Aral Sea drainage (unclassified tributary)", "p_width_m": 258.0, "p_wse_m": 2695.4001, "p_length_m": 11376.474, "n_overpasses": 22, "n_good_or_suspect": 7, "has_chart": true }, "geometry": { "type": "LineString", "coordinates": [ [ 72.1205, 39.195 ], [ 72.1382, 39.1863 ], [ 72.15, 39.1861 ], [ 72.1553, 39.184 ], [ 72.1609, 39.1846 ], [ 72.1662, 39.1822 ], [ 72.1749, 39.1823 ], [ 72.1913, 39.1791 ], [ 72.2021, 39.1795 ], [ 72.2392, 39.1712 ], [ 72.2437, 39.1719 ] ] } },
{ "type": "Feature", "properties": { "reach_id": "46180800091", "river_group": "Muksu", "basin": "Aral Sea drainage (unclassified tributary)", "p_width_m": 402.0, "p_wse_m": 2824.0, "p_length_m": 15783.302, "n_overpasses": 17, "n_good_or_suspect": 0, "has_chart": false }, "geometry": { "type": "LineString", "coordinates": [ [ 72.2437, 39.1719 ], [ 72.2476, 39.1682 ], [ 72.2536, 39.1663 ], [ 72.2658, 39.1663 ], [ 72.2742, 39.1646 ], [ 72.2832, 39.1653 ], [ 72.2911, 39.1636 ], [ 72.298, 39.1555 ], [ 72.2967, 39.1479 ], [ 72.302, 39.1361 ], [ 72.3015, 39.1212 ], [ 72.307, 39.1113 ], [ 72.3235, 39.0944 ], [ 72.3277, 39.0921 ], [ 72.3298, 39.0883 ], [ 72.3484, 39.0826 ] ] } },
{ "type": "Feature", "properties": { "reach_id": "46191000011", "river_group": "Panj", "basin": "Amu Darya", "p_width_m": 351.0, "p_wse_m": 320.0, "p_length_m": 8367.44, "n_overpasses": 53, "n_good_or_suspect": 48, "has_chart": true }, "geometry": { "type": "LineString", "coordinates": [ [ 68.3142, 37.1088 ], [ 68.3429, 37.1082 ], [ 68.3747, 37.0978 ], [ 68.3808, 37.0986 ], [ 68.3912, 37.1057 ], [ 68.4013, 37.1026 ] ] } },
{ "type": "Feature", "properties": { "reach_id": "46191000023", "river_group": "Panj", "basin": "Amu Darya", "p_width_m": 300.0, "p_wse_m": 320.1, "p_length_m": 2448.0261, "n_overpasses": 0, "n_good_or_suspect": 0, "has_chart": false }, "geometry": { "type": "LineString", "coordinates": [ [ 68.4013, 37.1026 ], [ 68.4118, 37.0989 ], [ 68.4166, 37.1 ], [ 68.4165, 37.1032 ], [ 68.4118, 37.1074 ] ] } },
{ "type": "Feature", "properties": { "reach_id": "46191000031", "river_group": "Panj", "basin": "Amu Darya", "p_width_m": 441.5, "p_wse_m": 321.5, "p_length_m": 12369.5205, "n_overpasses": 84, "n_good_or_suspect": 67, "has_chart": true }, "geometry": { "type": "LineString", "coordinates": [ [ 68.4118, 37.1074 ], [ 68.4073, 37.1142 ], [ 68.41, 37.1202 ], [ 68.4207, 37.1264 ], [ 68.4363, 37.1293 ], [ 68.4501, 37.1351 ], [ 68.4553, 37.1401 ], [ 68.4665, 37.1574 ], [ 68.4796, 37.1594 ], [ 68.4948, 37.1585 ], [ 68.5093, 37.1598 ] ] } },
{ "type": "Feature", "properties": { "reach_id": "46191000041", "river_group": "Panj", "basin": "Amu Darya", "p_width_m": 457.0, "p_wse_m": 325.1, "p_length_m": 14712.502, "n_overpasses": 84, "n_good_or_suspect": 43, "has_chart": true }, "geometry": { "type": "LineString", "coordinates": [ [ 68.5093, 37.1598 ], [ 68.5229, 37.1601 ], [ 68.5397, 37.1651 ], [ 68.5471, 37.1692 ], [ 68.5565, 37.1798 ], [ 68.5774, 37.1889 ], [ 68.6044, 37.1953 ], [ 68.6153, 37.1962 ], [ 68.6224, 37.1924 ], [ 68.6271, 37.1868 ], [ 68.6302, 37.1865 ], [ 68.6363, 37.1881 ], [ 68.6453, 37.1952 ], [ 68.6511, 37.196 ] ] } },
{ "type": "Feature", "properties": { "reach_id": "46191000051", "river_group": "Panj", "basin": "Amu Darya", "p_width_m": 593.0, "p_wse_m": 328.2, "p_length_m": 12994.622, "n_overpasses": 84, "n_good_or_suspect": 34, "has_chart": true }, "geometry": { "type": "LineString", "coordinates": [ [ 68.6511, 37.196 ], [ 68.6551, 37.1957 ], [ 68.664, 37.1914 ], [ 68.6785, 37.1808 ], [ 68.6829, 37.1796 ], [ 68.6921, 37.1808 ], [ 68.6977, 37.1848 ], [ 68.7033, 37.1921 ], [ 68.7106, 37.2084 ], [ 68.7149, 37.213 ], [ 68.7335, 37.2201 ], [ 68.7423, 37.2278 ], [ 68.7592, 37.2292 ] ] } },
{ "type": "Feature", "properties": { "reach_id": "46191000061", "river_group": "Panj", "basin": "Amu Darya", "p_width_m": 754.0, "p_wse_m": 331.7, "p_length_m": 18236.98, "n_overpasses": 55, "n_good_or_suspect": 35, "has_chart": true }, "geometry": { "type": "LineString", "coordinates": [ [ 68.7592, 37.2292 ], [ 68.8035, 37.2284 ], [ 68.8202, 37.2373 ], [ 68.8261, 37.251 ], [ 68.8335, 37.2575 ], [ 68.843, 37.2595 ], [ 68.8511, 37.2633 ], [ 68.8602, 37.2603 ], [ 68.8829, 37.2596 ], [ 68.9042, 37.2697 ], [ 68.9221, 37.2749 ], [ 68.9289, 37.2787 ], [ 68.931, 37.283 ] ] } },
{ "type": "Feature", "properties": { "reach_id": "46191000071", "river_group": "Panj", "basin": "Amu Darya", "p_width_m": 944.0, "p_wse_m": 341.5, "p_length_m": 18181.322, "n_overpasses": 56, "n_good_or_suspect": 38, "has_chart": true }, "geometry": { "type": "LineString", "coordinates": [ [ 68.931, 37.283 ], [ 68.9319, 37.2866 ], [ 68.9295, 37.2963 ], [ 68.932, 37.3044 ], [ 68.9488, 37.3115 ], [ 68.9546, 37.3121 ], [ 68.9651, 37.3075 ], [ 68.9749, 37.2996 ], [ 68.981, 37.2983 ], [ 68.9982, 37.2876 ], [ 69.0011, 37.2828 ], [ 69.0148, 37.2704 ], [ 69.0219, 37.2603 ], [ 69.0301, 37.2565 ], [ 69.0361, 37.2506 ], [ 69.0561, 37.2448 ], [ 69.0606, 37.2384 ], [ 69.0659, 37.2356 ] ] } },
{ "type": "Feature", "properties": { "reach_id": "46191000081", "river_group": "Panj", "basin": "Amu Darya", "p_width_m": 806.0, "p_wse_m": 362.6, "p_length_m": 13979.978, "n_overpasses": 82, "n_good_or_suspect": 63, "has_chart": true }, "geometry": { "type": "LineString", "coordinates": [ [ 69.0659, 37.2356 ], [ 69.072, 37.2336 ], [ 69.0764, 37.2288 ], [ 69.0881, 37.2217 ], [ 69.0885, 37.2111 ], [ 69.0908, 37.2041 ], [ 69.1048, 37.1895 ], [ 69.1128, 37.1741 ], [ 69.127, 37.1659 ], [ 69.1337, 37.1592 ], [ 69.1405, 37.1566 ], [ 69.157, 37.1547 ], [ 69.1632, 37.1491 ] ] } },
{ "type": "Feature", "properties": { "reach_id": "46191000091", "river_group": "Panj", "basin": "Amu Darya", "p_width_m": 445.0, "p_wse_m": 385.5, "p_length_m": 16159.609, "n_overpasses": 83, "n_good_or_suspect": 56, "has_chart": true }, "geometry": { "type": "LineString", "coordinates": [ [ 69.1632, 37.1491 ], [ 69.1685, 37.1448 ], [ 69.1766, 37.1448 ], [ 69.1844, 37.1427 ], [ 69.1878, 37.1382 ], [ 69.1938, 37.1346 ], [ 69.2161, 37.1247 ], [ 69.24, 37.0981 ], [ 69.2501, 37.0936 ], [ 69.2643, 37.095 ], [ 69.2707, 37.0986 ], [ 69.2887, 37.114 ], [ 69.3045, 37.1156 ] ] } },
{ "type": "Feature", "properties": { "reach_id": "46191000101", "river_group": "Panj", "basin": "Amu Darya", "p_width_m": 225.0, "p_wse_m": 406.0, "p_length_m": 11179.444, "n_overpasses": 82, "n_good_or_suspect": 67, "has_chart": true }, "geometry": { "type": "LineString", "coordinates": [ [ 69.3045, 37.1156 ], [ 69.3234, 37.1185 ], [ 69.3281, 37.1239 ], [ 69.3331, 37.135 ], [ 69.3379, 37.1401 ], [ 69.3476, 37.1482 ], [ 69.358, 37.1531 ], [ 69.3643, 37.1611 ], [ 69.3706, 37.1662 ], [ 69.3777, 37.1673 ], [ 69.3973, 37.1642 ] ] } },
{ "type": "Feature", "properties": { "reach_id": "46192000011", "river_group": "Kokcha River", "basin": "Amu Darya", "p_width_m": 126.0, "p_wse_m": 433.27502, "p_length_m": 10502.629, "n_overpasses": 57, "n_good_or_suspect": 47, "has_chart": true }, "geometry": { "type": "LineString", "coordinates": [ [ 69.3973, 37.1642 ], [ 69.4003, 37.1606 ], [ 69.4091, 37.1593 ], [ 69.4252, 37.146 ], [ 69.4279, 37.1403 ], [ 69.435, 37.1385 ], [ 69.4387, 37.1331 ], [ 69.445, 37.1292 ], [ 69.4465, 37.1248 ], [ 69.4559, 37.1156 ], [ 69.4587, 37.1061 ], [ 69.4656, 37.0951 ] ] } },
{ "type": "Feature", "properties": { "reach_id": "46192000021", "river_group": "Kokcha River", "basin": "Amu Darya", "p_width_m": 67.0, "p_wse_m": 474.30002, "p_length_m": 10497.596, "n_overpasses": 57, "n_good_or_suspect": 46, "has_chart": true }, "geometry": { "type": "LineString", "coordinates": [ [ 69.4656, 37.0951 ], [ 69.4677, 37.0937 ], [ 69.4725, 37.079 ], [ 69.4779, 37.0709 ], [ 69.4805, 37.0693 ], [ 69.4893, 37.0684 ], [ 69.4933, 37.066 ], [ 69.4994, 37.0677 ], [ 69.5028, 37.065 ], [ 69.5065, 37.0655 ], [ 69.5065, 37.0602 ], [ 69.5145, 37.057 ], [ 69.5234, 37.0483 ], [ 69.5245, 37.0443 ], [ 69.5293, 37.0438 ], [ 69.5363, 37.0369 ] ] } },
{ "type": "Feature", "properties": { "reach_id": "46192000031", "river_group": "Kokcha River", "basin": "Amu Darya", "p_width_m": 54.0, "p_wse_m": 506.1, "p_length_m": 10496.519, "n_overpasses": 57, "n_good_or_suspect": 51, "has_chart": true }, "geometry": { "type": "LineString", "coordinates": [ [ 69.5363, 37.0369 ], [ 69.5511, 37.0303 ], [ 69.5534, 37.0275 ], [ 69.5629, 37.0247 ], [ 69.5655, 37.0197 ], [ 69.5773, 37.0221 ], [ 69.5805, 37.0172 ], [ 69.5806, 37.0123 ], [ 69.5853, 37.0085 ], [ 69.5872, 37.0017 ], [ 69.5977, 36.9929 ], [ 69.6027, 36.9925 ], [ 69.6098, 36.9949 ], [ 69.6135, 36.9922 ], [ 69.6152, 36.994 ] ] } },
{ "type": "Feature", "properties": { "reach_id": "46192000041", "river_group": "Kokcha River", "basin": "Amu Darya", "p_width_m": 48.0, "p_wse_m": 535.0, "p_length_m": 10487.185, "n_overpasses": 57, "n_good_or_suspect": 51, "has_chart": true }, "geometry": { "type": "LineString", "coordinates": [ [ 69.6152, 36.994 ], [ 69.62, 36.9951 ], [ 69.6266, 36.9887 ], [ 69.631, 36.9898 ], [ 69.6311, 36.9872 ], [ 69.6367, 36.9844 ], [ 69.6374, 36.9815 ], [ 69.6411, 36.9814 ], [ 69.6425, 36.9771 ], [ 69.6477, 36.9744 ], [ 69.6454, 36.9714 ], [ 69.647, 36.9673 ], [ 69.6517, 36.9634 ], [ 69.6586, 36.9621 ], [ 69.6637, 36.948 ], [ 69.6698, 36.9474 ], [ 69.6751, 36.9445 ], [ 69.6812, 36.9444 ], [ 69.6835, 36.9463 ] ] } },
{ "type": "Feature", "properties": { "reach_id": "46192000051", "river_group": "Kokcha River", "basin": "Amu Darya", "p_width_m": 57.0, "p_wse_m": 590.60004, "p_length_m": 18750.387, "n_overpasses": 57, "n_good_or_suspect": 35, "has_chart": true }, "geometry": { "type": "LineString", "coordinates": [ [ 69.6835, 36.9463 ], [ 69.6885, 36.9414 ], [ 69.685, 36.939 ], [ 69.6889, 36.935 ], [ 69.6916, 36.9342 ], [ 69.6946, 36.9372 ], [ 69.6994, 36.9322 ], [ 69.7033, 36.9316 ], [ 69.7083, 36.9251 ], [ 69.7157, 36.9248 ], [ 69.7206, 36.9188 ], [ 69.7145, 36.9153 ], [ 69.7127, 36.9102 ], [ 69.709, 36.9094 ], [ 69.7095, 36.9067 ], [ 69.7076, 36.9048 ], [ 69.7178, 36.8999 ], [ 69.7211, 36.8918 ], [ 69.7346, 36.8905 ], [ 69.7384, 36.8868 ], [ 69.7387, 36.8843 ], [ 69.7455, 36.8789 ], [ 69.7424, 36.8743 ], [ 69.7397, 36.8738 ], [ 69.7392, 36.87 ], [ 69.7364, 36.8665 ], [ 69.7464, 36.859 ], [ 69.7531, 36.8601 ], [ 69.7713, 36.8544 ] ] } },
{ "type": "Feature", "properties": { "reach_id": "46192000061", "river_group": "Kokcha River", "basin": "Amu Darya", "p_width_m": 42.0, "p_wse_m": 639.60004, "p_length_m": 10985.041, "n_overpasses": 30, "n_good_or_suspect": 28, "has_chart": true }, "geometry": { "type": "LineString", "coordinates": [ [ 69.7713, 36.8544 ], [ 69.7712, 36.8511 ], [ 69.7749, 36.8488 ], [ 69.7894, 36.8543 ], [ 69.7892, 36.8624 ], [ 69.7816, 36.8773 ], [ 69.7821, 36.883 ], [ 69.7882, 36.8875 ], [ 69.7979, 36.8883 ], [ 69.81, 36.8863 ], [ 69.8174, 36.8917 ], [ 69.8262, 36.8895 ], [ 69.8353, 36.8909 ] ] } },
{ "type": "Feature", "properties": { "reach_id": "46192000071", "river_group": "Kokcha River", "basin": "Amu Darya", "p_width_m": 42.0, "p_wse_m": 705.8, "p_length_m": 11006.416, "n_overpasses": 74, "n_good_or_suspect": 25, "has_chart": true }, "geometry": { "type": "LineString", "coordinates": [ [ 69.8353, 36.8909 ], [ 69.8379, 36.8902 ], [ 69.8399, 36.8861 ], [ 69.8456, 36.8836 ], [ 69.8496, 36.8757 ], [ 69.8556, 36.8749 ], [ 69.8641, 36.8769 ], [ 69.8747, 36.887 ], [ 69.8756, 36.8895 ], [ 69.8876, 36.8933 ], [ 69.8867, 36.9004 ], [ 69.8834, 36.9077 ], [ 69.8855, 36.9136 ], [ 69.8908, 36.9163 ], [ 69.8971, 36.9144 ], [ 69.9052, 36.9159 ] ] } },
{ "type": "Feature", "properties": { "reach_id": "46192000081", "river_group": "Kokcha River", "basin": "Amu Darya", "p_width_m": 42.0, "p_wse_m": 755.3, "p_length_m": 16246.511, "n_overpasses": 85, "n_good_or_suspect": 59, "has_chart": true }, "geometry": { "type": "LineString", "coordinates": [ [ 69.9052, 36.9159 ], [ 69.907, 36.9177 ], [ 69.9174, 36.9159 ], [ 69.9234, 36.9101 ], [ 69.9278, 36.9119 ], [ 69.9329, 36.9184 ], [ 69.9386, 36.9202 ], [ 69.9434, 36.9198 ], [ 69.9444, 36.9164 ], [ 69.9467, 36.9154 ], [ 69.9538, 36.9169 ], [ 69.9608, 36.9162 ], [ 69.9636, 36.9181 ], [ 69.9639, 36.9225 ], [ 69.9738, 36.9276 ], [ 69.9773, 36.9259 ], [ 69.9794, 36.9225 ], [ 69.9868, 36.9212 ], [ 69.997, 36.9249 ], [ 70.0018, 36.9322 ], [ 70.0096, 36.9348 ], [ 70.0157, 36.9409 ], [ 70.0225, 36.9412 ], [ 70.0335, 36.9363 ], [ 70.0386, 36.9383 ], [ 70.0411, 36.9424 ] ] } },
{ "type": "Feature", "properties": { "reach_id": "46192000091", "river_group": "Kokcha River", "basin": "Amu Darya", "p_width_m": 42.0, "p_wse_m": 799.7, "p_length_m": 10203.153, "n_overpasses": 55, "n_good_or_suspect": 47, "has_chart": true }, "geometry": { "type": "LineString", "coordinates": [ [ 70.0411, 36.9424 ], [ 70.0472, 36.9474 ], [ 70.0457, 36.9537 ], [ 70.0479, 36.9564 ], [ 70.0422, 36.9629 ], [ 70.0422, 36.9651 ], [ 70.0485, 36.9718 ], [ 70.0538, 36.9747 ], [ 70.0564, 36.9831 ], [ 70.0628, 36.9861 ], [ 70.0682, 36.9855 ], [ 70.0865, 36.9901 ], [ 70.0902, 36.9938 ], [ 70.098, 36.9925 ], [ 70.1002, 36.9965 ] ] } },
{ "type": "Feature", "properties": { "reach_id": "46192000101", "river_group": "Kokcha River", "basin": "Amu Darya", "p_width_m": 42.0, "p_wse_m": 840.8, "p_length_m": 10179.167, "n_overpasses": 55, "n_good_or_suspect": 42, "has_chart": true }, "geometry": { "type": "LineString", "coordinates": [ [ 70.1002, 36.9965 ], [ 70.1072, 37.0015 ], [ 70.1053, 37.007 ], [ 70.1067, 37.0202 ], [ 70.1121, 37.0274 ], [ 70.1125, 37.0331 ], [ 70.1185, 37.0338 ], [ 70.1219, 37.0382 ], [ 70.1308, 37.043 ], [ 70.1298, 37.0476 ], [ 70.1315, 37.0491 ], [ 70.142, 37.0479 ], [ 70.1518, 37.0506 ], [ 70.1555, 37.0535 ], [ 70.1542, 37.0554 ] ] } },
{ "type": "Feature", "properties": { "reach_id": "46192000111", "river_group": "Kokcha River", "basin": "Amu Darya", "p_width_m": 62.0, "p_wse_m": 888.60004, "p_length_m": 10188.726, "n_overpasses": 55, "n_good_or_suspect": 53, "has_chart": true }, "geometry": { "type": "LineString", "coordinates": [ [ 70.1542, 37.0554 ], [ 70.1526, 37.0571 ], [ 70.1546, 37.0598 ], [ 70.1537, 37.0644 ], [ 70.1596, 37.0706 ], [ 70.1603, 37.0759 ], [ 70.1639, 37.0805 ], [ 70.1609, 37.0851 ], [ 70.1627, 37.0959 ], [ 70.1598, 37.0986 ], [ 70.1596, 37.1014 ], [ 70.1655, 37.1048 ], [ 70.1697, 37.1129 ], [ 70.1698, 37.1194 ], [ 70.1833, 37.1229 ], [ 70.1859, 37.1252 ], [ 70.1859, 37.1284 ] ] } },
{ "type": "Feature", "properties": { "reach_id": "46192000121", "river_group": "Kokcha River", "basin": "Amu Darya", "p_width_m": 63.0, "p_wse_m": 931.75, "p_length_m": 10203.322, "n_overpasses": 55, "n_good_or_suspect": 48, "has_chart": true }, "geometry": { "type": "LineString", "coordinates": [ [ 70.1859, 37.1284 ], [ 70.1902, 37.1319 ], [ 70.189, 37.1414 ], [ 70.1922, 37.1467 ], [ 70.1915, 37.1508 ], [ 70.1961, 37.1516 ], [ 70.2043, 37.1582 ], [ 70.1999, 37.1621 ], [ 70.2025, 37.1652 ], [ 70.2096, 37.1676 ], [ 70.2086, 37.1717 ], [ 70.2097, 37.1731 ], [ 70.2169, 37.1782 ], [ 70.2203, 37.1785 ], [ 70.221, 37.1762 ], [ 70.2256, 37.1752 ], [ 70.2293, 37.1714 ], [ 70.2327, 37.172 ], [ 70.2387, 37.1689 ] ] } },
{ "type": "Feature", "properties": { "reach_id": "46192000131", "river_group": "Kokcha River", "basin": "Amu Darya", "p_width_m": 67.0, "p_wse_m": 1000.2, "p_length_m": 10168.395, "n_overpasses": 55, "n_good_or_suspect": 32, "has_chart": true }, "geometry": { "type": "LineString", "coordinates": [ [ 70.2387, 37.1689 ], [ 70.2418, 37.1695 ], [ 70.2454, 37.1743 ], [ 70.2458, 37.1811 ], [ 70.2521, 37.1827 ], [ 70.2592, 37.1871 ], [ 70.2593, 37.1907 ], [ 70.2655, 37.1973 ], [ 70.2676, 37.2079 ], [ 70.2766, 37.2172 ], [ 70.2818, 37.2189 ], [ 70.2869, 37.223 ], [ 70.2964, 37.2237 ], [ 70.3013, 37.2216 ], [ 70.3037, 37.2163 ] ] } },
{ "type": "Feature", "properties": { "reach_id": "46192000141", "river_group": "Kokcha River", "basin": "Amu Darya", "p_width_m": 84.0, "p_wse_m": 1063.1, "p_length_m": 12744.039, "n_overpasses": 54, "n_good_or_suspect": 35, "has_chart": true }, "geometry": { "type": "LineString", "coordinates": [ [ 70.3037, 37.2163 ], [ 70.3087, 37.2123 ], [ 70.3162, 37.2124 ], [ 70.3241, 37.2237 ], [ 70.3247, 37.2296 ], [ 70.3402, 37.2338 ], [ 70.3506, 37.2289 ], [ 70.358, 37.228 ], [ 70.3647, 37.224 ], [ 70.3729, 37.2257 ], [ 70.3793, 37.2243 ], [ 70.3839, 37.2201 ], [ 70.391, 37.2175 ], [ 70.4002, 37.2214 ], [ 70.4053, 37.2212 ], [ 70.4162, 37.2266 ] ] } },
{ "type": "Feature", "properties": { "reach_id": "46192000151", "river_group": "Kokcha River", "basin": "Amu Darya", "p_width_m": 75.0, "p_wse_m": 1092.6, "p_length_m": 12029.019, "n_overpasses": 55, "n_good_or_suspect": 26, "has_chart": true }, "geometry": { "type": "LineString", "coordinates": [ [ 70.4162, 37.2266 ], [ 70.4305, 37.2313 ], [ 70.4385, 37.2259 ], [ 70.4456, 37.2251 ], [ 70.4607, 37.2193 ], [ 70.4621, 37.2178 ], [ 70.461, 37.2135 ], [ 70.4663, 37.2112 ], [ 70.4706, 37.2071 ], [ 70.4865, 37.2064 ], [ 70.4917, 37.2012 ], [ 70.4944, 37.1912 ], [ 70.4995, 37.1878 ], [ 70.5075, 37.1788 ], [ 70.5126, 37.1777 ] ] } },
{ "type": "Feature", "properties": { "reach_id": "46192000161", "river_group": "Kokcha River", "basin": "Amu Darya", "p_width_m": 80.0, "p_wse_m": 1141.9, "p_length_m": 12009.096, "n_overpasses": 83, "n_good_or_suspect": 47, "has_chart": true }, "geometry": { "type": "LineString", "coordinates": [ [ 70.5126, 37.1777 ], [ 70.516, 37.1787 ], [ 70.5234, 37.1724 ], [ 70.5189, 37.1681 ], [ 70.5183, 37.1611 ], [ 70.5214, 37.1573 ], [ 70.5189, 37.1473 ], [ 70.5262, 37.1364 ], [ 70.5272, 37.1307 ], [ 70.5332, 37.1258 ], [ 70.5315, 37.1209 ], [ 70.5266, 37.1156 ], [ 70.5256, 37.1115 ], [ 70.519, 37.11 ], [ 70.5218, 37.0983 ], [ 70.5305, 37.0946 ] ] } },
{ "type": "Feature", "properties": { "reach_id": "46192000171", "river_group": "Kokcha River", "basin": "Amu Darya", "p_width_m": 54.0, "p_wse_m": 1201.2001, "p_length_m": 14542.054, "n_overpasses": 54, "n_good_or_suspect": 17, "has_chart": true }, "geometry": { "type": "LineString", "coordinates": [ [ 70.5305, 37.0946 ], [ 70.5369, 37.0941 ], [ 70.5454, 37.096 ], [ 70.5575, 37.11 ], [ 70.5614, 37.1176 ], [ 70.5654, 37.1189 ], [ 70.5728, 37.1174 ], [ 70.5794, 37.1125 ], [ 70.5832, 37.1056 ], [ 70.588, 37.1015 ], [ 70.5958, 37.1006 ], [ 70.6004, 37.0984 ], [ 70.6012, 37.0865 ], [ 70.597, 37.0733 ], [ 70.5984, 37.0652 ], [ 70.606, 37.0573 ], [ 70.6147, 37.0547 ] ] } },
{ "type": "Feature", "properties": { "reach_id": "46192000181", "river_group": "Kokcha River", "basin": "Amu Darya", "p_width_m": 67.0, "p_wse_m": 1276.7001, "p_length_m": 10318.146, "n_overpasses": 56, "n_good_or_suspect": 37, "has_chart": true }, "geometry": { "type": "LineString", "coordinates": [ [ 70.6147, 37.0547 ], [ 70.6372, 37.0496 ], [ 70.6478, 37.0552 ], [ 70.6546, 37.0563 ], [ 70.6616, 37.0536 ], [ 70.669, 37.0534 ], [ 70.6728, 37.0552 ], [ 70.6913, 37.053 ], [ 70.6997, 37.0562 ], [ 70.7043, 37.0667 ], [ 70.7116, 37.0717 ] ] } },
{ "type": "Feature", "properties": { "reach_id": "46192000191", "river_group": "Kokcha River", "basin": "Amu Darya", "p_width_m": 54.0, "p_wse_m": 1336.3, "p_length_m": 10366.848, "n_overpasses": 56, "n_good_or_suspect": 31, "has_chart": true }, "geometry": { "type": "LineString", "coordinates": [ [ 70.7116, 37.0717 ], [ 70.7184, 37.0738 ], [ 70.7365, 37.0703 ], [ 70.7467, 37.0712 ], [ 70.7631, 37.0644 ], [ 70.768, 37.0609 ], [ 70.7772, 37.0494 ], [ 70.7882, 37.0441 ], [ 70.7894, 37.0365 ], [ 70.7855, 37.0273 ], [ 70.7865, 37.0262 ] ] } },
{ "type": "Feature", "properties": { "reach_id": "46192000201", "river_group": "Kokcha River", "basin": "Amu Darya", "p_width_m": 42.0, "p_wse_m": 1407.65, "p_length_m": 18472.588, "n_overpasses": 56, "n_good_or_suspect": 18, "has_chart": true }, "geometry": { "type": "LineString", "coordinates": [ [ 70.7865, 37.0262 ], [ 70.7903, 37.0183 ], [ 70.7987, 37.0149 ], [ 70.802, 37.0117 ], [ 70.8031, 37.0071 ], [ 70.8083, 37.0016 ], [ 70.8067, 36.997 ], [ 70.8133, 36.9926 ], [ 70.8135, 36.9874 ], [ 70.8175, 36.9817 ], [ 70.8222, 36.9795 ], [ 70.8295, 36.9664 ], [ 70.8412, 36.9602 ], [ 70.8553, 36.9579 ], [ 70.8633, 36.9529 ], [ 70.8669, 36.9425 ], [ 70.8662, 36.9347 ], [ 70.8616, 36.9313 ], [ 70.8591, 36.9272 ], [ 70.8518, 36.9238 ], [ 70.8514, 36.9211 ], [ 70.8447, 36.9164 ], [ 70.8413, 36.9116 ], [ 70.8398, 36.9035 ] ] } },
{ "type": "Feature", "properties": { "reach_id": "46192000211", "river_group": "Kokcha River", "basin": "Amu Darya", "p_width_m": 42.0, "p_wse_m": 1507.9, "p_length_m": 18491.87, "n_overpasses": 56, "n_good_or_suspect": 32, "has_chart": true }, "geometry": { "type": "LineString", "coordinates": [ [ 70.8398, 36.9035 ], [ 70.839, 36.8994 ], [ 70.8414, 36.8975 ], [ 70.8445, 36.8896 ], [ 70.8428, 36.8869 ], [ 70.8443, 36.8804 ], [ 70.843, 36.8769 ], [ 70.8447, 36.8728 ], [ 70.8495, 36.8703 ], [ 70.8508, 36.8679 ], [ 70.8526, 36.8497 ], [ 70.8504, 36.8452 ], [ 70.8523, 36.8422 ], [ 70.8496, 36.84 ], [ 70.8507, 36.8379 ], [ 70.8474, 36.8247 ], [ 70.849, 36.8214 ], [ 70.8448, 36.8169 ], [ 70.8448, 36.8098 ], [ 70.8466, 36.8068 ], [ 70.8428, 36.802 ], [ 70.8455, 36.7944 ], [ 70.8421, 36.7866 ], [ 70.8429, 36.782 ], [ 70.8388, 36.7718 ], [ 70.8335, 36.7692 ], [ 70.8328, 36.7605 ], [ 70.8289, 36.7533 ] ] } },
{ "type": "Feature", "properties": { "reach_id": "46192000221", "river_group": "Kokcha River", "basin": "Amu Darya", "p_width_m": 42.0, "p_wse_m": 1655.4, "p_length_m": 19566.842, "n_overpasses": 56, "n_good_or_suspect": 14, "has_chart": true }, "geometry": { "type": "LineString", "coordinates": [ [ 70.8289, 36.7533 ], [ 70.8322, 36.7457 ], [ 70.8323, 36.7357 ], [ 70.8359, 36.7291 ], [ 70.8443, 36.7247 ], [ 70.851, 36.7234 ], [ 70.8532, 36.7202 ], [ 70.8481, 36.7081 ], [ 70.8409, 36.6988 ], [ 70.8406, 36.695 ], [ 70.8438, 36.6914 ], [ 70.8521, 36.6629 ], [ 70.8556, 36.6585 ], [ 70.8544, 36.6464 ], [ 70.8506, 36.6399 ], [ 70.8632, 36.6302 ], [ 70.864, 36.6281 ], [ 70.8634, 36.6232 ], [ 70.8566, 36.6106 ], [ 70.8489, 36.6019 ] ] } },
{ "type": "Feature", "properties": { "reach_id": "46192000231", "river_group": "Kokcha River", "basin": "Amu Darya", "p_width_m": 48.0, "p_wse_m": 1766.7001, "p_length_m": 10336.621, "n_overpasses": 52, "n_good_or_suspect": 8, "has_chart": true }, "geometry": { "type": "LineString", "coordinates": [ [ 70.8489, 36.6019 ], [ 70.8466, 36.5951 ], [ 70.8472, 36.5924 ], [ 70.8447, 36.5889 ], [ 70.8465, 36.5854 ], [ 70.843, 36.5803 ], [ 70.8441, 36.5778 ], [ 70.8421, 36.5679 ], [ 70.843, 36.5654 ], [ 70.8412, 36.563 ], [ 70.84, 36.5536 ], [ 70.8343, 36.5485 ], [ 70.8333, 36.5445 ], [ 70.8239, 36.5421 ], [ 70.8048, 36.5306 ] ] } },
{ "type": "Feature", "properties": { "reach_id": "46192000241", "river_group": "Kokcha River", "basin": "Amu Darya", "p_width_m": 42.0, "p_wse_m": 1847.1, "p_length_m": 8332.821, "n_overpasses": 53, "n_good_or_suspect": 0, "has_chart": false }, "geometry": { "type": "LineString", "coordinates": [ [ 70.8048, 36.5306 ], [ 70.7966, 36.521 ], [ 70.7888, 36.5149 ], [ 70.7848, 36.5065 ], [ 70.7772, 36.4983 ], [ 70.777, 36.4883 ], [ 70.7792, 36.4823 ], [ 70.7765, 36.4645 ] ] } },
{ "type": "Feature", "properties": { "reach_id": "46192000251", "river_group": "Kokcha River", "basin": "Amu Darya", "p_width_m": 42.0, "p_wse_m": 1922.8, "p_length_m": 8320.172, "n_overpasses": 44, "n_good_or_suspect": 0, "has_chart": false }, "geometry": { "type": "LineString", "coordinates": [ [ 70.7765, 36.4645 ], [ 70.7744, 36.4596 ], [ 70.7738, 36.4505 ], [ 70.7687, 36.4405 ], [ 70.7694, 36.4332 ], [ 70.7665, 36.4227 ], [ 70.768, 36.4167 ], [ 70.766, 36.413 ], [ 70.7596, 36.4104 ], [ 70.7561, 36.4045 ], [ 70.7586, 36.3969 ] ] } },
{ "type": "Feature", "properties": { "reach_id": "46192000261", "river_group": "Kokcha River", "basin": "Amu Darya", "p_width_m": 42.0, "p_wse_m": 1995.1, "p_length_m": 8354.011, "n_overpasses": 54, "n_good_or_suspect": 2, "has_chart": false }, "geometry": { "type": "LineString", "coordinates": [ [ 70.7586, 36.3969 ], [ 70.7565, 36.3901 ], [ 70.752, 36.3859 ], [ 70.7492, 36.3797 ], [ 70.7438, 36.3783 ], [ 70.7405, 36.3744 ], [ 70.7366, 36.3588 ], [ 70.7332, 36.3559 ], [ 70.7351, 36.3512 ], [ 70.7413, 36.3463 ], [ 70.7408, 36.3398 ], [ 70.7358, 36.334 ] ] } },
{ "type": "Feature", "properties": { "reach_id": "46192000274", "river_group": "Kokcha River", "basin": "Amu Darya", "p_width_m": 48.0, "p_wse_m": 2048.275, "p_length_m": 402.79892, "n_overpasses": 0, "n_good_or_suspect": 0, "has_chart": false }, "geometry": { "type": "LineString", "coordinates": [ [ 70.7358, 36.334 ], [ 70.7343, 36.3304 ] ] } },
{ "type": "Feature", "properties": { "reach_id": "46192000281", "river_group": "Kokcha River", "basin": "Amu Darya", "p_width_m": 42.0, "p_wse_m": 2172.8, "p_length_m": 14747.448, "n_overpasses": 54, "n_good_or_suspect": 2, "has_chart": false }, "geometry": { "type": "LineString", "coordinates": [ [ 70.7343, 36.3304 ], [ 70.7349, 36.3269 ], [ 70.7413, 36.3187 ], [ 70.7463, 36.3162 ], [ 70.7493, 36.3083 ], [ 70.7564, 36.2987 ], [ 70.7732, 36.2909 ], [ 70.7757, 36.283 ], [ 70.7783, 36.2806 ], [ 70.785, 36.2807 ], [ 70.7906, 36.277 ], [ 70.7976, 36.276 ], [ 70.8007, 36.2724 ], [ 70.802, 36.2678 ], [ 70.7984, 36.2543 ], [ 70.8044, 36.2377 ], [ 70.8037, 36.2342 ], [ 70.8, 36.2297 ] ] } },
{ "type": "Feature", "properties": { "reach_id": "46192000291", "river_group": "Kokcha River", "basin": "Amu Darya", "p_width_m": 54.0, "p_wse_m": 2376.8, "p_length_m": 18739.06, "n_overpasses": 54, "n_good_or_suspect": 1, "has_chart": false }, "geometry": { "type": "LineString", "coordinates": [ [ 70.8, 36.2297 ], [ 70.7934, 36.2225 ], [ 70.7925, 36.2155 ], [ 70.7894, 36.2109 ], [ 70.793, 36.196 ], [ 70.7897, 36.1922 ], [ 70.7904, 36.1898 ], [ 70.7869, 36.1869 ], [ 70.7871, 36.1809 ], [ 70.785, 36.1732 ], [ 70.7727, 36.1627 ], [ 70.7721, 36.1552 ], [ 70.7739, 36.1508 ], [ 70.7688, 36.1466 ], [ 70.7658, 36.1388 ], [ 70.7687, 36.1341 ], [ 70.7677, 36.1279 ], [ 70.7629, 36.1216 ], [ 70.7556, 36.1203 ], [ 70.7551, 36.1149 ], [ 70.7485, 36.1093 ], [ 70.7485, 36.106 ], [ 70.743, 36.0994 ], [ 70.7421, 36.0946 ], [ 70.7345, 36.0891 ] ] } },
{ "type": "Feature", "properties": { "reach_id": "46192000301", "river_group": "Kokcha River", "basin": "Amu Darya", "p_width_m": 63.0, "p_wse_m": 2504.3, "p_length_m": 11218.185, "n_overpasses": 27, "n_good_or_suspect": 2, "has_chart": false }, "geometry": { "type": "LineString", "coordinates": [ [ 70.7345, 36.0891 ], [ 70.7307, 36.0793 ], [ 70.7316, 36.0706 ], [ 70.7284, 36.0606 ], [ 70.7293, 36.0571 ], [ 70.7246, 36.0518 ], [ 70.7197, 36.041 ], [ 70.718, 36.0329 ], [ 70.7234, 36.0226 ], [ 70.723, 36.0196 ], [ 70.7284, 36.0163 ], [ 70.7308, 36.0161 ], [ 70.7328, 36.0183 ], [ 70.7388, 36.0203 ], [ 70.7491, 36.0185 ] ] } },
{ "type": "Feature", "properties": { "reach_id": "46192000311", "river_group": "Kokcha River", "basin": "Amu Darya", "p_width_m": 45.0, "p_wse_m": 2573.9001, "p_length_m": 11200.817, "n_overpasses": 48, "n_good_or_suspect": 0, "has_chart": false }, "geometry": { "type": "LineString", "coordinates": [ [ 70.7491, 36.0185 ], [ 70.7541, 36.0186 ], [ 70.7569, 36.0221 ], [ 70.775, 36.0281 ], [ 70.7815, 36.0243 ], [ 70.7876, 36.0256 ], [ 70.7915, 36.0225 ], [ 70.7952, 36.0234 ], [ 70.7988, 36.0214 ], [ 70.8028, 36.0227 ], [ 70.8194, 36.0219 ], [ 70.8228, 36.0239 ], [ 70.8301, 36.0211 ], [ 70.8361, 36.0225 ], [ 70.8479, 36.0164 ], [ 70.8566, 36.0151 ] ] } },
{ "type": "Feature", "properties": { "reach_id": "46192000331", "river_group": "Kokcha River", "basin": "Amu Darya", "p_width_m": 51.0, "p_wse_m": 2772.1, "p_length_m": 12444.178, "n_overpasses": 56, "n_good_or_suspect": 39, "has_chart": true }, "geometry": { "type": "LineString", "coordinates": [ [ 70.8566, 36.0151 ], [ 70.8648, 36.012 ], [ 70.8672, 36.0138 ], [ 70.8712, 36.0127 ], [ 70.8739, 36.01 ], [ 70.8725, 36.0086 ], [ 70.8769, 36.0033 ], [ 70.8857, 36.0025 ], [ 70.8869, 35.9979 ], [ 70.8832, 35.9934 ], [ 70.888, 35.9931 ], [ 70.892, 35.9903 ], [ 70.8925, 35.9862 ], [ 70.8902, 35.9833 ], [ 70.8902, 35.9787 ], [ 70.8942, 35.9752 ], [ 70.8992, 35.9737 ], [ 70.9028, 35.9685 ], [ 70.9034, 35.9536 ], [ 70.9058, 35.9506 ], [ 70.9059, 35.9468 ], [ 70.9014, 35.9393 ] ] } },
{ "type": "Feature", "properties": { "reach_id": "46192000341", "river_group": "Kokcha River", "basin": "Amu Darya", "p_width_m": 54.0, "p_wse_m": 2834.0, "p_length_m": 12474.8, "n_overpasses": 56, "n_good_or_suspect": 15, "has_chart": true }, "geometry": { "type": "LineString", "coordinates": [ [ 70.9014, 35.9393 ], [ 70.8997, 35.9312 ], [ 70.8961, 35.9258 ], [ 70.8971, 35.9161 ], [ 70.8956, 35.9123 ], [ 70.8905, 35.9089 ], [ 70.8903, 35.9011 ], [ 70.8856, 35.8959 ], [ 70.8831, 35.8887 ], [ 70.8739, 35.8824 ], [ 70.8718, 35.8781 ], [ 70.8735, 35.8743 ], [ 70.8691, 35.8679 ], [ 70.8699, 35.8652 ], [ 70.86, 35.8623 ], [ 70.8579, 35.8561 ], [ 70.8503, 35.8471 ] ] } },
{ "type": "Feature", "properties": { "reach_id": "46192000361", "river_group": "Kokcha River", "basin": "Amu Darya", "p_width_m": 45.0, "p_wse_m": 2921.0, "p_length_m": 12408.802, "n_overpasses": 55, "n_good_or_suspect": 21, "has_chart": true }, "geometry": { "type": "LineString", "coordinates": [ [ 70.8503, 35.8471 ], [ 70.8502, 35.8431 ], [ 70.8425, 35.8412 ], [ 70.8405, 35.8356 ], [ 70.8407, 35.8288 ], [ 70.8347, 35.8214 ], [ 70.8318, 35.8213 ], [ 70.8299, 35.819 ], [ 70.8301, 35.8104 ], [ 70.8202, 35.8067 ], [ 70.8127, 35.793 ], [ 70.8146, 35.7884 ], [ 70.8029, 35.7818 ], [ 70.8008, 35.7769 ], [ 70.795, 35.7705 ], [ 70.7898, 35.7674 ], [ 70.7892, 35.7628 ] ] } },
{ "type": "Feature", "properties": { "reach_id": "46192000376", "river_group": "Kokcha River", "basin": "Amu Darya", "p_width_m": 45.0, "p_wse_m": 2985.3, "p_length_m": 197.1292, "n_overpasses": 0, "n_good_or_suspect": 0, "has_chart": false }, "geometry": { "type": "LineString", "coordinates": [ [ 70.7892, 35.7628 ], [ 70.7886, 35.7612 ] ] } },
{ "type": "Feature", "properties": { "reach_id": "46193000011", "river_group": "Panj", "basin": "Amu Darya", "p_width_m": 409.5, "p_wse_m": 410.1, "p_length_m": 8586.105, "n_overpasses": 57, "n_good_or_suspect": 45, "has_chart": true }, "geometry": { "type": "LineString", "coordinates": [ [ 69.3973, 37.1642 ], [ 69.4021, 37.1669 ], [ 69.4109, 37.1774 ], [ 69.4157, 37.1872 ], [ 69.4219, 37.1923 ], [ 69.4241, 37.1985 ], [ 69.4383, 37.2136 ], [ 69.4464, 37.22 ], [ 69.4518, 37.227 ] ] } },
{ "type": "Feature", "properties": { "reach_id": "46193000021", "river_group": "Panj", "basin": "Amu Darya", "p_width_m": 373.0, "p_wse_m": 414.5, "p_length_m": 8546.505, "n_overpasses": 57, "n_good_or_suspect": 44, "has_chart": true }, "geometry": { "type": "LineString", "coordinates": [ [ 69.4518, 37.227 ], [ 69.4552, 37.2346 ], [ 69.4597, 37.2386 ], [ 69.4681, 37.2516 ], [ 69.4686, 37.2554 ], [ 69.4665, 37.2592 ], [ 69.4604, 37.2617 ], [ 69.455, 37.2609 ], [ 69.4489, 37.2527 ], [ 69.4404, 37.2459 ], [ 69.4332, 37.2439 ], [ 69.4268, 37.2458 ] ] } },
{ "type": "Feature", "properties": { "reach_id": "46194000011", "river_group": "Panj", "basin": "Amu Darya", "p_width_m": 313.0, "p_wse_m": 416.30002, "p_length_m": 8608.83, "n_overpasses": 83, "n_good_or_suspect": 59, "has_chart": true }, "geometry": { "type": "LineString", "coordinates": [ [ 69.4268, 37.2458 ], [ 69.4211, 37.2531 ], [ 69.4171, 37.2677 ], [ 69.4112, 37.2751 ], [ 69.4215, 37.282 ], [ 69.4225, 37.291 ], [ 69.4186, 37.2959 ], [ 69.411, 37.2999 ], [ 69.4091, 37.3026 ], [ 69.4093, 37.311 ] ] } },
{ "type": "Feature", "properties": { "reach_id": "46194000121", "river_group": "Panj", "basin": "Amu Darya", "p_width_m": 318.0, "p_wse_m": 432.30002, "p_length_m": 10274.12, "n_overpasses": 0, "n_good_or_suspect": 0, "has_chart": false }, "geometry": { "type": "LineString", "coordinates": [ [ 69.3679, 37.3782 ], [ 69.3718, 37.3823 ], [ 69.3722, 37.385 ], [ 69.38, 37.3906 ], [ 69.3788, 37.3977 ], [ 69.3718, 37.4015 ], [ 69.379, 37.4147 ], [ 69.3761, 37.4201 ], [ 69.3762, 37.4239 ], [ 69.3813, 37.4279 ], [ 69.3847, 37.4428 ], [ 69.3875, 37.4471 ], [ 69.392, 37.4506 ], [ 69.4009, 37.4537 ] ] } },
{ "type": "Feature", "properties": { "reach_id": "46194000131", "river_group": "Panj", "basin": "Amu Darya", "p_width_m": 318.0, "p_wse_m": 450.9, "p_length_m": 18567.648, "n_overpasses": 82, "n_good_or_suspect": 31, "has_chart": true }, "geometry": { "type": "LineString", "coordinates": [ [ 69.4009, 37.4537 ], [ 69.4175, 37.4606 ], [ 69.43, 37.478 ], [ 69.4389, 37.48 ], [ 69.4412, 37.484 ], [ 69.4471, 37.4883 ], [ 69.4483, 37.4915 ], [ 69.4522, 37.4931 ], [ 69.4552, 37.4974 ], [ 69.4529, 37.501 ], [ 69.4597, 37.5126 ], [ 69.4664, 37.5149 ], [ 69.4734, 37.5149 ], [ 69.4864, 37.5206 ], [ 69.4961, 37.5311 ], [ 69.4976, 37.5392 ], [ 69.5019, 37.5475 ], [ 69.507, 37.551 ], [ 69.5096, 37.5548 ], [ 69.5112, 37.5618 ], [ 69.5208, 37.5723 ] ] } },
{ "type": "Feature", "properties": { "reach_id": "46194000141", "river_group": "Panj", "basin": "Amu Darya", "p_width_m": 449.0, "p_wse_m": 482.6, "p_length_m": 13645.943, "n_overpasses": 0, "n_good_or_suspect": 0, "has_chart": false }, "geometry": { "type": "LineString", "coordinates": [ [ 69.5208, 37.5723 ], [ 69.533, 37.5759 ], [ 69.5466, 37.576 ], [ 69.5527, 37.5783 ], [ 69.5619, 37.5789 ], [ 69.5731, 37.577 ], [ 69.5867, 37.5777 ], [ 69.5931, 37.5754 ], [ 69.6122, 37.5783 ], [ 69.6295, 37.5775 ], [ 69.6401, 37.5804 ], [ 69.6439, 37.5829 ], [ 69.6517, 37.5833 ], [ 69.6578, 37.5822 ], [ 69.6588, 37.5798 ], [ 69.6639, 37.5805 ], [ 69.6652, 37.5792 ] ] } },
{ "type": "Feature", "properties": { "reach_id": "46195000021", "river_group": "Panj", "basin": "Amu Darya", "p_width_m": 660.0, "p_wse_m": 424.7, "p_length_m": 9404.72, "n_overpasses": 63, "n_good_or_suspect": 28, "has_chart": true }, "geometry": { "type": "LineString", "coordinates": [ [ 69.4093, 37.311 ], [ 69.418, 37.3188 ], [ 69.4192, 37.3267 ], [ 69.4306, 37.3353 ], [ 69.4349, 37.3434 ], [ 69.4479, 37.3506 ], [ 69.4494, 37.3558 ], [ 69.4546, 37.3593 ], [ 69.4567, 37.372 ], [ 69.4621, 37.3757 ], [ 69.4624, 37.3784 ] ] } },
{ "type": "Feature", "properties": { "reach_id": "46195000031", "river_group": "Panj", "basin": "Amu Darya", "p_width_m": 429.0, "p_wse_m": 438.25, "p_length_m": 9372.627, "n_overpasses": 57, "n_good_or_suspect": 44, "has_chart": true }, "geometry": { "type": "LineString", "coordinates": [ [ 69.4624, 37.3784 ], [ 69.4659, 37.3882 ], [ 69.4717, 37.393 ], [ 69.4793, 37.3962 ], [ 69.4814, 37.4046 ], [ 69.4779, 37.4106 ], [ 69.4808, 37.4132 ], [ 69.487, 37.4251 ], [ 69.4878, 37.4313 ], [ 69.4929, 37.4392 ], [ 69.5026, 37.4459 ], [ 69.504, 37.4486 ] ] } },
{ "type": "Feature", "properties": { "reach_id": "46195000041", "river_group": "Panj", "basin": "Amu Darya", "p_width_m": 473.5, "p_wse_m": 454.95, "p_length_m": 9443.156, "n_overpasses": 57, "n_good_or_suspect": 38, "has_chart": true }, "geometry": { "type": "LineString", "coordinates": [ [ 69.504, 37.4486 ], [ 69.5065, 37.4523 ], [ 69.5081, 37.4594 ], [ 69.5125, 37.4629 ], [ 69.525, 37.4671 ], [ 69.5267, 37.4761 ], [ 69.5323, 37.4814 ], [ 69.543, 37.4857 ], [ 69.5441, 37.4876 ], [ 69.5423, 37.4922 ], [ 69.5431, 37.5 ], [ 69.5506, 37.5152 ] ] } },
{ "type": "Feature", "properties": { "reach_id": "46195000051", "river_group": "Panj", "basin": "Amu Darya", "p_width_m": 785.0, "p_wse_m": 484.375, "p_length_m": 13408.441, "n_overpasses": 85, "n_good_or_suspect": 78, "has_chart": true }, "geometry": { "type": "LineString", "coordinates": [ [ 69.5506, 37.5152 ], [ 69.552, 37.5219 ], [ 69.5614, 37.5357 ], [ 69.5749, 37.5492 ], [ 69.5896, 37.5526 ], [ 69.6001, 37.5576 ], [ 69.6216, 37.5609 ], [ 69.6294, 37.5648 ], [ 69.6363, 37.5715 ], [ 69.6509, 37.5742 ], [ 69.6553, 37.5775 ], [ 69.6652, 37.5792 ] ] } },
{ "type": "Feature", "properties": { "reach_id": "46195000061", "river_group": "Panj", "basin": "Amu Darya", "p_width_m": 585.0, "p_wse_m": 521.3, "p_length_m": 10797.734, "n_overpasses": 85, "n_good_or_suspect": 80, "has_chart": true }, "geometry": { "type": "LineString", "coordinates": [ [ 69.6652, 37.5792 ], [ 69.6778, 37.5785 ], [ 69.6876, 37.582 ], [ 69.6992, 37.5803 ], [ 69.7186, 37.5808 ], [ 69.7308, 37.584 ], [ 69.7465, 37.592 ], [ 69.7568, 37.5949 ], [ 69.7741, 37.5923 ], [ 69.7791, 37.5885 ] ] } },
{ "type": "Feature", "properties": { "reach_id": "46195000071", "river_group": "Panj", "basin": "Amu Darya", "p_width_m": 469.0, "p_wse_m": 546.2, "p_length_m": 10120.971, "n_overpasses": 55, "n_good_or_suspect": 40, "has_chart": true }, "geometry": { "type": "LineString", "coordinates": [ [ 69.7791, 37.5885 ], [ 69.7852, 37.5847 ], [ 69.7903, 37.5781 ], [ 69.7987, 37.5743 ], [ 69.8037, 37.5697 ], [ 69.8142, 37.5667 ], [ 69.8193, 37.5685 ], [ 69.8285, 37.5765 ], [ 69.8265, 37.5868 ], [ 69.8337, 37.5957 ], [ 69.8414, 37.6014 ], [ 69.8524, 37.605 ] ] } },
{ "type": "Feature", "properties": { "reach_id": "46195000081", "river_group": "Panj", "basin": "Amu Darya", "p_width_m": 360.0, "p_wse_m": 576.7, "p_length_m": 10131.791, "n_overpasses": 54, "n_good_or_suspect": 25, "has_chart": true }, "geometry": { "type": "LineString", "coordinates": [ [ 69.8524, 37.605 ], [ 69.8633, 37.6087 ], [ 69.882, 37.6101 ], [ 69.9014, 37.6135 ], [ 69.9065, 37.6161 ], [ 69.9181, 37.6172 ], [ 69.9256, 37.6151 ], [ 69.9324, 37.6155 ], [ 69.9384, 37.6121 ], [ 69.9475, 37.5954 ] ] } },
{ "type": "Feature", "properties": { "reach_id": "46195000091", "river_group": "Panj", "basin": "Amu Darya", "p_width_m": 148.0, "p_wse_m": 608.8, "p_length_m": 17657.49, "n_overpasses": 55, "n_good_or_suspect": 43, "has_chart": true }, "geometry": { "type": "LineString", "coordinates": [ [ 69.9475, 37.5954 ], [ 69.9508, 37.5897 ], [ 69.9499, 37.5797 ], [ 69.9515, 37.5734 ], [ 69.9501, 37.5702 ], [ 69.9528, 37.5668 ], [ 69.963, 37.5632 ], [ 69.9752, 37.566 ], [ 69.984, 37.5651 ], [ 69.9966, 37.5674 ], [ 69.999, 37.5658 ], [ 69.9984, 37.5598 ], [ 70.0022, 37.5546 ], [ 70.0128, 37.5533 ], [ 70.0205, 37.5473 ], [ 70.0259, 37.5477 ], [ 70.0321, 37.5517 ], [ 70.0375, 37.5513 ], [ 70.043, 37.5483 ], [ 70.0483, 37.5426 ], [ 70.0509, 37.5431 ], [ 70.0537, 37.5479 ], [ 70.0555, 37.5481 ], [ 70.0642, 37.5424 ], [ 70.0747, 37.5405 ], [ 70.0777, 37.5372 ] ] } },
{ "type": "Feature", "properties": { "reach_id": "46195000101", "river_group": "Panj", "basin": "Amu Darya", "p_width_m": 171.0, "p_wse_m": 648.60004, "p_length_m": 19435.152, "n_overpasses": 51, "n_good_or_suspect": 33, "has_chart": true }, "geometry": { "type": "LineString", "coordinates": [ [ 70.0777, 37.5372 ], [ 70.0821, 37.5322 ], [ 70.0964, 37.5335 ], [ 70.1098, 37.5251 ], [ 70.1173, 37.5238 ], [ 70.1265, 37.5262 ], [ 70.1305, 37.5229 ], [ 70.1394, 37.5257 ], [ 70.1455, 37.5256 ], [ 70.1507, 37.5338 ], [ 70.1568, 37.5372 ], [ 70.1585, 37.5359 ], [ 70.161, 37.5272 ], [ 70.1662, 37.5256 ], [ 70.1704, 37.5279 ], [ 70.1731, 37.5317 ], [ 70.1745, 37.5393 ], [ 70.1723, 37.5466 ], [ 70.177, 37.5503 ], [ 70.1782, 37.5546 ], [ 70.1818, 37.5589 ], [ 70.1783, 37.566 ], [ 70.1787, 37.5717 ], [ 70.1812, 37.5719 ], [ 70.1885, 37.5656 ], [ 70.1939, 37.5633 ], [ 70.1979, 37.5642 ], [ 70.2015, 37.5687 ], [ 70.2062, 37.5677 ] ] } },
{ "type": "Feature", "properties": { "reach_id": "46195000111", "river_group": "Panj", "basin": "Amu Darya", "p_width_m": 121.0, "p_wse_m": 682.8, "p_length_m": 9580.98, "n_overpasses": 51, "n_good_or_suspect": 19, "has_chart": true }, "geometry": { "type": "LineString", "coordinates": [ [ 70.2062, 37.5677 ], [ 70.2097, 37.5663 ], [ 70.2127, 37.5672 ], [ 70.213, 37.5716 ], [ 70.2088, 37.5773 ], [ 70.2029, 37.5795 ], [ 70.2032, 37.5836 ], [ 70.2103, 37.585 ], [ 70.2201, 37.5829 ], [ 70.2226, 37.5853 ], [ 70.2221, 37.5888 ], [ 70.2147, 37.5964 ], [ 70.2146, 37.6054 ], [ 70.2263, 37.6078 ], [ 70.2324, 37.6118 ], [ 70.2365, 37.6115 ] ] } },
{ "type": "Feature", "properties": { "reach_id": "46195000121", "river_group": "Panj", "basin": "Amu Darya", "p_width_m": 143.0, "p_wse_m": 712.2, "p_length_m": 9608.413, "n_overpasses": 55, "n_good_or_suspect": 18, "has_chart": true }, "geometry": { "type": "LineString", "coordinates": [ [ 70.2365, 37.6115 ], [ 70.243, 37.6118 ], [ 70.2485, 37.6158 ], [ 70.2508, 37.6104 ], [ 70.2531, 37.6093 ], [ 70.2626, 37.6092 ], [ 70.2655, 37.6108 ], [ 70.2688, 37.6213 ], [ 70.263, 37.6281 ], [ 70.2664, 37.6332 ], [ 70.261, 37.6392 ], [ 70.2618, 37.6457 ], [ 70.2638, 37.6494 ], [ 70.2711, 37.6493 ], [ 70.2753, 37.6539 ] ] } },
{ "type": "Feature", "properties": { "reach_id": "46195000131", "river_group": "Panj", "basin": "Amu Darya", "p_width_m": 94.0, "p_wse_m": 732.10004, "p_length_m": 9617.96, "n_overpasses": 55, "n_good_or_suspect": 16, "has_chart": true }, "geometry": { "type": "LineString", "coordinates": [ [ 70.2753, 37.6539 ], [ 70.278, 37.6599 ], [ 70.2763, 37.665 ], [ 70.2776, 37.6747 ], [ 70.2869, 37.6776 ], [ 70.2879, 37.6803 ], [ 70.2853, 37.6833 ], [ 70.286, 37.6849 ], [ 70.2953, 37.6899 ], [ 70.3008, 37.6908 ], [ 70.3033, 37.6931 ], [ 70.3031, 37.701 ], [ 70.3007, 37.7038 ], [ 70.2949, 37.705 ], [ 70.2909, 37.7078 ], [ 70.2876, 37.7144 ], [ 70.288, 37.7184 ] ] } },
{ "type": "Feature", "properties": { "reach_id": "46195000141", "river_group": "Panj", "basin": "Amu Darya", "p_width_m": 120.0, "p_wse_m": 762.3, "p_length_m": 19239.78, "n_overpasses": 55, "n_good_or_suspect": 31, "has_chart": true }, "geometry": { "type": "LineString", "coordinates": [ [ 70.288, 37.7184 ], [ 70.2959, 37.7223 ], [ 70.2998, 37.7302 ], [ 70.2971, 37.7381 ], [ 70.2865, 37.7506 ], [ 70.287, 37.7541 ], [ 70.2971, 37.7686 ], [ 70.2798, 37.7793 ], [ 70.276, 37.7872 ], [ 70.2769, 37.7945 ], [ 70.2732, 37.7994 ], [ 70.2796, 37.808 ], [ 70.2799, 37.8153 ], [ 70.2696, 37.8176 ], [ 70.2649, 37.8247 ], [ 70.2559, 37.8314 ], [ 70.2491, 37.8333 ], [ 70.2208, 37.8331 ] ] } },
{ "type": "Feature", "properties": { "reach_id": "46195000151", "river_group": "Panj", "basin": "Amu Darya", "p_width_m": 159.0, "p_wse_m": 807.95, "p_length_m": 16448.32, "n_overpasses": 37, "n_good_or_suspect": 22, "has_chart": true }, "geometry": { "type": "LineString", "coordinates": [ [ 70.2208, 37.8331 ], [ 70.2042, 37.8421 ], [ 70.1926, 37.8434 ], [ 70.1868, 37.8476 ], [ 70.1826, 37.8607 ], [ 70.1739, 37.8772 ], [ 70.1745, 37.8802 ], [ 70.1814, 37.8842 ], [ 70.1826, 37.8877 ], [ 70.1769, 37.8972 ], [ 70.1794, 37.9048 ], [ 70.1736, 37.9313 ], [ 70.1798, 37.9378 ], [ 70.1813, 37.9429 ], [ 70.1847, 37.9455 ], [ 70.1875, 37.9461 ], [ 70.1925, 37.9433 ] ] } },
{ "type": "Feature", "properties": { "reach_id": "46195000161", "river_group": "Panj", "basin": "Amu Darya", "p_width_m": 105.0, "p_wse_m": 844.9, "p_length_m": 11545.966, "n_overpasses": 51, "n_good_or_suspect": 21, "has_chart": true }, "geometry": { "type": "LineString", "coordinates": [ [ 70.1925, 37.9433 ], [ 70.2003, 37.9297 ], [ 70.213, 37.9211 ], [ 70.2142, 37.9242 ], [ 70.2125, 37.9299 ], [ 70.2135, 37.9322 ], [ 70.2338, 37.9389 ], [ 70.2445, 37.9446 ], [ 70.254, 37.9441 ], [ 70.259, 37.9388 ], [ 70.2652, 37.9374 ], [ 70.2707, 37.9395 ], [ 70.275, 37.9435 ], [ 70.2752, 37.946 ], [ 70.2722, 37.9476 ] ] } },
{ "type": "Feature", "properties": { "reach_id": "46195000171", "river_group": "Panj", "basin": "Amu Darya", "p_width_m": 87.0, "p_wse_m": 877.7, "p_length_m": 11464.295, "n_overpasses": 55, "n_good_or_suspect": 37, "has_chart": true }, "geometry": { "type": "LineString", "coordinates": [ [ 70.2722, 37.9476 ], [ 70.2677, 37.9509 ], [ 70.2665, 37.9617 ], [ 70.2599, 37.9713 ], [ 70.2615, 37.9788 ], [ 70.2642, 37.979 ], [ 70.2706, 37.9728 ], [ 70.2771, 37.9731 ], [ 70.2848, 37.9695 ], [ 70.288, 37.9726 ], [ 70.2903, 37.9869 ], [ 70.2975, 37.9873 ], [ 70.3082, 37.9957 ], [ 70.3178, 37.9988 ] ] } },
{ "type": "Feature", "properties": { "reach_id": "46195000181", "river_group": "Panj", "basin": "Amu Darya", "p_width_m": 94.0, "p_wse_m": 952.7, "p_length_m": 19256.693, "n_overpasses": 55, "n_good_or_suspect": 39, "has_chart": true }, "geometry": { "type": "LineString", "coordinates": [ [ 70.3178, 37.9988 ], [ 70.3296, 37.9994 ], [ 70.3343, 38.0064 ], [ 70.3356, 38.0137 ], [ 70.3459, 38.0191 ], [ 70.3474, 38.0236 ], [ 70.3573, 38.0271 ], [ 70.3625, 38.032 ], [ 70.364, 38.0369 ], [ 70.3667, 38.0398 ], [ 70.3673, 38.0447 ], [ 70.3626, 38.0501 ], [ 70.3637, 38.0547 ], [ 70.3766, 38.0553 ], [ 70.3805, 38.058 ], [ 70.3826, 38.0625 ], [ 70.3956, 38.0659 ], [ 70.4057, 38.0753 ], [ 70.416, 38.0757 ], [ 70.4195, 38.0887 ], [ 70.4315, 38.0996 ], [ 70.4401, 38.1019 ], [ 70.4438, 38.0994 ], [ 70.4462, 38.0997 ] ] } },
{ "type": "Feature", "properties": { "reach_id": "46195000191", "river_group": "Panj", "basin": "Amu Darya", "p_width_m": 120.0, "p_wse_m": 1049.3, "p_length_m": 19224.8, "n_overpasses": 55, "n_good_or_suspect": 51, "has_chart": true }, "geometry": { "type": "LineString", "coordinates": [ [ 70.4462, 38.0997 ], [ 70.4531, 38.1031 ], [ 70.4672, 38.1043 ], [ 70.4775, 38.1092 ], [ 70.4826, 38.1162 ], [ 70.4915, 38.1213 ], [ 70.4986, 38.1193 ], [ 70.5061, 38.1219 ], [ 70.5057, 38.129 ], [ 70.5017, 38.1344 ], [ 70.5016, 38.1412 ], [ 70.4997, 38.1461 ], [ 70.5028, 38.1539 ], [ 70.5027, 38.1631 ], [ 70.5089, 38.1716 ], [ 70.5098, 38.1787 ], [ 70.513, 38.1808 ], [ 70.5176, 38.188 ], [ 70.5174, 38.1932 ], [ 70.5215, 38.1971 ], [ 70.527, 38.1995 ], [ 70.5371, 38.2105 ], [ 70.5371, 38.2248 ] ] } },
{ "type": "Feature", "properties": { "reach_id": "46195000201", "river_group": "Panj", "basin": "Amu Darya", "p_width_m": 96.0, "p_wse_m": 1103.6, "p_length_m": 19187.13, "n_overpasses": 55, "n_good_or_suspect": 43, "has_chart": true }, "geometry": { "type": "LineString", "coordinates": [ [ 70.5371, 38.2248 ], [ 70.5422, 38.2328 ], [ 70.545, 38.2442 ], [ 70.5556, 38.2521 ], [ 70.5573, 38.2545 ], [ 70.5568, 38.2589 ], [ 70.5632, 38.2631 ], [ 70.5658, 38.2677 ], [ 70.5748, 38.2729 ], [ 70.5945, 38.2782 ], [ 70.6048, 38.2828 ], [ 70.6056, 38.2893 ], [ 70.6093, 38.2968 ], [ 70.6044, 38.3053 ], [ 70.607, 38.309 ], [ 70.6065, 38.3134 ], [ 70.6115, 38.3173 ], [ 70.6148, 38.3233 ], [ 70.6141, 38.3284 ], [ 70.6104, 38.3339 ], [ 70.6114, 38.3411 ], [ 70.6101, 38.3463 ], [ 70.6184, 38.3511 ], [ 70.6287, 38.353 ] ] } },
{ "type": "Feature", "properties": { "reach_id": "46195000211", "river_group": "Panj", "basin": "Amu Darya", "p_width_m": 92.0, "p_wse_m": 1180.0, "p_length_m": 19288.797, "n_overpasses": 9, "n_good_or_suspect": 8, "has_chart": true }, "geometry": { "type": "LineString", "coordinates": [ [ 70.6287, 38.353 ], [ 70.6363, 38.3524 ], [ 70.6431, 38.3486 ], [ 70.6527, 38.3487 ], [ 70.6627, 38.3526 ], [ 70.6639, 38.358 ], [ 70.6763, 38.3626 ], [ 70.6836, 38.3636 ], [ 70.6911, 38.3692 ], [ 70.6938, 38.3735 ], [ 70.6943, 38.3778 ], [ 70.6917, 38.3865 ], [ 70.6866, 38.3896 ], [ 70.6814, 38.3868 ], [ 70.674, 38.3883 ], [ 70.6732, 38.39 ], [ 70.675, 38.3951 ], [ 70.6743, 38.406 ], [ 70.6868, 38.4148 ], [ 70.6979, 38.4203 ], [ 70.7033, 38.4163 ], [ 70.7136, 38.4145 ], [ 70.726, 38.4149 ], [ 70.7402, 38.4191 ] ] } },
{ "type": "Feature", "properties": { "reach_id": "46195000221", "river_group": "Panj", "basin": "Amu Darya", "p_width_m": 127.0, "p_wse_m": 1246.4, "p_length_m": 16087.22, "n_overpasses": 31, "n_good_or_suspect": 23, "has_chart": true }, "geometry": { "type": "LineString", "coordinates": [ [ 70.7402, 38.4191 ], [ 70.7568, 38.4283 ], [ 70.76, 38.4339 ], [ 70.7617, 38.4412 ], [ 70.7672, 38.4462 ], [ 70.768, 38.453 ], [ 70.7717, 38.4564 ], [ 70.7813, 38.4547 ], [ 70.7847, 38.4558 ], [ 70.7871, 38.4506 ], [ 70.7963, 38.4496 ], [ 70.8061, 38.4445 ], [ 70.8189, 38.4464 ], [ 70.8219, 38.4489 ], [ 70.823, 38.4527 ], [ 70.8252, 38.4537 ], [ 70.8429, 38.4469 ], [ 70.8429, 38.4396 ], [ 70.8468, 38.4381 ], [ 70.8555, 38.4413 ], [ 70.8593, 38.4486 ] ] } },
{ "type": "Feature", "properties": { "reach_id": "46195000231", "river_group": "Panj", "basin": "Amu Darya", "p_width_m": 142.0, "p_wse_m": 1294.4, "p_length_m": 10321.696, "n_overpasses": 41, "n_good_or_suspect": 27, "has_chart": true }, "geometry": { "type": "LineString", "coordinates": [ [ 70.8593, 38.4486 ], [ 70.8614, 38.4515 ], [ 70.8569, 38.4556 ], [ 70.858, 38.4594 ], [ 70.8641, 38.4601 ], [ 70.8714, 38.4689 ], [ 70.8834, 38.4692 ], [ 70.8947, 38.4655 ], [ 70.9016, 38.459 ], [ 70.9026, 38.4571 ], [ 70.8998, 38.4506 ], [ 70.9001, 38.4474 ], [ 70.9068, 38.4438 ], [ 70.9078, 38.4381 ], [ 70.9213, 38.4349 ] ] } },
{ "type": "Feature", "properties": { "reach_id": "46195000241", "river_group": "Panj", "basin": "Amu Darya", "p_width_m": 136.0, "p_wse_m": 1322.4, "p_length_m": 10660.188, "n_overpasses": 59, "n_good_or_suspect": 54, "has_chart": true }, "geometry": { "type": "LineString", "coordinates": [ [ 70.9213, 38.4349 ], [ 70.9225, 38.4313 ], [ 70.926, 38.4301 ], [ 70.9332, 38.4334 ], [ 70.934, 38.4406 ], [ 70.9363, 38.4422 ], [ 70.9429, 38.4427 ], [ 70.9489, 38.4382 ], [ 70.9548, 38.4384 ], [ 70.9581, 38.4402 ], [ 70.9575, 38.4467 ], [ 70.9624, 38.4545 ], [ 70.9624, 38.4572 ], [ 70.9578, 38.4609 ], [ 70.9456, 38.4654 ], [ 70.9435, 38.4678 ], [ 70.9456, 38.4765 ], [ 70.9538, 38.4779 ] ] } },
{ "type": "Feature", "properties": { "reach_id": "46195000251", "river_group": "Panj", "basin": "Amu Darya", "p_width_m": 115.0, "p_wse_m": 1340.5, "p_length_m": 10636.692, "n_overpasses": 58, "n_good_or_suspect": 49, "has_chart": true }, "geometry": { "type": "LineString", "coordinates": [ [ 70.9538, 38.4779 ], [ 70.9651, 38.4751 ], [ 70.9741, 38.4776 ], [ 70.9802, 38.4812 ], [ 70.9902, 38.4907 ], [ 70.9983, 38.4866 ], [ 71.0018, 38.4825 ], [ 70.9999, 38.4787 ], [ 71.0079, 38.4718 ], [ 71.0137, 38.4691 ], [ 71.0213, 38.4688 ], [ 71.0304, 38.4617 ], [ 71.0314, 38.4598 ], [ 71.0291, 38.4536 ], [ 71.0303, 38.4509 ] ] } },
{ "type": "Feature", "properties": { "reach_id": "46195000261", "river_group": "Panj", "basin": "Amu Darya", "p_width_m": 87.0, "p_wse_m": 1371.1, "p_length_m": 10632.036, "n_overpasses": 58, "n_good_or_suspect": 43, "has_chart": true }, "geometry": { "type": "LineString", "coordinates": [ [ 71.0303, 38.4509 ], [ 71.0373, 38.4429 ], [ 71.0389, 38.4291 ], [ 71.0458, 38.422 ], [ 71.0464, 38.4111 ], [ 71.0528, 38.4051 ], [ 71.0562, 38.3988 ], [ 71.0612, 38.3979 ], [ 71.0692, 38.4023 ], [ 71.0652, 38.4119 ], [ 71.0668, 38.4145 ], [ 71.0744, 38.4133 ], [ 71.08, 38.4173 ] ] } },
{ "type": "Feature", "properties": { "reach_id": "46195000271", "river_group": "Panj", "basin": "Amu Darya", "p_width_m": 84.0, "p_wse_m": 1415.5, "p_length_m": 10622.936, "n_overpasses": 58, "n_good_or_suspect": 23, "has_chart": true }, "geometry": { "type": "LineString", "coordinates": [ [ 71.08, 38.4173 ], [ 71.0915, 38.4233 ], [ 71.1038, 38.4226 ], [ 71.1085, 38.4187 ], [ 71.1045, 38.4106 ], [ 71.1082, 38.4062 ], [ 71.1212, 38.4063 ], [ 71.1261, 38.403 ], [ 71.1289, 38.398 ], [ 71.1319, 38.3971 ], [ 71.1371, 38.3987 ], [ 71.1402, 38.4028 ], [ 71.1434, 38.4029 ], [ 71.1502, 38.3974 ], [ 71.1496, 38.3901 ], [ 71.1547, 38.3885 ] ] } },
{ "type": "Feature", "properties": { "reach_id": "46195000281", "river_group": "Panj", "basin": "Amu Darya", "p_width_m": 127.5, "p_wse_m": 1486.2001, "p_length_m": 10607.762, "n_overpasses": 58, "n_good_or_suspect": 30, "has_chart": true }, "geometry": { "type": "LineString", "coordinates": [ [ 71.1547, 38.3885 ], [ 71.1636, 38.3873 ], [ 71.1672, 38.3844 ], [ 71.1752, 38.371 ], [ 71.1798, 38.356 ], [ 71.1831, 38.3522 ], [ 71.185, 38.3451 ], [ 71.197, 38.3438 ], [ 71.2014, 38.3415 ], [ 71.2083, 38.3333 ], [ 71.2248, 38.322 ] ] } },
{ "type": "Feature", "properties": { "reach_id": "46195000291", "river_group": "Panj", "basin": "Amu Darya", "p_width_m": 108.0, "p_wse_m": 1517.8, "p_length_m": 11610.358, "n_overpasses": 52, "n_good_or_suspect": 3, "has_chart": false }, "geometry": { "type": "LineString", "coordinates": [ [ 71.2248, 38.322 ], [ 71.2432, 38.3191 ], [ 71.2464, 38.3164 ], [ 71.2475, 38.3128 ], [ 71.2553, 38.3099 ], [ 71.2667, 38.3128 ], [ 71.2732, 38.3119 ], [ 71.2792, 38.3145 ], [ 71.2973, 38.3133 ], [ 71.303, 38.3107 ], [ 71.3107, 38.304 ], [ 71.3172, 38.3034 ], [ 71.3293, 38.3056 ], [ 71.3318, 38.3039 ], [ 71.3314, 38.299 ], [ 71.3338, 38.2971 ] ] } },
{ "type": "Feature", "properties": { "reach_id": "46195000311", "river_group": "Panj; Vanj", "basin": "Aral Sea drainage (unclassified tributary)", "p_width_m": 94.0, "p_wse_m": 1572.5, "p_length_m": 16127.737, "n_overpasses": 56, "n_good_or_suspect": 45, "has_chart": true }, "geometry": { "type": "LineString", "coordinates": [ [ 71.3338, 38.2971 ], [ 71.3328, 38.296 ], [ 71.3339, 38.2933 ], [ 71.3269, 38.2856 ], [ 71.3338, 38.2809 ], [ 71.332, 38.2763 ], [ 71.3341, 38.2711 ], [ 71.3395, 38.2724 ], [ 71.3559, 38.2713 ], [ 71.3654, 38.267 ], [ 71.3742, 38.256 ], [ 71.373, 38.2441 ], [ 71.3703, 38.238 ], [ 71.3705, 38.2317 ], [ 71.3666, 38.2243 ], [ 71.3691, 38.2213 ], [ 71.3751, 38.2184 ], [ 71.3794, 38.211 ], [ 71.3754, 38.2063 ], [ 71.3648, 38.2 ], [ 71.3645, 38.1954 ], [ 71.3661, 38.1937 ] ] } },
{ "type": "Feature", "properties": { "reach_id": "46195000321", "river_group": "Panj", "basin": "Amu Darya", "p_width_m": 137.0, "p_wse_m": 1601.6, "p_length_m": 10391.772, "n_overpasses": 58, "n_good_or_suspect": 46, "has_chart": true }, "geometry": { "type": "LineString", "coordinates": [ [ 71.3661, 38.1937 ], [ 71.3666, 38.1872 ], [ 71.3651, 38.1821 ], [ 71.3664, 38.1778 ], [ 71.3685, 38.1723 ], [ 71.3767, 38.1608 ], [ 71.3661, 38.1507 ], [ 71.3605, 38.1486 ], [ 71.3527, 38.1504 ], [ 71.3473, 38.1464 ], [ 71.344, 38.1382 ], [ 71.3385, 38.1302 ], [ 71.3379, 38.1213 ] ] } },
{ "type": "Feature", "properties": { "reach_id": "46195000331", "river_group": "Panj", "basin": "Amu Darya", "p_width_m": 94.0, "p_wse_m": 1650.75, "p_length_m": 10394.886, "n_overpasses": 28, "n_good_or_suspect": 24, "has_chart": true }, "geometry": { "type": "LineString", "coordinates": [ [ 71.3379, 38.1213 ], [ 71.3369, 38.1141 ], [ 71.3272, 38.1103 ], [ 71.3264, 38.1029 ], [ 71.3174, 38.099 ], [ 71.3218, 38.0919 ], [ 71.3199, 38.077 ], [ 71.3207, 38.0673 ], [ 71.3112, 38.0605 ], [ 71.3103, 38.0537 ], [ 71.3039, 38.0447 ] ] } },
{ "type": "Feature", "properties": { "reach_id": "46195000341", "river_group": "Panj", "basin": "Amu Darya", "p_width_m": 79.0, "p_wse_m": 1700.5, "p_length_m": 10273.83, "n_overpasses": 28, "n_good_or_suspect": 20, "has_chart": true }, "geometry": { "type": "LineString", "coordinates": [ [ 71.3039, 38.0447 ], [ 71.2983, 38.0426 ], [ 71.2919, 38.0454 ], [ 71.2884, 38.0427 ], [ 71.2835, 38.0418 ], [ 71.2854, 38.0337 ], [ 71.2954, 38.0316 ], [ 71.2933, 38.0246 ], [ 71.2951, 38.0181 ], [ 71.2903, 38.0136 ], [ 71.2823, 38.0104 ], [ 71.2764, 38.006 ], [ 71.2761, 38.0025 ], [ 71.2797, 37.9981 ], [ 71.2797, 37.9957 ], [ 71.2773, 37.9935 ], [ 71.2709, 37.9943 ], [ 71.2694, 37.9915 ] ] } },
{ "type": "Feature", "properties": { "reach_id": "46195000351", "river_group": "Panj", "basin": "Amu Darya", "p_width_m": 87.0, "p_wse_m": 1867.6001, "p_length_m": 16305.943, "n_overpasses": 0, "n_good_or_suspect": 0, "has_chart": false }, "geometry": { "type": "LineString", "coordinates": [ [ 71.2694, 37.9915 ], [ 71.2674, 37.984 ], [ 71.2735, 37.9769 ], [ 71.2746, 37.9655 ], [ 71.2628, 37.953 ], [ 71.2638, 37.947 ], [ 71.267, 37.9418 ], [ 71.2659, 37.9383 ], [ 71.2558, 37.936 ], [ 71.2518, 37.9319 ], [ 71.2556, 37.9266 ], [ 71.2552, 37.925 ], [ 71.2611, 37.9214 ], [ 71.2805, 37.9197 ], [ 71.2874, 37.926 ], [ 71.2892, 37.9325 ], [ 71.2956, 37.9334 ], [ 71.2993, 37.9315 ], [ 71.3082, 37.9218 ], [ 71.3139, 37.919 ], [ 71.3147, 37.9166 ] ] } },
{ "type": "Feature", "properties": { "reach_id": "46195000363", "river_group": "Panj", "basin": "Amu Darya", "p_width_m": 558.0, "p_wse_m": 1959.7001, "p_length_m": 13898.712, "n_overpasses": 0, "n_good_or_suspect": 0, "has_chart": false }, "geometry": { "type": "LineString", "coordinates": [ [ 71.3147, 37.9166 ], [ 71.3158, 37.9103 ], [ 71.3245, 37.9002 ], [ 71.3279, 37.8866 ], [ 71.3303, 37.8856 ], [ 71.3483, 37.8931 ], [ 71.3551, 37.8944 ], [ 71.3652, 37.8992 ], [ 71.3684, 37.9032 ], [ 71.3883, 37.9081 ], [ 71.4071, 37.9081 ], [ 71.4147, 37.911 ], [ 71.4234, 37.9179 ], [ 71.4296, 37.9195 ] ] } },
{ "type": "Feature", "properties": { "reach_id": "46195000371", "river_group": "Panj", "basin": "Amu Darya", "p_width_m": 423.5, "p_wse_m": 1961.6, "p_length_m": 1049.6837, "n_overpasses": 56, "n_good_or_suspect": 0, "has_chart": false }, "geometry": { "type": "LineString", "coordinates": [ [ 71.4296, 37.9195 ], [ 71.4413, 37.9221 ] ] } },
{ "type": "Feature", "properties": { "reach_id": "46195000383", "river_group": "Panj", "basin": "Amu Darya", "p_width_m": 564.0, "p_wse_m": 1961.6, "p_length_m": 1131.1251, "n_overpasses": 0, "n_good_or_suspect": 0, "has_chart": false }, "geometry": { "type": "LineString", "coordinates": [ [ 71.4413, 37.9221 ], [ 71.4478, 37.9214 ], [ 71.4537, 37.9239 ] ] } },
{ "type": "Feature", "properties": { "reach_id": "46195000391", "river_group": "Panj", "basin": "Amu Darya", "p_width_m": 456.0, "p_wse_m": 1961.6, "p_length_m": 510.31, "n_overpasses": 54, "n_good_or_suspect": 9, "has_chart": true }, "geometry": { "type": "LineString", "coordinates": [ [ 71.4537, 37.9239 ], [ 71.4589, 37.9266 ] ] } },
{ "type": "Feature", "properties": { "reach_id": "46195000403", "river_group": "Panj", "basin": "Amu Darya", "p_width_m": 518.5, "p_wse_m": 1961.6, "p_length_m": 993.644, "n_overpasses": 0, "n_good_or_suspect": 0, "has_chart": false }, "geometry": { "type": "LineString", "coordinates": [ [ 71.4589, 37.9266 ], [ 71.4673, 37.9328 ] ] } },
{ "type": "Feature", "properties": { "reach_id": "46195000411", "river_group": "Panj", "basin": "Amu Darya", "p_width_m": 636.0, "p_wse_m": 1969.2001, "p_length_m": 12486.525, "n_overpasses": 58, "n_good_or_suspect": 31, "has_chart": true }, "geometry": { "type": "LineString", "coordinates": [ [ 71.4673, 37.9328 ], [ 71.4798, 37.9388 ], [ 71.4894, 37.9404 ], [ 71.4986, 37.9507 ], [ 71.5141, 37.9534 ], [ 71.5299, 37.9483 ], [ 71.5453, 37.9389 ], [ 71.5497, 37.9376 ], [ 71.5617, 37.9378 ], [ 71.5667, 37.9342 ], [ 71.5758, 37.9323 ], [ 71.5882, 37.926 ] ] } },
{ "type": "Feature", "properties": { "reach_id": "46195000421", "river_group": "Vanj", "basin": "Aral Sea drainage (unclassified tributary)", "p_width_m": 45.0, "p_wse_m": 1603.3, "p_length_m": 15069.415, "n_overpasses": 54, "n_good_or_suspect": 0, "has_chart": false }, "geometry": { "type": "LineString", "coordinates": [ [ 71.3338, 38.2971 ], [ 71.3424, 38.2988 ], [ 71.3529, 38.2941 ], [ 71.3618, 38.2936 ], [ 71.3787, 38.2955 ], [ 71.3806, 38.3005 ], [ 71.3802, 38.3056 ], [ 71.3838, 38.3066 ], [ 71.4077, 38.3253 ], [ 71.4098, 38.3356 ], [ 71.4157, 38.3408 ], [ 71.4149, 38.3433 ], [ 71.4178, 38.3465 ], [ 71.4268, 38.3498 ], [ 71.4289, 38.3517 ], [ 71.4303, 38.3573 ], [ 71.4386, 38.3624 ], [ 71.4437, 38.3614 ], [ 71.4478, 38.3626 ] ] } },
{ "type": "Feature", "properties": { "reach_id": "46195000431", "river_group": "Vanj", "basin": "Aral Sea drainage (unclassified tributary)", "p_width_m": 127.0, "p_wse_m": 1754.2001, "p_length_m": 11952.174, "n_overpasses": 57, "n_good_or_suspect": 3, "has_chart": false }, "geometry": { "type": "LineString", "coordinates": [ [ 71.4478, 38.3626 ], [ 71.4564, 38.3617 ], [ 71.4571, 38.3662 ], [ 71.4653, 38.3719 ], [ 71.4774, 38.375 ], [ 71.4883, 38.381 ], [ 71.4963, 38.3832 ], [ 71.509, 38.3943 ], [ 71.5155, 38.4035 ], [ 71.537, 38.41 ], [ 71.5383, 38.4185 ], [ 71.544, 38.4221 ] ] } },
{ "type": "Feature", "properties": { "reach_id": "46195000441", "river_group": "Vanj", "basin": "Aral Sea drainage (unclassified tributary)", "p_width_m": 127.0, "p_wse_m": 1859.75, "p_length_m": 11960.394, "n_overpasses": 0, "n_good_or_suspect": 0, "has_chart": false }, "geometry": { "type": "LineString", "coordinates": [ [ 71.544, 38.4221 ], [ 71.5536, 38.4234 ], [ 71.5679, 38.4314 ], [ 71.5724, 38.4416 ], [ 71.5753, 38.4432 ], [ 71.59, 38.4453 ], [ 71.5922, 38.4525 ], [ 71.5993, 38.4593 ], [ 71.6096, 38.4609 ], [ 71.613, 38.465 ], [ 71.6177, 38.4666 ], [ 71.6208, 38.4708 ], [ 71.6247, 38.4729 ], [ 71.6267, 38.4777 ], [ 71.6323, 38.4794 ], [ 71.633, 38.4864 ] ] } },
{ "type": "Feature", "properties": { "reach_id": "46195000451", "river_group": "Vanj", "basin": "Aral Sea drainage (unclassified tributary)", "p_width_m": 105.0, "p_wse_m": 2001.4, "p_length_m": 19658.223, "n_overpasses": 33, "n_good_or_suspect": 27, "has_chart": true }, "geometry": { "type": "LineString", "coordinates": [ [ 71.633, 38.4864 ], [ 71.6378, 38.4876 ], [ 71.6432, 38.4959 ], [ 71.6556, 38.4965 ], [ 71.6719, 38.5074 ], [ 71.6837, 38.5113 ], [ 71.6903, 38.5176 ], [ 71.6893, 38.5208 ], [ 71.6922, 38.5246 ], [ 71.7014, 38.5254 ], [ 71.709, 38.5372 ], [ 71.7116, 38.5389 ], [ 71.7192, 38.5404 ], [ 71.7276, 38.5397 ], [ 71.7324, 38.5447 ], [ 71.7362, 38.5525 ], [ 71.7447, 38.5582 ], [ 71.7592, 38.5605 ], [ 71.7697, 38.5676 ], [ 71.7759, 38.575 ], [ 71.7899, 38.5722 ], [ 71.7952, 38.5751 ] ] } },
{ "type": "Feature", "properties": { "reach_id": "46195000461", "river_group": "Vanj", "basin": "Aral Sea drainage (unclassified tributary)", "p_width_m": 199.0, "p_wse_m": 2164.5752, "p_length_m": 11167.08, "n_overpasses": 0, "n_good_or_suspect": 0, "has_chart": false }, "geometry": { "type": "LineString", "coordinates": [ [ 71.7952, 38.5751 ], [ 71.8037, 38.5814 ], [ 71.8164, 38.5878 ], [ 71.8282, 38.5909 ], [ 71.8367, 38.5979 ], [ 71.8406, 38.6062 ], [ 71.8552, 38.6117 ], [ 71.8592, 38.6166 ], [ 71.8783, 38.6204 ], [ 71.8896, 38.6193 ], [ 71.8976, 38.6218 ] ] } },
{ "type": "Feature", "properties": { "reach_id": "46195000471", "river_group": "Vanj", "basin": "Aral Sea drainage (unclassified tributary)", "p_width_m": 108.0, "p_wse_m": 2321.9, "p_length_m": 11229.895, "n_overpasses": 29, "n_good_or_suspect": 27, "has_chart": true }, "geometry": { "type": "LineString", "coordinates": [ [ 71.8976, 38.6218 ], [ 71.9211, 38.6401 ], [ 71.9277, 38.641 ], [ 71.9365, 38.6451 ], [ 71.9427, 38.6453 ], [ 71.9615, 38.6585 ], [ 71.9688, 38.6603 ], [ 71.9725, 38.6573 ], [ 71.9767, 38.66 ], [ 71.985, 38.6607 ], [ 71.9915, 38.6656 ], [ 72.0001, 38.6684 ] ] } },
{ "type": "Feature", "properties": { "reach_id": "46195000481", "river_group": "Vanj", "basin": "Aral Sea drainage (unclassified tributary)", "p_width_m": 84.0, "p_wse_m": 2512.725, "p_length_m": 10955.27, "n_overpasses": 0, "n_good_or_suspect": 0, "has_chart": false }, "geometry": { "type": "LineString", "coordinates": [ [ 72.0001, 38.6684 ], [ 72.0142, 38.669 ], [ 72.0257, 38.6735 ], [ 72.0325, 38.6799 ], [ 72.0374, 38.6821 ], [ 72.0699, 38.6889 ], [ 72.0789, 38.6883 ], [ 72.0856, 38.6843 ], [ 72.0943, 38.6826 ], [ 72.1008, 38.6775 ], [ 72.1053, 38.6692 ] ] } },
{ "type": "Feature", "properties": { "reach_id": "46195000496", "river_group": "Vanj", "basin": "Aral Sea drainage (unclassified tributary)", "p_width_m": 30.0, "p_wse_m": 2678.6, "p_length_m": 200.26125, "n_overpasses": 0, "n_good_or_suspect": 0, "has_chart": false }, "geometry": { "type": "LineString", "coordinates": [ [ 72.1053, 38.6692 ], [ 72.1063, 38.6676 ] ] } },
{ "type": "Feature", "properties": { "reach_id": "46195000501", "river_group": "Darah-ye Tang Shew; Darya-ye Shewah", "basin": "Aral Sea drainage (unclassified tributary)", "p_width_m": 42.0, "p_wse_m": 1874.8, "p_length_m": 12060.442, "n_overpasses": 53, "n_good_or_suspect": 18, "has_chart": true }, "geometry": { "type": "LineString", "coordinates": [ [ 71.2694, 37.9915 ], [ 71.2461, 37.999 ], [ 71.2441, 37.9985 ], [ 71.2379, 37.9921 ], [ 71.237, 37.9848 ], [ 71.2283, 37.9745 ], [ 71.2289, 37.9715 ], [ 71.2273, 37.9677 ], [ 71.2211, 37.9622 ], [ 71.2096, 37.9562 ], [ 71.2048, 37.9558 ], [ 71.203, 37.9532 ], [ 71.198, 37.9515 ], [ 71.1964, 37.9426 ], [ 71.1918, 37.9343 ], [ 71.1888, 37.9322 ] ] } },
{ "type": "Feature", "properties": { "reach_id": "46195000521", "river_group": "Darah-ye Tang Shew; Darya-ye Shewah", "basin": "Aral Sea drainage (unclassified tributary)", "p_width_m": 45.0, "p_wse_m": 1999.3, "p_length_m": 18386.115, "n_overpasses": 0, "n_good_or_suspect": 0, "has_chart": false }, "geometry": { "type": "LineString", "coordinates": [ [ 71.1888, 37.9322 ], [ 71.1831, 37.9223 ], [ 71.1702, 37.9107 ], [ 71.1665, 37.9032 ], [ 71.1569, 37.8904 ], [ 71.1469, 37.888 ], [ 71.1459, 37.8841 ], [ 71.1401, 37.8799 ], [ 71.1411, 37.8763 ], [ 71.14, 37.8747 ], [ 71.1226, 37.8644 ], [ 71.1221, 37.8608 ], [ 71.1188, 37.8605 ], [ 71.1062, 37.8437 ], [ 71.1018, 37.8403 ], [ 71.1008, 37.8362 ], [ 71.0938, 37.8315 ], [ 71.0928, 37.8235 ], [ 71.0901, 37.8218 ], [ 71.0813, 37.8237 ], [ 71.071, 37.8186 ] ] } },
{ "type": "Feature", "properties": { "reach_id": "46195000536", "river_group": "Darah-ye Tang Shew; Darya-ye Shewah", "basin": "Aral Sea drainage (unclassified tributary)", "p_width_m": 54.0, "p_wse_m": 2055.9001, "p_length_m": 207.38174, "n_overpasses": 0, "n_good_or_suspect": 0, "has_chart": false }, "geometry": { "type": "LineString", "coordinates": [ [ 71.071, 37.8186 ], [ 71.0698, 37.8171 ] ] } },
{ "type": "Feature", "properties": { "reach_id": "46195000541", "river_group": "Yazgulem (Yazghulom) River", "basin": "Aral Sea drainage (unclassified tributary)", "p_width_m": 45.0, "p_wse_m": 1702.1, "p_length_m": 18557.027, "n_overpasses": 0, "n_good_or_suspect": 0, "has_chart": false }, "geometry": { "type": "LineString", "coordinates": [ [ 71.3661, 38.1937 ], [ 71.3776, 38.19 ], [ 71.3839, 38.1925 ], [ 71.4048, 38.1927 ], [ 71.4252, 38.1887 ], [ 71.4403, 38.1906 ], [ 71.4441, 38.1889 ], [ 71.4597, 38.1963 ], [ 71.4693, 38.2051 ], [ 71.4829, 38.214 ], [ 71.4867, 38.2141 ], [ 71.4923, 38.2173 ], [ 71.4953, 38.2242 ], [ 71.5035, 38.2242 ], [ 71.5137, 38.2217 ], [ 71.5237, 38.2229 ], [ 71.5345, 38.2291 ], [ 71.5363, 38.2317 ], [ 71.544, 38.2351 ] ] } },
{ "type": "Feature", "properties": { "reach_id": "46195000556", "river_group": "Yazgulem (Yazghulom) River", "basin": "Aral Sea drainage (unclassified tributary)", "p_width_m": 36.0, "p_wse_m": 1879.6, "p_length_m": 204.89626, "n_overpasses": 0, "n_good_or_suspect": 0, "has_chart": false }, "geometry": { "type": "LineString", "coordinates": [ [ 71.544, 38.2351 ], [ 71.546, 38.2343 ] ] } },
{ "type": "Feature", "properties": { "reach_id": "46196100011", "river_group": "Panj", "basin": "Amu Darya", "p_width_m": 242.0, "p_wse_m": 1993.9, "p_length_m": 17826.922, "n_overpasses": 57, "n_good_or_suspect": 38, "has_chart": true }, "geometry": { "type": "LineString", "coordinates": [ [ 71.5882, 37.926 ], [ 71.5913, 37.9195 ], [ 71.5919, 37.9138 ], [ 71.587, 37.9022 ], [ 71.5864, 37.8952 ], [ 71.5893, 37.8914 ], [ 71.5914, 37.8824 ], [ 71.5982, 37.875 ], [ 71.5846, 37.8466 ], [ 71.5882, 37.833 ], [ 71.5878, 37.8257 ], [ 71.5928, 37.8172 ], [ 71.5956, 37.8066 ], [ 71.5895, 37.797 ], [ 71.566, 37.7884 ] ] } },
{ "type": "Feature", "properties": { "reach_id": "46196100021", "river_group": "Panj", "basin": "Amu Darya", "p_width_m": 218.0, "p_wse_m": 2027.9751, "p_length_m": 19110.883, "n_overpasses": 58, "n_good_or_suspect": 28, "has_chart": true }, "geometry": { "type": "LineString", "coordinates": [ [ 71.566, 37.7884 ], [ 71.5561, 37.7872 ], [ 71.5544, 37.7837 ], [ 71.5508, 37.7819 ], [ 71.5493, 37.7771 ], [ 71.544, 37.771 ], [ 71.5381, 37.7697 ], [ 71.5309, 37.7653 ], [ 71.5323, 37.7612 ], [ 71.547, 37.7434 ], [ 71.551, 37.7338 ], [ 71.5476, 37.7193 ], [ 71.5495, 37.7146 ], [ 71.5418, 37.697 ], [ 71.5413, 37.6924 ], [ 71.538, 37.6846 ], [ 71.5314, 37.6794 ], [ 71.5277, 37.6732 ], [ 71.5273, 37.6492 ], [ 71.5258, 37.6441 ] ] } },
{ "type": "Feature", "properties": { "reach_id": "46196100031", "river_group": "Panj", "basin": "Amu Darya", "p_width_m": 315.0, "p_wse_m": 2044.1, "p_length_m": 19147.7, "n_overpasses": 58, "n_good_or_suspect": 31, "has_chart": true }, "geometry": { "type": "LineString", "coordinates": [ [ 71.5258, 37.6441 ], [ 71.5267, 37.6324 ], [ 71.5223, 37.6274 ], [ 71.5211, 37.6221 ], [ 71.5148, 37.6141 ], [ 71.5083, 37.6128 ], [ 71.5055, 37.6085 ], [ 71.5048, 37.5996 ], [ 71.5074, 37.5955 ], [ 71.508, 37.589 ], [ 71.5056, 37.5829 ], [ 71.5024, 37.5626 ], [ 71.4989, 37.5503 ], [ 71.4956, 37.5463 ], [ 71.494, 37.5363 ], [ 71.4966, 37.5322 ], [ 71.5043, 37.5264 ], [ 71.5059, 37.509 ], [ 71.5195, 37.4896 ] ] } },
{ "type": "Feature", "properties": { "reach_id": "46196400011", "river_group": "Panj", "basin": "Amu Darya", "p_width_m": 45.02838, "p_wse_m": 2081.8, "p_length_m": 6831.8975, "n_overpasses": 51, "n_good_or_suspect": 17, "has_chart": true }, "geometry": { "type": "LineString", "coordinates": [ [ 71.5195, 37.4896 ], [ 71.5335, 37.4903 ], [ 71.5454, 37.4887 ], [ 71.5564, 37.4925 ], [ 71.5669, 37.4931 ], [ 71.5775, 37.4869 ], [ 71.5917, 37.4836 ] ] } },
{ "type": "Feature", "properties": { "reach_id": "46196400021", "river_group": "Ghund", "basin": "Aral Sea drainage (unclassified tributary)", "p_width_m": 48.0, "p_wse_m": 2207.35, "p_length_m": 13840.119, "n_overpasses": 28, "n_good_or_suspect": 24, "has_chart": true }, "geometry": { "type": "LineString", "coordinates": [ [ 71.5917, 37.4836 ], [ 71.5949, 37.4828 ], [ 71.5972, 37.4844 ], [ 71.6005, 37.497 ], [ 71.598, 37.5087 ], [ 71.5936, 37.5153 ], [ 71.5931, 37.5188 ], [ 71.5946, 37.5208 ], [ 71.6004, 37.5241 ], [ 71.6045, 37.5244 ], [ 71.6139, 37.5221 ], [ 71.6188, 37.5174 ], [ 71.6287, 37.5171 ], [ 71.651, 37.5255 ], [ 71.6572, 37.529 ], [ 71.6584, 37.534 ], [ 71.6781, 37.5417 ] ] } },
{ "type": "Feature", "properties": { "reach_id": "46196400031", "river_group": "Ghund", "basin": "Aral Sea drainage (unclassified tributary)", "p_width_m": 42.0, "p_wse_m": 2354.0, "p_length_m": 12905.851, "n_overpasses": 28, "n_good_or_suspect": 22, "has_chart": true }, "geometry": { "type": "LineString", "coordinates": [ [ 71.6781, 37.5417 ], [ 71.6903, 37.5408 ], [ 71.7056, 37.5423 ], [ 71.711, 37.5448 ], [ 71.7145, 37.5561 ], [ 71.728, 37.5695 ], [ 71.7281, 37.5779 ], [ 71.7245, 37.5883 ], [ 71.7275, 37.5919 ], [ 71.7446, 37.5998 ], [ 71.7603, 37.6139 ] ] } },
{ "type": "Feature", "properties": { "reach_id": "46196400044", "river_group": "Ghund", "basin": "Aral Sea drainage (unclassified tributary)", "p_width_m": 45.0, "p_wse_m": 2462.9, "p_length_m": 375.44907, "n_overpasses": 0, "n_good_or_suspect": 0, "has_chart": false }, "geometry": { "type": "LineString", "coordinates": [ [ 71.7603, 37.6139 ], [ 71.762, 37.6171 ] ] } },
{ "type": "Feature", "properties": { "reach_id": "46196400051", "river_group": "Ghund", "basin": "Aral Sea drainage (unclassified tributary)", "p_width_m": 54.0, "p_wse_m": 2529.3, "p_length_m": 16993.688, "n_overpasses": 30, "n_good_or_suspect": 16, "has_chart": true }, "geometry": { "type": "LineString", "coordinates": [ [ 71.762, 37.6171 ], [ 71.7611, 37.6196 ], [ 71.7623, 37.6244 ], [ 71.7673, 37.6286 ], [ 71.7692, 37.634 ], [ 71.7646, 37.6379 ], [ 71.7695, 37.6467 ], [ 71.7761, 37.6484 ], [ 71.7818, 37.646 ], [ 71.7889, 37.6473 ], [ 71.7906, 37.6447 ], [ 71.796, 37.6442 ], [ 71.8032, 37.6478 ], [ 71.8071, 37.6519 ], [ 71.8115, 37.6531 ], [ 71.8131, 37.6563 ], [ 71.8179, 37.6567 ], [ 71.8226, 37.6595 ], [ 71.8302, 37.6699 ], [ 71.8355, 37.674 ], [ 71.8467, 37.6799 ], [ 71.8528, 37.6802 ], [ 71.8601, 37.6864 ], [ 71.8656, 37.6875 ], [ 71.8674, 37.6902 ], [ 71.8775, 37.6943 ], [ 71.882, 37.6986 ] ] } },
{ "type": "Feature", "properties": { "reach_id": "46196400061", "river_group": "Ghund", "basin": "Aral Sea drainage (unclassified tributary)", "p_width_m": 60.0, "p_wse_m": 2685.5, "p_length_m": 16261.309, "n_overpasses": 57, "n_good_or_suspect": 41, "has_chart": true }, "geometry": { "type": "LineString", "coordinates": [ [ 71.882, 37.6986 ], [ 71.8894, 37.705 ], [ 71.8985, 37.7093 ], [ 71.9093, 37.7006 ], [ 71.9174, 37.6988 ], [ 71.9317, 37.6988 ], [ 71.9363, 37.7043 ], [ 71.9348, 37.7132 ], [ 71.9367, 37.7173 ], [ 71.9483, 37.7223 ], [ 71.9531, 37.7224 ], [ 71.9611, 37.7184 ], [ 71.9676, 37.7116 ], [ 71.9731, 37.7117 ], [ 71.9805, 37.718 ], [ 71.9801, 37.7297 ], [ 71.983, 37.7334 ], [ 71.9969, 37.7364 ], [ 72.0002, 37.7392 ] ] } },
{ "type": "Feature", "properties": { "reach_id": "46196400081", "river_group": "Ghund", "basin": "Aral Sea drainage (unclassified tributary)", "p_width_m": 42.0, "p_wse_m": 2845.275, "p_length_m": 12305.719, "n_overpasses": 53, "n_good_or_suspect": 46, "has_chart": true }, "geometry": { "type": "LineString", "coordinates": [ [ 72.0002, 37.7392 ], [ 72.0141, 37.7404 ], [ 72.0196, 37.739 ], [ 72.0276, 37.7326 ], [ 72.0298, 37.7259 ], [ 72.0394, 37.7218 ], [ 72.047, 37.727 ], [ 72.0554, 37.7286 ], [ 72.057, 37.731 ], [ 72.0707, 37.7377 ], [ 72.088, 37.7398 ], [ 72.0927, 37.7422 ], [ 72.0988, 37.7415 ], [ 72.114, 37.7438 ], [ 72.1164, 37.7421 ] ] } },
{ "type": "Feature", "properties": { "reach_id": "46196400091", "river_group": "Ghund", "basin": "Aral Sea drainage (unclassified tributary)", "p_width_m": 63.0, "p_wse_m": 2934.8, "p_length_m": 12146.263, "n_overpasses": 28, "n_good_or_suspect": 13, "has_chart": true }, "geometry": { "type": "LineString", "coordinates": [ [ 72.1164, 37.7421 ], [ 72.12, 37.7401 ], [ 72.1356, 37.7418 ], [ 72.1396, 37.744 ], [ 72.1515, 37.7434 ], [ 72.1587, 37.7392 ], [ 72.1573, 37.7358 ], [ 72.1696, 37.7199 ], [ 72.1681, 37.7144 ], [ 72.1778, 37.7063 ], [ 72.1797, 37.7014 ], [ 72.1874, 37.7002 ], [ 72.191, 37.6973 ], [ 72.1989, 37.6966 ], [ 72.2113, 37.7002 ] ] } },
{ "type": "Feature", "properties": { "reach_id": "46196400106", "river_group": "Ghund", "basin": "Aral Sea drainage (unclassified tributary)", "p_width_m": 46.5, "p_wse_m": 3005.55, "p_length_m": 213.4263, "n_overpasses": 0, "n_good_or_suspect": 0, "has_chart": false }, "geometry": { "type": "LineString", "coordinates": [ [ 72.2113, 37.7002 ], [ 72.2137, 37.7004 ] ] } },
{ "type": "Feature", "properties": { "reach_id": "46196400111", "river_group": "Shakhdara River", "basin": "Aral Sea drainage (unclassified tributary)", "p_width_m": 42.0, "p_wse_m": 2236.9, "p_length_m": 16988.89, "n_overpasses": 58, "n_good_or_suspect": 31, "has_chart": true }, "geometry": { "type": "LineString", "coordinates": [ [ 71.5917, 37.4836 ], [ 71.591, 37.4788 ], [ 71.5932, 37.4744 ], [ 71.6063, 37.4615 ], [ 71.6089, 37.4454 ], [ 71.6074, 37.4425 ], [ 71.6086, 37.4338 ], [ 71.6179, 37.4246 ], [ 71.6178, 37.422 ], [ 71.6231, 37.4124 ], [ 71.6262, 37.4102 ], [ 71.6282, 37.4061 ], [ 71.6433, 37.4018 ], [ 71.6608, 37.391 ], [ 71.6687, 37.3817 ], [ 71.6707, 37.3759 ], [ 71.6748, 37.3718 ], [ 71.686, 37.3653 ] ] } },
{ "type": "Feature", "properties": { "reach_id": "46196400121", "river_group": "Shakhdara River", "basin": "Aral Sea drainage (unclassified tributary)", "p_width_m": 48.0, "p_wse_m": 2570.75, "p_length_m": 18812.176, "n_overpasses": 0, "n_good_or_suspect": 0, "has_chart": false }, "geometry": { "type": "LineString", "coordinates": [ [ 71.686, 37.3653 ], [ 71.69, 37.3617 ], [ 71.6927, 37.3549 ], [ 71.7004, 37.3501 ], [ 71.7029, 37.3459 ], [ 71.7079, 37.3432 ], [ 71.7102, 37.3436 ], [ 71.7131, 37.3382 ], [ 71.7133, 37.332 ], [ 71.726, 37.3285 ], [ 71.7319, 37.3238 ], [ 71.7411, 37.3243 ], [ 71.7427, 37.3234 ], [ 71.7416, 37.3208 ], [ 71.7429, 37.3191 ], [ 71.75, 37.3176 ], [ 71.7519, 37.3135 ], [ 71.76, 37.3056 ], [ 71.7657, 37.303 ], [ 71.7792, 37.3019 ], [ 71.7838, 37.299 ], [ 71.7844, 37.2938 ], [ 71.7886, 37.2848 ], [ 71.7856, 37.2789 ], [ 71.7868, 37.274 ], [ 71.7935, 37.2692 ], [ 71.8043, 37.2673 ], [ 71.8112, 37.2616 ] ] } },
{ "type": "Feature", "properties": { "reach_id": "46196400141", "river_group": "Shakhdara River", "basin": "Aral Sea drainage (unclassified tributary)", "p_width_m": 42.0, "p_wse_m": 2732.725, "p_length_m": 10614.988, "n_overpasses": 0, "n_good_or_suspect": 0, "has_chart": false }, "geometry": { "type": "LineString", "coordinates": [ [ 71.8112, 37.2616 ], [ 71.8158, 37.2588 ], [ 71.8209, 37.2585 ], [ 71.8279, 37.2555 ], [ 71.8295, 37.2492 ], [ 71.8264, 37.235 ], [ 71.8316, 37.22 ], [ 71.8468, 37.2122 ], [ 71.8462, 37.2069 ], [ 71.8514, 37.1987 ], [ 71.8588, 37.1962 ], [ 71.8648, 37.1918 ] ] } },
{ "type": "Feature", "properties": { "reach_id": "46196400156", "river_group": "Shakhdara River", "basin": "Aral Sea drainage (unclassified tributary)", "p_width_m": 36.0, "p_wse_m": 2793.9502, "p_length_m": 201.49191, "n_overpasses": 0, "n_good_or_suspect": 0, "has_chart": false }, "geometry": { "type": "LineString", "coordinates": [ [ 71.8648, 37.1918 ], [ 71.867, 37.1916 ] ] } },
{ "type": "Feature", "properties": { "reach_id": "46196500011", "river_group": "Panj", "basin": "Amu Darya", "p_width_m": 96.0, "p_wse_m": 2072.6, "p_length_m": 11855.957, "n_overpasses": 55, "n_good_or_suspect": 41, "has_chart": true }, "geometry": { "type": "LineString", "coordinates": [ [ 71.5195, 37.4896 ], [ 71.5257, 37.4802 ], [ 71.5251, 37.4762 ], [ 71.5205, 37.4649 ], [ 71.5145, 37.4612 ], [ 71.5092, 37.4553 ], [ 71.5048, 37.4541 ], [ 71.5035, 37.4518 ], [ 71.5042, 37.4458 ], [ 71.5004, 37.4402 ], [ 71.5016, 37.4351 ], [ 71.4965, 37.429 ], [ 71.495, 37.4222 ], [ 71.4963, 37.419 ], [ 71.4953, 37.4157 ], [ 71.4989, 37.4113 ], [ 71.498, 37.4081 ], [ 71.4926, 37.4057 ], [ 71.4838, 37.4073 ] ] } },
{ "type": "Feature", "properties": { "reach_id": "46196500021", "river_group": "Panj", "basin": "Amu Darya", "p_width_m": 54.0, "p_wse_m": 2148.0, "p_length_m": 16072.633, "n_overpasses": 58, "n_good_or_suspect": 45, "has_chart": true }, "geometry": { "type": "LineString", "coordinates": [ [ 71.4838, 37.4073 ], [ 71.4794, 37.4068 ], [ 71.4774, 37.4045 ], [ 71.4778, 37.398 ], [ 71.4747, 37.3878 ], [ 71.4793, 37.3832 ], [ 71.4881, 37.3813 ], [ 71.4915, 37.378 ], [ 71.4926, 37.3725 ], [ 71.4954, 37.3692 ], [ 71.4905, 37.3591 ], [ 71.4919, 37.3528 ], [ 71.4866, 37.3362 ], [ 71.4882, 37.3304 ], [ 71.4943, 37.3263 ], [ 71.4985, 37.3197 ], [ 71.5058, 37.3166 ], [ 71.5065, 37.3141 ], [ 71.5025, 37.3066 ], [ 71.4935, 37.3006 ], [ 71.4916, 37.2931 ], [ 71.4939, 37.2895 ] ] } },
{ "type": "Feature", "properties": { "reach_id": "46196500031", "river_group": "Panj", "basin": "Amu Darya", "p_width_m": 55.5, "p_wse_m": 2247.0, "p_length_m": 10231.401, "n_overpasses": 58, "n_good_or_suspect": 49, "has_chart": true }, "geometry": { "type": "LineString", "coordinates": [ [ 71.4939, 37.2895 ], [ 71.4946, 37.2846 ], [ 71.49, 37.279 ], [ 71.4879, 37.2731 ], [ 71.4906, 37.2644 ], [ 71.4848, 37.26 ], [ 71.4849, 37.2556 ], [ 71.4824, 37.2495 ], [ 71.4851, 37.2456 ], [ 71.4786, 37.2341 ], [ 71.4807, 37.2314 ], [ 71.4749, 37.2275 ], [ 71.4668, 37.2254 ], [ 71.4635, 37.2199 ], [ 71.4581, 37.2196 ], [ 71.4596, 37.2172 ] ] } },
{ "type": "Feature", "properties": { "reach_id": "46196500041", "river_group": "Panj", "basin": "Amu Darya", "p_width_m": 54.0, "p_wse_m": 2286.9001, "p_length_m": 10254.494, "n_overpasses": 58, "n_good_or_suspect": 52, "has_chart": true }, "geometry": { "type": "LineString", "coordinates": [ [ 71.4596, 37.2172 ], [ 71.4553, 37.2143 ], [ 71.4535, 37.2074 ], [ 71.4561, 37.1997 ], [ 71.4611, 37.1964 ], [ 71.4629, 37.1912 ], [ 71.4622, 37.1866 ], [ 71.461, 37.1843 ], [ 71.4568, 37.1823 ], [ 71.4498, 37.1815 ], [ 71.4466, 37.1748 ], [ 71.4456, 37.1683 ], [ 71.4517, 37.1528 ], [ 71.4486, 37.1499 ], [ 71.4476, 37.145 ], [ 71.4446, 37.1435 ], [ 71.4447, 37.1416 ] ] } },
{ "type": "Feature", "properties": { "reach_id": "46196500051", "river_group": "Panj", "basin": "Amu Darya", "p_width_m": 63.0, "p_wse_m": 2344.1, "p_length_m": 10237.427, "n_overpasses": 58, "n_good_or_suspect": 53, "has_chart": true }, "geometry": { "type": "LineString", "coordinates": [ [ 71.4447, 37.1416 ], [ 71.4456, 37.1342 ], [ 71.4416, 37.1308 ], [ 71.4441, 37.1232 ], [ 71.4409, 37.1187 ], [ 71.4449, 37.1099 ], [ 71.4432, 37.1054 ], [ 71.4444, 37.0989 ], [ 71.4426, 37.0948 ], [ 71.4345, 37.0888 ], [ 71.4318, 37.0753 ], [ 71.4289, 37.0727 ], [ 71.4305, 37.0697 ], [ 71.4294, 37.0646 ], [ 71.4306, 37.0591 ] ] } },
{ "type": "Feature", "properties": { "reach_id": "46196500061", "river_group": "Panj", "basin": "Amu Darya", "p_width_m": 89.0, "p_wse_m": 2377.6, "p_length_m": 10217.876, "n_overpasses": 58, "n_good_or_suspect": 49, "has_chart": true }, "geometry": { "type": "LineString", "coordinates": [ [ 71.4306, 37.0591 ], [ 71.4381, 37.0514 ], [ 71.4426, 37.0413 ], [ 71.4501, 37.0366 ], [ 71.4621, 37.0244 ], [ 71.46, 37.0163 ], [ 71.4693, 36.9991 ], [ 71.468, 36.9956 ], [ 71.4688, 36.9878 ], [ 71.471, 36.9853 ], [ 71.4696, 36.9807 ] ] } },
{ "type": "Feature", "properties": { "reach_id": "46196500071", "river_group": "Panj", "basin": "Amu Darya", "p_width_m": 164.0, "p_wse_m": 2420.6, "p_length_m": 10240.84, "n_overpasses": 58, "n_good_or_suspect": 47, "has_chart": true }, "geometry": { "type": "LineString", "coordinates": [ [ 71.4696, 36.9807 ], [ 71.4671, 36.978 ], [ 71.4674, 36.9743 ], [ 71.4626, 36.9695 ], [ 71.4653, 36.9627 ], [ 71.4656, 36.9508 ], [ 71.4816, 36.9348 ], [ 71.4868, 36.932 ], [ 71.4896, 36.9265 ], [ 71.4911, 36.9176 ], [ 71.5009, 36.9124 ], [ 71.5057, 36.9048 ] ] } },
{ "type": "Feature", "properties": { "reach_id": "46196500081", "river_group": "Panj", "basin": "Amu Darya", "p_width_m": 231.0, "p_wse_m": 2442.7, "p_length_m": 10219.695, "n_overpasses": 58, "n_good_or_suspect": 50, "has_chart": true }, "geometry": { "type": "LineString", "coordinates": [ [ 71.5057, 36.9048 ], [ 71.5137, 36.8968 ], [ 71.5145, 36.8898 ], [ 71.5181, 36.8805 ], [ 71.5268, 36.8687 ], [ 71.5262, 36.8644 ], [ 71.5279, 36.8578 ], [ 71.5424, 36.8462 ], [ 71.5411, 36.8324 ], [ 71.5429, 36.8243 ] ] } },
{ "type": "Feature", "properties": { "reach_id": "46196500091", "river_group": "Panj", "basin": "Amu Darya", "p_width_m": 123.0, "p_wse_m": 2486.6, "p_length_m": 19471.818, "n_overpasses": 31, "n_good_or_suspect": 24, "has_chart": true }, "geometry": { "type": "LineString", "coordinates": [ [ 71.5429, 36.8243 ], [ 71.5524, 36.8162 ], [ 71.5527, 36.8113 ], [ 71.5494, 36.8068 ], [ 71.55, 36.8046 ], [ 71.5621, 36.7844 ], [ 71.5644, 36.7686 ], [ 71.5775, 36.7489 ], [ 71.5789, 36.7445 ], [ 71.5876, 36.7349 ], [ 71.5936, 36.7318 ], [ 71.6004, 36.7249 ], [ 71.6054, 36.7232 ], [ 71.6204, 36.7123 ], [ 71.6278, 36.697 ], [ 71.6339, 36.6906 ], [ 71.6492, 36.6891 ] ] } },
{ "type": "Feature", "properties": { "reach_id": "46196500101", "river_group": "Panj", "basin": "Amu Darya", "p_width_m": 63.0, "p_wse_m": 2541.0, "p_length_m": 15553.075, "n_overpasses": 59, "n_good_or_suspect": 36, "has_chart": true }, "geometry": { "type": "LineString", "coordinates": [ [ 71.6492, 36.6891 ], [ 71.663, 36.6813 ], [ 71.6675, 36.6763 ], [ 71.6751, 36.6715 ], [ 71.6813, 36.676 ], [ 71.687, 36.6773 ], [ 71.7124, 36.6724 ], [ 71.727, 36.6766 ], [ 71.7457, 36.6754 ], [ 71.7596, 36.6791 ], [ 71.786, 36.6758 ], [ 71.807, 36.6803 ] ] } },
{ "type": "Feature", "properties": { "reach_id": "46196500111", "river_group": "Panj", "basin": "Amu Darya", "p_width_m": 96.5, "p_wse_m": 2623.475, "p_length_m": 11409.259, "n_overpasses": 59, "n_good_or_suspect": 34, "has_chart": true }, "geometry": { "type": "LineString", "coordinates": [ [ 71.807, 36.6803 ], [ 71.8178, 36.6833 ], [ 71.8265, 36.6808 ], [ 71.8369, 36.6819 ], [ 71.8412, 36.6806 ], [ 71.8454, 36.6855 ], [ 71.8492, 36.686 ], [ 71.8547, 36.6908 ], [ 71.8629, 36.6934 ], [ 71.8696, 36.7025 ], [ 71.8787, 36.7059 ], [ 71.8892, 36.7144 ], [ 71.8976, 36.7221 ], [ 71.8967, 36.7283 ], [ 71.8992, 36.7303 ] ] } },
{ "type": "Feature", "properties": { "reach_id": "46196500121", "river_group": "Panj", "basin": "Amu Darya", "p_width_m": 75.0, "p_wse_m": 2656.7002, "p_length_m": 12131.944, "n_overpasses": 59, "n_good_or_suspect": 48, "has_chart": true }, "geometry": { "type": "LineString", "coordinates": [ [ 71.8992, 36.7303 ], [ 71.9024, 36.7335 ], [ 71.9094, 36.7353 ], [ 71.918, 36.7412 ], [ 71.9391, 36.7468 ], [ 71.9501, 36.7542 ], [ 71.9583, 36.7568 ], [ 71.9776, 36.7774 ], [ 71.9827, 36.7805 ], [ 71.9871, 36.7799 ], [ 71.9954, 36.788 ], [ 71.9955, 36.7907 ], [ 72.0002, 36.7922 ] ] } },
{ "type": "Feature", "properties": { "reach_id": "46196500141", "river_group": "Panj", "basin": "Amu Darya", "p_width_m": 127.0, "p_wse_m": 2707.1, "p_length_m": 16888.37, "n_overpasses": 58, "n_good_or_suspect": 27, "has_chart": true }, "geometry": { "type": "LineString", "coordinates": [ [ 72.0002, 36.7922 ], [ 72.0065, 36.7945 ], [ 72.0133, 36.8001 ], [ 72.0138, 36.8056 ], [ 72.0187, 36.8113 ], [ 72.0295, 36.8169 ], [ 72.0373, 36.8162 ], [ 72.0415, 36.8202 ], [ 72.0476, 36.8205 ], [ 72.0502, 36.83 ], [ 72.0556, 36.831 ], [ 72.0683, 36.8402 ], [ 72.0758, 36.839 ], [ 72.0824, 36.8411 ], [ 72.0882, 36.8388 ], [ 72.1125, 36.847 ], [ 72.1184, 36.8533 ], [ 72.1206, 36.8669 ], [ 72.1297, 36.8714 ] ] } },
{ "type": "Feature", "properties": { "reach_id": "46196500151", "river_group": "Panj", "basin": "Amu Darya", "p_width_m": 423.0, "p_wse_m": 2732.5, "p_length_m": 16060.869, "n_overpasses": 27, "n_good_or_suspect": 0, "has_chart": false }, "geometry": { "type": "LineString", "coordinates": [ [ 72.1297, 36.8714 ], [ 72.1515, 36.8843 ], [ 72.1575, 36.8855 ], [ 72.1746, 36.8951 ], [ 72.1828, 36.9017 ], [ 72.1984, 36.9087 ], [ 72.2075, 36.9255 ], [ 72.2286, 36.9289 ], [ 72.2368, 36.9345 ], [ 72.2492, 36.9471 ], [ 72.2679, 36.9509 ] ] } },
{ "type": "Feature", "properties": { "reach_id": "46196500161", "river_group": "Panj", "basin": "Amu Darya", "p_width_m": 237.0, "p_wse_m": 2745.7, "p_length_m": 13400.716, "n_overpasses": 52, "n_good_or_suspect": 32, "has_chart": true }, "geometry": { "type": "LineString", "coordinates": [ [ 72.2679, 36.9509 ], [ 72.2766, 36.9528 ], [ 72.2851, 36.9607 ], [ 72.2966, 36.9584 ], [ 72.3023, 36.9596 ], [ 72.3064, 36.9642 ], [ 72.3079, 36.9689 ], [ 72.3143, 36.9722 ], [ 72.3231, 36.9806 ], [ 72.3292, 36.9784 ], [ 72.3465, 36.9873 ], [ 72.3679, 36.991 ], [ 72.3767, 36.9904 ], [ 72.3924, 36.9924 ] ] } },
{ "type": "Feature", "properties": { "reach_id": "46196500171", "river_group": "Panj", "basin": "Amu Darya", "p_width_m": 127.0, "p_wse_m": 2762.875, "p_length_m": 12049.358, "n_overpasses": 53, "n_good_or_suspect": 42, "has_chart": true }, "geometry": { "type": "LineString", "coordinates": [ [ 72.3924, 36.9924 ], [ 72.4006, 36.991 ], [ 72.4081, 36.9986 ], [ 72.4154, 37.0001 ], [ 72.4294, 37.007 ], [ 72.4325, 37.0037 ], [ 72.4432, 37.0063 ], [ 72.4531, 37.0022 ], [ 72.4575, 37.0036 ], [ 72.4692, 36.9953 ], [ 72.474, 36.9937 ], [ 72.4843, 36.997 ], [ 72.4949, 36.9934 ], [ 72.4975, 36.9969 ], [ 72.5035, 36.9989 ] ] } },
{ "type": "Feature", "properties": { "reach_id": "46196500181", "river_group": "Panj", "basin": "Amu Darya", "p_width_m": 107.0, "p_wse_m": 2780.6, "p_length_m": 10771.043, "n_overpasses": 53, "n_good_or_suspect": 44, "has_chart": true }, "geometry": { "type": "LineString", "coordinates": [ [ 72.5035, 36.9989 ], [ 72.5072, 36.9993 ], [ 72.5167, 36.9952 ], [ 72.5284, 36.9984 ], [ 72.5356, 37.005 ], [ 72.5438, 37.0018 ], [ 72.5602, 37.0065 ], [ 72.5666, 37.0062 ], [ 72.5725, 37.0116 ], [ 72.5814, 37.0082 ], [ 72.5871, 37.0087 ], [ 72.5917, 37.0104 ], [ 72.5986, 37.017 ], [ 72.6056, 37.019 ] ] } },
{ "type": "Feature", "properties": { "reach_id": "46196500191", "river_group": "Panj", "basin": "Amu Darya", "p_width_m": 165.0, "p_wse_m": 2790.9502, "p_length_m": 10817.414, "n_overpasses": 0, "n_good_or_suspect": 0, "has_chart": false }, "geometry": { "type": "LineString", "coordinates": [ [ 72.6056, 37.019 ], [ 72.6105, 37.0237 ], [ 72.6249, 37.0294 ], [ 72.6405, 37.0253 ], [ 72.6461, 37.0188 ], [ 72.6565, 37.0192 ], [ 72.6695, 37.0161 ], [ 72.6725, 37.0169 ], [ 72.6895, 37.0118 ], [ 72.7006, 37.0018 ], [ 72.7076, 37.0026 ] ] } },
{ "type": "Feature", "properties": { "reach_id": "46196700011", "river_group": "Panj", "basin": "Amu Darya", "p_width_m": 123.0, "p_wse_m": 2850.3, "p_length_m": 12709.449, "n_overpasses": 0, "n_good_or_suspect": 0, "has_chart": false }, "geometry": { "type": "LineString", "coordinates": [ [ 72.7076, 37.0026 ], [ 72.7262, 37.0003 ], [ 72.7337, 36.9974 ], [ 72.748, 36.9953 ], [ 72.762, 36.9862 ], [ 72.7786, 36.986 ], [ 72.7912, 36.9784 ], [ 72.8024, 36.979 ], [ 72.8075, 36.9758 ], [ 72.8179, 36.9758 ], [ 72.8244, 36.9739 ], [ 72.8369, 36.9743 ] ] } },
{ "type": "Feature", "properties": { "reach_id": "46196700021", "river_group": "Panj", "basin": "Amu Darya", "p_width_m": 68.0, "p_wse_m": 2985.15, "p_length_m": 12415.7705, "n_overpasses": 0, "n_good_or_suspect": 0, "has_chart": false }, "geometry": { "type": "LineString", "coordinates": [ [ 72.8369, 36.9743 ], [ 72.8487, 36.9734 ], [ 72.8583, 36.9682 ], [ 72.8724, 36.9705 ], [ 72.8768, 36.9683 ], [ 72.8865, 36.9697 ], [ 72.9025, 36.9657 ], [ 72.9092, 36.9669 ], [ 72.913, 36.9643 ], [ 72.9201, 36.953 ], [ 72.9255, 36.9505 ], [ 72.9349, 36.9511 ], [ 72.9417, 36.9484 ], [ 72.9564, 36.9512 ] ] } },
{ "type": "Feature", "properties": { "reach_id": "46196700031", "river_group": "Panj", "basin": "Amu Darya", "p_width_m": 80.0, "p_wse_m": 3131.7, "p_length_m": 11186.915, "n_overpasses": 0, "n_good_or_suspect": 0, "has_chart": false }, "geometry": { "type": "LineString", "coordinates": [ [ 72.9564, 36.9512 ], [ 72.9763, 36.9528 ], [ 72.982, 36.9509 ], [ 72.9921, 36.9535 ], [ 73.0045, 36.954 ], [ 73.0083, 36.9512 ], [ 73.0167, 36.953 ], [ 73.0242, 36.9511 ], [ 73.0452, 36.9587 ], [ 73.055, 36.9587 ], [ 73.0625, 36.9537 ], [ 73.0669, 36.9541 ], [ 73.071, 36.9568 ] ] } },
{ "type": "Feature", "properties": { "reach_id": "46196700041", "river_group": "Panj", "basin": "Amu Darya", "p_width_m": 114.0, "p_wse_m": 3148.2, "p_length_m": 11335.134, "n_overpasses": 0, "n_good_or_suspect": 0, "has_chart": false }, "geometry": { "type": "LineString", "coordinates": [ [ 73.071, 36.9568 ], [ 73.087, 36.9586 ], [ 73.0968, 36.9571 ], [ 73.1094, 36.9626 ], [ 73.121, 36.9582 ], [ 73.1229, 36.9621 ], [ 73.1276, 36.964 ], [ 73.1408, 36.9622 ], [ 73.1458, 36.966 ], [ 73.1532, 36.9652 ], [ 73.1585, 36.9692 ], [ 73.1636, 36.9681 ], [ 73.1675, 36.9705 ], [ 73.174, 36.97 ], [ 73.1798, 36.9747 ] ] } },
{ "type": "Feature", "properties": { "reach_id": "46196700051", "river_group": "Panj", "basin": "Amu Darya", "p_width_m": 77.0, "p_wse_m": 3190.2, "p_length_m": 11312.079, "n_overpasses": 0, "n_good_or_suspect": 0, "has_chart": false }, "geometry": { "type": "LineString", "coordinates": [ [ 73.1798, 36.9747 ], [ 73.1823, 36.9776 ], [ 73.1825, 36.9806 ], [ 73.1911, 36.9856 ], [ 73.1955, 36.9856 ], [ 73.202, 36.983 ], [ 73.2092, 36.9896 ], [ 73.2173, 36.9909 ], [ 73.2236, 36.9952 ], [ 73.2347, 36.9968 ], [ 73.2398, 36.9931 ], [ 73.2455, 36.9948 ], [ 73.2543, 36.9933 ], [ 73.2637, 36.9951 ], [ 73.2732, 36.9947 ], [ 73.2788, 36.9965 ], [ 73.2853, 36.9927 ] ] } },
{ "type": "Feature", "properties": { "reach_id": "46196700061", "river_group": "Panj", "basin": "Amu Darya", "p_width_m": 127.0, "p_wse_m": 3226.425, "p_length_m": 11285.395, "n_overpasses": 0, "n_good_or_suspect": 0, "has_chart": false }, "geometry": { "type": "LineString", "coordinates": [ [ 73.2853, 36.9927 ], [ 73.2894, 36.992 ], [ 73.295, 36.9963 ], [ 73.3028, 36.9973 ], [ 73.3062, 36.9962 ], [ 73.3095, 36.9981 ], [ 73.3126, 36.9955 ], [ 73.318, 36.9945 ], [ 73.3259, 36.9876 ], [ 73.3322, 36.9902 ], [ 73.337, 36.988 ], [ 73.341, 36.9901 ], [ 73.3501, 36.9894 ], [ 73.3622, 36.9938 ], [ 73.3747, 36.9898 ], [ 73.3825, 36.9905 ], [ 73.3858, 36.9932 ], [ 73.3946, 36.9902 ] ] } },
{ "type": "Feature", "properties": { "reach_id": "46196700071", "river_group": "Panj", "basin": "Amu Darya", "p_width_m": 105.0, "p_wse_m": 3263.125, "p_length_m": 11943.865, "n_overpasses": 53, "n_good_or_suspect": 39, "has_chart": true }, "geometry": { "type": "LineString", "coordinates": [ [ 73.3946, 36.9902 ], [ 73.3983, 36.9889 ], [ 73.404, 36.9908 ], [ 73.4173, 36.9833 ], [ 73.4281, 36.9837 ], [ 73.4342, 36.9806 ], [ 73.44, 36.9812 ], [ 73.4433, 36.9835 ], [ 73.4487, 36.9831 ], [ 73.4544, 36.9858 ], [ 73.4673, 36.9787 ], [ 73.4698, 36.9722 ], [ 73.4686, 36.9695 ], [ 73.472, 36.9649 ], [ 73.476, 36.965 ], [ 73.4774, 36.961 ], [ 73.4969, 36.9632 ] ] } },
{ "type": "Feature", "properties": { "reach_id": "46196700081", "river_group": "Panj", "basin": "Amu Darya", "p_width_m": 63.0, "p_wse_m": 3338.45, "p_length_m": 11929.299, "n_overpasses": 53, "n_good_or_suspect": 27, "has_chart": true }, "geometry": { "type": "LineString", "coordinates": [ [ 73.4969, 36.9632 ], [ 73.501, 36.9616 ], [ 73.5071, 36.9627 ], [ 73.5087, 36.9673 ], [ 73.5227, 36.9704 ], [ 73.5298, 36.9692 ], [ 73.5362, 36.972 ], [ 73.5471, 36.9815 ], [ 73.5599, 36.9846 ], [ 73.5716, 36.9917 ], [ 73.5807, 36.9899 ], [ 73.5827, 36.992 ], [ 73.5842, 36.9988 ], [ 73.5922, 37.003 ], [ 73.601, 37.0039 ] ] } },
{ "type": "Feature", "properties": { "reach_id": "46196900021", "river_group": "Wakhjir river", "basin": "Aral Sea drainage (unclassified tributary)", "p_width_m": 45.0, "p_wse_m": 3441.9502, "p_length_m": 10709.789, "n_overpasses": 53, "n_good_or_suspect": 24, "has_chart": true }, "geometry": { "type": "LineString", "coordinates": [ [ 73.601, 37.0039 ], [ 73.6077, 37.0042 ], [ 73.6139, 37.0008 ], [ 73.6199, 37.0013 ], [ 73.6227, 36.9992 ], [ 73.6368, 36.998 ], [ 73.6489, 37.0011 ], [ 73.6564, 37.0002 ], [ 73.6654, 37.003 ], [ 73.6745, 37.0025 ], [ 73.6782, 37.0044 ], [ 73.6836, 37.0026 ], [ 73.689, 37.0031 ], [ 73.7027, 37.0083 ], [ 73.7119, 37.0076 ] ] } },
{ "type": "Feature", "properties": { "reach_id": "46196900031", "river_group": "Wakhjir river", "basin": "Aral Sea drainage (unclassified tributary)", "p_width_m": 48.0, "p_wse_m": 3558.0, "p_length_m": 10753.894, "n_overpasses": 54, "n_good_or_suspect": 26, "has_chart": true }, "geometry": { "type": "LineString", "coordinates": [ [ 73.7119, 37.0076 ], [ 73.7155, 37.0095 ], [ 73.7213, 37.009 ], [ 73.733, 37.0143 ], [ 73.7482, 37.0147 ], [ 73.7586, 37.0184 ], [ 73.7623, 37.0175 ], [ 73.7659, 37.0203 ], [ 73.771, 37.0198 ], [ 73.7751, 37.0227 ], [ 73.7774, 37.0222 ], [ 73.7844, 37.0253 ], [ 73.7871, 37.0284 ], [ 73.7982, 37.0244 ], [ 73.8087, 37.0253 ], [ 73.8182, 37.0231 ] ] } },
{ "type": "Feature", "properties": { "reach_id": "46196900041", "river_group": "Wakhjir river", "basin": "Aral Sea drainage (unclassified tributary)", "p_width_m": 63.0, "p_wse_m": 3674.6, "p_length_m": 18195.33, "n_overpasses": 54, "n_good_or_suspect": 17, "has_chart": true }, "geometry": { "type": "LineString", "coordinates": [ [ 73.8182, 37.0231 ], [ 73.8394, 37.024 ], [ 73.8462, 37.0221 ], [ 73.8512, 37.0249 ], [ 73.8634, 37.0236 ], [ 73.866, 37.0253 ], [ 73.8728, 37.0252 ], [ 73.8758, 37.0272 ], [ 73.8863, 37.0233 ], [ 73.895, 37.0235 ], [ 73.9025, 37.0368 ], [ 73.9082, 37.0414 ], [ 73.9143, 37.068 ], [ 73.9277, 37.0808 ], [ 73.9323, 37.0884 ], [ 73.9333, 37.0936 ], [ 73.9396, 37.0959 ], [ 73.944, 37.095 ], [ 73.9511, 37.0984 ] ] } },
{ "type": "Feature", "properties": { "reach_id": "46196900051", "river_group": "Wakhjir river", "basin": "Aral Sea drainage (unclassified tributary)", "p_width_m": 87.0, "p_wse_m": 3890.7, "p_length_m": 15536.32, "n_overpasses": 78, "n_good_or_suspect": 24, "has_chart": true }, "geometry": { "type": "LineString", "coordinates": [ [ 73.9511, 37.0984 ], [ 73.9536, 37.0989 ], [ 73.9589, 37.1065 ], [ 73.9661, 37.1086 ], [ 73.9769, 37.1182 ], [ 73.9958, 37.1304 ], [ 73.9961, 37.1334 ], [ 74.0147, 37.1357 ], [ 74.0201, 37.1347 ], [ 74.0245, 37.1308 ], [ 74.0391, 37.1288 ], [ 74.0415, 37.1256 ], [ 74.0462, 37.124 ], [ 74.052, 37.1192 ], [ 74.0645, 37.1202 ], [ 74.0737, 37.1115 ], [ 74.0809, 37.1081 ], [ 74.083, 37.1046 ] ] } },
{ "type": "Feature", "properties": { "reach_id": "46196900061", "river_group": "Wakhjir river", "basin": "Aral Sea drainage (unclassified tributary)", "p_width_m": 190.0, "p_wse_m": 3989.5752, "p_length_m": 15361.271, "n_overpasses": 48, "n_good_or_suspect": 3, "has_chart": false }, "geometry": { "type": "LineString", "coordinates": [ [ 74.083, 37.1046 ], [ 74.094, 37.0929 ], [ 74.1041, 37.0888 ], [ 74.1121, 37.0696 ], [ 74.1202, 37.0636 ], [ 74.1331, 37.0619 ], [ 74.1446, 37.0562 ], [ 74.1541, 37.0545 ], [ 74.1619, 37.051 ], [ 74.1662, 37.0515 ], [ 74.173, 37.0475 ], [ 74.1973, 37.0524 ], [ 74.2169, 37.0484 ] ] } },
{ "type": "Feature", "properties": { "reach_id": "46196900071", "river_group": "Wakhjir river", "basin": "Aral Sea drainage (unclassified tributary)", "p_width_m": 80.0, "p_wse_m": 4100.5, "p_length_m": 9897.887, "n_overpasses": 0, "n_good_or_suspect": 0, "has_chart": false }, "geometry": { "type": "LineString", "coordinates": [ [ 74.2169, 37.0484 ], [ 74.2299, 37.048 ], [ 74.2375, 37.0421 ], [ 74.2436, 37.0395 ], [ 74.2514, 37.0404 ], [ 74.2571, 37.0393 ], [ 74.2672, 37.0419 ], [ 74.3007, 37.0363 ], [ 74.3199, 37.0405 ] ] } },
{ "type": "Feature", "properties": { "reach_id": "46196900086", "river_group": "Wakhjir river", "basin": "Aral Sea drainage (unclassified tributary)", "p_width_m": 42.0, "p_wse_m": 4158.8003, "p_length_m": 197.1839, "n_overpasses": 0, "n_good_or_suspect": 0, "has_chart": false }, "geometry": { "type": "LineString", "coordinates": [ [ 74.3199, 37.0405 ], [ 74.3219, 37.041 ] ] } },
{ "type": "Feature", "properties": { "reach_id": "46197000021", "river_group": "Bartang River", "basin": "Aral Sea drainage (unclassified tributary)", "p_width_m": 265.0, "p_wse_m": 2002.725, "p_length_m": 10215.699, "n_overpasses": 50, "n_good_or_suspect": 44, "has_chart": true }, "geometry": { "type": "LineString", "coordinates": [ [ 71.5882, 37.926 ], [ 71.5968, 37.9272 ], [ 71.6034, 37.9306 ], [ 71.6167, 37.9413 ], [ 71.626, 37.9544 ], [ 71.6326, 37.9605 ], [ 71.6346, 37.9688 ], [ 71.6395, 37.9719 ], [ 71.6414, 37.9773 ], [ 71.6475, 37.9791 ], [ 71.6526, 37.9832 ], [ 71.6539, 37.9864 ], [ 71.6527, 37.993 ] ] } },
{ "type": "Feature", "properties": { "reach_id": "46197000031", "river_group": "Bartang River", "basin": "Aral Sea drainage (unclassified tributary)", "p_width_m": 161.0, "p_wse_m": 2038.6, "p_length_m": 10177.206, "n_overpasses": 53, "n_good_or_suspect": 47, "has_chart": true }, "geometry": { "type": "LineString", "coordinates": [ [ 71.6527, 37.993 ], [ 71.656, 37.9975 ], [ 71.6602, 37.9999 ], [ 71.6846, 38.0051 ], [ 71.6965, 37.9974 ], [ 71.6991, 37.9914 ], [ 71.7048, 37.9891 ], [ 71.7083, 37.9894 ], [ 71.7102, 37.9857 ], [ 71.7159, 37.9828 ], [ 71.7191, 37.9782 ], [ 71.7271, 37.973 ], [ 71.7339, 37.9715 ], [ 71.7375, 37.9767 ] ] } },
{ "type": "Feature", "properties": { "reach_id": "46197000041", "river_group": "Bartang River", "basin": "Aral Sea drainage (unclassified tributary)", "p_width_m": 156.5, "p_wse_m": 2071.8, "p_length_m": 10204.677, "n_overpasses": 53, "n_good_or_suspect": 43, "has_chart": true }, "geometry": { "type": "LineString", "coordinates": [ [ 71.7375, 37.9767 ], [ 71.7439, 37.9847 ], [ 71.7459, 37.9949 ], [ 71.7513, 37.9984 ], [ 71.7595, 37.998 ], [ 71.7771, 38.0031 ], [ 71.7792, 38.0014 ], [ 71.7771, 37.9947 ], [ 71.7798, 37.9935 ], [ 71.7909, 37.9974 ], [ 71.8087, 38.0079 ], [ 71.8145, 38.0074 ] ] } },
{ "type": "Feature", "properties": { "reach_id": "46197000051", "river_group": "Bartang River", "basin": "Aral Sea drainage (unclassified tributary)", "p_width_m": 84.0, "p_wse_m": 2143.675, "p_length_m": 10188.144, "n_overpasses": 53, "n_good_or_suspect": 48, "has_chart": true }, "geometry": { "type": "LineString", "coordinates": [ [ 71.8145, 38.0074 ], [ 71.8304, 38.0033 ], [ 71.8422, 38.0094 ], [ 71.8495, 38.0194 ], [ 71.8639, 38.028 ], [ 71.8654, 38.0334 ], [ 71.8641, 38.0364 ], [ 71.8647, 38.0418 ], [ 71.8609, 38.047 ], [ 71.8609, 38.0492 ], [ 71.866, 38.0588 ], [ 71.8743, 38.0601 ] ] } },
{ "type": "Feature", "properties": { "reach_id": "46197000061", "river_group": "Bartang River", "basin": "Aral Sea drainage (unclassified tributary)", "p_width_m": 121.0, "p_wse_m": 2209.9, "p_length_m": 18598.836, "n_overpasses": 53, "n_good_or_suspect": 34, "has_chart": true }, "geometry": { "type": "LineString", "coordinates": [ [ 71.8743, 38.0601 ], [ 71.8801, 38.0607 ], [ 71.8835, 38.0662 ], [ 71.8907, 38.0682 ], [ 71.8926, 38.0708 ], [ 71.8969, 38.0726 ], [ 71.8993, 38.078 ], [ 71.9097, 38.0866 ], [ 71.9174, 38.0891 ], [ 71.9176, 38.094 ], [ 71.924, 38.1003 ], [ 71.9261, 38.1049 ], [ 71.931, 38.1085 ], [ 71.9374, 38.1192 ], [ 71.9378, 38.1238 ], [ 71.9431, 38.1363 ], [ 71.9412, 38.1429 ], [ 71.9492, 38.1512 ], [ 71.965, 38.1565 ], [ 71.9797, 38.1541 ], [ 71.9846, 38.1571 ], [ 71.9924, 38.1572 ], [ 71.995, 38.1561 ], [ 71.9997, 38.1498 ] ] } },
{ "type": "Feature", "properties": { "reach_id": "46197000081", "river_group": "Bartang River", "basin": "Aral Sea drainage (unclassified tributary)", "p_width_m": 75.0, "p_wse_m": 2288.5, "p_length_m": 14455.641, "n_overpasses": 0, "n_good_or_suspect": 0, "has_chart": false }, "geometry": { "type": "LineString", "coordinates": [ [ 71.9997, 38.1498 ], [ 72.003, 38.1479 ], [ 72.0044, 38.1404 ], [ 72.0142, 38.1332 ], [ 72.0261, 38.1362 ], [ 72.0324, 38.1336 ], [ 72.0398, 38.1232 ], [ 72.0393, 38.1183 ], [ 72.0446, 38.1181 ], [ 72.0459, 38.1125 ], [ 72.0645, 38.0999 ], [ 72.0755, 38.0995 ], [ 72.0818, 38.1046 ], [ 72.0852, 38.1051 ], [ 72.0884, 38.1015 ], [ 72.0922, 38.1002 ], [ 72.0924, 38.0959 ], [ 72.0941, 38.0944 ], [ 72.1049, 38.0913 ], [ 72.1086, 38.0918 ] ] } },
{ "type": "Feature", "properties": { "reach_id": "46197000091", "river_group": "Bartang River", "basin": "Aral Sea drainage (unclassified tributary)", "p_width_m": 89.5, "p_wse_m": 2339.6, "p_length_m": 10420.69, "n_overpasses": 0, "n_good_or_suspect": 0, "has_chart": false }, "geometry": { "type": "LineString", "coordinates": [ [ 72.1086, 38.0918 ], [ 72.1158, 38.0915 ], [ 72.1202, 38.0938 ], [ 72.1222, 38.0963 ], [ 72.1203, 38.1001 ], [ 72.1217, 38.1028 ], [ 72.1263, 38.1042 ], [ 72.1302, 38.1084 ], [ 72.1502, 38.1121 ], [ 72.1675, 38.1089 ], [ 72.1785, 38.1123 ], [ 72.1815, 38.1165 ], [ 72.1901, 38.1159 ], [ 72.1957, 38.1214 ], [ 72.1998, 38.123 ] ] } },
{ "type": "Feature", "properties": { "reach_id": "46197000101", "river_group": "Bartang River", "basin": "Aral Sea drainage (unclassified tributary)", "p_width_m": 84.0, "p_wse_m": 2396.7002, "p_length_m": 10410.24, "n_overpasses": 0, "n_good_or_suspect": 0, "has_chart": false }, "geometry": { "type": "LineString", "coordinates": [ [ 72.1998, 38.123 ], [ 72.2115, 38.1282 ], [ 72.2196, 38.1408 ], [ 72.2204, 38.146 ], [ 72.2234, 38.1482 ], [ 72.2194, 38.1544 ], [ 72.2109, 38.154 ], [ 72.2048, 38.1602 ], [ 72.2238, 38.1745 ], [ 72.2234, 38.1793 ], [ 72.2201, 38.1838 ], [ 72.2236, 38.1887 ] ] } },
{ "type": "Feature", "properties": { "reach_id": "46197000111", "river_group": "Bartang River", "basin": "Aral Sea drainage (unclassified tributary)", "p_width_m": 89.0, "p_wse_m": 2457.35, "p_length_m": 10373.516, "n_overpasses": 0, "n_good_or_suspect": 0, "has_chart": false }, "geometry": { "type": "LineString", "coordinates": [ [ 72.2236, 38.1887 ], [ 72.2372, 38.1925 ], [ 72.2437, 38.2008 ], [ 72.2649, 38.2108 ], [ 72.2675, 38.2182 ], [ 72.2637, 38.2257 ], [ 72.2634, 38.2432 ], [ 72.2656, 38.2463 ], [ 72.2669, 38.2547 ], [ 72.2742, 38.2559 ] ] } },
{ "type": "Feature", "properties": { "reach_id": "46197000121", "river_group": "Bartang River", "basin": "Aral Sea drainage (unclassified tributary)", "p_width_m": 149.0, "p_wse_m": 2493.3, "p_length_m": 10382.842, "n_overpasses": 0, "n_good_or_suspect": 0, "has_chart": false }, "geometry": { "type": "LineString", "coordinates": [ [ 72.2742, 38.2559 ], [ 72.2814, 38.2547 ], [ 72.2847, 38.2672 ], [ 72.3081, 38.2652 ], [ 72.3146, 38.2678 ], [ 72.3206, 38.2726 ], [ 72.3259, 38.2739 ], [ 72.3305, 38.2818 ], [ 72.3438, 38.2926 ], [ 72.3591, 38.287 ] ] } },
{ "type": "Feature", "properties": { "reach_id": "46197000131", "river_group": "Bartang River", "basin": "Aral Sea drainage (unclassified tributary)", "p_width_m": 151.0, "p_wse_m": 2546.4001, "p_length_m": 10142.014, "n_overpasses": 0, "n_good_or_suspect": 0, "has_chart": false }, "geometry": { "type": "LineString", "coordinates": [ [ 72.3591, 38.287 ], [ 72.3718, 38.2872 ], [ 72.3805, 38.2924 ], [ 72.3898, 38.2928 ], [ 72.3922, 38.2948 ], [ 72.3957, 38.3065 ], [ 72.4029, 38.3087 ], [ 72.409, 38.3126 ], [ 72.4261, 38.312 ], [ 72.4384, 38.3155 ], [ 72.4416, 38.3197 ], [ 72.4498, 38.3229 ] ] } },
{ "type": "Feature", "properties": { "reach_id": "46197000146", "river_group": "Bartang River", "basin": "Aral Sea drainage (unclassified tributary)", "p_width_m": 114.0, "p_wse_m": 2571.5, "p_length_m": 193.574, "n_overpasses": 0, "n_good_or_suspect": 0, "has_chart": false }, "geometry": { "type": "LineString", "coordinates": [ [ 72.4498, 38.3229 ], [ 72.4518, 38.3226 ] ] } },
{ "type": "Feature", "properties": { "reach_id": "46211000011", "river_group": "Syr Darya", "basin": "Syr Darya", "p_width_m": 156.5, "p_wse_m": 41.0, "p_length_m": 11876.8125, "n_overpasses": 106, "n_good_or_suspect": 54, "has_chart": true }, "geometry": { "type": "LineString", "coordinates": [ [ 60.9158, 46.1833 ], [ 60.905, 46.1725 ], [ 60.8942, 46.1584 ], [ 60.8892, 46.1475 ], [ 60.8925, 46.1408 ], [ 60.8925, 46.1375 ], [ 60.8841, 46.1333 ], [ 60.8716, 46.1358 ], [ 60.8635, 46.135 ], [ 60.8584, 46.1309 ], [ 60.8617, 46.1224 ], [ 60.8617, 46.1116 ], [ 60.8644, 46.1065 ] ] } },
{ "type": "Feature", "properties": { "reach_id": "46211000031", "river_group": "Syr Darya", "basin": "Syr Darya", "p_width_m": 94.0, "p_wse_m": 48.3, "p_length_m": 10687.043, "n_overpasses": 0, "n_good_or_suspect": 0, "has_chart": false }, "geometry": { "type": "LineString", "coordinates": [ [ 60.8644, 46.1065 ], [ 60.8665, 46.1032 ], [ 60.8725, 46.1002 ], [ 60.8912, 46.0983 ], [ 60.9113, 46.0918 ], [ 60.9296, 46.0887 ], [ 60.965, 46.0872 ], [ 60.977, 46.0885 ], [ 60.9813, 46.0864 ], [ 60.9856, 46.0875 ], [ 60.9877, 46.0919 ] ] } },
{ "type": "Feature", "properties": { "reach_id": "46211000041", "river_group": "Syr Darya", "basin": "Syr Darya", "p_width_m": 107.5, "p_wse_m": 50.100002, "p_length_m": 10709.434, "n_overpasses": 77, "n_good_or_suspect": 48, "has_chart": true }, "geometry": { "type": "LineString", "coordinates": [ [ 60.9877, 46.0919 ], [ 61.0059, 46.0932 ], [ 61.0111, 46.0907 ], [ 61.0134, 46.0867 ], [ 61.0127, 46.0745 ], [ 61.0175, 46.0635 ], [ 61.0309, 46.0527 ], [ 61.0338, 46.0484 ], [ 61.033, 46.0443 ], [ 61.0434, 46.0372 ], [ 61.0453, 46.0335 ], [ 61.0435, 46.0302 ], [ 61.0443, 46.0283 ], [ 61.0529, 46.0256 ] ] } },
{ "type": "Feature", "properties": { "reach_id": "46211000051", "river_group": "Syr Darya", "basin": "Syr Darya", "p_width_m": 114.0, "p_wse_m": 54.25, "p_length_m": 12089.254, "n_overpasses": 77, "n_good_or_suspect": 36, "has_chart": true }, "geometry": { "type": "LineString", "coordinates": [ [ 61.0915, 46.0188 ], [ 61.0993, 46.0195 ], [ 61.113, 46.0255 ], [ 61.1315, 46.0293 ], [ 61.1398, 46.0259 ], [ 61.1475, 46.0177 ], [ 61.1661, 46.0136 ], [ 61.1789, 46.0154 ], [ 61.1836, 46.0185 ], [ 61.1849, 46.0215 ], [ 61.1898, 46.0239 ], [ 61.2278, 46.0238 ] ] } },
{ "type": "Feature", "properties": { "reach_id": "46211000061", "river_group": "Syr Darya", "basin": "Syr Darya", "p_width_m": 123.0, "p_wse_m": 55.0, "p_length_m": 12870.54, "n_overpasses": 54, "n_good_or_suspect": 26, "has_chart": true }, "geometry": { "type": "LineString", "coordinates": [ [ 61.2278, 46.0238 ], [ 61.2383, 46.0245 ], [ 61.2534, 46.023 ], [ 61.2588, 46.0247 ], [ 61.2625, 46.0286 ], [ 61.2723, 46.0279 ], [ 61.2751, 46.0318 ], [ 61.2778, 46.0407 ], [ 61.2867, 46.0509 ], [ 61.2951, 46.0534 ], [ 61.3091, 46.0536 ], [ 61.3174, 46.0487 ], [ 61.3217, 46.0479 ], [ 61.3334, 46.0613 ], [ 61.3474, 46.0698 ] ] } },
{ "type": "Feature", "properties": { "reach_id": "46211000071", "river_group": "Syr Darya", "basin": "Syr Darya", "p_width_m": 150.0, "p_wse_m": 55.4, "p_length_m": 17145.463, "n_overpasses": 0, "n_good_or_suspect": 0, "has_chart": false }, "geometry": { "type": "LineString", "coordinates": [ [ 61.3474, 46.0698 ], [ 61.3603, 46.0785 ], [ 61.3734, 46.0808 ], [ 61.391, 46.0901 ], [ 61.424, 46.0916 ], [ 61.433, 46.0888 ], [ 61.4372, 46.0891 ], [ 61.4425, 46.0927 ], [ 61.4523, 46.1058 ], [ 61.4736, 46.1079 ], [ 61.4859, 46.1124 ], [ 61.4986, 46.1141 ], [ 61.5111, 46.1135 ], [ 61.5253, 46.1028 ], [ 61.5289, 46.0974 ] ] } },
{ "type": "Feature", "properties": { "reach_id": "46211000084", "river_group": "Syr Darya", "basin": "Syr Darya", "p_width_m": 295.0, "p_wse_m": 55.4, "p_length_m": 404.90045, "n_overpasses": 0, "n_good_or_suspect": 0, "has_chart": false }, "geometry": { "type": "LineString", "coordinates": [ [ 61.5289, 46.0974 ], [ 61.534, 46.0964 ] ] } },
{ "type": "Feature", "properties": { "reach_id": "46211000091", "river_group": "Syr Darya", "basin": "Syr Darya", "p_width_m": 110.0, "p_wse_m": 55.4, "p_length_m": 10874.498, "n_overpasses": 72, "n_good_or_suspect": 23, "has_chart": true }, "geometry": { "type": "LineString", "coordinates": [ [ 61.534, 46.0964 ], [ 61.5387, 46.0959 ], [ 61.5464, 46.0984 ], [ 61.5613, 46.0947 ], [ 61.5645, 46.0928 ], [ 61.5708, 46.0842 ], [ 61.5765, 46.0851 ], [ 61.5792, 46.0906 ], [ 61.5885, 46.0907 ], [ 61.5962, 46.0867 ], [ 61.602, 46.0789 ], [ 61.6119, 46.072 ], [ 61.6139, 46.0671 ], [ 61.6384, 46.0681 ] ] } },
{ "type": "Feature", "properties": { "reach_id": "46211000101", "river_group": "Syr Darya", "basin": "Syr Darya", "p_width_m": 123.0, "p_wse_m": 55.4, "p_length_m": 18946.846, "n_overpasses": 0, "n_good_or_suspect": 0, "has_chart": false }, "geometry": { "type": "LineString", "coordinates": [ [ 61.6384, 46.0681 ], [ 61.6481, 46.0668 ], [ 61.6516, 46.0647 ], [ 61.6529, 46.0617 ], [ 61.6513, 46.0576 ], [ 61.6546, 46.0558 ], [ 61.6843, 46.0595 ], [ 61.6909, 46.0624 ], [ 61.6983, 46.0597 ], [ 61.7112, 46.0435 ], [ 61.7248, 46.038 ], [ 61.7402, 46.0254 ], [ 61.7527, 46.0221 ], [ 61.7547, 46.0191 ], [ 61.754, 46.0145 ], [ 61.7443, 46.0147 ], [ 61.7399, 46.0095 ], [ 61.7401, 46.0068 ], [ 61.7473, 46.0037 ], [ 61.7562, 46.0037 ], [ 61.7617, 46.0013 ], [ 61.7746, 45.9837 ] ] } },
{ "type": "Feature", "properties": { "reach_id": "46211000116", "river_group": "Syr Darya", "basin": "Syr Darya", "p_width_m": 3673.0, "p_wse_m": 38.0, "p_length_m": 114.83773, "n_overpasses": 0, "n_good_or_suspect": 0, "has_chart": false }, "geometry": { "type": "LineString", "coordinates": [ [ 60.9167, 46.1842 ], [ 60.9158, 46.1833 ] ] } },
{ "type": "Feature", "properties": { "reach_id": "46213100011", "river_group": "Syr Darya", "basin": "Syr Darya", "p_width_m": 96.0, "p_wse_m": 59.3, "p_length_m": 18778.809, "n_overpasses": 0, "n_good_or_suspect": 0, "has_chart": false }, "geometry": { "type": "LineString", "coordinates": [ [ 61.7746, 45.9837 ], [ 61.7824, 45.9772 ], [ 61.7893, 45.9759 ], [ 61.7971, 45.9766 ], [ 61.799, 45.975 ], [ 61.7987, 45.9707 ], [ 61.8011, 45.9681 ], [ 61.8128, 45.9657 ], [ 61.8276, 45.9581 ], [ 61.8279, 45.9451 ], [ 61.8244, 45.9394 ], [ 61.8259, 45.9313 ], [ 61.8231, 45.9248 ], [ 61.8299, 45.9162 ], [ 61.8296, 45.9124 ], [ 61.8241, 45.9089 ], [ 61.8094, 45.906 ], [ 61.8032, 45.9061 ], [ 61.7947, 45.9087 ], [ 61.7843, 45.9029 ], [ 61.7778, 45.9036 ], [ 61.7711, 45.9077 ], [ 61.7641, 45.9074 ], [ 61.7591, 45.909 ], [ 61.7519, 45.9028 ], [ 61.7437, 45.9038 ] ] } },
{ "type": "Feature", "properties": { "reach_id": "46213100021", "river_group": "Syr Darya", "basin": "Syr Darya", "p_width_m": 120.0, "p_wse_m": 59.3, "p_length_m": 19509.984, "n_overpasses": 0, "n_good_or_suspect": 0, "has_chart": false }, "geometry": { "type": "LineString", "coordinates": [ [ 61.7437, 45.9038 ], [ 61.7387, 45.9025 ], [ 61.7326, 45.8974 ], [ 61.7241, 45.8991 ], [ 61.7196, 45.8978 ], [ 61.7181, 45.8918 ], [ 61.7078, 45.8866 ], [ 61.7106, 45.8796 ], [ 61.7099, 45.8725 ], [ 61.7133, 45.868 ], [ 61.7127, 45.8653 ], [ 61.7083, 45.8639 ], [ 61.6978, 45.8657 ], [ 61.6924, 45.8639 ], [ 61.6876, 45.8574 ], [ 61.6889, 45.8512 ], [ 61.6793, 45.8463 ], [ 61.6763, 45.843 ], [ 61.6759, 45.84 ], [ 61.6799, 45.8336 ], [ 61.6802, 45.8263 ], [ 61.6826, 45.8209 ], [ 61.6789, 45.8147 ], [ 61.6767, 45.8025 ], [ 61.673, 45.7987 ], [ 61.6765, 45.7933 ], [ 61.6786, 45.7852 ], [ 61.693, 45.7756 ] ] } },
{ "type": "Feature", "properties": { "reach_id": "46213100031", "river_group": "Syr Darya", "basin": "Syr Darya", "p_width_m": 142.0, "p_wse_m": 59.3, "p_length_m": 10993.062, "n_overpasses": 0, "n_good_or_suspect": 0, "has_chart": false }, "geometry": { "type": "LineString", "coordinates": [ [ 61.693, 45.7756 ], [ 61.7031, 45.7707 ], [ 61.7138, 45.7597 ], [ 61.7164, 45.7552 ], [ 61.7183, 45.7465 ], [ 61.7269, 45.7366 ], [ 61.7529, 45.7191 ], [ 61.7606, 45.7185 ], [ 61.7712, 45.7217 ], [ 61.7769, 45.7258 ], [ 61.7786, 45.7323 ] ] } },
{ "type": "Feature", "properties": { "reach_id": "46213100041", "river_group": "Syr Darya", "basin": "Syr Darya", "p_width_m": 123.0, "p_wse_m": 62.8, "p_length_m": 10959.34, "n_overpasses": 0, "n_good_or_suspect": 0, "has_chart": false }, "geometry": { "type": "LineString", "coordinates": [ [ 61.7786, 45.7323 ], [ 61.7778, 45.738 ], [ 61.7837, 45.7398 ], [ 61.7866, 45.7357 ], [ 61.7865, 45.7281 ], [ 61.7914, 45.7218 ], [ 61.7951, 45.7218 ], [ 61.8062, 45.7292 ], [ 61.8232, 45.7292 ], [ 61.8301, 45.7261 ], [ 61.8427, 45.7165 ], [ 61.8734, 45.7074 ] ] } },
{ "type": "Feature", "properties": { "reach_id": "46213100051", "river_group": "Syr Darya", "basin": "Syr Darya", "p_width_m": 150.5, "p_wse_m": 63.5, "p_length_m": 11094.792, "n_overpasses": 0, "n_good_or_suspect": 0, "has_chart": false }, "geometry": { "type": "LineString", "coordinates": [ [ 61.8734, 45.7074 ], [ 61.8784, 45.7086 ], [ 61.8821, 45.7155 ], [ 61.8867, 45.7148 ], [ 61.888, 45.7124 ], [ 61.8851, 45.7018 ], [ 61.8985, 45.6939 ], [ 61.8969, 45.6868 ], [ 61.8987, 45.6836 ], [ 61.9028, 45.6809 ], [ 61.9257, 45.6746 ], [ 61.9326, 45.6707 ], [ 61.9402, 45.661 ], [ 61.9514, 45.6559 ] ] } },
{ "type": "Feature", "properties": { "reach_id": "46213100061", "river_group": "Syr Darya", "basin": "Syr Darya", "p_width_m": 181.0, "p_wse_m": 64.0, "p_length_m": 9409.105, "n_overpasses": 0, "n_good_or_suspect": 0, "has_chart": false }, "geometry": { "type": "LineString", "coordinates": [ [ 61.9514, 45.6559 ], [ 61.9616, 45.649 ], [ 61.967, 45.6483 ], [ 61.972, 45.6496 ], [ 61.977, 45.653 ], [ 61.9806, 45.6584 ], [ 61.9762, 45.6727 ], [ 61.9782, 45.6808 ], [ 61.9811, 45.6829 ], [ 61.9913, 45.6852 ], [ 62.0064, 45.6851 ], [ 62.0229, 45.6874 ] ] } },
{ "type": "Feature", "properties": { "reach_id": "46213100071", "river_group": "Syr Darya", "basin": "Syr Darya", "p_width_m": 181.0, "p_wse_m": 64.3, "p_length_m": 9397.557, "n_overpasses": 0, "n_good_or_suspect": 0, "has_chart": false }, "geometry": { "type": "LineString", "coordinates": [ [ 62.0229, 45.6874 ], [ 62.0305, 45.6899 ], [ 62.0305, 45.6932 ], [ 62.027, 45.6949 ], [ 62.0166, 45.6949 ], [ 62.0122, 45.7003 ], [ 62.0155, 45.706 ], [ 62.0293, 45.7202 ], [ 62.0472, 45.7297 ], [ 62.0591, 45.7307 ], [ 62.0731, 45.7274 ] ] } },
{ "type": "Feature", "properties": { "reach_id": "46213100081", "river_group": "Syr Darya", "basin": "Syr Darya", "p_width_m": 170.0, "p_wse_m": 64.75, "p_length_m": 9440.32, "n_overpasses": 0, "n_good_or_suspect": 0, "has_chart": false }, "geometry": { "type": "LineString", "coordinates": [ [ 62.0731, 45.7274 ], [ 62.0886, 45.7229 ], [ 62.0934, 45.7239 ], [ 62.0974, 45.7299 ], [ 62.0918, 45.7369 ], [ 62.0929, 45.7393 ], [ 62.096, 45.7402 ], [ 62.1095, 45.7392 ], [ 62.1268, 45.7409 ], [ 62.1489, 45.7352 ], [ 62.1642, 45.7392 ] ] } },
{ "type": "Feature", "properties": { "reach_id": "46213100091", "river_group": "Syr Darya", "basin": "Syr Darya", "p_width_m": 169.0, "p_wse_m": 66.5, "p_length_m": 19167.268, "n_overpasses": 0, "n_good_or_suspect": 0, "has_chart": false }, "geometry": { "type": "LineString", "coordinates": [ [ 62.1642, 45.7392 ], [ 62.1864, 45.7439 ], [ 62.1849, 45.7468 ], [ 62.1765, 45.7492 ], [ 62.1713, 45.7545 ], [ 62.172, 45.7586 ], [ 62.1757, 45.7643 ], [ 62.1843, 45.7676 ], [ 62.2005, 45.7656 ], [ 62.218, 45.7587 ], [ 62.2405, 45.7467 ], [ 62.2568, 45.7432 ], [ 62.2643, 45.7462 ], [ 62.2707, 45.759 ], [ 62.2751, 45.7611 ], [ 62.2851, 45.7592 ], [ 62.2979, 45.7537 ], [ 62.3099, 45.7544 ], [ 62.3287, 45.7585 ] ] } },
{ "type": "Feature", "properties": { "reach_id": "46213100104", "river_group": "Syr Darya", "basin": "Syr Darya", "p_width_m": 142.0, "p_wse_m": 66.8, "p_length_m": 378.52734, "n_overpasses": 0, "n_good_or_suspect": 0, "has_chart": false }, "geometry": { "type": "LineString", "coordinates": [ [ 62.3287, 45.7585 ], [ 62.3341, 45.7598 ] ] } },
{ "type": "Feature", "properties": { "reach_id": "46213100111", "river_group": "Syr Darya", "basin": "Syr Darya", "p_width_m": 283.0, "p_wse_m": 69.0, "p_length_m": 10814.363, "n_overpasses": 54, "n_good_or_suspect": 31, "has_chart": true }, "geometry": { "type": "LineString", "coordinates": [ [ 62.3341, 45.7598 ], [ 62.3726, 45.7703 ], [ 62.3799, 45.7703 ], [ 62.409, 45.7544 ], [ 62.415, 45.7476 ], [ 62.4214, 45.7438 ], [ 62.4377, 45.7399 ], [ 62.4531, 45.7412 ] ] } },
{ "type": "Feature", "properties": { "reach_id": "46213100121", "river_group": "Syr Darya", "basin": "Syr Darya", "p_width_m": 233.0, "p_wse_m": 71.1, "p_length_m": 10790.012, "n_overpasses": 54, "n_good_or_suspect": 40, "has_chart": true }, "geometry": { "type": "LineString", "coordinates": [ [ 62.4531, 45.7412 ], [ 62.4634, 45.746 ], [ 62.4661, 45.7497 ], [ 62.4772, 45.7579 ], [ 62.4965, 45.7614 ], [ 62.5157, 45.771 ], [ 62.5331, 45.7715 ], [ 62.5477, 45.7753 ], [ 62.5661, 45.7888 ] ] } },
{ "type": "Feature", "properties": { "reach_id": "46213100131", "river_group": "Syr Darya", "basin": "Syr Darya", "p_width_m": 213.0, "p_wse_m": 72.4, "p_length_m": 11013.957, "n_overpasses": 82, "n_good_or_suspect": 52, "has_chart": true }, "geometry": { "type": "LineString", "coordinates": [ [ 62.5661, 45.7888 ], [ 62.5732, 45.7926 ], [ 62.5735, 45.7978 ], [ 62.5794, 45.8086 ], [ 62.5931, 45.8194 ], [ 62.599, 45.8265 ], [ 62.6033, 45.8279 ], [ 62.6168, 45.825 ], [ 62.6204, 45.8225 ], [ 62.6226, 45.8179 ], [ 62.6283, 45.7871 ] ] } },
{ "type": "Feature", "properties": { "reach_id": "46213100141", "river_group": "Syr Darya", "basin": "Syr Darya", "p_width_m": 150.0, "p_wse_m": 73.5, "p_length_m": 11014.612, "n_overpasses": 108, "n_good_or_suspect": 52, "has_chart": true }, "geometry": { "type": "LineString", "coordinates": [ [ 62.6283, 45.7871 ], [ 62.6307, 45.7745 ], [ 62.6288, 45.7709 ], [ 62.6225, 45.7661 ], [ 62.6207, 45.7588 ], [ 62.6246, 45.7555 ], [ 62.6354, 45.7577 ], [ 62.6402, 45.7542 ], [ 62.6388, 45.7499 ], [ 62.6219, 45.7307 ], [ 62.6211, 45.7234 ], [ 62.6252, 45.718 ], [ 62.6322, 45.7141 ], [ 62.6365, 45.7137 ] ] } },
{ "type": "Feature", "properties": { "reach_id": "46213100151", "river_group": "Syr Darya", "basin": "Syr Darya", "p_width_m": 123.0, "p_wse_m": 75.700005, "p_length_m": 12331.515, "n_overpasses": 108, "n_good_or_suspect": 47, "has_chart": true }, "geometry": { "type": "LineString", "coordinates": [ [ 62.6365, 45.7137 ], [ 62.6534, 45.7133 ], [ 62.6769, 45.7235 ], [ 62.6884, 45.7238 ], [ 62.7089, 45.7173 ], [ 62.717, 45.7098 ], [ 62.7267, 45.7121 ], [ 62.7348, 45.7095 ], [ 62.7383, 45.707 ], [ 62.7416, 45.7005 ], [ 62.7439, 45.69 ], [ 62.7511, 45.6862 ], [ 62.7587, 45.6868 ] ] } },
{ "type": "Feature", "properties": { "reach_id": "46213100161", "river_group": "Syr Darya", "basin": "Syr Darya", "p_width_m": 150.0, "p_wse_m": 76.8, "p_length_m": 11948.7705, "n_overpasses": 108, "n_good_or_suspect": 51, "has_chart": true }, "geometry": { "type": "LineString", "coordinates": [ [ 62.7587, 45.6868 ], [ 62.7618, 45.6875 ], [ 62.7734, 45.683 ], [ 62.7729, 45.6871 ], [ 62.7772, 45.6876 ], [ 62.7915, 45.68 ], [ 62.7973, 45.6814 ], [ 62.8135, 45.68 ], [ 62.8189, 45.6815 ], [ 62.8246, 45.6863 ], [ 62.8357, 45.6901 ], [ 62.8505, 45.6985 ], [ 62.852, 45.7083 ], [ 62.8503, 45.7153 ], [ 62.858, 45.7239 ] ] } },
{ "type": "Feature", "properties": { "reach_id": "46213100171", "river_group": "Syr Darya", "basin": "Syr Darya", "p_width_m": 169.0, "p_wse_m": 78.225006, "p_length_m": 14841.231, "n_overpasses": 107, "n_good_or_suspect": 65, "has_chart": true }, "geometry": { "type": "LineString", "coordinates": [ [ 62.858, 45.7239 ], [ 62.8604, 45.7299 ], [ 62.8632, 45.7323 ], [ 62.8746, 45.7356 ], [ 62.8799, 45.7341 ], [ 62.8904, 45.7259 ], [ 62.9082, 45.722 ], [ 62.9575, 45.7234 ], [ 62.9642, 45.7194 ], [ 62.9682, 45.7067 ], [ 62.9749, 45.696 ], [ 62.9807, 45.6938 ], [ 62.9868, 45.6944 ], [ 63.0003, 45.7014 ] ] } },
{ "type": "Feature", "properties": { "reach_id": "46213100181", "river_group": "Syr Darya", "basin": "Syr Darya", "p_width_m": 152.0, "p_wse_m": 81.1, "p_length_m": 11880.114, "n_overpasses": 54, "n_good_or_suspect": 39, "has_chart": true }, "geometry": { "type": "LineString", "coordinates": [ [ 63.0003, 45.7014 ], [ 63.0092, 45.7041 ], [ 63.0566, 45.6918 ], [ 63.0649, 45.6865 ], [ 63.0683, 45.6789 ], [ 63.0798, 45.6689 ], [ 63.0843, 45.6624 ], [ 63.1024, 45.653 ], [ 63.1134, 45.6438 ] ] } },
{ "type": "Feature", "properties": { "reach_id": "46213100191", "river_group": "Syr Darya", "basin": "Syr Darya", "p_width_m": 149.0, "p_wse_m": 81.3, "p_length_m": 11821.335, "n_overpasses": 54, "n_good_or_suspect": 50, "has_chart": true }, "geometry": { "type": "LineString", "coordinates": [ [ 63.1134, 45.6438 ], [ 63.1219, 45.6273 ], [ 63.1383, 45.61 ], [ 63.1413, 45.6049 ], [ 63.1439, 45.5927 ], [ 63.1495, 45.5879 ], [ 63.1653, 45.5869 ], [ 63.2084, 45.5971 ] ] } },
{ "type": "Feature", "properties": { "reach_id": "46213100201", "river_group": "Syr Darya", "basin": "Syr Darya", "p_width_m": 155.0, "p_wse_m": 83.3, "p_length_m": 10253.617, "n_overpasses": 54, "n_good_or_suspect": 47, "has_chart": true }, "geometry": { "type": "LineString", "coordinates": [ [ 63.2084, 45.5971 ], [ 63.2161, 45.5998 ], [ 63.2327, 45.6015 ], [ 63.2715, 45.5935 ], [ 63.2869, 45.5967 ], [ 63.2904, 45.6001 ], [ 63.2973, 45.6019 ], [ 63.3142, 45.603 ], [ 63.3219, 45.6058 ], [ 63.3281, 45.611 ] ] } },
{ "type": "Feature", "properties": { "reach_id": "46213100211", "river_group": "Syr Darya", "basin": "Syr Darya", "p_width_m": 168.0, "p_wse_m": 85.3, "p_length_m": 10250.767, "n_overpasses": 54, "n_good_or_suspect": 14, "has_chart": true }, "geometry": { "type": "LineString", "coordinates": [ [ 63.3281, 45.611 ], [ 63.3321, 45.6169 ], [ 63.3305, 45.6223 ], [ 63.3318, 45.6277 ], [ 63.3342, 45.6323 ], [ 63.3393, 45.6366 ], [ 63.351, 45.6413 ], [ 63.3784, 45.6452 ], [ 63.3934, 45.6516 ], [ 63.4064, 45.6646 ], [ 63.4136, 45.6667 ] ] } },
{ "type": "Feature", "properties": { "reach_id": "46213100221", "river_group": "Syr Darya", "basin": "Syr Darya", "p_width_m": 190.0, "p_wse_m": 85.600006, "p_length_m": 13076.537, "n_overpasses": 54, "n_good_or_suspect": 21, "has_chart": true }, "geometry": { "type": "LineString", "coordinates": [ [ 63.4136, 45.6667 ], [ 63.4502, 45.6735 ], [ 63.4719, 45.6846 ], [ 63.4892, 45.6838 ], [ 63.5016, 45.6866 ], [ 63.5089, 45.6907 ], [ 63.5219, 45.6905 ], [ 63.5653, 45.7056 ] ] } },
{ "type": "Feature", "properties": { "reach_id": "46213100231", "river_group": "Syr Darya", "basin": "Syr Darya", "p_width_m": 181.0, "p_wse_m": 87.45, "p_length_m": 10539.972, "n_overpasses": 54, "n_good_or_suspect": 43, "has_chart": true }, "geometry": { "type": "LineString", "coordinates": [ [ 63.5653, 45.7056 ], [ 63.6051, 45.711 ], [ 63.6214, 45.7162 ], [ 63.6326, 45.7247 ], [ 63.6412, 45.7344 ], [ 63.652, 45.7404 ], [ 63.6606, 45.7422 ], [ 63.6802, 45.7398 ] ] } },
{ "type": "Feature", "properties": { "reach_id": "46213100241", "river_group": "Syr Darya", "basin": "Syr Darya", "p_width_m": 142.0, "p_wse_m": 89.700005, "p_length_m": 10518.717, "n_overpasses": 97, "n_good_or_suspect": 63, "has_chart": true }, "geometry": { "type": "LineString", "coordinates": [ [ 63.6802, 45.7398 ], [ 63.6948, 45.7378 ], [ 63.713, 45.7395 ], [ 63.7264, 45.7355 ], [ 63.7334, 45.7377 ], [ 63.7511, 45.7353 ], [ 63.7583, 45.7388 ], [ 63.7611, 45.7474 ], [ 63.7636, 45.7495 ], [ 63.7756, 45.7516 ], [ 63.7814, 45.751 ], [ 63.7845, 45.7489 ], [ 63.7859, 45.7467 ], [ 63.7847, 45.7408 ] ] } },
{ "type": "Feature", "properties": { "reach_id": "46213300011", "river_group": "Syr Darya", "basin": "Syr Darya", "p_width_m": 150.0, "p_wse_m": 90.700005, "p_length_m": 10514.562, "n_overpasses": 0, "n_good_or_suspect": 0, "has_chart": false }, "geometry": { "type": "LineString", "coordinates": [ [ 63.7847, 45.7408 ], [ 63.7897, 45.7248 ], [ 63.7846, 45.7167 ], [ 63.7788, 45.712 ], [ 63.7619, 45.7066 ], [ 63.7534, 45.7072 ], [ 63.743, 45.7103 ], [ 63.737, 45.7084 ], [ 63.7378, 45.7049 ], [ 63.7484, 45.6954 ], [ 63.7511, 45.6886 ], [ 63.7518, 45.6808 ] ] } },
{ "type": "Feature", "properties": { "reach_id": "46213300021", "river_group": "Syr Darya", "basin": "Syr Darya", "p_width_m": 151.5, "p_wse_m": 92.700005, "p_length_m": 11735.582, "n_overpasses": 0, "n_good_or_suspect": 0, "has_chart": false }, "geometry": { "type": "LineString", "coordinates": [ [ 63.7518, 45.6808 ], [ 63.7543, 45.6767 ], [ 63.7641, 45.6724 ], [ 63.7791, 45.672 ], [ 63.7888, 45.6737 ], [ 63.7906, 45.6719 ], [ 63.7909, 45.6684 ], [ 63.7888, 45.6619 ], [ 63.7916, 45.6585 ], [ 63.8063, 45.6569 ], [ 63.8259, 45.6578 ], [ 63.8328, 45.6521 ], [ 63.8372, 45.6409 ], [ 63.8464, 45.6381 ], [ 63.8564, 45.64 ] ] } },
{ "type": "Feature", "properties": { "reach_id": "46213300031", "river_group": "Syr Darya", "basin": "Syr Darya", "p_width_m": 148.0, "p_wse_m": 93.9, "p_length_m": 19540.473, "n_overpasses": 0, "n_good_or_suspect": 0, "has_chart": false }, "geometry": { "type": "LineString", "coordinates": [ [ 63.8564, 45.64 ], [ 63.8622, 45.6421 ], [ 63.8676, 45.6417 ], [ 63.879, 45.6326 ], [ 63.8792, 45.6299 ], [ 63.8767, 45.6253 ], [ 63.8687, 45.6211 ], [ 63.8686, 45.6189 ], [ 63.8726, 45.6158 ], [ 63.8892, 45.6154 ], [ 63.8984, 45.623 ], [ 63.9043, 45.6254 ], [ 63.916, 45.6194 ], [ 63.914, 45.6118 ], [ 63.9064, 45.6013 ], [ 63.9093, 45.5979 ], [ 63.9181, 45.5954 ], [ 63.9261, 45.5901 ], [ 63.928, 45.5877 ], [ 63.9278, 45.5852 ], [ 63.9263, 45.5828 ], [ 63.9225, 45.5814 ], [ 63.9097, 45.5798 ], [ 63.9014, 45.5744 ], [ 63.9005, 45.5698 ], [ 63.9066, 45.563 ], [ 63.9037, 45.5595 ], [ 63.8967, 45.5582 ], [ 63.8868, 45.5603 ] ] } },
{ "type": "Feature", "properties": { "reach_id": "46213300041", "river_group": "Syr Darya", "basin": "Syr Darya", "p_width_m": 127.0, "p_wse_m": 96.1, "p_length_m": 19850.18, "n_overpasses": 0, "n_good_or_suspect": 0, "has_chart": false }, "geometry": { "type": "LineString", "coordinates": [ [ 63.8868, 45.5603 ], [ 63.8814, 45.5621 ], [ 63.8748, 45.5603 ], [ 63.874, 45.557 ], [ 63.8778, 45.5546 ], [ 63.8784, 45.5516 ], [ 63.8731, 45.5449 ], [ 63.8645, 45.5397 ], [ 63.858, 45.5399 ], [ 63.8443, 45.5459 ], [ 63.84, 45.5449 ], [ 63.8376, 45.5408 ], [ 63.8403, 45.5376 ], [ 63.8552, 45.5313 ], [ 63.8599, 45.5261 ], [ 63.8758, 45.5214 ], [ 63.8747, 45.5176 ], [ 63.8666, 45.5098 ], [ 63.8658, 45.5036 ], [ 63.8792, 45.4942 ], [ 63.8876, 45.4924 ], [ 63.8915, 45.4897 ], [ 63.8919, 45.4818 ], [ 63.8988, 45.4685 ], [ 63.9022, 45.4664 ], [ 63.9087, 45.467 ], [ 63.9153, 45.4692 ], [ 63.9207, 45.4734 ] ] } },
{ "type": "Feature", "properties": { "reach_id": "46213300051", "river_group": "Syr Darya", "basin": "Syr Darya", "p_width_m": 128.0, "p_wse_m": 99.1, "p_length_m": 18436.047, "n_overpasses": 0, "n_good_or_suspect": 0, "has_chart": false }, "geometry": { "type": "LineString", "coordinates": [ [ 63.9207, 45.4734 ], [ 63.928, 45.4764 ], [ 63.9492, 45.4778 ], [ 63.953, 45.4743 ], [ 63.9532, 45.4681 ], [ 63.9549, 45.4651 ], [ 63.9581, 45.4623 ], [ 63.9643, 45.4618 ], [ 63.9704, 45.4639 ], [ 63.9752, 45.4679 ], [ 63.9788, 45.4744 ], [ 63.9833, 45.4766 ], [ 64.0059, 45.4719 ], [ 64.0209, 45.4736 ], [ 64.0249, 45.4713 ], [ 64.0274, 45.4675 ], [ 64.0215, 45.4591 ], [ 64.0241, 45.4565 ], [ 64.0298, 45.4551 ], [ 64.0391, 45.4612 ], [ 64.0587, 45.4659 ], [ 64.0765, 45.4741 ], [ 64.09, 45.4747 ] ] } },
{ "type": "Feature", "properties": { "reach_id": "46213500011", "river_group": "Syr Darya", "basin": "Syr Darya", "p_width_m": 142.0, "p_wse_m": 101.9, "p_length_m": 13875.348, "n_overpasses": 54, "n_good_or_suspect": 23, "has_chart": true }, "geometry": { "type": "LineString", "coordinates": [ [ 64.09, 45.4747 ], [ 64.1017, 45.4675 ], [ 64.1133, 45.4677 ], [ 64.1201, 45.4657 ], [ 64.126, 45.4601 ], [ 64.1258, 45.4568 ], [ 64.1173, 45.4437 ], [ 64.1174, 45.4345 ], [ 64.1145, 45.4326 ], [ 64.1073, 45.4357 ], [ 64.1043, 45.4338 ], [ 64.1044, 45.4308 ], [ 64.1101, 45.424 ], [ 64.1143, 45.4245 ], [ 64.1173, 45.4298 ], [ 64.1214, 45.4317 ], [ 64.1279, 45.4301 ], [ 64.1339, 45.4246 ], [ 64.1406, 45.4326 ], [ 64.1411, 45.4366 ], [ 64.147, 45.4342 ] ] } },
{ "type": "Feature", "properties": { "reach_id": "46213500021", "river_group": "Syr Darya", "basin": "Syr Darya", "p_width_m": 94.0, "p_wse_m": 102.5, "p_length_m": 11063.625, "n_overpasses": 54, "n_good_or_suspect": 37, "has_chart": true }, "geometry": { "type": "LineString", "coordinates": [ [ 64.147, 45.4342 ], [ 64.1482, 45.4293 ], [ 64.153, 45.4217 ], [ 64.146, 45.4158 ], [ 64.152, 45.4119 ], [ 64.1555, 45.4121 ], [ 64.1582, 45.4151 ], [ 64.1629, 45.4165 ], [ 64.1603, 45.4227 ], [ 64.1658, 45.4268 ], [ 64.1734, 45.4255 ], [ 64.1849, 45.4275 ], [ 64.1876, 45.4265 ], [ 64.1877, 45.4229 ], [ 64.1806, 45.4174 ], [ 64.1759, 45.4107 ], [ 64.1842, 45.4087 ], [ 64.1883, 45.4016 ] ] } },
{ "type": "Feature", "properties": { "reach_id": "46213500031", "river_group": "Syr Darya", "basin": "Syr Darya", "p_width_m": 63.0, "p_wse_m": 103.5, "p_length_m": 10933.868, "n_overpasses": 59, "n_good_or_suspect": 33, "has_chart": true }, "geometry": { "type": "LineString", "coordinates": [ [ 64.1883, 45.4016 ], [ 64.2058, 45.3968 ], [ 64.2105, 45.3936 ], [ 64.2116, 45.3911 ], [ 64.209, 45.3884 ], [ 64.2007, 45.3935 ], [ 64.1981, 45.3933 ], [ 64.1966, 45.3894 ], [ 64.2014, 45.3853 ], [ 64.1928, 45.3838 ], [ 64.1947, 45.3824 ], [ 64.2005, 45.3823 ], [ 64.2084, 45.3739 ], [ 64.1971, 45.3689 ], [ 64.2038, 45.3634 ], [ 64.2034, 45.3585 ], [ 64.1988, 45.3537 ], [ 64.201, 45.3511 ] ] } },
{ "type": "Feature", "properties": { "reach_id": "46213500041", "river_group": "Syr Darya", "basin": "Syr Darya", "p_width_m": 67.0, "p_wse_m": 104.9, "p_length_m": 10951.403, "n_overpasses": 82, "n_good_or_suspect": 48, "has_chart": true }, "geometry": { "type": "LineString", "coordinates": [ [ 64.201, 45.3511 ], [ 64.2105, 45.3469 ], [ 64.2183, 45.3377 ], [ 64.2298, 45.3369 ], [ 64.2318, 45.3318 ], [ 64.2372, 45.3277 ], [ 64.2353, 45.3263 ], [ 64.2263, 45.3267 ], [ 64.2206, 45.3154 ], [ 64.2224, 45.3142 ], [ 64.2267, 45.3174 ], [ 64.2324, 45.3176 ], [ 64.2347, 45.3158 ], [ 64.2354, 45.3126 ], [ 64.2335, 45.3085 ], [ 64.2245, 45.3051 ], [ 64.2185, 45.3091 ], [ 64.2136, 45.306 ] ] } },
{ "type": "Feature", "properties": { "reach_id": "46213500051", "river_group": "Syr Darya", "basin": "Syr Darya", "p_width_m": 75.0, "p_wse_m": 105.6, "p_length_m": 10952.783, "n_overpasses": 82, "n_good_or_suspect": 48, "has_chart": true }, "geometry": { "type": "LineString", "coordinates": [ [ 64.2136, 45.306 ], [ 64.2067, 45.301 ], [ 64.207, 45.2942 ], [ 64.2104, 45.2916 ], [ 64.223, 45.2887 ], [ 64.2331, 45.278 ], [ 64.2441, 45.2763 ], [ 64.2375, 45.272 ], [ 64.2394, 45.2698 ], [ 64.244, 45.2693 ], [ 64.2412, 45.2642 ], [ 64.2445, 45.2577 ], [ 64.2506, 45.2571 ], [ 64.2539, 45.2586 ], [ 64.2557, 45.2645 ], [ 64.2553, 45.2708 ], [ 64.2609, 45.2731 ] ] } },
{ "type": "Feature", "properties": { "reach_id": "46213500061", "river_group": "Syr Darya", "basin": "Syr Darya", "p_width_m": 84.0, "p_wse_m": 105.6, "p_length_m": 11618.704, "n_overpasses": 82, "n_good_or_suspect": 46, "has_chart": true }, "geometry": { "type": "LineString", "coordinates": [ [ 64.2609, 45.2731 ], [ 64.2712, 45.2713 ], [ 64.2806, 45.2637 ], [ 64.2836, 45.265 ], [ 64.2884, 45.272 ], [ 64.2923, 45.2726 ], [ 64.2934, 45.2711 ], [ 64.2879, 45.2677 ], [ 64.2905, 45.2639 ], [ 64.2996, 45.261 ], [ 64.3088, 45.2621 ], [ 64.3138, 45.2608 ], [ 64.3183, 45.2579 ], [ 64.3235, 45.2515 ], [ 64.3272, 45.2545 ], [ 64.3281, 45.2635 ], [ 64.3334, 45.2642 ], [ 64.3367, 45.262 ], [ 64.3369, 45.255 ], [ 64.3387, 45.2509 ] ] } },
{ "type": "Feature", "properties": { "reach_id": "46213500071", "river_group": "Syr Darya", "basin": "Syr Darya", "p_width_m": 67.0, "p_wse_m": 107.1, "p_length_m": 10389.911, "n_overpasses": 82, "n_good_or_suspect": 45, "has_chart": true }, "geometry": { "type": "LineString", "coordinates": [ [ 64.3387, 45.2509 ], [ 64.3392, 45.2479 ], [ 64.3356, 45.2455 ], [ 64.325, 45.2486 ], [ 64.321, 45.2473 ], [ 64.3218, 45.2454 ], [ 64.332, 45.2399 ], [ 64.32, 45.2274 ], [ 64.3198, 45.2225 ], [ 64.3161, 45.2177 ], [ 64.3192, 45.2149 ], [ 64.326, 45.2124 ], [ 64.3293, 45.2133 ], [ 64.3316, 45.2172 ], [ 64.3361, 45.2174 ], [ 64.3423, 45.2209 ], [ 64.3594, 45.216 ] ] } },
{ "type": "Feature", "properties": { "reach_id": "46213500081", "river_group": "Syr Darya", "basin": "Syr Darya", "p_width_m": 80.0, "p_wse_m": 109.0, "p_length_m": 10347.829, "n_overpasses": 82, "n_good_or_suspect": 52, "has_chart": true }, "geometry": { "type": "LineString", "coordinates": [ [ 64.3594, 45.216 ], [ 64.3615, 45.2104 ], [ 64.3713, 45.2062 ], [ 64.3663, 45.2041 ], [ 64.3685, 45.2003 ], [ 64.3639, 45.1934 ], [ 64.3633, 45.1877 ], [ 64.365, 45.1823 ], [ 64.3701, 45.1782 ], [ 64.3728, 45.1727 ], [ 64.3835, 45.1718 ], [ 64.3905, 45.1628 ], [ 64.3987, 45.1608 ], [ 64.3957, 45.1554 ], [ 64.3881, 45.1539 ], [ 64.3891, 45.1515 ] ] } },
{ "type": "Feature", "properties": { "reach_id": "46213500091", "river_group": "Syr Darya", "basin": "Syr Darya", "p_width_m": 84.0, "p_wse_m": 109.0, "p_length_m": 10835.463, "n_overpasses": 82, "n_good_or_suspect": 50, "has_chart": true }, "geometry": { "type": "LineString", "coordinates": [ [ 64.3891, 45.1515 ], [ 64.3921, 45.1501 ], [ 64.3979, 45.1506 ], [ 64.4164, 45.1601 ], [ 64.422, 45.1573 ], [ 64.4208, 45.1527 ], [ 64.415, 45.1489 ], [ 64.4054, 45.1461 ], [ 64.4022, 45.1416 ], [ 64.4019, 45.1392 ], [ 64.4041, 45.1356 ], [ 64.413, 45.1291 ], [ 64.4287, 45.13 ], [ 64.4327, 45.1328 ], [ 64.4362, 45.1405 ], [ 64.4457, 45.1416 ] ] } },
{ "type": "Feature", "properties": { "reach_id": "46213500101", "river_group": "Syr Darya", "basin": "Syr Darya", "p_width_m": 80.0, "p_wse_m": 110.8, "p_length_m": 11790.464, "n_overpasses": 82, "n_good_or_suspect": 45, "has_chart": true }, "geometry": { "type": "LineString", "coordinates": [ [ 64.4457, 45.1416 ], [ 64.4503, 45.1404 ], [ 64.447, 45.1356 ], [ 64.4401, 45.1311 ], [ 64.4381, 45.1249 ], [ 64.4418, 45.1222 ], [ 64.4592, 45.1177 ], [ 64.4615, 45.1149 ], [ 64.4591, 45.1041 ], [ 64.4526, 45.0953 ], [ 64.4419, 45.0908 ], [ 64.4421, 45.0892 ], [ 64.4539, 45.0867 ], [ 64.4606, 45.0813 ], [ 64.4721, 45.0829 ], [ 64.4792, 45.0794 ] ] } },
{ "type": "Feature", "properties": { "reach_id": "46213500111", "river_group": "Syr Darya", "basin": "Syr Darya", "p_width_m": 84.0, "p_wse_m": 112.0, "p_length_m": 11386.264, "n_overpasses": 82, "n_good_or_suspect": 40, "has_chart": true }, "geometry": { "type": "LineString", "coordinates": [ [ 64.4792, 45.0794 ], [ 64.4816, 45.0814 ], [ 64.4792, 45.0861 ], [ 64.4821, 45.0872 ], [ 64.488, 45.0805 ], [ 64.4996, 45.0718 ], [ 64.5048, 45.0649 ], [ 64.5127, 45.0629 ], [ 64.5239, 45.067 ], [ 64.5307, 45.0639 ], [ 64.5333, 45.0643 ], [ 64.5271, 45.0744 ], [ 64.5345, 45.0834 ], [ 64.5344, 45.0864 ], [ 64.5428, 45.0812 ], [ 64.5455, 45.0768 ], [ 64.5493, 45.0764 ] ] } },
{ "type": "Feature", "properties": { "reach_id": "46213500121", "river_group": "Syr Darya", "basin": "Syr Darya", "p_width_m": 80.0, "p_wse_m": 113.700005, "p_length_m": 15144.751, "n_overpasses": 111, "n_good_or_suspect": 55, "has_chart": true }, "geometry": { "type": "LineString", "coordinates": [ [ 64.5493, 45.0764 ], [ 64.5584, 45.0768 ], [ 64.5683, 45.0733 ], [ 64.5685, 45.0619 ], [ 64.5712, 45.0562 ], [ 64.5785, 45.0596 ], [ 64.5783, 45.0639 ], [ 64.5799, 45.0654 ], [ 64.5916, 45.0621 ], [ 64.6039, 45.0683 ], [ 64.6157, 45.0673 ], [ 64.6261, 45.0686 ], [ 64.6327, 45.0621 ], [ 64.6335, 45.0556 ], [ 64.6425, 45.0567 ], [ 64.6491, 45.0527 ], [ 64.6531, 45.0415 ], [ 64.659, 45.0369 ], [ 64.6605, 45.0312 ], [ 64.6638, 45.03 ] ] } },
{ "type": "Feature", "properties": { "reach_id": "46213500131", "river_group": "Syr Darya", "basin": "Syr Darya", "p_width_m": 67.0, "p_wse_m": 115.1, "p_length_m": 18385.55, "n_overpasses": 84, "n_good_or_suspect": 31, "has_chart": true }, "geometry": { "type": "LineString", "coordinates": [ [ 64.6638, 45.03 ], [ 64.6736, 45.0274 ], [ 64.6824, 45.0277 ], [ 64.6881, 45.0238 ], [ 64.6972, 45.0139 ], [ 64.7094, 45.0123 ], [ 64.7139, 45.0091 ], [ 64.7144, 45.0063 ], [ 64.7168, 45.0058 ], [ 64.7203, 45.0081 ], [ 64.7207, 45.0111 ], [ 64.7178, 45.0133 ], [ 64.7098, 45.0153 ], [ 64.7087, 45.017 ], [ 64.7101, 45.0188 ], [ 64.7149, 45.0204 ], [ 64.7256, 45.0193 ], [ 64.739, 45.0223 ], [ 64.7437, 45.0272 ], [ 64.7415, 45.0332 ], [ 64.7492, 45.0334 ], [ 64.7529, 45.0306 ], [ 64.7559, 45.0243 ], [ 64.7619, 45.0197 ], [ 64.7625, 45.0156 ], [ 64.7662, 45.0115 ], [ 64.7641, 45.011 ], [ 64.7589, 45.0138 ], [ 64.7555, 45.0125 ], [ 64.7546, 45.0101 ], [ 64.7663, 45.0056 ], [ 64.7691, 44.9977 ] ] } },
{ "type": "Feature", "properties": { "reach_id": "46213500141", "river_group": "Syr Darya", "basin": "Syr Darya", "p_width_m": 67.0, "p_wse_m": 115.4, "p_length_m": 17757.027, "n_overpasses": 82, "n_good_or_suspect": 37, "has_chart": true }, "geometry": { "type": "LineString", "coordinates": [ [ 64.7691, 44.9977 ], [ 64.7665, 44.988 ], [ 64.7705, 44.9833 ], [ 64.7782, 44.984 ], [ 64.7814, 44.9894 ], [ 64.7835, 44.9883 ], [ 64.7857, 44.9834 ], [ 64.7903, 44.9824 ], [ 64.7907, 44.9909 ], [ 64.797, 44.9917 ], [ 64.8018, 44.9891 ], [ 64.7995, 44.984 ], [ 64.801, 44.9829 ], [ 64.8124, 44.9838 ], [ 64.823, 44.9813 ], [ 64.8371, 44.9838 ], [ 64.8385, 44.9823 ], [ 64.8334, 44.9794 ], [ 64.8327, 44.9767 ], [ 64.8343, 44.9729 ], [ 64.8375, 44.9709 ], [ 64.8416, 44.973 ], [ 64.8438, 44.9822 ], [ 64.8508, 44.9839 ], [ 64.8515, 44.9826 ], [ 64.8481, 44.9783 ], [ 64.848, 44.9751 ], [ 64.8569, 44.9709 ], [ 64.8501, 44.9645 ], [ 64.8536, 44.9629 ], [ 64.8586, 44.9656 ] ] } },
{ "type": "Feature", "properties": { "reach_id": "46213500151", "river_group": "Syr Darya", "basin": "Syr Darya", "p_width_m": 89.5, "p_wse_m": 117.200005, "p_length_m": 17206.684, "n_overpasses": 83, "n_good_or_suspect": 28, "has_chart": true }, "geometry": { "type": "LineString", "coordinates": [ [ 64.8586, 44.9656 ], [ 64.8764, 44.9736 ], [ 64.9024, 44.9674 ], [ 64.9159, 44.9722 ], [ 64.9266, 44.9819 ], [ 64.9537, 45.0014 ], [ 64.9545, 45.0055 ], [ 64.9507, 45.0096 ], [ 64.9551, 45.0179 ], [ 64.9577, 45.017 ], [ 64.9595, 45.0133 ], [ 64.9684, 45.0174 ], [ 64.9767, 45.0145 ], [ 64.9954, 45.0169 ], [ 65.0062, 45.0097 ], [ 65.0135, 45.011 ] ] } },
{ "type": "Feature", "properties": { "reach_id": "46213500161", "river_group": "Syr Darya", "basin": "Syr Darya", "p_width_m": 84.0, "p_wse_m": 118.5, "p_length_m": 11035.248, "n_overpasses": 83, "n_good_or_suspect": 39, "has_chart": true }, "geometry": { "type": "LineString", "coordinates": [ [ 65.0135, 45.011 ], [ 65.0176, 45.009 ], [ 65.022, 45.0002 ], [ 65.0314, 44.9944 ], [ 65.034, 44.9873 ], [ 65.0388, 44.9847 ], [ 65.04, 44.9861 ], [ 65.0361, 44.9897 ], [ 65.0376, 44.9912 ], [ 65.0429, 44.9911 ], [ 65.0495, 44.9855 ], [ 65.0537, 44.9846 ], [ 65.0591, 44.988 ], [ 65.0695, 44.9896 ], [ 65.0841, 44.9944 ], [ 65.0861, 45.0037 ], [ 65.0974, 45.0053 ] ] } },
{ "type": "Feature", "properties": { "reach_id": "46213500171", "river_group": "Syr Darya", "basin": "Syr Darya", "p_width_m": 87.0, "p_wse_m": 119.4, "p_length_m": 12248.091, "n_overpasses": 81, "n_good_or_suspect": 42, "has_chart": true }, "geometry": { "type": "LineString", "coordinates": [ [ 65.0974, 45.0053 ], [ 65.1015, 45.007 ], [ 65.1062, 45.0128 ], [ 65.1084, 45.0134 ], [ 65.1096, 45.0122 ], [ 65.1075, 45.0081 ], [ 65.1093, 45.0043 ], [ 65.1141, 45.0 ], [ 65.1256, 44.9954 ], [ 65.1279, 44.997 ], [ 65.126, 45.0094 ], [ 65.1281, 45.0102 ], [ 65.1337, 45.0074 ], [ 65.1376, 45.0033 ], [ 65.1389, 45.0 ], [ 65.1371, 44.9952 ], [ 65.138, 44.9914 ], [ 65.1418, 44.9856 ], [ 65.1454, 44.9842 ], [ 65.1553, 44.9881 ], [ 65.1576, 44.9954 ], [ 65.1698, 44.9959 ] ] } },
{ "type": "Feature", "properties": { "reach_id": "46213500181", "river_group": "Syr Darya", "basin": "Syr Darya", "p_width_m": 84.0, "p_wse_m": 121.8, "p_length_m": 12230.199, "n_overpasses": 56, "n_good_or_suspect": 33, "has_chart": true }, "geometry": { "type": "LineString", "coordinates": [ [ 65.1698, 44.9959 ], [ 65.1732, 44.995 ], [ 65.1791, 44.9893 ], [ 65.1843, 44.9961 ], [ 65.19, 44.9961 ], [ 65.1908, 44.9906 ], [ 65.1837, 44.9864 ], [ 65.1845, 44.9832 ], [ 65.1954, 44.9881 ], [ 65.2021, 44.9853 ], [ 65.2032, 44.9807 ], [ 65.1962, 44.9692 ], [ 65.1991, 44.9667 ], [ 65.2032, 44.9663 ], [ 65.2088, 44.9711 ], [ 65.2171, 44.968 ], [ 65.2247, 44.9679 ], [ 65.2338, 44.9718 ], [ 65.2398, 44.977 ] ] } },
{ "type": "Feature", "properties": { "reach_id": "46213500194", "river_group": "Syr Darya", "basin": "Syr Darya", "p_width_m": 204.0, "p_wse_m": 122.200005, "p_length_m": 381.90994, "n_overpasses": 0, "n_good_or_suspect": 0, "has_chart": false }, "geometry": { "type": "LineString", "coordinates": [ [ 65.2398, 44.977 ], [ 65.2441, 44.9792 ] ] } },
{ "type": "Feature", "properties": { "reach_id": "46213500201", "river_group": "Syr Darya", "basin": "Syr Darya", "p_width_m": 155.0, "p_wse_m": 124.0, "p_length_m": 2490.7043, "n_overpasses": 80, "n_good_or_suspect": 44, "has_chart": true }, "geometry": { "type": "LineString", "coordinates": [ [ 65.2441, 44.9792 ], [ 65.247, 44.9801 ], [ 65.2503, 44.9849 ], [ 65.2528, 44.9859 ], [ 65.2648, 44.9832 ], [ 65.2702, 44.984 ] ] } },
{ "type": "Feature", "properties": { "reach_id": "46213500211", "river_group": "Syr Darya", "basin": "Syr Darya", "p_width_m": 735.0, "p_wse_m": 124.9, "p_length_m": 11316.202, "n_overpasses": 80, "n_good_or_suspect": 26, "has_chart": true }, "geometry": { "type": "LineString", "coordinates": [ [ 65.3699, 44.9001 ], [ 65.395, 44.8845 ], [ 65.3969, 44.8825 ], [ 65.3978, 44.8749 ], [ 65.4006, 44.8722 ], [ 65.4051, 44.8708 ], [ 65.4237, 44.8708 ], [ 65.4365, 44.8595 ], [ 65.4493, 44.8511 ], [ 65.4589, 44.8418 ], [ 65.4709, 44.8376 ] ] } },
{ "type": "Feature", "properties": { "reach_id": "46213500221", "river_group": "Syr Darya", "basin": "Syr Darya", "p_width_m": 387.0, "p_wse_m": 126.8, "p_length_m": 10889.0625, "n_overpasses": 80, "n_good_or_suspect": 23, "has_chart": true }, "geometry": { "type": "LineString", "coordinates": [ [ 65.4709, 44.8376 ], [ 65.4875, 44.8352 ], [ 65.4947, 44.8302 ], [ 65.4943, 44.8105 ], [ 65.4915, 44.8043 ], [ 65.4945, 44.7956 ], [ 65.5076, 44.7826 ], [ 65.5353, 44.7644 ] ] } },
{ "type": "Feature", "properties": { "reach_id": "46213500234", "river_group": "Syr Darya", "basin": "Syr Darya", "p_width_m": 174.5, "p_wse_m": 127.700005, "p_length_m": 336.09097, "n_overpasses": 0, "n_good_or_suspect": 0, "has_chart": false }, "geometry": { "type": "LineString", "coordinates": [ [ 65.5353, 44.7644 ], [ 65.5385, 44.762 ] ] } },
{ "type": "Feature", "properties": { "reach_id": "46213500241", "river_group": "Syr Darya", "basin": "Syr Darya", "p_width_m": 281.5, "p_wse_m": 128.8, "p_length_m": 10852.052, "n_overpasses": 80, "n_good_or_suspect": 29, "has_chart": true }, "geometry": { "type": "LineString", "coordinates": [ [ 65.5385, 44.762 ], [ 65.543, 44.7597 ], [ 65.5433, 44.7565 ], [ 65.5485, 44.7555 ], [ 65.5779, 44.7606 ], [ 65.5824, 44.7598 ], [ 65.5887, 44.7546 ], [ 65.5931, 44.7432 ], [ 65.6001, 44.7404 ], [ 65.6253, 44.7434 ], [ 65.6497, 44.7432 ] ] } },
{ "type": "Feature", "properties": { "reach_id": "46213500251", "river_group": "Syr Darya", "basin": "Syr Darya", "p_width_m": 424.0, "p_wse_m": 130.2, "p_length_m": 13915.652, "n_overpasses": 80, "n_good_or_suspect": 32, "has_chart": true }, "geometry": { "type": "LineString", "coordinates": [ [ 65.6497, 44.7432 ], [ 65.6927, 44.7436 ], [ 65.6927, 44.7466 ], [ 65.6955, 44.75 ], [ 65.7049, 44.7526 ], [ 65.7109, 44.7507 ], [ 65.7182, 44.7448 ], [ 65.7279, 44.7425 ], [ 65.7321, 44.7431 ], [ 65.7473, 44.7503 ], [ 65.7524, 44.7449 ], [ 65.7535, 44.7367 ], [ 65.7597, 44.7324 ], [ 65.7766, 44.7321 ], [ 65.7797, 44.7221 ] ] } },
{ "type": "Feature", "properties": { "reach_id": "46213500261", "river_group": "Syr Darya", "basin": "Syr Darya", "p_width_m": 424.0, "p_wse_m": 131.3, "p_length_m": 10496.985, "n_overpasses": 53, "n_good_or_suspect": 44, "has_chart": true }, "geometry": { "type": "LineString", "coordinates": [ [ 65.7797, 44.7221 ], [ 65.7817, 44.7183 ], [ 65.7926, 44.7154 ], [ 65.7972, 44.7103 ], [ 65.7958, 44.7044 ], [ 65.7889, 44.6978 ], [ 65.7866, 44.693 ], [ 65.787, 44.6773 ], [ 65.782, 44.6645 ], [ 65.7862, 44.6623 ], [ 65.7931, 44.6624 ], [ 65.804, 44.6707 ], [ 65.8125, 44.6738 ] ] } },
{ "type": "Feature", "properties": { "reach_id": "46213500271", "river_group": "Syr Darya", "basin": "Syr Darya", "p_width_m": 520.0, "p_wse_m": 131.3, "p_length_m": 10503.427, "n_overpasses": 53, "n_good_or_suspect": 40, "has_chart": true }, "geometry": { "type": "LineString", "coordinates": [ [ 65.8125, 44.6738 ], [ 65.8397, 44.6731 ], [ 65.845, 44.6717 ], [ 65.8488, 44.6658 ], [ 65.8473, 44.6569 ], [ 65.8563, 44.6483 ], [ 65.8647, 44.6488 ], [ 65.8806, 44.6577 ], [ 65.8867, 44.6575 ], [ 65.8921, 44.652 ], [ 65.8911, 44.6396 ] ] } },
{ "type": "Feature", "properties": { "reach_id": "46213500281", "river_group": "Syr Darya", "basin": "Syr Darya", "p_width_m": 324.0, "p_wse_m": 131.3, "p_length_m": 11935.993, "n_overpasses": 53, "n_good_or_suspect": 37, "has_chart": true }, "geometry": { "type": "LineString", "coordinates": [ [ 65.8911, 44.6396 ], [ 65.8825, 44.628 ], [ 65.8826, 44.619 ], [ 65.8873, 44.6162 ], [ 65.8979, 44.6257 ], [ 65.9064, 44.6281 ], [ 65.9147, 44.6278 ], [ 65.916, 44.6258 ], [ 65.912, 44.6175 ], [ 65.9126, 44.6018 ], [ 65.91, 44.5924 ], [ 65.9135, 44.5901 ], [ 65.9229, 44.5951 ], [ 65.9299, 44.5913 ] ] } },
{ "type": "Feature", "properties": { "reach_id": "46213500291", "river_group": "Syr Darya", "basin": "Syr Darya", "p_width_m": 237.0, "p_wse_m": 132.2, "p_length_m": 315.77573, "n_overpasses": 0, "n_good_or_suspect": 0, "has_chart": false }, "geometry": { "type": "LineString", "coordinates": [ [ 65.9299, 44.5913 ], [ 65.9317, 44.5886 ] ] } },
{ "type": "Feature", "properties": { "reach_id": "46213500301", "river_group": "Syr Darya", "basin": "Syr Darya", "p_width_m": 339.0, "p_wse_m": 132.3, "p_length_m": 9672.78, "n_overpasses": 53, "n_good_or_suspect": 35, "has_chart": true }, "geometry": { "type": "LineString", "coordinates": [ [ 65.9317, 44.5886 ], [ 65.9264, 44.5824 ], [ 65.9162, 44.5788 ], [ 65.9147, 44.5753 ], [ 65.9165, 44.5712 ], [ 65.9228, 44.5702 ], [ 65.9369, 44.5735 ], [ 65.9478, 44.5653 ], [ 65.9568, 44.5635 ], [ 65.9592, 44.5614 ], [ 65.9566, 44.5589 ], [ 65.9439, 44.5547 ], [ 65.9357, 44.5502 ], [ 65.9345, 44.5483 ], [ 65.9357, 44.5442 ] ] } },
{ "type": "Feature", "properties": { "reach_id": "46213500311", "river_group": "Syr Darya", "basin": "Syr Darya", "p_width_m": 345.0, "p_wse_m": 134.3, "p_length_m": 9646.461, "n_overpasses": 53, "n_good_or_suspect": 36, "has_chart": true }, "geometry": { "type": "LineString", "coordinates": [ [ 65.9357, 44.5442 ], [ 65.9501, 44.5201 ], [ 65.9453, 44.5083 ], [ 65.9447, 44.5 ], [ 65.9422, 44.4984 ], [ 65.9392, 44.499 ], [ 65.9327, 44.5046 ], [ 65.9275, 44.5067 ], [ 65.9151, 44.5071 ], [ 65.9074, 44.5023 ], [ 65.9061, 44.4993 ], [ 65.9069, 44.4955 ] ] } },
{ "type": "Feature", "properties": { "reach_id": "46213500321", "river_group": "Syr Darya", "basin": "Syr Darya", "p_width_m": 342.0, "p_wse_m": 134.40001, "p_length_m": 9720.417, "n_overpasses": 51, "n_good_or_suspect": 20, "has_chart": true }, "geometry": { "type": "LineString", "coordinates": [ [ 65.9069, 44.4955 ], [ 65.9221, 44.49 ], [ 65.9603, 44.4836 ], [ 65.972, 44.483 ], [ 65.9741, 44.4803 ], [ 65.9711, 44.4726 ], [ 65.9739, 44.4693 ], [ 65.9842, 44.4705 ], [ 66.0001, 44.4802 ] ] } },
{ "type": "Feature", "properties": { "reach_id": "46213500331", "river_group": "Syr Darya", "basin": "Syr Darya", "p_width_m": 324.0, "p_wse_m": 136.6, "p_length_m": 15382.029, "n_overpasses": 84, "n_good_or_suspect": 39, "has_chart": true }, "geometry": { "type": "LineString", "coordinates": [ [ 66.0001, 44.4802 ], [ 66.0042, 44.4822 ], [ 66.0096, 44.4804 ], [ 66.0153, 44.4752 ], [ 66.024, 44.4632 ], [ 66.0352, 44.4577 ], [ 66.0397, 44.4626 ], [ 66.0391, 44.4761 ], [ 66.0514, 44.4883 ], [ 66.0571, 44.4885 ], [ 66.0625, 44.4848 ], [ 66.0647, 44.4778 ], [ 66.0628, 44.4721 ], [ 66.068, 44.4666 ], [ 66.0769, 44.4692 ], [ 66.0968, 44.4852 ], [ 66.1063, 44.4851 ] ] } },
{ "type": "Feature", "properties": { "reach_id": "46213500341", "river_group": "Syr Darya", "basin": "Syr Darya", "p_width_m": 356.5, "p_wse_m": 137.7, "p_length_m": 10424.973, "n_overpasses": 84, "n_good_or_suspect": 51, "has_chart": true }, "geometry": { "type": "LineString", "coordinates": [ [ 66.1063, 44.4851 ], [ 66.1098, 44.4819 ], [ 66.1137, 44.4701 ], [ 66.12, 44.466 ], [ 66.1157, 44.4613 ], [ 66.1047, 44.4551 ], [ 66.1009, 44.4512 ], [ 66.1017, 44.449 ], [ 66.1061, 44.4484 ], [ 66.1142, 44.4536 ], [ 66.1278, 44.4542 ], [ 66.131, 44.4509 ], [ 66.1274, 44.4467 ], [ 66.1302, 44.4442 ], [ 66.1436, 44.4466 ], [ 66.15, 44.4459 ] ] } },
{ "type": "Feature", "properties": { "reach_id": "46213500351", "river_group": "Syr Darya", "basin": "Syr Darya", "p_width_m": 429.0, "p_wse_m": 138.7, "p_length_m": 10395.1875, "n_overpasses": 84, "n_good_or_suspect": 54, "has_chart": true }, "geometry": { "type": "LineString", "coordinates": [ [ 66.15, 44.4459 ], [ 66.1509, 44.4381 ], [ 66.1594, 44.433 ], [ 66.1642, 44.4352 ], [ 66.1646, 44.439 ], [ 66.169, 44.4448 ], [ 66.1768, 44.4457 ], [ 66.1793, 44.4423 ], [ 66.1787, 44.4342 ], [ 66.1915, 44.4307 ], [ 66.1967, 44.4271 ], [ 66.1979, 44.4236 ], [ 66.1965, 44.4217 ], [ 66.1845, 44.4188 ], [ 66.1813, 44.4165 ], [ 66.1782, 44.4102 ], [ 66.1806, 44.4067 ] ] } },
{ "type": "Feature", "properties": { "reach_id": "46213500361", "river_group": "Syr Darya", "basin": "Syr Darya", "p_width_m": 346.0, "p_wse_m": 139.7, "p_length_m": 17989.328, "n_overpasses": 84, "n_good_or_suspect": 53, "has_chart": true }, "geometry": { "type": "LineString", "coordinates": [ [ 66.1806, 44.4067 ], [ 66.1931, 44.4054 ], [ 66.2206, 44.4138 ], [ 66.2248, 44.4128 ], [ 66.2272, 44.4114 ], [ 66.2277, 44.4073 ], [ 66.22, 44.3999 ], [ 66.2192, 44.3947 ], [ 66.2226, 44.3891 ], [ 66.229, 44.3875 ], [ 66.2415, 44.3926 ], [ 66.2594, 44.3956 ], [ 66.2697, 44.4038 ], [ 66.2776, 44.4071 ], [ 66.2797, 44.404 ], [ 66.2672, 44.391 ], [ 66.2678, 44.3794 ], [ 66.2721, 44.3687 ], [ 66.2654, 44.3662 ], [ 66.2582, 44.366 ] ] } },
{ "type": "Feature", "properties": { "reach_id": "46213500371", "river_group": "Syr Darya", "basin": "Syr Darya", "p_width_m": 180.0, "p_wse_m": 140.90001, "p_length_m": 18004.912, "n_overpasses": 86, "n_good_or_suspect": 51, "has_chart": true }, "geometry": { "type": "LineString", "coordinates": [ [ 66.2582, 44.366 ], [ 66.2465, 44.367 ], [ 66.2405, 44.3652 ], [ 66.2505, 44.3629 ], [ 66.2544, 44.3602 ], [ 66.2598, 44.3492 ], [ 66.2715, 44.3476 ], [ 66.276, 44.3448 ], [ 66.277, 44.3418 ], [ 66.2753, 44.3361 ], [ 66.2692, 44.3252 ], [ 66.272, 44.3199 ], [ 66.2831, 44.3177 ], [ 66.2854, 44.3155 ], [ 66.286, 44.3085 ], [ 66.289, 44.3048 ], [ 66.3054, 44.2982 ], [ 66.3155, 44.2991 ], [ 66.3333, 44.3037 ], [ 66.3446, 44.3042 ], [ 66.3488, 44.3014 ], [ 66.3506, 44.2974 ], [ 66.3454, 44.2875 ] ] } },
{ "type": "Feature", "properties": { "reach_id": "46213500381", "river_group": "Syr Darya", "basin": "Syr Darya", "p_width_m": 152.0, "p_wse_m": 141.1, "p_length_m": 12632.405, "n_overpasses": 86, "n_good_or_suspect": 52, "has_chart": true }, "geometry": { "type": "LineString", "coordinates": [ [ 66.3454, 44.2875 ], [ 66.3414, 44.2836 ], [ 66.324, 44.2792 ], [ 66.3235, 44.2778 ], [ 66.3267, 44.275 ], [ 66.3395, 44.2763 ], [ 66.3622, 44.2714 ], [ 66.3677, 44.2727 ], [ 66.3735, 44.2772 ], [ 66.3754, 44.281 ], [ 66.3814, 44.2805 ], [ 66.3868, 44.2674 ], [ 66.387, 44.2509 ], [ 66.3908, 44.2435 ], [ 66.3964, 44.2395 ] ] } },
{ "type": "Feature", "properties": { "reach_id": "46213500391", "river_group": "Syr Darya", "basin": "Syr Darya", "p_width_m": 156.0, "p_wse_m": 143.0, "p_length_m": 10052.407, "n_overpasses": 66, "n_good_or_suspect": 41, "has_chart": true }, "geometry": { "type": "LineString", "coordinates": [ [ 66.3964, 44.2395 ], [ 66.4037, 44.2354 ], [ 66.4215, 44.2308 ], [ 66.4247, 44.228 ], [ 66.4189, 44.2234 ], [ 66.4054, 44.222 ], [ 66.3992, 44.2153 ], [ 66.401, 44.2099 ], [ 66.4145, 44.2038 ], [ 66.4176, 44.1982 ], [ 66.4174, 44.1919 ], [ 66.4077, 44.1828 ] ] } },
{ "type": "Feature", "properties": { "reach_id": "46213500401", "river_group": "Syr Darya", "basin": "Syr Darya", "p_width_m": 223.0, "p_wse_m": 144.1, "p_length_m": 10085.187, "n_overpasses": 63, "n_good_or_suspect": 34, "has_chart": true }, "geometry": { "type": "LineString", "coordinates": [ [ 66.4077, 44.1828 ], [ 66.3981, 44.1721 ], [ 66.3952, 44.1639 ], [ 66.3919, 44.1625 ], [ 66.3925, 44.16 ], [ 66.3978, 44.1557 ], [ 66.4102, 44.1549 ], [ 66.4199, 44.1658 ], [ 66.4261, 44.1696 ], [ 66.4313, 44.1697 ], [ 66.4342, 44.165 ], [ 66.434, 44.1607 ], [ 66.4282, 44.1517 ], [ 66.4266, 44.1455 ] ] } },
{ "type": "Feature", "properties": { "reach_id": "46213500411", "river_group": "Syr Darya", "basin": "Syr Darya", "p_width_m": 129.0, "p_wse_m": 145.2, "p_length_m": 10086.874, "n_overpasses": 63, "n_good_or_suspect": 30, "has_chart": true }, "geometry": { "type": "LineString", "coordinates": [ [ 66.4266, 44.1455 ], [ 66.4239, 44.1375 ], [ 66.4258, 44.1335 ], [ 66.4285, 44.1318 ], [ 66.4356, 44.1317 ], [ 66.4474, 44.1376 ], [ 66.4519, 44.1375 ], [ 66.4542, 44.1358 ], [ 66.4542, 44.1306 ], [ 66.4478, 44.1208 ], [ 66.4502, 44.1165 ], [ 66.4551, 44.1134 ], [ 66.4627, 44.1113 ], [ 66.4665, 44.1123 ], [ 66.4564, 44.1196 ], [ 66.4582, 44.1241 ], [ 66.4632, 44.1259 ] ] } },
{ "type": "Feature", "properties": { "reach_id": "46213500421", "river_group": "Syr Darya", "basin": "Syr Darya", "p_width_m": 159.0, "p_wse_m": 146.0, "p_length_m": 10062.811, "n_overpasses": 63, "n_good_or_suspect": 32, "has_chart": true }, "geometry": { "type": "LineString", "coordinates": [ [ 66.4632, 44.1259 ], [ 66.4726, 44.1262 ], [ 66.4807, 44.1293 ], [ 66.4942, 44.1389 ], [ 66.5014, 44.1377 ], [ 66.5081, 44.1343 ], [ 66.5086, 44.1302 ], [ 66.5038, 44.1247 ], [ 66.4864, 44.1194 ], [ 66.4786, 44.1115 ], [ 66.4787, 44.1093 ], [ 66.4827, 44.1053 ], [ 66.494, 44.0995 ] ] } },
{ "type": "Feature", "properties": { "reach_id": "46213500431", "river_group": "Syr Darya", "basin": "Syr Darya", "p_width_m": 152.0, "p_wse_m": 147.8, "p_length_m": 10064.454, "n_overpasses": 63, "n_good_or_suspect": 36, "has_chart": true }, "geometry": { "type": "LineString", "coordinates": [ [ 66.494, 44.0995 ], [ 66.5014, 44.1015 ], [ 66.5134, 44.1095 ], [ 66.5198, 44.1095 ], [ 66.5269, 44.105 ], [ 66.5289, 44.0974 ], [ 66.5285, 44.0901 ], [ 66.5266, 44.0825 ], [ 66.5222, 44.0789 ], [ 66.5148, 44.0809 ], [ 66.5123, 44.0901 ], [ 66.5089, 44.0918 ], [ 66.5044, 44.0916 ], [ 66.4921, 44.085 ] ] } },
{ "type": "Feature", "properties": { "reach_id": "46213500441", "river_group": "Syr Darya", "basin": "Syr Darya", "p_width_m": 142.0, "p_wse_m": 148.8, "p_length_m": 10079.751, "n_overpasses": 63, "n_good_or_suspect": 33, "has_chart": true }, "geometry": { "type": "LineString", "coordinates": [ [ 66.4921, 44.085 ], [ 66.4881, 44.0787 ], [ 66.4905, 44.0755 ], [ 66.5147, 44.0705 ], [ 66.525, 44.0641 ], [ 66.5228, 44.0623 ], [ 66.5144, 44.0679 ], [ 66.5088, 44.0684 ], [ 66.5002, 44.0666 ], [ 66.4908, 44.069 ], [ 66.4842, 44.0657 ], [ 66.487, 44.0613 ], [ 66.5024, 44.0588 ] ] } },
{ "type": "Feature", "properties": { "reach_id": "46213500451", "river_group": "Syr Darya", "basin": "Syr Darya", "p_width_m": 151.0, "p_wse_m": 149.8, "p_length_m": 16405.33, "n_overpasses": 63, "n_good_or_suspect": 35, "has_chart": true }, "geometry": { "type": "LineString", "coordinates": [ [ 66.5024, 44.0588 ], [ 66.5092, 44.0572 ], [ 66.5171, 44.0526 ], [ 66.5166, 44.051 ], [ 66.5092, 44.0492 ], [ 66.4997, 44.0438 ], [ 66.4939, 44.0354 ], [ 66.4948, 44.0343 ], [ 66.5, 44.0355 ], [ 66.5091, 44.0342 ], [ 66.5156, 44.0313 ], [ 66.5202, 44.027 ], [ 66.5185, 44.0202 ], [ 66.5106, 44.0114 ], [ 66.5095, 44.0063 ], [ 66.5118, 43.9998 ], [ 66.5191, 43.993 ], [ 66.5257, 43.9932 ], [ 66.5335, 43.9987 ], [ 66.5345, 44.0095 ], [ 66.5407, 44.0131 ], [ 66.5456, 44.0114 ], [ 66.5518, 44.0061 ], [ 66.555, 44.0001 ] ] } },
{ "type": "Feature", "properties": { "reach_id": "46213500481", "river_group": "Syr Darya", "basin": "Syr Darya", "p_width_m": 155.0, "p_wse_m": 124.0, "p_length_m": 16191.806, "n_overpasses": 0, "n_good_or_suspect": 0, "has_chart": false }, "geometry": { "type": "LineString", "coordinates": [ [ 65.2702, 44.984 ], [ 65.294, 44.9902 ], [ 65.2992, 44.9872 ], [ 65.3024, 44.9814 ], [ 65.3123, 44.9812 ], [ 65.3172, 44.9787 ], [ 65.3204, 44.9712 ], [ 65.3291, 44.9682 ], [ 65.3248, 44.9604 ], [ 65.3253, 44.9561 ], [ 65.3329, 44.9479 ], [ 65.3315, 44.9395 ], [ 65.3333, 44.933 ], [ 65.3444, 44.9255 ], [ 65.3408, 44.9201 ], [ 65.3436, 44.9177 ], [ 65.3512, 44.9177 ], [ 65.3643, 44.9137 ], [ 65.3664, 44.905 ], [ 65.3699, 44.9001 ] ] } },
{ "type": "Feature", "properties": { "reach_id": "46213700011", "river_group": "Syr Darya", "basin": "Syr Darya", "p_width_m": 148.0, "p_wse_m": 152.7, "p_length_m": 10854.99, "n_overpasses": 63, "n_good_or_suspect": 37, "has_chart": true }, "geometry": { "type": "LineString", "coordinates": [ [ 66.555, 44.0001 ], [ 66.5571, 43.9962 ], [ 66.574, 43.9843 ], [ 66.5852, 43.9841 ], [ 66.5925, 43.9805 ], [ 66.593, 43.967 ], [ 66.6038, 43.9608 ], [ 66.6098, 43.9527 ], [ 66.6149, 43.9534 ], [ 66.6225, 43.9587 ], [ 66.6342, 43.9566 ], [ 66.6361, 43.959 ], [ 66.6353, 43.9635 ] ] } },
{ "type": "Feature", "properties": { "reach_id": "46213700021", "river_group": "Syr Darya", "basin": "Syr Darya", "p_width_m": 195.0, "p_wse_m": 154.5, "p_length_m": 10876.552, "n_overpasses": 63, "n_good_or_suspect": 35, "has_chart": true }, "geometry": { "type": "LineString", "coordinates": [ [ 66.6353, 43.9635 ], [ 66.6401, 43.9682 ], [ 66.6468, 43.9685 ], [ 66.6547, 43.9655 ], [ 66.6614, 43.9596 ], [ 66.6823, 43.9516 ], [ 66.7011, 43.9492 ], [ 66.716, 43.9504 ], [ 66.7177, 43.9588 ], [ 66.728, 43.9669 ], [ 66.7347, 43.9683 ], [ 66.7422, 43.9674 ] ] } },
{ "type": "Feature", "properties": { "reach_id": "46213700031", "river_group": "Syr Darya", "basin": "Syr Darya", "p_width_m": 192.0, "p_wse_m": 154.5, "p_length_m": 10851.664, "n_overpasses": 58, "n_good_or_suspect": 39, "has_chart": true }, "geometry": { "type": "LineString", "coordinates": [ [ 66.7422, 43.9674 ], [ 66.7521, 43.963 ], [ 66.7611, 43.9532 ], [ 66.779, 43.9452 ], [ 66.7918, 43.942 ], [ 66.8116, 43.9306 ], [ 66.8184, 43.9293 ], [ 66.8266, 43.9312 ], [ 66.8264, 43.9337 ], [ 66.8204, 43.9355 ], [ 66.8189, 43.9383 ], [ 66.8239, 43.9425 ], [ 66.8325, 43.9423 ] ] } },
{ "type": "Feature", "properties": { "reach_id": "46213700051", "river_group": "Syr Darya", "basin": "Syr Darya", "p_width_m": 189.0, "p_wse_m": 155.3, "p_length_m": 10892.572, "n_overpasses": 58, "n_good_or_suspect": 44, "has_chart": true }, "geometry": { "type": "LineString", "coordinates": [ [ 66.8325, 43.9423 ], [ 66.8403, 43.9455 ], [ 66.8485, 43.9594 ], [ 66.8557, 43.9644 ], [ 66.8567, 43.9677 ], [ 66.86, 43.9688 ], [ 66.8641, 43.9681 ], [ 66.8668, 43.9646 ], [ 66.8623, 43.9559 ], [ 66.8635, 43.9529 ], [ 66.8752, 43.9441 ], [ 66.8811, 43.9444 ], [ 66.8837, 43.9506 ], [ 66.8789, 43.9573 ], [ 66.877, 43.9629 ], [ 66.8793, 43.9684 ] ] } },
{ "type": "Feature", "properties": { "reach_id": "46213700061", "river_group": "Syr Darya", "basin": "Syr Darya", "p_width_m": 189.0, "p_wse_m": 155.40001, "p_length_m": 11842.698, "n_overpasses": 58, "n_good_or_suspect": 22, "has_chart": true }, "geometry": { "type": "LineString", "coordinates": [ [ 66.8793, 43.9684 ], [ 66.888, 43.971 ], [ 66.902, 43.9656 ], [ 66.9083, 43.966 ], [ 66.9129, 43.9776 ], [ 66.918, 43.9842 ], [ 66.9288, 43.9914 ], [ 66.9283, 43.9949 ], [ 66.9233, 43.999 ], [ 66.9057, 44.0034 ], [ 66.9045, 44.0056 ], [ 66.9068, 44.0084 ], [ 66.9113, 44.01 ], [ 66.9162, 44.0094 ], [ 66.937, 44.0024 ] ] } },
{ "type": "Feature", "properties": { "reach_id": "46213700081", "river_group": "Syr Darya", "basin": "Syr Darya", "p_width_m": 202.0, "p_wse_m": 155.40001, "p_length_m": 11582.097, "n_overpasses": 58, "n_good_or_suspect": 41, "has_chart": true }, "geometry": { "type": "LineString", "coordinates": [ [ 66.937, 44.0024 ], [ 66.948, 43.9972 ], [ 66.9641, 43.9866 ], [ 66.9716, 43.9866 ], [ 66.9812, 43.9905 ], [ 66.9858, 43.9943 ], [ 66.989, 44.0022 ], [ 66.9976, 44.0125 ], [ 67.0028, 44.0146 ], [ 67.0249, 44.0158 ], [ 67.0298, 44.0143 ], [ 67.0332, 44.0111 ], [ 67.0325, 44.0 ] ] } },
{ "type": "Feature", "properties": { "reach_id": "46213700091", "river_group": "Syr Darya", "basin": "Syr Darya", "p_width_m": 228.0, "p_wse_m": 156.40001, "p_length_m": 12031.392, "n_overpasses": 58, "n_good_or_suspect": 43, "has_chart": true }, "geometry": { "type": "LineString", "coordinates": [ [ 67.0325, 44.0 ], [ 67.0342, 43.9946 ], [ 67.0332, 43.9884 ], [ 67.0272, 43.9802 ], [ 67.0123, 43.9716 ], [ 67.0107, 43.9678 ], [ 67.0119, 43.9613 ], [ 67.0219, 43.9571 ], [ 67.0528, 43.9628 ], [ 67.0547, 43.9601 ], [ 67.0541, 43.9558 ], [ 67.0569, 43.9434 ], [ 67.0598, 43.9375 ], [ 67.0638, 43.9344 ] ] } },
{ "type": "Feature", "properties": { "reach_id": "46213700101", "river_group": "Syr Darya", "basin": "Syr Darya", "p_width_m": 256.0, "p_wse_m": 157.6, "p_length_m": 12031.479, "n_overpasses": 58, "n_good_or_suspect": 37, "has_chart": true }, "geometry": { "type": "LineString", "coordinates": [ [ 67.0638, 43.9344 ], [ 67.0763, 43.9284 ], [ 67.1174, 43.9296 ], [ 67.1369, 43.9268 ], [ 67.1494, 43.9227 ], [ 67.1565, 43.9181 ], [ 67.1592, 43.9111 ], [ 67.1584, 43.9049 ], [ 67.1512, 43.8894 ], [ 67.152, 43.8834 ] ] } },
{ "type": "Feature", "properties": { "reach_id": "46213700111", "river_group": "Syr Darya", "basin": "Syr Darya", "p_width_m": 249.0, "p_wse_m": 158.6, "p_length_m": 10312.748, "n_overpasses": 58, "n_good_or_suspect": 35, "has_chart": true }, "geometry": { "type": "LineString", "coordinates": [ [ 67.152, 43.8834 ], [ 67.1544, 43.8811 ], [ 67.1578, 43.8814 ], [ 67.1609, 43.8846 ], [ 67.1632, 43.8933 ], [ 67.1707, 43.8989 ], [ 67.1759, 43.8987 ], [ 67.1869, 43.8924 ], [ 67.1943, 43.8846 ], [ 67.201, 43.8818 ], [ 67.204, 43.8718 ], [ 67.2006, 43.8637 ], [ 67.2165, 43.8537 ], [ 67.2183, 43.851 ] ] } },
{ "type": "Feature", "properties": { "reach_id": "46213700121", "river_group": "Syr Darya", "basin": "Syr Darya", "p_width_m": 273.0, "p_wse_m": 161.40001, "p_length_m": 10326.863, "n_overpasses": 86, "n_good_or_suspect": 45, "has_chart": true }, "geometry": { "type": "LineString", "coordinates": [ [ 67.2183, 43.851 ], [ 67.2182, 43.8477 ], [ 67.2226, 43.8394 ], [ 67.2206, 43.8318 ], [ 67.2162, 43.8264 ], [ 67.211, 43.8136 ], [ 67.2103, 43.8014 ], [ 67.2139, 43.8009 ], [ 67.2241, 43.8087 ], [ 67.2341, 43.8114 ], [ 67.2491, 43.8103 ], [ 67.2589, 43.8063 ] ] } },
{ "type": "Feature", "properties": { "reach_id": "46213700131", "river_group": "Syr Darya", "basin": "Syr Darya", "p_width_m": 267.0, "p_wse_m": 163.3, "p_length_m": 13702.234, "n_overpasses": 85, "n_good_or_suspect": 49, "has_chart": true }, "geometry": { "type": "LineString", "coordinates": [ [ 67.2589, 43.8063 ], [ 67.2807, 43.7995 ], [ 67.2865, 43.7894 ], [ 67.2877, 43.7791 ], [ 67.2863, 43.7707 ], [ 67.2807, 43.7628 ], [ 67.2807, 43.755 ], [ 67.2851, 43.7504 ], [ 67.2946, 43.7452 ], [ 67.3009, 43.7448 ], [ 67.3065, 43.7466 ], [ 67.3089, 43.7427 ], [ 67.3031, 43.7361 ], [ 67.3032, 43.7315 ], [ 67.3081, 43.728 ], [ 67.319, 43.7262 ], [ 67.3202, 43.7221 ] ] } },
{ "type": "Feature", "properties": { "reach_id": "46213700151", "river_group": "Syr Darya", "basin": "Syr Darya", "p_width_m": 226.0, "p_wse_m": 164.6, "p_length_m": 20261.602, "n_overpasses": 85, "n_good_or_suspect": 40, "has_chart": true }, "geometry": { "type": "LineString", "coordinates": [ [ 67.3202, 43.7221 ], [ 67.3208, 43.7191 ], [ 67.3244, 43.7194 ], [ 67.3284, 43.7254 ], [ 67.3221, 43.739 ], [ 67.3221, 43.7429 ], [ 67.3248, 43.7461 ], [ 67.3326, 43.7496 ], [ 67.3455, 43.7496 ], [ 67.352, 43.7433 ], [ 67.3495, 43.7338 ], [ 67.3439, 43.7224 ], [ 67.3457, 43.7143 ], [ 67.3551, 43.7091 ], [ 67.3689, 43.6968 ], [ 67.3937, 43.6906 ], [ 67.3993, 43.6873 ], [ 67.4023, 43.6811 ], [ 67.4029, 43.6725 ], [ 67.4006, 43.6696 ], [ 67.3933, 43.6659 ], [ 67.3921, 43.6623 ], [ 67.3971, 43.6577 ], [ 67.4091, 43.6571 ] ] } },
{ "type": "Feature", "properties": { "reach_id": "46213700161", "river_group": "Syr Darya", "basin": "Syr Darya", "p_width_m": 284.0, "p_wse_m": 164.6, "p_length_m": 10242.104, "n_overpasses": 85, "n_good_or_suspect": 34, "has_chart": true }, "geometry": { "type": "LineString", "coordinates": [ [ 67.4091, 43.6571 ], [ 67.4166, 43.6535 ], [ 67.4273, 43.6428 ], [ 67.4346, 43.6378 ], [ 67.4414, 43.6249 ], [ 67.4489, 43.6175 ], [ 67.4479, 43.6064 ], [ 67.4497, 43.6015 ], [ 67.4563, 43.5984 ], [ 67.4724, 43.5953 ], [ 67.4813, 43.5912 ] ] } },
{ "type": "Feature", "properties": { "reach_id": "46213700171", "river_group": "Syr Darya", "basin": "Syr Darya", "p_width_m": 298.0, "p_wse_m": 165.7, "p_length_m": 10242.637, "n_overpasses": 85, "n_good_or_suspect": 36, "has_chart": true }, "geometry": { "type": "LineString", "coordinates": [ [ 67.4813, 43.5912 ], [ 67.4839, 43.5839 ], [ 67.483, 43.5766 ], [ 67.4873, 43.568 ], [ 67.5074, 43.5458 ], [ 67.5192, 43.5355 ], [ 67.5142, 43.5292 ], [ 67.5006, 43.5217 ], [ 67.4943, 43.5151 ] ] } },
{ "type": "Feature", "properties": { "reach_id": "46213700181", "river_group": "Syr Darya", "basin": "Syr Darya", "p_width_m": 284.0, "p_wse_m": 167.90001, "p_length_m": 10236.601, "n_overpasses": 85, "n_good_or_suspect": 35, "has_chart": true }, "geometry": { "type": "LineString", "coordinates": [ [ 67.4943, 43.5151 ], [ 67.4875, 43.5026 ], [ 67.4828, 43.4988 ], [ 67.4829, 43.4934 ], [ 67.4897, 43.4935 ], [ 67.4921, 43.4983 ], [ 67.4959, 43.5007 ], [ 67.5049, 43.4998 ], [ 67.5093, 43.4954 ], [ 67.5088, 43.4883 ], [ 67.5108, 43.484 ], [ 67.5169, 43.4796 ], [ 67.5322, 43.4749 ], [ 67.5446, 43.4681 ] ] } },
{ "type": "Feature", "properties": { "reach_id": "46213700191", "river_group": "Syr Darya", "basin": "Syr Darya", "p_width_m": 279.0, "p_wse_m": 169.8, "p_length_m": 10235.217, "n_overpasses": 86, "n_good_or_suspect": 32, "has_chart": true }, "geometry": { "type": "LineString", "coordinates": [ [ 67.5446, 43.4681 ], [ 67.552, 43.4627 ], [ 67.5565, 43.4571 ], [ 67.5586, 43.4428 ], [ 67.563, 43.443 ], [ 67.5732, 43.4479 ], [ 67.5895, 43.4513 ], [ 67.5951, 43.4507 ], [ 67.5984, 43.4484 ], [ 67.6016, 43.4411 ], [ 67.601, 43.4355 ], [ 67.5789, 43.4281 ] ] } },
{ "type": "Feature", "properties": { "reach_id": "46213700201", "river_group": "Syr Darya", "basin": "Syr Darya", "p_width_m": 256.0, "p_wse_m": 172.0, "p_length_m": 19031.654, "n_overpasses": 86, "n_good_or_suspect": 31, "has_chart": true }, "geometry": { "type": "LineString", "coordinates": [ [ 67.5789, 43.4281 ], [ 67.5752, 43.4257 ], [ 67.5694, 43.4181 ], [ 67.5654, 43.4088 ], [ 67.556, 43.4041 ], [ 67.5592, 43.3977 ], [ 67.5685, 43.3968 ], [ 67.5806, 43.4022 ], [ 67.5935, 43.4054 ], [ 67.6159, 43.4164 ], [ 67.6199, 43.416 ], [ 67.6263, 43.4114 ], [ 67.6334, 43.4088 ], [ 67.6454, 43.4062 ], [ 67.6492, 43.4017 ], [ 67.6509, 43.3955 ], [ 67.6443, 43.3876 ], [ 67.6387, 43.3886 ], [ 67.6317, 43.3958 ], [ 67.627, 43.3973 ], [ 67.618, 43.393 ], [ 67.6115, 43.3794 ] ] } },
{ "type": "Feature", "properties": { "reach_id": "46213700211", "river_group": "Syr Darya", "basin": "Syr Darya", "p_width_m": 234.0, "p_wse_m": 174.8, "p_length_m": 11150.525, "n_overpasses": 86, "n_good_or_suspect": 30, "has_chart": true }, "geometry": { "type": "LineString", "coordinates": [ [ 67.6115, 43.3794 ], [ 67.6175, 43.3761 ], [ 67.6282, 43.3777 ], [ 67.6546, 43.3753 ], [ 67.6656, 43.3695 ], [ 67.6669, 43.3652 ], [ 67.6649, 43.3552 ], [ 67.6598, 43.3446 ], [ 67.6583, 43.3324 ], [ 67.6613, 43.323 ], [ 67.6699, 43.3169 ] ] } },
{ "type": "Feature", "properties": { "reach_id": "46213700221", "river_group": "Syr Darya", "basin": "Syr Darya", "p_width_m": 256.0, "p_wse_m": 175.8, "p_length_m": 11209.05, "n_overpasses": 86, "n_good_or_suspect": 39, "has_chart": true }, "geometry": { "type": "LineString", "coordinates": [ [ 67.6699, 43.3169 ], [ 67.676, 43.3096 ], [ 67.6841, 43.3088 ], [ 67.6874, 43.3101 ], [ 67.6875, 43.3152 ], [ 67.6809, 43.3213 ], [ 67.677, 43.3275 ], [ 67.6816, 43.3386 ], [ 67.6808, 43.3451 ], [ 67.6832, 43.3511 ], [ 67.6923, 43.3615 ], [ 67.7055, 43.3667 ], [ 67.7266, 43.3674 ] ] } },
{ "type": "Feature", "properties": { "reach_id": "46213700231", "river_group": "Syr Darya", "basin": "Syr Darya", "p_width_m": 258.0, "p_wse_m": 177.7, "p_length_m": 11164.862, "n_overpasses": 85, "n_good_or_suspect": 34, "has_chart": true }, "geometry": { "type": "LineString", "coordinates": [ [ 67.7266, 43.3674 ], [ 67.7426, 43.3626 ], [ 67.7468, 43.3588 ], [ 67.7476, 43.3545 ], [ 67.7454, 43.3522 ], [ 67.7424, 43.3518 ], [ 67.732, 43.3572 ], [ 67.7212, 43.3569 ], [ 67.7133, 43.352 ], [ 67.712, 43.3487 ], [ 67.7148, 43.3452 ], [ 67.7328, 43.3368 ], [ 67.7421, 43.3351 ], [ 67.7484, 43.3321 ], [ 67.7646, 43.3344 ] ] } },
{ "type": "Feature", "properties": { "reach_id": "46213700241", "river_group": "Syr Darya", "basin": "Syr Darya", "p_width_m": 246.0, "p_wse_m": 178.7, "p_length_m": 11231.084, "n_overpasses": 0, "n_good_or_suspect": 0, "has_chart": false }, "geometry": { "type": "LineString", "coordinates": [ [ 67.7646, 43.3344 ], [ 67.7779, 43.3353 ], [ 67.7949, 43.328 ], [ 67.8, 43.3224 ], [ 67.7921, 43.3207 ], [ 67.7902, 43.3158 ], [ 67.7913, 43.3104 ], [ 67.8026, 43.2994 ], [ 67.8124, 43.2964 ], [ 67.8146, 43.2942 ], [ 67.8114, 43.2879 ], [ 67.8074, 43.2858 ], [ 67.7838, 43.2834 ] ] } },
{ "type": "Feature", "properties": { "reach_id": "46213700251", "river_group": "Syr Darya", "basin": "Syr Darya", "p_width_m": 255.0, "p_wse_m": 178.7, "p_length_m": 11416.128, "n_overpasses": 0, "n_good_or_suspect": 0, "has_chart": false }, "geometry": { "type": "LineString", "coordinates": [ [ 67.7838, 43.2834 ], [ 67.7746, 43.2807 ], [ 67.7702, 43.2767 ], [ 67.7725, 43.273 ], [ 67.7803, 43.2725 ], [ 67.784, 43.2695 ], [ 67.7838, 43.2653 ], [ 67.7787, 43.2606 ], [ 67.781, 43.2572 ], [ 67.7858, 43.2559 ], [ 67.7983, 43.2586 ], [ 67.8091, 43.2551 ], [ 67.8221, 43.2544 ], [ 67.8265, 43.2522 ], [ 67.8259, 43.2478 ], [ 67.8219, 43.2447 ], [ 67.8002, 43.2383 ] ] } },
{ "type": "Feature", "properties": { "reach_id": "46213700261", "river_group": "Syr Darya", "basin": "Syr Darya", "p_width_m": 243.0, "p_wse_m": 179.2, "p_length_m": 12829.979, "n_overpasses": 0, "n_good_or_suspect": 0, "has_chart": false }, "geometry": { "type": "LineString", "coordinates": [ [ 67.8002, 43.2383 ], [ 67.7868, 43.2307 ], [ 67.7856, 43.228 ], [ 67.7866, 43.2247 ], [ 67.7961, 43.2219 ], [ 67.817, 43.2283 ], [ 67.8256, 43.2265 ], [ 67.8335, 43.2187 ], [ 67.8387, 43.2167 ], [ 67.863, 43.2201 ], [ 67.8704, 43.2186 ], [ 67.8727, 43.2153 ], [ 67.8717, 43.2107 ], [ 67.8608, 43.2028 ], [ 67.8557, 43.1963 ] ] } },
{ "type": "Feature", "properties": { "reach_id": "46213900011", "river_group": "Syr Darya", "basin": "Syr Darya", "p_width_m": 279.0, "p_wse_m": 181.40001, "p_length_m": 18286.395, "n_overpasses": 0, "n_good_or_suspect": 0, "has_chart": false }, "geometry": { "type": "LineString", "coordinates": [ [ 67.8557, 43.1963 ], [ 67.8388, 43.1893 ], [ 67.8363, 43.1849 ], [ 67.8297, 43.1822 ], [ 67.8268, 43.1776 ], [ 67.8288, 43.174 ], [ 67.8343, 43.1741 ], [ 67.8409, 43.184 ], [ 67.8477, 43.187 ], [ 67.86, 43.1841 ], [ 67.8644, 43.1774 ], [ 67.8647, 43.1701 ], [ 67.8599, 43.1652 ], [ 67.8493, 43.1598 ], [ 67.8435, 43.159 ], [ 67.8408, 43.1567 ], [ 67.8435, 43.154 ], [ 67.852, 43.1535 ], [ 67.8575, 43.1493 ], [ 67.8664, 43.1348 ], [ 67.8611, 43.1263 ], [ 67.8527, 43.1209 ], [ 67.8455, 43.1105 ] ] } },
{ "type": "Feature", "properties": { "reach_id": "46213900021", "river_group": "Syr Darya", "basin": "Syr Darya", "p_width_m": 303.0, "p_wse_m": 185.6, "p_length_m": 10314.707, "n_overpasses": 0, "n_good_or_suspect": 0, "has_chart": false }, "geometry": { "type": "LineString", "coordinates": [ [ 67.8455, 43.1105 ], [ 67.8271, 43.0836 ], [ 67.8255, 43.0776 ], [ 67.8263, 43.0658 ], [ 67.8378, 43.0502 ], [ 67.8433, 43.048 ], [ 67.8515, 43.0468 ], [ 67.857, 43.0482 ], [ 67.8606, 43.0515 ], [ 67.8639, 43.0586 ] ] } },
{ "type": "Feature", "properties": { "reach_id": "46213900031", "river_group": "Syr Darya", "basin": "Syr Darya", "p_width_m": 267.5, "p_wse_m": 185.6, "p_length_m": 10412.325, "n_overpasses": 0, "n_good_or_suspect": 0, "has_chart": false }, "geometry": { "type": "LineString", "coordinates": [ [ 67.8639, 43.0586 ], [ 67.8666, 43.0637 ], [ 67.8662, 43.0724 ], [ 67.872, 43.0739 ], [ 67.874, 43.0719 ], [ 67.874, 43.0606 ], [ 67.8786, 43.0474 ], [ 67.8867, 43.0393 ], [ 67.8929, 43.037 ], [ 67.8996, 43.0308 ], [ 67.9051, 43.0316 ], [ 67.9205, 43.038 ], [ 67.927, 43.0423 ] ] } },
{ "type": "Feature", "properties": { "reach_id": "46213900041", "river_group": "Syr Darya", "basin": "Syr Darya", "p_width_m": 278.5, "p_wse_m": 186.1, "p_length_m": 10434.939, "n_overpasses": 0, "n_good_or_suspect": 0, "has_chart": false }, "geometry": { "type": "LineString", "coordinates": [ [ 67.927, 43.0423 ], [ 67.9365, 43.0484 ], [ 67.9417, 43.0472 ], [ 67.9535, 43.0335 ], [ 67.9576, 43.0197 ], [ 67.9672, 43.0179 ], [ 67.9738, 43.0194 ], [ 67.9772, 43.0182 ], [ 67.9785, 43.0153 ], [ 67.9777, 43.0099 ], [ 67.9814, 43.0056 ], [ 67.9958, 43.0073 ], [ 68.0067, 43.0129 ] ] } },
{ "type": "Feature", "properties": { "reach_id": "46213900051", "river_group": "Syr Darya", "basin": "Syr Darya", "p_width_m": 303.0, "p_wse_m": 188.0, "p_length_m": 10416.355, "n_overpasses": 0, "n_good_or_suspect": 0, "has_chart": false }, "geometry": { "type": "LineString", "coordinates": [ [ 68.0067, 43.0129 ], [ 68.0141, 43.0133 ], [ 68.0196, 43.0095 ], [ 68.0182, 43.0003 ], [ 68.0093, 42.991 ], [ 68.0095, 42.9875 ], [ 68.0127, 42.984 ], [ 68.0204, 42.984 ], [ 68.0265, 42.9923 ], [ 68.039, 42.9977 ], [ 68.0463, 42.9989 ], [ 68.0618, 42.9974 ], [ 68.069, 42.9932 ], [ 68.0707, 42.9894 ] ] } },
{ "type": "Feature", "properties": { "reach_id": "46213900061", "river_group": "Syr Darya", "basin": "Syr Darya", "p_width_m": 360.0, "p_wse_m": 188.8, "p_length_m": 18270.854, "n_overpasses": 0, "n_good_or_suspect": 0, "has_chart": false }, "geometry": { "type": "LineString", "coordinates": [ [ 68.0707, 42.9894 ], [ 68.0763, 42.9648 ], [ 68.0818, 42.9609 ], [ 68.0933, 42.9588 ], [ 68.102, 42.9629 ], [ 68.1118, 42.9722 ], [ 68.1218, 42.973 ], [ 68.1536, 42.9599 ], [ 68.1623, 42.9534 ], [ 68.1624, 42.9493 ], [ 68.1484, 42.9395 ], [ 68.1445, 42.933 ], [ 68.1458, 42.9243 ], [ 68.1546, 42.9106 ], [ 68.1501, 42.9033 ], [ 68.1467, 42.9014 ] ] } },
{ "type": "Feature", "properties": { "reach_id": "46213900071", "river_group": "Syr Darya", "basin": "Syr Darya", "p_width_m": 301.0, "p_wse_m": 189.1, "p_length_m": 9124.756, "n_overpasses": 0, "n_good_or_suspect": 0, "has_chart": false }, "geometry": { "type": "LineString", "coordinates": [ [ 68.1467, 42.9014 ], [ 68.1386, 42.8981 ], [ 68.1299, 42.892 ], [ 68.112, 42.8858 ], [ 68.0929, 42.8823 ], [ 68.0902, 42.8801 ], [ 68.0897, 42.8763 ], [ 68.0923, 42.8738 ], [ 68.1063, 42.8743 ], [ 68.1115, 42.8714 ], [ 68.1159, 42.8666 ], [ 68.1165, 42.8606 ] ] } },
{ "type": "Feature", "properties": { "reach_id": "46213900081", "river_group": "Syr Darya", "basin": "Syr Darya", "p_width_m": 339.0, "p_wse_m": 190.3, "p_length_m": 9126.354, "n_overpasses": 0, "n_good_or_suspect": 0, "has_chart": false }, "geometry": { "type": "LineString", "coordinates": [ [ 68.1165, 42.8606 ], [ 68.1221, 42.8547 ], [ 68.1438, 42.8406 ], [ 68.1593, 42.8361 ], [ 68.1831, 42.8405 ], [ 68.189, 42.8479 ], [ 68.1965, 42.8525 ], [ 68.2006, 42.8524 ], [ 68.2028, 42.8494 ] ] } },
{ "type": "Feature", "properties": { "reach_id": "46213900091", "river_group": "Syr Darya", "basin": "Syr Darya", "p_width_m": 396.0, "p_wse_m": 191.6, "p_length_m": 9171.401, "n_overpasses": 0, "n_good_or_suspect": 0, "has_chart": false }, "geometry": { "type": "LineString", "coordinates": [ [ 68.2028, 42.8494 ], [ 68.2024, 42.8423 ], [ 68.1985, 42.835 ], [ 68.1946, 42.8312 ], [ 68.1916, 42.8174 ], [ 68.2048, 42.8079 ], [ 68.2218, 42.803 ], [ 68.2318, 42.7958 ], [ 68.2333, 42.7893 ], [ 68.2304, 42.7858 ] ] } },
{ "type": "Feature", "properties": { "reach_id": "46214000021", "river_group": "Aris", "basin": "Aral Sea drainage (unclassified tributary)", "p_width_m": 42.0, "p_wse_m": 197.8, "p_length_m": 19204.361, "n_overpasses": 84, "n_good_or_suspect": 5, "has_chart": true }, "geometry": { "type": "LineString", "coordinates": [ [ 68.2304, 42.7858 ], [ 68.2319, 42.7739 ], [ 68.235, 42.7743 ], [ 68.2383, 42.7724 ], [ 68.243, 42.7742 ], [ 68.2475, 42.7698 ], [ 68.2541, 42.7709 ], [ 68.2604, 42.7628 ], [ 68.2626, 42.7644 ], [ 68.2589, 42.7688 ], [ 68.2647, 42.7676 ], [ 68.2688, 42.7688 ], [ 68.2708, 42.7677 ], [ 68.2688, 42.7656 ], [ 68.2717, 42.765 ], [ 68.2831, 42.7695 ], [ 68.2849, 42.7729 ], [ 68.2879, 42.7735 ], [ 68.2867, 42.7762 ], [ 68.2892, 42.7775 ], [ 68.2897, 42.7797 ], [ 68.2933, 42.7811 ], [ 68.2928, 42.7854 ], [ 68.2971, 42.7889 ], [ 68.296, 42.7943 ], [ 68.299, 42.7957 ], [ 68.3014, 42.8013 ], [ 68.304, 42.8004 ], [ 68.3106, 42.803 ], [ 68.3205, 42.7991 ], [ 68.3252, 42.8021 ], [ 68.33, 42.7999 ], [ 68.3295, 42.7978 ], [ 68.3323, 42.7964 ], [ 68.3336, 42.7876 ], [ 68.3401, 42.7873 ], [ 68.3445, 42.7814 ], [ 68.3515, 42.7826 ] ] } },
{ "type": "Feature", "properties": { "reach_id": "46214000031", "river_group": "Aris", "basin": "Aral Sea drainage (unclassified tributary)", "p_width_m": 42.0, "p_wse_m": 200.1, "p_length_m": 10491.038, "n_overpasses": 82, "n_good_or_suspect": 7, "has_chart": true }, "geometry": { "type": "LineString", "coordinates": [ [ 68.3515, 42.7826 ], [ 68.354, 42.7814 ], [ 68.3517, 42.779 ], [ 68.355, 42.776 ], [ 68.3527, 42.7744 ], [ 68.3534, 42.7734 ], [ 68.3608, 42.7732 ], [ 68.3607, 42.7786 ], [ 68.3669, 42.7774 ], [ 68.3648, 42.7742 ], [ 68.3679, 42.7713 ], [ 68.3622, 42.7706 ], [ 68.3609, 42.769 ], [ 68.3644, 42.7685 ], [ 68.3636, 42.765 ], [ 68.3667, 42.7634 ], [ 68.3651, 42.7607 ], [ 68.3668, 42.7547 ], [ 68.3635, 42.752 ], [ 68.369, 42.7504 ], [ 68.3667, 42.7483 ], [ 68.3677, 42.7448 ], [ 68.372, 42.7454 ], [ 68.3739, 42.7437 ], [ 68.3728, 42.7418 ], [ 68.3665, 42.7402 ], [ 68.3688, 42.7384 ] ] } },
{ "type": "Feature", "properties": { "reach_id": "46214000041", "river_group": "Aris", "basin": "Aral Sea drainage (unclassified tributary)", "p_width_m": 42.0, "p_wse_m": 202.3, "p_length_m": 10462.165, "n_overpasses": 65, "n_good_or_suspect": 7, "has_chart": true }, "geometry": { "type": "LineString", "coordinates": [ [ 68.3688, 42.7384 ], [ 68.3728, 42.7372 ], [ 68.3696, 42.7323 ], [ 68.3718, 42.7297 ], [ 68.3754, 42.7305 ], [ 68.3784, 42.735 ], [ 68.3842, 42.7346 ], [ 68.3828, 42.7323 ], [ 68.3789, 42.7313 ], [ 68.3868, 42.7241 ], [ 68.3817, 42.7211 ], [ 68.3822, 42.7189 ], [ 68.3866, 42.7173 ], [ 68.3939, 42.7213 ], [ 68.3944, 42.72 ], [ 68.3911, 42.7174 ], [ 68.398, 42.7165 ], [ 68.401, 42.7106 ], [ 68.4064, 42.7113 ], [ 68.4066, 42.709 ], [ 68.4094, 42.7064 ], [ 68.4166, 42.7047 ], [ 68.4162, 42.7023 ] ] } },
{ "type": "Feature", "properties": { "reach_id": "46214000051", "river_group": "Aris", "basin": "Aral Sea drainage (unclassified tributary)", "p_width_m": 42.0, "p_wse_m": 206.55, "p_length_m": 10435.044, "n_overpasses": 65, "n_good_or_suspect": 13, "has_chart": true }, "geometry": { "type": "LineString", "coordinates": [ [ 68.4162, 42.7023 ], [ 68.4226, 42.7004 ], [ 68.4245, 42.6963 ], [ 68.4363, 42.6968 ], [ 68.4387, 42.6951 ], [ 68.4393, 42.6914 ], [ 68.4521, 42.6892 ], [ 68.4525, 42.6872 ], [ 68.4461, 42.6843 ], [ 68.4465, 42.6817 ], [ 68.4485, 42.6804 ], [ 68.4529, 42.6821 ], [ 68.4594, 42.6771 ], [ 68.4566, 42.6752 ], [ 68.4496, 42.6764 ], [ 68.4486, 42.6752 ], [ 68.4497, 42.6733 ], [ 68.4522, 42.6718 ], [ 68.4566, 42.6734 ], [ 68.4578, 42.6723 ], [ 68.4564, 42.6698 ], [ 68.4574, 42.6685 ], [ 68.4629, 42.6677 ], [ 68.4666, 42.6647 ], [ 68.4669, 42.6664 ] ] } },
{ "type": "Feature", "properties": { "reach_id": "46214000061", "river_group": "Aris", "basin": "Aral Sea drainage (unclassified tributary)", "p_width_m": 63.0, "p_wse_m": 208.90001, "p_length_m": 10464.674, "n_overpasses": 66, "n_good_or_suspect": 14, "has_chart": true }, "geometry": { "type": "LineString", "coordinates": [ [ 68.4669, 42.6664 ], [ 68.4666, 42.6698 ], [ 68.472, 42.6714 ], [ 68.4768, 42.6649 ], [ 68.4848, 42.6692 ], [ 68.4874, 42.6691 ], [ 68.4894, 42.6646 ], [ 68.4852, 42.6657 ], [ 68.4821, 42.6632 ], [ 68.4864, 42.6618 ], [ 68.4889, 42.6589 ], [ 68.4874, 42.6551 ], [ 68.4839, 42.6522 ], [ 68.4875, 42.652 ], [ 68.4952, 42.6555 ], [ 68.5012, 42.6477 ], [ 68.5077, 42.6491 ], [ 68.5087, 42.6455 ], [ 68.5121, 42.6437 ], [ 68.5183, 42.646 ], [ 68.5187, 42.642 ] ] } },
{ "type": "Feature", "properties": { "reach_id": "46214000071", "river_group": "Aris", "basin": "Aral Sea drainage (unclassified tributary)", "p_width_m": 45.0, "p_wse_m": 210.8, "p_length_m": 10405.708, "n_overpasses": 83, "n_good_or_suspect": 24, "has_chart": true }, "geometry": { "type": "LineString", "coordinates": [ [ 68.5187, 42.642 ], [ 68.5255, 42.638 ], [ 68.5256, 42.6353 ], [ 68.522, 42.6336 ], [ 68.5269, 42.6307 ], [ 68.5271, 42.6272 ], [ 68.5291, 42.6259 ], [ 68.5318, 42.6269 ], [ 68.531, 42.6302 ], [ 68.5334, 42.6324 ], [ 68.5417, 42.6316 ], [ 68.5455, 42.6379 ], [ 68.548, 42.6378 ], [ 68.5486, 42.6346 ], [ 68.5506, 42.6333 ], [ 68.5564, 42.638 ], [ 68.5608, 42.6373 ], [ 68.5613, 42.6346 ], [ 68.5573, 42.6319 ], [ 68.5606, 42.6306 ], [ 68.5592, 42.6265 ], [ 68.5656, 42.6214 ], [ 68.5676, 42.6165 ], [ 68.5723, 42.615 ] ] } },
{ "type": "Feature", "properties": { "reach_id": "46214000081", "river_group": "Aris", "basin": "Aral Sea drainage (unclassified tributary)", "p_width_m": 51.0, "p_wse_m": 212.7, "p_length_m": 11371.178, "n_overpasses": 69, "n_good_or_suspect": 16, "has_chart": true }, "geometry": { "type": "LineString", "coordinates": [ [ 68.5723, 42.615 ], [ 68.5758, 42.616 ], [ 68.5752, 42.6128 ], [ 68.5782, 42.6112 ], [ 68.5865, 42.6166 ], [ 68.5903, 42.6058 ], [ 68.5885, 42.6048 ], [ 68.5848, 42.6063 ], [ 68.5835, 42.6047 ], [ 68.5942, 42.6015 ], [ 68.5961, 42.5899 ], [ 68.6009, 42.5875 ], [ 68.5967, 42.5845 ], [ 68.5975, 42.5823 ], [ 68.6004, 42.5813 ], [ 68.6084, 42.5846 ], [ 68.6178, 42.5789 ], [ 68.6107, 42.5759 ], [ 68.6107, 42.5737 ], [ 68.6183, 42.5717 ] ] } },
{ "type": "Feature", "properties": { "reach_id": "46214000091", "river_group": "Aris", "basin": "Aral Sea drainage (unclassified tributary)", "p_width_m": 63.0, "p_wse_m": 215.1, "p_length_m": 11279.71, "n_overpasses": 56, "n_good_or_suspect": 13, "has_chart": true }, "geometry": { "type": "LineString", "coordinates": [ [ 68.6183, 42.5717 ], [ 68.6234, 42.577 ], [ 68.6255, 42.5754 ], [ 68.6271, 42.5707 ], [ 68.6288, 42.5711 ], [ 68.6286, 42.5741 ], [ 68.6315, 42.5754 ], [ 68.6362, 42.5706 ], [ 68.6432, 42.5693 ], [ 68.6429, 42.5652 ], [ 68.6462, 42.562 ], [ 68.6442, 42.5571 ], [ 68.6491, 42.555 ], [ 68.6467, 42.5495 ], [ 68.6488, 42.547 ], [ 68.6557, 42.5461 ], [ 68.6526, 42.5423 ], [ 68.6531, 42.5406 ], [ 68.6569, 42.5398 ], [ 68.6609, 42.5425 ], [ 68.6649, 42.5374 ], [ 68.6667, 42.5372 ], [ 68.6689, 42.5396 ], [ 68.6719, 42.5394 ], [ 68.6715, 42.5358 ], [ 68.6777, 42.5337 ] ] } },
{ "type": "Feature", "properties": { "reach_id": "46214000101", "river_group": "Aris", "basin": "Aral Sea drainage (unclassified tributary)", "p_width_m": 36.0, "p_wse_m": 217.90001, "p_length_m": 12082.035, "n_overpasses": 56, "n_good_or_suspect": 6, "has_chart": true }, "geometry": { "type": "LineString", "coordinates": [ [ 68.6777, 42.5337 ], [ 68.682, 42.5345 ], [ 68.6792, 42.5391 ], [ 68.6813, 42.5433 ], [ 68.6876, 42.5415 ], [ 68.6934, 42.5357 ], [ 68.6963, 42.5382 ], [ 68.7016, 42.5394 ], [ 68.7009, 42.5448 ], [ 68.7106, 42.5472 ], [ 68.7109, 42.5441 ], [ 68.7075, 42.5405 ], [ 68.7099, 42.5389 ], [ 68.7131, 42.5435 ], [ 68.7208, 42.5423 ], [ 68.7248, 42.5476 ], [ 68.7259, 42.5462 ], [ 68.7234, 42.5438 ], [ 68.7238, 42.5422 ], [ 68.7288, 42.5418 ], [ 68.7317, 42.5395 ], [ 68.7257, 42.5357 ], [ 68.7254, 42.5328 ], [ 68.7277, 42.5326 ], [ 68.7307, 42.5355 ], [ 68.7347, 42.5325 ] ] } },
{ "type": "Feature", "properties": { "reach_id": "46214000111", "river_group": "Aris", "basin": "Aral Sea drainage (unclassified tributary)", "p_width_m": 42.0, "p_wse_m": 220.5, "p_length_m": 12134.409, "n_overpasses": 56, "n_good_or_suspect": 0, "has_chart": false }, "geometry": { "type": "LineString", "coordinates": [ [ 68.7347, 42.5325 ], [ 68.7376, 42.5378 ], [ 68.742, 42.5351 ], [ 68.749, 42.5364 ], [ 68.7507, 42.535 ], [ 68.7484, 42.532 ], [ 68.7494, 42.5301 ], [ 68.7545, 42.5315 ], [ 68.7636, 42.5289 ], [ 68.7658, 42.5267 ], [ 68.7694, 42.5271 ], [ 68.7707, 42.5207 ], [ 68.7728, 42.519 ], [ 68.7768, 42.5192 ], [ 68.7793, 42.5219 ], [ 68.7815, 42.5218 ], [ 68.7817, 42.5196 ], [ 68.7765, 42.5156 ], [ 68.7783, 42.5138 ], [ 68.7815, 42.5168 ], [ 68.7841, 42.5161 ], [ 68.787, 42.5124 ], [ 68.7921, 42.5141 ], [ 68.7929, 42.5203 ], [ 68.7961, 42.5179 ], [ 68.8023, 42.5175 ], [ 68.802, 42.516 ], [ 68.7972, 42.5151 ], [ 68.7975, 42.5118 ] ] } },
{ "type": "Feature", "properties": { "reach_id": "46214000131", "river_group": "Aris", "basin": "Aral Sea drainage (unclassified tributary)", "p_width_m": 42.0, "p_wse_m": 225.0, "p_length_m": 19449.672, "n_overpasses": 0, "n_good_or_suspect": 0, "has_chart": false }, "geometry": { "type": "LineString", "coordinates": [ [ 68.7975, 42.5118 ], [ 68.7988, 42.5094 ], [ 68.8012, 42.5087 ], [ 68.802, 42.5099 ], [ 68.8004, 42.5126 ], [ 68.8024, 42.5138 ], [ 68.8079, 42.5086 ], [ 68.8108, 42.5132 ], [ 68.8217, 42.5134 ], [ 68.8231, 42.5075 ], [ 68.8177, 42.5016 ], [ 68.821, 42.5014 ], [ 68.8243, 42.5038 ], [ 68.8276, 42.5027 ], [ 68.828, 42.4997 ], [ 68.8318, 42.4981 ], [ 68.8315, 42.4932 ], [ 68.838, 42.4908 ], [ 68.8361, 42.4878 ], [ 68.8368, 42.4846 ], [ 68.8419, 42.4851 ], [ 68.8509, 42.4822 ], [ 68.8488, 42.4803 ], [ 68.8445, 42.4808 ], [ 68.8447, 42.4768 ], [ 68.8485, 42.4781 ], [ 68.8491, 42.4725 ], [ 68.8549, 42.47 ], [ 68.8522, 42.4655 ], [ 68.8599, 42.4665 ], [ 68.8572, 42.4644 ], [ 68.8571, 42.4598 ], [ 68.8538, 42.4605 ], [ 68.8528, 42.4581 ], [ 68.846, 42.4535 ], [ 68.852, 42.4476 ], [ 68.8438, 42.4441 ], [ 68.844, 42.4408 ], [ 68.8415, 42.4373 ], [ 68.8453, 42.4342 ] ] } },
{ "type": "Feature", "properties": { "reach_id": "46214000146", "river_group": "Aris", "basin": "Aral Sea drainage (unclassified tributary)", "p_width_m": 42.0, "p_wse_m": 227.2, "p_length_m": 140.75719, "n_overpasses": 0, "n_good_or_suspect": 0, "has_chart": false }, "geometry": { "type": "LineString", "coordinates": [ [ 68.8453, 42.4342 ], [ 68.8468, 42.4335 ] ] } },
{ "type": "Feature", "properties": { "reach_id": "46215000011", "river_group": "Syr Darya", "basin": "Syr Darya", "p_width_m": 424.0, "p_wse_m": 193.8, "p_length_m": 19610.293, "n_overpasses": 113, "n_good_or_suspect": 70, "has_chart": true }, "geometry": { "type": "LineString", "coordinates": [ [ 68.2304, 42.7858 ], [ 68.2224, 42.7809 ], [ 68.1949, 42.7823 ], [ 68.1829, 42.772 ], [ 68.1768, 42.7633 ], [ 68.1754, 42.757 ], [ 68.178, 42.7535 ], [ 68.1832, 42.751 ], [ 68.1945, 42.752 ], [ 68.2026, 42.7553 ], [ 68.2116, 42.7656 ], [ 68.2193, 42.7636 ], [ 68.2208, 42.7601 ], [ 68.2204, 42.7474 ], [ 68.2163, 42.739 ], [ 68.215, 42.7276 ], [ 68.2168, 42.723 ], [ 68.2236, 42.716 ], [ 68.2333, 42.7088 ], [ 68.2358, 42.7026 ], [ 68.2354, 42.6942 ] ] } },
{ "type": "Feature", "properties": { "reach_id": "46215000021", "river_group": "Syr Darya", "basin": "Syr Darya", "p_width_m": 403.0, "p_wse_m": 198.1, "p_length_m": 19644.814, "n_overpasses": 114, "n_good_or_suspect": 57, "has_chart": true }, "geometry": { "type": "LineString", "coordinates": [ [ 68.2354, 42.6942 ], [ 68.2339, 42.6834 ], [ 68.2382, 42.674 ], [ 68.2552, 42.6617 ], [ 68.2567, 42.6522 ], [ 68.2556, 42.6287 ], [ 68.2522, 42.6232 ], [ 68.223, 42.6167 ], [ 68.2102, 42.6073 ], [ 68.21, 42.6038 ], [ 68.219, 42.582 ], [ 68.2077, 42.5695 ], [ 68.2084, 42.5533 ], [ 68.2052, 42.5503 ] ] } },
{ "type": "Feature", "properties": { "reach_id": "46215000031", "river_group": "Syr Darya", "basin": "Syr Darya", "p_width_m": 478.0, "p_wse_m": 199.7, "p_length_m": 15026.612, "n_overpasses": 114, "n_good_or_suspect": 61, "has_chart": true }, "geometry": { "type": "LineString", "coordinates": [ [ 68.2052, 42.5503 ], [ 68.1961, 42.5456 ], [ 68.1866, 42.5449 ], [ 68.1804, 42.5415 ], [ 68.1766, 42.5363 ], [ 68.1767, 42.5285 ], [ 68.1825, 42.5216 ], [ 68.2064, 42.5095 ], [ 68.217, 42.495 ], [ 68.218, 42.488 ], [ 68.2159, 42.4791 ], [ 68.2197, 42.4734 ], [ 68.22, 42.4667 ], [ 68.2234, 42.4635 ], [ 68.2396, 42.4559 ], [ 68.2444, 42.4517 ] ] } },
{ "type": "Feature", "properties": { "reach_id": "46215000041", "river_group": "Syr Darya", "basin": "Syr Darya", "p_width_m": 445.0, "p_wse_m": 202.5, "p_length_m": 15018.74, "n_overpasses": 114, "n_good_or_suspect": 57, "has_chart": true }, "geometry": { "type": "LineString", "coordinates": [ [ 68.2444, 42.4517 ], [ 68.2539, 42.4485 ], [ 68.2586, 42.4423 ], [ 68.2533, 42.4383 ], [ 68.2442, 42.4381 ], [ 68.2376, 42.4354 ], [ 68.2295, 42.4289 ], [ 68.2279, 42.4254 ], [ 68.2317, 42.4181 ], [ 68.2379, 42.4166 ], [ 68.2437, 42.4127 ], [ 68.2714, 42.4076 ], [ 68.2723, 42.4051 ], [ 68.2708, 42.4041 ], [ 68.2603, 42.4041 ], [ 68.2526, 42.4012 ], [ 68.2483, 42.3947 ], [ 68.249, 42.3917 ], [ 68.2544, 42.3858 ], [ 68.2668, 42.3767 ] ] } },
{ "type": "Feature", "properties": { "reach_id": "46215000051", "river_group": "Syr Darya", "basin": "Syr Darya", "p_width_m": 474.0, "p_wse_m": 204.40001, "p_length_m": 17900.33, "n_overpasses": 105, "n_good_or_suspect": 58, "has_chart": true }, "geometry": { "type": "LineString", "coordinates": [ [ 68.2668, 42.3767 ], [ 68.2711, 42.3711 ], [ 68.2707, 42.366 ], [ 68.2552, 42.365 ], [ 68.2478, 42.3569 ], [ 68.2442, 42.3485 ], [ 68.244, 42.3406 ], [ 68.2527, 42.3288 ], [ 68.2565, 42.3205 ], [ 68.2552, 42.3169 ], [ 68.25, 42.3129 ], [ 68.2475, 42.3088 ], [ 68.2458, 42.298 ], [ 68.2492, 42.2912 ], [ 68.2678, 42.2847 ], [ 68.281, 42.2758 ], [ 68.2862, 42.2588 ], [ 68.2834, 42.2529 ], [ 68.2794, 42.2541 ] ] } },
{ "type": "Feature", "properties": { "reach_id": "46215000071", "river_group": "Syr Darya", "basin": "Syr Darya", "p_width_m": 485.0, "p_wse_m": 207.3, "p_length_m": 17211.39, "n_overpasses": 114, "n_good_or_suspect": 49, "has_chart": true }, "geometry": { "type": "LineString", "coordinates": [ [ 68.2794, 42.2541 ], [ 68.2725, 42.2548 ], [ 68.2634, 42.2593 ], [ 68.2571, 42.2589 ], [ 68.254, 42.2521 ], [ 68.2563, 42.2467 ], [ 68.2542, 42.238 ], [ 68.255, 42.231 ], [ 68.2481, 42.2134 ], [ 68.2404, 42.2071 ], [ 68.227, 42.1995 ], [ 68.2212, 42.193 ], [ 68.2182, 42.1873 ], [ 68.2163, 42.171 ], [ 68.2131, 42.1652 ], [ 68.1991, 42.1649 ], [ 68.1907, 42.1708 ], [ 68.1751, 42.1718 ] ] } },
{ "type": "Feature", "properties": { "reach_id": "46215000091", "river_group": "Syr Darya", "basin": "Syr Darya", "p_width_m": 487.0, "p_wse_m": 209.35, "p_length_m": 8514.151, "n_overpasses": 114, "n_good_or_suspect": 58, "has_chart": true }, "geometry": { "type": "LineString", "coordinates": [ [ 68.1751, 42.1718 ], [ 68.1609, 42.1685 ], [ 68.1491, 42.1621 ], [ 68.1417, 42.1508 ], [ 68.1437, 42.1416 ], [ 68.1486, 42.133 ], [ 68.1524, 42.1306 ], [ 68.1553, 42.1255 ], [ 68.1701, 42.134 ] ] } },
{ "type": "Feature", "properties": { "reach_id": "46215000101", "river_group": "Syr Darya", "basin": "Syr Darya", "p_width_m": 439.6993, "p_wse_m": 211.8, "p_length_m": 13417.701, "n_overpasses": 114, "n_good_or_suspect": 65, "has_chart": true }, "geometry": { "type": "LineString", "coordinates": [ [ 68.1701, 42.134 ], [ 68.209, 42.1305 ], [ 68.2159, 42.128 ], [ 68.2305, 42.1174 ], [ 68.2337, 42.1131 ], [ 68.2364, 42.1066 ], [ 68.2352, 42.1009 ], [ 68.2192, 42.0982 ], [ 68.2153, 42.0938 ], [ 68.2143, 42.0848 ], [ 68.2173, 42.0741 ], [ 68.2156, 42.063 ], [ 68.2134, 42.0602 ] ] } },
{ "type": "Feature", "properties": { "reach_id": "46215000111", "river_group": "Syr Darya", "basin": "Syr Darya", "p_width_m": 572.0, "p_wse_m": 212.8, "p_length_m": 10703.452, "n_overpasses": 114, "n_good_or_suspect": 58, "has_chart": true }, "geometry": { "type": "LineString", "coordinates": [ [ 68.2134, 42.0602 ], [ 68.2092, 42.0574 ], [ 68.1965, 42.0586 ], [ 68.187, 42.0634 ], [ 68.1721, 42.0681 ], [ 68.1648, 42.067 ], [ 68.1607, 42.0626 ], [ 68.1597, 42.058 ], [ 68.1654, 42.054 ], [ 68.167, 42.0507 ], [ 68.1786, 42.0454 ], [ 68.1789, 42.0403 ], [ 68.1815, 42.0357 ], [ 68.1805, 42.0319 ], [ 68.1842, 42.0206 ] ] } },
{ "type": "Feature", "properties": { "reach_id": "46215000121", "river_group": "Syr Darya", "basin": "Syr Darya", "p_width_m": 442.5, "p_wse_m": 215.8, "p_length_m": 10726.275, "n_overpasses": 86, "n_good_or_suspect": 51, "has_chart": true }, "geometry": { "type": "LineString", "coordinates": [ [ 68.1842, 42.0206 ], [ 68.1882, 42.016 ], [ 68.1878, 42.0122 ], [ 68.1805, 42.0065 ], [ 68.1682, 41.9881 ], [ 68.1669, 41.977 ], [ 68.1617, 41.9702 ], [ 68.159, 41.9542 ], [ 68.1497, 41.9474 ], [ 68.1389, 41.9482 ], [ 68.1327, 41.9506 ] ] } },
{ "type": "Feature", "properties": { "reach_id": "46215000131", "river_group": "Syr Darya", "basin": "Syr Darya", "p_width_m": 509.0, "p_wse_m": 215.8, "p_length_m": 10686.215, "n_overpasses": 86, "n_good_or_suspect": 40, "has_chart": true }, "geometry": { "type": "LineString", "coordinates": [ [ 68.1327, 41.9506 ], [ 68.1251, 41.9521 ], [ 68.1167, 41.9515 ], [ 68.1052, 41.9406 ], [ 68.1055, 41.9362 ], [ 68.1108, 41.9276 ], [ 68.1175, 41.9247 ], [ 68.1184, 41.9226 ], [ 68.1144, 41.9169 ], [ 68.1114, 41.9068 ], [ 68.1082, 41.902 ], [ 68.1077, 41.8903 ], [ 68.0958, 41.8797 ] ] } },
{ "type": "Feature", "properties": { "reach_id": "46215000141", "river_group": "Syr Darya", "basin": "Syr Darya", "p_width_m": 483.0, "p_wse_m": 217.5, "p_length_m": 10719.641, "n_overpasses": 86, "n_good_or_suspect": 49, "has_chart": true }, "geometry": { "type": "LineString", "coordinates": [ [ 68.0958, 41.8797 ], [ 68.0799, 41.8577 ], [ 68.0956, 41.8405 ], [ 68.1024, 41.8355 ], [ 68.1104, 41.8323 ], [ 68.1135, 41.8271 ], [ 68.1146, 41.8115 ], [ 68.1119, 41.8084 ], [ 68.1, 41.8018 ] ] } },
{ "type": "Feature", "properties": { "reach_id": "46215000151", "river_group": "Syr Darya", "basin": "Syr Darya", "p_width_m": 350.5, "p_wse_m": 218.5, "p_length_m": 10708.578, "n_overpasses": 86, "n_good_or_suspect": 57, "has_chart": true }, "geometry": { "type": "LineString", "coordinates": [ [ 68.1, 41.8018 ], [ 68.0833, 41.7921 ], [ 68.0652, 41.7668 ], [ 68.0574, 41.7508 ], [ 68.0532, 41.7461 ], [ 68.0481, 41.7459 ], [ 68.0423, 41.7525 ], [ 68.035, 41.7566 ], [ 68.0281, 41.757 ], [ 68.0227, 41.7545 ] ] } },
{ "type": "Feature", "properties": { "reach_id": "46215000161", "river_group": "Syr Darya", "basin": "Syr Darya", "p_width_m": 471.0, "p_wse_m": 220.2, "p_length_m": 11287.414, "n_overpasses": 86, "n_good_or_suspect": 53, "has_chart": true }, "geometry": { "type": "LineString", "coordinates": [ [ 68.0227, 41.7545 ], [ 68.0138, 41.7526 ], [ 68.0136, 41.7493 ], [ 68.017, 41.7442 ], [ 68.0204, 41.7424 ], [ 68.0341, 41.7433 ], [ 68.0387, 41.7406 ], [ 68.0419, 41.7355 ], [ 68.0426, 41.7323 ], [ 68.0337, 41.719 ], [ 68.0338, 41.7082 ], [ 68.0297, 41.7033 ], [ 68.0295, 41.7003 ], [ 68.0328, 41.6938 ], [ 68.0424, 41.6845 ], [ 68.044, 41.6799 ] ] } },
{ "type": "Feature", "properties": { "reach_id": "46215000171", "river_group": "Syr Darya", "basin": "Syr Darya", "p_width_m": 347.0, "p_wse_m": 223.8, "p_length_m": 18493.135, "n_overpasses": 86, "n_good_or_suspect": 47, "has_chart": true }, "geometry": { "type": "LineString", "coordinates": [ [ 68.044, 41.6799 ], [ 68.0406, 41.6685 ], [ 68.0429, 41.6604 ], [ 68.0427, 41.6531 ], [ 68.04, 41.6469 ], [ 68.042, 41.6358 ], [ 68.0475, 41.6277 ], [ 68.0684, 41.612 ], [ 68.0711, 41.6025 ], [ 68.0694, 41.5998 ], [ 68.0641, 41.5971 ], [ 68.0615, 41.593 ], [ 68.0592, 41.5841 ], [ 68.0595, 41.5765 ], [ 68.0648, 41.5695 ], [ 68.0808, 41.5621 ], [ 68.0913, 41.5478 ], [ 68.0926, 41.5365 ] ] } },
{ "type": "Feature", "properties": { "reach_id": "46215000181", "river_group": "Syr Darya", "basin": "Syr Darya", "p_width_m": 495.0, "p_wse_m": 224.8, "p_length_m": 18510.72, "n_overpasses": 86, "n_good_or_suspect": 37, "has_chart": true }, "geometry": { "type": "LineString", "coordinates": [ [ 68.0926, 41.5365 ], [ 68.0916, 41.5316 ], [ 68.077, 41.5275 ], [ 68.0653, 41.5158 ], [ 68.0656, 41.5128 ], [ 68.0767, 41.4904 ], [ 68.0942, 41.4855 ], [ 68.0957, 41.4803 ], [ 68.1125, 41.4594 ], [ 68.1154, 41.4435 ], [ 68.1109, 41.4361 ], [ 68.1073, 41.4333 ], [ 68.0862, 41.4276 ], [ 68.0823, 41.42 ], [ 68.0829, 41.41 ] ] } },
{ "type": "Feature", "properties": { "reach_id": "46215000191", "river_group": "Syr Darya", "basin": "Syr Darya", "p_width_m": 502.0, "p_wse_m": 228.1, "p_length_m": 10113.535, "n_overpasses": 86, "n_good_or_suspect": 41, "has_chart": true }, "geometry": { "type": "LineString", "coordinates": [ [ 68.0829, 41.41 ], [ 68.0891, 41.3981 ], [ 68.101, 41.3933 ], [ 68.1047, 41.3899 ], [ 68.1024, 41.3709 ], [ 68.1035, 41.3569 ], [ 68.1013, 41.3509 ], [ 68.092, 41.3452 ], [ 68.0729, 41.3488 ] ] } },
{ "type": "Feature", "properties": { "reach_id": "46215000201", "river_group": "Syr Darya", "basin": "Syr Darya", "p_width_m": 408.0, "p_wse_m": 228.1, "p_length_m": 10116.946, "n_overpasses": 84, "n_good_or_suspect": 30, "has_chart": true }, "geometry": { "type": "LineString", "coordinates": [ [ 68.0729, 41.3488 ], [ 68.0668, 41.3493 ], [ 68.0593, 41.3472 ], [ 68.053, 41.3411 ], [ 68.0523, 41.33 ], [ 68.0627, 41.3139 ], [ 68.0603, 41.3079 ], [ 68.051, 41.3048 ], [ 68.0391, 41.3069 ], [ 68.0306, 41.3045 ], [ 68.0141, 41.3029 ] ] } },
{ "type": "Feature", "properties": { "reach_id": "46215000211", "river_group": "Syr Darya", "basin": "Syr Darya", "p_width_m": 379.0, "p_wse_m": 230.90001, "p_length_m": 10987.036, "n_overpasses": 0, "n_good_or_suspect": 0, "has_chart": false }, "geometry": { "type": "LineString", "coordinates": [ [ 68.0141, 41.3029 ], [ 68.003, 41.3018 ], [ 67.987, 41.294 ], [ 67.9604, 41.2971 ], [ 67.9547, 41.2938 ], [ 67.9492, 41.2824 ], [ 67.9506, 41.2699 ], [ 67.9542, 41.2567 ], [ 67.9586, 41.2525 ], [ 67.9655, 41.2495 ] ] } },
{ "type": "Feature", "properties": { "reach_id": "46215000224", "river_group": "Syr Darya", "basin": "Syr Darya", "p_width_m": 195.0, "p_wse_m": 236.55, "p_length_m": 372.09354, "n_overpasses": 0, "n_good_or_suspect": 0, "has_chart": false }, "geometry": { "type": "LineString", "coordinates": [ [ 67.9655, 41.2495 ], [ 67.9684, 41.2469 ] ] } },
{ "type": "Feature", "properties": { "reach_id": "46215000233", "river_group": "Syr Darya", "basin": "Syr Darya", "p_width_m": 10058.5, "p_wse_m": 248.0, "p_length_m": 16033.477, "n_overpasses": 0, "n_good_or_suspect": 0, "has_chart": false }, "geometry": { "type": "LineString", "coordinates": [ [ 67.9684, 41.2469 ], [ 67.9683, 41.2425 ], [ 67.9464, 41.2286 ], [ 67.9505, 41.2243 ], [ 67.9675, 41.216 ], [ 67.9837, 41.2048 ], [ 68.0033, 41.1945 ], [ 68.0158, 41.1743 ], [ 68.0232, 41.1541 ], [ 68.0352, 41.1369 ] ] } },
{ "type": "Feature", "properties": { "reach_id": "46217100013", "river_group": "Syr Darya", "basin": "Syr Darya", "p_width_m": 11775.0, "p_wse_m": 249.0, "p_length_m": 10362.907, "n_overpasses": 0, "n_good_or_suspect": 0, "has_chart": false }, "geometry": { "type": "LineString", "coordinates": [ [ 68.0352, 41.1369 ], [ 68.0846, 41.1289 ], [ 68.1057, 41.1275 ], [ 68.1372, 41.1266 ], [ 68.1575, 41.1291 ] ] } },
{ "type": "Feature", "properties": { "reach_id": "46217100023", "river_group": "Syr Darya", "basin": "Syr Darya", "p_width_m": 17003.5, "p_wse_m": 249.5, "p_length_m": 10328.789, "n_overpasses": 0, "n_good_or_suspect": 0, "has_chart": false }, "geometry": { "type": "LineString", "coordinates": [ [ 68.1575, 41.1291 ], [ 68.1732, 41.1307 ], [ 68.1877, 41.1427 ], [ 68.1984, 41.1441 ], [ 68.2343, 41.1362 ], [ 68.2666, 41.1221 ] ] } },
{ "type": "Feature", "properties": { "reach_id": "46217100033", "river_group": "Syr Darya", "basin": "Syr Darya", "p_width_m": 8489.5, "p_wse_m": 249.5, "p_length_m": 10347.204, "n_overpasses": 0, "n_good_or_suspect": 0, "has_chart": false }, "geometry": { "type": "LineString", "coordinates": [ [ 68.2666, 41.1221 ], [ 68.2936, 41.1061 ], [ 68.3129, 41.1053 ], [ 68.3316, 41.0946 ], [ 68.3456, 41.0904 ], [ 68.352, 41.0868 ], [ 68.3709, 41.0888 ], [ 68.3731, 41.0909 ] ] } },
{ "type": "Feature", "properties": { "reach_id": "46217100043", "river_group": "Syr Darya", "basin": "Syr Darya", "p_width_m": 189.0, "p_wse_m": 249.5, "p_length_m": 10350.602, "n_overpasses": 0, "n_good_or_suspect": 0, "has_chart": false }, "geometry": { "type": "LineString", "coordinates": [ [ 68.3731, 41.0909 ], [ 68.371, 41.0963 ], [ 68.363, 41.1016 ], [ 68.3643, 41.1076 ], [ 68.3689, 41.1124 ], [ 68.3871, 41.1188 ], [ 68.4018, 41.1163 ], [ 68.4164, 41.117 ], [ 68.4254, 41.1142 ], [ 68.4305, 41.1101 ], [ 68.4411, 41.0958 ] ] } },
{ "type": "Feature", "properties": { "reach_id": "46217100051", "river_group": "Syr Darya", "basin": "Syr Darya", "p_width_m": 170.0, "p_wse_m": 249.6, "p_length_m": 17937.416, "n_overpasses": 85, "n_good_or_suspect": 0, "has_chart": false }, "geometry": { "type": "LineString", "coordinates": [ [ 68.4411, 41.0958 ], [ 68.4542, 41.0795 ], [ 68.4592, 41.0789 ], [ 68.4781, 41.0828 ], [ 68.4874, 41.0831 ], [ 68.4953, 41.0819 ], [ 68.5023, 41.0782 ], [ 68.5041, 41.0756 ], [ 68.503, 41.0712 ], [ 68.4957, 41.0666 ], [ 68.4951, 41.0618 ], [ 68.4982, 41.0566 ], [ 68.5116, 41.0451 ], [ 68.5172, 41.0302 ], [ 68.5315, 41.0154 ], [ 68.5358, 41.0128 ], [ 68.5561, 41.007 ], [ 68.5663, 41.0089 ] ] } },
{ "type": "Feature", "properties": { "reach_id": "46217100061", "river_group": "Syr Darya", "basin": "Syr Darya", "p_width_m": 190.0, "p_wse_m": 251.2, "p_length_m": 10562.788, "n_overpasses": 86, "n_good_or_suspect": 0, "has_chart": false }, "geometry": { "type": "LineString", "coordinates": [ [ 68.5663, 41.0089 ], [ 68.5729, 41.0134 ], [ 68.5781, 41.0207 ], [ 68.5888, 41.0285 ], [ 68.5977, 41.031 ], [ 68.6084, 41.0314 ], [ 68.6106, 41.0292 ], [ 68.6086, 41.0133 ], [ 68.6147, 41.0057 ], [ 68.6215, 40.9999 ], [ 68.6279, 40.9973 ], [ 68.6436, 40.9969 ] ] } },
{ "type": "Feature", "properties": { "reach_id": "46217100081", "river_group": "Syr Darya", "basin": "Syr Darya", "p_width_m": 169.0, "p_wse_m": 253.5, "p_length_m": 10784.393, "n_overpasses": 82, "n_good_or_suspect": 45, "has_chart": true }, "geometry": { "type": "LineString", "coordinates": [ [ 68.6436, 40.9969 ], [ 68.6643, 40.9941 ], [ 68.6711, 40.9897 ], [ 68.6737, 40.9843 ], [ 68.6715, 40.9813 ], [ 68.6669, 40.9792 ], [ 68.658, 40.9765 ], [ 68.6369, 40.9743 ], [ 68.6278, 40.9688 ], [ 68.6267, 40.9658 ], [ 68.6278, 40.9609 ], [ 68.6407, 40.9437 ] ] } },
{ "type": "Feature", "properties": { "reach_id": "46217100091", "river_group": "Syr Darya", "basin": "Syr Darya", "p_width_m": 169.0, "p_wse_m": 254.0, "p_length_m": 2379.7747, "n_overpasses": 0, "n_good_or_suspect": 0, "has_chart": false }, "geometry": { "type": "LineString", "coordinates": [ [ 68.6407, 40.9437 ], [ 68.6439, 40.9388 ], [ 68.6593, 40.9271 ] ] } },
{ "type": "Feature", "properties": { "reach_id": "46217100104", "river_group": "Syr Darya", "basin": "Syr Darya", "p_width_m": 262.0, "p_wse_m": 254.0, "p_length_m": 380.47754, "n_overpasses": 0, "n_good_or_suspect": 0, "has_chart": false }, "geometry": { "type": "LineString", "coordinates": [ [ 68.6593, 40.9271 ], [ 68.6625, 40.9243 ] ] } },
{ "type": "Feature", "properties": { "reach_id": "46217100111", "river_group": "Syr Darya", "basin": "Syr Darya", "p_width_m": 169.0, "p_wse_m": 254.0, "p_length_m": 5165.3794, "n_overpasses": 0, "n_good_or_suspect": 0, "has_chart": false }, "geometry": { "type": "LineString", "coordinates": [ [ 68.6625, 40.9243 ], [ 68.6668, 40.9215 ], [ 68.6836, 40.9189 ], [ 68.6886, 40.9146 ], [ 68.689, 40.9097 ], [ 68.6925, 40.9054 ], [ 68.7068, 40.8984 ] ] } },
{ "type": "Feature", "properties": { "reach_id": "46217100121", "river_group": "Bozsu", "basin": "Aral Sea drainage (unclassified tributary)", "p_width_m": 36.0, "p_wse_m": 254.8, "p_length_m": 9392.528, "n_overpasses": 0, "n_good_or_suspect": 0, "has_chart": false }, "geometry": { "type": "LineString", "coordinates": [ [ 68.6407, 40.9437 ], [ 68.6507, 40.943 ], [ 68.6656, 40.957 ], [ 68.6777, 40.9627 ], [ 68.6852, 40.9609 ], [ 68.6995, 40.9511 ], [ 68.7012, 40.9484 ], [ 68.7066, 40.9483 ], [ 68.7087, 40.9506 ], [ 68.713, 40.9506 ], [ 68.7158, 40.9545 ], [ 68.7255, 40.9548 ], [ 68.7272, 40.9561 ] ] } },
{ "type": "Feature", "properties": { "reach_id": "46217100134", "river_group": "Bozsu", "basin": "Aral Sea drainage (unclassified tributary)", "p_width_m": 54.0, "p_wse_m": 267.1, "p_length_m": 402.3729, "n_overpasses": 0, "n_good_or_suspect": 0, "has_chart": false }, "geometry": { "type": "LineString", "coordinates": [ [ 68.7272, 40.9561 ], [ 68.7275, 40.9598 ] ] } },
{ "type": "Feature", "properties": { "reach_id": "46217100141", "river_group": "Bozsu", "basin": "Aral Sea drainage (unclassified tributary)", "p_width_m": 42.0, "p_wse_m": 272.125, "p_length_m": 11441.059, "n_overpasses": 78, "n_good_or_suspect": 24, "has_chart": true }, "geometry": { "type": "LineString", "coordinates": [ [ 68.7275, 40.9598 ], [ 68.7274, 40.9623 ], [ 68.7308, 40.9658 ], [ 68.7285, 40.9696 ], [ 68.7339, 40.9742 ], [ 68.7366, 40.974 ], [ 68.7365, 40.9758 ], [ 68.7416, 40.9797 ], [ 68.7415, 40.9811 ], [ 68.7443, 40.9801 ], [ 68.7492, 40.9817 ], [ 68.7491, 40.9842 ], [ 68.7472, 40.9853 ], [ 68.7479, 40.9904 ], [ 68.7502, 40.9911 ], [ 68.7514, 40.9938 ], [ 68.7541, 40.9941 ], [ 68.7546, 40.9965 ], [ 68.7577, 40.9975 ], [ 68.7529, 41.0034 ], [ 68.7574, 41.0037 ], [ 68.7608, 41.0061 ], [ 68.7573, 41.0076 ], [ 68.7575, 41.0107 ], [ 68.7536, 41.0126 ], [ 68.7574, 41.014 ], [ 68.7548, 41.0161 ], [ 68.7573, 41.0191 ], [ 68.7564, 41.0221 ], [ 68.7582, 41.0277 ] ] } },
{ "type": "Feature", "properties": { "reach_id": "46217100151", "river_group": "Bozsu", "basin": "Aral Sea drainage (unclassified tributary)", "p_width_m": 42.0, "p_wse_m": 275.7, "p_length_m": 11492.193, "n_overpasses": 86, "n_good_or_suspect": 31, "has_chart": true }, "geometry": { "type": "LineString", "coordinates": [ [ 68.7582, 41.0277 ], [ 68.7605, 41.0321 ], [ 68.7686, 41.0399 ], [ 68.7698, 41.0445 ], [ 68.7746, 41.0436 ], [ 68.7759, 41.048 ], [ 68.7827, 41.0513 ], [ 68.7826, 41.0559 ], [ 68.7889, 41.0566 ], [ 68.7869, 41.0586 ], [ 68.7889, 41.0608 ], [ 68.7881, 41.0634 ], [ 68.7911, 41.0622 ], [ 68.7928, 41.0644 ], [ 68.7963, 41.0639 ], [ 68.7955, 41.0653 ], [ 68.7993, 41.0662 ], [ 68.7985, 41.0684 ], [ 68.8024, 41.0684 ], [ 68.8028, 41.0713 ], [ 68.8114, 41.072 ], [ 68.8164, 41.0709 ], [ 68.8174, 41.0691 ], [ 68.8221, 41.0701 ], [ 68.825, 41.068 ], [ 68.8328, 41.0666 ] ] } },
{ "type": "Feature", "properties": { "reach_id": "46217100164", "river_group": "Bozsu", "basin": "Aral Sea drainage (unclassified tributary)", "p_width_m": 36.0, "p_wse_m": 281.25, "p_length_m": 332.65128, "n_overpasses": 0, "n_good_or_suspect": 0, "has_chart": false }, "geometry": { "type": "LineString", "coordinates": [ [ 68.8328, 41.0666 ], [ 68.837, 41.0661 ] ] } },
{ "type": "Feature", "properties": { "reach_id": "46217100176", "river_group": "Bozsu", "basin": "Aral Sea drainage (unclassified tributary)", "p_width_m": 45.0, "p_wse_m": 284.30002, "p_length_m": 221.46956, "n_overpasses": 0, "n_good_or_suspect": 0, "has_chart": false }, "geometry": { "type": "LineString", "coordinates": [ [ 68.837, 41.0661 ], [ 68.8393, 41.0668 ] ] } },
{ "type": "Feature", "properties": { "reach_id": "46217200011", "river_group": "Chirchik", "basin": "Syr Darya", "p_width_m": 162.0, "p_wse_m": 254.40001, "p_length_m": 2848.935, "n_overpasses": 86, "n_good_or_suspect": 26, "has_chart": true }, "geometry": { "type": "LineString", "coordinates": [ [ 68.7068, 40.8984 ], [ 68.7228, 40.9049 ], [ 68.7346, 40.9062 ], [ 68.7381, 40.9085 ] ] } },
{ "type": "Feature", "properties": { "reach_id": "46217200021", "river_group": "Chirchik", "basin": "Syr Darya", "p_width_m": 51.0, "p_wse_m": 273.25, "p_length_m": 19797.705, "n_overpasses": 86, "n_good_or_suspect": 23, "has_chart": true }, "geometry": { "type": "LineString", "coordinates": [ [ 68.7381, 40.9085 ], [ 68.7427, 40.9103 ], [ 68.7513, 40.9041 ], [ 68.7556, 40.9043 ], [ 68.7602, 40.9102 ], [ 68.7652, 40.9131 ], [ 68.783, 40.9171 ], [ 68.7848, 40.9194 ], [ 68.7849, 40.9243 ], [ 68.7911, 40.9277 ], [ 68.799, 40.9304 ], [ 68.8132, 40.9289 ], [ 68.8282, 40.9337 ], [ 68.8325, 40.9325 ], [ 68.8432, 40.9395 ], [ 68.8453, 40.9456 ], [ 68.8503, 40.9432 ], [ 68.855, 40.9436 ], [ 68.8563, 40.9463 ], [ 68.8604, 40.9482 ], [ 68.8613, 40.9538 ], [ 68.8684, 40.9514 ], [ 68.8737, 40.9578 ], [ 68.8802, 40.9569 ], [ 68.8862, 40.9614 ], [ 68.8966, 40.9589 ], [ 68.9012, 40.9622 ], [ 68.9086, 40.9606 ], [ 68.9101, 40.9634 ] ] } },
{ "type": "Feature", "properties": { "reach_id": "46217200031", "river_group": "Chirchik", "basin": "Syr Darya", "p_width_m": 42.0, "p_wse_m": 295.6, "p_length_m": 10339.728, "n_overpasses": 79, "n_good_or_suspect": 38, "has_chart": true }, "geometry": { "type": "LineString", "coordinates": [ [ 68.9101, 40.9634 ], [ 68.9217, 40.9661 ], [ 68.9244, 40.9688 ], [ 68.923, 40.9735 ], [ 68.9283, 40.9757 ], [ 68.9354, 40.9731 ], [ 68.9429, 40.9751 ], [ 68.9465, 40.9792 ], [ 68.9596, 40.9777 ], [ 68.9696, 40.9799 ], [ 68.9778, 40.9846 ], [ 68.9842, 40.9852 ], [ 68.9882, 40.9884 ], [ 68.9973, 40.9914 ], [ 68.9995, 40.9969 ], [ 69.0023, 40.9994 ] ] } },
{ "type": "Feature", "properties": { "reach_id": "46217200044", "river_group": "Chirchik", "basin": "Syr Darya", "p_width_m": 98.5, "p_wse_m": 307.40002, "p_length_m": 392.23132, "n_overpasses": 0, "n_good_or_suspect": 0, "has_chart": false }, "geometry": { "type": "LineString", "coordinates": [ [ 69.0023, 40.9994 ], [ 69.006, 41.0017 ] ] } },
{ "type": "Feature", "properties": { "reach_id": "46217200051", "river_group": "Chirchik", "basin": "Syr Darya", "p_width_m": 42.0, "p_wse_m": 310.80002, "p_length_m": 3663.3088, "n_overpasses": 82, "n_good_or_suspect": 57, "has_chart": true }, "geometry": { "type": "LineString", "coordinates": [ [ 69.006, 41.0017 ], [ 69.0139, 41.0066 ], [ 69.0155, 41.0142 ], [ 69.0192, 41.0175 ], [ 69.0296, 41.0189 ], [ 69.0353, 41.0213 ] ] } },
{ "type": "Feature", "properties": { "reach_id": "46217200064", "river_group": "Chirchik", "basin": "Syr Darya", "p_width_m": 85.5, "p_wse_m": 315.05, "p_length_m": 384.27957, "n_overpasses": 0, "n_good_or_suspect": 0, "has_chart": false }, "geometry": { "type": "LineString", "coordinates": [ [ 69.0353, 41.0213 ], [ 69.0383, 41.0242 ] ] } },
{ "type": "Feature", "properties": { "reach_id": "46217200071", "river_group": "Chirchik", "basin": "Syr Darya", "p_width_m": 45.0, "p_wse_m": 327.5, "p_length_m": 8427.281, "n_overpasses": 82, "n_good_or_suspect": 35, "has_chart": true }, "geometry": { "type": "LineString", "coordinates": [ [ 69.0383, 41.0242 ], [ 69.0417, 41.0304 ], [ 69.0414, 41.0326 ], [ 69.0496, 41.0391 ], [ 69.0574, 41.0414 ], [ 69.0603, 41.0447 ], [ 69.0678, 41.0449 ], [ 69.0752, 41.0488 ], [ 69.0729, 41.0526 ], [ 69.0821, 41.057 ], [ 69.0846, 41.0614 ], [ 69.0921, 41.0611 ], [ 69.0981, 41.0662 ], [ 69.1028, 41.0659 ] ] } },
{ "type": "Feature", "properties": { "reach_id": "46217200084", "river_group": "Chirchik", "basin": "Syr Darya", "p_width_m": 84.0, "p_wse_m": 337.40002, "p_length_m": 372.86584, "n_overpasses": 0, "n_good_or_suspect": 0, "has_chart": false }, "geometry": { "type": "LineString", "coordinates": [ [ 69.1028, 41.0659 ], [ 69.1065, 41.0679 ] ] } },
{ "type": "Feature", "properties": { "reach_id": "46217200091", "river_group": "Chirchik", "basin": "Syr Darya", "p_width_m": 60.0, "p_wse_m": 357.6, "p_length_m": 17537.293, "n_overpasses": 82, "n_good_or_suspect": 16, "has_chart": true }, "geometry": { "type": "LineString", "coordinates": [ [ 69.1065, 41.0679 ], [ 69.1139, 41.069 ], [ 69.1246, 41.079 ], [ 69.1339, 41.0774 ], [ 69.1407, 41.0807 ], [ 69.1387, 41.0866 ], [ 69.1465, 41.0898 ], [ 69.1483, 41.0979 ], [ 69.158, 41.1061 ], [ 69.1577, 41.1087 ], [ 69.1646, 41.1154 ], [ 69.1691, 41.1241 ], [ 69.1787, 41.1333 ], [ 69.1943, 41.1412 ], [ 69.2047, 41.1501 ], [ 69.2064, 41.1532 ], [ 69.2123, 41.1556 ], [ 69.2348, 41.1726 ] ] } },
{ "type": "Feature", "properties": { "reach_id": "46217200101", "river_group": "Chirchik", "basin": "Syr Darya", "p_width_m": 51.0, "p_wse_m": 396.30002, "p_length_m": 11085.266, "n_overpasses": 65, "n_good_or_suspect": 19, "has_chart": true }, "geometry": { "type": "LineString", "coordinates": [ [ 69.2348, 41.1726 ], [ 69.2622, 41.197 ], [ 69.2803, 41.2055 ], [ 69.2939, 41.2168 ], [ 69.2959, 41.223 ], [ 69.3049, 41.2226 ], [ 69.307, 41.2258 ], [ 69.3279, 41.2342 ] ] } },
{ "type": "Feature", "properties": { "reach_id": "46217200114", "river_group": "Chirchik", "basin": "Syr Darya", "p_width_m": 71.0, "p_wse_m": 424.6, "p_length_m": 394.51874, "n_overpasses": 0, "n_good_or_suspect": 0, "has_chart": false }, "geometry": { "type": "LineString", "coordinates": [ [ 69.3279, 41.2342 ], [ 69.3323, 41.2357 ] ] } },
{ "type": "Feature", "properties": { "reach_id": "46217200124", "river_group": "Chirchik", "basin": "Syr Darya", "p_width_m": 94.5, "p_wse_m": 426.0, "p_length_m": 580.1825, "n_overpasses": 44, "n_good_or_suspect": 36, "has_chart": true }, "geometry": { "type": "LineString", "coordinates": [ [ 69.3323, 41.2357 ], [ 69.3384, 41.2384 ] ] } },
{ "type": "Feature", "properties": { "reach_id": "46217200131", "river_group": "Chirchik", "basin": "Syr Darya", "p_width_m": 42.0, "p_wse_m": 431.7, "p_length_m": 3787.6472, "n_overpasses": 67, "n_good_or_suspect": 36, "has_chart": true }, "geometry": { "type": "LineString", "coordinates": [ [ 69.3384, 41.2384 ], [ 69.3512, 41.2471 ], [ 69.3594, 41.2504 ], [ 69.3623, 41.257 ], [ 69.3702, 41.2599 ] ] } },
{ "type": "Feature", "properties": { "reach_id": "46217200144", "river_group": "Chirchik", "basin": "Syr Darya", "p_width_m": 45.0, "p_wse_m": 442.1, "p_length_m": 402.45975, "n_overpasses": 0, "n_good_or_suspect": 0, "has_chart": false }, "geometry": { "type": "LineString", "coordinates": [ [ 69.3702, 41.2599 ], [ 69.3745, 41.2614 ] ] } },
{ "type": "Feature", "properties": { "reach_id": "46217200151", "river_group": "Chirchik", "basin": "Syr Darya", "p_width_m": 48.0, "p_wse_m": 458.925, "p_length_m": 9122.534, "n_overpasses": 82, "n_good_or_suspect": 36, "has_chart": true }, "geometry": { "type": "LineString", "coordinates": [ [ 69.3745, 41.2614 ], [ 69.3771, 41.2623 ], [ 69.3837, 41.2695 ], [ 69.3886, 41.2719 ], [ 69.3929, 41.2784 ], [ 69.4005, 41.2814 ], [ 69.4078, 41.2889 ], [ 69.4126, 41.2911 ], [ 69.4161, 41.2975 ], [ 69.4242, 41.302 ], [ 69.4318, 41.3107 ], [ 69.4383, 41.3132 ], [ 69.4422, 41.317 ], [ 69.4462, 41.3178 ] ] } },
{ "type": "Feature", "properties": { "reach_id": "46217200161", "river_group": "Chirchik", "basin": "Syr Darya", "p_width_m": 54.0, "p_wse_m": 505.5, "p_length_m": 9139.088, "n_overpasses": 54, "n_good_or_suspect": 25, "has_chart": true }, "geometry": { "type": "LineString", "coordinates": [ [ 69.4462, 41.3178 ], [ 69.4541, 41.3227 ], [ 69.4606, 41.3299 ], [ 69.4714, 41.334 ], [ 69.4717, 41.3394 ], [ 69.4787, 41.3472 ], [ 69.4837, 41.3483 ], [ 69.5061, 41.3663 ], [ 69.5079, 41.3692 ], [ 69.5127, 41.3703 ], [ 69.5161, 41.3749 ] ] } },
{ "type": "Feature", "properties": { "reach_id": "46217200171", "river_group": "Chirchik", "basin": "Syr Darya", "p_width_m": 63.0, "p_wse_m": 544.2, "p_length_m": 9138.2295, "n_overpasses": 54, "n_good_or_suspect": 27, "has_chart": true }, "geometry": { "type": "LineString", "coordinates": [ [ 69.5161, 41.3749 ], [ 69.5245, 41.3827 ], [ 69.5306, 41.382 ], [ 69.5396, 41.3871 ], [ 69.5398, 41.3943 ], [ 69.5493, 41.4064 ], [ 69.5556, 41.411 ], [ 69.5598, 41.4112 ], [ 69.5611, 41.4154 ], [ 69.5662, 41.4184 ], [ 69.5748, 41.4279 ], [ 69.5809, 41.431 ] ] } },
{ "type": "Feature", "properties": { "reach_id": "46217200184", "river_group": "Chirchik", "basin": "Syr Darya", "p_width_m": 127.0, "p_wse_m": 565.45, "p_length_m": 394.8339, "n_overpasses": 0, "n_good_or_suspect": 0, "has_chart": false }, "geometry": { "type": "LineString", "coordinates": [ [ 69.5809, 41.431 ], [ 69.5866, 41.4308 ] ] } },
{ "type": "Feature", "properties": { "reach_id": "46217200191", "river_group": "Chirchik", "basin": "Syr Darya", "p_width_m": 108.0, "p_wse_m": 593.7, "p_length_m": 11929.855, "n_overpasses": 0, "n_good_or_suspect": 0, "has_chart": false }, "geometry": { "type": "LineString", "coordinates": [ [ 69.5863, 41.4305 ], [ 69.5903, 41.4335 ], [ 69.6014, 41.4572 ], [ 69.611, 41.4877 ], [ 69.6161, 41.4906 ], [ 69.6169, 41.4947 ], [ 69.6248, 41.5025 ], [ 69.6286, 41.5043 ], [ 69.6338, 41.5118 ], [ 69.6431, 41.5134 ], [ 69.6517, 41.5177 ] ] } },
{ "type": "Feature", "properties": { "reach_id": "46217200201", "river_group": "Chirchik", "basin": "Syr Darya", "p_width_m": 63.0, "p_wse_m": 646.5, "p_length_m": 11956.829, "n_overpasses": 54, "n_good_or_suspect": 21, "has_chart": true }, "geometry": { "type": "LineString", "coordinates": [ [ 69.6517, 41.5177 ], [ 69.654, 41.519 ], [ 69.6589, 41.5182 ], [ 69.6716, 41.5248 ], [ 69.6759, 41.5244 ], [ 69.6853, 41.5276 ], [ 69.6899, 41.5359 ], [ 69.6965, 41.5401 ], [ 69.7046, 41.5504 ], [ 69.7126, 41.5551 ], [ 69.7266, 41.5597 ], [ 69.7437, 41.573 ], [ 69.7603, 41.573 ] ] } },
{ "type": "Feature", "properties": { "reach_id": "46217200214", "river_group": "Chirchik", "basin": "Syr Darya", "p_width_m": 201.5, "p_wse_m": 670.85, "p_length_m": 396.02945, "n_overpasses": 0, "n_good_or_suspect": 0, "has_chart": false }, "geometry": { "type": "LineString", "coordinates": [ [ 69.7603, 41.573 ], [ 69.7646, 41.5748 ] ] } },
{ "type": "Feature", "properties": { "reach_id": "46217200221", "river_group": "Chirchik", "basin": "Syr Darya", "p_width_m": 129.5, "p_wse_m": 681.7, "p_length_m": 3150.7336, "n_overpasses": 0, "n_good_or_suspect": 0, "has_chart": false }, "geometry": { "type": "LineString", "coordinates": [ [ 69.7646, 41.5748 ], [ 69.7693, 41.5756 ], [ 69.7837, 41.5728 ], [ 69.7927, 41.5779 ], [ 69.7992, 41.5789 ] ] } },
{ "type": "Feature", "properties": { "reach_id": "46217200234", "river_group": "Chirchik", "basin": "Syr Darya", "p_width_m": 180.0, "p_wse_m": 703.8, "p_length_m": 390.27396, "n_overpasses": 51, "n_good_or_suspect": 37, "has_chart": true }, "geometry": { "type": "LineString", "coordinates": [ [ 69.7992, 41.5789 ], [ 69.8035, 41.5794 ] ] } },
{ "type": "Feature", "properties": { "reach_id": "46217200243", "river_group": "Chirchik", "basin": "Syr Darya", "p_width_m": 184.0, "p_wse_m": 708.7, "p_length_m": 5805.417, "n_overpasses": 0, "n_good_or_suspect": 0, "has_chart": false }, "geometry": { "type": "LineString", "coordinates": [ [ 69.8035, 41.5794 ], [ 69.8083, 41.5811 ], [ 69.8126, 41.5858 ], [ 69.8188, 41.5862 ], [ 69.8242, 41.5889 ], [ 69.838, 41.5903 ], [ 69.8425, 41.5884 ], [ 69.8465, 41.5891 ], [ 69.8585, 41.595 ], [ 69.8611, 41.5982 ] ] } },
{ "type": "Feature", "properties": { "reach_id": "46217200254", "river_group": "Chirchik", "basin": "Syr Darya", "p_width_m": 75.0, "p_wse_m": 735.9, "p_length_m": 515.5072, "n_overpasses": 0, "n_good_or_suspect": 0, "has_chart": false }, "geometry": { "type": "LineString", "coordinates": [ [ 69.8611, 41.5982 ], [ 69.8667, 41.6011 ] ] } },
{ "type": "Feature", "properties": { "reach_id": "46217200263", "river_group": "Chirchik", "basin": "Syr Darya", "p_width_m": 173.0, "p_wse_m": 747.60004, "p_length_m": 9397.341, "n_overpasses": 0, "n_good_or_suspect": 0, "has_chart": false }, "geometry": { "type": "LineString", "coordinates": [ [ 69.8667, 41.6011 ], [ 69.8857, 41.6106 ], [ 69.8915, 41.6151 ], [ 69.911, 41.6165 ], [ 69.9312, 41.6244 ], [ 69.9544, 41.6295 ], [ 69.9587, 41.6299 ], [ 69.9633, 41.6275 ], [ 69.9666, 41.6276 ] ] } },
{ "type": "Feature", "properties": { "reach_id": "46217200274", "river_group": "Chirchik", "basin": "Syr Darya", "p_width_m": 90.0, "p_wse_m": 814.10004, "p_length_m": 408.1554, "n_overpasses": 0, "n_good_or_suspect": 0, "has_chart": false }, "geometry": { "type": "LineString", "coordinates": [ [ 69.9666, 41.6276 ], [ 69.9716, 41.6265 ] ] } },
{ "type": "Feature", "properties": { "reach_id": "46217200283", "river_group": "Chirchik", "basin": "Syr Darya", "p_width_m": 2746.5, "p_wse_m": 863.5, "p_length_m": 6047.906, "n_overpasses": 0, "n_good_or_suspect": 0, "has_chart": false }, "geometry": { "type": "LineString", "coordinates": [ [ 69.9716, 41.6265 ], [ 69.9841, 41.6211 ], [ 69.9917, 41.6213 ], [ 70.0018, 41.6254 ], [ 70.0145, 41.6266 ], [ 70.0199, 41.6318 ], [ 70.033, 41.64 ] ] } },
{ "type": "Feature", "properties": { "reach_id": "46217200293", "river_group": "Chatkal", "basin": "Syr Darya", "p_width_m": 1272.0, "p_wse_m": 863.5, "p_length_m": 13296.647, "n_overpasses": 0, "n_good_or_suspect": 0, "has_chart": false }, "geometry": { "type": "LineString", "coordinates": [ [ 70.033, 41.64 ], [ 70.0438, 41.6377 ], [ 70.0545, 41.6317 ], [ 70.0639, 41.6108 ], [ 70.071, 41.6053 ], [ 70.0907, 41.5963 ], [ 70.0971, 41.5867 ], [ 70.1035, 41.5824 ], [ 70.1056, 41.5758 ], [ 70.1104, 41.5696 ], [ 70.1074, 41.5588 ], [ 70.1133, 41.5525 ], [ 70.1172, 41.5508 ] ] } },
{ "type": "Feature", "properties": { "reach_id": "46217200301", "river_group": "Chatkal", "basin": "Syr Darya", "p_width_m": 42.0, "p_wse_m": 954.60004, "p_length_m": 13795.095, "n_overpasses": 0, "n_good_or_suspect": 0, "has_chart": false }, "geometry": { "type": "LineString", "coordinates": [ [ 70.1172, 41.5508 ], [ 70.1269, 41.55 ], [ 70.1403, 41.5396 ], [ 70.1465, 41.5314 ], [ 70.1474, 41.5265 ], [ 70.1631, 41.5188 ], [ 70.1662, 41.5156 ], [ 70.1724, 41.5167 ], [ 70.1835, 41.5132 ], [ 70.1896, 41.5177 ], [ 70.2048, 41.5203 ], [ 70.2186, 41.5262 ], [ 70.2257, 41.5258 ], [ 70.2287, 41.5319 ], [ 70.2331, 41.5329 ], [ 70.2411, 41.5383 ] ] } },
{ "type": "Feature", "properties": { "reach_id": "46217200311", "river_group": "Chatkal", "basin": "Syr Darya", "p_width_m": 42.0, "p_wse_m": 1153.975, "p_length_m": 17949.203, "n_overpasses": 0, "n_good_or_suspect": 0, "has_chart": false }, "geometry": { "type": "LineString", "coordinates": [ [ 70.2411, 41.5383 ], [ 70.2472, 41.5405 ], [ 70.2524, 41.5457 ], [ 70.2577, 41.5478 ], [ 70.2587, 41.5543 ], [ 70.2673, 41.5693 ], [ 70.2723, 41.5693 ], [ 70.2763, 41.5717 ], [ 70.2804, 41.5748 ], [ 70.2829, 41.5792 ], [ 70.2879, 41.5792 ], [ 70.2923, 41.5814 ], [ 70.2981, 41.581 ], [ 70.2996, 41.5833 ], [ 70.2989, 41.5853 ], [ 70.3061, 41.5892 ], [ 70.3101, 41.5895 ], [ 70.3169, 41.5944 ], [ 70.3191, 41.5974 ], [ 70.3181, 41.6028 ], [ 70.3201, 41.6046 ], [ 70.3284, 41.6038 ], [ 70.3335, 41.608 ], [ 70.344, 41.6087 ], [ 70.3564, 41.6175 ], [ 70.3618, 41.6167 ], [ 70.3702, 41.6226 ], [ 70.3744, 41.6221 ], [ 70.3787, 41.6181 ], [ 70.3838, 41.6182 ] ] } },
{ "type": "Feature", "properties": { "reach_id": "46217200321", "river_group": "Chatkal", "basin": "Syr Darya", "p_width_m": 45.0, "p_wse_m": 1287.3, "p_length_m": 19046.809, "n_overpasses": 56, "n_good_or_suspect": 21, "has_chart": true }, "geometry": { "type": "LineString", "coordinates": [ [ 70.3838, 41.6182 ], [ 70.3903, 41.6193 ], [ 70.3941, 41.6235 ], [ 70.4048, 41.6293 ], [ 70.4039, 41.635 ], [ 70.4138, 41.6408 ], [ 70.4152, 41.6457 ], [ 70.4205, 41.6495 ], [ 70.4334, 41.6482 ], [ 70.4368, 41.6497 ], [ 70.4378, 41.653 ], [ 70.4426, 41.6545 ], [ 70.449, 41.6504 ], [ 70.4492, 41.6566 ], [ 70.4538, 41.6595 ], [ 70.4604, 41.6606 ], [ 70.4626, 41.6633 ], [ 70.4684, 41.6646 ], [ 70.4725, 41.6688 ], [ 70.4793, 41.6695 ], [ 70.4821, 41.6672 ], [ 70.4861, 41.6689 ], [ 70.4915, 41.6678 ], [ 70.4932, 41.669 ], [ 70.4931, 41.6714 ], [ 70.503, 41.6815 ], [ 70.5145, 41.6817 ], [ 70.5265, 41.6853 ], [ 70.5355, 41.6832 ], [ 70.5382, 41.6846 ], [ 70.5399, 41.6908 ] ] } },
{ "type": "Feature", "properties": { "reach_id": "46217200331", "river_group": "Chatkal", "basin": "Syr Darya", "p_width_m": 42.0, "p_wse_m": 1365.6, "p_length_m": 18121.176, "n_overpasses": 54, "n_good_or_suspect": 20, "has_chart": true }, "geometry": { "type": "LineString", "coordinates": [ [ 70.5399, 41.6908 ], [ 70.5429, 41.6932 ], [ 70.5569, 41.6942 ], [ 70.5592, 41.6975 ], [ 70.5661, 41.6958 ], [ 70.5675, 41.6975 ], [ 70.5657, 41.6996 ], [ 70.569, 41.6992 ], [ 70.5716, 41.7016 ], [ 70.5763, 41.7025 ], [ 70.5886, 41.7039 ], [ 70.5929, 41.7005 ], [ 70.5965, 41.7009 ], [ 70.6018, 41.6989 ], [ 70.6048, 41.7015 ], [ 70.6156, 41.7001 ], [ 70.6253, 41.7018 ], [ 70.6321, 41.6965 ], [ 70.6446, 41.6922 ], [ 70.6551, 41.6944 ], [ 70.6615, 41.6917 ], [ 70.6673, 41.6924 ], [ 70.6726, 41.6895 ], [ 70.6802, 41.6907 ], [ 70.6899, 41.6896 ], [ 70.695, 41.693 ], [ 70.7076, 41.6887 ], [ 70.7083, 41.6844 ], [ 70.7162, 41.6786 ] ] } },
{ "type": "Feature", "properties": { "reach_id": "46217200341", "river_group": "Chatkal", "basin": "Syr Darya", "p_width_m": 48.0, "p_wse_m": 1446.25, "p_length_m": 10202.316, "n_overpasses": 55, "n_good_or_suspect": 27, "has_chart": true }, "geometry": { "type": "LineString", "coordinates": [ [ 70.7162, 41.6786 ], [ 70.7188, 41.6743 ], [ 70.7239, 41.6728 ], [ 70.724, 41.669 ], [ 70.7264, 41.6663 ], [ 70.7364, 41.6626 ], [ 70.749, 41.6621 ], [ 70.7639, 41.6648 ], [ 70.7732, 41.6627 ], [ 70.7779, 41.6659 ], [ 70.784, 41.6649 ], [ 70.7874, 41.669 ], [ 70.7957, 41.6692 ], [ 70.7967, 41.6733 ], [ 70.7983, 41.6741 ], [ 70.8065, 41.6705 ], [ 70.8113, 41.6725 ] ] } },
{ "type": "Feature", "properties": { "reach_id": "46217200351", "river_group": "Chatkal", "basin": "Syr Darya", "p_width_m": 42.0, "p_wse_m": 1529.75, "p_length_m": 17237.898, "n_overpasses": 56, "n_good_or_suspect": 30, "has_chart": true }, "geometry": { "type": "LineString", "coordinates": [ [ 70.8113, 41.6725 ], [ 70.8182, 41.6748 ], [ 70.8225, 41.6743 ], [ 70.8313, 41.6789 ], [ 70.8414, 41.6813 ], [ 70.8479, 41.6807 ], [ 70.8521, 41.6765 ], [ 70.8553, 41.6758 ], [ 70.8583, 41.6799 ], [ 70.8677, 41.6787 ], [ 70.8764, 41.6814 ], [ 70.8803, 41.6844 ], [ 70.8813, 41.6873 ], [ 70.8851, 41.6878 ], [ 70.8877, 41.6967 ], [ 70.8909, 41.698 ], [ 70.8918, 41.7009 ], [ 70.9063, 41.7069 ], [ 70.9055, 41.7107 ], [ 70.9097, 41.7123 ], [ 70.9113, 41.7152 ], [ 70.9101, 41.7196 ], [ 70.9141, 41.7198 ], [ 70.9169, 41.7232 ], [ 70.9163, 41.7261 ], [ 70.9286, 41.729 ], [ 70.9347, 41.7262 ], [ 70.947, 41.7268 ], [ 70.9506, 41.7287 ], [ 70.9549, 41.7281 ] ] } },
{ "type": "Feature", "properties": { "reach_id": "46217200361", "river_group": "Chatkal", "basin": "Syr Darya", "p_width_m": 42.0, "p_wse_m": 1655.6001, "p_length_m": 17110.527, "n_overpasses": 84, "n_good_or_suspect": 55, "has_chart": true }, "geometry": { "type": "LineString", "coordinates": [ [ 70.9549, 41.7281 ], [ 70.9596, 41.7267 ], [ 70.9629, 41.7292 ], [ 70.9752, 41.7287 ], [ 70.9801, 41.7329 ], [ 70.9854, 41.7346 ], [ 70.9977, 41.735 ], [ 71.0018, 41.7377 ], [ 71.005, 41.7362 ], [ 71.0073, 41.7394 ], [ 71.0112, 41.7384 ], [ 71.0236, 41.7436 ], [ 71.0248, 41.7463 ], [ 71.0292, 41.7492 ], [ 71.0433, 41.7496 ], [ 71.0443, 41.7505 ], [ 71.0433, 41.7562 ], [ 71.0482, 41.7564 ], [ 71.0613, 41.7619 ], [ 71.0656, 41.7609 ], [ 71.0701, 41.7637 ], [ 71.071, 41.7625 ], [ 71.0696, 41.7606 ], [ 71.071, 41.7594 ], [ 71.0809, 41.7625 ], [ 71.0894, 41.7603 ], [ 71.0931, 41.7625 ], [ 71.0993, 41.7632 ], [ 71.1038, 41.7679 ], [ 71.1077, 41.7669 ], [ 71.1121, 41.7693 ] ] } },
{ "type": "Feature", "properties": { "reach_id": "46217200371", "river_group": "Chatkal", "basin": "Syr Darya", "p_width_m": 42.0, "p_wse_m": 1766.05, "p_length_m": 10043.326, "n_overpasses": 83, "n_good_or_suspect": 13, "has_chart": true }, "geometry": { "type": "LineString", "coordinates": [ [ 71.1121, 41.7693 ], [ 71.1156, 41.7711 ], [ 71.1162, 41.7739 ], [ 71.1214, 41.7742 ], [ 71.1198, 41.778 ], [ 71.125, 41.7791 ], [ 71.1252, 41.7823 ], [ 71.1298, 41.7878 ], [ 71.1329, 41.7889 ], [ 71.1345, 41.7914 ], [ 71.1388, 41.7916 ], [ 71.1367, 41.7948 ], [ 71.1405, 41.7966 ], [ 71.1389, 41.799 ], [ 71.1425, 41.7992 ], [ 71.1458, 41.8034 ], [ 71.1504, 41.8029 ], [ 71.1527, 41.8057 ], [ 71.159, 41.8057 ], [ 71.1598, 41.8108 ], [ 71.1649, 41.8158 ], [ 71.1658, 41.8193 ], [ 71.1724, 41.8241 ] ] } },
{ "type": "Feature", "properties": { "reach_id": "46217200381", "river_group": "Chatkal", "basin": "Syr Darya", "p_width_m": 54.0, "p_wse_m": 1836.1001, "p_length_m": 10020.235, "n_overpasses": 85, "n_good_or_suspect": 32, "has_chart": true }, "geometry": { "type": "LineString", "coordinates": [ [ 71.1724, 41.8241 ], [ 71.1788, 41.8311 ], [ 71.1918, 41.8311 ], [ 71.202, 41.8345 ], [ 71.207, 41.8369 ], [ 71.2111, 41.8433 ], [ 71.2315, 41.8496 ], [ 71.2362, 41.8536 ], [ 71.2366, 41.8572 ], [ 71.2387, 41.8593 ], [ 71.2463, 41.86 ], [ 71.2544, 41.8646 ], [ 71.2604, 41.8721 ] ] } },
{ "type": "Feature", "properties": { "reach_id": "46217200391", "river_group": "Chatkal", "basin": "Syr Darya", "p_width_m": 55.5, "p_wse_m": 1950.925, "p_length_m": 17999.018, "n_overpasses": 106, "n_good_or_suspect": 65, "has_chart": true }, "geometry": { "type": "LineString", "coordinates": [ [ 71.2604, 41.8721 ], [ 71.2678, 41.8765 ], [ 71.2702, 41.8812 ], [ 71.2797, 41.8847 ], [ 71.2844, 41.8842 ], [ 71.2935, 41.888 ], [ 71.2952, 41.8925 ], [ 71.3065, 41.902 ], [ 71.3123, 41.9038 ], [ 71.3239, 41.9129 ], [ 71.3347, 41.9184 ], [ 71.3371, 41.9215 ], [ 71.3488, 41.9252 ], [ 71.3514, 41.9279 ], [ 71.3587, 41.9286 ], [ 71.3698, 41.9362 ], [ 71.3811, 41.9388 ], [ 71.3904, 41.9458 ], [ 71.3984, 41.9475 ], [ 71.4033, 41.9518 ], [ 71.4084, 41.9518 ], [ 71.4166, 41.9567 ], [ 71.4189, 41.9598 ], [ 71.4228, 41.9609 ] ] } },
{ "type": "Feature", "properties": { "reach_id": "46217200401", "river_group": "Chatkal", "basin": "Syr Darya", "p_width_m": 42.0, "p_wse_m": 2117.1501, "p_length_m": 17243.896, "n_overpasses": 0, "n_good_or_suspect": 0, "has_chart": false }, "geometry": { "type": "LineString", "coordinates": [ [ 71.4228, 41.9609 ], [ 71.4251, 41.9633 ], [ 71.4404, 41.9649 ], [ 71.4573, 41.9703 ], [ 71.4617, 41.976 ], [ 71.4677, 41.9786 ], [ 71.4707, 41.9819 ], [ 71.4772, 41.9824 ], [ 71.4915, 41.9954 ], [ 71.5031, 42.0027 ], [ 71.5074, 42.0085 ], [ 71.5151, 42.0131 ], [ 71.5191, 42.0138 ], [ 71.5362, 42.0256 ], [ 71.5431, 42.027 ], [ 71.545, 42.0293 ], [ 71.5576, 42.0343 ], [ 71.5737, 42.0383 ], [ 71.5797, 42.0437 ] ] } },
{ "type": "Feature", "properties": { "reach_id": "46217200416", "river_group": "Chatkal", "basin": "Syr Darya", "p_width_m": 39.0, "p_wse_m": 2218.65, "p_length_m": 217.85577, "n_overpasses": 0, "n_good_or_suspect": 0, "has_chart": false }, "geometry": { "type": "LineString", "coordinates": [ [ 71.5797, 42.0437 ], [ 71.5808, 42.0453 ] ] } },
{ "type": "Feature", "properties": { "reach_id": "46217200423", "river_group": "Pskem", "basin": "Aral Sea drainage (unclassified tributary)", "p_width_m": 254.0, "p_wse_m": 864.60004, "p_length_m": 16250.923, "n_overpasses": 0, "n_good_or_suspect": 0, "has_chart": false }, "geometry": { "type": "LineString", "coordinates": [ [ 70.033, 41.64 ], [ 70.0342, 41.6603 ], [ 70.0402, 41.6697 ], [ 70.0731, 41.691 ], [ 70.0812, 41.6992 ], [ 70.0939, 41.7035 ], [ 70.0987, 41.7094 ], [ 70.0978, 41.7132 ], [ 70.1013, 41.7162 ], [ 70.1118, 41.7192 ], [ 70.1205, 41.7191 ], [ 70.1357, 41.7247 ], [ 70.1406, 41.7309 ], [ 70.1451, 41.7335 ], [ 70.1451, 41.7357 ], [ 70.1488, 41.7394 ] ] } },
{ "type": "Feature", "properties": { "reach_id": "46217200433", "river_group": "Pskem", "basin": "Aral Sea drainage (unclassified tributary)", "p_width_m": 48.0, "p_wse_m": 895.35004, "p_length_m": 135.80357, "n_overpasses": 0, "n_good_or_suspect": 0, "has_chart": false }, "geometry": { "type": "LineString", "coordinates": [ [ 70.1488, 41.7394 ], [ 70.1501, 41.7405 ] ] } },
{ "type": "Feature", "properties": { "reach_id": "46217200441", "river_group": "Pskem", "basin": "Aral Sea drainage (unclassified tributary)", "p_width_m": 48.0, "p_wse_m": 936.5, "p_length_m": 10990.243, "n_overpasses": 83, "n_good_or_suspect": 69, "has_chart": true }, "geometry": { "type": "LineString", "coordinates": [ [ 70.1501, 41.7405 ], [ 70.1763, 41.7535 ], [ 70.1853, 41.7632 ], [ 70.1896, 41.7717 ], [ 70.2063, 41.774 ], [ 70.2185, 41.7801 ], [ 70.2225, 41.7853 ], [ 70.2304, 41.7869 ], [ 70.2369, 41.7906 ], [ 70.2396, 41.7925 ], [ 70.2407, 41.7998 ] ] } },
{ "type": "Feature", "properties": { "reach_id": "46217200451", "river_group": "Pskem", "basin": "Aral Sea drainage (unclassified tributary)", "p_width_m": 42.0, "p_wse_m": 1040.6, "p_length_m": 17376.498, "n_overpasses": 57, "n_good_or_suspect": 48, "has_chart": true }, "geometry": { "type": "LineString", "coordinates": [ [ 70.2407, 41.7998 ], [ 70.2435, 41.8041 ], [ 70.248, 41.8058 ], [ 70.2492, 41.8081 ], [ 70.2605, 41.8155 ], [ 70.2651, 41.8233 ], [ 70.284, 41.8337 ], [ 70.2942, 41.8366 ], [ 70.3078, 41.8481 ], [ 70.3191, 41.8543 ], [ 70.3223, 41.8611 ], [ 70.3273, 41.8652 ], [ 70.3335, 41.8664 ], [ 70.3394, 41.8725 ], [ 70.3395, 41.8765 ], [ 70.3446, 41.8832 ], [ 70.3445, 41.8851 ], [ 70.3509, 41.8863 ], [ 70.3525, 41.8891 ], [ 70.3556, 41.8905 ], [ 70.3595, 41.8907 ], [ 70.3649, 41.8984 ], [ 70.3687, 41.9003 ], [ 70.3681, 41.904 ], [ 70.3694, 41.9054 ] ] } },
{ "type": "Feature", "properties": { "reach_id": "46217200461", "river_group": "Pskem", "basin": "Aral Sea drainage (unclassified tributary)", "p_width_m": 42.0, "p_wse_m": 1188.8, "p_length_m": 10833.589, "n_overpasses": 80, "n_good_or_suspect": 53, "has_chart": true }, "geometry": { "type": "LineString", "coordinates": [ [ 70.3694, 41.9054 ], [ 70.3716, 41.9107 ], [ 70.3706, 41.9137 ], [ 70.3719, 41.9178 ], [ 70.3792, 41.9206 ], [ 70.3811, 41.9274 ], [ 70.3849, 41.9292 ], [ 70.3907, 41.9363 ], [ 70.3957, 41.9348 ], [ 70.4088, 41.9404 ], [ 70.4223, 41.9439 ], [ 70.4262, 41.9487 ], [ 70.4392, 41.9576 ], [ 70.4436, 41.9572 ], [ 70.4545, 41.9616 ] ] } },
{ "type": "Feature", "properties": { "reach_id": "46217200471", "river_group": "Pskem", "basin": "Aral Sea drainage (unclassified tributary)", "p_width_m": 42.0, "p_wse_m": 1320.05, "p_length_m": 10736.103, "n_overpasses": 80, "n_good_or_suspect": 33, "has_chart": true }, "geometry": { "type": "LineString", "coordinates": [ [ 70.4545, 41.9616 ], [ 70.4561, 41.9645 ], [ 70.463, 41.9669 ], [ 70.4712, 41.9642 ], [ 70.4751, 41.9673 ], [ 70.477, 41.9734 ], [ 70.4915, 41.9793 ], [ 70.5082, 41.979 ], [ 70.5201, 41.977 ], [ 70.527, 41.9786 ], [ 70.5347, 41.983 ], [ 70.5375, 41.9804 ], [ 70.5422, 41.9794 ], [ 70.5491, 41.9811 ], [ 70.5535, 41.9805 ], [ 70.5589, 41.9764 ] ] } },
{ "type": "Feature", "properties": { "reach_id": "46217200481", "river_group": "Pskem", "basin": "Aral Sea drainage (unclassified tributary)", "p_width_m": 42.0, "p_wse_m": 1488.7751, "p_length_m": 16073.537, "n_overpasses": 78, "n_good_or_suspect": 26, "has_chart": true }, "geometry": { "type": "LineString", "coordinates": [ [ 70.5589, 41.9764 ], [ 70.5606, 41.9747 ], [ 70.5773, 41.9763 ], [ 70.583, 41.9749 ], [ 70.5919, 41.9799 ], [ 70.5991, 41.9817 ], [ 70.6056, 41.9801 ], [ 70.6155, 41.9855 ], [ 70.6177, 41.985 ], [ 70.6232, 41.9875 ], [ 70.6309, 41.9944 ], [ 70.6451, 41.997 ], [ 70.6512, 42.0084 ], [ 70.6492, 42.0152 ], [ 70.6516, 42.0203 ], [ 70.6534, 42.0211 ], [ 70.6527, 42.0248 ], [ 70.6603, 42.0326 ], [ 70.6644, 42.0347 ], [ 70.6647, 42.0393 ], [ 70.6704, 42.0481 ], [ 70.6821, 42.0529 ] ] } },
{ "type": "Feature", "properties": { "reach_id": "46217200491", "river_group": "Pskem", "basin": "Aral Sea drainage (unclassified tributary)", "p_width_m": 42.0, "p_wse_m": 1760.55, "p_length_m": 8471.56, "n_overpasses": 50, "n_good_or_suspect": 11, "has_chart": true }, "geometry": { "type": "LineString", "coordinates": [ [ 70.6821, 42.0529 ], [ 70.6883, 42.0535 ], [ 70.6968, 42.0582 ], [ 70.6998, 42.0627 ], [ 70.7069, 42.0678 ], [ 70.71, 42.0753 ], [ 70.7153, 42.0809 ], [ 70.7162, 42.0842 ], [ 70.7147, 42.0866 ], [ 70.7163, 42.0931 ], [ 70.7133, 42.1031 ], [ 70.7231, 42.1061 ], [ 70.7285, 42.1053 ] ] } },
{ "type": "Feature", "properties": { "reach_id": "46217200501", "river_group": "Pskem", "basin": "Aral Sea drainage (unclassified tributary)", "p_width_m": 48.0, "p_wse_m": 2063.5, "p_length_m": 8465.27, "n_overpasses": 50, "n_good_or_suspect": 3, "has_chart": false }, "geometry": { "type": "LineString", "coordinates": [ [ 70.7285, 42.1053 ], [ 70.7423, 42.1081 ], [ 70.7547, 42.1076 ], [ 70.7615, 42.1142 ], [ 70.7715, 42.1137 ], [ 70.7799, 42.1195 ], [ 70.7847, 42.1263 ], [ 70.7894, 42.128 ], [ 70.7959, 42.1353 ], [ 70.8041, 42.1352 ], [ 70.8069, 42.1374 ] ] } },
{ "type": "Feature", "properties": { "reach_id": "46217200511", "river_group": "Pskem", "basin": "Aral Sea drainage (unclassified tributary)", "p_width_m": 42.0, "p_wse_m": 2131.3, "p_length_m": 8299.81, "n_overpasses": 50, "n_good_or_suspect": 2, "has_chart": false }, "geometry": { "type": "LineString", "coordinates": [ [ 70.8069, 42.1374 ], [ 70.8137, 42.1427 ], [ 70.8203, 42.1433 ], [ 70.8232, 42.1452 ], [ 70.8283, 42.1447 ], [ 70.8444, 42.1494 ], [ 70.848, 42.1515 ], [ 70.8501, 42.155 ], [ 70.8578, 42.1586 ], [ 70.8675, 42.1666 ], [ 70.8733, 42.1678 ], [ 70.8807, 42.1747 ], [ 70.8851, 42.1756 ] ] } },
{ "type": "Feature", "properties": { "reach_id": "46217200526", "river_group": "Pskem", "basin": "Aral Sea drainage (unclassified tributary)", "p_width_m": 42.0, "p_wse_m": 2174.7002, "p_length_m": 189.25461, "n_overpasses": 0, "n_good_or_suspect": 0, "has_chart": false }, "geometry": { "type": "LineString", "coordinates": [ [ 70.8851, 42.1756 ], [ 70.887, 42.1766 ] ] } },
{ "type": "Feature", "properties": { "reach_id": "46217300011", "river_group": "Syr Darya", "basin": "Syr Darya", "p_width_m": 129.0, "p_wse_m": 255.2, "p_length_m": 8929.276, "n_overpasses": 85, "n_good_or_suspect": 23, "has_chart": true }, "geometry": { "type": "LineString", "coordinates": [ [ 68.7068, 40.8984 ], [ 68.7111, 40.8936 ], [ 68.7193, 40.8919 ], [ 68.7226, 40.8882 ], [ 68.7148, 40.8768 ], [ 68.71, 40.8728 ], [ 68.7091, 40.8649 ], [ 68.7056, 40.8598 ], [ 68.7064, 40.8577 ], [ 68.7127, 40.8558 ], [ 68.7193, 40.8577 ], [ 68.7299, 40.8737 ] ] } },
{ "type": "Feature", "properties": { "reach_id": "46217300021", "river_group": "Syr Darya", "basin": "Syr Darya", "p_width_m": 150.0, "p_wse_m": 256.1, "p_length_m": 8926.6045, "n_overpasses": 84, "n_good_or_suspect": 24, "has_chart": true }, "geometry": { "type": "LineString", "coordinates": [ [ 68.7299, 40.8737 ], [ 68.7383, 40.8744 ], [ 68.7413, 40.8718 ], [ 68.7418, 40.8658 ], [ 68.7375, 40.8593 ], [ 68.7272, 40.8531 ], [ 68.7272, 40.8504 ], [ 68.7306, 40.8463 ], [ 68.7377, 40.8448 ], [ 68.7469, 40.8494 ], [ 68.7526, 40.8504 ], [ 68.759, 40.8474 ], [ 68.7645, 40.8389 ], [ 68.7704, 40.8375 ] ] } },
{ "type": "Feature", "properties": { "reach_id": "46217300041", "river_group": "Syr Darya", "basin": "Syr Darya", "p_width_m": 150.0, "p_wse_m": 259.1, "p_length_m": 8937.565, "n_overpasses": 84, "n_good_or_suspect": 57, "has_chart": true }, "geometry": { "type": "LineString", "coordinates": [ [ 68.7704, 40.8375 ], [ 68.7911, 40.8316 ], [ 68.7968, 40.8254 ], [ 68.805, 40.821 ], [ 68.8224, 40.819 ], [ 68.8274, 40.8171 ], [ 68.8303, 40.8146 ], [ 68.8303, 40.8122 ], [ 68.8272, 40.8041 ], [ 68.8272, 40.7976 ], [ 68.8308, 40.7925 ], [ 68.8349, 40.7909 ] ] } },
{ "type": "Feature", "properties": { "reach_id": "46217300051", "river_group": "Syr Darya", "basin": "Syr Darya", "p_width_m": 42.0, "p_wse_m": 262.2, "p_length_m": 3590.71, "n_overpasses": 0, "n_good_or_suspect": 0, "has_chart": false }, "geometry": { "type": "LineString", "coordinates": [ [ 68.8349, 40.7909 ], [ 68.8381, 40.7939 ], [ 68.8441, 40.796 ], [ 68.846, 40.7991 ], [ 68.8497, 40.7972 ], [ 68.8515, 40.8009 ], [ 68.8555, 40.8041 ], [ 68.8608, 40.8043 ], [ 68.8614, 40.8082 ] ] } },
{ "type": "Feature", "properties": { "reach_id": "46217400071", "river_group": "Ohangaron", "basin": "Syr Darya", "p_width_m": 42.0, "p_wse_m": 268.1, "p_length_m": 8692.796, "n_overpasses": 82, "n_good_or_suspect": 27, "has_chart": true }, "geometry": { "type": "LineString", "coordinates": [ [ 68.8614, 40.8082 ], [ 68.8641, 40.8096 ], [ 68.8701, 40.8092 ], [ 68.8747, 40.8136 ], [ 68.8833, 40.8155 ], [ 68.8868, 40.8142 ], [ 68.89, 40.81 ], [ 68.8961, 40.8174 ], [ 68.9011, 40.8134 ], [ 68.9089, 40.8181 ], [ 68.9153, 40.8168 ], [ 68.9173, 40.8185 ], [ 68.9147, 40.822 ], [ 68.918, 40.8224 ], [ 68.9202, 40.825 ], [ 68.9249, 40.8242 ], [ 68.9306, 40.8268 ] ] } },
{ "type": "Feature", "properties": { "reach_id": "46217400081", "river_group": "Ohangaron", "basin": "Syr Darya", "p_width_m": 42.0, "p_wse_m": 280.2, "p_length_m": 8667.542, "n_overpasses": 0, "n_good_or_suspect": 0, "has_chart": false }, "geometry": { "type": "LineString", "coordinates": [ [ 68.9306, 40.8268 ], [ 68.934, 40.8334 ], [ 68.9285, 40.8372 ], [ 68.9325, 40.8404 ], [ 68.9313, 40.8437 ], [ 68.9414, 40.8505 ], [ 68.9437, 40.8538 ], [ 68.954, 40.8558 ], [ 68.9572, 40.8545 ], [ 68.9665, 40.8633 ], [ 68.9708, 40.861 ], [ 68.9729, 40.8631 ], [ 68.9779, 40.8603 ], [ 68.9829, 40.8626 ], [ 68.9864, 40.861 ] ] } },
{ "type": "Feature", "properties": { "reach_id": "46217400091", "river_group": "Ohangaron", "basin": "Syr Darya", "p_width_m": 42.0, "p_wse_m": 290.30002, "p_length_m": 8696.686, "n_overpasses": 82, "n_good_or_suspect": 13, "has_chart": true }, "geometry": { "type": "LineString", "coordinates": [ [ 68.9864, 40.861 ], [ 68.99, 40.8596 ], [ 68.9978, 40.8643 ], [ 69.0031, 40.8635 ], [ 69.0103, 40.8655 ], [ 69.0243, 40.8828 ], [ 69.0302, 40.8831 ], [ 69.0334, 40.8859 ], [ 69.042, 40.8888 ], [ 69.0487, 40.8937 ], [ 69.0546, 40.901 ], [ 69.0594, 40.9035 ] ] } },
{ "type": "Feature", "properties": { "reach_id": "46217400104", "river_group": "Ohangaron", "basin": "Syr Darya", "p_width_m": 51.0, "p_wse_m": 299.1, "p_length_m": 568.78656, "n_overpasses": 0, "n_good_or_suspect": 0, "has_chart": false }, "geometry": { "type": "LineString", "coordinates": [ [ 69.0594, 40.9035 ], [ 69.0648, 40.9066 ] ] } },
{ "type": "Feature", "properties": { "reach_id": "46217400111", "river_group": "Ohangaron", "basin": "Syr Darya", "p_width_m": 48.0, "p_wse_m": 307.1, "p_length_m": 5781.0527, "n_overpasses": 0, "n_good_or_suspect": 0, "has_chart": false }, "geometry": { "type": "LineString", "coordinates": [ [ 69.0648, 40.9066 ], [ 69.0726, 40.9116 ], [ 69.0829, 40.9142 ], [ 69.0874, 40.9185 ], [ 69.0887, 40.9235 ], [ 69.0958, 40.9267 ], [ 69.0985, 40.932 ], [ 69.1033, 40.9335 ], [ 69.1104, 40.9396 ] ] } },
{ "type": "Feature", "properties": { "reach_id": "46217400121", "river_group": "Ohangaron", "basin": "Syr Darya", "p_width_m": 54.0, "p_wse_m": 323.6, "p_length_m": 8974.402, "n_overpasses": 0, "n_good_or_suspect": 0, "has_chart": false }, "geometry": { "type": "LineString", "coordinates": [ [ 69.1104, 40.9396 ], [ 69.1247, 40.9493 ], [ 69.1262, 40.9523 ], [ 69.1343, 40.9539 ], [ 69.14, 40.9594 ], [ 69.1518, 40.9594 ], [ 69.154, 40.9622 ], [ 69.1657, 40.965 ], [ 69.1679, 40.9684 ], [ 69.1729, 40.9688 ], [ 69.1757, 40.9712 ], [ 69.1789, 40.9709 ], [ 69.1814, 40.9732 ], [ 69.1931, 40.9773 ] ] } },
{ "type": "Feature", "properties": { "reach_id": "46217400134", "river_group": "Ohangaron", "basin": "Syr Darya", "p_width_m": 42.0, "p_wse_m": 333.9, "p_length_m": 367.357, "n_overpasses": 0, "n_good_or_suspect": 0, "has_chart": false }, "geometry": { "type": "LineString", "coordinates": [ [ 69.1931, 40.9773 ], [ 69.1968, 40.9797 ] ] } },
{ "type": "Feature", "properties": { "reach_id": "46217400141", "river_group": "Ohangaron", "basin": "Syr Darya", "p_width_m": 42.0, "p_wse_m": 343.95, "p_length_m": 8768.449, "n_overpasses": 0, "n_good_or_suspect": 0, "has_chart": false }, "geometry": { "type": "LineString", "coordinates": [ [ 69.1968, 40.9797 ], [ 69.2021, 40.9838 ], [ 69.2064, 40.9844 ], [ 69.2118, 40.99 ], [ 69.2204, 40.9918 ], [ 69.2264, 40.9964 ], [ 69.2307, 40.9952 ], [ 69.2346, 40.9968 ], [ 69.2407, 40.994 ], [ 69.2468, 40.9958 ], [ 69.251, 40.9924 ], [ 69.2664, 40.9958 ], [ 69.2842, 40.9923 ] ] } },
{ "type": "Feature", "properties": { "reach_id": "46217400154", "river_group": "Ohangaron", "basin": "Syr Darya", "p_width_m": 63.0, "p_wse_m": 358.6, "p_length_m": 947.28534, "n_overpasses": 0, "n_good_or_suspect": 0, "has_chart": false }, "geometry": { "type": "LineString", "coordinates": [ [ 69.2842, 40.9923 ], [ 69.2953, 40.9902 ] ] } },
{ "type": "Feature", "properties": { "reach_id": "46217400164", "river_group": "Ohangaron", "basin": "Syr Darya", "p_width_m": 42.0, "p_wse_m": 364.40002, "p_length_m": 398.59604, "n_overpasses": 0, "n_good_or_suspect": 0, "has_chart": false }, "geometry": { "type": "LineString", "coordinates": [ [ 69.2953, 40.9902 ], [ 69.2983, 40.9898 ], [ 69.2985, 40.9884 ] ] } },
{ "type": "Feature", "properties": { "reach_id": "46217400173", "river_group": "Ohangaron", "basin": "Syr Darya", "p_width_m": 1357.5, "p_wse_m": 390.1, "p_length_m": 6692.657, "n_overpasses": 0, "n_good_or_suspect": 0, "has_chart": false }, "geometry": { "type": "LineString", "coordinates": [ [ 69.2985, 40.9884 ], [ 69.2991, 40.982 ], [ 69.3084, 40.9779 ], [ 69.3149, 40.9711 ], [ 69.322, 40.9578 ], [ 69.3321, 40.9505 ], [ 69.3316, 40.9424 ], [ 69.3357, 40.9413 ] ] } },
{ "type": "Feature", "properties": { "reach_id": "46217400181", "river_group": "Ohangaron", "basin": "Syr Darya", "p_width_m": 42.0, "p_wse_m": 408.80002, "p_length_m": 16168.859, "n_overpasses": 54, "n_good_or_suspect": 29, "has_chart": true }, "geometry": { "type": "LineString", "coordinates": [ [ 69.3357, 40.9413 ], [ 69.3442, 40.943 ], [ 69.345, 40.9479 ], [ 69.3488, 40.9487 ], [ 69.3518, 40.9519 ], [ 69.3571, 40.952 ], [ 69.3579, 40.9545 ], [ 69.3606, 40.9561 ], [ 69.3608, 40.9601 ], [ 69.3714, 40.9655 ], [ 69.3828, 40.9609 ], [ 69.386, 40.961 ], [ 69.3889, 40.9572 ], [ 69.397, 40.9539 ], [ 69.4212, 40.9501 ], [ 69.4168, 40.96 ], [ 69.4109, 40.9651 ], [ 69.4086, 40.9754 ], [ 69.4115, 40.9802 ], [ 69.4116, 40.9862 ], [ 69.4212, 40.9899 ], [ 69.4252, 41.001 ] ] } },
{ "type": "Feature", "properties": { "reach_id": "46217500011", "river_group": "Syr Darya", "basin": "Syr Darya", "p_width_m": 169.0, "p_wse_m": 260.1, "p_length_m": 14303.454, "n_overpasses": 112, "n_good_or_suspect": 36, "has_chart": true }, "geometry": { "type": "LineString", "coordinates": [ [ 68.8349, 40.7909 ], [ 68.8449, 40.7917 ], [ 68.8655, 40.7886 ], [ 68.8741, 40.7857 ], [ 68.883, 40.7804 ], [ 68.8947, 40.7699 ], [ 68.8989, 40.7528 ], [ 68.9071, 40.7399 ], [ 68.9065, 40.7285 ], [ 68.9096, 40.7201 ], [ 68.9141, 40.7159 ], [ 68.9204, 40.7137 ], [ 68.9364, 40.7145 ] ] } },
{ "type": "Feature", "properties": { "reach_id": "46217500021", "river_group": "Syr Darya", "basin": "Syr Darya", "p_width_m": 155.0, "p_wse_m": 264.4, "p_length_m": 10503.475, "n_overpasses": 112, "n_good_or_suspect": 30, "has_chart": true }, "geometry": { "type": "LineString", "coordinates": [ [ 68.9364, 40.7145 ], [ 68.9511, 40.7094 ], [ 68.9511, 40.6991 ], [ 68.9585, 40.6921 ], [ 68.9639, 40.684 ], [ 68.9629, 40.6808 ], [ 68.9552, 40.6785 ], [ 68.9525, 40.6745 ], [ 68.9574, 40.6683 ], [ 68.9623, 40.6656 ], [ 68.9662, 40.6655 ], [ 68.9776, 40.6667 ], [ 68.9886, 40.6709 ], [ 68.9957, 40.6711 ] ] } },
{ "type": "Feature", "properties": { "reach_id": "46217500031", "river_group": "Syr Darya", "basin": "Syr Darya", "p_width_m": 161.0, "p_wse_m": 264.5, "p_length_m": 10507.249, "n_overpasses": 110, "n_good_or_suspect": 35, "has_chart": true }, "geometry": { "type": "LineString", "coordinates": [ [ 68.9957, 40.6711 ], [ 69.0028, 40.6699 ], [ 69.006, 40.665 ], [ 69.0021, 40.6582 ], [ 68.9872, 40.648 ], [ 68.987, 40.6456 ], [ 68.9897, 40.643 ], [ 69.0109, 40.6417 ], [ 69.0365, 40.6477 ], [ 69.0571, 40.6407 ] ] } },
{ "type": "Feature", "properties": { "reach_id": "46217500041", "river_group": "Syr Darya", "basin": "Syr Darya", "p_width_m": 159.0, "p_wse_m": 267.4, "p_length_m": 10487.505, "n_overpasses": 82, "n_good_or_suspect": 30, "has_chart": true }, "geometry": { "type": "LineString", "coordinates": [ [ 69.0571, 40.6407 ], [ 69.0612, 40.6375 ], [ 69.0616, 40.635 ], [ 69.0524, 40.6283 ], [ 69.0522, 40.6242 ], [ 69.0638, 40.618 ], [ 69.0719, 40.609 ], [ 69.0836, 40.6064 ], [ 69.0904, 40.5999 ], [ 69.0861, 40.592 ], [ 69.0694, 40.5857 ], [ 69.0607, 40.578 ] ] } },
{ "type": "Feature", "properties": { "reach_id": "46217500051", "river_group": "Syr Darya", "basin": "Syr Darya", "p_width_m": 121.0, "p_wse_m": 268.4, "p_length_m": 10484.221, "n_overpasses": 82, "n_good_or_suspect": 32, "has_chart": true }, "geometry": { "type": "LineString", "coordinates": [ [ 69.0607, 40.578 ], [ 69.06, 40.5742 ], [ 69.063, 40.5712 ], [ 69.0744, 40.5711 ], [ 69.0761, 40.5726 ], [ 69.0757, 40.5804 ], [ 69.0801, 40.5853 ], [ 69.084, 40.5862 ], [ 69.0987, 40.5766 ], [ 69.1028, 40.565 ], [ 69.1009, 40.5621 ], [ 69.0949, 40.5623 ], [ 69.0907, 40.5688 ], [ 69.0854, 40.5713 ], [ 69.0773, 40.5699 ], [ 69.077, 40.5656 ] ] } },
{ "type": "Feature", "properties": { "reach_id": "46217500061", "river_group": "Syr Darya", "basin": "Syr Darya", "p_width_m": 175.0, "p_wse_m": 270.30002, "p_length_m": 10507.025, "n_overpasses": 82, "n_good_or_suspect": 36, "has_chart": true }, "geometry": { "type": "LineString", "coordinates": [ [ 69.077, 40.5656 ], [ 69.0814, 40.5572 ], [ 69.0808, 40.5207 ], [ 69.077, 40.5121 ], [ 69.0665, 40.5053 ], [ 69.0656, 40.5031 ], [ 69.0708, 40.5015 ], [ 69.0831, 40.5028 ], [ 69.0973, 40.5087 ] ] } },
{ "type": "Feature", "properties": { "reach_id": "46217500071", "river_group": "Syr Darya", "basin": "Syr Darya", "p_width_m": 155.5, "p_wse_m": 272.2, "p_length_m": 14623.874, "n_overpasses": 82, "n_good_or_suspect": 26, "has_chart": true }, "geometry": { "type": "LineString", "coordinates": [ [ 69.0973, 40.5087 ], [ 69.1062, 40.5042 ], [ 69.108, 40.5004 ], [ 69.1074, 40.4974 ], [ 69.1023, 40.4946 ], [ 69.0884, 40.4923 ], [ 69.0851, 40.4888 ], [ 69.0848, 40.4829 ], [ 69.1034, 40.4723 ], [ 69.1026, 40.4645 ], [ 69.1039, 40.4601 ], [ 69.1059, 40.4555 ], [ 69.1148, 40.4488 ], [ 69.1184, 40.4315 ], [ 69.1103, 40.4201 ], [ 69.0963, 40.412 ] ] } },
{ "type": "Feature", "properties": { "reach_id": "46217500081", "river_group": "Syr Darya", "basin": "Syr Darya", "p_width_m": 141.0, "p_wse_m": 273.80002, "p_length_m": 9537.401, "n_overpasses": 81, "n_good_or_suspect": 37, "has_chart": true }, "geometry": { "type": "LineString", "coordinates": [ [ 69.0963, 40.412 ], [ 69.0882, 40.4015 ], [ 69.0887, 40.3985 ], [ 69.0926, 40.3955 ], [ 69.0991, 40.3955 ], [ 69.1042, 40.402 ], [ 69.1148, 40.4026 ], [ 69.13, 40.3952 ], [ 69.1396, 40.3938 ], [ 69.1418, 40.3917 ], [ 69.1415, 40.3869 ], [ 69.1353, 40.3817 ], [ 69.124, 40.3805 ] ] } },
{ "type": "Feature", "properties": { "reach_id": "46217500091", "river_group": "Syr Darya", "basin": "Syr Darya", "p_width_m": 165.0, "p_wse_m": 276.7, "p_length_m": 9547.262, "n_overpasses": 82, "n_good_or_suspect": 39, "has_chart": true }, "geometry": { "type": "LineString", "coordinates": [ [ 69.124, 40.3805 ], [ 69.1098, 40.3745 ], [ 69.1052, 40.3699 ], [ 69.1068, 40.3675 ], [ 69.1105, 40.3668 ], [ 69.1279, 40.3714 ], [ 69.1371, 40.365 ], [ 69.1367, 40.362 ], [ 69.1335, 40.3589 ], [ 69.1191, 40.3553 ], [ 69.1155, 40.3436 ], [ 69.12, 40.3384 ] ] } },
{ "type": "Feature", "properties": { "reach_id": "46217500101", "river_group": "Syr Darya", "basin": "Syr Darya", "p_width_m": 138.0, "p_wse_m": 277.9, "p_length_m": 9596.108, "n_overpasses": 79, "n_good_or_suspect": 34, "has_chart": true }, "geometry": { "type": "LineString", "coordinates": [ [ 69.12, 40.3384 ], [ 69.1308, 40.3315 ], [ 69.1353, 40.3239 ], [ 69.1339, 40.3209 ], [ 69.1271, 40.3189 ], [ 69.1158, 40.3236 ], [ 69.1115, 40.3233 ], [ 69.0974, 40.3131 ], [ 69.0982, 40.3109 ], [ 69.1023, 40.3085 ], [ 69.1182, 40.3034 ], [ 69.1221, 40.3001 ], [ 69.1224, 40.295 ] ] } },
{ "type": "Feature", "properties": { "reach_id": "46217500111", "river_group": "Syr Darya", "basin": "Syr Darya", "p_width_m": 84.0, "p_wse_m": 285.30002, "p_length_m": 3879.013, "n_overpasses": 53, "n_good_or_suspect": 39, "has_chart": true }, "geometry": { "type": "LineString", "coordinates": [ [ 69.1224, 40.295 ], [ 69.12, 40.2927 ], [ 69.12, 40.2905 ], [ 69.1277, 40.2846 ], [ 69.1266, 40.2781 ], [ 69.1342, 40.2715 ], [ 69.1339, 40.2652 ] ] } },
{ "type": "Feature", "properties": { "reach_id": "46217500124", "river_group": "Syr Darya", "basin": "Syr Darya", "p_width_m": 101.0, "p_wse_m": 286.15002, "p_length_m": 397.59906, "n_overpasses": 0, "n_good_or_suspect": 0, "has_chart": false }, "geometry": { "type": "LineString", "coordinates": [ [ 69.1339, 40.2652 ], [ 69.1323, 40.2617 ] ] } },
{ "type": "Feature", "properties": { "reach_id": "46217500131", "river_group": "Syr Darya", "basin": "Syr Darya", "p_width_m": 127.0, "p_wse_m": 287.2, "p_length_m": 5065.279, "n_overpasses": 54, "n_good_or_suspect": 35, "has_chart": true }, "geometry": { "type": "LineString", "coordinates": [ [ 69.1323, 40.2617 ], [ 69.141, 40.2414 ], [ 69.1548, 40.2306 ], [ 69.16, 40.2228 ] ] } },
{ "type": "Feature", "properties": { "reach_id": "46217500144", "river_group": "Syr Darya", "basin": "Syr Darya", "p_width_m": 93.0, "p_wse_m": 314.30002, "p_length_m": 398.4106, "n_overpasses": 0, "n_good_or_suspect": 0, "has_chart": false }, "geometry": { "type": "LineString", "coordinates": [ [ 69.16, 40.2228 ], [ 69.1607, 40.219 ] ] } },
{ "type": "Feature", "properties": { "reach_id": "46217500151", "river_group": "Syr Darya", "basin": "Syr Darya", "p_width_m": 84.0, "p_wse_m": 314.80002, "p_length_m": 13379.958, "n_overpasses": 53, "n_good_or_suspect": 22, "has_chart": true }, "geometry": { "type": "LineString", "coordinates": [ [ 69.1607, 40.219 ], [ 69.1632, 40.2149 ], [ 69.1692, 40.2117 ], [ 69.1981, 40.215 ], [ 69.2308, 40.2081 ], [ 69.2467, 40.2082 ], [ 69.2618, 40.2005 ], [ 69.2728, 40.202 ], [ 69.2784, 40.2002 ], [ 69.3016, 40.1885 ] ] } },
{ "type": "Feature", "properties": { "reach_id": "46217500174", "river_group": "Syr Darya", "basin": "Syr Darya", "p_width_m": 146.0, "p_wse_m": 315.9, "p_length_m": 403.08588, "n_overpasses": 0, "n_good_or_suspect": 0, "has_chart": false }, "geometry": { "type": "LineString", "coordinates": [ [ 69.3016, 40.1885 ], [ 69.3062, 40.1914 ] ] } },
{ "type": "Feature", "properties": { "reach_id": "46217500181", "river_group": "Syr Darya", "basin": "Syr Darya", "p_width_m": 279.0, "p_wse_m": 316.7, "p_length_m": 3400.937, "n_overpasses": 54, "n_good_or_suspect": 30, "has_chart": true }, "geometry": { "type": "LineString", "coordinates": [ [ 69.3062, 40.1914 ], [ 69.3221, 40.1884 ], [ 69.3436, 40.1945 ] ] } },
{ "type": "Feature", "properties": { "reach_id": "46217500191", "river_group": "Syr Darya", "basin": "Syr Darya", "p_width_m": 342.0, "p_wse_m": 317.80002, "p_length_m": 18842.98, "n_overpasses": 0, "n_good_or_suspect": 0, "has_chart": false }, "geometry": { "type": "LineString", "coordinates": [ [ 69.3436, 40.1945 ], [ 69.3658, 40.2027 ], [ 69.381, 40.2031 ], [ 69.4142, 40.2127 ], [ 69.4213, 40.2157 ], [ 69.4368, 40.2271 ], [ 69.4446, 40.2297 ], [ 69.4527, 40.2295 ], [ 69.4573, 40.2278 ], [ 69.4707, 40.2294 ], [ 69.5018, 40.2374 ], [ 69.5251, 40.2394 ], [ 69.5378, 40.246 ], [ 69.547, 40.2473 ] ] } },
{ "type": "Feature", "properties": { "reach_id": "46217500201", "river_group": "Syr Darya", "basin": "Syr Darya", "p_width_m": 277.0, "p_wse_m": 320.75, "p_length_m": 11229.393, "n_overpasses": 51, "n_good_or_suspect": 18, "has_chart": true }, "geometry": { "type": "LineString", "coordinates": [ [ 69.547, 40.2473 ], [ 69.564, 40.2509 ], [ 69.5837, 40.2636 ], [ 69.597, 40.2784 ], [ 69.5975, 40.2878 ], [ 69.5996, 40.2911 ], [ 69.6162, 40.2892 ], [ 69.63, 40.2944 ], [ 69.6445, 40.2941 ] ] } },
{ "type": "Feature", "properties": { "reach_id": "46217500211", "river_group": "Syr Darya", "basin": "Syr Darya", "p_width_m": 408.0, "p_wse_m": 321.6, "p_length_m": 12316.02, "n_overpasses": 0, "n_good_or_suspect": 0, "has_chart": false }, "geometry": { "type": "LineString", "coordinates": [ [ 69.6445, 40.2941 ], [ 69.6576, 40.3041 ], [ 69.6601, 40.3032 ], [ 69.6612, 40.2991 ], [ 69.665, 40.2958 ], [ 69.6822, 40.2932 ], [ 69.6929, 40.297 ], [ 69.7045, 40.2967 ], [ 69.7109, 40.2996 ], [ 69.7208, 40.3 ], [ 69.7324, 40.2956 ], [ 69.7444, 40.2937 ], [ 69.7495, 40.285 ], [ 69.759, 40.2764 ] ] } },
{ "type": "Feature", "properties": { "reach_id": "46217500221", "river_group": "Syr Darya", "basin": "Syr Darya", "p_width_m": 257.0, "p_wse_m": 323.6, "p_length_m": 10400.425, "n_overpasses": 50, "n_good_or_suspect": 15, "has_chart": true }, "geometry": { "type": "LineString", "coordinates": [ [ 69.759, 40.2764 ], [ 69.7738, 40.2722 ], [ 69.7821, 40.273 ], [ 69.7867, 40.2807 ], [ 69.7787, 40.2878 ], [ 69.7769, 40.2916 ], [ 69.7822, 40.2992 ], [ 69.7917, 40.3018 ], [ 69.8006, 40.3013 ], [ 69.8046, 40.2993 ], [ 69.8043, 40.2847 ], [ 69.8133, 40.2767 ] ] } },
{ "type": "Feature", "properties": { "reach_id": "46217500234", "river_group": "Syr Darya", "basin": "Syr Darya", "p_width_m": 138.0, "p_wse_m": 344.25, "p_length_m": 396.4538, "n_overpasses": 0, "n_good_or_suspect": 0, "has_chart": false }, "geometry": { "type": "LineString", "coordinates": [ [ 69.8133, 40.2767 ], [ 69.8179, 40.2755 ] ] } },
{ "type": "Feature", "properties": { "reach_id": "46217500243", "river_group": "Syr Darya", "basin": "Syr Darya", "p_width_m": 7833.0, "p_wse_m": 344.5, "p_length_m": 9749.711, "n_overpasses": 0, "n_good_or_suspect": 0, "has_chart": false }, "geometry": { "type": "LineString", "coordinates": [ [ 69.8179, 40.2755 ], [ 69.8232, 40.2778 ], [ 69.8345, 40.2744 ], [ 69.8418, 40.2677 ], [ 69.8445, 40.2615 ], [ 69.8551, 40.2609 ], [ 69.8769, 40.2565 ], [ 69.9186, 40.2608 ] ] } },
{ "type": "Feature", "properties": { "reach_id": "46217500253", "river_group": "Syr Darya", "basin": "Syr Darya", "p_width_m": 8008.0, "p_wse_m": 344.5, "p_length_m": 9757.402, "n_overpasses": 0, "n_good_or_suspect": 0, "has_chart": false }, "geometry": { "type": "LineString", "coordinates": [ [ 69.9186, 40.2608 ], [ 69.9887, 40.2794 ], [ 70.0071, 40.2817 ], [ 70.017, 40.2808 ], [ 70.028, 40.2843 ] ] } },
{ "type": "Feature", "properties": { "reach_id": "46217500263", "river_group": "Syr Darya", "basin": "Syr Darya", "p_width_m": 9076.5, "p_wse_m": 344.5, "p_length_m": 9803.963, "n_overpasses": 0, "n_good_or_suspect": 0, "has_chart": false }, "geometry": { "type": "LineString", "coordinates": [ [ 70.028, 40.2843 ], [ 70.0667, 40.2965 ], [ 70.0935, 40.2983 ], [ 70.1368, 40.3105 ] ] } },
{ "type": "Feature", "properties": { "reach_id": "46217500273", "river_group": "Syr Darya", "basin": "Syr Darya", "p_width_m": 9776.997, "p_wse_m": 344.5, "p_length_m": 6885.8135, "n_overpasses": 0, "n_good_or_suspect": 0, "has_chart": false }, "geometry": { "type": "LineString", "coordinates": [ [ 70.1368, 40.3105 ], [ 70.1908, 40.3242 ], [ 70.2139, 40.3181 ] ] } },
{ "type": "Feature", "properties": { "reach_id": "46217500291", "river_group": "Syr Darya", "basin": "Syr Darya", "p_width_m": 150.0, "p_wse_m": 344.5, "p_length_m": 9212.683, "n_overpasses": 26, "n_good_or_suspect": 0, "has_chart": false }, "geometry": { "type": "LineString", "coordinates": [ [ 70.2139, 40.3181 ], [ 70.2246, 40.3275 ], [ 70.2386, 40.3361 ], [ 70.2542, 40.3428 ], [ 70.2666, 40.3438 ], [ 70.2766, 40.3469 ], [ 70.2835, 40.3552 ], [ 70.284, 40.3652 ], [ 70.2879, 40.3687 ] ] } },
{ "type": "Feature", "properties": { "reach_id": "46217500301", "river_group": "Syr Darya", "basin": "Syr Darya", "p_width_m": 120.0, "p_wse_m": 345.9, "p_length_m": 9189.745, "n_overpasses": 26, "n_good_or_suspect": 9, "has_chart": true }, "geometry": { "type": "LineString", "coordinates": [ [ 70.2879, 40.3687 ], [ 70.2997, 40.3724 ], [ 70.3071, 40.3798 ], [ 70.3102, 40.3895 ], [ 70.3134, 40.3933 ], [ 70.3126, 40.3998 ], [ 70.3209, 40.4078 ], [ 70.328, 40.412 ], [ 70.3361, 40.4121 ], [ 70.3406, 40.414 ], [ 70.34, 40.4197 ], [ 70.3362, 40.4281 ] ] } },
{ "type": "Feature", "properties": { "reach_id": "46217500311", "river_group": "Syr Darya", "basin": "Syr Darya", "p_width_m": 208.0, "p_wse_m": 347.7, "p_length_m": 9244.521, "n_overpasses": 46, "n_good_or_suspect": 26, "has_chart": true }, "geometry": { "type": "LineString", "coordinates": [ [ 70.3362, 40.4281 ], [ 70.3339, 40.4368 ], [ 70.3235, 40.4472 ], [ 70.3237, 40.4507 ], [ 70.3292, 40.4571 ], [ 70.3667, 40.4731 ], [ 70.3876, 40.4756 ] ] } },
{ "type": "Feature", "properties": { "reach_id": "46217500321", "river_group": "Syr Darya", "basin": "Syr Darya", "p_width_m": 243.0, "p_wse_m": 351.0, "p_length_m": 18733.42, "n_overpasses": 0, "n_good_or_suspect": 0, "has_chart": false }, "geometry": { "type": "LineString", "coordinates": [ [ 70.3876, 40.4756 ], [ 70.4055, 40.4846 ], [ 70.4201, 40.4886 ], [ 70.4283, 40.489 ], [ 70.4486, 40.4978 ], [ 70.482, 40.5008 ], [ 70.493, 40.5132 ], [ 70.4958, 40.5224 ], [ 70.5046, 40.5301 ], [ 70.5053, 40.5388 ], [ 70.5117, 40.5487 ], [ 70.5285, 40.5552 ], [ 70.5466, 40.5544 ], [ 70.5544, 40.5563 ] ] } },
{ "type": "Feature", "properties": { "reach_id": "46217500331", "river_group": "Syr Darya", "basin": "Syr Darya", "p_width_m": 219.0, "p_wse_m": 354.9, "p_length_m": 18308.533, "n_overpasses": 0, "n_good_or_suspect": 0, "has_chart": false }, "geometry": { "type": "LineString", "coordinates": [ [ 70.5544, 40.5563 ], [ 70.5623, 40.5603 ], [ 70.573, 40.5635 ], [ 70.5804, 40.5634 ], [ 70.5891, 40.5671 ], [ 70.5979, 40.5772 ], [ 70.6092, 40.5963 ], [ 70.6278, 40.6179 ], [ 70.6405, 40.6267 ], [ 70.6533, 40.6296 ], [ 70.6663, 40.6365 ], [ 70.6725, 40.644 ], [ 70.68, 40.6456 ], [ 70.7045, 40.6628 ] ] } },
{ "type": "Feature", "properties": { "reach_id": "46217500341", "river_group": "Syr Darya", "basin": "Syr Darya", "p_width_m": 170.0, "p_wse_m": 357.30002, "p_length_m": 2944.5789, "n_overpasses": 0, "n_good_or_suspect": 0, "has_chart": false }, "geometry": { "type": "LineString", "coordinates": [ [ 70.7045, 40.6628 ], [ 70.7134, 40.6642 ], [ 70.7201, 40.6606 ], [ 70.7242, 40.6556 ], [ 70.7277, 40.6548 ], [ 70.7329, 40.6562 ] ] } },
{ "type": "Feature", "properties": { "reach_id": "46217500351", "river_group": "Syr Darya", "basin": "Syr Darya", "p_width_m": 170.0, "p_wse_m": 357.30002, "p_length_m": 8778.297, "n_overpasses": 0, "n_good_or_suspect": 0, "has_chart": false }, "geometry": { "type": "LineString", "coordinates": [ [ 70.7328, 40.6564 ], [ 70.7361, 40.659 ], [ 70.737, 40.6647 ], [ 70.7306, 40.6753 ], [ 70.7293, 40.6829 ], [ 70.7311, 40.6868 ], [ 70.7375, 40.6876 ], [ 70.7522, 40.6825 ], [ 70.7626, 40.6842 ], [ 70.7668, 40.6885 ], [ 70.7724, 40.7025 ] ] } },
{ "type": "Feature", "properties": { "reach_id": "46217500361", "river_group": "Syr Darya", "basin": "Syr Darya", "p_width_m": 218.0, "p_wse_m": 359.2, "p_length_m": 11787.911, "n_overpasses": 0, "n_good_or_suspect": 0, "has_chart": false }, "geometry": { "type": "LineString", "coordinates": [ [ 70.7724, 40.7025 ], [ 70.7749, 40.7136 ], [ 70.7767, 40.7167 ], [ 70.7798, 40.7181 ], [ 70.8155, 40.7228 ], [ 70.8252, 40.7276 ], [ 70.8288, 40.7313 ], [ 70.8349, 40.733 ], [ 70.841, 40.7327 ], [ 70.8472, 40.7284 ], [ 70.8525, 40.7275 ], [ 70.8732, 40.7295 ], [ 70.8865, 40.7338 ] ] } },
{ "type": "Feature", "properties": { "reach_id": "46217500434", "river_group": "Sokh", "basin": "Syr Darya", "p_width_m": 117.0, "p_wse_m": 576.4, "p_length_m": 217.51683, "n_overpasses": 0, "n_good_or_suspect": 0, "has_chart": false }, "geometry": { "type": "LineString", "coordinates": [ [ 70.9875, 40.392 ], [ 70.9853, 40.3903 ] ] } },
{ "type": "Feature", "properties": { "reach_id": "46217500444", "river_group": "Sokh", "basin": "Syr Darya", "p_width_m": 494.0, "p_wse_m": 577.2, "p_length_m": 386.18243, "n_overpasses": 0, "n_good_or_suspect": 0, "has_chart": false }, "geometry": { "type": "LineString", "coordinates": [ [ 70.9853, 40.3903 ], [ 70.9832, 40.3894 ], [ 70.9842, 40.3875 ] ] } },
{ "type": "Feature", "properties": { "reach_id": "46217500454", "river_group": "Sokh", "basin": "Syr Darya", "p_width_m": 117.0, "p_wse_m": 576.4, "p_length_m": 398.76962, "n_overpasses": 0, "n_good_or_suspect": 0, "has_chart": false }, "geometry": { "type": "LineString", "coordinates": [ [ 70.9875, 40.392 ], [ 70.9918, 40.3939 ] ] } },
{ "type": "Feature", "properties": { "reach_id": "46217500551", "river_group": "kanal Kirova", "basin": "Aral Sea drainage (unclassified tributary)", "p_width_m": 63.0, "p_wse_m": 281.85, "p_length_m": 10462.567, "n_overpasses": 0, "n_good_or_suspect": 0, "has_chart": false }, "geometry": { "type": "LineString", "coordinates": [ [ 69.1224, 40.295 ], [ 69.1281, 40.2913 ], [ 69.1443, 40.2912 ], [ 69.1549, 40.2933 ], [ 69.1595, 40.2917 ], [ 69.1626, 40.2882 ], [ 69.1619, 40.286 ], [ 69.1647, 40.282 ], [ 69.1659, 40.2765 ], [ 69.1757, 40.2732 ], [ 69.1802, 40.2671 ], [ 69.1771, 40.2639 ], [ 69.1682, 40.2601 ], [ 69.1662, 40.2557 ], [ 69.1693, 40.2531 ], [ 69.182, 40.2521 ] ] } },
{ "type": "Feature", "properties": { "reach_id": "46217500561", "river_group": "Syr Darya", "basin": "Syr Darya", "p_width_m": 67.0, "p_wse_m": 287.1, "p_length_m": 10448.384, "n_overpasses": 0, "n_good_or_suspect": 0, "has_chart": false }, "geometry": { "type": "LineString", "coordinates": [ [ 69.182, 40.2521 ], [ 69.188, 40.2528 ], [ 69.1964, 40.2491 ], [ 69.2073, 40.2478 ], [ 69.2109, 40.2457 ], [ 69.2112, 40.2378 ], [ 69.2038, 40.2303 ], [ 69.2087, 40.2239 ], [ 69.2119, 40.2235 ], [ 69.2203, 40.228 ], [ 69.2337, 40.2302 ], [ 69.2464, 40.2274 ], [ 69.2553, 40.2164 ] ] } },
{ "type": "Feature", "properties": { "reach_id": "46217500574", "river_group": "Syr Darya", "basin": "Syr Darya", "p_width_m": 104.5, "p_wse_m": 293.0, "p_length_m": 365.4379, "n_overpasses": 0, "n_good_or_suspect": 0, "has_chart": false }, "geometry": { "type": "LineString", "coordinates": [ [ 69.2553, 40.2164 ], [ 69.257, 40.2131 ] ] } },
{ "type": "Feature", "properties": { "reach_id": "46217500591", "river_group": "Syr Darya", "basin": "Syr Darya", "p_width_m": 94.0, "p_wse_m": 299.2, "p_length_m": 4651.4673, "n_overpasses": 0, "n_good_or_suspect": 0, "has_chart": false }, "geometry": { "type": "LineString", "coordinates": [ [ 69.257, 40.2131 ], [ 69.2608, 40.21 ], [ 69.2795, 40.2063 ], [ 69.2988, 40.1936 ], [ 69.3023, 40.1931 ] ] } },
{ "type": "Feature", "properties": { "reach_id": "46217500604", "river_group": "Syr Darya", "basin": "Syr Darya", "p_width_m": 146.0, "p_wse_m": 315.9, "p_length_m": 420.59708, "n_overpasses": 0, "n_good_or_suspect": 0, "has_chart": false }, "geometry": { "type": "LineString", "coordinates": [ [ 69.3023, 40.1931 ], [ 69.3062, 40.1914 ] ] } },
{ "type": "Feature", "properties": { "reach_id": "46217600011", "river_group": "Sokh", "basin": "Syr Darya", "p_width_m": 319.5, "p_wse_m": 634.85, "p_length_m": 9244.343, "n_overpasses": 0, "n_good_or_suspect": 0, "has_chart": false }, "geometry": { "type": "LineString", "coordinates": [ [ 70.9842, 40.3875 ], [ 70.9906, 40.3812 ], [ 70.9951, 40.3716 ], [ 71.0125, 40.3586 ], [ 71.0137, 40.3399 ], [ 71.0214, 40.3304 ], [ 71.021, 40.3233 ], [ 71.0284, 40.3163 ] ] } },
{ "type": "Feature", "properties": { "reach_id": "46217600024", "river_group": "Sokh", "basin": "Syr Darya", "p_width_m": 154.5, "p_wse_m": 684.3, "p_length_m": 533.39233, "n_overpasses": 0, "n_good_or_suspect": 0, "has_chart": false }, "geometry": { "type": "LineString", "coordinates": [ [ 71.0284, 40.3163 ], [ 71.0318, 40.3156 ], [ 71.0326, 40.3134 ] ] } },
{ "type": "Feature", "properties": { "reach_id": "46217600031", "river_group": "Sokh", "basin": "Syr Darya", "p_width_m": 366.0, "p_wse_m": 745.6, "p_length_m": 12225.673, "n_overpasses": 57, "n_good_or_suspect": 7, "has_chart": true }, "geometry": { "type": "LineString", "coordinates": [ [ 71.0326, 40.3134 ], [ 71.0386, 40.3009 ], [ 71.0357, 40.2915 ], [ 71.0359, 40.2833 ], [ 71.0401, 40.2708 ], [ 71.0354, 40.259 ], [ 71.0272, 40.2476 ], [ 71.0261, 40.2397 ], [ 71.0336, 40.2307 ], [ 71.0322, 40.2194 ], [ 71.0378, 40.2109 ] ] } },
{ "type": "Feature", "properties": { "reach_id": "46217600044", "river_group": "Sokh", "basin": "Syr Darya", "p_width_m": 73.5, "p_wse_m": 815.9, "p_length_m": 379.30438, "n_overpasses": 53, "n_good_or_suspect": 37, "has_chart": true }, "geometry": { "type": "LineString", "coordinates": [ [ 71.0378, 40.2109 ], [ 71.0399, 40.2076 ] ] } },
{ "type": "Feature", "properties": { "reach_id": "46217600051", "river_group": "Sokh", "basin": "Syr Darya", "p_width_m": 208.0, "p_wse_m": 880.5, "p_length_m": 11427.133, "n_overpasses": 57, "n_good_or_suspect": 43, "has_chart": true }, "geometry": { "type": "LineString", "coordinates": [ [ 71.0399, 40.2076 ], [ 71.0415, 40.1954 ], [ 71.049, 40.1837 ], [ 71.0486, 40.181 ], [ 71.069, 40.1636 ], [ 71.0767, 40.151 ], [ 71.0832, 40.1209 ], [ 71.0874, 40.1157 ] ] } },
{ "type": "Feature", "properties": { "reach_id": "46217600061", "river_group": "Sokh", "basin": "Syr Darya", "p_width_m": 129.0, "p_wse_m": 998.4, "p_length_m": 11459.713, "n_overpasses": 0, "n_good_or_suspect": 0, "has_chart": false }, "geometry": { "type": "LineString", "coordinates": [ [ 71.0874, 40.1157 ], [ 71.0908, 40.1113 ], [ 71.0929, 40.1048 ], [ 71.0888, 40.0881 ], [ 71.0911, 40.0818 ], [ 71.0874, 40.0676 ], [ 71.0966, 40.0536 ], [ 71.1088, 40.0393 ], [ 71.1117, 40.032 ], [ 71.1113, 40.0201 ] ] } },
{ "type": "Feature", "properties": { "reach_id": "46217600074", "river_group": "Sokh", "basin": "Syr Darya", "p_width_m": 455.0, "p_wse_m": 1072.3, "p_length_m": 369.07922, "n_overpasses": 0, "n_good_or_suspect": 0, "has_chart": false }, "geometry": { "type": "LineString", "coordinates": [ [ 71.1113, 40.0201 ], [ 71.1116, 40.0166 ] ] } },
{ "type": "Feature", "properties": { "reach_id": "46217600081", "river_group": "Sokh", "basin": "Syr Darya", "p_width_m": 87.0, "p_wse_m": 1123.7001, "p_length_m": 11556.529, "n_overpasses": 57, "n_good_or_suspect": 40, "has_chart": true }, "geometry": { "type": "LineString", "coordinates": [ [ 71.1116, 40.0166 ], [ 71.1161, 40.006 ], [ 71.1143, 39.9995 ], [ 71.1155, 39.9884 ], [ 71.1218, 39.9602 ], [ 71.1149, 39.9555 ], [ 71.1148, 39.9495 ], [ 71.1071, 39.9418 ], [ 71.107, 39.9383 ], [ 71.1006, 39.9333 ], [ 71.1012, 39.9295 ], [ 71.099, 39.9228 ] ] } },
{ "type": "Feature", "properties": { "reach_id": "46217600101", "river_group": "Sokh", "basin": "Syr Darya", "p_width_m": 54.0, "p_wse_m": 1268.0, "p_length_m": 18997.658, "n_overpasses": 57, "n_good_or_suspect": 4, "has_chart": false }, "geometry": { "type": "LineString", "coordinates": [ [ 71.099, 39.9228 ], [ 71.1005, 39.9209 ], [ 71.0983, 39.9174 ], [ 71.0974, 39.9028 ], [ 71.0947, 39.8983 ], [ 71.0957, 39.8947 ], [ 71.0982, 39.8931 ], [ 71.0984, 39.8893 ], [ 71.1008, 39.8871 ], [ 71.1003, 39.88 ], [ 71.1019, 39.8776 ], [ 71.1001, 39.8709 ], [ 71.1042, 39.8638 ], [ 71.104, 39.8589 ], [ 71.1062, 39.8548 ], [ 71.1047, 39.8468 ], [ 71.1021, 39.8408 ], [ 71.098, 39.8385 ], [ 71.0943, 39.8321 ], [ 71.0916, 39.8315 ], [ 71.0811, 39.8223 ], [ 71.0775, 39.8212 ], [ 71.0756, 39.8176 ], [ 71.0732, 39.8183 ], [ 71.0694, 39.816 ], [ 71.0662, 39.8126 ], [ 71.0674, 39.8109 ], [ 71.0666, 39.8063 ], [ 71.0627, 39.8047 ], [ 71.0612, 39.7994 ], [ 71.0493, 39.7918 ], [ 71.0429, 39.784 ] ] } },
{ "type": "Feature", "properties": { "reach_id": "46217600116", "river_group": "Sokh", "basin": "Syr Darya", "p_width_m": 42.0, "p_wse_m": 1362.15, "p_length_m": 212.31406, "n_overpasses": 0, "n_good_or_suspect": 0, "has_chart": false }, "geometry": { "type": "LineString", "coordinates": [ [ 71.0429, 39.784 ], [ 71.0413, 39.7827 ] ] } },
{ "type": "Feature", "properties": { "reach_id": "46217600126", "river_group": "Sokh", "basin": "Syr Darya", "p_width_m": 54.0, "p_wse_m": 575.1, "p_length_m": 197.12346, "n_overpasses": 0, "n_good_or_suspect": 0, "has_chart": false }, "geometry": { "type": "LineString", "coordinates": [ [ 70.9918, 40.3939 ], [ 70.9939, 40.3943 ] ] } },
{ "type": "Feature", "properties": { "reach_id": "46217700011", "river_group": "Syr Darya", "basin": "Syr Darya", "p_width_m": 238.5, "p_wse_m": 363.4, "p_length_m": 19930.254, "n_overpasses": 0, "n_good_or_suspect": 0, "has_chart": false }, "geometry": { "type": "LineString", "coordinates": [ [ 70.8865, 40.7338 ], [ 70.8933, 40.7384 ], [ 70.9047, 40.7518 ], [ 70.9144, 40.7554 ], [ 70.923, 40.7609 ], [ 70.9273, 40.7687 ], [ 70.9346, 40.776 ], [ 70.9468, 40.7808 ], [ 70.9482, 40.784 ], [ 70.9646, 40.7994 ], [ 70.9676, 40.8045 ], [ 70.9758, 40.8114 ], [ 70.9862, 40.8152 ], [ 71.0015, 40.8163 ], [ 71.0154, 40.8145 ], [ 71.0217, 40.8113 ], [ 71.0268, 40.8056 ], [ 71.0287, 40.795 ], [ 71.0416, 40.7802 ] ] } },
{ "type": "Feature", "properties": { "reach_id": "46217900011", "river_group": "Syr Darya", "basin": "Syr Darya", "p_width_m": 234.0, "p_wse_m": 366.5, "p_length_m": 11065.098, "n_overpasses": 0, "n_good_or_suspect": 0, "has_chart": false }, "geometry": { "type": "LineString", "coordinates": [ [ 71.0416, 40.7802 ], [ 71.0455, 40.7777 ], [ 71.0519, 40.7775 ], [ 71.057, 40.7799 ], [ 71.0604, 40.7839 ], [ 71.0489, 40.7968 ], [ 71.0441, 40.8061 ], [ 71.0428, 40.817 ], [ 71.0359, 40.8268 ], [ 71.0369, 40.8403 ], [ 71.0397, 40.8439 ], [ 71.0444, 40.8461 ], [ 71.059, 40.8464 ] ] } },
{ "type": "Feature", "properties": { "reach_id": "46217900021", "river_group": "Syr Darya", "basin": "Syr Darya", "p_width_m": 218.0, "p_wse_m": 369.7, "p_length_m": 11070.933, "n_overpasses": 0, "n_good_or_suspect": 0, "has_chart": false }, "geometry": { "type": "LineString", "coordinates": [ [ 71.059, 40.8464 ], [ 71.0651, 40.8474 ], [ 71.0885, 40.8444 ], [ 71.1049, 40.8452 ], [ 71.1207, 40.8389 ], [ 71.1332, 40.8402 ], [ 71.1408, 40.8428 ], [ 71.1536, 40.831 ], [ 71.1666, 40.8267 ], [ 71.1769, 40.8262 ] ] } },
{ "type": "Feature", "properties": { "reach_id": "46217900031", "river_group": "Syr Darya", "basin": "Syr Darya", "p_width_m": 180.0, "p_wse_m": 373.2, "p_length_m": 17383.473, "n_overpasses": 0, "n_good_or_suspect": 0, "has_chart": false }, "geometry": { "type": "LineString", "coordinates": [ [ 71.1769, 40.8262 ], [ 71.1847, 40.827 ], [ 71.1909, 40.8296 ], [ 71.1928, 40.8353 ], [ 71.1895, 40.8426 ], [ 71.1927, 40.8498 ], [ 71.1958, 40.8512 ], [ 71.2064, 40.8508 ], [ 71.216, 40.8589 ], [ 71.2217, 40.8579 ], [ 71.2271, 40.8507 ], [ 71.2321, 40.8502 ], [ 71.2392, 40.8544 ], [ 71.2465, 40.8649 ], [ 71.2522, 40.8642 ], [ 71.2594, 40.8588 ], [ 71.2648, 40.8588 ], [ 71.2693, 40.8608 ], [ 71.2762, 40.8699 ], [ 71.2906, 40.8754 ], [ 71.2958, 40.8733 ], [ 71.3034, 40.8646 ], [ 71.3112, 40.8626 ] ] } },
{ "type": "Feature", "properties": { "reach_id": "46217900041", "river_group": "Syr Darya", "basin": "Syr Darya", "p_width_m": 171.0, "p_wse_m": 379.5, "p_length_m": 18292.736, "n_overpasses": 0, "n_good_or_suspect": 0, "has_chart": false }, "geometry": { "type": "LineString", "coordinates": [ [ 71.3112, 40.8626 ], [ 71.3183, 40.8623 ], [ 71.3222, 40.8641 ], [ 71.3177, 40.8728 ], [ 71.3183, 40.8761 ], [ 71.3361, 40.8919 ], [ 71.3455, 40.8962 ], [ 71.3518, 40.8935 ], [ 71.3614, 40.884 ], [ 71.3826, 40.8783 ], [ 71.3839, 40.8766 ], [ 71.3834, 40.8707 ], [ 71.391, 40.8645 ], [ 71.3954, 40.8658 ], [ 71.4029, 40.8811 ], [ 71.4102, 40.8853 ], [ 71.4177, 40.8849 ], [ 71.4286, 40.8811 ], [ 71.439, 40.8828 ], [ 71.4528, 40.8809 ] ] } },
{ "type": "Feature", "properties": { "reach_id": "46217900051", "river_group": "Syr Darya", "basin": "Syr Darya", "p_width_m": 171.0, "p_wse_m": 386.5, "p_length_m": 16799.213, "n_overpasses": 0, "n_good_or_suspect": 0, "has_chart": false }, "geometry": { "type": "LineString", "coordinates": [ [ 71.4528, 40.8809 ], [ 71.464, 40.8855 ], [ 71.4683, 40.8856 ], [ 71.4739, 40.882 ], [ 71.4773, 40.8744 ], [ 71.4845, 40.8696 ], [ 71.4954, 40.8686 ], [ 71.506, 40.8743 ], [ 71.5169, 40.8715 ], [ 71.5242, 40.8666 ], [ 71.5295, 40.8657 ], [ 71.5476, 40.8745 ], [ 71.5666, 40.8688 ], [ 71.5695, 40.8692 ], [ 71.572, 40.8709 ], [ 71.576, 40.8799 ], [ 71.5864, 40.8819 ], [ 71.5933, 40.8864 ], [ 71.5995, 40.8809 ], [ 71.6002, 40.876 ], [ 71.6024, 40.8733 ] ] } },
{ "type": "Feature", "properties": { "reach_id": "46217900061", "river_group": "Syr Darya", "basin": "Syr Darya", "p_width_m": 203.0, "p_wse_m": 393.5, "p_length_m": 16260.769, "n_overpasses": 0, "n_good_or_suspect": 0, "has_chart": false }, "geometry": { "type": "LineString", "coordinates": [ [ 71.6024, 40.8733 ], [ 71.6124, 40.8736 ], [ 71.6204, 40.8773 ], [ 71.6336, 40.8786 ], [ 71.6425, 40.8711 ], [ 71.6564, 40.8717 ], [ 71.6691, 40.8689 ], [ 71.6767, 40.8791 ], [ 71.6915, 40.8842 ], [ 71.695, 40.8896 ], [ 71.7011, 40.8939 ], [ 71.7057, 40.8932 ], [ 71.7143, 40.8862 ], [ 71.7186, 40.8854 ], [ 71.7333, 40.897 ], [ 71.7504, 40.8971 ], [ 71.7573, 40.9007 ] ] } },
{ "type": "Feature", "properties": { "reach_id": "46218000011", "river_group": "Kara Darya", "basin": "Syr Darya", "p_width_m": 90.0, "p_wse_m": 408.7, "p_length_m": 19242.479, "n_overpasses": 52, "n_good_or_suspect": 22, "has_chart": true }, "geometry": { "type": "LineString", "coordinates": [ [ 71.7573, 40.9007 ], [ 71.7681, 40.8951 ], [ 71.7777, 40.8935 ], [ 71.7797, 40.895 ], [ 71.7812, 40.9039 ], [ 71.7835, 40.9049 ], [ 71.7908, 40.9019 ], [ 71.7926, 40.9085 ], [ 71.8013, 40.9134 ], [ 71.811, 40.9072 ], [ 71.8175, 40.9152 ], [ 71.8225, 40.9188 ], [ 71.829, 40.9193 ], [ 71.8452, 40.9156 ], [ 71.8586, 40.9217 ], [ 71.8773, 40.9253 ], [ 71.8845, 40.9254 ], [ 71.8864, 40.924 ], [ 71.8842, 40.9154 ], [ 71.8892, 40.9123 ], [ 71.9099, 40.9197 ], [ 71.914, 40.9185 ], [ 71.9184, 40.9116 ] ] } },
{ "type": "Feature", "properties": { "reach_id": "46218000021", "river_group": "Kara Darya", "basin": "Syr Darya", "p_width_m": 94.0, "p_wse_m": 419.5, "p_length_m": 10488.418, "n_overpasses": 52, "n_good_or_suspect": 34, "has_chart": true }, "geometry": { "type": "LineString", "coordinates": [ [ 71.9184, 40.9116 ], [ 71.9231, 40.912 ], [ 71.9293, 40.9097 ], [ 71.9345, 40.8972 ], [ 71.9435, 40.8991 ], [ 71.9545, 40.8913 ], [ 71.9608, 40.8913 ], [ 71.9612, 40.8975 ], [ 71.9664, 40.9015 ], [ 71.9684, 40.9001 ], [ 71.9691, 40.8946 ], [ 71.9719, 40.8903 ], [ 71.9859, 40.8917 ], [ 72.0003, 40.8879 ] ] } },
{ "type": "Feature", "properties": { "reach_id": "46218000031", "river_group": "Kara Darya", "basin": "Syr Darya", "p_width_m": 94.0, "p_wse_m": 425.80002, "p_length_m": 17581.178, "n_overpasses": 52, "n_good_or_suspect": 17, "has_chart": true }, "geometry": { "type": "LineString", "coordinates": [ [ 72.0003, 40.8879 ], [ 72.005, 40.8848 ], [ 72.0046, 40.8794 ], [ 72.0075, 40.8657 ], [ 72.0138, 40.8561 ], [ 72.0278, 40.8538 ], [ 72.0352, 40.8483 ], [ 72.034, 40.8434 ], [ 72.0373, 40.8408 ], [ 72.0417, 40.8422 ], [ 72.0446, 40.8474 ], [ 72.0494, 40.8486 ], [ 72.0527, 40.8463 ], [ 72.0541, 40.8396 ], [ 72.058, 40.8392 ], [ 72.0646, 40.8432 ], [ 72.0676, 40.841 ], [ 72.0679, 40.8359 ], [ 72.0695, 40.8349 ], [ 72.0738, 40.8346 ], [ 72.0786, 40.8393 ], [ 72.0825, 40.8397 ], [ 72.0872, 40.832 ], [ 72.0951, 40.8289 ], [ 72.0993, 40.8253 ], [ 72.0983, 40.8158 ], [ 72.1075, 40.8125 ] ] } },
{ "type": "Feature", "properties": { "reach_id": "46218000041", "river_group": "Kara Darya", "basin": "Syr Darya", "p_width_m": 105.0, "p_wse_m": 428.5, "p_length_m": 11795.467, "n_overpasses": 48, "n_good_or_suspect": 14, "has_chart": true }, "geometry": { "type": "LineString", "coordinates": [ [ 72.1075, 40.8125 ], [ 72.114, 40.8097 ], [ 72.1246, 40.813 ], [ 72.1314, 40.8116 ], [ 72.1337, 40.8129 ], [ 72.1338, 40.8161 ], [ 72.1375, 40.818 ], [ 72.1422, 40.8177 ], [ 72.1462, 40.8144 ], [ 72.1509, 40.8135 ], [ 72.161, 40.8168 ], [ 72.1757, 40.8156 ], [ 72.2007, 40.8215 ], [ 72.21, 40.8282 ], [ 72.2295, 40.8296 ] ] } },
{ "type": "Feature", "properties": { "reach_id": "46218000061", "river_group": "Kara Darya", "basin": "Syr Darya", "p_width_m": 108.0, "p_wse_m": 448.30002, "p_length_m": 11732.78, "n_overpasses": 78, "n_good_or_suspect": 24, "has_chart": true }, "geometry": { "type": "LineString", "coordinates": [ [ 72.2295, 40.8296 ], [ 72.2476, 40.8302 ], [ 72.2564, 40.8327 ], [ 72.2614, 40.832 ], [ 72.2764, 40.8391 ], [ 72.2846, 40.839 ], [ 72.2884, 40.8419 ], [ 72.3047, 40.8451 ], [ 72.3192, 40.8609 ], [ 72.3184, 40.8714 ], [ 72.3252, 40.8824 ] ] } },
{ "type": "Feature", "properties": { "reach_id": "46218000071", "river_group": "Kara Darya", "basin": "Syr Darya", "p_width_m": 115.0, "p_wse_m": 471.4, "p_length_m": 10307.033, "n_overpasses": 78, "n_good_or_suspect": 43, "has_chart": true }, "geometry": { "type": "LineString", "coordinates": [ [ 72.3252, 40.8824 ], [ 72.3366, 40.8806 ], [ 72.3374, 40.8832 ], [ 72.3423, 40.8829 ], [ 72.3453, 40.8869 ], [ 72.3524, 40.8868 ], [ 72.3616, 40.8904 ], [ 72.3883, 40.8903 ], [ 72.4019, 40.8969 ], [ 72.4077, 40.9025 ], [ 72.4169, 40.9045 ], [ 72.4308, 40.9037 ] ] } },
{ "type": "Feature", "properties": { "reach_id": "46218000081", "river_group": "Kara Darya", "basin": "Syr Darya", "p_width_m": 63.0, "p_wse_m": 515.2, "p_length_m": 10311.667, "n_overpasses": 78, "n_good_or_suspect": 48, "has_chart": true }, "geometry": { "type": "LineString", "coordinates": [ [ 72.4308, 40.9037 ], [ 72.444, 40.9037 ], [ 72.4507, 40.906 ], [ 72.4583, 40.9027 ], [ 72.4632, 40.9047 ], [ 72.4722, 40.903 ], [ 72.4781, 40.9054 ], [ 72.4873, 40.8999 ], [ 72.5016, 40.8963 ], [ 72.5065, 40.8921 ], [ 72.5143, 40.8908 ], [ 72.5227, 40.8843 ], [ 72.5366, 40.8841 ] ] } },
{ "type": "Feature", "properties": { "reach_id": "46218000091", "river_group": "Kara Darya", "basin": "Syr Darya", "p_width_m": 125.0, "p_wse_m": 568.10004, "p_length_m": 13032.708, "n_overpasses": 106, "n_good_or_suspect": 55, "has_chart": true }, "geometry": { "type": "LineString", "coordinates": [ [ 72.5366, 40.8841 ], [ 72.551, 40.8811 ], [ 72.5612, 40.8744 ], [ 72.5759, 40.8726 ], [ 72.5857, 40.866 ], [ 72.5956, 40.863 ], [ 72.629, 40.8589 ], [ 72.6368, 40.8598 ], [ 72.6455, 40.8567 ], [ 72.6565, 40.8566 ], [ 72.6684, 40.8529 ], [ 72.6753, 40.8479 ] ] } },
{ "type": "Feature", "properties": { "reach_id": "46218000101", "river_group": "Kara Darya", "basin": "Syr Darya", "p_width_m": 97.0, "p_wse_m": 619.25, "p_length_m": 10665.043, "n_overpasses": 82, "n_good_or_suspect": 44, "has_chart": true }, "geometry": { "type": "LineString", "coordinates": [ [ 72.6753, 40.8479 ], [ 72.6889, 40.8477 ], [ 72.6939, 40.8447 ], [ 72.6986, 40.8445 ], [ 72.7145, 40.8477 ], [ 72.7263, 40.8443 ], [ 72.7438, 40.8446 ], [ 72.7528, 40.8409 ], [ 72.7719, 40.845 ], [ 72.7912, 40.8526 ] ] } },
{ "type": "Feature", "properties": { "reach_id": "46218000111", "river_group": "Kara Darya", "basin": "Syr Darya", "p_width_m": 129.0, "p_wse_m": 680.4, "p_length_m": 14751.681, "n_overpasses": 82, "n_good_or_suspect": 18, "has_chart": true }, "geometry": { "type": "LineString", "coordinates": [ [ 72.7912, 40.8526 ], [ 72.7996, 40.8548 ], [ 72.8043, 40.8531 ], [ 72.8164, 40.8532 ], [ 72.8269, 40.8585 ], [ 72.8355, 40.8588 ], [ 72.84, 40.8562 ], [ 72.8428, 40.8523 ], [ 72.85, 40.8506 ], [ 72.8547, 40.8472 ], [ 72.8668, 40.8461 ], [ 72.8763, 40.8395 ], [ 72.8918, 40.8334 ], [ 72.9083, 40.8295 ], [ 72.9175, 40.8302 ], [ 72.9225, 40.8289 ], [ 72.9383, 40.8143 ] ] } },
{ "type": "Feature", "properties": { "reach_id": "46218000121", "river_group": "Kara Darya", "basin": "Syr Darya", "p_width_m": 75.0, "p_wse_m": 770.10004, "p_length_m": 12331.261, "n_overpasses": 82, "n_good_or_suspect": 16, "has_chart": true }, "geometry": { "type": "LineString", "coordinates": [ [ 72.9383, 40.8143 ], [ 72.9455, 40.8111 ], [ 72.9495, 40.8065 ], [ 72.9567, 40.804 ], [ 72.9619, 40.7969 ], [ 72.9738, 40.7939 ], [ 72.9914, 40.7859 ], [ 73.0125, 40.7832 ], [ 73.0186, 40.7807 ], [ 73.026, 40.7822 ], [ 73.0424, 40.7812 ], [ 73.0507, 40.7784 ], [ 73.0562, 40.7724 ], [ 73.0605, 40.7704 ] ] } },
{ "type": "Feature", "properties": { "reach_id": "46218000134", "river_group": "Kara Darya", "basin": "Syr Darya", "p_width_m": 1849.5, "p_wse_m": 894.3, "p_length_m": 393.30835, "n_overpasses": 0, "n_good_or_suspect": 0, "has_chart": false }, "geometry": { "type": "LineString", "coordinates": [ [ 73.0605, 40.7704 ], [ 73.0652, 40.769 ] ] } },
{ "type": "Feature", "properties": { "reach_id": "46218000143", "river_group": "Kara Darya", "basin": "Syr Darya", "p_width_m": 1849.5, "p_wse_m": 897.8, "p_length_m": 12284.726, "n_overpasses": 0, "n_good_or_suspect": 0, "has_chart": false }, "geometry": { "type": "LineString", "coordinates": [ [ 73.0652, 40.769 ], [ 73.0915, 40.7684 ], [ 73.107, 40.7709 ], [ 73.131, 40.7794 ], [ 73.1434, 40.78 ], [ 73.1507, 40.783 ], [ 73.1539, 40.7875 ], [ 73.1664, 40.7853 ], [ 73.1692, 40.7832 ], [ 73.1702, 40.78 ], [ 73.1736, 40.7801 ], [ 73.1851, 40.7727 ], [ 73.1851, 40.7678 ] ] } },
{ "type": "Feature", "properties": { "reach_id": "46218000151", "river_group": "Kara Darya", "basin": "Syr Darya", "p_width_m": 169.0, "p_wse_m": 963.55005, "p_length_m": 17985.686, "n_overpasses": 53, "n_good_or_suspect": 1, "has_chart": false }, "geometry": { "type": "LineString", "coordinates": [ [ 73.1851, 40.7678 ], [ 73.1882, 40.765 ], [ 73.1924, 40.7675 ], [ 73.1975, 40.7637 ], [ 73.2204, 40.7599 ], [ 73.2287, 40.7558 ], [ 73.2461, 40.7554 ], [ 73.2638, 40.7582 ], [ 73.2694, 40.7606 ], [ 73.2879, 40.7607 ], [ 73.3041, 40.7518 ], [ 73.3115, 40.744 ], [ 73.3298, 40.7348 ], [ 73.3355, 40.7337 ], [ 73.3413, 40.7266 ], [ 73.3597, 40.7141 ] ] } },
{ "type": "Feature", "properties": { "reach_id": "46218000161", "river_group": "Kara Darya", "basin": "Syr Darya", "p_width_m": 163.0, "p_wse_m": 1098.0, "p_length_m": 11107.117, "n_overpasses": 54, "n_good_or_suspect": 14, "has_chart": true }, "geometry": { "type": "LineString", "coordinates": [ [ 73.3597, 40.7141 ], [ 73.3621, 40.7126 ], [ 73.3615, 40.7077 ], [ 73.3679, 40.6895 ], [ 73.3825, 40.6756 ], [ 73.3821, 40.6661 ], [ 73.3852, 40.6589 ], [ 73.3953, 40.6516 ], [ 73.401, 40.6515 ], [ 73.4285, 40.6444 ] ] } },
{ "type": "Feature", "properties": { "reach_id": "46218000171", "river_group": "Tar", "basin": "Aral Sea drainage (unclassified tributary)", "p_width_m": 93.0, "p_wse_m": 1228.5, "p_length_m": 19270.988, "n_overpasses": 54, "n_good_or_suspect": 23, "has_chart": true }, "geometry": { "type": "LineString", "coordinates": [ [ 73.4285, 40.6444 ], [ 73.4317, 40.6425 ], [ 73.441, 40.6414 ], [ 73.4678, 40.6316 ], [ 73.4774, 40.6306 ], [ 73.4845, 40.6323 ], [ 73.4977, 40.628 ], [ 73.5287, 40.6073 ], [ 73.55, 40.6059 ], [ 73.5624, 40.6032 ], [ 73.5745, 40.6041 ], [ 73.5901, 40.6024 ], [ 73.6051, 40.5979 ], [ 73.6203, 40.5983 ], [ 73.6325, 40.5931 ] ] } },
{ "type": "Feature", "properties": { "reach_id": "46218000191", "river_group": "Tar", "basin": "Aral Sea drainage (unclassified tributary)", "p_width_m": 48.0, "p_wse_m": 1376.5, "p_length_m": 17020.746, "n_overpasses": 54, "n_good_or_suspect": 7, "has_chart": true }, "geometry": { "type": "LineString", "coordinates": [ [ 73.6325, 40.5931 ], [ 73.6674, 40.5852 ], [ 73.676, 40.5786 ], [ 73.6825, 40.5765 ], [ 73.6938, 40.578 ], [ 73.7028, 40.5715 ], [ 73.7081, 40.5727 ], [ 73.7117, 40.5689 ], [ 73.717, 40.5685 ], [ 73.7226, 40.5707 ], [ 73.7266, 40.5667 ], [ 73.7294, 40.5679 ], [ 73.7322, 40.5656 ], [ 73.7386, 40.567 ], [ 73.7447, 40.5657 ], [ 73.7489, 40.5629 ], [ 73.7546, 40.551 ], [ 73.7629, 40.5406 ], [ 73.7685, 40.5405 ], [ 73.7728, 40.5376 ], [ 73.7867, 40.5352 ] ] } },
{ "type": "Feature", "properties": { "reach_id": "46218000206", "river_group": "Tar", "basin": "Aral Sea drainage (unclassified tributary)", "p_width_m": 57.0, "p_wse_m": 1469.4, "p_length_m": 196.72922, "n_overpasses": 0, "n_good_or_suspect": 0, "has_chart": false }, "geometry": { "type": "LineString", "coordinates": [ [ 73.7867, 40.5352 ], [ 73.7885, 40.5341 ] ] } },
{ "type": "Feature", "properties": { "reach_id": "46218000241", "river_group": "Kara Darya", "basin": "Syr Darya", "p_width_m": 54.0, "p_wse_m": 481.30002, "p_length_m": 19349.775, "n_overpasses": 0, "n_good_or_suspect": 0, "has_chart": false }, "geometry": { "type": "LineString", "coordinates": [ [ 72.3252, 40.8824 ], [ 72.3325, 40.8882 ], [ 72.3331, 40.8945 ], [ 72.3401, 40.8987 ], [ 72.3387, 40.9036 ], [ 72.3457, 40.9041 ], [ 72.3503, 40.9076 ], [ 72.3548, 40.9075 ], [ 72.3632, 40.9121 ], [ 72.3761, 40.9095 ], [ 72.3813, 40.9142 ], [ 72.3842, 40.9118 ], [ 72.3866, 40.9118 ], [ 72.3878, 40.9135 ], [ 72.3907, 40.9099 ], [ 72.3938, 40.9119 ], [ 72.3995, 40.9125 ], [ 72.409, 40.9168 ], [ 72.4107, 40.9214 ], [ 72.4363, 40.938 ], [ 72.4428, 40.9357 ], [ 72.449, 40.9404 ], [ 72.4585, 40.9444 ], [ 72.4833, 40.9376 ], [ 72.4947, 40.9377 ] ] } },
{ "type": "Feature", "properties": { "reach_id": "46218000256", "river_group": "Kara Darya", "basin": "Syr Darya", "p_width_m": 60.0, "p_wse_m": 509.0, "p_length_m": 195.8971, "n_overpasses": 0, "n_good_or_suspect": 0, "has_chart": false }, "geometry": { "type": "LineString", "coordinates": [ [ 72.4947, 40.9377 ], [ 72.4969, 40.9376 ] ] } },
{ "type": "Feature", "properties": { "reach_id": "46219100213", "river_group": "Naryn", "basin": "Syr Darya", "p_width_m": 11533.0, "p_wse_m": 870.7, "p_length_m": 11775.79, "n_overpasses": 0, "n_good_or_suspect": 0, "has_chart": false }, "geometry": { "type": "LineString", "coordinates": [ [ 72.8229, 41.8097 ], [ 72.8586, 41.7984 ], [ 72.875, 41.7953 ], [ 72.9494, 41.7939 ], [ 72.9598, 41.7969 ] ] } },
{ "type": "Feature", "properties": { "reach_id": "46219100223", "river_group": "Naryn", "basin": "Syr Darya", "p_width_m": 4896.0, "p_wse_m": 871.5, "p_length_m": 11758.997, "n_overpasses": 0, "n_good_or_suspect": 0, "has_chart": false }, "geometry": { "type": "LineString", "coordinates": [ [ 72.9598, 41.7969 ], [ 72.9727, 41.8007 ], [ 72.9922, 41.8126 ], [ 73.029, 41.812 ], [ 73.0418, 41.8089 ], [ 73.0686, 41.7916 ], [ 73.0832, 41.7864 ] ] } },
{ "type": "Feature", "properties": { "reach_id": "46219100231", "river_group": "Naryn", "basin": "Syr Darya", "p_width_m": 2989.0, "p_wse_m": 871.7, "p_length_m": 11366.377, "n_overpasses": 0, "n_good_or_suspect": 0, "has_chart": false }, "geometry": { "type": "LineString", "coordinates": [ [ 73.0832, 41.7864 ], [ 73.1102, 41.7794 ], [ 73.121, 41.7792 ], [ 73.1505, 41.7838 ], [ 73.1819, 41.7814 ], [ 73.2003, 41.7838 ], [ 73.2159, 41.7805 ] ] } },
{ "type": "Feature", "properties": { "reach_id": "46219100241", "river_group": "Naryn", "basin": "Syr Darya", "p_width_m": 1537.0, "p_wse_m": 891.875, "p_length_m": 10151.982, "n_overpasses": 0, "n_good_or_suspect": 0, "has_chart": false }, "geometry": { "type": "LineString", "coordinates": [ [ 73.2159, 41.7805 ], [ 73.2337, 41.7774 ], [ 73.2468, 41.7728 ], [ 73.2711, 41.7691 ], [ 73.3032, 41.7689 ], [ 73.3079, 41.7699 ], [ 73.3124, 41.7745 ], [ 73.3217, 41.7777 ], [ 73.329, 41.7749 ] ] } },
{ "type": "Feature", "properties": { "reach_id": "46219100254", "river_group": "Naryn", "basin": "Syr Darya", "p_width_m": 80.0, "p_wse_m": 918.3, "p_length_m": 387.14804, "n_overpasses": 0, "n_good_or_suspect": 0, "has_chart": false }, "geometry": { "type": "LineString", "coordinates": [ [ 73.329, 41.7749 ], [ 73.3313, 41.7718 ] ] } },
{ "type": "Feature", "properties": { "reach_id": "46219100263", "river_group": "Naryn", "basin": "Syr Darya", "p_width_m": 150.0, "p_wse_m": 925.5, "p_length_m": 12671.388, "n_overpasses": 0, "n_good_or_suspect": 0, "has_chart": false }, "geometry": { "type": "LineString", "coordinates": [ [ 73.3313, 41.7718 ], [ 73.3375, 41.7701 ], [ 73.3426, 41.7663 ], [ 73.3502, 41.767 ], [ 73.3537, 41.7697 ], [ 73.3606, 41.7681 ], [ 73.3695, 41.7714 ], [ 73.3801, 41.7672 ], [ 73.3834, 41.7689 ], [ 73.3812, 41.7732 ], [ 73.3821, 41.7749 ], [ 73.3908, 41.7736 ], [ 73.3942, 41.7799 ], [ 73.3989, 41.7821 ], [ 73.4048, 41.7792 ], [ 73.4012, 41.7741 ], [ 73.4012, 41.7716 ], [ 73.4068, 41.7663 ], [ 73.4101, 41.7657 ], [ 73.4169, 41.7666 ], [ 73.4215, 41.7701 ], [ 73.4259, 41.7705 ], [ 73.4254, 41.7757 ] ] } },
{ "type": "Feature", "properties": { "reach_id": "46219100271", "river_group": "Naryn", "basin": "Syr Darya", "p_width_m": 123.0, "p_wse_m": 992.8, "p_length_m": 18901.324, "n_overpasses": 0, "n_good_or_suspect": 0, "has_chart": false }, "geometry": { "type": "LineString", "coordinates": [ [ 73.4254, 41.7757 ], [ 73.4296, 41.7789 ], [ 73.4362, 41.778 ], [ 73.4381, 41.7768 ], [ 73.4355, 41.7743 ], [ 73.4371, 41.7708 ], [ 73.4519, 41.7684 ], [ 73.4611, 41.7754 ], [ 73.4655, 41.7753 ], [ 73.4702, 41.773 ], [ 73.4749, 41.7736 ], [ 73.4777, 41.7794 ], [ 73.477, 41.784 ], [ 73.4796, 41.7897 ], [ 73.4881, 41.793 ], [ 73.4953, 41.7937 ], [ 73.4981, 41.7977 ], [ 73.5053, 41.8016 ], [ 73.5103, 41.8023 ], [ 73.5277, 41.7981 ], [ 73.5353, 41.7998 ], [ 73.544, 41.7986 ], [ 73.5493, 41.8033 ], [ 73.5532, 41.8028 ], [ 73.5555, 41.7987 ], [ 73.5616, 41.8007 ], [ 73.5721, 41.7992 ], [ 73.5811, 41.8024 ], [ 73.5826, 41.8013 ], [ 73.5812, 41.7964 ], [ 73.5849, 41.7933 ] ] } },
{ "type": "Feature", "properties": { "reach_id": "46219100281", "river_group": "Naryn", "basin": "Syr Darya", "p_width_m": 134.0, "p_wse_m": 1033.0, "p_length_m": 18130.031, "n_overpasses": 0, "n_good_or_suspect": 0, "has_chart": false }, "geometry": { "type": "LineString", "coordinates": [ [ 73.5849, 41.7933 ], [ 73.6027, 41.7893 ], [ 73.6052, 41.7902 ], [ 73.6058, 41.7948 ], [ 73.6079, 41.7964 ], [ 73.6206, 41.7952 ], [ 73.6226, 41.79 ], [ 73.6286, 41.7908 ], [ 73.6313, 41.7897 ], [ 73.6294, 41.7856 ], [ 73.6317, 41.7834 ], [ 73.6436, 41.7837 ], [ 73.6494, 41.7823 ], [ 73.6516, 41.7808 ], [ 73.6529, 41.7767 ], [ 73.6618, 41.777 ], [ 73.6681, 41.7705 ], [ 73.6764, 41.7705 ], [ 73.678, 41.7668 ], [ 73.6755, 41.7619 ], [ 73.6769, 41.76 ], [ 73.6793, 41.7604 ], [ 73.6833, 41.7643 ], [ 73.6906, 41.7635 ], [ 73.6928, 41.7621 ], [ 73.6951, 41.7551 ], [ 73.7002, 41.7535 ], [ 73.7052, 41.7551 ], [ 73.7155, 41.7446 ], [ 73.718, 41.7443 ], [ 73.7183, 41.7467 ], [ 73.7201, 41.7474 ], [ 73.7267, 41.7454 ] ] } },
{ "type": "Feature", "properties": { "reach_id": "46219100291", "river_group": "Naryn", "basin": "Syr Darya", "p_width_m": 94.0, "p_wse_m": 1104.1, "p_length_m": 16167.84, "n_overpasses": 79, "n_good_or_suspect": 61, "has_chart": true }, "geometry": { "type": "LineString", "coordinates": [ [ 73.7267, 41.7454 ], [ 73.7317, 41.7461 ], [ 73.735, 41.7431 ], [ 73.7456, 41.7386 ], [ 73.7542, 41.7403 ], [ 73.7589, 41.7396 ], [ 73.7607, 41.738 ], [ 73.7611, 41.7296 ], [ 73.7667, 41.7264 ], [ 73.7862, 41.7266 ], [ 73.792, 41.7231 ], [ 73.7978, 41.722 ], [ 73.8049, 41.7276 ], [ 73.8233, 41.7272 ], [ 73.8277, 41.7252 ], [ 73.8342, 41.7269 ], [ 73.8361, 41.7258 ], [ 73.8355, 41.7185 ], [ 73.8416, 41.7137 ], [ 73.8521, 41.7108 ], [ 73.8586, 41.711 ], [ 73.8622, 41.7131 ], [ 73.8658, 41.7122 ], [ 73.8762, 41.7165 ] ] } },
{ "type": "Feature", "properties": { "reach_id": "46219100313", "river_group": "Kara Kuldja (Ala Tai)", "basin": "Aral Sea drainage (unclassified tributary)", "p_width_m": 5212.0, "p_wse_m": 870.4, "p_length_m": 8861.278, "n_overpasses": 0, "n_good_or_suspect": 0, "has_chart": false }, "geometry": { "type": "LineString", "coordinates": [ [ 72.8229, 41.8097 ], [ 72.8092, 41.8188 ], [ 72.7931, 41.8253 ], [ 72.7781, 41.83 ], [ 72.7512, 41.8355 ], [ 72.7406, 41.839 ], [ 72.7284, 41.8454 ] ] } },
{ "type": "Feature", "properties": { "reach_id": "46219100321", "river_group": "Kara Kuldja (Ala Tai)", "basin": "Aral Sea drainage (unclassified tributary)", "p_width_m": 54.0, "p_wse_m": 951.60004, "p_length_m": 19345.367, "n_overpasses": 50, "n_good_or_suspect": 21, "has_chart": true }, "geometry": { "type": "LineString", "coordinates": [ [ 72.7284, 41.8454 ], [ 72.7079, 41.8569 ], [ 72.7046, 41.8622 ], [ 72.6999, 41.8654 ], [ 72.6929, 41.8688 ], [ 72.6887, 41.8684 ], [ 72.6877, 41.8719 ], [ 72.683, 41.8744 ], [ 72.6775, 41.875 ], [ 72.6656, 41.8855 ], [ 72.6553, 41.8886 ], [ 72.6534, 41.8925 ], [ 72.645, 41.8941 ], [ 72.6406, 41.8966 ], [ 72.6381, 41.895 ], [ 72.6239, 41.8979 ], [ 72.6153, 41.905 ], [ 72.6039, 41.9096 ], [ 72.5976, 41.9159 ], [ 72.5934, 41.9253 ], [ 72.5896, 41.9259 ], [ 72.5887, 41.9282 ], [ 72.58, 41.9299 ], [ 72.5725, 41.9285 ], [ 72.5697, 41.9248 ], [ 72.5637, 41.9226 ], [ 72.5627, 41.9194 ] ] } },
{ "type": "Feature", "properties": { "reach_id": "46219100336", "river_group": "Kara Kuldja (Ala Tai)", "basin": "Aral Sea drainage (unclassified tributary)", "p_width_m": 54.0, "p_wse_m": 1047.3, "p_length_m": 200.2968, "n_overpasses": 0, "n_good_or_suspect": 0, "has_chart": false }, "geometry": { "type": "LineString", "coordinates": [ [ 72.5627, 41.9194 ], [ 72.5605, 41.9189 ] ] } },
{ "type": "Feature", "properties": { "reach_id": "46219200081", "river_group": "Suusamyr", "basin": "Aral Sea drainage (unclassified tributary)", "p_width_m": 78.0, "p_wse_m": 2047.2001, "p_length_m": 11169.639, "n_overpasses": 53, "n_good_or_suspect": 0, "has_chart": false }, "geometry": { "type": "LineString", "coordinates": [ [ 74.0617, 42.1226 ], [ 74.0552, 42.1224 ], [ 74.0509, 42.1191 ], [ 74.044, 42.1205 ], [ 74.0385, 42.1246 ], [ 74.0341, 42.1246 ], [ 74.0201, 42.1357 ], [ 74.0088, 42.1405 ], [ 74.0041, 42.145 ], [ 73.9989, 42.1464 ], [ 73.9972, 42.1488 ], [ 73.9979, 42.1509 ], [ 73.9938, 42.1533 ], [ 73.9693, 42.1627 ], [ 73.9552, 42.1651 ] ] } },
{ "type": "Feature", "properties": { "reach_id": "46219200091", "river_group": "Suusamyr", "basin": "Aral Sea drainage (unclassified tributary)", "p_width_m": 42.0, "p_wse_m": 2088.1, "p_length_m": 11598.015, "n_overpasses": 53, "n_good_or_suspect": 18, "has_chart": true }, "geometry": { "type": "LineString", "coordinates": [ [ 73.9552, 42.1651 ], [ 73.9547, 42.1669 ], [ 73.9514, 42.167 ], [ 73.9503, 42.1695 ], [ 73.946, 42.171 ], [ 73.9435, 42.1772 ], [ 73.9443, 42.1808 ], [ 73.9388, 42.182 ], [ 73.9311, 42.1875 ], [ 73.9182, 42.1845 ], [ 73.9123, 42.1795 ], [ 73.9039, 42.1811 ], [ 73.8945, 42.1801 ], [ 73.8902, 42.1766 ], [ 73.8858, 42.1782 ], [ 73.8783, 42.1758 ], [ 73.8703, 42.1709 ], [ 73.85, 42.1717 ] ] } },
{ "type": "Feature", "properties": { "reach_id": "46219200101", "river_group": "Suusamyr", "basin": "Aral Sea drainage (unclassified tributary)", "p_width_m": 45.0, "p_wse_m": 2152.4001, "p_length_m": 11536.17, "n_overpasses": 108, "n_good_or_suspect": 14, "has_chart": true }, "geometry": { "type": "LineString", "coordinates": [ [ 73.85, 42.1717 ], [ 73.8307, 42.1713 ], [ 73.8241, 42.175 ], [ 73.818, 42.1737 ], [ 73.8026, 42.1786 ], [ 73.7972, 42.1771 ], [ 73.7863, 42.1802 ], [ 73.7772, 42.18 ], [ 73.7677, 42.1837 ], [ 73.764, 42.1833 ], [ 73.7585, 42.1869 ], [ 73.7506, 42.1854 ], [ 73.7385, 42.1882 ], [ 73.7345, 42.1907 ], [ 73.7239, 42.1908 ] ] } },
{ "type": "Feature", "properties": { "reach_id": "46219200111", "river_group": "Suusamyr", "basin": "Aral Sea drainage (unclassified tributary)", "p_width_m": 42.0, "p_wse_m": 2233.25, "p_length_m": 12351.4795, "n_overpasses": 53, "n_good_or_suspect": 2, "has_chart": false }, "geometry": { "type": "LineString", "coordinates": [ [ 73.7239, 42.1908 ], [ 73.7145, 42.1925 ], [ 73.7045, 42.1983 ], [ 73.7016, 42.2016 ], [ 73.6854, 42.2073 ], [ 73.679, 42.2051 ], [ 73.6641, 42.206 ], [ 73.6608, 42.2037 ], [ 73.6465, 42.2081 ], [ 73.6262, 42.2058 ], [ 73.6193, 42.2077 ], [ 73.6157, 42.2046 ], [ 73.6121, 42.2047 ], [ 73.6089, 42.2024 ], [ 73.6013, 42.2012 ], [ 73.5936, 42.2021 ] ] } },
{ "type": "Feature", "properties": { "reach_id": "46219200121", "river_group": "Suusamyr", "basin": "Aral Sea drainage (unclassified tributary)", "p_width_m": 42.0, "p_wse_m": 2318.9502, "p_length_m": 11205.347, "n_overpasses": 53, "n_good_or_suspect": 0, "has_chart": false }, "geometry": { "type": "LineString", "coordinates": [ [ 73.5936, 42.2021 ], [ 73.586, 42.2001 ], [ 73.5843, 42.1979 ], [ 73.577, 42.1985 ], [ 73.5622, 42.1941 ], [ 73.5555, 42.1861 ], [ 73.5285, 42.1917 ], [ 73.5148, 42.1857 ], [ 73.5043, 42.1845 ], [ 73.4993, 42.1807 ], [ 73.4863, 42.1777 ], [ 73.4775, 42.1782 ] ] } },
{ "type": "Feature", "properties": { "reach_id": "46219200136", "river_group": "Suusamyr", "basin": "Aral Sea drainage (unclassified tributary)", "p_width_m": 30.0, "p_wse_m": 2361.5, "p_length_m": 210.63744, "n_overpasses": 0, "n_good_or_suspect": 0, "has_chart": false }, "geometry": { "type": "LineString", "coordinates": [ [ 73.4775, 42.1782 ], [ 73.475, 42.1782 ] ] } },
{ "type": "Feature", "properties": { "reach_id": "46219300011", "river_group": "Naryn", "basin": "Syr Darya", "p_width_m": 84.0, "p_wse_m": 1151.3, "p_length_m": 14826.395, "n_overpasses": 53, "n_good_or_suspect": 41, "has_chart": true }, "geometry": { "type": "LineString", "coordinates": [ [ 73.8762, 41.7165 ], [ 73.8846, 41.7052 ], [ 73.885, 41.6965 ], [ 73.8913, 41.6934 ], [ 73.8895, 41.6844 ], [ 73.8969, 41.6829 ], [ 73.8979, 41.6796 ], [ 73.9046, 41.6719 ], [ 73.9075, 41.6643 ], [ 73.914, 41.6617 ], [ 73.913, 41.6522 ], [ 73.9151, 41.6474 ], [ 73.9127, 41.6433 ], [ 73.9304, 41.6335 ], [ 73.9304, 41.6316 ], [ 73.9265, 41.628 ], [ 73.9303, 41.6205 ], [ 73.9397, 41.6098 ] ] } },
{ "type": "Feature", "properties": { "reach_id": "46219300021", "river_group": "Naryn", "basin": "Syr Darya", "p_width_m": 94.0, "p_wse_m": 1178.9, "p_length_m": 10508.489, "n_overpasses": 50, "n_good_or_suspect": 39, "has_chart": true }, "geometry": { "type": "LineString", "coordinates": [ [ 73.9397, 41.6098 ], [ 73.9422, 41.6068 ], [ 73.9405, 41.6022 ], [ 73.9354, 41.5995 ], [ 73.9308, 41.6002 ], [ 73.9291, 41.5981 ], [ 73.9308, 41.5955 ], [ 73.9401, 41.5909 ], [ 73.9389, 41.5886 ], [ 73.9306, 41.5848 ], [ 73.9386, 41.5792 ], [ 73.9388, 41.5768 ], [ 73.9338, 41.5749 ], [ 73.9339, 41.5727 ], [ 73.9385, 41.5625 ], [ 73.9381, 41.5598 ], [ 73.9464, 41.5536 ], [ 73.9419, 41.5442 ], [ 73.9378, 41.5433 ] ] } },
{ "type": "Feature", "properties": { "reach_id": "46219300031", "river_group": "Naryn", "basin": "Syr Darya", "p_width_m": 87.0, "p_wse_m": 1217.125, "p_length_m": 15521.4795, "n_overpasses": 52, "n_good_or_suspect": 41, "has_chart": true }, "geometry": { "type": "LineString", "coordinates": [ [ 73.9378, 41.5433 ], [ 73.9344, 41.5411 ], [ 73.9366, 41.5363 ], [ 73.9349, 41.5322 ], [ 73.9353, 41.5279 ], [ 73.9379, 41.5246 ], [ 73.9353, 41.5229 ], [ 73.9295, 41.5226 ], [ 73.9264, 41.5172 ], [ 73.9274, 41.5137 ], [ 73.9341, 41.5089 ], [ 73.9324, 41.5051 ], [ 73.9336, 41.5003 ], [ 73.9291, 41.4962 ], [ 73.9271, 41.4918 ], [ 73.9308, 41.489 ], [ 73.9362, 41.4891 ], [ 73.9444, 41.4855 ], [ 73.9454, 41.4812 ], [ 73.9417, 41.4779 ], [ 73.9443, 41.4754 ], [ 73.949, 41.4756 ], [ 73.9493, 41.4731 ], [ 73.9527, 41.4701 ], [ 73.9616, 41.4698 ], [ 73.9681, 41.4726 ], [ 73.971, 41.4712 ], [ 73.9736, 41.4663 ], [ 73.9735, 41.4601 ], [ 73.9806, 41.4521 ] ] } },
{ "type": "Feature", "properties": { "reach_id": "46219300041", "river_group": "Naryn", "basin": "Syr Darya", "p_width_m": 402.0, "p_wse_m": 1256.3, "p_length_m": 10555.839, "n_overpasses": 52, "n_good_or_suspect": 14, "has_chart": true }, "geometry": { "type": "LineString", "coordinates": [ [ 73.9806, 41.4521 ], [ 73.9831, 41.4464 ], [ 73.9983, 41.4347 ], [ 73.9993, 41.4312 ], [ 74.004, 41.4258 ], [ 74.017, 41.4195 ], [ 74.0224, 41.4176 ], [ 74.0325, 41.4187 ], [ 74.0487, 41.4135 ], [ 74.0544, 41.4142 ], [ 74.0786, 41.4054 ] ] } },
{ "type": "Feature", "properties": { "reach_id": "46219300051", "river_group": "Naryn", "basin": "Syr Darya", "p_width_m": 217.0, "p_wse_m": 1301.75, "p_length_m": 16050.932, "n_overpasses": 53, "n_good_or_suspect": 8, "has_chart": true }, "geometry": { "type": "LineString", "coordinates": [ [ 74.0786, 41.4054 ], [ 74.1099, 41.4007 ], [ 74.1207, 41.4009 ], [ 74.1364, 41.4041 ], [ 74.1436, 41.4041 ], [ 74.1516, 41.4002 ], [ 74.1605, 41.4016 ], [ 74.1655, 41.3994 ], [ 74.1748, 41.4022 ], [ 74.1849, 41.3968 ], [ 74.1972, 41.3957 ], [ 74.2032, 41.3911 ], [ 74.2026, 41.3846 ], [ 74.2052, 41.3817 ], [ 74.224, 41.3758 ], [ 74.2312, 41.3685 ], [ 74.2352, 41.3678 ], [ 74.2394, 41.3697 ] ] } },
{ "type": "Feature", "properties": { "reach_id": "46219300061", "river_group": "Naryn", "basin": "Syr Darya", "p_width_m": 75.0, "p_wse_m": 1379.4, "p_length_m": 18929.076, "n_overpasses": 51, "n_good_or_suspect": 33, "has_chart": true }, "geometry": { "type": "LineString", "coordinates": [ [ 74.2394, 41.3697 ], [ 74.2491, 41.3739 ], [ 74.2588, 41.3713 ], [ 74.2817, 41.3767 ], [ 74.2867, 41.3805 ], [ 74.2921, 41.3785 ], [ 74.2971, 41.3789 ], [ 74.3135, 41.3873 ], [ 74.3351, 41.3862 ], [ 74.3415, 41.383 ], [ 74.348, 41.3847 ], [ 74.3537, 41.3838 ], [ 74.3605, 41.387 ], [ 74.372, 41.3833 ], [ 74.3739, 41.3862 ], [ 74.3722, 41.3906 ], [ 74.3693, 41.3924 ], [ 74.3688, 41.3957 ], [ 74.374, 41.406 ], [ 74.3794, 41.407 ], [ 74.3862, 41.3996 ], [ 74.3884, 41.3993 ], [ 74.397, 41.4021 ], [ 74.4013, 41.4088 ], [ 74.4052, 41.409 ] ] } },
{ "type": "Feature", "properties": { "reach_id": "46219300071", "river_group": "Naryn", "basin": "Syr Darya", "p_width_m": 78.0, "p_wse_m": 1416.1, "p_length_m": 11528.133, "n_overpasses": 57, "n_good_or_suspect": 53, "has_chart": true }, "geometry": { "type": "LineString", "coordinates": [ [ 74.4052, 41.409 ], [ 74.4249, 41.4116 ], [ 74.4285, 41.4192 ], [ 74.4378, 41.4195 ], [ 74.4406, 41.422 ], [ 74.4409, 41.426 ], [ 74.4474, 41.4252 ], [ 74.452, 41.4315 ], [ 74.4581, 41.4316 ], [ 74.459, 41.4334 ], [ 74.455, 41.4377 ], [ 74.463, 41.4382 ], [ 74.4652, 41.4448 ], [ 74.4685, 41.4421 ], [ 74.4825, 41.4381 ], [ 74.489, 41.4449 ], [ 74.4918, 41.4448 ] ] } },
{ "type": "Feature", "properties": { "reach_id": "46219300081", "river_group": "Naryn", "basin": "Syr Darya", "p_width_m": 94.0, "p_wse_m": 1469.9, "p_length_m": 11517.575, "n_overpasses": 82, "n_good_or_suspect": 74, "has_chart": true }, "geometry": { "type": "LineString", "coordinates": [ [ 74.4918, 41.4448 ], [ 74.4975, 41.449 ], [ 74.5003, 41.4477 ], [ 74.5002, 41.4444 ], [ 74.5033, 41.4417 ], [ 74.5076, 41.4453 ], [ 74.5115, 41.4461 ], [ 74.5284, 41.4418 ], [ 74.5331, 41.4445 ], [ 74.5417, 41.4421 ], [ 74.5482, 41.4434 ], [ 74.5546, 41.4392 ], [ 74.5615, 41.4385 ], [ 74.5687, 41.4354 ], [ 74.5777, 41.4358 ], [ 74.587, 41.4338 ], [ 74.5888, 41.4318 ], [ 74.5859, 41.425 ], [ 74.5928, 41.4228 ] ] } },
{ "type": "Feature", "properties": { "reach_id": "46219300091", "river_group": "Naryn", "basin": "Syr Darya", "p_width_m": 108.0, "p_wse_m": 1516.8, "p_length_m": 14230.582, "n_overpasses": 54, "n_good_or_suspect": 38, "has_chart": true }, "geometry": { "type": "LineString", "coordinates": [ [ 74.5928, 41.4228 ], [ 74.5993, 41.4189 ], [ 74.6049, 41.424 ], [ 74.6071, 41.4291 ], [ 74.6102, 41.4289 ], [ 74.6108, 41.4211 ], [ 74.6065, 41.4089 ], [ 74.6217, 41.4029 ], [ 74.6256, 41.4033 ], [ 74.6367, 41.4088 ], [ 74.6511, 41.4077 ], [ 74.6622, 41.4116 ], [ 74.6708, 41.4161 ], [ 74.6836, 41.4277 ], [ 74.6922, 41.4313 ], [ 74.7023, 41.4286 ] ] } },
{ "type": "Feature", "properties": { "reach_id": "46219300101", "river_group": "Kek-Art", "basin": "Aral Sea drainage (unclassified tributary)", "p_width_m": 121.0, "p_wse_m": 1296.05, "p_length_m": 10256.548, "n_overpasses": 80, "n_good_or_suspect": 67, "has_chart": true }, "geometry": { "type": "LineString", "coordinates": [ [ 73.9806, 41.4521 ], [ 73.9746, 41.4486 ], [ 73.9659, 41.4477 ], [ 73.9542, 41.4432 ], [ 73.9553, 41.4337 ], [ 73.9463, 41.4131 ], [ 73.9464, 41.4058 ], [ 73.9396, 41.3923 ], [ 73.94, 41.3882 ], [ 73.9428, 41.3847 ], [ 73.943, 41.3766 ] ] } },
{ "type": "Feature", "properties": { "reach_id": "46219300121", "river_group": "Kek-Art", "basin": "Aral Sea drainage (unclassified tributary)", "p_width_m": 54.0, "p_wse_m": 1504.875, "p_length_m": 18175.367, "n_overpasses": 0, "n_good_or_suspect": 0, "has_chart": false }, "geometry": { "type": "LineString", "coordinates": [ [ 73.943, 41.3766 ], [ 73.9446, 41.3672 ], [ 73.9425, 41.3609 ], [ 73.9452, 41.3547 ], [ 73.9383, 41.336 ], [ 73.9366, 41.3252 ], [ 73.9375, 41.3222 ], [ 73.9359, 41.3187 ], [ 73.9351, 41.3052 ], [ 73.9374, 41.2979 ], [ 73.9336, 41.2917 ], [ 73.9341, 41.289 ], [ 73.9306, 41.2784 ], [ 73.9282, 41.2732 ], [ 73.9248, 41.2708 ], [ 73.9175, 41.251 ], [ 73.9098, 41.2415 ], [ 73.9108, 41.2377 ], [ 73.9202, 41.2307 ], [ 73.9198, 41.2259 ] ] } },
{ "type": "Feature", "properties": { "reach_id": "46219300136", "river_group": "Kek-Art", "basin": "Aral Sea drainage (unclassified tributary)", "p_width_m": 63.0, "p_wse_m": 1679.95, "p_length_m": 200.37717, "n_overpasses": 0, "n_good_or_suspect": 0, "has_chart": false }, "geometry": { "type": "LineString", "coordinates": [ [ 73.9198, 41.2259 ], [ 73.9197, 41.2243 ] ] } },
{ "type": "Feature", "properties": { "reach_id": "46219400011", "river_group": "Alabuga River", "basin": "Aral Sea drainage (unclassified tributary)", "p_width_m": 144.0, "p_wse_m": 1563.4, "p_length_m": 10285.858, "n_overpasses": 80, "n_good_or_suspect": 59, "has_chart": true }, "geometry": { "type": "LineString", "coordinates": [ [ 74.7023, 41.4286 ], [ 74.6998, 41.4251 ], [ 74.7037, 41.4205 ], [ 74.7011, 41.4124 ], [ 74.7105, 41.4008 ], [ 74.715, 41.3998 ], [ 74.7208, 41.3927 ], [ 74.7259, 41.3898 ], [ 74.7252, 41.3844 ], [ 74.7315, 41.373 ], [ 74.7298, 41.3641 ], [ 74.7211, 41.3557 ], [ 74.7206, 41.3501 ] ] } },
{ "type": "Feature", "properties": { "reach_id": "46219400021", "river_group": "Alabuga River", "basin": "Aral Sea drainage (unclassified tributary)", "p_width_m": 105.0, "p_wse_m": 1642.65, "p_length_m": 10336.136, "n_overpasses": 80, "n_good_or_suspect": 23, "has_chart": true }, "geometry": { "type": "LineString", "coordinates": [ [ 74.7206, 41.3501 ], [ 74.7167, 41.3452 ], [ 74.7056, 41.3401 ], [ 74.6973, 41.3391 ], [ 74.693, 41.3365 ], [ 74.6805, 41.3377 ], [ 74.6691, 41.3274 ], [ 74.6615, 41.3242 ], [ 74.66, 41.3215 ], [ 74.6607, 41.318 ], [ 74.6498, 41.3118 ], [ 74.6491, 41.3063 ], [ 74.6348, 41.2987 ] ] } },
{ "type": "Feature", "properties": { "reach_id": "46219400041", "river_group": "Alabuga River", "basin": "Aral Sea drainage (unclassified tributary)", "p_width_m": 63.0, "p_wse_m": 1747.6, "p_length_m": 19090.86, "n_overpasses": 0, "n_good_or_suspect": 0, "has_chart": false }, "geometry": { "type": "LineString", "coordinates": [ [ 74.6348, 41.2987 ], [ 74.6277, 41.2939 ], [ 74.622, 41.2873 ], [ 74.6163, 41.2873 ], [ 74.6084, 41.2804 ], [ 74.6037, 41.2804 ], [ 74.5987, 41.2778 ], [ 74.5962, 41.2739 ], [ 74.5894, 41.2746 ], [ 74.5759, 41.2692 ], [ 74.5698, 41.2691 ], [ 74.5556, 41.2637 ], [ 74.553, 41.2598 ], [ 74.5487, 41.2622 ], [ 74.5461, 41.259 ], [ 74.5415, 41.2596 ], [ 74.5323, 41.2553 ], [ 74.5283, 41.2571 ], [ 74.523, 41.2531 ], [ 74.5185, 41.252 ], [ 74.5141, 41.2473 ], [ 74.5101, 41.2484 ], [ 74.498, 41.2447 ], [ 74.4891, 41.244 ], [ 74.4827, 41.2407 ], [ 74.4821, 41.2382 ], [ 74.478, 41.2346 ], [ 74.4716, 41.2348 ], [ 74.4648, 41.2324 ], [ 74.4624, 41.2273 ] ] } },
{ "type": "Feature", "properties": { "reach_id": "46219400056", "river_group": "Alabuga River", "basin": "Aral Sea drainage (unclassified tributary)", "p_width_m": 73.5, "p_wse_m": 1817.625, "p_length_m": 196.74979, "n_overpasses": 0, "n_good_or_suspect": 0, "has_chart": false }, "geometry": { "type": "LineString", "coordinates": [ [ 74.4624, 41.2273 ], [ 74.4609, 41.2259 ] ] } },
{ "type": "Feature", "properties": { "reach_id": "46219500011", "river_group": "Naryn", "basin": "Syr Darya", "p_width_m": 229.0, "p_wse_m": 1548.2001, "p_length_m": 12921.915, "n_overpasses": 78, "n_good_or_suspect": 56, "has_chart": true }, "geometry": { "type": "LineString", "coordinates": [ [ 74.7023, 41.4286 ], [ 74.7088, 41.4281 ], [ 74.7148, 41.4308 ], [ 74.7192, 41.4308 ], [ 74.7346, 41.4381 ], [ 74.7482, 41.4366 ], [ 74.7551, 41.4303 ], [ 74.7628, 41.4298 ], [ 74.7702, 41.4226 ], [ 74.7802, 41.4186 ], [ 74.7928, 41.4199 ], [ 74.8007, 41.4173 ], [ 74.8111, 41.4164 ], [ 74.8222, 41.4229 ], [ 74.8373, 41.4236 ] ] } },
{ "type": "Feature", "properties": { "reach_id": "46219500021", "river_group": "Naryn", "basin": "Syr Darya", "p_width_m": 339.0, "p_wse_m": 1583.4, "p_length_m": 10731.096, "n_overpasses": 55, "n_good_or_suspect": 29, "has_chart": true }, "geometry": { "type": "LineString", "coordinates": [ [ 74.8373, 41.4236 ], [ 74.842, 41.4226 ], [ 74.8484, 41.4173 ], [ 74.8664, 41.4181 ], [ 74.8761, 41.4227 ], [ 74.8976, 41.424 ], [ 74.9131, 41.4199 ], [ 74.9174, 41.4174 ], [ 74.9253, 41.4187 ], [ 74.9328, 41.4166 ], [ 74.9554, 41.4146 ] ] } },
{ "type": "Feature", "properties": { "reach_id": "46219500031", "river_group": "Naryn", "basin": "Syr Darya", "p_width_m": 248.0, "p_wse_m": 1621.15, "p_length_m": 10803.929, "n_overpasses": 55, "n_good_or_suspect": 30, "has_chart": true }, "geometry": { "type": "LineString", "coordinates": [ [ 74.9554, 41.4146 ], [ 74.9745, 41.4109 ], [ 74.9867, 41.4154 ], [ 74.9946, 41.4216 ], [ 75.0014, 41.4209 ], [ 75.0111, 41.4274 ], [ 75.019, 41.4289 ], [ 75.0315, 41.4284 ], [ 75.0394, 41.4254 ], [ 75.0513, 41.4269 ], [ 75.0585, 41.4239 ], [ 75.0707, 41.4275 ] ] } },
{ "type": "Feature", "properties": { "reach_id": "46219500041", "river_group": "Naryn", "basin": "Syr Darya", "p_width_m": 328.5, "p_wse_m": 1657.475, "p_length_m": 11915.576, "n_overpasses": 55, "n_good_or_suspect": 17, "has_chart": true }, "geometry": { "type": "LineString", "coordinates": [ [ 75.0707, 41.4275 ], [ 75.0908, 41.4309 ], [ 75.112, 41.4258 ], [ 75.122, 41.4283 ], [ 75.1267, 41.4271 ], [ 75.1353, 41.43 ], [ 75.1547, 41.426 ], [ 75.168, 41.4302 ], [ 75.1849, 41.4316 ], [ 75.2036, 41.4396 ] ] } },
{ "type": "Feature", "properties": { "reach_id": "46219500051", "river_group": "Naryn", "basin": "Syr Darya", "p_width_m": 205.0, "p_wse_m": 1691.4, "p_length_m": 11587.048, "n_overpasses": 55, "n_good_or_suspect": 28, "has_chart": true }, "geometry": { "type": "LineString", "coordinates": [ [ 75.2036, 41.4396 ], [ 75.2079, 41.4415 ], [ 75.2129, 41.4414 ], [ 75.2226, 41.4473 ], [ 75.2262, 41.447 ], [ 75.2301, 41.4441 ], [ 75.2388, 41.445 ], [ 75.2492, 41.441 ], [ 75.2589, 41.4401 ], [ 75.2582, 41.4344 ], [ 75.2743, 41.4315 ], [ 75.2777, 41.429 ], [ 75.2786, 41.4254 ], [ 75.2814, 41.4228 ], [ 75.2904, 41.4234 ], [ 75.2975, 41.4192 ], [ 75.3062, 41.42 ], [ 75.3151, 41.4172 ] ] } },
{ "type": "Feature", "properties": { "reach_id": "46219500061", "river_group": "Naryn", "basin": "Syr Darya", "p_width_m": 198.0, "p_wse_m": 1731.2749, "p_length_m": 16986.846, "n_overpasses": 77, "n_good_or_suspect": 37, "has_chart": true }, "geometry": { "type": "LineString", "coordinates": [ [ 75.3151, 41.4172 ], [ 75.3312, 41.4061 ], [ 75.346, 41.4086 ], [ 75.3506, 41.412 ], [ 75.3546, 41.4115 ], [ 75.3574, 41.4098 ], [ 75.3577, 41.4058 ], [ 75.3656, 41.3936 ], [ 75.3717, 41.392 ], [ 75.375, 41.397 ], [ 75.3804, 41.3994 ], [ 75.4004, 41.384 ], [ 75.4076, 41.3892 ], [ 75.4176, 41.3864 ], [ 75.4305, 41.3855 ], [ 75.4395, 41.3893 ], [ 75.4545, 41.3836 ], [ 75.4616, 41.3851 ], [ 75.4663, 41.3889 ] ] } },
{ "type": "Feature", "properties": { "reach_id": "46219500071", "river_group": "Naryn", "basin": "Syr Darya", "p_width_m": 237.0, "p_wse_m": 1784.85, "p_length_m": 12435.639, "n_overpasses": 77, "n_good_or_suspect": 39, "has_chart": true }, "geometry": { "type": "LineString", "coordinates": [ [ 75.4663, 41.3889 ], [ 75.4735, 41.3917 ], [ 75.4786, 41.3877 ], [ 75.4858, 41.385 ], [ 75.4902, 41.3808 ], [ 75.5004, 41.3761 ], [ 75.5209, 41.3776 ], [ 75.5391, 41.3721 ], [ 75.5463, 41.3726 ], [ 75.5581, 41.3692 ], [ 75.57, 41.3696 ], [ 75.575, 41.3716 ], [ 75.5839, 41.3694 ], [ 75.5929, 41.3696 ], [ 75.5976, 41.3708 ], [ 75.5983, 41.3726 ] ] } },
{ "type": "Feature", "properties": { "reach_id": "46219600011", "river_group": "At-Bashi River", "basin": "Aral Sea drainage (unclassified tributary)", "p_width_m": 67.0, "p_wse_m": 1819.3, "p_length_m": 4465.9033, "n_overpasses": 58, "n_good_or_suspect": 43, "has_chart": true }, "geometry": { "type": "LineString", "coordinates": [ [ 75.5983, 41.3726 ], [ 75.6041, 41.3722 ], [ 75.6076, 41.3692 ], [ 75.6096, 41.3704 ], [ 75.6103, 41.3734 ], [ 75.617, 41.3756 ], [ 75.6209, 41.3735 ], [ 75.6237, 41.374 ], [ 75.6252, 41.3707 ], [ 75.6302, 41.3718 ], [ 75.6363, 41.3705 ], [ 75.6389, 41.3683 ] ] } },
{ "type": "Feature", "properties": { "reach_id": "46219600024", "river_group": "At-Bashi River", "basin": "Aral Sea drainage (unclassified tributary)", "p_width_m": 80.0, "p_wse_m": 1890.7, "p_length_m": 393.9518, "n_overpasses": 0, "n_good_or_suspect": 0, "has_chart": false }, "geometry": { "type": "LineString", "coordinates": [ [ 75.6389, 41.3683 ], [ 75.6381, 41.3648 ] ] } },
{ "type": "Feature", "properties": { "reach_id": "46219600031", "river_group": "At-Bashi River", "basin": "Aral Sea drainage (unclassified tributary)", "p_width_m": 92.5, "p_wse_m": 1903.4, "p_length_m": 1330.5535, "n_overpasses": 43, "n_good_or_suspect": 37, "has_chart": true }, "geometry": { "type": "LineString", "coordinates": [ [ 75.6381, 41.3648 ], [ 75.6385, 41.3616 ], [ 75.642, 41.3575 ], [ 75.6416, 41.3535 ] ] } },
{ "type": "Feature", "properties": { "reach_id": "46219600043", "river_group": "At-Bashi River", "basin": "Aral Sea drainage (unclassified tributary)", "p_width_m": 151.0, "p_wse_m": 1904.0, "p_length_m": 1775.3062, "n_overpasses": 0, "n_good_or_suspect": 0, "has_chart": false }, "geometry": { "type": "LineString", "coordinates": [ [ 75.6416, 41.3535 ], [ 75.6444, 41.3487 ], [ 75.6501, 41.3496 ], [ 75.6572, 41.3464 ] ] } },
{ "type": "Feature", "properties": { "reach_id": "46219600051", "river_group": "At-Bashi River", "basin": "Aral Sea drainage (unclassified tributary)", "p_width_m": 54.0, "p_wse_m": 1925.4, "p_length_m": 11409.766, "n_overpasses": 48, "n_good_or_suspect": 42, "has_chart": true }, "geometry": { "type": "LineString", "coordinates": [ [ 75.6572, 41.3464 ], [ 75.6637, 41.3475 ], [ 75.6705, 41.345 ], [ 75.674, 41.3453 ], [ 75.671, 41.3419 ], [ 75.674, 41.3408 ], [ 75.6769, 41.3363 ], [ 75.6812, 41.3373 ], [ 75.6825, 41.3338 ], [ 75.6799, 41.3305 ], [ 75.6843, 41.3278 ], [ 75.6819, 41.3249 ], [ 75.6825, 41.3208 ], [ 75.6852, 41.317 ], [ 75.6834, 41.3149 ], [ 75.6871, 41.3127 ], [ 75.6848, 41.3094 ], [ 75.687, 41.3069 ], [ 75.6905, 41.3069 ], [ 75.6907, 41.3043 ], [ 75.6935, 41.3016 ], [ 75.6935, 41.2989 ], [ 75.6906, 41.2964 ], [ 75.6916, 41.2945 ], [ 75.6983, 41.2925 ], [ 75.6994, 41.2885 ], [ 75.7023, 41.2869 ], [ 75.6999, 41.2821 ] ] } },
{ "type": "Feature", "properties": { "reach_id": "46219600061", "river_group": "At-Bashi River", "basin": "Aral Sea drainage (unclassified tributary)", "p_width_m": 68.0, "p_wse_m": 1969.0, "p_length_m": 11376.22, "n_overpasses": 48, "n_good_or_suspect": 32, "has_chart": true }, "geometry": { "type": "LineString", "coordinates": [ [ 75.6999, 41.2821 ], [ 75.7053, 41.2758 ], [ 75.7118, 41.2723 ], [ 75.7122, 41.2668 ], [ 75.7205, 41.2614 ], [ 75.7234, 41.2562 ], [ 75.7281, 41.2524 ], [ 75.7278, 41.2486 ], [ 75.7333, 41.241 ], [ 75.7318, 41.2297 ], [ 75.7342, 41.2275 ], [ 75.7343, 41.2251 ], [ 75.731, 41.2159 ], [ 75.7401, 41.2045 ], [ 75.7381, 41.1999 ], [ 75.7402, 41.1945 ] ] } },
{ "type": "Feature", "properties": { "reach_id": "46219600071", "river_group": "At-Bashi River", "basin": "Aral Sea drainage (unclassified tributary)", "p_width_m": 98.0, "p_wse_m": 2057.6, "p_length_m": 17370.945, "n_overpasses": 73, "n_good_or_suspect": 38, "has_chart": true }, "geometry": { "type": "LineString", "coordinates": [ [ 75.7402, 41.1945 ], [ 75.7426, 41.1888 ], [ 75.7462, 41.1877 ], [ 75.75, 41.1829 ], [ 75.7561, 41.1804 ], [ 75.7721, 41.1692 ], [ 75.7771, 41.1621 ], [ 75.7823, 41.1594 ], [ 75.7927, 41.1576 ], [ 75.7973, 41.1578 ], [ 75.8027, 41.1611 ], [ 75.8198, 41.1579 ], [ 75.8252, 41.16 ], [ 75.8406, 41.158 ], [ 75.8535, 41.1597 ], [ 75.8656, 41.1553 ], [ 75.8727, 41.156 ], [ 75.8997, 41.1654 ], [ 75.904, 41.1698 ], [ 75.9094, 41.171 ] ] } },
{ "type": "Feature", "properties": { "reach_id": "46219600081", "river_group": "At-Bashi River", "basin": "Aral Sea drainage (unclassified tributary)", "p_width_m": 42.0, "p_wse_m": 2235.85, "p_length_m": 18095.465, "n_overpasses": 73, "n_good_or_suspect": 11, "has_chart": true }, "geometry": { "type": "LineString", "coordinates": [ [ 75.9094, 41.171 ], [ 75.92, 41.1741 ], [ 75.9249, 41.1786 ], [ 75.9371, 41.1825 ], [ 75.9425, 41.1827 ], [ 75.9475, 41.1859 ], [ 75.959, 41.1877 ], [ 75.9615, 41.19 ], [ 75.9687, 41.1923 ], [ 75.9748, 41.1924 ], [ 75.9817, 41.197 ], [ 75.9913, 41.1963 ], [ 75.9995, 41.1929 ], [ 76.0267, 41.1931 ], [ 76.0538, 41.1853 ], [ 76.0835, 41.191 ], [ 76.0896, 41.1908 ], [ 76.104, 41.1946 ] ] } },
{ "type": "Feature", "properties": { "reach_id": "46219600091", "river_group": "At-Bashi River", "basin": "Aral Sea drainage (unclassified tributary)", "p_width_m": 75.0, "p_wse_m": 2403.625, "p_length_m": 11594.12, "n_overpasses": 72, "n_good_or_suspect": 20, "has_chart": true }, "geometry": { "type": "LineString", "coordinates": [ [ 76.104, 41.1946 ], [ 76.1154, 41.1965 ], [ 76.1296, 41.2054 ], [ 76.149, 41.2116 ], [ 76.1662, 41.2146 ], [ 76.1914, 41.2221 ], [ 76.2014, 41.221 ], [ 76.2116, 41.2267 ], [ 76.2237, 41.2256 ], [ 76.2273, 41.2278 ] ] } },
{ "type": "Feature", "properties": { "reach_id": "46219600111", "river_group": "At-Bashi River", "basin": "Aral Sea drainage (unclassified tributary)", "p_width_m": 42.0, "p_wse_m": 2525.725, "p_length_m": 16629.416, "n_overpasses": 0, "n_good_or_suspect": 0, "has_chart": false }, "geometry": { "type": "LineString", "coordinates": [ [ 76.2273, 41.2278 ], [ 76.232, 41.2306 ], [ 76.2467, 41.2301 ], [ 76.2574, 41.2262 ], [ 76.2678, 41.2302 ], [ 76.275, 41.2287 ], [ 76.28, 41.2303 ], [ 76.2922, 41.2298 ], [ 76.3131, 41.2369 ], [ 76.3199, 41.2365 ], [ 76.3375, 41.2438 ], [ 76.344, 41.244 ], [ 76.3466, 41.2468 ], [ 76.363, 41.2441 ], [ 76.3648, 41.2465 ], [ 76.3684, 41.2456 ], [ 76.3698, 41.2477 ], [ 76.3759, 41.2453 ], [ 76.3781, 41.2472 ], [ 76.3826, 41.247 ], [ 76.3849, 41.2485 ], [ 76.4016, 41.2446 ] ] } },
{ "type": "Feature", "properties": { "reach_id": "46219600126", "river_group": "At-Bashi River", "basin": "Aral Sea drainage (unclassified tributary)", "p_width_m": 36.0, "p_wse_m": 2608.9001, "p_length_m": 201.48569, "n_overpasses": 0, "n_good_or_suspect": 0, "has_chart": false }, "geometry": { "type": "LineString", "coordinates": [ [ 76.4016, 41.2446 ], [ 76.4038, 41.2445 ] ] } },
{ "type": "Feature", "properties": { "reach_id": "46219700021", "river_group": "Naryn", "basin": "Syr Darya", "p_width_m": 150.0, "p_wse_m": 1831.6, "p_length_m": 9797.217, "n_overpasses": 48, "n_good_or_suspect": 7, "has_chart": true }, "geometry": { "type": "LineString", "coordinates": [ [ 75.5983, 41.3726 ], [ 75.5998, 41.3756 ], [ 75.607, 41.3799 ], [ 75.6189, 41.3823 ], [ 75.6254, 41.3882 ], [ 75.6344, 41.391 ], [ 75.6437, 41.3902 ], [ 75.6488, 41.3964 ], [ 75.6504, 41.402 ], [ 75.6575, 41.4079 ], [ 75.6676, 41.409 ], [ 75.6733, 41.4128 ], [ 75.6796, 41.4224 ] ] } },
{ "type": "Feature", "properties": { "reach_id": "46219700031", "river_group": "Naryn", "basin": "Syr Darya", "p_width_m": 96.0, "p_wse_m": 1894.6, "p_length_m": 15048.156, "n_overpasses": 48, "n_good_or_suspect": 42, "has_chart": true }, "geometry": { "type": "LineString", "coordinates": [ [ 75.6796, 41.4224 ], [ 75.6904, 41.433 ], [ 75.6951, 41.434 ], [ 75.7052, 41.4326 ], [ 75.7138, 41.4394 ], [ 75.7178, 41.4407 ], [ 75.73, 41.4397 ], [ 75.7365, 41.4463 ], [ 75.7498, 41.4419 ], [ 75.7522, 41.4433 ], [ 75.7542, 41.4494 ], [ 75.7599, 41.4473 ], [ 75.7674, 41.4476 ], [ 75.7747, 41.452 ], [ 75.7919, 41.4519 ], [ 75.7968, 41.4538 ], [ 75.8014, 41.4615 ], [ 75.8049, 41.4611 ], [ 75.8051, 41.4578 ], [ 75.8067, 41.4566 ], [ 75.8143, 41.4608 ] ] } },
{ "type": "Feature", "properties": { "reach_id": "46219700041", "river_group": "Naryn", "basin": "Syr Darya", "p_width_m": 89.0, "p_wse_m": 1967.1, "p_length_m": 14866.687, "n_overpasses": 76, "n_good_or_suspect": 64, "has_chart": true }, "geometry": { "type": "LineString", "coordinates": [ [ 75.8143, 41.4608 ], [ 75.8233, 41.46 ], [ 75.8322, 41.4554 ], [ 75.8347, 41.456 ], [ 75.8394, 41.4609 ], [ 75.8416, 41.4607 ], [ 75.8438, 41.4554 ], [ 75.842, 41.4503 ], [ 75.8454, 41.4476 ], [ 75.8497, 41.4483 ], [ 75.8523, 41.4539 ], [ 75.8566, 41.4543 ], [ 75.8587, 41.4526 ], [ 75.8583, 41.4483 ], [ 75.8598, 41.4453 ], [ 75.8665, 41.4401 ], [ 75.8772, 41.4368 ], [ 75.8807, 41.4316 ], [ 75.8843, 41.4341 ], [ 75.8879, 41.433 ], [ 75.8926, 41.4344 ], [ 75.8972, 41.432 ], [ 75.9023, 41.4322 ], [ 75.9106, 41.4366 ], [ 75.921, 41.439 ], [ 75.9321, 41.4325 ], [ 75.9356, 41.4333 ] ] } },
{ "type": "Feature", "properties": { "reach_id": "46219700051", "river_group": "Naryn", "basin": "Syr Darya", "p_width_m": 77.0, "p_wse_m": 2037.1, "p_length_m": 13495.402, "n_overpasses": 76, "n_good_or_suspect": 49, "has_chart": true }, "geometry": { "type": "LineString", "coordinates": [ [ 75.9356, 41.4333 ], [ 75.9404, 41.4363 ], [ 75.9447, 41.433 ], [ 75.9497, 41.4329 ], [ 75.9525, 41.4293 ], [ 75.9593, 41.4302 ], [ 75.9647, 41.4281 ], [ 75.9701, 41.4306 ], [ 75.9805, 41.4291 ], [ 75.9975, 41.4356 ], [ 76.0217, 41.4231 ], [ 76.0282, 41.4258 ], [ 76.0336, 41.4261 ], [ 76.0365, 41.43 ], [ 76.0401, 41.4305 ], [ 76.0458, 41.4279 ], [ 76.0502, 41.4312 ], [ 76.0588, 41.4329 ], [ 76.0692, 41.4289 ] ] } },
{ "type": "Feature", "properties": { "reach_id": "46219700061", "river_group": "Naryn", "basin": "Syr Darya", "p_width_m": 84.0, "p_wse_m": 2099.4, "p_length_m": 11366.92, "n_overpasses": 74, "n_good_or_suspect": 44, "has_chart": true }, "geometry": { "type": "LineString", "coordinates": [ [ 76.0692, 41.4289 ], [ 76.0782, 41.4313 ], [ 76.083, 41.4373 ], [ 76.1003, 41.4408 ], [ 76.1036, 41.4451 ], [ 76.1292, 41.4519 ], [ 76.1464, 41.4525 ], [ 76.1578, 41.4477 ], [ 76.1705, 41.4504 ], [ 76.1791, 41.4507 ], [ 76.1837, 41.448 ], [ 76.1871, 41.4499 ] ] } },
{ "type": "Feature", "properties": { "reach_id": "46219700071", "river_group": "Naryn", "basin": "Syr Darya", "p_width_m": 75.0, "p_wse_m": 2158.2, "p_length_m": 9223.968, "n_overpasses": 50, "n_good_or_suspect": 27, "has_chart": true }, "geometry": { "type": "LineString", "coordinates": [ [ 76.1871, 41.4499 ], [ 76.1902, 41.4503 ], [ 76.202, 41.4466 ], [ 76.212, 41.4465 ], [ 76.2186, 41.4526 ], [ 76.2298, 41.4563 ], [ 76.2367, 41.4608 ], [ 76.2582, 41.4556 ], [ 76.2668, 41.4564 ], [ 76.2795, 41.4456 ] ] } },
{ "type": "Feature", "properties": { "reach_id": "46219700081", "river_group": "Naryn", "basin": "Syr Darya", "p_width_m": 80.0, "p_wse_m": 2206.975, "p_length_m": 9236.237, "n_overpasses": 53, "n_good_or_suspect": 35, "has_chart": true }, "geometry": { "type": "LineString", "coordinates": [ [ 76.2795, 41.4456 ], [ 76.2871, 41.4471 ], [ 76.2958, 41.4525 ], [ 76.2948, 41.4563 ], [ 76.2959, 41.4575 ], [ 76.3071, 41.4565 ], [ 76.3219, 41.4606 ], [ 76.3231, 41.4668 ], [ 76.3303, 41.4664 ], [ 76.3332, 41.4683 ], [ 76.3338, 41.4772 ], [ 76.3412, 41.48 ], [ 76.3393, 41.4818 ], [ 76.341, 41.4837 ], [ 76.3481, 41.4805 ] ] } },
{ "type": "Feature", "properties": { "reach_id": "46219700091", "river_group": "Naryn", "basin": "Syr Darya", "p_width_m": 84.0, "p_wse_m": 2243.45, "p_length_m": 9269.366, "n_overpasses": 50, "n_good_or_suspect": 35, "has_chart": true }, "geometry": { "type": "LineString", "coordinates": [ [ 76.3481, 41.4805 ], [ 76.3564, 41.4795 ], [ 76.3703, 41.4896 ], [ 76.3792, 41.4892 ], [ 76.3798, 41.4905 ], [ 76.3764, 41.4932 ], [ 76.3758, 41.4957 ], [ 76.3878, 41.5016 ], [ 76.3894, 41.5009 ], [ 76.389, 41.4979 ], [ 76.3905, 41.4964 ], [ 76.3967, 41.4971 ], [ 76.4016, 41.4946 ], [ 76.4077, 41.4943 ], [ 76.4109, 41.4913 ], [ 76.4205, 41.4918 ], [ 76.4229, 41.4956 ] ] } },
{ "type": "Feature", "properties": { "reach_id": "46219800011", "river_group": "Bolgart", "basin": "Aral Sea drainage (unclassified tributary)", "p_width_m": 63.0, "p_wse_m": 2321.9001, "p_length_m": 19419.307, "n_overpasses": 51, "n_good_or_suspect": 15, "has_chart": true }, "geometry": { "type": "LineString", "coordinates": [ [ 76.4229, 41.4956 ], [ 76.4253, 41.4983 ], [ 76.4244, 41.5024 ], [ 76.4271, 41.5057 ], [ 76.4311, 41.5069 ], [ 76.4286, 41.5128 ], [ 76.4308, 41.5155 ], [ 76.4295, 41.518 ], [ 76.4323, 41.5209 ], [ 76.428, 41.5272 ], [ 76.431, 41.5306 ], [ 76.4296, 41.5331 ], [ 76.4304, 41.539 ], [ 76.4281, 41.5426 ], [ 76.4338, 41.5449 ], [ 76.4328, 41.5539 ], [ 76.4355, 41.5563 ], [ 76.4337, 41.5587 ], [ 76.4384, 41.5604 ], [ 76.4366, 41.5652 ], [ 76.4419, 41.5702 ], [ 76.4426, 41.574 ], [ 76.4401, 41.577 ], [ 76.4431, 41.5791 ], [ 76.4457, 41.5853 ], [ 76.4447, 41.5872 ], [ 76.4372, 41.5903 ], [ 76.431, 41.5987 ], [ 76.4344, 41.6044 ], [ 76.4388, 41.6068 ], [ 76.4381, 41.61 ], [ 76.4428, 41.6178 ], [ 76.441, 41.6246 ], [ 76.4357, 41.6279 ], [ 76.436, 41.6308 ], [ 76.4318, 41.6357 ], [ 76.4323, 41.6382 ] ] } },
{ "type": "Feature", "properties": { "reach_id": "46219800021", "river_group": "Bolgart", "basin": "Aral Sea drainage (unclassified tributary)", "p_width_m": 60.0, "p_wse_m": 2514.9502, "p_length_m": 19392.555, "n_overpasses": 47, "n_good_or_suspect": 25, "has_chart": true }, "geometry": { "type": "LineString", "coordinates": [ [ 76.4323, 41.6382 ], [ 76.4323, 41.6401 ], [ 76.4288, 41.6428 ], [ 76.4299, 41.6477 ], [ 76.4251, 41.6566 ], [ 76.4298, 41.6639 ], [ 76.4421, 41.6643 ], [ 76.4515, 41.6685 ], [ 76.4558, 41.6671 ], [ 76.4602, 41.6678 ], [ 76.4715, 41.6745 ], [ 76.4831, 41.6775 ], [ 76.4877, 41.6767 ], [ 76.495, 41.6802 ], [ 76.5134, 41.6782 ], [ 76.5325, 41.6785 ], [ 76.5464, 41.6747 ], [ 76.5587, 41.6744 ], [ 76.5676, 41.6706 ], [ 76.5748, 41.6695 ], [ 76.6019, 41.6721 ], [ 76.6098, 41.6705 ] ] } },
{ "type": "Feature", "properties": { "reach_id": "46219800031", "river_group": "Bolgart", "basin": "Aral Sea drainage (unclassified tributary)", "p_width_m": 42.0, "p_wse_m": 2636.3, "p_length_m": 19949.553, "n_overpasses": 82, "n_good_or_suspect": 49, "has_chart": true }, "geometry": { "type": "LineString", "coordinates": [ [ 76.6098, 41.6705 ], [ 76.6318, 41.6737 ], [ 76.6377, 41.6787 ], [ 76.6446, 41.6792 ], [ 76.6501, 41.6844 ], [ 76.6717, 41.6949 ], [ 76.6911, 41.6946 ], [ 76.6944, 41.6916 ], [ 76.6949, 41.6868 ], [ 76.705, 41.6885 ], [ 76.7093, 41.6866 ], [ 76.7132, 41.6894 ], [ 76.7149, 41.6948 ], [ 76.7213, 41.7026 ], [ 76.7344, 41.7092 ], [ 76.7463, 41.7092 ], [ 76.7534, 41.7055 ], [ 76.7581, 41.705 ], [ 76.7621, 41.7069 ], [ 76.7646, 41.7063 ], [ 76.7683, 41.7094 ], [ 76.777, 41.7106 ], [ 76.7818, 41.714 ], [ 76.7886, 41.7135 ], [ 76.7996, 41.7175 ] ] } },
{ "type": "Feature", "properties": { "reach_id": "46219800041", "river_group": "Bolgart", "basin": "Aral Sea drainage (unclassified tributary)", "p_width_m": 42.0, "p_wse_m": 2750.6, "p_length_m": 14449.249, "n_overpasses": 82, "n_good_or_suspect": 48, "has_chart": true }, "geometry": { "type": "LineString", "coordinates": [ [ 76.7996, 41.7175 ], [ 76.8035, 41.7181 ], [ 76.8052, 41.7218 ], [ 76.8127, 41.7248 ], [ 76.82, 41.7253 ], [ 76.8235, 41.7237 ], [ 76.8409, 41.7264 ], [ 76.8452, 41.7252 ], [ 76.8503, 41.7273 ], [ 76.8607, 41.7247 ], [ 76.8667, 41.7203 ], [ 76.8809, 41.723 ], [ 76.8909, 41.7219 ], [ 76.9, 41.7256 ], [ 76.9164, 41.7291 ], [ 76.9238, 41.7339 ], [ 76.9376, 41.7395 ], [ 76.9456, 41.74 ], [ 76.9518, 41.7434 ] ] } },
{ "type": "Feature", "properties": { "reach_id": "46219800051", "river_group": "Bolgart", "basin": "Aral Sea drainage (unclassified tributary)", "p_width_m": 42.0, "p_wse_m": 2858.05, "p_length_m": 12388.952, "n_overpasses": 83, "n_good_or_suspect": 40, "has_chart": true }, "geometry": { "type": "LineString", "coordinates": [ [ 76.9518, 41.7434 ], [ 76.9565, 41.7436 ], [ 76.9591, 41.7472 ], [ 76.9679, 41.7498 ], [ 76.9708, 41.7523 ], [ 76.9849, 41.7533 ], [ 76.9926, 41.757 ], [ 77.0038, 41.7578 ], [ 77.0104, 41.7599 ], [ 77.0164, 41.7638 ], [ 77.0203, 41.764 ], [ 77.0222, 41.7669 ], [ 77.0404, 41.7723 ], [ 77.0457, 41.7813 ], [ 77.0499, 41.7851 ], [ 77.0688, 41.7909 ], [ 77.0727, 41.79 ] ] } },
{ "type": "Feature", "properties": { "reach_id": "46219800061", "river_group": "Bolgart", "basin": "Aral Sea drainage (unclassified tributary)", "p_width_m": 63.0, "p_wse_m": 2947.2, "p_length_m": 12327.388, "n_overpasses": 83, "n_good_or_suspect": 41, "has_chart": true }, "geometry": { "type": "LineString", "coordinates": [ [ 77.0727, 41.79 ], [ 77.0753, 41.7912 ], [ 77.0828, 41.7896 ], [ 77.0861, 41.7919 ], [ 77.0912, 41.792 ], [ 77.0951, 41.7955 ], [ 77.0958, 41.7984 ], [ 77.1008, 41.7992 ], [ 77.1169, 41.7943 ], [ 77.125, 41.7891 ], [ 77.1327, 41.7902 ], [ 77.1424, 41.7893 ], [ 77.1479, 41.7917 ], [ 77.1483, 41.7859 ], [ 77.1505, 41.7844 ], [ 77.1545, 41.7853 ], [ 77.1599, 41.7831 ], [ 77.1744, 41.7863 ], [ 77.1858, 41.7814 ], [ 77.192, 41.783 ] ] } },
{ "type": "Feature", "properties": { "reach_id": "46219800071", "river_group": "Bolgart", "basin": "Aral Sea drainage (unclassified tributary)", "p_width_m": 94.0, "p_wse_m": 3000.2, "p_length_m": 19387.238, "n_overpasses": 55, "n_good_or_suspect": 17, "has_chart": true }, "geometry": { "type": "LineString", "coordinates": [ [ 77.192, 41.783 ], [ 77.198, 41.7817 ], [ 77.1985, 41.7776 ], [ 77.2011, 41.7754 ], [ 77.2134, 41.7768 ], [ 77.219, 41.7722 ], [ 77.2256, 41.7737 ], [ 77.2319, 41.7681 ], [ 77.2521, 41.7672 ], [ 77.2602, 41.7613 ], [ 77.2873, 41.762 ], [ 77.3299, 41.7534 ], [ 77.3573, 41.7518 ], [ 77.3737, 41.7472 ], [ 77.3781, 41.7446 ], [ 77.3808, 41.7405 ], [ 77.3775, 41.7325 ], [ 77.3783, 41.7308 ] ] } },
{ "type": "Feature", "properties": { "reach_id": "46219800081", "river_group": "Bolgart", "basin": "Aral Sea drainage (unclassified tributary)", "p_width_m": 48.0, "p_wse_m": 3331.2, "p_length_m": 10540.268, "n_overpasses": 53, "n_good_or_suspect": 4, "has_chart": false }, "geometry": { "type": "LineString", "coordinates": [ [ 77.3783, 41.7308 ], [ 77.3792, 41.7295 ], [ 77.377, 41.7236 ], [ 77.3769, 41.7165 ], [ 77.378, 41.7092 ], [ 77.3807, 41.7057 ], [ 77.3805, 41.6997 ], [ 77.3854, 41.6938 ], [ 77.4166, 41.6887 ], [ 77.4304, 41.6831 ], [ 77.4333, 41.6839 ], [ 77.4545, 41.6808 ] ] } },
{ "type": "Feature", "properties": { "reach_id": "46219800096", "river_group": "Bolgart", "basin": "Aral Sea drainage (unclassified tributary)", "p_width_m": 36.0, "p_wse_m": 3539.3, "p_length_m": 188.09999, "n_overpasses": 0, "n_good_or_suspect": 0, "has_chart": false }, "geometry": { "type": "LineString", "coordinates": [ [ 77.4545, 41.6808 ], [ 77.4566, 41.6803 ] ] } },
{ "type": "Feature", "properties": { "reach_id": "46219900011", "river_group": "Naryn", "basin": "Syr Darya", "p_width_m": 63.0, "p_wse_m": 2343.8, "p_length_m": 17672.03, "n_overpasses": 53, "n_good_or_suspect": 20, "has_chart": true }, "geometry": { "type": "LineString", "coordinates": [ [ 76.4229, 41.4956 ], [ 76.4318, 41.4955 ], [ 76.4371, 41.4914 ], [ 76.4479, 41.4913 ], [ 76.4593, 41.4867 ], [ 76.4651, 41.4873 ], [ 76.4703, 41.4904 ], [ 76.4832, 41.494 ], [ 76.4911, 41.4926 ], [ 76.5012, 41.4945 ], [ 76.5108, 41.4923 ], [ 76.5206, 41.4937 ], [ 76.5194, 41.4895 ], [ 76.5207, 41.4865 ], [ 76.5155, 41.482 ], [ 76.5143, 41.4763 ], [ 76.5168, 41.4726 ], [ 76.5261, 41.468 ], [ 76.534, 41.4682 ], [ 76.5396, 41.4747 ], [ 76.5424, 41.4756 ], [ 76.5471, 41.4743 ], [ 76.5481, 41.4717 ], [ 76.5506, 41.4717 ], [ 76.554, 41.4739 ], [ 76.5543, 41.478 ], [ 76.5576, 41.4811 ], [ 76.5626, 41.4789 ], [ 76.5684, 41.4809 ] ] } },
{ "type": "Feature", "properties": { "reach_id": "46219900021", "river_group": "Naryn", "basin": "Syr Darya", "p_width_m": 60.0, "p_wse_m": 2470.8, "p_length_m": 13595.951, "n_overpasses": 74, "n_good_or_suspect": 47, "has_chart": true }, "geometry": { "type": "LineString", "coordinates": [ [ 76.5684, 41.4809 ], [ 76.574, 41.4751 ], [ 76.5773, 41.4767 ], [ 76.5794, 41.476 ], [ 76.5802, 41.4703 ], [ 76.5865, 41.4638 ], [ 76.5863, 41.4594 ], [ 76.5891, 41.4578 ], [ 76.5948, 41.4578 ], [ 76.599, 41.4549 ], [ 76.6049, 41.4596 ], [ 76.6146, 41.4605 ], [ 76.6159, 41.4628 ], [ 76.6129, 41.4661 ], [ 76.6198, 41.4685 ], [ 76.62, 41.4711 ], [ 76.6271, 41.4706 ], [ 76.6287, 41.4736 ], [ 76.6326, 41.4745 ], [ 76.6401, 41.473 ], [ 76.6484, 41.474 ], [ 76.6526, 41.4715 ], [ 76.6584, 41.4715 ], [ 76.6619, 41.4679 ], [ 76.6734, 41.4683 ], [ 76.6752, 41.4652 ] ] } },
{ "type": "Feature", "properties": { "reach_id": "46219900031", "river_group": "Naryn", "basin": "Syr Darya", "p_width_m": 60.0, "p_wse_m": 2570.0, "p_length_m": 15394.528, "n_overpasses": 74, "n_good_or_suspect": 42, "has_chart": true }, "geometry": { "type": "LineString", "coordinates": [ [ 76.6752, 41.4652 ], [ 76.6772, 41.4646 ], [ 76.683, 41.4669 ], [ 76.6869, 41.4646 ], [ 76.6942, 41.4682 ], [ 76.6981, 41.4657 ], [ 76.7031, 41.4662 ], [ 76.7119, 41.4713 ], [ 76.7209, 41.4712 ], [ 76.7255, 41.4687 ], [ 76.7323, 41.4722 ], [ 76.7333, 41.4756 ], [ 76.7715, 41.482 ], [ 76.7782, 41.4882 ], [ 76.7889, 41.4883 ], [ 76.7959, 41.494 ], [ 76.7995, 41.4917 ], [ 76.7989, 41.4863 ], [ 76.8015, 41.4785 ], [ 76.813, 41.4774 ] ] } },
{ "type": "Feature", "properties": { "reach_id": "46219900041", "river_group": "Naryn", "basin": "Syr Darya", "p_width_m": 54.0, "p_wse_m": 2685.375, "p_length_m": 11566.141, "n_overpasses": 69, "n_good_or_suspect": 47, "has_chart": true }, "geometry": { "type": "LineString", "coordinates": [ [ 76.813, 41.4774 ], [ 76.8179, 41.473 ], [ 76.8229, 41.4724 ], [ 76.8253, 41.4683 ], [ 76.8312, 41.4735 ], [ 76.8418, 41.4775 ], [ 76.8522, 41.4778 ], [ 76.865, 41.4742 ], [ 76.8701, 41.4767 ], [ 76.8798, 41.4762 ], [ 76.8969, 41.4841 ], [ 76.9001, 41.4828 ], [ 76.906, 41.4762 ], [ 76.9268, 41.4744 ] ] } },
{ "type": "Feature", "properties": { "reach_id": "46219900051", "river_group": "Naryn", "basin": "Syr Darya", "p_width_m": 54.0, "p_wse_m": 2797.6501, "p_length_m": 11523.865, "n_overpasses": 51, "n_good_or_suspect": 33, "has_chart": true }, "geometry": { "type": "LineString", "coordinates": [ [ 76.9268, 41.4744 ], [ 76.9351, 41.4751 ], [ 76.9472, 41.4726 ], [ 76.9529, 41.4784 ], [ 76.9523, 41.484 ], [ 76.9629, 41.4906 ], [ 76.9761, 41.4897 ], [ 76.98, 41.4966 ], [ 76.9847, 41.4986 ], [ 76.989, 41.4973 ], [ 76.9998, 41.4983 ], [ 77.018, 41.4944 ], [ 77.0252, 41.4949 ], [ 77.0366, 41.491 ] ] } },
{ "type": "Feature", "properties": { "reach_id": "46219900061", "river_group": "Naryn", "basin": "Syr Darya", "p_width_m": 72.0, "p_wse_m": 2880.8, "p_length_m": 11183.729, "n_overpasses": 77, "n_good_or_suspect": 50, "has_chart": true }, "geometry": { "type": "LineString", "coordinates": [ [ 77.0366, 41.491 ], [ 77.0419, 41.4895 ], [ 77.0477, 41.4907 ], [ 77.0627, 41.4866 ], [ 77.0781, 41.4864 ], [ 77.0936, 41.4884 ], [ 77.098, 41.4905 ], [ 77.1036, 41.4873 ], [ 77.1152, 41.4877 ], [ 77.1358, 41.4816 ], [ 77.1523, 41.4804 ], [ 77.1551, 41.4776 ], [ 77.1601, 41.4776 ] ] } },
{ "type": "Feature", "properties": { "reach_id": "46219900071", "river_group": "Naryn", "basin": "Syr Darya", "p_width_m": 60.0, "p_wse_m": 2947.1, "p_length_m": 11240.536, "n_overpasses": 77, "n_good_or_suspect": 49, "has_chart": true }, "geometry": { "type": "LineString", "coordinates": [ [ 77.1601, 41.4776 ], [ 77.1712, 41.4761 ], [ 77.1857, 41.4795 ], [ 77.1993, 41.4785 ], [ 77.2141, 41.48 ], [ 77.2198, 41.4849 ], [ 77.2196, 41.4873 ], [ 77.2258, 41.4894 ], [ 77.226, 41.492 ], [ 77.2314, 41.4922 ], [ 77.2369, 41.4952 ], [ 77.2436, 41.5032 ], [ 77.2493, 41.5024 ], [ 77.2512, 41.5056 ], [ 77.2686, 41.5085 ] ] } },
{ "type": "Feature", "properties": { "reach_id": "46219900091", "river_group": "Naryn", "basin": "Syr Darya", "p_width_m": 84.0, "p_wse_m": 3018.8252, "p_length_m": 16592.62, "n_overpasses": 53, "n_good_or_suspect": 22, "has_chart": true }, "geometry": { "type": "LineString", "coordinates": [ [ 77.2686, 41.5085 ], [ 77.2701, 41.5097 ], [ 77.2859, 41.509 ], [ 77.2911, 41.5029 ], [ 77.3013, 41.4987 ], [ 77.313, 41.5036 ], [ 77.3184, 41.5029 ], [ 77.3289, 41.5063 ], [ 77.337, 41.5015 ], [ 77.3414, 41.503 ], [ 77.346, 41.5025 ], [ 77.3514, 41.4977 ], [ 77.3536, 41.4934 ], [ 77.3671, 41.4902 ], [ 77.3871, 41.4954 ], [ 77.3944, 41.4995 ], [ 77.4152, 41.506 ], [ 77.4266, 41.5042 ], [ 77.4339, 41.5068 ], [ 77.4382, 41.5066 ] ] } },
{ "type": "Feature", "properties": { "reach_id": "46219900101", "river_group": "Naryn", "basin": "Syr Darya", "p_width_m": 228.0, "p_wse_m": 3069.9001, "p_length_m": 8849.903, "n_overpasses": 54, "n_good_or_suspect": 25, "has_chart": true }, "geometry": { "type": "LineString", "coordinates": [ [ 77.4382, 41.5066 ], [ 77.4487, 41.5101 ], [ 77.4744, 41.5143 ], [ 77.497, 41.5122 ], [ 77.5104, 41.5139 ], [ 77.5208, 41.5133 ], [ 77.5253, 41.5107 ], [ 77.539, 41.5107 ] ] } },
{ "type": "Feature", "properties": { "reach_id": "46219900111", "river_group": "Naryn", "basin": "Syr Darya", "p_width_m": 212.0, "p_wse_m": 3113.0, "p_length_m": 8818.68, "n_overpasses": 54, "n_good_or_suspect": 25, "has_chart": true }, "geometry": { "type": "LineString", "coordinates": [ [ 77.539, 41.5107 ], [ 77.5524, 41.513 ], [ 77.5742, 41.5204 ], [ 77.6054, 41.5432 ], [ 77.6248, 41.5516 ] ] } },
{ "type": "Feature", "properties": { "reach_id": "46219900121", "river_group": "Naryn", "basin": "Syr Darya", "p_width_m": 84.0, "p_wse_m": 3155.2, "p_length_m": 8870.116, "n_overpasses": 166, "n_good_or_suspect": 42, "has_chart": true }, "geometry": { "type": "LineString", "coordinates": [ [ 77.6248, 41.5516 ], [ 77.635, 41.5558 ], [ 77.6403, 41.5609 ], [ 77.6595, 41.5667 ], [ 77.7014, 41.5613 ], [ 77.718, 41.5704 ] ] } },
{ "type": "Feature", "properties": { "reach_id": "46219900141", "river_group": "Taragay", "basin": "Aral Sea drainage (unclassified tributary)", "p_width_m": 84.0, "p_wse_m": 3229.9502, "p_length_m": 10015.826, "n_overpasses": 184, "n_good_or_suspect": 30, "has_chart": true }, "geometry": { "type": "LineString", "coordinates": [ [ 77.718, 41.5704 ], [ 77.7151, 41.5758 ], [ 77.7139, 41.5826 ], [ 77.7179, 41.5901 ], [ 77.7214, 41.5924 ], [ 77.7173, 41.5955 ], [ 77.717, 41.6015 ], [ 77.7185, 41.6039 ], [ 77.7309, 41.611 ], [ 77.7372, 41.6123 ], [ 77.7434, 41.6192 ], [ 77.7434, 41.6238 ], [ 77.7574, 41.6332 ], [ 77.7619, 41.6392 ] ] } },
{ "type": "Feature", "properties": { "reach_id": "46219900151", "river_group": "Taragay", "basin": "Aral Sea drainage (unclassified tributary)", "p_width_m": 110.0, "p_wse_m": 3298.5, "p_length_m": 14403.86, "n_overpasses": 192, "n_good_or_suspect": 22, "has_chart": true }, "geometry": { "type": "LineString", "coordinates": [ [ 77.7619, 41.6392 ], [ 77.765, 41.6411 ], [ 77.7655, 41.6444 ], [ 77.7728, 41.6466 ], [ 77.7764, 41.6538 ], [ 77.7848, 41.6599 ], [ 77.7867, 41.663 ], [ 77.8035, 41.6682 ], [ 77.8078, 41.666 ], [ 77.8229, 41.67 ], [ 77.8288, 41.6766 ], [ 77.8344, 41.6794 ], [ 77.8313, 41.6833 ], [ 77.8322, 41.6883 ], [ 77.8431, 41.6922 ], [ 77.8464, 41.6964 ], [ 77.8532, 41.6998 ], [ 77.8537, 41.7033 ], [ 77.8569, 41.7059 ], [ 77.8737, 41.7142 ] ] } },
{ "type": "Feature", "properties": { "reach_id": "46219900161", "river_group": "Taragay", "basin": "Aral Sea drainage (unclassified tributary)", "p_width_m": 84.0, "p_wse_m": 3332.8, "p_length_m": 10658.347, "n_overpasses": 75, "n_good_or_suspect": 29, "has_chart": true }, "geometry": { "type": "LineString", "coordinates": [ [ 77.8737, 41.7142 ], [ 77.8817, 41.718 ], [ 77.8825, 41.7209 ], [ 77.8884, 41.7275 ], [ 77.8928, 41.7298 ], [ 77.8938, 41.7355 ], [ 77.8987, 41.7409 ], [ 77.9056, 41.7413 ], [ 77.9174, 41.7487 ], [ 77.9218, 41.7496 ], [ 77.9244, 41.7523 ], [ 77.9295, 41.7526 ], [ 77.9435, 41.7588 ], [ 77.958, 41.761 ], [ 77.9656, 41.7677 ] ] } },
{ "type": "Feature", "properties": { "reach_id": "46219900181", "river_group": "Taragay", "basin": "Aral Sea drainage (unclassified tributary)", "p_width_m": 42.0, "p_wse_m": 3375.05, "p_length_m": 3205.6995, "n_overpasses": 163, "n_good_or_suspect": 68, "has_chart": true }, "geometry": { "type": "LineString", "coordinates": [ [ 77.9656, 41.7677 ], [ 77.9678, 41.7697 ], [ 77.9877, 41.7705 ], [ 78.0, 41.776 ] ] } },
{ "type": "Feature", "properties": { "reach_id": "46219900191", "river_group": "Taragay", "basin": "Aral Sea drainage (unclassified tributary)", "p_width_m": 45.0, "p_wse_m": 3478.2, "p_length_m": 9476.956, "n_overpasses": 168, "n_good_or_suspect": 73, "has_chart": true }, "geometry": { "type": "LineString", "coordinates": [ [ 78.0, 41.776 ], [ 78.0159, 41.7843 ], [ 78.0405, 41.7902 ], [ 78.0482, 41.7971 ], [ 78.0546, 41.7975 ], [ 78.0695, 41.8034 ], [ 78.074, 41.8073 ], [ 78.0801, 41.8087 ], [ 78.093, 41.8159 ] ] } },
{ "type": "Feature", "properties": { "reach_id": "46219900201", "river_group": "Taragay", "basin": "Aral Sea drainage (unclassified tributary)", "p_width_m": 63.0, "p_wse_m": 3598.3, "p_length_m": 9489.542, "n_overpasses": 162, "n_good_or_suspect": 86, "has_chart": true }, "geometry": { "type": "LineString", "coordinates": [ [ 78.093, 41.8159 ], [ 78.0957, 41.8203 ], [ 78.0947, 41.8246 ], [ 78.0967, 41.8279 ], [ 78.096, 41.8298 ], [ 78.0989, 41.8361 ], [ 78.1031, 41.8383 ], [ 78.1079, 41.8547 ], [ 78.1128, 41.8583 ], [ 78.1138, 41.8627 ], [ 78.1191, 41.8685 ], [ 78.1279, 41.8762 ], [ 78.1325, 41.8842 ], [ 78.1351, 41.8866 ], [ 78.1387, 41.8861 ] ] } },
{ "type": "Feature", "properties": { "reach_id": "46219900211", "river_group": "Taragay", "basin": "Aral Sea drainage (unclassified tributary)", "p_width_m": 80.0, "p_wse_m": 3672.05, "p_length_m": 9518.21, "n_overpasses": 0, "n_good_or_suspect": 0, "has_chart": false }, "geometry": { "type": "LineString", "coordinates": [ [ 78.1387, 41.8861 ], [ 78.1484, 41.8895 ], [ 78.1563, 41.8894 ], [ 78.1629, 41.8872 ], [ 78.1658, 41.8883 ], [ 78.1748, 41.8944 ], [ 78.1791, 41.9018 ], [ 78.1804, 41.9075 ], [ 78.1858, 41.9097 ], [ 78.1977, 41.9108 ], [ 78.2003, 41.9089 ], [ 78.2068, 41.9092 ], [ 78.2163, 41.916 ], [ 78.2184, 41.9158 ], [ 78.2195, 41.9134 ], [ 78.2181, 41.9101 ] ] } },
{ "type": "Feature", "properties": { "reach_id": "46219900233", "river_group": "Taragay", "basin": "Aral Sea drainage (unclassified tributary)", "p_width_m": 547.0239, "p_wse_m": 3732.8, "p_length_m": 2147.624, "n_overpasses": 0, "n_good_or_suspect": 0, "has_chart": false }, "geometry": { "type": "LineString", "coordinates": [ [ 78.2181, 41.9101 ], [ 78.2283, 41.9076 ], [ 78.2458, 41.9066 ] ] } },
{ "type": "Feature", "properties": { "reach_id": "46219900241", "river_group": "Arabel-Suu", "basin": "Aral Sea drainage (unclassified tributary)", "p_width_m": 54.0, "p_wse_m": 3389.2, "p_length_m": 4608.1416, "n_overpasses": 184, "n_good_or_suspect": 41, "has_chart": true }, "geometry": { "type": "LineString", "coordinates": [ [ 77.9656, 41.7677 ], [ 77.9632, 41.771 ], [ 77.969, 41.7804 ], [ 77.9867, 41.7882 ], [ 77.9969, 41.7894 ], [ 78.0003, 41.7922 ] ] } },
{ "type": "Feature", "properties": { "reach_id": "46219900251", "river_group": "Arabel-Suu", "basin": "Aral Sea drainage (unclassified tributary)", "p_width_m": 42.0, "p_wse_m": 3452.15, "p_length_m": 10033.549, "n_overpasses": 193, "n_good_or_suspect": 6, "has_chart": true }, "geometry": { "type": "LineString", "coordinates": [ [ 78.0003, 41.7922 ], [ 78.0113, 41.7973 ], [ 78.0127, 41.7997 ], [ 78.0198, 41.8013 ], [ 78.0446, 41.8176 ], [ 78.0585, 41.8229 ], [ 78.07, 41.8309 ], [ 78.0748, 41.8325 ], [ 78.0804, 41.8405 ], [ 78.0795, 41.8453 ], [ 78.0824, 41.8489 ] ] } },
{ "type": "Feature", "properties": { "reach_id": "46219900261", "river_group": "Arabel-Suu", "basin": "Aral Sea drainage (unclassified tributary)", "p_width_m": 42.0, "p_wse_m": 3619.6501, "p_length_m": 10026.553, "n_overpasses": 0, "n_good_or_suspect": 0, "has_chart": false }, "geometry": { "type": "LineString", "coordinates": [ [ 78.0824, 41.8489 ], [ 78.0804, 41.8515 ], [ 78.0816, 41.8551 ], [ 78.0805, 41.8583 ], [ 78.0757, 41.8606 ], [ 78.0724, 41.8665 ], [ 78.0547, 41.873 ], [ 78.042, 41.8818 ], [ 78.0374, 41.8799 ], [ 78.0298, 41.8803 ], [ 78.0164, 41.8868 ], [ 78.0136, 41.8864 ], [ 78.0119, 41.89 ], [ 78.0072, 41.8926 ], [ 78.0002, 41.8881 ] ] } },
{ "type": "Feature", "properties": { "reach_id": "46219900271", "river_group": "Arabel-Suu", "basin": "Aral Sea drainage (unclassified tributary)", "p_width_m": 42.0, "p_wse_m": 3639.5, "p_length_m": 2312.8596, "n_overpasses": 0, "n_good_or_suspect": 0, "has_chart": false }, "geometry": { "type": "LineString", "coordinates": [ [ 78.0002, 41.8881 ], [ 77.9976, 41.8879 ], [ 77.9974, 41.8903 ], [ 77.9917, 41.895 ], [ 77.98, 41.9005 ] ] } },
{ "type": "Feature", "properties": { "reach_id": "46219900286", "river_group": "Arabel-Suu", "basin": "Aral Sea drainage (unclassified tributary)", "p_width_m": 48.0, "p_wse_m": 3648.7, "p_length_m": 197.04497, "n_overpasses": 0, "n_good_or_suspect": 0, "has_chart": false }, "geometry": { "type": "LineString", "coordinates": [ [ 77.98, 41.9005 ], [ 77.9779, 41.9011 ] ] } },
{ "type": "Feature", "properties": { "reach_id": "46219900396", "river_group": "Taragay", "basin": "Aral Sea drainage (unclassified tributary)", "p_width_m": 547.0239, "p_wse_m": 3740.525, "p_length_m": 202.25853, "n_overpasses": 0, "n_good_or_suspect": 0, "has_chart": false }, "geometry": { "type": "LineString", "coordinates": [ [ 78.2458, 41.9066 ], [ 78.2482, 41.9068 ] ] } }
]
}
