level,system_id,hybas_id,full_basin,headwater_formation,headwater_outlet_hybas_id
10,amu_darya,4100050220,1,0,4100551730
10,amu_darya,4100051920,1,0,4100551730
10,amu_darya,4100051940,1,1,4100551730
10,amu_darya,4100055680,1,0,4100551730
10,amu_darya,4100057270,1,0,4100551730
10,amu_darya,4100057320,1,0,4100551730
10,amu_darya,4100057850,1,0,4100551730
10,amu_darya,4100060300,1,0,4100551730
10,amu_darya,4100061910,1,0,4100551730
10,amu_darya,4100062250,1,0,4100551730
10,amu_darya,4100062360,1,0,4100551730
10,amu_darya,4100063130,1,0,4100551730
10,amu_darya,4100063580,1,0,4100551730
10,amu_darya,4100063840,1,0,4100551730
10,amu_darya,4100064470,1,0,4100551730
10,amu_darya,4100064950,1,0,4100551730
10,amu_darya,4100065070,1,0,4100551730
10,amu_darya,4100065870,1,0,4100551730
10,amu_darya,4100067360,1,0,4100551730
10,amu_darya,4100069100,1,0,4100551730
10,amu_darya,4100069480,1,0,4100551730
10,amu_darya,4100070620,1,0,4100551730
10,amu_darya,4100070740,1,0,4100551730
10,amu_darya,4100071180,1,0,4100551730
10,amu_darya,4100071410,1,0,4100551730
10,amu_darya,4100072730,1,0,4100551730
10,amu_darya,4100072950,1,0,4100551730
10,amu_darya,4100073180,1,0,4100551730
10,amu_darya,4100073690,1,0,4100551730
10,amu_darya,4100073870,1,0,4100551730
10,amu_darya,4100073940,1,0,4100551730
10,amu_darya,4100078340,1,0,4100551730
10,amu_darya,4100078620,1,0,4100551730
10,amu_darya,4100078950,1,0,4100551730
10,amu_darya,4100079140,1,0,4100551730
10,amu_darya,4100079220,1,0,4100551730
10,amu_darya,4100079560,1,0,4100551730
10,amu_darya,4100079850,1,0,4100551730
10,amu_darya,4100080070,1,0,4100551730
10,amu_darya,4100080210,1,0,4100551730
10,amu_darya,4100080590,1,0,4100551730
10,amu_darya,4100225730,1,0,4100551730
10,amu_darya,4100225870,1,0,4100551730
10,amu_darya,4100228930,1,0,4100551730
10,amu_darya,4100228940,1,0,4100551730
10,amu_darya,4100232890,1,0,4100551730
10,amu_darya,4100232900,1,0,4100551730
10,amu_darya,4100233220,1,0,4100551730
10,amu_darya,4100233230,1,0,4100551730
10,amu_darya,4100233370,1,0,4100551730
10,amu_darya,4100233380,1,0,4100551730
10,amu_darya,4100234070,1,0,4100551730
10,amu_darya,4100234390,1,0,4100551730
10,amu_darya,4100237580,1,0,4100551730
10,amu_darya,4100237770,1,0,4100551730
10,amu_darya,4100238400,1,0,4100551730
10,amu_darya,4100238670,1,0,4100551730
10,amu_darya,4100239480,1,0,4100551730
10,amu_darya,4100239710,1,0,4100551730
10,amu_darya,4100240010,1,0,4100551730
10,amu_darya,4100240230,1,0,4100551730
10,amu_darya,4100240240,1,0,4100551730
10,amu_darya,4100240410,1,0,4100551730
10,amu_darya,4100240610,1,0,4100551730
10,amu_darya,4100240780,1,0,4100551730
10,amu_darya,4100240790,1,0,4100551730
10,amu_darya,4100240800,1,0,4100551730
10,amu_darya,4100240920,1,0,4100551730
10,amu_darya,4100241010,1,0,4100551730
10,amu_darya,4100242110,1,0,4100551730
10,amu_darya,4100242400,1,0,4100551730
10,amu_darya,4100242710,1,0,4100551730
10,amu_darya,4100242790,1,0,4100551730
10,amu_darya,4100243060,1,0,4100551730
10,amu_darya,4100243270,1,0,4100551730
10,amu_darya,4100243710,1,0,4100551730
10,amu_darya,4100243870,1,0,4100551730
10,amu_darya,4100243880,1,0,4100551730
10,amu_darya,4100244080,1,0,4100551730
10,amu_darya,4100244220,1,0,4100551730
10,amu_darya,4100244380,1,0,4100551730
10,amu_darya,4100244450,1,0,4100551730
10,amu_darya,4100244460,1,0,4100551730
10,amu_darya,4100244580,1,0,4100551730
10,amu_darya,4100244590,1,0,4100551730
10,amu_darya,4100244600,1,0,4100551730
10,amu_darya,4100244940,1,0,4100551730
10,amu_darya,4100245620,1,0,4100551730
10,amu_darya,4100245810,1,0,4100551730
10,amu_darya,4100245830,1,0,4100551730
10,amu_darya,4100246090,1,0,4100551730
10,amu_darya,4100247750,1,0,4100551730
10,amu_darya,4100247860,1,0,4100551730
10,amu_darya,4100248190,1,0,4100551730
10,amu_darya,4100248310,1,0,4100551730
10,amu_darya,4100248320,1,0,4100551730
10,amu_darya,4100248480,1,0,4100551730
10,amu_darya,4100249280,1,0,4100551730
10,amu_darya,4100249360,1,0,4100551730
10,amu_darya,4100249620,1,0,4100551730
10,amu_darya,4100249630,1,0,4100551730
10,amu_darya,4100249830,1,0,4100551730
10,amu_darya,4100250000,1,0,4100551730
10,amu_darya,4100250600,1,0,4100551730
10,amu_darya,4100250830,1,0,4100551730
10,amu_darya,4100250840,1,0,4100551730
10,amu_darya,4100250970,1,0,4100551730
10,amu_darya,4100251470,1,0,4100551730
10,amu_darya,4100251480,1,0,4100551730
10,amu_darya,4100251650,1,0,4100551730
10,amu_darya,4100251660,1,0,4100551730
10,amu_darya,4100251670,1,0,4100551730
10,amu_darya,4100251680,1,0,4100551730
10,amu_darya,4100251690,1,0,4100551730
10,amu_darya,4100251870,1,0,4100551730
10,amu_darya,4100252020,1,0,4100551730
10,amu_darya,4100252160,1,0,4100551730
10,amu_darya,4100252440,1,0,4100551730
10,amu_darya,4100252500,1,0,4100551730
10,amu_darya,4100252620,1,0,4100551730
10,amu_darya,4100252780,1,0,4100551730
10,amu_darya,4100253290,1,0,4100551730
10,amu_darya,4100253490,1,0,4100551730
10,amu_darya,4100253850,1,0,4100551730
10,amu_darya,4100254000,1,0,4100551730
10,amu_darya,4100254450,1,0,4100551730
10,amu_darya,4100254460,1,0,4100551730
10,amu_darya,4100254530,1,0,4100551730
10,amu_darya,4100254540,1,0,4100551730
10,amu_darya,4100254740,1,0,4100551730
10,amu_darya,4100254750,1,0,4100551730
10,amu_darya,4100255480,1,0,4100551730
10,amu_darya,4100255600,1,0,4100551730
10,amu_darya,4100255700,1,0,4100551730
10,amu_darya,4100255710,1,0,4100551730
10,amu_darya,4100255720,1,0,4100551730
10,amu_darya,4100255890,1,0,4100551730
10,amu_darya,4100255900,1,0,4100551730
10,amu_darya,4100256100,1,0,4100551730
10,amu_darya,4100256110,1,0,4100551730
10,amu_darya,4100256240,1,0,4100551730
10,amu_darya,4100256250,1,0,4100551730
10,amu_darya,4100256260,1,0,4100551730
10,amu_darya,4100256460,1,0,4100551730
10,amu_darya,4100256470,1,0,4100551730
10,amu_darya,4100256480,1,0,4100551730
10,amu_darya,4100256640,1,0,4100551730
10,amu_darya,4100256650,1,0,4100551730
10,amu_darya,4100256660,1,0,4100551730
10,amu_darya,4100256790,1,0,4100551730
10,amu_darya,4100257020,1,0,4100551730
10,amu_darya,4100257030,1,0,4100551730
10,amu_darya,4100257040,1,0,4100551730
10,amu_darya,4100257050,1,0,4100551730
10,amu_darya,4100257200,1,0,4100551730
10,amu_darya,4100257210,1,0,4100551730
10,amu_darya,4100257220,1,0,4100551730
10,amu_darya,4100257230,1,0,4100551730
10,amu_darya,4100257610,1,0,4100551730
10,amu_darya,4100257620,1,0,4100551730
10,amu_darya,4100257630,1,0,4100551730
10,amu_darya,4100257790,1,0,4100551730
10,amu_darya,4100257980,1,0,4100551730
10,amu_darya,4100258130,1,0,4100551730
10,amu_darya,4100258140,1,0,4100551730
10,amu_darya,4100258280,1,0,4100551730
10,amu_darya,4100258290,1,0,4100551730
10,amu_darya,4100258470,1,0,4100551730
10,amu_darya,4100258790,1,0,4100551730
10,amu_darya,4100258890,1,0,4100551730
10,amu_darya,4100258980,1,0,4100551730
10,amu_darya,4100259110,1,0,4100551730
10,amu_darya,4100259120,1,0,4100551730
10,amu_darya,4100259270,1,0,4100551730
10,amu_darya,4100259280,1,0,4100551730
10,amu_darya,4100259420,1,0,4100551730
10,amu_darya,4100259430,1,0,4100551730
10,amu_darya,4100259540,1,0,4100551730
10,amu_darya,4100259690,1,0,4100551730
10,amu_darya,4100259700,1,0,4100551730
10,amu_darya,4100260300,1,0,4100551730
10,amu_darya,4100260480,1,0,4100551730
10,amu_darya,4100260750,1,0,4100551730
10,amu_darya,4100260920,1,0,4100551730
10,amu_darya,4100261180,1,0,4100551730
10,amu_darya,4100261190,1,0,4100551730
10,amu_darya,4100261200,1,0,4100551730
10,amu_darya,4100261340,1,0,4100551730
10,amu_darya,4100261350,1,0,4100551730
10,amu_darya,4100261360,1,0,4100551730
10,amu_darya,4100261500,1,0,4100551730
10,amu_darya,4100261510,1,0,4100551730
10,amu_darya,4100261520,1,0,4100551730
10,amu_darya,4100261720,1,0,4100551730
10,amu_darya,4100262260,1,0,4100551730
10,amu_darya,4100262270,1,0,4100551730
10,amu_darya,4100262450,1,0,4100551730
10,amu_darya,4100262460,1,0,4100551730
10,amu_darya,4100262620,1,0,4100551730
10,amu_darya,4100262630,1,0,4100551730
10,amu_darya,4100262640,1,0,4100551730
10,amu_darya,4100262650,1,0,4100551730
10,amu_darya,4100262780,1,0,4100551730
10,amu_darya,4100262790,1,0,4100551730
10,amu_darya,4100263570,1,0,4100551730
10,amu_darya,4100263760,1,0,4100551730
10,amu_darya,4100263770,1,0,4100551730
10,amu_darya,4100263780,1,0,4100551730
10,amu_darya,4100263910,1,0,4100551730
10,amu_darya,4100263920,1,0,4100551730
10,amu_darya,4100263930,1,0,4100551730
10,amu_darya,4100263940,1,0,4100551730
10,amu_darya,4100264140,1,0,4100551730
10,amu_darya,4100264150,1,0,4100551730
10,amu_darya,4100264330,1,0,4100551730
10,amu_darya,4100264560,1,0,4100551730
10,amu_darya,4100265060,1,0,4100551730
10,amu_darya,4100265250,1,0,4100551730
10,amu_darya,4100265580,1,0,4100551730
10,amu_darya,4100265590,1,0,4100551730
10,amu_darya,4100265730,1,0,4100551730
10,amu_darya,4100265740,1,0,4100551730
10,amu_darya,4100265750,1,0,4100551730
10,amu_darya,4100265760,1,0,4100551730
10,amu_darya,4100265880,1,0,4100551730
10,amu_darya,4100265890,1,0,4100551730
10,amu_darya,4100266230,1,0,4100551730
10,amu_darya,4100266500,1,0,4100551730
10,amu_darya,4100267430,1,0,4100551730
10,amu_darya,4100267440,1,0,4100551730
10,amu_darya,4100267450,1,0,4100551730
10,amu_darya,4100267650,1,0,4100551730
10,amu_darya,4100267660,1,0,4100551730
10,amu_darya,4100267780,1,0,4100551730
10,amu_darya,4100267790,1,0,4100551730
10,amu_darya,4100267940,1,0,4100551730
10,amu_darya,4100267950,1,0,4100551730
10,amu_darya,4100268100,1,0,4100551730
10,amu_darya,4100268110,1,0,4100551730
10,amu_darya,4100268120,1,0,4100551730
10,amu_darya,4100268760,1,0,4100551730
10,amu_darya,4100268870,1,0,4100551730
10,amu_darya,4100269860,1,0,4100551730
10,amu_darya,4100269930,1,0,4100551730
10,amu_darya,4100270040,1,0,4100551730
10,amu_darya,4100270170,1,0,4100551730
10,amu_darya,4100270360,1,0,4100551730
10,amu_darya,4100270370,1,0,4100551730
10,amu_darya,4100270380,1,0,4100551730
10,amu_darya,4100270390,1,0,4100551730
10,amu_darya,4100270580,1,0,4100551730
10,amu_darya,4100270590,1,0,4100551730
10,amu_darya,4100270600,1,0,4100551730
10,amu_darya,4100270610,1,0,4100551730
10,amu_darya,4100270810,1,0,4100551730
10,amu_darya,4100271020,1,0,4100551730
10,amu_darya,4100271030,1,0,4100551730
10,amu_darya,4100271160,1,0,4100551730
10,amu_darya,4100272340,1,0,4100551730
10,amu_darya,4100272350,1,0,4100551730
10,amu_darya,4100272800,1,0,4100551730
10,amu_darya,4100272910,1,0,4100551730
10,amu_darya,4100272920,1,0,4100551730
10,amu_darya,4100273100,1,0,4100551730
10,amu_darya,4100273240,1,0,4100551730
10,amu_darya,4100273250,1,0,4100551730
10,amu_darya,4100273700,1,0,4100551730
10,amu_darya,4100273820,1,0,4100551730
10,amu_darya,4100273830,1,0,4100551730
10,amu_darya,4100273960,1,0,4100551730
10,amu_darya,4100273970,1,0,4100551730
10,amu_darya,4100273980,1,0,4100551730
10,amu_darya,4100274100,1,0,4100551730
10,amu_darya,4100274110,1,0,4100551730
10,amu_darya,4100274120,1,0,4100551730
10,amu_darya,4100274130,1,0,4100551730
10,amu_darya,4100274280,1,0,4100551730
10,amu_darya,4100274290,1,0,4100551730
10,amu_darya,4100274300,1,0,4100551730
10,amu_darya,4100274310,1,0,4100551730
10,amu_darya,4100274320,1,0,4100551730
10,amu_darya,4100274510,1,0,4100551730
10,amu_darya,4100274520,1,0,4100551730
10,amu_darya,4100275160,1,0,4100551730
10,amu_darya,4100275300,1,0,4100551730
10,amu_darya,4100275310,1,0,4100551730
10,amu_darya,4100275320,1,0,4100551730
10,amu_darya,4100275330,1,0,4100551730
10,amu_darya,4100275580,1,0,4100551730
10,amu_darya,4100276030,1,0,4100551730
10,amu_darya,4100276040,1,0,4100551730
10,amu_darya,4100276050,1,0,4100551730
10,amu_darya,4100276060,1,0,4100551730
10,amu_darya,4100276370,1,0,4100551730
10,amu_darya,4100276380,1,0,4100551730
10,amu_darya,4100276390,1,0,4100551730
10,amu_darya,4100276400,1,0,4100551730
10,amu_darya,4100276540,1,0,4100551730
10,amu_darya,4100276550,1,0,4100551730
10,amu_darya,4100276560,1,0,4100551730
10,amu_darya,4100276750,1,0,4100551730
10,amu_darya,4100276760,1,0,4100551730
10,amu_darya,4100276770,1,0,4100551730
10,amu_darya,4100276970,1,0,4100551730
10,amu_darya,4100276980,1,0,4100551730
10,amu_darya,4100276990,1,0,4100551730
10,amu_darya,4100277110,1,0,4100551730
10,amu_darya,4100277360,1,0,4100551730
10,amu_darya,4100277370,1,0,4100551730
10,amu_darya,4100277380,1,0,4100551730
10,amu_darya,4100277520,1,0,4100551730
10,amu_darya,4100277530,1,0,4100551730
10,amu_darya,4100277540,1,0,4100551730
10,amu_darya,4100277550,1,0,4100551730
10,amu_darya,4100277560,1,0,4100551730
10,amu_darya,4100277570,1,0,4100551730
10,amu_darya,4100277740,1,0,4100551730
10,amu_darya,4100277970,1,0,4100551730
10,amu_darya,4100278200,1,0,4100551730
10,amu_darya,4100278210,1,0,4100551730
10,amu_darya,4100278350,1,0,4100551730
10,amu_darya,4100278360,1,0,4100551730
10,amu_darya,4100278370,1,0,4100551730
10,amu_darya,4100278530,1,0,4100551730
10,amu_darya,4100278540,1,0,4100551730
10,amu_darya,4100278550,1,0,4100551730
10,amu_darya,4100278560,1,0,4100551730
10,amu_darya,4100278570,1,0,4100551730
10,amu_darya,4100278580,1,0,4100551730
10,amu_darya,4100278590,1,0,4100551730
10,amu_darya,4100278710,1,0,4100551730
10,amu_darya,4100278910,1,0,4100551730
10,amu_darya,4100278920,1,0,4100551730
10,amu_darya,4100279130,1,0,4100551730
10,amu_darya,4100279140,1,0,4100551730
10,amu_darya,4100279580,1,0,4100551730
10,amu_darya,4100279770,1,0,4100551730
10,amu_darya,4100280060,1,0,4100551730
10,amu_darya,4100280070,1,0,4100551730
10,amu_darya,4100280260,1,0,4100551730
10,amu_darya,4100280270,1,0,4100551730
10,amu_darya,4100280280,1,0,4100551730
10,amu_darya,4100280450,1,0,4100551730
10,amu_darya,4100280750,1,0,4100551730
10,amu_darya,4100281040,1,0,4100551730
10,amu_darya,4100281050,1,0,4100551730
10,amu_darya,4100281060,1,0,4100551730
10,amu_darya,4100281210,1,0,4100551730
10,amu_darya,4100281300,1,0,4100551730
10,amu_darya,4100281310,1,0,4100551730
10,amu_darya,4100281480,1,0,4100551730
10,amu_darya,4100281660,1,0,4100551730
10,amu_darya,4100281670,1,0,4100551730
10,amu_darya,4100281680,1,0,4100551730
10,amu_darya,4100281690,1,0,4100551730
10,amu_darya,4100281820,1,0,4100551730
10,amu_darya,4100281830,1,0,4100551730
10,amu_darya,4100281930,1,0,4100551730
10,amu_darya,4100281940,1,0,4100551730
10,amu_darya,4100281950,1,0,4100551730
10,amu_darya,4100282100,1,0,4100551730
10,amu_darya,4100283630,1,0,4100551730
10,amu_darya,4100283640,1,0,4100551730
10,amu_darya,4100284160,1,0,4100551730
10,amu_darya,4100284340,1,0,4100551730
10,amu_darya,4100284350,1,0,4100551730
10,amu_darya,4100284540,1,0,4100551730
10,amu_darya,4100284720,1,0,4100551730
10,amu_darya,4100284890,1,0,4100551730
10,amu_darya,4100284900,1,0,4100551730
10,amu_darya,4100285030,1,0,4100551730
10,amu_darya,4100285040,1,0,4100551730
10,amu_darya,4100285200,1,0,4100551730
10,amu_darya,4100285210,1,0,4100551730
10,amu_darya,4100285390,1,0,4100551730
10,amu_darya,4100285870,1,0,4100551730
10,amu_darya,4100285880,1,0,4100551730
10,amu_darya,4100286030,1,0,4100551730
10,amu_darya,4100286170,1,0,4100551730
10,amu_darya,4100286350,1,0,4100551730
10,amu_darya,4100286510,1,0,4100551730
10,amu_darya,4100286600,1,0,4100551730
10,amu_darya,4100286970,1,0,4100551730
10,amu_darya,4100286980,1,0,4100551730
10,amu_darya,4100286990,1,0,4100551730
10,amu_darya,4100287170,1,0,4100551730
10,amu_darya,4100287180,1,0,4100551730
10,amu_darya,4100287190,1,0,4100551730
10,amu_darya,4100287200,1,0,4100551730
10,amu_darya,4100287360,1,0,4100551730
10,amu_darya,4100287370,1,0,4100551730
10,amu_darya,4100287980,1,0,4100551730
10,amu_darya,4100288130,1,0,4100551730
10,amu_darya,4100288140,1,0,4100551730
10,amu_darya,4100288150,1,0,4100551730
10,amu_darya,4100288360,1,0,4100551730
10,amu_darya,4100288370,1,0,4100551730
10,amu_darya,4100288540,1,0,4100551730
10,amu_darya,4100288690,1,0,4100551730
10,amu_darya,4100288950,1,0,4100551730
10,amu_darya,4100289070,1,0,4100551730
10,amu_darya,4100289350,1,0,4100551730
10,amu_darya,4100289360,1,0,4100551730
10,amu_darya,4100289460,1,0,4100551730
10,amu_darya,4100289470,1,0,4100551730
10,amu_darya,4100289480,1,0,4100551730
10,amu_darya,4100289620,1,0,4100551730
10,amu_darya,4100289630,1,0,4100551730
10,amu_darya,4100289960,1,0,4100551730
10,amu_darya,4100289970,1,0,4100551730
10,amu_darya,4100290150,1,0,4100551730
10,amu_darya,4100290160,1,0,4100551730
10,amu_darya,4100290170,1,0,4100551730
10,amu_darya,4100290880,1,0,4100551730
10,amu_darya,4100291020,1,0,4100551730
10,amu_darya,4100291030,1,0,4100551730
10,amu_darya,4100291260,1,0,4100551730
10,amu_darya,4100291270,1,0,4100551730
10,amu_darya,4100291440,1,0,4100551730
10,amu_darya,4100291650,1,0,4100551730
10,amu_darya,4100291770,1,0,4100551730
10,amu_darya,4100291780,1,0,4100551730
10,amu_darya,4100291790,1,0,4100551730
10,amu_darya,4100291800,1,0,4100551730
10,amu_darya,4100291920,1,0,4100551730
10,amu_darya,4100291930,1,0,4100551730
10,amu_darya,4100292030,1,0,4100551730
10,amu_darya,4100292470,1,0,4100551730
10,amu_darya,4100292480,1,0,4100551730
10,amu_darya,4100292490,1,0,4100551730
10,amu_darya,4100292500,1,0,4100551730
10,amu_darya,4100292510,1,0,4100551730
10,amu_darya,4100292610,1,0,4100551730
10,amu_darya,4100292620,1,0,4100551730
10,amu_darya,4100292630,1,0,4100551730
10,amu_darya,4100292850,1,0,4100551730
10,amu_darya,4100292860,1,0,4100551730
10,amu_darya,4100293090,1,0,4100551730
10,amu_darya,4100293100,1,0,4100551730
10,amu_darya,4100293260,1,0,4100551730
10,amu_darya,4100293270,1,0,4100551730
10,amu_darya,4100293280,1,0,4100551730
10,amu_darya,4100293500,1,0,4100551730
10,amu_darya,4100294680,1,0,4100551730
10,amu_darya,4100294820,1,0,4100551730
10,amu_darya,4100295120,1,0,4100551730
10,amu_darya,4100295250,1,0,4100551730
10,amu_darya,4100296120,1,0,4100551730
10,amu_darya,4100296280,1,0,4100551730
10,amu_darya,4100296470,1,0,4100551730
10,amu_darya,4100296480,1,0,4100551730
10,amu_darya,4100296720,1,0,4100551730
10,amu_darya,4100296840,1,0,4100551730
10,amu_darya,4100296930,1,0,4100551730
10,amu_darya,4100296940,1,0,4100551730
10,amu_darya,4100297100,1,0,4100551730
10,amu_darya,4100297110,1,0,4100551730
10,amu_darya,4100297120,1,0,4100551730
10,amu_darya,4100297260,1,0,4100551730
10,amu_darya,4100297270,1,0,4100551730
10,amu_darya,4100297380,1,0,4100551730
10,amu_darya,4100297390,1,0,4100551730
10,amu_darya,4100297590,1,0,4100551730
10,amu_darya,4100297600,1,0,4100551730
10,amu_darya,4100297610,1,0,4100551730
10,amu_darya,4100297620,1,0,4100551730
10,amu_darya,4100297810,1,0,4100551730
10,amu_darya,4100297890,1,0,4100551730
10,amu_darya,4100298020,1,0,4100551730
10,amu_darya,4100298210,1,0,4100551730
10,amu_darya,4100298360,1,0,4100551730
10,amu_darya,4100298540,1,0,4100551730
10,amu_darya,4100298710,1,0,4100551730
10,amu_darya,4100298720,1,0,4100551730
10,amu_darya,4100298810,1,0,4100551730
10,amu_darya,4100298820,1,0,4100551730
10,amu_darya,4100298950,1,0,4100551730
10,amu_darya,4100298960,1,0,4100551730
10,amu_darya,4100298970,1,0,4100551730
10,amu_darya,4100299050,1,0,4100551730
10,amu_darya,4100300160,1,0,4100551730
10,amu_darya,4100300360,1,0,4100551730
10,amu_darya,4100300780,1,0,4100551730
10,amu_darya,4100301070,1,0,4100551730
10,amu_darya,4100301630,1,0,4100551730
10,amu_darya,4100301740,1,0,4100551730
10,amu_darya,4100302100,1,0,4100551730
10,amu_darya,4100302250,1,0,4100551730
10,amu_darya,4100302490,1,0,4100551730
10,amu_darya,4100302720,1,0,4100551730
10,amu_darya,4100302730,1,0,4100551730
10,amu_darya,4100302970,1,0,4100551730
10,amu_darya,4100303230,1,0,4100551730
10,amu_darya,4100303340,1,0,4100551730
10,amu_darya,4100303460,1,0,4100551730
10,amu_darya,4100303650,1,0,4100551730
10,amu_darya,4100304210,1,0,4100551730
10,amu_darya,4100304370,1,0,4100551730
10,amu_darya,4100304380,1,0,4100551730
10,amu_darya,4100304390,1,0,4100551730
10,amu_darya,4100304400,1,0,4100551730
10,amu_darya,4100304660,1,0,4100551730
10,amu_darya,4100304670,1,0,4100551730
10,amu_darya,4100304860,1,0,4100551730
10,amu_darya,4100305380,1,0,4100551730
10,amu_darya,4100305550,1,0,4100551730
10,amu_darya,4100305680,1,0,4100551730
10,amu_darya,4100305690,1,0,4100551730
10,amu_darya,4100305700,1,0,4100551730
10,amu_darya,4100305840,1,0,4100551730
10,amu_darya,4100305960,1,0,4100551730
10,amu_darya,4100305970,1,0,4100551730
10,amu_darya,4100306880,1,0,4100551730
10,amu_darya,4100307050,1,0,4100551730
10,amu_darya,4100307200,1,0,4100551730
10,amu_darya,4100307210,1,0,4100551730
10,amu_darya,4100307220,1,0,4100551730
10,amu_darya,4100307360,1,0,4100551730
10,amu_darya,4100307530,1,0,4100551730
10,amu_darya,4100307540,1,0,4100551730
10,amu_darya,4100307550,1,0,4100551730
10,amu_darya,4100307560,1,0,4100551730
10,amu_darya,4100307570,1,0,4100551730
10,amu_darya,4100307690,1,0,4100551730
10,amu_darya,4100307700,1,0,4100551730
10,amu_darya,4100307710,1,0,4100551730
10,amu_darya,4100308300,1,0,4100551730
10,amu_darya,4100308430,1,0,4100551730
10,amu_darya,4100308560,1,0,4100551730
10,amu_darya,4100308570,1,0,4100551730
10,amu_darya,4100309720,1,0,4100551730
10,amu_darya,4100309730,1,0,4100551730
10,amu_darya,4100311360,1,0,4100551730
10,amu_darya,4100311540,1,0,4100551730
10,amu_darya,4100312040,1,0,4100551730
10,amu_darya,4100312200,1,0,4100551730
10,amu_darya,4100312210,1,0,4100551730
10,amu_darya,4100312430,1,0,4100551730
10,amu_darya,4100312440,1,0,4100551730
10,amu_darya,4100312710,1,0,4100551730
10,amu_darya,4100313260,1,0,4100551730
10,amu_darya,4100313480,1,0,4100551730
10,amu_darya,4100314140,1,0,4100551730
10,amu_darya,4100314150,1,0,4100551730
10,amu_darya,4100314450,1,0,4100551730
10,amu_darya,4100314590,1,0,4100551730
10,amu_darya,4100314840,1,0,4100551730
10,amu_darya,4100314970,1,0,4100551730
10,amu_darya,4100315160,1,0,4100551730
10,amu_darya,4100315310,1,0,4100551730
10,amu_darya,4100315320,1,0,4100551730
10,amu_darya,4100315540,1,0,4100551730
10,amu_darya,4100315550,1,0,4100551730
10,amu_darya,4100315690,1,0,4100551730
10,amu_darya,4100316750,1,0,4100551730
10,amu_darya,4100316960,1,0,4100551730
10,amu_darya,4100316970,1,0,4100551730
10,amu_darya,4100316980,1,0,4100551730
10,amu_darya,4100319210,1,0,4100551730
10,amu_darya,4100319380,1,0,4100551730
10,amu_darya,4100319610,1,0,4100551730
10,amu_darya,4100319620,1,0,4100551730
10,amu_darya,4100319630,1,0,4100551730
10,amu_darya,4100319640,1,0,4100551730
10,amu_darya,4100319820,1,0,4100551730
10,amu_darya,4100319830,1,0,4100551730
10,amu_darya,4100319840,1,0,4100551730
10,amu_darya,4100320070,1,0,4100551730
10,amu_darya,4100320270,1,0,4100551730
10,amu_darya,4100320280,1,0,4100551730
10,amu_darya,4100320290,1,0,4100551730
10,amu_darya,4100320510,1,0,4100551730
10,amu_darya,4100320730,1,0,4100551730
10,amu_darya,4100320740,1,0,4100551730
10,amu_darya,4100320900,1,0,4100551730
10,amu_darya,4100320910,1,0,4100551730
10,amu_darya,4100320920,1,0,4100551730
10,amu_darya,4100320930,1,0,4100551730
10,amu_darya,4100320940,1,0,4100551730
10,amu_darya,4100320950,1,0,4100551730
10,amu_darya,4100322640,1,0,4100551730
10,amu_darya,4100322650,1,0,4100551730
10,amu_darya,4100323060,1,0,4100551730
10,amu_darya,4100323200,1,0,4100551730
10,amu_darya,4100323350,1,0,4100551730
10,amu_darya,4100323360,1,0,4100551730
10,amu_darya,4100323520,1,0,4100551730
10,amu_darya,4100323720,1,0,4100551730
10,amu_darya,4100323730,1,0,4100551730
10,amu_darya,4100324020,1,0,4100551730
10,amu_darya,4100324030,1,0,4100551730
10,amu_darya,4100324040,1,0,4100551730
10,amu_darya,4100324180,1,0,4100551730
10,amu_darya,4100324330,1,0,4100551730
10,amu_darya,4100324340,1,0,4100551730
10,amu_darya,4100324430,1,0,4100551730
10,amu_darya,4100324530,1,0,4100551730
10,amu_darya,4100324540,1,0,4100551730
10,amu_darya,4100324550,1,0,4100551730
10,amu_darya,4100324710,1,0,4100551730
10,amu_darya,4100324890,1,0,4100551730
10,amu_darya,4100324900,1,0,4100551730
10,amu_darya,4100324910,1,0,4100551730
10,amu_darya,4100325040,1,0,4100551730
10,amu_darya,4100325600,1,0,4100551730
10,amu_darya,4100325840,1,0,4100551730
10,amu_darya,4100326200,1,0,4100551730
10,amu_darya,4100326210,1,0,4100551730
10,amu_darya,4100326340,1,0,4100551730
10,amu_darya,4100326350,1,0,4100551730
10,amu_darya,4100326440,1,0,4100551730
10,amu_darya,4100326450,1,0,4100551730
10,amu_darya,4100326460,1,0,4100551730
10,amu_darya,4100326600,1,0,4100551730
10,amu_darya,4100326690,1,0,4100551730
10,amu_darya,4100326700,1,0,4100551730
10,amu_darya,4100326790,1,0,4100551730
10,amu_darya,4100326800,1,0,4100551730
10,amu_darya,4100326890,1,0,4100551730
10,amu_darya,4100326900,1,0,4100551730
10,amu_darya,4100326980,1,0,4100551730
10,amu_darya,4100327150,1,0,4100551730
10,amu_darya,4100327160,1,0,4100551730
10,amu_darya,4100327170,1,0,4100551730
10,amu_darya,4100327360,1,0,4100551730
10,amu_darya,4100327370,1,0,4100551730
10,amu_darya,4100327930,1,0,4100551730
10,amu_darya,4100328070,1,0,4100551730
10,amu_darya,4100328200,1,0,4100551730
10,amu_darya,4100328420,1,0,4100551730
10,amu_darya,4100328430,1,0,4100551730
10,amu_darya,4100328440,1,0,4100551730
10,amu_darya,4100328660,1,0,4100551730
10,amu_darya,4100328920,1,0,4100551730
10,amu_darya,4100329190,1,0,4100551730
10,amu_darya,4100329200,1,0,4100551730
10,amu_darya,4100329310,1,0,4100551730
10,amu_darya,4100329320,1,0,4100551730
10,amu_darya,4100329460,1,0,4100551730
10,amu_darya,4100329470,1,0,4100551730
10,amu_darya,4100330170,1,0,4100551730
10,amu_darya,4100330380,1,0,4100551730
10,amu_darya,4100330390,1,0,4100551730
10,amu_darya,4100330400,1,0,4100551730
10,amu_darya,4100330580,1,0,4100551730
10,amu_darya,4100330590,1,0,4100551730
10,amu_darya,4100331890,1,0,4100551730
10,amu_darya,4100331900,1,0,4100551730
10,amu_darya,4100332060,1,0,4100551730
10,amu_darya,4100332130,1,0,4100551730
10,amu_darya,4100332200,1,0,4100551730
10,amu_darya,4100332290,1,0,4100551730
10,amu_darya,4100332300,1,0,4100551730
10,amu_darya,4100332670,1,0,4100551730
10,amu_darya,4100332950,1,0,4100551730
10,amu_darya,4100333100,1,0,4100551730
10,amu_darya,4100333230,1,0,4100551730
10,amu_darya,4100333390,1,0,4100551730
10,amu_darya,4100333400,1,0,4100551730
10,amu_darya,4100333410,1,0,4100551730
10,amu_darya,4100334400,1,0,4100551730
10,amu_darya,4100334530,1,0,4100551730
10,amu_darya,4100334650,1,0,4100551730
10,amu_darya,4100334810,1,0,4100551730
10,amu_darya,4100334940,1,0,4100551730
10,amu_darya,4100335080,1,0,4100551730
10,amu_darya,4100335900,1,0,4100551730
10,amu_darya,4100335990,1,0,4100551730
10,amu_darya,4100336730,1,0,4100551730
10,amu_darya,4100336740,1,0,4100551730
10,amu_darya,4100338030,1,0,4100551730
10,amu_darya,4100338040,1,0,4100551730
10,amu_darya,4100338930,1,0,4100551730
10,amu_darya,4100339130,1,0,4100551730
10,amu_darya,4100339290,1,0,4100551730
10,amu_darya,4100339300,1,0,4100551730
10,amu_darya,4100339390,1,0,4100551730
10,amu_darya,4100339400,1,0,4100551730
10,amu_darya,4100340560,1,0,4100551730
10,amu_darya,4100340570,1,0,4100551730
10,amu_darya,4100340580,1,0,4100551730
10,amu_darya,4100340590,1,0,4100551730
10,amu_darya,4100340710,1,0,4100551730
10,amu_darya,4100340830,1,0,4100551730
10,amu_darya,4100341620,1,0,4100551730
10,amu_darya,4100341800,1,0,4100551730
10,amu_darya,4100341920,1,0,4100551730
10,amu_darya,4100341930,1,0,4100551730
10,amu_darya,4100342040,1,0,4100551730
10,amu_darya,4100342180,1,0,4100551730
10,amu_darya,4100342740,1,0,4100551730
10,amu_darya,4100342920,1,0,4100551730
10,amu_darya,4100342930,1,0,4100551730
10,amu_darya,4100343270,1,0,4100551730
10,amu_darya,4100344740,1,0,4100551730
10,amu_darya,4100344860,1,0,4100551730
10,amu_darya,4100345450,1,0,4100551730
10,amu_darya,4100345570,1,0,4100551730
10,amu_darya,4100346010,1,0,4100551730
10,amu_darya,4100346100,1,0,4100551730
10,amu_darya,4100346110,1,0,4100551730
10,amu_darya,4100346270,1,0,4100551730
10,amu_darya,4100346430,1,0,4100551730
10,amu_darya,4100346550,1,0,4100551730
10,amu_darya,4100346800,1,0,4100551730
10,amu_darya,4100346940,1,0,4100551730
10,amu_darya,4100347470,1,0,4100551730
10,amu_darya,4100347480,1,0,4100551730
10,amu_darya,4100347720,1,0,4100551730
10,amu_darya,4100347730,1,0,4100551730
10,amu_darya,4100347920,1,0,4100551730
10,amu_darya,4100348090,1,0,4100551730
10,amu_darya,4100348100,1,0,4100551730
10,amu_darya,4100348270,1,0,4100551730
10,amu_darya,4100348280,1,0,4100551730
10,amu_darya,4100348290,1,0,4100551730
10,amu_darya,4100348430,1,0,4100551730
10,amu_darya,4100348440,1,0,4100551730
10,amu_darya,4100348610,1,0,4100551730
10,amu_darya,4100348620,1,0,4100551730
10,amu_darya,4100348630,1,0,4100551730
10,amu_darya,4100348780,1,0,4100551730
10,amu_darya,4100348790,1,0,4100551730
10,amu_darya,4100348800,1,0,4100551730
10,amu_darya,4100349370,1,0,4100551730
10,amu_darya,4100349520,1,0,4100551730
10,amu_darya,4100349720,1,0,4100551730
10,amu_darya,4100349730,1,0,4100551730
10,amu_darya,4100349740,1,0,4100551730
10,amu_darya,4100349900,1,0,4100551730
10,amu_darya,4100349910,1,0,4100551730
10,amu_darya,4100349920,1,0,4100551730
10,amu_darya,4100350160,1,0,4100551730
10,amu_darya,4100350170,1,0,4100551730
10,amu_darya,4100350180,1,0,4100551730
10,amu_darya,4100350330,1,0,4100551730
10,amu_darya,4100351040,1,0,4100551730
10,amu_darya,4100351170,1,0,4100551730
10,amu_darya,4100352910,1,0,4100551730
10,amu_darya,4100353040,1,0,4100551730
10,amu_darya,4100353160,1,0,4100551730
10,amu_darya,4100353280,1,0,4100551730
10,amu_darya,4100353810,1,0,4100551730
10,amu_darya,4100353820,1,0,4100551730
10,amu_darya,4100354100,1,0,4100551730
10,amu_darya,4100354110,1,0,4100551730
10,amu_darya,4100355440,1,0,4100551730
10,amu_darya,4100355450,1,0,4100551730
10,amu_darya,4100355460,1,0,4100551730
10,amu_darya,4100355620,1,0,4100551730
10,amu_darya,4100355630,1,0,4100551730
10,amu_darya,4100355780,1,0,4100551730
10,amu_darya,4100356440,1,0,4100551730
10,amu_darya,4100356450,1,0,4100551730
10,amu_darya,4100356460,1,0,4100551730
10,amu_darya,4100356800,1,0,4100551730
10,amu_darya,4100356810,1,0,4100551730
10,amu_darya,4100356820,1,0,4100551730
10,amu_darya,4100357140,1,0,4100551730
10,amu_darya,4100357150,1,0,4100551730
10,amu_darya,4100357380,1,0,4100551730
10,amu_darya,4100357540,1,0,4100551730
10,amu_darya,4100357550,1,0,4100551730
10,amu_darya,4100357680,1,0,4100551730
10,amu_darya,4100357690,1,0,4100551730
10,amu_darya,4100357820,1,0,4100551730
10,amu_darya,4100358340,1,0,4100551730
10,amu_darya,4100358350,1,0,4100551730
10,amu_darya,4100358360,1,0,4100551730
10,amu_darya,4100358530,1,0,4100551730
10,amu_darya,4100358630,1,0,4100551730
10,amu_darya,4100358640,1,0,4100551730
10,amu_darya,4100358650,1,0,4100551730
10,amu_darya,4100359000,1,0,4100551730
10,amu_darya,4100359010,1,0,4100551730
10,amu_darya,4100359020,1,0,4100551730
10,amu_darya,4100359140,1,0,4100551730
10,amu_darya,4100359270,1,0,4100551730
10,amu_darya,4100361490,1,0,4100551730
10,amu_darya,4100361640,1,0,4100551730
10,amu_darya,4100361650,1,0,4100551730
10,amu_darya,4100361660,1,0,4100551730
10,amu_darya,4100361670,1,0,4100551730
10,amu_darya,4100361850,1,0,4100551730
10,amu_darya,4100362380,1,0,4100551730
10,amu_darya,4100362390,1,0,4100551730
10,amu_darya,4100362600,1,0,4100551730
10,amu_darya,4100362610,1,0,4100551730
10,amu_darya,4100362830,1,0,4100551730
10,amu_darya,4100362840,1,0,4100551730
10,amu_darya,4100363070,1,0,4100551730
10,amu_darya,4100363080,1,0,4100551730
10,amu_darya,4100363090,1,0,4100551730
10,amu_darya,4100363280,1,0,4100551730
10,amu_darya,4100363460,1,0,4100551730
10,amu_darya,4100363670,1,0,4100551730
10,amu_darya,4100364290,1,0,4100551730
10,amu_darya,4100364300,1,0,4100551730
10,amu_darya,4100364490,1,0,4100551730
10,amu_darya,4100364500,1,0,4100551730
10,amu_darya,4100364820,1,0,4100551730
10,amu_darya,4100365030,1,0,4100551730
10,amu_darya,4100365340,1,0,4100551730
10,amu_darya,4100365610,1,0,4100551730
10,amu_darya,4100365740,1,0,4100551730
10,amu_darya,4100365750,1,0,4100551730
10,amu_darya,4100365920,1,0,4100551730
10,amu_darya,4100365930,1,0,4100551730
10,amu_darya,4100366280,1,0,4100551730
10,amu_darya,4100366580,1,0,4100551730
10,amu_darya,4100366770,1,0,4100551730
10,amu_darya,4100366990,1,0,4100551730
10,amu_darya,4100367610,1,0,4100551730
10,amu_darya,4100367820,1,0,4100551730
10,amu_darya,4100368040,1,0,4100551730
10,amu_darya,4100368450,1,0,4100551730
10,amu_darya,4100368620,1,0,4100551730
10,amu_darya,4100368770,1,0,4100551730
10,amu_darya,4100369490,1,0,4100551730
10,amu_darya,4100369500,1,0,4100551730
10,amu_darya,4100369620,1,0,4100551730
10,amu_darya,4100370040,1,0,4100551730
10,amu_darya,4100370570,1,0,4100551730
10,amu_darya,4100370770,1,0,4100551730
10,amu_darya,4100370980,1,0,4100551730
10,amu_darya,4100371190,1,0,4100551730
10,amu_darya,4100371200,1,0,4100551730
10,amu_darya,4100371210,1,0,4100551730
10,amu_darya,4100371610,1,0,4100551730
10,amu_darya,4100371620,1,0,4100551730
10,amu_darya,4100371890,1,0,4100551730
10,amu_darya,4100371900,1,0,4100551730
10,amu_darya,4100371910,1,0,4100551730
10,amu_darya,4100372240,1,0,4100551730
10,amu_darya,4100372250,1,0,4100551730
10,amu_darya,4100372330,1,0,4100551730
10,amu_darya,4100373140,1,0,4100551730
10,amu_darya,4100373150,1,0,4100551730
10,amu_darya,4100376020,1,0,4100551730
10,amu_darya,4100376030,1,0,4100551730
10,amu_darya,4100376180,1,0,4100551730
10,amu_darya,4100376190,1,0,4100551730
10,amu_darya,4100376770,1,0,4100551730
10,amu_darya,4100376940,1,0,4100551730
10,amu_darya,4100378830,1,0,4100551730
10,amu_darya,4100378840,1,0,4100551730
10,amu_darya,4100380750,1,0,4100551730
10,amu_darya,4100380860,1,0,4100551730
10,amu_darya,4100383650,1,0,4100551730
10,amu_darya,4100383800,1,0,4100551730
10,amu_darya,4100383920,1,0,4100551730
10,amu_darya,4100383930,1,0,4100551730
10,amu_darya,4100383990,1,0,4100551730
10,amu_darya,4100384000,1,0,4100551730
10,amu_darya,4100384350,1,0,4100551730
10,amu_darya,4100384360,1,0,4100551730
10,amu_darya,4100384440,1,0,4100551730
10,amu_darya,4100384590,1,0,4100551730
10,amu_darya,4100384700,1,0,4100551730
10,amu_darya,4100384780,1,0,4100551730
10,amu_darya,4100384790,1,0,4100551730
10,amu_darya,4100384920,1,0,4100551730
10,amu_darya,4100384930,1,0,4100551730
10,amu_darya,4100385150,1,0,4100551730
10,amu_darya,4100385830,1,0,4100551730
10,amu_darya,4100385900,1,0,4100551730
10,amu_darya,4100386310,1,0,4100551730
10,amu_darya,4100386430,1,0,4100551730
10,amu_darya,4100386440,1,0,4100551730
10,amu_darya,4100386590,1,0,4100551730
10,amu_darya,4100386740,1,0,4100551730
10,amu_darya,4100386900,1,0,4100551730
10,amu_darya,4100390980,1,0,4100551730
10,amu_darya,4100391090,1,0,4100551730
10,amu_darya,4100391280,1,0,4100551730
10,amu_darya,4100391460,1,0,4100551730
10,amu_darya,4100391740,1,0,4100551730
10,amu_darya,4100391860,1,0,4100551730
10,amu_darya,4100392340,1,0,4100551730
10,amu_darya,4100392620,1,0,4100551730
10,amu_darya,4100394850,1,0,4100551730
10,amu_darya,4100394970,1,0,4100551730
10,amu_darya,4100395400,1,0,4100551730
10,amu_darya,4100395410,1,0,4100551730
10,amu_darya,4100395690,1,0,4100551730
10,amu_darya,4100395700,1,0,4100551730
10,amu_darya,4100396120,1,0,4100551730
10,amu_darya,4100396220,1,0,4100551730
10,amu_darya,4100410400,1,0,4100551730
10,amu_darya,4100410530,1,0,4100551730
10,amu_darya,4100411070,1,0,4100551730
10,amu_darya,4100411200,1,0,4100551730
10,amu_darya,4100411210,1,0,4100551730
10,amu_darya,4100411420,1,0,4100551730
10,amu_darya,4100415480,1,0,4100551730
10,amu_darya,4100415490,1,0,4100551730
10,amu_darya,4100415930,1,0,4100551730
10,amu_darya,4100416100,1,0,4100551730
10,amu_darya,4100423320,1,0,4100551730
10,amu_darya,4100423430,1,0,4100551730
10,amu_darya,4100428710,1,0,4100551730
10,amu_darya,4100428870,1,0,4100551730
10,amu_darya,4100430940,1,0,4100551730
10,amu_darya,4100431100,1,0,4100551730
10,amu_darya,4100437120,1,0,4100551730
10,amu_darya,4100437130,1,0,4100551730
10,amu_darya,4100440640,1,0,4100551730
10,amu_darya,4100440760,1,0,4100551730
10,amu_darya,4100441090,1,0,4100551730
10,amu_darya,4100441210,1,0,4100551730
10,amu_darya,4100441520,1,0,4100551730
10,amu_darya,4100441530,1,0,4100551730
10,amu_darya,4100441770,1,0,4100551730
10,amu_darya,4100441780,1,0,4100551730
10,amu_darya,4100441790,1,0,4100551730
10,amu_darya,4100442240,1,0,4100551730
10,amu_darya,4100444850,1,0,4100551730
10,amu_darya,4100444860,1,0,4100551730
10,amu_darya,4100445490,1,0,4100551730
10,amu_darya,4100445500,1,0,4100551730
10,amu_darya,4100445510,1,0,4100551730
10,amu_darya,4100445670,1,0,4100551730
10,amu_darya,4100446080,1,0,4100551730
10,amu_darya,4100446260,1,0,4100551730
10,amu_darya,4100447710,1,0,4100551730
10,amu_darya,4100447910,1,0,4100551730
10,amu_darya,4100448250,1,0,4100551730
10,amu_darya,4100448390,1,0,4100551730
10,amu_darya,4100448690,1,0,4100551730
10,amu_darya,4100448900,1,0,4100551730
10,amu_darya,4100449400,1,0,4100551730
10,amu_darya,4100449610,1,0,4100551730
10,amu_darya,4100450200,1,0,4100551730
10,amu_darya,4100450380,1,0,4100551730
10,amu_darya,4100450390,1,0,4100551730
10,amu_darya,4100450610,1,0,4100551730
10,amu_darya,4100450620,1,0,4100551730
10,amu_darya,4100450630,1,0,4100551730
10,amu_darya,4100450750,1,0,4100551730
10,amu_darya,4100450760,1,0,4100551730
10,amu_darya,4100450910,1,0,4100551730
10,amu_darya,4100450920,1,0,4100551730
10,amu_darya,4100450940,1,0,4100551730
10,amu_darya,4100450950,1,0,4100551730
10,amu_darya,4100450970,1,0,4100551730
10,amu_darya,4100451070,1,0,4100551730
10,amu_darya,4100451090,1,0,4100551730
10,amu_darya,4100451100,1,0,4100551730
10,amu_darya,4100451200,1,0,4100551730
10,amu_darya,4100451210,1,0,4100551730
10,amu_darya,4100451220,1,0,4100551730
10,amu_darya,4100451230,1,0,4100551730
10,amu_darya,4100451250,1,0,4100551730
10,amu_darya,4100451260,1,0,4100551730
10,amu_darya,4100451310,1,0,4100551730
10,amu_darya,4100451490,1,0,4100551730
10,amu_darya,4100451670,1,0,4100551730
10,amu_darya,4100451860,1,0,4100551730
10,amu_darya,4100452370,1,0,4100551730
10,amu_darya,4100452380,1,0,4100551730
10,amu_darya,4100452390,1,0,4100551730
10,amu_darya,4100452540,1,0,4100551730
10,amu_darya,4100452550,1,0,4100551730
10,amu_darya,4100452560,1,0,4100551730
10,amu_darya,4100452570,1,0,4100551730
10,amu_darya,4100452770,1,0,4100551730
10,amu_darya,4100453070,1,0,4100551730
10,amu_darya,4100453190,1,0,4100551730
10,amu_darya,4100453350,1,0,4100551730
10,amu_darya,4100453360,1,0,4100551730
10,amu_darya,4100453370,1,0,4100551730
10,amu_darya,4100453380,1,0,4100551730
10,amu_darya,4100453650,1,0,4100551730
10,amu_darya,4100453660,1,0,4100551730
10,amu_darya,4100453670,1,0,4100551730
10,amu_darya,4100453770,1,0,4100551730
10,amu_darya,4100454200,1,0,4100551730
10,amu_darya,4100454330,1,0,4100551730
10,amu_darya,4100454340,1,0,4100551730
10,amu_darya,4100454520,1,0,4100551730
10,amu_darya,4100454680,1,0,4100551730
10,amu_darya,4100454690,1,0,4100551730
10,amu_darya,4100454780,1,0,4100551730
10,amu_darya,4100454790,1,0,4100551730
10,amu_darya,4100455000,1,0,4100551730
10,amu_darya,4100455080,1,0,4100551730
10,amu_darya,4100455090,1,0,4100551730
10,amu_darya,4100455100,1,0,4100551730
10,amu_darya,4100455220,1,0,4100551730
10,amu_darya,4100455230,1,0,4100551730
10,amu_darya,4100455240,1,0,4100551730
10,amu_darya,4100455380,1,0,4100551730
10,amu_darya,4100455390,1,0,4100551730
10,amu_darya,4100455410,1,0,4100551730
10,amu_darya,4100455420,1,0,4100551730
10,amu_darya,4100455590,1,0,4100551730
10,amu_darya,4100455600,1,0,4100551730
10,amu_darya,4100455610,1,0,4100551730
10,amu_darya,4100455740,1,0,4100551730
10,amu_darya,4100455750,1,0,4100551730
10,amu_darya,4100455760,1,0,4100551730
10,amu_darya,4100455770,1,0,4100551730
10,amu_darya,4100456080,1,0,4100551730
10,amu_darya,4100456200,1,0,4100551730
10,amu_darya,4100456210,1,0,4100551730
10,amu_darya,4100456310,1,0,4100551730
10,amu_darya,4100456630,1,0,4100551730
10,amu_darya,4100456760,1,0,4100551730
10,amu_darya,4100456940,1,0,4100551730
10,amu_darya,4100457100,1,0,4100551730
10,amu_darya,4100457240,1,0,4100551730
10,amu_darya,4100457250,1,0,4100551730
10,amu_darya,4100457260,1,0,4100551730
10,amu_darya,4100457270,1,0,4100551730
10,amu_darya,4100457410,1,0,4100551730
10,amu_darya,4100457420,1,0,4100551730
10,amu_darya,4100457430,1,0,4100551730
10,amu_darya,4100457440,1,0,4100551730
10,amu_darya,4100457450,1,0,4100551730
10,amu_darya,4100457560,1,0,4100551730
10,amu_darya,4100457570,1,0,4100551730
10,amu_darya,4100457660,1,0,4100551730
10,amu_darya,4100457670,1,0,4100551730
10,amu_darya,4100457680,1,0,4100551730
10,amu_darya,4100457690,1,0,4100551730
10,amu_darya,4100457770,1,0,4100551730
10,amu_darya,4100457780,1,0,4100551730
10,amu_darya,4100457790,1,0,4100551730
10,amu_darya,4100457880,1,0,4100551730
10,amu_darya,4100457890,1,0,4100551730
10,amu_darya,4100457900,1,0,4100551730
10,amu_darya,4100458090,1,0,4100551730
10,amu_darya,4100458250,1,0,4100551730
10,amu_darya,4100458460,1,0,4100551730
10,amu_darya,4100458580,1,0,4100551730
10,amu_darya,4100458750,1,0,4100551730
10,amu_darya,4100459590,1,0,4100551730
10,amu_darya,4100459760,1,0,4100551730
10,amu_darya,4100459880,1,0,4100551730
10,amu_darya,4100459890,1,0,4100551730
10,amu_darya,4100460080,1,0,4100551730
10,amu_darya,4100460260,1,0,4100551730
10,amu_darya,4100460390,1,0,4100551730
10,amu_darya,4100460530,1,0,4100551730
10,amu_darya,4100460540,1,0,4100551730
10,amu_darya,4100460550,1,0,4100551730
10,amu_darya,4100460560,1,0,4100551730
10,amu_darya,4100460640,1,0,4100551730
10,amu_darya,4100460760,1,0,4100551730
10,amu_darya,4100460770,1,0,4100551730
10,amu_darya,4100461060,1,0,4100551730
10,amu_darya,4100461070,1,0,4100551730
10,amu_darya,4100461080,1,0,4100551730
10,amu_darya,4100461310,1,0,4100551730
10,amu_darya,4100461400,1,0,4100551730
10,amu_darya,4100461410,1,0,4100551730
10,amu_darya,4100461420,1,0,4100551730
10,amu_darya,4100461430,1,0,4100551730
10,amu_darya,4100461500,1,0,4100551730
10,amu_darya,4100461510,1,0,4100551730
10,amu_darya,4100461600,1,0,4100551730
10,amu_darya,4100461610,1,0,4100551730
10,amu_darya,4100461740,1,0,4100551730
10,amu_darya,4100461750,1,0,4100551730
10,amu_darya,4100461960,1,0,4100551730
10,amu_darya,4100461970,1,0,4100551730
10,amu_darya,4100461980,1,0,4100551730
10,amu_darya,4100462090,1,0,4100551730
10,amu_darya,4100462100,1,0,4100551730
10,amu_darya,4100462110,1,0,4100551730
10,amu_darya,4100462120,1,0,4100551730
10,amu_darya,4100462130,1,0,4100551730
10,amu_darya,4100462250,1,0,4100551730
10,amu_darya,4100462430,1,0,4100551730
10,amu_darya,4100462440,1,0,4100551730
10,amu_darya,4100462660,1,0,4100551730
10,amu_darya,4100462670,1,0,4100551730
10,amu_darya,4100462770,1,0,4100551730
10,amu_darya,4100463050,1,0,4100551730
10,amu_darya,4100463190,1,0,4100551730
10,amu_darya,4100463200,1,0,4100551730
10,amu_darya,4100463460,1,0,4100551730
10,amu_darya,4100463800,1,0,4100551730
10,amu_darya,4100463980,1,0,4100551730
10,amu_darya,4100464170,1,0,4100551730
10,amu_darya,4100464180,1,0,4100551730
10,amu_darya,4100464460,1,0,4100551730
10,amu_darya,4100464790,1,0,4100551730
10,amu_darya,4100464930,1,0,4100551730
10,amu_darya,4100464940,1,0,4100551730
10,amu_darya,4100465160,1,0,4100551730
10,amu_darya,4100465170,1,0,4100551730
10,amu_darya,4100465180,1,0,4100551730
10,amu_darya,4100465190,1,0,4100551730
10,amu_darya,4100465200,1,0,4100551730
10,amu_darya,4100465210,1,0,4100551730
10,amu_darya,4100465400,1,0,4100551730
10,amu_darya,4100465410,1,0,4100551730
10,amu_darya,4100465420,1,0,4100551730
10,amu_darya,4100465570,1,0,4100551730
10,amu_darya,4100465670,1,0,4100551730
10,amu_darya,4100465680,1,0,4100551730
10,amu_darya,4100465900,1,0,4100551730
10,amu_darya,4100466060,1,0,4100551730
10,amu_darya,4100466220,1,0,4100551730
10,amu_darya,4100466230,1,0,4100551730
10,amu_darya,4100466480,1,0,4100551730
10,amu_darya,4100466590,1,0,4100551730
10,amu_darya,4100466600,1,1,4100551730
10,amu_darya,4100466610,1,1,4100551730
10,amu_darya,4100466620,1,1,4100551730
10,amu_darya,4100466760,1,1,4100551730
10,amu_darya,4100466770,1,1,4100551730
10,amu_darya,4100466930,1,1,4100551730
10,amu_darya,4100466940,1,1,4100551730
10,amu_darya,4100466950,1,1,4100551730
10,amu_darya,4100467160,1,0,4100551730
10,amu_darya,4100467280,1,0,4100551730
10,amu_darya,4100467460,1,1,4100551730
10,amu_darya,4100467580,1,1,4100551730
10,amu_darya,4100467730,1,1,4100551730
10,amu_darya,4100467860,1,1,4100551730
10,amu_darya,4100467870,1,1,4100551730
10,amu_darya,4100467880,1,1,4100551730
10,amu_darya,4100468050,1,0,4100551730
10,amu_darya,4100468070,1,1,4100551730
10,amu_darya,4100468080,1,1,4100551730
10,amu_darya,4100468270,1,0,4100551730
10,amu_darya,4100468280,1,0,4100551730
10,amu_darya,4100468300,1,1,4100551730
10,amu_darya,4100468310,1,1,4100551730
10,amu_darya,4100468450,1,0,4100551730
10,amu_darya,4100468460,1,0,4100551730
10,amu_darya,4100468480,1,0,4100551730
10,amu_darya,4100468490,1,0,4100551730
10,amu_darya,4100468610,1,0,4100551730
10,amu_darya,4100468620,1,0,4100551730
10,amu_darya,4100468630,1,0,4100551730
10,amu_darya,4100468670,1,0,4100551730
10,amu_darya,4100468680,1,0,4100551730
10,amu_darya,4100468690,1,0,4100551730
10,amu_darya,4100468830,1,0,4100551730
10,amu_darya,4100468990,1,0,4100551730
10,amu_darya,4100469000,1,0,4100551730
10,amu_darya,4100469010,1,1,4100551730
10,amu_darya,4100469170,1,1,4100551730
10,amu_darya,4100469270,1,0,4100551730
10,amu_darya,4100469410,1,0,4100551730
10,amu_darya,4100469510,1,0,4100551730
10,amu_darya,4100469520,1,0,4100551730
10,amu_darya,4100469530,1,0,4100551730
10,amu_darya,4100469650,1,0,4100551730
10,amu_darya,4100469660,1,0,4100551730
10,amu_darya,4100469740,1,1,4100551730
10,amu_darya,4100469830,1,0,4100551730
10,amu_darya,4100469840,1,1,4100551730
10,amu_darya,4100469950,1,0,4100551730
10,amu_darya,4100470090,1,0,4100551730
10,amu_darya,4100470100,1,0,4100551730
10,amu_darya,4100470110,1,0,4100551730
10,amu_darya,4100470120,1,1,4100551730
10,amu_darya,4100470300,1,0,4100551730
10,amu_darya,4100470310,1,1,4100551730
10,amu_darya,4100470500,1,1,4100551730
10,amu_darya,4100470610,1,0,4100551730
10,amu_darya,4100470630,1,1,4100551730
10,amu_darya,4100470830,1,0,4100551730
10,amu_darya,4100470840,1,0,4100551730
10,amu_darya,4100470930,1,0,4100551730
10,amu_darya,4100470980,1,0,4100551730
10,amu_darya,4100470990,1,1,4100551730
10,amu_darya,4100471000,1,1,4100551730
10,amu_darya,4100471070,1,1,4100551730
10,amu_darya,4100471180,1,1,4100551730
10,amu_darya,4100471330,1,0,4100551730
10,amu_darya,4100471480,1,0,4100551730
10,amu_darya,4100471490,1,1,4100551730
10,amu_darya,4100471640,1,0,4100551730
10,amu_darya,4100471660,1,0,4100551730
10,amu_darya,4100471670,1,1,4100551730
10,amu_darya,4100471680,1,1,4100551730
10,amu_darya,4100471750,1,1,4100551730
10,amu_darya,4100472100,1,0,4100551730
10,amu_darya,4100472120,1,1,4100551730
10,amu_darya,4100472130,1,1,4100551730
10,amu_darya,4100472240,1,0,4100551730
10,amu_darya,4100472420,1,1,4100551730
10,amu_darya,4100472520,1,0,4100551730
10,amu_darya,4100472640,1,0,4100551730
10,amu_darya,4100472650,1,1,4100551730
10,amu_darya,4100472720,1,0,4100551730
10,amu_darya,4100472730,1,0,4100551730
10,amu_darya,4100472850,1,0,4100551730
10,amu_darya,4100472960,1,0,4100551730
10,amu_darya,4100473070,1,0,4100551730
10,amu_darya,4100473080,1,0,4100551730
10,amu_darya,4100473380,1,0,4100551730
10,amu_darya,4100473390,1,0,4100551730
10,amu_darya,4100473400,1,0,4100551730
10,amu_darya,4100473410,1,1,4100551730
10,amu_darya,4100473530,1,0,4100551730
10,amu_darya,4100473540,1,0,4100551730
10,amu_darya,4100473550,1,1,4100551730
10,amu_darya,4100473680,1,0,4100551730
10,amu_darya,4100473860,1,0,4100551730
10,amu_darya,4100474000,1,0,4100551730
10,amu_darya,4100474120,1,0,4100551730
10,amu_darya,4100474130,1,0,4100551730
10,amu_darya,4100474140,1,1,4100551730
10,amu_darya,4100474150,1,1,4100551730
10,amu_darya,4100474300,1,0,4100551730
10,amu_darya,4100474310,1,0,4100551730
10,amu_darya,4100474320,1,0,4100551730
10,amu_darya,4100474330,1,0,4100551730
10,amu_darya,4100474340,1,0,4100551730
10,amu_darya,4100474540,1,0,4100551730
10,amu_darya,4100474550,1,0,4100551730
10,amu_darya,4100474560,1,0,4100551730
10,amu_darya,4100474570,1,0,4100551730
10,amu_darya,4100474580,1,0,4100551730
10,amu_darya,4100474710,1,0,4100551730
10,amu_darya,4100474720,1,0,4100551730
10,amu_darya,4100474730,1,0,4100551730
10,amu_darya,4100474740,1,0,4100551730
10,amu_darya,4100474750,1,0,4100551730
10,amu_darya,4100474760,1,0,4100551730
10,amu_darya,4100474910,1,0,4100551730
10,amu_darya,4100474920,1,0,4100551730
10,amu_darya,4100474930,1,0,4100551730
10,amu_darya,4100474940,1,0,4100551730
10,amu_darya,4100474950,1,0,4100551730
10,amu_darya,4100474960,1,0,4100551730
10,amu_darya,4100475070,1,0,4100551730
10,amu_darya,4100475080,1,0,4100551730
10,amu_darya,4100475090,1,0,4100551730
10,amu_darya,4100475230,1,0,4100551730
10,amu_darya,4100475240,1,0,4100551730
10,amu_darya,4100475250,1,0,4100551730
10,amu_darya,4100475320,1,0,4100551730
10,amu_darya,4100475330,1,0,4100551730
10,amu_darya,4100475390,1,0,4100551730
10,amu_darya,4100475400,1,0,4100551730
10,amu_darya,4100475410,1,1,4100551730
10,amu_darya,4100475420,1,1,4100551730
10,amu_darya,4100475520,1,0,4100551730
10,amu_darya,4100475620,1,0,4100551730
10,amu_darya,4100475830,1,0,4100551730
10,amu_darya,4100475840,1,0,4100551730
10,amu_darya,4100475850,1,0,4100551730
10,amu_darya,4100475860,1,0,4100551730
10,amu_darya,4100476040,1,0,4100551730
10,amu_darya,4100476050,1,0,4100551730
10,amu_darya,4100476060,1,0,4100551730
10,amu_darya,4100476230,1,0,4100551730
10,amu_darya,4100476410,1,0,4100551730
10,amu_darya,4100476430,1,0,4100551730
10,amu_darya,4100476440,1,0,4100551730
10,amu_darya,4100476550,1,0,4100551730
10,amu_darya,4100476560,1,0,4100551730
10,amu_darya,4100476570,1,0,4100551730
10,amu_darya,4100476690,1,0,4100551730
10,amu_darya,4100476700,1,0,4100551730
10,amu_darya,4100476780,1,0,4100551730
10,amu_darya,4100476920,1,0,4100551730
10,amu_darya,4100477080,1,0,4100551730
10,amu_darya,4100477090,1,0,4100551730
10,amu_darya,4100477200,1,0,4100551730
10,amu_darya,4100477210,1,0,4100551730
10,amu_darya,4100477330,1,0,4100551730
10,amu_darya,4100477340,1,0,4100551730
10,amu_darya,4100477350,1,0,4100551730
10,amu_darya,4100477360,1,0,4100551730
10,amu_darya,4100477470,1,0,4100551730
10,amu_darya,4100477480,1,0,4100551730
10,amu_darya,4100477560,1,0,4100551730
10,amu_darya,4100477570,1,0,4100551730
10,amu_darya,4100477580,1,0,4100551730
10,amu_darya,4100477590,1,0,4100551730
10,amu_darya,4100477710,1,0,4100551730
10,amu_darya,4100477720,1,0,4100551730
10,amu_darya,4100477730,1,0,4100551730
10,amu_darya,4100477740,1,0,4100551730
10,amu_darya,4100477750,1,1,4100551730
10,amu_darya,4100477880,1,0,4100551730
10,amu_darya,4100477890,1,0,4100551730
10,amu_darya,4100477980,1,0,4100551730
10,amu_darya,4100477990,1,0,4100551730
10,amu_darya,4100478000,1,0,4100551730
10,amu_darya,4100478010,1,0,4100551730
10,amu_darya,4100478020,1,1,4100551730
10,amu_darya,4100478740,1,1,4100551730
10,amu_darya,4100478860,1,0,4100551730
10,amu_darya,4100478870,1,0,4100551730
10,amu_darya,4100478880,1,0,4100551730
10,amu_darya,4100478890,1,1,4100551730
10,amu_darya,4100479060,1,0,4100551730
10,amu_darya,4100479070,1,0,4100551730
10,amu_darya,4100479080,1,0,4100551730
10,amu_darya,4100479090,1,0,4100551730
10,amu_darya,4100479100,1,1,4100551730
10,amu_darya,4100479110,1,1,4100551730
10,amu_darya,4100479210,1,0,4100551730
10,amu_darya,4100479290,1,0,4100551730
10,amu_darya,4100479300,1,0,4100551730
10,amu_darya,4100479430,1,0,4100551730
10,amu_darya,4100479440,1,1,4100551730
10,amu_darya,4100479580,1,0,4100551730
10,amu_darya,4100479590,1,1,4100551730
10,amu_darya,4100479680,1,0,4100551730
10,amu_darya,4100479800,1,0,4100551730
10,amu_darya,4100480310,1,1,4100551730
10,amu_darya,4100480360,1,0,4100551730
10,amu_darya,4100480370,1,1,4100551730
10,amu_darya,4100480380,1,1,4100551730
10,amu_darya,4100480410,1,0,4100551730
10,amu_darya,4100480420,1,0,4100551730
10,amu_darya,4100480430,1,1,4100551730
10,amu_darya,4100480480,1,0,4100551730
10,amu_darya,4100480490,1,1,4100551730
10,amu_darya,4100480550,1,1,4100551730
10,amu_darya,4100480720,1,0,4100551730
10,amu_darya,4100480730,1,1,4100551730
10,amu_darya,4100480740,1,1,4100551730
10,amu_darya,4100480850,1,0,4100551730
10,amu_darya,4100480860,1,1,4100551730
10,amu_darya,4100480870,1,1,4100551730
10,amu_darya,4100480950,1,0,4100551730
10,amu_darya,4100480960,1,0,4100551730
10,amu_darya,4100480970,1,0,4100551730
10,amu_darya,4100480980,1,0,4100551730
10,amu_darya,4100481060,1,0,4100551730
10,amu_darya,4100481070,1,0,4100551730
10,amu_darya,4100481080,1,0,4100551730
10,amu_darya,4100481160,1,0,4100551730
10,amu_darya,4100481170,1,0,4100551730
10,amu_darya,4100481240,1,0,4100551730
10,amu_darya,4100481250,1,0,4100551730
10,amu_darya,4100481260,1,0,4100551730
10,amu_darya,4100481340,1,0,4100551730
10,amu_darya,4100481350,1,1,4100551730
10,amu_darya,4100481360,1,1,4100551730
10,amu_darya,4100481440,1,0,4100551730
10,amu_darya,4100481450,1,0,4100551730
10,amu_darya,4100481460,1,1,4100551730
10,amu_darya,4100481470,1,1,4100551730
10,amu_darya,4100481480,1,1,4100551730
10,amu_darya,4100481570,1,0,4100551730
10,amu_darya,4100481580,1,1,4100551730
10,amu_darya,4100481680,1,1,4100551730
10,amu_darya,4100481820,1,0,4100551730
10,amu_darya,4100481880,1,0,4100551730
10,amu_darya,4100481890,1,1,4100551730
10,amu_darya,4100482020,1,0,4100551730
10,amu_darya,4100482030,1,1,4100551730
10,amu_darya,4100482160,1,0,4100551730
10,amu_darya,4100482170,1,0,4100551730
10,amu_darya,4100482180,1,0,4100551730
10,amu_darya,4100482190,1,0,4100551730
10,amu_darya,4100482200,1,1,4100551730
10,amu_darya,4100482210,1,1,4100551730
10,amu_darya,4100482220,1,1,4100551730
10,amu_darya,4100482330,1,0,4100551730
10,amu_darya,4100482340,1,0,4100551730
10,amu_darya,4100482350,1,0,4100551730
10,amu_darya,4100482360,1,0,4100551730
10,amu_darya,4100482370,1,1,4100551730
10,amu_darya,4100482520,1,0,4100551730
10,amu_darya,4100482530,1,0,4100551730
10,amu_darya,4100482540,1,0,4100551730
10,amu_darya,4100482550,1,1,4100551730
10,amu_darya,4100482720,1,0,4100551730
10,amu_darya,4100482740,1,0,4100551730
10,amu_darya,4100482750,1,1,4100551730
10,amu_darya,4100482830,1,1,4100551730
10,amu_darya,4100482840,1,1,4100551730
10,amu_darya,4100482910,1,1,4100551730
10,amu_darya,4100482980,1,1,4100551730
10,amu_darya,4100482990,1,1,4100551730
10,amu_darya,4100483100,1,0,4100551730
10,amu_darya,4100483110,1,1,4100551730
10,amu_darya,4100483120,1,1,4100551730
10,amu_darya,4100483200,1,0,4100551730
10,amu_darya,4100483210,1,0,4100551730
10,amu_darya,4100483220,1,0,4100551730
10,amu_darya,4100483380,1,0,4100551730
10,amu_darya,4100483390,1,0,4100551730
10,amu_darya,4100483400,1,1,4100551730
10,amu_darya,4100483410,1,1,4100551730
10,amu_darya,4100483420,1,1,4100551730
10,amu_darya,4100483530,1,1,4100551730
10,amu_darya,4100483540,1,1,4100551730
10,amu_darya,4100483550,1,1,4100551730
10,amu_darya,4100483560,1,1,4100551730
10,amu_darya,4100483570,1,1,4100551730
10,amu_darya,4100483580,1,1,4100551730
10,amu_darya,4100483670,1,1,4100551730
10,amu_darya,4100483680,1,1,4100551730
10,amu_darya,4100483690,1,1,4100551730
10,amu_darya,4100483700,1,1,4100551730
10,amu_darya,4100483770,1,0,4100551730
10,amu_darya,4100483780,1,0,4100551730
10,amu_darya,4100483790,1,1,4100551730
10,amu_darya,4100483800,1,1,4100551730
10,amu_darya,4100483810,1,1,4100551730
10,amu_darya,4100483920,1,1,4100551730
10,amu_darya,4100483930,1,1,4100551730
10,amu_darya,4100484060,1,1,4100551730
10,amu_darya,4100484200,1,1,4100551730
10,amu_darya,4100484480,1,0,4100551730
10,amu_darya,4100484490,1,0,4100551730
10,amu_darya,4100484590,1,0,4100551730
10,amu_darya,4100484600,1,0,4100551730
10,amu_darya,4100484700,1,0,4100551730
10,amu_darya,4100484710,1,0,4100551730
10,amu_darya,4100484750,1,0,4100551730
10,amu_darya,4100484760,1,0,4100551730
10,amu_darya,4100484840,1,0,4100551730
10,amu_darya,4100484850,1,0,4100551730
10,amu_darya,4100484860,1,0,4100551730
10,amu_darya,4100484870,1,0,4100551730
10,amu_darya,4100484880,1,1,4100551730
10,amu_darya,4100484890,1,1,4100551730
10,amu_darya,4100484900,1,1,4100551730
10,amu_darya,4100485010,1,0,4100551730
10,amu_darya,4100485020,1,1,4100551730
10,amu_darya,4100485140,1,0,4100551730
10,amu_darya,4100485150,1,1,4100551730
10,amu_darya,4100485360,1,1,4100551730
10,amu_darya,4100485370,1,1,4100551730
10,amu_darya,4100485380,1,1,4100551730
10,amu_darya,4100485670,1,0,4100551730
10,amu_darya,4100485680,1,0,4100551730
10,amu_darya,4100485690,1,0,4100551730
10,amu_darya,4100485700,1,1,4100551730
10,amu_darya,4100485760,1,0,4100551730
10,amu_darya,4100485770,1,0,4100551730
10,amu_darya,4100485780,1,1,4100551730
10,amu_darya,4100485850,1,0,4100551730
10,amu_darya,4100485940,1,0,4100551730
10,amu_darya,4100486120,1,0,4100551730
10,amu_darya,4100486130,1,0,4100551730
10,amu_darya,4100486270,1,0,4100551730
10,amu_darya,4100486380,1,0,4100551730
10,amu_darya,4100486390,1,0,4100551730
10,amu_darya,4100486400,1,0,4100551730
10,amu_darya,4100486410,1,1,4100551730
10,amu_darya,4100486570,1,0,4100551730
10,amu_darya,4100486580,1,1,4100551730
10,amu_darya,4100486720,1,0,4100551730
10,amu_darya,4100486730,1,1,4100551730
10,amu_darya,4100486840,1,0,4100551730
10,amu_darya,4100486850,1,0,4100551730
10,amu_darya,4100486860,1,1,4100551730
10,amu_darya,4100486870,1,1,4100551730
10,amu_darya,4100487000,1,0,4100551730
10,amu_darya,4100487010,1,0,4100551730
10,amu_darya,4100487020,1,0,4100551730
10,amu_darya,4100487030,1,0,4100551730
10,amu_darya,4100487040,1,1,4100551730
10,amu_darya,4100487050,1,1,4100551730
10,amu_darya,4100487110,1,0,4100551730
10,amu_darya,4100487120,1,0,4100551730
10,amu_darya,4100487130,1,0,4100551730
10,amu_darya,4100487240,1,0,4100551730
10,amu_darya,4100487250,1,0,4100551730
10,amu_darya,4100487260,1,0,4100551730
10,amu_darya,4100487350,1,0,4100551730
10,amu_darya,4100487360,1,0,4100551730
10,amu_darya,4100487370,1,0,4100551730
10,amu_darya,4100487470,1,1,4100551730
10,amu_darya,4100487480,1,1,4100551730
10,amu_darya,4100487490,1,1,4100551730
10,amu_darya,4100487630,1,1,4100551730
10,amu_darya,4100487740,1,0,4100551730
10,amu_darya,4100487900,1,0,4100551730
10,amu_darya,4100488000,1,0,4100551730
10,amu_darya,4100488010,1,0,4100551730
10,amu_darya,4100488020,1,1,4100551730
10,amu_darya,4100488030,1,1,4100551730
10,amu_darya,4100488040,1,1,4100551730
10,amu_darya,4100488210,1,1,4100551730
10,amu_darya,4100488390,1,0,4100551730
10,amu_darya,4100488400,1,0,4100551730
10,amu_darya,4100488410,1,1,4100551730
10,amu_darya,4100488530,1,1,4100551730
10,amu_darya,4100488670,1,0,4100551730
10,amu_darya,4100488680,1,1,4100551730
10,amu_darya,4100488780,1,0,4100551730
10,amu_darya,4100488790,1,0,4100551730
10,amu_darya,4100488800,1,1,4100551730
10,amu_darya,4100488920,1,0,4100551730
10,amu_darya,4100488930,1,0,4100551730
10,amu_darya,4100489160,1,0,4100551730
10,amu_darya,4100489600,1,1,4100551730
10,amu_darya,4100489610,1,1,4100551730
10,amu_darya,4100489890,1,0,4100551730
10,amu_darya,4100489900,1,1,4100551730
10,amu_darya,4100489970,1,0,4100551730
10,amu_darya,4100489980,1,1,4100551730
10,amu_darya,4100490060,1,0,4100551730
10,amu_darya,4100490150,1,0,4100551730
10,amu_darya,4100490590,1,0,4100551730
10,amu_darya,4100490700,1,1,4100551730
10,amu_darya,4100490830,1,0,4100551730
10,amu_darya,4100490840,1,0,4100551730
10,amu_darya,4100490850,1,0,4100551730
10,amu_darya,4100490860,1,1,4100551730
10,amu_darya,4100490980,1,0,4100551730
10,amu_darya,4100491080,1,0,4100551730
10,amu_darya,4100491310,1,0,4100551730
10,amu_darya,4100491480,1,1,4100551730
10,amu_darya,4100491650,1,0,4100551730
10,amu_darya,4100491660,1,0,4100551730
10,amu_darya,4100491670,1,0,4100551730
10,amu_darya,4100491680,1,1,4100551730
10,amu_darya,4100491820,1,0,4100551730
10,amu_darya,4100491830,1,0,4100551730
10,amu_darya,4100491840,1,0,4100551730
10,amu_darya,4100491850,1,0,4100551730
10,amu_darya,4100491860,1,0,4100551730
10,amu_darya,4100491870,1,1,4100551730
10,amu_darya,4100491880,1,1,4100551730
10,amu_darya,4100491890,1,1,4100551730
10,amu_darya,4100492040,1,0,4100551730
10,amu_darya,4100492050,1,0,4100551730
10,amu_darya,4100492060,1,0,4100551730
10,amu_darya,4100492070,1,1,4100551730
10,amu_darya,4100492080,1,1,4100551730
10,amu_darya,4100492300,1,0,4100551730
10,amu_darya,4100492310,1,0,4100551730
10,amu_darya,4100492320,1,1,4100551730
10,amu_darya,4100492460,1,0,4100551730
10,amu_darya,4100492470,1,0,4100551730
10,amu_darya,4100492640,1,0,4100551730
10,amu_darya,4100492650,1,0,4100551730
10,amu_darya,4100492660,1,0,4100551730
10,amu_darya,4100492820,1,0,4100551730
10,amu_darya,4100492830,1,1,4100551730
10,amu_darya,4100492840,1,1,4100551730
10,amu_darya,4100492900,1,0,4100551730
10,amu_darya,4100492910,1,0,4100551730
10,amu_darya,4100493000,1,0,4100551730
10,amu_darya,4100493010,1,1,4100551730
10,amu_darya,4100493080,1,0,4100551730
10,amu_darya,4100493090,1,1,4100551730
10,amu_darya,4100493580,1,0,4100551730
10,amu_darya,4100493820,1,0,4100551730
10,amu_darya,4100493830,1,0,4100551730
10,amu_darya,4100494110,1,1,4100551730
10,amu_darya,4100494190,1,0,4100551730
10,amu_darya,4100494200,1,1,4100551730
10,amu_darya,4100494210,1,1,4100551730
10,amu_darya,4100494220,1,1,4100551730
10,amu_darya,4100494230,1,1,4100551730
10,amu_darya,4100494240,1,1,4100551730
10,amu_darya,4100494340,1,0,4100551730
10,amu_darya,4100494350,1,0,4100551730
10,amu_darya,4100494360,1,1,4100551730
10,amu_darya,4100494510,1,1,4100551730
10,amu_darya,4100494640,1,0,4100551730
10,amu_darya,4100494650,1,0,4100551730
10,amu_darya,4100494660,1,0,4100551730
10,amu_darya,4100494670,1,0,4100551730
10,amu_darya,4100494900,1,0,4100551730
10,amu_darya,4100494910,1,1,4100551730
10,amu_darya,4100495010,1,1,4100551730
10,amu_darya,4100495020,1,1,4100551730
10,amu_darya,4100495110,1,0,4100551730
10,amu_darya,4100495120,1,1,4100551730
10,amu_darya,4100495210,1,1,4100551730
10,amu_darya,4100495220,1,1,4100551730
10,amu_darya,4100495370,1,1,4100551730
10,amu_darya,4100495380,1,1,4100551730
10,amu_darya,4100495390,1,1,4100551730
10,amu_darya,4100495480,1,0,4100551730
10,amu_darya,4100495490,1,1,4100551730
10,amu_darya,4100495580,1,0,4100551730
10,amu_darya,4100495810,1,1,4100551730
10,amu_darya,4100495820,1,1,4100551730
10,amu_darya,4100495940,1,0,4100551730
10,amu_darya,4100495950,1,0,4100551730
10,amu_darya,4100495960,1,1,4100551730
10,amu_darya,4100495970,1,1,4100551730
10,amu_darya,4100495980,1,1,4100551730
10,amu_darya,4100495990,1,1,4100551730
10,amu_darya,4100496000,1,1,4100551730
10,amu_darya,4100496100,1,0,4100551730
10,amu_darya,4100496110,1,0,4100551730
10,amu_darya,4100496120,1,1,4100551730
10,amu_darya,4100496230,1,0,4100551730
10,amu_darya,4100496240,1,0,4100551730
10,amu_darya,4100496250,1,1,4100551730
10,amu_darya,4100496260,1,1,4100551730
10,amu_darya,4100496320,1,1,4100551730
10,amu_darya,4100496390,1,0,4100551730
10,amu_darya,4100496400,1,1,4100551730
10,amu_darya,4100496500,1,0,4100551730
10,amu_darya,4100496510,1,0,4100551730
10,amu_darya,4100496650,1,0,4100551730
10,amu_darya,4100496820,1,0,4100551730
10,amu_darya,4100496830,1,0,4100551730
10,amu_darya,4100496840,1,1,4100551730
10,amu_darya,4100496850,1,1,4100551730
10,amu_darya,4100496880,1,1,4100551730
10,amu_darya,4100496890,1,1,4100551730
10,amu_darya,4100496900,1,1,4100551730
10,amu_darya,4100496990,1,1,4100551730
10,amu_darya,4100497050,1,1,4100551730
10,amu_darya,4100497120,1,1,4100551730
10,amu_darya,4100497130,1,1,4100551730
10,amu_darya,4100497140,1,1,4100551730
10,amu_darya,4100497300,1,0,4100551730
10,amu_darya,4100497410,1,0,4100551730
10,amu_darya,4100497420,1,0,4100551730
10,amu_darya,4100497430,1,0,4100551730
10,amu_darya,4100497440,1,1,4100551730
10,amu_darya,4100497600,1,0,4100551730
10,amu_darya,4100497610,1,0,4100551730
10,amu_darya,4100497620,1,0,4100551730
10,amu_darya,4100497630,1,0,4100551730
10,amu_darya,4100497640,1,0,4100551730
10,amu_darya,4100497650,1,0,4100551730
10,amu_darya,4100497660,1,1,4100551730
10,amu_darya,4100497670,1,1,4100551730
10,amu_darya,4100497760,1,0,4100551730
10,amu_darya,4100497770,1,1,4100551730
10,amu_darya,4100497830,1,0,4100551730
10,amu_darya,4100497840,1,0,4100551730
10,amu_darya,4100497920,1,0,4100551730
10,amu_darya,4100497930,1,0,4100551730
10,amu_darya,4100497940,1,0,4100551730
10,amu_darya,4100497950,1,1,4100551730
10,amu_darya,4100498070,1,0,4100551730
10,amu_darya,4100498080,1,1,4100551730
10,amu_darya,4100498280,1,0,4100551730
10,amu_darya,4100498290,1,0,4100551730
10,amu_darya,4100498300,1,1,4100551730
10,amu_darya,4100498310,1,1,4100551730
10,amu_darya,4100498320,1,1,4100551730
10,amu_darya,4100498520,1,0,4100551730
10,amu_darya,4100498530,1,0,4100551730
10,amu_darya,4100498540,1,0,4100551730
10,amu_darya,4100498550,1,0,4100551730
10,amu_darya,4100498560,1,1,4100551730
10,amu_darya,4100498700,1,0,4100551730
10,amu_darya,4100498710,1,0,4100551730
10,amu_darya,4100498720,1,0,4100551730
10,amu_darya,4100498730,1,0,4100551730
10,amu_darya,4100498740,1,0,4100551730
10,amu_darya,4100498750,1,0,4100551730
10,amu_darya,4100498900,1,0,4100551730
10,amu_darya,4100498910,1,0,4100551730
10,amu_darya,4100498990,1,0,4100551730
10,amu_darya,4100499000,1,0,4100551730
10,amu_darya,4100499180,1,0,4100551730
10,amu_darya,4100499190,1,0,4100551730
10,amu_darya,4100499200,1,0,4100551730
10,amu_darya,4100499210,1,0,4100551730
10,amu_darya,4100499220,1,0,4100551730
10,amu_darya,4100499230,1,1,4100551730
10,amu_darya,4100499240,1,1,4100551730
10,amu_darya,4100499250,1,1,4100551730
10,amu_darya,4100499260,1,1,4100551730
10,amu_darya,4100499390,1,0,4100551730
10,amu_darya,4100499400,1,0,4100551730
10,amu_darya,4100499410,1,0,4100551730
10,amu_darya,4100499420,1,0,4100551730
10,amu_darya,4100499430,1,0,4100551730
10,amu_darya,4100499440,1,0,4100551730
10,amu_darya,4100499450,1,1,4100551730
10,amu_darya,4100499460,1,1,4100551730
10,amu_darya,4100499790,1,0,4100551730
10,amu_darya,4100499800,1,0,4100551730
10,amu_darya,4100500410,1,0,4100551730
10,amu_darya,4100500420,1,1,4100551730
10,amu_darya,4100500500,1,0,4100551730
10,amu_darya,4100500510,1,0,4100551730
10,amu_darya,4100500520,1,1,4100551730
10,amu_darya,4100500610,1,0,4100551730
10,amu_darya,4100500780,1,0,4100551730
10,amu_darya,4100500790,1,0,4100551730
10,amu_darya,4100500910,1,0,4100551730
10,amu_darya,4100500920,1,0,4100551730
10,amu_darya,4100501040,1,0,4100551730
10,amu_darya,4100501050,1,0,4100551730
10,amu_darya,4100501060,1,0,4100551730
10,amu_darya,4100501300,1,0,4100551730
10,amu_darya,4100501420,1,0,4100551730
10,amu_darya,4100501430,1,0,4100551730
10,amu_darya,4100501580,1,0,4100551730
10,amu_darya,4100501590,1,1,4100551730
10,amu_darya,4100501600,1,1,4100551730
10,amu_darya,4100501740,1,0,4100551730
10,amu_darya,4100502190,1,1,4100551730
10,amu_darya,4100502350,1,1,4100551730
10,amu_darya,4100502580,1,0,4100551730
10,amu_darya,4100502750,1,0,4100551730
10,amu_darya,4100502760,1,0,4100551730
10,amu_darya,4100502900,1,0,4100551730
10,amu_darya,4100502970,1,0,4100551730
10,amu_darya,4100502980,1,0,4100551730
10,amu_darya,4100503110,1,0,4100551730
10,amu_darya,4100503120,1,0,4100551730
10,amu_darya,4100503130,1,0,4100551730
10,amu_darya,4100503140,1,0,4100551730
10,amu_darya,4100503150,1,0,4100551730
10,amu_darya,4100503160,1,1,4100551730
10,amu_darya,4100503170,1,1,4100551730
10,amu_darya,4100503290,1,0,4100551730
10,amu_darya,4100503300,1,0,4100551730
10,amu_darya,4100503310,1,0,4100551730
10,amu_darya,4100503320,1,0,4100551730
10,amu_darya,4100503330,1,1,4100551730
10,amu_darya,4100503340,1,1,4100551730
10,amu_darya,4100503550,1,0,4100551730
10,amu_darya,4100503560,1,1,4100551730
10,amu_darya,4100503670,1,0,4100551730
10,amu_darya,4100503680,1,1,4100551730
10,amu_darya,4100503790,1,0,4100551730
10,amu_darya,4100503800,1,0,4100551730
10,amu_darya,4100503960,1,0,4100551730
10,amu_darya,4100503970,1,0,4100551730
10,amu_darya,4100503980,1,1,4100551730
10,amu_darya,4100503990,1,1,4100551730
10,amu_darya,4100504000,1,1,4100551730
10,amu_darya,4100504110,1,0,4100551730
10,amu_darya,4100504120,1,0,4100551730
10,amu_darya,4100504130,1,1,4100551730
10,amu_darya,4100504140,1,1,4100551730
10,amu_darya,4100504250,1,0,4100551730
10,amu_darya,4100504260,1,0,4100551730
10,amu_darya,4100504270,1,1,4100551730
10,amu_darya,4100504450,1,0,4100551730
10,amu_darya,4100504460,1,1,4100551730
10,amu_darya,4100504610,1,1,4100551730
10,amu_darya,4100504760,1,1,4100551730
10,amu_darya,4100504770,1,1,4100551730
10,amu_darya,4100504890,1,0,4100551730
10,amu_darya,4100504900,1,1,4100551730
10,amu_darya,4100504910,1,1,4100551730
10,amu_darya,4100505010,1,0,4100551730
10,amu_darya,4100505020,1,0,4100551730
10,amu_darya,4100505030,1,0,4100551730
10,amu_darya,4100505040,1,0,4100551730
10,amu_darya,4100505050,1,1,4100551730
10,amu_darya,4100505150,1,0,4100551730
10,amu_darya,4100505160,1,1,4100551730
10,amu_darya,4100505170,1,1,4100551730
10,amu_darya,4100505180,1,1,4100551730
10,amu_darya,4100505190,1,1,4100551730
10,amu_darya,4100505200,1,1,4100551730
10,amu_darya,4100505280,1,0,4100551730
10,amu_darya,4100505400,1,0,4100551730
10,amu_darya,4100505520,1,0,4100551730
10,amu_darya,4100505530,1,0,4100551730
10,amu_darya,4100505540,1,0,4100551730
10,amu_darya,4100505550,1,1,4100551730
10,amu_darya,4100505560,1,1,4100551730
10,amu_darya,4100505570,1,1,4100551730
10,amu_darya,4100505850,1,0,4100551730
10,amu_darya,4100505860,1,0,4100551730
10,amu_darya,4100505870,1,0,4100551730
10,amu_darya,4100505880,1,1,4100551730
10,amu_darya,4100505970,1,0,4100551730
10,amu_darya,4100505980,1,1,4100551730
10,amu_darya,4100506050,1,0,4100551730
10,amu_darya,4100506060,1,1,4100551730
10,amu_darya,4100506070,1,1,4100551730
10,amu_darya,4100506080,1,1,4100551730
10,amu_darya,4100506200,1,0,4100551730
10,amu_darya,4100506210,1,0,4100551730
10,amu_darya,4100506220,1,1,4100551730
10,amu_darya,4100506230,1,1,4100551730
10,amu_darya,4100506310,1,0,4100551730
10,amu_darya,4100506320,1,1,4100551730
10,amu_darya,4100506390,1,0,4100551730
10,amu_darya,4100506400,1,0,4100551730
10,amu_darya,4100506560,1,0,4100551730
10,amu_darya,4100506570,1,1,4100551730
10,amu_darya,4100506580,1,1,4100551730
10,amu_darya,4100506590,1,1,4100551730
10,amu_darya,4100506730,1,0,4100551730
10,amu_darya,4100506740,1,1,4100551730
10,amu_darya,4100506870,1,0,4100551730
10,amu_darya,4100506880,1,1,4100551730
10,amu_darya,4100507320,1,0,4100551730
10,amu_darya,4100507330,1,0,4100551730
10,amu_darya,4100507340,1,1,4100551730
10,amu_darya,4100507390,1,1,4100551730
10,amu_darya,4100507450,1,0,4100551730
10,amu_darya,4100507460,1,0,4100551730
10,amu_darya,4100507470,1,0,4100551730
10,amu_darya,4100507540,1,1,4100551730
10,amu_darya,4100507580,1,0,4100551730
10,amu_darya,4100507590,1,0,4100551730
10,amu_darya,4100507600,1,0,4100551730
10,amu_darya,4100507610,1,1,4100551730
10,amu_darya,4100507670,1,0,4100551730
10,amu_darya,4100507680,1,0,4100551730
10,amu_darya,4100507690,1,1,4100551730
10,amu_darya,4100507700,1,1,4100551730
10,amu_darya,4100507710,1,1,4100551730
10,amu_darya,4100507720,1,1,4100551730
10,amu_darya,4100507800,1,0,4100551730
10,amu_darya,4100507810,1,0,4100551730
10,amu_darya,4100508040,1,0,4100551730
10,amu_darya,4100508050,1,0,4100551730
10,amu_darya,4100508060,1,0,4100551730
10,amu_darya,4100508200,1,0,4100551730
10,amu_darya,4100508290,1,1,4100551730
10,amu_darya,4100508300,1,1,4100551730
10,amu_darya,4100508480,1,1,4100551730
10,amu_darya,4100508490,1,1,4100551730
10,amu_darya,4100508570,1,1,4100551730
10,amu_darya,4100508670,1,0,4100551730
10,amu_darya,4100508680,1,1,4100551730
10,amu_darya,4100508690,1,1,4100551730
10,amu_darya,4100508700,1,1,4100551730
10,amu_darya,4100508710,1,1,4100551730
10,amu_darya,4100508720,1,1,4100551730
10,amu_darya,4100508810,1,0,4100551730
10,amu_darya,4100508820,1,1,4100551730
10,amu_darya,4100508830,1,1,4100551730
10,amu_darya,4100508970,1,1,4100551730
10,amu_darya,4100509040,1,1,4100551730
10,amu_darya,4100509170,1,0,4100551730
10,amu_darya,4100509340,1,0,4100551730
10,amu_darya,4100509350,1,1,4100551730
10,amu_darya,4100509360,1,1,4100551730
10,amu_darya,4100509370,1,1,4100551730
10,amu_darya,4100509380,1,1,4100551730
10,amu_darya,4100509390,1,1,4100551730
10,amu_darya,4100509400,1,1,4100551730
10,amu_darya,4100509410,1,1,4100551730
10,amu_darya,4100509530,1,1,4100551730
10,amu_darya,4100509540,1,1,4100551730
10,amu_darya,4100509550,1,1,4100551730
10,amu_darya,4100509560,1,1,4100551730
10,amu_darya,4100509570,1,1,4100551730
10,amu_darya,4100509720,1,0,4100551730
10,amu_darya,4100509730,1,1,4100551730
10,amu_darya,4100509740,1,1,4100551730
10,amu_darya,4100509870,1,0,4100551730
10,amu_darya,4100510020,1,0,4100551730
10,amu_darya,4100510030,1,0,4100551730
10,amu_darya,4100510290,1,0,4100551730
10,amu_darya,4100510300,1,0,4100551730
10,amu_darya,4100510310,1,1,4100551730
10,amu_darya,4100510430,1,0,4100551730
10,amu_darya,4100510440,1,1,4100551730
10,amu_darya,4100510510,1,0,4100551730
10,amu_darya,4100510570,1,0,4100551730
10,amu_darya,4100510580,1,1,4100551730
10,amu_darya,4100510590,1,1,4100551730
10,amu_darya,4100510600,1,1,4100551730
10,amu_darya,4100510610,1,1,4100551730
10,amu_darya,4100510680,1,0,4100551730
10,amu_darya,4100510690,1,1,4100551730
10,amu_darya,4100510720,1,0,4100551730
10,amu_darya,4100510730,1,1,4100551730
10,amu_darya,4100510820,1,0,4100551730
10,amu_darya,4100511050,1,1,4100551730
10,amu_darya,4100511060,1,1,4100551730
10,amu_darya,4100511140,1,1,4100551730
10,amu_darya,4100511220,1,1,4100551730
10,amu_darya,4100511280,1,1,4100551730
10,amu_darya,4100511290,1,1,4100551730
10,amu_darya,4100511440,1,1,4100551730
10,amu_darya,4100511450,1,1,4100551730
10,amu_darya,4100511560,1,1,4100551730
10,amu_darya,4100511570,1,1,4100551730
10,amu_darya,4100511680,1,1,4100551730
10,amu_darya,4100511690,1,1,4100551730
10,amu_darya,4100511800,1,0,4100551730
10,amu_darya,4100511810,1,0,4100551730
10,amu_darya,4100511820,1,1,4100551730
10,amu_darya,4100511880,1,0,4100551730
10,amu_darya,4100511890,1,0,4100551730
10,amu_darya,4100511900,1,0,4100551730
10,amu_darya,4100511910,1,0,4100551730
10,amu_darya,4100511920,1,0,4100551730
10,amu_darya,4100511930,1,1,4100551730
10,amu_darya,4100511940,1,1,4100551730
10,amu_darya,4100512020,1,0,4100551730
10,amu_darya,4100512030,1,0,4100551730
10,amu_darya,4100512040,1,0,4100551730
10,amu_darya,4100512050,1,1,4100551730
10,amu_darya,4100512060,1,1,4100551730
10,amu_darya,4100512140,1,1,4100551730
10,amu_darya,4100512220,1,0,4100551730
10,amu_darya,4100512230,1,1,4100551730
10,amu_darya,4100512340,1,0,4100551730
10,amu_darya,4100512350,1,1,4100551730
10,amu_darya,4100512440,1,1,4100551730
10,amu_darya,4100512450,1,1,4100551730
10,amu_darya,4100512460,1,1,4100551730
10,amu_darya,4100512550,1,1,4100551730
10,amu_darya,4100512560,1,1,4100551730
10,amu_darya,4100512570,1,1,4100551730
10,amu_darya,4100512660,1,1,4100551730
10,amu_darya,4100512670,1,1,4100551730
10,amu_darya,4100512800,1,0,4100551730
10,amu_darya,4100512810,1,0,4100551730
10,amu_darya,4100512940,1,0,4100551730
10,amu_darya,4100512950,1,0,4100551730
10,amu_darya,4100512960,1,0,4100551730
10,amu_darya,4100512970,1,1,4100551730
10,amu_darya,4100512980,1,1,4100551730
10,amu_darya,4100513070,1,0,4100551730
10,amu_darya,4100513080,1,0,4100551730
10,amu_darya,4100513090,1,0,4100551730
10,amu_darya,4100513100,1,1,4100551730
10,amu_darya,4100513180,1,0,4100551730
10,amu_darya,4100513190,1,1,4100551730
10,amu_darya,4100513290,1,0,4100551730
10,amu_darya,4100513300,1,0,4100551730
10,amu_darya,4100513310,1,0,4100551730
10,amu_darya,4100513320,1,1,4100551730
10,amu_darya,4100513330,1,1,4100551730
10,amu_darya,4100513340,1,1,4100551730
10,amu_darya,4100513350,1,1,4100551730
10,amu_darya,4100513410,1,0,4100551730
10,amu_darya,4100513420,1,1,4100551730
10,amu_darya,4100513430,1,1,4100551730
10,amu_darya,4100513510,1,0,4100551730
10,amu_darya,4100513520,1,1,4100551730
10,amu_darya,4100513530,1,1,4100551730
10,amu_darya,4100513540,1,1,4100551730
10,amu_darya,4100513600,1,0,4100551730
10,amu_darya,4100513610,1,1,4100551730
10,amu_darya,4100513620,1,1,4100551730
10,amu_darya,4100513730,1,1,4100551730
10,amu_darya,4100513740,1,1,4100551730
10,amu_darya,4100513820,1,0,4100551730
10,amu_darya,4100513830,1,0,4100551730
10,amu_darya,4100513840,1,1,4100551730
10,amu_darya,4100513850,1,1,4100551730
10,amu_darya,4100513860,1,1,4100551730
10,amu_darya,4100513870,1,1,4100551730
10,amu_darya,4100513960,1,0,4100551730
10,amu_darya,4100513970,1,1,4100551730
10,amu_darya,4100513980,1,1,4100551730
10,amu_darya,4100513990,1,1,4100551730
10,amu_darya,4100514000,1,1,4100551730
10,amu_darya,4100514010,1,1,4100551730
10,amu_darya,4100514020,1,1,4100551730
10,amu_darya,4100514180,1,1,4100551730
10,amu_darya,4100514290,1,0,4100551730
10,amu_darya,4100514300,1,0,4100551730
10,amu_darya,4100514450,1,0,4100551730
10,amu_darya,4100514460,1,0,4100551730
10,amu_darya,4100514470,1,0,4100551730
10,amu_darya,4100514650,1,1,4100551730
10,amu_darya,4100514800,1,0,4100551730
10,amu_darya,4100514810,1,1,4100551730
10,amu_darya,4100514820,1,1,4100551730
10,amu_darya,4100514930,1,0,4100551730
10,amu_darya,4100514940,1,1,4100551730
10,amu_darya,4100515010,1,0,4100551730
10,amu_darya,4100515020,1,0,4100551730
10,amu_darya,4100515030,1,1,4100551730
10,amu_darya,4100515040,1,1,4100551730
10,amu_darya,4100515050,1,1,4100551730
10,amu_darya,4100515140,1,0,4100551730
10,amu_darya,4100515150,1,0,4100551730
10,amu_darya,4100515160,1,0,4100551730
10,amu_darya,4100515170,1,1,4100551730
10,amu_darya,4100515320,1,0,4100551730
10,amu_darya,4100515330,1,0,4100551730
10,amu_darya,4100515340,1,1,4100551730
10,amu_darya,4100515350,1,1,4100551730
10,amu_darya,4100515430,1,0,4100551730
10,amu_darya,4100515440,1,0,4100551730
10,amu_darya,4100515450,1,0,4100551730
10,amu_darya,4100515560,1,0,4100551730
10,amu_darya,4100515570,1,0,4100551730
10,amu_darya,4100515580,1,1,4100551730
10,amu_darya,4100515720,1,0,4100551730
10,amu_darya,4100515730,1,0,4100551730
10,amu_darya,4100515740,1,0,4100551730
10,amu_darya,4100515750,1,1,4100551730
10,amu_darya,4100515770,1,1,4100551730
10,amu_darya,4100516090,1,1,4100551730
10,amu_darya,4100516100,1,1,4100551730
10,amu_darya,4100516110,1,1,4100551730
10,amu_darya,4100516210,1,1,4100551730
10,amu_darya,4100516370,1,0,4100551730
10,amu_darya,4100516380,1,0,4100551730
10,amu_darya,4100516390,1,0,4100551730
10,amu_darya,4100516400,1,0,4100551730
10,amu_darya,4100516410,1,1,4100551730
10,amu_darya,4100516490,1,0,4100551730
10,amu_darya,4100516500,1,1,4100551730
10,amu_darya,4100516510,1,1,4100551730
10,amu_darya,4100516640,1,0,4100551730
10,amu_darya,4100516650,1,0,4100551730
10,amu_darya,4100516660,1,1,4100551730
10,amu_darya,4100516810,1,0,4100551730
10,amu_darya,4100516820,1,1,4100551730
10,amu_darya,4100516830,1,1,4100551730
10,amu_darya,4100516840,1,1,4100551730
10,amu_darya,4100517030,1,1,4100551730
10,amu_darya,4100517200,1,1,4100551730
10,amu_darya,4100517210,1,1,4100551730
10,amu_darya,4100517340,1,1,4100551730
10,amu_darya,4100517640,1,0,4100551730
10,amu_darya,4100517910,1,0,4100551730
10,amu_darya,4100517920,1,1,4100551730
10,amu_darya,4100518050,1,1,4100551730
10,amu_darya,4100518450,1,0,4100551730
10,amu_darya,4100518460,1,0,4100551730
10,amu_darya,4100518470,1,1,4100551730
10,amu_darya,4100518660,1,0,4100551730
10,amu_darya,4100518670,1,0,4100551730
10,amu_darya,4100518680,1,0,4100551730
10,amu_darya,4100518690,1,0,4100551730
10,amu_darya,4100518700,1,1,4100551730
10,amu_darya,4100518710,1,1,4100551730
10,amu_darya,4100518910,1,0,4100551730
10,amu_darya,4100518920,1,0,4100551730
10,amu_darya,4100518930,1,1,4100551730
10,amu_darya,4100519040,1,1,4100551730
10,amu_darya,4100519050,1,1,4100551730
10,amu_darya,4100519270,1,1,4100551730
10,amu_darya,4100519280,1,1,4100551730
10,amu_darya,4100519370,1,0,4100551730
10,amu_darya,4100519380,1,0,4100551730
10,amu_darya,4100519800,1,0,4100551730
10,amu_darya,4100519810,1,1,4100551730
10,amu_darya,4100519820,1,1,4100551730
10,amu_darya,4100519830,1,1,4100551730
10,amu_darya,4100519840,1,1,4100551730
10,amu_darya,4100519850,1,1,4100551730
10,amu_darya,4100520000,1,0,4100551730
10,amu_darya,4100520010,1,1,4100551730
10,amu_darya,4100520020,1,1,4100551730
10,amu_darya,4100520030,1,1,4100551730
10,amu_darya,4100520110,1,1,4100551730
10,amu_darya,4100520120,1,1,4100551730
10,amu_darya,4100520130,1,1,4100551730
10,amu_darya,4100520140,1,1,4100551730
10,amu_darya,4100520330,1,1,4100551730
10,amu_darya,4100520340,1,1,4100551730
10,amu_darya,4100520350,1,1,4100551730
10,amu_darya,4100520360,1,1,4100551730
10,amu_darya,4100520470,1,0,4100551730
10,amu_darya,4100520480,1,1,4100551730
10,amu_darya,4100520540,1,0,4100551730
10,amu_darya,4100520550,1,0,4100551730
10,amu_darya,4100520560,1,1,4100551730
10,amu_darya,4100520570,1,1,4100551730
10,amu_darya,4100520710,1,1,4100551730
10,amu_darya,4100520780,1,0,4100551730
10,amu_darya,4100520790,1,0,4100551730
10,amu_darya,4100520800,1,1,4100551730
10,amu_darya,4100520890,1,0,4100551730
10,amu_darya,4100520900,1,1,4100551730
10,amu_darya,4100521000,1,0,4100551730
10,amu_darya,4100521010,1,0,4100551730
10,amu_darya,4100521170,1,0,4100551730
10,amu_darya,4100521310,1,0,4100551730
10,amu_darya,4100521320,1,1,4100551730
10,amu_darya,4100521330,1,1,4100551730
10,amu_darya,4100521460,1,1,4100551730
10,amu_darya,4100521530,1,0,4100551730
10,amu_darya,4100521540,1,1,4100551730
10,amu_darya,4100521640,1,0,4100551730
10,amu_darya,4100521650,1,0,4100551730
10,amu_darya,4100521660,1,1,4100551730
10,amu_darya,4100521670,1,1,4100551730
10,amu_darya,4100521860,1,0,4100551730
10,amu_darya,4100521870,1,1,4100551730
10,amu_darya,4100521970,1,0,4100551730
10,amu_darya,4100521980,1,1,4100551730
10,amu_darya,4100521990,1,1,4100551730
10,amu_darya,4100522000,1,1,4100551730
10,amu_darya,4100522140,1,0,4100551730
10,amu_darya,4100522230,1,0,4100551730
10,amu_darya,4100522360,1,0,4100551730
10,amu_darya,4100522440,1,1,4100551730
10,amu_darya,4100522450,1,1,4100551730
10,amu_darya,4100522510,1,0,4100551730
10,amu_darya,4100522600,1,0,4100551730
10,amu_darya,4100522610,1,0,4100551730
10,amu_darya,4100522620,1,0,4100551730
10,amu_darya,4100522630,1,0,4100551730
10,amu_darya,4100522640,1,0,4100551730
10,amu_darya,4100522710,1,0,4100551730
10,amu_darya,4100522720,1,0,4100551730
10,amu_darya,4100522730,1,0,4100551730
10,amu_darya,4100522830,1,0,4100551730
10,amu_darya,4100522840,1,0,4100551730
10,amu_darya,4100522850,1,1,4100551730
10,amu_darya,4100522860,1,1,4100551730
10,amu_darya,4100522910,1,0,4100551730
10,amu_darya,4100522920,1,0,4100551730
10,amu_darya,4100522930,1,0,4100551730
10,amu_darya,4100522940,1,1,4100551730
10,amu_darya,4100523030,1,0,4100551730
10,amu_darya,4100523040,1,1,4100551730
10,amu_darya,4100523050,1,1,4100551730
10,amu_darya,4100523120,1,1,4100551730
10,amu_darya,4100523200,1,0,4100551730
10,amu_darya,4100523400,1,0,4100551730
10,amu_darya,4100523410,1,0,4100551730
10,amu_darya,4100523420,1,1,4100551730
10,amu_darya,4100523430,1,1,4100551730
10,amu_darya,4100523440,1,1,4100551730
10,amu_darya,4100523450,1,1,4100551730
10,amu_darya,4100523550,1,1,4100551730
10,amu_darya,4100523560,1,1,4100551730
10,amu_darya,4100523640,1,1,4100551730
10,amu_darya,4100523650,1,1,4100551730
10,amu_darya,4100523800,1,1,4100551730
10,amu_darya,4100523910,1,1,4100551730
10,amu_darya,4100523920,1,1,4100551730
10,amu_darya,4100524010,1,1,4100551730
10,amu_darya,4100524110,1,0,4100551730
10,amu_darya,4100524120,1,0,4100551730
10,amu_darya,4100524130,1,1,4100551730
10,amu_darya,4100524200,1,1,4100551730
10,amu_darya,4100524210,1,1,4100551730
10,amu_darya,4100524220,1,1,4100551730
10,amu_darya,4100524230,1,1,4100551730
10,amu_darya,4100524310,1,1,4100551730
10,amu_darya,4100524320,1,1,4100551730
10,amu_darya,4100524330,1,1,4100551730
10,amu_darya,4100524340,1,1,4100551730
10,amu_darya,4100524350,1,1,4100551730
10,amu_darya,4100524360,1,1,4100551730
10,amu_darya,4100524420,1,1,4100551730
10,amu_darya,4100524430,1,1,4100551730
10,amu_darya,4100524540,1,0,4100551730
10,amu_darya,4100524550,1,0,4100551730
10,amu_darya,4100524560,1,1,4100551730
10,amu_darya,4100524620,1,0,4100551730
10,amu_darya,4100524630,1,0,4100551730
10,amu_darya,4100524640,1,0,4100551730
10,amu_darya,4100524650,1,1,4100551730
10,amu_darya,4100524730,1,1,4100551730
10,amu_darya,4100524830,1,0,4100551730
10,amu_darya,4100524840,1,1,4100551730
10,amu_darya,4100525010,1,0,4100551730
10,amu_darya,4100525020,1,0,4100551730
10,amu_darya,4100525030,1,1,4100551730
10,amu_darya,4100525040,1,1,4100551730
10,amu_darya,4100525050,1,1,4100551730
10,amu_darya,4100525060,1,1,4100551730
10,amu_darya,4100525260,1,0,4100551730
10,amu_darya,4100525270,1,0,4100551730
10,amu_darya,4100525280,1,0,4100551730
10,amu_darya,4100525290,1,1,4100551730
10,amu_darya,4100525300,1,1,4100551730
10,amu_darya,4100525310,1,1,4100551730
10,amu_darya,4100525480,1,0,4100551730
10,amu_darya,4100525490,1,0,4100551730
10,amu_darya,4100525500,1,0,4100551730
10,amu_darya,4100525510,1,1,4100551730
10,amu_darya,4100525520,1,1,4100551730
10,amu_darya,4100525530,1,1,4100551730
10,amu_darya,4100525620,1,0,4100551730
10,amu_darya,4100525630,1,1,4100551730
10,amu_darya,4100525640,1,1,4100551730
10,amu_darya,4100525650,1,1,4100551730
10,amu_darya,4100525660,1,1,4100551730
10,amu_darya,4100525800,1,0,4100551730
10,amu_darya,4100525810,1,1,4100551730
10,amu_darya,4100525820,1,1,4100551730
10,amu_darya,4100525880,1,0,4100551730
10,amu_darya,4100525890,1,1,4100551730
10,amu_darya,4100525900,1,1,4100551730
10,amu_darya,4100525910,1,1,4100551730
10,amu_darya,4100526040,1,0,4100551730
10,amu_darya,4100526050,1,0,4100551730
10,amu_darya,4100526060,1,0,4100551730
10,amu_darya,4100526070,1,1,4100551730
10,amu_darya,4100526160,1,1,4100551730
10,amu_darya,4100526250,1,1,4100551730
10,amu_darya,4100526390,1,0,4100551730
10,amu_darya,4100526400,1,0,4100551730
10,amu_darya,4100526410,1,1,4100551730
10,amu_darya,4100526420,1,1,4100551730
10,amu_darya,4100526430,1,1,4100551730
10,amu_darya,4100526440,1,1,4100551730
10,amu_darya,4100526460,1,1,4100551730
10,amu_darya,4100526570,1,0,4100551730
10,amu_darya,4100526580,1,1,4100551730
10,amu_darya,4100526590,1,1,4100551730
10,amu_darya,4100526600,1,1,4100551730
10,amu_darya,4100526610,1,1,4100551730
10,amu_darya,4100526620,1,1,4100551730
10,amu_darya,4100526730,1,0,4100551730
10,amu_darya,4100526750,1,1,4100551730
10,amu_darya,4100526940,1,0,4100551730
10,amu_darya,4100526950,1,1,4100551730
10,amu_darya,4100527080,1,0,4100551730
10,amu_darya,4100527090,1,1,4100551730
10,amu_darya,4100527100,1,1,4100551730
10,amu_darya,4100527110,1,1,4100551730
10,amu_darya,4100527120,1,1,4100551730
10,amu_darya,4100527130,1,1,4100551730
10,amu_darya,4100527140,1,1,4100551730
10,amu_darya,4100527270,1,1,4100551730
10,amu_darya,4100527280,1,1,4100551730
10,amu_darya,4100527340,1,0,4100551730
10,amu_darya,4100527350,1,0,4100551730
10,amu_darya,4100527360,1,1,4100551730
10,amu_darya,4100527370,1,1,4100551730
10,amu_darya,4100527380,1,1,4100551730
10,amu_darya,4100527390,1,1,4100551730
10,amu_darya,4100527490,1,1,4100551730
10,amu_darya,4100527500,1,1,4100551730
10,amu_darya,4100527600,1,1,4100551730
10,amu_darya,4100527610,1,1,4100551730
10,amu_darya,4100527700,1,1,4100551730
10,amu_darya,4100527710,1,1,4100551730
10,amu_darya,4100527860,1,1,4100551730
10,amu_darya,4100528010,1,0,4100551730
10,amu_darya,4100528130,1,1,4100551730
10,amu_darya,4100528230,1,0,4100551730
10,amu_darya,4100528240,1,0,4100551730
10,amu_darya,4100528250,1,1,4100551730
10,amu_darya,4100528320,1,0,4100551730
10,amu_darya,4100528330,1,0,4100551730
10,amu_darya,4100528340,1,1,4100551730
10,amu_darya,4100528430,1,0,4100551730
10,amu_darya,4100528440,1,1,4100551730
10,amu_darya,4100528450,1,1,4100551730
10,amu_darya,4100528490,1,0,4100551730
10,amu_darya,4100528500,1,0,4100551730
10,amu_darya,4100528510,1,1,4100551730
10,amu_darya,4100528520,1,1,4100551730
10,amu_darya,4100528530,1,1,4100551730
10,amu_darya,4100528670,1,0,4100551730
10,amu_darya,4100528680,1,0,4100551730
10,amu_darya,4100528690,1,1,4100551730
10,amu_darya,4100528700,1,1,4100551730
10,amu_darya,4100528710,1,1,4100551730
10,amu_darya,4100528720,1,1,4100551730
10,amu_darya,4100528730,1,1,4100551730
10,amu_darya,4100528740,1,1,4100551730
10,amu_darya,4100528750,1,1,4100551730
10,amu_darya,4100528910,1,0,4100551730
10,amu_darya,4100528920,1,0,4100551730
10,amu_darya,4100528930,1,1,4100551730
10,amu_darya,4100528940,1,1,4100551730
10,amu_darya,4100529010,1,1,4100551730
10,amu_darya,4100529020,1,1,4100551730
10,amu_darya,4100529030,1,1,4100551730
10,amu_darya,4100529160,1,1,4100551730
10,amu_darya,4100529170,1,1,4100551730
10,amu_darya,4100529180,1,1,4100551730
10,amu_darya,4100529190,1,1,4100551730
10,amu_darya,4100529320,1,1,4100551730
10,amu_darya,4100529330,1,1,4100551730
10,amu_darya,4100529340,1,1,4100551730
10,amu_darya,4100529440,1,1,4100551730
10,amu_darya,4100529590,1,0,4100551730
10,amu_darya,4100529600,1,1,4100551730
10,amu_darya,4100529610,1,1,4100551730
10,amu_darya,4100529620,1,1,4100551730
10,amu_darya,4100529820,1,0,4100551730
10,amu_darya,4100529840,1,0,4100551730
10,amu_darya,4100529850,1,1,4100551730
10,amu_darya,4100529980,1,0,4100551730
10,amu_darya,4100529990,1,1,4100551730
10,amu_darya,4100530000,1,1,4100551730
10,amu_darya,4100530230,1,0,4100551730
10,amu_darya,4100530240,1,0,4100551730
10,amu_darya,4100530530,1,1,4100551730
10,amu_darya,4100530540,1,1,4100551730
10,amu_darya,4100530810,1,0,4100551730
10,amu_darya,4100530820,1,0,4100551730
10,amu_darya,4100530830,1,1,4100551730
10,amu_darya,4100530840,1,1,4100551730
10,amu_darya,4100531200,1,0,4100551730
10,amu_darya,4100531210,1,1,4100551730
10,amu_darya,4100531220,1,1,4100551730
10,amu_darya,4100531330,1,0,4100551730
10,amu_darya,4100531340,1,1,4100551730
10,amu_darya,4100531350,1,1,4100551730
10,amu_darya,4100531510,1,0,4100551730
10,amu_darya,4100531520,1,1,4100551730
10,amu_darya,4100531530,1,1,4100551730
10,amu_darya,4100531540,1,1,4100551730
10,amu_darya,4100531550,1,1,4100551730
10,amu_darya,4100531730,1,0,4100551730
10,amu_darya,4100531740,1,1,4100551730
10,amu_darya,4100531910,1,0,4100551730
10,amu_darya,4100531920,1,1,4100551730
10,amu_darya,4100531930,1,1,4100551730
10,amu_darya,4100531940,1,1,4100551730
10,amu_darya,4100532070,1,0,4100551730
10,amu_darya,4100532080,1,0,4100551730
10,amu_darya,4100532090,1,0,4100551730
10,amu_darya,4100532230,1,0,4100551730
10,amu_darya,4100532240,1,0,4100551730
10,amu_darya,4100532590,1,0,4100551730
10,amu_darya,4100532600,1,0,4100551730
10,amu_darya,4100532730,1,0,4100551730
10,amu_darya,4100532880,1,0,4100551730
10,amu_darya,4100532890,1,0,4100551730
10,amu_darya,4100532900,1,1,4100551730
10,amu_darya,4100532910,1,1,4100551730
10,amu_darya,4100532920,1,1,4100551730
10,amu_darya,4100533060,1,0,4100551730
10,amu_darya,4100533070,1,1,4100551730
10,amu_darya,4100533080,1,1,4100551730
10,amu_darya,4100533090,1,1,4100551730
10,amu_darya,4100533220,1,1,4100551730
10,amu_darya,4100533230,1,1,4100551730
10,amu_darya,4100533240,1,1,4100551730
10,amu_darya,4100533250,1,1,4100551730
10,amu_darya,4100533260,1,1,4100551730
10,amu_darya,4100533270,1,1,4100551730
10,amu_darya,4100533510,1,0,4100551730
10,amu_darya,4100533600,1,0,4100551730
10,amu_darya,4100533610,1,1,4100551730
10,amu_darya,4100533740,1,1,4100551730
10,amu_darya,4100533750,1,1,4100551730
10,amu_darya,4100533760,1,1,4100551730
10,amu_darya,4100533770,1,1,4100551730
10,amu_darya,4100533880,1,1,4100551730
10,amu_darya,4100534010,1,0,4100551730
10,amu_darya,4100534120,1,0,4100551730
10,amu_darya,4100534200,1,0,4100551730
10,amu_darya,4100534280,1,0,4100551730
10,amu_darya,4100534290,1,1,4100551730
10,amu_darya,4100534300,1,1,4100551730
10,amu_darya,4100534440,1,1,4100551730
10,amu_darya,4100534450,1,1,4100551730
10,amu_darya,4100534460,1,1,4100551730
10,amu_darya,4100534470,1,1,4100551730
10,amu_darya,4100534650,1,1,4100551730
10,amu_darya,4100534660,1,1,4100551730
10,amu_darya,4100534670,1,1,4100551730
10,amu_darya,4100534800,1,0,4100551730
10,amu_darya,4100534810,1,1,4100551730
10,amu_darya,4100534890,1,0,4100551730
10,amu_darya,4100534900,1,0,4100551730
10,amu_darya,4100534910,1,0,4100551730
10,amu_darya,4100535080,1,1,4100551730
10,amu_darya,4100535170,1,1,4100551730
10,amu_darya,4100535230,1,1,4100551730
10,amu_darya,4100535360,1,1,4100551730
10,amu_darya,4100535370,1,1,4100551730
10,amu_darya,4100535380,1,1,4100551730
10,amu_darya,4100535500,1,1,4100551730
10,amu_darya,4100535510,1,1,4100551730
10,amu_darya,4100535520,1,1,4100551730
10,amu_darya,4100535530,1,1,4100551730
10,amu_darya,4100535540,1,1,4100551730
10,amu_darya,4100535660,1,0,4100551730
10,amu_darya,4100535670,1,0,4100551730
10,amu_darya,4100535680,1,0,4100551730
10,amu_darya,4100535690,1,1,4100551730
10,amu_darya,4100535700,1,1,4100551730
10,amu_darya,4100535810,1,0,4100551730
10,amu_darya,4100535820,1,0,4100551730
10,amu_darya,4100535830,1,0,4100551730
10,amu_darya,4100535840,1,0,4100551730
10,amu_darya,4100535850,1,0,4100551730
10,amu_darya,4100535960,1,0,4100551730
10,amu_darya,4100535970,1,0,4100551730
10,amu_darya,4100535980,1,0,4100551730
10,amu_darya,4100535990,1,1,4100551730
10,amu_darya,4100536090,1,0,4100551730
10,amu_darya,4100536100,1,1,4100551730
10,amu_darya,4100536220,1,1,4100551730
10,amu_darya,4100536460,1,0,4100551730
10,amu_darya,4100536570,1,0,4100551730
10,amu_darya,4100536580,1,0,4100551730
10,amu_darya,4100536770,1,0,4100551730
10,amu_darya,4100536780,1,0,4100551730
10,amu_darya,4100536790,1,1,4100551730
10,amu_darya,4100536900,1,0,4100551730
10,amu_darya,4100537010,1,1,4100551730
10,amu_darya,4100537240,1,1,4100551730
10,amu_darya,4100537250,1,1,4100551730
10,amu_darya,4100537350,1,0,4100551730
10,amu_darya,4100537360,1,0,4100551730
10,amu_darya,4100537370,1,1,4100551730
10,amu_darya,4100537380,1,1,4100551730
10,amu_darya,4100537440,1,0,4100551730
10,amu_darya,4100537450,1,0,4100551730
10,amu_darya,4100537460,1,0,4100551730
10,amu_darya,4100537470,1,0,4100551730
10,amu_darya,4100537480,1,0,4100551730
10,amu_darya,4100537490,1,1,4100551730
10,amu_darya,4100537570,1,0,4100551730
10,amu_darya,4100537580,1,0,4100551730
10,amu_darya,4100537590,1,0,4100551730
10,amu_darya,4100537600,1,0,4100551730
10,amu_darya,4100537610,1,1,4100551730
10,amu_darya,4100537620,1,1,4100551730
10,amu_darya,4100537630,1,1,4100551730
10,amu_darya,4100537660,1,0,4100551730
10,amu_darya,4100537670,1,0,4100551730
10,amu_darya,4100537680,1,0,4100551730
10,amu_darya,4100537690,1,0,4100551730
10,amu_darya,4100537700,1,1,4100551730
10,amu_darya,4100537710,1,1,4100551730
10,amu_darya,4100537720,1,1,4100551730
10,amu_darya,4100537730,1,1,4100551730
10,amu_darya,4100537740,1,1,4100551730
10,amu_darya,4100537750,1,1,4100551730
10,amu_darya,4100537760,1,1,4100551730
10,amu_darya,4100537880,1,0,4100551730
10,amu_darya,4100537890,1,0,4100551730
10,amu_darya,4100537900,1,0,4100551730
10,amu_darya,4100537910,1,1,4100551730
10,amu_darya,4100538010,1,0,4100551730
10,amu_darya,4100538020,1,0,4100551730
10,amu_darya,4100538030,1,0,4100551730
10,amu_darya,4100538040,1,0,4100551730
10,amu_darya,4100538050,1,0,4100551730
10,amu_darya,4100538190,1,1,4100551730
10,amu_darya,4100538230,1,0,4100551730
10,amu_darya,4100538240,1,0,4100551730
10,amu_darya,4100538250,1,0,4100551730
10,amu_darya,4100538260,1,0,4100551730
10,amu_darya,4100538270,1,0,4100551730
10,amu_darya,4100538280,1,0,4100551730
10,amu_darya,4100538290,1,1,4100551730
10,amu_darya,4100538300,1,1,4100551730
10,amu_darya,4100538320,1,1,4100551730
10,amu_darya,4100538380,1,0,4100551730
10,amu_darya,4100538390,1,0,4100551730
10,amu_darya,4100538400,1,1,4100551730
10,amu_darya,4100538480,1,0,4100551730
10,amu_darya,4100538490,1,0,4100551730
10,amu_darya,4100538500,1,0,4100551730
10,amu_darya,4100538510,1,0,4100551730
10,amu_darya,4100538520,1,0,4100551730
10,amu_darya,4100538530,1,1,4100551730
10,amu_darya,4100538540,1,1,4100551730
10,amu_darya,4100538630,1,0,4100551730
10,amu_darya,4100538640,1,0,4100551730
10,amu_darya,4100538650,1,1,4100551730
10,amu_darya,4100538660,1,1,4100551730
10,amu_darya,4100538770,1,0,4100551730
10,amu_darya,4100538780,1,1,4100551730
10,amu_darya,4100538790,1,1,4100551730
10,amu_darya,4100538860,1,0,4100551730
10,amu_darya,4100538870,1,0,4100551730
10,amu_darya,4100538880,1,1,4100551730
10,amu_darya,4100538890,1,1,4100551730
10,amu_darya,4100538900,1,1,4100551730
10,amu_darya,4100538910,1,1,4100551730
10,amu_darya,4100539080,1,0,4100551730
10,amu_darya,4100539090,1,1,4100551730
10,amu_darya,4100539210,1,0,4100551730
10,amu_darya,4100539220,1,0,4100551730
10,amu_darya,4100539230,1,0,4100551730
10,amu_darya,4100539240,1,1,4100551730
10,amu_darya,4100539250,1,1,4100551730
10,amu_darya,4100539300,1,0,4100551730
10,amu_darya,4100539310,1,1,4100551730
10,amu_darya,4100539320,1,1,4100551730
10,amu_darya,4100539330,1,1,4100551730
10,amu_darya,4100539340,1,1,4100551730
10,amu_darya,4100539460,1,0,4100551730
10,amu_darya,4100539470,1,0,4100551730
10,amu_darya,4100539690,1,1,4100551730
10,amu_darya,4100539700,1,1,4100551730
10,amu_darya,4100539840,1,0,4100551730
10,amu_darya,4100539850,1,0,4100551730
10,amu_darya,4100539980,1,0,4100551730
10,amu_darya,4100539990,1,0,4100551730
10,amu_darya,4100540000,1,1,4100551730
10,amu_darya,4100540010,1,1,4100551730
10,amu_darya,4100540160,1,1,4100551730
10,amu_darya,4100540170,1,1,4100551730
10,amu_darya,4100540180,1,1,4100551730
10,amu_darya,4100540250,1,1,4100551730
10,amu_darya,4100540370,1,1,4100551730
10,amu_darya,4100540420,1,1,4100551730
10,amu_darya,4100540510,1,1,4100551730
10,amu_darya,4100540600,1,1,4100551730
10,amu_darya,4100540610,1,1,4100551730
10,amu_darya,4100540620,1,1,4100551730
10,amu_darya,4100540630,1,1,4100551730
10,amu_darya,4100540640,1,1,4100551730
10,amu_darya,4100540650,1,1,4100551730
10,amu_darya,4100540740,1,0,4100551730
10,amu_darya,4100540750,1,0,4100551730
10,amu_darya,4100540880,1,0,4100551730
10,amu_darya,4100540890,1,0,4100551730
10,amu_darya,4100540900,1,1,4100551730
10,amu_darya,4100540910,1,1,4100551730
10,amu_darya,4100541060,1,1,4100551730
10,amu_darya,4100541130,1,1,4100551730
10,amu_darya,4100541140,1,1,4100551730
10,amu_darya,4100541210,1,0,4100551730
10,amu_darya,4100541220,1,0,4100551730
10,amu_darya,4100541230,1,0,4100551730
10,amu_darya,4100541300,1,1,4100551730
10,amu_darya,4100541440,1,0,4100551730
10,amu_darya,4100541450,1,1,4100551730
10,amu_darya,4100541530,1,0,4100551730
10,amu_darya,4100541540,1,0,4100551730
10,amu_darya,4100541550,1,1,4100551730
10,amu_darya,4100541560,1,1,4100551730
10,amu_darya,4100541670,1,0,4100551730
10,amu_darya,4100541680,1,0,4100551730
10,amu_darya,4100541690,1,0,4100551730
10,amu_darya,4100541700,1,1,4100551730
10,amu_darya,4100541710,1,1,4100551730
10,amu_darya,4100541770,1,1,4100551730
10,amu_darya,4100541780,1,1,4100551730
10,amu_darya,4100541790,1,1,4100551730
10,amu_darya,4100541910,1,0,4100551730
10,amu_darya,4100541920,1,1,4100551730
10,amu_darya,4100541930,1,1,4100551730
10,amu_darya,4100541940,1,1,4100551730
10,amu_darya,4100542050,1,0,4100551730
10,amu_darya,4100542060,1,1,4100551730
10,amu_darya,4100542070,1,1,4100551730
10,amu_darya,4100542150,1,0,4100551730
10,amu_darya,4100542240,1,1,4100551730
10,amu_darya,4100542340,1,0,4100551730
10,amu_darya,4100542350,1,1,4100551730
10,amu_darya,4100542500,1,0,4100551730
10,amu_darya,4100542630,1,0,4100551730
10,amu_darya,4100542760,1,0,4100551730
10,amu_darya,4100542770,1,1,4100551730
10,amu_darya,4100542780,1,1,4100551730
10,amu_darya,4100542900,1,0,4100551730
10,amu_darya,4100542910,1,0,4100551730
10,amu_darya,4100542920,1,1,4100551730
10,amu_darya,4100542930,1,1,4100551730
10,amu_darya,4100542940,1,1,4100551730
10,amu_darya,4100543060,1,1,4100551730
10,amu_darya,4100543070,1,1,4100551730
10,amu_darya,4100543080,1,1,4100551730
10,amu_darya,4100543180,1,1,4100551730
10,amu_darya,4100543190,1,1,4100551730
10,amu_darya,4100543200,1,1,4100551730
10,amu_darya,4100543270,1,0,4100551730
10,amu_darya,4100543280,1,1,4100551730
10,amu_darya,4100543400,1,0,4100551730
10,amu_darya,4100543410,1,0,4100551730
10,amu_darya,4100543580,1,1,4100551730
10,amu_darya,4100543750,1,0,4100551730
10,amu_darya,4100543760,1,0,4100551730
10,amu_darya,4100543770,1,1,4100551730
10,amu_darya,4100543780,1,1,4100551730
10,amu_darya,4100543950,1,0,4100551730
10,amu_darya,4100543960,1,1,4100551730
10,amu_darya,4100544070,1,1,4100551730
10,amu_darya,4100544080,1,1,4100551730
10,amu_darya,4100544320,1,1,4100551730
10,amu_darya,4100544330,1,1,4100551730
10,amu_darya,4100544470,1,1,4100551730
10,amu_darya,4100544480,1,1,4100551730
10,amu_darya,4100544490,1,1,4100551730
10,amu_darya,4100544630,1,1,4100551730
10,amu_darya,4100544640,1,1,4100551730
10,amu_darya,4100544650,1,1,4100551730
10,amu_darya,4100544810,1,0,4100551730
10,amu_darya,4100544820,1,0,4100551730
10,amu_darya,4100544830,1,1,4100551730
10,amu_darya,4100544840,1,1,4100551730
10,amu_darya,4100544960,1,1,4100551730
10,amu_darya,4100545110,1,1,4100551730
10,amu_darya,4100545120,1,1,4100551730
10,amu_darya,4100545130,1,1,4100551730
10,amu_darya,4100545390,1,0,4100551730
10,amu_darya,4100545500,1,0,4100551730
10,amu_darya,4100545510,1,0,4100551730
10,amu_darya,4100545520,1,0,4100551730
10,amu_darya,4100545530,1,1,4100551730
10,amu_darya,4100545540,1,1,4100551730
10,amu_darya,4100545670,1,0,4100551730
10,amu_darya,4100545680,1,0,4100551730
10,amu_darya,4100545690,1,1,4100551730
10,amu_darya,4100545700,1,1,4100551730
10,amu_darya,4100546050,1,1,4100551730
10,amu_darya,4100546380,1,1,4100551730
10,amu_darya,4100546740,1,0,4100551730
10,amu_darya,4100546750,1,0,4100551730
10,amu_darya,4100546880,1,0,4100551730
10,amu_darya,4100546890,1,0,4100551730
10,amu_darya,4100546900,1,0,4100551730
10,amu_darya,4100546910,1,0,4100551730
10,amu_darya,4100546920,1,0,4100551730
10,amu_darya,4100546930,1,0,4100551730
10,amu_darya,4100546940,1,1,4100551730
10,amu_darya,4100547120,1,0,4100551730
10,amu_darya,4100547130,1,1,4100551730
10,amu_darya,4100547280,1,0,4100551730
10,amu_darya,4100547290,1,0,4100551730
10,amu_darya,4100547300,1,0,4100551730
10,amu_darya,4100547310,1,0,4100551730
10,amu_darya,4100547320,1,0,4100551730
10,amu_darya,4100547420,1,0,4100551730
10,amu_darya,4100547430,1,0,4100551730
10,amu_darya,4100547440,1,0,4100551730
10,amu_darya,4100547450,1,1,4100551730
10,amu_darya,4100547460,1,1,4100551730
10,amu_darya,4100547600,1,0,4100551730
10,amu_darya,4100547610,1,0,4100551730
10,amu_darya,4100547750,1,1,4100551730
10,amu_darya,4100547830,1,0,4100551730
10,amu_darya,4100547840,1,0,4100551730
10,amu_darya,4100547850,1,1,4100551730
10,amu_darya,4100547960,1,0,4100551730
10,amu_darya,4100547970,1,0,4100551730
10,amu_darya,4100547980,1,0,4100551730
10,amu_darya,4100548000,1,1,4100551730
10,amu_darya,4100548010,1,1,4100551730
10,amu_darya,4100548130,1,1,4100551730
10,amu_darya,4100548300,1,1,4100551730
10,amu_darya,4100548310,1,1,4100551730
10,amu_darya,4100548430,1,1,4100551730
10,amu_darya,4100548440,1,1,4100551730
10,amu_darya,4100548620,1,1,4100551730
10,amu_darya,4100548950,1,1,4100551730
10,amu_darya,4100548960,1,1,4100551730
10,amu_darya,4100548970,1,1,4100551730
10,amu_darya,4100548980,1,1,4100551730
10,amu_darya,4100549170,1,1,4100551730
10,amu_darya,4100549180,1,1,4100551730
10,amu_darya,4100549190,1,1,4100551730
10,amu_darya,4100549200,1,1,4100551730
10,amu_darya,4100549210,1,1,4100551730
10,amu_darya,4100549220,1,1,4100551730
10,amu_darya,4100549230,1,1,4100551730
10,amu_darya,4100549310,1,1,4100551730
10,amu_darya,4100549320,1,1,4100551730
10,amu_darya,4100549330,1,1,4100551730
10,amu_darya,4100549490,1,1,4100551730
10,amu_darya,4100549500,1,1,4100551730
10,amu_darya,4100549510,1,1,4100551730
10,amu_darya,4100549620,1,1,4100551730
10,amu_darya,4100549770,1,0,4100551730
10,amu_darya,4100549780,1,1,4100551730
10,amu_darya,4100549790,1,1,4100551730
10,amu_darya,4100549800,1,1,4100551730
10,amu_darya,4100549810,1,1,4100551730
10,amu_darya,4100549950,1,0,4100551730
10,amu_darya,4100549960,1,1,4100551730
10,amu_darya,4100549970,1,1,4100551730
10,amu_darya,4100549980,1,1,4100551730
10,amu_darya,4100549990,1,1,4100551730
10,amu_darya,4100550000,1,1,4100551730
10,amu_darya,4100550010,1,1,4100551730
10,amu_darya,4100550020,1,1,4100551730
10,amu_darya,4100550170,1,0,4100551730
10,amu_darya,4100550180,1,1,4100551730
10,amu_darya,4100550190,1,1,4100551730
10,amu_darya,4100550200,1,1,4100551730
10,amu_darya,4100550300,1,0,4100551730
10,amu_darya,4100550310,1,1,4100551730
10,amu_darya,4100550320,1,1,4100551730
10,amu_darya,4100550330,1,1,4100551730
10,amu_darya,4100550340,1,1,4100551730
10,amu_darya,4100550350,1,1,4100551730
10,amu_darya,4100550480,1,1,4100551730
10,amu_darya,4100550490,1,1,4100551730
10,amu_darya,4100550700,1,0,4100551730
10,amu_darya,4100550710,1,1,4100551730
10,amu_darya,4100550720,1,1,4100551730
10,amu_darya,4100550780,1,0,4100551730
10,amu_darya,4100550790,1,1,4100551730
10,amu_darya,4100550800,1,1,4100551730
10,amu_darya,4100551000,1,0,4100551730
10,amu_darya,4100551010,1,1,4100551730
10,amu_darya,4100551190,1,0,4100551730
10,amu_darya,4100551200,1,0,4100551730
10,amu_darya,4100551210,1,0,4100551730
10,amu_darya,4100551510,1,0,4100551730
10,amu_darya,4100551710,1,0,4100551730
10,amu_darya,4100551720,1,0,4100551730
10,amu_darya,4100551730,1,1,4100551730
10,amu_darya,4100551880,1,0,4100551730
10,amu_darya,4100551890,1,0,4100551730
10,amu_darya,4100551900,1,0,4100551730
10,amu_darya,4100551910,1,1,4100551730
10,amu_darya,4100551920,1,1,4100551730
10,amu_darya,4100552050,1,0,4100551730
10,amu_darya,4100552060,1,0,4100551730
10,amu_darya,4100552070,1,0,4100551730
10,amu_darya,4100552080,1,0,4100551730
10,amu_darya,4100552090,1,1,4100551730
10,amu_darya,4100552100,1,1,4100551730
10,amu_darya,4100552260,1,0,4100551730
10,amu_darya,4100552460,1,0,4100551730
10,amu_darya,4100552470,1,0,4100551730
10,amu_darya,4100552480,1,1,4100551730
10,amu_darya,4100552640,1,0,4100551730
10,amu_darya,4100552650,1,0,4100551730
10,amu_darya,4100552660,1,1,4100551730
10,amu_darya,4100553050,1,1,4100551730
10,amu_darya,4100553170,1,0,4100551730
10,amu_darya,4100553180,1,0,4100551730
10,amu_darya,4100553190,1,0,4100551730
10,amu_darya,4100553200,1,1,4100551730
10,amu_darya,4100553360,1,0,4100551730
10,amu_darya,4100553600,1,1,4100551730
10,amu_darya,4100553710,1,0,4100551730
10,amu_darya,4100553720,1,0,4100551730
10,amu_darya,4100553870,1,1,4100551730
10,amu_darya,4100553880,1,1,4100551730
10,amu_darya,4100554020,1,0,4100551730
10,amu_darya,4100554030,1,0,4100551730
10,amu_darya,4100554040,1,1,4100551730
10,amu_darya,4100554250,1,1,4100551730
10,amu_darya,4100554450,1,0,4100551730
10,amu_darya,4100554460,1,0,4100551730
10,amu_darya,4100554470,1,0,4100551730
10,amu_darya,4100554480,1,0,4100551730
10,amu_darya,4100554490,1,1,4100551730
10,amu_darya,4100554500,1,1,4100551730
10,amu_darya,4100554610,1,0,4100551730
10,amu_darya,4100554620,1,0,4100551730
10,amu_darya,4100554650,1,1,4100551730
10,amu_darya,4100554660,1,1,4100551730
10,amu_darya,4100554780,1,1,4100551730
10,amu_darya,4100554790,1,1,4100551730
10,amu_darya,4100554950,1,0,4100551730
10,amu_darya,4100554970,1,1,4100551730
10,amu_darya,4100554980,1,1,4100551730
10,amu_darya,4100555130,1,1,4100551730
10,amu_darya,4100555140,1,1,4100551730
10,amu_darya,4100555260,1,0,4100551730
10,amu_darya,4100555270,1,1,4100551730
10,amu_darya,4100555280,1,1,4100551730
10,amu_darya,4100555350,1,0,4100551730
10,amu_darya,4100555360,1,1,4100551730
10,amu_darya,4100555470,1,0,4100551730
10,amu_darya,4100555640,1,0,4100551730
10,amu_darya,4100555650,1,0,4100551730
10,amu_darya,4100555660,1,0,4100551730
10,amu_darya,4100555670,1,0,4100551730
10,amu_darya,4100555680,1,1,4100551730
10,amu_darya,4100555690,1,1,4100551730
10,amu_darya,4100555820,1,1,4100551730
10,amu_darya,4100555830,1,1,4100551730
10,amu_darya,4100556200,1,0,4100551730
10,amu_darya,4100556320,1,0,4100551730
10,amu_darya,4100556430,1,1,4100551730
10,amu_darya,4100556590,1,1,4100551730
10,amu_darya,4100556810,1,1,4100551730
10,amu_darya,4100556950,1,1,4100551730
10,amu_darya,4100557080,1,1,4100551730
10,amu_darya,4100557210,1,0,4100551730
10,amu_darya,4100557220,1,1,4100551730
10,amu_darya,4100557570,1,0,4100551730
10,amu_darya,4100557580,1,1,4100551730
10,amu_darya,4100557650,1,0,4100551730
10,amu_darya,4100557660,1,1,4100551730
10,amu_darya,4100557670,1,1,4100551730
10,amu_darya,4100557680,1,1,4100551730
10,amu_darya,4100557810,1,0,4100551730
10,amu_darya,4100557820,1,0,4100551730
10,amu_darya,4100557830,1,0,4100551730
10,amu_darya,4100558120,1,0,4100551730
10,amu_darya,4100558240,1,0,4100551730
10,amu_darya,4100558310,1,1,4100551730
10,amu_darya,4100558360,1,1,4100551730
10,amu_darya,4100558490,1,1,4100551730
10,amu_darya,4100558500,1,1,4100551730
10,amu_darya,4100558620,1,0,4100551730
10,amu_darya,4100558630,1,1,4100551730
10,amu_darya,4100558640,1,1,4100551730
10,amu_darya,4100558810,1,0,4100551730
10,amu_darya,4100558820,1,1,4100551730
10,amu_darya,4100558970,1,0,4100551730
10,amu_darya,4100558980,1,1,4100551730
10,amu_darya,4100558990,1,1,4100551730
10,amu_darya,4100559000,1,1,4100551730
10,amu_darya,4100559010,1,1,4100551730
10,amu_darya,4100559070,1,0,4100551730
10,amu_darya,4100559440,1,1,4100551730
10,amu_darya,4100559690,1,1,4100551730
10,amu_darya,4100559920,1,1,4100551730
10,amu_darya,4100559930,1,1,4100551730
10,amu_darya,4100560030,1,1,4100551730
10,amu_darya,4100560040,1,1,4100551730
10,amu_darya,4100560480,1,1,4100551730
10,amu_darya,4100560490,1,1,4100551730
10,amu_darya,4100560640,1,0,4100551730
10,amu_darya,4100560650,1,1,4100551730
10,amu_darya,4100560770,1,0,4100551730
10,amu_darya,4100560780,1,1,4100551730
10,amu_darya,4100560900,1,0,4100551730
10,amu_darya,4100560910,1,0,4100551730
10,amu_darya,4100560970,1,0,4100551730
10,amu_darya,4100560980,1,0,4100551730
10,amu_darya,4100560990,1,1,4100551730
10,amu_darya,4100561000,1,1,4100551730
10,amu_darya,4100561010,1,1,4100551730
10,amu_darya,4100561130,1,0,4100551730
10,amu_darya,4100561140,1,1,4100551730
10,amu_darya,4100561150,1,1,4100551730
10,amu_darya,4100561260,1,0,4100551730
10,amu_darya,4100561270,1,1,4100551730
10,amu_darya,4100561390,1,0,4100551730
10,amu_darya,4100561640,1,0,4100551730
10,amu_darya,4100561650,1,0,4100551730
10,amu_darya,4100561660,1,1,4100551730
10,amu_darya,4100561670,1,1,4100551730
10,amu_darya,4100561680,1,1,4100551730
10,amu_darya,4100561840,1,1,4100551730
10,amu_darya,4100561850,1,1,4100551730
10,amu_darya,4100562010,1,0,4100551730
10,amu_darya,4100562020,1,1,4100551730
10,amu_darya,4100562330,1,0,4100551730
10,amu_darya,4100562490,1,0,4100551730
10,amu_darya,4100563470,1,1,4100551730
10,amu_darya,4100563600,1,1,4100551730
10,amu_darya,4100563750,1,1,4100551730
10,amu_darya,4100563760,1,1,4100551730
10,amu_darya,4100564250,1,1,4100551730
10,amu_darya,4100564260,1,1,4100551730
10,amu_darya,4100564410,1,0,4100551730
10,amu_darya,4100564420,1,0,4100551730
10,amu_darya,4100564430,1,1,4100551730
10,amu_darya,4100564440,1,1,4100551730
10,amu_darya,4100564450,1,1,4100551730
10,amu_darya,4100564550,1,1,4100551730
10,amu_darya,4100564560,1,1,4100551730
10,amu_darya,4100564570,1,1,4100551730
10,amu_darya,4100564770,1,0,4100551730
10,amu_darya,4100564780,1,0,4100551730
10,amu_darya,4100564790,1,0,4100551730
10,amu_darya,4100564800,1,1,4100551730
10,amu_darya,4100564810,1,1,4100551730
10,amu_darya,4100564970,1,0,4100551730
10,amu_darya,4100565050,1,0,4100551730
10,amu_darya,4100565220,1,0,4100551730
10,amu_darya,4100565230,1,0,4100551730
10,amu_darya,4100565240,1,0,4100551730
10,amu_darya,4100565700,1,0,4100551730
10,amu_darya,4100565710,1,0,4100551730
10,amu_darya,4100565720,1,0,4100551730
10,amu_darya,4100565730,1,0,4100551730
10,amu_darya,4100565740,1,1,4100551730
10,amu_darya,4100565920,1,0,4100551730
10,amu_darya,4100565930,1,0,4100551730
10,amu_darya,4100565940,1,1,4100551730
10,amu_darya,4100566030,1,0,4100551730
10,amu_darya,4100566210,1,0,4100551730
10,amu_darya,4100566220,1,0,4100551730
10,amu_darya,4100566230,1,1,4100551730
10,amu_darya,4100566240,1,1,4100551730
10,amu_darya,4100566410,1,0,4100551730
10,amu_darya,4100566420,1,1,4100551730
10,amu_darya,4100566430,1,1,4100551730
10,amu_darya,4100566570,1,0,4100551730
10,amu_darya,4100566580,1,0,4100551730
10,amu_darya,4100566590,1,0,4100551730
10,amu_darya,4100566730,1,0,4100551730
10,amu_darya,4100566860,1,0,4100551730
10,amu_darya,4100566870,1,0,4100551730
10,amu_darya,4100566880,1,0,4100551730
10,amu_darya,4100567060,1,0,4100551730
10,amu_darya,4100567070,1,0,4100551730
10,amu_darya,4100567080,1,0,4100551730
10,amu_darya,4100567090,1,0,4100551730
10,amu_darya,4100567160,1,0,4100551730
10,amu_darya,4100567270,1,0,4100551730
10,amu_darya,4100567280,1,0,4100551730
10,amu_darya,4100567420,1,0,4100551730
10,amu_darya,4100567560,1,0,4100551730
10,amu_darya,4100567860,1,0,4100551730
10,amu_darya,4100567990,1,0,4100551730
10,amu_darya,4100568000,1,0,4100551730
10,amu_darya,4100568170,1,0,4100551730
10,amu_darya,4100568180,1,0,4100551730
10,amu_darya,4100568190,1,0,4100551730
10,amu_darya,4100568370,1,0,4100551730
10,amu_darya,4100568510,1,0,4100551730
10,amu_darya,4100568520,1,0,4100551730
10,amu_darya,4100568590,1,0,4100551730
10,amu_darya,4100568600,1,0,4100551730
10,amu_darya,4100568610,1,1,4100551730
10,amu_darya,4100568620,1,1,4100551730
10,amu_darya,4100568720,1,0,4100551730
10,amu_darya,4100568730,1,0,4100551730
10,amu_darya,4100568740,1,0,4100551730
10,amu_darya,4100568750,1,1,4100551730
10,amu_darya,4100568880,1,1,4100551730
10,amu_darya,4100569050,1,0,4100551730
10,amu_darya,4100569210,1,0,4100551730
10,amu_darya,4100569220,1,1,4100551730
10,amu_darya,4100569400,1,1,4100551730
10,amu_darya,4100569800,1,0,4100551730
10,amu_darya,4100569810,1,1,4100551730
10,amu_darya,4100569890,1,0,4100551730
10,amu_darya,4100569900,1,1,4100551730
10,amu_darya,4100570290,1,1,4100551730
10,amu_darya,4100570380,1,0,4100551730
10,amu_darya,4100570390,1,0,4100551730
10,amu_darya,4100570400,1,1,4100551730
10,amu_darya,4100570530,1,0,4100551730
10,amu_darya,4100570540,1,0,4100551730
10,amu_darya,4100570550,1,0,4100551730
10,amu_darya,4100570680,1,0,4100551730
10,amu_darya,4100570690,1,0,4100551730
10,amu_darya,4100570700,1,0,4100551730
10,amu_darya,4100570830,1,1,4100551730
10,amu_darya,4100570910,1,0,4100551730
10,amu_darya,4100570920,1,1,4100551730
10,amu_darya,4100571020,1,0,4100551730
10,amu_darya,4100571280,1,0,4100551730
10,amu_darya,4100571400,1,1,4100551730
10,amu_darya,4100571470,1,0,4100551730
10,amu_darya,4100571480,1,0,4100551730
10,amu_darya,4100571490,1,0,4100551730
10,amu_darya,4100571500,1,1,4100551730
10,amu_darya,4100571610,1,0,4100551730
10,amu_darya,4100571620,1,0,4100551730
10,amu_darya,4100571630,1,0,4100551730
10,amu_darya,4100571640,1,1,4100551730
10,amu_darya,4100571650,1,1,4100551730
10,amu_darya,4100571830,1,0,4100551730
10,amu_darya,4100571840,1,0,4100551730
10,amu_darya,4100571850,1,0,4100551730
10,amu_darya,4100572050,1,1,4100551730
10,amu_darya,4100572280,1,0,4100551730
10,amu_darya,4100572290,1,0,4100551730
10,amu_darya,4100572300,1,0,4100551730
10,amu_darya,4100572310,1,0,4100551730
10,amu_darya,4100572320,1,1,4100551730
10,amu_darya,4100572430,1,1,4100551730
10,amu_darya,4100572440,1,1,4100551730
10,amu_darya,4100572750,1,0,4100551730
10,amu_darya,4100572850,1,0,4100551730
10,amu_darya,4100572860,1,0,4100551730
10,amu_darya,4100573100,1,0,4100551730
10,amu_darya,4100573540,1,1,4100551730
10,amu_darya,4100573630,1,0,4100551730
10,amu_darya,4100573640,1,1,4100551730
10,amu_darya,4100573780,1,0,4100551730
10,amu_darya,4100574440,1,1,4100551730
10,amu_darya,4100574570,1,0,4100551730
10,amu_darya,4100574580,1,0,4100551730
10,amu_darya,4100574590,1,1,4100551730
10,amu_darya,4100574600,1,1,4100551730
10,amu_darya,4100574760,1,0,4100551730
10,amu_darya,4100574770,1,1,4100551730
10,amu_darya,4100574780,1,1,4100551730
10,amu_darya,4100574910,1,0,4100551730
10,amu_darya,4100574920,1,1,4100551730
10,amu_darya,4100575040,1,0,4100551730
10,amu_darya,4100575050,1,0,4100551730
10,amu_darya,4100575060,1,0,4100551730
10,amu_darya,4100575470,1,0,4100551730
10,amu_darya,4100575480,1,0,4100551730
10,amu_darya,4100575560,1,0,4100551730
10,amu_darya,4100575680,1,0,4100551730
10,amu_darya,4100575690,1,1,4100551730
10,amu_darya,4100575860,1,0,4100551730
10,amu_darya,4100575870,1,0,4100551730
10,amu_darya,4100575880,1,1,4100551730
10,amu_darya,4100576020,1,0,4100551730
10,amu_darya,4100576030,1,0,4100551730
10,amu_darya,4100576120,1,0,4100551730
10,amu_darya,4100576130,1,1,4100551730
10,amu_darya,4100576140,1,1,4100551730
10,amu_darya,4100576240,1,1,4100551730
10,amu_darya,4100576250,1,1,4100551730
10,amu_darya,4100576260,1,1,4100551730
10,amu_darya,4100576390,1,0,4100551730
10,amu_darya,4100576400,1,0,4100551730
10,amu_darya,4100576410,1,1,4100551730
10,amu_darya,4100576670,1,0,4100551730
10,amu_darya,4100576830,1,0,4100551730
10,amu_darya,4100576840,1,1,4100551730
10,amu_darya,4100576960,1,0,4100551730
10,amu_darya,4100576970,1,1,4100551730
10,amu_darya,4100576980,1,1,4100551730
10,amu_darya,4100577090,1,0,4100551730
10,amu_darya,4100577160,1,0,4100551730
10,amu_darya,4100577170,1,0,4100551730
10,amu_darya,4100577190,1,1,4100551730
10,amu_darya,4100577370,1,0,4100551730
10,amu_darya,4100577380,1,0,4100551730
10,amu_darya,4100577840,1,1,4100551730
10,amu_darya,4100577950,1,0,4100551730
10,amu_darya,4100577960,1,1,4100551730
10,amu_darya,4100578100,1,0,4100551730
10,amu_darya,4100578180,1,0,4100551730
10,amu_darya,4100578190,1,1,4100551730
10,amu_darya,4100578320,1,0,4100551730
10,amu_darya,4100578330,1,1,4100551730
10,amu_darya,4100578570,1,1,4100551730
10,amu_darya,4100578750,1,1,4100551730
10,amu_darya,4100578760,1,1,4100551730
10,amu_darya,4100578880,1,0,4100551730
10,amu_darya,4100578890,1,0,4100551730
10,amu_darya,4100579000,1,0,4100551730
10,amu_darya,4100579010,1,0,4100551730
10,amu_darya,4100579020,1,1,4100551730
10,amu_darya,4100579030,1,1,4100551730
10,amu_darya,4100579230,1,0,4100551730
10,amu_darya,4100579240,1,0,4100551730
10,amu_darya,4100579250,1,1,4100551730
10,amu_darya,4100579400,1,0,4100551730
10,amu_darya,4100579410,1,1,4100551730
10,amu_darya,4100579520,1,0,4100551730
10,amu_darya,4100579530,1,1,4100551730
10,amu_darya,4100579740,1,0,4100551730
10,amu_darya,4100579910,1,0,4100551730
10,amu_darya,4100579920,1,0,4100551730
10,amu_darya,4100580090,1,0,4100551730
10,amu_darya,4100580310,1,0,4100551730
10,amu_darya,4100580410,1,0,4100551730
10,amu_darya,4100580420,1,0,4100551730
10,amu_darya,4100580430,1,0,4100551730
10,amu_darya,4100580580,1,1,4100551730
10,amu_darya,4100580590,1,1,4100551730
10,amu_darya,4100580600,1,1,4100551730
10,amu_darya,4100580610,1,1,4100551730
10,amu_darya,4100580770,1,0,4100551730
10,amu_darya,4100580780,1,1,4100551730
10,amu_darya,4100580970,1,0,4100551730
10,amu_darya,4100580980,1,0,4100551730
10,amu_darya,4100580990,1,1,4100551730
10,amu_darya,4100581000,1,1,4100551730
10,amu_darya,4100581150,1,0,4100551730
10,amu_darya,4100581160,1,1,4100551730
10,amu_darya,4100581290,1,0,4100551730
10,amu_darya,4100581520,1,0,4100551730
10,amu_darya,4100581530,1,0,4100551730
10,amu_darya,4100581540,1,1,4100551730
10,amu_darya,4100581660,1,0,4100551730
10,amu_darya,4100581760,1,0,4100551730
10,amu_darya,4100581770,1,0,4100551730
10,amu_darya,4100581780,1,1,4100551730
10,amu_darya,4100581790,1,1,4100551730
10,amu_darya,4100581800,1,1,4100551730
10,amu_darya,4100581880,1,1,4100551730
10,amu_darya,4100581890,1,1,4100551730
10,amu_darya,4100581900,1,1,4100551730
10,amu_darya,4100581910,1,1,4100551730
10,amu_darya,4100582030,1,1,4100551730
10,amu_darya,4100582040,1,1,4100551730
10,amu_darya,4100582110,1,1,4100551730
10,amu_darya,4100582220,1,1,4100551730
10,amu_darya,4100582230,1,1,4100551730
10,amu_darya,4100582370,1,0,4100551730
10,amu_darya,4100582470,1,0,4100551730
10,amu_darya,4100582480,1,0,4100551730
10,amu_darya,4100582490,1,1,4100551730
10,amu_darya,4100582500,1,1,4100551730
10,amu_darya,4100582650,1,0,4100551730
10,amu_darya,4100582660,1,1,4100551730
10,amu_darya,4100582670,1,1,4100551730
10,amu_darya,4100582860,1,0,4100551730
10,amu_darya,4100582870,1,0,4100551730
10,amu_darya,4100582880,1,1,4100551730
10,amu_darya,4100583030,1,0,4100551730
10,amu_darya,4100583040,1,1,4100551730
10,amu_darya,4100583050,1,1,4100551730
10,amu_darya,4100583190,1,0,4100551730
10,amu_darya,4100583200,1,0,4100551730
10,amu_darya,4100583210,1,1,4100551730
10,amu_darya,4100583220,1,1,4100551730
10,amu_darya,4100583370,1,0,4100551730
10,amu_darya,4100583590,1,0,4100551730
10,amu_darya,4100583600,1,1,4100551730
10,amu_darya,4100583610,1,1,4100551730
10,amu_darya,4100583790,1,0,4100551730
10,amu_darya,4100583950,1,0,4100551730
10,amu_darya,4100584060,1,0,4100551730
10,amu_darya,4100584070,1,0,4100551730
10,amu_darya,4100584240,1,0,4100551730
10,amu_darya,4100584250,1,0,4100551730
10,amu_darya,4100584260,1,1,4100551730
10,amu_darya,4100584270,1,1,4100551730
10,amu_darya,4100584340,1,0,4100551730
10,amu_darya,4100584470,1,1,4100551730
10,amu_darya,4100584480,1,1,4100551730
10,amu_darya,4100584700,1,0,4100551730
10,amu_darya,4100584710,1,0,4100551730
10,amu_darya,4100585210,1,0,4100551730
10,amu_darya,4100585220,1,0,4100551730
10,amu_darya,4100585410,1,0,4100551730
10,amu_darya,4100585420,1,0,4100551730
10,amu_darya,4100585430,1,0,4100551730
10,amu_darya,4100585560,1,0,4100551730
10,amu_darya,4100585570,1,0,4100551730
10,amu_darya,4100585580,1,0,4100551730
10,amu_darya,4100586010,1,0,4100551730
10,amu_darya,4100586300,1,0,4100551730
10,amu_darya,4100586510,1,0,4100551730
10,amu_darya,4100586520,1,0,4100551730
10,amu_darya,4100586530,1,0,4100551730
10,amu_darya,4100586540,1,1,4100551730
10,amu_darya,4100586550,1,1,4100551730
10,amu_darya,4100586720,1,0,4100551730
10,amu_darya,4100586730,1,1,4100551730
10,amu_darya,4100586740,1,1,4100551730
10,amu_darya,4100586940,1,0,4100551730
10,amu_darya,4100586950,1,0,4100551730
10,amu_darya,4100587210,1,0,4100551730
10,amu_darya,4100587350,1,0,4100551730
10,amu_darya,4100587790,1,0,4100551730
10,amu_darya,4100587930,1,0,4100551730
10,amu_darya,4100588280,1,0,4100551730
10,amu_darya,4100588370,1,1,4100551730
10,amu_darya,4100588430,1,0,4100551730
10,amu_darya,4100588440,1,1,4100551730
10,amu_darya,4100588450,1,1,4100551730
10,amu_darya,4100588710,1,1,4100551730
10,amu_darya,4100588980,1,0,4100551730
10,amu_darya,4100588990,1,0,4100551730
10,amu_darya,4100589160,1,0,4100551730
10,amu_darya,4100589170,1,0,4100551730
10,amu_darya,4100589280,1,0,4100551730
10,amu_darya,4100589290,1,0,4100551730
10,amu_darya,4100589760,1,0,4100551730
10,amu_darya,4100589770,1,0,4100551730
10,amu_darya,4100589840,1,0,4100551730
10,amu_darya,4100589950,1,0,4100551730
10,amu_darya,4100589960,1,1,4100551730
10,amu_darya,4100589970,1,1,4100551730
10,amu_darya,4100590600,1,0,4100551730
10,amu_darya,4100590770,1,0,4100551730
10,amu_darya,4100590780,1,0,4100551730
10,amu_darya,4100590790,1,0,4100551730
10,amu_darya,4100590800,1,1,4100551730
10,amu_darya,4100590810,1,1,4100551730
10,amu_darya,4100590930,1,0,4100551730
10,amu_darya,4100591010,1,1,4100551730
10,amu_darya,4100591140,1,0,4100551730
10,amu_darya,4100591150,1,0,4100551730
10,amu_darya,4100591160,1,0,4100551730
10,amu_darya,4100591170,1,0,4100551730
10,amu_darya,4100591180,1,0,4100551730
10,amu_darya,4100591290,1,1,4100551730
10,amu_darya,4100591480,1,0,4100551730
10,amu_darya,4100591550,1,0,4100551730
10,amu_darya,4100591660,1,0,4100551730
10,amu_darya,4100591670,1,0,4100551730
10,amu_darya,4100591780,1,0,4100551730
10,amu_darya,4100591790,1,1,4100551730
10,amu_darya,4100591920,1,0,4100551730
10,amu_darya,4100591930,1,1,4100551730
10,amu_darya,4100592110,1,0,4100551730
10,amu_darya,4100592290,1,0,4100551730
10,amu_darya,4100592470,1,1,4100551730
10,amu_darya,4100592600,1,1,4100551730
10,amu_darya,4100593070,1,0,4100551730
10,amu_darya,4100593080,1,0,4100551730
10,amu_darya,4100593200,1,0,4100551730
10,amu_darya,4100593280,1,0,4100551730
10,amu_darya,4100593290,1,0,4100551730
10,amu_darya,4100593330,1,0,4100551730
10,amu_darya,4100593520,1,0,4100551730
10,amu_darya,4100593530,1,1,4100551730
10,amu_darya,4100593620,1,0,4100551730
10,amu_darya,4100593630,1,1,4100551730
10,amu_darya,4100593910,1,0,4100551730
10,amu_darya,4100593920,1,0,4100551730
10,amu_darya,4100593930,1,1,4100551730
10,amu_darya,4100593990,1,1,4100551730
10,amu_darya,4100594000,1,1,4100551730
10,amu_darya,4100594170,1,1,4100551730
10,amu_darya,4100594180,1,1,4100551730
10,amu_darya,4100594190,1,1,4100551730
10,amu_darya,4100594480,1,1,4100551730
10,amu_darya,4100594490,1,1,4100551730
10,amu_darya,4100594670,1,1,4100551730
10,amu_darya,4100594680,1,1,4100551730
10,amu_darya,4100594690,1,1,4100551730
10,amu_darya,4100594750,1,1,4100551730
10,amu_darya,4100594760,1,1,4100551730
10,amu_darya,4100594770,1,1,4100551730
10,amu_darya,4100594780,1,1,4100551730
10,amu_darya,4100594790,1,1,4100551730
10,amu_darya,4100594800,1,1,4100551730
10,amu_darya,4100594810,1,1,4100551730
10,amu_darya,4100594980,1,0,4100551730
10,amu_darya,4100594990,1,1,4100551730
10,amu_darya,4100595000,1,1,4100551730
10,amu_darya,4100595010,1,1,4100551730
10,amu_darya,4100595020,1,1,4100551730
10,amu_darya,4100595210,1,0,4100551730
10,amu_darya,4100595360,1,0,4100551730
10,amu_darya,4100595490,1,0,4100551730
10,amu_darya,4100595720,1,0,4100551730
10,amu_darya,4100595730,1,0,4100551730
10,amu_darya,4100596430,1,0,4100551730
10,amu_darya,4100596520,1,0,4100551730
10,amu_darya,4100596530,1,0,4100551730
10,amu_darya,4100596700,1,0,4100551730
10,amu_darya,4100597060,1,0,4100551730
10,amu_darya,4100597070,1,0,4100551730
10,amu_darya,4100597530,1,0,4100551730
10,amu_darya,4100597860,1,0,4100551730
10,amu_darya,4100598410,1,0,4100551730
10,amu_darya,4100598590,1,0,4100551730
10,amu_darya,4100598600,1,0,4100551730
10,amu_darya,4100598800,1,0,4100551730
10,amu_darya,4100599340,1,1,4100551730
10,amu_darya,4100599560,1,1,4100551730
10,amu_darya,4100599820,1,0,4100551730
10,amu_darya,4100599830,1,0,4100551730
10,amu_darya,4100599840,1,0,4100551730
10,amu_darya,4100599970,1,0,4100551730
10,amu_darya,4100601040,1,1,4100551730
10,amu_darya,4100601050,1,1,4100551730
10,amu_darya,4100601350,1,1,4100551730
10,amu_darya,4100601460,1,1,4100551730
10,amu_darya,4100601560,1,1,4100551730
10,amu_darya,4100601600,1,1,4100551730
10,amu_darya,4100601610,1,1,4100551730
10,amu_darya,4100601780,1,1,4100551730
10,amu_darya,4100601880,1,1,4100551730
10,amu_darya,4100601940,1,1,4100551730
10,amu_darya,4100601950,1,1,4100551730
10,amu_darya,4100602030,1,0,4100551730
10,amu_darya,4100602040,1,0,4100551730
10,amu_darya,4100602050,1,1,4100551730
10,amu_darya,4100602770,1,1,4100551730
10,amu_darya,4100602880,1,1,4100551730
10,amu_darya,4100602890,1,1,4100551730
10,amu_darya,4100602900,1,1,4100551730
10,amu_darya,4100603040,1,1,4100551730
10,amu_darya,4100603050,1,1,4100551730
10,amu_darya,4100603920,1,1,4100551730
10,amu_darya,4100603930,1,1,4100551730
10,amu_darya,4100604360,1,0,4100551730
10,amu_darya,4100604370,1,0,4100551730
10,amu_darya,4100604790,1,1,4100551730
10,amu_darya,4100604930,1,1,4100551730
10,amu_darya,4100605230,1,1,4100551730
10,amu_darya,4100605240,1,1,4100551730
10,amu_darya,4100605420,1,1,4100551730
10,amu_darya,4100605600,1,1,4100551730
10,amu_darya,4100605790,1,1,4100551730
10,amu_darya,4100605800,1,1,4100551730
10,amu_darya,4100606040,1,1,4100551730
10,amu_darya,4100606170,1,1,4100551730
10,amu_darya,4100606180,1,1,4100551730
10,amu_darya,4100606190,1,1,4100551730
10,amu_darya,4100606200,1,1,4100551730
10,amu_darya,4100606400,1,1,4100551730
10,amu_darya,4100607230,1,1,4100551730
10,amu_darya,4100607390,1,1,4100551730
10,amu_darya,4100607400,1,1,4100551730
10,amu_darya,4100607540,1,1,4100551730
10,amu_darya,4100608030,1,0,4100551730
10,amu_darya,4100608040,1,1,4100551730
10,amu_darya,4100608270,1,0,4100551730
10,amu_darya,4100608280,1,1,4100551730
10,amu_darya,4100608440,1,1,4100551730
10,amu_darya,4100608580,1,0,4100551730
10,amu_darya,4100608590,1,0,4100551730
10,amu_darya,4100608600,1,1,4100551730
10,amu_darya,4100608610,1,1,4100551730
10,amu_darya,4100608780,1,1,4100551730
10,amu_darya,4100609100,1,1,4100551730
10,amu_darya,4100609250,1,1,4100551730
10,amu_darya,4100609260,1,1,4100551730
10,amu_darya,4100609370,1,1,4100551730
10,amu_darya,4100609380,1,1,4100551730
10,amu_darya,4100609390,1,1,4100551730
10,amu_darya,4100610270,1,1,4100551730
10,amu_darya,4100610280,1,1,4100551730
10,amu_darya,4100612070,1,0,4100551730
10,amu_darya,4100612200,1,0,4100551730
10,amu_darya,4100612810,1,0,4100551730
10,amu_darya,4100613000,1,0,4100551730
10,amu_darya,4100613140,1,1,4100551730
10,amu_darya,4100613350,1,1,4100551730
10,amu_darya,4100615010,1,1,4100551730
10,amu_darya,4100615200,1,1,4100551730
10,amu_darya,4100615890,1,0,4100551730
10,amu_darya,4100616180,1,0,4100551730
10,amu_darya,4100616730,1,0,4100551730
10,amu_darya,4100616920,1,0,4100551730
10,amu_darya,4100618210,1,1,4100551730
10,amu_darya,4100618220,1,1,4100551730
10,amu_darya,4100618780,1,1,4100551730
10,amu_darya,4100618900,1,1,4100551730
10,amu_darya,4100619000,1,1,4100551730
10,amu_darya,4100619160,1,1,4100551730
10,amu_darya,4100619320,1,0,4100551730
10,amu_darya,4100619440,1,0,4100551730
10,amu_darya,4100619450,1,0,4100551730
10,amu_darya,4100619460,1,1,4100551730
10,amu_darya,4100619530,1,0,4100551730
10,amu_darya,4100619540,1,1,4100551730
10,amu_darya,4100620170,1,1,4100551730
10,amu_darya,4100620180,1,1,4100551730
10,amu_darya,4100620340,1,1,4100551730
10,amu_darya,4100620480,1,0,4100551730
10,amu_darya,4100620490,1,1,4100551730
10,amu_darya,4100620640,1,0,4100551730
10,amu_darya,4100620760,1,1,4100551730
10,amu_darya,4100620950,1,0,4100551730
10,amu_darya,4100620960,1,1,4100551730
10,amu_darya,4100621220,1,0,4100551730
10,amu_darya,4100622630,1,0,4100551730
10,amu_darya,4100622840,1,0,4100551730
10,amu_darya,4100623140,1,0,4100551730
10,amu_darya,4100623240,1,0,4100551730
10,amu_darya,4100623250,1,0,4100551730
10,amu_darya,4100623380,1,0,4100551730
10,amu_darya,4100623460,1,0,4100551730
10,amu_darya,4100623470,1,0,4100551730
10,amu_darya,4100623480,1,0,4100551730
10,amu_darya,4100623490,1,0,4100551730
10,amu_darya,4100623590,1,0,4100551730
10,amu_darya,4100623600,1,0,4100551730
10,amu_darya,4101224610,1,0,4100551730
10,amu_darya,4101225720,1,0,4100551730
10,amu_darya,4101225730,1,0,4100551730
10,amu_darya,4101226020,1,0,4100551730
10,amu_darya,4101226190,1,0,4100551730
10,amu_darya,4101226520,1,0,4100551730
10,amu_darya,4101226580,1,0,4100551730
10,amu_darya,4101226690,1,0,4100551730
10,amu_darya,4101226750,1,0,4100551730
10,amu_darya,4101227430,1,0,4100551730
10,amu_darya,4101227830,1,0,4100551730
10,amu_darya,4101228490,1,0,4100551730
10,amu_darya,4101228770,1,0,4100551730
10,amu_darya,4101229400,1,0,4100551730
10,amu_darya,4101229410,1,0,4100551730
10,amu_darya,4101229460,1,0,4100551730
10,amu_darya,4101229550,1,0,4100551730
10,amu_darya,4101229600,1,0,4100551730
10,amu_darya,4101229610,1,0,4100551730
10,amu_darya,4101230090,1,0,4100551730
10,amu_darya,4101230220,1,0,4100551730
10,amu_darya,4101230530,1,0,4100551730
10,amu_darya,4101231330,1,0,4100551730
10,amu_darya,4101231590,1,0,4100551730
10,amu_darya,4101232210,1,0,4100551730
10,amu_darya,4101232320,1,0,4100551730
10,amu_darya,4101232380,1,0,4100551730
10,amu_darya,4101232530,1,0,4100551730
10,amu_darya,4101232800,1,0,4100551730
10,amu_darya,4101232810,1,0,4100551730
10,amu_darya,4101233030,1,0,4100551730
10,amu_darya,4101233400,1,0,4100551730
10,amu_darya,4101233410,1,0,4100551730
10,amu_darya,4101233620,1,0,4100551730
10,amu_darya,4101233730,1,0,4100551730
10,amu_darya,4101234060,1,0,4100551730
10,amu_darya,4101234140,1,0,4100551730
10,amu_darya,4101234240,1,0,4100551730
10,amu_darya,4101234390,1,0,4100551730
10,amu_darya,4101234630,1,0,4100551730
10,amu_darya,4101235300,1,0,4100551730
10,amu_darya,4101235360,1,0,4100551730
10,amu_darya,4101235530,1,0,4100551730
10,amu_darya,4101235590,1,0,4100551730
10,amu_darya,4101235730,1,0,4100551730
10,amu_darya,4101235840,1,0,4100551730
10,amu_darya,4101235850,1,0,4100551730
10,amu_darya,4101236170,1,0,4100551730
10,amu_darya,4101236450,1,0,4100551730
10,amu_darya,4101236560,1,0,4100551730
10,amu_darya,4101236630,1,0,4100551730
10,amu_darya,4101236640,1,0,4100551730
10,amu_darya,4101236710,1,0,4100551730
10,amu_darya,4101236910,1,0,4100551730
10,amu_darya,4101236950,1,0,4100551730
10,amu_darya,4101237060,1,0,4100551730
10,amu_darya,4101237160,1,0,4100551730
10,amu_darya,4101237450,1,0,4100551730
10,amu_darya,4101237610,1,0,4100551730
10,amu_darya,4101237740,1,0,4100551730
10,amu_darya,4101237860,1,0,4100551730
10,amu_darya,4101237900,1,0,4100551730
10,amu_darya,4101237980,1,0,4100551730
10,amu_darya,4101237990,1,0,4100551730
10,amu_darya,4101238060,1,0,4100551730
10,amu_darya,4101238070,1,0,4100551730
10,amu_darya,4101238170,1,0,4100551730
10,amu_darya,4101238280,1,0,4100551730
10,amu_darya,4101238350,1,0,4100551730
10,amu_darya,4101238360,1,0,4100551730
10,amu_darya,4101238550,1,0,4100551730
10,amu_darya,4101238560,1,0,4100551730
10,amu_darya,4101238740,1,0,4100551730
10,amu_darya,4101238750,1,0,4100551730
10,amu_darya,4101238940,1,0,4100551730
10,amu_darya,4101239080,1,0,4100551730
10,amu_darya,4101239090,1,0,4100551730
10,amu_darya,4101239200,1,0,4100551730
10,amu_darya,4101239320,1,0,4100551730
10,amu_darya,4101239330,1,0,4100551730
10,amu_darya,4101239420,1,0,4100551730
10,amu_darya,4101239530,1,0,4100551730
10,amu_darya,4101239590,1,0,4100551730
10,amu_darya,4101239640,1,0,4100551730
10,amu_darya,4101239710,1,0,4100551730
10,amu_darya,4101239720,1,0,4100551730
10,amu_darya,4101239760,1,0,4100551730
10,amu_darya,4101239800,1,0,4100551730
10,amu_darya,4101239910,1,0,4100551730
10,amu_darya,4101239920,1,0,4100551730
10,amu_darya,4101239930,1,0,4100551730
10,amu_darya,4101240190,1,0,4100551730
10,amu_darya,4101240200,1,0,4100551730
10,amu_darya,4101240900,1,0,4100551730
10,amu_darya,4101240960,1,0,4100551730
10,amu_darya,4101240970,1,0,4100551730
10,amu_darya,4101240980,1,0,4100551730
10,amu_darya,4101241290,1,0,4100551730
10,amu_darya,4101241410,1,0,4100551730
10,amu_darya,4101241500,1,0,4100551730
10,amu_darya,4101241730,1,0,4100551730
10,amu_darya,4101241780,1,0,4100551730
10,amu_darya,4101241790,1,0,4100551730
10,amu_darya,4101241960,1,0,4100551730
10,amu_darya,4101242200,1,0,4100551730
10,amu_darya,4101242420,1,0,4100551730
10,amu_darya,4101242640,1,0,4100551730
10,amu_darya,4101242680,1,0,4100551730
10,amu_darya,4101242920,1,0,4100551730
10,amu_darya,4101242930,1,0,4100551730
10,amu_darya,4101243000,1,0,4100551730
10,amu_darya,4101243070,1,0,4100551730
10,amu_darya,4101243280,1,0,4100551730
10,amu_darya,4101243490,1,0,4100551730
10,amu_darya,4101243540,1,0,4100551730
10,amu_darya,4101243620,1,0,4100551730
10,amu_darya,4101244040,1,0,4100551730
10,amu_darya,4101244050,1,0,4100551730
10,amu_darya,4101244220,1,0,4100551730
10,amu_darya,4101244290,1,0,4100551730
10,amu_darya,4101244410,1,0,4100551730
10,amu_darya,4101244490,1,0,4100551730
10,amu_darya,4101244550,1,0,4100551730
10,amu_darya,4101244810,1,0,4100551730
10,amu_darya,4101244820,1,0,4100551730
10,amu_darya,4101244890,1,0,4100551730
10,amu_darya,4101244990,1,0,4100551730
10,amu_darya,4101245070,1,0,4100551730
10,amu_darya,4101245400,1,0,4100551730
10,amu_darya,4101245590,1,0,4100551730
10,amu_darya,4101245600,1,0,4100551730
10,amu_darya,4101245750,1,0,4100551730
10,amu_darya,4101245860,1,0,4100551730
10,amu_darya,4101245870,1,0,4100551730
10,amu_darya,4101246060,1,0,4100551730
10,amu_darya,4101246070,1,0,4100551730
10,amu_darya,4101246080,1,0,4100551730
10,amu_darya,4101246120,1,0,4100551730
10,amu_darya,4101246340,1,0,4100551730
10,amu_darya,4101246410,1,0,4100551730
10,amu_darya,4101246420,1,0,4100551730
10,amu_darya,4101246690,1,0,4100551730
10,amu_darya,4101246850,1,0,4100551730
10,amu_darya,4101246900,1,0,4100551730
10,amu_darya,4101246910,1,0,4100551730
10,amu_darya,4101246970,1,0,4100551730
10,amu_darya,4101247040,1,0,4100551730
10,amu_darya,4101247050,1,0,4100551730
10,amu_darya,4101247260,1,0,4100551730
10,amu_darya,4101247460,1,0,4100551730
10,amu_darya,4101247720,1,0,4100551730
10,amu_darya,4101247820,1,0,4100551730
10,amu_darya,4101247900,1,0,4100551730
10,amu_darya,4101247910,1,0,4100551730
10,amu_darya,4101248100,1,0,4100551730
10,amu_darya,4101248190,1,0,4100551730
10,amu_darya,4101248200,1,0,4100551730
10,amu_darya,4101248280,1,0,4100551730
10,amu_darya,4101248290,1,0,4100551730
10,amu_darya,4101248370,1,0,4100551730
10,amu_darya,4101248560,1,0,4100551730
10,amu_darya,4101248730,1,0,4100551730
10,amu_darya,4101248740,1,0,4100551730
10,amu_darya,4101248790,1,0,4100551730
10,amu_darya,4101248870,1,0,4100551730
10,amu_darya,4101248880,1,0,4100551730
10,amu_darya,4101248940,1,0,4100551730
10,amu_darya,4101249000,1,0,4100551730
10,amu_darya,4101249010,1,0,4100551730
10,amu_darya,4101249070,1,0,4100551730
10,amu_darya,4101249220,1,0,4100551730
10,amu_darya,4101249410,1,0,4100551730
10,amu_darya,4101249520,1,0,4100551730
10,amu_darya,4101249610,1,0,4100551730
10,amu_darya,4101249710,1,0,4100551730
10,amu_darya,4101249810,1,0,4100551730
10,amu_darya,4101249870,1,0,4100551730
10,amu_darya,4101249970,1,0,4100551730
10,amu_darya,4101249980,1,0,4100551730
10,amu_darya,4101250200,1,0,4100551730
10,amu_darya,4101250250,1,0,4100551730
10,amu_darya,4101250450,1,0,4100551730
10,amu_darya,4101250510,1,0,4100551730
10,amu_darya,4101250600,1,0,4100551730
10,amu_darya,4101250610,1,0,4100551730
10,amu_darya,4101250670,1,0,4100551730
10,amu_darya,4101250810,1,0,4100551730
10,amu_darya,4101250850,1,0,4100551730
10,amu_darya,4101250920,1,0,4100551730
10,amu_darya,4101251080,1,0,4100551730
10,amu_darya,4101251320,1,0,4100551730
10,amu_darya,4101251420,1,0,4100551730
10,amu_darya,4101251490,1,0,4100551730
10,amu_darya,4101251560,1,0,4100551730
10,amu_darya,4101251630,1,0,4100551730
10,amu_darya,4101251860,1,0,4100551730
10,amu_darya,4101251870,1,0,4100551730
10,amu_darya,4101251980,1,0,4100551730
10,amu_darya,4101252040,1,0,4100551730
10,amu_darya,4101252140,1,0,4100551730
10,amu_darya,4101252370,1,0,4100551730
10,amu_darya,4101252430,1,0,4100551730
10,amu_darya,4101252440,1,0,4100551730
10,amu_darya,4101252450,1,0,4100551730
10,amu_darya,4101252820,1,0,4100551730
10,amu_darya,4101252870,1,0,4100551730
10,amu_darya,4101253240,1,0,4100551730
10,amu_darya,4101253330,1,0,4100551730
10,amu_darya,4101253340,1,0,4100551730
10,amu_darya,4101253360,1,0,4100551730
10,amu_darya,4101253370,1,0,4100551730
10,amu_darya,4101253480,1,0,4100551730
10,amu_darya,4101253530,1,0,4100551730
10,amu_darya,4101253580,1,0,4100551730
10,amu_darya,4101253910,1,0,4100551730
10,amu_darya,4101254100,1,0,4100551730
10,amu_darya,4101254190,1,0,4100551730
10,amu_darya,4101254410,1,0,4100551730
10,amu_darya,4101254480,1,0,4100551730
10,amu_darya,4101254670,1,0,4100551730
10,amu_darya,4101254680,1,0,4100551730
10,amu_darya,4101254780,1,0,4100551730
10,amu_darya,4101254850,1,0,4100551730
10,amu_darya,4101255040,1,0,4100551730
10,amu_darya,4101255090,1,0,4100551730
10,amu_darya,4101255200,1,0,4100551730
10,amu_darya,4101255480,1,0,4100551730
10,amu_darya,4101255550,1,0,4100551730
10,amu_darya,4101255650,1,0,4100551730
10,amu_darya,4101256180,1,0,4100551730
10,amu_darya,4101256520,1,0,4100551730
10,amu_darya,4101256850,1,0,4100551730
10,amu_darya,4101256900,1,0,4100551730
10,amu_darya,4101257650,1,0,4100551730
10,amu_darya,4101257680,1,0,4100551730
10,amu_darya,4101257870,1,0,4100551730
10,amu_darya,4101258070,1,0,4100551730
10,amu_darya,4101258300,1,0,4100551730
10,amu_darya,4101258340,1,0,4100551730
10,amu_darya,4101258350,1,0,4100551730
10,amu_darya,4101258490,1,0,4100551730
10,amu_darya,4101258520,1,0,4100551730
10,amu_darya,4101258700,1,0,4100551730
10,amu_darya,4101258840,1,0,4100551730
10,amu_darya,4101258850,1,0,4100551730
10,amu_darya,4101258910,1,0,4100551730
10,amu_darya,4101258920,1,0,4100551730
10,amu_darya,4101259060,1,0,4100551730
10,amu_darya,4101259450,1,0,4100551730
10,amu_darya,4101259580,1,0,4100551730
10,amu_darya,4101259960,1,0,4100551730
10,amu_darya,4101260280,1,0,4100551730
10,amu_darya,4101260600,1,0,4100551730
10,amu_darya,4101260610,1,0,4100551730
10,amu_darya,4101260920,1,0,4100551730
10,amu_darya,4101261000,1,0,4100551730
10,amu_darya,4101261890,1,0,4100551730
10,amu_darya,4101262190,1,0,4100551730
10,amu_darya,4101262810,1,0,4100551730
10,amu_darya,4101262930,1,0,4100551730
10,amu_darya,4101262940,1,0,4100551730
10,amu_darya,4101262950,1,0,4100551730
10,amu_darya,4101263020,1,0,4100551730
10,amu_darya,4101263100,1,0,4100551730
10,amu_darya,4101263390,1,0,4100551730
10,amu_darya,4101263400,1,0,4100551730
10,amu_darya,4101263500,1,0,4100551730
10,amu_darya,4101263610,1,0,4100551730
10,amu_darya,4101263670,1,0,4100551730
10,amu_darya,4101263740,1,0,4100551730
10,amu_darya,4101264110,1,0,4100551730
10,amu_darya,4101264350,1,0,4100551730
10,amu_darya,4101264790,1,0,4100551730
10,amu_darya,4101264930,1,0,4100551730
10,amu_darya,4101265020,1,0,4100551730
10,amu_darya,4101265300,1,0,4100551730
10,amu_darya,4101265510,1,0,4100551730
10,amu_darya,4101265590,1,0,4100551730
10,amu_darya,4101265800,1,0,4100551730
10,amu_darya,4101265860,1,0,4100551730
10,amu_darya,4101266040,1,0,4100551730
10,amu_darya,4101266450,1,0,4100551730
10,amu_darya,4101266590,1,0,4100551730
10,amu_darya,4101266790,1,0,4100551730
10,amu_darya,4101267080,1,0,4100551730
10,amu_darya,4101267390,1,0,4100551730
10,amu_darya,4101267460,1,0,4100551730
10,amu_darya,4101267950,1,0,4100551730
10,amu_darya,4101267960,1,0,4100551730
10,amu_darya,4101268300,1,0,4100551730
10,amu_darya,4101268370,1,0,4100551730
10,amu_darya,4101268750,1,0,4100551730
10,amu_darya,4101268950,1,0,4100551730
10,amu_darya,4101269080,1,0,4100551730
10,amu_darya,4101269170,1,0,4100551730
10,amu_darya,4101269180,1,0,4100551730
10,amu_darya,4101269470,1,0,4100551730
10,amu_darya,4101269500,1,0,4100551730
10,amu_darya,4101269510,1,0,4100551730
10,amu_darya,4101269560,1,0,4100551730
10,amu_darya,4101269600,1,0,4100551730
10,amu_darya,4101269730,1,0,4100551730
10,amu_darya,4101270040,1,0,4100551730
10,amu_darya,4101270170,1,0,4100551730
10,amu_darya,4101270220,1,0,4100551730
10,amu_darya,4101270320,1,0,4100551730
10,amu_darya,4101270330,1,0,4100551730
10,amu_darya,4101270450,1,0,4100551730
10,amu_darya,4101270550,1,0,4100551730
10,amu_darya,4101270690,1,0,4100551730
10,amu_darya,4101270800,1,0,4100551730
10,amu_darya,4101271150,1,0,4100551730
10,amu_darya,4101271160,1,0,4100551730
10,amu_darya,4101271590,1,0,4100551730
10,amu_darya,4101271710,1,0,4100551730
10,amu_darya,4101271840,1,0,4100551730
10,amu_darya,4101271950,1,0,4100551730
10,amu_darya,4101272020,1,0,4100551730
10,amu_darya,4101272370,1,0,4100551730
10,amu_darya,4101272480,1,0,4100551730
10,amu_darya,4101273140,1,0,4100551730
10,amu_darya,4101273150,1,0,4100551730
10,amu_darya,4101273360,1,0,4100551730
10,amu_darya,4101273640,1,0,4100551730
10,amu_darya,4101273760,1,0,4100551730
10,amu_darya,4101273830,1,0,4100551730
10,amu_darya,4101274120,1,0,4100551730
10,amu_darya,4101274220,1,0,4100551730
10,amu_darya,4101274510,1,0,4100551730
10,amu_darya,4101274720,1,0,4100551730
10,amu_darya,4101274750,1,0,4100551730
10,amu_darya,4101274850,1,0,4100551730
10,amu_darya,4101274860,1,0,4100551730
10,amu_darya,4101274980,1,0,4100551730
10,amu_darya,4101274990,1,0,4100551730
10,amu_darya,4101275100,1,0,4100551730
10,amu_darya,4101275710,1,0,4100551730
10,amu_darya,4101276150,1,0,4100551730
10,amu_darya,4101276230,1,0,4100551730
10,amu_darya,4101276280,1,0,4100551730
10,amu_darya,4101276340,1,0,4100551730
10,amu_darya,4101276620,1,0,4100551730
10,amu_darya,4101276950,1,0,4100551730
10,amu_darya,4101277070,1,0,4100551730
10,amu_darya,4101277110,1,0,4100551730
10,amu_darya,4101277310,1,0,4100551730
10,amu_darya,4101277550,1,0,4100551730
10,amu_darya,4101277770,1,0,4100551730
10,amu_darya,4101278170,1,0,4100551730
10,amu_darya,4101278280,1,0,4100551730
10,amu_darya,4101278480,1,0,4100551730
10,amu_darya,4101278540,1,0,4100551730
10,amu_darya,4101279200,1,0,4100551730
10,amu_darya,4101279570,1,0,4100551730
10,amu_darya,4101279620,1,0,4100551730
10,amu_darya,4101279750,1,0,4100551730
10,amu_darya,4101279760,1,0,4100551730
10,amu_darya,4101279840,1,0,4100551730
10,amu_darya,4101279870,1,0,4100551730
10,amu_darya,4101279920,1,0,4100551730
10,amu_darya,4101280050,1,0,4100551730
10,amu_darya,4101280320,1,0,4100551730
10,amu_darya,4101280720,1,0,4100551730
10,amu_darya,4101280800,1,0,4100551730
10,amu_darya,4101280830,1,0,4100551730
10,amu_darya,4101281300,1,0,4100551730
10,amu_darya,4101281480,1,0,4100551730
10,amu_darya,4101282230,1,0,4100551730
10,amu_darya,4101283780,1,0,4100551730
10,amu_darya,4101285630,1,0,4100551730
10,amu_darya,4101285640,1,0,4100551730
10,amu_darya,4101285770,1,0,4100551730
10,amu_darya,4101285780,1,0,4100551730
10,amu_darya,4101286530,1,0,4100551730
10,amu_darya,4101286740,1,0,4100551730
10,amu_darya,4101287220,1,0,4100551730
10,amu_darya,4101287520,1,0,4100551730
10,amu_darya,4101287570,1,0,4100551730
10,amu_darya,4101287610,1,0,4100551730
10,amu_darya,4101287920,1,0,4100551730
10,amu_darya,4101288910,1,0,4100551730
10,amu_darya,4101289620,1,0,4100551730
10,amu_darya,4101290100,1,0,4100551730
10,amu_darya,4101290380,1,0,4100551730
10,amu_darya,4101291060,1,0,4100551730
10,amu_darya,4101291610,1,0,4100551730
10,amu_darya,4101291670,1,0,4100551730
10,amu_darya,4101291760,1,0,4100551730
10,amu_darya,4101292360,1,0,4100551730
10,amu_darya,4101292500,1,0,4100551730
10,amu_darya,4101293050,1,0,4100551730
10,amu_darya,4101293740,1,0,4100551730
10,amu_darya,4101294280,1,0,4100551730
10,amu_darya,4101295640,1,0,4100551730
10,amu_darya,4101295960,1,0,4100551730
10,amu_darya,4101299610,1,0,4100551730
10,amu_darya,4101302470,1,0,4100551730
10,amu_darya,4101303710,1,0,4100551730
10,amu_darya,4101303950,1,0,4100551730
10,amu_darya,4101304780,1,0,4100551730
10,amu_darya,4101305190,1,0,4100551730
10,amu_darya,4101306320,1,0,4100551730
10,amu_darya,4101306760,1,0,4100551730
10,amu_darya,4101307500,1,0,4100551730
10,amu_darya,4101307540,1,0,4100551730
10,amu_darya,4101307760,1,0,4100551730
10,amu_darya,4101308220,1,0,4100551730
10,amu_darya,4101308230,1,0,4100551730
10,amu_darya,4101308310,1,0,4100551730
10,amu_darya,4101308610,1,0,4100551730
10,amu_darya,4101308750,1,0,4100551730
10,amu_darya,4101308910,1,0,4100551730
10,amu_darya,4101309250,1,0,4100551730
10,amu_darya,4101309790,1,0,4100551730
10,amu_darya,4101310310,1,0,4100551730
10,amu_darya,4101310370,1,0,4100551730
10,amu_darya,4101310430,1,0,4100551730
10,amu_darya,4101310560,1,0,4100551730
10,amu_darya,4101310610,1,0,4100551730
10,amu_darya,4101311010,1,0,4100551730
10,amu_darya,4101311160,1,0,4100551730
10,amu_darya,4101311540,1,0,4100551730
10,amu_darya,4101311670,1,0,4100551730
10,amu_darya,4101312370,1,0,4100551730
10,amu_darya,4101312420,1,0,4100551730
10,amu_darya,4101313070,1,0,4100551730
10,amu_darya,4101313110,1,0,4100551730
10,amu_darya,4101313260,1,0,4100551730
10,amu_darya,4101313770,1,0,4100551730
10,amu_darya,4101313900,1,0,4100551730
10,amu_darya,4101313910,1,0,4100551730
10,amu_darya,4101313970,1,0,4100551730
10,amu_darya,4101314150,1,0,4100551730
10,amu_darya,4101314160,1,0,4100551730
10,amu_darya,4101314290,1,0,4100551730
10,amu_darya,4101314300,1,0,4100551730
10,amu_darya,4101314570,1,0,4100551730
10,amu_darya,4101314850,1,0,4100551730
10,amu_darya,4101314860,1,0,4100551730
10,amu_darya,4101314910,1,0,4100551730
10,amu_darya,4101315050,1,0,4100551730
10,amu_darya,4101315060,1,0,4100551730
10,amu_darya,4101315180,1,0,4100551730
10,amu_darya,4101315240,1,0,4100551730
10,amu_darya,4101315640,1,1,4100551730
10,amu_darya,4101315800,1,1,4100551730
10,amu_darya,4101315910,1,1,4100551730
10,amu_darya,4101315960,1,1,4100551730
10,amu_darya,4101316010,1,0,4100551730
10,amu_darya,4101316020,1,1,4100551730
10,amu_darya,4101316080,1,0,4100551730
10,amu_darya,4101316090,1,1,4100551730
10,amu_darya,4101316140,1,0,4100551730
10,amu_darya,4101316230,1,1,4100551730
10,amu_darya,4101316300,1,0,4100551730
10,amu_darya,4101316390,1,0,4100551730
10,amu_darya,4101316770,1,0,4100551730
10,amu_darya,4101316970,1,0,4100551730
10,amu_darya,4101317210,1,0,4100551730
10,amu_darya,4101317700,1,0,4100551730
10,amu_darya,4101317790,1,0,4100551730
10,amu_darya,4101317830,1,1,4100551730
10,amu_darya,4101317880,1,0,4100551730
10,amu_darya,4101317890,1,0,4100551730
10,amu_darya,4101317900,1,0,4100551730
10,amu_darya,4101317910,1,1,4100551730
10,amu_darya,4101318000,1,0,4100551730
10,amu_darya,4101318010,1,0,4100551730
10,amu_darya,4101318070,1,0,4100551730
10,amu_darya,4101318080,1,0,4100551730
10,amu_darya,4101318180,1,0,4100551730
10,amu_darya,4101318240,1,0,4100551730
10,amu_darya,4101318370,1,0,4100551730
10,amu_darya,4101318420,1,0,4100551730
10,amu_darya,4101318430,1,0,4100551730
10,amu_darya,4101318580,1,0,4100551730
10,amu_darya,4101318620,1,0,4100551730
10,amu_darya,4101318630,1,1,4100551730
10,amu_darya,4101318680,1,0,4100551730
10,amu_darya,4101318750,1,0,4100551730
10,amu_darya,4101318760,1,0,4100551730
10,amu_darya,4101318810,1,0,4100551730
10,amu_darya,4101318820,1,0,4100551730
10,amu_darya,4101318920,1,0,4100551730
10,amu_darya,4101318930,1,0,4100551730
10,amu_darya,4101318950,1,0,4100551730
10,amu_darya,4101318960,1,1,4100551730
10,amu_darya,4101319020,1,0,4100551730
10,amu_darya,4101319030,1,0,4100551730
10,amu_darya,4101319090,1,0,4100551730
10,amu_darya,4101319240,1,0,4100551730
10,amu_darya,4101319300,1,0,4100551730
10,amu_darya,4101319310,1,0,4100551730
10,amu_darya,4101319390,1,0,4100551730
10,amu_darya,4101319770,1,1,4100551730
10,amu_darya,4101319860,1,1,4100551730
10,amu_darya,4101320300,1,1,4100551730
10,amu_darya,4101320450,1,1,4100551730
10,amu_darya,4101320590,1,0,4100551730
10,amu_darya,4101320600,1,1,4100551730
10,amu_darya,4101320630,1,0,4100551730
10,amu_darya,4101320800,1,1,4100551730
10,amu_darya,4101321020,1,1,4100551730
10,amu_darya,4101321120,1,0,4100551730
10,amu_darya,4101321180,1,1,4100551730
10,amu_darya,4101321240,1,0,4100551730
10,amu_darya,4101321250,1,0,4100551730
10,amu_darya,4101321360,1,1,4100551730
10,amu_darya,4101321390,1,0,4100551730
10,amu_darya,4101321400,1,0,4100551730
10,amu_darya,4101321580,1,0,4100551730
10,amu_darya,4101321590,1,1,4100551730
10,amu_darya,4101321650,1,0,4100551730
10,amu_darya,4101321660,1,1,4100551730
10,amu_darya,4101321710,1,0,4100551730
10,amu_darya,4101321780,1,0,4100551730
10,amu_darya,4101321790,1,0,4100551730
10,amu_darya,4101321870,1,0,4100551730
10,amu_darya,4101321930,1,0,4100551730
10,amu_darya,4101321960,1,0,4100551730
10,amu_darya,4101321970,1,0,4100551730
10,amu_darya,4101322000,1,0,4100551730
10,amu_darya,4101322020,1,1,4100551730
10,amu_darya,4101322160,1,0,4100551730
10,amu_darya,4101322210,1,0,4100551730
10,amu_darya,4101322310,1,0,4100551730
10,amu_darya,4101322320,1,1,4100551730
10,amu_darya,4101322390,1,0,4100551730
10,amu_darya,4101322410,1,0,4100551730
10,amu_darya,4101322620,1,0,4100551730
10,amu_darya,4101322730,1,0,4100551730
10,amu_darya,4101322740,1,0,4100551730
10,amu_darya,4101322790,1,0,4100551730
10,amu_darya,4101322910,1,0,4100551730
10,amu_darya,4101323160,1,0,4100551730
10,amu_darya,4101323300,1,0,4100551730
10,amu_darya,4101323310,1,1,4100551730
10,amu_darya,4101323380,1,1,4100551730
10,amu_darya,4101323390,1,1,4100551730
10,amu_darya,4101323400,1,0,4100551730
10,amu_darya,4101323430,1,1,4100551730
10,amu_darya,4101323440,1,1,4100551730
10,amu_darya,4101323510,1,0,4100551730
10,amu_darya,4101323520,1,1,4100551730
10,amu_darya,4101323530,1,1,4100551730
10,amu_darya,4101323540,1,1,4100551730
10,amu_darya,4101323720,1,1,4100551730
10,amu_darya,4101323760,1,0,4100551730
10,amu_darya,4101323770,1,1,4100551730
10,amu_darya,4101323840,1,0,4100551730
10,amu_darya,4101323850,1,1,4100551730
10,amu_darya,4101323990,1,0,4100551730
10,amu_darya,4101324000,1,0,4100551730
10,amu_darya,4101324170,1,0,4100551730
10,amu_darya,4101324190,1,1,4100551730
10,amu_darya,4101324300,1,1,4100551730
10,amu_darya,4101324350,1,0,4100551730
10,amu_darya,4101324360,1,1,4100551730
10,amu_darya,4101324460,1,0,4100551730
10,amu_darya,4101324470,1,0,4100551730
10,amu_darya,4101324560,1,0,4100551730
10,amu_darya,4101324630,1,1,4100551730
10,amu_darya,4101324750,1,1,4100551730
10,amu_darya,4101324850,1,1,4100551730
10,amu_darya,4101324900,1,0,4100551730
10,amu_darya,4101324990,1,1,4100551730
10,amu_darya,4101325090,1,0,4100551730
10,amu_darya,4101325190,1,0,4100551730
10,amu_darya,4101325230,1,0,4100551730
10,amu_darya,4101325290,1,0,4100551730
10,amu_darya,4101325350,1,0,4100551730
10,amu_darya,4101325430,1,0,4100551730
10,amu_darya,4101325510,1,0,4100551730
10,amu_darya,4101325520,1,0,4100551730
10,amu_darya,4101325530,1,1,4100551730
10,amu_darya,4101325570,1,1,4100551730
10,amu_darya,4101325630,1,1,4100551730
10,amu_darya,4101325650,1,0,4100551730
10,amu_darya,4101325660,1,1,4100551730
10,amu_darya,4101325700,1,0,4100551730
10,amu_darya,4101325750,1,0,4100551730
10,amu_darya,4101325760,1,0,4100551730
10,amu_darya,4101325850,1,0,4100551730
10,amu_darya,4101325860,1,1,4100551730
10,amu_darya,4101325870,1,1,4100551730
10,amu_darya,4101325880,1,1,4100551730
10,amu_darya,4101325940,1,0,4100551730
10,amu_darya,4101325970,1,0,4100551730
10,amu_darya,4101325980,1,1,4100551730
10,amu_darya,4101326060,1,1,4100551730
10,amu_darya,4101326100,1,0,4100551730
10,amu_darya,4101326180,1,0,4100551730
10,amu_darya,4101326190,1,0,4100551730
10,amu_darya,4101326200,1,1,4100551730
10,amu_darya,4101326250,1,0,4100551730
10,amu_darya,4101326270,1,1,4100551730
10,amu_darya,4101326340,1,0,4100551730
10,amu_darya,4101326420,1,0,4100551730
10,amu_darya,4101326430,1,0,4100551730
10,amu_darya,4101326480,1,0,4100551730
10,amu_darya,4101326550,1,0,4100551730
10,amu_darya,4101326610,1,0,4100551730
10,amu_darya,4101326700,1,0,4100551730
10,amu_darya,4101326710,1,0,4100551730
10,amu_darya,4101326720,1,1,4100551730
10,amu_darya,4101326730,1,1,4100551730
10,amu_darya,4101326760,1,0,4100551730
10,amu_darya,4101326790,1,0,4100551730
10,amu_darya,4101326860,1,0,4100551730
10,amu_darya,4101326880,1,0,4100551730
10,amu_darya,4101326890,1,0,4100551730
10,amu_darya,4101326930,1,0,4100551730
10,amu_darya,4101326940,1,0,4100551730
10,amu_darya,4101327030,1,1,4100551730
10,amu_darya,4101327540,1,0,4100551730
10,amu_darya,4101327640,1,0,4100551730
10,amu_darya,4101327650,1,0,4100551730
10,amu_darya,4101327660,1,1,4100551730
10,amu_darya,4101327770,1,0,4100551730
10,amu_darya,4101327780,1,0,4100551730
10,amu_darya,4101327820,1,0,4100551730
10,amu_darya,4101327830,1,0,4100551730
10,amu_darya,4101327970,1,0,4100551730
10,amu_darya,4101328000,1,1,4100551730
10,amu_darya,4101328090,1,0,4100551730
10,amu_darya,4101328140,1,0,4100551730
10,amu_darya,4101328150,1,0,4100551730
10,amu_darya,4101328350,1,0,4100551730
10,amu_darya,4101328440,1,1,4100551730
10,amu_darya,4101328530,1,0,4100551730
10,amu_darya,4101328540,1,1,4100551730
10,amu_darya,4101328570,1,1,4100551730
10,amu_darya,4101328690,1,0,4100551730
10,amu_darya,4101328700,1,1,4100551730
10,amu_darya,4101328860,1,0,4100551730
10,amu_darya,4101328910,1,0,4100551730
10,amu_darya,4101328970,1,0,4100551730
10,amu_darya,4101328980,1,1,4100551730
10,amu_darya,4101329020,1,0,4100551730
10,amu_darya,4101329030,1,0,4100551730
10,amu_darya,4101329040,1,0,4100551730
10,amu_darya,4101329050,1,1,4100551730
10,amu_darya,4101329120,1,1,4100551730
10,amu_darya,4101329170,1,1,4100551730
10,amu_darya,4101329230,1,0,4100551730
10,amu_darya,4101329280,1,0,4100551730
10,amu_darya,4101329310,1,1,4100551730
10,amu_darya,4101329320,1,1,4100551730
10,amu_darya,4101329390,1,0,4100551730
10,amu_darya,4101329400,1,0,4100551730
10,amu_darya,4101329440,1,0,4100551730
10,amu_darya,4101329490,1,1,4100551730
10,amu_darya,4101329540,1,1,4100551730
10,amu_darya,4101329590,1,1,4100551730
10,amu_darya,4101329660,1,0,4100551730
10,amu_darya,4101329670,1,1,4100551730
10,amu_darya,4101329770,1,1,4100551730
10,amu_darya,4101329880,1,1,4100551730
10,amu_darya,4101329910,1,0,4100551730
10,amu_darya,4101329940,1,0,4100551730
10,amu_darya,4101329950,1,0,4100551730
10,amu_darya,4101329990,1,0,4100551730
10,amu_darya,4101330000,1,1,4100551730
10,amu_darya,4101330140,1,1,4100551730
10,amu_darya,4101330180,1,1,4100551730
10,amu_darya,4101330190,1,1,4100551730
10,amu_darya,4101330200,1,1,4100551730
10,amu_darya,4101330250,1,0,4100551730
10,amu_darya,4101330290,1,0,4100551730
10,amu_darya,4101330330,1,1,4100551730
10,amu_darya,4101330380,1,0,4100551730
10,amu_darya,4101330450,1,0,4100551730
10,amu_darya,4101330620,1,1,4100551730
10,amu_darya,4101330680,1,1,4100551730
10,amu_darya,4101330760,1,0,4100551730
10,amu_darya,4101330790,1,0,4100551730
10,amu_darya,4101330800,1,1,4100551730
10,amu_darya,4101330810,1,1,4100551730
10,amu_darya,4101330820,1,1,4100551730
10,amu_darya,4101330900,1,0,4100551730
10,amu_darya,4101330910,1,0,4100551730
10,amu_darya,4101330980,1,1,4100551730
10,amu_darya,4101331060,1,0,4100551730
10,amu_darya,4101331130,1,0,4100551730
10,amu_darya,4101331140,1,1,4100551730
10,amu_darya,4101331220,1,0,4100551730
10,amu_darya,4101331230,1,1,4100551730
10,amu_darya,4101331300,1,1,4100551730
10,amu_darya,4101331350,1,1,4100551730
10,amu_darya,4101331410,1,1,4100551730
10,amu_darya,4101331420,1,1,4100551730
10,amu_darya,4101331500,1,0,4100551730
10,amu_darya,4101331560,1,0,4100551730
10,amu_darya,4101331570,1,1,4100551730
10,amu_darya,4101331600,1,1,4100551730
10,amu_darya,4101331640,1,1,4100551730
10,amu_darya,4101331690,1,1,4100551730
10,amu_darya,4101331700,1,1,4100551730
10,amu_darya,4101331770,1,0,4100551730
10,amu_darya,4101331860,1,1,4100551730
10,amu_darya,4101331950,1,0,4100551730
10,amu_darya,4101331960,1,0,4100551730
10,amu_darya,4101331970,1,1,4100551730
10,amu_darya,4101332050,1,0,4100551730
10,amu_darya,4101332060,1,1,4100551730
10,amu_darya,4101332070,1,1,4100551730
10,amu_darya,4101332220,1,0,4100551730
10,amu_darya,4101332280,1,0,4100551730
10,amu_darya,4101332290,1,0,4100551730
10,amu_darya,4101332330,1,1,4100551730
10,amu_darya,4101332340,1,1,4100551730
10,amu_darya,4101332500,1,1,4100551730
10,amu_darya,4101332550,1,0,4100551730
10,amu_darya,4101332560,1,1,4100551730
10,amu_darya,4101332730,1,1,4100551730
10,amu_darya,4101332820,1,0,4100551730
10,amu_darya,4101332830,1,0,4100551730
10,amu_darya,4101332840,1,1,4100551730
10,amu_darya,4101332850,1,1,4100551730
10,amu_darya,4101332920,1,0,4100551730
10,amu_darya,4101333000,1,1,4100551730
10,amu_darya,4101333150,1,1,4100551730
10,amu_darya,4101333240,1,0,4100551730
10,amu_darya,4101333250,1,0,4100551730
10,amu_darya,4101333300,1,0,4100551730
10,amu_darya,4101333410,1,0,4100551730
10,amu_darya,4101333420,1,1,4100551730
10,amu_darya,4101333650,1,0,4100551730
10,amu_darya,4101333840,1,0,4100551730
10,amu_darya,4101333850,1,1,4100551730
10,amu_darya,4101333860,1,1,4100551730
10,amu_darya,4101333900,1,0,4100551730
10,amu_darya,4101333910,1,1,4100551730
10,amu_darya,4101333960,1,0,4100551730
10,amu_darya,4101334020,1,0,4100551730
10,amu_darya,4101334040,1,0,4100551730
10,amu_darya,4101334100,1,0,4100551730
10,amu_darya,4101334110,1,1,4100551730
10,amu_darya,4101334120,1,1,4100551730
10,amu_darya,4101334230,1,0,4100551730
10,amu_darya,4101334240,1,1,4100551730
10,amu_darya,4101334270,1,0,4100551730
10,amu_darya,4101334280,1,1,4100551730
10,amu_darya,4101334290,1,1,4100551730
10,amu_darya,4101334410,1,0,4100551730
10,amu_darya,4101334460,1,0,4100551730
10,amu_darya,4101334480,1,1,4100551730
10,amu_darya,4101334500,1,1,4100551730
10,amu_darya,4101334510,1,1,4100551730
10,amu_darya,4101334690,1,1,4100551730
10,amu_darya,4101334760,1,0,4100551730
10,amu_darya,4101334900,1,0,4100551730
10,amu_darya,4101335030,1,1,4100551730
10,amu_darya,4101335070,1,0,4100551730
10,amu_darya,4101335090,1,1,4100551730
10,amu_darya,4101335100,1,1,4100551730
10,amu_darya,4101335110,1,1,4100551730
10,amu_darya,4101335210,1,0,4100551730
10,amu_darya,4101335350,1,1,4100551730
10,amu_darya,4101335470,1,1,4100551730
10,amu_darya,4101335590,1,1,4100551730
10,amu_darya,4101335910,1,0,4100551730
10,amu_darya,4101336000,1,1,4100551730
10,amu_darya,4101336030,1,1,4100551730
10,amu_darya,4101336090,1,0,4100551730
10,amu_darya,4101336260,1,1,4100551730
10,amu_darya,4101336270,1,1,4100551730
10,amu_darya,4101336400,1,0,4100551730
10,amu_darya,4101336410,1,1,4100551730
10,amu_darya,4101336500,1,1,4100551730
10,amu_darya,4101336580,1,0,4100551730
10,amu_darya,4101336710,1,1,4100551730
10,amu_darya,4101336720,1,1,4100551730
10,amu_darya,4101336840,1,1,4100551730
10,amu_darya,4101336980,1,1,4100551730
10,amu_darya,4101337050,1,0,4100551730
10,amu_darya,4101337060,1,0,4100551730
10,amu_darya,4101337070,1,1,4100551730
10,amu_darya,4101337270,1,1,4100551730
10,amu_darya,4101337340,1,0,4100551730
10,amu_darya,4101337350,1,0,4100551730
10,amu_darya,4101337430,1,1,4100551730
10,amu_darya,4101337530,1,0,4100551730
10,amu_darya,4101337570,1,0,4100551730
10,amu_darya,4101337640,1,0,4100551730
10,amu_darya,4101337650,1,0,4100551730
10,amu_darya,4101337690,1,0,4100551730
10,amu_darya,4101337700,1,1,4100551730
10,amu_darya,4101337710,1,1,4100551730
10,amu_darya,4101337840,1,0,4100551730
10,amu_darya,4101337940,1,1,4100551730
10,amu_darya,4101338030,1,0,4100551730
10,amu_darya,4101338040,1,1,4100551730
10,amu_darya,4101338150,1,0,4100551730
10,amu_darya,4101338190,1,0,4100551730
10,amu_darya,4101338390,1,0,4100551730
10,amu_darya,4101338400,1,1,4100551730
10,amu_darya,4101338430,1,0,4100551730
10,amu_darya,4101338440,1,1,4100551730
10,amu_darya,4101338550,1,0,4100551730
10,amu_darya,4101338740,1,0,4100551730
10,amu_darya,4101338830,1,0,4100551730
10,amu_darya,4101338850,1,0,4100551730
10,amu_darya,4101338890,1,0,4100551730
10,amu_darya,4101338900,1,1,4100551730
10,amu_darya,4101339160,1,1,4100551730
10,amu_darya,4101339350,1,0,4100551730
10,amu_darya,4101339460,1,0,4100551730
10,amu_darya,4101339520,1,0,4100551730
10,amu_darya,4101339620,1,1,4100551730
10,amu_darya,4101339720,1,0,4100551730
10,amu_darya,4101339740,1,1,4100551730
10,amu_darya,4101339820,1,1,4100551730
10,amu_darya,4101340030,1,1,4100551730
10,amu_darya,4101340180,1,0,4100551730
10,amu_darya,4101340230,1,1,4100551730
10,amu_darya,4101340290,1,1,4100551730
10,amu_darya,4101340310,1,1,4100551730
10,amu_darya,4101340340,1,0,4100551730
10,amu_darya,4101340350,1,1,4100551730
10,amu_darya,4101340380,1,0,4100551730
10,amu_darya,4101340520,1,0,4100551730
10,amu_darya,4101340530,1,1,4100551730
10,amu_darya,4101340750,1,1,4100551730
10,amu_darya,4101340900,1,0,4100551730
10,amu_darya,4101340910,1,1,4100551730
10,amu_darya,4101340950,1,0,4100551730
10,amu_darya,4101341090,1,0,4100551730
10,amu_darya,4101341110,1,1,4100551730
10,amu_darya,4101341120,1,1,4100551730
10,amu_darya,4101341300,1,0,4100551730
10,amu_darya,4101341510,1,0,4100551730
10,amu_darya,4101341600,1,0,4100551730
10,amu_darya,4101341620,1,0,4100551730
10,amu_darya,4101341660,1,1,4100551730
10,amu_darya,4101341790,1,0,4100551730
10,amu_darya,4101341850,1,1,4100551730
10,amu_darya,4101341860,1,1,4100551730
10,amu_darya,4101341880,1,1,4100551730
10,amu_darya,4101342180,1,1,4100551730
10,amu_darya,4101342240,1,1,4100551730
10,amu_darya,4101342420,1,0,4100551730
10,amu_darya,4101342430,1,0,4100551730
10,amu_darya,4101342600,1,1,4100551730
10,amu_darya,4101342640,1,0,4100551730
10,amu_darya,4101342670,1,0,4100551730
10,amu_darya,4101342870,1,0,4100551730
10,amu_darya,4101342930,1,1,4100551730
10,amu_darya,4101342990,1,1,4100551730
10,amu_darya,4101343110,1,1,4100551730
10,amu_darya,4101343120,1,1,4100551730
10,amu_darya,4101343180,1,0,4100551730
10,amu_darya,4101343210,1,1,4100551730
10,amu_darya,4101343220,1,1,4100551730
10,amu_darya,4101343290,1,0,4100551730
10,amu_darya,4101343330,1,0,4100551730
10,amu_darya,4101343340,1,0,4100551730
10,amu_darya,4101343430,1,1,4100551730
10,amu_darya,4101343470,1,0,4100551730
10,amu_darya,4101343480,1,1,4100551730
10,amu_darya,4101343610,1,1,4100551730
10,amu_darya,4101343690,1,0,4100551730
10,amu_darya,4101343700,1,1,4100551730
10,amu_darya,4101343850,1,1,4100551730
10,amu_darya,4101344000,1,0,4100551730
10,amu_darya,4101344010,1,1,4100551730
10,amu_darya,4101344020,1,1,4100551730
10,amu_darya,4101344270,1,0,4100551730
10,amu_darya,4101344370,1,0,4100551730
10,amu_darya,4101344380,1,1,4100551730
10,amu_darya,4101344390,1,1,4100551730
10,amu_darya,4101344550,1,0,4100551730
10,amu_darya,4101344650,1,1,4100551730
10,amu_darya,4101344870,1,1,4100551730
10,amu_darya,4101344940,1,0,4100551730
10,amu_darya,4101344950,1,0,4100551730
10,amu_darya,4101345080,1,1,4100551730
10,amu_darya,4101345090,1,1,4100551730
10,amu_darya,4101345130,1,0,4100551730
10,amu_darya,4101345140,1,0,4100551730
10,amu_darya,4101345260,1,0,4100551730
10,amu_darya,4101345270,1,0,4100551730
10,amu_darya,4101345320,1,1,4100551730
10,amu_darya,4101345540,1,0,4100551730
10,amu_darya,4101345820,1,1,4100551730
10,amu_darya,4101345870,1,1,4100551730
10,amu_darya,4101345980,1,1,4100551730
10,amu_darya,4101346070,1,1,4100551730
10,amu_darya,4101346130,1,0,4100551730
10,amu_darya,4101346140,1,1,4100551730
10,amu_darya,4101346200,1,1,4100551730
10,amu_darya,4101346240,1,0,4100551730
10,amu_darya,4101346250,1,0,4100551730
10,amu_darya,4101346260,1,1,4100551730
10,amu_darya,4101346580,1,1,4100551730
10,amu_darya,4101346650,1,1,4100551730
10,amu_darya,4101346800,1,0,4100551730
10,amu_darya,4101346930,1,1,4100551730
10,amu_darya,4101346940,1,1,4100551730
10,amu_darya,4101347020,1,1,4100551730
10,amu_darya,4101347130,1,1,4100551730
10,amu_darya,4101347140,1,1,4100551730
10,amu_darya,4101347190,1,1,4100551730
10,amu_darya,4101347290,1,0,4100551730
10,amu_darya,4101347300,1,0,4100551730
10,amu_darya,4101347340,1,1,4100551730
10,amu_darya,4101347410,1,0,4100551730
10,amu_darya,4101347450,1,0,4100551730
10,amu_darya,4101347570,1,0,4100551730
10,amu_darya,4101347660,1,0,4100551730
10,amu_darya,4101347770,1,1,4100551730
10,amu_darya,4101347810,1,1,4100551730
10,amu_darya,4101347850,1,0,4100551730
10,amu_darya,4101347880,1,1,4100551730
10,amu_darya,4101347890,1,1,4100551730
10,amu_darya,4101348010,1,0,4100551730
10,amu_darya,4101348020,1,1,4100551730
10,amu_darya,4101348090,1,1,4100551730
10,amu_darya,4101348200,1,0,4100551730
10,amu_darya,4101348210,1,1,4100551730
10,amu_darya,4101348400,1,1,4100551730
10,amu_darya,4101348460,1,1,4100551730
10,amu_darya,4101348660,1,0,4100551730
10,amu_darya,4101348670,1,0,4100551730
10,amu_darya,4101348900,1,1,4100551730
10,amu_darya,4101349070,1,1,4100551730
10,amu_darya,4101349220,1,1,4100551730
10,amu_darya,4101349290,1,1,4100551730
10,amu_darya,4101349310,1,1,4100551730
10,amu_darya,4101349400,1,0,4100551730
10,amu_darya,4101349410,1,0,4100551730
10,amu_darya,4101349490,1,0,4100551730
10,amu_darya,4101349500,1,1,4100551730
10,amu_darya,4101349650,1,0,4100551730
10,amu_darya,4101349820,1,0,4100551730
10,amu_darya,4101349830,1,0,4100551730
10,amu_darya,4101349840,1,1,4100551730
10,amu_darya,4101349930,1,1,4100551730
10,amu_darya,4101350000,1,0,4100551730
10,amu_darya,4101350060,1,1,4100551730
10,amu_darya,4101350230,1,1,4100551730
10,amu_darya,4101350310,1,1,4100551730
10,amu_darya,4101350320,1,1,4100551730
10,amu_darya,4101350390,1,1,4100551730
10,amu_darya,4101350440,1,1,4100551730
10,amu_darya,4101350450,1,1,4100551730
10,amu_darya,4101350520,1,1,4100551730
10,amu_darya,4101350620,1,0,4100551730
10,amu_darya,4101350630,1,1,4100551730
10,amu_darya,4101350700,1,1,4100551730
10,amu_darya,4101350780,1,1,4100551730
10,amu_darya,4101350850,1,1,4100551730
10,amu_darya,4101350920,1,0,4100551730
10,amu_darya,4101350930,1,1,4100551730
10,amu_darya,4101351080,1,0,4100551730
10,amu_darya,4101351090,1,1,4100551730
10,amu_darya,4101351240,1,0,4100551730
10,amu_darya,4101351310,1,1,4100551730
10,amu_darya,4101351390,1,0,4100551730
10,amu_darya,4101351450,1,1,4100551730
10,amu_darya,4101351470,1,1,4100551730
10,amu_darya,4101351600,1,0,4100551730
10,amu_darya,4101351730,1,1,4100551730
10,amu_darya,4101351780,1,0,4100551730
10,amu_darya,4101351790,1,1,4100551730
10,amu_darya,4101352010,1,0,4100551730
10,amu_darya,4101352050,1,0,4100551730
10,amu_darya,4101352060,1,0,4100551730
10,amu_darya,4101352120,1,0,4100551730
10,amu_darya,4101352210,1,0,4100551730
10,amu_darya,4101352270,1,0,4100551730
10,amu_darya,4101352280,1,0,4100551730
10,amu_darya,4101352380,1,1,4100551730
10,amu_darya,4101352460,1,0,4100551730
10,amu_darya,4101352830,1,0,4100551730
10,amu_darya,4101352840,1,1,4100551730
10,amu_darya,4101353100,1,1,4100551730
10,amu_darya,4101353110,1,1,4100551730
10,amu_darya,4101353290,1,0,4100551730
10,amu_darya,4101353300,1,1,4100551730
10,amu_darya,4101353410,1,0,4100551730
10,amu_darya,4101353420,1,1,4100551730
10,amu_darya,4101353430,1,1,4100551730
10,amu_darya,4101353600,1,0,4100551730
10,amu_darya,4101353680,1,0,4100551730
10,amu_darya,4101353740,1,1,4100551730
10,amu_darya,4101353820,1,0,4100551730
10,amu_darya,4101353880,1,0,4100551730
10,amu_darya,4101353890,1,0,4100551730
10,amu_darya,4101354100,1,0,4100551730
10,amu_darya,4101354110,1,1,4100551730
10,amu_darya,4101354170,1,0,4100551730
10,amu_darya,4101354180,1,0,4100551730
10,amu_darya,4101354270,1,0,4100551730
10,amu_darya,4101354280,1,1,4100551730
10,amu_darya,4101354880,1,1,4100551730
10,amu_darya,4101354910,1,0,4100551730
10,amu_darya,4101355120,1,0,4100551730
10,amu_darya,4101355350,1,0,4100551730
10,amu_darya,4101355490,1,1,4100551730
10,amu_darya,4101355550,1,0,4100551730
10,amu_darya,4101355560,1,0,4100551730
10,amu_darya,4101355720,1,1,4100551730
10,amu_darya,4101355840,1,1,4100551730
10,amu_darya,4101356020,1,0,4100551730
10,amu_darya,4101356040,1,1,4100551730
10,amu_darya,4101356150,1,1,4100551730
10,amu_darya,4101356330,1,1,4100551730
10,amu_darya,4101356390,1,1,4100551730
10,amu_darya,4101356480,1,0,4100551730
10,amu_darya,4101356490,1,0,4100551730
10,amu_darya,4101356530,1,0,4100551730
10,amu_darya,4101356720,1,0,4100551730
10,amu_darya,4101356820,1,1,4100551730
10,amu_darya,4101356880,1,1,4100551730
10,amu_darya,4101356900,1,0,4100551730
10,amu_darya,4101356980,1,0,4100551730
10,amu_darya,4101357170,1,1,4100551730
10,amu_darya,4101357180,1,1,4100551730
10,amu_darya,4101357220,1,0,4100551730
10,amu_darya,4101357320,1,0,4100551730
10,amu_darya,4101357420,1,1,4100551730
10,amu_darya,4101357430,1,1,4100551730
10,amu_darya,4101357640,1,1,4100551730
10,amu_darya,4101357650,1,1,4100551730
10,amu_darya,4101357770,1,0,4100551730
10,amu_darya,4101358010,1,1,4100551730
10,amu_darya,4101358060,1,0,4100551730
10,amu_darya,4101358140,1,0,4100551730
10,amu_darya,4101358230,1,1,4100551730
10,amu_darya,4101358360,1,1,4100551730
10,amu_darya,4101358610,1,1,4100551730
10,amu_darya,4101358680,1,1,4100551730
10,amu_darya,4101358830,1,0,4100551730
10,amu_darya,4101358840,1,1,4100551730
10,amu_darya,4101358990,1,1,4100551730
10,amu_darya,4101359000,1,1,4100551730
10,amu_darya,4101359030,1,0,4100551730
10,amu_darya,4101359120,1,0,4100551730
10,amu_darya,4101359130,1,1,4100551730
10,amu_darya,4101359170,1,0,4100551730
10,amu_darya,4101359300,1,0,4100551730
10,amu_darya,4101359710,1,1,4100551730
10,amu_darya,4101359820,1,0,4100551730
10,amu_darya,4101359860,1,1,4100551730
10,amu_darya,4101359870,1,1,4100551730
10,amu_darya,4101359940,1,1,4100551730
10,amu_darya,4101360090,1,1,4100551730
10,amu_darya,4101360150,1,0,4100551730
10,amu_darya,4101360220,1,0,4100551730
10,amu_darya,4101360340,1,1,4100551730
10,amu_darya,4101360410,1,0,4100551730
10,amu_darya,4101360550,1,0,4100551730
10,amu_darya,4101360730,1,0,4100551730
10,amu_darya,4101360770,1,1,4100551730
10,amu_darya,4101360890,1,0,4100551730
10,amu_darya,4101360900,1,1,4100551730
10,amu_darya,4101360950,1,1,4100551730
10,amu_darya,4101361110,1,0,4100551730
10,amu_darya,4101361170,1,1,4100551730
10,amu_darya,4101361250,1,0,4100551730
10,amu_darya,4101361260,1,1,4100551730
10,amu_darya,4101361390,1,1,4100551730
10,amu_darya,4101361650,1,1,4100551730
10,amu_darya,4101361820,1,0,4100551730
10,amu_darya,4101361880,1,0,4100551730
10,amu_darya,4101361990,1,0,4100551730
10,amu_darya,4101362130,1,0,4100551730
10,amu_darya,4101362190,1,1,4100551730
10,amu_darya,4101362240,1,0,4100551730
10,amu_darya,4101362250,1,0,4100551730
10,amu_darya,4101362300,1,0,4100551730
10,amu_darya,4101362380,1,1,4100551730
10,amu_darya,4101362550,1,0,4100551730
10,amu_darya,4101362830,1,0,4100551730
10,amu_darya,4101362930,1,1,4100551730
10,amu_darya,4101363040,1,0,4100551730
10,amu_darya,4101363330,1,1,4100551730
10,amu_darya,4101363440,1,0,4100551730
10,amu_darya,4101363630,1,0,4100551730
10,amu_darya,4101363870,1,0,4100551730
10,amu_darya,4101363880,1,0,4100551730
10,amu_darya,4101363890,1,1,4100551730
10,amu_darya,4101363980,1,1,4100551730
10,amu_darya,4101364120,1,0,4100551730
10,amu_darya,4101364130,1,1,4100551730
10,amu_darya,4101364180,1,1,4100551730
10,amu_darya,4101364280,1,0,4100551730
10,amu_darya,4101364350,1,1,4100551730
10,amu_darya,4101364360,1,1,4100551730
10,amu_darya,4101364410,1,0,4100551730
10,amu_darya,4101364560,1,0,4100551730
10,amu_darya,4101364650,1,0,4100551730
10,amu_darya,4101364660,1,0,4100551730
10,amu_darya,4101364760,1,0,4100551730
10,amu_darya,4101364770,1,1,4100551730
10,amu_darya,4101364920,1,1,4100551730
10,amu_darya,4101364930,1,1,4100551730
10,amu_darya,4101365120,1,0,4100551730
10,amu_darya,4101365160,1,1,4100551730
10,amu_darya,4101365420,1,1,4100551730
10,amu_darya,4101365520,1,0,4100551730
10,amu_darya,4101365530,1,0,4100551730
10,amu_darya,4101365610,1,1,4100551730
10,amu_darya,4101365690,1,0,4100551730
10,amu_darya,4101365820,1,1,4100551730
10,amu_darya,4101365870,1,1,4100551730
10,amu_darya,4101365880,1,1,4100551730
10,amu_darya,4101366010,1,0,4100551730
10,amu_darya,4101366060,1,0,4100551730
10,amu_darya,4101366070,1,0,4100551730
10,amu_darya,4101366480,1,0,4100551730
10,amu_darya,4101366560,1,0,4100551730
10,amu_darya,4101366620,1,0,4100551730
10,amu_darya,4101366940,1,0,4100551730
10,amu_darya,4101367050,1,0,4100551730
10,amu_darya,4101367170,1,0,4100551730
10,amu_darya,4101367260,1,1,4100551730
10,amu_darya,4101367520,1,1,4100551730
10,amu_darya,4101367670,1,1,4100551730
10,amu_darya,4101367750,1,0,4100551730
10,amu_darya,4101368210,1,0,4100551730
10,amu_darya,4101368590,1,1,4100551730
10,amu_darya,4101368650,1,1,4100551730
10,amu_darya,4101368680,1,1,4100551730
10,amu_darya,4101368870,1,0,4100551730
10,amu_darya,4101368880,1,1,4100551730
10,amu_darya,4101368980,1,1,4100551730
10,amu_darya,4101369030,1,0,4100551730
10,amu_darya,4101369040,1,1,4100551730
10,amu_darya,4101369100,1,0,4100551730
10,amu_darya,4101369370,1,0,4100551730
10,amu_darya,4101369510,1,0,4100551730
10,amu_darya,4101369710,1,0,4100551730
10,amu_darya,4101369950,1,0,4100551730
10,amu_darya,4101370150,1,0,4100551730
10,amu_darya,4101370160,1,0,4100551730
10,amu_darya,4101370280,1,0,4100551730
10,amu_darya,4101370290,1,0,4100551730
10,amu_darya,4101370300,1,0,4100551730
10,amu_darya,4101370420,1,0,4100551730
10,amu_darya,4101370720,1,0,4100551730
10,amu_darya,4101371240,1,1,4100551730
10,amu_darya,4101371290,1,0,4100551730
10,amu_darya,4101371340,1,0,4100551730
10,amu_darya,4101371560,1,0,4100551730
10,amu_darya,4101371690,1,0,4100551730
10,amu_darya,4101371800,1,1,4100551730
10,amu_darya,4101372070,1,0,4100551730
10,amu_darya,4101372130,1,1,4100551730
10,amu_darya,4101372190,1,1,4100551730
10,amu_darya,4101372200,1,1,4100551730
10,amu_darya,4101372410,1,1,4100551730
10,amu_darya,4101372710,1,1,4100551730
10,amu_darya,4101372930,1,1,4100551730
10,amu_darya,4101373380,1,1,4100551730
10,amu_darya,4101373570,1,0,4100551730
10,amu_darya,4101373740,1,0,4100551730
10,amu_darya,4101374070,1,1,4100551730
10,amu_darya,4101374220,1,1,4100551730
10,amu_darya,4101374520,1,0,4100551730
10,amu_darya,4101374970,1,1,4100551730
10,amu_darya,4101375540,1,0,4100551730
10,amu_darya,4101375910,1,1,4100551730
10,amu_darya,4101377130,1,0,4100551730
10,amu_darya,4101377250,1,1,4100551730
10,amu_darya,4101379960,1,1,4100551730
10,amu_darya,4101380870,1,0,4100551730
10,amu_darya,4101381850,1,0,4100551730
10,syr_darya,4100050240,1,0,4100422090
10,syr_darya,4100202940,1,0,4100422090
10,syr_darya,4100202950,1,0,4100422090
10,syr_darya,4100204170,1,0,4100422090
10,syr_darya,4100204180,1,0,4100422090
10,syr_darya,4100204190,1,0,4100422090
10,syr_darya,4100204310,1,0,4100422090
10,syr_darya,4100205870,1,0,4100422090
10,syr_darya,4100205960,1,0,4100422090
10,syr_darya,4100206230,1,0,4100422090
10,syr_darya,4100206240,1,0,4100422090
10,syr_darya,4100208880,1,0,4100422090
10,syr_darya,4100208890,1,0,4100422090
10,syr_darya,4100208900,1,0,4100422090
10,syr_darya,4100208910,1,0,4100422090
10,syr_darya,4100210290,1,0,4100422090
10,syr_darya,4100210300,1,0,4100422090
10,syr_darya,4100211240,1,0,4100422090
10,syr_darya,4100211520,1,0,4100422090
10,syr_darya,4100211530,1,0,4100422090
10,syr_darya,4100211540,1,0,4100422090
10,syr_darya,4100213750,1,0,4100422090
10,syr_darya,4100213940,1,0,4100422090
10,syr_darya,4100213950,1,0,4100422090
10,syr_darya,4100214120,1,0,4100422090
10,syr_darya,4100214130,1,0,4100422090
10,syr_darya,4100214220,1,0,4100422090
10,syr_darya,4100215580,1,0,4100422090
10,syr_darya,4100215590,1,0,4100422090
10,syr_darya,4100215600,1,0,4100422090
10,syr_darya,4100215750,1,0,4100422090
10,syr_darya,4100215760,1,0,4100422090
10,syr_darya,4100215980,1,0,4100422090
10,syr_darya,4100216130,1,0,4100422090
10,syr_darya,4100216390,1,0,4100422090
10,syr_darya,4100216630,1,0,4100422090
10,syr_darya,4100216840,1,0,4100422090
10,syr_darya,4100217000,1,0,4100422090
10,syr_darya,4100217010,1,0,4100422090
10,syr_darya,4100217160,1,0,4100422090
10,syr_darya,4100217330,1,0,4100422090
10,syr_darya,4100217670,1,0,4100422090
10,syr_darya,4100217800,1,0,4100422090
10,syr_darya,4100217870,1,0,4100422090
10,syr_darya,4100218120,1,0,4100422090
10,syr_darya,4100218130,1,0,4100422090
10,syr_darya,4100218140,1,0,4100422090
10,syr_darya,4100219480,1,0,4100422090
10,syr_darya,4100219490,1,0,4100422090
10,syr_darya,4100219590,1,0,4100422090
10,syr_darya,4100219750,1,0,4100422090
10,syr_darya,4100220330,1,0,4100422090
10,syr_darya,4100220340,1,0,4100422090
10,syr_darya,4100221400,1,0,4100422090
10,syr_darya,4100221410,1,0,4100422090
10,syr_darya,4100221420,1,0,4100422090
10,syr_darya,4100221520,1,0,4100422090
10,syr_darya,4100221660,1,0,4100422090
10,syr_darya,4100221670,1,0,4100422090
10,syr_darya,4100221680,1,0,4100422090
10,syr_darya,4100221770,1,0,4100422090
10,syr_darya,4100221780,1,0,4100422090
10,syr_darya,4100221890,1,0,4100422090
10,syr_darya,4100221900,1,0,4100422090
10,syr_darya,4100222040,1,0,4100422090
10,syr_darya,4100222200,1,0,4100422090
10,syr_darya,4100222290,1,0,4100422090
10,syr_darya,4100222390,1,0,4100422090
10,syr_darya,4100222510,1,0,4100422090
10,syr_darya,4100222670,1,0,4100422090
10,syr_darya,4100222680,1,0,4100422090
10,syr_darya,4100223230,1,0,4100422090
10,syr_darya,4100223400,1,0,4100422090
10,syr_darya,4100223420,1,0,4100422090
10,syr_darya,4100223610,1,0,4100422090
10,syr_darya,4100224020,1,0,4100422090
10,syr_darya,4100224030,1,0,4100422090
10,syr_darya,4100224480,1,0,4100422090
10,syr_darya,4100224630,1,0,4100422090
10,syr_darya,4100224640,1,0,4100422090
10,syr_darya,4100224800,1,0,4100422090
10,syr_darya,4100224810,1,0,4100422090
10,syr_darya,4100224960,1,0,4100422090
10,syr_darya,4100224970,1,0,4100422090
10,syr_darya,4100224980,1,0,4100422090
10,syr_darya,4100224990,1,0,4100422090
10,syr_darya,4100225260,1,0,4100422090
10,syr_darya,4100225350,1,0,4100422090
10,syr_darya,4100225880,1,0,4100422090
10,syr_darya,4100225890,1,0,4100422090
10,syr_darya,4100225980,1,0,4100422090
10,syr_darya,4100225990,1,0,4100422090
10,syr_darya,4100226330,1,0,4100422090
10,syr_darya,4100226340,1,0,4100422090
10,syr_darya,4100226680,1,0,4100422090
10,syr_darya,4100226690,1,0,4100422090
10,syr_darya,4100226700,1,0,4100422090
10,syr_darya,4100226860,1,0,4100422090
10,syr_darya,4100227250,1,0,4100422090
10,syr_darya,4100227260,1,0,4100422090
10,syr_darya,4100227390,1,0,4100422090
10,syr_darya,4100227540,1,0,4100422090
10,syr_darya,4100227680,1,0,4100422090
10,syr_darya,4100227910,1,0,4100422090
10,syr_darya,4100228190,1,0,4100422090
10,syr_darya,4100228350,1,0,4100422090
10,syr_darya,4100228610,1,0,4100422090
10,syr_darya,4100228710,1,0,4100422090
10,syr_darya,4100229200,1,0,4100422090
10,syr_darya,4100229210,1,0,4100422090
10,syr_darya,4100229220,1,0,4100422090
10,syr_darya,4100229230,1,0,4100422090
10,syr_darya,4100229750,1,0,4100422090
10,syr_darya,4100229930,1,0,4100422090
10,syr_darya,4100230130,1,0,4100422090
10,syr_darya,4100230350,1,0,4100422090
10,syr_darya,4100231050,1,0,4100422090
10,syr_darya,4100231440,1,0,4100422090
10,syr_darya,4100231450,1,0,4100422090
10,syr_darya,4100231620,1,0,4100422090
10,syr_darya,4100231740,1,0,4100422090
10,syr_darya,4100232090,1,0,4100422090
10,syr_darya,4100232420,1,0,4100422090
10,syr_darya,4100232580,1,0,4100422090
10,syr_darya,4100232590,1,0,4100422090
10,syr_darya,4100232690,1,0,4100422090
10,syr_darya,4100232700,1,0,4100422090
10,syr_darya,4100232780,1,0,4100422090
10,syr_darya,4100232790,1,0,4100422090
10,syr_darya,4100232800,1,0,4100422090
10,syr_darya,4100232910,1,0,4100422090
10,syr_darya,4100233040,1,0,4100422090
10,syr_darya,4100233050,1,0,4100422090
10,syr_darya,4100233060,1,0,4100422090
10,syr_darya,4100233240,1,0,4100422090
10,syr_darya,4100233390,1,0,4100422090
10,syr_darya,4100233400,1,0,4100422090
10,syr_darya,4100233410,1,0,4100422090
10,syr_darya,4100233420,1,0,4100422090
10,syr_darya,4100233520,1,0,4100422090
10,syr_darya,4100233530,1,0,4100422090
10,syr_darya,4100233660,1,0,4100422090
10,syr_darya,4100233750,1,0,4100422090
10,syr_darya,4100234080,1,0,4100422090
10,syr_darya,4100235120,1,0,4100422090
10,syr_darya,4100235240,1,0,4100422090
10,syr_darya,4100235580,1,0,4100422090
10,syr_darya,4100235710,1,0,4100422090
10,syr_darya,4100235720,1,0,4100422090
10,syr_darya,4100235860,1,0,4100422090
10,syr_darya,4100236210,1,0,4100422090
10,syr_darya,4100236220,1,0,4100422090
10,syr_darya,4100236970,1,0,4100422090
10,syr_darya,4100237150,1,0,4100422090
10,syr_darya,4100237300,1,0,4100422090
10,syr_darya,4100237310,1,0,4100422090
10,syr_darya,4100237450,1,0,4100422090
10,syr_darya,4100237460,1,0,4100422090
10,syr_darya,4100237470,1,0,4100422090
10,syr_darya,4100237480,1,0,4100422090
10,syr_darya,4100238010,1,0,4100422090
10,syr_darya,4100238120,1,0,4100422090
10,syr_darya,4100238680,1,0,4100422090
10,syr_darya,4100238690,1,0,4100422090
10,syr_darya,4100239040,1,0,4100422090
10,syr_darya,4100239050,1,0,4100422090
10,syr_darya,4100240620,1,0,4100422090
10,syr_darya,4100240930,1,0,4100422090
10,syr_darya,4100241020,1,0,4100422090
10,syr_darya,4100241250,1,0,4100422090
10,syr_darya,4100241920,1,0,4100422090
10,syr_darya,4100241930,1,0,4100422090
10,syr_darya,4100241940,1,0,4100422090
10,syr_darya,4100242120,1,0,4100422090
10,syr_darya,4100243070,1,0,4100422090
10,syr_darya,4100243280,1,0,4100422090
10,syr_darya,4100243520,1,0,4100422090
10,syr_darya,4100243640,1,0,4100422090
10,syr_darya,4100243890,1,0,4100422090
10,syr_darya,4100244090,1,0,4100422090
10,syr_darya,4100244100,1,0,4100422090
10,syr_darya,4100244230,1,0,4100422090
10,syr_darya,4100244240,1,0,4100422090
10,syr_darya,4100244250,1,0,4100422090
10,syr_darya,4100244470,1,0,4100422090
10,syr_darya,4100244610,1,0,4100422090
10,syr_darya,4100244620,1,0,4100422090
10,syr_darya,4100244730,1,0,4100422090
10,syr_darya,4100244740,1,0,4100422090
10,syr_darya,4100244950,1,0,4100422090
10,syr_darya,4100245630,1,0,4100422090
10,syr_darya,4100245840,1,0,4100422090
10,syr_darya,4100246100,1,0,4100422090
10,syr_darya,4100246280,1,0,4100422090
10,syr_darya,4100246290,1,0,4100422090
10,syr_darya,4100246300,1,0,4100422090
10,syr_darya,4100246500,1,0,4100422090
10,syr_darya,4100246700,1,0,4100422090
10,syr_darya,4100246710,1,0,4100422090
10,syr_darya,4100246950,1,0,4100422090
10,syr_darya,4100247110,1,0,4100422090
10,syr_darya,4100247330,1,0,4100422090
10,syr_darya,4100247870,1,0,4100422090
10,syr_darya,4100247880,1,0,4100422090
10,syr_darya,4100248020,1,0,4100422090
10,syr_darya,4100248200,1,0,4100422090
10,syr_darya,4100248780,1,0,4100422090
10,syr_darya,4100248880,1,0,4100422090
10,syr_darya,4100250430,1,0,4100422090
10,syr_darya,4100250610,1,0,4100422090
10,syr_darya,4100251210,1,0,4100422090
10,syr_darya,4100251290,1,0,4100422090
10,syr_darya,4100252510,1,0,4100422090
10,syr_darya,4100252630,1,0,4100422090
10,syr_darya,4100253740,1,0,4100422090
10,syr_darya,4100253860,1,0,4100422090
10,syr_darya,4100253870,1,0,4100422090
10,syr_darya,4100253880,1,0,4100422090
10,syr_darya,4100254010,1,0,4100422090
10,syr_darya,4100254020,1,0,4100422090
10,syr_darya,4100254160,1,0,4100422090
10,syr_darya,4100254330,1,0,4100422090
10,syr_darya,4100256120,1,0,4100422090
10,syr_darya,4100256270,1,0,4100422090
10,syr_darya,4100257800,1,0,4100422090
10,syr_darya,4100257810,1,0,4100422090
10,syr_darya,4100257990,1,0,4100422090
10,syr_darya,4100258150,1,0,4100422090
10,syr_darya,4100258900,1,0,4100422090
10,syr_darya,4100258990,1,0,4100422090
10,syr_darya,4100259000,1,0,4100422090
10,syr_darya,4100259010,1,0,4100422090
10,syr_darya,4100259130,1,0,4100422090
10,syr_darya,4100259290,1,0,4100422090
10,syr_darya,4100259300,1,0,4100422090
10,syr_darya,4100259550,1,0,4100422090
10,syr_darya,4100259560,1,0,4100422090
10,syr_darya,4100260050,1,0,4100422090
10,syr_darya,4100260310,1,0,4100422090
10,syr_darya,4100260320,1,0,4100422090
10,syr_darya,4100260330,1,0,4100422090
10,syr_darya,4100260620,1,0,4100422090
10,syr_darya,4100260760,1,0,4100422090
10,syr_darya,4100261080,1,0,4100422090
10,syr_darya,4100261370,1,0,4100422090
10,syr_darya,4100261380,1,0,4100422090
10,syr_darya,4100261390,1,0,4100422090
10,syr_darya,4100261530,1,0,4100422090
10,syr_darya,4100261730,1,0,4100422090
10,syr_darya,4100261900,1,0,4100422090
10,syr_darya,4100261910,1,0,4100422090
10,syr_darya,4100262060,1,0,4100422090
10,syr_darya,4100262070,1,0,4100422090
10,syr_darya,4100262280,1,0,4100422090
10,syr_darya,4100262660,1,0,4100422090
10,syr_darya,4100263160,1,0,4100422090
10,syr_darya,4100263300,1,0,4100422090
10,syr_darya,4100264340,1,0,4100422090
10,syr_darya,4100264570,1,0,4100422090
10,syr_darya,4100265470,1,0,4100422090
10,syr_darya,4100265770,1,0,4100422090
10,syr_darya,4100268380,1,0,4100422090
10,syr_darya,4100268390,1,0,4100422090
10,syr_darya,4100271040,1,0,4100422090
10,syr_darya,4100271170,1,0,4100422090
10,syr_darya,4100271330,1,0,4100422090
10,syr_darya,4100271340,1,0,4100422090
10,syr_darya,4100275340,1,0,4100422090
10,syr_darya,4100275590,1,0,4100422090
10,syr_darya,4100276410,1,0,4100422090
10,syr_darya,4100276570,1,0,4100422090
10,syr_darya,4100277120,1,0,4100422090
10,syr_darya,4100277130,1,0,4100422090
10,syr_darya,4100279590,1,0,4100422090
10,syr_darya,4100279600,1,0,4100422090
10,syr_darya,4100280760,1,0,4100422090
10,syr_darya,4100281070,1,0,4100422090
10,syr_darya,4100281080,1,0,4100422090
10,syr_darya,4100281220,1,0,4100422090
10,syr_darya,4100284550,1,0,4100422090
10,syr_darya,4100284730,1,0,4100422090
10,syr_darya,4100284910,1,0,4100422090
10,syr_darya,4100285050,1,0,4100422090
10,syr_darya,4100285220,1,0,4100422090
10,syr_darya,4100285230,1,0,4100422090
10,syr_darya,4100285400,1,0,4100422090
10,syr_darya,4100285410,1,0,4100422090
10,syr_darya,4100289200,1,0,4100422090
10,syr_darya,4100289370,1,0,4100422090
10,syr_darya,4100289490,1,0,4100422090
10,syr_darya,4100289640,1,0,4100422090
10,syr_darya,4100292040,1,0,4100422090
10,syr_darya,4100292300,1,0,4100422090
10,syr_darya,4100295880,1,0,4100422090
10,syr_darya,4100295890,1,0,4100422090
10,syr_darya,4100296730,1,0,4100422090
10,syr_darya,4100296740,1,0,4100422090
10,syr_darya,4100297400,1,0,4100422090
10,syr_darya,4100297630,1,0,4100422090
10,syr_darya,4100298840,1,0,4100422090
10,syr_darya,4100298980,1,0,4100422090
10,syr_darya,4100299070,1,0,4100422090
10,syr_darya,4100299190,1,0,4100422090
10,syr_darya,4100301450,1,0,4100422090
10,syr_darya,4100301640,1,0,4100422090
10,syr_darya,4100301760,1,0,4100422090
10,syr_darya,4100302150,1,0,4100422090
10,syr_darya,4100303150,1,0,4100422090
10,syr_darya,4100303240,1,0,4100422090
10,syr_darya,4100305390,1,0,4100422090
10,syr_darya,4100305400,1,0,4100422090
10,syr_darya,4100308130,1,0,4100422090
10,syr_darya,4100308450,1,0,4100422090
10,syr_darya,4100310480,1,0,4100422090
10,syr_darya,4100310670,1,0,4100422090
10,syr_darya,4100310680,1,0,4100422090
10,syr_darya,4100310840,1,0,4100422090
10,syr_darya,4100311000,1,0,4100422090
10,syr_darya,4100311390,1,0,4100422090
10,syr_darya,4100311570,1,0,4100422090
10,syr_darya,4100311580,1,0,4100422090
10,syr_darya,4100311710,1,0,4100422090
10,syr_darya,4100311720,1,0,4100422090
10,syr_darya,4100312450,1,0,4100422090
10,syr_darya,4100312460,1,0,4100422090
10,syr_darya,4100312900,1,0,4100422090
10,syr_darya,4100313070,1,0,4100422090
10,syr_darya,4100314460,1,0,4100422090
10,syr_darya,4100314600,1,0,4100422090
10,syr_darya,4100320760,1,0,4100422090
10,syr_darya,4100320970,1,0,4100422090
10,syr_darya,4100321340,1,0,4100422090
10,syr_darya,4100321350,1,0,4100422090
10,syr_darya,4100321520,1,0,4100422090
10,syr_darya,4100321680,1,0,4100422090
10,syr_darya,4100321690,1,0,4100422090
10,syr_darya,4100321890,1,0,4100422090
10,syr_darya,4100322270,1,0,4100422090
10,syr_darya,4100322510,1,0,4100422090
10,syr_darya,4100323550,1,0,4100422090
10,syr_darya,4100323740,1,0,4100422090
10,syr_darya,4100325460,1,0,4100422090
10,syr_darya,4100325630,1,0,4100422090
10,syr_darya,4100326620,1,0,4100422090
10,syr_darya,4100326710,1,0,4100422090
10,syr_darya,4100328940,1,0,4100422090
10,syr_darya,4100329070,1,0,4100422090
10,syr_darya,4100331230,1,0,4100422090
10,syr_darya,4100331240,1,0,4100422090
10,syr_darya,4100331600,1,0,4100422090
10,syr_darya,4100331920,1,0,4100422090
10,syr_darya,4100331930,1,0,4100422090
10,syr_darya,4100331940,1,0,4100422090
10,syr_darya,4100332330,1,0,4100422090
10,syr_darya,4100332680,1,0,4100422090
10,syr_darya,4100333110,1,0,4100422090
10,syr_darya,4100333120,1,0,4100422090
10,syr_darya,4100333240,1,0,4100422090
10,syr_darya,4100333250,1,0,4100422090
10,syr_darya,4100334410,1,0,4100422090
10,syr_darya,4100334420,1,0,4100422090
10,syr_darya,4100334430,1,0,4100422090
10,syr_darya,4100334540,1,0,4100422090
10,syr_darya,4100334660,1,0,4100422090
10,syr_darya,4100334960,1,0,4100422090
10,syr_darya,4100335570,1,0,4100422090
10,syr_darya,4100335800,1,0,4100422090
10,syr_darya,4100336070,1,0,4100422090
10,syr_darya,4100336120,1,0,4100422090
10,syr_darya,4100336130,1,0,4100422090
10,syr_darya,4100336140,1,0,4100422090
10,syr_darya,4100337030,1,0,4100422090
10,syr_darya,4100337210,1,0,4100422090
10,syr_darya,4100338250,1,0,4100422090
10,syr_darya,4100338470,1,0,4100422090
10,syr_darya,4100339510,1,0,4100422090
10,syr_darya,4100339760,1,0,4100422090
10,syr_darya,4100339770,1,0,4100422090
10,syr_darya,4100340060,1,0,4100422090
10,syr_darya,4100340720,1,0,4100422090
10,syr_darya,4100340730,1,0,4100422090
10,syr_darya,4100340850,1,0,4100422090
10,syr_darya,4100340860,1,0,4100422090
10,syr_darya,4100341090,1,0,4100422090
10,syr_darya,4100341270,1,0,4100422090
10,syr_darya,4100341290,1,0,4100422090
10,syr_darya,4100341390,1,0,4100422090
10,syr_darya,4100341490,1,0,4100422090
10,syr_darya,4100341630,1,0,4100422090
10,syr_darya,4100342950,1,0,4100422090
10,syr_darya,4100342960,1,0,4100422090
10,syr_darya,4100342970,1,0,4100422090
10,syr_darya,4100343070,1,0,4100422090
10,syr_darya,4100343080,1,0,4100422090
10,syr_darya,4100343090,1,0,4100422090
10,syr_darya,4100343100,1,0,4100422090
10,syr_darya,4100343280,1,0,4100422090
10,syr_darya,4100343380,1,0,4100422090
10,syr_darya,4100343560,1,0,4100422090
10,syr_darya,4100344300,1,0,4100422090
10,syr_darya,4100344310,1,0,4100422090
10,syr_darya,4100344440,1,0,4100422090
10,syr_darya,4100344510,1,0,4100422090
10,syr_darya,4100344870,1,0,4100422090
10,syr_darya,4100344880,1,0,4100422090
10,syr_darya,4100345070,1,0,4100422090
10,syr_darya,4100345080,1,0,4100422090
10,syr_darya,4100345090,1,0,4100422090
10,syr_darya,4100345100,1,0,4100422090
10,syr_darya,4100345240,1,0,4100422090
10,syr_darya,4100345250,1,0,4100422090
10,syr_darya,4100345260,1,0,4100422090
10,syr_darya,4100345460,1,0,4100422090
10,syr_darya,4100345470,1,0,4100422090
10,syr_darya,4100345480,1,0,4100422090
10,syr_darya,4100345580,1,0,4100422090
10,syr_darya,4100345590,1,0,4100422090
10,syr_darya,4100345880,1,0,4100422090
10,syr_darya,4100346140,1,0,4100422090
10,syr_darya,4100346150,1,0,4100422090
10,syr_darya,4100346450,1,0,4100422090
10,syr_darya,4100346560,1,0,4100422090
10,syr_darya,4100346820,1,0,4100422090
10,syr_darya,4100347060,1,0,4100422090
10,syr_darya,4100347070,1,0,4100422090
10,syr_darya,4100347080,1,0,4100422090
10,syr_darya,4100347090,1,0,4100422090
10,syr_darya,4100347490,1,0,4100422090
10,syr_darya,4100347740,1,0,4100422090
10,syr_darya,4100348650,1,0,4100422090
10,syr_darya,4100348820,1,0,4100422090
10,syr_darya,4100349180,1,0,4100422090
10,syr_darya,4100349390,1,0,4100422090
10,syr_darya,4100350200,1,0,4100422090
10,syr_darya,4100350340,1,0,4100422090
10,syr_darya,4100350470,1,0,4100422090
10,syr_darya,4100350580,1,0,4100422090
10,syr_darya,4100351960,1,0,4100422090
10,syr_darya,4100352190,1,0,4100422090
10,syr_darya,4100352200,1,0,4100422090
10,syr_darya,4100352380,1,0,4100422090
10,syr_darya,4100352760,1,0,4100422090
10,syr_darya,4100352920,1,0,4100422090
10,syr_darya,4100353500,1,0,4100422090
10,syr_darya,4100353840,1,0,4100422090
10,syr_darya,4100354130,1,0,4100422090
10,syr_darya,4100354300,1,0,4100422090
10,syr_darya,4100354750,1,0,4100422090
10,syr_darya,4100354870,1,0,4100422090
10,syr_darya,4100355280,1,0,4100422090
10,syr_darya,4100355290,1,0,4100422090
10,syr_darya,4100356470,1,0,4100422090
10,syr_darya,4100356670,1,0,4100422090
10,syr_darya,4100357180,1,0,4100422090
10,syr_darya,4100357190,1,0,4100422090
10,syr_darya,4100361500,1,0,4100422090
10,syr_darya,4100361690,1,0,4100422090
10,syr_darya,4100361860,1,0,4100422090
10,syr_darya,4100362110,1,0,4100422090
10,syr_darya,4100362420,1,0,4100422090
10,syr_darya,4100362430,1,0,4100422090
10,syr_darya,4100362440,1,0,4100422090
10,syr_darya,4100362620,1,0,4100422090
10,syr_darya,4100362630,1,0,4100422090
10,syr_darya,4100362880,1,0,4100422090
10,syr_darya,4100362890,1,0,4100422090
10,syr_darya,4100362900,1,0,4100422090
10,syr_darya,4100363120,1,0,4100422090
10,syr_darya,4100363130,1,0,4100422090
10,syr_darya,4100363300,1,0,4100422090
10,syr_darya,4100363310,1,0,4100422090
10,syr_darya,4100363320,1,0,4100422090
10,syr_darya,4100363470,1,0,4100422090
10,syr_darya,4100363490,1,0,4100422090
10,syr_darya,4100363690,1,0,4100422090
10,syr_darya,4100363700,1,0,4100422090
10,syr_darya,4100363860,1,0,4100422090
10,syr_darya,4100363870,1,0,4100422090
10,syr_darya,4100364040,1,0,4100422090
10,syr_darya,4100364060,1,0,4100422090
10,syr_darya,4100364310,1,0,4100422090
10,syr_darya,4100364620,1,0,4100422090
10,syr_darya,4100364830,1,0,4100422090
10,syr_darya,4100365220,1,0,4100422090
10,syr_darya,4100365230,1,0,4100422090
10,syr_darya,4100365240,1,0,4100422090
10,syr_darya,4100365250,1,0,4100422090
10,syr_darya,4100365380,1,0,4100422090
10,syr_darya,4100365390,1,0,4100422090
10,syr_darya,4100365950,1,0,4100422090
10,syr_darya,4100366070,1,0,4100422090
10,syr_darya,4100366790,1,0,4100422090
10,syr_darya,4100366800,1,0,4100422090
10,syr_darya,4100366810,1,0,4100422090
10,syr_darya,4100367000,1,0,4100422090
10,syr_darya,4100367010,1,0,4100422090
10,syr_darya,4100367200,1,0,4100422090
10,syr_darya,4100368060,1,0,4100422090
10,syr_darya,4100368070,1,0,4100422090
10,syr_darya,4100368630,1,0,4100422090
10,syr_darya,4100368780,1,0,4100422090
10,syr_darya,4100368880,1,0,4100422090
10,syr_darya,4100369010,1,0,4100422090
10,syr_darya,4100369850,1,0,4100422090
10,syr_darya,4100370050,1,0,4100422090
10,syr_darya,4100370430,1,0,4100422090
10,syr_darya,4100370440,1,0,4100422090
10,syr_darya,4100370450,1,0,4100422090
10,syr_darya,4100370580,1,0,4100422090
10,syr_darya,4100371770,1,0,4100422090
10,syr_darya,4100371920,1,0,4100422090
10,syr_darya,4100371930,1,0,4100422090
10,syr_darya,4100372040,1,0,4100422090
10,syr_darya,4100372050,1,0,4100422090
10,syr_darya,4100372260,1,0,4100422090
10,syr_darya,4100372820,1,0,4100422090
10,syr_darya,4100372830,1,0,4100422090
10,syr_darya,4100372970,1,0,4100422090
10,syr_darya,4100372980,1,0,4100422090
10,syr_darya,4100373170,1,0,4100422090
10,syr_darya,4100373180,1,0,4100422090
10,syr_darya,4100373360,1,0,4100422090
10,syr_darya,4100373370,1,0,4100422090
10,syr_darya,4100373590,1,0,4100422090
10,syr_darya,4100373600,1,0,4100422090
10,syr_darya,4100374470,1,0,4100422090
10,syr_darya,4100374480,1,0,4100422090
10,syr_darya,4100374930,1,0,4100422090
10,syr_darya,4100375300,1,0,4100422090
10,syr_darya,4100375470,1,1,4100422090
10,syr_darya,4100375640,1,1,4100422090
10,syr_darya,4100375810,1,1,4100422090
10,syr_darya,4100375820,1,1,4100422090
10,syr_darya,4100376050,1,0,4100422090
10,syr_darya,4100376210,1,0,4100422090
10,syr_darya,4100376780,1,0,4100422090
10,syr_darya,4100376960,1,0,4100422090
10,syr_darya,4100377120,1,0,4100422090
10,syr_darya,4100377130,1,0,4100422090
10,syr_darya,4100377700,1,0,4100422090
10,syr_darya,4100377930,1,0,4100422090
10,syr_darya,4100377940,1,0,4100422090
10,syr_darya,4100378110,1,0,4100422090
10,syr_darya,4100378250,1,0,4100422090
10,syr_darya,4100378260,1,0,4100422090
10,syr_darya,4100378630,1,0,4100422090
10,syr_darya,4100378870,1,0,4100422090
10,syr_darya,4100379590,1,1,4100422090
10,syr_darya,4100379710,1,1,4100422090
10,syr_darya,4100379820,1,1,4100422090
10,syr_darya,4100379830,1,1,4100422090
10,syr_darya,4100380030,1,1,4100422090
10,syr_darya,4100380040,1,1,4100422090
10,syr_darya,4100380180,1,0,4100422090
10,syr_darya,4100380190,1,1,4100422090
10,syr_darya,4100380200,1,1,4100422090
10,syr_darya,4100380350,1,0,4100422090
10,syr_darya,4100380360,1,1,4100422090
10,syr_darya,4100380500,1,1,4100422090
10,syr_darya,4100380610,1,0,4100422090
10,syr_darya,4100380620,1,1,4100422090
10,syr_darya,4100380630,1,1,4100422090
10,syr_darya,4100380640,1,1,4100422090
10,syr_darya,4100380760,1,0,4100422090
10,syr_darya,4100380890,1,0,4100422090
10,syr_darya,4100380900,1,1,4100422090
10,syr_darya,4100381030,1,0,4100422090
10,syr_darya,4100381280,1,1,4100422090
10,syr_darya,4100381430,1,1,4100422090
10,syr_darya,4100381440,1,1,4100422090
10,syr_darya,4100381560,1,0,4100422090
10,syr_darya,4100381570,1,1,4100422090
10,syr_darya,4100381710,1,0,4100422090
10,syr_darya,4100381810,1,0,4100422090
10,syr_darya,4100381910,1,0,4100422090
10,syr_darya,4100381920,1,0,4100422090
10,syr_darya,4100382010,1,0,4100422090
10,syr_darya,4100382560,1,0,4100422090
10,syr_darya,4100382660,1,0,4100422090
10,syr_darya,4100382670,1,0,4100422090
10,syr_darya,4100382780,1,0,4100422090
10,syr_darya,4100382970,1,0,4100422090
10,syr_darya,4100382980,1,0,4100422090
10,syr_darya,4100382990,1,0,4100422090
10,syr_darya,4100383080,1,0,4100422090
10,syr_darya,4100383150,1,0,4100422090
10,syr_darya,4100383160,1,0,4100422090
10,syr_darya,4100383320,1,0,4100422090
10,syr_darya,4100383330,1,0,4100422090
10,syr_darya,4100383340,1,1,4100422090
10,syr_darya,4100383350,1,1,4100422090
10,syr_darya,4100383570,1,0,4100422090
10,syr_darya,4100383820,1,0,4100422090
10,syr_darya,4100383830,1,0,4100422090
10,syr_darya,4100383940,1,0,4100422090
10,syr_darya,4100383950,1,0,4100422090
10,syr_darya,4100384080,1,0,4100422090
10,syr_darya,4100384490,1,0,4100422090
10,syr_darya,4100384630,1,0,4100422090
10,syr_darya,4100384960,1,0,4100422090
10,syr_darya,4100384980,1,1,4100422090
10,syr_darya,4100385070,1,0,4100422090
10,syr_darya,4100385080,1,1,4100422090
10,syr_darya,4100385180,1,0,4100422090
10,syr_darya,4100385200,1,1,4100422090
10,syr_darya,4100385270,1,1,4100422090
10,syr_darya,4100385280,1,1,4100422090
10,syr_darya,4100385370,1,0,4100422090
10,syr_darya,4100385380,1,0,4100422090
10,syr_darya,4100385390,1,0,4100422090
10,syr_darya,4100385400,1,1,4100422090
10,syr_darya,4100385410,1,1,4100422090
10,syr_darya,4100385510,1,0,4100422090
10,syr_darya,4100385520,1,1,4100422090
10,syr_darya,4100385530,1,1,4100422090
10,syr_darya,4100385640,1,0,4100422090
10,syr_darya,4100385650,1,1,4100422090
10,syr_darya,4100385660,1,1,4100422090
10,syr_darya,4100385740,1,1,4100422090
10,syr_darya,4100385840,1,0,4100422090
10,syr_darya,4100385910,1,0,4100422090
10,syr_darya,4100385920,1,0,4100422090
10,syr_darya,4100385930,1,0,4100422090
10,syr_darya,4100386200,1,0,4100422090
10,syr_darya,4100386210,1,0,4100422090
10,syr_darya,4100386340,1,0,4100422090
10,syr_darya,4100386350,1,0,4100422090
10,syr_darya,4100386360,1,0,4100422090
10,syr_darya,4100386490,1,1,4100422090
10,syr_darya,4100386500,1,1,4100422090
10,syr_darya,4100386650,1,0,4100422090
10,syr_darya,4100386790,1,0,4100422090
10,syr_darya,4100386910,1,0,4100422090
10,syr_darya,4100386920,1,0,4100422090
10,syr_darya,4100386930,1,1,4100422090
10,syr_darya,4100386940,1,1,4100422090
10,syr_darya,4100386950,1,1,4100422090
10,syr_darya,4100387070,1,1,4100422090
10,syr_darya,4100387080,1,1,4100422090
10,syr_darya,4100387090,1,1,4100422090
10,syr_darya,4100387220,1,0,4100422090
10,syr_darya,4100387290,1,0,4100422090
10,syr_darya,4100387460,1,0,4100422090
10,syr_darya,4100387640,1,0,4100422090
10,syr_darya,4100387860,1,0,4100422090
10,syr_darya,4100388150,1,0,4100422090
10,syr_darya,4100388160,1,1,4100422090
10,syr_darya,4100388270,1,1,4100422090
10,syr_darya,4100388280,1,1,4100422090
10,syr_darya,4100388290,1,1,4100422090
10,syr_darya,4100388360,1,0,4100422090
10,syr_darya,4100388370,1,0,4100422090
10,syr_darya,4100388380,1,1,4100422090
10,syr_darya,4100388390,1,1,4100422090
10,syr_darya,4100388480,1,0,4100422090
10,syr_darya,4100388490,1,1,4100422090
10,syr_darya,4100388620,1,1,4100422090
10,syr_darya,4100388880,1,1,4100422090
10,syr_darya,4100389010,1,0,4100422090
10,syr_darya,4100389020,1,1,4100422090
10,syr_darya,4100389140,1,0,4100422090
10,syr_darya,4100389420,1,1,4100422090
10,syr_darya,4100389430,1,1,4100422090
10,syr_darya,4100389590,1,1,4100422090
10,syr_darya,4100389690,1,1,4100422090
10,syr_darya,4100389960,1,0,4100422090
10,syr_darya,4100390110,1,0,4100422090
10,syr_darya,4100390120,1,0,4100422090
10,syr_darya,4100390240,1,0,4100422090
10,syr_darya,4100390310,1,1,4100422090
10,syr_darya,4100390320,1,1,4100422090
10,syr_darya,4100390330,1,1,4100422090
10,syr_darya,4100390430,1,1,4100422090
10,syr_darya,4100390570,1,1,4100422090
10,syr_darya,4100390580,1,1,4100422090
10,syr_darya,4100390990,1,1,4100422090
10,syr_darya,4100391120,1,0,4100422090
10,syr_darya,4100391130,1,1,4100422090
10,syr_darya,4100391140,1,1,4100422090
10,syr_darya,4100391150,1,1,4100422090
10,syr_darya,4100391290,1,1,4100422090
10,syr_darya,4100391300,1,1,4100422090
10,syr_darya,4100391310,1,1,4100422090
10,syr_darya,4100391490,1,0,4100422090
10,syr_darya,4100391500,1,1,4100422090
10,syr_darya,4100391510,1,1,4100422090
10,syr_darya,4100391620,1,1,4100422090
10,syr_darya,4100391630,1,1,4100422090
10,syr_darya,4100391640,1,1,4100422090
10,syr_darya,4100391770,1,1,4100422090
10,syr_darya,4100391910,1,0,4100422090
10,syr_darya,4100391920,1,1,4100422090
10,syr_darya,4100391930,1,1,4100422090
10,syr_darya,4100392010,1,0,4100422090
10,syr_darya,4100392020,1,0,4100422090
10,syr_darya,4100392030,1,1,4100422090
10,syr_darya,4100392040,1,1,4100422090
10,syr_darya,4100392170,1,0,4100422090
10,syr_darya,4100392180,1,1,4100422090
10,syr_darya,4100392190,1,1,4100422090
10,syr_darya,4100392360,1,1,4100422090
10,syr_darya,4100392370,1,1,4100422090
10,syr_darya,4100392380,1,1,4100422090
10,syr_darya,4100392490,1,1,4100422090
10,syr_darya,4100392500,1,1,4100422090
10,syr_darya,4100392510,1,1,4100422090
10,syr_darya,4100392630,1,1,4100422090
10,syr_darya,4100392750,1,1,4100422090
10,syr_darya,4100392760,1,1,4100422090
10,syr_darya,4100392890,1,1,4100422090
10,syr_darya,4100392900,1,1,4100422090
10,syr_darya,4100393080,1,0,4100422090
10,syr_darya,4100393250,1,0,4100422090
10,syr_darya,4100393260,1,1,4100422090
10,syr_darya,4100393270,1,1,4100422090
10,syr_darya,4100393280,1,1,4100422090
10,syr_darya,4100393450,1,1,4100422090
10,syr_darya,4100393460,1,1,4100422090
10,syr_darya,4100393470,1,1,4100422090
10,syr_darya,4100393480,1,1,4100422090
10,syr_darya,4100393620,1,1,4100422090
10,syr_darya,4100393630,1,1,4100422090
10,syr_darya,4100393640,1,1,4100422090
10,syr_darya,4100393900,1,1,4100422090
10,syr_darya,4100393920,1,1,4100422090
10,syr_darya,4100394050,1,1,4100422090
10,syr_darya,4100394060,1,1,4100422090
10,syr_darya,4100394080,1,1,4100422090
10,syr_darya,4100394180,1,0,4100422090
10,syr_darya,4100394190,1,1,4100422090
10,syr_darya,4100394200,1,1,4100422090
10,syr_darya,4100394310,1,0,4100422090
10,syr_darya,4100394320,1,1,4100422090
10,syr_darya,4100394330,1,1,4100422090
10,syr_darya,4100394340,1,1,4100422090
10,syr_darya,4100394350,1,1,4100422090
10,syr_darya,4100394360,1,1,4100422090
10,syr_darya,4100394480,1,1,4100422090
10,syr_darya,4100394490,1,1,4100422090
10,syr_darya,4100394500,1,1,4100422090
10,syr_darya,4100394510,1,1,4100422090
10,syr_darya,4100394600,1,1,4100422090
10,syr_darya,4100394670,1,1,4100422090
10,syr_darya,4100394770,1,0,4100422090
10,syr_darya,4100394860,1,0,4100422090
10,syr_darya,4100394980,1,0,4100422090
10,syr_darya,4100394990,1,0,4100422090
10,syr_darya,4100395000,1,1,4100422090
10,syr_darya,4100395120,1,0,4100422090
10,syr_darya,4100395250,1,0,4100422090
10,syr_darya,4100395260,1,1,4100422090
10,syr_darya,4100395420,1,0,4100422090
10,syr_darya,4100395430,1,1,4100422090
10,syr_darya,4100395560,1,0,4100422090
10,syr_darya,4100395570,1,0,4100422090
10,syr_darya,4100395580,1,1,4100422090
10,syr_darya,4100395710,1,0,4100422090
10,syr_darya,4100395720,1,1,4100422090
10,syr_darya,4100395730,1,1,4100422090
10,syr_darya,4100395790,1,0,4100422090
10,syr_darya,4100395800,1,0,4100422090
10,syr_darya,4100395810,1,1,4100422090
10,syr_darya,4100395820,1,1,4100422090
10,syr_darya,4100395980,1,1,4100422090
10,syr_darya,4100396130,1,0,4100422090
10,syr_darya,4100396240,1,0,4100422090
10,syr_darya,4100396250,1,1,4100422090
10,syr_darya,4100396260,1,1,4100422090
10,syr_darya,4100396340,1,1,4100422090
10,syr_darya,4100396440,1,1,4100422090
10,syr_darya,4100396530,1,0,4100422090
10,syr_darya,4100396540,1,0,4100422090
10,syr_darya,4100396550,1,0,4100422090
10,syr_darya,4100396560,1,1,4100422090
10,syr_darya,4100396570,1,1,4100422090
10,syr_darya,4100396780,1,0,4100422090
10,syr_darya,4100396790,1,0,4100422090
10,syr_darya,4100396800,1,0,4100422090
10,syr_darya,4100396810,1,1,4100422090
10,syr_darya,4100396820,1,1,4100422090
10,syr_darya,4100396920,1,1,4100422090
10,syr_darya,4100396930,1,1,4100422090
10,syr_darya,4100397070,1,1,4100422090
10,syr_darya,4100397080,1,1,4100422090
10,syr_darya,4100397090,1,1,4100422090
10,syr_darya,4100397180,1,0,4100422090
10,syr_darya,4100397190,1,0,4100422090
10,syr_darya,4100397310,1,0,4100422090
10,syr_darya,4100397320,1,0,4100422090
10,syr_darya,4100397530,1,1,4100422090
10,syr_darya,4100397540,1,1,4100422090
10,syr_darya,4100397710,1,0,4100422090
10,syr_darya,4100397780,1,0,4100422090
10,syr_darya,4100397790,1,0,4100422090
10,syr_darya,4100397800,1,1,4100422090
10,syr_darya,4100397810,1,1,4100422090
10,syr_darya,4100397900,1,0,4100422090
10,syr_darya,4100398040,1,0,4100422090
10,syr_darya,4100398050,1,1,4100422090
10,syr_darya,4100398230,1,0,4100422090
10,syr_darya,4100398410,1,1,4100422090
10,syr_darya,4100398420,1,1,4100422090
10,syr_darya,4100398430,1,1,4100422090
10,syr_darya,4100398540,1,1,4100422090
10,syr_darya,4100398550,1,1,4100422090
10,syr_darya,4100398680,1,0,4100422090
10,syr_darya,4100398690,1,0,4100422090
10,syr_darya,4100398700,1,1,4100422090
10,syr_darya,4100398800,1,0,4100422090
10,syr_darya,4100398810,1,0,4100422090
10,syr_darya,4100398820,1,0,4100422090
10,syr_darya,4100398910,1,0,4100422090
10,syr_darya,4100398920,1,1,4100422090
10,syr_darya,4100398930,1,1,4100422090
10,syr_darya,4100398940,1,1,4100422090
10,syr_darya,4100398950,1,1,4100422090
10,syr_darya,4100399100,1,0,4100422090
10,syr_darya,4100399110,1,0,4100422090
10,syr_darya,4100399120,1,1,4100422090
10,syr_darya,4100399130,1,1,4100422090
10,syr_darya,4100399140,1,1,4100422090
10,syr_darya,4100399150,1,1,4100422090
10,syr_darya,4100399380,1,1,4100422090
10,syr_darya,4100399390,1,1,4100422090
10,syr_darya,4100399400,1,1,4100422090
10,syr_darya,4100399550,1,1,4100422090
10,syr_darya,4100399690,1,1,4100422090
10,syr_darya,4100400420,1,0,4100422090
10,syr_darya,4100400430,1,0,4100422090
10,syr_darya,4100400610,1,0,4100422090
10,syr_darya,4100400770,1,0,4100422090
10,syr_darya,4100401050,1,1,4100422090
10,syr_darya,4100401060,1,1,4100422090
10,syr_darya,4100401180,1,1,4100422090
10,syr_darya,4100401190,1,1,4100422090
10,syr_darya,4100401490,1,0,4100422090
10,syr_darya,4100401500,1,0,4100422090
10,syr_darya,4100401510,1,0,4100422090
10,syr_darya,4100401520,1,1,4100422090
10,syr_darya,4100401640,1,0,4100422090
10,syr_darya,4100401650,1,1,4100422090
10,syr_darya,4100401740,1,0,4100422090
10,syr_darya,4100401750,1,0,4100422090
10,syr_darya,4100401990,1,1,4100422090
10,syr_darya,4100402110,1,1,4100422090
10,syr_darya,4100402120,1,1,4100422090
10,syr_darya,4100402320,1,1,4100422090
10,syr_darya,4100402330,1,1,4100422090
10,syr_darya,4100402460,1,0,4100422090
10,syr_darya,4100402470,1,0,4100422090
10,syr_darya,4100402480,1,1,4100422090
10,syr_darya,4100402490,1,1,4100422090
10,syr_darya,4100402500,1,1,4100422090
10,syr_darya,4100402510,1,1,4100422090
10,syr_darya,4100402720,1,0,4100422090
10,syr_darya,4100402730,1,1,4100422090
10,syr_darya,4100402860,1,0,4100422090
10,syr_darya,4100402870,1,0,4100422090
10,syr_darya,4100402880,1,1,4100422090
10,syr_darya,4100403030,1,0,4100422090
10,syr_darya,4100403040,1,0,4100422090
10,syr_darya,4100403050,1,0,4100422090
10,syr_darya,4100403060,1,1,4100422090
10,syr_darya,4100403070,1,1,4100422090
10,syr_darya,4100403120,1,1,4100422090
10,syr_darya,4100403130,1,1,4100422090
10,syr_darya,4100403140,1,1,4100422090
10,syr_darya,4100403150,1,1,4100422090
10,syr_darya,4100403320,1,1,4100422090
10,syr_darya,4100403330,1,1,4100422090
10,syr_darya,4100403340,1,1,4100422090
10,syr_darya,4100403350,1,1,4100422090
10,syr_darya,4100403360,1,1,4100422090
10,syr_darya,4100403370,1,1,4100422090
10,syr_darya,4100403380,1,1,4100422090
10,syr_darya,4100403390,1,1,4100422090
10,syr_darya,4100403400,1,1,4100422090
10,syr_darya,4100403590,1,1,4100422090
10,syr_darya,4100403600,1,1,4100422090
10,syr_darya,4100403610,1,1,4100422090
10,syr_darya,4100403620,1,1,4100422090
10,syr_darya,4100403630,1,1,4100422090
10,syr_darya,4100403840,1,1,4100422090
10,syr_darya,4100403850,1,1,4100422090
10,syr_darya,4100403860,1,1,4100422090
10,syr_darya,4100403870,1,1,4100422090
10,syr_darya,4100403880,1,1,4100422090
10,syr_darya,4100403890,1,1,4100422090
10,syr_darya,4100403900,1,1,4100422090
10,syr_darya,4100403910,1,1,4100422090
10,syr_darya,4100404070,1,1,4100422090
10,syr_darya,4100404080,1,1,4100422090
10,syr_darya,4100404090,1,1,4100422090
10,syr_darya,4100404270,1,0,4100422090
10,syr_darya,4100404280,1,1,4100422090
10,syr_darya,4100404290,1,1,4100422090
10,syr_darya,4100404300,1,1,4100422090
10,syr_darya,4100404500,1,0,4100422090
10,syr_darya,4100404630,1,0,4100422090
10,syr_darya,4100404640,1,1,4100422090
10,syr_darya,4100404650,1,1,4100422090
10,syr_darya,4100404660,1,1,4100422090
10,syr_darya,4100404800,1,0,4100422090
10,syr_darya,4100404810,1,1,4100422090
10,syr_darya,4100404820,1,1,4100422090
10,syr_darya,4100404920,1,0,4100422090
10,syr_darya,4100404930,1,0,4100422090
10,syr_darya,4100404940,1,0,4100422090
10,syr_darya,4100404950,1,1,4100422090
10,syr_darya,4100404960,1,1,4100422090
10,syr_darya,4100404970,1,1,4100422090
10,syr_darya,4100405130,1,0,4100422090
10,syr_darya,4100405140,1,1,4100422090
10,syr_darya,4100405340,1,1,4100422090
10,syr_darya,4100405350,1,1,4100422090
10,syr_darya,4100405480,1,0,4100422090
10,syr_darya,4100405490,1,0,4100422090
10,syr_darya,4100405500,1,1,4100422090
10,syr_darya,4100405510,1,1,4100422090
10,syr_darya,4100405630,1,0,4100422090
10,syr_darya,4100405640,1,1,4100422090
10,syr_darya,4100405740,1,1,4100422090
10,syr_darya,4100405750,1,1,4100422090
10,syr_darya,4100405760,1,1,4100422090
10,syr_darya,4100405900,1,0,4100422090
10,syr_darya,4100405910,1,0,4100422090
10,syr_darya,4100406080,1,0,4100422090
10,syr_darya,4100406210,1,0,4100422090
10,syr_darya,4100406220,1,0,4100422090
10,syr_darya,4100406410,1,1,4100422090
10,syr_darya,4100406570,1,1,4100422090
10,syr_darya,4100406760,1,0,4100422090
10,syr_darya,4100406770,1,0,4100422090
10,syr_darya,4100406780,1,0,4100422090
10,syr_darya,4100406790,1,0,4100422090
10,syr_darya,4100406800,1,1,4100422090
10,syr_darya,4100406810,1,1,4100422090
10,syr_darya,4100407280,1,1,4100422090
10,syr_darya,4100407450,1,0,4100422090
10,syr_darya,4100407460,1,1,4100422090
10,syr_darya,4100407470,1,1,4100422090
10,syr_darya,4100407480,1,1,4100422090
10,syr_darya,4100407600,1,0,4100422090
10,syr_darya,4100407700,1,0,4100422090
10,syr_darya,4100407710,1,1,4100422090
10,syr_darya,4100407830,1,0,4100422090
10,syr_darya,4100407840,1,1,4100422090
10,syr_darya,4100407850,1,1,4100422090
10,syr_darya,4100407970,1,1,4100422090
10,syr_darya,4100408120,1,1,4100422090
10,syr_darya,4100408130,1,1,4100422090
10,syr_darya,4100408140,1,1,4100422090
10,syr_darya,4100408150,1,1,4100422090
10,syr_darya,4100408270,1,0,4100422090
10,syr_darya,4100408350,1,0,4100422090
10,syr_darya,4100408740,1,1,4100422090
10,syr_darya,4100408800,1,1,4100422090
10,syr_darya,4100409130,1,1,4100422090
10,syr_darya,4100409320,1,1,4100422090
10,syr_darya,4100409330,1,1,4100422090
10,syr_darya,4100409420,1,0,4100422090
10,syr_darya,4100409430,1,0,4100422090
10,syr_darya,4100409440,1,1,4100422090
10,syr_darya,4100409450,1,1,4100422090
10,syr_darya,4100409460,1,1,4100422090
10,syr_darya,4100409570,1,0,4100422090
10,syr_darya,4100409580,1,0,4100422090
10,syr_darya,4100409710,1,0,4100422090
10,syr_darya,4100409720,1,0,4100422090
10,syr_darya,4100409810,1,0,4100422090
10,syr_darya,4100409820,1,1,4100422090
10,syr_darya,4100409830,1,1,4100422090
10,syr_darya,4100409940,1,0,4100422090
10,syr_darya,4100409950,1,1,4100422090
10,syr_darya,4100410040,1,1,4100422090
10,syr_darya,4100410050,1,1,4100422090
10,syr_darya,4100410150,1,0,4100422090
10,syr_darya,4100410160,1,1,4100422090
10,syr_darya,4100410170,1,1,4100422090
10,syr_darya,4100410180,1,1,4100422090
10,syr_darya,4100410270,1,1,4100422090
10,syr_darya,4100410410,1,0,4100422090
10,syr_darya,4100410420,1,1,4100422090
10,syr_darya,4100410920,1,1,4100422090
10,syr_darya,4100411220,1,0,4100422090
10,syr_darya,4100411230,1,1,4100422090
10,syr_darya,4100411430,1,0,4100422090
10,syr_darya,4100411600,1,0,4100422090
10,syr_darya,4100411610,1,0,4100422090
10,syr_darya,4100411710,1,0,4100422090
10,syr_darya,4100411720,1,0,4100422090
10,syr_darya,4100411860,1,1,4100422090
10,syr_darya,4100411980,1,0,4100422090
10,syr_darya,4100411990,1,0,4100422090
10,syr_darya,4100412000,1,1,4100422090
10,syr_darya,4100412110,1,1,4100422090
10,syr_darya,4100412280,1,0,4100422090
10,syr_darya,4100412290,1,1,4100422090
10,syr_darya,4100412470,1,0,4100422090
10,syr_darya,4100412580,1,0,4100422090
10,syr_darya,4100412590,1,1,4100422090
10,syr_darya,4100412600,1,1,4100422090
10,syr_darya,4100412610,1,1,4100422090
10,syr_darya,4100412620,1,1,4100422090
10,syr_darya,4100412720,1,0,4100422090
10,syr_darya,4100412730,1,1,4100422090
10,syr_darya,4100412740,1,1,4100422090
10,syr_darya,4100413000,1,1,4100422090
10,syr_darya,4100413280,1,0,4100422090
10,syr_darya,4100413290,1,0,4100422090
10,syr_darya,4100413300,1,1,4100422090
10,syr_darya,4100413420,1,0,4100422090
10,syr_darya,4100413430,1,0,4100422090
10,syr_darya,4100413440,1,0,4100422090
10,syr_darya,4100413450,1,0,4100422090
10,syr_darya,4100413560,1,1,4100422090
10,syr_darya,4100413680,1,1,4100422090
10,syr_darya,4100413690,1,1,4100422090
10,syr_darya,4100413760,1,1,4100422090
10,syr_darya,4100413860,1,1,4100422090
10,syr_darya,4100413870,1,1,4100422090
10,syr_darya,4100413990,1,0,4100422090
10,syr_darya,4100414000,1,1,4100422090
10,syr_darya,4100414010,1,1,4100422090
10,syr_darya,4100414130,1,0,4100422090
10,syr_darya,4100414140,1,0,4100422090
10,syr_darya,4100414150,1,0,4100422090
10,syr_darya,4100414160,1,1,4100422090
10,syr_darya,4100414170,1,1,4100422090
10,syr_darya,4100414210,1,0,4100422090
10,syr_darya,4100414220,1,0,4100422090
10,syr_darya,4100414400,1,1,4100422090
10,syr_darya,4100414480,1,0,4100422090
10,syr_darya,4100414490,1,1,4100422090
10,syr_darya,4100414570,1,0,4100422090
10,syr_darya,4100414690,1,0,4100422090
10,syr_darya,4100414810,1,0,4100422090
10,syr_darya,4100414820,1,0,4100422090
10,syr_darya,4100414830,1,0,4100422090
10,syr_darya,4100415000,1,0,4100422090
10,syr_darya,4100415010,1,0,4100422090
10,syr_darya,4100415130,1,1,4100422090
10,syr_darya,4100415420,1,0,4100422090
10,syr_darya,4100415430,1,1,4100422090
10,syr_darya,4100415550,1,0,4100422090
10,syr_darya,4100415970,1,0,4100422090
10,syr_darya,4100416150,1,0,4100422090
10,syr_darya,4100416160,1,0,4100422090
10,syr_darya,4100416340,1,0,4100422090
10,syr_darya,4100416950,1,1,4100422090
10,syr_darya,4100416960,1,1,4100422090
10,syr_darya,4100417050,1,0,4100422090
10,syr_darya,4100417060,1,1,4100422090
10,syr_darya,4100417190,1,0,4100422090
10,syr_darya,4100417200,1,0,4100422090
10,syr_darya,4100417210,1,1,4100422090
10,syr_darya,4100417310,1,0,4100422090
10,syr_darya,4100417430,1,0,4100422090
10,syr_darya,4100417440,1,0,4100422090
10,syr_darya,4100417450,1,0,4100422090
10,syr_darya,4100417460,1,1,4100422090
10,syr_darya,4100417620,1,0,4100422090
10,syr_darya,4100417630,1,0,4100422090
10,syr_darya,4100417640,1,1,4100422090
10,syr_darya,4100417650,1,1,4100422090
10,syr_darya,4100417820,1,0,4100422090
10,syr_darya,4100417840,1,0,4100422090
10,syr_darya,4100417850,1,1,4100422090
10,syr_darya,4100417860,1,1,4100422090
10,syr_darya,4100417970,1,0,4100422090
10,syr_darya,4100417980,1,0,4100422090
10,syr_darya,4100417990,1,0,4100422090
10,syr_darya,4100418000,1,0,4100422090
10,syr_darya,4100418010,1,0,4100422090
10,syr_darya,4100418020,1,0,4100422090
10,syr_darya,4100418030,1,1,4100422090
10,syr_darya,4100418040,1,1,4100422090
10,syr_darya,4100418050,1,1,4100422090
10,syr_darya,4100418160,1,0,4100422090
10,syr_darya,4100418170,1,0,4100422090
10,syr_darya,4100418180,1,0,4100422090
10,syr_darya,4100418190,1,0,4100422090
10,syr_darya,4100418200,1,0,4100422090
10,syr_darya,4100418210,1,0,4100422090
10,syr_darya,4100418220,1,0,4100422090
10,syr_darya,4100418230,1,0,4100422090
10,syr_darya,4100418370,1,0,4100422090
10,syr_darya,4100418380,1,0,4100422090
10,syr_darya,4100418510,1,0,4100422090
10,syr_darya,4100418520,1,0,4100422090
10,syr_darya,4100418710,1,0,4100422090
10,syr_darya,4100418720,1,0,4100422090
10,syr_darya,4100418730,1,0,4100422090
10,syr_darya,4100418740,1,1,4100422090
10,syr_darya,4100418910,1,0,4100422090
10,syr_darya,4100418920,1,0,4100422090
10,syr_darya,4100418930,1,0,4100422090
10,syr_darya,4100418940,1,1,4100422090
10,syr_darya,4100418950,1,1,4100422090
10,syr_darya,4100418960,1,1,4100422090
10,syr_darya,4100419060,1,0,4100422090
10,syr_darya,4100419070,1,1,4100422090
10,syr_darya,4100419230,1,1,4100422090
10,syr_darya,4100419240,1,1,4100422090
10,syr_darya,4100419390,1,0,4100422090
10,syr_darya,4100419400,1,0,4100422090
10,syr_darya,4100419410,1,0,4100422090
10,syr_darya,4100419420,1,0,4100422090
10,syr_darya,4100419530,1,0,4100422090
10,syr_darya,4100419540,1,0,4100422090
10,syr_darya,4100419550,1,0,4100422090
10,syr_darya,4100419560,1,0,4100422090
10,syr_darya,4100419570,1,0,4100422090
10,syr_darya,4100419580,1,0,4100422090
10,syr_darya,4100419590,1,1,4100422090
10,syr_darya,4100419730,1,0,4100422090
10,syr_darya,4100419740,1,0,4100422090
10,syr_darya,4100419750,1,0,4100422090
10,syr_darya,4100419760,1,0,4100422090
10,syr_darya,4100419930,1,0,4100422090
10,syr_darya,4100419940,1,0,4100422090
10,syr_darya,4100419950,1,0,4100422090
10,syr_darya,4100419960,1,0,4100422090
10,syr_darya,4100420020,1,1,4100422090
10,syr_darya,4100420030,1,1,4100422090
10,syr_darya,4100420090,1,0,4100422090
10,syr_darya,4100420100,1,1,4100422090
10,syr_darya,4100420110,1,1,4100422090
10,syr_darya,4100420190,1,0,4100422090
10,syr_darya,4100420200,1,0,4100422090
10,syr_darya,4100420210,1,0,4100422090
10,syr_darya,4100420220,1,1,4100422090
10,syr_darya,4100420330,1,0,4100422090
10,syr_darya,4100420340,1,0,4100422090
10,syr_darya,4100420350,1,0,4100422090
10,syr_darya,4100420360,1,0,4100422090
10,syr_darya,4100420370,1,0,4100422090
10,syr_darya,4100420440,1,0,4100422090
10,syr_darya,4100420450,1,0,4100422090
10,syr_darya,4100420460,1,0,4100422090
10,syr_darya,4100420470,1,0,4100422090
10,syr_darya,4100420480,1,1,4100422090
10,syr_darya,4100420490,1,1,4100422090
10,syr_darya,4100420500,1,1,4100422090
10,syr_darya,4100420590,1,1,4100422090
10,syr_darya,4100420600,1,1,4100422090
10,syr_darya,4100420610,1,1,4100422090
10,syr_darya,4100420620,1,1,4100422090
10,syr_darya,4100420630,1,1,4100422090
10,syr_darya,4100420640,1,1,4100422090
10,syr_darya,4100420650,1,1,4100422090
10,syr_darya,4100420750,1,0,4100422090
10,syr_darya,4100420760,1,0,4100422090
10,syr_darya,4100420780,1,1,4100422090
10,syr_darya,4100420790,1,1,4100422090
10,syr_darya,4100420800,1,1,4100422090
10,syr_darya,4100420810,1,1,4100422090
10,syr_darya,4100420950,1,0,4100422090
10,syr_darya,4100420960,1,0,4100422090
10,syr_darya,4100420980,1,1,4100422090
10,syr_darya,4100421160,1,0,4100422090
10,syr_darya,4100421180,1,0,4100422090
10,syr_darya,4100421190,1,0,4100422090
10,syr_darya,4100421200,1,1,4100422090
10,syr_darya,4100421210,1,1,4100422090
10,syr_darya,4100421220,1,1,4100422090
10,syr_darya,4100421360,1,0,4100422090
10,syr_darya,4100421370,1,0,4100422090
10,syr_darya,4100421390,1,0,4100422090
10,syr_darya,4100421400,1,0,4100422090
10,syr_darya,4100421620,1,0,4100422090
10,syr_darya,4100421630,1,0,4100422090
10,syr_darya,4100421640,1,0,4100422090
10,syr_darya,4100421650,1,0,4100422090
10,syr_darya,4100421660,1,0,4100422090
10,syr_darya,4100421670,1,1,4100422090
10,syr_darya,4100421850,1,0,4100422090
10,syr_darya,4100421860,1,0,4100422090
10,syr_darya,4100421870,1,1,4100422090
10,syr_darya,4100421880,1,1,4100422090
10,syr_darya,4100422070,1,0,4100422090
10,syr_darya,4100422080,1,0,4100422090
10,syr_darya,4100422090,1,1,4100422090
10,syr_darya,4100422100,1,1,4100422090
10,syr_darya,4100422110,1,1,4100422090
10,syr_darya,4100422180,1,0,4100422090
10,syr_darya,4100422190,1,0,4100422090
10,syr_darya,4100422200,1,0,4100422090
10,syr_darya,4100422210,1,0,4100422090
10,syr_darya,4100422220,1,0,4100422090
10,syr_darya,4100422230,1,0,4100422090
10,syr_darya,4100422330,1,0,4100422090
10,syr_darya,4100422340,1,0,4100422090
10,syr_darya,4100422350,1,0,4100422090
10,syr_darya,4100422360,1,0,4100422090
10,syr_darya,4100422370,1,1,4100422090
10,syr_darya,4100422380,1,1,4100422090
10,syr_darya,4100422390,1,1,4100422090
10,syr_darya,4100422400,1,1,4100422090
10,syr_darya,4100422540,1,0,4100422090
10,syr_darya,4100422550,1,1,4100422090
10,syr_darya,4100422560,1,1,4100422090
10,syr_darya,4100422700,1,0,4100422090
10,syr_darya,4100422710,1,0,4100422090
10,syr_darya,4100422730,1,1,4100422090
10,syr_darya,4100422910,1,0,4100422090
10,syr_darya,4100422920,1,0,4100422090
10,syr_darya,4100422930,1,0,4100422090
10,syr_darya,4100422940,1,0,4100422090
10,syr_darya,4100422950,1,1,4100422090
10,syr_darya,4100422960,1,1,4100422090
10,syr_darya,4100423100,1,0,4100422090
10,syr_darya,4100423120,1,1,4100422090
10,syr_darya,4100423130,1,1,4100422090
10,syr_darya,4100423210,1,0,4100422090
10,syr_darya,4100423220,1,1,4100422090
10,syr_darya,4100423230,1,1,4100422090
10,syr_darya,4100423330,1,0,4100422090
10,syr_darya,4100423340,1,1,4100422090
10,syr_darya,4100423440,1,0,4100422090
10,syr_darya,4100423450,1,0,4100422090
10,syr_darya,4100423460,1,0,4100422090
10,syr_darya,4100423470,1,0,4100422090
10,syr_darya,4100423480,1,1,4100422090
10,syr_darya,4100423610,1,0,4100422090
10,syr_darya,4100423760,1,0,4100422090
10,syr_darya,4100423770,1,0,4100422090
10,syr_darya,4100423850,1,0,4100422090
10,syr_darya,4100423860,1,0,4100422090
10,syr_darya,4100423940,1,0,4100422090
10,syr_darya,4100423950,1,0,4100422090
10,syr_darya,4100423960,1,0,4100422090
10,syr_darya,4100424100,1,1,4100422090
10,syr_darya,4100424110,1,1,4100422090
10,syr_darya,4100424200,1,0,4100422090
10,syr_darya,4100424210,1,0,4100422090
10,syr_darya,4100424220,1,0,4100422090
10,syr_darya,4100424230,1,1,4100422090
10,syr_darya,4100424240,1,1,4100422090
10,syr_darya,4100424400,1,0,4100422090
10,syr_darya,4100424410,1,0,4100422090
10,syr_darya,4100424420,1,0,4100422090
10,syr_darya,4100424430,1,0,4100422090
10,syr_darya,4100424440,1,1,4100422090
10,syr_darya,4100424450,1,1,4100422090
10,syr_darya,4100424460,1,1,4100422090
10,syr_darya,4100424470,1,1,4100422090
10,syr_darya,4100424650,1,0,4100422090
10,syr_darya,4100424660,1,0,4100422090
10,syr_darya,4100424670,1,1,4100422090
10,syr_darya,4100424680,1,1,4100422090
10,syr_darya,4100424770,1,0,4100422090
10,syr_darya,4100424780,1,1,4100422090
10,syr_darya,4100424790,1,1,4100422090
10,syr_darya,4100424900,1,0,4100422090
10,syr_darya,4100424910,1,1,4100422090
10,syr_darya,4100424920,1,1,4100422090
10,syr_darya,4100424930,1,1,4100422090
10,syr_darya,4100425070,1,1,4100422090
10,syr_darya,4100425080,1,1,4100422090
10,syr_darya,4100425250,1,0,4100422090
10,syr_darya,4100425260,1,0,4100422090
10,syr_darya,4100425270,1,0,4100422090
10,syr_darya,4100425370,1,0,4100422090
10,syr_darya,4100425380,1,0,4100422090
10,syr_darya,4100425390,1,0,4100422090
10,syr_darya,4100425400,1,0,4100422090
10,syr_darya,4100425410,1,0,4100422090
10,syr_darya,4100425420,1,0,4100422090
10,syr_darya,4100425430,1,0,4100422090
10,syr_darya,4100425440,1,1,4100422090
10,syr_darya,4100425610,1,0,4100422090
10,syr_darya,4100425620,1,0,4100422090
10,syr_darya,4100425630,1,0,4100422090
10,syr_darya,4100425640,1,0,4100422090
10,syr_darya,4100425650,1,0,4100422090
10,syr_darya,4100425660,1,1,4100422090
10,syr_darya,4100425670,1,1,4100422090
10,syr_darya,4100425680,1,1,4100422090
10,syr_darya,4100425690,1,1,4100422090
10,syr_darya,4100425700,1,1,4100422090
10,syr_darya,4100425710,1,1,4100422090
10,syr_darya,4100425850,1,0,4100422090
10,syr_darya,4100425860,1,0,4100422090
10,syr_darya,4100425870,1,0,4100422090
10,syr_darya,4100425880,1,0,4100422090
10,syr_darya,4100425890,1,1,4100422090
10,syr_darya,4100425900,1,1,4100422090
10,syr_darya,4100425910,1,1,4100422090
10,syr_darya,4100425920,1,1,4100422090
10,syr_darya,4100425930,1,1,4100422090
10,syr_darya,4100425940,1,1,4100422090
10,syr_darya,4100426160,1,0,4100422090
10,syr_darya,4100426170,1,0,4100422090
10,syr_darya,4100426180,1,0,4100422090
10,syr_darya,4100426190,1,1,4100422090
10,syr_darya,4100426200,1,1,4100422090
10,syr_darya,4100426290,1,0,4100422090
10,syr_darya,4100426300,1,0,4100422090
10,syr_darya,4100426310,1,1,4100422090
10,syr_darya,4100426320,1,1,4100422090
10,syr_darya,4100426410,1,0,4100422090
10,syr_darya,4100426420,1,0,4100422090
10,syr_darya,4100426430,1,0,4100422090
10,syr_darya,4100426440,1,1,4100422090
10,syr_darya,4100426550,1,1,4100422090
10,syr_darya,4100426560,1,1,4100422090
10,syr_darya,4100426750,1,0,4100422090
10,syr_darya,4100426760,1,1,4100422090
10,syr_darya,4100426890,1,0,4100422090
10,syr_darya,4100427000,1,0,4100422090
10,syr_darya,4100427110,1,0,4100422090
10,syr_darya,4100427220,1,0,4100422090
10,syr_darya,4100427230,1,0,4100422090
10,syr_darya,4100427410,1,0,4100422090
10,syr_darya,4100427550,1,0,4100422090
10,syr_darya,4100427650,1,0,4100422090
10,syr_darya,4100427660,1,0,4100422090
10,syr_darya,4100427670,1,0,4100422090
10,syr_darya,4100427680,1,0,4100422090
10,syr_darya,4100427690,1,1,4100422090
10,syr_darya,4100427700,1,1,4100422090
10,syr_darya,4100427710,1,1,4100422090
10,syr_darya,4100427780,1,0,4100422090
10,syr_darya,4100427790,1,0,4100422090
10,syr_darya,4100427800,1,1,4100422090
10,syr_darya,4100427890,1,0,4100422090
10,syr_darya,4100428300,1,0,4100422090
10,syr_darya,4100428460,1,0,4100422090
10,syr_darya,4100428470,1,0,4100422090
10,syr_darya,4100428720,1,0,4100422090
10,syr_darya,4100428730,1,0,4100422090
10,syr_darya,4100428880,1,0,4100422090
10,syr_darya,4100428890,1,0,4100422090
10,syr_darya,4100428900,1,0,4100422090
10,syr_darya,4100428910,1,0,4100422090
10,syr_darya,4100429520,1,0,4100422090
10,syr_darya,4100429530,1,0,4100422090
10,syr_darya,4100429540,1,0,4100422090
10,syr_darya,4100429680,1,0,4100422090
10,syr_darya,4100429690,1,0,4100422090
10,syr_darya,4100429700,1,0,4100422090
10,syr_darya,4100429710,1,0,4100422090
10,syr_darya,4100429720,1,0,4100422090
10,syr_darya,4100429880,1,0,4100422090
10,syr_darya,4100429890,1,0,4100422090
10,syr_darya,4100430020,1,0,4100422090
10,syr_darya,4100430030,1,0,4100422090
10,syr_darya,4100430040,1,1,4100422090
10,syr_darya,4100430220,1,0,4100422090
10,syr_darya,4100430230,1,0,4100422090
10,syr_darya,4100430240,1,0,4100422090
10,syr_darya,4100430250,1,0,4100422090
10,syr_darya,4100430260,1,1,4100422090
10,syr_darya,4100430390,1,0,4100422090
10,syr_darya,4100430560,1,0,4100422090
10,syr_darya,4100430570,1,0,4100422090
10,syr_darya,4100430580,1,0,4100422090
10,syr_darya,4100430590,1,0,4100422090
10,syr_darya,4100430800,1,1,4100422090
10,syr_darya,4100430950,1,0,4100422090
10,syr_darya,4100430960,1,1,4100422090
10,syr_darya,4100431110,1,0,4100422090
10,syr_darya,4100431120,1,0,4100422090
10,syr_darya,4100431130,1,0,4100422090
10,syr_darya,4100431280,1,0,4100422090
10,syr_darya,4100431290,1,1,4100422090
10,syr_darya,4100431300,1,1,4100422090
10,syr_darya,4100431310,1,1,4100422090
10,syr_darya,4100431470,1,0,4100422090
10,syr_darya,4100431480,1,1,4100422090
10,syr_darya,4100431490,1,1,4100422090
10,syr_darya,4100431740,1,1,4100422090
10,syr_darya,4100431840,1,0,4100422090
10,syr_darya,4100431850,1,1,4100422090
10,syr_darya,4100431970,1,0,4100422090
10,syr_darya,4100431980,1,1,4100422090
10,syr_darya,4100432120,1,0,4100422090
10,syr_darya,4100432130,1,0,4100422090
10,syr_darya,4100432140,1,0,4100422090
10,syr_darya,4100432150,1,1,4100422090
10,syr_darya,4100432280,1,0,4100422090
10,syr_darya,4100432290,1,1,4100422090
10,syr_darya,4100432400,1,0,4100422090
10,syr_darya,4100432410,1,0,4100422090
10,syr_darya,4100432500,1,0,4100422090
10,syr_darya,4100432510,1,0,4100422090
10,syr_darya,4100432520,1,0,4100422090
10,syr_darya,4100432630,1,0,4100422090
10,syr_darya,4100432640,1,0,4100422090
10,syr_darya,4100432650,1,0,4100422090
10,syr_darya,4100432660,1,0,4100422090
10,syr_darya,4100432670,1,0,4100422090
10,syr_darya,4100432890,1,0,4100422090
10,syr_darya,4100432900,1,0,4100422090
10,syr_darya,4100432910,1,1,4100422090
10,syr_darya,4100433060,1,0,4100422090
10,syr_darya,4100433070,1,1,4100422090
10,syr_darya,4100433240,1,0,4100422090
10,syr_darya,4100433250,1,0,4100422090
10,syr_darya,4100433260,1,0,4100422090
10,syr_darya,4100433270,1,0,4100422090
10,syr_darya,4100433400,1,0,4100422090
10,syr_darya,4100433410,1,0,4100422090
10,syr_darya,4100433420,1,1,4100422090
10,syr_darya,4100433430,1,1,4100422090
10,syr_darya,4100433570,1,0,4100422090
10,syr_darya,4100433580,1,0,4100422090
10,syr_darya,4100433640,1,0,4100422090
10,syr_darya,4100433810,1,0,4100422090
10,syr_darya,4100434000,1,0,4100422090
10,syr_darya,4100434230,1,0,4100422090
10,syr_darya,4100434530,1,0,4100422090
10,syr_darya,4100434540,1,0,4100422090
10,syr_darya,4100434820,1,0,4100422090
10,syr_darya,4100434830,1,0,4100422090
10,syr_darya,4100434840,1,0,4100422090
10,syr_darya,4100435060,1,0,4100422090
10,syr_darya,4100435070,1,0,4100422090
10,syr_darya,4100435080,1,0,4100422090
10,syr_darya,4100435090,1,0,4100422090
10,syr_darya,4100435100,1,0,4100422090
10,syr_darya,4100435270,1,0,4100422090
10,syr_darya,4100435280,1,1,4100422090
10,syr_darya,4100435480,1,0,4100422090
10,syr_darya,4100435490,1,0,4100422090
10,syr_darya,4100435500,1,1,4100422090
10,syr_darya,4100435710,1,0,4100422090
10,syr_darya,4100435720,1,0,4100422090
10,syr_darya,4100435950,1,1,4100422090
10,syr_darya,4100436120,1,0,4100422090
10,syr_darya,4100436130,1,1,4100422090
10,syr_darya,4100436310,1,0,4100422090
10,syr_darya,4100436320,1,0,4100422090
10,syr_darya,4100436790,1,0,4100422090
10,syr_darya,4100436970,1,0,4100422090
10,syr_darya,4100436980,1,0,4100422090
10,syr_darya,4100436990,1,0,4100422090
10,syr_darya,4100437000,1,0,4100422090
10,syr_darya,4100437190,1,0,4100422090
10,syr_darya,4100437410,1,0,4100422090
10,syr_darya,4100437650,1,0,4100422090
10,syr_darya,4100437870,1,0,4100422090
10,syr_darya,4100437880,1,0,4100422090
10,syr_darya,4100438100,1,0,4100422090
10,syr_darya,4100438320,1,0,4100422090
10,syr_darya,4100438950,1,0,4100422090
10,syr_darya,4100438960,1,0,4100422090
10,syr_darya,4100438970,1,1,4100422090
10,syr_darya,4100439200,1,0,4100422090
10,syr_darya,4100439210,1,0,4100422090
10,syr_darya,4100439420,1,1,4100422090
10,syr_darya,4100439610,1,0,4100422090
10,syr_darya,4100439620,1,0,4100422090
10,syr_darya,4100439630,1,0,4100422090
10,syr_darya,4100439780,1,0,4100422090
10,syr_darya,4100439940,1,1,4100422090
10,syr_darya,4100439950,1,1,4100422090
10,syr_darya,4100440260,1,1,4100422090
10,syr_darya,4100440270,1,1,4100422090
10,syr_darya,4100440780,1,0,4100422090
10,syr_darya,4100440790,1,0,4100422090
10,syr_darya,4100440960,1,0,4100422090
10,syr_darya,4100440970,1,0,4100422090
10,syr_darya,4100441220,1,1,4100422090
10,syr_darya,4100441230,1,1,4100422090
10,syr_darya,4100441390,1,0,4100422090
10,syr_darya,4100441400,1,0,4100422090
10,syr_darya,4100441410,1,0,4100422090
10,syr_darya,4100441540,1,0,4100422090
10,syr_darya,4100442060,1,1,4100422090
10,syr_darya,4100442250,1,0,4100422090
10,syr_darya,4100442260,1,0,4100422090
10,syr_darya,4100442270,1,1,4100422090
10,syr_darya,4100442400,1,0,4100422090
10,syr_darya,4100442410,1,0,4100422090
10,syr_darya,4100442560,1,0,4100422090
10,syr_darya,4100442570,1,0,4100422090
10,syr_darya,4100442830,1,0,4100422090
10,syr_darya,4100442840,1,0,4100422090
10,syr_darya,4100443050,1,0,4100422090
10,syr_darya,4100443190,1,0,4100422090
10,syr_darya,4100443200,1,0,4100422090
10,syr_darya,4100443210,1,0,4100422090
10,syr_darya,4100443740,1,0,4100422090
10,syr_darya,4100443750,1,0,4100422090
10,syr_darya,4100443760,1,0,4100422090
10,syr_darya,4100443770,1,1,4100422090
10,syr_darya,4100443940,1,0,4100422090
10,syr_darya,4100443950,1,0,4100422090
10,syr_darya,4100443960,1,0,4100422090
10,syr_darya,4100443970,1,1,4100422090
10,syr_darya,4100444150,1,0,4100422090
10,syr_darya,4100444160,1,0,4100422090
10,syr_darya,4100444170,1,0,4100422090
10,syr_darya,4100444330,1,0,4100422090
10,syr_darya,4100444530,1,0,4100422090
10,syr_darya,4100444540,1,0,4100422090
10,syr_darya,4100444550,1,0,4100422090
10,syr_darya,4100444560,1,0,4100422090
10,syr_darya,4100444570,1,0,4100422090
10,syr_darya,4100444580,1,1,4100422090
10,syr_darya,4100444730,1,0,4100422090
10,syr_darya,4100444740,1,0,4100422090
10,syr_darya,4100444750,1,1,4100422090
10,syr_darya,4100444870,1,0,4100422090
10,syr_darya,4100444880,1,0,4100422090
10,syr_darya,4100444890,1,0,4100422090
10,syr_darya,4100444900,1,0,4100422090
10,syr_darya,4100444910,1,1,4100422090
10,syr_darya,4100444920,1,1,4100422090
10,syr_darya,4100445080,1,0,4100422090
10,syr_darya,4100445090,1,0,4100422090
10,syr_darya,4100445110,1,0,4100422090
10,syr_darya,4100445120,1,0,4100422090
10,syr_darya,4100445130,1,1,4100422090
10,syr_darya,4100445520,1,0,4100422090
10,syr_darya,4100445530,1,1,4100422090
10,syr_darya,4100445690,1,1,4100422090
10,syr_darya,4100445860,1,0,4100422090
10,syr_darya,4100445870,1,0,4100422090
10,syr_darya,4100445880,1,1,4100422090
10,syr_darya,4100445890,1,1,4100422090
10,syr_darya,4100446090,1,0,4100422090
10,syr_darya,4100446100,1,0,4100422090
10,syr_darya,4100446110,1,0,4100422090
10,syr_darya,4100446120,1,0,4100422090
10,syr_darya,4100446130,1,0,4100422090
10,syr_darya,4100446140,1,1,4100422090
10,syr_darya,4100446150,1,1,4100422090
10,syr_darya,4100446270,1,0,4100422090
10,syr_darya,4100446280,1,0,4100422090
10,syr_darya,4100446290,1,0,4100422090
10,syr_darya,4100446300,1,0,4100422090
10,syr_darya,4100446310,1,0,4100422090
10,syr_darya,4100446320,1,1,4100422090
10,syr_darya,4100446330,1,1,4100422090
10,syr_darya,4100446520,1,0,4100422090
10,syr_darya,4100446530,1,0,4100422090
10,syr_darya,4100446540,1,0,4100422090
10,syr_darya,4100446550,1,0,4100422090
10,syr_darya,4100446560,1,0,4100422090
10,syr_darya,4100446570,1,0,4100422090
10,syr_darya,4100446580,1,1,4100422090
10,syr_darya,4100446740,1,0,4100422090
10,syr_darya,4100446750,1,1,4100422090
10,syr_darya,4100446760,1,1,4100422090
10,syr_darya,4100446870,1,0,4100422090
10,syr_darya,4100446880,1,0,4100422090
10,syr_darya,4100447050,1,0,4100422090
10,syr_darya,4100447060,1,1,4100422090
10,syr_darya,4100447200,1,0,4100422090
10,syr_darya,4100447210,1,0,4100422090
10,syr_darya,4100447220,1,1,4100422090
10,syr_darya,4100447360,1,0,4100422090
10,syr_darya,4100447370,1,0,4100422090
10,syr_darya,4100447380,1,0,4100422090
10,syr_darya,4100447500,1,0,4100422090
10,syr_darya,4100447510,1,0,4100422090
10,syr_darya,4100447520,1,0,4100422090
10,syr_darya,4100447530,1,0,4100422090
10,syr_darya,4100447540,1,0,4100422090
10,syr_darya,4100447550,1,1,4100422090
10,syr_darya,4100447720,1,1,4100422090
10,syr_darya,4100447730,1,1,4100422090
10,syr_darya,4100447920,1,0,4100422090
10,syr_darya,4100447930,1,1,4100422090
10,syr_darya,4100448090,1,0,4100422090
10,syr_darya,4100448100,1,0,4100422090
10,syr_darya,4100448260,1,0,4100422090
10,syr_darya,4100448490,1,0,4100422090
10,syr_darya,4100448560,1,0,4100422090
10,syr_darya,4100448910,1,0,4100422090
10,syr_darya,4100449030,1,0,4100422090
10,syr_darya,4100449290,1,0,4100422090
10,syr_darya,4100449410,1,0,4100422090
10,syr_darya,4100449730,1,0,4100422090
10,syr_darya,4100449740,1,0,4100422090
10,syr_darya,4100449760,1,0,4100422090
10,syr_darya,4100449930,1,0,4100422090
10,syr_darya,4100449940,1,0,4100422090
10,syr_darya,4100449950,1,0,4100422090
10,syr_darya,4100450040,1,0,4100422090
10,syr_darya,4100450210,1,0,4100422090
10,syr_darya,4100450400,1,0,4100422090
10,syr_darya,4100450640,1,0,4100422090
10,syr_darya,4100450650,1,0,4100422090
10,syr_darya,4100450770,1,0,4100422090
10,syr_darya,4100450780,1,1,4100422090
10,syr_darya,4100450980,1,1,4100422090
10,syr_darya,4100451680,1,0,4100422090
10,syr_darya,4100452020,1,0,4100422090
10,syr_darya,4100452200,1,0,4100422090
10,syr_darya,4100452210,1,0,4100422090
10,syr_darya,4100452580,1,1,4100422090
10,syr_darya,4100452960,1,1,4100422090
10,syr_darya,4100453680,1,1,4100422090
10,syr_darya,4100453690,1,1,4100422090
10,syr_darya,4100453780,1,0,4100422090
10,syr_darya,4100453790,1,0,4100422090
10,syr_darya,4100453990,1,0,4100422090
10,syr_darya,4100454080,1,0,4100422090
10,syr_darya,4100454220,1,0,4100422090
10,syr_darya,4100454360,1,0,4100422090
10,syr_darya,4100454370,1,0,4100422090
10,syr_darya,4100454380,1,0,4100422090
10,syr_darya,4100454390,1,0,4100422090
10,syr_darya,4100454400,1,0,4100422090
10,syr_darya,4100454530,1,0,4100422090
10,syr_darya,4100454540,1,0,4100422090
10,syr_darya,4100454550,1,0,4100422090
10,syr_darya,4100454700,1,0,4100422090
10,syr_darya,4100454800,1,0,4100422090
10,syr_darya,4100454920,1,0,4100422090
10,syr_darya,4100455430,1,1,4100422090
10,syr_darya,4100455440,1,1,4100422090
10,syr_darya,4100455620,1,1,4100422090
10,syr_darya,4100455630,1,1,4100422090
10,syr_darya,4100455780,1,0,4100422090
10,syr_darya,4100455790,1,0,4100422090
10,syr_darya,4100455910,1,0,4100422090
10,syr_darya,4100455920,1,0,4100422090
10,syr_darya,4100455930,1,0,4100422090
10,syr_darya,4100455940,1,0,4100422090
10,syr_darya,4100455950,1,0,4100422090
10,syr_darya,4100455960,1,1,4100422090
10,syr_darya,4100456090,1,0,4100422090
10,syr_darya,4100456100,1,0,4100422090
10,syr_darya,4100456110,1,0,4100422090
10,syr_darya,4100456120,1,0,4100422090
10,syr_darya,4100456220,1,0,4100422090
10,syr_darya,4100456230,1,1,4100422090
10,syr_darya,4100456240,1,1,4100422090
10,syr_darya,4100456320,1,1,4100422090
10,syr_darya,4100456390,1,0,4100422090
10,syr_darya,4100456400,1,0,4100422090
10,syr_darya,4100456510,1,0,4100422090
10,syr_darya,4100456640,1,0,4100422090
10,syr_darya,4100456770,1,0,4100422090
10,syr_darya,4100456780,1,0,4100422090
10,syr_darya,4100456790,1,0,4100422090
10,syr_darya,4100456950,1,0,4100422090
10,syr_darya,4100456960,1,0,4100422090
10,syr_darya,4100457110,1,0,4100422090
10,syr_darya,4100457120,1,1,4100422090
10,syr_darya,4100457130,1,1,4100422090
10,syr_darya,4100457280,1,0,4100422090
10,syr_darya,4100457290,1,0,4100422090
10,syr_darya,4100457460,1,1,4100422090
10,syr_darya,4100457580,1,1,4100422090
10,syr_darya,4100457910,1,0,4100422090
10,syr_darya,4100457920,1,0,4100422090
10,syr_darya,4100458010,1,0,4100422090
10,syr_darya,4100458020,1,0,4100422090
10,syr_darya,4100458100,1,0,4100422090
10,syr_darya,4100458260,1,0,4100422090
10,syr_darya,4100458270,1,0,4100422090
10,syr_darya,4100458350,1,0,4100422090
10,syr_darya,4100458470,1,0,4100422090
10,syr_darya,4100458480,1,0,4100422090
10,syr_darya,4100458900,1,0,4100422090
10,syr_darya,4100458990,1,0,4100422090
10,syr_darya,4100459250,1,0,4100422090
10,syr_darya,4100459420,1,0,4100422090
10,syr_darya,4100459430,1,0,4100422090
10,syr_darya,4100459440,1,0,4100422090
10,syr_darya,4100459900,1,0,4100422090
10,syr_darya,4100459980,1,0,4100422090
10,syr_darya,4100459990,1,0,4100422090
10,syr_darya,4100460000,1,0,4100422090
10,syr_darya,4100460090,1,0,4100422090
10,syr_darya,4100460270,1,0,4100422090
10,syr_darya,4100460410,1,0,4100422090
10,syr_darya,4100460570,1,0,4100422090
10,syr_darya,4100460780,1,0,4100422090
10,syr_darya,4100460790,1,0,4100422090
10,syr_darya,4100460800,1,0,4100422090
10,syr_darya,4100460880,1,0,4100422090
10,syr_darya,4100460890,1,0,4100422090
10,syr_darya,4100461090,1,0,4100422090
10,syr_darya,4100461100,1,0,4100422090
10,syr_darya,4100461180,1,0,4100422090
10,syr_darya,4100461190,1,0,4100422090
10,syr_darya,4100461200,1,0,4100422090
10,syr_darya,4100461320,1,0,4100422090
10,syr_darya,4100461330,1,0,4100422090
10,syr_darya,4100461440,1,0,4100422090
10,syr_darya,4100461450,1,0,4100422090
10,syr_darya,4100463330,1,0,4100422090
10,syr_darya,4100463340,1,0,4100422090
10,syr_darya,4100464190,1,0,4100422090
10,syr_darya,4100464200,1,0,4100422090
10,syr_darya,4100464470,1,0,4100422090
10,syr_darya,4100464640,1,0,4100422090
10,syr_darya,4100464950,1,0,4100422090
10,syr_darya,4100464960,1,0,4100422090
10,syr_darya,4100465430,1,0,4100422090
10,syr_darya,4100465440,1,0,4100422090
10,syr_darya,4100465450,1,0,4100422090
10,syr_darya,4100465460,1,0,4100422090
10,syr_darya,4100465750,1,0,4100422090
10,syr_darya,4100465760,1,0,4100422090
10,syr_darya,4100465770,1,0,4100422090
10,syr_darya,4100465780,1,0,4100422090
10,syr_darya,4100465790,1,0,4100422090
10,syr_darya,4100465800,1,0,4100422090
10,syr_darya,4100465910,1,0,4100422090
10,syr_darya,4100466070,1,0,4100422090
10,syr_darya,4100466750,1,0,4100422090
10,syr_darya,4100466920,1,0,4100422090
10,syr_darya,4100467850,1,0,4100422090
10,syr_darya,4100468060,1,0,4100422090
10,syr_darya,4100468290,1,0,4100422090
10,syr_darya,4100468640,1,0,4100422090
10,syr_darya,4100468700,1,0,4100422090
10,syr_darya,4100469150,1,0,4100422090
10,syr_darya,4100469160,1,0,4100422090
10,syr_darya,4100469280,1,0,4100422090
10,syr_darya,4100469420,1,0,4100422090
10,syr_darya,4100471730,1,0,4100422090
10,syr_darya,4100471740,1,0,4100422090
10,syr_darya,4100472250,1,0,4100422090
10,syr_darya,4100472410,1,0,4100422090
10,syr_darya,4101213510,1,0,4100422090
10,syr_darya,4101213730,1,0,4100422090
10,syr_darya,4101215120,1,0,4100422090
10,syr_darya,4101215720,1,0,4100422090
10,syr_darya,4101216070,1,0,4100422090
10,syr_darya,4101216330,1,0,4100422090
10,syr_darya,4101216450,1,0,4100422090
10,syr_darya,4101216860,1,0,4100422090
10,syr_darya,4101217100,1,0,4100422090
10,syr_darya,4101217110,1,0,4100422090
10,syr_darya,4101217220,1,0,4100422090
10,syr_darya,4101217380,1,0,4100422090
10,syr_darya,4101217710,1,0,4100422090
10,syr_darya,4101217840,1,0,4100422090
10,syr_darya,4101218220,1,0,4100422090
10,syr_darya,4101218240,1,0,4100422090
10,syr_darya,4101218770,1,0,4100422090
10,syr_darya,4101218810,1,0,4100422090
10,syr_darya,4101218910,1,0,4100422090
10,syr_darya,4101219390,1,0,4100422090
10,syr_darya,4101219410,1,0,4100422090
10,syr_darya,4101219630,1,0,4100422090
10,syr_darya,4101219680,1,0,4100422090
10,syr_darya,4101219790,1,0,4100422090
10,syr_darya,4101219930,1,0,4100422090
10,syr_darya,4101220080,1,0,4100422090
10,syr_darya,4101220340,1,0,4100422090
10,syr_darya,4101220410,1,0,4100422090
10,syr_darya,4101221310,1,0,4100422090
10,syr_darya,4101221610,1,0,4100422090
10,syr_darya,4101221690,1,0,4100422090
10,syr_darya,4101221790,1,0,4100422090
10,syr_darya,4101221900,1,0,4100422090
10,syr_darya,4101222000,1,0,4100422090
10,syr_darya,4101222010,1,0,4100422090
10,syr_darya,4101222440,1,0,4100422090
10,syr_darya,4101222830,1,0,4100422090
10,syr_darya,4101223270,1,0,4100422090
10,syr_darya,4101223380,1,0,4100422090
10,syr_darya,4101223830,1,0,4100422090
10,syr_darya,4101223890,1,0,4100422090
10,syr_darya,4101223900,1,0,4100422090
10,syr_darya,4101224000,1,0,4100422090
10,syr_darya,4101224010,1,0,4100422090
10,syr_darya,4101224140,1,0,4100422090
10,syr_darya,4101224350,1,0,4100422090
10,syr_darya,4101224810,1,0,4100422090
10,syr_darya,4101225220,1,0,4100422090
10,syr_darya,4101225490,1,0,4100422090
10,syr_darya,4101225530,1,0,4100422090
10,syr_darya,4101225630,1,0,4100422090
10,syr_darya,4101225900,1,0,4100422090
10,syr_darya,4101226030,1,0,4100422090
10,syr_darya,4101226100,1,0,4100422090
10,syr_darya,4101226230,1,0,4100422090
10,syr_darya,4101226760,1,0,4100422090
10,syr_darya,4101227100,1,0,4100422090
10,syr_darya,4101227220,1,0,4100422090
10,syr_darya,4101228550,1,0,4100422090
10,syr_darya,4101228600,1,0,4100422090
10,syr_darya,4101228980,1,0,4100422090
10,syr_darya,4101230100,1,0,4100422090
10,syr_darya,4101230110,1,0,4100422090
10,syr_darya,4101230240,1,0,4100422090
10,syr_darya,4101230610,1,0,4100422090
10,syr_darya,4101231100,1,0,4100422090
10,syr_darya,4101231190,1,0,4100422090
10,syr_darya,4101231260,1,0,4100422090
10,syr_darya,4101231510,1,0,4100422090
10,syr_darya,4101232000,1,0,4100422090
10,syr_darya,4101232390,1,0,4100422090
10,syr_darya,4101232400,1,0,4100422090
10,syr_darya,4101232620,1,0,4100422090
10,syr_darya,4101233830,1,0,4100422090
10,syr_darya,4101233980,1,0,4100422090
10,syr_darya,4101234480,1,0,4100422090
10,syr_darya,4101234540,1,0,4100422090
10,syr_darya,4101234980,1,0,4100422090
10,syr_darya,4101235190,1,0,4100422090
10,syr_darya,4101235790,1,0,4100422090
10,syr_darya,4101236090,1,0,4100422090
10,syr_darya,4101236490,1,0,4100422090
10,syr_darya,4101236500,1,0,4100422090
10,syr_darya,4101236960,1,0,4100422090
10,syr_darya,4101237070,1,0,4100422090
10,syr_darya,4101237090,1,0,4100422090
10,syr_darya,4101237330,1,0,4100422090
10,syr_darya,4101237750,1,0,4100422090
10,syr_darya,4101237800,1,0,4100422090
10,syr_darya,4101238000,1,0,4100422090
10,syr_darya,4101238080,1,0,4100422090
10,syr_darya,4101238450,1,0,4100422090
10,syr_darya,4101238570,1,0,4100422090
10,syr_darya,4101238650,1,0,4100422090
10,syr_darya,4101238660,1,0,4100422090
10,syr_darya,4101238670,1,0,4100422090
10,syr_darya,4101238800,1,0,4100422090
10,syr_darya,4101239050,1,0,4100422090
10,syr_darya,4101239100,1,0,4100422090
10,syr_darya,4101239290,1,0,4100422090
10,syr_darya,4101239850,1,0,4100422090
10,syr_darya,4101239940,1,0,4100422090
10,syr_darya,4101239950,1,0,4100422090
10,syr_darya,4101240300,1,0,4100422090
10,syr_darya,4101240490,1,0,4100422090
10,syr_darya,4101240530,1,0,4100422090
10,syr_darya,4101240540,1,0,4100422090
10,syr_darya,4101240550,1,0,4100422090
10,syr_darya,4101240560,1,0,4100422090
10,syr_darya,4101240620,1,0,4100422090
10,syr_darya,4101241020,1,0,4100422090
10,syr_darya,4101241190,1,0,4100422090
10,syr_darya,4101241340,1,0,4100422090
10,syr_darya,4101241420,1,0,4100422090
10,syr_darya,4101241800,1,0,4100422090
10,syr_darya,4101241860,1,0,4100422090
10,syr_darya,4101242750,1,0,4100422090
10,syr_darya,4101243290,1,0,4100422090
10,syr_darya,4101243360,1,0,4100422090
10,syr_darya,4101244620,1,0,4100422090
10,syr_darya,4101244630,1,0,4100422090
10,syr_darya,4101245080,1,0,4100422090
10,syr_darya,4101245160,1,0,4100422090
10,syr_darya,4101246250,1,0,4100422090
10,syr_darya,4101246600,1,0,4100422090
10,syr_darya,4101247070,1,0,4100422090
10,syr_darya,4101247680,1,0,4100422090
10,syr_darya,4101248310,1,0,4100422090
10,syr_darya,4101248890,1,0,4100422090
10,syr_darya,4101249140,1,0,4100422090
10,syr_darya,4101249360,1,0,4100422090
10,syr_darya,4101249780,1,0,4100422090
10,syr_darya,4101250430,1,0,4100422090
10,syr_darya,4101250620,1,0,4100422090
10,syr_darya,4101251250,1,0,4100422090
10,syr_darya,4101251830,1,0,4100422090
10,syr_darya,4101252150,1,0,4100422090
10,syr_darya,4101252660,1,0,4100422090
10,syr_darya,4101253200,1,0,4100422090
10,syr_darya,4101253660,1,0,4100422090
10,syr_darya,4101253780,1,0,4100422090
10,syr_darya,4101254200,1,0,4100422090
10,syr_darya,4101254530,1,0,4100422090
10,syr_darya,4101254570,1,0,4100422090
10,syr_darya,4101257120,1,0,4100422090
10,syr_darya,4101257950,1,0,4100422090
10,syr_darya,4101258410,1,0,4100422090
10,syr_darya,4101258590,1,0,4100422090
10,syr_darya,4101258730,1,0,4100422090
10,syr_darya,4101259520,1,0,4100422090
10,syr_darya,4101260350,1,0,4100422090
10,syr_darya,4101260630,1,0,4100422090
10,syr_darya,4101260930,1,0,4100422090
10,syr_darya,4101261030,1,0,4100422090
10,syr_darya,4101262070,1,0,4100422090
10,syr_darya,4101262130,1,0,4100422090
10,syr_darya,4101262730,1,0,4100422090
10,syr_darya,4101262830,1,0,4100422090
10,syr_darya,4101262840,1,0,4100422090
10,syr_darya,4101264800,1,0,4100422090
10,syr_darya,4101265600,1,0,4100422090
10,syr_darya,4101266150,1,0,4100422090
10,syr_darya,4101266360,1,0,4100422090
10,syr_darya,4101266460,1,0,4100422090
10,syr_darya,4101267370,1,0,4100422090
10,syr_darya,4101267610,1,0,4100422090
10,syr_darya,4101267700,1,0,4100422090
10,syr_darya,4101267970,1,0,4100422090
10,syr_darya,4101268020,1,0,4100422090
10,syr_darya,4101268170,1,0,4100422090
10,syr_darya,4101268390,1,0,4100422090
10,syr_darya,4101268650,1,0,4100422090
10,syr_darya,4101268850,1,0,4100422090
10,syr_darya,4101269090,1,0,4100422090
10,syr_darya,4101269290,1,0,4100422090
10,syr_darya,4101269610,1,0,4100422090
10,syr_darya,4101269620,1,0,4100422090
10,syr_darya,4101269750,1,0,4100422090
10,syr_darya,4101270060,1,0,4100422090
10,syr_darya,4101270180,1,0,4100422090
10,syr_darya,4101270190,1,0,4100422090
10,syr_darya,4101270350,1,0,4100422090
10,syr_darya,4101270600,1,0,4100422090
10,syr_darya,4101270610,1,0,4100422090
10,syr_darya,4101270700,1,0,4100422090
10,syr_darya,4101271120,1,0,4100422090
10,syr_darya,4101271240,1,0,4100422090
10,syr_darya,4101271340,1,0,4100422090
10,syr_darya,4101271850,1,0,4100422090
10,syr_darya,4101272030,1,0,4100422090
10,syr_darya,4101272040,1,0,4100422090
10,syr_darya,4101272210,1,0,4100422090
10,syr_darya,4101272500,1,0,4100422090
10,syr_darya,4101272550,1,0,4100422090
10,syr_darya,4101272640,1,0,4100422090
10,syr_darya,4101272650,1,0,4100422090
10,syr_darya,4101272730,1,0,4100422090
10,syr_darya,4101272740,1,0,4100422090
10,syr_darya,4101272800,1,0,4100422090
10,syr_darya,4101272920,1,0,4100422090
10,syr_darya,4101272960,1,0,4100422090
10,syr_darya,4101272970,1,0,4100422090
10,syr_darya,4101273160,1,0,4100422090
10,syr_darya,4101273230,1,0,4100422090
10,syr_darya,4101273380,1,0,4100422090
10,syr_darya,4101273420,1,0,4100422090
10,syr_darya,4101273510,1,0,4100422090
10,syr_darya,4101273520,1,0,4100422090
10,syr_darya,4101273770,1,0,4100422090
10,syr_darya,4101273850,1,0,4100422090
10,syr_darya,4101273860,1,0,4100422090
10,syr_darya,4101274270,1,0,4100422090
10,syr_darya,4101274380,1,0,4100422090
10,syr_darya,4101274470,1,0,4100422090
10,syr_darya,4101274530,1,0,4100422090
10,syr_darya,4101274570,1,0,4100422090
10,syr_darya,4101274800,1,0,4100422090
10,syr_darya,4101275000,1,0,4100422090
10,syr_darya,4101275010,1,0,4100422090
10,syr_darya,4101275020,1,0,4100422090
10,syr_darya,4101275460,1,0,4100422090
10,syr_darya,4101275800,1,0,4100422090
10,syr_darya,4101275880,1,0,4100422090
10,syr_darya,4101275970,1,0,4100422090
10,syr_darya,4101276360,1,0,4100422090
10,syr_darya,4101276510,1,0,4100422090
10,syr_darya,4101276760,1,0,4100422090
10,syr_darya,4101276770,1,0,4100422090
10,syr_darya,4101276900,1,0,4100422090
10,syr_darya,4101277840,1,0,4100422090
10,syr_darya,4101278110,1,0,4100422090
10,syr_darya,4101278190,1,0,4100422090
10,syr_darya,4101278300,1,0,4100422090
10,syr_darya,4101279070,1,0,4100422090
10,syr_darya,4101279230,1,0,4100422090
10,syr_darya,4101279440,1,0,4100422090
10,syr_darya,4101279980,1,0,4100422090
10,syr_darya,4101280110,1,0,4100422090
10,syr_darya,4101280270,1,1,4100422090
10,syr_darya,4101280330,1,0,4100422090
10,syr_darya,4101280640,1,1,4100422090
10,syr_darya,4101281040,1,0,4100422090
10,syr_darya,4101281050,1,1,4100422090
10,syr_darya,4101281100,1,0,4100422090
10,syr_darya,4101281110,1,1,4100422090
10,syr_darya,4101281310,1,0,4100422090
10,syr_darya,4101281750,1,1,4100422090
10,syr_darya,4101281800,1,0,4100422090
10,syr_darya,4101281950,1,0,4100422090
10,syr_darya,4101282090,1,0,4100422090
10,syr_darya,4101282240,1,0,4100422090
10,syr_darya,4101282300,1,0,4100422090
10,syr_darya,4101282310,1,0,4100422090
10,syr_darya,4101282540,1,0,4100422090
10,syr_darya,4101282550,1,1,4100422090
10,syr_darya,4101282560,1,1,4100422090
10,syr_darya,4101282600,1,0,4100422090
10,syr_darya,4101282660,1,1,4100422090
10,syr_darya,4101282730,1,0,4100422090
10,syr_darya,4101282740,1,1,4100422090
10,syr_darya,4101282770,1,1,4100422090
10,syr_darya,4101282780,1,1,4100422090
10,syr_darya,4101282840,1,1,4100422090
10,syr_darya,4101282960,1,0,4100422090
10,syr_darya,4101283040,1,0,4100422090
10,syr_darya,4101283080,1,0,4100422090
10,syr_darya,4101283440,1,0,4100422090
10,syr_darya,4101283450,1,0,4100422090
10,syr_darya,4101283460,1,1,4100422090
10,syr_darya,4101283670,1,0,4100422090
10,syr_darya,4101283680,1,1,4100422090
10,syr_darya,4101283730,1,0,4100422090
10,syr_darya,4101283790,1,0,4100422090
10,syr_darya,4101283800,1,1,4100422090
10,syr_darya,4101284020,1,0,4100422090
10,syr_darya,4101284070,1,0,4100422090
10,syr_darya,4101284210,1,1,4100422090
10,syr_darya,4101284320,1,1,4100422090
10,syr_darya,4101284750,1,0,4100422090
10,syr_darya,4101284810,1,1,4100422090
10,syr_darya,4101285000,1,0,4100422090
10,syr_darya,4101285340,1,1,4100422090
10,syr_darya,4101285390,1,1,4100422090
10,syr_darya,4101285820,1,1,4100422090
10,syr_darya,4101285900,1,0,4100422090
10,syr_darya,4101285910,1,1,4100422090
10,syr_darya,4101286150,1,1,4100422090
10,syr_darya,4101286600,1,1,4100422090
10,syr_darya,4101286760,1,0,4100422090
10,syr_darya,4101286770,1,0,4100422090
10,syr_darya,4101286830,1,0,4100422090
10,syr_darya,4101286850,1,1,4100422090
10,syr_darya,4101287050,1,1,4100422090
10,syr_darya,4101287060,1,1,4100422090
10,syr_darya,4101287090,1,0,4100422090
10,syr_darya,4101287100,1,1,4100422090
10,syr_darya,4101287290,1,0,4100422090
10,syr_darya,4101287350,1,1,4100422090
10,syr_darya,4101287360,1,1,4100422090
10,syr_darya,4101287380,1,1,4100422090
10,syr_darya,4101287460,1,1,4100422090
10,syr_darya,4101287470,1,1,4100422090
10,syr_darya,4101287740,1,1,4100422090
10,syr_darya,4101287810,1,0,4100422090
10,syr_darya,4101287830,1,1,4100422090
10,syr_darya,4101287930,1,0,4100422090
10,syr_darya,4101288020,1,0,4100422090
10,syr_darya,4101288060,1,0,4100422090
10,syr_darya,4101288110,1,1,4100422090
10,syr_darya,4101288140,1,0,4100422090
10,syr_darya,4101288230,1,1,4100422090
10,syr_darya,4101288280,1,0,4100422090
10,syr_darya,4101288410,1,1,4100422090
10,syr_darya,4101288470,1,0,4100422090
10,syr_darya,4101288480,1,1,4100422090
10,syr_darya,4101288490,1,1,4100422090
10,syr_darya,4101288580,1,1,4100422090
10,syr_darya,4101288590,1,1,4100422090
10,syr_darya,4101288650,1,1,4100422090
10,syr_darya,4101288720,1,1,4100422090
10,syr_darya,4101288810,1,1,4100422090
10,syr_darya,4101288850,1,0,4100422090
10,syr_darya,4101288920,1,0,4100422090
10,syr_darya,4101288930,1,1,4100422090
10,syr_darya,4101289170,1,1,4100422090
10,syr_darya,4101289250,1,0,4100422090
10,syr_darya,4101289260,1,0,4100422090
10,syr_darya,4101289400,1,0,4100422090
10,syr_darya,4101289570,1,0,4100422090
10,syr_darya,4101289630,1,1,4100422090
10,syr_darya,4101289670,1,0,4100422090
10,syr_darya,4101289750,1,1,4100422090
10,syr_darya,4101289840,1,0,4100422090
10,syr_darya,4101290050,1,0,4100422090
10,syr_darya,4101290060,1,1,4100422090
10,syr_darya,4101290070,1,1,4100422090
10,syr_darya,4101290290,1,1,4100422090
10,syr_darya,4101290350,1,1,4100422090
10,syr_darya,4101290400,1,1,4100422090
10,syr_darya,4101290590,1,1,4100422090
10,syr_darya,4101290690,1,1,4100422090
10,syr_darya,4101290840,1,1,4100422090
10,syr_darya,4101291160,1,0,4100422090
10,syr_darya,4101291260,1,0,4100422090
10,syr_darya,4101291340,1,0,4100422090
10,syr_darya,4101291350,1,0,4100422090
10,syr_darya,4101291520,1,0,4100422090
10,syr_darya,4101291530,1,1,4100422090
10,syr_darya,4101291640,1,0,4100422090
10,syr_darya,4101291830,1,0,4100422090
10,syr_darya,4101291950,1,1,4100422090
10,syr_darya,4101292000,1,1,4100422090
10,syr_darya,4101292070,1,0,4100422090
10,syr_darya,4101292180,1,0,4100422090
10,syr_darya,4101292220,1,0,4100422090
10,syr_darya,4101292230,1,0,4100422090
10,syr_darya,4101292250,1,1,4100422090
10,syr_darya,4101292260,1,1,4100422090
10,syr_darya,4101292310,1,0,4100422090
10,syr_darya,4101292320,1,1,4100422090
10,syr_darya,4101292410,1,0,4100422090
10,syr_darya,4101292430,1,1,4100422090
10,syr_darya,4101292440,1,1,4100422090
10,syr_darya,4101292510,1,1,4100422090
10,syr_darya,4101292520,1,1,4100422090
10,syr_darya,4101292540,1,1,4100422090
10,syr_darya,4101292550,1,1,4100422090
10,syr_darya,4101292600,1,1,4100422090
10,syr_darya,4101292660,1,1,4100422090
10,syr_darya,4101292670,1,1,4100422090
10,syr_darya,4101292730,1,1,4100422090
10,syr_darya,4101292770,1,1,4100422090
10,syr_darya,4101292870,1,1,4100422090
10,syr_darya,4101292880,1,1,4100422090
10,syr_darya,4101292890,1,1,4100422090
10,syr_darya,4101292990,1,0,4100422090
10,syr_darya,4101293080,1,1,4100422090
10,syr_darya,4101293230,1,1,4100422090
10,syr_darya,4101293240,1,1,4100422090
10,syr_darya,4101293270,1,1,4100422090
10,syr_darya,4101293410,1,1,4100422090
10,syr_darya,4101293420,1,1,4100422090
10,syr_darya,4101293430,1,1,4100422090
10,syr_darya,4101293470,1,0,4100422090
10,syr_darya,4101293560,1,1,4100422090
10,syr_darya,4101293600,1,1,4100422090
10,syr_darya,4101293810,1,0,4100422090
10,syr_darya,4101293890,1,1,4100422090
10,syr_darya,4101293900,1,1,4100422090
10,syr_darya,4101293950,1,1,4100422090
10,syr_darya,4101294040,1,1,4100422090
10,syr_darya,4101294110,1,0,4100422090
10,syr_darya,4101294120,1,0,4100422090
10,syr_darya,4101294200,1,0,4100422090
10,syr_darya,4101294450,1,0,4100422090
10,syr_darya,4101294510,1,1,4100422090
10,syr_darya,4101294670,1,0,4100422090
10,syr_darya,4101294740,1,0,4100422090
10,syr_darya,4101294830,1,1,4100422090
10,syr_darya,4101294870,1,1,4100422090
10,syr_darya,4101294960,1,0,4100422090
10,syr_darya,4101294970,1,1,4100422090
10,syr_darya,4101295070,1,1,4100422090
10,syr_darya,4101295160,1,1,4100422090
10,syr_darya,4101295170,1,1,4100422090
10,syr_darya,4101295190,1,0,4100422090
10,syr_darya,4101295200,1,1,4100422090
10,syr_darya,4101295240,1,0,4100422090
10,syr_darya,4101295370,1,1,4100422090
10,syr_darya,4101295730,1,0,4100422090
10,syr_darya,4101295740,1,1,4100422090
10,syr_darya,4101295790,1,1,4100422090
10,syr_darya,4101295880,1,1,4100422090
10,syr_darya,4101295970,1,1,4100422090
10,syr_darya,4101295980,1,1,4100422090
10,syr_darya,4101296150,1,0,4100422090
10,syr_darya,4101296200,1,1,4100422090
10,syr_darya,4101296290,1,1,4100422090
10,syr_darya,4101296330,1,1,4100422090
10,syr_darya,4101296510,1,1,4100422090
10,syr_darya,4101296570,1,0,4100422090
10,syr_darya,4101296650,1,0,4100422090
10,syr_darya,4101296720,1,1,4100422090
10,syr_darya,4101296730,1,1,4100422090
10,syr_darya,4101296740,1,1,4100422090
10,syr_darya,4101296750,1,1,4100422090
10,syr_darya,4101296770,1,0,4100422090
10,syr_darya,4101296780,1,0,4100422090
10,syr_darya,4101296820,1,0,4100422090
10,syr_darya,4101296860,1,0,4100422090
10,syr_darya,4101296870,1,0,4100422090
10,syr_darya,4101297290,1,0,4100422090
10,syr_darya,4101297300,1,1,4100422090
10,syr_darya,4101297330,1,0,4100422090
10,syr_darya,4101297400,1,1,4100422090
10,syr_darya,4101297470,1,0,4100422090
10,syr_darya,4101297480,1,1,4100422090
10,syr_darya,4101297530,1,1,4100422090
10,syr_darya,4101297550,1,0,4100422090
10,syr_darya,4101297560,1,0,4100422090
10,syr_darya,4101297770,1,0,4100422090
10,syr_darya,4101297910,1,0,4100422090
10,syr_darya,4101297920,1,0,4100422090
10,syr_darya,4101298050,1,1,4100422090
10,syr_darya,4101298300,1,0,4100422090
10,syr_darya,4101298370,1,0,4100422090
10,syr_darya,4101298380,1,1,4100422090
10,syr_darya,4101298490,1,0,4100422090
10,syr_darya,4101298640,1,0,4100422090
10,syr_darya,4101298770,1,0,4100422090
10,syr_darya,4101298780,1,0,4100422090
10,syr_darya,4101298830,1,0,4100422090
10,syr_darya,4101298920,1,1,4100422090
10,syr_darya,4101299020,1,0,4100422090
10,syr_darya,4101299030,1,1,4100422090
10,syr_darya,4101299160,1,1,4100422090
10,syr_darya,4101299520,1,1,4100422090
10,syr_darya,4101299630,1,0,4100422090
10,syr_darya,4101299640,1,0,4100422090
10,syr_darya,4101299740,1,1,4100422090
10,syr_darya,4101299780,1,0,4100422090
10,syr_darya,4101299790,1,0,4100422090
10,syr_darya,4101299950,1,1,4100422090
10,syr_darya,4101299960,1,1,4100422090
10,syr_darya,4101300140,1,0,4100422090
10,syr_darya,4101300190,1,1,4100422090
10,syr_darya,4101300270,1,0,4100422090
10,syr_darya,4101300430,1,0,4100422090
10,syr_darya,4101300530,1,0,4100422090
10,syr_darya,4101300690,1,0,4100422090
10,syr_darya,4101300790,1,0,4100422090
10,syr_darya,4101301000,1,0,4100422090
10,syr_darya,4101301620,1,0,4100422090
10,syr_darya,4101301690,1,1,4100422090
10,syr_darya,4101301790,1,0,4100422090
10,syr_darya,4101302330,1,0,4100422090
10,syr_darya,4101302360,1,1,4100422090
10,syr_darya,4101302520,1,1,4100422090
10,syr_darya,4101302740,1,0,4100422090
10,syr_darya,4101302790,1,0,4100422090
10,syr_darya,4101302800,1,1,4100422090
10,syr_darya,4101302840,1,0,4100422090
10,syr_darya,4101302850,1,1,4100422090
10,syr_darya,4101302910,1,0,4100422090
10,syr_darya,4101303190,1,0,4100422090
10,syr_darya,4101303340,1,0,4100422090
10,syr_darya,4101303350,1,1,4100422090
10,syr_darya,4101303510,1,0,4100422090
10,syr_darya,4101303900,1,1,4100422090
10,syr_darya,4101303910,1,1,4100422090
10,syr_darya,4101303970,1,1,4100422090
10,syr_darya,4101304000,1,0,4100422090
10,syr_darya,4101304010,1,0,4100422090
10,syr_darya,4101304020,1,1,4100422090
10,syr_darya,4101304050,1,0,4100422090
10,syr_darya,4101304090,1,0,4100422090
10,syr_darya,4101304160,1,1,4100422090
10,syr_darya,4101304190,1,1,4100422090
10,syr_darya,4101304230,1,0,4100422090
10,syr_darya,4101304280,1,0,4100422090
10,syr_darya,4101304610,1,0,4100422090
10,syr_darya,4101304680,1,0,4100422090
10,syr_darya,4101304960,1,0,4100422090
10,syr_darya,4101305010,1,0,4100422090
10,syr_darya,4101305020,1,0,4100422090
10,syr_darya,4101305090,1,1,4100422090
10,syr_darya,4101305140,1,0,4100422090
10,syr_darya,4101305490,1,1,4100422090
10,syr_darya,4101305730,1,1,4100422090
10,syr_darya,4101305800,1,0,4100422090
10,syr_darya,4101305810,1,1,4100422090
10,syr_darya,4101305970,1,1,4100422090
10,syr_darya,4101306160,1,1,4100422090
10,syr_darya,4101306210,1,1,4100422090
10,syr_darya,4101306260,1,0,4100422090
10,syr_darya,4101306370,1,0,4100422090
10,syr_darya,4101306520,1,0,4100422090
10,syr_darya,4101306620,1,0,4100422090
10,syr_darya,4101306780,1,0,4100422090
10,syr_darya,4101306790,1,1,4100422090
10,syr_darya,4101306850,1,1,4100422090
10,syr_darya,4101307060,1,1,4100422090
10,syr_darya,4101307120,1,0,4100422090
10,syr_darya,4101307160,1,0,4100422090
10,syr_darya,4101307290,1,0,4100422090
10,syr_darya,4101307330,1,0,4100422090
10,syr_darya,4101307450,1,0,4100422090
10,syr_darya,4101307610,1,1,4100422090
10,syr_darya,4101307620,1,1,4100422090
10,syr_darya,4101307790,1,0,4100422090
10,syr_darya,4101307920,1,0,4100422090
10,syr_darya,4101308130,1,0,4100422090
10,syr_darya,4101308140,1,1,4100422090
10,syr_darya,4101308270,1,1,4100422090
10,syr_darya,4101308360,1,0,4100422090
10,syr_darya,4101308370,1,0,4100422090
10,syr_darya,4101308430,1,1,4100422090
10,syr_darya,4101308510,1,1,4100422090
10,syr_darya,4101308520,1,1,4100422090
10,syr_darya,4101308570,1,0,4100422090
10,syr_darya,4101308620,1,0,4100422090
10,syr_darya,4101308820,1,1,4100422090
10,syr_darya,4101309310,1,0,4100422090
10,syr_darya,4101309330,1,0,4100422090
10,syr_darya,4101309420,1,1,4100422090
10,syr_darya,4101309480,1,1,4100422090
10,syr_darya,4101309620,1,1,4100422090
10,syr_darya,4101309670,1,1,4100422090
10,syr_darya,4101309800,1,0,4100422090
10,syr_darya,4101309840,1,0,4100422090
10,syr_darya,4101310470,1,0,4100422090
10,syr_darya,4101310620,1,0,4100422090
10,syr_darya,4101310940,1,0,4100422090
10,syr_darya,4101311070,1,0,4100422090
10,syr_darya,4101311820,1,0,4100422090
10,syr_darya,4101312160,1,1,4100422090
10,syr_darya,4101312250,1,0,4100422090
10,syr_darya,4101312430,1,0,4100422090
10,syr_darya,4101312670,1,0,4100422090
10,syr_darya,4101312750,1,1,4100422090
10,syr_darya,4101312970,1,0,4100422090
10,syr_darya,4101313080,1,0,4100422090
10,syr_darya,4101313120,1,0,4100422090
10,syr_darya,4101313130,1,0,4100422090
10,syr_darya,4101313240,1,1,4100422090
10,syr_darya,4101313410,1,0,4100422090
10,syr_darya,4101313500,1,1,4100422090
10,syr_darya,4101313650,1,0,4100422090
10,syr_darya,4101313660,1,0,4100422090
10,syr_darya,4101313780,1,1,4100422090
10,syr_darya,4101314170,1,0,4100422090
10,syr_darya,4101314210,1,0,4100422090
10,syr_darya,4101314430,1,0,4100422090
10,syr_darya,4101314640,1,0,4100422090
10,syr_darya,4101314680,1,0,4100422090
10,syr_darya,4101314730,1,0,4100422090
10,syr_darya,4101314990,1,0,4100422090
10,syr_darya,4101315490,1,0,4100422090
10,syr_darya,4101316050,1,0,4100422090
10,syr_darya,4101316220,1,0,4100422090
10,syr_darya,4101316350,1,0,4100422090
10,syr_darya,4101316400,1,0,4100422090
10,syr_darya,4101316710,1,0,4100422090
10,syr_darya,4101317010,1,0,4100422090
10,syr_darya,4101317290,1,0,4100422090
