{"type":"FeatureCollection","name":"amu_syr_full_basin_systems","features":[{"type":"Feature","properties":{"system_id":"amu_darya","scope":"full_basin","basin_level":7,"unit_count":261,"source_area_km2":639852.8},"geometry":{"type":"Polygon","coordinates":[[[62.210252046391176,39.629694313014944],[62.19266541418597,39.63798376870533],[62.18827317863749,39.636614813817225],[62.186971109966656,39.63108553457126],[62.173865785893234,39.61723555995359],[62.160073840534544,39.61631257320547],[62.15416547206241,39.612500005489366],[62.15381320820587,39.60590942090909],[62.15035293837674,39.60242247293796],[62.149643954700295,39.5808805025112],[62.13504485255866,39.570481893106745],[62.11666442331377,39.574998997931466],[62.1204814364422,39.58090727484555],[62.11986162458196,39.58673086715272],[62.1090706034911,39.58830045161428],[62.10833486937005,39.59583191762165],[62.09802989932736,39.603586246837665],[62.08458564999699,39.604745605960744],[62.07884234614381,39.59267928113808],[62.071703319029886,39.590797577803315],[62.06961645207414,39.58289601870791],[62.06318196398272,39.584166882827084],[62.05756349500069,39.60756376761365],[62.050000854666166,39.608335206702264],[62.04530542454066,39.581085639097225],[62.04219749016311,39.577246365761766],[62.04113617161353,39.56025272061156],[62.0367261587811,39.55088418830246],[62.032182289752335,39.54947063752329],[62.02558730293019,39.55583819606008],[62.02422733388569,39.561612750723036],[62.01983507458553,39.56298172296332],[62.01458228886895,39.55872775388458],[62.009931395765165,39.562500132647756],[62.004696415555145,39.55641345005255],[61.99947034584441,39.52275171531479],[61.99166695606137,39.512500230663846],[61.987502173023174,39.51666501187005],[61.987502173023174,39.52916837203721],[61.97157418453735,39.52989515003783],[61.97016513495062,39.556275193820575],[61.962499983697086,39.565349511142735],[61.92695648971222,39.56193383436362],[61.91706175538868,39.55736766497856],[61.91193374671821,39.543624756219344],[61.90462977696143,39.53542443008065],[61.91346772169992,39.50872781331537],[61.92436124064084,39.50326096453818],[61.925565212803406,39.48529076242111],[61.93276671030036,39.47721090724904],[61.933332996224884,39.45833551185211],[61.90203012474907,39.47147648597239],[61.88415358221434,39.483623099800646],[61.882561644347774,39.49923885420317],[61.8677172634385,39.50064348733391],[61.86250016748022,39.483333243341995],[61.85091092019347,39.48395748409934],[61.8494305248323,39.48970974591914],[61.83749800958286,39.50000133068947],[61.82952060286227,39.48575899902762],[61.829168357094005,39.4791684093278],[61.81335195714945,39.47414748583427],[61.804732498624645,39.44804390100956],[61.80350624444735,39.43423407615574],[61.79583215650051,39.433333357619546],[61.79583215650051,39.441667386994645],[61.79110103004211,39.442880253006706],[61.79583215650051,39.44583220929818],[61.79583215650051,39.45000142575861],[61.7840467512996,39.45073722016204],[61.78333325392508,39.48749803434377],[61.779935458483585,39.48847011562291],[61.77837472968785,39.499207610634876],[61.763360990943724,39.50449611347702],[61.76188054269284,39.51465838584723],[61.75061684790473,39.527005652784716],[61.75000145894103,39.55000127676859],[61.734461502030314,39.53697623712708],[61.72916858723294,39.54166716254514],[61.72982850867999,39.54910049854211],[61.73333335256072,39.5500012421621],[61.73333335256072,39.55833531365674],[61.729520806717225,39.56424358494891],[61.72859779337056,39.5897095644413],[61.720268238583145,39.60758606749159],[61.72556560564888,39.65637756934155],[61.72859779337056,39.660288227718894],[61.72973492226035,39.677210518887534],[61.73389970139887,39.68258813794916],[61.72963678593642,39.693749259825026],[61.73389970139887,39.69925182416317],[61.720268238583145,39.72841884065851],[61.72157026227391,39.73661910147572],[61.72831685786123,39.73834919648649],[61.73389970139887,39.749251698909156],[61.72859779337056,39.8063772568047],[61.72443296514195,39.81175495540721],[61.72556560564888,39.835544234635975],[61.72869592909727,39.839584233616414],[61.72443296514195,39.84508674230344],[61.72916858723294,39.85000064648557],[61.72859779337056,39.87304526777135],[61.72556560564888,39.876955941804724],[61.72438398770929,39.903255705514326],[61.72083454406845,39.90416536964704],[61.72556560564888,39.92991222307954],[61.720268238583145,39.942415526525124],[61.72443296514195,39.94778875393861],[61.72556560564888,39.96324845791598],[61.71713343096864,39.98124983174118],[61.72140085143457,39.98824619552465],[61.71158637230904,40.00772350917015],[61.695832362826536,40.00833444983138],[61.68785502848596,40.01840751598465],[61.68298124076063,40.03575789619387],[61.671186851264544,40.05174371915647],[61.67047792798531,40.06005111161174],[61.67881191056291,40.06840743417352],[61.67952095791824,40.07254544063377],[61.67499942718539,40.079167259666924],[61.69078013539873,40.08404101669814],[61.69526605133367,40.09362364675891],[61.696398676207274,40.10637667190496],[61.71193418440291,40.12279065899439],[61.70776485713834,40.14461794396686],[61.724290315063044,40.15088738641301],[61.72859779337056,40.1644564683323],[61.72973492226035,40.19387764492505],[61.73806895380742,40.204913857883824],[61.73389970139887,40.210291564185894],[61.7327670948166,40.22574681356416],[61.73789506564066,40.232364101360176],[61.74512321674169,40.23421907042312],[61.74953329369848,40.247917490978104],[61.742233757608105,40.272790344758775],[61.741101095804936,40.298042167568404],[61.72401830783225,40.316012355783805],[61.71666526658395,40.3166678739314],[61.72535158454848,40.33575728636875],[61.74131513663748,40.35174312493807],[61.745479930257005,40.36007723119263],[61.746184526396256,40.368380058173514],[61.73785491703826,40.38507494682408],[61.73749813020595,40.399999567814085],[61.742233757608105,40.40907828762293],[61.73797081269616,40.41458526389861],[61.741101095804936,40.418620740762734],[61.742233757608105,40.452211201663665],[61.74536402951104,40.456251091574124],[61.74213561410662,40.46041590681545],[61.74526588421401,40.46445582834974],[61.74639857358813,40.477208863038044],[61.754750459575554,40.486581933860066],[61.76189392743687,40.48841461503957],[61.763066702762934,40.52158143119456],[61.75473261399385,40.53945794538071],[61.754166285423956,40.558333342421555],[61.76575546968935,40.55895758515565],[61.77036623368032,40.56874976530404],[61.766098841072534,40.5757461177352],[61.770268074070835,40.58112374470989],[61.77140075013873,40.59241423307309],[61.766098841072534,40.60074827756658],[61.77140075013873,40.61324712966832],[61.763066702762934,40.631123683185656],[61.76250034666855,40.64999908438265],[61.75473261399385,40.65612143425245],[61.74639857358813,40.672789514041924],[61.74526588421401,40.69804586849555],[61.7327670948166,40.7284212710444],[61.73434114788851,40.73252362122864],[61.74193049437037,40.73447228392721],[61.736931858660405,40.740920127945046],[61.738555020796156,40.745147384574764],[61.748043953206235,40.74640033340754],[61.758335585388565,40.75416812648585],[61.7534572843098,40.769944423703706],[61.747789753023,40.77140255915947],[61.73554504999288,40.78276431262739],[61.72588668240925,40.784039615524875],[61.711648726874266,40.81165038978009],[61.69251925777083,40.82168337288229],[61.68693197350189,40.83554228360532],[61.663066829774166,40.86445502829147],[61.657452872256684,40.878434348020434],[61.64906082104658,40.879731934213225],[61.63958526419717,40.87128640348195],[61.630087325532756,40.879749774960445],[61.62329168112201,40.89130779565145],[61.6184089692018,40.89202125955538],[61.602423126969015,40.90798033432647],[61.600001802855054,40.90833262073623],[61.59926607885397,40.90080118031699],[61.58783286388644,40.899137943720056],[61.583333673934256,40.891664526779024],[61.579962614428396,40.892681179492534],[61.57832608980713,40.90343206981125],[61.560364860969756,40.904809953599695],[61.55498712783937,40.90862245564016],[61.55339523095905,40.924229278834915],[61.53953188128004,40.925642867325124],[61.5271355895907,40.9326882355043],[61.504166794016854,40.9333347995919],[61.50060400878366,40.939492828325555],[61.49939555344316,40.964673359089055],[61.49637231562369,40.96874900668476],[61.500443462968576,40.974242569781566],[61.4991993718347,40.98266137973856],[61.483940329379514,40.984248833101155],[61.48333384549002,40.99999836773184],[61.45537975321919,40.995267216150204],[61.45056842244949,41.00612070869593],[61.44943131984841,41.027212252757614],[61.4380650919224,41.039456939288115],[61.43248232864529,41.0533158591492],[61.42916475053212,41.05416752139222],[61.42881245161273,41.064922884717504],[61.42535219704511,41.06840988548213],[61.4246476164124,41.098259063870245],[61.42047834590761,41.1058796816061],[61.4246476164124,41.11007572785284],[61.42499990634873,41.116666262907316],[61.42155300105815,41.11770522641153],[61.416023785221824,41.14796919124894],[61.40897834059078,41.15620065384609],[61.407533617740384,41.165653955943085],[61.400746841948795,41.167696244599504],[61.39912375986075,41.1835840236551],[61.38686564599541,41.1785229098475],[61.36880184429332,41.19102176679989],[61.34166826471452,41.19166838103731],[61.34059805473869,41.195128620172035],[61.31325928788973,41.196555525688765],[61.31174324866823,41.215912531032025],[61.29272509612563,41.217397360585835],[61.29166829173131,41.220835330201666],[61.2842974596152,41.22013083603515],[61.279236392942124,41.20978125656722],[61.27421098505803,41.207730043924464],[61.26355818389306,41.21703615500994],[61.26153375162554,41.224295620044906],[61.24666266648078,41.22571803140052],[61.24522678221895,41.23387373928212],[61.249396059445466,41.23949223622818],[61.25060450245575,41.25700312786019],[61.245833236499585,41.25833194813585],[61.24526688722993,41.26470841879876],[61.23390072593985,41.27695757439158],[61.23248268325756,41.28248238974101],[61.20921953849861,41.288207858634955],[61.207435901021235,41.295172970554525],[61.19999813417017,41.29583294988638],[61.190736534289954,41.30763175977166],[61.17721216717398,41.311934776305336],[61.155077146357065,41.31312531825359],[61.1532444357915,41.32025544990167],[61.09340778840507,41.3204783904765],[61.08575595676116,41.31285334420994],[61.079165431113154,41.31250108208285],[61.07408206080803,41.3201305972123],[61.06355413599083,41.32152185435622],[61.06193096629704,41.325744572951926],[61.066100234775895,41.33112224853132],[61.06723284915316,41.340450743648866],[61.060290033760715,41.34223435304553],[61.05208084083498,41.3495517151174],[61.03239385964085,41.33276769553616],[61.020831454525954,41.345832843035964],[61.014419286066186,41.346363481873674],[61.00322696607493,41.35469755404973],[60.98849850906812,41.345351260083106],[60.97822469839583,41.35469757132105],[60.972918414021755,41.35039454670206],[60.968749166507315,41.3537700596182],[60.95641529499521,41.34636351222311],[60.94583385870399,41.34583285009548],[60.94526757885692,41.35220937064821],[60.94070587354356,41.357676259566894],[60.92590165808549,41.35899609805912],[60.92414919507391,41.36581408230582],[60.917340129342236,41.3675620741836],[60.91610053675877,41.37991373170001],[60.92036339562094,41.38541629370558],[60.91666679932107,41.39166796679792],[60.916100560686054,41.410543368392595],[60.91100384167207,41.416652294507244],[60.896970980250444,41.40806852131066],[60.8946968407346,41.41693323290516],[60.88958228567174,41.41296908374828],[60.88430266460364,41.41706255010882],[60.8824834159792,41.42414803753495],[60.87570996322873,41.42588709122762],[60.874434738403956,41.4355455246941],[60.867233299326244,41.44362094638023],[60.86160142738298,41.46184084073236],[60.847791588992926,41.46193448634503],[60.82290980853646,41.45463043774242],[60.81470951693514,41.461934439985946],[60.78422262442011,41.467374561311125],[60.778599674713384,41.479913591624836],[60.78276450796833,41.485291227898465],[60.78333532301669,41.49583255126317],[60.78240780989386,41.49907432088954],[60.77571913176162,41.5009873098456],[60.77426546073901,41.51586283003684],[60.76450448092022,41.51728526322997],[60.75073475720575,41.52579770571939],[60.7493837040549,41.539661058076035],[60.740862349581164,41.54926598195224],[60.733335382505494,41.55000173254757],[60.720502100929764,41.569974043600325],[60.70908235327332,41.57163280086583],[60.70771783751229,41.58406922781562],[60.716109916974965,41.593745497974375],[60.71238654266065,41.59884224096112],[60.70115849070665,41.6042823265627],[60.699071648048516,41.611572962757684],[60.68865959424588,41.61678122810209],[60.682938614144796,41.62820094099207],[60.675853118007694,41.630015840779],[60.674118536564784,41.636762445527474],[60.66591824716763,41.63806897838097],[60.66054507167231,41.633899692259135],[60.649040570758515,41.63276707653883],[60.63815591552272,41.64263953821433],[60.6420218996156,41.668377442455466],[60.633348983453004,41.68125088923142],[60.637486980409136,41.68541570288518],[60.63368784625994,41.68924161997956],[60.63297883892005,41.698257876656],[60.627458475988675,41.70380945574491],[60.60416858681711,41.71250029141414],[60.599348318924065,41.696759628452185],[60.594835740849966,41.695350580483066],[60.58958292056146,41.69960456531757],[60.585418103718595,41.696229009120735],[60.58141379551685,41.699470803577945],[60.568660718921606,41.700603409566675],[60.56252953712907,41.70556191696625],[60.567108974531166,41.711742246312824],[60.56586495303689,41.720160993447074],[60.54365856636011,41.72143630851462],[60.534241025348706,41.72590878221159],[60.52837723428413,41.73672209464293],[60.5176174255827,41.73825158859351],[60.51231558221338,41.74889102306688],[60.50491795599738,41.750951093389695],[60.50341522482904,41.76155037389103],[60.497827941427964,41.7631065866868],[60.484049305869476,41.77584624259505],[60.4833314756653,41.7833330796691],[60.47279013006893,41.78389937782386],[60.44778792514847,41.792233483220805],[60.43841937812999,41.8005809131514],[60.43293913795812,41.81153245893951],[60.42570650143728,41.81338742577516],[60.4244312104733,41.82304584564966],[60.42043580594057,41.828200593175346],[60.40501623475773,41.83418467763676],[60.40416460084507,41.83749778538764],[60.39673121775505,41.83816219053169],[60.39495196980559,41.845096107437755],[60.38675175530011,41.846402658945756],[60.3740611058176,41.84110076656848],[60.35056619878033,41.86862231526626],[60.34081403640906,41.89498454857581],[60.33404073044775,41.896719147728504],[60.33276536145941,41.90637755143802],[60.32767313977036,41.91248650939795],[60.31666799768522,41.90833507360403],[60.31600368417604,41.915768409339194],[60.29668239252579,41.925850447268594],[60.29583513802905,41.9291679952377],[60.276955307711276,41.92973427540477],[60.246722556942565,41.93820660448364],[60.24618751570065,41.94409263081538],[60.2496477630663,41.94757514710165],[60.2494337044799,41.96887628851381],[60.245438385875815,41.97403102250133],[60.238232450765345,41.97588150161867],[60.23693487540725,41.98432265453934],[60.250566319130044,42.00098625467818],[60.23806743564276,42.014457223058926],[60.232979651396434,42.03158912674717],[60.22745481465718,42.037145103950756],[60.21007770283604,42.042018901396496],[60.19960320360028,42.05319790454024],[60.19237506918046,42.0550528930733],[60.186930464681694,42.08554423216489],[60.183902747232295,42.08945484010775],[60.183332028617684,42.10416542836327],[60.17589867281699,42.104829805434285],[60.1657051537739,42.124342825565336],[60.151957765446504,42.12556911353611],[60.143623739615165,42.12973392897607],[60.11668178464641,42.151494336632226],[60.120266965916706,42.15612285807898],[60.12083330442833,42.17083342341758],[60.106622061444234,42.166311923277895],[60.081619870155954,42.17951978545799],[60.07742389238799,42.17535493131866],[60.0649517840414,42.17464593260564],[60.05242614567911,42.18714481275448],[60.045831214662705,42.187501538110325],[60.04461830561952,42.1827660171543],[60.02695576778852,42.18389858627324],[60.02083344672928,42.18750157176353],[60.014925186224154,42.18368454431574],[59.99783791003791,42.18395210105468],[59.97176104433786,42.19675863972715],[59.96986146058347,42.20339823751775],[59.96034130693693,42.20478505707072],[59.94669638044574,42.21282926454527],[59.94503315148406,42.22424899623295],[59.932596707860775,42.225617946830496],[59.922991853345565,42.21728389988679],[59.9138685293394,42.21604869419956],[59.91157209956839,42.22407512609365],[59.893824874574,42.236881656040744],[59.884086216681496,42.23829966864137],[59.88271729616765,42.25046851195653],[59.89166666341852,42.274998058179],[59.885758323745414,42.278815022484224],[59.86912145232662,42.279519530973104],[59.85659142603796,42.27118548797656],[59.83333269742039,42.27083323976616],[59.816664578720115,42.254165110596325],[59.780907046996965,42.25452185928389],[59.769090409383836,42.262146932535416],[59.762499898346356,42.262499181015485],[59.7616124997618,42.2659594378359],[59.75088841158453,42.267372958538175],[59.749095811664965,42.27436036769901],[59.73112117744022,42.27556883018068],[59.714711687408325,42.29109983254978],[59.70833514963483,42.29166615914156],[59.70744781356629,42.28821032225301],[59.69778939911582,42.28693060573923],[59.67292545067417,42.27129699091068],[59.668738354660704,42.274538754259375],[59.65637777109956,42.26306551033241],[59.634233861877824,42.26315911258201],[59.6324145396679,42.27024906535073],[59.6000013616334,42.27083322762599],[59.593410756863065,42.27048098902715],[59.57325558247553,42.25868665172183],[59.548289098155706,42.25798210430721],[59.54409312734325,42.262146881185366],[59.5267427692984,42.26285142269442],[59.52325574068972,42.266311737053],[59.50000148939679,42.270833231273315],[59.488069012650314,42.25221203894144],[59.48684273341777,42.23846014058706],[59.47585103689444,42.23248051369604],[59.47499935568587,42.229167373987906],[59.46354390684041,42.22490449432382],[59.46184501692888,42.21641881972866],[59.466910586188376,42.20916833262047],[59.447879032246576,42.207678996557846],[59.43962080526244,42.20065592161526],[59.414542915091005,42.199344926951674],[59.40838480522379,42.19457370484002],[59.411876326975545,42.189579516254604],[59.40565594056568,42.18267680088202],[59.40351106020157,42.18962407638992],[59.39122620425865,42.20326000085392],[59.374999533807205,42.20833450878247],[59.37941853216123,42.215790128682926],[59.36452960824461,42.21731062339612],[59.33717744405307,42.22980953221819],[59.32591374334121,42.22435601860366],[59.324223822665324,42.24092603465816],[59.30520570501396,42.242384192283986],[59.292309981791604,42.26036325453343],[59.28814076235425,42.27286657112827],[59.28685652713441,42.29380205232979],[59.270545061853184,42.32001267076923],[59.262500903593846,42.32083312014914],[59.25887121948557,42.310416695747485],[59.26280406065531,42.30511036894844],[59.253225993361724,42.30369681814354],[59.242452786496514,42.31310555113516],[59.22970866385127,42.307727804769264],[59.22291745679016,42.31195953821257],[59.216665772787,42.308334250443885],[59.21581412080915,42.31164738613283],[59.206378686449,42.316097572683795],[59.18534058692698,42.31728367645185],[59.17299335571607,42.32438257916609],[59.150675581410596,42.329978768316444],[59.14938243309335,42.3563275707304],[59.14113305643694,42.365834397011824],[59.12708240957706,42.37027120901067],[59.079164930591794,42.35833419289801],[59.078317751769326,42.342517721955296],[59.05833204214183,42.34583531665763],[59.03945661273876,42.34109977383714],[59.02986962495112,42.33240451758146],[59.028598774044504,42.322790702124095],[59.02460338934208,42.317635979651214],[59.00659305706995,42.30868653531576],[58.999998058523516,42.30833427563509],[58.999226646300876,42.300740400152776],[58.98119847407206,42.29935809956358],[58.958653312411485,42.291024023907376],[58.94291710400519,42.29581759082407],[58.94166857335562,42.29166617573968],[58.92721217918028,42.288067643994374],[58.907587622796484,42.28693061367547],[58.902209984703056,42.29109984163297],[58.89091947561934,42.29223246759407],[58.86874886470703,42.27963552503977],[58.85505502183997,42.284041090727506],[58.853257956894154,42.29105081050807],[58.82842074743886,42.292232480050124],[58.823043095906144,42.288067637044044],[58.8125017600914,42.28750135158393],[58.807766195492135,42.30074487114016],[58.816202815164424,42.318759666268285],[58.80889889530917,42.326955469159095],[58.80716871217593,42.33369763171418],[58.79484374398372,42.32443163091906],[58.78032943666327,42.33790702954065],[58.778599255916646,42.34241521239287],[58.78286659022176,42.3479177241769],[58.77963368699199,42.35208253232452],[58.78286656223383,42.35625179987454],[58.77859930168615,42.36324810559455],[58.78333482166008,42.370833020072894],[58.77157170391422,42.37156879050293],[58.77083151897046,42.38333189908737],[58.7633981756566,42.382671921478526],[58.757935754256046,42.37180062448354],[58.74804551897659,42.36723455537668],[58.72695843516079,42.36609748216304],[58.71338934682256,42.36178996365762],[58.704520189593374,42.344091800070395],[58.7032003370883,42.333728834907035],[58.68824444506728,42.32443164371455],[58.68004417281984,42.32573815694889],[58.67916574862979,42.329167171074296],[58.665730444111524,42.33806753997089],[58.65508662384249,42.32858303256863],[58.65325394164304,42.32144848377736],[58.62695411470015,42.320266830690144],[58.60758821762262,42.311932790051074],[58.594897643315626,42.31723465570009],[58.5854265104988,42.30879357544155],[58.581243925794546,42.312035326740244],[58.57565666971009,42.3073755659836],[58.57500117285251,42.283332086087775],[58.57083186875375,42.2791672651683],[58.56424135762981,42.27881504394538],[58.560758731101224,42.275354763395356],[58.53995261572364,42.27464576783186],[58.523257716108425,42.287144606683526],[58.51007660107562,42.287853616866585],[58.49409073402273,42.29547866786955],[58.48112364935722,42.29640172770224],[58.4647097596185,42.30776800710082],[58.45505575558302,42.30904327010421],[58.448255649903054,42.31631160153002],[58.43090980210061,42.31702061132279],[58.420832245698826,42.32499792994198],[58.42083217233939,42.32916721132921],[58.428809544794554,42.3350442782782],[58.429518485590606,42.34337833888802],[58.42535370038903,42.34757437488474],[58.425001442993555,42.35416494723611],[58.4134077689295,42.354789190941005],[58.41165093458254,42.361647282064745],[58.39649000936995,42.371805120724844],[58.39109885352497,42.40637652576529],[58.386934127730775,42.414710573186596],[58.36185614222967,42.44492992429487],[58.346494527325916,42.450900680623484],[58.34526826426824,42.46471052970744],[58.33693425010447,42.48137861269979],[58.33241267664463,42.48679639371436],[58.321719763390135,42.48820995898836],[58.31581588751594,42.50331740575389],[58.305417270618904,42.50851222881319],[58.30359798589573,42.51324779115968],[58.307767211115056,42.51862099775726],[58.308899808121815,42.538499712858275],[58.29481358256682,42.553553624359104],[58.269896112391564,42.55473527476307],[58.26054538796329,42.54640121647858],[58.2534196640971,42.54526413106357],[58.236568738863596,42.56596326485155],[58.20416441813373,42.57500189610663],[58.203317290817,42.57831501486201],[58.187500841617066,42.58333149284172],[58.18660008448847,42.58684083663399],[58.17279021527696,42.58806703958053],[58.14804221691326,42.60359813689971],[58.13528921279825,42.60473518263704],[58.12173797826311,42.617314273042915],[58.12139915115349,42.6313782979435],[58.1244312644075,42.63528891278151],[58.12566196861689,42.64909876537242],[58.13575738988845,42.650351766666624],[58.13995341719047,42.65452102892425],[58.152425503764,42.653812080516815],[58.1566215524723,42.64964724294758],[58.17325837739023,42.650351796430634],[58.184183231407914,42.66165115973095],[58.20195720716075,42.6702661598977],[58.23159239948916,42.67535397064828],[58.23924424361893,42.68297904616977],[58.26492419750741,42.68785286114027],[58.27500176934198,42.695834621900225],[58.270301926172635,42.7032277999683],[58.27552796163419,42.71155738620657],[58.27447107170905,42.731413805584175],[58.271363152983746,42.73525308102634],[58.2703018618135,42.76058079474148],[58.2660344508629,42.77393131673162],[58.24113933619078,42.794732991159464],[58.25053020332333,42.80724972254915],[58.245304130293135,42.81989130505688],[58.250530231816086,42.83239458270765],[58.241139365726795,42.853227497410245],[58.242196103044435,42.881413477558596],[58.2505301949741,42.890585870343635],[58.24113933162094,42.901153897974744],[58.25416888830377,42.912497876500105],[58.25001290790625,42.91874954460876],[58.254521069406906,42.926713497889054],[58.24964731771061,42.93504752359501],[58.2538121105052,42.93924357013213],[58.254521116310634,42.947550893387024],[58.24201777827654,42.96424131331428],[58.24131321446898,42.968379302441214],[58.245816956506054,42.97291871727758],[58.24201774146592,42.97674013845943],[58.242436983067165,42.995062582174924],[58.25630021707911,42.996476142579766],[58.2631405508832,43.00271888310027],[58.250918172855116,43.00855135946709],[58.24920142281604,43.01981953562895],[58.23429906648114,43.025964188661256],[58.22062302778633,43.04464331244146],[58.213466151195654,43.04679711435399],[58.2124985233254,43.04999872717307],[58.20085135853085,43.04668562317188],[58.19999970865704,43.05833276929018],[58.18528910497926,43.06306831846658],[58.17304439571325,43.07443458930962],[58.16751960132694,43.075852609953735],[58.15774970063886,43.090745988290415],[58.148042295367354,43.095267500320205],[58.13750089595312,43.09583378174001],[58.137148656162914,43.12325726702148],[58.1291668755989,43.129165602615174],[58.13390239506217,43.138436099889354],[58.124431344184615,43.15101072480192],[58.14622732506427,43.178197862823474],[58.153544744984515,43.18007512533349],[58.15416453387614,43.19166883685454],[58.16054554391939,43.192235093100265],[58.16875474696674,43.19954804366997],[58.1817307415671,43.1874995714647],[58.19943332103592,43.20612078439944],[58.20088705582496,43.21179272666069],[58.21161115871726,43.21321071829031],[58.21335017593453,43.21998413004946],[58.21666782154691,43.22083131780598],[58.216315534629565,43.22742638534964],[58.20868603065161,43.23507370698438],[58.20833376006606,43.24166871119277],[58.20486899555399,43.24270770426489],[58.203446541862924,43.26591283584215],[58.187179716316024,43.267308536677824],[58.18041528997957,43.262514999090065],[58.17143908255617,43.28125214456536],[58.175644038586626,43.29230177927851],[58.16730993238011,43.30203158668304],[58.16602573947946,43.31880227533922],[58.15476657804897,43.335421313469325],[58.16763101004968,43.35320420003227],[58.18681417047103,43.36746886801259],[58.18750076441897,43.387499145633555],[58.19089867809906,43.38847125327195],[58.19610242574922,43.40321752352481],[58.180326096669205,43.40844801169827],[58.17438209401888,43.4254684080458],[58.17978211408984,43.43380244923379],[58.175617341249605,43.43950566635967],[58.17500191969374,43.454167181341596],[58.16737245720171,43.459250555540756],[58.16595884992789,43.46994792817332],[58.14999970427073,43.475000114687795],[58.15035646472462,43.48162188878049],[58.15923455242248,43.49100382956635],[58.17410117463806,43.492328161015045],[58.19605780126335,43.51951085352795],[58.19497869562504,43.52433561703685],[58.18006745952922,43.52565997160339],[58.17402098002598,43.53686567330459],[58.141665731015635,43.54166811653821],[58.13750093050486,43.54583294681214],[58.137500913545935,43.574999868622804],[58.152456764375046,43.583690703918],[58.16424216217972,43.5996453291979],[58.17325847381181,43.6003543361394],[58.17881001459275,43.60587920634479],[58.179166724703876,43.612500959444006],[58.18992657482222,43.6128531954052],[58.19375242864181,43.61665235149004],[58.202082025799726,43.608345076192215],[58.21078623834851,43.61701798298119],[58.219089124281844,43.61631347534264],[58.22291502371957,43.612514292662055],[58.23507489902271,43.62047829071963],[58.24999957915336,43.62499980817637],[58.249370815788325,43.63964797079499],[58.24469322297411,43.649712130748945],[58.23131593335034,43.661867678577366],[58.22497068597454,43.66373153515756],[58.22979544000549,43.67043802436881],[58.22853789923307,43.68131375894134],[58.22436861532066,43.687101720868654],[58.22578664719832,43.69932853290536],[58.26583829660621,43.70067074503554],[58.2785377831661,43.722850319592716],[58.280013785083014,43.73278517357071],[58.29921465534681,43.7468269338446],[58.30078427369971,43.75734146305681],[58.304168717520504,43.75833137509614],[58.30381194536574,43.76492638319022],[58.295834738023316,43.77083469552037],[58.29618695296716,43.777425248258524],[58.29964719871736,43.78090778935639],[58.30035618230177,43.806618985319176],[58.3059077843852,43.81214824868875],[58.31249835068342,43.812500551342076],[58.31214600571726,43.814926284370095],[58.29584799113807,43.831251051950666],[58.30416877176599,43.84166750579296],[58.295834736768114,43.84166751356838],[58.295214821433596,43.85317646697164],[58.282765021284305,43.85954852698413],[58.28393784384403,43.89066410264052],[58.291665420260514,43.89583224518805],[58.291023270178464,43.90630219980977],[58.28751400707524,43.91125176871194],[58.294867027330284,43.91346353738475],[58.30083777425445,43.93257078591474],[58.31592740633248,43.9341091465566],[58.31730964890031,43.95213283216389],[58.32147453333218,43.958968653596465],[58.31314491419733,43.96869837305638],[58.31185622087487,43.979489446252884],[58.31664528857747,43.98624048490209],[58.33623856646503,43.99580972785318],[58.35064140368264,44.01730260830984],[58.34230741276708,44.02703232479428],[58.341023225005856,44.037823349655895],[58.34943309208297,44.05220846217995],[58.34494727284172,44.06179103658644],[58.33421868258329,44.06320902527146],[58.333687936048115,44.08162066365193],[58.341665251583926,44.08750222486693],[58.34230737787992,44.10213701083152],[58.34522808716607,44.10624827517287],[58.341023209033175,44.12146718209563],[58.349357220109894,44.13119695523078],[58.350837653016704,44.140899934012495],[58.365945108922425,44.142442822508876],[58.366667489776816,44.15416575969132],[58.36666753389331,44.1583350430293],[58.350851038924965,44.1675163267965],[58.34999937260602,44.17083391439687],[58.342566059212174,44.171493833400746],[58.332483976141006,44.19081513450416],[58.325848902363695,44.192518531805526],[58.31492404844989,44.20381339129767],[58.29668634921727,44.213351463214124],[58.29166546078831,44.22083379849405],[58.27916652081701,44.22499863053217],[58.269120141570404,44.23714072489577],[58.264241940293516,44.237854159915045],[58.24825608797481,44.25381332579407],[58.23750067111522,44.254165600668486],[58.22951892723741,44.272577228806576],[58.228814393494865,44.28158906474773],[58.22118488995471,44.29341012779718],[58.22048036277625,44.30242641079572],[58.20035194415101,44.32674193111987],[58.195224015278015,44.35742053594447],[58.19166558211323,44.35833464759357],[58.191313328770306,44.36492520771367],[58.1875141162539,44.36875111664011],[58.19131333755341,44.372577041217895],[58.19201787510356,44.40171281324374],[58.18751414162823,44.40625214070077],[58.19131336004089,44.41007361658689],[58.19166566830227,44.41666858854857],[58.18007641515398,44.42576519840852],[58.178636128769725,44.43010830947591],[58.18386213760816,44.438442412623836],[58.171399019789426,44.456122737725174],[58.16581619588871,44.46998158117736],[58.15895815203177,44.471742946383536],[58.15833388093363,44.48333214161756],[58.15090054005492,44.483996548658844],[58.14999978276031,44.49166620119232],[58.153317408146826,44.49251789963369],[58.16193227901665,44.51028743339179],[58.16311836809047,44.532319858085266],[58.18009417845588,44.54907270253579],[58.18738485755443,44.55115957298416],[58.19228539007831,44.56466168262613],[58.20354907701201,44.58117378164693],[58.20496270306773,44.590872295289294],[58.2208326116609,44.595835305813516],[58.22118485982632,44.606590600445266],[58.2288143844741,44.61424242291956],[58.229518867963215,44.619089514484635],[58.23992647337948,44.62535453702896],[58.249999510552264,44.637501122893],[58.238352369939186,44.6425175843615],[58.232484232371405,44.657482350137975],[58.213466133492936,44.667060486858404],[58.20833376186759,44.6791669522764],[58.207981426285215,44.698256372580474],[58.20418232390321,44.70208229076488],[58.208320284403534,44.70625156051634],[58.192026792167105,44.722545124902005],[58.1871485380957,44.73992670154841],[58.179518979812435,44.75174328845909],[58.179166747222055,44.76249865955943],[58.175001959247616,44.76249861243763],[58.17464524560451,44.77742324813571],[58.167020144487196,44.78924436293037],[58.16631118946488,44.80659021102583],[58.16285533165002,44.81007726256703],[58.162855295727844,44.87325826938053],[58.17048049156616,44.88507485794813],[58.17118492074251,44.89825597100098],[58.182979280889214,44.91007708737643],[58.1878531378218,44.927422939226524],[58.19547816203257,44.93507475062002],[58.20452119168644,44.956589924545646],[58.2163155556296,44.96841101482852],[58.21702455915021,44.9732892719887],[58.22916666170248,44.983331176288424],[58.22973294696414,44.9897121126706],[58.236934385782156,44.99778759691187],[58.24223177137627,45.01887910582119],[58.253598032848345,45.03528861567219],[58.25482874517854,45.04909846138907],[58.25798134122565,45.05242490971967],[58.24999953233617,45.06249805601361],[58.24565636437139,45.06374213673705],[58.27700833889047,45.091049696377496],[58.28676484312859,45.092467671725146],[58.287500579826876,45.09999907692707],[58.290813786477315,45.10085076263982],[58.29622710037448,45.11153029318303],[58.31596308339126,45.12175504939844],[58.32083236958733,45.13750011092947],[58.316101248538494,45.138712972714785],[58.32148790695906,45.178189436351346],[58.33750049438976,45.19166482231099],[58.33750050866428,45.20833291251228],[58.34095631394642,45.2092203333045],[58.345834549553096,45.225001037024995],[58.34999942968419,45.22500106077589],[58.3503515960211,45.24409049709435],[58.36214594259934,45.26007634506874],[58.36701973423155,45.27325742778814],[58.378814057788425,45.28507405142015],[58.3791663804266,45.29583387844368],[58.4041685057881,45.3208316329191],[58.40452078481145,45.32742659856423],[58.40831994933536,45.33124807535854],[58.404520829640795,45.33507398097643],[58.404168543930595,45.34166456362077],[58.410545092795196,45.342235289768006],[58.42409624875943,45.35481437550304],[58.42585316548867,45.36165020395104],[58.43137790886505,45.36306820178074],[58.4416650897555,45.37500072364184],[58.44825559728097,45.37535303038343],[58.46841080515191,45.39548138495088],[58.47325783690838,45.396185916522484],[58.487500199776825,45.40833253259864],[58.487852482508295,45.41911914499085],[58.493408540819665,45.424648411733884],[58.49999910025322,45.425000687440985],[58.49630250871123,45.43124786330152],[58.50776687383626,45.44779112238738],[58.513068733147016,45.46175258339143],[58.50880139055801,45.46874888721695],[58.51202971519981,45.472918132960125],[58.50776685606557,45.47842066960621],[58.513465563804445,45.491271842429924],[58.524149538216136,45.496685150112256],[58.525852994732354,45.50331585704625],[58.52916598928744,45.504167559285136],[58.52951834273244,45.51492288841732],[58.53331743991485,45.51874882770607],[58.52535350933009,45.526743969929264],[58.52464448583946,45.5350467957983],[58.55833305386948,45.575000393190614],[58.56276531909017,45.57613744958425],[58.55889933979329,45.581122737422575],[58.557766728890556,45.592413125274035],[58.56249782064333,45.59999810579077],[58.5774223924997,45.60035483001214],[58.59131253409534,45.6142404873717],[58.5910450600604,45.628255404345104],[58.579165961418845,45.633334289855966],[58.57952271224198,45.65245496840807],[58.58507430035051,45.657979767601844],[58.59999883982705,45.66250128559238],[58.599646582942526,45.66909186415227],[58.596186317720225,45.672574378890666],[58.59548176487246,45.68159069357637],[58.58368750281625,45.697576576013894],[58.582978511494886,45.71004425623246],[58.587500049509565,45.716665998415124],[58.61176638704053,45.72163791990801],[58.61285441292788,45.75242353245534],[58.628813586370924,45.780908262231044],[58.63368734720293,45.79825864367879],[58.64131245034376,45.80591049510688],[58.64618622441547,45.82325631652169],[58.65381131950506,45.83090817199574],[58.65416802373272,45.83749871951828],[58.66600694423509,45.84673349131947],[58.66723320730465,45.86054333554088],[58.671683362091194,45.86998330735901],[58.68714754900129,45.88507735926825],[58.68810627018762,45.90325265337173],[58.691664615898276,45.904166755945575],[58.69131233028672,45.91075730412781],[58.675353241870305,45.9309079888119],[58.67556728296501,45.9438750095799],[58.68704048294482,45.95624015077205],[58.68248335827131,45.96581380209164],[58.67148724306806,45.97179345745548],[58.67173692842411,45.98269595215132],[58.689711591761466,45.98389992558359],[58.7117528295286,45.99639881873654],[58.739711430053575,45.99526619957627],[58.752210229839875,45.991101391343996],[58.76040605546766,45.98379738481088],[58.77708315262183,45.99119946378978],[58.78945712431746,45.98389991911465],[58.81470898150167,45.98276733488175],[58.82460379813679,45.97819674036902],[58.83007510344709,45.96728975533176],[58.864922997621804,45.97118706178801],[58.87083576971057,45.977068558674894],[58.86285395959836,45.98924196268837],[58.86250167236961,46.004166579710535],[58.872574801630144,46.012148375764816],[58.88159111014456,46.0128528786033],[58.88578714794136,46.01702213853833],[58.91492290932216,46.012852870102435],[58.923283669096094,46.0211869072927],[58.94408983137579,46.020477937170384],[58.954167455375966,46.016665433386535],[58.959295409808675,46.02434398816996],[58.97304277334096,46.0255657780391],[58.9824826861076,46.0300159336012],[58.984186083471094,46.036651084506396],[58.99517783977262,46.042626281165596],[58.99583327301742,46.05000164405431],[59.00637900935778,46.05056793741333],[59.01626927046143,46.055134072677944],[59.02026468282581,46.06028881545901],[59.021495373279784,46.07409860482435],[59.03112252832897,46.078597863900086],[59.04583320031669,46.07916863043489],[59.04650198407165,46.09502073741961],[59.06041886609046,46.099439701432814],[59.0645078906006,46.09645207455738],[59.08796717806441,46.09521692760989],[59.10200445092385,46.10355098267163],[59.14919065721608,46.109008892214284],[59.15061761871132,46.11882785175717],[59.16250108543558,46.13333332198179],[59.174999944690306,46.133333355302206],[59.17443361803899,46.14804387062776],[59.16609959166019,46.1759890506622],[59.178714369590175,46.1895803861263],[59.17140144709346,46.19778963168861],[59.17026432966116,46.2071180745701],[59.181122288137544,46.2119339345735],[59.19804452439303,46.21306652677728],[59.20291838066844,46.21684338064993],[59.20473317277255,46.22157893840573],[59.199431382526846,46.23407779542951],[59.20456384177641,46.24069955047958],[59.21183650938801,46.24256793378588],[59.21250098889056,46.25000128122906],[59.20591043640729,46.250353525066174],[59.200354416119765,46.25587831376928],[59.20080025405969,46.27526651334202],[59.20808642642055,46.27017867072404],[59.21408392120575,46.27349626648631],[59.217459515944704,46.30389395502196],[59.22475459794231,46.30899066570982],[59.235416361570174,46.30062093697136],[59.25204426902484,46.31600929041991],[59.261493184950744,46.31739608739066],[59.26348183930715,46.32418732653669],[59.2715929816223,46.32563206833529],[59.28662462155873,46.31197384570496],[59.29924388680065,46.31325807647357],[59.300746588993,46.32829857822978],[59.30872837980237,46.32979684248203],[59.33373058728333,46.32020086574729],[59.345052282634825,46.32599323813381],[59.3510096488893,46.34510049414428],[59.36464547767993,46.34646500327231],[59.37499957699794,46.35833509927873],[59.39923026894048,46.367636777298785],[59.400795391495514,46.37837430599717],[59.410494042080025,46.379783379257795],[59.42419232738788,46.39228222350502],[59.43676252544789,46.38271749239052],[59.453359294650255,46.39645150802998],[59.474004948525916,46.39515387992157],[59.47499932262162,46.39166691223698],[59.48158988721621,46.39201918488731],[59.48507694362166,46.39547940467739],[59.51075689681449,46.39618841314036],[59.51424384445462,46.3996486710441],[59.527425008928624,46.40035322871373],[59.5312509247268,46.40415239159867],[59.535785802312255,46.399648659980286],[59.539923859839945,46.400353205882375],[59.56424380668161,46.412147565192555],[59.57742493814214,46.41285209540867],[59.58297653980581,46.41838135364114],[59.58333319972687,46.42499867820254],[59.590766521253684,46.425663064279064],[59.592880066062676,46.4338990427305],[59.60743016960308,46.432677204691565],[59.60954829399974,46.42443236827352],[59.63554482818184,46.42556941758017],[59.640168918069804,46.42915456047814],[59.64583200878549,46.42083388218218],[59.64517201139278,46.413400531241315],[59.63809096033449,46.41158121949303],[59.63749794809478,46.38750206264308],[59.65590959170289,46.37535550075036],[59.66909064621061,46.374646492299526],[59.68507654215707,46.36285219093257],[59.71909049346669,46.35797836507184],[59.7274514202051,46.34964876246639],[59.73992352471195,46.350353301532074],[59.744119479725406,46.35451811382362],[59.75242238542134,46.353813559535936],[59.75624822648129,46.35001441841081],[59.772916378374724,46.35831725062737],[59.7767422696885,46.35451812153666],[59.78970927366494,46.354732172351056],[59.80342101111694,46.36306620797831],[59.80752340030976,46.361492146648764],[59.80923135141308,46.35482577796142],[59.82410234999958,46.353505893083565],[59.82585032783159,46.34668350765058],[59.840730420745864,46.33693140930927],[59.853505732216306,46.34076624260883],[59.85482108904331,46.325970917416655],[59.864457218452934,46.31723558984845],[59.877210336563614,46.316098493541105],[59.88656097968986,46.30776442552189],[59.91054201498839,46.30890151771178],[59.91591971437575,46.31306631953024],[59.92048585130514,46.31131392323436],[59.92860140987847,46.3022083945792],[59.934251046449226,46.288081957306396],[59.95776395351867,46.26887663096676],[59.95833462957424,46.24583199155403],[59.9742536327299,46.236931610311814],[59.9897089415511,46.23806870174887],[59.99778880050731,46.24526570711206],[60.010416992279424,46.249533056339104],[60.01998172543891,46.244984735657404],[60.02588560931493,46.22987284390287],[60.03554400732214,46.228597588733656],[60.04092174875328,46.224432739392576],[60.06054167920952,46.22556537725618],[60.07841829475279,46.23806872838254],[60.08554389592995,46.23693159325468],[60.093623824388516,46.229734629051755],[60.10221207184586,46.22973461757999],[60.1075853242277,46.23389943255801],[60.11578558622686,46.23259293394106],[60.124431685590736,46.218876733302764],[60.12570703263959,46.209222728345885],[60.136752214229794,46.203599809933564],[60.14148781768968,46.20541465880911],[60.146731672641465,46.216005058420365],[60.16054597874135,46.21723573652808],[60.166668388177655,46.22083428647404],[60.16756463555903,46.217329380635064],[60.181378909642326,46.216098662546244],[60.19081433850044,46.21164852049859],[60.19166610336732,46.208335409955886],[60.19953195867445,46.21311555575614],[60.240800890728345,46.21184921080464],[60.24521546653529,46.20632880050939],[60.24662897166828,46.1966258072382],[60.25736196218223,46.19506510367367],[60.258334092101585,46.19166728656633],[60.27024876573658,46.196755115003754],[60.27860074289918,46.20612366775511],[60.28037990395434,46.21306654951924],[60.28403636696704,46.2009288578891],[60.293739380617374,46.19212657674965],[60.29850618095847,46.19581869388442],[60.305078860484976,46.1839396955972],[60.320832874175274,46.18333320784317],[60.32205013310892,46.178597678945124],[60.33137865535404,46.17973473024258],[60.33945401887366,46.18693173273393],[60.3458349723773,46.187498023878724],[60.34673127774767,46.19100735818671],[60.36075967280305,46.19201953496224],[60.36424223423507,46.195479830038124],[60.394091438667346,46.196188815650295],[60.405908114119725,46.20797865868232],[60.42742314843255,46.20868766764875],[60.43507504642792,46.216312733317665],[60.44825610617295,46.21702176267926],[60.45174313710181,46.22048200575693],[60.47916661700134,46.22083424626548],[60.48541824967779,46.22498572171566],[60.48924420687561,46.22118650685055],[60.55630013422657,46.216022911443936],[60.569869248012466,46.20736777456612],[60.57435507174055,46.19796799166586],[60.575737438785936,46.1799398396581],[60.60394566021923,46.17408055877525],[60.60772702779703,46.16875195197754],[60.604168588705924,46.15416626756907],[60.59619125288196,46.14828917708289],[60.595834495161235,46.137498110521335],[60.614634102176154,46.138144703793984],[60.64922783593666,46.1466036430275],[60.65077061818782,46.16172886462763],[60.7105448895967,46.17556545166113],[60.73258624156441,46.192233587662656],[60.74999903353457,46.1749991532358],[60.75035124897316,46.135076844709],[60.757980838683814,46.12742502060346],[60.758333053703865,46.09583229758653],[60.76252460535719,46.094570341642225],[60.7676302732346,46.08429658586377],[60.77884496601784,46.078522024487164],[60.79369819057937,46.091025375717194],[60.808011876719284,46.09647439701717],[60.816024988523274,46.08963413508941],[60.817509797731134,46.079882076120555],[60.83963590570992,46.078522032583855],[60.84495563667802,46.074749661057254],[60.846748113521116,46.092309609685195],[60.889635791637765,46.09102540587911],[60.908332846842846,46.08333340091892],[60.981377323368186,46.082767082508255],[60.98528795501238,46.07973489905375],[60.99902644767568,46.07851309957351],[61.00776629379046,46.0688769974633],[61.00889885252975,46.06028877948818],[61.0202650641968,46.048044115163584],[61.02621356493427,46.02859793804875],[61.043876089841056,46.02973505317597],[61.049253761971606,46.03389986656563],[61.069926161270196,46.03270479323941],[61.07443430137232,46.023041884865755],[61.07585230877091,45.98835012205721],[61.08293785007494,45.986530810363966],[61.088386813813166,45.97570856424834],[61.101955901815515,45.97140109121648],[61.11470891600951,45.97140107304802],[61.11862401341664,45.97443322451029],[61.13243387729347,45.97565950535751],[61.134221891860435,45.982624639138514],[61.1438758690324,45.98389995893636],[61.14925355202899,45.98806918848559],[61.16187728561101,45.9824240010201],[61.16312137006113,45.95924106461152],[61.16998390620748,45.95748424654315],[61.172048470934,45.9494310539384],[61.18240247138496,45.95069300303065],[61.18703545404528,45.95624459496761],[61.18276819200318,45.96175157653181],[61.18434221259169,45.96585393163797],[61.19081684082241,45.96751722133538],[61.19256927327554,45.97435301684139],[61.20734673412677,45.98806920062293],[61.22825996422444,45.9868741406343],[61.230132670746016,45.97956124233457],[61.237499171072756,45.974999597254445],[61.249079509054525,45.983917758090975],[61.25089881697191,45.99100327974824],[61.265765369319396,45.99232763753589],[61.26666616683829,45.995832470567436],[61.285492492743835,45.99645232099149],[61.302004534413975,46.00771601723618],[61.32715831527139,46.0089511219405],[61.33286593413534,46.01311598466601],[61.35216045159941,46.011880810303985],[61.35624949445339,46.008893167325624],[61.3620284776648,46.013115985673345],[61.37401899596039,46.01176487613892],[61.38688353997818,45.993825905010816],[61.388301515763175,45.984069349892344],[61.39583290808763,45.98333363291681],[61.39521753179437,45.96450728956608],[61.391048310759345,45.958804121325926],[61.392350389205355,45.938497376320186],[61.39923072393548,45.9365264642157],[61.40080932712267,45.925677453299095],[61.42816589753553,45.9243308105768],[61.43009217766076,45.91759307385494],[61.44783942384336,45.908951379346554],[61.47721152719005,45.90890234769489],[61.489589931126105,45.91620632520995],[61.50758688916865,45.903600446892604],[61.52425500855253,45.91306713020233],[61.535416133823624,45.90880422859455],[61.54091874115614,45.9130671015927],[61.56054319762879,45.907765207227015],[61.568623086923175,45.9005682315385],[61.58243297514347,45.89933755436589],[61.58333365278514,45.89583270487184],[61.59408910290589,45.90035419491767],[61.62083475487149,45.924999683162696],[61.62159276584878,45.90511204003151],[61.62691696653946,45.90052814041239],[61.65208415443943,45.89206474428386],[61.657394844370025,45.89636332079036],[61.662500564215506,45.891667909096434],[61.63785514943836,45.86911818663064],[61.63271381697161,45.84119531293983],[61.63811822352237,45.832865719206545],[61.632713744019824,45.8200948230434],[61.641961942507635,45.809437599862854],[61.64907423382211,45.807408734274496],[61.65895103815577,45.781171369839775],[61.68375705032812,45.75523723632355],[61.690896085261926,45.75319492481575],[61.70076857704627,45.72597215859789],[61.70740813299386,45.72407258585045],[61.70925875724788,45.717593485237636],[61.7241699510381,45.70779684723009],[61.72561911471398,45.697839647572984],[61.732776062300644,45.689590328442456],[61.71465861595581,45.67561550098771],[61.70496011310938,45.674206466070885],[61.70339944345284,45.66347339268802],[61.688425762834385,45.65740902722524],[61.6878550083837,45.64338066826465],[61.6937498849229,45.637512514380674],[61.697575808468955,45.64131166177341],[61.72437505152403,45.640758707838756],[61.72562358912918,45.61757588864541],[61.742412112068486,45.611930677600306],[61.74778979971904,45.61609992345519],[61.760542804378176,45.61723248099889],[61.77991309551557,45.62973583907073],[61.78529081938922,45.62556654492644],[61.81513110449907,45.62443397782419],[61.81723578129339,45.62991419220817],[61.8122372118619,45.63636204134073],[61.82695668345679,45.645266893074016],[61.836610567148334,45.64654220495453],[61.83816242012469,45.65743577222079],[61.84498039909009,45.65918371521781],[61.84668370163532,45.66581437876403],[61.865777598275045,45.67153986490712],[61.86666497960149,45.67500019369118],[61.877246408118744,45.670304739278265],[61.88941975748008,45.658862697726185],[61.90308239349674,45.65773450683143],[61.91457799946587,45.64205636152095],[61.91876066335026,45.6454452303999],[61.932445661022264,45.63672768539371],[61.93381457337725,45.63233549147969],[61.92969431432785,45.62724763726203],[61.92916816639513,45.61666620652347],[61.93600399278645,45.61251480258653],[61.94287988202813,45.62556653708893],[61.95220833200617,45.62443398957587],[61.957586080212685,45.620264699215],[61.96862223049301,45.62443396521606],[61.989709385451825,45.625566599851815],[61.995831744930356,45.629165072902275],[62.032454256372446,45.629802729559366],[62.036882215074115,45.63534088316597],[62.03829578507151,45.64503943764273],[62.065866328769864,45.65073372184382],[62.07700520180886,45.666050757922676],[62.08132606643243,45.66605075425336],[62.08957538209497,45.658889453186084],[62.10200738441421,45.66605071428853],[62.11170590637627,45.66745984242672],[62.11333353645253,45.678629866175996],[62.1228403651184,45.68688365069668],[62.13236045260962,45.688265972718426],[62.13449191999469,45.6957215697422],[62.14119845091593,45.7006177029241],[62.14943882707934,45.68958139751789],[62.14521609910736,45.683802407287644],[62.14752146712788,45.678892969604405],[62.15369724819563,45.67438033513966],[62.17416462235117,45.67569131025364],[62.1800951331316,45.686571556982244],[62.18757309953857,45.688711938899004],[62.182717165991996,45.695364857077806],[62.185183022465935,45.700617714550205],[62.19529621397888,45.699172948682055],[62.203550088932346,45.689661698186434],[62.20485657188851,45.67182529562775],[62.20833459996089,45.6708353881509],[62.228280246989655,45.67570915857421],[62.23005495455887,45.68262525339756],[62.24074780661208,45.684038775149325],[62.24526491640603,45.689456588419404],[62.246491164839654,45.70320847080232],[62.25416533654963,45.70833192343761],[62.268621710840165,45.69639938793009],[62.303251028131356,45.695231095433726],[62.309253000653214,45.684038776331995],[62.319945957638275,45.682625205049675],[62.32570709700202,45.66338866177077],[62.335414576856664,45.65880025591604],[62.36179013694844,45.675887553966476],[62.36756469871809,45.69515974204432],[62.37991190095313,45.69639939651834],[62.386364309792256,45.69140072247812],[62.38750137465094,45.69583307901167],[62.38995835186236,45.69547634966274],[62.395835371724075,45.68749899798796],[62.4272096113369,45.68806531986285],[62.43258732871992,45.69223456057089],[62.440827700441126,45.690919159208065],[62.44186674938588,45.68628169070822],[62.4369349125778,45.67991409622072],[62.43855354560459,45.67568688189179],[62.44908156667639,45.67429562316444],[62.45506566870201,45.6631612247763],[62.46887549159873,45.66193052830497],[62.48958354279369,45.64630142408055],[62.493623525570065,45.64943167151519],[62.50416481605607,45.649997997320234],[62.50930616026876,45.63401213523872],[62.528368728269356,45.632643171804695],[62.52960846584688,45.62424220442273],[62.524395752649404,45.617205743822126],[62.52560414266782,45.61032534859825],[62.5327298249665,45.60217415319357],[62.534112133086545,45.59245330165332],[62.538950266404534,45.59173536980377],[62.55362516525783,45.60060455639745],[62.56155788408676,45.59920882127196],[62.563065078269375,45.58945676178725],[62.567519691567725,45.58001681095931],[62.570832820442114,45.57916517573087],[62.58112440989045,45.59109771917169],[62.598042181546894,45.59223480385726],[62.60416457672782,45.59583325740836],[62.62842654813561,45.59089257734507],[62.62990696567759,45.57158465204271],[62.64169240869721,45.56540438511478],[62.645192775311706,45.560468146761565],[62.645834891776836,45.54999815166471],[62.65341988509594,45.54526708035713],[62.661602222631466,45.546569160097235],[62.67026630082816,45.55612496095219],[62.671492606171256,45.569934838914946],[62.6811242314094,45.574434085631765],[62.6875007348068,45.575000344968245],[62.6883881445775,45.57154011552308],[62.69804202310079,45.57026477268224],[62.7061219183259,45.56306779106083],[62.74908538605841,45.561903992726634],[62.75776728994583,45.54387583015794],[62.75904249793757,45.53422189609906],[62.7658158815852,45.53248285656342],[62.76666767396126,45.529165255737844],[62.78549394370712,45.5285499390767],[62.799027321362225,45.52423350475314],[62.80115876024727,45.516782363524335],[62.80712064069299,45.512425786894546],[62.80949284654246,45.520719747257],[62.8145048215547,45.524380671374374],[62.83234124729453,45.525691635153215],[62.83449051260466,45.53321855599206],[62.84920557248102,45.538293050074266],[62.850859848122866,45.549668233418465],[62.85617517052977,45.553547604410916],[62.86882561295863,45.55354761746334],[62.8737885987731,45.549926844552566],[62.876365969880695,45.558952054062935],[62.89382777796847,45.55771687075461],[62.903240976822836,45.55323996476193],[62.905140574104166,45.54660032878317],[62.915931557716696,45.545030761387295],[62.91740303795262,45.52996787147486],[62.932564006225824,45.5198635525535],[62.93419609030212,45.50866231679287],[62.9395826597254,45.50472939722925],[62.945366101133665,45.5089521639641],[62.95388739490832,45.507400383220265],[62.95949253853242,45.49594943685992],[62.96619906013444,45.491048875299036],[62.97869791120023,45.49644885888691],[62.9936714935499,45.488119216310636],[63.011507904376835,45.48680829057858],[63.013657214139975,45.47928132577967],[63.01867372559953,45.47561589246722],[63.03333528376226,45.47500057747214],[63.034307275664275,45.478398402684036],[63.04486193878333,45.47993680324382],[63.046761604002576,45.48657195000187],[63.05339675012355,45.48847153285786],[63.054970806704304,45.4992669853024],[63.06581527151296,45.50084996756319],[63.07140253488315,45.51175247749432],[63.066100703472635,45.52008657132177],[63.06734038317529,45.53243823023212],[63.09999872720496,45.54583340039801],[63.100850497240245,45.54251580616483],[63.11173073140398,45.54243999415564],[63.113416233168834,45.55897433208225],[63.147969781054414,45.557690116869146],[63.15384693120311,45.55352531110469],[63.164584408130736,45.55772578595071],[63.16874917301287,45.55477389923767],[63.189533057364116,45.56185937407454],[63.20833267555505,45.56250154568879],[63.228229197538354,45.54943188441633],[63.2325143494671,45.55097917456813],[63.23422223142662,45.5576232311015],[63.272918219229716,45.570362907903615],[63.28661217839686,45.56595732735386],[63.28840026934777,45.5589966772834],[63.298259358968146,45.55868454227959],[63.31007601881833,45.5663140400441],[63.32500060394429,45.570831081957074],[63.330030442769974,45.58716924289515],[63.35617411113257,45.60354753348177],[63.365694287102194,45.60493431145658],[63.37162938134354,45.62420656403002],[63.38703110705688,45.62978489329063],[63.3979916204947,45.62854974274582],[63.410289763217556,45.617232516786615],[63.431376932998155,45.616099901158314],[63.43945682521005,45.60889843464333],[63.457623177118016,45.60327999357447],[63.45904112699517,45.59255586237561],[63.48248265278575,45.582482772243964],[63.49166845795316,45.56666629826174],[63.50632542381627,45.56728609578223],[63.51163622249366,45.571165508368814],[63.513116664291594,45.58132784323715],[63.52175842664901,45.59490576456465],[63.53117160685174,45.59938274642072],[63.553355626682446,45.60068925627529],[63.55777011070123,45.61458383634939],[63.55354737922182,45.629637702903715],[63.56214441726128,45.64340744346035],[63.562501206561855,45.6499979768837],[63.58125172932906,45.65786381119347],[63.607484657872114,45.64498149692856],[63.613468797957886,45.62956190108873],[63.6333340167997,45.61666617871167],[63.63749884803112,45.616666195376254],[63.63816327111605,45.624099511417626],[63.651955251272575,45.63276798945106],[63.68749878118877,45.6333343323743],[63.69825857698076,45.63298204412692],[63.714244398667944,45.62535253648863],[63.72742551566408,45.62464798955412],[63.730908051241634,45.62118773468326],[63.756592538837225,45.620478756619676],[63.76007508169177,45.61701848321781],[63.77742537628293,45.616313938434644],[63.780907920286396,45.612853684208176],[63.80659241763936,45.61214467057405],[63.82881204731819,45.594089787758634],[63.82916882544158,45.579165181591605],[63.80070642762425,45.55741365616011],[63.79929286572337,45.546720732715684],[63.795832635654165,45.54583339326643],[63.8077650898019,45.5355417842079],[63.80890218347955,45.522788746363645],[63.81619735388497,45.510414763478245],[63.81296888712192,45.50624993886494],[63.81723180586475,45.50074737297598],[63.8119344044704,45.48824851851821],[63.814034649092264,45.48276383103292],[63.82304203885187,45.483900900389834],[63.828419691350206,45.48806572839157],[63.841667692253694,45.475000538799556],[63.82026407501218,45.455153099443855],[63.82973515649118,45.44260516488817],[63.82140108031488,45.42304314339712],[63.82022390019789,45.39684593071991],[63.80833145145867,45.387499646141535],[63.81424418894004,45.37951784824402],[63.83162137361332,45.378813283108265],[63.837855213457345,45.37254826187482],[63.8371461861894,45.36007613120118],[63.83298134271954,45.355880164571786],[63.84131548027616,45.339925448980814],[63.84166771794562,45.32916567684925],[63.85362697884243,45.33393692740574],[63.86875673430025,45.329700788733426],[63.87708187931423,45.336973525573484],[63.88532678089682,45.329772075185744],[63.902084039131424,45.325540440994935],[63.907791670113625,45.32977210761942],[63.91589387498104,45.328345214692376],[63.91744570555484,45.31745160319601],[63.922404183575914,45.31672035011346],[63.93540697176343,45.328635018993886],[63.961960878100165,45.31606035352239],[63.96594279898331,45.31783957010214],[63.96744110499563,45.328376385646216],[63.972827630062525,45.33272849123319],[63.98749809195006,45.33333494995054],[63.98785490929648,45.326713151699664],[63.99341095733088,45.3211883290598],[64.00661881253264,45.3204793288654],[64.01248696411224,45.314584393015025],[64.00381402800967,45.30588025586338],[64.01424381392411,45.29202136540467],[64.03575896698251,45.29131234456477],[64.0416672818509,45.28749982020461],[64.05612367584327,45.29526756133099],[64.07574822597967,45.29640017474811],[64.09903360831142,45.28293815519106],[64.10089752748661,45.27566980263959],[64.11349004039968,45.2744346361671],[64.129168226586,45.29166463884831],[64.13749785221351,45.29166460262686],[64.13834954845353,45.28835151540251],[64.14778950497235,45.28390132729619],[64.15711788622971,45.282764292197804],[64.15833519829471,45.287499845681644],[64.16492579806288,45.28714758522734],[64.17561869627421,45.275469159366345],[64.17419176955725,45.26762564034933],[64.16678075291351,45.26550757310222],[64.16311986205146,45.26049550818954],[64.15889712550708,45.2479163725345],[64.16276750308572,45.24261453133402],[64.13688246814948,45.23650110544229],[64.14282645186846,45.22094774766447],[64.1542418167523,45.21545412123044],[64.14938136514863,45.20880118235638],[64.15086180022553,45.20066776422096],[64.19583174441607,45.19583409757403],[64.23137532780787,45.20056520717504],[64.23675301858836,45.20473443169992],[64.25221268079179,45.203597399422236],[64.25758585936872,45.19943260212644],[64.26993759087854,45.20067222491091],[64.27168561282988,45.20748126428099],[64.27499870173442,45.20833294325027],[64.29129674689952,45.19894206736185],[64.30111112721666,45.183518070685736],[64.31587976184464,45.17839008508859],[64.31713724321835,45.16989102047252],[64.30886550158175,45.16042436896632],[64.31249974060208,45.14583416348718],[64.33158911277191,45.14618641121338],[64.3357851804954,45.15035123135235],[64.33992322135745,45.14964672247261],[64.35590903495986,45.1336875804409],[64.3666688774616,45.129166037646826],[64.36731098551887,45.114531299345366],[64.37023176181378,45.11041107152061],[64.36310162770876,45.102085959551],[64.36606240403098,45.09791670088471],[64.36224991471393,45.09254348019363],[64.4156520656836,45.082537249499765],[64.41811353513455,45.07435929184432],[64.42402189298318,45.075924393335995],[64.42626029192918,45.08335772852721],[64.43125004788668,45.086893773846754],[64.45833461811004,45.075001345028895],[64.46751588547866,45.046686085579296],[64.47441861331951,45.04491582736467],[64.48389862283013,45.034271943791616],[64.47831583464306,45.0216838733442],[64.46909002992636,45.01701965661051],[64.45833464463642,45.016667380900394],[64.45895892452863,45.005073763737556],[64.47008880577438,44.999432961385246],[64.47695583138028,45.003597765000094],[64.4980429462751,45.00473487128844],[64.50342056560116,45.00889961534504],[64.51887580440444,45.00776706371807],[64.52291580943759,45.0046367344396],[64.52841825740514,45.008899672936124],[64.53541464429958,45.00463676758136],[64.54092163355067,45.00889962838423],[64.54502401814167,45.00732555859777],[64.54674076192346,45.000623576016515],[64.56887576731233,44.999433001506716],[64.57291569859274,44.99630270649344],[64.57841822836667,45.00056556898723],[64.59092159051767,44.991098900276654],[64.61581668321602,45.00085096081265],[64.61763600876769,45.00793649349232],[64.6227906958598,45.011931840007676],[64.63970859403608,45.011931841964476],[64.65331774517743,45.00331682531099],[64.65507455133489,44.996458768035254],[64.67830206263693,44.99520576008824],[64.6793677585243,44.99044788484337],[64.67443159880322,44.98408032689146],[64.68001885202118,44.97168400757988],[64.69543836685118,44.96569985322327],[64.69953184410667,44.96041582289329],[64.69556766002127,44.95530573784397],[64.70349155668062,44.953272341496906],[64.72026663387969,44.935542991312964],[64.72570680832077,44.91755496687177],[64.73248459218185,44.91581592943285],[64.7341835309289,44.909185205963276],[64.74100591026074,44.907432790377044],[64.74166592269677,44.89999948663645],[64.76181207672582,44.9049758341335],[64.76249880593339,44.91666758598442],[64.78091048713713,44.90868582932209],[64.79583504970181,44.90833355240013],[64.8034690501717,44.90911391442805],[64.80416466054311,44.925001637355315],[64.8107596672542,44.92464490597294],[64.81495572347198,44.92048011349148],[64.83161937432317,44.92951874696459],[64.8524567228813,44.924644902497405],[64.85798157038319,44.91908892987124],[64.85772739859573,44.897827872539146],[64.8452285414144,44.871372072924],[64.84689622561653,44.86189644407255],[64.86050542813905,44.863104880220696],[64.88532918179709,44.88272937425185],[64.89782809082598,44.88689419813298],[64.91883931775968,44.888107045406],[64.92707536069065,44.895299600738085],[64.93115989706857,44.892271870784604],[64.9573571074031,44.89101441335879],[64.95833359911082,44.8875006342089],[64.97500173402597,44.887500593142796],[64.97956338485106,44.894867076516825],[64.98676036432241,44.896713118094866],[64.98806689452427,44.904913445452024],[64.98276501541196,44.91545025374551],[65.00491338668328,44.921398688640934],[65.01041587299807,44.91713580135565],[65.01741221339684,44.921398725167336],[65.03408038395433,44.911932041092356],[65.04498287424043,44.91751932671903],[65.04583451534319,44.920832419416314],[65.07001623632532,44.92148341368391],[65.07183110074843,44.93395108634321],[65.0911970480239,44.92438184275356],[65.09953105691703,44.92978628355564],[65.11666740274879,44.9250016673954],[65.11758148253395,44.916025519552875],[65.1489869198297,44.92163059449128],[65.15516728258257,44.941995312718376],[65.16453134935391,44.93397784565981],[65.1708320600374,44.93333128096243],[65.18575664621045,44.93368798776651],[65.18995274524859,44.9378527983851],[65.21492363701452,44.937148264970794],[65.23507428647305,44.92118467833433],[65.27720845411945,44.92026608556827],[65.28664827632223,44.91581591138268],[65.28839182081033,44.90902916639344],[65.31029050923267,44.88806693020129],[65.33554237819564,44.878600238778375],[65.36029037667507,44.85473515357428],[65.40612102862355,44.829732946584954],[65.43554219001602,44.82443108578477],[65.44936086789178,44.81576258697817],[65.45056931434429,44.79778800315928],[65.45370405425955,44.7937391074759],[65.44166447794252,44.775001949574566],[65.45736060328014,44.77006572044821],[65.46365681265529,44.754280545591556],[65.47849661752772,44.74918824177723],[65.47916551659614,44.733331655040914],[65.47026513123845,44.726214926753414],[65.48649181959541,44.72002126118395],[65.48454769566733,44.69943359606833],[65.50221019959106,44.70056616257319],[65.5075878424443,44.70473541919907],[65.52304306798624,44.703598370446265],[65.54065652719171,44.686934711588464],[65.58670119662746,44.690930096830485],[65.59110678072197,44.68541865052124],[65.58688403064261,44.67963515018999],[65.58825297107792,44.66746625760455],[65.60208511178857,44.66306067001662],[65.62036304927396,44.671452698543035],[65.62869699087081,44.66604827703613],[65.64447330256867,44.670797221466735],[65.64938282567405,44.66466150421764],[65.65073391455313,44.650802589373505],[65.66216709061827,44.649139390487264],[65.67183882288325,44.629809169723124],[65.69583329571671,44.62916704277096],[65.69672064015775,44.62570678667977],[65.70741352749936,44.624297684388026],[65.71306770267708,44.61751546859613],[65.7115114395942,44.61331496509281],[65.70456417885498,44.61153134769914],[65.70056880235168,44.606376625967286],[65.69517336370075,44.58006790410157],[65.69166842025751,44.57916715644723],[65.71007564146052,44.558686481585326],[65.718409670966,44.55452168500492],[65.74081671159193,44.55501664227508],[65.7425869683275,44.56191488488204],[65.75195551135212,44.57026676052102],[65.76887783394515,44.57139939615999],[65.77425547356671,44.57556866930339],[65.78541657330653,44.57130130503272],[65.79166823911133,44.57499792727073],[65.78271439663544,44.550468366756256],[65.78518476801227,44.54521555192798],[65.79901240466931,44.54654882134057],[65.80096995201995,44.55339798334258],[65.8117074797989,44.55495870062671],[65.81350004008041,44.5672836487764],[65.83549233697566,44.56604847665432],[65.864507672085,44.55478481669286],[65.87499991452606,44.554164962672544],[65.87535220686053,44.539240334016675],[65.87916472790843,44.53333206715116],[65.87856724430056,44.51341773713608],[65.8749999632682,44.51249911115671],[65.87464770000328,44.50590857810425],[65.87118745966222,44.50242601319855],[65.87083509506417,44.49166622611681],[65.87854935536006,44.472991492682326],[65.87990052580005,44.45913260027977],[65.88534061964432,44.4547850173192],[65.89503920461253,44.453371455262406],[65.89645266904756,44.44367294366023],[65.91867236381727,44.41728396987712],[65.93966138940121,44.4118840112791],[65.9575959148122,44.39938067390297],[65.96162246636027,44.40109741697292],[65.96371377217899,44.408405923004935],[65.96867231508126,44.40478511352644],[65.9825356402772,44.40342956072208],[65.98848857116083,44.39238432506513],[66.00741295083671,44.386797058174075],[66.01306704795252,44.380014812734714],[66.00833151090548,44.37499829311451],[66.00833157409569,44.366668688861644],[66.02110236377374,44.36586608282208],[66.01729436874172,44.36041704453242],[66.02149028975548,44.35441064042256],[66.01601013321125,44.34608101755481],[66.01732102079275,44.33954399828055],[66.02854017512028,44.318751221786904],[66.02562840876686,44.3145819668347],[66.03047985154078,44.30407626487855],[66.04175693927421,44.29868523913653],[66.04520380334874,44.293749003032616],[66.04101227559579,44.28774706869566],[66.04732188558987,44.27017818283305],[66.06045388944969,44.271489210291435],[66.0664202542807,44.27565400264936],[66.0708346820231,44.27083370712897],[66.06666551256946,44.270833698016276],[66.0660456469571,44.25932473218355],[66.06054314850837,44.25473189255232],[66.03529124503864,44.25359924473348],[66.02991356124491,44.24943449863964],[66.01862310280897,44.25056711710212],[66.00927241552361,44.25890113837686],[66.00438964152454,44.257139794362494],[65.99911451214909,44.24654051931819],[65.98540727485474,44.24213047114817],[65.9714547487291,44.25091046999066],[65.97083489053932,44.26249964915834],[65.98652652547203,44.2674358320738],[65.9922831897012,44.28406833151229],[65.97417487105437,44.31178606986596],[65.95759587306533,44.313119373899646],[65.94536456716202,44.30355010872237],[65.92453160620953,44.31311938593794],[65.91882840991845,44.30895007491702],[65.90791700133137,44.30736265207469],[65.91728559684233,44.292665496176475],[65.88470294997951,44.282717172033635],[65.88234857804468,44.290948689565596],[65.87168236979298,44.29251828795055],[65.86998347472085,44.29914900124279],[65.86666587951777,44.30000068787975],[65.85612455057691,44.299434393197686],[65.84091905631286,44.29110032600385],[65.83001655106307,44.29668314658073],[65.8241171760696,44.31176381026494],[65.81572956506196,44.31306581464671],[65.80637887482463,44.3047317896024],[65.79925313780359,44.30359918546847],[65.78665175161088,44.308901075282336],[65.77990510060295,44.303273662167854],[65.7785986578298,44.29508674342472],[65.78286604292339,44.289584205635585],[65.7787725102755,44.28430021428617],[65.76175210261947,44.27860146290984],[65.75084966180407,44.28418428365369],[65.74487445191882,44.29517592220045],[65.73112263682903,44.29640219459519],[65.72500026120201,44.3041655071129],[65.71840970952853,44.30452220705942],[65.71458384497924,44.30831688746033],[65.70035480467195,44.29828838307437],[65.69964573307476,44.28507608356056],[65.69548104126851,44.277455474813195],[65.69999801715805,44.27083369142265],[65.68945670308963,44.27140001910325],[65.6800168445286,44.27585016905919],[65.67831795363637,44.28248086560509],[65.66887794287493,44.286931076944136],[65.64673411175515,44.28816173606761],[65.64149018823355,44.29875216027139],[65.6367546514858,44.30056702707964],[65.61788367933195,44.29146598877735],[65.61316597334348,44.29252279919219],[65.61250161843736,44.30000069496916],[65.58507369153587,44.29964842043573],[65.58159111140638,44.29618816926853],[65.5725747897744,44.29547912104556],[65.56078944379135,44.279524482937454],[65.55590661744066,44.278815499808175],[65.54825936324347,44.27118595966445],[65.53924300198995,44.27048140875346],[65.53575602767907,44.26702115564455],[65.52745316369034,44.266312193311414],[65.52083134960247,44.27083371052082],[65.5201714853456,44.27826700577854],[65.5104149360703,44.282864387365166],[65.49375122533573,44.27546670573703],[65.48971135208014,44.278601460849714],[65.47204885042258,44.279734077717215],[65.47026520694304,44.27279125603985],[65.4615609783591,44.26609811199965],[65.45221021524087,44.27443219958604],[65.43945728473213,44.275569264833074],[65.43001735485693,44.280019479114856],[65.42831395244716,44.28665012312756],[65.41763437928374,44.29206347149548],[65.41581505706614,44.29914901990755],[65.40476988101429,44.305168795369575],[65.40416791949218,44.32083362934164],[65.39412157626862,44.32535511393442],[65.38958218445097,44.32084701192016],[65.36909258777513,44.34131426649142],[65.3395065185863,44.34105117518005],[65.32199113608989,44.329051704869045],[65.31590001360522,44.30930683186171],[65.30909988421948,44.30736263163725],[65.30752579903266,44.29652257238278],[65.29583401504163,44.29583144813807],[65.28995249908198,44.30381318454888],[65.28333513726866,44.30416550321156],[65.27441703045187,44.31574579308843],[65.25513580713283,44.32539528131867],[65.24903581810338,44.33685070238014],[65.23454815982234,44.338068048164736],[65.23244791658325,44.32987662471256],[65.21591803138611,44.32443205907655],[65.18369210027033,44.34337434621903],[65.18297869906452,44.34754807700741],[65.18748686117615,44.352082994556255],[65.1791661614307,44.362499441797745],[65.15612154265136,44.36306572521977],[65.14804162203576,44.37026722200015],[65.13656390912195,44.37139983871918],[65.12720868401891,44.36306571606962],[65.11591824003781,44.36193313662393],[65.11054497262904,44.36609795263832],[65.0967307078025,44.36732867466267],[65.09493813705733,44.374324992228026],[65.08258653240651,44.375569054792],[65.07720878084518,44.371399820628845],[65.05833338653443,44.370833530700324],[65.03541808451996,44.36296766271433],[65.01054524935597,44.378601223373394],[64.98454870442852,44.37973388249822],[64.97860021877545,44.3602876977071],[64.96984698863307,44.350638244814036],[64.95341975944184,44.34943425846528],[64.93971239759135,44.35776388869322],[64.90758453220084,44.358900948261784],[64.90221142402154,44.354736155073205],[64.8894583918879,44.35359908564614],[64.8813784279839,44.34640205355771],[64.85195725276878,44.34526501460519],[64.84251742482748,44.3408148350802],[64.83750094658596,44.32916764985989],[64.78578431800413,44.31631205438586],[64.77500216988338,44.32499837746054],[64.77841784295745,44.34093969200745],[64.75801300953641,44.34230862511815],[64.73952999624004,44.33269032644709],[64.72467672417596,44.32019149123819],[64.70934639165856,44.32579656189652],[64.70730850801658,44.33256995434528],[64.6955097449269,44.33397454596539],[64.68963713111552,44.32980974841388],[64.67703122005136,44.32852555932062],[64.66763142802999,44.32403525584232],[64.66570062495357,44.31763195275044],[64.63894607400283,44.30769261229997],[64.63236890088525,44.32403525362525],[64.62435587170437,44.329488750840795],[64.62914496717029,44.33623978661602],[64.63673879826547,44.33852287599051],[64.63814340952763,44.35032162035684],[64.63315808107957,44.357353651289586],[64.64873823252474,44.362477144660716],[64.65769203874257,44.37703166770186],[64.65897629711694,44.387822669626395],[64.64967910556005,44.39647781461829],[64.63037569531184,44.38318520663424],[64.62813270723404,44.37573848952072],[64.61341767071963,44.374356201427375],[64.61162514668764,44.39191616432215],[64.60630099617894,44.38814375894711],[64.58750145405685,44.387501607638605],[64.58297542797513,44.376710571781366],[64.57499813840113,44.3708334934522],[64.57428017555245,44.38255651092585],[64.5468477794937,44.38829980886158],[64.5404534616835,44.40007627770039],[64.52452997581098,44.39105103289016],[64.51761393780752,44.39609875979682],[64.50771466355705,44.36619605543345],[64.51276685270572,44.3592799643954],[64.48041167032183,44.35349206097006],[64.47854773175574,44.34953236951076],[64.483952128648,44.336761530613444],[64.47561805505686,44.32716106031014],[64.47062832496292,44.313534042458514],[64.4634982006251,44.31188418488567],[64.46169677637332,44.324271534901285],[64.44720022013882,44.3256182340589],[64.44490829011708,44.317591838879025],[64.43816161470164,44.31766761305235],[64.43688186932158,44.347993993202635],[64.42561823107084,44.36034124867651],[64.42438307725898,44.36713689083002],[64.43395231568991,44.38649831470395],[64.41203130023554,44.39228624247523],[64.40632812842398,44.388116968025564],[64.39246926536501,44.38676588630854],[64.39087285409596,44.37579204252296],[64.37415568586258,44.37021369108999],[64.35485222980007,44.38835329968694],[64.35416560285971,44.40000047265525],[64.33549530489603,44.407714745263],[64.32163640499186,44.409070307020436],[64.32010246838081,44.4196160726949],[64.31619636369945,44.42144873486973],[64.31049310570732,44.417283972409244],[64.30000086175768,44.41666857651779],[64.29013731673696,44.42912729411758],[64.28430032507661,44.424605790702664],[64.28245433636839,44.41740433466884],[64.27425405644014,44.41609782357261],[64.26591990640955,44.4213997330652],[64.25000099605627,44.41249936236097],[64.24909572506225,44.416030954989075],[64.23112112630669,44.41723491469017],[64.22304571428961,44.424431887112895],[64.20758592946689,44.42556898115592],[64.19387865001494,44.417234925408074],[64.18333290636346,44.41666859503667],[64.16998235378378,44.449148699869255],[64.15637768209339,44.457768151168864],[64.14660329199648,44.457563022462764],[64.14518981508854,44.443699700419224],[64.136748736729,44.434072458875534],[64.11770392546319,44.43261436877771],[64.11172864686813,44.421546870953186],[64.08717687794837,44.420191323136685],[64.08041690248423,44.42498485894438],[64.07470918385205,44.41331981124213],[64.06036428749542,44.41185723494469],[64.05421520109117,44.40704139324783],[64.05772896585069,44.40208286415038],[64.0539476947493,44.396754251616905],[64.04369616581306,44.39518908131338],[64.03818473552543,44.39087269984209],[64.03749799702209,44.37083348940682],[64.03404221444532,44.36994614767215],[64.03276691553154,44.36028770304755],[64.02409842975234,44.34232649557656],[64.01028862386968,44.341100214904515],[64.00220869984808,44.33389874552142],[63.99091827771395,44.33276617090031],[63.977210957680015,44.34110022582216],[63.964457948251294,44.34223281957554],[63.952083938070594,44.349532384194575],[63.94583233530771,44.34583133208347],[63.94517237207312,44.35743389273828],[63.93137584344543,44.36609795528758],[63.92425468831476,44.36723501874824],[63.918752108093116,44.362967661026524],[63.91175136648333,44.367235037581246],[63.89778991981642,44.36193310292059],[63.88835005705312,44.35748292615642],[63.88661099357624,44.35070955783726],[63.87695698427681,44.34943427939373],[63.868877160002114,44.34223283653076],[63.85416655583896,44.33750169955777],[63.84639885083375,44.32721011848211],[63.84520818849649,44.30507516677213],[63.83820747015071,44.30327809903026],[63.832366064509195,44.28372942628962],[63.798044279431465,44.267235183455874],[63.789242073899416,44.267021161361995],[63.78038184850808,44.27556924790706],[63.76578711562894,44.24657174013066],[63.75758683399258,44.24526522654885],[63.75096962785579,44.25039763400653],[63.74543585081558,44.26153200113617],[63.72721149369857,44.27026738328454],[63.715921037496855,44.2714000410489],[63.71054341066518,44.2672352259747],[63.69673357062254,44.26600450901307],[63.69486963709879,44.25929800972475],[63.688243469560284,44.25730477792256],[63.686754067814995,44.242696800413945],[63.68013231422006,44.24070354671499],[63.677902741311186,44.23331039793978],[63.67296649812183,44.22980996449499],[63.6590719291704,44.228391980207626],[63.65416694322774,44.20000086259301],[63.64387541570282,44.203599365766244],[63.61028935081061,44.20473200104976],[63.60418038458667,44.209828747546524],[63.612032907373596,44.22708544288002],[63.603417879460636,44.23389899161915],[63.58030191182897,44.224735502360154],[63.579164859910414,44.22916785504134],[63.572980122815636,44.225631823313066],[63.55201783197963,44.22436988225274],[63.54543627873123,44.22020508117864],[63.53958147139927,44.22441447451494],[63.53486818616142,44.221025530760066],[63.53270101728326,44.22539547393136],[63.53799847546162,44.23275297002644],[63.53673649215081,44.24513590954699],[63.512104468237794,44.246464697634764],[63.50094333783552,44.24072136944943],[63.4990526716562,44.23427798167576],[63.47620869386308,44.22078924105341],[63.47078642740864,44.20954336954146],[63.46344670450926,44.207389596307586],[63.46250140755143,44.20416566289523],[63.46666618765325,44.2041656854283],[63.46769625758283,44.20074556069288],[63.48256289472545,44.19922945726302],[63.48407899635927,44.184362835360034],[63.49169068921635,44.182070827793545],[63.499391589792026,44.16875151818968],[63.49587773517218,44.16379297926949],[63.50897419651517,44.15688583247743],[63.5074090307072,44.150977509850904],[63.49708170821108,44.14584956860406],[63.495833241700865,44.15000098561709],[63.49251564108211,44.14914931679876],[63.47827330025759,44.1215697503425],[63.47008631414707,44.12026769978729],[63.46175225133588,44.12556508454435],[63.44804500501734,44.11723551404771],[63.42916516178597,44.116664726747295],[63.42362256610024,44.12506121656491],[63.40630335273882,44.10897724344313],[63.38874790285374,44.10001445047936],[63.38646923758379,44.10759046415889],[63.37160261920852,44.109106545106144],[63.370086599986436,44.12396874627272],[63.36041474195619,44.12856160802933],[63.356249984879916,44.125605235902874],[63.3413431984023,44.12981020480247],[63.333013635980315,44.12435668662447],[63.32582104480769,44.1294579254201],[63.32464824684811,44.14825747438392],[63.321188072040854,44.15174003314662],[63.32047910210569,44.164925577253435],[63.31666655880996,44.170833908203804],[63.27700724525686,44.171449234730346],[63.25632600300014,44.17854814718812],[63.240928688345775,44.17978331101594],[63.231328230404934,44.17144926004233],[63.22156723409521,44.17003124728958],[63.22026525153295,44.151954075409414],[63.21179288766868,44.12588616209334],[63.18971144584813,44.11306627616306],[63.17304332527149,44.10890143854246],[63.14362222954654,44.10776438608717],[63.13333507073837,44.09583180117746],[63.12715923791168,44.09938125122757],[63.085341759122485,44.10061643975116],[63.081248207556364,44.10360404497946],[63.07715926906309,44.10061645226774],[63.0549752076768,44.099309929092755],[63.04938353041664,44.070365891658454],[63.05423948107585,44.06371289448264],[63.04676157979156,44.06157251855501],[63.043033807505765,44.05355060809719],[63.04045192173611,44.0625758598257],[63.0083954836662,44.04026697372582],[63.01194488509191,44.035410999551424],[63.0006188365184,44.01882759395412],[62.99999902858365,44.0083353392954],[62.985074394156335,44.01285243642318],[62.97742263753558,44.020481914387474],[62.96495497430921,44.021186455848294],[62.960415558491945,44.01668279084575],[62.95658961396577,44.02048192616339],[62.939243780326926,44.021186465682725],[62.92325786677189,44.03298076667274],[62.90833330388282,44.03333306063285],[62.891098842660746,44.01351233657026],[62.896400646552614,44.00491522954826],[62.89509423351316,43.99671490581664],[62.88835205278388,43.99498032418335],[62.88810679178493,43.9759132016572],[62.8949826846741,43.97414743850924],[62.89526807962558,43.96445778288516],[62.88664871381042,43.950853051460484],[62.8800180140413,43.94914969611238],[62.87826104727163,43.94231389967812],[62.864709863466196,43.9297347715648],[62.85873019959291,43.928200805823124],[62.85331686182251,43.917516809983624],[62.845566938573285,43.91552808257064],[62.85359776431964,43.90220872496035],[62.853281237128144,43.896541198940255],[62.84258827827127,43.89512767739185],[62.83806676709479,43.889709874757244],[62.83688060116995,43.86767743332245],[62.81471003163009,43.85056787520272],[62.80613510313592,43.850581292629094],[62.798032988895265,43.85775148905689],[62.786706830183846,43.858915302608104],[62.77989327092558,43.853292413436996],[62.7784351735312,43.842528129585006],[62.77208547885392,43.841087839542276],[62.76989597613638,43.84939066505227],[62.749999491625395,43.850001571762306],[62.75452101351809,43.864212738515064],[62.74793052251927,43.870834499357855],[62.73578831672412,43.86214815980863],[62.731592270578034,43.866312976513605],[62.72328500117864,43.86702199004149],[62.71492417543397,43.85868790664403],[62.69828730943905,43.85797893189935],[62.693747951508826,43.862487094694956],[62.68958314786864,43.85834898534344],[62.68091018748251,43.8663129550175],[62.667024593552334,43.85662334442171],[62.66249859460915,43.84166751305284],[62.65612205117486,43.841101220529296],[62.64387730045124,43.82973496779893],[62.631124302674934,43.82859791723066],[62.61041626721246,43.81296873441955],[62.60530165160721,43.81693285106255],[62.599999812123755,43.804166500051],[62.589583386696056,43.800608113997605],[62.585467528097965,43.80352437340247],[62.567582084532155,43.8048086119991],[62.565896608820324,43.788269814748254],[62.55203325669614,43.786856218583345],[62.53429941918403,43.778201104847255],[62.533331720465895,43.77499951672896],[62.501743469158356,43.77464724198854],[62.48992246366989,43.76285289987111],[62.45590839722835,43.75381434384637],[62.45242589055154,43.750354033927785],[62.44411858232812,43.74964504005466],[62.43992250674162,43.75381432665467],[62.43528951626042,43.75360023847052],[62.41054595456274,43.73389997415459],[62.392571330691275,43.73269601212915],[62.39076535666457,43.72565956197687],[62.37705806304305,43.7256684709031],[62.366498951122395,43.72983325847398],[62.35942241604259,43.724963935814195],[62.35766550603127,43.71649608582266],[62.363168020328324,43.70816648499845],[62.35727756691747,43.69666202722679],[62.320663853319,43.686834126358434],[62.31460841997678,43.690998961122034],[62.30400014046364,43.692336701322],[62.297917995224964,43.688149570473094],[62.272915792522134,43.69518157084845],[62.26350268960995,43.69066453332442],[62.26140692364225,43.68405167917247],[62.233091535045965,43.68254451418229],[62.23685067085067,43.67708208371605],[62.229836431992005,43.66877477462811],[62.22849873248869,43.651531424071145],[62.23672574024617,43.648927362961764],[62.23816603723051,43.63538950088551],[62.24518912887365,43.62708223782035],[62.23750164133319,43.61798565195371],[62.24166645143052,43.61666574563056],[62.24131420351582,43.605879174859],[62.235758097458955,43.600354344501085],[62.20899012467147,43.59493205977989],[62.20776392962369,43.58038203472439],[62.21581702875458,43.57831747940629],[62.220267235899854,43.5688775668031],[62.22083351011036,43.533334058343314],[62.2333323657003,43.53333406011009],[62.237144899157386,43.5274257548479],[62.23693085702713,43.510289388753854],[62.22860123624181,43.496582131390774],[62.22973381785749,43.48112246169486],[62.233898691804974,43.475744772393604],[62.22547098412393,43.44791553836743],[62.233898669621134,43.4257448986089],[62.228315914379394,43.40918379184657],[62.2249983493348,43.408332069461046],[62.2246460200297,43.397576715972214],[62.220846825312194,43.39375083892775],[62.225355026233316,43.38921142413443],[62.220846894216116,43.381251982666484],[62.22464610556726,43.37742603040051],[62.22499827365311,43.354167401623755],[62.21882693265094,43.35061791286225],[62.200807671853,43.34929360057081],[62.19484143984058,43.32986081204715],[62.17700504386088,43.328549833148024],[62.171569342347055,43.32420221501208],[62.17011570803145,43.30931775891221],[62.15068740084352,43.30335594276103],[62.14938089509272,43.280534218639275],[62.15768816424369,43.27815752642693],[62.158901078815006,43.247791060775036],[62.16306588563601,43.24241340728672],[62.14943435623069,43.21324641509435],[62.160287832086965,43.20056914628985],[62.166004445450135,43.19910212039093],[62.16666881742712,43.19166880615603],[62.17308098228134,43.19113818052147],[62.185405914686136,43.17955346360067],[62.1895841497707,43.18293789078629],[62.198083169901594,43.17863934952142],[62.20608279267324,43.17136209756775],[62.22828018820274,43.161725955483064],[62.229649176662214,43.15733374483091],[62.22539519903361,43.1520853842475],[62.23280176819256,43.139747046721816],[62.232364727205066,43.12122838230238],[62.22149345047322,43.11576603242583],[62.22026720796671,43.10195614667194],[62.217136927047946,43.09791623314111],[62.221399783767076,43.09241370040948],[62.20776389059002,43.0759863545011],[62.21193314773161,43.064709276252124],[62.21193316392044,43.001956376971044],[62.20880281168269,42.997916415156645],[62.21306576322222,42.99241388789951],[62.20890096936953,42.977208331220695],[62.20776393061273,42.95195647880678],[62.1994342190732,42.93824473951536],[62.200642732202255,42.92173712191032],[62.20890090217236,42.91961907056466],[62.207763816822094,42.910290638203136],[62.19943425598623,42.90093542241688],[62.203599119009404,42.89387667091224],[62.204165339750205,42.883335361268834],[62.19938077499032,42.87546948560182],[62.20066946724872,42.84664584420325],[62.21170567909542,42.84504060028547],[62.21311929676371,42.835337604537564],[62.224382980223346,42.81882557137868],[62.225618084859526,42.78950697296495],[62.2297829378257,42.78117287600898],[62.23858962649952,42.76702861782172],[62.25200711115203,42.75478397011873],[62.26599080065517,42.7490004544093],[62.26666858798903,42.73750045845086],[62.28750157992011,42.73750045491222],[62.2883487496009,42.734182864258244],[62.3000004232241,42.72916640826484],[62.30066928972986,42.713314297758956],[62.31049271112475,42.711882926213356],[62.32283988333649,42.704784060617],[62.34918867055841,42.70349090867022],[62.35061560888349,42.6936719430688],[62.36604866294793,42.67299508781493],[62.366668397697914,42.66666766946279],[62.38311353168294,42.66157980570818],[62.38685918887604,42.656300254743776],[62.38820587807843,42.62994246782785],[62.402136058879556,42.62852450176969],[62.41651664940362,42.61962413939034],[62.426045734315124,42.604851136286875],[62.45630079550474,42.60352230559171],[62.462177919806976,42.5993575124664],[62.46958450992802,42.60415104754297],[62.473044694965644,42.60056590600051],[62.482395459481566,42.60890000067066],[62.490787454780225,42.60759794433037],[62.492517581087974,42.60085133081549],[62.506122365641886,42.59223185524574],[62.51249882251529,42.59166555126488],[62.51363585263806,42.5872376865099],[62.52860062591562,42.60612197243386],[62.529733319085345,42.627209065041704],[62.53679204795936,42.634218745113955],[62.54288322042007,42.65473506576988],[62.55342003022853,42.64943319600319],[62.561606919027575,42.65073524561586],[62.56758655912434,42.6619187134947],[62.57695520417858,42.670266133347134],[62.58333172475516,42.67083243412086],[62.58390246483484,42.685543001980776],[62.58840168374054,42.69517018471137],[62.60221150871428,42.69640095924207],[62.61862103753828,42.70776718803392],[62.64075595097498,42.70895778115139],[62.65473525953797,42.73554289222772],[62.67596953548867,42.757668968725575],[62.68824539305857,42.758899673898256],[62.69461305172565,42.75396345499541],[62.699335170787286,42.75502471319899],[62.69999958666872,42.76249816567346],[62.72026621452555,42.78528861961524],[62.72180015433626,42.79127278808634],[62.747787815888145,42.81193175005428],[62.761651091973796,42.8175190052106],[62.76342138089327,42.8244172607242],[62.77406080371118,42.83390175024757],[62.79081364140625,42.82831451707386],[62.79131301828987,42.82257565540871],[62.78714829685022,42.81837962094533],[62.78785282202683,42.81007680478159],[62.79131301762615,42.80658978435615],[62.79202203400443,42.79754669877988],[62.79828711412288,42.79131291477697],[62.81909329101055,42.792021861019045],[62.82328928717377,42.79618670342655],[62.831618899456736,42.79131290698711],[62.85658979862734,42.796186700090644],[62.87257576284535,42.80798098552586],[62.88992607519244,42.81285482841307],[62.89412211769534,42.81701959925242],[62.90208163312721,42.81251590023642],[62.905907516711466,42.816315087262126],[62.93137792766609,42.81723365411644],[62.9408177697453,42.82168385047832],[62.94583426909136,42.82916619065304],[62.953178429676896,42.82988412217356],[62.9551404425653,42.8367332890552],[62.96961914093315,42.841740876288235],[62.971991327634306,42.8334469454702],[62.97869791127295,42.8285508212141],[62.991553509062975,42.83449036740043],[62.99682860386437,42.84514316351532],[63.015860018459456,42.84653888338435],[63.017616948614005,42.85860072375444],[63.022918787916865,42.854730192454774],[63.03957802231816,42.86610983226215],[63.0436714971668,42.86311778572946],[63.069832973660134,42.86183354666511],[63.07220074088798,42.8535485751173],[63.09382744520842,42.858952975803696],[63.111761873733585,42.8714518596184],[63.12838983101478,42.870118603562126],[63.129188059440295,42.86369750565569],[63.12118845894044,42.856589674688166],[63.12083168818273,42.84583430930292],[63.08412888911489,42.83670653541069],[63.078835889186266,42.82169270809008],[63.04784069419606,42.811882726150955],[63.04282418059512,42.80821733139346],[63.04074179528595,42.80092674258946],[63.02576816208629,42.79486233611121],[63.02438138181501,42.78533772871204],[63.016667104166636,42.77500148723264],[62.98333535988076,42.76666744672421],[62.98750012395728,42.75416860452186],[62.96763928677435,42.74923237966415],[62.96568177291614,42.742383149007935],[62.95080170978547,42.740929511752235],[62.945834327346496,42.720832361802664],[62.93554270708387,42.7130690494578],[62.92173291233377,42.71183833068158],[62.9208320990426,42.7083334845958],[62.90091329269902,42.70773595677784],[62.899147572098045,42.700851090197276],[62.89232955810832,42.69909871217972],[62.89166513822502,42.69166535271466],[62.87283879308562,42.68688076036928],[62.86049155086447,42.679786288704996],[62.84367179638448,42.67855112163528],[62.83286295539739,42.67021706657075],[62.82183117350025,42.67561703799932],[62.820038620918794,42.66329207330207],[62.792824725064186,42.654052840848365],[62.79166531824689,42.649999484497364],[62.80317427014043,42.64937971983153],[62.80786969984571,42.64375675721157],[62.803464083844275,42.630098534226285],[62.7897122777787,42.61723404398913],[62.78399566571322,42.61576701156146],[62.78333128544682,42.60833368161938],[62.77695478953604,42.60776738607391],[62.752211183233946,42.58806704926602],[62.74362301961274,42.58693442911187],[62.735543148591574,42.57973300102601],[62.72588907911954,42.57845770677726],[62.72443097435082,42.5727902066221],[62.71306928888238,42.56054547385835],[62.70748196889932,42.54668216867529],[62.70065948201448,42.54493418867408],[62.69943326614097,42.53112436682841],[62.69543791738132,42.52596960760536],[62.688352437704374,42.52415028705528],[62.670266290450115,42.495085855163815],[62.67556814976259,42.48258702796629],[62.670832618692074,42.47500208382734],[62.675581592664905,42.46734580854155],[62.66191884467371,42.45094076901118],[62.66375596301225,42.44597335884894],[62.674676345071354,42.44065365814488],[62.67974628415726,42.434014057606134],[62.678480000729266,42.42175150265098],[62.6717021349211,42.41996343133614],[62.66608816217448,42.4090118503694],[62.667247477683105,42.397801687676896],[62.6714123245667,42.39234372930503],[62.66979364449394,42.38832608602644],[62.661918819899704,42.38624815676312],[62.66335915245383,42.379898423077975],[62.67916671559912,42.37499782318937],[62.68390223644966,42.363248074562925],[62.68270719053798,42.34257569315469],[62.67563954500611,42.34076085717936],[62.674431164332795,42.32279066502372],[62.66723416137906,42.31054597910855],[62.666667852897554,42.30000020924195],[62.66075952235707,42.29618769460406],[62.64828734189499,42.29547870582424],[62.64409142636514,42.2996479471219],[62.63578849589314,42.300352484869386],[62.631592524240304,42.29618767423618],[62.61912043182535,42.29547871055607],[62.60918551130809,42.300851894407685],[62.6083338790402,42.30416499179432],[62.60080242680773,42.30343374557615],[62.59521521153603,42.28117390367063],[62.59155420776336,42.27615740894245],[62.58410310904853,42.27403040079701],[62.57978222673083,42.26049254956128],[62.57854711717902,42.25369690444109],[62.58276987035873,42.24791790579956],[62.579782211130656,42.243828927931034],[62.57854708596179,42.22700474882118],[62.57438229210022,42.2103410951266],[62.56728339832279,42.19799382917853],[62.565950108912475,42.184317765107195],[62.55910090336547,42.18236020432976],[62.55416468017292,42.154165343409495],[62.55065989836479,42.15326902228123],[62.54999990256908,42.13750167007076],[62.54340932924547,42.13714492504363],[62.52325869213128,42.12118579409225],[62.50174350048955,42.12048130256756],[62.48992241417245,42.11285173636542],[62.48161958606082,42.11214722286341],[62.468750670696885,42.1208201467218],[62.46492468745226,42.117021034471385],[62.451743572411864,42.11631200818958],[62.4434095681078,42.11214721852691],[62.437501241521424,42.10833467359658],[62.43750123856836,42.1041654541744],[62.42257660602605,42.1038131259711],[62.416668317291695,42.10000063610257],[62.39925558348223,42.10890096476368],[62.39374853337168,42.10463361357317],[62.38970864007252,42.1077638930976],[62.37406157386099,42.108900959206075],[62.3563768215619,42.09640211593196],[62.339454534947905,42.09526509109701],[62.330380252530254,42.09110027637239],[62.32825769757207,42.099376323412315],[62.31666853755889,42.10000063569075],[62.3157588125432,42.09645562409578],[62.29362394838415,42.095265037243585],[62.28958392538619,42.09213476069321],[62.285544020288775,42.0952650304746],[62.27257699472685,42.09547907306614],[62.25659105161353,42.08785406312143],[62.24583120469971,42.08750176609431],[62.2378538935379,42.07742419128639],[62.23750169298054,42.062499576371515],[62.24387817476681,42.061933301150276],[62.256122829523,42.05056699684576],[62.269932639519276,42.04934077468504],[62.270833475524164,42.04583144818997],[62.27499817670372,42.04583144646941],[62.27560020809654,42.02591711599569],[62.28268568183912,42.02409778362295],[62.29583113022581,42.00833485993243],[62.27720989231346,41.99640232272243],[62.26445692777965,41.99526524581831],[62.2548029419527,41.99076153437982],[62.25352765392648,41.97173906513428],[62.24237097378811,41.965746020784024],[62.24095742048529,41.95505307215713],[62.22499834564191,41.95000090443377],[62.224418639984165,41.913520991336114],[62.213105931026924,41.907420969988735],[62.21346707131784,41.88789458352242],[62.220088843435676,41.882766604919624],[62.231838518718725,41.887488793675914],[62.241100134274745,41.87304574834579],[62.242375456064494,41.86338732879598],[62.24914876493801,41.861648293806226],[62.255329138888776,41.84546621839282],[62.27707611005616,41.86203624326037],[62.2909216530017,41.853599604021774],[62.311594042070006,41.8547946350426],[62.31346687900219,41.862103109298204],[62.32008865079858,41.8672355245744],[62.32695564589482,41.863066246626055],[62.34909063859718,41.86187571598613],[62.355382473102885,41.845265539002845],[62.36875086309461,41.8495328920533],[62.37916725623112,41.84583183075891],[62.393409595868604,41.8253512128726],[62.40174372512291,41.82118642350997],[62.41911632314297,41.820477409719864],[62.432671984616995,41.80743454358732],[62.43333198172239,41.80000124684235],[62.41755567292391,41.79512297458997],[62.41666829192651,41.79166715229421],[62.41007774180228,41.79201942514395],[62.394118663414396,41.800353470745364],[62.36075565434527,41.783685339817794],[62.356622031631204,41.78298081327041],[62.352082742466095,41.787484526099966],[62.34791793628993,41.78334647465967],[62.34409203125283,41.78714561736039],[62.33578915735116,41.78785462434291],[62.319089740810256,41.7795205781023],[62.289454643640035,41.7785975218493],[62.276215564418656,41.77443275867294],[62.27410198649593,41.782673156309905],[62.259230886407785,41.78399303251487],[62.253772902592644,41.794864361526976],[62.24387817103851,41.799434885842196],[62.228418416997066,41.800567496153825],[62.22180119589813,41.79543955596282],[62.21567436311812,41.78395288539745],[62.204165375051,41.78333307751872],[62.195831361079925,41.800001212934944],[62.18958414117987,41.803604199412185],[62.179903397121066,41.80077709095566],[62.178427492372705,41.81588452087927],[62.16766766170567,41.817284710939475],[62.16150957672004,41.79654097272787],[62.1468346983297,41.79521657952696],[62.13673040921646,41.82819614780029],[62.12615787012264,41.83344895377906],[62.11584398759396,41.8492876836692],[62.09953255946935,41.85061647813062],[62.08750198330161,41.84583186167025],[62.08688210663636,41.82284071346924],[62.08389453340385,41.81875175355087],[62.08811730971914,41.81296830884435],[62.086743871254015,41.800786027410595],[62.081326053179644,41.796451759154465],[62.07056626017574,41.7948866501438],[62.076157981709194,41.78344903750762],[62.090931010596805,41.7783656803822],[62.09201901751188,41.72674264202236],[62.095479219268626,41.723255644050816],[62.09618829639959,41.71424377500137],[62.10381333289267,41.70659199519951],[62.10416559615649,41.700001424458996],[62.12304542471656,41.699430682746105],[62.1284186038088,41.69526586855957],[62.14909105514751,41.6964608897947],[62.15121354988536,41.70473254747806],[62.17304532212753,41.70359988416744],[62.18541490002496,41.69585002129953],[62.18924079331138,41.699644719130866],[62.20833463409402,41.700001413948264],[62.2163119539342,41.68575904754166],[62.217020939704746,41.67671153376119],[62.22745527342195,41.67047327738895],[62.23714487975935,41.65659204919846],[62.23714486605298,41.65174055339423],[62.229889906991126,41.64477097963967],[62.22851207747488,41.62475410375586],[62.23360441247243,41.61745900916515],[62.25345188386723,41.6159072180831],[62.254820796727635,41.587253069631416],[62.25065594424667,41.581286777622566],[62.2493450291899,41.5664201485164],[62.262499361626666,41.53333361007269],[62.255132870698375,41.52877193127543],[62.246402044059515,41.50637831011201],[62.245264912624734,41.499252651617255],[62.25026354725235,41.49280483776044],[62.24247351677799,41.49080267496804],[62.24110011323325,41.4845465822815],[62.24926024837656,41.48245521258326],[62.25056678384263,41.47425495093521],[62.238067924859834,41.44387512263202],[62.237853910965065,41.4309080741688],[62.24201872670902,41.426712006532014],[62.23714494697387,41.418377982119026],[62.25035275548658,41.39754503381506],[62.246187931044275,41.389924450807925],[62.245478935097516,41.372574075859454],[62.23334571936351,41.360418589321604],[62.237501665391164,41.35416694132407],[62.2311741537595,41.35478224910333],[62.217645299599,41.367129536696105],[62.2118841116414,41.339505396337806],[62.20771487745442,41.332865774183375],[62.2131192629498,41.320362467137805],[62.20740714902772,41.30925932578111],[62.19341007598546,41.304519269248125],[62.18158896054617,41.31631357445338],[62.160073840534544,41.31701812921677],[62.15659127300152,41.32047844774002],[62.14583142620118,41.32083512601518],[62.1449262608692,41.32436226157669],[62.126956057657125,41.325566226923364],[62.121466862977805,41.3301457340412],[62.120267381154626,41.34804459041962],[62.11713714203611,41.352084532811695],[62.120267381154626,41.35612447812943],[62.12139998148654,41.369617716721145],[62.11666442331377,41.37083503810727],[62.12139998148654,41.38824783658776],[62.11576816559187,41.39933761182109],[62.07588597527054,41.41320985388414],[62.0740934219499,41.42020619642405],[62.05342103921037,41.42140125930264],[62.04804339010985,41.41723197052544],[62.02674218554715,41.41631339115166],[62.02118616314704,41.41078858834281],[62.020481619095875,41.39757624141643],[62.012852096352475,41.38992443704409],[62.01214311724229,41.37671209558093],[61.998257471412366,41.362853265262544],[61.98333284171596,41.36250095134535],[61.97919041121325,41.36957314885894],[61.964635893986326,41.378522516615625],[61.93403755134945,41.38854210447102],[61.93261504601966,41.411724977292636],[61.91869821629507,41.413142987657714],[61.91217898890717,41.41730779682715],[61.90416601618569,41.412500901710075],[61.90381370884846,41.40171432585479],[61.885049834968775,41.38714640030287],[61.86840842965386,41.387855401007705],[61.86250016748022,41.39166796722914],[61.86729815429442,41.4045637103295],[61.85770211374611,41.42539660694351],[61.861871425776236,41.431184544013654],[61.86312890540496,41.442064712082335],[61.85770218624665,41.450394340420054],[61.86603622865832,41.46452072519436],[61.86747653386232,41.47418809099344],[61.8784013061972,41.47581563017585],[61.879796996310866,41.48818519480619],[61.861871422048104,41.51289755333517],[61.86729809340044,41.52123161318176],[61.86312891679228,41.527019486617],[61.86187142876097,41.57123150387328],[61.86716437664448,41.5785845717866],[61.86590695500833,41.59090948881062],[61.85612364986954,41.59110123607148],[61.8437362368606,41.58379276793529],[61.83137562971525,41.59526603334282],[61.81572861061403,41.600567901144494],[61.805084729417075,41.59108341902393],[61.799604535534584,41.58013631748249],[61.79227374893034,41.578254558131846],[61.79166734885992,41.56250061542159],[61.78112156200154,41.563066913872596],[61.760542813437795,41.57026389236167],[61.742572678659386,41.57147226530993],[61.74166739708383,41.57916870080936],[61.733913095209985,41.57450445720896],[61.721539074126945,41.57576191908838],[61.72083444347576,41.58749831120239],[61.65153564555569,41.6089019913494],[61.649430947764465,41.6034217567702],[61.65360019255968,41.598044079687035],[61.65473284118565,41.56788269514316],[61.6477899927072,41.56609909071265],[61.63816721702478,41.55737259972622],[61.63693202911526,41.54508780314565],[61.64166767554634,41.53333360765764],[61.601954937779055,41.53806914227628],[61.593874966923785,41.54526611769236],[61.575904745355594,41.54647012161316],[61.57499955973429,41.55000172627827],[61.559548845510434,41.54526614686841],[61.5574842197983,41.55331483712508],[61.55084908028244,41.55501821772183],[61.550001872440326,41.558331330002886],[61.53090804410007,41.558688026677856],[61.52742548329916,41.562148305201475],[61.51335248460434,41.56335227350574],[61.5125008230259,41.56666538218116],[61.48090814119744,41.566313140024526],[61.47742557065548,41.56285285355836],[61.45591040628327,41.56214832726202],[61.452423354960764,41.55868804437419],[61.429164654852656,41.55833133317652],[61.42443363629459,41.53529115433552],[61.420264348817014,41.52991349516683],[61.4339003004092,41.513486116013055],[61.42890161561505,41.50530365633983],[61.43806511553015,41.502953758037684],[61.43137641342675,41.496398844107034],[61.424433610308206,41.494619676956084],[61.425815934899866,41.48832790116433],[61.437498758753236,41.47916891026468],[61.4380650858375,41.46445831882895],[61.442234352846306,41.459080676325584],[61.44099471609561,41.4467289226401],[61.42443363036672,41.44045054959197],[61.42556621179075,41.41862323531499],[61.429735493899436,41.41324554211945],[61.42140141119407,41.402209264213575],[61.42012613801767,41.39255532265074],[61.40833183532308,41.38749867619766],[61.41338837974279,41.37570883157027],[61.42411255165353,41.37429084180738],[61.43276767161446,41.36054344814491],[61.433333980440885,41.35416692344019],[61.44223430815061,41.34658197522101],[61.43693250931282,41.33824790796481],[61.438239036404916,41.33004762459123],[61.449252918734224,41.32443363763448],[61.45745324657344,41.32574016795693],[61.45924581914221,41.33272756686911],[61.474999782170954,41.33333399542288],[61.47590051299633,41.32982915708971],[61.489710451272266,41.32859841685753],[61.51445839957228,41.313067404007604],[61.529164489841406,41.3083317981907],[61.529164489841406,41.300002217027725],[61.604166598279605,41.29583295162732],[61.605535570722196,41.29104836951409],[61.62716219928832,41.29228349636667],[61.63286538214428,41.2964527953066],[61.64382585424145,41.2952176194713],[61.67071863515402,41.28633948664659],[61.675998225855444,41.27021540692549],[61.686882917671696,41.28117145514324],[61.68844807322545,41.29193569206134],[61.70200821519726,41.283949425157346],[61.72742507580187,41.28298182611038],[61.73507692431172,41.275352312229536],[61.740815767925326,41.27414837761587],[61.74639857358813,41.260289469559524],[61.75776478344111,41.24804478374154],[61.75904005594235,41.238386349882994],[61.76581793324745,41.23664733498194],[61.76723595136419,41.23112252020005],[61.79110103004211,41.202209686957524],[61.79263492142967,41.19623001000672],[61.80833544603478,41.18749912730203],[61.80910688480263,41.17993645470714],[61.82708149859892,41.175606690923814],[61.8311973061027,41.17852294991557],[61.84583199000456,41.17916505891599],[61.851954400265264,41.175566550210455],[61.88554479848252,41.174433944075695],[61.895221022717315,41.16992131561953],[61.89640273764354,41.143621569383946],[61.90505335156676,41.1257093045576],[61.91471180883062,41.12443406376236],[61.9227916234352,41.117232578879],[61.93158948450631,41.11631400122177],[61.960417520561315,41.1000159617592],[61.96495249938698,41.10451970962616],[61.98578537768557,41.103810696090186],[61.99166695606137,41.095833370410176],[61.991314652718586,41.085073539847905],[61.987854379458064,41.08159100333614],[61.988157624218566,41.05512621050013],[62.00748335207319,41.04498172996278],[62.008335016546255,41.04166865580637],[62.01909041191684,41.04202093044398],[62.03090699214438,41.04964599949775],[62.050000854666166,41.04999824914037],[62.050616225660775,41.04367524646671],[62.05895035328157,41.03407038402647],[62.053898150573005,41.02595029890488],[62.0672843313627,41.024001715190984],[62.06604918669526,41.00617422755393],[62.06188436789098,41.00047104132422],[62.06371711225148,40.99656488879004],[62.074668649677484,40.99497293372419],[62.08032725428252,40.983446143904196],[62.092282055133104,40.97780094724261],[62.09104691787165,40.956174295593776],[62.079783206691886,40.93966226083325],[62.07499859076218,40.920831488159706],[62.08279309951169,40.925602683064135],[62.111714854282255,40.915890782970095],[62.11294557284847,40.90757458579535],[62.108869972818106,40.90208544738539],[62.11196010323557,40.89791616558205],[62.103563622601435,40.88387446671278],[62.10528038434218,40.880017291994406],[62.1200444742252,40.87022957152618],[62.13333254820384,40.879165598401094],[62.13418427207267,40.87585249833877],[62.141028968329515,40.87409564381712],[62.142232969028626,40.85612102297198],[62.1509148152655,40.8339325327867],[62.17499845126806,40.83333497498726],[62.174391959247046,40.817581008458085],[62.167288612578574,40.815757214973914],[62.16666882017421,40.80416802218183],[62.19903740176441,40.79070150152052],[62.207732679201854,40.77290974722772],[62.19957697574667,40.76339402397697],[62.216164818110066,40.76169951258783],[62.22621119518974,40.74598123902212],[62.237501665391164,40.7374999852514],[62.260506132196724,40.73810645309973],[62.27708503688792,40.74947267436777],[62.285410259483506,40.74219991084196],[62.29508199222292,40.74678381265112],[62.29661143365413,40.75754807837808],[62.305106062597915,40.75880561451587],[62.32007971368759,40.74904905784306],[62.32590781320075,40.73007560500999],[62.333149374086396,40.72805564866884],[62.338103368540025,40.721375900589166],[62.333211767052724,40.71369282743944],[62.34909060031923,40.7118780044201],[62.35533786982741,40.69960209465571],[62.3686214588911,40.711931481334496],[62.383332085304644,40.712497785923354],[62.40085189808042,40.67585292800405],[62.410416640843884,40.67130017499808],[62.415919218842525,40.67556758060261],[62.420485268622585,40.67381510233702],[62.428600900840735,40.6647096659673],[62.43390275354692,40.65491300427005],[62.432596196843484,40.64671269362501],[62.424431584497924,40.64461694213352],[62.43750120454642,40.641664976468235],[62.43846887583806,40.62539816295497],[62.449148426685426,40.61998037731333],[62.45089641765099,40.613175810890105],[62.47083297306267,40.59583436594255],[62.47083297306267,40.58750026203057],[62.47869882765825,40.592284865089226],[62.486537948251325,40.59085802088478],[62.48842415803565,40.58425852523105],[62.50405333551701,40.57800686966724],[62.508949416945896,40.57130485811242],[62.50354944354046,40.56297081358239],[62.51342637800522,40.546757500024235],[62.518826358471955,40.54521466612833],[62.53652004144899,40.528680266085104],[62.53811639376762,40.53965859258074],[62.546990036148934,40.55821737552053],[62.553696527276884,40.56311795108598],[62.570016793263555,40.56178467810658],[62.57592511296528,40.55092675079163],[62.58533828115346,40.546449814761125],[62.620007769839674,40.540960654476876],[62.62561734793359,40.53395097370793],[62.62438211716028,40.52283885727202],[62.620217371953544,40.50617521895453],[62.6118833048568,40.49657033672661],[62.61360004146275,40.492543717442025],[62.65325929376596,40.48686285494439],[62.65501620190646,40.48001814250135],[62.66054544426821,40.47860014800502],[62.67290609621483,40.46712689243678],[62.68236828386936,40.46986917763003],[62.68689431266636,40.46041592739142],[62.682689332672524,40.45448976001677],[62.69230767460158,40.437821684818374],[62.69102342050753,40.42703064345541],[62.68721536876435,40.42166183844482],[62.70486447391624,40.420243874663285],[62.71603449905401,40.429808660047755],[62.72482788239751,40.42818110551283],[62.73041512272165,40.416681025747764],[62.74070226217526,40.4217956306731],[62.74311461026166,40.42980861691581],[62.75213542638297,40.428524425072105],[62.77083240145515,40.416667657832576],[62.786720182637495,40.41736328533776],[62.78814268695659,40.43130248636123],[62.791665343713,40.441665384859974],[62.793877039917994,40.441099103225206],[62.80612170709315,40.42973283505292],[62.81178926523355,40.42827917580493],[62.81306899457144,40.41862075939227],[62.82139860376965,40.404913500261806],[62.820265995279506,40.3936230077104],[62.81610121614334,40.388245356943536],[62.81767531497562,40.384143020593356],[62.83159209369555,40.387148433916934],[62.835074667369085,40.383688124844554],[62.84166519979497,40.38333139356483],[62.846900244400594,40.37571529385596],[62.87011872800538,40.37426164166195],[62.870832244045324,40.358333754925184],[62.86193182689366,40.35074880601596],[62.86757705478571,40.33394692160318],[62.89492026736625,40.33272063310215],[62.89704725510967,40.324431140897254],[62.91040676042801,40.332872232939295],[62.91458494162601,40.329634910524256],[62.92083208004987,40.33333153352009],[62.92155448011865,40.34505895206833],[62.93546687227136,40.346476937882635],[62.94999906796141,40.35833372394344],[62.94530367909994,40.36572688207971],[62.94636495884571,40.38558330174995],[62.950529763992094,40.39072460036516],[62.949089434754384,40.395067770007486],[62.94261481063395,40.39659277176168],[62.937482396187505,40.402554587185115],[62.94358691182747,40.40780295541222],[62.96075890145136,40.40868585831069],[62.978845022474395,40.41730980014489],[62.98667970626949,40.41578923494452],[62.992311525890585,40.40032061257703],[62.98685798294202,40.39198651675491],[62.98827153819085,40.37552355497877],[62.997863110277045,40.36730985450033],[63.01978849608898,40.365963225596666],[63.025799377227735,40.34684709628726],[63.03335750557994,40.3445729131074],[63.038708490589734,40.333483164709904],[63.04786295283957,40.32564402534542],[63.058011910369665,40.320190533503485],[63.07374807586238,40.32498409079395],[63.076013265632454,40.317466080935674],[63.08673746019231,40.31582959427303],[63.08827586019149,40.3007177060548],[63.09999882891429,40.29999976029963],[63.107119976466954,40.29109940477129],[63.108332857770215,40.295834927369285],[63.11075864089402,40.29547820494315],[63.12673998117925,40.28368836502304],[63.14825966530413,40.28297940374897],[63.15174217999625,40.279519075054836],[63.15833273997043,40.279166859002885],[63.15898826553122,40.286542217289714],[63.16445510036744,40.291099363286285],[63.18137736201505,40.296401244025496],[63.195084678027364,40.304735316055016],[63.21054438701513,40.30359828770183],[63.21998431694881,40.299148084523125],[63.2220488274924,40.29109936010741],[63.23528788773921,40.29526416691083],[63.26075834072046,40.296187265105104],[63.26424084525405,40.2996475104074],[63.273043122516896,40.299433474378844],[63.278420795072066,40.295264203055495],[63.285287843225845,40.29943346947709],[63.31158758425949,40.300615089064515],[63.31371456201143,40.30890012214952],[63.32721230650008,40.30776752633185],[63.33219755109617,40.30390149411514],[63.33840020623835,40.32017276796907],[63.34583350673676,40.32083266544675],[63.35608499108424,40.31719854260769],[63.37724786676953,40.31613720682701],[63.39072773107654,40.30780320368971],[63.406414802317876,40.308864414926845],[63.41156061877784,40.31302925946485],[63.42405953738619,40.30780322376219],[63.45224998638754,40.30886442479451],[63.45739125244651,40.31302924179321],[63.46173445753677,40.311588987753424],[63.47500030323076,40.29166567722024],[63.48966181010797,40.29228547579132],[63.50336019357681,40.304784374352465],[63.51986331193236,40.299232819318235],[63.52597229007528,40.28410304428708],[63.53776656762179,40.28238630377726],[63.533896058756945,40.277084411983346],[63.537499071974324,40.27083274665437],[63.55220962524294,40.27139905860368],[63.557587305060224,40.27556837387061],[63.56592131312471,40.270266475392766],[63.58971061449407,40.27139906005152],[63.59508833931718,40.275568332038645],[63.61862343297438,40.26723425393463],[63.636593631940414,40.26603032110953],[63.63841744221404,40.25891803752507],[63.65331523588874,40.24914818771867],[63.659241372622525,40.233956021444236],[63.67836649512249,40.23259595031816],[63.68271413661919,40.227160360953064],[63.6841365807833,40.2174038445418],[63.72083500072617,40.22083291174789],[63.73141641192972,40.22030227101952],[63.736557796424165,40.216137429824556],[63.76058344615127,40.21719426966225],[63.7650692714391,40.22083286723249],[63.774469078722355,40.20641660116083],[63.77975755204026,40.17177831375484],[63.78448418909031,40.17030235426531],[63.79898074163743,40.18803175997824],[63.806414070856086,40.18697046209238],[63.81441811286075,40.17969766054357],[63.82916882199358,40.179167001576275],[63.83529114734823,40.17139926448314],[63.841930807736155,40.169695894662354],[63.83796662444266,40.1645813236175],[63.84251939164609,40.155016558995],[63.873041921053634,40.14526446622767],[63.88945586145124,40.12973342719854],[63.89520816606152,40.1282575002528],[63.89583240124584,40.11249900658702],[63.90326572442835,40.11183909807219],[63.905071677053776,40.104802629235266],[63.92304182337337,40.10359863438324],[63.932481752316285,40.09914848763337],[63.93418510525105,40.09251779857787],[63.947789881924166,40.08390283244407],[63.968876890342464,40.082765726899886],[63.976956802293216,40.07556871695513],[63.98554506497584,40.07443164423462],[63.99778975344311,40.067234654432426],[64.01159067566239,40.06604410080431],[64.0175167679077,40.050851912150264],[64.02414747244423,40.04914857547124],[64.0262165293874,40.04109986075601],[64.0363609652762,40.04609852104282],[64.04258137799881,40.02976485683232],[64.06250018126377,40.02916735190286],[64.0686225952528,40.02139957988798],[64.08237438829156,40.02017779802322],[64.08693158885386,40.01471091776326],[64.08820697665001,40.00505251859744],[64.10376920711388,39.99903271337726],[64.10925393009707,39.98808120289779],[64.12414730552346,39.97831574314551],[64.12596661933604,39.97123023724557],[64.13112130404355,39.96723485883507],[64.14076634466943,39.9660041958108],[64.1425188033393,39.95918623511437],[64.14914949541368,39.957482855532504],[64.15090191877977,39.950647044989005],[64.16445759322058,39.93806790876677],[64.19387868078005,39.936930844618864],[64.19791862594991,39.933800534000035],[64.20342116563589,39.93806789634783],[64.21862229280514,39.92556904109775],[64.23248110814082,39.91998177887681],[64.23333285068921,39.91666869685067],[64.25242227662015,39.917020966625],[64.26424331114283,39.92464596995671],[64.27325965326793,39.92535498892646],[64.2809069757088,39.93298003942703],[64.30746985587967,39.93398782054157],[64.31348520943462,39.94511772523219],[64.32716121204713,39.94645100588972],[64.33966011944518,39.95061583118829],[64.3478381022524,39.95771468630201],[64.37009790141161,39.963301939708664],[64.37155156975417,39.978181981103546],[64.3782402748769,39.98009491122893],[64.38009524044888,39.98657403509331],[64.39902859812177,39.99243324443275],[64.4011600462769,39.9998843943355],[64.4061720929249,40.00354980000063],[64.41249952127498,40.00416515021368],[64.41249952127498,40.00000038212151],[64.41909008300163,40.00035262938403],[64.42916765750736,40.016668450470014],[64.43575815159697,40.01631173958942],[64.43958413187417,40.01251259954187],[64.44340998243102,40.016311752835165],[64.46075587993437,40.01702071005304],[64.46840774239632,40.02464580666635],[64.49409211030878,40.02535480973215],[64.50087892343751,40.03259640552508],[64.50907923031036,40.03389841442322],[64.52695568404422,40.02556885309553],[64.542415471184,40.02443177973422],[64.55736682519414,40.033729034145495],[64.55890070635472,40.039708654183414],[64.57083325329732,40.05416506829509],[64.57831560952383,40.05501670779382],[64.5798272715458,40.06576766503441],[64.58683698922702,40.06756465143905],[64.58750140457727,40.074997987506514],[64.5934097040595,40.07118542847016],[64.6438778469515,40.07139949001431],[64.65331772794079,40.07584968791264],[64.65501665924272,40.08248036369238],[64.67043622864803,40.08846895434703],[64.67589864740836,40.0993402207618],[64.70221176469687,40.104735682669286],[64.71862126897332,40.12026678964314],[64.74387758671286,40.1255686234504],[64.75625163663797,40.13286375406748],[64.76666811399387,40.129167150363344],[64.76702032570279,40.15242576555063],[64.77083290261717,40.158334146569764],[64.78333176138226,40.162498888948555],[64.78399615114598,40.169932211245225],[64.79081407425271,40.17168461847324],[64.79583509731218,40.18333183879547],[64.80590813986859,40.19131360020587],[64.81492443364235,40.192018135700266],[64.82257630372074,40.19964767138973],[64.83159261859748,40.20035219758285],[64.84130898227332,40.210046326007536],[64.84166571023673,40.216668054728046],[64.8517432812937,40.224645376109784],[64.87742321150513,40.225354404854436],[64.88161922004674,40.22951923296072],[64.88995330927231,40.22464538071088],[64.91492428470585,40.22535441521706],[64.92708425496947,40.233318331332775],[64.94757381327454,40.21702032658748],[64.97304416641752,40.21723434404741],[64.9784219108477,40.22139919090743],[65.00325459184013,40.22021748588534],[65.00505604589496,40.21320783431974],[65.0157802474417,40.21178981825809],[65.01758611373475,40.20474891987798],[65.11837963997411,40.19964765400317],[65.12881393502622,40.21424232940384],[65.12916626264239,40.23750098207396],[65.13575678355735,40.23714873984384],[65.13995276736158,40.23297943225625],[65.16909305396685,40.23368844699909],[65.17257554679634,40.23714872186227],[65.18575671557791,40.23785325275596],[65.19131277243778,40.24337812208039],[65.19202171957446,40.2649244970402],[65.19964679465575,40.27674111098442],[65.20452063229914,40.31908919064578],[65.21214561323792,40.32674097466477],[65.21285469249922,40.33921310215195],[65.20798083129607,40.34754711315494],[65.2211886757372,40.36908903298014],[65.24914731536681,40.40085126803248],[65.25088627659729,40.41179386282958],[65.26054473811223,40.41306915225854],[65.26666711170496,40.42083244720544],[65.28159166777603,40.42118470174633],[65.29340827701866,40.44131310813947],[65.31576622036046,40.44100542737985],[65.31666702411937,40.43750057548378],[65.35658933626875,40.43714830427202],[65.36007634894752,40.433688035785785],[65.37083170217409,40.43333133868531],[65.37171904777345,40.42987554746613],[65.38137741418049,40.42860025390291],[65.40612099917304,40.413069153001516],[65.41887849354165,40.41193208552683],[65.42695840046372,40.40473513306734],[65.4355421745964,40.40359806692833],[65.44779131856083,40.39640103711765],[65.47411334099003,40.39095649064274],[65.47500074539339,40.38750071342958],[65.48159131138871,40.387148461176764],[65.48578734355564,40.38297916586783],[65.49412135284577,40.38785299154586],[65.52083138426013,40.37916662853341],[65.52916541163884,40.36666774157755],[65.53578716350546,40.37118479974621],[65.55658889681189,40.37048033375252],[65.57257479530737,40.362855267168605],[65.59825924854489,40.36214623978738],[65.60174180895481,40.358685988950135],[65.63992508557747,40.35381219733214],[65.64340763809469,40.35035193856016],[65.66492280697605,40.34964737906993],[65.68090868157329,40.34201786821167],[65.71075789893473,40.34131334826606],[65.71424040759833,40.33785307967709],[65.72742597198186,40.337148538276026],[65.73090852676913,40.333688263537816],[65.74999796645825,40.333331571409715],[65.75121528925992,40.338067094895344],[65.75416718894996,40.333331523258536],[65.76007549335924,40.337148540199806],[65.78749901852773,40.33750080417584],[65.78835072828427,40.34081394848566],[65.79929775048731,40.34675338778878],[65.80056863801883,40.3563762029329],[65.81609968760262,40.376954889033584],[65.81666598896844,40.40416879750492],[65.82850487477982,40.409234344812006],[65.82916480730412,40.41666767941681],[65.8416681518297,40.42916654623958],[65.84791537496439,40.42501513211723],[65.85245474975366,40.4295187727624],[65.86492236964905,40.42881424744203],[65.88090828632227,40.421184761135564],[65.91492223159119,40.42048022397305],[65.93924216680118,40.408685871450935],[65.9541667878079,40.40833359620906],[65.9541667878079,40.395834725486104],[66.00242318737614,40.39547803559266],[66.01458314082493,40.38751407463077],[66.01912252378185,40.39201776436109],[66.02325611231385,40.39131322578032],[66.03507717996143,40.38368812933188],[66.0500018323308,40.37916660556353],[66.0600749239333,40.38714840095413],[66.0690912395547,40.3878529635615],[66.07257377984237,40.39131325687824],[66.08333358920804,40.39166549212248],[66.08418530068339,40.388352366343135],[66.09362075424258,40.38390216797718],[66.10743503321847,40.38267148967658],[66.10918301653821,40.37584907335293],[66.12858451875069,40.36574921753597],[66.13693200654427,40.35637617228297],[66.13820281349423,40.34675345064628],[66.15056793251645,40.340452730219994],[66.1463986876806,40.327209229447014],[66.14704971576245,40.316101573834814],[66.16054294254594,40.31723420366993],[66.16592063515769,40.32139900339738],[66.17083450935993,40.316667886141666],[66.18333341576205,40.31666791154326],[66.18749824237244,40.31249863619317],[66.18838553509296,40.31595885598403],[66.21250034604012,40.320832684224754],[66.21840868254944,40.31285534882956],[66.2440931097732,40.307981546686044],[66.24757567130239,40.30452126830899],[66.26075673593688,40.30381227739331],[66.27745166432827,40.295478239615534],[66.29825779088786,40.296187221629],[66.30174034197108,40.29964751389274],[66.331589553236,40.29964749931578],[66.33507658479023,40.296187217306446],[66.34493566582272,40.29517055120727],[66.34583193812531,40.29166571864309],[66.35342134310774,40.2964012638699],[66.36887662142072,40.295264183508046],[66.3742542354422,40.29109941038497],[66.38219592951,40.29609805420139],[66.38333300916415,40.29166570770346],[66.39341053549896,40.28368836043916],[66.41666477707398,40.27916681087172],[66.42118632043163,40.294091480870215],[66.44547952856604,40.31840696731177],[66.44618849915375,40.32745442944144],[66.45174004295367,40.33297929018677],[66.47325972052039,40.33785305621617],[66.47674225979102,40.34131335982733],[66.48750209301042,40.34166562988059],[66.48785433274553,40.34825613623964],[66.49547940215686,40.355907998809656],[66.4961884328348,40.385757177944164],[66.50381342689599,40.39340903216057],[66.50451801662996,40.40242530687123],[66.51214747651008,40.414241944630405],[66.51285207600303,40.42671401309314],[66.5083350053126,40.43333130327669],[66.51576831096403,40.43399571682516],[66.51702128351984,40.46075922998531],[66.52048155048669,40.46424181313742],[66.52168557251996,40.474149934718035],[66.53945505319022,40.482764954082334],[66.57721023001196,40.48806676973292],[66.58665013214213,40.492516963181835],[66.58840707629099,40.49937510463058],[66.61075603267287,40.50035163127998],[66.61495206306775,40.504520907667896],[66.62325935249,40.50381188981545],[66.63507598479143,40.49618684471559],[66.65416542739682,40.49583453805791],[66.65477633370477,40.47591132830571],[66.66164779704994,40.47414992140191],[66.66249947794107,40.47083239672365],[66.66840776063371,40.47464487277815],[66.68970887231369,40.47556796020014],[66.720833410059,40.49583451216448],[66.720833410059,40.491665302025815],[66.72499824958153,40.491665284163176],[66.72956437356312,40.48429883779353],[66.73554403226973,40.48276492540428],[66.74778873841,40.47139865521897],[66.7561227685905,40.46723390481329],[66.76962048236777,40.46610129172022],[66.77168505405871,40.47831478581587],[66.7833321874136,40.47916642610739],[66.78446926808675,40.48359875565656],[66.80758521513674,40.47443087702123],[66.83528962080774,40.48276494072031],[66.8624990467655,40.483331199770426],[66.8624990467655,40.48750047518748],[66.86908964432536,40.48785278281291],[66.87328561640255,40.49202202142959],[66.88575779585723,40.49131302134133],[66.90000010088,40.4833312458995],[66.91029168799231,40.4713987036685],[66.91581658281946,40.46998069224434],[66.9175556404889,40.463207349705144],[66.92827973434309,40.46179374949331],[66.93001882007667,40.45501597631001],[66.95416482733567,40.44166540151426],[66.95918575724801,40.4300182236119],[66.9658164511368,40.42831481686942],[66.97168459315503,40.41335010668294],[66.97831530008989,40.41165117500385],[66.97916699118811,40.408333585048545],[67.05833386693155,40.40416884111985],[67.05894028961569,40.388414806818496],[67.06602140402877,40.38659548785214],[67.07860048947973,40.37304427586887],[67.08421897962113,40.35904275088618],[67.09494752854567,40.35762473596852],[67.0967267844344,40.35067744323605],[67.1145720871716,40.33379080647358],[67.12842199395922,40.34223192814338],[67.14804210539036,40.34109926302136],[67.15612199081178,40.33390228109594],[67.1833314159004,40.32916677335791],[67.18418312674989,40.325849145563296],[67.19362300381499,40.32139899925881],[67.20328145298262,40.32012371021135],[67.20416882199665,40.31249861351399],[67.23992628900784,40.30798153630031],[67.24375221777255,40.30418242576731],[67.247917031579,40.30832046018664],[67.25174290024337,40.3045212550462],[67.27083236478785,40.3041645841208],[67.27674069849586,40.29618720854489],[67.30416861464988,40.29583496638947],[67.30416861464988,40.29166567303367],[67.3124982070995,40.2875009043935],[67.3124982070995,40.28333161369173],[67.32083223000839,40.2833316004309],[67.32500153926614,40.270832746062965],[67.35242498041632,40.27118500967191],[67.356250868498,40.27498421544372],[67.36007676990073,40.27118501341559],[67.37328911663846,40.2704804794753],[67.3791661910535,40.262498747871796],[67.3949202297687,40.261892305932214],[67.39998572084247,40.25208224752182],[67.37917955840933,40.222915301973096],[67.38689827806981,40.215753960516636],[67.38809780250055,40.180188170213306],[67.39778743464167,40.17139928717434],[67.40740567255489,40.17012843696691],[67.41666724309361,40.15833410139897],[67.41312223698698,40.15742444205711],[67.41193168916935,40.13528944813323],[67.40776687296639,40.124253209363815],[67.41193168916935,40.118875555188765],[67.41306876597729,40.107585105205956],[67.40889948979128,40.102211858013554],[67.40776687296639,40.089454374183624],[67.40335681645621,40.08017497929666],[67.39925441328332,40.07860095599201],[67.39387674357721,40.082765707451244],[67.37842152955716,40.083902767973136],[67.37304386789395,40.079733542272535],[67.3561215624654,40.078600905434826],[67.3341827699007,40.069981509787546],[67.32443077248521,40.053420387485396],[67.32973263204072,40.042883549661],[67.32500153926614,40.04166621965008],[67.3246447304286,40.022576804877986],[67.32118449108928,40.019089737005274],[67.32047996904433,40.01007345053337],[67.29964704290381,39.989218225139865],[67.30035155099357,39.980910931980006],[67.30452087016138,39.976714916558386],[67.29618679487943,39.9607558026616],[67.29583454218597,39.941666417152014],[67.29166525784936,39.93750159570043],[67.29166525784936,39.916668647660266],[67.32083223000839,39.91249944534541],[67.32168396731359,39.909186341867716],[67.35793639493848,39.89069883465236],[67.36249804112025,39.88333245028164],[67.38575677138951,39.88298014527393],[67.38924376736355,39.879519930854755],[67.40658969832457,39.87881533166799],[67.4184107865891,39.87118583526599],[67.43575669798267,39.86631202786152],[67.45174248892776,39.85452220452711],[67.47325773054754,39.8496484247983],[67.4774536942999,39.84547915226578],[67.49828666803776,39.846188125945694],[67.51007645008686,39.86214723741572],[67.51841052075966,39.86631204334223],[67.53333520512743,39.86666875919635],[67.53950653569115,39.85895005839525],[67.55336546287782,39.85759897756554],[67.55493503158628,39.84680350561823],[67.56458458093867,39.842228430632495],[67.57036352013297,39.84645120386026],[67.58668384799395,39.8451179325172],[67.59699327725349,39.825114430940644],[67.60200536394628,39.821449002028146],[67.61586863773589,39.82009788381815],[67.62083167539421,39.812499600411776],[67.62721257930143,39.81193328588863],[67.63945731138142,39.80056706126902],[67.64498215292183,39.799149069073074],[67.64680148768414,39.792063571390116],[67.65195617509008,39.788068231374844],[67.65833266196157,39.78750186942975],[67.66193116331463,39.78137507766143],[67.66306827108814,39.760288037928575],[67.68276414050773,39.739709280251446],[67.68395911072855,39.717574299537986],[67.69081724540179,39.71581740734134],[67.69263654189645,39.70872739635787],[67.70377093131466,39.70319810707293],[67.70889887872012,39.69658083782293],[67.703601479563,39.688246738735984],[67.70473406883926,39.68112113942857],[67.71193110403598,39.67304569149509],[67.71250185827968,39.6624999474142],[67.71841015380534,39.658687414409364],[67.73507377275521,39.65035329456212],[67.74409010493383,39.64964877228919],[67.75590674865971,39.642019290177956],[67.77325710366742,39.642019243173884],[67.80208518377539,39.66248654185426],[67.81840999804707,39.6461885281619],[67.83333457250423,39.64166702576145],[67.83399450765884,39.63423365645508],[67.85833229731581,39.6249989015686],[67.87325688127002,39.625351172042436],[67.877082759951,39.62915475853025],[67.89340760661138,39.61285232165318],[67.90659315430702,39.61214773411692],[67.9227885788565,39.60473223183],[67.94075878551376,39.60352832849004],[67.94166845630305,39.60000115494211],[67.96492265987231,39.60035339601065],[67.96840964343721,39.60381366968493],[67.97500019271969,39.60416591472001],[67.99779064508853,39.59223336631483],[68.01054370033407,39.59110079996334],[68.03112248747671,39.57973456365227],[68.04804475735577,39.57859745656326],[68.0534179278596,39.57443268395558],[68.073042419168,39.57556526088958],[68.07842017580593,39.579734514319824],[68.12291751676057,39.55834866827574],[68.12674344371572,39.56214785428642],[68.13575971153976,39.56285239559932],[68.1437504628876,39.57082079283311],[68.14757631603452,39.567021601498425],[68.15416692478107,39.56666488646801],[68.15530399352738,39.56223704078563],[68.17916457241304,39.57083418399379],[68.19340698905383,39.554518358283545],[68.23137621709112,39.554732387856475],[68.23541618790142,39.55786263912554],[68.23958543483357,39.55463424529837],[68.24915017499784,39.55918253192733],[68.25000187469936,39.562500100131544],[68.25591019107318,39.55868761367185],[68.28749847749933,39.55833527988182],[68.28835018033139,39.555017753880016],[68.30000182988417,39.55000126075757],[68.30661913696842,39.55451835227384],[68.31492639116921,39.55381380559016],[68.31840899080237,39.55035350725249],[68.3399241381643,39.54547971551193],[68.34828935524837,39.541310465523324],[68.3583313297443,39.52916837844096],[68.37083462810699,39.52916835789688],[68.38112178185888,39.54110092648613],[68.3937498975189,39.545363793169585],[68.3977899042669,39.542233524128264],[68.44387913140733,39.53693159901799],[68.44925236200835,39.53276681185996],[68.4602886620433,39.536931642678844],[68.48554496943828,39.53806868914734],[68.49091818163217,39.542233526702724],[68.50326992611636,39.540993865645845],[68.50508031059618,39.533930676242264],[68.5249990622964,39.53333314341235],[68.53945552175732,39.54943049314023],[68.5458320454797,39.550001229520625],[68.54668374014555,39.54668372249756],[68.5727872789804,39.53389943749499],[68.58554479763463,39.53276683665252],[68.60195429422441,39.51723579022351],[68.60833520474029,39.51666497130666],[68.61335170195055,39.50501782990533],[68.61666482691705,39.50416616672513],[68.6232598662093,39.50451841188738],[68.63507651114351,39.512147939267145],[68.64409273873109,39.51285250874234],[68.6566183576698,39.52118650049363],[68.66909053692515,39.5204820102984],[68.6732864927627,39.516312732118315],[68.68992344165247,39.51702176425492],[68.69341043929712,39.520482022627675],[68.7105422620756,39.52026795958645],[68.71591996058996,39.51609867711976],[68.72425407945995,39.52140060236929],[68.73529033549832,39.51723577313541],[68.75742531494188,39.516045192581345],[68.76249973321251,39.50416613482053],[68.79409251608033,39.50797868254656],[68.80245333694094,39.503809398200055],[68.81214734357482,39.49409304724664],[68.81285634020323,39.48921030843615],[68.82674204537568,39.47952074154809],[68.83970909817079,39.47973474518169],[68.85758557353037,39.488068822723356],[68.87292490727202,39.4796276865034],[68.88112071819538,39.486931725541204],[68.89901960611974,39.48813123176255],[68.90530245154812,39.50026447139555],[68.9227910756098,39.492233613028326],[68.93992288824663,39.49131499478615],[68.95625218522474,39.479181833389326],[68.97328592076234,39.48785479859156],[68.9982568675991,39.48714579722914],[69.0024528893209,39.48298094369915],[69.01075576381112,39.48368548239432],[69.02674161022833,39.4913150071113],[69.04409201918419,39.49201960478584],[69.04828801988397,39.49618881060975],[69.06075562357998,39.4954798165144],[69.07328570847852,39.48714579284541],[69.09825671950742,39.48785475953229],[69.10174368833228,39.49131499628334],[69.11492475498807,39.49201956031297],[69.12674143097996,39.49964461608998],[69.14166598640473,39.50000133853681],[69.14166598640475,39.504166122579214],[69.15245261904856,39.512852492906376],[69.16041655230354,39.50834881139818],[69.17328549839189,39.517021759303276],[69.18992238380369,39.5128525005293],[69.21249886343014,39.52499905305667],[69.22325865820572,39.524646825799074],[69.22745469055255,39.52048201216322],[69.23541863873926,39.524985662141574],[69.24757413955953,39.51702175400311],[69.2541647209878,39.51666501951547],[69.26424228091012,39.532980860857926],[69.29825630515002,39.5336854061493],[69.30174330232684,39.53714569134263],[69.3190891976459,39.53785463970126],[69.32257622462328,39.54131490164721],[69.34166561424841,39.54166719587677],[69.36666781645758,39.51666499780001],[69.37876978349999,39.52180192662589],[69.39258406002479,39.54525230735155],[69.40322801843807,39.554732350336536],[69.40751316103686,39.55318947517124],[69.40918529407175,39.54668364146055],[69.42279004377356,39.53806866011134],[69.43137824949787,39.53693165697708],[69.44362297497347,39.52973462752498],[69.45659006222293,39.52952061951506],[69.46078606098595,39.533685402812935],[69.47742294824593,39.53298087133519],[69.485418143848,39.525012417842916],[69.49757366085413,39.53714565673622],[69.54900042067078,39.54234496977906],[69.55516739863967,39.557666419445354],[69.58252399697469,39.55900861406109],[69.58410246488346,39.56986205632112],[69.58835200483088,39.57414726124445],[69.59583442730981,39.574998943117855],[69.60590753508657,39.58714554177203],[69.61909307282528,39.58785458533512],[69.62328908332012,39.592019332864346],[69.63159195280255,39.59131484728525],[69.6559073727292,39.57535122703793],[69.67500123128033,39.574998997331825],[69.67585292611471,39.578316513807856],[69.68267090845329,39.580064502736946],[69.68333533177363,39.58749782628334],[69.69583419249356,39.60000117421146],[69.73117260755832,39.58811765022089],[69.74799230642304,39.58688247356643],[69.75369547922284,39.582717683324795],[69.76041537792464,39.586940446655525],[69.77700768348669,39.57978360127261],[69.79500901803745,39.57846367662769],[69.80121166525895,39.56659354780959],[69.80697280602575,39.57079846711159],[69.81348756521827,39.559048776444044],[69.82715913655456,39.55771547678353],[69.84367121767869,39.54645178515357],[69.8534321858869,39.545029368510974],[69.8549037091387,39.52997098515997],[69.86666679330395,39.520834262718076],[69.8894572658392,39.545265702467056],[69.89498207829247,39.546683681014486],[69.90070314866513,39.56574634247928],[69.91445499864523,39.57443263644302],[69.93333479377884,39.57499897747573],[69.94340789644905,39.562852372390225],[69.95174200216634,39.55868761321389],[69.95833253762629,39.55833527289024],[69.95925116383434,39.5619025758653],[69.97916548981405,39.5625000850993],[69.98835123950371,39.54668366745588],[69.99166883080817,39.54583197949393],[69.99232871243318,39.53839863748836],[70.0063793508813,39.53806872105785],[70.01445482222732,39.54526569488632],[70.02406860791253,39.546536538341805],[70.03693311398071,39.56028839056691],[70.038716726893,39.56723569303134],[70.07325699095195,39.56285237024404],[70.08507361466602,39.57464669314487],[70.09408991537907,39.575351249787296],[70.10624985106037,39.58748442576642],[70.1104146772227,39.583346386040574],[70.11424060236344,39.587145597520205],[70.12304281375928,39.58693151600853],[70.1324114330171,39.57858406890394],[70.13418615213581,39.5716859050745],[70.14081684360416,39.56998246441132],[70.14623012563294,39.55930296990195],[70.15612493545902,39.55473234501348],[70.17599020682344,39.55359978374835],[70.20833207711215,39.579168243614966],[70.20918376524287,39.575850633517696],[70.21581446496356,39.574147272093626],[70.21751781883754,39.567516632938464],[70.23749907290487,39.55833530585438],[70.24236841127784,39.54259469482203],[70.25195546258723,39.53389946148391],[70.26998357885995,39.52414738497703],[70.2708352692681,39.520834270243945],[70.28137661739363,39.52140059069396],[70.28529165403833,39.52443274413167],[70.31150223243266,39.525609967498916],[70.32539678763852,39.544864344714206],[70.3326250186241,39.54671934581288],[70.33390037085329,39.55637778142448],[70.33789569296201,39.56153249595295],[70.35767181446704,39.57173488027127],[70.35890252029739,39.58554478325591],[70.3625009933641,39.591667087900454],[70.37826843249913,39.59100711761234],[70.38001634677607,39.584184702537414],[70.38945624108464,39.57973452964595],[70.42378693794205,39.57443264427715],[70.43276752629811,39.59362462939095],[70.43424794739039,39.60480803783569],[70.44519062390249,39.59380300821381],[70.44686277777141,39.588247001544005],[70.46147074681015,39.586753166039976],[70.46250083019576,39.58333307272303],[70.47827715268345,39.58820682773442],[70.48013659897735,39.595439515753576],[70.48529126194487,39.59943481748162],[70.49779011432858,39.60359967613697],[70.52071881472004,39.60532531625261],[70.52581115899898,39.62014735490585],[70.53749842985003,39.62083405331145],[70.55381424250845,39.61075650294243],[70.55869256188974,39.59754421137704],[70.5642441369914,39.592019353471606],[70.58992410561609,39.58714560307696],[70.59828492014846,39.57881154627857],[70.62083455136889,39.583333041020374],[70.62742507620581,39.58298078085477],[70.63090769197052,39.57952052318881],[70.6541663055561,39.579168261272834],[70.68298102283896,39.54409294233371],[70.68368556341292,39.530907372884585],[70.69583221287083,39.516665021703325],[70.70659195731913,39.51631270286178],[70.71840859917884,39.50868769237779],[70.73158968977097,39.50797865585933],[70.73995503267443,39.50380943123834],[70.76214790765637,39.48158968836008],[70.76723581785114,39.47157902301445],[70.76592925084637,39.46337879117648],[70.76250025479979,39.462500307133354],[70.76723581785114,39.454915384862865],[70.75359984555213,39.43407803992114],[70.75897305086416,39.40090674324964],[70.77083427967492,39.395832292927615],[70.78158966247543,39.396184537653],[70.78578560158971,39.40035384505014],[70.79409298097056,39.39964483858398],[70.8017403071544,39.39201973145334],[70.81075664257473,39.3913152370681],[70.81424361607674,39.38785492736863],[70.83158952936981,39.387854950682126],[70.85242244642158,39.39618457643683],[70.87083409807829,39.416665186566995],[70.88298067952736,39.40242285629075],[70.88750215498763,39.387498209878444],[70.89953288781639,39.38271359682257],[70.90632852417235,39.38394877135087],[70.91867132115954,39.3952169205768],[70.9246375878474,39.39692030688398],[70.93688226321538,39.410337738561864],[70.9382690555959,39.41986236779867],[70.94506471794186,39.421806518968296],[70.9466343418053,39.43259757556204],[70.95416573512888,39.43333331560996],[70.96007409520487,39.425351530425004],[70.96840811667703,39.42118671134464],[70.98158924284459,39.42048223327013],[70.98924100221592,39.41285268708566],[71.00659144572398,39.40797889728414],[71.01912150642035,39.399644827217465],[71.02742434006903,39.40035380342549],[71.03507616714255,39.40797886194799],[71.04409244186046,39.40868789542027],[71.04791830943165,39.412487023318555],[71.05174423212485,39.4086879059233],[71.06164788429975,39.409182834690036],[71.06723517737127,39.423041742177865],[71.08276624788574,39.443624949981],[71.0838988516051,39.481375726355],[71.08806808637553,39.493879041980996],[71.09526506339394,39.50195443336826],[71.09583139351824,39.512500211205975],[71.11492530229033,39.51285251001695],[71.11912123474904,39.51702171651992],[71.16492519029715,39.51631272465102],[71.17674181322921,39.50868768701418],[71.19583119501289,39.508335397984254],[71.21838084773073,39.53297638030288],[71.23159315096976,39.53785467377628],[71.24583553551973,39.55416604953333],[71.25661764766276,39.55381375291566],[71.27881508332105,39.527424803492465],[71.27952406824222,39.52254659452503],[71.2916662367184,39.512500250398794],[71.30742908367104,39.52564564861526],[71.30923507443944,39.532673171881335],[71.32304491984128,39.533899457097796],[71.33270771949044,39.53840759154906],[71.33750132959327,39.57083420148769],[71.35659070115594,39.57118643224104],[71.36078671111761,39.57535120500368],[71.38575772698228,39.574646677229715],[71.38995367457426,39.57048193386156],[71.39825654689744,39.5711864067857],[71.40208243804969,39.57498560287848],[71.40590837943866,39.571186473531085],[71.41492468502065,39.57118647741128],[71.42257643668508,39.578811504630764],[71.44409164265008,39.57952050478905],[71.4642422902092,39.599648851401895],[71.47257641650243,39.603813713404044],[71.49409149867762,39.604518202432736],[71.49757408449169,39.607978498301314],[71.50833392422409,39.608335236240016],[71.51285547984529,39.62325984773543],[71.52464532186421,39.63507643032175],[71.52535427919334,39.66075642778249],[71.53714858850834,39.67257744723477],[71.53750088107482,39.68333285579624],[71.5537721505413,39.684300429876686],[71.55776751474353,39.689455195571156],[71.56316302575411,39.71576836574772],[71.57720919536428,39.721400195508245],[71.58656438621429,39.72973424528268],[71.59508573299186,39.72443240204504],[71.61054543774746,39.725569470927745],[71.61591865604656,39.72973427729846],[71.62708421738706,39.725466904668636],[71.63112417265734,39.72859716362032],[71.6583335957927,39.72916791235367],[71.65889995996658,39.739709254902024],[71.66289526253148,39.74486398121363],[71.66887490940127,39.74640235062272],[71.6916654189482,39.76666451568908],[71.71471006427215,39.76609821226184],[71.72695475101942,39.754731955634796],[71.74092064104077,39.74943457310268],[71.74925467053461,39.75473193250588],[71.757588757582,39.749434524123515],[71.78137806177897,39.75056718862324],[71.78541802268684,39.75369742465499],[71.79092051210128,39.74943455957051],[71.80221097987122,39.750567178602765],[71.80758866631139,39.75473194948894],[71.81578894775159,39.75342992428845],[71.8175190677684,39.746683290424514],[71.8255677120154,39.74461874639712],[71.82026588542207,39.73408188869636],[71.82150102266328,39.721783682978426],[71.8352885377826,39.713066146335116],[71.85221086737826,39.71193353287526],[71.86210557866607,39.70736736849825],[71.86755462552581,39.69654066520651],[71.8772085643277,39.69526536472115],[71.8825862399656,39.69110058295575],[71.90195657446841,39.69943467326326],[71.93137777483342,39.7005672819116],[71.93945767676834,39.70776427167651],[71.94583419712154,39.70833501730965],[71.94914727244806,39.707483312681916],[71.95505561715767,39.69237591138288],[71.96874948017455,39.68797030329554],[71.97291870304565,39.69119865632201],[71.98248351511295,39.68665040032026],[71.98333517918647,39.68333282128297],[71.9892434932074,39.68714538810059],[72.00416814166498,39.687502082494056],[72.00486374872405,39.67161433568394],[72.03958227838282,39.66310637925643],[72.05384699532233,39.67147611939564],[72.07839427385441,39.670120479835674],[72.08268845255631,39.66463583111249],[72.08425360578694,39.654384371600926],[72.09166455486137,39.65000106953007],[72.10174212603181,39.65797834353259],[72.11492330339912,39.65868735355557],[72.13541727567495,39.674985430051606],[72.13995223321987,39.67048171601583],[72.15242431137433,39.671186235285454],[72.1642409333908,39.67881128343838],[72.18575610694973,39.678811307875804],[72.21424080854635,39.66702140329338],[72.22742642081624,39.666312414448825],[72.23090891996617,39.66285215943727],[72.23749951750683,39.662499886942136],[72.24266762908998,39.66715073898648],[72.2477509815093,39.66303055512825],[72.2833345852862,39.662499930363595],[72.28407035875951,39.67003135660187],[72.3149228501113,39.6753555178947],[72.3184098619523,39.6788113178786],[72.33992500072114,39.67952030192112],[72.35174170464578,39.68714537336825],[72.35833224246063,39.68750211026718],[72.35889855507315,39.698043438423404],[72.36346017398361,39.70351024125895],[72.37721203904424,39.70473202252536],[72.38528751123312,39.711933509671134],[72.39241313780038,39.713066158748845],[72.39779076184587,39.7089013206955],[72.40926848534319,39.707764268672456],[72.41862374553709,39.7160983430866],[72.43407895810336,39.721400161955145],[72.44657778108017,39.716098324424664],[72.4699836024945,39.73001963406493],[72.47174051817908,39.736864322798034],[72.48971067888337,39.738068325144376],[72.49486544695344,39.742063629252506],[72.49668475819344,39.74914915151411],[72.5033154381725,39.750852532327485],[72.50833191703188,39.766664503286925],[72.51666593412446,39.76666447847131],[72.520835190628,39.76249973709625],[72.52952598391502,39.781624827230864],[72.53507757488129,39.78714514524671],[72.54166811417923,39.78750186036644],[72.54583291143368,39.78333261924659],[72.55758718621699,39.78806818197888],[72.57842006376103,39.77443226546889],[72.58971055206774,39.77556932264408],[72.60195517913418,39.78693115425181],[72.61581404579962,39.79251837414537],[72.61763341491188,39.799603888957236],[72.62499981949138,39.804165572410675],[72.6258515004053,39.80085243133236],[72.63529144327782,39.79640225908124],[72.65220925623899,39.79526521686365],[72.68112211669755,39.77973413751799],[72.68749863752979,39.77916784759317],[72.69340691950285,39.78714519620051],[72.70659250490375,39.787854137352504],[72.71424423996372,39.79547925093934],[72.73575941615618,39.79618820731433],[72.73924201230066,39.799648508839546],[72.74825834967685,39.80035302324109],[72.75380987289985,39.805877855129566],[72.7541666408515,39.81249959025299],[72.76666546042142,39.81249963637279],[72.7673655221344,39.82838737559342],[72.78130024275818,39.82980982352213],[72.78717735758525,39.833974645694255],[72.802084127389,39.82977418069008],[72.814636509368,39.833974632182446],[72.83749831855594,39.85416545212724],[72.84828484358233,39.84131429544425],[72.85242293634269,39.842018864038934],[72.87499932764094,39.862499526471794],[72.88090762659186,39.85452215807552],[72.88995516394897,39.85381320516251],[72.90035377378273,39.843383361438356],[72.89964481038727,39.83507601099271],[72.89166743097589,39.82083368528991],[72.89757577176128,39.812851911297805],[72.93992386931352,39.807978060788926],[72.94583218924183,39.80416556886434],[72.95084862639891,39.815817158059694],[72.95748376025654,39.817516068448185],[72.95923176642508,39.82433855645974],[72.97304604860797,39.82556920927456],[72.97916843144418,39.829167717815906],[72.9907576352848,39.82854342960226],[72.99288009999418,39.8202673540494],[73.00624853811412,39.824530254403925],[73.010288487949,39.821400001198164],[73.02304597986655,39.820267374947676],[73.03007795502154,39.8131238858004],[73.04166716223013,39.812499647295425],[73.0425188300445,39.815817150912885],[73.0574836238516,39.821685373399966],[73.05918251698495,39.8283160281649],[73.07841907600147,39.83806808686255],[73.08970948635827,39.83693102622278],[73.09583186587909,39.833332572399264],[73.11346314400336,39.800963912415995],[73.12703217399523,39.79230883800691],[73.13648547294407,39.79086849829953],[73.13846533156703,39.784295799046106],[73.14503361363491,39.78232045010549],[73.146884107843,39.7701916521885],[73.16579073301929,39.77941756092154],[73.16731120007806,39.7645330676204],[73.17499872453959,39.745831601727346],[73.19341034033725,39.75381339910908],[73.21075627113494,39.754517903795524],[73.21840810920136,39.76214748597741],[73.22742440063317,39.76285195690646],[73.24409254638189,39.77118606196308],[73.25174432156385,39.77881555072158],[73.27257723220605,39.787145162048056],[73.28137501307823,39.786931109334155],[73.30195824704175,39.76723525738922],[73.30927117404963,39.76609820217956],[73.34374006863885,39.79120743539359],[73.34778891699843,39.78806817735851],[73.36961622748095,39.786931154413686],[73.37083353354359,39.79166670011476],[73.37742408285479,39.79131445838166],[73.38091107909193,39.787854183813074],[73.39825699228803,39.78714517945108],[73.40208287215411,39.783346027898716],[73.41495188745084,39.7961882230049],[73.4309110280805,39.78785415379058],[73.43750153636672,39.78750189004125],[73.43871441233667,39.792233025441455],[73.44804286988013,39.79110039949365],[73.45342051347563,39.7869311549539],[73.47026699465081,39.80195829288429],[73.47153785055778,39.811580997875204],[73.4982567842997,39.82464619609904],[73.51007345480973,39.81702114589361],[73.52742377426642,39.81631212864742],[73.5333320922012,39.812499597253854],[73.52881499149184,39.80587788024578],[73.52951953941918,39.797575027880036],[73.54131387196065,39.78158915075664],[73.54166617014474,39.7708337575411],[73.54909943362316,39.770173841771665],[73.5541650020981,39.75416563678201],[73.56908959221057,39.75451795183854],[73.57257667409746,39.757978186671906],[73.58159297988566,39.758687209952896],[73.5941185261431,39.771186074693375],[73.62742359486157,39.770481514349456],[73.63924021097685,39.75868717732331],[73.66908940229108,39.75797820729788],[73.67328540657586,39.75381339243327],[73.68124938596199,39.75831709952582],[73.69340936168683,39.75035308396118],[73.70416475492716,39.75000089509183],[73.7003522171028,39.744092563629216],[73.69964762388646,39.73090699752686],[73.69201808587692,39.723259594017506],[73.69131355353505,39.714243346046494],[73.68297950050804,39.69757520108417],[73.654521543926,39.66909043753687],[73.65381257048519,39.664243432771386],[73.6461875150791,39.656591577932424],[73.6454785127878,39.643410515923854],[73.63297962079177,39.63088491647082],[73.63368866626439,39.622546376385415],[73.64166595532369,39.616664789328006],[73.64131364747085,39.605909487488425],[73.62118528390657,39.58158955816003],[73.6204807770691,39.564243633858844],[73.6128512503756,39.5565918077699],[73.61214222298634,39.54754426280641],[73.59825658271713,39.53785463443546],[73.5916660758291,39.537497955350005],[73.58137894588776,39.525565405500714],[73.55918596479529,39.515817775010255],[73.55748257864035,39.50918264860504],[73.54658012873396,39.50359984550634],[73.53924042336338,39.507978715594255],[73.52499804242969,39.495832117342815],[73.52464580611267,39.489241557412285],[73.52118551801833,39.48575900503174],[73.5208332753086,39.4708343932374],[73.46445679559812,39.46609878283277],[73.4508877484446,39.461791274698435],[73.44481896997372,39.45059004794891],[73.3936239732635,39.449430720777414],[73.37721002244669,39.433899623851886],[73.35482982980162,39.43243256383995],[73.35416545312644,39.42499927669926],[73.357482998621,39.42414761991741],[73.36306573713038,39.41324508835043],[73.36183057781813,39.40096027104015],[73.3522123394583,39.39223383564332],[73.32591254795908,39.391061018348175],[73.32408432039286,39.3839353751124],[73.26340934051615,39.37854437621781],[73.2532381081415,39.36320508408852],[73.22916792595946,39.35833126776014],[73.21495228984841,39.36285276511563],[73.2065914977323,39.354518699758174],[73.19757517814806,39.35381415166758],[73.19374925163048,39.35001505615209],[73.1899233500702,39.353814172490814],[73.1732864672959,39.3545187332148],[73.16495239664484,39.34964493493757],[73.16075634680784,39.353814143524126],[73.14757530448618,39.354518694594105],[73.13575867710256,39.366313059265885],[73.10661839849693,39.375351622560096],[73.08992355265356,39.36702206432929],[73.07257768419171,39.36631307863235],[73.06702606806277,39.36078821167619],[73.06631256224098,39.34337987990168],[73.05451832205661,39.331590061243105],[73.05381378484203,39.322573734089374],[73.05035348707847,39.31909116074951],[73.05088860847196,39.30903141255759],[73.07279167632954,39.288069215554444],[73.08125060142258,39.28380185889096],[73.08675315372487,39.28806923694163],[73.09804360563422,39.28276730759989],[73.11445754259196,39.26723182425171],[73.12012507279681,39.26577814122691],[73.12153860174033,39.25508520031793],[73.12695635801477,39.25056812351178],[73.13529047240887,39.246398940306136],[73.150001003618,39.24583257335981],[73.15066094920014,39.23839925393654],[73.15793823006705,39.23653093129734],[73.17037019867703,39.21875692652047],[73.16249984880514,39.20416678517103],[73.21075627113494,39.20451904133101],[73.24341028593842,39.22464737865349],[73.26492545546571,39.22952118270629],[73.28158907736947,39.23785528434102],[73.31007378987047,39.25797916247623],[73.32083365052208,39.258331457160864],[73.32204655106067,39.263067031179816],[73.36054189224323,39.257765158979375],[73.36998185175065,39.25331498562705],[73.3758857213337,39.23820751155753],[73.38661426987338,39.236789569067604],[73.3952649130043,39.22304214319597],[73.39654916492576,39.213343550743055],[73.40121782383727,39.212300117168866],[73.40758541176204,39.21723192262008],[73.41578576636897,39.21592989284299],[73.42083339390813,39.200001974675494],[73.4282667650458,39.20066187387108],[73.43007711806911,39.2077117042803],[73.45221212667239,39.208902309547064],[73.47846287460695,39.234270117000534],[73.47973368141267,39.243875059059164],[73.48842892027578,39.25346207776193],[73.49804275497694,39.25473296633213],[73.50612268323786,39.261934377883044],[73.51887566153624,39.26723183802047],[73.52499804242969,39.2749995628532],[73.53965959038982,39.274384190080156],[73.55200684608128,39.26728530668531],[73.56183020721753,39.26585394042842],[73.56249905819291,39.25000184835034],[73.57026684607297,39.24387501862488],[73.5720504614959,39.236932227846225],[73.58554367359024,39.238069289533925],[73.58945430823596,39.24110147722073],[73.61669057518841,39.24040583931427],[73.62179617796396,39.230132065932885],[73.62918937956306,39.22790702522069],[73.64262909471343,39.2051298810585],[73.64984836396934,39.20295835794303],[73.65769199854181,39.19380379409824],[73.66370725695047,39.17098214096806],[73.67286624114374,39.163143020368274],[73.68775080069474,39.16162247955127],[73.67916701410097,39.14583277115483],[73.70762493797505,39.132446553455004],[73.71249874598058,39.11666584490049],[73.71306509685877,39.1019552066684],[73.71619979828762,39.097915304643806],[73.70776762929556,39.08407871334147],[73.71758210814346,39.06727232610839],[73.73333172667027,39.066665896652616],[73.73368845427885,39.05591057580453],[73.73714867031927,39.05242355222534],[73.73750099164401,39.03333417270417],[73.74925518711125,39.028598550809505],[73.7645855056807,39.032865885384076],[73.77008804261988,39.02859854101005],[73.7865956424091,39.02981143268749],[73.78846847377245,39.03710206897745],[73.79362315733214,39.041097435908696],[73.81666787651452,39.04166817170832],[73.8170201473856,39.03507766071848],[73.84547806195702,38.998258865453884],[73.84618707701374,38.976743696513935],[73.84964731387707,38.973256677138004],[73.8503519169044,38.960075580386544],[73.8541688616764,38.95416722239037],[73.85085129335178,38.953315531206016],[73.84526403779954,38.93945663787817],[73.83806703745655,38.93137677778624],[73.8367917252094,38.92172282458466],[73.83001836989132,38.91998374930538],[73.8291666920955,38.916666196617484],[73.82173333678647,38.91732611958139],[73.81160677447046,38.93259860030048],[73.80341988376084,38.93390067754714],[73.79804213352705,38.92973582989173],[73.78871370709808,38.928598770778244],[73.78217219337604,38.94619886941676],[73.77304446932605,38.93806542545608],[73.7659188259024,38.93693284704115],[73.75739743535,38.942234673179556],[73.73815642977691,38.928206342202856],[73.73693461954973,38.91445451019364],[73.7324131030323,38.90903666070745],[73.71316315522937,38.9032666096695],[73.71193248331447,38.889456756371004],[73.70045917209154,38.877096148947565],[73.70359837915252,38.87304284468428],[73.70416475492716,38.85416747120629],[73.7145321061804,38.84647548410006],[73.7283954783627,38.845062005751],[73.72951920019973,38.835073578747995],[73.76631122541589,38.781591111336745],[73.76666789445056,38.77500056613495],[73.7583339001968,38.770831310742054],[73.7547353411365,38.76470894432167],[73.75359829330054,38.74362184341355],[73.74526429474226,38.73427111770559],[73.74685613618759,38.729856620434056],[73.76627109674322,38.72403305308646],[73.77026641873687,38.718878295170235],[73.77139906297091,38.69779121462241],[73.78008538796514,38.68391448800501],[73.79498321180435,38.674149082076724],[73.79668218971362,38.6675184076155],[73.80331729192947,38.66581503132774],[73.80452128406677,38.64757729148425],[73.81248518425721,38.639582139754935],[73.80035197917108,38.6232573785658],[73.79999967873025,38.612502041724206],[73.81075950519096,38.612145298982504],[73.82742320915808,38.60381120984448],[73.8434090622997,38.58785213241098],[73.85242533039734,38.58714758596564],[73.86007719115418,38.57951804946462],[73.86840682291465,38.582978325469874],[73.8991478720456,38.5824833282091],[73.9091852420903,38.55918454146175],[73.91471012332933,38.55776657235901],[73.92695476342101,38.54640028909689],[73.93659980491431,38.545174025921135],[73.93838788089174,38.538208927876084],[73.94911204366646,38.53679094377944],[73.94999943374806,38.53333509521798],[73.95758881132177,38.53806622538704],[73.96591839720088,38.5327643955672],[73.97425246575052,38.53806625281021],[73.98243937642978,38.5367641940657],[73.98840119794488,38.52566104925047],[73.99583447376695,38.525001035483676],[74.00752182376607,38.52568776970846],[74.00912713776138,38.53670619653777],[74.01882562297665,38.538115296634324],[74.02843055572662,38.546449331615875],[74.0479926122799,38.5452142056373],[74.05617510763487,38.53811527902081],[74.07500139316593,38.533335154676784],[74.08664856384891,38.538351587814645],[74.08684475358491,38.54795651096971],[74.0834246236892,38.55285259073924],[74.07178191493364,38.5584978578234],[74.07002054071731,38.569797182728166],[74.06327399676348,38.57187963440749],[74.06184258740217,38.58391472015482],[74.07017668172348,38.593711328789254],[74.07159019116358,38.611761786073224],[74.09378762353701,38.613157491224044],[74.10024432462714,38.617322287464916],[74.10857842429695,38.61184655126588],[74.11582445377952,38.616903164174616],[74.12118878522952,38.64825952195722],[74.12464460829455,38.65174208286406],[74.12535357909665,38.67328844036529],[74.13090956982023,38.67881333220853],[74.1499990369917,38.675000772494094],[74.1649236271449,38.675353030255245],[74.1691196057045,38.679517844102314],[74.17674024639145,38.67535305765518],[74.19828215501182,38.67464407433785],[74.21666699805229,38.6541678631727],[74.23575640444216,38.65452012770746],[74.25416803381363,38.66250193380271],[74.27742232936941,38.65798036121313],[74.28161833791357,38.65381109914669],[74.28995231982879,38.6586848809469],[74.2982596893254,38.65798039333478],[74.30245566430536,38.65381110403825],[74.31492332536558,38.654520085615104],[74.32328415127895,38.66285418535448],[74.33575628316302,38.662145170549344],[74.34999862015246,38.65416788342232],[74.35416788671671,38.654167821209406],[74.35482782228776,38.66160113949706],[74.36909245164239,38.662145209769314],[74.38090908412508,38.65452013870186],[74.38749965046324,38.654167865027354],[74.3999985451165,38.662501945661106],[74.40085022865286,38.65918433128926],[74.4125018417226,38.65416781373198],[74.41841016002006,38.646186030248785],[74.42916551264948,38.645833823001986],[74.43507381296908,38.63785201332969],[74.44340782485753,38.6336872144799],[74.45658899716256,38.63368717376929],[74.46078501588919,38.63785198635477],[74.47325710143824,38.63714743575725],[74.47745308088342,38.632978226916165],[74.48992523667067,38.633687201095164],[74.49375113652785,38.637486318152774],[74.49828598466455,38.63297823591463],[74.51459739317532,38.641668989771105],[74.52119245103832,38.630877991442276],[74.5371470606488,38.61909258357444],[74.53749939560865,38.612502035410756],[74.54487475311542,38.61184204946163],[74.55121558675597,38.599432357257356],[74.56887803288883,38.600569471163],[74.5782288254218,38.60889904753609],[74.59804505109139,38.59943239782926],[74.60624089877065,38.592128353258936],[74.61028970435129,38.59526761456769],[74.62083548975042,38.595833879787406],[74.62083548975042,38.599998724085935],[74.62742605319212,38.59964641954439],[74.6434074852259,38.58785208392793],[74.66492260476407,38.57881353699985],[74.68090847554451,38.56285436049338],[74.69408961955857,38.56214534785622],[74.69999791241798,38.55833286173293],[74.70869312823514,38.53921221178329],[74.71840958367181,38.52951813089649],[74.72742587974336,38.52951814823643],[74.73578222313051,38.53785217619605],[74.75242357226564,38.5371476450835],[74.7562495145219,38.53334850037745],[74.76078885159701,38.5378522107136],[74.78575979065673,38.53714764851095],[74.78924235167715,38.5336873811438],[74.7958329603414,38.53333512552436],[74.80501870687102,38.505015373998155],[74.81210416351664,38.503200536598385],[74.81609957452334,38.498045843922],[74.8178831660937,38.48693375488746],[74.82721165450882,38.48806637933527],[74.84091889783274,38.49640041344595],[74.8477903431202,38.49223559656032],[74.85833170321173,38.491664839092145],[74.85893366898388,38.47175047148931],[74.86600575452037,38.46993560163215],[74.86285317447997,38.44757767978858],[74.86631350506222,38.44409067797191],[74.86701796521409,38.43090956582874],[74.87498640872658,38.41874957752006],[74.87084840897867,38.41458480399949],[74.8753520488264,38.41004545493848],[74.874643073896,38.401711389477605],[74.86909153220812,38.39618656012682],[74.85833170321173,38.39583428754087],[74.8579794103356,38.38504773786602],[74.84202032586911,38.373257883971604],[74.84045064144597,38.35776694970514],[74.82174027465938,38.358966445370704],[74.8199834114238,38.36581564445364],[74.81335270072593,38.36751895867779],[74.81250100442709,38.37083213081037],[74.79673812321077,38.35768669661511],[74.79494555674411,38.35070822223148],[74.77916476676508,38.34583436580062],[74.78403415033088,38.32176419954862],[74.79937788569868,38.31159298445589],[74.80056849665678,38.28945795092537],[74.80416696789048,38.28333116499414],[74.80059973914491,38.28241703704022],[74.8000022032274,38.26249824062018],[74.7958329603414,38.25833347287851],[74.79639926794312,38.24362288293792],[74.80501870687102,38.221684114179915],[74.80833180685781,38.22083237746658],[74.8077654505826,38.210291098673494],[74.79943144462905,38.20093593339111],[74.80056849665678,38.185288919173345],[74.80473324715341,38.17991126132219],[74.79618520675244,38.1600771574289],[74.8038147383606,38.14825606879051],[74.80451928593706,38.139244260909784],[74.81631361009333,38.12742314070257],[74.81701810470665,38.110077222625705],[74.82081721867767,38.10625132198433],[74.81667920148826,38.10208206653499],[74.82047841246742,38.09825620631377],[74.82118735206895,38.08504831704707],[74.8309081676673,38.075354208526115],[74.85000211329877,38.07500193885883],[74.8503543339625,38.06840693222172],[74.85451917257367,38.06421092174775],[74.85381456979084,38.055908120096625],[74.85001549894704,38.05208222284614],[74.86605036901554,38.03549430628],[74.86745946701362,38.02579577977619],[74.8828656925646,38.020217466135904],[74.89258207233114,38.032725261390695],[74.9083316142998,38.033331690361855],[74.90918326179836,38.03001856039292],[74.91723190111556,38.02794950973717],[74.91609931021584,38.00195743120533],[74.91296901186395,37.99791747645758],[74.91723190111556,37.99241492834438],[74.91609931021584,37.97695524289518],[74.90879530644872,37.968759391233476],[74.92026417679482,37.948042441865795],[74.9204781662361,37.930910540706144],[74.91668349153811,37.927084659762215],[74.92118721053016,37.92254528816058],[74.91666565124768,37.90833414190441],[74.92286378609842,37.90064217303109],[74.93681635455587,37.8992197258068],[74.93749857080125,37.87916719660004],[74.93418548290798,37.8783154798081],[74.92877207022889,37.867635900689265],[74.92278796771969,37.86609753485958],[74.91249641117386,37.85676463953404],[74.92026417679482,37.84804261635654],[74.92140119876188,37.83528960902266],[74.9301410269192,37.82565346684417],[74.94493185797316,37.82433809601483],[74.95000191345375,37.80833433886202],[74.9607572311248,37.80868661249327],[74.96495323661442,37.81285138790904],[74.97325610804901,37.81214685147751],[74.98125128794128,37.80417850502546],[74.98507717841713,37.807982055656936],[74.9908160226255,37.80748263160551],[75.00513424646309,37.783729024040326],[75.01250059810569,37.77916737021273],[74.98125128794128,37.75001375187296],[74.97742530695085,37.75381295149948],[74.9666655658947,37.754165207211564],[74.96170705582621,37.725791914170244],[74.95200843415557,37.72438285489939],[74.94382603708719,37.71728400136673],[74.93366370957357,37.715803537558415],[74.92916452706183,37.7041653312477],[74.93333378741842,37.70000050702823],[74.93248208747775,37.6925181091296],[74.90501846979537,37.67831591093817],[74.90056827776331,37.66887599740718],[74.90061734338427,37.656171995650595],[74.90949093141352,37.637613231822364],[74.92438433854792,37.62716110975901],[74.92573549276055,37.613297768729275],[74.93811835139206,37.606965774878404],[74.93271389943244,37.59630405911719],[74.93398480105401,37.55933815787106],[74.94367441979779,37.55478539375166],[74.95752880219459,37.55342983115054],[74.95919653159426,37.5419966925873],[74.96450736100844,37.53811725141285],[74.9813270790436,37.53688210016957],[75.01569333983785,37.524231645679045],[75.02083472072894,37.5083349474774],[75.03090778090372,37.500353149293716],[75.04902960211037,37.50493267162309],[75.0553258689238,37.52071784406963],[75.06114054209935,37.52496736687746],[75.06777123739343,37.51279848012847],[75.07700600103232,37.50478547450217],[75.08679376512417,37.50335857389043],[75.08819390286834,37.4843271804407],[75.09490482271825,37.482405243646454],[75.09680439415878,37.47577015858131],[75.1208344719678,37.470833900700335],[75.13013616810049,37.446228548505815],[75.14081569941041,37.44081520697897],[75.14583225598695,37.429168050204765],[75.14929248062874,37.42828073475274],[75.15416625624444,37.41249995700488],[75.15331457221001,37.4091823874371],[75.13529087125184,37.39943478855053],[75.10000159983898,37.370834099089016],[75.12026822613917,37.33970954823073],[75.12140080485725,37.33112135918329],[75.12953423318137,37.32199802952797],[75.12499929206207,37.32083416905344],[75.12499929206207,37.316664981374466],[75.07674293971765,37.3163126948307],[75.0520840943153,37.30417948097454],[75.04412015309907,37.308687606433736],[75.01909123033872,37.296188783203974],[74.9892419711435,37.291314940804384],[74.98575937007968,37.28785468468319],[74.97328731769623,37.28714568160946],[74.96874794508972,37.29165383722149],[74.96078398431428,37.28714571926223],[74.95208423893216,37.29581862916691],[74.94825837230637,37.2920194707789],[74.94166779625787,37.291667210301604],[74.93554547502106,37.283899514219584],[74.91706250804793,37.27820074339493],[74.91296901186395,37.272916698583266],[74.91723190111556,37.26741413467718],[74.91605916941614,37.23841221991236],[74.90872840212207,37.23653041061165],[74.90416680062546,37.22916844921145],[74.8916678879911,37.229168481962226],[74.8916678879911,37.22499918865401],[74.85591034375493,37.224646973879544],[74.84412053300927,37.21631286721958],[74.83578647848643,37.22118669733813],[74.83159046690362,37.217021883367714],[74.81007531517918,37.21702187111636],[74.8003544408233,37.22671600097003],[74.79964541238407,37.24409310891732],[74.79412063583435,37.24964465869544],[74.78507757119668,37.250353694876594],[74.74999781416152,37.28749796614438],[74.74408948624578,37.28368541525341],[74.7142402769215,37.282980929489085],[74.69825888710565,37.267021750602304],[74.67916496672915,37.266665051251856],[74.67881274326065,37.24757564621884],[74.67535246395397,37.24409306325228],[74.67500023258512,37.23749803792675],[74.66424034292318,37.23714578479034],[74.66075779006681,37.23368555628926],[74.65416726028458,37.23333323024131],[74.65323980027584,37.23657501983144],[74.64660019733248,37.238470132070915],[74.64521783375535,37.247994803910665],[74.63702206084487,37.257439178203754],[74.62869686662056,37.258950808938515],[74.62299368031543,37.25478601097034],[74.59248009235868,37.25349734305418],[74.59104867302146,37.243673924734054],[74.58254517527921,37.23408687773531],[74.57009537891417,37.23271788963938],[74.56049492643001,37.241047514807164],[74.54166862356114,37.245832108417396],[74.4999983261044,37.233333299046535],[74.49943201857572,37.22278747529908],[74.49498179531214,37.21335203692573],[74.4883511412188,37.211648627023244],[74.48664780773333,37.20501799346739],[74.48001710711084,37.203314634906604],[74.47916535730747,37.20000147159274],[74.4708313348273,37.20000148945125],[74.47118809624324,37.19337973555143],[74.49131197069092,37.17742507558443],[74.48670575729344,37.16329419249725],[74.47700716723841,37.16188062794916],[74.47199069499058,37.158219745215],[74.46655058864535,37.14699170934278],[74.45825666560827,37.14461942004337],[74.46188192296243,37.13966093299638],[74.46250174757192,37.12916868865078],[74.49074125321269,37.12018360227706],[74.48785615941637,37.08921511622875],[74.4999983261044,37.079168761468054],[74.50035502826451,37.06838220546662],[74.50624994262859,37.06251399950535],[74.51840996784816,37.074647259975485],[74.53162672536298,37.07880760450606],[74.5371470606488,37.07325597625428],[74.54202085996391,37.04754485557373],[74.55797999586484,37.03575939162646],[74.55833228857703,37.033333704694726],[74.53534112045229,37.02438428279743],[74.52715872509114,37.01728533325406],[74.516251724611,37.0156979496647],[74.53688403824728,36.98966123004176],[74.54166862356114,36.96250084027341],[74.51445468824879,36.963067157993514],[74.50501927359372,36.967517339301],[74.49543669511891,36.98653093512989],[74.48554193329583,36.99110151327107],[74.47278890774344,36.992234105739314],[74.46054414978077,37.00360038295125],[74.43006625782047,37.00899587765001],[74.42695822482337,37.01193442738364],[74.41296115898089,36.993759119490605],[74.41723291367893,36.980381843443126],[74.40195609593783,36.97443337173137],[74.39387612791887,36.96723194749402],[74.35612092741759,36.966099297854676],[74.34166454058872,36.95833157091239],[74.32831403051497,36.938350388421235],[74.32154065864555,36.93661128269559],[74.32012261511196,36.92588713565557],[74.31334929425745,36.92414809264641],[74.30833278439765,36.91250093986487],[74.27278929216533,36.91193461627517],[74.26054456418466,36.90056841315114],[74.23454805531937,36.89526655065721],[74.23333513095176,36.90000211339866],[74.22161214081585,36.90072000643721],[74.22083179958169,36.90833166172854],[74.20590723770171,36.9086883830532],[74.20242471082464,36.91214872055228],[74.18924352085567,36.91285322211863],[74.18575655932673,36.916313499898365],[74.17083194121584,36.91666574614434],[74.1702165808582,36.90517466942375],[74.15482823622527,36.89493205988777],[74.15416829516028,36.88749879577326],[74.14251662647972,36.88248227173257],[74.14081773916008,36.875851593945946],[74.12978592982077,36.86984069875264],[74.12859982818385,36.847790490079625],[74.12400248201749,36.842279000378205],[74.07425225696645,36.83693257312221],[74.06874971664188,36.84119989800699],[74.0550558620772,36.83678984202922],[74.05331683216392,36.83001652641123],[74.0499991849943,36.82916478299507],[74.02278978291665,36.82973560583996],[74.00758871211826,36.838065136226334],[73.99925465585518,36.83276777287521],[73.99387700784978,36.836932549716785],[73.97278989783595,36.83806517145015],[73.95923866774015,36.850644335528926],[73.95748181590623,36.85748453384591],[73.9541686954947,36.85833178493241],[73.95381191797875,36.86492235249892],[73.94583465634595,36.8749998940913],[73.93090996296522,36.875352160064395],[73.92742299780821,36.87881242763039],[73.91840668617795,36.87952145124455],[73.91075934864647,36.88714647408791],[73.89999951566148,36.891668050824634],[73.90415092228133,36.89791521482967],[73.89166548537435,36.912500953308296],[73.85590789087354,36.91701801709252],[73.85242533039734,36.92047825394707],[73.82987567597476,36.91994764549764],[73.82860040061446,36.91028923010335],[73.81992301502956,36.89229230411087],[73.79906331946809,36.89109730359051],[73.78959221800308,36.89953833509987],[73.77842208600887,36.895266548306644],[73.752082189572,36.90786350618691],[73.74804224289856,36.904733221187385],[73.73258702320382,36.90360059907939],[73.727209345684,36.907765391816355],[73.70612222793262,36.90890241375298],[73.7022116633044,36.91193465153887],[73.66424239708982,36.91214865825546],[73.63992246570145,36.90035436563256],[73.6191207180976,36.89964535579467],[73.60659066636455,36.907979445834215],[73.60000015542784,36.908331679809855],[73.59387772996243,36.9005684137017],[73.5800188993421,36.89498112850014],[73.57825305394948,36.88810968055164],[73.54674503974977,36.886892354205955],[73.54166617014472,36.87499992751121],[73.52674150912479,36.87952143708361],[73.51249917907484,36.895832820874745],[73.50195790215174,36.89526652073208],[73.49791789694758,36.89213622744157],[73.48421956130282,36.89654184302209],[73.48333219167876,36.90000209384053],[73.4690898099327,36.89202028537067],[73.4607869392812,36.89131131894394],[73.45625210373855,36.89581942870638],[73.45242620224464,36.892020263485094],[73.43162003786497,36.89618507469714],[73.42742394261487,36.89202032129935],[73.41495188745084,36.8913113079478],[73.41075582579138,36.89548053867892],[73.39828379220934,36.89618513747052],[73.38992295450383,36.88785553201411],[73.36424296369985,36.88298169351185],[73.36075596910905,36.87952140661717],[73.33994977106634,36.878812423308396],[73.32745090298494,36.88785549420287],[73.31075602450596,36.8711873495656],[73.30000070827495,36.87083514479276],[73.29494406489617,36.88262496504221],[73.28529013426396,36.88390030982689],[73.27304542060529,36.891097220420036],[73.26175499242986,36.89223433622583],[73.25416565644868,36.883333951871336],[73.24341028593842,36.88368621698542],[73.23992326435244,36.88714647960765],[73.2124997463436,36.887498763380755],[73.2065914977323,36.8795214316772],[73.18162050067002,36.87464767773275],[73.17742449010689,36.878812461177375],[73.16840817349038,36.879521430362416],[73.15242226524276,36.89131129677913],[73.14411948032466,36.89202027880534],[73.11875160557805,36.87918257326853],[73.11492569995372,36.88298170454366],[73.10174020732475,36.88368623678649],[73.09825757411616,36.88714651874568],[73.08162066049353,36.887855502068085],[73.07742470159205,36.883686275829895],[73.06250010537127,36.883333981410175],[73.0666649021746,36.87083509734143],[73.04256792132529,36.86600591866257],[73.04044978076993,36.857765437446474],[73.02695655242474,36.8589025473133],[73.02157887894651,36.86306734815818],[73.00195437096271,36.86193474683954],[72.99791445775591,36.858800025250154],[72.97695664323679,36.867232138963885],[72.95908011507854,36.8797355012162],[72.93749804989532,36.85833181728019],[72.93714578631057,36.85171445257501],[72.93158979343711,36.84618518075977],[72.90174059963495,36.84548068789791],[72.8874981922618,36.837498842957],[72.84925250533819,36.84639925472003],[72.83675365034168,36.84109734206877],[72.83125105870043,36.84536470009227],[72.8157289979221,36.84109739986049],[72.80637826715062,36.849431412422575],[72.79925261395506,36.85056846942428],[72.79387938423346,36.846399258627585],[72.77204757919968,36.84526662513516],[72.7699473376697,36.853457999823675],[72.75000182107684,36.858331779711044],[72.74486489448839,36.850394548892055],[72.72168206801213,36.83664714795572],[72.7208348583921,36.83333407823397],[72.71424423996372,36.83368633458751],[72.70659250490375,36.84131143870841],[72.67257401034674,36.84202037532484],[72.6690913924755,36.84548065781598],[72.61424000996499,36.845480645043075],[72.60624931039303,36.837512258771184],[72.59828534431468,36.84202042110521],[72.59408935281911,36.837851113643076],[72.57257419319092,36.83714663492531],[72.56424015249875,36.8329818048657],[72.54639927829629,36.81470840007903],[72.54494558583667,36.80904084909548],[72.52172259788678,36.803458113911624],[72.51998352597647,36.79668472253365],[72.51445427324646,36.79526673539249],[72.49387548650041,36.775566418396195],[72.46758014833448,36.77438476019654],[72.46666610598125,36.770835329663306],[72.45833205114423,36.77083533023372],[72.434185958676,36.78001656472158],[72.4333342871147,36.78333413202357],[72.41007562285432,36.78298189361503],[72.40659303031113,36.779521605727105],[72.39166844221296,36.77916488241456],[72.3871424264233,36.76837834708671],[72.37671711325991,36.75797968989537],[72.35591090413195,36.758688689780364],[72.34338080511105,36.76701834987285],[72.3350735775374,36.76631379259857],[72.32826893976852,36.75899640746145],[72.32083116885032,36.75833201190993],[72.31581472931836,36.746684795744876],[72.30491216053086,36.7410975317325],[72.27278879795017,36.74639941831106],[72.26887819522673,36.74943165419362],[72.2458335081494,36.749997899790564],[72.24490607561364,36.746760584635034],[72.22993688962424,36.74069625052447],[72.22837171225467,36.729958733510486],[72.21867313086479,36.728549673880416],[72.20906829287738,36.72021556224019],[72.20207641842184,36.724442829131014],[72.1938270894124,36.71728596652342],[72.18333481305316,36.716666177791055],[72.18390111803015,36.70612479695876],[72.19526737953842,36.69387570468248],[72.19654264071893,36.68422169776587],[72.19999849670127,36.68333433985352],[72.19915125554348,36.659183875005475],[72.18507385200652,36.65797994617822],[72.1774532549456,36.6538151346431],[72.1732571812275,36.65797992352796],[72.15174206782659,36.65797993377682],[72.13575615705167,36.64618561483578],[72.11078517481985,36.64548108279213],[72.10658922116664,36.649645832541225],[72.09583387184512,36.64999811054233],[72.08806610054627,36.631376885837746],[72.08689785686406,36.59674755059769],[72.08333496527563,36.59583340540264],[72.08333496527563,36.591668601964784],[72.03507416721708,36.59131194000984],[72.01495466318012,36.55869353850191],[72.00658937542094,36.55451983498936],[71.9934082743028,36.553815321150516],[71.98992574999274,36.55035502591518],[71.97257538510418,36.54964604286434],[71.96666710841241,36.54583356346292],[71.96666710841241,36.54166869351698],[71.96007648524298,36.54202100172683],[71.95658950871363,36.54548125095589],[71.92500122582649,36.54583353548957],[71.92443496988034,36.53528778546718],[71.9213001907113,36.53124783014911],[71.92453302449884,36.527082985642004],[71.92012741057243,36.51342028321936],[71.89657896198253,36.49943216745407],[71.8686248271784,36.500569225335845],[71.86458483977488,36.503699511888854],[71.85907783714794,36.49943213016285],[71.84778740201358,36.50056916016367],[71.82991539164392,36.508898832639325],[71.80895759645311,36.503258057295874],[71.80776702209837,36.48112307006327],[71.79943296775998,36.47177228277058],[71.80073053471382,36.463398137755256],[71.81210571532026,36.45736494937732],[71.82500145694472,36.433334884029165],[71.82464467410819,36.42257506413032],[71.81701966850576,36.41492323977974],[71.80833330784776,36.39583385643921],[71.76751916793022,36.41751842043229],[71.76581574751772,36.424149089270465],[71.74680220853263,36.43372728694256],[71.744982829438,36.44081723009399],[71.6769548482803,36.46306812680911],[71.6675862326983,36.47141561292284],[71.66581602546026,36.4783138639844],[71.63750066818288,36.47500067421794],[71.63693435835461,36.45612087594295],[71.63276509356227,36.443621972539354],[71.62556812387335,36.43554210011798],[71.62443102662994,36.42278911251398],[71.61723406019883,36.414709198835695],[71.6159632031321,36.40508645424299],[71.59668209790992,36.39498211157034],[71.5949831416155,36.3883514918629],[71.56706473680782,36.37819810851855],[71.56193226516703,36.37158075800325],[71.56323882184383,36.36338045611875],[71.57043584250513,36.36153445175708],[71.57584917473267,36.350850407144044],[71.58248432912944,36.34914700873871],[71.58297928472045,36.330909312746456],[71.5791667680114,36.325001046901164],[71.56025124791793,36.325531673624276],[71.54489405191849,36.32969645265154],[71.53958329414309,36.32539783102229],[71.52600083470189,36.33381667289719],[71.52052957327689,36.332113287436904],[71.52460520070498,36.32708343350161],[71.52030215691646,36.314419536853215],[71.5030097477426,36.29638246873181],[71.48333176648833,36.29583406963083],[71.47827958256978,36.27987491425386],[71.45508781425761,36.27429656955495],[71.45056624370851,36.26887874621516],[71.44943364539861,36.2561212863826],[71.44223223628231,36.248045872158386],[71.43664942975336,36.230017671407616],[71.43001876023374,36.22831435840088],[71.42916702095995,36.225001190928054],[71.42257643668508,36.22464449520491],[71.41492468502065,36.217019380586564],[71.40590837943866,36.216314860499146],[71.39409177090604,36.20452055974144],[71.36840734516682,36.203811522464555],[71.36492477507326,36.20035128509467],[71.35833420442064,36.19999900219416],[71.35798191630684,36.180909620003966],[71.35000016254497,36.166667267912494],[71.32279073717785,36.16610093948824],[71.31028736430603,36.16193166237349],[71.27720977994478,36.13806659351732],[71.2700885601813,36.13693398572321],[71.2615404730331,36.14223582898634],[71.25070484399609,36.13240352424413],[71.24526479891281,36.11029086587109],[71.24140321818608,36.105305598811064],[71.2503169257817,36.10301801276098],[71.24487234335992,36.09648988672264],[71.23112499731275,36.09526812747252],[71.21737308116583,36.086613012338205],[71.21609782395636,36.076954598832174],[71.20045974201241,36.052090613783726],[71.20416527747747,36.04166529999197],[71.19340989034738,36.03714815592265],[71.18750155745171,36.02916638372152],[71.17257694948357,36.028814147658565],[71.14166648922831,36.016667516851214],[71.13714495649218,36.0100457757151],[71.14201879545686,36.001711701289175],[71.14131418268747,35.989244035955494],[71.12880646384427,35.96837551235915],[71.11840778698325,35.96214612169325],[71.09498416480872,35.938352352263514],[71.07916775514236,35.92916657707396],[71.07556923056683,35.92304429533783],[71.07436079887636,35.90507408685661],[71.0708336848283,35.90416888383569],[71.07499842907067,35.88333151286397],[71.07168531637217,35.88248424858644],[71.06609808413528,35.86862092345542],[71.05775068931916,35.85925238379568],[71.04387843162745,35.850566007717525],[71.03675273431689,35.84943344377839],[71.0291678641646,35.85416454939568],[71.02881555064388,35.8058814121814],[71.01492545397424,35.79201802986872],[70.9916667935138,35.783331675769986],[70.99131453904837,35.772576369714635],[70.97881121935524,35.75588146417922],[70.97952019300145,35.7350752756823],[70.98298042443083,35.73159273396359],[70.9836894817737,35.72254520609718],[70.99757508355123,35.712851139758634],[71.00833487567374,35.712498896901735],[71.01249970666049,35.683331878261015],[71.00590918076587,35.68297967440219],[70.99409257082205,35.67535457308568],[70.98507621237546,35.67464553311977],[70.97499868570965,35.666668257005284],[70.97499868570965,35.65000014346688],[70.96840811667703,35.649647865912236],[70.95869172714403,35.63995374918818],[70.95000096376344,35.6208331870648],[70.93090709523524,35.62118543626469],[70.91075641642033,35.632979759911876],[70.88333293209764,35.63333197592633],[70.88702952591117,35.622915567819454],[70.8824812841424,35.61335079637281],[70.87585056597766,35.61164738423505],[70.87499890353406,35.60833429880029],[70.87973446330301,35.607116937333146],[70.87859732035524,35.593623711020896],[70.87443254891195,35.58824607090121],[70.87556516670993,35.57279081268297],[70.88286474364664,35.560416813322355],[70.87859732035525,35.55491428021898],[70.87973446330302,35.54362380607988],[70.88693146211767,35.53137912361691],[70.88688238485477,35.5051551177654],[70.87570786636691,35.4991130971141],[70.87428984884191,35.48838890621074],[70.867516486568,35.4866499121483],[70.86250001471875,35.47499827824142],[70.85637767567174,35.47860120012385],[70.83112128632567,35.479733842455204],[70.8133518237121,35.48834880348219],[70.81164844005917,35.494983969349775],[70.79362469908261,35.50473598324283],[70.78749797430359,35.51249931961017],[70.76492593481271,35.49618789436477],[70.74362485029765,35.49223267461282],[70.73418495488757,35.49668282911173],[70.7327669486057,35.50221211792139],[70.7047325403681,35.53112497603575],[70.69960456291314,35.54069863892478],[70.6874981236286,35.545835518764825],[70.67278753058982,35.54109991825872],[70.66341901238324,35.53275254802359],[70.65737245307058,35.52148885473981],[70.64256826979829,35.52017338020892],[70.63688287663285,35.51349810265124],[70.64931933258876,35.51168770495824],[70.65061687353878,35.48702886698264],[70.64521693473023,35.47453007841859],[70.64938177728033,35.46882689425005],[70.6488645207918,35.462236271700405],[70.64374992358414,35.46619595321257],[70.63970992464712,35.46306571111579],[70.60519208286071,35.46190187708058],[70.59493160655825,35.446495659868205],[70.57674296815817,35.445478992227486],[70.5708346863931,35.44166646919613],[70.56992945661263,35.4451935972275],[70.55195488037249,35.44640206734955],[70.54583251789049,35.45000050582595],[70.55056802526525,35.484081392810886],[70.54223401479074,35.497788718963314],[70.54110141474271,35.514711023987026],[70.53723534050849,35.5196962793318],[70.55637823014764,35.52556888901314],[70.56248721146552,35.530661220475],[70.5589020803775,35.53528973505473],[70.55776506934328,35.56128632329044],[70.565813690681,35.56335089601827],[70.56666536895321,35.566668436261764],[70.56193427884783,35.58137900662294],[70.53842142026654,35.60058433055737],[70.53661102478232,35.60762524679104],[70.5269571383074,35.60890063467041],[70.51471246730674,35.62026685496805],[70.50505399354378,35.62154217784992],[70.50056819152428,35.631124764696196],[70.50000184593569,35.650000141903746],[70.50035410969598,35.65659063792974],[70.50381436211791,35.660077705784936],[70.50350667812997,35.678266344779274],[70.49915014743974,35.6824802166174],[70.49166783314962,35.68333192054949],[70.49081612101988,35.680018816645266],[70.47157955053937,35.67026673250776],[70.46471252911896,35.674431566278024],[70.45195502418713,35.67556856928559],[70.44387512471141,35.68276563013017],[70.42695730623915,35.68390270848676],[70.41054337776552,35.69526448885081],[70.39362106505828,35.70056630768612],[70.37721158097722,35.71609734317491],[70.3708351036827,35.71666811719268],[70.36998338157278,35.713350591304014],[70.34206044982268,35.699032424448085],[70.33796707504193,35.69374839527865],[70.3416056419652,35.68905735947837],[70.3147083909721,35.66306526383238],[70.30918356426125,35.661647332711084],[70.30736422509104,35.65456181616915],[70.30220952046086,35.65056641816324],[70.28090840975563,35.65035240718312],[70.26702277107297,35.66421131460565],[70.26631376628124,35.67742363569485],[70.25868868607343,35.685075424269726],[70.2579796711924,35.69754750806066],[70.2621444628363,35.70174350447376],[70.26311660358228,35.73965924299238],[70.26763813131123,35.74923298484601],[70.27841577673782,35.75080254035197],[70.27978470988232,35.763234507534804],[70.27138822703277,35.77291078028769],[70.27561541194302,35.77990267714404],[70.26728580927038,35.789507551752905],[70.26605063681804,35.79630320718063],[70.27561541194302,35.82130092988681],[70.27021546184676,35.831967102232205],[70.29100825930077,35.84266897563039],[70.29166818882952,35.858333816328255],[70.27257434146702,35.85868609863368],[70.26458357662528,35.86665448391905],[70.26041880231516,35.86251640795656],[70.2399247546922,35.87464516100814],[70.20591071828188,35.87951899899881],[70.19825897532293,35.88714851964247],[70.19166841588314,35.88750074121141],[70.18821704608109,35.88646181720766],[70.18255840701539,35.85074887274008],[70.16634517031845,35.84935758849223],[70.1604680312568,35.85352242528441],[70.14999805547679,35.854164521597674],[70.1297359447775,35.8313784839282],[70.1237830562956,35.81609717785169],[70.11445455622734,35.81723422294479],[70.1090813398209,35.82139908402521],[70.09999820000664,35.812498720125035],[70.0642406735416,35.812855413182795],[70.04654693991532,35.82415480191151],[70.04526717006806,35.81445619375111],[70.04074566027084,35.809038393744295],[70.03005275747904,35.807624913295584],[70.02025160505747,35.79258436494285],[70.0083324183565,35.78750092256262],[69.99508445191188,35.7922320374836],[69.98871689319157,35.78730034392461],[69.98404816066684,35.7883437681907],[69.97826915298037,35.807673944124275],[69.9666666476176,35.80833390255066],[69.96179285059054,35.79255311417799],[69.95501942117647,35.79081407422681],[69.95320014927488,35.783728592332196],[69.94804536850091,35.77973320156852],[69.91666668816376,35.77916687138787],[69.91581498357556,35.77584933826712],[69.90900594539252,35.77410581368512],[69.90776636182147,35.76175411276839],[69.91306820214335,35.75322830867262],[69.9035837512526,35.742584450620264],[69.89668544463579,35.74081419730025],[69.89526744218958,35.73528935513149],[69.8732573800165,35.71285111865558],[69.84757741970691,35.70798178636463],[69.83995231350934,35.70381258272096],[69.83159148350315,35.7121465914524],[69.81666689532419,35.71249885734153],[69.81604266425181,35.700909719506754],[69.80039564031712,35.69486757741566],[69.79640030513575,35.689708451478985],[69.78806627025486,35.673044789504914],[69.78693365051711,35.65195767263326],[69.77859960599237,35.64260248102673],[69.78418239848169,35.625849678036545],[69.78749991514374,35.62499791783254],[69.7871477040476,35.614242577133496],[69.77535331321108,35.60242595074415],[69.7746487891126,35.5809108035685],[69.76631470602759,35.572549996040756],[69.77047953156885,35.56492495636762],[69.77083184099583,35.554165164996064],[69.74409060510472,35.53785374298832],[69.70245148202594,35.53297994351984],[69.69825994718745,35.53714471462908],[69.68411120374263,35.53674785476899],[69.68270217972263,35.524605727654034],[69.68692042702338,35.51874203089802],[69.67500123128033,35.50416521039603],[69.66909297838527,35.50035273342196],[69.64757336992643,35.499648152203235],[69.6437519291054,35.495849015856244],[69.63992601702384,35.49964817477455],[69.62745389165435,35.50035273518319],[69.62325790082134,35.49618792126931],[69.61666727791905,35.49583116718954],[69.60868555442465,35.48575806280664],[69.60833326819136,35.47916749359286],[69.59804163109665,35.47139977174495],[69.58423183694573,35.47017350429858],[69.57402938936633,35.45482082584521],[69.56029087828041,35.453598992341135],[69.55625095695494,35.45046875663097],[69.53554284980144,35.46609788563772],[69.48675136733178,35.47139971060824],[69.46471008213234,35.45890086213579],[69.44166547253229,35.45416532760423],[69.44113481488166,35.44775314458179],[69.42863591258616,35.43010850911833],[69.43333140661062,35.420833546259956],[69.40590785995673,35.42535504136319],[69.39374790421228,35.43331900681338],[69.38159245047342,35.425355044100435],[69.35833371941146,35.42083352129982],[69.34914803632402,35.400852316213424],[69.32695506827432,35.40473172881841],[69.32008806437848,35.40890097371302],[69.31458546581767,35.40463363914288],[69.31054559695578,35.40776392829978],[69.29508586078498,35.408900993612754],[69.28971264657058,35.40473172173259],[69.27589832557945,35.40350550491971],[69.27043590397368,35.39263415782942],[69.26666798765301,35.391666543466265],[69.26164705231523,35.40331372392017],[69.2548737141416,35.40505279581862],[69.24999987838187,35.42083350582806],[69.24166578696527,35.420833544869964],[69.24081409505855,35.417515946648614],[69.2174127655453,35.40776394131137],[69.20098994276871,35.408972354340115],[69.19166594049992,35.42083358667107],[69.17257655255912,35.42048125746127],[69.15834753829989,35.40208305441477],[69.16248556328486,35.39791376423483],[69.15245261904856,35.387853999769895],[69.12674143097996,35.38714507304463],[69.11076003709094,35.379520013784536],[69.10000020491002,35.3791676784913],[69.09914851767682,35.37585010622754],[69.08137894449608,35.367235137736344],[69.06666836306546,35.36666883386213],[69.05798211229235,35.34757495914664],[69.0503525443738,35.339923157635525],[69.05000027108095,35.32499857034401],[69.03834865104584,35.31998202802266],[69.03276589355211,35.30612319560042],[69.02129261346919,35.293762568282624],[69.02556889539393,35.27841876099596],[69.0213995797695,35.27304552957906],[69.02083327681501,35.25000091666799],[69.0093332664906,35.245350116611405],[69.00494106339572,35.24671901762693],[69.0038129036004,35.25659143877363],[68.99828806651372,35.26214306780089],[68.98333226360633,35.26666461447293],[68.97329037781121,35.27880675851329],[68.9559088074126,35.274646358487274],[68.95242627072196,35.27118608334596],[68.94362393709403,35.27140015100716],[68.93554407495249,35.2786015810332],[68.92841846558468,35.27973418261661],[68.92304522494193,35.27556940458177],[68.89508670097432,35.27443237407535],[68.8675160503811,35.2883492230735],[68.86210272327277,35.29903319471225],[68.8541654581807,35.30000085516774],[68.84502878258088,35.27156957037326],[68.8124996587062,35.26666459113677],[68.80331388776659,35.25085259848862],[68.80000076553253,35.250000904258776],[68.80415224229321,35.24374927455918],[68.8003530823188,35.23992333771219],[68.7996440822623,35.222546222397],[68.79409251608033,35.217021432563286],[68.77499861779971,35.21666472729172],[68.77408893505995,35.21312414602812],[68.75195399017193,35.211933578496634],[68.7380995630391,35.20741648109601],[68.7375019849459,35.18750218463197],[68.72674219373705,35.18714539524438],[68.71495231209447,35.17881136033491],[68.70833505158294,35.183332885963125],[68.68785440258044,35.16075645910476],[68.68297618156103,35.143379369701634],[68.67325974724338,35.13368528071981],[68.66007418330278,35.13368529616561],[68.65659161203476,35.13714550776741],[68.61862237057503,35.13693151513542],[68.60061654079632,35.11981743841041],[68.59943489620633,35.09704932861083],[68.61188022212565,35.09067724206023],[68.61158592610552,35.07560544679573],[68.58112132605378,35.07443273020662],[68.57574809141751,35.070267907055296],[68.56471185675277,35.074432758903676],[68.55174032239151,35.07464679606653],[68.5434106920434,35.07048198851914],[68.53749794996313,35.062500174441794],[68.5142437612906,35.06214787915805],[68.51041784945893,35.05834879136299],[68.5065919358587,35.062147914640796],[68.48090755469597,35.067021756146424],[68.4649260851206,35.0746467973941],[68.42674278775579,35.07464679715652],[68.40659216511338,35.062852466495904],[68.38924173439285,35.062147915669264],[68.37499936197435,35.05416609388303],[68.36751705132296,35.05501778228214],[68.36575568891335,35.06187592897562],[68.3436207139838,35.06306647794839],[68.32721124336967,35.07443275455774],[68.30833136949495,35.07499901211161],[68.30242311729889,35.071186522524414],[68.27674311884819,35.07048197326527],[68.2708347900837,35.066664962455086],[68.27047807978443,35.06007441691791],[68.2628529793172,35.04825778452297],[68.2616490261891,35.03418491586099],[68.24387504256502,35.02556546472467],[68.19166794153996,35.024999112819295],[68.19202019050455,35.01424376248048],[68.19583270461453,35.00833545056408],[68.2036004773256,35.00220864595742],[68.20918325416744,34.98834980243306],[68.21626883056452,34.986530505225865],[68.22026412505244,34.9813757923339],[68.22570426831285,34.95508489812422],[68.23664688379736,34.94914985925938],[68.2425195291948,34.93418509766161],[68.24960504558234,34.93236579034376],[68.25360035686936,34.92721104538297],[68.2547329852271,34.897789889426384],[68.25890224143582,34.89241226282759],[68.25776515483678,34.87695699438651],[68.2547329852271,34.873041937154966],[68.25360035686936,34.85195478699248],[68.24943110306806,34.839455977130505],[68.24110151688576,34.83010520526942],[68.2477902030646,34.821401059169894],[68.25741290273935,34.82013016921506],[68.26193441237517,34.814712426595705],[68.26630881868417,34.793375581032976],[68.2524231513194,34.783685970567326],[68.2392420989189,34.78298142595736],[68.22325616240661,34.775351898624045],[68.205910296427,34.77464736742289],[68.18575958685807,34.75868826901296],[68.17742552912112,34.75451899233404],[68.16007515458463,34.753814411535],[68.15416692478107,34.74583263487422],[68.14791518915465,34.749984100750225],[68.14166801012873,34.74583268063757],[68.1374987406681,34.7500019131526],[68.1368388265253,34.74256411799588],[68.12978009816614,34.740753723615356],[68.12855824933087,34.713521996901655],[68.1147082874121,34.700568316898455],[68.09166814785806,34.68749872748284],[68.08751666656194,34.68125151249527],[68.09165031744799,34.67708225009146],[68.0871465949918,34.672547357339184],[68.08785116835328,34.651741162991634],[68.09202038944511,34.647545129798985],[68.09131135772896,34.63090827301911],[68.07952156388048,34.614922379851755],[68.0788125344677,34.601714501471555],[68.05868858274361,34.58992467296363],[68.05797964836087,34.585077585227694],[68.050354587398,34.57742582611965],[68.04999780129233,34.57083524163414],[68.03162191243256,34.56631375769267],[68.01492251242648,34.57464773411996],[68.00416721143519,34.575000053931596],[68.00326643510235,34.578504877680146],[67.99340740047084,34.579521556791704],[67.9791649941781,34.58749891237875],[67.97881276469997,34.594089462537085],[67.97328789830016,34.59964547950958],[67.95612480524102,34.60473330227268],[67.94999805367907,34.612501117129526],[67.92695784599809,34.61193474792612],[67.91338876447625,34.607622795599866],[67.9116898828737,34.601005485510235],[67.90758750173795,34.59943141808036],[67.8897109618939,34.60776550148382],[67.8673753072109,34.60921915821085],[67.86250153928688,34.624999955415745],[67.83090877822204,34.62535221751559],[67.8149229680813,34.637146563070615],[67.78333467952562,34.637498821360985],[67.78248301671243,34.64081634707164],[67.77325710366743,34.64548059345826],[67.73924311343936,34.64618514965604],[67.73575604932313,34.64964539456692],[67.71078504828995,34.654519211587676],[67.70658903562271,34.65035436328692],[67.69757726728551,34.649645411449434],[67.68159136423058,34.637855508555276],[67.66078523383091,34.637146531438226],[67.65245560058354,34.64202032803122],[67.6441215554883,34.63714655610261],[67.63992553601369,34.64131136931528],[67.62083167539421,34.641668050788304],[67.62047941995488,34.64825864091098],[67.61495457768014,34.65381018727878],[67.59362221584985,34.653600588441286],[67.58958222772937,34.65047029198095],[67.58554234202263,34.65360064303588],[67.56340735047729,34.65479118141975],[67.56193135737144,34.66054346503065],[67.54387651376175,34.67859838029383],[67.53112349350823,34.679735449043335],[67.51887879600235,34.68693239696546],[67.49925421583912,34.68806942872319],[67.47175501167683,34.67025091659639],[67.46575752279561,34.65479124166458],[67.45416831723128,34.65416695218267],[67.45416831723128,34.65833173048537],[67.44257458429088,34.658955994526465],[67.44166500915372,34.66250099587896],[67.43750017873252,34.66250094769368],[67.43664844459896,34.65918341738429],[67.41324709362296,34.649431349283205],[67.40637563363244,34.65360059813667],[67.39583431536236,34.654166941116735],[67.3949157739215,34.65059071581149],[67.36249804112023,34.65000207971326],[67.34828693659868,34.64548063243369],[67.33575687191174,34.653814618106935],[67.32328478428308,34.65451922134169],[67.31075910393008,34.64618510353888],[67.30174283766372,34.6454806232648],[67.29583454218597,34.64166808207893],[67.29517013610179,34.63423477154463],[67.28693415479327,34.63211666568018],[67.29166525784936,34.5958329393941],[67.27742291412075,34.583686415539894],[67.26007697642008,34.58368640483506],[67.2565899490436,34.58714664110277],[67.24411790892728,34.5878511789226],[67.2316234773233,34.5711919923663],[67.22674072805137,34.5704784721369],[67.2190889273391,34.562853419854235],[67.21029114507449,34.56306752270099],[67.20221124704312,34.570264487426336],[67.19508560267771,34.571401520104395],[67.18971235630363,34.56723232061301],[67.16757735966311,34.56604167858429],[67.16666775085945,34.562501163635616],[67.15833366660853,34.562501194331965],[67.15744634094933,34.56595696856161],[67.14778791117418,34.567232268027034],[67.13971246330964,34.574433736916816],[67.12500190724846,34.579164850062796],[67.11666784156913,34.58749891822785],[67.11600346879965,34.580065621041015],[67.11160232992414,34.575659979377924],[67.0977880488376,34.5744337361808],[67.09374808739165,34.571303438378266],[67.08971259907726,34.57443372618001],[67.05174333200846,34.57535234687416],[67.04409155804754,34.58298186060948],[67.03507523501524,34.58298183595369],[67.01492455479062,34.57118748878784],[67.00090959667455,34.57021095295368],[66.99565679896224,34.55958496339673],[66.99092123839668,34.557765664534436],[66.9730446521174,34.56609963877231],[66.93924020222151,34.57047853998155],[66.91492469697711,34.55868868219115],[66.90174366691895,34.557979649705516],[66.88992259668929,34.54618532442514],[66.88091075103654,34.54548079365764],[66.87742371916589,34.54202053872652],[66.85174371514043,34.541311544460136],[66.83575782679846,34.529521651971834],[66.81862152065267,34.524433857687576],[66.79804277022207,34.50473348997314],[66.78001909755885,34.49915075107133],[66.7783157143618,34.492515592369394],[66.77168505405871,34.4908166812632],[66.76492505841229,34.48368655640754],[66.75833450743171,34.48333433444013],[66.75513284963789,34.4842974739156],[66.74062289416976,34.50764085344199],[66.7132796834687,34.50904098016916],[66.70769247159045,34.53396741840171],[66.71606217602928,34.543746219690455],[66.71249935550897,34.55416710916233],[66.69757480330568,34.554519369329405],[66.69202315747474,34.560044229105095],[66.6964020675483,34.58137658604834],[66.7119331003861,34.59779048521026],[66.71306570196943,34.60637876556423],[66.72443189314822,34.61862341657663],[66.72556896797252,34.63824788658612],[66.7204366085689,34.644865261137],[66.71320835629474,34.646720196666045],[66.7119331003861,34.656378669178395],[66.7004598128845,34.66873930430882],[66.70416531297816,34.674999879231656],[66.6895082546704,34.675619681480086],[66.67299176107603,34.68271411101537],[66.64953240672996,34.683949271961765],[66.64119834035532,34.67854925205394],[66.63419308681664,34.68366386687076],[66.6325254141295,34.69514605821201],[66.620833656434,34.69583274975461],[66.61702115310844,34.70174109156144],[66.6166688395204,34.71250084882768],[66.61075603267285,34.71631339526934],[66.59583144589982,34.71666567964826],[66.59514473914061,34.72835746178263],[66.58533924061486,34.729784344449044],[66.57438318360663,34.74213604828725],[66.58271728409001,34.756173342735615],[66.58750189514478,34.77499965007611],[66.58389889830056,34.7811219830694],[66.58267267949174,34.79493183736252],[66.57828045937055,34.79929279995153],[66.56471136623153,34.80360033519849],[66.54778913768938,34.80473296664142],[66.53529023357642,34.81306702647513],[66.52987244068655,34.81758405231828],[66.52845893361243,34.82828142714802],[66.52149381902049,34.8300650565423],[66.520833809571,34.8458324272963],[66.47674225979102,34.86285287162264],[66.47118621065653,34.86838211519907],[66.47083398082917,34.87916869546393],[66.43945522073584,34.892233843787096],[66.43008665174553,34.900581311358586],[66.42828076314915,34.90762671706592],[66.41250000453202,34.91250049370368],[66.41159926678853,34.908995666166874],[66.39166706192896,34.908331201567954],[66.39131478974058,34.91492626616775],[66.38333300916415,34.92083454799181],[66.38219592951,34.92526243053538],[66.3716857933018,34.919982884335425],[66.36998243489522,34.91335217248121],[66.36041767924578,34.908803926419075],[66.35637773027632,34.91193421197062],[66.34583193812531,34.91250049094854],[66.34498025238423,34.90918293957203],[66.33010470434301,34.89943082820211],[66.31445773608102,34.90056793606153],[66.3007459866368,34.908901998551066],[66.28824710234105,34.903600088112],[66.27695664255234,34.90473274166507],[66.26724924186558,34.909254276557064],[66.25743470052696,34.92433938309411],[66.24256810042758,34.924339413225574],[66.23276699974045,34.89925251964654],[66.23693176883407,34.893879277463924],[66.23806890824076,34.88454641100674],[66.22008532595638,34.87859790844866],[66.21458278188572,34.88286527580953],[66.20501797181562,34.8783170049928],[66.19482893840113,34.85893779644547],[66.17916862295972,34.85833132121826],[66.17828125539963,34.870125651203296],[66.16862280167932,34.87140091447468],[66.1480440511265,34.8827672196202],[66.13945583229176,34.883899790339164],[66.1343010832863,34.88789514734533],[66.13248184749385,34.89498067527182],[66.12567279755181,34.89672863193446],[66.12443315632186,34.90908035953361],[66.12869607546129,34.914582894933986],[66.12140091806438,34.931121716947594],[66.12083461062537,34.941667492544696],[66.12436181146361,34.94257268833372],[66.12563712503297,34.961595213024715],[66.13248184749386,34.963352059728955],[66.14110126384581,34.98112158206295],[66.14223383438411,34.992603781276436],[66.13274934971862,35.00324764758145],[66.12567279755183,35.005062530906955],[66.12443315632186,35.017414186470944],[66.12973503361951,35.02574831532401],[66.12414777695002,35.0366507912323],[66.10900910744317,35.042563515309844],[66.10776506013035,35.054915262636776],[66.1130668509149,35.067414076689445],[66.10776506013035,35.08015376952016],[66.12026385615847,35.09362471468375],[66.11998292683802,35.103314304536376],[66.11666534053612,35.104166020280395],[66.11666534053612,35.108335285783824],[66.1059100684835,35.10797856858247],[66.0991500319599,35.10085294761042],[66.0892418687803,35.09964451016471],[66.08575939154022,35.09618869109584],[66.06424416863067,35.09547966370777],[66.06041826040075,35.09168055017181],[66.05416663417859,35.09583198558938],[66.04648805255792,35.106212775561985],[66.03684305503155,35.139620331145736],[66.02565511468713,35.15621267373929],[66.02428168776011,35.17810235269404],[66.01742359650551,35.180220408998316],[66.01312952375831,35.19791863286285],[66.01693309488338,35.20336765021946],[65.9927336163534,35.20488375466238],[65.99166781831217,35.20833510812259],[65.99202008948032,35.23575853995869],[65.99583265674012,35.24166687219202],[66.01007501849708,35.253813445614306],[66.01912252378185,35.25452244764997],[66.02464741424949,35.26007401512058],[66.02535636177855,35.26912153649603],[66.03125132107043,35.27498528802339],[66.03578623365476,35.270481565704394],[66.06250070155869,35.27916791417315],[66.05632483060702,35.28688214426107],[66.04521720991526,35.28850076498445],[66.07854900223026,35.318671119385286],[66.08842590914455,35.33657439399192],[66.10200831858177,35.34521612023224],[66.12083461062537,35.35000071280989],[66.11581366387351,35.365817173082256],[66.10918301653821,35.367516077522126],[66.10473283268185,35.37695599434974],[66.10360025642201,35.39387826459672],[66.1000016800167,35.40000057972668],[66.08507713058694,35.40035286991315],[66.07325602338483,35.41214718789824],[66.06666551985221,35.41249951176571],[66.06666551985221,35.41666875253219],[66.0600749239333,35.41631200493752],[66.03924203455749,35.403813190220134],[66.01912252378185,35.375359638354894],[65.99825838168253,35.36702113094911],[65.9816214856993,35.36631212719818],[65.97708209937898,35.37082027705123],[65.96666567832705,35.358334783887116],[65.955910311455,35.35797806471023],[65.95242327070042,35.35451782436637],[65.93162161698402,35.353813268213955],[65.92742559578838,35.3579780667068],[65.90833176134093,35.35833483200232],[65.905018643162,35.357483109917645],[65.90302989468728,35.3497331798507],[65.89804454328925,35.3535992042236],[65.87674348705562,35.35451783846324],[65.87325641471051,35.35797808382766],[65.83749890995618,35.35416554901949],[65.8176960007691,35.359079441358425],[65.81562255454931,35.365973226925355],[65.78953233093739,35.3673109831102],[65.78420820547787,35.37108334807823],[65.7825538740705,35.35486560217537],[65.75591074841122,35.35381328846228],[65.75242372726096,35.350353004762454],[65.71840973393037,35.34964846509314],[65.71492265654038,35.346188165568755],[65.70591085618146,35.34547919069284],[65.69412095296973,35.32952008992142],[65.67257462248297,35.32881550558102],[65.66075800213092,35.321185997776],[65.65416739497962,35.3208337049473],[65.66007575068916,35.31285198564985],[65.66604204305541,35.311590051981476],[65.66631398623116,35.28924103236384],[65.66250144801157,35.283332726645845],[65.64757689275316,35.28298044025294],[65.63541688855841,35.27501649701194],[65.63125210919905,35.279150095257336],[65.62257469195457,35.27464636582017],[65.60659325430788,35.2586872254485],[65.59340772146452,35.25797825216866],[65.58333458772735,35.24583163483245],[65.57008662576915,35.24110059921389],[65.56470891057306,35.24526534814095],[65.54779106426736,35.24640243171355],[65.54263637701085,35.25039780108986],[65.54050491979132,35.25870064022396],[65.53137712192827,35.250567262197805],[65.5019560164661,35.24526539731646],[65.49583362274672,35.23750207281873],[65.48528784160271,35.23693129048448],[65.47822917070225,35.2327665165818],[65.4675852573903,35.24225102819576],[65.46165019578375,35.25748327660382],[65.45833263706587,35.25833500597103],[65.45798035487711,35.281589166580474],[65.4458337493722,35.29583156510907],[65.43534152969372,35.296451357121015],[65.4259283750075,35.30092828757641],[65.41604694171006,35.33132597745923],[65.3957669736855,35.352725261682515],[65.40200521729236,35.35771497502834],[65.4117662146889,35.3591374196992],[65.41311735983159,35.37299185184475],[65.4166310846174,35.377807680077545],[65.38688443676706,35.39303552070291],[65.38817315056433,35.415669912461524],[65.39166462473985,35.41666876639334],[65.38543081058302,35.425002813103966],[65.38124810998549,35.42084695327246],[65.37742219384108,35.4246460911293],[65.34999875832786,35.424998340515906],[65.34073722675869,35.4367971499162],[65.33112339959784,35.43806799778041],[65.3230434694152,35.44526492675111],[65.30195637658866,35.44640202026693],[65.2938765429768,35.45359906128414],[65.2800176102726,35.459186293771786],[65.27916590450712,35.462499364470695],[65.26424135745047,35.46285167564258],[65.25662070507092,35.467020942428405],[65.24644948732453,35.4563279774434],[65.23811546034982,35.43965985335202],[65.23669747489254,35.42990337530667],[65.2225755331755,35.42951991932915],[65.18992594625118,35.4454790048364],[65.15590743799322,35.446188010308774],[65.14375199725937,35.45832121832989],[65.13992605445584,35.45452205903063],[65.12916626264239,35.45416533047861],[65.12850624854387,35.446732007400165],[65.11841087855436,35.4454789567575],[65.11458494308711,35.44167984120261],[65.11075904992732,35.445478953921366],[65.09999925823335,35.44583128472479],[65.09909854971187,35.44934060176585],[65.08528870540519,35.450566868341525],[65.08137803314409,35.453599019408266],[65.05612171250705,35.45473612469734],[65.0214477130086,35.46757826550197],[65.0202169931516,35.49492150806587],[64.99374783270622,35.50369700175444],[64.98958297448293,35.500468590850346],[64.97588910971383,35.504874215962694],[64.97065413604057,35.515415524498614],[64.96591856535801,35.51723484452551],[64.95833362977554,35.51249926094022],[64.94536207149548,35.51728392354778],[64.93132488554409,35.50894985479165],[64.91747046215363,35.507598752082885],[64.91604792320508,35.49783776461979],[64.89938431924732,35.47869930851597],[64.90424027512529,35.47204630090898],[64.8938282551715,35.46728399072535],[64.88750081749565,35.46666865992209],[64.88239067482577,35.47136407009671],[64.87724930643253,35.467194788577686],[64.84358307331841,35.46613802825719],[64.82308019882657,35.45053119643678],[64.80725031375925,35.445305070272944],[64.798082448718,35.45363911857073],[64.76858547467053,35.45469592133329],[64.7645812632309,35.457937711628325],[64.72724959948721,35.44219706840518],[64.68945429521787,35.436930898343924],[64.65954712890529,35.4244320731475],[64.65742899527426,35.43269472920189],[64.63840651070038,35.433970022236515],[64.63750130635509,35.437501698163175],[64.62916726120024,35.42916757951365],[64.61744429511542,35.42844524737655],[64.61666834323854,35.420833529335404],[64.60195782150038,35.421399849538666],[64.59387787844703,35.428601279533204],[64.58421947834464,35.42987660096675],[64.57916730262774,35.437501629683815],[64.54757457802438,35.43714496707818],[64.54409208062448,35.43368466880741],[64.53091093408727,35.43298012928027],[64.52535490882342,35.42745527950486],[64.52499818802816,35.42083351104126],[64.48750164001626,35.42083355014018],[64.48368460338105,35.42674186766828],[64.48333236138281,35.45000050048559],[64.4791675704337,35.45416531007537],[64.43970899705941,35.42973392796944],[64.43005496435956,35.42845861463729],[64.4249984091929,35.412499475751154],[64.4147112046719,35.41609794460699],[64.38675271129529,35.41723507344712],[64.37585020107034,35.411647835477744],[64.37443219109912,35.4061229364221],[64.35765707243365,35.38839356625999],[64.34583151909477,35.38333251633417],[64.33578960632876,35.399643884616474],[64.31007401260496,35.40452216830974],[64.30624807082569,35.408316884494845],[64.30242660679056,35.4045221143059],[64.28750203474381,35.40416543167282],[64.28162486274225,35.41214272123567],[64.26840809436789,35.41702100531982],[64.26285656898601,35.4225413561708],[64.25833503273327,35.43333238184803],[64.26249981674697,35.433332394057956],[64.27499870090418,35.45416535783988],[64.26249981674697,35.474998221755015],[64.26993310848299,35.47566267737583],[64.27539556179893,35.48653395462639],[64.2949844033689,35.49668285197928],[64.29943456613637,35.50612274014442],[64.30056718861994,35.51887584294739],[64.31991522863824,35.53391638413352],[64.32860156230836,35.5477885798254],[64.32973412284693,35.56054159693744],[64.3452652056854,35.59804266517312],[64.3324809173257,35.61998142749124],[64.3256095111916,35.62174729698181],[64.3244322618014,35.65221186193794],[64.32026744892754,35.660545875422514],[64.30833492521081,35.67499785825347],[64.30000087680001,35.67499788417016],[64.27745563569837,35.69964331149723],[64.27168558939307,35.70085173038809],[64.25659148554101,35.71631137440034],[64.24583166993438,35.7208329425291],[64.24478829665107,35.72430660075139],[64.21869803741303,35.72564430617718],[64.1966299858464,35.73434848406039],[64.19500689482116,35.74500574326144],[64.16453341290998,35.754811342251884],[64.14968011312328,35.767310180104154],[64.14380303242454,35.763140895517076],[64.12174825618712,35.76185665248891],[64.12019203984478,35.77713353167677],[64.11314225215311,35.78952984008939],[64.11176440774194,35.80749111561008],[64.10203017892958,35.80897602509098],[64.09655435876948,35.81326565257089],[64.09513193285208,35.83645741349269],[64.07508378934764,35.851350851328036],[64.07916831535675,35.86249855283139],[64.07570809954278,35.863385988623904],[64.07443277227347,35.873044398807494],[64.0630665357798,35.88528907830092],[64.06164853145938,35.890813846435584],[64.03846566539032,35.90456131578271],[64.03248153750039,35.91998087603057],[64.02916844854008,35.92083256363716],[64.03271790478726,35.927008414289546],[64.03403777644297,35.94502763651321],[64.05000135462912,35.949999558149415],[64.04941274345363,35.97824790217064],[64.04232722845134,35.98006726232454],[64.041667270807,35.98750053567895],[64.0524226680909,35.98785284736382],[64.07047752855557,36.001711752204756],[64.07556535353427,36.02795354924085],[64.06751675157146,36.0300181120386],[64.0630665357798,36.03945798591251],[64.06312446154561,36.09908953359729],[64.07278732590926,36.103597709780146],[64.08333312275616,36.10416844553729],[64.09131489170551,36.118410819196725],[64.09110085027554,36.12720863888006],[64.08389943192451,36.13528852451113],[64.082766814805,36.14241417613477],[64.09186786294852,36.157115859873656],[64.09081994372124,36.16178455543066],[64.07149423751073,36.16756799098744],[64.07083429658537,36.17500130196521],[64.05121421902044,36.17026571660846],[64.04484221015579,36.18271555228473],[64.0227875061179,36.183901688251495],[64.01445790158375,36.18806650415638],[64.00220872515624,36.19943271742354],[63.996541237136015,36.200886395595866],[63.99512323445967,36.21161056514314],[63.98125987258198,36.22037263254343],[63.97721097792048,36.21723341605047],[63.95954853514755,36.2161008782984],[63.95833113980396,36.220831907397546],[63.94583229336843,36.22500117206408],[63.94583229336843,36.2708318641494],[63.95242282308725,36.2711885616597],[63.960074710033204,36.27881366794745],[63.96909101167571,36.27951817450311],[63.978807383389054,36.28921229050935],[63.97952084877958,36.29409049061893],[63.98714585175295,36.301742320387184],[63.98749817591155,36.32083176202502],[63.99341090738297,36.32464871288143],[64.0208343994341,36.32500099538921],[64.03333327268807,36.337499858620035],[64.06075673373951,36.33714760235921],[64.06495273882459,36.33297837608018],[64.06909079369123,36.33368734380435],[64.07742484742977,36.33785211125506],[64.09411522290883,36.35452023518612],[64.10242254441707,36.35381129354438],[64.11007432908805,36.346186160205214],[64.11666495671365,36.345833942878286],[64.12464673791911,36.355907005426864],[64.12535572776578,36.369119388578],[64.1316207495225,36.37535320932789],[64.13992355847478,36.37464863312961],[64.14374951147427,36.370845065654095],[64.15174022672171,36.37881345323137],[64.15833522399777,36.37916569454915],[64.15868750691232,36.385787509344304],[64.17403126185606,36.39623068006598],[64.18005993059404,36.40759695529382],[64.18824688870019,36.4088990108079],[64.21136282530667,36.39973552589003],[64.21335163938781,36.40748102893293],[64.22016066180208,36.409228958839364],[64.22140030103537,36.421580703761954],[64.21723551116838,36.426958392863256],[64.21666467667035,36.445833715267035],[64.2329359603603,36.45513542027936],[64.23839839926464,36.46600669322397],[64.24583166993438,36.46666667396148],[64.24547945426143,36.48575603453981],[64.23785433537915,36.493407859935566],[64.23714541074695,36.510044827406944],[64.24131465793394,36.51424083551872],[64.24166686824567,36.529165378345176],[64.24498449314086,36.53001713880079],[64.24943466094584,36.539457031699015],[64.25070991713288,36.549110921012925],[64.25416579732016,36.549998342854764],[64.25451802415785,36.57742626175414],[64.26285205427496,36.59338090639848],[64.2583483960585,36.597915796041086],[64.27048157023998,36.6100757786972],[64.2711861564807,36.618378625808226],[64.26285205427496,36.63090868284622],[64.26285205427496,36.639924987646516],[64.29131453355761,36.66421373925914],[64.29166680788433,36.67500027577292],[64.30000087680001,36.68333436022127],[64.31492548904211,36.68298212089039],[64.3274555493853,36.67464800937641],[64.34409247992636,36.67952186011004],[64.34791839839306,36.68331651018848],[64.35208317121548,36.679182965296455],[64.355909108241,36.682982133761],[64.37325943412151,36.68368661130237],[64.37881099052693,36.68921145708649],[64.37952000560654,36.70587960385031],[64.3663121480916,36.72742593994976],[64.35661806574439,36.73714683406951],[64.34757499481188,36.7378513486197],[64.34409247992636,36.741311625591734],[64.31007401260496,36.74202057793473],[64.29618834871205,36.75588390830394],[64.29547936406368,36.772547615411646],[64.303813366986,36.780908377092665],[64.30327829491235,36.786789993895425],[64.2717212567574,36.79654199974445],[64.26191570480458,36.81158261561727],[64.25221271177632,36.81609964563813],[64.23112116050329,36.81723228066653],[64.22140030103537,36.83112235696942],[64.22083397181457,36.841668155459445],[64.22526632165003,36.84280516542961],[64.22026764377237,36.84925302727899],[64.2255650643531,36.86470830623017],[64.24110058723811,36.88112224015825],[64.24255430300587,36.886789807667675],[64.25327841522872,36.88820779491476],[64.25501742678874,36.894981100812934],[64.27325965326793,36.895480577898475],[64.27674218415034,36.89202026382748],[64.2940925552415,36.89131129303076],[64.298288583018,36.88714654046672],[64.30590914360066,36.89131126985378],[64.31666452732229,36.89166804249933],[64.3172887630721,36.903257207762366],[64.32414686875781,36.90501859689003],[64.3468348088797,36.94523072639368],[64.37721022547287,36.94639905664184],[64.38236493632168,36.95039436736868],[64.38806807239193,36.963245518885394],[64.38379626507484,36.96875693596792],[64.39110026448955,36.97695725716176],[64.39223289583285,36.989710282369714],[64.40473179802242,37.02721136545315],[64.42443211816209,37.056124151024584],[64.42556912832991,37.0590805114479],[64.42130181745726,37.0645830846184],[64.4258501065091,37.07414786627642],[64.44778884763011,37.08693204454702],[64.46887589841684,37.09223396268568],[64.47434283488965,37.096791163430865],[64.47443193178204,37.110543003518906],[64.46609787656578,37.1272111199871],[64.45473613204791,37.13945579941519],[64.4490997914969,37.153506452736146],[64.44166646018977,37.15416638976668],[64.44223278526727,37.17304173007515],[64.44640210339283,37.18212048131508],[64.42168524312015,37.192519085927586],[64.41306578864753,37.206123800816805],[64.41164786376869,37.21581793006863],[64.3936241650066,37.22140071991163],[64.38425109399743,37.22974817347114],[64.38243178269116,37.23683815039449],[64.36756517794657,37.23816248977366],[64.36576810435143,37.24517218109939],[64.34362425807291,37.25056771370784],[64.33554439314335,37.25776467348506],[64.32173449637604,37.25899542717935],[64.31993302026781,37.26600511238746],[64.30612317433413,37.267235805178316],[64.30096851123469,37.27123117416482],[64.29487287704359,37.282677677083846],[64.28006420580367,37.283993128889314],[64.27854365060419,37.29909160084096],[64.27499870090418,37.300001293921206],[64.26968343865086,37.29530589466051],[64.26304826368586,37.30171359544415],[64.26249981674697,37.30833531001494],[64.25506645515604,37.30899529399381],[64.25331408020449,37.31581775301739],[64.24263447835035,37.32123105135168],[64.23653002376513,37.33256611034004],[64.22578354668241,37.33413120751735],[64.22438345717217,37.344467431304594],[64.23217793393844,37.34669252816143],[64.23395265441586,37.350469371920454],[64.22978342933999,37.356172571153614],[64.22854826610096,37.36882753570417],[64.21196479436847,37.39500245811762],[64.1561725257341,37.413119745993555],[64.14666574197243,37.42136907328737],[64.14066381667153,37.44100696669571],[64.1103419000923,37.44228231040912],[64.10000122187913,37.450000954457465],[64.09543955448018,37.461532194682036],[64.07982827719495,37.467565382571365],[64.07916831535675,37.47499870782293],[64.08333312275616,37.47916798622195],[64.07982827719495,37.480064259173155],[64.07859759497546,37.49387856469143],[64.07546727209291,37.4979185236931],[64.07987285219964,37.511612412893],[64.08776545391395,37.51363682211759],[64.082766814805,37.527210288627444],[64.0783166115143,37.536650222572206],[64.07278732590926,37.538068191247454],[64.05898641057081,37.55097730383009],[64.05776466809293,37.564711353091944],[64.03806879428036,37.58945489188037],[64.0369317740742,37.60221240791798],[64.02831672697862,37.619981880054596],[64.02168609648326,37.621685312335615],[64.01998270517771,37.62831598303143],[64.01335201680028,37.630019391532066],[64.01164858999249,37.63665002943277],[63.99668384966809,37.642518240812606],[63.994980532585906,37.649148898191605],[63.99166738167547,37.65000059267722],[63.980131670531506,37.644868166187266],[63.9781830351472,37.63839797089252],[63.971882362056725,37.63685516145361],[63.97019237742927,37.6479672664033],[63.96116710810415,37.6582588061093],[63.95504037725588,37.65391571670892],[63.95339045731226,37.670115566344435],[63.93507691714158,37.67048122190144],[63.923282599024034,37.662147198613525],[63.898258123666466,37.68714486000239],[63.877451968568906,37.692018698728795],[63.87291704912364,37.687514996362005],[63.86075707466528,37.699648200122844],[63.85245421940519,37.700352760954594],[63.844115760078004,37.695478989238666],[63.83575936954247,37.70381299122612],[63.8291688219936,37.7041652830089],[63.82881212068275,37.71492513525919],[63.821187020087876,37.7225769021742],[63.82047805780157,37.731593216724285],[63.81495768605962,37.73714037884949],[63.796746703422656,37.73810793996291],[63.79492296590382,37.745220249596116],[63.76862313136563,37.74640185033748],[63.742635559597204,37.767060883233334],[63.73693229623327,37.786284080923885],[63.74609582596005,37.78863850822783],[63.73796235389445,37.80209156332897],[63.746398969939534,37.81324824488377],[63.7421360647921,37.81875082133306],[63.7452664173026,37.82279076079581],[63.745832692965145,37.83750130055566],[63.7452664173026,37.852211896529994],[63.741101574019034,37.85907888126829],[63.74536446111717,37.86458146536173],[63.733900179913505,37.8852895194614],[63.7327675050447,37.89387774963891],[63.721401309746035,37.90612241803059],[63.7201705691998,37.9199322635433],[63.69256429973052,37.9256622387082],[63.6879669243362,37.93541874597211],[63.69119982626959,37.93958356988457],[63.68668716336007,37.9489922209139],[63.68258476659899,37.9505662971433],[63.6700859321423,37.945264393922514],[63.65918345004622,37.95085167612643],[63.6574533460715,37.957593866259444],[63.64925304283203,37.95890036395398],[63.64387535506392,37.95473553711763],[63.62414826429673,37.953598457293985],[63.617401684473435,37.959225909126125],[63.61609960379628,37.96741279947793],[63.62026444967813,37.97279046083586],[63.624152767724674,37.99511720574301],[63.60612460729835,38.00056621928885],[63.593750628419144,38.012048359951],[63.58425268427716,38.00358502201875],[63.57973564827657,37.99387757665123],[63.57859856831996,37.98675192480288],[63.58390048564161,37.97406128374616],[63.574415904630186,37.9634174362085],[63.558331963684566,37.958334083173675],[63.55797971374856,37.964924590105866],[63.55035460459854,37.97674123558483],[63.5496456271814,37.98575749732846],[63.54166829334345,37.991665810430476],[63.53276793393897,38.01343515764623],[63.54224795298529,38.02407902582384],[63.54899463761223,38.02580920895257],[63.55056863084131,38.02991151071725],[63.54639943118173,38.035289214510804],[63.54512412325196,38.04494763197504],[63.53001670072883,38.05085150627605],[63.52026457024,38.06887515250461],[63.50538012334103,38.08390234446493],[63.50416724514496,38.07916678527321],[63.48966181010797,38.08688105322422],[63.471825356118345,38.08819199080393],[63.465872526730806,38.10754000712095],[63.43941662875327,38.1130291806401],[63.431260939625396,38.120444689442486],[63.41989468501923,38.116137165301495],[63.41350037470562,38.12131416298883],[63.40910364227847,38.119945219532894],[63.402530928399564,38.108289134232706],[63.38974670083497,38.120302003892114],[63.36250161578561,38.120832634659784],[63.361649899864496,38.11751949138269],[63.35482747169792,38.115767070037315],[63.353503116501514,38.1008558159444],[63.33112295256266,38.10473529674174],[63.325745269597284,38.10890003826495],[63.317411163786105,38.103598174021045],[63.310414863349195,38.10786550960208],[63.30625003586224,38.10463713625703],[63.30074757088752,38.10890005806641],[63.28971121008539,38.10056600585981],[63.27916544350545,38.099999693183676],[63.27855011910161,38.106327175914295],[63.27053711782148,38.115561949241204],[63.25200510974212,38.121452421863616],[63.24382707795682,38.128551289951034],[63.23117221457327,38.12978203635918],[63.21882493761991,38.141050150229326],[63.20906841197972,38.142468145005466],[63.199432248428465,38.18971236976682],[63.19543690352895,38.19486703003486],[63.18815966956798,38.19673097243686],[63.18693339635729,38.21054526578253],[63.18380315419193,38.21458521512928],[63.18806599754981,38.22158155356721],[63.17083166005739,38.24999937809626],[63.159300344211864,38.25456103473856],[63.15359715916327,38.271581430002335],[63.15889910027627,38.282118310929185],[63.15085037910758,38.28418288961241],[63.1446968552472,38.30026241658536],[63.12987029928391,38.290746683070196],[63.12859950922289,38.28112393481586],[63.11986855700551,38.26731851633249],[63.10538095906515,38.26610121136366],[63.09999882891429,38.27916638239937],[63.10056512610663,38.285542904527944],[63.112029415651996,38.31041575962338],[63.107766540109765,38.31741207818703],[63.111931373148764,38.322789797671945],[63.1130684352822,38.338244997431616],[63.10473440259639,38.351956758594255],[63.10359729465925,38.359077909267846],[63.10787356702399,38.36459381230193],[63.10056512610663,38.37278962619693],[63.0993388097138,38.38659948486691],[63.08437412696065,38.38820475626439],[63.07416272841612,38.420069490712116],[63.06036632704683,38.421474138624816],[63.05213478681141,38.42852398646518],[63.03410670362952,38.429906267333116],[63.02852389431548,38.45629969471279],[63.02085868561059,38.46957000869844],[63.01666715588072,38.470831938729276],[63.0130686309091,38.46054479304058],[63.011886921082265,38.43424494218587],[62.99688653600004,38.43818682409449],[62.995267873882256,38.442414021322776],[63.000565261806436,38.4508506389167],[62.99433594976536,38.458319698664816],[62.989578045667244,38.454632008124534],[62.983919445835575,38.45934972857979],[62.9833353178003,38.487500028618285],[62.967581358254016,38.48689359052335],[62.96193161325723,38.46591798475512],[62.96619901421184,38.46041547794375],[62.95776685031376,38.43528838010124],[62.953338973355855,38.429982066612276],[62.947047129579545,38.42859974114581],[62.93693395481791,38.450748096124485],[62.9422357947603,38.463246942010294],[62.93293858326066,38.47819837058294],[62.92916614006958,38.47916596696942],[62.92859985300112,38.4938765086884],[62.917233584697556,38.51029052351162],[62.91610098734931,38.52158095038729],[62.92026581568212,38.526954143676306],[62.92556767999135,38.56470939068229],[62.933901750186706,38.58211769621601],[62.91989572903818,38.58806613059139],[62.90501568618563,38.57831407051891],[62.9033167579189,38.57168339260578],[62.89999920165784,38.57083173322458],[62.895125397337566,38.52158096657155],[62.886225008586074,38.52086750960686],[62.87159917107568,38.52583490412421],[62.8700563437164,38.54092895647848],[62.82500161667275,38.545833993803186],[62.825353853655976,38.55658936255996],[62.82915302613833,38.560415286746235],[62.82501498820572,38.56458451021451],[62.828814064641875,38.56841043684514],[62.82951864210795,38.585756307223605],[62.83368791297768,38.5933814185122],[62.82916639794307,38.59999873152498],[62.8187499376277,38.603539259933726],[62.80486427519425,38.599133623389754],[62.8035131704537,38.56225238162889],[62.80860096955474,38.55496624174953],[62.78419183908195,38.5534367385578],[62.78247955675312,38.54244505151881],[62.775001635673945,38.5416647547083],[62.773784321652705,38.53693363527731],[62.77139870169255,38.539457452794345],[62.77026610280357,38.54804570864378],[62.76296214078355,38.556241525013824],[62.76723393784694,38.56175296027278],[62.76607453726587,38.60315570302302],[62.746227059245584,38.61346965615013],[62.740813764909355,38.62414918163457],[62.73750064407099,38.62500086757919],[62.738066940410455,38.66470914735077],[62.745263967515065,38.68112312233635],[62.74640100113627,38.69804540266948],[62.75056578360053,38.70341858575427],[62.745263967515065,38.71175268162389],[62.74640100113627,38.72304309869229],[62.754735047972126,38.73239829998828],[62.75359796731929,38.7813770461061],[62.741099115309204,38.79925359678324],[62.745263967515065,38.806120677619234],[62.74644558554399,38.83242038348294],[62.76599433135855,38.83839562160212],[62.76723393784694,38.85074730305746],[62.758801767343506,38.86874874033887],[62.76631533461066,38.88507345419652],[62.767019874838596,38.89825900936296],[62.77464491022878,38.90591084425917],[62.77535396547205,38.9315908620346],[62.779166469704876,38.93749916492085],[62.77438185253169,38.94630136821644],[62.788115859010645,38.967473212640364],[62.77555457930061,38.981242879039115],[62.77860463379898,38.985416611457254],[62.77438185253169,38.99630127487337],[62.77860911986679,39.00208478104433],[62.77418563611604,39.00761846976191],[62.75786534974572,39.00895178605547],[62.7515333861475,39.00432318656656],[62.74657045782099,39.0049430525889],[62.74521489804298,39.01882867133486],[62.74155391857504,39.02384072849949],[62.727159939150944,39.032714286936816],[62.71867428537986,39.03394948865249],[62.71049187722398,39.041048390545306],[62.7036961952267,39.04228357769546],[62.696780118140175,39.03723138555716],[62.687500732467754,39.07499999749383],[62.66007728549179,39.07464769364497],[62.65659020541256,39.07118741657915],[62.64583488361131,39.070835156219786],[62.646401188723466,39.093875332092814],[62.65056603781721,39.10074681933349],[62.645438040621165,39.10736411746942],[62.634299235686875,39.11289790924991],[62.63244424880378,39.12012610074314],[62.62172009475184,39.12153959737947],[62.61666788259367,39.13333392503505],[62.59757401456539,39.12881242950945],[62.5940914457432,39.12535209874225],[62.57674110610815,39.12464758936689],[62.5711895697551,39.11912277263107],[62.5541647015728,39.083334032763695],[62.542517497693574,39.0883505298263],[62.5408141102492,39.09498116914248],[62.533996139686046,39.096733591317424],[62.52845800865406,39.12411252639767],[62.521840649966876,39.12581141725838],[62.52026665349486,39.129913836665665],[62.525568436447635,39.13843512404979],[62.517234376310654,39.1477902962728],[62.51609731821431,39.15908076710044],[62.52026665349486,39.16445397508658],[62.52139925583657,39.17991372072109],[62.517234376310654,39.18529135967789],[62.51609731821431,39.198044391659444],[62.4958351506329,39.22083483122577],[62.49166589468246,39.22499963674442],[62.48835284474301,39.22414801975084],[62.478770226958545,39.20513434882986],[62.45221178802084,39.18806941259884],[62.442517760985496,39.18835029444498],[62.44131378975778,39.21909137600037],[62.43714446432155,39.22671193579978],[62.44964778706661,39.25174092596843],[62.45416493039513,39.279168876841034],[62.43949441213067,39.27439309005497],[62.430108049680726,39.26619728769024],[62.42160904323913,39.26745035866106],[62.420079482653684,39.278214556306324],[62.41666835336096,39.27916883773135],[62.40174371421842,39.27464733861679],[62.39166614033353,39.266665512043986],[62.387144569551076,39.28921515149641],[62.39547870276744,39.297576041064424],[62.39131387371463,39.310048096030926],[62.39581754519884,39.31458304453917],[62.39201840760723,39.31840891430319],[62.39131387371463,39.32671174327145],[62.39581754519884,39.3312511561722],[62.39201840760723,39.33507706362893],[62.39131387371463,39.34409333021965],[62.38368881409861,39.35174070369096],[62.383332085304644,39.358331249832794],[62.37860092584194,39.35954856375853],[62.383332085304644,39.362500514031495],[62.38248038012044,39.369982909827925],[62.37584971062262,39.371686251081854],[62.37419096038381,39.3781608956672],[62.37008855736,39.37973497536749],[62.3624991811321,39.374999412988274],[62.361932812659475,39.36445806114346],[62.35748268038451,39.35501814247929],[62.35085199384708,39.3550181166757],[62.34914861189944,39.361648861443044],[62.33750144510669,39.366665294392575],[62.32083330154343,39.354166422146506],[62.31962043743531,39.349430907627344],[62.31028755438878,39.35056795249896],[62.30209171434507,39.357871987864456],[62.29658028801918,39.35360014207713],[62.2910999902301,39.355700365580745],[62.29583109386744,39.37916865053862],[62.29914874637791,39.38001583889068],[62.30787960310182,39.39374990038458],[62.29943407315527,39.40491549200689],[62.30776817020771,39.42278753941704],[62.316097715942746,39.45612379385563],[62.3214709758306,39.50326094011115],[62.32943045060165,39.505303232171876],[62.324431839481356,39.517414123012315],[62.328601099093625,39.5227873381547],[62.329733637006214,39.543878926293154],[62.33693067594703,39.56028839066135],[62.34223255799237,39.589709544570745],[62.3577680063989,39.62279162346804],[62.35890063049296,39.63137541144609],[62.37443172269938,39.65612337782591],[62.37556874456287,39.67304567356498],[62.37956417848807,39.6782004541259],[62.386493599756754,39.67997956048407],[62.38806766109178,39.68408199680321],[62.38390281588152,39.689455192534744],[62.38368881409861,39.70242225029805],[62.39131387371463,39.714243327636666],[62.39201840760723,39.73158925279794],[62.39754767477802,39.737145279489916],[62.40659070385553,39.73785422747558],[62.4125035073173,39.74373579512785],[62.40868648354681,39.74757512014544],[62.407981977321434,39.7607562135374],[62.4045217228174,39.76424324305062],[62.40416495481974,39.78750185701736],[62.38112484084615,39.78693112190318],[62.37199707380584,39.77880221815195],[62.36992354626508,39.786877648891775],[62.35833436235929,39.78750186375263],[62.34799366558028,39.77561837197339],[62.33823719919073,39.77419592765977],[62.33750144510669,39.76666452191836],[62.3271608200849,39.77438324163166],[62.320365072409686,39.77561836090873],[62.300999261177914,39.766049134591476],[62.2990059936527,39.77972965344639],[62.288188250423204,39.778383036066785],[62.286881718741796,39.756172254848494],[62.27854766027974,39.731174563844526],[62.27144880031942,39.72299207086482],[62.26574114741845,39.700928487692295],[62.25925759979762,39.6990734436743],[62.25354996402079,39.685339467429706],[62.2464510762433,39.67716140868972],[62.245064311518405,39.66763677420319],[62.23842464505889,39.665741705238474],[62.2286324917778,39.65083041664298],[62.21739999813935,39.649198376131565],[62.21595082962562,39.63431843049689],[62.210252046391176,39.629694313014944]]]}},{"type":"Feature","properties":{"system_id":"syr_darya","scope":"full_basin","basin_level":7,"unit_count":177,"source_area_km2":325872.6},"geometry":{"type":"Polygon","coordinates":[[[66.09166770025989,40.61666726920446],[66.08575939154022,40.620479824838604],[66.07257377984236,40.62118881785254],[66.05242311253326,40.63297869096722],[66.03090791458509,40.633687642243615],[66.0208347973963,40.645834259374205],[66.0144583608116,40.64640059255944],[66.00084918689147,40.65501556390034],[66.00000188767062,40.658333074658586],[65.96007510458176,40.65868541117129],[65.94408923145437,40.67047969408779],[65.93090818361723,40.67118869784977],[65.92742559578838,40.67464447936025],[65.91078869393829,40.6704797326828],[65.90659268203895,40.674644510629705],[65.88924235488228,40.675353545140155],[65.84408943251472,40.69964666910258],[65.81840952686946,40.70452049762969],[65.80416716280423,40.71666712015496],[65.80360078685672,40.72720839352891],[65.79639933164054,40.73945752760813],[65.79512410237831,40.74911153699332],[65.78945650219153,40.75056512745324],[65.76887783181607,40.77026546987462],[65.75921939504065,40.77154081133484],[65.75744462221522,40.77845684437324],[65.74779070474241,40.779732156890084],[65.73971081086177,40.7869335687234],[65.72996769001831,40.78823564046138],[65.72006399947621,40.815694753272126],[65.71319250511111,40.817661256071816],[65.71180579539013,40.836505408235986],[65.70409150646199,40.838712698370486],[65.70777918469902,40.843760359198725],[65.67916515863897,40.875000844436656],[65.66470871703481,40.886933380693705],[65.65806917264273,40.888636795304954],[65.66203328215582,40.89375135997265],[65.65056896030818,40.91445500340341],[65.64943181249836,40.92304316741118],[65.63806558433033,40.93528787506593],[65.63390077813388,40.9519559782326],[65.6333345389368,40.970831361643974],[65.63749933939808,40.975000673837705],[65.63806558433032,40.989711220951705],[65.66193072642874,41.01445479786663],[65.66609998625134,41.02278882516788],[65.66723255519202,41.03554187629795],[65.67443400659143,41.04362173124601],[65.67570932853177,41.053280175673436],[65.6826699853602,41.055068278595414],[65.6833344095104,41.06250161223919],[65.7077658537168,41.08528756938042],[65.70929973561528,41.09127168303685],[65.72012648460685,41.09672074356913],[65.72556653519807,41.11887801394392],[65.7342261401486,41.13263877008222],[65.75612479385956,41.153601001171616],[65.7621044141701,41.15513496547906],[65.76723235681635,41.16887789471462],[65.7758518056868,41.182482609149616],[65.7824824909776,41.18418597486629],[65.78430181112765,41.19127148150458],[65.81840952686946,41.224647868691065],[65.82742576249575,41.22464787609961],[65.84340725251535,41.208688749377366],[65.85833181140708,41.20833198902635],[65.86445416538336,41.20056871248037],[65.88137641699036,41.19943160682525],[65.90748444928552,41.1824825972073],[65.9091834299428,41.17585196370076],[65.9230422526078,41.170264630302604],[65.9311222225845,41.163067690910644],[65.93749870586319,41.162501409990995],[65.94166796115306,41.154167294304195],[65.953355232635,41.15485397505508],[65.95478216969863,41.16465954620303],[65.95844752886421,41.169676092495806],[65.96573822675049,41.171758458867],[65.97021516439177,41.18117165980257],[65.97145032688933,41.19382654284296],[65.98271403020344,41.21450790646412],[65.98394913485804,41.22715836767169],[66.00000188767062,41.24999785188167],[66.00331504768091,41.24915064590357],[66.00501837121608,41.24251545560606],[66.0227879293683,41.23390051828748],[66.03240178903768,41.23262963376128],[66.05612416694288,41.204733534576434],[66.07411216459343,41.19929342148547],[66.07591811647978,41.192248053124864],[66.08529114822178,41.18390063764001],[66.09166770025989,41.183334280824205],[66.1017407420987,41.17118769404359],[66.11492631691497,41.16631388032495],[66.13090778995698,41.15035477409625],[66.14166759418289,41.14999804492244],[66.14935500822925,41.16453028807119],[66.15486647537183,41.21588123297747],[66.17412539998394,41.22524984740409],[66.17576631430836,41.20917036245979],[66.18546929454749,41.20768988114618],[66.19369634172841,41.20064450200788],[66.20213295751871,41.199355865975264],[66.21586703651853,41.19065166419469],[66.21755256878905,41.179593107168344],[66.22703263172426,41.17147753531275],[66.24800820127302,41.1702290257938],[66.25340813711699,41.16622472663647],[66.26172441464567,41.16745094820651],[66.26310675100164,41.177171855863286],[66.27022786022629,41.18532751456497],[66.2714363454372,41.21533727538898],[66.26666506925856,41.21666609076258],[66.26666506925856,41.2208353534125],[66.27328684938692,41.221187599257036],[66.28298092155279,41.230908445744625],[66.2836855093839,41.23992475255859],[66.28748467014194,41.24375064827919],[66.28334656257098,41.247915474101255],[66.29828457686303,41.26701828028586],[66.3166649706521,41.2541671427075],[66.32083420575458,41.254167080829596],[66.32499902321223,41.26250115985641],[66.33575881096243,41.26214447474296],[66.36007432603363,41.24202053274771],[66.37499889787857,41.24166824602223],[66.37585062945327,41.2383506577221],[66.38529050610151,41.233900498011224],[66.40833517146807,41.22916494396979],[66.42168573945597,41.2658142702516],[66.43656125012194,41.27556632273251],[66.44925190504141,41.270264489970266],[66.45637757156877,41.2714015536421],[66.46572830686861,41.279735632531604],[66.47827172427385,41.27849596054674],[66.48013562537032,41.27122761654367],[66.4867529257473,41.26609966295414],[66.49495321582931,41.267406162408804],[66.4994345796641,41.27695758479386],[66.50056725633887,41.28971061676644],[66.5050174156555,41.299150538302655],[66.5083350053126,41.30000219710614],[66.51604926217458,41.29382639879212],[66.51743603490324,41.284306220037614],[66.53259690966313,41.274380226067755],[66.54070362347457,41.27579823574443],[66.54282615338123,41.2832181332531],[66.5490510783389,41.28776645459022],[66.55099967893757,41.27438020134219],[66.55553459810379,41.28394944265494],[66.56984385689496,41.28262065025875],[66.57083376868437,41.27916481663074],[66.58541500516496,41.28272767936531],[66.59923373960414,41.27833096576498],[66.60091486155441,41.26185909550426],[66.62296954038068,41.26314326137894],[66.63653415912759,41.27179837404712],[66.64287493901615,41.28735171872643],[66.65202953118182,41.295190869088],[66.67713422465488,41.296475026699866],[66.69065426559902,41.30079593255701],[66.69292839396827,41.308358596967096],[66.70704144643553,41.31662127843016],[66.71185723023163,41.310467746829104],[66.71337336286402,41.29558321755234],[66.71869757221447,41.299355658576935],[66.7314149291366,41.29947161659709],[66.74058282213475,41.291137560018235],[66.74516231666881,41.2925911752357],[66.75363906879637,41.30191963792055],[66.75896768030918,41.32811683615609],[66.76564738034206,41.333864611814974],[66.77822656969462,41.328638579580655],[66.79059161524124,41.32977562890279],[66.79530493081218,41.335251424974885],[66.79646874754421,41.3447671374477],[66.80723298381481,41.354697583503636],[66.81249920546114,41.35000211491755],[66.82835571801857,41.34933325350941],[66.82993426357811,41.3384708805499],[66.83679238861764,41.336611429884876],[66.8425490285227,41.31740162787965],[66.85093660582493,41.31609958984237],[66.87157783319735,41.32973549020125],[66.88015268739635,41.32443364702154],[66.89362363111917,41.33693252262096],[66.90907888493045,41.3422343819677],[66.91760462936595,41.33693250012645],[66.93248466745554,41.34668452893314],[66.93333194641855,41.350002137681784],[66.94583518966299,41.354166896180104],[66.94672256641573,41.35070665539469],[66.95741552133244,41.34929758703286],[66.9619325575094,41.34387529553266],[66.96320343303935,41.3342525733609],[66.9699812277811,41.32859839219541],[66.97841783019774,41.33390029225451],[67.00342002198519,41.32443365637381],[67.0113617538077,41.329432255281276],[67.01335044842138,41.32168233991132],[67.02425299414298,41.31609956798478],[67.0321946535671,41.32109822876676],[67.03418339815669,41.31335279240027],[67.04508585295112,41.30776552942169],[67.05328614892048,41.30907200864519],[67.05508768119994,41.31608174860288],[67.06573150771084,41.325566254657986],[67.07860048947973,41.31470830332451],[67.0800184491384,41.30918347980739],[67.08664920037491,41.30748459325745],[67.09362317978983,41.30056855148076],[67.10743303189867,41.29933777462956],[67.10833376297393,41.29583292170693],[67.12707095814906,41.31620658250323],[67.13258684439282,41.311934763565965],[67.14362308176577,41.31609956932157],[67.17083250275638,41.31666588809684],[67.1763662903194,41.29938239421917],[67.19799289623299,41.300617564124785],[67.20369613424009,41.3047823703706],[67.22005659371825,41.30344912541769],[67.22135412101532,41.293005912805555],[67.21666762899636,41.29166811741928],[67.2173320739,41.284190221760255],[67.22204975492616,41.28313342308347],[67.22802944489976,41.28776645795795],[67.23007171999554,41.2798025238969],[67.24804186897396,41.27859854963681],[67.26179371743147,41.269947893064405],[67.26666754665554,41.249997848237264],[67.28554288801986,41.24943155791035],[67.2937432147712,41.242127527076654],[67.29778757301598,41.24526674988341],[67.31160192210515,41.246492997547335],[67.31340785940411,41.25354280961245],[67.32500153926614,41.25416715186826],[67.33297884847988,41.26424023278098],[67.33333111356573,41.2708352066567],[67.34757348548914,41.278812550606034],[67.3541685158167,41.279164812428874],[67.35776698741135,41.28529160973883],[67.35889955406365,41.292412804532255],[67.35377159620165,41.29903011656315],[67.34387684144087,41.30360067459565],[67.32607614927417,41.30479129093805],[67.32443077248521,41.309080955756514],[67.33001797134385,41.31998342872283],[67.34362268796298,41.32859839878387],[67.36578000101784,41.33404298014996],[67.3675547477043,41.340959052352474],[67.37720864808429,41.342234340582095],[67.38658173332338,41.35058184149703],[67.39109875610544,41.360289280991516],[67.39166510162165,41.37083504480959],[67.38750026803557,41.37499983361555],[67.40356642470742,41.38008322638066],[67.40416842345434,41.400002038936414],[67.39673503412409,41.400661983556745],[67.38965843196976,41.40771622235579],[67.37995995764891,41.40912537330733],[67.3783992506459,41.41986282239501],[67.3541685158167,41.43333382988447],[67.37047989870645,41.46007501607831],[67.37118890888995,41.469091351857784],[67.37464466934586,41.47257385631135],[67.37535368217287,41.502423079689656],[67.38297871286595,41.518408978196085],[67.3878525505294,41.58504578696707],[67.38368773095011,41.58924180438012],[67.38297871286595,41.60171393274519],[67.39223581232093,41.61592060088473],[67.38693392459663,41.62425464031888],[67.38855256908795,41.6284818736855],[67.39911173470544,41.629873125522025],[67.40359761587342,41.63945576610804],[67.40473468449612,41.652208754301775],[67.42083200017998,41.670834452186504],[67.41610097622805,41.688247240261965],[67.42026573129866,41.69362489063747],[67.42140281622159,41.710542722251105],[67.42859983268359,41.722787455774814],[67.42973237873235,41.73212028538025],[67.42142509596758,41.73425177097583],[67.42083200017998,41.75833536326358],[67.41737628198257,41.7592227472782],[67.41610097622805,41.76887666670031],[67.40377148617878,41.78653025625193],[67.39649423614637,41.78839859482368],[67.39525460022982,41.79803024983549],[67.38382595179047,41.82291656237226],[67.38692055714894,41.82696987729092],[67.3880799792187,41.84234487938151],[67.38275128520239,41.85067886095782],[67.38700976440488,41.85624832219414],[67.38275128520239,41.86317774958229],[67.3878258156125,41.869821854373726],[67.39627135256491,41.872046895734535],[67.3950093467164,41.87843230468254],[67.37174178619594,41.88405530081033],[67.37083217586579,41.88750212749832],[67.38001788289954,41.915817470038576],[67.3868403524661,41.91756542839934],[67.38816018398926,41.93243208422689],[67.40443150246166,41.938639165315166],[67.40045840657811,41.943762627313426],[67.41193168916935,41.9561232320636],[67.41666724309361,41.966664566193835],[67.41317134301848,41.96756530940179],[67.41193168916935,41.98010427675762],[67.42026573129866,41.98945506846689],[67.42140281622159,41.9965806580297],[67.41610097622805,42.00907956431516],[67.42973237873235,42.02157838815818],[67.42414959380471,42.03248092686251],[67.41630158398617,42.03449645445474],[67.42556759011894,42.046772305122154],[67.41723351023377,42.05612304071856],[67.41610097622805,42.067605244535365],[67.44234277988379,42.0991043695287],[67.44804596335302,42.10056690354423],[67.47018090561126,42.12181450869509],[67.47083195541892,42.12916762499694],[67.47436358147225,42.13007281424298],[67.47987057001609,42.16157185646156],[67.48945763508935,42.1702671144704],[67.49804584978745,42.17139972372172],[67.51175310012657,42.179733774914894],[67.5208318393408,42.1749982054162],[67.53749998841205,42.174998211046514],[67.54251640772013,42.18664987050908],[67.56495910486997,42.19619232016014],[67.58090929788463,42.21631178199485],[67.5982596669684,42.217020825155906],[67.60208112564281,42.220819976876],[67.60662046813383,42.216311839654416],[67.61458440625694,42.22081997193165],[67.63090923585094,42.21285158631426],[67.64166455339172,42.21249925853958],[67.64251623605759,42.21581681193541],[67.64915135504076,42.217515740549175],[67.65473416891102,42.231379124317],[67.66731328667284,42.24493032149882],[67.71165013839243,42.26335084006535],[67.71751831884829,42.278315585205036],[67.72414901603189,42.28001901911611],[67.7258523777833,42.286649669437175],[67.7522502862536,42.28697076043387],[67.75733362511568,42.282850482533526],[67.76172586843622,42.28421943061514],[67.77044344031965,42.29790891723979],[67.76613595043754,42.30510586218037],[67.77083138414389,42.31666831140613],[67.7673042364595,42.31757351076991],[67.76610020329832,42.33554371191297],[67.75473401296155,42.356122500857516],[67.7536013909521,42.36545088498231],[67.76286740955514,42.367827608298676],[67.75358356298528,42.378248517361264],[67.74236889750853,42.384254958818],[67.74109802662235,42.39387766061258],[67.73293789681495,42.407366478421544],[67.72500074217537,42.40833407026706],[67.7243407544306,42.40090073337883],[67.69775117526824,42.39946939486155],[67.68655879705017,42.39530461556356],[67.67308335002768,42.40363865535406],[67.65322697726344,42.40469545472553],[67.64808119902497,42.40053061310677],[67.63639839286196,42.399469399141616],[67.62502764165451,42.409961674271074],[67.62964727464447,42.41566926534792],[67.62822041845274,42.4202532725135],[67.616666826364,42.42083291575568],[67.61631457191727,42.448256395639625],[67.61285433358367,42.45174339552284],[67.61176628608519,42.46586541785183],[67.57299438651064,42.478547060201116],[67.4978406814046,42.48811631239075],[67.49382753627893,42.49105040866922],[67.4786977808541,42.49228558399458],[67.464584746989,42.48389352842303],[67.45200557852574,42.48811630215078],[67.44382763839067,42.49521519902207],[67.43333536284355,42.495835043756344],[67.42916610557245,42.51249871201113],[67.4229144752109,42.50889571625798],[67.40786499364145,42.51311853002433],[67.40216182281235,42.508949264678996],[67.38265771341811,42.50771408884529],[67.37855083818555,42.511134161074],[67.38679124756105,42.51348861756342],[67.38811562578269,42.52816797118972],[67.3541685158167,42.53750089128694],[67.3534326915261,42.549241695397605],[67.33537787238406,42.55065524820204],[67.31045594778966,42.5576783059916],[67.28090992233419,42.55798147728115],[67.27742291412075,42.55452126148214],[67.26495525264541,42.553812246785064],[67.26075927173923,42.5579815436452],[67.23924409888912,42.55868605516715],[67.22745418636443,42.57464518034672],[67.21007712040976,42.575354168605],[67.19825601414814,42.58297926168703],[67.15833366660853,42.58333147018864],[67.1577406311372,42.607415135564096],[67.15085133802462,42.60918537623336],[67.14081387140752,42.62831490428301],[67.1230443180317,42.63693436945069],[67.1102913198539,42.63806696391307],[67.08675174378581,42.6464009932483],[67.08137850353646,42.64223176232982],[67.05416461576837,42.641665490428096],[67.04583498375888,42.63750065653344],[67.04517067389936,42.64493397135333],[67.0394540763164,42.6464010438104],[67.02590286964114,42.65898015946915],[67.02139909986063,42.668620737708956],[67.02026651381134,42.68971228106312],[67.01609728648971,42.696579297927926],[67.0213991698049,42.70918515469882],[67.01568704458343,42.71603436422347],[66.99778818799301,42.71723384700543],[66.98970833267448,42.724430803825314],[66.9767412687913,42.724644843615025],[66.96908942627319,42.71701978573811],[66.96078656763383,42.716315298188675],[66.95659059384226,42.72048006404322],[66.9500000162938,42.72083232401906],[66.95381253632013,42.72674062357543],[66.95452152052634,42.76075914829351],[66.95798182323985,42.76424167978611],[66.95868640070177,42.77254453658096],[66.95452154790782,42.77674052847665],[66.95381253893429,42.78921265797946],[66.97048070185006,42.822575648314036],[66.97535448687076,42.856589684910105],[66.9913135717604,42.87674034629592],[66.9920181097544,42.88575665176885],[67.00381244828372,42.9100765634926],[67.0086862601741,42.944090600645644],[67.02083281661915,42.9666670293376],[67.02429310067907,42.96755440939265],[67.02556839707493,42.97720835165483],[67.0410994142708,43.00195637203549],[67.04223210813635,43.046578569224955],[67.03806727089092,43.051956267693015],[67.03693467028074,43.06324673260694],[67.04109948702417,43.068624359517756],[67.04228117142347,43.09058545437397],[67.04657970237626,43.09223533723534],[67.05195734269716,43.08806606519673],[67.06128584580775,43.08693344843359],[67.06609715354716,43.0977913456952],[67.06609720505826,43.13971134664935],[67.06306949493394,43.143622009867194],[67.06193236274153,43.16324653324082],[67.06620420727185,43.16875797547433],[67.0505661313869,43.19362192650423],[67.04943350381862,43.21545365613762],[67.05637633678295,43.2172328643819],[67.07009697459006,43.2300705968591],[67.07139902269492,43.23824861601307],[67.06306946502723,43.25195588938136],[67.0619324097331,43.264708910870645],[67.05416457695092,43.2791652956748],[67.05501636290944,43.29081692051422],[67.06276626168247,43.2928056784327],[67.05890025229995,43.29779095298149],[67.05776757113323,43.31887801741478],[67.05056609497426,43.33112276679462],[67.04943353624215,43.33971096897219],[67.04223207389018,43.34779085462051],[67.04109943590247,43.35491205066553],[67.04583508339421,43.366666221888735],[67.02156410527597,43.384239553632824],[67.02026655717836,43.39260481783431],[67.02860055995525,43.40195554770819],[67.0341833610841,43.41581445551604],[67.04081406819789,43.41751786269445],[67.04526421240786,43.426957765428426],[67.04526423845914,43.46054366908787],[67.04078732904247,43.47009509468119],[67.03258704265671,43.471401591931176],[67.02205021751004,43.46609972748467],[67.01609727651912,43.48137660677182],[66.9993221159337,43.49910603017752],[66.99232581096238,43.50089858665854],[66.99166587322358,43.508331856019524],[66.97174705359024,43.508933834778084],[66.96160255002385,43.52426425809966],[66.95342016394548,43.52556629832226],[66.94791763518545,43.521303377944676],[66.93835278402095,43.525851707563056],[66.93683227738138,43.545021395486636],[66.92596999173541,43.54659986617615],[66.92413719642353,43.55301207820129],[66.92036486640869,43.55478235786049],[66.91457689342872,43.55055509307465],[66.90527523142981,43.55863050745549],[66.90316614004551,43.56600589234957],[66.875809543695,43.567352528952874],[66.87405263079809,43.579432280452494],[66.86875068788036,43.57556177026538],[66.858334248988,43.57916471822675],[66.85245715909174,43.58714201111781],[66.84409185682605,43.591311295809454],[66.81330630811921,43.59653732848826],[66.81171434634916,43.60749337634243],[66.80369697643859,43.608951486459844],[66.7953627912006,43.603547080604464],[66.78836211158723,43.60866609085582],[66.78673004828495,43.61986290693162],[66.78009490048916,43.62175800183097],[66.77419995898971,43.632598143273896],[66.76666847690332,43.63333387268578],[66.76589262109943,43.64092771419611],[66.74786455782578,43.6423100207006],[66.73963301100828,43.649355382737866],[66.7260283588106,43.650746633807906],[66.71980787357677,43.66590312612666],[66.70801348295215,43.667307760233506],[66.70208294298384,43.66310725377703],[66.69551024476422,43.66730775745756],[66.68700671914138,43.66185872938263],[66.6798632537214,43.6674504584017],[66.67916758995683,43.68333376263516],[66.6559089021899,43.68298148880367],[66.64791821194473,43.67501308774069],[66.63575828761691,43.68298149060071],[66.62184142062684,43.68414534940485],[66.62026733511456,43.68824772405832],[66.62520359986742,43.694615270379884],[66.6241289132704,43.6993909932945],[66.5936242013565,43.700568174661555],[66.58418428991803,43.70501838046888],[66.58248089545783,43.71164904515158],[66.57083372192587,43.7166655628797],[66.57048152265703,43.72742532729138],[66.5586871914154,43.74340677832448],[66.55918212445908,43.75331490131005],[66.56471142421148,43.754732867473386],[66.57707204439528,43.7662061716343],[66.59045377105343,43.761934294936594],[66.59280375666509,43.77109782351207],[66.60515538285105,43.76609915376783],[66.61992847058701,43.779810871648365],[66.62168530153838,43.78665113950657],[66.62831599320836,43.78835007254307],[66.62916768150549,43.791667647079635],[66.61075602801435,43.80381422615623],[66.59341017780679,43.804518730883146],[66.58958423040212,43.80831791247002],[66.58541500416,43.804179830675515],[66.58158907887542,43.80797898605747],[66.56912146385095,43.80868799905649],[66.56078287872646,43.80381422559943],[66.55035755787625,43.81421281657662],[66.55358151645032,43.82291698458881],[66.55058048512362,43.82709073719888],[66.55775519970155,43.83541142657562],[66.55353691667823,43.84206441293723],[66.56299909883663,43.857751490659155],[66.56163465287547,43.87112436442452],[66.55539630475684,43.866638471982604],[66.54229554227358,43.8895181280317],[66.54131451674006,43.914926109268904],[66.53785419655473,43.918408635165925],[66.53750195268742,43.924999223185374],[66.53118781761148,43.92563240254018],[66.52621145795977,43.92921306525808],[66.52405329943615,43.93655273687305],[66.5174493345079,43.9384924484989],[66.51584411552848,43.94927904035997],[66.49785161293691,43.95063011818431],[66.49236695898055,43.954968833209506],[66.49103808330929,43.97775927819465],[66.49909572891798,43.980122625822254],[66.50062963972158,43.98609334766979],[66.4926122385698,43.988443274725576],[66.48745302708636,43.998788414950766],[66.48011327725757,44.00094662081406],[66.46729789373002,44.02285415495768],[66.46591108956302,44.03672197003232],[66.4537689987144,44.038131056625154],[66.44583176103326,44.03333302820016],[66.44583181690398,44.04166711940035],[66.43112117501812,44.04640269028374],[66.42304578765193,44.05359968730698],[66.41592010042025,44.05473226218917],[66.41041765336443,44.050469365785226],[66.40513359892302,44.05456282514797],[66.40331420867946,44.0616483456199],[66.3968218031542,44.063316027777425],[66.39526559954268,44.06751652876367],[66.40097765609107,44.07436569394279],[66.41887651238906,44.07556519459411],[66.42912795436429,44.084862418924224],[66.42556517501696,44.08945528574584],[66.42433890303,44.103265165007876],[66.4134676273469,44.108727571158035],[66.41164832488653,44.11581753515984],[66.39409288579431,44.1246465136134],[66.38995032169461,44.12535551858775],[66.3815894844119,44.11702149830008],[66.373286640657,44.116312485306686],[66.3687472567422,44.12082064322065],[66.36075653598635,44.11285219740075],[66.35416601475463,44.11249995998357],[66.35320281080708,44.11570156462535],[66.34657215433737,44.117699270588815],[66.34518988065248,44.13228499648234],[66.35701984703869,44.13408646704658],[66.358977356797,44.13782317954446],[66.35399207209535,44.14485517475459],[66.36535391286635,44.14658532064357],[66.36731145499145,44.1503220335472],[66.36310648419789,44.15624817140745],[66.3756410870557,44.18821546064343],[66.36314224058617,44.20202974800401],[66.35480814563202,44.218697913200636],[66.3533901317928,44.23261477437657],[66.33945546167267,44.2327663556502],[66.33137556089032,44.22556937924036],[66.31751667176111,44.21998209371793],[66.30954830070588,44.20359936120403],[66.30743911180261,44.211826404900364],[66.29508737386156,44.21306601372286],[66.28258848462374,44.20776418495881],[66.27624767293825,44.21267810290942],[66.27443282938721,44.21741368745785],[66.2786957363078,44.22291623178575],[66.27460223865046,44.228200223500856],[66.25833547583936,44.23750194384521],[66.23090749403357,44.23714520036503],[66.20659205919472,44.21702123606989],[66.19757582301025,44.21631226453811],[66.18578138078969,44.20797823351436],[66.16666524671524,44.22916785517816],[66.15416644518656,44.22499862515232],[66.15035392036512,44.230906883349995],[66.14964492518165,44.2440924689302],[66.1399507818332,44.25381329761857],[66.11424409008848,44.25451781711186],[66.10242305289893,44.26214736239811],[66.08840807212886,44.26312394651077],[66.08658873194835,44.27022729180587],[66.0708346820231,44.27083370712897],[66.0664202542807,44.27565400264936],[66.06045388944969,44.271489210291435],[66.04732188558987,44.27017818283305],[66.04101227559579,44.28774706869566],[66.04520380334874,44.293749003032616],[66.04175693927421,44.29868523913653],[66.03047985154078,44.30407626487855],[66.02562840876686,44.3145819668347],[66.02854017512028,44.318751221786904],[66.01732102079275,44.33954399828055],[66.01601013321125,44.34608101755481],[66.02149028975548,44.35441064042256],[66.01729436874172,44.36041704453242],[66.02110236377374,44.36586608282208],[66.00833157409569,44.366668688861644],[66.00833151090548,44.37499829311451],[66.01306704795252,44.380014812734714],[66.00741295083671,44.386797058174075],[65.98848857116083,44.39238432506513],[65.9825356402772,44.40342956072208],[65.96867231508126,44.40478511352644],[65.96371377217899,44.408405923004935],[65.96162246636027,44.40109741697292],[65.9575959148122,44.39938067390297],[65.93966138940121,44.4118840112791],[65.91867236381727,44.41728396987712],[65.89645266904756,44.44367294366023],[65.89503920461253,44.453371455262406],[65.88534061964432,44.4547850173192],[65.87990052580005,44.45913260027977],[65.87854935536006,44.472991492682326],[65.87083509506417,44.49166622611681],[65.87118745966222,44.50242601319855],[65.87464770000328,44.50590857810425],[65.8749999632682,44.51249911115671],[65.87856724430056,44.51341773713608],[65.87916472790843,44.53333206715116],[65.87535220686053,44.539240334016675],[65.87499991452606,44.554164962672544],[65.864507672085,44.55478481669286],[65.83549233697566,44.56604847665432],[65.81350004008041,44.5672836487764],[65.8117074797989,44.55495870062671],[65.80096995201995,44.55339798334258],[65.79901240466931,44.54654882134057],[65.78518476801227,44.54521555192798],[65.78271439663544,44.550468366756256],[65.79166823911133,44.57499792727073],[65.78541657330653,44.57130130503272],[65.77425547356671,44.57556866930339],[65.76887783394515,44.57139939615999],[65.75195551135212,44.57026676052102],[65.7425869683275,44.56191488488204],[65.74081671159193,44.55501664227508],[65.718409670966,44.55452168500492],[65.71007564146052,44.558686481585326],[65.69166842025751,44.57916715644723],[65.69517336370075,44.58006790410157],[65.70056880235168,44.606376625967286],[65.70456417885498,44.61153134769914],[65.7115114395942,44.61331496509281],[65.71306770267708,44.61751546859613],[65.70741352749936,44.624297684388026],[65.69672064015775,44.62570678667977],[65.69583329571671,44.62916704277096],[65.67183882288325,44.629809169723124],[65.66216709061827,44.649139390487264],[65.65073391455313,44.650802589373505],[65.64938282567405,44.66466150421764],[65.64447330256867,44.670797221466735],[65.62869699087081,44.66604827703613],[65.62036304927396,44.671452698543035],[65.60208511178857,44.66306067001662],[65.58825297107792,44.66746625760455],[65.58688403064261,44.67963515018999],[65.59110678072197,44.68541865052124],[65.58670119662746,44.690930096830485],[65.54065652719171,44.686934711588464],[65.52304306798624,44.703598370446265],[65.5075878424443,44.70473541919907],[65.50221019959106,44.70056616257319],[65.48454769566733,44.69943359606833],[65.48649181959541,44.72002126118395],[65.47026513123845,44.726214926753414],[65.47916551659614,44.733331655040914],[65.47849661752772,44.74918824177723],[65.46365681265529,44.754280545591556],[65.45736060328014,44.77006572044821],[65.44166447794252,44.775001949574566],[65.45370405425955,44.7937391074759],[65.45056931434429,44.79778800315928],[65.44936086789178,44.81576258697817],[65.43554219001602,44.82443108578477],[65.40612102862355,44.829732946584954],[65.36029037667507,44.85473515357428],[65.33554237819564,44.878600238778375],[65.31029050923267,44.88806693020129],[65.28839182081033,44.90902916639344],[65.28664827632223,44.91581591138268],[65.27720845411945,44.92026608556827],[65.23507428647305,44.92118467833433],[65.21492363701452,44.937148264970794],[65.18995274524859,44.9378527983851],[65.18575664621045,44.93368798776651],[65.1708320600374,44.93333128096243],[65.16453134935391,44.93397784565981],[65.15516728258257,44.941995312718376],[65.1489869198297,44.92163059449128],[65.11758148253395,44.916025519552875],[65.11666740274879,44.9250016673954],[65.09953105691703,44.92978628355564],[65.0911970480239,44.92438184275356],[65.07183110074843,44.93395108634321],[65.07001623632532,44.92148341368391],[65.04583451534319,44.920832419416314],[65.04498287424043,44.91751932671903],[65.03408038395433,44.911932041092356],[65.01741221339684,44.921398725167336],[65.01041587299807,44.91713580135565],[65.00491338668328,44.921398688640934],[64.98276501541196,44.91545025374551],[64.98806689452427,44.904913445452024],[64.98676036432241,44.896713118094866],[64.97956338485106,44.894867076516825],[64.97500173402597,44.887500593142796],[64.95833359911082,44.8875006342089],[64.9573571074031,44.89101441335879],[64.93115989706857,44.892271870784604],[64.92707536069065,44.895299600738085],[64.91883931775968,44.888107045406],[64.89782809082598,44.88689419813298],[64.88532918179709,44.88272937425185],[64.86050542813905,44.863104880220696],[64.84689622561653,44.86189644407255],[64.8452285414144,44.871372072924],[64.85772739859573,44.897827872539146],[64.85798157038319,44.91908892987124],[64.8524567228813,44.924644902497405],[64.83161937432317,44.92951874696459],[64.81495572347198,44.92048011349148],[64.8107596672542,44.92464490597294],[64.80416466054311,44.925001637355315],[64.8034690501717,44.90911391442805],[64.79583504970181,44.90833355240013],[64.78091048713713,44.90868582932209],[64.76249880593339,44.91666758598442],[64.76181207672582,44.9049758341335],[64.74166592269677,44.89999948663645],[64.74100591026074,44.907432790377044],[64.7341835309289,44.909185205963276],[64.73248459218185,44.91581592943285],[64.72570680832077,44.91755496687177],[64.72026663387969,44.935542991312964],[64.70349155668062,44.953272341496906],[64.69556766002127,44.95530573784397],[64.69953184410667,44.96041582289329],[64.69543836685118,44.96569985322327],[64.68001885202118,44.97168400757988],[64.67443159880322,44.98408032689146],[64.6793677585243,44.99044788484337],[64.67830206263693,44.99520576008824],[64.65507455133489,44.996458768035254],[64.65331774517743,45.00331682531099],[64.63970859403608,45.011931841964476],[64.6227906958598,45.011931840007676],[64.61763600876769,45.00793649349232],[64.61581668321602,45.00085096081265],[64.59092159051767,44.991098900276654],[64.57841822836667,45.00056556898723],[64.57291569859274,44.99630270649344],[64.56887576731233,44.999433001506716],[64.54674076192346,45.000623576016515],[64.54502401814167,45.00732555859777],[64.54092163355067,45.00889962838423],[64.53541464429958,45.00463676758136],[64.52841825740514,45.008899672936124],[64.52291580943759,45.0046367344396],[64.51887580440444,45.00776706371807],[64.50342056560116,45.00889961534504],[64.4980429462751,45.00473487128844],[64.47695583138028,45.003597765000094],[64.47008880577438,44.999432961385246],[64.45895892452863,45.005073763737556],[64.45833464463642,45.016667380900394],[64.46909002992636,45.01701965661051],[64.47831583464306,45.0216838733442],[64.48389862283013,45.034271943791616],[64.47441861331951,45.04491582736467],[64.46751588547866,45.046686085579296],[64.45833461811004,45.075001345028895],[64.43125004788668,45.086893773846754],[64.42626029192918,45.08335772852721],[64.42402189298318,45.075924393335995],[64.41811353513455,45.07435929184432],[64.4156520656836,45.082537249499765],[64.36224991471393,45.09254348019363],[64.36606240403098,45.09791670088471],[64.36310162770876,45.102085959551],[64.37023176181378,45.11041107152061],[64.36731098551887,45.114531299345366],[64.3666688774616,45.129166037646826],[64.35590903495986,45.1336875804409],[64.33992322135745,45.14964672247261],[64.3357851804954,45.15035123135235],[64.33158911277191,45.14618641121338],[64.31249974060208,45.14583416348718],[64.30886550158175,45.16042436896632],[64.31713724321835,45.16989102047252],[64.31587976184464,45.17839008508859],[64.30111112721666,45.183518070685736],[64.29129674689952,45.19894206736185],[64.27499870173442,45.20833294325027],[64.27168561282988,45.20748126428099],[64.26993759087854,45.20067222491091],[64.25758585936872,45.19943260212644],[64.25221268079179,45.203597399422236],[64.23675301858836,45.20473443169992],[64.23137532780787,45.20056520717504],[64.19583174441607,45.19583409757403],[64.15086180022553,45.20066776422096],[64.14938136514863,45.20880118235638],[64.1542418167523,45.21545412123044],[64.14282645186846,45.22094774766447],[64.13688246814948,45.23650110544229],[64.16276750308572,45.24261453133402],[64.15889712550708,45.2479163725345],[64.16311986205146,45.26049550818954],[64.16678075291351,45.26550757310222],[64.17419176955725,45.26762564034933],[64.17561869627421,45.275469159366345],[64.16492579806288,45.28714758522734],[64.15833519829471,45.287499845681644],[64.15711788622971,45.282764292197804],[64.14778950497235,45.28390132729619],[64.13834954845353,45.28835151540251],[64.13749785221351,45.29166460262686],[64.129168226586,45.29166463884831],[64.11349004039968,45.2744346361671],[64.10089752748661,45.27566980263959],[64.09903360831142,45.28293815519106],[64.07574822597967,45.29640017474811],[64.05612367584327,45.29526756133099],[64.0416672818509,45.28749982020461],[64.03575896698251,45.29131234456477],[64.01424381392411,45.29202136540467],[64.00381402800967,45.30588025586338],[64.01248696411224,45.314584393015025],[64.00661881253264,45.3204793288654],[63.99341095733088,45.3211883290598],[63.98785490929648,45.326713151699664],[63.98749809195006,45.33333494995054],[63.972827630062525,45.33272849123319],[63.96744110499563,45.328376385646216],[63.96594279898331,45.31783957010214],[63.961960878100165,45.31606035352239],[63.93540697176343,45.328635018993886],[63.922404183575914,45.31672035011346],[63.91744570555484,45.31745160319601],[63.91589387498104,45.328345214692376],[63.907791670113625,45.32977210761942],[63.902084039131424,45.325540440994935],[63.88532678089682,45.329772075185744],[63.87708187931423,45.336973525573484],[63.86875673430025,45.329700788733426],[63.85362697884243,45.33393692740574],[63.84166771794562,45.32916567684925],[63.84131548027616,45.339925448980814],[63.83298134271954,45.355880164571786],[63.8371461861894,45.36007613120118],[63.837855213457345,45.37254826187482],[63.83162137361332,45.378813283108265],[63.81424418894004,45.37951784824402],[63.80833145145867,45.387499646141535],[63.82022390019789,45.39684593071991],[63.82140108031488,45.42304314339712],[63.82973515649118,45.44260516488817],[63.82026407501218,45.455153099443855],[63.841667692253694,45.475000538799556],[63.828419691350206,45.48806572839157],[63.82304203885187,45.483900900389834],[63.814034649092264,45.48276383103292],[63.8119344044704,45.48824851851821],[63.81723180586475,45.50074737297598],[63.81296888712192,45.50624993886494],[63.81619735388497,45.510414763478245],[63.80890218347955,45.522788746363645],[63.8077650898019,45.5355417842079],[63.795832635654165,45.54583339326643],[63.79929286572337,45.546720732715684],[63.80070642762425,45.55741365616011],[63.82916882544158,45.579165181591605],[63.82881204731819,45.594089787758634],[63.80659241763936,45.61214467057405],[63.780907920286396,45.612853684208176],[63.77742537628293,45.616313938434644],[63.76007508169177,45.61701848321781],[63.756592538837225,45.620478756619676],[63.730908051241634,45.62118773468326],[63.72742551566408,45.62464798955412],[63.714244398667944,45.62535253648863],[63.69825857698076,45.63298204412692],[63.68749878118877,45.6333343323743],[63.651955251272575,45.63276798945106],[63.63816327111605,45.624099511417626],[63.63749884803112,45.616666195376254],[63.6333340167997,45.61666617871167],[63.613468797957886,45.62956190108873],[63.607484657872114,45.64498149692856],[63.58125172932906,45.65786381119347],[63.562501206561855,45.6499979768837],[63.56214441726128,45.64340744346035],[63.55354737922182,45.629637702903715],[63.55777011070123,45.61458383634939],[63.553355626682446,45.60068925627529],[63.53117160685174,45.59938274642072],[63.52175842664901,45.59490576456465],[63.513116664291594,45.58132784323715],[63.51163622249366,45.571165508368814],[63.50632542381627,45.56728609578223],[63.49166845795316,45.56666629826174],[63.48248265278575,45.582482772243964],[63.45904112699517,45.59255586237561],[63.457623177118016,45.60327999357447],[63.43945682521005,45.60889843464333],[63.431376932998155,45.616099901158314],[63.410289763217556,45.617232516786615],[63.3979916204947,45.62854974274582],[63.38703110705688,45.62978489329063],[63.37162938134354,45.62420656403002],[63.365694287102194,45.60493431145658],[63.35617411113257,45.60354753348177],[63.330030442769974,45.58716924289515],[63.32500060394429,45.570831081957074],[63.31007601881833,45.5663140400441],[63.298259358968146,45.55868454227959],[63.28840026934777,45.5589966772834],[63.28661217839686,45.56595732735386],[63.272918219229716,45.570362907903615],[63.23422223142662,45.5576232311015],[63.2325143494671,45.55097917456813],[63.228229197538354,45.54943188441633],[63.20833267555505,45.56250154568879],[63.189533057364116,45.56185937407454],[63.16874917301287,45.55477389923767],[63.164584408130736,45.55772578595071],[63.15384693120311,45.55352531110469],[63.147969781054414,45.557690116869146],[63.113416233168834,45.55897433208225],[63.11173073140398,45.54243999415564],[63.100850497240245,45.54251580616483],[63.09999872720496,45.54583340039801],[63.06734038317529,45.53243823023212],[63.066100703472635,45.52008657132177],[63.07140253488315,45.51175247749432],[63.06581527151296,45.50084996756319],[63.054970806704304,45.4992669853024],[63.05339675012355,45.48847153285786],[63.046761604002576,45.48657195000187],[63.04486193878333,45.47993680324382],[63.034307275664275,45.478398402684036],[63.03333528376226,45.47500057747214],[63.01867372559953,45.47561589246722],[63.013657214139975,45.47928132577967],[63.011507904376835,45.48680829057858],[62.9936714935499,45.488119216310636],[62.97869791120023,45.49644885888691],[62.96619906013444,45.491048875299036],[62.95949253853242,45.49594943685992],[62.95388739490832,45.507400383220265],[62.945366101133665,45.5089521639641],[62.9395826597254,45.50472939722925],[62.93419609030212,45.50866231679287],[62.932564006225824,45.5198635525535],[62.91740303795262,45.52996787147486],[62.915931557716696,45.545030761387295],[62.905140574104166,45.54660032878317],[62.903240976822836,45.55323996476193],[62.89382777796847,45.55771687075461],[62.876365969880695,45.558952054062935],[62.8737885987731,45.549926844552566],[62.86882561295863,45.55354761746334],[62.85617517052977,45.553547604410916],[62.850859848122866,45.549668233418465],[62.84920557248102,45.538293050074266],[62.83449051260466,45.53321855599206],[62.83234124729453,45.525691635153215],[62.8145048215547,45.524380671374374],[62.80949284654246,45.520719747257],[62.80712064069299,45.512425786894546],[62.80115876024727,45.516782363524335],[62.799027321362225,45.52423350475314],[62.78549394370712,45.5285499390767],[62.76666767396126,45.529165255737844],[62.7658158815852,45.53248285656342],[62.75904249793757,45.53422189609906],[62.75776728994583,45.54387583015794],[62.74908538605841,45.561903992726634],[62.7061219183259,45.56306779106083],[62.69804202310079,45.57026477268224],[62.6883881445775,45.57154011552308],[62.6875007348068,45.575000344968245],[62.6811242314094,45.574434085631765],[62.671492606171256,45.569934838914946],[62.67026630082816,45.55612496095219],[62.661602222631466,45.546569160097235],[62.65341988509594,45.54526708035713],[62.645834891776836,45.54999815166471],[62.645192775311706,45.560468146761565],[62.64169240869721,45.56540438511478],[62.62990696567759,45.57158465204271],[62.62842654813561,45.59089257734507],[62.60416457672782,45.59583325740836],[62.598042181546894,45.59223480385726],[62.58112440989045,45.59109771917169],[62.570832820442114,45.57916517573087],[62.567519691567725,45.58001681095931],[62.563065078269375,45.58945676178725],[62.56155788408676,45.59920882127196],[62.55362516525783,45.60060455639745],[62.538950266404534,45.59173536980377],[62.534112133086545,45.59245330165332],[62.5327298249665,45.60217415319357],[62.52560414266782,45.61032534859825],[62.524395752649404,45.617205743822126],[62.52960846584688,45.62424220442273],[62.528368728269356,45.632643171804695],[62.50930616026876,45.63401213523872],[62.50416481605607,45.649997997320234],[62.493623525570065,45.64943167151519],[62.48958354279369,45.64630142408055],[62.46887549159873,45.66193052830497],[62.45506566870201,45.6631612247763],[62.44908156667639,45.67429562316444],[62.43855354560459,45.67568688189179],[62.4369349125778,45.67991409622072],[62.44186674938588,45.68628169070822],[62.440827700441126,45.690919159208065],[62.43258732871992,45.69223456057089],[62.4272096113369,45.68806531986285],[62.395835371724075,45.68749899798796],[62.38995835186236,45.69547634966274],[62.38750137465094,45.69583307901167],[62.386364309792256,45.69140072247812],[62.37991190095313,45.69639939651834],[62.36756469871809,45.69515974204432],[62.36179013694844,45.675887553966476],[62.335414576856664,45.65880025591604],[62.32570709700202,45.66338866177077],[62.319945957638275,45.682625205049675],[62.309253000653214,45.684038776331995],[62.303251028131356,45.695231095433726],[62.268621710840165,45.69639938793009],[62.25416533654963,45.70833192343761],[62.246491164839654,45.70320847080232],[62.24526491640603,45.689456588419404],[62.24074780661208,45.684038775149325],[62.23005495455887,45.68262525339756],[62.228280246989655,45.67570915857421],[62.20833459996089,45.6708353881509],[62.20485657188851,45.67182529562775],[62.203550088932346,45.689661698186434],[62.19529621397888,45.699172948682055],[62.185183022465935,45.700617714550205],[62.182717165991996,45.695364857077806],[62.18757309953857,45.688711938899004],[62.1800951331316,45.686571556982244],[62.17416462235117,45.67569131025364],[62.15369724819563,45.67438033513966],[62.14752146712788,45.678892969604405],[62.14521609910736,45.683802407287644],[62.14943882707934,45.68958139751789],[62.14119845091593,45.7006177029241],[62.13449191999469,45.6957215697422],[62.13236045260962,45.688265972718426],[62.1228403651184,45.68688365069668],[62.11333353645253,45.678629866175996],[62.11170590637627,45.66745984242672],[62.10200738441421,45.66605071428853],[62.08957538209497,45.658889453186084],[62.08132606643243,45.66605075425336],[62.07700520180886,45.666050757922676],[62.065866328769864,45.65073372184382],[62.03829578507151,45.64503943764273],[62.036882215074115,45.63534088316597],[62.032454256372446,45.629802729559366],[61.995831744930356,45.629165072902275],[61.989709385451825,45.625566599851815],[61.96862223049301,45.62443396521606],[61.957586080212685,45.620264699215],[61.95220833200617,45.62443398957587],[61.94287988202813,45.62556653708893],[61.93600399278645,45.61251480258653],[61.92916816639513,45.61666620652347],[61.92969431432785,45.62724763726203],[61.93381457337725,45.63233549147969],[61.932445661022264,45.63672768539371],[61.91876066335026,45.6454452303999],[61.91457799946587,45.64205636152095],[61.90308239349674,45.65773450683143],[61.88941975748008,45.658862697726185],[61.877246408118744,45.670304739278265],[61.86666497960149,45.67500019369118],[61.865777598275045,45.67153986490712],[61.84668370163532,45.66581437876403],[61.84498039909009,45.65918371521781],[61.83816242012469,45.65743577222079],[61.836610567148334,45.64654220495453],[61.82695668345679,45.645266893074016],[61.8122372118619,45.63636204134073],[61.81723578129339,45.62991419220817],[61.81513110449907,45.62443397782419],[61.78529081938922,45.62556654492644],[61.77991309551557,45.62973583907073],[61.760542804378176,45.61723248099889],[61.74778979971904,45.61609992345519],[61.742412112068486,45.611930677600306],[61.73529085636972,45.61306771629206],[61.72562358912918,45.61757588864541],[61.72437505152403,45.640758707838756],[61.697575808468955,45.64131166177341],[61.6937498849229,45.637512514380674],[61.6878550083837,45.64338066826465],[61.688425762834385,45.65740902722524],[61.70339944345284,45.66347339268802],[61.70496011310938,45.674206466070885],[61.71465861595581,45.67561550098771],[61.732776062300644,45.689590328442456],[61.72561911471398,45.697839647572984],[61.7241699510381,45.70779684723009],[61.70925875724788,45.717593485237636],[61.70740813299386,45.72407258585045],[61.70076857704627,45.72597215859789],[61.690896085261926,45.75319492481575],[61.68375705032812,45.75523723632355],[61.65895103815577,45.781171369839775],[61.64907423382211,45.807408734274496],[61.641961942507635,45.809437599862854],[61.632713744019824,45.8200948230434],[61.63811822352237,45.832865719206545],[61.63271381697161,45.84119531293983],[61.63785514943836,45.86911818663064],[61.662500564215506,45.891667909096434],[61.657394844370025,45.89636332079036],[61.65208415443943,45.89206474428386],[61.62691696653946,45.90052814041239],[61.62159276584878,45.90511204003151],[61.62083475487149,45.924999683162696],[61.59408910290589,45.90035419491767],[61.58333365278514,45.89583270487184],[61.58243297514347,45.89933755436589],[61.568623086923175,45.9005682315385],[61.56054319762879,45.907765207227015],[61.54091874115614,45.9130671015927],[61.535416133823624,45.90880422859455],[61.52425500855253,45.91306713020233],[61.50758688916865,45.903600446892604],[61.489589931126105,45.91620632520995],[61.47721152719005,45.90890234769489],[61.44783942384336,45.908951379346554],[61.43009217766076,45.91759307385494],[61.42816589753553,45.9243308105768],[61.40080932712267,45.925677453299095],[61.39923072393548,45.9365264642157],[61.392350389205355,45.938497376320186],[61.391048310759345,45.958804121325926],[61.39521753179437,45.96450728956608],[61.39583290808763,45.98333363291681],[61.388301515763175,45.984069349892344],[61.38688353997818,45.993825905010816],[61.37401899596039,46.01176487613892],[61.3620284776648,46.013115985673345],[61.35624949445339,46.008893167325624],[61.35216045159941,46.011880810303985],[61.33286593413534,46.01311598466601],[61.32715831527139,46.0089511219405],[61.302004534413975,46.00771601723618],[61.285492492743835,45.99645232099149],[61.26666616683829,45.995832470567436],[61.265765369319396,45.99232763753589],[61.25089881697191,45.99100327974824],[61.249079509054525,45.983917758090975],[61.237499171072756,45.974999597254445],[61.230132670746016,45.97956124233457],[61.22825996422444,45.9868741406343],[61.20734673412677,45.98806920062293],[61.19256927327554,45.97435301684139],[61.19081684082241,45.96751722133538],[61.18434221259169,45.96585393163797],[61.18276819200318,45.96175157653181],[61.18703545404528,45.95624459496761],[61.18240247138496,45.95069300303065],[61.172048470934,45.9494310539384],[61.16998390620748,45.95748424654315],[61.16312137006113,45.95924106461152],[61.16187728561101,45.9824240010201],[61.14925355202899,45.98806918848559],[61.1438758690324,45.98389995893636],[61.134221891860435,45.982624639138514],[61.13243387729347,45.97565950535751],[61.11862401341664,45.97443322451029],[61.11470891600951,45.97140107304802],[61.101955901815515,45.97140109121648],[61.088386813813166,45.97570856424834],[61.08293785007494,45.986530810363966],[61.07585230877091,45.98835012205721],[61.07443430137232,46.023041884865755],[61.069926161270196,46.03270479323941],[61.049253761971606,46.03389986656563],[61.043876089841056,46.02973505317597],[61.02621356493427,46.02859793804875],[61.0202650641968,46.048044115163584],[61.00889885252975,46.06028877948818],[61.00776629379046,46.0688769974633],[60.99902644767568,46.07851309957351],[60.98528795501238,46.07973489905375],[60.981377323368186,46.082767082508255],[60.908332846842846,46.08333340091892],[60.889635791637765,46.09102540587911],[60.846748113521116,46.092309609685195],[60.84495563667802,46.074749661057254],[60.83963590570992,46.078522032583855],[60.817509797731134,46.079882076120555],[60.816024988523274,46.08963413508941],[60.808011876719284,46.09647439701717],[60.79369819057937,46.091025375717194],[60.77884496601784,46.078522024487164],[60.7676302732346,46.08429658586377],[60.76252460535719,46.094570341642225],[60.758333053703865,46.09583229758653],[60.757980838683814,46.12742502060346],[60.75035124897316,46.135076844709],[60.74999903353457,46.1749991532358],[60.73258624156441,46.192233587662656],[60.7105448895967,46.17556545166113],[60.65077061818782,46.16172886462763],[60.64922783593666,46.1466036430275],[60.614634102176154,46.138144703793984],[60.595834495161235,46.137498110521335],[60.59619125288196,46.14828917708289],[60.604168588705924,46.15416626756907],[60.60772702779703,46.16875195197754],[60.60394566021923,46.17408055877525],[60.575737438785936,46.1799398396581],[60.57435507174055,46.19796799166586],[60.569869248012466,46.20736777456612],[60.55630013422657,46.216022911443936],[60.48924420687561,46.22118650685055],[60.48541824967779,46.22498572171566],[60.47916661700134,46.22083424626548],[60.45174313710181,46.22048200575693],[60.44825610617295,46.21702176267926],[60.43507504642792,46.216312733317665],[60.42742314843255,46.20868766764875],[60.405908114119725,46.20797865868232],[60.394091438667346,46.196188815650295],[60.36424223423507,46.195479830038124],[60.36075967280305,46.19201953496224],[60.34673127774767,46.19100735818671],[60.3458349723773,46.187498023878724],[60.33945401887366,46.18693173273393],[60.33137865535404,46.17973473024258],[60.32205013310892,46.178597678945124],[60.320832874175274,46.18333320784317],[60.305078860484976,46.1839396955972],[60.29850618095847,46.19581869388442],[60.293739380617374,46.19212657674965],[60.28403636696704,46.2009288578891],[60.28037990395434,46.21306654951924],[60.27860074289918,46.20612366775511],[60.27024876573658,46.196755115003754],[60.258334092101585,46.19166728656633],[60.25736196218223,46.19506510367367],[60.24662897166828,46.1966258072382],[60.24521546653529,46.20632880050939],[60.240800890728345,46.21184921080464],[60.19953195867445,46.21311555575614],[60.19166610336732,46.208335409955886],[60.19081433850044,46.21164852049859],[60.181378909642326,46.216098662546244],[60.16756463555903,46.217329380635064],[60.166668388177655,46.22083428647404],[60.16054597874135,46.21723573652808],[60.146731672641465,46.216005058420365],[60.14148781768968,46.20541465880911],[60.136752214229794,46.203599809933564],[60.12570703263959,46.209222728345885],[60.124431685590736,46.218876733302764],[60.11578558622686,46.23259293394106],[60.1075853242277,46.23389943255801],[60.10221207184586,46.22973461757999],[60.093623824388516,46.229734629051755],[60.08554389592995,46.23693159325468],[60.07841829475279,46.23806872838254],[60.06054167920952,46.22556537725618],[60.04092174875328,46.224432739392576],[60.03554400732214,46.228597588733656],[60.02588560931493,46.22987284390287],[60.01998172543891,46.244984735657404],[60.010416992279424,46.249533056339104],[59.99778880050731,46.24526570711206],[59.9897089415511,46.23806870174887],[59.9742536327299,46.236931610311814],[59.96249951212876,46.24166718170613],[59.95833462957424,46.24583199155403],[59.95776395351867,46.26887663096676],[59.934251046449226,46.288081957306396],[59.92860140987847,46.3022083945792],[59.92048585130514,46.31131392323436],[59.91591971437575,46.31306631953024],[59.91054201498839,46.30890151771178],[59.88656097968986,46.30776442552189],[59.877210336563614,46.316098493541105],[59.864457218452934,46.31723558984845],[59.85482108904331,46.325970917416655],[59.853505732216306,46.34076624260883],[59.840730420745864,46.33693140930927],[59.82585032783159,46.34668350765058],[59.82410234999958,46.353505893083565],[59.80923135141308,46.35482577796142],[59.80752340030976,46.361492146648764],[59.80342101111694,46.36306620797831],[59.78970927366494,46.354732172351056],[59.7767422696885,46.35451812153666],[59.772916378374724,46.35831725062737],[59.75624822648129,46.35001441841081],[59.75242238542134,46.353813559535936],[59.744119479725406,46.35451811382362],[59.73992352471195,46.350353301532074],[59.7274514202051,46.34964876246639],[59.71909049346669,46.35797836507184],[59.68507654215707,46.36285219093257],[59.66909064621061,46.374646492299526],[59.65590959170289,46.37535550075036],[59.63749794809478,46.38750206264308],[59.63809096033449,46.41158121949303],[59.64517201139278,46.413400531241315],[59.64583200878549,46.42083388218218],[59.640168918069804,46.42915456047814],[59.63554482818184,46.42556941758017],[59.60954829399974,46.42443236827352],[59.60743016960308,46.432677204691565],[59.592880066062676,46.4338990427305],[59.590766521253684,46.425663064279064],[59.58333319972687,46.42499867820254],[59.58272676188229,46.44075267470998],[59.575739374509936,46.4425452339971],[59.57443287451604,46.450745534221696],[59.582766957604065,46.4644572355212],[59.58389953102007,46.473785731466045],[59.57585083094492,46.475850279666126],[59.57499919582136,46.47916784261027],[59.59467269296635,46.49178261369759],[59.59675961028041,46.499073262924625],[59.60765319980284,46.50501278054101],[59.608950809494885,46.52963591363155],[59.591399759480844,46.56571897856303],[59.60345272519991,46.567471414284746],[59.60478592131883,46.58406818324823],[59.5964519052636,46.59367309509984],[59.595832111776815,46.60416533500219],[59.57573939119724,46.60486542107654],[59.57048205367571,46.63159330556014],[59.56285257508118,46.63924064507488],[59.562148052174216,46.656591024000406],[59.548257956564264,46.666311839045605],[59.53749812317859,46.666668547075254],[59.546683807394,46.682480541340404],[59.55351970702133,46.68423742069953],[59.5662058479373,46.69790454361665],[59.55359997532344,46.71572757038907],[59.55490198563839,46.72411962685969],[59.56191612456561,46.72592109783037],[59.57168595538179,46.740814513346656],[59.58749798934531,46.74583546109968],[59.595832067038465,46.76666839769807],[59.590726422838124,46.771363791882],[59.58558057102632,46.76719452110625],[59.57387985206761,46.76613773553653],[59.55833546744788,46.77916720336807],[59.55918266970801,46.782484809703476],[59.570138769237936,46.78411235521994],[59.57147647222495,46.81521903913416],[59.563342981985336,46.81766711487899],[59.56185812837638,46.82532337286542],[59.57026808917999,46.84387771067106],[59.56575994531517,46.85354058538939],[59.54508753547452,46.85473563387435],[59.53863518103157,46.849736980684455],[59.52535157514066,46.868407202877066],[59.52464696718862,46.88575757817255],[59.52083446789504,46.891665905738236],[59.52695679828733,46.895264349217825],[59.540708687329165,46.896490648006875],[59.54526592661471,46.90195748457669],[59.546541156977916,46.911611437436534],[59.550001396753906,46.91249878519444],[59.55320305681234,46.911535668455905],[59.55519185207274,46.904927271748676],[59.56729828688472,46.90352262554637],[59.57828107654042,46.91292689254471],[59.579966567272564,46.92398545362099],[59.586753351983305,46.926032186171724],[59.58814455878065,46.93963689207319],[59.59243428391865,46.94511267033946],[59.61463604809536,46.94647715194915],[59.63953126086675,46.95769179641011],[59.6503222236752,46.958976031160624],[59.65745683275757,46.95391489394353],[59.65833528863849,46.962498712300416],[59.65416600316188,46.96666798908882],[59.674642261027614,46.98504393063106],[59.67026778377509,46.998042196516735],[59.661933786467344,47.00739738399313],[59.66323132847566,47.015771601930666],[59.67083417581333,47.02083269720591],[59.66609858019113,47.03137844237551],[59.653519472904286,47.04492968031105],[59.62695656804184,47.054735207358874],[59.61335190379153,47.063350216871875],[59.60473247953511,47.07695490950225],[59.60350617554316,47.09076920391271],[59.58554494421696,47.09943326477632],[59.5727874241089,47.10056588682296],[59.56666515078078,47.1041687942956],[59.571400660785166,47.119619581621926],[59.566665050619676,47.12083247408606],[59.566665104886795,47.125001719392955],[59.57499916178922,47.12500171034686],[59.58824263129891,47.14510780846414],[59.615920335166805,47.1465569955579],[59.61732050357305,47.166912800526134],[59.61250022948484,47.175001617655624],[59.63992367236836,47.174644897696695],[59.66492583484,47.162146018454806],[59.67328217250329,47.15381196452676],[59.68162066697661,47.158685762011054],[59.69409280523068,47.15798120443722],[59.71424344044362,47.13785287786801],[59.72325975731718,47.13714832299536],[59.72708127917428,47.13334916631625],[59.730907119701065,47.13714831731271],[59.74825756726839,47.13785286554413],[59.76424336250061,47.14964720819124],[59.79409261528631,47.15452098733811],[59.8100740488688,47.166315270427454],[59.81666460020468,47.166667604623626],[59.82293402028192,47.15833352241712],[59.835415119075726,47.174983825458476],[59.83958439194757,47.17084577253962],[59.84341031982966,47.17464491566533],[59.86492546142471,47.17535386152427],[59.87588584688549,47.18679149254403],[59.885544318957045,47.18806680908658],[59.9019582987068,47.1994330494498],[59.92425385490476,47.20889969691683],[59.93653861052462,47.207664516489196],[59.94674989818397,47.19225388095377],[59.974998305804625,47.19166527895944],[59.99340999588146,47.21214596493976],[60.01249939144818,47.21249819204655],[60.01249937121232,47.21666749472141],[60.02325919720952,47.2170197241769],[60.029167574856245,47.220832251085696],[60.02973380781119,47.21445576560194],[60.038388905475244,47.200708351121854],[60.05762548318805,47.19494721206735],[60.05890073710691,47.185288794102924],[60.072046197473846,47.157767189789816],[60.10637682562301,47.158899832278145],[60.110287487467765,47.161932000978226],[60.12325895492902,47.16285506188584],[60.1309107551057,47.17048009672449],[60.14583536193353,47.17500163691441],[60.173258867892365,47.17464487406246],[60.176741484235585,47.17118465265164],[60.189922563448064,47.17048012555736],[60.21029176461401,47.1588998389112],[60.228315372277216,47.15331701782851],[60.23001877532164,47.146681847050864],[60.23806747299145,47.14461732798756],[60.23693483280592,47.131124050921365],[60.23276561243267,47.12574637932804],[60.2375011734187,47.10416877544978],[60.24799345441247,47.10354895875478],[60.25759834924474,47.095214942049445],[60.27716045864503,47.09645007426597],[60.28533847323759,47.10354898263677],[60.299531746268,47.10894894375463],[60.32428421498861,47.09901411020729],[60.32573342524312,47.084134061624894],[60.34583500767251,47.079166601077816],[60.357767567067086,47.09362300109286],[60.36338604898543,47.107624569967854],[60.3730443949611,47.108899930953],[60.378430983505986,47.11339469424316],[60.37973319997684,47.121581579891874],[60.375568364879,47.12695481000835],[60.37443129187593,47.13596665238529],[60.379911417023365,47.13806690379821],[60.38824557435491,47.13276503948494],[60.39486734746675,47.13789745039376],[60.40091828084984,47.1492949422339],[60.410545537234235,47.15056575829208],[60.422790176827526,47.157767178442604],[60.438245446656374,47.158899780534384],[60.443623057086256,47.15473503555754],[60.46343937479246,47.14943318427323],[60.47574642202494,47.15889981113806],[60.48112413364807,47.1547350330641],[60.502211195741516,47.153597945512246],[60.50719650066528,47.14973638867423],[60.50833363635842,47.15416870880059],[60.51637785221665,47.153348205880306],[60.522281619094386,47.14102326019621],[60.54380133716092,47.14230747587538],[60.54786351782999,47.14519251596832],[60.57005646682706,47.14655254309077],[60.5716127520495,47.16180714828314],[60.60630003182736,47.16314487252831],[60.616689734604634,47.16792951524385],[60.622085323633506,47.179153036310275],[60.64978068639838,47.16991380086522],[60.654168446611784,47.15833352430693],[60.66909311745181,47.15868576135237],[60.67500136187128,47.16249832916482],[60.67566136302281,47.169931646731],[60.70195668529858,47.18693417943283],[60.723043734201724,47.188066813059216],[60.735542657403826,47.19223603204452],[60.74069735288189,47.19623141523446],[60.74583422796014,47.208333439712156],[60.76075880119583,47.207981123746634],[60.76495492565782,47.203811869823255],[60.772575472606675,47.20798115195653],[60.78333529482222,47.20833338270542],[60.7840531998739,47.196579231220745],[60.80042702524141,47.19526378479129],[60.81249778480786,47.19999935302591],[60.80833300989477,47.187500519185356],[60.82047955039929,47.17742291207905],[60.8211886387143,47.16841106920779],[60.82881362911876,47.16075924908158],[60.82951821140793,47.151742988039665],[60.837147708977405,47.14409117634738],[60.83785229615249,47.130910012075496],[60.84583400744981,47.120832474376805],[60.839925654301055,47.112855142404946],[60.82674016460732,47.112146110409604],[60.81492351877938,47.104521094166195],[60.80174242134799,47.10381208987968],[60.79583411261933,47.099999508392365],[60.79526783667652,47.0894582119616],[60.78796829753635,47.07708424923134],[60.796400446052644,47.05491361819132],[60.795267770318546,47.039458351083624],[60.78693370429726,47.02158179882132],[60.79223562635534,47.00907847134958],[60.79099158379336,46.99673122675985],[60.782764481159155,46.99461759497991],[60.798045821111145,46.99109934715876],[60.812867915980206,46.98217229885257],[60.80359748578729,46.971769176209335],[60.80473452533405,46.960291469281984],[60.80889934560842,46.954913760749605],[60.80776663622389,46.94362335508732],[60.799432619450165,46.934272624886866],[60.80416814136078,46.92083285866098],[60.81619884303728,46.92561746822976],[60.822994481189475,46.92438233431758],[60.83256373654267,46.919860784087014],[60.834142284072065,46.90902069048536],[60.85632633706615,46.90771416882425],[60.86655098761868,46.90300980689703],[60.87021640530509,46.8979933573891],[60.87083173658144,46.88750105887355],[60.81029059036433,46.861932581379996],[60.79943266861169,46.851212942221],[60.80416824638354,46.85000003659035],[60.80478361002144,46.838504463618406],[60.826954203113786,46.82139940204218],[60.84076845806089,46.820173096233425],[60.841664750713136,46.816668268811796],[60.851956354752964,46.82026677749665],[60.889711611773386,46.821399387739525],[60.893622287001385,46.824431549321346],[60.91159239727689,46.82563995371874],[60.91346969484436,46.83293504409659],[60.920087004913256,46.838067511266374],[60.93137743318352,46.83693488840038],[60.947791334336074,46.82973344335422],[60.979165619345586,46.829167108322316],[60.992516193687365,46.85331761883886],[60.99915136783591,46.85501652875775],[61.00092156347228,46.86191921723767],[61.010290174265016,46.870266659097666],[61.02425157067985,46.87556850364823],[61.03958199070077,46.867136385411506],[61.06862414984692,46.88693476656982],[61.09804523869064,46.888067389343526],[61.112501687864075,46.8958351395463],[61.124987159815674,46.88124943618988],[61.12118802896743,46.877423491209235],[61.120478936781886,46.86424239902533],[61.11251504252812,46.85625174467604],[61.11631425339508,46.85242578405319],[61.117018692973346,46.83507546714437],[61.12081786507641,46.831249488542845],[61.117018664046824,46.827423639332785],[61.116314192071734,46.81424251912226],[61.10868463523321,46.80659067355886],[61.10833240567406,46.79166608929922],[61.13137701101785,46.79223238086105],[61.14241330631477,46.796401668855744],[61.14791584507769,46.79213430082352],[61.161614125578105,46.796539902591704],[61.166666387431555,46.8083342227862],[61.178465151905286,46.81759574046745],[61.17973595978859,46.82720958205284],[61.184293185899136,46.83267646904331],[61.198045058987894,46.83390270992485],[61.20748051087562,46.838352853933024],[61.21759375531014,46.85346473219865],[61.23824832017265,46.85890039316227],[61.24469619668935,46.85390174999258],[61.24583327138744,46.858334110154686],[61.27721189488396,46.857767771936196],[61.29073642596987,46.853464741716515],[61.30088527417692,46.83821017857459],[61.31054374128258,46.836934850335176],[61.318623536353314,46.82973343555855],[61.33137660326579,46.828600817114975],[61.33945648706867,46.82139939521115],[61.35637882636873,46.820266776528925],[61.36250113907198,46.816668235589006],[61.36840939706427,46.820480799610294],[61.38575986084555,46.82118530963789],[61.391668155622014,46.82916716344957],[61.39825868086851,46.82951942971278],[61.40381029012593,46.83504425111579],[61.4045193289991,46.84409172906633],[61.41004406151581,46.84964333084199],[61.41492236699254,46.85035231967836],[61.428812484852784,46.86421568050866],[61.4295214573291,46.893378189034756],[61.42499988224308,46.899999923615994],[61.4487847656894,46.89526437459346],[61.4509073162456,46.90354495515429],[61.502209274712776,46.90890028650535],[61.5102891670214,46.916097282629956],[61.52403206740119,46.92122969938777],[61.52564178813998,46.939636913322744],[61.53019899167487,46.94925516587808],[61.54786598341893,46.953522523248296],[61.57115586145868,46.954811245388115],[61.59855262765168,46.94102365119507],[61.60125037864675,46.9499864482914],[61.61698647774388,46.93268959545939],[61.624179076041905,46.93779085281537],[61.6257753756557,46.9534467186123],[61.64796838007041,46.95481121739261],[61.67158372994565,46.96314078726748],[61.68953158330014,46.9464771787619],[61.69478444379048,46.94518850763595],[61.69667064136853,46.95756695098521],[61.711470366530186,46.95907855541447],[61.712500489950244,46.962498695739505],[61.71909102455842,46.96214646175449],[61.726742803941946,46.954521395232256],[61.75659204699857,46.95452141005851],[61.768408680660116,46.962146411274986],[61.77742500915899,46.96285541985535],[61.783333282420045,46.97083273110572],[61.79914969906394,46.97584922915932],[61.80000141810053,46.979166834111766],[61.819090774702026,46.97881457886905],[61.824999087609285,46.975002042920266],[61.825578793316154,46.96346636878863],[61.83018505183989,46.96197249376053],[61.83693164968207,46.96777380822645],[61.837497940750616,46.97916682215177],[61.85637774479882,46.978600537831504],[61.86175551938582,46.97443128301622],[61.87425438187976,46.979733133643286],[61.9074256568557,46.97436436153796],[61.90918249334824,46.96751965108102],[61.91862242497105,46.96306947664937],[61.95416587195709,46.96249870146281],[61.94547513091011,46.93921326222679],[61.93333301895598,46.92916690730123],[61.9241472340367,46.91335053532379],[61.90195434415698,46.89943361819772],[61.88554479546503,46.883902559642955],[61.880015478763745,46.88248460113693],[61.87831662254218,46.87584943524478],[61.863351880453486,46.86998128268925],[61.86164845411477,46.86335056095918],[61.84778957166428,46.85776776614034],[61.8343230882679,46.84526446903694],[61.8217706898439,46.854735629048186],[61.81028857699073,46.853598563133446],[61.79110103416202,46.84461793447547],[61.796398445021104,46.83408107907688],[61.79526577663655,46.818621342566466],[61.792135529806274,46.81458142047316],[61.799430634711946,46.802211901111825],[61.80452290047251,46.76421136230156],[61.81007454634782,46.758686590367496],[61.82325557462416,46.757982011239555],[61.83162529884708,46.75380829610202],[61.837145678115164,46.74825671373875],[61.83785467706528,46.73924044873373],[61.84583209563846,46.72916731930332],[61.842411931424714,46.728137293995154],[61.836673060937436,46.70082526886322],[61.805615409497506,46.69518898024266],[61.803140583459154,46.70340262778844],[61.79134633087024,46.70481172753189],[61.78418045209967,46.69972833785627],[61.782691140752654,46.686868322997256],[61.791025286483965,46.67713407127636],[61.7923852378678,46.654941105426715],[61.83129983533768,46.649358350365056],[61.84504276196678,46.63692637432624],[61.84939934188281,46.61874661935978],[61.84230932373141,46.610466085998084],[61.841667202140286,46.604165333586444],[61.860417762342344,46.59630391410635],[61.8659202684459,46.600566860387055],[61.878205050296714,46.59933169736203],[61.88806868473443,46.58846039554875],[61.88677098893234,46.580063904883765],[61.88137551013416,46.575569161568225],[61.871752820772656,46.574293844704854],[61.86609861465856,46.56751601028856],[61.86723578286794,46.55612297198554],[61.88675324545661,46.53276620363169],[61.8949535010677,46.534072760549506],[61.89704921971286,46.54223290442349],[61.907764488531114,46.53137497465269],[61.903599614866856,46.52157834616861],[61.90473235944494,46.51445714696491],[61.91203632082424,46.50625690480382],[61.90890157832412,46.502212475827534],[61.907764465972626,46.48945493710217],[61.89914955220051,46.47168544243845],[61.892063935777244,46.469866160211026],[61.88749789681745,46.4624997130314],[61.872863079931875,46.46314183073058],[61.868751850023536,46.466062509962796],[61.85619943955899,46.461857592101204],[61.84263045551161,46.45320246992915],[61.83718578610708,46.44245604142002],[61.82020109088747,46.44102468835774],[61.80126328811961,46.454143372823445],[61.798975824001204,46.461737169672624],[61.78700755850389,46.46314184516998],[61.779213052458964,46.45703728175771],[61.783582937325995,46.45087483748818],[61.767695153613026,46.449256185005524],[61.754126124338775,46.426171384244036],[61.74728143584994,46.42435651735472],[61.74479773220267,46.43260586671466],[61.728843088401234,46.43397485507318],[61.72297037088887,46.429810030029124],[61.710364496508724,46.428525838834375],[61.7042110418334,46.42370553375161],[61.70768911364828,46.41880053938746],[61.70868791584995,46.38924109699028],[61.712487095956206,46.385415192015955],[61.70797895436472,46.380880298822696],[61.70868794964222,46.37257744927138],[61.71285273220282,46.36838149005247],[61.70868797708395,46.360756397688306],[61.70776493305049,46.33529048857299],[61.68236583740093,46.292063938633866],[61.67026384357808,46.28628495351008],[61.67146775993981,46.26757457795264],[61.67499945545336,46.266664879611604],[61.675356112217194,46.26004761810883],[61.680907708120394,46.254518314860455],[61.69583240369327,46.254166039213864],[61.69668407529033,46.25748359276364],[61.711648814447216,46.26335178715143],[61.71341011955014,46.27021878047776],[61.739709921011304,46.27140044837143],[61.77425461015425,46.288068584134336],[61.78245486858693,46.28676206688175],[61.79370063541828,46.275641084307914],[61.827135052817326,46.27435686354083],[61.835366542667316,46.267311458789266],[61.844387332492644,46.26602277334886],[61.85029113883414,46.278347752254994],[61.8659292066804,46.27993968774257],[61.8673115110036,46.29796776878106],[61.87852172922441,46.31453333422085],[61.87916830376358,46.32083409747949],[61.88262401986343,46.32172142334331],[61.88389939293026,46.33137540146613],[61.88842087765156,46.33679763822119],[61.8980436384154,46.33806849341084],[61.906123481897346,46.34526549694764],[61.924093749219644,46.346469441376456],[61.92499892930473,46.35000104308792],[61.931121217973754,46.34640257194355],[61.961581422538984,46.34096245493504],[61.96609844461581,46.33554463945026],[61.971543018762354,46.31338738470995],[61.97831639577901,46.311648285976815],[61.98389911587785,46.30074582197635],[61.97916807368715,46.29583185444459],[61.97973442438154,46.27695649253999],[61.98693130301008,46.264711835813216],[61.98806843470154,46.24778953374875],[61.99640253556613,46.238438805356765],[61.99485515838878,46.23415359266763],[61.97539563385355,46.224031434829946],[61.961933619053184,46.20074604413142],[61.97083398862341,46.19166731556398],[61.977424585201305,46.19131505325633],[61.98958460301226,46.18334659011147],[61.995831727206834,46.18749802252668],[62.000973099734956,46.19922989979679],[62.014582233142164,46.203604320679005],[62.020365646165956,46.19938152896369],[62.045028944318,46.20490189016317],[62.05097291807006,46.22423210353324],[62.06152765094067,46.2257705210973],[62.06342728696194,46.23240564676598],[62.07453043922835,46.23811773448344],[62.085415064496836,46.23389500706237],[62.10416563933735,46.24166715890331],[62.09964847626596,46.272546463271794],[62.1038133204378,46.276742470336174],[62.10416559878332,46.30000110721959],[62.099345282712925,46.31225476163618],[62.1049771481772,46.32812915711435],[62.11168807102593,46.33020264589021],[62.11357431122822,46.34232244116582],[62.12708540826844,46.33812643130016],[62.13308727682941,46.342322477918295],[62.14142135963152,46.336846711428024],[62.15065618379749,46.338697195858465],[62.14101107483299,46.34315633318162],[62.14238899567477,46.37009373873378],[62.164622049202606,46.371489476076974],[62.17916765939942,46.379167986654906],[62.18578495206595,46.37048172135063],[62.19583131789478,46.374998755629264],[62.19673204389156,46.37149393734577],[62.21154071805862,46.37017847201938],[62.21620051713391,46.364586755860685],[62.21193314879989,46.35907974545722],[62.21306579323664,46.343624501188486],[62.217636354204025,46.333729814693356],[62.222791080992685,46.32973441183075],[62.23244498717011,46.3284591209197],[62.234184035207484,46.32168576094607],[62.257710290748086,46.31159032571004],[62.258334590530495,46.3000011180627],[62.2658035219366,46.30449594312376],[62.26728394273045,46.31465821363483],[62.27444521709942,46.32291201314921],[62.27021359357806,46.33380115390202],[62.27438278626792,46.339504334378255],[62.275618005102736,46.3546340360872],[62.27139519209251,46.360417514523185],[62.2797828552826,46.394467217189714],[62.26738211514847,46.400816944177734],[62.266048765076654,46.4171372845589],[62.27027152448948,46.42291628659496],[62.26587046295126,46.43670382731741],[62.25491887258355,46.43830016772191],[62.25354991644627,46.45046908394099],[62.26188396782991,46.46450629032656],[62.26311913445559,46.48196369335025],[62.255092760850935,46.48426012372738],[62.250557899158686,46.493757978545545],[62.25925760266521,46.50740734530334],[62.265972940348455,46.50932471618042],[62.27168508716888,46.54081486192669],[62.28333222820428,46.545831386233615],[62.28418395683222,46.54251826651361],[62.29362390671774,46.53806810836795],[62.3032377336864,46.53679725481417],[62.31862162561037,46.5172351740287],[62.32831568135184,46.515817196408115],[62.328601053364444,46.49778902819024],[62.324150854612995,46.48834910974669],[62.31706087276327,46.48653426950837],[62.311932928491274,46.479912512202276],[62.31306562402572,46.468622041131624],[62.31723480323965,46.46324882480745],[62.31193290223078,46.45491476989916],[62.313065543083454,46.44778913805635],[62.31763618589312,46.43789439559333],[62.328520797051894,46.432427498364504],[62.34109987509392,46.41887633733114],[62.342567037373655,46.41315973548444],[62.35416515125238,46.41249980483823],[62.35776805107856,46.42279142370668],[62.358900642230836,46.45221255770762],[62.367234679401676,46.46591981858053],[62.36193286334192,46.47841873830379],[62.36723469130762,46.490922015209875],[62.3619328649333,46.4992515980522],[62.36317253427982,46.511603311824274],[62.37139951018664,46.513716975536305],[62.37026687148039,46.53970902338791],[62.36609760430947,46.545086734250454],[62.36791695004755,46.5498222930162],[62.3742533711189,46.55473176104323],[62.378355687090455,46.55316215449457],[62.38013484121736,46.546228259268936],[62.3908144657824,46.54081488065136],[62.399433880461245,46.5272101764701],[62.40487398206177,46.50505291669516],[62.40833419918801,46.50416556351112],[62.4213994046888,46.53137496713543],[62.42975131306872,46.54074799073394],[62.436899241032876,46.54258067970119],[62.43810314396372,46.578253519025225],[62.44934462373946,46.58429109955054],[62.45000013432562,46.591666499278546],[62.45659064185302,46.59201875282865],[62.46007772886262,46.595479011328614],[62.47742355893127,46.596187987712234],[62.485757603113214,46.60035284270166],[62.49131365038012,46.605882117303985],[62.4916658773998,46.616668689619345],[62.49975477497693,46.621488981983155],[62.50731294897784,46.61997286514099],[62.52214833564733,46.5957420782293],[62.53235071785181,46.59068550115215],[62.54232134255867,46.57558252778697],[62.54101035076457,46.56454624290257],[62.53267631261546,46.546081127474515],[62.536845532215935,46.53545502206321],[62.53825905752677,46.51740464603139],[62.56220886007864,46.51590190246561],[62.567323507397454,46.50858003129869],[62.56255671705938,46.5012671542397],[62.57069903190449,46.49875665932896],[62.58267618837367,46.485455163038736],[62.58418339685931,46.471685468504276],[62.590813984236995,46.46998208221045],[62.592883026833796,46.46193338956866],[62.61992301185393,46.4631106051031],[62.62205003528647,46.47140007787762],[62.632586881347926,46.46609821321812],[62.641665628385795,46.47083376715674],[62.642352283061996,46.459173219296396],[62.647841457282844,46.45478545949508],[62.67003888074675,46.44920714377037],[62.676000687597224,46.42438331294877],[62.6823905675112,46.42586374061469],[62.684490895062986,46.4332212454415],[62.6953666155706,46.443749196758944],[62.69109921078353,46.45711755769527],[62.70208203963085,46.462031478270745],[62.711285619884904,46.45776413507108],[62.71666771850947,46.47083375730724],[62.72423030254741,46.47160519568026],[62.725643885363056,46.48546855796647],[62.72914431825414,46.490404757983015],[62.73653747803242,46.49262985620066],[62.741652038021265,46.502917011118946],[62.73334917788629,46.505418535569255],[62.736898660030825,46.510421693276896],[62.72980870780915,46.51869775060659],[62.729166582679184,46.52499847594854],[62.73643042142891,46.52564505874786],[62.73806690220059,46.52991238929372],[62.733795115138165,46.5354282776147],[62.74259734058423,46.54513131661694],[62.75221122738675,46.54640215353014],[62.76179822128303,46.55509740839531],[62.76320734498928,46.56578138695957],[62.77818993454698,46.57165403625367],[62.77973278909167,46.57593925827244],[62.77139873571883,46.58528999139752],[62.77083242012395,46.59166647317887],[62.7823904406745,46.59636193490644],[62.787500526670165,46.5916664971217],[62.81666756388132,46.58750168491304],[62.81998061362024,46.58834890757064],[62.8217375036293,46.59519364531284],[62.84067082861515,46.59646450046999],[62.850899994202656,46.61183945713817],[62.86569528536312,46.6131548876546],[62.87443071162324,46.622791047843535],[62.87982168554809,46.6532065578716],[62.88528863248093,46.65776823655626],[62.89999915686716,46.65833452676062],[62.904168434991774,46.6458311941019],[62.91631503829221,46.635758042331155],[62.922575592468775,46.62535498861557],[62.93992598900887,46.62464600602187],[62.94583423669527,46.62083348463459],[62.945192149003326,46.606198707644296],[62.94171410376956,46.60129368833642],[62.97085877997843,46.586239751749886],[62.976191822290495,46.5752124280726],[62.989533474531136,46.563141604365235],[63.028385689666116,46.56181279910882],[63.029166005523884,46.55416546461019],[63.04375169682168,46.55062935027201],[63.05625056588894,46.55770599852006],[63.072878589279945,46.546486871455016],[63.1034278135323,46.54511793396805],[63.1041680873921,46.53333252952865],[63.11175303032031,46.5380680703203],[63.128260559977576,46.53685522154173],[63.13423130031304,46.52566288205065],[63.14166470970183,46.52499845522294],[63.14964641240035,46.53507600684654],[63.1499986676658,46.55416541671953],[63.16058011002739,46.55469609635633],[63.18242087129071,46.56326646582869],[63.18061481721666,46.583974553284435],[63.19796971383281,46.58269028447885],[63.20384674039969,46.57852551808878],[63.24088853334951,46.57985429825197],[63.24231096320163,46.59380241813735],[63.24686382933953,46.60342065779149],[63.26046846816313,46.60480746559289],[63.266345581276035,46.608976755424855],[63.27853224820585,46.5993584179853],[63.339662102359505,46.604785133017174],[63.34930713779514,46.60932895153845],[63.35070725008606,46.62836043202989],[63.360494996980854,46.62978287116263],[63.374193405960206,46.64228619393283],[63.38966202838771,46.64105106407622],[63.399886724787585,46.636342196744174],[63.40496119185885,46.62162720225645],[63.42036292875154,46.61604886222971],[63.42715858828867,46.61728399170249],[63.436763463539535,46.62561806293947],[63.4791650764113,46.61666866884789],[63.47916501574379,46.63333234958301],[63.48271013712566,46.63424196332047],[63.48333436341384,46.645831161253554],[63.519091850414,46.65035267662619],[63.5357823024304,46.66285159516848],[63.54825891183506,46.66214702608079],[63.55659287897377,46.65798223652826],[63.56666602093218,46.650000439365954],[63.56666601631986,46.645831199415255],[63.57877248879734,46.65096809664135],[63.58418583777612,46.66164762612443],[63.587498865235695,46.66249931513785],[63.58841310761735,46.65894092212232],[63.6188776012547,46.6577682112198],[63.626957533484884,46.65056672463019],[63.64911482332873,46.64512665740171],[63.6512150194429,46.63693083633797],[63.71471264700832,46.64223270808863],[63.728419969186476,46.650566742308385],[63.743620964498874,46.63806787749234],[63.753234824271296,46.63679706124215],[63.76609936585681,46.62304518782374],[63.76751732347295,46.61751587546791],[63.774602821894625,46.61570101785241],[63.78838586039365,46.59654029089842],[63.7990788195217,46.5951311920306],[63.80360029683758,46.58970893984448],[63.807863228499585,46.57708519215982],[63.804733006769084,46.57304525681719],[63.80507185210959,46.5423042210202],[63.82304206519271,46.541100280460114],[63.844695400817024,46.53306946184134],[63.846684199577865,46.54081490613188],[63.85000177800127,46.54166662362155],[63.88575925282643,46.54201886942009],[63.88995528285539,46.54618809799766],[63.90416641998633,46.54166656659651],[63.91175133875038,46.546402141161344],[63.93970989334454,46.54526507990482],[63.94362509729068,46.54223289282203],[63.97411194134669,46.536792791247144],[63.9759668290349,46.529564599330755],[63.981121579868,46.52556925386165],[64.07721081822912,46.51609811428272],[64.0907352460572,46.51179507496994],[64.10088865130913,46.496540451733516],[64.1214004847822,46.490453818951735],[64.12026783238116,46.46445725919576],[64.1119337992551,46.45510203003559],[64.11316455371394,46.44261655688833],[64.11998247498593,46.43693121871943],[64.16054249240965,46.438068330868866],[64.16592016816136,46.442233098564394],[64.17827187995174,46.44099350110076],[64.18001985585303,46.43418443658385],[64.19583186970398,46.429167910499416],[64.21511743647582,46.45004988313656],[64.22204687417148,46.43693122197769],[64.23258814919492,46.4422331119947],[64.24804339508268,46.44110050097407],[64.25208340579022,46.43797018177289],[64.25758589611466,46.44223305505999],[64.27008470910062,46.436931204064436],[64.2833327967995,46.44166678092103],[64.28393914625207,46.42591277287308],[64.34825721612957,46.420481622667644],[64.35590903934401,46.412852044013874],[64.37721021280751,46.4119334777093],[64.39489501302661,46.3994346502462],[64.41028782729968,46.407764243272474],[64.41994616728306,46.40903956369378],[64.42168522337737,46.41581739324445],[64.42848986450797,46.41577281700756],[64.44526499640484,46.39804338342541],[64.44654034680092,46.388389455692035],[64.45612284782554,46.38389913792617],[64.47083343014489,46.383332839133324],[64.47168516381852,46.386650394291266],[64.48112068768835,46.3911005729618],[64.4910822342656,46.39074833376021],[64.50538257578087,46.370267687918115],[64.52409303849754,46.3714671582622],[64.52584989240367,46.37831637397069],[64.52916741082876,46.379168036837235],[64.5440920712959,46.37881132281512],[64.56007349328425,46.37118623257271],[64.60000021284694,46.370833977107814],[64.61609764281937,46.35637754387356],[64.61758694627862,46.35058072616865],[64.63248033966052,46.34081529744826],[64.63806764994987,46.32991281200788],[64.63276578409696,46.31741392366315],[64.63433983302623,46.31331155526169],[64.67858300633135,46.294913308584405],[64.68693490764866,46.285544725098454],[64.68750125290067,46.279168230279375],[64.69387764599492,46.279734537818975],[64.73124947094654,46.29953292845588],[64.74491206097207,46.295127367433096],[64.74943364733943,46.289709575851134],[64.75056629958132,46.27695651059888],[64.75473555730532,46.27157885722177],[64.75316147470595,46.26747647390361],[64.74556756933474,46.265527833055735],[64.75000000275068,46.25833530738833],[64.76581638264727,46.25918250906084],[64.76756437360228,46.266004988813286],[64.77500217625028,46.266664930280825],[64.77916697844479,46.26666488872058],[64.78007660185466,46.263124387882],[64.79412280540083,46.26214336166262],[64.79964760245863,46.25659176429335],[64.80035212935285,46.24341070663168],[64.8041512154925,46.23958479862231],[64.7913134896224,46.22671582798284],[64.79201805835768,46.1892415700081],[64.7958350721243,46.18333322793671],[64.77180052489835,46.17460234813808],[64.7699812257374,46.16751681549262],[64.76445637684989,46.16609879701063],[64.74672696676951,46.1493236461637],[64.73806741412662,46.13554507787707],[64.73750109876023,46.12916852682519],[64.73785334391911,46.118408742957726],[64.74166592656377,46.11250039187586],[64.74640149025501,46.11128307194579],[64.74526441373482,46.09362504478818],[64.74081421368257,46.08418510444637],[64.73393381341901,46.08241929408135],[64.73333178308465,46.04583240977087],[64.7368366277609,46.04493165411183],[64.73750107781153,46.03749833307045],[64.74081422939074,46.03665109530901],[64.74256666540155,46.02982865295699],[64.749999908372,46.029168714575306],[64.75035221787077,46.00591008417462],[64.75415138062733,46.00208412956504],[64.74964768172558,45.997544740699766],[64.750352175027,45.99340674923111],[64.76702036109204,45.9600482278005],[64.76631137397862,45.9517408814196],[64.76251663923658,45.9479149745196],[64.77048059513726,45.93575948631085],[64.77083285194259,45.92499965033381],[64.76751983220667,45.924147955006596],[64.76581631999417,45.91751730544034],[64.75899398403428,45.91576488228183],[64.75776770114805,45.9019550071276],[64.75056627916392,45.889710320318656],[64.74526438098404,45.868623263691184],[64.73378661680195,45.85208444607108],[64.7416658793005,45.84166797506632],[64.75342010907336,45.8364686692735],[64.75504317135744,45.82058090624776],[64.76217778554502,45.82564196351673],[64.78333175072176,45.81666583593706],[64.79509487346988,45.82561971452363],[64.81466142580635,45.824384499577036],[64.83286350179466,45.81605043629208],[64.84536229427027,45.82145039897236],[64.85216242272543,45.82021525073828],[64.86034039392987,45.81311635255416],[64.87401202853107,45.811783120172805],[64.87636635862928,45.80354714910214],[64.88703260770272,45.80895153582309],[64.89920142310618,45.80757815624863],[64.90083346334396,45.796367993164594],[64.910420586233,45.78804729633015],[64.93533806436834,45.811881214056946],[64.94960273217225,45.81763345611754],[64.95513637683347,45.82877228532929],[64.96723405397125,45.83454678732293],[64.96610136176393,45.84387519920276],[64.9622353451402,45.84886494529657],[64.96998075975954,45.8508492533781],[64.97168416913522,45.857484386760795],[65.01909335539146,45.85797937760367],[65.02328484132563,45.8538146009539],[65.03575694031524,45.85451911173019],[65.03924399354277,45.85797938248818],[65.0607592386158,45.858688355018664],[65.07745410007125,45.867017950824405],[65.08575692826085,45.86631345779083],[65.08958274592152,45.862514279610785],[65.10590758043219,45.87464752108877],[65.12304386474581,45.87556607818832],[65.13528856349821,45.88693234645602],[65.15325883505973,45.88813626179923],[65.15505575622564,45.895123705859255],[65.16470974525558,45.89639896438564],[65.18528849698112,45.9119344925982],[65.19166501100489,45.91250082110782],[65.19251669330346,45.905018441694345],[65.20056537786922,45.90295383485524],[65.19943274893227,45.88945618772609],[65.19223577786596,45.87721151259814],[65.19109863610564,45.84779034591437],[65.18679118673693,45.83422125794732],[65.18001786575229,45.832482232916675],[65.1702657770872,45.81324567020414],[65.17183981167246,45.80914326614666],[65.17831447768482,45.80748453251996],[65.18838753418218,45.78404305082632],[65.19908042014127,45.78262950122601],[65.20359754095293,45.77721170584156],[65.20473459233307,45.764454170618706],[65.22026563862691,45.743875428249424],[65.22443491227858,45.73137655634186],[65.2256076751926,45.70091203376061],[65.23359843427305,45.698860793056845],[65.22859977006438,45.69241293685074],[65.23333527593859,45.66666606629473],[65.23750010632969,45.6666661403991],[65.23685796726612,45.65619611399931],[65.232688755077,45.65032349736148],[65.23685801123473,45.643799852828046],[65.23827154180006,45.6299364685041],[65.25387840481191,45.62834458293005],[65.26351451064869,45.6091303067276],[65.27564324677549,45.60728426500528],[65.27018972285053,45.59615435550342],[65.27626302398657,45.57914286087504],[65.28963585039392,45.574358262520654],[65.33953320723374,45.53814143376505],[65.35416804214444,45.53333449440313],[65.35501529194485,45.53664763526913],[65.36592218476609,45.54223490662159],[65.37842110089497,45.536933019371155],[65.38528802950395,45.54109784066815],[65.4105444367155,45.54223492340016],[65.41592209078367,45.5463996725935],[65.42721254207734,45.54526706076105],[65.43258583959685,45.54109780718821],[65.44091984296439,45.546399711265344],[65.44791616012643,45.54213678795814],[65.45209437470093,45.545374085191675],[65.4656767376385,45.532768247334836],[65.47304321664,45.53390080446],[65.48239394440542,45.5422349132444],[65.49091976128774,45.536933009491364],[65.4980453244759,45.53806564620567],[65.52021605585367,45.56033886017459],[65.52160278335458,45.569863503114036],[65.52905396397063,45.57199044485101],[65.53444051752504,45.58303566873303],[65.54923138105511,45.59263608822465],[65.55080545527517,45.60346282495318],[65.56984134950392,45.604858490143805],[65.57175875814961,45.61157388371363],[65.57500057897822,45.61250142572779],[65.58543040169096,45.60879143502585],[65.60315530230827,45.625566606969436],[65.62414876218523,45.61998377539444],[65.62621328968486,45.61193066778135],[65.6352875566756,45.61609990089879],[65.65743592952334,45.61732614924786],[65.65921959314169,45.62429124126405],[65.66994371367609,45.62570925138672],[65.671803145502,45.63293743334509],[65.67695781236002,45.63693283941138],[65.69583332839387,45.63749911463567],[65.68693291322842,45.62158012924253],[65.69223471732688,45.613246082903906],[65.6910977069551,45.601955643389225],[65.67556663653032,45.581376898096735],[65.67429139681029,45.571722930207876],[65.66729057963288,45.56992589024308],[65.66609996806632,45.54779095045228],[65.6625148007523,45.54316238047305],[65.66862383833806,45.53806561296513],[65.68137685322971,45.53693305181004],[65.7019556277955,45.52140199680418],[65.71994810853649,45.51595743459603],[65.72745271017111,45.50798009056224],[65.73575554366653,45.50868460416051],[65.73958154347503,45.512483766942864],[65.7434073802851,45.508684599260654],[65.75242365071776,45.50798008090983],[65.76840955603666,45.49618574806703],[65.78159067516816,45.49548118361039],[65.79340732157378,45.48785169381482],[65.81075770599656,45.482977899372464],[65.81666595552404,45.47916538901519],[65.81733485461216,45.46331324550736],[65.83657134530718,45.457404963478446],[65.84521761321592,45.44382699027747],[65.84659993504827,45.4343067756079],[65.85323955200167,45.432407224233934],[65.85416703811833,45.42916545130268],[65.86041866439577,45.43331691006333],[65.87328762046,45.42464837817149],[65.8816216468627,45.429522207330905],[65.894089334057,45.428813177777236],[65.8975763923651,45.42535296003903],[65.90659272549053,45.424648372749836],[65.91494906653105,45.41631435131415],[65.93159033756402,45.4170188814399],[65.93958114814477,45.42498726247084],[65.94340694822108,45.42118814322813],[65.96909146554835,45.42047912172754],[65.97499973343284,45.41666662041898],[66.03554541261863,45.42140217871309],[66.04362087582835,45.42859915776581],[66.05637832636846,45.433901012054],[66.07278787679168,45.4494320758974],[66.09543557283627,45.45930004959174],[66.1008890316353,45.470126778085614],[66.11156865061896,45.4715358258862],[66.12454021534076,45.485403641732965],[66.1202638279893,45.49091957680778],[66.12157041037759,45.49910646341047],[66.12916865211042,45.50416756151152],[66.12499943426351,45.50833232759367],[66.12590466427022,45.511863980183016],[66.14492720986594,45.513139232697476],[66.15084884261285,45.52831357912354],[66.16028881516954,45.53276822656692],[66.18137580148161,45.53390084884561],[66.19081580385969,45.54251583081717],[66.2000015200632,45.56250148371096],[66.22742499717582,45.56285380542695],[66.23958044548537,45.574987002231325],[66.2437497800213,45.5708489729066],[66.24757564555323,45.57464807470026],[66.26882779247379,45.57561573158496],[66.28673102127613,45.58430647194091],[66.29645191175776,45.61465962956165],[66.30033133854299,45.619970392160816],[66.31176439491793,45.6216380893198],[66.31311552631232,45.63549251932523],[66.32800888722512,45.64594912575925],[66.32916833631496,45.64999799399469],[66.33992366449488,45.65035471720778],[66.34341061863557,45.653814976294406],[66.38749778272513,45.65416725829211],[66.39508723910947,45.66306758816428],[66.40637763147718,45.661930537555435],[66.41175535402581,45.65776573059794],[66.42304574130992,45.65890278492152],[66.43529047591839,45.66609978553513],[66.45637757168119,45.66723238352737],[66.46875149993055,45.67453194237013],[66.47425409134728,45.67026457541839],[66.48554455294631,45.67140166079279],[66.50331403622259,45.68001666707754],[66.50501743046773,45.68664736284775],[66.52304554420799,45.69223456167309],[66.5333326356493,45.69999789927653],[66.53333270713149,45.687499056253586],[66.53665026551043,45.686647354301584],[66.54166669291291,45.67500017986674],[66.53545524002115,45.67149083366629],[66.51737797840737,45.67007286938379],[66.51600909987818,45.63898848076408],[66.52418705816741,45.63646460796219],[66.52916788714866,45.61250139614096],[66.53924098906218,45.60868888838458],[66.57083379790991,45.60833212220716],[66.5701782496519,45.60097462819283],[66.56054211856198,45.59223477003386],[66.55359925490247,45.59045115987337],[66.56193340776144,45.57721207102629],[66.56306598821482,45.54779096266124],[66.58276626195621,45.5230429189971],[66.58806818145169,45.4727888723111],[66.59257186148984,45.46313935683868],[66.61152304561524,45.461868522381224],[66.6255691713251,45.442605180381136],[66.62436073000237,45.425972757563045],[66.61193333410817,45.41961852273217],[66.61306582076823,45.401956041061624],[66.62083362717937,45.39166887935095],[66.59757496991426,45.387147354539415],[66.5815890744261,45.3711882066932],[66.56666449907063,45.370831508903535],[66.56193331886149,45.33528803029746],[66.55462933161287,45.32709219190121],[66.558901149731,45.321580757952724],[66.55776407147958,45.30612104758701],[66.55473195562286,45.30221038926688],[66.55350571216881,45.288400543166894],[66.54645584890503,45.28659017641933],[66.5452117205607,45.263407302986344],[66.53789433698164,45.261534478054294],[66.53389901042127,45.256375308497354],[66.53267724093496,45.242641247956385],[66.513066129461,45.22720829990239],[66.51327119810303,45.21743839869947],[66.52813786368105,45.21592234285915],[66.53013104674119,45.209296140302],[66.53670381708976,45.20732073553432],[66.53842048032283,45.19605259154087],[66.55000081707652,45.191664821393545],[66.55062064644265,45.18015591151269],[66.5561231651998,45.17556743843542],[66.57460615763209,45.169864312860085],[66.5797341172035,45.156121302799974],[66.59120742085813,45.143760714610714],[66.58693108160104,45.138244752234016],[66.59110037084368,45.131377779161326],[66.59232214806447,45.11763930206191],[66.60195826323861,45.10889944444973],[66.6242893887712,45.09911173877819],[66.62556914639437,45.089457785329905],[66.64110026154842,45.064709766865626],[66.64130982613425,45.05588070741741],[66.63575823089383,45.050351470554034],[66.62570740659567,45.04911181852575],[66.62428945315324,45.038387689324246],[66.61247730211686,45.032073593566196],[66.60769264883696,45.02532251313858],[66.6089769621813,45.014531474723995],[66.61346272780094,45.00513173454181],[66.62467742860055,44.99935715863745],[66.63301147952568,45.00481062447974],[66.66274923353781,44.999125309241215],[66.6589411499238,44.99375206840618],[66.6635161190981,44.98412935686525],[66.67916756761569,44.979166361310625],[66.67881091835852,44.97254906246941],[66.66909000947504,44.962854970831906],[66.65416540519414,44.95833344724976],[66.66193315984786,44.94804181185989],[66.66306580311579,44.935288777761514],[66.66758730944608,44.925581333910856],[66.67707629093034,44.917126855894296],[66.68112071721309,44.920266127045224],[66.69804299438977,44.921398688105114],[66.70342059788685,44.92556797491041],[66.72401283011004,44.92437736532614],[66.72860116417924,44.91887933950071],[66.7298007035406,44.90098050712052],[66.73664991198697,44.89526391447641],[66.75637689618033,44.896400976339216],[66.76175459555056,44.90056580510291],[66.76995489336959,44.899259294745725],[66.77452994164548,44.88958300004317],[66.77139964774737,44.88554308046246],[66.7708333094275,44.875001786645626],[66.77415095833007,44.87415008325746],[66.7758498979122,44.86751937834202],[66.78389847888626,44.86545035420112],[66.78276592213821,44.856121897863005],[66.77860108483173,44.85074868278855],[66.78041598958485,44.846008704447776],[66.7909573205301,44.840778143006126],[66.79237085061239,44.830103058513515],[66.81445672509773,44.80890005378287],[66.82083325700822,44.808333714196834],[66.8208332099863,44.8124985725437],[66.83924045494373,44.820480339750105],[66.86492485558131,44.82118485498614],[66.86912078669843,44.82535413949218],[66.88507554112988,44.81702005516154],[66.89409184007732,44.8170200708767],[66.91041663281868,44.83331808897072],[66.91424251334625,44.82951893902368],[66.92083300860315,44.82916666001202],[66.92168474902641,44.82584908329152],[66.93528941255444,44.81723410452233],[66.95000003428159,44.81666780091698],[66.95056629787574,44.797787992268475],[66.95508345277953,44.78809387663014],[66.99804232920403,44.786934538093895],[67.0241147286152,44.7784577967755],[67.02584933342112,44.77168441441089],[67.03248452092888,44.76998101390312],[67.03429931241271,44.7628954868037],[67.03945403678927,44.758900139793994],[67.05612212038533,44.75056611358466],[67.06574491696972,44.74929522914545],[67.07168445764431,44.73835260321196],[67.07831509802746,44.73664919717162],[67.08001850701427,44.73001852877393],[67.08333161636398,44.729166898997356],[67.08399601941491,44.72173357651733],[67.08750090996995,44.720832783614625],[67.0878531423501,44.71424222661499],[67.09201796564322,44.71004622912902],[67.08750084282902,44.67916693392292],[67.1024522794216,44.67881466786332],[67.10868609989701,44.668407139833185],[67.12951894482293,44.647551937515],[67.12881447923625,44.614242460771536],[67.12535414416406,44.61075991513059],[67.12500192949703,44.59583527875197],[67.13368826285966,44.58504870928485],[67.130080879584,44.56727473454496],[67.16054535332282,44.566097550958766],[67.16445605376356,44.56306535370278],[67.17826582914864,44.56183910507969],[67.18507486319005,44.554521715863],[67.19804195011095,44.55359867186056],[67.20195706517755,44.550566462378264],[67.22378433602849,44.5494338987159],[67.22500169196937,44.554165005729025],[67.23507482301657,44.562146779819805],[67.24166535504128,44.5624990319447],[67.2425170434404,44.55918592308738],[67.25195701396568,44.55473575607203],[67.26887930119095,44.55359866439406],[67.27425246473803,44.54943388811193],[67.28333120521913,44.554164965800254],[67.28297892386055,44.53507560251294],[67.27951866063421,44.53159300686477],[67.2791664718503,44.524997985164475],[67.28659972741144,44.52433803232224],[67.28838777392791,44.51737296340241],[67.29804179949056,44.51609762406137],[67.30612166103832,44.50890067268926],[67.33137799217828,44.499433950884175],[67.3394579420775,44.49223251697581],[67.34804173979568,44.49109990888401],[67.37500136017266,44.46666852039392],[67.37535369288847,44.460073470694056],[67.38267104214142,44.45326891041643],[67.38333548047943,44.44583112053195],[67.39618665778212,44.43088419281758],[67.39548208092143,44.41840765512858],[67.39131273866256,44.41421165112484],[67.39202176425083,44.40590881943895],[67.3996468176344,44.39825697947419],[67.40035141900965,44.385075881579596],[67.42047976891696,44.364925193994914],[67.42083200992606,44.3583346548769],[67.44804597178955,44.35776388723807],[67.45612142763129,44.35056686765906],[67.48137766173129,44.34943427899335],[67.48675541819465,44.34526505257491],[67.49804579665133,44.346402086084666],[67.50341903455308,44.35056690916145],[67.53528827934181,44.32556916441882],[67.56054461039407,44.316098031707924],[67.5949821695797,44.299149007904944],[67.59583392614749,44.29583142446763],[67.62745337565399,44.29618815504426],[67.6392432285945,44.31214729969391],[67.6499986567459,44.31249954712677],[67.66075842776353,44.30797804319548],[67.66841025784176,44.30035295676904],[67.70637506733304,44.29526509625278],[67.7186242264415,44.288068128601715],[67.74045149568788,44.286931042646465],[67.74166883250743,44.29166665314321],[67.74804537273546,44.2911003212562],[67.78293785771783,44.27403087543679],[67.78693314444534,44.268876163086674],[67.78815489650943,44.255137686609096],[67.80331590920078,44.2449842733325],[67.805019216265,44.23834916206648],[67.81210483083272,44.23653429478576],[67.81763401285565,44.22539546703634],[67.82278882068417,44.22140013515729],[67.83241152503184,44.22012925030207],[67.83693308126796,44.214711487423536],[67.83714708130113,44.2059091720838],[67.8329777923039,44.201713202499214],[67.83368685211275,44.18924107461136],[67.84202089489827,44.17257742390863],[67.84964599605549,44.16492560890827],[67.85035939707275,44.147544018406066],[67.85591102940545,44.14201919865138],[67.87674386253148,44.1295203413313],[67.88664757183317,44.12831634149793],[67.88835093332801,44.12168567879258],[67.89498168249847,44.11998231912092],[67.89680092926241,44.11289680480889],[67.90748052978944,44.1074834436464],[67.90833217173268,44.10000109698907],[67.91470873548296,44.09943478454363],[67.92695786039401,44.088068526698244],[67.93248265284578,44.086650556944754],[67.9333343824563,44.07916815361203],[67.93992488625675,44.07881142084077],[67.94340747841838,44.07535120392328],[67.96909191416108,44.07464664498777],[67.98090849257088,44.067021549436404],[67.99999794208046,44.06666487592256],[68.00035462572967,44.06004753837032],[68.0100755370621,44.05035346224299],[68.01495815798316,44.04964001441416],[68.02916485810785,44.033333067876015],[68.0440894764567,44.032980800200974],[68.05174133564721,44.02535129433967],[68.05662402260741,44.024642244105856],[68.06631370682443,44.01075665708918],[68.06666598813013,44.00416608291842],[68.08159057711026,44.00381384648174],[68.11007529894111,43.99201945848392],[68.12083509274674,43.99166718367146],[68.12149503060985,43.98423392472547],[68.12831745952155,43.98248147951062],[68.14251969164641,43.9591826934776],[68.14937786257309,43.95742578357767],[68.15000206108476,43.93333329034985],[68.1725740400289,43.91285259586246],[68.18924219200424,43.90451852064985],[68.2065925696457,43.9038140303579],[68.21041849375965,43.90001485477179],[68.23162146242493,43.91285261860183],[68.24825840910621,43.91214804526299],[68.25416673445753,43.90833553559948],[68.27325610780859,43.9121480398276],[68.28161693424622,43.90381401497186],[68.3107571394128,43.90451857783367],[68.31424413925549,43.907978785602026],[68.32499951295098,43.90833554830491],[68.32499945903648,43.90416630696506],[68.33090783908771,43.90035377593278],[68.33992416036156,43.899644726407665],[68.3475759724132,43.89201969616409],[68.35242300118134,43.89131517880098],[68.37674291173303,43.867021982272405],[68.39493163447231,43.86600530146205],[68.39668401268162,43.85918286898658],[68.40758652292041,43.85360011235945],[68.44075776623278,43.85895548903999],[68.44166748943805,43.86250042090145],[68.46078802689134,43.86214372692501],[68.47881180718848,43.84409325024751],[68.47916848087435,43.83749823417939],[68.49075762977957,43.836878445374836],[68.49251905775081,43.83001586686912],[68.4991497331859,43.82831696556396],[68.50096906747773,43.82122698862249],[68.50612371742922,43.817236095273906],[68.5157330984008,43.815965246743026],[68.53276686820897,43.79804414216639],[68.53333317517,43.79166763958878],[68.55661862662281,43.808687992518784],[68.58333311044251,43.80416646689918],[68.603394609018,43.80910270567856],[68.60416598620833,43.81666537536894],[68.62410266629422,43.81600539972895],[68.62499888349437,43.80833127926318],[68.65325623027222,43.807711465042686],[68.65416593841512,43.804166455806076],[68.68992343893181,43.80381424495209],[68.69757517831098,43.796184713116],[68.70416580572625,43.79583242354206],[68.70452246544643,43.789210677210015],[68.71007405544083,43.78368581531933],[68.71492562955916,43.78298127876492],[68.72257747984035,43.7753517481648],[68.72916792708197,43.77499949695829],[68.73748418301835,43.764583026719],[68.72952023609409,43.756592305354005],[68.72881123529358,43.74757600955591],[68.71631232312598,43.735050435850354],[68.71702134731252,43.7225738762451],[68.7204816043067,43.71909131864903],[68.72083386558909,43.708331470193805],[68.72414697948082,43.707484251809404],[68.72499872781054,43.70000189924116],[68.73117457216709,43.69645240823961],[68.76168813746801,43.6951637637241],[68.76326674987128,43.68430585258377],[68.7707178727466,43.68217442608213],[68.77499858566293,43.67499968594381],[68.78966011375452,43.67438436537671],[68.80200742597476,43.66728546735437],[68.82299193934445,43.666050308910734],[68.83117437756546,43.65895139040695],[68.84087289716071,43.65753783352409],[68.84247366914938,43.64653727267375],[68.86049300344811,43.64521734374395],[68.87017361482896,43.64076718725066],[68.87083366727464,43.63333383876495],[68.8812500893647,43.62972646726439],[68.88613724694916,43.63329817562661],[68.89263859161493,43.621601948541205],[68.90337160412834,43.62004129457137],[68.90503043329011,43.6086661068113],[68.92700494775464,43.596452619098244],[68.93549505870259,43.59521744627943],[68.9478378036985,43.583949309373025],[68.97083338960677,43.579164681609775],[68.97822659958719,43.583864559379975],[68.98256531921562,43.58241981508308],[68.99362388611675,43.56723215362276],[69.00416523823712,43.566665821104046],[69.00501684690767,43.559183474619196],[69.01445674335756,43.55473329649991],[69.03554391428035,43.553600683294846],[69.0519578269156,43.53806513093896],[69.06159840135645,43.53683890255231],[69.06249912699603,43.53333408052262],[69.06908964870775,43.53298179830444],[69.08297984936759,43.523256476494],[69.08390285776157,43.5102894428719],[69.09251778864449,43.48835063538648],[69.10748256622313,43.48248245815126],[69.10954713776498,43.474433832997164],[69.15242580298077,43.47881261937094],[69.15590841002502,43.47535239127084],[69.16908951841327,43.47464782842424],[69.18161515842297,43.46214450080287],[69.18992244123498,43.462853482962196],[69.19757420793731,43.47047856896065],[69.20833404229519,43.47083530854836],[69.20868630942641,43.45587950460356],[69.22916701180931,43.4416683105561],[69.22951919880984,43.430881761451],[69.2434093025497,43.41701840690968],[69.26075963755254,43.41631388831862],[69.2725763220404,43.408688815051555],[69.29409146039573,43.407979774924094],[69.29757400942712,43.40451952365341],[69.31666791530847,43.404167249015664],[69.32558160368735,43.41574756424411],[69.33945837531209,43.42443387643031],[69.36054548666542,43.429735760523755],[69.37415021298894,43.43835073825392],[69.37500191088233,43.4416683182658],[69.38161917961513,43.43714676988356],[69.41492418451138,43.43785129886179],[69.41912023164262,43.44202060553748],[69.43159231705084,43.441311590572695],[69.43750057797736,43.43749906383111],[69.437852882803,43.43088176996828],[69.44757379766168,43.42118765075505],[69.46075927131041,43.42047867375259],[69.46666764264563,43.41666614982771],[69.51887926114381,43.42973573979982],[69.52425243009993,43.43390058652455],[69.53528869826563,43.42973579095636],[69.56575325519665,43.42855858426608],[69.57500149649472,43.41250130971215],[69.5940908640787,43.41214457511835],[69.61424156725978,43.39202071789007],[69.62742266556869,43.3913116915151],[69.63924370372929,43.379521854948756],[69.65242479579723,43.378812829723934],[69.67742254590733,43.36631397459996],[69.68507441439371,43.35868442547001],[69.68995704378254,43.357975476683976],[69.7017425287169,43.342020778704324],[69.7065895211933,43.34131179643758],[69.72674025726018,43.32535265360967],[69.75242461209882,43.32881295553092],[69.75922033219891,43.32154012332231],[69.76887871095386,43.320264841255266],[69.78540412565938,43.30462679476654],[69.78959124701713,43.307872967921256],[69.79790745396635,43.300461986816025],[69.80341895454625,43.30473376543495],[69.81581519359955,43.29915101046096],[69.81755871236624,43.29236427031701],[69.84064351410954,43.27026491466442],[69.85341882601907,43.27556683042162],[69.85815441212725,43.273751972755356],[69.86342053240271,43.26308579105659],[69.89583382258405,43.262501625690874],[69.8966141474448,43.25485431212317],[69.91988615124751,43.253409530927335],[69.92553138331682,43.246850159114246],[69.91581502291612,43.23001707045318],[69.91250191668418,43.22916542930073],[69.91334918816285,43.225852283005565],[69.91666676047736,43.22500059321481],[69.91732665194976,43.217567297963015],[69.93137730408935,43.21193101287988],[69.94072801402781,43.20360134717085],[69.96029010326747,43.21193100386237],[69.97304313352305,43.2130680142198],[69.97842080976807,43.21723282371456],[69.98660774842847,43.215930792557806],[69.99779111210897,43.20473396215641],[70.01577917469398,43.199289403153976],[70.01756720541256,43.192328765649],[70.03159115112362,43.191312124928594],[70.03924290541819,43.18368703986286],[70.05242403649025,43.18297800866001],[70.06458402564613,43.17084931451255],[70.06876665583447,43.175000708917096],[70.07535277900121,43.168378959600766],[70.07464818720511,43.16007605906653],[70.07084901147458,43.156250180842974],[70.07535277900121,43.15171526746635],[70.07464818720511,43.14340799078345],[70.07047895067784,43.1392119564126],[70.07464818720511,43.1315913709616],[70.07500043777027,43.112501961395495],[70.08333455594665,43.10833266666891],[70.08418623285002,43.10501954564069],[70.09999820000664,43.099998599707924],[70.10084985488736,43.0966855350566],[70.11998389856888,43.08664808714814],[70.12180316903599,43.07956255391295],[70.12695787656959,43.07556718032079],[70.14081684360416,43.06998438435672],[70.1458333088601,43.05833275901872],[70.14999805547679,43.05833276024802],[70.15797989385416,43.048259694361285],[70.15833218906269,43.03333509213109],[70.16666621066632,43.03333509047816],[70.16788350984585,43.02859950397519],[70.19804486865395,43.029732074396414],[70.21457037409864,43.04537462409739],[70.2311224936586,43.03806616228202],[70.25317722184076,43.03688006355284],[70.25776567678132,43.03137749969817],[70.25833190800309,43.02083171278759],[70.26887775097076,43.02026541316633],[70.28112239567938,43.0130684243722],[70.32721170985444,43.00359730353807],[70.33407873648393,42.99943250386796],[70.33945637924732,43.003597328811175],[70.35220943480104,43.00473437815371],[70.36909151932628,43.01214541492226],[70.37674336186925,43.004520354004285],[70.38749877015015,43.004168095207426],[70.39251965635643,42.99251646506081],[70.39915032297189,42.990817552161474],[70.40473319116992,42.97695420001899],[70.42026423418685,42.96054470460127],[70.421535025318,42.95093531609721],[70.43529134034583,42.93806633767223],[70.44910123661604,42.936840110924024],[70.4508491946698,42.93001769280531],[70.46998319757708,42.91998474604525],[70.4708348527568,42.91666712062682],[70.48137619591343,42.91610081656333],[70.4936208371314,42.908899391471216],[70.52795150455758,42.90776675823341],[70.52916883572587,42.91249789119682],[70.53333364974802,42.91249789494371],[70.53820744496407,42.89672161596683],[70.54498080455414,42.8949825532921],[70.54680015764825,42.887897016918664],[70.55416656008964,42.88333534444183],[70.55416656008963,42.8791660906695],[70.54340673796344,42.87881381255943],[70.53159014412185,42.86701948107439],[70.51424418733656,42.862145676578145],[70.49408904493856,42.8461866008296],[70.489242070544,42.845482076133145],[70.47952120288176,42.83578352244041],[70.47881219813455,42.822575665648415],[70.46912255231452,42.80868999896195],[70.46007502375211,42.807980971970856],[70.452423269066,42.80035151691441],[70.43507732282832,42.795482176531294],[70.42119169861995,42.781618805083475],[70.43390017955443,42.76760384209132],[70.42827275616543,42.754841910778204],[70.41054337776552,42.73806678964355],[70.40487584727248,42.736613098268315],[70.40360056758516,42.72695470431389],[70.3785983462946,42.70103393775352],[70.38749877015015,42.67083246424417],[70.39493205544308,42.670172497678905],[70.40416683426912,42.65833356046628],[70.42499978875942,42.654168748288],[70.43112211482011,42.646401000753286],[70.44804443243014,42.645263939149764],[70.46595661137022,42.63661332093609],[70.4673745637526,42.62588913395365],[70.48124236716102,42.61712702175317],[70.4854161012348,42.62036429480838],[70.48945606614905,42.61723404129414],[70.50000184593569,42.61666771905511],[70.51007495165358,42.600351862793154],[70.51911798231681,42.59964287198913],[70.5371461915014,42.5815924575301],[70.53749842985005,42.575001900286175],[70.54548019452285,42.56908913200057],[70.5517408199836,42.558686082968684],[70.56862298893748,42.55056605198157],[70.59387927758803,42.54943341988227],[70.61445806248607,42.533902354989],[70.63242820282314,42.53269391996376],[70.63422082385502,42.525706509305856],[70.6449449167262,42.52429299171675],[70.65890195719588,42.49657969569725],[70.65773359146806,42.46352436335402],[70.64583231023339,42.45416475429015],[70.64583231023339,42.44999991321854],[70.65245408247597,42.44547836811989],[70.67325575203799,42.446187418935565],[70.67674275767558,42.449647624995556],[70.68992391942318,42.450352228829345],[70.69411986626012,42.45452141752631],[70.70659195731913,42.453812413096124],[70.71007454418816,42.45035217236271],[70.73575894952556,42.44964766329514],[70.73924150156218,42.44618737764419],[70.74583211718877,42.44583513367258],[70.746567870491,42.43830371727417],[70.7563288325843,42.43688121019242],[70.77499910317322,42.42500223732423],[70.78507667813425,42.412851147684236],[70.79166718303156,42.41249888149794],[70.79131494902023,42.40174352192765],[70.77535134974386,42.38575767679448],[70.77499910317322,42.3749978328168],[70.78992370367828,42.374645588606356],[70.8017403071544,42.36702049254205],[70.81492581926196,42.36631152670706],[70.82083415108977,42.36249894649532],[70.82143613970484,42.346834138028825],[70.82695652375183,42.342232348529386],[70.83970953533101,42.34109973299602],[70.84960431163886,42.33653360764796],[70.85501765850307,42.325849653598006],[70.87083409807829,42.32083313454904],[70.87022764019315,42.30507911436141],[70.86723561790318,42.3019577837807],[70.87168576856739,42.29251785919005],[70.87849036435753,42.29076989630419],[70.89537248808534,42.27292897718578],[70.89110065078546,42.26741307209323],[70.89320087848749,42.26193289833519],[70.91471166445454,42.263065469414904],[70.92499878680198,42.2666684529258],[70.93750205265839,42.26666842895451],[70.94374933152636,42.26296737306105],[70.94925185026598,42.267234773669045],[70.96862216552928,42.25890065172094],[70.98659235990199,42.257696730331375],[70.98992329427615,42.254521870334116],[71.00833487567374,42.262499144581746],[71.00868720652971,42.273259008798],[71.02048145763239,42.285075620998015],[71.02499857494058,42.295835407165086],[71.03158916134079,42.29547871761411],[71.03578513606854,42.29131386537577],[71.066668898081,42.29583543570607],[71.0675160951331,42.29251783946754],[71.07695601644504,42.28806768910252],[71.09076585701604,42.286836954447004],[71.09263423830535,42.27956418438693],[71.0992514810826,42.274431745832246],[71.11887598438949,42.275568779276306],[71.12425368739335,42.27973361292222],[71.1355441440762,42.27860097163568],[71.18528987553447,42.246401791310056],[71.20767008922236,42.236600726734125],[71.20922184097257,42.225707121977216],[71.22291576474564,42.221301571286304],[71.2269557307838,42.2244318365303],[71.24583553551973,42.22499813037648],[71.24649545715778,42.21756482966001],[71.26007349295311,42.20452196285137],[71.28159310394518,42.20868676751504],[71.29374861830655,42.22081998383298],[71.31078677503912,42.207982171290936],[71.33992262237555,42.208686729693795],[71.34411864060662,42.21285158929148],[71.35242590401064,42.21214699809927],[71.35590850183608,42.20868677600316],[71.38575772698228,42.20798224237035],[71.40174360065949,42.196187872460854],[71.41249890581611,42.19583117048132],[71.4133505938944,42.19251803452945],[71.42707571255391,42.183796054836286],[71.43258719215555,42.18806784107159],[71.44999999029591,42.18333229613559],[71.48971272079022,42.18806783823597],[71.494867452579,42.19206325552454],[71.49674913594318,42.19939843894307],[71.53408073002345,42.20056672660089],[71.54657958148421,42.19526482790008],[71.55195733667554,42.19943411155818],[71.57304435849582,42.20056674890364],[71.60625134713307,42.21619586779295],[71.62279015568608,42.208900775993136],[71.64461743993988,42.207768156501366],[71.64583477331104,42.21249924675029],[71.64828726201429,42.21214254879789],[71.66249837791383,42.19583117924243],[71.67299511072883,42.19521576840798],[71.68533793678259,42.18811692163419],[71.69529959966322,42.186667726196006],[71.7035488883054,42.17716088822478],[71.70516754662444,42.16604882841749],[71.72299507115221,42.167283970183966],[71.7270840030251,42.17027156337669],[71.7411970546488,42.16188401752462],[71.75632685640556,42.16311922431886],[71.76203003499009,42.16728400988592],[71.76580687834107,42.165509245576004],[71.76765292885929,42.159052467303006],[71.79387687115026,42.15776828516088],[71.82158128379623,42.14526494724667],[71.82695448071156,42.149434174849375],[71.83661292199827,42.150709498545524],[71.83750027532109,42.1541652840151],[71.8458343259358,42.15833458750263],[71.85085080994318,42.14668297425346],[71.86445555280426,42.138067981650956],[71.88554264647286,42.13693090730909],[71.91029062665159,42.121399848870766],[71.93137777483342,42.1202672681535],[71.94779170988292,42.108900955763175],[71.96029057035696,42.10473614831674],[71.97083183768873,42.108334682624864],[71.97083183768873,42.10416544158941],[71.97916591842716,42.09583137269962],[72.01492346503653,42.09547911235423],[72.02257532301795,42.08785400078199],[72.03992561035818,42.08714501729104],[72.0475774614956,42.079519968302726],[72.05833285109034,42.07916768385269],[72.05922019493342,42.07570743643994],[72.07291853354064,42.07130186521078],[72.09583387184512,42.07916769138078],[72.09668557399281,42.07585014993094],[72.10377103252077,42.07403077364504],[72.10923788153703,42.063137216796434],[72.12721259202891,42.061933275670924],[72.13258580644316,42.05776399173443],[72.13971143119588,42.05890109551593],[72.14790726513549,42.06620509269066],[72.15416778522084,42.06249955079162],[72.16466004147563,42.06311938163864],[72.17834502681956,42.07560484812954],[72.17978530439886,42.085495180545344],[72.1922842167711,42.112967656596325],[72.18395019292204,42.13117416693639],[72.18271500335578,42.15463796188491],[72.1876155122949,42.16134000528536],[72.20339629255943,42.167636249118694],[72.2049614267314,42.17837379998708],[72.21465993381172,42.17978283393934],[72.22010010199708,42.18413490489802],[72.22443880564032,42.202082829013506],[72.22083134172375,42.216668550353575],[72.22742642081624,42.21702081372835],[72.23162242082472,42.22118560146422],[72.26492299464559,42.22048104700029],[72.28541695290481,42.20834788411655],[72.28995186919386,42.212851540560216],[72.2982591861866,42.21214697936806],[72.30208509049166,42.20834786333837],[72.30591103245845,42.21214698997641],[72.32325688084389,42.212147005904406],[72.33124767749591,42.204178608681815],[72.34583332589162,42.21249927074517],[72.34583332589162,42.208334482059726],[72.3499981892918,42.20833447713724],[72.35087658713405,42.199750674733096],[72.35801115081796,42.20481179298632],[72.37056794673485,42.203313554777324],[72.37626228650943,42.19164403777706],[72.39144546662698,42.18658295110679],[72.39647533226447,42.17948855247485],[72.39166844221296,42.166668606618956],[72.41078459788498,42.16631190265684],[72.42083538967678,42.15416530386135],[72.42745269532695,42.158686875736635],[72.44408960248434,42.15452205069085],[72.44757667575567,42.15797787653645],[72.45659292415729,42.15868681650294],[72.46494933383926,42.167020922840955],[72.4940895298778,42.16214714072292],[72.50245035651675,42.15381306544241],[72.52325648478158,42.15452201319546],[72.52745253540442,42.15868688133864],[72.53507757488129,42.15452202680766],[72.57083509888167,42.15416534523154],[72.57881245506935,42.16424289643075],[72.57952142921044,42.17254576287696],[72.57535220746249,42.17674173828056],[72.57464764405762,42.18575804426816],[72.55242354050863,42.20381296585577],[72.54340722273174,42.20452195185617],[72.53368637103979,42.214216051683955],[72.5333340783866,42.220833349443275],[72.54754527614126,42.22535487236128],[72.56421334783457,42.2163118054849],[72.56840937226987,42.22048105126415],[72.5815904927236,42.22118562486071],[72.59583289312252,42.23540125335408],[72.58749878864487,42.241666266425746],[72.58785552013882,42.25245280301532],[72.59340713002321,42.257982134099876],[72.60242342492879,42.25798213811504],[72.60624931039303,42.254182945076174],[72.61041857464988,42.25831654141817],[72.61424000996499,42.25452182151955],[72.6397104290634,42.253598803985504],[72.65739516961465,42.24109994106472],[72.66988067818936,42.242335102498274],[72.67585143803939,42.25331792011595],[72.68159030743077,42.2538128720122],[72.685077263682,42.25035260104988],[72.69825841416451,42.24964804873909],[72.70174099054151,42.24618782381951],[72.71909136358916,42.245478823311814],[72.7350772134013,42.23785374278431],[72.75242310848029,42.23714471178762],[72.78161684369594,42.2163117863654],[72.80242297268472,42.217020788360735],[72.80661900725025,42.221185602186694],[72.83749831855594,42.216668573132516],[72.85325229529505,42.21727496962544],[72.85416638981378,42.22083334718561],[72.85833124571023,42.22083331341744],[72.859325550419,42.21696285925263],[72.86183608404556,42.21752467270064],[72.86666524991622,42.23333216147246],[72.91998273702643,42.23418389009114],[72.92859776016877,42.24778861619029],[72.93418500335291,42.265816780991216],[72.94939945834402,42.271747359743415],[72.95000140212463,42.29166617577121],[72.95659195586457,42.29201840967219],[72.96041785141531,42.295817554721424],[72.96424377527306,42.2920184322688],[72.99166723962126,42.29166613666698],[72.99251890935162,42.28834856391444],[73.010288487949,42.27973362503599],[73.02721076304661,42.278600987913705],[73.05195434395304,42.26306552479764],[73.08575872520575,42.26214692519595],[73.09757532374941,42.2503525982416],[73.11249998790667,42.2500003212958],[73.11355679396866,42.246660431914115],[73.12708124727082,42.24231726717435],[73.1408063127745,42.24669169334089],[73.14233586087435,42.25627431520292],[73.14984047359094,42.26946428163283],[73.17100334743189,42.275666878596724],[73.17839214238032,42.27058355616385],[73.17916795362684,42.287501340066335],[73.1940925732009,42.28714459849549],[73.19828863337446,42.28297986349012],[73.22325957729063,42.28368882240468],[73.2274556315648,42.287853610228865],[73.24166678197057,42.28333212302095],[73.27841867311737,42.30056650995023],[73.28945496375891,42.2922324903955],[73.29911339053024,42.290957156593414],[73.3009193329943,42.28392517126236],[73.32499843608544,42.28333208992777],[73.32589473536385,42.28682805816438],[73.33824643207338,42.28806765599948],[73.34375338201602,42.283800271065445],[73.34934510840786,42.28846003532359],[73.35000059448876,42.304165051590964],[73.36249951837915,42.312499051047325],[73.36371677443466,42.307767946044656],[73.37425362869088,42.313065411348354],[73.40221219293667,42.31193275338675],[73.40758541176204,42.30776800106406],[73.43554405207097,42.30890060388894],[73.44092165090485,42.31306537248298],[73.4532154298589,42.31183024669254],[73.45923074429055,42.30066017236546],[73.47304504918979,42.29943392833825],[73.47695571446974,42.296401710627855],[73.4982567842997,42.29618765902311],[73.50174378669337,42.29964794911768],[73.51075568415692,42.30035249416826],[73.51666842565196,42.30833429671094],[73.52325896536891,42.30798201020787],[73.52745496193627,42.30381271066091],[73.5440918888095,42.3086865658249],[73.56041665375825,42.320819746191354],[73.56424257176431,42.317020605764235],[73.5951263629399,42.317555723008],[73.59653985993327,42.328279842229584],[73.60612248952599,42.33276568946765],[73.61908954417221,42.33297974507949],[73.62745036562193,42.32464566822681],[73.63575766726719,42.32535465600067],[73.64828324791415,42.33785354116666],[73.65590831510256,42.33368874126662],[73.67325873162117,42.3329797365413],[73.67745473990769,42.328814941377125],[73.69409161500252,42.32951946318025],[73.69791747165846,42.333318585516864],[73.71495576521369,42.32464567146863],[73.72325860260366,42.32535469744521],[73.73161937148498,42.33368873522897],[73.73958339201839,42.32918058020765],[73.74340928526291,42.3329797317139],[73.7774233261786,42.33368869570439],[73.79340916692318,42.34131379134799],[73.80242546779479,42.3420183384572],[73.80662147623968,42.346187583742626],[73.81492428355132,42.34547857164442],[73.81840687690314,42.34201831010886],[73.83575727230442,42.341313825764146],[73.83958311463721,42.337514605398866],[73.86495095377552,42.362851246819694],[73.88575712040054,42.36214672184633],[73.88995315003086,42.357981893723654],[73.90659005112731,42.358686420321725],[73.92291928969104,42.366654895919226],[73.93161902716093,42.35798193034567],[73.9482559514371,42.358686449634156],[73.95245188824254,42.36285122012448],[73.96492399932147,42.36214671715842],[73.96841100584359,42.35868645947129],[73.98750044426117,42.358334174431164],[73.99409104781266,42.358686424657044],[74.0066210702998,42.367020533027116],[74.0149239628385,42.36631148532891],[74.01911996793285,42.362146725861024],[74.05242499048221,42.36285128479728],[74.06841081085253,42.37048079852809],[74.1065896804003,42.36702051113697],[74.11424146142653,42.37464557490673],[74.13575664597721,42.37535453990826],[74.15174254816192,42.38714890480767],[74.17325770788496,42.38714889567126],[74.17674024639145,42.383688629060664],[74.18333525600684,42.38333187928223],[74.18750009309252,42.40000002458336],[74.18714778665354,42.43992235058531],[74.18368756970126,42.4434093798329],[74.18368756970126,42.45242570769924],[74.18750009309252,42.45833395918361],[74.21075871500183,42.46285548079097],[74.21424126358946,42.466311290115335],[74.2240201349505,42.4660125489103],[74.24109846055241,42.448042381874295],[74.24288212618067,42.4410995773339],[74.26887861483198,42.4422321338266],[74.27425184620316,42.44640141005156],[74.29925401642402,42.43693476193911],[74.31041513625438,42.441197679542704],[74.3144551635403,42.4380673983807],[74.33971143239512,42.436934737329764],[74.34362210261246,42.43390258939374],[74.38137734144071,42.433902551955185],[74.39362201805457,42.44109952001451],[74.4166666087999,42.44583508225926],[74.43507381296908,42.429519289832285],[74.4440901503925,42.42881470584827],[74.4475771434109,42.42535443478152],[74.47500063127853,42.42500223871508],[74.47535282310287,42.43159274905433],[74.48333463502951,42.44166585435874],[74.5065933087434,42.44201816052769],[74.51840996784816,42.44964762815823],[74.53575586253389,42.45035216238946],[74.54166862356114,42.45416473939534],[74.54223488346021,42.447788166361136],[74.55084987027537,42.43418350178234],[74.56457501838253,42.42546147825795],[74.56862390780913,42.42860070857869],[74.61054385742113,42.429733303095716],[74.61512337396277,42.43328275423076],[74.62859875465527,42.41887541047365],[74.62916508688336,42.41249888244897],[74.63507339837088,42.40868631775103],[74.64825898312272,42.40798179239775],[74.65174152314611,42.40452157993459],[74.69825888710565,42.40452155065618],[74.70587947268227,42.40868632565208],[74.72257432215855,42.400352268768096],[74.74754532254155,42.399647783132146],[74.76214437881804,42.410046352007974],[74.76250116047426,42.42083295085794],[74.78992464338228,42.42048070163201],[74.79340720673254,42.417020438500735],[74.8000022032274,42.41666817585465],[74.80066213483937,42.40923479894883],[74.80793941901166,42.40736643626964],[74.81193475161129,42.402211725001884],[74.82172688672496,42.37984486745921],[74.83945629501517,42.3630652553951],[74.84517285758295,42.361598227026434],[74.84639910353913,42.34778837059683],[74.85508545829387,42.33391615028858],[74.86445405486222,42.32556868098848],[74.87083502502132,42.324997977193696],[74.87021070681493,42.3134087197674],[74.86423999233064,42.31214677882033],[74.8565926290681,42.3045217591644],[74.82674344861717,42.303812752115725],[74.82291751613624,42.30001358851378],[74.81909158468599,42.30381276177225],[74.78578657231118,42.304521747637686],[74.76078885159701,42.29131392562986],[74.75659282627254,42.29547869169406],[74.7333341677785,42.295835411488085],[74.73271433459097,42.280157253803665],[74.72168251199449,42.27415083455794],[74.71991227360819,42.26724812136553],[74.71054368656281,42.25890068362886],[74.6967338535007,42.25766995627437],[74.69202057866195,42.24825679202148],[74.69166829254686,42.24583554226893],[74.69850415595863,42.24998697294479],[74.70918363534018,42.23001906471276],[74.71703164471717,42.22800355466761],[74.70833194547316,42.21666853161758],[74.7333341677785,42.2166685344178],[74.73470313286273,42.221453143305574],[74.77001920181682,42.220173368460756],[74.77169579372614,42.20866443560256],[74.77708239777174,42.20472708290376],[74.7819205067701,42.20825864594158],[74.7958329603414,42.19166635188608],[74.81054347881661,42.196401910212906],[74.8198942468164,42.20473597483445],[74.83137645104271,42.203598930602226],[74.84915042688776,42.1949839692104],[74.85089832467473,42.188161530721175],[74.86576501449602,42.18683715622006],[74.86783850803484,42.17877066920061],[74.88112214882395,42.19110007251661],[74.90416680062546,42.20000042684845],[74.90505415291517,42.196540125171666],[74.9157470520617,42.19513109943257],[74.92174006492112,42.183969971785075],[74.96565334801676,42.178547683363874],[74.97859813114752,42.164711083215806],[74.98333365784855,42.150000507064384],[74.99676890838782,42.14526494826211],[75.00908054818547,42.154736085451894],[75.02695702304871,42.14640201816347],[75.04461955438757,42.14526497125725],[75.05000163411555,42.15833453585175],[75.0700854368574,42.149434180473634],[75.09075783471958,42.15062926999808],[75.09679993907153,42.166271811891285],[75.1034216645301,42.17139977190431],[75.11054293182347,42.17026714393192],[75.1374981711852,42.1541653392275],[75.13298109688427,42.14754797913598],[75.13368563999668,42.13091109512987],[75.14201965904495,42.122550315658664],[75.14131515315064,42.105908931633735],[75.13714586399284,42.09757487931879],[75.12118672645268,42.07742415344549],[75.1208344719678,42.07083362001323],[75.11285713224432,42.0649565324339],[75.11788259488357,42.053599223571744],[75.15242280189136,42.058687032128084],[75.16840861197902,42.0663121291736],[75.19825788500803,42.06702111135484],[75.20174046062492,42.07048140893363],[75.24825780699746,42.071185874549144],[75.2524537758163,42.075355187639964],[75.26840842152056,42.06702113818133],[75.28575881373663,42.06631213730528],[75.28995483254903,42.06214732087873],[75.2982888637521,42.067021137715194],[75.30659174475323,42.066312118942534],[75.31666481588931,42.05833477424787],[75.31214777826837,42.05171301881115],[75.3128523117758,42.043410197875104],[75.31702161046141,42.03921416524744],[75.31631255828962,42.03090687359725],[75.31251339223365,42.02708538563288],[75.31666481588931,42.020833698213174],[75.32083409995354,42.0208337438216],[75.32026778011365,42.00612315431883],[75.31723559783045,42.00221251633906],[75.31606733883149,41.96341387365604],[75.31250004542619,41.96249980992087],[75.31340522327956,41.95897259167942],[75.33137545258772,41.95776424582508],[75.34778939169627,41.94640244034859],[75.35741214339325,41.94512715095376],[75.3634051185099,41.93397043445686],[75.3824276535743,41.932695109158594],[75.38423361760735,41.92566311611884],[75.39804347145164,41.92443241671035],[75.40612332984048,41.917235479613],[75.42024977356458,41.91158128569627],[75.42859722319174,41.902208309137336],[75.4291679409565,41.89166694198104],[75.43541519876474,41.89581839824409],[75.46078742907814,41.882980613915805],[75.4690903202213,41.88368518527899],[75.47291623146661,41.887484313280716],[75.47674213391171,41.883685169695376],[75.4899231673766,41.88298063797199],[75.49341020890314,41.87952039526814],[75.53992307486185,41.87464658767752],[75.55244876304266,41.862147739091434],[75.57499837072635,41.866664736986216],[75.58995418488153,41.857978467065834],[75.59825705492706,41.85868741444549],[75.60208301332528,41.86248659663195],[75.61007367966057,41.85451818031804],[75.62742404046664,41.85381363700304],[75.6559087563605,41.842019349006534],[75.66492505615834,41.841314794861],[75.66912111554461,41.83714549918634],[75.6774239322817,41.837854532129505],[75.681267701241,41.841667032876565],[75.69340981020571,41.82952045883067],[75.7149250210244,41.8246467044262],[75.71840752591018,41.82118642181692],[75.72499809971262,41.82083416464144],[75.75517283913616,41.853537181056176],[75.77304490427858,41.854732202215644],[75.77708481614994,41.857862488940036],[75.79241522040826,41.85359964352513],[75.8007448170189,41.85890148674087],[75.80612252324661,41.85473223647838],[75.82991186554874,41.853599641837754],[75.83653357543098,41.858727589206914],[75.83840639882776,41.866027145666415],[75.8574289224539,41.867302462316594],[75.85833412757223,41.87083404186575],[75.86887542706842,41.87140037407117],[75.8742531249709,41.875565168945855],[75.89076069045501,41.87435672482219],[75.89263350522032,41.86706160957553],[75.89925529357102,41.861933632172224],[75.90625163197305,41.866196549946984],[75.92291529751216,41.85880336407711],[75.92916697378595,41.86249999865868],[75.9392400435153,41.850353401848],[75.94409154040599,41.849648876303206],[75.95174343159597,41.84201931241894],[75.99166570993462,41.83749781071319],[75.99683385294158,41.83285140284402],[76.00322373387634,41.83802842797506],[76.01891525554093,41.83697165663719],[76.02406113210327,41.83280239079496],[76.03558342906,41.83386359656678],[76.04072478957667,41.838028406299564],[76.06249856750833,41.82916818280916],[76.06335021703028,41.83248132899652],[76.06998088192587,41.83418467260862],[76.07180021360722,41.84127019808684],[76.07695491487324,41.84526551468859],[76.1107594008538,41.84618860227385],[76.11840675820679,41.85381364614789],[76.15659005081699,41.854518191416176],[76.16249837834857,41.85833520237485],[76.16766646127255,41.853684352053705],[76.1729148354275,41.8579383165111],[76.17916650109663,41.85416593712701],[76.1892440207964,41.86214774034694],[76.20242513426209,41.86285223501599],[76.20662112596546,41.86702147153876],[76.21492403134926,41.86631254727998],[76.21911998763076,41.86214767148636],[76.22742282973978,41.862852216995805],[76.23090987589663,41.86631247818922],[76.24583451756428,41.86666481816537],[76.26424164551997,41.85868746685704],[76.28159199500504,41.85797842452245],[76.28507453810076,41.85451819839654],[76.2916651032593,41.854165939748015],[76.30089993601807,41.838162200732086],[76.31570861731302,41.83684228277307],[76.32175510653326,41.82558310911739],[76.33112372282098,41.817235636173315],[76.34804603622021,41.816098545723335],[76.36581548294414,41.80748358060127],[76.36666716004004,41.80416598755765],[76.37257549090428,41.807978525056974],[76.41909285035939,41.80868754860209],[76.43090947663588,41.81631264610289],[76.45171116072899,41.817021588980424],[76.46004965207612,41.8121478381553],[76.49130797329843,41.843379348520486],[76.49583397954484,41.854165915862325],[76.51492343656055,41.85381363808113],[76.5191193905741,41.849648874064634],[76.55242440989237,41.85035334971896],[76.55662046711652,41.85451819185042],[76.5649232793406,41.853813654872944],[76.56841028642292,41.850353354802586],[76.60748091003612,41.850852773647716],[76.6091843526447,41.857483474041864],[76.62381461617586,41.867012556355114],[76.62556702532379,41.87157868927119],[76.62026521090547,41.88010449450962],[76.63001726588614,41.89498454238966],[76.64915128999381,41.905017513942354],[76.65360141076275,41.9144573917549],[76.6547340749865,41.93211996209087],[76.64999846146027,41.93333277190188],[76.64999846146027,41.93750202502332],[76.66909238125261,41.93714534303398],[76.67257486839308,41.93368507876721],[76.71075821894733,41.933685079250324],[76.71998409026413,41.93834925299441],[76.7208313159009,41.941666832504744],[76.7424133432019,41.932766498097976],[76.74791592302225,41.937029386187014],[76.75195583206646,41.93389911909215],[76.77795235381345,41.9327664973467],[76.77916524675958,41.93750205622232],[76.78507354059208,41.941314558922265],[76.79408989976596,41.94131462385099],[76.79757684750554,41.93785432725713],[76.814922814571,41.93714532882014],[76.82257459296521,41.92952027829713],[76.83159087624387,41.928811244852106],[76.8399517421023,41.920481694751174],[76.8815908505095,41.921186214916325],[76.88541671808373,41.924985327983016],[76.88924264281717,41.92118621264747],[76.93159069433905,41.92048164565754],[76.93749900885012,41.91666469691224],[76.95416711997918,41.92499872591929],[76.9553800424101,41.920267614869815],[76.97721181569403,41.92140023084394],[76.98258503552698,41.92556951259955],[76.99804469440713,41.924432442061494],[77.00341787265653,41.92026761794045],[77.01666591540801,41.929168018830666],[77.02745694978177,41.924642032691764],[77.03333399328329,41.91666467421456],[77.06492225659177,41.91631243048272],[77.06874816890611,41.912513261394245],[77.0729174493026,41.91665127459608],[77.0767433710086,41.91285214081138],[77.09754953532163,41.91214759747322],[77.11007519180846,41.92464647194845],[77.12254721586666,41.92535546820213],[77.12674324577786,41.921186217080795],[77.13921537487848,41.920481652038994],[77.14757618610065,41.92881123546247],[77.17742544493412,41.929520257361176],[77.18749850703168,41.94166685304248],[77.19825828958254,41.94131456157679],[77.20174085089918,41.937854329770076],[77.22083473067732,41.93750206789677],[77.22173997230199,41.94102922160008],[77.26492630958461,41.946188404209664],[77.26912238746435,41.95035320576333],[77.32083452849528,41.945831686179915],[77.33333339879334,41.95416572100452],[77.34508761115288,41.94110056409999],[77.36576001889422,41.94229556556554],[77.3676328225909,41.94960407406259],[77.39067747474462,41.96723533441553],[77.39925232728261,41.96193344843914],[77.42721083570862,41.9630660938183],[77.43529073328766,41.970267551651936],[77.4625002072923,41.970833807007274],[77.46309772398835,41.95091503885533],[77.47021892744816,41.949086777417584],[77.47144958903392,41.92174361028619],[77.48665067021946,41.915817467555726],[77.48806870233153,41.91028813301833],[77.51193377462728,41.885544633209534],[77.51320467322329,41.87593525138427],[77.52695650824019,41.86306630133545],[77.55659168214129,41.867021511268426],[77.56007424858312,41.8704817567133],[77.58575865174213,41.87118627966091],[77.58924119536312,41.87464655778721],[77.60242235172628,41.87535113879565],[77.60661838169192,41.879520372118684],[77.63158928611074,41.8788113508226],[77.6350763571007,41.875351074632775],[77.64583170197092,41.87499885603902],[77.65416574960058,41.88333290445136],[77.68233830561024,41.87847244097832],[77.68432262761745,41.871534115401445],[77.7004690829727,41.87021425644853],[77.70717556376417,41.875114751432505],[77.71678045427937,41.89884165017401],[77.72843206626911,41.904968445417715],[77.72978313547793,41.91882730826149],[77.73426012133982,41.928240503357216],[77.75342981669262,41.93413544320451],[77.75416557565607,41.9416668383375],[77.76075610609935,41.94131459016951],[77.7767420141488,41.929520276384224],[77.78575825846707,41.92881128097886],[77.7895842202174,41.9250120997229],[77.80208300214488,41.937484238717374],[77.83575821313104,41.92048165907999],[77.84583130121622,41.91249985368056],[77.84618801200837,41.90588259575593],[77.86078267237855,41.89131465467705],[77.86908991935601,41.892019214296276],[77.87257693810048,41.89547949229941],[77.8958311731925,41.89583177606959],[77.89547889706851,41.906591584287156],[77.88368457602652,41.92674222250865],[77.88298003136215,41.93575856965578],[77.86286061176513,41.95170878655979],[77.86214712319607,41.95588248620552],[77.87048121663156,41.96424331266383],[77.87499827533536,41.97916786385071],[77.89778872644877,41.991100443153876],[77.91054178224384,41.992233074229006],[77.91862162630557,41.999434515226106],[77.9325875342615,42.00473191667929],[77.94076553741145,42.003429888628446],[77.9509010886521,41.98816191562131],[77.96171890233357,41.988491893288064],[77.96331963876169,41.99925167400163],[77.97714734468448,42.00062958566304],[77.99162162748951,42.00954328771946],[78.00140936169245,42.02979655593709],[78.03667633850117,42.028489999055076],[78.04261142762299,42.01760984129353],[78.04905478429662,42.01571917395422],[78.05896291857745,41.99622843478352],[78.0535361789682,41.9878943823175],[78.05510577206837,41.974369876982884],[78.0688131123958,41.97563184627562],[78.08548117727808,41.97979664629051],[78.09785074929994,41.99103801030816],[78.10416484286024,41.99166677000243],[78.103317618576,41.994984313106855],[78.09653975552668,41.9967188899434],[78.09212970918932,42.01042617956398],[78.09943370293759,42.01862203842427],[78.10000002003277,42.024998570699765],[78.11075982019676,42.025355299019786],[78.12916705897791,42.03333257913093],[78.14073838601594,42.028240306232476],[78.14938010286272,42.01466236385851],[78.15354942498692,42.006328253321634],[78.15484249125907,41.98001509286614],[78.16574058920195,41.9740756021547],[78.1716355192887,41.954901488036086],[78.19583505301979,41.95000092383765],[78.2041646454718,41.93750206541794],[78.23137855472838,41.93806839863716],[78.24374809226344,41.94536345229868],[78.25612207805885,41.93806834037211],[78.26471035205219,41.93693131090609],[78.27695500319179,41.925569517230706],[78.288437185044,41.92443243547862],[78.29778793814351,41.93276652509978],[78.31160221227792,41.933992771577365],[78.31249848362158,41.93750203847582],[78.32916664374154,41.9375020934591],[78.32982655471221,41.930064292613],[78.3366490358866,41.928316288546185],[78.34119730974243,41.91875155656782],[78.33276514397832,41.90491495613636],[78.3410991895215,41.89387867371764],[78.34223182117552,41.87279155200489],[78.35416876550688,41.858335145517],[78.35381210369155,41.84754864566694],[78.34825607759052,41.84201932116897],[78.31758629899346,41.841078469962376],[78.31578037411167,41.834041987195974],[78.30612201238202,41.83276665789209],[78.29387731312583,41.8214004647932],[78.2916656257667,41.82083414970965],[78.29052853313483,41.82526644870252],[78.28333152353285,41.820834102972384],[78.2827652356328,41.81445760693781],[78.27129198713006,41.80209252318785],[78.27556821131765,41.79362467137527],[78.29526412198945,41.773045988565585],[78.30090038381184,41.75482605231513],[78.30833373989503,41.75416611143801],[78.30833373989503,41.75000131802998],[78.30195718691797,41.749430579870214],[78.28971251882993,41.73806877564098],[78.27168438350876,41.732481513019984],[78.2657046970174,41.721489805181335],[78.2519572541309,41.72026799450524],[78.23971262943732,41.70890175527615],[78.2269550946453,41.70776467886063],[78.19925520618334,41.69110104376553],[78.19374816068633,41.695363932218996],[78.15221163060454,41.67140075727022],[78.12695529609964,41.666098863623496],[78.1083341149573,41.658331151630996],[78.10477125461969,41.65217312779145],[78.10356286611456,41.62699256128646],[78.0993935810804,41.62137408190469],[78.10082055219591,41.6132718674699],[78.1117096713959,41.61172462865549],[78.12030232783789,41.602092943172664],[78.1160617349046,41.59637192724876],[78.12083294476717,41.579168727980914],[78.12048070870199,41.57257366006436],[78.1166815666063,41.568747799678874],[78.12535448002726,41.56004806546048],[78.12464107454319,41.55587882618899],[78.11492465673257,41.54618475952995],[78.1083341149573,41.54583244136405],[78.10767411583632,41.53839910028145],[78.10085170931715,41.536651167228264],[78.09109969436464,41.521771138206766],[78.09526451725658,41.510543137644014],[78.09583520828859,41.4916677440671],[78.07499782571726,41.47499964334295],[78.07047632744259,41.45587903533398],[78.06492471840029,41.45035421805788],[78.0392403031923,41.44964518258547],[78.03159298814263,41.44202009503798],[78.02695547919231,41.44223413920984],[78.01346672273847,41.4503943302467],[78.01164740390097,41.45748425192173],[77.99263378139892,41.467062458574446],[77.9907788265604,41.47429067060353],[77.98112482728257,41.475565943233775],[77.94804279030362,41.495266271447846],[77.93750148783323,41.49583256178084],[77.93243594996385,41.48399365435773],[77.9249981222347,41.48333372639349],[77.91054178224384,41.46723189055641],[77.90091899463506,41.46596101429983],[77.89498396462973,41.4550183804362],[77.88814370888198,41.45326155512099],[77.8755689994596,41.439710283776115],[77.87403063646786,41.429561423688654],[77.86741330934731,41.4244334582261],[77.85491445897317,41.429735297967376],[77.82591245346698,41.428558087995484],[77.82415115713118,41.42168213209336],[77.80637711569862,41.41306720560865],[77.79256728554819,41.411840930128605],[77.79081488190822,41.40501846727055],[77.76751612798213,41.39498109752107],[77.76569680403941,41.38789556516851],[77.7605420359235,41.38390018263271],[77.75221244661468,41.37973540277488],[77.73945496968965,41.37859834196599],[77.73137503738631,41.37140130797359],[77.7217211020341,41.370126026164385],[77.71986617959655,41.362897808674276],[77.71249972135313,41.358331695624614],[77.71702570143613,41.347545131969255],[77.73333263763556,41.33749882057511],[77.73410407128588,41.334221337709764],[77.73850072160688,41.33285241545873],[77.74489065663796,41.33802946401468],[77.76249964512027,41.32499994302839],[77.76214737754552,41.318409409061545],[77.75797805068682,41.31421340119361],[77.76249964512027,41.30416702875937],[77.74362420755197,41.304733354291045],[77.73258792051126,41.308902581821556],[77.72721031738122,41.30473335997627],[77.70195841811763,41.30360070606351],[77.6967992063924,41.29960533783034],[77.69492639769416,41.29230580928237],[77.67695618005324,41.291097389715326],[77.67083382066144,41.28333410833644],[77.6350763571007,41.283686341601815],[77.62291632751447,41.29581960446184],[77.61909049614997,41.29202041438678],[77.57328206674032,41.28714664368414],[77.56250003455995,41.295832947725316],[77.56164835660257,41.2925153995454],[77.5522083663269,41.28806517550045],[77.52279173555742,41.282767802522685],[77.5117554539527,41.274433768984416],[77.50624846277934,41.27869661161642],[77.47721076507517,41.267232287386875],[77.4617555392187,41.26609964718315],[77.45538351445504,41.271035902464405],[77.45071476702905,41.26998796596572],[77.44929233317977,41.25921929393392],[77.43554490914242,41.25056859954704],[77.39804392826292,41.23806533100518],[77.34757577388524,41.23785126290174],[77.33541581474869,41.24581970475653],[77.3315899175176,41.24202048988078],[77.31007472981895,41.241311533002644],[77.30659221782443,41.23785123820974],[77.28333348691578,41.23749902683747],[77.28298122438191,41.244089523945476],[77.27535173681822,41.251741399438025],[77.27083462125599,41.26250114574702],[77.2607570897271,41.254519347747014],[77.24757599185983,41.25381488130518],[77.23541599550985,41.245846465991484],[77.23159007891331,41.24964555803557],[77.1850772349719,41.24964558170461],[77.17742544493412,41.24202049941038],[77.16078851831799,41.24131156638703],[77.14825843361024,41.24964559517011],[77.13995560324626,41.2503545551068],[77.12742552456486,41.24202052560677],[77.11666566117262,41.24166827068987],[77.1107573900387,41.233686479155864],[77.08507745705218,41.23298191938786],[77.07083506676618,41.225000123156505],[77.05195523452325,41.22556647889988],[77.0458462165714,41.230663176771664],[77.0495294615295,41.23541658461616],[77.04492769375585,41.245195431320525],[77.02695746743603,41.246399337293646],[77.02291760309085,41.24952965610682],[77.01873939110868,41.24629680522745],[77.01054351619786,41.25360077760883],[77.00323060676556,41.25473342324183],[76.99387546881263,41.2463993825745],[76.96445429270862,41.24526676358366],[76.94387556418143,41.23806533396196],[76.93038228424018,41.23693270910992],[76.92500017305966,41.24999782398905],[76.91363838415333,41.25443017041794],[76.91168975936942,41.24684079619968],[76.907587415342,41.24526675630286],[76.89508852410944,41.250568589307704],[76.88112261471261,41.245266725186404],[76.86740198039955,41.232429022252724],[76.86609986163528,41.224255463600095],[76.87036281770284,41.218748515206705],[76.86577883855693,41.20904099187551],[76.85612488302272,41.20776567527341],[76.85074718073776,41.20360090047137],[76.84254692511274,41.20490739392257],[76.84045110764987,41.21306758957503],[76.81445459067277,41.21193052747759],[76.78958171358988,41.200015755653176],[76.77742623791873,41.2121445543895],[76.76424065978225,41.21214454345731],[76.75833235023066,41.20833205297073],[76.74828594669705,41.212853535723205],[76.74408996219012,41.20868871677404],[76.7217409827395,41.20895632351948],[76.71565873795777,41.2202378446227],[76.68532795620365,41.22143734961444],[76.6645753058323,41.22863431308267],[76.65633933360824,41.221437324596806],[76.62699398563294,41.21605962692227],[76.62154943234296,41.2116629716773],[76.62011800369604,41.19666253611035],[76.61195787498595,41.19522669894735],[76.60416784616062,41.19999796735948],[76.60381115397901,41.17257446987251],[76.59964635088998,41.16837845785253],[76.60380665785273,41.15587518177293],[76.59409024784553,41.14618550536183],[76.5892120162393,41.145476535419554],[76.57916568958821,41.1333343848534],[76.56007621583001,41.13368665008572],[76.54409036196276,41.1413117197109],[76.52674000557282,41.1420207481554],[76.51078530903376,41.16214466440186],[76.4999987892568,41.16250136464128],[76.4996464845169,41.1558795953737],[76.48992565478049,41.146185516202436],[76.47695412065185,41.14639957287171],[76.47179938532258,41.150394923943864],[76.4699533664342,41.157600795060546],[76.46156131941144,41.158898410700395],[76.45221055319107,41.1505687881292],[76.44487534670685,41.149431716352375],[76.43398625737915,41.15930418539545],[76.43219814227932,41.171098538776555],[76.41342084068707,41.15775241513529],[76.40776677397484,41.14362154812025],[76.40056531979887,41.135541641484664],[76.39933903511336,41.12173184159827],[76.36445550847394,41.111930722202814],[76.34241416237433,41.09943185414081],[76.33112372282098,41.10056891334959],[76.32574601316678,41.10473368533145],[76.31755910054868,41.1034316907184],[76.30416840348708,41.087499258654],[76.28090981032281,41.08714700634023],[76.27708389071118,41.08334784207745],[76.25658980347006,41.09964586035328],[76.23924390416444,41.104519694911254],[76.23333115411518,41.11250144985008],[76.22304402345142,41.10473373575299],[76.18945804032998,41.095267022702785],[76.18008499393062,41.08691511140741],[76.17825684653843,41.07978061830667],[76.15195700906007,41.078598924566464],[76.14790812100577,41.075459733305365],[76.13750062779418,41.08333453257289],[76.12951883721573,41.06909216161982],[76.12916652208152,41.06250156246641],[76.12257597322149,41.06214487129412],[76.11908896832175,41.058684549009875],[76.10590790655469,41.05798002838504],[76.10242534339851,41.054519793578734],[76.06424204891468,41.05381524951662],[76.05659025321044,41.04618575439434],[76.0375007820152,41.04166864919323],[76.02916679647055,41.025000573298804],[76.02257622789071,41.02535281028209],[76.01492442416539,41.03297790653595],[75.98924439692296,41.03368684575995],[75.97742338414027,41.04131194801319],[75.9624987460398,41.04166862715281],[75.9480423219437,41.02973613608307],[75.93429942219053,41.024603698898716],[75.93248448885036,41.017518171995206],[75.9258493802117,41.01581481738979],[75.92500220369419,41.01250171420295],[75.91908936992047,41.01631421298917],[75.9041648017027,41.01666645509583],[75.90325962457312,41.013139343292615],[75.88528940468736,41.011930934360116],[75.86471064651215,40.99639982370211],[75.83945429316682,40.99526723740538],[75.83554364578416,40.992235063521],[75.81666831898085,40.99166878032177],[75.81575868051408,40.99520930516337],[75.80416493712181,40.99583357240734],[75.80331774114369,40.99251595088808],[75.79668260294905,40.99081705332381],[75.79486776589569,40.98373155996237],[75.78159302639273,40.97535292492167],[75.75590862983896,40.97464835745487],[75.74409196495509,40.96285405323839],[75.70833443160517,40.95833254276242],[75.7079822115766,40.95174193294515],[75.70001376985685,40.94375125722238],[75.7045219081685,40.9392118938172],[75.70381292268469,40.935073826147466],[75.69618789238254,40.92742648439678],[75.69583111655024,40.92083151067614],[75.67841832474856,40.91610037943229],[75.67197049668528,40.921098990260795],[75.67026708831187,40.914454986561836],[75.65732674754479,40.900622790561286],[75.63675249636634,40.89943225391577],[75.6284184186198,40.90473414552414],[75.61445699442736,40.89943224024209],[75.60242634206494,40.8878519593084],[75.58112076998339,40.88693337207484],[75.55947624168124,40.866211964110036],[75.55776397578568,40.86175282368114],[75.56204029503456,40.8562414249992],[75.55331376846505,40.842516297232436],[75.52172105188117,40.83262598891757],[75.51998204860367,40.825852629465416],[75.5133513290462,40.82414926586986],[75.51249959771194,40.82083169522468],[75.50174426025939,40.820479379061794],[75.48575844751349,40.80868506163496],[75.47499860680597,40.80833284299198],[75.47499860680597,40.804168018824754],[75.46424323767215,40.8038113022716],[75.44409261249065,40.787852181481846],[75.40245347708674,40.78297838465143],[75.39825743407562,40.787147588469345],[75.39251857801986,40.78664820469641],[75.39077959025889,40.77987482431046],[75.38112114892341,40.77859954597266],[75.36471168637091,40.7630684598056],[75.3436245781103,40.76193143983592],[75.31312431885873,40.753258443272976],[75.31250004542619,40.741664799013044],[75.30590951714964,40.741312519643635],[75.30242242990411,40.73785226484307],[75.29411959081494,40.737147750087054],[75.27742472791171,40.749646621117414],[75.26450669561281,40.74938352240771],[75.25079500287266,40.7450403137294],[75.24922985621374,40.7343072987436],[75.23549580264664,40.725616467204375],[75.20000136408335,40.725001117380565],[75.19618883628635,40.71007649835666],[75.20451846934694,40.70171571691843],[75.20000136408335,40.683335319743456],[75.18507680348226,40.67464448069332],[75.17916845633601,40.66666716274252],[75.16592048553902,40.671402743387134],[75.1300158169334,40.65748146218211],[75.11581801216296,40.621683741340334],[75.09999714484144,40.610928428874544],[75.10776486664639,40.60221089222282],[75.10890190046071,40.5909204293772],[75.10473264750327,40.58554273949871],[75.10350639673258,40.57173291512818],[75.09228731701201,40.56567746593412],[75.09644763037537,40.52174635083844],[75.12460241393515,40.50736577347717],[75.1300158169334,40.49668624619007],[75.14960458920703,40.48653288833522],[75.1535999518959,40.48137814489085],[75.15416625624444,40.458333525800825],[75.14362498363832,40.45889979616937],[75.13675347035316,40.46306908000772],[75.12278754126193,40.457767239664314],[75.1051340302957,40.44543779732454],[75.10331465776176,40.43835231490675],[75.10000159983898,40.437500584113195],[75.09256826255208,40.43816051641118],[75.08575922533866,40.44547795866905],[75.08162117713535,40.446186939429985],[75.0770818360393,40.44168325109008],[75.06492629807481,40.449647162078634],[75.05174068855784,40.44618694496794],[75.04583244326653,40.45416873169439],[75.03529110870655,40.45473502349015],[75.01592075363055,40.467233843496054],[74.9909185574509,40.4535979187882],[74.93971029104334,40.47860012213067],[74.93112206979994,40.47973277281735],[74.92175344472345,40.488084641311254],[74.91998319815309,40.49498287161064],[74.91335249715044,40.49668622224045],[74.91250087136041,40.499999372192875],[74.8977902475501,40.50056562079217],[74.88835030262784,40.50501586807928],[74.88749863608395,40.50833338261805],[74.86840920939596,40.51285496889582],[74.86492224318164,40.51631523817367],[74.84757634821112,40.5170197110611],[74.84081635809694,40.52414984787008],[74.83507742282289,40.5246447840302],[74.82499993678175,40.51666750336383],[74.8160504837574,40.50046755722054],[74.82027321838054,40.489582922288086],[74.8130628816935,40.472914752317415],[74.81610394806361,40.46874994168009],[74.81168500708614,40.45482423267372],[74.79166807660441,40.454168689296395],[74.79223439835432,40.44778773430885],[74.80096982828692,40.433728171597615],[74.81054347881661,40.428600261556184],[74.85195515715218,40.392231764350505],[74.85775195437836,40.39074694772358],[74.86757091301646,40.37564393689153],[74.88112214882395,40.36306929414925],[74.89639898447287,40.35711636300803],[74.89513706876471,40.34672217784214],[74.88418551664208,40.340813874703855],[74.88244653713092,40.33404055698798],[74.87278808979737,40.33276519404279],[74.86471264274338,40.32556823065242],[74.85174116763822,40.32535419561658],[74.81075752154288,40.34964741303988],[74.78995579859567,40.35452118329631],[74.78575979065673,40.35035192443189],[74.75661961259544,40.349647404801246],[74.7482855562545,40.35452120739763],[74.73541654411008,40.34167893792447],[74.71909180620382,40.34964739574408],[74.70661971076012,40.35035192132481],[74.70242367552002,40.346187094173175],[74.69583315366641,40.34583489160718],[74.70035464709274,40.339213068224595],[74.69964564288797,40.322576173037966],[74.68298202895183,40.297547265737535],[74.68368654719406,40.289244398475745],[74.68785133633244,40.28504841402336],[74.68368654719406,40.27742333522187],[74.68333424377508,40.26666796385986],[74.6759009536512,40.267327893723504],[74.6741217502578,40.274261808650515],[74.66592146976281,40.27556836031218],[74.66054382453004,40.271399119985865],[74.64489681145128,40.270266448559646],[74.63554160120115,40.27860050626299],[74.59779087956012,40.279733149095904],[74.59373757943588,40.28287679887872],[74.57304284217494,40.263069495679346],[74.56346919101485,40.25793706356456],[74.54943187354867,40.23528928053564],[74.5240150346264,40.20898503560796],[74.49779103090324,40.203598421829724],[74.48710263972342,40.188468711818174],[74.48112292689953,40.18693481280944],[74.45833251306628,40.16666814570291],[74.45767251386908,40.15923487458855],[74.4267442397168,40.14547855101885],[74.41470913032643,40.13390269924427],[74.40612084146004,40.1327656233791],[74.3730432875703,40.10890053053955],[74.36029023086104,40.10359865011735],[74.34681929476253,40.09109981232553],[74.31841033196174,40.10035245277169],[74.30658923717394,40.11214675895063],[74.30245566430536,40.112851317285006],[74.28992564080951,40.10452165063954],[74.27500098090583,40.104164922182605],[74.25833287928008,40.133331915062136],[74.24804577518543,40.125568639029034],[74.23838728779384,40.12429334800341],[74.23749991291379,40.120833089414326],[74.22674011746686,40.1211853384028],[74.21495472875615,40.12951943410352],[74.19825985165326,40.1211853426905],[74.18507433367077,40.1204808228516],[74.17291881196542,40.112512395336616],[74.16909290912753,40.1163115309141],[74.16078560805765,40.11702057489528],[74.14825998929956,40.10452171569289],[74.13995265452581,40.10381269129647],[74.12708370031037,40.11248566723544],[74.1086899051716,40.0941185708354],[74.10833314821672,40.08750129295841],[74.09340852239589,40.087144583312],[74.08575678974802,40.07951952930087],[74.06911981433586,40.07881494002416],[74.04583442929076,40.10000017250747],[74.03333558013763,40.09583532927043],[74.02065390754046,40.11541524768482],[74.01591828092941,40.11723455565207],[74.00758871211826,40.111932735774964],[74.00208173192833,40.11620005634787],[73.99804173247144,40.11306533519761],[73.97425246575052,40.11193269112053],[73.96887922955136,40.11609753648661],[73.95506494138539,40.11732818079164],[73.94960255724413,40.12819953103704],[73.94583465634595,40.12916715155393],[73.94583465634595,40.145835247231325],[73.93924410646501,40.14618756201651],[73.92742299780821,40.15798187871794],[73.92083245008747,40.1583341064236],[73.92147454316708,40.164634816691674],[73.92856900119133,40.17291540134664],[73.92068524739358,40.18212341423223],[73.9091540235721,40.18779094057943],[73.90755326043474,40.20350035345696],[73.87500183239067,40.204164789200306],[73.87443100702488,40.197788200660625],[73.863069244925,40.18554353426398],[73.86193218909997,40.17695531454121],[73.84640110016926,40.15637658092876],[73.84069795430278,40.142062890627265],[73.83408061608526,40.13693487502531],[73.82172893911844,40.13817452264502],[73.81961975243253,40.14640157423424],[73.79653947181866,40.13661384323066],[73.79512593081506,40.12588520021032],[73.78810726571854,40.12408821452557],[73.78750082249422,40.10833420547425],[73.78091034612474,40.10798192776301],[73.76666789445056,40.095835332173415],[73.76723427243998,40.08528956422326],[73.77139906297091,40.079911886575644],[73.77015941104007,40.067564683028685],[73.76308286146553,40.065745371865994],[73.74804224289856,40.04640176354447],[73.74166577084486,40.0458354507036],[73.73693461954973,40.03408128119828],[73.7381742971701,40.02172954146586],[73.74166577084486,40.0208332682757],[73.74109941047111,40.01028750291997],[73.73796913630355,40.006252045786916],[73.74120643366963,40.00207383827502],[73.72973316905757,39.98970873186057],[73.72819928657292,39.98372912304419],[73.71737701612601,39.97828006837852],[73.71609725160364,39.96862164517038],[73.7047354395553,39.95637695700786],[73.70331748060698,39.95085217604035],[73.69246846441737,39.94926473453409],[73.69105050953966,39.93950819036013],[73.68666277053482,39.9340190038297],[73.66450547570767,39.93271698201633],[73.6513689152207,39.928547744712496],[73.64964778473895,39.935758114456334],[73.64412293094855,39.94130969264143],[73.63507539870277,39.94201867810782],[73.63159287420952,39.94547896614672],[73.62168468993364,39.94498393525613],[73.61998136812325,39.93834884782927],[73.61445652537977,39.93693086687207],[73.59804256592618,39.921399744527626],[73.5916660758291,39.92083347297166],[73.59109974840817,39.914456962053826],[73.57860088678312,39.8965804513789],[73.59640158347938,39.87601061900353],[73.59509958798634,39.8675471956919],[73.58835290817709,39.86581707846421],[73.58333202040123,39.854165470949404],[73.56249905819291,39.85416542710456],[73.56153141175123,39.8503974785833],[73.55085186622894,39.84498416304371],[73.5333320922012,39.812499597253854],[73.52742377426642,39.81631212864742],[73.51007345480973,39.81702114589361],[73.49583548065861,39.82499844512576],[73.47153785055778,39.811580997875204],[73.47026699465081,39.80195829288429],[73.45342051347563,39.7869311549539],[73.44804286988013,39.79110039949365],[73.43871441233667,39.792233025441455],[73.43750153636672,39.78750189004125],[73.4309110280805,39.78785415379058],[73.41495188745084,39.7961882230049],[73.40208287215411,39.783346027898716],[73.39825699228803,39.78714517945108],[73.38091107909193,39.787854183813074],[73.37742408285479,39.79131445838166],[73.37083353354359,39.79166670011476],[73.36961622748095,39.786931154413686],[73.34778891699843,39.78806817735851],[73.34374006863885,39.79120743539359],[73.30927117404963,39.76609820217956],[73.30195824704175,39.76723525738922],[73.28137501307823,39.786931109334155],[73.27257723220605,39.787145162048056],[73.25174432156385,39.77881555072158],[73.24409254638189,39.77118606196308],[73.22742440063317,39.76285195690646],[73.21840810920136,39.76214748597741],[73.21075627113494,39.754517903795524],[73.19341034033725,39.75381339910908],[73.17499872453959,39.745831601727346],[73.16731120007806,39.7645330676204],[73.16579073301929,39.77941756092154],[73.146884107843,39.7701916521885],[73.14503361363491,39.78232045010549],[73.13846533156703,39.784295799046106],[73.13648547294407,39.79086849829953],[73.12703217399523,39.79230883800691],[73.11346314400336,39.800963912415995],[73.09583186587909,39.833332572399264],[73.08970948635827,39.83693102622278],[73.07841907600147,39.83806808686255],[73.05918251698495,39.8283160281649],[73.0574836238516,39.821685373399966],[73.0425188300445,39.815817150912885],[73.04166716223013,39.812499647295425],[73.03007795502154,39.8131238858004],[73.02304597986655,39.820267374947676],[73.010288487949,39.821400001198164],[73.00624853811412,39.824530254403925],[72.99288009999418,39.8202673540494],[72.9907576352848,39.82854342960226],[72.97916843144418,39.829167717815906],[72.97304604860797,39.82556920927456],[72.95923176642508,39.82433855645974],[72.95748376025654,39.817516068448185],[72.95084862639891,39.815817158059694],[72.94583218924183,39.80416556886434],[72.93992386931352,39.807978060788926],[72.89757577176128,39.812851911297805],[72.89166743097589,39.82083368528991],[72.89964481038727,39.83507601099271],[72.90035377378273,39.843383361438356],[72.88995516394897,39.85381320516251],[72.88090762659186,39.85452215807552],[72.87499932764094,39.862499526471794],[72.85242293634269,39.842018864038934],[72.84828484358233,39.84131429544425],[72.83749831855594,39.85416545212724],[72.814636509368,39.833974632182446],[72.802084127389,39.82977418069008],[72.78717735758525,39.833974645694255],[72.78130024275818,39.82980982352213],[72.7673655221344,39.82838737559342],[72.76666546042142,39.81249963637279],[72.7541666408515,39.81249959025299],[72.75380987289985,39.805877855129566],[72.74825834967685,39.80035302324109],[72.73924201230066,39.799648508839546],[72.73575941615618,39.79618820731433],[72.71424423996372,39.79547925093934],[72.70659250490375,39.787854137352504],[72.69340691950285,39.78714519620051],[72.68749863752979,39.77916784759317],[72.68112211669755,39.77973413751799],[72.65220925623899,39.79526521686365],[72.63529144327782,39.79640225908124],[72.6258515004053,39.80085243133236],[72.62499981949138,39.804165572410675],[72.61763341491188,39.799603888957236],[72.61581404579962,39.79251837414537],[72.60195517913418,39.78693115425181],[72.58971055206774,39.77556932264408],[72.57842006376103,39.77443226546889],[72.55758718621699,39.78806818197888],[72.54583291143368,39.78333261924659],[72.54166811417923,39.78750186036644],[72.53507757488129,39.78714514524671],[72.52952598391502,39.781624827230864],[72.520835190628,39.76249973709625],[72.51666593412446,39.76666447847131],[72.50833191703188,39.766664503286925],[72.5033154381725,39.750852532327485],[72.49668475819344,39.74914915151411],[72.49486544695344,39.742063629252506],[72.48971067888337,39.738068325144376],[72.47174051817908,39.736864322798034],[72.4699836024945,39.73001963406493],[72.44657778108017,39.716098324424664],[72.43407895810336,39.721400161955145],[72.41862374553709,39.7160983430866],[72.40926848534319,39.707764268672456],[72.39779076184587,39.7089013206955],[72.39241313780038,39.713066158748845],[72.38528751123312,39.711933509671134],[72.37721203904424,39.70473202252536],[72.36346017398361,39.70351024125895],[72.35889855507315,39.698043438423404],[72.35833224246063,39.68750211026718],[72.35174170464578,39.68714537336825],[72.33992500072114,39.67952030192112],[72.3184098619523,39.6788113178786],[72.3149228501113,39.6753555178947],[72.28407035875951,39.67003135660187],[72.2833345852862,39.662499930363595],[72.2477509815093,39.66303055512825],[72.24266762908998,39.66715073898648],[72.23749951750683,39.662499886942136],[72.23090891996617,39.66285215943727],[72.22742642081624,39.666312414448825],[72.21424080854635,39.66702140329338],[72.18575610694973,39.678811307875804],[72.1642409333908,39.67881128343838],[72.15242431137433,39.671186235285454],[72.13995223321987,39.67048171601583],[72.13541727567495,39.674985430051606],[72.11492330339912,39.65868735355557],[72.10174212603181,39.65797834353259],[72.09166455486137,39.65000106953007],[72.08425360578694,39.654384371600926],[72.08268845255631,39.66463583111249],[72.07839427385441,39.670120479835674],[72.05384699532233,39.67147611939564],[72.03958227838282,39.66310637925643],[72.00486374872405,39.67161433568394],[72.00416814166498,39.687502082494056],[71.9892434932074,39.68714538810059],[71.98333517918647,39.68333282128297],[71.98248351511295,39.68665040032026],[71.97291870304565,39.69119865632201],[71.96874948017455,39.68797030329554],[71.95505561715767,39.69237591138288],[71.94914727244806,39.707483312681916],[71.94583419712154,39.70833501730965],[71.93945767676834,39.70776427167651],[71.93137777483342,39.7005672819116],[71.90195657446841,39.69943467326326],[71.8825862399656,39.69110058295575],[71.8772085643277,39.69526536472115],[71.86755462552581,39.69654066520651],[71.86210557866607,39.70736736849825],[71.85221086737826,39.71193353287526],[71.8352885377826,39.713066146335116],[71.82150102266328,39.721783682978426],[71.82026588542207,39.73408188869636],[71.8255677120154,39.74461874639712],[71.8175190677684,39.746683290424514],[71.81578894775159,39.75342992428845],[71.80758866631139,39.75473194948894],[71.80221097987122,39.750567178602765],[71.79092051210128,39.74943455957051],[71.78541802268684,39.75369742465499],[71.78137806177897,39.75056718862324],[71.757588757582,39.749434524123515],[71.74925467053461,39.75473193250588],[71.74092064104077,39.74943457310268],[71.72695475101942,39.754731955634796],[71.71471006427215,39.76609821226184],[71.6916654189482,39.76666451568908],[71.66887490940127,39.74640235062272],[71.66289526253148,39.74486398121363],[71.65889995996658,39.739709254902024],[71.6583335957927,39.72916791235367],[71.63112417265734,39.72859716362032],[71.62708421738706,39.725466904668636],[71.61591865604656,39.72973427729846],[71.61054543774746,39.725569470927745],[71.59508573299186,39.72443240204504],[71.58656438621429,39.72973424528268],[71.57720919536428,39.721400195508245],[71.56316302575411,39.71576836574772],[71.55776751474353,39.689455195571156],[71.5537721505413,39.684300429876686],[71.53750088107482,39.68333285579624],[71.53714858850834,39.67257744723477],[71.52535427919334,39.66075642778249],[71.52464532186421,39.63507643032175],[71.51285547984529,39.62325984773543],[71.50833392422409,39.608335236240016],[71.49757408449169,39.607978498301314],[71.49409149867762,39.604518202432736],[71.47257641650243,39.603813713404044],[71.4642422902092,39.599648851401895],[71.44409164265008,39.57952050478905],[71.42257643668508,39.578811504630764],[71.41492468502065,39.57118647741128],[71.40590837943866,39.571186473531085],[71.40208243804969,39.57498560287848],[71.39825654689744,39.5711864067857],[71.38995367457426,39.57048193386156],[71.38575772698228,39.574646677229715],[71.36078671111761,39.57535120500368],[71.35659070115594,39.57118643224104],[71.33750132959327,39.57083420148769],[71.33270771949044,39.53840759154906],[71.32304491984128,39.533899457097796],[71.30923507443944,39.532673171881335],[71.30742908367104,39.52564564861526],[71.2916662367184,39.512500250398794],[71.27952406824222,39.52254659452503],[71.27881508332105,39.527424803492465],[71.25661764766276,39.55381375291566],[71.24583553551973,39.55416604953333],[71.23159315096976,39.53785467377628],[71.21838084773073,39.53297638030288],[71.19583119501289,39.508335397984254],[71.17674181322921,39.50868768701418],[71.16492519029715,39.51631272465102],[71.11912123474904,39.51702171651992],[71.11492530229033,39.51285251001695],[71.09583139351824,39.512500211205975],[71.09526506339394,39.50195443336826],[71.08806808637553,39.493879041980996],[71.0838988516051,39.481375726355],[71.08276624788574,39.443624949981],[71.06723517737127,39.423041742177865],[71.06164788429975,39.409182834690036],[71.05174423212485,39.4086879059233],[71.04791830943165,39.412487023318555],[71.04409244186046,39.40868789542027],[71.03507616714255,39.40797886194799],[71.02742434006903,39.40035380342549],[71.01912150642035,39.399644827217465],[71.00659144572398,39.40797889728414],[70.98924100221592,39.41285268708566],[70.98158924284459,39.42048223327013],[70.96840811667703,39.42118671134464],[70.96007409520487,39.425351530425004],[70.95416573512888,39.43333331560996],[70.9466343418053,39.43259757556204],[70.94506471794186,39.421806518968296],[70.9382690555959,39.41986236779867],[70.93688226321538,39.410337738561864],[70.9246375878474,39.39692030688398],[70.91867132115954,39.3952169205768],[70.90632852417235,39.38394877135087],[70.89953288781639,39.38271359682257],[70.88750215498763,39.387498209878444],[70.88298067952736,39.40242285629075],[70.87083409807829,39.416665186566995],[70.85242244642158,39.39618457643683],[70.83158952936981,39.387854950682126],[70.81424361607674,39.38785492736863],[70.81075664257473,39.3913152370681],[70.8017403071544,39.39201973145334],[70.79409298097056,39.39964483858398],[70.78578560158971,39.40035384505014],[70.78158966247543,39.396184537653],[70.77083427967492,39.395832292927615],[70.75897305086416,39.40090674324964],[70.75359984555213,39.43407803992114],[70.76723581785114,39.454915384862865],[70.76250025479979,39.462500307133354],[70.76592925084637,39.46337879117648],[70.76723581785114,39.47157902301445],[70.76214790765637,39.48158968836008],[70.73995503267443,39.50380943123834],[70.73158968977097,39.50797865585933],[70.71840859917884,39.50868769237779],[70.70659195731913,39.51631270286178],[70.69583221287083,39.516665021703325],[70.68368556341292,39.530907372884585],[70.68298102283896,39.54409294233371],[70.6541663055561,39.579168261272834],[70.63090769197052,39.57952052318881],[70.62742507620581,39.58298078085477],[70.62083455136889,39.583333041020374],[70.59828492014846,39.57881154627857],[70.58992410561609,39.58714560307696],[70.5642441369914,39.592019353471606],[70.55869256188974,39.59754421137704],[70.55381424250845,39.61075650294243],[70.53749842985003,39.62083405331145],[70.52581115899898,39.62014735490585],[70.52071881472004,39.60532531625261],[70.49779011432858,39.60359967613697],[70.48529126194487,39.59943481748162],[70.48013659897735,39.595439515753576],[70.47827715268345,39.58820682773442],[70.46250083019576,39.58333307272303],[70.46147074681015,39.586753166039976],[70.44686277777141,39.588247001544005],[70.44519062390249,39.59380300821381],[70.43424794739039,39.60480803783569],[70.43276752629811,39.59362462939095],[70.42378693794205,39.57443264427715],[70.38945624108464,39.57973452964595],[70.38001634677607,39.584184702537414],[70.37826843249913,39.59100711761234],[70.3625009933641,39.591667087900454],[70.35890252029739,39.58554478325591],[70.35767181446704,39.57173488027127],[70.33789569296201,39.56153249595295],[70.33390037085329,39.55637778142448],[70.3326250186241,39.54671934581288],[70.32539678763852,39.544864344714206],[70.31150223243266,39.525609967498916],[70.28529165403833,39.52443274413167],[70.28137661739363,39.52140059069396],[70.2708352692681,39.520834270243945],[70.26998357885995,39.52414738497703],[70.25195546258723,39.53389946148391],[70.24236841127784,39.54259469482203],[70.23749907290487,39.55833530585438],[70.21751781883754,39.567516632938464],[70.21581446496356,39.574147272093626],[70.20918376524287,39.575850633517696],[70.20833207711215,39.579168243614966],[70.17599020682344,39.55359978374835],[70.15612493545902,39.55473234501348],[70.14623012563294,39.55930296990195],[70.14081684360416,39.56998246441132],[70.13418615213581,39.5716859050745],[70.1324114330171,39.57858406890394],[70.12304281375928,39.58693151600853],[70.11424060236344,39.587145597520205],[70.1104146772227,39.583346386040574],[70.10624985106037,39.58748442576642],[70.09408991537907,39.575351249787296],[70.08507361466602,39.57464669314487],[70.07325699095195,39.56285237024404],[70.038716726893,39.56723569303134],[70.03693311398071,39.56028839056691],[70.02406860791253,39.546536538341805],[70.01445482222732,39.54526569488632],[70.0063793508813,39.53806872105785],[69.99232871243318,39.53839863748836],[69.99166883080817,39.54583197949393],[69.98835123950371,39.54668366745588],[69.97916548981405,39.5625000850993],[69.95925116383434,39.5619025758653],[69.95833253762629,39.55833527289024],[69.95174200216634,39.55868761321389],[69.94340789644905,39.562852372390225],[69.93333479377884,39.57499897747573],[69.91445499864523,39.57443263644302],[69.90070314866513,39.56574634247928],[69.89498207829247,39.546683681014486],[69.8894572658392,39.545265702467056],[69.86666679330395,39.520834262718076],[69.8549037091387,39.52997098515997],[69.8534321858869,39.545029368510974],[69.84367121767869,39.54645178515357],[69.82715913655456,39.55771547678353],[69.81348756521827,39.559048776444044],[69.80697280602575,39.57079846711159],[69.80121166525895,39.56659354780959],[69.79500901803745,39.57846367662769],[69.77700768348669,39.57978360127261],[69.76041537792464,39.586940446655525],[69.75369547922284,39.582717683324795],[69.74799230642304,39.58688247356643],[69.73117260755832,39.58811765022089],[69.69583419249356,39.60000117421146],[69.68333533177363,39.58749782628334],[69.68267090845329,39.580064502736946],[69.67585292611471,39.578316513807856],[69.67500123128033,39.574998997331825],[69.6559073727292,39.57535122703793],[69.63159195280255,39.59131484728525],[69.62328908332012,39.592019332864346],[69.61909307282528,39.58785458533512],[69.60590753508657,39.58714554177203],[69.59583442730981,39.574998943117855],[69.58835200483088,39.57414726124445],[69.58410246488346,39.56986205632112],[69.58252399697469,39.55900861406109],[69.55516739863967,39.557666419445354],[69.54900042067078,39.54234496977906],[69.49757366085413,39.53714565673622],[69.485418143848,39.525012417842916],[69.47742294824593,39.53298087133519],[69.46078606098595,39.533685402812935],[69.45659006222293,39.52952061951506],[69.44362297497347,39.52973462752498],[69.43137824949787,39.53693165697708],[69.42279004377356,39.53806866011134],[69.40918529407175,39.54668364146055],[69.40751316103686,39.55318947517124],[69.40322801843807,39.554732350336536],[69.39258406002479,39.54525230735155],[69.37876978349999,39.52180192662589],[69.36666781645758,39.51666499780001],[69.34166561424841,39.54166719587677],[69.32257622462328,39.54131490164721],[69.3190891976459,39.53785463970126],[69.30174330232684,39.53714569134263],[69.29825630515002,39.5336854061493],[69.26424228091012,39.532980860857926],[69.2541647209878,39.51666501951547],[69.24757413955953,39.51702175400311],[69.23541863873926,39.524985662141574],[69.22745469055255,39.52048201216322],[69.22325865820572,39.524646825799074],[69.21249886343014,39.52499905305667],[69.18992238380369,39.5128525005293],[69.17328549839189,39.517021759303276],[69.16041655230354,39.50834881139818],[69.15245261904856,39.512852492906376],[69.14166598640475,39.504166122579214],[69.14166598640473,39.50000133853681],[69.12674143097996,39.49964461608998],[69.11492475498807,39.49201956031297],[69.10174368833228,39.49131499628334],[69.09825671950742,39.48785475953229],[69.07328570847852,39.48714579284541],[69.06075562357998,39.4954798165144],[69.04828801988397,39.49618881060975],[69.04409201918419,39.49201960478584],[69.02674161022833,39.4913150071113],[69.01075576381112,39.48368548239432],[69.0024528893209,39.48298094369915],[68.9982568675991,39.48714579722914],[68.97328592076234,39.48785479859156],[68.95625218522474,39.479181833389326],[68.93992288824663,39.49131499478615],[68.9227910756098,39.492233613028326],[68.90530245154812,39.50026447139555],[68.89901960611974,39.48813123176255],[68.88112071819538,39.486931725541204],[68.87292490727202,39.4796276865034],[68.85758557353037,39.488068822723356],[68.8522124297898,39.48389954579735],[68.83333255668505,39.479168425360875],[68.81840795706928,39.48368547164716],[68.80245333694094,39.503809398200055],[68.79409251608033,39.50797868254656],[68.76249973321251,39.50416613482053],[68.75742531494188,39.516045192581345],[68.73529033549832,39.51723577313541],[68.72425407945995,39.52140060236929],[68.71591996058996,39.51609867711976],[68.7105422620756,39.52026795958645],[68.69341043929712,39.520482022627675],[68.68992344165247,39.51702176425492],[68.6732864927627,39.516312732118315],[68.66909053692515,39.5204820102984],[68.6566183576698,39.52118650049363],[68.64409273873109,39.51285250874234],[68.63507651114351,39.512147939267145],[68.6232598662093,39.50451841188738],[68.61666482691705,39.50416616672513],[68.61335170195055,39.50501782990533],[68.60833520474029,39.51666497130666],[68.60195429422441,39.51723579022351],[68.58554479763463,39.53276683665252],[68.5727872789804,39.53389943749499],[68.54668374014555,39.54668372249756],[68.5458320454797,39.550001229520625],[68.53945552175732,39.54943049314023],[68.5249990622964,39.53333314341235],[68.50508031059618,39.533930676242264],[68.50326992611636,39.540993865645845],[68.49091818163217,39.542233526702724],[68.48554496943828,39.53806868914734],[68.4602886620433,39.536931642678844],[68.44925236200835,39.53276681185996],[68.44387913140733,39.53693159901799],[68.3977899042669,39.542233524128264],[68.3937498975189,39.545363793169585],[68.38112178185888,39.54110092648613],[68.37083462810699,39.52916835789688],[68.3583313297443,39.52916837844096],[68.34828935524837,39.541310465523324],[68.3399241381643,39.54547971551193],[68.31840899080237,39.55035350725249],[68.31492639116921,39.55381380559016],[68.30661913696842,39.55451835227384],[68.30000182988417,39.55000126075757],[68.28835018033139,39.555017753880016],[68.28749847749933,39.55833527988182],[68.25591019107318,39.55868761367185],[68.25000187469936,39.562500100131544],[68.24915017499784,39.55918253192733],[68.23958543483357,39.55463424529837],[68.23541618790142,39.55786263912554],[68.23137621709112,39.554732387856475],[68.19340698905383,39.554518358283545],[68.17916457241304,39.57083418399379],[68.15530399352738,39.56223704078563],[68.15416692478107,39.56666488646801],[68.14757631603452,39.567021601498425],[68.1437504628876,39.57082079283311],[68.13575971153976,39.56285239559932],[68.12674344371572,39.56214785428642],[68.12291751676057,39.55834866827574],[68.07842017580593,39.579734514319824],[68.073042419168,39.57556526088958],[68.0534179278596,39.57443268395558],[68.04804475735577,39.57859745656326],[68.03112248747671,39.57973456365227],[68.01054370033407,39.59110079996334],[67.99779064508853,39.59223336631483],[67.97500019271969,39.60416591472001],[67.96840964343721,39.60381366968493],[67.96492265987231,39.60035339601065],[67.94166845630305,39.60000115494211],[67.94075878551376,39.60352832849004],[67.9227885788565,39.60473223183],[67.90659315430702,39.61214773411692],[67.89340760661138,39.61285232165318],[67.877082759951,39.62915475853025],[67.87325688127002,39.625351172042436],[67.85833229731581,39.6249989015686],[67.83399450765884,39.63423365645508],[67.83333457250423,39.64166702576145],[67.81840999804707,39.6461885281619],[67.80208518377539,39.66248654185426],[67.77325710366742,39.642019243173884],[67.75590674865971,39.642019290177956],[67.71250185827968,39.6624999474142],[67.71193110403598,39.67304569149509],[67.70473406883926,39.68112113942857],[67.703601479563,39.688246738735984],[67.70889887872012,39.69658083782293],[67.70377093131466,39.70319810707293],[67.69263654189645,39.70872739635787],[67.69081724540179,39.71581740734134],[67.68395911072855,39.717574299537986],[67.68276414050773,39.739709280251446],[67.66306827108814,39.760288037928575],[67.66193116331463,39.78137507766143],[67.65833266196157,39.78750186942975],[67.65195617509008,39.788068231374844],[67.64680148768414,39.792063571390116],[67.64498215292183,39.799149069073074],[67.63945731138142,39.80056706126902],[67.62721257930143,39.81193328588863],[67.62083167539421,39.812499600411776],[67.61586863773589,39.82009788381815],[67.60200536394628,39.821449002028146],[67.59699327725349,39.825114430940644],[67.58668384799395,39.8451179325172],[67.57036352013297,39.84645120386026],[67.56458458093867,39.842228430632495],[67.55493503158628,39.84680350561823],[67.55336546287782,39.85759897756554],[67.53950653569115,39.85895005839525],[67.53333520512743,39.86666875919635],[67.51841052075966,39.86631204334223],[67.51007645008686,39.86214723741572],[67.49828666803776,39.846188125945694],[67.4774536942999,39.84547915226578],[67.47325773054754,39.8496484247983],[67.45174248892776,39.85452220452711],[67.43575669798267,39.86631202786152],[67.4184107865891,39.87118583526599],[67.40658969832457,39.87881533166799],[67.38924376736355,39.879519930854755],[67.38575677138951,39.88298014527393],[67.36249804112025,39.88333245028164],[67.35793639493848,39.89069883465236],[67.32168396731359,39.909186341867716],[67.32083223000839,39.91249944534541],[67.29166525784936,39.916668647660266],[67.29166525784936,39.93750159570043],[67.29583454218597,39.941666417152014],[67.29618679487943,39.9607558026616],[67.30452087016138,39.976714916558386],[67.30035155099357,39.980910931980006],[67.29964704290381,39.989218225139865],[67.32047996904433,40.01007345053337],[67.32118449108928,40.019089737005274],[67.3246447304286,40.022576804877986],[67.32500153926614,40.04166621965008],[67.32973263204072,40.042883549661],[67.32443077248521,40.053420387485396],[67.3341827699007,40.069981509787546],[67.3561215624654,40.078600905434826],[67.37304386789395,40.079733542272535],[67.37842152955716,40.083902767973136],[67.39387674357721,40.082765707451244],[67.39925441328332,40.07860095599201],[67.40335681645621,40.08017497929666],[67.40776687296639,40.089454374183624],[67.40889948979128,40.102211858013554],[67.41306876597729,40.107585105205956],[67.41193168916935,40.118875555188765],[67.40776687296639,40.124253209363815],[67.41193168916935,40.13528944813323],[67.41312223698698,40.15742444205711],[67.41666724309361,40.15833410139897],[67.40740567255489,40.17012843696691],[67.39778743464167,40.17139928717434],[67.38809780250055,40.180188170213306],[67.38689827806981,40.215753960516636],[67.37917955840933,40.222915301973096],[67.39998572084247,40.25208224752182],[67.3949202297687,40.261892305932214],[67.3791661910535,40.262498747871796],[67.37328911663846,40.2704804794753],[67.36007676990073,40.27118501341559],[67.356250868498,40.27498421544372],[67.35242498041632,40.27118500967191],[67.32500153926614,40.270832746062965],[67.32083223000839,40.2833316004309],[67.3124982070995,40.28333161369173],[67.3124982070995,40.2875009043935],[67.30416861464988,40.29166567303367],[67.30416861464988,40.29583496638947],[67.27674069849586,40.29618720854489],[67.27083236478785,40.3041645841208],[67.25174290024337,40.3045212550462],[67.247917031579,40.30832046018664],[67.24375221777255,40.30418242576731],[67.23992628900784,40.30798153630031],[67.20416882199665,40.31249861351399],[67.20328145298262,40.32012371021135],[67.19362300381499,40.32139899925881],[67.18418312674989,40.325849145563296],[67.1833314159004,40.32916677335791],[67.15612199081178,40.33390228109594],[67.14804210539036,40.34109926302136],[67.12842199395922,40.34223192814338],[67.1145720871716,40.33379080647358],[67.0967267844344,40.35067744323605],[67.09494752854567,40.35762473596852],[67.08421897962113,40.35904275088618],[67.07860048947973,40.37304427586887],[67.06602140402877,40.38659548785214],[67.05894028961569,40.388414806818496],[67.05833386693155,40.40416884111985],[66.97916699118811,40.408333585048545],[66.97831530008989,40.41165117500385],[66.97168459315503,40.41335010668294],[66.9658164511368,40.42831481686942],[66.95918575724801,40.4300182236119],[66.95416482733567,40.44166540151426],[66.93001882007667,40.45501597631001],[66.92827973434309,40.46179374949331],[66.9175556404889,40.463207349705144],[66.91581658281946,40.46998069224434],[66.91029168799231,40.4713987036685],[66.90000010088,40.4833312458995],[66.88575779585723,40.49131302134133],[66.87328561640255,40.49202202142959],[66.86908964432536,40.48785278281291],[66.8624990467655,40.48750047518748],[66.8624990467655,40.483331199770426],[66.83528962080774,40.48276494072031],[66.80758521513674,40.47443087702123],[66.78446926808675,40.48359875565656],[66.7833321874136,40.47916642610739],[66.77168505405871,40.47831478581587],[66.76962048236777,40.46610129172022],[66.7561227685905,40.46723390481329],[66.74778873841,40.47139865521897],[66.73554403226973,40.48276492540428],[66.72956437356312,40.48429883779353],[66.72499824958153,40.491665284163176],[66.720833410059,40.491665302025815],[66.720833410059,40.49583451216448],[66.68970887231369,40.47556796020014],[66.66840776063371,40.47464487277815],[66.66249947794107,40.47083239672365],[66.66164779704994,40.47414992140191],[66.65477633370477,40.47591132830571],[66.65416542739682,40.49583453805791],[66.63507598479143,40.49618684471559],[66.62325935249,40.50381188981545],[66.61495206306775,40.504520907667896],[66.61075603267287,40.50035163127998],[66.6041655581189,40.49999934667362],[66.6041655581189,40.50416860022245],[66.59973321541337,40.50530566575373],[66.60359921511653,40.51029099414116],[66.60381325164889,40.51909322831555],[66.59498421393504,40.536648736055334],[66.58823764997365,40.53837883732768],[66.58693111569268,40.54657916230847],[66.59583144589982,40.56666738001582],[66.58132600366596,40.57855090138612],[66.56746714843878,40.57990197813558],[66.56188428579432,40.606326581484545],[66.55833485148199,40.61249804318724],[66.55174429289725,40.61285474570509],[66.54825732354519,40.6163149766258],[66.52499862112191,40.61666729202987],[66.5241469443553,40.61334970586143],[66.51666457575739,40.612498022680334],[66.51576831096403,40.60899317902964],[66.50416576707597,40.608333195589616],[66.5032783316482,40.60487294316076],[66.45220824457465,40.5880666268827],[66.42499886299801,40.58750029837673],[66.41780183480158,40.58306791291223],[66.41666477707398,40.587500286548654],[66.38507654785953,40.58714802314725],[66.37745592766714,40.582978784333626],[66.37325993100396,40.587148065750995],[66.3649525767942,40.58785256313202],[66.36041767924578,40.58334884793587],[66.35242253530495,40.591312798994146],[66.33507658479023,40.59202184006044],[66.32326003145896,40.5996468915529],[66.3166649706521,40.599999127467534],[66.30416608268203,40.620832071771865],[66.28834970435092,40.62584859394761],[66.28333321535287,40.6333354306449],[66.2698979106446,40.62859981642578],[66.25949488845167,40.63786587162373],[66.25833545862895,40.633335357391594],[66.24804388228765,40.625567637768185],[66.23871542188888,40.62443056023781],[66.23749811388555,40.629166145715566],[66.22674274648001,40.62951837456015],[66.22325569287838,40.63297866262055],[66.197575740772,40.63368762383708],[66.1940932405037,40.637147896433106],[66.18090768627803,40.637852496952455],[66.16075699252421,40.64964681956858],[66.12916871673956,40.654168302364575],[66.12825901656225,40.65062328721335],[66.11666534053613,40.64999903607262],[66.1160054566472,40.64256571688091],[66.09166770025989,40.61666726920446]],[[67.4337455871949,42.51367590879799],[67.43038340677731,42.51723421776789],[67.42916610557245,42.51249871201113],[67.4337455871949,42.51367590879799]]]}}]}
