glacier_id,system_id,river_system_id,elevation_band,minimum_m_inclusive,maximum_m_exclusive,area_km2,share_percent,method,scale_m,retrieved_at
G071267E41618N,upper_syr_darya,syr_darya,3000_4000,3000,4000,0.049975,100.0000,srtm_band_mask_rescaled_to_vector_area,30,2026-09-08T06:55:17+00:00
G071272E41617N,upper_syr_darya,syr_darya,3000_4000,3000,4000,0.043728,100.0000,srtm_band_mask_rescaled_to_vector_area,30,2026-09-08T06:55:17+00:00
G071284E41617N,upper_syr_darya,syr_darya,3000_4000,3000,4000,0.987257,96.7694,srtm_band_mask_rescaled_to_vector_area,30,2026-09-08T06:55:17+00:00
G071284E41617N,upper_syr_darya,syr_darya,gte_4000,4000,,0.032959,3.2306,srtm_band_mask_rescaled_to_vector_area,30,2026-09-08T06:55:17+00:00
G071284E41619N,upper_syr_darya,syr_darya,3000_4000,3000,4000,0.053316,100.0000,srtm_band_mask_rescaled_to_vector_area,30,2026-09-08T06:55:17+00:00
G071289E41616N,upper_syr_darya,syr_darya,3000_4000,3000,4000,0.076148,68.4590,srtm_band_mask_rescaled_to_vector_area,30,2026-09-08T06:55:17+00:00
G071289E41616N,upper_syr_darya,syr_darya,gte_4000,4000,,0.035084,31.5410,srtm_band_mask_rescaled_to_vector_area,30,2026-09-08T06:55:17+00:00
G071292E41639N,upper_syr_darya,syr_darya,3000_4000,3000,4000,0.045286,100.0000,srtm_band_mask_rescaled_to_vector_area,30,2026-09-08T06:55:17+00:00
G071298E41629N,upper_syr_darya,syr_darya,3000_4000,3000,4000,0.148714,100.0000,srtm_band_mask_rescaled_to_vector_area,30,2026-09-08T06:55:17+00:00
G071300E41654N,upper_syr_darya,syr_darya,3000_4000,3000,4000,0.099422,100.0000,srtm_band_mask_rescaled_to_vector_area,30,2026-09-08T06:55:17+00:00
G071303E41638N,upper_syr_darya,syr_darya,3000_4000,3000,4000,0.023753,40.8128,srtm_band_mask_rescaled_to_vector_area,30,2026-09-08T06:55:17+00:00
G071303E41638N,upper_syr_darya,syr_darya,gte_4000,4000,,0.034447,59.1872,srtm_band_mask_rescaled_to_vector_area,30,2026-09-08T06:55:17+00:00
G071310E41646N,upper_syr_darya,syr_darya,3000_4000,3000,4000,0.078796,100.0000,srtm_band_mask_rescaled_to_vector_area,30,2026-09-08T06:55:17+00:00
G071312E41655N,upper_syr_darya,syr_darya,3000_4000,3000,4000,0.115576,100.0000,srtm_band_mask_rescaled_to_vector_area,30,2026-09-08T06:55:17+00:00
G071316E41649N,upper_syr_darya,syr_darya,3000_4000,3000,4000,0.056251,100.0000,srtm_band_mask_rescaled_to_vector_area,30,2026-09-08T06:55:17+00:00
G071320E41658N,upper_syr_darya,syr_darya,3000_4000,3000,4000,0.208133,100.0000,srtm_band_mask_rescaled_to_vector_area,30,2026-09-08T06:55:17+00:00
G071329E41666N,upper_syr_darya,syr_darya,3000_4000,3000,4000,0.030629,100.0000,srtm_band_mask_rescaled_to_vector_area,30,2026-09-08T06:55:17+00:00
G071334E41671N,upper_syr_darya,syr_darya,3000_4000,3000,4000,0.084378,100.0000,srtm_band_mask_rescaled_to_vector_area,30,2026-09-08T06:55:17+00:00
G071340E41670N,upper_syr_darya,syr_darya,3000_4000,3000,4000,0.028954,65.1988,srtm_band_mask_rescaled_to_vector_area,30,2026-09-08T06:55:17+00:00
G071340E41670N,upper_syr_darya,syr_darya,gte_4000,4000,,0.015455,34.8012,srtm_band_mask_rescaled_to_vector_area,30,2026-09-08T06:55:17+00:00
G071351E41674N,upper_syr_darya,syr_darya,3000_4000,3000,4000,0.156185,100.0000,srtm_band_mask_rescaled_to_vector_area,30,2026-09-08T06:55:17+00:00
G071428E41768N,upper_syr_darya,syr_darya,3000_4000,3000,4000,0.710159,100.0000,srtm_band_mask_rescaled_to_vector_area,30,2026-09-08T06:55:17+00:00
G071432E41750N,upper_syr_darya,syr_darya,3000_4000,3000,4000,0.022577,100.0000,srtm_band_mask_rescaled_to_vector_area,30,2026-09-08T06:55:17+00:00
G071434E41722N,upper_syr_darya,syr_darya,3000_4000,3000,4000,0.025114,100.0000,srtm_band_mask_rescaled_to_vector_area,30,2026-09-08T06:55:17+00:00
G071436E41728N,upper_syr_darya,syr_darya,3000_4000,3000,4000,0.026173,100.0000,srtm_band_mask_rescaled_to_vector_area,30,2026-09-08T06:55:17+00:00
G071437E41717N,upper_syr_darya,syr_darya,3000_4000,3000,4000,0.021254,61.9200,srtm_band_mask_rescaled_to_vector_area,30,2026-09-08T06:55:17+00:00
G071437E41717N,upper_syr_darya,syr_darya,gte_4000,4000,,0.013071,38.0800,srtm_band_mask_rescaled_to_vector_area,30,2026-09-08T06:55:17+00:00
G071439E41797N,upper_syr_darya,syr_darya,3000_4000,3000,4000,0.188765,87.7377,srtm_band_mask_rescaled_to_vector_area,30,2026-09-08T06:55:17+00:00
G071439E41797N,upper_syr_darya,syr_darya,gte_4000,4000,,0.026382,12.2623,srtm_band_mask_rescaled_to_vector_area,30,2026-09-08T06:55:17+00:00
G071441E41720N,upper_syr_darya,syr_darya,3000_4000,3000,4000,0.060925,100.0000,srtm_band_mask_rescaled_to_vector_area,30,2026-09-08T06:55:17+00:00
G071442E41766N,upper_syr_darya,syr_darya,3000_4000,3000,4000,0.018838,100.0000,srtm_band_mask_rescaled_to_vector_area,30,2026-09-08T06:55:17+00:00
G071442E41789N,upper_syr_darya,syr_darya,3000_4000,3000,4000,0.093155,97.1611,srtm_band_mask_rescaled_to_vector_area,30,2026-09-08T06:55:17+00:00
G071442E41789N,upper_syr_darya,syr_darya,gte_4000,4000,,0.002722,2.8389,srtm_band_mask_rescaled_to_vector_area,30,2026-09-08T06:55:17+00:00
G071445E41796N,upper_syr_darya,syr_darya,3000_4000,3000,4000,0.060715,47.9195,srtm_band_mask_rescaled_to_vector_area,30,2026-09-08T06:55:17+00:00
G071445E41796N,upper_syr_darya,syr_darya,gte_4000,4000,,0.065987,52.0805,srtm_band_mask_rescaled_to_vector_area,30,2026-09-08T06:55:17+00:00
G071447E41710N,upper_syr_darya,syr_darya,3000_4000,3000,4000,0.025748,100.0000,srtm_band_mask_rescaled_to_vector_area,30,2026-09-08T06:55:17+00:00
G071448E41795N,upper_syr_darya,syr_darya,gte_4000,4000,,0.016044,100.0000,srtm_band_mask_rescaled_to_vector_area,30,2026-09-08T06:55:17+00:00
G071448E41798N,upper_syr_darya,syr_darya,3000_4000,3000,4000,1.031319,81.9759,srtm_band_mask_rescaled_to_vector_area,30,2026-09-08T06:55:17+00:00
G071448E41798N,upper_syr_darya,syr_darya,gte_4000,4000,,0.226756,18.0241,srtm_band_mask_rescaled_to_vector_area,30,2026-09-08T06:55:17+00:00
G071450E41720N,upper_syr_darya,syr_darya,3000_4000,3000,4000,0.036306,100.0000,srtm_band_mask_rescaled_to_vector_area,30,2026-09-08T06:55:17+00:00
G071451E41703N,upper_syr_darya,syr_darya,3000_4000,3000,4000,0.040766,100.0000,srtm_band_mask_rescaled_to_vector_area,30,2026-09-08T06:55:17+00:00
G071454E41702N,upper_syr_darya,syr_darya,3000_4000,3000,4000,0.065308,100.0000,srtm_band_mask_rescaled_to_vector_area,30,2026-09-08T06:55:17+00:00
G071454E41799N,upper_syr_darya,syr_darya,3000_4000,3000,4000,0.099645,100.0000,srtm_band_mask_rescaled_to_vector_area,30,2026-09-08T06:55:17+00:00
G071454E41820N,upper_syr_darya,syr_darya,3000_4000,3000,4000,0.041881,66.8103,srtm_band_mask_rescaled_to_vector_area,30,2026-09-08T06:55:17+00:00
G071454E41820N,upper_syr_darya,syr_darya,gte_4000,4000,,0.020805,33.1897,srtm_band_mask_rescaled_to_vector_area,30,2026-09-08T06:55:17+00:00
G071455E41812N,upper_syr_darya,syr_darya,gte_4000,4000,,0.020748,100.0000,srtm_band_mask_rescaled_to_vector_area,30,2026-09-08T06:55:17+00:00
G071459E41798N,upper_syr_darya,syr_darya,3000_4000,3000,4000,0.023958,88.7189,srtm_band_mask_rescaled_to_vector_area,30,2026-09-08T06:55:17+00:00
G071459E41798N,upper_syr_darya,syr_darya,gte_4000,4000,,0.003046,11.2811,srtm_band_mask_rescaled_to_vector_area,30,2026-09-08T06:55:17+00:00
G071460E41810N,upper_syr_darya,syr_darya,3000_4000,3000,4000,0.022916,43.1782,srtm_band_mask_rescaled_to_vector_area,30,2026-09-08T06:55:17+00:00
G071460E41810N,upper_syr_darya,syr_darya,gte_4000,4000,,0.030157,56.8218,srtm_band_mask_rescaled_to_vector_area,30,2026-09-08T06:55:17+00:00
G071464E41801N,upper_syr_darya,syr_darya,3000_4000,3000,4000,0.034332,100.0000,srtm_band_mask_rescaled_to_vector_area,30,2026-09-08T06:55:17+00:00
G071465E41807N,upper_syr_darya,syr_darya,3000_4000,3000,4000,0.014279,80.9914,srtm_band_mask_rescaled_to_vector_area,30,2026-09-08T06:55:17+00:00
G071465E41807N,upper_syr_darya,syr_darya,gte_4000,4000,,0.003351,19.0086,srtm_band_mask_rescaled_to_vector_area,30,2026-09-08T06:55:17+00:00
G071466E41701N,upper_syr_darya,syr_darya,3000_4000,3000,4000,0.058972,100.0000,srtm_band_mask_rescaled_to_vector_area,30,2026-09-08T06:55:17+00:00
G071469E41801N,upper_syr_darya,syr_darya,3000_4000,3000,4000,0.045482,100.0000,srtm_band_mask_rescaled_to_vector_area,30,2026-09-08T06:55:17+00:00
G071470E41809N,upper_syr_darya,syr_darya,3000_4000,3000,4000,0.072581,100.0000,srtm_band_mask_rescaled_to_vector_area,30,2026-09-08T06:55:17+00:00
G071473E41767N,upper_syr_darya,syr_darya,3000_4000,3000,4000,0.078308,100.0000,srtm_band_mask_rescaled_to_vector_area,30,2026-09-08T06:55:17+00:00
G071475E41811N,upper_syr_darya,syr_darya,3000_4000,3000,4000,0.030847,100.0000,srtm_band_mask_rescaled_to_vector_area,30,2026-09-08T06:55:17+00:00
G071477E41773N,upper_syr_darya,syr_darya,3000_4000,3000,4000,0.047752,100.0000,srtm_band_mask_rescaled_to_vector_area,30,2026-09-08T06:55:17+00:00
G071487E41758N,upper_syr_darya,syr_darya,3000_4000,3000,4000,0.019747,100.0000,srtm_band_mask_rescaled_to_vector_area,30,2026-09-08T06:55:17+00:00
G071487E41761N,upper_syr_darya,syr_darya,3000_4000,3000,4000,0.068650,100.0000,srtm_band_mask_rescaled_to_vector_area,30,2026-09-08T06:55:17+00:00
G071487E41771N,upper_syr_darya,syr_darya,3000_4000,3000,4000,0.067757,100.0000,srtm_band_mask_rescaled_to_vector_area,30,2026-09-08T06:55:17+00:00
G071494E41760N,upper_syr_darya,syr_darya,3000_4000,3000,4000,0.107142,100.0000,srtm_band_mask_rescaled_to_vector_area,30,2026-09-08T06:55:17+00:00
G071511E41826N,upper_syr_darya,syr_darya,3000_4000,3000,4000,0.051260,100.0000,srtm_band_mask_rescaled_to_vector_area,30,2026-09-08T06:55:17+00:00
G071604E41800N,upper_syr_darya,syr_darya,3000_4000,3000,4000,0.012727,45.4081,srtm_band_mask_rescaled_to_vector_area,30,2026-09-08T06:55:17+00:00
G071604E41800N,upper_syr_darya,syr_darya,gte_4000,4000,,0.015301,54.5919,srtm_band_mask_rescaled_to_vector_area,30,2026-09-08T06:55:17+00:00
G071607E41784N,upper_syr_darya,syr_darya,3000_4000,3000,4000,0.029333,100.0000,srtm_band_mask_rescaled_to_vector_area,30,2026-09-08T06:55:17+00:00
G071609E41777N,upper_syr_darya,syr_darya,gte_4000,4000,,0.019788,100.0000,srtm_band_mask_rescaled_to_vector_area,30,2026-09-08T06:55:17+00:00
G071609E41803N,upper_syr_darya,syr_darya,3000_4000,3000,4000,0.013371,100.0000,srtm_band_mask_rescaled_to_vector_area,30,2026-09-08T06:55:17+00:00
G071612E41773N,upper_syr_darya,syr_darya,3000_4000,3000,4000,0.018088,100.0000,srtm_band_mask_rescaled_to_vector_area,30,2026-09-08T06:55:17+00:00
G071613E41780N,upper_syr_darya,syr_darya,3000_4000,3000,4000,0.021478,100.0000,srtm_band_mask_rescaled_to_vector_area,30,2026-09-08T06:55:17+00:00
G071613E41798N,upper_syr_darya,syr_darya,3000_4000,3000,4000,0.550717,84.4127,srtm_band_mask_rescaled_to_vector_area,30,2026-09-08T06:55:17+00:00
G071613E41798N,upper_syr_darya,syr_darya,gte_4000,4000,,0.101693,15.5873,srtm_band_mask_rescaled_to_vector_area,30,2026-09-08T06:55:17+00:00
G071613E41800N,upper_syr_darya,syr_darya,3000_4000,3000,4000,0.475508,99.3068,srtm_band_mask_rescaled_to_vector_area,30,2026-09-08T06:55:17+00:00
G071613E41800N,upper_syr_darya,syr_darya,gte_4000,4000,,0.003319,0.6932,srtm_band_mask_rescaled_to_vector_area,30,2026-09-08T06:55:17+00:00
G071614E41776N,upper_syr_darya,syr_darya,3000_4000,3000,4000,0.026187,100.0000,srtm_band_mask_rescaled_to_vector_area,30,2026-09-08T06:55:17+00:00
G071616E41780N,upper_syr_darya,syr_darya,3000_4000,3000,4000,0.018286,100.0000,srtm_band_mask_rescaled_to_vector_area,30,2026-09-08T06:55:17+00:00
G071619E41783N,upper_syr_darya,syr_darya,3000_4000,3000,4000,0.081614,100.0000,srtm_band_mask_rescaled_to_vector_area,30,2026-09-08T06:55:17+00:00
G071620E41775N,upper_syr_darya,syr_darya,3000_4000,3000,4000,0.041634,100.0000,srtm_band_mask_rescaled_to_vector_area,30,2026-09-08T06:55:17+00:00
G071620E41789N,upper_syr_darya,syr_darya,3000_4000,3000,4000,0.151262,100.0000,srtm_band_mask_rescaled_to_vector_area,30,2026-09-08T06:55:17+00:00
G071621E41806N,upper_syr_darya,syr_darya,3000_4000,3000,4000,0.013789,50.8636,srtm_band_mask_rescaled_to_vector_area,30,2026-09-08T06:55:17+00:00
G071621E41806N,upper_syr_darya,syr_darya,gte_4000,4000,,0.013321,49.1364,srtm_band_mask_rescaled_to_vector_area,30,2026-09-08T06:55:17+00:00
G071622E41777N,upper_syr_darya,syr_darya,3000_4000,3000,4000,0.013121,100.0000,srtm_band_mask_rescaled_to_vector_area,30,2026-09-08T06:55:17+00:00
G071629E41816N,upper_syr_darya,syr_darya,3000_4000,3000,4000,0.045455,100.0000,srtm_band_mask_rescaled_to_vector_area,30,2026-09-08T06:55:17+00:00
G071635E41817N,upper_syr_darya,syr_darya,3000_4000,3000,4000,0.109132,100.0000,srtm_band_mask_rescaled_to_vector_area,30,2026-09-08T06:55:17+00:00
G071641E41827N,upper_syr_darya,syr_darya,3000_4000,3000,4000,0.022863,100.0000,srtm_band_mask_rescaled_to_vector_area,30,2026-09-08T06:55:17+00:00
G071647E41827N,upper_syr_darya,syr_darya,3000_4000,3000,4000,0.054088,100.0000,srtm_band_mask_rescaled_to_vector_area,30,2026-09-08T06:55:17+00:00
G071649E41775N,upper_syr_darya,syr_darya,3000_4000,3000,4000,0.032576,100.0000,srtm_band_mask_rescaled_to_vector_area,30,2026-09-08T06:55:17+00:00
G071655E41846N,upper_syr_darya,syr_darya,3000_4000,3000,4000,0.125504,53.4039,srtm_band_mask_rescaled_to_vector_area,30,2026-09-08T06:55:17+00:00
G071655E41846N,upper_syr_darya,syr_darya,gte_4000,4000,,0.109505,46.5961,srtm_band_mask_rescaled_to_vector_area,30,2026-09-08T06:55:17+00:00
G071657E41775N,upper_syr_darya,syr_darya,3000_4000,3000,4000,0.034253,100.0000,srtm_band_mask_rescaled_to_vector_area,30,2026-09-08T06:55:17+00:00
G071662E41842N,upper_syr_darya,syr_darya,3000_4000,3000,4000,0.001975,8.6091,srtm_band_mask_rescaled_to_vector_area,30,2026-09-08T06:55:17+00:00
G071662E41842N,upper_syr_darya,syr_darya,gte_4000,4000,,0.020967,91.3909,srtm_band_mask_rescaled_to_vector_area,30,2026-09-08T06:55:17+00:00
G071662E41849N,upper_syr_darya,syr_darya,3000_4000,3000,4000,0.219554,100.0000,srtm_band_mask_rescaled_to_vector_area,30,2026-09-08T06:55:17+00:00
G071664E41831N,upper_syr_darya,syr_darya,3000_4000,3000,4000,0.004568,33.2184,srtm_band_mask_rescaled_to_vector_area,30,2026-09-08T06:55:17+00:00
G071664E41831N,upper_syr_darya,syr_darya,gte_4000,4000,,0.009183,66.7816,srtm_band_mask_rescaled_to_vector_area,30,2026-09-08T06:55:17+00:00
G071667E41833N,upper_syr_darya,syr_darya,3000_4000,3000,4000,0.180225,100.0000,srtm_band_mask_rescaled_to_vector_area,30,2026-09-08T06:55:17+00:00
G071668E41833N,upper_syr_darya,syr_darya,3000_4000,3000,4000,0.145387,100.0000,srtm_band_mask_rescaled_to_vector_area,30,2026-09-08T06:55:17+00:00
G071668E41840N,upper_syr_darya,syr_darya,3000_4000,3000,4000,0.064658,100.0000,srtm_band_mask_rescaled_to_vector_area,30,2026-09-08T06:55:17+00:00
G071669E41854N,upper_syr_darya,syr_darya,3000_4000,3000,4000,0.069191,100.0000,srtm_band_mask_rescaled_to_vector_area,30,2026-09-08T06:55:17+00:00
G071670E41830N,upper_syr_darya,syr_darya,3000_4000,3000,4000,0.032631,100.0000,srtm_band_mask_rescaled_to_vector_area,30,2026-09-08T06:55:17+00:00
G071671E41859N,upper_syr_darya,syr_darya,3000_4000,3000,4000,0.038170,100.0000,srtm_band_mask_rescaled_to_vector_area,30,2026-09-08T06:55:17+00:00
G071682E41857N,upper_syr_darya,syr_darya,3000_4000,3000,4000,0.105259,100.0000,srtm_band_mask_rescaled_to_vector_area,30,2026-09-08T06:55:17+00:00
G071686E41855N,upper_syr_darya,syr_darya,3000_4000,3000,4000,0.025655,100.0000,srtm_band_mask_rescaled_to_vector_area,30,2026-09-08T06:55:17+00:00
G071691E41882N,upper_syr_darya,syr_darya,3000_4000,3000,4000,0.082896,100.0000,srtm_band_mask_rescaled_to_vector_area,30,2026-09-08T06:55:17+00:00
G071695E41856N,upper_syr_darya,syr_darya,3000_4000,3000,4000,0.028317,100.0000,srtm_band_mask_rescaled_to_vector_area,30,2026-09-08T06:55:17+00:00
G071695E41876N,upper_syr_darya,syr_darya,3000_4000,3000,4000,0.065657,100.0000,srtm_band_mask_rescaled_to_vector_area,30,2026-09-08T06:55:17+00:00
G071699E41855N,upper_syr_darya,syr_darya,3000_4000,3000,4000,0.017798,100.0000,srtm_band_mask_rescaled_to_vector_area,30,2026-09-08T06:55:17+00:00
G071699E41873N,upper_syr_darya,syr_darya,3000_4000,3000,4000,0.142941,100.0000,srtm_band_mask_rescaled_to_vector_area,30,2026-09-08T06:55:17+00:00
G071704E41855N,upper_syr_darya,syr_darya,3000_4000,3000,4000,0.015252,100.0000,srtm_band_mask_rescaled_to_vector_area,30,2026-09-08T06:55:17+00:00
G071758E41912N,upper_syr_darya,syr_darya,3000_4000,3000,4000,0.054198,100.0000,srtm_band_mask_rescaled_to_vector_area,30,2026-09-08T06:55:17+00:00
G071763E41895N,upper_syr_darya,syr_darya,3000_4000,3000,4000,0.078788,100.0000,srtm_band_mask_rescaled_to_vector_area,30,2026-09-08T06:55:17+00:00
G071768E41952N,upper_syr_darya,syr_darya,3000_4000,3000,4000,0.080759,86.3000,srtm_band_mask_rescaled_to_vector_area,30,2026-09-08T06:55:17+00:00
G071768E41952N,upper_syr_darya,syr_darya,gte_4000,4000,,0.012820,13.7000,srtm_band_mask_rescaled_to_vector_area,30,2026-09-08T06:55:17+00:00
G071778E41952N,upper_syr_darya,syr_darya,3000_4000,3000,4000,0.701524,94.0188,srtm_band_mask_rescaled_to_vector_area,30,2026-09-08T06:55:17+00:00
G071778E41952N,upper_syr_darya,syr_darya,gte_4000,4000,,0.044629,5.9812,srtm_band_mask_rescaled_to_vector_area,30,2026-09-08T06:55:17+00:00
G071788E41947N,upper_syr_darya,syr_darya,3000_4000,3000,4000,0.020597,100.0000,srtm_band_mask_rescaled_to_vector_area,30,2026-09-08T06:55:17+00:00
G071791E41947N,upper_syr_darya,syr_darya,3000_4000,3000,4000,0.269601,100.0000,srtm_band_mask_rescaled_to_vector_area,30,2026-09-08T06:55:17+00:00
G071793E41948N,upper_syr_darya,syr_darya,3000_4000,3000,4000,0.034845,100.0000,srtm_band_mask_rescaled_to_vector_area,30,2026-09-08T06:55:17+00:00
G071794E41959N,upper_syr_darya,syr_darya,3000_4000,3000,4000,0.353394,52.3915,srtm_band_mask_rescaled_to_vector_area,30,2026-09-08T06:55:17+00:00
G071794E41959N,upper_syr_darya,syr_darya,gte_4000,4000,,0.321131,47.6085,srtm_band_mask_rescaled_to_vector_area,30,2026-09-08T06:55:17+00:00
G071794E41960N,upper_syr_darya,syr_darya,3000_4000,3000,4000,0.250389,98.1424,srtm_band_mask_rescaled_to_vector_area,30,2026-09-08T06:55:17+00:00
G071794E41960N,upper_syr_darya,syr_darya,gte_4000,4000,,0.004739,1.8576,srtm_band_mask_rescaled_to_vector_area,30,2026-09-08T06:55:17+00:00
G071797E41974N,upper_syr_darya,syr_darya,3000_4000,3000,4000,0.735983,97.4697,srtm_band_mask_rescaled_to_vector_area,30,2026-09-08T06:55:17+00:00
G071797E41974N,upper_syr_darya,syr_darya,gte_4000,4000,,0.019106,2.5303,srtm_band_mask_rescaled_to_vector_area,30,2026-09-08T06:55:17+00:00
G071801E41960N,upper_syr_darya,syr_darya,gte_4000,4000,,0.057411,100.0000,srtm_band_mask_rescaled_to_vector_area,30,2026-09-08T06:55:17+00:00
G071807E41961N,upper_syr_darya,syr_darya,3000_4000,3000,4000,0.108646,100.0000,srtm_band_mask_rescaled_to_vector_area,30,2026-09-08T06:55:17+00:00
G071815E41966N,upper_syr_darya,syr_darya,3000_4000,3000,4000,0.145359,100.0000,srtm_band_mask_rescaled_to_vector_area,30,2026-09-08T06:55:17+00:00
G071817E41965N,upper_syr_darya,syr_darya,3000_4000,3000,4000,0.301645,100.0000,srtm_band_mask_rescaled_to_vector_area,30,2026-09-08T06:55:17+00:00
G071819E41963N,upper_syr_darya,syr_darya,3000_4000,3000,4000,0.029830,100.0000,srtm_band_mask_rescaled_to_vector_area,30,2026-09-08T06:55:17+00:00
G071835E41938N,upper_syr_darya,syr_darya,3000_4000,3000,4000,0.013993,100.0000,srtm_band_mask_rescaled_to_vector_area,30,2026-09-08T06:55:17+00:00
G071840E41940N,upper_syr_darya,syr_darya,3000_4000,3000,4000,0.042190,100.0000,srtm_band_mask_rescaled_to_vector_area,30,2026-09-08T06:55:17+00:00
G071845E41954N,upper_syr_darya,syr_darya,3000_4000,3000,4000,0.204400,100.0000,srtm_band_mask_rescaled_to_vector_area,30,2026-09-08T06:55:17+00:00
G071854E41976N,upper_syr_darya,syr_darya,3000_4000,3000,4000,0.031117,100.0000,srtm_band_mask_rescaled_to_vector_area,30,2026-09-08T06:55:17+00:00
G071860E41978N,upper_syr_darya,syr_darya,3000_4000,3000,4000,0.054266,100.0000,srtm_band_mask_rescaled_to_vector_area,30,2026-09-08T06:55:17+00:00
G071866E41985N,upper_syr_darya,syr_darya,3000_4000,3000,4000,0.657901,100.0000,srtm_band_mask_rescaled_to_vector_area,30,2026-09-08T06:55:17+00:00
G071867E41976N,upper_syr_darya,syr_darya,3000_4000,3000,4000,0.036552,100.0000,srtm_band_mask_rescaled_to_vector_area,30,2026-09-08T06:55:17+00:00
G071879E41995N,upper_syr_darya,syr_darya,3000_4000,3000,4000,0.064730,96.0912,srtm_band_mask_rescaled_to_vector_area,30,2026-09-08T06:55:17+00:00
G071879E41995N,upper_syr_darya,syr_darya,gte_4000,4000,,0.002633,3.9088,srtm_band_mask_rescaled_to_vector_area,30,2026-09-08T06:55:17+00:00
G071882E41984N,upper_syr_darya,syr_darya,3000_4000,3000,4000,0.415134,100.0000,srtm_band_mask_rescaled_to_vector_area,30,2026-09-08T06:55:17+00:00
G071893E42003N,upper_syr_darya,syr_darya,3000_4000,3000,4000,1.417823,86.2547,srtm_band_mask_rescaled_to_vector_area,30,2026-09-08T06:55:17+00:00
G071893E42003N,upper_syr_darya,syr_darya,gte_4000,4000,,0.225939,13.7453,srtm_band_mask_rescaled_to_vector_area,30,2026-09-08T06:55:17+00:00
G071900E42002N,upper_syr_darya,syr_darya,3000_4000,3000,4000,0.673321,65.3370,srtm_band_mask_rescaled_to_vector_area,30,2026-09-08T06:55:17+00:00
G071900E42002N,upper_syr_darya,syr_darya,gte_4000,4000,,0.357214,34.6630,srtm_band_mask_rescaled_to_vector_area,30,2026-09-08T06:55:17+00:00
G071903E41980N,upper_syr_darya,syr_darya,3000_4000,3000,4000,0.040759,100.0000,srtm_band_mask_rescaled_to_vector_area,30,2026-09-08T06:55:17+00:00
G071905E42006N,upper_syr_darya,syr_darya,3000_4000,3000,4000,0.073985,100.0000,srtm_band_mask_rescaled_to_vector_area,30,2026-09-08T06:55:17+00:00
G071906E42038N,upper_syr_darya,syr_darya,3000_4000,3000,4000,0.589240,99.3308,srtm_band_mask_rescaled_to_vector_area,30,2026-09-08T06:55:17+00:00
G071906E42038N,upper_syr_darya,syr_darya,gte_4000,4000,,0.003970,0.6692,srtm_band_mask_rescaled_to_vector_area,30,2026-09-08T06:55:17+00:00
G071907E41979N,upper_syr_darya,syr_darya,3000_4000,3000,4000,0.012171,100.0000,srtm_band_mask_rescaled_to_vector_area,30,2026-09-08T06:55:17+00:00
G071909E42039N,upper_syr_darya,syr_darya,3000_4000,3000,4000,1.032034,100.0000,srtm_band_mask_rescaled_to_vector_area,30,2026-09-08T06:55:17+00:00
G071910E42012N,upper_syr_darya,syr_darya,3000_4000,3000,4000,0.290444,99.7246,srtm_band_mask_rescaled_to_vector_area,30,2026-09-08T06:55:17+00:00
G071910E42012N,upper_syr_darya,syr_darya,gte_4000,4000,,0.000802,0.2754,srtm_band_mask_rescaled_to_vector_area,30,2026-09-08T06:55:17+00:00
G071910E42021N,upper_syr_darya,syr_darya,3000_4000,3000,4000,0.098085,48.9937,srtm_band_mask_rescaled_to_vector_area,30,2026-09-08T06:55:17+00:00
G071910E42021N,upper_syr_darya,syr_darya,gte_4000,4000,,0.102115,51.0063,srtm_band_mask_rescaled_to_vector_area,30,2026-09-08T06:55:17+00:00
G071913E41979N,upper_syr_darya,syr_darya,3000_4000,3000,4000,0.014488,100.0000,srtm_band_mask_rescaled_to_vector_area,30,2026-09-08T06:55:17+00:00
G071913E42008N,upper_syr_darya,syr_darya,gte_4000,4000,,0.059473,100.0000,srtm_band_mask_rescaled_to_vector_area,30,2026-09-08T06:55:17+00:00
G071913E42037N,upper_syr_darya,syr_darya,3000_4000,3000,4000,0.690314,99.5545,srtm_band_mask_rescaled_to_vector_area,30,2026-09-08T06:55:17+00:00
G071913E42037N,upper_syr_darya,syr_darya,gte_4000,4000,,0.003089,0.4455,srtm_band_mask_rescaled_to_vector_area,30,2026-09-08T06:55:17+00:00
G071914E41978N,upper_syr_darya,syr_darya,3000_4000,3000,4000,0.024103,100.0000,srtm_band_mask_rescaled_to_vector_area,30,2026-09-08T06:55:17+00:00
G071916E42033N,upper_syr_darya,syr_darya,3000_4000,3000,4000,0.127608,100.0000,srtm_band_mask_rescaled_to_vector_area,30,2026-09-08T06:55:17+00:00
G071918E42027N,upper_syr_darya,syr_darya,3000_4000,3000,4000,0.117760,100.0000,srtm_band_mask_rescaled_to_vector_area,30,2026-09-08T06:55:17+00:00
G071920E42031N,upper_syr_darya,syr_darya,3000_4000,3000,4000,0.192021,100.0000,srtm_band_mask_rescaled_to_vector_area,30,2026-09-08T06:55:17+00:00
G071921E42033N,upper_syr_darya,syr_darya,3000_4000,3000,4000,0.564325,100.0000,srtm_band_mask_rescaled_to_vector_area,30,2026-09-08T06:55:17+00:00
G071922E42017N,upper_syr_darya,syr_darya,3000_4000,3000,4000,0.783974,100.0000,srtm_band_mask_rescaled_to_vector_area,30,2026-09-08T06:55:17+00:00
G071923E42031N,upper_syr_darya,syr_darya,3000_4000,3000,4000,0.185967,100.0000,srtm_band_mask_rescaled_to_vector_area,30,2026-09-08T06:55:17+00:00
G071924E42049N,upper_syr_darya,syr_darya,3000_4000,3000,4000,0.079462,100.0000,srtm_band_mask_rescaled_to_vector_area,30,2026-09-08T06:55:17+00:00
G071928E42013N,upper_syr_darya,syr_darya,3000_4000,3000,4000,0.510320,100.0000,srtm_band_mask_rescaled_to_vector_area,30,2026-09-08T06:55:17+00:00
G071931E42012N,upper_syr_darya,syr_darya,3000_4000,3000,4000,0.328655,100.0000,srtm_band_mask_rescaled_to_vector_area,30,2026-09-08T06:55:17+00:00
G071938E42012N,upper_syr_darya,syr_darya,3000_4000,3000,4000,0.122032,100.0000,srtm_band_mask_rescaled_to_vector_area,30,2026-09-08T06:55:17+00:00
G071938E42017N,upper_syr_darya,syr_darya,2000_3000,2000,3000,0.026972,80.9139,srtm_band_mask_rescaled_to_vector_area,30,2026-09-08T06:55:17+00:00
G071938E42017N,upper_syr_darya,syr_darya,3000_4000,3000,4000,0.006362,19.0861,srtm_band_mask_rescaled_to_vector_area,30,2026-09-08T06:55:17+00:00
G071949E42013N,upper_syr_darya,syr_darya,3000_4000,3000,4000,0.241813,100.0000,srtm_band_mask_rescaled_to_vector_area,30,2026-09-08T06:55:17+00:00
G071953E42014N,upper_syr_darya,syr_darya,3000_4000,3000,4000,0.025391,100.0000,srtm_band_mask_rescaled_to_vector_area,30,2026-09-08T06:55:17+00:00
G071961E42006N,upper_syr_darya,syr_darya,3000_4000,3000,4000,0.041884,100.0000,srtm_band_mask_rescaled_to_vector_area,30,2026-09-08T06:55:17+00:00
G071966E42002N,upper_syr_darya,syr_darya,3000_4000,3000,4000,0.031154,100.0000,srtm_band_mask_rescaled_to_vector_area,30,2026-09-08T06:55:17+00:00
G071969E41999N,upper_syr_darya,syr_darya,3000_4000,3000,4000,0.041379,100.0000,srtm_band_mask_rescaled_to_vector_area,30,2026-09-08T06:55:17+00:00
G071976E42001N,upper_syr_darya,syr_darya,3000_4000,3000,4000,0.062955,100.0000,srtm_band_mask_rescaled_to_vector_area,30,2026-09-08T06:55:17+00:00
G071983E42002N,upper_syr_darya,syr_darya,3000_4000,3000,4000,0.023686,100.0000,srtm_band_mask_rescaled_to_vector_area,30,2026-09-08T06:55:17+00:00
G071992E42094N,upper_syr_darya,syr_darya,3000_4000,3000,4000,0.035859,100.0000,srtm_band_mask_rescaled_to_vector_area,30,2026-09-08T06:55:17+00:00
G071996E42001N,upper_syr_darya,syr_darya,3000_4000,3000,4000,0.054563,100.0000,srtm_band_mask_rescaled_to_vector_area,30,2026-09-08T06:55:17+00:00
G072000E41997N,upper_syr_darya,syr_darya,3000_4000,3000,4000,0.019468,100.0000,srtm_band_mask_rescaled_to_vector_area,30,2026-09-08T06:55:17+00:00
G072006E42093N,upper_syr_darya,syr_darya,3000_4000,3000,4000,0.011277,100.0000,srtm_band_mask_rescaled_to_vector_area,30,2026-09-08T06:55:17+00:00
G072010E42101N,upper_syr_darya,syr_darya,3000_4000,3000,4000,1.242031,99.9063,srtm_band_mask_rescaled_to_vector_area,30,2026-09-08T06:55:17+00:00
G072010E42101N,upper_syr_darya,syr_darya,gte_4000,4000,,0.001165,0.0937,srtm_band_mask_rescaled_to_vector_area,30,2026-09-08T06:55:17+00:00
G072014E42091N,upper_syr_darya,syr_darya,3000_4000,3000,4000,0.021859,100.0000,srtm_band_mask_rescaled_to_vector_area,30,2026-09-08T06:55:17+00:00
G072016E41999N,upper_syr_darya,syr_darya,3000_4000,3000,4000,0.022177,100.0000,srtm_band_mask_rescaled_to_vector_area,30,2026-09-08T06:55:17+00:00
G072025E42092N,upper_syr_darya,syr_darya,3000_4000,3000,4000,0.388559,100.0000,srtm_band_mask_rescaled_to_vector_area,30,2026-09-08T06:55:17+00:00
G072038E42077N,upper_syr_darya,syr_darya,3000_4000,3000,4000,0.040857,100.0000,srtm_band_mask_rescaled_to_vector_area,30,2026-09-08T06:55:17+00:00
G072046E42089N,upper_syr_darya,syr_darya,3000_4000,3000,4000,2.519425,100.0000,srtm_band_mask_rescaled_to_vector_area,30,2026-09-08T06:55:17+00:00
G072048E42074N,upper_syr_darya,syr_darya,3000_4000,3000,4000,0.080408,100.0000,srtm_band_mask_rescaled_to_vector_area,30,2026-09-08T06:55:17+00:00
G072056E42070N,upper_syr_darya,syr_darya,3000_4000,3000,4000,0.069977,100.0000,srtm_band_mask_rescaled_to_vector_area,30,2026-09-08T06:55:17+00:00
G072059E42074N,upper_syr_darya,syr_darya,3000_4000,3000,4000,0.233759,100.0000,srtm_band_mask_rescaled_to_vector_area,30,2026-09-08T06:55:17+00:00
G072062E42069N,upper_syr_darya,syr_darya,3000_4000,3000,4000,0.020954,100.0000,srtm_band_mask_rescaled_to_vector_area,30,2026-09-08T06:55:17+00:00
G072063E42067N,upper_syr_darya,syr_darya,3000_4000,3000,4000,0.023483,100.0000,srtm_band_mask_rescaled_to_vector_area,30,2026-09-08T06:55:17+00:00
G072064E42071N,upper_syr_darya,syr_darya,3000_4000,3000,4000,0.019913,100.0000,srtm_band_mask_rescaled_to_vector_area,30,2026-09-08T06:55:17+00:00
G072069E42065N,upper_syr_darya,syr_darya,3000_4000,3000,4000,0.074513,100.0000,srtm_band_mask_rescaled_to_vector_area,30,2026-09-08T06:55:17+00:00
G072077E42081N,upper_syr_darya,syr_darya,3000_4000,3000,4000,5.597884,100.0000,srtm_band_mask_rescaled_to_vector_area,30,2026-09-08T06:55:17+00:00
G072078E41912N,upper_syr_darya,syr_darya,3000_4000,3000,4000,0.040438,100.0000,srtm_band_mask_rescaled_to_vector_area,30,2026-09-08T06:55:17+00:00
G072079E42068N,upper_syr_darya,syr_darya,3000_4000,3000,4000,0.103952,100.0000,srtm_band_mask_rescaled_to_vector_area,30,2026-09-08T06:55:17+00:00
G072083E42069N,upper_syr_darya,syr_darya,3000_4000,3000,4000,0.012739,100.0000,srtm_band_mask_rescaled_to_vector_area,30,2026-09-08T06:55:17+00:00
G072084E42064N,upper_syr_darya,syr_darya,3000_4000,3000,4000,0.034736,100.0000,srtm_band_mask_rescaled_to_vector_area,30,2026-09-08T06:55:17+00:00
G072089E42069N,upper_syr_darya,syr_darya,3000_4000,3000,4000,0.206374,100.0000,srtm_band_mask_rescaled_to_vector_area,30,2026-09-08T06:55:17+00:00
G072096E42072N,upper_syr_darya,syr_darya,3000_4000,3000,4000,0.125373,100.0000,srtm_band_mask_rescaled_to_vector_area,30,2026-09-08T06:55:17+00:00
G072099E42063N,upper_syr_darya,syr_darya,3000_4000,3000,4000,0.031483,100.0000,srtm_band_mask_rescaled_to_vector_area,30,2026-09-08T06:55:17+00:00
G072104E42073N,upper_syr_darya,syr_darya,3000_4000,3000,4000,0.044835,100.0000,srtm_band_mask_rescaled_to_vector_area,30,2026-09-08T06:55:17+00:00
G072108E42056N,upper_syr_darya,syr_darya,3000_4000,3000,4000,0.125884,100.0000,srtm_band_mask_rescaled_to_vector_area,30,2026-09-08T06:55:17+00:00
G072122E42071N,upper_syr_darya,syr_darya,3000_4000,3000,4000,6.859473,100.0000,srtm_band_mask_rescaled_to_vector_area,30,2026-09-08T06:55:17+00:00
G072127E42054N,upper_syr_darya,syr_darya,3000_4000,3000,4000,0.022634,100.0000,srtm_band_mask_rescaled_to_vector_area,30,2026-09-08T06:55:17+00:00
G072129E42052N,upper_syr_darya,syr_darya,3000_4000,3000,4000,0.027697,100.0000,srtm_band_mask_rescaled_to_vector_area,30,2026-09-08T06:55:17+00:00
G072129E42059N,upper_syr_darya,syr_darya,3000_4000,3000,4000,0.074175,100.0000,srtm_band_mask_rescaled_to_vector_area,30,2026-09-08T06:55:17+00:00
G072136E42049N,upper_syr_darya,syr_darya,3000_4000,3000,4000,0.212356,100.0000,srtm_band_mask_rescaled_to_vector_area,30,2026-09-08T06:55:17+00:00
G072141E42053N,upper_syr_darya,syr_darya,3000_4000,3000,4000,0.113278,100.0000,srtm_band_mask_rescaled_to_vector_area,30,2026-09-08T06:55:17+00:00
G072149E41944N,upper_syr_darya,syr_darya,3000_4000,3000,4000,0.039364,100.0000,srtm_band_mask_rescaled_to_vector_area,30,2026-09-08T06:55:17+00:00
G072149E42061N,upper_syr_darya,syr_darya,3000_4000,3000,4000,0.257798,100.0000,srtm_band_mask_rescaled_to_vector_area,30,2026-09-08T06:55:17+00:00
G072157E42037N,upper_syr_darya,syr_darya,3000_4000,3000,4000,0.134122,100.0000,srtm_band_mask_rescaled_to_vector_area,30,2026-09-08T06:55:17+00:00
G072158E42044N,upper_syr_darya,syr_darya,3000_4000,3000,4000,0.074754,100.0000,srtm_band_mask_rescaled_to_vector_area,30,2026-09-08T06:55:17+00:00
G072162E42029N,upper_syr_darya,syr_darya,3000_4000,3000,4000,0.034743,100.0000,srtm_band_mask_rescaled_to_vector_area,30,2026-09-08T06:55:17+00:00
G072164E42033N,upper_syr_darya,syr_darya,3000_4000,3000,4000,0.040639,100.0000,srtm_band_mask_rescaled_to_vector_area,30,2026-09-08T06:55:17+00:00
G072166E42047N,upper_syr_darya,syr_darya,3000_4000,3000,4000,2.687451,100.0000,srtm_band_mask_rescaled_to_vector_area,30,2026-09-08T06:55:17+00:00
G072166E42064N,upper_syr_darya,syr_darya,3000_4000,3000,4000,0.014848,100.0000,srtm_band_mask_rescaled_to_vector_area,30,2026-09-08T06:55:17+00:00
G072167E42032N,upper_syr_darya,syr_darya,3000_4000,3000,4000,0.033495,100.0000,srtm_band_mask_rescaled_to_vector_area,30,2026-09-08T06:55:17+00:00
G072168E42066N,upper_syr_darya,syr_darya,3000_4000,3000,4000,0.032857,100.0000,srtm_band_mask_rescaled_to_vector_area,30,2026-09-08T06:55:17+00:00
G072170E42032N,upper_syr_darya,syr_darya,3000_4000,3000,4000,0.030737,100.0000,srtm_band_mask_rescaled_to_vector_area,30,2026-09-08T06:55:17+00:00
G072180E42032N,upper_syr_darya,syr_darya,3000_4000,3000,4000,0.204805,100.0000,srtm_band_mask_rescaled_to_vector_area,30,2026-09-08T06:55:17+00:00
G072181E41853N,upper_syr_darya,syr_darya,3000_4000,3000,4000,0.123575,100.0000,srtm_band_mask_rescaled_to_vector_area,30,2026-09-08T06:55:17+00:00
G072181E42048N,upper_syr_darya,syr_darya,3000_4000,3000,4000,0.248629,100.0000,srtm_band_mask_rescaled_to_vector_area,30,2026-09-08T06:55:17+00:00
G072183E42037N,upper_syr_darya,syr_darya,3000_4000,3000,4000,0.042183,89.8838,srtm_band_mask_rescaled_to_vector_area,30,2026-09-08T06:55:17+00:00
G072183E42037N,upper_syr_darya,syr_darya,gte_4000,4000,,0.004748,10.1162,srtm_band_mask_rescaled_to_vector_area,30,2026-09-08T06:55:17+00:00
G072185E42090N,upper_syr_darya,syr_darya,3000_4000,3000,4000,0.028118,100.0000,srtm_band_mask_rescaled_to_vector_area,30,2026-09-08T06:55:17+00:00
G072186E41856N,upper_syr_darya,syr_darya,3000_4000,3000,4000,0.051119,100.0000,srtm_band_mask_rescaled_to_vector_area,30,2026-09-08T06:55:17+00:00
G072186E42027N,upper_syr_darya,syr_darya,3000_4000,3000,4000,0.175549,100.0000,srtm_band_mask_rescaled_to_vector_area,30,2026-09-08T06:55:17+00:00
G072187E42045N,upper_syr_darya,syr_darya,3000_4000,3000,4000,1.012576,99.2173,srtm_band_mask_rescaled_to_vector_area,30,2026-09-08T06:55:17+00:00
G072187E42045N,upper_syr_darya,syr_darya,gte_4000,4000,,0.007988,0.7827,srtm_band_mask_rescaled_to_vector_area,30,2026-09-08T06:55:17+00:00
G072187E42049N,upper_syr_darya,syr_darya,3000_4000,3000,4000,0.356468,100.0000,srtm_band_mask_rescaled_to_vector_area,30,2026-09-08T06:55:17+00:00
G072188E42034N,upper_syr_darya,syr_darya,3000_4000,3000,4000,0.106384,100.0000,srtm_band_mask_rescaled_to_vector_area,30,2026-09-08T06:55:17+00:00
G072190E42037N,upper_syr_darya,syr_darya,3000_4000,3000,4000,0.036337,100.0000,srtm_band_mask_rescaled_to_vector_area,30,2026-09-08T06:55:17+00:00
G072190E42046N,upper_syr_darya,syr_darya,3000_4000,3000,4000,0.277901,100.0000,srtm_band_mask_rescaled_to_vector_area,30,2026-09-08T06:55:17+00:00
G072193E42040N,upper_syr_darya,syr_darya,3000_4000,3000,4000,0.431923,100.0000,srtm_band_mask_rescaled_to_vector_area,30,2026-09-08T06:55:17+00:00
G072195E42033N,upper_syr_darya,syr_darya,3000_4000,3000,4000,0.081007,100.0000,srtm_band_mask_rescaled_to_vector_area,30,2026-09-08T06:55:17+00:00
G072197E41855N,upper_syr_darya,syr_darya,3000_4000,3000,4000,0.129995,100.0000,srtm_band_mask_rescaled_to_vector_area,30,2026-09-08T06:55:17+00:00
G072200E41861N,upper_syr_darya,syr_darya,3000_4000,3000,4000,0.025015,100.0000,srtm_band_mask_rescaled_to_vector_area,30,2026-09-08T06:55:17+00:00
G072205E41856N,upper_syr_darya,syr_darya,3000_4000,3000,4000,0.086383,100.0000,srtm_band_mask_rescaled_to_vector_area,30,2026-09-08T06:55:17+00:00
G072205E42029N,upper_syr_darya,syr_darya,3000_4000,3000,4000,0.057905,100.0000,srtm_band_mask_rescaled_to_vector_area,30,2026-09-08T06:55:17+00:00
G072207E41860N,upper_syr_darya,syr_darya,3000_4000,3000,4000,0.076989,100.0000,srtm_band_mask_rescaled_to_vector_area,30,2026-09-08T06:55:17+00:00
G072208E42040N,upper_syr_darya,syr_darya,3000_4000,3000,4000,1.014886,100.0000,srtm_band_mask_rescaled_to_vector_area,30,2026-09-08T06:55:17+00:00
G072211E42040N,upper_syr_darya,syr_darya,3000_4000,3000,4000,0.931757,99.9992,srtm_band_mask_rescaled_to_vector_area,30,2026-09-08T06:55:17+00:00
G072211E42040N,upper_syr_darya,syr_darya,gte_4000,4000,,0.000008,0.0008,srtm_band_mask_rescaled_to_vector_area,30,2026-09-08T06:55:17+00:00
G072213E42034N,upper_syr_darya,syr_darya,3000_4000,3000,4000,0.232979,100.0000,srtm_band_mask_rescaled_to_vector_area,30,2026-09-08T06:55:17+00:00
G072213E42061N,upper_syr_darya,syr_darya,3000_4000,3000,4000,0.045348,100.0000,srtm_band_mask_rescaled_to_vector_area,30,2026-09-08T06:55:17+00:00
G072214E41829N,upper_syr_darya,syr_darya,3000_4000,3000,4000,0.083644,100.0000,srtm_band_mask_rescaled_to_vector_area,30,2026-09-08T06:55:17+00:00
G072214E42047N,upper_syr_darya,syr_darya,3000_4000,3000,4000,0.060542,100.0000,srtm_band_mask_rescaled_to_vector_area,30,2026-09-08T06:55:17+00:00
G072216E42013N,upper_syr_darya,syr_darya,3000_4000,3000,4000,0.024619,100.0000,srtm_band_mask_rescaled_to_vector_area,30,2026-09-08T06:55:17+00:00
G072216E42023N,upper_syr_darya,syr_darya,3000_4000,3000,4000,0.399000,100.0000,srtm_band_mask_rescaled_to_vector_area,30,2026-09-08T06:55:17+00:00
G072218E42042N,upper_syr_darya,syr_darya,3000_4000,3000,4000,0.022795,100.0000,srtm_band_mask_rescaled_to_vector_area,30,2026-09-08T06:55:17+00:00
G072219E41830N,upper_syr_darya,syr_darya,3000_4000,3000,4000,0.057152,100.0000,srtm_band_mask_rescaled_to_vector_area,30,2026-09-08T06:55:17+00:00
G072220E41857N,upper_syr_darya,syr_darya,3000_4000,3000,4000,0.178795,100.0000,srtm_band_mask_rescaled_to_vector_area,30,2026-09-08T06:55:17+00:00
G072220E42051N,upper_syr_darya,syr_darya,3000_4000,3000,4000,0.329284,100.0000,srtm_band_mask_rescaled_to_vector_area,30,2026-09-08T06:55:17+00:00
G072221E42018N,upper_syr_darya,syr_darya,3000_4000,3000,4000,0.055603,100.0000,srtm_band_mask_rescaled_to_vector_area,30,2026-09-08T06:55:17+00:00
G072222E41848N,upper_syr_darya,syr_darya,3000_4000,3000,4000,0.280690,100.0000,srtm_band_mask_rescaled_to_vector_area,30,2026-09-08T06:55:17+00:00
G072225E41852N,upper_syr_darya,syr_darya,3000_4000,3000,4000,0.101450,100.0000,srtm_band_mask_rescaled_to_vector_area,30,2026-09-08T06:55:17+00:00
G072225E42010N,upper_syr_darya,syr_darya,3000_4000,3000,4000,0.014626,100.0000,srtm_band_mask_rescaled_to_vector_area,30,2026-09-08T06:55:17+00:00
G072225E42027N,upper_syr_darya,syr_darya,3000_4000,3000,4000,0.053243,100.0000,srtm_band_mask_rescaled_to_vector_area,30,2026-09-08T06:55:17+00:00
G072225E42054N,upper_syr_darya,syr_darya,3000_4000,3000,4000,0.029331,100.0000,srtm_band_mask_rescaled_to_vector_area,30,2026-09-08T06:55:17+00:00
G072226E42015N,upper_syr_darya,syr_darya,3000_4000,3000,4000,0.021630,100.0000,srtm_band_mask_rescaled_to_vector_area,30,2026-09-08T06:55:17+00:00
G072226E42060N,upper_syr_darya,syr_darya,3000_4000,3000,4000,0.055555,100.0000,srtm_band_mask_rescaled_to_vector_area,30,2026-09-08T06:55:17+00:00
G072228E42011N,upper_syr_darya,syr_darya,3000_4000,3000,4000,0.031327,100.0000,srtm_band_mask_rescaled_to_vector_area,30,2026-09-08T06:55:17+00:00
G072229E41857N,upper_syr_darya,syr_darya,3000_4000,3000,4000,0.091106,100.0000,srtm_band_mask_rescaled_to_vector_area,30,2026-09-08T06:55:17+00:00
G072230E41846N,upper_syr_darya,syr_darya,3000_4000,3000,4000,0.036137,100.0000,srtm_band_mask_rescaled_to_vector_area,30,2026-09-08T06:55:17+00:00
G072230E42009N,upper_syr_darya,syr_darya,3000_4000,3000,4000,0.034925,100.0000,srtm_band_mask_rescaled_to_vector_area,30,2026-09-08T06:55:17+00:00
G072233E41852N,upper_syr_darya,syr_darya,3000_4000,3000,4000,0.030826,100.0000,srtm_band_mask_rescaled_to_vector_area,30,2026-09-08T06:55:17+00:00
G072233E41854N,upper_syr_darya,syr_darya,3000_4000,3000,4000,0.016743,100.0000,srtm_band_mask_rescaled_to_vector_area,30,2026-09-08T06:55:17+00:00
G072233E42024N,upper_syr_darya,syr_darya,3000_4000,3000,4000,0.257136,100.0000,srtm_band_mask_rescaled_to_vector_area,30,2026-09-08T06:55:17+00:00
G072235E41860N,upper_syr_darya,syr_darya,3000_4000,3000,4000,0.060947,100.0000,srtm_band_mask_rescaled_to_vector_area,30,2026-09-08T06:55:17+00:00
G072239E41858N,upper_syr_darya,syr_darya,3000_4000,3000,4000,0.017263,100.0000,srtm_band_mask_rescaled_to_vector_area,30,2026-09-08T06:55:17+00:00
G072240E41860N,upper_syr_darya,syr_darya,3000_4000,3000,4000,0.044268,100.0000,srtm_band_mask_rescaled_to_vector_area,30,2026-09-08T06:55:17+00:00
G072241E41848N,upper_syr_darya,syr_darya,3000_4000,3000,4000,0.162354,100.0000,srtm_band_mask_rescaled_to_vector_area,30,2026-09-08T06:55:17+00:00
G072243E42024N,upper_syr_darya,syr_darya,3000_4000,3000,4000,0.059813,100.0000,srtm_band_mask_rescaled_to_vector_area,30,2026-09-08T06:55:17+00:00
G072244E41869N,upper_syr_darya,syr_darya,3000_4000,3000,4000,0.128354,100.0000,srtm_band_mask_rescaled_to_vector_area,30,2026-09-08T06:55:17+00:00
G072247E42024N,upper_syr_darya,syr_darya,3000_4000,3000,4000,0.114087,100.0000,srtm_band_mask_rescaled_to_vector_area,30,2026-09-08T06:55:17+00:00
G072248E41849N,upper_syr_darya,syr_darya,3000_4000,3000,4000,0.031136,100.0000,srtm_band_mask_rescaled_to_vector_area,30,2026-09-08T06:55:17+00:00
G072249E41869N,upper_syr_darya,syr_darya,3000_4000,3000,4000,0.021838,100.0000,srtm_band_mask_rescaled_to_vector_area,30,2026-09-08T06:55:17+00:00
G072252E42020N,upper_syr_darya,syr_darya,3000_4000,3000,4000,0.071675,100.0000,srtm_band_mask_rescaled_to_vector_area,30,2026-09-08T06:55:17+00:00
G072254E42016N,upper_syr_darya,syr_darya,3000_4000,3000,4000,0.082092,100.0000,srtm_band_mask_rescaled_to_vector_area,30,2026-09-08T06:55:17+00:00
G072255E42025N,upper_syr_darya,syr_darya,3000_4000,3000,4000,0.029650,100.0000,srtm_band_mask_rescaled_to_vector_area,30,2026-09-08T06:55:17+00:00
G072259E42015N,upper_syr_darya,syr_darya,3000_4000,3000,4000,0.079613,100.0000,srtm_band_mask_rescaled_to_vector_area,30,2026-09-08T06:55:17+00:00
G072267E42015N,upper_syr_darya,syr_darya,3000_4000,3000,4000,0.080383,100.0000,srtm_band_mask_rescaled_to_vector_area,30,2026-09-08T06:55:17+00:00
G072275E42012N,upper_syr_darya,syr_darya,3000_4000,3000,4000,0.019332,100.0000,srtm_band_mask_rescaled_to_vector_area,30,2026-09-08T06:55:17+00:00
G072295E42003N,upper_syr_darya,syr_darya,3000_4000,3000,4000,0.054382,100.0000,srtm_band_mask_rescaled_to_vector_area,30,2026-09-08T06:55:17+00:00
G072298E41838N,upper_syr_darya,syr_darya,3000_4000,3000,4000,0.017898,100.0000,srtm_band_mask_rescaled_to_vector_area,30,2026-09-08T06:55:17+00:00
G072299E42004N,upper_syr_darya,syr_darya,3000_4000,3000,4000,0.052666,100.0000,srtm_band_mask_rescaled_to_vector_area,30,2026-09-08T06:55:17+00:00
G072303E42006N,upper_syr_darya,syr_darya,3000_4000,3000,4000,0.074762,100.0000,srtm_band_mask_rescaled_to_vector_area,30,2026-09-08T06:55:17+00:00
G072309E41999N,upper_syr_darya,syr_darya,3000_4000,3000,4000,0.036529,100.0000,srtm_band_mask_rescaled_to_vector_area,30,2026-09-08T06:55:17+00:00
G072318E41846N,upper_syr_darya,syr_darya,3000_4000,3000,4000,0.031431,100.0000,srtm_band_mask_rescaled_to_vector_area,30,2026-09-08T06:55:17+00:00
G072321E41840N,upper_syr_darya,syr_darya,3000_4000,3000,4000,0.086471,100.0000,srtm_band_mask_rescaled_to_vector_area,30,2026-09-08T06:55:17+00:00
G072321E41853N,upper_syr_darya,syr_darya,3000_4000,3000,4000,0.048093,100.0000,srtm_band_mask_rescaled_to_vector_area,30,2026-09-08T06:55:17+00:00
G072384E39912N,upper_syr_darya,syr_darya,gte_4000,4000,,0.065378,100.0000,srtm_band_mask_rescaled_to_vector_area,30,2026-09-08T06:55:17+00:00
G072388E39913N,upper_syr_darya,syr_darya,3000_4000,3000,4000,0.000230,0.3995,srtm_band_mask_rescaled_to_vector_area,30,2026-09-08T06:55:17+00:00
G072388E39913N,upper_syr_darya,syr_darya,gte_4000,4000,,0.057317,99.6005,srtm_band_mask_rescaled_to_vector_area,30,2026-09-08T06:55:17+00:00
G072389E39889N,upper_syr_darya,syr_darya,3000_4000,3000,4000,0.090467,3.6760,srtm_band_mask_rescaled_to_vector_area,30,2026-09-08T06:55:17+00:00
G072389E39889N,upper_syr_darya,syr_darya,gte_4000,4000,,2.370527,96.3240,srtm_band_mask_rescaled_to_vector_area,30,2026-09-08T06:55:17+00:00
G072392E39903N,upper_syr_darya,syr_darya,gte_4000,4000,,0.093423,100.0000,srtm_band_mask_rescaled_to_vector_area,30,2026-09-08T06:55:17+00:00
G072399E39896N,upper_syr_darya,syr_darya,gte_4000,4000,,0.243646,100.0000,srtm_band_mask_rescaled_to_vector_area,30,2026-09-08T06:55:17+00:00
G072405E39894N,upper_syr_darya,syr_darya,3000_4000,3000,4000,0.016713,8.5319,srtm_band_mask_rescaled_to_vector_area,30,2026-09-08T06:55:17+00:00
G072405E39894N,upper_syr_darya,syr_darya,gte_4000,4000,,0.179178,91.4681,srtm_band_mask_rescaled_to_vector_area,30,2026-09-08T06:55:17+00:00
G072412E41831N,upper_syr_darya,syr_darya,3000_4000,3000,4000,0.025766,100.0000,srtm_band_mask_rescaled_to_vector_area,30,2026-09-08T06:55:17+00:00
G072416E39891N,upper_syr_darya,syr_darya,3000_4000,3000,4000,0.051617,4.5798,srtm_band_mask_rescaled_to_vector_area,30,2026-09-08T06:55:17+00:00
G072416E39891N,upper_syr_darya,syr_darya,gte_4000,4000,,1.075454,95.4202,srtm_band_mask_rescaled_to_vector_area,30,2026-09-08T06:55:17+00:00
G072417E39981N,upper_syr_darya,syr_darya,3000_4000,3000,4000,0.016600,38.8931,srtm_band_mask_rescaled_to_vector_area,30,2026-09-08T06:55:17+00:00
G072417E39981N,upper_syr_darya,syr_darya,gte_4000,4000,,0.026080,61.1069,srtm_band_mask_rescaled_to_vector_area,30,2026-09-08T06:55:17+00:00
G072417E41830N,upper_syr_darya,syr_darya,3000_4000,3000,4000,0.025349,100.0000,srtm_band_mask_rescaled_to_vector_area,30,2026-09-08T06:55:17+00:00
G072421E39878N,upper_syr_darya,syr_darya,gte_4000,4000,,8.442432,100.0000,srtm_band_mask_rescaled_to_vector_area,30,2026-09-08T06:55:17+00:00
G072422E39965N,upper_syr_darya,syr_darya,gte_4000,4000,,0.018147,100.0000,srtm_band_mask_rescaled_to_vector_area,30,2026-09-08T06:55:17+00:00
G072422E41833N,upper_syr_darya,syr_darya,3000_4000,3000,4000,0.029012,100.0000,srtm_band_mask_rescaled_to_vector_area,30,2026-09-08T06:55:17+00:00
G072427E41831N,upper_syr_darya,syr_darya,3000_4000,3000,4000,0.060521,100.0000,srtm_band_mask_rescaled_to_vector_area,30,2026-09-08T06:55:17+00:00
G072428E39912N,upper_syr_darya,syr_darya,3000_4000,3000,4000,0.004333,2.4681,srtm_band_mask_rescaled_to_vector_area,30,2026-09-08T06:55:17+00:00
G072428E39912N,upper_syr_darya,syr_darya,gte_4000,4000,,0.171210,97.5319,srtm_band_mask_rescaled_to_vector_area,30,2026-09-08T06:55:17+00:00
G072428E41822N,upper_syr_darya,syr_darya,3000_4000,3000,4000,0.028612,100.0000,srtm_band_mask_rescaled_to_vector_area,30,2026-09-08T06:55:17+00:00
G072429E39867N,upper_syr_darya,syr_darya,gte_4000,4000,,1.105323,100.0000,srtm_band_mask_rescaled_to_vector_area,30,2026-09-08T06:55:17+00:00
G072429E39957N,upper_syr_darya,syr_darya,gte_4000,4000,,0.088613,100.0000,srtm_band_mask_rescaled_to_vector_area,30,2026-09-08T06:55:17+00:00
G072429E41828N,upper_syr_darya,syr_darya,3000_4000,3000,4000,0.015259,100.0000,srtm_band_mask_rescaled_to_vector_area,30,2026-09-08T06:55:17+00:00
G072430E41826N,upper_syr_darya,syr_darya,3000_4000,3000,4000,0.026370,100.0000,srtm_band_mask_rescaled_to_vector_area,30,2026-09-08T06:55:17+00:00
G072432E39913N,upper_syr_darya,syr_darya,gte_4000,4000,,0.094035,100.0000,srtm_band_mask_rescaled_to_vector_area,30,2026-09-08T06:55:17+00:00
G072434E39914N,upper_syr_darya,syr_darya,gte_4000,4000,,0.202283,100.0000,srtm_band_mask_rescaled_to_vector_area,30,2026-09-08T06:55:17+00:00
G072435E39915N,upper_syr_darya,syr_darya,gte_4000,4000,,0.282440,100.0000,srtm_band_mask_rescaled_to_vector_area,30,2026-09-08T06:55:17+00:00
G072437E39915N,upper_syr_darya,syr_darya,gte_4000,4000,,0.081518,100.0000,srtm_band_mask_rescaled_to_vector_area,30,2026-09-08T06:55:17+00:00
G072437E39959N,upper_syr_darya,syr_darya,3000_4000,3000,4000,0.174357,20.2616,srtm_band_mask_rescaled_to_vector_area,30,2026-09-08T06:55:17+00:00
G072437E39959N,upper_syr_darya,syr_darya,gte_4000,4000,,0.686173,79.7384,srtm_band_mask_rescaled_to_vector_area,30,2026-09-08T06:55:17+00:00
G072441E39900N,upper_syr_darya,syr_darya,gte_4000,4000,,0.155204,100.0000,srtm_band_mask_rescaled_to_vector_area,30,2026-09-08T06:55:17+00:00
G072441E39913N,upper_syr_darya,syr_darya,gte_4000,4000,,0.122305,100.0000,srtm_band_mask_rescaled_to_vector_area,30,2026-09-08T06:55:17+00:00
G072445E41803N,upper_syr_darya,syr_darya,3000_4000,3000,4000,0.096957,100.0000,srtm_band_mask_rescaled_to_vector_area,30,2026-09-08T06:55:17+00:00
G072447E39949N,upper_syr_darya,syr_darya,3000_4000,3000,4000,0.249048,25.7842,srtm_band_mask_rescaled_to_vector_area,30,2026-09-08T06:55:17+00:00
G072447E39949N,upper_syr_darya,syr_darya,gte_4000,4000,,0.716844,74.2158,srtm_band_mask_rescaled_to_vector_area,30,2026-09-08T06:55:17+00:00
G072448E39916N,upper_syr_darya,syr_darya,gte_4000,4000,,0.988664,100.0000,srtm_band_mask_rescaled_to_vector_area,30,2026-09-08T06:55:17+00:00
G072448E39962N,upper_syr_darya,syr_darya,gte_4000,4000,,0.029965,100.0000,srtm_band_mask_rescaled_to_vector_area,30,2026-09-08T06:55:17+00:00
G072454E39944N,upper_syr_darya,syr_darya,gte_4000,4000,,0.294229,100.0000,srtm_band_mask_rescaled_to_vector_area,30,2026-09-08T06:55:17+00:00
G072455E39891N,upper_syr_darya,syr_darya,gte_4000,4000,,0.740214,100.0000,srtm_band_mask_rescaled_to_vector_area,30,2026-09-08T06:55:17+00:00
G072457E39937N,upper_syr_darya,syr_darya,gte_4000,4000,,0.063119,100.0000,srtm_band_mask_rescaled_to_vector_area,30,2026-09-08T06:55:17+00:00
G072457E39951N,upper_syr_darya,syr_darya,3000_4000,3000,4000,0.024504,12.3471,srtm_band_mask_rescaled_to_vector_area,30,2026-09-08T06:55:17+00:00
G072457E39951N,upper_syr_darya,syr_darya,gte_4000,4000,,0.173957,87.6529,srtm_band_mask_rescaled_to_vector_area,30,2026-09-08T06:55:17+00:00
G072458E39902N,upper_syr_darya,syr_darya,gte_4000,4000,,0.548389,100.0000,srtm_band_mask_rescaled_to_vector_area,30,2026-09-08T06:55:17+00:00
G072458E39917N,upper_syr_darya,syr_darya,3000_4000,3000,4000,0.073857,2.6328,srtm_band_mask_rescaled_to_vector_area,30,2026-09-08T06:55:17+00:00
G072458E39917N,upper_syr_darya,syr_darya,gte_4000,4000,,2.731370,97.3672,srtm_band_mask_rescaled_to_vector_area,30,2026-09-08T06:55:17+00:00
G072459E39917N,upper_syr_darya,syr_darya,3000_4000,3000,4000,0.060427,1.4006,srtm_band_mask_rescaled_to_vector_area,30,2026-09-08T06:55:17+00:00
G072459E39917N,upper_syr_darya,syr_darya,gte_4000,4000,,4.253869,98.5994,srtm_band_mask_rescaled_to_vector_area,30,2026-09-08T06:55:17+00:00
G072466E42168N,upper_syr_darya,syr_darya,3000_4000,3000,4000,0.105397,100.0000,srtm_band_mask_rescaled_to_vector_area,30,2026-09-08T06:55:17+00:00
G072468E39898N,upper_syr_darya,syr_darya,gte_4000,4000,,0.451354,100.0000,srtm_band_mask_rescaled_to_vector_area,30,2026-09-08T06:55:17+00:00
G072468E39933N,upper_syr_darya,syr_darya,3000_4000,3000,4000,0.004191,1.1573,srtm_band_mask_rescaled_to_vector_area,30,2026-09-08T06:55:17+00:00
G072468E39933N,upper_syr_darya,syr_darya,gte_4000,4000,,0.357972,98.8427,srtm_band_mask_rescaled_to_vector_area,30,2026-09-08T06:55:17+00:00
G072472E39920N,upper_syr_darya,syr_darya,gte_4000,4000,,1.332429,100.0000,srtm_band_mask_rescaled_to_vector_area,30,2026-09-08T06:55:17+00:00
G072475E39926N,upper_syr_darya,syr_darya,3000_4000,3000,4000,0.115583,24.6066,srtm_band_mask_rescaled_to_vector_area,30,2026-09-08T06:55:17+00:00
G072475E39926N,upper_syr_darya,syr_darya,gte_4000,4000,,0.354141,75.3934,srtm_band_mask_rescaled_to_vector_area,30,2026-09-08T06:55:17+00:00
G072475E39938N,upper_syr_darya,syr_darya,3000_4000,3000,4000,0.093082,31.7871,srtm_band_mask_rescaled_to_vector_area,30,2026-09-08T06:55:17+00:00
G072475E39938N,upper_syr_darya,syr_darya,gte_4000,4000,,0.199748,68.2129,srtm_band_mask_rescaled_to_vector_area,30,2026-09-08T06:55:17+00:00
G072480E39893N,upper_syr_darya,syr_darya,gte_4000,4000,,1.515663,100.0000,srtm_band_mask_rescaled_to_vector_area,30,2026-09-08T06:55:17+00:00
G072482E39916N,upper_syr_darya,syr_darya,gte_4000,4000,,0.042980,100.0000,srtm_band_mask_rescaled_to_vector_area,30,2026-09-08T06:55:17+00:00
G072482E39942N,upper_syr_darya,syr_darya,3000_4000,3000,4000,0.000473,0.6542,srtm_band_mask_rescaled_to_vector_area,30,2026-09-08T06:55:17+00:00
G072482E39942N,upper_syr_darya,syr_darya,gte_4000,4000,,0.071845,99.3458,srtm_band_mask_rescaled_to_vector_area,30,2026-09-08T06:55:17+00:00
G072483E39881N,upper_syr_darya,syr_darya,gte_4000,4000,,0.412154,100.0000,srtm_band_mask_rescaled_to_vector_area,30,2026-09-08T06:55:17+00:00
G072488E39924N,upper_syr_darya,syr_darya,gte_4000,4000,,0.036131,100.0000,srtm_band_mask_rescaled_to_vector_area,30,2026-09-08T06:55:17+00:00
G072489E39881N,upper_syr_darya,syr_darya,gte_4000,4000,,0.227543,100.0000,srtm_band_mask_rescaled_to_vector_area,30,2026-09-08T06:55:17+00:00
G072489E39892N,upper_syr_darya,syr_darya,gte_4000,4000,,0.113627,100.0000,srtm_band_mask_rescaled_to_vector_area,30,2026-09-08T06:55:17+00:00
G072491E39915N,upper_syr_darya,syr_darya,3000_4000,3000,4000,0.161784,17.3668,srtm_band_mask_rescaled_to_vector_area,30,2026-09-08T06:55:17+00:00
G072491E39915N,upper_syr_darya,syr_darya,gte_4000,4000,,0.769785,82.6332,srtm_band_mask_rescaled_to_vector_area,30,2026-09-08T06:55:17+00:00
G072492E39887N,upper_syr_darya,syr_darya,gte_4000,4000,,0.027283,100.0000,srtm_band_mask_rescaled_to_vector_area,30,2026-09-08T06:55:17+00:00
G072493E42164N,upper_syr_darya,syr_darya,3000_4000,3000,4000,0.053955,100.0000,srtm_band_mask_rescaled_to_vector_area,30,2026-09-08T06:55:17+00:00
G072497E39894N,upper_syr_darya,syr_darya,gte_4000,4000,,0.343999,100.0000,srtm_band_mask_rescaled_to_vector_area,30,2026-09-08T06:55:17+00:00
G072499E39869N,upper_syr_darya,syr_darya,gte_4000,4000,,0.038825,100.0000,srtm_band_mask_rescaled_to_vector_area,30,2026-09-08T06:55:17+00:00
G072500E39880N,upper_syr_darya,syr_darya,gte_4000,4000,,2.453019,100.0000,srtm_band_mask_rescaled_to_vector_area,30,2026-09-08T06:55:17+00:00
G072504E39920N,upper_syr_darya,syr_darya,gte_4000,4000,,0.022666,100.0000,srtm_band_mask_rescaled_to_vector_area,30,2026-09-08T06:55:17+00:00
G072515E39886N,upper_syr_darya,syr_darya,gte_4000,4000,,0.626416,100.0000,srtm_band_mask_rescaled_to_vector_area,30,2026-09-08T06:55:17+00:00
G072518E39886N,upper_syr_darya,syr_darya,gte_4000,4000,,1.653780,100.0000,srtm_band_mask_rescaled_to_vector_area,30,2026-09-08T06:55:17+00:00
G072525E39888N,upper_syr_darya,syr_darya,gte_4000,4000,,0.786822,100.0000,srtm_band_mask_rescaled_to_vector_area,30,2026-09-08T06:55:17+00:00
G072526E42159N,upper_syr_darya,syr_darya,3000_4000,3000,4000,0.081017,100.0000,srtm_band_mask_rescaled_to_vector_area,30,2026-09-08T06:55:17+00:00
G072527E39819N,upper_syr_darya,syr_darya,gte_4000,4000,,0.112678,100.0000,srtm_band_mask_rescaled_to_vector_area,30,2026-09-08T06:55:17+00:00
G072529E39819N,upper_syr_darya,syr_darya,gte_4000,4000,,0.255845,100.0000,srtm_band_mask_rescaled_to_vector_area,30,2026-09-08T06:55:17+00:00
G072529E39820N,upper_syr_darya,syr_darya,gte_4000,4000,,0.029165,100.0000,srtm_band_mask_rescaled_to_vector_area,30,2026-09-08T06:55:17+00:00
G072529E39937N,upper_syr_darya,syr_darya,3000_4000,3000,4000,0.017806,4.9983,srtm_band_mask_rescaled_to_vector_area,30,2026-09-08T06:55:17+00:00
G072529E39937N,upper_syr_darya,syr_darya,gte_4000,4000,,0.338428,95.0017,srtm_band_mask_rescaled_to_vector_area,30,2026-09-08T06:55:17+00:00
G072531E39818N,upper_syr_darya,syr_darya,gte_4000,4000,,0.160842,100.0000,srtm_band_mask_rescaled_to_vector_area,30,2026-09-08T06:55:17+00:00
G072536E42212N,upper_syr_darya,syr_darya,3000_4000,3000,4000,0.042326,100.0000,srtm_band_mask_rescaled_to_vector_area,30,2026-09-08T06:55:17+00:00
G072538E39941N,upper_syr_darya,syr_darya,3000_4000,3000,4000,0.007825,1.7900,srtm_band_mask_rescaled_to_vector_area,30,2026-09-08T06:55:17+00:00
G072538E39941N,upper_syr_darya,syr_darya,gte_4000,4000,,0.429338,98.2100,srtm_band_mask_rescaled_to_vector_area,30,2026-09-08T06:55:17+00:00
G072540E39814N,upper_syr_darya,syr_darya,gte_4000,4000,,1.685983,100.0000,srtm_band_mask_rescaled_to_vector_area,30,2026-09-08T06:55:17+00:00
G072541E39896N,upper_syr_darya,syr_darya,gte_4000,4000,,0.503285,100.0000,srtm_band_mask_rescaled_to_vector_area,30,2026-09-08T06:55:17+00:00
G072541E39917N,upper_syr_darya,syr_darya,gte_4000,4000,,0.376634,100.0000,srtm_band_mask_rescaled_to_vector_area,30,2026-09-08T06:55:17+00:00
G072541E39959N,upper_syr_darya,syr_darya,3000_4000,3000,4000,0.013875,18.8577,srtm_band_mask_rescaled_to_vector_area,30,2026-09-08T06:55:17+00:00
G072541E39959N,upper_syr_darya,syr_darya,gte_4000,4000,,0.059704,81.1423,srtm_band_mask_rescaled_to_vector_area,30,2026-09-08T06:55:17+00:00
G072545E39831N,upper_syr_darya,syr_darya,gte_4000,4000,,0.033837,100.0000,srtm_band_mask_rescaled_to_vector_area,30,2026-09-08T06:55:17+00:00
G072547E39801N,upper_syr_darya,syr_darya,gte_4000,4000,,0.013006,100.0000,srtm_band_mask_rescaled_to_vector_area,30,2026-09-08T06:55:17+00:00
G072547E39945N,upper_syr_darya,syr_darya,3000_4000,3000,4000,0.024310,2.7778,srtm_band_mask_rescaled_to_vector_area,30,2026-09-08T06:55:17+00:00
G072547E39945N,upper_syr_darya,syr_darya,gte_4000,4000,,0.850851,97.2222,srtm_band_mask_rescaled_to_vector_area,30,2026-09-08T06:55:17+00:00
G072548E39901N,upper_syr_darya,syr_darya,gte_4000,4000,,0.262444,100.0000,srtm_band_mask_rescaled_to_vector_area,30,2026-09-08T06:55:17+00:00
G072549E39831N,upper_syr_darya,syr_darya,gte_4000,4000,,0.051127,100.0000,srtm_band_mask_rescaled_to_vector_area,30,2026-09-08T06:55:17+00:00
G072551E39956N,upper_syr_darya,syr_darya,gte_4000,4000,,0.121370,100.0000,srtm_band_mask_rescaled_to_vector_area,30,2026-09-08T06:55:17+00:00
G072552E39811N,upper_syr_darya,syr_darya,gte_4000,4000,,0.441111,100.0000,srtm_band_mask_rescaled_to_vector_area,30,2026-09-08T06:55:17+00:00
G072552E39821N,upper_syr_darya,syr_darya,gte_4000,4000,,0.080802,100.0000,srtm_band_mask_rescaled_to_vector_area,30,2026-09-08T06:55:17+00:00
G072552E39915N,upper_syr_darya,syr_darya,gte_4000,4000,,0.119094,100.0000,srtm_band_mask_rescaled_to_vector_area,30,2026-09-08T06:55:17+00:00
G072553E39790N,upper_syr_darya,syr_darya,gte_4000,4000,,1.173116,100.0000,srtm_band_mask_rescaled_to_vector_area,30,2026-09-08T06:55:17+00:00
G072553E39925N,upper_syr_darya,syr_darya,gte_4000,4000,,1.057156,100.0000,srtm_band_mask_rescaled_to_vector_area,30,2026-09-08T06:55:17+00:00
G072554E39936N,upper_syr_darya,syr_darya,gte_4000,4000,,0.043222,100.0000,srtm_band_mask_rescaled_to_vector_area,30,2026-09-08T06:55:17+00:00
G072556E39904N,upper_syr_darya,syr_darya,gte_4000,4000,,0.025969,100.0000,srtm_band_mask_rescaled_to_vector_area,30,2026-09-08T06:55:17+00:00
G072558E39817N,upper_syr_darya,syr_darya,gte_4000,4000,,0.051757,100.0000,srtm_band_mask_rescaled_to_vector_area,30,2026-09-08T06:55:17+00:00
G072558E39953N,upper_syr_darya,syr_darya,3000_4000,3000,4000,0.078044,16.5805,srtm_band_mask_rescaled_to_vector_area,30,2026-09-08T06:55:17+00:00
G072558E39953N,upper_syr_darya,syr_darya,gte_4000,4000,,0.392655,83.4195,srtm_band_mask_rescaled_to_vector_area,30,2026-09-08T06:55:17+00:00
G072558E42156N,upper_syr_darya,syr_darya,3000_4000,3000,4000,1.197454,100.0000,srtm_band_mask_rescaled_to_vector_area,30,2026-09-08T06:55:17+00:00
G072559E39791N,upper_syr_darya,syr_darya,gte_4000,4000,,0.053840,100.0000,srtm_band_mask_rescaled_to_vector_area,30,2026-09-08T06:55:17+00:00
G072561E39781N,upper_syr_darya,syr_darya,gte_4000,4000,,0.465804,100.0000,srtm_band_mask_rescaled_to_vector_area,30,2026-09-08T06:55:17+00:00
G072562E39793N,upper_syr_darya,syr_darya,gte_4000,4000,,0.107235,100.0000,srtm_band_mask_rescaled_to_vector_area,30,2026-09-08T06:55:17+00:00
G072565E39817N,upper_syr_darya,syr_darya,gte_4000,4000,,0.063158,100.0000,srtm_band_mask_rescaled_to_vector_area,30,2026-09-08T06:55:17+00:00
G072566E39938N,upper_syr_darya,syr_darya,3000_4000,3000,4000,0.003317,0.5249,srtm_band_mask_rescaled_to_vector_area,30,2026-09-08T06:55:17+00:00
G072566E39938N,upper_syr_darya,syr_darya,gte_4000,4000,,0.628621,99.4751,srtm_band_mask_rescaled_to_vector_area,30,2026-09-08T06:55:17+00:00
G072566E42144N,upper_syr_darya,syr_darya,3000_4000,3000,4000,0.056405,100.0000,srtm_band_mask_rescaled_to_vector_area,30,2026-09-08T06:55:17+00:00
G072567E39787N,upper_syr_darya,syr_darya,gte_4000,4000,,0.130367,100.0000,srtm_band_mask_rescaled_to_vector_area,30,2026-09-08T06:55:17+00:00
G072568E42137N,upper_syr_darya,syr_darya,3000_4000,3000,4000,0.031797,100.0000,srtm_band_mask_rescaled_to_vector_area,30,2026-09-08T06:55:17+00:00
G072571E39919N,upper_syr_darya,syr_darya,gte_4000,4000,,0.162706,100.0000,srtm_band_mask_rescaled_to_vector_area,30,2026-09-08T06:55:17+00:00
G072571E42134N,upper_syr_darya,syr_darya,3000_4000,3000,4000,0.041097,100.0000,srtm_band_mask_rescaled_to_vector_area,30,2026-09-08T06:55:17+00:00
G072571E42151N,upper_syr_darya,syr_darya,3000_4000,3000,4000,0.186914,100.0000,srtm_band_mask_rescaled_to_vector_area,30,2026-09-08T06:55:17+00:00
G072574E39785N,upper_syr_darya,syr_darya,gte_4000,4000,,0.881906,100.0000,srtm_band_mask_rescaled_to_vector_area,30,2026-09-08T06:55:17+00:00
G072574E42144N,upper_syr_darya,syr_darya,3000_4000,3000,4000,0.174276,99.9790,srtm_band_mask_rescaled_to_vector_area,30,2026-09-08T06:55:17+00:00
G072574E42144N,upper_syr_darya,syr_darya,gte_4000,4000,,0.000037,0.0210,srtm_band_mask_rescaled_to_vector_area,30,2026-09-08T06:55:17+00:00
G072577E39932N,upper_syr_darya,syr_darya,3000_4000,3000,4000,0.158671,5.9499,srtm_band_mask_rescaled_to_vector_area,30,2026-09-08T06:55:17+00:00
G072577E39932N,upper_syr_darya,syr_darya,gte_4000,4000,,2.508116,94.0501,srtm_band_mask_rescaled_to_vector_area,30,2026-09-08T06:55:17+00:00
G072578E42133N,upper_syr_darya,syr_darya,3000_4000,3000,4000,0.019683,100.0000,srtm_band_mask_rescaled_to_vector_area,30,2026-09-08T06:55:17+00:00
G072579E42143N,upper_syr_darya,syr_darya,3000_4000,3000,4000,0.143788,100.0000,srtm_band_mask_rescaled_to_vector_area,30,2026-09-08T06:55:17+00:00
G072579E42163N,upper_syr_darya,syr_darya,3000_4000,3000,4000,0.086560,100.0000,srtm_band_mask_rescaled_to_vector_area,30,2026-09-08T06:55:17+00:00
G072580E39949N,upper_syr_darya,syr_darya,gte_4000,4000,,0.073519,100.0000,srtm_band_mask_rescaled_to_vector_area,30,2026-09-08T06:55:17+00:00
G072580E39985N,upper_syr_darya,syr_darya,3000_4000,3000,4000,0.016505,10.6973,srtm_band_mask_rescaled_to_vector_area,30,2026-09-08T06:55:17+00:00
G072580E39985N,upper_syr_darya,syr_darya,gte_4000,4000,,0.137789,89.3027,srtm_band_mask_rescaled_to_vector_area,30,2026-09-08T06:55:17+00:00
G072581E39776N,upper_syr_darya,syr_darya,gte_4000,4000,,0.021387,100.0000,srtm_band_mask_rescaled_to_vector_area,30,2026-09-08T06:55:17+00:00
G072582E39897N,upper_syr_darya,syr_darya,gte_4000,4000,,0.349746,100.0000,srtm_band_mask_rescaled_to_vector_area,30,2026-09-08T06:55:17+00:00
G072583E42135N,upper_syr_darya,syr_darya,3000_4000,3000,4000,0.068902,100.0000,srtm_band_mask_rescaled_to_vector_area,30,2026-09-08T06:55:17+00:00
G072584E39892N,upper_syr_darya,syr_darya,gte_4000,4000,,0.020637,100.0000,srtm_band_mask_rescaled_to_vector_area,30,2026-09-08T06:55:17+00:00
G072584E42139N,upper_syr_darya,syr_darya,3000_4000,3000,4000,0.300266,100.0000,srtm_band_mask_rescaled_to_vector_area,30,2026-09-08T06:55:17+00:00
G072588E39801N,upper_syr_darya,syr_darya,gte_4000,4000,,0.056353,100.0000,srtm_band_mask_rescaled_to_vector_area,30,2026-09-08T06:55:17+00:00
G072589E42135N,upper_syr_darya,syr_darya,3000_4000,3000,4000,0.117135,100.0000,srtm_band_mask_rescaled_to_vector_area,30,2026-09-08T06:55:17+00:00
G072590E39902N,upper_syr_darya,syr_darya,gte_4000,4000,,0.524877,100.0000,srtm_band_mask_rescaled_to_vector_area,30,2026-09-08T06:55:17+00:00
G072590E39947N,upper_syr_darya,syr_darya,gte_4000,4000,,0.287196,100.0000,srtm_band_mask_rescaled_to_vector_area,30,2026-09-08T06:55:17+00:00
G072590E39958N,upper_syr_darya,syr_darya,3000_4000,3000,4000,0.013921,2.1060,srtm_band_mask_rescaled_to_vector_area,30,2026-09-08T06:55:17+00:00
G072590E39958N,upper_syr_darya,syr_darya,gte_4000,4000,,0.647109,97.8940,srtm_band_mask_rescaled_to_vector_area,30,2026-09-08T06:55:17+00:00
G072591E39921N,upper_syr_darya,syr_darya,gte_4000,4000,,2.351705,100.0000,srtm_band_mask_rescaled_to_vector_area,30,2026-09-08T06:55:17+00:00
G072593E39785N,upper_syr_darya,syr_darya,gte_4000,4000,,2.174297,100.0000,srtm_band_mask_rescaled_to_vector_area,30,2026-09-08T06:55:17+00:00
G072594E39784N,upper_syr_darya,syr_darya,gte_4000,4000,,2.047693,100.0000,srtm_band_mask_rescaled_to_vector_area,30,2026-09-08T06:55:17+00:00
G072595E42136N,upper_syr_darya,syr_darya,3000_4000,3000,4000,0.288986,100.0000,srtm_band_mask_rescaled_to_vector_area,30,2026-09-08T06:55:17+00:00
G072596E39795N,upper_syr_darya,syr_darya,gte_4000,4000,,0.876247,100.0000,srtm_band_mask_rescaled_to_vector_area,30,2026-09-08T06:55:17+00:00
G072597E39810N,upper_syr_darya,syr_darya,gte_4000,4000,,0.024423,100.0000,srtm_band_mask_rescaled_to_vector_area,30,2026-09-08T06:55:17+00:00
G072597E39963N,upper_syr_darya,syr_darya,gte_4000,4000,,0.052262,100.0000,srtm_band_mask_rescaled_to_vector_area,30,2026-09-08T06:55:17+00:00
G072598E39956N,upper_syr_darya,syr_darya,3000_4000,3000,4000,0.005159,1.2671,srtm_band_mask_rescaled_to_vector_area,30,2026-09-08T06:55:17+00:00
G072598E39956N,upper_syr_darya,syr_darya,gte_4000,4000,,0.401993,98.7329,srtm_band_mask_rescaled_to_vector_area,30,2026-09-08T06:55:17+00:00
G072600E39947N,upper_syr_darya,syr_darya,gte_4000,4000,,0.101831,100.0000,srtm_band_mask_rescaled_to_vector_area,30,2026-09-08T06:55:17+00:00
G072601E39814N,upper_syr_darya,syr_darya,gte_4000,4000,,0.446788,100.0000,srtm_band_mask_rescaled_to_vector_area,30,2026-09-08T06:55:17+00:00
G072602E39922N,upper_syr_darya,syr_darya,gte_4000,4000,,0.137838,100.0000,srtm_band_mask_rescaled_to_vector_area,30,2026-09-08T06:55:17+00:00
G072603E42138N,upper_syr_darya,syr_darya,3000_4000,3000,4000,0.109641,100.0000,srtm_band_mask_rescaled_to_vector_area,30,2026-09-08T06:55:17+00:00
G072603E42149N,upper_syr_darya,syr_darya,3000_4000,3000,4000,0.014787,100.0000,srtm_band_mask_rescaled_to_vector_area,30,2026-09-08T06:55:17+00:00
G072604E39798N,upper_syr_darya,syr_darya,gte_4000,4000,,2.364053,100.0000,srtm_band_mask_rescaled_to_vector_area,30,2026-09-08T06:55:17+00:00
G072604E39799N,upper_syr_darya,syr_darya,gte_4000,4000,,1.402021,100.0000,srtm_band_mask_rescaled_to_vector_area,30,2026-09-08T06:55:17+00:00
G072604E39832N,upper_syr_darya,syr_darya,gte_4000,4000,,0.024553,100.0000,srtm_band_mask_rescaled_to_vector_area,30,2026-09-08T06:55:17+00:00
G072606E39816N,upper_syr_darya,syr_darya,gte_4000,4000,,0.019801,100.0000,srtm_band_mask_rescaled_to_vector_area,30,2026-09-08T06:55:17+00:00
G072607E39795N,upper_syr_darya,syr_darya,gte_4000,4000,,0.146790,100.0000,srtm_band_mask_rescaled_to_vector_area,30,2026-09-08T06:55:17+00:00
G072607E42145N,upper_syr_darya,syr_darya,3000_4000,3000,4000,0.018766,100.0000,srtm_band_mask_rescaled_to_vector_area,30,2026-09-08T06:55:17+00:00
G072608E39786N,upper_syr_darya,syr_darya,gte_4000,4000,,0.667798,100.0000,srtm_band_mask_rescaled_to_vector_area,30,2026-09-08T06:55:17+00:00
G072608E39957N,upper_syr_darya,syr_darya,3000_4000,3000,4000,0.182311,33.0716,srtm_band_mask_rescaled_to_vector_area,30,2026-09-08T06:55:17+00:00
G072608E39957N,upper_syr_darya,syr_darya,gte_4000,4000,,0.368950,66.9284,srtm_band_mask_rescaled_to_vector_area,30,2026-09-08T06:55:17+00:00
G072608E42141N,upper_syr_darya,syr_darya,3000_4000,3000,4000,0.025181,100.0000,srtm_band_mask_rescaled_to_vector_area,30,2026-09-08T06:55:17+00:00
G072610E42130N,upper_syr_darya,syr_darya,3000_4000,3000,4000,0.017434,100.0000,srtm_band_mask_rescaled_to_vector_area,30,2026-09-08T06:55:17+00:00
G072612E39814N,upper_syr_darya,syr_darya,gte_4000,4000,,0.015922,100.0000,srtm_band_mask_rescaled_to_vector_area,30,2026-09-08T06:55:17+00:00
G072612E39920N,upper_syr_darya,syr_darya,gte_4000,4000,,1.527846,100.0000,srtm_band_mask_rescaled_to_vector_area,30,2026-09-08T06:55:17+00:00
G072613E42118N,upper_syr_darya,syr_darya,3000_4000,3000,4000,0.069548,100.0000,srtm_band_mask_rescaled_to_vector_area,30,2026-09-08T06:55:17+00:00
G072615E39792N,upper_syr_darya,syr_darya,gte_4000,4000,,0.042781,100.0000,srtm_band_mask_rescaled_to_vector_area,30,2026-09-08T06:55:17+00:00
G072615E42254N,upper_syr_darya,syr_darya,3000_4000,3000,4000,0.136430,96.5547,srtm_band_mask_rescaled_to_vector_area,30,2026-09-08T06:55:17+00:00
G072615E42254N,upper_syr_darya,syr_darya,gte_4000,4000,,0.004868,3.4453,srtm_band_mask_rescaled_to_vector_area,30,2026-09-08T06:55:17+00:00
G072616E39911N,upper_syr_darya,syr_darya,gte_4000,4000,,0.650176,100.0000,srtm_band_mask_rescaled_to_vector_area,30,2026-09-08T06:55:17+00:00
G072616E42121N,upper_syr_darya,syr_darya,3000_4000,3000,4000,0.051214,100.0000,srtm_band_mask_rescaled_to_vector_area,30,2026-09-08T06:55:17+00:00
G072616E42126N,upper_syr_darya,syr_darya,3000_4000,3000,4000,0.041876,100.0000,srtm_band_mask_rescaled_to_vector_area,30,2026-09-08T06:55:17+00:00
G072617E39907N,upper_syr_darya,syr_darya,gte_4000,4000,,0.042253,100.0000,srtm_band_mask_rescaled_to_vector_area,30,2026-09-08T06:55:17+00:00
G072619E39812N,upper_syr_darya,syr_darya,gte_4000,4000,,1.462598,100.0000,srtm_band_mask_rescaled_to_vector_area,30,2026-09-08T06:55:17+00:00
G072620E42130N,upper_syr_darya,syr_darya,3000_4000,3000,4000,0.199380,100.0000,srtm_band_mask_rescaled_to_vector_area,30,2026-09-08T06:55:17+00:00
G072620E42170N,upper_syr_darya,syr_darya,3000_4000,3000,4000,0.028986,100.0000,srtm_band_mask_rescaled_to_vector_area,30,2026-09-08T06:55:17+00:00
G072624E42134N,upper_syr_darya,syr_darya,3000_4000,3000,4000,0.128799,100.0000,srtm_band_mask_rescaled_to_vector_area,30,2026-09-08T06:55:17+00:00
G072624E42161N,upper_syr_darya,syr_darya,3000_4000,3000,4000,0.044813,100.0000,srtm_band_mask_rescaled_to_vector_area,30,2026-09-08T06:55:17+00:00
G072624E42258N,upper_syr_darya,syr_darya,3000_4000,3000,4000,0.491157,99.9915,srtm_band_mask_rescaled_to_vector_area,30,2026-09-08T06:55:17+00:00
G072624E42258N,upper_syr_darya,syr_darya,gte_4000,4000,,0.000042,0.0085,srtm_band_mask_rescaled_to_vector_area,30,2026-09-08T06:55:17+00:00
G072625E42127N,upper_syr_darya,syr_darya,3000_4000,3000,4000,0.119255,100.0000,srtm_band_mask_rescaled_to_vector_area,30,2026-09-08T06:55:17+00:00
G072626E42144N,upper_syr_darya,syr_darya,3000_4000,3000,4000,0.109889,100.0000,srtm_band_mask_rescaled_to_vector_area,30,2026-09-08T06:55:17+00:00
G072626E42157N,upper_syr_darya,syr_darya,3000_4000,3000,4000,0.028269,100.0000,srtm_band_mask_rescaled_to_vector_area,30,2026-09-08T06:55:17+00:00
G072628E39979N,upper_syr_darya,syr_darya,gte_4000,4000,,0.027034,100.0000,srtm_band_mask_rescaled_to_vector_area,30,2026-09-08T06:55:17+00:00
G072628E42124N,upper_syr_darya,syr_darya,3000_4000,3000,4000,0.080803,100.0000,srtm_band_mask_rescaled_to_vector_area,30,2026-09-08T06:55:17+00:00
G072628E42134N,upper_syr_darya,syr_darya,3000_4000,3000,4000,0.069041,100.0000,srtm_band_mask_rescaled_to_vector_area,30,2026-09-08T06:55:17+00:00
G072630E39823N,upper_syr_darya,syr_darya,gte_4000,4000,,0.017955,100.0000,srtm_band_mask_rescaled_to_vector_area,30,2026-09-08T06:55:17+00:00
G072631E39920N,upper_syr_darya,syr_darya,gte_4000,4000,,0.721078,100.0000,srtm_band_mask_rescaled_to_vector_area,30,2026-09-08T06:55:17+00:00
G072631E42123N,upper_syr_darya,syr_darya,3000_4000,3000,4000,0.028992,100.0000,srtm_band_mask_rescaled_to_vector_area,30,2026-09-08T06:55:17+00:00
G072631E42133N,upper_syr_darya,syr_darya,3000_4000,3000,4000,0.037123,100.0000,srtm_band_mask_rescaled_to_vector_area,30,2026-09-08T06:55:17+00:00
G072632E39803N,upper_syr_darya,syr_darya,gte_4000,4000,,0.995705,100.0000,srtm_band_mask_rescaled_to_vector_area,30,2026-09-08T06:55:17+00:00
G072632E39817N,upper_syr_darya,syr_darya,gte_4000,4000,,0.661983,100.0000,srtm_band_mask_rescaled_to_vector_area,30,2026-09-08T06:55:17+00:00
G072633E39980N,upper_syr_darya,syr_darya,gte_4000,4000,,0.024311,100.0000,srtm_band_mask_rescaled_to_vector_area,30,2026-09-08T06:55:17+00:00
G072634E39828N,upper_syr_darya,syr_darya,gte_4000,4000,,0.029638,100.0000,srtm_band_mask_rescaled_to_vector_area,30,2026-09-08T06:55:17+00:00
G072635E39995N,upper_syr_darya,syr_darya,3000_4000,3000,4000,0.023437,6.5607,srtm_band_mask_rescaled_to_vector_area,30,2026-09-08T06:55:17+00:00
G072635E39995N,upper_syr_darya,syr_darya,gte_4000,4000,,0.333797,93.4393,srtm_band_mask_rescaled_to_vector_area,30,2026-09-08T06:55:17+00:00
G072635E42133N,upper_syr_darya,syr_darya,3000_4000,3000,4000,0.120307,100.0000,srtm_band_mask_rescaled_to_vector_area,30,2026-09-08T06:55:17+00:00
G072637E39912N,upper_syr_darya,syr_darya,gte_4000,4000,,0.200369,100.0000,srtm_band_mask_rescaled_to_vector_area,30,2026-09-08T06:55:17+00:00
G072638E39833N,upper_syr_darya,syr_darya,gte_4000,4000,,0.579797,100.0000,srtm_band_mask_rescaled_to_vector_area,30,2026-09-08T06:55:17+00:00
G072638E42255N,upper_syr_darya,syr_darya,3000_4000,3000,4000,0.405393,100.0000,srtm_band_mask_rescaled_to_vector_area,30,2026-09-08T06:55:17+00:00
G072639E39798N,upper_syr_darya,syr_darya,gte_4000,4000,,0.333467,100.0000,srtm_band_mask_rescaled_to_vector_area,30,2026-09-08T06:55:17+00:00
G072640E39905N,upper_syr_darya,syr_darya,gte_4000,4000,,0.474724,100.0000,srtm_band_mask_rescaled_to_vector_area,30,2026-09-08T06:55:17+00:00
G072641E42248N,upper_syr_darya,syr_darya,3000_4000,3000,4000,0.031318,100.0000,srtm_band_mask_rescaled_to_vector_area,30,2026-09-08T06:55:17+00:00
G072642E39802N,upper_syr_darya,syr_darya,gte_4000,4000,,0.031065,100.0000,srtm_band_mask_rescaled_to_vector_area,30,2026-09-08T06:55:17+00:00
G072642E39835N,upper_syr_darya,syr_darya,gte_4000,4000,,0.049682,100.0000,srtm_band_mask_rescaled_to_vector_area,30,2026-09-08T06:55:17+00:00
G072642E39940N,upper_syr_darya,syr_darya,3000_4000,3000,4000,0.046321,37.2881,srtm_band_mask_rescaled_to_vector_area,30,2026-09-08T06:55:17+00:00
G072642E39940N,upper_syr_darya,syr_darya,gte_4000,4000,,0.077903,62.7119,srtm_band_mask_rescaled_to_vector_area,30,2026-09-08T06:55:17+00:00
G072642E40007N,upper_syr_darya,syr_darya,3000_4000,3000,4000,0.211446,46.8851,srtm_band_mask_rescaled_to_vector_area,30,2026-09-08T06:55:17+00:00
G072642E40007N,upper_syr_darya,syr_darya,gte_4000,4000,,0.239542,53.1149,srtm_band_mask_rescaled_to_vector_area,30,2026-09-08T06:55:17+00:00
G072644E39821N,upper_syr_darya,syr_darya,gte_4000,4000,,1.162903,100.0000,srtm_band_mask_rescaled_to_vector_area,30,2026-09-08T06:55:17+00:00
G072645E39831N,upper_syr_darya,syr_darya,gte_4000,4000,,0.025975,100.0000,srtm_band_mask_rescaled_to_vector_area,30,2026-09-08T06:55:17+00:00
G072645E39920N,upper_syr_darya,syr_darya,gte_4000,4000,,0.084069,100.0000,srtm_band_mask_rescaled_to_vector_area,30,2026-09-08T06:55:17+00:00
G072645E39981N,upper_syr_darya,syr_darya,gte_4000,4000,,0.506489,100.0000,srtm_band_mask_rescaled_to_vector_area,30,2026-09-08T06:55:17+00:00
G072646E39904N,upper_syr_darya,syr_darya,gte_4000,4000,,0.136183,100.0000,srtm_band_mask_rescaled_to_vector_area,30,2026-09-08T06:55:17+00:00
G072647E39904N,upper_syr_darya,syr_darya,gte_4000,4000,,0.066992,100.0000,srtm_band_mask_rescaled_to_vector_area,30,2026-09-08T06:55:17+00:00
G072647E39928N,upper_syr_darya,syr_darya,gte_4000,4000,,0.080593,100.0000,srtm_band_mask_rescaled_to_vector_area,30,2026-09-08T06:55:17+00:00
G072647E42249N,upper_syr_darya,syr_darya,3000_4000,3000,4000,0.093293,100.0000,srtm_band_mask_rescaled_to_vector_area,30,2026-09-08T06:55:17+00:00
G072649E39901N,upper_syr_darya,syr_darya,gte_4000,4000,,0.086450,100.0000,srtm_band_mask_rescaled_to_vector_area,30,2026-09-08T06:55:17+00:00
G072649E39996N,upper_syr_darya,syr_darya,3000_4000,3000,4000,0.137848,78.1941,srtm_band_mask_rescaled_to_vector_area,30,2026-09-08T06:55:17+00:00
G072649E39996N,upper_syr_darya,syr_darya,gte_4000,4000,,0.038442,21.8059,srtm_band_mask_rescaled_to_vector_area,30,2026-09-08T06:55:17+00:00
G072650E39795N,upper_syr_darya,syr_darya,gte_4000,4000,,0.511442,100.0000,srtm_band_mask_rescaled_to_vector_area,30,2026-09-08T06:55:17+00:00
G072650E39927N,upper_syr_darya,syr_darya,gte_4000,4000,,0.026343,100.0000,srtm_band_mask_rescaled_to_vector_area,30,2026-09-08T06:55:17+00:00
G072651E39976N,upper_syr_darya,syr_darya,gte_4000,4000,,0.044498,100.0000,srtm_band_mask_rescaled_to_vector_area,30,2026-09-08T06:55:17+00:00
G072652E39952N,upper_syr_darya,syr_darya,gte_4000,4000,,0.082482,100.0000,srtm_band_mask_rescaled_to_vector_area,30,2026-09-08T06:55:17+00:00
G072652E39957N,upper_syr_darya,syr_darya,gte_4000,4000,,0.094676,100.0000,srtm_band_mask_rescaled_to_vector_area,30,2026-09-08T06:55:17+00:00
G072652E39972N,upper_syr_darya,syr_darya,gte_4000,4000,,0.040162,100.0000,srtm_band_mask_rescaled_to_vector_area,30,2026-09-08T06:55:17+00:00
G072653E39940N,upper_syr_darya,syr_darya,gte_4000,4000,,1.161816,100.0000,srtm_band_mask_rescaled_to_vector_area,30,2026-09-08T06:55:17+00:00
G072654E39985N,upper_syr_darya,syr_darya,3000_4000,3000,4000,0.043809,49.5715,srtm_band_mask_rescaled_to_vector_area,30,2026-09-08T06:55:17+00:00
G072654E39985N,upper_syr_darya,syr_darya,gte_4000,4000,,0.044567,50.4285,srtm_band_mask_rescaled_to_vector_area,30,2026-09-08T06:55:17+00:00
G072655E42238N,upper_syr_darya,syr_darya,3000_4000,3000,4000,0.033208,100.0000,srtm_band_mask_rescaled_to_vector_area,30,2026-09-08T06:55:17+00:00
G072656E39926N,upper_syr_darya,syr_darya,gte_4000,4000,,0.022388,100.0000,srtm_band_mask_rescaled_to_vector_area,30,2026-09-08T06:55:17+00:00
G072659E39794N,upper_syr_darya,syr_darya,gte_4000,4000,,0.865671,100.0000,srtm_band_mask_rescaled_to_vector_area,30,2026-09-08T06:55:17+00:00
G072659E39842N,upper_syr_darya,syr_darya,gte_4000,4000,,0.013482,100.0000,srtm_band_mask_rescaled_to_vector_area,30,2026-09-08T06:55:17+00:00
G072659E42132N,upper_syr_darya,syr_darya,3000_4000,3000,4000,0.246801,100.0000,srtm_band_mask_rescaled_to_vector_area,30,2026-09-08T06:55:17+00:00
G072660E39926N,upper_syr_darya,syr_darya,gte_4000,4000,,0.083281,100.0000,srtm_band_mask_rescaled_to_vector_area,30,2026-09-08T06:55:17+00:00
G072661E42243N,upper_syr_darya,syr_darya,3000_4000,3000,4000,0.067276,72.8523,srtm_band_mask_rescaled_to_vector_area,30,2026-09-08T06:55:17+00:00
G072661E42243N,upper_syr_darya,syr_darya,gte_4000,4000,,0.025070,27.1477,srtm_band_mask_rescaled_to_vector_area,30,2026-09-08T06:55:17+00:00
G072662E39972N,upper_syr_darya,syr_darya,3000_4000,3000,4000,0.039822,2.4968,srtm_band_mask_rescaled_to_vector_area,30,2026-09-08T06:55:17+00:00
G072662E39972N,upper_syr_darya,syr_darya,gte_4000,4000,,1.555106,97.5032,srtm_band_mask_rescaled_to_vector_area,30,2026-09-08T06:55:17+00:00
G072663E39856N,upper_syr_darya,syr_darya,gte_4000,4000,,0.136768,100.0000,srtm_band_mask_rescaled_to_vector_area,30,2026-09-08T06:55:17+00:00
G072665E39833N,upper_syr_darya,syr_darya,gte_4000,4000,,1.479852,100.0000,srtm_band_mask_rescaled_to_vector_area,30,2026-09-08T06:55:17+00:00
G072666E39941N,upper_syr_darya,syr_darya,gte_4000,4000,,0.247966,100.0000,srtm_band_mask_rescaled_to_vector_area,30,2026-09-08T06:55:17+00:00
G072667E39796N,upper_syr_darya,syr_darya,gte_4000,4000,,0.041653,100.0000,srtm_band_mask_rescaled_to_vector_area,30,2026-09-08T06:55:17+00:00
G072667E39857N,upper_syr_darya,syr_darya,gte_4000,4000,,0.080454,100.0000,srtm_band_mask_rescaled_to_vector_area,30,2026-09-08T06:55:17+00:00
G072667E42247N,upper_syr_darya,syr_darya,3000_4000,3000,4000,0.569218,100.0000,srtm_band_mask_rescaled_to_vector_area,30,2026-09-08T06:55:17+00:00
G072668E39833N,upper_syr_darya,syr_darya,gte_4000,4000,,2.098100,100.0000,srtm_band_mask_rescaled_to_vector_area,30,2026-09-08T06:55:17+00:00
G072669E39932N,upper_syr_darya,syr_darya,gte_4000,4000,,1.112826,100.0000,srtm_band_mask_rescaled_to_vector_area,30,2026-09-08T06:55:17+00:00
G072671E39788N,upper_syr_darya,syr_darya,gte_4000,4000,,0.449014,100.0000,srtm_band_mask_rescaled_to_vector_area,30,2026-09-08T06:55:17+00:00
G072671E39835N,upper_syr_darya,syr_darya,gte_4000,4000,,0.299008,100.0000,srtm_band_mask_rescaled_to_vector_area,30,2026-09-08T06:55:17+00:00
G072671E39958N,upper_syr_darya,syr_darya,gte_4000,4000,,1.892336,100.0000,srtm_band_mask_rescaled_to_vector_area,30,2026-09-08T06:55:17+00:00
G072672E39797N,upper_syr_darya,syr_darya,gte_4000,4000,,0.016921,100.0000,srtm_band_mask_rescaled_to_vector_area,30,2026-09-08T06:55:17+00:00
G072673E39820N,upper_syr_darya,syr_darya,gte_4000,4000,,0.056487,100.0000,srtm_band_mask_rescaled_to_vector_area,30,2026-09-08T06:55:17+00:00
G072673E42239N,upper_syr_darya,syr_darya,3000_4000,3000,4000,0.334927,100.0000,srtm_band_mask_rescaled_to_vector_area,30,2026-09-08T06:55:17+00:00
G072674E42132N,upper_syr_darya,syr_darya,3000_4000,3000,4000,0.256942,100.0000,srtm_band_mask_rescaled_to_vector_area,30,2026-09-08T06:55:17+00:00
G072675E39785N,upper_syr_darya,syr_darya,gte_4000,4000,,0.011460,100.0000,srtm_band_mask_rescaled_to_vector_area,30,2026-09-08T06:55:17+00:00
G072675E39947N,upper_syr_darya,syr_darya,gte_4000,4000,,0.287356,100.0000,srtm_band_mask_rescaled_to_vector_area,30,2026-09-08T06:55:17+00:00
G072676E39834N,upper_syr_darya,syr_darya,gte_4000,4000,,0.367152,100.0000,srtm_band_mask_rescaled_to_vector_area,30,2026-09-08T06:55:17+00:00
G072677E42232N,upper_syr_darya,syr_darya,3000_4000,3000,4000,0.236602,100.0000,srtm_band_mask_rescaled_to_vector_area,30,2026-09-08T06:55:17+00:00
G072679E42254N,upper_syr_darya,syr_darya,3000_4000,3000,4000,0.006358,28.6908,srtm_band_mask_rescaled_to_vector_area,30,2026-09-08T06:55:17+00:00
G072679E42254N,upper_syr_darya,syr_darya,gte_4000,4000,,0.015801,71.3092,srtm_band_mask_rescaled_to_vector_area,30,2026-09-08T06:55:17+00:00
G072681E42122N,upper_syr_darya,syr_darya,3000_4000,3000,4000,0.059256,100.0000,srtm_band_mask_rescaled_to_vector_area,30,2026-09-08T06:55:17+00:00
G072681E42255N,upper_syr_darya,syr_darya,3000_4000,3000,4000,0.080492,86.0382,srtm_band_mask_rescaled_to_vector_area,30,2026-09-08T06:55:17+00:00
G072681E42255N,upper_syr_darya,syr_darya,gte_4000,4000,,0.013062,13.9618,srtm_band_mask_rescaled_to_vector_area,30,2026-09-08T06:55:17+00:00
G072682E39782N,upper_syr_darya,syr_darya,gte_4000,4000,,0.318735,100.0000,srtm_band_mask_rescaled_to_vector_area,30,2026-09-08T06:55:17+00:00
G072682E39834N,upper_syr_darya,syr_darya,3000_4000,3000,4000,0.022541,4.9241,srtm_band_mask_rescaled_to_vector_area,30,2026-09-08T06:55:17+00:00
G072682E39834N,upper_syr_darya,syr_darya,gte_4000,4000,,0.435224,95.0759,srtm_band_mask_rescaled_to_vector_area,30,2026-09-08T06:55:17+00:00
G072682E42126N,upper_syr_darya,syr_darya,3000_4000,3000,4000,0.042826,100.0000,srtm_band_mask_rescaled_to_vector_area,30,2026-09-08T06:55:17+00:00
G072683E42114N,upper_syr_darya,syr_darya,3000_4000,3000,4000,0.056587,100.0000,srtm_band_mask_rescaled_to_vector_area,30,2026-09-08T06:55:17+00:00
G072684E39824N,upper_syr_darya,syr_darya,gte_4000,4000,,0.190007,100.0000,srtm_band_mask_rescaled_to_vector_area,30,2026-09-08T06:55:17+00:00
G072685E39951N,upper_syr_darya,syr_darya,gte_4000,4000,,0.935717,100.0000,srtm_band_mask_rescaled_to_vector_area,30,2026-09-08T06:55:17+00:00
G072685E42121N,upper_syr_darya,syr_darya,3000_4000,3000,4000,0.053033,100.0000,srtm_band_mask_rescaled_to_vector_area,30,2026-09-08T06:55:17+00:00
G072685E42137N,upper_syr_darya,syr_darya,3000_4000,3000,4000,0.017637,100.0000,srtm_band_mask_rescaled_to_vector_area,30,2026-09-08T06:55:17+00:00
G072685E42252N,upper_syr_darya,syr_darya,3000_4000,3000,4000,0.146920,100.0000,srtm_band_mask_rescaled_to_vector_area,30,2026-09-08T06:55:17+00:00
G072686E39999N,upper_syr_darya,syr_darya,gte_4000,4000,,0.178347,100.0000,srtm_band_mask_rescaled_to_vector_area,30,2026-09-08T06:55:17+00:00
G072686E42116N,upper_syr_darya,syr_darya,3000_4000,3000,4000,0.023830,100.0000,srtm_band_mask_rescaled_to_vector_area,30,2026-09-08T06:55:17+00:00
G072686E42124N,upper_syr_darya,syr_darya,3000_4000,3000,4000,0.174206,100.0000,srtm_band_mask_rescaled_to_vector_area,30,2026-09-08T06:55:17+00:00
G072687E39838N,upper_syr_darya,syr_darya,gte_4000,4000,,0.036166,100.0000,srtm_band_mask_rescaled_to_vector_area,30,2026-09-08T06:55:17+00:00
G072688E39833N,upper_syr_darya,syr_darya,gte_4000,4000,,0.018197,100.0000,srtm_band_mask_rescaled_to_vector_area,30,2026-09-08T06:55:17+00:00
G072688E40008N,upper_syr_darya,syr_darya,gte_4000,4000,,0.030266,100.0000,srtm_band_mask_rescaled_to_vector_area,30,2026-09-08T06:55:17+00:00
G072688E42123N,upper_syr_darya,syr_darya,3000_4000,3000,4000,0.154003,100.0000,srtm_band_mask_rescaled_to_vector_area,30,2026-09-08T06:55:17+00:00
G072689E39964N,upper_syr_darya,syr_darya,gte_4000,4000,,0.936188,100.0000,srtm_band_mask_rescaled_to_vector_area,30,2026-09-08T06:55:17+00:00
G072690E42122N,upper_syr_darya,syr_darya,3000_4000,3000,4000,0.024397,100.0000,srtm_band_mask_rescaled_to_vector_area,30,2026-09-08T06:55:17+00:00
G072692E39997N,upper_syr_darya,syr_darya,gte_4000,4000,,0.108846,100.0000,srtm_band_mask_rescaled_to_vector_area,30,2026-09-08T06:55:17+00:00
G072694E39787N,upper_syr_darya,syr_darya,gte_4000,4000,,0.576622,100.0000,srtm_band_mask_rescaled_to_vector_area,30,2026-09-08T06:55:17+00:00
G072694E42123N,upper_syr_darya,syr_darya,3000_4000,3000,4000,0.048784,100.0000,srtm_band_mask_rescaled_to_vector_area,30,2026-09-08T06:55:17+00:00
G072695E40007N,upper_syr_darya,syr_darya,3000_4000,3000,4000,0.056799,28.5831,srtm_band_mask_rescaled_to_vector_area,30,2026-09-08T06:55:17+00:00
G072695E40007N,upper_syr_darya,syr_darya,gte_4000,4000,,0.141917,71.4169,srtm_band_mask_rescaled_to_vector_area,30,2026-09-08T06:55:17+00:00
G072696E39981N,upper_syr_darya,syr_darya,gte_4000,4000,,0.041526,100.0000,srtm_band_mask_rescaled_to_vector_area,30,2026-09-08T06:55:17+00:00
G072698E39985N,upper_syr_darya,syr_darya,gte_4000,4000,,0.206413,100.0000,srtm_band_mask_rescaled_to_vector_area,30,2026-09-08T06:55:17+00:00
G072698E42122N,upper_syr_darya,syr_darya,3000_4000,3000,4000,0.111046,100.0000,srtm_band_mask_rescaled_to_vector_area,30,2026-09-08T06:55:17+00:00
G072699E42249N,upper_syr_darya,syr_darya,3000_4000,3000,4000,0.211069,100.0000,srtm_band_mask_rescaled_to_vector_area,30,2026-09-08T06:55:17+00:00
G072700E39810N,upper_syr_darya,syr_darya,gte_4000,4000,,0.016690,100.0000,srtm_band_mask_rescaled_to_vector_area,30,2026-09-08T06:55:17+00:00
G072700E40071N,upper_syr_darya,syr_darya,3000_4000,3000,4000,0.038054,100.0000,srtm_band_mask_rescaled_to_vector_area,30,2026-09-08T06:55:17+00:00
G072701E39959N,upper_syr_darya,syr_darya,gte_4000,4000,,0.345888,100.0000,srtm_band_mask_rescaled_to_vector_area,30,2026-09-08T06:55:17+00:00
G072701E39974N,upper_syr_darya,syr_darya,gte_4000,4000,,0.017864,100.0000,srtm_band_mask_rescaled_to_vector_area,30,2026-09-08T06:55:17+00:00
G072703E39789N,upper_syr_darya,syr_darya,gte_4000,4000,,0.099717,100.0000,srtm_band_mask_rescaled_to_vector_area,30,2026-09-08T06:55:17+00:00
G072703E39950N,upper_syr_darya,syr_darya,gte_4000,4000,,0.020424,100.0000,srtm_band_mask_rescaled_to_vector_area,30,2026-09-08T06:55:17+00:00
G072703E39999N,upper_syr_darya,syr_darya,3000_4000,3000,4000,0.087538,48.2839,srtm_band_mask_rescaled_to_vector_area,30,2026-09-08T06:55:17+00:00
G072703E39999N,upper_syr_darya,syr_darya,gte_4000,4000,,0.093760,51.7161,srtm_band_mask_rescaled_to_vector_area,30,2026-09-08T06:55:17+00:00
G072704E39990N,upper_syr_darya,syr_darya,gte_4000,4000,,0.396360,100.0000,srtm_band_mask_rescaled_to_vector_area,30,2026-09-08T06:55:17+00:00
G072704E42123N,upper_syr_darya,syr_darya,3000_4000,3000,4000,0.070043,100.0000,srtm_band_mask_rescaled_to_vector_area,30,2026-09-08T06:55:17+00:00
G072705E39790N,upper_syr_darya,syr_darya,gte_4000,4000,,0.108794,100.0000,srtm_band_mask_rescaled_to_vector_area,30,2026-09-08T06:55:17+00:00
G072706E42118N,upper_syr_darya,syr_darya,3000_4000,3000,4000,0.051049,100.0000,srtm_band_mask_rescaled_to_vector_area,30,2026-09-08T06:55:17+00:00
G072707E39793N,upper_syr_darya,syr_darya,gte_4000,4000,,0.151081,100.0000,srtm_band_mask_rescaled_to_vector_area,30,2026-09-08T06:55:17+00:00
G072709E39957N,upper_syr_darya,syr_darya,gte_4000,4000,,0.142789,100.0000,srtm_band_mask_rescaled_to_vector_area,30,2026-09-08T06:55:17+00:00
G072709E39995N,upper_syr_darya,syr_darya,gte_4000,4000,,0.352098,100.0000,srtm_band_mask_rescaled_to_vector_area,30,2026-09-08T06:55:17+00:00
G072710E42112N,upper_syr_darya,syr_darya,3000_4000,3000,4000,0.013742,100.0000,srtm_band_mask_rescaled_to_vector_area,30,2026-09-08T06:55:17+00:00
G072711E39797N,upper_syr_darya,syr_darya,gte_4000,4000,,0.986404,100.0000,srtm_band_mask_rescaled_to_vector_area,30,2026-09-08T06:55:17+00:00
G072711E42246N,upper_syr_darya,syr_darya,3000_4000,3000,4000,0.192761,100.0000,srtm_band_mask_rescaled_to_vector_area,30,2026-09-08T06:55:17+00:00
G072713E40071N,upper_syr_darya,syr_darya,3000_4000,3000,4000,0.195375,46.5287,srtm_band_mask_rescaled_to_vector_area,30,2026-09-08T06:55:17+00:00
G072713E40071N,upper_syr_darya,syr_darya,gte_4000,4000,,0.224527,53.4713,srtm_band_mask_rescaled_to_vector_area,30,2026-09-08T06:55:17+00:00
G072714E40024N,upper_syr_darya,syr_darya,3000_4000,3000,4000,0.060825,100.0000,srtm_band_mask_rescaled_to_vector_area,30,2026-09-08T06:55:17+00:00
G072715E42112N,upper_syr_darya,syr_darya,3000_4000,3000,4000,0.028435,100.0000,srtm_band_mask_rescaled_to_vector_area,30,2026-09-08T06:55:17+00:00
G072716E42128N,upper_syr_darya,syr_darya,3000_4000,3000,4000,0.037619,100.0000,srtm_band_mask_rescaled_to_vector_area,30,2026-09-08T06:55:17+00:00
G072717E40021N,upper_syr_darya,syr_darya,3000_4000,3000,4000,0.008647,11.9910,srtm_band_mask_rescaled_to_vector_area,30,2026-09-08T06:55:17+00:00
G072717E40021N,upper_syr_darya,syr_darya,gte_4000,4000,,0.063468,88.0090,srtm_band_mask_rescaled_to_vector_area,30,2026-09-08T06:55:17+00:00
G072718E39996N,upper_syr_darya,syr_darya,3000_4000,3000,4000,0.055438,13.3799,srtm_band_mask_rescaled_to_vector_area,30,2026-09-08T06:55:17+00:00
G072718E39996N,upper_syr_darya,syr_darya,gte_4000,4000,,0.358901,86.6201,srtm_band_mask_rescaled_to_vector_area,30,2026-09-08T06:55:17+00:00
G072722E40018N,upper_syr_darya,syr_darya,3000_4000,3000,4000,0.072608,68.4526,srtm_band_mask_rescaled_to_vector_area,30,2026-09-08T06:55:17+00:00
G072722E40018N,upper_syr_darya,syr_darya,gte_4000,4000,,0.033462,31.5474,srtm_band_mask_rescaled_to_vector_area,30,2026-09-08T06:55:17+00:00
G072722E40074N,upper_syr_darya,syr_darya,3000_4000,3000,4000,0.170994,66.8738,srtm_band_mask_rescaled_to_vector_area,30,2026-09-08T06:55:17+00:00
G072722E40074N,upper_syr_darya,syr_darya,gte_4000,4000,,0.084703,33.1262,srtm_band_mask_rescaled_to_vector_area,30,2026-09-08T06:55:17+00:00
G072723E39809N,upper_syr_darya,syr_darya,gte_4000,4000,,0.023170,100.0000,srtm_band_mask_rescaled_to_vector_area,30,2026-09-08T06:55:17+00:00
G072724E39799N,upper_syr_darya,syr_darya,gte_4000,4000,,1.367155,100.0000,srtm_band_mask_rescaled_to_vector_area,30,2026-09-08T06:55:17+00:00
G072724E39807N,upper_syr_darya,syr_darya,gte_4000,4000,,0.021431,100.0000,srtm_band_mask_rescaled_to_vector_area,30,2026-09-08T06:55:17+00:00
G072724E39987N,upper_syr_darya,syr_darya,3000_4000,3000,4000,0.012401,0.6405,srtm_band_mask_rescaled_to_vector_area,30,2026-09-08T06:55:17+00:00
G072724E39987N,upper_syr_darya,syr_darya,gte_4000,4000,,1.923635,99.3595,srtm_band_mask_rescaled_to_vector_area,30,2026-09-08T06:55:17+00:00
G072725E39850N,upper_syr_darya,syr_darya,gte_4000,4000,,0.035472,100.0000,srtm_band_mask_rescaled_to_vector_area,30,2026-09-08T06:55:17+00:00
G072726E42105N,upper_syr_darya,syr_darya,3000_4000,3000,4000,0.030750,100.0000,srtm_band_mask_rescaled_to_vector_area,30,2026-09-08T06:55:17+00:00
G072728E42144N,upper_syr_darya,syr_darya,3000_4000,3000,4000,0.011016,100.0000,srtm_band_mask_rescaled_to_vector_area,30,2026-09-08T06:55:17+00:00
G072729E40016N,upper_syr_darya,syr_darya,3000_4000,3000,4000,0.005284,1.9807,srtm_band_mask_rescaled_to_vector_area,30,2026-09-08T06:55:17+00:00
G072729E40016N,upper_syr_darya,syr_darya,gte_4000,4000,,0.261484,98.0193,srtm_band_mask_rescaled_to_vector_area,30,2026-09-08T06:55:17+00:00
G072729E40074N,upper_syr_darya,syr_darya,3000_4000,3000,4000,0.201741,45.8850,srtm_band_mask_rescaled_to_vector_area,30,2026-09-08T06:55:17+00:00
G072729E40074N,upper_syr_darya,syr_darya,gte_4000,4000,,0.237926,54.1150,srtm_band_mask_rescaled_to_vector_area,30,2026-09-08T06:55:17+00:00
G072730E39833N,upper_syr_darya,syr_darya,gte_4000,4000,,0.379892,100.0000,srtm_band_mask_rescaled_to_vector_area,30,2026-09-08T06:55:17+00:00
G072730E40012N,upper_syr_darya,syr_darya,gte_4000,4000,,0.114521,100.0000,srtm_band_mask_rescaled_to_vector_area,30,2026-09-08T06:55:17+00:00
G072731E39804N,upper_syr_darya,syr_darya,gte_4000,4000,,0.017502,100.0000,srtm_band_mask_rescaled_to_vector_area,30,2026-09-08T06:55:17+00:00
G072731E39826N,upper_syr_darya,syr_darya,gte_4000,4000,,0.033048,100.0000,srtm_band_mask_rescaled_to_vector_area,30,2026-09-08T06:55:17+00:00
G072731E39840N,upper_syr_darya,syr_darya,gte_4000,4000,,0.072568,100.0000,srtm_band_mask_rescaled_to_vector_area,30,2026-09-08T06:55:17+00:00
G072731E42144N,upper_syr_darya,syr_darya,3000_4000,3000,4000,0.022188,100.0000,srtm_band_mask_rescaled_to_vector_area,30,2026-09-08T06:55:17+00:00
G072732E39854N,upper_syr_darya,syr_darya,gte_4000,4000,,0.133204,100.0000,srtm_band_mask_rescaled_to_vector_area,30,2026-09-08T06:55:17+00:00
G072734E40026N,upper_syr_darya,syr_darya,3000_4000,3000,4000,0.000980,0.8537,srtm_band_mask_rescaled_to_vector_area,30,2026-09-08T06:55:17+00:00
G072734E40026N,upper_syr_darya,syr_darya,gte_4000,4000,,0.113875,99.1463,srtm_band_mask_rescaled_to_vector_area,30,2026-09-08T06:55:17+00:00
G072734E40080N,upper_syr_darya,syr_darya,3000_4000,3000,4000,0.116112,41.9572,srtm_band_mask_rescaled_to_vector_area,30,2026-09-08T06:55:17+00:00
G072734E40080N,upper_syr_darya,syr_darya,gte_4000,4000,,0.160627,58.0428,srtm_band_mask_rescaled_to_vector_area,30,2026-09-08T06:55:17+00:00
G072735E39845N,upper_syr_darya,syr_darya,gte_4000,4000,,0.153529,100.0000,srtm_band_mask_rescaled_to_vector_area,30,2026-09-08T06:55:17+00:00
G072736E39840N,upper_syr_darya,syr_darya,gte_4000,4000,,0.037863,100.0000,srtm_band_mask_rescaled_to_vector_area,30,2026-09-08T06:55:17+00:00
G072736E39855N,upper_syr_darya,syr_darya,gte_4000,4000,,0.104547,100.0000,srtm_band_mask_rescaled_to_vector_area,30,2026-09-08T06:55:17+00:00
G072737E39992N,upper_syr_darya,syr_darya,gte_4000,4000,,0.083104,100.0000,srtm_band_mask_rescaled_to_vector_area,30,2026-09-08T06:55:17+00:00
G072738E40083N,upper_syr_darya,syr_darya,3000_4000,3000,4000,0.027919,58.8791,srtm_band_mask_rescaled_to_vector_area,30,2026-09-08T06:55:17+00:00
G072738E40083N,upper_syr_darya,syr_darya,gte_4000,4000,,0.019499,41.1209,srtm_band_mask_rescaled_to_vector_area,30,2026-09-08T06:55:17+00:00
G072739E39835N,upper_syr_darya,syr_darya,gte_4000,4000,,0.597598,100.0000,srtm_band_mask_rescaled_to_vector_area,30,2026-09-08T06:55:17+00:00
G072740E39803N,upper_syr_darya,syr_darya,gte_4000,4000,,1.143599,100.0000,srtm_band_mask_rescaled_to_vector_area,30,2026-09-08T06:55:17+00:00
G072741E40022N,upper_syr_darya,syr_darya,3000_4000,3000,4000,0.000907,0.7463,srtm_band_mask_rescaled_to_vector_area,30,2026-09-08T06:55:17+00:00
G072741E40022N,upper_syr_darya,syr_darya,gte_4000,4000,,0.120661,99.2537,srtm_band_mask_rescaled_to_vector_area,30,2026-09-08T06:55:17+00:00
G072741E42147N,upper_syr_darya,syr_darya,3000_4000,3000,4000,0.011520,100.0000,srtm_band_mask_rescaled_to_vector_area,30,2026-09-08T06:55:17+00:00
G072742E39994N,upper_syr_darya,syr_darya,3000_4000,3000,4000,0.020778,37.5456,srtm_band_mask_rescaled_to_vector_area,30,2026-09-08T06:55:17+00:00
G072742E39994N,upper_syr_darya,syr_darya,gte_4000,4000,,0.034563,62.4544,srtm_band_mask_rescaled_to_vector_area,30,2026-09-08T06:55:17+00:00
G072742E40085N,upper_syr_darya,syr_darya,3000_4000,3000,4000,0.191621,86.1546,srtm_band_mask_rescaled_to_vector_area,30,2026-09-08T06:55:17+00:00
G072742E40085N,upper_syr_darya,syr_darya,gte_4000,4000,,0.030794,13.8454,srtm_band_mask_rescaled_to_vector_area,30,2026-09-08T06:55:17+00:00
G072745E40022N,upper_syr_darya,syr_darya,gte_4000,4000,,0.021042,100.0000,srtm_band_mask_rescaled_to_vector_area,30,2026-09-08T06:55:17+00:00
G072745E42112N,upper_syr_darya,syr_darya,3000_4000,3000,4000,0.012777,100.0000,srtm_band_mask_rescaled_to_vector_area,30,2026-09-08T06:55:17+00:00
G072746E40024N,upper_syr_darya,syr_darya,3000_4000,3000,4000,0.056563,68.5155,srtm_band_mask_rescaled_to_vector_area,30,2026-09-08T06:55:17+00:00
G072746E40024N,upper_syr_darya,syr_darya,gte_4000,4000,,0.025992,31.4845,srtm_band_mask_rescaled_to_vector_area,30,2026-09-08T06:55:17+00:00
G072747E40017N,upper_syr_darya,syr_darya,gte_4000,4000,,0.042527,100.0000,srtm_band_mask_rescaled_to_vector_area,30,2026-09-08T06:55:17+00:00
G072748E39821N,upper_syr_darya,syr_darya,gte_4000,4000,,1.219681,100.0000,srtm_band_mask_rescaled_to_vector_area,30,2026-09-08T06:55:17+00:00
G072749E42237N,upper_syr_darya,syr_darya,3000_4000,3000,4000,0.010837,100.0000,srtm_band_mask_rescaled_to_vector_area,30,2026-09-08T06:55:17+00:00
G072752E40079N,upper_syr_darya,syr_darya,3000_4000,3000,4000,0.144145,18.3904,srtm_band_mask_rescaled_to_vector_area,30,2026-09-08T06:55:17+00:00
G072752E40079N,upper_syr_darya,syr_darya,gte_4000,4000,,0.639660,81.6096,srtm_band_mask_rescaled_to_vector_area,30,2026-09-08T06:55:17+00:00
G072753E40097N,upper_syr_darya,syr_darya,gte_4000,4000,,0.071871,100.0000,srtm_band_mask_rescaled_to_vector_area,30,2026-09-08T06:55:17+00:00
G072762E39816N,upper_syr_darya,syr_darya,gte_4000,4000,,1.418339,100.0000,srtm_band_mask_rescaled_to_vector_area,30,2026-09-08T06:55:17+00:00
G072763E39807N,upper_syr_darya,syr_darya,gte_4000,4000,,1.132956,100.0000,srtm_band_mask_rescaled_to_vector_area,30,2026-09-08T06:55:17+00:00
G072766E39832N,upper_syr_darya,syr_darya,gte_4000,4000,,0.030860,100.0000,srtm_band_mask_rescaled_to_vector_area,30,2026-09-08T06:55:17+00:00
G072766E40086N,upper_syr_darya,syr_darya,3000_4000,3000,4000,0.059087,96.1558,srtm_band_mask_rescaled_to_vector_area,30,2026-09-08T06:55:17+00:00
G072766E40086N,upper_syr_darya,syr_darya,gte_4000,4000,,0.002362,3.8442,srtm_band_mask_rescaled_to_vector_area,30,2026-09-08T06:55:17+00:00
G072768E39836N,upper_syr_darya,syr_darya,gte_4000,4000,,0.064452,100.0000,srtm_band_mask_rescaled_to_vector_area,30,2026-09-08T06:55:17+00:00
G072768E39839N,upper_syr_darya,syr_darya,gte_4000,4000,,0.063379,100.0000,srtm_band_mask_rescaled_to_vector_area,30,2026-09-08T06:55:17+00:00
G072768E40083N,upper_syr_darya,syr_darya,3000_4000,3000,4000,0.000003,0.0014,srtm_band_mask_rescaled_to_vector_area,30,2026-09-08T06:55:17+00:00
G072768E40083N,upper_syr_darya,syr_darya,gte_4000,4000,,0.194667,99.9986,srtm_band_mask_rescaled_to_vector_area,30,2026-09-08T06:55:17+00:00
G072769E39843N,upper_syr_darya,syr_darya,gte_4000,4000,,0.304790,100.0000,srtm_band_mask_rescaled_to_vector_area,30,2026-09-08T06:55:17+00:00
G072770E40088N,upper_syr_darya,syr_darya,3000_4000,3000,4000,0.070033,100.0000,srtm_band_mask_rescaled_to_vector_area,30,2026-09-08T06:55:17+00:00
G072771E39861N,upper_syr_darya,syr_darya,gte_4000,4000,,0.031994,100.0000,srtm_band_mask_rescaled_to_vector_area,30,2026-09-08T06:55:17+00:00
G072771E39863N,upper_syr_darya,syr_darya,gte_4000,4000,,0.013341,100.0000,srtm_band_mask_rescaled_to_vector_area,30,2026-09-08T06:55:17+00:00
G072772E39866N,upper_syr_darya,syr_darya,gte_4000,4000,,0.090515,100.0000,srtm_band_mask_rescaled_to_vector_area,30,2026-09-08T06:55:17+00:00
G072774E39845N,upper_syr_darya,syr_darya,gte_4000,4000,,0.114154,100.0000,srtm_band_mask_rescaled_to_vector_area,30,2026-09-08T06:55:17+00:00
G072777E39844N,upper_syr_darya,syr_darya,gte_4000,4000,,0.391821,100.0000,srtm_band_mask_rescaled_to_vector_area,30,2026-09-08T06:55:17+00:00
G072778E39829N,upper_syr_darya,syr_darya,gte_4000,4000,,0.517170,100.0000,srtm_band_mask_rescaled_to_vector_area,30,2026-09-08T06:55:17+00:00
G072779E39871N,upper_syr_darya,syr_darya,gte_4000,4000,,0.145873,100.0000,srtm_band_mask_rescaled_to_vector_area,30,2026-09-08T06:55:17+00:00
G072782E40085N,upper_syr_darya,syr_darya,3000_4000,3000,4000,0.158863,99.9762,srtm_band_mask_rescaled_to_vector_area,30,2026-09-08T06:55:17+00:00
G072782E40085N,upper_syr_darya,syr_darya,gte_4000,4000,,0.000038,0.0238,srtm_band_mask_rescaled_to_vector_area,30,2026-09-08T06:55:17+00:00
G072786E39853N,upper_syr_darya,syr_darya,gte_4000,4000,,0.122158,100.0000,srtm_band_mask_rescaled_to_vector_area,30,2026-09-08T06:55:17+00:00
G072803E40082N,upper_syr_darya,syr_darya,3000_4000,3000,4000,0.033312,100.0000,srtm_band_mask_rescaled_to_vector_area,30,2026-09-08T06:55:17+00:00
G072806E42221N,upper_syr_darya,syr_darya,3000_4000,3000,4000,0.061332,100.0000,srtm_band_mask_rescaled_to_vector_area,30,2026-09-08T06:55:17+00:00
G072808E39835N,upper_syr_darya,syr_darya,gte_4000,4000,,0.160462,100.0000,srtm_band_mask_rescaled_to_vector_area,30,2026-09-08T06:55:17+00:00
G072808E40084N,upper_syr_darya,syr_darya,3000_4000,3000,4000,0.053454,100.0000,srtm_band_mask_rescaled_to_vector_area,30,2026-09-08T06:55:17+00:00
G072810E42221N,upper_syr_darya,syr_darya,3000_4000,3000,4000,0.069192,100.0000,srtm_band_mask_rescaled_to_vector_area,30,2026-09-08T06:55:17+00:00
G072813E39852N,upper_syr_darya,syr_darya,gte_4000,4000,,0.055300,100.0000,srtm_band_mask_rescaled_to_vector_area,30,2026-09-08T06:55:17+00:00
G072813E41511N,upper_syr_darya,syr_darya,3000_4000,3000,4000,0.015919,100.0000,srtm_band_mask_rescaled_to_vector_area,30,2026-09-08T06:55:17+00:00
G072814E42221N,upper_syr_darya,syr_darya,3000_4000,3000,4000,0.032589,100.0000,srtm_band_mask_rescaled_to_vector_area,30,2026-09-08T06:55:17+00:00
G072815E39837N,upper_syr_darya,syr_darya,gte_4000,4000,,0.399519,100.0000,srtm_band_mask_rescaled_to_vector_area,30,2026-09-08T06:55:17+00:00
G072815E39853N,upper_syr_darya,syr_darya,gte_4000,4000,,0.295645,100.0000,srtm_band_mask_rescaled_to_vector_area,30,2026-09-08T06:55:17+00:00
G072817E42220N,upper_syr_darya,syr_darya,3000_4000,3000,4000,0.046570,100.0000,srtm_band_mask_rescaled_to_vector_area,30,2026-09-08T06:55:17+00:00
G072820E40086N,upper_syr_darya,syr_darya,3000_4000,3000,4000,0.030039,96.1455,srtm_band_mask_rescaled_to_vector_area,30,2026-09-08T06:55:17+00:00
G072820E40086N,upper_syr_darya,syr_darya,gte_4000,4000,,0.001204,3.8545,srtm_band_mask_rescaled_to_vector_area,30,2026-09-08T06:55:17+00:00
G072821E39867N,upper_syr_darya,syr_darya,gte_4000,4000,,0.200379,100.0000,srtm_band_mask_rescaled_to_vector_area,30,2026-09-08T06:55:17+00:00
G072822E39844N,upper_syr_darya,syr_darya,gte_4000,4000,,0.451322,100.0000,srtm_band_mask_rescaled_to_vector_area,30,2026-09-08T06:55:17+00:00
G072822E39853N,upper_syr_darya,syr_darya,gte_4000,4000,,0.064958,100.0000,srtm_band_mask_rescaled_to_vector_area,30,2026-09-08T06:55:17+00:00
G072825E39856N,upper_syr_darya,syr_darya,gte_4000,4000,,0.624901,100.0000,srtm_band_mask_rescaled_to_vector_area,30,2026-09-08T06:55:17+00:00
G072829E39871N,upper_syr_darya,syr_darya,gte_4000,4000,,0.210493,100.0000,srtm_band_mask_rescaled_to_vector_area,30,2026-09-08T06:55:17+00:00
G072829E39877N,upper_syr_darya,syr_darya,gte_4000,4000,,0.237233,100.0000,srtm_band_mask_rescaled_to_vector_area,30,2026-09-08T06:55:17+00:00
G072829E39888N,upper_syr_darya,syr_darya,gte_4000,4000,,0.067464,100.0000,srtm_band_mask_rescaled_to_vector_area,30,2026-09-08T06:55:17+00:00
G072830E41470N,upper_syr_darya,syr_darya,3000_4000,3000,4000,0.058226,100.0000,srtm_band_mask_rescaled_to_vector_area,30,2026-09-08T06:55:17+00:00
G072831E39859N,upper_syr_darya,syr_darya,gte_4000,4000,,0.090029,100.0000,srtm_band_mask_rescaled_to_vector_area,30,2026-09-08T06:55:17+00:00
G072831E39882N,upper_syr_darya,syr_darya,gte_4000,4000,,0.017448,100.0000,srtm_band_mask_rescaled_to_vector_area,30,2026-09-08T06:55:17+00:00
G072831E39885N,upper_syr_darya,syr_darya,gte_4000,4000,,0.035665,100.0000,srtm_band_mask_rescaled_to_vector_area,30,2026-09-08T06:55:17+00:00
G072831E39894N,upper_syr_darya,syr_darya,gte_4000,4000,,0.098800,100.0000,srtm_band_mask_rescaled_to_vector_area,30,2026-09-08T06:55:17+00:00
G072831E41509N,upper_syr_darya,syr_darya,3000_4000,3000,4000,0.066259,100.0000,srtm_band_mask_rescaled_to_vector_area,30,2026-09-08T06:55:17+00:00
G072834E39902N,upper_syr_darya,syr_darya,gte_4000,4000,,0.038460,100.0000,srtm_band_mask_rescaled_to_vector_area,30,2026-09-08T06:55:17+00:00
G072835E39899N,upper_syr_darya,syr_darya,gte_4000,4000,,0.015370,100.0000,srtm_band_mask_rescaled_to_vector_area,30,2026-09-08T06:55:17+00:00
G072836E39852N,upper_syr_darya,syr_darya,gte_4000,4000,,0.107166,100.0000,srtm_band_mask_rescaled_to_vector_area,30,2026-09-08T06:55:17+00:00
G072837E41388N,upper_syr_darya,syr_darya,3000_4000,3000,4000,0.144647,100.0000,srtm_band_mask_rescaled_to_vector_area,30,2026-09-08T06:55:17+00:00
G072839E39862N,upper_syr_darya,syr_darya,3000_4000,3000,4000,0.000655,0.0171,srtm_band_mask_rescaled_to_vector_area,30,2026-09-08T06:55:17+00:00
G072839E39862N,upper_syr_darya,syr_darya,gte_4000,4000,,3.831782,99.9829,srtm_band_mask_rescaled_to_vector_area,30,2026-09-08T06:55:17+00:00
G072841E41469N,upper_syr_darya,syr_darya,3000_4000,3000,4000,0.086588,100.0000,srtm_band_mask_rescaled_to_vector_area,30,2026-09-08T06:55:17+00:00
G072841E41505N,upper_syr_darya,syr_darya,3000_4000,3000,4000,0.015652,100.0000,srtm_band_mask_rescaled_to_vector_area,30,2026-09-08T06:55:17+00:00
G072843E39841N,upper_syr_darya,syr_darya,gte_4000,4000,,0.270314,100.0000,srtm_band_mask_rescaled_to_vector_area,30,2026-09-08T06:55:17+00:00
G072843E41380N,upper_syr_darya,syr_darya,3000_4000,3000,4000,0.070845,100.0000,srtm_band_mask_rescaled_to_vector_area,30,2026-09-08T06:55:17+00:00
G072847E39858N,upper_syr_darya,syr_darya,3000_4000,3000,4000,0.000655,0.0182,srtm_band_mask_rescaled_to_vector_area,30,2026-09-08T06:55:17+00:00
G072847E39858N,upper_syr_darya,syr_darya,gte_4000,4000,,3.603729,99.9818,srtm_band_mask_rescaled_to_vector_area,30,2026-09-08T06:55:17+00:00
G072847E41385N,upper_syr_darya,syr_darya,3000_4000,3000,4000,0.089435,100.0000,srtm_band_mask_rescaled_to_vector_area,30,2026-09-08T06:55:17+00:00
G072847E41505N,upper_syr_darya,syr_darya,3000_4000,3000,4000,0.069788,100.0000,srtm_band_mask_rescaled_to_vector_area,30,2026-09-08T06:55:17+00:00
G072852E39840N,upper_syr_darya,syr_darya,gte_4000,4000,,0.474398,100.0000,srtm_band_mask_rescaled_to_vector_area,30,2026-09-08T06:55:17+00:00
G072855E41397N,upper_syr_darya,syr_darya,3000_4000,3000,4000,0.082424,100.0000,srtm_band_mask_rescaled_to_vector_area,30,2026-09-08T06:55:17+00:00
G072855E41472N,upper_syr_darya,syr_darya,3000_4000,3000,4000,0.374711,100.0000,srtm_band_mask_rescaled_to_vector_area,30,2026-09-08T06:55:17+00:00
G072859E39881N,upper_syr_darya,syr_darya,gte_4000,4000,,0.070863,100.0000,srtm_band_mask_rescaled_to_vector_area,30,2026-09-08T06:55:17+00:00
G072862E41472N,upper_syr_darya,syr_darya,3000_4000,3000,4000,0.138375,100.0000,srtm_band_mask_rescaled_to_vector_area,30,2026-09-08T06:55:17+00:00
G072864E39860N,upper_syr_darya,syr_darya,gte_4000,4000,,0.167471,100.0000,srtm_band_mask_rescaled_to_vector_area,30,2026-09-08T06:55:17+00:00
G072864E41399N,upper_syr_darya,syr_darya,3000_4000,3000,4000,0.292099,100.0000,srtm_band_mask_rescaled_to_vector_area,30,2026-09-08T06:55:17+00:00
G072868E39870N,upper_syr_darya,syr_darya,gte_4000,4000,,1.265630,100.0000,srtm_band_mask_rescaled_to_vector_area,30,2026-09-08T06:55:17+00:00
G072869E39884N,upper_syr_darya,syr_darya,3000_4000,3000,4000,0.012461,1.0738,srtm_band_mask_rescaled_to_vector_area,30,2026-09-08T06:55:17+00:00
G072869E39884N,upper_syr_darya,syr_darya,gte_4000,4000,,1.147974,98.9262,srtm_band_mask_rescaled_to_vector_area,30,2026-09-08T06:55:17+00:00
G072869E41474N,upper_syr_darya,syr_darya,3000_4000,3000,4000,0.021021,100.0000,srtm_band_mask_rescaled_to_vector_area,30,2026-09-08T06:55:17+00:00
G072873E39896N,upper_syr_darya,syr_darya,gte_4000,4000,,0.335387,100.0000,srtm_band_mask_rescaled_to_vector_area,30,2026-09-08T06:55:17+00:00
G072874E41497N,upper_syr_darya,syr_darya,3000_4000,3000,4000,0.049511,100.0000,srtm_band_mask_rescaled_to_vector_area,30,2026-09-08T06:55:17+00:00
G072876E41399N,upper_syr_darya,syr_darya,3000_4000,3000,4000,0.040451,100.0000,srtm_band_mask_rescaled_to_vector_area,30,2026-09-08T06:55:17+00:00
G072878E42099N,upper_syr_darya,syr_darya,3000_4000,3000,4000,0.033430,100.0000,srtm_band_mask_rescaled_to_vector_area,30,2026-09-08T06:55:17+00:00
G072880E39878N,upper_syr_darya,syr_darya,gte_4000,4000,,0.087616,100.0000,srtm_band_mask_rescaled_to_vector_area,30,2026-09-08T06:55:17+00:00
G072882E42203N,upper_syr_darya,syr_darya,3000_4000,3000,4000,0.011957,100.0000,srtm_band_mask_rescaled_to_vector_area,30,2026-09-08T06:55:17+00:00
G072884E39873N,upper_syr_darya,syr_darya,gte_4000,4000,,0.525760,100.0000,srtm_band_mask_rescaled_to_vector_area,30,2026-09-08T06:55:17+00:00
G072885E39822N,upper_syr_darya,syr_darya,gte_4000,4000,,1.925144,100.0000,srtm_band_mask_rescaled_to_vector_area,30,2026-09-08T06:55:17+00:00
G072885E39886N,upper_syr_darya,syr_darya,gte_4000,4000,,0.040536,100.0000,srtm_band_mask_rescaled_to_vector_area,30,2026-09-08T06:55:17+00:00
G072885E39893N,upper_syr_darya,syr_darya,3000_4000,3000,4000,0.029160,12.9355,srtm_band_mask_rescaled_to_vector_area,30,2026-09-08T06:55:17+00:00
G072885E39893N,upper_syr_darya,syr_darya,gte_4000,4000,,0.196266,87.0645,srtm_band_mask_rescaled_to_vector_area,30,2026-09-08T06:55:17+00:00
G072885E42100N,upper_syr_darya,syr_darya,3000_4000,3000,4000,0.197200,100.0000,srtm_band_mask_rescaled_to_vector_area,30,2026-09-08T06:55:17+00:00
G072885E42235N,upper_syr_darya,syr_darya,3000_4000,3000,4000,0.021710,100.0000,srtm_band_mask_rescaled_to_vector_area,30,2026-09-08T06:55:17+00:00
G072886E41410N,upper_syr_darya,syr_darya,3000_4000,3000,4000,0.024331,100.0000,srtm_band_mask_rescaled_to_vector_area,30,2026-09-08T06:55:17+00:00
G072888E39859N,upper_syr_darya,syr_darya,gte_4000,4000,,0.698546,100.0000,srtm_band_mask_rescaled_to_vector_area,30,2026-09-08T06:55:17+00:00
G072888E39887N,upper_syr_darya,syr_darya,gte_4000,4000,,0.018411,100.0000,srtm_band_mask_rescaled_to_vector_area,30,2026-09-08T06:55:17+00:00
G072888E42202N,upper_syr_darya,syr_darya,3000_4000,3000,4000,0.027118,100.0000,srtm_band_mask_rescaled_to_vector_area,30,2026-09-08T06:55:17+00:00
G072890E39869N,upper_syr_darya,syr_darya,gte_4000,4000,,0.161494,100.0000,srtm_band_mask_rescaled_to_vector_area,30,2026-09-08T06:55:17+00:00
G072890E41498N,upper_syr_darya,syr_darya,3000_4000,3000,4000,0.118795,100.0000,srtm_band_mask_rescaled_to_vector_area,30,2026-09-08T06:55:17+00:00
G072891E39874N,upper_syr_darya,syr_darya,gte_4000,4000,,0.121146,100.0000,srtm_band_mask_rescaled_to_vector_area,30,2026-09-08T06:55:17+00:00
G072891E41411N,upper_syr_darya,syr_darya,3000_4000,3000,4000,0.199692,100.0000,srtm_band_mask_rescaled_to_vector_area,30,2026-09-08T06:55:17+00:00
G072894E39814N,upper_syr_darya,syr_darya,gte_4000,4000,,0.093714,100.0000,srtm_band_mask_rescaled_to_vector_area,30,2026-09-08T06:55:17+00:00
G072894E41427N,upper_syr_darya,syr_darya,3000_4000,3000,4000,0.056789,73.5976,srtm_band_mask_rescaled_to_vector_area,30,2026-09-08T06:55:17+00:00
G072894E41427N,upper_syr_darya,syr_darya,gte_4000,4000,,0.020373,26.4024,srtm_band_mask_rescaled_to_vector_area,30,2026-09-08T06:55:17+00:00
G072895E39820N,upper_syr_darya,syr_darya,gte_4000,4000,,0.098528,100.0000,srtm_band_mask_rescaled_to_vector_area,30,2026-09-08T06:55:17+00:00
G072895E41411N,upper_syr_darya,syr_darya,3000_4000,3000,4000,0.179332,100.0000,srtm_band_mask_rescaled_to_vector_area,30,2026-09-08T06:55:17+00:00
G072895E41433N,upper_syr_darya,syr_darya,3000_4000,3000,4000,0.037409,100.0000,srtm_band_mask_rescaled_to_vector_area,30,2026-09-08T06:55:17+00:00
G072895E42102N,upper_syr_darya,syr_darya,3000_4000,3000,4000,0.072624,100.0000,srtm_band_mask_rescaled_to_vector_area,30,2026-09-08T06:55:17+00:00
G072897E39855N,upper_syr_darya,syr_darya,3000_4000,3000,4000,0.009615,1.8247,srtm_band_mask_rescaled_to_vector_area,30,2026-09-08T06:55:17+00:00
G072897E39855N,upper_syr_darya,syr_darya,gte_4000,4000,,0.517331,98.1753,srtm_band_mask_rescaled_to_vector_area,30,2026-09-08T06:55:17+00:00
G072897E39870N,upper_syr_darya,syr_darya,3000_4000,3000,4000,0.000005,0.0041,srtm_band_mask_rescaled_to_vector_area,30,2026-09-08T06:55:17+00:00
G072897E39870N,upper_syr_darya,syr_darya,gte_4000,4000,,0.131240,99.9959,srtm_band_mask_rescaled_to_vector_area,30,2026-09-08T06:55:17+00:00
G072897E41412N,upper_syr_darya,syr_darya,3000_4000,3000,4000,0.702800,100.0000,srtm_band_mask_rescaled_to_vector_area,30,2026-09-08T06:55:17+00:00
G072898E39828N,upper_syr_darya,syr_darya,gte_4000,4000,,0.024093,100.0000,srtm_band_mask_rescaled_to_vector_area,30,2026-09-08T06:55:17+00:00
G072899E41411N,upper_syr_darya,syr_darya,3000_4000,3000,4000,0.155249,100.0000,srtm_band_mask_rescaled_to_vector_area,30,2026-09-08T06:55:17+00:00
G072901E39840N,upper_syr_darya,syr_darya,gte_4000,4000,,0.116026,100.0000,srtm_band_mask_rescaled_to_vector_area,30,2026-09-08T06:55:17+00:00
G072901E42103N,upper_syr_darya,syr_darya,3000_4000,3000,4000,0.052289,100.0000,srtm_band_mask_rescaled_to_vector_area,30,2026-09-08T06:55:17+00:00
G072903E39815N,upper_syr_darya,syr_darya,gte_4000,4000,,0.616030,100.0000,srtm_band_mask_rescaled_to_vector_area,30,2026-09-08T06:55:17+00:00
G072903E41411N,upper_syr_darya,syr_darya,3000_4000,3000,4000,0.131832,88.7929,srtm_band_mask_rescaled_to_vector_area,30,2026-09-08T06:55:17+00:00
G072903E41411N,upper_syr_darya,syr_darya,gte_4000,4000,,0.016639,11.2071,srtm_band_mask_rescaled_to_vector_area,30,2026-09-08T06:55:17+00:00
G072904E39830N,upper_syr_darya,syr_darya,gte_4000,4000,,0.283826,100.0000,srtm_band_mask_rescaled_to_vector_area,30,2026-09-08T06:55:17+00:00
G072904E41428N,upper_syr_darya,syr_darya,3000_4000,3000,4000,0.140282,100.0000,srtm_band_mask_rescaled_to_vector_area,30,2026-09-08T06:55:17+00:00
G072904E41501N,upper_syr_darya,syr_darya,3000_4000,3000,4000,0.038921,100.0000,srtm_band_mask_rescaled_to_vector_area,30,2026-09-08T06:55:17+00:00
G072904E41504N,upper_syr_darya,syr_darya,3000_4000,3000,4000,0.018567,100.0000,srtm_band_mask_rescaled_to_vector_area,30,2026-09-08T06:55:17+00:00
G072907E41413N,upper_syr_darya,syr_darya,3000_4000,3000,4000,0.068646,57.2456,srtm_band_mask_rescaled_to_vector_area,30,2026-09-08T06:55:17+00:00
G072907E41413N,upper_syr_darya,syr_darya,gte_4000,4000,,0.051269,42.7544,srtm_band_mask_rescaled_to_vector_area,30,2026-09-08T06:55:17+00:00
G072909E42103N,upper_syr_darya,syr_darya,3000_4000,3000,4000,0.242933,100.0000,srtm_band_mask_rescaled_to_vector_area,30,2026-09-08T06:55:17+00:00
G072910E41415N,upper_syr_darya,syr_darya,gte_4000,4000,,0.085602,100.0000,srtm_band_mask_rescaled_to_vector_area,30,2026-09-08T06:55:17+00:00
G072911E39843N,upper_syr_darya,syr_darya,gte_4000,4000,,1.426330,100.0000,srtm_band_mask_rescaled_to_vector_area,30,2026-09-08T06:55:17+00:00
G072911E41424N,upper_syr_darya,syr_darya,3000_4000,3000,4000,0.197890,100.0000,srtm_band_mask_rescaled_to_vector_area,30,2026-09-08T06:55:17+00:00
G072913E42222N,upper_syr_darya,syr_darya,3000_4000,3000,4000,0.025920,100.0000,srtm_band_mask_rescaled_to_vector_area,30,2026-09-08T06:55:17+00:00
G072916E41502N,upper_syr_darya,syr_darya,3000_4000,3000,4000,0.179770,100.0000,srtm_band_mask_rescaled_to_vector_area,30,2026-09-08T06:55:17+00:00
G072917E41406N,upper_syr_darya,syr_darya,3000_4000,3000,4000,0.035242,100.0000,srtm_band_mask_rescaled_to_vector_area,30,2026-09-08T06:55:17+00:00
G072917E41446N,upper_syr_darya,syr_darya,3000_4000,3000,4000,0.014509,100.0000,srtm_band_mask_rescaled_to_vector_area,30,2026-09-08T06:55:17+00:00
G072919E39836N,upper_syr_darya,syr_darya,gte_4000,4000,,0.029227,100.0000,srtm_band_mask_rescaled_to_vector_area,30,2026-09-08T06:55:17+00:00
G072920E41432N,upper_syr_darya,syr_darya,3000_4000,3000,4000,0.036097,100.0000,srtm_band_mask_rescaled_to_vector_area,30,2026-09-08T06:55:17+00:00
G072920E41444N,upper_syr_darya,syr_darya,3000_4000,3000,4000,0.025077,100.0000,srtm_band_mask_rescaled_to_vector_area,30,2026-09-08T06:55:17+00:00
G072920E42222N,upper_syr_darya,syr_darya,3000_4000,3000,4000,0.102928,100.0000,srtm_band_mask_rescaled_to_vector_area,30,2026-09-08T06:55:17+00:00
G072921E41471N,upper_syr_darya,syr_darya,3000_4000,3000,4000,0.026332,100.0000,srtm_band_mask_rescaled_to_vector_area,30,2026-09-08T06:55:17+00:00
G072922E41447N,upper_syr_darya,syr_darya,3000_4000,3000,4000,0.010821,100.0000,srtm_band_mask_rescaled_to_vector_area,30,2026-09-08T06:55:17+00:00
G072924E41501N,upper_syr_darya,syr_darya,3000_4000,3000,4000,0.086009,100.0000,srtm_band_mask_rescaled_to_vector_area,30,2026-09-08T06:55:17+00:00
G072924E42108N,upper_syr_darya,syr_darya,3000_4000,3000,4000,0.308463,100.0000,srtm_band_mask_rescaled_to_vector_area,30,2026-09-08T06:55:17+00:00
G072925E42222N,upper_syr_darya,syr_darya,3000_4000,3000,4000,0.226082,100.0000,srtm_band_mask_rescaled_to_vector_area,30,2026-09-08T06:55:17+00:00
G072926E39809N,upper_syr_darya,syr_darya,gte_4000,4000,,0.105027,100.0000,srtm_band_mask_rescaled_to_vector_area,30,2026-09-08T06:55:17+00:00
G072926E41409N,upper_syr_darya,syr_darya,3000_4000,3000,4000,0.132138,100.0000,srtm_band_mask_rescaled_to_vector_area,30,2026-09-08T06:55:17+00:00
G072926E41421N,upper_syr_darya,syr_darya,3000_4000,3000,4000,1.007836,99.0831,srtm_band_mask_rescaled_to_vector_area,30,2026-09-08T06:55:17+00:00
G072926E41421N,upper_syr_darya,syr_darya,gte_4000,4000,,0.009326,0.9169,srtm_band_mask_rescaled_to_vector_area,30,2026-09-08T06:55:17+00:00
G072926E41471N,upper_syr_darya,syr_darya,3000_4000,3000,4000,0.116018,100.0000,srtm_band_mask_rescaled_to_vector_area,30,2026-09-08T06:55:17+00:00
G072929E41448N,upper_syr_darya,syr_darya,3000_4000,3000,4000,0.048100,100.0000,srtm_band_mask_rescaled_to_vector_area,30,2026-09-08T06:55:17+00:00
G072930E42101N,upper_syr_darya,syr_darya,3000_4000,3000,4000,0.028871,100.0000,srtm_band_mask_rescaled_to_vector_area,30,2026-09-08T06:55:17+00:00
G072930E42220N,upper_syr_darya,syr_darya,3000_4000,3000,4000,0.086508,100.0000,srtm_band_mask_rescaled_to_vector_area,30,2026-09-08T06:55:17+00:00
G072931E39846N,upper_syr_darya,syr_darya,gte_4000,4000,,0.025245,100.0000,srtm_band_mask_rescaled_to_vector_area,30,2026-09-08T06:55:17+00:00
G072931E41414N,upper_syr_darya,syr_darya,gte_4000,4000,,0.019983,100.0000,srtm_band_mask_rescaled_to_vector_area,30,2026-09-08T06:55:17+00:00
G072931E41417N,upper_syr_darya,syr_darya,3000_4000,3000,4000,0.001900,10.8780,srtm_band_mask_rescaled_to_vector_area,30,2026-09-08T06:55:17+00:00
G072931E41417N,upper_syr_darya,syr_darya,gte_4000,4000,,0.015569,89.1220,srtm_band_mask_rescaled_to_vector_area,30,2026-09-08T06:55:17+00:00
G072931E41470N,upper_syr_darya,syr_darya,3000_4000,3000,4000,0.046185,100.0000,srtm_band_mask_rescaled_to_vector_area,30,2026-09-08T06:55:17+00:00
G072934E39848N,upper_syr_darya,syr_darya,3000_4000,3000,4000,0.042745,82.9536,srtm_band_mask_rescaled_to_vector_area,30,2026-09-08T06:55:17+00:00
G072934E39848N,upper_syr_darya,syr_darya,gte_4000,4000,,0.008784,17.0464,srtm_band_mask_rescaled_to_vector_area,30,2026-09-08T06:55:17+00:00
G072934E41454N,upper_syr_darya,syr_darya,3000_4000,3000,4000,0.016535,100.0000,srtm_band_mask_rescaled_to_vector_area,30,2026-09-08T06:55:17+00:00
G072934E42111N,upper_syr_darya,syr_darya,3000_4000,3000,4000,0.133496,100.0000,srtm_band_mask_rescaled_to_vector_area,30,2026-09-08T06:55:17+00:00
G072936E41501N,upper_syr_darya,syr_darya,3000_4000,3000,4000,0.098953,100.0000,srtm_band_mask_rescaled_to_vector_area,30,2026-09-08T06:55:17+00:00
G072936E42107N,upper_syr_darya,syr_darya,3000_4000,3000,4000,0.109745,100.0000,srtm_band_mask_rescaled_to_vector_area,30,2026-09-08T06:55:17+00:00
G072936E42220N,upper_syr_darya,syr_darya,3000_4000,3000,4000,0.192231,100.0000,srtm_band_mask_rescaled_to_vector_area,30,2026-09-08T06:55:17+00:00
G072936E42255N,upper_syr_darya,syr_darya,3000_4000,3000,4000,0.021189,100.0000,srtm_band_mask_rescaled_to_vector_area,30,2026-09-08T06:55:17+00:00
G072937E41467N,upper_syr_darya,syr_darya,3000_4000,3000,4000,0.339957,100.0000,srtm_band_mask_rescaled_to_vector_area,30,2026-09-08T06:55:17+00:00
G072939E42104N,upper_syr_darya,syr_darya,3000_4000,3000,4000,0.221792,100.0000,srtm_band_mask_rescaled_to_vector_area,30,2026-09-08T06:55:17+00:00
G072939E42115N,upper_syr_darya,syr_darya,3000_4000,3000,4000,0.026996,100.0000,srtm_band_mask_rescaled_to_vector_area,30,2026-09-08T06:55:17+00:00
G072940E41414N,upper_syr_darya,syr_darya,3000_4000,3000,4000,0.125406,100.0000,srtm_band_mask_rescaled_to_vector_area,30,2026-09-08T06:55:17+00:00
G072940E41421N,upper_syr_darya,syr_darya,3000_4000,3000,4000,0.237592,100.0000,srtm_band_mask_rescaled_to_vector_area,30,2026-09-08T06:55:17+00:00
G072941E39809N,upper_syr_darya,syr_darya,gte_4000,4000,,0.061167,100.0000,srtm_band_mask_rescaled_to_vector_area,30,2026-09-08T06:55:17+00:00
G072941E41457N,upper_syr_darya,syr_darya,3000_4000,3000,4000,0.184146,100.0000,srtm_band_mask_rescaled_to_vector_area,30,2026-09-08T06:55:17+00:00
G072941E42243N,upper_syr_darya,syr_darya,3000_4000,3000,4000,0.033003,100.0000,srtm_band_mask_rescaled_to_vector_area,30,2026-09-08T06:55:17+00:00
G072943E42215N,upper_syr_darya,syr_darya,3000_4000,3000,4000,0.140134,100.0000,srtm_band_mask_rescaled_to_vector_area,30,2026-09-08T06:55:17+00:00
G072944E39809N,upper_syr_darya,syr_darya,gte_4000,4000,,0.051050,100.0000,srtm_band_mask_rescaled_to_vector_area,30,2026-09-08T06:55:17+00:00
G072944E41453N,upper_syr_darya,syr_darya,3000_4000,3000,4000,0.019550,100.0000,srtm_band_mask_rescaled_to_vector_area,30,2026-09-08T06:55:17+00:00
G072944E41464N,upper_syr_darya,syr_darya,3000_4000,3000,4000,0.022885,100.0000,srtm_band_mask_rescaled_to_vector_area,30,2026-09-08T06:55:17+00:00
G072945E42103N,upper_syr_darya,syr_darya,3000_4000,3000,4000,0.031711,100.0000,srtm_band_mask_rescaled_to_vector_area,30,2026-09-08T06:55:17+00:00
G072947E42213N,upper_syr_darya,syr_darya,3000_4000,3000,4000,0.013210,100.0000,srtm_band_mask_rescaled_to_vector_area,30,2026-09-08T06:55:17+00:00
G072948E39819N,upper_syr_darya,syr_darya,gte_4000,4000,,0.055663,100.0000,srtm_band_mask_rescaled_to_vector_area,30,2026-09-08T06:55:17+00:00
G072948E41467N,upper_syr_darya,syr_darya,3000_4000,3000,4000,0.033280,100.0000,srtm_band_mask_rescaled_to_vector_area,30,2026-09-08T06:55:17+00:00
G072950E41503N,upper_syr_darya,syr_darya,3000_4000,3000,4000,0.043792,100.0000,srtm_band_mask_rescaled_to_vector_area,30,2026-09-08T06:55:17+00:00
G072954E41424N,upper_syr_darya,syr_darya,3000_4000,3000,4000,0.069535,100.0000,srtm_band_mask_rescaled_to_vector_area,30,2026-09-08T06:55:17+00:00
G072954E42106N,upper_syr_darya,syr_darya,2000_3000,2000,3000,0.027798,21.1073,srtm_band_mask_rescaled_to_vector_area,30,2026-09-08T06:55:17+00:00
G072954E42106N,upper_syr_darya,syr_darya,3000_4000,3000,4000,0.103901,78.8927,srtm_band_mask_rescaled_to_vector_area,30,2026-09-08T06:55:17+00:00
G072955E42099N,upper_syr_darya,syr_darya,3000_4000,3000,4000,0.101756,100.0000,srtm_band_mask_rescaled_to_vector_area,30,2026-09-08T06:55:17+00:00
G072957E42097N,upper_syr_darya,syr_darya,3000_4000,3000,4000,0.096153,100.0000,srtm_band_mask_rescaled_to_vector_area,30,2026-09-08T06:55:17+00:00
G072958E42127N,upper_syr_darya,syr_darya,3000_4000,3000,4000,0.115043,100.0000,srtm_band_mask_rescaled_to_vector_area,30,2026-09-08T06:55:17+00:00
G072959E41500N,upper_syr_darya,syr_darya,3000_4000,3000,4000,0.063242,100.0000,srtm_band_mask_rescaled_to_vector_area,30,2026-09-08T06:55:17+00:00
G072963E42135N,upper_syr_darya,syr_darya,3000_4000,3000,4000,0.012630,100.0000,srtm_band_mask_rescaled_to_vector_area,30,2026-09-08T06:55:17+00:00
G072964E41417N,upper_syr_darya,syr_darya,3000_4000,3000,4000,0.057803,100.0000,srtm_band_mask_rescaled_to_vector_area,30,2026-09-08T06:55:17+00:00
G072965E41498N,upper_syr_darya,syr_darya,3000_4000,3000,4000,0.035850,100.0000,srtm_band_mask_rescaled_to_vector_area,30,2026-09-08T06:55:17+00:00
G072966E42140N,upper_syr_darya,syr_darya,3000_4000,3000,4000,0.035311,100.0000,srtm_band_mask_rescaled_to_vector_area,30,2026-09-08T06:55:17+00:00
G072970E42142N,upper_syr_darya,syr_darya,3000_4000,3000,4000,0.019316,100.0000,srtm_band_mask_rescaled_to_vector_area,30,2026-09-08T06:55:17+00:00
G072976E42140N,upper_syr_darya,syr_darya,3000_4000,3000,4000,0.076310,100.0000,srtm_band_mask_rescaled_to_vector_area,30,2026-09-08T06:55:17+00:00
G072981E42137N,upper_syr_darya,syr_darya,3000_4000,3000,4000,0.014476,100.0000,srtm_band_mask_rescaled_to_vector_area,30,2026-09-08T06:55:17+00:00
G072982E39830N,upper_syr_darya,syr_darya,gte_4000,4000,,0.027597,100.0000,srtm_band_mask_rescaled_to_vector_area,30,2026-09-08T06:55:17+00:00
G072985E39832N,upper_syr_darya,syr_darya,gte_4000,4000,,0.126639,100.0000,srtm_band_mask_rescaled_to_vector_area,30,2026-09-08T06:55:17+00:00
G072989E39833N,upper_syr_darya,syr_darya,gte_4000,4000,,0.136555,100.0000,srtm_band_mask_rescaled_to_vector_area,30,2026-09-08T06:55:17+00:00
G072993E39825N,upper_syr_darya,syr_darya,gte_4000,4000,,0.055389,100.0000,srtm_band_mask_rescaled_to_vector_area,30,2026-09-08T06:55:17+00:00
G072996E42121N,upper_syr_darya,syr_darya,3000_4000,3000,4000,0.022001,100.0000,srtm_band_mask_rescaled_to_vector_area,30,2026-09-08T06:55:17+00:00
G073005E42109N,upper_syr_darya,syr_darya,3000_4000,3000,4000,0.010852,100.0000,srtm_band_mask_rescaled_to_vector_area,30,2026-09-08T06:55:17+00:00
G073005E42123N,upper_syr_darya,syr_darya,3000_4000,3000,4000,0.028405,100.0000,srtm_band_mask_rescaled_to_vector_area,30,2026-09-08T06:55:17+00:00
G073007E42104N,upper_syr_darya,syr_darya,3000_4000,3000,4000,0.022484,100.0000,srtm_band_mask_rescaled_to_vector_area,30,2026-09-08T06:55:17+00:00
G073008E42122N,upper_syr_darya,syr_darya,3000_4000,3000,4000,0.018558,100.0000,srtm_band_mask_rescaled_to_vector_area,30,2026-09-08T06:55:17+00:00
G073010E42127N,upper_syr_darya,syr_darya,3000_4000,3000,4000,0.038956,100.0000,srtm_band_mask_rescaled_to_vector_area,30,2026-09-08T06:55:17+00:00
G073013E39823N,upper_syr_darya,syr_darya,gte_4000,4000,,0.055880,100.0000,srtm_band_mask_rescaled_to_vector_area,30,2026-09-08T06:55:17+00:00
G073016E39823N,upper_syr_darya,syr_darya,gte_4000,4000,,0.068561,100.0000,srtm_band_mask_rescaled_to_vector_area,30,2026-09-08T06:55:17+00:00
G073023E39824N,upper_syr_darya,syr_darya,gte_4000,4000,,0.132425,100.0000,srtm_band_mask_rescaled_to_vector_area,30,2026-09-08T06:55:17+00:00
G073027E39830N,upper_syr_darya,syr_darya,gte_4000,4000,,0.011149,100.0000,srtm_band_mask_rescaled_to_vector_area,30,2026-09-08T06:55:17+00:00
G073031E39816N,upper_syr_darya,syr_darya,gte_4000,4000,,0.237602,100.0000,srtm_band_mask_rescaled_to_vector_area,30,2026-09-08T06:55:17+00:00
G073039E39818N,upper_syr_darya,syr_darya,gte_4000,4000,,0.031643,100.0000,srtm_band_mask_rescaled_to_vector_area,30,2026-09-08T06:55:17+00:00
G073042E39820N,upper_syr_darya,syr_darya,3000_4000,3000,4000,0.004481,7.6107,srtm_band_mask_rescaled_to_vector_area,30,2026-09-08T06:55:17+00:00
G073042E39820N,upper_syr_darya,syr_darya,gte_4000,4000,,0.054402,92.3893,srtm_band_mask_rescaled_to_vector_area,30,2026-09-08T06:55:17+00:00
G073043E42197N,upper_syr_darya,syr_darya,3000_4000,3000,4000,0.151317,100.0000,srtm_band_mask_rescaled_to_vector_area,30,2026-09-08T06:55:17+00:00
G073048E39819N,upper_syr_darya,syr_darya,gte_4000,4000,,0.056626,100.0000,srtm_band_mask_rescaled_to_vector_area,30,2026-09-08T06:55:17+00:00
G073050E39821N,upper_syr_darya,syr_darya,gte_4000,4000,,0.043541,100.0000,srtm_band_mask_rescaled_to_vector_area,30,2026-09-08T06:55:17+00:00
G073050E42196N,upper_syr_darya,syr_darya,3000_4000,3000,4000,0.098279,100.0000,srtm_band_mask_rescaled_to_vector_area,30,2026-09-08T06:55:17+00:00
G073052E39824N,upper_syr_darya,syr_darya,gte_4000,4000,,0.016214,100.0000,srtm_band_mask_rescaled_to_vector_area,30,2026-09-08T06:55:17+00:00
G073053E42195N,upper_syr_darya,syr_darya,3000_4000,3000,4000,0.055270,100.0000,srtm_band_mask_rescaled_to_vector_area,30,2026-09-08T06:55:17+00:00
G073054E39826N,upper_syr_darya,syr_darya,gte_4000,4000,,0.067610,100.0000,srtm_band_mask_rescaled_to_vector_area,30,2026-09-08T06:55:17+00:00
G073057E42118N,upper_syr_darya,syr_darya,3000_4000,3000,4000,0.026441,100.0000,srtm_band_mask_rescaled_to_vector_area,30,2026-09-08T06:55:17+00:00
G073060E42188N,upper_syr_darya,syr_darya,3000_4000,3000,4000,0.037329,100.0000,srtm_band_mask_rescaled_to_vector_area,30,2026-09-08T06:55:17+00:00
G073062E39835N,upper_syr_darya,syr_darya,gte_4000,4000,,0.120245,100.0000,srtm_band_mask_rescaled_to_vector_area,30,2026-09-08T06:55:17+00:00
G073063E42193N,upper_syr_darya,syr_darya,3000_4000,3000,4000,0.024893,100.0000,srtm_band_mask_rescaled_to_vector_area,30,2026-09-08T06:55:17+00:00
G073066E42186N,upper_syr_darya,syr_darya,3000_4000,3000,4000,0.063786,100.0000,srtm_band_mask_rescaled_to_vector_area,30,2026-09-08T06:55:17+00:00
G073067E39837N,upper_syr_darya,syr_darya,gte_4000,4000,,0.166167,100.0000,srtm_band_mask_rescaled_to_vector_area,30,2026-09-08T06:55:17+00:00
G073071E42137N,upper_syr_darya,syr_darya,3000_4000,3000,4000,0.048766,100.0000,srtm_band_mask_rescaled_to_vector_area,30,2026-09-08T06:55:17+00:00
G073071E42186N,upper_syr_darya,syr_darya,3000_4000,3000,4000,0.124216,100.0000,srtm_band_mask_rescaled_to_vector_area,30,2026-09-08T06:55:17+00:00
G073075E39846N,upper_syr_darya,syr_darya,3000_4000,3000,4000,0.030445,5.6765,srtm_band_mask_rescaled_to_vector_area,30,2026-09-08T06:55:17+00:00
G073075E39846N,upper_syr_darya,syr_darya,gte_4000,4000,,0.505892,94.3235,srtm_band_mask_rescaled_to_vector_area,30,2026-09-08T06:55:17+00:00
G073075E42136N,upper_syr_darya,syr_darya,3000_4000,3000,4000,0.043281,100.0000,srtm_band_mask_rescaled_to_vector_area,30,2026-09-08T06:55:17+00:00
G073077E42183N,upper_syr_darya,syr_darya,3000_4000,3000,4000,0.032848,100.0000,srtm_band_mask_rescaled_to_vector_area,30,2026-09-08T06:55:17+00:00
G073078E42188N,upper_syr_darya,syr_darya,3000_4000,3000,4000,0.053500,100.0000,srtm_band_mask_rescaled_to_vector_area,30,2026-09-08T06:55:17+00:00
G073079E42137N,upper_syr_darya,syr_darya,3000_4000,3000,4000,0.020328,100.0000,srtm_band_mask_rescaled_to_vector_area,30,2026-09-08T06:55:17+00:00
G073079E42184N,upper_syr_darya,syr_darya,3000_4000,3000,4000,0.016700,100.0000,srtm_band_mask_rescaled_to_vector_area,30,2026-09-08T06:55:17+00:00
G073081E42186N,upper_syr_darya,syr_darya,3000_4000,3000,4000,0.025351,100.0000,srtm_band_mask_rescaled_to_vector_area,30,2026-09-08T06:55:17+00:00
G073083E42156N,upper_syr_darya,syr_darya,3000_4000,3000,4000,0.019511,100.0000,srtm_band_mask_rescaled_to_vector_area,30,2026-09-08T06:55:17+00:00
G073086E42260N,upper_syr_darya,syr_darya,3000_4000,3000,4000,0.021363,100.0000,srtm_band_mask_rescaled_to_vector_area,30,2026-09-08T06:55:17+00:00
G073088E39841N,upper_syr_darya,syr_darya,3000_4000,3000,4000,0.028816,2.2479,srtm_band_mask_rescaled_to_vector_area,30,2026-09-08T06:55:17+00:00
G073088E39841N,upper_syr_darya,syr_darya,gte_4000,4000,,1.253073,97.7521,srtm_band_mask_rescaled_to_vector_area,30,2026-09-08T06:55:17+00:00
G073088E42135N,upper_syr_darya,syr_darya,3000_4000,3000,4000,0.013540,100.0000,srtm_band_mask_rescaled_to_vector_area,30,2026-09-08T06:55:17+00:00
G073088E42183N,upper_syr_darya,syr_darya,3000_4000,3000,4000,0.086530,100.0000,srtm_band_mask_rescaled_to_vector_area,30,2026-09-08T06:55:17+00:00
G073092E42177N,upper_syr_darya,syr_darya,3000_4000,3000,4000,0.024743,100.0000,srtm_band_mask_rescaled_to_vector_area,30,2026-09-08T06:55:17+00:00
G073093E42131N,upper_syr_darya,syr_darya,3000_4000,3000,4000,0.094556,100.0000,srtm_band_mask_rescaled_to_vector_area,30,2026-09-08T06:55:17+00:00
G073096E39847N,upper_syr_darya,syr_darya,gte_4000,4000,,0.030514,100.0000,srtm_band_mask_rescaled_to_vector_area,30,2026-09-08T06:55:17+00:00
G073096E42149N,upper_syr_darya,syr_darya,3000_4000,3000,4000,0.024191,100.0000,srtm_band_mask_rescaled_to_vector_area,30,2026-09-08T06:55:17+00:00
G073097E42128N,upper_syr_darya,syr_darya,3000_4000,3000,4000,0.033621,100.0000,srtm_band_mask_rescaled_to_vector_area,30,2026-09-08T06:55:17+00:00
G073100E39850N,upper_syr_darya,syr_darya,3000_4000,3000,4000,0.003906,0.7607,srtm_band_mask_rescaled_to_vector_area,30,2026-09-08T06:55:17+00:00
G073100E39850N,upper_syr_darya,syr_darya,gte_4000,4000,,0.509507,99.2393,srtm_band_mask_rescaled_to_vector_area,30,2026-09-08T06:55:17+00:00
G073100E42173N,upper_syr_darya,syr_darya,3000_4000,3000,4000,0.020544,100.0000,srtm_band_mask_rescaled_to_vector_area,30,2026-09-08T06:55:17+00:00
G073101E42179N,upper_syr_darya,syr_darya,3000_4000,3000,4000,0.108748,100.0000,srtm_band_mask_rescaled_to_vector_area,30,2026-09-08T06:55:17+00:00
G073101E42252N,upper_syr_darya,syr_darya,3000_4000,3000,4000,0.287431,100.0000,srtm_band_mask_rescaled_to_vector_area,30,2026-09-08T06:55:17+00:00
G073105E42149N,upper_syr_darya,syr_darya,3000_4000,3000,4000,0.032875,100.0000,srtm_band_mask_rescaled_to_vector_area,30,2026-09-08T06:55:17+00:00
G073108E42133N,upper_syr_darya,syr_darya,3000_4000,3000,4000,0.507693,100.0000,srtm_band_mask_rescaled_to_vector_area,30,2026-09-08T06:55:17+00:00
G073109E39866N,upper_syr_darya,syr_darya,3000_4000,3000,4000,0.049479,12.5577,srtm_band_mask_rescaled_to_vector_area,30,2026-09-08T06:55:17+00:00
G073109E39866N,upper_syr_darya,syr_darya,gte_4000,4000,,0.344533,87.4423,srtm_band_mask_rescaled_to_vector_area,30,2026-09-08T06:55:17+00:00
G073109E42087N,upper_syr_darya,syr_darya,3000_4000,3000,4000,0.033719,100.0000,srtm_band_mask_rescaled_to_vector_area,30,2026-09-08T06:55:17+00:00
G073109E42172N,upper_syr_darya,syr_darya,3000_4000,3000,4000,0.135005,100.0000,srtm_band_mask_rescaled_to_vector_area,30,2026-09-08T06:55:17+00:00
G073109E42179N,upper_syr_darya,syr_darya,3000_4000,3000,4000,0.073904,100.0000,srtm_band_mask_rescaled_to_vector_area,30,2026-09-08T06:55:17+00:00
G073112E39856N,upper_syr_darya,syr_darya,gte_4000,4000,,0.236731,100.0000,srtm_band_mask_rescaled_to_vector_area,30,2026-09-08T06:55:17+00:00
G073116E42172N,upper_syr_darya,syr_darya,3000_4000,3000,4000,0.053716,100.0000,srtm_band_mask_rescaled_to_vector_area,30,2026-09-08T06:55:17+00:00
G073118E39857N,upper_syr_darya,syr_darya,3000_4000,3000,4000,0.010149,8.1808,srtm_band_mask_rescaled_to_vector_area,30,2026-09-08T06:55:17+00:00
G073118E39857N,upper_syr_darya,syr_darya,gte_4000,4000,,0.113906,91.8192,srtm_band_mask_rescaled_to_vector_area,30,2026-09-08T06:55:17+00:00
G073118E39868N,upper_syr_darya,syr_darya,gte_4000,4000,,0.101410,100.0000,srtm_band_mask_rescaled_to_vector_area,30,2026-09-08T06:55:17+00:00
G073118E42176N,upper_syr_darya,syr_darya,3000_4000,3000,4000,0.041762,100.0000,srtm_band_mask_rescaled_to_vector_area,30,2026-09-08T06:55:17+00:00
G073119E42134N,upper_syr_darya,syr_darya,3000_4000,3000,4000,0.249269,100.0000,srtm_band_mask_rescaled_to_vector_area,30,2026-09-08T06:55:17+00:00
G073120E42123N,upper_syr_darya,syr_darya,3000_4000,3000,4000,0.049717,100.0000,srtm_band_mask_rescaled_to_vector_area,30,2026-09-08T06:55:17+00:00
G073120E42167N,upper_syr_darya,syr_darya,3000_4000,3000,4000,0.100277,100.0000,srtm_band_mask_rescaled_to_vector_area,30,2026-09-08T06:55:17+00:00
G073121E39848N,upper_syr_darya,syr_darya,3000_4000,3000,4000,0.003377,0.6382,srtm_band_mask_rescaled_to_vector_area,30,2026-09-08T06:55:17+00:00
G073121E39848N,upper_syr_darya,syr_darya,gte_4000,4000,,0.525803,99.3618,srtm_band_mask_rescaled_to_vector_area,30,2026-09-08T06:55:17+00:00
G073125E42164N,upper_syr_darya,syr_darya,3000_4000,3000,4000,0.024199,100.0000,srtm_band_mask_rescaled_to_vector_area,30,2026-09-08T06:55:17+00:00
G073127E42121N,upper_syr_darya,syr_darya,3000_4000,3000,4000,0.056682,100.0000,srtm_band_mask_rescaled_to_vector_area,30,2026-09-08T06:55:17+00:00
G073130E39852N,upper_syr_darya,syr_darya,gte_4000,4000,,0.030591,100.0000,srtm_band_mask_rescaled_to_vector_area,30,2026-09-08T06:55:17+00:00
G073133E39852N,upper_syr_darya,syr_darya,gte_4000,4000,,0.041860,100.0000,srtm_band_mask_rescaled_to_vector_area,30,2026-09-08T06:55:17+00:00
G073138E39850N,upper_syr_darya,syr_darya,gte_4000,4000,,0.171188,100.0000,srtm_band_mask_rescaled_to_vector_area,30,2026-09-08T06:55:17+00:00
G073140E42117N,upper_syr_darya,syr_darya,3000_4000,3000,4000,0.151624,100.0000,srtm_band_mask_rescaled_to_vector_area,30,2026-09-08T06:55:17+00:00
G073145E39856N,upper_syr_darya,syr_darya,3000_4000,3000,4000,0.004048,1.7263,srtm_band_mask_rescaled_to_vector_area,30,2026-09-08T06:55:17+00:00
G073145E39856N,upper_syr_darya,syr_darya,gte_4000,4000,,0.230457,98.2737,srtm_band_mask_rescaled_to_vector_area,30,2026-09-08T06:55:17+00:00
G073145E39865N,upper_syr_darya,syr_darya,3000_4000,3000,4000,0.010299,12.3311,srtm_band_mask_rescaled_to_vector_area,30,2026-09-08T06:55:17+00:00
G073145E39865N,upper_syr_darya,syr_darya,gte_4000,4000,,0.073218,87.6689,srtm_band_mask_rescaled_to_vector_area,30,2026-09-08T06:55:17+00:00
G073152E39864N,upper_syr_darya,syr_darya,gte_4000,4000,,0.347148,100.0000,srtm_band_mask_rescaled_to_vector_area,30,2026-09-08T06:55:17+00:00
G073152E42116N,upper_syr_darya,syr_darya,3000_4000,3000,4000,0.161640,100.0000,srtm_band_mask_rescaled_to_vector_area,30,2026-09-08T06:55:17+00:00
G073156E39872N,upper_syr_darya,syr_darya,gte_4000,4000,,0.184884,100.0000,srtm_band_mask_rescaled_to_vector_area,30,2026-09-08T06:55:17+00:00
G073156E39884N,upper_syr_darya,syr_darya,3000_4000,3000,4000,0.001494,0.4117,srtm_band_mask_rescaled_to_vector_area,30,2026-09-08T06:55:17+00:00
G073156E39884N,upper_syr_darya,syr_darya,gte_4000,4000,,0.361288,99.5883,srtm_band_mask_rescaled_to_vector_area,30,2026-09-08T06:55:17+00:00
G073156E39895N,upper_syr_darya,syr_darya,gte_4000,4000,,0.123187,100.0000,srtm_band_mask_rescaled_to_vector_area,30,2026-09-08T06:55:17+00:00
G073159E42120N,upper_syr_darya,syr_darya,3000_4000,3000,4000,0.152645,100.0000,srtm_band_mask_rescaled_to_vector_area,30,2026-09-08T06:55:17+00:00
G073160E42134N,upper_syr_darya,syr_darya,3000_4000,3000,4000,0.015306,100.0000,srtm_band_mask_rescaled_to_vector_area,30,2026-09-08T06:55:17+00:00
G073164E42133N,upper_syr_darya,syr_darya,3000_4000,3000,4000,0.030099,100.0000,srtm_band_mask_rescaled_to_vector_area,30,2026-09-08T06:55:17+00:00
G073166E39890N,upper_syr_darya,syr_darya,gte_4000,4000,,0.061861,100.0000,srtm_band_mask_rescaled_to_vector_area,30,2026-09-08T06:55:17+00:00
G073167E39897N,upper_syr_darya,syr_darya,3000_4000,3000,4000,0.001761,0.4049,srtm_band_mask_rescaled_to_vector_area,30,2026-09-08T06:55:17+00:00
G073167E39897N,upper_syr_darya,syr_darya,gte_4000,4000,,0.433198,99.5951,srtm_band_mask_rescaled_to_vector_area,30,2026-09-08T06:55:17+00:00
G073167E39907N,upper_syr_darya,syr_darya,gte_4000,4000,,0.129016,100.0000,srtm_band_mask_rescaled_to_vector_area,30,2026-09-08T06:55:17+00:00
G073167E42101N,upper_syr_darya,syr_darya,3000_4000,3000,4000,0.054658,100.0000,srtm_band_mask_rescaled_to_vector_area,30,2026-09-08T06:55:17+00:00
G073168E42110N,upper_syr_darya,syr_darya,3000_4000,3000,4000,0.089331,100.0000,srtm_band_mask_rescaled_to_vector_area,30,2026-09-08T06:55:17+00:00
G073170E42137N,upper_syr_darya,syr_darya,3000_4000,3000,4000,0.033114,100.0000,srtm_band_mask_rescaled_to_vector_area,30,2026-09-08T06:55:17+00:00
G073171E42108N,upper_syr_darya,syr_darya,3000_4000,3000,4000,0.048727,100.0000,srtm_band_mask_rescaled_to_vector_area,30,2026-09-08T06:55:17+00:00
G073171E42114N,upper_syr_darya,syr_darya,3000_4000,3000,4000,0.040171,100.0000,srtm_band_mask_rescaled_to_vector_area,30,2026-09-08T06:55:17+00:00
G073171E42122N,upper_syr_darya,syr_darya,3000_4000,3000,4000,0.677813,100.0000,srtm_band_mask_rescaled_to_vector_area,30,2026-09-08T06:55:17+00:00
G073173E42103N,upper_syr_darya,syr_darya,3000_4000,3000,4000,0.091361,100.0000,srtm_band_mask_rescaled_to_vector_area,30,2026-09-08T06:55:17+00:00
G073175E39867N,upper_syr_darya,syr_darya,gte_4000,4000,,0.256128,100.0000,srtm_band_mask_rescaled_to_vector_area,30,2026-09-08T06:55:17+00:00
G073175E39890N,upper_syr_darya,syr_darya,3000_4000,3000,4000,0.072857,5.6660,srtm_band_mask_rescaled_to_vector_area,30,2026-09-08T06:55:17+00:00
G073175E39890N,upper_syr_darya,syr_darya,gte_4000,4000,,1.213006,94.3340,srtm_band_mask_rescaled_to_vector_area,30,2026-09-08T06:55:17+00:00
G073176E42112N,upper_syr_darya,syr_darya,3000_4000,3000,4000,0.054541,100.0000,srtm_band_mask_rescaled_to_vector_area,30,2026-09-08T06:55:17+00:00
G073179E42115N,upper_syr_darya,syr_darya,3000_4000,3000,4000,0.022355,100.0000,srtm_band_mask_rescaled_to_vector_area,30,2026-09-08T06:55:17+00:00
G073183E42120N,upper_syr_darya,syr_darya,3000_4000,3000,4000,0.390756,100.0000,srtm_band_mask_rescaled_to_vector_area,30,2026-09-08T06:55:17+00:00
G073186E39892N,upper_syr_darya,syr_darya,3000_4000,3000,4000,0.197233,13.9615,srtm_band_mask_rescaled_to_vector_area,30,2026-09-08T06:55:17+00:00
G073186E39892N,upper_syr_darya,syr_darya,gte_4000,4000,,1.215462,86.0385,srtm_band_mask_rescaled_to_vector_area,30,2026-09-08T06:55:17+00:00
G073193E42117N,upper_syr_darya,syr_darya,3000_4000,3000,4000,0.306882,100.0000,srtm_band_mask_rescaled_to_vector_area,30,2026-09-08T06:55:17+00:00
G073195E39907N,upper_syr_darya,syr_darya,3000_4000,3000,4000,0.046414,9.9374,srtm_band_mask_rescaled_to_vector_area,30,2026-09-08T06:55:17+00:00
G073195E39907N,upper_syr_darya,syr_darya,gte_4000,4000,,0.420652,90.0626,srtm_band_mask_rescaled_to_vector_area,30,2026-09-08T06:55:17+00:00
G073196E39921N,upper_syr_darya,syr_darya,3000_4000,3000,4000,0.046364,23.5497,srtm_band_mask_rescaled_to_vector_area,30,2026-09-08T06:55:17+00:00
G073196E39921N,upper_syr_darya,syr_darya,gte_4000,4000,,0.150514,76.4503,srtm_band_mask_rescaled_to_vector_area,30,2026-09-08T06:55:17+00:00
G073199E39892N,upper_syr_darya,syr_darya,gte_4000,4000,,0.479102,100.0000,srtm_band_mask_rescaled_to_vector_area,30,2026-09-08T06:55:17+00:00
G073199E42120N,upper_syr_darya,syr_darya,3000_4000,3000,4000,0.071767,100.0000,srtm_band_mask_rescaled_to_vector_area,30,2026-09-08T06:55:17+00:00
G073200E39912N,upper_syr_darya,syr_darya,gte_4000,4000,,0.021811,100.0000,srtm_band_mask_rescaled_to_vector_area,30,2026-09-08T06:55:17+00:00
G073202E39908N,upper_syr_darya,syr_darya,gte_4000,4000,,0.028774,100.0000,srtm_band_mask_rescaled_to_vector_area,30,2026-09-08T06:55:17+00:00
G073202E42117N,upper_syr_darya,syr_darya,3000_4000,3000,4000,0.032721,100.0000,srtm_band_mask_rescaled_to_vector_area,30,2026-09-08T06:55:17+00:00
G073207E42109N,upper_syr_darya,syr_darya,3000_4000,3000,4000,0.031097,100.0000,srtm_band_mask_rescaled_to_vector_area,30,2026-09-08T06:55:17+00:00
G073208E39918N,upper_syr_darya,syr_darya,3000_4000,3000,4000,0.046263,13.4555,srtm_band_mask_rescaled_to_vector_area,30,2026-09-08T06:55:17+00:00
G073208E39918N,upper_syr_darya,syr_darya,gte_4000,4000,,0.297558,86.5445,srtm_band_mask_rescaled_to_vector_area,30,2026-09-08T06:55:17+00:00
G073208E42116N,upper_syr_darya,syr_darya,3000_4000,3000,4000,0.511215,100.0000,srtm_band_mask_rescaled_to_vector_area,30,2026-09-08T06:55:17+00:00
G073210E39919N,upper_syr_darya,syr_darya,3000_4000,3000,4000,0.153613,20.3694,srtm_band_mask_rescaled_to_vector_area,30,2026-09-08T06:55:17+00:00
G073210E39919N,upper_syr_darya,syr_darya,gte_4000,4000,,0.600525,79.6306,srtm_band_mask_rescaled_to_vector_area,30,2026-09-08T06:55:17+00:00
G073213E39905N,upper_syr_darya,syr_darya,3000_4000,3000,4000,0.009862,2.2425,srtm_band_mask_rescaled_to_vector_area,30,2026-09-08T06:55:17+00:00
G073213E39905N,upper_syr_darya,syr_darya,gte_4000,4000,,0.429926,97.7575,srtm_band_mask_rescaled_to_vector_area,30,2026-09-08T06:55:17+00:00
G073214E39921N,upper_syr_darya,syr_darya,3000_4000,3000,4000,0.107364,26.1657,srtm_band_mask_rescaled_to_vector_area,30,2026-09-08T06:55:17+00:00
G073214E39921N,upper_syr_darya,syr_darya,gte_4000,4000,,0.302961,73.8343,srtm_band_mask_rescaled_to_vector_area,30,2026-09-08T06:55:17+00:00
G073214E41521N,upper_syr_darya,syr_darya,3000_4000,3000,4000,0.084873,100.0000,srtm_band_mask_rescaled_to_vector_area,30,2026-09-08T06:55:17+00:00
G073218E39948N,upper_syr_darya,syr_darya,gte_4000,4000,,0.010672,100.0000,srtm_band_mask_rescaled_to_vector_area,30,2026-09-08T06:55:17+00:00
G073219E39953N,upper_syr_darya,syr_darya,gte_4000,4000,,0.011379,100.0000,srtm_band_mask_rescaled_to_vector_area,30,2026-09-08T06:55:17+00:00
G073221E41521N,upper_syr_darya,syr_darya,3000_4000,3000,4000,0.093743,100.0000,srtm_band_mask_rescaled_to_vector_area,30,2026-09-08T06:55:17+00:00
G073222E42113N,upper_syr_darya,syr_darya,3000_4000,3000,4000,0.231171,100.0000,srtm_band_mask_rescaled_to_vector_area,30,2026-09-08T06:55:17+00:00
G073224E39929N,upper_syr_darya,syr_darya,3000_4000,3000,4000,0.047067,5.1583,srtm_band_mask_rescaled_to_vector_area,30,2026-09-08T06:55:17+00:00
G073224E39929N,upper_syr_darya,syr_darya,gte_4000,4000,,0.865383,94.8417,srtm_band_mask_rescaled_to_vector_area,30,2026-09-08T06:55:17+00:00
G073227E39950N,upper_syr_darya,syr_darya,3000_4000,3000,4000,0.096174,54.2449,srtm_band_mask_rescaled_to_vector_area,30,2026-09-08T06:55:17+00:00
G073227E39950N,upper_syr_darya,syr_darya,gte_4000,4000,,0.081122,45.7551,srtm_band_mask_rescaled_to_vector_area,30,2026-09-08T06:55:17+00:00
G073230E39934N,upper_syr_darya,syr_darya,gte_4000,4000,,0.065731,100.0000,srtm_band_mask_rescaled_to_vector_area,30,2026-09-08T06:55:17+00:00
G073231E39940N,upper_syr_darya,syr_darya,gte_4000,4000,,0.201155,100.0000,srtm_band_mask_rescaled_to_vector_area,30,2026-09-08T06:55:17+00:00
G073232E42109N,upper_syr_darya,syr_darya,3000_4000,3000,4000,0.334054,100.0000,srtm_band_mask_rescaled_to_vector_area,30,2026-09-08T06:55:17+00:00
G073236E39925N,upper_syr_darya,syr_darya,gte_4000,4000,,0.063098,100.0000,srtm_band_mask_rescaled_to_vector_area,30,2026-09-08T06:55:17+00:00
G073237E39939N,upper_syr_darya,syr_darya,gte_4000,4000,,0.025794,100.0000,srtm_band_mask_rescaled_to_vector_area,30,2026-09-08T06:55:17+00:00
G073238E39929N,upper_syr_darya,syr_darya,gte_4000,4000,,0.219366,100.0000,srtm_band_mask_rescaled_to_vector_area,30,2026-09-08T06:55:17+00:00
G073239E39917N,upper_syr_darya,syr_darya,gte_4000,4000,,0.067208,100.0000,srtm_band_mask_rescaled_to_vector_area,30,2026-09-08T06:55:17+00:00
G073240E39945N,upper_syr_darya,syr_darya,3000_4000,3000,4000,0.108386,30.8651,srtm_band_mask_rescaled_to_vector_area,30,2026-09-08T06:55:17+00:00
G073240E39945N,upper_syr_darya,syr_darya,gte_4000,4000,,0.242773,69.1349,srtm_band_mask_rescaled_to_vector_area,30,2026-09-08T06:55:17+00:00
G073242E39934N,upper_syr_darya,syr_darya,gte_4000,4000,,0.011702,100.0000,srtm_band_mask_rescaled_to_vector_area,30,2026-09-08T06:55:17+00:00
G073247E42108N,upper_syr_darya,syr_darya,3000_4000,3000,4000,0.102206,100.0000,srtm_band_mask_rescaled_to_vector_area,30,2026-09-08T06:55:17+00:00
G073248E39964N,upper_syr_darya,syr_darya,3000_4000,3000,4000,0.067076,34.1529,srtm_band_mask_rescaled_to_vector_area,30,2026-09-08T06:55:17+00:00
G073248E39964N,upper_syr_darya,syr_darya,gte_4000,4000,,0.129322,65.8471,srtm_band_mask_rescaled_to_vector_area,30,2026-09-08T06:55:17+00:00
G073250E39954N,upper_syr_darya,syr_darya,gte_4000,4000,,0.017027,100.0000,srtm_band_mask_rescaled_to_vector_area,30,2026-09-08T06:55:17+00:00
G073251E39957N,upper_syr_darya,syr_darya,gte_4000,4000,,0.141620,100.0000,srtm_band_mask_rescaled_to_vector_area,30,2026-09-08T06:55:17+00:00
G073254E42108N,upper_syr_darya,syr_darya,3000_4000,3000,4000,0.165982,100.0000,srtm_band_mask_rescaled_to_vector_area,30,2026-09-08T06:55:17+00:00
G073256E39971N,upper_syr_darya,syr_darya,3000_4000,3000,4000,0.066448,32.2319,srtm_band_mask_rescaled_to_vector_area,30,2026-09-08T06:55:17+00:00
G073256E39971N,upper_syr_darya,syr_darya,gte_4000,4000,,0.139708,67.7681,srtm_band_mask_rescaled_to_vector_area,30,2026-09-08T06:55:17+00:00
G073256E42092N,upper_syr_darya,syr_darya,3000_4000,3000,4000,0.034163,100.0000,srtm_band_mask_rescaled_to_vector_area,30,2026-09-08T06:55:17+00:00
G073258E42100N,upper_syr_darya,syr_darya,3000_4000,3000,4000,0.106956,100.0000,srtm_band_mask_rescaled_to_vector_area,30,2026-09-08T06:55:17+00:00
G073259E42107N,upper_syr_darya,syr_darya,3000_4000,3000,4000,0.046556,100.0000,srtm_band_mask_rescaled_to_vector_area,30,2026-09-08T06:55:17+00:00
G073261E39964N,upper_syr_darya,syr_darya,3000_4000,3000,4000,0.133414,25.3198,srtm_band_mask_rescaled_to_vector_area,30,2026-09-08T06:55:17+00:00
G073261E39964N,upper_syr_darya,syr_darya,gte_4000,4000,,0.393501,74.6802,srtm_band_mask_rescaled_to_vector_area,30,2026-09-08T06:55:17+00:00
G073262E42107N,upper_syr_darya,syr_darya,3000_4000,3000,4000,0.019466,100.0000,srtm_band_mask_rescaled_to_vector_area,30,2026-09-08T06:55:17+00:00
G073268E42100N,upper_syr_darya,syr_darya,3000_4000,3000,4000,0.178878,100.0000,srtm_band_mask_rescaled_to_vector_area,30,2026-09-08T06:55:17+00:00
G073270E42107N,upper_syr_darya,syr_darya,3000_4000,3000,4000,0.029049,100.0000,srtm_band_mask_rescaled_to_vector_area,30,2026-09-08T06:55:17+00:00
G073271E42093N,upper_syr_darya,syr_darya,3000_4000,3000,4000,0.048123,100.0000,srtm_band_mask_rescaled_to_vector_area,30,2026-09-08T06:55:17+00:00
G073273E42105N,upper_syr_darya,syr_darya,3000_4000,3000,4000,0.025598,100.0000,srtm_band_mask_rescaled_to_vector_area,30,2026-09-08T06:55:17+00:00
G073280E42108N,upper_syr_darya,syr_darya,3000_4000,3000,4000,0.013931,100.0000,srtm_band_mask_rescaled_to_vector_area,30,2026-09-08T06:55:17+00:00
G073281E39989N,upper_syr_darya,syr_darya,3000_4000,3000,4000,0.006436,7.3437,srtm_band_mask_rescaled_to_vector_area,30,2026-09-08T06:55:17+00:00
G073281E39989N,upper_syr_darya,syr_darya,gte_4000,4000,,0.081201,92.6563,srtm_band_mask_rescaled_to_vector_area,30,2026-09-08T06:55:17+00:00
G073281E42073N,upper_syr_darya,syr_darya,3000_4000,3000,4000,0.031369,100.0000,srtm_band_mask_rescaled_to_vector_area,30,2026-09-08T06:55:17+00:00
G073281E42082N,upper_syr_darya,syr_darya,3000_4000,3000,4000,0.019122,100.0000,srtm_band_mask_rescaled_to_vector_area,30,2026-09-08T06:55:17+00:00
G073282E42098N,upper_syr_darya,syr_darya,3000_4000,3000,4000,0.330408,100.0000,srtm_band_mask_rescaled_to_vector_area,30,2026-09-08T06:55:17+00:00
G073287E42108N,upper_syr_darya,syr_darya,3000_4000,3000,4000,0.030065,100.0000,srtm_band_mask_rescaled_to_vector_area,30,2026-09-08T06:55:17+00:00
G073290E41502N,upper_syr_darya,syr_darya,3000_4000,3000,4000,0.047199,100.0000,srtm_band_mask_rescaled_to_vector_area,30,2026-09-08T06:55:17+00:00
G073290E41509N,upper_syr_darya,syr_darya,3000_4000,3000,4000,0.031168,100.0000,srtm_band_mask_rescaled_to_vector_area,30,2026-09-08T06:55:17+00:00
G073290E42073N,upper_syr_darya,syr_darya,3000_4000,3000,4000,0.141838,100.0000,srtm_band_mask_rescaled_to_vector_area,30,2026-09-08T06:55:17+00:00
G073291E42098N,upper_syr_darya,syr_darya,3000_4000,3000,4000,0.085508,100.0000,srtm_band_mask_rescaled_to_vector_area,30,2026-09-08T06:55:17+00:00
G073293E39995N,upper_syr_darya,syr_darya,gte_4000,4000,,0.014493,100.0000,srtm_band_mask_rescaled_to_vector_area,30,2026-09-08T06:55:17+00:00
G073294E41499N,upper_syr_darya,syr_darya,3000_4000,3000,4000,0.041543,100.0000,srtm_band_mask_rescaled_to_vector_area,30,2026-09-08T06:55:17+00:00
G073294E42071N,upper_syr_darya,syr_darya,3000_4000,3000,4000,0.024723,100.0000,srtm_band_mask_rescaled_to_vector_area,30,2026-09-08T06:55:17+00:00
G073296E42071N,upper_syr_darya,syr_darya,3000_4000,3000,4000,0.030885,100.0000,srtm_band_mask_rescaled_to_vector_area,30,2026-09-08T06:55:17+00:00
G073297E39996N,upper_syr_darya,syr_darya,gte_4000,4000,,0.026919,100.0000,srtm_band_mask_rescaled_to_vector_area,30,2026-09-08T06:55:17+00:00
G073298E41497N,upper_syr_darya,syr_darya,3000_4000,3000,4000,0.049103,100.0000,srtm_band_mask_rescaled_to_vector_area,30,2026-09-08T06:55:17+00:00
G073298E42096N,upper_syr_darya,syr_darya,3000_4000,3000,4000,0.096546,100.0000,srtm_band_mask_rescaled_to_vector_area,30,2026-09-08T06:55:17+00:00
G073298E42111N,upper_syr_darya,syr_darya,3000_4000,3000,4000,0.150009,100.0000,srtm_band_mask_rescaled_to_vector_area,30,2026-09-08T06:55:17+00:00
G073298E42284N,upper_syr_darya,syr_darya,3000_4000,3000,4000,0.149526,100.0000,srtm_band_mask_rescaled_to_vector_area,30,2026-09-08T06:55:17+00:00
G073303E39994N,upper_syr_darya,syr_darya,gte_4000,4000,,0.029254,100.0000,srtm_band_mask_rescaled_to_vector_area,30,2026-09-08T06:55:17+00:00
G073305E41493N,upper_syr_darya,syr_darya,3000_4000,3000,4000,0.034889,100.0000,srtm_band_mask_rescaled_to_vector_area,30,2026-09-08T06:55:17+00:00
G073307E42089N,upper_syr_darya,syr_darya,3000_4000,3000,4000,0.053185,100.0000,srtm_band_mask_rescaled_to_vector_area,30,2026-09-08T06:55:17+00:00
G073309E42082N,upper_syr_darya,syr_darya,3000_4000,3000,4000,0.023386,100.0000,srtm_band_mask_rescaled_to_vector_area,30,2026-09-08T06:55:17+00:00
G073310E39987N,upper_syr_darya,syr_darya,gte_4000,4000,,0.030591,100.0000,srtm_band_mask_rescaled_to_vector_area,30,2026-09-08T06:55:17+00:00
G073313E42086N,upper_syr_darya,syr_darya,3000_4000,3000,4000,0.057080,100.0000,srtm_band_mask_rescaled_to_vector_area,30,2026-09-08T06:55:17+00:00
G073317E42083N,upper_syr_darya,syr_darya,3000_4000,3000,4000,0.055148,100.0000,srtm_band_mask_rescaled_to_vector_area,30,2026-09-08T06:55:17+00:00
G073317E42090N,upper_syr_darya,syr_darya,3000_4000,3000,4000,0.042177,100.0000,srtm_band_mask_rescaled_to_vector_area,30,2026-09-08T06:55:17+00:00
G073318E42074N,upper_syr_darya,syr_darya,3000_4000,3000,4000,0.016853,100.0000,srtm_band_mask_rescaled_to_vector_area,30,2026-09-08T06:55:17+00:00
G073318E42088N,upper_syr_darya,syr_darya,3000_4000,3000,4000,0.015830,100.0000,srtm_band_mask_rescaled_to_vector_area,30,2026-09-08T06:55:17+00:00
G073322E42080N,upper_syr_darya,syr_darya,3000_4000,3000,4000,0.122402,100.0000,srtm_band_mask_rescaled_to_vector_area,30,2026-09-08T06:55:17+00:00
G073323E42285N,upper_syr_darya,syr_darya,3000_4000,3000,4000,0.146439,100.0000,srtm_band_mask_rescaled_to_vector_area,30,2026-09-08T06:55:17+00:00
G073325E42078N,upper_syr_darya,syr_darya,3000_4000,3000,4000,0.010142,100.0000,srtm_band_mask_rescaled_to_vector_area,30,2026-09-08T06:55:17+00:00
G073325E42093N,upper_syr_darya,syr_darya,3000_4000,3000,4000,0.021568,100.0000,srtm_band_mask_rescaled_to_vector_area,30,2026-09-08T06:55:17+00:00
G073329E42287N,upper_syr_darya,syr_darya,3000_4000,3000,4000,0.000071,0.1260,srtm_band_mask_rescaled_to_vector_area,30,2026-09-08T06:55:17+00:00
G073329E42287N,upper_syr_darya,syr_darya,gte_4000,4000,,0.055995,99.8740,srtm_band_mask_rescaled_to_vector_area,30,2026-09-08T06:55:17+00:00
G073330E42096N,upper_syr_darya,syr_darya,3000_4000,3000,4000,0.019586,100.0000,srtm_band_mask_rescaled_to_vector_area,30,2026-09-08T06:55:17+00:00
G073331E42090N,upper_syr_darya,syr_darya,3000_4000,3000,4000,0.017996,100.0000,srtm_band_mask_rescaled_to_vector_area,30,2026-09-08T06:55:17+00:00
G073336E42288N,upper_syr_darya,syr_darya,3000_4000,3000,4000,0.014423,44.1786,srtm_band_mask_rescaled_to_vector_area,30,2026-09-08T06:55:17+00:00
G073336E42288N,upper_syr_darya,syr_darya,gte_4000,4000,,0.018224,55.8214,srtm_band_mask_rescaled_to_vector_area,30,2026-09-08T06:55:17+00:00
G073337E42087N,upper_syr_darya,syr_darya,3000_4000,3000,4000,0.020531,100.0000,srtm_band_mask_rescaled_to_vector_area,30,2026-09-08T06:55:17+00:00
G073338E42286N,upper_syr_darya,syr_darya,3000_4000,3000,4000,0.040132,100.0000,srtm_band_mask_rescaled_to_vector_area,30,2026-09-08T06:55:17+00:00
G073342E42083N,upper_syr_darya,syr_darya,3000_4000,3000,4000,0.010608,100.0000,srtm_band_mask_rescaled_to_vector_area,30,2026-09-08T06:55:17+00:00
G073350E42291N,upper_syr_darya,syr_darya,3000_4000,3000,4000,0.030916,98.4858,srtm_band_mask_rescaled_to_vector_area,30,2026-09-08T06:55:17+00:00
G073350E42291N,upper_syr_darya,syr_darya,gte_4000,4000,,0.000475,1.5142,srtm_band_mask_rescaled_to_vector_area,30,2026-09-08T06:55:17+00:00
G073350E42302N,upper_syr_darya,syr_darya,3000_4000,3000,4000,0.100565,100.0000,srtm_band_mask_rescaled_to_vector_area,30,2026-09-08T06:55:17+00:00
G073352E42096N,upper_syr_darya,syr_darya,3000_4000,3000,4000,0.067953,100.0000,srtm_band_mask_rescaled_to_vector_area,30,2026-09-08T06:55:17+00:00
G073353E42079N,upper_syr_darya,syr_darya,3000_4000,3000,4000,0.020427,100.0000,srtm_band_mask_rescaled_to_vector_area,30,2026-09-08T06:55:17+00:00
G073354E42285N,upper_syr_darya,syr_darya,3000_4000,3000,4000,0.025440,100.0000,srtm_band_mask_rescaled_to_vector_area,30,2026-09-08T06:55:17+00:00
G073354E42294N,upper_syr_darya,syr_darya,3000_4000,3000,4000,0.114770,100.0000,srtm_band_mask_rescaled_to_vector_area,30,2026-09-08T06:55:17+00:00
G073358E42090N,upper_syr_darya,syr_darya,3000_4000,3000,4000,0.019258,100.0000,srtm_band_mask_rescaled_to_vector_area,30,2026-09-08T06:55:17+00:00
G073360E42299N,upper_syr_darya,syr_darya,3000_4000,3000,4000,0.213980,100.0000,srtm_band_mask_rescaled_to_vector_area,30,2026-09-08T06:55:17+00:00
G073361E42095N,upper_syr_darya,syr_darya,3000_4000,3000,4000,0.020334,100.0000,srtm_band_mask_rescaled_to_vector_area,30,2026-09-08T06:55:17+00:00
G073365E42090N,upper_syr_darya,syr_darya,3000_4000,3000,4000,0.032892,100.0000,srtm_band_mask_rescaled_to_vector_area,30,2026-09-08T06:55:17+00:00
G073366E42284N,upper_syr_darya,syr_darya,3000_4000,3000,4000,0.060096,100.0000,srtm_band_mask_rescaled_to_vector_area,30,2026-09-08T06:55:17+00:00
G073378E41392N,upper_syr_darya,syr_darya,2000_3000,2000,3000,0.026184,56.5692,srtm_band_mask_rescaled_to_vector_area,30,2026-09-08T06:55:17+00:00
G073378E41392N,upper_syr_darya,syr_darya,3000_4000,3000,4000,0.020103,43.4308,srtm_band_mask_rescaled_to_vector_area,30,2026-09-08T06:55:17+00:00
G073381E41388N,upper_syr_darya,syr_darya,3000_4000,3000,4000,0.023036,100.0000,srtm_band_mask_rescaled_to_vector_area,30,2026-09-08T06:55:17+00:00
G073384E42313N,upper_syr_darya,syr_darya,3000_4000,3000,4000,0.026465,100.0000,srtm_band_mask_rescaled_to_vector_area,30,2026-09-08T06:55:17+00:00
G073412E41360N,upper_syr_darya,syr_darya,3000_4000,3000,4000,0.015490,100.0000,srtm_band_mask_rescaled_to_vector_area,30,2026-09-08T06:55:17+00:00
G073412E41374N,upper_syr_darya,syr_darya,3000_4000,3000,4000,0.028890,100.0000,srtm_band_mask_rescaled_to_vector_area,30,2026-09-08T06:55:17+00:00
G073415E41367N,upper_syr_darya,syr_darya,3000_4000,3000,4000,0.013668,100.0000,srtm_band_mask_rescaled_to_vector_area,30,2026-09-08T06:55:17+00:00
G073415E41370N,upper_syr_darya,syr_darya,3000_4000,3000,4000,0.019938,100.0000,srtm_band_mask_rescaled_to_vector_area,30,2026-09-08T06:55:17+00:00
G073421E41362N,upper_syr_darya,syr_darya,3000_4000,3000,4000,0.176800,100.0000,srtm_band_mask_rescaled_to_vector_area,30,2026-09-08T06:55:17+00:00
G073445E42312N,upper_syr_darya,syr_darya,3000_4000,3000,4000,0.017111,100.0000,srtm_band_mask_rescaled_to_vector_area,30,2026-09-08T06:55:17+00:00
G073449E42313N,upper_syr_darya,syr_darya,3000_4000,3000,4000,0.033362,100.0000,srtm_band_mask_rescaled_to_vector_area,30,2026-09-08T06:55:17+00:00
G073453E42298N,upper_syr_darya,syr_darya,3000_4000,3000,4000,0.066128,100.0000,srtm_band_mask_rescaled_to_vector_area,30,2026-09-08T06:55:17+00:00
G073456E41357N,upper_syr_darya,syr_darya,3000_4000,3000,4000,0.041617,100.0000,srtm_band_mask_rescaled_to_vector_area,30,2026-09-08T06:55:17+00:00
G073458E42011N,upper_syr_darya,syr_darya,3000_4000,3000,4000,0.017547,100.0000,srtm_band_mask_rescaled_to_vector_area,30,2026-09-08T06:55:17+00:00
G073458E42302N,upper_syr_darya,syr_darya,3000_4000,3000,4000,0.281100,100.0000,srtm_band_mask_rescaled_to_vector_area,30,2026-09-08T06:55:17+00:00
G073469E42268N,upper_syr_darya,syr_darya,3000_4000,3000,4000,0.026472,100.0000,srtm_band_mask_rescaled_to_vector_area,30,2026-09-08T06:55:17+00:00
G073479E42258N,upper_syr_darya,syr_darya,3000_4000,3000,4000,0.049120,100.0000,srtm_band_mask_rescaled_to_vector_area,30,2026-09-08T06:55:17+00:00
G073480E42285N,upper_syr_darya,syr_darya,3000_4000,3000,4000,0.055812,100.0000,srtm_band_mask_rescaled_to_vector_area,30,2026-09-08T06:55:17+00:00
G073485E42275N,upper_syr_darya,syr_darya,3000_4000,3000,4000,0.143890,100.0000,srtm_band_mask_rescaled_to_vector_area,30,2026-09-08T06:55:17+00:00
G073487E42297N,upper_syr_darya,syr_darya,3000_4000,3000,4000,0.100785,100.0000,srtm_band_mask_rescaled_to_vector_area,30,2026-09-08T06:55:17+00:00
G073488E42263N,upper_syr_darya,syr_darya,3000_4000,3000,4000,0.063114,100.0000,srtm_band_mask_rescaled_to_vector_area,30,2026-09-08T06:55:17+00:00
G073488E42285N,upper_syr_darya,syr_darya,3000_4000,3000,4000,0.079266,97.5460,srtm_band_mask_rescaled_to_vector_area,30,2026-09-08T06:55:17+00:00
G073488E42285N,upper_syr_darya,syr_darya,gte_4000,4000,,0.001994,2.4540,srtm_band_mask_rescaled_to_vector_area,30,2026-09-08T06:55:17+00:00
G073491E42276N,upper_syr_darya,syr_darya,3000_4000,3000,4000,0.045044,100.0000,srtm_band_mask_rescaled_to_vector_area,30,2026-09-08T06:55:17+00:00
G073491E42280N,upper_syr_darya,syr_darya,3000_4000,3000,4000,0.122189,100.0000,srtm_band_mask_rescaled_to_vector_area,30,2026-09-08T06:55:17+00:00
G073493E42269N,upper_syr_darya,syr_darya,3000_4000,3000,4000,0.097878,100.0000,srtm_band_mask_rescaled_to_vector_area,30,2026-09-08T06:55:17+00:00
G073494E41531N,upper_syr_darya,syr_darya,3000_4000,3000,4000,0.078906,100.0000,srtm_band_mask_rescaled_to_vector_area,30,2026-09-08T06:55:17+00:00
G073495E41522N,upper_syr_darya,syr_darya,3000_4000,3000,4000,0.016956,100.0000,srtm_band_mask_rescaled_to_vector_area,30,2026-09-08T06:55:17+00:00
G073495E42286N,upper_syr_darya,syr_darya,3000_4000,3000,4000,0.094936,100.0000,srtm_band_mask_rescaled_to_vector_area,30,2026-09-08T06:55:17+00:00
G073499E41531N,upper_syr_darya,syr_darya,3000_4000,3000,4000,0.030232,100.0000,srtm_band_mask_rescaled_to_vector_area,30,2026-09-08T06:55:17+00:00
G073501E42122N,upper_syr_darya,syr_darya,3000_4000,3000,4000,0.023053,100.0000,srtm_band_mask_rescaled_to_vector_area,30,2026-09-08T06:55:17+00:00
G073501E42265N,upper_syr_darya,syr_darya,3000_4000,3000,4000,0.061731,100.0000,srtm_band_mask_rescaled_to_vector_area,30,2026-09-08T06:55:17+00:00
G073504E42117N,upper_syr_darya,syr_darya,3000_4000,3000,4000,0.038590,100.0000,srtm_band_mask_rescaled_to_vector_area,30,2026-09-08T06:55:17+00:00
G073505E41326N,upper_syr_darya,syr_darya,3000_4000,3000,4000,0.037002,100.0000,srtm_band_mask_rescaled_to_vector_area,30,2026-09-08T06:55:17+00:00
G073506E41529N,upper_syr_darya,syr_darya,3000_4000,3000,4000,0.091217,100.0000,srtm_band_mask_rescaled_to_vector_area,30,2026-09-08T06:55:17+00:00
G073511E41322N,upper_syr_darya,syr_darya,2000_3000,2000,3000,0.012607,35.2477,srtm_band_mask_rescaled_to_vector_area,30,2026-09-08T06:55:17+00:00
G073511E41322N,upper_syr_darya,syr_darya,3000_4000,3000,4000,0.023160,64.7523,srtm_band_mask_rescaled_to_vector_area,30,2026-09-08T06:55:17+00:00
G073511E42118N,upper_syr_darya,syr_darya,3000_4000,3000,4000,0.016548,100.0000,srtm_band_mask_rescaled_to_vector_area,30,2026-09-08T06:55:17+00:00
G073513E41298N,upper_syr_darya,syr_darya,3000_4000,3000,4000,0.049878,100.0000,srtm_band_mask_rescaled_to_vector_area,30,2026-09-08T06:55:17+00:00
G073514E41323N,upper_syr_darya,syr_darya,2000_3000,2000,3000,0.022020,100.0000,srtm_band_mask_rescaled_to_vector_area,30,2026-09-08T06:55:17+00:00
G073514E42259N,upper_syr_darya,syr_darya,3000_4000,3000,4000,0.020413,100.0000,srtm_band_mask_rescaled_to_vector_area,30,2026-09-08T06:55:17+00:00
G073516E42116N,upper_syr_darya,syr_darya,3000_4000,3000,4000,0.052877,100.0000,srtm_band_mask_rescaled_to_vector_area,30,2026-09-08T06:55:17+00:00
G073519E41544N,upper_syr_darya,syr_darya,3000_4000,3000,4000,0.043628,100.0000,srtm_band_mask_rescaled_to_vector_area,30,2026-09-08T06:55:17+00:00
G073520E42308N,upper_syr_darya,syr_darya,3000_4000,3000,4000,0.030911,99.2784,srtm_band_mask_rescaled_to_vector_area,30,2026-09-08T06:55:17+00:00
G073520E42308N,upper_syr_darya,syr_darya,gte_4000,4000,,0.000225,0.7216,srtm_band_mask_rescaled_to_vector_area,30,2026-09-08T06:55:17+00:00
G073523E41559N,upper_syr_darya,syr_darya,3000_4000,3000,4000,0.030471,100.0000,srtm_band_mask_rescaled_to_vector_area,30,2026-09-08T06:55:17+00:00
G073524E41299N,upper_syr_darya,syr_darya,3000_4000,3000,4000,0.015643,100.0000,srtm_band_mask_rescaled_to_vector_area,30,2026-09-08T06:55:17+00:00
G073524E41316N,upper_syr_darya,syr_darya,2000_3000,2000,3000,0.186146,77.4006,srtm_band_mask_rescaled_to_vector_area,30,2026-09-08T06:55:17+00:00
G073524E41316N,upper_syr_darya,syr_darya,3000_4000,3000,4000,0.054351,22.5994,srtm_band_mask_rescaled_to_vector_area,30,2026-09-08T06:55:17+00:00
G073524E42118N,upper_syr_darya,syr_darya,3000_4000,3000,4000,0.020198,100.0000,srtm_band_mask_rescaled_to_vector_area,30,2026-09-08T06:55:17+00:00
G073525E41537N,upper_syr_darya,syr_darya,3000_4000,3000,4000,0.226231,100.0000,srtm_band_mask_rescaled_to_vector_area,30,2026-09-08T06:55:17+00:00
G073528E41532N,upper_syr_darya,syr_darya,3000_4000,3000,4000,0.265944,99.7296,srtm_band_mask_rescaled_to_vector_area,30,2026-09-08T06:55:17+00:00
G073528E41532N,upper_syr_darya,syr_darya,gte_4000,4000,,0.000721,0.2704,srtm_band_mask_rescaled_to_vector_area,30,2026-09-08T06:55:17+00:00
G073530E41527N,upper_syr_darya,syr_darya,3000_4000,3000,4000,0.050313,100.0000,srtm_band_mask_rescaled_to_vector_area,30,2026-09-08T06:55:17+00:00
G073532E42120N,upper_syr_darya,syr_darya,3000_4000,3000,4000,0.037507,100.0000,srtm_band_mask_rescaled_to_vector_area,30,2026-09-08T06:55:17+00:00
G073533E41297N,upper_syr_darya,syr_darya,3000_4000,3000,4000,0.060863,100.0000,srtm_band_mask_rescaled_to_vector_area,30,2026-09-08T06:55:17+00:00
G073533E41554N,upper_syr_darya,syr_darya,3000_4000,3000,4000,0.138557,99.9143,srtm_band_mask_rescaled_to_vector_area,30,2026-09-08T06:55:17+00:00
G073533E41554N,upper_syr_darya,syr_darya,gte_4000,4000,,0.000119,0.0857,srtm_band_mask_rescaled_to_vector_area,30,2026-09-08T06:55:17+00:00
G073534E42302N,upper_syr_darya,syr_darya,3000_4000,3000,4000,0.060406,98.3762,srtm_band_mask_rescaled_to_vector_area,30,2026-09-08T06:55:17+00:00
G073534E42302N,upper_syr_darya,syr_darya,gte_4000,4000,,0.000997,1.6238,srtm_band_mask_rescaled_to_vector_area,30,2026-09-08T06:55:17+00:00
G073536E41292N,upper_syr_darya,syr_darya,3000_4000,3000,4000,0.028639,100.0000,srtm_band_mask_rescaled_to_vector_area,30,2026-09-08T06:55:17+00:00
G073539E41290N,upper_syr_darya,syr_darya,3000_4000,3000,4000,0.031645,100.0000,srtm_band_mask_rescaled_to_vector_area,30,2026-09-08T06:55:17+00:00
G073540E42308N,upper_syr_darya,syr_darya,3000_4000,3000,4000,0.082750,100.0000,srtm_band_mask_rescaled_to_vector_area,30,2026-09-08T06:55:17+00:00
G073542E42123N,upper_syr_darya,syr_darya,3000_4000,3000,4000,0.030275,100.0000,srtm_band_mask_rescaled_to_vector_area,30,2026-09-08T06:55:17+00:00
G073546E42117N,upper_syr_darya,syr_darya,3000_4000,3000,4000,0.055533,100.0000,srtm_band_mask_rescaled_to_vector_area,30,2026-09-08T06:55:17+00:00
G073552E41563N,upper_syr_darya,syr_darya,3000_4000,3000,4000,0.087682,100.0000,srtm_band_mask_rescaled_to_vector_area,30,2026-09-08T06:55:17+00:00
G073553E42113N,upper_syr_darya,syr_darya,3000_4000,3000,4000,0.046894,100.0000,srtm_band_mask_rescaled_to_vector_area,30,2026-09-08T06:55:17+00:00
G073559E42111N,upper_syr_darya,syr_darya,3000_4000,3000,4000,0.017182,100.0000,srtm_band_mask_rescaled_to_vector_area,30,2026-09-08T06:55:17+00:00
G073561E42324N,upper_syr_darya,syr_darya,3000_4000,3000,4000,0.401493,83.2826,srtm_band_mask_rescaled_to_vector_area,30,2026-09-08T06:55:17+00:00
G073561E42324N,upper_syr_darya,syr_darya,gte_4000,4000,,0.080592,16.7174,srtm_band_mask_rescaled_to_vector_area,30,2026-09-08T06:55:17+00:00
G073563E42106N,upper_syr_darya,syr_darya,3000_4000,3000,4000,0.047603,100.0000,srtm_band_mask_rescaled_to_vector_area,30,2026-09-08T06:55:17+00:00
G073565E41579N,upper_syr_darya,syr_darya,3000_4000,3000,4000,0.100161,73.9047,srtm_band_mask_rescaled_to_vector_area,30,2026-09-08T06:55:17+00:00
G073565E41579N,upper_syr_darya,syr_darya,gte_4000,4000,,0.035366,26.0953,srtm_band_mask_rescaled_to_vector_area,30,2026-09-08T06:55:17+00:00
G073565E41588N,upper_syr_darya,syr_darya,3000_4000,3000,4000,0.040936,69.5532,srtm_band_mask_rescaled_to_vector_area,30,2026-09-08T06:55:17+00:00
G073565E41588N,upper_syr_darya,syr_darya,gte_4000,4000,,0.017920,30.4468,srtm_band_mask_rescaled_to_vector_area,30,2026-09-08T06:55:17+00:00
G073568E42320N,upper_syr_darya,syr_darya,3000_4000,3000,4000,0.285714,100.0000,srtm_band_mask_rescaled_to_vector_area,30,2026-09-08T06:55:17+00:00
G073573E41569N,upper_syr_darya,syr_darya,3000_4000,3000,4000,0.158665,100.0000,srtm_band_mask_rescaled_to_vector_area,30,2026-09-08T06:55:17+00:00
G073578E41565N,upper_syr_darya,syr_darya,3000_4000,3000,4000,0.031567,100.0000,srtm_band_mask_rescaled_to_vector_area,30,2026-09-08T06:55:17+00:00
G073581E39856N,upper_syr_darya,syr_darya,gte_4000,4000,,0.095796,100.0000,srtm_band_mask_rescaled_to_vector_area,30,2026-09-08T06:55:17+00:00
G073583E39868N,upper_syr_darya,syr_darya,gte_4000,4000,,0.080228,100.0000,srtm_band_mask_rescaled_to_vector_area,30,2026-09-08T06:55:17+00:00
G073584E41563N,upper_syr_darya,syr_darya,3000_4000,3000,4000,0.045905,100.0000,srtm_band_mask_rescaled_to_vector_area,30,2026-09-08T06:55:17+00:00
G073588E39871N,upper_syr_darya,syr_darya,gte_4000,4000,,0.117632,100.0000,srtm_band_mask_rescaled_to_vector_area,30,2026-09-08T06:55:17+00:00
G073589E42301N,upper_syr_darya,syr_darya,3000_4000,3000,4000,0.054714,100.0000,srtm_band_mask_rescaled_to_vector_area,30,2026-09-08T06:55:17+00:00
G073591E39865N,upper_syr_darya,syr_darya,gte_4000,4000,,0.617514,100.0000,srtm_band_mask_rescaled_to_vector_area,30,2026-09-08T06:55:17+00:00
G073591E42309N,upper_syr_darya,syr_darya,3000_4000,3000,4000,0.076902,100.0000,srtm_band_mask_rescaled_to_vector_area,30,2026-09-08T06:55:17+00:00
G073591E42315N,upper_syr_darya,syr_darya,3000_4000,3000,4000,0.053347,100.0000,srtm_band_mask_rescaled_to_vector_area,30,2026-09-08T06:55:17+00:00
G073592E39881N,upper_syr_darya,syr_darya,gte_4000,4000,,0.180767,100.0000,srtm_band_mask_rescaled_to_vector_area,30,2026-09-08T06:55:17+00:00
G073592E42296N,upper_syr_darya,syr_darya,3000_4000,3000,4000,0.047585,100.0000,srtm_band_mask_rescaled_to_vector_area,30,2026-09-08T06:55:17+00:00
G073595E39875N,upper_syr_darya,syr_darya,gte_4000,4000,,0.115245,100.0000,srtm_band_mask_rescaled_to_vector_area,30,2026-09-08T06:55:17+00:00
G073597E42321N,upper_syr_darya,syr_darya,3000_4000,3000,4000,0.347781,94.9533,srtm_band_mask_rescaled_to_vector_area,30,2026-09-08T06:55:17+00:00
G073597E42321N,upper_syr_darya,syr_darya,gte_4000,4000,,0.018484,5.0467,srtm_band_mask_rescaled_to_vector_area,30,2026-09-08T06:55:17+00:00
G073602E41553N,upper_syr_darya,syr_darya,3000_4000,3000,4000,0.383326,97.6422,srtm_band_mask_rescaled_to_vector_area,30,2026-09-08T06:55:17+00:00
G073602E41553N,upper_syr_darya,syr_darya,gte_4000,4000,,0.009256,2.3578,srtm_band_mask_rescaled_to_vector_area,30,2026-09-08T06:55:17+00:00
G073605E42334N,upper_syr_darya,syr_darya,3000_4000,3000,4000,0.089513,100.0000,srtm_band_mask_rescaled_to_vector_area,30,2026-09-08T06:55:17+00:00
G073606E42314N,upper_syr_darya,syr_darya,3000_4000,3000,4000,0.405134,100.0000,srtm_band_mask_rescaled_to_vector_area,30,2026-09-08T06:55:17+00:00
G073611E42003N,upper_syr_darya,syr_darya,3000_4000,3000,4000,0.077005,100.0000,srtm_band_mask_rescaled_to_vector_area,30,2026-09-08T06:55:17+00:00
G073614E42334N,upper_syr_darya,syr_darya,3000_4000,3000,4000,0.060158,100.0000,srtm_band_mask_rescaled_to_vector_area,30,2026-09-08T06:55:17+00:00
G073615E42132N,upper_syr_darya,syr_darya,3000_4000,3000,4000,0.039183,100.0000,srtm_band_mask_rescaled_to_vector_area,30,2026-09-08T06:55:17+00:00
G073620E42332N,upper_syr_darya,syr_darya,3000_4000,3000,4000,0.101558,100.0000,srtm_band_mask_rescaled_to_vector_area,30,2026-09-08T06:55:17+00:00
G073622E41564N,upper_syr_darya,syr_darya,gte_4000,4000,,0.101989,100.0000,srtm_band_mask_rescaled_to_vector_area,30,2026-09-08T06:55:17+00:00
G073622E42002N,upper_syr_darya,syr_darya,3000_4000,3000,4000,0.042960,100.0000,srtm_band_mask_rescaled_to_vector_area,30,2026-09-08T06:55:17+00:00
G073622E42013N,upper_syr_darya,syr_darya,3000_4000,3000,4000,0.038254,100.0000,srtm_band_mask_rescaled_to_vector_area,30,2026-09-08T06:55:17+00:00
G073624E42012N,upper_syr_darya,syr_darya,3000_4000,3000,4000,0.021497,100.0000,srtm_band_mask_rescaled_to_vector_area,30,2026-09-08T06:55:17+00:00
G073625E39951N,upper_syr_darya,syr_darya,3000_4000,3000,4000,0.000724,1.4605,srtm_band_mask_rescaled_to_vector_area,30,2026-09-08T06:55:17+00:00
G073625E39951N,upper_syr_darya,syr_darya,gte_4000,4000,,0.048870,98.5395,srtm_band_mask_rescaled_to_vector_area,30,2026-09-08T06:55:17+00:00
G073627E42004N,upper_syr_darya,syr_darya,3000_4000,3000,4000,0.059788,100.0000,srtm_band_mask_rescaled_to_vector_area,30,2026-09-08T06:55:17+00:00
G073629E42146N,upper_syr_darya,syr_darya,3000_4000,3000,4000,0.017537,100.0000,srtm_band_mask_rescaled_to_vector_area,30,2026-09-08T06:55:17+00:00
G073631E42005N,upper_syr_darya,syr_darya,3000_4000,3000,4000,0.088378,100.0000,srtm_band_mask_rescaled_to_vector_area,30,2026-09-08T06:55:17+00:00
G073633E42318N,upper_syr_darya,syr_darya,3000_4000,3000,4000,0.013750,96.4822,srtm_band_mask_rescaled_to_vector_area,30,2026-09-08T06:55:17+00:00
G073633E42318N,upper_syr_darya,syr_darya,gte_4000,4000,,0.000501,3.5178,srtm_band_mask_rescaled_to_vector_area,30,2026-09-08T06:55:17+00:00
G073633E42321N,upper_syr_darya,syr_darya,3000_4000,3000,4000,0.014122,100.0000,srtm_band_mask_rescaled_to_vector_area,30,2026-09-08T06:55:17+00:00
G073635E42324N,upper_syr_darya,syr_darya,3000_4000,3000,4000,0.047271,100.0000,srtm_band_mask_rescaled_to_vector_area,30,2026-09-08T06:55:17+00:00
G073636E42320N,upper_syr_darya,syr_darya,3000_4000,3000,4000,0.018121,94.1975,srtm_band_mask_rescaled_to_vector_area,30,2026-09-08T06:55:17+00:00
G073636E42320N,upper_syr_darya,syr_darya,gte_4000,4000,,0.001116,5.8025,srtm_band_mask_rescaled_to_vector_area,30,2026-09-08T06:55:17+00:00
G073638E42003N,upper_syr_darya,syr_darya,3000_4000,3000,4000,0.191851,100.0000,srtm_band_mask_rescaled_to_vector_area,30,2026-09-08T06:55:17+00:00
G073643E39936N,upper_syr_darya,syr_darya,gte_4000,4000,,0.724621,100.0000,srtm_band_mask_rescaled_to_vector_area,30,2026-09-08T06:55:17+00:00
G073643E39943N,upper_syr_darya,syr_darya,gte_4000,4000,,0.096634,100.0000,srtm_band_mask_rescaled_to_vector_area,30,2026-09-08T06:55:17+00:00
G073644E39937N,upper_syr_darya,syr_darya,gte_4000,4000,,0.719067,100.0000,srtm_band_mask_rescaled_to_vector_area,30,2026-09-08T06:55:17+00:00
G073644E42316N,upper_syr_darya,syr_darya,3000_4000,3000,4000,0.210687,100.0000,srtm_band_mask_rescaled_to_vector_area,30,2026-09-08T06:55:17+00:00
G073645E42002N,upper_syr_darya,syr_darya,3000_4000,3000,4000,0.060241,100.0000,srtm_band_mask_rescaled_to_vector_area,30,2026-09-08T06:55:17+00:00
G073647E42008N,upper_syr_darya,syr_darya,3000_4000,3000,4000,0.031213,100.0000,srtm_band_mask_rescaled_to_vector_area,30,2026-09-08T06:55:17+00:00
G073648E39944N,upper_syr_darya,syr_darya,gte_4000,4000,,0.328874,100.0000,srtm_band_mask_rescaled_to_vector_area,30,2026-09-08T06:55:17+00:00
G073648E39945N,upper_syr_darya,syr_darya,gte_4000,4000,,0.577295,100.0000,srtm_band_mask_rescaled_to_vector_area,30,2026-09-08T06:55:17+00:00
G073648E42000N,upper_syr_darya,syr_darya,3000_4000,3000,4000,0.084084,100.0000,srtm_band_mask_rescaled_to_vector_area,30,2026-09-08T06:55:17+00:00
G073648E42337N,upper_syr_darya,syr_darya,3000_4000,3000,4000,0.033871,100.0000,srtm_band_mask_rescaled_to_vector_area,30,2026-09-08T06:55:17+00:00
G073649E42137N,upper_syr_darya,syr_darya,3000_4000,3000,4000,0.038262,100.0000,srtm_band_mask_rescaled_to_vector_area,30,2026-09-08T06:55:17+00:00
G073650E39928N,upper_syr_darya,syr_darya,gte_4000,4000,,0.106661,100.0000,srtm_band_mask_rescaled_to_vector_area,30,2026-09-08T06:55:17+00:00
G073651E42010N,upper_syr_darya,syr_darya,3000_4000,3000,4000,0.092566,100.0000,srtm_band_mask_rescaled_to_vector_area,30,2026-09-08T06:55:17+00:00
G073652E39944N,upper_syr_darya,syr_darya,gte_4000,4000,,0.275867,100.0000,srtm_band_mask_rescaled_to_vector_area,30,2026-09-08T06:55:17+00:00
G073653E42335N,upper_syr_darya,syr_darya,3000_4000,3000,4000,0.030498,100.0000,srtm_band_mask_rescaled_to_vector_area,30,2026-09-08T06:55:17+00:00
G073655E39953N,upper_syr_darya,syr_darya,3000_4000,3000,4000,0.080354,20.2254,srtm_band_mask_rescaled_to_vector_area,30,2026-09-08T06:55:17+00:00
G073655E39953N,upper_syr_darya,syr_darya,gte_4000,4000,,0.316937,79.7746,srtm_band_mask_rescaled_to_vector_area,30,2026-09-08T06:55:17+00:00
G073659E42012N,upper_syr_darya,syr_darya,3000_4000,3000,4000,0.157640,100.0000,srtm_band_mask_rescaled_to_vector_area,30,2026-09-08T06:55:17+00:00
G073659E42311N,upper_syr_darya,syr_darya,3000_4000,3000,4000,0.119737,100.0000,srtm_band_mask_rescaled_to_vector_area,30,2026-09-08T06:55:17+00:00
G073660E39929N,upper_syr_darya,syr_darya,gte_4000,4000,,0.381160,100.0000,srtm_band_mask_rescaled_to_vector_area,30,2026-09-08T06:55:17+00:00
G073661E39936N,upper_syr_darya,syr_darya,3000_4000,3000,4000,0.009650,2.0569,srtm_band_mask_rescaled_to_vector_area,30,2026-09-08T06:55:17+00:00
G073661E39936N,upper_syr_darya,syr_darya,gte_4000,4000,,0.459501,97.9431,srtm_band_mask_rescaled_to_vector_area,30,2026-09-08T06:55:17+00:00
G073670E42016N,upper_syr_darya,syr_darya,3000_4000,3000,4000,0.282372,100.0000,srtm_band_mask_rescaled_to_vector_area,30,2026-09-08T06:55:17+00:00
G073672E39937N,upper_syr_darya,syr_darya,3000_4000,3000,4000,0.053116,13.0678,srtm_band_mask_rescaled_to_vector_area,30,2026-09-08T06:55:17+00:00
G073672E39937N,upper_syr_darya,syr_darya,gte_4000,4000,,0.353349,86.9322,srtm_band_mask_rescaled_to_vector_area,30,2026-09-08T06:55:17+00:00
G073673E39935N,upper_syr_darya,syr_darya,gte_4000,4000,,0.020210,100.0000,srtm_band_mask_rescaled_to_vector_area,30,2026-09-08T06:55:17+00:00
G073677E39933N,upper_syr_darya,syr_darya,gte_4000,4000,,0.018667,100.0000,srtm_band_mask_rescaled_to_vector_area,30,2026-09-08T06:55:17+00:00
G073677E42016N,upper_syr_darya,syr_darya,3000_4000,3000,4000,0.132287,100.0000,srtm_band_mask_rescaled_to_vector_area,30,2026-09-08T06:55:17+00:00
G073686E42015N,upper_syr_darya,syr_darya,3000_4000,3000,4000,0.127615,100.0000,srtm_band_mask_rescaled_to_vector_area,30,2026-09-08T06:55:17+00:00
G073692E39952N,upper_syr_darya,syr_darya,gte_4000,4000,,0.077422,100.0000,srtm_band_mask_rescaled_to_vector_area,30,2026-09-08T06:55:17+00:00
G073692E42013N,upper_syr_darya,syr_darya,3000_4000,3000,4000,0.182320,100.0000,srtm_band_mask_rescaled_to_vector_area,30,2026-09-08T06:55:17+00:00
G073698E42011N,upper_syr_darya,syr_darya,3000_4000,3000,4000,0.201086,100.0000,srtm_band_mask_rescaled_to_vector_area,30,2026-09-08T06:55:17+00:00
G073701E39949N,upper_syr_darya,syr_darya,gte_4000,4000,,0.054613,100.0000,srtm_band_mask_rescaled_to_vector_area,30,2026-09-08T06:55:17+00:00
G073708E40059N,upper_syr_darya,syr_darya,3000_4000,3000,4000,0.018453,19.8021,srtm_band_mask_rescaled_to_vector_area,30,2026-09-08T06:55:17+00:00
G073708E40059N,upper_syr_darya,syr_darya,gte_4000,4000,,0.074736,80.1979,srtm_band_mask_rescaled_to_vector_area,30,2026-09-08T06:55:17+00:00
G073709E42012N,upper_syr_darya,syr_darya,3000_4000,3000,4000,0.149934,100.0000,srtm_band_mask_rescaled_to_vector_area,30,2026-09-08T06:55:17+00:00
G073713E42011N,upper_syr_darya,syr_darya,3000_4000,3000,4000,0.125090,100.0000,srtm_band_mask_rescaled_to_vector_area,30,2026-09-08T06:55:17+00:00
G073715E40057N,upper_syr_darya,syr_darya,gte_4000,4000,,0.032549,100.0000,srtm_band_mask_rescaled_to_vector_area,30,2026-09-08T06:55:17+00:00
G073717E39970N,upper_syr_darya,syr_darya,gte_4000,4000,,0.200075,100.0000,srtm_band_mask_rescaled_to_vector_area,30,2026-09-08T06:55:17+00:00
G073718E40065N,upper_syr_darya,syr_darya,gte_4000,4000,,0.019262,100.0000,srtm_band_mask_rescaled_to_vector_area,30,2026-09-08T06:55:17+00:00
G073718E42008N,upper_syr_darya,syr_darya,3000_4000,3000,4000,0.165714,100.0000,srtm_band_mask_rescaled_to_vector_area,30,2026-09-08T06:55:17+00:00
G073723E42007N,upper_syr_darya,syr_darya,3000_4000,3000,4000,0.026364,100.0000,srtm_band_mask_rescaled_to_vector_area,30,2026-09-08T06:55:17+00:00
G073726E42006N,upper_syr_darya,syr_darya,3000_4000,3000,4000,0.099551,100.0000,srtm_band_mask_rescaled_to_vector_area,30,2026-09-08T06:55:17+00:00
G073732E42011N,upper_syr_darya,syr_darya,3000_4000,3000,4000,0.012445,100.0000,srtm_band_mask_rescaled_to_vector_area,30,2026-09-08T06:55:17+00:00
G073733E42006N,upper_syr_darya,syr_darya,3000_4000,3000,4000,0.254145,100.0000,srtm_band_mask_rescaled_to_vector_area,30,2026-09-08T06:55:17+00:00
G073738E40007N,upper_syr_darya,syr_darya,gte_4000,4000,,0.033342,100.0000,srtm_band_mask_rescaled_to_vector_area,30,2026-09-08T06:55:17+00:00
G073739E42007N,upper_syr_darya,syr_darya,3000_4000,3000,4000,0.064297,100.0000,srtm_band_mask_rescaled_to_vector_area,30,2026-09-08T06:55:17+00:00
G073742E40025N,upper_syr_darya,syr_darya,gte_4000,4000,,0.339493,100.0000,srtm_band_mask_rescaled_to_vector_area,30,2026-09-08T06:55:17+00:00
G073742E40049N,upper_syr_darya,syr_darya,3000_4000,3000,4000,0.056115,99.7985,srtm_band_mask_rescaled_to_vector_area,30,2026-09-08T06:55:17+00:00
G073742E40049N,upper_syr_darya,syr_darya,gte_4000,4000,,0.000113,0.2015,srtm_band_mask_rescaled_to_vector_area,30,2026-09-08T06:55:17+00:00
G073742E40103N,upper_syr_darya,syr_darya,3000_4000,3000,4000,0.058171,25.0285,srtm_band_mask_rescaled_to_vector_area,30,2026-09-08T06:55:17+00:00
G073742E40103N,upper_syr_darya,syr_darya,gte_4000,4000,,0.174248,74.9715,srtm_band_mask_rescaled_to_vector_area,30,2026-09-08T06:55:17+00:00
G073744E42007N,upper_syr_darya,syr_darya,3000_4000,3000,4000,0.039292,100.0000,srtm_band_mask_rescaled_to_vector_area,30,2026-09-08T06:55:17+00:00
G073745E40114N,upper_syr_darya,syr_darya,3000_4000,3000,4000,0.058789,96.8200,srtm_band_mask_rescaled_to_vector_area,30,2026-09-08T06:55:17+00:00
G073745E40114N,upper_syr_darya,syr_darya,gte_4000,4000,,0.001931,3.1800,srtm_band_mask_rescaled_to_vector_area,30,2026-09-08T06:55:17+00:00
G073748E40111N,upper_syr_darya,syr_darya,gte_4000,4000,,0.032858,100.0000,srtm_band_mask_rescaled_to_vector_area,30,2026-09-08T06:55:17+00:00
G073749E40105N,upper_syr_darya,syr_darya,gte_4000,4000,,0.193555,100.0000,srtm_band_mask_rescaled_to_vector_area,30,2026-09-08T06:55:17+00:00
G073752E40057N,upper_syr_darya,syr_darya,gte_4000,4000,,0.078838,100.0000,srtm_band_mask_rescaled_to_vector_area,30,2026-09-08T06:55:17+00:00
G073752E40062N,upper_syr_darya,syr_darya,3000_4000,3000,4000,0.046654,75.4572,srtm_band_mask_rescaled_to_vector_area,30,2026-09-08T06:55:17+00:00
G073752E40062N,upper_syr_darya,syr_darya,gte_4000,4000,,0.015174,24.5428,srtm_band_mask_rescaled_to_vector_area,30,2026-09-08T06:55:17+00:00
G073752E42008N,upper_syr_darya,syr_darya,3000_4000,3000,4000,0.045236,100.0000,srtm_band_mask_rescaled_to_vector_area,30,2026-09-08T06:55:17+00:00
G073758E40106N,upper_syr_darya,syr_darya,3000_4000,3000,4000,0.178160,76.6475,srtm_band_mask_rescaled_to_vector_area,30,2026-09-08T06:55:17+00:00
G073758E40106N,upper_syr_darya,syr_darya,gte_4000,4000,,0.054281,23.3525,srtm_band_mask_rescaled_to_vector_area,30,2026-09-08T06:55:17+00:00
G073763E40102N,upper_syr_darya,syr_darya,3000_4000,3000,4000,0.380878,32.5238,srtm_band_mask_rescaled_to_vector_area,30,2026-09-08T06:55:17+00:00
G073763E40102N,upper_syr_darya,syr_darya,gte_4000,4000,,0.790199,67.4762,srtm_band_mask_rescaled_to_vector_area,30,2026-09-08T06:55:17+00:00
G073767E40090N,upper_syr_darya,syr_darya,gte_4000,4000,,0.236835,100.0000,srtm_band_mask_rescaled_to_vector_area,30,2026-09-08T06:55:17+00:00
G073767E40290N,upper_syr_darya,syr_darya,3000_4000,3000,4000,0.039381,100.0000,srtm_band_mask_rescaled_to_vector_area,30,2026-09-08T06:55:17+00:00
G073767E41979N,upper_syr_darya,syr_darya,3000_4000,3000,4000,0.057236,100.0000,srtm_band_mask_rescaled_to_vector_area,30,2026-09-08T06:55:17+00:00
G073769E40097N,upper_syr_darya,syr_darya,gte_4000,4000,,0.031111,100.0000,srtm_band_mask_rescaled_to_vector_area,30,2026-09-08T06:55:17+00:00
G073769E41962N,upper_syr_darya,syr_darya,3000_4000,3000,4000,0.101052,100.0000,srtm_band_mask_rescaled_to_vector_area,30,2026-09-08T06:55:17+00:00
G073770E41988N,upper_syr_darya,syr_darya,3000_4000,3000,4000,0.043042,100.0000,srtm_band_mask_rescaled_to_vector_area,30,2026-09-08T06:55:17+00:00
G073772E40285N,upper_syr_darya,syr_darya,3000_4000,3000,4000,0.027936,100.0000,srtm_band_mask_rescaled_to_vector_area,30,2026-09-08T06:55:17+00:00
G073772E41986N,upper_syr_darya,syr_darya,3000_4000,3000,4000,0.078637,100.0000,srtm_band_mask_rescaled_to_vector_area,30,2026-09-08T06:55:17+00:00
G073773E40080N,upper_syr_darya,syr_darya,3000_4000,3000,4000,0.204914,41.6425,srtm_band_mask_rescaled_to_vector_area,30,2026-09-08T06:55:17+00:00
G073773E40080N,upper_syr_darya,syr_darya,gte_4000,4000,,0.287164,58.3575,srtm_band_mask_rescaled_to_vector_area,30,2026-09-08T06:55:17+00:00
G073773E41992N,upper_syr_darya,syr_darya,3000_4000,3000,4000,0.025742,100.0000,srtm_band_mask_rescaled_to_vector_area,30,2026-09-08T06:55:17+00:00
G073775E40282N,upper_syr_darya,syr_darya,3000_4000,3000,4000,0.017590,100.0000,srtm_band_mask_rescaled_to_vector_area,30,2026-09-08T06:55:17+00:00
G073776E40102N,upper_syr_darya,syr_darya,gte_4000,4000,,0.355738,100.0000,srtm_band_mask_rescaled_to_vector_area,30,2026-09-08T06:55:17+00:00
G073776E41943N,upper_syr_darya,syr_darya,3000_4000,3000,4000,0.117147,100.0000,srtm_band_mask_rescaled_to_vector_area,30,2026-09-08T06:55:17+00:00
G073776E41952N,upper_syr_darya,syr_darya,3000_4000,3000,4000,0.127564,100.0000,srtm_band_mask_rescaled_to_vector_area,30,2026-09-08T06:55:17+00:00
G073776E41987N,upper_syr_darya,syr_darya,3000_4000,3000,4000,0.028873,100.0000,srtm_band_mask_rescaled_to_vector_area,30,2026-09-08T06:55:17+00:00
G073777E40113N,upper_syr_darya,syr_darya,3000_4000,3000,4000,0.303385,56.6381,srtm_band_mask_rescaled_to_vector_area,30,2026-09-08T06:55:17+00:00
G073777E40113N,upper_syr_darya,syr_darya,gte_4000,4000,,0.232271,43.3619,srtm_band_mask_rescaled_to_vector_area,30,2026-09-08T06:55:17+00:00
G073777E41977N,upper_syr_darya,syr_darya,3000_4000,3000,4000,0.298071,100.0000,srtm_band_mask_rescaled_to_vector_area,30,2026-09-08T06:55:17+00:00
G073779E41961N,upper_syr_darya,syr_darya,3000_4000,3000,4000,0.149662,100.0000,srtm_band_mask_rescaled_to_vector_area,30,2026-09-08T06:55:17+00:00
G073780E41948N,upper_syr_darya,syr_darya,3000_4000,3000,4000,0.075421,100.0000,srtm_band_mask_rescaled_to_vector_area,30,2026-09-08T06:55:17+00:00
G073781E40281N,upper_syr_darya,syr_darya,3000_4000,3000,4000,0.037710,100.0000,srtm_band_mask_rescaled_to_vector_area,30,2026-09-08T06:55:17+00:00
G073783E41953N,upper_syr_darya,syr_darya,3000_4000,3000,4000,0.286682,100.0000,srtm_band_mask_rescaled_to_vector_area,30,2026-09-08T06:55:17+00:00
G073783E41967N,upper_syr_darya,syr_darya,3000_4000,3000,4000,0.020426,100.0000,srtm_band_mask_rescaled_to_vector_area,30,2026-09-08T06:55:17+00:00
G073784E40131N,upper_syr_darya,syr_darya,3000_4000,3000,4000,0.274089,70.6835,srtm_band_mask_rescaled_to_vector_area,30,2026-09-08T06:55:17+00:00
G073784E40131N,upper_syr_darya,syr_darya,gte_4000,4000,,0.113680,29.3165,srtm_band_mask_rescaled_to_vector_area,30,2026-09-08T06:55:17+00:00
G073786E40111N,upper_syr_darya,syr_darya,gte_4000,4000,,0.059324,100.0000,srtm_band_mask_rescaled_to_vector_area,30,2026-09-08T06:55:17+00:00
G073786E40116N,upper_syr_darya,syr_darya,gte_4000,4000,,0.144204,100.0000,srtm_band_mask_rescaled_to_vector_area,30,2026-09-08T06:55:17+00:00
G073786E40280N,upper_syr_darya,syr_darya,3000_4000,3000,4000,0.017022,100.0000,srtm_band_mask_rescaled_to_vector_area,30,2026-09-08T06:55:17+00:00
G073787E41971N,upper_syr_darya,syr_darya,3000_4000,3000,4000,0.097808,100.0000,srtm_band_mask_rescaled_to_vector_area,30,2026-09-08T06:55:17+00:00
G073790E40113N,upper_syr_darya,syr_darya,gte_4000,4000,,0.086765,100.0000,srtm_band_mask_rescaled_to_vector_area,30,2026-09-08T06:55:17+00:00
G073793E41943N,upper_syr_darya,syr_darya,3000_4000,3000,4000,0.027946,100.0000,srtm_band_mask_rescaled_to_vector_area,30,2026-09-08T06:55:17+00:00
G073795E40141N,upper_syr_darya,syr_darya,3000_4000,3000,4000,0.162405,33.0135,srtm_band_mask_rescaled_to_vector_area,30,2026-09-08T06:55:17+00:00
G073795E40141N,upper_syr_darya,syr_darya,gte_4000,4000,,0.329530,66.9865,srtm_band_mask_rescaled_to_vector_area,30,2026-09-08T06:55:17+00:00
G073797E41991N,upper_syr_darya,syr_darya,3000_4000,3000,4000,0.010215,100.0000,srtm_band_mask_rescaled_to_vector_area,30,2026-09-08T06:55:17+00:00
G073798E40128N,upper_syr_darya,syr_darya,3000_4000,3000,4000,0.058342,6.8065,srtm_band_mask_rescaled_to_vector_area,30,2026-09-08T06:55:17+00:00
G073798E40128N,upper_syr_darya,syr_darya,gte_4000,4000,,0.798802,93.1935,srtm_band_mask_rescaled_to_vector_area,30,2026-09-08T06:55:17+00:00
G073798E41953N,upper_syr_darya,syr_darya,3000_4000,3000,4000,1.574517,100.0000,srtm_band_mask_rescaled_to_vector_area,30,2026-09-08T06:55:17+00:00
G073802E40141N,upper_syr_darya,syr_darya,3000_4000,3000,4000,0.112454,59.4290,srtm_band_mask_rescaled_to_vector_area,30,2026-09-08T06:55:17+00:00
G073802E40141N,upper_syr_darya,syr_darya,gte_4000,4000,,0.076770,40.5710,srtm_band_mask_rescaled_to_vector_area,30,2026-09-08T06:55:17+00:00
G073802E40143N,upper_syr_darya,syr_darya,3000_4000,3000,4000,0.129060,100.0000,srtm_band_mask_rescaled_to_vector_area,30,2026-09-08T06:55:17+00:00
G073803E41172N,upper_syr_darya,syr_darya,3000_4000,3000,4000,0.010814,100.0000,srtm_band_mask_rescaled_to_vector_area,30,2026-09-08T06:55:17+00:00
G073804E40301N,upper_syr_darya,syr_darya,3000_4000,3000,4000,0.018338,100.0000,srtm_band_mask_rescaled_to_vector_area,30,2026-09-08T06:55:17+00:00
G073805E40141N,upper_syr_darya,syr_darya,3000_4000,3000,4000,0.058268,56.0500,srtm_band_mask_rescaled_to_vector_area,30,2026-09-08T06:55:17+00:00
G073805E40141N,upper_syr_darya,syr_darya,gte_4000,4000,,0.045689,43.9500,srtm_band_mask_rescaled_to_vector_area,30,2026-09-08T06:55:17+00:00
G073807E41946N,upper_syr_darya,syr_darya,3000_4000,3000,4000,0.016132,100.0000,srtm_band_mask_rescaled_to_vector_area,30,2026-09-08T06:55:17+00:00
G073810E41168N,upper_syr_darya,syr_darya,3000_4000,3000,4000,0.042262,100.0000,srtm_band_mask_rescaled_to_vector_area,30,2026-09-08T06:55:17+00:00
G073810E41936N,upper_syr_darya,syr_darya,3000_4000,3000,4000,0.033709,100.0000,srtm_band_mask_rescaled_to_vector_area,30,2026-09-08T06:55:17+00:00
G073811E40303N,upper_syr_darya,syr_darya,3000_4000,3000,4000,0.067382,100.0000,srtm_band_mask_rescaled_to_vector_area,30,2026-09-08T06:55:17+00:00
G073811E41945N,upper_syr_darya,syr_darya,3000_4000,3000,4000,0.147456,100.0000,srtm_band_mask_rescaled_to_vector_area,30,2026-09-08T06:55:17+00:00
G073813E40294N,upper_syr_darya,syr_darya,3000_4000,3000,4000,0.030913,88.7410,srtm_band_mask_rescaled_to_vector_area,30,2026-09-08T06:55:17+00:00
G073813E40294N,upper_syr_darya,syr_darya,gte_4000,4000,,0.003922,11.2590,srtm_band_mask_rescaled_to_vector_area,30,2026-09-08T06:55:17+00:00
G073814E40148N,upper_syr_darya,syr_darya,3000_4000,3000,4000,0.151349,50.0265,srtm_band_mask_rescaled_to_vector_area,30,2026-09-08T06:55:17+00:00
G073814E40148N,upper_syr_darya,syr_darya,gte_4000,4000,,0.151188,49.9735,srtm_band_mask_rescaled_to_vector_area,30,2026-09-08T06:55:17+00:00
G073814E41958N,upper_syr_darya,syr_darya,3000_4000,3000,4000,0.401293,100.0000,srtm_band_mask_rescaled_to_vector_area,30,2026-09-08T06:55:17+00:00
G073817E40275N,upper_syr_darya,syr_darya,3000_4000,3000,4000,0.010446,100.0000,srtm_band_mask_rescaled_to_vector_area,30,2026-09-08T06:55:17+00:00
G073817E40300N,upper_syr_darya,syr_darya,3000_4000,3000,4000,0.027182,100.0000,srtm_band_mask_rescaled_to_vector_area,30,2026-09-08T06:55:17+00:00
G073817E41970N,upper_syr_darya,syr_darya,3000_4000,3000,4000,0.015728,100.0000,srtm_band_mask_rescaled_to_vector_area,30,2026-09-08T06:55:17+00:00
G073818E41133N,upper_syr_darya,syr_darya,3000_4000,3000,4000,0.015734,100.0000,srtm_band_mask_rescaled_to_vector_area,30,2026-09-08T06:55:17+00:00
G073819E41147N,upper_syr_darya,syr_darya,3000_4000,3000,4000,0.038929,100.0000,srtm_band_mask_rescaled_to_vector_area,30,2026-09-08T06:55:17+00:00
G073819E41154N,upper_syr_darya,syr_darya,3000_4000,3000,4000,0.026450,100.0000,srtm_band_mask_rescaled_to_vector_area,30,2026-09-08T06:55:17+00:00
G073820E40284N,upper_syr_darya,syr_darya,3000_4000,3000,4000,0.015181,100.0000,srtm_band_mask_rescaled_to_vector_area,30,2026-09-08T06:55:17+00:00
G073820E40289N,upper_syr_darya,syr_darya,3000_4000,3000,4000,0.033525,100.0000,srtm_band_mask_rescaled_to_vector_area,30,2026-09-08T06:55:17+00:00
G073821E40273N,upper_syr_darya,syr_darya,3000_4000,3000,4000,0.052853,99.3017,srtm_band_mask_rescaled_to_vector_area,30,2026-09-08T06:55:17+00:00
G073821E40273N,upper_syr_darya,syr_darya,gte_4000,4000,,0.000372,0.6983,srtm_band_mask_rescaled_to_vector_area,30,2026-09-08T06:55:17+00:00
G073821E41127N,upper_syr_darya,syr_darya,3000_4000,3000,4000,0.023520,100.0000,srtm_band_mask_rescaled_to_vector_area,30,2026-09-08T06:55:17+00:00
G073821E41155N,upper_syr_darya,syr_darya,3000_4000,3000,4000,0.013846,100.0000,srtm_band_mask_rescaled_to_vector_area,30,2026-09-08T06:55:17+00:00
G073823E41959N,upper_syr_darya,syr_darya,3000_4000,3000,4000,0.402804,100.0000,srtm_band_mask_rescaled_to_vector_area,30,2026-09-08T06:55:17+00:00
G073825E41968N,upper_syr_darya,syr_darya,3000_4000,3000,4000,0.121847,100.0000,srtm_band_mask_rescaled_to_vector_area,30,2026-09-08T06:55:17+00:00
G073826E41975N,upper_syr_darya,syr_darya,3000_4000,3000,4000,0.205160,100.0000,srtm_band_mask_rescaled_to_vector_area,30,2026-09-08T06:55:17+00:00
G073827E40277N,upper_syr_darya,syr_darya,3000_4000,3000,4000,0.131598,93.0530,srtm_band_mask_rescaled_to_vector_area,30,2026-09-08T06:55:17+00:00
G073827E40277N,upper_syr_darya,syr_darya,gte_4000,4000,,0.009825,6.9470,srtm_band_mask_rescaled_to_vector_area,30,2026-09-08T06:55:17+00:00
G073829E40143N,upper_syr_darya,syr_darya,3000_4000,3000,4000,0.277791,51.9141,srtm_band_mask_rescaled_to_vector_area,30,2026-09-08T06:55:17+00:00
G073829E40143N,upper_syr_darya,syr_darya,gte_4000,4000,,0.257306,48.0859,srtm_band_mask_rescaled_to_vector_area,30,2026-09-08T06:55:17+00:00
G073830E40216N,upper_syr_darya,syr_darya,3000_4000,3000,4000,0.080663,76.2533,srtm_band_mask_rescaled_to_vector_area,30,2026-09-08T06:55:17+00:00
G073830E40216N,upper_syr_darya,syr_darya,gte_4000,4000,,0.025120,23.7467,srtm_band_mask_rescaled_to_vector_area,30,2026-09-08T06:55:17+00:00
G073833E41974N,upper_syr_darya,syr_darya,3000_4000,3000,4000,0.047097,100.0000,srtm_band_mask_rescaled_to_vector_area,30,2026-09-08T06:55:17+00:00
G073834E40275N,upper_syr_darya,syr_darya,3000_4000,3000,4000,0.441104,79.5729,srtm_band_mask_rescaled_to_vector_area,30,2026-09-08T06:55:17+00:00
G073834E40275N,upper_syr_darya,syr_darya,gte_4000,4000,,0.113236,20.4271,srtm_band_mask_rescaled_to_vector_area,30,2026-09-08T06:55:17+00:00
G073834E41960N,upper_syr_darya,syr_darya,3000_4000,3000,4000,0.663535,100.0000,srtm_band_mask_rescaled_to_vector_area,30,2026-09-08T06:55:17+00:00
G073834E41982N,upper_syr_darya,syr_darya,3000_4000,3000,4000,0.014206,100.0000,srtm_band_mask_rescaled_to_vector_area,30,2026-09-08T06:55:17+00:00
G073835E40144N,upper_syr_darya,syr_darya,3000_4000,3000,4000,0.023873,40.1372,srtm_band_mask_rescaled_to_vector_area,30,2026-09-08T06:55:17+00:00
G073835E40144N,upper_syr_darya,syr_darya,gte_4000,4000,,0.035605,59.8628,srtm_band_mask_rescaled_to_vector_area,30,2026-09-08T06:55:17+00:00
G073837E40146N,upper_syr_darya,syr_darya,3000_4000,3000,4000,0.050484,73.2607,srtm_band_mask_rescaled_to_vector_area,30,2026-09-08T06:55:17+00:00
G073837E40146N,upper_syr_darya,syr_darya,gte_4000,4000,,0.018426,26.7393,srtm_band_mask_rescaled_to_vector_area,30,2026-09-08T06:55:17+00:00
G073837E41910N,upper_syr_darya,syr_darya,3000_4000,3000,4000,0.015802,100.0000,srtm_band_mask_rescaled_to_vector_area,30,2026-09-08T06:55:17+00:00
G073838E41943N,upper_syr_darya,syr_darya,3000_4000,3000,4000,0.027986,100.0000,srtm_band_mask_rescaled_to_vector_area,30,2026-09-08T06:55:17+00:00
G073840E40262N,upper_syr_darya,syr_darya,3000_4000,3000,4000,0.160582,84.8356,srtm_band_mask_rescaled_to_vector_area,30,2026-09-08T06:55:17+00:00
G073840E40262N,upper_syr_darya,syr_darya,gte_4000,4000,,0.028704,15.1644,srtm_band_mask_rescaled_to_vector_area,30,2026-09-08T06:55:17+00:00
G073840E41981N,upper_syr_darya,syr_darya,3000_4000,3000,4000,0.021361,100.0000,srtm_band_mask_rescaled_to_vector_area,30,2026-09-08T06:55:17+00:00
G073841E41948N,upper_syr_darya,syr_darya,3000_4000,3000,4000,0.070493,100.0000,srtm_band_mask_rescaled_to_vector_area,30,2026-09-08T06:55:17+00:00
G073843E41913N,upper_syr_darya,syr_darya,3000_4000,3000,4000,0.065551,100.0000,srtm_band_mask_rescaled_to_vector_area,30,2026-09-08T06:55:17+00:00
G073844E40279N,upper_syr_darya,syr_darya,gte_4000,4000,,0.047935,100.0000,srtm_band_mask_rescaled_to_vector_area,30,2026-09-08T06:55:17+00:00
G073844E41953N,upper_syr_darya,syr_darya,3000_4000,3000,4000,0.685673,100.0000,srtm_band_mask_rescaled_to_vector_area,30,2026-09-08T06:55:17+00:00
G073844E41962N,upper_syr_darya,syr_darya,3000_4000,3000,4000,0.020886,100.0000,srtm_band_mask_rescaled_to_vector_area,30,2026-09-08T06:55:17+00:00
G073845E40284N,upper_syr_darya,syr_darya,3000_4000,3000,4000,0.048694,64.4821,srtm_band_mask_rescaled_to_vector_area,30,2026-09-08T06:55:17+00:00
G073845E40284N,upper_syr_darya,syr_darya,gte_4000,4000,,0.026822,35.5179,srtm_band_mask_rescaled_to_vector_area,30,2026-09-08T06:55:17+00:00
G073846E41930N,upper_syr_darya,syr_darya,3000_4000,3000,4000,0.222206,100.0000,srtm_band_mask_rescaled_to_vector_area,30,2026-09-08T06:55:17+00:00
G073847E40255N,upper_syr_darya,syr_darya,3000_4000,3000,4000,0.089411,100.0000,srtm_band_mask_rescaled_to_vector_area,30,2026-09-08T06:55:17+00:00
G073848E41923N,upper_syr_darya,syr_darya,3000_4000,3000,4000,0.042605,100.0000,srtm_band_mask_rescaled_to_vector_area,30,2026-09-08T06:55:17+00:00
G073849E40290N,upper_syr_darya,syr_darya,3000_4000,3000,4000,0.037448,100.0000,srtm_band_mask_rescaled_to_vector_area,30,2026-09-08T06:55:17+00:00
G073850E40212N,upper_syr_darya,syr_darya,3000_4000,3000,4000,0.340974,93.4869,srtm_band_mask_rescaled_to_vector_area,30,2026-09-08T06:55:17+00:00
G073850E40212N,upper_syr_darya,syr_darya,gte_4000,4000,,0.023755,6.5131,srtm_band_mask_rescaled_to_vector_area,30,2026-09-08T06:55:17+00:00
G073851E40249N,upper_syr_darya,syr_darya,3000_4000,3000,4000,0.021208,100.0000,srtm_band_mask_rescaled_to_vector_area,30,2026-09-08T06:55:17+00:00
G073851E41908N,upper_syr_darya,syr_darya,3000_4000,3000,4000,0.035636,100.0000,srtm_band_mask_rescaled_to_vector_area,30,2026-09-08T06:55:17+00:00
G073851E41918N,upper_syr_darya,syr_darya,3000_4000,3000,4000,0.105130,100.0000,srtm_band_mask_rescaled_to_vector_area,30,2026-09-08T06:55:17+00:00
G073852E40173N,upper_syr_darya,syr_darya,3000_4000,3000,4000,0.007826,7.1727,srtm_band_mask_rescaled_to_vector_area,30,2026-09-08T06:55:17+00:00
G073852E40173N,upper_syr_darya,syr_darya,gte_4000,4000,,0.101283,92.8273,srtm_band_mask_rescaled_to_vector_area,30,2026-09-08T06:55:17+00:00
G073852E40283N,upper_syr_darya,syr_darya,gte_4000,4000,,0.022427,100.0000,srtm_band_mask_rescaled_to_vector_area,30,2026-09-08T06:55:17+00:00
G073854E40164N,upper_syr_darya,syr_darya,3000_4000,3000,4000,0.033028,14.4745,srtm_band_mask_rescaled_to_vector_area,30,2026-09-08T06:55:17+00:00
G073854E40164N,upper_syr_darya,syr_darya,gte_4000,4000,,0.195150,85.5255,srtm_band_mask_rescaled_to_vector_area,30,2026-09-08T06:55:17+00:00
G073855E40227N,upper_syr_darya,syr_darya,gte_4000,4000,,0.018051,100.0000,srtm_band_mask_rescaled_to_vector_area,30,2026-09-08T06:55:17+00:00
G073856E40225N,upper_syr_darya,syr_darya,gte_4000,4000,,0.023534,100.0000,srtm_band_mask_rescaled_to_vector_area,30,2026-09-08T06:55:17+00:00
G073856E40285N,upper_syr_darya,syr_darya,3000_4000,3000,4000,0.079569,96.5207,srtm_band_mask_rescaled_to_vector_area,30,2026-09-08T06:55:17+00:00
G073856E40285N,upper_syr_darya,syr_darya,gte_4000,4000,,0.002868,3.4793,srtm_band_mask_rescaled_to_vector_area,30,2026-09-08T06:55:17+00:00
G073857E41126N,upper_syr_darya,syr_darya,3000_4000,3000,4000,0.050881,100.0000,srtm_band_mask_rescaled_to_vector_area,30,2026-09-08T06:55:17+00:00
G073859E40215N,upper_syr_darya,syr_darya,gte_4000,4000,,0.164020,100.0000,srtm_band_mask_rescaled_to_vector_area,30,2026-09-08T06:55:17+00:00
G073859E40236N,upper_syr_darya,syr_darya,3000_4000,3000,4000,0.018774,100.0000,srtm_band_mask_rescaled_to_vector_area,30,2026-09-08T06:55:17+00:00
G073860E41952N,upper_syr_darya,syr_darya,3000_4000,3000,4000,0.375902,100.0000,srtm_band_mask_rescaled_to_vector_area,30,2026-09-08T06:55:17+00:00
G073862E40224N,upper_syr_darya,syr_darya,3000_4000,3000,4000,0.104894,94.0487,srtm_band_mask_rescaled_to_vector_area,30,2026-09-08T06:55:17+00:00
G073862E40224N,upper_syr_darya,syr_darya,gte_4000,4000,,0.006638,5.9513,srtm_band_mask_rescaled_to_vector_area,30,2026-09-08T06:55:17+00:00
G073862E40287N,upper_syr_darya,syr_darya,3000_4000,3000,4000,0.015620,55.9140,srtm_band_mask_rescaled_to_vector_area,30,2026-09-08T06:55:17+00:00
G073862E40287N,upper_syr_darya,syr_darya,gte_4000,4000,,0.012316,44.0860,srtm_band_mask_rescaled_to_vector_area,30,2026-09-08T06:55:17+00:00
G073863E41908N,upper_syr_darya,syr_darya,3000_4000,3000,4000,0.094769,100.0000,srtm_band_mask_rescaled_to_vector_area,30,2026-09-08T06:55:17+00:00
G073864E40180N,upper_syr_darya,syr_darya,3000_4000,3000,4000,0.083457,17.3728,srtm_band_mask_rescaled_to_vector_area,30,2026-09-08T06:55:17+00:00
G073864E40180N,upper_syr_darya,syr_darya,gte_4000,4000,,0.396931,82.6272,srtm_band_mask_rescaled_to_vector_area,30,2026-09-08T06:55:17+00:00
G073864E40217N,upper_syr_darya,syr_darya,3000_4000,3000,4000,0.008448,10.6546,srtm_band_mask_rescaled_to_vector_area,30,2026-09-08T06:55:17+00:00
G073864E40217N,upper_syr_darya,syr_darya,gte_4000,4000,,0.070845,89.3454,srtm_band_mask_rescaled_to_vector_area,30,2026-09-08T06:55:17+00:00
G073868E40202N,upper_syr_darya,syr_darya,3000_4000,3000,4000,0.076922,63.2102,srtm_band_mask_rescaled_to_vector_area,30,2026-09-08T06:55:17+00:00
G073868E40202N,upper_syr_darya,syr_darya,gte_4000,4000,,0.044771,36.7898,srtm_band_mask_rescaled_to_vector_area,30,2026-09-08T06:55:17+00:00
G073869E41905N,upper_syr_darya,syr_darya,3000_4000,3000,4000,0.027351,100.0000,srtm_band_mask_rescaled_to_vector_area,30,2026-09-08T06:55:17+00:00
G073869E41949N,upper_syr_darya,syr_darya,3000_4000,3000,4000,0.038256,100.0000,srtm_band_mask_rescaled_to_vector_area,30,2026-09-08T06:55:17+00:00
G073869E41961N,upper_syr_darya,syr_darya,3000_4000,3000,4000,0.026775,100.0000,srtm_band_mask_rescaled_to_vector_area,30,2026-09-08T06:55:17+00:00
G073873E40213N,upper_syr_darya,syr_darya,3000_4000,3000,4000,0.658440,86.8623,srtm_band_mask_rescaled_to_vector_area,30,2026-09-08T06:55:17+00:00
G073873E40213N,upper_syr_darya,syr_darya,gte_4000,4000,,0.099587,13.1377,srtm_band_mask_rescaled_to_vector_area,30,2026-09-08T06:55:17+00:00
G073873E40500N,upper_syr_darya,syr_darya,3000_4000,3000,4000,0.139872,100.0000,srtm_band_mask_rescaled_to_vector_area,30,2026-09-08T06:55:17+00:00
G073873E41952N,upper_syr_darya,syr_darya,3000_4000,3000,4000,0.099412,100.0000,srtm_band_mask_rescaled_to_vector_area,30,2026-09-08T06:55:17+00:00
G073874E40197N,upper_syr_darya,syr_darya,3000_4000,3000,4000,0.022280,5.6160,srtm_band_mask_rescaled_to_vector_area,30,2026-09-08T06:55:17+00:00
G073874E40197N,upper_syr_darya,syr_darya,gte_4000,4000,,0.374446,94.3840,srtm_band_mask_rescaled_to_vector_area,30,2026-09-08T06:55:17+00:00
G073880E41950N,upper_syr_darya,syr_darya,3000_4000,3000,4000,0.156257,100.0000,srtm_band_mask_rescaled_to_vector_area,30,2026-09-08T06:55:17+00:00
G073882E40207N,upper_syr_darya,syr_darya,3000_4000,3000,4000,0.278143,79.9638,srtm_band_mask_rescaled_to_vector_area,30,2026-09-08T06:55:17+00:00
G073882E40207N,upper_syr_darya,syr_darya,gte_4000,4000,,0.069693,20.0362,srtm_band_mask_rescaled_to_vector_area,30,2026-09-08T06:55:17+00:00
G073886E40494N,upper_syr_darya,syr_darya,3000_4000,3000,4000,0.134094,100.0000,srtm_band_mask_rescaled_to_vector_area,30,2026-09-08T06:55:17+00:00
G073891E40205N,upper_syr_darya,syr_darya,3000_4000,3000,4000,0.033007,47.0850,srtm_band_mask_rescaled_to_vector_area,30,2026-09-08T06:55:17+00:00
G073891E40205N,upper_syr_darya,syr_darya,gte_4000,4000,,0.037094,52.9150,srtm_band_mask_rescaled_to_vector_area,30,2026-09-08T06:55:17+00:00
G073895E40207N,upper_syr_darya,syr_darya,3000_4000,3000,4000,0.160635,60.8199,srtm_band_mask_rescaled_to_vector_area,30,2026-09-08T06:55:17+00:00
G073895E40207N,upper_syr_darya,syr_darya,gte_4000,4000,,0.103481,39.1801,srtm_band_mask_rescaled_to_vector_area,30,2026-09-08T06:55:17+00:00
G073896E42359N,upper_syr_darya,syr_darya,3000_4000,3000,4000,0.353478,100.0000,srtm_band_mask_rescaled_to_vector_area,30,2026-09-08T06:55:17+00:00
G073898E40492N,upper_syr_darya,syr_darya,3000_4000,3000,4000,0.028590,96.6034,srtm_band_mask_rescaled_to_vector_area,30,2026-09-08T06:55:17+00:00
G073898E40492N,upper_syr_darya,syr_darya,gte_4000,4000,,0.001005,3.3966,srtm_band_mask_rescaled_to_vector_area,30,2026-09-08T06:55:17+00:00
G073901E40293N,upper_syr_darya,syr_darya,3000_4000,3000,4000,0.024310,74.5988,srtm_band_mask_rescaled_to_vector_area,30,2026-09-08T06:55:17+00:00
G073901E40293N,upper_syr_darya,syr_darya,gte_4000,4000,,0.008278,25.4012,srtm_band_mask_rescaled_to_vector_area,30,2026-09-08T06:55:17+00:00
G073903E40490N,upper_syr_darya,syr_darya,3000_4000,3000,4000,0.090261,100.0000,srtm_band_mask_rescaled_to_vector_area,30,2026-09-08T06:55:17+00:00
G073903E41949N,upper_syr_darya,syr_darya,3000_4000,3000,4000,0.015232,100.0000,srtm_band_mask_rescaled_to_vector_area,30,2026-09-08T06:55:17+00:00
G073904E40209N,upper_syr_darya,syr_darya,3000_4000,3000,4000,0.056754,19.4407,srtm_band_mask_rescaled_to_vector_area,30,2026-09-08T06:55:17+00:00
G073904E40209N,upper_syr_darya,syr_darya,gte_4000,4000,,0.235179,80.5593,srtm_band_mask_rescaled_to_vector_area,30,2026-09-08T06:55:17+00:00
G073907E40296N,upper_syr_darya,syr_darya,3000_4000,3000,4000,0.046075,31.0183,srtm_band_mask_rescaled_to_vector_area,30,2026-09-08T06:55:17+00:00
G073907E40296N,upper_syr_darya,syr_darya,gte_4000,4000,,0.102467,68.9817,srtm_band_mask_rescaled_to_vector_area,30,2026-09-08T06:55:17+00:00
G073907E41951N,upper_syr_darya,syr_darya,3000_4000,3000,4000,0.015589,100.0000,srtm_band_mask_rescaled_to_vector_area,30,2026-09-08T06:55:17+00:00
G073911E40216N,upper_syr_darya,syr_darya,3000_4000,3000,4000,0.095566,37.0116,srtm_band_mask_rescaled_to_vector_area,30,2026-09-08T06:55:17+00:00
G073911E40216N,upper_syr_darya,syr_darya,gte_4000,4000,,0.162639,62.9884,srtm_band_mask_rescaled_to_vector_area,30,2026-09-08T06:55:17+00:00
G073911E40490N,upper_syr_darya,syr_darya,3000_4000,3000,4000,0.062953,100.0000,srtm_band_mask_rescaled_to_vector_area,30,2026-09-08T06:55:17+00:00
G073912E40188N,upper_syr_darya,syr_darya,3000_4000,3000,4000,0.019217,30.2495,srtm_band_mask_rescaled_to_vector_area,30,2026-09-08T06:55:17+00:00
G073912E40188N,upper_syr_darya,syr_darya,gte_4000,4000,,0.044312,69.7505,srtm_band_mask_rescaled_to_vector_area,30,2026-09-08T06:55:17+00:00
G073913E41953N,upper_syr_darya,syr_darya,3000_4000,3000,4000,0.022329,100.0000,srtm_band_mask_rescaled_to_vector_area,30,2026-09-08T06:55:17+00:00
G073914E40161N,upper_syr_darya,syr_darya,3000_4000,3000,4000,0.000226,0.0392,srtm_band_mask_rescaled_to_vector_area,30,2026-09-08T06:55:17+00:00
G073914E40161N,upper_syr_darya,syr_darya,gte_4000,4000,,0.576619,99.9608,srtm_band_mask_rescaled_to_vector_area,30,2026-09-08T06:55:17+00:00
G073914E42367N,upper_syr_darya,syr_darya,3000_4000,3000,4000,0.431303,100.0000,srtm_band_mask_rescaled_to_vector_area,30,2026-09-08T06:55:17+00:00
G073915E40216N,upper_syr_darya,syr_darya,gte_4000,4000,,0.050875,100.0000,srtm_band_mask_rescaled_to_vector_area,30,2026-09-08T06:55:17+00:00
G073917E40490N,upper_syr_darya,syr_darya,3000_4000,3000,4000,0.065390,100.0000,srtm_band_mask_rescaled_to_vector_area,30,2026-09-08T06:55:17+00:00
G073919E40237N,upper_syr_darya,syr_darya,3000_4000,3000,4000,0.078541,42.5891,srtm_band_mask_rescaled_to_vector_area,30,2026-09-08T06:55:17+00:00
G073919E40237N,upper_syr_darya,syr_darya,gte_4000,4000,,0.105875,57.4109,srtm_band_mask_rescaled_to_vector_area,30,2026-09-08T06:55:17+00:00
G073920E40169N,upper_syr_darya,syr_darya,gte_4000,4000,,0.349380,100.0000,srtm_band_mask_rescaled_to_vector_area,30,2026-09-08T06:55:17+00:00
G073921E40183N,upper_syr_darya,syr_darya,3000_4000,3000,4000,0.005254,1.6829,srtm_band_mask_rescaled_to_vector_area,30,2026-09-08T06:55:17+00:00
G073921E40183N,upper_syr_darya,syr_darya,gte_4000,4000,,0.306911,98.3171,srtm_band_mask_rescaled_to_vector_area,30,2026-09-08T06:55:17+00:00
G073921E40298N,upper_syr_darya,syr_darya,3000_4000,3000,4000,0.066081,94.8970,srtm_band_mask_rescaled_to_vector_area,30,2026-09-08T06:55:17+00:00
G073921E40298N,upper_syr_darya,syr_darya,gte_4000,4000,,0.003553,5.1030,srtm_band_mask_rescaled_to_vector_area,30,2026-09-08T06:55:17+00:00
G073921E40486N,upper_syr_darya,syr_darya,3000_4000,3000,4000,0.278196,69.7195,srtm_band_mask_rescaled_to_vector_area,30,2026-09-08T06:55:17+00:00
G073921E40486N,upper_syr_darya,syr_darya,gte_4000,4000,,0.120826,30.2805,srtm_band_mask_rescaled_to_vector_area,30,2026-09-08T06:55:17+00:00
G073921E42366N,upper_syr_darya,syr_darya,3000_4000,3000,4000,0.069943,100.0000,srtm_band_mask_rescaled_to_vector_area,30,2026-09-08T06:55:17+00:00
G073926E41960N,upper_syr_darya,syr_darya,3000_4000,3000,4000,0.011242,100.0000,srtm_band_mask_rescaled_to_vector_area,30,2026-09-08T06:55:17+00:00
G073926E42363N,upper_syr_darya,syr_darya,3000_4000,3000,4000,0.076278,100.0000,srtm_band_mask_rescaled_to_vector_area,30,2026-09-08T06:55:17+00:00
G073927E40187N,upper_syr_darya,syr_darya,gte_4000,4000,,0.019218,100.0000,srtm_band_mask_rescaled_to_vector_area,30,2026-09-08T06:55:17+00:00
G073927E40494N,upper_syr_darya,syr_darya,3000_4000,3000,4000,0.275893,85.3055,srtm_band_mask_rescaled_to_vector_area,30,2026-09-08T06:55:17+00:00
G073927E40494N,upper_syr_darya,syr_darya,gte_4000,4000,,0.047525,14.6945,srtm_band_mask_rescaled_to_vector_area,30,2026-09-08T06:55:17+00:00
G073928E40171N,upper_syr_darya,syr_darya,gte_4000,4000,,0.053353,100.0000,srtm_band_mask_rescaled_to_vector_area,30,2026-09-08T06:55:17+00:00
G073929E40158N,upper_syr_darya,syr_darya,gte_4000,4000,,0.023276,100.0000,srtm_band_mask_rescaled_to_vector_area,30,2026-09-08T06:55:17+00:00
G073931E40177N,upper_syr_darya,syr_darya,gte_4000,4000,,0.269384,100.0000,srtm_band_mask_rescaled_to_vector_area,30,2026-09-08T06:55:17+00:00
G073936E40129N,upper_syr_darya,syr_darya,gte_4000,4000,,1.487117,100.0000,srtm_band_mask_rescaled_to_vector_area,30,2026-09-08T06:55:17+00:00
G073936E40150N,upper_syr_darya,syr_darya,gte_4000,4000,,0.198856,100.0000,srtm_band_mask_rescaled_to_vector_area,30,2026-09-08T06:55:17+00:00
G073936E41960N,upper_syr_darya,syr_darya,3000_4000,3000,4000,0.084595,100.0000,srtm_band_mask_rescaled_to_vector_area,30,2026-09-08T06:55:17+00:00
G073939E40130N,upper_syr_darya,syr_darya,gte_4000,4000,,0.967150,100.0000,srtm_band_mask_rescaled_to_vector_area,30,2026-09-08T06:55:17+00:00
G073939E40303N,upper_syr_darya,syr_darya,3000_4000,3000,4000,0.049287,91.8175,srtm_band_mask_rescaled_to_vector_area,30,2026-09-08T06:55:17+00:00
G073939E40303N,upper_syr_darya,syr_darya,gte_4000,4000,,0.004392,8.1825,srtm_band_mask_rescaled_to_vector_area,30,2026-09-08T06:55:17+00:00
G073940E40497N,upper_syr_darya,syr_darya,3000_4000,3000,4000,0.003362,3.5449,srtm_band_mask_rescaled_to_vector_area,30,2026-09-08T06:55:17+00:00
G073940E40497N,upper_syr_darya,syr_darya,gte_4000,4000,,0.091482,96.4551,srtm_band_mask_rescaled_to_vector_area,30,2026-09-08T06:55:17+00:00
G073943E40152N,upper_syr_darya,syr_darya,gte_4000,4000,,0.128271,100.0000,srtm_band_mask_rescaled_to_vector_area,30,2026-09-08T06:55:17+00:00
G073943E40300N,upper_syr_darya,syr_darya,gte_4000,4000,,0.016885,100.0000,srtm_band_mask_rescaled_to_vector_area,30,2026-09-08T06:55:17+00:00
G073944E40146N,upper_syr_darya,syr_darya,gte_4000,4000,,0.046253,100.0000,srtm_band_mask_rescaled_to_vector_area,30,2026-09-08T06:55:17+00:00
G073944E40502N,upper_syr_darya,syr_darya,3000_4000,3000,4000,0.040442,35.6333,srtm_band_mask_rescaled_to_vector_area,30,2026-09-08T06:55:17+00:00
G073944E40502N,upper_syr_darya,syr_darya,gte_4000,4000,,0.073053,64.3667,srtm_band_mask_rescaled_to_vector_area,30,2026-09-08T06:55:17+00:00
G073945E40493N,upper_syr_darya,syr_darya,3000_4000,3000,4000,0.060480,94.3200,srtm_band_mask_rescaled_to_vector_area,30,2026-09-08T06:55:17+00:00
G073945E40493N,upper_syr_darya,syr_darya,gte_4000,4000,,0.003642,5.6800,srtm_band_mask_rescaled_to_vector_area,30,2026-09-08T06:55:17+00:00
G073947E41958N,upper_syr_darya,syr_darya,3000_4000,3000,4000,0.245377,100.0000,srtm_band_mask_rescaled_to_vector_area,30,2026-09-08T06:55:17+00:00
G073949E40141N,upper_syr_darya,syr_darya,gte_4000,4000,,0.115521,100.0000,srtm_band_mask_rescaled_to_vector_area,30,2026-09-08T06:55:17+00:00
G073950E40301N,upper_syr_darya,syr_darya,gte_4000,4000,,0.017598,100.0000,srtm_band_mask_rescaled_to_vector_area,30,2026-09-08T06:55:17+00:00
G073953E40154N,upper_syr_darya,syr_darya,gte_4000,4000,,0.060284,100.0000,srtm_band_mask_rescaled_to_vector_area,30,2026-09-08T06:55:17+00:00
G073953E40492N,upper_syr_darya,syr_darya,3000_4000,3000,4000,0.074095,100.0000,srtm_band_mask_rescaled_to_vector_area,30,2026-09-08T06:55:17+00:00
G073953E40722N,upper_syr_darya,syr_darya,3000_4000,3000,4000,0.074358,100.0000,srtm_band_mask_rescaled_to_vector_area,30,2026-09-08T06:55:17+00:00
G073956E40134N,upper_syr_darya,syr_darya,gte_4000,4000,,0.354142,100.0000,srtm_band_mask_rescaled_to_vector_area,30,2026-09-08T06:55:17+00:00
G073956E40721N,upper_syr_darya,syr_darya,3000_4000,3000,4000,0.021761,100.0000,srtm_band_mask_rescaled_to_vector_area,30,2026-09-08T06:55:17+00:00
G073959E40297N,upper_syr_darya,syr_darya,3000_4000,3000,4000,0.040933,71.1668,srtm_band_mask_rescaled_to_vector_area,30,2026-09-08T06:55:17+00:00
G073959E40297N,upper_syr_darya,syr_darya,gte_4000,4000,,0.016584,28.8332,srtm_band_mask_rescaled_to_vector_area,30,2026-09-08T06:55:17+00:00
G073960E40491N,upper_syr_darya,syr_darya,3000_4000,3000,4000,0.000478,0.7308,srtm_band_mask_rescaled_to_vector_area,30,2026-09-08T06:55:17+00:00
G073960E40491N,upper_syr_darya,syr_darya,gte_4000,4000,,0.064869,99.2692,srtm_band_mask_rescaled_to_vector_area,30,2026-09-08T06:55:17+00:00
G073963E40720N,upper_syr_darya,syr_darya,3000_4000,3000,4000,0.067639,100.0000,srtm_band_mask_rescaled_to_vector_area,30,2026-09-08T06:55:17+00:00
G073964E40494N,upper_syr_darya,syr_darya,3000_4000,3000,4000,0.102579,95.6006,srtm_band_mask_rescaled_to_vector_area,30,2026-09-08T06:55:17+00:00
G073964E40494N,upper_syr_darya,syr_darya,gte_4000,4000,,0.004721,4.3994,srtm_band_mask_rescaled_to_vector_area,30,2026-09-08T06:55:17+00:00
G073966E42363N,upper_syr_darya,syr_darya,3000_4000,3000,4000,0.096975,100.0000,srtm_band_mask_rescaled_to_vector_area,30,2026-09-08T06:55:17+00:00
G073967E40164N,upper_syr_darya,syr_darya,gte_4000,4000,,0.031253,100.0000,srtm_band_mask_rescaled_to_vector_area,30,2026-09-08T06:55:17+00:00
G073969E40719N,upper_syr_darya,syr_darya,3000_4000,3000,4000,0.125118,100.0000,srtm_band_mask_rescaled_to_vector_area,30,2026-09-08T06:55:17+00:00
G073972E40169N,upper_syr_darya,syr_darya,gte_4000,4000,,0.156085,100.0000,srtm_band_mask_rescaled_to_vector_area,30,2026-09-08T06:55:17+00:00
G073972E40716N,upper_syr_darya,syr_darya,3000_4000,3000,4000,0.008870,70.4954,srtm_band_mask_rescaled_to_vector_area,30,2026-09-08T06:55:17+00:00
G073972E40716N,upper_syr_darya,syr_darya,gte_4000,4000,,0.003712,29.5046,srtm_band_mask_rescaled_to_vector_area,30,2026-09-08T06:55:17+00:00
G073975E40118N,upper_syr_darya,syr_darya,gte_4000,4000,,0.082527,100.0000,srtm_band_mask_rescaled_to_vector_area,30,2026-09-08T06:55:17+00:00
G073975E40161N,upper_syr_darya,syr_darya,gte_4000,4000,,0.151706,100.0000,srtm_band_mask_rescaled_to_vector_area,30,2026-09-08T06:55:17+00:00
G073975E40177N,upper_syr_darya,syr_darya,gte_4000,4000,,0.044580,100.0000,srtm_band_mask_rescaled_to_vector_area,30,2026-09-08T06:55:17+00:00
G073975E40719N,upper_syr_darya,syr_darya,3000_4000,3000,4000,0.131228,100.0000,srtm_band_mask_rescaled_to_vector_area,30,2026-09-08T06:55:17+00:00
G073976E41959N,upper_syr_darya,syr_darya,3000_4000,3000,4000,0.033719,100.0000,srtm_band_mask_rescaled_to_vector_area,30,2026-09-08T06:55:17+00:00
G073978E41859N,upper_syr_darya,syr_darya,3000_4000,3000,4000,0.124680,100.0000,srtm_band_mask_rescaled_to_vector_area,30,2026-09-08T06:55:17+00:00
G073979E40178N,upper_syr_darya,syr_darya,gte_4000,4000,,0.087920,100.0000,srtm_band_mask_rescaled_to_vector_area,30,2026-09-08T06:55:17+00:00
G073981E40154N,upper_syr_darya,syr_darya,gte_4000,4000,,0.135609,100.0000,srtm_band_mask_rescaled_to_vector_area,30,2026-09-08T06:55:17+00:00
G073982E40718N,upper_syr_darya,syr_darya,3000_4000,3000,4000,0.185872,100.0000,srtm_band_mask_rescaled_to_vector_area,30,2026-09-08T06:55:17+00:00
G073984E40182N,upper_syr_darya,syr_darya,gte_4000,4000,,0.033212,100.0000,srtm_band_mask_rescaled_to_vector_area,30,2026-09-08T06:55:17+00:00
G073984E41861N,upper_syr_darya,syr_darya,3000_4000,3000,4000,0.075611,100.0000,srtm_band_mask_rescaled_to_vector_area,30,2026-09-08T06:55:17+00:00
G073987E40147N,upper_syr_darya,syr_darya,gte_4000,4000,,0.041974,100.0000,srtm_band_mask_rescaled_to_vector_area,30,2026-09-08T06:55:17+00:00
G073987E40184N,upper_syr_darya,syr_darya,gte_4000,4000,,0.032465,100.0000,srtm_band_mask_rescaled_to_vector_area,30,2026-09-08T06:55:17+00:00
G073988E42361N,upper_syr_darya,syr_darya,3000_4000,3000,4000,0.153235,100.0000,srtm_band_mask_rescaled_to_vector_area,30,2026-09-08T06:55:17+00:00
G073992E40720N,upper_syr_darya,syr_darya,3000_4000,3000,4000,0.068227,92.8050,srtm_band_mask_rescaled_to_vector_area,30,2026-09-08T06:55:17+00:00
G073992E40720N,upper_syr_darya,syr_darya,gte_4000,4000,,0.005290,7.1950,srtm_band_mask_rescaled_to_vector_area,30,2026-09-08T06:55:17+00:00
G073992E40996N,upper_syr_darya,syr_darya,3000_4000,3000,4000,0.016436,100.0000,srtm_band_mask_rescaled_to_vector_area,30,2026-09-08T06:55:17+00:00
G073993E41859N,upper_syr_darya,syr_darya,3000_4000,3000,4000,0.127852,100.0000,srtm_band_mask_rescaled_to_vector_area,30,2026-09-08T06:55:17+00:00
G073996E41011N,upper_syr_darya,syr_darya,3000_4000,3000,4000,0.040251,100.0000,srtm_band_mask_rescaled_to_vector_area,30,2026-09-08T06:55:17+00:00
G073997E40117N,upper_syr_darya,syr_darya,gte_4000,4000,,0.098774,100.0000,srtm_band_mask_rescaled_to_vector_area,30,2026-09-08T06:55:17+00:00
G073997E40994N,upper_syr_darya,syr_darya,3000_4000,3000,4000,0.013471,100.0000,srtm_band_mask_rescaled_to_vector_area,30,2026-09-08T06:55:17+00:00
G074003E40716N,upper_syr_darya,syr_darya,3000_4000,3000,4000,0.199887,100.0000,srtm_band_mask_rescaled_to_vector_area,30,2026-09-08T06:55:17+00:00
G074003E41860N,upper_syr_darya,syr_darya,3000_4000,3000,4000,0.028613,100.0000,srtm_band_mask_rescaled_to_vector_area,30,2026-09-08T06:55:17+00:00
G074004E40181N,upper_syr_darya,syr_darya,gte_4000,4000,,0.033972,100.0000,srtm_band_mask_rescaled_to_vector_area,30,2026-09-08T06:55:17+00:00
G074004E42365N,upper_syr_darya,syr_darya,3000_4000,3000,4000,0.053693,100.0000,srtm_band_mask_rescaled_to_vector_area,30,2026-09-08T06:55:17+00:00
G074005E40117N,upper_syr_darya,syr_darya,gte_4000,4000,,0.072908,100.0000,srtm_band_mask_rescaled_to_vector_area,30,2026-09-08T06:55:17+00:00
G074008E40117N,upper_syr_darya,syr_darya,gte_4000,4000,,0.057444,100.0000,srtm_band_mask_rescaled_to_vector_area,30,2026-09-08T06:55:17+00:00
G074009E40182N,upper_syr_darya,syr_darya,gte_4000,4000,,0.112722,100.0000,srtm_band_mask_rescaled_to_vector_area,30,2026-09-08T06:55:17+00:00
G074009E40605N,upper_syr_darya,syr_darya,3000_4000,3000,4000,0.132473,100.0000,srtm_band_mask_rescaled_to_vector_area,30,2026-09-08T06:55:17+00:00
G074010E40714N,upper_syr_darya,syr_darya,3000_4000,3000,4000,0.083580,91.4407,srtm_band_mask_rescaled_to_vector_area,30,2026-09-08T06:55:17+00:00
G074010E40714N,upper_syr_darya,syr_darya,gte_4000,4000,,0.007824,8.5593,srtm_band_mask_rescaled_to_vector_area,30,2026-09-08T06:55:17+00:00
G074011E40711N,upper_syr_darya,syr_darya,3000_4000,3000,4000,0.062961,66.8222,srtm_band_mask_rescaled_to_vector_area,30,2026-09-08T06:55:17+00:00
G074011E40711N,upper_syr_darya,syr_darya,gte_4000,4000,,0.031261,33.1778,srtm_band_mask_rescaled_to_vector_area,30,2026-09-08T06:55:17+00:00
G074013E40117N,upper_syr_darya,syr_darya,gte_4000,4000,,0.049232,100.0000,srtm_band_mask_rescaled_to_vector_area,30,2026-09-08T06:55:17+00:00
G074017E40710N,upper_syr_darya,syr_darya,3000_4000,3000,4000,0.092644,100.0000,srtm_band_mask_rescaled_to_vector_area,30,2026-09-08T06:55:17+00:00
G074018E40975N,upper_syr_darya,syr_darya,3000_4000,3000,4000,0.028545,100.0000,srtm_band_mask_rescaled_to_vector_area,30,2026-09-08T06:55:17+00:00
G074018E41856N,upper_syr_darya,syr_darya,3000_4000,3000,4000,0.065299,100.0000,srtm_band_mask_rescaled_to_vector_area,30,2026-09-08T06:55:17+00:00
G074021E40110N,upper_syr_darya,syr_darya,gte_4000,4000,,0.181209,100.0000,srtm_band_mask_rescaled_to_vector_area,30,2026-09-08T06:55:17+00:00
G074023E40185N,upper_syr_darya,syr_darya,3000_4000,3000,4000,0.006996,12.6722,srtm_band_mask_rescaled_to_vector_area,30,2026-09-08T06:55:17+00:00
G074023E40185N,upper_syr_darya,syr_darya,gte_4000,4000,,0.048213,87.3278,srtm_band_mask_rescaled_to_vector_area,30,2026-09-08T06:55:17+00:00
G074023E40710N,upper_syr_darya,syr_darya,3000_4000,3000,4000,0.044468,100.0000,srtm_band_mask_rescaled_to_vector_area,30,2026-09-08T06:55:17+00:00
G074023E40985N,upper_syr_darya,syr_darya,3000_4000,3000,4000,0.068789,100.0000,srtm_band_mask_rescaled_to_vector_area,30,2026-09-08T06:55:17+00:00
G074023E41852N,upper_syr_darya,syr_darya,3000_4000,3000,4000,0.063834,100.0000,srtm_band_mask_rescaled_to_vector_area,30,2026-09-08T06:55:17+00:00
G074026E40119N,upper_syr_darya,syr_darya,gte_4000,4000,,0.264410,100.0000,srtm_band_mask_rescaled_to_vector_area,30,2026-09-08T06:55:17+00:00
G074026E40708N,upper_syr_darya,syr_darya,3000_4000,3000,4000,0.120055,100.0000,srtm_band_mask_rescaled_to_vector_area,30,2026-09-08T06:55:17+00:00
G074029E40106N,upper_syr_darya,syr_darya,gte_4000,4000,,0.043227,100.0000,srtm_band_mask_rescaled_to_vector_area,30,2026-09-08T06:55:17+00:00
G074031E41852N,upper_syr_darya,syr_darya,3000_4000,3000,4000,0.167007,100.0000,srtm_band_mask_rescaled_to_vector_area,30,2026-09-08T06:55:17+00:00
G074032E40098N,upper_syr_darya,syr_darya,gte_4000,4000,,0.384293,100.0000,srtm_band_mask_rescaled_to_vector_area,30,2026-09-08T06:55:17+00:00
G074035E40698N,upper_syr_darya,syr_darya,3000_4000,3000,4000,0.022504,100.0000,srtm_band_mask_rescaled_to_vector_area,30,2026-09-08T06:55:17+00:00
G074035E40705N,upper_syr_darya,syr_darya,3000_4000,3000,4000,0.130849,100.0000,srtm_band_mask_rescaled_to_vector_area,30,2026-09-08T06:55:17+00:00
G074035E40963N,upper_syr_darya,syr_darya,3000_4000,3000,4000,0.015464,100.0000,srtm_band_mask_rescaled_to_vector_area,30,2026-09-08T06:55:17+00:00
G074037E40103N,upper_syr_darya,syr_darya,gte_4000,4000,,0.421201,100.0000,srtm_band_mask_rescaled_to_vector_area,30,2026-09-08T06:55:17+00:00
G074040E40699N,upper_syr_darya,syr_darya,3000_4000,3000,4000,0.000393,1.5501,srtm_band_mask_rescaled_to_vector_area,30,2026-09-08T06:55:17+00:00
G074040E40699N,upper_syr_darya,syr_darya,gte_4000,4000,,0.024950,98.4499,srtm_band_mask_rescaled_to_vector_area,30,2026-09-08T06:55:17+00:00
G074042E40129N,upper_syr_darya,syr_darya,gte_4000,4000,,0.276250,100.0000,srtm_band_mask_rescaled_to_vector_area,30,2026-09-08T06:55:17+00:00
G074043E40702N,upper_syr_darya,syr_darya,3000_4000,3000,4000,0.173076,99.6858,srtm_band_mask_rescaled_to_vector_area,30,2026-09-08T06:55:17+00:00
G074043E40702N,upper_syr_darya,syr_darya,gte_4000,4000,,0.000545,0.3142,srtm_band_mask_rescaled_to_vector_area,30,2026-09-08T06:55:17+00:00
G074046E40376N,upper_syr_darya,syr_darya,gte_4000,4000,,0.021521,100.0000,srtm_band_mask_rescaled_to_vector_area,30,2026-09-08T06:55:17+00:00
G074047E40103N,upper_syr_darya,syr_darya,gte_4000,4000,,0.027582,100.0000,srtm_band_mask_rescaled_to_vector_area,30,2026-09-08T06:55:17+00:00
G074048E40702N,upper_syr_darya,syr_darya,3000_4000,3000,4000,0.119766,100.0000,srtm_band_mask_rescaled_to_vector_area,30,2026-09-08T06:55:17+00:00
G074049E40379N,upper_syr_darya,syr_darya,3000_4000,3000,4000,0.076007,100.0000,srtm_band_mask_rescaled_to_vector_area,30,2026-09-08T06:55:17+00:00
G074052E40097N,upper_syr_darya,syr_darya,gte_4000,4000,,0.356195,100.0000,srtm_band_mask_rescaled_to_vector_area,30,2026-09-08T06:55:17+00:00
G074052E40970N,upper_syr_darya,syr_darya,3000_4000,3000,4000,0.015257,100.0000,srtm_band_mask_rescaled_to_vector_area,30,2026-09-08T06:55:17+00:00
G074053E40704N,upper_syr_darya,syr_darya,3000_4000,3000,4000,0.034711,79.5588,srtm_band_mask_rescaled_to_vector_area,30,2026-09-08T06:55:17+00:00
G074053E40704N,upper_syr_darya,syr_darya,gte_4000,4000,,0.008918,20.4412,srtm_band_mask_rescaled_to_vector_area,30,2026-09-08T06:55:17+00:00
G074054E40698N,upper_syr_darya,syr_darya,3000_4000,3000,4000,0.047357,93.9833,srtm_band_mask_rescaled_to_vector_area,30,2026-09-08T06:55:17+00:00
G074054E40698N,upper_syr_darya,syr_darya,gte_4000,4000,,0.003032,6.0167,srtm_band_mask_rescaled_to_vector_area,30,2026-09-08T06:55:17+00:00
G074054E40955N,upper_syr_darya,syr_darya,3000_4000,3000,4000,0.023772,100.0000,srtm_band_mask_rescaled_to_vector_area,30,2026-09-08T06:55:17+00:00
G074056E40112N,upper_syr_darya,syr_darya,gte_4000,4000,,0.092439,100.0000,srtm_band_mask_rescaled_to_vector_area,30,2026-09-08T06:55:17+00:00
G074057E41843N,upper_syr_darya,syr_darya,3000_4000,3000,4000,0.164734,100.0000,srtm_band_mask_rescaled_to_vector_area,30,2026-09-08T06:55:17+00:00
G074058E40374N,upper_syr_darya,syr_darya,3000_4000,3000,4000,0.022853,100.0000,srtm_band_mask_rescaled_to_vector_area,30,2026-09-08T06:55:17+00:00
G074059E40089N,upper_syr_darya,syr_darya,gte_4000,4000,,0.063646,100.0000,srtm_band_mask_rescaled_to_vector_area,30,2026-09-08T06:55:17+00:00
G074059E40117N,upper_syr_darya,syr_darya,gte_4000,4000,,0.031143,100.0000,srtm_band_mask_rescaled_to_vector_area,30,2026-09-08T06:55:17+00:00
G074059E40704N,upper_syr_darya,syr_darya,3000_4000,3000,4000,0.186930,79.5771,srtm_band_mask_rescaled_to_vector_area,30,2026-09-08T06:55:17+00:00
G074059E40704N,upper_syr_darya,syr_darya,gte_4000,4000,,0.047974,20.4229,srtm_band_mask_rescaled_to_vector_area,30,2026-09-08T06:55:17+00:00
G074060E40697N,upper_syr_darya,syr_darya,gte_4000,4000,,0.033490,100.0000,srtm_band_mask_rescaled_to_vector_area,30,2026-09-08T06:55:17+00:00
G074061E40703N,upper_syr_darya,syr_darya,3000_4000,3000,4000,0.019637,35.2161,srtm_band_mask_rescaled_to_vector_area,30,2026-09-08T06:55:17+00:00
G074061E40703N,upper_syr_darya,syr_darya,gte_4000,4000,,0.036125,64.7839,srtm_band_mask_rescaled_to_vector_area,30,2026-09-08T06:55:17+00:00
G074064E40119N,upper_syr_darya,syr_darya,gte_4000,4000,,0.032092,100.0000,srtm_band_mask_rescaled_to_vector_area,30,2026-09-08T06:55:17+00:00
G074064E40698N,upper_syr_darya,syr_darya,3000_4000,3000,4000,0.044946,100.0000,srtm_band_mask_rescaled_to_vector_area,30,2026-09-08T06:55:17+00:00
G074066E41552N,upper_syr_darya,syr_darya,3000_4000,3000,4000,0.035073,94.5301,srtm_band_mask_rescaled_to_vector_area,30,2026-09-08T06:55:17+00:00
G074066E41552N,upper_syr_darya,syr_darya,gte_4000,4000,,0.002029,5.4699,srtm_band_mask_rescaled_to_vector_area,30,2026-09-08T06:55:17+00:00
G074070E40934N,upper_syr_darya,syr_darya,3000_4000,3000,4000,0.039181,100.0000,srtm_band_mask_rescaled_to_vector_area,30,2026-09-08T06:55:17+00:00
G074071E40704N,upper_syr_darya,syr_darya,3000_4000,3000,4000,0.188907,100.0000,srtm_band_mask_rescaled_to_vector_area,30,2026-09-08T06:55:17+00:00
G074073E40121N,upper_syr_darya,syr_darya,gte_4000,4000,,0.198211,100.0000,srtm_band_mask_rescaled_to_vector_area,30,2026-09-08T06:55:17+00:00
G074073E41842N,upper_syr_darya,syr_darya,3000_4000,3000,4000,0.518045,100.0000,srtm_band_mask_rescaled_to_vector_area,30,2026-09-08T06:55:17+00:00
G074082E40924N,upper_syr_darya,syr_darya,3000_4000,3000,4000,0.022447,100.0000,srtm_band_mask_rescaled_to_vector_area,30,2026-09-08T06:55:17+00:00
G074082E41842N,upper_syr_darya,syr_darya,3000_4000,3000,4000,0.056568,100.0000,srtm_band_mask_rescaled_to_vector_area,30,2026-09-08T06:55:17+00:00
G074083E40710N,upper_syr_darya,syr_darya,3000_4000,3000,4000,0.121756,50.5534,srtm_band_mask_rescaled_to_vector_area,30,2026-09-08T06:55:17+00:00
G074083E40710N,upper_syr_darya,syr_darya,gte_4000,4000,,0.119090,49.4466,srtm_band_mask_rescaled_to_vector_area,30,2026-09-08T06:55:17+00:00
G074085E40920N,upper_syr_darya,syr_darya,3000_4000,3000,4000,0.019156,100.0000,srtm_band_mask_rescaled_to_vector_area,30,2026-09-08T06:55:17+00:00
G074086E40702N,upper_syr_darya,syr_darya,3000_4000,3000,4000,0.016581,73.6923,srtm_band_mask_rescaled_to_vector_area,30,2026-09-08T06:55:17+00:00
G074086E40702N,upper_syr_darya,syr_darya,gte_4000,4000,,0.005919,26.3077,srtm_band_mask_rescaled_to_vector_area,30,2026-09-08T06:55:17+00:00
G074086E41842N,upper_syr_darya,syr_darya,3000_4000,3000,4000,0.154271,100.0000,srtm_band_mask_rescaled_to_vector_area,30,2026-09-08T06:55:17+00:00
G074087E40704N,upper_syr_darya,syr_darya,gte_4000,4000,,0.029023,100.0000,srtm_band_mask_rescaled_to_vector_area,30,2026-09-08T06:55:17+00:00
G074088E40699N,upper_syr_darya,syr_darya,3000_4000,3000,4000,0.069868,58.0098,srtm_band_mask_rescaled_to_vector_area,30,2026-09-08T06:55:17+00:00
G074088E40699N,upper_syr_darya,syr_darya,gte_4000,4000,,0.050574,41.9902,srtm_band_mask_rescaled_to_vector_area,30,2026-09-08T06:55:17+00:00
G074090E40712N,upper_syr_darya,syr_darya,3000_4000,3000,4000,0.069139,76.0330,srtm_band_mask_rescaled_to_vector_area,30,2026-09-08T06:55:17+00:00
G074090E40712N,upper_syr_darya,syr_darya,gte_4000,4000,,0.021794,23.9670,srtm_band_mask_rescaled_to_vector_area,30,2026-09-08T06:55:17+00:00
G074092E42371N,upper_syr_darya,syr_darya,3000_4000,3000,4000,0.364256,100.0000,srtm_band_mask_rescaled_to_vector_area,30,2026-09-08T06:55:17+00:00
G074097E40707N,upper_syr_darya,syr_darya,3000_4000,3000,4000,0.160081,87.6017,srtm_band_mask_rescaled_to_vector_area,30,2026-09-08T06:55:17+00:00
G074097E40707N,upper_syr_darya,syr_darya,gte_4000,4000,,0.022656,12.3983,srtm_band_mask_rescaled_to_vector_area,30,2026-09-08T06:55:17+00:00
G074101E40697N,upper_syr_darya,syr_darya,3000_4000,3000,4000,0.010363,34.8195,srtm_band_mask_rescaled_to_vector_area,30,2026-09-08T06:55:17+00:00
G074101E40697N,upper_syr_darya,syr_darya,gte_4000,4000,,0.019399,65.1805,srtm_band_mask_rescaled_to_vector_area,30,2026-09-08T06:55:17+00:00
G074102E42368N,upper_syr_darya,syr_darya,3000_4000,3000,4000,0.068283,100.0000,srtm_band_mask_rescaled_to_vector_area,30,2026-09-08T06:55:17+00:00
G074105E40702N,upper_syr_darya,syr_darya,3000_4000,3000,4000,0.365850,87.7642,srtm_band_mask_rescaled_to_vector_area,30,2026-09-08T06:55:17+00:00
G074105E40702N,upper_syr_darya,syr_darya,gte_4000,4000,,0.051006,12.2358,srtm_band_mask_rescaled_to_vector_area,30,2026-09-08T06:55:17+00:00
G074108E41846N,upper_syr_darya,syr_darya,3000_4000,3000,4000,0.084140,100.0000,srtm_band_mask_rescaled_to_vector_area,30,2026-09-08T06:55:17+00:00
G074110E40705N,upper_syr_darya,syr_darya,3000_4000,3000,4000,0.068664,89.0010,srtm_band_mask_rescaled_to_vector_area,30,2026-09-08T06:55:17+00:00
G074110E40705N,upper_syr_darya,syr_darya,gte_4000,4000,,0.008486,10.9990,srtm_band_mask_rescaled_to_vector_area,30,2026-09-08T06:55:17+00:00
G074112E40099N,upper_syr_darya,syr_darya,gte_4000,4000,,0.077041,100.0000,srtm_band_mask_rescaled_to_vector_area,30,2026-09-08T06:55:17+00:00
G074113E42373N,upper_syr_darya,syr_darya,3000_4000,3000,4000,0.100721,100.0000,srtm_band_mask_rescaled_to_vector_area,30,2026-09-08T06:55:17+00:00
G074115E40704N,upper_syr_darya,syr_darya,3000_4000,3000,4000,0.153223,87.3133,srtm_band_mask_rescaled_to_vector_area,30,2026-09-08T06:55:17+00:00
G074115E40704N,upper_syr_darya,syr_darya,gte_4000,4000,,0.022264,12.6867,srtm_band_mask_rescaled_to_vector_area,30,2026-09-08T06:55:17+00:00
G074115E41846N,upper_syr_darya,syr_darya,3000_4000,3000,4000,0.323459,99.2140,srtm_band_mask_rescaled_to_vector_area,30,2026-09-08T06:55:17+00:00
G074115E41846N,upper_syr_darya,syr_darya,gte_4000,4000,,0.002562,0.7860,srtm_band_mask_rescaled_to_vector_area,30,2026-09-08T06:55:17+00:00
G074117E40102N,upper_syr_darya,syr_darya,gte_4000,4000,,0.113778,100.0000,srtm_band_mask_rescaled_to_vector_area,30,2026-09-08T06:55:17+00:00
G074119E42376N,upper_syr_darya,syr_darya,3000_4000,3000,4000,0.320054,100.0000,srtm_band_mask_rescaled_to_vector_area,30,2026-09-08T06:55:17+00:00
G074121E40698N,upper_syr_darya,syr_darya,3000_4000,3000,4000,0.157062,41.6259,srtm_band_mask_rescaled_to_vector_area,30,2026-09-08T06:55:17+00:00
G074121E40698N,upper_syr_darya,syr_darya,gte_4000,4000,,0.220256,58.3741,srtm_band_mask_rescaled_to_vector_area,30,2026-09-08T06:55:17+00:00
G074124E40898N,upper_syr_darya,syr_darya,3000_4000,3000,4000,0.024431,100.0000,srtm_band_mask_rescaled_to_vector_area,30,2026-09-08T06:55:17+00:00
G074125E41846N,upper_syr_darya,syr_darya,3000_4000,3000,4000,0.195228,100.0000,srtm_band_mask_rescaled_to_vector_area,30,2026-09-08T06:55:17+00:00
G074126E40113N,upper_syr_darya,syr_darya,gte_4000,4000,,0.059021,100.0000,srtm_band_mask_rescaled_to_vector_area,30,2026-09-08T06:55:17+00:00
G074127E40887N,upper_syr_darya,syr_darya,3000_4000,3000,4000,0.019701,100.0000,srtm_band_mask_rescaled_to_vector_area,30,2026-09-08T06:55:17+00:00
G074128E40891N,upper_syr_darya,syr_darya,3000_4000,3000,4000,0.046812,100.0000,srtm_band_mask_rescaled_to_vector_area,30,2026-09-08T06:55:17+00:00
G074131E42380N,upper_syr_darya,syr_darya,3000_4000,3000,4000,1.228434,100.0000,srtm_band_mask_rescaled_to_vector_area,30,2026-09-08T06:55:17+00:00
G074133E41845N,upper_syr_darya,syr_darya,3000_4000,3000,4000,0.154125,100.0000,srtm_band_mask_rescaled_to_vector_area,30,2026-09-08T06:55:17+00:00
G074135E40110N,upper_syr_darya,syr_darya,gte_4000,4000,,0.266791,100.0000,srtm_band_mask_rescaled_to_vector_area,30,2026-09-08T06:55:17+00:00
G074135E42381N,upper_syr_darya,syr_darya,3000_4000,3000,4000,1.378251,100.0000,srtm_band_mask_rescaled_to_vector_area,30,2026-09-08T06:55:17+00:00
G074140E41846N,upper_syr_darya,syr_darya,3000_4000,3000,4000,0.051957,100.0000,srtm_band_mask_rescaled_to_vector_area,30,2026-09-08T06:55:17+00:00
G074144E42376N,upper_syr_darya,syr_darya,3000_4000,3000,4000,0.209809,100.0000,srtm_band_mask_rescaled_to_vector_area,30,2026-09-08T06:55:17+00:00
G074145E40109N,upper_syr_darya,syr_darya,gte_4000,4000,,0.256205,100.0000,srtm_band_mask_rescaled_to_vector_area,30,2026-09-08T06:55:17+00:00
G074147E41845N,upper_syr_darya,syr_darya,3000_4000,3000,4000,0.029359,100.0000,srtm_band_mask_rescaled_to_vector_area,30,2026-09-08T06:55:17+00:00
G074149E40108N,upper_syr_darya,syr_darya,gte_4000,4000,,0.016785,100.0000,srtm_band_mask_rescaled_to_vector_area,30,2026-09-08T06:55:17+00:00
G074151E41849N,upper_syr_darya,syr_darya,3000_4000,3000,4000,0.010873,100.0000,srtm_band_mask_rescaled_to_vector_area,30,2026-09-08T06:55:17+00:00
G074151E42389N,upper_syr_darya,syr_darya,3000_4000,3000,4000,0.299953,69.5955,srtm_band_mask_rescaled_to_vector_area,30,2026-09-08T06:55:17+00:00
G074151E42389N,upper_syr_darya,syr_darya,gte_4000,4000,,0.131042,30.4045,srtm_band_mask_rescaled_to_vector_area,30,2026-09-08T06:55:17+00:00
G074156E42393N,upper_syr_darya,syr_darya,3000_4000,3000,4000,1.148568,93.1006,srtm_band_mask_rescaled_to_vector_area,30,2026-09-08T06:55:17+00:00
G074156E42393N,upper_syr_darya,syr_darya,gte_4000,4000,,0.085117,6.8994,srtm_band_mask_rescaled_to_vector_area,30,2026-09-08T06:55:17+00:00
G074157E40118N,upper_syr_darya,syr_darya,gte_4000,4000,,0.091236,100.0000,srtm_band_mask_rescaled_to_vector_area,30,2026-09-08T06:55:17+00:00
G074157E42384N,upper_syr_darya,syr_darya,gte_4000,4000,,0.028190,100.0000,srtm_band_mask_rescaled_to_vector_area,30,2026-09-08T06:55:17+00:00
G074158E41846N,upper_syr_darya,syr_darya,3000_4000,3000,4000,0.174945,100.0000,srtm_band_mask_rescaled_to_vector_area,30,2026-09-08T06:55:17+00:00
G074161E40118N,upper_syr_darya,syr_darya,gte_4000,4000,,0.064354,100.0000,srtm_band_mask_rescaled_to_vector_area,30,2026-09-08T06:55:17+00:00
G074161E41847N,upper_syr_darya,syr_darya,3000_4000,3000,4000,0.037985,100.0000,srtm_band_mask_rescaled_to_vector_area,30,2026-09-08T06:55:17+00:00
G074163E42393N,upper_syr_darya,syr_darya,3000_4000,3000,4000,1.513484,94.4645,srtm_band_mask_rescaled_to_vector_area,30,2026-09-08T06:55:17+00:00
G074163E42393N,upper_syr_darya,syr_darya,gte_4000,4000,,0.088688,5.5355,srtm_band_mask_rescaled_to_vector_area,30,2026-09-08T06:55:17+00:00
G074165E40118N,upper_syr_darya,syr_darya,gte_4000,4000,,0.064488,100.0000,srtm_band_mask_rescaled_to_vector_area,30,2026-09-08T06:55:17+00:00
G074165E41843N,upper_syr_darya,syr_darya,3000_4000,3000,4000,0.023333,100.0000,srtm_band_mask_rescaled_to_vector_area,30,2026-09-08T06:55:17+00:00
G074166E40118N,upper_syr_darya,syr_darya,gte_4000,4000,,0.128849,100.0000,srtm_band_mask_rescaled_to_vector_area,30,2026-09-08T06:55:17+00:00
G074167E42390N,upper_syr_darya,syr_darya,3000_4000,3000,4000,0.459832,98.6649,srtm_band_mask_rescaled_to_vector_area,30,2026-09-08T06:55:17+00:00
G074167E42390N,upper_syr_darya,syr_darya,gte_4000,4000,,0.006222,1.3351,srtm_band_mask_rescaled_to_vector_area,30,2026-09-08T06:55:17+00:00
G074170E40118N,upper_syr_darya,syr_darya,gte_4000,4000,,0.153551,100.0000,srtm_band_mask_rescaled_to_vector_area,30,2026-09-08T06:55:17+00:00
G074170E41842N,upper_syr_darya,syr_darya,3000_4000,3000,4000,0.057581,100.0000,srtm_band_mask_rescaled_to_vector_area,30,2026-09-08T06:55:17+00:00
G074171E42382N,upper_syr_darya,syr_darya,3000_4000,3000,4000,0.064411,100.0000,srtm_band_mask_rescaled_to_vector_area,30,2026-09-08T06:55:17+00:00
G074175E41839N,upper_syr_darya,syr_darya,3000_4000,3000,4000,0.016359,100.0000,srtm_band_mask_rescaled_to_vector_area,30,2026-09-08T06:55:17+00:00
G074177E40118N,upper_syr_darya,syr_darya,gte_4000,4000,,0.099917,100.0000,srtm_band_mask_rescaled_to_vector_area,30,2026-09-08T06:55:17+00:00
G074177E42392N,upper_syr_darya,syr_darya,3000_4000,3000,4000,1.195889,100.0000,srtm_band_mask_rescaled_to_vector_area,30,2026-09-08T06:55:17+00:00
G074182E40568N,upper_syr_darya,syr_darya,3000_4000,3000,4000,0.057734,100.0000,srtm_band_mask_rescaled_to_vector_area,30,2026-09-08T06:55:17+00:00
G074185E41837N,upper_syr_darya,syr_darya,3000_4000,3000,4000,0.031195,100.0000,srtm_band_mask_rescaled_to_vector_area,30,2026-09-08T06:55:17+00:00
G074185E42445N,upper_syr_darya,syr_darya,3000_4000,3000,4000,0.150973,64.4746,srtm_band_mask_rescaled_to_vector_area,30,2026-09-08T06:55:17+00:00
G074185E42445N,upper_syr_darya,syr_darya,gte_4000,4000,,0.083186,35.5254,srtm_band_mask_rescaled_to_vector_area,30,2026-09-08T06:55:17+00:00
G074186E42380N,upper_syr_darya,syr_darya,3000_4000,3000,4000,0.027611,100.0000,srtm_band_mask_rescaled_to_vector_area,30,2026-09-08T06:55:17+00:00
G074186E42387N,upper_syr_darya,syr_darya,3000_4000,3000,4000,0.494698,100.0000,srtm_band_mask_rescaled_to_vector_area,30,2026-09-08T06:55:17+00:00
G074187E42403N,upper_syr_darya,syr_darya,3000_4000,3000,4000,0.119691,100.0000,srtm_band_mask_rescaled_to_vector_area,30,2026-09-08T06:55:17+00:00
G074188E41839N,upper_syr_darya,syr_darya,3000_4000,3000,4000,0.049839,100.0000,srtm_band_mask_rescaled_to_vector_area,30,2026-09-08T06:55:17+00:00
G074188E42408N,upper_syr_darya,syr_darya,3000_4000,3000,4000,0.044993,100.0000,srtm_band_mask_rescaled_to_vector_area,30,2026-09-08T06:55:17+00:00
G074189E42454N,upper_syr_darya,syr_darya,3000_4000,3000,4000,0.003572,7.7686,srtm_band_mask_rescaled_to_vector_area,30,2026-09-08T06:55:17+00:00
G074189E42454N,upper_syr_darya,syr_darya,gte_4000,4000,,0.042410,92.2314,srtm_band_mask_rescaled_to_vector_area,30,2026-09-08T06:55:17+00:00
G074191E40124N,upper_syr_darya,syr_darya,3000_4000,3000,4000,0.005158,0.7564,srtm_band_mask_rescaled_to_vector_area,30,2026-09-08T06:55:17+00:00
G074191E40124N,upper_syr_darya,syr_darya,gte_4000,4000,,0.676747,99.2436,srtm_band_mask_rescaled_to_vector_area,30,2026-09-08T06:55:17+00:00
G074191E40568N,upper_syr_darya,syr_darya,3000_4000,3000,4000,0.062593,100.0000,srtm_band_mask_rescaled_to_vector_area,30,2026-09-08T06:55:17+00:00
G074191E42468N,upper_syr_darya,syr_darya,3000_4000,3000,4000,2.514988,89.1996,srtm_band_mask_rescaled_to_vector_area,30,2026-09-08T06:55:17+00:00
G074191E42468N,upper_syr_darya,syr_darya,gte_4000,4000,,0.304519,10.8004,srtm_band_mask_rescaled_to_vector_area,30,2026-09-08T06:55:17+00:00
G074193E41566N,upper_syr_darya,syr_darya,3000_4000,3000,4000,0.018205,100.0000,srtm_band_mask_rescaled_to_vector_area,30,2026-09-08T06:55:17+00:00
G074193E42454N,upper_syr_darya,syr_darya,3000_4000,3000,4000,0.033953,100.0000,srtm_band_mask_rescaled_to_vector_area,30,2026-09-08T06:55:17+00:00
G074194E42458N,upper_syr_darya,syr_darya,gte_4000,4000,,0.046572,100.0000,srtm_band_mask_rescaled_to_vector_area,30,2026-09-08T06:55:17+00:00
G074196E42404N,upper_syr_darya,syr_darya,3000_4000,3000,4000,0.493322,100.0000,srtm_band_mask_rescaled_to_vector_area,30,2026-09-08T06:55:17+00:00
G074196E42442N,upper_syr_darya,syr_darya,3000_4000,3000,4000,0.553715,78.4768,srtm_band_mask_rescaled_to_vector_area,30,2026-09-08T06:55:17+00:00
G074196E42442N,upper_syr_darya,syr_darya,gte_4000,4000,,0.151863,21.5232,srtm_band_mask_rescaled_to_vector_area,30,2026-09-08T06:55:17+00:00
G074198E42437N,upper_syr_darya,syr_darya,3000_4000,3000,4000,0.269981,94.6860,srtm_band_mask_rescaled_to_vector_area,30,2026-09-08T06:55:17+00:00
G074198E42437N,upper_syr_darya,syr_darya,gte_4000,4000,,0.015152,5.3140,srtm_band_mask_rescaled_to_vector_area,30,2026-09-08T06:55:17+00:00
G074201E40564N,upper_syr_darya,syr_darya,gte_4000,4000,,0.020658,100.0000,srtm_band_mask_rescaled_to_vector_area,30,2026-09-08T06:55:17+00:00
G074202E40127N,upper_syr_darya,syr_darya,3000_4000,3000,4000,0.007758,5.5467,srtm_band_mask_rescaled_to_vector_area,30,2026-09-08T06:55:17+00:00
G074202E40127N,upper_syr_darya,syr_darya,gte_4000,4000,,0.132116,94.4533,srtm_band_mask_rescaled_to_vector_area,30,2026-09-08T06:55:17+00:00
G074202E40569N,upper_syr_darya,syr_darya,3000_4000,3000,4000,0.285482,88.2782,srtm_band_mask_rescaled_to_vector_area,30,2026-09-08T06:55:17+00:00
G074202E40569N,upper_syr_darya,syr_darya,gte_4000,4000,,0.037907,11.7218,srtm_band_mask_rescaled_to_vector_area,30,2026-09-08T06:55:17+00:00
G074204E40565N,upper_syr_darya,syr_darya,gte_4000,4000,,0.021944,100.0000,srtm_band_mask_rescaled_to_vector_area,30,2026-09-08T06:55:17+00:00
G074204E41565N,upper_syr_darya,syr_darya,3000_4000,3000,4000,0.066054,100.0000,srtm_band_mask_rescaled_to_vector_area,30,2026-09-08T06:55:17+00:00
G074205E42404N,upper_syr_darya,syr_darya,3000_4000,3000,4000,0.117620,100.0000,srtm_band_mask_rescaled_to_vector_area,30,2026-09-08T06:55:17+00:00
G074205E42437N,upper_syr_darya,syr_darya,3000_4000,3000,4000,0.177278,100.0000,srtm_band_mask_rescaled_to_vector_area,30,2026-09-08T06:55:17+00:00
G074208E42435N,upper_syr_darya,syr_darya,3000_4000,3000,4000,0.028279,100.0000,srtm_band_mask_rescaled_to_vector_area,30,2026-09-08T06:55:17+00:00
G074209E40126N,upper_syr_darya,syr_darya,gte_4000,4000,,0.168375,100.0000,srtm_band_mask_rescaled_to_vector_area,30,2026-09-08T06:55:17+00:00
G074209E40586N,upper_syr_darya,syr_darya,3000_4000,3000,4000,0.073609,47.6013,srtm_band_mask_rescaled_to_vector_area,30,2026-09-08T06:55:17+00:00
G074209E40586N,upper_syr_darya,syr_darya,gte_4000,4000,,0.081028,52.3987,srtm_band_mask_rescaled_to_vector_area,30,2026-09-08T06:55:17+00:00
G074209E40590N,upper_syr_darya,syr_darya,3000_4000,3000,4000,0.040825,100.0000,srtm_band_mask_rescaled_to_vector_area,30,2026-09-08T06:55:17+00:00
G074210E42402N,upper_syr_darya,syr_darya,3000_4000,3000,4000,0.043167,100.0000,srtm_band_mask_rescaled_to_vector_area,30,2026-09-08T06:55:17+00:00
G074211E40573N,upper_syr_darya,syr_darya,3000_4000,3000,4000,0.033965,98.4627,srtm_band_mask_rescaled_to_vector_area,30,2026-09-08T06:55:17+00:00
G074211E40573N,upper_syr_darya,syr_darya,gte_4000,4000,,0.000530,1.5373,srtm_band_mask_rescaled_to_vector_area,30,2026-09-08T06:55:17+00:00
G074213E40143N,upper_syr_darya,syr_darya,gte_4000,4000,,0.081306,100.0000,srtm_band_mask_rescaled_to_vector_area,30,2026-09-08T06:55:17+00:00
G074214E42459N,upper_syr_darya,syr_darya,3000_4000,3000,4000,0.113044,67.6647,srtm_band_mask_rescaled_to_vector_area,30,2026-09-08T06:55:17+00:00
G074214E42459N,upper_syr_darya,syr_darya,gte_4000,4000,,0.054021,32.3353,srtm_band_mask_rescaled_to_vector_area,30,2026-09-08T06:55:17+00:00
G074215E42398N,upper_syr_darya,syr_darya,3000_4000,3000,4000,0.044301,100.0000,srtm_band_mask_rescaled_to_vector_area,30,2026-09-08T06:55:17+00:00
G074215E42471N,upper_syr_darya,syr_darya,3000_4000,3000,4000,1.528003,87.7098,srtm_band_mask_rescaled_to_vector_area,30,2026-09-08T06:55:17+00:00
G074215E42471N,upper_syr_darya,syr_darya,gte_4000,4000,,0.214109,12.2902,srtm_band_mask_rescaled_to_vector_area,30,2026-09-08T06:55:17+00:00
G074216E40564N,upper_syr_darya,syr_darya,3000_4000,3000,4000,0.019588,54.1014,srtm_band_mask_rescaled_to_vector_area,30,2026-09-08T06:55:17+00:00
G074216E40564N,upper_syr_darya,syr_darya,gte_4000,4000,,0.016618,45.8986,srtm_band_mask_rescaled_to_vector_area,30,2026-09-08T06:55:17+00:00
G074217E40588N,upper_syr_darya,syr_darya,3000_4000,3000,4000,0.009559,12.0946,srtm_band_mask_rescaled_to_vector_area,30,2026-09-08T06:55:17+00:00
G074217E40588N,upper_syr_darya,syr_darya,gte_4000,4000,,0.069476,87.9054,srtm_band_mask_rescaled_to_vector_area,30,2026-09-08T06:55:17+00:00
G074217E42469N,upper_syr_darya,syr_darya,3000_4000,3000,4000,2.840050,93.6968,srtm_band_mask_rescaled_to_vector_area,30,2026-09-08T06:55:17+00:00
G074217E42469N,upper_syr_darya,syr_darya,gte_4000,4000,,0.191056,6.3032,srtm_band_mask_rescaled_to_vector_area,30,2026-09-08T06:55:17+00:00
G074218E40128N,upper_syr_darya,syr_darya,gte_4000,4000,,0.039223,100.0000,srtm_band_mask_rescaled_to_vector_area,30,2026-09-08T06:55:17+00:00
G074218E40573N,upper_syr_darya,syr_darya,3000_4000,3000,4000,0.014283,80.1358,srtm_band_mask_rescaled_to_vector_area,30,2026-09-08T06:55:17+00:00
G074218E40573N,upper_syr_darya,syr_darya,gte_4000,4000,,0.003540,19.8642,srtm_band_mask_rescaled_to_vector_area,30,2026-09-08T06:55:17+00:00
G074218E40577N,upper_syr_darya,syr_darya,3000_4000,3000,4000,0.055426,99.9662,srtm_band_mask_rescaled_to_vector_area,30,2026-09-08T06:55:17+00:00
G074218E40577N,upper_syr_darya,syr_darya,gte_4000,4000,,0.000019,0.0338,srtm_band_mask_rescaled_to_vector_area,30,2026-09-08T06:55:17+00:00
G074219E40136N,upper_syr_darya,syr_darya,gte_4000,4000,,0.078433,100.0000,srtm_band_mask_rescaled_to_vector_area,30,2026-09-08T06:55:17+00:00
G074220E40570N,upper_syr_darya,syr_darya,3000_4000,3000,4000,0.071672,100.0000,srtm_band_mask_rescaled_to_vector_area,30,2026-09-08T06:55:17+00:00
G074222E40128N,upper_syr_darya,syr_darya,3000_4000,3000,4000,0.003451,2.9054,srtm_band_mask_rescaled_to_vector_area,30,2026-09-08T06:55:17+00:00
G074222E40128N,upper_syr_darya,syr_darya,gte_4000,4000,,0.115329,97.0946,srtm_band_mask_rescaled_to_vector_area,30,2026-09-08T06:55:17+00:00
G074223E42473N,upper_syr_darya,syr_darya,3000_4000,3000,4000,1.484304,97.2125,srtm_band_mask_rescaled_to_vector_area,30,2026-09-08T06:55:17+00:00
G074223E42473N,upper_syr_darya,syr_darya,gte_4000,4000,,0.042562,2.7875,srtm_band_mask_rescaled_to_vector_area,30,2026-09-08T06:55:17+00:00
G074224E40929N,upper_syr_darya,syr_darya,3000_4000,3000,4000,0.059984,99.5438,srtm_band_mask_rescaled_to_vector_area,30,2026-09-08T06:55:17+00:00
G074224E40929N,upper_syr_darya,syr_darya,gte_4000,4000,,0.000275,0.4562,srtm_band_mask_rescaled_to_vector_area,30,2026-09-08T06:55:17+00:00
G074225E40568N,upper_syr_darya,syr_darya,3000_4000,3000,4000,0.093544,100.0000,srtm_band_mask_rescaled_to_vector_area,30,2026-09-08T06:55:17+00:00
G074229E40124N,upper_syr_darya,syr_darya,gte_4000,4000,,0.039013,100.0000,srtm_band_mask_rescaled_to_vector_area,30,2026-09-08T06:55:17+00:00
G074230E40566N,upper_syr_darya,syr_darya,3000_4000,3000,4000,0.030065,100.0000,srtm_band_mask_rescaled_to_vector_area,30,2026-09-08T06:55:17+00:00
G074231E42457N,upper_syr_darya,syr_darya,3000_4000,3000,4000,0.068047,100.0000,srtm_band_mask_rescaled_to_vector_area,30,2026-09-08T06:55:17+00:00
G074232E40924N,upper_syr_darya,syr_darya,3000_4000,3000,4000,0.053716,100.0000,srtm_band_mask_rescaled_to_vector_area,30,2026-09-08T06:55:17+00:00
G074238E40568N,upper_syr_darya,syr_darya,3000_4000,3000,4000,0.047983,47.2419,srtm_band_mask_rescaled_to_vector_area,30,2026-09-08T06:55:17+00:00
G074238E40568N,upper_syr_darya,syr_darya,gte_4000,4000,,0.053586,52.7581,srtm_band_mask_rescaled_to_vector_area,30,2026-09-08T06:55:17+00:00
G074238E40919N,upper_syr_darya,syr_darya,3000_4000,3000,4000,0.278853,78.8197,srtm_band_mask_rescaled_to_vector_area,30,2026-09-08T06:55:17+00:00
G074238E40919N,upper_syr_darya,syr_darya,gte_4000,4000,,0.074933,21.1803,srtm_band_mask_rescaled_to_vector_area,30,2026-09-08T06:55:17+00:00
G074239E40802N,upper_syr_darya,syr_darya,3000_4000,3000,4000,0.075821,100.0000,srtm_band_mask_rescaled_to_vector_area,30,2026-09-08T06:55:17+00:00
G074239E40808N,upper_syr_darya,syr_darya,3000_4000,3000,4000,0.024050,100.0000,srtm_band_mask_rescaled_to_vector_area,30,2026-09-08T06:55:17+00:00
G074241E40562N,upper_syr_darya,syr_darya,3000_4000,3000,4000,0.024803,38.1415,srtm_band_mask_rescaled_to_vector_area,30,2026-09-08T06:55:17+00:00
G074241E40562N,upper_syr_darya,syr_darya,gte_4000,4000,,0.040226,61.8585,srtm_band_mask_rescaled_to_vector_area,30,2026-09-08T06:55:17+00:00
G074241E40930N,upper_syr_darya,syr_darya,3000_4000,3000,4000,0.000714,1.6297,srtm_band_mask_rescaled_to_vector_area,30,2026-09-08T06:55:17+00:00
G074241E40930N,upper_syr_darya,syr_darya,gte_4000,4000,,0.043106,98.3703,srtm_band_mask_rescaled_to_vector_area,30,2026-09-08T06:55:17+00:00
G074244E40568N,upper_syr_darya,syr_darya,3000_4000,3000,4000,0.162291,99.9225,srtm_band_mask_rescaled_to_vector_area,30,2026-09-08T06:55:17+00:00
G074244E40568N,upper_syr_darya,syr_darya,gte_4000,4000,,0.000126,0.0775,srtm_band_mask_rescaled_to_vector_area,30,2026-09-08T06:55:17+00:00
G074244E40926N,upper_syr_darya,syr_darya,3000_4000,3000,4000,0.000005,0.0089,srtm_band_mask_rescaled_to_vector_area,30,2026-09-08T06:55:17+00:00
G074244E40926N,upper_syr_darya,syr_darya,gte_4000,4000,,0.059675,99.9911,srtm_band_mask_rescaled_to_vector_area,30,2026-09-08T06:55:17+00:00
G074244E42166N,upper_syr_darya,syr_darya,3000_4000,3000,4000,0.011576,100.0000,srtm_band_mask_rescaled_to_vector_area,30,2026-09-08T06:55:17+00:00
G074245E40810N,upper_syr_darya,syr_darya,3000_4000,3000,4000,0.093670,100.0000,srtm_band_mask_rescaled_to_vector_area,30,2026-09-08T06:55:17+00:00
G074246E40790N,upper_syr_darya,syr_darya,3000_4000,3000,4000,0.018145,100.0000,srtm_band_mask_rescaled_to_vector_area,30,2026-09-08T06:55:17+00:00
G074248E40925N,upper_syr_darya,syr_darya,3000_4000,3000,4000,0.093279,63.5927,srtm_band_mask_rescaled_to_vector_area,30,2026-09-08T06:55:17+00:00
G074248E40925N,upper_syr_darya,syr_darya,gte_4000,4000,,0.053403,36.4073,srtm_band_mask_rescaled_to_vector_area,30,2026-09-08T06:55:17+00:00
G074249E40805N,upper_syr_darya,syr_darya,3000_4000,3000,4000,0.148139,100.0000,srtm_band_mask_rescaled_to_vector_area,30,2026-09-08T06:55:17+00:00
G074250E40785N,upper_syr_darya,syr_darya,3000_4000,3000,4000,0.071913,100.0000,srtm_band_mask_rescaled_to_vector_area,30,2026-09-08T06:55:17+00:00
G074250E40914N,upper_syr_darya,syr_darya,3000_4000,3000,4000,0.164365,98.4914,srtm_band_mask_rescaled_to_vector_area,30,2026-09-08T06:55:17+00:00
G074250E40914N,upper_syr_darya,syr_darya,gte_4000,4000,,0.002518,1.5086,srtm_band_mask_rescaled_to_vector_area,30,2026-09-08T06:55:17+00:00
G074252E40925N,upper_syr_darya,syr_darya,3000_4000,3000,4000,0.151159,80.3551,srtm_band_mask_rescaled_to_vector_area,30,2026-09-08T06:55:17+00:00
G074252E40925N,upper_syr_darya,syr_darya,gte_4000,4000,,0.036955,19.6449,srtm_band_mask_rescaled_to_vector_area,30,2026-09-08T06:55:17+00:00
G074252E40926N,upper_syr_darya,syr_darya,3000_4000,3000,4000,0.111099,100.0000,srtm_band_mask_rescaled_to_vector_area,30,2026-09-08T06:55:17+00:00
G074257E40774N,upper_syr_darya,syr_darya,3000_4000,3000,4000,0.017628,100.0000,srtm_band_mask_rescaled_to_vector_area,30,2026-09-08T06:55:17+00:00
G074257E40910N,upper_syr_darya,syr_darya,3000_4000,3000,4000,0.257677,100.0000,srtm_band_mask_rescaled_to_vector_area,30,2026-09-08T06:55:17+00:00
G074262E40913N,upper_syr_darya,syr_darya,3000_4000,3000,4000,0.052972,100.0000,srtm_band_mask_rescaled_to_vector_area,30,2026-09-08T06:55:17+00:00
G074263E40565N,upper_syr_darya,syr_darya,3000_4000,3000,4000,0.016514,56.8238,srtm_band_mask_rescaled_to_vector_area,30,2026-09-08T06:55:17+00:00
G074263E40565N,upper_syr_darya,syr_darya,gte_4000,4000,,0.012547,43.1762,srtm_band_mask_rescaled_to_vector_area,30,2026-09-08T06:55:17+00:00
G074266E42443N,upper_syr_darya,syr_darya,3000_4000,3000,4000,0.235344,100.0000,srtm_band_mask_rescaled_to_vector_area,30,2026-09-08T06:55:17+00:00
G074269E40891N,upper_syr_darya,syr_darya,3000_4000,3000,4000,0.067025,97.3753,srtm_band_mask_rescaled_to_vector_area,30,2026-09-08T06:55:17+00:00
G074269E40891N,upper_syr_darya,syr_darya,gte_4000,4000,,0.001807,2.6247,srtm_band_mask_rescaled_to_vector_area,30,2026-09-08T06:55:17+00:00
G074269E40896N,upper_syr_darya,syr_darya,3000_4000,3000,4000,0.122270,97.8201,srtm_band_mask_rescaled_to_vector_area,30,2026-09-08T06:55:17+00:00
G074269E40896N,upper_syr_darya,syr_darya,gte_4000,4000,,0.002725,2.1799,srtm_band_mask_rescaled_to_vector_area,30,2026-09-08T06:55:17+00:00
G074269E40909N,upper_syr_darya,syr_darya,3000_4000,3000,4000,0.359465,87.7800,srtm_band_mask_rescaled_to_vector_area,30,2026-09-08T06:55:17+00:00
G074269E40909N,upper_syr_darya,syr_darya,gte_4000,4000,,0.050042,12.2200,srtm_band_mask_rescaled_to_vector_area,30,2026-09-08T06:55:17+00:00
G074271E42191N,upper_syr_darya,syr_darya,3000_4000,3000,4000,0.011836,100.0000,srtm_band_mask_rescaled_to_vector_area,30,2026-09-08T06:55:17+00:00
G074273E40764N,upper_syr_darya,syr_darya,3000_4000,3000,4000,0.409275,90.9835,srtm_band_mask_rescaled_to_vector_area,30,2026-09-08T06:55:17+00:00
G074273E40764N,upper_syr_darya,syr_darya,gte_4000,4000,,0.040559,9.0165,srtm_band_mask_rescaled_to_vector_area,30,2026-09-08T06:55:17+00:00
G074273E42446N,upper_syr_darya,syr_darya,3000_4000,3000,4000,0.108065,92.1964,srtm_band_mask_rescaled_to_vector_area,30,2026-09-08T06:55:17+00:00
G074273E42446N,upper_syr_darya,syr_darya,gte_4000,4000,,0.009147,7.8036,srtm_band_mask_rescaled_to_vector_area,30,2026-09-08T06:55:17+00:00
G074275E40905N,upper_syr_darya,syr_darya,gte_4000,4000,,0.073515,100.0000,srtm_band_mask_rescaled_to_vector_area,30,2026-09-08T06:55:17+00:00
G074276E40914N,upper_syr_darya,syr_darya,3000_4000,3000,4000,0.047263,99.1666,srtm_band_mask_rescaled_to_vector_area,30,2026-09-08T06:55:17+00:00
G074276E40914N,upper_syr_darya,syr_darya,gte_4000,4000,,0.000397,0.8334,srtm_band_mask_rescaled_to_vector_area,30,2026-09-08T06:55:17+00:00
G074276E42192N,upper_syr_darya,syr_darya,3000_4000,3000,4000,0.079378,100.0000,srtm_band_mask_rescaled_to_vector_area,30,2026-09-08T06:55:17+00:00
G074279E40766N,upper_syr_darya,syr_darya,3000_4000,3000,4000,0.182199,64.2299,srtm_band_mask_rescaled_to_vector_area,30,2026-09-08T06:55:17+00:00
G074279E40766N,upper_syr_darya,syr_darya,gte_4000,4000,,0.101468,35.7701,srtm_band_mask_rescaled_to_vector_area,30,2026-09-08T06:55:17+00:00
G074279E40905N,upper_syr_darya,syr_darya,3000_4000,3000,4000,0.043054,69.6154,srtm_band_mask_rescaled_to_vector_area,30,2026-09-08T06:55:17+00:00
G074279E40905N,upper_syr_darya,syr_darya,gte_4000,4000,,0.018792,30.3846,srtm_band_mask_rescaled_to_vector_area,30,2026-09-08T06:55:17+00:00
G074280E40923N,upper_syr_darya,syr_darya,3000_4000,3000,4000,0.023903,100.0000,srtm_band_mask_rescaled_to_vector_area,30,2026-09-08T06:55:17+00:00
G074280E42193N,upper_syr_darya,syr_darya,3000_4000,3000,4000,0.045557,100.0000,srtm_band_mask_rescaled_to_vector_area,30,2026-09-08T06:55:17+00:00
G074281E42054N,upper_syr_darya,syr_darya,3000_4000,3000,4000,0.028373,100.0000,srtm_band_mask_rescaled_to_vector_area,30,2026-09-08T06:55:17+00:00
G074282E40903N,upper_syr_darya,syr_darya,3000_4000,3000,4000,0.026074,51.9361,srtm_band_mask_rescaled_to_vector_area,30,2026-09-08T06:55:17+00:00
G074282E40903N,upper_syr_darya,syr_darya,gte_4000,4000,,0.024130,48.0639,srtm_band_mask_rescaled_to_vector_area,30,2026-09-08T06:55:17+00:00
G074283E40758N,upper_syr_darya,syr_darya,3000_4000,3000,4000,0.079522,56.7151,srtm_band_mask_rescaled_to_vector_area,30,2026-09-08T06:55:17+00:00
G074283E40758N,upper_syr_darya,syr_darya,gte_4000,4000,,0.060692,43.2849,srtm_band_mask_rescaled_to_vector_area,30,2026-09-08T06:55:17+00:00
G074284E40915N,upper_syr_darya,syr_darya,3000_4000,3000,4000,0.017802,90.2689,srtm_band_mask_rescaled_to_vector_area,30,2026-09-08T06:55:17+00:00
G074284E40915N,upper_syr_darya,syr_darya,gte_4000,4000,,0.001919,9.7311,srtm_band_mask_rescaled_to_vector_area,30,2026-09-08T06:55:17+00:00
G074285E40726N,upper_syr_darya,syr_darya,3000_4000,3000,4000,0.015989,100.0000,srtm_band_mask_rescaled_to_vector_area,30,2026-09-08T06:55:17+00:00
G074287E40902N,upper_syr_darya,syr_darya,3000_4000,3000,4000,0.093033,100.0000,srtm_band_mask_rescaled_to_vector_area,30,2026-09-08T06:55:17+00:00
G074290E40748N,upper_syr_darya,syr_darya,3000_4000,3000,4000,0.067442,38.4704,srtm_band_mask_rescaled_to_vector_area,30,2026-09-08T06:55:17+00:00
G074290E40748N,upper_syr_darya,syr_darya,gte_4000,4000,,0.107867,61.5296,srtm_band_mask_rescaled_to_vector_area,30,2026-09-08T06:55:17+00:00
G074290E40776N,upper_syr_darya,syr_darya,3000_4000,3000,4000,0.343944,45.3719,srtm_band_mask_rescaled_to_vector_area,30,2026-09-08T06:55:17+00:00
G074290E40776N,upper_syr_darya,syr_darya,gte_4000,4000,,0.414111,54.6281,srtm_band_mask_rescaled_to_vector_area,30,2026-09-08T06:55:17+00:00
G074292E40924N,upper_syr_darya,syr_darya,3000_4000,3000,4000,0.008081,31.1159,srtm_band_mask_rescaled_to_vector_area,30,2026-09-08T06:55:17+00:00
G074292E40924N,upper_syr_darya,syr_darya,gte_4000,4000,,0.017890,68.8841,srtm_band_mask_rescaled_to_vector_area,30,2026-09-08T06:55:17+00:00
G074293E42448N,upper_syr_darya,syr_darya,3000_4000,3000,4000,1.151572,90.3671,srtm_band_mask_rescaled_to_vector_area,30,2026-09-08T06:55:17+00:00
G074293E42448N,upper_syr_darya,syr_darya,gte_4000,4000,,0.122755,9.6329,srtm_band_mask_rescaled_to_vector_area,30,2026-09-08T06:55:17+00:00
G074296E40769N,upper_syr_darya,syr_darya,3000_4000,3000,4000,0.054256,41.4494,srtm_band_mask_rescaled_to_vector_area,30,2026-09-08T06:55:17+00:00
G074296E40769N,upper_syr_darya,syr_darya,gte_4000,4000,,0.076642,58.5506,srtm_band_mask_rescaled_to_vector_area,30,2026-09-08T06:55:17+00:00
G074297E40737N,upper_syr_darya,syr_darya,3000_4000,3000,4000,0.322229,18.1131,srtm_band_mask_rescaled_to_vector_area,30,2026-09-08T06:55:17+00:00
G074297E40737N,upper_syr_darya,syr_darya,gte_4000,4000,,1.456753,81.8869,srtm_band_mask_rescaled_to_vector_area,30,2026-09-08T06:55:17+00:00
G074298E42418N,upper_syr_darya,syr_darya,3000_4000,3000,4000,0.204717,100.0000,srtm_band_mask_rescaled_to_vector_area,30,2026-09-08T06:55:17+00:00
G074300E40748N,upper_syr_darya,syr_darya,gte_4000,4000,,0.127832,100.0000,srtm_band_mask_rescaled_to_vector_area,30,2026-09-08T06:55:17+00:00
G074300E40764N,upper_syr_darya,syr_darya,3000_4000,3000,4000,0.134903,96.5403,srtm_band_mask_rescaled_to_vector_area,30,2026-09-08T06:55:17+00:00
G074300E40764N,upper_syr_darya,syr_darya,gte_4000,4000,,0.004834,3.4597,srtm_band_mask_rescaled_to_vector_area,30,2026-09-08T06:55:17+00:00
G074301E42052N,upper_syr_darya,syr_darya,3000_4000,3000,4000,0.052740,100.0000,srtm_band_mask_rescaled_to_vector_area,30,2026-09-08T06:55:17+00:00
G074303E40733N,upper_syr_darya,syr_darya,3000_4000,3000,4000,0.322202,19.9684,srtm_band_mask_rescaled_to_vector_area,30,2026-09-08T06:55:17+00:00
G074303E40733N,upper_syr_darya,syr_darya,gte_4000,4000,,1.291358,80.0316,srtm_band_mask_rescaled_to_vector_area,30,2026-09-08T06:55:17+00:00
G074303E40742N,upper_syr_darya,syr_darya,3000_4000,3000,4000,0.050633,6.8044,srtm_band_mask_rescaled_to_vector_area,30,2026-09-08T06:55:17+00:00
G074303E40742N,upper_syr_darya,syr_darya,gte_4000,4000,,0.693495,93.1956,srtm_band_mask_rescaled_to_vector_area,30,2026-09-08T06:55:17+00:00
G074304E40755N,upper_syr_darya,syr_darya,3000_4000,3000,4000,1.429353,59.0022,srtm_band_mask_rescaled_to_vector_area,30,2026-09-08T06:55:17+00:00
G074304E40755N,upper_syr_darya,syr_darya,gte_4000,4000,,0.993188,40.9978,srtm_band_mask_rescaled_to_vector_area,30,2026-09-08T06:55:17+00:00
G074304E42222N,upper_syr_darya,syr_darya,3000_4000,3000,4000,0.010884,100.0000,srtm_band_mask_rescaled_to_vector_area,30,2026-09-08T06:55:17+00:00
G074305E40707N,upper_syr_darya,syr_darya,3000_4000,3000,4000,0.078175,100.0000,srtm_band_mask_rescaled_to_vector_area,30,2026-09-08T06:55:17+00:00
G074305E40727N,upper_syr_darya,syr_darya,3000_4000,3000,4000,0.046682,5.9934,srtm_band_mask_rescaled_to_vector_area,30,2026-09-08T06:55:17+00:00
G074305E40727N,upper_syr_darya,syr_darya,gte_4000,4000,,0.732210,94.0066,srtm_band_mask_rescaled_to_vector_area,30,2026-09-08T06:55:17+00:00
G074308E40719N,upper_syr_darya,syr_darya,3000_4000,3000,4000,0.046190,47.5156,srtm_band_mask_rescaled_to_vector_area,30,2026-09-08T06:55:17+00:00
G074308E40719N,upper_syr_darya,syr_darya,gte_4000,4000,,0.051020,52.4844,srtm_band_mask_rescaled_to_vector_area,30,2026-09-08T06:55:17+00:00
G074308E42421N,upper_syr_darya,syr_darya,3000_4000,3000,4000,0.190320,100.0000,srtm_band_mask_rescaled_to_vector_area,30,2026-09-08T06:55:17+00:00
G074309E42437N,upper_syr_darya,syr_darya,3000_4000,3000,4000,0.458320,99.9586,srtm_band_mask_rescaled_to_vector_area,30,2026-09-08T06:55:17+00:00
G074309E42437N,upper_syr_darya,syr_darya,gte_4000,4000,,0.000190,0.0414,srtm_band_mask_rescaled_to_vector_area,30,2026-09-08T06:55:17+00:00
G074310E42055N,upper_syr_darya,syr_darya,3000_4000,3000,4000,0.219245,65.5494,srtm_band_mask_rescaled_to_vector_area,30,2026-09-08T06:55:17+00:00
G074310E42055N,upper_syr_darya,syr_darya,gte_4000,4000,,0.115228,34.4506,srtm_band_mask_rescaled_to_vector_area,30,2026-09-08T06:55:17+00:00
G074313E40724N,upper_syr_darya,syr_darya,gte_4000,4000,,0.133021,100.0000,srtm_band_mask_rescaled_to_vector_area,30,2026-09-08T06:55:17+00:00
G074314E40714N,upper_syr_darya,syr_darya,3000_4000,3000,4000,0.093454,23.4764,srtm_band_mask_rescaled_to_vector_area,30,2026-09-08T06:55:17+00:00
G074314E40714N,upper_syr_darya,syr_darya,gte_4000,4000,,0.304622,76.5236,srtm_band_mask_rescaled_to_vector_area,30,2026-09-08T06:55:17+00:00
G074314E42063N,upper_syr_darya,syr_darya,3000_4000,3000,4000,0.340829,86.5407,srtm_band_mask_rescaled_to_vector_area,30,2026-09-08T06:55:17+00:00
G074314E42063N,upper_syr_darya,syr_darya,gte_4000,4000,,0.053008,13.4593,srtm_band_mask_rescaled_to_vector_area,30,2026-09-08T06:55:17+00:00
G074317E42224N,upper_syr_darya,syr_darya,3000_4000,3000,4000,0.015785,100.0000,srtm_band_mask_rescaled_to_vector_area,30,2026-09-08T06:55:17+00:00
G074321E42053N,upper_syr_darya,syr_darya,3000_4000,3000,4000,0.423989,88.6900,srtm_band_mask_rescaled_to_vector_area,30,2026-09-08T06:55:17+00:00
G074321E42053N,upper_syr_darya,syr_darya,gte_4000,4000,,0.054068,11.3100,srtm_band_mask_rescaled_to_vector_area,30,2026-09-08T06:55:17+00:00
G074321E42225N,upper_syr_darya,syr_darya,3000_4000,3000,4000,0.032850,100.0000,srtm_band_mask_rescaled_to_vector_area,30,2026-09-08T06:55:17+00:00
G074322E40719N,upper_syr_darya,syr_darya,3000_4000,3000,4000,2.107466,31.0073,srtm_band_mask_rescaled_to_vector_area,30,2026-09-08T06:55:17+00:00
G074322E40719N,upper_syr_darya,syr_darya,gte_4000,4000,,4.689203,68.9927,srtm_band_mask_rescaled_to_vector_area,30,2026-09-08T06:55:17+00:00
G074322E40737N,upper_syr_darya,syr_darya,3000_4000,3000,4000,0.247122,20.4034,srtm_band_mask_rescaled_to_vector_area,30,2026-09-08T06:55:17+00:00
G074322E40737N,upper_syr_darya,syr_darya,gte_4000,4000,,0.964060,79.5966,srtm_band_mask_rescaled_to_vector_area,30,2026-09-08T06:55:17+00:00
G074323E42447N,upper_syr_darya,syr_darya,3000_4000,3000,4000,0.934483,89.4702,srtm_band_mask_rescaled_to_vector_area,30,2026-09-08T06:55:17+00:00
G074323E42447N,upper_syr_darya,syr_darya,gte_4000,4000,,0.109980,10.5298,srtm_band_mask_rescaled_to_vector_area,30,2026-09-08T06:55:17+00:00
G074324E40740N,upper_syr_darya,syr_darya,3000_4000,3000,4000,0.400366,33.2850,srtm_band_mask_rescaled_to_vector_area,30,2026-09-08T06:55:17+00:00
G074324E40740N,upper_syr_darya,syr_darya,gte_4000,4000,,0.802475,66.7150,srtm_band_mask_rescaled_to_vector_area,30,2026-09-08T06:55:17+00:00
G074326E40704N,upper_syr_darya,syr_darya,3000_4000,3000,4000,0.179816,18.8625,srtm_band_mask_rescaled_to_vector_area,30,2026-09-08T06:55:17+00:00
G074326E40704N,upper_syr_darya,syr_darya,gte_4000,4000,,0.773481,81.1375,srtm_band_mask_rescaled_to_vector_area,30,2026-09-08T06:55:17+00:00
G074326E42434N,upper_syr_darya,syr_darya,3000_4000,3000,4000,0.026613,100.0000,srtm_band_mask_rescaled_to_vector_area,30,2026-09-08T06:55:17+00:00
G074328E42067N,upper_syr_darya,syr_darya,3000_4000,3000,4000,0.075458,42.5833,srtm_band_mask_rescaled_to_vector_area,30,2026-09-08T06:55:17+00:00
G074328E42067N,upper_syr_darya,syr_darya,gte_4000,4000,,0.101743,57.4167,srtm_band_mask_rescaled_to_vector_area,30,2026-09-08T06:55:17+00:00
G074329E40728N,upper_syr_darya,syr_darya,3000_4000,3000,4000,3.163163,32.0934,srtm_band_mask_rescaled_to_vector_area,30,2026-09-08T06:55:17+00:00
G074329E40728N,upper_syr_darya,syr_darya,gte_4000,4000,,6.692957,67.9066,srtm_band_mask_rescaled_to_vector_area,30,2026-09-08T06:55:17+00:00
G074329E40746N,upper_syr_darya,syr_darya,3000_4000,3000,4000,0.408278,28.5705,srtm_band_mask_rescaled_to_vector_area,30,2026-09-08T06:55:17+00:00
G074329E40746N,upper_syr_darya,syr_darya,gte_4000,4000,,1.020740,71.4295,srtm_band_mask_rescaled_to_vector_area,30,2026-09-08T06:55:17+00:00
G074329E42226N,upper_syr_darya,syr_darya,3000_4000,3000,4000,0.033188,100.0000,srtm_band_mask_rescaled_to_vector_area,30,2026-09-08T06:55:17+00:00
G074331E40754N,upper_syr_darya,syr_darya,gte_4000,4000,,0.404781,100.0000,srtm_band_mask_rescaled_to_vector_area,30,2026-09-08T06:55:17+00:00
G074334E40697N,upper_syr_darya,syr_darya,3000_4000,3000,4000,0.089365,41.4710,srtm_band_mask_rescaled_to_vector_area,30,2026-09-08T06:55:17+00:00
G074334E40697N,upper_syr_darya,syr_darya,gte_4000,4000,,0.126123,58.5290,srtm_band_mask_rescaled_to_vector_area,30,2026-09-08T06:55:17+00:00
G074335E40517N,upper_syr_darya,syr_darya,3000_4000,3000,4000,0.015932,100.0000,srtm_band_mask_rescaled_to_vector_area,30,2026-09-08T06:55:17+00:00
G074335E42435N,upper_syr_darya,syr_darya,3000_4000,3000,4000,0.056596,100.0000,srtm_band_mask_rescaled_to_vector_area,30,2026-09-08T06:55:17+00:00
G074338E42433N,upper_syr_darya,syr_darya,3000_4000,3000,4000,0.160647,99.5816,srtm_band_mask_rescaled_to_vector_area,30,2026-09-08T06:55:17+00:00
G074338E42433N,upper_syr_darya,syr_darya,gte_4000,4000,,0.000675,0.4184,srtm_band_mask_rescaled_to_vector_area,30,2026-09-08T06:55:17+00:00
G074340E40514N,upper_syr_darya,syr_darya,gte_4000,4000,,0.039073,100.0000,srtm_band_mask_rescaled_to_vector_area,30,2026-09-08T06:55:17+00:00
G074340E40756N,upper_syr_darya,syr_darya,gte_4000,4000,,0.153115,100.0000,srtm_band_mask_rescaled_to_vector_area,30,2026-09-08T06:55:17+00:00
G074341E42406N,upper_syr_darya,syr_darya,3000_4000,3000,4000,0.074032,100.0000,srtm_band_mask_rescaled_to_vector_area,30,2026-09-08T06:55:17+00:00
G074343E42399N,upper_syr_darya,syr_darya,3000_4000,3000,4000,0.033041,100.0000,srtm_band_mask_rescaled_to_vector_area,30,2026-09-08T06:55:17+00:00
G074344E42075N,upper_syr_darya,syr_darya,3000_4000,3000,4000,0.132751,97.8714,srtm_band_mask_rescaled_to_vector_area,30,2026-09-08T06:55:17+00:00
G074344E42075N,upper_syr_darya,syr_darya,gte_4000,4000,,0.002887,2.1286,srtm_band_mask_rescaled_to_vector_area,30,2026-09-08T06:55:17+00:00
G074344E42417N,upper_syr_darya,syr_darya,3000_4000,3000,4000,0.526636,100.0000,srtm_band_mask_rescaled_to_vector_area,30,2026-09-08T06:55:17+00:00
G074345E40694N,upper_syr_darya,syr_darya,3000_4000,3000,4000,0.123886,12.4333,srtm_band_mask_rescaled_to_vector_area,30,2026-09-08T06:55:17+00:00
G074345E40694N,upper_syr_darya,syr_darya,gte_4000,4000,,0.872517,87.5667,srtm_band_mask_rescaled_to_vector_area,30,2026-09-08T06:55:17+00:00
G074345E40755N,upper_syr_darya,syr_darya,3000_4000,3000,4000,0.000136,0.2327,srtm_band_mask_rescaled_to_vector_area,30,2026-09-08T06:55:17+00:00
G074345E40755N,upper_syr_darya,syr_darya,gte_4000,4000,,0.058437,99.7673,srtm_band_mask_rescaled_to_vector_area,30,2026-09-08T06:55:17+00:00
G074345E42191N,upper_syr_darya,syr_darya,3000_4000,3000,4000,0.033860,95.9239,srtm_band_mask_rescaled_to_vector_area,30,2026-09-08T06:55:17+00:00
G074345E42191N,upper_syr_darya,syr_darya,gte_4000,4000,,0.001439,4.0761,srtm_band_mask_rescaled_to_vector_area,30,2026-09-08T06:55:17+00:00
G074347E42227N,upper_syr_darya,syr_darya,3000_4000,3000,4000,0.008220,74.9641,srtm_band_mask_rescaled_to_vector_area,30,2026-09-08T06:55:17+00:00
G074347E42227N,upper_syr_darya,syr_darya,gte_4000,4000,,0.002745,25.0359,srtm_band_mask_rescaled_to_vector_area,30,2026-09-08T06:55:17+00:00
G074347E42229N,upper_syr_darya,syr_darya,3000_4000,3000,4000,0.024935,87.8786,srtm_band_mask_rescaled_to_vector_area,30,2026-09-08T06:55:17+00:00
G074347E42229N,upper_syr_darya,syr_darya,gte_4000,4000,,0.003439,12.1214,srtm_band_mask_rescaled_to_vector_area,30,2026-09-08T06:55:17+00:00
G074347E42431N,upper_syr_darya,syr_darya,3000_4000,3000,4000,0.276057,86.8825,srtm_band_mask_rescaled_to_vector_area,30,2026-09-08T06:55:17+00:00
G074347E42431N,upper_syr_darya,syr_darya,gte_4000,4000,,0.041679,13.1175,srtm_band_mask_rescaled_to_vector_area,30,2026-09-08T06:55:17+00:00
G074348E40512N,upper_syr_darya,syr_darya,3000_4000,3000,4000,0.027743,100.0000,srtm_band_mask_rescaled_to_vector_area,30,2026-09-08T06:55:17+00:00
G074349E42199N,upper_syr_darya,syr_darya,3000_4000,3000,4000,0.028201,98.8271,srtm_band_mask_rescaled_to_vector_area,30,2026-09-08T06:55:17+00:00
G074349E42199N,upper_syr_darya,syr_darya,gte_4000,4000,,0.000335,1.1729,srtm_band_mask_rescaled_to_vector_area,30,2026-09-08T06:55:17+00:00
G074350E40711N,upper_syr_darya,syr_darya,gte_4000,4000,,0.075066,100.0000,srtm_band_mask_rescaled_to_vector_area,30,2026-09-08T06:55:17+00:00
G074351E40715N,upper_syr_darya,syr_darya,gte_4000,4000,,0.043433,100.0000,srtm_band_mask_rescaled_to_vector_area,30,2026-09-08T06:55:17+00:00
G074351E42091N,upper_syr_darya,syr_darya,3000_4000,3000,4000,0.095372,100.0000,srtm_band_mask_rescaled_to_vector_area,30,2026-09-08T06:55:17+00:00
G074353E42417N,upper_syr_darya,syr_darya,3000_4000,3000,4000,0.227279,100.0000,srtm_band_mask_rescaled_to_vector_area,30,2026-09-08T06:55:17+00:00
G074354E40688N,upper_syr_darya,syr_darya,3000_4000,3000,4000,0.007967,2.6513,srtm_band_mask_rescaled_to_vector_area,30,2026-09-08T06:55:17+00:00
G074354E40688N,upper_syr_darya,syr_darya,gte_4000,4000,,0.292525,97.3487,srtm_band_mask_rescaled_to_vector_area,30,2026-09-08T06:55:17+00:00
G074354E42442N,upper_syr_darya,syr_darya,3000_4000,3000,4000,2.824554,94.9380,srtm_band_mask_rescaled_to_vector_area,30,2026-09-08T06:55:17+00:00
G074354E42442N,upper_syr_darya,syr_darya,gte_4000,4000,,0.150604,5.0620,srtm_band_mask_rescaled_to_vector_area,30,2026-09-08T06:55:17+00:00
G074355E40718N,upper_syr_darya,syr_darya,gte_4000,4000,,0.052376,100.0000,srtm_band_mask_rescaled_to_vector_area,30,2026-09-08T06:55:17+00:00
G074355E42226N,upper_syr_darya,syr_darya,3000_4000,3000,4000,0.074718,100.0000,srtm_band_mask_rescaled_to_vector_area,30,2026-09-08T06:55:17+00:00
G074357E40721N,upper_syr_darya,syr_darya,3000_4000,3000,4000,0.145366,30.8862,srtm_band_mask_rescaled_to_vector_area,30,2026-09-08T06:55:17+00:00
G074357E40721N,upper_syr_darya,syr_darya,gte_4000,4000,,0.325283,69.1138,srtm_band_mask_rescaled_to_vector_area,30,2026-09-08T06:55:17+00:00
G074357E42203N,upper_syr_darya,syr_darya,3000_4000,3000,4000,0.072785,100.0000,srtm_band_mask_rescaled_to_vector_area,30,2026-09-08T06:55:17+00:00
G074358E40504N,upper_syr_darya,syr_darya,3000_4000,3000,4000,0.011313,100.0000,srtm_band_mask_rescaled_to_vector_area,30,2026-09-08T06:55:17+00:00
G074358E42218N,upper_syr_darya,syr_darya,3000_4000,3000,4000,0.144305,100.0000,srtm_band_mask_rescaled_to_vector_area,30,2026-09-08T06:55:17+00:00
G074359E42426N,upper_syr_darya,syr_darya,3000_4000,3000,4000,0.099236,100.0000,srtm_band_mask_rescaled_to_vector_area,30,2026-09-08T06:55:17+00:00
G074362E42207N,upper_syr_darya,syr_darya,3000_4000,3000,4000,0.107034,98.8686,srtm_band_mask_rescaled_to_vector_area,30,2026-09-08T06:55:17+00:00
G074362E42207N,upper_syr_darya,syr_darya,gte_4000,4000,,0.001225,1.1314,srtm_band_mask_rescaled_to_vector_area,30,2026-09-08T06:55:17+00:00
G074362E42429N,upper_syr_darya,syr_darya,3000_4000,3000,4000,0.040105,87.7615,srtm_band_mask_rescaled_to_vector_area,30,2026-09-08T06:55:17+00:00
G074362E42429N,upper_syr_darya,syr_darya,gte_4000,4000,,0.005593,12.2385,srtm_band_mask_rescaled_to_vector_area,30,2026-09-08T06:55:17+00:00
G074365E42201N,upper_syr_darya,syr_darya,3000_4000,3000,4000,0.033908,91.1539,srtm_band_mask_rescaled_to_vector_area,30,2026-09-08T06:55:17+00:00
G074365E42201N,upper_syr_darya,syr_darya,gte_4000,4000,,0.003291,8.8461,srtm_band_mask_rescaled_to_vector_area,30,2026-09-08T06:55:17+00:00
G074368E42408N,upper_syr_darya,syr_darya,3000_4000,3000,4000,0.081047,100.0000,srtm_band_mask_rescaled_to_vector_area,30,2026-09-08T06:55:17+00:00
G074368E42432N,upper_syr_darya,syr_darya,3000_4000,3000,4000,0.475415,95.8130,srtm_band_mask_rescaled_to_vector_area,30,2026-09-08T06:55:17+00:00
G074368E42432N,upper_syr_darya,syr_darya,gte_4000,4000,,0.020776,4.1870,srtm_band_mask_rescaled_to_vector_area,30,2026-09-08T06:55:17+00:00
G074369E40722N,upper_syr_darya,syr_darya,gte_4000,4000,,0.503148,100.0000,srtm_band_mask_rescaled_to_vector_area,30,2026-09-08T06:55:17+00:00
G074369E42219N,upper_syr_darya,syr_darya,3000_4000,3000,4000,0.449396,94.3304,srtm_band_mask_rescaled_to_vector_area,30,2026-09-08T06:55:17+00:00
G074369E42219N,upper_syr_darya,syr_darya,gte_4000,4000,,0.027010,5.6696,srtm_band_mask_rescaled_to_vector_area,30,2026-09-08T06:55:17+00:00
G074370E40669N,upper_syr_darya,syr_darya,3000_4000,3000,4000,0.167126,29.3581,srtm_band_mask_rescaled_to_vector_area,30,2026-09-08T06:55:17+00:00
G074370E40669N,upper_syr_darya,syr_darya,gte_4000,4000,,0.402142,70.6419,srtm_band_mask_rescaled_to_vector_area,30,2026-09-08T06:55:17+00:00
G074370E42214N,upper_syr_darya,syr_darya,3000_4000,3000,4000,0.051410,85.2130,srtm_band_mask_rescaled_to_vector_area,30,2026-09-08T06:55:17+00:00
G074370E42214N,upper_syr_darya,syr_darya,gte_4000,4000,,0.008921,14.7870,srtm_band_mask_rescaled_to_vector_area,30,2026-09-08T06:55:17+00:00
G074371E42401N,upper_syr_darya,syr_darya,3000_4000,3000,4000,0.183710,100.0000,srtm_band_mask_rescaled_to_vector_area,30,2026-09-08T06:55:17+00:00
G074372E42096N,upper_syr_darya,syr_darya,3000_4000,3000,4000,0.225619,82.4583,srtm_band_mask_rescaled_to_vector_area,30,2026-09-08T06:55:17+00:00
G074372E42096N,upper_syr_darya,syr_darya,gte_4000,4000,,0.047997,17.5417,srtm_band_mask_rescaled_to_vector_area,30,2026-09-08T06:55:17+00:00
G074372E42389N,upper_syr_darya,syr_darya,3000_4000,3000,4000,0.148194,100.0000,srtm_band_mask_rescaled_to_vector_area,30,2026-09-08T06:55:17+00:00
G074373E40676N,upper_syr_darya,syr_darya,3000_4000,3000,4000,0.423773,30.7888,srtm_band_mask_rescaled_to_vector_area,30,2026-09-08T06:55:17+00:00
G074373E40676N,upper_syr_darya,syr_darya,gte_4000,4000,,0.952615,69.2112,srtm_band_mask_rescaled_to_vector_area,30,2026-09-08T06:55:17+00:00
G074374E40715N,upper_syr_darya,syr_darya,gte_4000,4000,,0.116913,100.0000,srtm_band_mask_rescaled_to_vector_area,30,2026-09-08T06:55:17+00:00
G074374E42210N,upper_syr_darya,syr_darya,3000_4000,3000,4000,0.277735,97.7163,srtm_band_mask_rescaled_to_vector_area,30,2026-09-08T06:55:17+00:00
G074374E42210N,upper_syr_darya,syr_darya,gte_4000,4000,,0.006491,2.2837,srtm_band_mask_rescaled_to_vector_area,30,2026-09-08T06:55:17+00:00
G074375E40907N,upper_syr_darya,syr_darya,3000_4000,3000,4000,0.010164,7.2722,srtm_band_mask_rescaled_to_vector_area,30,2026-09-08T06:55:17+00:00
G074375E40907N,upper_syr_darya,syr_darya,gte_4000,4000,,0.129597,92.7278,srtm_band_mask_rescaled_to_vector_area,30,2026-09-08T06:55:17+00:00
G074375E42102N,upper_syr_darya,syr_darya,3000_4000,3000,4000,0.063973,100.0000,srtm_band_mask_rescaled_to_vector_area,30,2026-09-08T06:55:17+00:00
G074377E40704N,upper_syr_darya,syr_darya,3000_4000,3000,4000,0.770091,19.8516,srtm_band_mask_rescaled_to_vector_area,30,2026-09-08T06:55:17+00:00
G074377E40704N,upper_syr_darya,syr_darya,gte_4000,4000,,3.109143,80.1484,srtm_band_mask_rescaled_to_vector_area,30,2026-09-08T06:55:17+00:00
G074378E42390N,upper_syr_darya,syr_darya,3000_4000,3000,4000,0.088047,100.0000,srtm_band_mask_rescaled_to_vector_area,30,2026-09-08T06:55:17+00:00
G074378E42443N,upper_syr_darya,syr_darya,3000_4000,3000,4000,2.329052,99.3129,srtm_band_mask_rescaled_to_vector_area,30,2026-09-08T06:55:17+00:00
G074378E42443N,upper_syr_darya,syr_darya,gte_4000,4000,,0.016115,0.6871,srtm_band_mask_rescaled_to_vector_area,30,2026-09-08T06:55:17+00:00
G074379E40651N,upper_syr_darya,syr_darya,3000_4000,3000,4000,0.048160,54.8480,srtm_band_mask_rescaled_to_vector_area,30,2026-09-08T06:55:17+00:00
G074379E40651N,upper_syr_darya,syr_darya,gte_4000,4000,,0.039647,45.1520,srtm_band_mask_rescaled_to_vector_area,30,2026-09-08T06:55:17+00:00
G074380E40661N,upper_syr_darya,syr_darya,3000_4000,3000,4000,0.063881,13.8864,srtm_band_mask_rescaled_to_vector_area,30,2026-09-08T06:55:17+00:00
G074380E40661N,upper_syr_darya,syr_darya,gte_4000,4000,,0.396140,86.1136,srtm_band_mask_rescaled_to_vector_area,30,2026-09-08T06:55:17+00:00
G074380E40695N,upper_syr_darya,syr_darya,3000_4000,3000,4000,3.261993,35.2603,srtm_band_mask_rescaled_to_vector_area,30,2026-09-08T06:55:17+00:00
G074380E40695N,upper_syr_darya,syr_darya,gte_4000,4000,,5.989189,64.7397,srtm_band_mask_rescaled_to_vector_area,30,2026-09-08T06:55:17+00:00
G074380E40724N,upper_syr_darya,syr_darya,3000_4000,3000,4000,0.007623,6.0313,srtm_band_mask_rescaled_to_vector_area,30,2026-09-08T06:55:17+00:00
G074380E40724N,upper_syr_darya,syr_darya,gte_4000,4000,,0.118769,93.9687,srtm_band_mask_rescaled_to_vector_area,30,2026-09-08T06:55:17+00:00
G074380E40917N,upper_syr_darya,syr_darya,3000_4000,3000,4000,0.074581,78.7880,srtm_band_mask_rescaled_to_vector_area,30,2026-09-08T06:55:17+00:00
G074380E40917N,upper_syr_darya,syr_darya,gte_4000,4000,,0.020079,21.2120,srtm_band_mask_rescaled_to_vector_area,30,2026-09-08T06:55:17+00:00
G074380E42112N,upper_syr_darya,syr_darya,3000_4000,3000,4000,0.018687,100.0000,srtm_band_mask_rescaled_to_vector_area,30,2026-09-08T06:55:17+00:00
G074381E42098N,upper_syr_darya,syr_darya,3000_4000,3000,4000,0.413600,85.3917,srtm_band_mask_rescaled_to_vector_area,30,2026-09-08T06:55:17+00:00
G074381E42098N,upper_syr_darya,syr_darya,gte_4000,4000,,0.070756,14.6083,srtm_band_mask_rescaled_to_vector_area,30,2026-09-08T06:55:17+00:00
G074383E40515N,upper_syr_darya,syr_darya,3000_4000,3000,4000,0.008031,7.1297,srtm_band_mask_rescaled_to_vector_area,30,2026-09-08T06:55:17+00:00
G074383E40515N,upper_syr_darya,syr_darya,gte_4000,4000,,0.104610,92.8703,srtm_band_mask_rescaled_to_vector_area,30,2026-09-08T06:55:17+00:00
G074383E40653N,upper_syr_darya,syr_darya,3000_4000,3000,4000,0.024246,20.6915,srtm_band_mask_rescaled_to_vector_area,30,2026-09-08T06:55:17+00:00
G074383E40653N,upper_syr_darya,syr_darya,gte_4000,4000,,0.092932,79.3085,srtm_band_mask_rescaled_to_vector_area,30,2026-09-08T06:55:17+00:00
G074384E40714N,upper_syr_darya,syr_darya,gte_4000,4000,,0.149056,100.0000,srtm_band_mask_rescaled_to_vector_area,30,2026-09-08T06:55:17+00:00
G074384E40896N,upper_syr_darya,syr_darya,3000_4000,3000,4000,0.006459,3.9131,srtm_band_mask_rescaled_to_vector_area,30,2026-09-08T06:55:17+00:00
G074384E40896N,upper_syr_darya,syr_darya,gte_4000,4000,,0.158614,96.0869,srtm_band_mask_rescaled_to_vector_area,30,2026-09-08T06:55:17+00:00
G074384E42093N,upper_syr_darya,syr_darya,3000_4000,3000,4000,0.010700,8.8372,srtm_band_mask_rescaled_to_vector_area,30,2026-09-08T06:55:17+00:00
G074384E42093N,upper_syr_darya,syr_darya,gte_4000,4000,,0.110382,91.1628,srtm_band_mask_rescaled_to_vector_area,30,2026-09-08T06:55:17+00:00
G074385E40912N,upper_syr_darya,syr_darya,3000_4000,3000,4000,0.021277,99.9124,srtm_band_mask_rescaled_to_vector_area,30,2026-09-08T06:55:17+00:00
G074385E40912N,upper_syr_darya,syr_darya,gte_4000,4000,,0.000019,0.0876,srtm_band_mask_rescaled_to_vector_area,30,2026-09-08T06:55:17+00:00
G074386E40902N,upper_syr_darya,syr_darya,3000_4000,3000,4000,0.076580,85.6521,srtm_band_mask_rescaled_to_vector_area,30,2026-09-08T06:55:17+00:00
G074386E40902N,upper_syr_darya,syr_darya,gte_4000,4000,,0.012828,14.3479,srtm_band_mask_rescaled_to_vector_area,30,2026-09-08T06:55:17+00:00
G074386E42219N,upper_syr_darya,syr_darya,3000_4000,3000,4000,0.086293,100.0000,srtm_band_mask_rescaled_to_vector_area,30,2026-09-08T06:55:17+00:00
G074386E42433N,upper_syr_darya,syr_darya,3000_4000,3000,4000,0.092940,100.0000,srtm_band_mask_rescaled_to_vector_area,30,2026-09-08T06:55:17+00:00
G074388E40656N,upper_syr_darya,syr_darya,gte_4000,4000,,0.075663,100.0000,srtm_band_mask_rescaled_to_vector_area,30,2026-09-08T06:55:17+00:00
G074389E40651N,upper_syr_darya,syr_darya,gte_4000,4000,,0.029438,100.0000,srtm_band_mask_rescaled_to_vector_area,30,2026-09-08T06:55:17+00:00
G074390E40516N,upper_syr_darya,syr_darya,3000_4000,3000,4000,0.016100,8.4268,srtm_band_mask_rescaled_to_vector_area,30,2026-09-08T06:55:17+00:00
G074390E40516N,upper_syr_darya,syr_darya,gte_4000,4000,,0.174954,91.5732,srtm_band_mask_rescaled_to_vector_area,30,2026-09-08T06:55:17+00:00
G074391E40688N,upper_syr_darya,syr_darya,3000_4000,3000,4000,2.747241,38.8277,srtm_band_mask_rescaled_to_vector_area,30,2026-09-08T06:55:17+00:00
G074391E40688N,upper_syr_darya,syr_darya,gte_4000,4000,,4.328234,61.1723,srtm_band_mask_rescaled_to_vector_area,30,2026-09-08T06:55:17+00:00
G074392E40660N,upper_syr_darya,syr_darya,3000_4000,3000,4000,0.056535,13.0433,srtm_band_mask_rescaled_to_vector_area,30,2026-09-08T06:55:17+00:00
G074392E40660N,upper_syr_darya,syr_darya,gte_4000,4000,,0.376905,86.9567,srtm_band_mask_rescaled_to_vector_area,30,2026-09-08T06:55:17+00:00
G074393E42099N,upper_syr_darya,syr_darya,3000_4000,3000,4000,0.034600,100.0000,srtm_band_mask_rescaled_to_vector_area,30,2026-09-08T06:55:17+00:00
G074394E40723N,upper_syr_darya,syr_darya,3000_4000,3000,4000,0.007438,18.6716,srtm_band_mask_rescaled_to_vector_area,30,2026-09-08T06:55:17+00:00
G074394E40723N,upper_syr_darya,syr_darya,gte_4000,4000,,0.032399,81.3284,srtm_band_mask_rescaled_to_vector_area,30,2026-09-08T06:55:17+00:00
G074394E42123N,upper_syr_darya,syr_darya,3000_4000,3000,4000,0.070503,79.4275,srtm_band_mask_rescaled_to_vector_area,30,2026-09-08T06:55:17+00:00
G074394E42123N,upper_syr_darya,syr_darya,gte_4000,4000,,0.018261,20.5725,srtm_band_mask_rescaled_to_vector_area,30,2026-09-08T06:55:17+00:00
G074395E40893N,upper_syr_darya,syr_darya,3000_4000,3000,4000,0.073478,77.2058,srtm_band_mask_rescaled_to_vector_area,30,2026-09-08T06:55:17+00:00
G074395E40893N,upper_syr_darya,syr_darya,gte_4000,4000,,0.021694,22.7942,srtm_band_mask_rescaled_to_vector_area,30,2026-09-08T06:55:17+00:00
G074396E42222N,upper_syr_darya,syr_darya,3000_4000,3000,4000,0.019227,100.0000,srtm_band_mask_rescaled_to_vector_area,30,2026-09-08T06:55:17+00:00
G074397E42126N,upper_syr_darya,syr_darya,3000_4000,3000,4000,0.098262,100.0000,srtm_band_mask_rescaled_to_vector_area,30,2026-09-08T06:55:17+00:00
G074397E42219N,upper_syr_darya,syr_darya,3000_4000,3000,4000,0.047884,100.0000,srtm_band_mask_rescaled_to_vector_area,30,2026-09-08T06:55:17+00:00
G074398E40509N,upper_syr_darya,syr_darya,gte_4000,4000,,0.171177,100.0000,srtm_band_mask_rescaled_to_vector_area,30,2026-09-08T06:55:17+00:00
G074398E40665N,upper_syr_darya,syr_darya,3000_4000,3000,4000,0.396665,27.8771,srtm_band_mask_rescaled_to_vector_area,30,2026-09-08T06:55:17+00:00
G074398E40665N,upper_syr_darya,syr_darya,gte_4000,4000,,1.026241,72.1229,srtm_band_mask_rescaled_to_vector_area,30,2026-09-08T06:55:17+00:00
G074398E42204N,upper_syr_darya,syr_darya,3000_4000,3000,4000,0.049297,100.0000,srtm_band_mask_rescaled_to_vector_area,30,2026-09-08T06:55:17+00:00
G074399E42449N,upper_syr_darya,syr_darya,3000_4000,3000,4000,2.234535,99.7859,srtm_band_mask_rescaled_to_vector_area,30,2026-09-08T06:55:17+00:00
G074399E42449N,upper_syr_darya,syr_darya,gte_4000,4000,,0.004795,0.2141,srtm_band_mask_rescaled_to_vector_area,30,2026-09-08T06:55:17+00:00
G074400E40889N,upper_syr_darya,syr_darya,gte_4000,4000,,0.173143,100.0000,srtm_band_mask_rescaled_to_vector_area,30,2026-09-08T06:55:17+00:00
G074400E42198N,upper_syr_darya,syr_darya,3000_4000,3000,4000,0.146028,98.1844,srtm_band_mask_rescaled_to_vector_area,30,2026-09-08T06:55:17+00:00
G074400E42198N,upper_syr_darya,syr_darya,gte_4000,4000,,0.002700,1.8156,srtm_band_mask_rescaled_to_vector_area,30,2026-09-08T06:55:17+00:00
G074401E42436N,upper_syr_darya,syr_darya,3000_4000,3000,4000,0.070230,100.0000,srtm_band_mask_rescaled_to_vector_area,30,2026-09-08T06:55:17+00:00
G074402E42099N,upper_syr_darya,syr_darya,3000_4000,3000,4000,0.058141,100.0000,srtm_band_mask_rescaled_to_vector_area,30,2026-09-08T06:55:17+00:00
G074402E42206N,upper_syr_darya,syr_darya,3000_4000,3000,4000,0.031727,100.0000,srtm_band_mask_rescaled_to_vector_area,30,2026-09-08T06:55:17+00:00
G074404E42216N,upper_syr_darya,syr_darya,3000_4000,3000,4000,0.180595,97.8973,srtm_band_mask_rescaled_to_vector_area,30,2026-09-08T06:55:17+00:00
G074404E42216N,upper_syr_darya,syr_darya,gte_4000,4000,,0.003879,2.1027,srtm_band_mask_rescaled_to_vector_area,30,2026-09-08T06:55:17+00:00
G074405E42122N,upper_syr_darya,syr_darya,3000_4000,3000,4000,0.156218,100.0000,srtm_band_mask_rescaled_to_vector_area,30,2026-09-08T06:55:17+00:00
G074405E42431N,upper_syr_darya,syr_darya,3000_4000,3000,4000,0.026706,100.0000,srtm_band_mask_rescaled_to_vector_area,30,2026-09-08T06:55:17+00:00
G074406E40666N,upper_syr_darya,syr_darya,gte_4000,4000,,0.067152,100.0000,srtm_band_mask_rescaled_to_vector_area,30,2026-09-08T06:55:17+00:00
G074407E40508N,upper_syr_darya,syr_darya,3000_4000,3000,4000,0.076186,31.7453,srtm_band_mask_rescaled_to_vector_area,30,2026-09-08T06:55:17+00:00
G074407E40508N,upper_syr_darya,syr_darya,gte_4000,4000,,0.163805,68.2547,srtm_band_mask_rescaled_to_vector_area,30,2026-09-08T06:55:17+00:00
G074407E42195N,upper_syr_darya,syr_darya,3000_4000,3000,4000,0.055727,100.0000,srtm_band_mask_rescaled_to_vector_area,30,2026-09-08T06:55:17+00:00
G074408E40508N,upper_syr_darya,syr_darya,3000_4000,3000,4000,0.104226,28.7151,srtm_band_mask_rescaled_to_vector_area,30,2026-09-08T06:55:17+00:00
G074408E40508N,upper_syr_darya,syr_darya,gte_4000,4000,,0.258740,71.2849,srtm_band_mask_rescaled_to_vector_area,30,2026-09-08T06:55:17+00:00
G074408E42441N,upper_syr_darya,syr_darya,3000_4000,3000,4000,0.234551,98.5893,srtm_band_mask_rescaled_to_vector_area,30,2026-09-08T06:55:17+00:00
G074408E42441N,upper_syr_darya,syr_darya,gte_4000,4000,,0.003356,1.4107,srtm_band_mask_rescaled_to_vector_area,30,2026-09-08T06:55:17+00:00
G074409E40663N,upper_syr_darya,syr_darya,3000_4000,3000,4000,0.041299,36.4916,srtm_band_mask_rescaled_to_vector_area,30,2026-09-08T06:55:17+00:00
G074409E40663N,upper_syr_darya,syr_darya,gte_4000,4000,,0.071875,63.5084,srtm_band_mask_rescaled_to_vector_area,30,2026-09-08T06:55:17+00:00
G074409E40682N,upper_syr_darya,syr_darya,gte_4000,4000,,0.036129,100.0000,srtm_band_mask_rescaled_to_vector_area,30,2026-09-08T06:55:17+00:00
G074410E40508N,upper_syr_darya,syr_darya,3000_4000,3000,4000,0.022089,17.4903,srtm_band_mask_rescaled_to_vector_area,30,2026-09-08T06:55:17+00:00
G074410E40508N,upper_syr_darya,syr_darya,gte_4000,4000,,0.104204,82.5097,srtm_band_mask_rescaled_to_vector_area,30,2026-09-08T06:55:17+00:00
G074411E40901N,upper_syr_darya,syr_darya,gte_4000,4000,,0.153773,100.0000,srtm_band_mask_rescaled_to_vector_area,30,2026-09-08T06:55:17+00:00
G074412E40690N,upper_syr_darya,syr_darya,3000_4000,3000,4000,0.012974,8.8346,srtm_band_mask_rescaled_to_vector_area,30,2026-09-08T06:55:17+00:00
G074412E40690N,upper_syr_darya,syr_darya,gte_4000,4000,,0.133880,91.1654,srtm_band_mask_rescaled_to_vector_area,30,2026-09-08T06:55:17+00:00
G074412E42216N,upper_syr_darya,syr_darya,3000_4000,3000,4000,0.045184,100.0000,srtm_band_mask_rescaled_to_vector_area,30,2026-09-08T06:55:17+00:00
G074414E40692N,upper_syr_darya,syr_darya,gte_4000,4000,,0.027283,100.0000,srtm_band_mask_rescaled_to_vector_area,30,2026-09-08T06:55:17+00:00
G074415E42122N,upper_syr_darya,syr_darya,3000_4000,3000,4000,0.023549,100.0000,srtm_band_mask_rescaled_to_vector_area,30,2026-09-08T06:55:17+00:00
G074416E40689N,upper_syr_darya,syr_darya,gte_4000,4000,,0.036132,100.0000,srtm_band_mask_rescaled_to_vector_area,30,2026-09-08T06:55:17+00:00
G074416E40899N,upper_syr_darya,syr_darya,3000_4000,3000,4000,0.037331,21.1250,srtm_band_mask_rescaled_to_vector_area,30,2026-09-08T06:55:17+00:00
G074416E40899N,upper_syr_darya,syr_darya,gte_4000,4000,,0.139383,78.8750,srtm_band_mask_rescaled_to_vector_area,30,2026-09-08T06:55:17+00:00
G074418E40680N,upper_syr_darya,syr_darya,3000_4000,3000,4000,0.008330,2.4308,srtm_band_mask_rescaled_to_vector_area,30,2026-09-08T06:55:17+00:00
G074418E40680N,upper_syr_darya,syr_darya,gte_4000,4000,,0.334343,97.5692,srtm_band_mask_rescaled_to_vector_area,30,2026-09-08T06:55:17+00:00
G074419E40938N,upper_syr_darya,syr_darya,3000_4000,3000,4000,0.034741,89.4736,srtm_band_mask_rescaled_to_vector_area,30,2026-09-08T06:55:17+00:00
G074419E40938N,upper_syr_darya,syr_darya,gte_4000,4000,,0.004087,10.5264,srtm_band_mask_rescaled_to_vector_area,30,2026-09-08T06:55:17+00:00
G074419E42217N,upper_syr_darya,syr_darya,3000_4000,3000,4000,0.045539,94.8070,srtm_band_mask_rescaled_to_vector_area,30,2026-09-08T06:55:17+00:00
G074419E42217N,upper_syr_darya,syr_darya,gte_4000,4000,,0.002494,5.1930,srtm_band_mask_rescaled_to_vector_area,30,2026-09-08T06:55:17+00:00
G074419E42441N,upper_syr_darya,syr_darya,3000_4000,3000,4000,0.134742,100.0000,srtm_band_mask_rescaled_to_vector_area,30,2026-09-08T06:55:17+00:00
G074420E40687N,upper_syr_darya,syr_darya,gte_4000,4000,,0.230543,100.0000,srtm_band_mask_rescaled_to_vector_area,30,2026-09-08T06:55:17+00:00
G074421E40145N,upper_syr_darya,syr_darya,gte_4000,4000,,0.035189,100.0000,srtm_band_mask_rescaled_to_vector_area,30,2026-09-08T06:55:17+00:00
G074421E40658N,upper_syr_darya,syr_darya,3000_4000,3000,4000,0.087789,12.2608,srtm_band_mask_rescaled_to_vector_area,30,2026-09-08T06:55:17+00:00
G074421E40658N,upper_syr_darya,syr_darya,gte_4000,4000,,0.628223,87.7392,srtm_band_mask_rescaled_to_vector_area,30,2026-09-08T06:55:17+00:00
G074421E40919N,upper_syr_darya,syr_darya,gte_4000,4000,,0.015289,100.0000,srtm_band_mask_rescaled_to_vector_area,30,2026-09-08T06:55:17+00:00
G074422E40147N,upper_syr_darya,syr_darya,3000_4000,3000,4000,0.006432,9.9830,srtm_band_mask_rescaled_to_vector_area,30,2026-09-08T06:55:17+00:00
G074422E40147N,upper_syr_darya,syr_darya,gte_4000,4000,,0.057994,90.0170,srtm_band_mask_rescaled_to_vector_area,30,2026-09-08T06:55:17+00:00
G074422E40515N,upper_syr_darya,syr_darya,3000_4000,3000,4000,0.081158,19.3942,srtm_band_mask_rescaled_to_vector_area,30,2026-09-08T06:55:17+00:00
G074422E40515N,upper_syr_darya,syr_darya,gte_4000,4000,,0.337309,80.6058,srtm_band_mask_rescaled_to_vector_area,30,2026-09-08T06:55:17+00:00
G074422E40672N,upper_syr_darya,syr_darya,3000_4000,3000,4000,1.151321,24.8519,srtm_band_mask_rescaled_to_vector_area,30,2026-09-08T06:55:17+00:00
G074422E40672N,upper_syr_darya,syr_darya,gte_4000,4000,,3.481410,75.1481,srtm_band_mask_rescaled_to_vector_area,30,2026-09-08T06:55:17+00:00
G074422E40935N,upper_syr_darya,syr_darya,gte_4000,4000,,0.017467,100.0000,srtm_band_mask_rescaled_to_vector_area,30,2026-09-08T06:55:17+00:00
G074423E42432N,upper_syr_darya,syr_darya,3000_4000,3000,4000,0.171359,100.0000,srtm_band_mask_rescaled_to_vector_area,30,2026-09-08T06:55:17+00:00
G074424E40896N,upper_syr_darya,syr_darya,3000_4000,3000,4000,0.127083,44.3800,srtm_band_mask_rescaled_to_vector_area,30,2026-09-08T06:55:17+00:00
G074424E40896N,upper_syr_darya,syr_darya,gte_4000,4000,,0.159269,55.6200,srtm_band_mask_rescaled_to_vector_area,30,2026-09-08T06:55:17+00:00
G074426E42228N,upper_syr_darya,syr_darya,3000_4000,3000,4000,0.025197,100.0000,srtm_band_mask_rescaled_to_vector_area,30,2026-09-08T06:55:17+00:00
G074427E40695N,upper_syr_darya,syr_darya,3000_4000,3000,4000,0.037075,53.2398,srtm_band_mask_rescaled_to_vector_area,30,2026-09-08T06:55:17+00:00
G074427E40695N,upper_syr_darya,syr_darya,gte_4000,4000,,0.032562,46.7602,srtm_band_mask_rescaled_to_vector_area,30,2026-09-08T06:55:17+00:00
G074429E40920N,upper_syr_darya,syr_darya,gte_4000,4000,,0.489356,100.0000,srtm_band_mask_rescaled_to_vector_area,30,2026-09-08T06:55:17+00:00
G074429E40931N,upper_syr_darya,syr_darya,3000_4000,3000,4000,0.046637,100.0000,srtm_band_mask_rescaled_to_vector_area,30,2026-09-08T06:55:17+00:00
G074431E40647N,upper_syr_darya,syr_darya,gte_4000,4000,,0.057423,100.0000,srtm_band_mask_rescaled_to_vector_area,30,2026-09-08T06:55:17+00:00
G074433E40156N,upper_syr_darya,syr_darya,gte_4000,4000,,0.037859,100.0000,srtm_band_mask_rescaled_to_vector_area,30,2026-09-08T06:55:17+00:00
G074433E40651N,upper_syr_darya,syr_darya,gte_4000,4000,,0.295958,100.0000,srtm_band_mask_rescaled_to_vector_area,30,2026-09-08T06:55:17+00:00
G074433E42197N,upper_syr_darya,syr_darya,3000_4000,3000,4000,0.026367,100.0000,srtm_band_mask_rescaled_to_vector_area,30,2026-09-08T06:55:17+00:00
G074434E40516N,upper_syr_darya,syr_darya,3000_4000,3000,4000,0.042253,7.5251,srtm_band_mask_rescaled_to_vector_area,30,2026-09-08T06:55:17+00:00
G074434E40516N,upper_syr_darya,syr_darya,gte_4000,4000,,0.519244,92.4749,srtm_band_mask_rescaled_to_vector_area,30,2026-09-08T06:55:17+00:00
G074436E42437N,upper_syr_darya,syr_darya,3000_4000,3000,4000,0.611319,93.8141,srtm_band_mask_rescaled_to_vector_area,30,2026-09-08T06:55:17+00:00
G074436E42437N,upper_syr_darya,syr_darya,gte_4000,4000,,0.040309,6.1859,srtm_band_mask_rescaled_to_vector_area,30,2026-09-08T06:55:17+00:00
G074438E40151N,upper_syr_darya,syr_darya,gte_4000,4000,,0.030385,100.0000,srtm_band_mask_rescaled_to_vector_area,30,2026-09-08T06:55:17+00:00
G074438E40917N,upper_syr_darya,syr_darya,gte_4000,4000,,0.315382,100.0000,srtm_band_mask_rescaled_to_vector_area,30,2026-09-08T06:55:17+00:00
G074438E42430N,upper_syr_darya,syr_darya,3000_4000,3000,4000,0.030187,100.0000,srtm_band_mask_rescaled_to_vector_area,30,2026-09-08T06:55:17+00:00
G074439E40665N,upper_syr_darya,syr_darya,gte_4000,4000,,0.041942,100.0000,srtm_band_mask_rescaled_to_vector_area,30,2026-09-08T06:55:17+00:00
G074440E40157N,upper_syr_darya,syr_darya,3000_4000,3000,4000,0.132162,38.5763,srtm_band_mask_rescaled_to_vector_area,30,2026-09-08T06:55:17+00:00
G074440E40157N,upper_syr_darya,syr_darya,gte_4000,4000,,0.210438,61.4237,srtm_band_mask_rescaled_to_vector_area,30,2026-09-08T06:55:17+00:00
G074441E40544N,upper_syr_darya,syr_darya,gte_4000,4000,,0.012751,100.0000,srtm_band_mask_rescaled_to_vector_area,30,2026-09-08T06:55:17+00:00
G074441E40930N,upper_syr_darya,syr_darya,3000_4000,3000,4000,0.022747,100.0000,srtm_band_mask_rescaled_to_vector_area,30,2026-09-08T06:55:17+00:00
G074442E40418N,upper_syr_darya,syr_darya,gte_4000,4000,,0.132949,100.0000,srtm_band_mask_rescaled_to_vector_area,30,2026-09-08T06:55:17+00:00
G074442E40647N,upper_syr_darya,syr_darya,gte_4000,4000,,0.135903,100.0000,srtm_band_mask_rescaled_to_vector_area,30,2026-09-08T06:55:17+00:00
G074443E40544N,upper_syr_darya,syr_darya,gte_4000,4000,,0.012212,100.0000,srtm_band_mask_rescaled_to_vector_area,30,2026-09-08T06:55:17+00:00
G074443E40674N,upper_syr_darya,syr_darya,gte_4000,4000,,0.042033,100.0000,srtm_band_mask_rescaled_to_vector_area,30,2026-09-08T06:55:17+00:00
G074445E40524N,upper_syr_darya,syr_darya,gte_4000,4000,,0.192080,100.0000,srtm_band_mask_rescaled_to_vector_area,30,2026-09-08T06:55:17+00:00
G074445E40926N,upper_syr_darya,syr_darya,3000_4000,3000,4000,0.124163,100.0000,srtm_band_mask_rescaled_to_vector_area,30,2026-09-08T06:55:17+00:00
G074446E40675N,upper_syr_darya,syr_darya,gte_4000,4000,,0.022749,100.0000,srtm_band_mask_rescaled_to_vector_area,30,2026-09-08T06:55:17+00:00
G074447E40156N,upper_syr_darya,syr_darya,gte_4000,4000,,0.045767,100.0000,srtm_band_mask_rescaled_to_vector_area,30,2026-09-08T06:55:17+00:00
G074447E40417N,upper_syr_darya,syr_darya,gte_4000,4000,,0.247206,100.0000,srtm_band_mask_rescaled_to_vector_area,30,2026-09-08T06:55:17+00:00
G074449E40528N,upper_syr_darya,syr_darya,gte_4000,4000,,0.039670,100.0000,srtm_band_mask_rescaled_to_vector_area,30,2026-09-08T06:55:17+00:00
G074450E40159N,upper_syr_darya,syr_darya,3000_4000,3000,4000,0.025035,78.0006,srtm_band_mask_rescaled_to_vector_area,30,2026-09-08T06:55:17+00:00
G074450E40159N,upper_syr_darya,syr_darya,gte_4000,4000,,0.007061,21.9994,srtm_band_mask_rescaled_to_vector_area,30,2026-09-08T06:55:17+00:00
G074450E40525N,upper_syr_darya,syr_darya,gte_4000,4000,,0.050964,100.0000,srtm_band_mask_rescaled_to_vector_area,30,2026-09-08T06:55:17+00:00
G074450E40527N,upper_syr_darya,syr_darya,3000_4000,3000,4000,0.030404,15.6163,srtm_band_mask_rescaled_to_vector_area,30,2026-09-08T06:55:17+00:00
G074450E40527N,upper_syr_darya,syr_darya,gte_4000,4000,,0.164293,84.3837,srtm_band_mask_rescaled_to_vector_area,30,2026-09-08T06:55:17+00:00
G074450E40668N,upper_syr_darya,syr_darya,gte_4000,4000,,0.403084,100.0000,srtm_band_mask_rescaled_to_vector_area,30,2026-09-08T06:55:17+00:00
G074453E42431N,upper_syr_darya,syr_darya,3000_4000,3000,4000,1.606474,100.0000,srtm_band_mask_rescaled_to_vector_area,30,2026-09-08T06:55:17+00:00
G074455E40420N,upper_syr_darya,syr_darya,3000_4000,3000,4000,0.010196,6.1754,srtm_band_mask_rescaled_to_vector_area,30,2026-09-08T06:55:17+00:00
G074455E40420N,upper_syr_darya,syr_darya,gte_4000,4000,,0.154905,93.8246,srtm_band_mask_rescaled_to_vector_area,30,2026-09-08T06:55:17+00:00
G074456E40524N,upper_syr_darya,syr_darya,gte_4000,4000,,0.026455,100.0000,srtm_band_mask_rescaled_to_vector_area,30,2026-09-08T06:55:17+00:00
G074456E40657N,upper_syr_darya,syr_darya,3000_4000,3000,4000,1.510213,27.9899,srtm_band_mask_rescaled_to_vector_area,30,2026-09-08T06:55:17+00:00
G074456E40657N,upper_syr_darya,syr_darya,gte_4000,4000,,3.885350,72.0101,srtm_band_mask_rescaled_to_vector_area,30,2026-09-08T06:55:17+00:00
G074456E40927N,upper_syr_darya,syr_darya,3000_4000,3000,4000,0.026051,100.0000,srtm_band_mask_rescaled_to_vector_area,30,2026-09-08T06:55:17+00:00
G074457E41583N,upper_syr_darya,syr_darya,3000_4000,3000,4000,0.027962,100.0000,srtm_band_mask_rescaled_to_vector_area,30,2026-09-08T06:55:17+00:00
G074458E40169N,upper_syr_darya,syr_darya,3000_4000,3000,4000,0.063190,11.7601,srtm_band_mask_rescaled_to_vector_area,30,2026-09-08T06:55:17+00:00
G074458E40169N,upper_syr_darya,syr_darya,gte_4000,4000,,0.474131,88.2399,srtm_band_mask_rescaled_to_vector_area,30,2026-09-08T06:55:17+00:00
G074461E40924N,upper_syr_darya,syr_darya,gte_4000,4000,,0.014911,100.0000,srtm_band_mask_rescaled_to_vector_area,30,2026-09-08T06:55:17+00:00
G074462E40523N,upper_syr_darya,syr_darya,3000_4000,3000,4000,0.048857,42.7669,srtm_band_mask_rescaled_to_vector_area,30,2026-09-08T06:55:17+00:00
G074462E40523N,upper_syr_darya,syr_darya,gte_4000,4000,,0.065384,57.2331,srtm_band_mask_rescaled_to_vector_area,30,2026-09-08T06:55:17+00:00
G074462E40642N,upper_syr_darya,syr_darya,3000_4000,3000,4000,0.055957,38.1003,srtm_band_mask_rescaled_to_vector_area,30,2026-09-08T06:55:17+00:00
G074462E40642N,upper_syr_darya,syr_darya,gte_4000,4000,,0.090910,61.8997,srtm_band_mask_rescaled_to_vector_area,30,2026-09-08T06:55:17+00:00
G074463E40175N,upper_syr_darya,syr_darya,3000_4000,3000,4000,0.009338,19.4468,srtm_band_mask_rescaled_to_vector_area,30,2026-09-08T06:55:17+00:00
G074463E40175N,upper_syr_darya,syr_darya,gte_4000,4000,,0.038681,80.5532,srtm_band_mask_rescaled_to_vector_area,30,2026-09-08T06:55:17+00:00
G074464E40580N,upper_syr_darya,syr_darya,3000_4000,3000,4000,0.017865,16.9712,srtm_band_mask_rescaled_to_vector_area,30,2026-09-08T06:55:17+00:00
G074464E40580N,upper_syr_darya,syr_darya,gte_4000,4000,,0.087402,83.0288,srtm_band_mask_rescaled_to_vector_area,30,2026-09-08T06:55:17+00:00
G074464E42413N,upper_syr_darya,syr_darya,3000_4000,3000,4000,0.017647,100.0000,srtm_band_mask_rescaled_to_vector_area,30,2026-09-08T06:55:17+00:00
G074464E42422N,upper_syr_darya,syr_darya,3000_4000,3000,4000,0.204976,94.8192,srtm_band_mask_rescaled_to_vector_area,30,2026-09-08T06:55:17+00:00
G074464E42422N,upper_syr_darya,syr_darya,gte_4000,4000,,0.011200,5.1808,srtm_band_mask_rescaled_to_vector_area,30,2026-09-08T06:55:17+00:00
G074466E40425N,upper_syr_darya,syr_darya,gte_4000,4000,,0.205763,100.0000,srtm_band_mask_rescaled_to_vector_area,30,2026-09-08T06:55:17+00:00
G074466E40523N,upper_syr_darya,syr_darya,3000_4000,3000,4000,0.120107,27.3857,srtm_band_mask_rescaled_to_vector_area,30,2026-09-08T06:55:17+00:00
G074466E40523N,upper_syr_darya,syr_darya,gte_4000,4000,,0.318469,72.6143,srtm_band_mask_rescaled_to_vector_area,30,2026-09-08T06:55:17+00:00
G074466E42432N,upper_syr_darya,syr_darya,3000_4000,3000,4000,1.531804,97.1495,srtm_band_mask_rescaled_to_vector_area,30,2026-09-08T06:55:17+00:00
G074466E42432N,upper_syr_darya,syr_darya,gte_4000,4000,,0.044945,2.8505,srtm_band_mask_rescaled_to_vector_area,30,2026-09-08T06:55:17+00:00
G074467E40523N,upper_syr_darya,syr_darya,3000_4000,3000,4000,0.018054,6.2531,srtm_band_mask_rescaled_to_vector_area,30,2026-09-08T06:55:17+00:00
G074467E40523N,upper_syr_darya,syr_darya,gte_4000,4000,,0.270671,93.7469,srtm_band_mask_rescaled_to_vector_area,30,2026-09-08T06:55:17+00:00
G074468E40180N,upper_syr_darya,syr_darya,gte_4000,4000,,0.017188,100.0000,srtm_band_mask_rescaled_to_vector_area,30,2026-09-08T06:55:17+00:00
G074468E40420N,upper_syr_darya,syr_darya,gte_4000,4000,,0.037037,100.0000,srtm_band_mask_rescaled_to_vector_area,30,2026-09-08T06:55:17+00:00
G074470E40648N,upper_syr_darya,syr_darya,3000_4000,3000,4000,0.003030,1.2853,srtm_band_mask_rescaled_to_vector_area,30,2026-09-08T06:55:17+00:00
G074470E40648N,upper_syr_darya,syr_darya,gte_4000,4000,,0.232716,98.7147,srtm_band_mask_rescaled_to_vector_area,30,2026-09-08T06:55:17+00:00
G074471E40521N,upper_syr_darya,syr_darya,gte_4000,4000,,0.028684,100.0000,srtm_band_mask_rescaled_to_vector_area,30,2026-09-08T06:55:17+00:00
G074474E40577N,upper_syr_darya,syr_darya,3000_4000,3000,4000,0.022224,43.2077,srtm_band_mask_rescaled_to_vector_area,30,2026-09-08T06:55:17+00:00
G074474E40577N,upper_syr_darya,syr_darya,gte_4000,4000,,0.029211,56.7923,srtm_band_mask_rescaled_to_vector_area,30,2026-09-08T06:55:17+00:00
G074475E40430N,upper_syr_darya,syr_darya,gte_4000,4000,,0.129022,100.0000,srtm_band_mask_rescaled_to_vector_area,30,2026-09-08T06:55:17+00:00
G074476E40652N,upper_syr_darya,syr_darya,gte_4000,4000,,0.177297,100.0000,srtm_band_mask_rescaled_to_vector_area,30,2026-09-08T06:55:17+00:00
G074476E42388N,upper_syr_darya,syr_darya,3000_4000,3000,4000,0.193196,100.0000,srtm_band_mask_rescaled_to_vector_area,30,2026-09-08T06:55:17+00:00
G074477E40658N,upper_syr_darya,syr_darya,3000_4000,3000,4000,0.081822,12.9468,srtm_band_mask_rescaled_to_vector_area,30,2026-09-08T06:55:17+00:00
G074477E40658N,upper_syr_darya,syr_darya,gte_4000,4000,,0.550163,87.0532,srtm_band_mask_rescaled_to_vector_area,30,2026-09-08T06:55:17+00:00
G074477E42424N,upper_syr_darya,syr_darya,3000_4000,3000,4000,0.301839,82.8517,srtm_band_mask_rescaled_to_vector_area,30,2026-09-08T06:55:17+00:00
G074477E42424N,upper_syr_darya,syr_darya,gte_4000,4000,,0.062473,17.1483,srtm_band_mask_rescaled_to_vector_area,30,2026-09-08T06:55:17+00:00
G074478E40526N,upper_syr_darya,syr_darya,3000_4000,3000,4000,0.110728,16.7182,srtm_band_mask_rescaled_to_vector_area,30,2026-09-08T06:55:17+00:00
G074478E40526N,upper_syr_darya,syr_darya,gte_4000,4000,,0.551592,83.2818,srtm_band_mask_rescaled_to_vector_area,30,2026-09-08T06:55:17+00:00
G074478E42443N,upper_syr_darya,syr_darya,3000_4000,3000,4000,0.743392,47.3926,srtm_band_mask_rescaled_to_vector_area,30,2026-09-08T06:55:17+00:00
G074478E42443N,upper_syr_darya,syr_darya,gte_4000,4000,,0.825189,52.6074,srtm_band_mask_rescaled_to_vector_area,30,2026-09-08T06:55:17+00:00
G074479E42412N,upper_syr_darya,syr_darya,3000_4000,3000,4000,0.030757,100.0000,srtm_band_mask_rescaled_to_vector_area,30,2026-09-08T06:55:17+00:00
G074480E40574N,upper_syr_darya,syr_darya,3000_4000,3000,4000,0.038338,11.5918,srtm_band_mask_rescaled_to_vector_area,30,2026-09-08T06:55:17+00:00
G074480E40574N,upper_syr_darya,syr_darya,gte_4000,4000,,0.292393,88.4082,srtm_band_mask_rescaled_to_vector_area,30,2026-09-08T06:55:17+00:00
G074482E40638N,upper_syr_darya,syr_darya,3000_4000,3000,4000,0.000423,0.1810,srtm_band_mask_rescaled_to_vector_area,30,2026-09-08T06:55:17+00:00
G074482E40638N,upper_syr_darya,syr_darya,gte_4000,4000,,0.233168,99.8190,srtm_band_mask_rescaled_to_vector_area,30,2026-09-08T06:55:17+00:00
G074483E42420N,upper_syr_darya,syr_darya,3000_4000,3000,4000,0.341144,100.0000,srtm_band_mask_rescaled_to_vector_area,30,2026-09-08T06:55:17+00:00
G074486E40661N,upper_syr_darya,syr_darya,gte_4000,4000,,0.109201,100.0000,srtm_band_mask_rescaled_to_vector_area,30,2026-09-08T06:55:17+00:00
G074486E42415N,upper_syr_darya,syr_darya,3000_4000,3000,4000,0.206370,100.0000,srtm_band_mask_rescaled_to_vector_area,30,2026-09-08T06:55:17+00:00
G074488E42434N,upper_syr_darya,syr_darya,3000_4000,3000,4000,0.780244,59.4762,srtm_band_mask_rescaled_to_vector_area,30,2026-09-08T06:55:17+00:00
G074488E42434N,upper_syr_darya,syr_darya,gte_4000,4000,,0.531616,40.5238,srtm_band_mask_rescaled_to_vector_area,30,2026-09-08T06:55:17+00:00
G074489E40530N,upper_syr_darya,syr_darya,3000_4000,3000,4000,0.102186,28.4160,srtm_band_mask_rescaled_to_vector_area,30,2026-09-08T06:55:17+00:00
G074489E40530N,upper_syr_darya,syr_darya,gte_4000,4000,,0.257421,71.5840,srtm_band_mask_rescaled_to_vector_area,30,2026-09-08T06:55:17+00:00
G074492E40570N,upper_syr_darya,syr_darya,3000_4000,3000,4000,0.055132,23.8933,srtm_band_mask_rescaled_to_vector_area,30,2026-09-08T06:55:17+00:00
G074492E40570N,upper_syr_darya,syr_darya,gte_4000,4000,,0.175611,76.1067,srtm_band_mask_rescaled_to_vector_area,30,2026-09-08T06:55:17+00:00
G074494E40651N,upper_syr_darya,syr_darya,3000_4000,3000,4000,0.184560,7.5921,srtm_band_mask_rescaled_to_vector_area,30,2026-09-08T06:55:17+00:00
G074494E40651N,upper_syr_darya,syr_darya,gte_4000,4000,,2.246391,92.4079,srtm_band_mask_rescaled_to_vector_area,30,2026-09-08T06:55:17+00:00
G074494E40665N,upper_syr_darya,syr_darya,gte_4000,4000,,0.026355,100.0000,srtm_band_mask_rescaled_to_vector_area,30,2026-09-08T06:55:17+00:00
G074496E42457N,upper_syr_darya,syr_darya,3000_4000,3000,4000,3.570986,68.0024,srtm_band_mask_rescaled_to_vector_area,30,2026-09-08T06:55:17+00:00
G074496E42457N,upper_syr_darya,syr_darya,gte_4000,4000,,1.680278,31.9976,srtm_band_mask_rescaled_to_vector_area,30,2026-09-08T06:55:17+00:00
G074497E40662N,upper_syr_darya,syr_darya,gte_4000,4000,,0.043574,100.0000,srtm_band_mask_rescaled_to_vector_area,30,2026-09-08T06:55:17+00:00
G074498E40452N,upper_syr_darya,syr_darya,gte_4000,4000,,0.033116,100.0000,srtm_band_mask_rescaled_to_vector_area,30,2026-09-08T06:55:17+00:00
G074498E40524N,upper_syr_darya,syr_darya,3000_4000,3000,4000,0.260119,19.5900,srtm_band_mask_rescaled_to_vector_area,30,2026-09-08T06:55:17+00:00
G074498E40524N,upper_syr_darya,syr_darya,gte_4000,4000,,1.067693,80.4100,srtm_band_mask_rescaled_to_vector_area,30,2026-09-08T06:55:17+00:00
G074498E42431N,upper_syr_darya,syr_darya,3000_4000,3000,4000,0.018593,100.0000,srtm_band_mask_rescaled_to_vector_area,30,2026-09-08T06:55:17+00:00
G074498E42454N,upper_syr_darya,syr_darya,3000_4000,3000,4000,3.602520,74.6244,srtm_band_mask_rescaled_to_vector_area,30,2026-09-08T06:55:17+00:00
G074498E42454N,upper_syr_darya,syr_darya,gte_4000,4000,,1.225018,25.3756,srtm_band_mask_rescaled_to_vector_area,30,2026-09-08T06:55:17+00:00
G074499E40638N,upper_syr_darya,syr_darya,gte_4000,4000,,0.159249,100.0000,srtm_band_mask_rescaled_to_vector_area,30,2026-09-08T06:55:17+00:00
G074501E40570N,upper_syr_darya,syr_darya,3000_4000,3000,4000,0.004662,11.3137,srtm_band_mask_rescaled_to_vector_area,30,2026-09-08T06:55:17+00:00
G074501E40570N,upper_syr_darya,syr_darya,gte_4000,4000,,0.036546,88.6863,srtm_band_mask_rescaled_to_vector_area,30,2026-09-08T06:55:17+00:00
G074502E40443N,upper_syr_darya,syr_darya,3000_4000,3000,4000,0.005947,1.7206,srtm_band_mask_rescaled_to_vector_area,30,2026-09-08T06:55:17+00:00
G074502E40443N,upper_syr_darya,syr_darya,gte_4000,4000,,0.339675,98.2794,srtm_band_mask_rescaled_to_vector_area,30,2026-09-08T06:55:17+00:00
G074502E40573N,upper_syr_darya,syr_darya,3000_4000,3000,4000,0.034006,100.0000,srtm_band_mask_rescaled_to_vector_area,30,2026-09-08T06:55:17+00:00
G074503E40565N,upper_syr_darya,syr_darya,gte_4000,4000,,0.163896,100.0000,srtm_band_mask_rescaled_to_vector_area,30,2026-09-08T06:55:17+00:00
G074505E40571N,upper_syr_darya,syr_darya,gte_4000,4000,,0.028105,100.0000,srtm_band_mask_rescaled_to_vector_area,30,2026-09-08T06:55:17+00:00
G074506E40635N,upper_syr_darya,syr_darya,gte_4000,4000,,0.134079,100.0000,srtm_band_mask_rescaled_to_vector_area,30,2026-09-08T06:55:17+00:00
G074507E40442N,upper_syr_darya,syr_darya,3000_4000,3000,4000,0.021247,2.6869,srtm_band_mask_rescaled_to_vector_area,30,2026-09-08T06:55:17+00:00
G074507E40442N,upper_syr_darya,syr_darya,gte_4000,4000,,0.769517,97.3131,srtm_band_mask_rescaled_to_vector_area,30,2026-09-08T06:55:17+00:00
G074508E42433N,upper_syr_darya,syr_darya,3000_4000,3000,4000,0.027530,100.0000,srtm_band_mask_rescaled_to_vector_area,30,2026-09-08T06:55:17+00:00
G074510E40513N,upper_syr_darya,syr_darya,gte_4000,4000,,0.109429,100.0000,srtm_band_mask_rescaled_to_vector_area,30,2026-09-08T06:55:17+00:00
G074511E40441N,upper_syr_darya,syr_darya,3000_4000,3000,4000,0.012275,2.5678,srtm_band_mask_rescaled_to_vector_area,30,2026-09-08T06:55:17+00:00
G074511E40441N,upper_syr_darya,syr_darya,gte_4000,4000,,0.465751,97.4322,srtm_band_mask_rescaled_to_vector_area,30,2026-09-08T06:55:17+00:00
G074511E40526N,upper_syr_darya,syr_darya,3000_4000,3000,4000,0.219804,15.2410,srtm_band_mask_rescaled_to_vector_area,30,2026-09-08T06:55:17+00:00
G074511E40526N,upper_syr_darya,syr_darya,gte_4000,4000,,1.222387,84.7590,srtm_band_mask_rescaled_to_vector_area,30,2026-09-08T06:55:17+00:00
G074512E40568N,upper_syr_darya,syr_darya,3000_4000,3000,4000,0.236323,35.4348,srtm_band_mask_rescaled_to_vector_area,30,2026-09-08T06:55:17+00:00
G074512E40568N,upper_syr_darya,syr_darya,gte_4000,4000,,0.430601,64.5652,srtm_band_mask_rescaled_to_vector_area,30,2026-09-08T06:55:17+00:00
G074512E42438N,upper_syr_darya,syr_darya,3000_4000,3000,4000,0.075038,42.2811,srtm_band_mask_rescaled_to_vector_area,30,2026-09-08T06:55:17+00:00
G074512E42438N,upper_syr_darya,syr_darya,gte_4000,4000,,0.102437,57.7189,srtm_band_mask_rescaled_to_vector_area,30,2026-09-08T06:55:17+00:00
G074514E40645N,upper_syr_darya,syr_darya,3000_4000,3000,4000,0.250113,22.2040,srtm_band_mask_rescaled_to_vector_area,30,2026-09-08T06:55:17+00:00
G074514E40645N,upper_syr_darya,syr_darya,gte_4000,4000,,0.876320,77.7960,srtm_band_mask_rescaled_to_vector_area,30,2026-09-08T06:55:17+00:00
G074515E40521N,upper_syr_darya,syr_darya,gte_4000,4000,,0.020713,100.0000,srtm_band_mask_rescaled_to_vector_area,30,2026-09-08T06:55:17+00:00
G074515E42227N,upper_syr_darya,syr_darya,3000_4000,3000,4000,0.068773,100.0000,srtm_band_mask_rescaled_to_vector_area,30,2026-09-08T06:55:17+00:00
G074516E41735N,upper_syr_darya,syr_darya,3000_4000,3000,4000,0.013377,100.0000,srtm_band_mask_rescaled_to_vector_area,30,2026-09-08T06:55:17+00:00
G074518E40442N,upper_syr_darya,syr_darya,gte_4000,4000,,0.027073,100.0000,srtm_band_mask_rescaled_to_vector_area,30,2026-09-08T06:55:17+00:00
G074518E40535N,upper_syr_darya,syr_darya,gte_4000,4000,,0.052070,100.0000,srtm_band_mask_rescaled_to_vector_area,30,2026-09-08T06:55:17+00:00
G074519E40516N,upper_syr_darya,syr_darya,gte_4000,4000,,0.018926,100.0000,srtm_band_mask_rescaled_to_vector_area,30,2026-09-08T06:55:17+00:00
G074519E42442N,upper_syr_darya,syr_darya,3000_4000,3000,4000,0.280466,44.2457,srtm_band_mask_rescaled_to_vector_area,30,2026-09-08T06:55:17+00:00
G074519E42442N,upper_syr_darya,syr_darya,gte_4000,4000,,0.353416,55.7543,srtm_band_mask_rescaled_to_vector_area,30,2026-09-08T06:55:17+00:00
G074520E40520N,upper_syr_darya,syr_darya,gte_4000,4000,,0.189800,100.0000,srtm_band_mask_rescaled_to_vector_area,30,2026-09-08T06:55:17+00:00
G074520E40640N,upper_syr_darya,syr_darya,3000_4000,3000,4000,0.146939,13.7009,srtm_band_mask_rescaled_to_vector_area,30,2026-09-08T06:55:17+00:00
G074520E40640N,upper_syr_darya,syr_darya,gte_4000,4000,,0.925539,86.2991,srtm_band_mask_rescaled_to_vector_area,30,2026-09-08T06:55:17+00:00
G074521E40443N,upper_syr_darya,syr_darya,gte_4000,4000,,0.107013,100.0000,srtm_band_mask_rescaled_to_vector_area,30,2026-09-08T06:55:17+00:00
G074522E40988N,upper_syr_darya,syr_darya,gte_4000,4000,,0.050499,100.0000,srtm_band_mask_rescaled_to_vector_area,30,2026-09-08T06:55:17+00:00
G074523E40631N,upper_syr_darya,syr_darya,gte_4000,4000,,0.030841,100.0000,srtm_band_mask_rescaled_to_vector_area,30,2026-09-08T06:55:17+00:00
G074523E41733N,upper_syr_darya,syr_darya,3000_4000,3000,4000,0.013736,100.0000,srtm_band_mask_rescaled_to_vector_area,30,2026-09-08T06:55:17+00:00
G074524E40524N,upper_syr_darya,syr_darya,gte_4000,4000,,0.064776,100.0000,srtm_band_mask_rescaled_to_vector_area,30,2026-09-08T06:55:17+00:00
G074525E40913N,upper_syr_darya,syr_darya,gte_4000,4000,,0.087237,100.0000,srtm_band_mask_rescaled_to_vector_area,30,2026-09-08T06:55:17+00:00
G074525E40989N,upper_syr_darya,syr_darya,3000_4000,3000,4000,0.005020,7.5643,srtm_band_mask_rescaled_to_vector_area,30,2026-09-08T06:55:17+00:00
G074525E40989N,upper_syr_darya,syr_darya,gte_4000,4000,,0.061341,92.4357,srtm_band_mask_rescaled_to_vector_area,30,2026-09-08T06:55:17+00:00
G074527E40634N,upper_syr_darya,syr_darya,gte_4000,4000,,0.125319,100.0000,srtm_band_mask_rescaled_to_vector_area,30,2026-09-08T06:55:17+00:00
G074528E40564N,upper_syr_darya,syr_darya,3000_4000,3000,4000,0.237115,9.9395,srtm_band_mask_rescaled_to_vector_area,30,2026-09-08T06:55:17+00:00
G074528E40564N,upper_syr_darya,syr_darya,gte_4000,4000,,2.148459,90.0605,srtm_band_mask_rescaled_to_vector_area,30,2026-09-08T06:55:17+00:00
G074528E40917N,upper_syr_darya,syr_darya,3000_4000,3000,4000,0.176861,56.1288,srtm_band_mask_rescaled_to_vector_area,30,2026-09-08T06:55:17+00:00
G074528E40917N,upper_syr_darya,syr_darya,gte_4000,4000,,0.138238,43.8712,srtm_band_mask_rescaled_to_vector_area,30,2026-09-08T06:55:17+00:00
G074529E40627N,upper_syr_darya,syr_darya,gte_4000,4000,,0.055534,100.0000,srtm_band_mask_rescaled_to_vector_area,30,2026-09-08T06:55:17+00:00
G074529E42463N,upper_syr_darya,syr_darya,3000_4000,3000,4000,3.413082,77.5505,srtm_band_mask_rescaled_to_vector_area,30,2026-09-08T06:55:17+00:00
G074529E42463N,upper_syr_darya,syr_darya,gte_4000,4000,,0.988026,22.4495,srtm_band_mask_rescaled_to_vector_area,30,2026-09-08T06:55:17+00:00
G074530E42461N,upper_syr_darya,syr_darya,3000_4000,3000,4000,3.359427,83.0219,srtm_band_mask_rescaled_to_vector_area,30,2026-09-08T06:55:17+00:00
G074530E42461N,upper_syr_darya,syr_darya,gte_4000,4000,,0.687008,16.9781,srtm_band_mask_rescaled_to_vector_area,30,2026-09-08T06:55:17+00:00
G074532E40990N,upper_syr_darya,syr_darya,gte_4000,4000,,0.035458,100.0000,srtm_band_mask_rescaled_to_vector_area,30,2026-09-08T06:55:17+00:00
G074532E42445N,upper_syr_darya,syr_darya,3000_4000,3000,4000,1.581712,69.4894,srtm_band_mask_rescaled_to_vector_area,30,2026-09-08T06:55:17+00:00
G074532E42445N,upper_syr_darya,syr_darya,gte_4000,4000,,0.694480,30.5106,srtm_band_mask_rescaled_to_vector_area,30,2026-09-08T06:55:17+00:00
G074534E40552N,upper_syr_darya,syr_darya,gte_4000,4000,,0.172383,100.0000,srtm_band_mask_rescaled_to_vector_area,30,2026-09-08T06:55:17+00:00
G074535E40637N,upper_syr_darya,syr_darya,3000_4000,3000,4000,0.159524,15.5991,srtm_band_mask_rescaled_to_vector_area,30,2026-09-08T06:55:17+00:00
G074535E40637N,upper_syr_darya,syr_darya,gte_4000,4000,,0.863123,84.4009,srtm_band_mask_rescaled_to_vector_area,30,2026-09-08T06:55:17+00:00
G074535E40638N,upper_syr_darya,syr_darya,3000_4000,3000,4000,0.159517,17.3579,srtm_band_mask_rescaled_to_vector_area,30,2026-09-08T06:55:17+00:00
G074535E40638N,upper_syr_darya,syr_darya,gte_4000,4000,,0.759470,82.6421,srtm_band_mask_rescaled_to_vector_area,30,2026-09-08T06:55:17+00:00
G074535E41001N,upper_syr_darya,syr_darya,gte_4000,4000,,0.026466,100.0000,srtm_band_mask_rescaled_to_vector_area,30,2026-09-08T06:55:17+00:00
G074537E40540N,upper_syr_darya,syr_darya,3000_4000,3000,4000,0.246669,10.9689,srtm_band_mask_rescaled_to_vector_area,30,2026-09-08T06:55:17+00:00
G074537E40540N,upper_syr_darya,syr_darya,gte_4000,4000,,2.002135,89.0311,srtm_band_mask_rescaled_to_vector_area,30,2026-09-08T06:55:17+00:00
G074538E40580N,upper_syr_darya,syr_darya,3000_4000,3000,4000,0.264921,46.7103,srtm_band_mask_rescaled_to_vector_area,30,2026-09-08T06:55:17+00:00
G074538E40580N,upper_syr_darya,syr_darya,gte_4000,4000,,0.302237,53.2897,srtm_band_mask_rescaled_to_vector_area,30,2026-09-08T06:55:17+00:00
G074538E40992N,upper_syr_darya,syr_darya,gte_4000,4000,,0.018615,100.0000,srtm_band_mask_rescaled_to_vector_area,30,2026-09-08T06:55:17+00:00
G074539E40909N,upper_syr_darya,syr_darya,gte_4000,4000,,0.068658,100.0000,srtm_band_mask_rescaled_to_vector_area,30,2026-09-08T06:55:17+00:00
G074539E40913N,upper_syr_darya,syr_darya,3000_4000,3000,4000,0.139179,67.6670,srtm_band_mask_rescaled_to_vector_area,30,2026-09-08T06:55:17+00:00
G074539E40913N,upper_syr_darya,syr_darya,gte_4000,4000,,0.066503,32.3330,srtm_band_mask_rescaled_to_vector_area,30,2026-09-08T06:55:17+00:00
G074540E40547N,upper_syr_darya,syr_darya,gte_4000,4000,,0.068413,100.0000,srtm_band_mask_rescaled_to_vector_area,30,2026-09-08T06:55:17+00:00
G074540E40993N,upper_syr_darya,syr_darya,gte_4000,4000,,0.014415,100.0000,srtm_band_mask_rescaled_to_vector_area,30,2026-09-08T06:55:17+00:00
G074540E41727N,upper_syr_darya,syr_darya,3000_4000,3000,4000,0.166320,94.8693,srtm_band_mask_rescaled_to_vector_area,30,2026-09-08T06:55:17+00:00
G074540E41727N,upper_syr_darya,syr_darya,gte_4000,4000,,0.008995,5.1307,srtm_band_mask_rescaled_to_vector_area,30,2026-09-08T06:55:17+00:00
G074541E40482N,upper_syr_darya,syr_darya,3000_4000,3000,4000,0.004535,20.6705,srtm_band_mask_rescaled_to_vector_area,30,2026-09-08T06:55:17+00:00
G074541E40482N,upper_syr_darya,syr_darya,gte_4000,4000,,0.017406,79.3295,srtm_band_mask_rescaled_to_vector_area,30,2026-09-08T06:55:17+00:00
G074541E42424N,upper_syr_darya,syr_darya,3000_4000,3000,4000,0.138831,100.0000,srtm_band_mask_rescaled_to_vector_area,30,2026-09-08T06:55:17+00:00
G074542E40441N,upper_syr_darya,syr_darya,gte_4000,4000,,0.051414,100.0000,srtm_band_mask_rescaled_to_vector_area,30,2026-09-08T06:55:17+00:00
G074542E40480N,upper_syr_darya,syr_darya,gte_4000,4000,,0.016940,100.0000,srtm_band_mask_rescaled_to_vector_area,30,2026-09-08T06:55:17+00:00
G074542E40481N,upper_syr_darya,syr_darya,gte_4000,4000,,0.056182,100.0000,srtm_band_mask_rescaled_to_vector_area,30,2026-09-08T06:55:17+00:00
G074543E40995N,upper_syr_darya,syr_darya,gte_4000,4000,,0.027942,100.0000,srtm_band_mask_rescaled_to_vector_area,30,2026-09-08T06:55:17+00:00
G074543E41000N,upper_syr_darya,syr_darya,3000_4000,3000,4000,0.102034,61.7832,srtm_band_mask_rescaled_to_vector_area,30,2026-09-08T06:55:17+00:00
G074543E41000N,upper_syr_darya,syr_darya,gte_4000,4000,,0.063114,38.2168,srtm_band_mask_rescaled_to_vector_area,30,2026-09-08T06:55:17+00:00
G074543E41723N,upper_syr_darya,syr_darya,3000_4000,3000,4000,0.030942,100.0000,srtm_band_mask_rescaled_to_vector_area,30,2026-09-08T06:55:17+00:00
G074543E41728N,upper_syr_darya,syr_darya,3000_4000,3000,4000,0.060192,99.7775,srtm_band_mask_rescaled_to_vector_area,30,2026-09-08T06:55:17+00:00
G074543E41728N,upper_syr_darya,syr_darya,gte_4000,4000,,0.000134,0.2225,srtm_band_mask_rescaled_to_vector_area,30,2026-09-08T06:55:17+00:00
G074544E40630N,upper_syr_darya,syr_darya,3000_4000,3000,4000,0.426699,32.1381,srtm_band_mask_rescaled_to_vector_area,30,2026-09-08T06:55:17+00:00
G074544E40630N,upper_syr_darya,syr_darya,gte_4000,4000,,0.901007,67.8619,srtm_band_mask_rescaled_to_vector_area,30,2026-09-08T06:55:17+00:00
G074545E40533N,upper_syr_darya,syr_darya,gte_4000,4000,,0.370587,100.0000,srtm_band_mask_rescaled_to_vector_area,30,2026-09-08T06:55:17+00:00
G074545E40905N,upper_syr_darya,syr_darya,3000_4000,3000,4000,0.143121,60.4861,srtm_band_mask_rescaled_to_vector_area,30,2026-09-08T06:55:17+00:00
G074545E40905N,upper_syr_darya,syr_darya,gte_4000,4000,,0.093497,39.5139,srtm_band_mask_rescaled_to_vector_area,30,2026-09-08T06:55:17+00:00
G074546E42438N,upper_syr_darya,syr_darya,3000_4000,3000,4000,0.257813,99.7210,srtm_band_mask_rescaled_to_vector_area,30,2026-09-08T06:55:17+00:00
G074546E42438N,upper_syr_darya,syr_darya,gte_4000,4000,,0.000721,0.2790,srtm_band_mask_rescaled_to_vector_area,30,2026-09-08T06:55:17+00:00
G074548E42433N,upper_syr_darya,syr_darya,3000_4000,3000,4000,0.208883,91.6871,srtm_band_mask_rescaled_to_vector_area,30,2026-09-08T06:55:17+00:00
G074548E42433N,upper_syr_darya,syr_darya,gte_4000,4000,,0.018939,8.3129,srtm_band_mask_rescaled_to_vector_area,30,2026-09-08T06:55:17+00:00
G074550E40480N,upper_syr_darya,syr_darya,3000_4000,3000,4000,0.032905,15.5068,srtm_band_mask_rescaled_to_vector_area,30,2026-09-08T06:55:17+00:00
G074550E40480N,upper_syr_darya,syr_darya,gte_4000,4000,,0.179293,84.4932,srtm_band_mask_rescaled_to_vector_area,30,2026-09-08T06:55:17+00:00
G074550E40560N,upper_syr_darya,syr_darya,3000_4000,3000,4000,0.681322,24.9334,srtm_band_mask_rescaled_to_vector_area,30,2026-09-08T06:55:17+00:00
G074550E40560N,upper_syr_darya,syr_darya,gte_4000,4000,,2.051245,75.0666,srtm_band_mask_rescaled_to_vector_area,30,2026-09-08T06:55:17+00:00
G074551E40622N,upper_syr_darya,syr_darya,gte_4000,4000,,0.058047,100.0000,srtm_band_mask_rescaled_to_vector_area,30,2026-09-08T06:55:17+00:00
G074551E40995N,upper_syr_darya,syr_darya,3000_4000,3000,4000,0.052353,74.0758,srtm_band_mask_rescaled_to_vector_area,30,2026-09-08T06:55:17+00:00
G074551E40995N,upper_syr_darya,syr_darya,gte_4000,4000,,0.018322,25.9242,srtm_band_mask_rescaled_to_vector_area,30,2026-09-08T06:55:17+00:00
G074551E41730N,upper_syr_darya,syr_darya,3000_4000,3000,4000,0.072806,100.0000,srtm_band_mask_rescaled_to_vector_area,30,2026-09-08T06:55:17+00:00
G074553E40477N,upper_syr_darya,syr_darya,gte_4000,4000,,0.066082,100.0000,srtm_band_mask_rescaled_to_vector_area,30,2026-09-08T06:55:17+00:00
G074553E40910N,upper_syr_darya,syr_darya,3000_4000,3000,4000,0.059503,22.2771,srtm_band_mask_rescaled_to_vector_area,30,2026-09-08T06:55:17+00:00
G074553E40910N,upper_syr_darya,syr_darya,gte_4000,4000,,0.207602,77.7229,srtm_band_mask_rescaled_to_vector_area,30,2026-09-08T06:55:17+00:00
G074555E40528N,upper_syr_darya,syr_darya,gte_4000,4000,,0.146695,100.0000,srtm_band_mask_rescaled_to_vector_area,30,2026-09-08T06:55:17+00:00
G074556E40447N,upper_syr_darya,syr_darya,3000_4000,3000,4000,0.026374,100.0000,srtm_band_mask_rescaled_to_vector_area,30,2026-09-08T06:55:17+00:00
G074557E40616N,upper_syr_darya,syr_darya,3000_4000,3000,4000,0.024769,36.8903,srtm_band_mask_rescaled_to_vector_area,30,2026-09-08T06:55:17+00:00
G074557E40616N,upper_syr_darya,syr_darya,gte_4000,4000,,0.042374,63.1097,srtm_band_mask_rescaled_to_vector_area,30,2026-09-08T06:55:17+00:00
G074558E40479N,upper_syr_darya,syr_darya,gte_4000,4000,,0.039784,100.0000,srtm_band_mask_rescaled_to_vector_area,30,2026-09-08T06:55:17+00:00
G074558E40616N,upper_syr_darya,syr_darya,3000_4000,3000,4000,0.035840,23.8448,srtm_band_mask_rescaled_to_vector_area,30,2026-09-08T06:55:17+00:00
G074558E40616N,upper_syr_darya,syr_darya,gte_4000,4000,,0.114465,76.1552,srtm_band_mask_rescaled_to_vector_area,30,2026-09-08T06:55:17+00:00
G074558E40990N,upper_syr_darya,syr_darya,3000_4000,3000,4000,0.100633,54.5954,srtm_band_mask_rescaled_to_vector_area,30,2026-09-08T06:55:17+00:00
G074558E40990N,upper_syr_darya,syr_darya,gte_4000,4000,,0.083692,45.4046,srtm_band_mask_rescaled_to_vector_area,30,2026-09-08T06:55:17+00:00
G074559E40481N,upper_syr_darya,syr_darya,gte_4000,4000,,0.029864,100.0000,srtm_band_mask_rescaled_to_vector_area,30,2026-09-08T06:55:17+00:00
G074559E40617N,upper_syr_darya,syr_darya,3000_4000,3000,4000,0.000013,0.0210,srtm_band_mask_rescaled_to_vector_area,30,2026-09-08T06:55:17+00:00
G074559E40617N,upper_syr_darya,syr_darya,gte_4000,4000,,0.063670,99.9790,srtm_band_mask_rescaled_to_vector_area,30,2026-09-08T06:55:17+00:00
G074559E40911N,upper_syr_darya,syr_darya,gte_4000,4000,,0.020817,100.0000,srtm_band_mask_rescaled_to_vector_area,30,2026-09-08T06:55:17+00:00
G074561E40909N,upper_syr_darya,syr_darya,gte_4000,4000,,0.198582,100.0000,srtm_band_mask_rescaled_to_vector_area,30,2026-09-08T06:55:17+00:00
G074562E40537N,upper_syr_darya,syr_darya,3000_4000,3000,4000,0.125138,8.2410,srtm_band_mask_rescaled_to_vector_area,30,2026-09-08T06:55:17+00:00
G074562E40537N,upper_syr_darya,syr_darya,gte_4000,4000,,1.393345,91.7590,srtm_band_mask_rescaled_to_vector_area,30,2026-09-08T06:55:17+00:00
G074562E41733N,upper_syr_darya,syr_darya,3000_4000,3000,4000,0.068507,100.0000,srtm_band_mask_rescaled_to_vector_area,30,2026-09-08T06:55:17+00:00
G074564E40480N,upper_syr_darya,syr_darya,3000_4000,3000,4000,0.029773,7.3846,srtm_band_mask_rescaled_to_vector_area,30,2026-09-08T06:55:17+00:00
G074564E40480N,upper_syr_darya,syr_darya,gte_4000,4000,,0.373408,92.6154,srtm_band_mask_rescaled_to_vector_area,30,2026-09-08T06:55:17+00:00
G074565E40993N,upper_syr_darya,syr_darya,gte_4000,4000,,0.012533,100.0000,srtm_band_mask_rescaled_to_vector_area,30,2026-09-08T06:55:17+00:00
G074566E40626N,upper_syr_darya,syr_darya,3000_4000,3000,4000,0.193290,31.8922,srtm_band_mask_rescaled_to_vector_area,30,2026-09-08T06:55:17+00:00
G074566E40626N,upper_syr_darya,syr_darya,gte_4000,4000,,0.412782,68.1078,srtm_band_mask_rescaled_to_vector_area,30,2026-09-08T06:55:17+00:00
G074567E40474N,upper_syr_darya,syr_darya,gte_4000,4000,,0.054331,100.0000,srtm_band_mask_rescaled_to_vector_area,30,2026-09-08T06:55:17+00:00
G074567E40544N,upper_syr_darya,syr_darya,gte_4000,4000,,0.165485,100.0000,srtm_band_mask_rescaled_to_vector_area,30,2026-09-08T06:55:17+00:00
G074568E40584N,upper_syr_darya,syr_darya,gte_4000,4000,,0.059713,100.0000,srtm_band_mask_rescaled_to_vector_area,30,2026-09-08T06:55:17+00:00
G074568E41739N,upper_syr_darya,syr_darya,3000_4000,3000,4000,0.014806,100.0000,srtm_band_mask_rescaled_to_vector_area,30,2026-09-08T06:55:17+00:00
G074569E40907N,upper_syr_darya,syr_darya,3000_4000,3000,4000,0.195342,73.1379,srtm_band_mask_rescaled_to_vector_area,30,2026-09-08T06:55:17+00:00
G074569E40907N,upper_syr_darya,syr_darya,gte_4000,4000,,0.071745,26.8621,srtm_band_mask_rescaled_to_vector_area,30,2026-09-08T06:55:17+00:00
G074569E42425N,upper_syr_darya,syr_darya,3000_4000,3000,4000,0.147485,100.0000,srtm_band_mask_rescaled_to_vector_area,30,2026-09-08T06:55:17+00:00
G074570E42435N,upper_syr_darya,syr_darya,3000_4000,3000,4000,1.456525,99.9871,srtm_band_mask_rescaled_to_vector_area,30,2026-09-08T06:55:17+00:00
G074570E42435N,upper_syr_darya,syr_darya,gte_4000,4000,,0.000187,0.0129,srtm_band_mask_rescaled_to_vector_area,30,2026-09-08T06:55:17+00:00
G074571E40560N,upper_syr_darya,syr_darya,3000_4000,3000,4000,0.212556,6.9551,srtm_band_mask_rescaled_to_vector_area,30,2026-09-08T06:55:17+00:00
G074571E40560N,upper_syr_darya,syr_darya,gte_4000,4000,,2.843542,93.0449,srtm_band_mask_rescaled_to_vector_area,30,2026-09-08T06:55:17+00:00
G074573E40445N,upper_syr_darya,syr_darya,3000_4000,3000,4000,0.002607,3.2993,srtm_band_mask_rescaled_to_vector_area,30,2026-09-08T06:55:17+00:00
G074573E40445N,upper_syr_darya,syr_darya,gte_4000,4000,,0.076406,96.7007,srtm_band_mask_rescaled_to_vector_area,30,2026-09-08T06:55:17+00:00
G074573E40618N,upper_syr_darya,syr_darya,3000_4000,3000,4000,0.332518,36.3233,srtm_band_mask_rescaled_to_vector_area,30,2026-09-08T06:55:17+00:00
G074573E40618N,upper_syr_darya,syr_darya,gte_4000,4000,,0.582922,63.6767,srtm_band_mask_rescaled_to_vector_area,30,2026-09-08T06:55:17+00:00
G074573E40896N,upper_syr_darya,syr_darya,gte_4000,4000,,0.011782,100.0000,srtm_band_mask_rescaled_to_vector_area,30,2026-09-08T06:55:17+00:00
G074574E40541N,upper_syr_darya,syr_darya,gte_4000,4000,,0.517350,100.0000,srtm_band_mask_rescaled_to_vector_area,30,2026-09-08T06:55:17+00:00
G074574E40591N,upper_syr_darya,syr_darya,3000_4000,3000,4000,0.161507,38.5375,srtm_band_mask_rescaled_to_vector_area,30,2026-09-08T06:55:17+00:00
G074574E40591N,upper_syr_darya,syr_darya,gte_4000,4000,,0.257583,61.4625,srtm_band_mask_rescaled_to_vector_area,30,2026-09-08T06:55:17+00:00
G074574E40617N,upper_syr_darya,syr_darya,3000_4000,3000,4000,0.387651,32.5913,srtm_band_mask_rescaled_to_vector_area,30,2026-09-08T06:55:17+00:00
G074574E40617N,upper_syr_darya,syr_darya,gte_4000,4000,,0.801781,67.4087,srtm_band_mask_rescaled_to_vector_area,30,2026-09-08T06:55:17+00:00
G074575E41740N,upper_syr_darya,syr_darya,3000_4000,3000,4000,0.036388,97.3758,srtm_band_mask_rescaled_to_vector_area,30,2026-09-08T06:55:17+00:00
G074575E41740N,upper_syr_darya,syr_darya,gte_4000,4000,,0.000981,2.6242,srtm_band_mask_rescaled_to_vector_area,30,2026-09-08T06:55:17+00:00
G074575E42423N,upper_syr_darya,syr_darya,3000_4000,3000,4000,0.107711,100.0000,srtm_band_mask_rescaled_to_vector_area,30,2026-09-08T06:55:17+00:00
G074576E40480N,upper_syr_darya,syr_darya,3000_4000,3000,4000,0.006171,0.7368,srtm_band_mask_rescaled_to_vector_area,30,2026-09-08T06:55:17+00:00
G074576E40480N,upper_syr_darya,syr_darya,gte_4000,4000,,0.831304,99.2632,srtm_band_mask_rescaled_to_vector_area,30,2026-09-08T06:55:17+00:00
G074576E41001N,upper_syr_darya,syr_darya,gte_4000,4000,,0.014710,100.0000,srtm_band_mask_rescaled_to_vector_area,30,2026-09-08T06:55:17+00:00
G074577E40597N,upper_syr_darya,syr_darya,3000_4000,3000,4000,0.027633,30.1705,srtm_band_mask_rescaled_to_vector_area,30,2026-09-08T06:55:17+00:00
G074577E40597N,upper_syr_darya,syr_darya,gte_4000,4000,,0.063957,69.8295,srtm_band_mask_rescaled_to_vector_area,30,2026-09-08T06:55:17+00:00
G074578E42429N,upper_syr_darya,syr_darya,gte_4000,4000,,0.053325,100.0000,srtm_band_mask_rescaled_to_vector_area,30,2026-09-08T06:55:17+00:00
G074579E42425N,upper_syr_darya,syr_darya,3000_4000,3000,4000,0.029249,100.0000,srtm_band_mask_rescaled_to_vector_area,30,2026-09-08T06:55:17+00:00
G074580E40614N,upper_syr_darya,syr_darya,3000_4000,3000,4000,0.021253,8.2395,srtm_band_mask_rescaled_to_vector_area,30,2026-09-08T06:55:17+00:00
G074580E40614N,upper_syr_darya,syr_darya,gte_4000,4000,,0.236683,91.7605,srtm_band_mask_rescaled_to_vector_area,30,2026-09-08T06:55:17+00:00
G074581E40605N,upper_syr_darya,syr_darya,3000_4000,3000,4000,0.062089,28.4201,srtm_band_mask_rescaled_to_vector_area,30,2026-09-08T06:55:17+00:00
G074581E40605N,upper_syr_darya,syr_darya,gte_4000,4000,,0.156379,71.5799,srtm_band_mask_rescaled_to_vector_area,30,2026-09-08T06:55:17+00:00
G074582E40544N,upper_syr_darya,syr_darya,gte_4000,4000,,0.668055,100.0000,srtm_band_mask_rescaled_to_vector_area,30,2026-09-08T06:55:17+00:00
G074582E40914N,upper_syr_darya,syr_darya,gte_4000,4000,,0.040830,100.0000,srtm_band_mask_rescaled_to_vector_area,30,2026-09-08T06:55:17+00:00
G074583E40473N,upper_syr_darya,syr_darya,gte_4000,4000,,0.234001,100.0000,srtm_band_mask_rescaled_to_vector_area,30,2026-09-08T06:55:17+00:00
G074583E40558N,upper_syr_darya,syr_darya,gte_4000,4000,,0.227675,100.0000,srtm_band_mask_rescaled_to_vector_area,30,2026-09-08T06:55:17+00:00
G074583E40569N,upper_syr_darya,syr_darya,gte_4000,4000,,0.031965,100.0000,srtm_band_mask_rescaled_to_vector_area,30,2026-09-08T06:55:17+00:00
G074584E40444N,upper_syr_darya,syr_darya,gte_4000,4000,,0.437250,100.0000,srtm_band_mask_rescaled_to_vector_area,30,2026-09-08T06:55:17+00:00
G074584E40482N,upper_syr_darya,syr_darya,3000_4000,3000,4000,0.046637,2.4323,srtm_band_mask_rescaled_to_vector_area,30,2026-09-08T06:55:17+00:00
G074584E40482N,upper_syr_darya,syr_darya,gte_4000,4000,,1.870746,97.5677,srtm_band_mask_rescaled_to_vector_area,30,2026-09-08T06:55:17+00:00
G074584E42429N,upper_syr_darya,syr_darya,gte_4000,4000,,0.018648,100.0000,srtm_band_mask_rescaled_to_vector_area,30,2026-09-08T06:55:17+00:00
G074585E40600N,upper_syr_darya,syr_darya,3000_4000,3000,4000,0.028667,63.8792,srtm_band_mask_rescaled_to_vector_area,30,2026-09-08T06:55:17+00:00
G074585E40600N,upper_syr_darya,syr_darya,gte_4000,4000,,0.016210,36.1208,srtm_band_mask_rescaled_to_vector_area,30,2026-09-08T06:55:17+00:00
G074585E40613N,upper_syr_darya,syr_darya,3000_4000,3000,4000,0.119007,62.8086,srtm_band_mask_rescaled_to_vector_area,30,2026-09-08T06:55:17+00:00
G074585E40613N,upper_syr_darya,syr_darya,gte_4000,4000,,0.070469,37.1914,srtm_band_mask_rescaled_to_vector_area,30,2026-09-08T06:55:17+00:00
G074587E40599N,upper_syr_darya,syr_darya,3000_4000,3000,4000,0.096307,63.6682,srtm_band_mask_rescaled_to_vector_area,30,2026-09-08T06:55:17+00:00
G074587E40599N,upper_syr_darya,syr_darya,gte_4000,4000,,0.054957,36.3318,srtm_band_mask_rescaled_to_vector_area,30,2026-09-08T06:55:17+00:00
G074587E42422N,upper_syr_darya,syr_darya,3000_4000,3000,4000,0.050189,100.0000,srtm_band_mask_rescaled_to_vector_area,30,2026-09-08T06:55:17+00:00
G074587E42427N,upper_syr_darya,syr_darya,3000_4000,3000,4000,0.050693,77.5001,srtm_band_mask_rescaled_to_vector_area,30,2026-09-08T06:55:17+00:00
G074587E42427N,upper_syr_darya,syr_darya,gte_4000,4000,,0.014717,22.4999,srtm_band_mask_rescaled_to_vector_area,30,2026-09-08T06:55:17+00:00
G074588E40484N,upper_syr_darya,syr_darya,3000_4000,3000,4000,0.040455,3.7529,srtm_band_mask_rescaled_to_vector_area,30,2026-09-08T06:55:17+00:00
G074588E40484N,upper_syr_darya,syr_darya,gte_4000,4000,,1.037521,96.2471,srtm_band_mask_rescaled_to_vector_area,30,2026-09-08T06:55:17+00:00
G074588E40561N,upper_syr_darya,syr_darya,gte_4000,4000,,0.483249,100.0000,srtm_band_mask_rescaled_to_vector_area,30,2026-09-08T06:55:17+00:00
G074588E40599N,upper_syr_darya,syr_darya,3000_4000,3000,4000,0.019210,100.0000,srtm_band_mask_rescaled_to_vector_area,30,2026-09-08T06:55:17+00:00
G074589E42237N,upper_syr_darya,syr_darya,3000_4000,3000,4000,0.020259,100.0000,srtm_band_mask_rescaled_to_vector_area,30,2026-09-08T06:55:17+00:00
G074591E40468N,upper_syr_darya,syr_darya,gte_4000,4000,,0.102554,100.0000,srtm_band_mask_rescaled_to_vector_area,30,2026-09-08T06:55:17+00:00
G074592E40563N,upper_syr_darya,syr_darya,gte_4000,4000,,0.240117,100.0000,srtm_band_mask_rescaled_to_vector_area,30,2026-09-08T06:55:17+00:00
G074593E40526N,upper_syr_darya,syr_darya,gte_4000,4000,,0.114435,100.0000,srtm_band_mask_rescaled_to_vector_area,30,2026-09-08T06:55:17+00:00
G074593E40540N,upper_syr_darya,syr_darya,gte_4000,4000,,0.459656,100.0000,srtm_band_mask_rescaled_to_vector_area,30,2026-09-08T06:55:17+00:00
G074595E40447N,upper_syr_darya,syr_darya,3000_4000,3000,4000,0.008843,1.7729,srtm_band_mask_rescaled_to_vector_area,30,2026-09-08T06:55:17+00:00
G074595E40447N,upper_syr_darya,syr_darya,gte_4000,4000,,0.489946,98.2271,srtm_band_mask_rescaled_to_vector_area,30,2026-09-08T06:55:17+00:00
G074595E40910N,upper_syr_darya,syr_darya,gte_4000,4000,,0.026718,100.0000,srtm_band_mask_rescaled_to_vector_area,30,2026-09-08T06:55:17+00:00
G074595E42425N,upper_syr_darya,syr_darya,3000_4000,3000,4000,0.132458,30.8522,srtm_band_mask_rescaled_to_vector_area,30,2026-09-08T06:55:17+00:00
G074595E42425N,upper_syr_darya,syr_darya,gte_4000,4000,,0.296873,69.1478,srtm_band_mask_rescaled_to_vector_area,30,2026-09-08T06:55:17+00:00
G074597E40914N,upper_syr_darya,syr_darya,3000_4000,3000,4000,0.032359,15.3373,srtm_band_mask_rescaled_to_vector_area,30,2026-09-08T06:55:17+00:00
G074597E40914N,upper_syr_darya,syr_darya,gte_4000,4000,,0.178626,84.6627,srtm_band_mask_rescaled_to_vector_area,30,2026-09-08T06:55:17+00:00
G074597E42425N,upper_syr_darya,syr_darya,3000_4000,3000,4000,0.330358,51.2329,srtm_band_mask_rescaled_to_vector_area,30,2026-09-08T06:55:17+00:00
G074597E42425N,upper_syr_darya,syr_darya,gte_4000,4000,,0.314458,48.7671,srtm_band_mask_rescaled_to_vector_area,30,2026-09-08T06:55:17+00:00
G074598E42440N,upper_syr_darya,syr_darya,3000_4000,3000,4000,1.298881,82.9968,srtm_band_mask_rescaled_to_vector_area,30,2026-09-08T06:55:17+00:00
G074598E42440N,upper_syr_darya,syr_darya,gte_4000,4000,,0.266096,17.0032,srtm_band_mask_rescaled_to_vector_area,30,2026-09-08T06:55:17+00:00
G074599E40466N,upper_syr_darya,syr_darya,gte_4000,4000,,0.062898,100.0000,srtm_band_mask_rescaled_to_vector_area,30,2026-09-08T06:55:17+00:00
G074599E41740N,upper_syr_darya,syr_darya,3000_4000,3000,4000,0.026663,100.0000,srtm_band_mask_rescaled_to_vector_area,30,2026-09-08T06:55:17+00:00
G074599E42401N,upper_syr_darya,syr_darya,3000_4000,3000,4000,0.030687,100.0000,srtm_band_mask_rescaled_to_vector_area,30,2026-09-08T06:55:17+00:00
G074601E40552N,upper_syr_darya,syr_darya,3000_4000,3000,4000,0.235204,6.6512,srtm_band_mask_rescaled_to_vector_area,30,2026-09-08T06:55:17+00:00
G074601E40552N,upper_syr_darya,syr_darya,gte_4000,4000,,3.301086,93.3488,srtm_band_mask_rescaled_to_vector_area,30,2026-09-08T06:55:17+00:00
G074602E40477N,upper_syr_darya,syr_darya,3000_4000,3000,4000,0.076426,4.2478,srtm_band_mask_rescaled_to_vector_area,30,2026-09-08T06:55:17+00:00
G074602E40477N,upper_syr_darya,syr_darya,gte_4000,4000,,1.722766,95.7522,srtm_band_mask_rescaled_to_vector_area,30,2026-09-08T06:55:17+00:00
G074602E42423N,upper_syr_darya,syr_darya,3000_4000,3000,4000,0.228311,97.2005,srtm_band_mask_rescaled_to_vector_area,30,2026-09-08T06:55:17+00:00
G074602E42423N,upper_syr_darya,syr_darya,gte_4000,4000,,0.006576,2.7995,srtm_band_mask_rescaled_to_vector_area,30,2026-09-08T06:55:17+00:00
G074603E40438N,upper_syr_darya,syr_darya,gte_4000,4000,,0.088356,100.0000,srtm_band_mask_rescaled_to_vector_area,30,2026-09-08T06:55:17+00:00
G074603E40450N,upper_syr_darya,syr_darya,gte_4000,4000,,0.524403,100.0000,srtm_band_mask_rescaled_to_vector_area,30,2026-09-08T06:55:17+00:00
G074607E40433N,upper_syr_darya,syr_darya,gte_4000,4000,,0.145783,100.0000,srtm_band_mask_rescaled_to_vector_area,30,2026-09-08T06:55:17+00:00
G074607E40915N,upper_syr_darya,syr_darya,3000_4000,3000,4000,0.086180,22.3672,srtm_band_mask_rescaled_to_vector_area,30,2026-09-08T06:55:17+00:00
G074607E40915N,upper_syr_darya,syr_darya,gte_4000,4000,,0.299116,77.6328,srtm_band_mask_rescaled_to_vector_area,30,2026-09-08T06:55:17+00:00
G074608E40460N,upper_syr_darya,syr_darya,gte_4000,4000,,0.295813,100.0000,srtm_band_mask_rescaled_to_vector_area,30,2026-09-08T06:55:17+00:00
G074608E42238N,upper_syr_darya,syr_darya,3000_4000,3000,4000,0.014763,100.0000,srtm_band_mask_rescaled_to_vector_area,30,2026-09-08T06:55:17+00:00
G074610E40444N,upper_syr_darya,syr_darya,gte_4000,4000,,0.323996,100.0000,srtm_band_mask_rescaled_to_vector_area,30,2026-09-08T06:55:17+00:00
G074611E40439N,upper_syr_darya,syr_darya,gte_4000,4000,,0.038886,100.0000,srtm_band_mask_rescaled_to_vector_area,30,2026-09-08T06:55:17+00:00
G074612E40465N,upper_syr_darya,syr_darya,gte_4000,4000,,0.217278,100.0000,srtm_band_mask_rescaled_to_vector_area,30,2026-09-08T06:55:17+00:00
G074613E40539N,upper_syr_darya,syr_darya,gte_4000,4000,,0.689565,100.0000,srtm_band_mask_rescaled_to_vector_area,30,2026-09-08T06:55:17+00:00
G074613E40555N,upper_syr_darya,syr_darya,gte_4000,4000,,0.211376,100.0000,srtm_band_mask_rescaled_to_vector_area,30,2026-09-08T06:55:17+00:00
G074615E42404N,upper_syr_darya,syr_darya,3000_4000,3000,4000,0.541162,95.1408,srtm_band_mask_rescaled_to_vector_area,30,2026-09-08T06:55:17+00:00
G074615E42404N,upper_syr_darya,syr_darya,gte_4000,4000,,0.027639,4.8592,srtm_band_mask_rescaled_to_vector_area,30,2026-09-08T06:55:17+00:00
G074616E40475N,upper_syr_darya,syr_darya,3000_4000,3000,4000,0.004343,0.2719,srtm_band_mask_rescaled_to_vector_area,30,2026-09-08T06:55:17+00:00
G074616E40475N,upper_syr_darya,syr_darya,gte_4000,4000,,1.592878,99.7281,srtm_band_mask_rescaled_to_vector_area,30,2026-09-08T06:55:17+00:00
G074616E40910N,upper_syr_darya,syr_darya,gte_4000,4000,,0.214463,100.0000,srtm_band_mask_rescaled_to_vector_area,30,2026-09-08T06:55:17+00:00
G074616E40915N,upper_syr_darya,syr_darya,gte_4000,4000,,0.013556,100.0000,srtm_band_mask_rescaled_to_vector_area,30,2026-09-08T06:55:17+00:00
G074617E40422N,upper_syr_darya,syr_darya,gte_4000,4000,,0.020576,100.0000,srtm_band_mask_rescaled_to_vector_area,30,2026-09-08T06:55:17+00:00
G074618E42419N,upper_syr_darya,syr_darya,3000_4000,3000,4000,1.469984,66.2471,srtm_band_mask_rescaled_to_vector_area,30,2026-09-08T06:55:17+00:00
G074618E42419N,upper_syr_darya,syr_darya,gte_4000,4000,,0.748956,33.7529,srtm_band_mask_rescaled_to_vector_area,30,2026-09-08T06:55:17+00:00
G074619E40577N,upper_syr_darya,syr_darya,gte_4000,4000,,0.023697,100.0000,srtm_band_mask_rescaled_to_vector_area,30,2026-09-08T06:55:17+00:00
G074620E40435N,upper_syr_darya,syr_darya,3000_4000,3000,4000,0.042368,4.5164,srtm_band_mask_rescaled_to_vector_area,30,2026-09-08T06:55:17+00:00
G074620E40435N,upper_syr_darya,syr_darya,gte_4000,4000,,0.895724,95.4836,srtm_band_mask_rescaled_to_vector_area,30,2026-09-08T06:55:17+00:00
G074620E40463N,upper_syr_darya,syr_darya,gte_4000,4000,,0.242978,100.0000,srtm_band_mask_rescaled_to_vector_area,30,2026-09-08T06:55:17+00:00
G074621E40913N,upper_syr_darya,syr_darya,3000_4000,3000,4000,0.137862,42.8179,srtm_band_mask_rescaled_to_vector_area,30,2026-09-08T06:55:17+00:00
G074621E40913N,upper_syr_darya,syr_darya,gte_4000,4000,,0.184112,57.1821,srtm_band_mask_rescaled_to_vector_area,30,2026-09-08T06:55:17+00:00
G074622E42426N,upper_syr_darya,syr_darya,gte_4000,4000,,0.057635,100.0000,srtm_band_mask_rescaled_to_vector_area,30,2026-09-08T06:55:17+00:00
G074624E40532N,upper_syr_darya,syr_darya,gte_4000,4000,,0.567730,100.0000,srtm_band_mask_rescaled_to_vector_area,30,2026-09-08T06:55:17+00:00
G074624E40567N,upper_syr_darya,syr_darya,gte_4000,4000,,0.991590,100.0000,srtm_band_mask_rescaled_to_vector_area,30,2026-09-08T06:55:17+00:00
G074626E40911N,upper_syr_darya,syr_darya,3000_4000,3000,4000,0.136899,21.6639,srtm_band_mask_rescaled_to_vector_area,30,2026-09-08T06:55:17+00:00
G074626E40911N,upper_syr_darya,syr_darya,gte_4000,4000,,0.495021,78.3361,srtm_band_mask_rescaled_to_vector_area,30,2026-09-08T06:55:17+00:00
G074627E42302N,upper_syr_darya,syr_darya,3000_4000,3000,4000,0.213934,100.0000,srtm_band_mask_rescaled_to_vector_area,30,2026-09-08T06:55:17+00:00
G074629E40481N,upper_syr_darya,syr_darya,3000_4000,3000,4000,0.018184,2.5770,srtm_band_mask_rescaled_to_vector_area,30,2026-09-08T06:55:17+00:00
G074629E40481N,upper_syr_darya,syr_darya,gte_4000,4000,,0.687422,97.4230,srtm_band_mask_rescaled_to_vector_area,30,2026-09-08T06:55:17+00:00
G074630E42403N,upper_syr_darya,syr_darya,3000_4000,3000,4000,1.116427,88.1730,srtm_band_mask_rescaled_to_vector_area,30,2026-09-08T06:55:17+00:00
G074630E42403N,upper_syr_darya,syr_darya,gte_4000,4000,,0.149751,11.8270,srtm_band_mask_rescaled_to_vector_area,30,2026-09-08T06:55:17+00:00
G074632E42434N,upper_syr_darya,syr_darya,3000_4000,3000,4000,2.422495,80.7460,srtm_band_mask_rescaled_to_vector_area,30,2026-09-08T06:55:17+00:00
G074632E42434N,upper_syr_darya,syr_darya,gte_4000,4000,,0.577648,19.2540,srtm_band_mask_rescaled_to_vector_area,30,2026-09-08T06:55:17+00:00
G074633E40532N,upper_syr_darya,syr_darya,gte_4000,4000,,0.093290,100.0000,srtm_band_mask_rescaled_to_vector_area,30,2026-09-08T06:55:17+00:00
G074633E40911N,upper_syr_darya,syr_darya,3000_4000,3000,4000,0.011457,4.1200,srtm_band_mask_rescaled_to_vector_area,30,2026-09-08T06:55:17+00:00
G074633E40911N,upper_syr_darya,syr_darya,gte_4000,4000,,0.266630,95.8800,srtm_band_mask_rescaled_to_vector_area,30,2026-09-08T06:55:17+00:00
G074634E40912N,upper_syr_darya,syr_darya,3000_4000,3000,4000,0.011461,6.3538,srtm_band_mask_rescaled_to_vector_area,30,2026-09-08T06:55:17+00:00
G074634E40912N,upper_syr_darya,syr_darya,gte_4000,4000,,0.168925,93.6462,srtm_band_mask_rescaled_to_vector_area,30,2026-09-08T06:55:17+00:00
G074635E40479N,upper_syr_darya,syr_darya,3000_4000,3000,4000,0.018185,1.1757,srtm_band_mask_rescaled_to_vector_area,30,2026-09-08T06:55:17+00:00
G074635E40479N,upper_syr_darya,syr_darya,gte_4000,4000,,1.528569,98.8243,srtm_band_mask_rescaled_to_vector_area,30,2026-09-08T06:55:17+00:00
G074635E42306N,upper_syr_darya,syr_darya,3000_4000,3000,4000,0.246922,100.0000,srtm_band_mask_rescaled_to_vector_area,30,2026-09-08T06:55:17+00:00
G074636E42433N,upper_syr_darya,syr_darya,3000_4000,3000,4000,2.030348,72.1245,srtm_band_mask_rescaled_to_vector_area,30,2026-09-08T06:55:17+00:00
G074636E42433N,upper_syr_darya,syr_darya,gte_4000,4000,,0.784711,27.8755,srtm_band_mask_rescaled_to_vector_area,30,2026-09-08T06:55:17+00:00
G074638E40479N,upper_syr_darya,syr_darya,gte_4000,4000,,0.932826,100.0000,srtm_band_mask_rescaled_to_vector_area,30,2026-09-08T06:55:17+00:00
G074638E40906N,upper_syr_darya,syr_darya,3000_4000,3000,4000,0.076682,17.5844,srtm_band_mask_rescaled_to_vector_area,30,2026-09-08T06:55:17+00:00
G074638E40906N,upper_syr_darya,syr_darya,gte_4000,4000,,0.359395,82.4156,srtm_band_mask_rescaled_to_vector_area,30,2026-09-08T06:55:17+00:00
G074640E42301N,upper_syr_darya,syr_darya,3000_4000,3000,4000,0.127063,99.2211,srtm_band_mask_rescaled_to_vector_area,30,2026-09-08T06:55:17+00:00
G074640E42301N,upper_syr_darya,syr_darya,gte_4000,4000,,0.000997,0.7789,srtm_band_mask_rescaled_to_vector_area,30,2026-09-08T06:55:17+00:00
G074641E40890N,upper_syr_darya,syr_darya,gte_4000,4000,,0.040311,100.0000,srtm_band_mask_rescaled_to_vector_area,30,2026-09-08T06:55:17+00:00
G074642E40533N,upper_syr_darya,syr_darya,gte_4000,4000,,0.132528,100.0000,srtm_band_mask_rescaled_to_vector_area,30,2026-09-08T06:55:17+00:00
G074643E40564N,upper_syr_darya,syr_darya,gte_4000,4000,,0.282691,100.0000,srtm_band_mask_rescaled_to_vector_area,30,2026-09-08T06:55:17+00:00
G074643E42314N,upper_syr_darya,syr_darya,3000_4000,3000,4000,0.015920,100.0000,srtm_band_mask_rescaled_to_vector_area,30,2026-09-08T06:55:17+00:00
G074646E40548N,upper_syr_darya,syr_darya,gte_4000,4000,,5.242644,100.0000,srtm_band_mask_rescaled_to_vector_area,30,2026-09-08T06:55:17+00:00
G074647E40492N,upper_syr_darya,syr_darya,3000_4000,3000,4000,0.000866,0.1895,srtm_band_mask_rescaled_to_vector_area,30,2026-09-08T06:55:17+00:00
G074647E40492N,upper_syr_darya,syr_darya,gte_4000,4000,,0.456234,99.8105,srtm_band_mask_rescaled_to_vector_area,30,2026-09-08T06:55:17+00:00
G074647E42407N,upper_syr_darya,syr_darya,3000_4000,3000,4000,0.000979,0.4797,srtm_band_mask_rescaled_to_vector_area,30,2026-09-08T06:55:17+00:00
G074647E42407N,upper_syr_darya,syr_darya,gte_4000,4000,,0.203120,99.5203,srtm_band_mask_rescaled_to_vector_area,30,2026-09-08T06:55:17+00:00
G074648E40902N,upper_syr_darya,syr_darya,3000_4000,3000,4000,0.127723,19.0814,srtm_band_mask_rescaled_to_vector_area,30,2026-09-08T06:55:17+00:00
G074648E40902N,upper_syr_darya,syr_darya,gte_4000,4000,,0.541637,80.9186,srtm_band_mask_rescaled_to_vector_area,30,2026-09-08T06:55:17+00:00
G074649E42310N,upper_syr_darya,syr_darya,3000_4000,3000,4000,0.343868,100.0000,srtm_band_mask_rescaled_to_vector_area,30,2026-09-08T06:55:17+00:00
G074650E40894N,upper_syr_darya,syr_darya,gte_4000,4000,,0.156987,100.0000,srtm_band_mask_rescaled_to_vector_area,30,2026-09-08T06:55:17+00:00
G074652E40476N,upper_syr_darya,syr_darya,gte_4000,4000,,0.021137,100.0000,srtm_band_mask_rescaled_to_vector_area,30,2026-09-08T06:55:17+00:00
G074652E40506N,upper_syr_darya,syr_darya,3000_4000,3000,4000,0.006959,0.6933,srtm_band_mask_rescaled_to_vector_area,30,2026-09-08T06:55:17+00:00
G074652E40506N,upper_syr_darya,syr_darya,gte_4000,4000,,0.996842,99.3067,srtm_band_mask_rescaled_to_vector_area,30,2026-09-08T06:55:17+00:00
G074652E42403N,upper_syr_darya,syr_darya,3000_4000,3000,4000,0.143628,81.8427,srtm_band_mask_rescaled_to_vector_area,30,2026-09-08T06:55:17+00:00
G074652E42403N,upper_syr_darya,syr_darya,gte_4000,4000,,0.031865,18.1573,srtm_band_mask_rescaled_to_vector_area,30,2026-09-08T06:55:17+00:00
G074655E42398N,upper_syr_darya,syr_darya,3000_4000,3000,4000,0.059434,100.0000,srtm_band_mask_rescaled_to_vector_area,30,2026-09-08T06:55:17+00:00
G074656E40475N,upper_syr_darya,syr_darya,gte_4000,4000,,0.105250,100.0000,srtm_band_mask_rescaled_to_vector_area,30,2026-09-08T06:55:17+00:00
G074657E40904N,upper_syr_darya,syr_darya,gte_4000,4000,,0.120282,100.0000,srtm_band_mask_rescaled_to_vector_area,30,2026-09-08T06:55:17+00:00
G074659E42307N,upper_syr_darya,syr_darya,3000_4000,3000,4000,0.115681,100.0000,srtm_band_mask_rescaled_to_vector_area,30,2026-09-08T06:55:17+00:00
G074660E40493N,upper_syr_darya,syr_darya,gte_4000,4000,,0.463813,100.0000,srtm_band_mask_rescaled_to_vector_area,30,2026-09-08T06:55:17+00:00
G074661E40542N,upper_syr_darya,syr_darya,gte_4000,4000,,1.354716,100.0000,srtm_band_mask_rescaled_to_vector_area,30,2026-09-08T06:55:17+00:00
G074661E40907N,upper_syr_darya,syr_darya,3000_4000,3000,4000,0.048664,10.5645,srtm_band_mask_rescaled_to_vector_area,30,2026-09-08T06:55:17+00:00
G074661E40907N,upper_syr_darya,syr_darya,gte_4000,4000,,0.411977,89.4355,srtm_band_mask_rescaled_to_vector_area,30,2026-09-08T06:55:17+00:00
G074661E42404N,upper_syr_darya,syr_darya,3000_4000,3000,4000,0.178284,87.1594,srtm_band_mask_rescaled_to_vector_area,30,2026-09-08T06:55:17+00:00
G074661E42404N,upper_syr_darya,syr_darya,gte_4000,4000,,0.026265,12.8406,srtm_band_mask_rescaled_to_vector_area,30,2026-09-08T06:55:17+00:00
G074662E40501N,upper_syr_darya,syr_darya,gte_4000,4000,,0.112998,100.0000,srtm_band_mask_rescaled_to_vector_area,30,2026-09-08T06:55:17+00:00
G074663E40511N,upper_syr_darya,syr_darya,gte_4000,4000,,1.053759,100.0000,srtm_band_mask_rescaled_to_vector_area,30,2026-09-08T06:55:17+00:00
G074663E42306N,upper_syr_darya,syr_darya,3000_4000,3000,4000,0.101603,100.0000,srtm_band_mask_rescaled_to_vector_area,30,2026-09-08T06:55:17+00:00
G074664E40360N,upper_syr_darya,syr_darya,3000_4000,3000,4000,0.104614,78.7104,srtm_band_mask_rescaled_to_vector_area,30,2026-09-08T06:55:17+00:00
G074664E40360N,upper_syr_darya,syr_darya,gte_4000,4000,,0.028296,21.2896,srtm_band_mask_rescaled_to_vector_area,30,2026-09-08T06:55:17+00:00
G074664E40520N,upper_syr_darya,syr_darya,gte_4000,4000,,0.069764,100.0000,srtm_band_mask_rescaled_to_vector_area,30,2026-09-08T06:55:17+00:00
G074665E42239N,upper_syr_darya,syr_darya,3000_4000,3000,4000,0.060166,100.0000,srtm_band_mask_rescaled_to_vector_area,30,2026-09-08T06:55:17+00:00
G074666E40503N,upper_syr_darya,syr_darya,gte_4000,4000,,0.038275,100.0000,srtm_band_mask_rescaled_to_vector_area,30,2026-09-08T06:55:17+00:00
G074666E40908N,upper_syr_darya,syr_darya,gte_4000,4000,,0.026966,100.0000,srtm_band_mask_rescaled_to_vector_area,30,2026-09-08T06:55:17+00:00
G074668E40523N,upper_syr_darya,syr_darya,gte_4000,4000,,0.041480,100.0000,srtm_band_mask_rescaled_to_vector_area,30,2026-09-08T06:55:17+00:00
G074668E42305N,upper_syr_darya,syr_darya,3000_4000,3000,4000,0.035688,100.0000,srtm_band_mask_rescaled_to_vector_area,30,2026-09-08T06:55:17+00:00
G074669E40520N,upper_syr_darya,syr_darya,gte_4000,4000,,0.023125,100.0000,srtm_band_mask_rescaled_to_vector_area,30,2026-09-08T06:55:17+00:00
G074669E40901N,upper_syr_darya,syr_darya,gte_4000,4000,,0.064458,100.0000,srtm_band_mask_rescaled_to_vector_area,30,2026-09-08T06:55:17+00:00
G074671E40897N,upper_syr_darya,syr_darya,3000_4000,3000,4000,0.040976,11.9040,srtm_band_mask_rescaled_to_vector_area,30,2026-09-08T06:55:17+00:00
G074671E40897N,upper_syr_darya,syr_darya,gte_4000,4000,,0.303249,88.0960,srtm_band_mask_rescaled_to_vector_area,30,2026-09-08T06:55:17+00:00
G074671E40906N,upper_syr_darya,syr_darya,gte_4000,4000,,0.048614,100.0000,srtm_band_mask_rescaled_to_vector_area,30,2026-09-08T06:55:17+00:00
G074671E40913N,upper_syr_darya,syr_darya,gte_4000,4000,,0.257939,100.0000,srtm_band_mask_rescaled_to_vector_area,30,2026-09-08T06:55:17+00:00
G074672E40359N,upper_syr_darya,syr_darya,gte_4000,4000,,0.110317,100.0000,srtm_band_mask_rescaled_to_vector_area,30,2026-09-08T06:55:17+00:00
G074673E42404N,upper_syr_darya,syr_darya,3000_4000,3000,4000,0.050860,99.5206,srtm_band_mask_rescaled_to_vector_area,30,2026-09-08T06:55:17+00:00
G074673E42404N,upper_syr_darya,syr_darya,gte_4000,4000,,0.000245,0.4794,srtm_band_mask_rescaled_to_vector_area,30,2026-09-08T06:55:17+00:00
G074674E40532N,upper_syr_darya,syr_darya,gte_4000,4000,,1.018067,100.0000,srtm_band_mask_rescaled_to_vector_area,30,2026-09-08T06:55:17+00:00
G074678E40422N,upper_syr_darya,syr_darya,gte_4000,4000,,0.073925,100.0000,srtm_band_mask_rescaled_to_vector_area,30,2026-09-08T06:55:17+00:00
G074680E40526N,upper_syr_darya,syr_darya,gte_4000,4000,,0.349844,100.0000,srtm_band_mask_rescaled_to_vector_area,30,2026-09-08T06:55:17+00:00
G074681E40360N,upper_syr_darya,syr_darya,3000_4000,3000,4000,0.000269,0.0497,srtm_band_mask_rescaled_to_vector_area,30,2026-09-08T06:55:17+00:00
G074681E40360N,upper_syr_darya,syr_darya,gte_4000,4000,,0.540423,99.9503,srtm_band_mask_rescaled_to_vector_area,30,2026-09-08T06:55:17+00:00
G074682E40426N,upper_syr_darya,syr_darya,gte_4000,4000,,0.024595,100.0000,srtm_band_mask_rescaled_to_vector_area,30,2026-09-08T06:55:17+00:00
G074682E42403N,upper_syr_darya,syr_darya,3000_4000,3000,4000,0.054935,37.1774,srtm_band_mask_rescaled_to_vector_area,30,2026-09-08T06:55:17+00:00
G074682E42403N,upper_syr_darya,syr_darya,gte_4000,4000,,0.092830,62.8226,srtm_band_mask_rescaled_to_vector_area,30,2026-09-08T06:55:17+00:00
G074684E40502N,upper_syr_darya,syr_darya,gte_4000,4000,,0.252692,100.0000,srtm_band_mask_rescaled_to_vector_area,30,2026-09-08T06:55:17+00:00
G074684E40523N,upper_syr_darya,syr_darya,3000_4000,3000,4000,0.013268,0.9562,srtm_band_mask_rescaled_to_vector_area,30,2026-09-08T06:55:17+00:00
G074684E40523N,upper_syr_darya,syr_darya,gte_4000,4000,,1.374377,99.0438,srtm_band_mask_rescaled_to_vector_area,30,2026-09-08T06:55:17+00:00
G074687E40423N,upper_syr_darya,syr_darya,gte_4000,4000,,0.360327,100.0000,srtm_band_mask_rescaled_to_vector_area,30,2026-09-08T06:55:17+00:00
G074687E40524N,upper_syr_darya,syr_darya,3000_4000,3000,4000,0.013269,1.0058,srtm_band_mask_rescaled_to_vector_area,30,2026-09-08T06:55:17+00:00
G074687E40524N,upper_syr_darya,syr_darya,gte_4000,4000,,1.305966,98.9942,srtm_band_mask_rescaled_to_vector_area,30,2026-09-08T06:55:17+00:00
G074688E42302N,upper_syr_darya,syr_darya,3000_4000,3000,4000,0.034516,100.0000,srtm_band_mask_rescaled_to_vector_area,30,2026-09-08T06:55:17+00:00
G074688E42403N,upper_syr_darya,syr_darya,3000_4000,3000,4000,0.075884,37.9039,srtm_band_mask_rescaled_to_vector_area,30,2026-09-08T06:55:17+00:00
G074688E42403N,upper_syr_darya,syr_darya,gte_4000,4000,,0.124317,62.0961,srtm_band_mask_rescaled_to_vector_area,30,2026-09-08T06:55:17+00:00
G074690E40360N,upper_syr_darya,syr_darya,gte_4000,4000,,0.277066,100.0000,srtm_band_mask_rescaled_to_vector_area,30,2026-09-08T06:55:17+00:00
G074691E40355N,upper_syr_darya,syr_darya,gte_4000,4000,,0.263119,100.0000,srtm_band_mask_rescaled_to_vector_area,30,2026-09-08T06:55:17+00:00
G074691E42412N,upper_syr_darya,syr_darya,3000_4000,3000,4000,1.816259,89.0977,srtm_band_mask_rescaled_to_vector_area,30,2026-09-08T06:55:17+00:00
G074691E42412N,upper_syr_darya,syr_darya,gte_4000,4000,,0.222243,10.9023,srtm_band_mask_rescaled_to_vector_area,30,2026-09-08T06:55:17+00:00
G074692E40349N,upper_syr_darya,syr_darya,gte_4000,4000,,0.019950,100.0000,srtm_band_mask_rescaled_to_vector_area,30,2026-09-08T06:55:17+00:00
G074692E40608N,upper_syr_darya,syr_darya,gte_4000,4000,,0.021535,100.0000,srtm_band_mask_rescaled_to_vector_area,30,2026-09-08T06:55:17+00:00
G074695E40345N,upper_syr_darya,syr_darya,gte_4000,4000,,0.068073,100.0000,srtm_band_mask_rescaled_to_vector_area,30,2026-09-08T06:55:17+00:00
G074696E42301N,upper_syr_darya,syr_darya,3000_4000,3000,4000,0.033187,69.8963,srtm_band_mask_rescaled_to_vector_area,30,2026-09-08T06:55:17+00:00
G074696E42301N,upper_syr_darya,syr_darya,gte_4000,4000,,0.014293,30.1037,srtm_band_mask_rescaled_to_vector_area,30,2026-09-08T06:55:17+00:00
G074698E40523N,upper_syr_darya,syr_darya,gte_4000,4000,,0.453637,100.0000,srtm_band_mask_rescaled_to_vector_area,30,2026-09-08T06:55:17+00:00
G074698E40608N,upper_syr_darya,syr_darya,gte_4000,4000,,0.054835,100.0000,srtm_band_mask_rescaled_to_vector_area,30,2026-09-08T06:55:17+00:00
G074699E42402N,upper_syr_darya,syr_darya,3000_4000,3000,4000,0.205465,100.0000,srtm_band_mask_rescaled_to_vector_area,30,2026-09-08T06:55:17+00:00
G074700E40339N,upper_syr_darya,syr_darya,gte_4000,4000,,0.112822,100.0000,srtm_band_mask_rescaled_to_vector_area,30,2026-09-08T06:55:17+00:00
G074703E42299N,upper_syr_darya,syr_darya,3000_4000,3000,4000,0.441574,96.9637,srtm_band_mask_rescaled_to_vector_area,30,2026-09-08T06:55:17+00:00
G074703E42299N,upper_syr_darya,syr_darya,gte_4000,4000,,0.013827,3.0363,srtm_band_mask_rescaled_to_vector_area,30,2026-09-08T06:55:17+00:00
G074704E40350N,upper_syr_darya,syr_darya,gte_4000,4000,,0.043361,100.0000,srtm_band_mask_rescaled_to_vector_area,30,2026-09-08T06:55:17+00:00
G074704E42218N,upper_syr_darya,syr_darya,3000_4000,3000,4000,0.026850,100.0000,srtm_band_mask_rescaled_to_vector_area,30,2026-09-08T06:55:17+00:00
G074706E40425N,upper_syr_darya,syr_darya,gte_4000,4000,,0.409994,100.0000,srtm_band_mask_rescaled_to_vector_area,30,2026-09-08T06:55:17+00:00
G074706E40614N,upper_syr_darya,syr_darya,gte_4000,4000,,0.039346,100.0000,srtm_band_mask_rescaled_to_vector_area,30,2026-09-08T06:55:17+00:00
G074706E42300N,upper_syr_darya,syr_darya,3000_4000,3000,4000,0.596183,100.0000,srtm_band_mask_rescaled_to_vector_area,30,2026-09-08T06:55:17+00:00
G074707E42215N,upper_syr_darya,syr_darya,3000_4000,3000,4000,0.013014,100.0000,srtm_band_mask_rescaled_to_vector_area,30,2026-09-08T06:55:17+00:00
G074709E40350N,upper_syr_darya,syr_darya,gte_4000,4000,,0.033265,100.0000,srtm_band_mask_rescaled_to_vector_area,30,2026-09-08T06:55:17+00:00
G074710E42301N,upper_syr_darya,syr_darya,3000_4000,3000,4000,0.296082,100.0000,srtm_band_mask_rescaled_to_vector_area,30,2026-09-08T06:55:17+00:00
G074711E40351N,upper_syr_darya,syr_darya,gte_4000,4000,,0.018047,100.0000,srtm_band_mask_rescaled_to_vector_area,30,2026-09-08T06:55:17+00:00
G074711E40524N,upper_syr_darya,syr_darya,gte_4000,4000,,0.399377,100.0000,srtm_band_mask_rescaled_to_vector_area,30,2026-09-08T06:55:17+00:00
G074711E41011N,upper_syr_darya,syr_darya,3000_4000,3000,4000,0.008163,47.9660,srtm_band_mask_rescaled_to_vector_area,30,2026-09-08T06:55:17+00:00
G074711E41011N,upper_syr_darya,syr_darya,gte_4000,4000,,0.008855,52.0340,srtm_band_mask_rescaled_to_vector_area,30,2026-09-08T06:55:17+00:00
G074711E41682N,upper_syr_darya,syr_darya,3000_4000,3000,4000,0.015839,93.5971,srtm_band_mask_rescaled_to_vector_area,30,2026-09-08T06:55:17+00:00
G074711E41682N,upper_syr_darya,syr_darya,gte_4000,4000,,0.001084,6.4029,srtm_band_mask_rescaled_to_vector_area,30,2026-09-08T06:55:17+00:00
G074714E40615N,upper_syr_darya,syr_darya,gte_4000,4000,,0.163795,100.0000,srtm_band_mask_rescaled_to_vector_area,30,2026-09-08T06:55:17+00:00
G074715E41010N,upper_syr_darya,syr_darya,3000_4000,3000,4000,0.020146,37.0731,srtm_band_mask_rescaled_to_vector_area,30,2026-09-08T06:55:17+00:00
G074715E41010N,upper_syr_darya,syr_darya,gte_4000,4000,,0.034195,62.9269,srtm_band_mask_rescaled_to_vector_area,30,2026-09-08T06:55:17+00:00
G074715E42216N,upper_syr_darya,syr_darya,3000_4000,3000,4000,0.163673,100.0000,srtm_band_mask_rescaled_to_vector_area,30,2026-09-08T06:55:17+00:00
G074716E42408N,upper_syr_darya,syr_darya,3000_4000,3000,4000,0.569838,92.7145,srtm_band_mask_rescaled_to_vector_area,30,2026-09-08T06:55:17+00:00
G074716E42408N,upper_syr_darya,syr_darya,gte_4000,4000,,0.044778,7.2855,srtm_band_mask_rescaled_to_vector_area,30,2026-09-08T06:55:17+00:00
G074717E40422N,upper_syr_darya,syr_darya,gte_4000,4000,,0.253090,100.0000,srtm_band_mask_rescaled_to_vector_area,30,2026-09-08T06:55:17+00:00
G074717E41661N,upper_syr_darya,syr_darya,3000_4000,3000,4000,0.021860,100.0000,srtm_band_mask_rescaled_to_vector_area,30,2026-09-08T06:55:17+00:00
G074720E40351N,upper_syr_darya,syr_darya,gte_4000,4000,,0.474154,100.0000,srtm_band_mask_rescaled_to_vector_area,30,2026-09-08T06:55:17+00:00
G074720E42300N,upper_syr_darya,syr_darya,3000_4000,3000,4000,0.287378,100.0000,srtm_band_mask_rescaled_to_vector_area,30,2026-09-08T06:55:17+00:00
G074721E40526N,upper_syr_darya,syr_darya,gte_4000,4000,,0.327644,100.0000,srtm_band_mask_rescaled_to_vector_area,30,2026-09-08T06:55:17+00:00
G074722E41006N,upper_syr_darya,syr_darya,gte_4000,4000,,0.022088,100.0000,srtm_band_mask_rescaled_to_vector_area,30,2026-09-08T06:55:17+00:00
G074726E41660N,upper_syr_darya,syr_darya,3000_4000,3000,4000,0.089948,76.5342,srtm_band_mask_rescaled_to_vector_area,30,2026-09-08T06:55:17+00:00
G074726E41660N,upper_syr_darya,syr_darya,gte_4000,4000,,0.027579,23.4658,srtm_band_mask_rescaled_to_vector_area,30,2026-09-08T06:55:17+00:00
G074727E42303N,upper_syr_darya,syr_darya,3000_4000,3000,4000,0.296676,100.0000,srtm_band_mask_rescaled_to_vector_area,30,2026-09-08T06:55:17+00:00
G074728E40525N,upper_syr_darya,syr_darya,gte_4000,4000,,0.132362,100.0000,srtm_band_mask_rescaled_to_vector_area,30,2026-09-08T06:55:17+00:00
G074732E40351N,upper_syr_darya,syr_darya,gte_4000,4000,,0.697632,100.0000,srtm_band_mask_rescaled_to_vector_area,30,2026-09-08T06:55:17+00:00
G074735E40436N,upper_syr_darya,syr_darya,gte_4000,4000,,0.161336,100.0000,srtm_band_mask_rescaled_to_vector_area,30,2026-09-08T06:55:17+00:00
G074735E40519N,upper_syr_darya,syr_darya,gte_4000,4000,,0.169120,100.0000,srtm_band_mask_rescaled_to_vector_area,30,2026-09-08T06:55:17+00:00
G074737E40429N,upper_syr_darya,syr_darya,gte_4000,4000,,0.099466,100.0000,srtm_band_mask_rescaled_to_vector_area,30,2026-09-08T06:55:17+00:00
G074739E40352N,upper_syr_darya,syr_darya,gte_4000,4000,,0.179337,100.0000,srtm_band_mask_rescaled_to_vector_area,30,2026-09-08T06:55:17+00:00
G074739E41654N,upper_syr_darya,syr_darya,3000_4000,3000,4000,0.023318,100.0000,srtm_band_mask_rescaled_to_vector_area,30,2026-09-08T06:55:17+00:00
G074740E40346N,upper_syr_darya,syr_darya,gte_4000,4000,,0.138930,100.0000,srtm_band_mask_rescaled_to_vector_area,30,2026-09-08T06:55:17+00:00
G074740E42404N,upper_syr_darya,syr_darya,3000_4000,3000,4000,1.475709,100.0000,srtm_band_mask_rescaled_to_vector_area,30,2026-09-08T06:55:17+00:00
G074743E40352N,upper_syr_darya,syr_darya,gte_4000,4000,,0.058066,100.0000,srtm_band_mask_rescaled_to_vector_area,30,2026-09-08T06:55:17+00:00
G074743E40515N,upper_syr_darya,syr_darya,gte_4000,4000,,0.177967,100.0000,srtm_band_mask_rescaled_to_vector_area,30,2026-09-08T06:55:17+00:00
G074744E42298N,upper_syr_darya,syr_darya,3000_4000,3000,4000,0.526960,100.0000,srtm_band_mask_rescaled_to_vector_area,30,2026-09-08T06:55:17+00:00
G074746E40361N,upper_syr_darya,syr_darya,gte_4000,4000,,0.606950,100.0000,srtm_band_mask_rescaled_to_vector_area,30,2026-09-08T06:55:17+00:00
G074752E40355N,upper_syr_darya,syr_darya,gte_4000,4000,,0.362087,100.0000,srtm_band_mask_rescaled_to_vector_area,30,2026-09-08T06:55:17+00:00
G074756E42298N,upper_syr_darya,syr_darya,3000_4000,3000,4000,0.059220,100.0000,srtm_band_mask_rescaled_to_vector_area,30,2026-09-08T06:55:17+00:00
G074757E40367N,upper_syr_darya,syr_darya,gte_4000,4000,,0.100488,100.0000,srtm_band_mask_rescaled_to_vector_area,30,2026-09-08T06:55:17+00:00
G074757E42411N,upper_syr_darya,syr_darya,3000_4000,3000,4000,0.519774,99.1455,srtm_band_mask_rescaled_to_vector_area,30,2026-09-08T06:55:17+00:00
G074757E42411N,upper_syr_darya,syr_darya,gte_4000,4000,,0.004480,0.8545,srtm_band_mask_rescaled_to_vector_area,30,2026-09-08T06:55:17+00:00
G074757E42421N,upper_syr_darya,syr_darya,3000_4000,3000,4000,0.111871,25.2252,srtm_band_mask_rescaled_to_vector_area,30,2026-09-08T06:55:17+00:00
G074757E42421N,upper_syr_darya,syr_darya,gte_4000,4000,,0.331618,74.7748,srtm_band_mask_rescaled_to_vector_area,30,2026-09-08T06:55:17+00:00
G074761E42406N,upper_syr_darya,syr_darya,3000_4000,3000,4000,0.088978,57.2492,srtm_band_mask_rescaled_to_vector_area,30,2026-09-08T06:55:17+00:00
G074761E42406N,upper_syr_darya,syr_darya,gte_4000,4000,,0.066444,42.7508,srtm_band_mask_rescaled_to_vector_area,30,2026-09-08T06:55:17+00:00
G074761E42408N,upper_syr_darya,syr_darya,gte_4000,4000,,0.021196,100.0000,srtm_band_mask_rescaled_to_vector_area,30,2026-09-08T06:55:17+00:00
G074763E42406N,upper_syr_darya,syr_darya,3000_4000,3000,4000,0.163976,64.8282,srtm_band_mask_rescaled_to_vector_area,30,2026-09-08T06:55:17+00:00
G074763E42406N,upper_syr_darya,syr_darya,gte_4000,4000,,0.088963,35.1718,srtm_band_mask_rescaled_to_vector_area,30,2026-09-08T06:55:17+00:00
G074764E40352N,upper_syr_darya,syr_darya,gte_4000,4000,,0.893931,100.0000,srtm_band_mask_rescaled_to_vector_area,30,2026-09-08T06:55:17+00:00
G074765E42296N,upper_syr_darya,syr_darya,3000_4000,3000,4000,0.697876,94.9016,srtm_band_mask_rescaled_to_vector_area,30,2026-09-08T06:55:17+00:00
G074765E42296N,upper_syr_darya,syr_darya,gte_4000,4000,,0.037492,5.0984,srtm_band_mask_rescaled_to_vector_area,30,2026-09-08T06:55:17+00:00
G074766E42410N,upper_syr_darya,syr_darya,3000_4000,3000,4000,0.116913,100.0000,srtm_band_mask_rescaled_to_vector_area,30,2026-09-08T06:55:17+00:00
G074767E42301N,upper_syr_darya,syr_darya,3000_4000,3000,4000,0.070199,100.0000,srtm_band_mask_rescaled_to_vector_area,30,2026-09-08T06:55:17+00:00
G074767E42403N,upper_syr_darya,syr_darya,3000_4000,3000,4000,0.047960,100.0000,srtm_band_mask_rescaled_to_vector_area,30,2026-09-08T06:55:17+00:00
G074767E42420N,upper_syr_darya,syr_darya,gte_4000,4000,,0.116844,100.0000,srtm_band_mask_rescaled_to_vector_area,30,2026-09-08T06:55:17+00:00
G074769E40462N,upper_syr_darya,syr_darya,gte_4000,4000,,0.028064,100.0000,srtm_band_mask_rescaled_to_vector_area,30,2026-09-08T06:55:17+00:00
G074769E41663N,upper_syr_darya,syr_darya,3000_4000,3000,4000,0.023797,100.0000,srtm_band_mask_rescaled_to_vector_area,30,2026-09-08T06:55:17+00:00
G074771E40511N,upper_syr_darya,syr_darya,gte_4000,4000,,0.105370,100.0000,srtm_band_mask_rescaled_to_vector_area,30,2026-09-08T06:55:17+00:00
G074771E42302N,upper_syr_darya,syr_darya,3000_4000,3000,4000,0.029404,97.5908,srtm_band_mask_rescaled_to_vector_area,30,2026-09-08T06:55:17+00:00
G074771E42302N,upper_syr_darya,syr_darya,gte_4000,4000,,0.000726,2.4092,srtm_band_mask_rescaled_to_vector_area,30,2026-09-08T06:55:17+00:00
G074771E42415N,upper_syr_darya,syr_darya,3000_4000,3000,4000,0.108582,99.7222,srtm_band_mask_rescaled_to_vector_area,30,2026-09-08T06:55:17+00:00
G074771E42415N,upper_syr_darya,syr_darya,gte_4000,4000,,0.000302,0.2778,srtm_band_mask_rescaled_to_vector_area,30,2026-09-08T06:55:17+00:00
G074774E42300N,upper_syr_darya,syr_darya,3000_4000,3000,4000,0.006547,30.2806,srtm_band_mask_rescaled_to_vector_area,30,2026-09-08T06:55:17+00:00
G074774E42300N,upper_syr_darya,syr_darya,gte_4000,4000,,0.015073,69.7194,srtm_band_mask_rescaled_to_vector_area,30,2026-09-08T06:55:17+00:00
G074775E40353N,upper_syr_darya,syr_darya,gte_4000,4000,,0.379475,100.0000,srtm_band_mask_rescaled_to_vector_area,30,2026-09-08T06:55:17+00:00
G074776E42420N,upper_syr_darya,syr_darya,3000_4000,3000,4000,0.084917,99.8835,srtm_band_mask_rescaled_to_vector_area,30,2026-09-08T06:55:17+00:00
G074776E42420N,upper_syr_darya,syr_darya,gte_4000,4000,,0.000099,0.1165,srtm_band_mask_rescaled_to_vector_area,30,2026-09-08T06:55:17+00:00
G074777E42306N,upper_syr_darya,syr_darya,3000_4000,3000,4000,0.534874,100.0000,srtm_band_mask_rescaled_to_vector_area,30,2026-09-08T06:55:17+00:00
G074778E42428N,upper_syr_darya,syr_darya,3000_4000,3000,4000,1.244680,92.7562,srtm_band_mask_rescaled_to_vector_area,30,2026-09-08T06:55:17+00:00
G074778E42428N,upper_syr_darya,syr_darya,gte_4000,4000,,0.097203,7.2438,srtm_band_mask_rescaled_to_vector_area,30,2026-09-08T06:55:17+00:00
G074782E40354N,upper_syr_darya,syr_darya,gte_4000,4000,,0.356324,100.0000,srtm_band_mask_rescaled_to_vector_area,30,2026-09-08T06:55:17+00:00
G074785E40455N,upper_syr_darya,syr_darya,gte_4000,4000,,0.042652,100.0000,srtm_band_mask_rescaled_to_vector_area,30,2026-09-08T06:55:17+00:00
G074785E42315N,upper_syr_darya,syr_darya,3000_4000,3000,4000,0.143270,79.5310,srtm_band_mask_rescaled_to_vector_area,30,2026-09-08T06:55:17+00:00
G074785E42315N,upper_syr_darya,syr_darya,gte_4000,4000,,0.036874,20.4690,srtm_band_mask_rescaled_to_vector_area,30,2026-09-08T06:55:17+00:00
G074787E42307N,upper_syr_darya,syr_darya,3000_4000,3000,4000,0.028423,61.0275,srtm_band_mask_rescaled_to_vector_area,30,2026-09-08T06:55:17+00:00
G074787E42307N,upper_syr_darya,syr_darya,gte_4000,4000,,0.018151,38.9725,srtm_band_mask_rescaled_to_vector_area,30,2026-09-08T06:55:17+00:00
G074788E40367N,upper_syr_darya,syr_darya,gte_4000,4000,,0.140850,100.0000,srtm_band_mask_rescaled_to_vector_area,30,2026-09-08T06:55:17+00:00
G074789E42302N,upper_syr_darya,syr_darya,3000_4000,3000,4000,0.233999,100.0000,srtm_band_mask_rescaled_to_vector_area,30,2026-09-08T06:55:17+00:00
G074791E40888N,upper_syr_darya,syr_darya,gte_4000,4000,,0.019665,100.0000,srtm_band_mask_rescaled_to_vector_area,30,2026-09-08T06:55:17+00:00
G074792E40371N,upper_syr_darya,syr_darya,gte_4000,4000,,0.075499,100.0000,srtm_band_mask_rescaled_to_vector_area,30,2026-09-08T06:55:17+00:00
G074792E42410N,upper_syr_darya,syr_darya,3000_4000,3000,4000,0.040034,100.0000,srtm_band_mask_rescaled_to_vector_area,30,2026-09-08T06:55:17+00:00
G074793E42417N,upper_syr_darya,syr_darya,3000_4000,3000,4000,0.259036,92.5884,srtm_band_mask_rescaled_to_vector_area,30,2026-09-08T06:55:17+00:00
G074793E42417N,upper_syr_darya,syr_darya,gte_4000,4000,,0.020735,7.4116,srtm_band_mask_rescaled_to_vector_area,30,2026-09-08T06:55:17+00:00
G074794E40354N,upper_syr_darya,syr_darya,gte_4000,4000,,0.223715,100.0000,srtm_band_mask_rescaled_to_vector_area,30,2026-09-08T06:55:17+00:00
G074794E42413N,upper_syr_darya,syr_darya,3000_4000,3000,4000,0.064285,100.0000,srtm_band_mask_rescaled_to_vector_area,30,2026-09-08T06:55:17+00:00
G074795E40540N,upper_syr_darya,syr_darya,gte_4000,4000,,0.027024,100.0000,srtm_band_mask_rescaled_to_vector_area,30,2026-09-08T06:55:17+00:00
G074797E42309N,upper_syr_darya,syr_darya,3000_4000,3000,4000,1.030987,100.0000,srtm_band_mask_rescaled_to_vector_area,30,2026-09-08T06:55:17+00:00
G074804E40540N,upper_syr_darya,syr_darya,gte_4000,4000,,0.217870,100.0000,srtm_band_mask_rescaled_to_vector_area,30,2026-09-08T06:55:17+00:00
G074805E42313N,upper_syr_darya,syr_darya,3000_4000,3000,4000,0.049840,100.0000,srtm_band_mask_rescaled_to_vector_area,30,2026-09-08T06:55:17+00:00
G074806E40354N,upper_syr_darya,syr_darya,gte_4000,4000,,0.469509,100.0000,srtm_band_mask_rescaled_to_vector_area,30,2026-09-08T06:55:17+00:00
G074806E42404N,upper_syr_darya,syr_darya,3000_4000,3000,4000,0.189305,100.0000,srtm_band_mask_rescaled_to_vector_area,30,2026-09-08T06:55:17+00:00
G074807E40880N,upper_syr_darya,syr_darya,gte_4000,4000,,0.018100,100.0000,srtm_band_mask_rescaled_to_vector_area,30,2026-09-08T06:55:17+00:00
G074810E40536N,upper_syr_darya,syr_darya,gte_4000,4000,,0.030801,100.0000,srtm_band_mask_rescaled_to_vector_area,30,2026-09-08T06:55:17+00:00
G074810E42308N,upper_syr_darya,syr_darya,3000_4000,3000,4000,0.624715,96.6373,srtm_band_mask_rescaled_to_vector_area,30,2026-09-08T06:55:17+00:00
G074810E42308N,upper_syr_darya,syr_darya,gte_4000,4000,,0.021738,3.3627,srtm_band_mask_rescaled_to_vector_area,30,2026-09-08T06:55:17+00:00
G074811E40907N,upper_syr_darya,syr_darya,3000_4000,3000,4000,0.003220,1.8905,srtm_band_mask_rescaled_to_vector_area,30,2026-09-08T06:55:17+00:00
G074811E40907N,upper_syr_darya,syr_darya,gte_4000,4000,,0.167116,98.1095,srtm_band_mask_rescaled_to_vector_area,30,2026-09-08T06:55:17+00:00
G074813E42322N,upper_syr_darya,syr_darya,3000_4000,3000,4000,0.040968,100.0000,srtm_band_mask_rescaled_to_vector_area,30,2026-09-08T06:55:17+00:00
G074814E40902N,upper_syr_darya,syr_darya,gte_4000,4000,,0.012618,100.0000,srtm_band_mask_rescaled_to_vector_area,30,2026-09-08T06:55:17+00:00
G074814E40925N,upper_syr_darya,syr_darya,gte_4000,4000,,0.010381,100.0000,srtm_band_mask_rescaled_to_vector_area,30,2026-09-08T06:55:17+00:00
G074816E40536N,upper_syr_darya,syr_darya,gte_4000,4000,,0.227423,100.0000,srtm_band_mask_rescaled_to_vector_area,30,2026-09-08T06:55:17+00:00
G074817E40349N,upper_syr_darya,syr_darya,gte_4000,4000,,0.402463,100.0000,srtm_band_mask_rescaled_to_vector_area,30,2026-09-08T06:55:17+00:00
G074818E40536N,upper_syr_darya,syr_darya,gte_4000,4000,,0.437598,100.0000,srtm_band_mask_rescaled_to_vector_area,30,2026-09-08T06:55:17+00:00
G074819E40909N,upper_syr_darya,syr_darya,3000_4000,3000,4000,0.010349,13.9091,srtm_band_mask_rescaled_to_vector_area,30,2026-09-08T06:55:17+00:00
G074819E40909N,upper_syr_darya,syr_darya,gte_4000,4000,,0.064056,86.0909,srtm_band_mask_rescaled_to_vector_area,30,2026-09-08T06:55:17+00:00
G074821E40535N,upper_syr_darya,syr_darya,gte_4000,4000,,0.274050,100.0000,srtm_band_mask_rescaled_to_vector_area,30,2026-09-08T06:55:17+00:00
G074823E42308N,upper_syr_darya,syr_darya,3000_4000,3000,4000,1.213635,97.1917,srtm_band_mask_rescaled_to_vector_area,30,2026-09-08T06:55:17+00:00
G074823E42308N,upper_syr_darya,syr_darya,gte_4000,4000,,0.035067,2.8083,srtm_band_mask_rescaled_to_vector_area,30,2026-09-08T06:55:17+00:00
G074825E40920N,upper_syr_darya,syr_darya,3000_4000,3000,4000,0.032839,12.7237,srtm_band_mask_rescaled_to_vector_area,30,2026-09-08T06:55:17+00:00
G074825E40920N,upper_syr_darya,syr_darya,gte_4000,4000,,0.225252,87.2763,srtm_band_mask_rescaled_to_vector_area,30,2026-09-08T06:55:17+00:00
G074827E40537N,upper_syr_darya,syr_darya,gte_4000,4000,,0.023018,100.0000,srtm_band_mask_rescaled_to_vector_area,30,2026-09-08T06:55:17+00:00
G074829E40342N,upper_syr_darya,syr_darya,gte_4000,4000,,0.172491,100.0000,srtm_band_mask_rescaled_to_vector_area,30,2026-09-08T06:55:17+00:00
G074829E40908N,upper_syr_darya,syr_darya,3000_4000,3000,4000,0.003529,1.5248,srtm_band_mask_rescaled_to_vector_area,30,2026-09-08T06:55:17+00:00
G074829E40908N,upper_syr_darya,syr_darya,gte_4000,4000,,0.227915,98.4752,srtm_band_mask_rescaled_to_vector_area,30,2026-09-08T06:55:17+00:00
G074829E40919N,upper_syr_darya,syr_darya,gte_4000,4000,,0.013069,100.0000,srtm_band_mask_rescaled_to_vector_area,30,2026-09-08T06:55:17+00:00
G074831E40531N,upper_syr_darya,syr_darya,gte_4000,4000,,0.068765,100.0000,srtm_band_mask_rescaled_to_vector_area,30,2026-09-08T06:55:17+00:00
G074831E41674N,upper_syr_darya,syr_darya,3000_4000,3000,4000,0.016454,77.6877,srtm_band_mask_rescaled_to_vector_area,30,2026-09-08T06:55:17+00:00
G074831E41674N,upper_syr_darya,syr_darya,gte_4000,4000,,0.004726,22.3123,srtm_band_mask_rescaled_to_vector_area,30,2026-09-08T06:55:17+00:00
G074832E42309N,upper_syr_darya,syr_darya,3000_4000,3000,4000,0.021991,100.0000,srtm_band_mask_rescaled_to_vector_area,30,2026-09-08T06:55:17+00:00
G074835E40528N,upper_syr_darya,syr_darya,gte_4000,4000,,0.165712,100.0000,srtm_band_mask_rescaled_to_vector_area,30,2026-09-08T06:55:17+00:00
G074837E42312N,upper_syr_darya,syr_darya,3000_4000,3000,4000,0.227881,95.6997,srtm_band_mask_rescaled_to_vector_area,30,2026-09-08T06:55:17+00:00
G074837E42312N,upper_syr_darya,syr_darya,gte_4000,4000,,0.010240,4.3003,srtm_band_mask_rescaled_to_vector_area,30,2026-09-08T06:55:17+00:00
G074839E40535N,upper_syr_darya,syr_darya,gte_4000,4000,,0.347638,100.0000,srtm_band_mask_rescaled_to_vector_area,30,2026-09-08T06:55:17+00:00
G074841E42310N,upper_syr_darya,syr_darya,3000_4000,3000,4000,0.828742,80.2016,srtm_band_mask_rescaled_to_vector_area,30,2026-09-08T06:55:17+00:00
G074841E42310N,upper_syr_darya,syr_darya,gte_4000,4000,,0.204582,19.7984,srtm_band_mask_rescaled_to_vector_area,30,2026-09-08T06:55:17+00:00
G074842E41694N,upper_syr_darya,syr_darya,3000_4000,3000,4000,0.002260,9.4691,srtm_band_mask_rescaled_to_vector_area,30,2026-09-08T06:55:17+00:00
G074842E41694N,upper_syr_darya,syr_darya,gte_4000,4000,,0.021606,90.5309,srtm_band_mask_rescaled_to_vector_area,30,2026-09-08T06:55:17+00:00
G074846E40918N,upper_syr_darya,syr_darya,3000_4000,3000,4000,0.014383,24.5879,srtm_band_mask_rescaled_to_vector_area,30,2026-09-08T06:55:17+00:00
G074846E40918N,upper_syr_darya,syr_darya,gte_4000,4000,,0.044114,75.4121,srtm_band_mask_rescaled_to_vector_area,30,2026-09-08T06:55:17+00:00
G074848E42311N,upper_syr_darya,syr_darya,3000_4000,3000,4000,2.835545,91.9667,srtm_band_mask_rescaled_to_vector_area,30,2026-09-08T06:55:17+00:00
G074848E42311N,upper_syr_darya,syr_darya,gte_4000,4000,,0.247684,8.0333,srtm_band_mask_rescaled_to_vector_area,30,2026-09-08T06:55:17+00:00
G074849E41692N,upper_syr_darya,syr_darya,3000_4000,3000,4000,0.028759,72.1821,srtm_band_mask_rescaled_to_vector_area,30,2026-09-08T06:55:17+00:00
G074849E41692N,upper_syr_darya,syr_darya,gte_4000,4000,,0.011083,27.8179,srtm_band_mask_rescaled_to_vector_area,30,2026-09-08T06:55:17+00:00
G074850E40524N,upper_syr_darya,syr_darya,gte_4000,4000,,1.155217,100.0000,srtm_band_mask_rescaled_to_vector_area,30,2026-09-08T06:55:17+00:00
G074852E40931N,upper_syr_darya,syr_darya,gte_4000,4000,,0.086898,100.0000,srtm_band_mask_rescaled_to_vector_area,30,2026-09-08T06:55:17+00:00
G074852E42312N,upper_syr_darya,syr_darya,3000_4000,3000,4000,1.787192,86.9815,srtm_band_mask_rescaled_to_vector_area,30,2026-09-08T06:55:17+00:00
G074852E42312N,upper_syr_darya,syr_darya,gte_4000,4000,,0.267488,13.0185,srtm_band_mask_rescaled_to_vector_area,30,2026-09-08T06:55:17+00:00
G074854E40327N,upper_syr_darya,syr_darya,gte_4000,4000,,0.096396,100.0000,srtm_band_mask_rescaled_to_vector_area,30,2026-09-08T06:55:17+00:00
G074854E40917N,upper_syr_darya,syr_darya,3000_4000,3000,4000,0.018662,4.3218,srtm_band_mask_rescaled_to_vector_area,30,2026-09-08T06:55:17+00:00
G074854E40917N,upper_syr_darya,syr_darya,gte_4000,4000,,0.413149,95.6782,srtm_band_mask_rescaled_to_vector_area,30,2026-09-08T06:55:17+00:00
G074858E40925N,upper_syr_darya,syr_darya,3000_4000,3000,4000,0.002201,1.0638,srtm_band_mask_rescaled_to_vector_area,30,2026-09-08T06:55:17+00:00
G074858E40925N,upper_syr_darya,syr_darya,gte_4000,4000,,0.204722,98.9362,srtm_band_mask_rescaled_to_vector_area,30,2026-09-08T06:55:17+00:00
G074859E42316N,upper_syr_darya,syr_darya,3000_4000,3000,4000,0.162121,82.6386,srtm_band_mask_rescaled_to_vector_area,30,2026-09-08T06:55:17+00:00
G074859E42316N,upper_syr_darya,syr_darya,gte_4000,4000,,0.034060,17.3614,srtm_band_mask_rescaled_to_vector_area,30,2026-09-08T06:55:17+00:00
G074860E40326N,upper_syr_darya,syr_darya,gte_4000,4000,,0.053128,100.0000,srtm_band_mask_rescaled_to_vector_area,30,2026-09-08T06:55:17+00:00
G074860E40524N,upper_syr_darya,syr_darya,gte_4000,4000,,0.044916,100.0000,srtm_band_mask_rescaled_to_vector_area,30,2026-09-08T06:55:17+00:00
G074860E40926N,upper_syr_darya,syr_darya,3000_4000,3000,4000,0.000227,0.1204,srtm_band_mask_rescaled_to_vector_area,30,2026-09-08T06:55:17+00:00
G074860E40926N,upper_syr_darya,syr_darya,gte_4000,4000,,0.187996,99.8796,srtm_band_mask_rescaled_to_vector_area,30,2026-09-08T06:55:17+00:00
G074861E40915N,upper_syr_darya,syr_darya,gte_4000,4000,,0.055369,100.0000,srtm_band_mask_rescaled_to_vector_area,30,2026-09-08T06:55:17+00:00
G074862E40927N,upper_syr_darya,syr_darya,gte_4000,4000,,0.101701,100.0000,srtm_band_mask_rescaled_to_vector_area,30,2026-09-08T06:55:17+00:00
G074862E42333N,upper_syr_darya,syr_darya,3000_4000,3000,4000,0.505371,100.0000,srtm_band_mask_rescaled_to_vector_area,30,2026-09-08T06:55:17+00:00
G074863E40921N,upper_syr_darya,syr_darya,gte_4000,4000,,0.081950,100.0000,srtm_band_mask_rescaled_to_vector_area,30,2026-09-08T06:55:17+00:00
G074863E41018N,upper_syr_darya,syr_darya,3000_4000,3000,4000,0.003769,11.8013,srtm_band_mask_rescaled_to_vector_area,30,2026-09-08T06:55:17+00:00
G074863E41018N,upper_syr_darya,syr_darya,gte_4000,4000,,0.028168,88.1987,srtm_band_mask_rescaled_to_vector_area,30,2026-09-08T06:55:17+00:00
G074865E40517N,upper_syr_darya,syr_darya,gte_4000,4000,,1.226443,100.0000,srtm_band_mask_rescaled_to_vector_area,30,2026-09-08T06:55:17+00:00
G074865E40528N,upper_syr_darya,syr_darya,gte_4000,4000,,0.111738,100.0000,srtm_band_mask_rescaled_to_vector_area,30,2026-09-08T06:55:17+00:00
G074865E41019N,upper_syr_darya,syr_darya,gte_4000,4000,,0.016043,100.0000,srtm_band_mask_rescaled_to_vector_area,30,2026-09-08T06:55:17+00:00
G074865E42318N,upper_syr_darya,syr_darya,3000_4000,3000,4000,0.598954,85.4203,srtm_band_mask_rescaled_to_vector_area,30,2026-09-08T06:55:17+00:00
G074865E42318N,upper_syr_darya,syr_darya,gte_4000,4000,,0.102231,14.5797,srtm_band_mask_rescaled_to_vector_area,30,2026-09-08T06:55:17+00:00
G074867E40938N,upper_syr_darya,syr_darya,gte_4000,4000,,0.199228,100.0000,srtm_band_mask_rescaled_to_vector_area,30,2026-09-08T06:55:17+00:00
G074867E42326N,upper_syr_darya,syr_darya,3000_4000,3000,4000,0.159215,45.5426,srtm_band_mask_rescaled_to_vector_area,30,2026-09-08T06:55:17+00:00
G074867E42326N,upper_syr_darya,syr_darya,gte_4000,4000,,0.190381,54.4574,srtm_band_mask_rescaled_to_vector_area,30,2026-09-08T06:55:17+00:00
G074868E40915N,upper_syr_darya,syr_darya,gte_4000,4000,,0.191449,100.0000,srtm_band_mask_rescaled_to_vector_area,30,2026-09-08T06:55:17+00:00
G074870E40907N,upper_syr_darya,syr_darya,gte_4000,4000,,0.129371,100.0000,srtm_band_mask_rescaled_to_vector_area,30,2026-09-08T06:55:17+00:00
G074870E40940N,upper_syr_darya,syr_darya,gte_4000,4000,,0.056572,100.0000,srtm_band_mask_rescaled_to_vector_area,30,2026-09-08T06:55:17+00:00
G074871E40933N,upper_syr_darya,syr_darya,gte_4000,4000,,0.224150,100.0000,srtm_band_mask_rescaled_to_vector_area,30,2026-09-08T06:55:17+00:00
G074871E40944N,upper_syr_darya,syr_darya,gte_4000,4000,,0.063813,100.0000,srtm_band_mask_rescaled_to_vector_area,30,2026-09-08T06:55:17+00:00
G074872E41022N,upper_syr_darya,syr_darya,gte_4000,4000,,0.018279,100.0000,srtm_band_mask_rescaled_to_vector_area,30,2026-09-08T06:55:17+00:00
G074873E40926N,upper_syr_darya,syr_darya,gte_4000,4000,,0.024430,100.0000,srtm_band_mask_rescaled_to_vector_area,30,2026-09-08T06:55:17+00:00
G074873E40933N,upper_syr_darya,syr_darya,gte_4000,4000,,0.151548,100.0000,srtm_band_mask_rescaled_to_vector_area,30,2026-09-08T06:55:17+00:00
G074874E40945N,upper_syr_darya,syr_darya,gte_4000,4000,,0.032102,100.0000,srtm_band_mask_rescaled_to_vector_area,30,2026-09-08T06:55:17+00:00
G074875E40532N,upper_syr_darya,syr_darya,gte_4000,4000,,0.115230,100.0000,srtm_band_mask_rescaled_to_vector_area,30,2026-09-08T06:55:17+00:00
G074877E40532N,upper_syr_darya,syr_darya,gte_4000,4000,,0.145429,100.0000,srtm_band_mask_rescaled_to_vector_area,30,2026-09-08T06:55:17+00:00
G074877E40939N,upper_syr_darya,syr_darya,3000_4000,3000,4000,0.045356,5.9660,srtm_band_mask_rescaled_to_vector_area,30,2026-09-08T06:55:17+00:00
G074877E40939N,upper_syr_darya,syr_darya,gte_4000,4000,,0.714878,94.0340,srtm_band_mask_rescaled_to_vector_area,30,2026-09-08T06:55:17+00:00
G074877E40944N,upper_syr_darya,syr_darya,gte_4000,4000,,0.019192,100.0000,srtm_band_mask_rescaled_to_vector_area,30,2026-09-08T06:55:17+00:00
G074878E40515N,upper_syr_darya,syr_darya,gte_4000,4000,,0.679893,100.0000,srtm_band_mask_rescaled_to_vector_area,30,2026-09-08T06:55:17+00:00
G074880E40533N,upper_syr_darya,syr_darya,gte_4000,4000,,0.049451,100.0000,srtm_band_mask_rescaled_to_vector_area,30,2026-09-08T06:55:17+00:00
G074882E40890N,upper_syr_darya,syr_darya,gte_4000,4000,,0.020347,100.0000,srtm_band_mask_rescaled_to_vector_area,30,2026-09-08T06:55:17+00:00
G074886E40937N,upper_syr_darya,syr_darya,gte_4000,4000,,0.295207,100.0000,srtm_band_mask_rescaled_to_vector_area,30,2026-09-08T06:55:17+00:00
G074886E41022N,upper_syr_darya,syr_darya,3000_4000,3000,4000,0.000735,5.1833,srtm_band_mask_rescaled_to_vector_area,30,2026-09-08T06:55:17+00:00
G074886E41022N,upper_syr_darya,syr_darya,gte_4000,4000,,0.013446,94.8167,srtm_band_mask_rescaled_to_vector_area,30,2026-09-08T06:55:17+00:00
G074887E40510N,upper_syr_darya,syr_darya,gte_4000,4000,,0.184775,100.0000,srtm_band_mask_rescaled_to_vector_area,30,2026-09-08T06:55:17+00:00
G074889E40515N,upper_syr_darya,syr_darya,gte_4000,4000,,0.024529,100.0000,srtm_band_mask_rescaled_to_vector_area,30,2026-09-08T06:55:17+00:00
G074892E40516N,upper_syr_darya,syr_darya,gte_4000,4000,,0.033051,100.0000,srtm_band_mask_rescaled_to_vector_area,30,2026-09-08T06:55:17+00:00
G074893E40923N,upper_syr_darya,syr_darya,gte_4000,4000,,0.159078,100.0000,srtm_band_mask_rescaled_to_vector_area,30,2026-09-08T06:55:17+00:00
G074895E40517N,upper_syr_darya,syr_darya,gte_4000,4000,,0.029112,100.0000,srtm_band_mask_rescaled_to_vector_area,30,2026-09-08T06:55:17+00:00
G074897E40933N,upper_syr_darya,syr_darya,gte_4000,4000,,0.900932,100.0000,srtm_band_mask_rescaled_to_vector_area,30,2026-09-08T06:55:17+00:00
G074900E40503N,upper_syr_darya,syr_darya,gte_4000,4000,,0.218488,100.0000,srtm_band_mask_rescaled_to_vector_area,30,2026-09-08T06:55:17+00:00
G074904E40924N,upper_syr_darya,syr_darya,gte_4000,4000,,0.695284,100.0000,srtm_band_mask_rescaled_to_vector_area,30,2026-09-08T06:55:17+00:00
G074905E40503N,upper_syr_darya,syr_darya,gte_4000,4000,,0.321297,100.0000,srtm_band_mask_rescaled_to_vector_area,30,2026-09-08T06:55:17+00:00
G074911E40922N,upper_syr_darya,syr_darya,gte_4000,4000,,0.574365,100.0000,srtm_band_mask_rescaled_to_vector_area,30,2026-09-08T06:55:17+00:00
G074912E40501N,upper_syr_darya,syr_darya,gte_4000,4000,,0.265077,100.0000,srtm_band_mask_rescaled_to_vector_area,30,2026-09-08T06:55:17+00:00
G074912E40915N,upper_syr_darya,syr_darya,gte_4000,4000,,0.212361,100.0000,srtm_band_mask_rescaled_to_vector_area,30,2026-09-08T06:55:17+00:00
G074917E40924N,upper_syr_darya,syr_darya,gte_4000,4000,,0.037331,100.0000,srtm_band_mask_rescaled_to_vector_area,30,2026-09-08T06:55:17+00:00
G074919E40912N,upper_syr_darya,syr_darya,gte_4000,4000,,0.323976,100.0000,srtm_band_mask_rescaled_to_vector_area,30,2026-09-08T06:55:17+00:00
G074920E40497N,upper_syr_darya,syr_darya,gte_4000,4000,,0.498533,100.0000,srtm_band_mask_rescaled_to_vector_area,30,2026-09-08T06:55:17+00:00
G074921E40909N,upper_syr_darya,syr_darya,gte_4000,4000,,0.043946,100.0000,srtm_band_mask_rescaled_to_vector_area,30,2026-09-08T06:55:17+00:00
G074921E40925N,upper_syr_darya,syr_darya,gte_4000,4000,,0.046689,100.0000,srtm_band_mask_rescaled_to_vector_area,30,2026-09-08T06:55:17+00:00
G074922E40917N,upper_syr_darya,syr_darya,gte_4000,4000,,0.014724,100.0000,srtm_band_mask_rescaled_to_vector_area,30,2026-09-08T06:55:17+00:00
G074924E40485N,upper_syr_darya,syr_darya,gte_4000,4000,,0.207169,100.0000,srtm_band_mask_rescaled_to_vector_area,30,2026-09-08T06:55:17+00:00
G074925E40496N,upper_syr_darya,syr_darya,gte_4000,4000,,0.029777,100.0000,srtm_band_mask_rescaled_to_vector_area,30,2026-09-08T06:55:17+00:00
G074929E40497N,upper_syr_darya,syr_darya,gte_4000,4000,,0.031449,100.0000,srtm_band_mask_rescaled_to_vector_area,30,2026-09-08T06:55:17+00:00
G074933E40480N,upper_syr_darya,syr_darya,gte_4000,4000,,0.216581,100.0000,srtm_band_mask_rescaled_to_vector_area,30,2026-09-08T06:55:17+00:00
G074938E40480N,upper_syr_darya,syr_darya,gte_4000,4000,,0.028522,100.0000,srtm_band_mask_rescaled_to_vector_area,30,2026-09-08T06:55:17+00:00
G074946E40525N,upper_syr_darya,syr_darya,gte_4000,4000,,0.235826,100.0000,srtm_band_mask_rescaled_to_vector_area,30,2026-09-08T06:55:17+00:00
G074953E40524N,upper_syr_darya,syr_darya,gte_4000,4000,,0.157405,100.0000,srtm_band_mask_rescaled_to_vector_area,30,2026-09-08T06:55:17+00:00
G074954E40471N,upper_syr_darya,syr_darya,gte_4000,4000,,0.025256,100.0000,srtm_band_mask_rescaled_to_vector_area,30,2026-09-08T06:55:17+00:00
G074961E40466N,upper_syr_darya,syr_darya,gte_4000,4000,,0.116727,100.0000,srtm_band_mask_rescaled_to_vector_area,30,2026-09-08T06:55:17+00:00
G074978E40458N,upper_syr_darya,syr_darya,gte_4000,4000,,0.124788,100.0000,srtm_band_mask_rescaled_to_vector_area,30,2026-09-08T06:55:17+00:00
G074978E42141N,upper_syr_darya,syr_darya,3000_4000,3000,4000,0.015869,100.0000,srtm_band_mask_rescaled_to_vector_area,30,2026-09-08T06:55:17+00:00
G074986E42149N,upper_syr_darya,syr_darya,3000_4000,3000,4000,0.062753,100.0000,srtm_band_mask_rescaled_to_vector_area,30,2026-09-08T06:55:17+00:00
G074991E40455N,upper_syr_darya,syr_darya,gte_4000,4000,,0.021650,100.0000,srtm_band_mask_rescaled_to_vector_area,30,2026-09-08T06:55:17+00:00
G074998E40475N,upper_syr_darya,syr_darya,gte_4000,4000,,0.028777,100.0000,srtm_band_mask_rescaled_to_vector_area,30,2026-09-08T06:55:17+00:00
G075006E40474N,upper_syr_darya,syr_darya,gte_4000,4000,,0.011968,100.0000,srtm_band_mask_rescaled_to_vector_area,30,2026-09-08T06:55:17+00:00
G075012E40473N,upper_syr_darya,syr_darya,gte_4000,4000,,0.042068,100.0000,srtm_band_mask_rescaled_to_vector_area,30,2026-09-08T06:55:17+00:00
G075016E40467N,upper_syr_darya,syr_darya,gte_4000,4000,,0.011135,100.0000,srtm_band_mask_rescaled_to_vector_area,30,2026-09-08T06:55:17+00:00
G075016E40516N,upper_syr_darya,syr_darya,gte_4000,4000,,0.040724,100.0000,srtm_band_mask_rescaled_to_vector_area,30,2026-09-08T06:55:17+00:00
G075018E40472N,upper_syr_darya,syr_darya,gte_4000,4000,,0.265505,100.0000,srtm_band_mask_rescaled_to_vector_area,30,2026-09-08T06:55:17+00:00
G075018E40518N,upper_syr_darya,syr_darya,gte_4000,4000,,0.017213,100.0000,srtm_band_mask_rescaled_to_vector_area,30,2026-09-08T06:55:17+00:00
G075026E40462N,upper_syr_darya,syr_darya,gte_4000,4000,,0.251253,100.0000,srtm_band_mask_rescaled_to_vector_area,30,2026-09-08T06:55:17+00:00
G075026E40505N,upper_syr_darya,syr_darya,gte_4000,4000,,0.205117,100.0000,srtm_band_mask_rescaled_to_vector_area,30,2026-09-08T06:55:17+00:00
G075027E40505N,upper_syr_darya,syr_darya,gte_4000,4000,,0.211841,100.0000,srtm_band_mask_rescaled_to_vector_area,30,2026-09-08T06:55:17+00:00
G075029E40504N,upper_syr_darya,syr_darya,gte_4000,4000,,0.109234,100.0000,srtm_band_mask_rescaled_to_vector_area,30,2026-09-08T06:55:17+00:00
G075032E40507N,upper_syr_darya,syr_darya,gte_4000,4000,,0.409853,100.0000,srtm_band_mask_rescaled_to_vector_area,30,2026-09-08T06:55:17+00:00
G075036E40495N,upper_syr_darya,syr_darya,gte_4000,4000,,0.073247,100.0000,srtm_band_mask_rescaled_to_vector_area,30,2026-09-08T06:55:17+00:00
G075037E40458N,upper_syr_darya,syr_darya,gte_4000,4000,,0.848332,100.0000,srtm_band_mask_rescaled_to_vector_area,30,2026-09-08T06:55:17+00:00
G075041E40508N,upper_syr_darya,syr_darya,gte_4000,4000,,0.101272,100.0000,srtm_band_mask_rescaled_to_vector_area,30,2026-09-08T06:55:17+00:00
G075044E40486N,upper_syr_darya,syr_darya,gte_4000,4000,,0.268537,100.0000,srtm_band_mask_rescaled_to_vector_area,30,2026-09-08T06:55:17+00:00
G075046E40469N,upper_syr_darya,syr_darya,gte_4000,4000,,0.089540,100.0000,srtm_band_mask_rescaled_to_vector_area,30,2026-09-08T06:55:17+00:00
G075048E40477N,upper_syr_darya,syr_darya,gte_4000,4000,,0.111413,100.0000,srtm_band_mask_rescaled_to_vector_area,30,2026-09-08T06:55:17+00:00
G075049E40489N,upper_syr_darya,syr_darya,gte_4000,4000,,0.033447,100.0000,srtm_band_mask_rescaled_to_vector_area,30,2026-09-08T06:55:17+00:00
G075050E40510N,upper_syr_darya,syr_darya,gte_4000,4000,,0.028296,100.0000,srtm_band_mask_rescaled_to_vector_area,30,2026-09-08T06:55:17+00:00
G075052E40492N,upper_syr_darya,syr_darya,gte_4000,4000,,0.044206,100.0000,srtm_band_mask_rescaled_to_vector_area,30,2026-09-08T06:55:17+00:00
G075054E40445N,upper_syr_darya,syr_darya,gte_4000,4000,,2.106559,100.0000,srtm_band_mask_rescaled_to_vector_area,30,2026-09-08T06:55:17+00:00
G075055E40493N,upper_syr_darya,syr_darya,gte_4000,4000,,0.017247,100.0000,srtm_band_mask_rescaled_to_vector_area,30,2026-09-08T06:55:17+00:00
G075058E40480N,upper_syr_darya,syr_darya,gte_4000,4000,,0.467861,100.0000,srtm_band_mask_rescaled_to_vector_area,30,2026-09-08T06:55:17+00:00
G075062E40481N,upper_syr_darya,syr_darya,gte_4000,4000,,0.025849,100.0000,srtm_band_mask_rescaled_to_vector_area,30,2026-09-08T06:55:17+00:00
G075065E40461N,upper_syr_darya,syr_darya,gte_4000,4000,,0.121980,100.0000,srtm_band_mask_rescaled_to_vector_area,30,2026-09-08T06:55:17+00:00
G075065E40482N,upper_syr_darya,syr_darya,gte_4000,4000,,0.018015,100.0000,srtm_band_mask_rescaled_to_vector_area,30,2026-09-08T06:55:17+00:00
G075069E40463N,upper_syr_darya,syr_darya,gte_4000,4000,,0.035638,100.0000,srtm_band_mask_rescaled_to_vector_area,30,2026-09-08T06:55:17+00:00
G075070E40466N,upper_syr_darya,syr_darya,gte_4000,4000,,0.024983,100.0000,srtm_band_mask_rescaled_to_vector_area,30,2026-09-08T06:55:17+00:00
G075074E40453N,upper_syr_darya,syr_darya,gte_4000,4000,,1.400277,100.0000,srtm_band_mask_rescaled_to_vector_area,30,2026-09-08T06:55:17+00:00
G075080E40450N,upper_syr_darya,syr_darya,gte_4000,4000,,0.137568,100.0000,srtm_band_mask_rescaled_to_vector_area,30,2026-09-08T06:55:17+00:00
G075085E40452N,upper_syr_darya,syr_darya,gte_4000,4000,,0.315808,100.0000,srtm_band_mask_rescaled_to_vector_area,30,2026-09-08T06:55:17+00:00
G075085E40456N,upper_syr_darya,syr_darya,gte_4000,4000,,0.090044,100.0000,srtm_band_mask_rescaled_to_vector_area,30,2026-09-08T06:55:17+00:00
G075089E40466N,upper_syr_darya,syr_darya,gte_4000,4000,,0.074321,100.0000,srtm_band_mask_rescaled_to_vector_area,30,2026-09-08T06:55:17+00:00
G075090E40457N,upper_syr_darya,syr_darya,gte_4000,4000,,0.149575,100.0000,srtm_band_mask_rescaled_to_vector_area,30,2026-09-08T06:55:17+00:00
G075090E40469N,upper_syr_darya,syr_darya,gte_4000,4000,,0.014913,100.0000,srtm_band_mask_rescaled_to_vector_area,30,2026-09-08T06:55:17+00:00
G075092E40455N,upper_syr_darya,syr_darya,gte_4000,4000,,0.058835,100.0000,srtm_band_mask_rescaled_to_vector_area,30,2026-09-08T06:55:17+00:00
G075092E40473N,upper_syr_darya,syr_darya,gte_4000,4000,,0.023543,100.0000,srtm_band_mask_rescaled_to_vector_area,30,2026-09-08T06:55:17+00:00
G075094E40460N,upper_syr_darya,syr_darya,gte_4000,4000,,0.020193,100.0000,srtm_band_mask_rescaled_to_vector_area,30,2026-09-08T06:55:17+00:00
G075096E40486N,upper_syr_darya,syr_darya,gte_4000,4000,,0.170210,100.0000,srtm_band_mask_rescaled_to_vector_area,30,2026-09-08T06:55:17+00:00
G075100E40454N,upper_syr_darya,syr_darya,gte_4000,4000,,3.374673,100.0000,srtm_band_mask_rescaled_to_vector_area,30,2026-09-08T06:55:17+00:00
G075107E40482N,upper_syr_darya,syr_darya,gte_4000,4000,,0.126196,100.0000,srtm_band_mask_rescaled_to_vector_area,30,2026-09-08T06:55:17+00:00
G075114E40458N,upper_syr_darya,syr_darya,gte_4000,4000,,0.963340,100.0000,srtm_band_mask_rescaled_to_vector_area,30,2026-09-08T06:55:17+00:00
G075120E40462N,upper_syr_darya,syr_darya,gte_4000,4000,,0.199225,100.0000,srtm_band_mask_rescaled_to_vector_area,30,2026-09-08T06:55:17+00:00
G075133E40461N,upper_syr_darya,syr_darya,gte_4000,4000,,0.139939,100.0000,srtm_band_mask_rescaled_to_vector_area,30,2026-09-08T06:55:17+00:00
G075139E40463N,upper_syr_darya,syr_darya,gte_4000,4000,,0.115575,100.0000,srtm_band_mask_rescaled_to_vector_area,30,2026-09-08T06:55:17+00:00
G075142E40464N,upper_syr_darya,syr_darya,gte_4000,4000,,0.064336,100.0000,srtm_band_mask_rescaled_to_vector_area,30,2026-09-08T06:55:17+00:00
G075152E40463N,upper_syr_darya,syr_darya,gte_4000,4000,,1.241214,100.0000,srtm_band_mask_rescaled_to_vector_area,30,2026-09-08T06:55:17+00:00
G075192E40740N,upper_syr_darya,syr_darya,3000_4000,3000,4000,0.002411,4.7330,srtm_band_mask_rescaled_to_vector_area,30,2026-09-08T06:55:17+00:00
G075192E40740N,upper_syr_darya,syr_darya,gte_4000,4000,,0.048537,95.2670,srtm_band_mask_rescaled_to_vector_area,30,2026-09-08T06:55:17+00:00
G075197E40739N,upper_syr_darya,syr_darya,gte_4000,4000,,0.034662,100.0000,srtm_band_mask_rescaled_to_vector_area,30,2026-09-08T06:55:17+00:00
G075205E40743N,upper_syr_darya,syr_darya,gte_4000,4000,,0.044350,100.0000,srtm_band_mask_rescaled_to_vector_area,30,2026-09-08T06:55:17+00:00
G075207E40750N,upper_syr_darya,syr_darya,gte_4000,4000,,0.011516,100.0000,srtm_band_mask_rescaled_to_vector_area,30,2026-09-08T06:55:17+00:00
G075238E42035N,upper_syr_darya,syr_darya,3000_4000,3000,4000,0.012689,100.0000,srtm_band_mask_rescaled_to_vector_area,30,2026-09-08T06:55:17+00:00
G075271E42041N,upper_syr_darya,syr_darya,3000_4000,3000,4000,0.040031,100.0000,srtm_band_mask_rescaled_to_vector_area,30,2026-09-08T06:55:17+00:00
G075273E42066N,upper_syr_darya,syr_darya,3000_4000,3000,4000,0.043480,100.0000,srtm_band_mask_rescaled_to_vector_area,30,2026-09-08T06:55:17+00:00
G075286E42034N,upper_syr_darya,syr_darya,3000_4000,3000,4000,0.471611,93.0045,srtm_band_mask_rescaled_to_vector_area,30,2026-09-08T06:55:17+00:00
G075286E42034N,upper_syr_darya,syr_darya,gte_4000,4000,,0.035473,6.9955,srtm_band_mask_rescaled_to_vector_area,30,2026-09-08T06:55:17+00:00
G075287E42067N,upper_syr_darya,syr_darya,3000_4000,3000,4000,0.101787,92.5563,srtm_band_mask_rescaled_to_vector_area,30,2026-09-08T06:55:17+00:00
G075287E42067N,upper_syr_darya,syr_darya,gte_4000,4000,,0.008186,7.4437,srtm_band_mask_rescaled_to_vector_area,30,2026-09-08T06:55:17+00:00
G075292E42050N,upper_syr_darya,syr_darya,3000_4000,3000,4000,0.035721,90.2899,srtm_band_mask_rescaled_to_vector_area,30,2026-09-08T06:55:17+00:00
G075292E42050N,upper_syr_darya,syr_darya,gte_4000,4000,,0.003842,9.7101,srtm_band_mask_rescaled_to_vector_area,30,2026-09-08T06:55:17+00:00
G075294E42067N,upper_syr_darya,syr_darya,3000_4000,3000,4000,0.030331,42.5222,srtm_band_mask_rescaled_to_vector_area,30,2026-09-08T06:55:17+00:00
G075294E42067N,upper_syr_darya,syr_darya,gte_4000,4000,,0.040998,57.4778,srtm_band_mask_rescaled_to_vector_area,30,2026-09-08T06:55:17+00:00
G075300E42070N,upper_syr_darya,syr_darya,3000_4000,3000,4000,0.060297,62.9738,srtm_band_mask_rescaled_to_vector_area,30,2026-09-08T06:55:17+00:00
G075300E42070N,upper_syr_darya,syr_darya,gte_4000,4000,,0.035452,37.0262,srtm_band_mask_rescaled_to_vector_area,30,2026-09-08T06:55:17+00:00
G075304E42032N,upper_syr_darya,syr_darya,3000_4000,3000,4000,1.385116,80.7148,srtm_band_mask_rescaled_to_vector_area,30,2026-09-08T06:55:17+00:00
G075304E42032N,upper_syr_darya,syr_darya,gte_4000,4000,,0.330945,19.2852,srtm_band_mask_rescaled_to_vector_area,30,2026-09-08T06:55:17+00:00
G075305E42050N,upper_syr_darya,syr_darya,3000_4000,3000,4000,0.206806,74.2894,srtm_band_mask_rescaled_to_vector_area,30,2026-09-08T06:55:17+00:00
G075305E42050N,upper_syr_darya,syr_darya,gte_4000,4000,,0.071573,25.7106,srtm_band_mask_rescaled_to_vector_area,30,2026-09-08T06:55:17+00:00
G075311E42046N,upper_syr_darya,syr_darya,3000_4000,3000,4000,0.001050,1.5975,srtm_band_mask_rescaled_to_vector_area,30,2026-09-08T06:55:17+00:00
G075311E42046N,upper_syr_darya,syr_darya,gte_4000,4000,,0.064666,98.4025,srtm_band_mask_rescaled_to_vector_area,30,2026-09-08T06:55:17+00:00
G075315E42044N,upper_syr_darya,syr_darya,3000_4000,3000,4000,0.041565,29.6785,srtm_band_mask_rescaled_to_vector_area,30,2026-09-08T06:55:17+00:00
G075315E42044N,upper_syr_darya,syr_darya,gte_4000,4000,,0.098487,70.3215,srtm_band_mask_rescaled_to_vector_area,30,2026-09-08T06:55:17+00:00
G075315E42062N,upper_syr_darya,syr_darya,3000_4000,3000,4000,0.187326,78.1886,srtm_band_mask_rescaled_to_vector_area,30,2026-09-08T06:55:17+00:00
G075315E42062N,upper_syr_darya,syr_darya,gte_4000,4000,,0.052256,21.8114,srtm_band_mask_rescaled_to_vector_area,30,2026-09-08T06:55:17+00:00
G075323E42025N,upper_syr_darya,syr_darya,3000_4000,3000,4000,1.368433,84.6281,srtm_band_mask_rescaled_to_vector_area,30,2026-09-08T06:55:17+00:00
G075323E42025N,upper_syr_darya,syr_darya,gte_4000,4000,,0.248564,15.3719,srtm_band_mask_rescaled_to_vector_area,30,2026-09-08T06:55:17+00:00
G075396E40795N,upper_syr_darya,syr_darya,gte_4000,4000,,0.027351,100.0000,srtm_band_mask_rescaled_to_vector_area,30,2026-09-08T06:55:17+00:00
G075437E40792N,upper_syr_darya,syr_darya,gte_4000,4000,,0.031923,100.0000,srtm_band_mask_rescaled_to_vector_area,30,2026-09-08T06:55:17+00:00
G075449E40804N,upper_syr_darya,syr_darya,gte_4000,4000,,0.055534,100.0000,srtm_band_mask_rescaled_to_vector_area,30,2026-09-08T06:55:17+00:00
G075454E40803N,upper_syr_darya,syr_darya,3000_4000,3000,4000,0.002636,1.0011,srtm_band_mask_rescaled_to_vector_area,30,2026-09-08T06:55:17+00:00
G075454E40803N,upper_syr_darya,syr_darya,gte_4000,4000,,0.260694,98.9989,srtm_band_mask_rescaled_to_vector_area,30,2026-09-08T06:55:17+00:00
G075466E40806N,upper_syr_darya,syr_darya,gte_4000,4000,,0.117583,100.0000,srtm_band_mask_rescaled_to_vector_area,30,2026-09-08T06:55:17+00:00
G075468E41584N,upper_syr_darya,syr_darya,3000_4000,3000,4000,0.037663,100.0000,srtm_band_mask_rescaled_to_vector_area,30,2026-09-08T06:55:17+00:00
G075470E41591N,upper_syr_darya,syr_darya,3000_4000,3000,4000,0.044871,100.0000,srtm_band_mask_rescaled_to_vector_area,30,2026-09-08T06:55:17+00:00
G075472E40816N,upper_syr_darya,syr_darya,gte_4000,4000,,0.011593,100.0000,srtm_band_mask_rescaled_to_vector_area,30,2026-09-08T06:55:17+00:00
G075473E40810N,upper_syr_darya,syr_darya,gte_4000,4000,,0.029172,100.0000,srtm_band_mask_rescaled_to_vector_area,30,2026-09-08T06:55:17+00:00
G075475E40806N,upper_syr_darya,syr_darya,gte_4000,4000,,0.117049,100.0000,srtm_band_mask_rescaled_to_vector_area,30,2026-09-08T06:55:17+00:00
G075478E41590N,upper_syr_darya,syr_darya,3000_4000,3000,4000,0.027327,100.0000,srtm_band_mask_rescaled_to_vector_area,30,2026-09-08T06:55:17+00:00
G075482E41591N,upper_syr_darya,syr_darya,3000_4000,3000,4000,0.034992,100.0000,srtm_band_mask_rescaled_to_vector_area,30,2026-09-08T06:55:17+00:00
G075489E41589N,upper_syr_darya,syr_darya,3000_4000,3000,4000,0.068915,100.0000,srtm_band_mask_rescaled_to_vector_area,30,2026-09-08T06:55:17+00:00
G075495E40816N,upper_syr_darya,syr_darya,gte_4000,4000,,0.028791,100.0000,srtm_band_mask_rescaled_to_vector_area,30,2026-09-08T06:55:17+00:00
G075500E40823N,upper_syr_darya,syr_darya,3000_4000,3000,4000,0.000174,0.3602,srtm_band_mask_rescaled_to_vector_area,30,2026-09-08T06:55:17+00:00
G075500E40823N,upper_syr_darya,syr_darya,gte_4000,4000,,0.047996,99.6398,srtm_band_mask_rescaled_to_vector_area,30,2026-09-08T06:55:17+00:00
G075504E40824N,upper_syr_darya,syr_darya,3000_4000,3000,4000,0.012162,13.1833,srtm_band_mask_rescaled_to_vector_area,30,2026-09-08T06:55:17+00:00
G075504E40824N,upper_syr_darya,syr_darya,gte_4000,4000,,0.080090,86.8167,srtm_band_mask_rescaled_to_vector_area,30,2026-09-08T06:55:17+00:00
G075512E40827N,upper_syr_darya,syr_darya,3000_4000,3000,4000,0.002832,2.0565,srtm_band_mask_rescaled_to_vector_area,30,2026-09-08T06:55:17+00:00
G075512E40827N,upper_syr_darya,syr_darya,gte_4000,4000,,0.134854,97.9435,srtm_band_mask_rescaled_to_vector_area,30,2026-09-08T06:55:17+00:00
G075522E40834N,upper_syr_darya,syr_darya,gte_4000,4000,,0.064224,100.0000,srtm_band_mask_rescaled_to_vector_area,30,2026-09-08T06:55:17+00:00
G075530E40847N,upper_syr_darya,syr_darya,gte_4000,4000,,0.029912,100.0000,srtm_band_mask_rescaled_to_vector_area,30,2026-09-08T06:55:17+00:00
G075534E40844N,upper_syr_darya,syr_darya,gte_4000,4000,,0.183658,100.0000,srtm_band_mask_rescaled_to_vector_area,30,2026-09-08T06:55:17+00:00
G075536E40837N,upper_syr_darya,syr_darya,gte_4000,4000,,0.051429,100.0000,srtm_band_mask_rescaled_to_vector_area,30,2026-09-08T06:55:17+00:00
G075539E40843N,upper_syr_darya,syr_darya,gte_4000,4000,,0.069176,100.0000,srtm_band_mask_rescaled_to_vector_area,30,2026-09-08T06:55:17+00:00
G075542E40840N,upper_syr_darya,syr_darya,gte_4000,4000,,0.022436,100.0000,srtm_band_mask_rescaled_to_vector_area,30,2026-09-08T06:55:17+00:00
G075544E40843N,upper_syr_darya,syr_darya,3000_4000,3000,4000,0.008592,27.8067,srtm_band_mask_rescaled_to_vector_area,30,2026-09-08T06:55:17+00:00
G075544E40843N,upper_syr_darya,syr_darya,gte_4000,4000,,0.022306,72.1933,srtm_band_mask_rescaled_to_vector_area,30,2026-09-08T06:55:17+00:00
G075546E40882N,upper_syr_darya,syr_darya,gte_4000,4000,,0.022713,100.0000,srtm_band_mask_rescaled_to_vector_area,30,2026-09-08T06:55:17+00:00
G075549E40880N,upper_syr_darya,syr_darya,gte_4000,4000,,0.010288,100.0000,srtm_band_mask_rescaled_to_vector_area,30,2026-09-08T06:55:17+00:00
G075552E40853N,upper_syr_darya,syr_darya,3000_4000,3000,4000,0.020333,41.5154,srtm_band_mask_rescaled_to_vector_area,30,2026-09-08T06:55:17+00:00
G075552E40853N,upper_syr_darya,syr_darya,gte_4000,4000,,0.028644,58.4846,srtm_band_mask_rescaled_to_vector_area,30,2026-09-08T06:55:17+00:00
G075555E40880N,upper_syr_darya,syr_darya,3000_4000,3000,4000,0.011668,57.3110,srtm_band_mask_rescaled_to_vector_area,30,2026-09-08T06:55:17+00:00
G075555E40880N,upper_syr_darya,syr_darya,gte_4000,4000,,0.008691,42.6890,srtm_band_mask_rescaled_to_vector_area,30,2026-09-08T06:55:17+00:00
G075559E40879N,upper_syr_darya,syr_darya,3000_4000,3000,4000,0.072706,99.3837,srtm_band_mask_rescaled_to_vector_area,30,2026-09-08T06:55:17+00:00
G075559E40879N,upper_syr_darya,syr_darya,gte_4000,4000,,0.000451,0.6163,srtm_band_mask_rescaled_to_vector_area,30,2026-09-08T06:55:17+00:00
G075563E40858N,upper_syr_darya,syr_darya,gte_4000,4000,,0.127265,100.0000,srtm_band_mask_rescaled_to_vector_area,30,2026-09-08T06:55:17+00:00
G075564E40905N,upper_syr_darya,syr_darya,3000_4000,3000,4000,0.044224,45.2727,srtm_band_mask_rescaled_to_vector_area,30,2026-09-08T06:55:17+00:00
G075564E40905N,upper_syr_darya,syr_darya,gte_4000,4000,,0.053459,54.7273,srtm_band_mask_rescaled_to_vector_area,30,2026-09-08T06:55:17+00:00
G075566E40875N,upper_syr_darya,syr_darya,gte_4000,4000,,0.027390,100.0000,srtm_band_mask_rescaled_to_vector_area,30,2026-09-08T06:55:17+00:00
G075570E40883N,upper_syr_darya,syr_darya,gte_4000,4000,,0.038057,100.0000,srtm_band_mask_rescaled_to_vector_area,30,2026-09-08T06:55:17+00:00
G075571E40879N,upper_syr_darya,syr_darya,gte_4000,4000,,0.019848,100.0000,srtm_band_mask_rescaled_to_vector_area,30,2026-09-08T06:55:17+00:00
G075572E40881N,upper_syr_darya,syr_darya,gte_4000,4000,,0.020078,100.0000,srtm_band_mask_rescaled_to_vector_area,30,2026-09-08T06:55:17+00:00
G075572E40888N,upper_syr_darya,syr_darya,3000_4000,3000,4000,0.079545,30.1202,srtm_band_mask_rescaled_to_vector_area,30,2026-09-08T06:55:17+00:00
G075572E40888N,upper_syr_darya,syr_darya,gte_4000,4000,,0.184547,69.8798,srtm_band_mask_rescaled_to_vector_area,30,2026-09-08T06:55:17+00:00
G075573E40902N,upper_syr_darya,syr_darya,gte_4000,4000,,0.347821,100.0000,srtm_band_mask_rescaled_to_vector_area,30,2026-09-08T06:55:17+00:00
G075576E40883N,upper_syr_darya,syr_darya,gte_4000,4000,,0.165145,100.0000,srtm_band_mask_rescaled_to_vector_area,30,2026-09-08T06:55:17+00:00
G075576E40894N,upper_syr_darya,syr_darya,3000_4000,3000,4000,0.002817,4.7708,srtm_band_mask_rescaled_to_vector_area,30,2026-09-08T06:55:17+00:00
G075576E40894N,upper_syr_darya,syr_darya,gte_4000,4000,,0.056232,95.2292,srtm_band_mask_rescaled_to_vector_area,30,2026-09-08T06:55:17+00:00
G075578E40880N,upper_syr_darya,syr_darya,gte_4000,4000,,0.177367,100.0000,srtm_band_mask_rescaled_to_vector_area,30,2026-09-08T06:55:17+00:00
G075579E40898N,upper_syr_darya,syr_darya,3000_4000,3000,4000,0.006128,4.0012,srtm_band_mask_rescaled_to_vector_area,30,2026-09-08T06:55:17+00:00
G075579E40898N,upper_syr_darya,syr_darya,gte_4000,4000,,0.147020,95.9988,srtm_band_mask_rescaled_to_vector_area,30,2026-09-08T06:55:17+00:00
G075579E40899N,upper_syr_darya,syr_darya,3000_4000,3000,4000,0.029434,4.0329,srtm_band_mask_rescaled_to_vector_area,30,2026-09-08T06:55:17+00:00
G075579E40899N,upper_syr_darya,syr_darya,gte_4000,4000,,0.700427,95.9671,srtm_band_mask_rescaled_to_vector_area,30,2026-09-08T06:55:17+00:00
G075580E40901N,upper_syr_darya,syr_darya,3000_4000,3000,4000,0.044491,17.2004,srtm_band_mask_rescaled_to_vector_area,30,2026-09-08T06:55:17+00:00
G075580E40901N,upper_syr_darya,syr_darya,gte_4000,4000,,0.214169,82.7996,srtm_band_mask_rescaled_to_vector_area,30,2026-09-08T06:55:17+00:00
G075583E40894N,upper_syr_darya,syr_darya,3000_4000,3000,4000,0.008228,2.8183,srtm_band_mask_rescaled_to_vector_area,30,2026-09-08T06:55:17+00:00
G075583E40894N,upper_syr_darya,syr_darya,gte_4000,4000,,0.283738,97.1817,srtm_band_mask_rescaled_to_vector_area,30,2026-09-08T06:55:17+00:00
G075584E40888N,upper_syr_darya,syr_darya,gte_4000,4000,,0.064452,100.0000,srtm_band_mask_rescaled_to_vector_area,30,2026-09-08T06:55:17+00:00
G075591E40894N,upper_syr_darya,syr_darya,3000_4000,3000,4000,0.390594,42.9850,srtm_band_mask_rescaled_to_vector_area,30,2026-09-08T06:55:17+00:00
G075591E40894N,upper_syr_darya,syr_darya,gte_4000,4000,,0.518081,57.0150,srtm_band_mask_rescaled_to_vector_area,30,2026-09-08T06:55:17+00:00
G075593E40885N,upper_syr_darya,syr_darya,gte_4000,4000,,0.103361,100.0000,srtm_band_mask_rescaled_to_vector_area,30,2026-09-08T06:55:17+00:00
G075601E40893N,upper_syr_darya,syr_darya,gte_4000,4000,,0.067993,100.0000,srtm_band_mask_rescaled_to_vector_area,30,2026-09-08T06:55:17+00:00
G075601E40916N,upper_syr_darya,syr_darya,gte_4000,4000,,0.033080,100.0000,srtm_band_mask_rescaled_to_vector_area,30,2026-09-08T06:55:17+00:00
G075602E40890N,upper_syr_darya,syr_darya,gte_4000,4000,,0.252823,100.0000,srtm_band_mask_rescaled_to_vector_area,30,2026-09-08T06:55:17+00:00
G075604E40904N,upper_syr_darya,syr_darya,3000_4000,3000,4000,0.077523,37.1249,srtm_band_mask_rescaled_to_vector_area,30,2026-09-08T06:55:17+00:00
G075604E40904N,upper_syr_darya,syr_darya,gte_4000,4000,,0.131293,62.8751,srtm_band_mask_rescaled_to_vector_area,30,2026-09-08T06:55:17+00:00
G075606E40922N,upper_syr_darya,syr_darya,gte_4000,4000,,0.018966,100.0000,srtm_band_mask_rescaled_to_vector_area,30,2026-09-08T06:55:17+00:00
G075607E40883N,upper_syr_darya,syr_darya,gte_4000,4000,,1.043027,100.0000,srtm_band_mask_rescaled_to_vector_area,30,2026-09-08T06:55:17+00:00
G075617E40893N,upper_syr_darya,syr_darya,3000_4000,3000,4000,0.000048,0.0023,srtm_band_mask_rescaled_to_vector_area,30,2026-09-08T06:55:17+00:00
G075617E40893N,upper_syr_darya,syr_darya,gte_4000,4000,,2.092341,99.9977,srtm_band_mask_rescaled_to_vector_area,30,2026-09-08T06:55:17+00:00
G075618E40912N,upper_syr_darya,syr_darya,3000_4000,3000,4000,0.328962,21.3752,srtm_band_mask_rescaled_to_vector_area,30,2026-09-08T06:55:17+00:00
G075618E40912N,upper_syr_darya,syr_darya,gte_4000,4000,,1.210029,78.6248,srtm_band_mask_rescaled_to_vector_area,30,2026-09-08T06:55:17+00:00
G075627E40893N,upper_syr_darya,syr_darya,gte_4000,4000,,0.354989,100.0000,srtm_band_mask_rescaled_to_vector_area,30,2026-09-08T06:55:17+00:00
G075629E40900N,upper_syr_darya,syr_darya,gte_4000,4000,,0.526922,100.0000,srtm_band_mask_rescaled_to_vector_area,30,2026-09-08T06:55:17+00:00
G075630E40900N,upper_syr_darya,syr_darya,gte_4000,4000,,0.813418,100.0000,srtm_band_mask_rescaled_to_vector_area,30,2026-09-08T06:55:17+00:00
G075633E40914N,upper_syr_darya,syr_darya,gte_4000,4000,,0.065330,100.0000,srtm_band_mask_rescaled_to_vector_area,30,2026-09-08T06:55:17+00:00
G075635E40900N,upper_syr_darya,syr_darya,gte_4000,4000,,0.314363,100.0000,srtm_band_mask_rescaled_to_vector_area,30,2026-09-08T06:55:17+00:00
G075643E40902N,upper_syr_darya,syr_darya,gte_4000,4000,,0.020447,100.0000,srtm_band_mask_rescaled_to_vector_area,30,2026-09-08T06:55:17+00:00
G075646E40914N,upper_syr_darya,syr_darya,3000_4000,3000,4000,0.930479,66.4636,srtm_band_mask_rescaled_to_vector_area,30,2026-09-08T06:55:17+00:00
G075646E40914N,upper_syr_darya,syr_darya,gte_4000,4000,,0.469503,33.5364,srtm_band_mask_rescaled_to_vector_area,30,2026-09-08T06:55:17+00:00
G075651E40898N,upper_syr_darya,syr_darya,gte_4000,4000,,0.404493,100.0000,srtm_band_mask_rescaled_to_vector_area,30,2026-09-08T06:55:17+00:00
G075661E40919N,upper_syr_darya,syr_darya,3000_4000,3000,4000,0.204124,19.2902,srtm_band_mask_rescaled_to_vector_area,30,2026-09-08T06:55:17+00:00
G075661E40919N,upper_syr_darya,syr_darya,gte_4000,4000,,0.854052,80.7098,srtm_band_mask_rescaled_to_vector_area,30,2026-09-08T06:55:17+00:00
G075662E40981N,upper_syr_darya,syr_darya,3000_4000,3000,4000,0.026639,83.0260,srtm_band_mask_rescaled_to_vector_area,30,2026-09-08T06:55:17+00:00
G075662E40981N,upper_syr_darya,syr_darya,gte_4000,4000,,0.005446,16.9740,srtm_band_mask_rescaled_to_vector_area,30,2026-09-08T06:55:17+00:00
G075669E40899N,upper_syr_darya,syr_darya,gte_4000,4000,,0.918219,100.0000,srtm_band_mask_rescaled_to_vector_area,30,2026-09-08T06:55:17+00:00
G075671E40935N,upper_syr_darya,syr_darya,gte_4000,4000,,0.011463,100.0000,srtm_band_mask_rescaled_to_vector_area,30,2026-09-08T06:55:17+00:00
G075675E40916N,upper_syr_darya,syr_darya,gte_4000,4000,,0.092724,100.0000,srtm_band_mask_rescaled_to_vector_area,30,2026-09-08T06:55:17+00:00
G075677E40978N,upper_syr_darya,syr_darya,3000_4000,3000,4000,0.011678,33.2321,srtm_band_mask_rescaled_to_vector_area,30,2026-09-08T06:55:17+00:00
G075677E40978N,upper_syr_darya,syr_darya,gte_4000,4000,,0.023463,66.7679,srtm_band_mask_rescaled_to_vector_area,30,2026-09-08T06:55:17+00:00
G075681E40928N,upper_syr_darya,syr_darya,3000_4000,3000,4000,0.463040,18.0751,srtm_band_mask_rescaled_to_vector_area,30,2026-09-08T06:55:17+00:00
G075681E40928N,upper_syr_darya,syr_darya,gte_4000,4000,,2.098714,81.9249,srtm_band_mask_rescaled_to_vector_area,30,2026-09-08T06:55:17+00:00
G075682E40915N,upper_syr_darya,syr_darya,gte_4000,4000,,0.258816,100.0000,srtm_band_mask_rescaled_to_vector_area,30,2026-09-08T06:55:17+00:00
G075683E40980N,upper_syr_darya,syr_darya,3000_4000,3000,4000,0.046053,58.1232,srtm_band_mask_rescaled_to_vector_area,30,2026-09-08T06:55:17+00:00
G075683E40980N,upper_syr_darya,syr_darya,gte_4000,4000,,0.033180,41.8768,srtm_band_mask_rescaled_to_vector_area,30,2026-09-08T06:55:17+00:00
G075691E40984N,upper_syr_darya,syr_darya,3000_4000,3000,4000,0.109241,68.6496,srtm_band_mask_rescaled_to_vector_area,30,2026-09-08T06:55:17+00:00
G075691E40984N,upper_syr_darya,syr_darya,gte_4000,4000,,0.049887,31.3504,srtm_band_mask_rescaled_to_vector_area,30,2026-09-08T06:55:17+00:00
G075692E40916N,upper_syr_darya,syr_darya,gte_4000,4000,,0.455519,100.0000,srtm_band_mask_rescaled_to_vector_area,30,2026-09-08T06:55:17+00:00
G075692E40938N,upper_syr_darya,syr_darya,3000_4000,3000,4000,0.228814,27.0708,srtm_band_mask_rescaled_to_vector_area,30,2026-09-08T06:55:17+00:00
G075692E40938N,upper_syr_darya,syr_darya,gte_4000,4000,,0.616429,72.9292,srtm_band_mask_rescaled_to_vector_area,30,2026-09-08T06:55:17+00:00
G075695E40994N,upper_syr_darya,syr_darya,3000_4000,3000,4000,0.012158,10.9994,srtm_band_mask_rescaled_to_vector_area,30,2026-09-08T06:55:17+00:00
G075695E40994N,upper_syr_darya,syr_darya,gte_4000,4000,,0.098373,89.0006,srtm_band_mask_rescaled_to_vector_area,30,2026-09-08T06:55:17+00:00
G075697E41001N,upper_syr_darya,syr_darya,3000_4000,3000,4000,0.016691,100.0000,srtm_band_mask_rescaled_to_vector_area,30,2026-09-08T06:55:17+00:00
G075698E40949N,upper_syr_darya,syr_darya,gte_4000,4000,,0.049100,100.0000,srtm_band_mask_rescaled_to_vector_area,30,2026-09-08T06:55:17+00:00
G075698E40976N,upper_syr_darya,syr_darya,3000_4000,3000,4000,0.123480,77.8444,srtm_band_mask_rescaled_to_vector_area,30,2026-09-08T06:55:17+00:00
G075698E40976N,upper_syr_darya,syr_darya,gte_4000,4000,,0.035144,22.1556,srtm_band_mask_rescaled_to_vector_area,30,2026-09-08T06:55:17+00:00
G075699E40952N,upper_syr_darya,syr_darya,3000_4000,3000,4000,0.007308,8.4874,srtm_band_mask_rescaled_to_vector_area,30,2026-09-08T06:55:17+00:00
G075699E40952N,upper_syr_darya,syr_darya,gte_4000,4000,,0.078793,91.5126,srtm_band_mask_rescaled_to_vector_area,30,2026-09-08T06:55:17+00:00
G075703E40965N,upper_syr_darya,syr_darya,3000_4000,3000,4000,0.038585,13.5234,srtm_band_mask_rescaled_to_vector_area,30,2026-09-08T06:55:17+00:00
G075703E40965N,upper_syr_darya,syr_darya,gte_4000,4000,,0.246737,86.4766,srtm_band_mask_rescaled_to_vector_area,30,2026-09-08T06:55:17+00:00
G075703E40970N,upper_syr_darya,syr_darya,gte_4000,4000,,0.036487,100.0000,srtm_band_mask_rescaled_to_vector_area,30,2026-09-08T06:55:17+00:00
G075704E40939N,upper_syr_darya,syr_darya,gte_4000,4000,,0.244818,100.0000,srtm_band_mask_rescaled_to_vector_area,30,2026-09-08T06:55:17+00:00
G075704E40958N,upper_syr_darya,syr_darya,gte_4000,4000,,0.099111,100.0000,srtm_band_mask_rescaled_to_vector_area,30,2026-09-08T06:55:17+00:00
G075704E40991N,upper_syr_darya,syr_darya,3000_4000,3000,4000,0.292634,74.9952,srtm_band_mask_rescaled_to_vector_area,30,2026-09-08T06:55:17+00:00
G075704E40991N,upper_syr_darya,syr_darya,gte_4000,4000,,0.097569,25.0048,srtm_band_mask_rescaled_to_vector_area,30,2026-09-08T06:55:17+00:00
G075706E40924N,upper_syr_darya,syr_darya,3000_4000,3000,4000,0.079410,3.7814,srtm_band_mask_rescaled_to_vector_area,30,2026-09-08T06:55:17+00:00
G075706E40924N,upper_syr_darya,syr_darya,gte_4000,4000,,2.020606,96.2186,srtm_band_mask_rescaled_to_vector_area,30,2026-09-08T06:55:17+00:00
G075708E40937N,upper_syr_darya,syr_darya,3000_4000,3000,4000,0.121214,27.8101,srtm_band_mask_rescaled_to_vector_area,30,2026-09-08T06:55:17+00:00
G075708E40937N,upper_syr_darya,syr_darya,gte_4000,4000,,0.314649,72.1899,srtm_band_mask_rescaled_to_vector_area,30,2026-09-08T06:55:17+00:00
G075714E40967N,upper_syr_darya,syr_darya,3000_4000,3000,4000,0.388731,51.8359,srtm_band_mask_rescaled_to_vector_area,30,2026-09-08T06:55:17+00:00
G075714E40967N,upper_syr_darya,syr_darya,gte_4000,4000,,0.361195,48.1641,srtm_band_mask_rescaled_to_vector_area,30,2026-09-08T06:55:17+00:00
G075723E40955N,upper_syr_darya,syr_darya,gte_4000,4000,,1.272533,100.0000,srtm_band_mask_rescaled_to_vector_area,30,2026-09-08T06:55:17+00:00
G075727E40971N,upper_syr_darya,syr_darya,3000_4000,3000,4000,0.105819,38.7745,srtm_band_mask_rescaled_to_vector_area,30,2026-09-08T06:55:17+00:00
G075727E40971N,upper_syr_darya,syr_darya,gte_4000,4000,,0.167090,61.2255,srtm_band_mask_rescaled_to_vector_area,30,2026-09-08T06:55:17+00:00
G075731E40970N,upper_syr_darya,syr_darya,3000_4000,3000,4000,0.497105,38.1952,srtm_band_mask_rescaled_to_vector_area,30,2026-09-08T06:55:17+00:00
G075731E40970N,upper_syr_darya,syr_darya,gte_4000,4000,,0.804380,61.8048,srtm_band_mask_rescaled_to_vector_area,30,2026-09-08T06:55:17+00:00
G075736E40971N,upper_syr_darya,syr_darya,3000_4000,3000,4000,0.391284,38.0428,srtm_band_mask_rescaled_to_vector_area,30,2026-09-08T06:55:17+00:00
G075736E40971N,upper_syr_darya,syr_darya,gte_4000,4000,,0.637252,61.9572,srtm_band_mask_rescaled_to_vector_area,30,2026-09-08T06:55:17+00:00
G075746E40962N,upper_syr_darya,syr_darya,3000_4000,3000,4000,0.071929,1.7636,srtm_band_mask_rescaled_to_vector_area,30,2026-09-08T06:55:17+00:00
G075746E40962N,upper_syr_darya,syr_darya,gte_4000,4000,,4.006516,98.2364,srtm_band_mask_rescaled_to_vector_area,30,2026-09-08T06:55:17+00:00
G075746E40994N,upper_syr_darya,syr_darya,3000_4000,3000,4000,0.066435,85.5426,srtm_band_mask_rescaled_to_vector_area,30,2026-09-08T06:55:17+00:00
G075746E40994N,upper_syr_darya,syr_darya,gte_4000,4000,,0.011228,14.4574,srtm_band_mask_rescaled_to_vector_area,30,2026-09-08T06:55:17+00:00
G075755E40993N,upper_syr_darya,syr_darya,gte_4000,4000,,0.075686,100.0000,srtm_band_mask_rescaled_to_vector_area,30,2026-09-08T06:55:17+00:00
G075760E40992N,upper_syr_darya,syr_darya,3000_4000,3000,4000,0.031243,71.6949,srtm_band_mask_rescaled_to_vector_area,30,2026-09-08T06:55:17+00:00
G075760E40992N,upper_syr_darya,syr_darya,gte_4000,4000,,0.012335,28.3051,srtm_band_mask_rescaled_to_vector_area,30,2026-09-08T06:55:17+00:00
G075760E40996N,upper_syr_darya,syr_darya,3000_4000,3000,4000,0.002540,4.7831,srtm_band_mask_rescaled_to_vector_area,30,2026-09-08T06:55:17+00:00
G075760E40996N,upper_syr_darya,syr_darya,gte_4000,4000,,0.050555,95.2169,srtm_band_mask_rescaled_to_vector_area,30,2026-09-08T06:55:17+00:00
G075767E40988N,upper_syr_darya,syr_darya,3000_4000,3000,4000,0.013614,27.6656,srtm_band_mask_rescaled_to_vector_area,30,2026-09-08T06:55:17+00:00
G075767E40988N,upper_syr_darya,syr_darya,gte_4000,4000,,0.035594,72.3344,srtm_band_mask_rescaled_to_vector_area,30,2026-09-08T06:55:17+00:00
G075770E40986N,upper_syr_darya,syr_darya,3000_4000,3000,4000,0.770245,45.1178,srtm_band_mask_rescaled_to_vector_area,30,2026-09-08T06:55:17+00:00
G075770E40986N,upper_syr_darya,syr_darya,gte_4000,4000,,0.936942,54.8822,srtm_band_mask_rescaled_to_vector_area,30,2026-09-08T06:55:17+00:00
G075777E40967N,upper_syr_darya,syr_darya,3000_4000,3000,4000,0.055466,1.0543,srtm_band_mask_rescaled_to_vector_area,30,2026-09-08T06:55:17+00:00
G075777E40967N,upper_syr_darya,syr_darya,gte_4000,4000,,5.205367,98.9457,srtm_band_mask_rescaled_to_vector_area,30,2026-09-08T06:55:17+00:00
G075791E40991N,upper_syr_darya,syr_darya,gte_4000,4000,,0.115009,100.0000,srtm_band_mask_rescaled_to_vector_area,30,2026-09-08T06:55:17+00:00
G075793E41000N,upper_syr_darya,syr_darya,3000_4000,3000,4000,0.056465,19.7876,srtm_band_mask_rescaled_to_vector_area,30,2026-09-08T06:55:17+00:00
G075793E41000N,upper_syr_darya,syr_darya,gte_4000,4000,,0.228888,80.2124,srtm_band_mask_rescaled_to_vector_area,30,2026-09-08T06:55:17+00:00
G075796E41016N,upper_syr_darya,syr_darya,3000_4000,3000,4000,0.117616,70.5060,srtm_band_mask_rescaled_to_vector_area,30,2026-09-08T06:55:17+00:00
G075796E41016N,upper_syr_darya,syr_darya,gte_4000,4000,,0.049201,29.4940,srtm_band_mask_rescaled_to_vector_area,30,2026-09-08T06:55:17+00:00
G075803E40982N,upper_syr_darya,syr_darya,3000_4000,3000,4000,0.013545,0.2174,srtm_band_mask_rescaled_to_vector_area,30,2026-09-08T06:55:17+00:00
G075803E40982N,upper_syr_darya,syr_darya,gte_4000,4000,,6.217402,99.7826,srtm_band_mask_rescaled_to_vector_area,30,2026-09-08T06:55:17+00:00
G075804E41009N,upper_syr_darya,syr_darya,gte_4000,4000,,0.108619,100.0000,srtm_band_mask_rescaled_to_vector_area,30,2026-09-08T06:55:17+00:00
G075804E41012N,upper_syr_darya,syr_darya,3000_4000,3000,4000,0.020416,18.0943,srtm_band_mask_rescaled_to_vector_area,30,2026-09-08T06:55:17+00:00
G075804E41012N,upper_syr_darya,syr_darya,gte_4000,4000,,0.092414,81.9057,srtm_band_mask_rescaled_to_vector_area,30,2026-09-08T06:55:17+00:00
G075808E41016N,upper_syr_darya,syr_darya,3000_4000,3000,4000,0.001603,1.9670,srtm_band_mask_rescaled_to_vector_area,30,2026-09-08T06:55:17+00:00
G075808E41016N,upper_syr_darya,syr_darya,gte_4000,4000,,0.079887,98.0330,srtm_band_mask_rescaled_to_vector_area,30,2026-09-08T06:55:17+00:00
G075809E41005N,upper_syr_darya,syr_darya,3000_4000,3000,4000,0.210353,35.0401,srtm_band_mask_rescaled_to_vector_area,30,2026-09-08T06:55:17+00:00
G075809E41005N,upper_syr_darya,syr_darya,gte_4000,4000,,0.389968,64.9599,srtm_band_mask_rescaled_to_vector_area,30,2026-09-08T06:55:17+00:00
G075820E40987N,upper_syr_darya,syr_darya,gte_4000,4000,,1.100313,100.0000,srtm_band_mask_rescaled_to_vector_area,30,2026-09-08T06:55:17+00:00
G075828E41007N,upper_syr_darya,syr_darya,3000_4000,3000,4000,0.023455,9.3393,srtm_band_mask_rescaled_to_vector_area,30,2026-09-08T06:55:17+00:00
G075828E41007N,upper_syr_darya,syr_darya,gte_4000,4000,,0.227688,90.6607,srtm_band_mask_rescaled_to_vector_area,30,2026-09-08T06:55:17+00:00
G075831E41003N,upper_syr_darya,syr_darya,3000_4000,3000,4000,0.515087,17.7938,srtm_band_mask_rescaled_to_vector_area,30,2026-09-08T06:55:17+00:00
G075831E41003N,upper_syr_darya,syr_darya,gte_4000,4000,,2.379673,82.2062,srtm_band_mask_rescaled_to_vector_area,30,2026-09-08T06:55:17+00:00
G075838E41006N,upper_syr_darya,syr_darya,3000_4000,3000,4000,0.491657,18.5976,srtm_band_mask_rescaled_to_vector_area,30,2026-09-08T06:55:17+00:00
G075838E41006N,upper_syr_darya,syr_darya,gte_4000,4000,,2.152002,81.4024,srtm_band_mask_rescaled_to_vector_area,30,2026-09-08T06:55:17+00:00
G075841E40991N,upper_syr_darya,syr_darya,gte_4000,4000,,2.482995,100.0000,srtm_band_mask_rescaled_to_vector_area,30,2026-09-08T06:55:17+00:00
G075849E41008N,upper_syr_darya,syr_darya,3000_4000,3000,4000,0.120364,11.0299,srtm_band_mask_rescaled_to_vector_area,30,2026-09-08T06:55:17+00:00
G075849E41008N,upper_syr_darya,syr_darya,gte_4000,4000,,0.970894,88.9701,srtm_band_mask_rescaled_to_vector_area,30,2026-09-08T06:55:17+00:00
G075851E40998N,upper_syr_darya,syr_darya,gte_4000,4000,,0.015160,100.0000,srtm_band_mask_rescaled_to_vector_area,30,2026-09-08T06:55:17+00:00
G075859E41009N,upper_syr_darya,syr_darya,3000_4000,3000,4000,0.986113,35.0841,srtm_band_mask_rescaled_to_vector_area,30,2026-09-08T06:55:17+00:00
G075859E41009N,upper_syr_darya,syr_darya,gte_4000,4000,,1.824599,64.9159,srtm_band_mask_rescaled_to_vector_area,30,2026-09-08T06:55:17+00:00
G075862E40991N,upper_syr_darya,syr_darya,gte_4000,4000,,1.494245,100.0000,srtm_band_mask_rescaled_to_vector_area,30,2026-09-08T06:55:17+00:00
G075866E41010N,upper_syr_darya,syr_darya,3000_4000,3000,4000,0.882752,48.0570,srtm_band_mask_rescaled_to_vector_area,30,2026-09-08T06:55:17+00:00
G075866E41010N,upper_syr_darya,syr_darya,gte_4000,4000,,0.954134,51.9430,srtm_band_mask_rescaled_to_vector_area,30,2026-09-08T06:55:17+00:00
G075867E40999N,upper_syr_darya,syr_darya,gte_4000,4000,,0.042456,100.0000,srtm_band_mask_rescaled_to_vector_area,30,2026-09-08T06:55:17+00:00
G075879E40997N,upper_syr_darya,syr_darya,3000_4000,3000,4000,0.349552,13.7037,srtm_band_mask_rescaled_to_vector_area,30,2026-09-08T06:55:17+00:00
G075879E40997N,upper_syr_darya,syr_darya,gte_4000,4000,,2.201230,86.2963,srtm_band_mask_rescaled_to_vector_area,30,2026-09-08T06:55:17+00:00
G075882E41007N,upper_syr_darya,syr_darya,gte_4000,4000,,0.302261,100.0000,srtm_band_mask_rescaled_to_vector_area,30,2026-09-08T06:55:17+00:00
G075887E41019N,upper_syr_darya,syr_darya,3000_4000,3000,4000,0.418395,38.6212,srtm_band_mask_rescaled_to_vector_area,30,2026-09-08T06:55:17+00:00
G075887E41019N,upper_syr_darya,syr_darya,gte_4000,4000,,0.664936,61.3788,srtm_band_mask_rescaled_to_vector_area,30,2026-09-08T06:55:17+00:00
G075890E41012N,upper_syr_darya,syr_darya,gte_4000,4000,,0.118507,100.0000,srtm_band_mask_rescaled_to_vector_area,30,2026-09-08T06:55:17+00:00
G075907E41024N,upper_syr_darya,syr_darya,3000_4000,3000,4000,0.419075,47.4575,srtm_band_mask_rescaled_to_vector_area,30,2026-09-08T06:55:17+00:00
G075907E41024N,upper_syr_darya,syr_darya,gte_4000,4000,,0.463978,52.5425,srtm_band_mask_rescaled_to_vector_area,30,2026-09-08T06:55:17+00:00
G075913E41010N,upper_syr_darya,syr_darya,3000_4000,3000,4000,0.003684,0.1021,srtm_band_mask_rescaled_to_vector_area,30,2026-09-08T06:55:17+00:00
G075913E41010N,upper_syr_darya,syr_darya,gte_4000,4000,,3.604135,99.8979,srtm_band_mask_rescaled_to_vector_area,30,2026-09-08T06:55:17+00:00
G075915E41024N,upper_syr_darya,syr_darya,gte_4000,4000,,0.030271,100.0000,srtm_band_mask_rescaled_to_vector_area,30,2026-09-08T06:55:17+00:00
G075921E41026N,upper_syr_darya,syr_darya,3000_4000,3000,4000,0.490173,72.8195,srtm_band_mask_rescaled_to_vector_area,30,2026-09-08T06:55:17+00:00
G075921E41026N,upper_syr_darya,syr_darya,gte_4000,4000,,0.182962,27.1805,srtm_band_mask_rescaled_to_vector_area,30,2026-09-08T06:55:17+00:00
G075933E41032N,upper_syr_darya,syr_darya,3000_4000,3000,4000,0.225800,44.4765,srtm_band_mask_rescaled_to_vector_area,30,2026-09-08T06:55:17+00:00
G075933E41032N,upper_syr_darya,syr_darya,gte_4000,4000,,0.281885,55.5235,srtm_band_mask_rescaled_to_vector_area,30,2026-09-08T06:55:17+00:00
G075934E41015N,upper_syr_darya,syr_darya,3000_4000,3000,4000,0.099309,9.2793,srtm_band_mask_rescaled_to_vector_area,30,2026-09-08T06:55:17+00:00
G075934E41015N,upper_syr_darya,syr_darya,gte_4000,4000,,0.970921,90.7207,srtm_band_mask_rescaled_to_vector_area,30,2026-09-08T06:55:17+00:00
G075934E41022N,upper_syr_darya,syr_darya,3000_4000,3000,4000,0.012365,2.1257,srtm_band_mask_rescaled_to_vector_area,30,2026-09-08T06:55:17+00:00
G075934E41022N,upper_syr_darya,syr_darya,gte_4000,4000,,0.569299,97.8743,srtm_band_mask_rescaled_to_vector_area,30,2026-09-08T06:55:17+00:00
G075938E41027N,upper_syr_darya,syr_darya,gte_4000,4000,,0.081344,100.0000,srtm_band_mask_rescaled_to_vector_area,30,2026-09-08T06:55:17+00:00
G075939E41030N,upper_syr_darya,syr_darya,gte_4000,4000,,0.019565,100.0000,srtm_band_mask_rescaled_to_vector_area,30,2026-09-08T06:55:17+00:00
G075940E41035N,upper_syr_darya,syr_darya,3000_4000,3000,4000,0.074029,25.9843,srtm_band_mask_rescaled_to_vector_area,30,2026-09-08T06:55:17+00:00
G075940E41035N,upper_syr_darya,syr_darya,gte_4000,4000,,0.210870,74.0157,srtm_band_mask_rescaled_to_vector_area,30,2026-09-08T06:55:17+00:00
G075943E41029N,upper_syr_darya,syr_darya,gte_4000,4000,,0.076187,100.0000,srtm_band_mask_rescaled_to_vector_area,30,2026-09-08T06:55:17+00:00
G075944E41059N,upper_syr_darya,syr_darya,3000_4000,3000,4000,0.020394,74.2778,srtm_band_mask_rescaled_to_vector_area,30,2026-09-08T06:55:17+00:00
G075944E41059N,upper_syr_darya,syr_darya,gte_4000,4000,,0.007062,25.7222,srtm_band_mask_rescaled_to_vector_area,30,2026-09-08T06:55:17+00:00
G075947E41039N,upper_syr_darya,syr_darya,3000_4000,3000,4000,0.095664,29.4875,srtm_band_mask_rescaled_to_vector_area,30,2026-09-08T06:55:17+00:00
G075947E41039N,upper_syr_darya,syr_darya,gte_4000,4000,,0.228757,70.5125,srtm_band_mask_rescaled_to_vector_area,30,2026-09-08T06:55:17+00:00
G075956E41045N,upper_syr_darya,syr_darya,3000_4000,3000,4000,0.120696,21.6360,srtm_band_mask_rescaled_to_vector_area,30,2026-09-08T06:55:17+00:00
G075956E41045N,upper_syr_darya,syr_darya,gte_4000,4000,,0.437154,78.3640,srtm_band_mask_rescaled_to_vector_area,30,2026-09-08T06:55:17+00:00
G075960E41034N,upper_syr_darya,syr_darya,3000_4000,3000,4000,0.073996,4.6459,srtm_band_mask_rescaled_to_vector_area,30,2026-09-08T06:55:17+00:00
G075960E41034N,upper_syr_darya,syr_darya,gte_4000,4000,,1.518720,95.3541,srtm_band_mask_rescaled_to_vector_area,30,2026-09-08T06:55:17+00:00
G075964E41051N,upper_syr_darya,syr_darya,3000_4000,3000,4000,0.000005,0.0029,srtm_band_mask_rescaled_to_vector_area,30,2026-09-08T06:55:17+00:00
G075964E41051N,upper_syr_darya,syr_darya,gte_4000,4000,,0.180371,99.9971,srtm_band_mask_rescaled_to_vector_area,30,2026-09-08T06:55:17+00:00
G075970E41041N,upper_syr_darya,syr_darya,gte_4000,4000,,0.409998,100.0000,srtm_band_mask_rescaled_to_vector_area,30,2026-09-08T06:55:17+00:00
G075972E41048N,upper_syr_darya,syr_darya,3000_4000,3000,4000,0.293862,63.6984,srtm_band_mask_rescaled_to_vector_area,30,2026-09-08T06:55:17+00:00
G075972E41048N,upper_syr_darya,syr_darya,gte_4000,4000,,0.167471,36.3016,srtm_band_mask_rescaled_to_vector_area,30,2026-09-08T06:55:17+00:00
G075981E41043N,upper_syr_darya,syr_darya,3000_4000,3000,4000,0.026726,8.6173,srtm_band_mask_rescaled_to_vector_area,30,2026-09-08T06:55:17+00:00
G075981E41043N,upper_syr_darya,syr_darya,gte_4000,4000,,0.283420,91.3827,srtm_band_mask_rescaled_to_vector_area,30,2026-09-08T06:55:17+00:00
G075984E41052N,upper_syr_darya,syr_darya,3000_4000,3000,4000,0.122753,87.5320,srtm_band_mask_rescaled_to_vector_area,30,2026-09-08T06:55:17+00:00
G075984E41052N,upper_syr_darya,syr_darya,gte_4000,4000,,0.017485,12.4680,srtm_band_mask_rescaled_to_vector_area,30,2026-09-08T06:55:17+00:00
G075985E41037N,upper_syr_darya,syr_darya,3000_4000,3000,4000,0.066370,23.8882,srtm_band_mask_rescaled_to_vector_area,30,2026-09-08T06:55:17+00:00
G075985E41037N,upper_syr_darya,syr_darya,gte_4000,4000,,0.211466,76.1118,srtm_band_mask_rescaled_to_vector_area,30,2026-09-08T06:55:17+00:00
G075989E41055N,upper_syr_darya,syr_darya,3000_4000,3000,4000,0.095317,100.0000,srtm_band_mask_rescaled_to_vector_area,30,2026-09-08T06:55:17+00:00
G075993E41037N,upper_syr_darya,syr_darya,3000_4000,3000,4000,0.078255,40.3057,srtm_band_mask_rescaled_to_vector_area,30,2026-09-08T06:55:17+00:00
G075993E41037N,upper_syr_darya,syr_darya,gte_4000,4000,,0.115899,59.6943,srtm_band_mask_rescaled_to_vector_area,30,2026-09-08T06:55:17+00:00
G075999E41033N,upper_syr_darya,syr_darya,3000_4000,3000,4000,0.035848,17.7651,srtm_band_mask_rescaled_to_vector_area,30,2026-09-08T06:55:17+00:00
G075999E41033N,upper_syr_darya,syr_darya,gte_4000,4000,,0.165938,82.2349,srtm_band_mask_rescaled_to_vector_area,30,2026-09-08T06:55:17+00:00
G076004E41032N,upper_syr_darya,syr_darya,gte_4000,4000,,0.050157,100.0000,srtm_band_mask_rescaled_to_vector_area,30,2026-09-08T06:55:17+00:00
G076009E41036N,upper_syr_darya,syr_darya,3000_4000,3000,4000,0.029301,25.9881,srtm_band_mask_rescaled_to_vector_area,30,2026-09-08T06:55:17+00:00
G076009E41036N,upper_syr_darya,syr_darya,gte_4000,4000,,0.083448,74.0119,srtm_band_mask_rescaled_to_vector_area,30,2026-09-08T06:55:17+00:00
G076012E41035N,upper_syr_darya,syr_darya,gte_4000,4000,,0.031601,100.0000,srtm_band_mask_rescaled_to_vector_area,30,2026-09-08T06:55:17+00:00
G076018E41037N,upper_syr_darya,syr_darya,3000_4000,3000,4000,0.048646,85.0685,srtm_band_mask_rescaled_to_vector_area,30,2026-09-08T06:55:17+00:00
G076018E41037N,upper_syr_darya,syr_darya,gte_4000,4000,,0.008538,14.9315,srtm_band_mask_rescaled_to_vector_area,30,2026-09-08T06:55:17+00:00
G076020E41029N,upper_syr_darya,syr_darya,gte_4000,4000,,0.413605,100.0000,srtm_band_mask_rescaled_to_vector_area,30,2026-09-08T06:55:17+00:00
G076020E41035N,upper_syr_darya,syr_darya,3000_4000,3000,4000,0.000181,0.2431,srtm_band_mask_rescaled_to_vector_area,30,2026-09-08T06:55:17+00:00
G076020E41035N,upper_syr_darya,syr_darya,gte_4000,4000,,0.074270,99.7569,srtm_band_mask_rescaled_to_vector_area,30,2026-09-08T06:55:17+00:00
G076025E41067N,upper_syr_darya,syr_darya,3000_4000,3000,4000,0.031621,43.9318,srtm_band_mask_rescaled_to_vector_area,30,2026-09-08T06:55:17+00:00
G076025E41067N,upper_syr_darya,syr_darya,gte_4000,4000,,0.040357,56.0682,srtm_band_mask_rescaled_to_vector_area,30,2026-09-08T06:55:17+00:00
G076026E41034N,upper_syr_darya,syr_darya,3000_4000,3000,4000,0.178471,38.3922,srtm_band_mask_rescaled_to_vector_area,30,2026-09-08T06:55:17+00:00
G076026E41034N,upper_syr_darya,syr_darya,gte_4000,4000,,0.286391,61.6078,srtm_band_mask_rescaled_to_vector_area,30,2026-09-08T06:55:17+00:00
G076028E41051N,upper_syr_darya,syr_darya,gte_4000,4000,,0.022985,100.0000,srtm_band_mask_rescaled_to_vector_area,30,2026-09-08T06:55:17+00:00
G076029E41069N,upper_syr_darya,syr_darya,gte_4000,4000,,0.026589,100.0000,srtm_band_mask_rescaled_to_vector_area,30,2026-09-08T06:55:17+00:00
G076031E41038N,upper_syr_darya,syr_darya,gte_4000,4000,,0.026457,100.0000,srtm_band_mask_rescaled_to_vector_area,30,2026-09-08T06:55:17+00:00
G076031E41064N,upper_syr_darya,syr_darya,gte_4000,4000,,0.034917,100.0000,srtm_band_mask_rescaled_to_vector_area,30,2026-09-08T06:55:17+00:00
G076033E41031N,upper_syr_darya,syr_darya,gte_4000,4000,,0.290120,100.0000,srtm_band_mask_rescaled_to_vector_area,30,2026-09-08T06:55:17+00:00
G076033E41072N,upper_syr_darya,syr_darya,3000_4000,3000,4000,0.006399,34.4508,srtm_band_mask_rescaled_to_vector_area,30,2026-09-08T06:55:17+00:00
G076033E41072N,upper_syr_darya,syr_darya,gte_4000,4000,,0.012175,65.5492,srtm_band_mask_rescaled_to_vector_area,30,2026-09-08T06:55:17+00:00
G076035E41047N,upper_syr_darya,syr_darya,3000_4000,3000,4000,0.053814,11.5795,srtm_band_mask_rescaled_to_vector_area,30,2026-09-08T06:55:17+00:00
G076035E41047N,upper_syr_darya,syr_darya,gte_4000,4000,,0.410922,88.4205,srtm_band_mask_rescaled_to_vector_area,30,2026-09-08T06:55:17+00:00
G076035E41060N,upper_syr_darya,syr_darya,3000_4000,3000,4000,0.050734,90.0428,srtm_band_mask_rescaled_to_vector_area,30,2026-09-08T06:55:17+00:00
G076035E41060N,upper_syr_darya,syr_darya,gte_4000,4000,,0.005610,9.9572,srtm_band_mask_rescaled_to_vector_area,30,2026-09-08T06:55:17+00:00
G076035E41067N,upper_syr_darya,syr_darya,gte_4000,4000,,0.028236,100.0000,srtm_band_mask_rescaled_to_vector_area,30,2026-09-08T06:55:17+00:00
G076035E41069N,upper_syr_darya,syr_darya,3000_4000,3000,4000,0.023869,67.8644,srtm_band_mask_rescaled_to_vector_area,30,2026-09-08T06:55:17+00:00
G076035E41069N,upper_syr_darya,syr_darya,gte_4000,4000,,0.011303,32.1356,srtm_band_mask_rescaled_to_vector_area,30,2026-09-08T06:55:17+00:00
G076039E41042N,upper_syr_darya,syr_darya,3000_4000,3000,4000,0.124462,18.0963,srtm_band_mask_rescaled_to_vector_area,30,2026-09-08T06:55:17+00:00
G076039E41042N,upper_syr_darya,syr_darya,gte_4000,4000,,0.563311,81.9037,srtm_band_mask_rescaled_to_vector_area,30,2026-09-08T06:55:17+00:00
G076039E41069N,upper_syr_darya,syr_darya,3000_4000,3000,4000,0.013471,100.0000,srtm_band_mask_rescaled_to_vector_area,30,2026-09-08T06:55:17+00:00
G076053E41050N,upper_syr_darya,syr_darya,3000_4000,3000,4000,0.097700,29.2403,srtm_band_mask_rescaled_to_vector_area,30,2026-09-08T06:55:17+00:00
G076053E41050N,upper_syr_darya,syr_darya,gte_4000,4000,,0.236428,70.7597,srtm_band_mask_rescaled_to_vector_area,30,2026-09-08T06:55:17+00:00
G076061E41058N,upper_syr_darya,syr_darya,3000_4000,3000,4000,0.109829,20.5294,srtm_band_mask_rescaled_to_vector_area,30,2026-09-08T06:55:17+00:00
G076061E41058N,upper_syr_darya,syr_darya,gte_4000,4000,,0.425154,79.4706,srtm_band_mask_rescaled_to_vector_area,30,2026-09-08T06:55:17+00:00
G076067E41079N,upper_syr_darya,syr_darya,gte_4000,4000,,0.048287,100.0000,srtm_band_mask_rescaled_to_vector_area,30,2026-09-08T06:55:17+00:00
G076068E41633N,upper_syr_darya,syr_darya,3000_4000,3000,4000,0.014505,100.0000,srtm_band_mask_rescaled_to_vector_area,30,2026-09-08T06:55:17+00:00
G076070E41632N,upper_syr_darya,syr_darya,3000_4000,3000,4000,0.024167,100.0000,srtm_band_mask_rescaled_to_vector_area,30,2026-09-08T06:55:17+00:00
G076072E41079N,upper_syr_darya,syr_darya,3000_4000,3000,4000,0.059918,26.4573,srtm_band_mask_rescaled_to_vector_area,30,2026-09-08T06:55:17+00:00
G076072E41079N,upper_syr_darya,syr_darya,gte_4000,4000,,0.166552,73.5427,srtm_band_mask_rescaled_to_vector_area,30,2026-09-08T06:55:17+00:00
G076073E41062N,upper_syr_darya,syr_darya,3000_4000,3000,4000,0.026093,16.7622,srtm_band_mask_rescaled_to_vector_area,30,2026-09-08T06:55:17+00:00
G076073E41062N,upper_syr_darya,syr_darya,gte_4000,4000,,0.129574,83.2378,srtm_band_mask_rescaled_to_vector_area,30,2026-09-08T06:55:17+00:00
G076074E41068N,upper_syr_darya,syr_darya,3000_4000,3000,4000,0.000061,0.0954,srtm_band_mask_rescaled_to_vector_area,30,2026-09-08T06:55:17+00:00
G076074E41068N,upper_syr_darya,syr_darya,gte_4000,4000,,0.063976,99.9046,srtm_band_mask_rescaled_to_vector_area,30,2026-09-08T06:55:17+00:00
G076075E41057N,upper_syr_darya,syr_darya,3000_4000,3000,4000,0.000782,0.4995,srtm_band_mask_rescaled_to_vector_area,30,2026-09-08T06:55:17+00:00
G076075E41057N,upper_syr_darya,syr_darya,gte_4000,4000,,0.155806,99.5005,srtm_band_mask_rescaled_to_vector_area,30,2026-09-08T06:55:17+00:00
G076076E41623N,upper_syr_darya,syr_darya,3000_4000,3000,4000,0.013111,78.5554,srtm_band_mask_rescaled_to_vector_area,30,2026-09-08T06:55:17+00:00
G076076E41623N,upper_syr_darya,syr_darya,gte_4000,4000,,0.003579,21.4446,srtm_band_mask_rescaled_to_vector_area,30,2026-09-08T06:55:17+00:00
G076078E41077N,upper_syr_darya,syr_darya,3000_4000,3000,4000,0.124314,34.0180,srtm_band_mask_rescaled_to_vector_area,30,2026-09-08T06:55:17+00:00
G076078E41077N,upper_syr_darya,syr_darya,gte_4000,4000,,0.241122,65.9820,srtm_band_mask_rescaled_to_vector_area,30,2026-09-08T06:55:17+00:00
G076082E41057N,upper_syr_darya,syr_darya,3000_4000,3000,4000,0.023503,99.7970,srtm_band_mask_rescaled_to_vector_area,30,2026-09-08T06:55:17+00:00
G076082E41057N,upper_syr_darya,syr_darya,gte_4000,4000,,0.000048,0.2030,srtm_band_mask_rescaled_to_vector_area,30,2026-09-08T06:55:17+00:00
G076083E41623N,upper_syr_darya,syr_darya,3000_4000,3000,4000,0.026726,100.0000,srtm_band_mask_rescaled_to_vector_area,30,2026-09-08T06:55:17+00:00
G076090E41615N,upper_syr_darya,syr_darya,3000_4000,3000,4000,0.578620,96.1011,srtm_band_mask_rescaled_to_vector_area,30,2026-09-08T06:55:17+00:00
G076090E41615N,upper_syr_darya,syr_darya,gte_4000,4000,,0.023475,3.8989,srtm_band_mask_rescaled_to_vector_area,30,2026-09-08T06:55:17+00:00
G076095E41058N,upper_syr_darya,syr_darya,3000_4000,3000,4000,0.024146,33.3881,srtm_band_mask_rescaled_to_vector_area,30,2026-09-08T06:55:17+00:00
G076095E41058N,upper_syr_darya,syr_darya,gte_4000,4000,,0.048174,66.6119,srtm_band_mask_rescaled_to_vector_area,30,2026-09-08T06:55:17+00:00
G076097E41601N,upper_syr_darya,syr_darya,3000_4000,3000,4000,0.038455,100.0000,srtm_band_mask_rescaled_to_vector_area,30,2026-09-08T06:55:17+00:00
G076097E41632N,upper_syr_darya,syr_darya,3000_4000,3000,4000,0.004555,27.7288,srtm_band_mask_rescaled_to_vector_area,30,2026-09-08T06:55:17+00:00
G076097E41632N,upper_syr_darya,syr_darya,gte_4000,4000,,0.011871,72.2712,srtm_band_mask_rescaled_to_vector_area,30,2026-09-08T06:55:17+00:00
G076099E41057N,upper_syr_darya,syr_darya,gte_4000,4000,,0.071065,100.0000,srtm_band_mask_rescaled_to_vector_area,30,2026-09-08T06:55:17+00:00
G076101E41745N,upper_syr_darya,syr_darya,3000_4000,3000,4000,0.196427,99.9317,srtm_band_mask_rescaled_to_vector_area,30,2026-09-08T06:55:17+00:00
G076101E41745N,upper_syr_darya,syr_darya,gte_4000,4000,,0.000134,0.0683,srtm_band_mask_rescaled_to_vector_area,30,2026-09-08T06:55:17+00:00
G076102E41627N,upper_syr_darya,syr_darya,3000_4000,3000,4000,0.019030,64.7786,srtm_band_mask_rescaled_to_vector_area,30,2026-09-08T06:55:17+00:00
G076102E41627N,upper_syr_darya,syr_darya,gte_4000,4000,,0.010347,35.2214,srtm_band_mask_rescaled_to_vector_area,30,2026-09-08T06:55:17+00:00
G076103E41630N,upper_syr_darya,syr_darya,3000_4000,3000,4000,0.021149,100.0000,srtm_band_mask_rescaled_to_vector_area,30,2026-09-08T06:55:17+00:00
G076105E41058N,upper_syr_darya,syr_darya,3000_4000,3000,4000,0.019542,43.7385,srtm_band_mask_rescaled_to_vector_area,30,2026-09-08T06:55:17+00:00
G076105E41058N,upper_syr_darya,syr_darya,gte_4000,4000,,0.025137,56.2615,srtm_band_mask_rescaled_to_vector_area,30,2026-09-08T06:55:17+00:00
G076105E41599N,upper_syr_darya,syr_darya,3000_4000,3000,4000,0.030855,100.0000,srtm_band_mask_rescaled_to_vector_area,30,2026-09-08T06:55:17+00:00
G076106E41740N,upper_syr_darya,syr_darya,3000_4000,3000,4000,0.099403,100.0000,srtm_band_mask_rescaled_to_vector_area,30,2026-09-08T06:55:17+00:00
G076107E41596N,upper_syr_darya,syr_darya,3000_4000,3000,4000,0.051119,100.0000,srtm_band_mask_rescaled_to_vector_area,30,2026-09-08T06:55:17+00:00
G076107E41740N,upper_syr_darya,syr_darya,3000_4000,3000,4000,0.111556,100.0000,srtm_band_mask_rescaled_to_vector_area,30,2026-09-08T06:55:17+00:00
G076109E41738N,upper_syr_darya,syr_darya,3000_4000,3000,4000,0.026231,100.0000,srtm_band_mask_rescaled_to_vector_area,30,2026-09-08T06:55:17+00:00
G076110E41597N,upper_syr_darya,syr_darya,3000_4000,3000,4000,0.031755,100.0000,srtm_band_mask_rescaled_to_vector_area,30,2026-09-08T06:55:17+00:00
G076115E41738N,upper_syr_darya,syr_darya,3000_4000,3000,4000,0.036825,100.0000,srtm_band_mask_rescaled_to_vector_area,30,2026-09-08T06:55:17+00:00
G076124E41074N,upper_syr_darya,syr_darya,3000_4000,3000,4000,0.081586,39.6771,srtm_band_mask_rescaled_to_vector_area,30,2026-09-08T06:55:17+00:00
G076124E41074N,upper_syr_darya,syr_darya,gte_4000,4000,,0.124038,60.3229,srtm_band_mask_rescaled_to_vector_area,30,2026-09-08T06:55:17+00:00
G076128E41074N,upper_syr_darya,syr_darya,3000_4000,3000,4000,0.001724,1.6264,srtm_band_mask_rescaled_to_vector_area,30,2026-09-08T06:55:17+00:00
G076128E41074N,upper_syr_darya,syr_darya,gte_4000,4000,,0.104276,98.3736,srtm_band_mask_rescaled_to_vector_area,30,2026-09-08T06:55:17+00:00
G076129E41082N,upper_syr_darya,syr_darya,3000_4000,3000,4000,0.059802,26.7459,srtm_band_mask_rescaled_to_vector_area,30,2026-09-08T06:55:17+00:00
G076129E41082N,upper_syr_darya,syr_darya,gte_4000,4000,,0.163792,73.2541,srtm_band_mask_rescaled_to_vector_area,30,2026-09-08T06:55:17+00:00
G076130E41066N,upper_syr_darya,syr_darya,gte_4000,4000,,0.345764,100.0000,srtm_band_mask_rescaled_to_vector_area,30,2026-09-08T06:55:17+00:00
G076131E41066N,upper_syr_darya,syr_darya,gte_4000,4000,,0.434930,100.0000,srtm_band_mask_rescaled_to_vector_area,30,2026-09-08T06:55:17+00:00
G076135E41625N,upper_syr_darya,syr_darya,3000_4000,3000,4000,0.137130,100.0000,srtm_band_mask_rescaled_to_vector_area,30,2026-09-08T06:55:17+00:00
G076136E41089N,upper_syr_darya,syr_darya,3000_4000,3000,4000,0.106562,38.3389,srtm_band_mask_rescaled_to_vector_area,30,2026-09-08T06:55:17+00:00
G076136E41089N,upper_syr_darya,syr_darya,gte_4000,4000,,0.171385,61.6611,srtm_band_mask_rescaled_to_vector_area,30,2026-09-08T06:55:17+00:00
G076140E41618N,upper_syr_darya,syr_darya,3000_4000,3000,4000,0.183175,84.0485,srtm_band_mask_rescaled_to_vector_area,30,2026-09-08T06:55:17+00:00
G076140E41618N,upper_syr_darya,syr_darya,gte_4000,4000,,0.034765,15.9515,srtm_band_mask_rescaled_to_vector_area,30,2026-09-08T06:55:17+00:00
G076142E41086N,upper_syr_darya,syr_darya,3000_4000,3000,4000,0.131592,46.2743,srtm_band_mask_rescaled_to_vector_area,30,2026-09-08T06:55:17+00:00
G076142E41086N,upper_syr_darya,syr_darya,gte_4000,4000,,0.152782,53.7257,srtm_band_mask_rescaled_to_vector_area,30,2026-09-08T06:55:17+00:00
G076142E41611N,upper_syr_darya,syr_darya,3000_4000,3000,4000,0.137640,92.4268,srtm_band_mask_rescaled_to_vector_area,30,2026-09-08T06:55:17+00:00
G076142E41611N,upper_syr_darya,syr_darya,gte_4000,4000,,0.011278,7.5732,srtm_band_mask_rescaled_to_vector_area,30,2026-09-08T06:55:17+00:00
G076147E41078N,upper_syr_darya,syr_darya,3000_4000,3000,4000,0.019406,40.8563,srtm_band_mask_rescaled_to_vector_area,30,2026-09-08T06:55:17+00:00
G076147E41078N,upper_syr_darya,syr_darya,gte_4000,4000,,0.028092,59.1437,srtm_band_mask_rescaled_to_vector_area,30,2026-09-08T06:55:17+00:00
G076151E41611N,upper_syr_darya,syr_darya,3000_4000,3000,4000,0.407964,99.7311,srtm_band_mask_rescaled_to_vector_area,30,2026-09-08T06:55:17+00:00
G076151E41611N,upper_syr_darya,syr_darya,gte_4000,4000,,0.001100,0.2689,srtm_band_mask_rescaled_to_vector_area,30,2026-09-08T06:55:17+00:00
G076161E41629N,upper_syr_darya,syr_darya,3000_4000,3000,4000,0.004396,40.5944,srtm_band_mask_rescaled_to_vector_area,30,2026-09-08T06:55:17+00:00
G076161E41629N,upper_syr_darya,syr_darya,gte_4000,4000,,0.006433,59.4056,srtm_band_mask_rescaled_to_vector_area,30,2026-09-08T06:55:17+00:00
G076163E41632N,upper_syr_darya,syr_darya,3000_4000,3000,4000,0.004005,38.1118,srtm_band_mask_rescaled_to_vector_area,30,2026-09-08T06:55:17+00:00
G076163E41632N,upper_syr_darya,syr_darya,gte_4000,4000,,0.006503,61.8882,srtm_band_mask_rescaled_to_vector_area,30,2026-09-08T06:55:17+00:00
G076166E41081N,upper_syr_darya,syr_darya,3000_4000,3000,4000,0.052561,51.3810,srtm_band_mask_rescaled_to_vector_area,30,2026-09-08T06:55:17+00:00
G076166E41081N,upper_syr_darya,syr_darya,gte_4000,4000,,0.049736,48.6190,srtm_band_mask_rescaled_to_vector_area,30,2026-09-08T06:55:17+00:00
G076168E41614N,upper_syr_darya,syr_darya,3000_4000,3000,4000,0.427379,82.3203,srtm_band_mask_rescaled_to_vector_area,30,2026-09-08T06:55:17+00:00
G076168E41614N,upper_syr_darya,syr_darya,gte_4000,4000,,0.091787,17.6797,srtm_band_mask_rescaled_to_vector_area,30,2026-09-08T06:55:17+00:00
G076171E41739N,upper_syr_darya,syr_darya,3000_4000,3000,4000,0.016589,100.0000,srtm_band_mask_rescaled_to_vector_area,30,2026-09-08T06:55:17+00:00
G076177E41735N,upper_syr_darya,syr_darya,3000_4000,3000,4000,0.119631,100.0000,srtm_band_mask_rescaled_to_vector_area,30,2026-09-08T06:55:17+00:00
G076179E41092N,upper_syr_darya,syr_darya,3000_4000,3000,4000,0.077992,55.5035,srtm_band_mask_rescaled_to_vector_area,30,2026-09-08T06:55:17+00:00
G076179E41092N,upper_syr_darya,syr_darya,gte_4000,4000,,0.062525,44.4965,srtm_band_mask_rescaled_to_vector_area,30,2026-09-08T06:55:17+00:00
G076179E41615N,upper_syr_darya,syr_darya,3000_4000,3000,4000,0.021928,88.4010,srtm_band_mask_rescaled_to_vector_area,30,2026-09-08T06:55:17+00:00
G076179E41615N,upper_syr_darya,syr_darya,gte_4000,4000,,0.002877,11.5990,srtm_band_mask_rescaled_to_vector_area,30,2026-09-08T06:55:17+00:00
G076182E41616N,upper_syr_darya,syr_darya,3000_4000,3000,4000,0.147808,96.1525,srtm_band_mask_rescaled_to_vector_area,30,2026-09-08T06:55:17+00:00
G076182E41616N,upper_syr_darya,syr_darya,gte_4000,4000,,0.005914,3.8475,srtm_band_mask_rescaled_to_vector_area,30,2026-09-08T06:55:17+00:00
G076183E41616N,upper_syr_darya,syr_darya,3000_4000,3000,4000,0.108097,100.0000,srtm_band_mask_rescaled_to_vector_area,30,2026-09-08T06:55:17+00:00
G076183E41737N,upper_syr_darya,syr_darya,3000_4000,3000,4000,0.061596,93.2960,srtm_band_mask_rescaled_to_vector_area,30,2026-09-08T06:55:17+00:00
G076183E41737N,upper_syr_darya,syr_darya,gte_4000,4000,,0.004426,6.7040,srtm_band_mask_rescaled_to_vector_area,30,2026-09-08T06:55:17+00:00
G076190E41741N,upper_syr_darya,syr_darya,3000_4000,3000,4000,0.020350,100.0000,srtm_band_mask_rescaled_to_vector_area,30,2026-09-08T06:55:17+00:00
G076191E41101N,upper_syr_darya,syr_darya,3000_4000,3000,4000,0.167263,70.0365,srtm_band_mask_rescaled_to_vector_area,30,2026-09-08T06:55:17+00:00
G076191E41101N,upper_syr_darya,syr_darya,gte_4000,4000,,0.071560,29.9635,srtm_band_mask_rescaled_to_vector_area,30,2026-09-08T06:55:17+00:00
G076196E41621N,upper_syr_darya,syr_darya,3000_4000,3000,4000,0.025883,83.7140,srtm_band_mask_rescaled_to_vector_area,30,2026-09-08T06:55:17+00:00
G076196E41621N,upper_syr_darya,syr_darya,gte_4000,4000,,0.005035,16.2860,srtm_band_mask_rescaled_to_vector_area,30,2026-09-08T06:55:17+00:00
G076197E41616N,upper_syr_darya,syr_darya,3000_4000,3000,4000,0.085369,100.0000,srtm_band_mask_rescaled_to_vector_area,30,2026-09-08T06:55:17+00:00
G076198E41628N,upper_syr_darya,syr_darya,gte_4000,4000,,0.016458,100.0000,srtm_band_mask_rescaled_to_vector_area,30,2026-09-08T06:55:17+00:00
G076198E41742N,upper_syr_darya,syr_darya,3000_4000,3000,4000,0.016639,91.5639,srtm_band_mask_rescaled_to_vector_area,30,2026-09-08T06:55:17+00:00
G076198E41742N,upper_syr_darya,syr_darya,gte_4000,4000,,0.001533,8.4361,srtm_band_mask_rescaled_to_vector_area,30,2026-09-08T06:55:17+00:00
G076202E41612N,upper_syr_darya,syr_darya,3000_4000,3000,4000,0.018050,100.0000,srtm_band_mask_rescaled_to_vector_area,30,2026-09-08T06:55:17+00:00
G076202E41631N,upper_syr_darya,syr_darya,3000_4000,3000,4000,0.141812,36.0965,srtm_band_mask_rescaled_to_vector_area,30,2026-09-08T06:55:17+00:00
G076202E41631N,upper_syr_darya,syr_darya,gte_4000,4000,,0.251057,63.9035,srtm_band_mask_rescaled_to_vector_area,30,2026-09-08T06:55:17+00:00
G076203E41660N,upper_syr_darya,syr_darya,3000_4000,3000,4000,0.038025,55.3000,srtm_band_mask_rescaled_to_vector_area,30,2026-09-08T06:55:17+00:00
G076203E41660N,upper_syr_darya,syr_darya,gte_4000,4000,,0.030737,44.7000,srtm_band_mask_rescaled_to_vector_area,30,2026-09-08T06:55:17+00:00
G076204E41743N,upper_syr_darya,syr_darya,3000_4000,3000,4000,0.143608,100.0000,srtm_band_mask_rescaled_to_vector_area,30,2026-09-08T06:55:17+00:00
G076205E41108N,upper_syr_darya,syr_darya,3000_4000,3000,4000,0.061615,100.0000,srtm_band_mask_rescaled_to_vector_area,30,2026-09-08T06:55:17+00:00
G076213E41105N,upper_syr_darya,syr_darya,gte_4000,4000,,0.084426,100.0000,srtm_band_mask_rescaled_to_vector_area,30,2026-09-08T06:55:17+00:00
G076213E41631N,upper_syr_darya,syr_darya,3000_4000,3000,4000,0.647792,59.7968,srtm_band_mask_rescaled_to_vector_area,30,2026-09-08T06:55:17+00:00
G076213E41631N,upper_syr_darya,syr_darya,gte_4000,4000,,0.435530,40.2032,srtm_band_mask_rescaled_to_vector_area,30,2026-09-08T06:55:17+00:00
G076213E41649N,upper_syr_darya,syr_darya,3000_4000,3000,4000,0.156021,52.6516,srtm_band_mask_rescaled_to_vector_area,30,2026-09-08T06:55:17+00:00
G076213E41649N,upper_syr_darya,syr_darya,gte_4000,4000,,0.140306,47.3484,srtm_band_mask_rescaled_to_vector_area,30,2026-09-08T06:55:17+00:00
G076213E41738N,upper_syr_darya,syr_darya,3000_4000,3000,4000,0.162497,100.0000,srtm_band_mask_rescaled_to_vector_area,30,2026-09-08T06:55:17+00:00
G076220E41109N,upper_syr_darya,syr_darya,3000_4000,3000,4000,0.197007,81.4498,srtm_band_mask_rescaled_to_vector_area,30,2026-09-08T06:55:17+00:00
G076220E41109N,upper_syr_darya,syr_darya,gte_4000,4000,,0.044868,18.5502,srtm_band_mask_rescaled_to_vector_area,30,2026-09-08T06:55:17+00:00
G076220E41647N,upper_syr_darya,syr_darya,3000_4000,3000,4000,0.009581,51.5244,srtm_band_mask_rescaled_to_vector_area,30,2026-09-08T06:55:17+00:00
G076220E41647N,upper_syr_darya,syr_darya,gte_4000,4000,,0.009014,48.4756,srtm_band_mask_rescaled_to_vector_area,30,2026-09-08T06:55:17+00:00
G076221E41639N,upper_syr_darya,syr_darya,gte_4000,4000,,0.057609,100.0000,srtm_band_mask_rescaled_to_vector_area,30,2026-09-08T06:55:17+00:00
G076221E41644N,upper_syr_darya,syr_darya,3000_4000,3000,4000,0.012949,33.1731,srtm_band_mask_rescaled_to_vector_area,30,2026-09-08T06:55:17+00:00
G076221E41644N,upper_syr_darya,syr_darya,gte_4000,4000,,0.026086,66.8269,srtm_band_mask_rescaled_to_vector_area,30,2026-09-08T06:55:17+00:00
G076225E41640N,upper_syr_darya,syr_darya,3000_4000,3000,4000,0.017417,29.3931,srtm_band_mask_rescaled_to_vector_area,30,2026-09-08T06:55:17+00:00
G076225E41640N,upper_syr_darya,syr_darya,gte_4000,4000,,0.041838,70.6069,srtm_band_mask_rescaled_to_vector_area,30,2026-09-08T06:55:17+00:00
G076226E41116N,upper_syr_darya,syr_darya,3000_4000,3000,4000,0.057974,99.9175,srtm_band_mask_rescaled_to_vector_area,30,2026-09-08T06:55:17+00:00
G076226E41116N,upper_syr_darya,syr_darya,gte_4000,4000,,0.000048,0.0825,srtm_band_mask_rescaled_to_vector_area,30,2026-09-08T06:55:17+00:00
G076226E41625N,upper_syr_darya,syr_darya,3000_4000,3000,4000,0.028079,59.1949,srtm_band_mask_rescaled_to_vector_area,30,2026-09-08T06:55:17+00:00
G076226E41625N,upper_syr_darya,syr_darya,gte_4000,4000,,0.019356,40.8051,srtm_band_mask_rescaled_to_vector_area,30,2026-09-08T06:55:17+00:00
G076228E41737N,upper_syr_darya,syr_darya,3000_4000,3000,4000,0.060728,100.0000,srtm_band_mask_rescaled_to_vector_area,30,2026-09-08T06:55:17+00:00
G076233E41128N,upper_syr_darya,syr_darya,3000_4000,3000,4000,0.133408,96.1362,srtm_band_mask_rescaled_to_vector_area,30,2026-09-08T06:55:17+00:00
G076233E41128N,upper_syr_darya,syr_darya,gte_4000,4000,,0.005362,3.8638,srtm_band_mask_rescaled_to_vector_area,30,2026-09-08T06:55:17+00:00
G076235E41115N,upper_syr_darya,syr_darya,3000_4000,3000,4000,0.042273,17.1182,srtm_band_mask_rescaled_to_vector_area,30,2026-09-08T06:55:17+00:00
G076235E41115N,upper_syr_darya,syr_darya,gte_4000,4000,,0.204677,82.8818,srtm_band_mask_rescaled_to_vector_area,30,2026-09-08T06:55:17+00:00
G076235E41635N,upper_syr_darya,syr_darya,3000_4000,3000,4000,1.356775,56.5224,srtm_band_mask_rescaled_to_vector_area,30,2026-09-08T06:55:17+00:00
G076235E41635N,upper_syr_darya,syr_darya,gte_4000,4000,,1.043643,43.4776,srtm_band_mask_rescaled_to_vector_area,30,2026-09-08T06:55:17+00:00
G076238E41109N,upper_syr_darya,syr_darya,3000_4000,3000,4000,0.012524,9.1018,srtm_band_mask_rescaled_to_vector_area,30,2026-09-08T06:55:17+00:00
G076238E41109N,upper_syr_darya,syr_darya,gte_4000,4000,,0.125079,90.8982,srtm_band_mask_rescaled_to_vector_area,30,2026-09-08T06:55:17+00:00
G076242E41653N,upper_syr_darya,syr_darya,3000_4000,3000,4000,0.014060,85.7717,srtm_band_mask_rescaled_to_vector_area,30,2026-09-08T06:55:17+00:00
G076242E41653N,upper_syr_darya,syr_darya,gte_4000,4000,,0.002332,14.2283,srtm_band_mask_rescaled_to_vector_area,30,2026-09-08T06:55:17+00:00
G076244E41105N,upper_syr_darya,syr_darya,3000_4000,3000,4000,0.039147,24.6114,srtm_band_mask_rescaled_to_vector_area,30,2026-09-08T06:55:17+00:00
G076244E41105N,upper_syr_darya,syr_darya,gte_4000,4000,,0.119912,75.3886,srtm_band_mask_rescaled_to_vector_area,30,2026-09-08T06:55:17+00:00
G076244E41124N,upper_syr_darya,syr_darya,3000_4000,3000,4000,0.037666,44.3738,srtm_band_mask_rescaled_to_vector_area,30,2026-09-08T06:55:17+00:00
G076244E41124N,upper_syr_darya,syr_darya,gte_4000,4000,,0.047217,55.6262,srtm_band_mask_rescaled_to_vector_area,30,2026-09-08T06:55:17+00:00
G076244E41137N,upper_syr_darya,syr_darya,3000_4000,3000,4000,0.053314,100.0000,srtm_band_mask_rescaled_to_vector_area,30,2026-09-08T06:55:17+00:00
G076246E41616N,upper_syr_darya,syr_darya,3000_4000,3000,4000,0.044179,100.0000,srtm_band_mask_rescaled_to_vector_area,30,2026-09-08T06:55:17+00:00
G076246E41650N,upper_syr_darya,syr_darya,3000_4000,3000,4000,0.161195,32.2795,srtm_band_mask_rescaled_to_vector_area,30,2026-09-08T06:55:17+00:00
G076246E41650N,upper_syr_darya,syr_darya,gte_4000,4000,,0.338177,67.7205,srtm_band_mask_rescaled_to_vector_area,30,2026-09-08T06:55:17+00:00
G076249E41121N,upper_syr_darya,syr_darya,3000_4000,3000,4000,0.045036,61.4912,srtm_band_mask_rescaled_to_vector_area,30,2026-09-08T06:55:17+00:00
G076249E41121N,upper_syr_darya,syr_darya,gte_4000,4000,,0.028204,38.5088,srtm_band_mask_rescaled_to_vector_area,30,2026-09-08T06:55:17+00:00
G076253E41141N,upper_syr_darya,syr_darya,3000_4000,3000,4000,0.014474,18.5772,srtm_band_mask_rescaled_to_vector_area,30,2026-09-08T06:55:17+00:00
G076253E41141N,upper_syr_darya,syr_darya,gte_4000,4000,,0.063439,81.4228,srtm_band_mask_rescaled_to_vector_area,30,2026-09-08T06:55:17+00:00
G076255E41656N,upper_syr_darya,syr_darya,3000_4000,3000,4000,0.050178,43.3165,srtm_band_mask_rescaled_to_vector_area,30,2026-09-08T06:55:17+00:00
G076255E41656N,upper_syr_darya,syr_darya,gte_4000,4000,,0.065662,56.6835,srtm_band_mask_rescaled_to_vector_area,30,2026-09-08T06:55:17+00:00
G076256E41629N,upper_syr_darya,syr_darya,3000_4000,3000,4000,1.676200,58.5605,srtm_band_mask_rescaled_to_vector_area,30,2026-09-08T06:55:17+00:00
G076256E41629N,upper_syr_darya,syr_darya,gte_4000,4000,,1.186141,41.4395,srtm_band_mask_rescaled_to_vector_area,30,2026-09-08T06:55:17+00:00
G076257E41368N,upper_syr_darya,syr_darya,3000_4000,3000,4000,0.088598,70.5761,srtm_band_mask_rescaled_to_vector_area,30,2026-09-08T06:55:17+00:00
G076257E41368N,upper_syr_darya,syr_darya,gte_4000,4000,,0.036937,29.4239,srtm_band_mask_rescaled_to_vector_area,30,2026-09-08T06:55:17+00:00
G076258E41138N,upper_syr_darya,syr_darya,3000_4000,3000,4000,0.076717,59.4592,srtm_band_mask_rescaled_to_vector_area,30,2026-09-08T06:55:17+00:00
G076258E41138N,upper_syr_darya,syr_darya,gte_4000,4000,,0.052308,40.5408,srtm_band_mask_rescaled_to_vector_area,30,2026-09-08T06:55:17+00:00
G076259E41355N,upper_syr_darya,syr_darya,3000_4000,3000,4000,0.091722,76.1520,srtm_band_mask_rescaled_to_vector_area,30,2026-09-08T06:55:17+00:00
G076259E41355N,upper_syr_darya,syr_darya,gte_4000,4000,,0.028724,23.8480,srtm_band_mask_rescaled_to_vector_area,30,2026-09-08T06:55:17+00:00
G076262E41662N,upper_syr_darya,syr_darya,3000_4000,3000,4000,0.016660,57.7181,srtm_band_mask_rescaled_to_vector_area,30,2026-09-08T06:55:17+00:00
G076262E41662N,upper_syr_darya,syr_darya,gte_4000,4000,,0.012204,42.2819,srtm_band_mask_rescaled_to_vector_area,30,2026-09-08T06:55:17+00:00
G076262E41742N,upper_syr_darya,syr_darya,3000_4000,3000,4000,0.016162,100.0000,srtm_band_mask_rescaled_to_vector_area,30,2026-09-08T06:55:17+00:00
G076268E41364N,upper_syr_darya,syr_darya,3000_4000,3000,4000,0.296552,88.2663,srtm_band_mask_rescaled_to_vector_area,30,2026-09-08T06:55:17+00:00
G076268E41364N,upper_syr_darya,syr_darya,gte_4000,4000,,0.039422,11.7337,srtm_band_mask_rescaled_to_vector_area,30,2026-09-08T06:55:17+00:00
G076269E41742N,upper_syr_darya,syr_darya,3000_4000,3000,4000,0.011666,100.0000,srtm_band_mask_rescaled_to_vector_area,30,2026-09-08T06:55:17+00:00
G076272E41633N,upper_syr_darya,syr_darya,gte_4000,4000,,0.051875,100.0000,srtm_band_mask_rescaled_to_vector_area,30,2026-09-08T06:55:17+00:00
G076275E41628N,upper_syr_darya,syr_darya,3000_4000,3000,4000,0.015033,30.4847,srtm_band_mask_rescaled_to_vector_area,30,2026-09-08T06:55:17+00:00
G076275E41628N,upper_syr_darya,syr_darya,gte_4000,4000,,0.034281,69.5153,srtm_band_mask_rescaled_to_vector_area,30,2026-09-08T06:55:17+00:00
G076275E41633N,upper_syr_darya,syr_darya,gte_4000,4000,,0.032973,100.0000,srtm_band_mask_rescaled_to_vector_area,30,2026-09-08T06:55:17+00:00
G076275E41642N,upper_syr_darya,syr_darya,3000_4000,3000,4000,0.078311,92.3393,srtm_band_mask_rescaled_to_vector_area,30,2026-09-08T06:55:17+00:00
G076275E41642N,upper_syr_darya,syr_darya,gte_4000,4000,,0.006497,7.6607,srtm_band_mask_rescaled_to_vector_area,30,2026-09-08T06:55:17+00:00
G076279E41356N,upper_syr_darya,syr_darya,3000_4000,3000,4000,0.020329,17.1101,srtm_band_mask_rescaled_to_vector_area,30,2026-09-08T06:55:17+00:00
G076279E41356N,upper_syr_darya,syr_darya,gte_4000,4000,,0.098483,82.8899,srtm_band_mask_rescaled_to_vector_area,30,2026-09-08T06:55:17+00:00
G076280E41149N,upper_syr_darya,syr_darya,3000_4000,3000,4000,0.052403,100.0000,srtm_band_mask_rescaled_to_vector_area,30,2026-09-08T06:55:17+00:00
G076280E41633N,upper_syr_darya,syr_darya,3000_4000,3000,4000,0.031407,66.3695,srtm_band_mask_rescaled_to_vector_area,30,2026-09-08T06:55:17+00:00
G076280E41633N,upper_syr_darya,syr_darya,gte_4000,4000,,0.015915,33.6305,srtm_band_mask_rescaled_to_vector_area,30,2026-09-08T06:55:17+00:00
G076281E41639N,upper_syr_darya,syr_darya,3000_4000,3000,4000,0.484291,53.5198,srtm_band_mask_rescaled_to_vector_area,30,2026-09-08T06:55:17+00:00
G076281E41639N,upper_syr_darya,syr_darya,gte_4000,4000,,0.420592,46.4802,srtm_band_mask_rescaled_to_vector_area,30,2026-09-08T06:55:17+00:00
G076282E41362N,upper_syr_darya,syr_darya,3000_4000,3000,4000,0.330458,85.9953,srtm_band_mask_rescaled_to_vector_area,30,2026-09-08T06:55:17+00:00
G076282E41362N,upper_syr_darya,syr_darya,gte_4000,4000,,0.053816,14.0047,srtm_band_mask_rescaled_to_vector_area,30,2026-09-08T06:55:17+00:00
G076285E41148N,upper_syr_darya,syr_darya,3000_4000,3000,4000,0.054002,59.5298,srtm_band_mask_rescaled_to_vector_area,30,2026-09-08T06:55:17+00:00
G076285E41148N,upper_syr_darya,syr_darya,gte_4000,4000,,0.036712,40.4702,srtm_band_mask_rescaled_to_vector_area,30,2026-09-08T06:55:17+00:00
G076287E41144N,upper_syr_darya,syr_darya,gte_4000,4000,,0.015471,100.0000,srtm_band_mask_rescaled_to_vector_area,30,2026-09-08T06:55:17+00:00
G076290E41146N,upper_syr_darya,syr_darya,3000_4000,3000,4000,0.006326,36.7794,srtm_band_mask_rescaled_to_vector_area,30,2026-09-08T06:55:17+00:00
G076290E41146N,upper_syr_darya,syr_darya,gte_4000,4000,,0.010873,63.2206,srtm_band_mask_rescaled_to_vector_area,30,2026-09-08T06:55:17+00:00
G076293E41141N,upper_syr_darya,syr_darya,3000_4000,3000,4000,0.083495,54.3699,srtm_band_mask_rescaled_to_vector_area,30,2026-09-08T06:55:17+00:00
G076293E41141N,upper_syr_darya,syr_darya,gte_4000,4000,,0.070073,45.6301,srtm_band_mask_rescaled_to_vector_area,30,2026-09-08T06:55:17+00:00
G076295E41358N,upper_syr_darya,syr_darya,3000_4000,3000,4000,0.322700,100.0000,srtm_band_mask_rescaled_to_vector_area,30,2026-09-08T06:55:17+00:00
G076296E41643N,upper_syr_darya,syr_darya,3000_4000,3000,4000,0.017653,17.4439,srtm_band_mask_rescaled_to_vector_area,30,2026-09-08T06:55:17+00:00
G076296E41643N,upper_syr_darya,syr_darya,gte_4000,4000,,0.083546,82.5561,srtm_band_mask_rescaled_to_vector_area,30,2026-09-08T06:55:17+00:00
G076297E41628N,upper_syr_darya,syr_darya,3000_4000,3000,4000,0.026795,100.0000,srtm_band_mask_rescaled_to_vector_area,30,2026-09-08T06:55:17+00:00
G076304E41635N,upper_syr_darya,syr_darya,3000_4000,3000,4000,1.373379,71.8049,srtm_band_mask_rescaled_to_vector_area,30,2026-09-08T06:55:17+00:00
G076304E41635N,upper_syr_darya,syr_darya,gte_4000,4000,,0.539275,28.1951,srtm_band_mask_rescaled_to_vector_area,30,2026-09-08T06:55:17+00:00
G076305E41738N,upper_syr_darya,syr_darya,3000_4000,3000,4000,0.012910,100.0000,srtm_band_mask_rescaled_to_vector_area,30,2026-09-08T06:55:17+00:00
G076306E41359N,upper_syr_darya,syr_darya,3000_4000,3000,4000,0.055550,82.0472,srtm_band_mask_rescaled_to_vector_area,30,2026-09-08T06:55:17+00:00
G076306E41359N,upper_syr_darya,syr_darya,gte_4000,4000,,0.012155,17.9528,srtm_band_mask_rescaled_to_vector_area,30,2026-09-08T06:55:17+00:00
G076308E41375N,upper_syr_darya,syr_darya,3000_4000,3000,4000,0.036656,73.1350,srtm_band_mask_rescaled_to_vector_area,30,2026-09-08T06:55:17+00:00
G076308E41375N,upper_syr_darya,syr_darya,gte_4000,4000,,0.013465,26.8650,srtm_band_mask_rescaled_to_vector_area,30,2026-09-08T06:55:17+00:00
G076317E41637N,upper_syr_darya,syr_darya,3000_4000,3000,4000,0.141179,61.4889,srtm_band_mask_rescaled_to_vector_area,30,2026-09-08T06:55:17+00:00
G076317E41637N,upper_syr_darya,syr_darya,gte_4000,4000,,0.088422,38.5111,srtm_band_mask_rescaled_to_vector_area,30,2026-09-08T06:55:17+00:00
G076318E41378N,upper_syr_darya,syr_darya,3000_4000,3000,4000,0.207893,80.6726,srtm_band_mask_rescaled_to_vector_area,30,2026-09-08T06:55:17+00:00
G076318E41378N,upper_syr_darya,syr_darya,gte_4000,4000,,0.049807,19.3274,srtm_band_mask_rescaled_to_vector_area,30,2026-09-08T06:55:17+00:00
G076319E41367N,upper_syr_darya,syr_darya,3000_4000,3000,4000,0.060095,38.4296,srtm_band_mask_rescaled_to_vector_area,30,2026-09-08T06:55:17+00:00
G076319E41367N,upper_syr_darya,syr_darya,gte_4000,4000,,0.096282,61.5704,srtm_band_mask_rescaled_to_vector_area,30,2026-09-08T06:55:17+00:00
G076322E41617N,upper_syr_darya,syr_darya,3000_4000,3000,4000,0.014918,100.0000,srtm_band_mask_rescaled_to_vector_area,30,2026-09-08T06:55:17+00:00
G076326E41376N,upper_syr_darya,syr_darya,3000_4000,3000,4000,0.009273,12.3173,srtm_band_mask_rescaled_to_vector_area,30,2026-09-08T06:55:17+00:00
G076326E41376N,upper_syr_darya,syr_darya,gte_4000,4000,,0.066014,87.6827,srtm_band_mask_rescaled_to_vector_area,30,2026-09-08T06:55:17+00:00
G076326E41646N,upper_syr_darya,syr_darya,3000_4000,3000,4000,0.149629,40.9919,srtm_band_mask_rescaled_to_vector_area,30,2026-09-08T06:55:17+00:00
G076326E41646N,upper_syr_darya,syr_darya,gte_4000,4000,,0.215392,59.0081,srtm_band_mask_rescaled_to_vector_area,30,2026-09-08T06:55:17+00:00
G076328E41370N,upper_syr_darya,syr_darya,gte_4000,4000,,0.046291,100.0000,srtm_band_mask_rescaled_to_vector_area,30,2026-09-08T06:55:17+00:00
G076329E41621N,upper_syr_darya,syr_darya,3000_4000,3000,4000,0.073310,37.3371,srtm_band_mask_rescaled_to_vector_area,30,2026-09-08T06:55:17+00:00
G076329E41621N,upper_syr_darya,syr_darya,gte_4000,4000,,0.123037,62.6629,srtm_band_mask_rescaled_to_vector_area,30,2026-09-08T06:55:17+00:00
G076329E41633N,upper_syr_darya,syr_darya,3000_4000,3000,4000,1.300160,47.3989,srtm_band_mask_rescaled_to_vector_area,30,2026-09-08T06:55:17+00:00
G076329E41633N,upper_syr_darya,syr_darya,gte_4000,4000,,1.442860,52.6011,srtm_band_mask_rescaled_to_vector_area,30,2026-09-08T06:55:17+00:00
G076330E41339N,upper_syr_darya,syr_darya,3000_4000,3000,4000,0.171751,45.4365,srtm_band_mask_rescaled_to_vector_area,30,2026-09-08T06:55:17+00:00
G076330E41339N,upper_syr_darya,syr_darya,gte_4000,4000,,0.206251,54.5635,srtm_band_mask_rescaled_to_vector_area,30,2026-09-08T06:55:17+00:00
G076333E41374N,upper_syr_darya,syr_darya,3000_4000,3000,4000,0.055176,100.0000,srtm_band_mask_rescaled_to_vector_area,30,2026-09-08T06:55:17+00:00
G076336E41346N,upper_syr_darya,syr_darya,3000_4000,3000,4000,0.090117,50.2933,srtm_band_mask_rescaled_to_vector_area,30,2026-09-08T06:55:17+00:00
G076336E41346N,upper_syr_darya,syr_darya,gte_4000,4000,,0.089066,49.7067,srtm_band_mask_rescaled_to_vector_area,30,2026-09-08T06:55:17+00:00
G076336E41370N,upper_syr_darya,syr_darya,3000_4000,3000,4000,0.245277,90.4748,srtm_band_mask_rescaled_to_vector_area,30,2026-09-08T06:55:17+00:00
G076336E41370N,upper_syr_darya,syr_darya,gte_4000,4000,,0.025823,9.5252,srtm_band_mask_rescaled_to_vector_area,30,2026-09-08T06:55:17+00:00
G076338E41346N,upper_syr_darya,syr_darya,3000_4000,3000,4000,0.105499,41.3710,srtm_band_mask_rescaled_to_vector_area,30,2026-09-08T06:55:17+00:00
G076338E41346N,upper_syr_darya,syr_darya,gte_4000,4000,,0.149507,58.6290,srtm_band_mask_rescaled_to_vector_area,30,2026-09-08T06:55:17+00:00
G076340E41359N,upper_syr_darya,syr_darya,3000_4000,3000,4000,0.047185,41.8011,srtm_band_mask_rescaled_to_vector_area,30,2026-09-08T06:55:17+00:00
G076340E41359N,upper_syr_darya,syr_darya,gte_4000,4000,,0.065695,58.1989,srtm_band_mask_rescaled_to_vector_area,30,2026-09-08T06:55:17+00:00
G076341E41341N,upper_syr_darya,syr_darya,gte_4000,4000,,0.058865,100.0000,srtm_band_mask_rescaled_to_vector_area,30,2026-09-08T06:55:17+00:00
G076341E41345N,upper_syr_darya,syr_darya,gte_4000,4000,,0.062020,100.0000,srtm_band_mask_rescaled_to_vector_area,30,2026-09-08T06:55:17+00:00
G076342E41176N,upper_syr_darya,syr_darya,3000_4000,3000,4000,0.040317,100.0000,srtm_band_mask_rescaled_to_vector_area,30,2026-09-08T06:55:17+00:00
G076343E41349N,upper_syr_darya,syr_darya,3000_4000,3000,4000,0.106424,60.7600,srtm_band_mask_rescaled_to_vector_area,30,2026-09-08T06:55:17+00:00
G076343E41349N,upper_syr_darya,syr_darya,gte_4000,4000,,0.068730,39.2400,srtm_band_mask_rescaled_to_vector_area,30,2026-09-08T06:55:17+00:00
G076346E41360N,upper_syr_darya,syr_darya,3000_4000,3000,4000,0.144153,35.2178,srtm_band_mask_rescaled_to_vector_area,30,2026-09-08T06:55:17+00:00
G076346E41360N,upper_syr_darya,syr_darya,gte_4000,4000,,0.265166,64.7822,srtm_band_mask_rescaled_to_vector_area,30,2026-09-08T06:55:17+00:00
G076346E41372N,upper_syr_darya,syr_darya,3000_4000,3000,4000,0.111251,66.9388,srtm_band_mask_rescaled_to_vector_area,30,2026-09-08T06:55:17+00:00
G076346E41372N,upper_syr_darya,syr_darya,gte_4000,4000,,0.054947,33.0612,srtm_band_mask_rescaled_to_vector_area,30,2026-09-08T06:55:17+00:00
G076346E41629N,upper_syr_darya,syr_darya,3000_4000,3000,4000,1.556393,46.0041,srtm_band_mask_rescaled_to_vector_area,30,2026-09-08T06:55:17+00:00
G076346E41629N,upper_syr_darya,syr_darya,gte_4000,4000,,1.826769,53.9959,srtm_band_mask_rescaled_to_vector_area,30,2026-09-08T06:55:17+00:00
G076352E41596N,upper_syr_darya,syr_darya,3000_4000,3000,4000,0.033949,52.0218,srtm_band_mask_rescaled_to_vector_area,30,2026-09-08T06:55:17+00:00
G076352E41596N,upper_syr_darya,syr_darya,gte_4000,4000,,0.031310,47.9782,srtm_band_mask_rescaled_to_vector_area,30,2026-09-08T06:55:17+00:00
G076353E41612N,upper_syr_darya,syr_darya,3000_4000,3000,4000,0.021310,71.5265,srtm_band_mask_rescaled_to_vector_area,30,2026-09-08T06:55:17+00:00
G076353E41612N,upper_syr_darya,syr_darya,gte_4000,4000,,0.008483,28.4735,srtm_band_mask_rescaled_to_vector_area,30,2026-09-08T06:55:17+00:00
G076354E41626N,upper_syr_darya,syr_darya,3000_4000,3000,4000,2.341592,45.6248,srtm_band_mask_rescaled_to_vector_area,30,2026-09-08T06:55:17+00:00
G076354E41626N,upper_syr_darya,syr_darya,gte_4000,4000,,2.790691,54.3752,srtm_band_mask_rescaled_to_vector_area,30,2026-09-08T06:55:17+00:00
G076355E41341N,upper_syr_darya,syr_darya,gte_4000,4000,,0.065921,100.0000,srtm_band_mask_rescaled_to_vector_area,30,2026-09-08T06:55:17+00:00
G076356E41605N,upper_syr_darya,syr_darya,3000_4000,3000,4000,0.021126,22.2421,srtm_band_mask_rescaled_to_vector_area,30,2026-09-08T06:55:17+00:00
G076356E41605N,upper_syr_darya,syr_darya,gte_4000,4000,,0.073855,77.7579,srtm_band_mask_rescaled_to_vector_area,30,2026-09-08T06:55:17+00:00
G076357E41348N,upper_syr_darya,syr_darya,3000_4000,3000,4000,0.444866,44.1159,srtm_band_mask_rescaled_to_vector_area,30,2026-09-08T06:55:17+00:00
G076357E41348N,upper_syr_darya,syr_darya,gte_4000,4000,,0.563536,55.8841,srtm_band_mask_rescaled_to_vector_area,30,2026-09-08T06:55:17+00:00
G076358E41373N,upper_syr_darya,syr_darya,3000_4000,3000,4000,0.194859,75.4753,srtm_band_mask_rescaled_to_vector_area,30,2026-09-08T06:55:17+00:00
G076358E41373N,upper_syr_darya,syr_darya,gte_4000,4000,,0.063317,24.5247,srtm_band_mask_rescaled_to_vector_area,30,2026-09-08T06:55:17+00:00
G076360E41600N,upper_syr_darya,syr_darya,3000_4000,3000,4000,0.037824,64.5411,srtm_band_mask_rescaled_to_vector_area,30,2026-09-08T06:55:17+00:00
G076360E41600N,upper_syr_darya,syr_darya,gte_4000,4000,,0.020780,35.4589,srtm_band_mask_rescaled_to_vector_area,30,2026-09-08T06:55:17+00:00
G076364E41624N,upper_syr_darya,syr_darya,3000_4000,3000,4000,0.933799,46.7292,srtm_band_mask_rescaled_to_vector_area,30,2026-09-08T06:55:17+00:00
G076364E41624N,upper_syr_darya,syr_darya,gte_4000,4000,,1.064520,53.2708,srtm_band_mask_rescaled_to_vector_area,30,2026-09-08T06:55:17+00:00
G076365E41365N,upper_syr_darya,syr_darya,3000_4000,3000,4000,1.240575,83.9775,srtm_band_mask_rescaled_to_vector_area,30,2026-09-08T06:55:17+00:00
G076365E41365N,upper_syr_darya,syr_darya,gte_4000,4000,,0.236695,16.0225,srtm_band_mask_rescaled_to_vector_area,30,2026-09-08T06:55:17+00:00
G076365E41603N,upper_syr_darya,syr_darya,3000_4000,3000,4000,0.019005,56.7994,srtm_band_mask_rescaled_to_vector_area,30,2026-09-08T06:55:17+00:00
G076365E41603N,upper_syr_darya,syr_darya,gte_4000,4000,,0.014455,43.2006,srtm_band_mask_rescaled_to_vector_area,30,2026-09-08T06:55:17+00:00
G076365E41605N,upper_syr_darya,syr_darya,3000_4000,3000,4000,0.013024,34.2455,srtm_band_mask_rescaled_to_vector_area,30,2026-09-08T06:55:17+00:00
G076365E41605N,upper_syr_darya,syr_darya,gte_4000,4000,,0.025007,65.7545,srtm_band_mask_rescaled_to_vector_area,30,2026-09-08T06:55:17+00:00
G076367E41344N,upper_syr_darya,syr_darya,3000_4000,3000,4000,0.075006,96.2836,srtm_band_mask_rescaled_to_vector_area,30,2026-09-08T06:55:17+00:00
G076367E41344N,upper_syr_darya,syr_darya,gte_4000,4000,,0.002895,3.7164,srtm_band_mask_rescaled_to_vector_area,30,2026-09-08T06:55:17+00:00
G076370E41612N,upper_syr_darya,syr_darya,3000_4000,3000,4000,0.584380,51.7856,srtm_band_mask_rescaled_to_vector_area,30,2026-09-08T06:55:17+00:00
G076370E41612N,upper_syr_darya,syr_darya,gte_4000,4000,,0.544081,48.2144,srtm_band_mask_rescaled_to_vector_area,30,2026-09-08T06:55:17+00:00
G076376E41188N,upper_syr_darya,syr_darya,3000_4000,3000,4000,0.061894,100.0000,srtm_band_mask_rescaled_to_vector_area,30,2026-09-08T06:55:17+00:00
G076377E41627N,upper_syr_darya,syr_darya,3000_4000,3000,4000,0.034486,47.0891,srtm_band_mask_rescaled_to_vector_area,30,2026-09-08T06:55:17+00:00
G076377E41627N,upper_syr_darya,syr_darya,gte_4000,4000,,0.038750,52.9109,srtm_band_mask_rescaled_to_vector_area,30,2026-09-08T06:55:17+00:00
G076381E41359N,upper_syr_darya,syr_darya,3000_4000,3000,4000,0.007688,5.6558,srtm_band_mask_rescaled_to_vector_area,30,2026-09-08T06:55:17+00:00
G076381E41359N,upper_syr_darya,syr_darya,gte_4000,4000,,0.128245,94.3442,srtm_band_mask_rescaled_to_vector_area,30,2026-09-08T06:55:17+00:00
G076382E41368N,upper_syr_darya,syr_darya,3000_4000,3000,4000,0.152849,46.0148,srtm_band_mask_rescaled_to_vector_area,30,2026-09-08T06:55:17+00:00
G076382E41368N,upper_syr_darya,syr_darya,gte_4000,4000,,0.179325,53.9852,srtm_band_mask_rescaled_to_vector_area,30,2026-09-08T06:55:17+00:00
G076389E41353N,upper_syr_darya,syr_darya,gte_4000,4000,,0.115908,100.0000,srtm_band_mask_rescaled_to_vector_area,30,2026-09-08T06:55:17+00:00
G076389E41368N,upper_syr_darya,syr_darya,3000_4000,3000,4000,0.095020,58.8644,srtm_band_mask_rescaled_to_vector_area,30,2026-09-08T06:55:17+00:00
G076389E41368N,upper_syr_darya,syr_darya,gte_4000,4000,,0.066402,41.1356,srtm_band_mask_rescaled_to_vector_area,30,2026-09-08T06:55:17+00:00
G076395E41359N,upper_syr_darya,syr_darya,3000_4000,3000,4000,0.539647,47.4838,srtm_band_mask_rescaled_to_vector_area,30,2026-09-08T06:55:17+00:00
G076395E41359N,upper_syr_darya,syr_darya,gte_4000,4000,,0.596840,52.5162,srtm_band_mask_rescaled_to_vector_area,30,2026-09-08T06:55:17+00:00
G076400E41368N,upper_syr_darya,syr_darya,3000_4000,3000,4000,0.257574,80.3958,srtm_band_mask_rescaled_to_vector_area,30,2026-09-08T06:55:17+00:00
G076400E41368N,upper_syr_darya,syr_darya,gte_4000,4000,,0.062808,19.6042,srtm_band_mask_rescaled_to_vector_area,30,2026-09-08T06:55:17+00:00
G076415E41366N,upper_syr_darya,syr_darya,3000_4000,3000,4000,0.114699,100.0000,srtm_band_mask_rescaled_to_vector_area,30,2026-09-08T06:55:17+00:00
G076428E41368N,upper_syr_darya,syr_darya,3000_4000,3000,4000,0.061988,100.0000,srtm_band_mask_rescaled_to_vector_area,30,2026-09-08T06:55:17+00:00
G076441E41360N,upper_syr_darya,syr_darya,3000_4000,3000,4000,0.070438,51.2755,srtm_band_mask_rescaled_to_vector_area,30,2026-09-08T06:55:17+00:00
G076441E41360N,upper_syr_darya,syr_darya,gte_4000,4000,,0.066934,48.7245,srtm_band_mask_rescaled_to_vector_area,30,2026-09-08T06:55:17+00:00
G076446E41362N,upper_syr_darya,syr_darya,3000_4000,3000,4000,0.024640,36.0213,srtm_band_mask_rescaled_to_vector_area,30,2026-09-08T06:55:17+00:00
G076446E41362N,upper_syr_darya,syr_darya,gte_4000,4000,,0.043764,63.9787,srtm_band_mask_rescaled_to_vector_area,30,2026-09-08T06:55:17+00:00
G076454E41357N,upper_syr_darya,syr_darya,3000_4000,3000,4000,0.024273,16.2486,srtm_band_mask_rescaled_to_vector_area,30,2026-09-08T06:55:17+00:00
G076454E41357N,upper_syr_darya,syr_darya,gte_4000,4000,,0.125111,83.7514,srtm_band_mask_rescaled_to_vector_area,30,2026-09-08T06:55:17+00:00
G076454E41364N,upper_syr_darya,syr_darya,3000_4000,3000,4000,0.144801,95.4735,srtm_band_mask_rescaled_to_vector_area,30,2026-09-08T06:55:17+00:00
G076454E41364N,upper_syr_darya,syr_darya,gte_4000,4000,,0.006865,4.5265,srtm_band_mask_rescaled_to_vector_area,30,2026-09-08T06:55:17+00:00
G076457E41350N,upper_syr_darya,syr_darya,3000_4000,3000,4000,0.017482,19.2830,srtm_band_mask_rescaled_to_vector_area,30,2026-09-08T06:55:17+00:00
G076457E41350N,upper_syr_darya,syr_darya,gte_4000,4000,,0.073178,80.7170,srtm_band_mask_rescaled_to_vector_area,30,2026-09-08T06:55:17+00:00
G076462E41359N,upper_syr_darya,syr_darya,3000_4000,3000,4000,0.200693,57.4543,srtm_band_mask_rescaled_to_vector_area,30,2026-09-08T06:55:17+00:00
G076462E41359N,upper_syr_darya,syr_darya,gte_4000,4000,,0.148616,42.5457,srtm_band_mask_rescaled_to_vector_area,30,2026-09-08T06:55:17+00:00
G076469E41353N,upper_syr_darya,syr_darya,3000_4000,3000,4000,0.070311,80.6911,srtm_band_mask_rescaled_to_vector_area,30,2026-09-08T06:55:17+00:00
G076469E41353N,upper_syr_darya,syr_darya,gte_4000,4000,,0.016825,19.3089,srtm_band_mask_rescaled_to_vector_area,30,2026-09-08T06:55:17+00:00
G076471E41361N,upper_syr_darya,syr_darya,3000_4000,3000,4000,0.286533,81.5531,srtm_band_mask_rescaled_to_vector_area,30,2026-09-08T06:55:17+00:00
G076471E41361N,upper_syr_darya,syr_darya,gte_4000,4000,,0.064813,18.4469,srtm_band_mask_rescaled_to_vector_area,30,2026-09-08T06:55:17+00:00
G076479E41362N,upper_syr_darya,syr_darya,3000_4000,3000,4000,0.244617,50.1280,srtm_band_mask_rescaled_to_vector_area,30,2026-09-08T06:55:17+00:00
G076479E41362N,upper_syr_darya,syr_darya,gte_4000,4000,,0.243367,49.8720,srtm_band_mask_rescaled_to_vector_area,30,2026-09-08T06:55:17+00:00
G076483E41357N,upper_syr_darya,syr_darya,3000_4000,3000,4000,0.014978,27.9242,srtm_band_mask_rescaled_to_vector_area,30,2026-09-08T06:55:17+00:00
G076483E41357N,upper_syr_darya,syr_darya,gte_4000,4000,,0.038661,72.0758,srtm_band_mask_rescaled_to_vector_area,30,2026-09-08T06:55:17+00:00
G076490E41364N,upper_syr_darya,syr_darya,3000_4000,3000,4000,0.162052,99.9951,srtm_band_mask_rescaled_to_vector_area,30,2026-09-08T06:55:17+00:00
G076490E41364N,upper_syr_darya,syr_darya,gte_4000,4000,,0.000008,0.0049,srtm_band_mask_rescaled_to_vector_area,30,2026-09-08T06:55:17+00:00
G076495E41614N,upper_syr_darya,syr_darya,3000_4000,3000,4000,0.021824,100.0000,srtm_band_mask_rescaled_to_vector_area,30,2026-09-08T06:55:17+00:00
G076498E41363N,upper_syr_darya,syr_darya,3000_4000,3000,4000,0.002637,7.2973,srtm_band_mask_rescaled_to_vector_area,30,2026-09-08T06:55:17+00:00
G076498E41363N,upper_syr_darya,syr_darya,gte_4000,4000,,0.033501,92.7027,srtm_band_mask_rescaled_to_vector_area,30,2026-09-08T06:55:17+00:00
G076502E41341N,upper_syr_darya,syr_darya,3000_4000,3000,4000,0.071702,99.2992,srtm_band_mask_rescaled_to_vector_area,30,2026-09-08T06:55:17+00:00
G076502E41341N,upper_syr_darya,syr_darya,gte_4000,4000,,0.000506,0.7008,srtm_band_mask_rescaled_to_vector_area,30,2026-09-08T06:55:17+00:00
G076506E41361N,upper_syr_darya,syr_darya,3000_4000,3000,4000,0.161928,100.0000,srtm_band_mask_rescaled_to_vector_area,30,2026-09-08T06:55:17+00:00
G076506E41612N,upper_syr_darya,syr_darya,3000_4000,3000,4000,0.025901,100.0000,srtm_band_mask_rescaled_to_vector_area,30,2026-09-08T06:55:17+00:00
G076507E41345N,upper_syr_darya,syr_darya,3000_4000,3000,4000,0.138312,74.5593,srtm_band_mask_rescaled_to_vector_area,30,2026-09-08T06:55:17+00:00
G076507E41345N,upper_syr_darya,syr_darya,gte_4000,4000,,0.047194,25.4407,srtm_band_mask_rescaled_to_vector_area,30,2026-09-08T06:55:17+00:00
G076510E41621N,upper_syr_darya,syr_darya,3000_4000,3000,4000,0.056398,100.0000,srtm_band_mask_rescaled_to_vector_area,30,2026-09-08T06:55:17+00:00
G076512E41345N,upper_syr_darya,syr_darya,3000_4000,3000,4000,0.205196,49.0820,srtm_band_mask_rescaled_to_vector_area,30,2026-09-08T06:55:17+00:00
G076512E41345N,upper_syr_darya,syr_darya,gte_4000,4000,,0.212871,50.9180,srtm_band_mask_rescaled_to_vector_area,30,2026-09-08T06:55:17+00:00
G076515E41593N,upper_syr_darya,syr_darya,3000_4000,3000,4000,0.040276,100.0000,srtm_band_mask_rescaled_to_vector_area,30,2026-09-08T06:55:17+00:00
G076517E41609N,upper_syr_darya,syr_darya,3000_4000,3000,4000,0.056897,100.0000,srtm_band_mask_rescaled_to_vector_area,30,2026-09-08T06:55:17+00:00
G076518E41351N,upper_syr_darya,syr_darya,3000_4000,3000,4000,0.246521,79.8187,srtm_band_mask_rescaled_to_vector_area,30,2026-09-08T06:55:17+00:00
G076518E41351N,upper_syr_darya,syr_darya,gte_4000,4000,,0.062330,20.1813,srtm_band_mask_rescaled_to_vector_area,30,2026-09-08T06:55:17+00:00
G076524E41601N,upper_syr_darya,syr_darya,3000_4000,3000,4000,0.439444,99.2263,srtm_band_mask_rescaled_to_vector_area,30,2026-09-08T06:55:17+00:00
G076524E41601N,upper_syr_darya,syr_darya,gte_4000,4000,,0.003427,0.7737,srtm_band_mask_rescaled_to_vector_area,30,2026-09-08T06:55:17+00:00
G076528E41350N,upper_syr_darya,syr_darya,3000_4000,3000,4000,0.121886,99.5782,srtm_band_mask_rescaled_to_vector_area,30,2026-09-08T06:55:17+00:00
G076528E41350N,upper_syr_darya,syr_darya,gte_4000,4000,,0.000516,0.4218,srtm_band_mask_rescaled_to_vector_area,30,2026-09-08T06:55:17+00:00
G076530E41598N,upper_syr_darya,syr_darya,3000_4000,3000,4000,0.082905,100.0000,srtm_band_mask_rescaled_to_vector_area,30,2026-09-08T06:55:17+00:00
G076535E41600N,upper_syr_darya,syr_darya,3000_4000,3000,4000,0.165795,100.0000,srtm_band_mask_rescaled_to_vector_area,30,2026-09-08T06:55:17+00:00
G076542E41603N,upper_syr_darya,syr_darya,3000_4000,3000,4000,0.101453,56.6851,srtm_band_mask_rescaled_to_vector_area,30,2026-09-08T06:55:17+00:00
G076542E41603N,upper_syr_darya,syr_darya,gte_4000,4000,,0.077523,43.3149,srtm_band_mask_rescaled_to_vector_area,30,2026-09-08T06:55:17+00:00
G076544E41359N,upper_syr_darya,syr_darya,3000_4000,3000,4000,0.158530,63.7134,srtm_band_mask_rescaled_to_vector_area,30,2026-09-08T06:55:17+00:00
G076544E41359N,upper_syr_darya,syr_darya,gte_4000,4000,,0.090287,36.2866,srtm_band_mask_rescaled_to_vector_area,30,2026-09-08T06:55:17+00:00
G076550E41605N,upper_syr_darya,syr_darya,3000_4000,3000,4000,0.007358,23.1954,srtm_band_mask_rescaled_to_vector_area,30,2026-09-08T06:55:17+00:00
G076550E41605N,upper_syr_darya,syr_darya,gte_4000,4000,,0.024363,76.8046,srtm_band_mask_rescaled_to_vector_area,30,2026-09-08T06:55:17+00:00
G076553E41599N,upper_syr_darya,syr_darya,3000_4000,3000,4000,0.088949,100.0000,srtm_band_mask_rescaled_to_vector_area,30,2026-09-08T06:55:17+00:00
G076555E41608N,upper_syr_darya,syr_darya,3000_4000,3000,4000,0.063004,92.9621,srtm_band_mask_rescaled_to_vector_area,30,2026-09-08T06:55:17+00:00
G076555E41608N,upper_syr_darya,syr_darya,gte_4000,4000,,0.004770,7.0379,srtm_band_mask_rescaled_to_vector_area,30,2026-09-08T06:55:17+00:00
G076556E41370N,upper_syr_darya,syr_darya,3000_4000,3000,4000,0.094930,100.0000,srtm_band_mask_rescaled_to_vector_area,30,2026-09-08T06:55:17+00:00
G076557E41592N,upper_syr_darya,syr_darya,3000_4000,3000,4000,0.057002,100.0000,srtm_band_mask_rescaled_to_vector_area,30,2026-09-08T06:55:17+00:00
G076563E41371N,upper_syr_darya,syr_darya,3000_4000,3000,4000,0.090142,100.0000,srtm_band_mask_rescaled_to_vector_area,30,2026-09-08T06:55:17+00:00
G076563E41590N,upper_syr_darya,syr_darya,3000_4000,3000,4000,0.049801,100.0000,srtm_band_mask_rescaled_to_vector_area,30,2026-09-08T06:55:17+00:00
G076571E41590N,upper_syr_darya,syr_darya,3000_4000,3000,4000,0.064560,100.0000,srtm_band_mask_rescaled_to_vector_area,30,2026-09-08T06:55:17+00:00
G076572E41370N,upper_syr_darya,syr_darya,3000_4000,3000,4000,0.014421,100.0000,srtm_band_mask_rescaled_to_vector_area,30,2026-09-08T06:55:17+00:00
G076577E41589N,upper_syr_darya,syr_darya,3000_4000,3000,4000,0.048073,100.0000,srtm_band_mask_rescaled_to_vector_area,30,2026-09-08T06:55:17+00:00
G076579E41369N,upper_syr_darya,syr_darya,3000_4000,3000,4000,0.083549,89.3787,srtm_band_mask_rescaled_to_vector_area,30,2026-09-08T06:55:17+00:00
G076579E41369N,upper_syr_darya,syr_darya,gte_4000,4000,,0.009929,10.6213,srtm_band_mask_rescaled_to_vector_area,30,2026-09-08T06:55:17+00:00
G076582E41366N,upper_syr_darya,syr_darya,3000_4000,3000,4000,0.031635,80.1406,srtm_band_mask_rescaled_to_vector_area,30,2026-09-08T06:55:17+00:00
G076582E41366N,upper_syr_darya,syr_darya,gte_4000,4000,,0.007839,19.8594,srtm_band_mask_rescaled_to_vector_area,30,2026-09-08T06:55:17+00:00
G076583E41590N,upper_syr_darya,syr_darya,3000_4000,3000,4000,0.064534,100.0000,srtm_band_mask_rescaled_to_vector_area,30,2026-09-08T06:55:17+00:00
G076583E41851N,upper_syr_darya,syr_darya,3000_4000,3000,4000,0.055959,66.9106,srtm_band_mask_rescaled_to_vector_area,30,2026-09-08T06:55:17+00:00
G076583E41851N,upper_syr_darya,syr_darya,gte_4000,4000,,0.027673,33.0894,srtm_band_mask_rescaled_to_vector_area,30,2026-09-08T06:55:17+00:00
G076587E41586N,upper_syr_darya,syr_darya,3000_4000,3000,4000,0.235464,100.0000,srtm_band_mask_rescaled_to_vector_area,30,2026-09-08T06:55:17+00:00
G076589E41852N,upper_syr_darya,syr_darya,3000_4000,3000,4000,0.272251,76.2865,srtm_band_mask_rescaled_to_vector_area,30,2026-09-08T06:55:17+00:00
G076589E41852N,upper_syr_darya,syr_darya,gte_4000,4000,,0.084629,23.7135,srtm_band_mask_rescaled_to_vector_area,30,2026-09-08T06:55:17+00:00
G076592E41370N,upper_syr_darya,syr_darya,3000_4000,3000,4000,0.052270,100.0000,srtm_band_mask_rescaled_to_vector_area,30,2026-09-08T06:55:17+00:00
G076597E41589N,upper_syr_darya,syr_darya,3000_4000,3000,4000,0.041295,64.8563,srtm_band_mask_rescaled_to_vector_area,30,2026-09-08T06:55:17+00:00
G076597E41589N,upper_syr_darya,syr_darya,gte_4000,4000,,0.022377,35.1437,srtm_band_mask_rescaled_to_vector_area,30,2026-09-08T06:55:17+00:00
G076599E41366N,upper_syr_darya,syr_darya,3000_4000,3000,4000,0.086797,100.0000,srtm_band_mask_rescaled_to_vector_area,30,2026-09-08T06:55:17+00:00
G076599E41838N,upper_syr_darya,syr_darya,3000_4000,3000,4000,0.000194,0.9861,srtm_band_mask_rescaled_to_vector_area,30,2026-09-08T06:55:17+00:00
G076599E41838N,upper_syr_darya,syr_darya,gte_4000,4000,,0.019529,99.0139,srtm_band_mask_rescaled_to_vector_area,30,2026-09-08T06:55:17+00:00
G076600E41854N,upper_syr_darya,syr_darya,3000_4000,3000,4000,0.405888,54.4293,srtm_band_mask_rescaled_to_vector_area,30,2026-09-08T06:55:17+00:00
G076600E41854N,upper_syr_darya,syr_darya,gte_4000,4000,,0.339828,45.5707,srtm_band_mask_rescaled_to_vector_area,30,2026-09-08T06:55:17+00:00
G076601E41589N,upper_syr_darya,syr_darya,3000_4000,3000,4000,0.056620,99.6464,srtm_band_mask_rescaled_to_vector_area,30,2026-09-08T06:55:17+00:00
G076601E41589N,upper_syr_darya,syr_darya,gte_4000,4000,,0.000201,0.3536,srtm_band_mask_rescaled_to_vector_area,30,2026-09-08T06:55:17+00:00
G076604E41849N,upper_syr_darya,syr_darya,gte_4000,4000,,0.061646,100.0000,srtm_band_mask_rescaled_to_vector_area,30,2026-09-08T06:55:17+00:00
G076606E41604N,upper_syr_darya,syr_darya,3000_4000,3000,4000,0.091077,41.3104,srtm_band_mask_rescaled_to_vector_area,30,2026-09-08T06:55:17+00:00
G076606E41604N,upper_syr_darya,syr_darya,gte_4000,4000,,0.129394,58.6896,srtm_band_mask_rescaled_to_vector_area,30,2026-09-08T06:55:17+00:00
G076607E41862N,upper_syr_darya,syr_darya,3000_4000,3000,4000,0.339973,51.4133,srtm_band_mask_rescaled_to_vector_area,30,2026-09-08T06:55:17+00:00
G076607E41862N,upper_syr_darya,syr_darya,gte_4000,4000,,0.321283,48.5867,srtm_band_mask_rescaled_to_vector_area,30,2026-09-08T06:55:17+00:00
G076610E41590N,upper_syr_darya,syr_darya,3000_4000,3000,4000,0.227945,75.1364,srtm_band_mask_rescaled_to_vector_area,30,2026-09-08T06:55:17+00:00
G076610E41590N,upper_syr_darya,syr_darya,gte_4000,4000,,0.075430,24.8636,srtm_band_mask_rescaled_to_vector_area,30,2026-09-08T06:55:17+00:00
G076610E41847N,upper_syr_darya,syr_darya,3000_4000,3000,4000,0.098994,20.4847,srtm_band_mask_rescaled_to_vector_area,30,2026-09-08T06:55:17+00:00
G076610E41847N,upper_syr_darya,syr_darya,gte_4000,4000,,0.384264,79.5153,srtm_band_mask_rescaled_to_vector_area,30,2026-09-08T06:55:17+00:00
G076611E41418N,upper_syr_darya,syr_darya,3000_4000,3000,4000,0.007079,69.7284,srtm_band_mask_rescaled_to_vector_area,30,2026-09-08T06:55:17+00:00
G076611E41418N,upper_syr_darya,syr_darya,gte_4000,4000,,0.003073,30.2716,srtm_band_mask_rescaled_to_vector_area,30,2026-09-08T06:55:17+00:00
G076611E41855N,upper_syr_darya,syr_darya,gte_4000,4000,,0.197290,100.0000,srtm_band_mask_rescaled_to_vector_area,30,2026-09-08T06:55:17+00:00
G076614E41842N,upper_syr_darya,syr_darya,3000_4000,3000,4000,0.011693,13.5277,srtm_band_mask_rescaled_to_vector_area,30,2026-09-08T06:55:17+00:00
G076614E41842N,upper_syr_darya,syr_darya,gte_4000,4000,,0.074744,86.4723,srtm_band_mask_rescaled_to_vector_area,30,2026-09-08T06:55:17+00:00
G076614E41864N,upper_syr_darya,syr_darya,3000_4000,3000,4000,0.370729,56.4992,srtm_band_mask_rescaled_to_vector_area,30,2026-09-08T06:55:17+00:00
G076614E41864N,upper_syr_darya,syr_darya,gte_4000,4000,,0.285438,43.5008,srtm_band_mask_rescaled_to_vector_area,30,2026-09-08T06:55:17+00:00
G076616E41592N,upper_syr_darya,syr_darya,3000_4000,3000,4000,0.053452,100.0000,srtm_band_mask_rescaled_to_vector_area,30,2026-09-08T06:55:17+00:00
G076616E41878N,upper_syr_darya,syr_darya,3000_4000,3000,4000,0.198928,28.0203,srtm_band_mask_rescaled_to_vector_area,30,2026-09-08T06:55:17+00:00
G076616E41878N,upper_syr_darya,syr_darya,gte_4000,4000,,0.511016,71.9797,srtm_band_mask_rescaled_to_vector_area,30,2026-09-08T06:55:17+00:00
G076620E41858N,upper_syr_darya,syr_darya,3000_4000,3000,4000,0.098697,27.0537,srtm_band_mask_rescaled_to_vector_area,30,2026-09-08T06:55:17+00:00
G076620E41858N,upper_syr_darya,syr_darya,gte_4000,4000,,0.266123,72.9463,srtm_band_mask_rescaled_to_vector_area,30,2026-09-08T06:55:17+00:00
G076622E41857N,upper_syr_darya,syr_darya,3000_4000,3000,4000,0.238991,38.6544,srtm_band_mask_rescaled_to_vector_area,30,2026-09-08T06:55:17+00:00
G076622E41857N,upper_syr_darya,syr_darya,gte_4000,4000,,0.379286,61.3456,srtm_band_mask_rescaled_to_vector_area,30,2026-09-08T06:55:17+00:00
G076623E41875N,upper_syr_darya,syr_darya,3000_4000,3000,4000,0.023804,4.6172,srtm_band_mask_rescaled_to_vector_area,30,2026-09-08T06:55:17+00:00
G076623E41875N,upper_syr_darya,syr_darya,gte_4000,4000,,0.491750,95.3828,srtm_band_mask_rescaled_to_vector_area,30,2026-09-08T06:55:17+00:00
G076624E41586N,upper_syr_darya,syr_darya,3000_4000,3000,4000,0.644960,100.0000,srtm_band_mask_rescaled_to_vector_area,30,2026-09-08T06:55:17+00:00
G076626E41855N,upper_syr_darya,syr_darya,3000_4000,3000,4000,0.113541,56.2998,srtm_band_mask_rescaled_to_vector_area,30,2026-09-08T06:55:17+00:00
G076626E41855N,upper_syr_darya,syr_darya,gte_4000,4000,,0.088131,43.7002,srtm_band_mask_rescaled_to_vector_area,30,2026-09-08T06:55:17+00:00
G076629E41880N,upper_syr_darya,syr_darya,gte_4000,4000,,0.140940,100.0000,srtm_band_mask_rescaled_to_vector_area,30,2026-09-08T06:55:17+00:00
G076630E41863N,upper_syr_darya,syr_darya,3000_4000,3000,4000,0.097561,81.5910,srtm_band_mask_rescaled_to_vector_area,30,2026-09-08T06:55:17+00:00
G076630E41863N,upper_syr_darya,syr_darya,gte_4000,4000,,0.022012,18.4090,srtm_band_mask_rescaled_to_vector_area,30,2026-09-08T06:55:17+00:00
G076630E41886N,upper_syr_darya,syr_darya,3000_4000,3000,4000,0.603791,55.1273,srtm_band_mask_rescaled_to_vector_area,30,2026-09-08T06:55:17+00:00
G076630E41886N,upper_syr_darya,syr_darya,gte_4000,4000,,0.491476,44.8727,srtm_band_mask_rescaled_to_vector_area,30,2026-09-08T06:55:17+00:00
G076631E41900N,upper_syr_darya,syr_darya,3000_4000,3000,4000,0.257373,26.3820,srtm_band_mask_rescaled_to_vector_area,30,2026-09-08T06:55:17+00:00
G076631E41900N,upper_syr_darya,syr_darya,gte_4000,4000,,0.718191,73.6180,srtm_band_mask_rescaled_to_vector_area,30,2026-09-08T06:55:17+00:00
G076638E41840N,upper_syr_darya,syr_darya,3000_4000,3000,4000,0.016753,29.6058,srtm_band_mask_rescaled_to_vector_area,30,2026-09-08T06:55:17+00:00
G076638E41840N,upper_syr_darya,syr_darya,gte_4000,4000,,0.039835,70.3942,srtm_band_mask_rescaled_to_vector_area,30,2026-09-08T06:55:17+00:00
G076638E41903N,upper_syr_darya,syr_darya,gte_4000,4000,,0.254202,100.0000,srtm_band_mask_rescaled_to_vector_area,30,2026-09-08T06:55:17+00:00
G076639E41600N,upper_syr_darya,syr_darya,3000_4000,3000,4000,0.058304,100.0000,srtm_band_mask_rescaled_to_vector_area,30,2026-09-08T06:55:17+00:00
G076639E41863N,upper_syr_darya,syr_darya,3000_4000,3000,4000,0.029974,71.8789,srtm_band_mask_rescaled_to_vector_area,30,2026-09-08T06:55:17+00:00
G076639E41863N,upper_syr_darya,syr_darya,gte_4000,4000,,0.011727,28.1211,srtm_band_mask_rescaled_to_vector_area,30,2026-09-08T06:55:17+00:00
G076640E41927N,upper_syr_darya,syr_darya,3000_4000,3000,4000,0.490107,16.3363,srtm_band_mask_rescaled_to_vector_area,30,2026-09-08T06:55:17+00:00
G076640E41927N,upper_syr_darya,syr_darya,gte_4000,4000,,2.510007,83.6637,srtm_band_mask_rescaled_to_vector_area,30,2026-09-08T06:55:17+00:00
G076643E41593N,upper_syr_darya,syr_darya,3000_4000,3000,4000,0.092601,60.6362,srtm_band_mask_rescaled_to_vector_area,30,2026-09-08T06:55:17+00:00
G076643E41593N,upper_syr_darya,syr_darya,gte_4000,4000,,0.060115,39.3638,srtm_band_mask_rescaled_to_vector_area,30,2026-09-08T06:55:17+00:00
G076643E41909N,upper_syr_darya,syr_darya,3000_4000,3000,4000,0.326801,36.6835,srtm_band_mask_rescaled_to_vector_area,30,2026-09-08T06:55:17+00:00
G076643E41909N,upper_syr_darya,syr_darya,gte_4000,4000,,0.564065,63.3165,srtm_band_mask_rescaled_to_vector_area,30,2026-09-08T06:55:17+00:00
G076649E41596N,upper_syr_darya,syr_darya,3000_4000,3000,4000,0.145016,100.0000,srtm_band_mask_rescaled_to_vector_area,30,2026-09-08T06:55:17+00:00
G076650E41903N,upper_syr_darya,syr_darya,3000_4000,3000,4000,0.055441,9.1992,srtm_band_mask_rescaled_to_vector_area,30,2026-09-08T06:55:17+00:00
G076650E41903N,upper_syr_darya,syr_darya,gte_4000,4000,,0.547231,90.8008,srtm_band_mask_rescaled_to_vector_area,30,2026-09-08T06:55:17+00:00
G076651E41378N,upper_syr_darya,syr_darya,3000_4000,3000,4000,0.010816,100.0000,srtm_band_mask_rescaled_to_vector_area,30,2026-09-08T06:55:17+00:00
G076651E41915N,upper_syr_darya,syr_darya,gte_4000,4000,,0.325695,100.0000,srtm_band_mask_rescaled_to_vector_area,30,2026-09-08T06:55:17+00:00
G076652E41587N,upper_syr_darya,syr_darya,3000_4000,3000,4000,0.054724,100.0000,srtm_band_mask_rescaled_to_vector_area,30,2026-09-08T06:55:17+00:00
G076655E41380N,upper_syr_darya,syr_darya,3000_4000,3000,4000,0.012225,100.0000,srtm_band_mask_rescaled_to_vector_area,30,2026-09-08T06:55:17+00:00
G076657E41912N,upper_syr_darya,syr_darya,gte_4000,4000,,0.319962,100.0000,srtm_band_mask_rescaled_to_vector_area,30,2026-09-08T06:55:17+00:00
G076658E41583N,upper_syr_darya,syr_darya,3000_4000,3000,4000,0.014994,100.0000,srtm_band_mask_rescaled_to_vector_area,30,2026-09-08T06:55:17+00:00
G076659E41377N,upper_syr_darya,syr_darya,3000_4000,3000,4000,0.003553,13.1135,srtm_band_mask_rescaled_to_vector_area,30,2026-09-08T06:55:17+00:00
G076659E41377N,upper_syr_darya,syr_darya,gte_4000,4000,,0.023541,86.8865,srtm_band_mask_rescaled_to_vector_area,30,2026-09-08T06:55:17+00:00
G076661E41380N,upper_syr_darya,syr_darya,3000_4000,3000,4000,0.020779,100.0000,srtm_band_mask_rescaled_to_vector_area,30,2026-09-08T06:55:17+00:00
G076663E41376N,upper_syr_darya,syr_darya,3000_4000,3000,4000,0.000090,0.4884,srtm_band_mask_rescaled_to_vector_area,30,2026-09-08T06:55:17+00:00
G076663E41376N,upper_syr_darya,syr_darya,gte_4000,4000,,0.018394,99.5116,srtm_band_mask_rescaled_to_vector_area,30,2026-09-08T06:55:17+00:00
G076663E41585N,upper_syr_darya,syr_darya,3000_4000,3000,4000,0.056538,100.0000,srtm_band_mask_rescaled_to_vector_area,30,2026-09-08T06:55:17+00:00
G076666E41827N,upper_syr_darya,syr_darya,3000_4000,3000,4000,0.037965,41.3635,srtm_band_mask_rescaled_to_vector_area,30,2026-09-08T06:55:17+00:00
G076666E41827N,upper_syr_darya,syr_darya,gte_4000,4000,,0.053819,58.6365,srtm_band_mask_rescaled_to_vector_area,30,2026-09-08T06:55:17+00:00
G076667E41834N,upper_syr_darya,syr_darya,3000_4000,3000,4000,0.128308,57.5537,srtm_band_mask_rescaled_to_vector_area,30,2026-09-08T06:55:17+00:00
G076667E41834N,upper_syr_darya,syr_darya,gte_4000,4000,,0.094628,42.4463,srtm_band_mask_rescaled_to_vector_area,30,2026-09-08T06:55:17+00:00
G076668E41378N,upper_syr_darya,syr_darya,gte_4000,4000,,0.026477,100.0000,srtm_band_mask_rescaled_to_vector_area,30,2026-09-08T06:55:17+00:00
G076669E41378N,upper_syr_darya,syr_darya,3000_4000,3000,4000,0.001655,1.7831,srtm_band_mask_rescaled_to_vector_area,30,2026-09-08T06:55:17+00:00
G076669E41378N,upper_syr_darya,syr_darya,gte_4000,4000,,0.091165,98.2169,srtm_band_mask_rescaled_to_vector_area,30,2026-09-08T06:55:17+00:00
G076670E41881N,upper_syr_darya,syr_darya,3000_4000,3000,4000,0.255096,28.9427,srtm_band_mask_rescaled_to_vector_area,30,2026-09-08T06:55:17+00:00
G076670E41881N,upper_syr_darya,syr_darya,gte_4000,4000,,0.626287,71.0573,srtm_band_mask_rescaled_to_vector_area,30,2026-09-08T06:55:17+00:00
G076673E41922N,upper_syr_darya,syr_darya,3000_4000,3000,4000,1.739924,17.5857,srtm_band_mask_rescaled_to_vector_area,30,2026-09-08T06:55:17+00:00
G076673E41922N,upper_syr_darya,syr_darya,gte_4000,4000,,8.154062,82.4143,srtm_band_mask_rescaled_to_vector_area,30,2026-09-08T06:55:17+00:00
G076675E41382N,upper_syr_darya,syr_darya,3000_4000,3000,4000,0.071277,100.0000,srtm_band_mask_rescaled_to_vector_area,30,2026-09-08T06:55:17+00:00
G076680E41821N,upper_syr_darya,syr_darya,3000_4000,3000,4000,0.121898,98.4232,srtm_band_mask_rescaled_to_vector_area,30,2026-09-08T06:55:17+00:00
G076680E41821N,upper_syr_darya,syr_darya,gte_4000,4000,,0.001953,1.5768,srtm_band_mask_rescaled_to_vector_area,30,2026-09-08T06:55:17+00:00
G076685E41898N,upper_syr_darya,syr_darya,3000_4000,3000,4000,0.025992,4.1848,srtm_band_mask_rescaled_to_vector_area,30,2026-09-08T06:55:17+00:00
G076685E41898N,upper_syr_darya,syr_darya,gte_4000,4000,,0.595126,95.8152,srtm_band_mask_rescaled_to_vector_area,30,2026-09-08T06:55:17+00:00
G076687E41384N,upper_syr_darya,syr_darya,3000_4000,3000,4000,0.229040,57.7536,srtm_band_mask_rescaled_to_vector_area,30,2026-09-08T06:55:17+00:00
G076687E41384N,upper_syr_darya,syr_darya,gte_4000,4000,,0.167541,42.2464,srtm_band_mask_rescaled_to_vector_area,30,2026-09-08T06:55:17+00:00
G076688E41909N,upper_syr_darya,syr_darya,3000_4000,3000,4000,0.016037,1.1348,srtm_band_mask_rescaled_to_vector_area,30,2026-09-08T06:55:17+00:00
G076688E41909N,upper_syr_darya,syr_darya,gte_4000,4000,,1.397110,98.8652,srtm_band_mask_rescaled_to_vector_area,30,2026-09-08T06:55:17+00:00
G076689E41890N,upper_syr_darya,syr_darya,3000_4000,3000,4000,0.567342,17.6300,srtm_band_mask_rescaled_to_vector_area,30,2026-09-08T06:55:17+00:00
G076689E41890N,upper_syr_darya,syr_darya,gte_4000,4000,,2.650706,82.3700,srtm_band_mask_rescaled_to_vector_area,30,2026-09-08T06:55:17+00:00
G076690E41379N,upper_syr_darya,syr_darya,3000_4000,3000,4000,0.091578,77.4103,srtm_band_mask_rescaled_to_vector_area,30,2026-09-08T06:55:17+00:00
G076690E41379N,upper_syr_darya,syr_darya,gte_4000,4000,,0.026724,22.5897,srtm_band_mask_rescaled_to_vector_area,30,2026-09-08T06:55:17+00:00
G076691E41589N,upper_syr_darya,syr_darya,3000_4000,3000,4000,0.109241,100.0000,srtm_band_mask_rescaled_to_vector_area,30,2026-09-08T06:55:17+00:00
G076691E41839N,upper_syr_darya,syr_darya,3000_4000,3000,4000,0.044481,31.5473,srtm_band_mask_rescaled_to_vector_area,30,2026-09-08T06:55:17+00:00
G076691E41839N,upper_syr_darya,syr_darya,gte_4000,4000,,0.096516,68.4527,srtm_band_mask_rescaled_to_vector_area,30,2026-09-08T06:55:17+00:00
G076692E41583N,upper_syr_darya,syr_darya,3000_4000,3000,4000,0.060587,90.7961,srtm_band_mask_rescaled_to_vector_area,30,2026-09-08T06:55:17+00:00
G076692E41583N,upper_syr_darya,syr_darya,gte_4000,4000,,0.006142,9.2039,srtm_band_mask_rescaled_to_vector_area,30,2026-09-08T06:55:17+00:00
G076695E41839N,upper_syr_darya,syr_darya,3000_4000,3000,4000,0.149925,67.9698,srtm_band_mask_rescaled_to_vector_area,30,2026-09-08T06:55:17+00:00
G076695E41839N,upper_syr_darya,syr_darya,gte_4000,4000,,0.070651,32.0302,srtm_band_mask_rescaled_to_vector_area,30,2026-09-08T06:55:17+00:00
G076697E41587N,upper_syr_darya,syr_darya,3000_4000,3000,4000,0.050900,100.0000,srtm_band_mask_rescaled_to_vector_area,30,2026-09-08T06:55:17+00:00
G076701E41371N,upper_syr_darya,syr_darya,3000_4000,3000,4000,0.231442,89.9542,srtm_band_mask_rescaled_to_vector_area,30,2026-09-08T06:55:17+00:00
G076701E41371N,upper_syr_darya,syr_darya,gte_4000,4000,,0.025847,10.0458,srtm_band_mask_rescaled_to_vector_area,30,2026-09-08T06:55:17+00:00
G076701E41841N,upper_syr_darya,syr_darya,3000_4000,3000,4000,0.069892,49.4588,srtm_band_mask_rescaled_to_vector_area,30,2026-09-08T06:55:17+00:00
G076701E41841N,upper_syr_darya,syr_darya,gte_4000,4000,,0.071421,50.5412,srtm_band_mask_rescaled_to_vector_area,30,2026-09-08T06:55:17+00:00
G076707E41887N,upper_syr_darya,syr_darya,3000_4000,3000,4000,0.011975,6.5637,srtm_band_mask_rescaled_to_vector_area,30,2026-09-08T06:55:17+00:00
G076707E41887N,upper_syr_darya,syr_darya,gte_4000,4000,,0.170468,93.4363,srtm_band_mask_rescaled_to_vector_area,30,2026-09-08T06:55:17+00:00
G076707E41900N,upper_syr_darya,syr_darya,3000_4000,3000,4000,0.185620,10.6977,srtm_band_mask_rescaled_to_vector_area,30,2026-09-08T06:55:17+00:00
G076707E41900N,upper_syr_darya,syr_darya,gte_4000,4000,,1.549516,89.3023,srtm_band_mask_rescaled_to_vector_area,30,2026-09-08T06:55:17+00:00
G076708E41945N,upper_syr_darya,syr_darya,3000_4000,3000,4000,2.951374,25.3019,srtm_band_mask_rescaled_to_vector_area,30,2026-09-08T06:55:17+00:00
G076708E41945N,upper_syr_darya,syr_darya,gte_4000,4000,,8.713239,74.6981,srtm_band_mask_rescaled_to_vector_area,30,2026-09-08T06:55:17+00:00
G076710E41590N,upper_syr_darya,syr_darya,3000_4000,3000,4000,0.056785,100.0000,srtm_band_mask_rescaled_to_vector_area,30,2026-09-08T06:55:17+00:00
G076710E41823N,upper_syr_darya,syr_darya,3000_4000,3000,4000,0.031981,58.1908,srtm_band_mask_rescaled_to_vector_area,30,2026-09-08T06:55:17+00:00
G076710E41823N,upper_syr_darya,syr_darya,gte_4000,4000,,0.022978,41.8092,srtm_band_mask_rescaled_to_vector_area,30,2026-09-08T06:55:17+00:00
G076715E41917N,upper_syr_darya,syr_darya,3000_4000,3000,4000,0.698673,17.8932,srtm_band_mask_rescaled_to_vector_area,30,2026-09-08T06:55:17+00:00
G076715E41917N,upper_syr_darya,syr_darya,gte_4000,4000,,3.206005,82.1068,srtm_band_mask_rescaled_to_vector_area,30,2026-09-08T06:55:17+00:00
G076715E41931N,upper_syr_darya,syr_darya,3000_4000,3000,4000,0.120267,6.2447,srtm_band_mask_rescaled_to_vector_area,30,2026-09-08T06:55:17+00:00
G076715E41931N,upper_syr_darya,syr_darya,gte_4000,4000,,1.805648,93.7553,srtm_band_mask_rescaled_to_vector_area,30,2026-09-08T06:55:17+00:00
G076718E41403N,upper_syr_darya,syr_darya,3000_4000,3000,4000,0.012639,100.0000,srtm_band_mask_rescaled_to_vector_area,30,2026-09-08T06:55:17+00:00
G076718E41584N,upper_syr_darya,syr_darya,3000_4000,3000,4000,0.201490,100.0000,srtm_band_mask_rescaled_to_vector_area,30,2026-09-08T06:55:17+00:00
G076719E41932N,upper_syr_darya,syr_darya,3000_4000,3000,4000,0.131344,6.1029,srtm_band_mask_rescaled_to_vector_area,30,2026-09-08T06:55:17+00:00
G076719E41932N,upper_syr_darya,syr_darya,gte_4000,4000,,2.020809,93.8971,srtm_band_mask_rescaled_to_vector_area,30,2026-09-08T06:55:17+00:00
G076720E41904N,upper_syr_darya,syr_darya,3000_4000,3000,4000,0.265646,25.5082,srtm_band_mask_rescaled_to_vector_area,30,2026-09-08T06:55:17+00:00
G076720E41904N,upper_syr_darya,syr_darya,gte_4000,4000,,0.775768,74.4918,srtm_band_mask_rescaled_to_vector_area,30,2026-09-08T06:55:17+00:00
G076721E41210N,upper_syr_darya,syr_darya,3000_4000,3000,4000,0.034357,18.8080,srtm_band_mask_rescaled_to_vector_area,30,2026-09-08T06:55:17+00:00
G076721E41210N,upper_syr_darya,syr_darya,gte_4000,4000,,0.148316,81.1920,srtm_band_mask_rescaled_to_vector_area,30,2026-09-08T06:55:17+00:00
G076724E41926N,upper_syr_darya,syr_darya,3000_4000,3000,4000,0.011085,6.4535,srtm_band_mask_rescaled_to_vector_area,30,2026-09-08T06:55:17+00:00
G076724E41926N,upper_syr_darya,syr_darya,gte_4000,4000,,0.160677,93.5465,srtm_band_mask_rescaled_to_vector_area,30,2026-09-08T06:55:17+00:00
G076725E41585N,upper_syr_darya,syr_darya,3000_4000,3000,4000,0.054575,100.0000,srtm_band_mask_rescaled_to_vector_area,30,2026-09-08T06:55:17+00:00
G076731E41406N,upper_syr_darya,syr_darya,3000_4000,3000,4000,0.018035,68.9350,srtm_band_mask_rescaled_to_vector_area,30,2026-09-08T06:55:17+00:00
G076731E41406N,upper_syr_darya,syr_darya,gte_4000,4000,,0.008127,31.0650,srtm_band_mask_rescaled_to_vector_area,30,2026-09-08T06:55:17+00:00
G076732E41210N,upper_syr_darya,syr_darya,3000_4000,3000,4000,0.002916,6.5338,srtm_band_mask_rescaled_to_vector_area,30,2026-09-08T06:55:17+00:00
G076732E41210N,upper_syr_darya,syr_darya,gte_4000,4000,,0.041716,93.4662,srtm_band_mask_rescaled_to_vector_area,30,2026-09-08T06:55:17+00:00
G076733E41576N,upper_syr_darya,syr_darya,3000_4000,3000,4000,0.766175,90.5255,srtm_band_mask_rescaled_to_vector_area,30,2026-09-08T06:55:17+00:00
G076733E41576N,upper_syr_darya,syr_darya,gte_4000,4000,,0.080188,9.4745,srtm_band_mask_rescaled_to_vector_area,30,2026-09-08T06:55:17+00:00
G076741E41927N,upper_syr_darya,syr_darya,gte_4000,4000,,0.040711,100.0000,srtm_band_mask_rescaled_to_vector_area,30,2026-09-08T06:55:17+00:00
G076742E41390N,upper_syr_darya,syr_darya,3000_4000,3000,4000,0.073704,55.3117,srtm_band_mask_rescaled_to_vector_area,30,2026-09-08T06:55:17+00:00
G076742E41390N,upper_syr_darya,syr_darya,gte_4000,4000,,0.059548,44.6883,srtm_band_mask_rescaled_to_vector_area,30,2026-09-08T06:55:17+00:00
G076742E41601N,upper_syr_darya,syr_darya,3000_4000,3000,4000,0.215280,64.1911,srtm_band_mask_rescaled_to_vector_area,30,2026-09-08T06:55:17+00:00
G076742E41601N,upper_syr_darya,syr_darya,gte_4000,4000,,0.120094,35.8089,srtm_band_mask_rescaled_to_vector_area,30,2026-09-08T06:55:17+00:00
G076746E41929N,upper_syr_darya,syr_darya,3000_4000,3000,4000,0.165433,8.3758,srtm_band_mask_rescaled_to_vector_area,30,2026-09-08T06:55:17+00:00
G076746E41929N,upper_syr_darya,syr_darya,gte_4000,4000,,1.809696,91.6242,srtm_band_mask_rescaled_to_vector_area,30,2026-09-08T06:55:17+00:00
G076748E41876N,upper_syr_darya,syr_darya,3000_4000,3000,4000,0.115753,41.5903,srtm_band_mask_rescaled_to_vector_area,30,2026-09-08T06:55:17+00:00
G076748E41876N,upper_syr_darya,syr_darya,gte_4000,4000,,0.162564,58.4097,srtm_band_mask_rescaled_to_vector_area,30,2026-09-08T06:55:17+00:00
G076748E41918N,upper_syr_darya,syr_darya,3000_4000,3000,4000,0.024027,17.3435,srtm_band_mask_rescaled_to_vector_area,30,2026-09-08T06:55:17+00:00
G076748E41918N,upper_syr_darya,syr_darya,gte_4000,4000,,0.114510,82.6565,srtm_band_mask_rescaled_to_vector_area,30,2026-09-08T06:55:17+00:00
G076750E41391N,upper_syr_darya,syr_darya,3000_4000,3000,4000,0.045638,100.0000,srtm_band_mask_rescaled_to_vector_area,30,2026-09-08T06:55:17+00:00
G076752E41935N,upper_syr_darya,syr_darya,gte_4000,4000,,0.279353,100.0000,srtm_band_mask_rescaled_to_vector_area,30,2026-09-08T06:55:17+00:00
G076752E41944N,upper_syr_darya,syr_darya,3000_4000,3000,4000,2.513832,47.9552,srtm_band_mask_rescaled_to_vector_area,30,2026-09-08T06:55:17+00:00
G076752E41944N,upper_syr_darya,syr_darya,gte_4000,4000,,2.728208,52.0448,srtm_band_mask_rescaled_to_vector_area,30,2026-09-08T06:55:17+00:00
G076753E41913N,upper_syr_darya,syr_darya,gte_4000,4000,,0.107172,100.0000,srtm_band_mask_rescaled_to_vector_area,30,2026-09-08T06:55:17+00:00
G076756E41213N,upper_syr_darya,syr_darya,3000_4000,3000,4000,0.013537,4.8789,srtm_band_mask_rescaled_to_vector_area,30,2026-09-08T06:55:17+00:00
G076756E41213N,upper_syr_darya,syr_darya,gte_4000,4000,,0.263918,95.1211,srtm_band_mask_rescaled_to_vector_area,30,2026-09-08T06:55:17+00:00
G076760E41882N,upper_syr_darya,syr_darya,3000_4000,3000,4000,0.060149,13.9326,srtm_band_mask_rescaled_to_vector_area,30,2026-09-08T06:55:17+00:00
G076760E41882N,upper_syr_darya,syr_darya,gte_4000,4000,,0.371567,86.0674,srtm_band_mask_rescaled_to_vector_area,30,2026-09-08T06:55:17+00:00
G076760E41924N,upper_syr_darya,syr_darya,gte_4000,4000,,0.050903,100.0000,srtm_band_mask_rescaled_to_vector_area,30,2026-09-08T06:55:17+00:00
G076762E41542N,upper_syr_darya,syr_darya,3000_4000,3000,4000,0.075533,100.0000,srtm_band_mask_rescaled_to_vector_area,30,2026-09-08T06:55:17+00:00
G076762E41600N,upper_syr_darya,syr_darya,3000_4000,3000,4000,0.289640,85.1285,srtm_band_mask_rescaled_to_vector_area,30,2026-09-08T06:55:17+00:00
G076762E41600N,upper_syr_darya,syr_darya,gte_4000,4000,,0.050599,14.8715,srtm_band_mask_rescaled_to_vector_area,30,2026-09-08T06:55:17+00:00
G076762E41899N,upper_syr_darya,syr_darya,3000_4000,3000,4000,0.053722,33.5033,srtm_band_mask_rescaled_to_vector_area,30,2026-09-08T06:55:17+00:00
G076762E41899N,upper_syr_darya,syr_darya,gte_4000,4000,,0.106626,66.4967,srtm_band_mask_rescaled_to_vector_area,30,2026-09-08T06:55:17+00:00
G076763E41886N,upper_syr_darya,syr_darya,3000_4000,3000,4000,0.044581,9.1331,srtm_band_mask_rescaled_to_vector_area,30,2026-09-08T06:55:17+00:00
G076763E41886N,upper_syr_darya,syr_darya,gte_4000,4000,,0.443543,90.8669,srtm_band_mask_rescaled_to_vector_area,30,2026-09-08T06:55:17+00:00
G076763E41893N,upper_syr_darya,syr_darya,gte_4000,4000,,0.180044,100.0000,srtm_band_mask_rescaled_to_vector_area,30,2026-09-08T06:55:17+00:00
G076765E41899N,upper_syr_darya,syr_darya,3000_4000,3000,4000,0.001843,1.8076,srtm_band_mask_rescaled_to_vector_area,30,2026-09-08T06:55:17+00:00
G076765E41899N,upper_syr_darya,syr_darya,gte_4000,4000,,0.100142,98.1924,srtm_band_mask_rescaled_to_vector_area,30,2026-09-08T06:55:17+00:00
G076767E41927N,upper_syr_darya,syr_darya,gte_4000,4000,,0.337795,100.0000,srtm_band_mask_rescaled_to_vector_area,30,2026-09-08T06:55:17+00:00
G076769E41901N,upper_syr_darya,syr_darya,3000_4000,3000,4000,0.076138,18.3330,srtm_band_mask_rescaled_to_vector_area,30,2026-09-08T06:55:17+00:00
G076769E41901N,upper_syr_darya,syr_darya,gte_4000,4000,,0.339170,81.6670,srtm_band_mask_rescaled_to_vector_area,30,2026-09-08T06:55:17+00:00
G076770E41593N,upper_syr_darya,syr_darya,3000_4000,3000,4000,0.028258,99.9441,srtm_band_mask_rescaled_to_vector_area,30,2026-09-08T06:55:17+00:00
G076770E41593N,upper_syr_darya,syr_darya,gte_4000,4000,,0.000016,0.0559,srtm_band_mask_rescaled_to_vector_area,30,2026-09-08T06:55:17+00:00
G076772E41872N,upper_syr_darya,syr_darya,3000_4000,3000,4000,0.036878,50.1176,srtm_band_mask_rescaled_to_vector_area,30,2026-09-08T06:55:17+00:00
G076772E41872N,upper_syr_darya,syr_darya,gte_4000,4000,,0.036705,49.8824,srtm_band_mask_rescaled_to_vector_area,30,2026-09-08T06:55:17+00:00
G076774E41890N,upper_syr_darya,syr_darya,3000_4000,3000,4000,0.168794,21.8214,srtm_band_mask_rescaled_to_vector_area,30,2026-09-08T06:55:17+00:00
G076774E41890N,upper_syr_darya,syr_darya,gte_4000,4000,,0.604730,78.1786,srtm_band_mask_rescaled_to_vector_area,30,2026-09-08T06:55:17+00:00
G076776E41899N,upper_syr_darya,syr_darya,gte_4000,4000,,0.282821,100.0000,srtm_band_mask_rescaled_to_vector_area,30,2026-09-08T06:55:17+00:00
G076783E41578N,upper_syr_darya,syr_darya,3000_4000,3000,4000,0.136975,100.0000,srtm_band_mask_rescaled_to_vector_area,30,2026-09-08T06:55:17+00:00
G076784E41922N,upper_syr_darya,syr_darya,3000_4000,3000,4000,0.919695,15.9474,srtm_band_mask_rescaled_to_vector_area,30,2026-09-08T06:55:17+00:00
G076784E41922N,upper_syr_darya,syr_darya,gte_4000,4000,,4.847363,84.0526,srtm_band_mask_rescaled_to_vector_area,30,2026-09-08T06:55:17+00:00
G076786E41572N,upper_syr_darya,syr_darya,3000_4000,3000,4000,0.055801,96.4216,srtm_band_mask_rescaled_to_vector_area,30,2026-09-08T06:55:17+00:00
G076786E41572N,upper_syr_darya,syr_darya,gte_4000,4000,,0.002071,3.5784,srtm_band_mask_rescaled_to_vector_area,30,2026-09-08T06:55:17+00:00
G076792E41570N,upper_syr_darya,syr_darya,3000_4000,3000,4000,0.157758,87.2899,srtm_band_mask_rescaled_to_vector_area,30,2026-09-08T06:55:17+00:00
G076792E41570N,upper_syr_darya,syr_darya,gte_4000,4000,,0.022971,12.7101,srtm_band_mask_rescaled_to_vector_area,30,2026-09-08T06:55:17+00:00
G076792E41902N,upper_syr_darya,syr_darya,3000_4000,3000,4000,0.357109,12.3882,srtm_band_mask_rescaled_to_vector_area,30,2026-09-08T06:55:17+00:00
G076792E41902N,upper_syr_darya,syr_darya,gte_4000,4000,,2.525545,87.6118,srtm_band_mask_rescaled_to_vector_area,30,2026-09-08T06:55:17+00:00
G076793E41208N,upper_syr_darya,syr_darya,3000_4000,3000,4000,0.016305,10.5775,srtm_band_mask_rescaled_to_vector_area,30,2026-09-08T06:55:17+00:00
G076793E41208N,upper_syr_darya,syr_darya,gte_4000,4000,,0.137840,89.4225,srtm_band_mask_rescaled_to_vector_area,30,2026-09-08T06:55:17+00:00
G076793E41578N,upper_syr_darya,syr_darya,3000_4000,3000,4000,0.080934,100.0000,srtm_band_mask_rescaled_to_vector_area,30,2026-09-08T06:55:17+00:00
G076796E41923N,upper_syr_darya,syr_darya,gte_4000,4000,,0.063320,100.0000,srtm_band_mask_rescaled_to_vector_area,30,2026-09-08T06:55:17+00:00
G076798E41913N,upper_syr_darya,syr_darya,gte_4000,4000,,0.054548,100.0000,srtm_band_mask_rescaled_to_vector_area,30,2026-09-08T06:55:17+00:00
G076799E41894N,upper_syr_darya,syr_darya,gte_4000,4000,,0.212427,100.0000,srtm_band_mask_rescaled_to_vector_area,30,2026-09-08T06:55:17+00:00
G076801E41843N,upper_syr_darya,syr_darya,3000_4000,3000,4000,0.004733,25.4873,srtm_band_mask_rescaled_to_vector_area,30,2026-09-08T06:55:17+00:00
G076801E41843N,upper_syr_darya,syr_darya,gte_4000,4000,,0.013838,74.5127,srtm_band_mask_rescaled_to_vector_area,30,2026-09-08T06:55:17+00:00
G076802E41206N,upper_syr_darya,syr_darya,gte_4000,4000,,0.494580,100.0000,srtm_band_mask_rescaled_to_vector_area,30,2026-09-08T06:55:17+00:00
G076803E41892N,upper_syr_darya,syr_darya,3000_4000,3000,4000,0.012530,2.0684,srtm_band_mask_rescaled_to_vector_area,30,2026-09-08T06:55:17+00:00
G076803E41892N,upper_syr_darya,syr_darya,gte_4000,4000,,0.593270,97.9316,srtm_band_mask_rescaled_to_vector_area,30,2026-09-08T06:55:17+00:00
G076804E41844N,upper_syr_darya,syr_darya,3000_4000,3000,4000,0.093126,75.7522,srtm_band_mask_rescaled_to_vector_area,30,2026-09-08T06:55:17+00:00
G076804E41844N,upper_syr_darya,syr_darya,gte_4000,4000,,0.029809,24.2478,srtm_band_mask_rescaled_to_vector_area,30,2026-09-08T06:55:17+00:00
G076806E41950N,upper_syr_darya,syr_darya,3000_4000,3000,4000,1.998953,26.0577,srtm_band_mask_rescaled_to_vector_area,30,2026-09-08T06:55:17+00:00
G076806E41950N,upper_syr_darya,syr_darya,gte_4000,4000,,5.672292,73.9423,srtm_band_mask_rescaled_to_vector_area,30,2026-09-08T06:55:17+00:00
G076808E41349N,upper_syr_darya,syr_darya,3000_4000,3000,4000,0.188147,91.1439,srtm_band_mask_rescaled_to_vector_area,30,2026-09-08T06:55:17+00:00
G076808E41349N,upper_syr_darya,syr_darya,gte_4000,4000,,0.018282,8.8561,srtm_band_mask_rescaled_to_vector_area,30,2026-09-08T06:55:17+00:00
G076811E41843N,upper_syr_darya,syr_darya,3000_4000,3000,4000,0.198597,68.6131,srtm_band_mask_rescaled_to_vector_area,30,2026-09-08T06:55:17+00:00
G076811E41843N,upper_syr_darya,syr_darya,gte_4000,4000,,0.090848,31.3869,srtm_band_mask_rescaled_to_vector_area,30,2026-09-08T06:55:17+00:00
G076811E41919N,upper_syr_darya,syr_darya,3000_4000,3000,4000,0.210238,5.0379,srtm_band_mask_rescaled_to_vector_area,30,2026-09-08T06:55:17+00:00
G076811E41919N,upper_syr_darya,syr_darya,gte_4000,4000,,3.962887,94.9621,srtm_band_mask_rescaled_to_vector_area,30,2026-09-08T06:55:17+00:00
G076816E41348N,upper_syr_darya,syr_darya,3000_4000,3000,4000,0.008054,8.0441,srtm_band_mask_rescaled_to_vector_area,30,2026-09-08T06:55:17+00:00
G076816E41348N,upper_syr_darya,syr_darya,gte_4000,4000,,0.092073,91.9559,srtm_band_mask_rescaled_to_vector_area,30,2026-09-08T06:55:17+00:00
G076816E41902N,upper_syr_darya,syr_darya,3000_4000,3000,4000,0.058556,8.8623,srtm_band_mask_rescaled_to_vector_area,30,2026-09-08T06:55:17+00:00
G076816E41902N,upper_syr_darya,syr_darya,gte_4000,4000,,0.602180,91.1377,srtm_band_mask_rescaled_to_vector_area,30,2026-09-08T06:55:17+00:00
G076817E41844N,upper_syr_darya,syr_darya,3000_4000,3000,4000,0.064639,54.3523,srtm_band_mask_rescaled_to_vector_area,30,2026-09-08T06:55:17+00:00
G076817E41844N,upper_syr_darya,syr_darya,gte_4000,4000,,0.054287,45.6477,srtm_band_mask_rescaled_to_vector_area,30,2026-09-08T06:55:17+00:00
G076817E41884N,upper_syr_darya,syr_darya,3000_4000,3000,4000,0.035492,4.3053,srtm_band_mask_rescaled_to_vector_area,30,2026-09-08T06:55:17+00:00
G076817E41884N,upper_syr_darya,syr_darya,gte_4000,4000,,0.788893,95.6947,srtm_band_mask_rescaled_to_vector_area,30,2026-09-08T06:55:17+00:00
G076821E41351N,upper_syr_darya,syr_darya,3000_4000,3000,4000,0.101031,100.0000,srtm_band_mask_rescaled_to_vector_area,30,2026-09-08T06:55:17+00:00
G076821E41927N,upper_syr_darya,syr_darya,gte_4000,4000,,0.290406,100.0000,srtm_band_mask_rescaled_to_vector_area,30,2026-09-08T06:55:17+00:00
G076822E41941N,upper_syr_darya,syr_darya,3000_4000,3000,4000,0.106996,9.3318,srtm_band_mask_rescaled_to_vector_area,30,2026-09-08T06:55:17+00:00
G076822E41941N,upper_syr_darya,syr_darya,gte_4000,4000,,1.039575,90.6682,srtm_band_mask_rescaled_to_vector_area,30,2026-09-08T06:55:17+00:00
G076823E41214N,upper_syr_darya,syr_darya,gte_4000,4000,,0.057114,100.0000,srtm_band_mask_rescaled_to_vector_area,30,2026-09-08T06:55:17+00:00
G076823E41540N,upper_syr_darya,syr_darya,3000_4000,3000,4000,0.079588,99.7882,srtm_band_mask_rescaled_to_vector_area,30,2026-09-08T06:55:17+00:00
G076823E41540N,upper_syr_darya,syr_darya,gte_4000,4000,,0.000169,0.2118,srtm_band_mask_rescaled_to_vector_area,30,2026-09-08T06:55:17+00:00
G076823E41840N,upper_syr_darya,syr_darya,3000_4000,3000,4000,0.082866,75.3747,srtm_band_mask_rescaled_to_vector_area,30,2026-09-08T06:55:17+00:00
G076823E41840N,upper_syr_darya,syr_darya,gte_4000,4000,,0.027073,24.6253,srtm_band_mask_rescaled_to_vector_area,30,2026-09-08T06:55:17+00:00
G076824E41843N,upper_syr_darya,syr_darya,3000_4000,3000,4000,0.086985,76.8669,srtm_band_mask_rescaled_to_vector_area,30,2026-09-08T06:55:17+00:00
G076824E41843N,upper_syr_darya,syr_darya,gte_4000,4000,,0.026178,23.1331,srtm_band_mask_rescaled_to_vector_area,30,2026-09-08T06:55:17+00:00
G076824E41893N,upper_syr_darya,syr_darya,3000_4000,3000,4000,0.634475,27.7329,srtm_band_mask_rescaled_to_vector_area,30,2026-09-08T06:55:17+00:00
G076824E41893N,upper_syr_darya,syr_darya,gte_4000,4000,,1.653329,72.2671,srtm_band_mask_rescaled_to_vector_area,30,2026-09-08T06:55:17+00:00
G076826E41925N,upper_syr_darya,syr_darya,gte_4000,4000,,0.239367,100.0000,srtm_band_mask_rescaled_to_vector_area,30,2026-09-08T06:55:17+00:00
G076830E41347N,upper_syr_darya,syr_darya,gte_4000,4000,,0.042780,100.0000,srtm_band_mask_rescaled_to_vector_area,30,2026-09-08T06:55:17+00:00
G076831E41937N,upper_syr_darya,syr_darya,3000_4000,3000,4000,0.229565,15.6290,srtm_band_mask_rescaled_to_vector_area,30,2026-09-08T06:55:17+00:00
G076831E41937N,upper_syr_darya,syr_darya,gte_4000,4000,,1.239280,84.3710,srtm_band_mask_rescaled_to_vector_area,30,2026-09-08T06:55:17+00:00
G076832E41920N,upper_syr_darya,syr_darya,gte_4000,4000,,0.212354,100.0000,srtm_band_mask_rescaled_to_vector_area,30,2026-09-08T06:55:17+00:00
G076834E41549N,upper_syr_darya,syr_darya,3000_4000,3000,4000,0.093477,61.0544,srtm_band_mask_rescaled_to_vector_area,30,2026-09-08T06:55:17+00:00
G076834E41549N,upper_syr_darya,syr_darya,gte_4000,4000,,0.059627,38.9456,srtm_band_mask_rescaled_to_vector_area,30,2026-09-08T06:55:17+00:00
G076837E41348N,upper_syr_darya,syr_darya,3000_4000,3000,4000,0.159202,53.3929,srtm_band_mask_rescaled_to_vector_area,30,2026-09-08T06:55:17+00:00
G076837E41348N,upper_syr_darya,syr_darya,gte_4000,4000,,0.138969,46.6071,srtm_band_mask_rescaled_to_vector_area,30,2026-09-08T06:55:17+00:00
G076841E41930N,upper_syr_darya,syr_darya,3000_4000,3000,4000,0.199970,11.7850,srtm_band_mask_rescaled_to_vector_area,30,2026-09-08T06:55:17+00:00
G076841E41930N,upper_syr_darya,syr_darya,gte_4000,4000,,1.496858,88.2150,srtm_band_mask_rescaled_to_vector_area,30,2026-09-08T06:55:17+00:00
G076842E41337N,upper_syr_darya,syr_darya,3000_4000,3000,4000,0.068194,76.5140,srtm_band_mask_rescaled_to_vector_area,30,2026-09-08T06:55:17+00:00
G076842E41337N,upper_syr_darya,syr_darya,gte_4000,4000,,0.020932,23.4860,srtm_band_mask_rescaled_to_vector_area,30,2026-09-08T06:55:17+00:00
G076842E41889N,upper_syr_darya,syr_darya,3000_4000,3000,4000,0.458852,50.7065,srtm_band_mask_rescaled_to_vector_area,30,2026-09-08T06:55:17+00:00
G076842E41889N,upper_syr_darya,syr_darya,gte_4000,4000,,0.446065,49.2935,srtm_band_mask_rescaled_to_vector_area,30,2026-09-08T06:55:17+00:00
G076843E41550N,upper_syr_darya,syr_darya,3000_4000,3000,4000,0.108029,73.8775,srtm_band_mask_rescaled_to_vector_area,30,2026-09-08T06:55:17+00:00
G076843E41550N,upper_syr_darya,syr_darya,gte_4000,4000,,0.038198,26.1225,srtm_band_mask_rescaled_to_vector_area,30,2026-09-08T06:55:17+00:00
G076843E41569N,upper_syr_darya,syr_darya,3000_4000,3000,4000,0.478236,60.9480,srtm_band_mask_rescaled_to_vector_area,30,2026-09-08T06:55:17+00:00
G076843E41569N,upper_syr_darya,syr_darya,gte_4000,4000,,0.306426,39.0520,srtm_band_mask_rescaled_to_vector_area,30,2026-09-08T06:55:17+00:00
G076845E41208N,upper_syr_darya,syr_darya,3000_4000,3000,4000,0.029270,12.2061,srtm_band_mask_rescaled_to_vector_area,30,2026-09-08T06:55:17+00:00
G076845E41208N,upper_syr_darya,syr_darya,gte_4000,4000,,0.210531,87.7939,srtm_band_mask_rescaled_to_vector_area,30,2026-09-08T06:55:17+00:00
G076849E41349N,upper_syr_darya,syr_darya,3000_4000,3000,4000,0.067163,32.5050,srtm_band_mask_rescaled_to_vector_area,30,2026-09-08T06:55:17+00:00
G076849E41349N,upper_syr_darya,syr_darya,gte_4000,4000,,0.139461,67.4950,srtm_band_mask_rescaled_to_vector_area,30,2026-09-08T06:55:17+00:00
G076849E41556N,upper_syr_darya,syr_darya,3000_4000,3000,4000,0.184372,100.0000,srtm_band_mask_rescaled_to_vector_area,30,2026-09-08T06:55:17+00:00
G076851E41209N,upper_syr_darya,syr_darya,3000_4000,3000,4000,0.000796,0.4755,srtm_band_mask_rescaled_to_vector_area,30,2026-09-08T06:55:17+00:00
G076851E41209N,upper_syr_darya,syr_darya,gte_4000,4000,,0.166621,99.5245,srtm_band_mask_rescaled_to_vector_area,30,2026-09-08T06:55:17+00:00
G076851E41418N,upper_syr_darya,syr_darya,3000_4000,3000,4000,0.148137,64.8387,srtm_band_mask_rescaled_to_vector_area,30,2026-09-08T06:55:17+00:00
G076851E41418N,upper_syr_darya,syr_darya,gte_4000,4000,,0.080333,35.1613,srtm_band_mask_rescaled_to_vector_area,30,2026-09-08T06:55:17+00:00
G076852E41349N,upper_syr_darya,syr_darya,3000_4000,3000,4000,0.103289,53.4315,srtm_band_mask_rescaled_to_vector_area,30,2026-09-08T06:55:17+00:00
G076852E41349N,upper_syr_darya,syr_darya,gte_4000,4000,,0.090022,46.5685,srtm_band_mask_rescaled_to_vector_area,30,2026-09-08T06:55:17+00:00
G076855E41350N,upper_syr_darya,syr_darya,3000_4000,3000,4000,0.206714,98.2987,srtm_band_mask_rescaled_to_vector_area,30,2026-09-08T06:55:17+00:00
G076855E41350N,upper_syr_darya,syr_darya,gte_4000,4000,,0.003578,1.7013,srtm_band_mask_rescaled_to_vector_area,30,2026-09-08T06:55:17+00:00
G076856E41349N,upper_syr_darya,syr_darya,3000_4000,3000,4000,0.093783,76.1573,srtm_band_mask_rescaled_to_vector_area,30,2026-09-08T06:55:17+00:00
G076856E41349N,upper_syr_darya,syr_darya,gte_4000,4000,,0.029361,23.8427,srtm_band_mask_rescaled_to_vector_area,30,2026-09-08T06:55:17+00:00
G076856E41567N,upper_syr_darya,syr_darya,3000_4000,3000,4000,0.255375,88.3136,srtm_band_mask_rescaled_to_vector_area,30,2026-09-08T06:55:17+00:00
G076856E41567N,upper_syr_darya,syr_darya,gte_4000,4000,,0.033793,11.6864,srtm_band_mask_rescaled_to_vector_area,30,2026-09-08T06:55:17+00:00
G076858E41349N,upper_syr_darya,syr_darya,3000_4000,3000,4000,0.052338,71.8679,srtm_band_mask_rescaled_to_vector_area,30,2026-09-08T06:55:17+00:00
G076858E41349N,upper_syr_darya,syr_darya,gte_4000,4000,,0.020487,28.1321,srtm_band_mask_rescaled_to_vector_area,30,2026-09-08T06:55:17+00:00
G076858E41417N,upper_syr_darya,syr_darya,3000_4000,3000,4000,0.101369,78.9719,srtm_band_mask_rescaled_to_vector_area,30,2026-09-08T06:55:17+00:00
G076858E41417N,upper_syr_darya,syr_darya,gte_4000,4000,,0.026992,21.0281,srtm_band_mask_rescaled_to_vector_area,30,2026-09-08T06:55:17+00:00
G076861E41923N,upper_syr_darya,syr_darya,3000_4000,3000,4000,0.604650,16.7744,srtm_band_mask_rescaled_to_vector_area,30,2026-09-08T06:55:17+00:00
G076861E41923N,upper_syr_darya,syr_darya,gte_4000,4000,,2.999955,83.2256,srtm_band_mask_rescaled_to_vector_area,30,2026-09-08T06:55:17+00:00
G076864E41566N,upper_syr_darya,syr_darya,3000_4000,3000,4000,0.270345,100.0000,srtm_band_mask_rescaled_to_vector_area,30,2026-09-08T06:55:17+00:00
G076871E41222N,upper_syr_darya,syr_darya,gte_4000,4000,,0.142679,100.0000,srtm_band_mask_rescaled_to_vector_area,30,2026-09-08T06:55:17+00:00
G076873E41416N,upper_syr_darya,syr_darya,3000_4000,3000,4000,0.150915,67.9427,srtm_band_mask_rescaled_to_vector_area,30,2026-09-08T06:55:17+00:00
G076873E41416N,upper_syr_darya,syr_darya,gte_4000,4000,,0.071206,32.0573,srtm_band_mask_rescaled_to_vector_area,30,2026-09-08T06:55:17+00:00
G076874E41534N,upper_syr_darya,syr_darya,3000_4000,3000,4000,0.071444,55.7888,srtm_band_mask_rescaled_to_vector_area,30,2026-09-08T06:55:17+00:00
G076874E41534N,upper_syr_darya,syr_darya,gte_4000,4000,,0.056618,44.2112,srtm_band_mask_rescaled_to_vector_area,30,2026-09-08T06:55:17+00:00
G076875E41433N,upper_syr_darya,syr_darya,3000_4000,3000,4000,0.119053,100.0000,srtm_band_mask_rescaled_to_vector_area,30,2026-09-08T06:55:17+00:00
G076878E41417N,upper_syr_darya,syr_darya,3000_4000,3000,4000,0.256296,60.9058,srtm_band_mask_rescaled_to_vector_area,30,2026-09-08T06:55:17+00:00
G076878E41417N,upper_syr_darya,syr_darya,gte_4000,4000,,0.164511,39.0942,srtm_band_mask_rescaled_to_vector_area,30,2026-09-08T06:55:17+00:00
G076878E41561N,upper_syr_darya,syr_darya,3000_4000,3000,4000,0.521819,84.9233,srtm_band_mask_rescaled_to_vector_area,30,2026-09-08T06:55:17+00:00
G076878E41561N,upper_syr_darya,syr_darya,gte_4000,4000,,0.092640,15.0767,srtm_band_mask_rescaled_to_vector_area,30,2026-09-08T06:55:17+00:00
G076879E41535N,upper_syr_darya,syr_darya,gte_4000,4000,,0.014851,100.0000,srtm_band_mask_rescaled_to_vector_area,30,2026-09-08T06:55:17+00:00
G076880E41790N,upper_syr_darya,syr_darya,3000_4000,3000,4000,0.024672,18.4674,srtm_band_mask_rescaled_to_vector_area,30,2026-09-08T06:55:17+00:00
G076880E41790N,upper_syr_darya,syr_darya,gte_4000,4000,,0.108927,81.5326,srtm_band_mask_rescaled_to_vector_area,30,2026-09-08T06:55:17+00:00
G076883E41533N,upper_syr_darya,syr_darya,3000_4000,3000,4000,0.000037,0.1733,srtm_band_mask_rescaled_to_vector_area,30,2026-09-08T06:55:17+00:00
G076883E41533N,upper_syr_darya,syr_darya,gte_4000,4000,,0.021345,99.8267,srtm_band_mask_rescaled_to_vector_area,30,2026-09-08T06:55:17+00:00
G076883E41550N,upper_syr_darya,syr_darya,gte_4000,4000,,0.028599,100.0000,srtm_band_mask_rescaled_to_vector_area,30,2026-09-08T06:55:17+00:00
G076884E41552N,upper_syr_darya,syr_darya,gte_4000,4000,,0.101580,100.0000,srtm_band_mask_rescaled_to_vector_area,30,2026-09-08T06:55:17+00:00
G076886E41421N,upper_syr_darya,syr_darya,3000_4000,3000,4000,0.124044,56.1318,srtm_band_mask_rescaled_to_vector_area,30,2026-09-08T06:55:17+00:00
G076886E41421N,upper_syr_darya,syr_darya,gte_4000,4000,,0.096943,43.8682,srtm_band_mask_rescaled_to_vector_area,30,2026-09-08T06:55:17+00:00
G076890E41556N,upper_syr_darya,syr_darya,3000_4000,3000,4000,0.261623,100.0000,srtm_band_mask_rescaled_to_vector_area,30,2026-09-08T06:55:17+00:00
G076890E41567N,upper_syr_darya,syr_darya,3000_4000,3000,4000,0.024562,26.5379,srtm_band_mask_rescaled_to_vector_area,30,2026-09-08T06:55:17+00:00
G076890E41567N,upper_syr_darya,syr_darya,gte_4000,4000,,0.067992,73.4621,srtm_band_mask_rescaled_to_vector_area,30,2026-09-08T06:55:17+00:00
G076891E41792N,upper_syr_darya,syr_darya,3000_4000,3000,4000,0.235581,58.2938,srtm_band_mask_rescaled_to_vector_area,30,2026-09-08T06:55:17+00:00
G076891E41792N,upper_syr_darya,syr_darya,gte_4000,4000,,0.168546,41.7062,srtm_band_mask_rescaled_to_vector_area,30,2026-09-08T06:55:17+00:00
G076891E41928N,upper_syr_darya,syr_darya,3000_4000,3000,4000,0.770698,67.9556,srtm_band_mask_rescaled_to_vector_area,30,2026-09-08T06:55:17+00:00
G076891E41928N,upper_syr_darya,syr_darya,gte_4000,4000,,0.363422,32.0444,srtm_band_mask_rescaled_to_vector_area,30,2026-09-08T06:55:17+00:00
G076892E41920N,upper_syr_darya,syr_darya,3000_4000,3000,4000,0.005092,3.2958,srtm_band_mask_rescaled_to_vector_area,30,2026-09-08T06:55:17+00:00
G076892E41920N,upper_syr_darya,syr_darya,gte_4000,4000,,0.149411,96.7042,srtm_band_mask_rescaled_to_vector_area,30,2026-09-08T06:55:17+00:00
G076894E41367N,upper_syr_darya,syr_darya,3000_4000,3000,4000,0.114295,84.3708,srtm_band_mask_rescaled_to_vector_area,30,2026-09-08T06:55:17+00:00
G076894E41367N,upper_syr_darya,syr_darya,gte_4000,4000,,0.021173,15.6292,srtm_band_mask_rescaled_to_vector_area,30,2026-09-08T06:55:17+00:00
G076894E41552N,upper_syr_darya,syr_darya,3000_4000,3000,4000,0.138709,80.8558,srtm_band_mask_rescaled_to_vector_area,30,2026-09-08T06:55:17+00:00
G076894E41552N,upper_syr_darya,syr_darya,gte_4000,4000,,0.032842,19.1442,srtm_band_mask_rescaled_to_vector_area,30,2026-09-08T06:55:17+00:00
G076895E41424N,upper_syr_darya,syr_darya,3000_4000,3000,4000,0.022912,38.7542,srtm_band_mask_rescaled_to_vector_area,30,2026-09-08T06:55:17+00:00
G076895E41424N,upper_syr_darya,syr_darya,gte_4000,4000,,0.036209,61.2458,srtm_band_mask_rescaled_to_vector_area,30,2026-09-08T06:55:17+00:00
G076896E41566N,upper_syr_darya,syr_darya,3000_4000,3000,4000,0.140528,58.2454,srtm_band_mask_rescaled_to_vector_area,30,2026-09-08T06:55:17+00:00
G076896E41566N,upper_syr_darya,syr_darya,gte_4000,4000,,0.100741,41.7546,srtm_band_mask_rescaled_to_vector_area,30,2026-09-08T06:55:17+00:00
G076897E41793N,upper_syr_darya,syr_darya,3000_4000,3000,4000,0.265659,70.0698,srtm_band_mask_rescaled_to_vector_area,30,2026-09-08T06:55:17+00:00
G076897E41793N,upper_syr_darya,syr_darya,gte_4000,4000,,0.113476,29.9302,srtm_band_mask_rescaled_to_vector_area,30,2026-09-08T06:55:17+00:00
G076899E41806N,upper_syr_darya,syr_darya,3000_4000,3000,4000,0.025385,100.0000,srtm_band_mask_rescaled_to_vector_area,30,2026-09-08T06:55:17+00:00
G076901E41424N,upper_syr_darya,syr_darya,3000_4000,3000,4000,0.083514,36.2188,srtm_band_mask_rescaled_to_vector_area,30,2026-09-08T06:55:17+00:00
G076901E41424N,upper_syr_darya,syr_darya,gte_4000,4000,,0.147067,63.7812,srtm_band_mask_rescaled_to_vector_area,30,2026-09-08T06:55:17+00:00
G076902E41382N,upper_syr_darya,syr_darya,3000_4000,3000,4000,0.000252,0.8680,srtm_band_mask_rescaled_to_vector_area,30,2026-09-08T06:55:17+00:00
G076902E41382N,upper_syr_darya,syr_darya,gte_4000,4000,,0.028744,99.1320,srtm_band_mask_rescaled_to_vector_area,30,2026-09-08T06:55:17+00:00
G076903E41801N,upper_syr_darya,syr_darya,3000_4000,3000,4000,0.002839,18.1894,srtm_band_mask_rescaled_to_vector_area,30,2026-09-08T06:55:17+00:00
G076903E41801N,upper_syr_darya,syr_darya,gte_4000,4000,,0.012768,81.8106,srtm_band_mask_rescaled_to_vector_area,30,2026-09-08T06:55:17+00:00
G076905E41793N,upper_syr_darya,syr_darya,3000_4000,3000,4000,0.000408,0.9197,srtm_band_mask_rescaled_to_vector_area,30,2026-09-08T06:55:17+00:00
G076905E41793N,upper_syr_darya,syr_darya,gte_4000,4000,,0.043910,99.0803,srtm_band_mask_rescaled_to_vector_area,30,2026-09-08T06:55:17+00:00
G076906E41571N,upper_syr_darya,syr_darya,3000_4000,3000,4000,0.088166,62.0063,srtm_band_mask_rescaled_to_vector_area,30,2026-09-08T06:55:17+00:00
G076906E41571N,upper_syr_darya,syr_darya,gte_4000,4000,,0.054023,37.9937,srtm_band_mask_rescaled_to_vector_area,30,2026-09-08T06:55:17+00:00
G076907E41370N,upper_syr_darya,syr_darya,3000_4000,3000,4000,0.021732,14.2559,srtm_band_mask_rescaled_to_vector_area,30,2026-09-08T06:55:17+00:00
G076907E41370N,upper_syr_darya,syr_darya,gte_4000,4000,,0.130708,85.7441,srtm_band_mask_rescaled_to_vector_area,30,2026-09-08T06:55:17+00:00
G076907E41424N,upper_syr_darya,syr_darya,3000_4000,3000,4000,0.140612,55.3093,srtm_band_mask_rescaled_to_vector_area,30,2026-09-08T06:55:17+00:00
G076907E41424N,upper_syr_darya,syr_darya,gte_4000,4000,,0.113616,44.6907,srtm_band_mask_rescaled_to_vector_area,30,2026-09-08T06:55:17+00:00
G076907E41927N,upper_syr_darya,syr_darya,3000_4000,3000,4000,1.150817,53.0511,srtm_band_mask_rescaled_to_vector_area,30,2026-09-08T06:55:17+00:00
G076907E41927N,upper_syr_darya,syr_darya,gte_4000,4000,,1.018443,46.9489,srtm_band_mask_rescaled_to_vector_area,30,2026-09-08T06:55:17+00:00
G076909E41408N,upper_syr_darya,syr_darya,3000_4000,3000,4000,0.008144,25.6459,srtm_band_mask_rescaled_to_vector_area,30,2026-09-08T06:55:17+00:00
G076909E41408N,upper_syr_darya,syr_darya,gte_4000,4000,,0.023610,74.3541,srtm_band_mask_rescaled_to_vector_area,30,2026-09-08T06:55:17+00:00
G076910E41414N,upper_syr_darya,syr_darya,3000_4000,3000,4000,0.082806,34.2300,srtm_band_mask_rescaled_to_vector_area,30,2026-09-08T06:55:17+00:00
G076910E41414N,upper_syr_darya,syr_darya,gte_4000,4000,,0.159104,65.7700,srtm_band_mask_rescaled_to_vector_area,30,2026-09-08T06:55:17+00:00
G076911E41421N,upper_syr_darya,syr_darya,3000_4000,3000,4000,0.001538,7.3936,srtm_band_mask_rescaled_to_vector_area,30,2026-09-08T06:55:17+00:00
G076911E41421N,upper_syr_darya,syr_darya,gte_4000,4000,,0.019264,92.6064,srtm_band_mask_rescaled_to_vector_area,30,2026-09-08T06:55:17+00:00
G076911E41798N,upper_syr_darya,syr_darya,3000_4000,3000,4000,0.562508,59.7726,srtm_band_mask_rescaled_to_vector_area,30,2026-09-08T06:55:17+00:00
G076911E41798N,upper_syr_darya,syr_darya,gte_4000,4000,,0.378572,40.2274,srtm_band_mask_rescaled_to_vector_area,30,2026-09-08T06:55:17+00:00
G076912E41372N,upper_syr_darya,syr_darya,3000_4000,3000,4000,0.042240,52.8086,srtm_band_mask_rescaled_to_vector_area,30,2026-09-08T06:55:17+00:00
G076912E41372N,upper_syr_darya,syr_darya,gte_4000,4000,,0.037747,47.1914,srtm_band_mask_rescaled_to_vector_area,30,2026-09-08T06:55:17+00:00
G076912E41381N,upper_syr_darya,syr_darya,3000_4000,3000,4000,0.076204,80.8777,srtm_band_mask_rescaled_to_vector_area,30,2026-09-08T06:55:17+00:00
G076912E41381N,upper_syr_darya,syr_darya,gte_4000,4000,,0.018017,19.1223,srtm_band_mask_rescaled_to_vector_area,30,2026-09-08T06:55:17+00:00
G076913E41366N,upper_syr_darya,syr_darya,3000_4000,3000,4000,0.025473,28.4657,srtm_band_mask_rescaled_to_vector_area,30,2026-09-08T06:55:17+00:00
G076913E41366N,upper_syr_darya,syr_darya,gte_4000,4000,,0.064015,71.5343,srtm_band_mask_rescaled_to_vector_area,30,2026-09-08T06:55:17+00:00
G076914E41575N,upper_syr_darya,syr_darya,3000_4000,3000,4000,0.007378,28.9194,srtm_band_mask_rescaled_to_vector_area,30,2026-09-08T06:55:17+00:00
G076914E41575N,upper_syr_darya,syr_darya,gte_4000,4000,,0.018134,71.0806,srtm_band_mask_rescaled_to_vector_area,30,2026-09-08T06:55:17+00:00
G076915E41373N,upper_syr_darya,syr_darya,3000_4000,3000,4000,0.031910,63.3004,srtm_band_mask_rescaled_to_vector_area,30,2026-09-08T06:55:17+00:00
G076915E41373N,upper_syr_darya,syr_darya,gte_4000,4000,,0.018500,36.6996,srtm_band_mask_rescaled_to_vector_area,30,2026-09-08T06:55:17+00:00
G076915E41379N,upper_syr_darya,syr_darya,gte_4000,4000,,0.035664,100.0000,srtm_band_mask_rescaled_to_vector_area,30,2026-09-08T06:55:17+00:00
G076915E41419N,upper_syr_darya,syr_darya,3000_4000,3000,4000,0.032655,45.7644,srtm_band_mask_rescaled_to_vector_area,30,2026-09-08T06:55:17+00:00
G076915E41419N,upper_syr_darya,syr_darya,gte_4000,4000,,0.038700,54.2356,srtm_band_mask_rescaled_to_vector_area,30,2026-09-08T06:55:17+00:00
G076915E41918N,upper_syr_darya,syr_darya,3000_4000,3000,4000,0.178031,24.0975,srtm_band_mask_rescaled_to_vector_area,30,2026-09-08T06:55:17+00:00
G076915E41918N,upper_syr_darya,syr_darya,gte_4000,4000,,0.560765,75.9025,srtm_band_mask_rescaled_to_vector_area,30,2026-09-08T06:55:17+00:00
G076917E41373N,upper_syr_darya,syr_darya,3000_4000,3000,4000,0.076528,31.9270,srtm_band_mask_rescaled_to_vector_area,30,2026-09-08T06:55:17+00:00
G076917E41373N,upper_syr_darya,syr_darya,gte_4000,4000,,0.163168,68.0730,srtm_band_mask_rescaled_to_vector_area,30,2026-09-08T06:55:17+00:00
G076918E41921N,upper_syr_darya,syr_darya,gte_4000,4000,,0.028282,100.0000,srtm_band_mask_rescaled_to_vector_area,30,2026-09-08T06:55:17+00:00
G076919E41373N,upper_syr_darya,syr_darya,3000_4000,3000,4000,0.024134,10.9558,srtm_band_mask_rescaled_to_vector_area,30,2026-09-08T06:55:17+00:00
G076919E41373N,upper_syr_darya,syr_darya,gte_4000,4000,,0.196150,89.0442,srtm_band_mask_rescaled_to_vector_area,30,2026-09-08T06:55:17+00:00
G076919E41382N,upper_syr_darya,syr_darya,3000_4000,3000,4000,0.094946,92.2653,srtm_band_mask_rescaled_to_vector_area,30,2026-09-08T06:55:17+00:00
G076919E41382N,upper_syr_darya,syr_darya,gte_4000,4000,,0.007959,7.7347,srtm_band_mask_rescaled_to_vector_area,30,2026-09-08T06:55:17+00:00
G076919E41418N,upper_syr_darya,syr_darya,3000_4000,3000,4000,0.434169,81.0165,srtm_band_mask_rescaled_to_vector_area,30,2026-09-08T06:55:17+00:00
G076919E41418N,upper_syr_darya,syr_darya,gte_4000,4000,,0.101733,18.9835,srtm_band_mask_rescaled_to_vector_area,30,2026-09-08T06:55:17+00:00
G076920E41418N,upper_syr_darya,syr_darya,3000_4000,3000,4000,0.357872,75.1691,srtm_band_mask_rescaled_to_vector_area,30,2026-09-08T06:55:17+00:00
G076920E41418N,upper_syr_darya,syr_darya,gte_4000,4000,,0.118217,24.8309,srtm_band_mask_rescaled_to_vector_area,30,2026-09-08T06:55:17+00:00
G076921E41585N,upper_syr_darya,syr_darya,3000_4000,3000,4000,0.010718,22.9882,srtm_band_mask_rescaled_to_vector_area,30,2026-09-08T06:55:17+00:00
G076921E41585N,upper_syr_darya,syr_darya,gte_4000,4000,,0.035906,77.0118,srtm_band_mask_rescaled_to_vector_area,30,2026-09-08T06:55:17+00:00
G076923E41252N,upper_syr_darya,syr_darya,gte_4000,4000,,0.026019,100.0000,srtm_band_mask_rescaled_to_vector_area,30,2026-09-08T06:55:17+00:00
G076923E41801N,upper_syr_darya,syr_darya,3000_4000,3000,4000,0.513482,42.7491,srtm_band_mask_rescaled_to_vector_area,30,2026-09-08T06:55:17+00:00
G076923E41801N,upper_syr_darya,syr_darya,gte_4000,4000,,0.687672,57.2509,srtm_band_mask_rescaled_to_vector_area,30,2026-09-08T06:55:17+00:00
G076924E41374N,upper_syr_darya,syr_darya,3000_4000,3000,4000,0.000591,0.8302,srtm_band_mask_rescaled_to_vector_area,30,2026-09-08T06:55:17+00:00
G076924E41374N,upper_syr_darya,syr_darya,gte_4000,4000,,0.070581,99.1698,srtm_band_mask_rescaled_to_vector_area,30,2026-09-08T06:55:17+00:00
G076924E41381N,upper_syr_darya,syr_darya,3000_4000,3000,4000,0.069056,38.5838,srtm_band_mask_rescaled_to_vector_area,30,2026-09-08T06:55:17+00:00
G076924E41381N,upper_syr_darya,syr_darya,gte_4000,4000,,0.109921,61.4162,srtm_band_mask_rescaled_to_vector_area,30,2026-09-08T06:55:17+00:00
G076925E41800N,upper_syr_darya,syr_darya,3000_4000,3000,4000,0.772374,43.7148,srtm_band_mask_rescaled_to_vector_area,30,2026-09-08T06:55:17+00:00
G076925E41800N,upper_syr_darya,syr_darya,gte_4000,4000,,0.994473,56.2852,srtm_band_mask_rescaled_to_vector_area,30,2026-09-08T06:55:17+00:00
G076926E41918N,upper_syr_darya,syr_darya,3000_4000,3000,4000,0.085125,11.3238,srtm_band_mask_rescaled_to_vector_area,30,2026-09-08T06:55:17+00:00
G076926E41918N,upper_syr_darya,syr_darya,gte_4000,4000,,0.666614,88.6762,srtm_band_mask_rescaled_to_vector_area,30,2026-09-08T06:55:17+00:00
G076928E41246N,upper_syr_darya,syr_darya,3000_4000,3000,4000,0.029749,18.0254,srtm_band_mask_rescaled_to_vector_area,30,2026-09-08T06:55:17+00:00
G076928E41246N,upper_syr_darya,syr_darya,gte_4000,4000,,0.135289,81.9746,srtm_band_mask_rescaled_to_vector_area,30,2026-09-08T06:55:17+00:00
G076931E41384N,upper_syr_darya,syr_darya,3000_4000,3000,4000,0.092665,42.2314,srtm_band_mask_rescaled_to_vector_area,30,2026-09-08T06:55:17+00:00
G076931E41384N,upper_syr_darya,syr_darya,gte_4000,4000,,0.126758,57.7686,srtm_band_mask_rescaled_to_vector_area,30,2026-09-08T06:55:17+00:00
G076931E41801N,upper_syr_darya,syr_darya,3000_4000,3000,4000,0.299895,43.6148,srtm_band_mask_rescaled_to_vector_area,30,2026-09-08T06:55:17+00:00
G076931E41801N,upper_syr_darya,syr_darya,gte_4000,4000,,0.387705,56.3852,srtm_band_mask_rescaled_to_vector_area,30,2026-09-08T06:55:17+00:00
G076931E41839N,upper_syr_darya,syr_darya,3000_4000,3000,4000,0.000755,1.7025,srtm_band_mask_rescaled_to_vector_area,30,2026-09-08T06:55:17+00:00
G076931E41839N,upper_syr_darya,syr_darya,gte_4000,4000,,0.043580,98.2975,srtm_band_mask_rescaled_to_vector_area,30,2026-09-08T06:55:17+00:00
G076932E41376N,upper_syr_darya,syr_darya,3000_4000,3000,4000,0.008328,10.4651,srtm_band_mask_rescaled_to_vector_area,30,2026-09-08T06:55:17+00:00
G076932E41376N,upper_syr_darya,syr_darya,gte_4000,4000,,0.071247,89.5349,srtm_band_mask_rescaled_to_vector_area,30,2026-09-08T06:55:17+00:00
G076933E41238N,upper_syr_darya,syr_darya,gte_4000,4000,,0.033514,100.0000,srtm_band_mask_rescaled_to_vector_area,30,2026-09-08T06:55:17+00:00
G076934E41803N,upper_syr_darya,syr_darya,3000_4000,3000,4000,0.254269,45.9475,srtm_band_mask_rescaled_to_vector_area,30,2026-09-08T06:55:17+00:00
G076934E41803N,upper_syr_darya,syr_darya,gte_4000,4000,,0.299121,54.0525,srtm_band_mask_rescaled_to_vector_area,30,2026-09-08T06:55:17+00:00
G076934E41841N,upper_syr_darya,syr_darya,3000_4000,3000,4000,0.053634,67.4417,srtm_band_mask_rescaled_to_vector_area,30,2026-09-08T06:55:17+00:00
G076934E41841N,upper_syr_darya,syr_darya,gte_4000,4000,,0.025892,32.5583,srtm_band_mask_rescaled_to_vector_area,30,2026-09-08T06:55:17+00:00
G076934E41904N,upper_syr_darya,syr_darya,3000_4000,3000,4000,0.042100,88.1699,srtm_band_mask_rescaled_to_vector_area,30,2026-09-08T06:55:17+00:00
G076934E41904N,upper_syr_darya,syr_darya,gte_4000,4000,,0.005649,11.8301,srtm_band_mask_rescaled_to_vector_area,30,2026-09-08T06:55:17+00:00
G076934E41916N,upper_syr_darya,syr_darya,3000_4000,3000,4000,0.009779,1.9788,srtm_band_mask_rescaled_to_vector_area,30,2026-09-08T06:55:17+00:00
G076934E41916N,upper_syr_darya,syr_darya,gte_4000,4000,,0.484412,98.0212,srtm_band_mask_rescaled_to_vector_area,30,2026-09-08T06:55:17+00:00
G076935E41928N,upper_syr_darya,syr_darya,3000_4000,3000,4000,1.961170,73.4022,srtm_band_mask_rescaled_to_vector_area,30,2026-09-08T06:55:17+00:00
G076935E41928N,upper_syr_darya,syr_darya,gte_4000,4000,,0.710643,26.5978,srtm_band_mask_rescaled_to_vector_area,30,2026-09-08T06:55:17+00:00
G076936E41385N,upper_syr_darya,syr_darya,gte_4000,4000,,0.054204,100.0000,srtm_band_mask_rescaled_to_vector_area,30,2026-09-08T06:55:17+00:00
G076937E41418N,upper_syr_darya,syr_darya,3000_4000,3000,4000,0.550748,60.6983,srtm_band_mask_rescaled_to_vector_area,30,2026-09-08T06:55:17+00:00
G076937E41418N,upper_syr_darya,syr_darya,gte_4000,4000,,0.356606,39.3017,srtm_band_mask_rescaled_to_vector_area,30,2026-09-08T06:55:17+00:00
G076937E41841N,upper_syr_darya,syr_darya,3000_4000,3000,4000,0.107875,37.8935,srtm_band_mask_rescaled_to_vector_area,30,2026-09-08T06:55:17+00:00
G076937E41841N,upper_syr_darya,syr_darya,gte_4000,4000,,0.176805,62.1065,srtm_band_mask_rescaled_to_vector_area,30,2026-09-08T06:55:17+00:00
G076938E41418N,upper_syr_darya,syr_darya,3000_4000,3000,4000,0.800076,61.0864,srtm_band_mask_rescaled_to_vector_area,30,2026-09-08T06:55:17+00:00
G076938E41418N,upper_syr_darya,syr_darya,gte_4000,4000,,0.509668,38.9136,srtm_band_mask_rescaled_to_vector_area,30,2026-09-08T06:55:17+00:00
G076939E41810N,upper_syr_darya,syr_darya,3000_4000,3000,4000,0.003891,9.8043,srtm_band_mask_rescaled_to_vector_area,30,2026-09-08T06:55:17+00:00
G076939E41810N,upper_syr_darya,syr_darya,gte_4000,4000,,0.035795,90.1957,srtm_band_mask_rescaled_to_vector_area,30,2026-09-08T06:55:17+00:00
G076942E41904N,upper_syr_darya,syr_darya,3000_4000,3000,4000,0.181748,86.0790,srtm_band_mask_rescaled_to_vector_area,30,2026-09-08T06:55:17+00:00
G076942E41904N,upper_syr_darya,syr_darya,gte_4000,4000,,0.029393,13.9210,srtm_band_mask_rescaled_to_vector_area,30,2026-09-08T06:55:17+00:00
G076942E41917N,upper_syr_darya,syr_darya,3000_4000,3000,4000,0.011856,2.1866,srtm_band_mask_rescaled_to_vector_area,30,2026-09-08T06:55:17+00:00
G076942E41917N,upper_syr_darya,syr_darya,gte_4000,4000,,0.530355,97.8134,srtm_band_mask_rescaled_to_vector_area,30,2026-09-08T06:55:17+00:00
G076944E41379N,upper_syr_darya,syr_darya,gte_4000,4000,,0.146235,100.0000,srtm_band_mask_rescaled_to_vector_area,30,2026-09-08T06:55:17+00:00
G076944E41385N,upper_syr_darya,syr_darya,3000_4000,3000,4000,0.050213,28.6937,srtm_band_mask_rescaled_to_vector_area,30,2026-09-08T06:55:17+00:00
G076944E41385N,upper_syr_darya,syr_darya,gte_4000,4000,,0.124783,71.3063,srtm_band_mask_rescaled_to_vector_area,30,2026-09-08T06:55:17+00:00
G076944E41806N,upper_syr_darya,syr_darya,3000_4000,3000,4000,0.310447,27.1373,srtm_band_mask_rescaled_to_vector_area,30,2026-09-08T06:55:17+00:00
G076944E41806N,upper_syr_darya,syr_darya,gte_4000,4000,,0.833541,72.8627,srtm_band_mask_rescaled_to_vector_area,30,2026-09-08T06:55:17+00:00
G076944E41842N,upper_syr_darya,syr_darya,3000_4000,3000,4000,0.133398,22.2651,srtm_band_mask_rescaled_to_vector_area,30,2026-09-08T06:55:17+00:00
G076944E41842N,upper_syr_darya,syr_darya,gte_4000,4000,,0.465738,77.7349,srtm_band_mask_rescaled_to_vector_area,30,2026-09-08T06:55:17+00:00
G076945E41375N,upper_syr_darya,syr_darya,3000_4000,3000,4000,0.023168,13.3588,srtm_band_mask_rescaled_to_vector_area,30,2026-09-08T06:55:17+00:00
G076945E41375N,upper_syr_darya,syr_darya,gte_4000,4000,,0.150260,86.6412,srtm_band_mask_rescaled_to_vector_area,30,2026-09-08T06:55:17+00:00
G076945E41419N,upper_syr_darya,syr_darya,3000_4000,3000,4000,0.208823,59.0171,srtm_band_mask_rescaled_to_vector_area,30,2026-09-08T06:55:17+00:00
G076945E41419N,upper_syr_darya,syr_darya,gte_4000,4000,,0.145012,40.9829,srtm_band_mask_rescaled_to_vector_area,30,2026-09-08T06:55:17+00:00
G076946E41382N,upper_syr_darya,syr_darya,3000_4000,3000,4000,0.075978,28.4801,srtm_band_mask_rescaled_to_vector_area,30,2026-09-08T06:55:17+00:00
G076946E41382N,upper_syr_darya,syr_darya,gte_4000,4000,,0.190799,71.5199,srtm_band_mask_rescaled_to_vector_area,30,2026-09-08T06:55:17+00:00
G076947E41827N,upper_syr_darya,syr_darya,3000_4000,3000,4000,0.020909,19.8840,srtm_band_mask_rescaled_to_vector_area,30,2026-09-08T06:55:17+00:00
G076947E41827N,upper_syr_darya,syr_darya,gte_4000,4000,,0.084244,80.1160,srtm_band_mask_rescaled_to_vector_area,30,2026-09-08T06:55:17+00:00
G076947E41854N,upper_syr_darya,syr_darya,3000_4000,3000,4000,0.015694,47.2710,srtm_band_mask_rescaled_to_vector_area,30,2026-09-08T06:55:17+00:00
G076947E41854N,upper_syr_darya,syr_darya,gte_4000,4000,,0.017506,52.7290,srtm_band_mask_rescaled_to_vector_area,30,2026-09-08T06:55:17+00:00
G076950E41916N,upper_syr_darya,syr_darya,3000_4000,3000,4000,0.118078,25.4835,srtm_band_mask_rescaled_to_vector_area,30,2026-09-08T06:55:17+00:00
G076950E41916N,upper_syr_darya,syr_darya,gte_4000,4000,,0.345274,74.5165,srtm_band_mask_rescaled_to_vector_area,30,2026-09-08T06:55:17+00:00
G076951E41808N,upper_syr_darya,syr_darya,gte_4000,4000,,0.049547,100.0000,srtm_band_mask_rescaled_to_vector_area,30,2026-09-08T06:55:17+00:00
G076951E41854N,upper_syr_darya,syr_darya,3000_4000,3000,4000,0.054687,35.8768,srtm_band_mask_rescaled_to_vector_area,30,2026-09-08T06:55:17+00:00
G076951E41854N,upper_syr_darya,syr_darya,gte_4000,4000,,0.097743,64.1232,srtm_band_mask_rescaled_to_vector_area,30,2026-09-08T06:55:17+00:00
G076952E41841N,upper_syr_darya,syr_darya,gte_4000,4000,,0.077709,100.0000,srtm_band_mask_rescaled_to_vector_area,30,2026-09-08T06:55:17+00:00
G076952E41844N,upper_syr_darya,syr_darya,gte_4000,4000,,0.120378,100.0000,srtm_band_mask_rescaled_to_vector_area,30,2026-09-08T06:55:17+00:00
G076953E41814N,upper_syr_darya,syr_darya,3000_4000,3000,4000,0.068306,11.7626,srtm_band_mask_rescaled_to_vector_area,30,2026-09-08T06:55:17+00:00
G076953E41814N,upper_syr_darya,syr_darya,gte_4000,4000,,0.512397,88.2374,srtm_band_mask_rescaled_to_vector_area,30,2026-09-08T06:55:17+00:00
G076954E41423N,upper_syr_darya,syr_darya,3000_4000,3000,4000,0.126335,25.8038,srtm_band_mask_rescaled_to_vector_area,30,2026-09-08T06:55:17+00:00
G076954E41423N,upper_syr_darya,syr_darya,gte_4000,4000,,0.363264,74.1962,srtm_band_mask_rescaled_to_vector_area,30,2026-09-08T06:55:17+00:00
G076954E41815N,upper_syr_darya,syr_darya,3000_4000,3000,4000,0.042735,8.8589,srtm_band_mask_rescaled_to_vector_area,30,2026-09-08T06:55:17+00:00
G076954E41815N,upper_syr_darya,syr_darya,gte_4000,4000,,0.439666,91.1411,srtm_band_mask_rescaled_to_vector_area,30,2026-09-08T06:55:17+00:00
G076956E41383N,upper_syr_darya,syr_darya,3000_4000,3000,4000,0.334209,32.4004,srtm_band_mask_rescaled_to_vector_area,30,2026-09-08T06:55:17+00:00
G076956E41383N,upper_syr_darya,syr_darya,gte_4000,4000,,0.697288,67.5996,srtm_band_mask_rescaled_to_vector_area,30,2026-09-08T06:55:17+00:00
G076956E41386N,upper_syr_darya,syr_darya,3000_4000,3000,4000,0.641056,47.5025,srtm_band_mask_rescaled_to_vector_area,30,2026-09-08T06:55:17+00:00
G076956E41386N,upper_syr_darya,syr_darya,gte_4000,4000,,0.708464,52.4975,srtm_band_mask_rescaled_to_vector_area,30,2026-09-08T06:55:17+00:00
G076956E41435N,upper_syr_darya,syr_darya,3000_4000,3000,4000,0.211013,40.9095,srtm_band_mask_rescaled_to_vector_area,30,2026-09-08T06:55:17+00:00
G076956E41435N,upper_syr_darya,syr_darya,gte_4000,4000,,0.304791,59.0905,srtm_band_mask_rescaled_to_vector_area,30,2026-09-08T06:55:17+00:00
G076956E41831N,upper_syr_darya,syr_darya,3000_4000,3000,4000,0.044341,31.0242,srtm_band_mask_rescaled_to_vector_area,30,2026-09-08T06:55:17+00:00
G076956E41831N,upper_syr_darya,syr_darya,gte_4000,4000,,0.098582,68.9758,srtm_band_mask_rescaled_to_vector_area,30,2026-09-08T06:55:17+00:00
G076956E41848N,upper_syr_darya,syr_darya,3000_4000,3000,4000,0.057887,13.7125,srtm_band_mask_rescaled_to_vector_area,30,2026-09-08T06:55:17+00:00
G076956E41848N,upper_syr_darya,syr_darya,gte_4000,4000,,0.364261,86.2875,srtm_band_mask_rescaled_to_vector_area,30,2026-09-08T06:55:17+00:00
G076957E41374N,upper_syr_darya,syr_darya,gte_4000,4000,,0.067351,100.0000,srtm_band_mask_rescaled_to_vector_area,30,2026-09-08T06:55:17+00:00
G076957E41556N,upper_syr_darya,syr_darya,3000_4000,3000,4000,0.016513,23.0124,srtm_band_mask_rescaled_to_vector_area,30,2026-09-08T06:55:17+00:00
G076957E41556N,upper_syr_darya,syr_darya,gte_4000,4000,,0.055245,76.9876,srtm_band_mask_rescaled_to_vector_area,30,2026-09-08T06:55:17+00:00
G076958E41811N,upper_syr_darya,syr_darya,gte_4000,4000,,0.080951,100.0000,srtm_band_mask_rescaled_to_vector_area,30,2026-09-08T06:55:17+00:00
G076959E41816N,upper_syr_darya,syr_darya,3000_4000,3000,4000,0.001081,0.7361,srtm_band_mask_rescaled_to_vector_area,30,2026-09-08T06:55:17+00:00
G076959E41816N,upper_syr_darya,syr_darya,gte_4000,4000,,0.145742,99.2639,srtm_band_mask_rescaled_to_vector_area,30,2026-09-08T06:55:17+00:00
G076960E41839N,upper_syr_darya,syr_darya,3000_4000,3000,4000,0.110345,27.5805,srtm_band_mask_rescaled_to_vector_area,30,2026-09-08T06:55:17+00:00
G076960E41839N,upper_syr_darya,syr_darya,gte_4000,4000,,0.289738,72.4195,srtm_band_mask_rescaled_to_vector_area,30,2026-09-08T06:55:17+00:00
G076961E41556N,upper_syr_darya,syr_darya,gte_4000,4000,,0.014684,100.0000,srtm_band_mask_rescaled_to_vector_area,30,2026-09-08T06:55:17+00:00
G076961E41845N,upper_syr_darya,syr_darya,3000_4000,3000,4000,0.183823,74.4846,srtm_band_mask_rescaled_to_vector_area,30,2026-09-08T06:55:17+00:00
G076961E41845N,upper_syr_darya,syr_darya,gte_4000,4000,,0.062970,25.5154,srtm_band_mask_rescaled_to_vector_area,30,2026-09-08T06:55:17+00:00
G076961E41917N,upper_syr_darya,syr_darya,3000_4000,3000,4000,0.027177,6.5613,srtm_band_mask_rescaled_to_vector_area,30,2026-09-08T06:55:17+00:00
G076961E41917N,upper_syr_darya,syr_darya,gte_4000,4000,,0.387026,93.4387,srtm_band_mask_rescaled_to_vector_area,30,2026-09-08T06:55:17+00:00
G076963E41826N,upper_syr_darya,syr_darya,3000_4000,3000,4000,0.125292,89.6119,srtm_band_mask_rescaled_to_vector_area,30,2026-09-08T06:55:17+00:00
G076963E41826N,upper_syr_darya,syr_darya,gte_4000,4000,,0.014524,10.3881,srtm_band_mask_rescaled_to_vector_area,30,2026-09-08T06:55:17+00:00
G076963E41932N,upper_syr_darya,syr_darya,3000_4000,3000,4000,1.688291,65.1980,srtm_band_mask_rescaled_to_vector_area,30,2026-09-08T06:55:17+00:00
G076963E41932N,upper_syr_darya,syr_darya,gte_4000,4000,,0.901191,34.8020,srtm_band_mask_rescaled_to_vector_area,30,2026-09-08T06:55:17+00:00
G076964E41428N,upper_syr_darya,syr_darya,gte_4000,4000,,0.023934,100.0000,srtm_band_mask_rescaled_to_vector_area,30,2026-09-08T06:55:17+00:00
G076964E41442N,upper_syr_darya,syr_darya,3000_4000,3000,4000,0.115464,60.5630,srtm_band_mask_rescaled_to_vector_area,30,2026-09-08T06:55:17+00:00
G076964E41442N,upper_syr_darya,syr_darya,gte_4000,4000,,0.075187,39.4370,srtm_band_mask_rescaled_to_vector_area,30,2026-09-08T06:55:17+00:00
G076964E41855N,upper_syr_darya,syr_darya,3000_4000,3000,4000,0.079558,35.9039,srtm_band_mask_rescaled_to_vector_area,30,2026-09-08T06:55:17+00:00
G076964E41855N,upper_syr_darya,syr_darya,gte_4000,4000,,0.142027,64.0961,srtm_band_mask_rescaled_to_vector_area,30,2026-09-08T06:55:17+00:00
G076965E41390N,upper_syr_darya,syr_darya,3000_4000,3000,4000,0.000145,0.6275,srtm_band_mask_rescaled_to_vector_area,30,2026-09-08T06:55:17+00:00
G076965E41390N,upper_syr_darya,syr_darya,gte_4000,4000,,0.023006,99.3725,srtm_band_mask_rescaled_to_vector_area,30,2026-09-08T06:55:17+00:00
G076965E41814N,upper_syr_darya,syr_darya,3000_4000,3000,4000,0.006702,25.6179,srtm_band_mask_rescaled_to_vector_area,30,2026-09-08T06:55:17+00:00
G076965E41814N,upper_syr_darya,syr_darya,gte_4000,4000,,0.019460,74.3821,srtm_band_mask_rescaled_to_vector_area,30,2026-09-08T06:55:17+00:00
G076968E41389N,upper_syr_darya,syr_darya,gte_4000,4000,,0.055564,100.0000,srtm_band_mask_rescaled_to_vector_area,30,2026-09-08T06:55:17+00:00
G076968E41437N,upper_syr_darya,syr_darya,3000_4000,3000,4000,0.071192,41.6188,srtm_band_mask_rescaled_to_vector_area,30,2026-09-08T06:55:17+00:00
G076968E41437N,upper_syr_darya,syr_darya,gte_4000,4000,,0.099866,58.3812,srtm_band_mask_rescaled_to_vector_area,30,2026-09-08T06:55:17+00:00
G076968E41558N,upper_syr_darya,syr_darya,3000_4000,3000,4000,0.063735,66.1447,srtm_band_mask_rescaled_to_vector_area,30,2026-09-08T06:55:17+00:00
G076968E41558N,upper_syr_darya,syr_darya,gte_4000,4000,,0.032622,33.8553,srtm_band_mask_rescaled_to_vector_area,30,2026-09-08T06:55:17+00:00
G076968E41906N,upper_syr_darya,syr_darya,3000_4000,3000,4000,0.091249,77.0614,srtm_band_mask_rescaled_to_vector_area,30,2026-09-08T06:55:17+00:00
G076968E41906N,upper_syr_darya,syr_darya,gte_4000,4000,,0.027162,22.9386,srtm_band_mask_rescaled_to_vector_area,30,2026-09-08T06:55:17+00:00
G076969E41854N,upper_syr_darya,syr_darya,gte_4000,4000,,0.033275,100.0000,srtm_band_mask_rescaled_to_vector_area,30,2026-09-08T06:55:17+00:00
G076970E41388N,upper_syr_darya,syr_darya,gte_4000,4000,,0.065475,100.0000,srtm_band_mask_rescaled_to_vector_area,30,2026-09-08T06:55:17+00:00
G076970E41906N,upper_syr_darya,syr_darya,3000_4000,3000,4000,0.037904,74.5228,srtm_band_mask_rescaled_to_vector_area,30,2026-09-08T06:55:17+00:00
G076970E41906N,upper_syr_darya,syr_darya,gte_4000,4000,,0.012958,25.4772,srtm_band_mask_rescaled_to_vector_area,30,2026-09-08T06:55:17+00:00
G076974E41411N,upper_syr_darya,syr_darya,3000_4000,3000,4000,0.086300,48.0367,srtm_band_mask_rescaled_to_vector_area,30,2026-09-08T06:55:17+00:00
G076974E41411N,upper_syr_darya,syr_darya,gte_4000,4000,,0.093355,51.9633,srtm_band_mask_rescaled_to_vector_area,30,2026-09-08T06:55:17+00:00
G076974E41428N,upper_syr_darya,syr_darya,3000_4000,3000,4000,0.631031,63.2909,srtm_band_mask_rescaled_to_vector_area,30,2026-09-08T06:55:17+00:00
G076974E41428N,upper_syr_darya,syr_darya,gte_4000,4000,,0.366001,36.7091,srtm_band_mask_rescaled_to_vector_area,30,2026-09-08T06:55:17+00:00
G076974E41918N,upper_syr_darya,syr_darya,3000_4000,3000,4000,0.102647,10.2624,srtm_band_mask_rescaled_to_vector_area,30,2026-09-08T06:55:17+00:00
G076974E41918N,upper_syr_darya,syr_darya,gte_4000,4000,,0.897575,89.7376,srtm_band_mask_rescaled_to_vector_area,30,2026-09-08T06:55:17+00:00
G076975E41389N,upper_syr_darya,syr_darya,3000_4000,3000,4000,0.043521,50.9071,srtm_band_mask_rescaled_to_vector_area,30,2026-09-08T06:55:17+00:00
G076975E41389N,upper_syr_darya,syr_darya,gte_4000,4000,,0.041970,49.0929,srtm_band_mask_rescaled_to_vector_area,30,2026-09-08T06:55:17+00:00
G076975E41553N,upper_syr_darya,syr_darya,3000_4000,3000,4000,0.010284,4.8530,srtm_band_mask_rescaled_to_vector_area,30,2026-09-08T06:55:17+00:00
G076975E41553N,upper_syr_darya,syr_darya,gte_4000,4000,,0.201621,95.1470,srtm_band_mask_rescaled_to_vector_area,30,2026-09-08T06:55:17+00:00
G076978E41581N,upper_syr_darya,syr_darya,3000_4000,3000,4000,0.014168,12.7863,srtm_band_mask_rescaled_to_vector_area,30,2026-09-08T06:55:17+00:00
G076978E41581N,upper_syr_darya,syr_darya,gte_4000,4000,,0.096641,87.2137,srtm_band_mask_rescaled_to_vector_area,30,2026-09-08T06:55:17+00:00
G076978E41824N,upper_syr_darya,syr_darya,3000_4000,3000,4000,0.021473,57.6018,srtm_band_mask_rescaled_to_vector_area,30,2026-09-08T06:55:17+00:00
G076978E41824N,upper_syr_darya,syr_darya,gte_4000,4000,,0.015805,42.3982,srtm_band_mask_rescaled_to_vector_area,30,2026-09-08T06:55:17+00:00
G076978E41856N,upper_syr_darya,syr_darya,3000_4000,3000,4000,0.087702,49.4738,srtm_band_mask_rescaled_to_vector_area,30,2026-09-08T06:55:17+00:00
G076978E41856N,upper_syr_darya,syr_darya,gte_4000,4000,,0.089567,50.5262,srtm_band_mask_rescaled_to_vector_area,30,2026-09-08T06:55:17+00:00
G076979E41561N,upper_syr_darya,syr_darya,3000_4000,3000,4000,0.116805,33.0476,srtm_band_mask_rescaled_to_vector_area,30,2026-09-08T06:55:17+00:00
G076979E41561N,upper_syr_darya,syr_darya,gte_4000,4000,,0.236639,66.9524,srtm_band_mask_rescaled_to_vector_area,30,2026-09-08T06:55:17+00:00
G076979E41933N,upper_syr_darya,syr_darya,3000_4000,3000,4000,1.238855,56.4484,srtm_band_mask_rescaled_to_vector_area,30,2026-09-08T06:55:17+00:00
G076979E41933N,upper_syr_darya,syr_darya,gte_4000,4000,,0.955813,43.5516,srtm_band_mask_rescaled_to_vector_area,30,2026-09-08T06:55:17+00:00
G076980E41376N,upper_syr_darya,syr_darya,3000_4000,3000,4000,0.074610,20.8744,srtm_band_mask_rescaled_to_vector_area,30,2026-09-08T06:55:17+00:00
G076980E41376N,upper_syr_darya,syr_darya,gte_4000,4000,,0.282812,79.1256,srtm_band_mask_rescaled_to_vector_area,30,2026-09-08T06:55:17+00:00
G076981E41415N,upper_syr_darya,syr_darya,3000_4000,3000,4000,0.007576,1.6595,srtm_band_mask_rescaled_to_vector_area,30,2026-09-08T06:55:17+00:00
G076981E41415N,upper_syr_darya,syr_darya,gte_4000,4000,,0.448963,98.3405,srtm_band_mask_rescaled_to_vector_area,30,2026-09-08T06:55:17+00:00
G076982E41383N,upper_syr_darya,syr_darya,3000_4000,3000,4000,0.293210,72.9412,srtm_band_mask_rescaled_to_vector_area,30,2026-09-08T06:55:17+00:00
G076982E41383N,upper_syr_darya,syr_darya,gte_4000,4000,,0.108771,27.0588,srtm_band_mask_rescaled_to_vector_area,30,2026-09-08T06:55:17+00:00
G076982E41425N,upper_syr_darya,syr_darya,gte_4000,4000,,0.120921,100.0000,srtm_band_mask_rescaled_to_vector_area,30,2026-09-08T06:55:17+00:00
G076983E41344N,upper_syr_darya,syr_darya,gte_4000,4000,,0.011319,100.0000,srtm_band_mask_rescaled_to_vector_area,30,2026-09-08T06:55:17+00:00
G076985E41563N,upper_syr_darya,syr_darya,3000_4000,3000,4000,0.050160,11.7511,srtm_band_mask_rescaled_to_vector_area,30,2026-09-08T06:55:17+00:00
G076985E41563N,upper_syr_darya,syr_darya,gte_4000,4000,,0.376695,88.2489,srtm_band_mask_rescaled_to_vector_area,30,2026-09-08T06:55:17+00:00
G076986E41580N,upper_syr_darya,syr_darya,3000_4000,3000,4000,0.098662,64.0138,srtm_band_mask_rescaled_to_vector_area,30,2026-09-08T06:55:17+00:00
G076986E41580N,upper_syr_darya,syr_darya,gte_4000,4000,,0.055464,35.9862,srtm_band_mask_rescaled_to_vector_area,30,2026-09-08T06:55:17+00:00
G076987E41572N,upper_syr_darya,syr_darya,3000_4000,3000,4000,0.032193,8.0867,srtm_band_mask_rescaled_to_vector_area,30,2026-09-08T06:55:17+00:00
G076987E41572N,upper_syr_darya,syr_darya,gte_4000,4000,,0.365901,91.9133,srtm_band_mask_rescaled_to_vector_area,30,2026-09-08T06:55:17+00:00
G076989E41848N,upper_syr_darya,syr_darya,gte_4000,4000,,0.089028,100.0000,srtm_band_mask_rescaled_to_vector_area,30,2026-09-08T06:55:17+00:00
G076991E41421N,upper_syr_darya,syr_darya,3000_4000,3000,4000,0.401373,39.4834,srtm_band_mask_rescaled_to_vector_area,30,2026-09-08T06:55:17+00:00
G076991E41421N,upper_syr_darya,syr_darya,gte_4000,4000,,0.615187,60.5166,srtm_band_mask_rescaled_to_vector_area,30,2026-09-08T06:55:17+00:00
G076993E41581N,upper_syr_darya,syr_darya,3000_4000,3000,4000,0.003878,10.3937,srtm_band_mask_rescaled_to_vector_area,30,2026-09-08T06:55:17+00:00
G076993E41581N,upper_syr_darya,syr_darya,gte_4000,4000,,0.033432,89.6063,srtm_band_mask_rescaled_to_vector_area,30,2026-09-08T06:55:17+00:00
G076993E41856N,upper_syr_darya,syr_darya,3000_4000,3000,4000,0.145339,62.6876,srtm_band_mask_rescaled_to_vector_area,30,2026-09-08T06:55:17+00:00
G076993E41856N,upper_syr_darya,syr_darya,gte_4000,4000,,0.086508,37.3124,srtm_band_mask_rescaled_to_vector_area,30,2026-09-08T06:55:17+00:00
G076995E41433N,upper_syr_darya,syr_darya,gte_4000,4000,,0.085618,100.0000,srtm_band_mask_rescaled_to_vector_area,30,2026-09-08T06:55:17+00:00
G076995E41567N,upper_syr_darya,syr_darya,gte_4000,4000,,0.025083,100.0000,srtm_band_mask_rescaled_to_vector_area,30,2026-09-08T06:55:17+00:00
G076995E41901N,upper_syr_darya,syr_darya,gte_4000,4000,,0.096403,100.0000,srtm_band_mask_rescaled_to_vector_area,30,2026-09-08T06:55:17+00:00
G076995E41906N,upper_syr_darya,syr_darya,3000_4000,3000,4000,0.345252,66.5801,srtm_band_mask_rescaled_to_vector_area,30,2026-09-08T06:55:17+00:00
G076995E41906N,upper_syr_darya,syr_darya,gte_4000,4000,,0.173300,33.4199,srtm_band_mask_rescaled_to_vector_area,30,2026-09-08T06:55:17+00:00
G076995E41919N,upper_syr_darya,syr_darya,3000_4000,3000,4000,0.747282,38.6958,srtm_band_mask_rescaled_to_vector_area,30,2026-09-08T06:55:17+00:00
G076995E41919N,upper_syr_darya,syr_darya,gte_4000,4000,,1.183889,61.3042,srtm_band_mask_rescaled_to_vector_area,30,2026-09-08T06:55:17+00:00
G076998E41568N,upper_syr_darya,syr_darya,gte_4000,4000,,0.201790,100.0000,srtm_band_mask_rescaled_to_vector_area,30,2026-09-08T06:55:17+00:00
G076998E41934N,upper_syr_darya,syr_darya,3000_4000,3000,4000,0.774452,61.7897,srtm_band_mask_rescaled_to_vector_area,30,2026-09-08T06:55:17+00:00
G076998E41934N,upper_syr_darya,syr_darya,gte_4000,4000,,0.478916,38.2103,srtm_band_mask_rescaled_to_vector_area,30,2026-09-08T06:55:17+00:00
G076999E41417N,upper_syr_darya,syr_darya,3000_4000,3000,4000,0.031870,24.6780,srtm_band_mask_rescaled_to_vector_area,30,2026-09-08T06:55:17+00:00
G076999E41417N,upper_syr_darya,syr_darya,gte_4000,4000,,0.097274,75.3220,srtm_band_mask_rescaled_to_vector_area,30,2026-09-08T06:55:17+00:00
G077000E41575N,upper_syr_darya,syr_darya,3000_4000,3000,4000,0.094945,83.9813,srtm_band_mask_rescaled_to_vector_area,30,2026-09-08T06:55:17+00:00
G077000E41575N,upper_syr_darya,syr_darya,gte_4000,4000,,0.018110,16.0187,srtm_band_mask_rescaled_to_vector_area,30,2026-09-08T06:55:17+00:00
G077000E41917N,upper_syr_darya,syr_darya,3000_4000,3000,4000,0.004766,4.2727,srtm_band_mask_rescaled_to_vector_area,30,2026-09-08T06:55:17+00:00
G077000E41917N,upper_syr_darya,syr_darya,gte_4000,4000,,0.106775,95.7273,srtm_band_mask_rescaled_to_vector_area,30,2026-09-08T06:55:17+00:00
G077000E41933N,upper_syr_darya,syr_darya,3000_4000,3000,4000,1.813095,63.7033,srtm_band_mask_rescaled_to_vector_area,30,2026-09-08T06:55:17+00:00
G077000E41933N,upper_syr_darya,syr_darya,gte_4000,4000,,1.033060,36.2967,srtm_band_mask_rescaled_to_vector_area,30,2026-09-08T06:55:17+00:00
G077001E41569N,upper_syr_darya,syr_darya,gte_4000,4000,,0.075522,100.0000,srtm_band_mask_rescaled_to_vector_area,30,2026-09-08T06:55:17+00:00
G077001E41588N,upper_syr_darya,syr_darya,3000_4000,3000,4000,0.008225,8.0169,srtm_band_mask_rescaled_to_vector_area,30,2026-09-08T06:55:17+00:00
G077001E41588N,upper_syr_darya,syr_darya,gte_4000,4000,,0.094367,91.9831,srtm_band_mask_rescaled_to_vector_area,30,2026-09-08T06:55:17+00:00
G077001E41912N,upper_syr_darya,syr_darya,3000_4000,3000,4000,0.080393,38.3763,srtm_band_mask_rescaled_to_vector_area,30,2026-09-08T06:55:17+00:00
G077001E41912N,upper_syr_darya,syr_darya,gte_4000,4000,,0.129092,61.6237,srtm_band_mask_rescaled_to_vector_area,30,2026-09-08T06:55:17+00:00
G077002E41559N,upper_syr_darya,syr_darya,3000_4000,3000,4000,0.449318,35.9794,srtm_band_mask_rescaled_to_vector_area,30,2026-09-08T06:55:17+00:00
G077002E41559N,upper_syr_darya,syr_darya,gte_4000,4000,,0.799502,64.0206,srtm_band_mask_rescaled_to_vector_area,30,2026-09-08T06:55:17+00:00
G077003E41438N,upper_syr_darya,syr_darya,3000_4000,3000,4000,0.080694,45.6705,srtm_band_mask_rescaled_to_vector_area,30,2026-09-08T06:55:17+00:00
G077003E41438N,upper_syr_darya,syr_darya,gte_4000,4000,,0.095994,54.3295,srtm_band_mask_rescaled_to_vector_area,30,2026-09-08T06:55:17+00:00
G077003E41901N,upper_syr_darya,syr_darya,3000_4000,3000,4000,0.233703,64.7518,srtm_band_mask_rescaled_to_vector_area,30,2026-09-08T06:55:17+00:00
G077003E41901N,upper_syr_darya,syr_darya,gte_4000,4000,,0.127218,35.2482,srtm_band_mask_rescaled_to_vector_area,30,2026-09-08T06:55:17+00:00
G077004E41571N,upper_syr_darya,syr_darya,gte_4000,4000,,0.053344,100.0000,srtm_band_mask_rescaled_to_vector_area,30,2026-09-08T06:55:17+00:00
G077005E41575N,upper_syr_darya,syr_darya,3000_4000,3000,4000,0.107537,98.2067,srtm_band_mask_rescaled_to_vector_area,30,2026-09-08T06:55:17+00:00
G077005E41575N,upper_syr_darya,syr_darya,gte_4000,4000,,0.001964,1.7933,srtm_band_mask_rescaled_to_vector_area,30,2026-09-08T06:55:17+00:00
G077005E41590N,upper_syr_darya,syr_darya,gte_4000,4000,,0.034412,100.0000,srtm_band_mask_rescaled_to_vector_area,30,2026-09-08T06:55:17+00:00
G077007E41935N,upper_syr_darya,syr_darya,3000_4000,3000,4000,0.973940,56.8697,srtm_band_mask_rescaled_to_vector_area,30,2026-09-08T06:55:17+00:00
G077007E41935N,upper_syr_darya,syr_darya,gte_4000,4000,,0.738641,43.1303,srtm_band_mask_rescaled_to_vector_area,30,2026-09-08T06:55:17+00:00
G077010E41915N,upper_syr_darya,syr_darya,3000_4000,3000,4000,0.265898,28.7878,srtm_band_mask_rescaled_to_vector_area,30,2026-09-08T06:55:17+00:00
G077010E41915N,upper_syr_darya,syr_darya,gte_4000,4000,,0.657750,71.2122,srtm_band_mask_rescaled_to_vector_area,30,2026-09-08T06:55:17+00:00
G077011E41354N,upper_syr_darya,syr_darya,3000_4000,3000,4000,0.174190,98.6606,srtm_band_mask_rescaled_to_vector_area,30,2026-09-08T06:55:17+00:00
G077011E41354N,upper_syr_darya,syr_darya,gte_4000,4000,,0.002365,1.3394,srtm_band_mask_rescaled_to_vector_area,30,2026-09-08T06:55:17+00:00
G077015E41349N,upper_syr_darya,syr_darya,gte_4000,4000,,0.022373,100.0000,srtm_band_mask_rescaled_to_vector_area,30,2026-09-08T06:55:17+00:00
G077016E41351N,upper_syr_darya,syr_darya,gte_4000,4000,,0.028197,100.0000,srtm_band_mask_rescaled_to_vector_area,30,2026-09-08T06:55:17+00:00
G077019E41439N,upper_syr_darya,syr_darya,3000_4000,3000,4000,0.003777,0.5807,srtm_band_mask_rescaled_to_vector_area,30,2026-09-08T06:55:17+00:00
G077019E41439N,upper_syr_darya,syr_darya,gte_4000,4000,,0.646626,99.4193,srtm_band_mask_rescaled_to_vector_area,30,2026-09-08T06:55:17+00:00
G077020E41250N,upper_syr_darya,syr_darya,gte_4000,4000,,0.073264,100.0000,srtm_band_mask_rescaled_to_vector_area,30,2026-09-08T06:55:17+00:00
G077020E41449N,upper_syr_darya,syr_darya,3000_4000,3000,4000,0.000693,1.1617,srtm_band_mask_rescaled_to_vector_area,30,2026-09-08T06:55:17+00:00
G077020E41449N,upper_syr_darya,syr_darya,gte_4000,4000,,0.058944,98.8383,srtm_band_mask_rescaled_to_vector_area,30,2026-09-08T06:55:17+00:00
G077021E41553N,upper_syr_darya,syr_darya,3000_4000,3000,4000,0.084881,26.6696,srtm_band_mask_rescaled_to_vector_area,30,2026-09-08T06:55:17+00:00
G077021E41553N,upper_syr_darya,syr_darya,gte_4000,4000,,0.233388,73.3304,srtm_band_mask_rescaled_to_vector_area,30,2026-09-08T06:55:17+00:00
G077023E41376N,upper_syr_darya,syr_darya,3000_4000,3000,4000,0.051121,79.2869,srtm_band_mask_rescaled_to_vector_area,30,2026-09-08T06:55:17+00:00
G077023E41376N,upper_syr_darya,syr_darya,gte_4000,4000,,0.013355,20.7131,srtm_band_mask_rescaled_to_vector_area,30,2026-09-08T06:55:17+00:00
G077026E41250N,upper_syr_darya,syr_darya,gte_4000,4000,,0.042659,100.0000,srtm_band_mask_rescaled_to_vector_area,30,2026-09-08T06:55:17+00:00
G077026E41363N,upper_syr_darya,syr_darya,gte_4000,4000,,0.171609,100.0000,srtm_band_mask_rescaled_to_vector_area,30,2026-09-08T06:55:17+00:00
G077026E41558N,upper_syr_darya,syr_darya,3000_4000,3000,4000,0.506538,51.9890,srtm_band_mask_rescaled_to_vector_area,30,2026-09-08T06:55:17+00:00
G077026E41558N,upper_syr_darya,syr_darya,gte_4000,4000,,0.467779,48.0110,srtm_band_mask_rescaled_to_vector_area,30,2026-09-08T06:55:17+00:00
G077027E41466N,upper_syr_darya,syr_darya,3000_4000,3000,4000,0.002536,14.7265,srtm_band_mask_rescaled_to_vector_area,30,2026-09-08T06:55:17+00:00
G077027E41466N,upper_syr_darya,syr_darya,gte_4000,4000,,0.014687,85.2735,srtm_band_mask_rescaled_to_vector_area,30,2026-09-08T06:55:17+00:00
G077027E41935N,upper_syr_darya,syr_darya,3000_4000,3000,4000,1.495857,70.3191,srtm_band_mask_rescaled_to_vector_area,30,2026-09-08T06:55:17+00:00
G077027E41935N,upper_syr_darya,syr_darya,gte_4000,4000,,0.631383,29.6809,srtm_band_mask_rescaled_to_vector_area,30,2026-09-08T06:55:17+00:00
G077028E41391N,upper_syr_darya,syr_darya,3000_4000,3000,4000,0.008025,28.3990,srtm_band_mask_rescaled_to_vector_area,30,2026-09-08T06:55:17+00:00
G077028E41391N,upper_syr_darya,syr_darya,gte_4000,4000,,0.020232,71.6010,srtm_band_mask_rescaled_to_vector_area,30,2026-09-08T06:55:17+00:00
G077029E41246N,upper_syr_darya,syr_darya,gte_4000,4000,,0.066434,100.0000,srtm_band_mask_rescaled_to_vector_area,30,2026-09-08T06:55:17+00:00
G077032E41249N,upper_syr_darya,syr_darya,3000_4000,3000,4000,0.066089,27.0032,srtm_band_mask_rescaled_to_vector_area,30,2026-09-08T06:55:17+00:00
G077032E41249N,upper_syr_darya,syr_darya,gte_4000,4000,,0.178657,72.9968,srtm_band_mask_rescaled_to_vector_area,30,2026-09-08T06:55:17+00:00
G077032E41466N,upper_syr_darya,syr_darya,3000_4000,3000,4000,0.001637,2.5066,srtm_band_mask_rescaled_to_vector_area,30,2026-09-08T06:55:17+00:00
G077032E41466N,upper_syr_darya,syr_darya,gte_4000,4000,,0.063654,97.4934,srtm_band_mask_rescaled_to_vector_area,30,2026-09-08T06:55:17+00:00
G077032E41899N,upper_syr_darya,syr_darya,3000_4000,3000,4000,0.110361,66.3863,srtm_band_mask_rescaled_to_vector_area,30,2026-09-08T06:55:17+00:00
G077032E41899N,upper_syr_darya,syr_darya,gte_4000,4000,,0.055879,33.6137,srtm_band_mask_rescaled_to_vector_area,30,2026-09-08T06:55:17+00:00
G077035E41369N,upper_syr_darya,syr_darya,3000_4000,3000,4000,0.169959,41.5034,srtm_band_mask_rescaled_to_vector_area,30,2026-09-08T06:55:17+00:00
G077035E41369N,upper_syr_darya,syr_darya,gte_4000,4000,,0.239547,58.4966,srtm_band_mask_rescaled_to_vector_area,30,2026-09-08T06:55:17+00:00
G077036E41389N,upper_syr_darya,syr_darya,3000_4000,3000,4000,0.002877,4.6605,srtm_band_mask_rescaled_to_vector_area,30,2026-09-08T06:55:17+00:00
G077036E41389N,upper_syr_darya,syr_darya,gte_4000,4000,,0.058847,95.3395,srtm_band_mask_rescaled_to_vector_area,30,2026-09-08T06:55:17+00:00
G077036E41906N,upper_syr_darya,syr_darya,3000_4000,3000,4000,0.100101,100.0000,srtm_band_mask_rescaled_to_vector_area,30,2026-09-08T06:55:17+00:00
G077037E41368N,upper_syr_darya,syr_darya,3000_4000,3000,4000,0.324992,34.5169,srtm_band_mask_rescaled_to_vector_area,30,2026-09-08T06:55:17+00:00
G077037E41368N,upper_syr_darya,syr_darya,gte_4000,4000,,0.616552,65.4831,srtm_band_mask_rescaled_to_vector_area,30,2026-09-08T06:55:17+00:00
G077038E41564N,upper_syr_darya,syr_darya,gte_4000,4000,,0.137471,100.0000,srtm_band_mask_rescaled_to_vector_area,30,2026-09-08T06:55:17+00:00
G077039E41368N,upper_syr_darya,syr_darya,3000_4000,3000,4000,0.251511,35.7811,srtm_band_mask_rescaled_to_vector_area,30,2026-09-08T06:55:17+00:00
G077039E41368N,upper_syr_darya,syr_darya,gte_4000,4000,,0.451405,64.2189,srtm_band_mask_rescaled_to_vector_area,30,2026-09-08T06:55:17+00:00
G077039E41554N,upper_syr_darya,syr_darya,gte_4000,4000,,0.139271,100.0000,srtm_band_mask_rescaled_to_vector_area,30,2026-09-08T06:55:17+00:00
G077040E41570N,upper_syr_darya,syr_darya,3000_4000,3000,4000,0.045146,8.5652,srtm_band_mask_rescaled_to_vector_area,30,2026-09-08T06:55:17+00:00
G077040E41570N,upper_syr_darya,syr_darya,gte_4000,4000,,0.481937,91.4348,srtm_band_mask_rescaled_to_vector_area,30,2026-09-08T06:55:17+00:00
G077041E41389N,upper_syr_darya,syr_darya,gte_4000,4000,,0.076057,100.0000,srtm_band_mask_rescaled_to_vector_area,30,2026-09-08T06:55:17+00:00
G077042E41251N,upper_syr_darya,syr_darya,3000_4000,3000,4000,0.113633,32.3269,srtm_band_mask_rescaled_to_vector_area,30,2026-09-08T06:55:17+00:00
G077042E41251N,upper_syr_darya,syr_darya,gte_4000,4000,,0.237880,67.6731,srtm_band_mask_rescaled_to_vector_area,30,2026-09-08T06:55:17+00:00
G077042E41920N,upper_syr_darya,syr_darya,3000_4000,3000,4000,1.190262,72.2583,srtm_band_mask_rescaled_to_vector_area,30,2026-09-08T06:55:17+00:00
G077042E41920N,upper_syr_darya,syr_darya,gte_4000,4000,,0.456971,27.7417,srtm_band_mask_rescaled_to_vector_area,30,2026-09-08T06:55:17+00:00
G077043E41570N,upper_syr_darya,syr_darya,3000_4000,3000,4000,0.127300,13.7508,srtm_band_mask_rescaled_to_vector_area,30,2026-09-08T06:55:17+00:00
G077043E41570N,upper_syr_darya,syr_darya,gte_4000,4000,,0.798462,86.2492,srtm_band_mask_rescaled_to_vector_area,30,2026-09-08T06:55:17+00:00
G077044E41237N,upper_syr_darya,syr_darya,3000_4000,3000,4000,0.000021,0.0037,srtm_band_mask_rescaled_to_vector_area,30,2026-09-08T06:55:17+00:00
G077044E41237N,upper_syr_darya,syr_darya,gte_4000,4000,,0.567335,99.9963,srtm_band_mask_rescaled_to_vector_area,30,2026-09-08T06:55:17+00:00
G077045E41360N,upper_syr_darya,syr_darya,3000_4000,3000,4000,0.244710,30.4798,srtm_band_mask_rescaled_to_vector_area,30,2026-09-08T06:55:17+00:00
G077045E41360N,upper_syr_darya,syr_darya,gte_4000,4000,,0.558151,69.5202,srtm_band_mask_rescaled_to_vector_area,30,2026-09-08T06:55:17+00:00
G077045E41571N,upper_syr_darya,syr_darya,3000_4000,3000,4000,0.119954,34.3288,srtm_band_mask_rescaled_to_vector_area,30,2026-09-08T06:55:17+00:00
G077045E41571N,upper_syr_darya,syr_darya,gte_4000,4000,,0.229472,65.6712,srtm_band_mask_rescaled_to_vector_area,30,2026-09-08T06:55:17+00:00
G077046E41555N,upper_syr_darya,syr_darya,gte_4000,4000,,0.213500,100.0000,srtm_band_mask_rescaled_to_vector_area,30,2026-09-08T06:55:17+00:00
G077047E41388N,upper_syr_darya,syr_darya,gte_4000,4000,,0.022113,100.0000,srtm_band_mask_rescaled_to_vector_area,30,2026-09-08T06:55:17+00:00
G077049E41570N,upper_syr_darya,syr_darya,3000_4000,3000,4000,0.000235,0.2262,srtm_band_mask_rescaled_to_vector_area,30,2026-09-08T06:55:17+00:00
G077049E41570N,upper_syr_darya,syr_darya,gte_4000,4000,,0.103570,99.7738,srtm_band_mask_rescaled_to_vector_area,30,2026-09-08T06:55:17+00:00
G077050E41230N,upper_syr_darya,syr_darya,gte_4000,4000,,0.056602,100.0000,srtm_band_mask_rescaled_to_vector_area,30,2026-09-08T06:55:17+00:00
G077051E41549N,upper_syr_darya,syr_darya,3000_4000,3000,4000,0.028722,14.7707,srtm_band_mask_rescaled_to_vector_area,30,2026-09-08T06:55:17+00:00
G077051E41549N,upper_syr_darya,syr_darya,gte_4000,4000,,0.165732,85.2293,srtm_band_mask_rescaled_to_vector_area,30,2026-09-08T06:55:17+00:00
G077052E41243N,upper_syr_darya,syr_darya,3000_4000,3000,4000,0.119137,26.1816,srtm_band_mask_rescaled_to_vector_area,30,2026-09-08T06:55:17+00:00
G077052E41243N,upper_syr_darya,syr_darya,gte_4000,4000,,0.335902,73.8184,srtm_band_mask_rescaled_to_vector_area,30,2026-09-08T06:55:17+00:00
G077052E41389N,upper_syr_darya,syr_darya,3000_4000,3000,4000,0.088048,27.2845,srtm_band_mask_rescaled_to_vector_area,30,2026-09-08T06:55:17+00:00
G077052E41389N,upper_syr_darya,syr_darya,gte_4000,4000,,0.234657,72.7155,srtm_band_mask_rescaled_to_vector_area,30,2026-09-08T06:55:17+00:00
G077054E41239N,upper_syr_darya,syr_darya,gte_4000,4000,,0.092854,100.0000,srtm_band_mask_rescaled_to_vector_area,30,2026-09-08T06:55:17+00:00
G077054E41363N,upper_syr_darya,syr_darya,gte_4000,4000,,0.025551,100.0000,srtm_band_mask_rescaled_to_vector_area,30,2026-09-08T06:55:17+00:00
G077055E41387N,upper_syr_darya,syr_darya,3000_4000,3000,4000,0.066647,22.4205,srtm_band_mask_rescaled_to_vector_area,30,2026-09-08T06:55:17+00:00
G077055E41387N,upper_syr_darya,syr_darya,gte_4000,4000,,0.230611,77.5795,srtm_band_mask_rescaled_to_vector_area,30,2026-09-08T06:55:17+00:00
G077055E41522N,upper_syr_darya,syr_darya,3000_4000,3000,4000,0.043612,18.4644,srtm_band_mask_rescaled_to_vector_area,30,2026-09-08T06:55:17+00:00
G077055E41522N,upper_syr_darya,syr_darya,gte_4000,4000,,0.192584,81.5356,srtm_band_mask_rescaled_to_vector_area,30,2026-09-08T06:55:17+00:00
G077055E41539N,upper_syr_darya,syr_darya,gte_4000,4000,,0.045547,100.0000,srtm_band_mask_rescaled_to_vector_area,30,2026-09-08T06:55:17+00:00
G077056E41831N,upper_syr_darya,syr_darya,3000_4000,3000,4000,0.003383,5.6008,srtm_band_mask_rescaled_to_vector_area,30,2026-09-08T06:55:17+00:00
G077056E41831N,upper_syr_darya,syr_darya,gte_4000,4000,,0.057014,94.3992,srtm_band_mask_rescaled_to_vector_area,30,2026-09-08T06:55:17+00:00
G077057E41568N,upper_syr_darya,syr_darya,3000_4000,3000,4000,0.170307,31.0045,srtm_band_mask_rescaled_to_vector_area,30,2026-09-08T06:55:17+00:00
G077057E41568N,upper_syr_darya,syr_darya,gte_4000,4000,,0.378990,68.9955,srtm_band_mask_rescaled_to_vector_area,30,2026-09-08T06:55:17+00:00
G077058E41549N,upper_syr_darya,syr_darya,3000_4000,3000,4000,0.080017,97.1258,srtm_band_mask_rescaled_to_vector_area,30,2026-09-08T06:55:17+00:00
G077058E41549N,upper_syr_darya,syr_darya,gte_4000,4000,,0.002368,2.8742,srtm_band_mask_rescaled_to_vector_area,30,2026-09-08T06:55:17+00:00
G077060E41251N,upper_syr_darya,syr_darya,gte_4000,4000,,0.059419,100.0000,srtm_band_mask_rescaled_to_vector_area,30,2026-09-08T06:55:17+00:00
G077060E41918N,upper_syr_darya,syr_darya,3000_4000,3000,4000,0.666925,87.8095,srtm_band_mask_rescaled_to_vector_area,30,2026-09-08T06:55:17+00:00
G077060E41918N,upper_syr_darya,syr_darya,gte_4000,4000,,0.092588,12.1905,srtm_band_mask_rescaled_to_vector_area,30,2026-09-08T06:55:17+00:00
G077061E41260N,upper_syr_darya,syr_darya,gte_4000,4000,,0.040547,100.0000,srtm_band_mask_rescaled_to_vector_area,30,2026-09-08T06:55:17+00:00
G077062E41356N,upper_syr_darya,syr_darya,3000_4000,3000,4000,0.185882,72.8778,srtm_band_mask_rescaled_to_vector_area,30,2026-09-08T06:55:17+00:00
G077062E41356N,upper_syr_darya,syr_darya,gte_4000,4000,,0.069178,27.1222,srtm_band_mask_rescaled_to_vector_area,30,2026-09-08T06:55:17+00:00
G077062E41385N,upper_syr_darya,syr_darya,3000_4000,3000,4000,0.006231,11.6705,srtm_band_mask_rescaled_to_vector_area,30,2026-09-08T06:55:17+00:00
G077062E41385N,upper_syr_darya,syr_darya,gte_4000,4000,,0.047162,88.3295,srtm_band_mask_rescaled_to_vector_area,30,2026-09-08T06:55:17+00:00
G077062E41836N,upper_syr_darya,syr_darya,3000_4000,3000,4000,0.001832,3.3525,srtm_band_mask_rescaled_to_vector_area,30,2026-09-08T06:55:17+00:00
G077062E41836N,upper_syr_darya,syr_darya,gte_4000,4000,,0.052820,96.6475,srtm_band_mask_rescaled_to_vector_area,30,2026-09-08T06:55:17+00:00
G077063E41529N,upper_syr_darya,syr_darya,gte_4000,4000,,0.187601,100.0000,srtm_band_mask_rescaled_to_vector_area,30,2026-09-08T06:55:17+00:00
G077063E41534N,upper_syr_darya,syr_darya,3000_4000,3000,4000,0.066836,74.2666,srtm_band_mask_rescaled_to_vector_area,30,2026-09-08T06:55:17+00:00
G077063E41534N,upper_syr_darya,syr_darya,gte_4000,4000,,0.023159,25.7334,srtm_band_mask_rescaled_to_vector_area,30,2026-09-08T06:55:17+00:00
G077063E41854N,upper_syr_darya,syr_darya,3000_4000,3000,4000,0.009610,8.3149,srtm_band_mask_rescaled_to_vector_area,30,2026-09-08T06:55:17+00:00
G077063E41854N,upper_syr_darya,syr_darya,gte_4000,4000,,0.105965,91.6851,srtm_band_mask_rescaled_to_vector_area,30,2026-09-08T06:55:17+00:00
G077065E41255N,upper_syr_darya,syr_darya,gte_4000,4000,,0.062640,100.0000,srtm_band_mask_rescaled_to_vector_area,30,2026-09-08T06:55:17+00:00
G077067E41353N,upper_syr_darya,syr_darya,gte_4000,4000,,0.017330,100.0000,srtm_band_mask_rescaled_to_vector_area,30,2026-09-08T06:55:17+00:00
G077067E41838N,upper_syr_darya,syr_darya,3000_4000,3000,4000,0.137295,38.9908,srtm_band_mask_rescaled_to_vector_area,30,2026-09-08T06:55:17+00:00
G077067E41838N,upper_syr_darya,syr_darya,gte_4000,4000,,0.214828,61.0092,srtm_band_mask_rescaled_to_vector_area,30,2026-09-08T06:55:17+00:00
G077068E41856N,upper_syr_darya,syr_darya,3000_4000,3000,4000,0.093120,44.6960,srtm_band_mask_rescaled_to_vector_area,30,2026-09-08T06:55:17+00:00
G077068E41856N,upper_syr_darya,syr_darya,gte_4000,4000,,0.115221,55.3040,srtm_band_mask_rescaled_to_vector_area,30,2026-09-08T06:55:17+00:00
G077070E41848N,upper_syr_darya,syr_darya,gte_4000,4000,,0.072526,100.0000,srtm_band_mask_rescaled_to_vector_area,30,2026-09-08T06:55:17+00:00
G077070E41904N,upper_syr_darya,syr_darya,3000_4000,3000,4000,0.188169,56.3955,srtm_band_mask_rescaled_to_vector_area,30,2026-09-08T06:55:17+00:00
G077070E41904N,upper_syr_darya,syr_darya,gte_4000,4000,,0.145490,43.6045,srtm_band_mask_rescaled_to_vector_area,30,2026-09-08T06:55:17+00:00
G077072E41353N,upper_syr_darya,syr_darya,3000_4000,3000,4000,0.019921,88.1214,srtm_band_mask_rescaled_to_vector_area,30,2026-09-08T06:55:17+00:00
G077072E41353N,upper_syr_darya,syr_darya,gte_4000,4000,,0.002685,11.8786,srtm_band_mask_rescaled_to_vector_area,30,2026-09-08T06:55:17+00:00
G077072E41525N,upper_syr_darya,syr_darya,3000_4000,3000,4000,0.029385,28.5592,srtm_band_mask_rescaled_to_vector_area,30,2026-09-08T06:55:17+00:00
G077072E41525N,upper_syr_darya,syr_darya,gte_4000,4000,,0.073507,71.4408,srtm_band_mask_rescaled_to_vector_area,30,2026-09-08T06:55:17+00:00
G077072E41574N,upper_syr_darya,syr_darya,gte_4000,4000,,0.068406,100.0000,srtm_band_mask_rescaled_to_vector_area,30,2026-09-08T06:55:17+00:00
G077072E41909N,upper_syr_darya,syr_darya,3000_4000,3000,4000,0.203509,91.1147,srtm_band_mask_rescaled_to_vector_area,30,2026-09-08T06:55:17+00:00
G077072E41909N,upper_syr_darya,syr_darya,gte_4000,4000,,0.019846,8.8853,srtm_band_mask_rescaled_to_vector_area,30,2026-09-08T06:55:17+00:00
G077073E41231N,upper_syr_darya,syr_darya,gte_4000,4000,,0.064567,100.0000,srtm_band_mask_rescaled_to_vector_area,30,2026-09-08T06:55:17+00:00
G077074E41353N,upper_syr_darya,syr_darya,3000_4000,3000,4000,0.052453,99.5416,srtm_band_mask_rescaled_to_vector_area,30,2026-09-08T06:55:17+00:00
G077074E41353N,upper_syr_darya,syr_darya,gte_4000,4000,,0.000242,0.4584,srtm_band_mask_rescaled_to_vector_area,30,2026-09-08T06:55:17+00:00
G077075E41581N,upper_syr_darya,syr_darya,3000_4000,3000,4000,0.017889,6.7945,srtm_band_mask_rescaled_to_vector_area,30,2026-09-08T06:55:17+00:00
G077075E41581N,upper_syr_darya,syr_darya,gte_4000,4000,,0.245395,93.2055,srtm_band_mask_rescaled_to_vector_area,30,2026-09-08T06:55:17+00:00
G077075E41906N,upper_syr_darya,syr_darya,3000_4000,3000,4000,0.005647,7.2036,srtm_band_mask_rescaled_to_vector_area,30,2026-09-08T06:55:17+00:00
G077075E41906N,upper_syr_darya,syr_darya,gte_4000,4000,,0.072749,92.7964,srtm_band_mask_rescaled_to_vector_area,30,2026-09-08T06:55:17+00:00
G077076E41353N,upper_syr_darya,syr_darya,3000_4000,3000,4000,0.022643,100.0000,srtm_band_mask_rescaled_to_vector_area,30,2026-09-08T06:55:17+00:00
G077076E41704N,upper_syr_darya,syr_darya,3000_4000,3000,4000,0.043739,79.9150,srtm_band_mask_rescaled_to_vector_area,30,2026-09-08T06:55:17+00:00
G077076E41704N,upper_syr_darya,syr_darya,gte_4000,4000,,0.010993,20.0850,srtm_band_mask_rescaled_to_vector_area,30,2026-09-08T06:55:17+00:00
G077076E41856N,upper_syr_darya,syr_darya,3000_4000,3000,4000,0.087476,22.7237,srtm_band_mask_rescaled_to_vector_area,30,2026-09-08T06:55:17+00:00
G077076E41856N,upper_syr_darya,syr_darya,gte_4000,4000,,0.297478,77.2763,srtm_band_mask_rescaled_to_vector_area,30,2026-09-08T06:55:17+00:00
G077077E41843N,upper_syr_darya,syr_darya,3000_4000,3000,4000,0.098918,94.1337,srtm_band_mask_rescaled_to_vector_area,30,2026-09-08T06:55:17+00:00
G077077E41843N,upper_syr_darya,syr_darya,gte_4000,4000,,0.006164,5.8663,srtm_band_mask_rescaled_to_vector_area,30,2026-09-08T06:55:17+00:00
G077078E41242N,upper_syr_darya,syr_darya,gte_4000,4000,,0.046686,100.0000,srtm_band_mask_rescaled_to_vector_area,30,2026-09-08T06:55:17+00:00
G077078E41914N,upper_syr_darya,syr_darya,3000_4000,3000,4000,0.001928,1.1655,srtm_band_mask_rescaled_to_vector_area,30,2026-09-08T06:55:17+00:00
G077078E41914N,upper_syr_darya,syr_darya,gte_4000,4000,,0.163503,98.8345,srtm_band_mask_rescaled_to_vector_area,30,2026-09-08T06:55:17+00:00
G077079E41525N,upper_syr_darya,syr_darya,3000_4000,3000,4000,0.008545,26.0347,srtm_band_mask_rescaled_to_vector_area,30,2026-09-08T06:55:17+00:00
G077079E41525N,upper_syr_darya,syr_darya,gte_4000,4000,,0.024277,73.9653,srtm_band_mask_rescaled_to_vector_area,30,2026-09-08T06:55:17+00:00
G077079E41835N,upper_syr_darya,syr_darya,3000_4000,3000,4000,0.095561,100.0000,srtm_band_mask_rescaled_to_vector_area,30,2026-09-08T06:55:17+00:00
G077080E41235N,upper_syr_darya,syr_darya,3000_4000,3000,4000,0.011403,3.7970,srtm_band_mask_rescaled_to_vector_area,30,2026-09-08T06:55:17+00:00
G077080E41235N,upper_syr_darya,syr_darya,gte_4000,4000,,0.288919,96.2030,srtm_band_mask_rescaled_to_vector_area,30,2026-09-08T06:55:17+00:00
G077080E41562N,upper_syr_darya,syr_darya,gte_4000,4000,,0.013431,100.0000,srtm_band_mask_rescaled_to_vector_area,30,2026-09-08T06:55:17+00:00
G077080E41704N,upper_syr_darya,syr_darya,3000_4000,3000,4000,0.000189,1.1549,srtm_band_mask_rescaled_to_vector_area,30,2026-09-08T06:55:17+00:00
G077080E41704N,upper_syr_darya,syr_darya,gte_4000,4000,,0.016202,98.8451,srtm_band_mask_rescaled_to_vector_area,30,2026-09-08T06:55:17+00:00
G077082E41350N,upper_syr_darya,syr_darya,3000_4000,3000,4000,0.097455,96.9085,srtm_band_mask_rescaled_to_vector_area,30,2026-09-08T06:55:17+00:00
G077082E41350N,upper_syr_darya,syr_darya,gte_4000,4000,,0.003109,3.0915,srtm_band_mask_rescaled_to_vector_area,30,2026-09-08T06:55:17+00:00
G077082E41579N,upper_syr_darya,syr_darya,3000_4000,3000,4000,0.129083,27.8226,srtm_band_mask_rescaled_to_vector_area,30,2026-09-08T06:55:17+00:00
G077082E41579N,upper_syr_darya,syr_darya,gte_4000,4000,,0.334868,72.1774,srtm_band_mask_rescaled_to_vector_area,30,2026-09-08T06:55:17+00:00
G077083E41229N,upper_syr_darya,syr_darya,3000_4000,3000,4000,0.000013,0.0061,srtm_band_mask_rescaled_to_vector_area,30,2026-09-08T06:55:17+00:00
G077083E41229N,upper_syr_darya,syr_darya,gte_4000,4000,,0.218381,99.9939,srtm_band_mask_rescaled_to_vector_area,30,2026-09-08T06:55:17+00:00
G077083E41329N,upper_syr_darya,syr_darya,3000_4000,3000,4000,0.158761,25.4433,srtm_band_mask_rescaled_to_vector_area,30,2026-09-08T06:55:17+00:00
G077083E41329N,upper_syr_darya,syr_darya,gte_4000,4000,,0.465219,74.5567,srtm_band_mask_rescaled_to_vector_area,30,2026-09-08T06:55:17+00:00
G077083E41340N,upper_syr_darya,syr_darya,3000_4000,3000,4000,0.002337,2.9019,srtm_band_mask_rescaled_to_vector_area,30,2026-09-08T06:55:17+00:00
G077083E41340N,upper_syr_darya,syr_darya,gte_4000,4000,,0.078211,97.0981,srtm_band_mask_rescaled_to_vector_area,30,2026-09-08T06:55:17+00:00
G077085E41329N,upper_syr_darya,syr_darya,3000_4000,3000,4000,0.116330,18.3843,srtm_band_mask_rescaled_to_vector_area,30,2026-09-08T06:55:17+00:00
G077085E41329N,upper_syr_darya,syr_darya,gte_4000,4000,,0.516435,81.6157,srtm_band_mask_rescaled_to_vector_area,30,2026-09-08T06:55:17+00:00
G077085E41703N,upper_syr_darya,syr_darya,3000_4000,3000,4000,0.041898,75.7008,srtm_band_mask_rescaled_to_vector_area,30,2026-09-08T06:55:17+00:00
G077085E41703N,upper_syr_darya,syr_darya,gte_4000,4000,,0.013449,24.2992,srtm_band_mask_rescaled_to_vector_area,30,2026-09-08T06:55:17+00:00
G077087E41855N,upper_syr_darya,syr_darya,3000_4000,3000,4000,0.349832,60.3525,srtm_band_mask_rescaled_to_vector_area,30,2026-09-08T06:55:17+00:00
G077087E41855N,upper_syr_darya,syr_darya,gte_4000,4000,,0.229816,39.6475,srtm_band_mask_rescaled_to_vector_area,30,2026-09-08T06:55:17+00:00
G077089E41911N,upper_syr_darya,syr_darya,3000_4000,3000,4000,0.053048,34.1125,srtm_band_mask_rescaled_to_vector_area,30,2026-09-08T06:55:17+00:00
G077089E41911N,upper_syr_darya,syr_darya,gte_4000,4000,,0.102461,65.8875,srtm_band_mask_rescaled_to_vector_area,30,2026-09-08T06:55:17+00:00
G077090E41338N,upper_syr_darya,syr_darya,3000_4000,3000,4000,0.029512,15.1182,srtm_band_mask_rescaled_to_vector_area,30,2026-09-08T06:55:17+00:00
G077090E41338N,upper_syr_darya,syr_darya,gte_4000,4000,,0.165699,84.8818,srtm_band_mask_rescaled_to_vector_area,30,2026-09-08T06:55:17+00:00
G077090E41346N,upper_syr_darya,syr_darya,3000_4000,3000,4000,0.086280,99.3471,srtm_band_mask_rescaled_to_vector_area,30,2026-09-08T06:55:17+00:00
G077090E41346N,upper_syr_darya,syr_darya,gte_4000,4000,,0.000567,0.6529,srtm_band_mask_rescaled_to_vector_area,30,2026-09-08T06:55:17+00:00
G077090E41702N,upper_syr_darya,syr_darya,3000_4000,3000,4000,0.003153,6.5913,srtm_band_mask_rescaled_to_vector_area,30,2026-09-08T06:55:17+00:00
G077090E41702N,upper_syr_darya,syr_darya,gte_4000,4000,,0.044687,93.4087,srtm_band_mask_rescaled_to_vector_area,30,2026-09-08T06:55:17+00:00
G077091E41331N,upper_syr_darya,syr_darya,gte_4000,4000,,0.058710,100.0000,srtm_band_mask_rescaled_to_vector_area,30,2026-09-08T06:55:17+00:00
G077093E41236N,upper_syr_darya,syr_darya,3000_4000,3000,4000,0.001093,1.7257,srtm_band_mask_rescaled_to_vector_area,30,2026-09-08T06:55:17+00:00
G077093E41236N,upper_syr_darya,syr_darya,gte_4000,4000,,0.062247,98.2743,srtm_band_mask_rescaled_to_vector_area,30,2026-09-08T06:55:17+00:00
G077093E41578N,upper_syr_darya,syr_darya,3000_4000,3000,4000,0.227468,28.6239,srtm_band_mask_rescaled_to_vector_area,30,2026-09-08T06:55:17+00:00
G077093E41578N,upper_syr_darya,syr_darya,gte_4000,4000,,0.567209,71.3761,srtm_band_mask_rescaled_to_vector_area,30,2026-09-08T06:55:17+00:00
G077096E41247N,upper_syr_darya,syr_darya,gte_4000,4000,,0.018944,100.0000,srtm_band_mask_rescaled_to_vector_area,30,2026-09-08T06:55:17+00:00
G077096E41704N,upper_syr_darya,syr_darya,3000_4000,3000,4000,0.110622,65.9928,srtm_band_mask_rescaled_to_vector_area,30,2026-09-08T06:55:17+00:00
G077096E41704N,upper_syr_darya,syr_darya,gte_4000,4000,,0.057005,34.0072,srtm_band_mask_rescaled_to_vector_area,30,2026-09-08T06:55:17+00:00
G077097E41902N,upper_syr_darya,syr_darya,3000_4000,3000,4000,0.026826,21.9458,srtm_band_mask_rescaled_to_vector_area,30,2026-09-08T06:55:17+00:00
G077097E41902N,upper_syr_darya,syr_darya,gte_4000,4000,,0.095413,78.0542,srtm_band_mask_rescaled_to_vector_area,30,2026-09-08T06:55:17+00:00
G077098E41858N,upper_syr_darya,syr_darya,3000_4000,3000,4000,0.203675,65.6676,srtm_band_mask_rescaled_to_vector_area,30,2026-09-08T06:55:17+00:00
G077098E41858N,upper_syr_darya,syr_darya,gte_4000,4000,,0.106486,34.3324,srtm_band_mask_rescaled_to_vector_area,30,2026-09-08T06:55:17+00:00
G077099E41236N,upper_syr_darya,syr_darya,gte_4000,4000,,0.092932,100.0000,srtm_band_mask_rescaled_to_vector_area,30,2026-09-08T06:55:17+00:00
G077099E41913N,upper_syr_darya,syr_darya,3000_4000,3000,4000,0.350085,51.1867,srtm_band_mask_rescaled_to_vector_area,30,2026-09-08T06:55:17+00:00
G077099E41913N,upper_syr_darya,syr_darya,gte_4000,4000,,0.333853,48.8133,srtm_band_mask_rescaled_to_vector_area,30,2026-09-08T06:55:17+00:00
G077100E41677N,upper_syr_darya,syr_darya,3000_4000,3000,4000,0.010639,7.8456,srtm_band_mask_rescaled_to_vector_area,30,2026-09-08T06:55:17+00:00
G077100E41677N,upper_syr_darya,syr_darya,gte_4000,4000,,0.124970,92.1544,srtm_band_mask_rescaled_to_vector_area,30,2026-09-08T06:55:17+00:00
G077100E41704N,upper_syr_darya,syr_darya,3000_4000,3000,4000,0.069532,42.9341,srtm_band_mask_rescaled_to_vector_area,30,2026-09-08T06:55:17+00:00
G077100E41704N,upper_syr_darya,syr_darya,gte_4000,4000,,0.092418,57.0659,srtm_band_mask_rescaled_to_vector_area,30,2026-09-08T06:55:17+00:00
G077101E41263N,upper_syr_darya,syr_darya,gte_4000,4000,,0.053715,100.0000,srtm_band_mask_rescaled_to_vector_area,30,2026-09-08T06:55:17+00:00
G077102E41324N,upper_syr_darya,syr_darya,3000_4000,3000,4000,0.066081,23.8496,srtm_band_mask_rescaled_to_vector_area,30,2026-09-08T06:55:17+00:00
G077102E41324N,upper_syr_darya,syr_darya,gte_4000,4000,,0.210993,76.1504,srtm_band_mask_rescaled_to_vector_area,30,2026-09-08T06:55:17+00:00
G077104E41680N,upper_syr_darya,syr_darya,3000_4000,3000,4000,0.001710,1.8584,srtm_band_mask_rescaled_to_vector_area,30,2026-09-08T06:55:17+00:00
G077104E41680N,upper_syr_darya,syr_darya,gte_4000,4000,,0.090296,98.1416,srtm_band_mask_rescaled_to_vector_area,30,2026-09-08T06:55:17+00:00
G077104E41703N,upper_syr_darya,syr_darya,3000_4000,3000,4000,0.005455,8.0174,srtm_band_mask_rescaled_to_vector_area,30,2026-09-08T06:55:17+00:00
G077104E41703N,upper_syr_darya,syr_darya,gte_4000,4000,,0.062589,91.9826,srtm_band_mask_rescaled_to_vector_area,30,2026-09-08T06:55:17+00:00
G077105E41578N,upper_syr_darya,syr_darya,3000_4000,3000,4000,0.156372,42.7652,srtm_band_mask_rescaled_to_vector_area,30,2026-09-08T06:55:17+00:00
G077105E41578N,upper_syr_darya,syr_darya,gte_4000,4000,,0.209280,57.2348,srtm_band_mask_rescaled_to_vector_area,30,2026-09-08T06:55:17+00:00
G077105E41691N,upper_syr_darya,syr_darya,gte_4000,4000,,0.012257,100.0000,srtm_band_mask_rescaled_to_vector_area,30,2026-09-08T06:55:17+00:00
G077106E41236N,upper_syr_darya,syr_darya,3000_4000,3000,4000,0.118398,26.9242,srtm_band_mask_rescaled_to_vector_area,30,2026-09-08T06:55:17+00:00
G077106E41236N,upper_syr_darya,syr_darya,gte_4000,4000,,0.321346,73.0758,srtm_band_mask_rescaled_to_vector_area,30,2026-09-08T06:55:17+00:00
G077107E41399N,upper_syr_darya,syr_darya,gte_4000,4000,,0.024603,100.0000,srtm_band_mask_rescaled_to_vector_area,30,2026-09-08T06:55:17+00:00
G077109E41702N,upper_syr_darya,syr_darya,3000_4000,3000,4000,0.130977,63.0313,srtm_band_mask_rescaled_to_vector_area,30,2026-09-08T06:55:17+00:00
G077109E41702N,upper_syr_darya,syr_darya,gte_4000,4000,,0.076819,36.9687,srtm_band_mask_rescaled_to_vector_area,30,2026-09-08T06:55:17+00:00
G077109E41837N,upper_syr_darya,syr_darya,gte_4000,4000,,0.050800,100.0000,srtm_band_mask_rescaled_to_vector_area,30,2026-09-08T06:55:17+00:00
G077110E41233N,upper_syr_darya,syr_darya,gte_4000,4000,,0.086436,100.0000,srtm_band_mask_rescaled_to_vector_area,30,2026-09-08T06:55:17+00:00
G077110E41841N,upper_syr_darya,syr_darya,3000_4000,3000,4000,0.378265,61.3298,srtm_band_mask_rescaled_to_vector_area,30,2026-09-08T06:55:17+00:00
G077110E41841N,upper_syr_darya,syr_darya,gte_4000,4000,,0.238508,38.6702,srtm_band_mask_rescaled_to_vector_area,30,2026-09-08T06:55:17+00:00
G077111E41250N,upper_syr_darya,syr_darya,gte_4000,4000,,0.040719,100.0000,srtm_band_mask_rescaled_to_vector_area,30,2026-09-08T06:55:17+00:00
G077111E41400N,upper_syr_darya,syr_darya,gte_4000,4000,,0.177901,100.0000,srtm_band_mask_rescaled_to_vector_area,30,2026-09-08T06:55:17+00:00
G077112E41258N,upper_syr_darya,syr_darya,3000_4000,3000,4000,0.037128,22.7122,srtm_band_mask_rescaled_to_vector_area,30,2026-09-08T06:55:17+00:00
G077112E41258N,upper_syr_darya,syr_darya,gte_4000,4000,,0.126345,77.2878,srtm_band_mask_rescaled_to_vector_area,30,2026-09-08T06:55:17+00:00
G077112E41321N,upper_syr_darya,syr_darya,3000_4000,3000,4000,0.028856,61.6794,srtm_band_mask_rescaled_to_vector_area,30,2026-09-08T06:55:17+00:00
G077112E41321N,upper_syr_darya,syr_darya,gte_4000,4000,,0.017928,38.3206,srtm_band_mask_rescaled_to_vector_area,30,2026-09-08T06:55:17+00:00
G077114E41245N,upper_syr_darya,syr_darya,gte_4000,4000,,0.023467,100.0000,srtm_band_mask_rescaled_to_vector_area,30,2026-09-08T06:55:17+00:00
G077114E41250N,upper_syr_darya,syr_darya,gte_4000,4000,,0.029339,100.0000,srtm_band_mask_rescaled_to_vector_area,30,2026-09-08T06:55:17+00:00
G077114E41703N,upper_syr_darya,syr_darya,3000_4000,3000,4000,0.198272,74.8483,srtm_band_mask_rescaled_to_vector_area,30,2026-09-08T06:55:17+00:00
G077114E41703N,upper_syr_darya,syr_darya,gte_4000,4000,,0.066626,25.1517,srtm_band_mask_rescaled_to_vector_area,30,2026-09-08T06:55:17+00:00
G077117E41246N,upper_syr_darya,syr_darya,gte_4000,4000,,0.137617,100.0000,srtm_band_mask_rescaled_to_vector_area,30,2026-09-08T06:55:17+00:00
G077117E41842N,upper_syr_darya,syr_darya,3000_4000,3000,4000,0.043890,17.8299,srtm_band_mask_rescaled_to_vector_area,30,2026-09-08T06:55:17+00:00
G077117E41842N,upper_syr_darya,syr_darya,gte_4000,4000,,0.202269,82.1701,srtm_band_mask_rescaled_to_vector_area,30,2026-09-08T06:55:17+00:00
G077117E41928N,upper_syr_darya,syr_darya,3000_4000,3000,4000,0.649007,55.3877,srtm_band_mask_rescaled_to_vector_area,30,2026-09-08T06:55:17+00:00
G077117E41928N,upper_syr_darya,syr_darya,gte_4000,4000,,0.522746,44.6123,srtm_band_mask_rescaled_to_vector_area,30,2026-09-08T06:55:17+00:00
G077119E41253N,upper_syr_darya,syr_darya,gte_4000,4000,,0.058897,100.0000,srtm_band_mask_rescaled_to_vector_area,30,2026-09-08T06:55:17+00:00
G077120E41321N,upper_syr_darya,syr_darya,gte_4000,4000,,0.021448,100.0000,srtm_band_mask_rescaled_to_vector_area,30,2026-09-08T06:55:17+00:00
G077120E41576N,upper_syr_darya,syr_darya,3000_4000,3000,4000,0.658410,40.3691,srtm_band_mask_rescaled_to_vector_area,30,2026-09-08T06:55:17+00:00
G077120E41576N,upper_syr_darya,syr_darya,gte_4000,4000,,0.972567,59.6309,srtm_band_mask_rescaled_to_vector_area,30,2026-09-08T06:55:17+00:00
G077120E41693N,upper_syr_darya,syr_darya,gte_4000,4000,,0.048638,100.0000,srtm_band_mask_rescaled_to_vector_area,30,2026-09-08T06:55:17+00:00
G077120E41839N,upper_syr_darya,syr_darya,gte_4000,4000,,0.049806,100.0000,srtm_band_mask_rescaled_to_vector_area,30,2026-09-08T06:55:17+00:00
G077122E41267N,upper_syr_darya,syr_darya,3000_4000,3000,4000,0.000233,0.2849,srtm_band_mask_rescaled_to_vector_area,30,2026-09-08T06:55:17+00:00
G077122E41267N,upper_syr_darya,syr_darya,gte_4000,4000,,0.081586,99.7151,srtm_band_mask_rescaled_to_vector_area,30,2026-09-08T06:55:17+00:00
G077122E41322N,upper_syr_darya,syr_darya,3000_4000,3000,4000,0.039057,26.4560,srtm_band_mask_rescaled_to_vector_area,30,2026-09-08T06:55:17+00:00
G077122E41322N,upper_syr_darya,syr_darya,gte_4000,4000,,0.108572,73.5440,srtm_band_mask_rescaled_to_vector_area,30,2026-09-08T06:55:17+00:00
G077122E41702N,upper_syr_darya,syr_darya,3000_4000,3000,4000,0.354186,49.0323,srtm_band_mask_rescaled_to_vector_area,30,2026-09-08T06:55:17+00:00
G077122E41702N,upper_syr_darya,syr_darya,gte_4000,4000,,0.368166,50.9677,srtm_band_mask_rescaled_to_vector_area,30,2026-09-08T06:55:17+00:00
G077122E41910N,upper_syr_darya,syr_darya,3000_4000,3000,4000,0.051396,42.1635,srtm_band_mask_rescaled_to_vector_area,30,2026-09-08T06:55:17+00:00
G077122E41910N,upper_syr_darya,syr_darya,gte_4000,4000,,0.070501,57.8365,srtm_band_mask_rescaled_to_vector_area,30,2026-09-08T06:55:17+00:00
G077124E41245N,upper_syr_darya,syr_darya,3000_4000,3000,4000,0.160666,37.6450,srtm_band_mask_rescaled_to_vector_area,30,2026-09-08T06:55:17+00:00
G077124E41245N,upper_syr_darya,syr_darya,gte_4000,4000,,0.266127,62.3550,srtm_band_mask_rescaled_to_vector_area,30,2026-09-08T06:55:17+00:00
G077125E41395N,upper_syr_darya,syr_darya,3000_4000,3000,4000,0.000511,0.4575,srtm_band_mask_rescaled_to_vector_area,30,2026-09-08T06:55:17+00:00
G077125E41395N,upper_syr_darya,syr_darya,gte_4000,4000,,0.111138,99.5425,srtm_band_mask_rescaled_to_vector_area,30,2026-09-08T06:55:17+00:00
G077125E41837N,upper_syr_darya,syr_darya,3000_4000,3000,4000,0.022562,21.4455,srtm_band_mask_rescaled_to_vector_area,30,2026-09-08T06:55:17+00:00
G077125E41837N,upper_syr_darya,syr_darya,gte_4000,4000,,0.082645,78.5545,srtm_band_mask_rescaled_to_vector_area,30,2026-09-08T06:55:17+00:00
G077126E41841N,upper_syr_darya,syr_darya,gte_4000,4000,,0.248314,100.0000,srtm_band_mask_rescaled_to_vector_area,30,2026-09-08T06:55:17+00:00
G077126E41846N,upper_syr_darya,syr_darya,3000_4000,3000,4000,0.652928,65.6948,srtm_band_mask_rescaled_to_vector_area,30,2026-09-08T06:55:17+00:00
G077126E41846N,upper_syr_darya,syr_darya,gte_4000,4000,,0.340953,34.3052,srtm_band_mask_rescaled_to_vector_area,30,2026-09-08T06:55:17+00:00
G077129E41919N,upper_syr_darya,syr_darya,3000_4000,3000,4000,0.049282,13.7034,srtm_band_mask_rescaled_to_vector_area,30,2026-09-08T06:55:17+00:00
G077129E41919N,upper_syr_darya,syr_darya,gte_4000,4000,,0.310352,86.2966,srtm_band_mask_rescaled_to_vector_area,30,2026-09-08T06:55:17+00:00
G077130E41396N,upper_syr_darya,syr_darya,3000_4000,3000,4000,0.034241,21.0923,srtm_band_mask_rescaled_to_vector_area,30,2026-09-08T06:55:17+00:00
G077130E41396N,upper_syr_darya,syr_darya,gte_4000,4000,,0.128098,78.9077,srtm_band_mask_rescaled_to_vector_area,30,2026-09-08T06:55:17+00:00
G077130E41713N,upper_syr_darya,syr_darya,3000_4000,3000,4000,0.114053,57.0128,srtm_band_mask_rescaled_to_vector_area,30,2026-09-08T06:55:17+00:00
G077130E41713N,upper_syr_darya,syr_darya,gte_4000,4000,,0.085995,42.9872,srtm_band_mask_rescaled_to_vector_area,30,2026-09-08T06:55:17+00:00
G077130E41834N,upper_syr_darya,syr_darya,3000_4000,3000,4000,0.105273,71.1982,srtm_band_mask_rescaled_to_vector_area,30,2026-09-08T06:55:17+00:00
G077130E41834N,upper_syr_darya,syr_darya,gte_4000,4000,,0.042586,28.8018,srtm_band_mask_rescaled_to_vector_area,30,2026-09-08T06:55:17+00:00
G077131E41558N,upper_syr_darya,syr_darya,3000_4000,3000,4000,0.007884,4.0090,srtm_band_mask_rescaled_to_vector_area,30,2026-09-08T06:55:17+00:00
G077131E41558N,upper_syr_darya,syr_darya,gte_4000,4000,,0.188783,95.9910,srtm_band_mask_rescaled_to_vector_area,30,2026-09-08T06:55:17+00:00
G077132E41247N,upper_syr_darya,syr_darya,3000_4000,3000,4000,0.000372,0.3723,srtm_band_mask_rescaled_to_vector_area,30,2026-09-08T06:55:17+00:00
G077132E41247N,upper_syr_darya,syr_darya,gte_4000,4000,,0.099421,99.6277,srtm_band_mask_rescaled_to_vector_area,30,2026-09-08T06:55:17+00:00
G077132E41322N,upper_syr_darya,syr_darya,3000_4000,3000,4000,0.005749,2.1033,srtm_band_mask_rescaled_to_vector_area,30,2026-09-08T06:55:17+00:00
G077132E41322N,upper_syr_darya,syr_darya,gte_4000,4000,,0.267576,97.8967,srtm_band_mask_rescaled_to_vector_area,30,2026-09-08T06:55:17+00:00
G077132E41358N,upper_syr_darya,syr_darya,gte_4000,4000,,0.142625,100.0000,srtm_band_mask_rescaled_to_vector_area,30,2026-09-08T06:55:17+00:00
G077132E41707N,upper_syr_darya,syr_darya,3000_4000,3000,4000,0.176224,29.4345,srtm_band_mask_rescaled_to_vector_area,30,2026-09-08T06:55:17+00:00
G077132E41707N,upper_syr_darya,syr_darya,gte_4000,4000,,0.422476,70.5655,srtm_band_mask_rescaled_to_vector_area,30,2026-09-08T06:55:17+00:00
G077133E41363N,upper_syr_darya,syr_darya,gte_4000,4000,,0.027690,100.0000,srtm_band_mask_rescaled_to_vector_area,30,2026-09-08T06:55:17+00:00
G077133E41571N,upper_syr_darya,syr_darya,3000_4000,3000,4000,0.036524,5.7718,srtm_band_mask_rescaled_to_vector_area,30,2026-09-08T06:55:17+00:00
G077133E41571N,upper_syr_darya,syr_darya,gte_4000,4000,,0.596286,94.2282,srtm_band_mask_rescaled_to_vector_area,30,2026-09-08T06:55:17+00:00
G077133E41926N,upper_syr_darya,syr_darya,3000_4000,3000,4000,0.556446,64.5290,srtm_band_mask_rescaled_to_vector_area,30,2026-09-08T06:55:17+00:00
G077133E41926N,upper_syr_darya,syr_darya,gte_4000,4000,,0.305873,35.4710,srtm_band_mask_rescaled_to_vector_area,30,2026-09-08T06:55:17+00:00
G077134E41334N,upper_syr_darya,syr_darya,3000_4000,3000,4000,0.025707,39.6202,srtm_band_mask_rescaled_to_vector_area,30,2026-09-08T06:55:17+00:00
G077134E41334N,upper_syr_darya,syr_darya,gte_4000,4000,,0.039177,60.3798,srtm_band_mask_rescaled_to_vector_area,30,2026-09-08T06:55:17+00:00
G077134E41394N,upper_syr_darya,syr_darya,gte_4000,4000,,0.018244,100.0000,srtm_band_mask_rescaled_to_vector_area,30,2026-09-08T06:55:17+00:00
G077134E41596N,upper_syr_darya,syr_darya,3000_4000,3000,4000,0.041082,21.0815,srtm_band_mask_rescaled_to_vector_area,30,2026-09-08T06:55:17+00:00
G077134E41596N,upper_syr_darya,syr_darya,gte_4000,4000,,0.153791,78.9185,srtm_band_mask_rescaled_to_vector_area,30,2026-09-08T06:55:17+00:00
G077135E41578N,upper_syr_darya,syr_darya,3000_4000,3000,4000,0.000770,0.5041,srtm_band_mask_rescaled_to_vector_area,30,2026-09-08T06:55:17+00:00
G077135E41578N,upper_syr_darya,syr_darya,gte_4000,4000,,0.152048,99.4959,srtm_band_mask_rescaled_to_vector_area,30,2026-09-08T06:55:17+00:00
G077135E41845N,upper_syr_darya,syr_darya,3000_4000,3000,4000,0.108761,56.6154,srtm_band_mask_rescaled_to_vector_area,30,2026-09-08T06:55:17+00:00
G077135E41845N,upper_syr_darya,syr_darya,gte_4000,4000,,0.083344,43.3846,srtm_band_mask_rescaled_to_vector_area,30,2026-09-08T06:55:17+00:00
G077137E41251N,upper_syr_darya,syr_darya,3000_4000,3000,4000,0.048490,33.4117,srtm_band_mask_rescaled_to_vector_area,30,2026-09-08T06:55:17+00:00
G077137E41251N,upper_syr_darya,syr_darya,gte_4000,4000,,0.096638,66.5883,srtm_band_mask_rescaled_to_vector_area,30,2026-09-08T06:55:17+00:00
G077137E41593N,upper_syr_darya,syr_darya,gte_4000,4000,,0.049240,100.0000,srtm_band_mask_rescaled_to_vector_area,30,2026-09-08T06:55:17+00:00
G077138E41333N,upper_syr_darya,syr_darya,gte_4000,4000,,0.024098,100.0000,srtm_band_mask_rescaled_to_vector_area,30,2026-09-08T06:55:17+00:00
G077139E41586N,upper_syr_darya,syr_darya,3000_4000,3000,4000,0.006690,6.6424,srtm_band_mask_rescaled_to_vector_area,30,2026-09-08T06:55:17+00:00
G077139E41586N,upper_syr_darya,syr_darya,gte_4000,4000,,0.094031,93.3576,srtm_band_mask_rescaled_to_vector_area,30,2026-09-08T06:55:17+00:00
G077140E41577N,upper_syr_darya,syr_darya,gte_4000,4000,,0.021998,100.0000,srtm_band_mask_rescaled_to_vector_area,30,2026-09-08T06:55:17+00:00
G077140E41580N,upper_syr_darya,syr_darya,gte_4000,4000,,0.021247,100.0000,srtm_band_mask_rescaled_to_vector_area,30,2026-09-08T06:55:17+00:00
G077140E41688N,upper_syr_darya,syr_darya,3000_4000,3000,4000,0.009250,9.7462,srtm_band_mask_rescaled_to_vector_area,30,2026-09-08T06:55:17+00:00
G077140E41688N,upper_syr_darya,syr_darya,gte_4000,4000,,0.085662,90.2538,srtm_band_mask_rescaled_to_vector_area,30,2026-09-08T06:55:17+00:00
G077141E41330N,upper_syr_darya,syr_darya,gte_4000,4000,,0.067262,100.0000,srtm_band_mask_rescaled_to_vector_area,30,2026-09-08T06:55:17+00:00
G077141E41359N,upper_syr_darya,syr_darya,3000_4000,3000,4000,0.000611,0.3582,srtm_band_mask_rescaled_to_vector_area,30,2026-09-08T06:55:17+00:00
G077141E41359N,upper_syr_darya,syr_darya,gte_4000,4000,,0.170112,99.6418,srtm_band_mask_rescaled_to_vector_area,30,2026-09-08T06:55:17+00:00
G077142E41394N,upper_syr_darya,syr_darya,3000_4000,3000,4000,0.014893,22.5542,srtm_band_mask_rescaled_to_vector_area,30,2026-09-08T06:55:17+00:00
G077142E41394N,upper_syr_darya,syr_darya,gte_4000,4000,,0.051138,77.4458,srtm_band_mask_rescaled_to_vector_area,30,2026-09-08T06:55:17+00:00
G077142E41912N,upper_syr_darya,syr_darya,3000_4000,3000,4000,0.060260,43.9985,srtm_band_mask_rescaled_to_vector_area,30,2026-09-08T06:55:17+00:00
G077142E41912N,upper_syr_darya,syr_darya,gte_4000,4000,,0.076700,56.0015,srtm_band_mask_rescaled_to_vector_area,30,2026-09-08T06:55:17+00:00
G077143E41922N,upper_syr_darya,syr_darya,3000_4000,3000,4000,0.153875,50.7119,srtm_band_mask_rescaled_to_vector_area,30,2026-09-08T06:55:17+00:00
G077143E41922N,upper_syr_darya,syr_darya,gte_4000,4000,,0.149555,49.2881,srtm_band_mask_rescaled_to_vector_area,30,2026-09-08T06:55:17+00:00
G077144E41321N,upper_syr_darya,syr_darya,gte_4000,4000,,0.023973,100.0000,srtm_band_mask_rescaled_to_vector_area,30,2026-09-08T06:55:17+00:00
G077144E41568N,upper_syr_darya,syr_darya,gte_4000,4000,,0.385861,100.0000,srtm_band_mask_rescaled_to_vector_area,30,2026-09-08T06:55:17+00:00
G077144E41695N,upper_syr_darya,syr_darya,gte_4000,4000,,0.020331,100.0000,srtm_band_mask_rescaled_to_vector_area,30,2026-09-08T06:55:17+00:00
G077144E41699N,upper_syr_darya,syr_darya,3000_4000,3000,4000,0.008628,3.1796,srtm_band_mask_rescaled_to_vector_area,30,2026-09-08T06:55:17+00:00
G077144E41699N,upper_syr_darya,syr_darya,gte_4000,4000,,0.262743,96.8204,srtm_band_mask_rescaled_to_vector_area,30,2026-09-08T06:55:17+00:00
G077145E41355N,upper_syr_darya,syr_darya,gte_4000,4000,,0.026167,100.0000,srtm_band_mask_rescaled_to_vector_area,30,2026-09-08T06:55:17+00:00
G077146E41264N,upper_syr_darya,syr_darya,3000_4000,3000,4000,0.007662,3.7202,srtm_band_mask_rescaled_to_vector_area,30,2026-09-08T06:55:17+00:00
G077146E41264N,upper_syr_darya,syr_darya,gte_4000,4000,,0.198305,96.2798,srtm_band_mask_rescaled_to_vector_area,30,2026-09-08T06:55:17+00:00
G077146E41527N,upper_syr_darya,syr_darya,3000_4000,3000,4000,0.001096,0.8284,srtm_band_mask_rescaled_to_vector_area,30,2026-09-08T06:55:17+00:00
G077146E41527N,upper_syr_darya,syr_darya,gte_4000,4000,,0.131163,99.1716,srtm_band_mask_rescaled_to_vector_area,30,2026-09-08T06:55:17+00:00
G077147E41254N,upper_syr_darya,syr_darya,3000_4000,3000,4000,0.000735,0.6964,srtm_band_mask_rescaled_to_vector_area,30,2026-09-08T06:55:17+00:00
G077147E41254N,upper_syr_darya,syr_darya,gte_4000,4000,,0.104758,99.3036,srtm_band_mask_rescaled_to_vector_area,30,2026-09-08T06:55:17+00:00
G077147E41321N,upper_syr_darya,syr_darya,gte_4000,4000,,0.061961,100.0000,srtm_band_mask_rescaled_to_vector_area,30,2026-09-08T06:55:17+00:00
G077147E41325N,upper_syr_darya,syr_darya,gte_4000,4000,,0.046919,100.0000,srtm_band_mask_rescaled_to_vector_area,30,2026-09-08T06:55:17+00:00
G077147E41394N,upper_syr_darya,syr_darya,gte_4000,4000,,0.015846,100.0000,srtm_band_mask_rescaled_to_vector_area,30,2026-09-08T06:55:17+00:00
G077148E41579N,upper_syr_darya,syr_darya,3000_4000,3000,4000,0.438855,26.9062,srtm_band_mask_rescaled_to_vector_area,30,2026-09-08T06:55:17+00:00
G077148E41579N,upper_syr_darya,syr_darya,gte_4000,4000,,1.192201,73.0938,srtm_band_mask_rescaled_to_vector_area,30,2026-09-08T06:55:17+00:00
G077151E41261N,upper_syr_darya,syr_darya,gte_4000,4000,,0.032239,100.0000,srtm_band_mask_rescaled_to_vector_area,30,2026-09-08T06:55:17+00:00
G077151E41564N,upper_syr_darya,syr_darya,gte_4000,4000,,0.345989,100.0000,srtm_band_mask_rescaled_to_vector_area,30,2026-09-08T06:55:17+00:00
G077152E41248N,upper_syr_darya,syr_darya,gte_4000,4000,,0.261628,100.0000,srtm_band_mask_rescaled_to_vector_area,30,2026-09-08T06:55:17+00:00
G077152E41702N,upper_syr_darya,syr_darya,3000_4000,3000,4000,0.492769,43.5220,srtm_band_mask_rescaled_to_vector_area,30,2026-09-08T06:55:17+00:00
G077152E41702N,upper_syr_darya,syr_darya,gte_4000,4000,,0.639460,56.4780,srtm_band_mask_rescaled_to_vector_area,30,2026-09-08T06:55:17+00:00
G077152E41929N,upper_syr_darya,syr_darya,3000_4000,3000,4000,0.060992,61.1737,srtm_band_mask_rescaled_to_vector_area,30,2026-09-08T06:55:17+00:00
G077152E41929N,upper_syr_darya,syr_darya,gte_4000,4000,,0.038711,38.8263,srtm_band_mask_rescaled_to_vector_area,30,2026-09-08T06:55:17+00:00
G077153E41531N,upper_syr_darya,syr_darya,gte_4000,4000,,0.120723,100.0000,srtm_band_mask_rescaled_to_vector_area,30,2026-09-08T06:55:17+00:00
G077153E41586N,upper_syr_darya,syr_darya,3000_4000,3000,4000,0.063811,35.6954,srtm_band_mask_rescaled_to_vector_area,30,2026-09-08T06:55:17+00:00
G077153E41586N,upper_syr_darya,syr_darya,gte_4000,4000,,0.114953,64.3046,srtm_band_mask_rescaled_to_vector_area,30,2026-09-08T06:55:17+00:00
G077154E41254N,upper_syr_darya,syr_darya,3000_4000,3000,4000,0.006063,16.3378,srtm_band_mask_rescaled_to_vector_area,30,2026-09-08T06:55:17+00:00
G077154E41254N,upper_syr_darya,syr_darya,gte_4000,4000,,0.031048,83.6622,srtm_band_mask_rescaled_to_vector_area,30,2026-09-08T06:55:17+00:00
G077154E41390N,upper_syr_darya,syr_darya,gte_4000,4000,,0.013667,100.0000,srtm_band_mask_rescaled_to_vector_area,30,2026-09-08T06:55:17+00:00
G077155E41251N,upper_syr_darya,syr_darya,gte_4000,4000,,0.051047,100.0000,srtm_band_mask_rescaled_to_vector_area,30,2026-09-08T06:55:17+00:00
G077155E41687N,upper_syr_darya,syr_darya,3000_4000,3000,4000,0.005941,3.6234,srtm_band_mask_rescaled_to_vector_area,30,2026-09-08T06:55:17+00:00
G077155E41687N,upper_syr_darya,syr_darya,gte_4000,4000,,0.158023,96.3766,srtm_band_mask_rescaled_to_vector_area,30,2026-09-08T06:55:17+00:00
G077156E41325N,upper_syr_darya,syr_darya,3000_4000,3000,4000,0.011273,12.1487,srtm_band_mask_rescaled_to_vector_area,30,2026-09-08T06:55:17+00:00
G077156E41325N,upper_syr_darya,syr_darya,gte_4000,4000,,0.081522,87.8513,srtm_band_mask_rescaled_to_vector_area,30,2026-09-08T06:55:17+00:00
G077156E41392N,upper_syr_darya,syr_darya,3000_4000,3000,4000,0.040722,67.3827,srtm_band_mask_rescaled_to_vector_area,30,2026-09-08T06:55:17+00:00
G077156E41392N,upper_syr_darya,syr_darya,gte_4000,4000,,0.019712,32.6173,srtm_band_mask_rescaled_to_vector_area,30,2026-09-08T06:55:17+00:00
G077156E41860N,upper_syr_darya,syr_darya,3000_4000,3000,4000,0.089262,76.7021,srtm_band_mask_rescaled_to_vector_area,30,2026-09-08T06:55:17+00:00
G077156E41860N,upper_syr_darya,syr_darya,gte_4000,4000,,0.027113,23.2979,srtm_band_mask_rescaled_to_vector_area,30,2026-09-08T06:55:17+00:00
G077157E41823N,upper_syr_darya,syr_darya,3000_4000,3000,4000,0.003953,34.9940,srtm_band_mask_rescaled_to_vector_area,30,2026-09-08T06:55:17+00:00
G077157E41823N,upper_syr_darya,syr_darya,gte_4000,4000,,0.007344,65.0060,srtm_band_mask_rescaled_to_vector_area,30,2026-09-08T06:55:17+00:00
G077158E41675N,upper_syr_darya,syr_darya,3000_4000,3000,4000,0.066607,28.4019,srtm_band_mask_rescaled_to_vector_area,30,2026-09-08T06:55:17+00:00
G077158E41675N,upper_syr_darya,syr_darya,gte_4000,4000,,0.167908,71.5981,srtm_band_mask_rescaled_to_vector_area,30,2026-09-08T06:55:17+00:00
G077159E41246N,upper_syr_darya,syr_darya,gte_4000,4000,,0.053278,100.0000,srtm_band_mask_rescaled_to_vector_area,30,2026-09-08T06:55:17+00:00
G077160E41391N,upper_syr_darya,syr_darya,gte_4000,4000,,0.041646,100.0000,srtm_band_mask_rescaled_to_vector_area,30,2026-09-08T06:55:17+00:00
G077160E41859N,upper_syr_darya,syr_darya,gte_4000,4000,,0.054166,100.0000,srtm_band_mask_rescaled_to_vector_area,30,2026-09-08T06:55:17+00:00
G077162E41535N,upper_syr_darya,syr_darya,gte_4000,4000,,0.153541,100.0000,srtm_band_mask_rescaled_to_vector_area,30,2026-09-08T06:55:17+00:00
G077163E41349N,upper_syr_darya,syr_darya,3000_4000,3000,4000,0.014105,6.8818,srtm_band_mask_rescaled_to_vector_area,30,2026-09-08T06:55:17+00:00
G077163E41349N,upper_syr_darya,syr_darya,gte_4000,4000,,0.190853,93.1182,srtm_band_mask_rescaled_to_vector_area,30,2026-09-08T06:55:17+00:00
G077164E41326N,upper_syr_darya,syr_darya,3000_4000,3000,4000,0.056565,23.7022,srtm_band_mask_rescaled_to_vector_area,30,2026-09-08T06:55:17+00:00
G077164E41326N,upper_syr_darya,syr_darya,gte_4000,4000,,0.182085,76.2978,srtm_band_mask_rescaled_to_vector_area,30,2026-09-08T06:55:17+00:00
G077164E41708N,upper_syr_darya,syr_darya,3000_4000,3000,4000,0.446115,40.9913,srtm_band_mask_rescaled_to_vector_area,30,2026-09-08T06:55:17+00:00
G077164E41708N,upper_syr_darya,syr_darya,gte_4000,4000,,0.642202,59.0087,srtm_band_mask_rescaled_to_vector_area,30,2026-09-08T06:55:17+00:00
G077164E41847N,upper_syr_darya,syr_darya,3000_4000,3000,4000,0.323107,52.6903,srtm_band_mask_rescaled_to_vector_area,30,2026-09-08T06:55:17+00:00
G077164E41847N,upper_syr_darya,syr_darya,gte_4000,4000,,0.290112,47.3097,srtm_band_mask_rescaled_to_vector_area,30,2026-09-08T06:55:17+00:00
G077165E41538N,upper_syr_darya,syr_darya,3000_4000,3000,4000,0.016649,24.3430,srtm_band_mask_rescaled_to_vector_area,30,2026-09-08T06:55:17+00:00
G077165E41538N,upper_syr_darya,syr_darya,gte_4000,4000,,0.051744,75.6570,srtm_band_mask_rescaled_to_vector_area,30,2026-09-08T06:55:17+00:00
G077166E41385N,upper_syr_darya,syr_darya,3000_4000,3000,4000,0.001619,1.6269,srtm_band_mask_rescaled_to_vector_area,30,2026-09-08T06:55:17+00:00
G077166E41385N,upper_syr_darya,syr_darya,gte_4000,4000,,0.097916,98.3731,srtm_band_mask_rescaled_to_vector_area,30,2026-09-08T06:55:17+00:00
G077166E41909N,upper_syr_darya,syr_darya,3000_4000,3000,4000,0.058249,41.9939,srtm_band_mask_rescaled_to_vector_area,30,2026-09-08T06:55:17+00:00
G077166E41909N,upper_syr_darya,syr_darya,gte_4000,4000,,0.080460,58.0061,srtm_band_mask_rescaled_to_vector_area,30,2026-09-08T06:55:17+00:00
G077167E41930N,upper_syr_darya,syr_darya,3000_4000,3000,4000,0.854818,69.9043,srtm_band_mask_rescaled_to_vector_area,30,2026-09-08T06:55:17+00:00
G077167E41930N,upper_syr_darya,syr_darya,gte_4000,4000,,0.368022,30.0957,srtm_band_mask_rescaled_to_vector_area,30,2026-09-08T06:55:17+00:00
G077168E41566N,upper_syr_darya,syr_darya,gte_4000,4000,,0.092193,100.0000,srtm_band_mask_rescaled_to_vector_area,30,2026-09-08T06:55:17+00:00
G077168E41832N,upper_syr_darya,syr_darya,3000_4000,3000,4000,0.193695,66.9143,srtm_band_mask_rescaled_to_vector_area,30,2026-09-08T06:55:17+00:00
G077168E41832N,upper_syr_darya,syr_darya,gte_4000,4000,,0.095772,33.0857,srtm_band_mask_rescaled_to_vector_area,30,2026-09-08T06:55:17+00:00
G077169E41696N,upper_syr_darya,syr_darya,gte_4000,4000,,0.034391,100.0000,srtm_band_mask_rescaled_to_vector_area,30,2026-09-08T06:55:17+00:00
G077169E41915N,upper_syr_darya,syr_darya,3000_4000,3000,4000,0.072242,46.7443,srtm_band_mask_rescaled_to_vector_area,30,2026-09-08T06:55:17+00:00
G077169E41915N,upper_syr_darya,syr_darya,gte_4000,4000,,0.082306,53.2557,srtm_band_mask_rescaled_to_vector_area,30,2026-09-08T06:55:17+00:00
G077171E41258N,upper_syr_darya,syr_darya,3000_4000,3000,4000,0.112754,26.1641,srtm_band_mask_rescaled_to_vector_area,30,2026-09-08T06:55:17+00:00
G077171E41258N,upper_syr_darya,syr_darya,gte_4000,4000,,0.318196,73.8359,srtm_band_mask_rescaled_to_vector_area,30,2026-09-08T06:55:17+00:00
G077171E41269N,upper_syr_darya,syr_darya,gte_4000,4000,,0.024464,100.0000,srtm_band_mask_rescaled_to_vector_area,30,2026-09-08T06:55:17+00:00
G077171E41349N,upper_syr_darya,syr_darya,3000_4000,3000,4000,0.034785,16.8428,srtm_band_mask_rescaled_to_vector_area,30,2026-09-08T06:55:17+00:00
G077171E41349N,upper_syr_darya,syr_darya,gte_4000,4000,,0.171740,83.1572,srtm_band_mask_rescaled_to_vector_area,30,2026-09-08T06:55:17+00:00
G077171E41574N,upper_syr_darya,syr_darya,3000_4000,3000,4000,0.893281,21.4545,srtm_band_mask_rescaled_to_vector_area,30,2026-09-08T06:55:17+00:00
G077171E41574N,upper_syr_darya,syr_darya,gte_4000,4000,,3.270333,78.5455,srtm_band_mask_rescaled_to_vector_area,30,2026-09-08T06:55:17+00:00
G077171E41841N,upper_syr_darya,syr_darya,3000_4000,3000,4000,0.128125,23.9929,srtm_band_mask_rescaled_to_vector_area,30,2026-09-08T06:55:17+00:00
G077171E41841N,upper_syr_darya,syr_darya,gte_4000,4000,,0.405887,76.0071,srtm_band_mask_rescaled_to_vector_area,30,2026-09-08T06:55:17+00:00
G077172E41243N,upper_syr_darya,syr_darya,3000_4000,3000,4000,0.067990,15.6050,srtm_band_mask_rescaled_to_vector_area,30,2026-09-08T06:55:17+00:00
G077172E41243N,upper_syr_darya,syr_darya,gte_4000,4000,,0.367702,84.3950,srtm_band_mask_rescaled_to_vector_area,30,2026-09-08T06:55:17+00:00
G077172E41915N,upper_syr_darya,syr_darya,3000_4000,3000,4000,0.205868,44.0159,srtm_band_mask_rescaled_to_vector_area,30,2026-09-08T06:55:17+00:00
G077172E41915N,upper_syr_darya,syr_darya,gte_4000,4000,,0.261845,55.9841,srtm_band_mask_rescaled_to_vector_area,30,2026-09-08T06:55:17+00:00
G077172E41932N,upper_syr_darya,syr_darya,3000_4000,3000,4000,0.324750,58.9581,srtm_band_mask_rescaled_to_vector_area,30,2026-09-08T06:55:17+00:00
G077172E41932N,upper_syr_darya,syr_darya,gte_4000,4000,,0.226065,41.0419,srtm_band_mask_rescaled_to_vector_area,30,2026-09-08T06:55:17+00:00
G077173E41849N,upper_syr_darya,syr_darya,3000_4000,3000,4000,0.051942,46.7944,srtm_band_mask_rescaled_to_vector_area,30,2026-09-08T06:55:17+00:00
G077173E41849N,upper_syr_darya,syr_darya,gte_4000,4000,,0.059059,53.2056,srtm_band_mask_rescaled_to_vector_area,30,2026-09-08T06:55:17+00:00
G077174E41331N,upper_syr_darya,syr_darya,gte_4000,4000,,0.037478,100.0000,srtm_band_mask_rescaled_to_vector_area,30,2026-09-08T06:55:17+00:00
G077174E41915N,upper_syr_darya,syr_darya,3000_4000,3000,4000,0.143602,44.6483,srtm_band_mask_rescaled_to_vector_area,30,2026-09-08T06:55:17+00:00
G077174E41915N,upper_syr_darya,syr_darya,gte_4000,4000,,0.178028,55.3517,srtm_band_mask_rescaled_to_vector_area,30,2026-09-08T06:55:17+00:00
G077175E41542N,upper_syr_darya,syr_darya,gte_4000,4000,,0.074546,100.0000,srtm_band_mask_rescaled_to_vector_area,30,2026-09-08T06:55:17+00:00
G077175E41849N,upper_syr_darya,syr_darya,3000_4000,3000,4000,0.150255,49.5466,srtm_band_mask_rescaled_to_vector_area,30,2026-09-08T06:55:17+00:00
G077175E41849N,upper_syr_darya,syr_darya,gte_4000,4000,,0.153005,50.4534,srtm_band_mask_rescaled_to_vector_area,30,2026-09-08T06:55:17+00:00
G077176E41596N,upper_syr_darya,syr_darya,3000_4000,3000,4000,0.011546,3.9003,srtm_band_mask_rescaled_to_vector_area,30,2026-09-08T06:55:17+00:00
G077176E41596N,upper_syr_darya,syr_darya,gte_4000,4000,,0.284490,96.0997,srtm_band_mask_rescaled_to_vector_area,30,2026-09-08T06:55:17+00:00
G077176E41849N,upper_syr_darya,syr_darya,3000_4000,3000,4000,0.125368,57.1615,srtm_band_mask_rescaled_to_vector_area,30,2026-09-08T06:55:17+00:00
G077176E41849N,upper_syr_darya,syr_darya,gte_4000,4000,,0.093954,42.8385,srtm_band_mask_rescaled_to_vector_area,30,2026-09-08T06:55:17+00:00
G077176E41924N,upper_syr_darya,syr_darya,3000_4000,3000,4000,0.000016,0.0913,srtm_band_mask_rescaled_to_vector_area,30,2026-09-08T06:55:17+00:00
G077176E41924N,upper_syr_darya,syr_darya,gte_4000,4000,,0.017204,99.9087,srtm_band_mask_rescaled_to_vector_area,30,2026-09-08T06:55:17+00:00
G077177E41703N,upper_syr_darya,syr_darya,3000_4000,3000,4000,0.000734,1.1019,srtm_band_mask_rescaled_to_vector_area,30,2026-09-08T06:55:17+00:00
G077177E41703N,upper_syr_darya,syr_darya,gte_4000,4000,,0.065903,98.8981,srtm_band_mask_rescaled_to_vector_area,30,2026-09-08T06:55:17+00:00
G077177E41831N,upper_syr_darya,syr_darya,3000_4000,3000,4000,0.074685,42.2002,srtm_band_mask_rescaled_to_vector_area,30,2026-09-08T06:55:17+00:00
G077177E41831N,upper_syr_darya,syr_darya,gte_4000,4000,,0.102293,57.7998,srtm_band_mask_rescaled_to_vector_area,30,2026-09-08T06:55:17+00:00
G077178E41247N,upper_syr_darya,syr_darya,gte_4000,4000,,0.080113,100.0000,srtm_band_mask_rescaled_to_vector_area,30,2026-09-08T06:55:17+00:00
G077178E41260N,upper_syr_darya,syr_darya,gte_4000,4000,,0.156646,100.0000,srtm_band_mask_rescaled_to_vector_area,30,2026-09-08T06:55:17+00:00
G077178E41434N,upper_syr_darya,syr_darya,gte_4000,4000,,0.017009,100.0000,srtm_band_mask_rescaled_to_vector_area,30,2026-09-08T06:55:17+00:00
G077178E41584N,upper_syr_darya,syr_darya,gte_4000,4000,,0.280599,100.0000,srtm_band_mask_rescaled_to_vector_area,30,2026-09-08T06:55:17+00:00
G077178E41711N,upper_syr_darya,syr_darya,3000_4000,3000,4000,0.168131,43.9148,srtm_band_mask_rescaled_to_vector_area,30,2026-09-08T06:55:17+00:00
G077178E41711N,upper_syr_darya,syr_darya,gte_4000,4000,,0.214727,56.0852,srtm_band_mask_rescaled_to_vector_area,30,2026-09-08T06:55:17+00:00
G077178E41841N,upper_syr_darya,syr_darya,gte_4000,4000,,0.086102,100.0000,srtm_band_mask_rescaled_to_vector_area,30,2026-09-08T06:55:17+00:00
G077179E41276N,upper_syr_darya,syr_darya,gte_4000,4000,,0.094572,100.0000,srtm_band_mask_rescaled_to_vector_area,30,2026-09-08T06:55:17+00:00
G077179E41379N,upper_syr_darya,syr_darya,3000_4000,3000,4000,0.013699,19.4464,srtm_band_mask_rescaled_to_vector_area,30,2026-09-08T06:55:17+00:00
G077179E41379N,upper_syr_darya,syr_darya,gte_4000,4000,,0.056745,80.5536,srtm_band_mask_rescaled_to_vector_area,30,2026-09-08T06:55:17+00:00
G077179E41565N,upper_syr_darya,syr_darya,gte_4000,4000,,0.172054,100.0000,srtm_band_mask_rescaled_to_vector_area,30,2026-09-08T06:55:17+00:00
G077180E41243N,upper_syr_darya,syr_darya,gte_4000,4000,,0.075856,100.0000,srtm_band_mask_rescaled_to_vector_area,30,2026-09-08T06:55:17+00:00
G077180E41915N,upper_syr_darya,syr_darya,3000_4000,3000,4000,0.085022,37.0195,srtm_band_mask_rescaled_to_vector_area,30,2026-09-08T06:55:17+00:00
G077180E41915N,upper_syr_darya,syr_darya,gte_4000,4000,,0.144646,62.9805,srtm_band_mask_rescaled_to_vector_area,30,2026-09-08T06:55:17+00:00
G077180E41926N,upper_syr_darya,syr_darya,gte_4000,4000,,0.059550,100.0000,srtm_band_mask_rescaled_to_vector_area,30,2026-09-08T06:55:17+00:00
G077181E41279N,upper_syr_darya,syr_darya,gte_4000,4000,,0.096089,100.0000,srtm_band_mask_rescaled_to_vector_area,30,2026-09-08T06:55:17+00:00
G077181E41821N,upper_syr_darya,syr_darya,3000_4000,3000,4000,0.176605,100.0000,srtm_band_mask_rescaled_to_vector_area,30,2026-09-08T06:55:17+00:00
G077181E41846N,upper_syr_darya,syr_darya,3000_4000,3000,4000,0.303457,62.8340,srtm_band_mask_rescaled_to_vector_area,30,2026-09-08T06:55:17+00:00
G077181E41846N,upper_syr_darya,syr_darya,gte_4000,4000,,0.179494,37.1660,srtm_band_mask_rescaled_to_vector_area,30,2026-09-08T06:55:17+00:00
G077181E41943N,upper_syr_darya,syr_darya,3000_4000,3000,4000,0.078734,6.3175,srtm_band_mask_rescaled_to_vector_area,30,2026-09-08T06:55:17+00:00
G077181E41943N,upper_syr_darya,syr_darya,gte_4000,4000,,1.167558,93.6825,srtm_band_mask_rescaled_to_vector_area,30,2026-09-08T06:55:17+00:00
G077182E41268N,upper_syr_darya,syr_darya,gte_4000,4000,,0.271581,100.0000,srtm_band_mask_rescaled_to_vector_area,30,2026-09-08T06:55:17+00:00
G077182E41542N,upper_syr_darya,syr_darya,3000_4000,3000,4000,0.035048,9.1284,srtm_band_mask_rescaled_to_vector_area,30,2026-09-08T06:55:17+00:00
G077182E41542N,upper_syr_darya,syr_darya,gte_4000,4000,,0.348901,90.8716,srtm_band_mask_rescaled_to_vector_area,30,2026-09-08T06:55:17+00:00
G077182E41933N,upper_syr_darya,syr_darya,gte_4000,4000,,0.119365,100.0000,srtm_band_mask_rescaled_to_vector_area,30,2026-09-08T06:55:17+00:00
G077183E41434N,upper_syr_darya,syr_darya,gte_4000,4000,,0.054449,100.0000,srtm_band_mask_rescaled_to_vector_area,30,2026-09-08T06:55:17+00:00
G077184E41282N,upper_syr_darya,syr_darya,3000_4000,3000,4000,0.104293,43.5517,srtm_band_mask_rescaled_to_vector_area,30,2026-09-08T06:55:17+00:00
G077184E41282N,upper_syr_darya,syr_darya,gte_4000,4000,,0.135176,56.4483,srtm_band_mask_rescaled_to_vector_area,30,2026-09-08T06:55:17+00:00
G077184E41342N,upper_syr_darya,syr_darya,3000_4000,3000,4000,0.017554,4.9883,srtm_band_mask_rescaled_to_vector_area,30,2026-09-08T06:55:17+00:00
G077184E41342N,upper_syr_darya,syr_darya,gte_4000,4000,,0.334353,95.0117,srtm_band_mask_rescaled_to_vector_area,30,2026-09-08T06:55:17+00:00
G077184E41542N,upper_syr_darya,syr_darya,3000_4000,3000,4000,0.067154,9.1537,srtm_band_mask_rescaled_to_vector_area,30,2026-09-08T06:55:17+00:00
G077184E41542N,upper_syr_darya,syr_darya,gte_4000,4000,,0.666469,90.8463,srtm_band_mask_rescaled_to_vector_area,30,2026-09-08T06:55:17+00:00
G077184E41596N,upper_syr_darya,syr_darya,3000_4000,3000,4000,0.439886,41.6328,srtm_band_mask_rescaled_to_vector_area,30,2026-09-08T06:55:17+00:00
G077184E41596N,upper_syr_darya,syr_darya,gte_4000,4000,,0.616698,58.3672,srtm_band_mask_rescaled_to_vector_area,30,2026-09-08T06:55:17+00:00
G077185E41378N,upper_syr_darya,syr_darya,3000_4000,3000,4000,0.008318,3.2916,srtm_band_mask_rescaled_to_vector_area,30,2026-09-08T06:55:17+00:00
G077185E41378N,upper_syr_darya,syr_darya,gte_4000,4000,,0.244388,96.7084,srtm_band_mask_rescaled_to_vector_area,30,2026-09-08T06:55:17+00:00
G077186E41434N,upper_syr_darya,syr_darya,gte_4000,4000,,0.031526,100.0000,srtm_band_mask_rescaled_to_vector_area,30,2026-09-08T06:55:17+00:00
G077186E41827N,upper_syr_darya,syr_darya,3000_4000,3000,4000,0.047313,19.2394,srtm_band_mask_rescaled_to_vector_area,30,2026-09-08T06:55:17+00:00
G077186E41827N,upper_syr_darya,syr_darya,gte_4000,4000,,0.198603,80.7606,srtm_band_mask_rescaled_to_vector_area,30,2026-09-08T06:55:17+00:00
G077188E41266N,upper_syr_darya,syr_darya,3000_4000,3000,4000,0.005649,1.5362,srtm_band_mask_rescaled_to_vector_area,30,2026-09-08T06:55:17+00:00
G077188E41266N,upper_syr_darya,syr_darya,gte_4000,4000,,0.362091,98.4638,srtm_band_mask_rescaled_to_vector_area,30,2026-09-08T06:55:17+00:00
G077188E41390N,upper_syr_darya,syr_darya,3000_4000,3000,4000,0.000085,0.0938,srtm_band_mask_rescaled_to_vector_area,30,2026-09-08T06:55:17+00:00
G077188E41390N,upper_syr_darya,syr_darya,gte_4000,4000,,0.090157,99.9062,srtm_band_mask_rescaled_to_vector_area,30,2026-09-08T06:55:17+00:00
G077189E41254N,upper_syr_darya,syr_darya,3000_4000,3000,4000,0.005686,0.3422,srtm_band_mask_rescaled_to_vector_area,30,2026-09-08T06:55:17+00:00
G077189E41254N,upper_syr_darya,syr_darya,gte_4000,4000,,1.656124,99.6578,srtm_band_mask_rescaled_to_vector_area,30,2026-09-08T06:55:17+00:00
G077189E41384N,upper_syr_darya,syr_darya,gte_4000,4000,,0.110522,100.0000,srtm_band_mask_rescaled_to_vector_area,30,2026-09-08T06:55:17+00:00
G077190E41936N,upper_syr_darya,syr_darya,gte_4000,4000,,0.378907,100.0000,srtm_band_mask_rescaled_to_vector_area,30,2026-09-08T06:55:17+00:00
G077191E41347N,upper_syr_darya,syr_darya,gte_4000,4000,,0.050108,100.0000,srtm_band_mask_rescaled_to_vector_area,30,2026-09-08T06:55:17+00:00
G077191E41541N,upper_syr_darya,syr_darya,3000_4000,3000,4000,0.032116,11.4326,srtm_band_mask_rescaled_to_vector_area,30,2026-09-08T06:55:17+00:00
G077191E41541N,upper_syr_darya,syr_darya,gte_4000,4000,,0.248802,88.5674,srtm_band_mask_rescaled_to_vector_area,30,2026-09-08T06:55:17+00:00
G077191E41593N,upper_syr_darya,syr_darya,3000_4000,3000,4000,0.272141,23.2209,srtm_band_mask_rescaled_to_vector_area,30,2026-09-08T06:55:17+00:00
G077191E41593N,upper_syr_darya,syr_darya,gte_4000,4000,,0.899826,76.7791,srtm_band_mask_rescaled_to_vector_area,30,2026-09-08T06:55:17+00:00
G077191E41836N,upper_syr_darya,syr_darya,3000_4000,3000,4000,1.771799,73.7940,srtm_band_mask_rescaled_to_vector_area,30,2026-09-08T06:55:17+00:00
G077191E41836N,upper_syr_darya,syr_darya,gte_4000,4000,,0.629209,26.2060,srtm_band_mask_rescaled_to_vector_area,30,2026-09-08T06:55:17+00:00
G077192E41687N,upper_syr_darya,syr_darya,gte_4000,4000,,0.226124,100.0000,srtm_band_mask_rescaled_to_vector_area,30,2026-09-08T06:55:17+00:00
G077192E41693N,upper_syr_darya,syr_darya,3000_4000,3000,4000,0.023214,4.9876,srtm_band_mask_rescaled_to_vector_area,30,2026-09-08T06:55:17+00:00
G077192E41693N,upper_syr_darya,syr_darya,gte_4000,4000,,0.442228,95.0124,srtm_band_mask_rescaled_to_vector_area,30,2026-09-08T06:55:17+00:00
G077192E41705N,upper_syr_darya,syr_darya,gte_4000,4000,,0.070446,100.0000,srtm_band_mask_rescaled_to_vector_area,30,2026-09-08T06:55:17+00:00
G077195E41284N,upper_syr_darya,syr_darya,3000_4000,3000,4000,0.014042,9.6745,srtm_band_mask_rescaled_to_vector_area,30,2026-09-08T06:55:17+00:00
G077195E41284N,upper_syr_darya,syr_darya,gte_4000,4000,,0.131101,90.3255,srtm_band_mask_rescaled_to_vector_area,30,2026-09-08T06:55:17+00:00
G077195E41565N,upper_syr_darya,syr_darya,gte_4000,4000,,0.745188,100.0000,srtm_band_mask_rescaled_to_vector_area,30,2026-09-08T06:55:17+00:00
G077195E41940N,upper_syr_darya,syr_darya,gte_4000,4000,,0.130188,100.0000,srtm_band_mask_rescaled_to_vector_area,30,2026-09-08T06:55:17+00:00
G077196E41700N,upper_syr_darya,syr_darya,gte_4000,4000,,0.133021,100.0000,srtm_band_mask_rescaled_to_vector_area,30,2026-09-08T06:55:17+00:00
G077197E41436N,upper_syr_darya,syr_darya,3000_4000,3000,4000,0.006503,9.6610,srtm_band_mask_rescaled_to_vector_area,30,2026-09-08T06:55:17+00:00
G077197E41436N,upper_syr_darya,syr_darya,gte_4000,4000,,0.060812,90.3390,srtm_band_mask_rescaled_to_vector_area,30,2026-09-08T06:55:17+00:00
G077197E41706N,upper_syr_darya,syr_darya,3000_4000,3000,4000,0.244845,45.3945,srtm_band_mask_rescaled_to_vector_area,30,2026-09-08T06:55:17+00:00
G077197E41706N,upper_syr_darya,syr_darya,gte_4000,4000,,0.294526,54.6055,srtm_band_mask_rescaled_to_vector_area,30,2026-09-08T06:55:17+00:00
G077200E41251N,upper_syr_darya,syr_darya,3000_4000,3000,4000,0.016504,2.0966,srtm_band_mask_rescaled_to_vector_area,30,2026-09-08T06:55:17+00:00
G077200E41251N,upper_syr_darya,syr_darya,gte_4000,4000,,0.770671,97.9034,srtm_band_mask_rescaled_to_vector_area,30,2026-09-08T06:55:17+00:00
G077200E41293N,upper_syr_darya,syr_darya,3000_4000,3000,4000,0.074773,39.6295,srtm_band_mask_rescaled_to_vector_area,30,2026-09-08T06:55:17+00:00
G077200E41293N,upper_syr_darya,syr_darya,gte_4000,4000,,0.113907,60.3705,srtm_band_mask_rescaled_to_vector_area,30,2026-09-08T06:55:17+00:00
G077200E41350N,upper_syr_darya,syr_darya,gte_4000,4000,,0.180382,100.0000,srtm_band_mask_rescaled_to_vector_area,30,2026-09-08T06:55:17+00:00
G077200E41695N,upper_syr_darya,syr_darya,gte_4000,4000,,0.159513,100.0000,srtm_band_mask_rescaled_to_vector_area,30,2026-09-08T06:55:17+00:00
G077200E41809N,upper_syr_darya,syr_darya,3000_4000,3000,4000,0.054366,45.9042,srtm_band_mask_rescaled_to_vector_area,30,2026-09-08T06:55:17+00:00
G077200E41809N,upper_syr_darya,syr_darya,gte_4000,4000,,0.064067,54.0958,srtm_band_mask_rescaled_to_vector_area,30,2026-09-08T06:55:17+00:00
G077202E41436N,upper_syr_darya,syr_darya,3000_4000,3000,4000,0.005760,5.1847,srtm_band_mask_rescaled_to_vector_area,30,2026-09-08T06:55:17+00:00
G077202E41436N,upper_syr_darya,syr_darya,gte_4000,4000,,0.105340,94.8153,srtm_band_mask_rescaled_to_vector_area,30,2026-09-08T06:55:17+00:00
G077203E41383N,upper_syr_darya,syr_darya,3000_4000,3000,4000,0.048732,8.7750,srtm_band_mask_rescaled_to_vector_area,30,2026-09-08T06:55:17+00:00
G077203E41383N,upper_syr_darya,syr_darya,gte_4000,4000,,0.506625,91.2250,srtm_band_mask_rescaled_to_vector_area,30,2026-09-08T06:55:17+00:00
G077203E41932N,upper_syr_darya,syr_darya,gte_4000,4000,,0.459346,100.0000,srtm_band_mask_rescaled_to_vector_area,30,2026-09-08T06:55:17+00:00
G077204E41358N,upper_syr_darya,syr_darya,gte_4000,4000,,0.066565,100.0000,srtm_band_mask_rescaled_to_vector_area,30,2026-09-08T06:55:17+00:00
G077205E41820N,upper_syr_darya,syr_darya,3000_4000,3000,4000,0.102117,22.8707,srtm_band_mask_rescaled_to_vector_area,30,2026-09-08T06:55:17+00:00
G077205E41820N,upper_syr_darya,syr_darya,gte_4000,4000,,0.344379,77.1293,srtm_band_mask_rescaled_to_vector_area,30,2026-09-08T06:55:17+00:00
G077206E41364N,upper_syr_darya,syr_darya,gte_4000,4000,,0.118518,100.0000,srtm_band_mask_rescaled_to_vector_area,30,2026-09-08T06:55:17+00:00
G077206E41702N,upper_syr_darya,syr_darya,3000_4000,3000,4000,0.024900,3.7438,srtm_band_mask_rescaled_to_vector_area,30,2026-09-08T06:55:17+00:00
G077206E41702N,upper_syr_darya,syr_darya,gte_4000,4000,,0.640207,96.2562,srtm_band_mask_rescaled_to_vector_area,30,2026-09-08T06:55:17+00:00
G077206E41835N,upper_syr_darya,syr_darya,3000_4000,3000,4000,1.235021,64.1826,srtm_band_mask_rescaled_to_vector_area,30,2026-09-08T06:55:17+00:00
G077206E41835N,upper_syr_darya,syr_darya,gte_4000,4000,,0.689208,35.8174,srtm_band_mask_rescaled_to_vector_area,30,2026-09-08T06:55:17+00:00
G077207E41546N,upper_syr_darya,syr_darya,3000_4000,3000,4000,0.003011,0.4339,srtm_band_mask_rescaled_to_vector_area,30,2026-09-08T06:55:17+00:00
G077207E41546N,upper_syr_darya,syr_darya,gte_4000,4000,,0.690914,99.5661,srtm_band_mask_rescaled_to_vector_area,30,2026-09-08T06:55:17+00:00
G077207E41563N,upper_syr_darya,syr_darya,gte_4000,4000,,0.122226,100.0000,srtm_band_mask_rescaled_to_vector_area,30,2026-09-08T06:55:17+00:00
G077208E41435N,upper_syr_darya,syr_darya,3000_4000,3000,4000,0.044937,18.3546,srtm_band_mask_rescaled_to_vector_area,30,2026-09-08T06:55:17+00:00
G077208E41435N,upper_syr_darya,syr_darya,gte_4000,4000,,0.199890,81.6454,srtm_band_mask_rescaled_to_vector_area,30,2026-09-08T06:55:17+00:00
G077208E41710N,upper_syr_darya,syr_darya,gte_4000,4000,,0.020302,100.0000,srtm_band_mask_rescaled_to_vector_area,30,2026-09-08T06:55:17+00:00
G077209E41698N,upper_syr_darya,syr_darya,gte_4000,4000,,0.081900,100.0000,srtm_band_mask_rescaled_to_vector_area,30,2026-09-08T06:55:17+00:00
G077210E41366N,upper_syr_darya,syr_darya,gte_4000,4000,,0.022094,100.0000,srtm_band_mask_rescaled_to_vector_area,30,2026-09-08T06:55:17+00:00
G077211E41394N,upper_syr_darya,syr_darya,gte_4000,4000,,0.053305,100.0000,srtm_band_mask_rescaled_to_vector_area,30,2026-09-08T06:55:17+00:00
G077212E41351N,upper_syr_darya,syr_darya,gte_4000,4000,,0.101377,100.0000,srtm_band_mask_rescaled_to_vector_area,30,2026-09-08T06:55:17+00:00
G077212E41386N,upper_syr_darya,syr_darya,gte_4000,4000,,0.285398,100.0000,srtm_band_mask_rescaled_to_vector_area,30,2026-09-08T06:55:17+00:00
G077212E41578N,upper_syr_darya,syr_darya,3000_4000,3000,4000,1.388820,16.2587,srtm_band_mask_rescaled_to_vector_area,30,2026-09-08T06:55:17+00:00
G077212E41578N,upper_syr_darya,syr_darya,gte_4000,4000,,7.153169,83.7413,srtm_band_mask_rescaled_to_vector_area,30,2026-09-08T06:55:17+00:00
G077213E41371N,upper_syr_darya,syr_darya,3000_4000,3000,4000,0.006715,1.7143,srtm_band_mask_rescaled_to_vector_area,30,2026-09-08T06:55:17+00:00
G077213E41371N,upper_syr_darya,syr_darya,gte_4000,4000,,0.384962,98.2857,srtm_band_mask_rescaled_to_vector_area,30,2026-09-08T06:55:17+00:00
G077215E41562N,upper_syr_darya,syr_darya,gte_4000,4000,,0.466333,100.0000,srtm_band_mask_rescaled_to_vector_area,30,2026-09-08T06:55:17+00:00
G077215E41709N,upper_syr_darya,syr_darya,3000_4000,3000,4000,0.040430,35.3637,srtm_band_mask_rescaled_to_vector_area,30,2026-09-08T06:55:17+00:00
G077215E41709N,upper_syr_darya,syr_darya,gte_4000,4000,,0.073896,64.6363,srtm_band_mask_rescaled_to_vector_area,30,2026-09-08T06:55:17+00:00
G077215E41847N,upper_syr_darya,syr_darya,3000_4000,3000,4000,0.063905,70.1194,srtm_band_mask_rescaled_to_vector_area,30,2026-09-08T06:55:17+00:00
G077215E41847N,upper_syr_darya,syr_darya,gte_4000,4000,,0.027233,29.8806,srtm_band_mask_rescaled_to_vector_area,30,2026-09-08T06:55:17+00:00
G077216E41257N,upper_syr_darya,syr_darya,3000_4000,3000,4000,0.038358,2.7457,srtm_band_mask_rescaled_to_vector_area,30,2026-09-08T06:55:17+00:00
G077216E41257N,upper_syr_darya,syr_darya,gte_4000,4000,,1.358695,97.2543,srtm_band_mask_rescaled_to_vector_area,30,2026-09-08T06:55:17+00:00
G077216E41301N,upper_syr_darya,syr_darya,gte_4000,4000,,0.095286,100.0000,srtm_band_mask_rescaled_to_vector_area,30,2026-09-08T06:55:17+00:00
G077216E41836N,upper_syr_darya,syr_darya,3000_4000,3000,4000,0.017245,60.0747,srtm_band_mask_rescaled_to_vector_area,30,2026-09-08T06:55:17+00:00
G077216E41836N,upper_syr_darya,syr_darya,gte_4000,4000,,0.011461,39.9253,srtm_band_mask_rescaled_to_vector_area,30,2026-09-08T06:55:17+00:00
G077217E41438N,upper_syr_darya,syr_darya,gte_4000,4000,,0.037342,100.0000,srtm_band_mask_rescaled_to_vector_area,30,2026-09-08T06:55:17+00:00
G077218E41434N,upper_syr_darya,syr_darya,gte_4000,4000,,0.091284,100.0000,srtm_band_mask_rescaled_to_vector_area,30,2026-09-08T06:55:17+00:00
G077218E41555N,upper_syr_darya,syr_darya,gte_4000,4000,,0.067051,100.0000,srtm_band_mask_rescaled_to_vector_area,30,2026-09-08T06:55:17+00:00
G077219E41304N,upper_syr_darya,syr_darya,3000_4000,3000,4000,0.000674,2.3971,srtm_band_mask_rescaled_to_vector_area,30,2026-09-08T06:55:17+00:00
G077219E41304N,upper_syr_darya,syr_darya,gte_4000,4000,,0.027447,97.6029,srtm_band_mask_rescaled_to_vector_area,30,2026-09-08T06:55:17+00:00
G077220E41824N,upper_syr_darya,syr_darya,3000_4000,3000,4000,1.549846,75.0347,srtm_band_mask_rescaled_to_vector_area,30,2026-09-08T06:55:17+00:00
G077220E41824N,upper_syr_darya,syr_darya,gte_4000,4000,,0.515660,24.9653,srtm_band_mask_rescaled_to_vector_area,30,2026-09-08T06:55:17+00:00
G077220E41924N,upper_syr_darya,syr_darya,gte_4000,4000,,0.087362,100.0000,srtm_band_mask_rescaled_to_vector_area,30,2026-09-08T06:55:17+00:00
G077220E41948N,upper_syr_darya,syr_darya,3000_4000,3000,4000,2.585220,35.7831,srtm_band_mask_rescaled_to_vector_area,30,2026-09-08T06:55:17+00:00
G077220E41948N,upper_syr_darya,syr_darya,gte_4000,4000,,4.639486,64.2169,srtm_band_mask_rescaled_to_vector_area,30,2026-09-08T06:55:17+00:00
G077221E41443N,upper_syr_darya,syr_darya,3000_4000,3000,4000,0.011977,4.0113,srtm_band_mask_rescaled_to_vector_area,30,2026-09-08T06:55:17+00:00
G077221E41443N,upper_syr_darya,syr_darya,gte_4000,4000,,0.286595,95.9887,srtm_band_mask_rescaled_to_vector_area,30,2026-09-08T06:55:17+00:00
G077221E41544N,upper_syr_darya,syr_darya,gte_4000,4000,,0.077371,100.0000,srtm_band_mask_rescaled_to_vector_area,30,2026-09-08T06:55:17+00:00
G077222E41556N,upper_syr_darya,syr_darya,gte_4000,4000,,0.379639,100.0000,srtm_band_mask_rescaled_to_vector_area,30,2026-09-08T06:55:17+00:00
G077223E41557N,upper_syr_darya,syr_darya,gte_4000,4000,,0.423733,100.0000,srtm_band_mask_rescaled_to_vector_area,30,2026-09-08T06:55:17+00:00
G077223E41594N,upper_syr_darya,syr_darya,gte_4000,4000,,0.147104,100.0000,srtm_band_mask_rescaled_to_vector_area,30,2026-09-08T06:55:17+00:00
G077224E41272N,upper_syr_darya,syr_darya,gte_4000,4000,,0.074216,100.0000,srtm_band_mask_rescaled_to_vector_area,30,2026-09-08T06:55:17+00:00
G077224E41377N,upper_syr_darya,syr_darya,3000_4000,3000,4000,0.184441,23.2076,srtm_band_mask_rescaled_to_vector_area,30,2026-09-08T06:55:17+00:00
G077224E41377N,upper_syr_darya,syr_darya,gte_4000,4000,,0.610301,76.7924,srtm_band_mask_rescaled_to_vector_area,30,2026-09-08T06:55:17+00:00
G077224E41561N,upper_syr_darya,syr_darya,gte_4000,4000,,0.051598,100.0000,srtm_band_mask_rescaled_to_vector_area,30,2026-09-08T06:55:17+00:00
G077224E41723N,upper_syr_darya,syr_darya,3000_4000,3000,4000,0.001301,6.5936,srtm_band_mask_rescaled_to_vector_area,30,2026-09-08T06:55:17+00:00
G077224E41723N,upper_syr_darya,syr_darya,gte_4000,4000,,0.018427,93.4064,srtm_band_mask_rescaled_to_vector_area,30,2026-09-08T06:55:17+00:00
G077225E41260N,upper_syr_darya,syr_darya,gte_4000,4000,,0.031018,100.0000,srtm_band_mask_rescaled_to_vector_area,30,2026-09-08T06:55:17+00:00
G077225E41270N,upper_syr_darya,syr_darya,gte_4000,4000,,0.087614,100.0000,srtm_band_mask_rescaled_to_vector_area,30,2026-09-08T06:55:17+00:00
G077226E41265N,upper_syr_darya,syr_darya,gte_4000,4000,,0.052492,100.0000,srtm_band_mask_rescaled_to_vector_area,30,2026-09-08T06:55:17+00:00
G077226E41608N,upper_syr_darya,syr_darya,gte_4000,4000,,0.027804,100.0000,srtm_band_mask_rescaled_to_vector_area,30,2026-09-08T06:55:17+00:00
G077226E41721N,upper_syr_darya,syr_darya,gte_4000,4000,,0.014393,100.0000,srtm_band_mask_rescaled_to_vector_area,30,2026-09-08T06:55:17+00:00
G077227E41440N,upper_syr_darya,syr_darya,gte_4000,4000,,0.180009,100.0000,srtm_band_mask_rescaled_to_vector_area,30,2026-09-08T06:55:17+00:00
G077228E41602N,upper_syr_darya,syr_darya,3000_4000,3000,4000,0.020147,9.5494,srtm_band_mask_rescaled_to_vector_area,30,2026-09-08T06:55:17+00:00
G077228E41602N,upper_syr_darya,syr_darya,gte_4000,4000,,0.190826,90.4506,srtm_band_mask_rescaled_to_vector_area,30,2026-09-08T06:55:17+00:00
G077228E41821N,upper_syr_darya,syr_darya,3000_4000,3000,4000,0.022035,34.6906,srtm_band_mask_rescaled_to_vector_area,30,2026-09-08T06:55:17+00:00
G077228E41821N,upper_syr_darya,syr_darya,gte_4000,4000,,0.041484,65.3094,srtm_band_mask_rescaled_to_vector_area,30,2026-09-08T06:55:17+00:00
G077229E41274N,upper_syr_darya,syr_darya,3000_4000,3000,4000,0.047005,12.2755,srtm_band_mask_rescaled_to_vector_area,30,2026-09-08T06:55:17+00:00
G077229E41274N,upper_syr_darya,syr_darya,gte_4000,4000,,0.335911,87.7245,srtm_band_mask_rescaled_to_vector_area,30,2026-09-08T06:55:17+00:00
G077229E41592N,upper_syr_darya,syr_darya,gte_4000,4000,,0.346286,100.0000,srtm_band_mask_rescaled_to_vector_area,30,2026-09-08T06:55:17+00:00
G077230E41721N,upper_syr_darya,syr_darya,3000_4000,3000,4000,0.104874,35.0387,srtm_band_mask_rescaled_to_vector_area,30,2026-09-08T06:55:17+00:00
G077230E41721N,upper_syr_darya,syr_darya,gte_4000,4000,,0.194435,64.9613,srtm_band_mask_rescaled_to_vector_area,30,2026-09-08T06:55:17+00:00
G077231E41678N,upper_syr_darya,syr_darya,3000_4000,3000,4000,0.004165,11.0822,srtm_band_mask_rescaled_to_vector_area,30,2026-09-08T06:55:17+00:00
G077231E41678N,upper_syr_darya,syr_darya,gte_4000,4000,,0.033417,88.9178,srtm_band_mask_rescaled_to_vector_area,30,2026-09-08T06:55:17+00:00
G077231E41703N,upper_syr_darya,syr_darya,3000_4000,3000,4000,0.024747,7.3292,srtm_band_mask_rescaled_to_vector_area,30,2026-09-08T06:55:17+00:00
G077231E41703N,upper_syr_darya,syr_darya,gte_4000,4000,,0.312901,92.6708,srtm_band_mask_rescaled_to_vector_area,30,2026-09-08T06:55:17+00:00
G077232E41375N,upper_syr_darya,syr_darya,3000_4000,3000,4000,0.000029,0.0127,srtm_band_mask_rescaled_to_vector_area,30,2026-09-08T06:55:17+00:00
G077232E41375N,upper_syr_darya,syr_darya,gte_4000,4000,,0.228463,99.9873,srtm_band_mask_rescaled_to_vector_area,30,2026-09-08T06:55:17+00:00
G077232E41708N,upper_syr_darya,syr_darya,3000_4000,3000,4000,0.000111,0.0619,srtm_band_mask_rescaled_to_vector_area,30,2026-09-08T06:55:17+00:00
G077232E41708N,upper_syr_darya,syr_darya,gte_4000,4000,,0.178740,99.9381,srtm_band_mask_rescaled_to_vector_area,30,2026-09-08T06:55:17+00:00
G077232E41830N,upper_syr_darya,syr_darya,3000_4000,3000,4000,0.104081,26.6769,srtm_band_mask_rescaled_to_vector_area,30,2026-09-08T06:55:17+00:00
G077232E41830N,upper_syr_darya,syr_darya,gte_4000,4000,,0.286072,73.3231,srtm_band_mask_rescaled_to_vector_area,30,2026-09-08T06:55:17+00:00
G077232E41935N,upper_syr_darya,syr_darya,gte_4000,4000,,0.050543,100.0000,srtm_band_mask_rescaled_to_vector_area,30,2026-09-08T06:55:17+00:00
G077233E41246N,upper_syr_darya,syr_darya,gte_4000,4000,,0.188273,100.0000,srtm_band_mask_rescaled_to_vector_area,30,2026-09-08T06:55:17+00:00
G077233E41820N,upper_syr_darya,syr_darya,3000_4000,3000,4000,0.088643,43.1908,srtm_band_mask_rescaled_to_vector_area,30,2026-09-08T06:55:17+00:00
G077233E41820N,upper_syr_darya,syr_darya,gte_4000,4000,,0.116592,56.8092,srtm_band_mask_rescaled_to_vector_area,30,2026-09-08T06:55:17+00:00
G077234E41268N,upper_syr_darya,syr_darya,gte_4000,4000,,0.408166,100.0000,srtm_band_mask_rescaled_to_vector_area,30,2026-09-08T06:55:17+00:00
G077234E41437N,upper_syr_darya,syr_darya,3000_4000,3000,4000,0.007549,4.2807,srtm_band_mask_rescaled_to_vector_area,30,2026-09-08T06:55:17+00:00
G077234E41437N,upper_syr_darya,syr_darya,gte_4000,4000,,0.168797,95.7193,srtm_band_mask_rescaled_to_vector_area,30,2026-09-08T06:55:17+00:00
G077235E41274N,upper_syr_darya,syr_darya,gte_4000,4000,,0.052079,100.0000,srtm_band_mask_rescaled_to_vector_area,30,2026-09-08T06:55:17+00:00
G077235E41935N,upper_syr_darya,syr_darya,gte_4000,4000,,0.019888,100.0000,srtm_band_mask_rescaled_to_vector_area,30,2026-09-08T06:55:17+00:00
G077236E41719N,upper_syr_darya,syr_darya,3000_4000,3000,4000,0.103834,30.3336,srtm_band_mask_rescaled_to_vector_area,30,2026-09-08T06:55:17+00:00
G077236E41719N,upper_syr_darya,syr_darya,gte_4000,4000,,0.238472,69.6664,srtm_band_mask_rescaled_to_vector_area,30,2026-09-08T06:55:17+00:00
G077237E41585N,upper_syr_darya,syr_darya,3000_4000,3000,4000,0.059755,6.4386,srtm_band_mask_rescaled_to_vector_area,30,2026-09-08T06:55:17+00:00
G077237E41585N,upper_syr_darya,syr_darya,gte_4000,4000,,0.868317,93.5614,srtm_band_mask_rescaled_to_vector_area,30,2026-09-08T06:55:17+00:00
G077237E41805N,upper_syr_darya,syr_darya,3000_4000,3000,4000,0.108486,46.9015,srtm_band_mask_rescaled_to_vector_area,30,2026-09-08T06:55:17+00:00
G077237E41805N,upper_syr_darya,syr_darya,gte_4000,4000,,0.122821,53.0985,srtm_band_mask_rescaled_to_vector_area,30,2026-09-08T06:55:17+00:00
G077238E41375N,upper_syr_darya,syr_darya,3000_4000,3000,4000,0.173670,41.5495,srtm_band_mask_rescaled_to_vector_area,30,2026-09-08T06:55:17+00:00
G077238E41375N,upper_syr_darya,syr_darya,gte_4000,4000,,0.244314,58.4505,srtm_band_mask_rescaled_to_vector_area,30,2026-09-08T06:55:17+00:00
G077238E41679N,upper_syr_darya,syr_darya,3000_4000,3000,4000,0.015323,11.6013,srtm_band_mask_rescaled_to_vector_area,30,2026-09-08T06:55:17+00:00
G077238E41679N,upper_syr_darya,syr_darya,gte_4000,4000,,0.116758,88.3987,srtm_band_mask_rescaled_to_vector_area,30,2026-09-08T06:55:17+00:00
G077238E41712N,upper_syr_darya,syr_darya,gte_4000,4000,,0.093157,100.0000,srtm_band_mask_rescaled_to_vector_area,30,2026-09-08T06:55:17+00:00
G077239E41567N,upper_syr_darya,syr_darya,gte_4000,4000,,0.313550,100.0000,srtm_band_mask_rescaled_to_vector_area,30,2026-09-08T06:55:17+00:00
G077241E41941N,upper_syr_darya,syr_darya,gte_4000,4000,,0.091648,100.0000,srtm_band_mask_rescaled_to_vector_area,30,2026-09-08T06:55:17+00:00
G077242E41434N,upper_syr_darya,syr_darya,3000_4000,3000,4000,0.040353,15.0218,srtm_band_mask_rescaled_to_vector_area,30,2026-09-08T06:55:17+00:00
G077242E41434N,upper_syr_darya,syr_darya,gte_4000,4000,,0.228275,84.9782,srtm_band_mask_rescaled_to_vector_area,30,2026-09-08T06:55:17+00:00
G077242E41814N,upper_syr_darya,syr_darya,3000_4000,3000,4000,1.301079,80.7148,srtm_band_mask_rescaled_to_vector_area,30,2026-09-08T06:55:17+00:00
G077242E41814N,upper_syr_darya,syr_darya,gte_4000,4000,,0.310867,19.2852,srtm_band_mask_rescaled_to_vector_area,30,2026-09-08T06:55:17+00:00
G077243E41257N,upper_syr_darya,syr_darya,3000_4000,3000,4000,0.251789,6.4570,srtm_band_mask_rescaled_to_vector_area,30,2026-09-08T06:55:17+00:00
G077243E41257N,upper_syr_darya,syr_darya,gte_4000,4000,,3.647692,93.5430,srtm_band_mask_rescaled_to_vector_area,30,2026-09-08T06:55:17+00:00
G077243E41285N,upper_syr_darya,syr_darya,3000_4000,3000,4000,0.116317,31.8056,srtm_band_mask_rescaled_to_vector_area,30,2026-09-08T06:55:17+00:00
G077243E41285N,upper_syr_darya,syr_darya,gte_4000,4000,,0.249395,68.1944,srtm_band_mask_rescaled_to_vector_area,30,2026-09-08T06:55:17+00:00
G077244E41373N,upper_syr_darya,syr_darya,3000_4000,3000,4000,0.035016,8.2979,srtm_band_mask_rescaled_to_vector_area,30,2026-09-08T06:55:17+00:00
G077244E41373N,upper_syr_darya,syr_darya,gte_4000,4000,,0.386970,91.7021,srtm_band_mask_rescaled_to_vector_area,30,2026-09-08T06:55:17+00:00
G077245E41696N,upper_syr_darya,syr_darya,3000_4000,3000,4000,0.222880,26.9909,srtm_band_mask_rescaled_to_vector_area,30,2026-09-08T06:55:17+00:00
G077245E41696N,upper_syr_darya,syr_darya,gte_4000,4000,,0.602880,73.0091,srtm_band_mask_rescaled_to_vector_area,30,2026-09-08T06:55:17+00:00
G077245E41710N,upper_syr_darya,syr_darya,3000_4000,3000,4000,0.124690,43.1003,srtm_band_mask_rescaled_to_vector_area,30,2026-09-08T06:55:17+00:00
G077245E41710N,upper_syr_darya,syr_darya,gte_4000,4000,,0.164612,56.8997,srtm_band_mask_rescaled_to_vector_area,30,2026-09-08T06:55:17+00:00
G077246E41684N,upper_syr_darya,syr_darya,3000_4000,3000,4000,0.018466,17.3242,srtm_band_mask_rescaled_to_vector_area,30,2026-09-08T06:55:17+00:00
G077246E41684N,upper_syr_darya,syr_darya,gte_4000,4000,,0.088125,82.6758,srtm_band_mask_rescaled_to_vector_area,30,2026-09-08T06:55:17+00:00
G077247E41375N,upper_syr_darya,syr_darya,3000_4000,3000,4000,0.035741,20.9848,srtm_band_mask_rescaled_to_vector_area,30,2026-09-08T06:55:17+00:00
G077247E41375N,upper_syr_darya,syr_darya,gte_4000,4000,,0.134576,79.0152,srtm_band_mask_rescaled_to_vector_area,30,2026-09-08T06:55:17+00:00
G077249E41680N,upper_syr_darya,syr_darya,3000_4000,3000,4000,0.000129,0.2202,srtm_band_mask_rescaled_to_vector_area,30,2026-09-08T06:55:17+00:00
G077249E41680N,upper_syr_darya,syr_darya,gte_4000,4000,,0.058504,99.7798,srtm_band_mask_rescaled_to_vector_area,30,2026-09-08T06:55:17+00:00
G077250E41436N,upper_syr_darya,syr_darya,gte_4000,4000,,0.204075,100.0000,srtm_band_mask_rescaled_to_vector_area,30,2026-09-08T06:55:17+00:00
G077252E41676N,upper_syr_darya,syr_darya,3000_4000,3000,4000,0.010558,18.7226,srtm_band_mask_rescaled_to_vector_area,30,2026-09-08T06:55:17+00:00
G077252E41676N,upper_syr_darya,syr_darya,gte_4000,4000,,0.045835,81.2774,srtm_band_mask_rescaled_to_vector_area,30,2026-09-08T06:55:17+00:00
G077254E41831N,upper_syr_darya,syr_darya,3000_4000,3000,4000,0.013060,17.5205,srtm_band_mask_rescaled_to_vector_area,30,2026-09-08T06:55:17+00:00
G077254E41831N,upper_syr_darya,syr_darya,gte_4000,4000,,0.061480,82.4795,srtm_band_mask_rescaled_to_vector_area,30,2026-09-08T06:55:17+00:00
G077255E41937N,upper_syr_darya,syr_darya,3000_4000,3000,4000,0.117459,8.3491,srtm_band_mask_rescaled_to_vector_area,30,2026-09-08T06:55:17+00:00
G077255E41937N,upper_syr_darya,syr_darya,gte_4000,4000,,1.289380,91.6509,srtm_band_mask_rescaled_to_vector_area,30,2026-09-08T06:55:17+00:00
G077256E41610N,upper_syr_darya,syr_darya,gte_4000,4000,,0.012448,100.0000,srtm_band_mask_rescaled_to_vector_area,30,2026-09-08T06:55:17+00:00
G077257E41439N,upper_syr_darya,syr_darya,3000_4000,3000,4000,0.026519,8.5598,srtm_band_mask_rescaled_to_vector_area,30,2026-09-08T06:55:17+00:00
G077257E41439N,upper_syr_darya,syr_darya,gte_4000,4000,,0.283293,91.4402,srtm_band_mask_rescaled_to_vector_area,30,2026-09-08T06:55:17+00:00
G077257E41580N,upper_syr_darya,syr_darya,3000_4000,3000,4000,0.991579,13.3869,srtm_band_mask_rescaled_to_vector_area,30,2026-09-08T06:55:17+00:00
G077257E41580N,upper_syr_darya,syr_darya,gte_4000,4000,,6.415495,86.6131,srtm_band_mask_rescaled_to_vector_area,30,2026-09-08T06:55:17+00:00
G077258E41255N,upper_syr_darya,syr_darya,gte_4000,4000,,0.092061,100.0000,srtm_band_mask_rescaled_to_vector_area,30,2026-09-08T06:55:17+00:00
G077258E41397N,upper_syr_darya,syr_darya,gte_4000,4000,,0.035755,100.0000,srtm_band_mask_rescaled_to_vector_area,30,2026-09-08T06:55:17+00:00
G077258E41602N,upper_syr_darya,syr_darya,gte_4000,4000,,0.075839,100.0000,srtm_band_mask_rescaled_to_vector_area,30,2026-09-08T06:55:17+00:00
G077258E41821N,upper_syr_darya,syr_darya,3000_4000,3000,4000,0.423185,45.6303,srtm_band_mask_rescaled_to_vector_area,30,2026-09-08T06:55:17+00:00
G077258E41821N,upper_syr_darya,syr_darya,gte_4000,4000,,0.504237,54.3697,srtm_band_mask_rescaled_to_vector_area,30,2026-09-08T06:55:17+00:00
G077259E41596N,upper_syr_darya,syr_darya,gte_4000,4000,,0.120790,100.0000,srtm_band_mask_rescaled_to_vector_area,30,2026-09-08T06:55:17+00:00
G077259E41831N,upper_syr_darya,syr_darya,3000_4000,3000,4000,0.064141,34.7616,srtm_band_mask_rescaled_to_vector_area,30,2026-09-08T06:55:17+00:00
G077259E41831N,upper_syr_darya,syr_darya,gte_4000,4000,,0.120376,65.2384,srtm_band_mask_rescaled_to_vector_area,30,2026-09-08T06:55:17+00:00
G077259E41853N,upper_syr_darya,syr_darya,3000_4000,3000,4000,0.052657,19.4738,srtm_band_mask_rescaled_to_vector_area,30,2026-09-08T06:55:17+00:00
G077259E41853N,upper_syr_darya,syr_darya,gte_4000,4000,,0.217744,80.5262,srtm_band_mask_rescaled_to_vector_area,30,2026-09-08T06:55:17+00:00
G077259E41927N,upper_syr_darya,syr_darya,gte_4000,4000,,0.045576,100.0000,srtm_band_mask_rescaled_to_vector_area,30,2026-09-08T06:55:17+00:00
G077261E41372N,upper_syr_darya,syr_darya,3000_4000,3000,4000,0.107117,21.5674,srtm_band_mask_rescaled_to_vector_area,30,2026-09-08T06:55:17+00:00
G077261E41372N,upper_syr_darya,syr_darya,gte_4000,4000,,0.389544,78.4326,srtm_band_mask_rescaled_to_vector_area,30,2026-09-08T06:55:17+00:00
G077261E41567N,upper_syr_darya,syr_darya,gte_4000,4000,,0.418355,100.0000,srtm_band_mask_rescaled_to_vector_area,30,2026-09-08T06:55:17+00:00
G077262E41356N,upper_syr_darya,syr_darya,gte_4000,4000,,0.025244,100.0000,srtm_band_mask_rescaled_to_vector_area,30,2026-09-08T06:55:17+00:00
G077262E41393N,upper_syr_darya,syr_darya,gte_4000,4000,,0.147065,100.0000,srtm_band_mask_rescaled_to_vector_area,30,2026-09-08T06:55:17+00:00
G077262E41401N,upper_syr_darya,syr_darya,gte_4000,4000,,0.091873,100.0000,srtm_band_mask_rescaled_to_vector_area,30,2026-09-08T06:55:17+00:00
G077262E41861N,upper_syr_darya,syr_darya,3000_4000,3000,4000,0.086285,43.7673,srtm_band_mask_rescaled_to_vector_area,30,2026-09-08T06:55:17+00:00
G077262E41861N,upper_syr_darya,syr_darya,gte_4000,4000,,0.110860,56.2327,srtm_band_mask_rescaled_to_vector_area,30,2026-09-08T06:55:17+00:00
G077262E41933N,upper_syr_darya,syr_darya,3000_4000,3000,4000,0.077894,25.8912,srtm_band_mask_rescaled_to_vector_area,30,2026-09-08T06:55:17+00:00
G077262E41933N,upper_syr_darya,syr_darya,gte_4000,4000,,0.222957,74.1088,srtm_band_mask_rescaled_to_vector_area,30,2026-09-08T06:55:17+00:00
G077263E41351N,upper_syr_darya,syr_darya,gte_4000,4000,,0.020006,100.0000,srtm_band_mask_rescaled_to_vector_area,30,2026-09-08T06:55:17+00:00
G077263E41438N,upper_syr_darya,syr_darya,3000_4000,3000,4000,0.060949,17.8881,srtm_band_mask_rescaled_to_vector_area,30,2026-09-08T06:55:17+00:00
G077263E41438N,upper_syr_darya,syr_darya,gte_4000,4000,,0.279773,82.1119,srtm_band_mask_rescaled_to_vector_area,30,2026-09-08T06:55:17+00:00
G077263E41958N,upper_syr_darya,syr_darya,3000_4000,3000,4000,2.052977,38.8644,srtm_band_mask_rescaled_to_vector_area,30,2026-09-08T06:55:17+00:00
G077263E41958N,upper_syr_darya,syr_darya,gte_4000,4000,,3.229432,61.1356,srtm_band_mask_rescaled_to_vector_area,30,2026-09-08T06:55:17+00:00
G077264E41264N,upper_syr_darya,syr_darya,gte_4000,4000,,0.074889,100.0000,srtm_band_mask_rescaled_to_vector_area,30,2026-09-08T06:55:17+00:00
G077264E41811N,upper_syr_darya,syr_darya,3000_4000,3000,4000,0.033351,11.1833,srtm_band_mask_rescaled_to_vector_area,30,2026-09-08T06:55:17+00:00
G077264E41811N,upper_syr_darya,syr_darya,gte_4000,4000,,0.264872,88.8167,srtm_band_mask_rescaled_to_vector_area,30,2026-09-08T06:55:17+00:00
G077265E41833N,upper_syr_darya,syr_darya,3000_4000,3000,4000,0.236916,49.3596,srtm_band_mask_rescaled_to_vector_area,30,2026-09-08T06:55:17+00:00
G077265E41833N,upper_syr_darya,syr_darya,gte_4000,4000,,0.243063,50.6404,srtm_band_mask_rescaled_to_vector_area,30,2026-09-08T06:55:17+00:00
G077266E41374N,upper_syr_darya,syr_darya,3000_4000,3000,4000,0.111910,12.2881,srtm_band_mask_rescaled_to_vector_area,30,2026-09-08T06:55:17+00:00
G077266E41374N,upper_syr_darya,syr_darya,gte_4000,4000,,0.798804,87.7119,srtm_band_mask_rescaled_to_vector_area,30,2026-09-08T06:55:17+00:00
G077267E41267N,upper_syr_darya,syr_darya,gte_4000,4000,,0.089707,100.0000,srtm_band_mask_rescaled_to_vector_area,30,2026-09-08T06:55:17+00:00
G077267E41927N,upper_syr_darya,syr_darya,3000_4000,3000,4000,0.014754,15.0269,srtm_band_mask_rescaled_to_vector_area,30,2026-09-08T06:55:17+00:00
G077267E41927N,upper_syr_darya,syr_darya,gte_4000,4000,,0.083432,84.9731,srtm_band_mask_rescaled_to_vector_area,30,2026-09-08T06:55:17+00:00
G077268E41805N,upper_syr_darya,syr_darya,3000_4000,3000,4000,0.025214,26.8699,srtm_band_mask_rescaled_to_vector_area,30,2026-09-08T06:55:17+00:00
G077268E41805N,upper_syr_darya,syr_darya,gte_4000,4000,,0.068624,73.1301,srtm_band_mask_rescaled_to_vector_area,30,2026-09-08T06:55:17+00:00
G077268E41823N,upper_syr_darya,syr_darya,gte_4000,4000,,0.211719,100.0000,srtm_band_mask_rescaled_to_vector_area,30,2026-09-08T06:55:17+00:00
G077268E41946N,upper_syr_darya,syr_darya,gte_4000,4000,,0.028703,100.0000,srtm_band_mask_rescaled_to_vector_area,30,2026-09-08T06:55:17+00:00
G077269E41358N,upper_syr_darya,syr_darya,gte_4000,4000,,0.016849,100.0000,srtm_band_mask_rescaled_to_vector_area,30,2026-09-08T06:55:17+00:00
G077269E41438N,upper_syr_darya,syr_darya,gte_4000,4000,,0.045035,100.0000,srtm_band_mask_rescaled_to_vector_area,30,2026-09-08T06:55:17+00:00
G077270E41601N,upper_syr_darya,syr_darya,3000_4000,3000,4000,0.553904,20.5257,srtm_band_mask_rescaled_to_vector_area,30,2026-09-08T06:55:17+00:00
G077270E41601N,upper_syr_darya,syr_darya,gte_4000,4000,,2.144690,79.4743,srtm_band_mask_rescaled_to_vector_area,30,2026-09-08T06:55:17+00:00
G077270E41857N,upper_syr_darya,syr_darya,3000_4000,3000,4000,0.247182,56.0826,srtm_band_mask_rescaled_to_vector_area,30,2026-09-08T06:55:17+00:00
G077270E41857N,upper_syr_darya,syr_darya,gte_4000,4000,,0.193564,43.9174,srtm_band_mask_rescaled_to_vector_area,30,2026-09-08T06:55:17+00:00
G077271E41374N,upper_syr_darya,syr_darya,gte_4000,4000,,0.434380,100.0000,srtm_band_mask_rescaled_to_vector_area,30,2026-09-08T06:55:17+00:00
G077271E41390N,upper_syr_darya,syr_darya,3000_4000,3000,4000,0.013138,3.5524,srtm_band_mask_rescaled_to_vector_area,30,2026-09-08T06:55:17+00:00
G077271E41390N,upper_syr_darya,syr_darya,gte_4000,4000,,0.356714,96.4476,srtm_band_mask_rescaled_to_vector_area,30,2026-09-08T06:55:17+00:00
G077271E41831N,upper_syr_darya,syr_darya,3000_4000,3000,4000,0.045516,13.0829,srtm_band_mask_rescaled_to_vector_area,30,2026-09-08T06:55:17+00:00
G077271E41831N,upper_syr_darya,syr_darya,gte_4000,4000,,0.302386,86.9171,srtm_band_mask_rescaled_to_vector_area,30,2026-09-08T06:55:17+00:00
G077272E41273N,upper_syr_darya,syr_darya,gte_4000,4000,,0.229509,100.0000,srtm_band_mask_rescaled_to_vector_area,30,2026-09-08T06:55:17+00:00
G077272E41442N,upper_syr_darya,syr_darya,gte_4000,4000,,0.024617,100.0000,srtm_band_mask_rescaled_to_vector_area,30,2026-09-08T06:55:17+00:00
G077273E41446N,upper_syr_darya,syr_darya,gte_4000,4000,,0.020540,100.0000,srtm_band_mask_rescaled_to_vector_area,30,2026-09-08T06:55:17+00:00
G077273E41602N,upper_syr_darya,syr_darya,gte_4000,4000,,0.163551,100.0000,srtm_band_mask_rescaled_to_vector_area,30,2026-09-08T06:55:17+00:00
G077273E41611N,upper_syr_darya,syr_darya,3000_4000,3000,4000,0.011025,1.9354,srtm_band_mask_rescaled_to_vector_area,30,2026-09-08T06:55:17+00:00
G077273E41611N,upper_syr_darya,syr_darya,gte_4000,4000,,0.558634,98.0646,srtm_band_mask_rescaled_to_vector_area,30,2026-09-08T06:55:17+00:00
G077273E41831N,upper_syr_darya,syr_darya,3000_4000,3000,4000,0.688792,24.8355,srtm_band_mask_rescaled_to_vector_area,30,2026-09-08T06:55:17+00:00
G077273E41831N,upper_syr_darya,syr_darya,gte_4000,4000,,2.084629,75.1645,srtm_band_mask_rescaled_to_vector_area,30,2026-09-08T06:55:17+00:00
G077274E41573N,upper_syr_darya,syr_darya,gte_4000,4000,,0.080676,100.0000,srtm_band_mask_rescaled_to_vector_area,30,2026-09-08T06:55:17+00:00
G077274E41733N,upper_syr_darya,syr_darya,3000_4000,3000,4000,0.015597,26.5373,srtm_band_mask_rescaled_to_vector_area,30,2026-09-08T06:55:17+00:00
G077274E41733N,upper_syr_darya,syr_darya,gte_4000,4000,,0.043177,73.4627,srtm_band_mask_rescaled_to_vector_area,30,2026-09-08T06:55:17+00:00
G077274E41844N,upper_syr_darya,syr_darya,3000_4000,3000,4000,0.029678,6.5271,srtm_band_mask_rescaled_to_vector_area,30,2026-09-08T06:55:17+00:00
G077274E41844N,upper_syr_darya,syr_darya,gte_4000,4000,,0.425012,93.4729,srtm_band_mask_rescaled_to_vector_area,30,2026-09-08T06:55:17+00:00
G077275E41943N,upper_syr_darya,syr_darya,gte_4000,4000,,0.131845,100.0000,srtm_band_mask_rescaled_to_vector_area,30,2026-09-08T06:55:17+00:00
G077277E41274N,upper_syr_darya,syr_darya,gte_4000,4000,,0.281176,100.0000,srtm_band_mask_rescaled_to_vector_area,30,2026-09-08T06:55:17+00:00
G077278E41378N,upper_syr_darya,syr_darya,gte_4000,4000,,0.236866,100.0000,srtm_band_mask_rescaled_to_vector_area,30,2026-09-08T06:55:17+00:00
G077278E41390N,upper_syr_darya,syr_darya,gte_4000,4000,,0.103538,100.0000,srtm_band_mask_rescaled_to_vector_area,30,2026-09-08T06:55:17+00:00
G077278E41732N,upper_syr_darya,syr_darya,3000_4000,3000,4000,0.073200,70.3018,srtm_band_mask_rescaled_to_vector_area,30,2026-09-08T06:55:17+00:00
G077278E41732N,upper_syr_darya,syr_darya,gte_4000,4000,,0.030923,29.6982,srtm_band_mask_rescaled_to_vector_area,30,2026-09-08T06:55:17+00:00
G077279E41359N,upper_syr_darya,syr_darya,gte_4000,4000,,0.273872,100.0000,srtm_band_mask_rescaled_to_vector_area,30,2026-09-08T06:55:17+00:00
G077279E41442N,upper_syr_darya,syr_darya,3000_4000,3000,4000,0.081732,15.3788,srtm_band_mask_rescaled_to_vector_area,30,2026-09-08T06:55:17+00:00
G077279E41442N,upper_syr_darya,syr_darya,gte_4000,4000,,0.449725,84.6212,srtm_band_mask_rescaled_to_vector_area,30,2026-09-08T06:55:17+00:00
G077280E41853N,upper_syr_darya,syr_darya,gte_4000,4000,,0.145708,100.0000,srtm_band_mask_rescaled_to_vector_area,30,2026-09-08T06:55:17+00:00
G077281E41258N,upper_syr_darya,syr_darya,gte_4000,4000,,4.037797,100.0000,srtm_band_mask_rescaled_to_vector_area,30,2026-09-08T06:55:17+00:00
G077281E41290N,upper_syr_darya,syr_darya,gte_4000,4000,,0.142770,100.0000,srtm_band_mask_rescaled_to_vector_area,30,2026-09-08T06:55:17+00:00
G077281E41380N,upper_syr_darya,syr_darya,gte_4000,4000,,0.128952,100.0000,srtm_band_mask_rescaled_to_vector_area,30,2026-09-08T06:55:17+00:00
G077281E41832N,upper_syr_darya,syr_darya,3000_4000,3000,4000,0.341383,23.4420,srtm_band_mask_rescaled_to_vector_area,30,2026-09-08T06:55:17+00:00
G077281E41832N,upper_syr_darya,syr_darya,gte_4000,4000,,1.114909,76.5580,srtm_band_mask_rescaled_to_vector_area,30,2026-09-08T06:55:17+00:00
G077282E41280N,upper_syr_darya,syr_darya,gte_4000,4000,,0.170651,100.0000,srtm_band_mask_rescaled_to_vector_area,30,2026-09-08T06:55:17+00:00
G077282E41622N,upper_syr_darya,syr_darya,3000_4000,3000,4000,0.049705,19.6219,srtm_band_mask_rescaled_to_vector_area,30,2026-09-08T06:55:17+00:00
G077282E41622N,upper_syr_darya,syr_darya,gte_4000,4000,,0.203608,80.3781,srtm_band_mask_rescaled_to_vector_area,30,2026-09-08T06:55:17+00:00
G077282E41946N,upper_syr_darya,syr_darya,gte_4000,4000,,0.269597,100.0000,srtm_band_mask_rescaled_to_vector_area,30,2026-09-08T06:55:17+00:00
G077283E41398N,upper_syr_darya,syr_darya,gte_4000,4000,,0.026400,100.0000,srtm_band_mask_rescaled_to_vector_area,30,2026-09-08T06:55:17+00:00
G077283E41623N,upper_syr_darya,syr_darya,3000_4000,3000,4000,0.073299,10.5238,srtm_band_mask_rescaled_to_vector_area,30,2026-09-08T06:55:17+00:00
G077283E41623N,upper_syr_darya,syr_darya,gte_4000,4000,,0.623203,89.4762,srtm_band_mask_rescaled_to_vector_area,30,2026-09-08T06:55:17+00:00
G077283E41816N,upper_syr_darya,syr_darya,3000_4000,3000,4000,1.165365,43.3086,srtm_band_mask_rescaled_to_vector_area,30,2026-09-08T06:55:17+00:00
G077283E41816N,upper_syr_darya,syr_darya,gte_4000,4000,,1.525474,56.6914,srtm_band_mask_rescaled_to_vector_area,30,2026-09-08T06:55:17+00:00
G077284E41597N,upper_syr_darya,syr_darya,3000_4000,3000,4000,0.364293,7.5030,srtm_band_mask_rescaled_to_vector_area,30,2026-09-08T06:55:17+00:00
G077284E41597N,upper_syr_darya,syr_darya,gte_4000,4000,,4.491007,92.4970,srtm_band_mask_rescaled_to_vector_area,30,2026-09-08T06:55:17+00:00
G077285E41400N,upper_syr_darya,syr_darya,gte_4000,4000,,0.015124,100.0000,srtm_band_mask_rescaled_to_vector_area,30,2026-09-08T06:55:17+00:00
G077285E41856N,upper_syr_darya,syr_darya,3000_4000,3000,4000,0.271387,53.0106,srtm_band_mask_rescaled_to_vector_area,30,2026-09-08T06:55:17+00:00
G077285E41856N,upper_syr_darya,syr_darya,gte_4000,4000,,0.240562,46.9894,srtm_band_mask_rescaled_to_vector_area,30,2026-09-08T06:55:17+00:00
G077286E41617N,upper_syr_darya,syr_darya,gte_4000,4000,,0.068161,100.0000,srtm_band_mask_rescaled_to_vector_area,30,2026-09-08T06:55:17+00:00
G077287E41286N,upper_syr_darya,syr_darya,3000_4000,3000,4000,0.014487,12.5516,srtm_band_mask_rescaled_to_vector_area,30,2026-09-08T06:55:17+00:00
G077287E41286N,upper_syr_darya,syr_darya,gte_4000,4000,,0.100935,87.4484,srtm_band_mask_rescaled_to_vector_area,30,2026-09-08T06:55:17+00:00
G077287E41417N,upper_syr_darya,syr_darya,3000_4000,3000,4000,0.004353,6.2371,srtm_band_mask_rescaled_to_vector_area,30,2026-09-08T06:55:17+00:00
G077287E41417N,upper_syr_darya,syr_darya,gte_4000,4000,,0.065440,93.7629,srtm_band_mask_rescaled_to_vector_area,30,2026-09-08T06:55:17+00:00
G077287E41618N,upper_syr_darya,syr_darya,gte_4000,4000,,0.251467,100.0000,srtm_band_mask_rescaled_to_vector_area,30,2026-09-08T06:55:17+00:00
G077288E41280N,upper_syr_darya,syr_darya,gte_4000,4000,,0.062138,100.0000,srtm_band_mask_rescaled_to_vector_area,30,2026-09-08T06:55:17+00:00
G077288E41404N,upper_syr_darya,syr_darya,3000_4000,3000,4000,0.000003,0.0010,srtm_band_mask_rescaled_to_vector_area,30,2026-09-08T06:55:17+00:00
G077288E41404N,upper_syr_darya,syr_darya,gte_4000,4000,,0.271241,99.9990,srtm_band_mask_rescaled_to_vector_area,30,2026-09-08T06:55:17+00:00
G077289E41284N,upper_syr_darya,syr_darya,gte_4000,4000,,0.258002,100.0000,srtm_band_mask_rescaled_to_vector_area,30,2026-09-08T06:55:17+00:00
G077290E41581N,upper_syr_darya,syr_darya,3000_4000,3000,4000,0.005035,0.2059,srtm_band_mask_rescaled_to_vector_area,30,2026-09-08T06:55:17+00:00
G077290E41581N,upper_syr_darya,syr_darya,gte_4000,4000,,2.440364,99.7941,srtm_band_mask_rescaled_to_vector_area,30,2026-09-08T06:55:17+00:00
G077291E41379N,upper_syr_darya,syr_darya,3000_4000,3000,4000,0.025733,61.5229,srtm_band_mask_rescaled_to_vector_area,30,2026-09-08T06:55:17+00:00
G077291E41379N,upper_syr_darya,syr_darya,gte_4000,4000,,0.016093,38.4771,srtm_band_mask_rescaled_to_vector_area,30,2026-09-08T06:55:17+00:00
G077291E41837N,upper_syr_darya,syr_darya,3000_4000,3000,4000,0.000739,0.3817,srtm_band_mask_rescaled_to_vector_area,30,2026-09-08T06:55:17+00:00
G077291E41837N,upper_syr_darya,syr_darya,gte_4000,4000,,0.192752,99.6183,srtm_band_mask_rescaled_to_vector_area,30,2026-09-08T06:55:17+00:00
G077291E41862N,upper_syr_darya,syr_darya,3000_4000,3000,4000,0.170003,35.5561,srtm_band_mask_rescaled_to_vector_area,30,2026-09-08T06:55:17+00:00
G077291E41862N,upper_syr_darya,syr_darya,gte_4000,4000,,0.308123,64.4439,srtm_band_mask_rescaled_to_vector_area,30,2026-09-08T06:55:17+00:00
G077291E41930N,upper_syr_darya,syr_darya,gte_4000,4000,,0.033661,100.0000,srtm_band_mask_rescaled_to_vector_area,30,2026-09-08T06:55:17+00:00
G077292E41932N,upper_syr_darya,syr_darya,gte_4000,4000,,0.036186,100.0000,srtm_band_mask_rescaled_to_vector_area,30,2026-09-08T06:55:17+00:00
G077293E41436N,upper_syr_darya,syr_darya,gte_4000,4000,,0.013850,100.0000,srtm_band_mask_rescaled_to_vector_area,30,2026-09-08T06:55:17+00:00
G077294E41936N,upper_syr_darya,syr_darya,gte_4000,4000,,0.031177,100.0000,srtm_band_mask_rescaled_to_vector_area,30,2026-09-08T06:55:17+00:00
G077295E41406N,upper_syr_darya,syr_darya,gte_4000,4000,,0.027634,100.0000,srtm_band_mask_rescaled_to_vector_area,30,2026-09-08T06:55:17+00:00
G077295E41624N,upper_syr_darya,syr_darya,3000_4000,3000,4000,0.049704,19.6225,srtm_band_mask_rescaled_to_vector_area,30,2026-09-08T06:55:17+00:00
G077295E41624N,upper_syr_darya,syr_darya,gte_4000,4000,,0.203599,80.3775,srtm_band_mask_rescaled_to_vector_area,30,2026-09-08T06:55:17+00:00
G077295E41698N,upper_syr_darya,syr_darya,3000_4000,3000,4000,0.000358,1.0002,srtm_band_mask_rescaled_to_vector_area,30,2026-09-08T06:55:17+00:00
G077295E41698N,upper_syr_darya,syr_darya,gte_4000,4000,,0.035466,98.9998,srtm_band_mask_rescaled_to_vector_area,30,2026-09-08T06:55:17+00:00
G077297E41697N,upper_syr_darya,syr_darya,gte_4000,4000,,0.014476,100.0000,srtm_band_mask_rescaled_to_vector_area,30,2026-09-08T06:55:17+00:00
G077299E41378N,upper_syr_darya,syr_darya,gte_4000,4000,,0.077149,100.0000,srtm_band_mask_rescaled_to_vector_area,30,2026-09-08T06:55:17+00:00
G077301E41930N,upper_syr_darya,syr_darya,gte_4000,4000,,0.072127,100.0000,srtm_band_mask_rescaled_to_vector_area,30,2026-09-08T06:55:17+00:00
G077301E41954N,upper_syr_darya,syr_darya,3000_4000,3000,4000,0.460856,49.4681,srtm_band_mask_rescaled_to_vector_area,30,2026-09-08T06:55:17+00:00
G077301E41954N,upper_syr_darya,syr_darya,gte_4000,4000,,0.470767,50.5319,srtm_band_mask_rescaled_to_vector_area,30,2026-09-08T06:55:17+00:00
G077302E41357N,upper_syr_darya,syr_darya,gte_4000,4000,,0.012691,100.0000,srtm_band_mask_rescaled_to_vector_area,30,2026-09-08T06:55:17+00:00
G077303E41242N,upper_syr_darya,syr_darya,gte_4000,4000,,0.733374,100.0000,srtm_band_mask_rescaled_to_vector_area,30,2026-09-08T06:55:17+00:00
G077303E41816N,upper_syr_darya,syr_darya,3000_4000,3000,4000,0.456875,61.4352,srtm_band_mask_rescaled_to_vector_area,30,2026-09-08T06:55:17+00:00
G077303E41816N,upper_syr_darya,syr_darya,gte_4000,4000,,0.286795,38.5648,srtm_band_mask_rescaled_to_vector_area,30,2026-09-08T06:55:17+00:00
G077305E41859N,upper_syr_darya,syr_darya,3000_4000,3000,4000,0.504357,45.1228,srtm_band_mask_rescaled_to_vector_area,30,2026-09-08T06:55:17+00:00
G077305E41859N,upper_syr_darya,syr_darya,gte_4000,4000,,0.613385,54.8772,srtm_band_mask_rescaled_to_vector_area,30,2026-09-08T06:55:17+00:00
G077306E41599N,upper_syr_darya,syr_darya,3000_4000,3000,4000,0.140362,7.1679,srtm_band_mask_rescaled_to_vector_area,30,2026-09-08T06:55:17+00:00
G077306E41599N,upper_syr_darya,syr_darya,gte_4000,4000,,1.817842,92.8321,srtm_band_mask_rescaled_to_vector_area,30,2026-09-08T06:55:17+00:00
G077307E41357N,upper_syr_darya,syr_darya,gte_4000,4000,,0.052335,100.0000,srtm_band_mask_rescaled_to_vector_area,30,2026-09-08T06:55:17+00:00
G077308E41379N,upper_syr_darya,syr_darya,3000_4000,3000,4000,0.003061,4.6514,srtm_band_mask_rescaled_to_vector_area,30,2026-09-08T06:55:17+00:00
G077308E41379N,upper_syr_darya,syr_darya,gte_4000,4000,,0.062747,95.3486,srtm_band_mask_rescaled_to_vector_area,30,2026-09-08T06:55:17+00:00
G077309E41689N,upper_syr_darya,syr_darya,3000_4000,3000,4000,0.000195,0.4064,srtm_band_mask_rescaled_to_vector_area,30,2026-09-08T06:55:17+00:00
G077309E41689N,upper_syr_darya,syr_darya,gte_4000,4000,,0.047784,99.5936,srtm_band_mask_rescaled_to_vector_area,30,2026-09-08T06:55:17+00:00
G077309E41953N,upper_syr_darya,syr_darya,3000_4000,3000,4000,1.057912,58.2017,srtm_band_mask_rescaled_to_vector_area,30,2026-09-08T06:55:17+00:00
G077309E41953N,upper_syr_darya,syr_darya,gte_4000,4000,,0.759754,41.7983,srtm_band_mask_rescaled_to_vector_area,30,2026-09-08T06:55:17+00:00
G077310E41270N,upper_syr_darya,syr_darya,3000_4000,3000,4000,0.175412,5.2232,srtm_band_mask_rescaled_to_vector_area,30,2026-09-08T06:55:17+00:00
G077310E41270N,upper_syr_darya,syr_darya,gte_4000,4000,,3.182886,94.7768,srtm_band_mask_rescaled_to_vector_area,30,2026-09-08T06:55:17+00:00
G077310E41291N,upper_syr_darya,syr_darya,3000_4000,3000,4000,0.023236,5.3349,srtm_band_mask_rescaled_to_vector_area,30,2026-09-08T06:55:17+00:00
G077310E41291N,upper_syr_darya,syr_darya,gte_4000,4000,,0.412313,94.6651,srtm_band_mask_rescaled_to_vector_area,30,2026-09-08T06:55:17+00:00
G077310E41567N,upper_syr_darya,syr_darya,gte_4000,4000,,0.060629,100.0000,srtm_band_mask_rescaled_to_vector_area,30,2026-09-08T06:55:17+00:00
G077310E41706N,upper_syr_darya,syr_darya,3000_4000,3000,4000,0.011988,5.8333,srtm_band_mask_rescaled_to_vector_area,30,2026-09-08T06:55:17+00:00
G077310E41706N,upper_syr_darya,syr_darya,gte_4000,4000,,0.193521,94.1667,srtm_band_mask_rescaled_to_vector_area,30,2026-09-08T06:55:17+00:00
G077311E41867N,upper_syr_darya,syr_darya,3000_4000,3000,4000,0.002838,8.7075,srtm_band_mask_rescaled_to_vector_area,30,2026-09-08T06:55:17+00:00
G077311E41867N,upper_syr_darya,syr_darya,gte_4000,4000,,0.029756,91.2925,srtm_band_mask_rescaled_to_vector_area,30,2026-09-08T06:55:17+00:00
G077312E41244N,upper_syr_darya,syr_darya,gte_4000,4000,,0.164655,100.0000,srtm_band_mask_rescaled_to_vector_area,30,2026-09-08T06:55:17+00:00
G077312E41809N,upper_syr_darya,syr_darya,3000_4000,3000,4000,0.429097,52.0870,srtm_band_mask_rescaled_to_vector_area,30,2026-09-08T06:55:17+00:00
G077312E41809N,upper_syr_darya,syr_darya,gte_4000,4000,,0.394711,47.9130,srtm_band_mask_rescaled_to_vector_area,30,2026-09-08T06:55:17+00:00
G077312E41946N,upper_syr_darya,syr_darya,gte_4000,4000,,0.249614,100.0000,srtm_band_mask_rescaled_to_vector_area,30,2026-09-08T06:55:17+00:00
G077313E41381N,upper_syr_darya,syr_darya,3000_4000,3000,4000,0.002491,2.1101,srtm_band_mask_rescaled_to_vector_area,30,2026-09-08T06:55:17+00:00
G077313E41381N,upper_syr_darya,syr_darya,gte_4000,4000,,0.115577,97.8899,srtm_band_mask_rescaled_to_vector_area,30,2026-09-08T06:55:17+00:00
G077314E41358N,upper_syr_darya,syr_darya,gte_4000,4000,,0.091580,100.0000,srtm_band_mask_rescaled_to_vector_area,30,2026-09-08T06:55:17+00:00
G077315E41859N,upper_syr_darya,syr_darya,3000_4000,3000,4000,0.070132,23.3152,srtm_band_mask_rescaled_to_vector_area,30,2026-09-08T06:55:17+00:00
G077315E41859N,upper_syr_darya,syr_darya,gte_4000,4000,,0.230669,76.6848,srtm_band_mask_rescaled_to_vector_area,30,2026-09-08T06:55:17+00:00
G077316E41244N,upper_syr_darya,syr_darya,gte_4000,4000,,0.095230,100.0000,srtm_band_mask_rescaled_to_vector_area,30,2026-09-08T06:55:17+00:00
G077317E41715N,upper_syr_darya,syr_darya,gte_4000,4000,,0.051206,100.0000,srtm_band_mask_rescaled_to_vector_area,30,2026-09-08T06:55:17+00:00
G077318E41358N,upper_syr_darya,syr_darya,gte_4000,4000,,0.139534,100.0000,srtm_band_mask_rescaled_to_vector_area,30,2026-09-08T06:55:17+00:00
G077318E41382N,upper_syr_darya,syr_darya,gte_4000,4000,,0.024371,100.0000,srtm_band_mask_rescaled_to_vector_area,30,2026-09-08T06:55:17+00:00
G077319E41242N,upper_syr_darya,syr_darya,gte_4000,4000,,0.029357,100.0000,srtm_band_mask_rescaled_to_vector_area,30,2026-09-08T06:55:17+00:00
G077319E41605N,upper_syr_darya,syr_darya,gte_4000,4000,,0.118474,100.0000,srtm_band_mask_rescaled_to_vector_area,30,2026-09-08T06:55:17+00:00
G077319E41710N,upper_syr_darya,syr_darya,gte_4000,4000,,0.017428,100.0000,srtm_band_mask_rescaled_to_vector_area,30,2026-09-08T06:55:17+00:00
G077320E41296N,upper_syr_darya,syr_darya,gte_4000,4000,,0.167928,100.0000,srtm_band_mask_rescaled_to_vector_area,30,2026-09-08T06:55:17+00:00
G077320E41614N,upper_syr_darya,syr_darya,gte_4000,4000,,0.327371,100.0000,srtm_band_mask_rescaled_to_vector_area,30,2026-09-08T06:55:17+00:00
G077320E41850N,upper_syr_darya,syr_darya,3000_4000,3000,4000,0.286869,35.0980,srtm_band_mask_rescaled_to_vector_area,30,2026-09-08T06:55:17+00:00
G077320E41850N,upper_syr_darya,syr_darya,gte_4000,4000,,0.530469,64.9020,srtm_band_mask_rescaled_to_vector_area,30,2026-09-08T06:55:17+00:00
G077321E41279N,upper_syr_darya,syr_darya,gte_4000,4000,,0.920115,100.0000,srtm_band_mask_rescaled_to_vector_area,30,2026-09-08T06:55:17+00:00
G077321E41576N,upper_syr_darya,syr_darya,gte_4000,4000,,0.114065,100.0000,srtm_band_mask_rescaled_to_vector_area,30,2026-09-08T06:55:17+00:00
G077321E41579N,upper_syr_darya,syr_darya,gte_4000,4000,,0.448025,100.0000,srtm_band_mask_rescaled_to_vector_area,30,2026-09-08T06:55:17+00:00
G077321E41592N,upper_syr_darya,syr_darya,3000_4000,3000,4000,0.448365,10.4614,srtm_band_mask_rescaled_to_vector_area,30,2026-09-08T06:55:17+00:00
G077321E41592N,upper_syr_darya,syr_darya,gte_4000,4000,,3.837528,89.5386,srtm_band_mask_rescaled_to_vector_area,30,2026-09-08T06:55:17+00:00
G077322E41360N,upper_syr_darya,syr_darya,gte_4000,4000,,0.086009,100.0000,srtm_band_mask_rescaled_to_vector_area,30,2026-09-08T06:55:17+00:00
G077322E41621N,upper_syr_darya,syr_darya,3000_4000,3000,4000,0.011758,2.2273,srtm_band_mask_rescaled_to_vector_area,30,2026-09-08T06:55:17+00:00
G077322E41621N,upper_syr_darya,syr_darya,gte_4000,4000,,0.516147,97.7727,srtm_band_mask_rescaled_to_vector_area,30,2026-09-08T06:55:17+00:00
G077323E41383N,upper_syr_darya,syr_darya,gte_4000,4000,,0.037043,100.0000,srtm_band_mask_rescaled_to_vector_area,30,2026-09-08T06:55:17+00:00
G077324E41244N,upper_syr_darya,syr_darya,gte_4000,4000,,0.150032,100.0000,srtm_band_mask_rescaled_to_vector_area,30,2026-09-08T06:55:17+00:00
G077324E41300N,upper_syr_darya,syr_darya,gte_4000,4000,,0.127129,100.0000,srtm_band_mask_rescaled_to_vector_area,30,2026-09-08T06:55:17+00:00
G077324E41563N,upper_syr_darya,syr_darya,gte_4000,4000,,0.037903,100.0000,srtm_band_mask_rescaled_to_vector_area,30,2026-09-08T06:55:17+00:00
G077324E41610N,upper_syr_darya,syr_darya,gte_4000,4000,,0.119136,100.0000,srtm_band_mask_rescaled_to_vector_area,30,2026-09-08T06:55:17+00:00
G077326E41242N,upper_syr_darya,syr_darya,gte_4000,4000,,0.112511,100.0000,srtm_band_mask_rescaled_to_vector_area,30,2026-09-08T06:55:17+00:00
G077326E41808N,upper_syr_darya,syr_darya,3000_4000,3000,4000,0.227785,51.1084,srtm_band_mask_rescaled_to_vector_area,30,2026-09-08T06:55:17+00:00
G077326E41808N,upper_syr_darya,syr_darya,gte_4000,4000,,0.217905,48.8916,srtm_band_mask_rescaled_to_vector_area,30,2026-09-08T06:55:17+00:00
G077326E41949N,upper_syr_darya,syr_darya,gte_4000,4000,,0.195144,100.0000,srtm_band_mask_rescaled_to_vector_area,30,2026-09-08T06:55:17+00:00
G077327E41725N,upper_syr_darya,syr_darya,3000_4000,3000,4000,0.016780,45.6072,srtm_band_mask_rescaled_to_vector_area,30,2026-09-08T06:55:17+00:00
G077327E41725N,upper_syr_darya,syr_darya,gte_4000,4000,,0.020012,54.3928,srtm_band_mask_rescaled_to_vector_area,30,2026-09-08T06:55:17+00:00
G077328E41295N,upper_syr_darya,syr_darya,gte_4000,4000,,0.188986,100.0000,srtm_band_mask_rescaled_to_vector_area,30,2026-09-08T06:55:17+00:00
G077329E41621N,upper_syr_darya,syr_darya,gte_4000,4000,,0.549837,100.0000,srtm_band_mask_rescaled_to_vector_area,30,2026-09-08T06:55:17+00:00
G077330E41246N,upper_syr_darya,syr_darya,gte_4000,4000,,0.259886,100.0000,srtm_band_mask_rescaled_to_vector_area,30,2026-09-08T06:55:17+00:00
G077330E41710N,upper_syr_darya,syr_darya,3000_4000,3000,4000,0.110957,22.3985,srtm_band_mask_rescaled_to_vector_area,30,2026-09-08T06:55:17+00:00
G077330E41710N,upper_syr_darya,syr_darya,gte_4000,4000,,0.384419,77.6015,srtm_band_mask_rescaled_to_vector_area,30,2026-09-08T06:55:17+00:00
G077330E41723N,upper_syr_darya,syr_darya,3000_4000,3000,4000,0.007304,46.1766,srtm_band_mask_rescaled_to_vector_area,30,2026-09-08T06:55:17+00:00
G077330E41723N,upper_syr_darya,syr_darya,gte_4000,4000,,0.008514,53.8234,srtm_band_mask_rescaled_to_vector_area,30,2026-09-08T06:55:17+00:00
G077331E41294N,upper_syr_darya,syr_darya,gte_4000,4000,,0.243529,100.0000,srtm_band_mask_rescaled_to_vector_area,30,2026-09-08T06:55:17+00:00
G077331E41850N,upper_syr_darya,syr_darya,3000_4000,3000,4000,0.189576,48.7187,srtm_band_mask_rescaled_to_vector_area,30,2026-09-08T06:55:17+00:00
G077331E41850N,upper_syr_darya,syr_darya,gte_4000,4000,,0.199547,51.2813,srtm_band_mask_rescaled_to_vector_area,30,2026-09-08T06:55:17+00:00
G077332E41361N,upper_syr_darya,syr_darya,gte_4000,4000,,0.184617,100.0000,srtm_band_mask_rescaled_to_vector_area,30,2026-09-08T06:55:17+00:00
G077332E41697N,upper_syr_darya,syr_darya,3000_4000,3000,4000,0.008841,9.8340,srtm_band_mask_rescaled_to_vector_area,30,2026-09-08T06:55:17+00:00
G077332E41697N,upper_syr_darya,syr_darya,gte_4000,4000,,0.081061,90.1660,srtm_band_mask_rescaled_to_vector_area,30,2026-09-08T06:55:17+00:00
G077334E41245N,upper_syr_darya,syr_darya,gte_4000,4000,,0.030106,100.0000,srtm_band_mask_rescaled_to_vector_area,30,2026-09-08T06:55:17+00:00
G077335E41583N,upper_syr_darya,syr_darya,gte_4000,4000,,0.451917,100.0000,srtm_band_mask_rescaled_to_vector_area,30,2026-09-08T06:55:17+00:00
G077335E41702N,upper_syr_darya,syr_darya,gte_4000,4000,,0.075153,100.0000,srtm_band_mask_rescaled_to_vector_area,30,2026-09-08T06:55:17+00:00
G077335E41800N,upper_syr_darya,syr_darya,3000_4000,3000,4000,0.191574,52.4797,srtm_band_mask_rescaled_to_vector_area,30,2026-09-08T06:55:17+00:00
G077335E41800N,upper_syr_darya,syr_darya,gte_4000,4000,,0.173470,47.5203,srtm_band_mask_rescaled_to_vector_area,30,2026-09-08T06:55:17+00:00
G077336E41290N,upper_syr_darya,syr_darya,gte_4000,4000,,0.025598,100.0000,srtm_band_mask_rescaled_to_vector_area,30,2026-09-08T06:55:17+00:00
G077337E41574N,upper_syr_darya,syr_darya,gte_4000,4000,,0.033324,100.0000,srtm_band_mask_rescaled_to_vector_area,30,2026-09-08T06:55:17+00:00
G077337E41706N,upper_syr_darya,syr_darya,gte_4000,4000,,0.225704,100.0000,srtm_band_mask_rescaled_to_vector_area,30,2026-09-08T06:55:17+00:00
G077337E41951N,upper_syr_darya,syr_darya,3000_4000,3000,4000,0.006706,5.4521,srtm_band_mask_rescaled_to_vector_area,30,2026-09-08T06:55:17+00:00
G077337E41951N,upper_syr_darya,syr_darya,gte_4000,4000,,0.116288,94.5479,srtm_band_mask_rescaled_to_vector_area,30,2026-09-08T06:55:17+00:00
G077338E41360N,upper_syr_darya,syr_darya,gte_4000,4000,,0.039704,100.0000,srtm_band_mask_rescaled_to_vector_area,30,2026-09-08T06:55:17+00:00
G077339E41623N,upper_syr_darya,syr_darya,3000_4000,3000,4000,0.069169,17.5628,srtm_band_mask_rescaled_to_vector_area,30,2026-09-08T06:55:17+00:00
G077339E41623N,upper_syr_darya,syr_darya,gte_4000,4000,,0.324670,82.4372,srtm_band_mask_rescaled_to_vector_area,30,2026-09-08T06:55:17+00:00
G077339E41851N,upper_syr_darya,syr_darya,3000_4000,3000,4000,0.152367,21.8161,srtm_band_mask_rescaled_to_vector_area,30,2026-09-08T06:55:17+00:00
G077339E41851N,upper_syr_darya,syr_darya,gte_4000,4000,,0.546049,78.1839,srtm_band_mask_rescaled_to_vector_area,30,2026-09-08T06:55:17+00:00
G077340E41597N,upper_syr_darya,syr_darya,3000_4000,3000,4000,0.045047,4.8030,srtm_band_mask_rescaled_to_vector_area,30,2026-09-08T06:55:17+00:00
G077340E41597N,upper_syr_darya,syr_darya,gte_4000,4000,,0.892855,95.1970,srtm_band_mask_rescaled_to_vector_area,30,2026-09-08T06:55:17+00:00
G077343E41360N,upper_syr_darya,syr_darya,gte_4000,4000,,0.014644,100.0000,srtm_band_mask_rescaled_to_vector_area,30,2026-09-08T06:55:17+00:00
G077344E41589N,upper_syr_darya,syr_darya,gte_4000,4000,,0.276786,100.0000,srtm_band_mask_rescaled_to_vector_area,30,2026-09-08T06:55:17+00:00
G077345E41947N,upper_syr_darya,syr_darya,3000_4000,3000,4000,0.189780,51.1115,srtm_band_mask_rescaled_to_vector_area,30,2026-09-08T06:55:17+00:00
G077345E41947N,upper_syr_darya,syr_darya,gte_4000,4000,,0.181526,48.8885,srtm_band_mask_rescaled_to_vector_area,30,2026-09-08T06:55:17+00:00
G077346E41288N,upper_syr_darya,syr_darya,3000_4000,3000,4000,0.002546,0.2761,srtm_band_mask_rescaled_to_vector_area,30,2026-09-08T06:55:17+00:00
G077346E41288N,upper_syr_darya,syr_darya,gte_4000,4000,,0.919810,99.7239,srtm_band_mask_rescaled_to_vector_area,30,2026-09-08T06:55:17+00:00
G077346E41840N,upper_syr_darya,syr_darya,3000_4000,3000,4000,0.022079,8.7511,srtm_band_mask_rescaled_to_vector_area,30,2026-09-08T06:55:17+00:00
G077346E41840N,upper_syr_darya,syr_darya,gte_4000,4000,,0.230221,91.2489,srtm_band_mask_rescaled_to_vector_area,30,2026-09-08T06:55:17+00:00
G077347E41573N,upper_syr_darya,syr_darya,gte_4000,4000,,0.285313,100.0000,srtm_band_mask_rescaled_to_vector_area,30,2026-09-08T06:55:17+00:00
G077347E41847N,upper_syr_darya,syr_darya,3000_4000,3000,4000,0.076077,8.4689,srtm_band_mask_rescaled_to_vector_area,30,2026-09-08T06:55:17+00:00
G077347E41847N,upper_syr_darya,syr_darya,gte_4000,4000,,0.822232,91.5311,srtm_band_mask_rescaled_to_vector_area,30,2026-09-08T06:55:17+00:00
G077350E41300N,upper_syr_darya,syr_darya,gte_4000,4000,,0.055334,100.0000,srtm_band_mask_rescaled_to_vector_area,30,2026-09-08T06:55:17+00:00
G077352E41361N,upper_syr_darya,syr_darya,gte_4000,4000,,0.036597,100.0000,srtm_band_mask_rescaled_to_vector_area,30,2026-09-08T06:55:17+00:00
G077352E41601N,upper_syr_darya,syr_darya,3000_4000,3000,4000,0.036613,5.2044,srtm_band_mask_rescaled_to_vector_area,30,2026-09-08T06:55:17+00:00
G077352E41601N,upper_syr_darya,syr_darya,gte_4000,4000,,0.666886,94.7956,srtm_band_mask_rescaled_to_vector_area,30,2026-09-08T06:55:17+00:00
G077353E41297N,upper_syr_darya,syr_darya,gte_4000,4000,,0.011468,100.0000,srtm_band_mask_rescaled_to_vector_area,30,2026-09-08T06:55:17+00:00
G077355E41282N,upper_syr_darya,syr_darya,gte_4000,4000,,0.154797,100.0000,srtm_band_mask_rescaled_to_vector_area,30,2026-09-08T06:55:17+00:00
G077355E41295N,upper_syr_darya,syr_darya,gte_4000,4000,,0.057877,100.0000,srtm_band_mask_rescaled_to_vector_area,30,2026-09-08T06:55:17+00:00
G077355E41360N,upper_syr_darya,syr_darya,gte_4000,4000,,0.161018,100.0000,srtm_band_mask_rescaled_to_vector_area,30,2026-09-08T06:55:17+00:00
G077355E41596N,upper_syr_darya,syr_darya,gte_4000,4000,,0.342511,100.0000,srtm_band_mask_rescaled_to_vector_area,30,2026-09-08T06:55:17+00:00
G077356E41360N,upper_syr_darya,syr_darya,gte_4000,4000,,0.145374,100.0000,srtm_band_mask_rescaled_to_vector_area,30,2026-09-08T06:55:17+00:00
G077356E41572N,upper_syr_darya,syr_darya,gte_4000,4000,,0.046754,100.0000,srtm_band_mask_rescaled_to_vector_area,30,2026-09-08T06:55:17+00:00
G077356E41945N,upper_syr_darya,syr_darya,3000_4000,3000,4000,0.190664,48.6353,srtm_band_mask_rescaled_to_vector_area,30,2026-09-08T06:55:17+00:00
G077356E41945N,upper_syr_darya,syr_darya,gte_4000,4000,,0.201364,51.3647,srtm_band_mask_rescaled_to_vector_area,30,2026-09-08T06:55:17+00:00
G077357E41835N,upper_syr_darya,syr_darya,gte_4000,4000,,0.027148,100.0000,srtm_band_mask_rescaled_to_vector_area,30,2026-09-08T06:55:17+00:00
G077359E41288N,upper_syr_darya,syr_darya,gte_4000,4000,,0.043359,100.0000,srtm_band_mask_rescaled_to_vector_area,30,2026-09-08T06:55:17+00:00
G077360E41590N,upper_syr_darya,syr_darya,gte_4000,4000,,0.044972,100.0000,srtm_band_mask_rescaled_to_vector_area,30,2026-09-08T06:55:17+00:00
G077360E41834N,upper_syr_darya,syr_darya,gte_4000,4000,,0.052408,100.0000,srtm_band_mask_rescaled_to_vector_area,30,2026-09-08T06:55:17+00:00
G077361E41605N,upper_syr_darya,syr_darya,3000_4000,3000,4000,0.001485,0.2447,srtm_band_mask_rescaled_to_vector_area,30,2026-09-08T06:55:17+00:00
G077361E41605N,upper_syr_darya,syr_darya,gte_4000,4000,,0.605352,99.7553,srtm_band_mask_rescaled_to_vector_area,30,2026-09-08T06:55:17+00:00
G077362E41293N,upper_syr_darya,syr_darya,gte_4000,4000,,0.596205,100.0000,srtm_band_mask_rescaled_to_vector_area,30,2026-09-08T06:55:17+00:00
G077362E41571N,upper_syr_darya,syr_darya,gte_4000,4000,,0.081692,100.0000,srtm_band_mask_rescaled_to_vector_area,30,2026-09-08T06:55:17+00:00
G077364E41865N,upper_syr_darya,syr_darya,gte_4000,4000,,0.032413,100.0000,srtm_band_mask_rescaled_to_vector_area,30,2026-09-08T06:55:17+00:00
G077365E41881N,upper_syr_darya,syr_darya,gte_4000,4000,,0.019920,100.0000,srtm_band_mask_rescaled_to_vector_area,30,2026-09-08T06:55:17+00:00
G077367E41613N,upper_syr_darya,syr_darya,gte_4000,4000,,0.061205,100.0000,srtm_band_mask_rescaled_to_vector_area,30,2026-09-08T06:55:17+00:00
G077369E41568N,upper_syr_darya,syr_darya,gte_4000,4000,,0.049037,100.0000,srtm_band_mask_rescaled_to_vector_area,30,2026-09-08T06:55:17+00:00
G077371E41293N,upper_syr_darya,syr_darya,gte_4000,4000,,0.254225,100.0000,srtm_band_mask_rescaled_to_vector_area,30,2026-09-08T06:55:17+00:00
G077371E41882N,upper_syr_darya,syr_darya,3000_4000,3000,4000,0.087928,21.2722,srtm_band_mask_rescaled_to_vector_area,30,2026-09-08T06:55:17+00:00
G077371E41882N,upper_syr_darya,syr_darya,gte_4000,4000,,0.325420,78.7278,srtm_band_mask_rescaled_to_vector_area,30,2026-09-08T06:55:17+00:00
G077373E41407N,upper_syr_darya,syr_darya,gte_4000,4000,,0.096970,100.0000,srtm_band_mask_rescaled_to_vector_area,30,2026-09-08T06:55:17+00:00
G077373E41612N,upper_syr_darya,syr_darya,gte_4000,4000,,0.070993,100.0000,srtm_band_mask_rescaled_to_vector_area,30,2026-09-08T06:55:17+00:00
G077375E41609N,upper_syr_darya,syr_darya,gte_4000,4000,,0.014142,100.0000,srtm_band_mask_rescaled_to_vector_area,30,2026-09-08T06:55:17+00:00
G077375E41958N,upper_syr_darya,syr_darya,3000_4000,3000,4000,0.208986,41.7545,srtm_band_mask_rescaled_to_vector_area,30,2026-09-08T06:55:17+00:00
G077375E41958N,upper_syr_darya,syr_darya,gte_4000,4000,,0.291526,58.2455,srtm_band_mask_rescaled_to_vector_area,30,2026-09-08T06:55:17+00:00
G077376E41288N,upper_syr_darya,syr_darya,gte_4000,4000,,0.105432,100.0000,srtm_band_mask_rescaled_to_vector_area,30,2026-09-08T06:55:17+00:00
G077377E41605N,upper_syr_darya,syr_darya,gte_4000,4000,,0.100250,100.0000,srtm_band_mask_rescaled_to_vector_area,30,2026-09-08T06:55:17+00:00
G077378E41408N,upper_syr_darya,syr_darya,gte_4000,4000,,0.075739,100.0000,srtm_band_mask_rescaled_to_vector_area,30,2026-09-08T06:55:17+00:00
G077378E41603N,upper_syr_darya,syr_darya,gte_4000,4000,,0.382521,100.0000,srtm_band_mask_rescaled_to_vector_area,30,2026-09-08T06:55:17+00:00
G077382E41608N,upper_syr_darya,syr_darya,3000_4000,3000,4000,0.158556,6.4431,srtm_band_mask_rescaled_to_vector_area,30,2026-09-08T06:55:17+00:00
G077382E41608N,upper_syr_darya,syr_darya,gte_4000,4000,,2.302308,93.5569,srtm_band_mask_rescaled_to_vector_area,30,2026-09-08T06:55:17+00:00
G077383E41602N,upper_syr_darya,syr_darya,gte_4000,4000,,0.246994,100.0000,srtm_band_mask_rescaled_to_vector_area,30,2026-09-08T06:55:17+00:00
G077385E41445N,upper_syr_darya,syr_darya,gte_4000,4000,,0.110804,100.0000,srtm_band_mask_rescaled_to_vector_area,30,2026-09-08T06:55:17+00:00
G077385E41882N,upper_syr_darya,syr_darya,3000_4000,3000,4000,0.120261,19.5745,srtm_band_mask_rescaled_to_vector_area,30,2026-09-08T06:55:17+00:00
G077385E41882N,upper_syr_darya,syr_darya,gte_4000,4000,,0.494114,80.4255,srtm_band_mask_rescaled_to_vector_area,30,2026-09-08T06:55:17+00:00
G077385E41969N,upper_syr_darya,syr_darya,3000_4000,3000,4000,0.166800,35.0164,srtm_band_mask_rescaled_to_vector_area,30,2026-09-08T06:55:17+00:00
G077385E41969N,upper_syr_darya,syr_darya,gte_4000,4000,,0.309548,64.9836,srtm_band_mask_rescaled_to_vector_area,30,2026-09-08T06:55:17+00:00
G077385E41971N,upper_syr_darya,syr_darya,3000_4000,3000,4000,0.176626,36.8617,srtm_band_mask_rescaled_to_vector_area,30,2026-09-08T06:55:17+00:00
G077385E41971N,upper_syr_darya,syr_darya,gte_4000,4000,,0.302532,63.1383,srtm_band_mask_rescaled_to_vector_area,30,2026-09-08T06:55:17+00:00
G077386E41637N,upper_syr_darya,syr_darya,gte_4000,4000,,0.145417,100.0000,srtm_band_mask_rescaled_to_vector_area,30,2026-09-08T06:55:17+00:00
G077386E41883N,upper_syr_darya,syr_darya,3000_4000,3000,4000,0.090426,61.2696,srtm_band_mask_rescaled_to_vector_area,30,2026-09-08T06:55:17+00:00
G077386E41883N,upper_syr_darya,syr_darya,gte_4000,4000,,0.057161,38.7304,srtm_band_mask_rescaled_to_vector_area,30,2026-09-08T06:55:17+00:00
G077389E41624N,upper_syr_darya,syr_darya,gte_4000,4000,,0.884629,100.0000,srtm_band_mask_rescaled_to_vector_area,30,2026-09-08T06:55:17+00:00
G077389E41961N,upper_syr_darya,syr_darya,gte_4000,4000,,0.101912,100.0000,srtm_band_mask_rescaled_to_vector_area,30,2026-09-08T06:55:17+00:00
G077390E41416N,upper_syr_darya,syr_darya,gte_4000,4000,,0.219488,100.0000,srtm_band_mask_rescaled_to_vector_area,30,2026-09-08T06:55:17+00:00
G077390E41886N,upper_syr_darya,syr_darya,3000_4000,3000,4000,0.007688,59.1983,srtm_band_mask_rescaled_to_vector_area,30,2026-09-08T06:55:17+00:00
G077390E41886N,upper_syr_darya,syr_darya,gte_4000,4000,,0.005299,40.8017,srtm_band_mask_rescaled_to_vector_area,30,2026-09-08T06:55:17+00:00
G077391E41298N,upper_syr_darya,syr_darya,gte_4000,4000,,0.091426,100.0000,srtm_band_mask_rescaled_to_vector_area,30,2026-09-08T06:55:17+00:00
G077392E41443N,upper_syr_darya,syr_darya,gte_4000,4000,,0.325823,100.0000,srtm_band_mask_rescaled_to_vector_area,30,2026-09-08T06:55:17+00:00
G077392E41966N,upper_syr_darya,syr_darya,3000_4000,3000,4000,0.124199,40.9992,srtm_band_mask_rescaled_to_vector_area,30,2026-09-08T06:55:17+00:00
G077392E41966N,upper_syr_darya,syr_darya,gte_4000,4000,,0.178731,59.0008,srtm_band_mask_rescaled_to_vector_area,30,2026-09-08T06:55:17+00:00
G077393E41634N,upper_syr_darya,syr_darya,3000_4000,3000,4000,0.033787,5.3050,srtm_band_mask_rescaled_to_vector_area,30,2026-09-08T06:55:17+00:00
G077393E41634N,upper_syr_darya,syr_darya,gte_4000,4000,,0.603096,94.6950,srtm_band_mask_rescaled_to_vector_area,30,2026-09-08T06:55:17+00:00
G077393E41879N,upper_syr_darya,syr_darya,3000_4000,3000,4000,0.069371,21.0267,srtm_band_mask_rescaled_to_vector_area,30,2026-09-08T06:55:17+00:00
G077393E41879N,upper_syr_darya,syr_darya,gte_4000,4000,,0.260546,78.9733,srtm_band_mask_rescaled_to_vector_area,30,2026-09-08T06:55:17+00:00
G077394E41419N,upper_syr_darya,syr_darya,gte_4000,4000,,0.142248,100.0000,srtm_band_mask_rescaled_to_vector_area,30,2026-09-08T06:55:17+00:00
G077395E41611N,upper_syr_darya,syr_darya,gte_4000,4000,,0.622517,100.0000,srtm_band_mask_rescaled_to_vector_area,30,2026-09-08T06:55:17+00:00
G077397E41407N,upper_syr_darya,syr_darya,gte_4000,4000,,0.228334,100.0000,srtm_band_mask_rescaled_to_vector_area,30,2026-09-08T06:55:17+00:00
G077397E41884N,upper_syr_darya,syr_darya,3000_4000,3000,4000,0.020718,61.8872,srtm_band_mask_rescaled_to_vector_area,30,2026-09-08T06:55:17+00:00
G077397E41884N,upper_syr_darya,syr_darya,gte_4000,4000,,0.012759,38.1128,srtm_band_mask_rescaled_to_vector_area,30,2026-09-08T06:55:17+00:00
G077398E41300N,upper_syr_darya,syr_darya,gte_4000,4000,,0.112159,100.0000,srtm_band_mask_rescaled_to_vector_area,30,2026-09-08T06:55:17+00:00
G077398E41418N,upper_syr_darya,syr_darya,gte_4000,4000,,0.304709,100.0000,srtm_band_mask_rescaled_to_vector_area,30,2026-09-08T06:55:17+00:00
G077398E41428N,upper_syr_darya,syr_darya,gte_4000,4000,,0.151758,100.0000,srtm_band_mask_rescaled_to_vector_area,30,2026-09-08T06:55:17+00:00
G077398E41604N,upper_syr_darya,syr_darya,gte_4000,4000,,1.168204,100.0000,srtm_band_mask_rescaled_to_vector_area,30,2026-09-08T06:55:17+00:00
G077399E41797N,upper_syr_darya,syr_darya,gte_4000,4000,,0.053723,100.0000,srtm_band_mask_rescaled_to_vector_area,30,2026-09-08T06:55:17+00:00
G077401E41301N,upper_syr_darya,syr_darya,gte_4000,4000,,0.065849,100.0000,srtm_band_mask_rescaled_to_vector_area,30,2026-09-08T06:55:17+00:00
G077401E41413N,upper_syr_darya,syr_darya,gte_4000,4000,,0.410995,100.0000,srtm_band_mask_rescaled_to_vector_area,30,2026-09-08T06:55:17+00:00
G077401E41444N,upper_syr_darya,syr_darya,gte_4000,4000,,0.416757,100.0000,srtm_band_mask_rescaled_to_vector_area,30,2026-09-08T06:55:17+00:00
G077401E41619N,upper_syr_darya,syr_darya,3000_4000,3000,4000,0.067577,5.1389,srtm_band_mask_rescaled_to_vector_area,30,2026-09-08T06:55:17+00:00
G077401E41619N,upper_syr_darya,syr_darya,gte_4000,4000,,1.247439,94.8611,srtm_band_mask_rescaled_to_vector_area,30,2026-09-08T06:55:17+00:00
G077401E41800N,upper_syr_darya,syr_darya,3000_4000,3000,4000,0.032902,21.9667,srtm_band_mask_rescaled_to_vector_area,30,2026-09-08T06:55:17+00:00
G077401E41800N,upper_syr_darya,syr_darya,gte_4000,4000,,0.116878,78.0333,srtm_band_mask_rescaled_to_vector_area,30,2026-09-08T06:55:17+00:00
G077401E41966N,upper_syr_darya,syr_darya,3000_4000,3000,4000,0.344149,59.6413,srtm_band_mask_rescaled_to_vector_area,30,2026-09-08T06:55:17+00:00
G077401E41966N,upper_syr_darya,syr_darya,gte_4000,4000,,0.232883,40.3587,srtm_band_mask_rescaled_to_vector_area,30,2026-09-08T06:55:17+00:00
G077403E41640N,upper_syr_darya,syr_darya,gte_4000,4000,,0.024791,100.0000,srtm_band_mask_rescaled_to_vector_area,30,2026-09-08T06:55:17+00:00
G077404E41606N,upper_syr_darya,syr_darya,gte_4000,4000,,0.114585,100.0000,srtm_band_mask_rescaled_to_vector_area,30,2026-09-08T06:55:17+00:00
G077405E41715N,upper_syr_darya,syr_darya,gte_4000,4000,,0.048952,100.0000,srtm_band_mask_rescaled_to_vector_area,30,2026-09-08T06:55:17+00:00
G077405E41876N,upper_syr_darya,syr_darya,3000_4000,3000,4000,0.150491,38.8972,srtm_band_mask_rescaled_to_vector_area,30,2026-09-08T06:55:17+00:00
G077405E41876N,upper_syr_darya,syr_darya,gte_4000,4000,,0.236403,61.1028,srtm_band_mask_rescaled_to_vector_area,30,2026-09-08T06:55:17+00:00
G077407E41405N,upper_syr_darya,syr_darya,gte_4000,4000,,0.031437,100.0000,srtm_band_mask_rescaled_to_vector_area,30,2026-09-08T06:55:17+00:00
G077409E41639N,upper_syr_darya,syr_darya,gte_4000,4000,,0.045846,100.0000,srtm_band_mask_rescaled_to_vector_area,30,2026-09-08T06:55:17+00:00
G077410E41798N,upper_syr_darya,syr_darya,3000_4000,3000,4000,0.058348,23.7385,srtm_band_mask_rescaled_to_vector_area,30,2026-09-08T06:55:17+00:00
G077410E41798N,upper_syr_darya,syr_darya,gte_4000,4000,,0.187446,76.2615,srtm_band_mask_rescaled_to_vector_area,30,2026-09-08T06:55:17+00:00
G077412E41410N,upper_syr_darya,syr_darya,3000_4000,3000,4000,0.054364,3.9690,srtm_band_mask_rescaled_to_vector_area,30,2026-09-08T06:55:17+00:00
G077412E41410N,upper_syr_darya,syr_darya,gte_4000,4000,,1.315371,96.0310,srtm_band_mask_rescaled_to_vector_area,30,2026-09-08T06:55:17+00:00
G077413E41449N,upper_syr_darya,syr_darya,gte_4000,4000,,0.358675,100.0000,srtm_band_mask_rescaled_to_vector_area,30,2026-09-08T06:55:17+00:00
G077413E41709N,upper_syr_darya,syr_darya,3000_4000,3000,4000,0.118666,43.3281,srtm_band_mask_rescaled_to_vector_area,30,2026-09-08T06:55:17+00:00
G077413E41709N,upper_syr_darya,syr_darya,gte_4000,4000,,0.155212,56.6719,srtm_band_mask_rescaled_to_vector_area,30,2026-09-08T06:55:17+00:00
G077414E41434N,upper_syr_darya,syr_darya,gte_4000,4000,,0.430502,100.0000,srtm_band_mask_rescaled_to_vector_area,30,2026-09-08T06:55:17+00:00
G077414E41710N,upper_syr_darya,syr_darya,3000_4000,3000,4000,0.211216,38.4461,srtm_band_mask_rescaled_to_vector_area,30,2026-09-08T06:55:17+00:00
G077414E41710N,upper_syr_darya,syr_darya,gte_4000,4000,,0.338167,61.5539,srtm_band_mask_rescaled_to_vector_area,30,2026-09-08T06:55:17+00:00
G077414E41913N,upper_syr_darya,syr_darya,3000_4000,3000,4000,0.008717,25.1703,srtm_band_mask_rescaled_to_vector_area,30,2026-09-08T06:55:17+00:00
G077414E41913N,upper_syr_darya,syr_darya,gte_4000,4000,,0.025916,74.8297,srtm_band_mask_rescaled_to_vector_area,30,2026-09-08T06:55:17+00:00
G077414E41961N,upper_syr_darya,syr_darya,gte_4000,4000,,0.043510,100.0000,srtm_band_mask_rescaled_to_vector_area,30,2026-09-08T06:55:17+00:00
G077416E41619N,upper_syr_darya,syr_darya,3000_4000,3000,4000,0.241075,6.5022,srtm_band_mask_rescaled_to_vector_area,30,2026-09-08T06:55:17+00:00
G077416E41619N,upper_syr_darya,syr_darya,gte_4000,4000,,3.466503,93.4978,srtm_band_mask_rescaled_to_vector_area,30,2026-09-08T06:55:17+00:00
G077417E41870N,upper_syr_darya,syr_darya,3000_4000,3000,4000,0.080913,38.6781,srtm_band_mask_rescaled_to_vector_area,30,2026-09-08T06:55:17+00:00
G077417E41870N,upper_syr_darya,syr_darya,gte_4000,4000,,0.128283,61.3219,srtm_band_mask_rescaled_to_vector_area,30,2026-09-08T06:55:17+00:00
G077418E41402N,upper_syr_darya,syr_darya,gte_4000,4000,,0.192272,100.0000,srtm_band_mask_rescaled_to_vector_area,30,2026-09-08T06:55:17+00:00
G077418E41798N,upper_syr_darya,syr_darya,3000_4000,3000,4000,0.001728,0.7608,srtm_band_mask_rescaled_to_vector_area,30,2026-09-08T06:55:17+00:00
G077418E41798N,upper_syr_darya,syr_darya,gte_4000,4000,,0.225420,99.2392,srtm_band_mask_rescaled_to_vector_area,30,2026-09-08T06:55:17+00:00
G077420E41605N,upper_syr_darya,syr_darya,gte_4000,4000,,0.110260,100.0000,srtm_band_mask_rescaled_to_vector_area,30,2026-09-08T06:55:17+00:00
G077421E41802N,upper_syr_darya,syr_darya,3000_4000,3000,4000,0.007201,4.8020,srtm_band_mask_rescaled_to_vector_area,30,2026-09-08T06:55:17+00:00
G077421E41802N,upper_syr_darya,syr_darya,gte_4000,4000,,0.142752,95.1980,srtm_band_mask_rescaled_to_vector_area,30,2026-09-08T06:55:17+00:00
G077421E41912N,upper_syr_darya,syr_darya,3000_4000,3000,4000,0.026691,79.4290,srtm_band_mask_rescaled_to_vector_area,30,2026-09-08T06:55:17+00:00
G077421E41912N,upper_syr_darya,syr_darya,gte_4000,4000,,0.006913,20.5710,srtm_band_mask_rescaled_to_vector_area,30,2026-09-08T06:55:17+00:00
G077422E41850N,upper_syr_darya,syr_darya,gte_4000,4000,,0.121585,100.0000,srtm_band_mask_rescaled_to_vector_area,30,2026-09-08T06:55:17+00:00
G077423E41638N,upper_syr_darya,syr_darya,gte_4000,4000,,0.049828,100.0000,srtm_band_mask_rescaled_to_vector_area,30,2026-09-08T06:55:17+00:00
G077423E41711N,upper_syr_darya,syr_darya,3000_4000,3000,4000,0.118650,43.3207,srtm_band_mask_rescaled_to_vector_area,30,2026-09-08T06:55:17+00:00
G077423E41711N,upper_syr_darya,syr_darya,gte_4000,4000,,0.155238,56.6793,srtm_band_mask_rescaled_to_vector_area,30,2026-09-08T06:55:17+00:00
G077423E41719N,upper_syr_darya,syr_darya,3000_4000,3000,4000,0.000450,0.5341,srtm_band_mask_rescaled_to_vector_area,30,2026-09-08T06:55:17+00:00
G077423E41719N,upper_syr_darya,syr_darya,gte_4000,4000,,0.083861,99.4659,srtm_band_mask_rescaled_to_vector_area,30,2026-09-08T06:55:17+00:00
G077423E41911N,upper_syr_darya,syr_darya,3000_4000,3000,4000,0.092886,33.7835,srtm_band_mask_rescaled_to_vector_area,30,2026-09-08T06:55:17+00:00
G077423E41911N,upper_syr_darya,syr_darya,gte_4000,4000,,0.182060,66.2165,srtm_band_mask_rescaled_to_vector_area,30,2026-09-08T06:55:17+00:00
G077423E41972N,upper_syr_darya,syr_darya,3000_4000,3000,4000,0.114793,33.5196,srtm_band_mask_rescaled_to_vector_area,30,2026-09-08T06:55:17+00:00
G077423E41972N,upper_syr_darya,syr_darya,gte_4000,4000,,0.227672,66.4804,srtm_band_mask_rescaled_to_vector_area,30,2026-09-08T06:55:17+00:00
G077424E41627N,upper_syr_darya,syr_darya,3000_4000,3000,4000,0.016311,1.4310,srtm_band_mask_rescaled_to_vector_area,30,2026-09-08T06:55:17+00:00
G077424E41627N,upper_syr_darya,syr_darya,gte_4000,4000,,1.123503,98.5690,srtm_band_mask_rescaled_to_vector_area,30,2026-09-08T06:55:17+00:00
G077424E41870N,upper_syr_darya,syr_darya,3000_4000,3000,4000,0.094385,70.8345,srtm_band_mask_rescaled_to_vector_area,30,2026-09-08T06:55:17+00:00
G077424E41870N,upper_syr_darya,syr_darya,gte_4000,4000,,0.038862,29.1655,srtm_band_mask_rescaled_to_vector_area,30,2026-09-08T06:55:17+00:00
G077424E41968N,upper_syr_darya,syr_darya,gte_4000,4000,,0.052035,100.0000,srtm_band_mask_rescaled_to_vector_area,30,2026-09-08T06:55:17+00:00
G077425E41433N,upper_syr_darya,syr_darya,gte_4000,4000,,0.043622,100.0000,srtm_band_mask_rescaled_to_vector_area,30,2026-09-08T06:55:17+00:00
G077425E41635N,upper_syr_darya,syr_darya,gte_4000,4000,,0.401017,100.0000,srtm_band_mask_rescaled_to_vector_area,30,2026-09-08T06:55:17+00:00
G077427E41641N,upper_syr_darya,syr_darya,3000_4000,3000,4000,0.026987,11.1809,srtm_band_mask_rescaled_to_vector_area,30,2026-09-08T06:55:17+00:00
G077427E41641N,upper_syr_darya,syr_darya,gte_4000,4000,,0.214378,88.8191,srtm_band_mask_rescaled_to_vector_area,30,2026-09-08T06:55:17+00:00
G077427E41874N,upper_syr_darya,syr_darya,gte_4000,4000,,0.183218,100.0000,srtm_band_mask_rescaled_to_vector_area,30,2026-09-08T06:55:17+00:00
G077428E41404N,upper_syr_darya,syr_darya,gte_4000,4000,,0.484618,100.0000,srtm_band_mask_rescaled_to_vector_area,30,2026-09-08T06:55:17+00:00
G077428E41800N,upper_syr_darya,syr_darya,3000_4000,3000,4000,0.026450,13.2671,srtm_band_mask_rescaled_to_vector_area,30,2026-09-08T06:55:17+00:00
G077428E41800N,upper_syr_darya,syr_darya,gte_4000,4000,,0.172913,86.7329,srtm_band_mask_rescaled_to_vector_area,30,2026-09-08T06:55:17+00:00
G077428E41884N,upper_syr_darya,syr_darya,3000_4000,3000,4000,0.002435,11.0765,srtm_band_mask_rescaled_to_vector_area,30,2026-09-08T06:55:17+00:00
G077428E41884N,upper_syr_darya,syr_darya,gte_4000,4000,,0.019551,88.9235,srtm_band_mask_rescaled_to_vector_area,30,2026-09-08T06:55:17+00:00
G077429E41637N,upper_syr_darya,syr_darya,gte_4000,4000,,0.062151,100.0000,srtm_band_mask_rescaled_to_vector_area,30,2026-09-08T06:55:17+00:00
G077429E41879N,upper_syr_darya,syr_darya,gte_4000,4000,,0.045308,100.0000,srtm_band_mask_rescaled_to_vector_area,30,2026-09-08T06:55:17+00:00
G077430E41717N,upper_syr_darya,syr_darya,3000_4000,3000,4000,0.148578,41.4557,srtm_band_mask_rescaled_to_vector_area,30,2026-09-08T06:55:17+00:00
G077430E41717N,upper_syr_darya,syr_darya,gte_4000,4000,,0.209824,58.5443,srtm_band_mask_rescaled_to_vector_area,30,2026-09-08T06:55:17+00:00
G077430E41718N,upper_syr_darya,syr_darya,3000_4000,3000,4000,0.006013,6.1718,srtm_band_mask_rescaled_to_vector_area,30,2026-09-08T06:55:17+00:00
G077430E41718N,upper_syr_darya,syr_darya,gte_4000,4000,,0.091409,93.8282,srtm_band_mask_rescaled_to_vector_area,30,2026-09-08T06:55:17+00:00
G077431E41856N,upper_syr_darya,syr_darya,gte_4000,4000,,0.216321,100.0000,srtm_band_mask_rescaled_to_vector_area,30,2026-09-08T06:55:17+00:00
G077431E41911N,upper_syr_darya,syr_darya,3000_4000,3000,4000,0.022361,12.2059,srtm_band_mask_rescaled_to_vector_area,30,2026-09-08T06:55:17+00:00
G077431E41911N,upper_syr_darya,syr_darya,gte_4000,4000,,0.160841,87.7941,srtm_band_mask_rescaled_to_vector_area,30,2026-09-08T06:55:17+00:00
G077432E41431N,upper_syr_darya,syr_darya,gte_4000,4000,,0.018881,100.0000,srtm_band_mask_rescaled_to_vector_area,30,2026-09-08T06:55:17+00:00
G077432E41450N,upper_syr_darya,syr_darya,3000_4000,3000,4000,0.018293,2.4362,srtm_band_mask_rescaled_to_vector_area,30,2026-09-08T06:55:17+00:00
G077432E41450N,upper_syr_darya,syr_darya,gte_4000,4000,,0.732595,97.5638,srtm_band_mask_rescaled_to_vector_area,30,2026-09-08T06:55:17+00:00
G077433E41398N,upper_syr_darya,syr_darya,gte_4000,4000,,0.158628,100.0000,srtm_band_mask_rescaled_to_vector_area,30,2026-09-08T06:55:17+00:00
G077433E41870N,upper_syr_darya,syr_darya,3000_4000,3000,4000,0.014799,10.1004,srtm_band_mask_rescaled_to_vector_area,30,2026-09-08T06:55:17+00:00
G077433E41870N,upper_syr_darya,syr_darya,gte_4000,4000,,0.131722,89.8996,srtm_band_mask_rescaled_to_vector_area,30,2026-09-08T06:55:17+00:00
G077434E41404N,upper_syr_darya,syr_darya,gte_4000,4000,,0.371783,100.0000,srtm_band_mask_rescaled_to_vector_area,30,2026-09-08T06:55:17+00:00
G077434E41451N,upper_syr_darya,syr_darya,3000_4000,3000,4000,0.033803,9.3755,srtm_band_mask_rescaled_to_vector_area,30,2026-09-08T06:55:17+00:00
G077434E41451N,upper_syr_darya,syr_darya,gte_4000,4000,,0.326742,90.6245,srtm_band_mask_rescaled_to_vector_area,30,2026-09-08T06:55:17+00:00
G077434E41881N,upper_syr_darya,syr_darya,gte_4000,4000,,0.041640,100.0000,srtm_band_mask_rescaled_to_vector_area,30,2026-09-08T06:55:17+00:00
G077435E41800N,upper_syr_darya,syr_darya,3000_4000,3000,4000,0.014421,8.5928,srtm_band_mask_rescaled_to_vector_area,30,2026-09-08T06:55:17+00:00
G077435E41800N,upper_syr_darya,syr_darya,gte_4000,4000,,0.153406,91.4072,srtm_band_mask_rescaled_to_vector_area,30,2026-09-08T06:55:17+00:00
G077436E41630N,upper_syr_darya,syr_darya,gte_4000,4000,,0.090352,100.0000,srtm_band_mask_rescaled_to_vector_area,30,2026-09-08T06:55:17+00:00
G077437E41614N,upper_syr_darya,syr_darya,gte_4000,4000,,0.611072,100.0000,srtm_band_mask_rescaled_to_vector_area,30,2026-09-08T06:55:17+00:00
G077437E41881N,upper_syr_darya,syr_darya,3000_4000,3000,4000,0.001683,9.7690,srtm_band_mask_rescaled_to_vector_area,30,2026-09-08T06:55:17+00:00
G077437E41881N,upper_syr_darya,syr_darya,gte_4000,4000,,0.015548,90.2310,srtm_band_mask_rescaled_to_vector_area,30,2026-09-08T06:55:17+00:00
G077442E41452N,upper_syr_darya,syr_darya,gte_4000,4000,,0.578921,100.0000,srtm_band_mask_rescaled_to_vector_area,30,2026-09-08T06:55:17+00:00
G077442E41721N,upper_syr_darya,syr_darya,3000_4000,3000,4000,0.096750,31.7706,srtm_band_mask_rescaled_to_vector_area,30,2026-09-08T06:55:17+00:00
G077442E41721N,upper_syr_darya,syr_darya,gte_4000,4000,,0.207778,68.2294,srtm_band_mask_rescaled_to_vector_area,30,2026-09-08T06:55:17+00:00
G077442E41804N,upper_syr_darya,syr_darya,3000_4000,3000,4000,0.060830,23.5679,srtm_band_mask_rescaled_to_vector_area,30,2026-09-08T06:55:17+00:00
G077442E41804N,upper_syr_darya,syr_darya,gte_4000,4000,,0.197276,76.4321,srtm_band_mask_rescaled_to_vector_area,30,2026-09-08T06:55:17+00:00
G077443E41403N,upper_syr_darya,syr_darya,gte_4000,4000,,0.209648,100.0000,srtm_band_mask_rescaled_to_vector_area,30,2026-09-08T06:55:17+00:00
G077443E41863N,upper_syr_darya,syr_darya,3000_4000,3000,4000,0.176449,14.7592,srtm_band_mask_rescaled_to_vector_area,30,2026-09-08T06:55:17+00:00
G077443E41863N,upper_syr_darya,syr_darya,gte_4000,4000,,1.019069,85.2408,srtm_band_mask_rescaled_to_vector_area,30,2026-09-08T06:55:17+00:00
G077446E41628N,upper_syr_darya,syr_darya,3000_4000,3000,4000,0.600381,12.0302,srtm_band_mask_rescaled_to_vector_area,30,2026-09-08T06:55:17+00:00
G077446E41628N,upper_syr_darya,syr_darya,gte_4000,4000,,4.390252,87.9698,srtm_band_mask_rescaled_to_vector_area,30,2026-09-08T06:55:17+00:00
G077450E41931N,upper_syr_darya,syr_darya,gte_4000,4000,,0.020874,100.0000,srtm_band_mask_rescaled_to_vector_area,30,2026-09-08T06:55:17+00:00
G077451E41472N,upper_syr_darya,syr_darya,gte_4000,4000,,0.020470,100.0000,srtm_band_mask_rescaled_to_vector_area,30,2026-09-08T06:55:17+00:00
G077451E41725N,upper_syr_darya,syr_darya,3000_4000,3000,4000,0.147068,41.6645,srtm_band_mask_rescaled_to_vector_area,30,2026-09-08T06:55:17+00:00
G077451E41725N,upper_syr_darya,syr_darya,gte_4000,4000,,0.205914,58.3355,srtm_band_mask_rescaled_to_vector_area,30,2026-09-08T06:55:17+00:00
G077451E41845N,upper_syr_darya,syr_darya,gte_4000,4000,,0.071175,100.0000,srtm_band_mask_rescaled_to_vector_area,30,2026-09-08T06:55:17+00:00
G077453E41648N,upper_syr_darya,syr_darya,3000_4000,3000,4000,0.044730,16.8172,srtm_band_mask_rescaled_to_vector_area,30,2026-09-08T06:55:17+00:00
G077453E41648N,upper_syr_darya,syr_darya,gte_4000,4000,,0.221248,83.1828,srtm_band_mask_rescaled_to_vector_area,30,2026-09-08T06:55:17+00:00
G077453E41803N,upper_syr_darya,syr_darya,3000_4000,3000,4000,0.010595,9.8880,srtm_band_mask_rescaled_to_vector_area,30,2026-09-08T06:55:17+00:00
G077453E41803N,upper_syr_darya,syr_darya,gte_4000,4000,,0.096550,90.1120,srtm_band_mask_rescaled_to_vector_area,30,2026-09-08T06:55:17+00:00
G077453E41932N,upper_syr_darya,syr_darya,3000_4000,3000,4000,0.020643,15.0994,srtm_band_mask_rescaled_to_vector_area,30,2026-09-08T06:55:17+00:00
G077453E41932N,upper_syr_darya,syr_darya,gte_4000,4000,,0.116071,84.9006,srtm_band_mask_rescaled_to_vector_area,30,2026-09-08T06:55:17+00:00
G077457E41457N,upper_syr_darya,syr_darya,gte_4000,4000,,0.529312,100.0000,srtm_band_mask_rescaled_to_vector_area,30,2026-09-08T06:55:17+00:00
G077457E41709N,upper_syr_darya,syr_darya,3000_4000,3000,4000,0.114407,10.4790,srtm_band_mask_rescaled_to_vector_area,30,2026-09-08T06:55:17+00:00
G077457E41709N,upper_syr_darya,syr_darya,gte_4000,4000,,0.977363,89.5210,srtm_band_mask_rescaled_to_vector_area,30,2026-09-08T06:55:17+00:00
G077457E41844N,upper_syr_darya,syr_darya,3000_4000,3000,4000,0.000018,0.0472,srtm_band_mask_rescaled_to_vector_area,30,2026-09-08T06:55:17+00:00
G077457E41844N,upper_syr_darya,syr_darya,gte_4000,4000,,0.038983,99.9528,srtm_band_mask_rescaled_to_vector_area,30,2026-09-08T06:55:17+00:00
G077457E41856N,upper_syr_darya,syr_darya,gte_4000,4000,,0.186893,100.0000,srtm_band_mask_rescaled_to_vector_area,30,2026-09-08T06:55:17+00:00
G077458E41618N,upper_syr_darya,syr_darya,gte_4000,4000,,0.484655,100.0000,srtm_band_mask_rescaled_to_vector_area,30,2026-09-08T06:55:17+00:00
G077458E41933N,upper_syr_darya,syr_darya,3000_4000,3000,4000,0.021951,25.9466,srtm_band_mask_rescaled_to_vector_area,30,2026-09-08T06:55:17+00:00
G077458E41933N,upper_syr_darya,syr_darya,gte_4000,4000,,0.062649,74.0534,srtm_band_mask_rescaled_to_vector_area,30,2026-09-08T06:55:17+00:00
G077459E41719N,upper_syr_darya,syr_darya,gte_4000,4000,,0.096728,100.0000,srtm_band_mask_rescaled_to_vector_area,30,2026-09-08T06:55:17+00:00
G077459E41803N,upper_syr_darya,syr_darya,3000_4000,3000,4000,0.056026,26.7978,srtm_band_mask_rescaled_to_vector_area,30,2026-09-08T06:55:17+00:00
G077459E41803N,upper_syr_darya,syr_darya,gte_4000,4000,,0.153045,73.2022,srtm_band_mask_rescaled_to_vector_area,30,2026-09-08T06:55:17+00:00
G077460E41614N,upper_syr_darya,syr_darya,gte_4000,4000,,0.266852,100.0000,srtm_band_mask_rescaled_to_vector_area,30,2026-09-08T06:55:17+00:00
G077461E41635N,upper_syr_darya,syr_darya,gte_4000,4000,,0.019250,100.0000,srtm_band_mask_rescaled_to_vector_area,30,2026-09-08T06:55:17+00:00
G077461E41856N,upper_syr_darya,syr_darya,gte_4000,4000,,0.437623,100.0000,srtm_band_mask_rescaled_to_vector_area,30,2026-09-08T06:55:17+00:00
G077462E41860N,upper_syr_darya,syr_darya,3000_4000,3000,4000,0.070122,5.4336,srtm_band_mask_rescaled_to_vector_area,30,2026-09-08T06:55:17+00:00
G077462E41860N,upper_syr_darya,syr_darya,gte_4000,4000,,1.220411,94.5664,srtm_band_mask_rescaled_to_vector_area,30,2026-09-08T06:55:17+00:00
G077462E41918N,upper_syr_darya,syr_darya,3000_4000,3000,4000,0.392226,19.3952,srtm_band_mask_rescaled_to_vector_area,30,2026-09-08T06:55:17+00:00
G077462E41918N,upper_syr_darya,syr_darya,gte_4000,4000,,1.630063,80.6048,srtm_band_mask_rescaled_to_vector_area,30,2026-09-08T06:55:17+00:00
G077463E41723N,upper_syr_darya,syr_darya,3000_4000,3000,4000,0.249987,29.1476,srtm_band_mask_rescaled_to_vector_area,30,2026-09-08T06:55:17+00:00
G077463E41723N,upper_syr_darya,syr_darya,gte_4000,4000,,0.607671,70.8524,srtm_band_mask_rescaled_to_vector_area,30,2026-09-08T06:55:17+00:00
G077463E41861N,upper_syr_darya,syr_darya,3000_4000,3000,4000,0.506620,16.3647,srtm_band_mask_rescaled_to_vector_area,30,2026-09-08T06:55:17+00:00
G077463E41861N,upper_syr_darya,syr_darya,gte_4000,4000,,2.589192,83.6353,srtm_band_mask_rescaled_to_vector_area,30,2026-09-08T06:55:17+00:00
G077463E41931N,upper_syr_darya,syr_darya,3000_4000,3000,4000,0.040157,18.7937,srtm_band_mask_rescaled_to_vector_area,30,2026-09-08T06:55:17+00:00
G077463E41931N,upper_syr_darya,syr_darya,gte_4000,4000,,0.173517,81.2063,srtm_band_mask_rescaled_to_vector_area,30,2026-09-08T06:55:17+00:00
G077464E41826N,upper_syr_darya,syr_darya,3000_4000,3000,4000,0.000110,0.1504,srtm_band_mask_rescaled_to_vector_area,30,2026-09-08T06:55:17+00:00
G077464E41826N,upper_syr_darya,syr_darya,gte_4000,4000,,0.073354,99.8496,srtm_band_mask_rescaled_to_vector_area,30,2026-09-08T06:55:17+00:00
G077465E41931N,upper_syr_darya,syr_darya,3000_4000,3000,4000,0.012109,15.6358,srtm_band_mask_rescaled_to_vector_area,30,2026-09-08T06:55:17+00:00
G077465E41931N,upper_syr_darya,syr_darya,gte_4000,4000,,0.065335,84.3642,srtm_band_mask_rescaled_to_vector_area,30,2026-09-08T06:55:17+00:00
G077466E41323N,upper_syr_darya,syr_darya,gte_4000,4000,,0.043174,100.0000,srtm_band_mask_rescaled_to_vector_area,30,2026-09-08T06:55:17+00:00
G077467E41409N,upper_syr_darya,syr_darya,gte_4000,4000,,0.050358,100.0000,srtm_band_mask_rescaled_to_vector_area,30,2026-09-08T06:55:17+00:00
G077467E41642N,upper_syr_darya,syr_darya,3000_4000,3000,4000,0.439826,11.1877,srtm_band_mask_rescaled_to_vector_area,30,2026-09-08T06:55:17+00:00
G077467E41642N,upper_syr_darya,syr_darya,gte_4000,4000,,3.491510,88.8123,srtm_band_mask_rescaled_to_vector_area,30,2026-09-08T06:55:17+00:00
G077467E41826N,upper_syr_darya,syr_darya,gte_4000,4000,,0.021376,100.0000,srtm_band_mask_rescaled_to_vector_area,30,2026-09-08T06:55:17+00:00
G077469E41322N,upper_syr_darya,syr_darya,gte_4000,4000,,0.057479,100.0000,srtm_band_mask_rescaled_to_vector_area,30,2026-09-08T06:55:17+00:00
G077471E41458N,upper_syr_darya,syr_darya,gte_4000,4000,,0.075757,100.0000,srtm_band_mask_rescaled_to_vector_area,30,2026-09-08T06:55:17+00:00
G077471E41714N,upper_syr_darya,syr_darya,gte_4000,4000,,0.320180,100.0000,srtm_band_mask_rescaled_to_vector_area,30,2026-09-08T06:55:17+00:00
G077471E41729N,upper_syr_darya,syr_darya,3000_4000,3000,4000,0.150350,29.2283,srtm_band_mask_rescaled_to_vector_area,30,2026-09-08T06:55:17+00:00
G077471E41729N,upper_syr_darya,syr_darya,gte_4000,4000,,0.364048,70.7717,srtm_band_mask_rescaled_to_vector_area,30,2026-09-08T06:55:17+00:00
G077471E41838N,upper_syr_darya,syr_darya,gte_4000,4000,,0.031462,100.0000,srtm_band_mask_rescaled_to_vector_area,30,2026-09-08T06:55:17+00:00
G077473E41712N,upper_syr_darya,syr_darya,gte_4000,4000,,0.027314,100.0000,srtm_band_mask_rescaled_to_vector_area,30,2026-09-08T06:55:17+00:00
G077473E41720N,upper_syr_darya,syr_darya,gte_4000,4000,,0.141240,100.0000,srtm_band_mask_rescaled_to_vector_area,30,2026-09-08T06:55:17+00:00
G077474E41322N,upper_syr_darya,syr_darya,gte_4000,4000,,0.164924,100.0000,srtm_band_mask_rescaled_to_vector_area,30,2026-09-08T06:55:17+00:00
G077474E41328N,upper_syr_darya,syr_darya,gte_4000,4000,,0.103535,100.0000,srtm_band_mask_rescaled_to_vector_area,30,2026-09-08T06:55:17+00:00
G077474E41821N,upper_syr_darya,syr_darya,gte_4000,4000,,0.102464,100.0000,srtm_band_mask_rescaled_to_vector_area,30,2026-09-08T06:55:17+00:00
G077474E41825N,upper_syr_darya,syr_darya,gte_4000,4000,,0.020866,100.0000,srtm_band_mask_rescaled_to_vector_area,30,2026-09-08T06:55:17+00:00
G077475E41458N,upper_syr_darya,syr_darya,gte_4000,4000,,0.858781,100.0000,srtm_band_mask_rescaled_to_vector_area,30,2026-09-08T06:55:17+00:00
G077475E41825N,upper_syr_darya,syr_darya,3000_4000,3000,4000,0.026112,5.6153,srtm_band_mask_rescaled_to_vector_area,30,2026-09-08T06:55:17+00:00
G077475E41825N,upper_syr_darya,syr_darya,gte_4000,4000,,0.438910,94.3847,srtm_band_mask_rescaled_to_vector_area,30,2026-09-08T06:55:17+00:00
G077476E41309N,upper_syr_darya,syr_darya,gte_4000,4000,,0.009252,100.0000,srtm_band_mask_rescaled_to_vector_area,30,2026-09-08T06:55:17+00:00
G077476E41727N,upper_syr_darya,syr_darya,gte_4000,4000,,0.055860,100.0000,srtm_band_mask_rescaled_to_vector_area,30,2026-09-08T06:55:17+00:00
G077477E41733N,upper_syr_darya,syr_darya,3000_4000,3000,4000,0.097440,19.2502,srtm_band_mask_rescaled_to_vector_area,30,2026-09-08T06:55:17+00:00
G077477E41733N,upper_syr_darya,syr_darya,gte_4000,4000,,0.408736,80.7498,srtm_band_mask_rescaled_to_vector_area,30,2026-09-08T06:55:17+00:00
G077477E41840N,upper_syr_darya,syr_darya,gte_4000,4000,,0.179704,100.0000,srtm_band_mask_rescaled_to_vector_area,30,2026-09-08T06:55:17+00:00
G077477E41863N,upper_syr_darya,syr_darya,3000_4000,3000,4000,0.070107,5.4325,srtm_band_mask_rescaled_to_vector_area,30,2026-09-08T06:55:17+00:00
G077477E41863N,upper_syr_darya,syr_darya,gte_4000,4000,,1.220412,94.5675,srtm_band_mask_rescaled_to_vector_area,30,2026-09-08T06:55:17+00:00
G077477E41880N,upper_syr_darya,syr_darya,gte_4000,4000,,0.085274,100.0000,srtm_band_mask_rescaled_to_vector_area,30,2026-09-08T06:55:17+00:00
G077478E41327N,upper_syr_darya,syr_darya,gte_4000,4000,,0.099256,100.0000,srtm_band_mask_rescaled_to_vector_area,30,2026-09-08T06:55:17+00:00
G077478E41641N,upper_syr_darya,syr_darya,gte_4000,4000,,0.667288,100.0000,srtm_band_mask_rescaled_to_vector_area,30,2026-09-08T06:55:17+00:00
G077478E41837N,upper_syr_darya,syr_darya,gte_4000,4000,,0.023362,100.0000,srtm_band_mask_rescaled_to_vector_area,30,2026-09-08T06:55:17+00:00
G077478E41871N,upper_syr_darya,syr_darya,3000_4000,3000,4000,0.000573,0.2518,srtm_band_mask_rescaled_to_vector_area,30,2026-09-08T06:55:17+00:00
G077478E41871N,upper_syr_darya,syr_darya,gte_4000,4000,,0.226840,99.7482,srtm_band_mask_rescaled_to_vector_area,30,2026-09-08T06:55:17+00:00
G077478E41922N,upper_syr_darya,syr_darya,3000_4000,3000,4000,0.351670,51.1266,srtm_band_mask_rescaled_to_vector_area,30,2026-09-08T06:55:17+00:00
G077478E41922N,upper_syr_darya,syr_darya,gte_4000,4000,,0.336171,48.8734,srtm_band_mask_rescaled_to_vector_area,30,2026-09-08T06:55:17+00:00
G077479E41275N,upper_syr_darya,syr_darya,3000_4000,3000,4000,0.001739,0.3750,srtm_band_mask_rescaled_to_vector_area,30,2026-09-08T06:55:17+00:00
G077479E41275N,upper_syr_darya,syr_darya,gte_4000,4000,,0.461960,99.6250,srtm_band_mask_rescaled_to_vector_area,30,2026-09-08T06:55:17+00:00
G077481E41267N,upper_syr_darya,syr_darya,gte_4000,4000,,0.267428,100.0000,srtm_band_mask_rescaled_to_vector_area,30,2026-09-08T06:55:17+00:00
G077481E41654N,upper_syr_darya,syr_darya,gte_4000,4000,,0.091546,100.0000,srtm_band_mask_rescaled_to_vector_area,30,2026-09-08T06:55:17+00:00
G077481E41788N,upper_syr_darya,syr_darya,gte_4000,4000,,0.022682,100.0000,srtm_band_mask_rescaled_to_vector_area,30,2026-09-08T06:55:17+00:00
G077481E41909N,upper_syr_darya,syr_darya,gte_4000,4000,,0.092712,100.0000,srtm_band_mask_rescaled_to_vector_area,30,2026-09-08T06:55:17+00:00
G077482E41311N,upper_syr_darya,syr_darya,gte_4000,4000,,0.012007,100.0000,srtm_band_mask_rescaled_to_vector_area,30,2026-09-08T06:55:17+00:00
G077482E41316N,upper_syr_darya,syr_darya,gte_4000,4000,,0.022968,100.0000,srtm_band_mask_rescaled_to_vector_area,30,2026-09-08T06:55:17+00:00
G077482E41648N,upper_syr_darya,syr_darya,gte_4000,4000,,0.330386,100.0000,srtm_band_mask_rescaled_to_vector_area,30,2026-09-08T06:55:17+00:00
G077482E41842N,upper_syr_darya,syr_darya,gte_4000,4000,,0.115354,100.0000,srtm_band_mask_rescaled_to_vector_area,30,2026-09-08T06:55:17+00:00
G077483E41272N,upper_syr_darya,syr_darya,gte_4000,4000,,0.628673,100.0000,srtm_band_mask_rescaled_to_vector_area,30,2026-09-08T06:55:17+00:00
G077483E41318N,upper_syr_darya,syr_darya,gte_4000,4000,,0.041630,100.0000,srtm_band_mask_rescaled_to_vector_area,30,2026-09-08T06:55:17+00:00
G077483E41628N,upper_syr_darya,syr_darya,gte_4000,4000,,0.250867,100.0000,srtm_band_mask_rescaled_to_vector_area,30,2026-09-08T06:55:17+00:00
G077483E41736N,upper_syr_darya,syr_darya,gte_4000,4000,,0.018080,100.0000,srtm_band_mask_rescaled_to_vector_area,30,2026-09-08T06:55:17+00:00
G077484E41322N,upper_syr_darya,syr_darya,3000_4000,3000,4000,0.014037,4.3872,srtm_band_mask_rescaled_to_vector_area,30,2026-09-08T06:55:17+00:00
G077484E41322N,upper_syr_darya,syr_darya,gte_4000,4000,,0.305914,95.6128,srtm_band_mask_rescaled_to_vector_area,30,2026-09-08T06:55:17+00:00
G077485E41636N,upper_syr_darya,syr_darya,gte_4000,4000,,0.213275,100.0000,srtm_band_mask_rescaled_to_vector_area,30,2026-09-08T06:55:17+00:00
G077486E41457N,upper_syr_darya,syr_darya,gte_4000,4000,,0.189612,100.0000,srtm_band_mask_rescaled_to_vector_area,30,2026-09-08T06:55:17+00:00
G077487E41471N,upper_syr_darya,syr_darya,gte_4000,4000,,0.093806,100.0000,srtm_band_mask_rescaled_to_vector_area,30,2026-09-08T06:55:17+00:00
G077487E41730N,upper_syr_darya,syr_darya,gte_4000,4000,,0.075457,100.0000,srtm_band_mask_rescaled_to_vector_area,30,2026-09-08T06:55:17+00:00
G077487E41735N,upper_syr_darya,syr_darya,3000_4000,3000,4000,0.069968,24.2647,srtm_band_mask_rescaled_to_vector_area,30,2026-09-08T06:55:17+00:00
G077487E41735N,upper_syr_darya,syr_darya,gte_4000,4000,,0.218386,75.7353,srtm_band_mask_rescaled_to_vector_area,30,2026-09-08T06:55:17+00:00
G077487E41788N,upper_syr_darya,syr_darya,gte_4000,4000,,0.020994,100.0000,srtm_band_mask_rescaled_to_vector_area,30,2026-09-08T06:55:17+00:00
G077487E41791N,upper_syr_darya,syr_darya,3000_4000,3000,4000,0.036281,13.0561,srtm_band_mask_rescaled_to_vector_area,30,2026-09-08T06:55:17+00:00
G077487E41791N,upper_syr_darya,syr_darya,gte_4000,4000,,0.241607,86.9439,srtm_band_mask_rescaled_to_vector_area,30,2026-09-08T06:55:17+00:00
G077488E41316N,upper_syr_darya,syr_darya,gte_4000,4000,,0.150838,100.0000,srtm_band_mask_rescaled_to_vector_area,30,2026-09-08T06:55:17+00:00
G077488E41649N,upper_syr_darya,syr_darya,3000_4000,3000,4000,0.025575,5.6159,srtm_band_mask_rescaled_to_vector_area,30,2026-09-08T06:55:17+00:00
G077488E41649N,upper_syr_darya,syr_darya,gte_4000,4000,,0.429836,94.3841,srtm_band_mask_rescaled_to_vector_area,30,2026-09-08T06:55:17+00:00
G077488E41673N,upper_syr_darya,syr_darya,3000_4000,3000,4000,0.002679,0.7119,srtm_band_mask_rescaled_to_vector_area,30,2026-09-08T06:55:17+00:00
G077488E41673N,upper_syr_darya,syr_darya,gte_4000,4000,,0.373664,99.2881,srtm_band_mask_rescaled_to_vector_area,30,2026-09-08T06:55:17+00:00
G077488E41792N,upper_syr_darya,syr_darya,3000_4000,3000,4000,0.012142,2.2186,srtm_band_mask_rescaled_to_vector_area,30,2026-09-08T06:55:17+00:00
G077488E41792N,upper_syr_darya,syr_darya,gte_4000,4000,,0.535128,97.7814,srtm_band_mask_rescaled_to_vector_area,30,2026-09-08T06:55:17+00:00
G077488E41910N,upper_syr_darya,syr_darya,3000_4000,3000,4000,0.146655,42.6646,srtm_band_mask_rescaled_to_vector_area,30,2026-09-08T06:55:17+00:00
G077488E41910N,upper_syr_darya,syr_darya,gte_4000,4000,,0.197084,57.3354,srtm_band_mask_rescaled_to_vector_area,30,2026-09-08T06:55:17+00:00
G077489E41626N,upper_syr_darya,syr_darya,gte_4000,4000,,0.079118,100.0000,srtm_band_mask_rescaled_to_vector_area,30,2026-09-08T06:55:17+00:00
G077490E41272N,upper_syr_darya,syr_darya,gte_4000,4000,,0.716977,100.0000,srtm_band_mask_rescaled_to_vector_area,30,2026-09-08T06:55:17+00:00
G077490E41635N,upper_syr_darya,syr_darya,gte_4000,4000,,0.469160,100.0000,srtm_band_mask_rescaled_to_vector_area,30,2026-09-08T06:55:17+00:00
G077491E41390N,upper_syr_darya,syr_darya,gte_4000,4000,,0.046074,100.0000,srtm_band_mask_rescaled_to_vector_area,30,2026-09-08T06:55:17+00:00
G077492E41458N,upper_syr_darya,syr_darya,gte_4000,4000,,0.014632,100.0000,srtm_band_mask_rescaled_to_vector_area,30,2026-09-08T06:55:17+00:00
G077492E41831N,upper_syr_darya,syr_darya,gte_4000,4000,,1.057801,100.0000,srtm_band_mask_rescaled_to_vector_area,30,2026-09-08T06:55:17+00:00
G077493E41470N,upper_syr_darya,syr_darya,gte_4000,4000,,0.083365,100.0000,srtm_band_mask_rescaled_to_vector_area,30,2026-09-08T06:55:17+00:00
G077493E41821N,upper_syr_darya,syr_darya,gte_4000,4000,,0.524284,100.0000,srtm_band_mask_rescaled_to_vector_area,30,2026-09-08T06:55:17+00:00
G077495E41369N,upper_syr_darya,syr_darya,gte_4000,4000,,0.189351,100.0000,srtm_band_mask_rescaled_to_vector_area,30,2026-09-08T06:55:17+00:00
G077495E41803N,upper_syr_darya,syr_darya,3000_4000,3000,4000,0.044426,9.0489,srtm_band_mask_rescaled_to_vector_area,30,2026-09-08T06:55:17+00:00
G077495E41803N,upper_syr_darya,syr_darya,gte_4000,4000,,0.446526,90.9511,srtm_band_mask_rescaled_to_vector_area,30,2026-09-08T06:55:17+00:00
G077496E41392N,upper_syr_darya,syr_darya,gte_4000,4000,,0.121588,100.0000,srtm_band_mask_rescaled_to_vector_area,30,2026-09-08T06:55:17+00:00
G077496E41674N,upper_syr_darya,syr_darya,3000_4000,3000,4000,0.023502,3.4269,srtm_band_mask_rescaled_to_vector_area,30,2026-09-08T06:55:17+00:00
G077496E41674N,upper_syr_darya,syr_darya,gte_4000,4000,,0.662321,96.5731,srtm_band_mask_rescaled_to_vector_area,30,2026-09-08T06:55:17+00:00
G077496E41848N,upper_syr_darya,syr_darya,3000_4000,3000,4000,0.290402,11.3857,srtm_band_mask_rescaled_to_vector_area,30,2026-09-08T06:55:17+00:00
G077496E41848N,upper_syr_darya,syr_darya,gte_4000,4000,,2.260172,88.6143,srtm_band_mask_rescaled_to_vector_area,30,2026-09-08T06:55:17+00:00
G077497E41313N,upper_syr_darya,syr_darya,gte_4000,4000,,0.735888,100.0000,srtm_band_mask_rescaled_to_vector_area,30,2026-09-08T06:55:17+00:00
G077497E41460N,upper_syr_darya,syr_darya,gte_4000,4000,,0.071943,100.0000,srtm_band_mask_rescaled_to_vector_area,30,2026-09-08T06:55:17+00:00
G077497E41737N,upper_syr_darya,syr_darya,3000_4000,3000,4000,0.050691,20.4326,srtm_band_mask_rescaled_to_vector_area,30,2026-09-08T06:55:17+00:00
G077497E41737N,upper_syr_darya,syr_darya,gte_4000,4000,,0.197398,79.5674,srtm_band_mask_rescaled_to_vector_area,30,2026-09-08T06:55:17+00:00
G077497E41792N,upper_syr_darya,syr_darya,3000_4000,3000,4000,0.036274,13.0534,srtm_band_mask_rescaled_to_vector_area,30,2026-09-08T06:55:17+00:00
G077497E41792N,upper_syr_darya,syr_darya,gte_4000,4000,,0.241614,86.9466,srtm_band_mask_rescaled_to_vector_area,30,2026-09-08T06:55:17+00:00
G077498E41650N,upper_syr_darya,syr_darya,3000_4000,3000,4000,0.065862,12.6223,srtm_band_mask_rescaled_to_vector_area,30,2026-09-08T06:55:17+00:00
G077498E41650N,upper_syr_darya,syr_darya,gte_4000,4000,,0.455930,87.3777,srtm_band_mask_rescaled_to_vector_area,30,2026-09-08T06:55:17+00:00
G077499E41368N,upper_syr_darya,syr_darya,gte_4000,4000,,0.179734,100.0000,srtm_band_mask_rescaled_to_vector_area,30,2026-09-08T06:55:17+00:00
G077499E41392N,upper_syr_darya,syr_darya,gte_4000,4000,,0.156296,100.0000,srtm_band_mask_rescaled_to_vector_area,30,2026-09-08T06:55:17+00:00
G077499E41797N,upper_syr_darya,syr_darya,gte_4000,4000,,0.059122,100.0000,srtm_band_mask_rescaled_to_vector_area,30,2026-09-08T06:55:17+00:00
G077500E41277N,upper_syr_darya,syr_darya,gte_4000,4000,,0.671643,100.0000,srtm_band_mask_rescaled_to_vector_area,30,2026-09-08T06:55:17+00:00
G077500E41459N,upper_syr_darya,syr_darya,gte_4000,4000,,0.103466,100.0000,srtm_band_mask_rescaled_to_vector_area,30,2026-09-08T06:55:17+00:00
G077501E41313N,upper_syr_darya,syr_darya,gte_4000,4000,,0.058914,100.0000,srtm_band_mask_rescaled_to_vector_area,30,2026-09-08T06:55:17+00:00
G077501E41372N,upper_syr_darya,syr_darya,gte_4000,4000,,0.247089,100.0000,srtm_band_mask_rescaled_to_vector_area,30,2026-09-08T06:55:17+00:00
G077501E41682N,upper_syr_darya,syr_darya,gte_4000,4000,,0.041651,100.0000,srtm_band_mask_rescaled_to_vector_area,30,2026-09-08T06:55:17+00:00
G077501E41883N,upper_syr_darya,syr_darya,gte_4000,4000,,0.270565,100.0000,srtm_band_mask_rescaled_to_vector_area,30,2026-09-08T06:55:17+00:00
G077502E41320N,upper_syr_darya,syr_darya,gte_4000,4000,,0.133094,100.0000,srtm_band_mask_rescaled_to_vector_area,30,2026-09-08T06:55:17+00:00
G077502E41329N,upper_syr_darya,syr_darya,3000_4000,3000,4000,0.027261,17.5109,srtm_band_mask_rescaled_to_vector_area,30,2026-09-08T06:55:17+00:00
G077502E41329N,upper_syr_darya,syr_darya,gte_4000,4000,,0.128419,82.4891,srtm_band_mask_rescaled_to_vector_area,30,2026-09-08T06:55:17+00:00
G077502E41865N,upper_syr_darya,syr_darya,3000_4000,3000,4000,1.538291,20.5034,srtm_band_mask_rescaled_to_vector_area,30,2026-09-08T06:55:17+00:00
G077502E41865N,upper_syr_darya,syr_darya,gte_4000,4000,,5.964330,79.4966,srtm_band_mask_rescaled_to_vector_area,30,2026-09-08T06:55:17+00:00
G077502E41897N,upper_syr_darya,syr_darya,3000_4000,3000,4000,0.379554,30.5548,srtm_band_mask_rescaled_to_vector_area,30,2026-09-08T06:55:17+00:00
G077502E41897N,upper_syr_darya,syr_darya,gte_4000,4000,,0.862653,69.4452,srtm_band_mask_rescaled_to_vector_area,30,2026-09-08T06:55:17+00:00
G077503E41458N,upper_syr_darya,syr_darya,gte_4000,4000,,0.198336,100.0000,srtm_band_mask_rescaled_to_vector_area,30,2026-09-08T06:55:17+00:00
G077503E41821N,upper_syr_darya,syr_darya,3000_4000,3000,4000,0.011372,5.6865,srtm_band_mask_rescaled_to_vector_area,30,2026-09-08T06:55:17+00:00
G077503E41821N,upper_syr_darya,syr_darya,gte_4000,4000,,0.188607,94.3135,srtm_band_mask_rescaled_to_vector_area,30,2026-09-08T06:55:17+00:00
G077504E41394N,upper_syr_darya,syr_darya,gte_4000,4000,,0.421249,100.0000,srtm_band_mask_rescaled_to_vector_area,30,2026-09-08T06:55:17+00:00
G077504E41650N,upper_syr_darya,syr_darya,3000_4000,3000,4000,0.134145,25.3774,srtm_band_mask_rescaled_to_vector_area,30,2026-09-08T06:55:17+00:00
G077504E41650N,upper_syr_darya,syr_darya,gte_4000,4000,,0.394455,74.6226,srtm_band_mask_rescaled_to_vector_area,30,2026-09-08T06:55:17+00:00
G077504E41740N,upper_syr_darya,syr_darya,3000_4000,3000,4000,0.000735,0.9647,srtm_band_mask_rescaled_to_vector_area,30,2026-09-08T06:55:17+00:00
G077504E41740N,upper_syr_darya,syr_darya,gte_4000,4000,,0.075414,99.0353,srtm_band_mask_rescaled_to_vector_area,30,2026-09-08T06:55:17+00:00
G077504E41832N,upper_syr_darya,syr_darya,3000_4000,3000,4000,0.001500,2.4675,srtm_band_mask_rescaled_to_vector_area,30,2026-09-08T06:55:17+00:00
G077504E41832N,upper_syr_darya,syr_darya,gte_4000,4000,,0.059306,97.5325,srtm_band_mask_rescaled_to_vector_area,30,2026-09-08T06:55:17+00:00
G077505E41673N,upper_syr_darya,syr_darya,3000_4000,3000,4000,0.033630,6.2600,srtm_band_mask_rescaled_to_vector_area,30,2026-09-08T06:55:17+00:00
G077505E41673N,upper_syr_darya,syr_darya,gte_4000,4000,,0.503593,93.7400,srtm_band_mask_rescaled_to_vector_area,30,2026-09-08T06:55:17+00:00
G077505E41682N,upper_syr_darya,syr_darya,3000_4000,3000,4000,0.017827,14.9634,srtm_band_mask_rescaled_to_vector_area,30,2026-09-08T06:55:17+00:00
G077505E41682N,upper_syr_darya,syr_darya,gte_4000,4000,,0.101309,85.0366,srtm_band_mask_rescaled_to_vector_area,30,2026-09-08T06:55:17+00:00
G077505E41718N,upper_syr_darya,syr_darya,gte_4000,4000,,1.417402,100.0000,srtm_band_mask_rescaled_to_vector_area,30,2026-09-08T06:55:17+00:00
G077506E41319N,upper_syr_darya,syr_darya,gte_4000,4000,,0.186328,100.0000,srtm_band_mask_rescaled_to_vector_area,30,2026-09-08T06:55:17+00:00
G077506E41326N,upper_syr_darya,syr_darya,3000_4000,3000,4000,0.000715,0.3674,srtm_band_mask_rescaled_to_vector_area,30,2026-09-08T06:55:17+00:00
G077506E41326N,upper_syr_darya,syr_darya,gte_4000,4000,,0.193963,99.6326,srtm_band_mask_rescaled_to_vector_area,30,2026-09-08T06:55:17+00:00
G077506E41372N,upper_syr_darya,syr_darya,gte_4000,4000,,0.249498,100.0000,srtm_band_mask_rescaled_to_vector_area,30,2026-09-08T06:55:17+00:00
G077506E41827N,upper_syr_darya,syr_darya,3000_4000,3000,4000,0.064506,16.1061,srtm_band_mask_rescaled_to_vector_area,30,2026-09-08T06:55:17+00:00
G077506E41827N,upper_syr_darya,syr_darya,gte_4000,4000,,0.336004,83.8939,srtm_band_mask_rescaled_to_vector_area,30,2026-09-08T06:55:17+00:00
G077506E41898N,upper_syr_darya,syr_darya,3000_4000,3000,4000,0.435467,33.9987,srtm_band_mask_rescaled_to_vector_area,30,2026-09-08T06:55:17+00:00
G077506E41898N,upper_syr_darya,syr_darya,gte_4000,4000,,0.845369,66.0013,srtm_band_mask_rescaled_to_vector_area,30,2026-09-08T06:55:17+00:00
G077507E41282N,upper_syr_darya,syr_darya,gte_4000,4000,,0.478961,100.0000,srtm_band_mask_rescaled_to_vector_area,30,2026-09-08T06:55:17+00:00
G077507E41457N,upper_syr_darya,syr_darya,gte_4000,4000,,0.190631,100.0000,srtm_band_mask_rescaled_to_vector_area,30,2026-09-08T06:55:17+00:00
G077507E41681N,upper_syr_darya,syr_darya,gte_4000,4000,,0.026086,100.0000,srtm_band_mask_rescaled_to_vector_area,30,2026-09-08T06:55:17+00:00
G077507E41728N,upper_syr_darya,syr_darya,3000_4000,3000,4000,0.000097,0.1920,srtm_band_mask_rescaled_to_vector_area,30,2026-09-08T06:55:17+00:00
G077507E41728N,upper_syr_darya,syr_darya,gte_4000,4000,,0.050672,99.8080,srtm_band_mask_rescaled_to_vector_area,30,2026-09-08T06:55:17+00:00
G077510E41315N,upper_syr_darya,syr_darya,3000_4000,3000,4000,0.032523,5.2067,srtm_band_mask_rescaled_to_vector_area,30,2026-09-08T06:55:17+00:00
G077510E41315N,upper_syr_darya,syr_darya,gte_4000,4000,,0.592126,94.7933,srtm_band_mask_rescaled_to_vector_area,30,2026-09-08T06:55:17+00:00
G077510E41332N,upper_syr_darya,syr_darya,gte_4000,4000,,0.087817,100.0000,srtm_band_mask_rescaled_to_vector_area,30,2026-09-08T06:55:17+00:00
G077510E41669N,upper_syr_darya,syr_darya,3000_4000,3000,4000,0.057726,12.2609,srtm_band_mask_rescaled_to_vector_area,30,2026-09-08T06:55:17+00:00
G077510E41669N,upper_syr_darya,syr_darya,gte_4000,4000,,0.413089,87.7391,srtm_band_mask_rescaled_to_vector_area,30,2026-09-08T06:55:17+00:00
G077510E41740N,upper_syr_darya,syr_darya,3000_4000,3000,4000,0.049840,42.2064,srtm_band_mask_rescaled_to_vector_area,30,2026-09-08T06:55:17+00:00
G077510E41740N,upper_syr_darya,syr_darya,gte_4000,4000,,0.068246,57.7936,srtm_band_mask_rescaled_to_vector_area,30,2026-09-08T06:55:17+00:00
G077510E41807N,upper_syr_darya,syr_darya,gte_4000,4000,,0.029780,100.0000,srtm_band_mask_rescaled_to_vector_area,30,2026-09-08T06:55:17+00:00
G077510E41830N,upper_syr_darya,syr_darya,gte_4000,4000,,0.067619,100.0000,srtm_band_mask_rescaled_to_vector_area,30,2026-09-08T06:55:17+00:00
G077511E41457N,upper_syr_darya,syr_darya,gte_4000,4000,,0.073458,100.0000,srtm_band_mask_rescaled_to_vector_area,30,2026-09-08T06:55:17+00:00
G077511E41808N,upper_syr_darya,syr_darya,gte_4000,4000,,0.021699,100.0000,srtm_band_mask_rescaled_to_vector_area,30,2026-09-08T06:55:17+00:00
G077511E41810N,upper_syr_darya,syr_darya,3000_4000,3000,4000,0.058708,15.0509,srtm_band_mask_rescaled_to_vector_area,30,2026-09-08T06:55:17+00:00
G077511E41810N,upper_syr_darya,syr_darya,gte_4000,4000,,0.331356,84.9491,srtm_band_mask_rescaled_to_vector_area,30,2026-09-08T06:55:17+00:00
G077512E41382N,upper_syr_darya,syr_darya,3000_4000,3000,4000,0.005593,0.2761,srtm_band_mask_rescaled_to_vector_area,30,2026-09-08T06:55:17+00:00
G077512E41382N,upper_syr_darya,syr_darya,gte_4000,4000,,2.019850,99.7239,srtm_band_mask_rescaled_to_vector_area,30,2026-09-08T06:55:17+00:00
G077512E41647N,upper_syr_darya,syr_darya,3000_4000,3000,4000,0.005631,0.3173,srtm_band_mask_rescaled_to_vector_area,30,2026-09-08T06:55:17+00:00
G077512E41647N,upper_syr_darya,syr_darya,gte_4000,4000,,1.768960,99.6827,srtm_band_mask_rescaled_to_vector_area,30,2026-09-08T06:55:17+00:00
G077512E41811N,upper_syr_darya,syr_darya,3000_4000,3000,4000,0.297698,32.1080,srtm_band_mask_rescaled_to_vector_area,30,2026-09-08T06:55:17+00:00
G077512E41811N,upper_syr_darya,syr_darya,gte_4000,4000,,0.629480,67.8920,srtm_band_mask_rescaled_to_vector_area,30,2026-09-08T06:55:17+00:00
G077513E41727N,upper_syr_darya,syr_darya,3000_4000,3000,4000,0.028139,35.5281,srtm_band_mask_rescaled_to_vector_area,30,2026-09-08T06:55:17+00:00
G077513E41727N,upper_syr_darya,syr_darya,gte_4000,4000,,0.051063,64.4719,srtm_band_mask_rescaled_to_vector_area,30,2026-09-08T06:55:17+00:00
G077513E41805N,upper_syr_darya,syr_darya,gte_4000,4000,,0.255040,100.0000,srtm_band_mask_rescaled_to_vector_area,30,2026-09-08T06:55:17+00:00
G077514E41332N,upper_syr_darya,syr_darya,gte_4000,4000,,0.128268,100.0000,srtm_band_mask_rescaled_to_vector_area,30,2026-09-08T06:55:17+00:00
G077514E41666N,upper_syr_darya,syr_darya,3000_4000,3000,4000,0.000232,0.2371,srtm_band_mask_rescaled_to_vector_area,30,2026-09-08T06:55:17+00:00
G077514E41666N,upper_syr_darya,syr_darya,gte_4000,4000,,0.097706,99.7629,srtm_band_mask_rescaled_to_vector_area,30,2026-09-08T06:55:17+00:00
G077516E41282N,upper_syr_darya,syr_darya,gte_4000,4000,,0.835203,100.0000,srtm_band_mask_rescaled_to_vector_area,30,2026-09-08T06:55:17+00:00
G077516E41669N,upper_syr_darya,syr_darya,3000_4000,3000,4000,0.045640,9.2031,srtm_band_mask_rescaled_to_vector_area,30,2026-09-08T06:55:17+00:00
G077516E41669N,upper_syr_darya,syr_darya,gte_4000,4000,,0.450283,90.7969,srtm_band_mask_rescaled_to_vector_area,30,2026-09-08T06:55:17+00:00
G077516E41729N,upper_syr_darya,syr_darya,3000_4000,3000,4000,0.239378,24.0951,srtm_band_mask_rescaled_to_vector_area,30,2026-09-08T06:55:17+00:00
G077516E41729N,upper_syr_darya,syr_darya,gte_4000,4000,,0.754094,75.9049,srtm_band_mask_rescaled_to_vector_area,30,2026-09-08T06:55:17+00:00
G077516E41852N,upper_syr_darya,syr_darya,3000_4000,3000,4000,0.022423,4.2749,srtm_band_mask_rescaled_to_vector_area,30,2026-09-08T06:55:17+00:00
G077516E41852N,upper_syr_darya,syr_darya,gte_4000,4000,,0.502115,95.7251,srtm_band_mask_rescaled_to_vector_area,30,2026-09-08T06:55:17+00:00
G077519E41657N,upper_syr_darya,syr_darya,3000_4000,3000,4000,0.015952,5.7365,srtm_band_mask_rescaled_to_vector_area,30,2026-09-08T06:55:17+00:00
G077519E41657N,upper_syr_darya,syr_darya,gte_4000,4000,,0.262131,94.2635,srtm_band_mask_rescaled_to_vector_area,30,2026-09-08T06:55:17+00:00
G077519E41842N,upper_syr_darya,syr_darya,3000_4000,3000,4000,0.073577,30.9623,srtm_band_mask_rescaled_to_vector_area,30,2026-09-08T06:55:17+00:00
G077519E41842N,upper_syr_darya,syr_darya,gte_4000,4000,,0.164057,69.0377,srtm_band_mask_rescaled_to_vector_area,30,2026-09-08T06:55:17+00:00
G077520E41288N,upper_syr_darya,syr_darya,gte_4000,4000,,0.700983,100.0000,srtm_band_mask_rescaled_to_vector_area,30,2026-09-08T06:55:17+00:00
G077520E41389N,upper_syr_darya,syr_darya,gte_4000,4000,,0.018704,100.0000,srtm_band_mask_rescaled_to_vector_area,30,2026-09-08T06:55:17+00:00
G077520E41462N,upper_syr_darya,syr_darya,gte_4000,4000,,0.269417,100.0000,srtm_band_mask_rescaled_to_vector_area,30,2026-09-08T06:55:17+00:00
G077520E41660N,upper_syr_darya,syr_darya,gte_4000,4000,,0.041115,100.0000,srtm_band_mask_rescaled_to_vector_area,30,2026-09-08T06:55:17+00:00
G077521E41665N,upper_syr_darya,syr_darya,gte_4000,4000,,0.124720,100.0000,srtm_band_mask_rescaled_to_vector_area,30,2026-09-08T06:55:17+00:00
G077521E41814N,upper_syr_darya,syr_darya,3000_4000,3000,4000,0.016488,33.1216,srtm_band_mask_rescaled_to_vector_area,30,2026-09-08T06:55:17+00:00
G077521E41814N,upper_syr_darya,syr_darya,gte_4000,4000,,0.033292,66.8784,srtm_band_mask_rescaled_to_vector_area,30,2026-09-08T06:55:17+00:00
G077522E41810N,upper_syr_darya,syr_darya,3000_4000,3000,4000,0.058708,15.0509,srtm_band_mask_rescaled_to_vector_area,30,2026-09-08T06:55:17+00:00
G077522E41810N,upper_syr_darya,syr_darya,gte_4000,4000,,0.331356,84.9491,srtm_band_mask_rescaled_to_vector_area,30,2026-09-08T06:55:17+00:00
G077523E41312N,upper_syr_darya,syr_darya,3000_4000,3000,4000,0.005835,0.5059,srtm_band_mask_rescaled_to_vector_area,30,2026-09-08T06:55:17+00:00
G077523E41312N,upper_syr_darya,syr_darya,gte_4000,4000,,1.147509,99.4941,srtm_band_mask_rescaled_to_vector_area,30,2026-09-08T06:55:17+00:00
G077523E41389N,upper_syr_darya,syr_darya,gte_4000,4000,,0.057555,100.0000,srtm_band_mask_rescaled_to_vector_area,30,2026-09-08T06:55:17+00:00
G077524E41841N,upper_syr_darya,syr_darya,3000_4000,3000,4000,0.022163,18.3542,srtm_band_mask_rescaled_to_vector_area,30,2026-09-08T06:55:17+00:00
G077524E41841N,upper_syr_darya,syr_darya,gte_4000,4000,,0.098591,81.6458,srtm_band_mask_rescaled_to_vector_area,30,2026-09-08T06:55:17+00:00
G077525E41292N,upper_syr_darya,syr_darya,gte_4000,4000,,0.463112,100.0000,srtm_band_mask_rescaled_to_vector_area,30,2026-09-08T06:55:17+00:00
G077525E41812N,upper_syr_darya,syr_darya,3000_4000,3000,4000,0.056902,15.6380,srtm_band_mask_rescaled_to_vector_area,30,2026-09-08T06:55:17+00:00
G077525E41812N,upper_syr_darya,syr_darya,gte_4000,4000,,0.306967,84.3620,srtm_band_mask_rescaled_to_vector_area,30,2026-09-08T06:55:17+00:00
G077526E41281N,upper_syr_darya,syr_darya,gte_4000,4000,,0.167503,100.0000,srtm_band_mask_rescaled_to_vector_area,30,2026-09-08T06:55:17+00:00
G077527E41389N,upper_syr_darya,syr_darya,gte_4000,4000,,0.251359,100.0000,srtm_band_mask_rescaled_to_vector_area,30,2026-09-08T06:55:17+00:00
G077527E41806N,upper_syr_darya,syr_darya,gte_4000,4000,,0.019552,100.0000,srtm_band_mask_rescaled_to_vector_area,30,2026-09-08T06:55:17+00:00
G077527E41807N,upper_syr_darya,syr_darya,gte_4000,4000,,0.048606,100.0000,srtm_band_mask_rescaled_to_vector_area,30,2026-09-08T06:55:17+00:00
G077527E41814N,upper_syr_darya,syr_darya,3000_4000,3000,4000,0.033068,41.0221,srtm_band_mask_rescaled_to_vector_area,30,2026-09-08T06:55:17+00:00
G077527E41814N,upper_syr_darya,syr_darya,gte_4000,4000,,0.047542,58.9779,srtm_band_mask_rescaled_to_vector_area,30,2026-09-08T06:55:17+00:00
G077528E41321N,upper_syr_darya,syr_darya,gte_4000,4000,,0.063412,100.0000,srtm_band_mask_rescaled_to_vector_area,30,2026-09-08T06:55:17+00:00
G077528E41324N,upper_syr_darya,syr_darya,gte_4000,4000,,0.072529,100.0000,srtm_band_mask_rescaled_to_vector_area,30,2026-09-08T06:55:17+00:00
G077528E41650N,upper_syr_darya,syr_darya,gte_4000,4000,,0.018243,100.0000,srtm_band_mask_rescaled_to_vector_area,30,2026-09-08T06:55:17+00:00
G077528E41729N,upper_syr_darya,syr_darya,3000_4000,3000,4000,0.111651,10.6525,srtm_band_mask_rescaled_to_vector_area,30,2026-09-08T06:55:17+00:00
G077528E41729N,upper_syr_darya,syr_darya,gte_4000,4000,,0.936466,89.3475,srtm_band_mask_rescaled_to_vector_area,30,2026-09-08T06:55:17+00:00
G077528E41873N,upper_syr_darya,syr_darya,3000_4000,3000,4000,0.660160,29.3677,srtm_band_mask_rescaled_to_vector_area,30,2026-09-08T06:55:17+00:00
G077528E41873N,upper_syr_darya,syr_darya,gte_4000,4000,,1.587751,70.6323,srtm_band_mask_rescaled_to_vector_area,30,2026-09-08T06:55:17+00:00
G077529E41313N,upper_syr_darya,syr_darya,gte_4000,4000,,0.061020,100.0000,srtm_band_mask_rescaled_to_vector_area,30,2026-09-08T06:55:17+00:00
G077530E41472N,upper_syr_darya,syr_darya,gte_4000,4000,,0.033189,100.0000,srtm_band_mask_rescaled_to_vector_area,30,2026-09-08T06:55:17+00:00
G077531E41641N,upper_syr_darya,syr_darya,3000_4000,3000,4000,0.295407,9.8930,srtm_band_mask_rescaled_to_vector_area,30,2026-09-08T06:55:17+00:00
G077531E41641N,upper_syr_darya,syr_darya,gte_4000,4000,,2.690609,90.1070,srtm_band_mask_rescaled_to_vector_area,30,2026-09-08T06:55:17+00:00
G077531E41728N,upper_syr_darya,syr_darya,gte_4000,4000,,0.517562,100.0000,srtm_band_mask_rescaled_to_vector_area,30,2026-09-08T06:55:17+00:00
G077532E41375N,upper_syr_darya,syr_darya,gte_4000,4000,,0.978971,100.0000,srtm_band_mask_rescaled_to_vector_area,30,2026-09-08T06:55:17+00:00
G077532E41805N,upper_syr_darya,syr_darya,gte_4000,4000,,0.046464,100.0000,srtm_band_mask_rescaled_to_vector_area,30,2026-09-08T06:55:17+00:00
G077532E41809N,upper_syr_darya,syr_darya,3000_4000,3000,4000,0.000429,0.2957,srtm_band_mask_rescaled_to_vector_area,30,2026-09-08T06:55:17+00:00
G077532E41809N,upper_syr_darya,syr_darya,gte_4000,4000,,0.144543,99.7043,srtm_band_mask_rescaled_to_vector_area,30,2026-09-08T06:55:17+00:00
G077533E41281N,upper_syr_darya,syr_darya,gte_4000,4000,,0.412926,100.0000,srtm_band_mask_rescaled_to_vector_area,30,2026-09-08T06:55:17+00:00
G077533E41816N,upper_syr_darya,syr_darya,gte_4000,4000,,0.212735,100.0000,srtm_band_mask_rescaled_to_vector_area,30,2026-09-08T06:55:17+00:00
G077533E41853N,upper_syr_darya,syr_darya,3000_4000,3000,4000,0.089261,23.0372,srtm_band_mask_rescaled_to_vector_area,30,2026-09-08T06:55:17+00:00
G077533E41853N,upper_syr_darya,syr_darya,gte_4000,4000,,0.298203,76.9628,srtm_band_mask_rescaled_to_vector_area,30,2026-09-08T06:55:17+00:00
G077534E41313N,upper_syr_darya,syr_darya,gte_4000,4000,,0.060798,100.0000,srtm_band_mask_rescaled_to_vector_area,30,2026-09-08T06:55:17+00:00
G077534E41628N,upper_syr_darya,syr_darya,gte_4000,4000,,0.299775,100.0000,srtm_band_mask_rescaled_to_vector_area,30,2026-09-08T06:55:17+00:00
G077535E41329N,upper_syr_darya,syr_darya,gte_4000,4000,,0.116709,100.0000,srtm_band_mask_rescaled_to_vector_area,30,2026-09-08T06:55:17+00:00
G077535E41735N,upper_syr_darya,syr_darya,3000_4000,3000,4000,0.117644,43.0018,srtm_band_mask_rescaled_to_vector_area,30,2026-09-08T06:55:17+00:00
G077535E41735N,upper_syr_darya,syr_darya,gte_4000,4000,,0.155935,56.9982,srtm_band_mask_rescaled_to_vector_area,30,2026-09-08T06:55:17+00:00
G077536E41323N,upper_syr_darya,syr_darya,gte_4000,4000,,0.447247,100.0000,srtm_band_mask_rescaled_to_vector_area,30,2026-09-08T06:55:17+00:00
G077536E41733N,upper_syr_darya,syr_darya,3000_4000,3000,4000,0.007518,16.2056,srtm_band_mask_rescaled_to_vector_area,30,2026-09-08T06:55:17+00:00
G077536E41733N,upper_syr_darya,syr_darya,gte_4000,4000,,0.038873,83.7944,srtm_band_mask_rescaled_to_vector_area,30,2026-09-08T06:55:17+00:00
G077536E41753N,upper_syr_darya,syr_darya,3000_4000,3000,4000,0.002020,9.3014,srtm_band_mask_rescaled_to_vector_area,30,2026-09-08T06:55:17+00:00
G077536E41753N,upper_syr_darya,syr_darya,gte_4000,4000,,0.019693,90.6986,srtm_band_mask_rescaled_to_vector_area,30,2026-09-08T06:55:17+00:00
G077537E41816N,upper_syr_darya,syr_darya,gte_4000,4000,,0.034611,100.0000,srtm_band_mask_rescaled_to_vector_area,30,2026-09-08T06:55:17+00:00
G077538E41804N,upper_syr_darya,syr_darya,3000_4000,3000,4000,0.170027,42.1516,srtm_band_mask_rescaled_to_vector_area,30,2026-09-08T06:55:17+00:00
G077538E41804N,upper_syr_darya,syr_darya,gte_4000,4000,,0.233344,57.8484,srtm_band_mask_rescaled_to_vector_area,30,2026-09-08T06:55:17+00:00
G077539E41387N,upper_syr_darya,syr_darya,3000_4000,3000,4000,0.033765,0.8411,srtm_band_mask_rescaled_to_vector_area,30,2026-09-08T06:55:17+00:00
G077539E41387N,upper_syr_darya,syr_darya,gte_4000,4000,,3.980835,99.1589,srtm_band_mask_rescaled_to_vector_area,30,2026-09-08T06:55:17+00:00
G077539E41471N,upper_syr_darya,syr_darya,gte_4000,4000,,0.251284,100.0000,srtm_band_mask_rescaled_to_vector_area,30,2026-09-08T06:55:17+00:00
G077539E41849N,upper_syr_darya,syr_darya,3000_4000,3000,4000,0.011289,8.7637,srtm_band_mask_rescaled_to_vector_area,30,2026-09-08T06:55:17+00:00
G077539E41849N,upper_syr_darya,syr_darya,gte_4000,4000,,0.117523,91.2363,srtm_band_mask_rescaled_to_vector_area,30,2026-09-08T06:55:17+00:00
G077540E41317N,upper_syr_darya,syr_darya,gte_4000,4000,,0.072415,100.0000,srtm_band_mask_rescaled_to_vector_area,30,2026-09-08T06:55:17+00:00
G077540E41371N,upper_syr_darya,syr_darya,gte_4000,4000,,0.122598,100.0000,srtm_band_mask_rescaled_to_vector_area,30,2026-09-08T06:55:17+00:00
G077541E41317N,upper_syr_darya,syr_darya,gte_4000,4000,,0.070252,100.0000,srtm_band_mask_rescaled_to_vector_area,30,2026-09-08T06:55:17+00:00
G077541E41318N,upper_syr_darya,syr_darya,3000_4000,3000,4000,0.030667,2.5653,srtm_band_mask_rescaled_to_vector_area,30,2026-09-08T06:55:17+00:00
G077541E41318N,upper_syr_darya,syr_darya,gte_4000,4000,,1.164778,97.4347,srtm_band_mask_rescaled_to_vector_area,30,2026-09-08T06:55:17+00:00
G077542E41327N,upper_syr_darya,syr_darya,3000_4000,3000,4000,0.002029,0.4369,srtm_band_mask_rescaled_to_vector_area,30,2026-09-08T06:55:17+00:00
G077542E41327N,upper_syr_darya,syr_darya,gte_4000,4000,,0.462414,99.5631,srtm_band_mask_rescaled_to_vector_area,30,2026-09-08T06:55:17+00:00
G077542E41374N,upper_syr_darya,syr_darya,gte_4000,4000,,1.646365,100.0000,srtm_band_mask_rescaled_to_vector_area,30,2026-09-08T06:55:17+00:00
G077542E41732N,upper_syr_darya,syr_darya,gte_4000,4000,,0.042434,100.0000,srtm_band_mask_rescaled_to_vector_area,30,2026-09-08T06:55:17+00:00
G077542E41816N,upper_syr_darya,syr_darya,3000_4000,3000,4000,0.013227,40.6880,srtm_band_mask_rescaled_to_vector_area,30,2026-09-08T06:55:17+00:00
G077542E41816N,upper_syr_darya,syr_darya,gte_4000,4000,,0.019281,59.3120,srtm_band_mask_rescaled_to_vector_area,30,2026-09-08T06:55:17+00:00
G077543E41816N,upper_syr_darya,syr_darya,gte_4000,4000,,0.043951,100.0000,srtm_band_mask_rescaled_to_vector_area,30,2026-09-08T06:55:17+00:00
G077544E41282N,upper_syr_darya,syr_darya,gte_4000,4000,,1.224953,100.0000,srtm_band_mask_rescaled_to_vector_area,30,2026-09-08T06:55:17+00:00
G077544E41329N,upper_syr_darya,syr_darya,gte_4000,4000,,0.088948,100.0000,srtm_band_mask_rescaled_to_vector_area,30,2026-09-08T06:55:17+00:00
G077544E41648N,upper_syr_darya,syr_darya,gte_4000,4000,,0.899246,100.0000,srtm_band_mask_rescaled_to_vector_area,30,2026-09-08T06:55:17+00:00
G077545E41671N,upper_syr_darya,syr_darya,gte_4000,4000,,0.032389,100.0000,srtm_band_mask_rescaled_to_vector_area,30,2026-09-08T06:55:17+00:00
G077545E41732N,upper_syr_darya,syr_darya,3000_4000,3000,4000,0.107514,14.6614,srtm_band_mask_rescaled_to_vector_area,30,2026-09-08T06:55:17+00:00
G077545E41732N,upper_syr_darya,syr_darya,gte_4000,4000,,0.625804,85.3386,srtm_band_mask_rescaled_to_vector_area,30,2026-09-08T06:55:17+00:00
G077545E41863N,upper_syr_darya,syr_darya,gte_4000,4000,,0.628051,100.0000,srtm_band_mask_rescaled_to_vector_area,30,2026-09-08T06:55:17+00:00
G077545E41875N,upper_syr_darya,syr_darya,3000_4000,3000,4000,0.366054,23.8594,srtm_band_mask_rescaled_to_vector_area,30,2026-09-08T06:55:17+00:00
G077545E41875N,upper_syr_darya,syr_darya,gte_4000,4000,,1.168156,76.1406,srtm_band_mask_rescaled_to_vector_area,30,2026-09-08T06:55:17+00:00
G077547E41292N,upper_syr_darya,syr_darya,gte_4000,4000,,5.101503,100.0000,srtm_band_mask_rescaled_to_vector_area,30,2026-09-08T06:55:17+00:00
G077547E41318N,upper_syr_darya,syr_darya,gte_4000,4000,,0.072415,100.0000,srtm_band_mask_rescaled_to_vector_area,30,2026-09-08T06:55:17+00:00
G077548E41316N,upper_syr_darya,syr_darya,gte_4000,4000,,0.070251,100.0000,srtm_band_mask_rescaled_to_vector_area,30,2026-09-08T06:55:17+00:00
G077548E41815N,upper_syr_darya,syr_darya,3000_4000,3000,4000,0.000032,0.1425,srtm_band_mask_rescaled_to_vector_area,30,2026-09-08T06:55:17+00:00
G077548E41815N,upper_syr_darya,syr_darya,gte_4000,4000,,0.022151,99.8575,srtm_band_mask_rescaled_to_vector_area,30,2026-09-08T06:55:17+00:00
G077549E41666N,upper_syr_darya,syr_darya,gte_4000,4000,,0.094777,100.0000,srtm_band_mask_rescaled_to_vector_area,30,2026-09-08T06:55:17+00:00
G077550E41369N,upper_syr_darya,syr_darya,gte_4000,4000,,0.386834,100.0000,srtm_band_mask_rescaled_to_vector_area,30,2026-09-08T06:55:17+00:00
G077551E41660N,upper_syr_darya,syr_darya,gte_4000,4000,,0.064286,100.0000,srtm_band_mask_rescaled_to_vector_area,30,2026-09-08T06:55:17+00:00
G077552E41670N,upper_syr_darya,syr_darya,gte_4000,4000,,0.386068,100.0000,srtm_band_mask_rescaled_to_vector_area,30,2026-09-08T06:55:17+00:00
G077553E41316N,upper_syr_darya,syr_darya,gte_4000,4000,,0.067613,100.0000,srtm_band_mask_rescaled_to_vector_area,30,2026-09-08T06:55:17+00:00
G077553E41749N,upper_syr_darya,syr_darya,gte_4000,4000,,0.045443,100.0000,srtm_band_mask_rescaled_to_vector_area,30,2026-09-08T06:55:17+00:00
G077554E41397N,upper_syr_darya,syr_darya,gte_4000,4000,,0.839128,100.0000,srtm_band_mask_rescaled_to_vector_area,30,2026-09-08T06:55:17+00:00
G077554E41407N,upper_syr_darya,syr_darya,gte_4000,4000,,0.842939,100.0000,srtm_band_mask_rescaled_to_vector_area,30,2026-09-08T06:55:17+00:00
G077554E41740N,upper_syr_darya,syr_darya,gte_4000,4000,,0.167935,100.0000,srtm_band_mask_rescaled_to_vector_area,30,2026-09-08T06:55:17+00:00
G077554E41862N,upper_syr_darya,syr_darya,gte_4000,4000,,0.182955,100.0000,srtm_band_mask_rescaled_to_vector_area,30,2026-09-08T06:55:17+00:00
G077555E41665N,upper_syr_darya,syr_darya,gte_4000,4000,,0.076952,100.0000,srtm_band_mask_rescaled_to_vector_area,30,2026-09-08T06:55:17+00:00
G077556E41304N,upper_syr_darya,syr_darya,gte_4000,4000,,2.003217,100.0000,srtm_band_mask_rescaled_to_vector_area,30,2026-09-08T06:55:17+00:00
G077556E41651N,upper_syr_darya,syr_darya,gte_4000,4000,,0.016899,100.0000,srtm_band_mask_rescaled_to_vector_area,30,2026-09-08T06:55:17+00:00
G077556E41660N,upper_syr_darya,syr_darya,gte_4000,4000,,0.070755,100.0000,srtm_band_mask_rescaled_to_vector_area,30,2026-09-08T06:55:17+00:00
G077556E41745N,upper_syr_darya,syr_darya,gte_4000,4000,,0.112422,100.0000,srtm_band_mask_rescaled_to_vector_area,30,2026-09-08T06:55:17+00:00
G077556E41755N,upper_syr_darya,syr_darya,3000_4000,3000,4000,0.011662,5.1310,srtm_band_mask_rescaled_to_vector_area,30,2026-09-08T06:55:17+00:00
G077556E41755N,upper_syr_darya,syr_darya,gte_4000,4000,,0.215631,94.8690,srtm_band_mask_rescaled_to_vector_area,30,2026-09-08T06:55:17+00:00
G077558E41368N,upper_syr_darya,syr_darya,gte_4000,4000,,0.045345,100.0000,srtm_band_mask_rescaled_to_vector_area,30,2026-09-08T06:55:17+00:00
G077558E41748N,upper_syr_darya,syr_darya,gte_4000,4000,,0.036532,100.0000,srtm_band_mask_rescaled_to_vector_area,30,2026-09-08T06:55:17+00:00
G077559E41642N,upper_syr_darya,syr_darya,3000_4000,3000,4000,0.000026,0.0065,srtm_band_mask_rescaled_to_vector_area,30,2026-09-08T06:55:17+00:00
G077559E41642N,upper_syr_darya,syr_darya,gte_4000,4000,,0.404283,99.9935,srtm_band_mask_rescaled_to_vector_area,30,2026-09-08T06:55:17+00:00
G077559E41667N,upper_syr_darya,syr_darya,gte_4000,4000,,0.194915,100.0000,srtm_band_mask_rescaled_to_vector_area,30,2026-09-08T06:55:17+00:00
G077560E41738N,upper_syr_darya,syr_darya,gte_4000,4000,,0.187197,100.0000,srtm_band_mask_rescaled_to_vector_area,30,2026-09-08T06:55:17+00:00
G077561E41312N,upper_syr_darya,syr_darya,gte_4000,4000,,0.744743,100.0000,srtm_band_mask_rescaled_to_vector_area,30,2026-09-08T06:55:17+00:00
G077561E41320N,upper_syr_darya,syr_darya,gte_4000,4000,,0.117552,100.0000,srtm_band_mask_rescaled_to_vector_area,30,2026-09-08T06:55:17+00:00
G077561E41328N,upper_syr_darya,syr_darya,gte_4000,4000,,0.112221,100.0000,srtm_band_mask_rescaled_to_vector_area,30,2026-09-08T06:55:17+00:00
G077561E41869N,upper_syr_darya,syr_darya,3000_4000,3000,4000,0.199565,18.3970,srtm_band_mask_rescaled_to_vector_area,30,2026-09-08T06:55:17+00:00
G077561E41869N,upper_syr_darya,syr_darya,gte_4000,4000,,0.885205,81.6030,srtm_band_mask_rescaled_to_vector_area,30,2026-09-08T06:55:17+00:00
G077562E41749N,upper_syr_darya,syr_darya,3000_4000,3000,4000,0.036149,17.4773,srtm_band_mask_rescaled_to_vector_area,30,2026-09-08T06:55:17+00:00
G077562E41749N,upper_syr_darya,syr_darya,gte_4000,4000,,0.170686,82.5227,srtm_band_mask_rescaled_to_vector_area,30,2026-09-08T06:55:17+00:00
G077563E41414N,upper_syr_darya,syr_darya,gte_4000,4000,,0.351133,100.0000,srtm_band_mask_rescaled_to_vector_area,30,2026-09-08T06:55:17+00:00
G077563E41668N,upper_syr_darya,syr_darya,gte_4000,4000,,0.042642,100.0000,srtm_band_mask_rescaled_to_vector_area,30,2026-09-08T06:55:17+00:00
G077564E41281N,upper_syr_darya,syr_darya,gte_4000,4000,,1.610851,100.0000,srtm_band_mask_rescaled_to_vector_area,30,2026-09-08T06:55:17+00:00
G077564E41640N,upper_syr_darya,syr_darya,3000_4000,3000,4000,0.047373,5.1954,srtm_band_mask_rescaled_to_vector_area,30,2026-09-08T06:55:17+00:00
G077564E41640N,upper_syr_darya,syr_darya,gte_4000,4000,,0.864449,94.8046,srtm_band_mask_rescaled_to_vector_area,30,2026-09-08T06:55:17+00:00
G077565E41633N,upper_syr_darya,syr_darya,gte_4000,4000,,0.047572,100.0000,srtm_band_mask_rescaled_to_vector_area,30,2026-09-08T06:55:17+00:00
G077566E41308N,upper_syr_darya,syr_darya,gte_4000,4000,,0.012170,100.0000,srtm_band_mask_rescaled_to_vector_area,30,2026-09-08T06:55:17+00:00
G077566E41311N,upper_syr_darya,syr_darya,gte_4000,4000,,0.013280,100.0000,srtm_band_mask_rescaled_to_vector_area,30,2026-09-08T06:55:17+00:00
G077566E41319N,upper_syr_darya,syr_darya,gte_4000,4000,,0.147332,100.0000,srtm_band_mask_rescaled_to_vector_area,30,2026-09-08T06:55:17+00:00
G077566E41327N,upper_syr_darya,syr_darya,gte_4000,4000,,0.150972,100.0000,srtm_band_mask_rescaled_to_vector_area,30,2026-09-08T06:55:17+00:00
G077566E41659N,upper_syr_darya,syr_darya,gte_4000,4000,,0.056415,100.0000,srtm_band_mask_rescaled_to_vector_area,30,2026-09-08T06:55:17+00:00
G077567E41855N,upper_syr_darya,syr_darya,3000_4000,3000,4000,0.052359,15.8807,srtm_band_mask_rescaled_to_vector_area,30,2026-09-08T06:55:17+00:00
G077567E41855N,upper_syr_darya,syr_darya,gte_4000,4000,,0.277346,84.1193,srtm_band_mask_rescaled_to_vector_area,30,2026-09-08T06:55:17+00:00
G077568E41640N,upper_syr_darya,syr_darya,3000_4000,3000,4000,0.000163,0.0978,srtm_band_mask_rescaled_to_vector_area,30,2026-09-08T06:55:17+00:00
G077568E41640N,upper_syr_darya,syr_darya,gte_4000,4000,,0.167039,99.9022,srtm_band_mask_rescaled_to_vector_area,30,2026-09-08T06:55:17+00:00
G077568E41749N,upper_syr_darya,syr_darya,3000_4000,3000,4000,0.055189,23.8452,srtm_band_mask_rescaled_to_vector_area,30,2026-09-08T06:55:17+00:00
G077568E41749N,upper_syr_darya,syr_darya,gte_4000,4000,,0.176257,76.1548,srtm_band_mask_rescaled_to_vector_area,30,2026-09-08T06:55:17+00:00
G077569E41632N,upper_syr_darya,syr_darya,gte_4000,4000,,0.125603,100.0000,srtm_band_mask_rescaled_to_vector_area,30,2026-09-08T06:55:17+00:00
G077569E41877N,upper_syr_darya,syr_darya,3000_4000,3000,4000,0.436628,24.0485,srtm_band_mask_rescaled_to_vector_area,30,2026-09-08T06:55:17+00:00
G077569E41877N,upper_syr_darya,syr_darya,gte_4000,4000,,1.378987,75.9515,srtm_band_mask_rescaled_to_vector_area,30,2026-09-08T06:55:17+00:00
G077570E41311N,upper_syr_darya,syr_darya,gte_4000,4000,,0.018869,100.0000,srtm_band_mask_rescaled_to_vector_area,30,2026-09-08T06:55:17+00:00
G077570E41658N,upper_syr_darya,syr_darya,3000_4000,3000,4000,0.000037,0.0374,srtm_band_mask_rescaled_to_vector_area,30,2026-09-08T06:55:17+00:00
G077570E41658N,upper_syr_darya,syr_darya,gte_4000,4000,,0.098572,99.9626,srtm_band_mask_rescaled_to_vector_area,30,2026-09-08T06:55:17+00:00
G077571E41742N,upper_syr_darya,syr_darya,3000_4000,3000,4000,0.467305,20.7902,srtm_band_mask_rescaled_to_vector_area,30,2026-09-08T06:55:17+00:00
G077571E41742N,upper_syr_darya,syr_darya,gte_4000,4000,,1.780414,79.2098,srtm_band_mask_rescaled_to_vector_area,30,2026-09-08T06:55:17+00:00
G077572E41329N,upper_syr_darya,syr_darya,3000_4000,3000,4000,0.001151,5.1107,srtm_band_mask_rescaled_to_vector_area,30,2026-09-08T06:55:17+00:00
G077572E41329N,upper_syr_darya,syr_darya,gte_4000,4000,,0.021362,94.8893,srtm_band_mask_rescaled_to_vector_area,30,2026-09-08T06:55:17+00:00
G077573E41393N,upper_syr_darya,syr_darya,3000_4000,3000,4000,0.044896,1.5069,srtm_band_mask_rescaled_to_vector_area,30,2026-09-08T06:55:17+00:00
G077573E41393N,upper_syr_darya,syr_darya,gte_4000,4000,,2.934525,98.4931,srtm_band_mask_rescaled_to_vector_area,30,2026-09-08T06:55:17+00:00
G077575E41280N,upper_syr_darya,syr_darya,gte_4000,4000,,0.902562,100.0000,srtm_band_mask_rescaled_to_vector_area,30,2026-09-08T06:55:17+00:00
G077575E41303N,upper_syr_darya,syr_darya,gte_4000,4000,,1.667865,100.0000,srtm_band_mask_rescaled_to_vector_area,30,2026-09-08T06:55:17+00:00
G077575E41670N,upper_syr_darya,syr_darya,gte_4000,4000,,0.014846,100.0000,srtm_band_mask_rescaled_to_vector_area,30,2026-09-08T06:55:17+00:00
G077578E41479N,upper_syr_darya,syr_darya,gte_4000,4000,,0.030669,100.0000,srtm_band_mask_rescaled_to_vector_area,30,2026-09-08T06:55:17+00:00
G077579E41281N,upper_syr_darya,syr_darya,gte_4000,4000,,0.857315,100.0000,srtm_band_mask_rescaled_to_vector_area,30,2026-09-08T06:55:17+00:00
G077579E41306N,upper_syr_darya,syr_darya,gte_4000,4000,,0.052299,100.0000,srtm_band_mask_rescaled_to_vector_area,30,2026-09-08T06:55:17+00:00
G077579E41314N,upper_syr_darya,syr_darya,gte_4000,4000,,0.021958,100.0000,srtm_band_mask_rescaled_to_vector_area,30,2026-09-08T06:55:17+00:00
G077580E41374N,upper_syr_darya,syr_darya,gte_4000,4000,,0.084741,100.0000,srtm_band_mask_rescaled_to_vector_area,30,2026-09-08T06:55:17+00:00
G077580E41638N,upper_syr_darya,syr_darya,gte_4000,4000,,0.092455,100.0000,srtm_band_mask_rescaled_to_vector_area,30,2026-09-08T06:55:17+00:00
G077581E41316N,upper_syr_darya,syr_darya,gte_4000,4000,,0.011709,100.0000,srtm_band_mask_rescaled_to_vector_area,30,2026-09-08T06:55:17+00:00
G077581E41381N,upper_syr_darya,syr_darya,gte_4000,4000,,0.490451,100.0000,srtm_band_mask_rescaled_to_vector_area,30,2026-09-08T06:55:17+00:00
G077581E41744N,upper_syr_darya,syr_darya,3000_4000,3000,4000,0.321609,64.7048,srtm_band_mask_rescaled_to_vector_area,30,2026-09-08T06:55:17+00:00
G077581E41744N,upper_syr_darya,syr_darya,gte_4000,4000,,0.175431,35.2952,srtm_band_mask_rescaled_to_vector_area,30,2026-09-08T06:55:17+00:00
G077582E41317N,upper_syr_darya,syr_darya,gte_4000,4000,,0.017167,100.0000,srtm_band_mask_rescaled_to_vector_area,30,2026-09-08T06:55:17+00:00
G077582E41403N,upper_syr_darya,syr_darya,gte_4000,4000,,0.022752,100.0000,srtm_band_mask_rescaled_to_vector_area,30,2026-09-08T06:55:17+00:00
G077583E41306N,upper_syr_darya,syr_darya,gte_4000,4000,,0.057949,100.0000,srtm_band_mask_rescaled_to_vector_area,30,2026-09-08T06:55:17+00:00
G077583E41313N,upper_syr_darya,syr_darya,gte_4000,4000,,0.019179,100.0000,srtm_band_mask_rescaled_to_vector_area,30,2026-09-08T06:55:17+00:00
G077584E41638N,upper_syr_darya,syr_darya,gte_4000,4000,,0.124306,100.0000,srtm_band_mask_rescaled_to_vector_area,30,2026-09-08T06:55:17+00:00
G077584E41748N,upper_syr_darya,syr_darya,gte_4000,4000,,0.201174,100.0000,srtm_band_mask_rescaled_to_vector_area,30,2026-09-08T06:55:17+00:00
G077585E41315N,upper_syr_darya,syr_darya,gte_4000,4000,,0.009732,100.0000,srtm_band_mask_rescaled_to_vector_area,30,2026-09-08T06:55:17+00:00
G077585E41374N,upper_syr_darya,syr_darya,gte_4000,4000,,0.079826,100.0000,srtm_band_mask_rescaled_to_vector_area,30,2026-09-08T06:55:17+00:00
G077586E41317N,upper_syr_darya,syr_darya,gte_4000,4000,,0.013973,100.0000,srtm_band_mask_rescaled_to_vector_area,30,2026-09-08T06:55:17+00:00
G077588E41387N,upper_syr_darya,syr_darya,gte_4000,4000,,0.211847,100.0000,srtm_band_mask_rescaled_to_vector_area,30,2026-09-08T06:55:17+00:00
G077588E41755N,upper_syr_darya,syr_darya,gte_4000,4000,,0.211238,100.0000,srtm_band_mask_rescaled_to_vector_area,30,2026-09-08T06:55:17+00:00
G077588E41878N,upper_syr_darya,syr_darya,3000_4000,3000,4000,0.185658,18.1683,srtm_band_mask_rescaled_to_vector_area,30,2026-09-08T06:55:17+00:00
G077588E41878N,upper_syr_darya,syr_darya,gte_4000,4000,,0.836225,81.8317,srtm_band_mask_rescaled_to_vector_area,30,2026-09-08T06:55:17+00:00
G077589E41726N,upper_syr_darya,syr_darya,gte_4000,4000,,0.206211,100.0000,srtm_band_mask_rescaled_to_vector_area,30,2026-09-08T06:55:17+00:00
G077590E41295N,upper_syr_darya,syr_darya,3000_4000,3000,4000,0.013286,0.3713,srtm_band_mask_rescaled_to_vector_area,30,2026-09-08T06:55:17+00:00
G077590E41295N,upper_syr_darya,syr_darya,gte_4000,4000,,3.564947,99.6287,srtm_band_mask_rescaled_to_vector_area,30,2026-09-08T06:55:17+00:00
G077592E41719N,upper_syr_darya,syr_darya,gte_4000,4000,,0.107169,100.0000,srtm_band_mask_rescaled_to_vector_area,30,2026-09-08T06:55:17+00:00
G077592E41754N,upper_syr_darya,syr_darya,gte_4000,4000,,0.224876,100.0000,srtm_band_mask_rescaled_to_vector_area,30,2026-09-08T06:55:17+00:00
G077593E41720N,upper_syr_darya,syr_darya,gte_4000,4000,,0.040419,100.0000,srtm_band_mask_rescaled_to_vector_area,30,2026-09-08T06:55:17+00:00
G077593E41754N,upper_syr_darya,syr_darya,gte_4000,4000,,0.215531,100.0000,srtm_band_mask_rescaled_to_vector_area,30,2026-09-08T06:55:17+00:00
G077594E41421N,upper_syr_darya,syr_darya,gte_4000,4000,,0.227906,100.0000,srtm_band_mask_rescaled_to_vector_area,30,2026-09-08T06:55:17+00:00
G077594E41725N,upper_syr_darya,syr_darya,gte_4000,4000,,0.312215,100.0000,srtm_band_mask_rescaled_to_vector_area,30,2026-09-08T06:55:17+00:00
G077594E41774N,upper_syr_darya,syr_darya,gte_4000,4000,,0.063368,100.0000,srtm_band_mask_rescaled_to_vector_area,30,2026-09-08T06:55:17+00:00
G077597E41719N,upper_syr_darya,syr_darya,gte_4000,4000,,0.076204,100.0000,srtm_band_mask_rescaled_to_vector_area,30,2026-09-08T06:55:17+00:00
G077597E41758N,upper_syr_darya,syr_darya,3000_4000,3000,4000,0.098655,10.9673,srtm_band_mask_rescaled_to_vector_area,30,2026-09-08T06:55:17+00:00
G077597E41758N,upper_syr_darya,syr_darya,gte_4000,4000,,0.800883,89.0327,srtm_band_mask_rescaled_to_vector_area,30,2026-09-08T06:55:17+00:00
G077598E41874N,upper_syr_darya,syr_darya,3000_4000,3000,4000,0.160248,25.4394,srtm_band_mask_rescaled_to_vector_area,30,2026-09-08T06:55:17+00:00
G077598E41874N,upper_syr_darya,syr_darya,gte_4000,4000,,0.469673,74.5606,srtm_band_mask_rescaled_to_vector_area,30,2026-09-08T06:55:17+00:00
G077599E41421N,upper_syr_darya,syr_darya,gte_4000,4000,,0.247848,100.0000,srtm_band_mask_rescaled_to_vector_area,30,2026-09-08T06:55:17+00:00
G077599E41713N,upper_syr_darya,syr_darya,3000_4000,3000,4000,0.014870,2.0574,srtm_band_mask_rescaled_to_vector_area,30,2026-09-08T06:55:17+00:00
G077599E41713N,upper_syr_darya,syr_darya,gte_4000,4000,,0.707880,97.9426,srtm_band_mask_rescaled_to_vector_area,30,2026-09-08T06:55:17+00:00
G077599E41729N,upper_syr_darya,syr_darya,3000_4000,3000,4000,0.005490,1.1412,srtm_band_mask_rescaled_to_vector_area,30,2026-09-08T06:55:17+00:00
G077599E41729N,upper_syr_darya,syr_darya,gte_4000,4000,,0.475560,98.8588,srtm_band_mask_rescaled_to_vector_area,30,2026-09-08T06:55:17+00:00
G077599E41773N,upper_syr_darya,syr_darya,3000_4000,3000,4000,0.014941,14.7348,srtm_band_mask_rescaled_to_vector_area,30,2026-09-08T06:55:17+00:00
G077599E41773N,upper_syr_darya,syr_darya,gte_4000,4000,,0.086460,85.2652,srtm_band_mask_rescaled_to_vector_area,30,2026-09-08T06:55:17+00:00
G077600E41309N,upper_syr_darya,syr_darya,gte_4000,4000,,0.013928,100.0000,srtm_band_mask_rescaled_to_vector_area,30,2026-09-08T06:55:17+00:00
G077600E41386N,upper_syr_darya,syr_darya,gte_4000,4000,,1.833477,100.0000,srtm_band_mask_rescaled_to_vector_area,30,2026-09-08T06:55:17+00:00
G077600E41413N,upper_syr_darya,syr_darya,gte_4000,4000,,0.034336,100.0000,srtm_band_mask_rescaled_to_vector_area,30,2026-09-08T06:55:17+00:00
G077600E41428N,upper_syr_darya,syr_darya,gte_4000,4000,,0.039180,100.0000,srtm_band_mask_rescaled_to_vector_area,30,2026-09-08T06:55:17+00:00
G077600E41882N,upper_syr_darya,syr_darya,3000_4000,3000,4000,0.117815,16.4056,srtm_band_mask_rescaled_to_vector_area,30,2026-09-08T06:55:17+00:00
G077600E41882N,upper_syr_darya,syr_darya,gte_4000,4000,,0.600323,83.5944,srtm_band_mask_rescaled_to_vector_area,30,2026-09-08T06:55:17+00:00
G077601E41305N,upper_syr_darya,syr_darya,gte_4000,4000,,0.072230,100.0000,srtm_band_mask_rescaled_to_vector_area,30,2026-09-08T06:55:17+00:00
G077602E41310N,upper_syr_darya,syr_darya,gte_4000,4000,,0.028192,100.0000,srtm_band_mask_rescaled_to_vector_area,30,2026-09-08T06:55:17+00:00
G077602E41741N,upper_syr_darya,syr_darya,3000_4000,3000,4000,0.150338,27.8015,srtm_band_mask_rescaled_to_vector_area,30,2026-09-08T06:55:17+00:00
G077602E41741N,upper_syr_darya,syr_darya,gte_4000,4000,,0.390418,72.1985,srtm_band_mask_rescaled_to_vector_area,30,2026-09-08T06:55:17+00:00
G077603E41415N,upper_syr_darya,syr_darya,gte_4000,4000,,0.039447,100.0000,srtm_band_mask_rescaled_to_vector_area,30,2026-09-08T06:55:17+00:00
G077603E41742N,upper_syr_darya,syr_darya,3000_4000,3000,4000,0.253262,11.0150,srtm_band_mask_rescaled_to_vector_area,30,2026-09-08T06:55:17+00:00
G077603E41742N,upper_syr_darya,syr_darya,gte_4000,4000,,2.045985,88.9850,srtm_band_mask_rescaled_to_vector_area,30,2026-09-08T06:55:17+00:00
G077604E41285N,upper_syr_darya,syr_darya,gte_4000,4000,,0.786533,100.0000,srtm_band_mask_rescaled_to_vector_area,30,2026-09-08T06:55:17+00:00
G077604E41298N,upper_syr_darya,syr_darya,gte_4000,4000,,0.061106,100.0000,srtm_band_mask_rescaled_to_vector_area,30,2026-09-08T06:55:17+00:00
G077604E41375N,upper_syr_darya,syr_darya,gte_4000,4000,,0.031292,100.0000,srtm_band_mask_rescaled_to_vector_area,30,2026-09-08T06:55:17+00:00
G077604E41403N,upper_syr_darya,syr_darya,gte_4000,4000,,0.033570,100.0000,srtm_band_mask_rescaled_to_vector_area,30,2026-09-08T06:55:17+00:00
G077604E41427N,upper_syr_darya,syr_darya,gte_4000,4000,,0.054377,100.0000,srtm_band_mask_rescaled_to_vector_area,30,2026-09-08T06:55:17+00:00
G077604E41824N,upper_syr_darya,syr_darya,gte_4000,4000,,0.044665,100.0000,srtm_band_mask_rescaled_to_vector_area,30,2026-09-08T06:55:17+00:00
G077605E41304N,upper_syr_darya,syr_darya,gte_4000,4000,,0.076920,100.0000,srtm_band_mask_rescaled_to_vector_area,30,2026-09-08T06:55:17+00:00
G077605E41308N,upper_syr_darya,syr_darya,gte_4000,4000,,0.023912,100.0000,srtm_band_mask_rescaled_to_vector_area,30,2026-09-08T06:55:17+00:00
G077605E41376N,upper_syr_darya,syr_darya,gte_4000,4000,,0.264245,100.0000,srtm_band_mask_rescaled_to_vector_area,30,2026-09-08T06:55:17+00:00
G077605E41723N,upper_syr_darya,syr_darya,gte_4000,4000,,0.126098,100.0000,srtm_band_mask_rescaled_to_vector_area,30,2026-09-08T06:55:17+00:00
G077606E41419N,upper_syr_darya,syr_darya,gte_4000,4000,,0.195386,100.0000,srtm_band_mask_rescaled_to_vector_area,30,2026-09-08T06:55:17+00:00
G077606E41828N,upper_syr_darya,syr_darya,3000_4000,3000,4000,0.065369,94.8829,srtm_band_mask_rescaled_to_vector_area,30,2026-09-08T06:55:17+00:00
G077606E41828N,upper_syr_darya,syr_darya,gte_4000,4000,,0.003525,5.1171,srtm_band_mask_rescaled_to_vector_area,30,2026-09-08T06:55:17+00:00
G077607E41309N,upper_syr_darya,syr_darya,gte_4000,4000,,0.014321,100.0000,srtm_band_mask_rescaled_to_vector_area,30,2026-09-08T06:55:17+00:00
G077609E41402N,upper_syr_darya,syr_darya,gte_4000,4000,,0.039650,100.0000,srtm_band_mask_rescaled_to_vector_area,30,2026-09-08T06:55:17+00:00
G077609E41722N,upper_syr_darya,syr_darya,3000_4000,3000,4000,0.003411,2.1920,srtm_band_mask_rescaled_to_vector_area,30,2026-09-08T06:55:17+00:00
G077609E41722N,upper_syr_darya,syr_darya,gte_4000,4000,,0.152215,97.8080,srtm_band_mask_rescaled_to_vector_area,30,2026-09-08T06:55:17+00:00
G077609E41744N,upper_syr_darya,syr_darya,3000_4000,3000,4000,0.300226,16.4625,srtm_band_mask_rescaled_to_vector_area,30,2026-09-08T06:55:17+00:00
G077609E41744N,upper_syr_darya,syr_darya,gte_4000,4000,,1.523472,83.5375,srtm_band_mask_rescaled_to_vector_area,30,2026-09-08T06:55:17+00:00
G077609E41764N,upper_syr_darya,syr_darya,3000_4000,3000,4000,0.102744,9.9950,srtm_band_mask_rescaled_to_vector_area,30,2026-09-08T06:55:17+00:00
G077609E41764N,upper_syr_darya,syr_darya,gte_4000,4000,,0.925210,90.0050,srtm_band_mask_rescaled_to_vector_area,30,2026-09-08T06:55:17+00:00
G077609E41792N,upper_syr_darya,syr_darya,gte_4000,4000,,0.042437,100.0000,srtm_band_mask_rescaled_to_vector_area,30,2026-09-08T06:55:17+00:00
G077610E41380N,upper_syr_darya,syr_darya,gte_4000,4000,,0.305226,100.0000,srtm_band_mask_rescaled_to_vector_area,30,2026-09-08T06:55:17+00:00
G077611E41323N,upper_syr_darya,syr_darya,gte_4000,4000,,0.039859,100.0000,srtm_band_mask_rescaled_to_vector_area,30,2026-09-08T06:55:17+00:00
G077611E41409N,upper_syr_darya,syr_darya,gte_4000,4000,,0.360123,100.0000,srtm_band_mask_rescaled_to_vector_area,30,2026-09-08T06:55:17+00:00
G077612E41883N,upper_syr_darya,syr_darya,3000_4000,3000,4000,0.094920,19.8622,srtm_band_mask_rescaled_to_vector_area,30,2026-09-08T06:55:17+00:00
G077612E41883N,upper_syr_darya,syr_darya,gte_4000,4000,,0.382971,80.1378,srtm_band_mask_rescaled_to_vector_area,30,2026-09-08T06:55:17+00:00
G077613E41845N,upper_syr_darya,syr_darya,3000_4000,3000,4000,0.015245,9.3073,srtm_band_mask_rescaled_to_vector_area,30,2026-09-08T06:55:17+00:00
G077613E41845N,upper_syr_darya,syr_darya,gte_4000,4000,,0.148549,90.6927,srtm_band_mask_rescaled_to_vector_area,30,2026-09-08T06:55:17+00:00
G077614E41380N,upper_syr_darya,syr_darya,gte_4000,4000,,0.335289,100.0000,srtm_band_mask_rescaled_to_vector_area,30,2026-09-08T06:55:17+00:00
G077614E41721N,upper_syr_darya,syr_darya,3000_4000,3000,4000,0.002599,1.7490,srtm_band_mask_rescaled_to_vector_area,30,2026-09-08T06:55:17+00:00
G077614E41721N,upper_syr_darya,syr_darya,gte_4000,4000,,0.146000,98.2510,srtm_band_mask_rescaled_to_vector_area,30,2026-09-08T06:55:17+00:00
G077614E41823N,upper_syr_darya,syr_darya,3000_4000,3000,4000,0.005511,4.5623,srtm_band_mask_rescaled_to_vector_area,30,2026-09-08T06:55:17+00:00
G077614E41823N,upper_syr_darya,syr_darya,gte_4000,4000,,0.115274,95.4377,srtm_band_mask_rescaled_to_vector_area,30,2026-09-08T06:55:17+00:00
G077615E41323N,upper_syr_darya,syr_darya,gte_4000,4000,,0.046956,100.0000,srtm_band_mask_rescaled_to_vector_area,30,2026-09-08T06:55:17+00:00
G077616E41739N,upper_syr_darya,syr_darya,3000_4000,3000,4000,0.150321,27.7987,srtm_band_mask_rescaled_to_vector_area,30,2026-09-08T06:55:17+00:00
G077616E41739N,upper_syr_darya,syr_darya,gte_4000,4000,,0.390429,72.2013,srtm_band_mask_rescaled_to_vector_area,30,2026-09-08T06:55:17+00:00
G077617E41296N,upper_syr_darya,syr_darya,gte_4000,4000,,2.455628,100.0000,srtm_band_mask_rescaled_to_vector_area,30,2026-09-08T06:55:17+00:00
G077617E41721N,upper_syr_darya,syr_darya,gte_4000,4000,,0.148815,100.0000,srtm_band_mask_rescaled_to_vector_area,30,2026-09-08T06:55:17+00:00
G077618E41824N,upper_syr_darya,syr_darya,gte_4000,4000,,0.150432,100.0000,srtm_band_mask_rescaled_to_vector_area,30,2026-09-08T06:55:17+00:00
G077618E41851N,upper_syr_darya,syr_darya,gte_4000,4000,,0.017442,100.0000,srtm_band_mask_rescaled_to_vector_area,30,2026-09-08T06:55:17+00:00
G077619E41308N,upper_syr_darya,syr_darya,gte_4000,4000,,0.138465,100.0000,srtm_band_mask_rescaled_to_vector_area,30,2026-09-08T06:55:17+00:00
G077620E41380N,upper_syr_darya,syr_darya,gte_4000,4000,,0.278258,100.0000,srtm_band_mask_rescaled_to_vector_area,30,2026-09-08T06:55:17+00:00
G077620E41852N,upper_syr_darya,syr_darya,3000_4000,3000,4000,0.003136,18.6281,srtm_band_mask_rescaled_to_vector_area,30,2026-09-08T06:55:17+00:00
G077620E41852N,upper_syr_darya,syr_darya,gte_4000,4000,,0.013699,81.3719,srtm_band_mask_rescaled_to_vector_area,30,2026-09-08T06:55:17+00:00
G077621E41850N,upper_syr_darya,syr_darya,gte_4000,4000,,0.026372,100.0000,srtm_band_mask_rescaled_to_vector_area,30,2026-09-08T06:55:17+00:00
G077622E41399N,upper_syr_darya,syr_darya,3000_4000,3000,4000,0.002716,0.0883,srtm_band_mask_rescaled_to_vector_area,30,2026-09-08T06:55:17+00:00
G077622E41399N,upper_syr_darya,syr_darya,gte_4000,4000,,3.074805,99.9117,srtm_band_mask_rescaled_to_vector_area,30,2026-09-08T06:55:17+00:00
G077622E41770N,upper_syr_darya,syr_darya,gte_4000,4000,,0.661273,100.0000,srtm_band_mask_rescaled_to_vector_area,30,2026-09-08T06:55:17+00:00
G077622E41844N,upper_syr_darya,syr_darya,3000_4000,3000,4000,0.001955,0.9229,srtm_band_mask_rescaled_to_vector_area,30,2026-09-08T06:55:17+00:00
G077622E41844N,upper_syr_darya,syr_darya,gte_4000,4000,,0.209931,99.0771,srtm_band_mask_rescaled_to_vector_area,30,2026-09-08T06:55:17+00:00
G077623E41719N,upper_syr_darya,syr_darya,3000_4000,3000,4000,0.004959,2.0400,srtm_band_mask_rescaled_to_vector_area,30,2026-09-08T06:55:17+00:00
G077623E41719N,upper_syr_darya,syr_darya,gte_4000,4000,,0.238149,97.9600,srtm_band_mask_rescaled_to_vector_area,30,2026-09-08T06:55:17+00:00
G077624E41315N,upper_syr_darya,syr_darya,gte_4000,4000,,0.092323,100.0000,srtm_band_mask_rescaled_to_vector_area,30,2026-09-08T06:55:17+00:00
G077624E41373N,upper_syr_darya,syr_darya,gte_4000,4000,,0.303914,100.0000,srtm_band_mask_rescaled_to_vector_area,30,2026-09-08T06:55:17+00:00
G077624E41823N,upper_syr_darya,syr_darya,3000_4000,3000,4000,0.002579,1.6624,srtm_band_mask_rescaled_to_vector_area,30,2026-09-08T06:55:17+00:00
G077624E41823N,upper_syr_darya,syr_darya,gte_4000,4000,,0.152565,98.3376,srtm_band_mask_rescaled_to_vector_area,30,2026-09-08T06:55:17+00:00
G077625E41381N,upper_syr_darya,syr_darya,gte_4000,4000,,0.311340,100.0000,srtm_band_mask_rescaled_to_vector_area,30,2026-09-08T06:55:17+00:00
G077625E41773N,upper_syr_darya,syr_darya,3000_4000,3000,4000,0.098339,24.7055,srtm_band_mask_rescaled_to_vector_area,30,2026-09-08T06:55:17+00:00
G077625E41773N,upper_syr_darya,syr_darya,gte_4000,4000,,0.299704,75.2945,srtm_band_mask_rescaled_to_vector_area,30,2026-09-08T06:55:17+00:00
G077626E41287N,upper_syr_darya,syr_darya,gte_4000,4000,,0.778799,100.0000,srtm_band_mask_rescaled_to_vector_area,30,2026-09-08T06:55:17+00:00
G077626E41307N,upper_syr_darya,syr_darya,gte_4000,4000,,0.232073,100.0000,srtm_band_mask_rescaled_to_vector_area,30,2026-09-08T06:55:17+00:00
G077627E41310N,upper_syr_darya,syr_darya,gte_4000,4000,,0.065876,100.0000,srtm_band_mask_rescaled_to_vector_area,30,2026-09-08T06:55:17+00:00
G077627E41313N,upper_syr_darya,syr_darya,3000_4000,3000,4000,0.019441,11.1103,srtm_band_mask_rescaled_to_vector_area,30,2026-09-08T06:55:17+00:00
G077627E41313N,upper_syr_darya,syr_darya,gte_4000,4000,,0.155539,88.8897,srtm_band_mask_rescaled_to_vector_area,30,2026-09-08T06:55:17+00:00
G077627E41368N,upper_syr_darya,syr_darya,gte_4000,4000,,0.040030,100.0000,srtm_band_mask_rescaled_to_vector_area,30,2026-09-08T06:55:17+00:00
G077628E41849N,upper_syr_darya,syr_darya,3000_4000,3000,4000,0.001955,2.4157,srtm_band_mask_rescaled_to_vector_area,30,2026-09-08T06:55:17+00:00
G077628E41849N,upper_syr_darya,syr_darya,gte_4000,4000,,0.078985,97.5843,srtm_band_mask_rescaled_to_vector_area,30,2026-09-08T06:55:17+00:00
G077629E41373N,upper_syr_darya,syr_darya,gte_4000,4000,,0.292640,100.0000,srtm_band_mask_rescaled_to_vector_area,30,2026-09-08T06:55:17+00:00
G077629E41772N,upper_syr_darya,syr_darya,gte_4000,4000,,0.428839,100.0000,srtm_band_mask_rescaled_to_vector_area,30,2026-09-08T06:55:17+00:00
G077629E41873N,upper_syr_darya,syr_darya,3000_4000,3000,4000,0.026010,3.2568,srtm_band_mask_rescaled_to_vector_area,30,2026-09-08T06:55:17+00:00
G077629E41873N,upper_syr_darya,syr_darya,gte_4000,4000,,0.772636,96.7432,srtm_band_mask_rescaled_to_vector_area,30,2026-09-08T06:55:17+00:00
G077630E41367N,upper_syr_darya,syr_darya,gte_4000,4000,,0.051351,100.0000,srtm_band_mask_rescaled_to_vector_area,30,2026-09-08T06:55:17+00:00
G077631E41309N,upper_syr_darya,syr_darya,gte_4000,4000,,0.097284,100.0000,srtm_band_mask_rescaled_to_vector_area,30,2026-09-08T06:55:17+00:00
G077631E41429N,upper_syr_darya,syr_darya,gte_4000,4000,,0.233417,100.0000,srtm_band_mask_rescaled_to_vector_area,30,2026-09-08T06:55:17+00:00
G077631E41719N,upper_syr_darya,syr_darya,gte_4000,4000,,0.468293,100.0000,srtm_band_mask_rescaled_to_vector_area,30,2026-09-08T06:55:17+00:00
G077631E41843N,upper_syr_darya,syr_darya,gte_4000,4000,,0.091805,100.0000,srtm_band_mask_rescaled_to_vector_area,30,2026-09-08T06:55:17+00:00
G077631E41848N,upper_syr_darya,syr_darya,3000_4000,3000,4000,0.001031,1.8562,srtm_band_mask_rescaled_to_vector_area,30,2026-09-08T06:55:17+00:00
G077631E41848N,upper_syr_darya,syr_darya,gte_4000,4000,,0.054523,98.1438,srtm_band_mask_rescaled_to_vector_area,30,2026-09-08T06:55:17+00:00
G077633E41298N,upper_syr_darya,syr_darya,gte_4000,4000,,0.083815,100.0000,srtm_band_mask_rescaled_to_vector_area,30,2026-09-08T06:55:17+00:00
G077633E41765N,upper_syr_darya,syr_darya,gte_4000,4000,,0.233188,100.0000,srtm_band_mask_rescaled_to_vector_area,30,2026-09-08T06:55:17+00:00
G077634E41764N,upper_syr_darya,syr_darya,gte_4000,4000,,0.653542,100.0000,srtm_band_mask_rescaled_to_vector_area,30,2026-09-08T06:55:17+00:00
G077634E41848N,upper_syr_darya,syr_darya,3000_4000,3000,4000,0.037293,33.5970,srtm_band_mask_rescaled_to_vector_area,30,2026-09-08T06:55:17+00:00
G077634E41848N,upper_syr_darya,syr_darya,gte_4000,4000,,0.073709,66.4030,srtm_band_mask_rescaled_to_vector_area,30,2026-09-08T06:55:17+00:00
G077635E41353N,upper_syr_darya,syr_darya,gte_4000,4000,,0.190496,100.0000,srtm_band_mask_rescaled_to_vector_area,30,2026-09-08T06:55:17+00:00
G077635E41759N,upper_syr_darya,syr_darya,gte_4000,4000,,0.054931,100.0000,srtm_band_mask_rescaled_to_vector_area,30,2026-09-08T06:55:17+00:00
G077636E41403N,upper_syr_darya,syr_darya,gte_4000,4000,,0.440832,100.0000,srtm_band_mask_rescaled_to_vector_area,30,2026-09-08T06:55:17+00:00
G077636E41850N,upper_syr_darya,syr_darya,3000_4000,3000,4000,0.001824,1.3984,srtm_band_mask_rescaled_to_vector_area,30,2026-09-08T06:55:17+00:00
G077636E41850N,upper_syr_darya,syr_darya,gte_4000,4000,,0.128596,98.6016,srtm_band_mask_rescaled_to_vector_area,30,2026-09-08T06:55:17+00:00
G077637E41862N,upper_syr_darya,syr_darya,3000_4000,3000,4000,0.000968,0.9737,srtm_band_mask_rescaled_to_vector_area,30,2026-09-08T06:55:17+00:00
G077637E41862N,upper_syr_darya,syr_darya,gte_4000,4000,,0.098452,99.0263,srtm_band_mask_rescaled_to_vector_area,30,2026-09-08T06:55:17+00:00
G077637E41883N,upper_syr_darya,syr_darya,3000_4000,3000,4000,0.388179,23.6542,srtm_band_mask_rescaled_to_vector_area,30,2026-09-08T06:55:17+00:00
G077637E41883N,upper_syr_darya,syr_darya,gte_4000,4000,,1.252879,76.3458,srtm_band_mask_rescaled_to_vector_area,30,2026-09-08T06:55:17+00:00
G077638E41429N,upper_syr_darya,syr_darya,gte_4000,4000,,0.482783,100.0000,srtm_band_mask_rescaled_to_vector_area,30,2026-09-08T06:55:17+00:00
G077638E41756N,upper_syr_darya,syr_darya,gte_4000,4000,,0.028854,100.0000,srtm_band_mask_rescaled_to_vector_area,30,2026-09-08T06:55:17+00:00
G077638E41848N,upper_syr_darya,syr_darya,gte_4000,4000,,0.114896,100.0000,srtm_band_mask_rescaled_to_vector_area,30,2026-09-08T06:55:17+00:00
G077638E41871N,upper_syr_darya,syr_darya,3000_4000,3000,4000,0.008829,1.0700,srtm_band_mask_rescaled_to_vector_area,30,2026-09-08T06:55:17+00:00
G077638E41871N,upper_syr_darya,syr_darya,gte_4000,4000,,0.816348,98.9300,srtm_band_mask_rescaled_to_vector_area,30,2026-09-08T06:55:17+00:00
G077639E41435N,upper_syr_darya,syr_darya,gte_4000,4000,,0.019849,100.0000,srtm_band_mask_rescaled_to_vector_area,30,2026-09-08T06:55:17+00:00
G077639E41759N,upper_syr_darya,syr_darya,gte_4000,4000,,0.047307,100.0000,srtm_band_mask_rescaled_to_vector_area,30,2026-09-08T06:55:17+00:00
G077640E41352N,upper_syr_darya,syr_darya,gte_4000,4000,,0.213497,100.0000,srtm_band_mask_rescaled_to_vector_area,30,2026-09-08T06:55:17+00:00
G077640E41377N,upper_syr_darya,syr_darya,gte_4000,4000,,1.791116,100.0000,srtm_band_mask_rescaled_to_vector_area,30,2026-09-08T06:55:17+00:00
G077643E41356N,upper_syr_darya,syr_darya,gte_4000,4000,,0.460575,100.0000,srtm_band_mask_rescaled_to_vector_area,30,2026-09-08T06:55:17+00:00
G077643E41756N,upper_syr_darya,syr_darya,gte_4000,4000,,0.046810,100.0000,srtm_band_mask_rescaled_to_vector_area,30,2026-09-08T06:55:17+00:00
G077643E41772N,upper_syr_darya,syr_darya,3000_4000,3000,4000,0.000029,0.0031,srtm_band_mask_rescaled_to_vector_area,30,2026-09-08T06:55:17+00:00
G077643E41772N,upper_syr_darya,syr_darya,gte_4000,4000,,0.934650,99.9969,srtm_band_mask_rescaled_to_vector_area,30,2026-09-08T06:55:17+00:00
G077644E41434N,upper_syr_darya,syr_darya,gte_4000,4000,,0.027989,100.0000,srtm_band_mask_rescaled_to_vector_area,30,2026-09-08T06:55:17+00:00
G077646E41849N,upper_syr_darya,syr_darya,gte_4000,4000,,0.169838,100.0000,srtm_band_mask_rescaled_to_vector_area,30,2026-09-08T06:55:17+00:00
G077647E41432N,upper_syr_darya,syr_darya,gte_4000,4000,,0.079411,100.0000,srtm_band_mask_rescaled_to_vector_area,30,2026-09-08T06:55:17+00:00
G077648E41307N,upper_syr_darya,syr_darya,3000_4000,3000,4000,0.433218,4.6228,srtm_band_mask_rescaled_to_vector_area,30,2026-09-08T06:55:17+00:00
G077648E41307N,upper_syr_darya,syr_darya,gte_4000,4000,,8.938165,95.3772,srtm_band_mask_rescaled_to_vector_area,30,2026-09-08T06:55:17+00:00
G077648E41377N,upper_syr_darya,syr_darya,gte_4000,4000,,0.093904,100.0000,srtm_band_mask_rescaled_to_vector_area,30,2026-09-08T06:55:17+00:00
G077649E41295N,upper_syr_darya,syr_darya,gte_4000,4000,,0.045317,100.0000,srtm_band_mask_rescaled_to_vector_area,30,2026-09-08T06:55:17+00:00
G077649E41355N,upper_syr_darya,syr_darya,gte_4000,4000,,0.457015,100.0000,srtm_band_mask_rescaled_to_vector_area,30,2026-09-08T06:55:17+00:00
G077649E41419N,upper_syr_darya,syr_darya,gte_4000,4000,,0.493998,100.0000,srtm_band_mask_rescaled_to_vector_area,30,2026-09-08T06:55:17+00:00
G077651E41319N,upper_syr_darya,syr_darya,gte_4000,4000,,0.029684,100.0000,srtm_band_mask_rescaled_to_vector_area,30,2026-09-08T06:55:17+00:00
G077653E41316N,upper_syr_darya,syr_darya,gte_4000,4000,,0.062669,100.0000,srtm_band_mask_rescaled_to_vector_area,30,2026-09-08T06:55:17+00:00
G077653E41375N,upper_syr_darya,syr_darya,gte_4000,4000,,0.084010,100.0000,srtm_band_mask_rescaled_to_vector_area,30,2026-09-08T06:55:17+00:00
G077653E41408N,upper_syr_darya,syr_darya,gte_4000,4000,,0.322449,100.0000,srtm_band_mask_rescaled_to_vector_area,30,2026-09-08T06:55:17+00:00
G077653E41774N,upper_syr_darya,syr_darya,3000_4000,3000,4000,0.124578,19.9096,srtm_band_mask_rescaled_to_vector_area,30,2026-09-08T06:55:17+00:00
G077653E41774N,upper_syr_darya,syr_darya,gte_4000,4000,,0.501140,80.0904,srtm_band_mask_rescaled_to_vector_area,30,2026-09-08T06:55:17+00:00
G077654E41420N,upper_syr_darya,syr_darya,gte_4000,4000,,0.114285,100.0000,srtm_band_mask_rescaled_to_vector_area,30,2026-09-08T06:55:17+00:00
G077654E41865N,upper_syr_darya,syr_darya,3000_4000,3000,4000,0.090437,8.5818,srtm_band_mask_rescaled_to_vector_area,30,2026-09-08T06:55:17+00:00
G077654E41865N,upper_syr_darya,syr_darya,gte_4000,4000,,0.963390,91.4182,srtm_band_mask_rescaled_to_vector_area,30,2026-09-08T06:55:17+00:00
G077655E41291N,upper_syr_darya,syr_darya,gte_4000,4000,,0.101432,100.0000,srtm_band_mask_rescaled_to_vector_area,30,2026-09-08T06:55:17+00:00
G077655E41334N,upper_syr_darya,syr_darya,gte_4000,4000,,0.112804,100.0000,srtm_band_mask_rescaled_to_vector_area,30,2026-09-08T06:55:17+00:00
G077655E41388N,upper_syr_darya,syr_darya,3000_4000,3000,4000,0.059488,1.4663,srtm_band_mask_rescaled_to_vector_area,30,2026-09-08T06:55:17+00:00
G077655E41388N,upper_syr_darya,syr_darya,gte_4000,4000,,3.997420,98.5337,srtm_band_mask_rescaled_to_vector_area,30,2026-09-08T06:55:17+00:00
G077655E41413N,upper_syr_darya,syr_darya,3000_4000,3000,4000,0.001439,0.3345,srtm_band_mask_rescaled_to_vector_area,30,2026-09-08T06:55:17+00:00
G077655E41413N,upper_syr_darya,syr_darya,gte_4000,4000,,0.428713,99.6655,srtm_band_mask_rescaled_to_vector_area,30,2026-09-08T06:55:17+00:00
G077656E41318N,upper_syr_darya,syr_darya,gte_4000,4000,,0.033906,100.0000,srtm_band_mask_rescaled_to_vector_area,30,2026-09-08T06:55:17+00:00
G077658E41316N,upper_syr_darya,syr_darya,gte_4000,4000,,0.054732,100.0000,srtm_band_mask_rescaled_to_vector_area,30,2026-09-08T06:55:17+00:00
G077659E41390N,upper_syr_darya,syr_darya,gte_4000,4000,,0.048312,100.0000,srtm_band_mask_rescaled_to_vector_area,30,2026-09-08T06:55:17+00:00
G077659E41769N,upper_syr_darya,syr_darya,gte_4000,4000,,0.120251,100.0000,srtm_band_mask_rescaled_to_vector_area,30,2026-09-08T06:55:17+00:00
G077659E41773N,upper_syr_darya,syr_darya,3000_4000,3000,4000,0.003756,0.8578,srtm_band_mask_rescaled_to_vector_area,30,2026-09-08T06:55:17+00:00
G077659E41773N,upper_syr_darya,syr_darya,gte_4000,4000,,0.434140,99.1422,srtm_band_mask_rescaled_to_vector_area,30,2026-09-08T06:55:17+00:00
G077660E41333N,upper_syr_darya,syr_darya,gte_4000,4000,,0.143725,100.0000,srtm_band_mask_rescaled_to_vector_area,30,2026-09-08T06:55:17+00:00
G077661E41382N,upper_syr_darya,syr_darya,gte_4000,4000,,0.090246,100.0000,srtm_band_mask_rescaled_to_vector_area,30,2026-09-08T06:55:17+00:00
G077661E41879N,upper_syr_darya,syr_darya,3000_4000,3000,4000,0.117730,6.8994,srtm_band_mask_rescaled_to_vector_area,30,2026-09-08T06:55:17+00:00
G077661E41879N,upper_syr_darya,syr_darya,gte_4000,4000,,1.588645,93.1006,srtm_band_mask_rescaled_to_vector_area,30,2026-09-08T06:55:17+00:00
G077662E41740N,upper_syr_darya,syr_darya,gte_4000,4000,,0.058063,100.0000,srtm_band_mask_rescaled_to_vector_area,30,2026-09-08T06:55:17+00:00
G077663E41366N,upper_syr_darya,syr_darya,gte_4000,4000,,2.407825,100.0000,srtm_band_mask_rescaled_to_vector_area,30,2026-09-08T06:55:17+00:00
G077664E41363N,upper_syr_darya,syr_darya,gte_4000,4000,,0.246898,100.0000,srtm_band_mask_rescaled_to_vector_area,30,2026-09-08T06:55:17+00:00
G077664E41390N,upper_syr_darya,syr_darya,gte_4000,4000,,0.054722,100.0000,srtm_band_mask_rescaled_to_vector_area,30,2026-09-08T06:55:17+00:00
G077666E41748N,upper_syr_darya,syr_darya,gte_4000,4000,,0.769374,100.0000,srtm_band_mask_rescaled_to_vector_area,30,2026-09-08T06:55:17+00:00
G077666E41770N,upper_syr_darya,syr_darya,gte_4000,4000,,1.036254,100.0000,srtm_band_mask_rescaled_to_vector_area,30,2026-09-08T06:55:17+00:00
G077667E41310N,upper_syr_darya,syr_darya,gte_4000,4000,,0.033380,100.0000,srtm_band_mask_rescaled_to_vector_area,30,2026-09-08T06:55:17+00:00
G077668E41303N,upper_syr_darya,syr_darya,gte_4000,4000,,0.036352,100.0000,srtm_band_mask_rescaled_to_vector_area,30,2026-09-08T06:55:17+00:00
G077668E41307N,upper_syr_darya,syr_darya,gte_4000,4000,,0.052959,100.0000,srtm_band_mask_rescaled_to_vector_area,30,2026-09-08T06:55:17+00:00
G077668E41333N,upper_syr_darya,syr_darya,gte_4000,4000,,0.225039,100.0000,srtm_band_mask_rescaled_to_vector_area,30,2026-09-08T06:55:17+00:00
G077668E41374N,upper_syr_darya,syr_darya,gte_4000,4000,,0.046370,100.0000,srtm_band_mask_rescaled_to_vector_area,30,2026-09-08T06:55:17+00:00
G077669E41338N,upper_syr_darya,syr_darya,gte_4000,4000,,0.079127,100.0000,srtm_band_mask_rescaled_to_vector_area,30,2026-09-08T06:55:17+00:00
G077669E41751N,upper_syr_darya,syr_darya,gte_4000,4000,,0.080228,100.0000,srtm_band_mask_rescaled_to_vector_area,30,2026-09-08T06:55:17+00:00
G077671E41753N,upper_syr_darya,syr_darya,gte_4000,4000,,0.469542,100.0000,srtm_band_mask_rescaled_to_vector_area,30,2026-09-08T06:55:17+00:00
G077672E41336N,upper_syr_darya,syr_darya,gte_4000,4000,,0.019183,100.0000,srtm_band_mask_rescaled_to_vector_area,30,2026-09-08T06:55:17+00:00
G077672E41754N,upper_syr_darya,syr_darya,gte_4000,4000,,0.389300,100.0000,srtm_band_mask_rescaled_to_vector_area,30,2026-09-08T06:55:17+00:00
G077673E41381N,upper_syr_darya,syr_darya,gte_4000,4000,,2.287339,100.0000,srtm_band_mask_rescaled_to_vector_area,30,2026-09-08T06:55:17+00:00
G077673E41438N,upper_syr_darya,syr_darya,gte_4000,4000,,0.044619,100.0000,srtm_band_mask_rescaled_to_vector_area,30,2026-09-08T06:55:17+00:00
G077673E41888N,upper_syr_darya,syr_darya,3000_4000,3000,4000,0.073145,9.1921,srtm_band_mask_rescaled_to_vector_area,30,2026-09-08T06:55:17+00:00
G077673E41888N,upper_syr_darya,syr_darya,gte_4000,4000,,0.722592,90.8079,srtm_band_mask_rescaled_to_vector_area,30,2026-09-08T06:55:17+00:00
G077674E41298N,upper_syr_darya,syr_darya,gte_4000,4000,,0.246834,100.0000,srtm_band_mask_rescaled_to_vector_area,30,2026-09-08T06:55:17+00:00
G077675E41294N,upper_syr_darya,syr_darya,gte_4000,4000,,0.038443,100.0000,srtm_band_mask_rescaled_to_vector_area,30,2026-09-08T06:55:17+00:00
G077675E41340N,upper_syr_darya,syr_darya,gte_4000,4000,,0.024379,100.0000,srtm_band_mask_rescaled_to_vector_area,30,2026-09-08T06:55:17+00:00
G077675E41363N,upper_syr_darya,syr_darya,gte_4000,4000,,0.028626,100.0000,srtm_band_mask_rescaled_to_vector_area,30,2026-09-08T06:55:17+00:00
G077675E41364N,upper_syr_darya,syr_darya,gte_4000,4000,,0.033110,100.0000,srtm_band_mask_rescaled_to_vector_area,30,2026-09-08T06:55:17+00:00
G077676E41439N,upper_syr_darya,syr_darya,gte_4000,4000,,0.053683,100.0000,srtm_band_mask_rescaled_to_vector_area,30,2026-09-08T06:55:17+00:00
G077676E41753N,upper_syr_darya,syr_darya,gte_4000,4000,,0.531891,100.0000,srtm_band_mask_rescaled_to_vector_area,30,2026-09-08T06:55:17+00:00
G077676E41773N,upper_syr_darya,syr_darya,3000_4000,3000,4000,0.000060,0.0052,srtm_band_mask_rescaled_to_vector_area,30,2026-09-08T06:55:17+00:00
G077676E41773N,upper_syr_darya,syr_darya,gte_4000,4000,,1.172509,99.9948,srtm_band_mask_rescaled_to_vector_area,30,2026-09-08T06:55:17+00:00
G077678E41301N,upper_syr_darya,syr_darya,gte_4000,4000,,0.043999,100.0000,srtm_band_mask_rescaled_to_vector_area,30,2026-09-08T06:55:17+00:00
G077678E41437N,upper_syr_darya,syr_darya,gte_4000,4000,,0.058652,100.0000,srtm_band_mask_rescaled_to_vector_area,30,2026-09-08T06:55:17+00:00
G077678E41441N,upper_syr_darya,syr_darya,gte_4000,4000,,0.047433,100.0000,srtm_band_mask_rescaled_to_vector_area,30,2026-09-08T06:55:17+00:00
G077678E41730N,upper_syr_darya,syr_darya,gte_4000,4000,,0.389541,100.0000,srtm_band_mask_rescaled_to_vector_area,30,2026-09-08T06:55:17+00:00
G077679E41729N,upper_syr_darya,syr_darya,gte_4000,4000,,0.354765,100.0000,srtm_band_mask_rescaled_to_vector_area,30,2026-09-08T06:55:17+00:00
G077679E41762N,upper_syr_darya,syr_darya,gte_4000,4000,,0.528134,100.0000,srtm_band_mask_rescaled_to_vector_area,30,2026-09-08T06:55:17+00:00
G077680E41273N,upper_syr_darya,syr_darya,gte_4000,4000,,1.133738,100.0000,srtm_band_mask_rescaled_to_vector_area,30,2026-09-08T06:55:17+00:00
G077680E41324N,upper_syr_darya,syr_darya,gte_4000,4000,,0.111572,100.0000,srtm_band_mask_rescaled_to_vector_area,30,2026-09-08T06:55:17+00:00
G077681E41370N,upper_syr_darya,syr_darya,gte_4000,4000,,1.439252,100.0000,srtm_band_mask_rescaled_to_vector_area,30,2026-09-08T06:55:17+00:00
G077681E41428N,upper_syr_darya,syr_darya,gte_4000,4000,,0.295456,100.0000,srtm_band_mask_rescaled_to_vector_area,30,2026-09-08T06:55:17+00:00
G077681E41438N,upper_syr_darya,syr_darya,gte_4000,4000,,0.059998,100.0000,srtm_band_mask_rescaled_to_vector_area,30,2026-09-08T06:55:17+00:00
G077682E41331N,upper_syr_darya,syr_darya,3000_4000,3000,4000,0.041120,3.6049,srtm_band_mask_rescaled_to_vector_area,30,2026-09-08T06:55:17+00:00
G077682E41331N,upper_syr_darya,syr_darya,gte_4000,4000,,1.099527,96.3951,srtm_band_mask_rescaled_to_vector_area,30,2026-09-08T06:55:17+00:00
G077682E41780N,upper_syr_darya,syr_darya,3000_4000,3000,4000,0.066243,11.4846,srtm_band_mask_rescaled_to_vector_area,30,2026-09-08T06:55:17+00:00
G077682E41780N,upper_syr_darya,syr_darya,gte_4000,4000,,0.510554,88.5154,srtm_band_mask_rescaled_to_vector_area,30,2026-09-08T06:55:17+00:00
G077682E41877N,upper_syr_darya,syr_darya,gte_4000,4000,,0.178123,100.0000,srtm_band_mask_rescaled_to_vector_area,30,2026-09-08T06:55:17+00:00
G077683E41440N,upper_syr_darya,syr_darya,3000_4000,3000,4000,0.014829,28.2070,srtm_band_mask_rescaled_to_vector_area,30,2026-09-08T06:55:17+00:00
G077683E41440N,upper_syr_darya,syr_darya,gte_4000,4000,,0.037743,71.7930,srtm_band_mask_rescaled_to_vector_area,30,2026-09-08T06:55:17+00:00
G077683E41733N,upper_syr_darya,syr_darya,gte_4000,4000,,0.021620,100.0000,srtm_band_mask_rescaled_to_vector_area,30,2026-09-08T06:55:17+00:00
G077684E41406N,upper_syr_darya,syr_darya,gte_4000,4000,,0.400923,100.0000,srtm_band_mask_rescaled_to_vector_area,30,2026-09-08T06:55:17+00:00
G077684E41421N,upper_syr_darya,syr_darya,gte_4000,4000,,0.018217,100.0000,srtm_band_mask_rescaled_to_vector_area,30,2026-09-08T06:55:17+00:00
G077686E41324N,upper_syr_darya,syr_darya,gte_4000,4000,,0.050856,100.0000,srtm_band_mask_rescaled_to_vector_area,30,2026-09-08T06:55:17+00:00
G077686E41334N,upper_syr_darya,syr_darya,gte_4000,4000,,0.065539,100.0000,srtm_band_mask_rescaled_to_vector_area,30,2026-09-08T06:55:17+00:00
G077686E41427N,upper_syr_darya,syr_darya,gte_4000,4000,,0.380155,100.0000,srtm_band_mask_rescaled_to_vector_area,30,2026-09-08T06:55:17+00:00
G077687E41754N,upper_syr_darya,syr_darya,3000_4000,3000,4000,0.010655,1.3557,srtm_band_mask_rescaled_to_vector_area,30,2026-09-08T06:55:17+00:00
G077687E41754N,upper_syr_darya,syr_darya,gte_4000,4000,,0.775258,98.6443,srtm_band_mask_rescaled_to_vector_area,30,2026-09-08T06:55:17+00:00
G077687E41777N,upper_syr_darya,syr_darya,3000_4000,3000,4000,0.000192,0.0316,srtm_band_mask_rescaled_to_vector_area,30,2026-09-08T06:55:17+00:00
G077687E41777N,upper_syr_darya,syr_darya,gte_4000,4000,,0.607056,99.9684,srtm_band_mask_rescaled_to_vector_area,30,2026-09-08T06:55:17+00:00
G077688E41309N,upper_syr_darya,syr_darya,3000_4000,3000,4000,0.163736,1.7420,srtm_band_mask_rescaled_to_vector_area,30,2026-09-08T06:55:17+00:00
G077688E41309N,upper_syr_darya,syr_darya,gte_4000,4000,,9.235675,98.2580,srtm_band_mask_rescaled_to_vector_area,30,2026-09-08T06:55:17+00:00
G077688E41335N,upper_syr_darya,syr_darya,gte_4000,4000,,0.080467,100.0000,srtm_band_mask_rescaled_to_vector_area,30,2026-09-08T06:55:17+00:00
G077688E41749N,upper_syr_darya,syr_darya,gte_4000,4000,,0.210512,100.0000,srtm_band_mask_rescaled_to_vector_area,30,2026-09-08T06:55:17+00:00
G077690E41406N,upper_syr_darya,syr_darya,gte_4000,4000,,0.410557,100.0000,srtm_band_mask_rescaled_to_vector_area,30,2026-09-08T06:55:17+00:00
G077692E41323N,upper_syr_darya,syr_darya,gte_4000,4000,,0.032974,100.0000,srtm_band_mask_rescaled_to_vector_area,30,2026-09-08T06:55:17+00:00
G077692E41773N,upper_syr_darya,syr_darya,gte_4000,4000,,0.261232,100.0000,srtm_band_mask_rescaled_to_vector_area,30,2026-09-08T06:55:17+00:00
G077693E41320N,upper_syr_darya,syr_darya,gte_4000,4000,,0.163869,100.0000,srtm_band_mask_rescaled_to_vector_area,30,2026-09-08T06:55:17+00:00
G077693E41333N,upper_syr_darya,syr_darya,gte_4000,4000,,0.163693,100.0000,srtm_band_mask_rescaled_to_vector_area,30,2026-09-08T06:55:17+00:00
G077693E41368N,upper_syr_darya,syr_darya,gte_4000,4000,,0.013165,100.0000,srtm_band_mask_rescaled_to_vector_area,30,2026-09-08T06:55:17+00:00
G077693E41417N,upper_syr_darya,syr_darya,gte_4000,4000,,0.417282,100.0000,srtm_band_mask_rescaled_to_vector_area,30,2026-09-08T06:55:17+00:00
G077693E41749N,upper_syr_darya,syr_darya,3000_4000,3000,4000,0.019993,8.7644,srtm_band_mask_rescaled_to_vector_area,30,2026-09-08T06:55:17+00:00
G077693E41749N,upper_syr_darya,syr_darya,gte_4000,4000,,0.208125,91.2356,srtm_band_mask_rescaled_to_vector_area,30,2026-09-08T06:55:17+00:00
G077694E41371N,upper_syr_darya,syr_darya,gte_4000,4000,,0.025789,100.0000,srtm_band_mask_rescaled_to_vector_area,30,2026-09-08T06:55:17+00:00
G077694E41389N,upper_syr_darya,syr_darya,3000_4000,3000,4000,0.012495,0.3627,srtm_band_mask_rescaled_to_vector_area,30,2026-09-08T06:55:17+00:00
G077694E41389N,upper_syr_darya,syr_darya,gte_4000,4000,,3.432860,99.6373,srtm_band_mask_rescaled_to_vector_area,30,2026-09-08T06:55:17+00:00
G077694E41741N,upper_syr_darya,syr_darya,gte_4000,4000,,0.025924,100.0000,srtm_band_mask_rescaled_to_vector_area,30,2026-09-08T06:55:17+00:00
G077695E41419N,upper_syr_darya,syr_darya,gte_4000,4000,,0.105124,100.0000,srtm_band_mask_rescaled_to_vector_area,30,2026-09-08T06:55:17+00:00
G077695E41425N,upper_syr_darya,syr_darya,gte_4000,4000,,0.962898,100.0000,srtm_band_mask_rescaled_to_vector_area,30,2026-09-08T06:55:17+00:00
G077696E41336N,upper_syr_darya,syr_darya,3000_4000,3000,4000,0.003236,1.2631,srtm_band_mask_rescaled_to_vector_area,30,2026-09-08T06:55:17+00:00
G077696E41336N,upper_syr_darya,syr_darya,gte_4000,4000,,0.252948,98.7369,srtm_band_mask_rescaled_to_vector_area,30,2026-09-08T06:55:17+00:00
G077696E41770N,upper_syr_darya,syr_darya,gte_4000,4000,,0.099011,100.0000,srtm_band_mask_rescaled_to_vector_area,30,2026-09-08T06:55:17+00:00
G077697E41330N,upper_syr_darya,syr_darya,gte_4000,4000,,0.209563,100.0000,srtm_band_mask_rescaled_to_vector_area,30,2026-09-08T06:55:17+00:00
G077697E41370N,upper_syr_darya,syr_darya,gte_4000,4000,,0.814316,100.0000,srtm_band_mask_rescaled_to_vector_area,30,2026-09-08T06:55:17+00:00
G077697E41434N,upper_syr_darya,syr_darya,gte_4000,4000,,0.183529,100.0000,srtm_band_mask_rescaled_to_vector_area,30,2026-09-08T06:55:17+00:00
G077698E41353N,upper_syr_darya,syr_darya,gte_4000,4000,,0.573628,100.0000,srtm_band_mask_rescaled_to_vector_area,30,2026-09-08T06:55:17+00:00
G077698E41358N,upper_syr_darya,syr_darya,gte_4000,4000,,0.038014,100.0000,srtm_band_mask_rescaled_to_vector_area,30,2026-09-08T06:55:17+00:00
G077698E41429N,upper_syr_darya,syr_darya,gte_4000,4000,,0.150783,100.0000,srtm_band_mask_rescaled_to_vector_area,30,2026-09-08T06:55:17+00:00
G077698E41765N,upper_syr_darya,syr_darya,3000_4000,3000,4000,0.054240,7.7774,srtm_band_mask_rescaled_to_vector_area,30,2026-09-08T06:55:17+00:00
G077698E41765N,upper_syr_darya,syr_darya,gte_4000,4000,,0.643165,92.2226,srtm_band_mask_rescaled_to_vector_area,30,2026-09-08T06:55:17+00:00
G077698E41876N,upper_syr_darya,syr_darya,3000_4000,3000,4000,0.199755,15.6955,srtm_band_mask_rescaled_to_vector_area,30,2026-09-08T06:55:17+00:00
G077698E41876N,upper_syr_darya,syr_darya,gte_4000,4000,,1.072932,84.3045,srtm_band_mask_rescaled_to_vector_area,30,2026-09-08T06:55:17+00:00
G077700E41742N,upper_syr_darya,syr_darya,gte_4000,4000,,0.386378,100.0000,srtm_band_mask_rescaled_to_vector_area,30,2026-09-08T06:55:17+00:00
G077701E41742N,upper_syr_darya,syr_darya,gte_4000,4000,,0.370810,100.0000,srtm_band_mask_rescaled_to_vector_area,30,2026-09-08T06:55:17+00:00
G077702E41433N,upper_syr_darya,syr_darya,gte_4000,4000,,0.174402,100.0000,srtm_band_mask_rescaled_to_vector_area,30,2026-09-08T06:55:17+00:00
G077703E41427N,upper_syr_darya,syr_darya,gte_4000,4000,,0.175735,100.0000,srtm_band_mask_rescaled_to_vector_area,30,2026-09-08T06:55:17+00:00
G077704E41327N,upper_syr_darya,syr_darya,3000_4000,3000,4000,0.000813,0.0669,srtm_band_mask_rescaled_to_vector_area,30,2026-09-08T06:55:17+00:00
G077704E41327N,upper_syr_darya,syr_darya,gte_4000,4000,,1.214263,99.9331,srtm_band_mask_rescaled_to_vector_area,30,2026-09-08T06:55:17+00:00
G077705E41395N,upper_syr_darya,syr_darya,gte_4000,4000,,0.162316,100.0000,srtm_band_mask_rescaled_to_vector_area,30,2026-09-08T06:55:17+00:00
G077705E41873N,upper_syr_darya,syr_darya,3000_4000,3000,4000,0.016075,8.4856,srtm_band_mask_rescaled_to_vector_area,30,2026-09-08T06:55:17+00:00
G077705E41873N,upper_syr_darya,syr_darya,gte_4000,4000,,0.173360,91.5144,srtm_band_mask_rescaled_to_vector_area,30,2026-09-08T06:55:17+00:00
G077706E41391N,upper_syr_darya,syr_darya,gte_4000,4000,,0.253764,100.0000,srtm_band_mask_rescaled_to_vector_area,30,2026-09-08T06:55:17+00:00
G077706E41401N,upper_syr_darya,syr_darya,gte_4000,4000,,0.014554,100.0000,srtm_band_mask_rescaled_to_vector_area,30,2026-09-08T06:55:17+00:00
G077708E41789N,upper_syr_darya,syr_darya,3000_4000,3000,4000,0.021326,4.7160,srtm_band_mask_rescaled_to_vector_area,30,2026-09-08T06:55:17+00:00
G077708E41789N,upper_syr_darya,syr_darya,gte_4000,4000,,0.430878,95.2840,srtm_band_mask_rescaled_to_vector_area,30,2026-09-08T06:55:17+00:00
G077709E41868N,upper_syr_darya,syr_darya,gte_4000,4000,,0.159073,100.0000,srtm_band_mask_rescaled_to_vector_area,30,2026-09-08T06:55:17+00:00
G077710E41404N,upper_syr_darya,syr_darya,gte_4000,4000,,0.019287,100.0000,srtm_band_mask_rescaled_to_vector_area,30,2026-09-08T06:55:17+00:00
G077710E41873N,upper_syr_darya,syr_darya,3000_4000,3000,4000,0.086076,41.7746,srtm_band_mask_rescaled_to_vector_area,30,2026-09-08T06:55:17+00:00
G077710E41873N,upper_syr_darya,syr_darya,gte_4000,4000,,0.119972,58.2254,srtm_band_mask_rescaled_to_vector_area,30,2026-09-08T06:55:17+00:00
G077712E41400N,upper_syr_darya,syr_darya,gte_4000,4000,,0.024649,100.0000,srtm_band_mask_rescaled_to_vector_area,30,2026-09-08T06:55:17+00:00
G077713E41389N,upper_syr_darya,syr_darya,gte_4000,4000,,0.124801,100.0000,srtm_band_mask_rescaled_to_vector_area,30,2026-09-08T06:55:17+00:00
G077713E41784N,upper_syr_darya,syr_darya,gte_4000,4000,,0.053733,100.0000,srtm_band_mask_rescaled_to_vector_area,30,2026-09-08T06:55:17+00:00
G077713E41788N,upper_syr_darya,syr_darya,gte_4000,4000,,0.425583,100.0000,srtm_band_mask_rescaled_to_vector_area,30,2026-09-08T06:55:17+00:00
G077713E41867N,upper_syr_darya,syr_darya,3000_4000,3000,4000,0.017828,8.4541,srtm_band_mask_rescaled_to_vector_area,30,2026-09-08T06:55:17+00:00
G077713E41867N,upper_syr_darya,syr_darya,gte_4000,4000,,0.193049,91.5459,srtm_band_mask_rescaled_to_vector_area,30,2026-09-08T06:55:17+00:00
G077714E41777N,upper_syr_darya,syr_darya,gte_4000,4000,,0.543331,100.0000,srtm_band_mask_rescaled_to_vector_area,30,2026-09-08T06:55:17+00:00
G077716E41355N,upper_syr_darya,syr_darya,gte_4000,4000,,0.092843,100.0000,srtm_band_mask_rescaled_to_vector_area,30,2026-09-08T06:55:17+00:00
G077716E41371N,upper_syr_darya,syr_darya,3000_4000,3000,4000,0.040873,0.8131,srtm_band_mask_rescaled_to_vector_area,30,2026-09-08T06:55:17+00:00
G077716E41371N,upper_syr_darya,syr_darya,gte_4000,4000,,4.986067,99.1869,srtm_band_mask_rescaled_to_vector_area,30,2026-09-08T06:55:17+00:00
G077718E41388N,upper_syr_darya,syr_darya,gte_4000,4000,,0.196545,100.0000,srtm_band_mask_rescaled_to_vector_area,30,2026-09-08T06:55:17+00:00
G077718E41399N,upper_syr_darya,syr_darya,3000_4000,3000,4000,0.002209,0.1942,srtm_band_mask_rescaled_to_vector_area,30,2026-09-08T06:55:17+00:00
G077718E41399N,upper_syr_darya,syr_darya,gte_4000,4000,,1.135137,99.8058,srtm_band_mask_rescaled_to_vector_area,30,2026-09-08T06:55:17+00:00
G077721E41310N,upper_syr_darya,syr_darya,gte_4000,4000,,0.042113,100.0000,srtm_band_mask_rescaled_to_vector_area,30,2026-09-08T06:55:17+00:00
G077723E41368N,upper_syr_darya,syr_darya,gte_4000,4000,,0.036532,100.0000,srtm_band_mask_rescaled_to_vector_area,30,2026-09-08T06:55:17+00:00
G077723E41905N,upper_syr_darya,syr_darya,gte_4000,4000,,0.361088,100.0000,srtm_band_mask_rescaled_to_vector_area,30,2026-09-08T06:55:17+00:00
G077723E41915N,upper_syr_darya,syr_darya,gte_4000,4000,,1.247356,100.0000,srtm_band_mask_rescaled_to_vector_area,30,2026-09-08T06:55:17+00:00
G077725E41385N,upper_syr_darya,syr_darya,gte_4000,4000,,0.020549,100.0000,srtm_band_mask_rescaled_to_vector_area,30,2026-09-08T06:55:17+00:00
G077725E41391N,upper_syr_darya,syr_darya,gte_4000,4000,,0.042685,100.0000,srtm_band_mask_rescaled_to_vector_area,30,2026-09-08T06:55:17+00:00
G077726E41304N,upper_syr_darya,syr_darya,gte_4000,4000,,0.024291,100.0000,srtm_band_mask_rescaled_to_vector_area,30,2026-09-08T06:55:17+00:00
G077726E41395N,upper_syr_darya,syr_darya,gte_4000,4000,,0.130243,100.0000,srtm_band_mask_rescaled_to_vector_area,30,2026-09-08T06:55:17+00:00
G077726E41907N,upper_syr_darya,syr_darya,gte_4000,4000,,0.158019,100.0000,srtm_band_mask_rescaled_to_vector_area,30,2026-09-08T06:55:17+00:00
G077728E41401N,upper_syr_darya,syr_darya,gte_4000,4000,,0.223624,100.0000,srtm_band_mask_rescaled_to_vector_area,30,2026-09-08T06:55:17+00:00
G077728E41420N,upper_syr_darya,syr_darya,gte_4000,4000,,0.082898,100.0000,srtm_band_mask_rescaled_to_vector_area,30,2026-09-08T06:55:17+00:00
G077728E41779N,upper_syr_darya,syr_darya,gte_4000,4000,,1.669908,100.0000,srtm_band_mask_rescaled_to_vector_area,30,2026-09-08T06:55:17+00:00
G077730E41903N,upper_syr_darya,syr_darya,gte_4000,4000,,0.283293,100.0000,srtm_band_mask_rescaled_to_vector_area,30,2026-09-08T06:55:17+00:00
G077731E41324N,upper_syr_darya,syr_darya,3000_4000,3000,4000,0.619745,5.1263,srtm_band_mask_rescaled_to_vector_area,30,2026-09-08T06:55:17+00:00
G077731E41324N,upper_syr_darya,syr_darya,gte_4000,4000,,11.469720,94.8737,srtm_band_mask_rescaled_to_vector_area,30,2026-09-08T06:55:17+00:00
G077731E41394N,upper_syr_darya,syr_darya,gte_4000,4000,,0.223557,100.0000,srtm_band_mask_rescaled_to_vector_area,30,2026-09-08T06:55:17+00:00
G077731E41416N,upper_syr_darya,syr_darya,gte_4000,4000,,0.148196,100.0000,srtm_band_mask_rescaled_to_vector_area,30,2026-09-08T06:55:17+00:00
G077732E41361N,upper_syr_darya,syr_darya,gte_4000,4000,,1.126134,100.0000,srtm_band_mask_rescaled_to_vector_area,30,2026-09-08T06:55:17+00:00
G077733E41408N,upper_syr_darya,syr_darya,gte_4000,4000,,0.650666,100.0000,srtm_band_mask_rescaled_to_vector_area,30,2026-09-08T06:55:17+00:00
G077734E41419N,upper_syr_darya,syr_darya,gte_4000,4000,,0.126847,100.0000,srtm_band_mask_rescaled_to_vector_area,30,2026-09-08T06:55:17+00:00
G077734E41929N,upper_syr_darya,syr_darya,gte_4000,4000,,0.128536,100.0000,srtm_band_mask_rescaled_to_vector_area,30,2026-09-08T06:55:17+00:00
G077735E41427N,upper_syr_darya,syr_darya,gte_4000,4000,,0.127079,100.0000,srtm_band_mask_rescaled_to_vector_area,30,2026-09-08T06:55:17+00:00
G077735E41783N,upper_syr_darya,syr_darya,3000_4000,3000,4000,0.073510,7.6106,srtm_band_mask_rescaled_to_vector_area,30,2026-09-08T06:55:17+00:00
G077735E41783N,upper_syr_darya,syr_darya,gte_4000,4000,,0.892374,92.3894,srtm_band_mask_rescaled_to_vector_area,30,2026-09-08T06:55:17+00:00
G077737E41352N,upper_syr_darya,syr_darya,3000_4000,3000,4000,0.091483,2.1608,srtm_band_mask_rescaled_to_vector_area,30,2026-09-08T06:55:17+00:00
G077737E41352N,upper_syr_darya,syr_darya,gte_4000,4000,,4.142287,97.8392,srtm_band_mask_rescaled_to_vector_area,30,2026-09-08T06:55:17+00:00
G077737E41400N,upper_syr_darya,syr_darya,gte_4000,4000,,0.111085,100.0000,srtm_band_mask_rescaled_to_vector_area,30,2026-09-08T06:55:17+00:00
G077737E41415N,upper_syr_darya,syr_darya,gte_4000,4000,,0.162842,100.0000,srtm_band_mask_rescaled_to_vector_area,30,2026-09-08T06:55:17+00:00
G077738E41433N,upper_syr_darya,syr_darya,gte_4000,4000,,0.596826,100.0000,srtm_band_mask_rescaled_to_vector_area,30,2026-09-08T06:55:17+00:00
G077738E41919N,upper_syr_darya,syr_darya,3000_4000,3000,4000,0.088088,5.8079,srtm_band_mask_rescaled_to_vector_area,30,2026-09-08T06:55:17+00:00
G077738E41919N,upper_syr_darya,syr_darya,gte_4000,4000,,1.428601,94.1921,srtm_band_mask_rescaled_to_vector_area,30,2026-09-08T06:55:17+00:00
G077739E41346N,upper_syr_darya,syr_darya,3000_4000,3000,4000,0.062456,1.2650,srtm_band_mask_rescaled_to_vector_area,30,2026-09-08T06:55:17+00:00
G077739E41346N,upper_syr_darya,syr_darya,gte_4000,4000,,4.874701,98.7350,srtm_band_mask_rescaled_to_vector_area,30,2026-09-08T06:55:17+00:00
G077740E41334N,upper_syr_darya,syr_darya,gte_4000,4000,,0.077315,100.0000,srtm_band_mask_rescaled_to_vector_area,30,2026-09-08T06:55:17+00:00
G077740E41780N,upper_syr_darya,syr_darya,gte_4000,4000,,1.053983,100.0000,srtm_band_mask_rescaled_to_vector_area,30,2026-09-08T06:55:17+00:00
G077741E41337N,upper_syr_darya,syr_darya,gte_4000,4000,,0.033782,100.0000,srtm_band_mask_rescaled_to_vector_area,30,2026-09-08T06:55:17+00:00
G077741E41418N,upper_syr_darya,syr_darya,gte_4000,4000,,0.038420,100.0000,srtm_band_mask_rescaled_to_vector_area,30,2026-09-08T06:55:17+00:00
G077741E41426N,upper_syr_darya,syr_darya,gte_4000,4000,,0.139941,100.0000,srtm_band_mask_rescaled_to_vector_area,30,2026-09-08T06:55:17+00:00
G077741E41910N,upper_syr_darya,syr_darya,3000_4000,3000,4000,0.001964,0.2286,srtm_band_mask_rescaled_to_vector_area,30,2026-09-08T06:55:17+00:00
G077741E41910N,upper_syr_darya,syr_darya,gte_4000,4000,,0.857047,99.7714,srtm_band_mask_rescaled_to_vector_area,30,2026-09-08T06:55:17+00:00
G077742E41399N,upper_syr_darya,syr_darya,3000_4000,3000,4000,0.001276,1.0163,srtm_band_mask_rescaled_to_vector_area,30,2026-09-08T06:55:17+00:00
G077742E41399N,upper_syr_darya,syr_darya,gte_4000,4000,,0.124241,98.9837,srtm_band_mask_rescaled_to_vector_area,30,2026-09-08T06:55:17+00:00
G077742E41439N,upper_syr_darya,syr_darya,3000_4000,3000,4000,0.050285,7.0185,srtm_band_mask_rescaled_to_vector_area,30,2026-09-08T06:55:17+00:00
G077742E41439N,upper_syr_darya,syr_darya,gte_4000,4000,,0.666176,92.9815,srtm_band_mask_rescaled_to_vector_area,30,2026-09-08T06:55:17+00:00
G077742E41891N,upper_syr_darya,syr_darya,gte_4000,4000,,0.026935,100.0000,srtm_band_mask_rescaled_to_vector_area,30,2026-09-08T06:55:17+00:00
G077743E41293N,upper_syr_darya,syr_darya,gte_4000,4000,,2.603755,100.0000,srtm_band_mask_rescaled_to_vector_area,30,2026-09-08T06:55:17+00:00
G077743E41334N,upper_syr_darya,syr_darya,gte_4000,4000,,0.087524,100.0000,srtm_band_mask_rescaled_to_vector_area,30,2026-09-08T06:55:17+00:00
G077744E41380N,upper_syr_darya,syr_darya,gte_4000,4000,,0.402700,100.0000,srtm_band_mask_rescaled_to_vector_area,30,2026-09-08T06:55:17+00:00
G077744E41903N,upper_syr_darya,syr_darya,3000_4000,3000,4000,0.028441,2.3454,srtm_band_mask_rescaled_to_vector_area,30,2026-09-08T06:55:17+00:00
G077744E41903N,upper_syr_darya,syr_darya,gte_4000,4000,,1.184200,97.6546,srtm_band_mask_rescaled_to_vector_area,30,2026-09-08T06:55:17+00:00
G077745E41897N,upper_syr_darya,syr_darya,gte_4000,4000,,0.041597,100.0000,srtm_band_mask_rescaled_to_vector_area,30,2026-09-08T06:55:17+00:00
G077745E41929N,upper_syr_darya,syr_darya,gte_4000,4000,,0.700074,100.0000,srtm_band_mask_rescaled_to_vector_area,30,2026-09-08T06:55:17+00:00
G077745E41936N,upper_syr_darya,syr_darya,3000_4000,3000,4000,0.007280,0.5137,srtm_band_mask_rescaled_to_vector_area,30,2026-09-08T06:55:17+00:00
G077745E41936N,upper_syr_darya,syr_darya,gte_4000,4000,,1.409834,99.4863,srtm_band_mask_rescaled_to_vector_area,30,2026-09-08T06:55:17+00:00
G077746E41286N,upper_syr_darya,syr_darya,gte_4000,4000,,2.690582,100.0000,srtm_band_mask_rescaled_to_vector_area,30,2026-09-08T06:55:17+00:00
G077747E41335N,upper_syr_darya,syr_darya,gte_4000,4000,,0.094355,100.0000,srtm_band_mask_rescaled_to_vector_area,30,2026-09-08T06:55:17+00:00
G077747E41439N,upper_syr_darya,syr_darya,gte_4000,4000,,0.344962,100.0000,srtm_band_mask_rescaled_to_vector_area,30,2026-09-08T06:55:17+00:00
G077749E41787N,upper_syr_darya,syr_darya,3000_4000,3000,4000,0.058794,6.1657,srtm_band_mask_rescaled_to_vector_area,30,2026-09-08T06:55:17+00:00
G077749E41787N,upper_syr_darya,syr_darya,gte_4000,4000,,0.894768,93.8343,srtm_band_mask_rescaled_to_vector_area,30,2026-09-08T06:55:17+00:00
G077750E41446N,upper_syr_darya,syr_darya,gte_4000,4000,,0.122392,100.0000,srtm_band_mask_rescaled_to_vector_area,30,2026-09-08T06:55:17+00:00
G077750E41896N,upper_syr_darya,syr_darya,gte_4000,4000,,0.046638,100.0000,srtm_band_mask_rescaled_to_vector_area,30,2026-09-08T06:55:17+00:00
G077752E41383N,upper_syr_darya,syr_darya,gte_4000,4000,,0.903621,100.0000,srtm_band_mask_rescaled_to_vector_area,30,2026-09-08T06:55:17+00:00
G077752E41448N,upper_syr_darya,syr_darya,3000_4000,3000,4000,0.002961,2.3889,srtm_band_mask_rescaled_to_vector_area,30,2026-09-08T06:55:17+00:00
G077752E41448N,upper_syr_darya,syr_darya,gte_4000,4000,,0.120984,97.6111,srtm_band_mask_rescaled_to_vector_area,30,2026-09-08T06:55:17+00:00
G077753E41326N,upper_syr_darya,syr_darya,gte_4000,4000,,0.078560,100.0000,srtm_band_mask_rescaled_to_vector_area,30,2026-09-08T06:55:17+00:00
G077753E41777N,upper_syr_darya,syr_darya,gte_4000,4000,,0.011450,100.0000,srtm_band_mask_rescaled_to_vector_area,30,2026-09-08T06:55:17+00:00
G077755E41783N,upper_syr_darya,syr_darya,3000_4000,3000,4000,0.017564,1.5043,srtm_band_mask_rescaled_to_vector_area,30,2026-09-08T06:55:17+00:00
G077755E41783N,upper_syr_darya,syr_darya,gte_4000,4000,,1.150014,98.4957,srtm_band_mask_rescaled_to_vector_area,30,2026-09-08T06:55:17+00:00
G077756E41390N,upper_syr_darya,syr_darya,gte_4000,4000,,0.293972,100.0000,srtm_band_mask_rescaled_to_vector_area,30,2026-09-08T06:55:17+00:00
G077756E41425N,upper_syr_darya,syr_darya,3000_4000,3000,4000,0.111967,6.7872,srtm_band_mask_rescaled_to_vector_area,30,2026-09-08T06:55:17+00:00
G077756E41425N,upper_syr_darya,syr_darya,gte_4000,4000,,1.537713,93.2128,srtm_band_mask_rescaled_to_vector_area,30,2026-09-08T06:55:17+00:00
G077757E41445N,upper_syr_darya,syr_darya,gte_4000,4000,,0.176981,100.0000,srtm_band_mask_rescaled_to_vector_area,30,2026-09-08T06:55:17+00:00
G077757E41448N,upper_syr_darya,syr_darya,3000_4000,3000,4000,0.017982,16.6277,srtm_band_mask_rescaled_to_vector_area,30,2026-09-08T06:55:17+00:00
G077757E41448N,upper_syr_darya,syr_darya,gte_4000,4000,,0.090162,83.3723,srtm_band_mask_rescaled_to_vector_area,30,2026-09-08T06:55:17+00:00
G077758E41325N,upper_syr_darya,syr_darya,gte_4000,4000,,0.097164,100.0000,srtm_band_mask_rescaled_to_vector_area,30,2026-09-08T06:55:17+00:00
G077762E41401N,upper_syr_darya,syr_darya,3000_4000,3000,4000,0.007782,6.6940,srtm_band_mask_rescaled_to_vector_area,30,2026-09-08T06:55:17+00:00
G077762E41401N,upper_syr_darya,syr_darya,gte_4000,4000,,0.108476,93.3060,srtm_band_mask_rescaled_to_vector_area,30,2026-09-08T06:55:17+00:00
G077764E41385N,upper_syr_darya,syr_darya,gte_4000,4000,,0.081572,100.0000,srtm_band_mask_rescaled_to_vector_area,30,2026-09-08T06:55:17+00:00
G077764E41390N,upper_syr_darya,syr_darya,gte_4000,4000,,0.620498,100.0000,srtm_band_mask_rescaled_to_vector_area,30,2026-09-08T06:55:17+00:00
G077764E41433N,upper_syr_darya,syr_darya,3000_4000,3000,4000,0.001024,2.2642,srtm_band_mask_rescaled_to_vector_area,30,2026-09-08T06:55:17+00:00
G077764E41433N,upper_syr_darya,syr_darya,gte_4000,4000,,0.044190,97.7358,srtm_band_mask_rescaled_to_vector_area,30,2026-09-08T06:55:17+00:00
G077766E41928N,upper_syr_darya,syr_darya,gte_4000,4000,,2.953988,100.0000,srtm_band_mask_rescaled_to_vector_area,30,2026-09-08T06:55:17+00:00
G077769E41396N,upper_syr_darya,syr_darya,gte_4000,4000,,0.050158,100.0000,srtm_band_mask_rescaled_to_vector_area,30,2026-09-08T06:55:17+00:00
G077769E41399N,upper_syr_darya,syr_darya,gte_4000,4000,,0.298883,100.0000,srtm_band_mask_rescaled_to_vector_area,30,2026-09-08T06:55:17+00:00
G077769E41432N,upper_syr_darya,syr_darya,3000_4000,3000,4000,0.027172,48.4727,srtm_band_mask_rescaled_to_vector_area,30,2026-09-08T06:55:17+00:00
G077769E41432N,upper_syr_darya,syr_darya,gte_4000,4000,,0.028884,51.5273,srtm_band_mask_rescaled_to_vector_area,30,2026-09-08T06:55:17+00:00
G077771E41782N,upper_syr_darya,syr_darya,3000_4000,3000,4000,0.016846,3.2866,srtm_band_mask_rescaled_to_vector_area,30,2026-09-08T06:55:17+00:00
G077771E41782N,upper_syr_darya,syr_darya,gte_4000,4000,,0.495724,96.7134,srtm_band_mask_rescaled_to_vector_area,30,2026-09-08T06:55:17+00:00
G077773E41947N,upper_syr_darya,syr_darya,3000_4000,3000,4000,0.406803,10.3742,srtm_band_mask_rescaled_to_vector_area,30,2026-09-08T06:55:17+00:00
G077773E41947N,upper_syr_darya,syr_darya,gte_4000,4000,,3.514472,89.6258,srtm_band_mask_rescaled_to_vector_area,30,2026-09-08T06:55:17+00:00
G077775E41930N,upper_syr_darya,syr_darya,gte_4000,4000,,0.057689,100.0000,srtm_band_mask_rescaled_to_vector_area,30,2026-09-08T06:55:17+00:00
G077776E41404N,upper_syr_darya,syr_darya,gte_4000,4000,,0.578179,100.0000,srtm_band_mask_rescaled_to_vector_area,30,2026-09-08T06:55:17+00:00
G077777E41407N,upper_syr_darya,syr_darya,3000_4000,3000,4000,0.005574,2.3125,srtm_band_mask_rescaled_to_vector_area,30,2026-09-08T06:55:17+00:00
G077777E41407N,upper_syr_darya,syr_darya,gte_4000,4000,,0.235463,97.6875,srtm_band_mask_rescaled_to_vector_area,30,2026-09-08T06:55:17+00:00
G077777E41781N,upper_syr_darya,syr_darya,gte_4000,4000,,0.537978,100.0000,srtm_band_mask_rescaled_to_vector_area,30,2026-09-08T06:55:17+00:00
G077777E41925N,upper_syr_darya,syr_darya,gte_4000,4000,,0.135155,100.0000,srtm_band_mask_rescaled_to_vector_area,30,2026-09-08T06:55:17+00:00
G077778E41397N,upper_syr_darya,syr_darya,gte_4000,4000,,0.256445,100.0000,srtm_band_mask_rescaled_to_vector_area,30,2026-09-08T06:55:17+00:00
G077779E41340N,upper_syr_darya,syr_darya,3000_4000,3000,4000,0.122486,5.5071,srtm_band_mask_rescaled_to_vector_area,30,2026-09-08T06:55:17+00:00
G077779E41340N,upper_syr_darya,syr_darya,gte_4000,4000,,2.101685,94.4929,srtm_band_mask_rescaled_to_vector_area,30,2026-09-08T06:55:17+00:00
G077780E41924N,upper_syr_darya,syr_darya,gte_4000,4000,,0.128215,100.0000,srtm_band_mask_rescaled_to_vector_area,30,2026-09-08T06:55:17+00:00
G077781E41929N,upper_syr_darya,syr_darya,gte_4000,4000,,0.073495,100.0000,srtm_band_mask_rescaled_to_vector_area,30,2026-09-08T06:55:17+00:00
G077783E41407N,upper_syr_darya,syr_darya,gte_4000,4000,,0.251136,100.0000,srtm_band_mask_rescaled_to_vector_area,30,2026-09-08T06:55:17+00:00
G077783E41791N,upper_syr_darya,syr_darya,3000_4000,3000,4000,0.019574,4.9051,srtm_band_mask_rescaled_to_vector_area,30,2026-09-08T06:55:17+00:00
G077783E41791N,upper_syr_darya,syr_darya,gte_4000,4000,,0.379473,95.0949,srtm_band_mask_rescaled_to_vector_area,30,2026-09-08T06:55:17+00:00
G077784E41923N,upper_syr_darya,syr_darya,gte_4000,4000,,0.304132,100.0000,srtm_band_mask_rescaled_to_vector_area,30,2026-09-08T06:55:17+00:00
G077787E41418N,upper_syr_darya,syr_darya,gte_4000,4000,,0.048476,100.0000,srtm_band_mask_rescaled_to_vector_area,30,2026-09-08T06:55:17+00:00
G077788E41790N,upper_syr_darya,syr_darya,gte_4000,4000,,0.564857,100.0000,srtm_band_mask_rescaled_to_vector_area,30,2026-09-08T06:55:17+00:00
G077789E41402N,upper_syr_darya,syr_darya,gte_4000,4000,,0.277756,100.0000,srtm_band_mask_rescaled_to_vector_area,30,2026-09-08T06:55:17+00:00
G077790E41422N,upper_syr_darya,syr_darya,gte_4000,4000,,0.272763,100.0000,srtm_band_mask_rescaled_to_vector_area,30,2026-09-08T06:55:17+00:00
G077791E41410N,upper_syr_darya,syr_darya,gte_4000,4000,,0.888246,100.0000,srtm_band_mask_rescaled_to_vector_area,30,2026-09-08T06:55:17+00:00
G077792E41426N,upper_syr_darya,syr_darya,3000_4000,3000,4000,0.004316,1.6759,srtm_band_mask_rescaled_to_vector_area,30,2026-09-08T06:55:17+00:00
G077792E41426N,upper_syr_darya,syr_darya,gte_4000,4000,,0.253193,98.3241,srtm_band_mask_rescaled_to_vector_area,30,2026-09-08T06:55:17+00:00
G077793E41417N,upper_syr_darya,syr_darya,gte_4000,4000,,0.058615,100.0000,srtm_band_mask_rescaled_to_vector_area,30,2026-09-08T06:55:17+00:00
G077793E41782N,upper_syr_darya,syr_darya,gte_4000,4000,,0.116956,100.0000,srtm_band_mask_rescaled_to_vector_area,30,2026-09-08T06:55:17+00:00
G077793E41922N,upper_syr_darya,syr_darya,gte_4000,4000,,0.508596,100.0000,srtm_band_mask_rescaled_to_vector_area,30,2026-09-08T06:55:17+00:00
G077795E41421N,upper_syr_darya,syr_darya,gte_4000,4000,,0.309328,100.0000,srtm_band_mask_rescaled_to_vector_area,30,2026-09-08T06:55:17+00:00
G077796E41774N,upper_syr_darya,syr_darya,gte_4000,4000,,0.080036,100.0000,srtm_band_mask_rescaled_to_vector_area,30,2026-09-08T06:55:17+00:00
G077796E41790N,upper_syr_darya,syr_darya,gte_4000,4000,,0.883823,100.0000,srtm_band_mask_rescaled_to_vector_area,30,2026-09-08T06:55:17+00:00
G077797E41426N,upper_syr_darya,syr_darya,gte_4000,4000,,0.308309,100.0000,srtm_band_mask_rescaled_to_vector_area,30,2026-09-08T06:55:17+00:00
G077797E41434N,upper_syr_darya,syr_darya,gte_4000,4000,,0.036442,100.0000,srtm_band_mask_rescaled_to_vector_area,30,2026-09-08T06:55:17+00:00
G077798E41417N,upper_syr_darya,syr_darya,gte_4000,4000,,0.030735,100.0000,srtm_band_mask_rescaled_to_vector_area,30,2026-09-08T06:55:17+00:00
G077798E41435N,upper_syr_darya,syr_darya,gte_4000,4000,,0.041949,100.0000,srtm_band_mask_rescaled_to_vector_area,30,2026-09-08T06:55:17+00:00
G077798E41921N,upper_syr_darya,syr_darya,gte_4000,4000,,0.603251,100.0000,srtm_band_mask_rescaled_to_vector_area,30,2026-09-08T06:55:17+00:00
G077799E41781N,upper_syr_darya,syr_darya,3000_4000,3000,4000,0.023889,15.5695,srtm_band_mask_rescaled_to_vector_area,30,2026-09-08T06:55:17+00:00
G077799E41781N,upper_syr_darya,syr_darya,gte_4000,4000,,0.129546,84.4305,srtm_band_mask_rescaled_to_vector_area,30,2026-09-08T06:55:17+00:00
G077799E41938N,upper_syr_darya,syr_darya,gte_4000,4000,,0.127962,100.0000,srtm_band_mask_rescaled_to_vector_area,30,2026-09-08T06:55:17+00:00
G077800E41816N,upper_syr_darya,syr_darya,gte_4000,4000,,0.314696,100.0000,srtm_band_mask_rescaled_to_vector_area,30,2026-09-08T06:55:17+00:00
G077801E41428N,upper_syr_darya,syr_darya,3000_4000,3000,4000,0.029182,21.9630,srtm_band_mask_rescaled_to_vector_area,30,2026-09-08T06:55:17+00:00
G077801E41428N,upper_syr_darya,syr_darya,gte_4000,4000,,0.103687,78.0370,srtm_band_mask_rescaled_to_vector_area,30,2026-09-08T06:55:17+00:00
G077801E41926N,upper_syr_darya,syr_darya,gte_4000,4000,,2.020608,100.0000,srtm_band_mask_rescaled_to_vector_area,30,2026-09-08T06:55:17+00:00
G077802E41772N,upper_syr_darya,syr_darya,3000_4000,3000,4000,0.013861,23.2027,srtm_band_mask_rescaled_to_vector_area,30,2026-09-08T06:55:17+00:00
G077802E41772N,upper_syr_darya,syr_darya,gte_4000,4000,,0.045879,76.7973,srtm_band_mask_rescaled_to_vector_area,30,2026-09-08T06:55:17+00:00
G077804E41415N,upper_syr_darya,syr_darya,gte_4000,4000,,0.033697,100.0000,srtm_band_mask_rescaled_to_vector_area,30,2026-09-08T06:55:17+00:00
G077804E41434N,upper_syr_darya,syr_darya,3000_4000,3000,4000,0.035578,51.7069,srtm_band_mask_rescaled_to_vector_area,30,2026-09-08T06:55:17+00:00
G077804E41434N,upper_syr_darya,syr_darya,gte_4000,4000,,0.033229,48.2931,srtm_band_mask_rescaled_to_vector_area,30,2026-09-08T06:55:17+00:00
G077804E41793N,upper_syr_darya,syr_darya,gte_4000,4000,,0.501743,100.0000,srtm_band_mask_rescaled_to_vector_area,30,2026-09-08T06:55:17+00:00
G077805E41815N,upper_syr_darya,syr_darya,3000_4000,3000,4000,0.057216,14.7414,srtm_band_mask_rescaled_to_vector_area,30,2026-09-08T06:55:17+00:00
G077805E41815N,upper_syr_darya,syr_darya,gte_4000,4000,,0.330913,85.2586,srtm_band_mask_rescaled_to_vector_area,30,2026-09-08T06:55:17+00:00
G077805E41934N,upper_syr_darya,syr_darya,gte_4000,4000,,0.346053,100.0000,srtm_band_mask_rescaled_to_vector_area,30,2026-09-08T06:55:17+00:00
G077811E41415N,upper_syr_darya,syr_darya,gte_4000,4000,,0.749332,100.0000,srtm_band_mask_rescaled_to_vector_area,30,2026-09-08T06:55:17+00:00
G077812E41791N,upper_syr_darya,syr_darya,3000_4000,3000,4000,0.026381,3.4701,srtm_band_mask_rescaled_to_vector_area,30,2026-09-08T06:55:17+00:00
G077812E41791N,upper_syr_darya,syr_darya,gte_4000,4000,,0.733864,96.5299,srtm_band_mask_rescaled_to_vector_area,30,2026-09-08T06:55:17+00:00
G077812E41934N,upper_syr_darya,syr_darya,gte_4000,4000,,0.994806,100.0000,srtm_band_mask_rescaled_to_vector_area,30,2026-09-08T06:55:17+00:00
G077814E41445N,upper_syr_darya,syr_darya,gte_4000,4000,,0.108426,100.0000,srtm_band_mask_rescaled_to_vector_area,30,2026-09-08T06:55:17+00:00
G077817E41422N,upper_syr_darya,syr_darya,3000_4000,3000,4000,0.012158,2.1146,srtm_band_mask_rescaled_to_vector_area,30,2026-09-08T06:55:17+00:00
G077817E41422N,upper_syr_darya,syr_darya,gte_4000,4000,,0.562813,97.8854,srtm_band_mask_rescaled_to_vector_area,30,2026-09-08T06:55:17+00:00
G077817E41929N,upper_syr_darya,syr_darya,gte_4000,4000,,0.112496,100.0000,srtm_band_mask_rescaled_to_vector_area,30,2026-09-08T06:55:17+00:00
G077817E41932N,upper_syr_darya,syr_darya,3000_4000,3000,4000,0.005984,4.1065,srtm_band_mask_rescaled_to_vector_area,30,2026-09-08T06:55:17+00:00
G077817E41932N,upper_syr_darya,syr_darya,gte_4000,4000,,0.139739,95.8935,srtm_band_mask_rescaled_to_vector_area,30,2026-09-08T06:55:17+00:00
G077819E41445N,upper_syr_darya,syr_darya,3000_4000,3000,4000,0.037251,28.0135,srtm_band_mask_rescaled_to_vector_area,30,2026-09-08T06:55:17+00:00
G077819E41445N,upper_syr_darya,syr_darya,gte_4000,4000,,0.095725,71.9865,srtm_band_mask_rescaled_to_vector_area,30,2026-09-08T06:55:17+00:00
G077819E41793N,upper_syr_darya,syr_darya,gte_4000,4000,,0.109564,100.0000,srtm_band_mask_rescaled_to_vector_area,30,2026-09-08T06:55:17+00:00
G077821E41799N,upper_syr_darya,syr_darya,3000_4000,3000,4000,0.003016,0.8703,srtm_band_mask_rescaled_to_vector_area,30,2026-09-08T06:55:17+00:00
G077821E41799N,upper_syr_darya,syr_darya,gte_4000,4000,,0.343583,99.1297,srtm_band_mask_rescaled_to_vector_area,30,2026-09-08T06:55:17+00:00
G077822E41421N,upper_syr_darya,syr_darya,gte_4000,4000,,0.633713,100.0000,srtm_band_mask_rescaled_to_vector_area,30,2026-09-08T06:55:17+00:00
G077823E41431N,upper_syr_darya,syr_darya,gte_4000,4000,,0.014712,100.0000,srtm_band_mask_rescaled_to_vector_area,30,2026-09-08T06:55:17+00:00
G077825E41929N,upper_syr_darya,syr_darya,gte_4000,4000,,0.252662,100.0000,srtm_band_mask_rescaled_to_vector_area,30,2026-09-08T06:55:17+00:00
G077827E41439N,upper_syr_darya,syr_darya,gte_4000,4000,,0.012014,100.0000,srtm_band_mask_rescaled_to_vector_area,30,2026-09-08T06:55:17+00:00
G077827E41798N,upper_syr_darya,syr_darya,gte_4000,4000,,0.381669,100.0000,srtm_band_mask_rescaled_to_vector_area,30,2026-09-08T06:55:17+00:00
G077829E41771N,upper_syr_darya,syr_darya,gte_4000,4000,,0.029193,100.0000,srtm_band_mask_rescaled_to_vector_area,30,2026-09-08T06:55:17+00:00
G077833E41438N,upper_syr_darya,syr_darya,3000_4000,3000,4000,0.021150,3.4813,srtm_band_mask_rescaled_to_vector_area,30,2026-09-08T06:55:17+00:00
G077833E41438N,upper_syr_darya,syr_darya,gte_4000,4000,,0.586372,96.5187,srtm_band_mask_rescaled_to_vector_area,30,2026-09-08T06:55:17+00:00
G077833E41799N,upper_syr_darya,syr_darya,gte_4000,4000,,0.327796,100.0000,srtm_band_mask_rescaled_to_vector_area,30,2026-09-08T06:55:17+00:00
G077835E41770N,upper_syr_darya,syr_darya,gte_4000,4000,,0.061715,100.0000,srtm_band_mask_rescaled_to_vector_area,30,2026-09-08T06:55:17+00:00
G077836E41781N,upper_syr_darya,syr_darya,gte_4000,4000,,0.047964,100.0000,srtm_band_mask_rescaled_to_vector_area,30,2026-09-08T06:55:17+00:00
G077836E41803N,upper_syr_darya,syr_darya,gte_4000,4000,,0.016742,100.0000,srtm_band_mask_rescaled_to_vector_area,30,2026-09-08T06:55:17+00:00
G077836E41819N,upper_syr_darya,syr_darya,gte_4000,4000,,0.514484,100.0000,srtm_band_mask_rescaled_to_vector_area,30,2026-09-08T06:55:17+00:00
G077837E41775N,upper_syr_darya,syr_darya,gte_4000,4000,,0.054200,100.0000,srtm_band_mask_rescaled_to_vector_area,30,2026-09-08T06:55:17+00:00
G077838E41804N,upper_syr_darya,syr_darya,gte_4000,4000,,0.057716,100.0000,srtm_band_mask_rescaled_to_vector_area,30,2026-09-08T06:55:17+00:00
G077839E41772N,upper_syr_darya,syr_darya,gte_4000,4000,,0.061492,100.0000,srtm_band_mask_rescaled_to_vector_area,30,2026-09-08T06:55:17+00:00
G077841E41799N,upper_syr_darya,syr_darya,gte_4000,4000,,0.017617,100.0000,srtm_band_mask_rescaled_to_vector_area,30,2026-09-08T06:55:17+00:00
G077842E41774N,upper_syr_darya,syr_darya,gte_4000,4000,,0.084841,100.0000,srtm_band_mask_rescaled_to_vector_area,30,2026-09-08T06:55:17+00:00
G077842E41781N,upper_syr_darya,syr_darya,gte_4000,4000,,0.066719,100.0000,srtm_band_mask_rescaled_to_vector_area,30,2026-09-08T06:55:17+00:00
G077842E41800N,upper_syr_darya,syr_darya,gte_4000,4000,,0.007597,100.0000,srtm_band_mask_rescaled_to_vector_area,30,2026-09-08T06:55:17+00:00
G077842E41802N,upper_syr_darya,syr_darya,gte_4000,4000,,0.025485,100.0000,srtm_band_mask_rescaled_to_vector_area,30,2026-09-08T06:55:17+00:00
G077842E41817N,upper_syr_darya,syr_darya,3000_4000,3000,4000,0.001846,0.3118,srtm_band_mask_rescaled_to_vector_area,30,2026-09-08T06:55:17+00:00
G077842E41817N,upper_syr_darya,syr_darya,gte_4000,4000,,0.590003,99.6882,srtm_band_mask_rescaled_to_vector_area,30,2026-09-08T06:55:17+00:00
G077844E41803N,upper_syr_darya,syr_darya,gte_4000,4000,,0.072299,100.0000,srtm_band_mask_rescaled_to_vector_area,30,2026-09-08T06:55:17+00:00
G077845E41430N,upper_syr_darya,syr_darya,gte_4000,4000,,0.051923,100.0000,srtm_band_mask_rescaled_to_vector_area,30,2026-09-08T06:55:17+00:00
G077846E41431N,upper_syr_darya,syr_darya,gte_4000,4000,,1.569785,100.0000,srtm_band_mask_rescaled_to_vector_area,30,2026-09-08T06:55:17+00:00
G077846E41806N,upper_syr_darya,syr_darya,gte_4000,4000,,0.021367,100.0000,srtm_band_mask_rescaled_to_vector_area,30,2026-09-08T06:55:17+00:00
G077848E41438N,upper_syr_darya,syr_darya,gte_4000,4000,,0.015933,100.0000,srtm_band_mask_rescaled_to_vector_area,30,2026-09-08T06:55:17+00:00
G077849E41778N,upper_syr_darya,syr_darya,gte_4000,4000,,0.496894,100.0000,srtm_band_mask_rescaled_to_vector_area,30,2026-09-08T06:55:17+00:00
G077851E41446N,upper_syr_darya,syr_darya,gte_4000,4000,,0.010174,100.0000,srtm_band_mask_rescaled_to_vector_area,30,2026-09-08T06:55:17+00:00
G077854E41431N,upper_syr_darya,syr_darya,gte_4000,4000,,0.051923,100.0000,srtm_band_mask_rescaled_to_vector_area,30,2026-09-08T06:55:17+00:00
G077854E41438N,upper_syr_darya,syr_darya,3000_4000,3000,4000,0.000179,0.7406,srtm_band_mask_rescaled_to_vector_area,30,2026-09-08T06:55:17+00:00
G077854E41438N,upper_syr_darya,syr_darya,gte_4000,4000,,0.024039,99.2594,srtm_band_mask_rescaled_to_vector_area,30,2026-09-08T06:55:17+00:00
G077854E41800N,upper_syr_darya,syr_darya,3000_4000,3000,4000,0.004456,0.2906,srtm_band_mask_rescaled_to_vector_area,30,2026-09-08T06:55:17+00:00
G077854E41800N,upper_syr_darya,syr_darya,gte_4000,4000,,1.528918,99.7094,srtm_band_mask_rescaled_to_vector_area,30,2026-09-08T06:55:17+00:00
G077857E41433N,upper_syr_darya,syr_darya,3000_4000,3000,4000,0.006660,10.6256,srtm_band_mask_rescaled_to_vector_area,30,2026-09-08T06:55:17+00:00
G077857E41433N,upper_syr_darya,syr_darya,gte_4000,4000,,0.056023,89.3744,srtm_band_mask_rescaled_to_vector_area,30,2026-09-08T06:55:17+00:00
G077857E41805N,upper_syr_darya,syr_darya,3000_4000,3000,4000,0.058537,4.9451,srtm_band_mask_rescaled_to_vector_area,30,2026-09-08T06:55:17+00:00
G077857E41805N,upper_syr_darya,syr_darya,gte_4000,4000,,1.125200,95.0549,srtm_band_mask_rescaled_to_vector_area,30,2026-09-08T06:55:17+00:00
G077861E41425N,upper_syr_darya,syr_darya,gte_4000,4000,,0.238563,100.0000,srtm_band_mask_rescaled_to_vector_area,30,2026-09-08T06:55:17+00:00
G077861E41788N,upper_syr_darya,syr_darya,gte_4000,4000,,0.999277,100.0000,srtm_band_mask_rescaled_to_vector_area,30,2026-09-08T06:55:17+00:00
G077863E41431N,upper_syr_darya,syr_darya,3000_4000,3000,4000,0.028570,44.7560,srtm_band_mask_rescaled_to_vector_area,30,2026-09-08T06:55:17+00:00
G077863E41431N,upper_syr_darya,syr_darya,gte_4000,4000,,0.035265,55.2440,srtm_band_mask_rescaled_to_vector_area,30,2026-09-08T06:55:17+00:00
G077863E41801N,upper_syr_darya,syr_darya,3000_4000,3000,4000,0.071453,5.6322,srtm_band_mask_rescaled_to_vector_area,30,2026-09-08T06:55:17+00:00
G077863E41801N,upper_syr_darya,syr_darya,gte_4000,4000,,1.197193,94.3678,srtm_band_mask_rescaled_to_vector_area,30,2026-09-08T06:55:17+00:00
G077866E41424N,upper_syr_darya,syr_darya,gte_4000,4000,,0.328093,100.0000,srtm_band_mask_rescaled_to_vector_area,30,2026-09-08T06:55:17+00:00
G077868E41782N,upper_syr_darya,syr_darya,gte_4000,4000,,0.026915,100.0000,srtm_band_mask_rescaled_to_vector_area,30,2026-09-08T06:55:17+00:00
G077868E41963N,upper_syr_darya,syr_darya,gte_4000,4000,,0.066864,100.0000,srtm_band_mask_rescaled_to_vector_area,30,2026-09-08T06:55:17+00:00
G077871E41946N,upper_syr_darya,syr_darya,gte_4000,4000,,0.197293,100.0000,srtm_band_mask_rescaled_to_vector_area,30,2026-09-08T06:55:17+00:00
G077872E41444N,upper_syr_darya,syr_darya,3000_4000,3000,4000,0.002766,0.9367,srtm_band_mask_rescaled_to_vector_area,30,2026-09-08T06:55:17+00:00
G077872E41444N,upper_syr_darya,syr_darya,gte_4000,4000,,0.292525,99.0633,srtm_band_mask_rescaled_to_vector_area,30,2026-09-08T06:55:17+00:00
G077872E41947N,upper_syr_darya,syr_darya,3000_4000,3000,4000,0.025457,2.7671,srtm_band_mask_rescaled_to_vector_area,30,2026-09-08T06:55:17+00:00
G077872E41947N,upper_syr_darya,syr_darya,gte_4000,4000,,0.894540,97.2329,srtm_band_mask_rescaled_to_vector_area,30,2026-09-08T06:55:17+00:00
G077873E41949N,upper_syr_darya,syr_darya,gte_4000,4000,,0.197293,100.0000,srtm_band_mask_rescaled_to_vector_area,30,2026-09-08T06:55:17+00:00
G077873E41973N,upper_syr_darya,syr_darya,gte_4000,4000,,0.194563,100.0000,srtm_band_mask_rescaled_to_vector_area,30,2026-09-08T06:55:17+00:00
G077873E41983N,upper_syr_darya,syr_darya,gte_4000,4000,,1.226917,100.0000,srtm_band_mask_rescaled_to_vector_area,30,2026-09-08T06:55:17+00:00
G077874E41453N,upper_syr_darya,syr_darya,gte_4000,4000,,0.113367,100.0000,srtm_band_mask_rescaled_to_vector_area,30,2026-09-08T06:55:17+00:00
G077874E41465N,upper_syr_darya,syr_darya,gte_4000,4000,,0.016742,100.0000,srtm_band_mask_rescaled_to_vector_area,30,2026-09-08T06:55:17+00:00
G077874E41781N,upper_syr_darya,syr_darya,3000_4000,3000,4000,0.011179,26.4392,srtm_band_mask_rescaled_to_vector_area,30,2026-09-08T06:55:17+00:00
G077874E41781N,upper_syr_darya,syr_darya,gte_4000,4000,,0.031104,73.5608,srtm_band_mask_rescaled_to_vector_area,30,2026-09-08T06:55:17+00:00
G077874E41969N,upper_syr_darya,syr_darya,gte_4000,4000,,0.034998,100.0000,srtm_band_mask_rescaled_to_vector_area,30,2026-09-08T06:55:17+00:00
G077875E41798N,upper_syr_darya,syr_darya,gte_4000,4000,,2.179142,100.0000,srtm_band_mask_rescaled_to_vector_area,30,2026-09-08T06:55:17+00:00
G077876E41813N,upper_syr_darya,syr_darya,3000_4000,3000,4000,0.002424,0.5390,srtm_band_mask_rescaled_to_vector_area,30,2026-09-08T06:55:17+00:00
G077876E41813N,upper_syr_darya,syr_darya,gte_4000,4000,,0.447254,99.4610,srtm_band_mask_rescaled_to_vector_area,30,2026-09-08T06:55:17+00:00
G077877E41438N,upper_syr_darya,syr_darya,gte_4000,4000,,0.264353,100.0000,srtm_band_mask_rescaled_to_vector_area,30,2026-09-08T06:55:17+00:00
G077879E41444N,upper_syr_darya,syr_darya,gte_4000,4000,,0.296080,100.0000,srtm_band_mask_rescaled_to_vector_area,30,2026-09-08T06:55:17+00:00
G077879E41956N,upper_syr_darya,syr_darya,3000_4000,3000,4000,0.003308,0.1935,srtm_band_mask_rescaled_to_vector_area,30,2026-09-08T06:55:17+00:00
G077879E41956N,upper_syr_darya,syr_darya,gte_4000,4000,,1.705983,99.8065,srtm_band_mask_rescaled_to_vector_area,30,2026-09-08T06:55:17+00:00
G077879E41989N,upper_syr_darya,syr_darya,3000_4000,3000,4000,0.219561,24.7101,srtm_band_mask_rescaled_to_vector_area,30,2026-09-08T06:55:17+00:00
G077879E41989N,upper_syr_darya,syr_darya,gte_4000,4000,,0.668986,75.2899,srtm_band_mask_rescaled_to_vector_area,30,2026-09-08T06:55:17+00:00
G077882E41811N,upper_syr_darya,syr_darya,3000_4000,3000,4000,0.008902,1.5733,srtm_band_mask_rescaled_to_vector_area,30,2026-09-08T06:55:17+00:00
G077882E41811N,upper_syr_darya,syr_darya,gte_4000,4000,,0.556912,98.4267,srtm_band_mask_rescaled_to_vector_area,30,2026-09-08T06:55:17+00:00
G077884E41477N,upper_syr_darya,syr_darya,gte_4000,4000,,0.013103,100.0000,srtm_band_mask_rescaled_to_vector_area,30,2026-09-08T06:55:17+00:00
G077884E41946N,upper_syr_darya,syr_darya,3000_4000,3000,4000,0.017974,19.9950,srtm_band_mask_rescaled_to_vector_area,30,2026-09-08T06:55:17+00:00
G077884E41946N,upper_syr_darya,syr_darya,gte_4000,4000,,0.071918,80.0050,srtm_band_mask_rescaled_to_vector_area,30,2026-09-08T06:55:17+00:00
G077886E41793N,upper_syr_darya,syr_darya,3000_4000,3000,4000,0.004613,1.1793,srtm_band_mask_rescaled_to_vector_area,30,2026-09-08T06:55:17+00:00
G077886E41793N,upper_syr_darya,syr_darya,gte_4000,4000,,0.386567,98.8207,srtm_band_mask_rescaled_to_vector_area,30,2026-09-08T06:55:17+00:00
G077887E41995N,upper_syr_darya,syr_darya,3000_4000,3000,4000,0.304696,23.5530,srtm_band_mask_rescaled_to_vector_area,30,2026-09-08T06:55:17+00:00
G077887E41995N,upper_syr_darya,syr_darya,gte_4000,4000,,0.988966,76.4470,srtm_band_mask_rescaled_to_vector_area,30,2026-09-08T06:55:17+00:00
G077890E41805N,upper_syr_darya,syr_darya,3000_4000,3000,4000,0.094448,6.7060,srtm_band_mask_rescaled_to_vector_area,30,2026-09-08T06:55:17+00:00
G077890E41805N,upper_syr_darya,syr_darya,gte_4000,4000,,1.313957,93.2940,srtm_band_mask_rescaled_to_vector_area,30,2026-09-08T06:55:17+00:00
G077892E41477N,upper_syr_darya,syr_darya,gte_4000,4000,,0.041741,100.0000,srtm_band_mask_rescaled_to_vector_area,30,2026-09-08T06:55:17+00:00
G077892E41791N,upper_syr_darya,syr_darya,3000_4000,3000,4000,0.047932,10.6237,srtm_band_mask_rescaled_to_vector_area,30,2026-09-08T06:55:17+00:00
G077892E41791N,upper_syr_darya,syr_darya,gte_4000,4000,,0.403245,89.3763,srtm_band_mask_rescaled_to_vector_area,30,2026-09-08T06:55:17+00:00
G077893E41454N,upper_syr_darya,syr_darya,gte_4000,4000,,0.978450,100.0000,srtm_band_mask_rescaled_to_vector_area,30,2026-09-08T06:55:17+00:00
G077894E41464N,upper_syr_darya,syr_darya,gte_4000,4000,,0.054326,100.0000,srtm_band_mask_rescaled_to_vector_area,30,2026-09-08T06:55:17+00:00
G077894E41995N,upper_syr_darya,syr_darya,3000_4000,3000,4000,0.578902,6.4663,srtm_band_mask_rescaled_to_vector_area,30,2026-09-08T06:55:17+00:00
G077894E41995N,upper_syr_darya,syr_darya,gte_4000,4000,,8.373741,93.5337,srtm_band_mask_rescaled_to_vector_area,30,2026-09-08T06:55:17+00:00
G077895E41465N,upper_syr_darya,syr_darya,3000_4000,3000,4000,0.000021,0.0017,srtm_band_mask_rescaled_to_vector_area,30,2026-09-08T06:55:17+00:00
G077895E41465N,upper_syr_darya,syr_darya,gte_4000,4000,,1.216500,99.9983,srtm_band_mask_rescaled_to_vector_area,30,2026-09-08T06:55:17+00:00
G077896E41784N,upper_syr_darya,syr_darya,3000_4000,3000,4000,0.002073,1.5440,srtm_band_mask_rescaled_to_vector_area,30,2026-09-08T06:55:17+00:00
G077896E41784N,upper_syr_darya,syr_darya,gte_4000,4000,,0.132161,98.4560,srtm_band_mask_rescaled_to_vector_area,30,2026-09-08T06:55:17+00:00
G077897E41802N,upper_syr_darya,syr_darya,3000_4000,3000,4000,0.054647,51.4172,srtm_band_mask_rescaled_to_vector_area,30,2026-09-08T06:55:17+00:00
G077897E41802N,upper_syr_darya,syr_darya,gte_4000,4000,,0.051634,48.5828,srtm_band_mask_rescaled_to_vector_area,30,2026-09-08T06:55:17+00:00
G077897E41967N,upper_syr_darya,syr_darya,3000_4000,3000,4000,0.132945,2.1777,srtm_band_mask_rescaled_to_vector_area,30,2026-09-08T06:55:17+00:00
G077897E41967N,upper_syr_darya,syr_darya,gte_4000,4000,,5.971842,97.8223,srtm_band_mask_rescaled_to_vector_area,30,2026-09-08T06:55:17+00:00
G077899E41475N,upper_syr_darya,syr_darya,3000_4000,3000,4000,0.016621,4.8512,srtm_band_mask_rescaled_to_vector_area,30,2026-09-08T06:55:17+00:00
G077899E41475N,upper_syr_darya,syr_darya,gte_4000,4000,,0.325984,95.1488,srtm_band_mask_rescaled_to_vector_area,30,2026-09-08T06:55:17+00:00
G077899E41481N,upper_syr_darya,syr_darya,gte_4000,4000,,0.016990,100.0000,srtm_band_mask_rescaled_to_vector_area,30,2026-09-08T06:55:17+00:00
G077900E41463N,upper_syr_darya,syr_darya,gte_4000,4000,,0.054335,100.0000,srtm_band_mask_rescaled_to_vector_area,30,2026-09-08T06:55:17+00:00
G077901E41472N,upper_syr_darya,syr_darya,gte_4000,4000,,0.228668,100.0000,srtm_band_mask_rescaled_to_vector_area,30,2026-09-08T06:55:17+00:00
G077902E41783N,upper_syr_darya,syr_darya,3000_4000,3000,4000,0.027805,17.8238,srtm_band_mask_rescaled_to_vector_area,30,2026-09-08T06:55:17+00:00
G077902E41783N,upper_syr_darya,syr_darya,gte_4000,4000,,0.128195,82.1762,srtm_band_mask_rescaled_to_vector_area,30,2026-09-08T06:55:17+00:00
G077903E41820N,upper_syr_darya,syr_darya,gte_4000,4000,,0.058079,100.0000,srtm_band_mask_rescaled_to_vector_area,30,2026-09-08T06:55:17+00:00
G077906E41471N,upper_syr_darya,syr_darya,gte_4000,4000,,0.164264,100.0000,srtm_band_mask_rescaled_to_vector_area,30,2026-09-08T06:55:17+00:00
G077907E41832N,upper_syr_darya,syr_darya,gte_4000,4000,,0.040154,100.0000,srtm_band_mask_rescaled_to_vector_area,30,2026-09-08T06:55:17+00:00
G077908E41478N,upper_syr_darya,syr_darya,3000_4000,3000,4000,0.206697,100.0000,srtm_band_mask_rescaled_to_vector_area,30,2026-09-08T06:55:17+00:00
G077909E41819N,upper_syr_darya,syr_darya,gte_4000,4000,,0.151691,100.0000,srtm_band_mask_rescaled_to_vector_area,30,2026-09-08T06:55:17+00:00
G077909E41822N,upper_syr_darya,syr_darya,gte_4000,4000,,0.144250,100.0000,srtm_band_mask_rescaled_to_vector_area,30,2026-09-08T06:55:17+00:00
G077911E41466N,upper_syr_darya,syr_darya,gte_4000,4000,,0.119978,100.0000,srtm_band_mask_rescaled_to_vector_area,30,2026-09-08T06:55:17+00:00
G077911E41810N,upper_syr_darya,syr_darya,gte_4000,4000,,0.078928,100.0000,srtm_band_mask_rescaled_to_vector_area,30,2026-09-08T06:55:17+00:00
G077911E41839N,upper_syr_darya,syr_darya,3000_4000,3000,4000,0.000242,0.1060,srtm_band_mask_rescaled_to_vector_area,30,2026-09-08T06:55:17+00:00
G077911E41839N,upper_syr_darya,syr_darya,gte_4000,4000,,0.227832,99.8940,srtm_band_mask_rescaled_to_vector_area,30,2026-09-08T06:55:17+00:00
G077912E41493N,upper_syr_darya,syr_darya,3000_4000,3000,4000,0.010237,5.3913,srtm_band_mask_rescaled_to_vector_area,30,2026-09-08T06:55:17+00:00
G077912E41493N,upper_syr_darya,syr_darya,gte_4000,4000,,0.179650,94.6087,srtm_band_mask_rescaled_to_vector_area,30,2026-09-08T06:55:17+00:00
G077913E41472N,upper_syr_darya,syr_darya,gte_4000,4000,,0.081424,100.0000,srtm_band_mask_rescaled_to_vector_area,30,2026-09-08T06:55:17+00:00
G077913E41473N,upper_syr_darya,syr_darya,gte_4000,4000,,0.081424,100.0000,srtm_band_mask_rescaled_to_vector_area,30,2026-09-08T06:55:17+00:00
G077913E41806N,upper_syr_darya,syr_darya,gte_4000,4000,,0.035938,100.0000,srtm_band_mask_rescaled_to_vector_area,30,2026-09-08T06:55:17+00:00
G077914E41474N,upper_syr_darya,syr_darya,3000_4000,3000,4000,0.054578,4.4936,srtm_band_mask_rescaled_to_vector_area,30,2026-09-08T06:55:17+00:00
G077914E41474N,upper_syr_darya,syr_darya,gte_4000,4000,,1.159992,95.5064,srtm_band_mask_rescaled_to_vector_area,30,2026-09-08T06:55:17+00:00
G077914E41825N,upper_syr_darya,syr_darya,gte_4000,4000,,0.544157,100.0000,srtm_band_mask_rescaled_to_vector_area,30,2026-09-08T06:55:17+00:00
G077915E41821N,upper_syr_darya,syr_darya,gte_4000,4000,,0.161077,100.0000,srtm_band_mask_rescaled_to_vector_area,30,2026-09-08T06:55:17+00:00
G077915E41842N,upper_syr_darya,syr_darya,gte_4000,4000,,0.213696,100.0000,srtm_band_mask_rescaled_to_vector_area,30,2026-09-08T06:55:17+00:00
G077916E41809N,upper_syr_darya,syr_darya,gte_4000,4000,,0.509892,100.0000,srtm_band_mask_rescaled_to_vector_area,30,2026-09-08T06:55:17+00:00
G077916E41831N,upper_syr_darya,syr_darya,gte_4000,4000,,0.195460,100.0000,srtm_band_mask_rescaled_to_vector_area,30,2026-09-08T06:55:17+00:00
G077918E41477N,upper_syr_darya,syr_darya,gte_4000,4000,,0.090168,100.0000,srtm_band_mask_rescaled_to_vector_area,30,2026-09-08T06:55:17+00:00
G077918E41492N,upper_syr_darya,syr_darya,3000_4000,3000,4000,0.056074,28.0244,srtm_band_mask_rescaled_to_vector_area,30,2026-09-08T06:55:17+00:00
G077918E41492N,upper_syr_darya,syr_darya,gte_4000,4000,,0.144016,71.9756,srtm_band_mask_rescaled_to_vector_area,30,2026-09-08T06:55:17+00:00
G077919E41839N,upper_syr_darya,syr_darya,gte_4000,4000,,0.497876,100.0000,srtm_band_mask_rescaled_to_vector_area,30,2026-09-08T06:55:17+00:00
G077921E41487N,upper_syr_darya,syr_darya,3000_4000,3000,4000,0.020270,26.5909,srtm_band_mask_rescaled_to_vector_area,30,2026-09-08T06:55:17+00:00
G077921E41487N,upper_syr_darya,syr_darya,gte_4000,4000,,0.055958,73.4091,srtm_band_mask_rescaled_to_vector_area,30,2026-09-08T06:55:17+00:00
G077921E41847N,upper_syr_darya,syr_darya,3000_4000,3000,4000,0.032637,6.4970,srtm_band_mask_rescaled_to_vector_area,30,2026-09-08T06:55:17+00:00
G077921E41847N,upper_syr_darya,syr_darya,gte_4000,4000,,0.469695,93.5030,srtm_band_mask_rescaled_to_vector_area,30,2026-09-08T06:55:17+00:00
G077923E41829N,upper_syr_darya,syr_darya,gte_4000,4000,,0.026014,100.0000,srtm_band_mask_rescaled_to_vector_area,30,2026-09-08T06:55:17+00:00
G077923E41963N,upper_syr_darya,syr_darya,3000_4000,3000,4000,0.180070,2.2041,srtm_band_mask_rescaled_to_vector_area,30,2026-09-08T06:55:17+00:00
G077923E41963N,upper_syr_darya,syr_darya,gte_4000,4000,,7.989572,97.7959,srtm_band_mask_rescaled_to_vector_area,30,2026-09-08T06:55:17+00:00
G077924E41831N,upper_syr_darya,syr_darya,gte_4000,4000,,0.652418,100.0000,srtm_band_mask_rescaled_to_vector_area,30,2026-09-08T06:55:17+00:00
G077926E41488N,upper_syr_darya,syr_darya,3000_4000,3000,4000,0.027646,54.9746,srtm_band_mask_rescaled_to_vector_area,30,2026-09-08T06:55:17+00:00
G077926E41488N,upper_syr_darya,syr_darya,gte_4000,4000,,0.022642,45.0254,srtm_band_mask_rescaled_to_vector_area,30,2026-09-08T06:55:17+00:00
G077927E41810N,upper_syr_darya,syr_darya,3000_4000,3000,4000,0.251073,35.2288,srtm_band_mask_rescaled_to_vector_area,30,2026-09-08T06:55:17+00:00
G077927E41810N,upper_syr_darya,syr_darya,gte_4000,4000,,0.461620,64.7712,srtm_band_mask_rescaled_to_vector_area,30,2026-09-08T06:55:17+00:00
G077927E41967N,upper_syr_darya,syr_darya,gte_4000,4000,,0.373319,100.0000,srtm_band_mask_rescaled_to_vector_area,30,2026-09-08T06:55:17+00:00
G077928E41845N,upper_syr_darya,syr_darya,gte_4000,4000,,0.545508,100.0000,srtm_band_mask_rescaled_to_vector_area,30,2026-09-08T06:55:17+00:00
G077930E41964N,upper_syr_darya,syr_darya,gte_4000,4000,,0.611282,100.0000,srtm_band_mask_rescaled_to_vector_area,30,2026-09-08T06:55:17+00:00
G077931E41486N,upper_syr_darya,syr_darya,gte_4000,4000,,0.305176,100.0000,srtm_band_mask_rescaled_to_vector_area,30,2026-09-08T06:55:17+00:00
G077931E41985N,upper_syr_darya,syr_darya,3000_4000,3000,4000,0.561685,7.1772,srtm_band_mask_rescaled_to_vector_area,30,2026-09-08T06:55:17+00:00
G077931E41985N,upper_syr_darya,syr_darya,gte_4000,4000,,7.264297,92.8228,srtm_band_mask_rescaled_to_vector_area,30,2026-09-08T06:55:17+00:00
G077932E41502N,upper_syr_darya,syr_darya,gte_4000,4000,,0.014279,100.0000,srtm_band_mask_rescaled_to_vector_area,30,2026-09-08T06:55:17+00:00
G077933E41827N,upper_syr_darya,syr_darya,gte_4000,4000,,0.192465,100.0000,srtm_band_mask_rescaled_to_vector_area,30,2026-09-08T06:55:17+00:00
G077936E41849N,upper_syr_darya,syr_darya,gte_4000,4000,,0.203122,100.0000,srtm_band_mask_rescaled_to_vector_area,30,2026-09-08T06:55:17+00:00
G077938E41502N,upper_syr_darya,syr_darya,3000_4000,3000,4000,0.005313,18.2360,srtm_band_mask_rescaled_to_vector_area,30,2026-09-08T06:55:17+00:00
G077938E41502N,upper_syr_darya,syr_darya,gte_4000,4000,,0.023823,81.7640,srtm_band_mask_rescaled_to_vector_area,30,2026-09-08T06:55:17+00:00
G077939E41499N,upper_syr_darya,syr_darya,gte_4000,4000,,0.060867,100.0000,srtm_band_mask_rescaled_to_vector_area,30,2026-09-08T06:55:17+00:00
G077939E41997N,upper_syr_darya,syr_darya,gte_4000,4000,,0.149882,100.0000,srtm_band_mask_rescaled_to_vector_area,30,2026-09-08T06:55:17+00:00
G077941E41832N,upper_syr_darya,syr_darya,3000_4000,3000,4000,0.259321,6.2055,srtm_band_mask_rescaled_to_vector_area,30,2026-09-08T06:55:17+00:00
G077941E41832N,upper_syr_darya,syr_darya,gte_4000,4000,,3.919578,93.7945,srtm_band_mask_rescaled_to_vector_area,30,2026-09-08T06:55:17+00:00
G077942E41819N,upper_syr_darya,syr_darya,gte_4000,4000,,0.197966,100.0000,srtm_band_mask_rescaled_to_vector_area,30,2026-09-08T06:55:17+00:00
G077944E41499N,upper_syr_darya,syr_darya,3000_4000,3000,4000,0.000771,0.8040,srtm_band_mask_rescaled_to_vector_area,30,2026-09-08T06:55:17+00:00
G077944E41499N,upper_syr_darya,syr_darya,gte_4000,4000,,0.095166,99.1960,srtm_band_mask_rescaled_to_vector_area,30,2026-09-08T06:55:17+00:00
G077945E41851N,upper_syr_darya,syr_darya,gte_4000,4000,,0.874031,100.0000,srtm_band_mask_rescaled_to_vector_area,30,2026-09-08T06:55:17+00:00
G077948E41818N,upper_syr_darya,syr_darya,gte_4000,4000,,0.214214,100.0000,srtm_band_mask_rescaled_to_vector_area,30,2026-09-08T06:55:17+00:00
G077948E41828N,upper_syr_darya,syr_darya,gte_4000,4000,,0.299083,100.0000,srtm_band_mask_rescaled_to_vector_area,30,2026-09-08T06:55:17+00:00
G077949E41988N,upper_syr_darya,syr_darya,gte_4000,4000,,0.494840,100.0000,srtm_band_mask_rescaled_to_vector_area,30,2026-09-08T06:55:17+00:00
G077950E41498N,upper_syr_darya,syr_darya,3000_4000,3000,4000,0.000568,1.4034,srtm_band_mask_rescaled_to_vector_area,30,2026-09-08T06:55:17+00:00
G077950E41498N,upper_syr_darya,syr_darya,gte_4000,4000,,0.039913,98.5966,srtm_band_mask_rescaled_to_vector_area,30,2026-09-08T06:55:17+00:00
G077950E41857N,upper_syr_darya,syr_darya,gte_4000,4000,,0.348170,100.0000,srtm_band_mask_rescaled_to_vector_area,30,2026-09-08T06:55:17+00:00
G077951E41837N,upper_syr_darya,syr_darya,gte_4000,4000,,0.035129,100.0000,srtm_band_mask_rescaled_to_vector_area,30,2026-09-08T06:55:17+00:00
G077954E41827N,upper_syr_darya,syr_darya,3000_4000,3000,4000,0.010375,2.4608,srtm_band_mask_rescaled_to_vector_area,30,2026-09-08T06:55:17+00:00
G077954E41827N,upper_syr_darya,syr_darya,gte_4000,4000,,0.411230,97.5392,srtm_band_mask_rescaled_to_vector_area,30,2026-09-08T06:55:17+00:00
G077955E41492N,upper_syr_darya,syr_darya,gte_4000,4000,,0.029214,100.0000,srtm_band_mask_rescaled_to_vector_area,30,2026-09-08T06:55:17+00:00
G077956E41856N,upper_syr_darya,syr_darya,3000_4000,3000,4000,0.017732,4.9396,srtm_band_mask_rescaled_to_vector_area,30,2026-09-08T06:55:17+00:00
G077956E41856N,upper_syr_darya,syr_darya,gte_4000,4000,,0.341255,95.0604,srtm_band_mask_rescaled_to_vector_area,30,2026-09-08T06:55:17+00:00
G077958E41836N,upper_syr_darya,syr_darya,gte_4000,4000,,0.046110,100.0000,srtm_band_mask_rescaled_to_vector_area,30,2026-09-08T06:55:17+00:00
G077958E41978N,upper_syr_darya,syr_darya,gte_4000,4000,,0.889762,100.0000,srtm_band_mask_rescaled_to_vector_area,30,2026-09-08T06:55:17+00:00
G077961E41820N,upper_syr_darya,syr_darya,3000_4000,3000,4000,0.032864,15.8880,srtm_band_mask_rescaled_to_vector_area,30,2026-09-08T06:55:17+00:00
G077961E41820N,upper_syr_darya,syr_darya,gte_4000,4000,,0.173985,84.1120,srtm_band_mask_rescaled_to_vector_area,30,2026-09-08T06:55:17+00:00
G077962E41491N,upper_syr_darya,syr_darya,gte_4000,4000,,0.034561,100.0000,srtm_band_mask_rescaled_to_vector_area,30,2026-09-08T06:55:17+00:00
G077962E41821N,upper_syr_darya,syr_darya,3000_4000,3000,4000,0.032783,3.2716,srtm_band_mask_rescaled_to_vector_area,30,2026-09-08T06:55:17+00:00
G077962E41821N,upper_syr_darya,syr_darya,gte_4000,4000,,0.969277,96.7284,srtm_band_mask_rescaled_to_vector_area,30,2026-09-08T06:55:17+00:00
G077962E41853N,upper_syr_darya,syr_darya,gte_4000,4000,,0.269336,100.0000,srtm_band_mask_rescaled_to_vector_area,30,2026-09-08T06:55:17+00:00
G077963E41834N,upper_syr_darya,syr_darya,3000_4000,3000,4000,0.062129,86.8343,srtm_band_mask_rescaled_to_vector_area,30,2026-09-08T06:55:17+00:00
G077963E41834N,upper_syr_darya,syr_darya,gte_4000,4000,,0.009420,13.1657,srtm_band_mask_rescaled_to_vector_area,30,2026-09-08T06:55:17+00:00
G077964E41827N,upper_syr_darya,syr_darya,3000_4000,3000,4000,0.032864,15.8880,srtm_band_mask_rescaled_to_vector_area,30,2026-09-08T06:55:17+00:00
G077964E41827N,upper_syr_darya,syr_darya,gte_4000,4000,,0.173985,84.1120,srtm_band_mask_rescaled_to_vector_area,30,2026-09-08T06:55:17+00:00
G077964E41979N,upper_syr_darya,syr_darya,gte_4000,4000,,1.151364,100.0000,srtm_band_mask_rescaled_to_vector_area,30,2026-09-08T06:55:17+00:00
G077965E41493N,upper_syr_darya,syr_darya,gte_4000,4000,,0.017625,100.0000,srtm_band_mask_rescaled_to_vector_area,30,2026-09-08T06:55:17+00:00
G077965E41980N,upper_syr_darya,syr_darya,gte_4000,4000,,3.035073,100.0000,srtm_band_mask_rescaled_to_vector_area,30,2026-09-08T06:55:17+00:00
G077967E41486N,upper_syr_darya,syr_darya,gte_4000,4000,,0.018777,100.0000,srtm_band_mask_rescaled_to_vector_area,30,2026-09-08T06:55:17+00:00
G077968E41491N,upper_syr_darya,syr_darya,3000_4000,3000,4000,0.023638,19.0555,srtm_band_mask_rescaled_to_vector_area,30,2026-09-08T06:55:17+00:00
G077968E41491N,upper_syr_darya,syr_darya,gte_4000,4000,,0.100409,80.9445,srtm_band_mask_rescaled_to_vector_area,30,2026-09-08T06:55:17+00:00
G077968E41808N,upper_syr_darya,syr_darya,gte_4000,4000,,0.031381,100.0000,srtm_band_mask_rescaled_to_vector_area,30,2026-09-08T06:55:17+00:00
G077968E41814N,upper_syr_darya,syr_darya,gte_4000,4000,,1.100110,100.0000,srtm_band_mask_rescaled_to_vector_area,30,2026-09-08T06:55:17+00:00
G077969E41828N,upper_syr_darya,syr_darya,3000_4000,3000,4000,0.005557,5.0413,srtm_band_mask_rescaled_to_vector_area,30,2026-09-08T06:55:17+00:00
G077969E41828N,upper_syr_darya,syr_darya,gte_4000,4000,,0.104673,94.9587,srtm_band_mask_rescaled_to_vector_area,30,2026-09-08T06:55:17+00:00
G077971E42001N,upper_syr_darya,syr_darya,3000_4000,3000,4000,0.613968,15.0848,srtm_band_mask_rescaled_to_vector_area,30,2026-09-08T06:55:17+00:00
G077971E42001N,upper_syr_darya,syr_darya,gte_4000,4000,,3.456145,84.9152,srtm_band_mask_rescaled_to_vector_area,30,2026-09-08T06:55:17+00:00
G077972E41976N,upper_syr_darya,syr_darya,gte_4000,4000,,1.155636,100.0000,srtm_band_mask_rescaled_to_vector_area,30,2026-09-08T06:55:17+00:00
G077973E41484N,upper_syr_darya,syr_darya,gte_4000,4000,,0.075657,100.0000,srtm_band_mask_rescaled_to_vector_area,30,2026-09-08T06:55:17+00:00
G077973E41827N,upper_syr_darya,syr_darya,gte_4000,4000,,0.318891,100.0000,srtm_band_mask_rescaled_to_vector_area,30,2026-09-08T06:55:17+00:00
G077974E41988N,upper_syr_darya,syr_darya,3000_4000,3000,4000,0.115806,4.0245,srtm_band_mask_rescaled_to_vector_area,30,2026-09-08T06:55:17+00:00
G077974E41988N,upper_syr_darya,syr_darya,gte_4000,4000,,2.761696,95.9755,srtm_band_mask_rescaled_to_vector_area,30,2026-09-08T06:55:17+00:00
G077975E41807N,upper_syr_darya,syr_darya,gte_4000,4000,,0.036712,100.0000,srtm_band_mask_rescaled_to_vector_area,30,2026-09-08T06:55:17+00:00
G077977E41479N,upper_syr_darya,syr_darya,gte_4000,4000,,0.087976,100.0000,srtm_band_mask_rescaled_to_vector_area,30,2026-09-08T06:55:17+00:00
G077978E41807N,upper_syr_darya,syr_darya,gte_4000,4000,,0.013248,100.0000,srtm_band_mask_rescaled_to_vector_area,30,2026-09-08T06:55:17+00:00
G077980E41484N,upper_syr_darya,syr_darya,gte_4000,4000,,0.165462,100.0000,srtm_band_mask_rescaled_to_vector_area,30,2026-09-08T06:55:17+00:00
G077980E41821N,upper_syr_darya,syr_darya,3000_4000,3000,4000,0.001159,0.0584,srtm_band_mask_rescaled_to_vector_area,30,2026-09-08T06:55:17+00:00
G077980E41821N,upper_syr_darya,syr_darya,gte_4000,4000,,1.984657,99.9416,srtm_band_mask_rescaled_to_vector_area,30,2026-09-08T06:55:17+00:00
G077983E41478N,upper_syr_darya,syr_darya,3000_4000,3000,4000,0.021052,20.3865,srtm_band_mask_rescaled_to_vector_area,30,2026-09-08T06:55:17+00:00
G077983E41478N,upper_syr_darya,syr_darya,gte_4000,4000,,0.082213,79.6135,srtm_band_mask_rescaled_to_vector_area,30,2026-09-08T06:55:17+00:00
G077984E41806N,upper_syr_darya,syr_darya,3000_4000,3000,4000,0.024134,100.0000,srtm_band_mask_rescaled_to_vector_area,30,2026-09-08T06:55:17+00:00
G077987E41492N,upper_syr_darya,syr_darya,3000_4000,3000,4000,0.002035,2.2116,srtm_band_mask_rescaled_to_vector_area,30,2026-09-08T06:55:17+00:00
G077987E41492N,upper_syr_darya,syr_darya,gte_4000,4000,,0.089963,97.7884,srtm_band_mask_rescaled_to_vector_area,30,2026-09-08T06:55:17+00:00
G077990E41991N,upper_syr_darya,syr_darya,gte_4000,4000,,0.074704,100.0000,srtm_band_mask_rescaled_to_vector_area,30,2026-09-08T06:55:17+00:00
G077994E41491N,upper_syr_darya,syr_darya,gte_4000,4000,,0.102496,100.0000,srtm_band_mask_rescaled_to_vector_area,30,2026-09-08T06:55:17+00:00
G077995E42023N,upper_syr_darya,syr_darya,gte_4000,4000,,0.093351,100.0000,srtm_band_mask_rescaled_to_vector_area,30,2026-09-08T06:55:17+00:00
G077996E41989N,upper_syr_darya,syr_darya,3000_4000,3000,4000,0.028353,39.9656,srtm_band_mask_rescaled_to_vector_area,30,2026-09-08T06:55:17+00:00
G077996E41989N,upper_syr_darya,syr_darya,gte_4000,4000,,0.042591,60.0344,srtm_band_mask_rescaled_to_vector_area,30,2026-09-08T06:55:17+00:00
G078001E42022N,upper_syr_darya,syr_darya,gte_4000,4000,,0.217178,100.0000,srtm_band_mask_rescaled_to_vector_area,30,2026-09-08T06:55:17+00:00
G078011E41685N,upper_syr_darya,syr_darya,gte_4000,4000,,0.127443,100.0000,srtm_band_mask_rescaled_to_vector_area,30,2026-09-08T06:55:17+00:00
G078013E41677N,upper_syr_darya,syr_darya,gte_4000,4000,,0.021388,100.0000,srtm_band_mask_rescaled_to_vector_area,30,2026-09-08T06:55:17+00:00
G078015E42011N,upper_syr_darya,syr_darya,gte_4000,4000,,0.630628,100.0000,srtm_band_mask_rescaled_to_vector_area,30,2026-09-08T06:55:17+00:00
G078016E42025N,upper_syr_darya,syr_darya,3000_4000,3000,4000,0.020679,0.9549,srtm_band_mask_rescaled_to_vector_area,30,2026-09-08T06:55:17+00:00
G078016E42025N,upper_syr_darya,syr_darya,gte_4000,4000,,2.144828,99.0451,srtm_band_mask_rescaled_to_vector_area,30,2026-09-08T06:55:17+00:00
G078020E41449N,upper_syr_darya,syr_darya,gte_4000,4000,,0.136455,100.0000,srtm_band_mask_rescaled_to_vector_area,30,2026-09-08T06:55:17+00:00
G078021E42018N,upper_syr_darya,syr_darya,gte_4000,4000,,2.791051,100.0000,srtm_band_mask_rescaled_to_vector_area,30,2026-09-08T06:55:17+00:00
G078025E41755N,upper_syr_darya,syr_darya,gte_4000,4000,,0.039498,100.0000,srtm_band_mask_rescaled_to_vector_area,30,2026-09-08T06:55:17+00:00
G078025E42022N,upper_syr_darya,syr_darya,gte_4000,4000,,0.186739,100.0000,srtm_band_mask_rescaled_to_vector_area,30,2026-09-08T06:55:17+00:00
G078027E41447N,upper_syr_darya,syr_darya,gte_4000,4000,,0.128689,100.0000,srtm_band_mask_rescaled_to_vector_area,30,2026-09-08T06:55:17+00:00
G078028E41444N,upper_syr_darya,syr_darya,gte_4000,4000,,0.160755,100.0000,srtm_band_mask_rescaled_to_vector_area,30,2026-09-08T06:55:17+00:00
G078029E42007N,upper_syr_darya,syr_darya,gte_4000,4000,,0.495317,100.0000,srtm_band_mask_rescaled_to_vector_area,30,2026-09-08T06:55:17+00:00
G078032E42020N,upper_syr_darya,syr_darya,gte_4000,4000,,0.193512,100.0000,srtm_band_mask_rescaled_to_vector_area,30,2026-09-08T06:55:17+00:00
G078035E41443N,upper_syr_darya,syr_darya,3000_4000,3000,4000,0.002952,1.7827,srtm_band_mask_rescaled_to_vector_area,30,2026-09-08T06:55:17+00:00
G078035E41443N,upper_syr_darya,syr_darya,gte_4000,4000,,0.162630,98.2173,srtm_band_mask_rescaled_to_vector_area,30,2026-09-08T06:55:17+00:00
G078038E42013N,upper_syr_darya,syr_darya,3000_4000,3000,4000,0.009177,0.4922,srtm_band_mask_rescaled_to_vector_area,30,2026-09-08T06:55:17+00:00
G078038E42013N,upper_syr_darya,syr_darya,gte_4000,4000,,1.855377,99.5078,srtm_band_mask_rescaled_to_vector_area,30,2026-09-08T06:55:17+00:00
G078040E41451N,upper_syr_darya,syr_darya,gte_4000,4000,,0.023498,100.0000,srtm_band_mask_rescaled_to_vector_area,30,2026-09-08T06:55:17+00:00
G078042E42018N,upper_syr_darya,syr_darya,gte_4000,4000,,0.283252,100.0000,srtm_band_mask_rescaled_to_vector_area,30,2026-09-08T06:55:17+00:00
G078046E41453N,upper_syr_darya,syr_darya,gte_4000,4000,,0.089891,100.0000,srtm_band_mask_rescaled_to_vector_area,30,2026-09-08T06:55:17+00:00
G078047E41989N,upper_syr_darya,syr_darya,gte_4000,4000,,0.551046,100.0000,srtm_band_mask_rescaled_to_vector_area,30,2026-09-08T06:55:17+00:00
G078049E42018N,upper_syr_darya,syr_darya,gte_4000,4000,,0.439035,100.0000,srtm_band_mask_rescaled_to_vector_area,30,2026-09-08T06:55:17+00:00
G078050E42012N,upper_syr_darya,syr_darya,gte_4000,4000,,0.214887,100.0000,srtm_band_mask_rescaled_to_vector_area,30,2026-09-08T06:55:17+00:00
G078053E41452N,upper_syr_darya,syr_darya,gte_4000,4000,,0.083871,100.0000,srtm_band_mask_rescaled_to_vector_area,30,2026-09-08T06:55:17+00:00
G078054E41508N,upper_syr_darya,syr_darya,3000_4000,3000,4000,0.019955,85.4368,srtm_band_mask_rescaled_to_vector_area,30,2026-09-08T06:55:17+00:00
G078054E41508N,upper_syr_darya,syr_darya,gte_4000,4000,,0.003401,14.5632,srtm_band_mask_rescaled_to_vector_area,30,2026-09-08T06:55:17+00:00
G078056E41499N,upper_syr_darya,syr_darya,gte_4000,4000,,0.154551,100.0000,srtm_band_mask_rescaled_to_vector_area,30,2026-09-08T06:55:17+00:00
G078058E41455N,upper_syr_darya,syr_darya,gte_4000,4000,,0.169082,100.0000,srtm_band_mask_rescaled_to_vector_area,30,2026-09-08T06:55:17+00:00
G078059E41453N,upper_syr_darya,syr_darya,gte_4000,4000,,0.333562,100.0000,srtm_band_mask_rescaled_to_vector_area,30,2026-09-08T06:55:17+00:00
G078060E41503N,upper_syr_darya,syr_darya,gte_4000,4000,,0.618492,100.0000,srtm_band_mask_rescaled_to_vector_area,30,2026-09-08T06:55:17+00:00
G078061E41485N,upper_syr_darya,syr_darya,gte_4000,4000,,0.030529,100.0000,srtm_band_mask_rescaled_to_vector_area,30,2026-09-08T06:55:17+00:00
G078064E41509N,upper_syr_darya,syr_darya,gte_4000,4000,,0.146003,100.0000,srtm_band_mask_rescaled_to_vector_area,30,2026-09-08T06:55:17+00:00
G078068E41485N,upper_syr_darya,syr_darya,gte_4000,4000,,0.046490,100.0000,srtm_band_mask_rescaled_to_vector_area,30,2026-09-08T06:55:17+00:00
G078068E41491N,upper_syr_darya,syr_darya,gte_4000,4000,,0.081883,100.0000,srtm_band_mask_rescaled_to_vector_area,30,2026-09-08T06:55:17+00:00
G078068E41502N,upper_syr_darya,syr_darya,3000_4000,3000,4000,0.212182,21.9632,srtm_band_mask_rescaled_to_vector_area,30,2026-09-08T06:55:17+00:00
G078068E41502N,upper_syr_darya,syr_darya,gte_4000,4000,,0.753898,78.0368,srtm_band_mask_rescaled_to_vector_area,30,2026-09-08T06:55:17+00:00
G078069E41482N,upper_syr_darya,syr_darya,gte_4000,4000,,0.083396,100.0000,srtm_band_mask_rescaled_to_vector_area,30,2026-09-08T06:55:17+00:00
G078070E41454N,upper_syr_darya,syr_darya,gte_4000,4000,,0.517764,100.0000,srtm_band_mask_rescaled_to_vector_area,30,2026-09-08T06:55:17+00:00
G078070E41494N,upper_syr_darya,syr_darya,3000_4000,3000,4000,0.023203,11.7243,srtm_band_mask_rescaled_to_vector_area,30,2026-09-08T06:55:17+00:00
G078070E41494N,upper_syr_darya,syr_darya,gte_4000,4000,,0.174705,88.2757,srtm_band_mask_rescaled_to_vector_area,30,2026-09-08T06:55:17+00:00
G078072E41464N,upper_syr_darya,syr_darya,gte_4000,4000,,0.056295,100.0000,srtm_band_mask_rescaled_to_vector_area,30,2026-09-08T06:55:17+00:00
G078075E41481N,upper_syr_darya,syr_darya,gte_4000,4000,,0.055936,100.0000,srtm_band_mask_rescaled_to_vector_area,30,2026-09-08T06:55:17+00:00
G078075E41489N,upper_syr_darya,syr_darya,3000_4000,3000,4000,0.029317,49.7887,srtm_band_mask_rescaled_to_vector_area,30,2026-09-08T06:55:17+00:00
G078075E41489N,upper_syr_darya,syr_darya,gte_4000,4000,,0.029566,50.2113,srtm_band_mask_rescaled_to_vector_area,30,2026-09-08T06:55:17+00:00
G078078E41494N,upper_syr_darya,syr_darya,3000_4000,3000,4000,0.021382,66.6066,srtm_band_mask_rescaled_to_vector_area,30,2026-09-08T06:55:17+00:00
G078078E41494N,upper_syr_darya,syr_darya,gte_4000,4000,,0.010720,33.3934,srtm_band_mask_rescaled_to_vector_area,30,2026-09-08T06:55:17+00:00
G078083E41480N,upper_syr_darya,syr_darya,3000_4000,3000,4000,0.009227,2.1187,srtm_band_mask_rescaled_to_vector_area,30,2026-09-08T06:55:17+00:00
G078083E41480N,upper_syr_darya,syr_darya,gte_4000,4000,,0.426294,97.8813,srtm_band_mask_rescaled_to_vector_area,30,2026-09-08T06:55:17+00:00
G078090E41487N,upper_syr_darya,syr_darya,gte_4000,4000,,0.191052,100.0000,srtm_band_mask_rescaled_to_vector_area,30,2026-09-08T06:55:17+00:00
G078094E42022N,upper_syr_darya,syr_darya,gte_4000,4000,,2.225795,100.0000,srtm_band_mask_rescaled_to_vector_area,30,2026-09-08T06:55:17+00:00
G078097E41486N,upper_syr_darya,syr_darya,3000_4000,3000,4000,0.016265,3.1272,srtm_band_mask_rescaled_to_vector_area,30,2026-09-08T06:55:17+00:00
G078097E41486N,upper_syr_darya,syr_darya,gte_4000,4000,,0.503863,96.8728,srtm_band_mask_rescaled_to_vector_area,30,2026-09-08T06:55:17+00:00
G078097E42011N,upper_syr_darya,syr_darya,gte_4000,4000,,1.689360,100.0000,srtm_band_mask_rescaled_to_vector_area,30,2026-09-08T06:55:17+00:00
G078103E41995N,upper_syr_darya,syr_darya,gte_4000,4000,,0.217493,100.0000,srtm_band_mask_rescaled_to_vector_area,30,2026-09-08T06:55:17+00:00
G078103E42007N,upper_syr_darya,syr_darya,3000_4000,3000,4000,0.185444,7.7464,srtm_band_mask_rescaled_to_vector_area,30,2026-09-08T06:55:17+00:00
G078103E42007N,upper_syr_darya,syr_darya,gte_4000,4000,,2.208478,92.2536,srtm_band_mask_rescaled_to_vector_area,30,2026-09-08T06:55:17+00:00
G078109E42025N,upper_syr_darya,syr_darya,3000_4000,3000,4000,0.068943,21.5105,srtm_band_mask_rescaled_to_vector_area,30,2026-09-08T06:55:17+00:00
G078109E42025N,upper_syr_darya,syr_darya,gte_4000,4000,,0.251567,78.4895,srtm_band_mask_rescaled_to_vector_area,30,2026-09-08T06:55:17+00:00
G078112E41992N,upper_syr_darya,syr_darya,gte_4000,4000,,0.108679,100.0000,srtm_band_mask_rescaled_to_vector_area,30,2026-09-08T06:55:17+00:00
G078112E41995N,upper_syr_darya,syr_darya,gte_4000,4000,,0.544287,100.0000,srtm_band_mask_rescaled_to_vector_area,30,2026-09-08T06:55:17+00:00
G078114E41710N,upper_syr_darya,syr_darya,gte_4000,4000,,0.021591,100.0000,srtm_band_mask_rescaled_to_vector_area,30,2026-09-08T06:55:17+00:00
G078116E42026N,upper_syr_darya,syr_darya,3000_4000,3000,4000,0.084812,14.1950,srtm_band_mask_rescaled_to_vector_area,30,2026-09-08T06:55:17+00:00
G078116E42026N,upper_syr_darya,syr_darya,gte_4000,4000,,0.512665,85.8050,srtm_band_mask_rescaled_to_vector_area,30,2026-09-08T06:55:17+00:00
G078120E41991N,upper_syr_darya,syr_darya,gte_4000,4000,,0.097179,100.0000,srtm_band_mask_rescaled_to_vector_area,30,2026-09-08T06:55:17+00:00
G078123E41724N,upper_syr_darya,syr_darya,gte_4000,4000,,0.226405,100.0000,srtm_band_mask_rescaled_to_vector_area,30,2026-09-08T06:55:17+00:00
G078125E41734N,upper_syr_darya,syr_darya,3000_4000,3000,4000,0.003102,1.0877,srtm_band_mask_rescaled_to_vector_area,30,2026-09-08T06:55:17+00:00
G078125E41734N,upper_syr_darya,syr_darya,gte_4000,4000,,0.282138,98.9123,srtm_band_mask_rescaled_to_vector_area,30,2026-09-08T06:55:17+00:00
G078127E42027N,upper_syr_darya,syr_darya,gte_4000,4000,,1.645150,100.0000,srtm_band_mask_rescaled_to_vector_area,30,2026-09-08T06:55:17+00:00
G078131E41784N,upper_syr_darya,syr_darya,gte_4000,4000,,0.133971,100.0000,srtm_band_mask_rescaled_to_vector_area,30,2026-09-08T06:55:17+00:00
G078132E41777N,upper_syr_darya,syr_darya,gte_4000,4000,,0.561629,100.0000,srtm_band_mask_rescaled_to_vector_area,30,2026-09-08T06:55:17+00:00
G078133E41733N,upper_syr_darya,syr_darya,gte_4000,4000,,0.265089,100.0000,srtm_band_mask_rescaled_to_vector_area,30,2026-09-08T06:55:17+00:00
G078134E42022N,upper_syr_darya,syr_darya,gte_4000,4000,,1.392429,100.0000,srtm_band_mask_rescaled_to_vector_area,30,2026-09-08T06:55:17+00:00
G078137E41727N,upper_syr_darya,syr_darya,gte_4000,4000,,0.839088,100.0000,srtm_band_mask_rescaled_to_vector_area,30,2026-09-08T06:55:17+00:00
G078137E42029N,upper_syr_darya,syr_darya,gte_4000,4000,,0.219316,100.0000,srtm_band_mask_rescaled_to_vector_area,30,2026-09-08T06:55:17+00:00
G078138E41783N,upper_syr_darya,syr_darya,gte_4000,4000,,0.134413,100.0000,srtm_band_mask_rescaled_to_vector_area,30,2026-09-08T06:55:17+00:00
G078139E41776N,upper_syr_darya,syr_darya,gte_4000,4000,,0.634512,100.0000,srtm_band_mask_rescaled_to_vector_area,30,2026-09-08T06:55:17+00:00
G078141E42029N,upper_syr_darya,syr_darya,gte_4000,4000,,0.551195,100.0000,srtm_band_mask_rescaled_to_vector_area,30,2026-09-08T06:55:17+00:00
G078146E41794N,upper_syr_darya,syr_darya,gte_4000,4000,,0.013128,100.0000,srtm_band_mask_rescaled_to_vector_area,30,2026-09-08T06:55:17+00:00
G078147E41753N,upper_syr_darya,syr_darya,gte_4000,4000,,0.090529,100.0000,srtm_band_mask_rescaled_to_vector_area,30,2026-09-08T06:55:17+00:00
G078148E41785N,upper_syr_darya,syr_darya,3000_4000,3000,4000,0.010572,0.5189,srtm_band_mask_rescaled_to_vector_area,30,2026-09-08T06:55:17+00:00
G078148E41785N,upper_syr_darya,syr_darya,gte_4000,4000,,2.027054,99.4811,srtm_band_mask_rescaled_to_vector_area,30,2026-09-08T06:55:17+00:00
G078148E41792N,upper_syr_darya,syr_darya,gte_4000,4000,,0.039839,100.0000,srtm_band_mask_rescaled_to_vector_area,30,2026-09-08T06:55:17+00:00
G078151E41727N,upper_syr_darya,syr_darya,gte_4000,4000,,0.265614,100.0000,srtm_band_mask_rescaled_to_vector_area,30,2026-09-08T06:55:17+00:00
G078151E41752N,upper_syr_darya,syr_darya,gte_4000,4000,,0.147780,100.0000,srtm_band_mask_rescaled_to_vector_area,30,2026-09-08T06:55:17+00:00
G078151E41756N,upper_syr_darya,syr_darya,3000_4000,3000,4000,0.007491,2.1429,srtm_band_mask_rescaled_to_vector_area,30,2026-09-08T06:55:17+00:00
G078151E41756N,upper_syr_darya,syr_darya,gte_4000,4000,,0.342091,97.8571,srtm_band_mask_rescaled_to_vector_area,30,2026-09-08T06:55:17+00:00
G078152E41728N,upper_syr_darya,syr_darya,gte_4000,4000,,1.364534,100.0000,srtm_band_mask_rescaled_to_vector_area,30,2026-09-08T06:55:17+00:00
G078152E41740N,upper_syr_darya,syr_darya,gte_4000,4000,,0.292867,100.0000,srtm_band_mask_rescaled_to_vector_area,30,2026-09-08T06:55:17+00:00
G078153E41741N,upper_syr_darya,syr_darya,gte_4000,4000,,3.425422,100.0000,srtm_band_mask_rescaled_to_vector_area,30,2026-09-08T06:55:17+00:00
G078154E41728N,upper_syr_darya,syr_darya,gte_4000,4000,,0.265619,100.0000,srtm_band_mask_rescaled_to_vector_area,30,2026-09-08T06:55:17+00:00
G078157E41752N,upper_syr_darya,syr_darya,gte_4000,4000,,0.097753,100.0000,srtm_band_mask_rescaled_to_vector_area,30,2026-09-08T06:55:17+00:00
G078158E41754N,upper_syr_darya,syr_darya,gte_4000,4000,,0.155399,100.0000,srtm_band_mask_rescaled_to_vector_area,30,2026-09-08T06:55:17+00:00
G078159E41753N,upper_syr_darya,syr_darya,gte_4000,4000,,0.155411,100.0000,srtm_band_mask_rescaled_to_vector_area,30,2026-09-08T06:55:17+00:00
G078159E41755N,upper_syr_darya,syr_darya,gte_4000,4000,,0.368952,100.0000,srtm_band_mask_rescaled_to_vector_area,30,2026-09-08T06:55:17+00:00
G078161E41769N,upper_syr_darya,syr_darya,3000_4000,3000,4000,0.026635,1.6689,srtm_band_mask_rescaled_to_vector_area,30,2026-09-08T06:55:17+00:00
G078161E41769N,upper_syr_darya,syr_darya,gte_4000,4000,,1.569298,98.3311,srtm_band_mask_rescaled_to_vector_area,30,2026-09-08T06:55:17+00:00
G078162E41725N,upper_syr_darya,syr_darya,gte_4000,4000,,0.246292,100.0000,srtm_band_mask_rescaled_to_vector_area,30,2026-09-08T06:55:17+00:00
G078162E41751N,upper_syr_darya,syr_darya,gte_4000,4000,,0.018154,100.0000,srtm_band_mask_rescaled_to_vector_area,30,2026-09-08T06:55:17+00:00
G078163E41779N,upper_syr_darya,syr_darya,gte_4000,4000,,0.122413,100.0000,srtm_band_mask_rescaled_to_vector_area,30,2026-09-08T06:55:17+00:00
G078165E41739N,upper_syr_darya,syr_darya,gte_4000,4000,,0.292867,100.0000,srtm_band_mask_rescaled_to_vector_area,30,2026-09-08T06:55:17+00:00
G078165E41791N,upper_syr_darya,syr_darya,gte_4000,4000,,0.055827,100.0000,srtm_band_mask_rescaled_to_vector_area,30,2026-09-08T06:55:17+00:00
G078166E41792N,upper_syr_darya,syr_darya,3000_4000,3000,4000,0.361585,5.4363,srtm_band_mask_rescaled_to_vector_area,30,2026-09-08T06:55:17+00:00
G078166E41792N,upper_syr_darya,syr_darya,gte_4000,4000,,6.289720,94.5637,srtm_band_mask_rescaled_to_vector_area,30,2026-09-08T06:55:17+00:00
G078167E41757N,upper_syr_darya,syr_darya,gte_4000,4000,,0.647684,100.0000,srtm_band_mask_rescaled_to_vector_area,30,2026-09-08T06:55:17+00:00
G078168E41752N,upper_syr_darya,syr_darya,gte_4000,4000,,0.222958,100.0000,srtm_band_mask_rescaled_to_vector_area,30,2026-09-08T06:55:17+00:00
G078168E41768N,upper_syr_darya,syr_darya,gte_4000,4000,,1.577824,100.0000,srtm_band_mask_rescaled_to_vector_area,30,2026-09-08T06:55:17+00:00
G078169E41731N,upper_syr_darya,syr_darya,3000_4000,3000,4000,0.013765,2.1804,srtm_band_mask_rescaled_to_vector_area,30,2026-09-08T06:55:17+00:00
G078169E41731N,upper_syr_darya,syr_darya,gte_4000,4000,,0.617524,97.8196,srtm_band_mask_rescaled_to_vector_area,30,2026-09-08T06:55:17+00:00
G078169E41804N,upper_syr_darya,syr_darya,gte_4000,4000,,0.054741,100.0000,srtm_band_mask_rescaled_to_vector_area,30,2026-09-08T06:55:17+00:00
G078171E41777N,upper_syr_darya,syr_darya,gte_4000,4000,,0.078300,100.0000,srtm_band_mask_rescaled_to_vector_area,30,2026-09-08T06:55:17+00:00
G078172E41737N,upper_syr_darya,syr_darya,gte_4000,4000,,0.292956,100.0000,srtm_band_mask_rescaled_to_vector_area,30,2026-09-08T06:55:17+00:00
G078178E41741N,upper_syr_darya,syr_darya,gte_4000,4000,,0.020541,100.0000,srtm_band_mask_rescaled_to_vector_area,30,2026-09-08T06:55:17+00:00
G078179E41692N,upper_syr_darya,syr_darya,gte_4000,4000,,0.011906,100.0000,srtm_band_mask_rescaled_to_vector_area,30,2026-09-08T06:55:17+00:00
G078179E41788N,upper_syr_darya,syr_darya,gte_4000,4000,,0.055827,100.0000,srtm_band_mask_rescaled_to_vector_area,30,2026-09-08T06:55:17+00:00
G078180E41812N,upper_syr_darya,syr_darya,3000_4000,3000,4000,0.149306,3.0444,srtm_band_mask_rescaled_to_vector_area,30,2026-09-08T06:55:17+00:00
G078180E41812N,upper_syr_darya,syr_darya,gte_4000,4000,,4.754928,96.9556,srtm_band_mask_rescaled_to_vector_area,30,2026-09-08T06:55:17+00:00
G078182E41844N,upper_syr_darya,syr_darya,3000_4000,3000,4000,0.027067,16.7539,srtm_band_mask_rescaled_to_vector_area,30,2026-09-08T06:55:17+00:00
G078182E41844N,upper_syr_darya,syr_darya,gte_4000,4000,,0.134487,83.2461,srtm_band_mask_rescaled_to_vector_area,30,2026-09-08T06:55:17+00:00
G078183E41838N,upper_syr_darya,syr_darya,gte_4000,4000,,0.024672,100.0000,srtm_band_mask_rescaled_to_vector_area,30,2026-09-08T06:55:17+00:00
G078184E41693N,upper_syr_darya,syr_darya,gte_4000,4000,,0.161498,100.0000,srtm_band_mask_rescaled_to_vector_area,30,2026-09-08T06:55:17+00:00
G078184E41824N,upper_syr_darya,syr_darya,3000_4000,3000,4000,0.001535,0.0586,srtm_band_mask_rescaled_to_vector_area,30,2026-09-08T06:55:17+00:00
G078184E41824N,upper_syr_darya,syr_darya,gte_4000,4000,,2.617489,99.9414,srtm_band_mask_rescaled_to_vector_area,30,2026-09-08T06:55:17+00:00
G078190E41741N,upper_syr_darya,syr_darya,3000_4000,3000,4000,0.219402,6.0667,srtm_band_mask_rescaled_to_vector_area,30,2026-09-08T06:55:17+00:00
G078190E41741N,upper_syr_darya,syr_darya,gte_4000,4000,,3.397089,93.9333,srtm_band_mask_rescaled_to_vector_area,30,2026-09-08T06:55:17+00:00
G078190E41788N,upper_syr_darya,syr_darya,gte_4000,4000,,0.314543,100.0000,srtm_band_mask_rescaled_to_vector_area,30,2026-09-08T06:55:17+00:00
G078190E41843N,upper_syr_darya,syr_darya,3000_4000,3000,4000,0.035708,16.9033,srtm_band_mask_rescaled_to_vector_area,30,2026-09-08T06:55:17+00:00
G078190E41843N,upper_syr_darya,syr_darya,gte_4000,4000,,0.175540,83.0967,srtm_band_mask_rescaled_to_vector_area,30,2026-09-08T06:55:17+00:00
G078194E41692N,upper_syr_darya,syr_darya,gte_4000,4000,,0.112368,100.0000,srtm_band_mask_rescaled_to_vector_area,30,2026-09-08T06:55:17+00:00
G078194E41829N,upper_syr_darya,syr_darya,gte_4000,4000,,0.355712,100.0000,srtm_band_mask_rescaled_to_vector_area,30,2026-09-08T06:55:17+00:00
G078195E41757N,upper_syr_darya,syr_darya,3000_4000,3000,4000,0.232113,5.1216,srtm_band_mask_rescaled_to_vector_area,30,2026-09-08T06:55:17+00:00
G078195E41757N,upper_syr_darya,syr_darya,gte_4000,4000,,4.299942,94.8784,srtm_band_mask_rescaled_to_vector_area,30,2026-09-08T06:55:17+00:00
G078196E41793N,upper_syr_darya,syr_darya,gte_4000,4000,,1.303108,100.0000,srtm_band_mask_rescaled_to_vector_area,30,2026-09-08T06:55:17+00:00
G078197E41781N,upper_syr_darya,syr_darya,gte_4000,4000,,0.590467,100.0000,srtm_band_mask_rescaled_to_vector_area,30,2026-09-08T06:55:17+00:00
G078198E41696N,upper_syr_darya,syr_darya,gte_4000,4000,,0.437139,100.0000,srtm_band_mask_rescaled_to_vector_area,30,2026-09-08T06:55:17+00:00
G078198E41787N,upper_syr_darya,syr_darya,gte_4000,4000,,0.489663,100.0000,srtm_band_mask_rescaled_to_vector_area,30,2026-09-08T06:55:17+00:00
G078201E41774N,upper_syr_darya,syr_darya,3000_4000,3000,4000,0.530563,22.8379,srtm_band_mask_rescaled_to_vector_area,30,2026-09-08T06:55:17+00:00
G078201E41774N,upper_syr_darya,syr_darya,gte_4000,4000,,1.792609,77.1621,srtm_band_mask_rescaled_to_vector_area,30,2026-09-08T06:55:17+00:00
G078204E41844N,upper_syr_darya,syr_darya,3000_4000,3000,4000,0.663326,7.7684,srtm_band_mask_rescaled_to_vector_area,30,2026-09-08T06:55:17+00:00
G078204E41844N,upper_syr_darya,syr_darya,gte_4000,4000,,7.875473,92.2316,srtm_band_mask_rescaled_to_vector_area,30,2026-09-08T06:55:17+00:00
G078207E41695N,upper_syr_darya,syr_darya,gte_4000,4000,,0.539417,100.0000,srtm_band_mask_rescaled_to_vector_area,30,2026-09-08T06:55:17+00:00
G078207E41788N,upper_syr_darya,syr_darya,3000_4000,3000,4000,0.091401,7.4570,srtm_band_mask_rescaled_to_vector_area,30,2026-09-08T06:55:17+00:00
G078207E41788N,upper_syr_darya,syr_darya,gte_4000,4000,,1.134298,92.5430,srtm_band_mask_rescaled_to_vector_area,30,2026-09-08T06:55:17+00:00
G078208E41702N,upper_syr_darya,syr_darya,3000_4000,3000,4000,0.036639,5.1391,srtm_band_mask_rescaled_to_vector_area,30,2026-09-08T06:55:17+00:00
G078208E41702N,upper_syr_darya,syr_darya,gte_4000,4000,,0.676315,94.8609,srtm_band_mask_rescaled_to_vector_area,30,2026-09-08T06:55:17+00:00
G078214E41864N,upper_syr_darya,syr_darya,gte_4000,4000,,0.073046,100.0000,srtm_band_mask_rescaled_to_vector_area,30,2026-09-08T06:55:17+00:00
G078215E41700N,upper_syr_darya,syr_darya,gte_4000,4000,,0.630900,100.0000,srtm_band_mask_rescaled_to_vector_area,30,2026-09-08T06:55:17+00:00
G078218E41795N,upper_syr_darya,syr_darya,3000_4000,3000,4000,0.290355,12.3111,srtm_band_mask_rescaled_to_vector_area,30,2026-09-08T06:55:17+00:00
G078218E41795N,upper_syr_darya,syr_darya,gte_4000,4000,,2.068130,87.6889,srtm_band_mask_rescaled_to_vector_area,30,2026-09-08T06:55:17+00:00
G078219E41707N,upper_syr_darya,syr_darya,gte_4000,4000,,0.634451,100.0000,srtm_band_mask_rescaled_to_vector_area,30,2026-09-08T06:55:17+00:00
G078220E41717N,upper_syr_darya,syr_darya,gte_4000,4000,,0.232976,100.0000,srtm_band_mask_rescaled_to_vector_area,30,2026-09-08T06:55:17+00:00
G078221E41798N,upper_syr_darya,syr_darya,gte_4000,4000,,0.052937,100.0000,srtm_band_mask_rescaled_to_vector_area,30,2026-09-08T06:55:17+00:00
G078221E41861N,upper_syr_darya,syr_darya,gte_4000,4000,,0.175151,100.0000,srtm_band_mask_rescaled_to_vector_area,30,2026-09-08T06:55:17+00:00
G078223E41890N,upper_syr_darya,syr_darya,3000_4000,3000,4000,0.004985,3.3075,srtm_band_mask_rescaled_to_vector_area,30,2026-09-08T06:55:17+00:00
G078223E41890N,upper_syr_darya,syr_darya,gte_4000,4000,,0.145744,96.6925,srtm_band_mask_rescaled_to_vector_area,30,2026-09-08T06:55:17+00:00
G078225E41711N,upper_syr_darya,syr_darya,gte_4000,4000,,0.056314,100.0000,srtm_band_mask_rescaled_to_vector_area,30,2026-09-08T06:55:17+00:00
G078226E41707N,upper_syr_darya,syr_darya,gte_4000,4000,,0.561007,100.0000,srtm_band_mask_rescaled_to_vector_area,30,2026-09-08T06:55:17+00:00
G078226E41719N,upper_syr_darya,syr_darya,3000_4000,3000,4000,0.028688,6.3212,srtm_band_mask_rescaled_to_vector_area,30,2026-09-08T06:55:17+00:00
G078226E41719N,upper_syr_darya,syr_darya,gte_4000,4000,,0.425153,93.6788,srtm_band_mask_rescaled_to_vector_area,30,2026-09-08T06:55:17+00:00
G078227E41889N,upper_syr_darya,syr_darya,gte_4000,4000,,0.032462,100.0000,srtm_band_mask_rescaled_to_vector_area,30,2026-09-08T06:55:17+00:00
G078229E41796N,upper_syr_darya,syr_darya,gte_4000,4000,,0.087457,100.0000,srtm_band_mask_rescaled_to_vector_area,30,2026-09-08T06:55:17+00:00
G078230E41859N,upper_syr_darya,syr_darya,gte_4000,4000,,0.135397,100.0000,srtm_band_mask_rescaled_to_vector_area,30,2026-09-08T06:55:17+00:00
G078231E41715N,upper_syr_darya,syr_darya,gte_4000,4000,,0.290530,100.0000,srtm_band_mask_rescaled_to_vector_area,30,2026-09-08T06:55:17+00:00
G078231E41868N,upper_syr_darya,syr_darya,3000_4000,3000,4000,0.218880,6.3964,srtm_band_mask_rescaled_to_vector_area,30,2026-09-08T06:55:17+00:00
G078231E41868N,upper_syr_darya,syr_darya,gte_4000,4000,,3.203034,93.6036,srtm_band_mask_rescaled_to_vector_area,30,2026-09-08T06:55:17+00:00
G078231E41889N,upper_syr_darya,syr_darya,3000_4000,3000,4000,0.005398,5.6322,srtm_band_mask_rescaled_to_vector_area,30,2026-09-08T06:55:17+00:00
G078231E41889N,upper_syr_darya,syr_darya,gte_4000,4000,,0.090452,94.3678,srtm_band_mask_rescaled_to_vector_area,30,2026-09-08T06:55:17+00:00
G078233E41780N,upper_syr_darya,syr_darya,gte_4000,4000,,0.069759,100.0000,srtm_band_mask_rescaled_to_vector_area,30,2026-09-08T06:55:17+00:00
G078234E41718N,upper_syr_darya,syr_darya,gte_4000,4000,,0.348558,100.0000,srtm_band_mask_rescaled_to_vector_area,30,2026-09-08T06:55:17+00:00
G078234E41878N,upper_syr_darya,syr_darya,gte_4000,4000,,0.160107,100.0000,srtm_band_mask_rescaled_to_vector_area,30,2026-09-08T06:55:17+00:00
G078236E41887N,upper_syr_darya,syr_darya,gte_4000,4000,,0.060706,100.0000,srtm_band_mask_rescaled_to_vector_area,30,2026-09-08T06:55:17+00:00
G078238E41877N,upper_syr_darya,syr_darya,gte_4000,4000,,0.295381,100.0000,srtm_band_mask_rescaled_to_vector_area,30,2026-09-08T06:55:17+00:00
G078239E41875N,upper_syr_darya,syr_darya,gte_4000,4000,,0.284068,100.0000,srtm_band_mask_rescaled_to_vector_area,30,2026-09-08T06:55:17+00:00
G078242E41779N,upper_syr_darya,syr_darya,gte_4000,4000,,0.083115,100.0000,srtm_band_mask_rescaled_to_vector_area,30,2026-09-08T06:55:17+00:00
G078242E41945N,upper_syr_darya,syr_darya,gte_4000,4000,,0.743194,100.0000,srtm_band_mask_rescaled_to_vector_area,30,2026-09-08T06:55:17+00:00
G078245E41715N,upper_syr_darya,syr_darya,gte_4000,4000,,1.656393,100.0000,srtm_band_mask_rescaled_to_vector_area,30,2026-09-08T06:55:17+00:00
G078245E41723N,upper_syr_darya,syr_darya,gte_4000,4000,,0.027403,100.0000,srtm_band_mask_rescaled_to_vector_area,30,2026-09-08T06:55:17+00:00
G078245E41726N,upper_syr_darya,syr_darya,gte_4000,4000,,0.358420,100.0000,srtm_band_mask_rescaled_to_vector_area,30,2026-09-08T06:55:17+00:00
G078245E41733N,upper_syr_darya,syr_darya,gte_4000,4000,,0.195185,100.0000,srtm_band_mask_rescaled_to_vector_area,30,2026-09-08T06:55:17+00:00
G078245E41886N,upper_syr_darya,syr_darya,3000_4000,3000,4000,0.059835,9.1377,srtm_band_mask_rescaled_to_vector_area,30,2026-09-08T06:55:17+00:00
G078245E41886N,upper_syr_darya,syr_darya,gte_4000,4000,,0.594981,90.8623,srtm_band_mask_rescaled_to_vector_area,30,2026-09-08T06:55:17+00:00
G078246E41738N,upper_syr_darya,syr_darya,gte_4000,4000,,0.046530,100.0000,srtm_band_mask_rescaled_to_vector_area,30,2026-09-08T06:55:17+00:00
G078248E41720N,upper_syr_darya,syr_darya,gte_4000,4000,,0.032025,100.0000,srtm_band_mask_rescaled_to_vector_area,30,2026-09-08T06:55:17+00:00
G078251E41779N,upper_syr_darya,syr_darya,gte_4000,4000,,2.563375,100.0000,srtm_band_mask_rescaled_to_vector_area,30,2026-09-08T06:55:17+00:00
G078252E41733N,upper_syr_darya,syr_darya,gte_4000,4000,,0.127326,100.0000,srtm_band_mask_rescaled_to_vector_area,30,2026-09-08T06:55:17+00:00
G078253E41874N,upper_syr_darya,syr_darya,gte_4000,4000,,0.375601,100.0000,srtm_band_mask_rescaled_to_vector_area,30,2026-09-08T06:55:17+00:00
G078253E41885N,upper_syr_darya,syr_darya,3000_4000,3000,4000,0.026748,25.6222,srtm_band_mask_rescaled_to_vector_area,30,2026-09-08T06:55:17+00:00
G078253E41885N,upper_syr_darya,syr_darya,gte_4000,4000,,0.077645,74.3778,srtm_band_mask_rescaled_to_vector_area,30,2026-09-08T06:55:17+00:00
G078254E41718N,upper_syr_darya,syr_darya,gte_4000,4000,,0.079486,100.0000,srtm_band_mask_rescaled_to_vector_area,30,2026-09-08T06:55:17+00:00
G078254E41725N,upper_syr_darya,syr_darya,gte_4000,4000,,0.322129,100.0000,srtm_band_mask_rescaled_to_vector_area,30,2026-09-08T06:55:17+00:00
G078254E41810N,upper_syr_darya,syr_darya,3000_4000,3000,4000,1.018058,3.4397,srtm_band_mask_rescaled_to_vector_area,30,2026-09-08T06:55:17+00:00
G078254E41810N,upper_syr_darya,syr_darya,gte_4000,4000,,28.579444,96.5603,srtm_band_mask_rescaled_to_vector_area,30,2026-09-08T06:55:17+00:00
G078256E41730N,upper_syr_darya,syr_darya,gte_4000,4000,,0.051425,100.0000,srtm_band_mask_rescaled_to_vector_area,30,2026-09-08T06:55:17+00:00
G078256E41768N,upper_syr_darya,syr_darya,gte_4000,4000,,2.072209,100.0000,srtm_band_mask_rescaled_to_vector_area,30,2026-09-08T06:55:17+00:00
G078258E41882N,upper_syr_darya,syr_darya,3000_4000,3000,4000,0.070088,9.8081,srtm_band_mask_rescaled_to_vector_area,30,2026-09-08T06:55:17+00:00
G078258E41882N,upper_syr_darya,syr_darya,gte_4000,4000,,0.644510,90.1919,srtm_band_mask_rescaled_to_vector_area,30,2026-09-08T06:55:17+00:00
G078260E41926N,upper_syr_darya,syr_darya,gte_4000,4000,,1.871244,100.0000,srtm_band_mask_rescaled_to_vector_area,30,2026-09-08T06:55:17+00:00
G078262E41884N,upper_syr_darya,syr_darya,3000_4000,3000,4000,0.062693,75.8736,srtm_band_mask_rescaled_to_vector_area,30,2026-09-08T06:55:17+00:00
G078262E41884N,upper_syr_darya,syr_darya,gte_4000,4000,,0.019935,24.1264,srtm_band_mask_rescaled_to_vector_area,30,2026-09-08T06:55:17+00:00
G078263E41934N,upper_syr_darya,syr_darya,gte_4000,4000,,0.997161,100.0000,srtm_band_mask_rescaled_to_vector_area,30,2026-09-08T06:55:17+00:00
G078264E41731N,upper_syr_darya,syr_darya,gte_4000,4000,,3.080452,100.0000,srtm_band_mask_rescaled_to_vector_area,30,2026-09-08T06:55:17+00:00
G078264E41879N,upper_syr_darya,syr_darya,gte_4000,4000,,0.521227,100.0000,srtm_band_mask_rescaled_to_vector_area,30,2026-09-08T06:55:17+00:00
G078272E41920N,upper_syr_darya,syr_darya,gte_4000,4000,,0.614299,100.0000,srtm_band_mask_rescaled_to_vector_area,30,2026-09-08T06:55:17+00:00
G078277E41895N,upper_syr_darya,syr_darya,3000_4000,3000,4000,4.825882,8.1795,srtm_band_mask_rescaled_to_vector_area,30,2026-09-08T06:55:17+00:00
G078277E41895N,upper_syr_darya,syr_darya,gte_4000,4000,,54.174073,91.8205,srtm_band_mask_rescaled_to_vector_area,30,2026-09-08T06:55:17+00:00
G078279E41774N,upper_syr_darya,syr_darya,gte_4000,4000,,5.567152,100.0000,srtm_band_mask_rescaled_to_vector_area,30,2026-09-08T06:55:17+00:00
G078280E41730N,upper_syr_darya,syr_darya,gte_4000,4000,,1.022493,100.0000,srtm_band_mask_rescaled_to_vector_area,30,2026-09-08T06:55:17+00:00
G078280E41760N,upper_syr_darya,syr_darya,3000_4000,3000,4000,0.752269,4.9598,srtm_band_mask_rescaled_to_vector_area,30,2026-09-08T06:55:17+00:00
G078280E41760N,upper_syr_darya,syr_darya,gte_4000,4000,,14.415201,95.0402,srtm_band_mask_rescaled_to_vector_area,30,2026-09-08T06:55:17+00:00
G078280E41919N,upper_syr_darya,syr_darya,gte_4000,4000,,0.647990,100.0000,srtm_band_mask_rescaled_to_vector_area,30,2026-09-08T06:55:17+00:00
G078284E41940N,upper_syr_darya,syr_darya,3000_4000,3000,4000,1.158913,13.4104,srtm_band_mask_rescaled_to_vector_area,30,2026-09-08T06:55:17+00:00
G078284E41940N,upper_syr_darya,syr_darya,gte_4000,4000,,7.482968,86.5896,srtm_band_mask_rescaled_to_vector_area,30,2026-09-08T06:55:17+00:00
G078287E41918N,upper_syr_darya,syr_darya,gte_4000,4000,,2.037464,100.0000,srtm_band_mask_rescaled_to_vector_area,30,2026-09-08T06:55:17+00:00
G078291E41798N,upper_syr_darya,syr_darya,3000_4000,3000,4000,1.539693,7.4570,srtm_band_mask_rescaled_to_vector_area,30,2026-09-08T06:55:17+00:00
G078291E41798N,upper_syr_darya,syr_darya,gte_4000,4000,,19.107797,92.5430,srtm_band_mask_rescaled_to_vector_area,30,2026-09-08T06:55:17+00:00
G078293E41917N,upper_syr_darya,syr_darya,gte_4000,4000,,2.006228,100.0000,srtm_band_mask_rescaled_to_vector_area,30,2026-09-08T06:55:17+00:00
G078297E41744N,upper_syr_darya,syr_darya,3000_4000,3000,4000,0.261865,3.6351,srtm_band_mask_rescaled_to_vector_area,30,2026-09-08T06:55:17+00:00
G078297E41744N,upper_syr_darya,syr_darya,gte_4000,4000,,6.941903,96.3649,srtm_band_mask_rescaled_to_vector_area,30,2026-09-08T06:55:17+00:00
G078297E41762N,upper_syr_darya,syr_darya,gte_4000,4000,,3.029888,100.0000,srtm_band_mask_rescaled_to_vector_area,30,2026-09-08T06:55:17+00:00
G078302E41865N,upper_syr_darya,syr_darya,gte_4000,4000,,0.163705,100.0000,srtm_band_mask_rescaled_to_vector_area,30,2026-09-08T06:55:17+00:00
G078307E41863N,upper_syr_darya,syr_darya,gte_4000,4000,,0.410126,100.0000,srtm_band_mask_rescaled_to_vector_area,30,2026-09-08T06:55:17+00:00
G078307E41952N,upper_syr_darya,syr_darya,3000_4000,3000,4000,0.420605,9.3116,srtm_band_mask_rescaled_to_vector_area,30,2026-09-08T06:55:17+00:00
G078307E41952N,upper_syr_darya,syr_darya,gte_4000,4000,,4.096423,90.6884,srtm_band_mask_rescaled_to_vector_area,30,2026-09-08T06:55:17+00:00
G078329E41812N,upper_syr_darya,syr_darya,gte_4000,4000,,6.362534,100.0000,srtm_band_mask_rescaled_to_vector_area,30,2026-09-08T06:55:17+00:00
G078353E41822N,upper_syr_darya,syr_darya,3000_4000,3000,4000,0.027069,0.3317,srtm_band_mask_rescaled_to_vector_area,30,2026-09-08T06:55:17+00:00
G078353E41822N,upper_syr_darya,syr_darya,gte_4000,4000,,8.133760,99.6683,srtm_band_mask_rescaled_to_vector_area,30,2026-09-08T06:55:17+00:00
G078377E41840N,upper_syr_darya,syr_darya,gte_4000,4000,,3.428659,100.0000,srtm_band_mask_rescaled_to_vector_area,30,2026-09-08T06:55:17+00:00
G078377E41910N,upper_syr_darya,syr_darya,3000_4000,3000,4000,3.230287,13.5397,srtm_band_mask_rescaled_to_vector_area,30,2026-09-08T06:55:17+00:00
G078377E41910N,upper_syr_darya,syr_darya,gte_4000,4000,,20.627601,86.4603,srtm_band_mask_rescaled_to_vector_area,30,2026-09-08T06:55:17+00:00
