{"type":"FeatureCollection","name":"transboundary_headwater_systems","features":[{"type":"Feature","properties":{"system_id":"upper_amu_darya","system_label":"Upper Amu Darya formation zone","hydroclimate_stage":"source","outlet_hybas_id":4070552070,"main_basin_id":4070050220,"basin_level":7,"unit_count":86,"source_area_km2":198548.9,"outlet_up_area_km2":194092.0},"geometry":{"type":"Polygon","coordinates":[[[68.2036004773256,35.00220864595742],[68.20918325416744,34.98834980243306],[68.21626883056452,34.986530505225865],[68.22026412505244,34.9813757923339],[68.22570426831285,34.95508489812422],[68.23664688379736,34.94914985925938],[68.2425195291948,34.93418509766161],[68.24960504558234,34.93236579034376],[68.25360035686936,34.92721104538297],[68.2547329852271,34.897789889426384],[68.25890224143582,34.89241226282759],[68.25776515483678,34.87695699438651],[68.2547329852271,34.873041937154966],[68.25360035686936,34.85195478699248],[68.24943110306806,34.839455977130505],[68.24110151688576,34.83010520526942],[68.2477902030646,34.821401059169894],[68.25741290273935,34.82013016921506],[68.26193441237517,34.814712426595705],[68.26630881868417,34.793375581032976],[68.2524231513194,34.783685970567326],[68.2392420989189,34.78298142595736],[68.22325616240661,34.775351898624045],[68.205910296427,34.77464736742289],[68.18575958685807,34.75868826901296],[68.17742552912112,34.75451899233404],[68.16007515458463,34.753814411535],[68.15416692478107,34.74583263487422],[68.14791518915465,34.749984100750225],[68.14166801012873,34.74583268063757],[68.1374987406681,34.7500019131526],[68.1368388265253,34.74256411799588],[68.12978009816614,34.740753723615356],[68.12855824933087,34.713521996901655],[68.1147082874121,34.700568316898455],[68.09166814785806,34.68749872748284],[68.08751666656194,34.68125151249527],[68.09165031744799,34.67708225009146],[68.0871465949918,34.672547357339184],[68.08785116835328,34.651741162991634],[68.09202038944511,34.647545129798985],[68.09131135772896,34.63090827301911],[68.07952156388048,34.614922379851755],[68.0788125344677,34.601714501471555],[68.05868858274361,34.58992467296363],[68.05797964836087,34.585077585227694],[68.050354587398,34.57742582611965],[68.04999780129233,34.57083524163414],[68.03162191243256,34.56631375769267],[68.01492251242648,34.57464773411996],[68.00416721143519,34.575000053931596],[68.00326643510235,34.578504877680146],[67.99340740047084,34.579521556791704],[67.9791649941781,34.58749891237875],[67.97881276469997,34.594089462537085],[67.97328789830016,34.59964547950958],[67.95612480524102,34.60473330227268],[67.94999805367907,34.612501117129526],[67.92695784599809,34.61193474792612],[67.91338876447625,34.607622795599866],[67.9116898828737,34.601005485510235],[67.90758750173795,34.59943141808036],[67.8897109618939,34.60776550148382],[67.8673753072109,34.60921915821085],[67.86250153928688,34.624999955415745],[67.83090877822204,34.62535221751559],[67.8149229680813,34.637146563070615],[67.78333467952562,34.637498821360985],[67.78248301671243,34.64081634707164],[67.77325710366743,34.64548059345826],[67.73924311343936,34.64618514965604],[67.73575604932313,34.64964539456692],[67.71078504828995,34.654519211587676],[67.70658903562271,34.65035436328692],[67.69757726728551,34.649645411449434],[67.68159136423058,34.637855508555276],[67.66078523383091,34.637146531438226],[67.65245560058354,34.64202032803122],[67.6441215554883,34.63714655610261],[67.63992553601369,34.64131136931528],[67.62083167539421,34.641668050788304],[67.62047941995488,34.64825864091098],[67.61495457768014,34.65381018727878],[67.59362221584985,34.653600588441286],[67.58958222772937,34.65047029198095],[67.58554234202263,34.65360064303588],[67.56340735047729,34.65479118141975],[67.54999878139566,34.674999860790884],[67.54387651376175,34.67859838029383],[67.53112349350823,34.679735449043335],[67.51887879600235,34.68693239696546],[67.49925421583912,34.68806942872319],[67.48112357131527,34.67859836282213],[67.47175501167683,34.67025091659639],[67.46575752279561,34.65479124166458],[67.45416831723128,34.65416695218267],[67.45416831723128,34.65833173048537],[67.44257458429088,34.658955994526465],[67.44166500915372,34.66250099587896],[67.43750017873252,34.66250094769368],[67.43664844459896,34.65918341738429],[67.41324709362296,34.649431349283205],[67.40637563363244,34.65360059813667],[67.39583431536236,34.654166941116735],[67.3949157739215,34.65059071581149],[67.37083217586579,34.65000212649909],[67.37118890888995,34.714926627149865],[67.37464466934586,34.71840919153009],[67.37535368217287,34.73088131344496],[67.37118890888993,34.735077287464044],[67.37083217586579,34.75000189416898],[67.37535368217289,34.77254714744582],[67.37118890888993,34.776743198212976],[67.37047989870645,34.78575942127856],[67.36285477146673,34.79340680451102],[67.36214585753905,34.82254703184768],[67.36631505269955,34.82674308295209],[67.36756811492124,34.83683849018799],[67.37500140358758,34.83749840550483],[67.38090967751907,34.84548016026513],[67.39409080593907,34.84618471207005],[67.40590740135791,34.853814209137816],[67.41249795400822,34.85416651387787],[67.42047979854554,34.87257371626434],[67.42118874880623,34.88992403125277],[67.42881381050742,34.90174063516299],[67.42951840074238,34.91492625017162],[67.43333536284355,34.92083456423357],[67.42674032792225,34.92118676860347],[67.41666724309361,34.929168585115605],[67.39223581232093,34.960288700775166],[67.3907553842663,34.96604986257449],[67.36591821964645,34.967235937951564],[67.34999918479285,34.95833109887439],[67.34092048094726,34.967235943335],[67.33541797285561,34.96296861003397],[67.33137801698857,34.96609888378488],[67.31756813747536,34.96732955624309],[67.31296639969602,34.97708163147788],[67.33333111356573,35.02083436628439],[67.3184109610857,35.021186591892736],[67.30658985084827,35.028811697123096],[67.29412219935658,35.02952068212294],[67.28992618942456,35.0253514049651],[67.27500156444833,35.020834340432664],[67.27422569721863,35.01321822659824],[67.25833350667833,35.01250028380556],[67.25416864933379,35.000001444567026],[67.26591841766879,34.999279058919235],[67.26708670997944,34.98471561708975],[67.26036684276505,34.98269119200641],[67.22296832703952,34.94647437379679],[67.21664535355251,34.94457034537646],[67.21170021773895,34.930180857347686],[67.20208196050073,34.925605754049],[67.19615580061269,34.92981071475692],[67.18418312674989,34.92414763119392],[67.1791666082457,34.90833120069213],[67.17325832091198,34.91214820925288],[67.14757390079097,34.91285273360185],[67.13992647184406,34.92047779068841],[67.13091024704242,34.92118679583201],[67.12325841351854,34.928811892022914],[67.11007731839419,34.929520872920875],[67.10416448035744,34.93333336818099],[67.09657960387203,34.924433039158885],[67.07574666863428,34.93389967516554],[67.068621021145,34.93276711551756],[67.05501632161366,34.92414767058237],[67.05295171411815,34.91609894368525],[67.0394540759619,34.917236046770896],[67.03001856626639,34.92168624078972],[67.02860059924068,34.93137584846812],[67.02407910132038,34.936793685457175],[67.01445633123285,34.938068985775445],[66.99518858642844,34.961595202255864],[66.98835276874465,34.963352080032806],[66.98333183728025,34.97499925509801],[66.97083291001387,34.9874981191909],[66.95452603509527,34.97328691527068],[66.95381252722412,34.96840870411585],[66.9461874862031,34.960756887858274],[66.94547853047857,34.95174058622815],[66.93368860005766,34.935759109475036],[66.93659600589996,34.92147218070181],[66.91757345462565,34.92019688371797],[66.91578086373954,34.91320950314212],[66.90612250375064,34.91193419878423],[66.88554376252449,34.9005679046858],[66.83839767085969,34.895172446197066],[66.83507560205932,34.89201982049353],[66.82916734628243,34.900001664638864],[66.81320821723688,34.90505380377371],[66.81193286894967,34.91471217073048],[66.80000028460596,34.924999350111314],[66.80331792072543,34.925851041275614],[66.80501682028861,34.93248172523236],[66.81600846617266,34.93846136099854],[66.81723474854057,34.95220880647316],[66.83693061505758,34.97695681191826],[66.83806768982969,34.98970985818762],[66.8416661360133,34.995832124006185],[66.8372337863549,34.99696922923608],[66.84526469077551,35.01445781092874],[66.84640168762054,35.03843884742064],[66.8380676898297,35.04778957941649],[66.83293523627816,35.06153255806301],[66.81887570191172,35.070267923204604],[66.78945452471535,35.07556531900469],[66.7833321874136,35.07916833696264],[66.79165291955398,35.089584778152805],[66.78368449775618,35.097575499719625],[66.78276587412384,35.10637777181522],[66.77139963029428,35.12279171999809],[66.77026702341922,35.138246944927765],[66.774538843748,35.14375841912022],[66.7672348737388,35.15195424777636],[66.76609782100343,35.16054241589887],[66.7505667373054,35.17695640864832],[66.74943407351172,35.18824685162362],[66.75436592239662,35.19461444990688],[66.75330013119897,35.19938569020897],[66.72695583110419,35.2005673754526],[66.71028767400387,35.204732094255455],[66.70513298776945,35.20872751053296],[66.70325569994533,35.21604483884507],[66.69166644211674,35.21666468838868],[66.68723413797633,35.22386168734348],[66.69166644211676,35.22499876482269],[66.70415195634995,35.23958444170314],[66.70001386765925,35.24374921956905],[66.71631195851954,35.26007403237592],[66.72048113173804,35.268408082413956],[66.720833410059,35.283332684981104],[66.72415103214311,35.28418443212577],[66.72956437356314,35.2948639357995],[66.73664986778297,35.2966832481063],[66.73785384027714,35.30659139370924],[66.75416519477903,35.32499855056392],[66.77399034819304,35.32559605566245],[66.7803803116504,35.33806819519414],[66.79387794706808,35.33693105523613],[66.79925121052582,35.332766319829034],[66.8038217287649,35.334518732389796],[66.81193286894967,35.34362420767575],[66.81320376432814,35.35323803126854],[66.82403931769609,35.363065886132425],[66.83970859944846,35.36193328746739],[66.84914853603756,35.35748306447901],[66.85000026561225,35.35416552483866],[66.86492486845259,35.35451776519091],[66.87083313879103,35.35833476599267],[66.87742371916589,35.35797808453948],[66.88161973799677,35.353813256113256],[66.88995377029882,35.35868703049905],[66.89825662972522,35.357978045093475],[66.90174366691895,35.35451781989367],[66.91666820615805,35.354165492356934],[66.92006607450686,35.355137574414606],[66.9217828739789,35.366931954468626],[66.93256492351168,35.36152746895035],[66.93410333282068,35.35097277318398],[66.94825654987844,35.349648426011356],[66.96458129273627,35.341680024063],[66.96840720869825,35.34547923925392],[66.98333183728025,35.3458314352054],[66.98368851344715,35.35245323475146],[66.98924010196113,35.35797808714303],[67.03159261339043,35.3586870278335],[67.03507523501524,35.36214730151039],[67.05637633636523,35.36723513698563],[67.06581623124046,35.37168532348303],[67.06666792135096,35.374998402737994],[67.09804213794423,35.379734018441496],[67.11445608581442,35.386930974261816],[67.13137844303881,35.388068063650536],[67.14081387140752,35.39251823132571],[67.14166554306745,35.39583139971633],[67.15242533029307,35.39618808983828],[67.17708416589932,35.40831687842939],[67.18995319709988,35.39964837558207],[67.1940912315887,35.400352904919764],[67.19757376245477,35.40381316674533],[67.20659008890817,35.40452214118272],[67.21424188163867,35.41214724647145],[67.23159229122282,35.41285175460507],[67.24340889372837,35.42048125453644],[67.27742291412075,35.42951991737322],[67.31495510666925,35.45035279982358],[67.33159206725247,35.44964825504185],[67.34340863531257,35.43785395438447],[67.36078577343322,35.43297566735016],[67.37047989870645,35.42325932780342],[67.37083217586579,35.41666876188383],[67.37715963453307,35.4172841142789],[67.39784090494352,35.42854778389754],[67.41882546168827,35.42978295173992],[67.4313288030778,35.43395224718827],[67.44784080324094,35.44521589624764],[67.48252817471278,35.45070507155987],[67.48419587614788,35.46216938409218],[67.48950665327254,35.466048863000616],[67.51867362430805,35.47438288558821],[67.52916588761433,35.47499820872181],[67.52916588761433,35.47083346297788],[67.54825978427334,35.47464596175126],[67.5559071683091,35.46702089195566],[67.56887869761715,35.46723495558814],[67.57425184180448,35.47139971420203],[67.58112339200966,35.46723497905076],[67.59493316807338,35.46600421546958],[67.59674807581162,35.4589409948028],[67.61250208005035,35.458334615185706],[67.6196945991391,35.46693171643674],[67.62083167539421,35.46249938409947],[67.65632613087755,35.461884036242694],[67.66202930272283,35.45771480283457],[67.6703633526987,35.46311917520786],[67.67700741254056,35.45894995136097],[67.69382715348553,35.457714800391145],[67.70200510483704,35.450615852053794],[67.71466008419863,35.44938072539692],[67.72036327854079,35.445215911166606],[67.75216105552937,35.44645108800467],[67.76728631739859,35.45099935580515],[67.76605117605254,35.46466204365369],[67.76188195481315,35.470365253864394],[67.77083138414389,35.47916747983342],[67.77745309290556,35.470481169013176],[67.80659332555778,35.471185728004166],[67.81911895696243,35.47951981249366],[67.83992511009636,35.47881526366869],[67.86041464320091,35.467252785750354],[67.87876833543365,35.47563140826675],[67.89091051963581,35.474222332363276],[67.8958332884449,35.450000530882235],[67.90758750173795,35.4452649191711],[67.91993478218563,35.44650906942939],[67.92175410901912,35.45358562925916],[67.99825886231048,35.45381308421374],[68.00245489971836,35.44964825423777],[68.01075775118834,35.45035278719079],[68.01495371495315,35.454522039835524],[68.02325660012774,35.45381303330928],[68.02745258063278,35.44964828776227],[68.03507768051007,35.45381305571614],[68.04825881069841,35.454522096577236],[68.06874831590612,35.466650799770704],[68.07328767708691,35.462147102953345],[68.08159052229277,35.462851652027545],[68.08507754259898,35.466311942252],[68.10833179239067,35.46666864811642],[68.11320561231818,35.486578499896964],[68.12695741043322,35.49526484229567],[68.13658019187906,35.49653567715192],[68.1537076033,35.51873759928537],[68.14943133962088,35.524253486094004],[68.1505684072901,35.53970876085698],[68.15501861190025,35.54914867063141],[68.16164925843638,35.55085202233769],[68.16341950039836,35.557750207901215],[68.17278808298143,35.56609767370448],[68.18554561766756,35.57139957804446],[68.19362104949819,35.578601023557866],[68.20000201915947,35.57916732129844],[68.20501848236208,35.590814474077405],[68.2083315590304,35.59166618497023],[68.20767163638305,35.59909946244097],[68.20416678776216,35.60000021315149],[68.20416678776216,35.6124991255626],[68.19362104949819,35.61306543742263],[68.18418556708583,35.617515585459465],[68.18248218378172,35.62415074533225],[68.1686233365404,35.62973353594891],[68.15637856421013,35.64109976278525],[68.1470501302752,35.6422323696243],[68.14498114003709,35.634183659068896],[68.14166801012873,35.63333201396421],[68.14131130683111,35.64409179401815],[68.13714649533519,35.65171243422226],[68.14548057962605,35.66424249626977],[68.14618507154901,35.67742355988799],[68.15381458726571,35.68507544351769],[68.15000210225375,35.70416480508179],[68.16887742419048,35.70473562339149],[68.17850465290881,35.70923485789574],[68.17916457241304,35.71666814171942],[68.18248218378172,35.71751535021573],[68.19166794153996,35.73333182102511],[68.210289129792,35.745264366490204],[68.21994753629609,35.74653963302724],[68.2208348945869,35.74999994646471],[68.23248209612112,35.75501643203575],[68.2342434426029,35.761874554023805],[68.24583262259183,35.76249876644351],[68.2413155787785,35.77671442547115],[68.25416667103076,35.79166573319522],[68.28333366786212,35.7916657724741],[68.28389998363747,35.80637634992581],[68.29224743565366,35.815744948726575],[68.29915012632313,35.81751965520798],[68.32026396367,35.851957292496024],[68.32140105575456,35.86741255804009],[68.3172317790787,35.87279020319513],[68.31609914499273,35.88824542115875],[68.32026396367,35.893623089019236],[68.32140105575456,35.906376163632075],[68.33276724916084,35.92279008751072],[68.32916874546129,35.95833356580623],[68.33248186155252,35.95918527056103],[68.33418527172874,35.96581594935111],[68.3416676686315,35.96666763930807],[68.34226519059978,35.986586485655536],[68.34914997626836,35.98835228288124],[68.3589153876756,36.003245653608246],[68.36471229935555,36.00473496544127],[68.37851317139378,36.01764411316729],[68.37916864459127,36.0250016229258],[68.36840887694541,36.029518700268106],[68.35245417890567,36.04964262378912],[68.3416676686315,36.05416860617776],[68.34639871831126,36.06741212980703],[68.34223389529544,36.07278979693375],[68.3411013510026,36.085542840402375],[68.33244619947354,36.09929025858947],[68.32278778234934,36.100565566567546],[68.31054314368896,36.11193178052375],[68.30195487130477,36.11306889127368],[68.28458220086115,36.12517527052508],[68.28276735211332,36.12991534893018],[68.28693216155905,36.135288521877015],[68.28806925121322,36.148046019761615],[68.29526624227681,36.164455508289095],[68.29548021431111,36.19409067991076],[68.28368592082,36.20590732631328],[68.28298141491452,36.214923672154946],[68.26701778126954,36.23090954711797],[68.26631327642387,36.252424654618714],[68.2628529793172,36.25590726298785],[68.26250072703417,36.26249776472249],[68.27047807978443,36.27257535287081],[68.2708347900837,36.27916588673572],[68.26609921394616,36.29677040161558],[68.27585129715203,36.31165044780564],[68.29387496926213,36.31723322595523],[68.30412643386575,36.326530482127396],[68.29639887489371,36.33945743829198],[68.29583255857376,36.34583394091835],[68.29915012632313,36.34498223651672],[68.30591008116288,36.337852142189824],[68.32083473858313,36.33333505833285],[68.34943090626267,36.30221050309825],[68.35084892954883,36.2966857445562],[68.3579388646514,36.29486636503759],[68.36609902767141,36.28137765093233],[68.36736985415355,36.27175488939946],[68.37831693882076,36.26581537139716],[68.38001589259598,36.25918465746699],[68.42083452857783,36.241664832063364],[68.43001578289888,36.25748126085033],[68.44251915238311,36.26998462112487],[68.44804394705203,36.27140263879224],[68.49065508416626,36.308899164028375],[68.50267240818135,36.30418149870161],[68.50918269499637,36.31581523996778],[68.5125002446839,36.31666693228619],[68.51371311001981,36.31193139669842],[68.52820070460722,36.31314871814168],[68.5342205306781,36.32429197820612],[68.56159938607067,36.32982578573013],[68.5630664222605,36.335542316465556],[68.57859746024933,36.351956257751965],[68.58389936925026,36.37304335748137],[68.59121677738739,36.38125257734956],[68.57973453276115,36.39362212504401],[68.57026786708981,36.42721248983291],[68.5630664222605,36.435287958619675],[68.54110096239671,36.477212400631196],[68.51599173524387,36.507436186287535],[68.51028857536491,36.508898804631535],[68.49673734623602,36.52147792384092],[68.48749809597189,36.5374994847502],[68.51492597517364,36.53785170430358],[68.52328238539003,36.54618583981557],[68.5357588964981,36.54548128882942],[68.56007439947854,36.53368693608583],[68.58992359784003,36.53297792882084],[68.59411962996529,36.52881313659211],[68.60659171531847,36.52952212129957],[68.61041765714883,36.53331687051279],[68.62499889173061,36.52500064213243],[68.62621628197103,36.52026504988186],[68.63657027149421,36.52152699544878],[68.64251874385937,36.53248300478806],[68.65739425392208,36.5422350358082],[68.67721053141565,36.5410979735329],[68.69091784265208,36.532763947806906],[68.70833505158294,36.53749945392948],[68.70833505158292,36.53333467446174],[68.71075631492987,36.53368692757546],[68.71666464128123,36.53749949887285],[68.71285208541019,36.543407749427814],[68.71214761266118,36.57254796937201],[68.7246464322224,36.5934076885726],[68.72499866726044,36.6083322664431],[68.71751630252335,36.61334874167449],[68.71210294631834,36.62403276640284],[68.68970938749901,36.63693295971682],[68.67279151868223,36.63806556187618],[68.66445745906651,36.6422348019662],[68.63863933795199,36.667134448200564],[68.63693143028267,36.67158016603598],[68.6411007651947,36.6769578660984],[68.64223336511623,36.690451073895545],[68.6107565297734,36.71214464106747],[68.60242243960901,36.716313893542406],[68.58507655973122,36.71701838816036],[68.53333317273608,36.74583314313579],[68.53236557582107,36.74206075057921],[68.52168597558821,36.736647401690334],[68.51581779302106,36.7216826166101],[68.5089329712502,36.71991682421486],[68.50833545371002,36.699997998586895],[68.51303089603417,36.69260933332101],[68.51190272740124,36.67594114186432],[68.50733219182514,36.67451869518889],[68.50094226238515,36.67969572075049],[68.49260820968513,36.67446969535095],[68.48427414970338,36.67969574852805],[68.46441771992278,36.675530933301275],[68.45833553087719,36.6791651103961],[68.4491498336935,36.694981574959606],[68.39387926361941,36.7285986967444],[68.37916864459127,36.72916501514207],[68.3699160558906,36.745128599519774],[68.36028883358159,36.746399449581304],[68.33971007465988,36.766099767147956],[68.30195487130477,36.771401646054265],[68.29258631560903,36.77974903001675],[68.29076700796593,36.78683899601702],[68.23945606978931,36.79639933138809],[68.23554546190701,36.79943150083726],[68.21862323112444,36.80056862349286],[68.21161352434942,36.80762291022617],[68.20195503875273,36.808902656456596],[68.19645250675163,36.813491077684425],[68.19583270461453,36.82499997572538],[68.17695738123297,36.82973556919735],[68.16042749253184,36.84120440506616],[68.14489644454905,36.83693254413201],[68.13425257168186,36.84641704903359],[68.1324822492796,36.85331530553242],[68.12180274401034,36.858728653657565],[68.11992544332153,36.866028204355246],[68.10090740406655,36.86730353099671],[68.10035447816944,36.87325643756944],[68.10451925469164,36.88088147680212],[68.0836863183636,36.9059104198454],[68.0791647748778,36.91666577150605],[68.06757560985552,36.91729002527921],[68.05775222173173,36.93241531536248],[68.04583299489747,36.93749867839899],[68.05508123353303,36.95772516649704],[68.07083518960394,36.95833160316943],[68.08271429022234,36.97284148421125],[68.0839494073518,36.98132719368738],[68.10039459667969,36.99892279866854],[68.10756480875644,37.00097400707158],[68.10913443713935,37.01176499054985],[68.12299329657338,37.013116117262925],[68.1280097774981,37.01678145182944],[68.13271413782273,37.02700620608872],[68.13333393256211,37.037498461499865],[68.14583282557477,37.05000176478401],[68.1422343141946,37.05612415771513],[68.14109724847637,37.077951461068956],[68.1605433919806,37.08806911549207],[68.17409463864475,37.10064377873658],[68.17585151163908,37.1074840255516],[68.18248218378172,37.10918298101554],[68.19029897416769,37.11650928896184],[68.19984145091786,37.136129315783045],[68.21455652320418,37.14516345068289],[68.2451325770757,37.14656366429782],[68.24202008170617,37.23158973953825],[68.24548037096174,37.23507676072037],[68.25035412651181,37.26492602652562],[68.25868817911905,37.28088062781905],[68.25035412651181,37.2975755503557],[68.24964516516901,37.33158959416714],[68.24166783023487,37.33749784309106],[68.2413155787785,37.369090612477976],[68.2374985822357,37.37499890642911],[68.24408910452857,37.37535120484765],[68.25174093621015,37.382980664966865],[68.25833146925126,37.38333296500058],[68.25893344559034,37.403251799809055],[68.26250072703417,37.404165916836995],[68.26666552884065,37.4166647334028],[68.26631327642387,37.42325979388212],[68.25834484245954,37.43125046386853],[68.27403199203013,37.4462286204541],[68.2962293893806,37.48236517981252],[68.31158207358811,37.49225095732325],[68.31341475699777,37.49940338821762],[68.35220891099243,37.50056718113028],[68.36998292234377,37.509182145384045],[68.3666653455774,37.52499860107082],[68.33851948859174,37.52558718019823],[68.33389988410504,37.53112093818512],[68.33276724916085,37.53970915708842],[68.32473645951275,37.553028519387254],[68.32916874546129,37.55416561347311],[68.32854447722069,37.56575924180431],[68.32499946726098,37.56666441632577],[68.32535181213237,37.577424248539664],[68.33714613438413,37.58924085573309],[68.34201992275034,37.644092286924284],[68.34618465476626,37.65171289782168],[68.34201992275034,37.65590887529479],[68.3413153235417,37.672545783327834],[68.34548014644825,37.67674178454874],[68.35451875982318,37.710755825429686],[68.36214826668049,37.722576930477416],[68.36285277522538,37.73575804842923],[68.37047791604745,37.74340985742403],[68.37952089888924,37.77325906835466],[68.38714603979354,37.785075705279375],[68.38785500611311,37.81075564300878],[68.39548005537156,37.826741518285374],[68.40056790908349,37.86054595958522],[68.40776492032188,37.872790659341966],[68.40890192242487,37.89878719996164],[68.4041664148678,37.900000067998064],[68.40505378241872,37.920123984388134],[68.41471220450643,37.92139930091789],[68.42856655671599,37.93008115300341],[68.42916853599077,37.949999959694935],[68.44804394705203,37.950566317223526],[68.45748382768258,37.95501650161129],[68.45923181151488,37.96183886979872],[68.46666515245124,37.96249886795841],[68.47118667176014,37.98575748595691],[68.47464697336142,37.989240077232076],[68.47499922611036,38.00416471411738],[68.47145868520052,38.00507435774499],[68.47083441889413,38.016668025514115],[68.48693178120021,38.03528924196015],[68.49223366885415,38.04804225115298],[68.51609872062589,38.07279021362667],[68.51723580411641,38.08137846291307],[68.5244328409797,38.093623199771535],[68.52556537454404,38.10637618507606],[68.53276686109396,38.11445606261901],[68.5336854231033,38.127423152909266],[68.54131493242222,38.135074966152004],[68.55035352215232,38.156590123583356],[68.5663127138762,38.17674081589671],[68.57119097231248,38.18995757332485],[68.57916822537516,38.19583467236337],[68.57952056409785,38.206590022731255],[68.59131484614328,38.222575913761716],[68.59201943098121,38.23921283359367],[68.5878546008694,38.24340883657969],[68.5874978959932,38.25416862182782],[68.5908154050573,38.255015836309596],[68.59251878097783,38.26165098018373],[68.59960428741817,38.26346583470418],[68.60359971679658,38.268625052547826],[68.60482593697363,38.282434865708865],[68.61164833323838,38.28418288795959],[68.61751651043436,38.29914760138333],[68.63333294100558,38.30416851844619],[68.63995470112373,38.29964701246998],[68.64409273873109,38.30035156591176],[68.6517400964264,38.30798109814493],[68.66471163305235,38.30889965034968],[68.6977893087025,38.32859994828621],[68.71471160527953,38.33390181206949],[68.72279146653534,38.34109882464688],[68.73137518812582,38.342235862579535],[68.76028801132261,38.3619317773561],[68.77414688185931,38.367519020794454],[68.77499861779971,38.370832106192886],[68.78575841351602,38.3711888678884],[68.78958433889474,38.37498355492209],[68.79411926056088,38.37047988146504],[68.7982572834207,38.37118882025842],[68.80174433745333,38.37464463031215],[68.81492538299365,38.37535361041583],[68.82674204537568,38.38297870333702],[68.84166659422851,38.38333539047092],[68.84257625308068,38.386875973698615],[68.8541654581807,38.387500222119385],[68.8553828480808,38.37443058397858],[68.86887606605602,38.37556765560643],[68.88158900254984,38.37951842073259],[68.88924081656977,38.38714797768595],[68.91075596798925,38.392021802538366],[68.91840776782749,38.399646810713094],[68.93924067488496,38.40798091238303],[68.97742396768051,38.408685388330184],[68.9975746754516,38.42047973703395],[69.01492501411137,38.42118872145166],[69.02257684533791,38.42881377739226],[69.04166620713293,38.433335293193046],[69.045835472771,38.44166492347733],[69.06445669341986,38.457766781020574],[69.09066727339857,38.45894393841768],[69.09672278906596,38.4701228863475],[69.11028735589092,38.47443486264156],[69.12695544035628,38.478599648375955],[69.15416484480728,38.47916598802531],[69.16424243308184,38.47118863626648],[69.18554361019932,38.47140267760084],[69.18945418511042,38.47443488212202],[69.22720941156055,38.47973228956134],[69.25327729672392,38.48820899956849],[69.2541647209878,38.491664867629964],[69.28159262313241,38.49131257802343],[69.28750096885246,38.487500068536626],[69.28841501427176,38.49106284325762],[69.32304446485445,38.49223560780161],[69.32695506827432,38.495267796843194],[69.37304431504667,38.5005651747446],[69.39362305404363,38.51193146364721],[69.43248412968343,38.50918460030428],[69.43418304744307,38.51581531545811],[69.4499994717467,38.52083182220034],[69.46314487632158,38.53659469808747],[69.48664880474817,38.55085045752807],[69.48750049212437,38.55416807052426],[69.50658993593275,38.55452028069975],[69.51424175751225,38.562145370108325],[69.52083228826473,38.562502143630034],[69.5475735455202,38.58714758249153],[69.55833333468858,38.591664656056885],[69.55918504985218,38.59498220577437],[69.56470990582613,38.59640021600293],[69.59131281571017,38.61837911294741],[69.58661298876966,38.63679073650184],[69.5769545165161,38.63806599618379],[69.55922959940712,38.65484562551576],[69.55776700913727,38.66054432977489],[69.54098747148767,38.67826931073085],[69.51445578725941,38.688065938185034],[69.49999940010439,38.69999849586076],[69.51334990577871,38.728313802913085],[69.5201232851035,38.73005280454115],[69.52556790326419,38.74657830351857],[69.52083228826473,38.758332456671795],[69.52745405083685,38.762853971135186],[69.53575687482568,38.7621450017309],[69.53959622467679,38.75833247862685],[69.54964703242975,38.76841001425854],[69.55035155871462,38.777426328441656],[69.56078583222418,38.79202097682049],[69.57325796668161,38.79131194461268],[69.57745400737134,38.78714715909301],[69.6024516587187,38.78785614104184],[69.60831990403993,38.79375113180448],[69.6038117189737,38.79828600947623],[69.61007678823138,38.80798011964946],[69.63575672203503,38.80868463068134],[69.63924374200822,38.812144905614176],[69.64999907979865,38.812501636829424],[69.65072143694701,38.824229071211235],[69.66870053578945,38.841021983566996],[69.69088903100952,38.842386511094325],[69.69240958035647,38.857302216154665],[69.69999901399505,38.86250149939816],[69.69964676485493,38.87742614729041],[69.6916648960429,38.883334459186564],[69.69232931229136,38.89076773093392],[69.70491294219995,38.9005688817569],[69.71029062288008,38.89639963025034],[69.72991510209256,38.895266956473115],[69.73528834742025,38.8994317972142],[69.7480458451532,38.90056885880818],[69.75741434096743,38.90891627229724],[69.75918464144841,38.91581452674708],[69.76986417133327,38.921227839872834],[69.77026547352028,38.93554605808675],[69.76297037716773,38.947915585330435],[69.77558073138383,38.96574754427114],[69.7852882086275,38.97026458411558],[69.79910252352157,38.971495299014336],[69.80085046207671,38.97831775226874],[69.82291853970092,38.987030815194096],[69.82695409205462,38.98390053414765],[69.84461652787913,38.98276795672952],[69.84943240186877,38.99362137612546],[69.8499987112875,39.004167126861155],[69.86075850894251,39.004519411449685],[69.86458437130779,39.00831856830522],[69.8732573800165,39.003814863909525],[69.88924324122368,38.98785128169148],[69.90416783140513,38.9874990458214],[69.90452007867574,39.00242366420792],[69.91214515400043,39.01007545268159],[69.91701902020834,39.02254757989001],[69.91285418448983,39.02674355509448],[69.91214515400043,39.03504640995699],[69.92083150177938,39.049997771419875],[69.91492320089748,39.05381477362595],[69.901742082652,39.05451928462862],[69.8816226518413,39.07880802850874],[69.87674436802108,39.079521465571375],[69.85452471787906,39.10171445406023],[69.8461861346411,39.118409329128674],[69.84548158428586,39.12671216152086],[69.85035543783268,39.13504620141343],[69.84583385954583,39.141667949985674],[69.8350741210882,39.14202026327959],[69.83159148350315,39.145480527423544],[69.81007636028593,39.1454804977924],[69.79825977414491,39.133686228817226],[69.77500109668752,39.13333396566111],[69.76075869307235,39.14131129013186],[69.73090945329271,39.14202024691312],[69.72325767202273,39.14964530595272],[69.71078558337469,39.15035431584492],[69.706589545303,39.14618505925914],[69.68924366753315,39.14548055183534],[69.68541768508217,39.14168133237189],[69.6815917762407,39.1454805514739],[69.67083201417863,39.145832791508305],[69.66610088314087,39.159343857333475],[69.68276454044812,39.176957330285624],[69.68390166838341,39.20491146642943],[69.67916606455779,39.212500789584254],[69.69109865554006,39.22695724363161],[69.69223568135637,39.24045046301819],[69.68418256392906,39.242519475894845],[69.68276454044812,39.24804426926498],[69.67140281350001,39.26028900485908],[69.66666723119074,39.27916885171129],[69.69491561276647,39.279757415053055],[69.70833304896193,39.30000174293445],[69.71909287619485,39.30035398968417],[69.73924353948453,39.31214836447024],[69.74825981824307,39.3128528710276],[69.75416814366066,39.32083467132746],[69.76701923751929,39.31004813670697],[69.76251562444017,39.302084168191136],[69.77047953156885,39.29408899668426],[69.77118851322864,39.276716321644535],[69.7841823984817,39.263352415098225],[69.79387640834496,39.263067039826375],[69.81862447631615,39.28276733984296],[69.8323718472868,39.28398912764601],[69.83840505203341,39.29519485327444],[69.85637522949838,39.29639881640104],[69.87083161977313,39.30416654055886],[69.87142017931875,39.33241498247919],[69.88124803656102,39.33703014701718],[69.8852880005397,39.33389984896269],[69.90491249429299,39.33276724174511],[69.91041501489532,39.33703009555564],[69.9269583112615,39.32556575893195],[69.93824877296773,39.32443317923874],[69.94937421053464,39.330073928166534],[69.94999851006959,39.34166760404328],[69.95658906191512,39.342019836981784],[69.964240839677,39.34964489036759],[69.98159124550892,39.350353926071016],[69.98541709786568,39.35415305214186],[69.9899520633654,39.34964496435052],[69.99999835842765,39.35416643836676],[70.01184618101534,39.343790117377566],[70.01326422032766,39.325677226697685],[70.04999826287631,39.32499947410657],[70.05345856289536,39.325886853143935],[70.05923756141941,39.345185840024264],[70.09166856689664,39.37083455908873],[70.11576553310816,39.36600534998597],[70.11757600317895,39.358955522306196],[70.12916514220005,39.35833122355928],[70.13293753532648,39.347914754541264],[70.12863903674081,39.34260847508138],[70.13013277173036,39.338109261891745],[70.16250139414933,39.33333349700758],[70.1897108192081,39.33806913138502],[70.2061248221683,39.35360015979125],[70.22008628421143,39.358902005379456],[70.2399247546922,39.350353953998535],[70.2559106616899,39.36631302878304],[70.26492245768391,39.36702205004896],[70.28087716562432,39.38714153390452],[70.28924244910682,39.39131524640945],[70.31004863838743,39.39201975794311],[70.33090828807656,39.371186872956166],[70.34338482132432,39.370477862462266],[70.35833175719512,39.38749826087333],[70.3700859079522,39.39223376433495],[70.38541633887071,39.387970872619135],[70.39091889120644,39.392233779499115],[70.4074309379529,39.39102091089221],[70.41075740501964,39.3878549353351],[70.41424439379243,39.391315201165995],[70.42742548220104,39.392019742997384],[70.43507732282832,39.39964480986043],[70.45591025944601,39.407978890264474],[70.46250083019576,39.40833119051324],[70.46840908458913,39.40035379373834],[70.47325616083377,39.399644861180846],[70.48161697863026,39.39131521732644],[70.4899555099416,39.39618455015887],[70.50242310972607,39.392019745859855],[70.51250070772876,39.40000152522513],[70.51323644885213,39.424263519135806],[70.55212427669758,39.429824027458785],[70.56250064669479,39.44166741135518],[70.5703620099552,39.436882805340076],[70.58253535144253,39.43825168843147],[70.58857747730941,39.45793869173289],[70.60617304210608,39.474383797643135],[70.63966091185051,39.475618971409126],[70.65000159486567,39.47916841869057],[70.65452308978838,39.49411983786627],[70.6642439292427,39.50381387062961],[70.69583221287083,39.516665021703325],[70.70659195731913,39.51631270286178],[70.71840859917884,39.50868769237779],[70.73158968977097,39.50797865585933],[70.73995503267443,39.50380943123834],[70.76214790765637,39.48158968836008],[70.76723581785114,39.47157902301445],[70.76592925084637,39.46337879117648],[70.76250025479979,39.462500307133354],[70.76723581785114,39.454915384862865],[70.75359984555213,39.43407803992114],[70.75897305086416,39.40090674324964],[70.76862259506949,39.39639862139738],[70.79409298097056,39.39964483858398],[70.8017403071544,39.39201973145334],[70.81075664257473,39.3913152370681],[70.81424361607674,39.38785492736863],[70.83158952936981,39.387854950682126],[70.85242244642158,39.39618457643683],[70.87083409807829,39.416665186566995],[70.88298067952736,39.40242285629075],[70.88750215498763,39.387498209878444],[70.89953288781639,39.38271359682257],[70.90632852417235,39.38394877135087],[70.91867132115954,39.3952169205768],[70.9246375878474,39.39692030688398],[70.93688226321538,39.410337738561864],[70.9382690555959,39.41986236779867],[70.94506471794186,39.421806518968296],[70.9466343418053,39.43259757556204],[70.95416573512888,39.43333331560996],[70.96007409520487,39.425351530425004],[70.96840811667703,39.42118671134464],[70.98158924284459,39.42048223327013],[70.99757508355123,39.40868789472023],[71.00659144572398,39.40797889728414],[71.01912150642035,39.399644827217465],[71.02742434006903,39.40035380342549],[71.03507616714255,39.40797886194799],[71.04409244186046,39.40868789542027],[71.04791830943165,39.412487023318555],[71.05174423212485,39.4086879059233],[71.06164788429975,39.409182834690036],[71.06723517737127,39.423041742177865],[71.08276624788574,39.443624949981],[71.0838988516051,39.481375726355],[71.08806808637553,39.493879041980996],[71.09526506339394,39.50195443336826],[71.09583139351824,39.512500211205975],[71.11492530229033,39.51285251001695],[71.11912123474904,39.51702171651992],[71.16492519029715,39.51631272465102],[71.17674181322921,39.50868768701418],[71.19583119501289,39.508335397984254],[71.21838084773073,39.53297638030288],[71.23159315096976,39.53785467377628],[71.24583553551973,39.55416604953333],[71.25661764766276,39.55381375291566],[71.27881508332105,39.527424803492465],[71.27952406824222,39.52254659452503],[71.28924046243327,39.51285250383038],[71.29387793982266,39.51306652214348],[71.30742908367104,39.52564564861526],[71.30923507443944,39.532673171881335],[71.32304491984128,39.533899457097796],[71.33270771949044,39.53840759154906],[71.33750132959327,39.57083420148769],[71.35659070115594,39.57118643224104],[71.36078671111761,39.57535120500368],[71.38575772698228,39.574646677229715],[71.38995367457426,39.57048193386156],[71.39825654689744,39.5711864067857],[71.40208243804969,39.57498560287848],[71.40590837943866,39.571186473531085],[71.41492468502065,39.57118647741128],[71.42257643668508,39.578811504630764],[71.44409164265008,39.57952050478905],[71.4642422902092,39.599648851401895],[71.47257641650243,39.603813713404044],[71.49409149867762,39.604518202432736],[71.49757408449169,39.607978498301314],[71.50833392422409,39.608335236240016],[71.51285547984529,39.62325984773543],[71.52464532186421,39.63507643032175],[71.52535427919334,39.66075642778249],[71.53714858850834,39.67257744723477],[71.53750088107482,39.68333285579624],[71.5537721505413,39.684300429876686],[71.55776751474353,39.689455195571156],[71.56316302575411,39.71576836574772],[71.57720919536428,39.721400195508245],[71.58656438621429,39.72973424528268],[71.59508573299186,39.72443240204504],[71.61054543774746,39.725569470927745],[71.61591865604656,39.72973427729846],[71.62708421738706,39.725466904668636],[71.63112417265734,39.72859716362032],[71.6583335957927,39.72916791235367],[71.65889995996658,39.739709254902024],[71.66289526253148,39.74486398121363],[71.66887490940127,39.74640235062272],[71.6916654189482,39.76666451568908],[71.71471006427215,39.76609821226184],[71.72695475101942,39.754731955634796],[71.74092064104077,39.74943457310268],[71.74925467053461,39.75473193250588],[71.757588757582,39.749434524123515],[71.78137806177897,39.75056718862324],[71.78541802268684,39.75369742465499],[71.79092051210128,39.74943455957051],[71.80221097987122,39.750567178602765],[71.80758866631139,39.75473194948894],[71.81578894775159,39.75342992428845],[71.8175190677684,39.746683290424514],[71.8255677120154,39.74461874639712],[71.82026588542207,39.73408188869636],[71.82150102266328,39.721783682978426],[71.8352885377826,39.713066146335116],[71.85221086737826,39.71193353287526],[71.86210557866607,39.70736736849825],[71.86755462552581,39.69654066520651],[71.8772085643277,39.69526536472115],[71.8825862399656,39.69110058295575],[71.90195657446841,39.69943467326326],[71.93137777483342,39.7005672819116],[71.93945767676834,39.70776427167651],[71.94583419712154,39.70833501730965],[71.94914727244806,39.707483312681916],[71.95505561715767,39.69237591138288],[71.96874948017455,39.68797030329554],[71.97291870304565,39.69119865632201],[71.98248351511295,39.68665040032026],[71.98333517918647,39.68333282128297],[71.9892434932074,39.68714538810059],[72.00416814166498,39.687502082494056],[72.00486374872405,39.67161433568394],[72.03958227838282,39.66310637925643],[72.05384699532233,39.67147611939564],[72.07839427385441,39.670120479835674],[72.08268845255631,39.66463583111249],[72.08425360578694,39.654384371600926],[72.09166455486137,39.65000106953007],[72.10174212603181,39.65797834353259],[72.11492330339912,39.65868735355557],[72.13541727567495,39.674985430051606],[72.13995223321987,39.67048171601583],[72.15242431137433,39.671186235285454],[72.1642409333908,39.67881128343838],[72.18575610694973,39.678811307875804],[72.21424080854635,39.66702140329338],[72.22742642081624,39.666312414448825],[72.23090891996617,39.66285215943727],[72.23749951750683,39.662499886942136],[72.24266762908998,39.66715073898648],[72.2477509815093,39.66303055512825],[72.2833345852862,39.662499930363595],[72.28407035875951,39.67003135660187],[72.3149228501113,39.6753555178947],[72.3184098619523,39.6788113178786],[72.33992500072114,39.67952030192112],[72.35174170464578,39.68714537336825],[72.35833224246063,39.68750211026718],[72.35889855507315,39.698043438423404],[72.36346017398361,39.70351024125895],[72.37721203904424,39.70473202252536],[72.38528751123312,39.711933509671134],[72.39241313780038,39.713066158748845],[72.39779076184587,39.7089013206955],[72.40926848534319,39.707764268672456],[72.41862374553709,39.7160983430866],[72.43407895810336,39.721400161955145],[72.44657778108017,39.716098324424664],[72.4699836024945,39.73001963406493],[72.47174051817908,39.736864322798034],[72.48971067888337,39.738068325144376],[72.49486544695344,39.742063629252506],[72.49668475819344,39.74914915151411],[72.5033154381725,39.750852532327485],[72.50833191703188,39.766664503286925],[72.51666593412446,39.76666447847131],[72.520835190628,39.76249973709625],[72.52952598391502,39.781624827230864],[72.53507757488129,39.78714514524671],[72.54166811417923,39.78750186036644],[72.54583291143368,39.78333261924659],[72.55758718621699,39.78806818197888],[72.57842006376103,39.77443226546889],[72.58971055206774,39.77556932264408],[72.60195517913418,39.78693115425181],[72.61581404579962,39.79251837414537],[72.61763341491188,39.799603888957236],[72.62499981949138,39.804165572410675],[72.6258515004053,39.80085243133236],[72.63529144327782,39.79640225908124],[72.65220925623899,39.79526521686365],[72.68112211669755,39.77973413751799],[72.68749863752979,39.77916784759317],[72.69340691950285,39.78714519620051],[72.70659250490375,39.787854137352504],[72.71424423996372,39.79547925093934],[72.73575941615618,39.79618820731433],[72.73924201230066,39.799648508839546],[72.74825834967685,39.80035302324109],[72.75380987289985,39.805877855129566],[72.7541666408515,39.81249959025299],[72.76666546042142,39.81249963637279],[72.7673655221344,39.82838737559342],[72.78130024275818,39.82980982352213],[72.78717735758525,39.833974645694255],[72.802084127389,39.82977418069008],[72.814636509368,39.833974632182446],[72.83749831855594,39.85416545212724],[72.84828484358233,39.84131429544425],[72.85242293634269,39.842018864038934],[72.87499932764094,39.862499526471794],[72.88090762659186,39.85452215807552],[72.88995516394897,39.85381320516251],[72.90035377378273,39.843383361438356],[72.89964481038727,39.83507601099271],[72.89166743097589,39.82083368528991],[72.89757577176128,39.812851911297805],[72.93992386931352,39.807978060788926],[72.94583218924183,39.80416556886434],[72.95084862639891,39.815817158059694],[72.95748376025654,39.817516068448185],[72.95923176642508,39.82433855645974],[72.97304604860797,39.82556920927456],[72.97916843144418,39.829167717815906],[72.9907576352848,39.82854342960226],[72.99288009999418,39.8202673540494],[73.00624853811412,39.824530254403925],[73.010288487949,39.821400001198164],[73.02304597986655,39.820267374947676],[73.03007795502154,39.8131238858004],[73.04166716223013,39.812499647295425],[73.0425188300445,39.815817150912885],[73.0574836238516,39.821685373399966],[73.05918251698495,39.8283160281649],[73.07841907600147,39.83806808686255],[73.08970948635827,39.83693102622278],[73.09583186587909,39.833332572399264],[73.11346314400336,39.800963912415995],[73.12703217399523,39.79230883800691],[73.13648547294407,39.79086849829953],[73.13846533156703,39.784295799046106],[73.14503361363491,39.78232045010549],[73.146884107843,39.7701916521885],[73.16579073301929,39.77941756092154],[73.16731120007806,39.7645330676204],[73.17499872453959,39.745831601727346],[73.19341034033725,39.75381339910908],[73.21075627113494,39.754517903795524],[73.21840810920136,39.76214748597741],[73.22742440063317,39.76285195690646],[73.24409254638189,39.77118606196308],[73.25174432156385,39.77881555072158],[73.27257723220605,39.787145162048056],[73.28137501307823,39.786931109334155],[73.30195824704175,39.76723525738922],[73.30927117404963,39.76609820217956],[73.34374006863885,39.79120743539359],[73.34778891699843,39.78806817735851],[73.36961622748095,39.786931154413686],[73.37083353354359,39.79166670011476],[73.37742408285479,39.79131445838166],[73.38091107909193,39.787854183813074],[73.39825699228803,39.78714517945108],[73.40208287215411,39.783346027898716],[73.41495188745084,39.7961882230049],[73.4309110280805,39.78785415379058],[73.43750153636672,39.78750189004125],[73.43871441233667,39.792233025441455],[73.44804286988013,39.79110039949365],[73.45342051347563,39.7869311549539],[73.47026699465081,39.80195829288429],[73.47153785055778,39.811580997875204],[73.4982567842997,39.82464619609904],[73.51007345480973,39.81702114589361],[73.52742377426642,39.81631212864742],[73.5333320922012,39.812499597253854],[73.52881499149184,39.80587788024578],[73.52951953941918,39.797575027880036],[73.54131387196065,39.78158915075664],[73.54166617014474,39.7708337575411],[73.54909943362316,39.770173841771665],[73.5541650020981,39.75416563678201],[73.56908959221057,39.75451795183854],[73.57257667409746,39.757978186671906],[73.58159297988566,39.758687209952896],[73.5941185261431,39.771186074693375],[73.62742359486157,39.770481514349456],[73.63924021097685,39.75868717732331],[73.66908940229108,39.75797820729788],[73.67328540657586,39.75381339243327],[73.68124938596199,39.75831709952582],[73.69340936168683,39.75035308396118],[73.70416475492716,39.75000089509183],[73.7003522171028,39.744092563629216],[73.69964762388646,39.73090699752686],[73.69201808587692,39.723259594017506],[73.69131355353505,39.714243346046494],[73.68297950050804,39.69757520108417],[73.654521543926,39.66909043753687],[73.65381257048519,39.664243432771386],[73.6461875150791,39.656591577932424],[73.6454785127878,39.643410515923854],[73.63297962079177,39.63088491647082],[73.63368866626439,39.622546376385415],[73.64166595532369,39.616664789328006],[73.64131364747085,39.605909487488425],[73.62118528390657,39.58158955816003],[73.6204807770691,39.564243633858844],[73.6128512503756,39.5565918077699],[73.61214222298634,39.54754426280641],[73.59825658271713,39.53785463443546],[73.5916660758291,39.537497955350005],[73.58137894588776,39.525565405500714],[73.55918596479529,39.515817775010255],[73.55748257864035,39.50918264860504],[73.54658012873396,39.50359984550634],[73.53924042336338,39.507978715594255],[73.52499804242969,39.495832117342815],[73.52464580611267,39.489241557412285],[73.52118551801833,39.48575900503174],[73.5208332753086,39.4708343932374],[73.46445679559812,39.46609878283277],[73.4508877484446,39.461791274698435],[73.44481896997372,39.45059004794891],[73.3936239732635,39.449430720777414],[73.37721002244669,39.433899623851886],[73.35482982980162,39.43243256383995],[73.35416545312644,39.42499927669926],[73.357482998621,39.42414761991741],[73.36306573713038,39.41324508835043],[73.36183057781813,39.40096027104015],[73.3522123394583,39.39223383564332],[73.32591254795908,39.391061018348175],[73.32408432039286,39.3839353751124],[73.26340934051615,39.37854437621781],[73.2532381081415,39.36320508408852],[73.22916792595946,39.35833126776014],[73.21495228984841,39.36285276511563],[73.2065914977323,39.354518699758174],[73.19757517814806,39.35381415166758],[73.19374925163048,39.35001505615209],[73.1899233500702,39.353814172490814],[73.1732864672959,39.3545187332148],[73.16495239664484,39.34964493493757],[73.16075634680784,39.353814143524126],[73.14757530448618,39.354518694594105],[73.13575867710256,39.366313059265885],[73.10661839849693,39.375351622560096],[73.08992355265356,39.36702206432929],[73.07257768419171,39.36631307863235],[73.06702606806277,39.36078821167619],[73.06631256224098,39.34337987990168],[73.05451832205661,39.331590061243105],[73.05381378484203,39.322573734089374],[73.05035348707847,39.31909116074951],[73.05088860847196,39.30903141255759],[73.07279167632954,39.288069215554444],[73.08125060142258,39.28380185889096],[73.08675315372487,39.28806923694163],[73.09804360563422,39.28276730759989],[73.11445754259196,39.26723182425171],[73.12012507279681,39.26577814122691],[73.12153860174033,39.25508520031793],[73.12695635801477,39.25056812351178],[73.13529047240887,39.246398940306136],[73.150001003618,39.24583257335981],[73.15066094920014,39.23839925393654],[73.15793823006705,39.23653093129734],[73.17037019867703,39.21875692652047],[73.16249984880514,39.20416678517103],[73.21075627113494,39.20451904133101],[73.24341028593842,39.22464737865349],[73.26492545546571,39.22952118270629],[73.28158907736947,39.23785528434102],[73.31007378987047,39.25797916247623],[73.32083365052208,39.258331457160864],[73.32204655106067,39.263067031179816],[73.36054189224323,39.257765158979375],[73.36998185175065,39.25331498562705],[73.3758857213337,39.23820751155753],[73.38661426987338,39.236789569067604],[73.3952649130043,39.22304214319597],[73.39654916492576,39.213343550743055],[73.40121782383727,39.212300117168866],[73.40758541176204,39.21723192262008],[73.41578576636897,39.21592989284299],[73.42083339390813,39.200001974675494],[73.4282667650458,39.20066187387108],[73.43007711806911,39.2077117042803],[73.45221212667239,39.208902309547064],[73.47846287460695,39.234270117000534],[73.47973368141267,39.243875059059164],[73.48842892027578,39.25346207776193],[73.49804275497694,39.25473296633213],[73.50612268323786,39.261934377883044],[73.51887566153624,39.26723183802047],[73.52499804242969,39.2749995628532],[73.53965959038982,39.274384190080156],[73.55200684608128,39.26728530668531],[73.56183020721753,39.26585394042842],[73.56249905819291,39.25000184835034],[73.57026684607297,39.24387501862488],[73.5720504614959,39.236932227846225],[73.58554367359024,39.238069289533925],[73.58945430823596,39.24110147722073],[73.61669057518841,39.24040583931427],[73.62179617796396,39.230132065932885],[73.62918937956306,39.22790702522069],[73.64262909471343,39.2051298810585],[73.64984836396934,39.20295835794303],[73.65769199854181,39.19380379409824],[73.66370725695047,39.17098214096806],[73.67286624114374,39.163143020368274],[73.68775080069474,39.16162247955127],[73.67916701410097,39.14583277115483],[73.70762493797505,39.132446553455004],[73.71249874598058,39.11666584490049],[73.71306509685877,39.1019552066684],[73.71619979828762,39.097915304643806],[73.70776762929556,39.08407871334147],[73.71758210814346,39.06727232610839],[73.73333172667027,39.066665896652616],[73.73368845427885,39.05591057580453],[73.73714867031927,39.05242355222534],[73.73750099164401,39.03333417270417],[73.74925518711125,39.028598550809505],[73.7645855056807,39.032865885384076],[73.77008804261988,39.02859854101005],[73.7865956424091,39.02981143268749],[73.78846847377245,39.03710206897745],[73.79362315733214,39.041097435908696],[73.81666787651452,39.04166817170832],[73.8170201473856,39.03507766071848],[73.84547806195702,38.998258865453884],[73.84618707701374,38.976743696513935],[73.84964731387707,38.973256677138004],[73.8503519169044,38.960075580386544],[73.8541688616764,38.95416722239037],[73.85085129335178,38.953315531206016],[73.84526403779954,38.93945663787817],[73.83806703745655,38.93137677778624],[73.8367917252094,38.92172282458466],[73.83001836989132,38.91998374930538],[73.8291666920955,38.916666196617484],[73.82173333678647,38.91732611958139],[73.81160677447046,38.93259860030048],[73.80341988376084,38.93390067754714],[73.79804213352705,38.92973582989173],[73.78871370709808,38.928598770778244],[73.78217219337604,38.94619886941676],[73.77304446932605,38.93806542545608],[73.7659188259024,38.93693284704115],[73.75739743535,38.942234673179556],[73.73815642977691,38.928206342202856],[73.73693461954973,38.91445451019364],[73.7324131030323,38.90903666070745],[73.71316315522937,38.9032666096695],[73.71193248331447,38.889456756371004],[73.70045917209154,38.877096148947565],[73.70359837915252,38.87304284468428],[73.70416475492716,38.85416747120629],[73.7145321061804,38.84647548410006],[73.7283954783627,38.845062005751],[73.72951920019973,38.835073578747995],[73.76631122541589,38.781591111336745],[73.76666789445056,38.77500056613495],[73.7583339001968,38.770831310742054],[73.7547353411365,38.76470894432167],[73.75359829330054,38.74362184341355],[73.74526429474226,38.73427111770559],[73.74685613618759,38.729856620434056],[73.76627109674322,38.72403305308646],[73.77026641873687,38.718878295170235],[73.77139906297091,38.69779121462241],[73.78008538796514,38.68391448800501],[73.79498321180435,38.674149082076724],[73.79668218971362,38.6675184076155],[73.80331729192947,38.66581503132774],[73.80452128406677,38.64757729148425],[73.81248518425721,38.639582139754935],[73.80035197917108,38.6232573785658],[73.79999967873025,38.612502041724206],[73.81075950519096,38.612145298982504],[73.82742320915808,38.60381120984448],[73.8434090622997,38.58785213241098],[73.85242533039734,38.58714758596564],[73.86007719115418,38.57951804946462],[73.86840682291465,38.582978325469874],[73.8991478720456,38.5824833282091],[73.9091852420903,38.55918454146175],[73.91471012332933,38.55776657235901],[73.92695476342101,38.54640028909689],[73.93659980491431,38.545174025921135],[73.93838788089174,38.538208927876084],[73.94911204366646,38.53679094377944],[73.94999943374806,38.53333509521798],[73.95758881132177,38.53806622538704],[73.96591839720088,38.5327643955672],[73.97425246575052,38.53806625281021],[73.98243937642978,38.5367641940657],[73.98840119794488,38.52566104925047],[73.99583447376695,38.525001035483676],[74.00752182376607,38.52568776970846],[74.00912713776138,38.53670619653777],[74.01882562297665,38.538115296634324],[74.02843055572662,38.546449331615875],[74.0479926122799,38.5452142056373],[74.05617510763487,38.53811527902081],[74.07500139316593,38.533335154676784],[74.08664856384891,38.538351587814645],[74.08684475358491,38.54795651096971],[74.0834246236892,38.55285259073924],[74.07178191493364,38.5584978578234],[74.07002054071731,38.569797182728166],[74.06327399676348,38.57187963440749],[74.06184258740217,38.58391472015482],[74.07017668172348,38.593711328789254],[74.07159019116358,38.611761786073224],[74.09378762353701,38.613157491224044],[74.10024432462714,38.617322287464916],[74.10857842429695,38.61184655126588],[74.11582445377952,38.616903164174616],[74.12118878522952,38.64825952195722],[74.12464460829455,38.65174208286406],[74.12535357909665,38.67328844036529],[74.13090956982023,38.67881333220853],[74.1499990369917,38.675000772494094],[74.1649236271449,38.675353030255245],[74.1691196057045,38.679517844102314],[74.17674024639145,38.67535305765518],[74.19828215501182,38.67464407433785],[74.21666699805229,38.6541678631727],[74.23575640444216,38.65452012770746],[74.25416803381363,38.66250193380271],[74.27742232936941,38.65798036121313],[74.28161833791357,38.65381109914669],[74.28995231982879,38.6586848809469],[74.2982596893254,38.65798039333478],[74.30245566430536,38.65381110403825],[74.31492332536558,38.654520085615104],[74.32328415127895,38.66285418535448],[74.33575628316302,38.662145170549344],[74.34999862015246,38.65416788342232],[74.35416788671671,38.654167821209406],[74.35482782228776,38.66160113949706],[74.36909245164239,38.662145209769314],[74.38090908412508,38.65452013870186],[74.38749965046324,38.654167865027354],[74.3999985451165,38.662501945661106],[74.40085022865286,38.65918433128926],[74.4125018417226,38.65416781373198],[74.41841016002006,38.646186030248785],[74.42916551264948,38.645833823001986],[74.43507381296908,38.63785201332969],[74.44340782485753,38.6336872144799],[74.45658899716256,38.63368717376929],[74.46078501588919,38.63785198635477],[74.47325710143824,38.63714743575725],[74.47745308088342,38.632978226916165],[74.48992523667067,38.633687201095164],[74.49375113652785,38.637486318152774],[74.49828598466455,38.63297823591463],[74.51459739317532,38.641668989771105],[74.52119245103832,38.630877991442276],[74.5371470606488,38.61909258357444],[74.53749939560865,38.612502035410756],[74.54487475311542,38.61184204946163],[74.55121558675597,38.599432357257356],[74.56887803288883,38.600569471163],[74.5782288254218,38.60889904753609],[74.59804505109139,38.59943239782926],[74.60624089877065,38.592128353258936],[74.61028970435129,38.59526761456769],[74.62083548975042,38.595833879787406],[74.62083548975042,38.599998724085935],[74.62742605319212,38.59964641954439],[74.6434074852259,38.58785208392793],[74.66492260476407,38.57881353699985],[74.68090847554451,38.56285436049338],[74.69408961955857,38.56214534785622],[74.69999791241798,38.55833286173293],[74.70869312823514,38.53921221178329],[74.71840958367181,38.52951813089649],[74.72742587974336,38.52951814823643],[74.73578222313051,38.53785217619605],[74.75242357226564,38.5371476450835],[74.7562495145219,38.53334850037745],[74.76078885159701,38.5378522107136],[74.78575979065673,38.53714764851095],[74.78924235167715,38.5336873811438],[74.7958329603414,38.53333512552436],[74.80501870687102,38.505015373998155],[74.81210416351664,38.503200536598385],[74.81609957452334,38.498045843922],[74.8178831660937,38.48693375488746],[74.82721165450882,38.48806637933527],[74.84091889783274,38.49640041344595],[74.8477903431202,38.49223559656032],[74.85833170321173,38.491664839092145],[74.85893366898388,38.47175047148931],[74.86600575452037,38.46993560163215],[74.86285317447997,38.44757767978858],[74.86631350506222,38.44409067797191],[74.86701796521409,38.43090956582874],[74.87498640872658,38.41874957752006],[74.87084840897867,38.41458480399949],[74.8753520488264,38.41004545493848],[74.874643073896,38.401711389477605],[74.86909153220812,38.39618656012682],[74.85833170321173,38.39583428754087],[74.8579794103356,38.38504773786602],[74.84202032586911,38.373257883971604],[74.84045064144597,38.35776694970514],[74.82174027465938,38.358966445370704],[74.8199834114238,38.36581564445364],[74.81335270072593,38.36751895867779],[74.81250100442709,38.37083213081037],[74.79673812321077,38.35768669661511],[74.79494555674411,38.35070822223148],[74.77916476676508,38.34583436580062],[74.78403415033088,38.32176419954862],[74.79937788569868,38.31159298445589],[74.80056849665678,38.28945795092537],[74.80416696789048,38.28333116499414],[74.80059973914491,38.28241703704022],[74.8000022032274,38.26249824062018],[74.7958329603414,38.25833347287851],[74.79639926794312,38.24362288293792],[74.80501870687102,38.221684114179915],[74.80833180685781,38.22083237746658],[74.8077654505826,38.210291098673494],[74.79943144462905,38.20093593339111],[74.80056849665678,38.185288919173345],[74.80473324715341,38.17991126132219],[74.79618520675244,38.1600771574289],[74.8038147383606,38.14825606879051],[74.80451928593706,38.139244260909784],[74.81631361009333,38.12742314070257],[74.81701810470665,38.110077222625705],[74.82081721867767,38.10625132198433],[74.81667920148826,38.10208206653499],[74.82047841246742,38.09825620631377],[74.82118735206895,38.08504831704707],[74.8309081676673,38.075354208526115],[74.85000211329877,38.07500193885883],[74.8503543339625,38.06840693222172],[74.85451917257367,38.06421092174775],[74.85381456979084,38.055908120096625],[74.85001549894704,38.05208222284614],[74.86605036901554,38.03549430628],[74.86745946701362,38.02579577977619],[74.8828656925646,38.020217466135904],[74.89258207233114,38.032725261390695],[74.9083316142998,38.033331690361855],[74.90918326179836,38.03001856039292],[74.91723190111556,38.02794950973717],[74.91609931021584,38.00195743120533],[74.91296901186395,37.99791747645758],[74.91723190111556,37.99241492834438],[74.91609931021584,37.97695524289518],[74.90879530644872,37.968759391233476],[74.92026417679482,37.948042441865795],[74.9204781662361,37.930910540706144],[74.91668349153811,37.927084659762215],[74.92118721053016,37.92254528816058],[74.91666565124768,37.90833414190441],[74.92286378609842,37.90064217303109],[74.93681635455587,37.8992197258068],[74.93749857080125,37.87916719660004],[74.93418548290798,37.8783154798081],[74.92877207022889,37.867635900689265],[74.92278796771969,37.86609753485958],[74.91249641117386,37.85676463953404],[74.92026417679482,37.84804261635654],[74.92140119876188,37.83528960902266],[74.9301410269192,37.82565346684417],[74.94493185797316,37.82433809601483],[74.95000191345375,37.80833433886202],[74.9607572311248,37.80868661249327],[74.96495323661442,37.81285138790904],[74.97325610804901,37.81214685147751],[74.98125128794128,37.80417850502546],[74.98507717841713,37.807982055656936],[74.9908160226255,37.80748263160551],[75.00513424646309,37.783729024040326],[75.01250059810569,37.77916737021273],[74.98125128794128,37.75001375187296],[74.97742530695085,37.75381295149948],[74.9666655658947,37.754165207211564],[74.96170705582621,37.725791914170244],[74.95200843415557,37.72438285489939],[74.94382603708719,37.71728400136673],[74.93366370957357,37.715803537558415],[74.92916452706183,37.7041653312477],[74.93333378741842,37.70000050702823],[74.93248208747775,37.6925181091296],[74.90501846979537,37.67831591093817],[74.90056827776331,37.66887599740718],[74.90061734338427,37.656171995650595],[74.90949093141352,37.637613231822364],[74.92438433854792,37.62716110975901],[74.92573549276055,37.613297768729275],[74.93811835139206,37.606965774878404],[74.93271389943244,37.59630405911719],[74.93398480105401,37.55933815787106],[74.94367441979779,37.55478539375166],[74.95752880219459,37.55342983115054],[74.95919653159426,37.5419966925873],[74.96450736100844,37.53811725141285],[74.9813270790436,37.53688210016957],[75.01569333983785,37.524231645679045],[75.02083472072894,37.5083349474774],[75.03090778090372,37.500353149293716],[75.04902960211037,37.50493267162309],[75.0553258689238,37.52071784406963],[75.06114054209935,37.52496736687746],[75.06777123739343,37.51279848012847],[75.07700600103232,37.50478547450217],[75.08679376512417,37.50335857389043],[75.08819390286834,37.4843271804407],[75.09490482271825,37.482405243646454],[75.09680439415878,37.47577015858131],[75.1208344719678,37.470833900700335],[75.13013616810049,37.446228548505815],[75.14081569941041,37.44081520697897],[75.14583225598695,37.429168050204765],[75.14929248062874,37.42828073475274],[75.15416625624444,37.41249995700488],[75.15331457221001,37.4091823874371],[75.13529087125184,37.39943478855053],[75.10000159983898,37.370834099089016],[75.12026822613917,37.33970954823073],[75.12140080485725,37.33112135918329],[75.12953423318137,37.32199802952797],[75.12499929206207,37.32083416905344],[75.12499929206207,37.316664981374466],[75.07674293971765,37.3163126948307],[75.0520840943153,37.30417948097454],[75.04412015309907,37.308687606433736],[75.01909123033872,37.296188783203974],[74.9892419711435,37.291314940804384],[74.98575937007968,37.28785468468319],[74.97328731769623,37.28714568160946],[74.96874794508972,37.29165383722149],[74.96078398431428,37.28714571926223],[74.95208423893216,37.29581862916691],[74.94825837230637,37.2920194707789],[74.94166779625787,37.291667210301604],[74.93554547502106,37.283899514219584],[74.91706250804793,37.27820074339493],[74.91296901186395,37.272916698583266],[74.91723190111556,37.26741413467718],[74.91605916941614,37.23841221991236],[74.90872840212207,37.23653041061165],[74.90416680062546,37.22916844921145],[74.8916678879911,37.229168481962226],[74.8916678879911,37.22499918865401],[74.85591034375493,37.224646973879544],[74.84412053300927,37.21631286721958],[74.83578647848643,37.22118669733813],[74.83159046690362,37.217021883367714],[74.81007531517918,37.21702187111636],[74.8003544408233,37.22671600097003],[74.79964541238407,37.24409310891732],[74.79412063583435,37.24964465869544],[74.78507757119668,37.250353694876594],[74.74999781416152,37.28749796614438],[74.74408948624578,37.28368541525341],[74.7142402769215,37.282980929489085],[74.69825888710565,37.267021750602304],[74.67916496672915,37.266665051251856],[74.67881274326065,37.24757564621884],[74.67535246395397,37.24409306325228],[74.67500023258512,37.23749803792675],[74.66424034292318,37.23714578479034],[74.66075779006681,37.23368555628926],[74.65416726028458,37.23333323024131],[74.65323980027584,37.23657501983144],[74.64660019733248,37.238470132070915],[74.64521783375535,37.247994803910665],[74.63702206084487,37.257439178203754],[74.62869686662056,37.258950808938515],[74.62299368031543,37.25478601097034],[74.59248009235868,37.25349734305418],[74.59104867302146,37.243673924734054],[74.58254517527921,37.23408687773531],[74.57009537891417,37.23271788963938],[74.56049492643001,37.241047514807164],[74.54166862356114,37.245832108417396],[74.4999983261044,37.233333299046535],[74.49943201857572,37.22278747529908],[74.49498179531214,37.21335203692573],[74.4883511412188,37.211648627023244],[74.48664780773333,37.20501799346739],[74.48001710711084,37.203314634906604],[74.47916535730747,37.20000147159274],[74.4708313348273,37.20000148945125],[74.47118809624324,37.19337973555143],[74.49131197069092,37.17742507558443],[74.48670575729344,37.16329419249725],[74.47700716723841,37.16188062794916],[74.47199069499058,37.158219745215],[74.46655058864535,37.14699170934278],[74.45825666560827,37.14461942004337],[74.46188192296243,37.13966093299638],[74.46250174757192,37.12916868865078],[74.49074125321269,37.12018360227706],[74.48785615941637,37.08921511622875],[74.4999983261044,37.079168761468054],[74.50035502826451,37.06838220546662],[74.50624994262859,37.06251399950535],[74.51840996784816,37.074647259975485],[74.53162672536298,37.07880760450606],[74.5371470606488,37.07325597625428],[74.54202085996391,37.04754485557373],[74.55797999586484,37.03575939162646],[74.55833228857703,37.033333704694726],[74.53534112045229,37.02438428279743],[74.52715872509114,37.01728533325406],[74.516251724611,37.0156979496647],[74.53688403824728,36.98966123004176],[74.54166862356114,36.96250084027341],[74.51445468824879,36.963067157993514],[74.50501927359372,36.967517339301],[74.49543669511891,36.98653093512989],[74.48554193329583,36.99110151327107],[74.47278890774344,36.992234105739314],[74.46054414978077,37.00360038295125],[74.43006625782047,37.00899587765001],[74.42695822482337,37.01193442738364],[74.41296115898089,36.993759119490605],[74.41723291367893,36.980381843443126],[74.40195609593783,36.97443337173137],[74.39387612791887,36.96723194749402],[74.35612092741759,36.966099297854676],[74.34166454058872,36.95833157091239],[74.32831403051497,36.938350388421235],[74.32154065864555,36.93661128269559],[74.32012261511196,36.92588713565557],[74.31334929425745,36.92414809264641],[74.30833278439765,36.91250093986487],[74.27278929216533,36.91193461627517],[74.26054456418466,36.90056841315114],[74.23454805531937,36.89526655065721],[74.23333513095176,36.90000211339866],[74.22161214081585,36.90072000643721],[74.22083179958169,36.90833166172854],[74.20590723770171,36.9086883830532],[74.20242471082464,36.91214872055228],[74.18924352085567,36.91285322211863],[74.18575655932673,36.916313499898365],[74.17083194121584,36.91666574614434],[74.1702165808582,36.90517466942375],[74.15482823622527,36.89493205988777],[74.15416829516028,36.88749879577326],[74.14251662647972,36.88248227173257],[74.14081773916008,36.875851593945946],[74.12978592982077,36.86984069875264],[74.12859982818385,36.847790490079625],[74.12400248201749,36.842279000378205],[74.07425225696645,36.83693257312221],[74.06874971664188,36.84119989800699],[74.0550558620772,36.83678984202922],[74.05331683216392,36.83001652641123],[74.0499991849943,36.82916478299507],[74.02278978291665,36.82973560583996],[74.00758871211826,36.838065136226334],[73.99925465585518,36.83276777287521],[73.99387700784978,36.836932549716785],[73.97278989783595,36.83806517145015],[73.95923866774015,36.850644335528926],[73.95748181590623,36.85748453384591],[73.9541686954947,36.85833178493241],[73.95381191797875,36.86492235249892],[73.94583465634595,36.8749998940913],[73.93090996296522,36.875352160064395],[73.92742299780821,36.87881242763039],[73.91840668617795,36.87952145124455],[73.91075934864647,36.88714647408791],[73.89999951566148,36.891668050824634],[73.90415092228133,36.89791521482967],[73.89166548537435,36.912500953308296],[73.85590789087354,36.91701801709252],[73.85242533039734,36.92047825394707],[73.82987567597476,36.91994764549764],[73.82860040061446,36.91028923010335],[73.81992301502956,36.89229230411087],[73.79906331946809,36.89109730359051],[73.78959221800308,36.89953833509987],[73.77842208600887,36.895266548306644],[73.752082189572,36.90786350618691],[73.74804224289856,36.904733221187385],[73.73258702320382,36.90360059907939],[73.727209345684,36.907765391816355],[73.70612222793262,36.90890241375298],[73.7022116633044,36.91193465153887],[73.66424239708982,36.91214865825546],[73.63992246570145,36.90035436563256],[73.6191207180976,36.89964535579467],[73.60659066636455,36.907979445834215],[73.60000015542784,36.908331679809855],[73.59387772996243,36.9005684137017],[73.5800188993421,36.89498112850014],[73.57825305394948,36.88810968055164],[73.54674503974977,36.886892354205955],[73.54166617014472,36.87499992751121],[73.52674150912479,36.87952143708361],[73.51249917907484,36.895832820874745],[73.50195790215174,36.89526652073208],[73.49791789694758,36.89213622744157],[73.48421956130282,36.89654184302209],[73.48333219167876,36.90000209384053],[73.4690898099327,36.89202028537067],[73.4607869392812,36.89131131894394],[73.45625210373855,36.89581942870638],[73.45242620224464,36.892020263485094],[73.43162003786497,36.89618507469714],[73.42742394261487,36.89202032129935],[73.41495188745084,36.8913113079478],[73.41075582579138,36.89548053867892],[73.39828379220934,36.89618513747052],[73.38992295450383,36.88785553201411],[73.36424296369985,36.88298169351185],[73.36075596910905,36.87952140661717],[73.33994977106634,36.878812423308396],[73.32745090298494,36.88785549420287],[73.31075602450596,36.8711873495656],[73.30000070827495,36.87083514479276],[73.29494406489617,36.88262496504221],[73.28529013426396,36.88390030982689],[73.27304542060529,36.891097220420036],[73.26175499242986,36.89223433622583],[73.25416565644868,36.883333951871336],[73.24341028593842,36.88368621698542],[73.23992326435244,36.88714647960765],[73.2124997463436,36.887498763380755],[73.2065914977323,36.8795214316772],[73.18162050067002,36.87464767773275],[73.17742449010689,36.878812461177375],[73.16840817349038,36.879521430362416],[73.15242226524276,36.89131129677913],[73.14411948032466,36.89202027880534],[73.11875160557805,36.87918257326853],[73.11492569995372,36.88298170454366],[73.10174020732475,36.88368623678649],[73.09825757411616,36.88714651874568],[73.08162066049353,36.887855502068085],[73.07742470159205,36.883686275829895],[73.06250010537127,36.883333981410175],[73.0666649021746,36.87083509734143],[73.04256792132529,36.86600591866257],[73.04044978076993,36.857765437446474],[73.02695655242474,36.8589025473133],[73.02157887894651,36.86306734815818],[73.00195437096271,36.86193474683954],[72.99791445775591,36.858800025250154],[72.97695664323679,36.867232138963885],[72.95908011507854,36.8797355012162],[72.93749804989532,36.85833181728019],[72.93714578631057,36.85171445257501],[72.93158979343711,36.84618518075977],[72.90174059963495,36.84548068789791],[72.8874981922618,36.837498842957],[72.84925250533819,36.84639925472003],[72.83675365034168,36.84109734206877],[72.83125105870043,36.84536470009227],[72.8157289979221,36.84109739986049],[72.80637826715062,36.849431412422575],[72.79925261395506,36.85056846942428],[72.79387938423346,36.846399258627585],[72.77204757919968,36.84526662513516],[72.7699473376697,36.853457999823675],[72.75000182107684,36.858331779711044],[72.74486489448839,36.850394548892055],[72.72168206801213,36.83664714795572],[72.7208348583921,36.83333407823397],[72.71424423996372,36.83368633458751],[72.70659250490375,36.84131143870841],[72.67257401034674,36.84202037532484],[72.6690913924755,36.84548065781598],[72.61424000996499,36.845480645043075],[72.60624931039303,36.837512258771184],[72.59828534431468,36.84202042110521],[72.59408935281911,36.837851113643076],[72.57257419319092,36.83714663492531],[72.56424015249875,36.8329818048657],[72.54639927829629,36.81470840007903],[72.54494558583667,36.80904084909548],[72.52172259788678,36.803458113911624],[72.51998352597647,36.79668472253365],[72.51445427324646,36.79526673539249],[72.49387548650041,36.775566418396195],[72.46758014833448,36.77438476019654],[72.46666610598125,36.770835329663306],[72.45833205114423,36.77083533023372],[72.434185958676,36.78001656472158],[72.4333342871147,36.78333413202357],[72.41007562285432,36.78298189361503],[72.40659303031113,36.779521605727105],[72.39166844221296,36.77916488241456],[72.3871424264233,36.76837834708671],[72.37671711325991,36.75797968989537],[72.35591090413195,36.758688689780364],[72.34338080511105,36.76701834987285],[72.3350735775374,36.76631379259857],[72.32826893976852,36.75899640746145],[72.32083116885032,36.75833201190993],[72.31581472931836,36.746684795744876],[72.30491216053086,36.7410975317325],[72.27278879795017,36.74639941831106],[72.26887819522673,36.74943165419362],[72.2458335081494,36.749997899790564],[72.24490607561364,36.746760584635034],[72.22993688962424,36.74069625052447],[72.22837171225467,36.729958733510486],[72.21867313086479,36.728549673880416],[72.20906829287738,36.72021556224019],[72.20207641842184,36.724442829131014],[72.1938270894124,36.71728596652342],[72.18333481305316,36.716666177791055],[72.18390111803015,36.70612479695876],[72.19526737953842,36.69387570468248],[72.19654264071893,36.68422169776587],[72.19999849670127,36.68333433985352],[72.19915125554348,36.659183875005475],[72.18507385200652,36.65797994617822],[72.1774532549456,36.6538151346431],[72.1732571812275,36.65797992352796],[72.15174206782659,36.65797993377682],[72.13575615705167,36.64618561483578],[72.11078517481985,36.64548108279213],[72.10658922116664,36.649645832541225],[72.09583387184512,36.64999811054233],[72.08806610054627,36.631376885837746],[72.08689785686406,36.59674755059769],[72.08333496527563,36.59583340540264],[72.08333496527563,36.591668601964784],[72.03507416721708,36.59131194000984],[72.01495466318012,36.55869353850191],[72.00658937542094,36.55451983498936],[71.9934082743028,36.553815321150516],[71.98992574999274,36.55035502591518],[71.97257538510418,36.54964604286434],[71.96666710841241,36.54583356346292],[71.96666710841241,36.54166869351698],[71.96007648524298,36.54202100172683],[71.95658950871363,36.54548125095589],[71.92500122582649,36.54583353548957],[71.92443496988034,36.53528778546718],[71.9213001907113,36.53124783014911],[71.92453302449884,36.527082985642004],[71.92012741057243,36.51342028321936],[71.89657896198253,36.49943216745407],[71.8686248271784,36.500569225335845],[71.86458483977488,36.503699511888854],[71.85907783714794,36.49943213016285],[71.84778740201358,36.50056916016367],[71.82991539164392,36.508898832639325],[71.80895759645311,36.503258057295874],[71.80776702209837,36.48112307006327],[71.79943296775998,36.47177228277058],[71.80073053471382,36.463398137755256],[71.81210571532026,36.45736494937732],[71.82500145694472,36.433334884029165],[71.82464467410819,36.42257506413032],[71.81701966850576,36.41492323977974],[71.80833330784776,36.39583385643921],[71.76751916793022,36.41751842043229],[71.76581574751772,36.424149089270465],[71.74680220853263,36.43372728694256],[71.744982829438,36.44081723009399],[71.6769548482803,36.46306812680911],[71.6675862326983,36.47141561292284],[71.66581602546026,36.4783138639844],[71.63750066818288,36.47500067421794],[71.63693435835461,36.45612087594295],[71.63276509356227,36.443621972539354],[71.62556812387335,36.43554210011798],[71.62443102662994,36.42278911251398],[71.61723406019883,36.414709198835695],[71.6159632031321,36.40508645424299],[71.59668209790992,36.39498211157034],[71.5949831416155,36.3883514918629],[71.56706473680782,36.37819810851855],[71.56193226516703,36.37158075800325],[71.56323882184383,36.36338045611875],[71.57043584250513,36.36153445175708],[71.57584917473267,36.350850407144044],[71.58248432912944,36.34914700873871],[71.58297928472045,36.330909312746456],[71.5791667680114,36.325001046901164],[71.56025124791793,36.325531673624276],[71.54489405191849,36.32969645265154],[71.53958329414309,36.32539783102229],[71.52600083470189,36.33381667289719],[71.52052957327689,36.332113287436904],[71.52460520070498,36.32708343350161],[71.52030215691646,36.314419536853215],[71.5030097477426,36.29638246873181],[71.48333176648833,36.29583406963083],[71.47827958256978,36.27987491425386],[71.45508781425761,36.27429656955495],[71.45056624370851,36.26887874621516],[71.44943364539861,36.2561212863826],[71.44223223628231,36.248045872158386],[71.43664942975336,36.230017671407616],[71.43001876023374,36.22831435840088],[71.42916702095995,36.225001190928054],[71.42257643668508,36.22464449520491],[71.41492468502065,36.217019380586564],[71.40590837943866,36.216314860499146],[71.39409177090604,36.20452055974144],[71.36840734516682,36.203811522464555],[71.36492477507326,36.20035128509467],[71.35833420442064,36.19999900219416],[71.35798191630684,36.180909620003966],[71.35000016254497,36.166667267912494],[71.32279073717785,36.16610093948824],[71.31028736430603,36.16193166237349],[71.27720977994478,36.13806659351732],[71.2700885601813,36.13693398572321],[71.2615404730331,36.14223582898634],[71.25070484399609,36.13240352424413],[71.24526479891281,36.11029086587109],[71.24140321818608,36.105305598811064],[71.2503169257817,36.10301801276098],[71.24487234335992,36.09648988672264],[71.23112499731275,36.09526812747252],[71.21737308116583,36.086613012338205],[71.21609782395636,36.076954598832174],[71.20045974201241,36.052090613783726],[71.20416527747747,36.04166529999197],[71.19340989034738,36.03714815592265],[71.18750155745171,36.02916638372152],[71.17257694948357,36.028814147658565],[71.14166648922831,36.016667516851214],[71.13714495649218,36.0100457757151],[71.14201879545686,36.001711701289175],[71.14131418268747,35.989244035955494],[71.12880646384427,35.96837551235915],[71.11840778698325,35.96214612169325],[71.09498416480872,35.938352352263514],[71.07916775514236,35.92916657707396],[71.07556923056683,35.92304429533783],[71.07436079887636,35.90507408685661],[71.0708336848283,35.90416888383569],[71.07499842907067,35.88333151286397],[71.07168531637217,35.88248424858644],[71.06609808413528,35.86862092345542],[71.05775068931916,35.85925238379568],[71.04387843162745,35.850566007717525],[71.03675273431689,35.84943344377839],[71.0291678641646,35.85416454939568],[71.02881555064388,35.8058814121814],[71.01492545397424,35.79201802986872],[70.9916667935138,35.783331675769986],[70.99131453904837,35.772576369714635],[70.97881121935524,35.75588146417922],[70.97952019300145,35.7350752756823],[70.98298042443083,35.73159273396359],[70.9836894817737,35.72254520609718],[70.99757508355123,35.712851139758634],[71.00833487567374,35.712498896901735],[71.01249970666049,35.683331878261015],[71.00590918076587,35.68297967440219],[70.99409257082205,35.67535457308568],[70.98507621237546,35.67464553311977],[70.97499868570965,35.666668257005284],[70.97499868570965,35.65000014346688],[70.96840811667703,35.649647865912236],[70.95869172714403,35.63995374918818],[70.95000096376344,35.6208331870648],[70.93090709523524,35.62118543626469],[70.91075641642033,35.632979759911876],[70.88333293209764,35.63333197592633],[70.88702952591117,35.622915567819454],[70.8824812841424,35.61335079637281],[70.87585056597766,35.61164738423505],[70.87499890353406,35.60833429880029],[70.87973446330301,35.607116937333146],[70.87859732035524,35.593623711020896],[70.87443254891195,35.58824607090121],[70.87556516670993,35.57279081268297],[70.88286474364664,35.560416813322355],[70.87859732035525,35.55491428021898],[70.87973446330302,35.54362380607988],[70.88693146211767,35.53137912361691],[70.88688238485477,35.5051551177654],[70.87570786636691,35.4991130971141],[70.87428984884191,35.48838890621074],[70.867516486568,35.4866499121483],[70.86250001471875,35.47499827824142],[70.85637767567174,35.47860120012385],[70.83112128632567,35.479733842455204],[70.8133518237121,35.48834880348219],[70.81164844005917,35.494983969349775],[70.79362469908261,35.50473598324283],[70.78749797430359,35.51249931961017],[70.76492593481271,35.49618789436477],[70.74362485029765,35.49223267461282],[70.73418495488757,35.49668282911173],[70.7327669486057,35.50221211792139],[70.7047325403681,35.53112497603575],[70.69960456291314,35.54069863892478],[70.6874981236286,35.545835518764825],[70.67278753058982,35.54109991825872],[70.66341901238324,35.53275254802359],[70.65737245307058,35.52148885473981],[70.64256826979829,35.52017338020892],[70.63688287663285,35.51349810265124],[70.64931933258876,35.51168770495824],[70.65061687353878,35.48702886698264],[70.64521693473023,35.47453007841859],[70.64938177728033,35.46882689425005],[70.6488645207918,35.462236271700405],[70.64374992358414,35.46619595321257],[70.63970992464712,35.46306571111579],[70.60519208286071,35.46190187708058],[70.59493160655825,35.446495659868205],[70.57674296815817,35.445478992227486],[70.5708346863931,35.44166646919613],[70.56992945661263,35.4451935972275],[70.55195488037249,35.44640206734955],[70.54583251789049,35.45000050582595],[70.55056802526525,35.484081392810886],[70.54223401479074,35.497788718963314],[70.54110141474271,35.514711023987026],[70.53723534050849,35.5196962793318],[70.55637823014764,35.52556888901314],[70.56248721146552,35.530661220475],[70.5589020803775,35.53528973505473],[70.55776506934328,35.56128632329044],[70.565813690681,35.56335089601827],[70.56666536895321,35.566668436261764],[70.56193427884783,35.58137900662294],[70.53842142026654,35.60058433055737],[70.53661102478232,35.60762524679104],[70.5269571383074,35.60890063467041],[70.51471246730674,35.62026685496805],[70.50505399354378,35.62154217784992],[70.50056819152428,35.631124764696196],[70.50000184593569,35.650000141903746],[70.50035410969598,35.65659063792974],[70.50381436211791,35.660077705784936],[70.50350667812997,35.678266344779274],[70.49915014743974,35.6824802166174],[70.49166783314962,35.68333192054949],[70.49081612101988,35.680018816645266],[70.47157955053937,35.67026673250776],[70.46471252911896,35.674431566278024],[70.45195502418713,35.67556856928559],[70.44387512471141,35.68276563013017],[70.42695730623915,35.68390270848676],[70.41054337776552,35.69526448885081],[70.39362106505828,35.70056630768612],[70.37721158097722,35.71609734317491],[70.3708351036827,35.71666811719268],[70.36998338157278,35.713350591304014],[70.34206044982268,35.699032424448085],[70.33796707504193,35.69374839527865],[70.3416056419652,35.68905735947837],[70.3147083909721,35.66306526383238],[70.30918356426125,35.661647332711084],[70.30736422509104,35.65456181616915],[70.30220952046086,35.65056641816324],[70.28090840975563,35.65035240718312],[70.26702277107297,35.66421131460565],[70.26631376628124,35.67742363569485],[70.25868868607343,35.685075424269726],[70.2579796711924,35.69754750806066],[70.2621444628363,35.70174350447376],[70.26311660358228,35.73965924299238],[70.26763813131123,35.74923298484601],[70.27841577673782,35.75080254035197],[70.27978470988232,35.763234507534804],[70.27138822703277,35.77291078028769],[70.27561541194302,35.77990267714404],[70.26728580927038,35.789507551752905],[70.26605063681804,35.79630320718063],[70.27561541194302,35.82130092988681],[70.27021546184676,35.831967102232205],[70.29100825930077,35.84266897563039],[70.29166818882952,35.858333816328255],[70.27257434146702,35.85868609863368],[70.26458357662528,35.86665448391905],[70.26041880231516,35.86251640795656],[70.2399247546922,35.87464516100814],[70.20591071828188,35.87951899899881],[70.19825897532293,35.88714851964247],[70.19166841588314,35.88750074121141],[70.18821704608109,35.88646181720766],[70.18255840701539,35.85074887274008],[70.16634517031845,35.84935758849223],[70.1604680312568,35.85352242528441],[70.14999805547679,35.854164521597674],[70.1297359447775,35.8313784839282],[70.1237830562956,35.81609717785169],[70.11445455622734,35.81723422294479],[70.1090813398209,35.82139908402521],[70.09999820000664,35.812498720125035],[70.0642406735416,35.812855413182795],[70.04654693991532,35.82415480191151],[70.04526717006806,35.81445619375111],[70.04074566027084,35.809038393744295],[70.03005275747904,35.807624913295584],[70.02025160505747,35.79258436494285],[70.0083324183565,35.78750092256262],[69.99508445191188,35.7922320374836],[69.98871689319157,35.78730034392461],[69.98404816066684,35.7883437681907],[69.97826915298037,35.807673944124275],[69.9666666476176,35.80833390255066],[69.96179285059054,35.79255311417799],[69.95501942117647,35.79081407422681],[69.95320014927488,35.783728592332196],[69.94804536850091,35.77973320156852],[69.91666668816376,35.77916687138787],[69.91581498357556,35.77584933826712],[69.90900594539252,35.77410581368512],[69.90776636182147,35.76175411276839],[69.91306820214335,35.75322830867262],[69.9035837512526,35.742584450620264],[69.89668544463579,35.74081419730025],[69.89526744218958,35.73528935513149],[69.8732573800165,35.71285111865558],[69.84757741970691,35.70798178636463],[69.83995231350934,35.70381258272096],[69.83159148350315,35.7121465914524],[69.81666689532419,35.71249885734153],[69.81604266425181,35.700909719506754],[69.80039564031712,35.69486757741566],[69.79640030513575,35.689708451478985],[69.78806627025486,35.673044789504914],[69.78693365051711,35.65195767263326],[69.77859960599237,35.64260248102673],[69.78418239848169,35.625849678036545],[69.78749991514374,35.62499791783254],[69.7871477040476,35.614242577133496],[69.77535331321108,35.60242595074415],[69.7746487891126,35.5809108035685],[69.76631470602759,35.572549996040756],[69.77047953156885,35.56492495636762],[69.77083184099583,35.554165164996064],[69.74409060510472,35.53785374298832],[69.70245148202594,35.53297994351984],[69.69825994718745,35.53714471462908],[69.68411120374263,35.53674785476899],[69.68270217972263,35.524605727654034],[69.68692042702338,35.51874203089802],[69.67500123128033,35.50416521039603],[69.66909297838527,35.50035273342196],[69.64757336992643,35.499648152203235],[69.6437519291054,35.495849015856244],[69.63992601702384,35.49964817477455],[69.62745389165435,35.50035273518319],[69.62325790082134,35.49618792126931],[69.61666727791905,35.49583116718954],[69.60868555442465,35.48575806280664],[69.60833326819136,35.47916749359286],[69.59804163109665,35.47139977174495],[69.58423183694573,35.47017350429858],[69.57402938936633,35.45482082584521],[69.56029087828041,35.453598992341135],[69.55625095695494,35.45046875663097],[69.53554284980144,35.46609788563772],[69.48675136733178,35.47139971060824],[69.46471008213234,35.45890086213579],[69.44166547253229,35.45416532760423],[69.44113481488166,35.44775314458179],[69.42863591258616,35.43010850911833],[69.43333140661062,35.420833546259956],[69.40590785995673,35.42535504136319],[69.39374790421228,35.43331900681338],[69.38159245047342,35.425355044100435],[69.35833371941146,35.42083352129982],[69.34914803632402,35.400852316213424],[69.32695506827432,35.40473172881841],[69.32008806437848,35.40890097371302],[69.31458546581767,35.40463363914288],[69.31054559695578,35.40776392829978],[69.29508586078498,35.408900993612754],[69.28971264657058,35.40473172173259],[69.27589832557945,35.40350550491971],[69.27043590397368,35.39263415782942],[69.26666798765301,35.391666543466265],[69.26164705231523,35.40331372392017],[69.2548737141416,35.40505279581862],[69.24999987838187,35.42083350582806],[69.24166578696527,35.420833544869964],[69.24081409505855,35.417515946648614],[69.2174127655453,35.40776394131137],[69.20098994276871,35.408972354340115],[69.19166594049992,35.42083358667107],[69.17257655255912,35.42048125746127],[69.15834753829989,35.40208305441477],[69.16248556328486,35.39791376423483],[69.15245261904856,35.387853999769895],[69.12674143097996,35.38714507304463],[69.11076003709094,35.379520013784536],[69.10000020491002,35.3791676784913],[69.09914851767682,35.37585010622754],[69.08137894449608,35.367235137736344],[69.06666836306546,35.36666883386213],[69.05798211229235,35.34757495914664],[69.0503525443738,35.339923157635525],[69.05000027108095,35.32499857034401],[69.03834865104584,35.31998202802266],[69.03276589355211,35.30612319560042],[69.02129261346919,35.293762568282624],[69.02556889539393,35.27841876099596],[69.0213995797695,35.27304552957906],[69.02083327681501,35.25000091666799],[69.0093332664906,35.245350116611405],[69.00494106339572,35.24671901762693],[69.0038129036004,35.25659143877363],[68.99828806651372,35.26214306780089],[68.98333226360633,35.26666461447293],[68.97329037781121,35.27880675851329],[68.9559088074126,35.274646358487274],[68.95242627072196,35.27118608334596],[68.94362393709403,35.27140015100716],[68.93554407495249,35.2786015810332],[68.92841846558468,35.27973418261661],[68.92304522494193,35.27556940458177],[68.89508670097432,35.27443237407535],[68.8675160503811,35.2883492230735],[68.86210272327277,35.29903319471225],[68.8541654581807,35.30000085516774],[68.84502878258088,35.27156957037326],[68.8124996587062,35.26666459113677],[68.80331388776659,35.25085259848862],[68.80000076553253,35.250000904258776],[68.80415224229321,35.24374927455918],[68.8003530823188,35.23992333771219],[68.7996440822623,35.222546222397],[68.79409251608033,35.217021432563286],[68.77499861779971,35.21666472729172],[68.77408893505995,35.21312414602812],[68.75195399017193,35.211933578496634],[68.7380995630391,35.20741648109601],[68.7375019849459,35.18750218463197],[68.72674219373705,35.18714539524438],[68.71495231209447,35.17881136033491],[68.70833505158294,35.183332885963125],[68.68785440258044,35.16075645910476],[68.68297618156103,35.143379369701634],[68.67325974724338,35.13368528071981],[68.66007418330278,35.13368529616561],[68.65659161203476,35.13714550776741],[68.61862237057503,35.13693151513542],[68.60061654079632,35.11981743841041],[68.59943489620633,35.09704932861083],[68.61188022212565,35.09067724206023],[68.61158592610552,35.07560544679573],[68.58112132605378,35.07443273020662],[68.57574809141751,35.070267907055296],[68.56471185675277,35.074432758903676],[68.55174032239151,35.07464679606653],[68.5434106920434,35.07048198851914],[68.53749794996313,35.062500174441794],[68.5142437612906,35.06214787915805],[68.51041784945893,35.05834879136299],[68.5065919358587,35.062147914640796],[68.48090755469597,35.067021756146424],[68.4649260851206,35.0746467973941],[68.42674278775579,35.07464679715652],[68.40659216511338,35.062852466495904],[68.38924173439285,35.062147915669264],[68.37499936197435,35.05416609388303],[68.36751705132296,35.05501778228214],[68.36575568891335,35.06187592897562],[68.3436207139838,35.06306647794839],[68.32721124336967,35.07443275455774],[68.30833136949495,35.07499901211161],[68.30242311729889,35.071186522524414],[68.27674311884819,35.07048197326527],[68.2708347900837,35.066664962455086],[68.27047807978443,35.06007441691791],[68.2628529793172,35.04825778452297],[68.2616490261891,35.03418491586099],[68.24387504256502,35.02556546472467],[68.19166794153996,35.024999112819295],[68.19202019050455,35.01424376248048],[68.2036004773256,35.00220864595742]]]}},{"type":"Feature","properties":{"system_id":"upper_syr_darya","system_label":"Upper Syr Darya formation zone","hydroclimate_stage":"source","outlet_hybas_id":4070425650,"main_basin_id":4070050240,"basin_level":7,"unit_count":35,"source_area_km2":95297.6,"outlet_up_area_km2":95297.0},"geometry":{"type":"Polygon","coordinates":[[[73.87443100702488,40.197788200660625],[73.863069244925,40.18554353426398],[73.86193218909997,40.17695531454121],[73.84640110016926,40.15637658092876],[73.84069795430278,40.142062890627265],[73.83408061608526,40.13693487502531],[73.82172893911844,40.13817452264502],[73.81961975243253,40.14640157423424],[73.79653947181866,40.13661384323066],[73.79512593081506,40.12588520021032],[73.78810726571854,40.12408821452557],[73.78750082249422,40.10833420547425],[73.78091034612474,40.10798192776301],[73.76666789445056,40.095835332173415],[73.76723427243998,40.08528956422326],[73.77139906297091,40.079911886575644],[73.77015941104007,40.067564683028685],[73.76308286146553,40.065745371865994],[73.74804224289856,40.04640176354447],[73.74166577084486,40.0458354507036],[73.73693461954973,40.03408128119828],[73.7381742971701,40.02172954146586],[73.74166577084486,40.0208332682757],[73.74109941047111,40.01028750291997],[73.73796913630355,40.006252045786916],[73.74120643366963,40.00207383827502],[73.72973316905757,39.98970873186057],[73.72819928657292,39.98372912304419],[73.71737701612601,39.97828006837852],[73.71609725160364,39.96862164517038],[73.7047354395553,39.95637695700786],[73.70331748060698,39.95085217604035],[73.69246846441737,39.94926473453409],[73.69105050953966,39.93950819036013],[73.68666277053482,39.9340190038297],[73.66450547570767,39.93271698201633],[73.6513689152207,39.928547744712496],[73.64964778473895,39.935758114456334],[73.64412293094855,39.94130969264143],[73.63507539870277,39.94201867810782],[73.63159287420952,39.94547896614672],[73.62168468993364,39.94498393525613],[73.61998136812325,39.93834884782927],[73.61445652537977,39.93693086687207],[73.59804256592618,39.921399744527626],[73.5916660758291,39.92083347297166],[73.59109974840817,39.914456962053826],[73.57860088678312,39.8965804513789],[73.59640158347938,39.87601061900353],[73.59509958798634,39.8675471956919],[73.58835290817709,39.86581707846421],[73.58333202040123,39.854165470949404],[73.56249905819291,39.85416542710456],[73.56153141175123,39.8503974785833],[73.55085186622894,39.84498416304371],[73.5333320922012,39.812499597253854],[73.52742377426642,39.81631212864742],[73.51007345480973,39.81702114589361],[73.49583548065861,39.82499844512576],[73.48554391152268,39.81723515786094],[73.47695571446974,39.816098111941955],[73.47153785055778,39.811580997875204],[73.47026699465081,39.80195829288429],[73.45342051347563,39.7869311549539],[73.44804286988013,39.79110039949365],[73.43871441233667,39.792233025441455],[73.43750153636672,39.78750189004125],[73.4309110280805,39.78785415379058],[73.41495188745084,39.7961882230049],[73.40208287215411,39.783346027898716],[73.39825699228803,39.78714517945108],[73.38091107909193,39.787854183813074],[73.37742408285479,39.79131445838166],[73.37083353354359,39.79166670011476],[73.36961622748095,39.786931154413686],[73.34778891699843,39.78806817735851],[73.34374006863885,39.79120743539359],[73.30927117404963,39.76609820217956],[73.30195824704175,39.76723525738922],[73.28137501307823,39.786931109334155],[73.27257723220605,39.787145162048056],[73.25174432156385,39.77881555072158],[73.24409254638189,39.77118606196308],[73.22742440063317,39.76285195690646],[73.21840810920136,39.76214748597741],[73.21075627113494,39.754517903795524],[73.19341034033725,39.75381339910908],[73.17499872453959,39.745831601727346],[73.16731120007806,39.7645330676204],[73.16579073301929,39.77941756092154],[73.146884107843,39.7701916521885],[73.14503361363491,39.78232045010549],[73.13846533156703,39.784295799046106],[73.13648547294407,39.79086849829953],[73.12703217399523,39.79230883800691],[73.11346314400336,39.800963912415995],[73.09583186587909,39.833332572399264],[73.08970948635827,39.83693102622278],[73.07841907600147,39.83806808686255],[73.05918251698495,39.8283160281649],[73.0574836238516,39.821685373399966],[73.0425188300445,39.815817150912885],[73.04166716223013,39.812499647295425],[73.03007795502154,39.8131238858004],[73.02304597986655,39.820267374947676],[73.010288487949,39.821400001198164],[73.00624853811412,39.824530254403925],[72.99288009999418,39.8202673540494],[72.9907576352848,39.82854342960226],[72.97916843144418,39.829167717815906],[72.97304604860797,39.82556920927456],[72.95923176642508,39.82433855645974],[72.95748376025654,39.817516068448185],[72.95084862639891,39.815817158059694],[72.94583218924183,39.80416556886434],[72.93992386931352,39.807978060788926],[72.89757577176128,39.812851911297805],[72.89166743097589,39.82083368528991],[72.89964481038727,39.83507601099271],[72.90035377378273,39.843383361438356],[72.88995516394897,39.85381320516251],[72.88090762659186,39.85452215807552],[72.87499932764094,39.862499526471794],[72.85242293634269,39.842018864038934],[72.84828484358233,39.84131429544425],[72.83749831855594,39.85416545212724],[72.814636509368,39.833974632182446],[72.802084127389,39.82977418069008],[72.78717735758525,39.833974645694255],[72.78130024275818,39.82980982352213],[72.7673655221344,39.82838737559342],[72.76666546042142,39.81249963637279],[72.7541666408515,39.81249959025299],[72.75380987289985,39.805877855129566],[72.74825834967685,39.80035302324109],[72.73924201230066,39.799648508839546],[72.73575941615618,39.79618820731433],[72.71424423996372,39.79547925093934],[72.70659250490375,39.787854137352504],[72.69340691950285,39.78714519620051],[72.68749863752979,39.77916784759317],[72.68112211669755,39.77973413751799],[72.65220925623899,39.79526521686365],[72.63529144327782,39.79640225908124],[72.6258515004053,39.80085243133236],[72.62499981949138,39.804165572410675],[72.61763341491188,39.799603888957236],[72.61581404579962,39.79251837414537],[72.60195517913418,39.78693115425181],[72.58971055206774,39.77556932264408],[72.57842006376103,39.77443226546889],[72.55758718621699,39.78806818197888],[72.55220945440831,39.78389895721832],[72.54251537595168,39.78418433985887],[72.54228350070596,39.7896601054722],[72.54645280102952,39.79536330539271],[72.54507934826488,39.80753213719628],[72.53534068695487,39.808950206462555],[72.52175825298306,39.81759187591667],[72.51573852102241,39.83240501690449],[72.5003590011039,39.838589809562734],[72.48811881927892,39.852007218861665],[72.48271438775171,39.86619614175626],[72.48414124998837,39.874039653892766],[72.48749897276015,39.87499836168565],[72.48714670862492,39.881588942729],[72.48162191436317,39.88714494788254],[72.46028957119019,39.89110017545628],[72.4480448358117,39.879733910624665],[72.4311225650885,39.87443205694742],[72.41592147320678,39.86193321562245],[72.39583323847872,39.87499837889658],[72.40415396971785,39.88541483491774],[72.37952183134115,39.91424292021855],[72.37881286491859,39.92742400796453],[72.37118779189196,39.935075857025],[72.37047880379961,39.95659101522276],[72.3625014319595,39.96249931793905],[72.36609992610407,39.97695574666944],[72.36726828397694,40.00731328840958],[72.37695789295995,40.01609773437362],[72.38293748828622,40.01763608784957],[72.38835088254606,40.028315661209014],[72.39166844221296,40.0291673113325],[72.3836866331193,40.039240432526064],[72.38298210287654,40.04754775549539],[72.3975455755034,40.066307177982694],[72.41075786799782,40.07118540662735],[72.41630941010668,40.07671023864724],[72.41701845906975,40.085044326430975],[72.41250135546969,40.0916660704354],[72.42275281952749,40.09946952443102],[72.43974649851488,40.10469556037268],[72.45002021844306,40.11417118653553],[72.43280813116532,40.13219040885487],[72.43422162552406,40.136729735682856],[72.44808050081615,40.14219662231618],[72.45886267132151,40.15510573537995],[72.45456404874416,40.16041649319353],[72.45780585401737,40.16441630594719],[72.45776567591685,40.17304470076909],[72.45324862571515,40.17846246818916],[72.44362143551358,40.17973335443001],[72.4384667592638,40.18372870331396],[72.43390062372089,40.19362340641059],[72.43276794931458,40.210545698677386],[72.42018883871856,40.22409693790756],[72.41335309291348,40.225849348192746],[72.40880034809446,40.2354185804938],[72.41250135546969,40.24166580436698],[72.42824198973621,40.24675810439273],[72.43013715372105,40.253397689303895],[72.45752939244831,40.25906967581622],[72.46326821361473,40.28235958047723],[72.48950556939808,40.29521516740557],[72.50632528277363,40.29645031407668],[72.51581425597003,40.30085145138558],[72.51164952364766,40.311651356375414],[72.49362136054496,40.31723421392518],[72.48007009066052,40.32981326256113],[72.47831774407256,40.33664909705491],[72.47145070914516,40.33841045507276],[72.47026456532967,40.36324764900106],[72.47973569218385,40.37991131560774],[72.47535236091201,40.38992642068937],[72.49964556951643,40.41840672237236],[72.50035457770761,40.44409115413548],[72.50451939818733,40.451711742798295],[72.50035457770761,40.45590776616816],[72.49999781701199,40.46249830894972],[72.46341537977209,40.45769140496741],[72.46250123284787,40.46666756374804],[72.45637894087245,40.47026607815414],[72.4394566547686,40.471398707102715],[72.43393177581143,40.476004951657465],[72.4327322822735,40.511584085274364],[72.41445442373346,40.521398553087224],[72.39387570098283,40.54109889922021],[72.36041458713883,40.55369586014825],[72.35623642400353,40.55045853146756],[72.33971101564022,40.56610106262174],[72.33112275109589,40.56723366341581],[72.32304288282796,40.57443067959602],[72.30341840802534,40.57556771915712],[72.29804516887512,40.57139845940615],[72.28749939533058,40.57083214230711],[72.27695810183891,40.5755677124775],[72.27026497783307,40.58211819782055],[72.28271481388661,40.58849021275737],[72.2833345852862,40.59999911686434],[72.26334888591948,40.61334968273545],[72.26164999148003,40.619980392740494],[72.25070293068863,40.62591991966366],[72.24943206930665,40.63554263612032],[72.23652299177539,40.64934358264065],[72.19999849670127,40.65416832301656],[72.19915125554348,40.65748146714602],[72.18554200433476,40.666100853892615],[72.17173218378358,40.667327095913805],[72.16250185880718,40.683335300978385],[72.14906215838123,40.678599768204634],[72.13971143119588,40.68693377277716],[72.12695840096859,40.68806643873397],[72.1188784989597,40.69526782578738],[72.10922007261019,40.69654312603308],[72.10742308303864,40.703543966164716],[72.08924328986497,40.70381148232135],[72.08575627886985,40.70035125769663],[72.0708316408558,40.6999989394522],[72.05924243726588,40.70062323767757],[72.05833285109034,40.704168185506674],[72.05085044969624,40.70501543014696],[72.0458339869839,40.71666705801463],[72.0184104931308,40.733687475029285],[72.0066205744291,40.749646583661765],[71.9934082743028,40.75035113780879],[71.98159169355849,40.76214542332839],[71.97083183768875,40.76250216336136],[71.97026557605255,40.77304346813219],[71.9629616019089,40.781239342435576],[71.96723337674398,40.792413791474985],[71.95733415651566,40.811891187705854],[71.93112359824369,40.81306835625173],[71.91862472579709,40.8172331609267],[71.91346550067232,40.821228552460894],[71.91165069648416,40.82831408568243],[71.89778738371373,40.8339012961685],[71.88971191092084,40.84109829221708],[71.87916614958196,40.8458338892185],[71.86424149182464,40.84618614090975],[71.84825562817349,40.85381121794594],[71.83161874213488,40.85452021748308],[71.82708387354047,40.85001652878544],[71.82291459288574,40.85415457059897],[71.81492388421519,40.84618616466117],[71.78924391165594,40.84548157423469],[71.78124874092445,40.83751317917988],[71.76909325361935,40.845481597367844],[71.7541685894466,40.84583385073994],[71.75331693572106,40.842516301434465],[71.74241439403787,40.83693350002185],[71.73137816366149,40.8410983293579],[71.68945811463922,40.842235342123786],[71.68541823163199,40.845365622949174],[71.67991124529159,40.84109827858413],[71.66445599946432,40.84223536148204],[71.65907830654231,40.84640015523742],[71.64362300041441,40.845267577036296],[71.61887504867825,40.83390127997576],[71.58507500531687,40.83297823634547],[71.58159248362948,40.829518005472956],[71.54369899814994,40.82435878820763],[71.53837490923623,40.82058196428337],[71.53678742033355,40.83616653101964],[71.53301061838033,40.83814188145818],[71.52713345867258,40.83397706998218],[71.48952984784171,40.83268840130105],[71.47467660679628,40.82852360656234],[71.46217772785312,40.83397713030285],[71.45630065250451,40.829807845009576],[71.44166587907579,40.829165737969824],[71.43507534305564,40.82951802291577],[71.43159277851915,40.83297827645695],[71.39778833021164,40.832764234878006],[71.38454927207145,40.824434624621716],[71.38248470575206,40.83248333662157],[71.37304474056357,40.836933505106906],[71.35833420442064,40.83749977994736],[71.35501663010665,40.836648121152706],[71.34898794469272,40.82559401763069],[71.26007349295311,40.820479419615076],[71.23575801659554,40.808685123695795],[71.2142428062315,40.807980558881354],[71.21075582020015,40.80452027256162],[71.19340989034737,40.80381131181579],[71.18992289877316,40.80035550333379],[71.11445710027296,40.79943245941025],[71.1020830958168,40.79213740413802],[71.0980431199426,40.795267681083395],[71.07841860163795,40.796400246134546],[71.05000071266774,40.78333506277994],[71.03785417938838,40.797577471229864],[71.0246462578799,40.82742218652822],[70.98806832432521,40.86445504746135],[70.9868375985421,40.878264878673846],[70.97596633387344,40.88372727959461],[70.97443237152076,40.88971138350133],[70.95739860442757,40.90763252905433],[70.94387858461121,40.91193113834767],[70.92279149545513,40.91306816033819],[70.91210301719428,40.928197873388264],[70.90501755535207,40.93001723214403],[70.89640254517452,40.95195602615441],[70.89526544546561,40.96741121540429],[70.89943473611324,40.972788902644865],[70.90056738002464,41.00074745492995],[70.88806849276642,41.02278881909033],[70.88298067952736,41.039925148172046],[70.87328659256333,41.04964149923206],[70.85590945863758,41.05868455713365],[70.83575878523912,41.078812948440884],[70.82257769299687,41.07952197642459],[70.81075664257473,41.09131186950934],[70.79757545513642,41.09202083767591],[70.79166718303156,41.0958333876935],[70.78749797430359,41.10833224490262],[70.7996401021376,41.11837855794222],[70.80381373630192,41.12674384563299],[70.80868760031433,41.160044401673936],[70.80451827542532,41.16424038342041],[70.80416605136674,41.17083546449531],[70.78834962146291,41.1758519260839],[70.78293629064137,41.18653144195899],[70.77916833504298,41.18749908000755],[70.78714564633874,41.19757669182112],[70.78785465732057,41.20588394878984],[70.77499910317322,41.22083534558971],[70.76666497220451,41.22083534987176],[70.77443280408878,41.24362138519792],[70.77556540155932,41.261283839448346],[70.76728926370365,41.26341081680992],[70.76666497220451,41.275000026022525],[70.77973462828245,41.280382160009644],[70.77853072122804,41.29909257395047],[70.77046860021798,41.301161571018845],[70.77859759495425,41.31028933942409],[70.77987735838607,41.3199478139891],[70.78333317362635,41.32083516450723],[70.77973462828245,41.33529156325947],[70.77859759495425,41.36471271496098],[70.77443280408878,41.37157971796466],[70.77973462828245,41.380176868683094],[70.76182241959785,41.399105742688874],[70.75501787909306,41.40084925837479],[70.74498039145072,41.41998325003499],[70.73834974494125,41.42168215705118],[70.7324815500468,41.4366468988215],[70.72142746269253,41.4426755880079],[70.72083432732856,41.46250073435584],[70.75833540908135,41.466665581651725],[70.75899537330142,41.47409893303391],[70.77429896467422,41.484261192388175],[70.77556540155932,41.493874987996584],[70.78276679409937,41.50195490526587],[70.78389946171559,41.51471242899845],[70.79225133559119,41.52408096710361],[70.83270873804419,41.54674208764597],[70.83418468113834,41.56164887970707],[70.84583192231054,41.56666540556734],[70.85659168906737,41.567022131947375],[70.86078774603104,41.57118690549807],[70.87742461309746,41.57047790516286],[70.88162065356084,41.56631314340555],[70.908335155136,41.574999469254905],[70.9089236901406,41.59898491710047],[70.91445749483967,41.60360010415127],[70.9241113906379,41.60487543109001],[70.92589951517407,41.611840504675136],[70.93970935932676,41.613066751767676],[70.94778926564581,41.620268265057746],[70.95833500090032,41.620834499550114],[70.96666461219677,41.616665256681586],[70.98992329427615,41.616312992964524],[71.00590918076587,41.60451866223451],[71.02721032121045,41.604732712632824],[71.03665017082352,41.60918287527749],[71.03838921257253,41.61595624512485],[71.04906878320692,41.61736984889909],[71.06193333981588,41.63112171530345],[71.06340930850725,41.63687842310852],[71.08554420880535,41.63806896692462],[71.09757489829646,41.64964480520446],[71.10833470121229,41.65000154747079],[71.10868694614061,41.65659207588346],[71.12083354047057,41.67083443288551],[71.12708521653808,41.67443737686678],[71.13796988415838,41.670214612615375],[71.15200717248608,41.67854867175146],[71.16466210913764,41.67978387743427],[71.16997283337177,41.68366324405621],[71.1716271734235,41.695038430455575],[71.18236022532204,41.696603553721964],[71.18333236615503,41.700001392395954],[71.19778873237561,41.69223369580927],[71.21054180857155,41.69110103803468],[71.22401270794936,41.67859771910437],[71.25637683398689,41.683899626678425],[71.27279078768412,41.69110106641395],[71.28554381594812,41.692233670353325],[71.29092147755202,41.6963984269486],[71.29925113248433,41.69110108842755],[71.32708481508892,41.69953319892371],[71.3367922731946,41.69494477678863],[71.33806757698169,41.68529086120008],[71.34583538162157,41.67499921504055],[71.36249902534364,41.67916849338098],[71.36285130913114,41.69409313963826],[71.37881490056323,41.71007451737144],[71.3875011820523,41.729168367762796],[71.39340946028126,41.73298092189811],[71.40659057596798,41.733685442399896],[71.41840722966677,41.741314954425306],[71.42916702095995,41.741667287920244],[71.4288148014488,41.764925936968325],[71.4253544619435,41.77325994485235],[71.4371488493477,41.7850766189168],[71.44131358125058,41.79341066649636],[71.44201817655419,41.81075655452204],[71.44999999029591,41.82083412703579],[71.4541647536272,41.82083412657926],[71.4541647536272,41.81250010424246],[71.47158202377571,41.80776451977721],[71.47695522580241,41.81193376199905],[71.48971272079022,41.81306638511353],[71.50748219184683,41.82168580648089],[71.50833392422409,41.824998911863034],[71.52742336127298,41.82464669682666],[71.53161935963738,41.8204819061051],[71.56908919719301,41.82118640945234],[71.5809102641695,41.828811452293756],[71.59485827528253,41.8298191951981],[71.6050161239041,41.84498461728093],[71.61249847266424,41.85000111264521],[71.61249847266424,41.854165945533225],[71.64166552849125,41.85416590024818],[71.64251719903064,41.8574834555241],[71.65195713440262,41.861933679036014],[71.68137820879397,41.86306629060251],[71.69075575861957,41.867431742791716],[71.69219606052683,41.87177493911519],[71.68803119825645,41.87691622772373],[71.68750054999208,41.88750211514071],[71.69340887477226,41.89131470521067],[71.71495527205641,41.892019203287106],[71.72048013769971,41.897575258794994],[71.72118913637061,41.92328200539451],[71.73507471885063,41.93714534464579],[71.74166525568296,41.93750201702813],[71.75097139196312,41.94934544908851],[71.77720881812209,41.95473201934882],[71.78664867941403,41.95918219912179],[71.78750042612661,41.96249975453827],[71.79804173558045,41.961933480062754],[71.80303146568471,41.95806745371075],[71.80538142601641,41.967235384446525],[71.82720865161009,41.961933499144585],[71.84166511135594,41.950000920155894],[71.85452065342476,41.964952261080626],[71.85381167785104,41.973259597527765],[71.84999914246079,41.97709890329351],[71.85590747596066,41.98298041446092],[71.86909302228827,41.98368497170042],[71.88507447600756,41.99547928830752],[71.89922765923048,41.9966030189419],[71.8999990420327,42.00416560740063],[71.91249794414702,42.01249968171661],[71.9121456030188,42.02742429572071],[71.90833314684885,42.03333261983123],[71.91165069648416,42.03418426081657],[71.91757685845181,42.049376458756385],[71.93971184646392,42.050566997477056],[71.9492988649793,42.05926230020865],[71.95416823761353,42.08333253315715],[71.96492352714854,42.08368476191895],[71.97325758894745,42.08785404996147],[71.97916591842716,42.09583137269962],[72.01492346503653,42.09547911235423],[72.02257532301795,42.08785400078199],[72.03992561035818,42.08714501729104],[72.0475774614956,42.079519968302726],[72.05833285109034,42.07916768385269],[72.05922019493342,42.07570743643994],[72.07291853354064,42.07130186521078],[72.09583387184512,42.07916769138078],[72.09668557399281,42.07585014993094],[72.10377103252077,42.07403077364504],[72.10923788153703,42.063137216796434],[72.12721259202891,42.061933275670924],[72.13258580644316,42.05776399173443],[72.13971143119588,42.05890109551593],[72.14790726513549,42.06620509269066],[72.15416778522084,42.06249955079162],[72.16466004147563,42.06311938163864],[72.17834502681956,42.07560484812954],[72.17978530439886,42.085495180545344],[72.19104906314104,42.10617201567255],[72.1922842167711,42.112967656596325],[72.18395019292204,42.13117416693639],[72.18271500335578,42.15463796188491],[72.1876155122949,42.16134000528536],[72.20339629255943,42.167636249118694],[72.2049614267314,42.17837379998708],[72.21465993381172,42.17978283393934],[72.22010010199708,42.18413490489802],[72.22443880564032,42.202082829013506],[72.22083134172375,42.216668550353575],[72.22742642081624,42.21702081372835],[72.23162242082472,42.22118560146422],[72.26492299464559,42.22048104700029],[72.28541695290481,42.20834788411655],[72.28995186919386,42.212851540560216],[72.2982591861866,42.21214697936806],[72.30208509049166,42.20834786333837],[72.30591103245845,42.21214698997641],[72.32325688084389,42.212147005904406],[72.33124767749591,42.204178608681815],[72.34583332589162,42.21249927074517],[72.34583332589162,42.208334482059726],[72.3499981892918,42.20833447713724],[72.35087658713405,42.199750674733096],[72.35801115081796,42.20481179298632],[72.37056794673485,42.203313554777324],[72.37626228650943,42.19164403777706],[72.39144546662698,42.18658295110679],[72.39647533226447,42.17948855247485],[72.39166844221296,42.166668606618956],[72.41078459788498,42.16631190265684],[72.42083538967678,42.15416530386135],[72.42745269532695,42.158686875736635],[72.44408960248434,42.15452205069085],[72.44757667575567,42.15797787653645],[72.45659292415729,42.15868681650294],[72.46494933383926,42.167020922840955],[72.4940895298778,42.16214714072292],[72.50245035651675,42.15381306544241],[72.52325648478158,42.15452201319546],[72.52745253540442,42.15868688133864],[72.53507757488129,42.15452202680766],[72.57083509888167,42.15416534523154],[72.57881245506935,42.16424289643075],[72.57952142921044,42.17254576287696],[72.57535220746249,42.17674173828056],[72.57464764405762,42.18575804426816],[72.55242354050863,42.20381296585577],[72.54340722273174,42.20452195185617],[72.53368637103979,42.214216051683955],[72.5333340783866,42.220833349443275],[72.54754527614126,42.22535487236128],[72.56421334783457,42.2163118054849],[72.56840937226987,42.22048105126415],[72.5815904927236,42.22118562486071],[72.59583289312252,42.23540125335408],[72.58749878864487,42.241666266425746],[72.58785552013882,42.25245280301532],[72.59340713002321,42.257982134099876],[72.60242342492879,42.25798213811504],[72.60624931039303,42.254182945076174],[72.61041857464988,42.25831654141817],[72.61424000996499,42.25452182151955],[72.6397104290634,42.253598803985504],[72.65739516961465,42.24109994106472],[72.66988067818936,42.242335102498274],[72.67585143803939,42.25331792011595],[72.68159030743077,42.2538128720122],[72.685077263682,42.25035260104988],[72.69825841416451,42.24964804873909],[72.70174099054151,42.24618782381951],[72.71909136358916,42.245478823311814],[72.7350772134013,42.23785374278431],[72.75242310848029,42.23714471178762],[72.78161684369594,42.2163117863654],[72.80242297268472,42.217020788360735],[72.80661900725025,42.221185602186694],[72.83749831855594,42.216668573132516],[72.85325229529505,42.21727496962544],[72.85416638981378,42.22083334718561],[72.85833124571023,42.22083331341744],[72.859325550419,42.21696285925263],[72.86183608404556,42.21752467270064],[72.86666524991622,42.23333216147246],[72.91998273702643,42.23418389009114],[72.92859776016877,42.24778861619029],[72.93418500335291,42.265816780991216],[72.94939945834402,42.271747359743415],[72.95000140212463,42.29166617577121],[72.95659195586457,42.29201840967219],[72.96041785141531,42.295817554721424],[72.96424377527306,42.2920184322688],[72.99166723962126,42.29166613666698],[72.99251890935162,42.28834856391444],[73.010288487949,42.27973362503599],[73.02721076304661,42.278600987913705],[73.05195434395304,42.26306552479764],[73.08575872520575,42.26214692519595],[73.09757532374941,42.2503525982416],[73.11249998790667,42.2500003212958],[73.11355679396866,42.246660431914115],[73.12708124727082,42.24231726717435],[73.1408063127745,42.24669169334089],[73.14233586087435,42.25627431520292],[73.14984047359094,42.26946428163283],[73.17100334743189,42.275666878596724],[73.17839214238032,42.27058355616385],[73.17916795362684,42.287501340066335],[73.1940925732009,42.28714459849549],[73.19828863337446,42.28297986349012],[73.22325957729063,42.28368882240468],[73.2274556315648,42.287853610228865],[73.24166678197057,42.28333212302095],[73.27841867311737,42.30056650995023],[73.28945496375891,42.2922324903955],[73.29911339053024,42.290957156593414],[73.3009193329943,42.28392517126236],[73.32499843608544,42.28333208992777],[73.32589473536385,42.28682805816438],[73.33824643207338,42.28806765599948],[73.34375338201602,42.283800271065445],[73.34934510840786,42.28846003532359],[73.35000059448876,42.304165051590964],[73.36249951837915,42.312499051047325],[73.36371677443466,42.307767946044656],[73.37425362869088,42.313065411348354],[73.40221219293667,42.31193275338675],[73.40758541176204,42.30776800106406],[73.43554405207097,42.30890060388894],[73.44092165090485,42.31306537248298],[73.4532154298589,42.31183024669254],[73.45923074429055,42.30066017236546],[73.47304504918979,42.29943392833825],[73.47695571446974,42.296401710627855],[73.4982567842997,42.29618765902311],[73.50174378669337,42.29964794911768],[73.51075568415692,42.30035249416826],[73.51666842565196,42.30833429671094],[73.52325896536891,42.30798201020787],[73.52745496193627,42.30381271066091],[73.5440918888095,42.3086865658249],[73.56041665375825,42.320819746191354],[73.56424257176431,42.317020605764235],[73.5951263629399,42.317555723008],[73.59653985993327,42.328279842229584],[73.60612248952599,42.33276568946765],[73.61908954417221,42.33297974507949],[73.62745036562193,42.32464566822681],[73.63575766726719,42.32535465600067],[73.64828324791415,42.33785354116666],[73.65590831510256,42.33368874126662],[73.67325873162117,42.3329797365413],[73.67745473990769,42.328814941377125],[73.69409161500252,42.32951946318025],[73.69791747165846,42.333318585516864],[73.71495576521369,42.32464567146863],[73.72325860260366,42.32535469744521],[73.73161937148498,42.33368873522897],[73.73958339201839,42.32918058020765],[73.74340928526291,42.3329797317139],[73.7774233261786,42.33368869570439],[73.79340916692318,42.34131379134799],[73.80242546779479,42.3420183384572],[73.80662147623968,42.346187583742626],[73.81492428355132,42.34547857164442],[73.81840687690314,42.34201831010886],[73.83575727230442,42.341313825764146],[73.83958311463721,42.337514605398866],[73.86495095377552,42.362851246819694],[73.88575712040054,42.36214672184633],[73.88995315003086,42.357981893723654],[73.90659005112731,42.358686420321725],[73.92291928969104,42.366654895919226],[73.93161902716093,42.35798193034567],[73.9482559514371,42.358686449634156],[73.95245188824254,42.36285122012448],[73.96492399932147,42.36214671715842],[73.96841100584359,42.35868645947129],[73.98750044426117,42.358334174431164],[73.99409104781266,42.358686424657044],[74.0066210702998,42.367020533027116],[74.0149239628385,42.36631148532891],[74.01911996793285,42.362146725861024],[74.05242499048221,42.36285128479728],[74.06841081085253,42.37048079852809],[74.1065896804003,42.36702051113697],[74.11424146142653,42.37464557490673],[74.13575664597721,42.37535453990826],[74.15174254816192,42.38714890480767],[74.17325770788496,42.38714889567126],[74.17674024639145,42.383688629060664],[74.18333525600684,42.38333187928223],[74.18750009309252,42.40000002458336],[74.18714778665354,42.43992235058531],[74.18368756970126,42.4434093798329],[74.18368756970126,42.45242570769924],[74.18750009309252,42.45833395918361],[74.21075871500183,42.46285548079097],[74.2166669980523,42.46666801551397],[74.2240201349505,42.4660125489103],[74.24109846055241,42.448042381874295],[74.24288212618067,42.4410995773339],[74.26887861483198,42.4422321338266],[74.27425184620316,42.44640141005156],[74.29925401642402,42.43693476193911],[74.31041513625438,42.441197679542704],[74.3144551635403,42.4380673983807],[74.33971143239512,42.436934737329764],[74.34362210261246,42.43390258939374],[74.38137734144071,42.433902551955185],[74.39362201805457,42.44109952001451],[74.4166666087999,42.44583508225926],[74.43507381296908,42.429519289832285],[74.4440901503925,42.42881470584827],[74.4475771434109,42.42535443478152],[74.47500063127853,42.42500223871508],[74.47535282310287,42.43159274905433],[74.48333463502951,42.44166585435874],[74.5065933087434,42.44201816052769],[74.51840996784816,42.44964762815823],[74.53575586253389,42.45035216238946],[74.54166862356114,42.45416473939534],[74.54223488346021,42.447788166361136],[74.55084987027537,42.43418350178234],[74.56457501838253,42.42546147825795],[74.56862390780913,42.42860070857869],[74.61054385742113,42.429733303095716],[74.61512337396277,42.43328275423076],[74.62859875465527,42.41887541047365],[74.62916508688336,42.41249888244897],[74.63507339837088,42.40868631775103],[74.64825898312272,42.40798179239775],[74.65174152314611,42.40452157993459],[74.69825888710565,42.40452155065618],[74.70587947268227,42.40868632565208],[74.72257432215855,42.400352268768096],[74.74754532254155,42.399647783132146],[74.76214437881804,42.410046352007974],[74.76250116047426,42.42083295085794],[74.78992464338228,42.42048070163201],[74.79340720673254,42.417020438500735],[74.8000022032274,42.41666817585465],[74.80066213483937,42.40923479894883],[74.80793941901166,42.40736643626964],[74.81193475161129,42.402211725001884],[74.82172688672496,42.37984486745921],[74.83945629501517,42.3630652553951],[74.84517285758295,42.361598227026434],[74.84639910353913,42.34778837059683],[74.85508545829387,42.33391615028858],[74.86445405486222,42.32556868098848],[74.87083502502132,42.324997977193696],[74.87021070681493,42.3134087197674],[74.86423999233064,42.31214677882033],[74.8565926290681,42.3045217591644],[74.82674344861717,42.303812752115725],[74.82291751613624,42.30001358851378],[74.81909158468599,42.30381276177225],[74.78578657231118,42.304521747637686],[74.76078885159701,42.29131392562986],[74.75659282627254,42.29547869169406],[74.7333341677785,42.295835411488085],[74.73271433459097,42.280157253803665],[74.72168251199449,42.27415083455794],[74.71991227360819,42.26724812136553],[74.71054368656281,42.25890068362886],[74.6967338535007,42.25766995627437],[74.69202057866195,42.24825679202148],[74.69166829254686,42.24583554226893],[74.69850415595863,42.24998697294479],[74.70918363534018,42.23001906471276],[74.71703164471717,42.22800355466761],[74.70833194547316,42.21666853161758],[74.7333341677785,42.2166685344178],[74.73470313286273,42.221453143305574],[74.77001920181682,42.220173368460756],[74.77169579372614,42.20866443560256],[74.77708239777174,42.20472708290376],[74.7819205067701,42.20825864594158],[74.7958329603414,42.19166635188608],[74.81054347881661,42.196401910212906],[74.8198942468164,42.20473597483445],[74.83137645104271,42.203598930602226],[74.84915042688776,42.1949839692104],[74.85089832467473,42.188161530721175],[74.86576501449602,42.18683715622006],[74.86783850803484,42.17877066920061],[74.88112214882395,42.19110007251661],[74.90416680062546,42.20000042684845],[74.90505415291517,42.196540125171666],[74.9157470520617,42.19513109943257],[74.92174006492112,42.183969971785075],[74.96565334801676,42.178547683363874],[74.97859813114752,42.164711083215806],[74.98333365784855,42.150000507064384],[74.99676890838782,42.14526494826211],[75.00908054818547,42.154736085451894],[75.02695702304871,42.14640201816347],[75.04461955438757,42.14526497125725],[75.05000163411555,42.15833453585175],[75.0700854368574,42.149434180473634],[75.09075783471958,42.15062926999808],[75.09679993907153,42.166271811891285],[75.1034216645301,42.17139977190431],[75.11054293182347,42.17026714393192],[75.1374981711852,42.1541653392275],[75.13298109688427,42.14754797913598],[75.13368563999668,42.13091109512987],[75.14201965904495,42.122550315658664],[75.14131515315064,42.105908931633735],[75.13714586399284,42.09757487931879],[75.12118672645268,42.07742415344549],[75.1208344719678,42.07083362001323],[75.11285713224432,42.0649565324339],[75.11788259488357,42.053599223571744],[75.15242280189136,42.058687032128084],[75.16840861197902,42.0663121291736],[75.19825788500803,42.06702111135484],[75.20174046062492,42.07048140893363],[75.24825780699746,42.071185874549144],[75.2524537758163,42.075355187639964],[75.26840842152056,42.06702113818133],[75.28575881373663,42.06631213730528],[75.28995483254903,42.06214732087873],[75.2982888637521,42.067021137715194],[75.30659174475323,42.066312118942534],[75.31666481588931,42.05833477424787],[75.31214777826837,42.05171301881115],[75.3128523117758,42.043410197875104],[75.31702161046141,42.03921416524744],[75.31631255828962,42.03090687359725],[75.31251339223365,42.02708538563288],[75.31666481588931,42.020833698213174],[75.32083409995354,42.0208337438216],[75.32026778011365,42.00612315431883],[75.31723559783045,42.00221251633906],[75.31606733883149,41.96341387365604],[75.31250004542619,41.96249980992087],[75.31340522327956,41.95897259167942],[75.33137545258772,41.95776424582508],[75.34778939169627,41.94640244034859],[75.35741214339325,41.94512715095376],[75.3634051185099,41.93397043445686],[75.3824276535743,41.932695109158594],[75.38423361760735,41.92566311611884],[75.39804347145164,41.92443241671035],[75.40612332984048,41.917235479613],[75.42024977356458,41.91158128569627],[75.42859722319174,41.902208309137336],[75.4291679409565,41.89166694198104],[75.43541519876474,41.89581839824409],[75.46078742907814,41.882980613915805],[75.4690903202213,41.88368518527899],[75.47291623146661,41.887484313280716],[75.47674213391171,41.883685169695376],[75.4899231673766,41.88298063797199],[75.49341020890314,41.87952039526814],[75.53992307486185,41.87464658767752],[75.55244876304266,41.862147739091434],[75.57499837072635,41.866664736986216],[75.58995418488153,41.857978467065834],[75.59825705492706,41.85868741444549],[75.60208301332528,41.86248659663195],[75.61007367966057,41.85451818031804],[75.62742404046664,41.85381363700304],[75.6559087563605,41.842019349006534],[75.66492505615834,41.841314794861],[75.66912111554461,41.83714549918634],[75.6774239322817,41.837854532129505],[75.681267701241,41.841667032876565],[75.69340981020571,41.82952045883067],[75.7149250210244,41.8246467044262],[75.71840752591018,41.82118642181692],[75.72499809971262,41.82083416464144],[75.75517283913616,41.853537181056176],[75.77304490427858,41.854732202215644],[75.77708481614994,41.857862488940036],[75.79241522040826,41.85359964352513],[75.8007448170189,41.85890148674087],[75.80612252324661,41.85473223647838],[75.82991186554874,41.853599641837754],[75.83653357543098,41.858727589206914],[75.83840639882776,41.866027145666415],[75.8574289224539,41.867302462316594],[75.85833412757223,41.87083404186575],[75.86887542706842,41.87140037407117],[75.8742531249709,41.875565168945855],[75.89076069045501,41.87435672482219],[75.89263350522032,41.86706160957553],[75.89925529357102,41.861933632172224],[75.90625163197305,41.866196549946984],[75.92291529751216,41.85880336407711],[75.92916697378595,41.86249999865868],[75.9392400435153,41.850353401848],[75.94409154040599,41.849648876303206],[75.95174343159597,41.84201931241894],[75.99166570993462,41.83749781071319],[75.99683385294158,41.83285140284402],[76.00322373387634,41.83802842797506],[76.01891525554093,41.83697165663719],[76.02406113210327,41.83280239079496],[76.03558342906,41.83386359656678],[76.04072478957667,41.838028406299564],[76.06249856750833,41.82916818280916],[76.06335021703028,41.83248132899652],[76.06998088192587,41.83418467260862],[76.07180021360722,41.84127019808684],[76.07695491487324,41.84526551468859],[76.1107594008538,41.84618860227385],[76.11840675820679,41.85381364614789],[76.15659005081699,41.854518191416176],[76.16249837834857,41.85833520237485],[76.16766646127255,41.853684352053705],[76.1729148354275,41.8579383165111],[76.17916650109663,41.85416593712701],[76.1892440207964,41.86214774034694],[76.20242513426209,41.86285223501599],[76.20662112596546,41.86702147153876],[76.21492403134926,41.86631254727998],[76.21911998763076,41.86214767148636],[76.22742282973978,41.862852216995805],[76.23090987589663,41.86631247818922],[76.24583451756428,41.86666481816537],[76.26424164551997,41.85868746685704],[76.28159199500504,41.85797842452245],[76.28507453810076,41.85451819839654],[76.2916651032593,41.854165939748015],[76.30089993601807,41.838162200732086],[76.31570861731302,41.83684228277307],[76.32175510653326,41.82558310911739],[76.33112372282098,41.817235636173315],[76.34804603622021,41.816098545723335],[76.36581548294414,41.80748358060127],[76.36666716004004,41.80416598755765],[76.37257549090428,41.807978525056974],[76.41909285035939,41.80868754860209],[76.43090947663588,41.81631264610289],[76.45171116072899,41.817021588980424],[76.46004965207612,41.8121478381553],[76.49130797329843,41.843379348520486],[76.49583397954484,41.854165915862325],[76.51492343656055,41.85381363808113],[76.5191193905741,41.849648874064634],[76.55242440989237,41.85035334971896],[76.55662046711652,41.85451819185042],[76.5649232793406,41.853813654872944],[76.56841028642292,41.850353354802586],[76.60748091003612,41.850852773647716],[76.6091843526447,41.857483474041864],[76.62381461617586,41.867012556355114],[76.62556702532379,41.87157868927119],[76.62026521090547,41.88010449450962],[76.63001726588614,41.89498454238966],[76.64915128999381,41.905017513942354],[76.65360141076275,41.9144573917549],[76.6547340749865,41.93211996209087],[76.64999846146027,41.93333277190188],[76.64999846146027,41.93750202502332],[76.66909238125261,41.93714534303398],[76.67257486839308,41.93368507876721],[76.71075821894733,41.933685079250324],[76.71998409026413,41.93834925299441],[76.7208313159009,41.941666832504744],[76.7424133432019,41.932766498097976],[76.74791592302225,41.937029386187014],[76.75195583206646,41.93389911909215],[76.77795235381345,41.9327664973467],[76.77916524675958,41.93750205622232],[76.78507354059208,41.941314558922265],[76.79408989976596,41.94131462385099],[76.79757684750554,41.93785432725713],[76.814922814571,41.93714532882014],[76.82257459296521,41.92952027829713],[76.83159087624387,41.928811244852106],[76.8399517421023,41.920481694751174],[76.8815908505095,41.921186214916325],[76.88541671808373,41.924985327983016],[76.88924264281717,41.92118621264747],[76.93159069433905,41.92048164565754],[76.93749900885012,41.91666469691224],[76.95416711997918,41.92499872591929],[76.9553800424101,41.920267614869815],[76.97721181569403,41.92140023084394],[76.98258503552698,41.92556951259955],[76.99804469440713,41.924432442061494],[77.00341787265653,41.92026761794045],[77.01666591540801,41.929168018830666],[77.02745694978177,41.924642032691764],[77.03333399328329,41.91666467421456],[77.06492225659177,41.91631243048272],[77.06874816890611,41.912513261394245],[77.0729174493026,41.91665127459608],[77.0767433710086,41.91285214081138],[77.09754953532163,41.91214759747322],[77.11007519180846,41.92464647194845],[77.12254721586666,41.92535546820213],[77.12674324577786,41.921186217080795],[77.13921537487848,41.920481652038994],[77.14757618610065,41.92881123546247],[77.17742544493412,41.929520257361176],[77.18749850703168,41.94166685304248],[77.19825828958254,41.94131456157679],[77.20174085089918,41.937854329770076],[77.22083473067732,41.93750206789677],[77.22173997230199,41.94102922160008],[77.26492630958461,41.946188404209664],[77.26912238746435,41.95035320576333],[77.32083452849528,41.945831686179915],[77.33333339879334,41.95416572100452],[77.34508761115288,41.94110056409999],[77.36576001889422,41.94229556556554],[77.3676328225909,41.94960407406259],[77.39067747474462,41.96723533441553],[77.39925232728261,41.96193344843914],[77.42721083570862,41.9630660938183],[77.43529073328766,41.970267551651936],[77.4625002072923,41.970833807007274],[77.46309772398835,41.95091503885533],[77.47021892744816,41.949086777417584],[77.47144958903392,41.92174361028619],[77.48665067021946,41.915817467555726],[77.48806870233153,41.91028813301833],[77.51193377462728,41.885544633209534],[77.51320467322329,41.87593525138427],[77.52695650824019,41.86306630133545],[77.55659168214129,41.867021511268426],[77.56007424858312,41.8704817567133],[77.58575865174213,41.87118627966091],[77.58924119536312,41.87464655778721],[77.60242235172628,41.87535113879565],[77.60661838169192,41.879520372118684],[77.63158928611074,41.8788113508226],[77.6350763571007,41.875351074632775],[77.64583170197092,41.87499885603902],[77.65416574960058,41.88333290445136],[77.68233830561024,41.87847244097832],[77.68432262761745,41.871534115401445],[77.7004690829727,41.87021425644853],[77.70717556376417,41.875114751432505],[77.71678045427937,41.89884165017401],[77.72843206626911,41.904968445417715],[77.72978313547793,41.91882730826149],[77.73426012133982,41.928240503357216],[77.75342981669262,41.93413544320451],[77.75416557565607,41.9416668383375],[77.76075610609935,41.94131459016951],[77.7767420141488,41.929520276384224],[77.78575825846707,41.92881128097886],[77.7895842202174,41.9250120997229],[77.80208300214488,41.937484238717374],[77.83575821313104,41.92048165907999],[77.84583130121622,41.91249985368056],[77.84618801200837,41.90588259575593],[77.86078267237855,41.89131465467705],[77.86908991935601,41.892019214296276],[77.87257693810048,41.89547949229941],[77.8958311731925,41.89583177606959],[77.89547889706851,41.906591584287156],[77.88368457602652,41.92674222250865],[77.88298003136215,41.93575856965578],[77.86286061176513,41.95170878655979],[77.86214712319607,41.95588248620552],[77.87048121663156,41.96424331266383],[77.87499827533536,41.97916786385071],[77.89778872644877,41.991100443153876],[77.91054178224384,41.992233074229006],[77.91862162630557,41.999434515226106],[77.9325875342615,42.00473191667929],[77.94076553741145,42.003429888628446],[77.9509010886521,41.98816191562131],[77.96171890233357,41.988491893288064],[77.96331963876169,41.99925167400163],[77.97714734468448,42.00062958566304],[77.99162162748951,42.00954328771946],[78.00140936169245,42.02979655593709],[78.03667633850117,42.028489999055076],[78.04261142762299,42.01760984129353],[78.04905478429662,42.01571917395422],[78.05896291857745,41.99622843478352],[78.0535361789682,41.9878943823175],[78.05510577206837,41.974369876982884],[78.08548117727808,41.97979664629051],[78.09785074929994,41.99103801030816],[78.10416484286024,41.99166677000243],[78.103317618576,41.994984313106855],[78.09653975552668,41.9967188899434],[78.09212970918932,42.01042617956398],[78.09943370293759,42.01862203842427],[78.10000002003277,42.024998570699765],[78.11075982019676,42.025355299019786],[78.11424242139196,42.02881550674334],[78.13132526700751,42.03271723356434],[78.14073838601594,42.028240306232476],[78.14938010286272,42.01466236385851],[78.15354942498692,42.006328253321634],[78.15484249125907,41.98001509286614],[78.16574058920195,41.9740756021547],[78.1716355192887,41.954901488036086],[78.19583505301979,41.95000092383765],[78.2041646454718,41.93750206541794],[78.23137855472838,41.93806839863716],[78.24374809226344,41.94536345229868],[78.25612207805885,41.93806834037211],[78.26471035205219,41.93693131090609],[78.27695500319179,41.925569517230706],[78.288437185044,41.92443243547862],[78.29778793814351,41.93276652509978],[78.31160221227792,41.933992771577365],[78.31249848362158,41.93750203847582],[78.32916664374154,41.9375020934591],[78.32982655471221,41.930064292613],[78.3366490358866,41.928316288546185],[78.34119730974243,41.91875155656782],[78.33276514397832,41.90491495613636],[78.3410991895215,41.89387867371764],[78.34223182117552,41.87279155200489],[78.35359800182597,41.86054240849306],[78.35381210369155,41.84754864566694],[78.34825607759052,41.84201932116897],[78.31758629899346,41.841078469962376],[78.31578037411167,41.834041987195974],[78.30612201238202,41.83276665789209],[78.29387731312583,41.8214004647932],[78.2916656257667,41.82083414970965],[78.29052853313483,41.82526644870252],[78.28333152353285,41.820834102972384],[78.2827652356328,41.81445760693781],[78.27129198713006,41.80209252318785],[78.27556821131765,41.79362467137527],[78.29526412198945,41.773045988565585],[78.30090038381184,41.75482605231513],[78.30833373989503,41.75416611143801],[78.30833373989503,41.75000131802998],[78.30195718691797,41.749430579870214],[78.28971251882993,41.73806877564098],[78.27168438350876,41.732481513019984],[78.2657046970174,41.721489805181335],[78.2519572541309,41.72026799450524],[78.23971262943732,41.70890175527615],[78.2269550946453,41.70776467886063],[78.19925520618334,41.69110104376553],[78.19374816068633,41.695363932218996],[78.15221163060454,41.67140075727022],[78.12695529609964,41.666098863623496],[78.1083341149573,41.658331151630996],[78.10477125461969,41.65217312779145],[78.10356286611456,41.62699256128646],[78.0993935810804,41.62137408190469],[78.10082055219591,41.6132718674699],[78.1117096713959,41.61172462865549],[78.12030232783789,41.602092943172664],[78.1160617349046,41.59637192724876],[78.12083294476717,41.579168727980914],[78.12048070870199,41.57257366006436],[78.1166815666063,41.568747799678874],[78.12535448002726,41.56004806546048],[78.12464107454319,41.55587882618899],[78.11492465673257,41.54618475952995],[78.1083341149573,41.54583244136405],[78.10767411583632,41.53839910028145],[78.10085170931715,41.536651167228264],[78.09109969436464,41.521771138206766],[78.09526451725658,41.510543137644014],[78.09583520828859,41.4916677440671],[78.07499782571726,41.47499964334295],[78.07047632744259,41.45587903533398],[78.06492471840029,41.45035421805788],[78.0392403031923,41.44964518258547],[78.03159298814263,41.44202009503798],[78.02695547919231,41.44223413920984],[78.01346672273847,41.4503943302467],[78.01164740390097,41.45748425192173],[77.99263378139892,41.467062458574446],[77.9907788265604,41.47429067060353],[77.98112482728257,41.475565943233775],[77.94804279030362,41.495266271447846],[77.93750148783323,41.49583256178084],[77.93243594996385,41.48399365435773],[77.9249981222347,41.48333372639349],[77.91054178224384,41.46723189055641],[77.90091899463506,41.46596101429983],[77.89498396462973,41.4550183804362],[77.88814370888198,41.45326155512099],[77.8755689994596,41.439710283776115],[77.87403063646786,41.429561423688654],[77.86741330934731,41.4244334582261],[77.85491445897317,41.429735297967376],[77.82591245346698,41.428558087995484],[77.82415115713118,41.42168213209336],[77.80637711569862,41.41306720560865],[77.79256728554819,41.411840930128605],[77.79081488190822,41.40501846727055],[77.76751612798213,41.39498109752107],[77.76569680403941,41.38789556516851],[77.7605420359235,41.38390018263271],[77.75221244661468,41.37973540277488],[77.73945496968965,41.37859834196599],[77.73137503738631,41.37140130797359],[77.7217211020341,41.370126026164385],[77.71986617959655,41.362897808674276],[77.71249972135313,41.358331695624614],[77.71702570143613,41.347545131969255],[77.73333263763556,41.33749882057511],[77.73410407128588,41.334221337709764],[77.73850072160688,41.33285241545873],[77.74489065663796,41.33802946401468],[77.76249964512027,41.32499994302839],[77.76214737754552,41.318409409061545],[77.75797805068682,41.31421340119361],[77.76249964512027,41.30416702875937],[77.74362420755197,41.304733354291045],[77.73258792051126,41.308902581821556],[77.72721031738122,41.30473335997627],[77.70195841811763,41.30360070606351],[77.6967992063924,41.29960533783034],[77.69492639769416,41.29230580928237],[77.67695618005324,41.291097389715326],[77.67083382066144,41.28333410833644],[77.6350763571007,41.283686341601815],[77.62291632751447,41.29581960446184],[77.61909049614997,41.29202041438678],[77.57328206674032,41.28714664368414],[77.56250003455995,41.295832947725316],[77.56164835660257,41.2925153995454],[77.5522083663269,41.28806517550045],[77.52279173555742,41.282767802522685],[77.5117554539527,41.274433768984416],[77.50624846277934,41.27869661161642],[77.47721076507517,41.267232287386875],[77.4617555392187,41.26609964718315],[77.45538351445504,41.271035902464405],[77.45071476702905,41.26998796596572],[77.44929233317977,41.25921929393392],[77.43554490914242,41.25056859954704],[77.39804392826292,41.23806533100518],[77.34757577388524,41.23785126290174],[77.33541581474869,41.24581970475653],[77.3315899175176,41.24202048988078],[77.31007472981895,41.241311533002644],[77.30659221782443,41.23785123820974],[77.28333348691578,41.23749902683747],[77.28298122438191,41.244089523945476],[77.27535173681822,41.251741399438025],[77.27083462125599,41.26250114574702],[77.2607570897271,41.254519347747014],[77.24757599185983,41.25381488130518],[77.23541599550985,41.245846465991484],[77.23159007891331,41.24964555803557],[77.1850772349719,41.24964558170461],[77.17742544493412,41.24202049941038],[77.16078851831799,41.24131156638703],[77.14825843361024,41.24964559517011],[77.13995560324626,41.2503545551068],[77.12742552456486,41.24202052560677],[77.11666566117262,41.24166827068987],[77.1107573900387,41.233686479155864],[77.08507745705218,41.23298191938786],[77.07083506676618,41.225000123156505],[77.05195523452325,41.22556647889988],[77.0458462165714,41.230663176771664],[77.0495294615295,41.23541658461616],[77.04492769375585,41.245195431320525],[77.02695746743603,41.246399337293646],[77.02291760309085,41.24952965610682],[77.01873939110868,41.24629680522745],[77.01054351619786,41.25360077760883],[77.00323060676556,41.25473342324183],[76.99387546881263,41.2463993825745],[76.96445429270862,41.24526676358366],[76.94387556418143,41.23806533396196],[76.93038228424018,41.23693270910992],[76.92500017305966,41.24999782398905],[76.91363838415333,41.25443017041794],[76.91168975936942,41.24684079619968],[76.907587415342,41.24526675630286],[76.89508852410944,41.250568589307704],[76.88112261471261,41.245266725186404],[76.86740198039955,41.232429022252724],[76.86609986163528,41.224255463600095],[76.87036281770284,41.218748515206705],[76.86577883855693,41.20904099187551],[76.85612488302272,41.20776567527341],[76.85074718073776,41.20360090047137],[76.84254692511274,41.20490739392257],[76.84045110764987,41.21306758957503],[76.81445459067277,41.21193052747759],[76.78958171358988,41.200015755653176],[76.77742623791873,41.2121445543895],[76.76424065978225,41.21214454345731],[76.75833235023066,41.20833205297073],[76.74828594669705,41.212853535723205],[76.74408996219012,41.20868871677404],[76.7217409827395,41.20895632351948],[76.71565873795777,41.2202378446227],[76.68532795620365,41.22143734961444],[76.6645753058323,41.22863431308267],[76.65633933360824,41.221437324596806],[76.62699398563294,41.21605962692227],[76.62154943234296,41.2116629716773],[76.62011800369604,41.19666253611035],[76.61195787498595,41.19522669894735],[76.60416784616062,41.19999796735948],[76.60381115397901,41.17257446987251],[76.59964635088998,41.16837845785253],[76.60380665785273,41.15587518177293],[76.59409024784553,41.14618550536183],[76.5892120162393,41.145476535419554],[76.57916568958821,41.1333343848534],[76.56007621583001,41.13368665008572],[76.54409036196276,41.1413117197109],[76.52674000557282,41.1420207481554],[76.51078530903376,41.16214466440186],[76.4999987892568,41.16250136464128],[76.4996464845169,41.1558795953737],[76.48992565478049,41.146185516202436],[76.47695412065185,41.14639957287171],[76.47179938532258,41.150394923943864],[76.4699533664342,41.157600795060546],[76.46156131941144,41.158898410700395],[76.45221055319107,41.1505687881292],[76.44487534670685,41.149431716352375],[76.43398625737915,41.15930418539545],[76.43219814227932,41.171098538776555],[76.41342084068707,41.15775241513529],[76.40776677397484,41.14362154812025],[76.40056531979887,41.135541641484664],[76.39933903511336,41.12173184159827],[76.36445550847394,41.111930722202814],[76.34241416237433,41.09943185414081],[76.33112372282098,41.10056891334959],[76.32574601316678,41.10473368533145],[76.31755910054868,41.1034316907184],[76.30416840348708,41.087499258654],[76.28090981032281,41.08714700634023],[76.27708389071118,41.08334784207745],[76.25658980347006,41.09964586035328],[76.23924390416444,41.104519694911254],[76.23333115411518,41.11250144985008],[76.22304402345142,41.10473373575299],[76.18945804032998,41.095267022702785],[76.18008499393062,41.08691511140741],[76.17825684653843,41.07978061830667],[76.15195700906007,41.078598924566464],[76.14790812100577,41.075459733305365],[76.13750062779418,41.08333453257289],[76.12951883721573,41.06909216161982],[76.12916652208152,41.06250156246641],[76.12257597322149,41.06214487129412],[76.11908896832175,41.058684549009875],[76.10590790655469,41.05798002838504],[76.10242534339851,41.054519793578734],[76.06424204891468,41.05381524951662],[76.05659025321044,41.04618575439434],[76.0375007820152,41.04166864919323],[76.02916679647055,41.025000573298804],[76.02257622789071,41.02535281028209],[76.01492442416539,41.03297790653595],[75.98924439692296,41.03368684575995],[75.97742338414027,41.04131194801319],[75.95918566348563,41.04081698594266],[75.9480423219437,41.02973613608307],[75.93429942219053,41.024603698898716],[75.93248448885036,41.017518171995206],[75.9258493802117,41.01581481738979],[75.92500220369419,41.01250171420295],[75.91908936992047,41.01631421298917],[75.9041648017027,41.01666645509583],[75.90325962457312,41.013139343292615],[75.88528940468736,41.011930934360116],[75.86471064651215,40.99639982370211],[75.83945429316682,40.99526723740538],[75.83554364578416,40.992235063521],[75.81666831898085,40.99166878032177],[75.81575868051408,40.99520930516337],[75.80416493712181,40.99583357240734],[75.80331774114369,40.99251595088808],[75.79668260294905,40.99081705332381],[75.79486776589569,40.98373155996237],[75.78159302639273,40.97535292492167],[75.75590862983896,40.97464835745487],[75.74409196495509,40.96285405323839],[75.70833443160517,40.95833254276242],[75.7079822115766,40.95174193294515],[75.70001376985685,40.94375125722238],[75.7045219081685,40.9392118938172],[75.70381292268469,40.935073826147466],[75.69618789238254,40.92742648439678],[75.69583111655024,40.92083151067614],[75.67841832474856,40.91610037943229],[75.67197049668528,40.921098990260795],[75.67026708831187,40.914454986561836],[75.65732674754479,40.900622790561286],[75.63675249636634,40.89943225391577],[75.6284184186198,40.90473414552414],[75.61445699442736,40.89943224024209],[75.60242634206494,40.8878519593084],[75.58112076998339,40.88693337207484],[75.55947624168124,40.866211964110036],[75.55776397578568,40.86175282368114],[75.56204029503456,40.8562414249992],[75.55331376846505,40.842516297232436],[75.52172105188117,40.83262598891757],[75.51998204860367,40.825852629465416],[75.5133513290462,40.82414926586986],[75.51249959771194,40.82083169522468],[75.50174426025939,40.820479379061794],[75.48575844751349,40.80868506163496],[75.47499860680597,40.80833284299198],[75.47499860680597,40.804168018824754],[75.46424323767215,40.8038113022716],[75.44409261249065,40.787852181481846],[75.40245347708674,40.78297838465143],[75.39825743407562,40.787147588469345],[75.39251857801986,40.78664820469641],[75.39077959025889,40.77987482431046],[75.38112114892341,40.77859954597266],[75.36471168637091,40.7630684598056],[75.3436245781103,40.76193143983592],[75.31312431885873,40.753258443272976],[75.31250004542619,40.741664799013044],[75.30590951714964,40.741312519643635],[75.30242242990411,40.73785226484307],[75.29411959081494,40.737147750087054],[75.27742472791171,40.749646621117414],[75.26450669561281,40.74938352240771],[75.25079500287266,40.7450403137294],[75.24922985621374,40.7343072987436],[75.23549580264664,40.725616467204375],[75.20000136408335,40.725001117380565],[75.19618883628635,40.71007649835666],[75.20451846934694,40.70171571691843],[75.20000136408335,40.683335319743456],[75.18507680348226,40.67464448069332],[75.17916845633601,40.66666716274252],[75.16592048553902,40.671402743387134],[75.1300158169334,40.65748146218211],[75.11581801216296,40.621683741340334],[75.09999714484144,40.610928428874544],[75.10776486664639,40.60221089222282],[75.10890190046071,40.5909204293772],[75.10473264750327,40.58554273949871],[75.10350639673258,40.57173291512818],[75.09228731701201,40.56567746593412],[75.09644763037537,40.52174635083844],[75.12460241393515,40.50736577347717],[75.1300158169334,40.49668624619007],[75.14960458920703,40.48653288833522],[75.1535999518959,40.48137814489085],[75.15416625624444,40.458333525800825],[75.14362498363832,40.45889979616937],[75.13675347035316,40.46306908000772],[75.12278754126193,40.457767239664314],[75.1051340302957,40.44543779732454],[75.10331465776176,40.43835231490675],[75.10000159983898,40.437500584113195],[75.09256826255208,40.43816051641118],[75.08575922533866,40.44547795866905],[75.08162117713535,40.446186939429985],[75.0770818360393,40.44168325109008],[75.06492629807481,40.449647162078634],[75.05174068855784,40.44618694496794],[75.04583244326653,40.45416873169439],[75.03529110870655,40.45473502349015],[75.01592075363055,40.467233843496054],[74.9909185574509,40.4535979187882],[74.93971029104334,40.47860012213067],[74.93112206979994,40.47973277281735],[74.92175344472345,40.488084641311254],[74.91998319815309,40.49498287161064],[74.91335249715044,40.49668622224045],[74.91250087136041,40.499999372192875],[74.8977902475501,40.50056562079217],[74.88835030262784,40.50501586807928],[74.88749863608395,40.50833338261805],[74.86840920939596,40.51285496889582],[74.86492224318164,40.51631523817367],[74.84757634821112,40.5170197110611],[74.84081635809694,40.52414984787008],[74.83507742282289,40.5246447840302],[74.82499993678175,40.51666750336383],[74.8160504837574,40.50046755722054],[74.82027321838054,40.489582922288086],[74.8130628816935,40.472914752317415],[74.81610394806361,40.46874994168009],[74.81168500708614,40.45482423267372],[74.79166807660441,40.454168689296395],[74.79223439835432,40.44778773430885],[74.80096982828692,40.433728171597615],[74.81054347881661,40.428600261556184],[74.85195515715218,40.392231764350505],[74.85775195437836,40.39074694772358],[74.86757091301646,40.37564393689153],[74.88112214882395,40.36306929414925],[74.89639898447287,40.35711636300803],[74.89513706876471,40.34672217784214],[74.88418551664208,40.340813874703855],[74.88244653713092,40.33404055698798],[74.87278808979737,40.33276519404279],[74.86471264274338,40.32556823065242],[74.85174116763822,40.32535419561658],[74.81075752154288,40.34964741303988],[74.78995579859567,40.35452118329631],[74.78575979065673,40.35035192443189],[74.75661961259544,40.349647404801246],[74.7482855562545,40.35452120739763],[74.73541654411008,40.34167893792447],[74.71909180620382,40.34964739574408],[74.70661971076012,40.35035192132481],[74.70242367552002,40.346187094173175],[74.69583315366641,40.34583489160718],[74.70035464709274,40.339213068224595],[74.69964564288797,40.322576173037966],[74.68298202895183,40.297547265737535],[74.68368654719406,40.289244398475745],[74.68785133633244,40.28504841402336],[74.68368654719406,40.27742333522187],[74.68333424377508,40.26666796385986],[74.6759009536512,40.267327893723504],[74.6741217502578,40.274261808650515],[74.66592146976281,40.27556836031218],[74.66054382453004,40.271399119985865],[74.64489681145128,40.270266448559646],[74.63554160120115,40.27860050626299],[74.59779087956012,40.279733149095904],[74.59373757943588,40.28287679887872],[74.57304284217494,40.263069495679346],[74.56346919101485,40.25793706356456],[74.54943187354867,40.23528928053564],[74.5240150346264,40.20898503560796],[74.49779103090324,40.203598421829724],[74.48710263972342,40.188468711818174],[74.48112292689953,40.18693481280944],[74.45833251306628,40.16666814570291],[74.45767251386908,40.15923487458855],[74.4267442397168,40.14547855101885],[74.41470913032643,40.13390269924427],[74.40612084146004,40.1327656233791],[74.3730432875703,40.10890053053955],[74.36029023086104,40.10359865011735],[74.34681929476253,40.09109981232553],[74.31841033196174,40.10035245277169],[74.30658923717394,40.11214675895063],[74.30245566430536,40.112851317285006],[74.28992564080951,40.10452165063954],[74.27500098090583,40.104164922182605],[74.25833287928008,40.133331915062136],[74.24804577518543,40.125568639029034],[74.23838728779384,40.12429334800341],[74.23749991291379,40.120833089414326],[74.22674011746686,40.1211853384028],[74.21495472875615,40.12951943410352],[74.19825985165326,40.1211853426905],[74.18507433367077,40.1204808228516],[74.17291881196542,40.112512395336616],[74.16909290912753,40.1163115309141],[74.16078560805765,40.11702057489528],[74.14825998929956,40.10452171569289],[74.13995265452581,40.10381269129647],[74.12708370031037,40.11248566723544],[74.1086899051716,40.0941185708354],[74.10833314821672,40.08750129295841],[74.09340852239589,40.087144583312],[74.08575678974802,40.07951952930087],[74.06911981433586,40.07881494002416],[74.04583442929076,40.10000017250747],[74.03333558013763,40.09583532927043],[74.02065390754046,40.11541524768482],[74.01591828092941,40.11723455565207],[74.00758871211826,40.111932735774964],[74.00208173192833,40.11620005634787],[73.99804173247144,40.11306533519761],[73.97425246575052,40.11193269112053],[73.96887922955136,40.11609753648661],[73.95506494138539,40.11732818079164],[73.94960255724413,40.12819953103704],[73.94583465634595,40.12916715155393],[73.94583465634595,40.145835247231325],[73.93924410646501,40.14618756201651],[73.92742299780821,40.15798187871794],[73.92083245008747,40.1583341064236],[73.92147454316708,40.164634816691674],[73.92856900119133,40.17291540134664],[73.92068524739358,40.18212341423223],[73.9091540235721,40.18779094057943],[73.90755326043474,40.20350035345696],[73.87500183239067,40.204164789200306],[73.87443100702488,40.197788200660625]]]}}]}
