{"type":"FeatureCollection","features":[{"type":"Feature","geometry":{"type":"Point","coordinates":[70.519596,42.09457]},"properties":{"glacier_key":"172, 2015","name":"Аютор-2","name_en":"Ayutor-2","morphology":"кар.-дол.","catalogue_number":"172","number_1980":"196","country":"Kz","perimeter_m":"19003.1","length_m":"","aspect":"","elevation_min_m":"3152.4","elevation_max_m":"3881.0","elevation_range_m":"728.6","source_file":"Пскем_2023.xls"}},{"type":"Feature","geometry":{"type":"Point","coordinates":[70.551915,42.106657]},"properties":{"glacier_key":"173, 2015","name":"Аютор-1а","name_en":"","morphology":"кар.","catalogue_number":"","number_1980":"","country":"","perimeter_m":"3758.2","length_m":"","aspect":"","elevation_min_m":"3285.0","elevation_max_m":"3662.0","elevation_range_m":"377.0","source_file":"Пскем_2023.xls"}},{"type":"Feature","geometry":{"type":"Point","coordinates":[70.563676,42.099747]},"properties":{"glacier_key":"174, 2015","name":"Аютор-1","name_en":"","morphology":"кар.","catalogue_number":"","number_1980":"","country":"","perimeter_m":"6410.9","length_m":"","aspect":"","elevation_min_m":"3342.6","elevation_max_m":"3719.7","elevation_range_m":"377.0","source_file":"Пскем_2023.xls"}},{"type":"Feature","geometry":{"type":"Point","coordinates":[70.573204,42.116975]},"properties":{"glacier_key":"175, 2015","name":"Аютор-8","name_en":"","morphology":"кар.","catalogue_number":"","number_1980":"","country":"","perimeter_m":"1299.3","length_m":"","aspect":"","elevation_min_m":"3405.4","elevation_max_m":"3667.0","elevation_range_m":"261.6","source_file":"Пскем_2023.xls"}},{"type":"Feature","geometry":{"type":"Point","coordinates":[70.580539,42.114184]},"properties":{"glacier_key":"176, 2015","name":"Аютор-9","name_en":"","morphology":"кар.","catalogue_number":"","number_1980":"","country":"","perimeter_m":"3404.4","length_m":"","aspect":"","elevation_min_m":"3364.0","elevation_max_m":"3733.0","elevation_range_m":"369.0","source_file":"Пскем_2023.xls"}},{"type":"Feature","geometry":{"type":"Point","coordinates":[70.589566,42.118058]},"properties":{"glacier_key":"177, 2015","name":"Аютор-10","name_en":"","morphology":"кар.","catalogue_number":"","number_1980":"","country":"","perimeter_m":"1474.1","length_m":"","aspect":"","elevation_min_m":"3395.7","elevation_max_m":"3629.0","elevation_range_m":"233.3","source_file":"Пскем_2023.xls"}},{"type":"Feature","geometry":{"type":"Point","coordinates":[70.600162,42.11749]},"properties":{"glacier_key":"178, 2015","name":"№178","name_en":"","morphology":"кар.-вис.","catalogue_number":"","number_1980":"","country":"","perimeter_m":"1945.1","length_m":"","aspect":"","elevation_min_m":"3244.0","elevation_max_m":"3617.0","elevation_range_m":"373.0","source_file":"Пскем_2023.xls"}},{"type":"Feature","geometry":{"type":"Point","coordinates":[70.52221,42.145886]},"properties":{"glacier_key":"169, 2015","name":"Аютор-4","name_en":"","morphology":"кар.","catalogue_number":"","number_1980":"","country":"","perimeter_m":"1385.0","length_m":"","aspect":"","elevation_min_m":"3695.3","elevation_max_m":"3923.0","elevation_range_m":"227.7","source_file":"Пскем_2023.xls"}},{"type":"Feature","geometry":{"type":"Point","coordinates":[70.523427,42.148827]},"properties":{"glacier_key":"168, 2015","name":"Аютор-5","name_en":"","morphology":"кар.","catalogue_number":"","number_1980":"","country":"","perimeter_m":"1348.1","length_m":"","aspect":"","elevation_min_m":"3729.1","elevation_max_m":"3958.3","elevation_range_m":"229.2","source_file":"Пскем_2023.xls"}},{"type":"Feature","geometry":{"type":"Point","coordinates":[70.520121,42.142257]},"properties":{"glacier_key":"169[2], 2015","name":"Аютор-4","name_en":"","morphology":"кар.","catalogue_number":"","number_1980":"","country":"","perimeter_m":"1463.1","length_m":"","aspect":"","elevation_min_m":"3671.0","elevation_max_m":"3854.1","elevation_range_m":"183.1","source_file":"Пскем_2023.xls"}},{"type":"Feature","geometry":{"type":"Point","coordinates":[70.526788,42.151075]},"properties":{"glacier_key":"167, 2015","name":"Аютор-6","name_en":"","morphology":"кар.-вис.","catalogue_number":"","number_1980":"","country":"","perimeter_m":"4193.2","length_m":"","aspect":"","elevation_min_m":"3664.0","elevation_max_m":"3964.0","elevation_range_m":"300.0","source_file":"Пскем_2023.xls"}},{"type":"Feature","geometry":{"type":"Point","coordinates":[70.53813,42.152621]},"properties":{"glacier_key":"166, 2015","name":"Аютор-7","name_en":"","morphology":"кар.-вис.","catalogue_number":"","number_1980":"","country":"","perimeter_m":"2004.5","length_m":"","aspect":"","elevation_min_m":"3852.0","elevation_max_m":"3954.0","elevation_range_m":"102.0","source_file":"Пскем_2023.xls"}},{"type":"Feature","geometry":{"type":"Point","coordinates":[70.51882,42.097921]},"properties":{"glacier_key":"172[2], 2015","name":"Аютор-2а","name_en":"","morphology":"кар.-дол.","catalogue_number":"","number_1980":"","country":"","perimeter_m":"2197.7","length_m":"","aspect":"","elevation_min_m":"3369.0","elevation_max_m":"3614.6","elevation_range_m":"245.6","source_file":"Пскем_2023.xls"}},{"type":"Feature","geometry":{"type":"Point","coordinates":[70.482816,42.113099]},"properties":{"glacier_key":"170, 2015","name":"Аютор-3","name_en":"","morphology":"сл.-дол.","catalogue_number":"","number_1980":"","country":"Kz","perimeter_m":"17506.6","length_m":"","aspect":"","elevation_min_m":"3201.0","elevation_max_m":"4043.0","elevation_range_m":"842.0","source_file":"Пскем_2023.xls"}},{"type":"Feature","geometry":{"type":"Point","coordinates":[70.470001,42.126709]},"properties":{"glacier_key":"170[2], 2015","name":"Аютор-3","name_en":"","morphology":"сл.-дол.","catalogue_number":"","number_1980":"","country":"","perimeter_m":"2752.6","length_m":"","aspect":"","elevation_min_m":"3570.0","elevation_max_m":"3946.9","elevation_range_m":"376.9","source_file":"Пскем_2023.xls"}},{"type":"Feature","geometry":{"type":"Point","coordinates":[70.562193,42.183172]},"properties":{"glacier_key":"157, 2015","name":"Корумтор-3","name_en":"","morphology":"кар.","catalogue_number":"","number_1980":"","country":"","perimeter_m":"1579.1","length_m":"","aspect":"","elevation_min_m":"3585.0","elevation_max_m":"3770.1","elevation_range_m":"185.1","source_file":"Пскем_2023.xls"}},{"type":"Feature","geometry":{"type":"Point","coordinates":[70.573127,42.183029]},"properties":{"glacier_key":"157[2], 2015","name":"Корумтор-3","name_en":"","morphology":"кар.","catalogue_number":"","number_1980":"","country":"","perimeter_m":"3366.3","length_m":"","aspect":"","elevation_min_m":"3305.1","elevation_max_m":"3668.6","elevation_range_m":"363.5","source_file":"Пскем_2023.xls"}},{"type":"Feature","geometry":{"type":"Point","coordinates":[70.572596,42.179446]},"properties":{"glacier_key":"158, 2015","name":"Корумтор-2","name_en":"","morphology":"кар.","catalogue_number":"","number_1980":"","country":"","perimeter_m":"1437.7","length_m":"","aspect":"","elevation_min_m":"3570.1","elevation_max_m":"3747.0","elevation_range_m":"176.9","source_file":"Пскем_2023.xls"}},{"type":"Feature","geometry":{"type":"Point","coordinates":[70.57988,42.177993]},"properties":{"glacier_key":"159, 2015","name":"Корумтор-1","name_en":"","morphology":"кар.","catalogue_number":"","number_1980":"","country":"","perimeter_m":"1263.1","length_m":"","aspect":"","elevation_min_m":"3485.6","elevation_max_m":"3684.0","elevation_range_m":"198.4","source_file":"Пскем_2023.xls"}},{"type":"Feature","geometry":{"type":"Point","coordinates":[70.551653,42.180357]},"properties":{"glacier_key":"160, 2015","name":"Корумтор-4","name_en":"","morphology":"кар.","catalogue_number":"","number_1980":"","country":"","perimeter_m":"3290.9","length_m":"","aspect":"","elevation_min_m":"3713.0","elevation_max_m":"3920.0","elevation_range_m":"207.0","source_file":"Пскем_2023.xls"}},{"type":"Feature","geometry":{"type":"Point","coordinates":[70.556278,42.175373]},"properties":{"glacier_key":"160[2], 2015","name":"Корумтор-4","name_en":"","morphology":"кар.","catalogue_number":"","number_1980":"","country":"","perimeter_m":"2109.1","length_m":"","aspect":"","elevation_min_m":"3618.0","elevation_max_m":"3869.9","elevation_range_m":"251.9","source_file":"Пскем_2023.xls"}},{"type":"Feature","geometry":{"type":"Point","coordinates":[70.552356,42.17058]},"properties":{"glacier_key":"161, 2013","name":"Корумтор-5","name_en":"","morphology":"кар.","catalogue_number":"","number_1980":"","country":"","perimeter_m":"1680.7","length_m":"","aspect":"","elevation_min_m":"3704.0","elevation_max_m":"3889.9","elevation_range_m":"185.9","source_file":"Пскем_2023.xls"}},{"type":"Feature","geometry":{"type":"Point","coordinates":[70.547051,42.163033]},"properties":{"glacier_key":"162, 2013","name":"Корумтор-6","name_en":"","morphology":"кар.","catalogue_number":"","number_1980":"","country":"","perimeter_m":"2018.5","length_m":"","aspect":"","elevation_min_m":"3655.1","elevation_max_m":"3826.0","elevation_range_m":"170.9","source_file":"Пскем_2023.xls"}},{"type":"Feature","geometry":{"type":"Point","coordinates":[70.546189,42.15606]},"properties":{"glacier_key":"163, 2013","name":"Корумтор-7","name_en":"","morphology":"кар.","catalogue_number":"","number_1980":"","country":"","perimeter_m":"3083.3","length_m":"","aspect":"","elevation_min_m":"3566.0","elevation_max_m":"3566.0","elevation_range_m":"0.0","source_file":"Пскем_2023.xls"}},{"type":"Feature","geometry":{"type":"Point","coordinates":[70.556856,42.152839]},"properties":{"glacier_key":"164, 2013","name":"Корумтор-8","name_en":"","morphology":"прискл.","catalogue_number":"","number_1980":"","country":"","perimeter_m":"2520.6","length_m":"","aspect":"","elevation_min_m":"3426.0","elevation_max_m":"3609.0","elevation_range_m":"183.0","source_file":"Пскем_2023.xls"}},{"type":"Feature","geometry":{"type":"Point","coordinates":[70.570035,42.153984]},"properties":{"glacier_key":"165, 2013","name":"Корумтор-9","name_en":"","morphology":"вис.","catalogue_number":"","number_1980":"","country":"","perimeter_m":"1296.4","length_m":"","aspect":"","elevation_min_m":"3344.0","elevation_max_m":"3589.0","elevation_range_m":"245.0","source_file":"Пскем_2023.xls"}},{"type":"Feature","geometry":{"type":"Point","coordinates":[70.531908,42.085892]},"properties":{"glacier_key":"179, 2013","name":"Турпакбель Дальний","name_en":"","morphology":"кар.-дол.","catalogue_number":"","number_1980":"","country":"","perimeter_m":"1406.1","length_m":"","aspect":"","elevation_min_m":"3433.0","elevation_max_m":"3644.4","elevation_range_m":"211.4","source_file":"Пскем_2023.xls"}},{"type":"Feature","geometry":{"type":"Point","coordinates":[70.538216,42.083257]},"properties":{"glacier_key":"179[2], 2013","name":"Турпакбель Дальний","name_en":"","morphology":"кар.-дол.","catalogue_number":"","number_1980":"","country":"","perimeter_m":"2288.8","length_m":"","aspect":"","elevation_min_m":"3253.7","elevation_max_m":"3512.6","elevation_range_m":"258.9","source_file":"Пскем_2023.xls"}},{"type":"Feature","geometry":{"type":"Point","coordinates":[70.547425,42.077642]},"properties":{"glacier_key":"180, 2013","name":"Турпакбель Небольшой","name_en":"","morphology":"кар.","catalogue_number":"","number_1980":"","country":"","perimeter_m":"3109.8","length_m":"","aspect":"","elevation_min_m":"3120.0","elevation_max_m":"3390.0","elevation_range_m":"270.0","source_file":"Пскем_2023.xls"}},{"type":"Feature","geometry":{"type":"Point","coordinates":[70.549276,42.068854]},"properties":{"glacier_key":"181, 2013","name":"№181","name_en":"","morphology":"кар.","catalogue_number":"","number_1980":"","country":"","perimeter_m":"2154.1","length_m":"","aspect":"","elevation_min_m":"3252.0","elevation_max_m":"3353.0","elevation_range_m":"101.0","source_file":"Пскем_2023.xls"}},{"type":"Feature","geometry":{"type":"Point","coordinates":[70.552501,42.061032]},"properties":{"glacier_key":"182, 2013","name":"Турпакбель Перевальный","name_en":"","morphology":"прискл.","catalogue_number":"","number_1980":"","country":"","perimeter_m":"1784.2","length_m":"","aspect":"","elevation_min_m":"3200.0","elevation_max_m":"3375.0","elevation_range_m":"175.0","source_file":"Пскем_2023.xls"}},{"type":"Feature","geometry":{"type":"Point","coordinates":[70.556881,42.055562]},"properties":{"glacier_key":"183, 2013","name":"Турпакбель Крутой","name_en":"","morphology":"кар.","catalogue_number":"","number_1980":"","country":"","perimeter_m":"1651.2","length_m":"","aspect":"","elevation_min_m":"3298.0","elevation_max_m":"3418.0","elevation_range_m":"120.0","source_file":"Пскем_2023.xls"}},{"type":"Feature","geometry":{"type":"Point","coordinates":[70.564651,42.051109]},"properties":{"glacier_key":"183[2], 2013","name":"Турпакбель Крутой","name_en":"","morphology":"кар.","catalogue_number":"","number_1980":"","country":"","perimeter_m":"2646.2","length_m":"","aspect":"","elevation_min_m":"3252.0","elevation_max_m":"3483.8","elevation_range_m":"231.8","source_file":"Пскем_2023.xls"}},{"type":"Feature","geometry":{"type":"Point","coordinates":[70.572701,42.053247]},"properties":{"glacier_key":"183[3], 2013","name":"Турпакбель Крутой","name_en":"","morphology":"кар.","catalogue_number":"","number_1980":"","country":"","perimeter_m":"533.7","length_m":"","aspect":"","elevation_min_m":"3328.0","elevation_max_m":"3380.3","elevation_range_m":"52.3","source_file":"Пскем_2023.xls"}},{"type":"Feature","geometry":{"type":"Point","coordinates":[70.578148,42.055155]},"properties":{"glacier_key":"184, 2013","name":"№184","name_en":"","morphology":"кар.","catalogue_number":"","number_1980":"","country":"","perimeter_m":"1368.8","length_m":"","aspect":"","elevation_min_m":"3275.8","elevation_max_m":"3430.0","elevation_range_m":"154.2","source_file":"Пскем_2023.xls"}},{"type":"Feature","geometry":{"type":"Point","coordinates":[70.562746,42.043897]},"properties":{"glacier_key":"186, 2013","name":"Койназар-2","name_en":"","morphology":"кар.","catalogue_number":"","number_1980":"","country":"","perimeter_m":"3773.3","length_m":"","aspect":"","elevation_min_m":"3240.1","elevation_max_m":"3559.2","elevation_range_m":"319.1","source_file":"Пскем_2023.xls"}},{"type":"Feature","geometry":{"type":"Point","coordinates":[70.592826,42.032871]},"properties":{"glacier_key":"189[2], 2013","name":"Койназар-5","name_en":"","morphology":"кар.","catalogue_number":"","number_1980":"","country":"","perimeter_m":"1190.6","length_m":"","aspect":"","elevation_min_m":"3181.0","elevation_max_m":"3344.0","elevation_range_m":"163.0","source_file":"Пскем_2023.xls"}},{"type":"Feature","geometry":{"type":"Point","coordinates":[70.587182,42.029156]},"properties":{"glacier_key":"189, 2013","name":"Койназар-5","name_en":"","morphology":"кар.","catalogue_number":"","number_1980":"","country":"","perimeter_m":"2459.7","length_m":"","aspect":"","elevation_min_m":"3030.0","elevation_max_m":"3376.9","elevation_range_m":"346.9","source_file":"Пскем_2023.xls"}},{"type":"Feature","geometry":{"type":"Point","coordinates":[70.586658,42.023834]},"properties":{"glacier_key":"188, 2013","name":"Койназар-4","name_en":"","morphology":"кар.","catalogue_number":"","number_1980":"","country":"","perimeter_m":"1667.8","length_m":"","aspect":"","elevation_min_m":"3246.9","elevation_max_m":"3448.0","elevation_range_m":"201.1","source_file":"Пскем_2023.xls"}},{"type":"Feature","geometry":{"type":"Point","coordinates":[70.577031,42.020932]},"properties":{"glacier_key":"187, 2013","name":"Койназар-3","name_en":"","morphology":"кар.","catalogue_number":"","number_1980":"","country":"Uz","perimeter_m":"5647.8","length_m":"","aspect":"","elevation_min_m":"3032.0","elevation_max_m":"3396.0","elevation_range_m":"364.0","source_file":"Пскем_2023.xls"}},{"type":"Feature","geometry":{"type":"Point","coordinates":[70.545019,42.029903]},"properties":{"glacier_key":"191, 2013","name":"Карабау","name_en":"","morphology":"кар.-вис.","catalogue_number":"","number_1980":"","country":"Uz","perimeter_m":"1361.2","length_m":"","aspect":"","elevation_min_m":"3254.8","elevation_max_m":"3415.0","elevation_range_m":"160.2","source_file":"Пскем_2023.xls"}},{"type":"Feature","geometry":{"type":"Point","coordinates":[70.545045,42.036022]},"properties":{"glacier_key":"192, 2013","name":"Южный Турпакбель","name_en":"","morphology":"кар.","catalogue_number":"","number_1980":"","country":"","perimeter_m":"4065.8","length_m":"","aspect":"","elevation_min_m":"3221.0","elevation_max_m":"3576.0","elevation_range_m":"355.0","source_file":"Пскем_2023.xls"}},{"type":"Feature","geometry":{"type":"Point","coordinates":[70.542073,42.04526]},"properties":{"glacier_key":"193, 2013","name":"№193","name_en":"","morphology":"кар.","catalogue_number":"","number_1980":"","country":"","perimeter_m":"1643.3","length_m":"","aspect":"","elevation_min_m":"3116.3","elevation_max_m":"3411.0","elevation_range_m":"294.7","source_file":"Пскем_2023.xls"}},{"type":"Feature","geometry":{"type":"Point","coordinates":[70.551326,42.043446]},"properties":{"glacier_key":"194, 2013","name":"северный Турпакбель","name_en":"","morphology":"кар.","catalogue_number":"","number_1980":"","country":"","perimeter_m":"4787.4","length_m":"","aspect":"","elevation_min_m":"3225.5","elevation_max_m":"3547.5","elevation_range_m":"322.0","source_file":"Пскем_2023.xls"}},{"type":"Feature","geometry":{"type":"Point","coordinates":[70.526418,42.073949]},"properties":{"glacier_key":"196, 2013","name":"Турпакбель Нижний","name_en":"","morphology":"кар.","catalogue_number":"","number_1980":"","country":"","perimeter_m":"3974.5","length_m":"","aspect":"","elevation_min_m":"3232.3","elevation_max_m":"3639.0","elevation_range_m":"406.7","source_file":"Пскем_2023.xls"}},{"type":"Feature","geometry":{"type":"Point","coordinates":[70.521989,42.079233]},"properties":{"glacier_key":"195, 2013","name":"Турпакбель Верхний","name_en":"","morphology":"кар.","catalogue_number":"","number_1980":"","country":"","perimeter_m":"3093.5","length_m":"","aspect":"","elevation_min_m":"3372.0","elevation_max_m":"3760.0","elevation_range_m":"388.0","source_file":"Пскем_2023.xls"}},{"type":"Feature","geometry":{"type":"Point","coordinates":[70.504323,42.081756]},"properties":{"glacier_key":"197, 2013","name":"Анаульген-9","name_en":"","morphology":"кар.-вис.","catalogue_number":"","number_1980":"","country":"Uz","perimeter_m":"2394.1","length_m":"","aspect":"","elevation_min_m":"3428.0","elevation_max_m":"3732.0","elevation_range_m":"304.0","source_file":"Пскем_2023.xls"}},{"type":"Feature","geometry":{"type":"Point","coordinates":[70.499391,42.091066]},"properties":{"glacier_key":"198, 2013","name":"Анаульген-8","name_en":"","morphology":"прискл.","catalogue_number":"","number_1980":"","country":"Uz","perimeter_m":"2250.7","length_m":"","aspect":"","elevation_min_m":"3492.0","elevation_max_m":"3716.7","elevation_range_m":"224.7","source_file":"Пскем_2023.xls"}},{"type":"Feature","geometry":{"type":"Point","coordinates":[70.490615,42.098863]},"properties":{"glacier_key":"199, 2013","name":"Анаульген-7","name_en":"","morphology":"прискл.","catalogue_number":"","number_1980":"","country":"","perimeter_m":"2261.4","length_m":"","aspect":"","elevation_min_m":"3513.4","elevation_max_m":"3676.0","elevation_range_m":"162.6","source_file":"Пскем_2023.xls"}},{"type":"Feature","geometry":{"type":"Point","coordinates":[70.464207,42.086375]},"properties":{"glacier_key":"200, 2013","name":"Анаульген-6","name_en":"","morphology":"кар.-вис.","catalogue_number":"","number_1980":"","country":"Uz","perimeter_m":"2572.5","length_m":"","aspect":"","elevation_min_m":"3347.4","elevation_max_m":"3638.9","elevation_range_m":"291.5","source_file":"Пскем_2023.xls"}},{"type":"Feature","geometry":{"type":"Point","coordinates":[70.465081,42.0819]},"properties":{"glacier_key":"201, 2013","name":"Анаульген-5","name_en":"","morphology":"кар.-вис.","catalogue_number":"","number_1980":"","country":"Uz","perimeter_m":"2773.3","length_m":"","aspect":"","elevation_min_m":"3330.4","elevation_max_m":"3622.0","elevation_range_m":"291.6","source_file":"Пскем_2023.xls"}},{"type":"Feature","geometry":{"type":"Point","coordinates":[70.468828,42.07677]},"properties":{"glacier_key":"202, 2013","name":"Анаульген-4","name_en":"","morphology":"кар.-вис.","catalogue_number":"","number_1980":"","country":"Uz","perimeter_m":"3918.8","length_m":"","aspect":"","elevation_min_m":"3066.0","elevation_max_m":"3589.0","elevation_range_m":"523.0","source_file":"Пскем_2023.xls"}},{"type":"Feature","geometry":{"type":"Point","coordinates":[70.479279,42.053999]},"properties":{"glacier_key":"205, 2013","name":"Анаульген-1","name_en":"","morphology":"кар.-вис.","catalogue_number":"","number_1980":"","country":"Uz","perimeter_m":"1314.6","length_m":"","aspect":"","elevation_min_m":"3239.0","elevation_max_m":"3434.0","elevation_range_m":"195.0","source_file":"Пскем_2023.xls"}},{"type":"Feature","geometry":{"type":"Point","coordinates":[70.474236,42.056787]},"properties":{"glacier_key":"204, 2013","name":"Анаульген-2","name_en":"","morphology":"кар.-вис.","catalogue_number":"","number_1980":"","country":"Uz","perimeter_m":"2586.6","length_m":"","aspect":"","elevation_min_m":"3229.1","elevation_max_m":"3543.0","elevation_range_m":"313.9","source_file":"Пскем_2023.xls"}},{"type":"Feature","geometry":{"type":"Point","coordinates":[70.47085,42.059452]},"properties":{"glacier_key":"203, 2013","name":"Анаульген-3","name_en":"","morphology":"кар.-вис.","catalogue_number":"","number_1980":"","country":"Uz","perimeter_m":"1602.5","length_m":"","aspect":"","elevation_min_m":"3341.0","elevation_max_m":"3537.0","elevation_range_m":"196.0","source_file":"Пскем_2023.xls"}},{"type":"Feature","geometry":{"type":"Point","coordinates":[70.558066,42.049633]},"properties":{"glacier_key":"186[2], 2013","name":"Койназар-2","name_en":"","morphology":"кар.","catalogue_number":"","number_1980":"","country":"","perimeter_m":"969.4","length_m":"","aspect":"","elevation_min_m":"3464.4","elevation_max_m":"3614.0","elevation_range_m":"149.6","source_file":"Пскем_2023.xls"}},{"type":"Feature","geometry":{"type":"Point","coordinates":[70.462247,42.054365]},"properties":{"glacier_key":"206, 2013","name":"Каракыз-1","name_en":"","morphology":"кар.","catalogue_number":"","number_1980":"","country":"Uz","perimeter_m":"2257.5","length_m":"","aspect":"","elevation_min_m":"3268.0","elevation_max_m":"3501.0","elevation_range_m":"233.0","source_file":"Пскем_2023.xls"}},{"type":"Feature","geometry":{"type":"Point","coordinates":[70.455985,42.074936]},"properties":{"glacier_key":"207, 2013","name":"Каракыз-2","name_en":"","morphology":"кар.","catalogue_number":"","number_1980":"","country":"Uz","perimeter_m":"1566.8","length_m":"","aspect":"","elevation_min_m":"3281.0","elevation_max_m":"3534.8","elevation_range_m":"253.8","source_file":"Пскем_2023.xls"}},{"type":"Feature","geometry":{"type":"Point","coordinates":[70.424147,42.071052]},"properties":{"glacier_key":"208, 2013","name":"Каракыз-3","name_en":"","morphology":"ас.-дол.","catalogue_number":"","number_1980":"","country":"Uz","perimeter_m":"3151.7","length_m":"","aspect":"","elevation_min_m":"3118.0","elevation_max_m":"3468.0","elevation_range_m":"350.0","source_file":"Пскем_2023.xls"}},{"type":"Feature","geometry":{"type":"Point","coordinates":[70.379478,42.064867]},"properties":{"glacier_key":"209, 2013","name":"Каракыз-4","name_en":"","morphology":"кар.","catalogue_number":"","number_1980":"","country":"","perimeter_m":"2293.3","length_m":"","aspect":"","elevation_min_m":"3323.4","elevation_max_m":"3571.0","elevation_range_m":"247.6","source_file":"Пскем_2023.xls"}},{"type":"Feature","geometry":{"type":"Point","coordinates":[70.38531,42.058659]},"properties":{"glacier_key":"210, 2013","name":"Каракыз-5","name_en":"","morphology":"ас.-дол.","catalogue_number":"","number_1980":"","country":"Uz","perimeter_m":"4811.5","length_m":"","aspect":"","elevation_min_m":"3088.2","elevation_max_m":"3571.0","elevation_range_m":"482.8","source_file":"Пскем_2023.xls"}},{"type":"Feature","geometry":{"type":"Point","coordinates":[70.358022,41.993963]},"properties":{"glacier_key":"214, 2012","name":"Каракыз-9","name_en":"","morphology":"кар.","catalogue_number":"","number_1980":"","country":"Uz","perimeter_m":"989.7","length_m":"","aspect":"","elevation_min_m":"3359.7","elevation_max_m":"3486.0","elevation_range_m":"126.3","source_file":"Пскем_2023.xls"}},{"type":"Feature","geometry":{"type":"Point","coordinates":[70.324608,42.032613]},"properties":{"glacier_key":"211, 2012","name":"Каракыз-6","name_en":"","morphology":"кар.","catalogue_number":"","number_1980":"","country":"","perimeter_m":"638.2","length_m":"","aspect":"","elevation_min_m":"3273.3","elevation_max_m":"3358.3","elevation_range_m":"85.0","source_file":"Пскем_2023.xls"}},{"type":"Feature","geometry":{"type":"Point","coordinates":[70.327658,42.02758]},"properties":{"glacier_key":"212, 2012","name":"Каракыз-7","name_en":"","morphology":"кар.","catalogue_number":"","number_1980":"","country":"Uz","perimeter_m":"1863.4","length_m":"","aspect":"","elevation_min_m":"3123.0","elevation_max_m":"3379.2","elevation_range_m":"256.2","source_file":"Пскем_2023.xls"}},{"type":"Feature","geometry":{"type":"Point","coordinates":[70.333357,42.025251]},"properties":{"glacier_key":"213, 2012","name":"Каракыз-8","name_en":"","morphology":"кар.","catalogue_number":"","number_1980":"","country":"Uz","perimeter_m":"1628.1","length_m":"","aspect":"","elevation_min_m":"3148.8","elevation_max_m":"3347.5","elevation_range_m":"198.8","source_file":"Пскем_2023.xls"}},{"type":"Feature","geometry":{"type":"Point","coordinates":[70.704242,42.131019]},"properties":{"glacier_key":"124, 2013","name":"Атжайлау-1","name_en":"","morphology":"кар.-вис.","catalogue_number":"","number_1980":"","country":"Uz","perimeter_m":"1371.6","length_m":"","aspect":"","elevation_min_m":"3414.0","elevation_max_m":"3607.0","elevation_range_m":"193.0","source_file":"Пскем_2023.xls"}},{"type":"Feature","geometry":{"type":"Point","coordinates":[70.708761,42.136208]},"properties":{"glacier_key":"125, 2013","name":"Атжайлау Озерный","name_en":"","morphology":"кар.","catalogue_number":"","number_1980":"","country":"Uz","perimeter_m":"601.7","length_m":"","aspect":"","elevation_min_m":"3524.0","elevation_max_m":"3562.7","elevation_range_m":"38.7","source_file":"Пскем_2023.xls"}},{"type":"Feature","geometry":{"type":"Point","coordinates":[70.710425,42.139675]},"properties":{"glacier_key":"126, 2013","name":"Атжайлау-2","name_en":"","morphology":"кар.","catalogue_number":"","number_1980":"","country":"Uz","perimeter_m":"1220.2","length_m":"","aspect":"","elevation_min_m":"3598.0","elevation_max_m":"3708.9","elevation_range_m":"110.9","source_file":"Пскем_2023.xls"}},{"type":"Feature","geometry":{"type":"Point","coordinates":[70.699962,42.149531]},"properties":{"glacier_key":"127, 2013","name":"Когургентор-1","name_en":"","morphology":"кар.","catalogue_number":"","number_1980":"","country":"","perimeter_m":"1346.7","length_m":"","aspect":"","elevation_min_m":"3383.1","elevation_max_m":"3652.0","elevation_range_m":"268.9","source_file":"Пскем_2023.xls"}},{"type":"Feature","geometry":{"type":"Point","coordinates":[70.714318,42.149014]},"properties":{"glacier_key":"128, 2013","name":"Когургентор-2","name_en":"","morphology":"кар.-дол.","catalogue_number":"","number_1980":"","country":"","perimeter_m":"6258.3","length_m":"","aspect":"","elevation_min_m":"3421.7","elevation_max_m":"4101.6","elevation_range_m":"679.8","source_file":"Пскем_2023.xls"}},{"type":"Feature","geometry":{"type":"Point","coordinates":[70.743414,42.171625]},"properties":{"glacier_key":"133, 2013","name":"Корумбель","name_en":"","morphology":"сл.-дол.","catalogue_number":"","number_1980":"","country":"Uz","perimeter_m":"9982.9","length_m":"","aspect":"","elevation_min_m":"3485.0","elevation_max_m":"4079.0","elevation_range_m":"594.0","source_file":"Пскем_2023.xls"}},{"type":"Feature","geometry":{"type":"Point","coordinates":[70.718831,42.166197]},"properties":{"glacier_key":"131, 2013","name":"Когургентор-5","name_en":"","morphology":"прискл.","catalogue_number":"","number_1980":"","country":"","perimeter_m":"2031.8","length_m":"","aspect":"","elevation_min_m":"3522.8","elevation_max_m":"3864.6","elevation_range_m":"341.8","source_file":"Пскем_2023.xls"}},{"type":"Feature","geometry":{"type":"Point","coordinates":[70.727923,42.167453]},"properties":{"glacier_key":"132, 2013","name":"Когургентор-6","name_en":"","morphology":"прискл.","catalogue_number":"","number_1980":"","country":"","perimeter_m":"3321.1","length_m":"","aspect":"","elevation_min_m":"3468.4","elevation_max_m":"4037.4","elevation_range_m":"569.0","source_file":"Пскем_2023.xls"}},{"type":"Feature","geometry":{"type":"Point","coordinates":[70.724237,42.159015]},"properties":{"glacier_key":"129, 2013","name":"Когургентор-3","name_en":"","morphology":"кар.-вис.","catalogue_number":"","number_1980":"","country":"Uz","perimeter_m":"1579.5","length_m":"","aspect":"","elevation_min_m":"3669.0","elevation_max_m":"3888.0","elevation_range_m":"219.0","source_file":"Пскем_2023.xls"}},{"type":"Feature","geometry":{"type":"Point","coordinates":[70.728082,42.163126]},"properties":{"glacier_key":"130, 2013","name":"Когургентор-4","name_en":"","morphology":"вис.","catalogue_number":"","number_1980":"","country":"Uz","perimeter_m":"1524.7","length_m":"","aspect":"","elevation_min_m":"3769.0","elevation_max_m":"3876.5","elevation_range_m":"107.5","source_file":"Пскем_2023.xls"}},{"type":"Feature","geometry":{"type":"Point","coordinates":[70.733133,42.184169]},"properties":{"glacier_key":"134, 2013","name":"Кокбулак-1","name_en":"","morphology":"кар.","catalogue_number":"","number_1980":"","country":"","perimeter_m":"3274.4","length_m":"","aspect":"","elevation_min_m":"3530.6","elevation_max_m":"3966.9","elevation_range_m":"436.3","source_file":"Пскем_2023.xls"}},{"type":"Feature","geometry":{"type":"Point","coordinates":[70.740757,42.188603]},"properties":{"glacier_key":"135, 2013","name":"Кокбулак-2","name_en":"","morphology":"кар.","catalogue_number":"","number_1980":"","country":"","perimeter_m":"3367.1","length_m":"","aspect":"","elevation_min_m":"3556.6","elevation_max_m":"4071.0","elevation_range_m":"514.4","source_file":"Пскем_2023.xls"}},{"type":"Feature","geometry":{"type":"Point","coordinates":[70.754979,42.205941]},"properties":{"glacier_key":"136, 2013","name":"№ 136","name_en":"","morphology":"кар.-вис.","catalogue_number":"","number_1980":"","country":"","perimeter_m":"1436.8","length_m":"","aspect":"","elevation_min_m":"3466.0","elevation_max_m":"3643.1","elevation_range_m":"177.1","source_file":"Пскем_2023.xls"}},{"type":"Feature","geometry":{"type":"Point","coordinates":[70.76424,42.200454]},"properties":{"glacier_key":"137, 2013","name":"Акбулакулькун","name_en":"","morphology":"сл.-дол.","catalogue_number":"","number_1980":"","country":"","perimeter_m":"11686.0","length_m":"","aspect":"","elevation_min_m":"3131.0","elevation_max_m":"4205.0","elevation_range_m":"1074.0","source_file":"Пскем_2023.xls"}},{"type":"Feature","geometry":{"type":"Point","coordinates":[70.777239,42.212609]},"properties":{"glacier_key":"138, 2013","name":"№ 138","name_en":"","morphology":"кар.","catalogue_number":"","number_1980":"","country":"","perimeter_m":"2343.1","length_m":"","aspect":"","elevation_min_m":"3529.0","elevation_max_m":"4047.0","elevation_range_m":"518.0","source_file":"Пскем_2023.xls"}},{"type":"Feature","geometry":{"type":"Point","coordinates":[70.786894,42.212027]},"properties":{"glacier_key":"139, 2013","name":"Карабулак","name_en":"","morphology":"дол.","catalogue_number":"","number_1980":"","country":"","perimeter_m":"5799.4","length_m":"","aspect":"","elevation_min_m":"3117.0","elevation_max_m":"3980.0","elevation_range_m":"863.0","source_file":"Пскем_2023.xls"}},{"type":"Feature","geometry":{"type":"Point","coordinates":[70.814278,42.212741]},"properties":{"glacier_key":"140, 2013","name":"Чотан-1","name_en":"","morphology":"дол.","catalogue_number":"","number_1980":"","country":"","perimeter_m":"9713.0","length_m":"","aspect":"","elevation_min_m":"3192.8","elevation_max_m":"3891.5","elevation_range_m":"698.7","source_file":"Пскем_2023.xls"}},{"type":"Feature","geometry":{"type":"Point","coordinates":[70.827856,42.211482]},"properties":{"glacier_key":"141, 2013","name":"Чотан-2а","name_en":"","morphology":"кар.-вис.","catalogue_number":"","number_1980":"","country":"","perimeter_m":"2902.9","length_m":"","aspect":"","elevation_min_m":"3517.0","elevation_max_m":"3916.0","elevation_range_m":"399.0","source_file":"Пскем_2023.xls"}},{"type":"Feature","geometry":{"type":"Point","coordinates":[70.838565,42.204751]},"properties":{"glacier_key":"142, 2013","name":"Чотан-2","name_en":"","morphology":"дол.","catalogue_number":"","number_1980":"","country":"Kz","perimeter_m":"10561.9","length_m":"","aspect":"","elevation_min_m":"3385.0","elevation_max_m":"4004.0","elevation_range_m":"619.0","source_file":"Пскем_2023.xls"}},{"type":"Feature","geometry":{"type":"Point","coordinates":[70.853968,42.215504]},"properties":{"glacier_key":"143","name":"Чотан-3","name_en":"","morphology":"дол.","catalogue_number":"","number_1980":"","country":"","perimeter_m":"4065.1","length_m":"","aspect":"","elevation_min_m":"3461.2","elevation_max_m":"3842.7","elevation_range_m":"381.5","source_file":"Пскем_2023.xls"}},{"type":"Feature","geometry":{"type":"Point","coordinates":[70.866894,42.225593]},"properties":{"glacier_key":"144","name":"Чотан-4б","name_en":"","morphology":"кар.-вис.","catalogue_number":"","number_1980":"","country":"","perimeter_m":"3763.4","length_m":"","aspect":"","elevation_min_m":"3247.0","elevation_max_m":"3979.0","elevation_range_m":"732.0","source_file":"Пскем_2023.xls"}},{"type":"Feature","geometry":{"type":"Point","coordinates":[70.87546,42.217464]},"properties":{"glacier_key":"145","name":"Иванова (Чотан-4)","name_en":"","morphology":"сл.-дол.","catalogue_number":"","number_1980":"","country":"","perimeter_m":"10145.5","length_m":"","aspect":"","elevation_min_m":"3337.7","elevation_max_m":"3937.4","elevation_range_m":"599.6","source_file":"Пскем_2023.xls"}},{"type":"Feature","geometry":{"type":"Point","coordinates":[70.890614,42.224076]},"properties":{"glacier_key":"145[2]","name":"Иванова (Чотан-4)","name_en":"","morphology":"сл.-дол.","catalogue_number":"","number_1980":"","country":"","perimeter_m":"3394.5","length_m":"","aspect":"","elevation_min_m":"3409.0","elevation_max_m":"3767.0","elevation_range_m":"358.0","source_file":"Пскем_2023.xls"}},{"type":"Feature","geometry":{"type":"Point","coordinates":[70.899388,42.228431]},"properties":{"glacier_key":"146","name":"Чотан-4а","name_en":"","morphology":"кар.","catalogue_number":"","number_1980":"","country":"","perimeter_m":"2253.0","length_m":"","aspect":"","elevation_min_m":"3509.0","elevation_max_m":"3975.0","elevation_range_m":"466.0","source_file":"Пскем_2023.xls"}},{"type":"Feature","geometry":{"type":"Point","coordinates":[70.905539,42.231306]},"properties":{"glacier_key":"147","name":"Чотан-5","name_en":"","morphology":"кар.","catalogue_number":"","number_1980":"","country":"","perimeter_m":"4874.4","length_m":"","aspect":"","elevation_min_m":"3499.0","elevation_max_m":"3854.0","elevation_range_m":"355.0","source_file":"Пскем_2023.xls"}},{"type":"Feature","geometry":{"type":"Point","coordinates":[70.936792,42.262907]},"properties":{"glacier_key":"149","name":"Чотан-7","name_en":"","morphology":"кар.","catalogue_number":"","number_1980":"","country":"","perimeter_m":"3011.0","length_m":"","aspect":"","elevation_min_m":"3672.5","elevation_max_m":"3983.0","elevation_range_m":"310.5","source_file":"Пскем_2023.xls"}},{"type":"Feature","geometry":{"type":"Point","coordinates":[70.911388,42.240034]},"properties":{"glacier_key":"148[1]","name":"Чотан-6","name_en":"","morphology":"кар.","catalogue_number":"","number_1980":"","country":"","perimeter_m":"2479.4","length_m":"","aspect":"","elevation_min_m":"3531.0","elevation_max_m":"3809.0","elevation_range_m":"278.0","source_file":"Пскем_2023.xls"}},{"type":"Feature","geometry":{"type":"Point","coordinates":[70.91981,42.240357]},"properties":{"glacier_key":"148[2]","name":"Чотан-6","name_en":"","morphology":"кар.","catalogue_number":"","number_1980":"","country":"","perimeter_m":"3416.2","length_m":"","aspect":"","elevation_min_m":"3464.5","elevation_max_m":"3720.9","elevation_range_m":"256.4","source_file":"Пскем_2023.xls"}},{"type":"Feature","geometry":{"type":"Point","coordinates":[70.926676,42.245439]},"properties":{"glacier_key":"148[3]","name":"Чотан-6","name_en":"","morphology":"кар.","catalogue_number":"","number_1980":"","country":"","perimeter_m":"1742.3","length_m":"","aspect":"","elevation_min_m":"3432.4","elevation_max_m":"3673.0","elevation_range_m":"240.6","source_file":"Пскем_2023.xls"}},{"type":"Feature","geometry":{"type":"Point","coordinates":[70.883348,42.268061]},"properties":{"glacier_key":"156, 2013","name":"Торашу-6","name_en":"","morphology":"кар.-дол.","catalogue_number":"","number_1980":"","country":"","perimeter_m":"6296.4","length_m":"","aspect":"","elevation_min_m":"3513.0","elevation_max_m":"4010.0","elevation_range_m":"497.0","source_file":"Пскем_2023.xls"}},{"type":"Feature","geometry":{"type":"Point","coordinates":[70.866317,42.270827]},"properties":{"glacier_key":"154, 2013","name":"Торашу-4","name_en":"","morphology":"кар.","catalogue_number":"","number_1980":"","country":"","perimeter_m":"2098.6","length_m":"","aspect":"","elevation_min_m":"3483.0","elevation_max_m":"3728.0","elevation_range_m":"245.0","source_file":"Пскем_2023.xls"}},{"type":"Feature","geometry":{"type":"Point","coordinates":[70.872572,42.27501]},"properties":{"glacier_key":"155, 2013","name":"Торашу-5","name_en":"","morphology":"кар.-вис.","catalogue_number":"","number_1980":"","country":"","perimeter_m":"878.9","length_m":"","aspect":"","elevation_min_m":"3504.0","elevation_max_m":"3721.3","elevation_range_m":"217.3","source_file":"Пскем_2023.xls"}},{"type":"Feature","geometry":{"type":"Point","coordinates":[70.859403,42.256265]},"properties":{"glacier_key":"152, 2013","name":"Торашу-3а","name_en":"","morphology":"кар.","catalogue_number":"","number_1980":"","country":"","perimeter_m":"1700.8","length_m":"","aspect":"","elevation_min_m":"3634.6","elevation_max_m":"3787.0","elevation_range_m":"152.4","source_file":"Пскем_2023.xls"}},{"type":"Feature","geometry":{"type":"Point","coordinates":[70.867342,42.258769]},"properties":{"glacier_key":"153, 2013","name":"Торашу-3","name_en":"","morphology":"кар.","catalogue_number":"","number_1980":"","country":"","perimeter_m":"2422.4","length_m":"","aspect":"","elevation_min_m":"3570.0","elevation_max_m":"3781.0","elevation_range_m":"211.0","source_file":"Пскем_2023.xls"}},{"type":"Feature","geometry":{"type":"Point","coordinates":[70.853511,42.257655]},"properties":{"glacier_key":"151, 2013","name":"Торашу-2","name_en":"","morphology":"кар.","catalogue_number":"","number_1980":"","country":"","perimeter_m":"1045.8","length_m":"","aspect":"","elevation_min_m":"3511.8","elevation_max_m":"3703.7","elevation_range_m":"192.0","source_file":"Пскем_2023.xls"}},{"type":"Feature","geometry":{"type":"Point","coordinates":[70.843719,42.262792]},"properties":{"glacier_key":"150, 2013","name":"Торашу-1","name_en":"","morphology":"кар.","catalogue_number":"","number_1980":"","country":"","perimeter_m":"838.5","length_m":"","aspect":"","elevation_min_m":"3696.7","elevation_max_m":"3807.4","elevation_range_m":"110.6","source_file":"Пскем_2023.xls"}},{"type":"Feature","geometry":{"type":"Point","coordinates":[70.743004,42.162432]},"properties":{"glacier_key":"120, 2013","name":"Турагаин Левый","name_en":"","morphology":"кар.","catalogue_number":"","number_1980":"","country":"Uz","perimeter_m":"1864.5","length_m":"","aspect":"","elevation_min_m":"3672.3","elevation_max_m":"3936.0","elevation_range_m":"263.7","source_file":"Пскем_2023.xls"}},{"type":"Feature","geometry":{"type":"Point","coordinates":[70.734227,42.158971]},"properties":{"glacier_key":"121, 2013","name":"Турагаин Малый","name_en":"","morphology":"кар.","catalogue_number":"","number_1980":"","country":"Uz","perimeter_m":"670.8","length_m":"","aspect":"","elevation_min_m":"3748.0","elevation_max_m":"3877.1","elevation_range_m":"129.1","source_file":"Пскем_2023.xls"}},{"type":"Feature","geometry":{"type":"Point","coordinates":[70.732388,42.152623]},"properties":{"glacier_key":"122, 2013","name":"Турагаин Средний","name_en":"","morphology":"кар.-дол.","catalogue_number":"","number_1980":"","country":"Uz","perimeter_m":"5351.2","length_m":"","aspect":"","elevation_min_m":"3464.2","elevation_max_m":"3950.0","elevation_range_m":"485.8","source_file":"Пскем_2023.xls"}},{"type":"Feature","geometry":{"type":"Point","coordinates":[70.742188,42.143694]},"properties":{"glacier_key":"123[2], 2013","name":"Турагаин Правый","name_en":"","morphology":"кар.","catalogue_number":"","number_1980":"","country":"Uz","perimeter_m":"2987.5","length_m":"","aspect":"","elevation_min_m":"3431.1","elevation_max_m":"3739.8","elevation_range_m":"308.7","source_file":"Пскем_2023.xls"}},{"type":"Feature","geometry":{"type":"Point","coordinates":[70.737285,42.148382]},"properties":{"glacier_key":"123, 2013","name":"Турагаин Правый","name_en":"","morphology":"кар.","catalogue_number":"","number_1980":"","country":"Uz","perimeter_m":"2252.1","length_m":"","aspect":"","elevation_min_m":"3503.0","elevation_max_m":"3875.0","elevation_range_m":"372.0","source_file":"Пскем_2023.xls"}},{"type":"Feature","geometry":{"type":"Point","coordinates":[70.719331,42.139638]},"properties":{"glacier_key":"X[1]","name":"","name_en":"","morphology":"кар.","catalogue_number":"","number_1980":"","country":"Uz","perimeter_m":"800.9","length_m":"","aspect":"","elevation_min_m":"3502.6","elevation_max_m":"3641.6","elevation_range_m":"139.0","source_file":"Пскем_2023.xls"}},{"type":"Feature","geometry":{"type":"Point","coordinates":[70.731429,42.144427]},"properties":{"glacier_key":"X[2]","name":"","name_en":"","morphology":"кар.","catalogue_number":"","number_1980":"","country":"Uz","perimeter_m":"1846.9","length_m":"","aspect":"","elevation_min_m":"3594.6","elevation_max_m":"3783.0","elevation_range_m":"188.4","source_file":"Пскем_2023.xls"}},{"type":"Feature","geometry":{"type":"Point","coordinates":[70.766466,42.186708]},"properties":{"glacier_key":"114, 2013","name":"Текешсай-4","name_en":"Tekeshsai-4","morphology":"кар.","catalogue_number":"","number_1980":"","country":"Uz","perimeter_m":"3678.3","length_m":"877.2","aspect":"215.07756734738675","elevation_min_m":"3518.0","elevation_max_m":"4002.6","elevation_range_m":"484.6","source_file":"Пскем_2023.xls"}},{"type":"Feature","geometry":{"type":"Point","coordinates":[70.753371,42.189043]},"properties":{"glacier_key":"115, 2013","name":"Текешсай-5","name_en":"Tekeshsai-5","morphology":"вис.-кар.","catalogue_number":"115","number_1980":"134","country":"Uz","perimeter_m":"3040.0","length_m":"551.1","aspect":"211.01109638652167","elevation_min_m":"3761.1","elevation_max_m":"4066.0","elevation_range_m":"304.9","source_file":"Пскем_2023.xls"}},{"type":"Feature","geometry":{"type":"Point","coordinates":[70.758611,42.17921]},"properties":{"glacier_key":"116, 2013","name":"Текешсай-1","name_en":"Tekeshsai-1","morphology":"дол.","catalogue_number":"","number_1980":"","country":"Uz","perimeter_m":"15714.3","length_m":"3089.9","aspect":"100.99138218264328","elevation_min_m":"3083.7","elevation_max_m":"4070.7","elevation_range_m":"987.0","source_file":"Пскем_2023.xls"}},{"type":"Feature","geometry":{"type":"Point","coordinates":[70.759399,42.172532]},"properties":{"glacier_key":"117, 2013","name":"Текешсай-3","name_en":"Tekeshsai-3","morphology":"дол.","catalogue_number":"","number_1980":"","country":"Uz","perimeter_m":"3887.3","length_m":"1198.5","aspect":"124.80311348274068","elevation_min_m":"3444.0","elevation_max_m":"4091.4","elevation_range_m":"647.4","source_file":"Пскем_2023.xls"}},{"type":"Feature","geometry":{"type":"Point","coordinates":[70.756918,42.167365]},"properties":{"glacier_key":"118, 2013","name":"Текешсай-2","name_en":"Tekeshsai-2","morphology":"дол.","catalogue_number":"","number_1980":"","country":"Uz","perimeter_m":"3696.8","length_m":"1067.0","aspect":"91.94348216553459","elevation_min_m":"3560.0","elevation_max_m":"4135.9","elevation_range_m":"575.9","source_file":"Пскем_2023.xls"}},{"type":"Feature","geometry":{"type":"Point","coordinates":[70.762869,42.161841]},"properties":{"glacier_key":"119, 2013","name":"№ 119","name_en":"# 119","morphology":"кар.","catalogue_number":"119","number_1980":"139","country":"Uz","perimeter_m":"1335.0","length_m":"330.5","aspect":"87.70904857332106","elevation_min_m":"3529.1","elevation_max_m":"3660.0","elevation_range_m":"130.9","source_file":"Пскем_2023.xls"}},{"type":"Feature","geometry":{"type":"Point","coordinates":[70.776408,42.196623]},"properties":{"glacier_key":"109, 2015","name":"Аютор-4","name_en":"","morphology":"кар.-вис.","catalogue_number":"","number_1980":"","country":"Uz","perimeter_m":"2414.1","length_m":"","aspect":"","elevation_min_m":"3556.0","elevation_max_m":"3864.1","elevation_range_m":"308.1","source_file":"Пскем_2023.xls"}},{"type":"Feature","geometry":{"type":"Point","coordinates":[70.776876,42.190957]},"properties":{"glacier_key":"110, 2013","name":"Аютор-3","name_en":"","morphology":"кар.-вис.","catalogue_number":"","number_1980":"","country":"Uz","perimeter_m":"2914.9","length_m":"","aspect":"","elevation_min_m":"3527.1","elevation_max_m":"3864.0","elevation_range_m":"336.9","source_file":"Пскем_2023.xls"}},{"type":"Feature","geometry":{"type":"Point","coordinates":[70.769992,42.194273]},"properties":{"glacier_key":"110[2], 2013","name":"Аютор-3","name_en":"","morphology":"кар.-вис.","catalogue_number":"","number_1980":"","country":"Uz","perimeter_m":"1177.5","length_m":"","aspect":"","elevation_min_m":"4030.1","elevation_max_m":"4297.0","elevation_range_m":"266.9","source_file":"Пскем_2023.xls"}},{"type":"Feature","geometry":{"type":"Point","coordinates":[70.785638,42.18882]},"properties":{"glacier_key":"111, 2013","name":"Аютор Главный","name_en":"","morphology":"дол.","catalogue_number":"","number_1980":"","country":"Uz","perimeter_m":"8208.9","length_m":"","aspect":"","elevation_min_m":"3294.0","elevation_max_m":"3924.5","elevation_range_m":"630.5","source_file":"Пскем_2023.xls"}},{"type":"Feature","geometry":{"type":"Point","coordinates":[70.796815,42.186341]},"properties":{"glacier_key":"112, 2013","name":"Аютор-2","name_en":"","morphology":"кар.-вис.","catalogue_number":"","number_1980":"","country":"Uz","perimeter_m":"2889.4","length_m":"","aspect":"","elevation_min_m":"3339.0","elevation_max_m":"3735.1","elevation_range_m":"396.1","source_file":"Пскем_2023.xls"}},{"type":"Feature","geometry":{"type":"Point","coordinates":[70.794777,42.178771]},"properties":{"glacier_key":"113, 2013","name":"Аютор-1","name_en":"","morphology":"кар.-вис.","catalogue_number":"","number_1980":"","country":"Uz","perimeter_m":"1628.2","length_m":"","aspect":"","elevation_min_m":"3419.0","elevation_max_m":"3647.0","elevation_range_m":"228.0","source_file":"Пскем_2023.xls"}},{"type":"Feature","geometry":{"type":"Point","coordinates":[70.92999,42.241008]},"properties":{"glacier_key":"102, 2013","name":"Карагуш","name_en":"","morphology":"кар.","catalogue_number":"","number_1980":"","country":"","perimeter_m":"2991.1","length_m":"","aspect":"","elevation_min_m":"3328.1","elevation_max_m":"3776.1","elevation_range_m":"448.0","source_file":"Пскем_2023.xls"}},{"type":"Feature","geometry":{"type":"Point","coordinates":[70.917271,42.231441]},"properties":{"glacier_key":"103, 2013","name":"Сарыбаш","name_en":"","morphology":"вис.-кар.","catalogue_number":"","number_1980":"","country":"","perimeter_m":"2027.8","length_m":"","aspect":"","elevation_min_m":"3421.4","elevation_max_m":"3651.3","elevation_range_m":"230.0","source_file":"Пскем_2023.xls"}},{"type":"Feature","geometry":{"type":"Point","coordinates":[70.891929,42.217822]},"properties":{"glacier_key":"104","name":"№ 104","name_en":"","morphology":"кар.","catalogue_number":"","number_1980":"","country":"","perimeter_m":"1674.8","length_m":"","aspect":"","elevation_min_m":"3568.0","elevation_max_m":"3775.8","elevation_range_m":"207.8","source_file":"Пскем_2023.xls"}},{"type":"Feature","geometry":{"type":"Point","coordinates":[70.89774,42.219077]},"properties":{"glacier_key":"X[3]","name":"","name_en":"","morphology":"вис.-кар.","catalogue_number":"","number_1980":"","country":"","perimeter_m":"809.5","length_m":"","aspect":"","elevation_min_m":"3569.0","elevation_max_m":"3664.0","elevation_range_m":"95.0","source_file":"Пскем_2023.xls"}},{"type":"Feature","geometry":{"type":"Point","coordinates":[70.866558,42.208605]},"properties":{"glacier_key":"105, 2013","name":"№ 105","name_en":"","morphology":"кар.","catalogue_number":"","number_1980":"","country":"","perimeter_m":"1377.6","length_m":"","aspect":"","elevation_min_m":"3607.0","elevation_max_m":"3805.6","elevation_range_m":"198.6","source_file":"Пскем_2023.xls"}},{"type":"Feature","geometry":{"type":"Point","coordinates":[70.855648,42.203055]},"properties":{"glacier_key":"106, 2013","name":"№ 106","name_en":"","morphology":"кар.","catalogue_number":"","number_1980":"","country":"","perimeter_m":"1197.5","length_m":"","aspect":"","elevation_min_m":"3627.0","elevation_max_m":"3809.4","elevation_range_m":"182.4","source_file":"Пскем_2023.xls"}},{"type":"Feature","geometry":{"type":"Point","coordinates":[70.855838,42.193205]},"properties":{"glacier_key":"107, 2013","name":"Атмыташ-2","name_en":"","morphology":"кар.","catalogue_number":"","number_1980":"","country":"Uz","perimeter_m":"1062.8","length_m":"","aspect":"","elevation_min_m":"3482.9","elevation_max_m":"3612.9","elevation_range_m":"129.9","source_file":"Пскем_2023.xls"}},{"type":"Feature","geometry":{"type":"Point","coordinates":[70.85881,42.190892]},"properties":{"glacier_key":"108, 2013","name":"Атмыташ-1","name_en":"","morphology":"кар.","catalogue_number":"","number_1980":"","country":"Uz","perimeter_m":"1049.6","length_m":"","aspect":"","elevation_min_m":"3454.2","elevation_max_m":"3644.0","elevation_range_m":"189.8","source_file":"Пскем_2023.xls"}},{"type":"Feature","geometry":{"type":"Point","coordinates":[71.043881,42.284264]},"properties":{"glacier_key":"101, 2013","name":"Тюзашу","name_en":"","morphology":"вис.-кар.","catalogue_number":"","number_1980":"","country":"Uz","perimeter_m":"1715.3","length_m":"","aspect":"","elevation_min_m":"3645.0","elevation_max_m":"3769.0","elevation_range_m":"124.0","source_file":"Пскем_2023.xls"}},{"type":"Feature","geometry":{"type":"Point","coordinates":[71.117531,42.272539]},"properties":{"glacier_key":"100, 2013","name":"№ 100","name_en":"","morphology":"кар.","catalogue_number":"","number_1980":"","country":"Uz","perimeter_m":"2001.1","length_m":"","aspect":"","elevation_min_m":"3550.0","elevation_max_m":"3817.5","elevation_range_m":"267.5","source_file":"Пскем_2023.xls"}},{"type":"Feature","geometry":{"type":"Point","coordinates":[71.240434,42.224063]},"properties":{"glacier_key":"99, 2013","name":"Озёрный верхний","name_en":"","morphology":"кар.","catalogue_number":"","number_1980":"","country":"","perimeter_m":"3503.7","length_m":"","aspect":"","elevation_min_m":"3969.0","elevation_max_m":"4162.4","elevation_range_m":"193.4","source_file":"Пскем_2023.xls"}},{"type":"Feature","geometry":{"type":"Point","coordinates":[71.242087,42.214606]},"properties":{"glacier_key":"98, 2013","name":"Озёрный Средний","name_en":"","morphology":"прискл.","catalogue_number":"","number_1980":"","country":"","perimeter_m":"3666.1","length_m":"","aspect":"","elevation_min_m":"3862.0","elevation_max_m":"4282.3","elevation_range_m":"420.3","source_file":"Пскем_2023.xls"}},{"type":"Feature","geometry":{"type":"Point","coordinates":[71.23713,42.208669]},"properties":{"glacier_key":"97, 2013","name":"Озёрный Нижний","name_en":"","morphology":"прискл.","catalogue_number":"","number_1980":"","country":"Uz","perimeter_m":"3292.8","length_m":"","aspect":"","elevation_min_m":"3781.0","elevation_max_m":"4208.0","elevation_range_m":"427.0","source_file":"Пскем_2023.xls"}},{"type":"Feature","geometry":{"type":"Point","coordinates":[71.248515,42.187549]},"properties":{"glacier_key":"96, 2013","name":"Козий","name_en":"","morphology":"прискл.","catalogue_number":"","number_1980":"","country":"Uz","perimeter_m":"8748.0","length_m":"","aspect":"","elevation_min_m":"3731.0","elevation_max_m":"4376.3","elevation_range_m":"645.3","source_file":"Пскем_2023.xls"}},{"type":"Feature","geometry":{"type":"Point","coordinates":[71.204569,42.169615]},"properties":{"glacier_key":"94, 2013","name":"Имени Географака","name_en":"","morphology":"кар.","catalogue_number":"","number_1980":"","country":"Uz","perimeter_m":"4400.4","length_m":"","aspect":"","elevation_min_m":"3603.0","elevation_max_m":"4220.0","elevation_range_m":"617.0","source_file":"Пскем_2023.xls"}},{"type":"Feature","geometry":{"type":"Point","coordinates":[71.215176,42.161175]},"properties":{"glacier_key":"95, 2013","name":"Калесника","name_en":"","morphology":"кар.-вис.","catalogue_number":"","number_1980":"","country":"Uz","perimeter_m":"4587.0","length_m":"","aspect":"","elevation_min_m":"3682.4","elevation_max_m":"4221.0","elevation_range_m":"538.6","source_file":"Пскем_2023.xls"}},{"type":"Feature","geometry":{"type":"Point","coordinates":[71.230702,42.158039]},"properties":{"glacier_key":"95[2], 2013","name":"Калесника","name_en":"Kalesnika","morphology":"сл.-дол.","catalogue_number":"95","number_1980":"109","country":"","perimeter_m":"12327.8","length_m":"","aspect":"","elevation_min_m":"3487.0","elevation_max_m":"4038.0","elevation_range_m":"551.0","source_file":"Пскем_2023.xls"}},{"type":"Feature","geometry":{"type":"Point","coordinates":[71.251434,42.169363]},"properties":{"glacier_key":"95[3], 2013","name":"Калесника Правый","name_en":"Kalesnika Right","morphology":"кар.-вис.","catalogue_number":"95","number_1980":"109","country":"","perimeter_m":"4095.4","length_m":"","aspect":"","elevation_min_m":"3727.9","elevation_max_m":"4078.0","elevation_range_m":"350.1","source_file":"Пскем_2023.xls"}},{"type":"Feature","geometry":{"type":"Point","coordinates":[71.208677,42.143813]},"properties":{"glacier_key":"93, 2013","name":"Токмаксалды-1","name_en":"","morphology":"кар.","catalogue_number":"","number_1980":"","country":"","perimeter_m":"6653.3","length_m":"","aspect":"","elevation_min_m":"3547.0","elevation_max_m":"4059.5","elevation_range_m":"512.5","source_file":"Пскем_2023.xls"}},{"type":"Feature","geometry":{"type":"Point","coordinates":[71.181426,42.144142]},"properties":{"glacier_key":"92, 2013","name":"Токмаксалды-2","name_en":"","morphology":"кар.-вис.","catalogue_number":"","number_1980":"","country":"Uz","perimeter_m":"1969.1","length_m":"","aspect":"","elevation_min_m":"3484.0","elevation_max_m":"3788.7","elevation_range_m":"304.7","source_file":"Пскем_2023.xls"}},{"type":"Feature","geometry":{"type":"Point","coordinates":[71.171558,42.146025]},"properties":{"glacier_key":"92[2], 2013","name":"Токмаксалды-2","name_en":"","morphology":"кар.-вис.","catalogue_number":"","number_1980":"","country":"Uz","perimeter_m":"2618.3","length_m":"","aspect":"","elevation_min_m":"3587.9","elevation_max_m":"3857.0","elevation_range_m":"269.0","source_file":"Пскем_2023.xls"}},{"type":"Feature","geometry":{"type":"Point","coordinates":[71.170639,42.153743]},"properties":{"glacier_key":"91, 2013","name":"Токмаксалды-3","name_en":"","morphology":"кар.-вис.","catalogue_number":"","number_1980":"","country":"Uz","perimeter_m":"1521.0","length_m":"","aspect":"","elevation_min_m":"3632.6","elevation_max_m":"3868.8","elevation_range_m":"236.2","source_file":"Пскем_2023.xls"}},{"type":"Feature","geometry":{"type":"Point","coordinates":[71.167535,42.161358]},"properties":{"glacier_key":"90, 2013","name":"Токмаксалды-4","name_en":"","morphology":"кар.-дол.","catalogue_number":"","number_1980":"","country":"Uz","perimeter_m":"779.8","length_m":"","aspect":"","elevation_min_m":"3628.0","elevation_max_m":"3714.6","elevation_range_m":"86.6","source_file":"Пскем_2023.xls"}},{"type":"Feature","geometry":{"type":"Point","coordinates":[71.188155,42.146307]},"properties":{"glacier_key":"92[3], 2013","name":"Токмаксалды-2","name_en":"","morphology":"кар.-вис.","catalogue_number":"","number_1980":"","country":"Uz","perimeter_m":"1243.7","length_m":"","aspect":"","elevation_min_m":"3459.0","elevation_max_m":"3636.0","elevation_range_m":"177.0","source_file":"Пскем_2023.xls"}},{"type":"Feature","geometry":{"type":"Point","coordinates":[71.152849,42.14151]},"properties":{"glacier_key":"89, 2013","name":"Пахтакор","name_en":"Pakhtakor","morphology":"кар.-дол.","catalogue_number":"89","number_1980":"1012","country":"Uz","perimeter_m":"13306.6","length_m":"","aspect":"","elevation_min_m":"3506.5","elevation_max_m":"4122.2","elevation_range_m":"615.7","source_file":"Пскем_2023.xls"}},{"type":"Feature","geometry":{"type":"Point","coordinates":[71.152844,42.195438]},"properties":{"glacier_key":"88, 2013","name":"Гагарина","name_en":"","morphology":"кар.-дол.","catalogue_number":"","number_1980":"","country":"Uz","perimeter_m":"6791.5","length_m":"","aspect":"","elevation_min_m":"3552.0","elevation_max_m":"4018.2","elevation_range_m":"466.2","source_file":"Пскем_2023.xls"}},{"type":"Feature","geometry":{"type":"Point","coordinates":[71.137898,42.194767]},"properties":{"glacier_key":"87, 2013","name":"Титова","name_en":"","morphology":"кар.-дол.","catalogue_number":"","number_1980":"","country":"Uz","perimeter_m":"5798.7","length_m":"","aspect":"","elevation_min_m":"3605.0","elevation_max_m":"3956.0","elevation_range_m":"351.0","source_file":"Пскем_2023.xls"}},{"type":"Feature","geometry":{"type":"Point","coordinates":[71.127981,42.197345]},"properties":{"glacier_key":"86, 2013","name":"№ 86","name_en":"","morphology":"вис.","catalogue_number":"","number_1980":"","country":"Uz","perimeter_m":"2376.5","length_m":"","aspect":"","elevation_min_m":"3899.0","elevation_max_m":"4192.0","elevation_range_m":"293.0","source_file":"Пскем_2023.xls"}},{"type":"Feature","geometry":{"type":"Point","coordinates":[71.131963,42.206232]},"properties":{"glacier_key":"85, 2013","name":"Восток","name_en":"","morphology":"вис.-кар.","catalogue_number":"","number_1980":"","country":"Uz","perimeter_m":"3044.3","length_m":"","aspect":"","elevation_min_m":"3657.0","elevation_max_m":"4012.0","elevation_range_m":"355.0","source_file":"Пскем_2023.xls"}},{"type":"Feature","geometry":{"type":"Point","coordinates":[71.132059,42.216772]},"properties":{"glacier_key":"84, 2013","name":"№ 84","name_en":"","morphology":"кар.-вис.","catalogue_number":"","number_1980":"","country":"Uz","perimeter_m":"1163.7","length_m":"","aspect":"","elevation_min_m":"3882.0","elevation_max_m":"4013.0","elevation_range_m":"131.0","source_file":"Пскем_2023.xls"}},{"type":"Feature","geometry":{"type":"Point","coordinates":[71.121136,42.210688]},"properties":{"glacier_key":"83, 2013","name":"Текетур-1","name_en":"","morphology":"вис.","catalogue_number":"","number_1980":"","country":"Uz","perimeter_m":"3873.7","length_m":"","aspect":"","elevation_min_m":"3630.0","elevation_max_m":"3956.6","elevation_range_m":"326.6","source_file":"Пскем_2023.xls"}},{"type":"Feature","geometry":{"type":"Point","coordinates":[71.112687,42.212209]},"properties":{"glacier_key":"82, 2013","name":"Текетур-2","name_en":"","morphology":"кар.-вис.","catalogue_number":"","number_1980":"","country":"Uz","perimeter_m":"1604.8","length_m":"","aspect":"","elevation_min_m":"3601.0","elevation_max_m":"3779.0","elevation_range_m":"178.0","source_file":"Пскем_2023.xls"}},{"type":"Feature","geometry":{"type":"Point","coordinates":[71.119319,42.118465]},"properties":{"glacier_key":"81, 2013","name":"Тастарсай-3","name_en":"","morphology":"кар.-дол.","catalogue_number":"","number_1980":"","country":"Uz","perimeter_m":"8534.8","length_m":"","aspect":"","elevation_min_m":"3552.6","elevation_max_m":"3977.9","elevation_range_m":"425.3","source_file":"Пскем_2023.xls"}},{"type":"Feature","geometry":{"type":"Point","coordinates":[71.093336,42.13322]},"properties":{"glacier_key":"80, 2013","name":"Тастарсай-2б","name_en":"","morphology":"кар.","catalogue_number":"","number_1980":"","country":"Uz","perimeter_m":"4492.9","length_m":"","aspect":"","elevation_min_m":"3731.7","elevation_max_m":"4185.0","elevation_range_m":"453.3","source_file":"Пскем_2023.xls"}},{"type":"Feature","geometry":{"type":"Point","coordinates":[71.102638,42.134238]},"properties":{"glacier_key":"80[2], 2013","name":"Тастарсай-2б","name_en":"","morphology":"кар.-дол.","catalogue_number":"","number_1980":"","country":"Uz","perimeter_m":"4532.0","length_m":"","aspect":"","elevation_min_m":"3627.7","elevation_max_m":"4144.0","elevation_range_m":"516.3","source_file":"Пскем_2023.xls"}},{"type":"Feature","geometry":{"type":"Point","coordinates":[71.090223,42.141088]},"properties":{"glacier_key":"79, 2013","name":"Тастарсай-2а","name_en":"","morphology":"кар.","catalogue_number":"","number_1980":"","country":"Uz","perimeter_m":"2194.5","length_m":"","aspect":"","elevation_min_m":"3666.8","elevation_max_m":"3945.0","elevation_range_m":"278.2","source_file":"Пскем_2023.xls"}},{"type":"Feature","geometry":{"type":"Point","coordinates":[71.089132,42.156604]},"properties":{"glacier_key":"78, 2013","name":"Тастарсай-1","name_en":"","morphology":"дол.","catalogue_number":"","number_1980":"","country":"Uz","perimeter_m":"5188.4","length_m":"","aspect":"","elevation_min_m":"3600.0","elevation_max_m":"4227.0","elevation_range_m":"627.0","source_file":"Пскем_2023.xls"}},{"type":"Feature","geometry":{"type":"Point","coordinates":[71.093884,42.175332]},"properties":{"glacier_key":"77, 2013","name":"№ 77","name_en":"","morphology":"кар.","catalogue_number":"","number_1980":"","country":"Uz","perimeter_m":"1112.1","length_m":"","aspect":"","elevation_min_m":"3566.9","elevation_max_m":"3786.1","elevation_range_m":"219.1","source_file":"Пскем_2023.xls"}},{"type":"Feature","geometry":{"type":"Point","coordinates":[71.087591,42.176878]},"properties":{"glacier_key":"76, 2013","name":"№ 76","name_en":"","morphology":"кар.","catalogue_number":"","number_1980":"","country":"Uz","perimeter_m":"820.0","length_m":"","aspect":"","elevation_min_m":"3650.3","elevation_max_m":"3830.2","elevation_range_m":"179.8","source_file":"Пскем_2023.xls"}},{"type":"Feature","geometry":{"type":"Point","coordinates":[71.106909,42.120363]},"properties":{"glacier_key":"75, 2013","name":"Аккапчигай-1","name_en":"","morphology":"кар.-дол.","catalogue_number":"","number_1980":"","country":"Uz","perimeter_m":"1714.2","length_m":"","aspect":"","elevation_min_m":"3875.7","elevation_max_m":"4106.0","elevation_range_m":"230.3","source_file":"Пскем_2023.xls"}},{"type":"Feature","geometry":{"type":"Point","coordinates":[71.087149,42.097362]},"properties":{"glacier_key":"74, 2013","name":"Аккапчигай Юго-Восточный","name_en":"","morphology":"кар.-дол.","catalogue_number":"","number_1980":"","country":"Uz","perimeter_m":"6162.6","length_m":"","aspect":"","elevation_min_m":"3523.0","elevation_max_m":"3964.0","elevation_range_m":"441.0","source_file":"Пскем_2023.xls"}},{"type":"Feature","geometry":{"type":"Point","coordinates":[71.071427,42.100865]},"properties":{"glacier_key":"73, 2013","name":"Аккапчигай-2","name_en":"","morphology":"вис.-кар.","catalogue_number":"","number_1980":"","country":"Uz","perimeter_m":"3369.1","length_m":"","aspect":"","elevation_min_m":"3657.0","elevation_max_m":"3981.0","elevation_range_m":"324.0","source_file":"Пскем_2023.xls"}},{"type":"Feature","geometry":{"type":"Point","coordinates":[71.069393,42.094028]},"properties":{"glacier_key":"72, 2013","name":"№ 72","name_en":"","morphology":"кар.","catalogue_number":"","number_1980":"","country":"Uz","perimeter_m":"1098.4","length_m":"","aspect":"","elevation_min_m":"3793.4","elevation_max_m":"3947.6","elevation_range_m":"154.2","source_file":"Пскем_2023.xls"}},{"type":"Feature","geometry":{"type":"Point","coordinates":[71.059484,42.087765]},"properties":{"glacier_key":"71, 2013","name":"Аккапчигай Южный","name_en":"","morphology":"сл.-дол.","catalogue_number":"","number_1980":"","country":"Uz","perimeter_m":"8730.3","length_m":"","aspect":"","elevation_min_m":"3552.2","elevation_max_m":"3992.0","elevation_range_m":"439.8","source_file":"Пскем_2023.xls"}},{"type":"Feature","geometry":{"type":"Point","coordinates":[71.02329,42.121457]},"properties":{"glacier_key":"69, 2013","name":"Аккапчигай Юго-Западный","name_en":"","morphology":"кар.-дол.","catalogue_number":"","number_1980":"","country":"Uz","perimeter_m":"3083.5","length_m":"","aspect":"","elevation_min_m":"3753.2","elevation_max_m":"3935.4","elevation_range_m":"182.2","source_file":"Пскем_2023.xls"}},{"type":"Feature","geometry":{"type":"Point","coordinates":[71.042412,42.104969]},"properties":{"glacier_key":"70, 2013","name":"Аккапчигай-3","name_en":"","morphology":"прискл.","catalogue_number":"","number_1980":"","country":"Uz","perimeter_m":"1796.8","length_m":"","aspect":"","elevation_min_m":"3708.6","elevation_max_m":"4000.0","elevation_range_m":"291.4","source_file":"Пскем_2023.xls"}},{"type":"Feature","geometry":{"type":"Point","coordinates":[71.031132,42.146105]},"properties":{"glacier_key":"64, 2013","name":"Аккапчигай-6","name_en":"","morphology":"кар.","catalogue_number":"","number_1980":"","country":"Uz","perimeter_m":"1543.8","length_m":"","aspect":"","elevation_min_m":"3772.0","elevation_max_m":"3995.0","elevation_range_m":"223.0","source_file":"Пскем_2023.xls"}},{"type":"Feature","geometry":{"type":"Point","coordinates":[71.039257,42.129426]},"properties":{"glacier_key":"66, 2013","name":"№ 66","name_en":"","morphology":"кар.","catalogue_number":"","number_1980":"","country":"Uz","perimeter_m":"1289.7","length_m":"","aspect":"","elevation_min_m":"3771.0","elevation_max_m":"4037.6","elevation_range_m":"266.6","source_file":"Пскем_2023.xls"}},{"type":"Feature","geometry":{"type":"Point","coordinates":[71.041352,42.124978]},"properties":{"glacier_key":"67, 2013","name":"Аккапчигай-5","name_en":"","morphology":"кар.","catalogue_number":"","number_1980":"","country":"Uz","perimeter_m":"955.3","length_m":"","aspect":"","elevation_min_m":"3717.8","elevation_max_m":"3864.0","elevation_range_m":"146.2","source_file":"Пскем_2023.xls"}},{"type":"Feature","geometry":{"type":"Point","coordinates":[71.039352,42.136731]},"properties":{"glacier_key":"65, 2013","name":"Аккапчигай Переметный","name_en":"","morphology":"кар.","catalogue_number":"","number_1980":"","country":"Uz","perimeter_m":"8080.7","length_m":"","aspect":"","elevation_min_m":"3359.5","elevation_max_m":"4227.0","elevation_range_m":"867.5","source_file":"Пскем_2023.xls"}},{"type":"Feature","geometry":{"type":"Point","coordinates":[71.023912,42.150786]},"properties":{"glacier_key":"62, 2013","name":"Аккапчигай","name_en":"","morphology":"кар.","catalogue_number":"","number_1980":"","country":"Uz","perimeter_m":"3871.9","length_m":"","aspect":"","elevation_min_m":"3774.0","elevation_max_m":"4113.8","elevation_range_m":"339.8","source_file":"Пскем_2023.xls"}},{"type":"Feature","geometry":{"type":"Point","coordinates":[71.031051,42.162399]},"properties":{"glacier_key":"61, 2013","name":"Аккапчигай-8","name_en":"","morphology":"кар.","catalogue_number":"","number_1980":"","country":"Uz","perimeter_m":"2694.0","length_m":"","aspect":"","elevation_min_m":"3638.0","elevation_max_m":"3953.0","elevation_range_m":"315.0","source_file":"Пскем_2023.xls"}},{"type":"Feature","geometry":{"type":"Point","coordinates":[71.030511,42.170853]},"properties":{"glacier_key":"60, 2013","name":"Аккапчигай Северный","name_en":"","morphology":"кар.-дол.","catalogue_number":"","number_1980":"","country":"Uz","perimeter_m":"4351.8","length_m":"","aspect":"","elevation_min_m":"3558.0","elevation_max_m":"3980.0","elevation_range_m":"422.0","source_file":"Пскем_2023.xls"}},{"type":"Feature","geometry":{"type":"Point","coordinates":[71.028486,42.186127]},"properties":{"glacier_key":"59, 2013","name":"№59","name_en":"","morphology":"кар.-вис.","catalogue_number":"","number_1980":"","country":"Uz","perimeter_m":"1465.8","length_m":"","aspect":"","elevation_min_m":"3482.0","elevation_max_m":"3754.6","elevation_range_m":"272.6","source_file":"Пскем_2023.xls"}},{"type":"Feature","geometry":{"type":"Point","coordinates":[71.020486,42.181469]},"properties":{"glacier_key":"58, 2013","name":"Тюякарын-3","name_en":"","morphology":"кар.-вис.","catalogue_number":"","number_1980":"","country":"Uz","perimeter_m":"2196.3","length_m":"","aspect":"","elevation_min_m":"3597.0","elevation_max_m":"4112.0","elevation_range_m":"515.0","source_file":"Пскем_2023.xls"}},{"type":"Feature","geometry":{"type":"Point","coordinates":[71.013926,42.176797]},"properties":{"glacier_key":"57, 2013","name":"Тюякарын-2","name_en":"","morphology":"кар.-вис.","catalogue_number":"","number_1980":"","country":"Uz","perimeter_m":"2812.1","length_m":"","aspect":"","elevation_min_m":"3700.2","elevation_max_m":"4122.0","elevation_range_m":"421.8","source_file":"Пскем_2023.xls"}},{"type":"Feature","geometry":{"type":"Point","coordinates":[71.011468,42.162252]},"properties":{"glacier_key":"56, 2013","name":"Тюякарын-1","name_en":"","morphology":"кар.-дол.","catalogue_number":"","number_1980":"","country":"Uz","perimeter_m":"7124.0","length_m":"","aspect":"","elevation_min_m":"3588.0","elevation_max_m":"4257.4","elevation_range_m":"669.4","source_file":"Пскем_2023.xls"}},{"type":"Feature","geometry":{"type":"Point","coordinates":[71.021402,42.135913]},"properties":{"glacier_key":"55, 2013","name":"Баркрак Правый","name_en":"Barkrak Right","morphology":"кар.-дол.","catalogue_number":"55","number_1980":"65","country":"Uz","perimeter_m":"11547.2","length_m":"1876.3","aspect":"327.91303718153085","elevation_min_m":"3615.2","elevation_max_m":"4265.0","elevation_range_m":"649.8","source_file":"Пскем_2023.xls"}},{"type":"Feature","geometry":{"type":"Point","coordinates":[70.978844,42.129154]},"properties":{"glacier_key":"54[3], 2013","name":"Баркрак Средний Левый","name_en":"Barkrak Middle","morphology":"кар.-дол.","catalogue_number":"54","number_1980":"61","country":"Uz","perimeter_m":"3826.2","length_m":"667.7","aspect":"11.807470459837518","elevation_min_m":"3385.8","elevation_max_m":"3698.0","elevation_range_m":"312.2","source_file":"Пскем_2023.xls"}},{"type":"Feature","geometry":{"type":"Point","coordinates":[70.945272,42.135943]},"properties":{"glacier_key":"52, 2013","name":"№ 52","name_en":"","morphology":"кар.","catalogue_number":"52","number_1980":"59","country":"Uz","perimeter_m":"2877.4","length_m":"677.7","aspect":"26.511649541219647","elevation_min_m":"3514.0","elevation_max_m":"3793.0","elevation_range_m":"279.0","source_file":"Пскем_2023.xls"}},{"type":"Feature","geometry":{"type":"Point","coordinates":[70.958847,42.129071]},"properties":{"glacier_key":"53, 2013","name":"Баркрак Левый","name_en":"Barkrak Left","morphology":"дол.","catalogue_number":"53","number_1980":"60","country":"Uz","perimeter_m":"8317.5","length_m":"2565.9","aspect":"327.0504624679944","elevation_min_m":"3479.0","elevation_max_m":"4280.0","elevation_range_m":"801.0","source_file":"Пскем_2023.xls"}},{"type":"Feature","geometry":{"type":"Point","coordinates":[71.041452,42.078815]},"properties":{"glacier_key":"50, 2013","name":"Кызылтор-2","name_en":"","morphology":"кар.","catalogue_number":"","number_1980":"","country":"Uz","perimeter_m":"2046.3","length_m":"","aspect":"","elevation_min_m":"3639.0","elevation_max_m":"3920.0","elevation_range_m":"281.0","source_file":"Пскем_2023.xls"}},{"type":"Feature","geometry":{"type":"Point","coordinates":[71.047816,42.081926]},"properties":{"glacier_key":"51, 2013","name":"Кызылтор-1","name_en":"","morphology":"кар.","catalogue_number":"","number_1980":"","country":"Uz","perimeter_m":"509.9","length_m":"","aspect":"","elevation_min_m":"3913.4","elevation_max_m":"4004.0","elevation_range_m":"90.6","source_file":"Пскем_2023.xls"}},{"type":"Feature","geometry":{"type":"Point","coordinates":[71.037118,42.070488]},"properties":{"glacier_key":"49, 2013","name":"Кызылтор-3","name_en":"","morphology":"кар.-дол.","catalogue_number":"","number_1980":"","country":"Uz","perimeter_m":"4169.5","length_m":"","aspect":"","elevation_min_m":"3532.8","elevation_max_m":"3912.0","elevation_range_m":"379.2","source_file":"Пскем_2023.xls"}},{"type":"Feature","geometry":{"type":"Point","coordinates":[71.027782,42.072952]},"properties":{"glacier_key":"48, 2013","name":"Кызылтор-4","name_en":"","morphology":"кар.","catalogue_number":"","number_1980":"","country":"Uz","perimeter_m":"3549.6","length_m":"","aspect":"","elevation_min_m":"3497.0","elevation_max_m":"3896.0","elevation_range_m":"399.0","source_file":"Пскем_2023.xls"}},{"type":"Feature","geometry":{"type":"Point","coordinates":[71.023989,42.065732]},"properties":{"glacier_key":"47, 2013","name":"Карбастор-4","name_en":"","morphology":"вис.","catalogue_number":"","number_1980":"","country":"Uz","perimeter_m":"1177.7","length_m":"","aspect":"","elevation_min_m":"3748.0","elevation_max_m":"3959.1","elevation_range_m":"211.1","source_file":"Пскем_2023.xls"}},{"type":"Feature","geometry":{"type":"Point","coordinates":[71.018716,42.062661]},"properties":{"glacier_key":"46, 2013","name":"Карбастор-3","name_en":"","morphology":"кар.","catalogue_number":"","number_1980":"","country":"Uz","perimeter_m":"1768.8","length_m":"","aspect":"","elevation_min_m":"3602.7","elevation_max_m":"3879.8","elevation_range_m":"277.0","source_file":"Пскем_2023.xls"}},{"type":"Feature","geometry":{"type":"Point","coordinates":[71.00961,42.059748]},"properties":{"glacier_key":"45, 2013","name":"Карбастор-2","name_en":"","morphology":"кар.","catalogue_number":"","number_1980":"","country":"Uz","perimeter_m":"1722.5","length_m":"","aspect":"","elevation_min_m":"3691.0","elevation_max_m":"4051.0","elevation_range_m":"360.0","source_file":"Пскем_2023.xls"}},{"type":"Feature","geometry":{"type":"Point","coordinates":[71.00639,42.063586]},"properties":{"glacier_key":"44, 2013","name":"Карбастор-1","name_en":"","morphology":"прискл.","catalogue_number":"","number_1980":"","country":"Uz","perimeter_m":"652.1","length_m":"","aspect":"","elevation_min_m":"3487.0","elevation_max_m":"3579.0","elevation_range_m":"92.0","source_file":"Пскем_2023.xls"}},{"type":"Feature","geometry":{"type":"Point","coordinates":[71.000858,42.05816]},"properties":{"glacier_key":"43, 2013","name":"Аксакой","name_en":"","morphology":"кар.","catalogue_number":"","number_1980":"","country":"Uz","perimeter_m":"1192.7","length_m":"","aspect":"","elevation_min_m":"3694.5","elevation_max_m":"3918.0","elevation_range_m":"223.5","source_file":"Пскем_2023.xls"}},{"type":"Feature","geometry":{"type":"Point","coordinates":[70.988228,42.034169]},"properties":{"glacier_key":"42, 2013","name":"Исеноман Восточный","name_en":"","morphology":"прискл.","catalogue_number":"","number_1980":"","country":"","perimeter_m":"3195.9","length_m":"","aspect":"","elevation_min_m":"3542.0","elevation_max_m":"3876.0","elevation_range_m":"334.0","source_file":"Пскем_2023.xls"}},{"type":"Feature","geometry":{"type":"Point","coordinates":[70.934129,42.035459]},"properties":{"glacier_key":"41, 2013","name":"Исеноман Западный","name_en":"","morphology":"кар.","catalogue_number":"","number_1980":"","country":"","perimeter_m":"3572.2","length_m":"","aspect":"","elevation_min_m":"3549.0","elevation_max_m":"3812.0","elevation_range_m":"263.0","source_file":"Пскем_2023.xls"}},{"type":"Feature","geometry":{"type":"Point","coordinates":[70.921243,42.069853]},"properties":{"glacier_key":"40, 2013","name":"Тундуксай-1","name_en":"","morphology":"кар.-вис.","catalogue_number":"","number_1980":"","country":"Uz","perimeter_m":"1600.6","length_m":"","aspect":"","elevation_min_m":"3499.0","elevation_max_m":"3944.4","elevation_range_m":"445.4","source_file":"Пскем_2023.xls"}},{"type":"Feature","geometry":{"type":"Point","coordinates":[70.923262,42.083747]},"properties":{"glacier_key":"39, 2013","name":"Тундуксай-2","name_en":"","morphology":"кар.-вис.","catalogue_number":"","number_1980":"","country":"Uz","perimeter_m":"1674.4","length_m":"","aspect":"","elevation_min_m":"3274.2","elevation_max_m":"3611.4","elevation_range_m":"337.3","source_file":"Пскем_2023.xls"}},{"type":"Feature","geometry":{"type":"Point","coordinates":[70.913292,42.088269]},"properties":{"glacier_key":"38, 2013","name":"Тундуксай-3","name_en":"","morphology":"кар.","catalogue_number":"","number_1980":"","country":"Uz","perimeter_m":"4624.2","length_m":"","aspect":"","elevation_min_m":"3331.9","elevation_max_m":"4005.5","elevation_range_m":"673.7","source_file":"Пскем_2023.xls"}},{"type":"Feature","geometry":{"type":"Point","coordinates":[70.910506,42.094058]},"properties":{"glacier_key":"37, 2013","name":"Тундуксай-4","name_en":"","morphology":"кар.-вис.","catalogue_number":"","number_1980":"","country":"Uz","perimeter_m":"785.8","length_m":"","aspect":"","elevation_min_m":"3527.9","elevation_max_m":"3696.0","elevation_range_m":"168.1","source_file":"Пскем_2023.xls"}},{"type":"Feature","geometry":{"type":"Point","coordinates":[70.906217,42.095363]},"properties":{"glacier_key":"36, 2013","name":"Тундуксай-5","name_en":"","morphology":"кар.-вис.","catalogue_number":"","number_1980":"","country":"Uz","perimeter_m":"1919.4","length_m":"","aspect":"","elevation_min_m":"3465.4","elevation_max_m":"3895.0","elevation_range_m":"429.6","source_file":"Пскем_2023.xls"}},{"type":"Feature","geometry":{"type":"Point","coordinates":[70.90614,42.04339]},"properties":{"glacier_key":"35, 2013","name":"Караканыш-1","name_en":"","morphology":"кар.","catalogue_number":"","number_1980":"","country":"","perimeter_m":"4623.5","length_m":"","aspect":"","elevation_min_m":"3509.8","elevation_max_m":"3846.0","elevation_range_m":"336.2","source_file":"Пскем_2023.xls"}},{"type":"Feature","geometry":{"type":"Point","coordinates":[70.895264,42.052899]},"properties":{"glacier_key":"34, 2013","name":"Караканыш-1а","name_en":"","morphology":"кар.","catalogue_number":"","number_1980":"","country":"Uz","perimeter_m":"2941.8","length_m":"","aspect":"","elevation_min_m":"3638.0","elevation_max_m":"3892.0","elevation_range_m":"254.0","source_file":"Пскем_2023.xls"}},{"type":"Feature","geometry":{"type":"Point","coordinates":[70.89614,42.059272]},"properties":{"glacier_key":"33, 2013","name":"Караканыш-2","name_en":"","morphology":"кар.","catalogue_number":"","number_1980":"","country":"Uz","perimeter_m":"3755.3","length_m":"","aspect":"","elevation_min_m":"3432.4","elevation_max_m":"3704.0","elevation_range_m":"271.6","source_file":"Пскем_2023.xls"}},{"type":"Feature","geometry":{"type":"Point","coordinates":[70.872555,42.057158]},"properties":{"glacier_key":"32, 2013","name":"Терметаш","name_en":"","morphology":"дол.","catalogue_number":"","number_1980":"","country":"Uz","perimeter_m":"13904.7","length_m":"","aspect":"","elevation_min_m":"3180.0","elevation_max_m":"4233.0","elevation_range_m":"1053.0","source_file":"Пскем_2023.xls"}},{"type":"Feature","geometry":{"type":"Point","coordinates":[70.835671,42.002542]},"properties":{"glacier_key":"30, 2013","name":"Кызылтор-2","name_en":"","morphology":"кар.","catalogue_number":"","number_1980":"","country":"Uz","perimeter_m":"2148.3","length_m":"","aspect":"","elevation_min_m":"3505.2","elevation_max_m":"3769.7","elevation_range_m":"264.5","source_file":"Пскем_2023.xls"}},{"type":"Feature","geometry":{"type":"Point","coordinates":[70.809389,42.005399]},"properties":{"glacier_key":"28, 2013","name":"Кызылтор-4","name_en":"","morphology":"кар.","catalogue_number":"","number_1980":"","country":"Uz","perimeter_m":"1451.1","length_m":"","aspect":"","elevation_min_m":"3350.0","elevation_max_m":"3486.0","elevation_range_m":"136.0","source_file":"Пскем_2023.xls"}},{"type":"Feature","geometry":{"type":"Point","coordinates":[70.817439,42.000557]},"properties":{"glacier_key":"29, 2013","name":"Кызылтор-3","name_en":"","morphology":"кар.","catalogue_number":"","number_1980":"","country":"Uz","perimeter_m":"636.4","length_m":"","aspect":"","elevation_min_m":"3379.0","elevation_max_m":"3469.0","elevation_range_m":"90.0","source_file":"Пскем_2023.xls"}},{"type":"Feature","geometry":{"type":"Point","coordinates":[70.825527,41.996874]},"properties":{"glacier_key":"29[2], 2013","name":"Кызылтор-3","name_en":"","morphology":"кар.","catalogue_number":"","number_1980":"","country":"Uz","perimeter_m":"839.1","length_m":"","aspect":"","elevation_min_m":"3506.0","elevation_max_m":"3602.0","elevation_range_m":"96.0","source_file":"Пскем_2023.xls"}},{"type":"Feature","geometry":{"type":"Point","coordinates":[70.800618,42.004999]},"properties":{"glacier_key":"27, 2013","name":"Чукуртор","name_en":"","morphology":"кар.","catalogue_number":"","number_1980":"","country":"Uz","perimeter_m":"1288.1","length_m":"","aspect":"","elevation_min_m":"3490.0","elevation_max_m":"3659.0","elevation_range_m":"169.0","source_file":"Пскем_2023.xls"}},{"type":"Feature","geometry":{"type":"Point","coordinates":[70.849518,41.943779]},"properties":{"glacier_key":"26, 2013","name":"Джаяктор-4","name_en":"","morphology":"кар.","catalogue_number":"","number_1980":"","country":"Uz","perimeter_m":"1716.1","length_m":"","aspect":"","elevation_min_m":"3636.0","elevation_max_m":"3879.5","elevation_range_m":"243.5","source_file":"Пскем_2023.xls"}},{"type":"Feature","geometry":{"type":"Point","coordinates":[70.838207,41.93728]},"properties":{"glacier_key":"25, 2013","name":"Джаяктор-3","name_en":"","morphology":"кар.","catalogue_number":"","number_1980":"","country":"Uz","perimeter_m":"2901.3","length_m":"","aspect":"","elevation_min_m":"3551.7","elevation_max_m":"3936.0","elevation_range_m":"384.3","source_file":"Пскем_2023.xls"}},{"type":"Feature","geometry":{"type":"Point","coordinates":[70.83176,41.930261]},"properties":{"glacier_key":"24, 2013","name":"Джаяктор-2","name_en":"","morphology":"кар.-дол.","catalogue_number":"","number_1980":"","country":"Uz","perimeter_m":"3434.8","length_m":"","aspect":"","elevation_min_m":"3499.0","elevation_max_m":"3859.6","elevation_range_m":"360.6","source_file":"Пскем_2023.xls"}},{"type":"Feature","geometry":{"type":"Point","coordinates":[70.82215,41.931153]},"properties":{"glacier_key":"23, 2021","name":"Джаяктор-1","name_en":"","morphology":"кар.-дол.","catalogue_number":"","number_1980":"","country":"Uz","perimeter_m":"3801.2","length_m":"","aspect":"","elevation_min_m":"3483.0","elevation_max_m":"3838.5","elevation_range_m":"355.5","source_file":"Пскем_2023.xls"}},{"type":"Feature","geometry":{"type":"Point","coordinates":[70.805193,41.925926]},"properties":{"glacier_key":"22, 2013","name":"Чакыртор","name_en":"","morphology":"кар.-дол.","catalogue_number":"","number_1980":"","country":"Uz","perimeter_m":"4338.6","length_m":"","aspect":"","elevation_min_m":"3380.0","elevation_max_m":"4199.0","elevation_range_m":"819.0","source_file":"Пскем_2023.xls"}},{"type":"Feature","geometry":{"type":"Point","coordinates":[70.782945,41.929772]},"properties":{"glacier_key":"21, 2013","name":"Туюктор-2","name_en":"","morphology":"кар.","catalogue_number":"","number_1980":"","country":"Uz","perimeter_m":"2481.2","length_m":"","aspect":"","elevation_min_m":"3463.0","elevation_max_m":"3753.0","elevation_range_m":"290.0","source_file":"Пскем_2023.xls"}},{"type":"Feature","geometry":{"type":"Point","coordinates":[70.774922,41.932811]},"properties":{"glacier_key":"20, 2013","name":"Туюктор-2","name_en":"","morphology":"кар.","catalogue_number":"","number_1980":"","country":"Uz","perimeter_m":"2252.7","length_m":"","aspect":"","elevation_min_m":"3397.0","elevation_max_m":"3780.4","elevation_range_m":"383.4","source_file":"Пскем_2023.xls"}},{"type":"Feature","geometry":{"type":"Point","coordinates":[70.749541,41.916039]},"properties":{"glacier_key":"19, 2013","name":"Джамалтор-2","name_en":"","morphology":"кар.","catalogue_number":"","number_1980":"","country":"Uz","perimeter_m":"2694.2","length_m":"","aspect":"","elevation_min_m":"3442.0","elevation_max_m":"3756.8","elevation_range_m":"314.8","source_file":"Пскем_2023.xls"}},{"type":"Feature","geometry":{"type":"Point","coordinates":[70.739505,41.91857]},"properties":{"glacier_key":"18, 2013","name":"Джамалтор-1","name_en":"","morphology":"кар.","catalogue_number":"","number_1980":"","country":"Uz","perimeter_m":"2084.7","length_m":"","aspect":"","elevation_min_m":"3435.0","elevation_max_m":"3624.2","elevation_range_m":"189.2","source_file":"Пскем_2023.xls"}},{"type":"Feature","geometry":{"type":"Point","coordinates":[70.581554,41.937433]},"properties":{"glacier_key":"16, 2013","name":"№16","name_en":"","morphology":"кар.","catalogue_number":"","number_1980":"","country":"Uz","perimeter_m":"1742.1","length_m":"","aspect":"","elevation_min_m":"2973.0","elevation_max_m":"3203.0","elevation_range_m":"230.0","source_file":"Пскем_2023.xls"}},{"type":"Feature","geometry":{"type":"Point","coordinates":[70.616674,41.90254]},"properties":{"glacier_key":"17, 2013","name":"№17","name_en":"","morphology":"кар.","catalogue_number":"","number_1980":"","country":"Uz","perimeter_m":"1423.7","length_m":"","aspect":"","elevation_min_m":"3473.0","elevation_max_m":"3668.2","elevation_range_m":"195.2","source_file":"Пскем_2023.xls"}},{"type":"Feature","geometry":{"type":"Point","coordinates":[70.625302,41.853843]},"properties":{"glacier_key":"15, 2013","name":"Ихнач","name_en":"","morphology":"кар.","catalogue_number":"","number_1980":"","country":"","perimeter_m":"1185.9","length_m":"","aspect":"","elevation_min_m":"3479.0","elevation_max_m":"3640.3","elevation_range_m":"161.3","source_file":"Пскем_2023.xls"}},{"type":"Feature","geometry":{"type":"Point","coordinates":[70.619224,41.854068]},"properties":{"glacier_key":"15[2], 2013","name":"Ихнач","name_en":"","morphology":"кар.","catalogue_number":"","number_1980":"","country":"","perimeter_m":"1577.2","length_m":"","aspect":"","elevation_min_m":"3395.1","elevation_max_m":"3591.1","elevation_range_m":"196.0","source_file":"Пскем_2023.xls"}},{"type":"Feature","geometry":{"type":"Point","coordinates":[70.518611,41.875774]},"properties":{"glacier_key":"X[4]","name":"","name_en":"","morphology":"кар.","catalogue_number":"","number_1980":"","country":"Uz","perimeter_m":"1609.5","length_m":"","aspect":"","elevation_min_m":"3395.0","elevation_max_m":"3662.0","elevation_range_m":"267.0","source_file":"Пскем_2023.xls"}},{"type":"Feature","geometry":{"type":"Point","coordinates":[70.428375,41.805499]},"properties":{"glacier_key":"14, 2013","name":"Бодак-2","name_en":"","morphology":"кар.","catalogue_number":"","number_1980":"","country":"Uz","perimeter_m":"1848.0","length_m":"","aspect":"","elevation_min_m":"3318.0","elevation_max_m":"3380.7","elevation_range_m":"62.7","source_file":"Пскем_2023.xls"}},{"type":"Feature","geometry":{"type":"Point","coordinates":[70.246774,41.705246]},"properties":{"glacier_key":"1, 2013","name":"Маштасгон","name_en":"","morphology":"кар.","catalogue_number":"","number_1980":"","country":"Uz","perimeter_m":"1310.6","length_m":"","aspect":"","elevation_min_m":"3210.0","elevation_max_m":"3441.7","elevation_range_m":"231.7","source_file":"Пскем_2023.xls"}},{"type":"Feature","geometry":{"type":"Point","coordinates":[70.285049,41.70846]},"properties":{"glacier_key":"4, 2013","name":"Испа-3","name_en":"","morphology":"кар.","catalogue_number":"","number_1980":"","country":"Uz","perimeter_m":"1657.9","length_m":"","aspect":"","elevation_min_m":"3269.0","elevation_max_m":"3463.9","elevation_range_m":"194.9","source_file":"Пскем_2023.xls"}},{"type":"Feature","geometry":{"type":"Point","coordinates":[70.274139,41.715215]},"properties":{"glacier_key":"3, 2013","name":"Испа-2","name_en":"","morphology":"кар.","catalogue_number":"","number_1980":"","country":"Uz","perimeter_m":"1541.8","length_m":"","aspect":"","elevation_min_m":"3108.0","elevation_max_m":"3414.0","elevation_range_m":"306.0","source_file":"Пскем_2023.xls"}},{"type":"Feature","geometry":{"type":"Point","coordinates":[70.264703,41.720238]},"properties":{"glacier_key":"2, 2013","name":"Испа-1","name_en":"","morphology":"кар.","catalogue_number":"","number_1980":"","country":"Uz","perimeter_m":"2226.6","length_m":"","aspect":"","elevation_min_m":"3175.0","elevation_max_m":"3473.0","elevation_range_m":"298.0","source_file":"Пскем_2023.xls"}},{"type":"Feature","geometry":{"type":"Point","coordinates":[70.297234,41.721408]},"properties":{"glacier_key":"5, 2013","name":"Испа-4","name_en":"","morphology":"кар.","catalogue_number":"","number_1980":"","country":"Uz","perimeter_m":"1008.8","length_m":"","aspect":"","elevation_min_m":"3045.0","elevation_max_m":"3384.0","elevation_range_m":"339.0","source_file":"Пскем_2023.xls"}},{"type":"Feature","geometry":{"type":"Point","coordinates":[70.366816,41.740229]},"properties":{"glacier_key":"7, 2013","name":"Испа-6","name_en":"","morphology":"кар.","catalogue_number":"","number_1980":"","country":"Uz","perimeter_m":"1427.8","length_m":"","aspect":"","elevation_min_m":"3398.5","elevation_max_m":"3540.0","elevation_range_m":"141.5","source_file":"Пскем_2023.xls"}},{"type":"Feature","geometry":{"type":"Point","coordinates":[70.346,41.740656]},"properties":{"glacier_key":"6, 2013","name":"Испа-5","name_en":"","morphology":"кар.","catalogue_number":"","number_1980":"","country":"Uz","perimeter_m":"1705.2","length_m":"","aspect":"","elevation_min_m":"3410.0","elevation_max_m":"3546.9","elevation_range_m":"136.9","source_file":"Пскем_2023.xls"}},{"type":"Feature","geometry":{"type":"Point","coordinates":[70.373448,41.744146]},"properties":{"glacier_key":"8, 2013","name":"Испа-7","name_en":"","morphology":"кар.","catalogue_number":"","number_1980":"","country":"Uz","perimeter_m":"2559.1","length_m":"","aspect":"","elevation_min_m":"3387.0","elevation_max_m":"3573.9","elevation_range_m":"186.9","source_file":"Пскем_2023.xls"}},{"type":"Feature","geometry":{"type":"Point","coordinates":[70.409396,41.796989]},"properties":{"glacier_key":"12, 2013","name":"№12","name_en":"","morphology":"кар.","catalogue_number":"","number_1980":"","country":"Uz","perimeter_m":"1707.7","length_m":"","aspect":"","elevation_min_m":"3380.0","elevation_max_m":"3646.0","elevation_range_m":"266.0","source_file":"Пскем_2023.xls"}},{"type":"Feature","geometry":{"type":"Point","coordinates":[70.417796,41.805854]},"properties":{"glacier_key":"13, 2013","name":"Бодак-1","name_en":"","morphology":"кар.","catalogue_number":"","number_1980":"","country":"Uz","perimeter_m":"1392.6","length_m":"","aspect":"","elevation_min_m":"3468.0","elevation_max_m":"3627.0","elevation_range_m":"159.0","source_file":"Пскем_2023.xls"}},{"type":"Feature","geometry":{"type":"Point","coordinates":[70.372165,41.775217]},"properties":{"glacier_key":"9, 2013","name":"Каптаркумыш","name_en":"","morphology":"кар.","catalogue_number":"","number_1980":"","country":"Uz","perimeter_m":"1413.2","length_m":"","aspect":"","elevation_min_m":"2899.0","elevation_max_m":"3201.0","elevation_range_m":"302.0","source_file":"Пскем_2023.xls"}},{"type":"Feature","geometry":{"type":"Point","coordinates":[70.380522,41.765629]},"properties":{"glacier_key":"10, 2013","name":"Каптаркумыш-2","name_en":"","morphology":"кар.","catalogue_number":"","number_1980":"","country":"Uz","perimeter_m":"3046.6","length_m":"","aspect":"","elevation_min_m":"3204.0","elevation_max_m":"3748.0","elevation_range_m":"544.0","source_file":"Пскем_2023.xls"}},{"type":"Feature","geometry":{"type":"Point","coordinates":[70.397334,41.781596]},"properties":{"glacier_key":"11, 2013","name":"Каптаркумыш-3","name_en":"","morphology":"кар.","catalogue_number":"","number_1980":"","country":"Uz","perimeter_m":"1768.2","length_m":"","aspect":"","elevation_min_m":"3149.9","elevation_max_m":"3470.6","elevation_range_m":"320.7","source_file":"Пскем_2023.xls"}},{"type":"Feature","geometry":{"type":"Point","coordinates":[71.093518,42.270897]},"properties":{"glacier_key":"X[6]","name":"","name_en":"","morphology":"кар.-дол.","catalogue_number":"","number_1980":"","country":"Uz","perimeter_m":"4153.6","length_m":"","aspect":"","elevation_min_m":"3500.0","elevation_max_m":"3843.0","elevation_range_m":"343.0","source_file":"Пскем_2023.xls"}},{"type":"Feature","geometry":{"type":"Point","coordinates":[71.002246,42.165711]},"properties":{"glacier_key":"X[7]","name":"","name_en":"","morphology":"прискл.","catalogue_number":"","number_1980":"","country":"Uz","perimeter_m":"3489.1","length_m":"","aspect":"","elevation_min_m":"3613.0","elevation_max_m":"4075.0","elevation_range_m":"462.0","source_file":"Пскем_2023.xls"}},{"type":"Feature","geometry":{"type":"Point","coordinates":[71.037161,42.149876]},"properties":{"glacier_key":"X[8]","name":"","name_en":"","morphology":"кар.","catalogue_number":"","number_1980":"","country":"Uz","perimeter_m":"2062.9","length_m":"","aspect":"","elevation_min_m":"3596.0","elevation_max_m":"3841.5","elevation_range_m":"245.5","source_file":"Пскем_2023.xls"}},{"type":"Feature","geometry":{"type":"Point","coordinates":[71.031625,42.12719]},"properties":{"glacier_key":"X[9]","name":"","name_en":"","morphology":"кар.","catalogue_number":"","number_1980":"","country":"Uz","perimeter_m":"2282.8","length_m":"","aspect":"","elevation_min_m":"3826.9","elevation_max_m":"4076.6","elevation_range_m":"249.7","source_file":"Пскем_2023.xls"}},{"type":"Feature","geometry":{"type":"Point","coordinates":[71.136093,42.223256]},"properties":{"glacier_key":"X[10]","name":"","name_en":"","morphology":"кар.","catalogue_number":"","number_1980":"","country":"Uz","perimeter_m":"2812.4","length_m":"","aspect":"","elevation_min_m":"3529.2","elevation_max_m":"4062.4","elevation_range_m":"533.2","source_file":"Пскем_2023.xls"}},{"type":"Feature","geometry":{"type":"Point","coordinates":[71.124142,42.230008]},"properties":{"glacier_key":"X[11]","name":"","name_en":"","morphology":"кар.","catalogue_number":"","number_1980":"","country":"Uz","perimeter_m":"1440.7","length_m":"","aspect":"","elevation_min_m":"3489.0","elevation_max_m":"3850.0","elevation_range_m":"361.0","source_file":"Пскем_2023.xls"}},{"type":"Feature","geometry":{"type":"Point","coordinates":[70.573347,42.049479]},"properties":{"glacier_key":"185","name":"Койназар-1","name_en":"","morphology":"кар.","catalogue_number":"","number_1980":"","country":"","perimeter_m":"1392.0","length_m":"","aspect":"","elevation_min_m":"3227.2","elevation_max_m":"3459.0","elevation_range_m":"231.8","source_file":"Пскем_2023.xls"}},{"type":"Feature","geometry":{"type":"Point","coordinates":[70.556958,42.029829]},"properties":{"glacier_key":"186[3]","name":"Койназар-2","name_en":"","morphology":"кар.","catalogue_number":"","number_1980":"","country":"Uz","perimeter_m":"1476.4","length_m":"","aspect":"","elevation_min_m":"3125.0","elevation_max_m":"3368.0","elevation_range_m":"243.0","source_file":"Пскем_2023.xls"}},{"type":"Feature","geometry":{"type":"Point","coordinates":[70.597598,42.034621]},"properties":{"glacier_key":"190","name":"Койназар-6","name_en":"","morphology":"кар.","catalogue_number":"","number_1980":"","country":"","perimeter_m":"1101.8","length_m":"","aspect":"","elevation_min_m":"3100.0","elevation_max_m":"3344.0","elevation_range_m":"244.0","source_file":"Пскем_2023.xls"}},{"type":"Feature","geometry":{"type":"Point","coordinates":[70.588336,42.014068]},"properties":{"glacier_key":"X[5]","name":"","name_en":"","morphology":"кар.","catalogue_number":"","number_1980":"","country":"Uz","perimeter_m":"1675.2","length_m":"","aspect":"","elevation_min_m":"3079.4","elevation_max_m":"3336.2","elevation_range_m":"256.8","source_file":"Пскем_2023.xls"}},{"type":"Feature","geometry":{"type":"Point","coordinates":[70.842294,42.01585]},"properties":{"glacier_key":"","name":"Кызылтор-1","name_en":"","morphology":"кар.","catalogue_number":"","number_1980":"","country":"Uz","perimeter_m":"1310.5","length_m":"","aspect":"","elevation_min_m":"3498.0","elevation_max_m":"3735.6","elevation_range_m":"237.6","source_file":"Пскем_2023.xls"}},{"type":"Feature","geometry":{"type":"Point","coordinates":[70.844537,42.023386]},"properties":{"glacier_key":"X[12]","name":"","name_en":"","morphology":"кар.","catalogue_number":"","number_1980":"","country":"Uz","perimeter_m":"1584.5","length_m":"","aspect":"","elevation_min_m":"3360.0","elevation_max_m":"3529.1","elevation_range_m":"169.1","source_file":"Пскем_2023.xls"}},{"type":"Feature","geometry":{"type":"Point","coordinates":[70.280931,41.714806]},"properties":{"glacier_key":"3[2]","name":"Испа-2","name_en":"","morphology":"кар.","catalogue_number":"","number_1980":"","country":"Uz","perimeter_m":"2100.5","length_m":"","aspect":"","elevation_min_m":"3073.0","elevation_max_m":"3402.2","elevation_range_m":"329.2","source_file":"Пскем_2023.xls"}},{"type":"Feature","geometry":{"type":"Point","coordinates":[71.009309,42.122769]},"properties":{"glacier_key":"54 [2], 2013","name":"Баркрак Средний Правый","name_en":"Barkrak Middle Right","morphology":"кар.-дол.","catalogue_number":"54","number_1980":"63","country":"Uz","perimeter_m":"6849.7","length_m":"1570.4","aspect":"316.17072183255584","elevation_min_m":"3492.8","elevation_max_m":"4164.0","elevation_range_m":"671.2","source_file":"Пскем_2023.xls"}},{"type":"Feature","geometry":{"type":"Point","coordinates":[70.99217,42.11883]},"properties":{"glacier_key":"54, 2013","name":"Баркрак Средний Основной","name_en":"Barkrak Middle Main","morphology":"сл.-дол.","catalogue_number":"54","number_1980":"63","country":"Uz","perimeter_m":"18421.9","length_m":"1704.0","aspect":"30.092231236389843","elevation_min_m":"3493.6","elevation_max_m":"4100.0","elevation_range_m":"606.4","source_file":"Пскем_2023.xls"}},{"type":"Feature","geometry":{"type":"Point","coordinates":[70.974835,42.124213]},"properties":{"glacier_key":"1_11_2","name":"1_11_3","name_en":"","morphology":"вис.","catalogue_number":"","number_1980":"62","country":"Uz","perimeter_m":"2543.7","length_m":"596.3","aspect":"49.462705372973694","elevation_min_m":"3706.5","elevation_max_m":"4252.0","elevation_range_m":"545.5","source_file":"Пскем_2023.xls"}},{"type":"Feature","geometry":{"type":"Point","coordinates":[70.983658,42.126403]},"properties":{"glacier_key":"","name":"1_11_4","name_en":"","morphology":"вис.","catalogue_number":"","number_1980":"","country":"Uz","perimeter_m":"2033.7","length_m":"219.8","aspect":"325.0947748361532","elevation_min_m":"3628.5","elevation_max_m":"3878.8","elevation_range_m":"250.3","source_file":"Пскем_2023.xls"}},{"type":"Feature","geometry":{"type":"Point","coordinates":[70.952127,42.137181]},"properties":{"glacier_key":"","name":"1_11_2","name_en":"","morphology":"прискл.","catalogue_number":"","number_1980":"","country":"Uz","perimeter_m":"847.3","length_m":"261.9","aspect":"335.6703168065392","elevation_min_m":"3503.0","elevation_max_m":"3652.4","elevation_range_m":"149.4","source_file":"Пскем_2023.xls"}},{"type":"Feature","geometry":{"type":"Point","coordinates":[70.939276,42.143649]},"properties":{"glacier_key":"","name":"1_11_1","name_en":"","morphology":"кар.-дол.","catalogue_number":"","number_1980":"","country":"Uz","perimeter_m":"2395.8","length_m":"682.0","aspect":"2.613810139929228","elevation_min_m":"3461.9","elevation_max_m":"3890.0","elevation_range_m":"428.1","source_file":"Пскем_2023.xls"}},{"type":"Feature","geometry":{"type":"Point","coordinates":[71.008619,42.131689]},"properties":{"glacier_key":"","name":"1_11_5","name_en":"","morphology":"кар.","catalogue_number":"","number_1980":"","country":"Uz","perimeter_m":"2782.8","length_m":"651.9","aspect":"297.1074753594071","elevation_min_m":"3727.0","elevation_max_m":"4171.0","elevation_range_m":"444.0","source_file":"Пскем_2023.xls"}}]}
