{"type":"FeatureCollection","name":"amu_syr_reference_rivers_main","features":[{"type":"Feature","properties":{"hyriv_id":40391047,"system_id":"amu_darya","discharge_cms":20.003,"strahler_order":4,"channel_class":"perennial","in_headwater_formation":1},"geometry":{"type":"LineString","coordinates":[[72.02708,38.67292],[71.99792,38.66458]]}},{"type":"Feature","properties":{"hyriv_id":40373807,"system_id":"amu_darya","discharge_cms":20.006,"strahler_order":4,"channel_class":"perennial","in_headwater_formation":1},"geometry":{"type":"LineString","coordinates":[[71.22292,39.28958],[71.22708,39.24792]]}},{"type":"Feature","properties":{"hyriv_id":40469559,"system_id":"amu_darya","discharge_cms":20.013,"strahler_order":4,"channel_class":"perennial","in_headwater_formation":1},"geometry":{"type":"LineString","coordinates":[[69.53542,36.19792],[69.53542,36.20208]]}},{"type":"Feature","properties":{"hyriv_id":40418652,"system_id":"amu_darya","discharge_cms":20.015,"strahler_order":4,"channel_class":"perennial","in_headwater_formation":1},"geometry":{"type":"LineString","coordinates":[[70.98125,37.73125],[71.02292,37.77292]]}},{"type":"Feature","properties":{"hyriv_id":40376258,"system_id":"amu_darya","discharge_cms":20.088,"strahler_order":3,"channel_class":"perennial","in_headwater_formation":0},"geometry":{"type":"LineString","coordinates":[[68.83958,39.16042],[68.81042,39.16042],[68.78542,39.17292]]}},{"type":"Feature","properties":{"hyriv_id":40305286,"system_id":"syr_darya","discharge_cms":20.099,"strahler_order":4,"channel_class":"perennial","in_headwater_formation":1},"geometry":{"type":"LineString","coordinates":[[77.29375,41.50208],[77.28542,41.51042],[77.27292,41.51042]]}},{"type":"Feature","properties":{"hyriv_id":40379069,"system_id":"amu_darya","discharge_cms":20.159,"strahler_order":3,"channel_class":"perennial","in_headwater_formation":1},"geometry":{"type":"LineString","coordinates":[[72.41875,39.06458],[72.37708,39.07292]]}},{"type":"Feature","properties":{"hyriv_id":40501835,"system_id":"amu_darya","discharge_cms":20.161,"strahler_order":6,"channel_class":"perennial","in_headwater_formation":1},"geometry":{"type":"LineString","coordinates":[[68.08958,35.29792],[68.10208,35.29792],[68.12708,35.31458],[68.13958,35.32708],[68.13542,35.33542]]}},{"type":"Feature","properties":{"hyriv_id":40403817,"system_id":"amu_darya","discharge_cms":20.217,"strahler_order":5,"channel_class":"perennial","in_headwater_formation":1},"geometry":{"type":"LineString","coordinates":[[72.91875,38.24792],[72.89375,38.24375],[72.88542,38.23542]]}},{"type":"Feature","properties":{"hyriv_id":40386403,"system_id":"amu_darya","discharge_cms":20.239,"strahler_order":4,"channel_class":"perennial","in_headwater_formation":0},"geometry":{"type":"LineString","coordinates":[[69.26875,38.82292],[69.27292,38.81875]]}},{"type":"Feature","properties":{"hyriv_id":40301850,"system_id":"syr_darya","discharge_cms":20.247,"strahler_order":4,"channel_class":"perennial","in_headwater_formation":0},"geometry":{"type":"LineString","coordinates":[[69.37708,41.64792],[69.36458,41.63958],[69.37292,41.62292],[69.36875,41.61875]]}},{"type":"Feature","properties":{"hyriv_id":40479592,"system_id":"amu_darya","discharge_cms":20.279,"strahler_order":4,"channel_class":"perennial","in_headwater_formation":1},"geometry":{"type":"LineString","coordinates":[[70.89375,35.91042],[70.89792,35.93125]]}},{"type":"Feature","properties":{"hyriv_id":40500328,"system_id":"amu_darya","discharge_cms":20.285,"strahler_order":6,"channel_class":"perennial","in_headwater_formation":1},"geometry":{"type":"LineString","coordinates":[[68.13542,35.33542],[68.14792,35.34792]]}},{"type":"Feature","properties":{"hyriv_id":40368338,"system_id":"amu_darya","discharge_cms":20.293,"strahler_order":3,"channel_class":"perennial","in_headwater_formation":0},"geometry":{"type":"LineString","coordinates":[[69.88958,39.44375],[69.86458,39.43958],[69.82292,39.45625]]}},{"type":"Feature","properties":{"hyriv_id":40453073,"system_id":"amu_darya","discharge_cms":20.316,"strahler_order":5,"channel_class":"perennial","in_headwater_formation":0},"geometry":{"type":"LineString","coordinates":[[66.82708,36.67708],[66.81875,36.68958],[66.80625,36.69375]]}},{"type":"Feature","properties":{"hyriv_id":40295096,"system_id":"syr_darya","discharge_cms":20.383,"strahler_order":4,"channel_class":"perennial","in_headwater_formation":0},"geometry":{"type":"LineString","coordinates":[[71.20625,41.83958],[71.18542,41.83125]]}},{"type":"Feature","properties":{"hyriv_id":40402387,"system_id":"amu_darya","discharge_cms":20.448,"strahler_order":4,"channel_class":"perennial","in_headwater_formation":1},"geometry":{"type":"LineString","coordinates":[[71.63958,38.29375],[71.58125,38.29375],[71.56875,38.28542]]}},{"type":"Feature","properties":{"hyriv_id":40386539,"system_id":"amu_darya","discharge_cms":20.468,"strahler_order":4,"channel_class":"perennial","in_headwater_formation":0},"geometry":{"type":"LineString","coordinates":[[69.27292,38.81875],[69.26875,38.81458]]}},{"type":"Feature","properties":{"hyriv_id":40478846,"system_id":"amu_darya","discharge_cms":20.479,"strahler_order":4,"channel_class":"perennial","in_headwater_formation":1},"geometry":{"type":"LineString","coordinates":[[70.89792,35.93125],[70.90625,35.95208]]}},{"type":"Feature","properties":{"hyriv_id":40323082,"system_id":"syr_darya","discharge_cms":20.498,"strahler_order":4,"channel_class":"perennial","in_headwater_formation":0},"geometry":{"type":"LineString","coordinates":[[69.10625,40.98125],[69.07708,40.93958],[69.06875,40.93958],[69.05625,40.92708],[69.05208,40.93125],[69.03958,40.91875]]}},{"type":"Feature","properties":{"hyriv_id":40305154,"system_id":"syr_darya","discharge_cms":20.516,"strahler_order":4,"channel_class":"perennial","in_headwater_formation":1},"geometry":{"type":"LineString","coordinates":[[77.27292,41.51042],[77.25208,41.50625]]}},{"type":"Feature","properties":{"hyriv_id":40367835,"system_id":"amu_darya","discharge_cms":20.52,"strahler_order":3,"channel_class":"perennial","in_headwater_formation":0},"geometry":{"type":"LineString","coordinates":[[69.82292,39.45625],[69.80208,39.45625]]}},{"type":"Feature","properties":{"hyriv_id":40302204,"system_id":"syr_darya","discharge_cms":20.56,"strahler_order":4,"channel_class":"perennial","in_headwater_formation":0},"geometry":{"type":"LineString","coordinates":[[69.36875,41.61875],[69.35625,41.60625]]}},{"type":"Feature","properties":{"hyriv_id":40404270,"system_id":"amu_darya","discharge_cms":20.568,"strahler_order":5,"channel_class":"perennial","in_headwater_formation":1},"geometry":{"type":"LineString","coordinates":[[72.88542,38.23542],[72.85208,38.21875]]}},{"type":"Feature","properties":{"hyriv_id":40270253,"system_id":"syr_darya","discharge_cms":20.569,"strahler_order":4,"channel_class":"perennial","in_headwater_formation":0},"geometry":{"type":"LineString","coordinates":[[69.60625,42.59792],[69.59792,42.59375],[69.56458,42.60625]]}},{"type":"Feature","properties":{"hyriv_id":40374027,"system_id":"amu_darya","discharge_cms":20.578,"strahler_order":4,"channel_class":"perennial","in_headwater_formation":1},"geometry":{"type":"LineString","coordinates":[[71.22708,39.24792],[71.22708,39.23958]]}},{"type":"Feature","properties":{"hyriv_id":40269865,"system_id":"syr_darya","discharge_cms":20.59,"strahler_order":4,"channel_class":"perennial","in_headwater_formation":0},"geometry":{"type":"LineString","coordinates":[[69.56458,42.60625],[69.55208,42.61042],[69.54375,42.60625]]}},{"type":"Feature","properties":{"hyriv_id":40429749,"system_id":"amu_darya","discharge_cms":20.59,"strahler_order":4,"channel_class":"perennial","in_headwater_formation":1},"geometry":{"type":"LineString","coordinates":[[71.66875,37.37708],[71.66042,37.39375]]}},{"type":"Feature","properties":{"hyriv_id":40302473,"system_id":"syr_darya","discharge_cms":20.671,"strahler_order":4,"channel_class":"perennial","in_headwater_formation":0},"geometry":{"type":"LineString","coordinates":[[69.35625,41.60625],[69.35208,41.59792]]}},{"type":"Feature","properties":{"hyriv_id":40295517,"system_id":"syr_darya","discharge_cms":20.687,"strahler_order":4,"channel_class":"perennial","in_headwater_formation":0},"geometry":{"type":"LineString","coordinates":[[71.18542,41.83125],[71.16875,41.81875]]}},{"type":"Feature","properties":{"hyriv_id":40324889,"system_id":"syr_darya","discharge_cms":20.687,"strahler_order":4,"channel_class":"perennial","in_headwater_formation":0},"geometry":{"type":"LineString","coordinates":[[69.03958,40.91875],[69.02292,40.89792],[68.97292,40.87708],[68.96458,40.86458]]}},{"type":"Feature","properties":{"hyriv_id":40384846,"system_id":"amu_darya","discharge_cms":20.695,"strahler_order":4,"channel_class":"perennial","in_headwater_formation":1},"geometry":{"type":"LineString","coordinates":[[72.25625,38.86875],[72.26458,38.88542],[72.26042,38.88958],[72.26458,38.90625]]}},{"type":"Feature","properties":{"hyriv_id":40429220,"system_id":"amu_darya","discharge_cms":20.727,"strahler_order":4,"channel_class":"perennial","in_headwater_formation":1},"geometry":{"type":"LineString","coordinates":[[71.66042,37.39375],[71.63958,37.40208]]}},{"type":"Feature","properties":{"hyriv_id":40269979,"system_id":"syr_darya","discharge_cms":20.763,"strahler_order":4,"channel_class":"perennial","in_headwater_formation":0},"geometry":{"type":"LineString","coordinates":[[69.50625,42.61042],[69.47708,42.60208]]}},{"type":"Feature","properties":{"hyriv_id":40469423,"system_id":"amu_darya","discharge_cms":20.779,"strahler_order":4,"channel_class":"perennial","in_headwater_formation":1},"geometry":{"type":"LineString","coordinates":[[69.53542,36.20208],[69.53125,36.21042],[69.54792,36.23542]]}},{"type":"Feature","properties":{"hyriv_id":40305538,"system_id":"syr_darya","discharge_cms":20.83,"strahler_order":4,"channel_class":"perennial","in_headwater_formation":1},"geometry":{"type":"LineString","coordinates":[[77.25208,41.50625],[77.23542,41.49375]]}},{"type":"Feature","properties":{"hyriv_id":40374414,"system_id":"amu_darya","discharge_cms":20.845,"strahler_order":4,"channel_class":"perennial","in_headwater_formation":1},"geometry":{"type":"LineString","coordinates":[[71.22708,39.23958],[71.22708,39.22708]]}},{"type":"Feature","properties":{"hyriv_id":40387400,"system_id":"amu_darya","discharge_cms":20.872,"strahler_order":4,"channel_class":"perennial","in_headwater_formation":0},"geometry":{"type":"LineString","coordinates":[[69.26875,38.81458],[69.27708,38.78542]]}},{"type":"Feature","properties":{"hyriv_id":40319250,"system_id":"syr_darya","discharge_cms":20.876,"strahler_order":4,"channel_class":"perennial","in_headwater_formation":0},"geometry":{"type":"LineString","coordinates":[[70.20625,41.04792],[70.18125,41.04375]]}},{"type":"Feature","properties":{"hyriv_id":40269863,"system_id":"syr_darya","discharge_cms":20.878,"strahler_order":4,"channel_class":"perennial","in_headwater_formation":0},"geometry":{"type":"LineString","coordinates":[[69.54375,42.60625],[69.50625,42.61042]]}},{"type":"Feature","properties":{"hyriv_id":40295767,"system_id":"syr_darya","discharge_cms":20.901,"strahler_order":4,"channel_class":"perennial","in_headwater_formation":0},"geometry":{"type":"LineString","coordinates":[[71.16875,41.81875],[71.16042,41.81042]]}},{"type":"Feature","properties":{"hyriv_id":40478086,"system_id":"amu_darya","discharge_cms":20.901,"strahler_order":4,"channel_class":"perennial","in_headwater_formation":1},"geometry":{"type":"LineString","coordinates":[[70.90625,35.95208],[70.90208,35.95625]]}},{"type":"Feature","properties":{"hyriv_id":40492534,"system_id":"amu_darya","discharge_cms":20.981,"strahler_order":5,"channel_class":"perennial","in_headwater_formation":0},"geometry":{"type":"LineString","coordinates":[[66.72292,35.53958],[66.73542,35.56458]]}},{"type":"Feature","properties":{"hyriv_id":40303327,"system_id":"syr_darya","discharge_cms":20.985,"strahler_order":4,"channel_class":"perennial","in_headwater_formation":0},"geometry":{"type":"LineString","coordinates":[[69.35208,41.59792],[69.30625,41.56875]]}},{"type":"Feature","properties":{"hyriv_id":40393586,"system_id":"amu_darya","discharge_cms":21.055,"strahler_order":4,"channel_class":"perennial","in_headwater_formation":1},"geometry":{"type":"LineString","coordinates":[[72.77708,38.63542],[72.79792,38.60625],[72.79375,38.59792],[72.80208,38.58125]]}},{"type":"Feature","properties":{"hyriv_id":40417584,"system_id":"amu_darya","discharge_cms":21.056,"strahler_order":4,"channel_class":"perennial","in_headwater_formation":1},"geometry":{"type":"LineString","coordinates":[[69.28542,37.79375],[69.28958,37.76458]]}},{"type":"Feature","properties":{"hyriv_id":40428971,"system_id":"amu_darya","discharge_cms":21.057,"strahler_order":4,"channel_class":"perennial","in_headwater_formation":1},"geometry":{"type":"LineString","coordinates":[[71.63958,37.40208],[71.63542,37.40625]]}},{"type":"Feature","properties":{"hyriv_id":40456036,"system_id":"amu_darya","discharge_cms":21.061,"strahler_order":5,"channel_class":"perennial","in_headwater_formation":0},"geometry":{"type":"LineString","coordinates":[[66.94792,36.59375],[66.95625,36.60208],[66.93958,36.61042],[66.91042,36.66042],[66.90625,36.65625],[66.84375,36.66458],[66.82708,36.67708]]}},{"type":"Feature","properties":{"hyriv_id":40319358,"system_id":"syr_darya","discharge_cms":21.069,"strahler_order":4,"channel_class":"perennial","in_headwater_formation":0},"geometry":{"type":"LineString","coordinates":[[70.18125,41.04375],[70.17708,41.03958]]}},{"type":"Feature","properties":{"hyriv_id":40477939,"system_id":"amu_darya","discharge_cms":21.069,"strahler_order":4,"channel_class":"perennial","in_headwater_formation":1},"geometry":{"type":"LineString","coordinates":[[70.90208,35.95625],[70.90625,35.96458],[70.90208,35.97292]]}},{"type":"Feature","properties":{"hyriv_id":40491642,"system_id":"amu_darya","discharge_cms":21.082,"strahler_order":5,"channel_class":"perennial","in_headwater_formation":0},"geometry":{"type":"LineString","coordinates":[[66.73542,35.56458],[66.75208,35.57708]]}},{"type":"Feature","properties":{"hyriv_id":40468339,"system_id":"amu_darya","discharge_cms":21.103,"strahler_order":4,"channel_class":"perennial","in_headwater_formation":1},"geometry":{"type":"LineString","coordinates":[[69.54792,36.23542],[69.55208,36.25625]]}},{"type":"Feature","properties":{"hyriv_id":40374919,"system_id":"amu_darya","discharge_cms":21.106,"strahler_order":4,"channel_class":"perennial","in_headwater_formation":1},"geometry":{"type":"LineString","coordinates":[[71.22708,39.22708],[71.21458,39.21042]]}},{"type":"Feature","properties":{"hyriv_id":40491124,"system_id":"amu_darya","discharge_cms":21.109,"strahler_order":5,"channel_class":"perennial","in_headwater_formation":0},"geometry":{"type":"LineString","coordinates":[[66.75208,35.57708],[66.77292,35.58542]]}},{"type":"Feature","properties":{"hyriv_id":40296137,"system_id":"syr_darya","discharge_cms":21.146,"strahler_order":4,"channel_class":"perennial","in_headwater_formation":0},"geometry":{"type":"LineString","coordinates":[[71.16042,41.81042],[71.14375,41.79792]]}},{"type":"Feature","properties":{"hyriv_id":40328035,"system_id":"syr_darya","discharge_cms":21.148,"strahler_order":4,"channel_class":"perennial","in_headwater_formation":1},"geometry":{"type":"LineString","coordinates":[[73.18958,40.76042],[73.14375,40.78542]]}},{"type":"Feature","properties":{"hyriv_id":40387738,"system_id":"amu_darya","discharge_cms":21.2,"strahler_order":4,"channel_class":"perennial","in_headwater_formation":0},"geometry":{"type":"LineString","coordinates":[[69.27708,38.78542],[69.28125,38.77292]]}},{"type":"Feature","properties":{"hyriv_id":40490809,"system_id":"amu_darya","discharge_cms":21.236,"strahler_order":5,"channel_class":"perennial","in_headwater_formation":0},"geometry":{"type":"LineString","coordinates":[[66.77292,35.58542],[66.78542,35.59375],[66.80625,35.59375]]}},{"type":"Feature","properties":{"hyriv_id":40270128,"system_id":"syr_darya","discharge_cms":21.248,"strahler_order":4,"channel_class":"perennial","in_headwater_formation":0},"geometry":{"type":"LineString","coordinates":[[69.37708,42.59792],[69.36458,42.60208],[69.35625,42.59792]]}},{"type":"Feature","properties":{"hyriv_id":40328421,"system_id":"syr_darya","discharge_cms":21.254,"strahler_order":4,"channel_class":"perennial","in_headwater_formation":1},"geometry":{"type":"LineString","coordinates":[[73.31458,40.74792],[73.30625,40.74792],[73.29375,40.76042],[73.25208,40.75625],[73.23542,40.76875],[73.22292,40.76875],[73.21458,40.76042],[73.21042,40.76458],[73.18958,40.76042]]}},{"type":"Feature","properties":{"hyriv_id":40305913,"system_id":"syr_darya","discharge_cms":21.269,"strahler_order":4,"channel_class":"perennial","in_headwater_formation":1},"geometry":{"type":"LineString","coordinates":[[77.23542,41.49375],[77.20625,41.48125]]}},{"type":"Feature","properties":{"hyriv_id":40270129,"system_id":"syr_darya","discharge_cms":21.283,"strahler_order":4,"channel_class":"perennial","in_headwater_formation":0},"geometry":{"type":"LineString","coordinates":[[69.47292,42.60208],[69.41042,42.60625],[69.39375,42.59792],[69.37708,42.59792]]}},{"type":"Feature","properties":{"hyriv_id":40307009,"system_id":"syr_darya","discharge_cms":21.284,"strahler_order":4,"channel_class":"perennial","in_headwater_formation":1},"geometry":{"type":"LineString","coordinates":[[73.95625,41.44375],[73.97292,41.44792],[73.97708,41.45625]]}},{"type":"Feature","properties":{"hyriv_id":40467561,"system_id":"amu_darya","discharge_cms":21.296,"strahler_order":4,"channel_class":"perennial","in_headwater_formation":1},"geometry":{"type":"LineString","coordinates":[[69.55208,36.25625],[69.56042,36.26458],[69.55208,36.29375]]}},{"type":"Feature","properties":{"hyriv_id":40402734,"system_id":"amu_darya","discharge_cms":21.314,"strahler_order":3,"channel_class":"perennial","in_headwater_formation":1},"geometry":{"type":"LineString","coordinates":[[70.05625,38.31042],[70.01875,38.30625],[70.00208,38.28542],[70.00625,38.28125],[70.00208,38.27292]]}},{"type":"Feature","properties":{"hyriv_id":40362247,"system_id":"amu_darya","discharge_cms":21.318,"strahler_order":4,"channel_class":"perennial","in_headwater_formation":1},"geometry":{"type":"LineString","coordinates":[[72.96042,39.65625],[72.93958,39.65208]]}},{"type":"Feature","properties":{"hyriv_id":40417851,"system_id":"amu_darya","discharge_cms":21.32,"strahler_order":4,"channel_class":"perennial","in_headwater_formation":1},"geometry":{"type":"LineString","coordinates":[[69.28958,37.76458],[69.29792,37.75625]]}},{"type":"Feature","properties":{"hyriv_id":40428827,"system_id":"amu_darya","discharge_cms":21.332,"strahler_order":4,"channel_class":"perennial","in_headwater_formation":1},"geometry":{"type":"LineString","coordinates":[[71.63542,37.40625],[71.62292,37.41458],[71.61042,37.43542]]}},{"type":"Feature","properties":{"hyriv_id":40490493,"system_id":"amu_darya","discharge_cms":21.345,"strahler_order":5,"channel_class":"perennial","in_headwater_formation":0},"geometry":{"type":"LineString","coordinates":[[66.80625,35.59375],[66.81875,35.60208],[66.83958,35.60208],[66.84375,35.61042]]}},{"type":"Feature","properties":{"hyriv_id":40466400,"system_id":"amu_darya","discharge_cms":21.357,"strahler_order":4,"channel_class":"perennial","in_headwater_formation":1},"geometry":{"type":"LineString","coordinates":[[69.55208,36.29375],[69.55208,36.29792]]}},{"type":"Feature","properties":{"hyriv_id":40489900,"system_id":"amu_darya","discharge_cms":21.378,"strahler_order":5,"channel_class":"perennial","in_headwater_formation":0},"geometry":{"type":"LineString","coordinates":[[66.84375,35.61042],[66.85208,35.61875]]}},{"type":"Feature","properties":{"hyriv_id":40442356,"system_id":"amu_darya","discharge_cms":21.42,"strahler_order":4,"channel_class":"perennial","in_headwater_formation":1},"geometry":{"type":"LineString","coordinates":[[70.86458,36.99792],[70.83125,37.01458]]}},{"type":"Feature","properties":{"hyriv_id":40403912,"system_id":"amu_darya","discharge_cms":21.426,"strahler_order":4,"channel_class":"perennial","in_headwater_formation":1},"geometry":{"type":"LineString","coordinates":[[71.56875,38.28542],[71.56875,38.26875],[71.54375,38.23125]]}},{"type":"Feature","properties":{"hyriv_id":40284761,"system_id":"syr_darya","discharge_cms":21.44,"strahler_order":4,"channel_class":"perennial","in_headwater_formation":1},"geometry":{"type":"LineString","coordinates":[[73.86042,42.16458],[73.88958,42.18125]]}},{"type":"Feature","properties":{"hyriv_id":40391147,"system_id":"amu_darya","discharge_cms":21.454,"strahler_order":4,"channel_class":"perennial","in_headwater_formation":1},"geometry":{"type":"LineString","coordinates":[[71.99792,38.66458],[71.98125,38.66042]]}},{"type":"Feature","properties":{"hyriv_id":40489610,"system_id":"amu_darya","discharge_cms":21.456,"strahler_order":5,"channel_class":"perennial","in_headwater_formation":0},"geometry":{"type":"LineString","coordinates":[[66.85208,35.61875],[66.88542,35.63125]]}},{"type":"Feature","properties":{"hyriv_id":40375471,"system_id":"amu_darya","discharge_cms":21.464,"strahler_order":4,"channel_class":"perennial","in_headwater_formation":1},"geometry":{"type":"LineString","coordinates":[[71.21458,39.21042],[71.20625,39.18958]]}},{"type":"Feature","properties":{"hyriv_id":40375930,"system_id":"amu_darya","discharge_cms":21.47,"strahler_order":3,"channel_class":"perennial","in_headwater_formation":0},"geometry":{"type":"LineString","coordinates":[[68.78542,39.17292],[68.75625,39.18958],[68.72708,39.18542]]}},{"type":"Feature","properties":{"hyriv_id":40367834,"system_id":"amu_darya","discharge_cms":21.493,"strahler_order":3,"channel_class":"perennial","in_headwater_formation":0},"geometry":{"type":"LineString","coordinates":[[69.80208,39.45625],[69.79792,39.45625]]}},{"type":"Feature","properties":{"hyriv_id":40331622,"system_id":"syr_darya","discharge_cms":21.508,"strahler_order":4,"channel_class":"perennial","in_headwater_formation":1},"geometry":{"type":"LineString","coordinates":[[73.43542,40.64375],[73.42708,40.64375]]}},{"type":"Feature","properties":{"hyriv_id":40362246,"system_id":"amu_darya","discharge_cms":21.527,"strahler_order":4,"channel_class":"perennial","in_headwater_formation":1},"geometry":{"type":"LineString","coordinates":[[72.93958,39.65208],[72.92708,39.65625]]}},{"type":"Feature","properties":{"hyriv_id":40489164,"system_id":"amu_darya","discharge_cms":21.53,"strahler_order":5,"channel_class":"perennial","in_headwater_formation":0},"geometry":{"type":"LineString","coordinates":[[66.88542,35.63125],[66.88958,35.63542],[66.89792,35.63125],[66.91875,35.65625]]}},{"type":"Feature","properties":{"hyriv_id":40319770,"system_id":"syr_darya","discharge_cms":21.566,"strahler_order":4,"channel_class":"perennial","in_headwater_formation":0},"geometry":{"type":"LineString","coordinates":[[70.17708,41.03958],[70.17292,41.02708]]}},{"type":"Feature","properties":{"hyriv_id":40388362,"system_id":"amu_darya","discharge_cms":21.572,"strahler_order":4,"channel_class":"perennial","in_headwater_formation":0},"geometry":{"type":"LineString","coordinates":[[69.28125,38.77292],[69.28542,38.76042],[69.29792,38.75208]]}},{"type":"Feature","properties":{"hyriv_id":40387188,"system_id":"amu_darya","discharge_cms":21.576,"strahler_order":3,"channel_class":"perennial","in_headwater_formation":0},"geometry":{"type":"LineString","coordinates":[[69.46042,38.80208],[69.44792,38.79375]]}},{"type":"Feature","properties":{"hyriv_id":40331621,"system_id":"syr_darya","discharge_cms":21.587,"strahler_order":4,"channel_class":"perennial","in_headwater_formation":1},"geometry":{"type":"LineString","coordinates":[[73.42708,40.64375],[73.40208,40.66042],[73.38958,40.66042],[73.36875,40.68958],[73.36042,40.71458],[73.31458,40.74792]]}},{"type":"Feature","properties":{"hyriv_id":40391146,"system_id":"amu_darya","discharge_cms":21.592,"strahler_order":4,"channel_class":"perennial","in_headwater_formation":1},"geometry":{"type":"LineString","coordinates":[[71.98125,38.66042],[71.97292,38.66042]]}},{"type":"Feature","properties":{"hyriv_id":40465194,"system_id":"amu_darya","discharge_cms":21.655,"strahler_order":4,"channel_class":"perennial","in_headwater_formation":1},"geometry":{"type":"LineString","coordinates":[[69.98125,36.32708],[69.95625,36.34375]]}},{"type":"Feature","properties":{"hyriv_id":40270127,"system_id":"syr_darya","discharge_cms":21.68,"strahler_order":4,"channel_class":"perennial","in_headwater_formation":0},"geometry":{"type":"LineString","coordinates":[[69.35625,42.59792],[69.34792,42.59792]]}},{"type":"Feature","properties":{"hyriv_id":40393696,"system_id":"amu_darya","discharge_cms":21.683,"strahler_order":4,"channel_class":"perennial","in_headwater_formation":1},"geometry":{"type":"LineString","coordinates":[[72.80208,38.58125],[72.80208,38.57708]]}},{"type":"Feature","properties":{"hyriv_id":40403327,"system_id":"amu_darya","discharge_cms":21.705,"strahler_order":3,"channel_class":"perennial","in_headwater_formation":1},"geometry":{"type":"LineString","coordinates":[[70.00208,38.27292],[69.98542,38.25208]]}},{"type":"Feature","properties":{"hyriv_id":40318686,"system_id":"syr_darya","discharge_cms":21.714,"strahler_order":4,"channel_class":"perennial","in_headwater_formation":1},"geometry":{"type":"LineString","coordinates":[[74.28125,41.06458],[74.31875,41.10208]]}},{"type":"Feature","properties":{"hyriv_id":40375718,"system_id":"amu_darya","discharge_cms":21.729,"strahler_order":4,"channel_class":"perennial","in_headwater_formation":1},"geometry":{"type":"LineString","coordinates":[[70.18958,39.21458],[70.19375,39.19792],[70.18542,39.18125]]}},{"type":"Feature","properties":{"hyriv_id":40427861,"system_id":"amu_darya","discharge_cms":21.736,"strahler_order":4,"channel_class":"perennial","in_headwater_formation":1},"geometry":{"type":"LineString","coordinates":[[71.61042,37.43542],[71.60625,37.46042],[71.59375,37.48125]]}},{"type":"Feature","properties":{"hyriv_id":40315200,"system_id":"syr_darya","discharge_cms":21.748,"strahler_order":4,"channel_class":"perennial","in_headwater_formation":1},"geometry":{"type":"LineString","coordinates":[[75.74792,41.18125],[75.73958,41.19375]]}},{"type":"Feature","properties":{"hyriv_id":40488233,"system_id":"amu_darya","discharge_cms":21.755,"strahler_order":5,"channel_class":"perennial","in_headwater_formation":0},"geometry":{"type":"LineString","coordinates":[[66.91875,35.65625],[66.93958,35.68125]]}},{"type":"Feature","properties":{"hyriv_id":40464625,"system_id":"amu_darya","discharge_cms":21.764,"strahler_order":4,"channel_class":"perennial","in_headwater_formation":1},"geometry":{"type":"LineString","coordinates":[[69.95625,36.34375],[69.95208,36.34792]]}},{"type":"Feature","properties":{"hyriv_id":40419426,"system_id":"amu_darya","discharge_cms":21.793,"strahler_order":5,"channel_class":"perennial","in_headwater_formation":1},"geometry":{"type":"LineString","coordinates":[[72.35625,37.70625],[72.34792,37.70625]]}},{"type":"Feature","properties":{"hyriv_id":40487305,"system_id":"amu_darya","discharge_cms":21.798,"strahler_order":5,"channel_class":"perennial","in_headwater_formation":0},"geometry":{"type":"LineString","coordinates":[[66.93958,35.68125],[66.95208,35.69375]]}},{"type":"Feature","properties":{"hyriv_id":40419522,"system_id":"amu_darya","discharge_cms":21.821,"strahler_order":4,"channel_class":"perennial","in_headwater_formation":1},"geometry":{"type":"LineString","coordinates":[[69.29792,37.75625],[69.29375,37.73958],[69.31042,37.70208]]}},{"type":"Feature","properties":{"hyriv_id":40404392,"system_id":"amu_darya","discharge_cms":21.823,"strahler_order":5,"channel_class":"perennial","in_headwater_formation":1},"geometry":{"type":"LineString","coordinates":[[72.85208,38.21875],[72.78125,38.21458]]}},{"type":"Feature","properties":{"hyriv_id":40445692,"system_id":"amu_darya","discharge_cms":21.844,"strahler_order":5,"channel_class":"perennial","in_headwater_formation":0},"geometry":{"type":"LineString","coordinates":[[65.07708,36.89792],[65.07708,36.91458],[65.08958,36.93125],[65.10208,36.93125],[65.11042,36.93958],[65.12292,36.93542],[65.13542,36.96042],[65.14792,36.96875]]}},{"type":"Feature","properties":{"hyriv_id":40383654,"system_id":"amu_darya","discharge_cms":21.85,"strahler_order":4,"channel_class":"perennial","in_headwater_formation":1},"geometry":{"type":"LineString","coordinates":[[72.26458,38.90625],[72.27292,38.91875]]}},{"type":"Feature","properties":{"hyriv_id":40269978,"system_id":"syr_darya","discharge_cms":21.858,"strahler_order":4,"channel_class":"perennial","in_headwater_formation":0},"geometry":{"type":"LineString","coordinates":[[69.47708,42.60208],[69.47292,42.60208]]}},{"type":"Feature","properties":{"hyriv_id":40314812,"system_id":"syr_darya","discharge_cms":21.863,"strahler_order":4,"channel_class":"perennial","in_headwater_formation":1},"geometry":{"type":"LineString","coordinates":[[75.73958,41.19375],[75.73542,41.19792]]}},{"type":"Feature","properties":{"hyriv_id":40317595,"system_id":"syr_darya","discharge_cms":21.878,"strahler_order":4,"channel_class":"perennial","in_headwater_formation":1},"geometry":{"type":"LineString","coordinates":[[74.31875,41.10208],[74.32292,41.10625]]}},{"type":"Feature","properties":{"hyriv_id":40486873,"system_id":"amu_darya","discharge_cms":21.884,"strahler_order":5,"channel_class":"perennial","in_headwater_formation":0},"geometry":{"type":"LineString","coordinates":[[66.95208,35.69375],[66.97708,35.71875],[66.98125,35.73125]]}},{"type":"Feature","properties":{"hyriv_id":40440518,"system_id":"amu_darya","discharge_cms":21.903,"strahler_order":5,"channel_class":"perennial","in_headwater_formation":0},"geometry":{"type":"LineString","coordinates":[[65.24375,37.05208],[65.27292,37.08125],[65.28542,37.11458]]}},{"type":"Feature","properties":{"hyriv_id":40485675,"system_id":"amu_darya","discharge_cms":21.903,"strahler_order":5,"channel_class":"perennial","in_headwater_formation":0},"geometry":{"type":"LineString","coordinates":[[66.98125,35.73125],[66.98125,35.73958]]}},{"type":"Feature","properties":{"hyriv_id":40387402,"system_id":"amu_darya","discharge_cms":21.905,"strahler_order":3,"channel_class":"perennial","in_headwater_formation":0},"geometry":{"type":"LineString","coordinates":[[69.44792,38.79375],[69.43125,38.78542]]}},{"type":"Feature","properties":{"hyriv_id":40441938,"system_id":"amu_darya","discharge_cms":21.931,"strahler_order":5,"channel_class":"perennial","in_headwater_formation":0},"geometry":{"type":"LineString","coordinates":[[65.21458,37.01042],[65.22708,37.01875],[65.24375,37.05208]]}},{"type":"Feature","properties":{"hyriv_id":40485399,"system_id":"amu_darya","discharge_cms":21.943,"strahler_order":5,"channel_class":"perennial","in_headwater_formation":0},"geometry":{"type":"LineString","coordinates":[[66.98125,35.73958],[66.97292,35.77708]]}},{"type":"Feature","properties":{"hyriv_id":40388969,"system_id":"amu_darya","discharge_cms":21.947,"strahler_order":4,"channel_class":"perennial","in_headwater_formation":0},"geometry":{"type":"LineString","coordinates":[[69.29792,38.75208],[69.31875,38.73125]]}},{"type":"Feature","properties":{"hyriv_id":40443360,"system_id":"amu_darya","discharge_cms":21.947,"strahler_order":5,"channel_class":"perennial","in_headwater_formation":0},"geometry":{"type":"LineString","coordinates":[[65.14792,36.96875],[65.16458,36.98542],[65.18542,36.98958],[65.19375,37.00208]]}},{"type":"Feature","properties":{"hyriv_id":40442197,"system_id":"amu_darya","discharge_cms":21.948,"strahler_order":5,"channel_class":"perennial","in_headwater_formation":0},"geometry":{"type":"LineString","coordinates":[[65.19375,37.00208],[65.21458,37.01042]]}},{"type":"Feature","properties":{"hyriv_id":40376038,"system_id":"amu_darya","discharge_cms":21.95,"strahler_order":4,"channel_class":"perennial","in_headwater_formation":1},"geometry":{"type":"LineString","coordinates":[[70.18542,39.18125],[70.18958,39.17708],[70.18542,39.16875]]}},{"type":"Feature","properties":{"hyriv_id":40362137,"system_id":"amu_darya","discharge_cms":21.977,"strahler_order":4,"channel_class":"perennial","in_headwater_formation":1},"geometry":{"type":"LineString","coordinates":[[72.92708,39.65625],[72.91875,39.65625]]}},{"type":"Feature","properties":{"hyriv_id":40466260,"system_id":"amu_darya","discharge_cms":21.988,"strahler_order":4,"channel_class":"perennial","in_headwater_formation":1},"geometry":{"type":"LineString","coordinates":[[69.55208,36.29792],[69.56875,36.33542]]}},{"type":"Feature","properties":{"hyriv_id":40448961,"system_id":"amu_darya","discharge_cms":21.997,"strahler_order":5,"channel_class":"perennial","in_headwater_formation":0},"geometry":{"type":"LineString","coordinates":[[64.96042,36.79792],[64.98125,36.82708],[65.00625,36.83958],[65.02708,36.86458],[65.04792,36.87292],[65.07708,36.87292]]}},{"type":"Feature","properties":{"hyriv_id":40441813,"system_id":"amu_darya","discharge_cms":22.004,"strahler_order":4,"channel_class":"perennial","in_headwater_formation":1},"geometry":{"type":"LineString","coordinates":[[70.83125,37.01458],[70.80208,37.01875]]}},{"type":"Feature","properties":{"hyriv_id":40484199,"system_id":"amu_darya","discharge_cms":22.014,"strahler_order":5,"channel_class":"perennial","in_headwater_formation":0},"geometry":{"type":"LineString","coordinates":[[66.97292,35.77708],[66.97292,35.78542],[66.98542,35.79792]]}},{"type":"Feature","properties":{"hyriv_id":40445925,"system_id":"amu_darya","discharge_cms":22.021,"strahler_order":5,"channel_class":"perennial","in_headwater_formation":0},"geometry":{"type":"LineString","coordinates":[[65.08125,36.88958],[65.07708,36.89792]]}},{"type":"Feature","properties":{"hyriv_id":40446479,"system_id":"amu_darya","discharge_cms":22.023,"strahler_order":5,"channel_class":"perennial","in_headwater_formation":0},"geometry":{"type":"LineString","coordinates":[[65.07708,36.87292],[65.08125,36.88958]]}},{"type":"Feature","properties":{"hyriv_id":40464465,"system_id":"amu_darya","discharge_cms":22.107,"strahler_order":4,"channel_class":"perennial","in_headwater_formation":1},"geometry":{"type":"LineString","coordinates":[[69.95208,36.34792],[69.93958,36.35625],[69.93125,36.37292]]}},{"type":"Feature","properties":{"hyriv_id":40403578,"system_id":"amu_darya","discharge_cms":22.11,"strahler_order":3,"channel_class":"perennial","in_headwater_formation":1},"geometry":{"type":"LineString","coordinates":[[69.98542,38.25208],[69.98542,38.24375]]}},{"type":"Feature","properties":{"hyriv_id":40314674,"system_id":"syr_darya","discharge_cms":22.193,"strahler_order":4,"channel_class":"perennial","in_headwater_formation":1},"geometry":{"type":"LineString","coordinates":[[75.73542,41.19792],[75.73125,41.21458],[75.73542,41.24375]]}},{"type":"Feature","properties":{"hyriv_id":40362135,"system_id":"amu_darya","discharge_cms":22.204,"strahler_order":4,"channel_class":"perennial","in_headwater_formation":1},"geometry":{"type":"LineString","coordinates":[[72.91875,39.65625],[72.91042,39.65625]]}},{"type":"Feature","properties":{"hyriv_id":40450366,"system_id":"amu_darya","discharge_cms":22.244,"strahler_order":5,"channel_class":"perennial","in_headwater_formation":0},"geometry":{"type":"LineString","coordinates":[[64.93542,36.75625],[64.94375,36.77292],[64.96458,36.78958],[64.96042,36.79792]]}},{"type":"Feature","properties":{"hyriv_id":40317471,"system_id":"syr_darya","discharge_cms":22.296,"strahler_order":4,"channel_class":"perennial","in_headwater_formation":1},"geometry":{"type":"LineString","coordinates":[[74.32292,41.10625],[74.33958,41.12292]]}},{"type":"Feature","properties":{"hyriv_id":40404745,"system_id":"amu_darya","discharge_cms":22.323,"strahler_order":5,"channel_class":"perennial","in_headwater_formation":1},"geometry":{"type":"LineString","coordinates":[[72.78125,38.21458],[72.74375,38.21458],[72.73125,38.20208]]}},{"type":"Feature","properties":{"hyriv_id":40464927,"system_id":"amu_darya","discharge_cms":22.327,"strahler_order":4,"channel_class":"perennial","in_headwater_formation":1},"geometry":{"type":"LineString","coordinates":[[69.56875,36.33542],[69.55208,36.34792],[69.54375,36.36458]]}},{"type":"Feature","properties":{"hyriv_id":40451020,"system_id":"amu_darya","discharge_cms":22.328,"strahler_order":5,"channel_class":"perennial","in_headwater_formation":0},"geometry":{"type":"LineString","coordinates":[[64.92708,36.73542],[64.93542,36.75625]]}},{"type":"Feature","properties":{"hyriv_id":40453507,"system_id":"amu_darya","discharge_cms":22.355,"strahler_order":5,"channel_class":"perennial","in_headwater_formation":0},"geometry":{"type":"LineString","coordinates":[[64.87708,36.66458],[64.88125,36.68542],[64.90625,36.70208],[64.90625,36.71458],[64.92708,36.73542]]}},{"type":"Feature","properties":{"hyriv_id":40289804,"system_id":"syr_darya","discharge_cms":22.392,"strahler_order":4,"channel_class":"perennial","in_headwater_formation":0},"geometry":{"type":"LineString","coordinates":[[70.70625,42.06458],[70.67708,42.05208],[70.66458,42.03958],[70.64375,41.99792]]}},{"type":"Feature","properties":{"hyriv_id":40387514,"system_id":"amu_darya","discharge_cms":22.398,"strahler_order":3,"channel_class":"perennial","in_headwater_formation":0},"geometry":{"type":"LineString","coordinates":[[69.43125,38.78542],[69.42708,38.78125]]}},{"type":"Feature","properties":{"hyriv_id":40389097,"system_id":"amu_darya","discharge_cms":22.431,"strahler_order":4,"channel_class":"perennial","in_headwater_formation":0},"geometry":{"type":"LineString","coordinates":[[69.31875,38.73125],[69.32292,38.72708]]}},{"type":"Feature","properties":{"hyriv_id":40419425,"system_id":"amu_darya","discharge_cms":22.438,"strahler_order":5,"channel_class":"perennial","in_headwater_formation":1},"geometry":{"type":"LineString","coordinates":[[72.34792,37.70625],[72.30625,37.71042],[72.28542,37.72292]]}},{"type":"Feature","properties":{"hyriv_id":40483535,"system_id":"amu_darya","discharge_cms":22.453,"strahler_order":5,"channel_class":"perennial","in_headwater_formation":0},"geometry":{"type":"LineString","coordinates":[[66.98542,35.79792],[66.97292,35.81042]]}},{"type":"Feature","properties":{"hyriv_id":40483089,"system_id":"amu_darya","discharge_cms":22.47,"strahler_order":5,"channel_class":"perennial","in_headwater_formation":0},"geometry":{"type":"LineString","coordinates":[[66.97292,35.81042],[66.96458,35.82292]]}},{"type":"Feature","properties":{"hyriv_id":40454375,"system_id":"amu_darya","discharge_cms":22.492,"strahler_order":5,"channel_class":"perennial","in_headwater_formation":0},"geometry":{"type":"LineString","coordinates":[[64.86042,36.63958],[64.87292,36.66458]]}},{"type":"Feature","properties":{"hyriv_id":40453506,"system_id":"amu_darya","discharge_cms":22.494,"strahler_order":5,"channel_class":"perennial","in_headwater_formation":0},"geometry":{"type":"LineString","coordinates":[[64.87292,36.66458],[64.87708,36.66458]]}},{"type":"Feature","properties":{"hyriv_id":40477388,"system_id":"amu_darya","discharge_cms":22.506,"strahler_order":4,"channel_class":"perennial","in_headwater_formation":1},"geometry":{"type":"LineString","coordinates":[[70.90208,35.97292],[70.88958,35.98125],[70.88125,36.00208]]}},{"type":"Feature","properties":{"hyriv_id":40499848,"system_id":"amu_darya","discharge_cms":22.511,"strahler_order":6,"channel_class":"perennial","in_headwater_formation":1},"geometry":{"type":"LineString","coordinates":[[68.14792,35.34792],[68.15625,35.35208],[68.19375,35.34792],[68.21458,35.37708]]}},{"type":"Feature","properties":{"hyriv_id":40394857,"system_id":"amu_darya","discharge_cms":22.53,"strahler_order":4,"channel_class":"perennial","in_headwater_formation":1},"geometry":{"type":"LineString","coordinates":[[72.80208,38.57708],[72.80208,38.55625],[72.79375,38.53958]]}},{"type":"Feature","properties":{"hyriv_id":40455286,"system_id":"amu_darya","discharge_cms":22.538,"strahler_order":5,"channel_class":"perennial","in_headwater_formation":0},"geometry":{"type":"LineString","coordinates":[[64.88542,36.61458],[64.86042,36.63125],[64.86042,36.63958]]}},{"type":"Feature","properties":{"hyriv_id":40306027,"system_id":"syr_darya","discharge_cms":22.539,"strahler_order":4,"channel_class":"perennial","in_headwater_formation":1},"geometry":{"type":"LineString","coordinates":[[77.20625,41.48125],[77.15625,41.47708],[77.11042,41.48542]]}},{"type":"Feature","properties":{"hyriv_id":40404136,"system_id":"amu_darya","discharge_cms":22.543,"strahler_order":3,"channel_class":"perennial","in_headwater_formation":1},"geometry":{"type":"LineString","coordinates":[[69.98542,38.24375],[69.97708,38.23542],[69.97708,38.22292]]}},{"type":"Feature","properties":{"hyriv_id":40313303,"system_id":"syr_darya","discharge_cms":22.544,"strahler_order":4,"channel_class":"perennial","in_headwater_formation":1},"geometry":{"type":"LineString","coordinates":[[75.73542,41.24375],[75.73125,41.24792]]}},{"type":"Feature","properties":{"hyriv_id":40317002,"system_id":"syr_darya","discharge_cms":22.546,"strahler_order":4,"channel_class":"perennial","in_headwater_formation":1},"geometry":{"type":"LineString","coordinates":[[74.33958,41.12292],[74.36042,41.13958]]}},{"type":"Feature","properties":{"hyriv_id":40482668,"system_id":"amu_darya","discharge_cms":22.568,"strahler_order":5,"channel_class":"perennial","in_headwater_formation":0},"geometry":{"type":"LineString","coordinates":[[66.96458,35.82292],[66.95208,35.85208]]}},{"type":"Feature","properties":{"hyriv_id":40456171,"system_id":"amu_darya","discharge_cms":22.603,"strahler_order":5,"channel_class":"perennial","in_headwater_formation":0},"geometry":{"type":"LineString","coordinates":[[64.88958,36.58958],[64.88542,36.61458]]}},{"type":"Feature","properties":{"hyriv_id":40458048,"system_id":"amu_darya","discharge_cms":22.617,"strahler_order":5,"channel_class":"perennial","in_headwater_formation":0},"geometry":{"type":"LineString","coordinates":[[64.89792,36.53542],[64.90208,36.53958],[64.89792,36.57292],[64.88958,36.58958]]}},{"type":"Feature","properties":{"hyriv_id":40463918,"system_id":"amu_darya","discharge_cms":22.622,"strahler_order":4,"channel_class":"perennial","in_headwater_formation":1},"geometry":{"type":"LineString","coordinates":[[69.54375,36.36458],[69.54375,36.36875]]}},{"type":"Feature","properties":{"hyriv_id":40481654,"system_id":"amu_darya","discharge_cms":22.634,"strahler_order":5,"channel_class":"perennial","in_headwater_formation":0},"geometry":{"type":"LineString","coordinates":[[66.95208,35.85208],[66.93958,35.86458]]}},{"type":"Feature","properties":{"hyriv_id":40420033,"system_id":"amu_darya","discharge_cms":22.64,"strahler_order":4,"channel_class":"perennial","in_headwater_formation":1},"geometry":{"type":"LineString","coordinates":[[69.31042,37.70208],[69.32708,37.68542]]}},{"type":"Feature","properties":{"hyriv_id":40387639,"system_id":"amu_darya","discharge_cms":22.66,"strahler_order":3,"channel_class":"perennial","in_headwater_formation":0},"geometry":{"type":"LineString","coordinates":[[69.42708,38.78125],[69.41042,38.77708]]}},{"type":"Feature","properties":{"hyriv_id":40481187,"system_id":"amu_darya","discharge_cms":22.668,"strahler_order":5,"channel_class":"perennial","in_headwater_formation":0},"geometry":{"type":"LineString","coordinates":[[66.93958,35.86458],[66.93125,35.86875]]}},{"type":"Feature","properties":{"hyriv_id":40458196,"system_id":"amu_darya","discharge_cms":22.681,"strahler_order":5,"channel_class":"perennial","in_headwater_formation":0},"geometry":{"type":"LineString","coordinates":[[64.89375,36.53125],[64.89792,36.53542]]}},{"type":"Feature","properties":{"hyriv_id":40481042,"system_id":"amu_darya","discharge_cms":22.696,"strahler_order":5,"channel_class":"perennial","in_headwater_formation":0},"geometry":{"type":"LineString","coordinates":[[66.93125,35.86875],[66.91042,35.87708]]}},{"type":"Feature","properties":{"hyriv_id":40284243,"system_id":"syr_darya","discharge_cms":22.777,"strahler_order":4,"channel_class":"perennial","in_headwater_formation":1},"geometry":{"type":"LineString","coordinates":[[73.88958,42.18125],[73.90208,42.18542]]}},{"type":"Feature","properties":{"hyriv_id":40376985,"system_id":"amu_darya","discharge_cms":22.782,"strahler_order":4,"channel_class":"perennial","in_headwater_formation":1},"geometry":{"type":"LineString","coordinates":[[70.18542,39.16875],[70.19375,39.16042],[70.18958,39.14375],[70.19792,39.13542]]}},{"type":"Feature","properties":{"hyriv_id":40498712,"system_id":"amu_darya","discharge_cms":22.792,"strahler_order":6,"channel_class":"perennial","in_headwater_formation":1},"geometry":{"type":"LineString","coordinates":[[68.21458,35.37708],[68.21875,35.37708]]}},{"type":"Feature","properties":{"hyriv_id":40463760,"system_id":"amu_darya","discharge_cms":22.808,"strahler_order":4,"channel_class":"perennial","in_headwater_formation":1},"geometry":{"type":"LineString","coordinates":[[69.54375,36.36875],[69.53958,36.40208]]}},{"type":"Feature","properties":{"hyriv_id":40375596,"system_id":"amu_darya","discharge_cms":22.823,"strahler_order":3,"channel_class":"perennial","in_headwater_formation":0},"geometry":{"type":"LineString","coordinates":[[68.72708,39.18542],[68.68125,39.19375],[68.66458,39.18958],[68.63125,39.20208]]}},{"type":"Feature","properties":{"hyriv_id":40419665,"system_id":"amu_darya","discharge_cms":22.823,"strahler_order":5,"channel_class":"perennial","in_headwater_formation":1},"geometry":{"type":"LineString","coordinates":[[72.28542,37.72292],[72.24375,37.71875],[72.23542,37.72292],[72.21042,37.69792]]}},{"type":"Feature","properties":{"hyriv_id":40489756,"system_id":"amu_darya","discharge_cms":22.826,"strahler_order":4,"channel_class":"perennial","in_headwater_formation":1},"geometry":{"type":"LineString","coordinates":[[69.09792,35.61875],[69.08958,35.61458]]}},{"type":"Feature","properties":{"hyriv_id":40387740,"system_id":"amu_darya","discharge_cms":22.869,"strahler_order":3,"channel_class":"perennial","in_headwater_formation":0},"geometry":{"type":"LineString","coordinates":[[69.41042,38.77708],[69.40208,38.77292]]}},{"type":"Feature","properties":{"hyriv_id":40462620,"system_id":"amu_darya","discharge_cms":22.896,"strahler_order":4,"channel_class":"perennial","in_headwater_formation":1},"geometry":{"type":"LineString","coordinates":[[69.53958,36.40208],[69.53125,36.41875]]}},{"type":"Feature","properties":{"hyriv_id":40384845,"system_id":"amu_darya","discharge_cms":22.926,"strahler_order":4,"channel_class":"perennial","in_headwater_formation":1},"geometry":{"type":"LineString","coordinates":[[71.53958,38.87292],[71.51875,38.86875]]}},{"type":"Feature","properties":{"hyriv_id":40385767,"system_id":"amu_darya","discharge_cms":22.929,"strahler_order":5,"channel_class":"perennial","in_headwater_formation":0},"geometry":{"type":"LineString","coordinates":[[66.12708,38.83958],[66.11042,38.84792]]}},{"type":"Feature","properties":{"hyriv_id":40388498,"system_id":"amu_darya","discharge_cms":22.951,"strahler_order":4,"channel_class":"perennial","in_headwater_formation":1},"geometry":{"type":"LineString","coordinates":[[71.23542,38.74792],[71.23125,38.75625]]}},{"type":"Feature","properties":{"hyriv_id":40420686,"system_id":"amu_darya","discharge_cms":22.975,"strahler_order":4,"channel_class":"perennial","in_headwater_formation":1},"geometry":{"type":"LineString","coordinates":[[69.32708,37.68542],[69.34375,37.66458]]}},{"type":"Feature","properties":{"hyriv_id":40316431,"system_id":"syr_darya","discharge_cms":22.979,"strahler_order":4,"channel_class":"perennial","in_headwater_formation":1},"geometry":{"type":"LineString","coordinates":[[74.36042,41.13958],[74.36458,41.14375]]}},{"type":"Feature","properties":{"hyriv_id":40462026,"system_id":"amu_darya","discharge_cms":23.046,"strahler_order":4,"channel_class":"perennial","in_headwater_formation":1},"geometry":{"type":"LineString","coordinates":[[69.53125,36.41875],[69.53542,36.44375]]}},{"type":"Feature","properties":{"hyriv_id":40463610,"system_id":"amu_darya","discharge_cms":23.049,"strahler_order":4,"channel_class":"perennial","in_headwater_formation":1},"geometry":{"type":"LineString","coordinates":[[69.93125,36.37292],[69.93542,36.37708],[69.92708,36.38542],[69.93125,36.39375],[69.92708,36.41458]]}},{"type":"Feature","properties":{"hyriv_id":40461192,"system_id":"amu_darya","discharge_cms":23.113,"strahler_order":4,"channel_class":"perennial","in_headwater_formation":1},"geometry":{"type":"LineString","coordinates":[[69.53542,36.44375],[69.53542,36.44792]]}},{"type":"Feature","properties":{"hyriv_id":40419664,"system_id":"amu_darya","discharge_cms":23.114,"strahler_order":5,"channel_class":"perennial","in_headwater_formation":1},"geometry":{"type":"LineString","coordinates":[[72.21042,37.69792],[72.20625,37.70208]]}},{"type":"Feature","properties":{"hyriv_id":40303686,"system_id":"syr_darya","discharge_cms":23.119,"strahler_order":4,"channel_class":"perennial","in_headwater_formation":0},"geometry":{"type":"LineString","coordinates":[[69.30625,41.56875],[69.30208,41.55625]]}},{"type":"Feature","properties":{"hyriv_id":40320894,"system_id":"syr_darya","discharge_cms":23.136,"strahler_order":4,"channel_class":"perennial","in_headwater_formation":0},"geometry":{"type":"LineString","coordinates":[[70.17292,41.02708],[70.16458,41.01875],[70.16042,41.02292],[70.14375,41.01875],[70.13125,40.99792],[70.11458,40.98958]]}},{"type":"Feature","properties":{"hyriv_id":40489902,"system_id":"amu_darya","discharge_cms":23.166,"strahler_order":4,"channel_class":"perennial","in_headwater_formation":1},"geometry":{"type":"LineString","coordinates":[[69.08958,35.61458],[69.07708,35.61875],[69.06042,35.61042]]}},{"type":"Feature","properties":{"hyriv_id":40387856,"system_id":"amu_darya","discharge_cms":23.177,"strahler_order":3,"channel_class":"perennial","in_headwater_formation":0},"geometry":{"type":"LineString","coordinates":[[69.40208,38.77292],[69.39792,38.76875]]}},{"type":"Feature","properties":{"hyriv_id":40480740,"system_id":"amu_darya","discharge_cms":23.179,"strahler_order":5,"channel_class":"perennial","in_headwater_formation":0},"geometry":{"type":"LineString","coordinates":[[66.91042,35.87708],[66.88958,35.89375],[66.88958,35.91042],[66.88125,35.91875],[66.87292,35.91875],[66.84792,35.93958],[66.82292,35.94375],[66.78542,35.97292]]}},{"type":"Feature","properties":{"hyriv_id":40362133,"system_id":"amu_darya","discharge_cms":23.214,"strahler_order":4,"channel_class":"perennial","in_headwater_formation":1},"geometry":{"type":"LineString","coordinates":[[72.91042,39.65625],[72.88125,39.65625]]}},{"type":"Feature","properties":{"hyriv_id":40405329,"system_id":"amu_darya","discharge_cms":23.227,"strahler_order":3,"channel_class":"perennial","in_headwater_formation":1},"geometry":{"type":"LineString","coordinates":[[69.97708,38.22292],[69.96042,38.18125]]}},{"type":"Feature","properties":{"hyriv_id":40316313,"system_id":"syr_darya","discharge_cms":23.251,"strahler_order":4,"channel_class":"perennial","in_headwater_formation":1},"geometry":{"type":"LineString","coordinates":[[74.36458,41.14375],[74.38542,41.16042]]}},{"type":"Feature","properties":{"hyriv_id":40383287,"system_id":"amu_darya","discharge_cms":23.279,"strahler_order":4,"channel_class":"perennial","in_headwater_formation":1},"geometry":{"type":"LineString","coordinates":[[72.27292,38.91875],[72.27708,38.95208]]}},{"type":"Feature","properties":{"hyriv_id":40368208,"system_id":"amu_darya","discharge_cms":23.305,"strahler_order":3,"channel_class":"perennial","in_headwater_formation":0},"geometry":{"type":"LineString","coordinates":[[69.79792,39.45625],[69.74375,39.46042],[69.68125,39.44375]]}},{"type":"Feature","properties":{"hyriv_id":40395685,"system_id":"amu_darya","discharge_cms":23.306,"strahler_order":4,"channel_class":"perennial","in_headwater_formation":1},"geometry":{"type":"LineString","coordinates":[[72.79375,38.53958],[72.76875,38.51458],[72.75625,38.51042]]}},{"type":"Feature","properties":{"hyriv_id":40385512,"system_id":"amu_darya","discharge_cms":23.337,"strahler_order":5,"channel_class":"perennial","in_headwater_formation":0},"geometry":{"type":"LineString","coordinates":[[66.11042,38.84792],[66.10208,38.85208]]}},{"type":"Feature","properties":{"hyriv_id":40385394,"system_id":"amu_darya","discharge_cms":23.36,"strahler_order":5,"channel_class":"perennial","in_headwater_formation":0},"geometry":{"type":"LineString","coordinates":[[66.10208,38.85208],[66.05208,38.86042]]}},{"type":"Feature","properties":{"hyriv_id":40284244,"system_id":"syr_darya","discharge_cms":23.373,"strahler_order":4,"channel_class":"perennial","in_headwater_formation":1},"geometry":{"type":"LineString","coordinates":[[73.90208,42.18542],[73.92292,42.18958],[73.93542,42.18125]]}},{"type":"Feature","properties":{"hyriv_id":40385124,"system_id":"amu_darya","discharge_cms":23.385,"strahler_order":5,"channel_class":"perennial","in_headwater_formation":0},"geometry":{"type":"LineString","coordinates":[[66.05208,38.86042],[66.01458,38.86458],[66.00208,38.86042]]}},{"type":"Feature","properties":{"hyriv_id":40375355,"system_id":"amu_darya","discharge_cms":23.395,"strahler_order":4,"channel_class":"perennial","in_headwater_formation":1},"geometry":{"type":"LineString","coordinates":[[70.85208,39.21042],[70.86458,39.19375]]}},{"type":"Feature","properties":{"hyriv_id":40421072,"system_id":"amu_darya","discharge_cms":23.397,"strahler_order":4,"channel_class":"perennial","in_headwater_formation":1},"geometry":{"type":"LineString","coordinates":[[69.34375,37.66458],[69.35208,37.65208]]}},{"type":"Feature","properties":{"hyriv_id":40434388,"system_id":"amu_darya","discharge_cms":23.421,"strahler_order":5,"channel_class":"perennial","in_headwater_formation":0},"geometry":{"type":"LineString","coordinates":[[65.21458,37.23542],[65.20625,37.25208],[65.21458,37.32292],[65.19375,37.33542]]}},{"type":"Feature","properties":{"hyriv_id":40296578,"system_id":"syr_darya","discharge_cms":23.44,"strahler_order":4,"channel_class":"perennial","in_headwater_formation":0},"geometry":{"type":"LineString","coordinates":[[71.14375,41.79792],[71.12708,41.78542]]}},{"type":"Feature","properties":{"hyriv_id":40434895,"system_id":"amu_darya","discharge_cms":23.495,"strahler_order":5,"channel_class":"perennial","in_headwater_formation":0},"geometry":{"type":"LineString","coordinates":[[65.22708,37.21875],[65.21458,37.23542]]}},{"type":"Feature","properties":{"hyriv_id":40436312,"system_id":"amu_darya","discharge_cms":23.495,"strahler_order":5,"channel_class":"perennial","in_headwater_formation":0},"geometry":{"type":"LineString","coordinates":[[65.25625,37.17292],[65.25208,37.19375],[65.22708,37.21875]]}},{"type":"Feature","properties":{"hyriv_id":40461061,"system_id":"amu_darya","discharge_cms":23.506,"strahler_order":4,"channel_class":"perennial","in_headwater_formation":1},"geometry":{"type":"LineString","coordinates":[[69.53542,36.44792],[69.54792,36.46458]]}},{"type":"Feature","properties":{"hyriv_id":40437310,"system_id":"amu_darya","discharge_cms":23.528,"strahler_order":5,"channel_class":"perennial","in_headwater_formation":0},"geometry":{"type":"LineString","coordinates":[[65.27708,37.14375],[65.25625,37.17292]]}},{"type":"Feature","properties":{"hyriv_id":40388227,"system_id":"amu_darya","discharge_cms":23.53,"strahler_order":4,"channel_class":"perennial","in_headwater_formation":1},"geometry":{"type":"LineString","coordinates":[[71.23125,38.75625],[71.22292,38.76875],[71.20625,38.77708]]}},{"type":"Feature","properties":{"hyriv_id":40437919,"system_id":"amu_darya","discharge_cms":23.539,"strahler_order":5,"channel_class":"perennial","in_headwater_formation":0},"geometry":{"type":"LineString","coordinates":[[65.28125,37.12708],[65.27708,37.14375]]}},{"type":"Feature","properties":{"hyriv_id":40438337,"system_id":"amu_darya","discharge_cms":23.54,"strahler_order":5,"channel_class":"perennial","in_headwater_formation":0},"geometry":{"type":"LineString","coordinates":[[65.28542,37.11458],[65.28125,37.12708]]}},{"type":"Feature","properties":{"hyriv_id":40362132,"system_id":"amu_darya","discharge_cms":23.58,"strahler_order":4,"channel_class":"perennial","in_headwater_formation":1},"geometry":{"type":"LineString","coordinates":[[72.88125,39.65625],[72.87708,39.66042]]}},{"type":"Feature","properties":{"hyriv_id":40313194,"system_id":"syr_darya","discharge_cms":23.63,"strahler_order":4,"channel_class":"perennial","in_headwater_formation":1},"geometry":{"type":"LineString","coordinates":[[75.73125,41.24792],[75.71875,41.26042]]}},{"type":"Feature","properties":{"hyriv_id":40490340,"system_id":"amu_darya","discharge_cms":23.637,"strahler_order":4,"channel_class":"perennial","in_headwater_formation":1},"geometry":{"type":"LineString","coordinates":[[69.06042,35.61042],[69.04792,35.60208],[69.01875,35.59792]]}},{"type":"Feature","properties":{"hyriv_id":40375843,"system_id":"amu_darya","discharge_cms":23.652,"strahler_order":4,"channel_class":"perennial","in_headwater_formation":1},"geometry":{"type":"LineString","coordinates":[[70.86458,39.19375],[70.87292,39.17708]]}},{"type":"Feature","properties":{"hyriv_id":40462187,"system_id":"amu_darya","discharge_cms":23.691,"strahler_order":4,"channel_class":"perennial","in_headwater_formation":1},"geometry":{"type":"LineString","coordinates":[[69.92708,36.41458],[69.91042,36.42708],[69.90625,36.43958],[69.89375,36.44375]]}},{"type":"Feature","properties":{"hyriv_id":40396376,"system_id":"amu_darya","discharge_cms":23.694,"strahler_order":4,"channel_class":"perennial","in_headwater_formation":1},"geometry":{"type":"LineString","coordinates":[[72.75625,38.51042],[72.72708,38.48542]]}},{"type":"Feature","properties":{"hyriv_id":40460459,"system_id":"amu_darya","discharge_cms":23.729,"strahler_order":4,"channel_class":"perennial","in_headwater_formation":1},"geometry":{"type":"LineString","coordinates":[[69.54792,36.46458],[69.54375,36.48125]]}},{"type":"Feature","properties":{"hyriv_id":40312794,"system_id":"syr_darya","discharge_cms":23.758,"strahler_order":4,"channel_class":"perennial","in_headwater_formation":1},"geometry":{"type":"LineString","coordinates":[[75.71875,41.26042],[75.71042,41.27292]]}},{"type":"Feature","properties":{"hyriv_id":40461193,"system_id":"amu_darya","discharge_cms":23.786,"strahler_order":4,"channel_class":"perennial","in_headwater_formation":1},"geometry":{"type":"LineString","coordinates":[[69.89375,36.44375],[69.88958,36.45625]]}},{"type":"Feature","properties":{"hyriv_id":40312413,"system_id":"syr_darya","discharge_cms":23.887,"strahler_order":4,"channel_class":"perennial","in_headwater_formation":1},"geometry":{"type":"LineString","coordinates":[[75.71042,41.27292],[75.70208,41.28958]]}},{"type":"Feature","properties":{"hyriv_id":40396623,"system_id":"amu_darya","discharge_cms":23.896,"strahler_order":4,"channel_class":"perennial","in_headwater_formation":1},"geometry":{"type":"LineString","coordinates":[[72.72708,38.48542],[72.71875,38.47708]]}},{"type":"Feature","properties":{"hyriv_id":40459909,"system_id":"amu_darya","discharge_cms":23.937,"strahler_order":4,"channel_class":"perennial","in_headwater_formation":1},"geometry":{"type":"LineString","coordinates":[[69.54375,36.48125],[69.53125,36.50208],[69.50208,36.50625]]}},{"type":"Feature","properties":{"hyriv_id":40297160,"system_id":"syr_darya","discharge_cms":23.942,"strahler_order":4,"channel_class":"perennial","in_headwater_formation":0},"geometry":{"type":"LineString","coordinates":[[71.12708,41.78542],[71.11042,41.76875]]}},{"type":"Feature","properties":{"hyriv_id":40311918,"system_id":"syr_darya","discharge_cms":23.967,"strahler_order":4,"channel_class":"perennial","in_headwater_formation":1},"geometry":{"type":"LineString","coordinates":[[75.70208,41.28958],[75.69792,41.29375]]}},{"type":"Feature","properties":{"hyriv_id":40305789,"system_id":"syr_darya","discharge_cms":23.978,"strahler_order":4,"channel_class":"perennial","in_headwater_formation":1},"geometry":{"type":"LineString","coordinates":[[77.11042,41.48542],[77.10625,41.48958]]}},{"type":"Feature","properties":{"hyriv_id":40421218,"system_id":"amu_darya","discharge_cms":23.994,"strahler_order":4,"channel_class":"perennial","in_headwater_formation":1},"geometry":{"type":"LineString","coordinates":[[69.35208,37.65208],[69.35208,37.64792]]}},{"type":"Feature","properties":{"hyriv_id":40460746,"system_id":"amu_darya","discharge_cms":24.002,"strahler_order":4,"channel_class":"perennial","in_headwater_formation":1},"geometry":{"type":"LineString","coordinates":[[69.88958,36.45625],[69.87708,36.45625],[69.86458,36.46875]]}},{"type":"Feature","properties":{"hyriv_id":40311791,"system_id":"syr_darya","discharge_cms":24.081,"strahler_order":4,"channel_class":"perennial","in_headwater_formation":1},"geometry":{"type":"LineString","coordinates":[[75.69792,41.29375],[75.68542,41.31042]]}},{"type":"Feature","properties":{"hyriv_id":40284762,"system_id":"syr_darya","discharge_cms":24.131,"strahler_order":4,"channel_class":"perennial","in_headwater_formation":1},"geometry":{"type":"LineString","coordinates":[[73.93542,42.18125],[73.95625,42.16458]]}},{"type":"Feature","properties":{"hyriv_id":40303824,"system_id":"syr_darya","discharge_cms":24.212,"strahler_order":4,"channel_class":"perennial","in_headwater_formation":0},"geometry":{"type":"LineString","coordinates":[[69.30208,41.55625],[69.29792,41.55208]]}},{"type":"Feature","properties":{"hyriv_id":40475387,"system_id":"amu_darya","discharge_cms":24.239,"strahler_order":5,"channel_class":"perennial","in_headwater_formation":0},"geometry":{"type":"LineString","coordinates":[[66.81458,36.03125],[66.82708,36.05208],[66.83125,36.07708],[66.83958,36.08542]]}},{"type":"Feature","properties":{"hyriv_id":40477373,"system_id":"amu_darya","discharge_cms":24.298,"strahler_order":5,"channel_class":"perennial","in_headwater_formation":0},"geometry":{"type":"LineString","coordinates":[[66.78542,35.97292],[66.79375,36.00208],[66.81042,36.02292]]}},{"type":"Feature","properties":{"hyriv_id":40315814,"system_id":"syr_darya","discharge_cms":24.309,"strahler_order":4,"channel_class":"perennial","in_headwater_formation":1},"geometry":{"type":"LineString","coordinates":[[74.38542,41.16042],[74.41875,41.18542]]}},{"type":"Feature","properties":{"hyriv_id":40304084,"system_id":"syr_darya","discharge_cms":24.324,"strahler_order":4,"channel_class":"perennial","in_headwater_formation":0},"geometry":{"type":"LineString","coordinates":[[69.29792,41.55208],[69.29375,41.54375]]}},{"type":"Feature","properties":{"hyriv_id":40475652,"system_id":"amu_darya","discharge_cms":24.326,"strahler_order":5,"channel_class":"perennial","in_headwater_formation":0},"geometry":{"type":"LineString","coordinates":[[66.81042,36.02292],[66.81458,36.03125]]}},{"type":"Feature","properties":{"hyriv_id":40375135,"system_id":"amu_darya","discharge_cms":24.336,"strahler_order":3,"channel_class":"perennial","in_headwater_formation":0},"geometry":{"type":"LineString","coordinates":[[68.63125,39.20208],[68.62292,39.20208]]}},{"type":"Feature","properties":{"hyriv_id":40376148,"system_id":"amu_darya","discharge_cms":24.427,"strahler_order":4,"channel_class":"perennial","in_headwater_formation":1},"geometry":{"type":"LineString","coordinates":[[70.87292,39.17708],[70.86875,39.16458]]}},{"type":"Feature","properties":{"hyriv_id":40289803,"system_id":"syr_darya","discharge_cms":24.439,"strahler_order":4,"channel_class":"perennial","in_headwater_formation":0},"geometry":{"type":"LineString","coordinates":[[70.64375,41.99792],[70.63958,41.99792]]}},{"type":"Feature","properties":{"hyriv_id":40460312,"system_id":"amu_darya","discharge_cms":24.46,"strahler_order":4,"channel_class":"perennial","in_headwater_formation":1},"geometry":{"type":"LineString","coordinates":[[69.86458,36.46875],[69.86458,36.48958]]}},{"type":"Feature","properties":{"hyriv_id":40391783,"system_id":"amu_darya","discharge_cms":24.49,"strahler_order":4,"channel_class":"perennial","in_headwater_formation":1},"geometry":{"type":"LineString","coordinates":[[71.97292,38.66042],[71.96458,38.66042],[71.94375,38.63958],[71.93542,38.63958]]}},{"type":"Feature","properties":{"hyriv_id":40388364,"system_id":"amu_darya","discharge_cms":24.517,"strahler_order":3,"channel_class":"perennial","in_headwater_formation":0},"geometry":{"type":"LineString","coordinates":[[69.39792,38.76875],[69.38542,38.76875],[69.36875,38.75208]]}},{"type":"Feature","properties":{"hyriv_id":40419663,"system_id":"amu_darya","discharge_cms":24.526,"strahler_order":5,"channel_class":"perennial","in_headwater_formation":1},"geometry":{"type":"LineString","coordinates":[[72.20625,37.70208],[72.19792,37.69792],[72.18125,37.70208]]}},{"type":"Feature","properties":{"hyriv_id":40459014,"system_id":"amu_darya","discharge_cms":24.539,"strahler_order":4,"channel_class":"perennial","in_headwater_formation":1},"geometry":{"type":"LineString","coordinates":[[69.50208,36.50625],[69.49375,36.51042],[69.49375,36.51875]]}},{"type":"Feature","properties":{"hyriv_id":40311274,"system_id":"syr_darya","discharge_cms":24.579,"strahler_order":4,"channel_class":"perennial","in_headwater_formation":1},"geometry":{"type":"LineString","coordinates":[[75.68542,41.31042],[75.68125,41.33542],[75.66875,41.34792],[75.64792,41.34792],[75.63542,41.37292],[75.61875,41.37292],[75.61458,41.38125]]}},{"type":"Feature","properties":{"hyriv_id":40376267,"system_id":"amu_darya","discharge_cms":24.584,"strahler_order":4,"channel_class":"perennial","in_headwater_formation":1},"geometry":{"type":"LineString","coordinates":[[70.86875,39.16458],[70.86458,39.16042]]}},{"type":"Feature","properties":{"hyriv_id":40459591,"system_id":"amu_darya","discharge_cms":24.591,"strahler_order":4,"channel_class":"perennial","in_headwater_formation":1},"geometry":{"type":"LineString","coordinates":[[69.86458,36.48958],[69.86875,36.49792]]}},{"type":"Feature","properties":{"hyriv_id":40471435,"system_id":"amu_darya","discharge_cms":24.624,"strahler_order":5,"channel_class":"perennial","in_headwater_formation":0},"geometry":{"type":"LineString","coordinates":[[66.87292,36.14375],[66.88542,36.15208],[66.89375,36.17292]]}},{"type":"Feature","properties":{"hyriv_id":40473446,"system_id":"amu_darya","discharge_cms":24.624,"strahler_order":5,"channel_class":"perennial","in_headwater_formation":0},"geometry":{"type":"LineString","coordinates":[[66.83958,36.08542],[66.84375,36.08958]]}},{"type":"Feature","properties":{"hyriv_id":40417337,"system_id":"amu_darya","discharge_cms":24.631,"strahler_order":4,"channel_class":"perennial","in_headwater_formation":1},"geometry":{"type":"LineString","coordinates":[[71.02292,37.77292],[71.05208,37.80625],[71.08542,37.82708]]}},{"type":"Feature","properties":{"hyriv_id":40471858,"system_id":"amu_darya","discharge_cms":24.667,"strahler_order":5,"channel_class":"perennial","in_headwater_formation":0},"geometry":{"type":"LineString","coordinates":[[66.86042,36.13125],[66.87292,36.14375]]}},{"type":"Feature","properties":{"hyriv_id":40473285,"system_id":"amu_darya","discharge_cms":24.682,"strahler_order":5,"channel_class":"perennial","in_headwater_formation":0},"geometry":{"type":"LineString","coordinates":[[66.84375,36.08958],[66.85208,36.09792],[66.84792,36.11458],[66.86042,36.13125]]}},{"type":"Feature","properties":{"hyriv_id":40419529,"system_id":"amu_darya","discharge_cms":24.683,"strahler_order":5,"channel_class":"perennial","in_headwater_formation":1},"geometry":{"type":"LineString","coordinates":[[72.18125,37.70208],[72.16458,37.72292]]}},{"type":"Feature","properties":{"hyriv_id":40315079,"system_id":"syr_darya","discharge_cms":24.746,"strahler_order":4,"channel_class":"perennial","in_headwater_formation":1},"geometry":{"type":"LineString","coordinates":[[74.41875,41.18542],[74.45208,41.21042],[74.46042,41.22708]]}},{"type":"Feature","properties":{"hyriv_id":40284763,"system_id":"syr_darya","discharge_cms":24.765,"strahler_order":4,"channel_class":"perennial","in_headwater_formation":1},"geometry":{"type":"LineString","coordinates":[[73.95625,42.16458],[73.96458,42.16458]]}},{"type":"Feature","properties":{"hyriv_id":40459301,"system_id":"amu_darya","discharge_cms":24.836,"strahler_order":4,"channel_class":"perennial","in_headwater_formation":1},"geometry":{"type":"LineString","coordinates":[[69.86875,36.49792],[69.87292,36.50208],[69.86875,36.52292]]}},{"type":"Feature","properties":{"hyriv_id":40305788,"system_id":"syr_darya","discharge_cms":24.857,"strahler_order":4,"channel_class":"perennial","in_headwater_formation":1},"geometry":{"type":"LineString","coordinates":[[77.10625,41.48958],[77.06458,41.48542]]}},{"type":"Feature","properties":{"hyriv_id":40456492,"system_id":"amu_darya","discharge_cms":24.885,"strahler_order":4,"channel_class":"perennial","in_headwater_formation":1},"geometry":{"type":"LineString","coordinates":[[69.39792,36.58125],[69.38125,36.60625],[69.38125,36.61875]]}},{"type":"Feature","properties":{"hyriv_id":40458580,"system_id":"amu_darya","discharge_cms":24.889,"strahler_order":4,"channel_class":"perennial","in_headwater_formation":1},"geometry":{"type":"LineString","coordinates":[[69.49375,36.51875],[69.47708,36.53542],[69.43542,36.54375],[69.41458,36.56042]]}},{"type":"Feature","properties":{"hyriv_id":40457206,"system_id":"amu_darya","discharge_cms":24.891,"strahler_order":4,"channel_class":"perennial","in_headwater_formation":1},"geometry":{"type":"LineString","coordinates":[[69.41458,36.56042],[69.39792,36.58125]]}},{"type":"Feature","properties":{"hyriv_id":40455117,"system_id":"amu_darya","discharge_cms":24.915,"strahler_order":4,"channel_class":"perennial","in_headwater_formation":1},"geometry":{"type":"LineString","coordinates":[[69.38125,36.61875],[69.37292,36.64375]]}},{"type":"Feature","properties":{"hyriv_id":40297416,"system_id":"syr_darya","discharge_cms":25.025,"strahler_order":4,"channel_class":"perennial","in_headwater_formation":0},"geometry":{"type":"LineString","coordinates":[[71.11042,41.76875],[71.08125,41.76042]]}},{"type":"Feature","properties":{"hyriv_id":40305769,"system_id":"syr_darya","discharge_cms":25.072,"strahler_order":4,"channel_class":"perennial","in_headwater_formation":0},"geometry":{"type":"LineString","coordinates":[[69.29375,41.54375],[69.28125,41.52708],[69.25625,41.51042],[69.24792,41.48542]]}},{"type":"Feature","properties":{"hyriv_id":40381398,"system_id":"amu_darya","discharge_cms":25.145,"strahler_order":6,"channel_class":"perennial","in_headwater_formation":0},"geometry":{"type":"LineString","coordinates":[[65.60625,38.98542],[65.56042,38.99792],[65.52292,38.99792],[65.50208,39.00625],[65.48125,39.02708],[65.48542,39.03542],[65.48125,39.05208]]}},{"type":"Feature","properties":{"hyriv_id":40362003,"system_id":"amu_darya","discharge_cms":25.189,"strahler_order":4,"channel_class":"perennial","in_headwater_formation":1},"geometry":{"type":"LineString","coordinates":[[72.87708,39.66042],[72.83125,39.66458]]}},{"type":"Feature","properties":{"hyriv_id":40273027,"system_id":"syr_darya","discharge_cms":25.211,"strahler_order":4,"channel_class":"perennial","in_headwater_formation":0},"geometry":{"type":"LineString","coordinates":[[69.08958,42.53542],[69.06042,42.51458]]}},{"type":"Feature","properties":{"hyriv_id":40404267,"system_id":"amu_darya","discharge_cms":25.236,"strahler_order":4,"channel_class":"perennial","in_headwater_formation":1},"geometry":{"type":"LineString","coordinates":[[71.54375,38.23125],[71.48125,38.21875]]}},{"type":"Feature","properties":{"hyriv_id":40272294,"system_id":"syr_darya","discharge_cms":25.256,"strahler_order":4,"channel_class":"perennial","in_headwater_formation":0},"geometry":{"type":"LineString","coordinates":[[69.15208,42.54792],[69.11458,42.53542],[69.09375,42.53958],[69.08958,42.53542]]}},{"type":"Feature","properties":{"hyriv_id":40418913,"system_id":"amu_darya","discharge_cms":25.291,"strahler_order":5,"channel_class":"perennial","in_headwater_formation":1},"geometry":{"type":"LineString","coordinates":[[72.16458,37.72292],[72.16458,37.73542],[72.14792,37.74792],[72.12708,37.73958],[72.11458,37.74375],[72.08542,37.73958]]}},{"type":"Feature","properties":{"hyriv_id":40388491,"system_id":"amu_darya","discharge_cms":25.337,"strahler_order":3,"channel_class":"perennial","in_headwater_formation":0},"geometry":{"type":"LineString","coordinates":[[69.36875,38.75208],[69.36042,38.74792]]}},{"type":"Feature","properties":{"hyriv_id":40458461,"system_id":"amu_darya","discharge_cms":25.337,"strahler_order":4,"channel_class":"perennial","in_headwater_formation":1},"geometry":{"type":"LineString","coordinates":[[69.86875,36.52292],[69.86458,36.56042]]}},{"type":"Feature","properties":{"hyriv_id":40398803,"system_id":"amu_darya","discharge_cms":25.382,"strahler_order":4,"channel_class":"perennial","in_headwater_formation":1},"geometry":{"type":"LineString","coordinates":[[72.71875,38.47708],[72.70625,38.46458],[72.70625,38.45625],[72.68542,38.43958],[72.68125,38.43125],[72.68542,38.42708],[72.67292,38.42292],[72.66458,38.41042]]}},{"type":"Feature","properties":{"hyriv_id":40498713,"system_id":"amu_darya","discharge_cms":25.452,"strahler_order":6,"channel_class":"perennial","in_headwater_formation":1},"geometry":{"type":"LineString","coordinates":[[68.21875,35.37708],[68.23125,35.38958]]}},{"type":"Feature","properties":{"hyriv_id":40306632,"system_id":"syr_darya","discharge_cms":25.522,"strahler_order":4,"channel_class":"perennial","in_headwater_formation":0},"geometry":{"type":"LineString","coordinates":[[69.24792,41.48542],[69.25208,41.47708],[69.23958,41.46042],[69.22708,41.46458],[69.20625,41.45625]]}},{"type":"Feature","properties":{"hyriv_id":40418912,"system_id":"amu_darya","discharge_cms":25.561,"strahler_order":5,"channel_class":"perennial","in_headwater_formation":1},"geometry":{"type":"LineString","coordinates":[[72.08542,37.73958],[72.03542,37.72292]]}},{"type":"Feature","properties":{"hyriv_id":40498296,"system_id":"amu_darya","discharge_cms":25.603,"strahler_order":6,"channel_class":"perennial","in_headwater_formation":1},"geometry":{"type":"LineString","coordinates":[[68.23125,35.38958],[68.23125,35.39792],[68.25208,35.41875]]}},{"type":"Feature","properties":{"hyriv_id":40306733,"system_id":"syr_darya","discharge_cms":25.605,"strahler_order":4,"channel_class":"perennial","in_headwater_formation":0},"geometry":{"type":"LineString","coordinates":[[69.20625,41.45625],[69.19792,41.45208]]}},{"type":"Feature","properties":{"hyriv_id":40382380,"system_id":"amu_darya","discharge_cms":25.605,"strahler_order":4,"channel_class":"perennial","in_headwater_formation":1},"geometry":{"type":"LineString","coordinates":[[72.27708,38.95208],[72.27708,38.96875],[72.28958,38.97708]]}},{"type":"Feature","properties":{"hyriv_id":40415770,"system_id":"amu_darya","discharge_cms":25.629,"strahler_order":4,"channel_class":"perennial","in_headwater_formation":1},"geometry":{"type":"LineString","coordinates":[[71.08542,37.82708],[71.08958,37.82708]]}},{"type":"Feature","properties":{"hyriv_id":40404617,"system_id":"amu_darya","discharge_cms":25.677,"strahler_order":4,"channel_class":"perennial","in_headwater_formation":1},"geometry":{"type":"LineString","coordinates":[[71.48125,38.21875],[71.46458,38.20625]]}},{"type":"Feature","properties":{"hyriv_id":40305787,"system_id":"syr_darya","discharge_cms":25.699,"strahler_order":4,"channel_class":"perennial","in_headwater_formation":1},"geometry":{"type":"LineString","coordinates":[[77.06458,41.48542],[76.99375,41.49792]]}},{"type":"Feature","properties":{"hyriv_id":40415771,"system_id":"amu_darya","discharge_cms":25.734,"strahler_order":4,"channel_class":"perennial","in_headwater_formation":1},"geometry":{"type":"LineString","coordinates":[[71.08958,37.82708],[71.09375,37.83125]]}},{"type":"Feature","properties":{"hyriv_id":40307001,"system_id":"syr_darya","discharge_cms":25.737,"strahler_order":4,"channel_class":"perennial","in_headwater_formation":0},"geometry":{"type":"LineString","coordinates":[[69.19792,41.45208],[69.18125,41.44375]]}},{"type":"Feature","properties":{"hyriv_id":40271835,"system_id":"syr_darya","discharge_cms":25.759,"strahler_order":4,"channel_class":"perennial","in_headwater_formation":0},"geometry":{"type":"LineString","coordinates":[[69.18958,42.56875],[69.17708,42.55625],[69.17292,42.56042],[69.15208,42.54792]]}},{"type":"Feature","properties":{"hyriv_id":40368456,"system_id":"amu_darya","discharge_cms":25.767,"strahler_order":3,"channel_class":"perennial","in_headwater_formation":0},"geometry":{"type":"LineString","coordinates":[[69.68125,39.44375],[69.67292,39.43958],[69.64375,39.44375],[69.61875,39.43542]]}},{"type":"Feature","properties":{"hyriv_id":40456769,"system_id":"amu_darya","discharge_cms":25.798,"strahler_order":5,"channel_class":"perennial","in_headwater_formation":0},"geometry":{"type":"LineString","coordinates":[[66.96458,36.57292],[66.94792,36.59375]]}},{"type":"Feature","properties":{"hyriv_id":40418911,"system_id":"amu_darya","discharge_cms":25.823,"strahler_order":5,"channel_class":"perennial","in_headwater_formation":1},"geometry":{"type":"LineString","coordinates":[[72.03542,37.72292],[72.02292,37.73542]]}},{"type":"Feature","properties":{"hyriv_id":40305412,"system_id":"syr_darya","discharge_cms":25.851,"strahler_order":4,"channel_class":"perennial","in_headwater_formation":1},"geometry":{"type":"LineString","coordinates":[[76.99375,41.49792],[76.98958,41.49792]]}},{"type":"Feature","properties":{"hyriv_id":40375595,"system_id":"amu_darya","discharge_cms":25.991,"strahler_order":3,"channel_class":"perennial","in_headwater_formation":0},"geometry":{"type":"LineString","coordinates":[[68.62292,39.20208],[68.58125,39.18542]]}},{"type":"Feature","properties":{"hyriv_id":40271123,"system_id":"syr_darya","discharge_cms":26.067,"strahler_order":4,"channel_class":"perennial","in_headwater_formation":0},"geometry":{"type":"LineString","coordinates":[[69.23125,42.57708],[69.22292,42.58125],[69.20625,42.56875],[69.18958,42.56875]]}},{"type":"Feature","properties":{"hyriv_id":40404983,"system_id":"amu_darya","discharge_cms":26.144,"strahler_order":5,"channel_class":"perennial","in_headwater_formation":1},"geometry":{"type":"LineString","coordinates":[[72.73125,38.20208],[72.71875,38.19375]]}},{"type":"Feature","properties":{"hyriv_id":40306026,"system_id":"syr_darya","discharge_cms":26.18,"strahler_order":4,"channel_class":"perennial","in_headwater_formation":1},"geometry":{"type":"LineString","coordinates":[[76.98958,41.49792],[76.96042,41.48958],[76.95208,41.47708]]}},{"type":"Feature","properties":{"hyriv_id":40405105,"system_id":"amu_darya","discharge_cms":26.209,"strahler_order":4,"channel_class":"perennial","in_headwater_formation":1},"geometry":{"type":"LineString","coordinates":[[71.46458,38.20625],[71.44375,38.18958]]}},{"type":"Feature","properties":{"hyriv_id":40389098,"system_id":"amu_darya","discharge_cms":26.241,"strahler_order":3,"channel_class":"perennial","in_headwater_formation":0},"geometry":{"type":"LineString","coordinates":[[69.36042,38.74792],[69.34375,38.74375],[69.32292,38.72708]]}},{"type":"Feature","properties":{"hyriv_id":40297673,"system_id":"syr_darya","discharge_cms":26.242,"strahler_order":4,"channel_class":"perennial","in_headwater_formation":0},"geometry":{"type":"LineString","coordinates":[[71.08125,41.76042],[71.05208,41.76042],[71.03958,41.75208]]}},{"type":"Feature","properties":{"hyriv_id":40270383,"system_id":"syr_darya","discharge_cms":26.266,"strahler_order":4,"channel_class":"perennial","in_headwater_formation":0},"geometry":{"type":"LineString","coordinates":[[69.34792,42.59792],[69.33125,42.59792],[69.31458,42.58958],[69.26042,42.58958]]}},{"type":"Feature","properties":{"hyriv_id":40418523,"system_id":"amu_darya","discharge_cms":26.307,"strahler_order":5,"channel_class":"perennial","in_headwater_formation":1},"geometry":{"type":"LineString","coordinates":[[72.02292,37.73542],[72.01875,37.73958]]}},{"type":"Feature","properties":{"hyriv_id":40270842,"system_id":"syr_darya","discharge_cms":26.315,"strahler_order":4,"channel_class":"perennial","in_headwater_formation":0},"geometry":{"type":"LineString","coordinates":[[69.23958,42.58125],[69.23125,42.57708]]}},{"type":"Feature","properties":{"hyriv_id":40490339,"system_id":"amu_darya","discharge_cms":26.342,"strahler_order":4,"channel_class":"perennial","in_headwater_formation":1},"geometry":{"type":"LineString","coordinates":[[69.01875,35.59792],[68.98958,35.60208]]}},{"type":"Feature","properties":{"hyriv_id":40309629,"system_id":"syr_darya","discharge_cms":26.343,"strahler_order":4,"channel_class":"perennial","in_headwater_formation":0},"geometry":{"type":"LineString","coordinates":[[69.18125,41.44375],[69.10208,41.41458],[69.06875,41.38958],[69.04792,41.38958],[68.99792,41.36458]]}},{"type":"Feature","properties":{"hyriv_id":40270690,"system_id":"syr_darya","discharge_cms":26.366,"strahler_order":4,"channel_class":"perennial","in_headwater_formation":0},"geometry":{"type":"LineString","coordinates":[[69.26042,42.58958],[69.23958,42.58125]]}},{"type":"Feature","properties":{"hyriv_id":40297671,"system_id":"syr_darya","discharge_cms":26.404,"strahler_order":4,"channel_class":"perennial","in_headwater_formation":0},"geometry":{"type":"LineString","coordinates":[[71.03958,41.75208],[71.03542,41.75208]]}},{"type":"Feature","properties":{"hyriv_id":40457610,"system_id":"amu_darya","discharge_cms":26.415,"strahler_order":5,"channel_class":"perennial","in_headwater_formation":0},"geometry":{"type":"LineString","coordinates":[[66.97292,36.54792],[66.98125,36.55625],[66.96458,36.57292]]}},{"type":"Feature","properties":{"hyriv_id":40490177,"system_id":"amu_darya","discharge_cms":26.504,"strahler_order":4,"channel_class":"perennial","in_headwater_formation":1},"geometry":{"type":"LineString","coordinates":[[68.98958,35.60208],[68.96875,35.60208]]}},{"type":"Feature","properties":{"hyriv_id":40404982,"system_id":"amu_darya","discharge_cms":26.556,"strahler_order":5,"channel_class":"perennial","in_headwater_formation":1},"geometry":{"type":"LineString","coordinates":[[72.71875,38.19375],[72.69792,38.19375],[72.67708,38.21458]]}},{"type":"Feature","properties":{"hyriv_id":40311911,"system_id":"syr_darya","discharge_cms":26.581,"strahler_order":4,"channel_class":"perennial","in_headwater_formation":0},"geometry":{"type":"LineString","coordinates":[[68.99792,41.36458],[68.98542,41.35625],[68.98125,41.36042],[68.93125,41.30208],[68.92292,41.30208],[68.91042,41.28958]]}},{"type":"Feature","properties":{"hyriv_id":40258169,"system_id":"syr_darya","discharge_cms":26.712,"strahler_order":5,"channel_class":"perennial","in_headwater_formation":0},"geometry":{"type":"LineString","coordinates":[[68.65208,42.93958],[68.63542,42.93958]]}},{"type":"Feature","properties":{"hyriv_id":40391782,"system_id":"amu_darya","discharge_cms":26.755,"strahler_order":4,"channel_class":"perennial","in_headwater_formation":1},"geometry":{"type":"LineString","coordinates":[[71.93542,38.63958],[71.93125,38.63958]]}},{"type":"Feature","properties":{"hyriv_id":40306136,"system_id":"syr_darya","discharge_cms":26.757,"strahler_order":4,"channel_class":"perennial","in_headwater_formation":1},"geometry":{"type":"LineString","coordinates":[[76.95208,41.47708],[76.94792,41.47292],[76.90625,41.47708],[76.89792,41.48542],[76.87708,41.47708]]}},{"type":"Feature","properties":{"hyriv_id":40321029,"system_id":"syr_darya","discharge_cms":26.879,"strahler_order":4,"channel_class":"perennial","in_headwater_formation":0},"geometry":{"type":"LineString","coordinates":[[70.11458,40.98958],[70.11042,40.98542]]}},{"type":"Feature","properties":{"hyriv_id":40313759,"system_id":"syr_darya","discharge_cms":26.898,"strahler_order":4,"channel_class":"perennial","in_headwater_formation":0},"geometry":{"type":"LineString","coordinates":[[68.91042,41.28958],[68.88125,41.25208],[68.86042,41.25208],[68.83542,41.22708]]}},{"type":"Feature","properties":{"hyriv_id":40490176,"system_id":"amu_darya","discharge_cms":26.898,"strahler_order":4,"channel_class":"perennial","in_headwater_formation":1},"geometry":{"type":"LineString","coordinates":[[68.96875,35.60208],[68.96458,35.60625],[68.93542,35.60208]]}},{"type":"Feature","properties":{"hyriv_id":40413481,"system_id":"amu_darya","discharge_cms":26.929,"strahler_order":4,"channel_class":"perennial","in_headwater_formation":1},"geometry":{"type":"LineString","coordinates":[[68.70208,37.95625],[68.71875,37.93958],[68.68958,37.90625]]}},{"type":"Feature","properties":{"hyriv_id":40306025,"system_id":"syr_darya","discharge_cms":26.964,"strahler_order":4,"channel_class":"perennial","in_headwater_formation":1},"geometry":{"type":"LineString","coordinates":[[76.87708,41.47708],[76.86875,41.47708]]}},{"type":"Feature","properties":{"hyriv_id":40258168,"system_id":"syr_darya","discharge_cms":26.971,"strahler_order":5,"channel_class":"perennial","in_headwater_formation":0},"geometry":{"type":"LineString","coordinates":[[68.63542,42.93958],[68.60208,42.93958],[68.58542,42.95208]]}},{"type":"Feature","properties":{"hyriv_id":40490175,"system_id":"amu_darya","discharge_cms":27.002,"strahler_order":4,"channel_class":"perennial","in_headwater_formation":1},"geometry":{"type":"LineString","coordinates":[[68.93542,35.60208],[68.92708,35.60208]]}},{"type":"Feature","properties":{"hyriv_id":40392020,"system_id":"amu_darya","discharge_cms":27.035,"strahler_order":4,"channel_class":"perennial","in_headwater_formation":1},"geometry":{"type":"LineString","coordinates":[[71.93125,38.63958],[71.91458,38.63125]]}},{"type":"Feature","properties":{"hyriv_id":40298080,"system_id":"syr_darya","discharge_cms":27.053,"strahler_order":4,"channel_class":"perennial","in_headwater_formation":0},"geometry":{"type":"LineString","coordinates":[[71.03542,41.75208],[71.01875,41.73958]]}},{"type":"Feature","properties":{"hyriv_id":40418782,"system_id":"amu_darya","discharge_cms":27.064,"strahler_order":5,"channel_class":"perennial","in_headwater_formation":1},"geometry":{"type":"LineString","coordinates":[[72.01875,37.73958],[71.98542,37.73542],[71.98125,37.72708]]}},{"type":"Feature","properties":{"hyriv_id":40257703,"system_id":"syr_darya","discharge_cms":27.189,"strahler_order":5,"channel_class":"perennial","in_headwater_formation":0},"geometry":{"type":"LineString","coordinates":[[68.58542,42.95208],[68.53958,42.96875]]}},{"type":"Feature","properties":{"hyriv_id":40415629,"system_id":"amu_darya","discharge_cms":27.231,"strahler_order":4,"channel_class":"perennial","in_headwater_formation":1},"geometry":{"type":"LineString","coordinates":[[71.09375,37.83125],[71.14792,37.88542]]}},{"type":"Feature","properties":{"hyriv_id":40361909,"system_id":"amu_darya","discharge_cms":27.262,"strahler_order":4,"channel_class":"perennial","in_headwater_formation":1},"geometry":{"type":"LineString","coordinates":[[72.83125,39.66458],[72.82292,39.66458]]}},{"type":"Feature","properties":{"hyriv_id":40458338,"system_id":"amu_darya","discharge_cms":27.286,"strahler_order":5,"channel_class":"perennial","in_headwater_formation":0},"geometry":{"type":"LineString","coordinates":[[66.95625,36.52708],[66.95625,36.53542],[66.97292,36.54792]]}},{"type":"Feature","properties":{"hyriv_id":40413609,"system_id":"amu_darya","discharge_cms":27.308,"strahler_order":4,"channel_class":"perennial","in_headwater_formation":1},"geometry":{"type":"LineString","coordinates":[[68.68958,37.90625],[68.69375,37.90208]]}},{"type":"Feature","properties":{"hyriv_id":40401760,"system_id":"amu_darya","discharge_cms":27.371,"strahler_order":4,"channel_class":"perennial","in_headwater_formation":1},"geometry":{"type":"LineString","coordinates":[[69.69375,38.31875],[69.68542,38.30625]]}},{"type":"Feature","properties":{"hyriv_id":40306135,"system_id":"syr_darya","discharge_cms":27.427,"strahler_order":4,"channel_class":"perennial","in_headwater_formation":1},"geometry":{"type":"LineString","coordinates":[[76.86875,41.47708],[76.86458,41.47292],[76.83542,41.47708]]}},{"type":"Feature","properties":{"hyriv_id":40476312,"system_id":"amu_darya","discharge_cms":27.432,"strahler_order":4,"channel_class":"perennial","in_headwater_formation":1},"geometry":{"type":"LineString","coordinates":[[70.88125,36.00208],[70.86875,36.01458],[70.86042,36.01458]]}},{"type":"Feature","properties":{"hyriv_id":40375594,"system_id":"amu_darya","discharge_cms":27.48,"strahler_order":3,"channel_class":"perennial","in_headwater_formation":0},"geometry":{"type":"LineString","coordinates":[[68.58125,39.18542],[68.53958,39.18958]]}},{"type":"Feature","properties":{"hyriv_id":40298079,"system_id":"syr_darya","discharge_cms":27.487,"strahler_order":4,"channel_class":"perennial","in_headwater_formation":0},"geometry":{"type":"LineString","coordinates":[[71.01875,41.73958],[71.01042,41.73958]]}},{"type":"Feature","properties":{"hyriv_id":40378833,"system_id":"amu_darya","discharge_cms":27.506,"strahler_order":4,"channel_class":"perennial","in_headwater_formation":1},"geometry":{"type":"LineString","coordinates":[[72.37708,39.07292],[72.32708,39.08958]]}},{"type":"Feature","properties":{"hyriv_id":40257084,"system_id":"syr_darya","discharge_cms":27.517,"strahler_order":5,"channel_class":"perennial","in_headwater_formation":0},"geometry":{"type":"LineString","coordinates":[[68.53958,42.96875],[68.52708,42.98125],[68.52708,43.01042]]}},{"type":"Feature","properties":{"hyriv_id":40490337,"system_id":"amu_darya","discharge_cms":27.524,"strahler_order":4,"channel_class":"perennial","in_headwater_formation":1},"geometry":{"type":"LineString","coordinates":[[68.92708,35.60208],[68.91458,35.59792],[68.90208,35.60625]]}},{"type":"Feature","properties":{"hyriv_id":40414074,"system_id":"amu_darya","discharge_cms":27.557,"strahler_order":4,"channel_class":"perennial","in_headwater_formation":1},"geometry":{"type":"LineString","coordinates":[[71.14792,37.88542],[71.15208,37.88958]]}},{"type":"Feature","properties":{"hyriv_id":40368455,"system_id":"amu_darya","discharge_cms":27.558,"strahler_order":3,"channel_class":"perennial","in_headwater_formation":0},"geometry":{"type":"LineString","coordinates":[[69.61875,39.43542],[69.59792,39.44375],[69.58958,39.43958],[69.56042,39.44375]]}},{"type":"Feature","properties":{"hyriv_id":40284905,"system_id":"syr_darya","discharge_cms":27.577,"strahler_order":4,"channel_class":"perennial","in_headwater_formation":1},"geometry":{"type":"LineString","coordinates":[[73.96458,42.16458],[73.96875,42.16042]]}},{"type":"Feature","properties":{"hyriv_id":40306134,"system_id":"syr_darya","discharge_cms":27.594,"strahler_order":4,"channel_class":"perennial","in_headwater_formation":1},"geometry":{"type":"LineString","coordinates":[[76.83542,41.47708],[76.83125,41.47292]]}},{"type":"Feature","properties":{"hyriv_id":40255550,"system_id":"syr_darya","discharge_cms":27.597,"strahler_order":5,"channel_class":"perennial","in_headwater_formation":0},"geometry":{"type":"LineString","coordinates":[[68.52708,43.01042],[68.51458,43.02292]]}},{"type":"Feature","properties":{"hyriv_id":40475909,"system_id":"amu_darya","discharge_cms":27.624,"strahler_order":4,"channel_class":"perennial","in_headwater_formation":1},"geometry":{"type":"LineString","coordinates":[[70.86042,36.01458],[70.84792,36.01875]]}},{"type":"Feature","properties":{"hyriv_id":40361907,"system_id":"amu_darya","discharge_cms":27.655,"strahler_order":4,"channel_class":"perennial","in_headwater_formation":1},"geometry":{"type":"LineString","coordinates":[[72.82292,39.66458],[72.80208,39.66458]]}},{"type":"Feature","properties":{"hyriv_id":40413954,"system_id":"amu_darya","discharge_cms":27.761,"strahler_order":4,"channel_class":"perennial","in_headwater_formation":1},"geometry":{"type":"LineString","coordinates":[[71.15208,37.88958],[71.16875,37.91042]]}},{"type":"Feature","properties":{"hyriv_id":40392376,"system_id":"amu_darya","discharge_cms":27.797,"strahler_order":4,"channel_class":"perennial","in_headwater_formation":1},"geometry":{"type":"LineString","coordinates":[[71.91458,38.63125],[71.90208,38.62292],[71.86458,38.61875]]}},{"type":"Feature","properties":{"hyriv_id":40419293,"system_id":"amu_darya","discharge_cms":27.8,"strahler_order":5,"channel_class":"perennial","in_headwater_formation":1},"geometry":{"type":"LineString","coordinates":[[71.98125,37.72708],[71.97292,37.71042],[71.96042,37.71875]]}},{"type":"Feature","properties":{"hyriv_id":40405210,"system_id":"amu_darya","discharge_cms":27.834,"strahler_order":4,"channel_class":"perennial","in_headwater_formation":1},"geometry":{"type":"LineString","coordinates":[[71.44375,38.18958],[71.43125,38.18542],[71.38125,38.20625]]}},{"type":"Feature","properties":{"hyriv_id":40413368,"system_id":"amu_darya","discharge_cms":27.877,"strahler_order":4,"channel_class":"perennial","in_headwater_formation":1},"geometry":{"type":"LineString","coordinates":[[71.16875,37.91042],[71.17292,37.91458]]}},{"type":"Feature","properties":{"hyriv_id":40361905,"system_id":"amu_darya","discharge_cms":27.911,"strahler_order":4,"channel_class":"perennial","in_headwater_formation":1},"geometry":{"type":"LineString","coordinates":[[72.80208,39.66458],[72.79792,39.66458]]}},{"type":"Feature","properties":{"hyriv_id":40475794,"system_id":"amu_darya","discharge_cms":27.988,"strahler_order":4,"channel_class":"perennial","in_headwater_formation":1},"geometry":{"type":"LineString","coordinates":[[70.84792,36.01875],[70.78958,36.02292]]}},{"type":"Feature","properties":{"hyriv_id":40469410,"system_id":"amu_darya","discharge_cms":27.994,"strahler_order":5,"channel_class":"perennial","in_headwater_formation":0},"geometry":{"type":"LineString","coordinates":[[66.90625,36.20208],[66.90625,36.22292]]}},{"type":"Feature","properties":{"hyriv_id":40306267,"system_id":"syr_darya","discharge_cms":28.001,"strahler_order":4,"channel_class":"perennial","in_headwater_formation":1},"geometry":{"type":"LineString","coordinates":[[76.83125,41.47292],[76.82708,41.46875],[76.80625,41.47708],[76.79792,41.48542],[76.80208,41.48958],[76.79375,41.49375]]}},{"type":"Feature","properties":{"hyriv_id":40458712,"system_id":"amu_darya","discharge_cms":28.019,"strahler_order":5,"channel_class":"perennial","in_headwater_formation":0},"geometry":{"type":"LineString","coordinates":[[66.94792,36.51458],[66.95625,36.52708]]}},{"type":"Feature","properties":{"hyriv_id":40469553,"system_id":"amu_darya","discharge_cms":28.036,"strahler_order":5,"channel_class":"perennial","in_headwater_formation":0},"geometry":{"type":"LineString","coordinates":[[66.90625,36.19792],[66.90625,36.20208]]}},{"type":"Feature","properties":{"hyriv_id":40470438,"system_id":"amu_darya","discharge_cms":28.041,"strahler_order":5,"channel_class":"perennial","in_headwater_formation":0},"geometry":{"type":"LineString","coordinates":[[66.89375,36.17292],[66.90625,36.19792]]}},{"type":"Feature","properties":{"hyriv_id":40361904,"system_id":"amu_darya","discharge_cms":28.063,"strahler_order":4,"channel_class":"perennial","in_headwater_formation":1},"geometry":{"type":"LineString","coordinates":[[72.79792,39.66458],[72.79375,39.66458]]}},{"type":"Feature","properties":{"hyriv_id":40457208,"system_id":"amu_darya","discharge_cms":28.16,"strahler_order":4,"channel_class":"perennial","in_headwater_formation":1},"geometry":{"type":"LineString","coordinates":[[69.86458,36.56042],[69.85625,36.56875]]}},{"type":"Feature","properties":{"hyriv_id":40298372,"system_id":"syr_darya","discharge_cms":28.185,"strahler_order":4,"channel_class":"perennial","in_headwater_formation":0},"geometry":{"type":"LineString","coordinates":[[71.01042,41.73958],[70.98125,41.73125]]}},{"type":"Feature","properties":{"hyriv_id":40413227,"system_id":"amu_darya","discharge_cms":28.242,"strahler_order":4,"channel_class":"perennial","in_headwater_formation":1},"geometry":{"type":"LineString","coordinates":[[71.17292,37.91458],[71.20625,37.95625]]}},{"type":"Feature","properties":{"hyriv_id":40305910,"system_id":"syr_darya","discharge_cms":28.283,"strahler_order":4,"channel_class":"perennial","in_headwater_formation":1},"geometry":{"type":"LineString","coordinates":[[76.79375,41.49375],[76.76875,41.48125]]}},{"type":"Feature","properties":{"hyriv_id":40276116,"system_id":"syr_darya","discharge_cms":28.361,"strahler_order":5,"channel_class":"perennial","in_headwater_formation":0},"geometry":{"type":"LineString","coordinates":[[68.93958,42.43125],[68.91875,42.42292],[68.87708,42.42708],[68.86042,42.42292],[68.84792,42.43125]]}},{"type":"Feature","properties":{"hyriv_id":40459586,"system_id":"amu_darya","discharge_cms":28.371,"strahler_order":5,"channel_class":"perennial","in_headwater_formation":0},"geometry":{"type":"LineString","coordinates":[[66.92708,36.48958],[66.94792,36.51458]]}},{"type":"Feature","properties":{"hyriv_id":40275846,"system_id":"syr_darya","discharge_cms":28.377,"strahler_order":5,"channel_class":"perennial","in_headwater_formation":0},"geometry":{"type":"LineString","coordinates":[[68.84792,42.43125],[68.84375,42.43542]]}},{"type":"Feature","properties":{"hyriv_id":40475658,"system_id":"amu_darya","discharge_cms":28.413,"strahler_order":4,"channel_class":"perennial","in_headwater_formation":1},"geometry":{"type":"LineString","coordinates":[[70.78958,36.02292],[70.77708,36.02708]]}},{"type":"Feature","properties":{"hyriv_id":40456937,"system_id":"amu_darya","discharge_cms":28.423,"strahler_order":4,"channel_class":"perennial","in_headwater_formation":1},"geometry":{"type":"LineString","coordinates":[[69.85625,36.56875],[69.85208,36.58125],[69.85625,36.59792],[69.84792,36.60625]]}},{"type":"Feature","properties":{"hyriv_id":40460453,"system_id":"amu_darya","discharge_cms":28.433,"strahler_order":5,"channel_class":"perennial","in_headwater_formation":0},"geometry":{"type":"LineString","coordinates":[[66.91458,36.46458],[66.92708,36.48958]]}},{"type":"Feature","properties":{"hyriv_id":40463074,"system_id":"amu_darya","discharge_cms":28.442,"strahler_order":5,"channel_class":"perennial","in_headwater_formation":0},"geometry":{"type":"LineString","coordinates":[[66.90208,36.38958],[66.90208,36.40625]]}},{"type":"Feature","properties":{"hyriv_id":40463607,"system_id":"amu_darya","discharge_cms":28.48,"strahler_order":5,"channel_class":"perennial","in_headwater_formation":0},"geometry":{"type":"LineString","coordinates":[[66.89792,36.37292],[66.90208,36.38958]]}},{"type":"Feature","properties":{"hyriv_id":40392600,"system_id":"amu_darya","discharge_cms":28.481,"strahler_order":4,"channel_class":"perennial","in_headwater_formation":1},"geometry":{"type":"LineString","coordinates":[[71.86458,38.61875],[71.85208,38.61042]]}},{"type":"Feature","properties":{"hyriv_id":40462477,"system_id":"amu_darya","discharge_cms":28.481,"strahler_order":5,"channel_class":"perennial","in_headwater_formation":0},"geometry":{"type":"LineString","coordinates":[[66.90208,36.40625],[66.91875,36.42708]]}},{"type":"Feature","properties":{"hyriv_id":40461059,"system_id":"amu_darya","discharge_cms":28.492,"strahler_order":5,"channel_class":"perennial","in_headwater_formation":0},"geometry":{"type":"LineString","coordinates":[[66.91458,36.44792],[66.91458,36.46458]]}},{"type":"Feature","properties":{"hyriv_id":40313776,"system_id":"syr_darya","discharge_cms":28.494,"strahler_order":4,"channel_class":"perennial","in_headwater_formation":1},"geometry":{"type":"LineString","coordinates":[[74.46042,41.22708],[74.48125,41.23958]]}},{"type":"Feature","properties":{"hyriv_id":40306021,"system_id":"syr_darya","discharge_cms":28.5,"strahler_order":4,"channel_class":"perennial","in_headwater_formation":1},"geometry":{"type":"LineString","coordinates":[[76.76875,41.48125],[76.73958,41.47708]]}},{"type":"Feature","properties":{"hyriv_id":40461738,"system_id":"amu_darya","discharge_cms":28.5,"strahler_order":5,"channel_class":"perennial","in_headwater_formation":0},"geometry":{"type":"LineString","coordinates":[[66.91875,36.42708],[66.91458,36.44792]]}},{"type":"Feature","properties":{"hyriv_id":40464304,"system_id":"amu_darya","discharge_cms":28.517,"strahler_order":5,"channel_class":"perennial","in_headwater_formation":0},"geometry":{"type":"LineString","coordinates":[[66.89792,36.35208],[66.89792,36.37292]]}},{"type":"Feature","properties":{"hyriv_id":40319038,"system_id":"syr_darya","discharge_cms":28.565,"strahler_order":4,"channel_class":"perennial","in_headwater_formation":0},"geometry":{"type":"LineString","coordinates":[[68.83542,41.22708],[68.81042,41.21875],[68.79792,41.20625],[68.79792,41.19792],[68.78542,41.18958],[68.78542,41.17292],[68.77708,41.16042],[68.75625,41.15208],[68.75208,41.13958],[68.72292,41.11875],[68.71875,41.09792],[68.67292,41.05208]]}},{"type":"Feature","properties":{"hyriv_id":40464613,"system_id":"amu_darya","discharge_cms":28.571,"strahler_order":5,"channel_class":"perennial","in_headwater_formation":0},"geometry":{"type":"LineString","coordinates":[[66.89375,36.34375],[66.89792,36.35208]]}},{"type":"Feature","properties":{"hyriv_id":40406217,"system_id":"amu_darya","discharge_cms":28.584,"strahler_order":4,"channel_class":"perennial","in_headwater_formation":1},"geometry":{"type":"LineString","coordinates":[[69.96042,38.18125],[69.94375,38.17292],[69.93125,38.14792]]}},{"type":"Feature","properties":{"hyriv_id":40455600,"system_id":"amu_darya","discharge_cms":28.587,"strahler_order":4,"channel_class":"perennial","in_headwater_formation":1},"geometry":{"type":"LineString","coordinates":[[69.84792,36.60625],[69.83125,36.61875]]}},{"type":"Feature","properties":{"hyriv_id":40465076,"system_id":"amu_darya","discharge_cms":28.588,"strahler_order":5,"channel_class":"perennial","in_headwater_formation":0},"geometry":{"type":"LineString","coordinates":[[66.89375,36.33125],[66.89792,36.33542],[66.89375,36.34375]]}},{"type":"Feature","properties":{"hyriv_id":40306020,"system_id":"syr_darya","discharge_cms":28.595,"strahler_order":4,"channel_class":"perennial","in_headwater_formation":1},"geometry":{"type":"LineString","coordinates":[[76.73958,41.47708],[76.73542,41.47708]]}},{"type":"Feature","properties":{"hyriv_id":40465347,"system_id":"amu_darya","discharge_cms":28.596,"strahler_order":5,"channel_class":"perennial","in_headwater_formation":0},"geometry":{"type":"LineString","coordinates":[[66.90208,36.32292],[66.89375,36.33125]]}},{"type":"Feature","properties":{"hyriv_id":40468186,"system_id":"amu_darya","discharge_cms":28.61,"strahler_order":5,"channel_class":"perennial","in_headwater_formation":0},"geometry":{"type":"LineString","coordinates":[[66.89375,36.23958],[66.89792,36.25208],[66.89375,36.26042],[66.91042,36.27708],[66.90208,36.32292]]}},{"type":"Feature","properties":{"hyriv_id":40419661,"system_id":"amu_darya","discharge_cms":28.612,"strahler_order":5,"channel_class":"perennial","in_headwater_formation":1},"geometry":{"type":"LineString","coordinates":[[71.96042,37.71875],[71.94375,37.72292],[71.93542,37.71458],[71.93542,37.70208],[71.92708,37.69792]]}},{"type":"Feature","properties":{"hyriv_id":40361902,"system_id":"amu_darya","discharge_cms":28.616,"strahler_order":4,"channel_class":"perennial","in_headwater_formation":1},"geometry":{"type":"LineString","coordinates":[[72.79375,39.66458],[72.78125,39.66458]]}},{"type":"Feature","properties":{"hyriv_id":40368337,"system_id":"amu_darya","discharge_cms":28.741,"strahler_order":3,"channel_class":"perennial","in_headwater_formation":0},"geometry":{"type":"LineString","coordinates":[[69.56042,39.44375],[69.54375,39.43958]]}},{"type":"Feature","properties":{"hyriv_id":40468752,"system_id":"amu_darya","discharge_cms":28.817,"strahler_order":5,"channel_class":"perennial","in_headwater_formation":0},"geometry":{"type":"LineString","coordinates":[[66.90625,36.22292],[66.89375,36.23958]]}},{"type":"Feature","properties":{"hyriv_id":40441679,"system_id":"amu_darya","discharge_cms":28.82,"strahler_order":5,"channel_class":"perennial","in_headwater_formation":1},"geometry":{"type":"LineString","coordinates":[[72.66042,37.02292],[72.65208,37.01875],[72.63958,37.02292]]}},{"type":"Feature","properties":{"hyriv_id":40274757,"system_id":"syr_darya","discharge_cms":28.831,"strahler_order":5,"channel_class":"perennial","in_headwater_formation":0},"geometry":{"type":"LineString","coordinates":[[69.00208,42.50208],[68.96875,42.49375],[68.95625,42.48125],[68.95208,42.46458]]}},{"type":"Feature","properties":{"hyriv_id":40321585,"system_id":"syr_darya","discharge_cms":28.844,"strahler_order":4,"channel_class":"perennial","in_headwater_formation":0},"geometry":{"type":"LineString","coordinates":[[70.11042,40.98542],[70.09792,40.98542],[70.06875,40.96875],[70.05208,40.96875]]}},{"type":"Feature","properties":{"hyriv_id":40306266,"system_id":"syr_darya","discharge_cms":28.869,"strahler_order":4,"channel_class":"perennial","in_headwater_formation":1},"geometry":{"type":"LineString","coordinates":[[76.73542,41.47708],[76.72708,41.46875]]}},{"type":"Feature","properties":{"hyriv_id":40454241,"system_id":"amu_darya","discharge_cms":28.877,"strahler_order":4,"channel_class":"perennial","in_headwater_formation":1},"geometry":{"type":"LineString","coordinates":[[69.37292,36.64375],[69.36458,36.65625],[69.34792,36.66042]]}},{"type":"Feature","properties":{"hyriv_id":40275452,"system_id":"syr_darya","discharge_cms":28.887,"strahler_order":5,"channel_class":"perennial","in_headwater_formation":0},"geometry":{"type":"LineString","coordinates":[[68.95208,42.45208],[68.95208,42.44375]]}},{"type":"Feature","properties":{"hyriv_id":40452205,"system_id":"amu_darya","discharge_cms":28.901,"strahler_order":4,"channel_class":"perennial","in_headwater_formation":1},"geometry":{"type":"LineString","coordinates":[[69.26875,36.70208],[69.20625,36.73125]]}},{"type":"Feature","properties":{"hyriv_id":40275172,"system_id":"syr_darya","discharge_cms":28.906,"strahler_order":5,"channel_class":"perennial","in_headwater_formation":0},"geometry":{"type":"LineString","coordinates":[[68.95208,42.46458],[68.95208,42.45208]]}},{"type":"Feature","properties":{"hyriv_id":40285137,"system_id":"syr_darya","discharge_cms":28.983,"strahler_order":4,"channel_class":"perennial","in_headwater_formation":1},"geometry":{"type":"LineString","coordinates":[[73.96875,42.16042],[73.98542,42.16042],[73.99792,42.15208]]}},{"type":"Feature","properties":{"hyriv_id":40320237,"system_id":"syr_darya","discharge_cms":28.993,"strahler_order":4,"channel_class":"perennial","in_headwater_formation":0},"geometry":{"type":"LineString","coordinates":[[68.67292,41.05208],[68.66042,41.03542],[68.61042,41.01042]]}},{"type":"Feature","properties":{"hyriv_id":40453077,"system_id":"amu_darya","discharge_cms":29.088,"strahler_order":4,"channel_class":"perennial","in_headwater_formation":1},"geometry":{"type":"LineString","coordinates":[[69.31458,36.67708],[69.28958,36.68958],[69.28542,36.69792],[69.26875,36.70208]]}},{"type":"Feature","properties":{"hyriv_id":40455120,"system_id":"amu_darya","discharge_cms":29.094,"strahler_order":4,"channel_class":"perennial","in_headwater_formation":1},"geometry":{"type":"LineString","coordinates":[[69.83125,36.61875],[69.79375,36.63125]]}},{"type":"Feature","properties":{"hyriv_id":40361901,"system_id":"amu_darya","discharge_cms":29.109,"strahler_order":4,"channel_class":"perennial","in_headwater_formation":1},"geometry":{"type":"LineString","coordinates":[[72.78125,39.66458],[72.76042,39.66458]]}},{"type":"Feature","properties":{"hyriv_id":40453657,"system_id":"amu_darya","discharge_cms":29.116,"strahler_order":4,"channel_class":"perennial","in_headwater_formation":1},"geometry":{"type":"LineString","coordinates":[[69.34792,36.66042],[69.33542,36.66042],[69.31458,36.67708]]}},{"type":"Feature","properties":{"hyriv_id":40368454,"system_id":"amu_darya","discharge_cms":29.146,"strahler_order":3,"channel_class":"perennial","in_headwater_formation":0},"geometry":{"type":"LineString","coordinates":[[69.54375,39.43958],[69.53958,39.43542]]}},{"type":"Feature","properties":{"hyriv_id":40306394,"system_id":"syr_darya","discharge_cms":29.15,"strahler_order":4,"channel_class":"perennial","in_headwater_formation":1},"geometry":{"type":"LineString","coordinates":[[76.72708,41.46875],[76.71042,41.47292],[76.68958,41.46458]]}},{"type":"Feature","properties":{"hyriv_id":40419660,"system_id":"amu_darya","discharge_cms":29.164,"strahler_order":5,"channel_class":"perennial","in_headwater_formation":1},"geometry":{"type":"LineString","coordinates":[[71.92708,37.69792],[71.91458,37.69792],[71.89792,37.71042],[71.89375,37.70625]]}},{"type":"Feature","properties":{"hyriv_id":40285258,"system_id":"syr_darya","discharge_cms":29.18,"strahler_order":4,"channel_class":"perennial","in_headwater_formation":1},"geometry":{"type":"LineString","coordinates":[[73.99792,42.15208],[74.00208,42.14792]]}},{"type":"Feature","properties":{"hyriv_id":40275847,"system_id":"syr_darya","discharge_cms":29.225,"strahler_order":5,"channel_class":"perennial","in_headwater_formation":0},"geometry":{"type":"LineString","coordinates":[[68.95208,42.44375],[68.93958,42.43125]]}},{"type":"Feature","properties":{"hyriv_id":40273638,"system_id":"syr_darya","discharge_cms":29.345,"strahler_order":5,"channel_class":"perennial","in_headwater_formation":0},"geometry":{"type":"LineString","coordinates":[[69.03542,42.49792],[69.00208,42.50208]]}},{"type":"Feature","properties":{"hyriv_id":40393146,"system_id":"amu_darya","discharge_cms":29.4,"strahler_order":4,"channel_class":"perennial","in_headwater_formation":1},"geometry":{"type":"LineString","coordinates":[[71.85208,38.61042],[71.84375,38.61042],[71.82708,38.59375]]}},{"type":"Feature","properties":{"hyriv_id":40381675,"system_id":"amu_darya","discharge_cms":29.403,"strahler_order":4,"channel_class":"perennial","in_headwater_formation":1},"geometry":{"type":"LineString","coordinates":[[72.28958,38.97708],[72.31042,38.99375]]}},{"type":"Feature","properties":{"hyriv_id":40454682,"system_id":"amu_darya","discharge_cms":29.471,"strahler_order":4,"channel_class":"perennial","in_headwater_formation":1},"geometry":{"type":"LineString","coordinates":[[69.79375,36.63125],[69.77708,36.63542]]}},{"type":"Feature","properties":{"hyriv_id":40404390,"system_id":"amu_darya","discharge_cms":29.475,"strahler_order":5,"channel_class":"perennial","in_headwater_formation":1},"geometry":{"type":"LineString","coordinates":[[72.67708,38.21458],[72.66042,38.23125]]}},{"type":"Feature","properties":{"hyriv_id":40306393,"system_id":"syr_darya","discharge_cms":29.479,"strahler_order":4,"channel_class":"perennial","in_headwater_formation":1},"geometry":{"type":"LineString","coordinates":[[76.68958,41.46458],[76.65208,41.47292]]}},{"type":"Feature","properties":{"hyriv_id":40441952,"system_id":"amu_darya","discharge_cms":29.481,"strahler_order":5,"channel_class":"perennial","in_headwater_formation":1},"geometry":{"type":"LineString","coordinates":[[72.62292,37.03125],[72.59792,37.01458],[72.57708,37.01042]]}},{"type":"Feature","properties":{"hyriv_id":40441537,"system_id":"amu_darya","discharge_cms":29.494,"strahler_order":5,"channel_class":"perennial","in_headwater_formation":1},"geometry":{"type":"LineString","coordinates":[[72.63958,37.02292],[72.62292,37.03125]]}},{"type":"Feature","properties":{"hyriv_id":40362002,"system_id":"amu_darya","discharge_cms":29.529,"strahler_order":4,"channel_class":"perennial","in_headwater_formation":1},"geometry":{"type":"LineString","coordinates":[[72.76042,39.66458],[72.74375,39.66042]]}},{"type":"Feature","properties":{"hyriv_id":40313405,"system_id":"syr_darya","discharge_cms":29.597,"strahler_order":4,"channel_class":"perennial","in_headwater_formation":1},"geometry":{"type":"LineString","coordinates":[[74.48125,41.23958],[74.48542,41.24375]]}},{"type":"Feature","properties":{"hyriv_id":40419779,"system_id":"amu_darya","discharge_cms":29.686,"strahler_order":5,"channel_class":"perennial","in_headwater_formation":1},"geometry":{"type":"LineString","coordinates":[[71.89375,37.70625],[71.87292,37.69375]]}},{"type":"Feature","properties":{"hyriv_id":40442217,"system_id":"amu_darya","discharge_cms":29.69,"strahler_order":5,"channel_class":"perennial","in_headwater_formation":1},"geometry":{"type":"LineString","coordinates":[[72.57708,37.01042],[72.55625,37.00208]]}},{"type":"Feature","properties":{"hyriv_id":40376766,"system_id":"amu_darya","discharge_cms":29.716,"strahler_order":4,"channel_class":"perennial","in_headwater_formation":1},"geometry":{"type":"LineString","coordinates":[[70.86458,39.16042],[70.85625,39.14792],[70.86042,39.14375]]}},{"type":"Feature","properties":{"hyriv_id":40306265,"system_id":"syr_darya","discharge_cms":29.858,"strahler_order":4,"channel_class":"perennial","in_headwater_formation":1},"geometry":{"type":"LineString","coordinates":[[76.65208,41.47292],[76.61875,41.46875]]}},{"type":"Feature","properties":{"hyriv_id":40313302,"system_id":"syr_darya","discharge_cms":29.948,"strahler_order":4,"channel_class":"perennial","in_headwater_formation":1},"geometry":{"type":"LineString","coordinates":[[74.48542,41.24375],[74.53125,41.25625]]}},{"type":"Feature","properties":{"hyriv_id":40403915,"system_id":"amu_darya","discharge_cms":30.075,"strahler_order":5,"channel_class":"perennial","in_headwater_formation":1},"geometry":{"type":"LineString","coordinates":[[72.66042,38.23125],[72.61458,38.27292]]}},{"type":"Feature","properties":{"hyriv_id":40312933,"system_id":"syr_darya","discharge_cms":30.095,"strahler_order":4,"channel_class":"perennial","in_headwater_formation":1},"geometry":{"type":"LineString","coordinates":[[74.53125,41.25625],[74.54375,41.26042]]}},{"type":"Feature","properties":{"hyriv_id":40298506,"system_id":"syr_darya","discharge_cms":30.098,"strahler_order":4,"channel_class":"perennial","in_headwater_formation":0},"geometry":{"type":"LineString","coordinates":[[70.98125,41.73125],[70.92292,41.72708]]}},{"type":"Feature","properties":{"hyriv_id":40490025,"system_id":"amu_darya","discharge_cms":30.111,"strahler_order":4,"channel_class":"perennial","in_headwater_formation":1},"geometry":{"type":"LineString","coordinates":[[68.90208,35.60625],[68.89792,35.61042]]}},{"type":"Feature","properties":{"hyriv_id":40420156,"system_id":"amu_darya","discharge_cms":30.151,"strahler_order":5,"channel_class":"perennial","in_headwater_formation":1},"geometry":{"type":"LineString","coordinates":[[71.87292,37.69375],[71.85208,37.68125]]}},{"type":"Feature","properties":{"hyriv_id":40420155,"system_id":"amu_darya","discharge_cms":30.281,"strahler_order":5,"channel_class":"perennial","in_headwater_formation":1},"geometry":{"type":"LineString","coordinates":[[71.85208,37.68125],[71.84792,37.68125]]}},{"type":"Feature","properties":{"hyriv_id":40411996,"system_id":"amu_darya","discharge_cms":30.285,"strahler_order":4,"channel_class":"perennial","in_headwater_formation":1},"geometry":{"type":"LineString","coordinates":[[71.20625,37.95625],[71.21458,37.95625],[71.22708,37.96875],[71.23542,37.98958]]}},{"type":"Feature","properties":{"hyriv_id":40490173,"system_id":"amu_darya","discharge_cms":30.324,"strahler_order":4,"channel_class":"perennial","in_headwater_formation":1},"geometry":{"type":"LineString","coordinates":[[68.89792,35.61042],[68.86875,35.60208]]}},{"type":"Feature","properties":{"hyriv_id":40306645,"system_id":"syr_darya","discharge_cms":30.328,"strahler_order":4,"channel_class":"perennial","in_headwater_formation":1},"geometry":{"type":"LineString","coordinates":[[76.61875,41.46875],[76.59792,41.45625],[76.57708,41.47708]]}},{"type":"Feature","properties":{"hyriv_id":40442360,"system_id":"amu_darya","discharge_cms":30.352,"strahler_order":5,"channel_class":"perennial","in_headwater_formation":1},"geometry":{"type":"LineString","coordinates":[[72.55625,37.00208],[72.53958,37.00625],[72.53125,36.99792],[72.51458,36.99792],[72.50625,37.00625],[72.49375,37.00208]]}},{"type":"Feature","properties":{"hyriv_id":40377371,"system_id":"amu_darya","discharge_cms":30.426,"strahler_order":4,"channel_class":"perennial","in_headwater_formation":1},"geometry":{"type":"LineString","coordinates":[[70.19792,39.13542],[70.19792,39.12292]]}},{"type":"Feature","properties":{"hyriv_id":40393145,"system_id":"amu_darya","discharge_cms":30.46,"strahler_order":4,"channel_class":"perennial","in_headwater_formation":1},"geometry":{"type":"LineString","coordinates":[[71.82708,38.59375],[71.82292,38.59375]]}},{"type":"Feature","properties":{"hyriv_id":40442497,"system_id":"amu_darya","discharge_cms":30.482,"strahler_order":5,"channel_class":"perennial","in_headwater_formation":1},"geometry":{"type":"LineString","coordinates":[[72.49375,37.00208],[72.48125,36.99375]]}},{"type":"Feature","properties":{"hyriv_id":40306018,"system_id":"syr_darya","discharge_cms":30.525,"strahler_order":4,"channel_class":"perennial","in_headwater_formation":1},"geometry":{"type":"LineString","coordinates":[[76.57708,41.47708],[76.56042,41.48125]]}},{"type":"Feature","properties":{"hyriv_id":40368587,"system_id":"amu_darya","discharge_cms":30.538,"strahler_order":3,"channel_class":"perennial","in_headwater_formation":0},"geometry":{"type":"LineString","coordinates":[[69.53958,39.43542],[69.50208,39.43125]]}},{"type":"Feature","properties":{"hyriv_id":40454681,"system_id":"amu_darya","discharge_cms":30.554,"strahler_order":4,"channel_class":"perennial","in_headwater_formation":1},"geometry":{"type":"LineString","coordinates":[[69.77708,36.63542],[69.77292,36.63125],[69.74792,36.63542]]}},{"type":"Feature","properties":{"hyriv_id":40285791,"system_id":"syr_darya","discharge_cms":30.556,"strahler_order":4,"channel_class":"perennial","in_headwater_formation":1},"geometry":{"type":"LineString","coordinates":[[74.00208,42.14792],[74.01458,42.13125],[74.02292,42.13125]]}},{"type":"Feature","properties":{"hyriv_id":40411137,"system_id":"amu_darya","discharge_cms":30.642,"strahler_order":4,"channel_class":"perennial","in_headwater_formation":1},"geometry":{"type":"LineString","coordinates":[[71.23542,37.98958],[71.24792,37.99792],[71.26458,37.98542],[71.27292,37.98958]]}},{"type":"Feature","properties":{"hyriv_id":40273639,"system_id":"syr_darya","discharge_cms":30.728,"strahler_order":5,"channel_class":"perennial","in_headwater_formation":0},"geometry":{"type":"LineString","coordinates":[[69.03958,42.50208],[69.03542,42.49792]]}},{"type":"Feature","properties":{"hyriv_id":40273498,"system_id":"syr_darya","discharge_cms":30.757,"strahler_order":5,"channel_class":"perennial","in_headwater_formation":0},"geometry":{"type":"LineString","coordinates":[[69.06042,42.51458],[69.03958,42.50208]]}},{"type":"Feature","properties":{"hyriv_id":40442495,"system_id":"amu_darya","discharge_cms":30.818,"strahler_order":5,"channel_class":"perennial","in_headwater_formation":1},"geometry":{"type":"LineString","coordinates":[[72.48125,36.99375],[72.47292,36.99375]]}},{"type":"Feature","properties":{"hyriv_id":40442494,"system_id":"amu_darya","discharge_cms":30.827,"strahler_order":5,"channel_class":"perennial","in_headwater_formation":1},"geometry":{"type":"LineString","coordinates":[[72.47292,36.99375],[72.44792,37.00625]]}},{"type":"Feature","properties":{"hyriv_id":40420937,"system_id":"amu_darya","discharge_cms":30.863,"strahler_order":5,"channel_class":"perennial","in_headwater_formation":1},"geometry":{"type":"LineString","coordinates":[[71.84792,37.68125],[71.81458,37.65625]]}},{"type":"Feature","properties":{"hyriv_id":40377743,"system_id":"amu_darya","discharge_cms":30.88,"strahler_order":4,"channel_class":"perennial","in_headwater_formation":1},"geometry":{"type":"LineString","coordinates":[[70.19792,39.12292],[70.20208,39.11875],[70.19792,39.11042]]}},{"type":"Feature","properties":{"hyriv_id":40286051,"system_id":"syr_darya","discharge_cms":30.888,"strahler_order":4,"channel_class":"perennial","in_headwater_formation":1},"geometry":{"type":"LineString","coordinates":[[74.02292,42.13125],[74.03958,42.12292]]}},{"type":"Feature","properties":{"hyriv_id":40368695,"system_id":"amu_darya","discharge_cms":30.893,"strahler_order":3,"channel_class":"perennial","in_headwater_formation":0},"geometry":{"type":"LineString","coordinates":[[69.50208,39.43125],[69.46875,39.42708]]}},{"type":"Feature","properties":{"hyriv_id":40299351,"system_id":"syr_darya","discharge_cms":30.895,"strahler_order":4,"channel_class":"perennial","in_headwater_formation":0},"geometry":{"type":"LineString","coordinates":[[70.92292,41.72708],[70.88958,41.69792]]}},{"type":"Feature","properties":{"hyriv_id":40381173,"system_id":"amu_darya","discharge_cms":30.972,"strahler_order":4,"channel_class":"perennial","in_headwater_formation":1},"geometry":{"type":"LineString","coordinates":[[72.31042,38.99375],[72.31458,39.01458],[72.31042,39.03125],[72.31875,39.05208],[72.31458,39.06875],[72.32708,39.07708],[72.32708,39.08958]]}},{"type":"Feature","properties":{"hyriv_id":40312790,"system_id":"syr_darya","discharge_cms":30.996,"strahler_order":4,"channel_class":"perennial","in_headwater_formation":1},"geometry":{"type":"LineString","coordinates":[[74.54375,41.26042],[74.59792,41.27708]]}},{"type":"Feature","properties":{"hyriv_id":40378093,"system_id":"amu_darya","discharge_cms":31.066,"strahler_order":4,"channel_class":"perennial","in_headwater_formation":1},"geometry":{"type":"LineString","coordinates":[[70.19792,39.11042],[70.20208,39.09792]]}},{"type":"Feature","properties":{"hyriv_id":40362389,"system_id":"amu_darya","discharge_cms":31.107,"strahler_order":4,"channel_class":"perennial","in_headwater_formation":1},"geometry":{"type":"LineString","coordinates":[[72.74375,39.66042],[72.71458,39.64792]]}},{"type":"Feature","properties":{"hyriv_id":40306263,"system_id":"syr_darya","discharge_cms":31.17,"strahler_order":4,"channel_class":"perennial","in_headwater_formation":1},"geometry":{"type":"LineString","coordinates":[[76.56042,41.48125],[76.55208,41.47292],[76.54375,41.47708],[76.53542,41.46875],[76.52292,41.46875]]}},{"type":"Feature","properties":{"hyriv_id":40393582,"system_id":"amu_darya","discharge_cms":31.172,"strahler_order":4,"channel_class":"perennial","in_headwater_formation":1},"geometry":{"type":"LineString","coordinates":[[71.82292,38.59375],[71.81042,38.58125]]}},{"type":"Feature","properties":{"hyriv_id":40299785,"system_id":"syr_darya","discharge_cms":31.181,"strahler_order":4,"channel_class":"perennial","in_headwater_formation":0},"geometry":{"type":"LineString","coordinates":[[70.88958,41.69792],[70.88125,41.68542]]}},{"type":"Feature","properties":{"hyriv_id":40286052,"system_id":"syr_darya","discharge_cms":31.207,"strahler_order":4,"channel_class":"perennial","in_headwater_formation":1},"geometry":{"type":"LineString","coordinates":[[74.03958,42.12292],[74.06042,42.12292]]}},{"type":"Feature","properties":{"hyriv_id":40368693,"system_id":"amu_darya","discharge_cms":31.265,"strahler_order":3,"channel_class":"perennial","in_headwater_formation":0},"geometry":{"type":"LineString","coordinates":[[69.46875,39.42708],[69.46042,39.42708]]}},{"type":"Feature","properties":{"hyriv_id":40454545,"system_id":"amu_darya","discharge_cms":31.278,"strahler_order":4,"channel_class":"perennial","in_headwater_formation":1},"geometry":{"type":"LineString","coordinates":[[69.74792,36.63542],[69.68125,36.63958],[69.63542,36.67708]]}},{"type":"Feature","properties":{"hyriv_id":40421332,"system_id":"amu_darya","discharge_cms":31.315,"strahler_order":5,"channel_class":"perennial","in_headwater_formation":1},"geometry":{"type":"LineString","coordinates":[[71.81458,37.65625],[71.79375,37.64375]]}},{"type":"Feature","properties":{"hyriv_id":40453080,"system_id":"amu_darya","discharge_cms":31.445,"strahler_order":4,"channel_class":"perennial","in_headwater_formation":1},"geometry":{"type":"LineString","coordinates":[[69.63542,36.67708],[69.61458,36.69792]]}},{"type":"Feature","properties":{"hyriv_id":40312286,"system_id":"syr_darya","discharge_cms":31.472,"strahler_order":4,"channel_class":"perennial","in_headwater_formation":1},"geometry":{"type":"LineString","coordinates":[[74.59792,41.27708],[74.61875,41.28542]]}},{"type":"Feature","properties":{"hyriv_id":40402846,"system_id":"amu_darya","discharge_cms":31.511,"strahler_order":5,"channel_class":"perennial","in_headwater_formation":1},"geometry":{"type":"LineString","coordinates":[[72.61458,38.27292],[72.58958,38.27708],[72.55625,38.26875]]}},{"type":"Feature","properties":{"hyriv_id":40378453,"system_id":"amu_darya","discharge_cms":31.531,"strahler_order":4,"channel_class":"perennial","in_headwater_formation":1},"geometry":{"type":"LineString","coordinates":[[70.20208,39.09792],[70.20208,39.08542]]}},{"type":"Feature","properties":{"hyriv_id":40306262,"system_id":"syr_darya","discharge_cms":31.554,"strahler_order":4,"channel_class":"perennial","in_headwater_formation":1},"geometry":{"type":"LineString","coordinates":[[76.52292,41.46875],[76.51458,41.47708],[76.51875,41.49375],[76.50625,41.49375]]}},{"type":"Feature","properties":{"hyriv_id":40255137,"system_id":"syr_darya","discharge_cms":31.572,"strahler_order":5,"channel_class":"perennial","in_headwater_formation":0},"geometry":{"type":"LineString","coordinates":[[68.51458,43.02292],[68.50625,43.02292]]}},{"type":"Feature","properties":{"hyriv_id":40475793,"system_id":"amu_darya","discharge_cms":31.574,"strahler_order":4,"channel_class":"perennial","in_headwater_formation":1},"geometry":{"type":"LineString","coordinates":[[70.77708,36.02708],[70.75208,36.01875]]}},{"type":"Feature","properties":{"hyriv_id":40362530,"system_id":"amu_darya","discharge_cms":31.688,"strahler_order":4,"channel_class":"perennial","in_headwater_formation":1},"geometry":{"type":"LineString","coordinates":[[72.71458,39.64792],[72.71458,39.64375]]}},{"type":"Feature","properties":{"hyriv_id":40255136,"system_id":"syr_darya","discharge_cms":31.692,"strahler_order":5,"channel_class":"perennial","in_headwater_formation":0},"geometry":{"type":"LineString","coordinates":[[68.50625,43.02292],[68.48125,43.04792]]}},{"type":"Feature","properties":{"hyriv_id":40393818,"system_id":"amu_darya","discharge_cms":31.746,"strahler_order":4,"channel_class":"perennial","in_headwater_formation":1},"geometry":{"type":"LineString","coordinates":[[71.81042,38.58125],[71.79375,38.57292]]}},{"type":"Feature","properties":{"hyriv_id":40475908,"system_id":"amu_darya","discharge_cms":31.798,"strahler_order":4,"channel_class":"perennial","in_headwater_formation":1},"geometry":{"type":"LineString","coordinates":[[70.75208,36.01875],[70.73125,36.01458]]}},{"type":"Feature","properties":{"hyriv_id":40442609,"system_id":"amu_darya","discharge_cms":31.857,"strahler_order":5,"channel_class":"perennial","in_headwater_formation":1},"geometry":{"type":"LineString","coordinates":[[72.41042,36.99792],[72.37292,36.98958]]}},{"type":"Feature","properties":{"hyriv_id":40321713,"system_id":"syr_darya","discharge_cms":31.869,"strahler_order":4,"channel_class":"perennial","in_headwater_formation":0},"geometry":{"type":"LineString","coordinates":[[70.05208,40.96875],[70.04792,40.96458]]}},{"type":"Feature","properties":{"hyriv_id":40379181,"system_id":"amu_darya","discharge_cms":31.907,"strahler_order":4,"channel_class":"perennial","in_headwater_formation":1},"geometry":{"type":"LineString","coordinates":[[70.20208,39.08542],[70.20208,39.06042]]}},{"type":"Feature","properties":{"hyriv_id":40442359,"system_id":"amu_darya","discharge_cms":31.916,"strahler_order":5,"channel_class":"perennial","in_headwater_formation":1},"geometry":{"type":"LineString","coordinates":[[72.44792,37.00625],[72.41042,36.99792]]}},{"type":"Feature","properties":{"hyriv_id":40402845,"system_id":"amu_darya","discharge_cms":31.953,"strahler_order":5,"channel_class":"perennial","in_headwater_formation":1},"geometry":{"type":"LineString","coordinates":[[72.55625,38.26875],[72.53125,38.29792]]}},{"type":"Feature","properties":{"hyriv_id":40393816,"system_id":"amu_darya","discharge_cms":32.132,"strahler_order":4,"channel_class":"perennial","in_headwater_formation":1},"geometry":{"type":"LineString","coordinates":[[71.79375,38.57292],[71.78125,38.57708],[71.77708,38.57292]]}},{"type":"Feature","properties":{"hyriv_id":40442920,"system_id":"amu_darya","discharge_cms":32.25,"strahler_order":5,"channel_class":"perennial","in_headwater_formation":1},"geometry":{"type":"LineString","coordinates":[[72.34792,36.98958],[72.31875,36.98125]]}},{"type":"Feature","properties":{"hyriv_id":40442606,"system_id":"amu_darya","discharge_cms":32.302,"strahler_order":5,"channel_class":"perennial","in_headwater_formation":1},"geometry":{"type":"LineString","coordinates":[[72.36875,36.98958],[72.35208,36.99375],[72.34792,36.98958]]}},{"type":"Feature","properties":{"hyriv_id":40475907,"system_id":"amu_darya","discharge_cms":32.324,"strahler_order":4,"channel_class":"perennial","in_headwater_formation":1},"geometry":{"type":"LineString","coordinates":[[70.73125,36.01458],[70.71875,36.02292],[70.71875,36.03125]]}},{"type":"Feature","properties":{"hyriv_id":40305666,"system_id":"syr_darya","discharge_cms":32.346,"strahler_order":4,"channel_class":"perennial","in_headwater_formation":1},"geometry":{"type":"LineString","coordinates":[[76.50625,41.49375],[76.45208,41.48958]]}},{"type":"Feature","properties":{"hyriv_id":40442607,"system_id":"amu_darya","discharge_cms":32.35,"strahler_order":5,"channel_class":"perennial","in_headwater_formation":1},"geometry":{"type":"LineString","coordinates":[[72.37292,36.98958],[72.36875,36.98958]]}},{"type":"Feature","properties":{"hyriv_id":40443235,"system_id":"amu_darya","discharge_cms":32.364,"strahler_order":5,"channel_class":"perennial","in_headwater_formation":1},"geometry":{"type":"LineString","coordinates":[[72.31875,36.98125],[72.31042,36.97292]]}},{"type":"Feature","properties":{"hyriv_id":40362804,"system_id":"amu_darya","discharge_cms":32.411,"strahler_order":4,"channel_class":"perennial","in_headwater_formation":1},"geometry":{"type":"LineString","coordinates":[[72.71458,39.64375],[72.70208,39.63542]]}},{"type":"Feature","properties":{"hyriv_id":40379293,"system_id":"amu_darya","discharge_cms":32.467,"strahler_order":4,"channel_class":"perennial","in_headwater_formation":1},"geometry":{"type":"LineString","coordinates":[[70.20208,39.06042],[70.19792,39.05625]]}},{"type":"Feature","properties":{"hyriv_id":40394190,"system_id":"amu_darya","discharge_cms":32.499,"strahler_order":4,"channel_class":"perennial","in_headwater_formation":1},"geometry":{"type":"LineString","coordinates":[[71.77708,38.57292],[71.76042,38.56042]]}},{"type":"Feature","properties":{"hyriv_id":40402028,"system_id":"amu_darya","discharge_cms":32.533,"strahler_order":5,"channel_class":"perennial","in_headwater_formation":1},"geometry":{"type":"LineString","coordinates":[[72.53125,38.29792],[72.51458,38.31042],[72.48542,38.31458]]}},{"type":"Feature","properties":{"hyriv_id":40406425,"system_id":"amu_darya","discharge_cms":32.558,"strahler_order":4,"channel_class":"perennial","in_headwater_formation":1},"geometry":{"type":"LineString","coordinates":[[69.93125,38.14792],[69.91458,38.13958],[69.89375,38.13958]]}},{"type":"Feature","properties":{"hyriv_id":40443920,"system_id":"amu_darya","discharge_cms":32.627,"strahler_order":5,"channel_class":"perennial","in_headwater_formation":1},"geometry":{"type":"LineString","coordinates":[[72.31042,36.97292],[72.29792,36.97292],[72.27292,36.95208]]}},{"type":"Feature","properties":{"hyriv_id":40406424,"system_id":"amu_darya","discharge_cms":32.675,"strahler_order":4,"channel_class":"perennial","in_headwater_formation":1},"geometry":{"type":"LineString","coordinates":[[69.89375,38.13958],[69.88958,38.14375]]}},{"type":"Feature","properties":{"hyriv_id":40312048,"system_id":"syr_darya","discharge_cms":32.727,"strahler_order":4,"channel_class":"perennial","in_headwater_formation":1},"geometry":{"type":"LineString","coordinates":[[74.61875,41.28542],[74.63125,41.29792]]}},{"type":"Feature","properties":{"hyriv_id":40311660,"system_id":"syr_darya","discharge_cms":32.95,"strahler_order":4,"channel_class":"perennial","in_headwater_formation":1},"geometry":{"type":"LineString","coordinates":[[74.63125,41.29792],[74.64792,41.31042]]}},{"type":"Feature","properties":{"hyriv_id":40274618,"system_id":"syr_darya","discharge_cms":33.017,"strahler_order":5,"channel_class":"perennial","in_headwater_formation":0},"geometry":{"type":"LineString","coordinates":[[68.84792,42.46875],[68.84792,42.48125],[68.83125,42.49792]]}},{"type":"Feature","properties":{"hyriv_id":40321839,"system_id":"syr_darya","discharge_cms":33.022,"strahler_order":4,"channel_class":"perennial","in_headwater_formation":0},"geometry":{"type":"LineString","coordinates":[[70.04792,40.96458],[70.04375,40.96042],[70.01875,40.96458]]}},{"type":"Feature","properties":{"hyriv_id":40443919,"system_id":"amu_darya","discharge_cms":33.05,"strahler_order":5,"channel_class":"perennial","in_headwater_formation":1},"geometry":{"type":"LineString","coordinates":[[72.27292,36.95208],[72.26875,36.95625]]}},{"type":"Feature","properties":{"hyriv_id":40369060,"system_id":"amu_darya","discharge_cms":33.069,"strahler_order":3,"channel_class":"perennial","in_headwater_formation":0},"geometry":{"type":"LineString","coordinates":[[69.46042,39.42708],[69.42292,39.41458]]}},{"type":"Feature","properties":{"hyriv_id":40385393,"system_id":"amu_darya","discharge_cms":33.119,"strahler_order":6,"channel_class":"perennial","in_headwater_formation":0},"geometry":{"type":"LineString","coordinates":[[65.98958,38.86458],[65.95208,38.85208],[65.93542,38.85208],[65.92708,38.86042]]}},{"type":"Feature","properties":{"hyriv_id":40305665,"system_id":"syr_darya","discharge_cms":33.132,"strahler_order":4,"channel_class":"perennial","in_headwater_formation":1},"geometry":{"type":"LineString","coordinates":[[76.45208,41.48958],[76.42292,41.49792]]}},{"type":"Feature","properties":{"hyriv_id":40385123,"system_id":"amu_darya","discharge_cms":33.142,"strahler_order":6,"channel_class":"perennial","in_headwater_formation":0},"geometry":{"type":"LineString","coordinates":[[66.00208,38.86042],[65.98958,38.86458]]}},{"type":"Feature","properties":{"hyriv_id":40385121,"system_id":"amu_darya","discharge_cms":33.261,"strahler_order":6,"channel_class":"perennial","in_headwater_formation":0},"geometry":{"type":"LineString","coordinates":[[65.92708,38.86042],[65.87708,38.87292],[65.86875,38.86875]]}},{"type":"Feature","properties":{"hyriv_id":40444469,"system_id":"amu_darya","discharge_cms":33.262,"strahler_order":5,"channel_class":"perennial","in_headwater_formation":1},"geometry":{"type":"LineString","coordinates":[[72.26875,36.95625],[72.23958,36.93542]]}},{"type":"Feature","properties":{"hyriv_id":40384292,"system_id":"amu_darya","discharge_cms":33.291,"strahler_order":6,"channel_class":"perennial","in_headwater_formation":0},"geometry":{"type":"LineString","coordinates":[[65.83125,38.88542],[65.80208,38.88542],[65.76875,38.90625],[65.73542,38.91458],[65.72292,38.92708],[65.68958,38.92292],[65.66875,38.93542],[65.65625,38.93542],[65.64375,38.96042],[65.61458,38.98542],[65.60625,38.98542]]}},{"type":"Feature","properties":{"hyriv_id":40311270,"system_id":"syr_darya","discharge_cms":33.319,"strahler_order":4,"channel_class":"perennial","in_headwater_formation":1},"geometry":{"type":"LineString","coordinates":[[74.64792,41.31042],[74.65625,41.31458]]}},{"type":"Feature","properties":{"hyriv_id":40406939,"system_id":"amu_darya","discharge_cms":33.325,"strahler_order":4,"channel_class":"perennial","in_headwater_formation":1},"geometry":{"type":"LineString","coordinates":[[69.88958,38.14375],[69.84792,38.12292]]}},{"type":"Feature","properties":{"hyriv_id":40275724,"system_id":"syr_darya","discharge_cms":33.327,"strahler_order":5,"channel_class":"perennial","in_headwater_formation":0},"geometry":{"type":"LineString","coordinates":[[68.84375,42.43542],[68.85208,42.46458],[68.84792,42.46875]]}},{"type":"Feature","properties":{"hyriv_id":40381027,"system_id":"amu_darya","discharge_cms":33.345,"strahler_order":4,"channel_class":"perennial","in_headwater_formation":1},"geometry":{"type":"LineString","coordinates":[[70.19792,39.05625],[70.18958,39.03125],[70.16042,38.99792]]}},{"type":"Feature","properties":{"hyriv_id":40384824,"system_id":"amu_darya","discharge_cms":33.41,"strahler_order":6,"channel_class":"perennial","in_headwater_formation":0},"geometry":{"type":"LineString","coordinates":[[65.86875,38.86875],[65.85625,38.87292]]}},{"type":"Feature","properties":{"hyriv_id":40384823,"system_id":"amu_darya","discharge_cms":33.423,"strahler_order":6,"channel_class":"perennial","in_headwater_formation":0},"geometry":{"type":"LineString","coordinates":[[65.85625,38.87292],[65.84792,38.86875],[65.83958,38.87708]]}},{"type":"Feature","properties":{"hyriv_id":40384561,"system_id":"amu_darya","discharge_cms":33.425,"strahler_order":6,"channel_class":"perennial","in_headwater_formation":0},"geometry":{"type":"LineString","coordinates":[[65.83958,38.87708],[65.83125,38.88542]]}},{"type":"Feature","properties":{"hyriv_id":40311128,"system_id":"syr_darya","discharge_cms":33.435,"strahler_order":4,"channel_class":"perennial","in_headwater_formation":1},"geometry":{"type":"LineString","coordinates":[[74.65625,41.31458],[74.66875,41.33125]]}},{"type":"Feature","properties":{"hyriv_id":40490336,"system_id":"amu_darya","discharge_cms":33.442,"strahler_order":4,"channel_class":"perennial","in_headwater_formation":1},"geometry":{"type":"LineString","coordinates":[[68.86875,35.60208],[68.86042,35.60625],[68.83958,35.59792]]}},{"type":"Feature","properties":{"hyriv_id":40401533,"system_id":"amu_darya","discharge_cms":33.472,"strahler_order":5,"channel_class":"perennial","in_headwater_formation":1},"geometry":{"type":"LineString","coordinates":[[72.48542,38.31458],[72.46875,38.31458]]}},{"type":"Feature","properties":{"hyriv_id":40444617,"system_id":"amu_darya","discharge_cms":33.484,"strahler_order":5,"channel_class":"perennial","in_headwater_formation":1},"geometry":{"type":"LineString","coordinates":[[72.23958,36.93542],[72.22708,36.93125]]}},{"type":"Feature","properties":{"hyriv_id":40310632,"system_id":"syr_darya","discharge_cms":33.509,"strahler_order":4,"channel_class":"perennial","in_headwater_formation":1},"geometry":{"type":"LineString","coordinates":[[74.66875,41.33125],[74.67708,41.33542]]}},{"type":"Feature","properties":{"hyriv_id":40362933,"system_id":"amu_darya","discharge_cms":33.523,"strahler_order":4,"channel_class":"perennial","in_headwater_formation":1},"geometry":{"type":"LineString","coordinates":[[72.70208,39.63542],[72.69375,39.63958],[72.67708,39.63125]]}},{"type":"Feature","properties":{"hyriv_id":40321711,"system_id":"syr_darya","discharge_cms":33.554,"strahler_order":4,"channel_class":"perennial","in_headwater_formation":0},"geometry":{"type":"LineString","coordinates":[[70.01875,40.96458],[70.01042,40.96458]]}},{"type":"Feature","properties":{"hyriv_id":40401532,"system_id":"amu_darya","discharge_cms":33.612,"strahler_order":5,"channel_class":"perennial","in_headwater_formation":1},"geometry":{"type":"LineString","coordinates":[[72.46875,38.31458],[72.45625,38.32292]]}},{"type":"Feature","properties":{"hyriv_id":40394334,"system_id":"amu_darya","discharge_cms":33.711,"strahler_order":4,"channel_class":"perennial","in_headwater_formation":1},"geometry":{"type":"LineString","coordinates":[[71.76042,38.56042],[71.75625,38.55625]]}},{"type":"Feature","properties":{"hyriv_id":40490335,"system_id":"amu_darya","discharge_cms":33.729,"strahler_order":4,"channel_class":"perennial","in_headwater_formation":1},"geometry":{"type":"LineString","coordinates":[[68.83958,35.59792],[68.83542,35.60208],[68.80208,35.59792]]}},{"type":"Feature","properties":{"hyriv_id":40273637,"system_id":"syr_darya","discharge_cms":33.781,"strahler_order":5,"channel_class":"perennial","in_headwater_formation":0},"geometry":{"type":"LineString","coordinates":[[68.83125,42.49792],[68.81875,42.51042],[68.80208,42.51458]]}},{"type":"Feature","properties":{"hyriv_id":40322104,"system_id":"syr_darya","discharge_cms":33.8,"strahler_order":4,"channel_class":"perennial","in_headwater_formation":0},"geometry":{"type":"LineString","coordinates":[[70.01042,40.96458],[69.98542,40.95208]]}},{"type":"Feature","properties":{"hyriv_id":40362932,"system_id":"amu_darya","discharge_cms":33.842,"strahler_order":4,"channel_class":"perennial","in_headwater_formation":1},"geometry":{"type":"LineString","coordinates":[[72.67708,39.63125],[72.67292,39.63125]]}},{"type":"Feature","properties":{"hyriv_id":40445185,"system_id":"amu_darya","discharge_cms":33.86,"strahler_order":5,"channel_class":"perennial","in_headwater_formation":1},"geometry":{"type":"LineString","coordinates":[[72.22708,36.93125],[72.21458,36.93125],[72.20208,36.91458]]}},{"type":"Feature","properties":{"hyriv_id":40452365,"system_id":"amu_darya","discharge_cms":33.87,"strahler_order":4,"channel_class":"perennial","in_headwater_formation":1},"geometry":{"type":"LineString","coordinates":[[69.61458,36.69792],[69.59792,36.71458]]}},{"type":"Feature","properties":{"hyriv_id":40403086,"system_id":"amu_darya","discharge_cms":34.015,"strahler_order":5,"channel_class":"perennial","in_headwater_formation":0},"geometry":{"type":"LineString","coordinates":[[67.97708,38.26458],[67.97708,38.26042]]}},{"type":"Feature","properties":{"hyriv_id":40369187,"system_id":"amu_darya","discharge_cms":34.023,"strahler_order":3,"channel_class":"perennial","in_headwater_formation":0},"geometry":{"type":"LineString","coordinates":[[69.42292,39.41458],[69.41875,39.41042],[69.36875,39.41458]]}},{"type":"Feature","properties":{"hyriv_id":40446354,"system_id":"amu_darya","discharge_cms":34.049,"strahler_order":5,"channel_class":"perennial","in_headwater_formation":1},"geometry":{"type":"LineString","coordinates":[[72.15208,36.88958],[72.13542,36.87708]]}},{"type":"Feature","properties":{"hyriv_id":40445947,"system_id":"amu_darya","discharge_cms":34.061,"strahler_order":5,"channel_class":"perennial","in_headwater_formation":1},"geometry":{"type":"LineString","coordinates":[[72.18125,36.90208],[72.15208,36.88958]]}},{"type":"Feature","properties":{"hyriv_id":40322368,"system_id":"syr_darya","discharge_cms":34.074,"strahler_order":4,"channel_class":"perennial","in_headwater_formation":0},"geometry":{"type":"LineString","coordinates":[[69.98542,40.95208],[69.95208,40.94375]]}},{"type":"Feature","properties":{"hyriv_id":40421331,"system_id":"amu_darya","discharge_cms":34.088,"strahler_order":5,"channel_class":"perennial","in_headwater_formation":1},"geometry":{"type":"LineString","coordinates":[[71.79375,37.64375],[71.78542,37.64792]]}},{"type":"Feature","properties":{"hyriv_id":40445563,"system_id":"amu_darya","discharge_cms":34.116,"strahler_order":5,"channel_class":"perennial","in_headwater_formation":1},"geometry":{"type":"LineString","coordinates":[[72.20208,36.91458],[72.18125,36.90208]]}},{"type":"Feature","properties":{"hyriv_id":40322478,"system_id":"syr_darya","discharge_cms":34.187,"strahler_order":4,"channel_class":"perennial","in_headwater_formation":0},"geometry":{"type":"LineString","coordinates":[[69.95208,40.94375],[69.94792,40.93958]]}},{"type":"Feature","properties":{"hyriv_id":40447322,"system_id":"amu_darya","discharge_cms":34.252,"strahler_order":5,"channel_class":"perennial","in_headwater_formation":1},"geometry":{"type":"LineString","coordinates":[[72.13542,36.87708],[72.11458,36.84792],[72.10208,36.84792]]}},{"type":"Feature","properties":{"hyriv_id":40369186,"system_id":"amu_darya","discharge_cms":34.369,"strahler_order":3,"channel_class":"perennial","in_headwater_formation":0},"geometry":{"type":"LineString","coordinates":[[69.36875,39.41458],[69.36042,39.41042]]}},{"type":"Feature","properties":{"hyriv_id":40323083,"system_id":"syr_darya","discharge_cms":34.376,"strahler_order":4,"channel_class":"perennial","in_headwater_formation":0},"geometry":{"type":"LineString","coordinates":[[69.94792,40.93958],[69.91042,40.91875]]}},{"type":"Feature","properties":{"hyriv_id":40421330,"system_id":"amu_darya","discharge_cms":34.463,"strahler_order":5,"channel_class":"perennial","in_headwater_formation":1},"geometry":{"type":"LineString","coordinates":[[71.78542,37.64792],[71.76875,37.64375]]}},{"type":"Feature","properties":{"hyriv_id":40290304,"system_id":"syr_darya","discharge_cms":34.482,"strahler_order":4,"channel_class":"perennial","in_headwater_formation":0},"geometry":{"type":"LineString","coordinates":[[70.63958,41.99792],[70.60208,41.98125]]}},{"type":"Feature","properties":{"hyriv_id":40451939,"system_id":"amu_darya","discharge_cms":34.646,"strahler_order":4,"channel_class":"perennial","in_headwater_formation":1},"geometry":{"type":"LineString","coordinates":[[69.59792,36.71458],[69.58958,36.71042],[69.56042,36.72292],[69.54375,36.72292]]}},{"type":"Feature","properties":{"hyriv_id":40447585,"system_id":"amu_darya","discharge_cms":34.693,"strahler_order":5,"channel_class":"perennial","in_headwater_formation":1},"geometry":{"type":"LineString","coordinates":[[72.10208,36.84792],[72.08958,36.83958]]}},{"type":"Feature","properties":{"hyriv_id":40394854,"system_id":"amu_darya","discharge_cms":34.764,"strahler_order":4,"channel_class":"perennial","in_headwater_formation":1},"geometry":{"type":"LineString","coordinates":[[71.75625,38.55625],[71.72292,38.53958]]}},{"type":"Feature","properties":{"hyriv_id":40451498,"system_id":"amu_darya","discharge_cms":34.77,"strahler_order":4,"channel_class":"perennial","in_headwater_formation":1},"geometry":{"type":"LineString","coordinates":[[69.54375,36.72292],[69.53125,36.72708],[69.51875,36.72292]]}},{"type":"Feature","properties":{"hyriv_id":40273025,"system_id":"syr_darya","discharge_cms":34.893,"strahler_order":5,"channel_class":"perennial","in_headwater_formation":0},"geometry":{"type":"LineString","coordinates":[[68.80208,42.51458],[68.74792,42.53125]]}},{"type":"Feature","properties":{"hyriv_id":40369302,"system_id":"amu_darya","discharge_cms":34.94,"strahler_order":3,"channel_class":"perennial","in_headwater_formation":0},"geometry":{"type":"LineString","coordinates":[[69.36042,39.41042],[69.34375,39.40625],[69.33125,39.41042]]}},{"type":"Feature","properties":{"hyriv_id":40451497,"system_id":"amu_darya","discharge_cms":35.022,"strahler_order":4,"channel_class":"perennial","in_headwater_formation":1},"geometry":{"type":"LineString","coordinates":[[69.51875,36.72292],[69.50625,36.72708]]}},{"type":"Feature","properties":{"hyriv_id":40422365,"system_id":"amu_darya","discharge_cms":35.049,"strahler_order":5,"channel_class":"perennial","in_headwater_formation":1},"geometry":{"type":"LineString","coordinates":[[71.76875,37.64375],[71.76458,37.63958],[71.76875,37.63125],[71.75625,37.61042]]}},{"type":"Feature","properties":{"hyriv_id":40451332,"system_id":"amu_darya","discharge_cms":35.074,"strahler_order":4,"channel_class":"perennial","in_headwater_formation":1},"geometry":{"type":"LineString","coordinates":[[69.50625,36.72708],[69.46042,36.73958],[69.45208,36.73542],[69.40208,36.76042]]}},{"type":"Feature","properties":{"hyriv_id":40272423,"system_id":"syr_darya","discharge_cms":35.101,"strahler_order":5,"channel_class":"perennial","in_headwater_formation":0},"geometry":{"type":"LineString","coordinates":[[68.74792,42.53125],[68.72708,42.53542],[68.71875,42.54375]]}},{"type":"Feature","properties":{"hyriv_id":40447584,"system_id":"amu_darya","discharge_cms":35.111,"strahler_order":5,"channel_class":"perennial","in_headwater_formation":1},"geometry":{"type":"LineString","coordinates":[[72.08958,36.83958],[72.07708,36.83958]]}},{"type":"Feature","properties":{"hyriv_id":40490498,"system_id":"amu_darya","discharge_cms":35.125,"strahler_order":4,"channel_class":"perennial","in_headwater_formation":1},"geometry":{"type":"LineString","coordinates":[[68.80208,35.59792],[68.79375,35.60208],[68.78542,35.59375],[68.73542,35.59792]]}},{"type":"Feature","properties":{"hyriv_id":40384844,"system_id":"amu_darya","discharge_cms":35.159,"strahler_order":4,"channel_class":"perennial","in_headwater_formation":1},"geometry":{"type":"LineString","coordinates":[[71.51875,38.86875],[71.51042,38.86875]]}},{"type":"Feature","properties":{"hyriv_id":40394853,"system_id":"amu_darya","discharge_cms":35.195,"strahler_order":4,"channel_class":"perennial","in_headwater_formation":1},"geometry":{"type":"LineString","coordinates":[[71.72292,38.53958],[71.71875,38.53958]]}},{"type":"Feature","properties":{"hyriv_id":40448283,"system_id":"amu_darya","discharge_cms":35.257,"strahler_order":5,"channel_class":"perennial","in_headwater_formation":1},"geometry":{"type":"LineString","coordinates":[[72.07708,36.83958],[72.05208,36.83125],[72.03958,36.81875]]}},{"type":"Feature","properties":{"hyriv_id":40450244,"system_id":"amu_darya","discharge_cms":35.418,"strahler_order":4,"channel_class":"perennial","in_headwater_formation":1},"geometry":{"type":"LineString","coordinates":[[69.40208,36.76042],[69.38542,36.76458],[69.37292,36.77708]]}},{"type":"Feature","properties":{"hyriv_id":40395204,"system_id":"amu_darya","discharge_cms":35.459,"strahler_order":4,"channel_class":"perennial","in_headwater_formation":1},"geometry":{"type":"LineString","coordinates":[[71.71875,38.53958],[71.70208,38.52708]]}},{"type":"Feature","properties":{"hyriv_id":40369301,"system_id":"amu_darya","discharge_cms":35.463,"strahler_order":3,"channel_class":"perennial","in_headwater_formation":0},"geometry":{"type":"LineString","coordinates":[[69.33125,39.41042],[69.31875,39.40625],[69.26458,39.41458]]}},{"type":"Feature","properties":{"hyriv_id":40272292,"system_id":"syr_darya","discharge_cms":35.493,"strahler_order":5,"channel_class":"perennial","in_headwater_formation":0},"geometry":{"type":"LineString","coordinates":[[68.71875,42.54375],[68.70208,42.54375],[68.69375,42.53542],[68.68125,42.54375],[68.67292,42.53958]]}},{"type":"Feature","properties":{"hyriv_id":40290450,"system_id":"syr_darya","discharge_cms":35.59,"strahler_order":4,"channel_class":"perennial","in_headwater_formation":0},"geometry":{"type":"LineString","coordinates":[[70.60208,41.98125],[70.58958,41.97708],[70.54792,41.98125]]}},{"type":"Feature","properties":{"hyriv_id":40310500,"system_id":"syr_darya","discharge_cms":35.613,"strahler_order":4,"channel_class":"perennial","in_headwater_formation":1},"geometry":{"type":"LineString","coordinates":[[74.67708,41.33542],[74.70208,41.33958],[74.71875,41.35208]]}},{"type":"Feature","properties":{"hyriv_id":40449118,"system_id":"amu_darya","discharge_cms":35.637,"strahler_order":5,"channel_class":"perennial","in_headwater_formation":1},"geometry":{"type":"LineString","coordinates":[[72.03542,36.81875],[72.02292,36.81458],[72.00208,36.79375]]}},{"type":"Feature","properties":{"hyriv_id":40423016,"system_id":"amu_darya","discharge_cms":35.732,"strahler_order":5,"channel_class":"perennial","in_headwater_formation":1},"geometry":{"type":"LineString","coordinates":[[71.75625,37.61042],[71.72708,37.58958]]}},{"type":"Feature","properties":{"hyriv_id":40448282,"system_id":"amu_darya","discharge_cms":35.751,"strahler_order":5,"channel_class":"perennial","in_headwater_formation":1},"geometry":{"type":"LineString","coordinates":[[72.03958,36.81875],[72.03542,36.81875]]}},{"type":"Feature","properties":{"hyriv_id":40309981,"system_id":"syr_darya","discharge_cms":35.886,"strahler_order":4,"channel_class":"perennial","in_headwater_formation":1},"geometry":{"type":"LineString","coordinates":[[74.71875,41.35208],[74.73125,41.36875],[74.71875,41.39792]]}},{"type":"Feature","properties":{"hyriv_id":40407907,"system_id":"amu_darya","discharge_cms":35.903,"strahler_order":4,"channel_class":"perennial","in_headwater_formation":1},"geometry":{"type":"LineString","coordinates":[[69.84792,38.12292],[69.82708,38.08958]]}},{"type":"Feature","properties":{"hyriv_id":40323488,"system_id":"syr_darya","discharge_cms":35.975,"strahler_order":4,"channel_class":"perennial","in_headwater_formation":0},"geometry":{"type":"LineString","coordinates":[[69.91042,40.91875],[69.87292,40.90625]]}},{"type":"Feature","properties":{"hyriv_id":40308540,"system_id":"syr_darya","discharge_cms":36.001,"strahler_order":4,"channel_class":"perennial","in_headwater_formation":1},"geometry":{"type":"LineString","coordinates":[[74.71875,41.39792],[74.70625,41.40625],[74.69792,41.42708]]}},{"type":"Feature","properties":{"hyriv_id":40290302,"system_id":"syr_darya","discharge_cms":36.088,"strahler_order":4,"channel_class":"perennial","in_headwater_formation":0},"geometry":{"type":"LineString","coordinates":[[70.54792,41.98125],[70.52708,41.98125]]}},{"type":"Feature","properties":{"hyriv_id":40408432,"system_id":"amu_darya","discharge_cms":36.132,"strahler_order":4,"channel_class":"perennial","in_headwater_formation":1},"geometry":{"type":"LineString","coordinates":[[69.82708,38.08958],[69.81875,38.08125],[69.82292,38.07292]]}},{"type":"Feature","properties":{"hyriv_id":40423685,"system_id":"amu_darya","discharge_cms":36.209,"strahler_order":5,"channel_class":"perennial","in_headwater_formation":1},"geometry":{"type":"LineString","coordinates":[[71.72708,37.58958],[71.72708,37.56875]]}},{"type":"Feature","properties":{"hyriv_id":40272138,"system_id":"syr_darya","discharge_cms":36.261,"strahler_order":5,"channel_class":"perennial","in_headwater_formation":0},"geometry":{"type":"LineString","coordinates":[[68.67292,42.53958],[68.65625,42.54375],[68.63542,42.57292],[68.61458,42.57292],[68.60625,42.58542],[68.60208,42.58125],[68.59792,42.59792],[68.58125,42.61458]]}},{"type":"Feature","properties":{"hyriv_id":40369056,"system_id":"amu_darya","discharge_cms":36.343,"strahler_order":3,"channel_class":"perennial","in_headwater_formation":0},"geometry":{"type":"LineString","coordinates":[[69.26458,39.41458],[69.23958,39.41458]]}},{"type":"Feature","properties":{"hyriv_id":40384992,"system_id":"amu_darya","discharge_cms":36.422,"strahler_order":4,"channel_class":"perennial","in_headwater_formation":1},"geometry":{"type":"LineString","coordinates":[[71.51042,38.86875],[71.48125,38.87292],[71.45625,38.86458]]}},{"type":"Feature","properties":{"hyriv_id":40490334,"system_id":"amu_darya","discharge_cms":36.589,"strahler_order":4,"channel_class":"perennial","in_headwater_formation":1},"geometry":{"type":"LineString","coordinates":[[68.73542,35.59792],[68.68125,35.60625]]}},{"type":"Feature","properties":{"hyriv_id":40404492,"system_id":"amu_darya","discharge_cms":36.595,"strahler_order":5,"channel_class":"perennial","in_headwater_formation":0},"geometry":{"type":"LineString","coordinates":[[67.96458,38.23958],[67.95625,38.21042]]}},{"type":"Feature","properties":{"hyriv_id":40254278,"system_id":"syr_darya","discharge_cms":36.631,"strahler_order":5,"channel_class":"perennial","in_headwater_formation":0},"geometry":{"type":"LineString","coordinates":[[68.48125,43.04792],[68.44375,43.04792]]}},{"type":"Feature","properties":{"hyriv_id":40402133,"system_id":"amu_darya","discharge_cms":36.715,"strahler_order":4,"channel_class":"perennial","in_headwater_formation":1},"geometry":{"type":"LineString","coordinates":[[69.68542,38.30625],[69.68542,38.29792],[69.67708,38.29375]]}},{"type":"Feature","properties":{"hyriv_id":40403682,"system_id":"amu_darya","discharge_cms":36.774,"strahler_order":5,"channel_class":"perennial","in_headwater_formation":0},"geometry":{"type":"LineString","coordinates":[[67.97708,38.26042],[67.96458,38.23958]]}},{"type":"Feature","properties":{"hyriv_id":40404857,"system_id":"amu_darya","discharge_cms":36.786,"strahler_order":5,"channel_class":"perennial","in_headwater_formation":0},"geometry":{"type":"LineString","coordinates":[[67.95625,38.21042],[67.95208,38.19792]]}},{"type":"Feature","properties":{"hyriv_id":40323620,"system_id":"syr_darya","discharge_cms":36.862,"strahler_order":4,"channel_class":"perennial","in_headwater_formation":0},"geometry":{"type":"LineString","coordinates":[[69.87292,40.90625],[69.83125,40.90208]]}},{"type":"Feature","properties":{"hyriv_id":40269581,"system_id":"syr_darya","discharge_cms":36.897,"strahler_order":5,"channel_class":"perennial","in_headwater_formation":0},"geometry":{"type":"LineString","coordinates":[[68.58125,42.61458],[68.56875,42.61458],[68.54375,42.63125],[68.53125,42.62708],[68.51042,42.64375],[68.49792,42.64375],[68.48125,42.66875]]}},{"type":"Feature","properties":{"hyriv_id":40363428,"system_id":"amu_darya","discharge_cms":36.903,"strahler_order":4,"channel_class":"perennial","in_headwater_formation":1},"geometry":{"type":"LineString","coordinates":[[72.67292,39.63125],[72.65208,39.62708],[72.63958,39.61458]]}},{"type":"Feature","properties":{"hyriv_id":40267824,"system_id":"syr_darya","discharge_cms":37.014,"strahler_order":5,"channel_class":"perennial","in_headwater_formation":0},"geometry":{"type":"LineString","coordinates":[[68.48125,42.66875],[68.46458,42.66458],[68.44375,42.68958]]}},{"type":"Feature","properties":{"hyriv_id":40449713,"system_id":"amu_darya","discharge_cms":37.021,"strahler_order":5,"channel_class":"perennial","in_headwater_formation":1},"geometry":{"type":"LineString","coordinates":[[72.00208,36.79375],[71.97708,36.77708]]}},{"type":"Feature","properties":{"hyriv_id":40450530,"system_id":"amu_darya","discharge_cms":37.084,"strahler_order":5,"channel_class":"perennial","in_headwater_formation":1},"geometry":{"type":"LineString","coordinates":[[71.97292,36.77292],[71.96458,36.76042],[71.94792,36.75208]]}},{"type":"Feature","properties":{"hyriv_id":40497183,"system_id":"amu_darya","discharge_cms":37.087,"strahler_order":6,"channel_class":"perennial","in_headwater_formation":1},"geometry":{"type":"LineString","coordinates":[[68.25208,35.41875],[68.24792,35.42292]]}},{"type":"Feature","properties":{"hyriv_id":40449849,"system_id":"amu_darya","discharge_cms":37.094,"strahler_order":5,"channel_class":"perennial","in_headwater_formation":1},"geometry":{"type":"LineString","coordinates":[[71.97708,36.77708],[71.97292,36.77292]]}},{"type":"Feature","properties":{"hyriv_id":40290848,"system_id":"syr_darya","discharge_cms":37.123,"strahler_order":4,"channel_class":"perennial","in_headwater_formation":0},"geometry":{"type":"LineString","coordinates":[[70.52708,41.98125],[70.52292,41.97708],[70.49375,41.98125],[70.48125,41.97708],[70.47292,41.96458],[70.46458,41.96458]]}},{"type":"Feature","properties":{"hyriv_id":40395334,"system_id":"amu_darya","discharge_cms":37.154,"strahler_order":4,"channel_class":"perennial","in_headwater_formation":1},"geometry":{"type":"LineString","coordinates":[[71.70208,38.52708],[71.69792,38.52292]]}},{"type":"Feature","properties":{"hyriv_id":40327685,"system_id":"syr_darya","discharge_cms":37.258,"strahler_order":4,"channel_class":"perennial","in_headwater_formation":1},"geometry":{"type":"LineString","coordinates":[[73.14375,40.78542],[73.07708,40.77292]]}},{"type":"Feature","properties":{"hyriv_id":40266972,"system_id":"syr_darya","discharge_cms":37.279,"strahler_order":5,"channel_class":"perennial","in_headwater_formation":0},"geometry":{"type":"LineString","coordinates":[[68.44375,42.68958],[68.40208,42.71042],[68.37708,42.73125],[68.36458,42.75208],[68.36458,42.76875],[68.34792,42.78125]]}},{"type":"Feature","properties":{"hyriv_id":40375461,"system_id":"amu_darya","discharge_cms":37.321,"strahler_order":4,"channel_class":"perennial","in_headwater_formation":0},"geometry":{"type":"LineString","coordinates":[[68.53958,39.18958],[68.53125,39.21875]]}},{"type":"Feature","properties":{"hyriv_id":40254277,"system_id":"syr_darya","discharge_cms":37.324,"strahler_order":5,"channel_class":"perennial","in_headwater_formation":0},"geometry":{"type":"LineString","coordinates":[[68.44375,43.04792],[68.43542,43.07708]]}},{"type":"Feature","properties":{"hyriv_id":40264041,"system_id":"syr_darya","discharge_cms":37.476,"strahler_order":5,"channel_class":"perennial","in_headwater_formation":0},"geometry":{"type":"LineString","coordinates":[[68.34792,42.78125],[68.32292,42.79375],[68.29375,42.77292],[68.24792,42.77292],[68.23542,42.78125],[68.23125,42.79375]]}},{"type":"Feature","properties":{"hyriv_id":40449705,"system_id":"amu_darya","discharge_cms":37.523,"strahler_order":4,"channel_class":"perennial","in_headwater_formation":1},"geometry":{"type":"LineString","coordinates":[[69.37292,36.77708],[69.36458,36.78125]]}},{"type":"Feature","properties":{"hyriv_id":40497036,"system_id":"amu_darya","discharge_cms":37.53,"strahler_order":6,"channel_class":"perennial","in_headwater_formation":1},"geometry":{"type":"LineString","coordinates":[[68.24792,35.42292],[68.26458,35.44792],[68.29792,35.47292]]}},{"type":"Feature","properties":{"hyriv_id":40253261,"system_id":"syr_darya","discharge_cms":37.573,"strahler_order":5,"channel_class":"perennial","in_headwater_formation":0},"geometry":{"type":"LineString","coordinates":[[68.43542,43.07708],[68.39375,43.08125],[68.38958,43.08542],[68.39375,43.11458]]}},{"type":"Feature","properties":{"hyriv_id":40450652,"system_id":"amu_darya","discharge_cms":37.637,"strahler_order":5,"channel_class":"perennial","in_headwater_formation":1},"geometry":{"type":"LineString","coordinates":[[71.94792,36.75208],[71.93125,36.74792]]}},{"type":"Feature","properties":{"hyriv_id":40423966,"system_id":"amu_darya","discharge_cms":37.646,"strahler_order":5,"channel_class":"perennial","in_headwater_formation":1},"geometry":{"type":"LineString","coordinates":[[71.72708,37.56875],[71.71875,37.56042]]}},{"type":"Feature","properties":{"hyriv_id":40451035,"system_id":"amu_darya","discharge_cms":37.661,"strahler_order":5,"channel_class":"perennial","in_headwater_formation":1},"geometry":{"type":"LineString","coordinates":[[71.93125,36.74792],[71.91042,36.73542]]}},{"type":"Feature","properties":{"hyriv_id":40415259,"system_id":"amu_darya","discharge_cms":37.703,"strahler_order":4,"channel_class":"perennial","in_headwater_formation":1},"geometry":{"type":"LineString","coordinates":[[69.82292,38.07292],[69.81042,38.04792],[69.81042,38.03125],[69.79792,38.01458],[69.78958,37.97292],[69.77292,37.96042],[69.76458,37.93542],[69.74375,37.91875],[69.74792,37.91458],[69.74375,37.90625],[69.72708,37.89375],[69.70625,37.84375]]}},{"type":"Feature","properties":{"hyriv_id":40405323,"system_id":"amu_darya","discharge_cms":37.707,"strahler_order":5,"channel_class":"perennial","in_headwater_formation":0},"geometry":{"type":"LineString","coordinates":[[67.95208,38.19792],[67.94792,38.18125]]}},{"type":"Feature","properties":{"hyriv_id":40363546,"system_id":"amu_darya","discharge_cms":37.729,"strahler_order":4,"channel_class":"perennial","in_headwater_formation":1},"geometry":{"type":"LineString","coordinates":[[72.63958,39.61458],[72.61042,39.61042]]}},{"type":"Feature","properties":{"hyriv_id":40398923,"system_id":"amu_darya","discharge_cms":37.734,"strahler_order":5,"channel_class":"perennial","in_headwater_formation":1},"geometry":{"type":"LineString","coordinates":[[72.66458,38.41042],[72.63542,38.40625]]}},{"type":"Feature","properties":{"hyriv_id":40449950,"system_id":"amu_darya","discharge_cms":37.745,"strahler_order":4,"channel_class":"perennial","in_headwater_formation":1},"geometry":{"type":"LineString","coordinates":[[69.36458,36.78125],[69.35625,36.78125],[69.34375,36.76875]]}},{"type":"Feature","properties":{"hyriv_id":40450243,"system_id":"amu_darya","discharge_cms":37.749,"strahler_order":4,"channel_class":"perennial","in_headwater_formation":1},"geometry":{"type":"LineString","coordinates":[[69.34375,36.76875],[69.32708,36.76042]]}},{"type":"Feature","properties":{"hyriv_id":40451330,"system_id":"amu_darya","discharge_cms":37.805,"strahler_order":4,"channel_class":"perennial","in_headwater_formation":1},"geometry":{"type":"LineString","coordinates":[[69.31458,36.75208],[69.29792,36.73542],[69.26875,36.72708],[69.22292,36.73542]]}},{"type":"Feature","properties":{"hyriv_id":40405870,"system_id":"amu_darya","discharge_cms":37.896,"strahler_order":5,"channel_class":"perennial","in_headwater_formation":0},"geometry":{"type":"LineString","coordinates":[[67.94792,38.18125],[67.94792,38.16875],[67.93958,38.16042]]}},{"type":"Feature","properties":{"hyriv_id":40451178,"system_id":"amu_darya","discharge_cms":37.955,"strahler_order":4,"channel_class":"perennial","in_headwater_formation":1},"geometry":{"type":"LineString","coordinates":[[69.22292,36.73542],[69.20625,36.73125]]}},{"type":"Feature","properties":{"hyriv_id":40395684,"system_id":"amu_darya","discharge_cms":37.989,"strahler_order":4,"channel_class":"perennial","in_headwater_formation":1},"geometry":{"type":"LineString","coordinates":[[71.69792,38.52292],[71.68125,38.51042]]}},{"type":"Feature","properties":{"hyriv_id":40363545,"system_id":"amu_darya","discharge_cms":38.037,"strahler_order":4,"channel_class":"perennial","in_headwater_formation":1},"geometry":{"type":"LineString","coordinates":[[72.61042,39.61042],[72.60625,39.61458]]}},{"type":"Feature","properties":{"hyriv_id":40450524,"system_id":"amu_darya","discharge_cms":38.038,"strahler_order":4,"channel_class":"perennial","in_headwater_formation":1},"geometry":{"type":"LineString","coordinates":[[69.32708,36.76042],[69.31458,36.75208]]}},{"type":"Feature","properties":{"hyriv_id":40495079,"system_id":"amu_darya","discharge_cms":38.158,"strahler_order":6,"channel_class":"perennial","in_headwater_formation":1},"geometry":{"type":"LineString","coordinates":[[68.29792,35.47292],[68.31042,35.48542]]}},{"type":"Feature","properties":{"hyriv_id":40252056,"system_id":"syr_darya","discharge_cms":38.377,"strahler_order":5,"channel_class":"perennial","in_headwater_formation":0},"geometry":{"type":"LineString","coordinates":[[68.39375,43.11458],[68.38958,43.11875]]}},{"type":"Feature","properties":{"hyriv_id":40399152,"system_id":"amu_darya","discharge_cms":38.439,"strahler_order":5,"channel_class":"perennial","in_headwater_formation":1},"geometry":{"type":"LineString","coordinates":[[72.63542,38.40625],[72.62708,38.41042],[72.59792,38.39792]]}},{"type":"Feature","properties":{"hyriv_id":40251918,"system_id":"syr_darya","discharge_cms":38.521,"strahler_order":5,"channel_class":"perennial","in_headwater_formation":0},"geometry":{"type":"LineString","coordinates":[[68.38958,43.11875],[68.36875,43.12292]]}},{"type":"Feature","properties":{"hyriv_id":40363544,"system_id":"amu_darya","discharge_cms":38.567,"strahler_order":4,"channel_class":"perennial","in_headwater_formation":1},"geometry":{"type":"LineString","coordinates":[[72.60625,39.61458],[72.58958,39.61042]]}},{"type":"Feature","properties":{"hyriv_id":40494564,"system_id":"amu_darya","discharge_cms":38.589,"strahler_order":6,"channel_class":"perennial","in_headwater_formation":1},"geometry":{"type":"LineString","coordinates":[[68.31042,35.48542],[68.30625,35.48958],[68.31042,35.49375],[68.33125,35.49792]]}},{"type":"Feature","properties":{"hyriv_id":40384991,"system_id":"amu_darya","discharge_cms":38.612,"strahler_order":4,"channel_class":"perennial","in_headwater_formation":1},"geometry":{"type":"LineString","coordinates":[[71.45625,38.86458],[71.44792,38.87292],[71.42708,38.86875]]}},{"type":"Feature","properties":{"hyriv_id":40323903,"system_id":"syr_darya","discharge_cms":38.725,"strahler_order":4,"channel_class":"perennial","in_headwater_formation":0},"geometry":{"type":"LineString","coordinates":[[69.83125,40.90208],[69.80208,40.89375]]}},{"type":"Feature","properties":{"hyriv_id":40452675,"system_id":"amu_darya","discharge_cms":38.963,"strahler_order":5,"channel_class":"perennial","in_headwater_formation":1},"geometry":{"type":"LineString","coordinates":[[71.86875,36.69792],[71.85208,36.68958]]}},{"type":"Feature","properties":{"hyriv_id":40494111,"system_id":"amu_darya","discharge_cms":38.968,"strahler_order":6,"channel_class":"perennial","in_headwater_formation":1},"geometry":{"type":"LineString","coordinates":[[68.33125,35.49792],[68.33958,35.50625]]}},{"type":"Feature","properties":{"hyriv_id":40452369,"system_id":"amu_darya","discharge_cms":38.976,"strahler_order":5,"channel_class":"perennial","in_headwater_formation":1},"geometry":{"type":"LineString","coordinates":[[71.91042,36.73542],[71.86875,36.69792]]}},{"type":"Feature","properties":{"hyriv_id":40453088,"system_id":"amu_darya","discharge_cms":38.999,"strahler_order":5,"channel_class":"perennial","in_headwater_formation":1},"geometry":{"type":"LineString","coordinates":[[71.78542,36.67708],[71.76458,36.67708]]}},{"type":"Feature","properties":{"hyriv_id":40424835,"system_id":"amu_darya","discharge_cms":39.009,"strahler_order":5,"channel_class":"perennial","in_headwater_formation":1},"geometry":{"type":"LineString","coordinates":[[71.71875,37.56042],[71.71042,37.54375],[71.66875,37.53958],[71.65625,37.53125]]}},{"type":"Feature","properties":{"hyriv_id":40452812,"system_id":"amu_darya","discharge_cms":39.022,"strahler_order":5,"channel_class":"perennial","in_headwater_formation":1},"geometry":{"type":"LineString","coordinates":[[71.85208,36.68958],[71.84792,36.68542]]}},{"type":"Feature","properties":{"hyriv_id":40453090,"system_id":"amu_darya","discharge_cms":39.044,"strahler_order":5,"channel_class":"perennial","in_headwater_formation":1},"geometry":{"type":"LineString","coordinates":[[71.81875,36.68125],[71.78542,36.67708]]}},{"type":"Feature","properties":{"hyriv_id":40369055,"system_id":"amu_darya","discharge_cms":39.093,"strahler_order":3,"channel_class":"perennial","in_headwater_formation":0},"geometry":{"type":"LineString","coordinates":[[69.23958,39.41458],[69.22292,39.41458]]}},{"type":"Feature","properties":{"hyriv_id":40452956,"system_id":"amu_darya","discharge_cms":39.111,"strahler_order":5,"channel_class":"perennial","in_headwater_formation":1},"geometry":{"type":"LineString","coordinates":[[71.84792,36.68542],[71.81875,36.68125]]}},{"type":"Feature","properties":{"hyriv_id":40493770,"system_id":"amu_darya","discharge_cms":39.112,"strahler_order":6,"channel_class":"perennial","in_headwater_formation":1},"geometry":{"type":"LineString","coordinates":[[68.33958,35.50625],[68.33542,35.51458],[68.35208,35.52708]]}},{"type":"Feature","properties":{"hyriv_id":40396047,"system_id":"amu_darya","discharge_cms":39.144,"strahler_order":4,"channel_class":"perennial","in_headwater_formation":1},"geometry":{"type":"LineString","coordinates":[[71.68125,38.51042],[71.65625,38.49792]]}},{"type":"Feature","properties":{"hyriv_id":40424959,"system_id":"amu_darya","discharge_cms":39.243,"strahler_order":5,"channel_class":"perennial","in_headwater_formation":1},"geometry":{"type":"LineString","coordinates":[[71.65625,37.53125],[71.65208,37.52708]]}},{"type":"Feature","properties":{"hyriv_id":40396046,"system_id":"amu_darya","discharge_cms":39.283,"strahler_order":4,"channel_class":"perennial","in_headwater_formation":1},"geometry":{"type":"LineString","coordinates":[[71.65625,38.49792],[71.65208,38.49792]]}},{"type":"Feature","properties":{"hyriv_id":40492977,"system_id":"amu_darya","discharge_cms":39.325,"strahler_order":6,"channel_class":"perennial","in_headwater_formation":1},"geometry":{"type":"LineString","coordinates":[[68.35208,35.52708],[68.37708,35.53958]]}},{"type":"Feature","properties":{"hyriv_id":40396270,"system_id":"amu_darya","discharge_cms":39.526,"strahler_order":4,"channel_class":"perennial","in_headwater_formation":1},"geometry":{"type":"LineString","coordinates":[[71.65208,38.49792],[71.63958,38.48958]]}},{"type":"Feature","properties":{"hyriv_id":40492540,"system_id":"amu_darya","discharge_cms":39.563,"strahler_order":6,"channel_class":"perennial","in_headwater_formation":1},"geometry":{"type":"LineString","coordinates":[[68.37708,35.53958],[68.38958,35.55625],[68.41042,35.56042]]}},{"type":"Feature","properties":{"hyriv_id":40369053,"system_id":"amu_darya","discharge_cms":39.584,"strahler_order":3,"channel_class":"perennial","in_headwater_formation":0},"geometry":{"type":"LineString","coordinates":[[69.22292,39.41458],[69.21875,39.41458]]}},{"type":"Feature","properties":{"hyriv_id":40251768,"system_id":"syr_darya","discharge_cms":39.695,"strahler_order":5,"channel_class":"perennial","in_headwater_formation":0},"geometry":{"type":"LineString","coordinates":[[68.36875,43.12292],[68.34792,43.12292]]}},{"type":"Feature","properties":{"hyriv_id":40396620,"system_id":"amu_darya","discharge_cms":39.793,"strahler_order":4,"channel_class":"perennial","in_headwater_formation":1},"geometry":{"type":"LineString","coordinates":[[71.63958,38.48958],[71.62708,38.47708]]}},{"type":"Feature","properties":{"hyriv_id":40421565,"system_id":"amu_darya","discharge_cms":39.802,"strahler_order":6,"channel_class":"perennial","in_headwater_formation":0},"geometry":{"type":"LineString","coordinates":[[64.96042,37.63542],[64.92708,37.63958]]}},{"type":"Feature","properties":{"hyriv_id":40421467,"system_id":"amu_darya","discharge_cms":39.804,"strahler_order":6,"channel_class":"perennial","in_headwater_formation":0},"geometry":{"type":"LineString","coordinates":[[64.92708,37.63958],[64.90625,37.66042]]}},{"type":"Feature","properties":{"hyriv_id":40411759,"system_id":"amu_darya","discharge_cms":39.825,"strahler_order":6,"channel_class":"perennial","in_headwater_formation":0},"geometry":{"type":"LineString","coordinates":[[64.40625,37.96458],[64.38958,37.98958],[64.38542,38.04792]]}},{"type":"Feature","properties":{"hyriv_id":40409197,"system_id":"amu_darya","discharge_cms":39.839,"strahler_order":6,"channel_class":"perennial","in_headwater_formation":0},"geometry":{"type":"LineString","coordinates":[[64.38542,38.04792],[64.38542,38.06875],[64.37292,38.08125]]}},{"type":"Feature","properties":{"hyriv_id":40491796,"system_id":"amu_darya","discharge_cms":39.848,"strahler_order":6,"channel_class":"perennial","in_headwater_formation":1},"geometry":{"type":"LineString","coordinates":[[68.41042,35.56042],[68.41875,35.56875],[68.43125,35.56458],[68.43958,35.57708],[68.44792,35.57708]]}},{"type":"Feature","properties":{"hyriv_id":40415129,"system_id":"amu_darya","discharge_cms":39.851,"strahler_order":6,"channel_class":"perennial","in_headwater_formation":0},"geometry":{"type":"LineString","coordinates":[[64.46875,37.84792],[64.45208,37.86458],[64.45208,37.88542],[64.41875,37.93542],[64.41042,37.96042]]}},{"type":"Feature","properties":{"hyriv_id":40421692,"system_id":"amu_darya","discharge_cms":39.856,"strahler_order":6,"channel_class":"perennial","in_headwater_formation":0},"geometry":{"type":"LineString","coordinates":[[64.98958,37.63125],[64.96042,37.63542]]}},{"type":"Feature","properties":{"hyriv_id":40408158,"system_id":"amu_darya","discharge_cms":39.889,"strahler_order":6,"channel_class":"perennial","in_headwater_formation":0},"geometry":{"type":"LineString","coordinates":[[64.37292,38.08125],[64.34375,38.11458],[64.33542,38.13125],[64.33542,38.14792]]}},{"type":"Feature","properties":{"hyriv_id":40421950,"system_id":"amu_darya","discharge_cms":39.902,"strahler_order":6,"channel_class":"perennial","in_headwater_formation":0},"geometry":{"type":"LineString","coordinates":[[65.01458,37.62292],[64.98958,37.63125]]}},{"type":"Feature","properties":{"hyriv_id":40406206,"system_id":"amu_darya","discharge_cms":39.931,"strahler_order":6,"channel_class":"perennial","in_headwater_formation":0},"geometry":{"type":"LineString","coordinates":[[64.33542,38.14792],[64.31458,38.16875]]}},{"type":"Feature","properties":{"hyriv_id":40405625,"system_id":"amu_darya","discharge_cms":39.941,"strahler_order":6,"channel_class":"perennial","in_headwater_formation":0},"geometry":{"type":"LineString","coordinates":[[64.31458,38.16875],[64.30625,38.17708]]}},{"type":"Feature","properties":{"hyriv_id":40405422,"system_id":"amu_darya","discharge_cms":39.954,"strahler_order":6,"channel_class":"perennial","in_headwater_formation":0},"geometry":{"type":"LineString","coordinates":[[64.30625,38.17708],[64.30625,38.19792],[64.29792,38.21458]]}},{"type":"Feature","properties":{"hyriv_id":40404370,"system_id":"amu_darya","discharge_cms":39.967,"strahler_order":6,"channel_class":"perennial","in_headwater_formation":0},"geometry":{"type":"LineString","coordinates":[[64.29792,38.21458],[64.29375,38.21875]]}},{"type":"Feature","properties":{"hyriv_id":40411858,"system_id":"amu_darya","discharge_cms":39.982,"strahler_order":6,"channel_class":"perennial","in_headwater_formation":0},"geometry":{"type":"LineString","coordinates":[[64.41042,37.96042],[64.40625,37.96458]]}},{"type":"Feature","properties":{"hyriv_id":40404246,"system_id":"amu_darya","discharge_cms":39.984,"strahler_order":6,"channel_class":"perennial","in_headwater_formation":0},"geometry":{"type":"LineString","coordinates":[[64.29375,38.21875],[64.29792,38.23958],[64.27708,38.28125]]}},{"type":"Feature","properties":{"hyriv_id":40424063,"system_id":"amu_darya","discharge_cms":39.993,"strahler_order":6,"channel_class":"perennial","in_headwater_formation":0},"geometry":{"type":"LineString","coordinates":[[65.10208,37.55625],[65.01458,37.62292]]}},{"type":"Feature","properties":{"hyriv_id":40402828,"system_id":"amu_darya","discharge_cms":39.994,"strahler_order":4,"channel_class":"perennial","in_headwater_formation":1},"geometry":{"type":"LineString","coordinates":[[69.67708,38.29375],[69.65208,38.26875]]}},{"type":"Feature","properties":{"hyriv_id":40402497,"system_id":"amu_darya","discharge_cms":40.019,"strahler_order":6,"channel_class":"perennial","in_headwater_formation":0},"geometry":{"type":"LineString","coordinates":[[64.27708,38.28125],[64.27292,38.31458],[64.26042,38.33542],[64.24792,38.33958]]}},{"type":"Feature","properties":{"hyriv_id":40400814,"system_id":"amu_darya","discharge_cms":40.052,"strahler_order":6,"channel_class":"perennial","in_headwater_formation":0},"geometry":{"type":"LineString","coordinates":[[64.24792,38.33958],[64.23542,38.35625],[64.21042,38.36875],[64.18958,38.38958]]}},{"type":"Feature","properties":{"hyriv_id":40324056,"system_id":"syr_darya","discharge_cms":40.074,"strahler_order":4,"channel_class":"perennial","in_headwater_formation":0},"geometry":{"type":"LineString","coordinates":[[69.80208,40.89375],[69.78958,40.88958],[69.74792,40.90208],[69.73958,40.89792],[69.72708,40.90208]]}},{"type":"Feature","properties":{"hyriv_id":40399380,"system_id":"amu_darya","discharge_cms":40.077,"strahler_order":6,"channel_class":"perennial","in_headwater_formation":0},"geometry":{"type":"LineString","coordinates":[[64.18958,38.38958],[64.15625,38.39375],[64.14375,38.41042]]}},{"type":"Feature","properties":{"hyriv_id":40398790,"system_id":"amu_darya","discharge_cms":40.092,"strahler_order":6,"channel_class":"perennial","in_headwater_formation":0},"geometry":{"type":"LineString","coordinates":[[64.14375,38.41042],[64.11875,38.42292]]}},{"type":"Feature","properties":{"hyriv_id":40491128,"system_id":"amu_darya","discharge_cms":40.184,"strahler_order":6,"channel_class":"perennial","in_headwater_formation":1},"geometry":{"type":"LineString","coordinates":[[68.44792,35.57708],[68.45208,35.58125],[68.47292,35.57708],[68.48542,35.58542]]}},{"type":"Feature","properties":{"hyriv_id":40398393,"system_id":"amu_darya","discharge_cms":40.185,"strahler_order":6,"channel_class":"perennial","in_headwater_formation":0},"geometry":{"type":"LineString","coordinates":[[64.11875,38.42292],[64.11042,38.43125],[64.11042,38.44375]]}},{"type":"Feature","properties":{"hyriv_id":40397700,"system_id":"amu_darya","discharge_cms":40.217,"strahler_order":6,"channel_class":"perennial","in_headwater_formation":0},"geometry":{"type":"LineString","coordinates":[[64.11042,38.44375],[64.06875,38.48125]]}},{"type":"Feature","properties":{"hyriv_id":40396471,"system_id":"amu_darya","discharge_cms":40.229,"strahler_order":6,"channel_class":"perennial","in_headwater_formation":0},"geometry":{"type":"LineString","coordinates":[[64.06875,38.48125],[64.04792,38.49375]]}},{"type":"Feature","properties":{"hyriv_id":40418381,"system_id":"amu_darya","discharge_cms":40.262,"strahler_order":6,"channel_class":"perennial","in_headwater_formation":0},"geometry":{"type":"LineString","coordinates":[[64.75208,37.73958],[64.72708,37.74792],[64.70208,37.74792]]}},{"type":"Feature","properties":{"hyriv_id":40396137,"system_id":"amu_darya","discharge_cms":40.302,"strahler_order":6,"channel_class":"perennial","in_headwater_formation":0},"geometry":{"type":"LineString","coordinates":[[64.04792,38.49375],[64.03125,38.51458]]}},{"type":"Feature","properties":{"hyriv_id":40395555,"system_id":"amu_darya","discharge_cms":40.318,"strahler_order":6,"channel_class":"perennial","in_headwater_formation":0},"geometry":{"type":"LineString","coordinates":[[64.03125,38.51458],[64.02708,38.51875]]}},{"type":"Feature","properties":{"hyriv_id":40419761,"system_id":"amu_darya","discharge_cms":40.322,"strahler_order":6,"channel_class":"perennial","in_headwater_formation":0},"geometry":{"type":"LineString","coordinates":[[64.87292,37.69375],[64.86875,37.69792],[64.86042,37.69375],[64.84792,37.71042],[64.75208,37.73958]]}},{"type":"Feature","properties":{"hyriv_id":40384990,"system_id":"amu_darya","discharge_cms":40.327,"strahler_order":4,"channel_class":"perennial","in_headwater_formation":1},"geometry":{"type":"LineString","coordinates":[[71.42708,38.86875],[71.39375,38.86458]]}},{"type":"Feature","properties":{"hyriv_id":40324055,"system_id":"syr_darya","discharge_cms":40.379,"strahler_order":4,"channel_class":"perennial","in_headwater_formation":0},"geometry":{"type":"LineString","coordinates":[[69.72708,40.90208],[69.67292,40.88958]]}},{"type":"Feature","properties":{"hyriv_id":40395445,"system_id":"amu_darya","discharge_cms":40.383,"strahler_order":6,"channel_class":"perennial","in_headwater_formation":0},"geometry":{"type":"LineString","coordinates":[[64.02708,38.51875],[63.99792,38.56458],[63.99375,38.59375]]}},{"type":"Feature","properties":{"hyriv_id":40490816,"system_id":"amu_darya","discharge_cms":40.395,"strahler_order":6,"channel_class":"perennial","in_headwater_formation":1},"geometry":{"type":"LineString","coordinates":[[68.48542,35.58542],[68.51042,35.60208],[68.52292,35.59792]]}},{"type":"Feature","properties":{"hyriv_id":40415361,"system_id":"amu_darya","discharge_cms":40.407,"strahler_order":6,"channel_class":"perennial","in_headwater_formation":0},"geometry":{"type":"LineString","coordinates":[[64.47708,37.83958],[64.46875,37.84792]]}},{"type":"Feature","properties":{"hyriv_id":40393122,"system_id":"amu_darya","discharge_cms":40.437,"strahler_order":6,"channel_class":"perennial","in_headwater_formation":0},"geometry":{"type":"LineString","coordinates":[[63.99375,38.59375],[63.98542,38.60208],[63.98542,38.61875],[63.96042,38.65208]]}},{"type":"Feature","properties":{"hyriv_id":40416605,"system_id":"amu_darya","discharge_cms":40.437,"strahler_order":6,"channel_class":"perennial","in_headwater_formation":0},"geometry":{"type":"LineString","coordinates":[[64.56458,37.80208],[64.53958,37.79792],[64.52292,37.81458],[64.50208,37.81458],[64.47708,37.83958]]}},{"type":"Feature","properties":{"hyriv_id":40420786,"system_id":"amu_darya","discharge_cms":40.438,"strahler_order":6,"channel_class":"perennial","in_headwater_formation":0},"geometry":{"type":"LineString","coordinates":[[64.90625,37.66042],[64.89792,37.66875]]}},{"type":"Feature","properties":{"hyriv_id":40391381,"system_id":"amu_darya","discharge_cms":40.494,"strahler_order":6,"channel_class":"perennial","in_headwater_formation":0},"geometry":{"type":"LineString","coordinates":[[63.96042,38.65208],[63.96875,38.67708],[63.98542,38.69792],[64.01458,38.69792]]}},{"type":"Feature","properties":{"hyriv_id":40291223,"system_id":"syr_darya","discharge_cms":40.496,"strahler_order":4,"channel_class":"perennial","in_headwater_formation":0},"geometry":{"type":"LineString","coordinates":[[70.46458,41.96458],[70.43125,41.95208]]}},{"type":"Feature","properties":{"hyriv_id":40420544,"system_id":"amu_darya","discharge_cms":40.516,"strahler_order":6,"channel_class":"perennial","in_headwater_formation":0},"geometry":{"type":"LineString","coordinates":[[64.89792,37.66875],[64.87292,37.69375]]}},{"type":"Feature","properties":{"hyriv_id":40389993,"system_id":"amu_darya","discharge_cms":40.523,"strahler_order":6,"channel_class":"perennial","in_headwater_formation":0},"geometry":{"type":"LineString","coordinates":[[64.01458,38.69792],[64.02708,38.71875]]}},{"type":"Feature","properties":{"hyriv_id":40417993,"system_id":"amu_darya","discharge_cms":40.6,"strahler_order":6,"channel_class":"perennial","in_headwater_formation":0},"geometry":{"type":"LineString","coordinates":[[64.69375,37.75208],[64.64792,37.75625]]}},{"type":"Feature","properties":{"hyriv_id":40417700,"system_id":"amu_darya","discharge_cms":40.606,"strahler_order":6,"channel_class":"perennial","in_headwater_formation":0},"geometry":{"type":"LineString","coordinates":[[64.64375,37.76042],[64.60625,37.76875]]}},{"type":"Feature","properties":{"hyriv_id":40417840,"system_id":"amu_darya","discharge_cms":40.608,"strahler_order":6,"channel_class":"perennial","in_headwater_formation":0},"geometry":{"type":"LineString","coordinates":[[64.64792,37.75625],[64.64375,37.76042]]}},{"type":"Feature","properties":{"hyriv_id":40430108,"system_id":"amu_darya","discharge_cms":40.631,"strahler_order":6,"channel_class":"perennial","in_headwater_formation":0},"geometry":{"type":"LineString","coordinates":[[65.14375,37.36458],[65.11042,37.39792],[65.09792,37.43542]]}},{"type":"Feature","properties":{"hyriv_id":40251766,"system_id":"syr_darya","discharge_cms":40.634,"strahler_order":5,"channel_class":"perennial","in_headwater_formation":0},"geometry":{"type":"LineString","coordinates":[[68.34792,43.12292],[68.33542,43.12292]]}},{"type":"Feature","properties":{"hyriv_id":40417442,"system_id":"amu_darya","discharge_cms":40.635,"strahler_order":6,"channel_class":"perennial","in_headwater_formation":0},"geometry":{"type":"LineString","coordinates":[[64.60625,37.76875],[64.59792,37.76875],[64.56458,37.80208]]}},{"type":"Feature","properties":{"hyriv_id":40418124,"system_id":"amu_darya","discharge_cms":40.641,"strahler_order":6,"channel_class":"perennial","in_headwater_formation":0},"geometry":{"type":"LineString","coordinates":[[64.70208,37.74792],[64.69375,37.75208]]}},{"type":"Feature","properties":{"hyriv_id":40363749,"system_id":"amu_darya","discharge_cms":40.661,"strahler_order":4,"channel_class":"perennial","in_headwater_formation":1},"geometry":{"type":"LineString","coordinates":[[72.58958,39.61042],[72.56458,39.60208]]}},{"type":"Feature","properties":{"hyriv_id":40431083,"system_id":"amu_darya","discharge_cms":40.671,"strahler_order":6,"channel_class":"perennial","in_headwater_formation":0},"geometry":{"type":"LineString","coordinates":[[65.18958,37.33542],[65.14375,37.36458]]}},{"type":"Feature","properties":{"hyriv_id":40424815,"system_id":"amu_darya","discharge_cms":40.725,"strahler_order":6,"channel_class":"perennial","in_headwater_formation":0},"geometry":{"type":"LineString","coordinates":[[65.11875,37.53125],[65.11875,37.53958]]}},{"type":"Feature","properties":{"hyriv_id":40425228,"system_id":"amu_darya","discharge_cms":40.731,"strahler_order":5,"channel_class":"perennial","in_headwater_formation":1},"geometry":{"type":"LineString","coordinates":[[71.65208,37.52708],[71.63542,37.51875]]}},{"type":"Feature","properties":{"hyriv_id":40431084,"system_id":"amu_darya","discharge_cms":40.731,"strahler_order":6,"channel_class":"perennial","in_headwater_formation":0},"geometry":{"type":"LineString","coordinates":[[65.19375,37.33542],[65.18958,37.33542]]}},{"type":"Feature","properties":{"hyriv_id":40397170,"system_id":"amu_darya","discharge_cms":40.798,"strahler_order":4,"channel_class":"perennial","in_headwater_formation":1},"geometry":{"type":"LineString","coordinates":[[71.62708,38.47708],[71.61042,38.46042]]}},{"type":"Feature","properties":{"hyriv_id":40425753,"system_id":"amu_darya","discharge_cms":40.81,"strahler_order":6,"channel_class":"perennial","in_headwater_formation":0},"geometry":{"type":"LineString","coordinates":[[65.14375,37.50208],[65.14792,37.50625],[65.11875,37.53125]]}},{"type":"Feature","properties":{"hyriv_id":40251917,"system_id":"syr_darya","discharge_cms":40.882,"strahler_order":5,"channel_class":"perennial","in_headwater_formation":0},"geometry":{"type":"LineString","coordinates":[[68.33542,43.12292],[68.31875,43.11875],[68.31042,43.12292]]}},{"type":"Feature","properties":{"hyriv_id":40424594,"system_id":"amu_darya","discharge_cms":40.978,"strahler_order":6,"channel_class":"perennial","in_headwater_formation":0},"geometry":{"type":"LineString","coordinates":[[65.11875,37.53958],[65.10208,37.55625]]}},{"type":"Feature","properties":{"hyriv_id":40490330,"system_id":"amu_darya","discharge_cms":41.009,"strahler_order":6,"channel_class":"perennial","in_headwater_formation":1},"geometry":{"type":"LineString","coordinates":[[68.52292,35.59792],[68.53125,35.59792]]}},{"type":"Feature","properties":{"hyriv_id":40404737,"system_id":"amu_darya","discharge_cms":41.069,"strahler_order":4,"channel_class":"perennial","in_headwater_formation":1},"geometry":{"type":"LineString","coordinates":[[69.65208,38.26875],[69.64375,38.24375],[69.66042,38.21458],[69.66042,38.20208]]}},{"type":"Feature","properties":{"hyriv_id":40453224,"system_id":"amu_darya","discharge_cms":41.122,"strahler_order":5,"channel_class":"perennial","in_headwater_formation":1},"geometry":{"type":"LineString","coordinates":[[71.73958,36.67708],[71.67292,36.67292],[71.66042,36.68542],[71.64375,36.68958]]}},{"type":"Feature","properties":{"hyriv_id":40369052,"system_id":"amu_darya","discharge_cms":41.177,"strahler_order":3,"channel_class":"perennial","in_headwater_formation":0},"geometry":{"type":"LineString","coordinates":[[69.21875,39.41458],[69.16875,39.41875]]}},{"type":"Feature","properties":{"hyriv_id":40426543,"system_id":"amu_darya","discharge_cms":41.19,"strahler_order":6,"channel_class":"perennial","in_headwater_formation":0},"geometry":{"type":"LineString","coordinates":[[65.12292,37.47708],[65.12292,37.48958],[65.13542,37.50208],[65.14375,37.50208]]}},{"type":"Feature","properties":{"hyriv_id":40452672,"system_id":"amu_darya","discharge_cms":41.241,"strahler_order":5,"channel_class":"perennial","in_headwater_formation":1},"geometry":{"type":"LineString","coordinates":[[71.64375,36.68958],[71.63958,36.68958]]}},{"type":"Feature","properties":{"hyriv_id":40427599,"system_id":"amu_darya","discharge_cms":41.255,"strahler_order":6,"channel_class":"perennial","in_headwater_formation":0},"geometry":{"type":"LineString","coordinates":[[65.10208,37.44375],[65.12292,37.47708]]}},{"type":"Feature","properties":{"hyriv_id":40251916,"system_id":"syr_darya","discharge_cms":41.274,"strahler_order":5,"channel_class":"perennial","in_headwater_formation":0},"geometry":{"type":"LineString","coordinates":[[68.31042,43.12292],[68.29375,43.11875]]}},{"type":"Feature","properties":{"hyriv_id":40427849,"system_id":"amu_darya","discharge_cms":41.294,"strahler_order":6,"channel_class":"perennial","in_headwater_formation":0},"geometry":{"type":"LineString","coordinates":[[65.09792,37.43542],[65.10208,37.44375]]}},{"type":"Feature","properties":{"hyriv_id":40252213,"system_id":"syr_darya","discharge_cms":41.366,"strahler_order":5,"channel_class":"perennial","in_headwater_formation":0},"geometry":{"type":"LineString","coordinates":[[68.29375,43.11875],[68.27708,43.11042]]}},{"type":"Feature","properties":{"hyriv_id":40453086,"system_id":"amu_darya","discharge_cms":41.39,"strahler_order":5,"channel_class":"perennial","in_headwater_formation":1},"geometry":{"type":"LineString","coordinates":[[71.76458,36.67708],[71.73958,36.67708]]}},{"type":"Feature","properties":{"hyriv_id":40363981,"system_id":"amu_darya","discharge_cms":41.431,"strahler_order":4,"channel_class":"perennial","in_headwater_formation":1},"geometry":{"type":"LineString","coordinates":[[72.56458,39.60208],[72.53958,39.59375]]}},{"type":"Feature","properties":{"hyriv_id":40252643,"system_id":"syr_darya","discharge_cms":41.511,"strahler_order":5,"channel_class":"perennial","in_headwater_formation":0},"geometry":{"type":"LineString","coordinates":[[68.27708,43.11042],[68.25208,43.09792]]}},{"type":"Feature","properties":{"hyriv_id":40452671,"system_id":"amu_darya","discharge_cms":41.545,"strahler_order":5,"channel_class":"perennial","in_headwater_formation":1},"geometry":{"type":"LineString","coordinates":[[71.63958,36.68958],[71.61042,36.71875]]}},{"type":"Feature","properties":{"hyriv_id":40397728,"system_id":"amu_darya","discharge_cms":41.559,"strahler_order":4,"channel_class":"perennial","in_headwater_formation":1},"geometry":{"type":"LineString","coordinates":[[71.61042,38.46042],[71.60208,38.46042],[71.58542,38.44375]]}},{"type":"Feature","properties":{"hyriv_id":40451636,"system_id":"amu_darya","discharge_cms":41.563,"strahler_order":5,"channel_class":"perennial","in_headwater_formation":1},"geometry":{"type":"LineString","coordinates":[[71.61042,36.71875],[71.59375,36.73125]]}},{"type":"Feature","properties":{"hyriv_id":40252642,"system_id":"syr_darya","discharge_cms":41.574,"strahler_order":5,"channel_class":"perennial","in_headwater_formation":0},"geometry":{"type":"LineString","coordinates":[[68.25208,43.09792],[68.23125,43.09792]]}},{"type":"Feature","properties":{"hyriv_id":40442489,"system_id":"amu_darya","discharge_cms":41.6,"strahler_order":5,"channel_class":"perennial","in_headwater_formation":1},"geometry":{"type":"LineString","coordinates":[[71.46875,36.99375],[71.46458,37.01042]]}},{"type":"Feature","properties":{"hyriv_id":40397726,"system_id":"amu_darya","discharge_cms":41.76,"strahler_order":4,"channel_class":"perennial","in_headwater_formation":1},"geometry":{"type":"LineString","coordinates":[[71.58542,38.44375],[71.58125,38.44375]]}},{"type":"Feature","properties":{"hyriv_id":40443230,"system_id":"amu_darya","discharge_cms":41.769,"strahler_order":5,"channel_class":"perennial","in_headwater_formation":1},"geometry":{"type":"LineString","coordinates":[[71.46875,36.97292],[71.47292,36.98542],[71.46875,36.99375]]}},{"type":"Feature","properties":{"hyriv_id":40385139,"system_id":"amu_darya","discharge_cms":41.771,"strahler_order":4,"channel_class":"perennial","in_headwater_formation":1},"geometry":{"type":"LineString","coordinates":[[71.39375,38.86458],[71.36875,38.86042]]}},{"type":"Feature","properties":{"hyriv_id":40399396,"system_id":"amu_darya","discharge_cms":41.778,"strahler_order":5,"channel_class":"perennial","in_headwater_formation":1},"geometry":{"type":"LineString","coordinates":[[72.59792,38.39792],[72.57292,38.39792],[72.55625,38.38958]]}},{"type":"Feature","properties":{"hyriv_id":40252641,"system_id":"syr_darya","discharge_cms":41.779,"strahler_order":5,"channel_class":"perennial","in_headwater_formation":0},"geometry":{"type":"LineString","coordinates":[[68.23125,43.09792],[68.21875,43.09792]]}},{"type":"Feature","properties":{"hyriv_id":40374661,"system_id":"amu_darya","discharge_cms":41.859,"strahler_order":4,"channel_class":"perennial","in_headwater_formation":0},"geometry":{"type":"LineString","coordinates":[[68.53125,39.21875],[68.54792,39.25208]]}},{"type":"Feature","properties":{"hyriv_id":40252639,"system_id":"syr_darya","discharge_cms":41.882,"strahler_order":5,"channel_class":"perennial","in_headwater_formation":0},"geometry":{"type":"LineString","coordinates":[[68.21875,43.09792],[68.20208,43.09792]]}},{"type":"Feature","properties":{"hyriv_id":40286054,"system_id":"syr_darya","discharge_cms":41.907,"strahler_order":4,"channel_class":"perennial","in_headwater_formation":1},"geometry":{"type":"LineString","coordinates":[[74.06042,42.12292],[74.07292,42.12292]]}},{"type":"Feature","properties":{"hyriv_id":40369300,"system_id":"amu_darya","discharge_cms":41.989,"strahler_order":3,"channel_class":"perennial","in_headwater_formation":0},"geometry":{"type":"LineString","coordinates":[[69.16875,39.41875],[69.13542,39.41875],[69.09792,39.40625]]}},{"type":"Feature","properties":{"hyriv_id":40426423,"system_id":"amu_darya","discharge_cms":42.01,"strahler_order":5,"channel_class":"perennial","in_headwater_formation":1},"geometry":{"type":"LineString","coordinates":[[71.63542,37.51875],[71.59792,37.52292],[71.59375,37.51458],[71.60208,37.49792],[71.59375,37.48125]]}},{"type":"Feature","properties":{"hyriv_id":40291359,"system_id":"syr_darya","discharge_cms":42.061,"strahler_order":4,"channel_class":"perennial","in_headwater_formation":0},"geometry":{"type":"LineString","coordinates":[[70.43125,41.95208],[70.42708,41.94792]]}},{"type":"Feature","properties":{"hyriv_id":40490679,"system_id":"amu_darya","discharge_cms":42.067,"strahler_order":6,"channel_class":"perennial","in_headwater_formation":1},"geometry":{"type":"LineString","coordinates":[[68.53125,35.59792],[68.53958,35.58958],[68.55208,35.58958],[68.56875,35.60208]]}},{"type":"Feature","properties":{"hyriv_id":40252637,"system_id":"syr_darya","discharge_cms":42.101,"strahler_order":5,"channel_class":"perennial","in_headwater_formation":0},"geometry":{"type":"LineString","coordinates":[[68.20208,43.09792],[68.18542,43.09792],[68.16875,43.11458],[68.13542,43.11458]]}},{"type":"Feature","properties":{"hyriv_id":40252055,"system_id":"syr_darya","discharge_cms":42.196,"strahler_order":5,"channel_class":"perennial","in_headwater_formation":0},"geometry":{"type":"LineString","coordinates":[[68.13542,43.11458],[68.11458,43.11458]]}},{"type":"Feature","properties":{"hyriv_id":40373675,"system_id":"amu_darya","discharge_cms":42.255,"strahler_order":4,"channel_class":"perennial","in_headwater_formation":0},"geometry":{"type":"LineString","coordinates":[[68.54792,39.25208],[68.53958,39.26458]]}},{"type":"Feature","properties":{"hyriv_id":40398279,"system_id":"amu_darya","discharge_cms":42.256,"strahler_order":4,"channel_class":"perennial","in_headwater_formation":1},"geometry":{"type":"LineString","coordinates":[[71.58125,38.44375],[71.57292,38.44375],[71.55625,38.42708]]}},{"type":"Feature","properties":{"hyriv_id":40286206,"system_id":"syr_darya","discharge_cms":42.26,"strahler_order":4,"channel_class":"perennial","in_headwater_formation":1},"geometry":{"type":"LineString","coordinates":[[74.07292,42.12292],[74.08542,42.11875]]}},{"type":"Feature","properties":{"hyriv_id":40252054,"system_id":"syr_darya","discharge_cms":42.289,"strahler_order":5,"channel_class":"perennial","in_headwater_formation":0},"geometry":{"type":"LineString","coordinates":[[68.11458,43.11458],[68.10208,43.11875],[68.09792,43.12708]]}},{"type":"Feature","properties":{"hyriv_id":40364235,"system_id":"amu_darya","discharge_cms":42.294,"strahler_order":4,"channel_class":"perennial","in_headwater_formation":1},"geometry":{"type":"LineString","coordinates":[[72.53958,39.59375],[72.51875,39.58542]]}},{"type":"Feature","properties":{"hyriv_id":40444898,"system_id":"amu_darya","discharge_cms":42.391,"strahler_order":5,"channel_class":"perennial","in_headwater_formation":1},"geometry":{"type":"LineString","coordinates":[[71.48958,36.92292],[71.46875,36.94792],[71.46458,36.96042],[71.46875,36.97292]]}},{"type":"Feature","properties":{"hyriv_id":40490332,"system_id":"amu_darya","discharge_cms":42.406,"strahler_order":6,"channel_class":"perennial","in_headwater_formation":1},"geometry":{"type":"LineString","coordinates":[[68.56875,35.60208],[68.57292,35.59792]]}},{"type":"Feature","properties":{"hyriv_id":40385412,"system_id":"amu_darya","discharge_cms":42.46,"strahler_order":4,"channel_class":"perennial","in_headwater_formation":1},"geometry":{"type":"LineString","coordinates":[[71.36875,38.86042],[71.33958,38.85208]]}},{"type":"Feature","properties":{"hyriv_id":40405526,"system_id":"amu_darya","discharge_cms":42.555,"strahler_order":4,"channel_class":"perennial","in_headwater_formation":1},"geometry":{"type":"LineString","coordinates":[[69.66042,38.20208],[69.65625,38.19375],[69.66042,38.18542],[69.64792,38.17292]]}},{"type":"Feature","properties":{"hyriv_id":40399508,"system_id":"amu_darya","discharge_cms":42.558,"strahler_order":5,"channel_class":"perennial","in_headwater_formation":1},"geometry":{"type":"LineString","coordinates":[[72.55625,38.38958],[72.55208,38.38542]]}},{"type":"Feature","properties":{"hyriv_id":40373355,"system_id":"amu_darya","discharge_cms":42.567,"strahler_order":4,"channel_class":"perennial","in_headwater_formation":0},"geometry":{"type":"LineString","coordinates":[[68.53958,39.26458],[68.54792,39.27708]]}},{"type":"Feature","properties":{"hyriv_id":40441948,"system_id":"amu_darya","discharge_cms":42.596,"strahler_order":5,"channel_class":"perennial","in_headwater_formation":1},"geometry":{"type":"LineString","coordinates":[[71.46458,37.01042],[71.46042,37.01458]]}},{"type":"Feature","properties":{"hyriv_id":40324324,"system_id":"syr_darya","discharge_cms":42.661,"strahler_order":4,"channel_class":"perennial","in_headwater_formation":0},"geometry":{"type":"LineString","coordinates":[[69.67292,40.88958],[69.66042,40.88125],[69.65208,40.88958],[69.63125,40.88958],[69.62292,40.89792],[69.60625,40.89792],[69.58958,40.90625]]}},{"type":"Feature","properties":{"hyriv_id":40291765,"system_id":"syr_darya","discharge_cms":42.778,"strahler_order":4,"channel_class":"perennial","in_headwater_formation":0},"geometry":{"type":"LineString","coordinates":[[70.42708,41.94792],[70.39375,41.93542]]}},{"type":"Feature","properties":{"hyriv_id":40450094,"system_id":"amu_darya","discharge_cms":42.788,"strahler_order":5,"channel_class":"perennial","in_headwater_formation":1},"geometry":{"type":"LineString","coordinates":[[71.56458,36.76458],[71.56042,36.78958]]}},{"type":"Feature","properties":{"hyriv_id":40450774,"system_id":"amu_darya","discharge_cms":42.906,"strahler_order":5,"channel_class":"perennial","in_headwater_formation":1},"geometry":{"type":"LineString","coordinates":[[71.58125,36.74375],[71.56458,36.76458]]}},{"type":"Feature","properties":{"hyriv_id":40451185,"system_id":"amu_darya","discharge_cms":43.063,"strahler_order":5,"channel_class":"perennial","in_headwater_formation":1},"geometry":{"type":"LineString","coordinates":[[71.59375,36.73125],[71.58125,36.74375]]}},{"type":"Feature","properties":{"hyriv_id":40323484,"system_id":"syr_darya","discharge_cms":43.163,"strahler_order":4,"channel_class":"perennial","in_headwater_formation":0},"geometry":{"type":"LineString","coordinates":[[69.58958,40.90625],[69.53542,40.91042]]}},{"type":"Feature","properties":{"hyriv_id":40441816,"system_id":"amu_darya","discharge_cms":43.169,"strahler_order":5,"channel_class":"perennial","in_headwater_formation":1},"geometry":{"type":"LineString","coordinates":[[71.46042,37.01458],[71.46042,37.02708],[71.43125,37.06042]]}},{"type":"Feature","properties":{"hyriv_id":40490497,"system_id":"amu_darya","discharge_cms":43.181,"strahler_order":6,"channel_class":"perennial","in_headwater_formation":1},"geometry":{"type":"LineString","coordinates":[[68.57292,35.59792],[68.60208,35.59375],[68.62292,35.60208]]}},{"type":"Feature","properties":{"hyriv_id":40399990,"system_id":"amu_darya","discharge_cms":43.273,"strahler_order":5,"channel_class":"perennial","in_headwater_formation":1},"geometry":{"type":"LineString","coordinates":[[72.55208,38.38542],[72.53125,38.38125],[72.51458,38.36875]]}},{"type":"Feature","properties":{"hyriv_id":40372998,"system_id":"amu_darya","discharge_cms":43.362,"strahler_order":4,"channel_class":"perennial","in_headwater_formation":0},"geometry":{"type":"LineString","coordinates":[[68.54792,39.27708],[68.53542,39.30625]]}},{"type":"Feature","properties":{"hyriv_id":40385526,"system_id":"amu_darya","discharge_cms":43.401,"strahler_order":4,"channel_class":"perennial","in_headwater_formation":1},"geometry":{"type":"LineString","coordinates":[[71.33958,38.85208],[71.32708,38.84792]]}},{"type":"Feature","properties":{"hyriv_id":40440197,"system_id":"amu_darya","discharge_cms":43.404,"strahler_order":5,"channel_class":"perennial","in_headwater_formation":1},"geometry":{"type":"LineString","coordinates":[[71.43125,37.06042],[71.43125,37.08125]]}},{"type":"Feature","properties":{"hyriv_id":40398417,"system_id":"amu_darya","discharge_cms":43.484,"strahler_order":4,"channel_class":"perennial","in_headwater_formation":1},"geometry":{"type":"LineString","coordinates":[[71.55625,38.42708],[71.55208,38.42292]]}},{"type":"Feature","properties":{"hyriv_id":40490171,"system_id":"amu_darya","discharge_cms":43.602,"strahler_order":6,"channel_class":"perennial","in_headwater_formation":1},"geometry":{"type":"LineString","coordinates":[[68.62292,35.60208],[68.64792,35.60208]]}},{"type":"Feature","properties":{"hyriv_id":40439517,"system_id":"amu_darya","discharge_cms":43.635,"strahler_order":5,"channel_class":"perennial","in_headwater_formation":1},"geometry":{"type":"LineString","coordinates":[[71.43125,37.08125],[71.44375,37.09375]]}},{"type":"Feature","properties":{"hyriv_id":40445180,"system_id":"amu_darya","discharge_cms":43.636,"strahler_order":5,"channel_class":"perennial","in_headwater_formation":1},"geometry":{"type":"LineString","coordinates":[[71.49792,36.91458],[71.48958,36.92292]]}},{"type":"Feature","properties":{"hyriv_id":40385644,"system_id":"amu_darya","discharge_cms":43.726,"strahler_order":4,"channel_class":"perennial","in_headwater_formation":1},"geometry":{"type":"LineString","coordinates":[[71.32708,38.84792],[71.31042,38.84375]]}},{"type":"Feature","properties":{"hyriv_id":40439091,"system_id":"amu_darya","discharge_cms":43.755,"strahler_order":5,"channel_class":"perennial","in_headwater_formation":1},"geometry":{"type":"LineString","coordinates":[[71.44375,37.09375],[71.44375,37.11875]]}},{"type":"Feature","properties":{"hyriv_id":40446502,"system_id":"amu_darya","discharge_cms":43.774,"strahler_order":5,"channel_class":"perennial","in_headwater_formation":1},"geometry":{"type":"LineString","coordinates":[[71.52708,36.87292],[71.49792,36.91458]]}},{"type":"Feature","properties":{"hyriv_id":40490172,"system_id":"amu_darya","discharge_cms":43.822,"strahler_order":6,"channel_class":"perennial","in_headwater_formation":1},"geometry":{"type":"LineString","coordinates":[[68.64792,35.60208],[68.65208,35.60625],[68.66458,35.60208]]}},{"type":"Feature","properties":{"hyriv_id":40291919,"system_id":"syr_darya","discharge_cms":43.868,"strahler_order":4,"channel_class":"perennial","in_headwater_formation":0},"geometry":{"type":"LineString","coordinates":[[70.39375,41.93542],[70.38542,41.93125]]}},{"type":"Feature","properties":{"hyriv_id":40447580,"system_id":"amu_darya","discharge_cms":43.874,"strahler_order":5,"channel_class":"perennial","in_headwater_formation":1},"geometry":{"type":"LineString","coordinates":[[71.53958,36.83958],[71.54375,36.84375],[71.52708,36.85625],[71.52708,36.86875]]}},{"type":"Feature","properties":{"hyriv_id":40401183,"system_id":"amu_darya","discharge_cms":43.875,"strahler_order":5,"channel_class":"perennial","in_headwater_formation":1},"geometry":{"type":"LineString","coordinates":[[72.51458,38.36875],[72.46458,38.32708]]}},{"type":"Feature","properties":{"hyriv_id":40448691,"system_id":"amu_darya","discharge_cms":43.89,"strahler_order":5,"channel_class":"perennial","in_headwater_formation":1},"geometry":{"type":"LineString","coordinates":[[71.54792,36.80625],[71.53958,36.83542]]}},{"type":"Feature","properties":{"hyriv_id":40405983,"system_id":"amu_darya","discharge_cms":43.898,"strahler_order":5,"channel_class":"perennial","in_headwater_formation":0},"geometry":{"type":"LineString","coordinates":[[67.93958,38.16042],[67.93542,38.15625]]}},{"type":"Feature","properties":{"hyriv_id":40446627,"system_id":"amu_darya","discharge_cms":43.901,"strahler_order":5,"channel_class":"perennial","in_headwater_formation":1},"geometry":{"type":"LineString","coordinates":[[71.52708,36.86875],[71.52708,36.87292]]}},{"type":"Feature","properties":{"hyriv_id":40438204,"system_id":"amu_darya","discharge_cms":43.971,"strahler_order":5,"channel_class":"perennial","in_headwater_formation":1},"geometry":{"type":"LineString","coordinates":[[71.44375,37.11875],[71.44375,37.13125]]}},{"type":"Feature","properties":{"hyriv_id":40490333,"system_id":"amu_darya","discharge_cms":44.037,"strahler_order":6,"channel_class":"perennial","in_headwater_formation":1},"geometry":{"type":"LineString","coordinates":[[68.66458,35.60208],[68.67708,35.59792],[68.68125,35.60625]]}},{"type":"Feature","properties":{"hyriv_id":40449249,"system_id":"amu_darya","discharge_cms":44.039,"strahler_order":5,"channel_class":"perennial","in_headwater_formation":1},"geometry":{"type":"LineString","coordinates":[[71.56042,36.78958],[71.54792,36.80625]]}},{"type":"Feature","properties":{"hyriv_id":40398915,"system_id":"amu_darya","discharge_cms":44.052,"strahler_order":4,"channel_class":"perennial","in_headwater_formation":1},"geometry":{"type":"LineString","coordinates":[[71.55208,38.42292],[71.54375,38.42292],[71.53125,38.40625]]}},{"type":"Feature","properties":{"hyriv_id":40437773,"system_id":"amu_darya","discharge_cms":44.07,"strahler_order":5,"channel_class":"perennial","in_headwater_formation":1},"geometry":{"type":"LineString","coordinates":[[71.44375,37.13125],[71.44792,37.14375]]}},{"type":"Feature","properties":{"hyriv_id":40447714,"system_id":"amu_darya","discharge_cms":44.108,"strahler_order":5,"channel_class":"perennial","in_headwater_formation":1},"geometry":{"type":"LineString","coordinates":[[71.53958,36.83542],[71.53958,36.83958]]}},{"type":"Feature","properties":{"hyriv_id":40323349,"system_id":"syr_darya","discharge_cms":44.128,"strahler_order":4,"channel_class":"perennial","in_headwater_formation":0},"geometry":{"type":"LineString","coordinates":[[69.53542,40.91042],[69.52292,40.91042],[69.51458,40.91875],[69.41042,40.91458],[69.39375,40.93958],[69.36458,40.94792]]}},{"type":"Feature","properties":{"hyriv_id":40364361,"system_id":"amu_darya","discharge_cms":44.242,"strahler_order":4,"channel_class":"perennial","in_headwater_formation":1},"geometry":{"type":"LineString","coordinates":[[72.51875,39.58542],[72.51042,39.58125]]}},{"type":"Feature","properties":{"hyriv_id":40369427,"system_id":"amu_darya","discharge_cms":44.263,"strahler_order":3,"channel_class":"perennial","in_headwater_formation":0},"geometry":{"type":"LineString","coordinates":[[69.09792,39.40625],[69.06042,39.40208]]}},{"type":"Feature","properties":{"hyriv_id":40287064,"system_id":"syr_darya","discharge_cms":44.324,"strahler_order":4,"channel_class":"perennial","in_headwater_formation":1},"geometry":{"type":"LineString","coordinates":[[74.08542,42.11875],[74.11875,42.09375],[74.13542,42.08958]]}},{"type":"Feature","properties":{"hyriv_id":40405742,"system_id":"amu_darya","discharge_cms":44.361,"strahler_order":4,"channel_class":"perennial","in_headwater_formation":1},"geometry":{"type":"LineString","coordinates":[[69.64792,38.17292],[69.63542,38.16458]]}},{"type":"Feature","properties":{"hyriv_id":40399032,"system_id":"amu_darya","discharge_cms":44.363,"strahler_order":4,"channel_class":"perennial","in_headwater_formation":1},"geometry":{"type":"LineString","coordinates":[[71.53125,38.40625],[71.51458,38.40208]]}},{"type":"Feature","properties":{"hyriv_id":40407675,"system_id":"amu_darya","discharge_cms":44.374,"strahler_order":5,"channel_class":"perennial","in_headwater_formation":0},"geometry":{"type":"LineString","coordinates":[[67.91042,38.11875],[67.88542,38.09792]]}},{"type":"Feature","properties":{"hyriv_id":40407064,"system_id":"amu_darya","discharge_cms":44.458,"strahler_order":5,"channel_class":"perennial","in_headwater_formation":0},"geometry":{"type":"LineString","coordinates":[[67.91042,38.12292],[67.91042,38.11875]]}},{"type":"Feature","properties":{"hyriv_id":40406932,"system_id":"amu_darya","discharge_cms":44.46,"strahler_order":5,"channel_class":"perennial","in_headwater_formation":0},"geometry":{"type":"LineString","coordinates":[[67.91875,38.14375],[67.91042,38.12292]]}},{"type":"Feature","properties":{"hyriv_id":40372159,"system_id":"amu_darya","discharge_cms":44.495,"strahler_order":4,"channel_class":"perennial","in_headwater_formation":0},"geometry":{"type":"LineString","coordinates":[[68.53542,39.30625],[68.54792,39.33125]]}},{"type":"Feature","properties":{"hyriv_id":40369570,"system_id":"amu_darya","discharge_cms":44.514,"strahler_order":3,"channel_class":"perennial","in_headwater_formation":0},"geometry":{"type":"LineString","coordinates":[[69.06042,39.40208],[69.05208,39.39792],[69.03125,39.40625]]}},{"type":"Feature","properties":{"hyriv_id":40406322,"system_id":"amu_darya","discharge_cms":44.584,"strahler_order":5,"channel_class":"perennial","in_headwater_formation":0},"geometry":{"type":"LineString","coordinates":[[67.93542,38.15625],[67.91875,38.14375]]}},{"type":"Feature","properties":{"hyriv_id":40292783,"system_id":"syr_darya","discharge_cms":44.592,"strahler_order":4,"channel_class":"perennial","in_headwater_formation":0},"geometry":{"type":"LineString","coordinates":[[70.38542,41.93125],[70.36875,41.90625]]}},{"type":"Feature","properties":{"hyriv_id":40386134,"system_id":"amu_darya","discharge_cms":44.652,"strahler_order":4,"channel_class":"perennial","in_headwater_formation":1},"geometry":{"type":"LineString","coordinates":[[71.31042,38.84375],[71.29375,38.82708]]}},{"type":"Feature","properties":{"hyriv_id":40322364,"system_id":"syr_darya","discharge_cms":44.66,"strahler_order":4,"channel_class":"perennial","in_headwater_formation":0},"geometry":{"type":"LineString","coordinates":[[69.36458,40.94792],[69.35625,40.94375]]}},{"type":"Feature","properties":{"hyriv_id":40371456,"system_id":"amu_darya","discharge_cms":44.746,"strahler_order":4,"channel_class":"perennial","in_headwater_formation":0},"geometry":{"type":"LineString","coordinates":[[68.54792,39.33125],[68.55208,39.33958]]}},{"type":"Feature","properties":{"hyriv_id":40399393,"system_id":"amu_darya","discharge_cms":44.796,"strahler_order":4,"channel_class":"perennial","in_headwater_formation":1},"geometry":{"type":"LineString","coordinates":[[71.51458,38.40208],[71.50208,38.38958]]}},{"type":"Feature","properties":{"hyriv_id":40364596,"system_id":"amu_darya","discharge_cms":44.868,"strahler_order":4,"channel_class":"perennial","in_headwater_formation":1},"geometry":{"type":"LineString","coordinates":[[72.51042,39.58125],[72.49375,39.57292]]}},{"type":"Feature","properties":{"hyriv_id":40322363,"system_id":"syr_darya","discharge_cms":44.87,"strahler_order":4,"channel_class":"perennial","in_headwater_formation":0},"geometry":{"type":"LineString","coordinates":[[69.35625,40.94375],[69.33542,40.94792],[69.31042,40.97292]]}},{"type":"Feature","properties":{"hyriv_id":40437325,"system_id":"amu_darya","discharge_cms":44.882,"strahler_order":5,"channel_class":"perennial","in_headwater_formation":1},"geometry":{"type":"LineString","coordinates":[[71.44792,37.14375],[71.45208,37.15625],[71.44375,37.16875],[71.45625,37.18125]]}},{"type":"Feature","properties":{"hyriv_id":40369569,"system_id":"amu_darya","discharge_cms":44.888,"strahler_order":3,"channel_class":"perennial","in_headwater_formation":0},"geometry":{"type":"LineString","coordinates":[[69.03125,39.40625],[69.00208,39.39792]]}},{"type":"Feature","properties":{"hyriv_id":40287854,"system_id":"syr_darya","discharge_cms":44.908,"strahler_order":4,"channel_class":"perennial","in_headwater_formation":1},"geometry":{"type":"LineString","coordinates":[[74.13542,42.08958],[74.14375,42.06875],[74.15208,42.06458]]}},{"type":"Feature","properties":{"hyriv_id":40408949,"system_id":"amu_darya","discharge_cms":44.945,"strahler_order":5,"channel_class":"perennial","in_headwater_formation":0},"geometry":{"type":"LineString","coordinates":[[67.88542,38.09792],[67.86875,38.05625]]}},{"type":"Feature","properties":{"hyriv_id":40436042,"system_id":"amu_darya","discharge_cms":44.991,"strahler_order":5,"channel_class":"perennial","in_headwater_formation":1},"geometry":{"type":"LineString","coordinates":[[71.45625,37.18125],[71.46042,37.18542]]}},{"type":"Feature","properties":{"hyriv_id":40371215,"system_id":"amu_darya","discharge_cms":45.054,"strahler_order":4,"channel_class":"perennial","in_headwater_formation":0},"geometry":{"type":"LineString","coordinates":[[68.55208,39.33958],[68.55625,39.34375]]}},{"type":"Feature","properties":{"hyriv_id":40321448,"system_id":"syr_darya","discharge_cms":45.081,"strahler_order":4,"channel_class":"perennial","in_headwater_formation":0},"geometry":{"type":"LineString","coordinates":[[69.31042,40.97292],[69.29375,40.98958],[69.26875,40.99792]]}},{"type":"Feature","properties":{"hyriv_id":40435921,"system_id":"amu_darya","discharge_cms":45.141,"strahler_order":5,"channel_class":"perennial","in_headwater_formation":1},"geometry":{"type":"LineString","coordinates":[[71.46042,37.18542],[71.46458,37.19375],[71.45625,37.21042]]}},{"type":"Feature","properties":{"hyriv_id":40288208,"system_id":"syr_darya","discharge_cms":45.219,"strahler_order":4,"channel_class":"perennial","in_headwater_formation":1},"geometry":{"type":"LineString","coordinates":[[74.15208,42.06458],[74.15625,42.05208]]}},{"type":"Feature","properties":{"hyriv_id":40435126,"system_id":"amu_darya","discharge_cms":45.465,"strahler_order":5,"channel_class":"perennial","in_headwater_formation":1},"geometry":{"type":"LineString","coordinates":[[71.45625,37.21042],[71.46875,37.22708],[71.48125,37.23125]]}},{"type":"Feature","properties":{"hyriv_id":40292937,"system_id":"syr_darya","discharge_cms":45.471,"strahler_order":4,"channel_class":"perennial","in_headwater_formation":0},"geometry":{"type":"LineString","coordinates":[[70.36875,41.90625],[70.36875,41.90208]]}},{"type":"Feature","properties":{"hyriv_id":40364844,"system_id":"amu_darya","discharge_cms":45.505,"strahler_order":4,"channel_class":"perennial","in_headwater_formation":1},"geometry":{"type":"LineString","coordinates":[[72.49375,39.57292],[72.48542,39.56458]]}},{"type":"Feature","properties":{"hyriv_id":40399987,"system_id":"amu_darya","discharge_cms":45.542,"strahler_order":4,"channel_class":"perennial","in_headwater_formation":1},"geometry":{"type":"LineString","coordinates":[[71.50208,38.38958],[71.46042,38.36875]]}},{"type":"Feature","properties":{"hyriv_id":40321447,"system_id":"syr_darya","discharge_cms":45.582,"strahler_order":4,"channel_class":"perennial","in_headwater_formation":0},"geometry":{"type":"LineString","coordinates":[[69.26875,40.99792],[69.25625,40.99375],[69.23125,40.99792],[69.20208,40.98542],[69.18958,40.97292]]}},{"type":"Feature","properties":{"hyriv_id":40371089,"system_id":"amu_darya","discharge_cms":45.598,"strahler_order":4,"channel_class":"perennial","in_headwater_formation":0},"geometry":{"type":"LineString","coordinates":[[68.55625,39.34375],[68.55625,39.36042],[68.56458,39.37292]]}},{"type":"Feature","properties":{"hyriv_id":40410594,"system_id":"amu_darya","discharge_cms":45.607,"strahler_order":5,"channel_class":"perennial","in_headwater_formation":0},"geometry":{"type":"LineString","coordinates":[[67.86875,38.04375],[67.84792,38.01458],[67.84792,38.00208]]}},{"type":"Feature","properties":{"hyriv_id":40321583,"system_id":"syr_darya","discharge_cms":45.708,"strahler_order":4,"channel_class":"perennial","in_headwater_formation":0},"geometry":{"type":"LineString","coordinates":[[69.18958,40.97292],[69.17292,40.96875]]}},{"type":"Feature","properties":{"hyriv_id":40406214,"system_id":"amu_darya","discharge_cms":45.71,"strahler_order":4,"channel_class":"perennial","in_headwater_formation":1},"geometry":{"type":"LineString","coordinates":[[69.63542,38.16458],[69.63125,38.15208],[69.61875,38.14792]]}},{"type":"Feature","properties":{"hyriv_id":40409332,"system_id":"amu_darya","discharge_cms":45.752,"strahler_order":5,"channel_class":"perennial","in_headwater_formation":0},"geometry":{"type":"LineString","coordinates":[[67.86875,38.05625],[67.86875,38.04375]]}},{"type":"Feature","properties":{"hyriv_id":40321835,"system_id":"syr_darya","discharge_cms":45.817,"strahler_order":4,"channel_class":"perennial","in_headwater_formation":0},"geometry":{"type":"LineString","coordinates":[[69.17292,40.96875],[69.15208,40.96042]]}},{"type":"Feature","properties":{"hyriv_id":40386271,"system_id":"amu_darya","discharge_cms":45.892,"strahler_order":4,"channel_class":"perennial","in_headwater_formation":1},"geometry":{"type":"LineString","coordinates":[[71.29375,38.82708],[71.27292,38.82292]]}},{"type":"Feature","properties":{"hyriv_id":40400126,"system_id":"amu_darya","discharge_cms":45.898,"strahler_order":4,"channel_class":"perennial","in_headwater_formation":1},"geometry":{"type":"LineString","coordinates":[[71.46042,38.36875],[71.45625,38.36458]]}},{"type":"Feature","properties":{"hyriv_id":40406659,"system_id":"amu_darya","discharge_cms":46.022,"strahler_order":4,"channel_class":"perennial","in_headwater_formation":1},"geometry":{"type":"LineString","coordinates":[[69.61875,38.14792],[69.60625,38.13125]]}},{"type":"Feature","properties":{"hyriv_id":40406788,"system_id":"amu_darya","discharge_cms":46.15,"strahler_order":4,"channel_class":"perennial","in_headwater_formation":1},"geometry":{"type":"LineString","coordinates":[[69.60625,38.13125],[69.60625,38.12708]]}},{"type":"Feature","properties":{"hyriv_id":40407306,"system_id":"amu_darya","discharge_cms":46.343,"strahler_order":4,"channel_class":"perennial","in_headwater_formation":1},"geometry":{"type":"LineString","coordinates":[[69.60625,38.12708],[69.60625,38.11042]]}},{"type":"Feature","properties":{"hyriv_id":40323226,"system_id":"syr_darya","discharge_cms":46.347,"strahler_order":4,"channel_class":"perennial","in_headwater_formation":0},"geometry":{"type":"LineString","coordinates":[[69.15208,40.96042],[69.12708,40.95208],[69.08125,40.91458]]}},{"type":"Feature","properties":{"hyriv_id":40401306,"system_id":"amu_darya","discharge_cms":46.409,"strahler_order":5,"channel_class":"perennial","in_headwater_formation":1},"geometry":{"type":"LineString","coordinates":[[72.46458,38.32708],[72.45625,38.32292]]}},{"type":"Feature","properties":{"hyriv_id":40386546,"system_id":"amu_darya","discharge_cms":46.474,"strahler_order":4,"channel_class":"perennial","in_headwater_formation":1},"geometry":{"type":"LineString","coordinates":[[71.27292,38.82292],[71.25625,38.81458]]}},{"type":"Feature","properties":{"hyriv_id":40370274,"system_id":"amu_darya","discharge_cms":46.495,"strahler_order":4,"channel_class":"perennial","in_headwater_formation":0},"geometry":{"type":"LineString","coordinates":[[68.56458,39.37292],[68.55208,39.38542]]}},{"type":"Feature","properties":{"hyriv_id":40323759,"system_id":"syr_darya","discharge_cms":46.612,"strahler_order":4,"channel_class":"perennial","in_headwater_formation":0},"geometry":{"type":"LineString","coordinates":[[69.08125,40.91458],[69.07292,40.91458],[69.05208,40.89792]]}},{"type":"Feature","properties":{"hyriv_id":40364843,"system_id":"amu_darya","discharge_cms":46.786,"strahler_order":4,"channel_class":"perennial","in_headwater_formation":1},"geometry":{"type":"LineString","coordinates":[[72.48542,39.56458],[72.45625,39.56875]]}},{"type":"Feature","properties":{"hyriv_id":40386807,"system_id":"amu_darya","discharge_cms":46.793,"strahler_order":4,"channel_class":"perennial","in_headwater_formation":1},"geometry":{"type":"LineString","coordinates":[[71.25625,38.81458],[71.24375,38.80625]]}},{"type":"Feature","properties":{"hyriv_id":40293416,"system_id":"syr_darya","discharge_cms":46.794,"strahler_order":4,"channel_class":"perennial","in_headwater_formation":0},"geometry":{"type":"LineString","coordinates":[[70.36875,41.90208],[70.34792,41.88542]]}},{"type":"Feature","properties":{"hyriv_id":40434532,"system_id":"amu_darya","discharge_cms":46.876,"strahler_order":5,"channel_class":"perennial","in_headwater_formation":1},"geometry":{"type":"LineString","coordinates":[[71.48125,37.23125],[71.48125,37.23958]]}},{"type":"Feature","properties":{"hyriv_id":40325036,"system_id":"syr_darya","discharge_cms":46.989,"strahler_order":4,"channel_class":"perennial","in_headwater_formation":0},"geometry":{"type":"LineString","coordinates":[[69.05208,40.89792],[69.02708,40.88542],[69.00625,40.86458],[68.98958,40.86042],[68.96458,40.86458]]}},{"type":"Feature","properties":{"hyriv_id":40434246,"system_id":"amu_darya","discharge_cms":46.997,"strahler_order":5,"channel_class":"perennial","in_headwater_formation":1},"geometry":{"type":"LineString","coordinates":[[71.48125,37.23958],[71.48958,37.26458]]}},{"type":"Feature","properties":{"hyriv_id":40411517,"system_id":"amu_darya","discharge_cms":47.006,"strahler_order":5,"channel_class":"perennial","in_headwater_formation":0},"geometry":{"type":"LineString","coordinates":[[67.84792,38.00208],[67.82708,37.97292]]}},{"type":"Feature","properties":{"hyriv_id":40400252,"system_id":"amu_darya","discharge_cms":47.024,"strahler_order":4,"channel_class":"perennial","in_headwater_formation":1},"geometry":{"type":"LineString","coordinates":[[71.45625,38.36458],[71.45208,38.36042]]}},{"type":"Feature","properties":{"hyriv_id":40433458,"system_id":"amu_darya","discharge_cms":47.165,"strahler_order":5,"channel_class":"perennial","in_headwater_formation":1},"geometry":{"type":"LineString","coordinates":[[71.48958,37.26458],[71.49375,37.29792]]}},{"type":"Feature","properties":{"hyriv_id":40293696,"system_id":"syr_darya","discharge_cms":47.32,"strahler_order":4,"channel_class":"perennial","in_headwater_formation":0},"geometry":{"type":"LineString","coordinates":[[70.34792,41.88542],[70.33958,41.87708]]}},{"type":"Feature","properties":{"hyriv_id":40325419,"system_id":"syr_darya","discharge_cms":47.327,"strahler_order":5,"channel_class":"perennial","in_headwater_formation":1},"geometry":{"type":"LineString","coordinates":[[72.86458,40.84792],[72.85208,40.86042]]}},{"type":"Feature","properties":{"hyriv_id":40364704,"system_id":"amu_darya","discharge_cms":47.384,"strahler_order":4,"channel_class":"perennial","in_headwater_formation":1},"geometry":{"type":"LineString","coordinates":[[72.45625,39.56875],[72.44792,39.56875]]}},{"type":"Feature","properties":{"hyriv_id":40326049,"system_id":"syr_darya","discharge_cms":47.431,"strahler_order":5,"channel_class":"perennial","in_headwater_formation":1},"geometry":{"type":"LineString","coordinates":[[72.91458,40.82708],[72.87708,40.84792],[72.86458,40.84792]]}},{"type":"Feature","properties":{"hyriv_id":40432388,"system_id":"amu_darya","discharge_cms":47.469,"strahler_order":5,"channel_class":"perennial","in_headwater_formation":1},"geometry":{"type":"LineString","coordinates":[[71.49375,37.29792],[71.49792,37.30208]]}},{"type":"Feature","properties":{"hyriv_id":40400479,"system_id":"amu_darya","discharge_cms":47.511,"strahler_order":4,"channel_class":"perennial","in_headwater_formation":1},"geometry":{"type":"LineString","coordinates":[[71.45208,38.36042],[71.43542,38.36042],[71.42708,38.35208]]}},{"type":"Feature","properties":{"hyriv_id":40288603,"system_id":"syr_darya","discharge_cms":47.518,"strahler_order":4,"channel_class":"perennial","in_headwater_formation":1},"geometry":{"type":"LineString","coordinates":[[74.15625,42.05208],[74.16042,42.03958]]}},{"type":"Feature","properties":{"hyriv_id":40408691,"system_id":"amu_darya","discharge_cms":47.599,"strahler_order":4,"channel_class":"perennial","in_headwater_formation":1},"geometry":{"type":"LineString","coordinates":[[69.60625,38.11042],[69.60625,38.08958],[69.59375,38.07292],[69.60208,38.06458]]}},{"type":"Feature","properties":{"hyriv_id":40387321,"system_id":"amu_darya","discharge_cms":47.698,"strahler_order":4,"channel_class":"perennial","in_headwater_formation":1},"geometry":{"type":"LineString","coordinates":[[71.24375,38.80625],[71.23542,38.80625],[71.21875,38.78958]]}},{"type":"Feature","properties":{"hyriv_id":40288721,"system_id":"syr_darya","discharge_cms":47.709,"strahler_order":4,"channel_class":"perennial","in_headwater_formation":1},"geometry":{"type":"LineString","coordinates":[[74.16042,42.03958],[74.16458,42.03542]]}},{"type":"Feature","properties":{"hyriv_id":40251613,"system_id":"syr_darya","discharge_cms":47.711,"strahler_order":5,"channel_class":"perennial","in_headwater_formation":0},"geometry":{"type":"LineString","coordinates":[[68.09792,43.12708],[68.06458,43.13125],[68.03958,43.15625]]}},{"type":"Feature","properties":{"hyriv_id":40250585,"system_id":"syr_darya","discharge_cms":47.854,"strahler_order":5,"channel_class":"perennial","in_headwater_formation":0},"geometry":{"type":"LineString","coordinates":[[68.03958,43.15625],[68.01458,43.15625],[67.98958,43.16458]]}},{"type":"Feature","properties":{"hyriv_id":40327803,"system_id":"syr_darya","discharge_cms":47.937,"strahler_order":5,"channel_class":"perennial","in_headwater_formation":1},"geometry":{"type":"LineString","coordinates":[[73.06458,40.76875],[73.04792,40.77708],[72.98958,40.78542],[72.95208,40.81042],[72.93542,40.81458],[72.91875,40.83125],[72.91458,40.82708]]}},{"type":"Feature","properties":{"hyriv_id":40432244,"system_id":"amu_darya","discharge_cms":47.942,"strahler_order":5,"channel_class":"perennial","in_headwater_formation":1},"geometry":{"type":"LineString","coordinates":[[71.49792,37.30208],[71.50625,37.31042],[71.50208,37.31875]]}},{"type":"Feature","properties":{"hyriv_id":40400949,"system_id":"amu_darya","discharge_cms":47.95,"strahler_order":4,"channel_class":"perennial","in_headwater_formation":1},"geometry":{"type":"LineString","coordinates":[[71.42708,38.35208],[71.41042,38.33542]]}},{"type":"Feature","properties":{"hyriv_id":40409738,"system_id":"amu_darya","discharge_cms":48.104,"strahler_order":4,"channel_class":"perennial","in_headwater_formation":1},"geometry":{"type":"LineString","coordinates":[[69.60208,38.06458],[69.59792,38.03125]]}},{"type":"Feature","properties":{"hyriv_id":40387645,"system_id":"amu_darya","discharge_cms":48.14,"strahler_order":4,"channel_class":"perennial","in_headwater_formation":1},"geometry":{"type":"LineString","coordinates":[[71.21875,38.78958],[71.20625,38.77708]]}},{"type":"Feature","properties":{"hyriv_id":40431657,"system_id":"amu_darya","discharge_cms":48.164,"strahler_order":5,"channel_class":"perennial","in_headwater_formation":1},"geometry":{"type":"LineString","coordinates":[[71.50208,37.31875],[71.48958,37.33542]]}},{"type":"Feature","properties":{"hyriv_id":40409875,"system_id":"amu_darya","discharge_cms":48.302,"strahler_order":4,"channel_class":"perennial","in_headwater_formation":1},"geometry":{"type":"LineString","coordinates":[[69.59792,38.03125],[69.59375,38.02708]]}},{"type":"Feature","properties":{"hyriv_id":40289810,"system_id":"syr_darya","discharge_cms":48.369,"strahler_order":4,"channel_class":"perennial","in_headwater_formation":1},"geometry":{"type":"LineString","coordinates":[[74.16458,42.03542],[74.17708,42.01042],[74.17292,41.99792]]}},{"type":"Feature","properties":{"hyriv_id":40294852,"system_id":"syr_darya","discharge_cms":48.383,"strahler_order":4,"channel_class":"perennial","in_headwater_formation":0},"geometry":{"type":"LineString","coordinates":[[70.33958,41.87708],[70.29792,41.83958]]}},{"type":"Feature","properties":{"hyriv_id":40364842,"system_id":"amu_darya","discharge_cms":48.403,"strahler_order":4,"channel_class":"perennial","in_headwater_formation":1},"geometry":{"type":"LineString","coordinates":[[72.44792,39.56875],[72.43125,39.56458]]}},{"type":"Feature","properties":{"hyriv_id":40401181,"system_id":"amu_darya","discharge_cms":48.569,"strahler_order":4,"channel_class":"perennial","in_headwater_formation":1},"geometry":{"type":"LineString","coordinates":[[71.41042,38.33542],[71.40625,38.32708]]}},{"type":"Feature","properties":{"hyriv_id":40389370,"system_id":"amu_darya","discharge_cms":48.775,"strahler_order":4,"channel_class":"perennial","in_headwater_formation":0},"geometry":{"type":"LineString","coordinates":[[69.32292,38.72708],[69.31875,38.71875]]}},{"type":"Feature","properties":{"hyriv_id":40401530,"system_id":"amu_darya","discharge_cms":48.85,"strahler_order":4,"channel_class":"perennial","in_headwater_formation":1},"geometry":{"type":"LineString","coordinates":[[71.40625,38.32708],[71.39375,38.31458]]}},{"type":"Feature","properties":{"hyriv_id":40290854,"system_id":"syr_darya","discharge_cms":48.902,"strahler_order":4,"channel_class":"perennial","in_headwater_formation":1},"geometry":{"type":"LineString","coordinates":[[74.17292,41.99792],[74.15625,41.98542],[74.16875,41.97292],[74.16458,41.96875],[74.16875,41.96458]]}},{"type":"Feature","properties":{"hyriv_id":40291234,"system_id":"syr_darya","discharge_cms":49.069,"strahler_order":4,"channel_class":"perennial","in_headwater_formation":1},"geometry":{"type":"LineString","coordinates":[[74.16875,41.96458],[74.16458,41.95208]]}},{"type":"Feature","properties":{"hyriv_id":40389637,"system_id":"amu_darya","discharge_cms":49.103,"strahler_order":4,"channel_class":"perennial","in_headwater_formation":0},"geometry":{"type":"LineString","coordinates":[[69.31875,38.71875],[69.30208,38.71042]]}},{"type":"Feature","properties":{"hyriv_id":40369567,"system_id":"amu_darya","discharge_cms":49.127,"strahler_order":3,"channel_class":"perennial","in_headwater_formation":0},"geometry":{"type":"LineString","coordinates":[[69.00208,39.39792],[68.99375,39.40208],[68.97292,39.39792],[68.92708,39.41042]]}},{"type":"Feature","properties":{"hyriv_id":40291774,"system_id":"syr_darya","discharge_cms":49.225,"strahler_order":4,"channel_class":"perennial","in_headwater_formation":1},"geometry":{"type":"LineString","coordinates":[[74.16458,41.95208],[74.15625,41.93542]]}},{"type":"Feature","properties":{"hyriv_id":40327804,"system_id":"syr_darya","discharge_cms":49.42,"strahler_order":5,"channel_class":"perennial","in_headwater_formation":1},"geometry":{"type":"LineString","coordinates":[[73.07708,40.77292],[73.06458,40.76875]]}},{"type":"Feature","properties":{"hyriv_id":40410233,"system_id":"amu_darya","discharge_cms":49.466,"strahler_order":4,"channel_class":"perennial","in_headwater_formation":1},"geometry":{"type":"LineString","coordinates":[[69.59375,38.02708],[69.58958,38.01458]]}},{"type":"Feature","properties":{"hyriv_id":40294995,"system_id":"syr_darya","discharge_cms":49.482,"strahler_order":4,"channel_class":"perennial","in_headwater_formation":0},"geometry":{"type":"LineString","coordinates":[[70.29792,41.83958],[70.29375,41.83542]]}},{"type":"Feature","properties":{"hyriv_id":40412587,"system_id":"amu_darya","discharge_cms":49.516,"strahler_order":5,"channel_class":"perennial","in_headwater_formation":0},"geometry":{"type":"LineString","coordinates":[[67.80625,37.95208],[67.77708,37.93542],[67.76042,37.93958]]}},{"type":"Feature","properties":{"hyriv_id":40412710,"system_id":"amu_darya","discharge_cms":49.518,"strahler_order":5,"channel_class":"perennial","in_headwater_formation":0},"geometry":{"type":"LineString","coordinates":[[67.76042,37.93958],[67.75208,37.93125]]}},{"type":"Feature","properties":{"hyriv_id":40364841,"system_id":"amu_darya","discharge_cms":49.557,"strahler_order":4,"channel_class":"perennial","in_headwater_formation":1},"geometry":{"type":"LineString","coordinates":[[72.43125,39.56458],[72.42292,39.56458]]}},{"type":"Feature","properties":{"hyriv_id":40411860,"system_id":"amu_darya","discharge_cms":49.662,"strahler_order":5,"channel_class":"perennial","in_headwater_formation":0},"geometry":{"type":"LineString","coordinates":[[67.82708,37.97292],[67.81875,37.96042]]}},{"type":"Feature","properties":{"hyriv_id":40369295,"system_id":"amu_darya","discharge_cms":49.664,"strahler_order":3,"channel_class":"perennial","in_headwater_formation":0},"geometry":{"type":"LineString","coordinates":[[68.92708,39.41042],[68.91875,39.40625]]}},{"type":"Feature","properties":{"hyriv_id":40412111,"system_id":"amu_darya","discharge_cms":49.672,"strahler_order":5,"channel_class":"perennial","in_headwater_formation":0},"geometry":{"type":"LineString","coordinates":[[67.81875,37.96042],[67.80625,37.95208]]}},{"type":"Feature","properties":{"hyriv_id":40402139,"system_id":"amu_darya","discharge_cms":49.798,"strahler_order":4,"channel_class":"perennial","in_headwater_formation":1},"geometry":{"type":"LineString","coordinates":[[71.39375,38.31458],[71.37708,38.29375],[71.34792,38.29792]]}},{"type":"Feature","properties":{"hyriv_id":40291932,"system_id":"syr_darya","discharge_cms":49.969,"strahler_order":4,"channel_class":"perennial","in_headwater_formation":1},"geometry":{"type":"LineString","coordinates":[[74.15625,41.93542],[74.15625,41.93125]]}},{"type":"Feature","properties":{"hyriv_id":40475390,"system_id":"amu_darya","discharge_cms":50.072,"strahler_order":5,"channel_class":"perennial","in_headwater_formation":1},"geometry":{"type":"LineString","coordinates":[[70.71875,36.03125],[70.73542,36.09375]]}},{"type":"Feature","properties":{"hyriv_id":40299924,"system_id":"syr_darya","discharge_cms":50.079,"strahler_order":5,"channel_class":"perennial","in_headwater_formation":0},"geometry":{"type":"LineString","coordinates":[[70.88125,41.68542],[70.87708,41.68125]]}},{"type":"Feature","properties":{"hyriv_id":40402025,"system_id":"amu_darya","discharge_cms":50.125,"strahler_order":4,"channel_class":"perennial","in_headwater_formation":1},"geometry":{"type":"LineString","coordinates":[[71.34792,38.29792],[71.33125,38.30208]]}},{"type":"Feature","properties":{"hyriv_id":40412946,"system_id":"amu_darya","discharge_cms":50.325,"strahler_order":5,"channel_class":"perennial","in_headwater_formation":0},"geometry":{"type":"LineString","coordinates":[[67.75208,37.93125],[67.73542,37.93125],[67.72292,37.92292]]}},{"type":"Feature","properties":{"hyriv_id":40412945,"system_id":"amu_darya","discharge_cms":50.331,"strahler_order":5,"channel_class":"perennial","in_headwater_formation":0},"geometry":{"type":"LineString","coordinates":[[67.72292,37.92292],[67.71875,37.92292]]}},{"type":"Feature","properties":{"hyriv_id":40473143,"system_id":"amu_darya","discharge_cms":50.407,"strahler_order":5,"channel_class":"perennial","in_headwater_formation":1},"geometry":{"type":"LineString","coordinates":[[70.73542,36.09375],[70.76042,36.12292]]}},{"type":"Feature","properties":{"hyriv_id":40369566,"system_id":"amu_darya","discharge_cms":50.451,"strahler_order":3,"channel_class":"perennial","in_headwater_formation":0},"geometry":{"type":"LineString","coordinates":[[68.91875,39.40625],[68.88958,39.39792]]}},{"type":"Feature","properties":{"hyriv_id":40300042,"system_id":"syr_darya","discharge_cms":50.619,"strahler_order":5,"channel_class":"perennial","in_headwater_formation":0},"geometry":{"type":"LineString","coordinates":[[70.87708,41.68125],[70.86875,41.67708]]}},{"type":"Feature","properties":{"hyriv_id":40305664,"system_id":"syr_darya","discharge_cms":50.657,"strahler_order":5,"channel_class":"perennial","in_headwater_formation":1},"geometry":{"type":"LineString","coordinates":[[76.42292,41.49792],[76.40208,41.49375],[76.38542,41.50208],[76.37292,41.48958]]}},{"type":"Feature","properties":{"hyriv_id":40413727,"system_id":"amu_darya","discharge_cms":50.793,"strahler_order":5,"channel_class":"perennial","in_headwater_formation":0},"geometry":{"type":"LineString","coordinates":[[67.69375,37.91042],[67.67708,37.89792]]}},{"type":"Feature","properties":{"hyriv_id":40413363,"system_id":"amu_darya","discharge_cms":50.81,"strahler_order":5,"channel_class":"perennial","in_headwater_formation":0},"geometry":{"type":"LineString","coordinates":[[67.71875,37.92292],[67.69375,37.91042]]}},{"type":"Feature","properties":{"hyriv_id":40431097,"system_id":"amu_darya","discharge_cms":50.833,"strahler_order":5,"channel_class":"perennial","in_headwater_formation":1},"geometry":{"type":"LineString","coordinates":[[71.48958,37.33542],[71.49375,37.36042]]}},{"type":"Feature","properties":{"hyriv_id":40472143,"system_id":"amu_darya","discharge_cms":50.901,"strahler_order":5,"channel_class":"perennial","in_headwater_formation":1},"geometry":{"type":"LineString","coordinates":[[70.76042,36.12292],[70.76875,36.13125],[70.77708,36.16875]]}},{"type":"Feature","properties":{"hyriv_id":40415870,"system_id":"amu_darya","discharge_cms":50.902,"strahler_order":5,"channel_class":"perennial","in_headwater_formation":0},"geometry":{"type":"LineString","coordinates":[[67.63542,37.82708],[67.61875,37.82292]]}},{"type":"Feature","properties":{"hyriv_id":40305786,"system_id":"syr_darya","discharge_cms":50.921,"strahler_order":5,"channel_class":"perennial","in_headwater_formation":1},"geometry":{"type":"LineString","coordinates":[[76.37292,41.48958],[76.36458,41.48542]]}},{"type":"Feature","properties":{"hyriv_id":40292216,"system_id":"syr_darya","discharge_cms":50.935,"strahler_order":4,"channel_class":"perennial","in_headwater_formation":1},"geometry":{"type":"LineString","coordinates":[[74.15625,41.93125],[74.16042,41.92292],[74.17708,41.92292]]}},{"type":"Feature","properties":{"hyriv_id":40415615,"system_id":"amu_darya","discharge_cms":50.942,"strahler_order":5,"channel_class":"perennial","in_headwater_formation":0},"geometry":{"type":"LineString","coordinates":[[67.66875,37.84792],[67.65625,37.83125],[67.63958,37.83125]]}},{"type":"Feature","properties":{"hyriv_id":40430269,"system_id":"amu_darya","discharge_cms":50.958,"strahler_order":5,"channel_class":"perennial","in_headwater_formation":1},"geometry":{"type":"LineString","coordinates":[[71.49375,37.36042],[71.49375,37.36875]]}},{"type":"Feature","properties":{"hyriv_id":40415756,"system_id":"amu_darya","discharge_cms":50.969,"strahler_order":5,"channel_class":"perennial","in_headwater_formation":0},"geometry":{"type":"LineString","coordinates":[[67.63958,37.83125],[67.63542,37.82708]]}},{"type":"Feature","properties":{"hyriv_id":40415137,"system_id":"amu_darya","discharge_cms":51.024,"strahler_order":5,"channel_class":"perennial","in_headwater_formation":0},"geometry":{"type":"LineString","coordinates":[[67.67708,37.89792],[67.66042,37.88542],[67.66875,37.84792]]}},{"type":"Feature","properties":{"hyriv_id":40295516,"system_id":"syr_darya","discharge_cms":51.094,"strahler_order":4,"channel_class":"perennial","in_headwater_formation":0},"geometry":{"type":"LineString","coordinates":[[70.29375,41.83542],[70.26042,41.81875]]}},{"type":"Feature","properties":{"hyriv_id":40364839,"system_id":"amu_darya","discharge_cms":51.174,"strahler_order":4,"channel_class":"perennial","in_headwater_formation":1},"geometry":{"type":"LineString","coordinates":[[72.42292,39.56458],[72.39375,39.56875]]}},{"type":"Feature","properties":{"hyriv_id":40429991,"system_id":"amu_darya","discharge_cms":51.183,"strahler_order":5,"channel_class":"perennial","in_headwater_formation":1},"geometry":{"type":"LineString","coordinates":[[71.49375,37.36875],[71.49375,37.37708],[71.47708,37.38958],[71.47708,37.40208]]}},{"type":"Feature","properties":{"hyriv_id":40369564,"system_id":"amu_darya","discharge_cms":51.189,"strahler_order":3,"channel_class":"perennial","in_headwater_formation":0},"geometry":{"type":"LineString","coordinates":[[68.88958,39.39792],[68.86458,39.39792]]}},{"type":"Feature","properties":{"hyriv_id":40428970,"system_id":"amu_darya","discharge_cms":51.316,"strahler_order":5,"channel_class":"perennial","in_headwater_formation":1},"geometry":{"type":"LineString","coordinates":[[71.47708,37.40208],[71.49375,37.40625]]}},{"type":"Feature","properties":{"hyriv_id":40292348,"system_id":"syr_darya","discharge_cms":51.344,"strahler_order":4,"channel_class":"perennial","in_headwater_formation":1},"geometry":{"type":"LineString","coordinates":[[74.17708,41.92292],[74.21875,41.91875]]}},{"type":"Feature","properties":{"hyriv_id":40364838,"system_id":"amu_darya","discharge_cms":51.37,"strahler_order":4,"channel_class":"perennial","in_headwater_formation":1},"geometry":{"type":"LineString","coordinates":[[72.39375,39.56875],[72.38958,39.56458]]}},{"type":"Feature","properties":{"hyriv_id":40300041,"system_id":"syr_darya","discharge_cms":51.404,"strahler_order":5,"channel_class":"perennial","in_headwater_formation":0},"geometry":{"type":"LineString","coordinates":[[70.86875,41.67708],[70.86458,41.68125],[70.83125,41.67708]]}},{"type":"Feature","properties":{"hyriv_id":40389889,"system_id":"amu_darya","discharge_cms":51.439,"strahler_order":4,"channel_class":"perennial","in_headwater_formation":0},"geometry":{"type":"LineString","coordinates":[[69.30208,38.71042],[69.26875,38.70208]]}},{"type":"Feature","properties":{"hyriv_id":40417209,"system_id":"amu_darya","discharge_cms":51.493,"strahler_order":5,"channel_class":"perennial","in_headwater_formation":0},"geometry":{"type":"LineString","coordinates":[[67.61042,37.79375],[67.60625,37.78958],[67.59792,37.79792],[67.59375,37.79375],[67.59792,37.78542],[67.59375,37.77708]]}},{"type":"Feature","properties":{"hyriv_id":40470603,"system_id":"amu_darya","discharge_cms":51.592,"strahler_order":5,"channel_class":"perennial","in_headwater_formation":1},"geometry":{"type":"LineString","coordinates":[[70.77708,36.16875],[70.79792,36.21875]]}},{"type":"Feature","properties":{"hyriv_id":40250308,"system_id":"syr_darya","discharge_cms":51.598,"strahler_order":5,"channel_class":"perennial","in_headwater_formation":0},"geometry":{"type":"LineString","coordinates":[[67.98958,43.16458],[67.95625,43.18125],[67.93958,43.18125],[67.92708,43.19375]]}},{"type":"Feature","properties":{"hyriv_id":40292668,"system_id":"syr_darya","discharge_cms":51.608,"strahler_order":4,"channel_class":"perennial","in_headwater_formation":1},"geometry":{"type":"LineString","coordinates":[[74.21875,41.91875],[74.24792,41.91042],[74.25208,41.91458]]}},{"type":"Feature","properties":{"hyriv_id":40416720,"system_id":"amu_darya","discharge_cms":51.634,"strahler_order":5,"channel_class":"perennial","in_headwater_formation":0},"geometry":{"type":"LineString","coordinates":[[67.61875,37.82292],[67.61042,37.79375]]}},{"type":"Feature","properties":{"hyriv_id":40390002,"system_id":"amu_darya","discharge_cms":51.652,"strahler_order":4,"channel_class":"perennial","in_headwater_formation":0},"geometry":{"type":"LineString","coordinates":[[69.26875,38.70208],[69.26458,38.69792]]}},{"type":"Feature","properties":{"hyriv_id":40295890,"system_id":"syr_darya","discharge_cms":51.765,"strahler_order":4,"channel_class":"perennial","in_headwater_formation":0},"geometry":{"type":"LineString","coordinates":[[70.26042,41.81875],[70.24792,41.80625]]}},{"type":"Feature","properties":{"hyriv_id":40300158,"system_id":"syr_darya","discharge_cms":51.779,"strahler_order":5,"channel_class":"perennial","in_headwater_formation":0},"geometry":{"type":"LineString","coordinates":[[70.83125,41.67708],[70.81875,41.67292]]}},{"type":"Feature","properties":{"hyriv_id":40468891,"system_id":"amu_darya","discharge_cms":51.814,"strahler_order":5,"channel_class":"perennial","in_headwater_formation":1},"geometry":{"type":"LineString","coordinates":[[70.79792,36.21875],[70.80208,36.25208]]}},{"type":"Feature","properties":{"hyriv_id":40428826,"system_id":"amu_darya","discharge_cms":51.823,"strahler_order":5,"channel_class":"perennial","in_headwater_formation":1},"geometry":{"type":"LineString","coordinates":[[71.49375,37.40625],[71.50208,37.44792],[71.52292,37.46875],[71.52708,37.48125],[71.52292,37.48958]]}},{"type":"Feature","properties":{"hyriv_id":40412116,"system_id":"amu_darya","discharge_cms":51.833,"strahler_order":4,"channel_class":"perennial","in_headwater_formation":1},"geometry":{"type":"LineString","coordinates":[[69.58958,38.01458],[69.59375,37.99792],[69.58958,37.97708],[69.57708,37.96042],[69.58125,37.95208]]}},{"type":"Feature","properties":{"hyriv_id":40417581,"system_id":"amu_darya","discharge_cms":51.856,"strahler_order":5,"channel_class":"perennial","in_headwater_formation":0},"geometry":{"type":"LineString","coordinates":[[67.57292,37.76875],[67.56458,37.76458]]}},{"type":"Feature","properties":{"hyriv_id":40292947,"system_id":"syr_darya","discharge_cms":51.858,"strahler_order":4,"channel_class":"perennial","in_headwater_formation":1},"geometry":{"type":"LineString","coordinates":[[74.25208,41.91458],[74.26875,41.91458],[74.28958,41.90208]]}},{"type":"Feature","properties":{"hyriv_id":40306133,"system_id":"syr_darya","discharge_cms":51.867,"strahler_order":5,"channel_class":"perennial","in_headwater_formation":1},"geometry":{"type":"LineString","coordinates":[[76.36458,41.48542],[76.35625,41.48125],[76.34375,41.48542],[76.33542,41.47292]]}},{"type":"Feature","properties":{"hyriv_id":40417447,"system_id":"amu_darya","discharge_cms":51.889,"strahler_order":5,"channel_class":"perennial","in_headwater_formation":0},"geometry":{"type":"LineString","coordinates":[[67.59375,37.77708],[67.57292,37.76875]]}},{"type":"Feature","properties":{"hyriv_id":40293063,"system_id":"syr_darya","discharge_cms":51.994,"strahler_order":4,"channel_class":"perennial","in_headwater_formation":1},"geometry":{"type":"LineString","coordinates":[[74.28958,41.90208],[74.30208,41.89792]]}},{"type":"Feature","properties":{"hyriv_id":40293064,"system_id":"syr_darya","discharge_cms":52.104,"strahler_order":4,"channel_class":"perennial","in_headwater_formation":1},"geometry":{"type":"LineString","coordinates":[[74.30208,41.89792],[74.30625,41.90208],[74.31042,41.89792]]}},{"type":"Feature","properties":{"hyriv_id":40415765,"system_id":"amu_darya","discharge_cms":52.118,"strahler_order":5,"channel_class":"perennial","in_headwater_formation":1},"geometry":{"type":"LineString","coordinates":[[69.70625,37.84375],[69.69792,37.83958],[69.69375,37.82708]]}},{"type":"Feature","properties":{"hyriv_id":40370276,"system_id":"amu_darya","discharge_cms":52.131,"strahler_order":3,"channel_class":"perennial","in_headwater_formation":0},"geometry":{"type":"LineString","coordinates":[[68.86458,39.39792],[68.85208,39.39375],[68.83542,39.37292]]}},{"type":"Feature","properties":{"hyriv_id":40416002,"system_id":"amu_darya","discharge_cms":52.258,"strahler_order":5,"channel_class":"perennial","in_headwater_formation":1},"geometry":{"type":"LineString","coordinates":[[69.69375,37.82708],[69.68542,37.81875]]}},{"type":"Feature","properties":{"hyriv_id":40306391,"system_id":"syr_darya","discharge_cms":52.261,"strahler_order":5,"channel_class":"perennial","in_headwater_formation":1},"geometry":{"type":"LineString","coordinates":[[76.33542,41.47292],[76.32292,41.46458]]}},{"type":"Feature","properties":{"hyriv_id":40467716,"system_id":"amu_darya","discharge_cms":52.318,"strahler_order":5,"channel_class":"perennial","in_headwater_formation":1},"geometry":{"type":"LineString","coordinates":[[70.80208,36.25208],[70.80208,36.26875]]}},{"type":"Feature","properties":{"hyriv_id":40294362,"system_id":"syr_darya","discharge_cms":52.359,"strahler_order":4,"channel_class":"perennial","in_headwater_formation":1},"geometry":{"type":"LineString","coordinates":[[74.31042,41.89792],[74.32708,41.88542],[74.33542,41.87292],[74.33125,41.86875],[74.34375,41.85625]]}},{"type":"Feature","properties":{"hyriv_id":40370406,"system_id":"amu_darya","discharge_cms":52.415,"strahler_order":3,"channel_class":"perennial","in_headwater_formation":0},"geometry":{"type":"LineString","coordinates":[[68.83542,39.37292],[68.82708,39.36875]]}},{"type":"Feature","properties":{"hyriv_id":40306527,"system_id":"syr_darya","discharge_cms":52.484,"strahler_order":5,"channel_class":"perennial","in_headwater_formation":1},"geometry":{"type":"LineString","coordinates":[[76.32292,41.46458],[76.31875,41.46042]]}},{"type":"Feature","properties":{"hyriv_id":40412467,"system_id":"amu_darya","discharge_cms":52.494,"strahler_order":4,"channel_class":"perennial","in_headwater_formation":1},"geometry":{"type":"LineString","coordinates":[[69.58125,37.95208],[69.59792,37.93958]]}},{"type":"Feature","properties":{"hyriv_id":40390510,"system_id":"amu_darya","discharge_cms":52.699,"strahler_order":4,"channel_class":"perennial","in_headwater_formation":0},"geometry":{"type":"LineString","coordinates":[[69.26458,38.69792],[69.21875,38.68125]]}},{"type":"Feature","properties":{"hyriv_id":40467185,"system_id":"amu_darya","discharge_cms":52.745,"strahler_order":5,"channel_class":"perennial","in_headwater_formation":1},"geometry":{"type":"LineString","coordinates":[[70.80208,36.26875],[70.79792,36.27708],[70.77292,36.28958]]}},{"type":"Feature","properties":{"hyriv_id":40421212,"system_id":"amu_darya","discharge_cms":52.835,"strahler_order":5,"channel_class":"perennial","in_headwater_formation":0},"geometry":{"type":"LineString","coordinates":[[67.51458,37.68125],[67.49792,37.66042],[67.48958,37.66042],[67.47708,37.64792]]}},{"type":"Feature","properties":{"hyriv_id":40421472,"system_id":"amu_darya","discharge_cms":52.884,"strahler_order":5,"channel_class":"perennial","in_headwater_formation":0},"geometry":{"type":"LineString","coordinates":[[67.47708,37.64792],[67.47708,37.63958]]}},{"type":"Feature","properties":{"hyriv_id":40420146,"system_id":"amu_darya","discharge_cms":52.906,"strahler_order":5,"channel_class":"perennial","in_headwater_formation":0},"geometry":{"type":"LineString","coordinates":[[67.52292,37.69792],[67.51458,37.68125]]}},{"type":"Feature","properties":{"hyriv_id":40435251,"system_id":"amu_darya","discharge_cms":52.912,"strahler_order":5,"channel_class":"perennial","in_headwater_formation":0},"geometry":{"type":"LineString","coordinates":[[67.36042,37.28958],[67.33958,37.26458],[67.33125,37.23542],[67.30625,37.22292],[67.31458,37.20625]]}},{"type":"Feature","properties":{"hyriv_id":40364837,"system_id":"amu_darya","discharge_cms":52.934,"strahler_order":4,"channel_class":"perennial","in_headwater_formation":1},"geometry":{"type":"LineString","coordinates":[[72.38958,39.56458],[72.38542,39.56458]]}},{"type":"Feature","properties":{"hyriv_id":40422090,"system_id":"amu_darya","discharge_cms":52.948,"strahler_order":5,"channel_class":"perennial","in_headwater_formation":0},"geometry":{"type":"LineString","coordinates":[[67.47708,37.63958],[67.46458,37.62708],[67.46875,37.61875]]}},{"type":"Feature","properties":{"hyriv_id":40423262,"system_id":"amu_darya","discharge_cms":52.963,"strahler_order":5,"channel_class":"perennial","in_headwater_formation":0},"geometry":{"type":"LineString","coordinates":[[67.46875,37.61875],[67.46875,37.58125]]}},{"type":"Feature","properties":{"hyriv_id":40432628,"system_id":"amu_darya","discharge_cms":52.974,"strahler_order":5,"channel_class":"perennial","in_headwater_formation":0},"geometry":{"type":"LineString","coordinates":[[67.40625,37.41458],[67.39375,37.39375],[67.39375,37.38125],[67.40625,37.36875],[67.39792,37.35625],[67.39792,37.33958],[67.38958,37.33125],[67.39792,37.31875],[67.36042,37.28958]]}},{"type":"Feature","properties":{"hyriv_id":40419650,"system_id":"amu_darya","discharge_cms":52.976,"strahler_order":5,"channel_class":"perennial","in_headwater_formation":0},"geometry":{"type":"LineString","coordinates":[[67.53958,37.73125],[67.52292,37.71042],[67.52292,37.69792]]}},{"type":"Feature","properties":{"hyriv_id":40300299,"system_id":"syr_darya","discharge_cms":52.985,"strahler_order":5,"channel_class":"perennial","in_headwater_formation":0},"geometry":{"type":"LineString","coordinates":[[70.81875,41.67292],[70.78542,41.66875]]}},{"type":"Feature","properties":{"hyriv_id":40423386,"system_id":"amu_darya","discharge_cms":52.991,"strahler_order":5,"channel_class":"perennial","in_headwater_formation":0},"geometry":{"type":"LineString","coordinates":[[67.46875,37.58125],[67.46458,37.57708]]}},{"type":"Feature","properties":{"hyriv_id":40423672,"system_id":"amu_darya","discharge_cms":52.996,"strahler_order":5,"channel_class":"perennial","in_headwater_formation":0},"geometry":{"type":"LineString","coordinates":[[67.46458,37.57708],[67.46458,37.56875]]}},{"type":"Feature","properties":{"hyriv_id":40424346,"system_id":"amu_darya","discharge_cms":53.006,"strahler_order":5,"channel_class":"perennial","in_headwater_formation":0},"geometry":{"type":"LineString","coordinates":[[67.46458,37.56875],[67.44792,37.54792]]}},{"type":"Feature","properties":{"hyriv_id":40425221,"system_id":"amu_darya","discharge_cms":53.014,"strahler_order":5,"channel_class":"perennial","in_headwater_formation":0},"geometry":{"type":"LineString","coordinates":[[67.44792,37.54792],[67.44375,37.52708],[67.43542,37.51875]]}},{"type":"Feature","properties":{"hyriv_id":40428549,"system_id":"amu_darya","discharge_cms":53.021,"strahler_order":5,"channel_class":"perennial","in_headwater_formation":0},"geometry":{"type":"LineString","coordinates":[[67.43542,37.44792],[67.43542,37.43958],[67.40625,37.41458]]}},{"type":"Feature","properties":{"hyriv_id":40426548,"system_id":"amu_darya","discharge_cms":53.04,"strahler_order":5,"channel_class":"perennial","in_headwater_formation":0},"geometry":{"type":"LineString","coordinates":[[67.43542,37.51875],[67.43125,37.48958],[67.44375,37.47708]]}},{"type":"Feature","properties":{"hyriv_id":40427197,"system_id":"amu_darya","discharge_cms":53.042,"strahler_order":5,"channel_class":"perennial","in_headwater_formation":0},"geometry":{"type":"LineString","coordinates":[[67.44375,37.47708],[67.44792,37.46458],[67.43958,37.45625]]}},{"type":"Feature","properties":{"hyriv_id":40427465,"system_id":"amu_darya","discharge_cms":53.046,"strahler_order":5,"channel_class":"perennial","in_headwater_formation":0},"geometry":{"type":"LineString","coordinates":[[67.43958,37.45625],[67.43542,37.44792]]}},{"type":"Feature","properties":{"hyriv_id":40306644,"system_id":"syr_darya","discharge_cms":53.138,"strahler_order":5,"channel_class":"perennial","in_headwater_formation":1},"geometry":{"type":"LineString","coordinates":[[76.31875,41.46042],[76.29792,41.45625]]}},{"type":"Feature","properties":{"hyriv_id":40418646,"system_id":"amu_darya","discharge_cms":53.14,"strahler_order":5,"channel_class":"perennial","in_headwater_formation":0},"geometry":{"type":"LineString","coordinates":[[67.56458,37.76458],[67.53958,37.73125]]}},{"type":"Feature","properties":{"hyriv_id":40466538,"system_id":"amu_darya","discharge_cms":53.181,"strahler_order":5,"channel_class":"perennial","in_headwater_formation":1},"geometry":{"type":"LineString","coordinates":[[70.77292,36.28958],[70.75208,36.30625]]}},{"type":"Feature","properties":{"hyriv_id":40390893,"system_id":"amu_darya","discharge_cms":53.251,"strahler_order":4,"channel_class":"perennial","in_headwater_formation":0},"geometry":{"type":"LineString","coordinates":[[69.21875,38.68125],[69.19792,38.66875]]}},{"type":"Feature","properties":{"hyriv_id":40465945,"system_id":"amu_darya","discharge_cms":53.32,"strahler_order":5,"channel_class":"perennial","in_headwater_formation":1},"geometry":{"type":"LineString","coordinates":[[70.75208,36.30625],[70.73542,36.32708]]}},{"type":"Feature","properties":{"hyriv_id":40416477,"system_id":"amu_darya","discharge_cms":53.451,"strahler_order":5,"channel_class":"perennial","in_headwater_formation":1},"geometry":{"type":"LineString","coordinates":[[69.68542,37.81875],[69.66875,37.80208],[69.65208,37.80625]]}},{"type":"Feature","properties":{"hyriv_id":40249408,"system_id":"syr_darya","discharge_cms":53.693,"strahler_order":5,"channel_class":"perennial","in_headwater_formation":0},"geometry":{"type":"LineString","coordinates":[[67.92708,43.19375],[67.91875,43.18958],[67.91042,43.19792],[67.91458,43.20625],[67.90208,43.21875]]}},{"type":"Feature","properties":{"hyriv_id":40296575,"system_id":"syr_darya","discharge_cms":53.801,"strahler_order":4,"channel_class":"perennial","in_headwater_formation":0},"geometry":{"type":"LineString","coordinates":[[70.24792,41.80625],[70.23542,41.78958],[70.22292,41.78542]]}},{"type":"Feature","properties":{"hyriv_id":40391268,"system_id":"amu_darya","discharge_cms":53.817,"strahler_order":4,"channel_class":"perennial","in_headwater_formation":0},"geometry":{"type":"LineString","coordinates":[[69.19792,38.66875],[69.18542,38.65625],[69.18125,38.66042]]}},{"type":"Feature","properties":{"hyriv_id":40248428,"system_id":"syr_darya","discharge_cms":53.843,"strahler_order":5,"channel_class":"perennial","in_headwater_formation":0},"geometry":{"type":"LineString","coordinates":[[67.90208,43.21875],[67.88542,43.22292],[67.87292,43.21458]]}},{"type":"Feature","properties":{"hyriv_id":40364963,"system_id":"amu_darya","discharge_cms":54.055,"strahler_order":4,"channel_class":"perennial","in_headwater_formation":1},"geometry":{"type":"LineString","coordinates":[[72.38542,39.56458],[72.35625,39.56042]]}},{"type":"Feature","properties":{"hyriv_id":40306898,"system_id":"syr_darya","discharge_cms":54.34,"strahler_order":5,"channel_class":"perennial","in_headwater_formation":1},"geometry":{"type":"LineString","coordinates":[[76.29792,41.45625],[76.28958,41.44792],[76.26042,41.45625]]}},{"type":"Feature","properties":{"hyriv_id":40296998,"system_id":"syr_darya","discharge_cms":54.468,"strahler_order":4,"channel_class":"perennial","in_headwater_formation":0},"geometry":{"type":"LineString","coordinates":[[70.22292,41.78542],[70.19792,41.77292]]}},{"type":"Feature","properties":{"hyriv_id":40370541,"system_id":"amu_darya","discharge_cms":54.762,"strahler_order":3,"channel_class":"perennial","in_headwater_formation":0},"geometry":{"type":"LineString","coordinates":[[68.82708,39.36875],[68.80625,39.36458],[68.78958,39.37708]]}},{"type":"Feature","properties":{"hyriv_id":40297155,"system_id":"syr_darya","discharge_cms":54.807,"strahler_order":4,"channel_class":"perennial","in_headwater_formation":0},"geometry":{"type":"LineString","coordinates":[[70.19792,41.77292],[70.18958,41.76875]]}},{"type":"Feature","properties":{"hyriv_id":40306642,"system_id":"syr_darya","discharge_cms":55.097,"strahler_order":5,"channel_class":"perennial","in_headwater_formation":1},"geometry":{"type":"LineString","coordinates":[[76.26042,41.45625],[76.23125,41.46042]]}},{"type":"Feature","properties":{"hyriv_id":40297801,"system_id":"syr_darya","discharge_cms":55.418,"strahler_order":4,"channel_class":"perennial","in_headwater_formation":0},"geometry":{"type":"LineString","coordinates":[[70.18958,41.76875],[70.16458,41.74792]]}},{"type":"Feature","properties":{"hyriv_id":40365213,"system_id":"amu_darya","discharge_cms":55.545,"strahler_order":4,"channel_class":"perennial","in_headwater_formation":1},"geometry":{"type":"LineString","coordinates":[[72.35625,39.56042],[72.32292,39.55208],[72.31458,39.55625]]}},{"type":"Feature","properties":{"hyriv_id":40370150,"system_id":"amu_darya","discharge_cms":55.823,"strahler_order":3,"channel_class":"perennial","in_headwater_formation":0},"geometry":{"type":"LineString","coordinates":[[68.78958,39.37708],[68.76042,39.38125]]}},{"type":"Feature","properties":{"hyriv_id":40306897,"system_id":"syr_darya","discharge_cms":55.92,"strahler_order":5,"channel_class":"perennial","in_headwater_formation":1},"geometry":{"type":"LineString","coordinates":[[76.23125,41.46042],[76.21042,41.44792]]}},{"type":"Feature","properties":{"hyriv_id":40365212,"system_id":"amu_darya","discharge_cms":55.955,"strahler_order":4,"channel_class":"perennial","in_headwater_formation":1},"geometry":{"type":"LineString","coordinates":[[72.31458,39.55625],[72.30625,39.55208]]}},{"type":"Feature","properties":{"hyriv_id":40465198,"system_id":"amu_darya","discharge_cms":56.051,"strahler_order":5,"channel_class":"perennial","in_headwater_formation":1},"geometry":{"type":"LineString","coordinates":[[70.73542,36.32708],[70.74375,36.33958],[70.73542,36.36042],[70.75208,36.38542]]}},{"type":"Feature","properties":{"hyriv_id":40463210,"system_id":"amu_darya","discharge_cms":56.274,"strahler_order":5,"channel_class":"perennial","in_headwater_formation":1},"geometry":{"type":"LineString","coordinates":[[70.75208,36.38542],[70.76042,36.40208]]}},{"type":"Feature","properties":{"hyriv_id":40306896,"system_id":"syr_darya","discharge_cms":56.454,"strahler_order":5,"channel_class":"perennial","in_headwater_formation":1},"geometry":{"type":"LineString","coordinates":[[76.21042,41.44792],[76.18958,41.45208]]}},{"type":"Feature","properties":{"hyriv_id":40414815,"system_id":"amu_darya","discharge_cms":56.585,"strahler_order":4,"channel_class":"perennial","in_headwater_formation":1},"geometry":{"type":"LineString","coordinates":[[69.59792,37.93958],[69.60625,37.92292],[69.60208,37.86042]]}},{"type":"Feature","properties":{"hyriv_id":40462622,"system_id":"amu_darya","discharge_cms":56.764,"strahler_order":5,"channel_class":"perennial","in_headwater_formation":1},"geometry":{"type":"LineString","coordinates":[[70.76042,36.40208],[70.75625,36.40625],[70.76875,36.41875],[70.76875,36.42708]]}},{"type":"Feature","properties":{"hyriv_id":40365318,"system_id":"amu_darya","discharge_cms":56.795,"strahler_order":4,"channel_class":"perennial","in_headwater_formation":1},"geometry":{"type":"LineString","coordinates":[[72.30625,39.55208],[72.30208,39.55625],[72.28958,39.54792],[72.27292,39.54792]]}},{"type":"Feature","properties":{"hyriv_id":40306895,"system_id":"syr_darya","discharge_cms":56.841,"strahler_order":5,"channel_class":"perennial","in_headwater_formation":1},"geometry":{"type":"LineString","coordinates":[[76.18958,41.45208],[76.18542,41.44792]]}},{"type":"Feature","properties":{"hyriv_id":40416850,"system_id":"amu_darya","discharge_cms":56.872,"strahler_order":5,"channel_class":"perennial","in_headwater_formation":1},"geometry":{"type":"LineString","coordinates":[[69.65208,37.80625],[69.63958,37.78958]]}},{"type":"Feature","properties":{"hyriv_id":40415141,"system_id":"amu_darya","discharge_cms":56.937,"strahler_order":4,"channel_class":"perennial","in_headwater_formation":1},"geometry":{"type":"LineString","coordinates":[[69.60208,37.86042],[69.58958,37.84792]]}},{"type":"Feature","properties":{"hyriv_id":40370275,"system_id":"amu_darya","discharge_cms":56.987,"strahler_order":3,"channel_class":"perennial","in_headwater_formation":0},"geometry":{"type":"LineString","coordinates":[[68.76042,39.38125],[68.75208,39.37292],[68.73125,39.37708]]}},{"type":"Feature","properties":{"hyriv_id":40298757,"system_id":"syr_darya","discharge_cms":57.026,"strahler_order":4,"channel_class":"perennial","in_headwater_formation":0},"geometry":{"type":"LineString","coordinates":[[70.16458,41.74792],[70.13125,41.72292],[70.11458,41.71875]]}},{"type":"Feature","properties":{"hyriv_id":40461744,"system_id":"amu_darya","discharge_cms":57.286,"strahler_order":5,"channel_class":"perennial","in_headwater_formation":1},"geometry":{"type":"LineString","coordinates":[[70.76875,36.42708],[70.77292,36.44792]]}},{"type":"Feature","properties":{"hyriv_id":40417217,"system_id":"amu_darya","discharge_cms":57.374,"strahler_order":5,"channel_class":"perennial","in_headwater_formation":1},"geometry":{"type":"LineString","coordinates":[[69.63958,37.78958],[69.62292,37.77708]]}},{"type":"Feature","properties":{"hyriv_id":40461064,"system_id":"amu_darya","discharge_cms":57.393,"strahler_order":5,"channel_class":"perennial","in_headwater_formation":1},"geometry":{"type":"LineString","coordinates":[[70.77292,36.44792],[70.77708,36.46042]]}},{"type":"Feature","properties":{"hyriv_id":40417335,"system_id":"amu_darya","discharge_cms":57.829,"strahler_order":5,"channel_class":"perennial","in_headwater_formation":1},"geometry":{"type":"LineString","coordinates":[[69.62292,37.77708],[69.61458,37.77292]]}},{"type":"Feature","properties":{"hyriv_id":40365552,"system_id":"amu_darya","discharge_cms":57.895,"strahler_order":4,"channel_class":"perennial","in_headwater_formation":1},"geometry":{"type":"LineString","coordinates":[[72.27292,39.54792],[72.25208,39.53958]]}},{"type":"Feature","properties":{"hyriv_id":40306894,"system_id":"syr_darya","discharge_cms":57.996,"strahler_order":5,"channel_class":"perennial","in_headwater_formation":1},"geometry":{"type":"LineString","coordinates":[[76.18542,41.44792],[76.13958,41.45208]]}},{"type":"Feature","properties":{"hyriv_id":40300425,"system_id":"syr_darya","discharge_cms":58.082,"strahler_order":5,"channel_class":"perennial","in_headwater_formation":0},"geometry":{"type":"LineString","coordinates":[[70.78542,41.66875],[70.78125,41.66458]]}},{"type":"Feature","properties":{"hyriv_id":40306749,"system_id":"syr_darya","discharge_cms":58.145,"strahler_order":5,"channel_class":"perennial","in_headwater_formation":1},"geometry":{"type":"LineString","coordinates":[[76.13958,41.45208],[76.13542,41.45208]]}},{"type":"Feature","properties":{"hyriv_id":40299236,"system_id":"syr_darya","discharge_cms":58.469,"strahler_order":4,"channel_class":"perennial","in_headwater_formation":0},"geometry":{"type":"LineString","coordinates":[[70.11458,41.71875],[70.10625,41.71875],[70.08958,41.70208]]}},{"type":"Feature","properties":{"hyriv_id":40417585,"system_id":"amu_darya","discharge_cms":58.491,"strahler_order":5,"channel_class":"perennial","in_headwater_formation":1},"geometry":{"type":"LineString","coordinates":[[69.61458,37.77292],[69.58125,37.76458],[69.56458,37.76875]]}},{"type":"Feature","properties":{"hyriv_id":40378330,"system_id":"amu_darya","discharge_cms":58.561,"strahler_order":5,"channel_class":"perennial","in_headwater_formation":1},"geometry":{"type":"LineString","coordinates":[[72.32708,39.08958],[72.31875,39.10208]]}},{"type":"Feature","properties":{"hyriv_id":40460616,"system_id":"amu_darya","discharge_cms":58.681,"strahler_order":5,"channel_class":"perennial","in_headwater_formation":1},"geometry":{"type":"LineString","coordinates":[[70.77708,36.46042],[70.78125,36.50208]]}},{"type":"Feature","properties":{"hyriv_id":40306893,"system_id":"syr_darya","discharge_cms":58.691,"strahler_order":5,"channel_class":"perennial","in_headwater_formation":1},"geometry":{"type":"LineString","coordinates":[[76.13542,41.45208],[76.11458,41.44792]]}},{"type":"Feature","properties":{"hyriv_id":40300424,"system_id":"syr_darya","discharge_cms":58.966,"strahler_order":5,"channel_class":"perennial","in_headwater_formation":0},"geometry":{"type":"LineString","coordinates":[[70.78125,41.66458],[70.74375,41.66458]]}},{"type":"Feature","properties":{"hyriv_id":40459155,"system_id":"amu_darya","discharge_cms":59.122,"strahler_order":5,"channel_class":"perennial","in_headwater_formation":1},"geometry":{"type":"LineString","coordinates":[[70.78125,36.50208],[70.79792,36.52292]]}},{"type":"Feature","properties":{"hyriv_id":40370149,"system_id":"amu_darya","discharge_cms":59.185,"strahler_order":3,"channel_class":"perennial","in_headwater_formation":0},"geometry":{"type":"LineString","coordinates":[[68.73125,39.37708],[68.69792,39.38542]]}},{"type":"Feature","properties":{"hyriv_id":40325298,"system_id":"syr_darya","discharge_cms":59.26,"strahler_order":5,"channel_class":"perennial","in_headwater_formation":1},"geometry":{"type":"LineString","coordinates":[[72.70208,40.85625],[72.67292,40.85208]]}},{"type":"Feature","properties":{"hyriv_id":40365551,"system_id":"amu_darya","discharge_cms":59.299,"strahler_order":4,"channel_class":"perennial","in_headwater_formation":1},"geometry":{"type":"LineString","coordinates":[[72.25208,39.53958],[72.24375,39.53958]]}},{"type":"Feature","properties":{"hyriv_id":40415875,"system_id":"amu_darya","discharge_cms":59.534,"strahler_order":4,"channel_class":"perennial","in_headwater_formation":1},"geometry":{"type":"LineString","coordinates":[[69.58958,37.84792],[69.56458,37.82292]]}},{"type":"Feature","properties":{"hyriv_id":40323628,"system_id":"syr_darya","discharge_cms":59.537,"strahler_order":5,"channel_class":"perennial","in_headwater_formation":1},"geometry":{"type":"LineString","coordinates":[[72.46875,40.90625],[72.46042,40.90208],[72.44792,40.90625]]}},{"type":"Feature","properties":{"hyriv_id":40324760,"system_id":"syr_darya","discharge_cms":59.546,"strahler_order":5,"channel_class":"perennial","in_headwater_formation":1},"geometry":{"type":"LineString","coordinates":[[72.57708,40.86875],[72.53958,40.88542],[72.52292,40.88542],[72.50208,40.90208],[72.46875,40.90625]]}},{"type":"Feature","properties":{"hyriv_id":40300423,"system_id":"syr_darya","discharge_cms":59.598,"strahler_order":5,"channel_class":"perennial","in_headwater_formation":0},"geometry":{"type":"LineString","coordinates":[[70.74375,41.66458],[70.72708,41.66875]]}},{"type":"Feature","properties":{"hyriv_id":40325417,"system_id":"syr_darya","discharge_cms":59.614,"strahler_order":5,"channel_class":"perennial","in_headwater_formation":1},"geometry":{"type":"LineString","coordinates":[[72.71875,40.84792],[72.70208,40.85625]]}},{"type":"Feature","properties":{"hyriv_id":40307411,"system_id":"syr_darya","discharge_cms":59.756,"strahler_order":5,"channel_class":"perennial","in_headwater_formation":1},"geometry":{"type":"LineString","coordinates":[[76.11458,41.44792],[76.06875,41.43125]]}},{"type":"Feature","properties":{"hyriv_id":40325668,"system_id":"syr_darya","discharge_cms":59.817,"strahler_order":5,"channel_class":"perennial","in_headwater_formation":1},"geometry":{"type":"LineString","coordinates":[[72.75208,40.83958],[72.71875,40.84792]]}},{"type":"Feature","properties":{"hyriv_id":40416103,"system_id":"amu_darya","discharge_cms":59.832,"strahler_order":4,"channel_class":"perennial","in_headwater_formation":1},"geometry":{"type":"LineString","coordinates":[[69.56458,37.82292],[69.56042,37.81458]]}},{"type":"Feature","properties":{"hyriv_id":40391639,"system_id":"amu_darya","discharge_cms":59.916,"strahler_order":4,"channel_class":"perennial","in_headwater_formation":0},"geometry":{"type":"LineString","coordinates":[[69.18125,38.66042],[69.15208,38.64375]]}},{"type":"Feature","properties":{"hyriv_id":40307410,"system_id":"syr_darya","discharge_cms":59.988,"strahler_order":5,"channel_class":"perennial","in_headwater_formation":1},"geometry":{"type":"LineString","coordinates":[[76.06875,41.43125],[76.06042,41.43125]]}},{"type":"Feature","properties":{"hyriv_id":40299348,"system_id":"syr_darya","discharge_cms":60.135,"strahler_order":4,"channel_class":"perennial","in_headwater_formation":0},"geometry":{"type":"LineString","coordinates":[[70.08958,41.70208],[70.08542,41.69792]]}},{"type":"Feature","properties":{"hyriv_id":40325669,"system_id":"syr_darya","discharge_cms":60.232,"strahler_order":5,"channel_class":"perennial","in_headwater_formation":1},"geometry":{"type":"LineString","coordinates":[[72.78125,40.85208],[72.77292,40.84375],[72.76875,40.84792],[72.75208,40.83958]]}},{"type":"Feature","properties":{"hyriv_id":40307408,"system_id":"syr_darya","discharge_cms":60.347,"strahler_order":5,"channel_class":"perennial","in_headwater_formation":1},"geometry":{"type":"LineString","coordinates":[[76.06042,41.43125],[76.04792,41.43125]]}},{"type":"Feature","properties":{"hyriv_id":40365550,"system_id":"amu_darya","discharge_cms":60.37,"strahler_order":4,"channel_class":"perennial","in_headwater_formation":1},"geometry":{"type":"LineString","coordinates":[[72.24375,39.53958],[72.21875,39.54792],[72.21458,39.54375],[72.19375,39.54792]]}},{"type":"Feature","properties":{"hyriv_id":40392011,"system_id":"amu_darya","discharge_cms":60.421,"strahler_order":4,"channel_class":"perennial","in_headwater_formation":0},"geometry":{"type":"LineString","coordinates":[[69.15208,38.64375],[69.14792,38.63125]]}},{"type":"Feature","properties":{"hyriv_id":40417448,"system_id":"amu_darya","discharge_cms":60.435,"strahler_order":4,"channel_class":"perennial","in_headwater_formation":1},"geometry":{"type":"LineString","coordinates":[[69.56042,37.81458],[69.55625,37.79375],[69.56875,37.78542],[69.56458,37.76875]]}},{"type":"Feature","properties":{"hyriv_id":40299630,"system_id":"syr_darya","discharge_cms":60.562,"strahler_order":4,"channel_class":"perennial","in_headwater_formation":0},"geometry":{"type":"LineString","coordinates":[[70.08542,41.69792],[70.06875,41.68958]]}},{"type":"Feature","properties":{"hyriv_id":40325300,"system_id":"syr_darya","discharge_cms":60.581,"strahler_order":5,"channel_class":"perennial","in_headwater_formation":1},"geometry":{"type":"LineString","coordinates":[[72.82708,40.85625],[72.78125,40.85208]]}},{"type":"Feature","properties":{"hyriv_id":40325042,"system_id":"syr_darya","discharge_cms":60.741,"strahler_order":5,"channel_class":"perennial","in_headwater_formation":1},"geometry":{"type":"LineString","coordinates":[[72.62292,40.86042],[72.61042,40.86875],[72.60625,40.86458],[72.58125,40.87292],[72.57708,40.86875]]}},{"type":"Feature","properties":{"hyriv_id":40307564,"system_id":"syr_darya","discharge_cms":60.825,"strahler_order":5,"channel_class":"perennial","in_headwater_formation":1},"geometry":{"type":"LineString","coordinates":[[76.04792,41.43125],[76.02708,41.42708]]}},{"type":"Feature","properties":{"hyriv_id":40458466,"system_id":"amu_darya","discharge_cms":60.871,"strahler_order":5,"channel_class":"perennial","in_headwater_formation":1},"geometry":{"type":"LineString","coordinates":[[70.79792,36.52292],[70.82292,36.53958]]}},{"type":"Feature","properties":{"hyriv_id":40299781,"system_id":"syr_darya","discharge_cms":60.873,"strahler_order":4,"channel_class":"perennial","in_headwater_formation":0},"geometry":{"type":"LineString","coordinates":[[70.06875,41.68958],[70.06042,41.68542]]}},{"type":"Feature","properties":{"hyriv_id":40457913,"system_id":"amu_darya","discharge_cms":61.045,"strahler_order":5,"channel_class":"perennial","in_headwater_formation":1},"geometry":{"type":"LineString","coordinates":[[70.82292,36.53958],[70.83542,36.54792]]}},{"type":"Feature","properties":{"hyriv_id":40369938,"system_id":"amu_darya","discharge_cms":61.088,"strahler_order":3,"channel_class":"perennial","in_headwater_formation":0},"geometry":{"type":"LineString","coordinates":[[68.69792,39.38542],[68.68958,39.38958],[68.64375,39.38542]]}},{"type":"Feature","properties":{"hyriv_id":40307692,"system_id":"syr_darya","discharge_cms":61.141,"strahler_order":5,"channel_class":"perennial","in_headwater_formation":1},"geometry":{"type":"LineString","coordinates":[[76.02708,41.42708],[76.02292,41.42292],[76.01458,41.42708]]}},{"type":"Feature","properties":{"hyriv_id":40325178,"system_id":"syr_darya","discharge_cms":61.174,"strahler_order":5,"channel_class":"perennial","in_headwater_formation":1},"geometry":{"type":"LineString","coordinates":[[72.85208,40.86042],[72.82708,40.85625]]}},{"type":"Feature","properties":{"hyriv_id":40457613,"system_id":"amu_darya","discharge_cms":61.287,"strahler_order":5,"channel_class":"perennial","in_headwater_formation":1},"geometry":{"type":"LineString","coordinates":[[70.83542,36.54792],[70.84375,36.56042],[70.84375,36.58125]]}},{"type":"Feature","properties":{"hyriv_id":40325043,"system_id":"syr_darya","discharge_cms":61.312,"strahler_order":5,"channel_class":"perennial","in_headwater_formation":1},"geometry":{"type":"LineString","coordinates":[[72.65625,40.86042],[72.62292,40.86042]]}},{"type":"Feature","properties":{"hyriv_id":40392367,"system_id":"amu_darya","discharge_cms":61.407,"strahler_order":4,"channel_class":"perennial","in_headwater_formation":0},"geometry":{"type":"LineString","coordinates":[[69.14792,38.63125],[69.13958,38.61875]]}},{"type":"Feature","properties":{"hyriv_id":40300295,"system_id":"syr_darya","discharge_cms":61.441,"strahler_order":4,"channel_class":"perennial","in_headwater_formation":0},"geometry":{"type":"LineString","coordinates":[[70.06042,41.68542],[70.04375,41.66875]]}},{"type":"Feature","properties":{"hyriv_id":40325297,"system_id":"syr_darya","discharge_cms":61.741,"strahler_order":5,"channel_class":"perennial","in_headwater_formation":1},"geometry":{"type":"LineString","coordinates":[[72.67292,40.85208],[72.65625,40.86042]]}},{"type":"Feature","properties":{"hyriv_id":40365315,"system_id":"amu_darya","discharge_cms":61.944,"strahler_order":4,"channel_class":"perennial","in_headwater_formation":1},"geometry":{"type":"LineString","coordinates":[[72.19375,39.54792],[72.17708,39.54792]]}},{"type":"Feature","properties":{"hyriv_id":40307562,"system_id":"syr_darya","discharge_cms":62.023,"strahler_order":5,"channel_class":"perennial","in_headwater_formation":1},"geometry":{"type":"LineString","coordinates":[[76.01458,41.42708],[76.00208,41.43542],[75.96458,41.42708],[75.95625,41.43125]]}},{"type":"Feature","properties":{"hyriv_id":40370040,"system_id":"amu_darya","discharge_cms":62.205,"strahler_order":3,"channel_class":"perennial","in_headwater_formation":0},"geometry":{"type":"LineString","coordinates":[[68.64375,39.38542],[68.63958,39.38125],[68.61042,39.38542]]}},{"type":"Feature","properties":{"hyriv_id":40301112,"system_id":"syr_darya","discharge_cms":62.301,"strahler_order":4,"channel_class":"perennial","in_headwater_formation":0},"geometry":{"type":"LineString","coordinates":[[70.04375,41.66875],[70.01875,41.64375]]}},{"type":"Feature","properties":{"hyriv_id":40392482,"system_id":"amu_darya","discharge_cms":62.343,"strahler_order":4,"channel_class":"perennial","in_headwater_formation":0},"geometry":{"type":"LineString","coordinates":[[69.13958,38.61875],[69.12292,38.61458]]}},{"type":"Feature","properties":{"hyriv_id":40307406,"system_id":"syr_darya","discharge_cms":62.448,"strahler_order":5,"channel_class":"perennial","in_headwater_formation":1},"geometry":{"type":"LineString","coordinates":[[75.95625,41.43125],[75.93958,41.43542]]}},{"type":"Feature","properties":{"hyriv_id":40456495,"system_id":"amu_darya","discharge_cms":62.454,"strahler_order":5,"channel_class":"perennial","in_headwater_formation":1},"geometry":{"type":"LineString","coordinates":[[70.84375,36.58125],[70.84792,36.58542]]}},{"type":"Feature","properties":{"hyriv_id":40392591,"system_id":"amu_darya","discharge_cms":62.536,"strahler_order":4,"channel_class":"perennial","in_headwater_formation":0},"geometry":{"type":"LineString","coordinates":[[69.12292,38.61458],[69.11875,38.61042]]}},{"type":"Feature","properties":{"hyriv_id":40301481,"system_id":"syr_darya","discharge_cms":62.864,"strahler_order":4,"channel_class":"perennial","in_headwater_formation":0},"geometry":{"type":"LineString","coordinates":[[70.01875,41.64375],[70.00625,41.63125]]}},{"type":"Feature","properties":{"hyriv_id":40392842,"system_id":"amu_darya","discharge_cms":63.1,"strahler_order":4,"channel_class":"perennial","in_headwater_formation":0},"geometry":{"type":"LineString","coordinates":[[69.11875,38.61042],[69.10625,38.60208]]}},{"type":"Feature","properties":{"hyriv_id":40307405,"system_id":"syr_darya","discharge_cms":63.35,"strahler_order":5,"channel_class":"perennial","in_headwater_formation":1},"geometry":{"type":"LineString","coordinates":[[75.93958,41.43542],[75.91875,41.43958],[75.90208,41.43125],[75.89375,41.43542],[75.88125,41.43125],[75.85625,41.45625],[75.84792,41.44792],[75.83958,41.46042],[75.83542,41.45625],[75.82708,41.46042]]}},{"type":"Feature","properties":{"hyriv_id":40369935,"system_id":"amu_darya","discharge_cms":63.785,"strahler_order":3,"channel_class":"perennial","in_headwater_formation":0},"geometry":{"type":"LineString","coordinates":[[68.61042,39.38542],[68.60208,39.38958],[68.55208,39.38542]]}},{"type":"Feature","properties":{"hyriv_id":40393405,"system_id":"amu_darya","discharge_cms":63.804,"strahler_order":4,"channel_class":"perennial","in_headwater_formation":0},"geometry":{"type":"LineString","coordinates":[[69.10625,38.60208],[69.07292,38.58542]]}},{"type":"Feature","properties":{"hyriv_id":40395792,"system_id":"amu_darya","discharge_cms":63.843,"strahler_order":4,"channel_class":"perennial","in_headwater_formation":0},"geometry":{"type":"LineString","coordinates":[[68.93958,38.53958],[68.91875,38.53542],[68.90625,38.51875],[68.86875,38.51458],[68.86458,38.50625]]}},{"type":"Feature","properties":{"hyriv_id":40426422,"system_id":"amu_darya","discharge_cms":63.991,"strahler_order":5,"channel_class":"perennial","in_headwater_formation":1},"geometry":{"type":"LineString","coordinates":[[71.59375,37.48125],[71.56875,37.49375],[71.52292,37.48958]]}},{"type":"Feature","properties":{"hyriv_id":40393404,"system_id":"amu_darya","discharge_cms":64.0,"strahler_order":4,"channel_class":"perennial","in_headwater_formation":0},"geometry":{"type":"LineString","coordinates":[[69.07292,38.58542],[69.06875,38.58542]]}},{"type":"Feature","properties":{"hyriv_id":40393568,"system_id":"amu_darya","discharge_cms":64.617,"strahler_order":4,"channel_class":"perennial","in_headwater_formation":0},"geometry":{"type":"LineString","coordinates":[[69.06875,38.58542],[69.06042,38.58125]]}},{"type":"Feature","properties":{"hyriv_id":40450895,"system_id":"amu_darya","discharge_cms":65.114,"strahler_order":5,"channel_class":"perennial","in_headwater_formation":1},"geometry":{"type":"LineString","coordinates":[[69.03542,36.73958],[69.02708,36.75208],[69.00208,36.75208],[68.98542,36.78125]]}},{"type":"Feature","properties":{"hyriv_id":40393809,"system_id":"amu_darya","discharge_cms":65.313,"strahler_order":4,"channel_class":"perennial","in_headwater_formation":0},"geometry":{"type":"LineString","coordinates":[[69.06042,38.58125],[69.02708,38.57292]]}},{"type":"Feature","properties":{"hyriv_id":40452360,"system_id":"amu_darya","discharge_cms":65.358,"strahler_order":5,"channel_class":"perennial","in_headwater_formation":1},"geometry":{"type":"LineString","coordinates":[[69.13542,36.69792],[69.07292,36.70625],[69.06042,36.71875],[69.05208,36.71875],[69.03542,36.73958]]}},{"type":"Feature","properties":{"hyriv_id":40449554,"system_id":"amu_darya","discharge_cms":65.432,"strahler_order":5,"channel_class":"perennial","in_headwater_formation":1},"geometry":{"type":"LineString","coordinates":[[68.98542,36.78125],[68.96458,36.79792],[68.91875,36.80208]]}},{"type":"Feature","properties":{"hyriv_id":40448842,"system_id":"amu_darya","discharge_cms":65.47,"strahler_order":5,"channel_class":"perennial","in_headwater_formation":1},"geometry":{"type":"LineString","coordinates":[[68.91875,36.80208],[68.91042,36.80208]]}},{"type":"Feature","properties":{"hyriv_id":40393929,"system_id":"amu_darya","discharge_cms":65.58,"strahler_order":4,"channel_class":"perennial","in_headwater_formation":0},"geometry":{"type":"LineString","coordinates":[[69.02708,38.57292],[69.01875,38.56875]]}},{"type":"Feature","properties":{"hyriv_id":40448840,"system_id":"amu_darya","discharge_cms":65.654,"strahler_order":5,"channel_class":"perennial","in_headwater_formation":1},"geometry":{"type":"LineString","coordinates":[[68.91042,36.80208],[68.89375,36.80625],[68.83958,36.80208],[68.82708,36.81458],[68.81458,36.80625],[68.80208,36.81458]]}},{"type":"Feature","properties":{"hyriv_id":40448685,"system_id":"amu_darya","discharge_cms":65.844,"strahler_order":5,"channel_class":"perennial","in_headwater_formation":1},"geometry":{"type":"LineString","coordinates":[[68.80208,36.81458],[68.78542,36.80625]]}},{"type":"Feature","properties":{"hyriv_id":40448683,"system_id":"amu_darya","discharge_cms":65.904,"strahler_order":5,"channel_class":"perennial","in_headwater_formation":1},"geometry":{"type":"LineString","coordinates":[[68.78542,36.80625],[68.76458,36.81042]]}},{"type":"Feature","properties":{"hyriv_id":40394844,"system_id":"amu_darya","discharge_cms":66.14,"strahler_order":4,"channel_class":"perennial","in_headwater_formation":0},"geometry":{"type":"LineString","coordinates":[[68.95208,38.53958],[68.93958,38.53958]]}},{"type":"Feature","properties":{"hyriv_id":40452362,"system_id":"amu_darya","discharge_cms":66.26,"strahler_order":5,"channel_class":"perennial","in_headwater_formation":1},"geometry":{"type":"LineString","coordinates":[[69.15625,36.69792],[69.13542,36.69792]]}},{"type":"Feature","properties":{"hyriv_id":40394846,"system_id":"amu_darya","discharge_cms":66.276,"strahler_order":4,"channel_class":"perennial","in_headwater_formation":0},"geometry":{"type":"LineString","coordinates":[[68.97292,38.54375],[68.95208,38.53958]]}},{"type":"Feature","properties":{"hyriv_id":40452363,"system_id":"amu_darya","discharge_cms":66.406,"strahler_order":5,"channel_class":"perennial","in_headwater_formation":1},"geometry":{"type":"LineString","coordinates":[[69.20625,36.73125],[69.18958,36.72292],[69.17708,36.70208],[69.15625,36.69792]]}},{"type":"Feature","properties":{"hyriv_id":40394713,"system_id":"amu_darya","discharge_cms":66.628,"strahler_order":4,"channel_class":"perennial","in_headwater_formation":0},"geometry":{"type":"LineString","coordinates":[[69.01875,38.56875],[68.99792,38.54792],[68.97292,38.54375]]}},{"type":"Feature","properties":{"hyriv_id":40456333,"system_id":"amu_darya","discharge_cms":66.706,"strahler_order":5,"channel_class":"perennial","in_headwater_formation":1},"geometry":{"type":"LineString","coordinates":[[70.84792,36.58542],[70.84792,36.60208],[70.86458,36.62292],[70.86042,36.63125]]}},{"type":"Feature","properties":{"hyriv_id":40454683,"system_id":"amu_darya","discharge_cms":66.978,"strahler_order":5,"channel_class":"perennial","in_headwater_formation":1},"geometry":{"type":"LineString","coordinates":[[70.86042,36.63125],[70.85208,36.64375]]}},{"type":"Feature","properties":{"hyriv_id":40454243,"system_id":"amu_darya","discharge_cms":67.352,"strahler_order":5,"channel_class":"perennial","in_headwater_formation":1},"geometry":{"type":"LineString","coordinates":[[70.85208,36.64375],[70.85625,36.64792],[70.85208,36.67292]]}},{"type":"Feature","properties":{"hyriv_id":40326284,"system_id":"syr_darya","discharge_cms":67.748,"strahler_order":5,"channel_class":"perennial","in_headwater_formation":0},"geometry":{"type":"LineString","coordinates":[[68.96458,40.86458],[68.93958,40.85208],[68.93125,40.83125],[68.91458,40.81875]]}},{"type":"Feature","properties":{"hyriv_id":40306522,"system_id":"syr_darya","discharge_cms":68.118,"strahler_order":5,"channel_class":"perennial","in_headwater_formation":1},"geometry":{"type":"LineString","coordinates":[[75.82708,41.46042],[75.81458,41.46042]]}},{"type":"Feature","properties":{"hyriv_id":40323626,"system_id":"syr_darya","discharge_cms":68.282,"strahler_order":5,"channel_class":"perennial","in_headwater_formation":1},"geometry":{"type":"LineString","coordinates":[[72.41042,40.90208],[72.39792,40.90625]]}},{"type":"Feature","properties":{"hyriv_id":40323627,"system_id":"syr_darya","discharge_cms":68.3,"strahler_order":5,"channel_class":"perennial","in_headwater_formation":1},"geometry":{"type":"LineString","coordinates":[[72.44792,40.90625],[72.41042,40.90208]]}},{"type":"Feature","properties":{"hyriv_id":40306747,"system_id":"syr_darya","discharge_cms":68.377,"strahler_order":5,"channel_class":"perennial","in_headwater_formation":1},"geometry":{"type":"LineString","coordinates":[[75.81458,41.46042],[75.78542,41.45208]]}},{"type":"Feature","properties":{"hyriv_id":40300297,"system_id":"syr_darya","discharge_cms":68.733,"strahler_order":5,"channel_class":"perennial","in_headwater_formation":0},"geometry":{"type":"LineString","coordinates":[[70.72708,41.66875],[70.70625,41.68958]]}},{"type":"Feature","properties":{"hyriv_id":40327155,"system_id":"syr_darya","discharge_cms":68.969,"strahler_order":5,"channel_class":"perennial","in_headwater_formation":0},"geometry":{"type":"LineString","coordinates":[[68.91458,40.81875],[68.88958,40.81042],[68.87292,40.81458],[68.85625,40.80208],[68.86042,40.78958]]}},{"type":"Feature","properties":{"hyriv_id":40306891,"system_id":"syr_darya","discharge_cms":69.594,"strahler_order":5,"channel_class":"perennial","in_headwater_formation":1},"geometry":{"type":"LineString","coordinates":[[75.78542,41.45208],[75.76458,41.44792]]}},{"type":"Feature","properties":{"hyriv_id":40306889,"system_id":"syr_darya","discharge_cms":69.799,"strahler_order":5,"channel_class":"perennial","in_headwater_formation":1},"geometry":{"type":"LineString","coordinates":[[75.76458,41.44792],[75.76042,41.44792]]}},{"type":"Feature","properties":{"hyriv_id":40448546,"system_id":"amu_darya","discharge_cms":70.028,"strahler_order":5,"channel_class":"perennial","in_headwater_formation":1},"geometry":{"type":"LineString","coordinates":[[68.76458,36.81042],[68.73125,36.83542]]}},{"type":"Feature","properties":{"hyriv_id":40299633,"system_id":"syr_darya","discharge_cms":70.033,"strahler_order":5,"channel_class":"perennial","in_headwater_formation":0},"geometry":{"type":"LineString","coordinates":[[70.70625,41.68958],[70.66458,41.69375]]}},{"type":"Feature","properties":{"hyriv_id":40307152,"system_id":"syr_darya","discharge_cms":70.154,"strahler_order":5,"channel_class":"perennial","in_headwater_formation":1},"geometry":{"type":"LineString","coordinates":[[75.76042,41.44792],[75.74792,41.44375],[75.73958,41.44792],[75.72292,41.43958]]}},{"type":"Feature","properties":{"hyriv_id":40365780,"system_id":"amu_darya","discharge_cms":70.278,"strahler_order":4,"channel_class":"perennial","in_headwater_formation":1},"geometry":{"type":"LineString","coordinates":[[72.17708,39.54792],[72.15208,39.54375],[72.13542,39.53125]]}},{"type":"Feature","properties":{"hyriv_id":40299487,"system_id":"syr_darya","discharge_cms":70.534,"strahler_order":5,"channel_class":"perennial","in_headwater_formation":0},"geometry":{"type":"LineString","coordinates":[[70.66458,41.69375],[70.66042,41.69375]]}},{"type":"Feature","properties":{"hyriv_id":40323910,"system_id":"syr_darya","discharge_cms":70.594,"strahler_order":5,"channel_class":"perennial","in_headwater_formation":1},"geometry":{"type":"LineString","coordinates":[[72.39792,40.90625],[72.38542,40.90625],[72.37292,40.89375],[72.35625,40.89375]]}},{"type":"Feature","properties":{"hyriv_id":40324066,"system_id":"syr_darya","discharge_cms":70.603,"strahler_order":5,"channel_class":"perennial","in_headwater_formation":1},"geometry":{"type":"LineString","coordinates":[[72.35625,40.89375],[72.33542,40.88958]]}},{"type":"Feature","properties":{"hyriv_id":40447709,"system_id":"amu_darya","discharge_cms":70.616,"strahler_order":5,"channel_class":"perennial","in_headwater_formation":1},"geometry":{"type":"LineString","coordinates":[[68.73125,36.83542],[68.69792,36.83958]]}},{"type":"Feature","properties":{"hyriv_id":40447574,"system_id":"amu_darya","discharge_cms":70.669,"strahler_order":5,"channel_class":"perennial","in_headwater_formation":1},"geometry":{"type":"LineString","coordinates":[[68.69792,36.83958],[68.68958,36.84792],[68.67292,36.84375],[68.63125,36.86875]]}},{"type":"Feature","properties":{"hyriv_id":40366009,"system_id":"amu_darya","discharge_cms":70.755,"strahler_order":4,"channel_class":"perennial","in_headwater_formation":1},"geometry":{"type":"LineString","coordinates":[[72.13542,39.53125],[72.11458,39.52292]]}},{"type":"Feature","properties":{"hyriv_id":40307278,"system_id":"syr_darya","discharge_cms":70.812,"strahler_order":5,"channel_class":"perennial","in_headwater_formation":1},"geometry":{"type":"LineString","coordinates":[[75.72292,41.43958],[75.70625,41.43542]]}},{"type":"Feature","properties":{"hyriv_id":40307276,"system_id":"syr_darya","discharge_cms":70.967,"strahler_order":5,"channel_class":"perennial","in_headwater_formation":1},"geometry":{"type":"LineString","coordinates":[[75.70625,41.43542],[75.70208,41.43542]]}},{"type":"Feature","properties":{"hyriv_id":40446749,"system_id":"amu_darya","discharge_cms":70.992,"strahler_order":5,"channel_class":"perennial","in_headwater_formation":1},"geometry":{"type":"LineString","coordinates":[[68.63125,36.86875],[68.61458,36.86458]]}},{"type":"Feature","properties":{"hyriv_id":40299486,"system_id":"syr_darya","discharge_cms":71.03,"strahler_order":5,"channel_class":"perennial","in_headwater_formation":0},"geometry":{"type":"LineString","coordinates":[[70.66042,41.69375],[70.64375,41.69375]]}},{"type":"Feature","properties":{"hyriv_id":40307843,"system_id":"syr_darya","discharge_cms":71.203,"strahler_order":5,"channel_class":"perennial","in_headwater_formation":1},"geometry":{"type":"LineString","coordinates":[[75.70208,41.43542],[75.69375,41.43542],[75.67708,41.41875]]}},{"type":"Feature","properties":{"hyriv_id":40387644,"system_id":"amu_darya","discharge_cms":71.965,"strahler_order":5,"channel_class":"perennial","in_headwater_formation":1},"geometry":{"type":"LineString","coordinates":[[71.20625,38.77708],[71.18958,38.77708]]}},{"type":"Feature","properties":{"hyriv_id":40294487,"system_id":"syr_darya","discharge_cms":71.997,"strahler_order":5,"channel_class":"perennial","in_headwater_formation":1},"geometry":{"type":"LineString","coordinates":[[74.34375,41.85625],[74.34375,41.85208]]}},{"type":"Feature","properties":{"hyriv_id":40294738,"system_id":"syr_darya","discharge_cms":72.154,"strahler_order":5,"channel_class":"perennial","in_headwater_formation":1},"geometry":{"type":"LineString","coordinates":[[74.34375,41.85208],[74.33125,41.84375]]}},{"type":"Feature","properties":{"hyriv_id":40295000,"system_id":"syr_darya","discharge_cms":72.245,"strahler_order":5,"channel_class":"perennial","in_headwater_formation":1},"geometry":{"type":"LineString","coordinates":[[74.33125,41.84375],[74.31875,41.83542]]}},{"type":"Feature","properties":{"hyriv_id":40296434,"system_id":"syr_darya","discharge_cms":72.507,"strahler_order":5,"channel_class":"perennial","in_headwater_formation":1},"geometry":{"type":"LineString","coordinates":[[74.31875,41.83542],[74.29792,41.80625],[74.27292,41.78958]]}},{"type":"Feature","properties":{"hyriv_id":40297680,"system_id":"syr_darya","discharge_cms":72.819,"strahler_order":5,"channel_class":"perennial","in_headwater_formation":1},"geometry":{"type":"LineString","coordinates":[[74.27292,41.78958],[74.26042,41.77292],[74.25625,41.75208]]}},{"type":"Feature","properties":{"hyriv_id":40325176,"system_id":"syr_darya","discharge_cms":73.22,"strahler_order":5,"channel_class":"perennial","in_headwater_formation":1},"geometry":{"type":"LineString","coordinates":[[72.31875,40.87292],[72.31458,40.85625]]}},{"type":"Feature","properties":{"hyriv_id":40324619,"system_id":"syr_darya","discharge_cms":73.26,"strahler_order":5,"channel_class":"perennial","in_headwater_formation":1},"geometry":{"type":"LineString","coordinates":[[72.33542,40.88958],[72.31875,40.87292]]}},{"type":"Feature","properties":{"hyriv_id":40299484,"system_id":"syr_darya","discharge_cms":73.309,"strahler_order":5,"channel_class":"perennial","in_headwater_formation":0},"geometry":{"type":"LineString","coordinates":[[70.64375,41.69375],[70.63125,41.69792]]}},{"type":"Feature","properties":{"hyriv_id":40325930,"system_id":"syr_darya","discharge_cms":73.45,"strahler_order":5,"channel_class":"perennial","in_headwater_formation":1},"geometry":{"type":"LineString","coordinates":[[72.23958,40.83125],[72.23542,40.83542]]}},{"type":"Feature","properties":{"hyriv_id":40325931,"system_id":"syr_darya","discharge_cms":73.451,"strahler_order":5,"channel_class":"perennial","in_headwater_formation":1},"geometry":{"type":"LineString","coordinates":[[72.28958,40.84375],[72.23958,40.83125]]}},{"type":"Feature","properties":{"hyriv_id":40326181,"system_id":"syr_darya","discharge_cms":73.462,"strahler_order":5,"channel_class":"perennial","in_headwater_formation":1},"geometry":{"type":"LineString","coordinates":[[72.23542,40.83542],[72.21458,40.83125],[72.20625,40.82292]]}},{"type":"Feature","properties":{"hyriv_id":40377963,"system_id":"amu_darya","discharge_cms":73.47,"strahler_order":5,"channel_class":"perennial","in_headwater_formation":1},"geometry":{"type":"LineString","coordinates":[[72.31875,39.10208],[72.30208,39.11458],[72.30208,39.13125],[72.29375,39.14792],[72.29792,39.15208]]}},{"type":"Feature","properties":{"hyriv_id":40326408,"system_id":"syr_darya","discharge_cms":73.509,"strahler_order":5,"channel_class":"perennial","in_headwater_formation":1},"geometry":{"type":"LineString","coordinates":[[72.16875,40.81458],[72.16458,40.81875],[72.15208,40.81458]]}},{"type":"Feature","properties":{"hyriv_id":40326410,"system_id":"syr_darya","discharge_cms":73.526,"strahler_order":5,"channel_class":"perennial","in_headwater_formation":1},"geometry":{"type":"LineString","coordinates":[[72.19375,40.82292],[72.17292,40.81458]]}},{"type":"Feature","properties":{"hyriv_id":40326409,"system_id":"syr_darya","discharge_cms":73.549,"strahler_order":5,"channel_class":"perennial","in_headwater_formation":1},"geometry":{"type":"LineString","coordinates":[[72.17292,40.81458],[72.16875,40.81458]]}},{"type":"Feature","properties":{"hyriv_id":40326180,"system_id":"syr_darya","discharge_cms":73.583,"strahler_order":5,"channel_class":"perennial","in_headwater_formation":1},"geometry":{"type":"LineString","coordinates":[[72.20625,40.82292],[72.19375,40.82292]]}},{"type":"Feature","properties":{"hyriv_id":40325527,"system_id":"syr_darya","discharge_cms":73.601,"strahler_order":5,"channel_class":"perennial","in_headwater_formation":1},"geometry":{"type":"LineString","coordinates":[[72.31458,40.85625],[72.28958,40.84375]]}},{"type":"Feature","properties":{"hyriv_id":40453222,"system_id":"amu_darya","discharge_cms":73.616,"strahler_order":5,"channel_class":"perennial","in_headwater_formation":1},"geometry":{"type":"LineString","coordinates":[[70.85208,36.67292],[70.83958,36.69792],[70.84375,36.70208]]}},{"type":"Feature","properties":{"hyriv_id":40299350,"system_id":"syr_darya","discharge_cms":73.713,"strahler_order":5,"channel_class":"perennial","in_headwater_formation":0},"geometry":{"type":"LineString","coordinates":[[70.63125,41.69792],[70.62708,41.69792]]}},{"type":"Feature","properties":{"hyriv_id":40452211,"system_id":"amu_darya","discharge_cms":73.865,"strahler_order":5,"channel_class":"perennial","in_headwater_formation":1},"geometry":{"type":"LineString","coordinates":[[70.84375,36.70208],[70.85208,36.71875],[70.83542,36.73125]]}},{"type":"Feature","properties":{"hyriv_id":40376524,"system_id":"amu_darya","discharge_cms":74.052,"strahler_order":5,"channel_class":"perennial","in_headwater_formation":1},"geometry":{"type":"LineString","coordinates":[[72.29792,39.15208],[72.29375,39.17292],[72.27708,39.17292]]}},{"type":"Feature","properties":{"hyriv_id":40451182,"system_id":"amu_darya","discharge_cms":74.235,"strahler_order":5,"channel_class":"perennial","in_headwater_formation":1},"geometry":{"type":"LineString","coordinates":[[70.83542,36.73125],[70.83125,36.75208]]}},{"type":"Feature","properties":{"hyriv_id":40387643,"system_id":"amu_darya","discharge_cms":74.345,"strahler_order":5,"channel_class":"perennial","in_headwater_formation":1},"geometry":{"type":"LineString","coordinates":[[71.18958,38.77708],[71.15208,38.78958]]}},{"type":"Feature","properties":{"hyriv_id":40299349,"system_id":"syr_darya","discharge_cms":74.697,"strahler_order":5,"channel_class":"perennial","in_headwater_formation":0},"geometry":{"type":"LineString","coordinates":[[70.62708,41.69792],[70.59375,41.70208]]}},{"type":"Feature","properties":{"hyriv_id":40387319,"system_id":"amu_darya","discharge_cms":74.769,"strahler_order":5,"channel_class":"perennial","in_headwater_formation":1},"geometry":{"type":"LineString","coordinates":[[71.15208,38.78958],[71.13958,38.79792]]}},{"type":"Feature","properties":{"hyriv_id":40450527,"system_id":"amu_darya","discharge_cms":74.975,"strahler_order":5,"channel_class":"perennial","in_headwater_formation":1},"geometry":{"type":"LineString","coordinates":[[70.83125,36.75208],[70.84375,36.78125]]}},{"type":"Feature","properties":{"hyriv_id":40387060,"system_id":"amu_darya","discharge_cms":75.124,"strahler_order":5,"channel_class":"perennial","in_headwater_formation":1},"geometry":{"type":"LineString","coordinates":[[71.13958,38.79792],[71.13542,38.80208]]}},{"type":"Feature","properties":{"hyriv_id":40449565,"system_id":"amu_darya","discharge_cms":75.241,"strahler_order":5,"channel_class":"perennial","in_headwater_formation":1},"geometry":{"type":"LineString","coordinates":[[70.84375,36.78125],[70.84792,36.81458]]}},{"type":"Feature","properties":{"hyriv_id":40448413,"system_id":"amu_darya","discharge_cms":75.454,"strahler_order":5,"channel_class":"perennial","in_headwater_formation":1},"geometry":{"type":"LineString","coordinates":[[70.84792,36.81458],[70.85208,36.83958]]}},{"type":"Feature","properties":{"hyriv_id":40447579,"system_id":"amu_darya","discharge_cms":75.719,"strahler_order":5,"channel_class":"perennial","in_headwater_formation":1},"geometry":{"type":"LineString","coordinates":[[70.85208,36.83958],[70.85208,36.86875]]}},{"type":"Feature","properties":{"hyriv_id":40386921,"system_id":"amu_darya","discharge_cms":75.873,"strahler_order":5,"channel_class":"perennial","in_headwater_formation":1},"geometry":{"type":"LineString","coordinates":[[71.13542,38.80208],[71.12292,38.80208],[71.11458,38.81458]]}},{"type":"Feature","properties":{"hyriv_id":40299239,"system_id":"syr_darya","discharge_cms":75.905,"strahler_order":5,"channel_class":"perennial","in_headwater_formation":0},"geometry":{"type":"LineString","coordinates":[[70.59375,41.70208],[70.56042,41.70208]]}},{"type":"Feature","properties":{"hyriv_id":40395921,"system_id":"amu_darya","discharge_cms":75.961,"strahler_order":4,"channel_class":"perennial","in_headwater_formation":0},"geometry":{"type":"LineString","coordinates":[[68.86458,38.50625],[68.86042,38.50208],[68.84375,38.50625]]}},{"type":"Feature","properties":{"hyriv_id":40366219,"system_id":"amu_darya","discharge_cms":76.011,"strahler_order":4,"channel_class":"perennial","in_headwater_formation":1},"geometry":{"type":"LineString","coordinates":[[72.11458,39.52292],[72.10208,39.51458]]}},{"type":"Feature","properties":{"hyriv_id":40446626,"system_id":"amu_darya","discharge_cms":76.116,"strahler_order":5,"channel_class":"perennial","in_headwater_formation":1},"geometry":{"type":"LineString","coordinates":[[70.85208,36.86875],[70.84792,36.87292]]}},{"type":"Feature","properties":{"hyriv_id":40396039,"system_id":"amu_darya","discharge_cms":76.498,"strahler_order":4,"channel_class":"perennial","in_headwater_formation":0},"geometry":{"type":"LineString","coordinates":[[68.84375,38.50625],[68.81458,38.49792]]}},{"type":"Feature","properties":{"hyriv_id":40297954,"system_id":"syr_darya","discharge_cms":77.052,"strahler_order":5,"channel_class":"perennial","in_headwater_formation":1},"geometry":{"type":"LineString","coordinates":[[74.25625,41.75208],[74.24375,41.74375]]}},{"type":"Feature","properties":{"hyriv_id":40298223,"system_id":"syr_darya","discharge_cms":77.14,"strahler_order":5,"channel_class":"perennial","in_headwater_formation":1},"geometry":{"type":"LineString","coordinates":[[74.24375,41.74375],[74.23958,41.73542]]}},{"type":"Feature","properties":{"hyriv_id":40298639,"system_id":"syr_darya","discharge_cms":77.321,"strahler_order":5,"channel_class":"perennial","in_headwater_formation":1},"geometry":{"type":"LineString","coordinates":[[74.23958,41.73542],[74.20625,41.73125],[74.19792,41.72292]]}},{"type":"Feature","properties":{"hyriv_id":40308281,"system_id":"syr_darya","discharge_cms":77.442,"strahler_order":5,"channel_class":"perennial","in_headwater_formation":1},"geometry":{"type":"LineString","coordinates":[[75.67708,41.41875],[75.65625,41.40625]]}},{"type":"Feature","properties":{"hyriv_id":40396368,"system_id":"amu_darya","discharge_cms":77.486,"strahler_order":4,"channel_class":"perennial","in_headwater_formation":0},"geometry":{"type":"LineString","coordinates":[[68.81458,38.49792],[68.80208,38.48542]]}},{"type":"Feature","properties":{"hyriv_id":40308398,"system_id":"syr_darya","discharge_cms":77.555,"strahler_order":5,"channel_class":"perennial","in_headwater_formation":1},"geometry":{"type":"LineString","coordinates":[[75.65625,41.40625],[75.65208,41.40208]]}},{"type":"Feature","properties":{"hyriv_id":40299782,"system_id":"syr_darya","discharge_cms":77.68,"strahler_order":5,"channel_class":"perennial","in_headwater_formation":0},"geometry":{"type":"LineString","coordinates":[[70.56042,41.70208],[70.51875,41.68542]]}},{"type":"Feature","properties":{"hyriv_id":40309090,"system_id":"syr_darya","discharge_cms":78.049,"strahler_order":5,"channel_class":"perennial","in_headwater_formation":1},"geometry":{"type":"LineString","coordinates":[[75.65208,41.40208],[75.64792,41.39375],[75.63125,41.39375],[75.61458,41.38125]]}},{"type":"Feature","properties":{"hyriv_id":40446498,"system_id":"amu_darya","discharge_cms":78.058,"strahler_order":5,"channel_class":"perennial","in_headwater_formation":1},"geometry":{"type":"LineString","coordinates":[[70.84792,36.87292],[70.84375,36.88958]]}},{"type":"Feature","properties":{"hyriv_id":40298638,"system_id":"syr_darya","discharge_cms":78.107,"strahler_order":5,"channel_class":"perennial","in_headwater_formation":1},"geometry":{"type":"LineString","coordinates":[[74.19792,41.72292],[74.18958,41.72708]]}},{"type":"Feature","properties":{"hyriv_id":40299923,"system_id":"syr_darya","discharge_cms":78.233,"strahler_order":5,"channel_class":"perennial","in_headwater_formation":0},"geometry":{"type":"LineString","coordinates":[[70.51875,41.68542],[70.50208,41.68125]]}},{"type":"Feature","properties":{"hyriv_id":40298637,"system_id":"syr_darya","discharge_cms":78.317,"strahler_order":5,"channel_class":"perennial","in_headwater_formation":1},"geometry":{"type":"LineString","coordinates":[[74.18958,41.72708],[74.17292,41.72292]]}},{"type":"Feature","properties":{"hyriv_id":40376051,"system_id":"amu_darya","discharge_cms":78.368,"strahler_order":5,"channel_class":"perennial","in_headwater_formation":1},"geometry":{"type":"LineString","coordinates":[[72.27708,39.17292],[72.26042,39.16875]]}},{"type":"Feature","properties":{"hyriv_id":40386545,"system_id":"amu_darya","discharge_cms":78.412,"strahler_order":5,"channel_class":"perennial","in_headwater_formation":1},"geometry":{"type":"LineString","coordinates":[[71.11458,38.81458],[71.11458,38.82708],[71.10625,38.83542]]}},{"type":"Feature","properties":{"hyriv_id":40396367,"system_id":"amu_darya","discharge_cms":78.467,"strahler_order":4,"channel_class":"perennial","in_headwater_formation":0},"geometry":{"type":"LineString","coordinates":[[68.80208,38.48542],[68.78125,38.48958]]}},{"type":"Feature","properties":{"hyriv_id":40366338,"system_id":"amu_darya","discharge_cms":78.625,"strahler_order":4,"channel_class":"perennial","in_headwater_formation":1},"geometry":{"type":"LineString","coordinates":[[72.10208,39.51458],[72.08958,39.51042]]}},{"type":"Feature","properties":{"hyriv_id":40298895,"system_id":"syr_darya","discharge_cms":78.666,"strahler_order":5,"channel_class":"perennial","in_headwater_formation":1},"geometry":{"type":"LineString","coordinates":[[74.17292,41.72292],[74.15625,41.71458],[74.13958,41.71875],[74.12292,41.71458]]}},{"type":"Feature","properties":{"hyriv_id":40299015,"system_id":"syr_darya","discharge_cms":78.825,"strahler_order":5,"channel_class":"perennial","in_headwater_formation":1},"geometry":{"type":"LineString","coordinates":[[74.12292,41.71458],[74.11458,41.71042],[74.10625,41.72292],[74.09792,41.72292]]}},{"type":"Feature","properties":{"hyriv_id":40366533,"system_id":"amu_darya","discharge_cms":78.986,"strahler_order":4,"channel_class":"perennial","in_headwater_formation":1},"geometry":{"type":"LineString","coordinates":[[72.08958,39.51042],[72.07708,39.50208]]}},{"type":"Feature","properties":{"hyriv_id":40298634,"system_id":"syr_darya","discharge_cms":79.008,"strahler_order":5,"channel_class":"perennial","in_headwater_formation":1},"geometry":{"type":"LineString","coordinates":[[74.09792,41.72292],[74.08542,41.72708]]}},{"type":"Feature","properties":{"hyriv_id":40300040,"system_id":"syr_darya","discharge_cms":79.153,"strahler_order":5,"channel_class":"perennial","in_headwater_formation":0},"geometry":{"type":"LineString","coordinates":[[70.50208,41.68125],[70.49792,41.67708]]}},{"type":"Feature","properties":{"hyriv_id":40385903,"system_id":"amu_darya","discharge_cms":79.194,"strahler_order":5,"channel_class":"perennial","in_headwater_formation":1},"geometry":{"type":"LineString","coordinates":[[71.10625,38.83542],[71.11042,38.85208],[71.10208,38.86042]]}},{"type":"Feature","properties":{"hyriv_id":40366532,"system_id":"amu_darya","discharge_cms":79.44,"strahler_order":4,"channel_class":"perennial","in_headwater_formation":1},"geometry":{"type":"LineString","coordinates":[[72.07708,39.50208],[72.06042,39.50208]]}},{"type":"Feature","properties":{"hyriv_id":40298511,"system_id":"syr_darya","discharge_cms":79.897,"strahler_order":5,"channel_class":"perennial","in_headwater_formation":1},"geometry":{"type":"LineString","coordinates":[[74.08542,41.72708],[74.07708,41.72708]]}},{"type":"Feature","properties":{"hyriv_id":40385138,"system_id":"amu_darya","discharge_cms":80.053,"strahler_order":5,"channel_class":"perennial","in_headwater_formation":1},"geometry":{"type":"LineString","coordinates":[[71.10208,38.86042],[71.10208,38.86458]]}},{"type":"Feature","properties":{"hyriv_id":40366734,"system_id":"amu_darya","discharge_cms":80.298,"strahler_order":4,"channel_class":"perennial","in_headwater_formation":1},"geometry":{"type":"LineString","coordinates":[[72.06042,39.50208],[72.03958,39.50208],[72.03125,39.49375],[72.01458,39.49792]]}},{"type":"Feature","properties":{"hyriv_id":40298509,"system_id":"syr_darya","discharge_cms":80.37,"strahler_order":5,"channel_class":"perennial","in_headwater_formation":1},"geometry":{"type":"LineString","coordinates":[[74.07708,41.72708],[74.05625,41.73542],[74.01875,41.73125]]}},{"type":"Feature","properties":{"hyriv_id":40402027,"system_id":"amu_darya","discharge_cms":80.387,"strahler_order":6,"channel_class":"perennial","in_headwater_formation":1},"geometry":{"type":"LineString","coordinates":[[72.45625,38.32292],[72.43125,38.31458],[72.40208,38.31458],[72.39375,38.29792]]}},{"type":"Feature","properties":{"hyriv_id":40300566,"system_id":"syr_darya","discharge_cms":80.473,"strahler_order":5,"channel_class":"perennial","in_headwater_formation":0},"geometry":{"type":"LineString","coordinates":[[70.49792,41.67708],[70.46042,41.66042]]}},{"type":"Feature","properties":{"hyriv_id":40298380,"system_id":"syr_darya","discharge_cms":80.602,"strahler_order":5,"channel_class":"perennial","in_headwater_formation":1},"geometry":{"type":"LineString","coordinates":[[74.01875,41.73125],[74.01042,41.73125]]}},{"type":"Feature","properties":{"hyriv_id":40384988,"system_id":"amu_darya","discharge_cms":80.655,"strahler_order":5,"channel_class":"perennial","in_headwater_formation":1},"geometry":{"type":"LineString","coordinates":[[71.10208,38.86458],[71.09792,38.87292]]}},{"type":"Feature","properties":{"hyriv_id":40402148,"system_id":"amu_darya","discharge_cms":80.745,"strahler_order":6,"channel_class":"perennial","in_headwater_formation":1},"geometry":{"type":"LineString","coordinates":[[72.39375,38.29792],[72.38125,38.29375]]}},{"type":"Feature","properties":{"hyriv_id":40298379,"system_id":"syr_darya","discharge_cms":80.787,"strahler_order":5,"channel_class":"perennial","in_headwater_formation":1},"geometry":{"type":"LineString","coordinates":[[74.01042,41.73125],[73.98542,41.73958]]}},{"type":"Feature","properties":{"hyriv_id":40490024,"system_id":"amu_darya","discharge_cms":80.933,"strahler_order":6,"channel_class":"perennial","in_headwater_formation":1},"geometry":{"type":"LineString","coordinates":[[68.68125,35.60625],[68.67708,35.62292],[68.70208,35.63542],[68.71458,35.65625]]}},{"type":"Feature","properties":{"hyriv_id":40445945,"system_id":"amu_darya","discharge_cms":81.055,"strahler_order":5,"channel_class":"perennial","in_headwater_formation":1},"geometry":{"type":"LineString","coordinates":[[70.84375,36.88958],[70.83958,36.90625],[70.85625,36.92292]]}},{"type":"Feature","properties":{"hyriv_id":40366631,"system_id":"amu_darya","discharge_cms":81.064,"strahler_order":4,"channel_class":"perennial","in_headwater_formation":1},"geometry":{"type":"LineString","coordinates":[[72.01458,39.49792],[72.00625,39.49792]]}},{"type":"Feature","properties":{"hyriv_id":40459766,"system_id":"amu_darya","discharge_cms":81.217,"strahler_order":6,"channel_class":"perennial","in_headwater_formation":1},"geometry":{"type":"LineString","coordinates":[[68.90625,36.48542],[68.90208,36.50208]]}},{"type":"Feature","properties":{"hyriv_id":40367077,"system_id":"amu_darya","discharge_cms":81.401,"strahler_order":4,"channel_class":"perennial","in_headwater_formation":1},"geometry":{"type":"LineString","coordinates":[[72.00625,39.49792],[71.98958,39.48125],[71.97708,39.48542]]}},{"type":"Feature","properties":{"hyriv_id":40459151,"system_id":"amu_darya","discharge_cms":81.401,"strahler_order":6,"channel_class":"perennial","in_headwater_formation":1},"geometry":{"type":"LineString","coordinates":[[68.90208,36.50208],[68.89375,36.50625]]}},{"type":"Feature","properties":{"hyriv_id":40459013,"system_id":"amu_darya","discharge_cms":81.528,"strahler_order":6,"channel_class":"perennial","in_headwater_formation":1},"geometry":{"type":"LineString","coordinates":[[68.89375,36.50625],[68.89375,36.51458],[68.88125,36.52708],[68.88125,36.53958]]}},{"type":"Feature","properties":{"hyriv_id":40300718,"system_id":"syr_darya","discharge_cms":81.564,"strahler_order":5,"channel_class":"perennial","in_headwater_formation":0},"geometry":{"type":"LineString","coordinates":[[70.46042,41.66042],[70.45208,41.65625]]}},{"type":"Feature","properties":{"hyriv_id":40298378,"system_id":"syr_darya","discharge_cms":81.588,"strahler_order":5,"channel_class":"perennial","in_headwater_formation":1},"geometry":{"type":"LineString","coordinates":[[73.98542,41.73958],[73.93958,41.74792],[73.91042,41.73125]]}},{"type":"Feature","properties":{"hyriv_id":40457902,"system_id":"amu_darya","discharge_cms":81.655,"strahler_order":6,"channel_class":"perennial","in_headwater_formation":1},"geometry":{"type":"LineString","coordinates":[[68.88125,36.53958],[68.88125,36.54375]]}},{"type":"Feature","properties":{"hyriv_id":40457774,"system_id":"amu_darya","discharge_cms":81.735,"strahler_order":6,"channel_class":"perennial","in_headwater_formation":1},"geometry":{"type":"LineString","coordinates":[[68.88125,36.54375],[68.88542,36.54792],[68.87708,36.56458],[68.88125,36.58125]]}},{"type":"Feature","properties":{"hyriv_id":40488238,"system_id":"amu_darya","discharge_cms":81.737,"strahler_order":6,"channel_class":"perennial","in_headwater_formation":1},"geometry":{"type":"LineString","coordinates":[[68.71458,35.65625],[68.73958,35.67292],[68.73542,35.67708],[68.75208,35.69792],[68.75208,35.70625]]}},{"type":"Feature","properties":{"hyriv_id":40456486,"system_id":"amu_darya","discharge_cms":81.827,"strahler_order":6,"channel_class":"perennial","in_headwater_formation":1},"geometry":{"type":"LineString","coordinates":[[68.88125,36.58125],[68.88958,36.58542],[68.88542,36.58958]]}},{"type":"Feature","properties":{"hyriv_id":40300864,"system_id":"syr_darya","discharge_cms":81.838,"strahler_order":5,"channel_class":"perennial","in_headwater_formation":0},"geometry":{"type":"LineString","coordinates":[[70.45208,41.65625],[70.44792,41.65208]]}},{"type":"Feature","properties":{"hyriv_id":40461060,"system_id":"amu_darya","discharge_cms":81.878,"strahler_order":6,"channel_class":"perennial","in_headwater_formation":1},"geometry":{"type":"LineString","coordinates":[[68.88542,36.44792],[68.88542,36.46042],[68.90208,36.46875],[68.90625,36.48542]]}},{"type":"Feature","properties":{"hyriv_id":40366971,"system_id":"amu_darya","discharge_cms":81.927,"strahler_order":4,"channel_class":"perennial","in_headwater_formation":1},"geometry":{"type":"LineString","coordinates":[[71.97708,39.48542],[71.96875,39.48958],[71.92708,39.48542]]}},{"type":"Feature","properties":{"hyriv_id":40486456,"system_id":"amu_darya","discharge_cms":81.928,"strahler_order":6,"channel_class":"perennial","in_headwater_formation":1},"geometry":{"type":"LineString","coordinates":[[68.75208,35.70625],[68.75625,35.71458]]}},{"type":"Feature","properties":{"hyriv_id":40456178,"system_id":"amu_darya","discharge_cms":82.045,"strahler_order":6,"channel_class":"perennial","in_headwater_formation":1},"geometry":{"type":"LineString","coordinates":[[68.88542,36.58958],[68.86458,36.62292],[68.87292,36.63542]]}},{"type":"Feature","properties":{"hyriv_id":40486191,"system_id":"amu_darya","discharge_cms":82.052,"strahler_order":6,"channel_class":"perennial","in_headwater_formation":1},"geometry":{"type":"LineString","coordinates":[[68.75625,35.71458],[68.75625,35.72292]]}},{"type":"Feature","properties":{"hyriv_id":40454543,"system_id":"amu_darya","discharge_cms":82.111,"strahler_order":6,"channel_class":"perennial","in_headwater_formation":1},"geometry":{"type":"LineString","coordinates":[[68.87292,36.63542],[68.87292,36.64792]]}},{"type":"Feature","properties":{"hyriv_id":40366970,"system_id":"amu_darya","discharge_cms":82.189,"strahler_order":4,"channel_class":"perennial","in_headwater_formation":1},"geometry":{"type":"LineString","coordinates":[[71.92708,39.48542],[71.91458,39.48542]]}},{"type":"Feature","properties":{"hyriv_id":40454088,"system_id":"amu_darya","discharge_cms":82.272,"strahler_order":6,"channel_class":"perennial","in_headwater_formation":1},"geometry":{"type":"LineString","coordinates":[[68.87292,36.64792],[68.85625,36.67292],[68.84375,36.67292],[68.82708,36.69375]]}},{"type":"Feature","properties":{"hyriv_id":40452499,"system_id":"amu_darya","discharge_cms":82.498,"strahler_order":6,"channel_class":"perennial","in_headwater_formation":1},"geometry":{"type":"LineString","coordinates":[[68.82708,36.69375],[68.83125,36.72292],[68.81042,36.74792],[68.80625,36.74375]]}},{"type":"Feature","properties":{"hyriv_id":40450768,"system_id":"amu_darya","discharge_cms":82.539,"strahler_order":6,"channel_class":"perennial","in_headwater_formation":1},"geometry":{"type":"LineString","coordinates":[[68.80625,36.74375],[68.79375,36.75625],[68.78125,36.75208]]}},{"type":"Feature","properties":{"hyriv_id":40444897,"system_id":"amu_darya","discharge_cms":82.633,"strahler_order":5,"channel_class":"perennial","in_headwater_formation":1},"geometry":{"type":"LineString","coordinates":[[70.85625,36.92292],[70.86875,36.93958],[70.86458,36.95208],[70.83542,36.96458],[70.81875,36.98125],[70.79792,37.01458],[70.80208,37.01875]]}},{"type":"Feature","properties":{"hyriv_id":40450520,"system_id":"amu_darya","discharge_cms":82.637,"strahler_order":6,"channel_class":"perennial","in_headwater_formation":1},"geometry":{"type":"LineString","coordinates":[[68.78125,36.75208],[68.76458,36.76458],[68.70208,36.77708]]}},{"type":"Feature","properties":{"hyriv_id":40449704,"system_id":"amu_darya","discharge_cms":82.857,"strahler_order":6,"channel_class":"perennial","in_headwater_formation":1},"geometry":{"type":"LineString","coordinates":[[68.70208,36.77708],[68.68125,36.80208],[68.66458,36.79375]]}},{"type":"Feature","properties":{"hyriv_id":40449114,"system_id":"amu_darya","discharge_cms":82.88,"strahler_order":6,"channel_class":"perennial","in_headwater_formation":1},"geometry":{"type":"LineString","coordinates":[[68.66458,36.79375],[68.66042,36.79375]]}},{"type":"Feature","properties":{"hyriv_id":40449113,"system_id":"amu_darya","discharge_cms":82.942,"strahler_order":6,"channel_class":"perennial","in_headwater_formation":1},"geometry":{"type":"LineString","coordinates":[[68.66042,36.79375],[68.64792,36.81458],[68.64375,36.81042],[68.63958,36.81458]]}},{"type":"Feature","properties":{"hyriv_id":40300999,"system_id":"syr_darya","discharge_cms":82.964,"strahler_order":5,"channel_class":"perennial","in_headwater_formation":0},"geometry":{"type":"LineString","coordinates":[[70.44792,41.65208],[70.41875,41.64792]]}},{"type":"Feature","properties":{"hyriv_id":40448411,"system_id":"amu_darya","discharge_cms":83.028,"strahler_order":6,"channel_class":"perennial","in_headwater_formation":1},"geometry":{"type":"LineString","coordinates":[[68.63958,36.81458],[68.62292,36.85208]]}},{"type":"Feature","properties":{"hyriv_id":40447178,"system_id":"amu_darya","discharge_cms":83.078,"strahler_order":6,"channel_class":"perennial","in_headwater_formation":1},"geometry":{"type":"LineString","coordinates":[[68.62292,36.85208],[68.61458,36.86458]]}},{"type":"Feature","properties":{"hyriv_id":40384714,"system_id":"amu_darya","discharge_cms":83.404,"strahler_order":5,"channel_class":"perennial","in_headwater_formation":1},"geometry":{"type":"LineString","coordinates":[[71.09792,38.87292],[71.07292,38.89792],[71.06458,38.89792]]}},{"type":"Feature","properties":{"hyriv_id":40464617,"system_id":"amu_darya","discharge_cms":83.701,"strahler_order":6,"channel_class":"perennial","in_headwater_formation":1},"geometry":{"type":"LineString","coordinates":[[68.76042,36.34792],[68.78125,36.34375]]}},{"type":"Feature","properties":{"hyriv_id":40462482,"system_id":"amu_darya","discharge_cms":83.77,"strahler_order":6,"channel_class":"perennial","in_headwater_formation":1},"geometry":{"type":"LineString","coordinates":[[68.90625,36.40625],[68.91458,36.41458],[68.90208,36.42708],[68.90625,36.43542],[68.88542,36.44792]]}},{"type":"Feature","properties":{"hyriv_id":40485938,"system_id":"amu_darya","discharge_cms":83.77,"strahler_order":6,"channel_class":"perennial","in_headwater_formation":1},"geometry":{"type":"LineString","coordinates":[[68.75625,35.72292],[68.75208,35.72708],[68.75625,35.75625],[68.76875,35.77708]]}},{"type":"Feature","properties":{"hyriv_id":40402388,"system_id":"amu_darya","discharge_cms":83.806,"strahler_order":6,"channel_class":"perennial","in_headwater_formation":1},"geometry":{"type":"LineString","coordinates":[[72.38125,38.29375],[72.36042,38.28542],[72.33958,38.28958]]}},{"type":"Feature","properties":{"hyriv_id":40301855,"system_id":"syr_darya","discharge_cms":84.159,"strahler_order":5,"channel_class":"perennial","in_headwater_formation":0},"geometry":{"type":"LineString","coordinates":[[70.41875,41.64792],[70.38958,41.61875]]}},{"type":"Feature","properties":{"hyriv_id":40484201,"system_id":"amu_darya","discharge_cms":84.19,"strahler_order":6,"channel_class":"perennial","in_headwater_formation":1},"geometry":{"type":"LineString","coordinates":[[68.76875,35.77708],[68.77292,35.77708],[68.77708,35.82708]]}},{"type":"Feature","properties":{"hyriv_id":40402638,"system_id":"amu_darya","discharge_cms":84.34,"strahler_order":6,"channel_class":"perennial","in_headwater_formation":1},"geometry":{"type":"LineString","coordinates":[[72.33958,38.28958],[72.31875,38.27708]]}},{"type":"Feature","properties":{"hyriv_id":40465192,"system_id":"amu_darya","discharge_cms":84.359,"strahler_order":6,"channel_class":"perennial","in_headwater_formation":1},"geometry":{"type":"LineString","coordinates":[[68.73958,36.32708],[68.74792,36.34375]]}},{"type":"Feature","properties":{"hyriv_id":40464616,"system_id":"amu_darya","discharge_cms":84.406,"strahler_order":6,"channel_class":"perennial","in_headwater_formation":1},"geometry":{"type":"LineString","coordinates":[[68.74792,36.34375],[68.76042,36.34792]]}},{"type":"Feature","properties":{"hyriv_id":40402843,"system_id":"amu_darya","discharge_cms":84.492,"strahler_order":6,"channel_class":"perennial","in_headwater_formation":1},"geometry":{"type":"LineString","coordinates":[[72.31875,38.27708],[72.31042,38.26875]]}},{"type":"Feature","properties":{"hyriv_id":40383927,"system_id":"amu_darya","discharge_cms":84.518,"strahler_order":5,"channel_class":"perennial","in_headwater_formation":1},"geometry":{"type":"LineString","coordinates":[[71.06458,38.89792],[71.04375,38.89792]]}},{"type":"Feature","properties":{"hyriv_id":40301854,"system_id":"syr_darya","discharge_cms":84.618,"strahler_order":5,"channel_class":"perennial","in_headwater_formation":0},"geometry":{"type":"LineString","coordinates":[[70.38958,41.61875],[70.37708,41.61875]]}},{"type":"Feature","properties":{"hyriv_id":40402841,"system_id":"amu_darya","discharge_cms":84.75,"strahler_order":6,"channel_class":"perennial","in_headwater_formation":1},"geometry":{"type":"LineString","coordinates":[[72.31042,38.26875],[72.28958,38.26875]]}},{"type":"Feature","properties":{"hyriv_id":40298893,"system_id":"syr_darya","discharge_cms":84.816,"strahler_order":5,"channel_class":"perennial","in_headwater_formation":1},"geometry":{"type":"LineString","coordinates":[[73.91042,41.73125],[73.86875,41.71458]]}},{"type":"Feature","properties":{"hyriv_id":40465638,"system_id":"amu_darya","discharge_cms":84.947,"strahler_order":6,"channel_class":"perennial","in_headwater_formation":1},"geometry":{"type":"LineString","coordinates":[[68.74375,36.31458],[68.73958,36.32708]]}},{"type":"Feature","properties":{"hyriv_id":40383925,"system_id":"amu_darya","discharge_cms":85.188,"strahler_order":5,"channel_class":"perennial","in_headwater_formation":1},"geometry":{"type":"LineString","coordinates":[[71.04375,38.89792],[71.03542,38.89792]]}},{"type":"Feature","properties":{"hyriv_id":40466259,"system_id":"amu_darya","discharge_cms":85.397,"strahler_order":6,"channel_class":"perennial","in_headwater_formation":1},"geometry":{"type":"LineString","coordinates":[[68.74375,36.29792],[68.74792,36.30625],[68.74375,36.31458]]}},{"type":"Feature","properties":{"hyriv_id":40482496,"system_id":"amu_darya","discharge_cms":85.485,"strahler_order":6,"channel_class":"perennial","in_headwater_formation":1},"geometry":{"type":"LineString","coordinates":[[68.77708,35.82708],[68.77292,35.83542]]}},{"type":"Feature","properties":{"hyriv_id":40464171,"system_id":"amu_darya","discharge_cms":85.526,"strahler_order":6,"channel_class":"perennial","in_headwater_formation":1},"geometry":{"type":"LineString","coordinates":[[68.84792,36.36042],[68.87708,36.35625],[68.89792,36.38542],[68.89375,36.39375],[68.89792,36.40625],[68.90625,36.40625]]}},{"type":"Feature","properties":{"hyriv_id":40403463,"system_id":"amu_darya","discharge_cms":85.737,"strahler_order":6,"channel_class":"perennial","in_headwater_formation":1},"geometry":{"type":"LineString","coordinates":[[72.28958,38.26875],[72.26875,38.24792]]}},{"type":"Feature","properties":{"hyriv_id":40476178,"system_id":"amu_darya","discharge_cms":85.962,"strahler_order":6,"channel_class":"perennial","in_headwater_formation":1},"geometry":{"type":"LineString","coordinates":[[68.64375,36.00625],[68.63958,36.03542],[68.61042,36.06875]]}},{"type":"Feature","properties":{"hyriv_id":40466804,"system_id":"amu_darya","discharge_cms":85.969,"strahler_order":6,"channel_class":"perennial","in_headwater_formation":1},"geometry":{"type":"LineString","coordinates":[[68.73542,36.28125],[68.74375,36.29792]]}},{"type":"Feature","properties":{"hyriv_id":40404389,"system_id":"amu_darya","discharge_cms":86.19,"strahler_order":6,"channel_class":"perennial","in_headwater_formation":1},"geometry":{"type":"LineString","coordinates":[[72.26875,38.24792],[72.26458,38.23958],[72.26875,38.21458]]}},{"type":"Feature","properties":{"hyriv_id":40467311,"system_id":"amu_darya","discharge_cms":86.287,"strahler_order":6,"channel_class":"perennial","in_headwater_formation":1},"geometry":{"type":"LineString","coordinates":[[68.73125,36.26458],[68.73542,36.28125]]}},{"type":"Feature","properties":{"hyriv_id":40482224,"system_id":"amu_darya","discharge_cms":86.665,"strahler_order":6,"channel_class":"perennial","in_headwater_formation":1},"geometry":{"type":"LineString","coordinates":[[68.77292,35.83542],[68.76458,35.86458]]}},{"type":"Feature","properties":{"hyriv_id":40383924,"system_id":"amu_darya","discharge_cms":86.754,"strahler_order":5,"channel_class":"perennial","in_headwater_formation":1},"geometry":{"type":"LineString","coordinates":[[71.03542,38.89792],[71.02708,38.90625],[70.97708,38.89792]]}},{"type":"Feature","properties":{"hyriv_id":40481191,"system_id":"amu_darya","discharge_cms":86.824,"strahler_order":6,"channel_class":"perennial","in_headwater_formation":1},"geometry":{"type":"LineString","coordinates":[[68.76458,35.86458],[68.74792,35.88125],[68.75208,35.89375]]}},{"type":"Feature","properties":{"hyriv_id":40468466,"system_id":"amu_darya","discharge_cms":86.883,"strahler_order":6,"channel_class":"perennial","in_headwater_formation":1},"geometry":{"type":"LineString","coordinates":[[68.74375,36.23125],[68.73958,36.25625],[68.73125,36.26458]]}},{"type":"Feature","properties":{"hyriv_id":40366969,"system_id":"amu_darya","discharge_cms":86.988,"strahler_order":4,"channel_class":"perennial","in_headwater_formation":1},"geometry":{"type":"LineString","coordinates":[[71.91458,39.48542],[71.89792,39.48542]]}},{"type":"Feature","properties":{"hyriv_id":40480152,"system_id":"amu_darya","discharge_cms":86.994,"strahler_order":6,"channel_class":"perennial","in_headwater_formation":1},"geometry":{"type":"LineString","coordinates":[[68.75208,35.89375],[68.73958,35.91458],[68.71875,35.92708]]}},{"type":"Feature","properties":{"hyriv_id":40478995,"system_id":"amu_darya","discharge_cms":87.17,"strahler_order":6,"channel_class":"perennial","in_headwater_formation":1},"geometry":{"type":"LineString","coordinates":[[68.71875,35.92708],[68.70625,35.95208]]}},{"type":"Feature","properties":{"hyriv_id":40478082,"system_id":"amu_darya","discharge_cms":87.266,"strahler_order":6,"channel_class":"perennial","in_headwater_formation":1},"geometry":{"type":"LineString","coordinates":[[68.70625,35.95208],[68.69375,35.96458]]}},{"type":"Feature","properties":{"hyriv_id":40383923,"system_id":"amu_darya","discharge_cms":87.307,"strahler_order":5,"channel_class":"perennial","in_headwater_formation":1},"geometry":{"type":"LineString","coordinates":[[70.97708,38.89792],[70.96875,38.89792]]}},{"type":"Feature","properties":{"hyriv_id":40477655,"system_id":"amu_darya","discharge_cms":87.541,"strahler_order":6,"channel_class":"perennial","in_headwater_formation":1},"geometry":{"type":"LineString","coordinates":[[68.69375,35.96458],[68.67708,35.98958],[68.66458,35.98958],[68.64375,36.00625]]}},{"type":"Feature","properties":{"hyriv_id":40404866,"system_id":"amu_darya","discharge_cms":87.594,"strahler_order":6,"channel_class":"perennial","in_headwater_formation":1},"geometry":{"type":"LineString","coordinates":[[72.26875,38.21458],[72.24375,38.19792]]}},{"type":"Feature","properties":{"hyriv_id":40404979,"system_id":"amu_darya","discharge_cms":87.84,"strahler_order":6,"channel_class":"perennial","in_headwater_formation":1},"geometry":{"type":"LineString","coordinates":[[72.24375,38.19792],[72.23125,38.19375]]}},{"type":"Feature","properties":{"hyriv_id":40468996,"system_id":"amu_darya","discharge_cms":87.878,"strahler_order":6,"channel_class":"perennial","in_headwater_formation":1},"geometry":{"type":"LineString","coordinates":[[68.73542,36.21458],[68.74375,36.23125]]}},{"type":"Feature","properties":{"hyriv_id":40384062,"system_id":"amu_darya","discharge_cms":87.894,"strahler_order":5,"channel_class":"perennial","in_headwater_formation":1},"geometry":{"type":"LineString","coordinates":[[70.96875,38.89792],[70.94792,38.89375]]}},{"type":"Feature","properties":{"hyriv_id":40367189,"system_id":"amu_darya","discharge_cms":88.068,"strahler_order":4,"channel_class":"perennial","in_headwater_formation":1},"geometry":{"type":"LineString","coordinates":[[71.89792,39.48542],[71.88958,39.47708],[71.87292,39.47708],[71.86458,39.48542],[71.83542,39.47708]]}},{"type":"Feature","properties":{"hyriv_id":40470137,"system_id":"amu_darya","discharge_cms":88.094,"strahler_order":6,"channel_class":"perennial","in_headwater_formation":1},"geometry":{"type":"LineString","coordinates":[[68.71042,36.18125],[68.72292,36.18958],[68.71875,36.20208],[68.73542,36.21458]]}},{"type":"Feature","properties":{"hyriv_id":40367712,"system_id":"amu_darya","discharge_cms":88.458,"strahler_order":4,"channel_class":"perennial","in_headwater_formation":1},"geometry":{"type":"LineString","coordinates":[[71.83542,39.47708],[71.81042,39.46042]]}},{"type":"Feature","properties":{"hyriv_id":40302600,"system_id":"syr_darya","discharge_cms":88.546,"strahler_order":5,"channel_class":"perennial","in_headwater_formation":0},"geometry":{"type":"LineString","coordinates":[[70.37708,41.61875],[70.36875,41.62292],[70.34792,41.61042],[70.32292,41.60625],[70.31458,41.59375]]}},{"type":"Feature","properties":{"hyriv_id":40405215,"system_id":"amu_darya","discharge_cms":88.796,"strahler_order":6,"channel_class":"perennial","in_headwater_formation":1},"geometry":{"type":"LineString","coordinates":[[72.23125,38.19375],[72.22292,38.18542]]}},{"type":"Feature","properties":{"hyriv_id":40464032,"system_id":"amu_darya","discharge_cms":89.015,"strahler_order":6,"channel_class":"perennial","in_headwater_formation":1},"geometry":{"type":"LineString","coordinates":[[68.82292,36.36458],[68.84792,36.36042]]}},{"type":"Feature","properties":{"hyriv_id":40406223,"system_id":"amu_darya","discharge_cms":89.108,"strahler_order":6,"channel_class":"perennial","in_headwater_formation":1},"geometry":{"type":"LineString","coordinates":[[72.22292,38.18542],[72.22292,38.17708],[72.20625,38.16042],[72.22292,38.14792]]}},{"type":"Feature","properties":{"hyriv_id":40470136,"system_id":"amu_darya","discharge_cms":89.454,"strahler_order":6,"channel_class":"perennial","in_headwater_formation":1},"geometry":{"type":"LineString","coordinates":[[68.70625,36.18125],[68.71042,36.18125]]}},{"type":"Feature","properties":{"hyriv_id":40471317,"system_id":"amu_darya","discharge_cms":89.501,"strahler_order":6,"channel_class":"perennial","in_headwater_formation":1},"geometry":{"type":"LineString","coordinates":[[68.68958,36.14792],[68.69375,36.16875],[68.70208,36.17708]]}},{"type":"Feature","properties":{"hyriv_id":40470280,"system_id":"amu_darya","discharge_cms":89.558,"strahler_order":6,"channel_class":"perennial","in_headwater_formation":1},"geometry":{"type":"LineString","coordinates":[[68.70208,36.17708],[68.70625,36.18125]]}},{"type":"Feature","properties":{"hyriv_id":40464461,"system_id":"amu_darya","discharge_cms":90.0,"strahler_order":6,"channel_class":"perennial","in_headwater_formation":1},"geometry":{"type":"LineString","coordinates":[[68.78542,36.34792],[68.78958,36.35625],[68.80625,36.35625],[68.82292,36.36458]]}},{"type":"Feature","properties":{"hyriv_id":40303331,"system_id":"syr_darya","discharge_cms":90.149,"strahler_order":5,"channel_class":"perennial","in_headwater_formation":0},"geometry":{"type":"LineString","coordinates":[[70.31458,41.59375],[70.29792,41.58125],[70.28542,41.58125],[70.27292,41.56875]]}},{"type":"Feature","properties":{"hyriv_id":40471437,"system_id":"amu_darya","discharge_cms":90.258,"strahler_order":6,"channel_class":"perennial","in_headwater_formation":1},"geometry":{"type":"LineString","coordinates":[[68.68958,36.14375],[68.68958,36.14792]]}},{"type":"Feature","properties":{"hyriv_id":40472999,"system_id":"amu_darya","discharge_cms":90.26,"strahler_order":6,"channel_class":"perennial","in_headwater_formation":1},"geometry":{"type":"LineString","coordinates":[[68.63125,36.09792],[68.65625,36.11042],[68.66875,36.10625],[68.68958,36.14375]]}},{"type":"Feature","properties":{"hyriv_id":40323763,"system_id":"syr_darya","discharge_cms":90.369,"strahler_order":6,"channel_class":"perennial","in_headwater_formation":1},"geometry":{"type":"LineString","coordinates":[[71.76458,40.89792],[71.75625,40.90208]]}},{"type":"Feature","properties":{"hyriv_id":40323764,"system_id":"syr_darya","discharge_cms":90.453,"strahler_order":6,"channel_class":"perennial","in_headwater_formation":1},"geometry":{"type":"LineString","coordinates":[[71.78958,40.90208],[71.78542,40.90625],[71.77708,40.89792],[71.76458,40.89792]]}},{"type":"Feature","properties":{"hyriv_id":40323624,"system_id":"syr_darya","discharge_cms":90.714,"strahler_order":6,"channel_class":"perennial","in_headwater_formation":1},"geometry":{"type":"LineString","coordinates":[[71.84792,40.91458],[71.83542,40.91875],[71.81042,40.91458],[71.78958,40.90208]]}},{"type":"Feature","properties":{"hyriv_id":40303455,"system_id":"syr_darya","discharge_cms":90.733,"strahler_order":5,"channel_class":"perennial","in_headwater_formation":0},"geometry":{"type":"LineString","coordinates":[[70.27292,41.56875],[70.26458,41.56458]]}},{"type":"Feature","properties":{"hyriv_id":40323233,"system_id":"syr_darya","discharge_cms":91.245,"strahler_order":6,"channel_class":"perennial","in_headwater_formation":1},"geometry":{"type":"LineString","coordinates":[[71.91875,40.91458],[71.91458,40.91875],[71.87708,40.91458],[71.86875,40.92292],[71.84792,40.91458]]}},{"type":"Feature","properties":{"hyriv_id":40325802,"system_id":"syr_darya","discharge_cms":91.378,"strahler_order":6,"channel_class":"perennial","in_headwater_formation":1},"geometry":{"type":"LineString","coordinates":[[72.06875,40.83542],[72.05625,40.83958],[72.01875,40.88125]]}},{"type":"Feature","properties":{"hyriv_id":40326533,"system_id":"syr_darya","discharge_cms":91.571,"strahler_order":6,"channel_class":"perennial","in_headwater_formation":1},"geometry":{"type":"LineString","coordinates":[[72.13125,40.81458],[72.11458,40.81042],[72.08125,40.83958],[72.06875,40.83542]]}},{"type":"Feature","properties":{"hyriv_id":40303955,"system_id":"syr_darya","discharge_cms":91.619,"strahler_order":5,"channel_class":"perennial","in_headwater_formation":0},"geometry":{"type":"LineString","coordinates":[[70.26458,41.56458],[70.25625,41.54792]]}},{"type":"Feature","properties":{"hyriv_id":40464618,"system_id":"amu_darya","discharge_cms":91.663,"strahler_order":6,"channel_class":"perennial","in_headwater_formation":1},"geometry":{"type":"LineString","coordinates":[[68.78125,36.34375],[68.78542,36.34792]]}},{"type":"Feature","properties":{"hyriv_id":40367967,"system_id":"amu_darya","discharge_cms":91.765,"strahler_order":4,"channel_class":"perennial","in_headwater_formation":1},"geometry":{"type":"LineString","coordinates":[[71.81042,39.46042],[71.80208,39.45208]]}},{"type":"Feature","properties":{"hyriv_id":40326407,"system_id":"syr_darya","discharge_cms":91.814,"strahler_order":6,"channel_class":"perennial","in_headwater_formation":1},"geometry":{"type":"LineString","coordinates":[[72.15208,40.81458],[72.14375,40.81875],[72.13125,40.81458]]}},{"type":"Feature","properties":{"hyriv_id":40323908,"system_id":"syr_darya","discharge_cms":91.956,"strahler_order":6,"channel_class":"perennial","in_headwater_formation":1},"geometry":{"type":"LineString","coordinates":[[71.98125,40.89792],[71.97708,40.89375],[71.94375,40.89792],[71.91875,40.91458]]}},{"type":"Feature","properties":{"hyriv_id":40368215,"system_id":"amu_darya","discharge_cms":92.212,"strahler_order":4,"channel_class":"perennial","in_headwater_formation":1},"geometry":{"type":"LineString","coordinates":[[71.80208,39.45208],[71.78542,39.45625],[71.76042,39.44375]]}},{"type":"Feature","properties":{"hyriv_id":40324059,"system_id":"syr_darya","discharge_cms":92.604,"strahler_order":6,"channel_class":"perennial","in_headwater_formation":1},"geometry":{"type":"LineString","coordinates":[[72.01042,40.88958],[71.99375,40.88958],[71.98125,40.89792]]}},{"type":"Feature","properties":{"hyriv_id":40369308,"system_id":"amu_darya","discharge_cms":92.748,"strahler_order":4,"channel_class":"perennial","in_headwater_formation":1},"geometry":{"type":"LineString","coordinates":[[71.76042,39.44375],[71.73542,39.41458],[71.71875,39.40625]]}},{"type":"Feature","properties":{"hyriv_id":40324334,"system_id":"syr_darya","discharge_cms":92.751,"strahler_order":6,"channel_class":"perennial","in_headwater_formation":1},"geometry":{"type":"LineString","coordinates":[[72.01875,40.88125],[72.01042,40.88958]]}},{"type":"Feature","properties":{"hyriv_id":40473292,"system_id":"amu_darya","discharge_cms":92.764,"strahler_order":6,"channel_class":"perennial","in_headwater_formation":1},"geometry":{"type":"LineString","coordinates":[[68.61458,36.08958],[68.63125,36.09792]]}},{"type":"Feature","properties":{"hyriv_id":40406949,"system_id":"amu_darya","discharge_cms":92.844,"strahler_order":6,"channel_class":"perennial","in_headwater_formation":1},"geometry":{"type":"LineString","coordinates":[[72.22292,38.14792],[72.20208,38.12292],[72.19375,38.12292]]}},{"type":"Feature","properties":{"hyriv_id":40304544,"system_id":"syr_darya","discharge_cms":92.996,"strahler_order":5,"channel_class":"perennial","in_headwater_formation":0},"geometry":{"type":"LineString","coordinates":[[70.25625,41.54792],[70.22708,41.52708],[70.21875,41.52708]]}},{"type":"Feature","properties":{"hyriv_id":40474004,"system_id":"amu_darya","discharge_cms":93.213,"strahler_order":6,"channel_class":"perennial","in_headwater_formation":1},"geometry":{"type":"LineString","coordinates":[[68.61042,36.06875],[68.61458,36.08958]]}},{"type":"Feature","properties":{"hyriv_id":40407309,"system_id":"amu_darya","discharge_cms":93.404,"strahler_order":6,"channel_class":"perennial","in_headwater_formation":1},"geometry":{"type":"LineString","coordinates":[[72.19375,38.12292],[72.17292,38.11042],[72.16042,38.11042]]}},{"type":"Feature","properties":{"hyriv_id":40304763,"system_id":"syr_darya","discharge_cms":93.618,"strahler_order":5,"channel_class":"perennial","in_headwater_formation":0},"geometry":{"type":"LineString","coordinates":[[70.21875,41.52708],[70.20208,41.51875]]}},{"type":"Feature","properties":{"hyriv_id":40369578,"system_id":"amu_darya","discharge_cms":93.94,"strahler_order":4,"channel_class":"perennial","in_headwater_formation":1},"geometry":{"type":"LineString","coordinates":[[71.71875,39.40625],[71.71042,39.39792]]}},{"type":"Feature","properties":{"hyriv_id":40304904,"system_id":"syr_darya","discharge_cms":94.544,"strahler_order":5,"channel_class":"perennial","in_headwater_formation":0},"geometry":{"type":"LineString","coordinates":[[70.20208,41.51875],[70.17708,41.51458]]}},{"type":"Feature","properties":{"hyriv_id":40370281,"system_id":"amu_darya","discharge_cms":94.785,"strahler_order":4,"channel_class":"perennial","in_headwater_formation":1},"geometry":{"type":"LineString","coordinates":[[71.71042,39.39792],[71.69792,39.38125],[71.67292,39.37292]]}},{"type":"Feature","properties":{"hyriv_id":40396607,"system_id":"amu_darya","discharge_cms":95.742,"strahler_order":5,"channel_class":"perennial","in_headwater_formation":0},"geometry":{"type":"LineString","coordinates":[[68.78125,38.48958],[68.77292,38.47708],[68.76042,38.47708]]}},{"type":"Feature","properties":{"hyriv_id":40407791,"system_id":"amu_darya","discharge_cms":96.212,"strahler_order":6,"channel_class":"perennial","in_headwater_formation":1},"geometry":{"type":"LineString","coordinates":[[72.16042,38.11042],[72.13125,38.11042],[72.11875,38.09375]]}},{"type":"Feature","properties":{"hyriv_id":40370549,"system_id":"amu_darya","discharge_cms":96.27,"strahler_order":4,"channel_class":"perennial","in_headwater_formation":1},"geometry":{"type":"LineString","coordinates":[[71.67292,39.37292],[71.66458,39.36458]]}},{"type":"Feature","properties":{"hyriv_id":40396900,"system_id":"amu_darya","discharge_cms":96.274,"strahler_order":5,"channel_class":"perennial","in_headwater_formation":0},"geometry":{"type":"LineString","coordinates":[[68.76042,38.47708],[68.75208,38.46875]]}},{"type":"Feature","properties":{"hyriv_id":40407790,"system_id":"amu_darya","discharge_cms":96.663,"strahler_order":6,"channel_class":"perennial","in_headwater_formation":1},"geometry":{"type":"LineString","coordinates":[[72.11875,38.09375],[72.09792,38.09375],[72.08958,38.10208],[72.07708,38.10208]]}},{"type":"Feature","properties":{"hyriv_id":40370663,"system_id":"amu_darya","discharge_cms":96.865,"strahler_order":4,"channel_class":"perennial","in_headwater_formation":1},"geometry":{"type":"LineString","coordinates":[[71.66458,39.36458],[71.65208,39.36042],[71.63958,39.37292],[71.62292,39.36875]]}},{"type":"Feature","properties":{"hyriv_id":40370785,"system_id":"amu_darya","discharge_cms":97.249,"strahler_order":4,"channel_class":"perennial","in_headwater_formation":1},"geometry":{"type":"LineString","coordinates":[[71.62292,39.36875],[71.60208,39.35625]]}},{"type":"Feature","properties":{"hyriv_id":40407682,"system_id":"amu_darya","discharge_cms":97.299,"strahler_order":6,"channel_class":"perennial","in_headwater_formation":1},"geometry":{"type":"LineString","coordinates":[[72.07708,38.10208],[72.06875,38.09792],[72.05208,38.11042]]}},{"type":"Feature","properties":{"hyriv_id":40407307,"system_id":"amu_darya","discharge_cms":97.656,"strahler_order":6,"channel_class":"perennial","in_headwater_formation":1},"geometry":{"type":"LineString","coordinates":[[72.05208,38.11042],[72.04375,38.11458]]}},{"type":"Feature","properties":{"hyriv_id":40376049,"system_id":"amu_darya","discharge_cms":97.733,"strahler_order":5,"channel_class":"perennial","in_headwater_formation":1},"geometry":{"type":"LineString","coordinates":[[72.26042,39.16875],[72.25208,39.16875]]}},{"type":"Feature","properties":{"hyriv_id":40407187,"system_id":"amu_darya","discharge_cms":97.854,"strahler_order":6,"channel_class":"perennial","in_headwater_formation":1},"geometry":{"type":"LineString","coordinates":[[72.04375,38.11458],[72.03542,38.13125]]}},{"type":"Feature","properties":{"hyriv_id":40376048,"system_id":"amu_darya","discharge_cms":98.256,"strahler_order":5,"channel_class":"perennial","in_headwater_formation":1},"geometry":{"type":"LineString","coordinates":[[72.25208,39.16875],[72.22292,39.18125]]}},{"type":"Feature","properties":{"hyriv_id":40397302,"system_id":"amu_darya","discharge_cms":98.676,"strahler_order":5,"channel_class":"perennial","in_headwater_formation":0},"geometry":{"type":"LineString","coordinates":[[68.75208,38.46875],[68.73542,38.45625]]}},{"type":"Feature","properties":{"hyriv_id":40406670,"system_id":"amu_darya","discharge_cms":98.756,"strahler_order":6,"channel_class":"perennial","in_headwater_formation":1},"geometry":{"type":"LineString","coordinates":[[72.03542,38.13125],[72.01042,38.13542],[71.99375,38.15625]]}},{"type":"Feature","properties":{"hyriv_id":40375724,"system_id":"amu_darya","discharge_cms":98.877,"strahler_order":5,"channel_class":"perennial","in_headwater_formation":1},"geometry":{"type":"LineString","coordinates":[[72.22292,39.18125],[72.20208,39.18542]]}},{"type":"Feature","properties":{"hyriv_id":40397301,"system_id":"amu_darya","discharge_cms":99.072,"strahler_order":5,"channel_class":"perennial","in_headwater_formation":0},"geometry":{"type":"LineString","coordinates":[[68.73542,38.45625],[68.73125,38.45625]]}},{"type":"Feature","properties":{"hyriv_id":40375723,"system_id":"amu_darya","discharge_cms":99.125,"strahler_order":5,"channel_class":"perennial","in_headwater_formation":1},"geometry":{"type":"LineString","coordinates":[[72.20208,39.18542],[72.18958,39.18125]]}},{"type":"Feature","properties":{"hyriv_id":40370997,"system_id":"amu_darya","discharge_cms":99.627,"strahler_order":4,"channel_class":"perennial","in_headwater_formation":1},"geometry":{"type":"LineString","coordinates":[[71.60208,39.35625],[71.57292,39.34792]]}},{"type":"Feature","properties":{"hyriv_id":40375722,"system_id":"amu_darya","discharge_cms":99.884,"strahler_order":5,"channel_class":"perennial","in_headwater_formation":1},"geometry":{"type":"LineString","coordinates":[[72.18958,39.18125],[72.16875,39.18542]]}},{"type":"Feature","properties":{"hyriv_id":40371102,"system_id":"amu_darya","discharge_cms":100.079,"strahler_order":4,"channel_class":"perennial","in_headwater_formation":1},"geometry":{"type":"LineString","coordinates":[[71.57292,39.34792],[71.56042,39.34375]]}},{"type":"Feature","properties":{"hyriv_id":40406222,"system_id":"amu_darya","discharge_cms":100.585,"strahler_order":6,"channel_class":"perennial","in_headwater_formation":1},"geometry":{"type":"LineString","coordinates":[[71.99375,38.15625],[71.95625,38.15625],[71.94792,38.14792]]}},{"type":"Feature","properties":{"hyriv_id":40375611,"system_id":"amu_darya","discharge_cms":100.734,"strahler_order":5,"channel_class":"perennial","in_headwater_formation":1},"geometry":{"type":"LineString","coordinates":[[72.16875,39.18542],[72.15625,39.18958],[72.14375,39.18542]]}},{"type":"Feature","properties":{"hyriv_id":40371222,"system_id":"amu_darya","discharge_cms":100.857,"strahler_order":4,"channel_class":"perennial","in_headwater_formation":1},"geometry":{"type":"LineString","coordinates":[[71.56042,39.34375],[71.55208,39.33958]]}},{"type":"Feature","properties":{"hyriv_id":40406669,"system_id":"amu_darya","discharge_cms":100.862,"strahler_order":6,"channel_class":"perennial","in_headwater_formation":1},"geometry":{"type":"LineString","coordinates":[[71.94792,38.14792],[71.94375,38.13125]]}},{"type":"Feature","properties":{"hyriv_id":40375610,"system_id":"amu_darya","discharge_cms":100.932,"strahler_order":5,"channel_class":"perennial","in_headwater_formation":1},"geometry":{"type":"LineString","coordinates":[[72.14375,39.18542],[72.13958,39.18958]]}},{"type":"Feature","properties":{"hyriv_id":40407789,"system_id":"amu_darya","discharge_cms":101.379,"strahler_order":6,"channel_class":"perennial","in_headwater_formation":1},"geometry":{"type":"LineString","coordinates":[[71.94375,38.13125],[71.91875,38.09375]]}},{"type":"Feature","properties":{"hyriv_id":40375475,"system_id":"amu_darya","discharge_cms":101.455,"strahler_order":5,"channel_class":"perennial","in_headwater_formation":1},"geometry":{"type":"LineString","coordinates":[[72.13958,39.18958],[72.13125,39.19375]]}},{"type":"Feature","properties":{"hyriv_id":40364812,"system_id":"amu_darya","discharge_cms":101.723,"strahler_order":7,"channel_class":"perennial","in_headwater_formation":0},"geometry":{"type":"LineString","coordinates":[[63.91042,39.56875],[63.89375,39.56458]]}},{"type":"Feature","properties":{"hyriv_id":40365066,"system_id":"amu_darya","discharge_cms":101.752,"strahler_order":7,"channel_class":"perennial","in_headwater_formation":0},"geometry":{"type":"LineString","coordinates":[[63.89375,39.56458],[63.87708,39.56458],[63.86458,39.55625]]}},{"type":"Feature","properties":{"hyriv_id":40366097,"system_id":"amu_darya","discharge_cms":101.793,"strahler_order":7,"channel_class":"perennial","in_headwater_formation":0},"geometry":{"type":"LineString","coordinates":[[63.86458,39.55625],[63.83125,39.51875]]}},{"type":"Feature","properties":{"hyriv_id":40371592,"system_id":"amu_darya","discharge_cms":101.902,"strahler_order":4,"channel_class":"perennial","in_headwater_formation":1},"geometry":{"type":"LineString","coordinates":[[71.55208,39.33958],[71.54792,39.34375],[71.53125,39.33958],[71.51042,39.32708]]}},{"type":"Feature","properties":{"hyriv_id":40367562,"system_id":"amu_darya","discharge_cms":102.257,"strahler_order":7,"channel_class":"perennial","in_headwater_formation":0},"geometry":{"type":"LineString","coordinates":[[63.83125,39.51875],[63.83542,39.48125],[63.85208,39.46458]]}},{"type":"Feature","properties":{"hyriv_id":40375359,"system_id":"amu_darya","discharge_cms":102.529,"strahler_order":5,"channel_class":"perennial","in_headwater_formation":1},"geometry":{"type":"LineString","coordinates":[[72.13125,39.19375],[72.10208,39.20208],[72.07708,39.19792]]}},{"type":"Feature","properties":{"hyriv_id":40372176,"system_id":"amu_darya","discharge_cms":102.871,"strahler_order":4,"channel_class":"perennial","in_headwater_formation":1},"geometry":{"type":"LineString","coordinates":[[71.51042,39.32708],[71.48958,39.32708],[71.46042,39.30625]]}},{"type":"Feature","properties":{"hyriv_id":40368814,"system_id":"amu_darya","discharge_cms":102.985,"strahler_order":7,"channel_class":"perennial","in_headwater_formation":0},"geometry":{"type":"LineString","coordinates":[[63.85208,39.46458],[63.90208,39.42292]]}},{"type":"Feature","properties":{"hyriv_id":40309495,"system_id":"syr_darya","discharge_cms":103.104,"strahler_order":5,"channel_class":"perennial","in_headwater_formation":1},"geometry":{"type":"LineString","coordinates":[[75.61458,41.38125],[75.59375,41.36875],[75.57292,41.37292]]}},{"type":"Feature","properties":{"hyriv_id":40369289,"system_id":"amu_darya","discharge_cms":103.202,"strahler_order":7,"channel_class":"perennial","in_headwater_formation":0},"geometry":{"type":"LineString","coordinates":[[63.90208,39.42292],[63.91875,39.40625]]}},{"type":"Feature","properties":{"hyriv_id":40369418,"system_id":"amu_darya","discharge_cms":103.271,"strahler_order":7,"channel_class":"perennial","in_headwater_formation":0},"geometry":{"type":"LineString","coordinates":[[63.91875,39.40625],[63.92292,39.40208]]}},{"type":"Feature","properties":{"hyriv_id":40397435,"system_id":"amu_darya","discharge_cms":103.318,"strahler_order":5,"channel_class":"perennial","in_headwater_formation":0},"geometry":{"type":"LineString","coordinates":[[68.73125,38.45625],[68.71042,38.45208]]}},{"type":"Feature","properties":{"hyriv_id":40309355,"system_id":"syr_darya","discharge_cms":103.459,"strahler_order":5,"channel_class":"perennial","in_headwater_formation":1},"geometry":{"type":"LineString","coordinates":[[75.57292,41.37292],[75.55208,41.37708],[75.54792,41.37292]]}},{"type":"Feature","properties":{"hyriv_id":40375609,"system_id":"amu_darya","discharge_cms":103.571,"strahler_order":5,"channel_class":"perennial","in_headwater_formation":1},"geometry":{"type":"LineString","coordinates":[[72.07708,39.19792],[72.03958,39.18542]]}},{"type":"Feature","properties":{"hyriv_id":40309354,"system_id":"syr_darya","discharge_cms":103.64,"strahler_order":5,"channel_class":"perennial","in_headwater_formation":1},"geometry":{"type":"LineString","coordinates":[[75.54792,41.37292],[75.53542,41.37708]]}},{"type":"Feature","properties":{"hyriv_id":40372175,"system_id":"amu_darya","discharge_cms":103.762,"strahler_order":4,"channel_class":"perennial","in_headwater_formation":1},"geometry":{"type":"LineString","coordinates":[[71.46042,39.30625],[71.44375,39.30625]]}},{"type":"Feature","properties":{"hyriv_id":40309228,"system_id":"syr_darya","discharge_cms":104.011,"strahler_order":5,"channel_class":"perennial","in_headwater_formation":1},"geometry":{"type":"LineString","coordinates":[[75.53542,41.37708],[75.51042,41.37708]]}},{"type":"Feature","properties":{"hyriv_id":40371455,"system_id":"amu_darya","discharge_cms":104.183,"strahler_order":7,"channel_class":"perennial","in_headwater_formation":0},"geometry":{"type":"LineString","coordinates":[[63.92292,39.40208],[63.91042,39.36458],[63.91458,39.33958],[63.92292,39.33125]]}},{"type":"Feature","properties":{"hyriv_id":40309227,"system_id":"syr_darya","discharge_cms":104.204,"strahler_order":5,"channel_class":"perennial","in_headwater_formation":1},"geometry":{"type":"LineString","coordinates":[[75.51042,41.37708],[75.49792,41.38125]]}},{"type":"Feature","properties":{"hyriv_id":40309089,"system_id":"syr_darya","discharge_cms":104.281,"strahler_order":5,"channel_class":"perennial","in_headwater_formation":1},"geometry":{"type":"LineString","coordinates":[[75.49792,41.38125],[75.48958,41.38125]]}},{"type":"Feature","properties":{"hyriv_id":40372422,"system_id":"amu_darya","discharge_cms":104.313,"strahler_order":4,"channel_class":"perennial","in_headwater_formation":1},"geometry":{"type":"LineString","coordinates":[[71.44375,39.30625],[71.42292,39.29792]]}},{"type":"Feature","properties":{"hyriv_id":40309087,"system_id":"syr_darya","discharge_cms":104.44,"strahler_order":5,"channel_class":"perennial","in_headwater_formation":1},"geometry":{"type":"LineString","coordinates":[[75.48958,41.38125],[75.48125,41.38958],[75.46875,41.38958]]}},{"type":"Feature","properties":{"hyriv_id":40372149,"system_id":"amu_darya","discharge_cms":104.542,"strahler_order":7,"channel_class":"perennial","in_headwater_formation":0},"geometry":{"type":"LineString","coordinates":[[63.92292,39.33125],[63.93125,39.31875],[63.92292,39.30625]]}},{"type":"Feature","properties":{"hyriv_id":40308948,"system_id":"syr_darya","discharge_cms":104.671,"strahler_order":5,"channel_class":"perennial","in_headwater_formation":1},"geometry":{"type":"LineString","coordinates":[[75.46875,41.38958],[75.43125,41.38542]]}},{"type":"Feature","properties":{"hyriv_id":40308947,"system_id":"syr_darya","discharge_cms":104.755,"strahler_order":5,"channel_class":"perennial","in_headwater_formation":1},"geometry":{"type":"LineString","coordinates":[[75.43125,41.38542],[75.41042,41.38958]]}},{"type":"Feature","properties":{"hyriv_id":40441677,"system_id":"amu_darya","discharge_cms":104.768,"strahler_order":5,"channel_class":"perennial","in_headwater_formation":1},"geometry":{"type":"LineString","coordinates":[[70.80208,37.01875],[70.78958,37.02708],[70.78958,37.04375],[70.76875,37.06042]]}},{"type":"Feature","properties":{"hyriv_id":40372400,"system_id":"amu_darya","discharge_cms":104.874,"strahler_order":7,"channel_class":"perennial","in_headwater_formation":0},"geometry":{"type":"LineString","coordinates":[[63.92292,39.30625],[63.91042,39.29792]]}},{"type":"Feature","properties":{"hyriv_id":40372647,"system_id":"amu_darya","discharge_cms":105.01,"strahler_order":7,"channel_class":"perennial","in_headwater_formation":0},"geometry":{"type":"LineString","coordinates":[[63.91042,39.29792],[63.90208,39.28958]]}},{"type":"Feature","properties":{"hyriv_id":40408697,"system_id":"amu_darya","discharge_cms":105.044,"strahler_order":6,"channel_class":"perennial","in_headwater_formation":1},"geometry":{"type":"LineString","coordinates":[[71.91875,38.09375],[71.88125,38.06458]]}},{"type":"Feature","properties":{"hyriv_id":40308799,"system_id":"syr_darya","discharge_cms":105.06,"strahler_order":5,"channel_class":"perennial","in_headwater_formation":1},"geometry":{"type":"LineString","coordinates":[[75.41042,41.38958],[75.39375,41.38958],[75.38958,41.39792],[75.36875,41.39375]]}},{"type":"Feature","properties":{"hyriv_id":40373256,"system_id":"amu_darya","discharge_cms":105.077,"strahler_order":4,"channel_class":"perennial","in_headwater_formation":1},"geometry":{"type":"LineString","coordinates":[[71.42292,39.29792],[71.41458,39.29792],[71.37708,39.26875]]}},{"type":"Feature","properties":{"hyriv_id":40440193,"system_id":"amu_darya","discharge_cms":105.299,"strahler_order":5,"channel_class":"perennial","in_headwater_formation":1},"geometry":{"type":"LineString","coordinates":[[70.76875,37.06042],[70.76458,37.06458]]}},{"type":"Feature","properties":{"hyriv_id":40408956,"system_id":"amu_darya","discharge_cms":105.353,"strahler_order":6,"channel_class":"perennial","in_headwater_formation":1},"geometry":{"type":"LineString","coordinates":[[71.88125,38.06458],[71.86458,38.05625]]}},{"type":"Feature","properties":{"hyriv_id":40440046,"system_id":"amu_darya","discharge_cms":105.386,"strahler_order":5,"channel_class":"perennial","in_headwater_formation":1},"geometry":{"type":"LineString","coordinates":[[70.76458,37.06458],[70.74375,37.07292],[70.73958,37.06875],[70.71458,37.07292],[70.70208,37.06458]]}},{"type":"Feature","properties":{"hyriv_id":40308672,"system_id":"syr_darya","discharge_cms":105.597,"strahler_order":5,"channel_class":"perennial","in_headwater_formation":1},"geometry":{"type":"LineString","coordinates":[[75.36875,41.39375],[75.36042,41.40208]]}},{"type":"Feature","properties":{"hyriv_id":40409481,"system_id":"amu_darya","discharge_cms":105.812,"strahler_order":6,"channel_class":"perennial","in_headwater_formation":1},"geometry":{"type":"LineString","coordinates":[[71.86458,38.05625],[71.86042,38.05208],[71.86458,38.03958]]}},{"type":"Feature","properties":{"hyriv_id":40374272,"system_id":"amu_darya","discharge_cms":105.886,"strahler_order":7,"channel_class":"perennial","in_headwater_formation":0},"geometry":{"type":"LineString","coordinates":[[63.90208,39.28958],[63.88125,39.27292],[63.86042,39.23125]]}},{"type":"Feature","properties":{"hyriv_id":40308395,"system_id":"syr_darya","discharge_cms":105.928,"strahler_order":5,"channel_class":"perennial","in_headwater_formation":1},"geometry":{"type":"LineString","coordinates":[[75.36042,41.40208],[75.35625,41.41042],[75.33542,41.40625]]}},{"type":"Feature","properties":{"hyriv_id":40308280,"system_id":"syr_darya","discharge_cms":106.026,"strahler_order":5,"channel_class":"perennial","in_headwater_formation":1},"geometry":{"type":"LineString","coordinates":[[75.33542,41.40625],[75.31458,41.41875]]}},{"type":"Feature","properties":{"hyriv_id":40307840,"system_id":"syr_darya","discharge_cms":106.239,"strahler_order":5,"channel_class":"perennial","in_headwater_formation":1},"geometry":{"type":"LineString","coordinates":[[75.31458,41.41875],[75.29792,41.41875]]}},{"type":"Feature","properties":{"hyriv_id":40375608,"system_id":"amu_darya","discharge_cms":106.308,"strahler_order":5,"channel_class":"perennial","in_headwater_formation":1},"geometry":{"type":"LineString","coordinates":[[72.03958,39.18542],[72.02292,39.18542]]}},{"type":"Feature","properties":{"hyriv_id":40307839,"system_id":"syr_darya","discharge_cms":106.309,"strahler_order":5,"channel_class":"perennial","in_headwater_formation":1},"geometry":{"type":"LineString","coordinates":[[75.29792,41.41875],[75.27292,41.43125]]}},{"type":"Feature","properties":{"hyriv_id":40410465,"system_id":"amu_darya","discharge_cms":106.383,"strahler_order":6,"channel_class":"perennial","in_headwater_formation":1},"geometry":{"type":"LineString","coordinates":[[71.86458,38.03958],[71.86458,38.03125],[71.84375,38.01042],[71.82708,38.00625]]}},{"type":"Feature","properties":{"hyriv_id":40307403,"system_id":"syr_darya","discharge_cms":106.419,"strahler_order":5,"channel_class":"perennial","in_headwater_formation":1},"geometry":{"type":"LineString","coordinates":[[75.27292,41.43125],[75.25208,41.43958]]}},{"type":"Feature","properties":{"hyriv_id":40307148,"system_id":"syr_darya","discharge_cms":106.452,"strahler_order":5,"channel_class":"perennial","in_headwater_formation":1},"geometry":{"type":"LineString","coordinates":[[75.25208,41.43958],[75.24792,41.44375]]}},{"type":"Feature","properties":{"hyriv_id":40307016,"system_id":"syr_darya","discharge_cms":106.53,"strahler_order":5,"channel_class":"perennial","in_headwater_formation":1},"geometry":{"type":"LineString","coordinates":[[75.24792,41.44375],[75.23542,41.44375]]}},{"type":"Feature","properties":{"hyriv_id":40307401,"system_id":"syr_darya","discharge_cms":106.62,"strahler_order":5,"channel_class":"perennial","in_headwater_formation":1},"geometry":{"type":"LineString","coordinates":[[75.23542,41.44375],[75.22292,41.44792],[75.21458,41.43958],[75.19792,41.43958],[75.18542,41.43125]]}},{"type":"Feature","properties":{"hyriv_id":40307400,"system_id":"syr_darya","discharge_cms":107.111,"strahler_order":5,"channel_class":"perennial","in_headwater_formation":1},"geometry":{"type":"LineString","coordinates":[[75.18542,41.43125],[75.16042,41.43125]]}},{"type":"Feature","properties":{"hyriv_id":40440375,"system_id":"amu_darya","discharge_cms":107.242,"strahler_order":5,"channel_class":"perennial","in_headwater_formation":1},"geometry":{"type":"LineString","coordinates":[[70.70208,37.06458],[70.69792,37.05625]]}},{"type":"Feature","properties":{"hyriv_id":40307560,"system_id":"syr_darya","discharge_cms":107.464,"strahler_order":5,"channel_class":"perennial","in_headwater_formation":1},"geometry":{"type":"LineString","coordinates":[[75.16042,41.43125],[75.14792,41.42708]]}},{"type":"Feature","properties":{"hyriv_id":40384841,"system_id":"amu_darya","discharge_cms":107.84,"strahler_order":5,"channel_class":"perennial","in_headwater_formation":1},"geometry":{"type":"LineString","coordinates":[[70.94792,38.89375],[70.92708,38.88542],[70.91042,38.86875]]}},{"type":"Feature","properties":{"hyriv_id":40440528,"system_id":"amu_darya","discharge_cms":108.211,"strahler_order":5,"channel_class":"perennial","in_headwater_formation":1},"geometry":{"type":"LineString","coordinates":[[70.69792,37.05625],[70.62292,37.05208]]}},{"type":"Feature","properties":{"hyriv_id":40384985,"system_id":"amu_darya","discharge_cms":108.409,"strahler_order":5,"channel_class":"perennial","in_headwater_formation":1},"geometry":{"type":"LineString","coordinates":[[70.91042,38.86875],[70.90625,38.86458]]}},{"type":"Feature","properties":{"hyriv_id":40307559,"system_id":"syr_darya","discharge_cms":108.659,"strahler_order":5,"channel_class":"perennial","in_headwater_formation":1},"geometry":{"type":"LineString","coordinates":[[75.14792,41.42708],[75.12292,41.43125]]}},{"type":"Feature","properties":{"hyriv_id":40385137,"system_id":"amu_darya","discharge_cms":108.747,"strahler_order":5,"channel_class":"perennial","in_headwater_formation":1},"geometry":{"type":"LineString","coordinates":[[70.90625,38.86458],[70.90208,38.86042]]}},{"type":"Feature","properties":{"hyriv_id":40307558,"system_id":"syr_darya","discharge_cms":109.05,"strahler_order":5,"channel_class":"perennial","in_headwater_formation":1},"geometry":{"type":"LineString","coordinates":[[75.12292,41.43125],[75.11458,41.42708]]}},{"type":"Feature","properties":{"hyriv_id":40307557,"system_id":"syr_darya","discharge_cms":109.154,"strahler_order":5,"channel_class":"perennial","in_headwater_formation":1},"geometry":{"type":"LineString","coordinates":[[75.11458,41.42708],[75.08125,41.43125]]}},{"type":"Feature","properties":{"hyriv_id":40374271,"system_id":"amu_darya","discharge_cms":109.271,"strahler_order":7,"channel_class":"perennial","in_headwater_formation":0},"geometry":{"type":"LineString","coordinates":[[63.86042,39.23125],[63.80625,39.23125]]}},{"type":"Feature","properties":{"hyriv_id":40307556,"system_id":"syr_darya","discharge_cms":109.39,"strahler_order":5,"channel_class":"perennial","in_headwater_formation":1},"geometry":{"type":"LineString","coordinates":[[75.08125,41.43125],[75.07708,41.42708]]}},{"type":"Feature","properties":{"hyriv_id":40374270,"system_id":"amu_darya","discharge_cms":109.658,"strahler_order":7,"channel_class":"perennial","in_headwater_formation":0},"geometry":{"type":"LineString","coordinates":[[63.80625,39.23125],[63.77708,39.23125]]}},{"type":"Feature","properties":{"hyriv_id":40440527,"system_id":"amu_darya","discharge_cms":109.794,"strahler_order":5,"channel_class":"perennial","in_headwater_formation":1},"geometry":{"type":"LineString","coordinates":[[70.62292,37.05208],[70.59792,37.06458],[70.60208,37.08958]]}},{"type":"Feature","properties":{"hyriv_id":40374396,"system_id":"amu_darya","discharge_cms":109.838,"strahler_order":7,"channel_class":"perennial","in_headwater_formation":0},"geometry":{"type":"LineString","coordinates":[[63.77708,39.23125],[63.76458,39.22708]]}},{"type":"Feature","properties":{"hyriv_id":40385409,"system_id":"amu_darya","discharge_cms":110.108,"strahler_order":5,"channel_class":"perennial","in_headwater_formation":1},"geometry":{"type":"LineString","coordinates":[[70.90208,38.86042],[70.89375,38.85208],[70.88125,38.85208]]}},{"type":"Feature","properties":{"hyriv_id":40374776,"system_id":"amu_darya","discharge_cms":110.173,"strahler_order":7,"channel_class":"perennial","in_headwater_formation":0},"geometry":{"type":"LineString","coordinates":[[63.76458,39.22708],[63.75208,39.21458]]}},{"type":"Feature","properties":{"hyriv_id":40307690,"system_id":"syr_darya","discharge_cms":110.224,"strahler_order":5,"channel_class":"perennial","in_headwater_formation":1},"geometry":{"type":"LineString","coordinates":[[75.07708,41.42708],[75.06042,41.42292],[75.04375,41.42708]]}},{"type":"Feature","properties":{"hyriv_id":40439203,"system_id":"amu_darya","discharge_cms":110.354,"strahler_order":5,"channel_class":"perennial","in_headwater_formation":1},"geometry":{"type":"LineString","coordinates":[[70.60208,37.08958],[70.59792,37.10208],[70.58958,37.10208],[70.57708,37.11458]]}},{"type":"Feature","properties":{"hyriv_id":40385641,"system_id":"amu_darya","discharge_cms":110.439,"strahler_order":5,"channel_class":"perennial","in_headwater_formation":1},"geometry":{"type":"LineString","coordinates":[[70.88125,38.85208],[70.86875,38.84375]]}},{"type":"Feature","properties":{"hyriv_id":40375024,"system_id":"amu_darya","discharge_cms":110.812,"strahler_order":7,"channel_class":"perennial","in_headwater_formation":0},"geometry":{"type":"LineString","coordinates":[[63.75208,39.21458],[63.71042,39.20625]]}},{"type":"Feature","properties":{"hyriv_id":40375338,"system_id":"amu_darya","discharge_cms":111.16,"strahler_order":7,"channel_class":"perennial","in_headwater_formation":0},"geometry":{"type":"LineString","coordinates":[[63.71042,39.20625],[63.68542,39.19375]]}},{"type":"Feature","properties":{"hyriv_id":40369934,"system_id":"amu_darya","discharge_cms":111.268,"strahler_order":4,"channel_class":"perennial","in_headwater_formation":0},"geometry":{"type":"LineString","coordinates":[[68.55208,39.38542],[68.53958,39.38542],[68.53542,39.40208]]}},{"type":"Feature","properties":{"hyriv_id":40397711,"system_id":"amu_darya","discharge_cms":111.308,"strahler_order":5,"channel_class":"perennial","in_headwater_formation":0},"geometry":{"type":"LineString","coordinates":[[68.71042,38.45208],[68.69375,38.44792],[68.61458,38.45208],[68.59792,38.44375]]}},{"type":"Feature","properties":{"hyriv_id":40376047,"system_id":"amu_darya","discharge_cms":111.458,"strahler_order":5,"channel_class":"perennial","in_headwater_formation":1},"geometry":{"type":"LineString","coordinates":[[72.02292,39.18542],[71.97292,39.16875]]}},{"type":"Feature","properties":{"hyriv_id":40439089,"system_id":"amu_darya","discharge_cms":111.471,"strahler_order":5,"channel_class":"perennial","in_headwater_formation":1},"geometry":{"type":"LineString","coordinates":[[70.57708,37.11458],[70.56458,37.11875],[70.54792,37.09792],[70.53125,37.09375]]}},{"type":"Feature","properties":{"hyriv_id":40385787,"system_id":"amu_darya","discharge_cms":111.639,"strahler_order":5,"channel_class":"perennial","in_headwater_formation":1},"geometry":{"type":"LineString","coordinates":[[70.86875,38.84375],[70.86042,38.83958]]}},{"type":"Feature","properties":{"hyriv_id":40397710,"system_id":"amu_darya","discharge_cms":111.647,"strahler_order":5,"channel_class":"perennial","in_headwater_formation":0},"geometry":{"type":"LineString","coordinates":[[68.59792,38.44375],[68.59375,38.44375]]}},{"type":"Feature","properties":{"hyriv_id":40307554,"system_id":"syr_darya","discharge_cms":111.789,"strahler_order":5,"channel_class":"perennial","in_headwater_formation":1},"geometry":{"type":"LineString","coordinates":[[75.04375,41.42708],[75.01875,41.42708]]}},{"type":"Feature","properties":{"hyriv_id":40439088,"system_id":"amu_darya","discharge_cms":111.853,"strahler_order":5,"channel_class":"perennial","in_headwater_formation":1},"geometry":{"type":"LineString","coordinates":[[70.53125,37.09375],[70.51875,37.10625]]}},{"type":"Feature","properties":{"hyriv_id":40307838,"system_id":"syr_darya","discharge_cms":111.879,"strahler_order":5,"channel_class":"perennial","in_headwater_formation":1},"geometry":{"type":"LineString","coordinates":[[75.01875,41.42708],[74.98958,41.41875]]}},{"type":"Feature","properties":{"hyriv_id":40376046,"system_id":"amu_darya","discharge_cms":111.985,"strahler_order":5,"channel_class":"perennial","in_headwater_formation":1},"geometry":{"type":"LineString","coordinates":[[71.97292,39.16875],[71.96875,39.17292]]}},{"type":"Feature","properties":{"hyriv_id":40307989,"system_id":"syr_darya","discharge_cms":112.038,"strahler_order":5,"channel_class":"perennial","in_headwater_formation":1},"geometry":{"type":"LineString","coordinates":[[74.98958,41.41875],[74.97292,41.41458],[74.96458,41.41875]]}},{"type":"Feature","properties":{"hyriv_id":40410746,"system_id":"amu_darya","discharge_cms":112.119,"strahler_order":6,"channel_class":"perennial","in_headwater_formation":1},"geometry":{"type":"LineString","coordinates":[[71.82708,38.00625],[71.80625,38.01042],[71.78958,37.99792],[71.77708,38.00208],[71.76042,37.99792]]}},{"type":"Feature","properties":{"hyriv_id":40369425,"system_id":"amu_darya","discharge_cms":112.246,"strahler_order":4,"channel_class":"perennial","in_headwater_formation":0},"geometry":{"type":"LineString","coordinates":[[68.53542,39.40208],[68.53125,39.41042],[68.52292,39.41042]]}},{"type":"Feature","properties":{"hyriv_id":40307836,"system_id":"syr_darya","discharge_cms":112.263,"strahler_order":5,"channel_class":"perennial","in_headwater_formation":1},"geometry":{"type":"LineString","coordinates":[[74.96458,41.41875],[74.93958,41.41875]]}},{"type":"Feature","properties":{"hyriv_id":40376154,"system_id":"amu_darya","discharge_cms":112.396,"strahler_order":5,"channel_class":"perennial","in_headwater_formation":1},"geometry":{"type":"LineString","coordinates":[[71.96875,39.17292],[71.95625,39.16458]]}},{"type":"Feature","properties":{"hyriv_id":40438634,"system_id":"amu_darya","discharge_cms":112.413,"strahler_order":5,"channel_class":"perennial","in_headwater_formation":1},"geometry":{"type":"LineString","coordinates":[[70.51875,37.10625],[70.53125,37.11875],[70.51875,37.14792],[70.52292,37.17292]]}},{"type":"Feature","properties":{"hyriv_id":40307834,"system_id":"syr_darya","discharge_cms":112.439,"strahler_order":5,"channel_class":"perennial","in_headwater_formation":1},"geometry":{"type":"LineString","coordinates":[[74.93958,41.41875],[74.91875,41.42292]]}},{"type":"Feature","properties":{"hyriv_id":40385902,"system_id":"amu_darya","discharge_cms":112.464,"strahler_order":5,"channel_class":"perennial","in_headwater_formation":1},"geometry":{"type":"LineString","coordinates":[[70.86042,38.83958],[70.82708,38.83542]]}},{"type":"Feature","properties":{"hyriv_id":40377846,"system_id":"amu_darya","discharge_cms":112.469,"strahler_order":7,"channel_class":"perennial","in_headwater_formation":0},"geometry":{"type":"LineString","coordinates":[[63.68542,39.19375],[63.66875,39.17292],[63.68125,39.15208],[63.67708,39.12708],[63.66042,39.10625],[63.65208,39.10625]]}},{"type":"Feature","properties":{"hyriv_id":40307833,"system_id":"syr_darya","discharge_cms":112.505,"strahler_order":5,"channel_class":"perennial","in_headwater_formation":1},"geometry":{"type":"LineString","coordinates":[[74.91875,41.42292],[74.89375,41.41875]]}},{"type":"Feature","properties":{"hyriv_id":40369183,"system_id":"amu_darya","discharge_cms":112.615,"strahler_order":4,"channel_class":"perennial","in_headwater_formation":0},"geometry":{"type":"LineString","coordinates":[[68.52292,39.41042],[68.51458,39.41875]]}},{"type":"Feature","properties":{"hyriv_id":40307832,"system_id":"syr_darya","discharge_cms":112.652,"strahler_order":5,"channel_class":"perennial","in_headwater_formation":1},"geometry":{"type":"LineString","coordinates":[[74.89375,41.41875],[74.86042,41.41875]]}},{"type":"Feature","properties":{"hyriv_id":40307830,"system_id":"syr_darya","discharge_cms":112.757,"strahler_order":5,"channel_class":"perennial","in_headwater_formation":1},"geometry":{"type":"LineString","coordinates":[[74.86042,41.41875],[74.85208,41.41875]]}},{"type":"Feature","properties":{"hyriv_id":40385901,"system_id":"amu_darya","discharge_cms":112.995,"strahler_order":5,"channel_class":"perennial","in_headwater_formation":1},"geometry":{"type":"LineString","coordinates":[[70.82708,38.83542],[70.80208,38.83958]]}},{"type":"Feature","properties":{"hyriv_id":40436323,"system_id":"amu_darya","discharge_cms":113.145,"strahler_order":5,"channel_class":"perennial","in_headwater_formation":1},"geometry":{"type":"LineString","coordinates":[[70.52292,37.17292],[70.49375,37.19375]]}},{"type":"Feature","properties":{"hyriv_id":40304903,"system_id":"syr_darya","discharge_cms":113.18,"strahler_order":5,"channel_class":"perennial","in_headwater_formation":0},"geometry":{"type":"LineString","coordinates":[[70.17708,41.51458],[70.14792,41.52708],[70.12292,41.55208]]}},{"type":"Feature","properties":{"hyriv_id":40376402,"system_id":"amu_darya","discharge_cms":113.279,"strahler_order":5,"channel_class":"perennial","in_headwater_formation":1},"geometry":{"type":"LineString","coordinates":[[71.95625,39.16458],[71.94792,39.16042],[71.93125,39.16458],[71.91458,39.15625]]}},{"type":"Feature","properties":{"hyriv_id":40435632,"system_id":"amu_darya","discharge_cms":113.499,"strahler_order":5,"channel_class":"perennial","in_headwater_formation":1},"geometry":{"type":"LineString","coordinates":[[70.49375,37.19375],[70.48542,37.20625],[70.46458,37.21458]]}},{"type":"Feature","properties":{"hyriv_id":40435008,"system_id":"amu_darya","discharge_cms":113.77,"strahler_order":5,"channel_class":"perennial","in_headwater_formation":1},"geometry":{"type":"LineString","coordinates":[[70.46458,37.21458],[70.46042,37.21875]]}},{"type":"Feature","properties":{"hyriv_id":40434905,"system_id":"amu_darya","discharge_cms":113.983,"strahler_order":5,"channel_class":"perennial","in_headwater_formation":1},"geometry":{"type":"LineString","coordinates":[[70.46042,37.21875],[70.43958,37.22708]]}},{"type":"Feature","properties":{"hyriv_id":40376400,"system_id":"amu_darya","discharge_cms":114.053,"strahler_order":5,"channel_class":"perennial","in_headwater_formation":1},"geometry":{"type":"LineString","coordinates":[[71.91458,39.15625],[71.88542,39.16042]]}},{"type":"Feature","properties":{"hyriv_id":40368942,"system_id":"amu_darya","discharge_cms":114.232,"strahler_order":4,"channel_class":"perennial","in_headwater_formation":0},"geometry":{"type":"LineString","coordinates":[[68.51458,39.41875],[68.50625,39.41875],[68.48125,39.44792]]}},{"type":"Feature","properties":{"hyriv_id":40434904,"system_id":"amu_darya","discharge_cms":114.254,"strahler_order":5,"channel_class":"perennial","in_headwater_formation":1},"geometry":{"type":"LineString","coordinates":[[70.43958,37.22708],[70.42292,37.23125],[70.39792,37.21875],[70.37292,37.22292]]}},{"type":"Feature","properties":{"hyriv_id":40376660,"system_id":"amu_darya","discharge_cms":114.37,"strahler_order":5,"channel_class":"perennial","in_headwater_formation":1},"geometry":{"type":"LineString","coordinates":[[71.88542,39.16042],[71.86458,39.14792]]}},{"type":"Feature","properties":{"hyriv_id":40434794,"system_id":"amu_darya","discharge_cms":114.555,"strahler_order":5,"channel_class":"perennial","in_headwater_formation":1},"geometry":{"type":"LineString","coordinates":[[70.37292,37.22292],[70.34792,37.23125]]}},{"type":"Feature","properties":{"hyriv_id":40368453,"system_id":"amu_darya","discharge_cms":114.854,"strahler_order":4,"channel_class":"perennial","in_headwater_formation":0},"geometry":{"type":"LineString","coordinates":[[68.48125,39.44792],[68.46458,39.43542]]}},{"type":"Feature","properties":{"hyriv_id":40303828,"system_id":"syr_darya","discharge_cms":114.992,"strahler_order":5,"channel_class":"perennial","in_headwater_formation":0},"geometry":{"type":"LineString","coordinates":[[70.12292,41.55208],[70.11042,41.55625],[70.11042,41.57292],[70.10208,41.58542]]}},{"type":"Feature","properties":{"hyriv_id":40411531,"system_id":"amu_darya","discharge_cms":115.307,"strahler_order":6,"channel_class":"perennial","in_headwater_formation":1},"geometry":{"type":"LineString","coordinates":[[71.76042,37.99792],[71.74792,37.99792],[71.73958,37.97708],[71.73125,37.97292]]}},{"type":"Feature","properties":{"hyriv_id":40307829,"system_id":"syr_darya","discharge_cms":115.655,"strahler_order":5,"channel_class":"perennial","in_headwater_formation":1},"geometry":{"type":"LineString","coordinates":[[74.85208,41.41875],[74.84375,41.42292],[74.81875,41.41875]]}},{"type":"Feature","properties":{"hyriv_id":40368586,"system_id":"amu_darya","discharge_cms":115.755,"strahler_order":4,"channel_class":"perennial","in_headwater_formation":0},"geometry":{"type":"LineString","coordinates":[[68.46458,39.43542],[68.46042,39.43125],[68.44375,39.43958]]}},{"type":"Feature","properties":{"hyriv_id":40426151,"system_id":"amu_darya","discharge_cms":115.833,"strahler_order":6,"channel_class":"perennial","in_headwater_formation":1},"geometry":{"type":"LineString","coordinates":[[71.52292,37.48958],[71.51458,37.49792]]}},{"type":"Feature","properties":{"hyriv_id":40307988,"system_id":"syr_darya","discharge_cms":116.43,"strahler_order":5,"channel_class":"perennial","in_headwater_formation":1},"geometry":{"type":"LineString","coordinates":[[74.81875,41.41875],[74.81042,41.41458],[74.79792,41.41875]]}},{"type":"Feature","properties":{"hyriv_id":40302832,"system_id":"syr_darya","discharge_cms":116.466,"strahler_order":5,"channel_class":"perennial","in_headwater_formation":0},"geometry":{"type":"LineString","coordinates":[[70.10208,41.58542],[70.08125,41.60208]]}},{"type":"Feature","properties":{"hyriv_id":40368332,"system_id":"amu_darya","discharge_cms":116.898,"strahler_order":4,"channel_class":"perennial","in_headwater_formation":0},"geometry":{"type":"LineString","coordinates":[[68.44375,39.43958],[68.43542,39.45625],[68.42708,39.45208],[68.41042,39.45625]]}},{"type":"Feature","properties":{"hyriv_id":40411530,"system_id":"amu_darya","discharge_cms":117.016,"strahler_order":6,"channel_class":"perennial","in_headwater_formation":1},"geometry":{"type":"LineString","coordinates":[[71.73125,37.97292],[71.70625,37.98958]]}},{"type":"Feature","properties":{"hyriv_id":40307826,"system_id":"syr_darya","discharge_cms":117.154,"strahler_order":5,"channel_class":"perennial","in_headwater_formation":1},"geometry":{"type":"LineString","coordinates":[[74.79792,41.41875],[74.77708,41.41875]]}},{"type":"Feature","properties":{"hyriv_id":40367962,"system_id":"amu_darya","discharge_cms":117.251,"strahler_order":4,"channel_class":"perennial","in_headwater_formation":0},"geometry":{"type":"LineString","coordinates":[[68.41042,39.45625],[68.40625,39.45208]]}},{"type":"Feature","properties":{"hyriv_id":40425896,"system_id":"amu_darya","discharge_cms":117.33,"strahler_order":6,"channel_class":"perennial","in_headwater_formation":1},"geometry":{"type":"LineString","coordinates":[[71.51458,37.49792],[71.49792,37.53125]]}},{"type":"Feature","properties":{"hyriv_id":40411018,"system_id":"amu_darya","discharge_cms":117.544,"strahler_order":6,"channel_class":"perennial","in_headwater_formation":1},"geometry":{"type":"LineString","coordinates":[[71.70625,37.98958],[71.70208,37.98958]]}},{"type":"Feature","properties":{"hyriv_id":40385900,"system_id":"amu_darya","discharge_cms":118.279,"strahler_order":5,"channel_class":"perennial","in_headwater_formation":1},"geometry":{"type":"LineString","coordinates":[[70.80208,38.83958],[70.77708,38.83542]]}},{"type":"Feature","properties":{"hyriv_id":40411017,"system_id":"amu_darya","discharge_cms":118.372,"strahler_order":6,"channel_class":"perennial","in_headwater_formation":1},"geometry":{"type":"LineString","coordinates":[[71.70208,37.98958],[71.68542,38.00625],[71.66875,38.00208]]}},{"type":"Feature","properties":{"hyriv_id":40386131,"system_id":"amu_darya","discharge_cms":118.684,"strahler_order":5,"channel_class":"perennial","in_headwater_formation":1},"geometry":{"type":"LineString","coordinates":[[70.77708,38.83542],[70.76458,38.82708]]}},{"type":"Feature","properties":{"hyriv_id":40307825,"system_id":"syr_darya","discharge_cms":118.845,"strahler_order":5,"channel_class":"perennial","in_headwater_formation":1},"geometry":{"type":"LineString","coordinates":[[74.77708,41.41875],[74.74375,41.43958]]}},{"type":"Feature","properties":{"hyriv_id":40368087,"system_id":"amu_darya","discharge_cms":118.845,"strahler_order":4,"channel_class":"perennial","in_headwater_formation":0},"geometry":{"type":"LineString","coordinates":[[68.40625,39.45208],[68.38542,39.44792],[68.36875,39.45625]]}},{"type":"Feature","properties":{"hyriv_id":40417714,"system_id":"amu_darya","discharge_cms":118.948,"strahler_order":5,"channel_class":"perennial","in_headwater_formation":1},"geometry":{"type":"LineString","coordinates":[[69.56458,37.76875],[69.55625,37.76042]]}},{"type":"Feature","properties":{"hyriv_id":40307396,"system_id":"syr_darya","discharge_cms":119.031,"strahler_order":5,"channel_class":"perennial","in_headwater_formation":1},"geometry":{"type":"LineString","coordinates":[[74.74375,41.43958],[74.72292,41.43125]]}},{"type":"Feature","properties":{"hyriv_id":40307550,"system_id":"syr_darya","discharge_cms":119.167,"strahler_order":5,"channel_class":"perennial","in_headwater_formation":1},"geometry":{"type":"LineString","coordinates":[[74.72292,41.43125],[74.69792,41.42708]]}},{"type":"Feature","properties":{"hyriv_id":40368086,"system_id":"amu_darya","discharge_cms":119.24,"strahler_order":4,"channel_class":"perennial","in_headwater_formation":0},"geometry":{"type":"LineString","coordinates":[[68.36875,39.45625],[68.35625,39.44792]]}},{"type":"Feature","properties":{"hyriv_id":40386266,"system_id":"amu_darya","discharge_cms":119.393,"strahler_order":5,"channel_class":"perennial","in_headwater_formation":1},"geometry":{"type":"LineString","coordinates":[[70.76458,38.82708],[70.76042,38.82292]]}},{"type":"Feature","properties":{"hyriv_id":40411529,"system_id":"amu_darya","discharge_cms":120.192,"strahler_order":6,"channel_class":"perennial","in_headwater_formation":1},"geometry":{"type":"LineString","coordinates":[[71.66875,38.00208],[71.63958,37.97292]]}},{"type":"Feature","properties":{"hyriv_id":40398910,"system_id":"amu_darya","discharge_cms":120.356,"strahler_order":5,"channel_class":"perennial","in_headwater_formation":0},"geometry":{"type":"LineString","coordinates":[[68.59375,38.44375],[68.58958,38.43125],[68.56042,38.40625]]}},{"type":"Feature","properties":{"hyriv_id":40368331,"system_id":"amu_darya","discharge_cms":120.447,"strahler_order":4,"channel_class":"perennial","in_headwater_formation":0},"geometry":{"type":"LineString","coordinates":[[68.35625,39.44792],[68.33125,39.43958]]}},{"type":"Feature","properties":{"hyriv_id":40399022,"system_id":"amu_darya","discharge_cms":120.909,"strahler_order":5,"channel_class":"perennial","in_headwater_formation":0},"geometry":{"type":"LineString","coordinates":[[68.56042,38.40625],[68.55208,38.40208]]}},{"type":"Feature","properties":{"hyriv_id":40424833,"system_id":"amu_darya","discharge_cms":120.917,"strahler_order":6,"channel_class":"perennial","in_headwater_formation":1},"geometry":{"type":"LineString","coordinates":[[71.49792,37.53125],[71.49375,37.54375],[71.50208,37.56458]]}},{"type":"Feature","properties":{"hyriv_id":40386663,"system_id":"amu_darya","discharge_cms":121.216,"strahler_order":5,"channel_class":"perennial","in_headwater_formation":1},"geometry":{"type":"LineString","coordinates":[[70.76042,38.82292],[70.75208,38.82292],[70.73958,38.81042]]}},{"type":"Feature","properties":{"hyriv_id":40423831,"system_id":"amu_darya","discharge_cms":121.222,"strahler_order":6,"channel_class":"perennial","in_headwater_formation":1},"geometry":{"type":"LineString","coordinates":[[71.50208,37.56458],[71.50208,37.56875]]}},{"type":"Feature","properties":{"hyriv_id":40435124,"system_id":"amu_darya","discharge_cms":121.46,"strahler_order":5,"channel_class":"perennial","in_headwater_formation":1},"geometry":{"type":"LineString","coordinates":[[70.34792,37.23125],[70.34375,37.23542],[70.33125,37.23125],[70.31458,37.21042],[70.29792,37.22292],[70.28542,37.22292]]}},{"type":"Feature","properties":{"hyriv_id":40368452,"system_id":"amu_darya","discharge_cms":121.661,"strahler_order":4,"channel_class":"perennial","in_headwater_formation":0},"geometry":{"type":"LineString","coordinates":[[68.33125,39.43958],[68.29792,39.43542],[68.28958,39.43958]]}},{"type":"Feature","properties":{"hyriv_id":40386918,"system_id":"amu_darya","discharge_cms":121.982,"strahler_order":5,"channel_class":"perennial","in_headwater_formation":1},"geometry":{"type":"LineString","coordinates":[[70.73958,38.81042],[70.71458,38.80208]]}},{"type":"Feature","properties":{"hyriv_id":40376659,"system_id":"amu_darya","discharge_cms":122.098,"strahler_order":5,"channel_class":"perennial","in_headwater_formation":1},"geometry":{"type":"LineString","coordinates":[[71.86458,39.14792],[71.86042,39.14792]]}},{"type":"Feature","properties":{"hyriv_id":40435123,"system_id":"amu_darya","discharge_cms":122.115,"strahler_order":5,"channel_class":"perennial","in_headwater_formation":1},"geometry":{"type":"LineString","coordinates":[[70.28542,37.22292],[70.26875,37.21042]]}},{"type":"Feature","properties":{"hyriv_id":40423684,"system_id":"amu_darya","discharge_cms":122.192,"strahler_order":6,"channel_class":"perennial","in_headwater_formation":1},"geometry":{"type":"LineString","coordinates":[[71.50208,37.56875],[71.50625,37.58542]]}},{"type":"Feature","properties":{"hyriv_id":40435629,"system_id":"amu_darya","discharge_cms":122.226,"strahler_order":5,"channel_class":"perennial","in_headwater_formation":1},"geometry":{"type":"LineString","coordinates":[[70.26875,37.21042],[70.26458,37.19375]]}},{"type":"Feature","properties":{"hyriv_id":40417854,"system_id":"amu_darya","discharge_cms":122.304,"strahler_order":5,"channel_class":"perennial","in_headwater_formation":1},"geometry":{"type":"LineString","coordinates":[[69.55625,37.76042],[69.55208,37.75625]]}},{"type":"Feature","properties":{"hyriv_id":40436036,"system_id":"amu_darya","discharge_cms":122.341,"strahler_order":5,"channel_class":"perennial","in_headwater_formation":1},"geometry":{"type":"LineString","coordinates":[[70.26458,37.19375],[70.25208,37.18125]]}},{"type":"Feature","properties":{"hyriv_id":40368329,"system_id":"amu_darya","discharge_cms":122.513,"strahler_order":4,"channel_class":"perennial","in_headwater_formation":0},"geometry":{"type":"LineString","coordinates":[[68.28958,39.43958],[68.26875,39.43958]]}},{"type":"Feature","properties":{"hyriv_id":40436467,"system_id":"amu_darya","discharge_cms":122.884,"strahler_order":5,"channel_class":"perennial","in_headwater_formation":1},"geometry":{"type":"LineString","coordinates":[[70.25208,37.18125],[70.23958,37.16875],[70.22292,37.17708]]}},{"type":"Feature","properties":{"hyriv_id":40387059,"system_id":"amu_darya","discharge_cms":122.888,"strahler_order":5,"channel_class":"perennial","in_headwater_formation":1},"geometry":{"type":"LineString","coordinates":[[70.71458,38.80208],[70.70625,38.79792]]}},{"type":"Feature","properties":{"hyriv_id":40368327,"system_id":"amu_darya","discharge_cms":123.012,"strahler_order":4,"channel_class":"perennial","in_headwater_formation":0},"geometry":{"type":"LineString","coordinates":[[68.26875,39.43958],[68.25625,39.43958]]}},{"type":"Feature","properties":{"hyriv_id":40436878,"system_id":"amu_darya","discharge_cms":123.059,"strahler_order":5,"channel_class":"perennial","in_headwater_formation":1},"geometry":{"type":"LineString","coordinates":[[70.22292,37.17708],[70.21458,37.17708],[70.20208,37.15625]]}},{"type":"Feature","properties":{"hyriv_id":40399738,"system_id":"amu_darya","discharge_cms":123.175,"strahler_order":5,"channel_class":"perennial","in_headwater_formation":0},"geometry":{"type":"LineString","coordinates":[[68.55208,38.40208],[68.53958,38.39792],[68.53542,38.38125],[68.52708,38.37708]]}},{"type":"Feature","properties":{"hyriv_id":40418520,"system_id":"amu_darya","discharge_cms":123.191,"strahler_order":5,"channel_class":"perennial","in_headwater_formation":1},"geometry":{"type":"LineString","coordinates":[[69.55208,37.75625],[69.53958,37.73958],[69.52708,37.73542]]}},{"type":"Feature","properties":{"hyriv_id":40437322,"system_id":"amu_darya","discharge_cms":123.234,"strahler_order":5,"channel_class":"perennial","in_headwater_formation":1},"geometry":{"type":"LineString","coordinates":[[70.20208,37.15625],[70.18958,37.14375]]}},{"type":"Feature","properties":{"hyriv_id":40423150,"system_id":"amu_darya","discharge_cms":123.702,"strahler_order":6,"channel_class":"perennial","in_headwater_formation":1},"geometry":{"type":"LineString","coordinates":[[71.50625,37.58542],[71.51042,37.61458]]}},{"type":"Feature","properties":{"hyriv_id":40412598,"system_id":"amu_darya","discharge_cms":123.762,"strahler_order":6,"channel_class":"perennial","in_headwater_formation":1},"geometry":{"type":"LineString","coordinates":[[71.63958,37.97292],[71.60208,37.93542],[71.58958,37.94375],[71.56458,37.93542]]}},{"type":"Feature","properties":{"hyriv_id":40418519,"system_id":"amu_darya","discharge_cms":124.063,"strahler_order":5,"channel_class":"perennial","in_headwater_formation":1},"geometry":{"type":"LineString","coordinates":[[69.52708,37.73542],[69.51042,37.73958]]}},{"type":"Feature","properties":{"hyriv_id":40418518,"system_id":"amu_darya","discharge_cms":124.241,"strahler_order":5,"channel_class":"perennial","in_headwater_formation":1},"geometry":{"type":"LineString","coordinates":[[69.51042,37.73958],[69.49375,37.73542]]}},{"type":"Feature","properties":{"hyriv_id":40376887,"system_id":"amu_darya","discharge_cms":124.272,"strahler_order":5,"channel_class":"perennial","in_headwater_formation":1},"geometry":{"type":"LineString","coordinates":[[71.86042,39.14792],[71.83542,39.13958]]}},{"type":"Feature","properties":{"hyriv_id":40368325,"system_id":"amu_darya","discharge_cms":124.864,"strahler_order":4,"channel_class":"perennial","in_headwater_formation":0},"geometry":{"type":"LineString","coordinates":[[68.25625,39.43958],[68.21042,39.44375],[68.18958,39.45625]]}},{"type":"Feature","properties":{"hyriv_id":40376886,"system_id":"amu_darya","discharge_cms":124.892,"strahler_order":5,"channel_class":"perennial","in_headwater_formation":1},"geometry":{"type":"LineString","coordinates":[[71.83542,39.13958],[71.83125,39.14375],[71.79792,39.13958]]}},{"type":"Feature","properties":{"hyriv_id":40400113,"system_id":"amu_darya","discharge_cms":125.025,"strahler_order":5,"channel_class":"perennial","in_headwater_formation":0},"geometry":{"type":"LineString","coordinates":[[68.52708,38.37708],[68.51042,38.36458],[68.49792,38.36458]]}},{"type":"Feature","properties":{"hyriv_id":40376990,"system_id":"amu_darya","discharge_cms":125.107,"strahler_order":5,"channel_class":"perennial","in_headwater_formation":1},"geometry":{"type":"LineString","coordinates":[[71.79792,39.13958],[71.78125,39.13542]]}},{"type":"Feature","properties":{"hyriv_id":40422238,"system_id":"amu_darya","discharge_cms":125.577,"strahler_order":6,"channel_class":"perennial","in_headwater_formation":1},"geometry":{"type":"LineString","coordinates":[[71.51042,37.61458],[71.52708,37.63958]]}},{"type":"Feature","properties":{"hyriv_id":40419771,"system_id":"amu_darya","discharge_cms":125.898,"strahler_order":5,"channel_class":"perennial","in_headwater_formation":1},"geometry":{"type":"LineString","coordinates":[[69.49375,37.73542],[69.47708,37.71875],[69.48125,37.69375]]}},{"type":"Feature","properties":{"hyriv_id":40302336,"system_id":"syr_darya","discharge_cms":126.19,"strahler_order":5,"channel_class":"perennial","in_headwater_formation":0},"geometry":{"type":"LineString","coordinates":[[70.08125,41.60208],[70.05208,41.62708],[70.03125,41.63125]]}},{"type":"Feature","properties":{"hyriv_id":40420424,"system_id":"amu_darya","discharge_cms":126.242,"strahler_order":5,"channel_class":"perennial","in_headwater_formation":1},"geometry":{"type":"LineString","coordinates":[[69.48125,37.69375],[69.47708,37.68125],[69.46458,37.67292]]}},{"type":"Feature","properties":{"hyriv_id":40377264,"system_id":"amu_darya","discharge_cms":126.316,"strahler_order":5,"channel_class":"perennial","in_headwater_formation":1},"geometry":{"type":"LineString","coordinates":[[71.78125,39.13542],[71.77292,39.12708],[71.76042,39.12708]]}},{"type":"Feature","properties":{"hyriv_id":40367961,"system_id":"amu_darya","discharge_cms":126.505,"strahler_order":4,"channel_class":"perennial","in_headwater_formation":0},"geometry":{"type":"LineString","coordinates":[[68.18958,39.45625],[68.16042,39.45208]]}},{"type":"Feature","properties":{"hyriv_id":40377263,"system_id":"amu_darya","discharge_cms":126.692,"strahler_order":5,"channel_class":"perennial","in_headwater_formation":1},"geometry":{"type":"LineString","coordinates":[[71.76042,39.12708],[71.75625,39.12708]]}},{"type":"Feature","properties":{"hyriv_id":40367959,"system_id":"amu_darya","discharge_cms":127.104,"strahler_order":4,"channel_class":"perennial","in_headwater_formation":0},"geometry":{"type":"LineString","coordinates":[[68.16042,39.45208],[68.13958,39.45625]]}},{"type":"Feature","properties":{"hyriv_id":40387407,"system_id":"amu_darya","discharge_cms":127.536,"strahler_order":5,"channel_class":"perennial","in_headwater_formation":1},"geometry":{"type":"LineString","coordinates":[[70.70625,38.79792],[70.69792,38.78958],[70.69375,38.79375],[70.67292,38.78542]]}},{"type":"Feature","properties":{"hyriv_id":40420933,"system_id":"amu_darya","discharge_cms":127.638,"strahler_order":5,"channel_class":"perennial","in_headwater_formation":1},"geometry":{"type":"LineString","coordinates":[[69.46458,37.67292],[69.44792,37.65625],[69.43958,37.65625]]}},{"type":"Feature","properties":{"hyriv_id":40301482,"system_id":"syr_darya","discharge_cms":127.689,"strahler_order":5,"channel_class":"perennial","in_headwater_formation":0},"geometry":{"type":"LineString","coordinates":[[70.03125,41.63125],[70.00625,41.63125]]}},{"type":"Feature","properties":{"hyriv_id":40367830,"system_id":"amu_darya","discharge_cms":127.776,"strahler_order":4,"channel_class":"perennial","in_headwater_formation":0},"geometry":{"type":"LineString","coordinates":[[68.13958,39.45625],[68.11875,39.45625]]}},{"type":"Feature","properties":{"hyriv_id":40377261,"system_id":"amu_darya","discharge_cms":128.06,"strahler_order":5,"channel_class":"perennial","in_headwater_formation":1},"geometry":{"type":"LineString","coordinates":[[71.75625,39.12708],[71.72292,39.13958]]}},{"type":"Feature","properties":{"hyriv_id":40421074,"system_id":"amu_darya","discharge_cms":128.097,"strahler_order":5,"channel_class":"perennial","in_headwater_formation":1},"geometry":{"type":"LineString","coordinates":[[69.43958,37.65625],[69.43542,37.65208],[69.39792,37.66458],[69.38542,37.65208]]}},{"type":"Feature","properties":{"hyriv_id":40438488,"system_id":"amu_darya","discharge_cms":128.11,"strahler_order":5,"channel_class":"perennial","in_headwater_formation":1},"geometry":{"type":"LineString","coordinates":[[70.18958,37.14375],[70.18958,37.13125],[70.16875,37.11042]]}},{"type":"Feature","properties":{"hyriv_id":40421476,"system_id":"amu_darya","discharge_cms":128.225,"strahler_order":6,"channel_class":"perennial","in_headwater_formation":1},"geometry":{"type":"LineString","coordinates":[[71.52708,37.63958],[71.52708,37.67708],[71.53958,37.68958]]}},{"type":"Feature","properties":{"hyriv_id":40387746,"system_id":"amu_darya","discharge_cms":128.304,"strahler_order":5,"channel_class":"perennial","in_headwater_formation":1},"geometry":{"type":"LineString","coordinates":[[70.67292,38.78542],[70.65208,38.77292]]}},{"type":"Feature","properties":{"hyriv_id":40439646,"system_id":"amu_darya","discharge_cms":128.326,"strahler_order":5,"channel_class":"perennial","in_headwater_formation":1},"geometry":{"type":"LineString","coordinates":[[70.16875,37.11042],[70.16042,37.10208],[70.16458,37.07708]]}},{"type":"Feature","properties":{"hyriv_id":40376989,"system_id":"amu_darya","discharge_cms":128.417,"strahler_order":5,"channel_class":"perennial","in_headwater_formation":1},"geometry":{"type":"LineString","coordinates":[[71.72292,39.13958],[71.70625,39.13542],[71.69792,39.13958]]}},{"type":"Feature","properties":{"hyriv_id":40419923,"system_id":"amu_darya","discharge_cms":128.753,"strahler_order":6,"channel_class":"perennial","in_headwater_formation":1},"geometry":{"type":"LineString","coordinates":[[71.53958,37.68958],[71.53958,37.69375]]}},{"type":"Feature","properties":{"hyriv_id":40421219,"system_id":"amu_darya","discharge_cms":128.842,"strahler_order":5,"channel_class":"perennial","in_headwater_formation":1},"geometry":{"type":"LineString","coordinates":[[69.38542,37.65208],[69.35208,37.64792]]}},{"type":"Feature","properties":{"hyriv_id":40368205,"system_id":"amu_darya","discharge_cms":128.976,"strahler_order":4,"channel_class":"perennial","in_headwater_formation":0},"geometry":{"type":"LineString","coordinates":[[68.11875,39.45625],[68.10625,39.44375],[68.08542,39.44375]]}},{"type":"Feature","properties":{"hyriv_id":40403320,"system_id":"amu_darya","discharge_cms":129.443,"strahler_order":5,"channel_class":"perennial","in_headwater_formation":0},"geometry":{"type":"LineString","coordinates":[[68.49792,38.36458],[68.48542,38.36042],[68.46458,38.32708],[68.45208,38.32708],[68.44375,38.31875],[68.44375,38.30208],[68.41875,38.25208]]}},{"type":"Feature","properties":{"hyriv_id":40403446,"system_id":"amu_darya","discharge_cms":129.713,"strahler_order":5,"channel_class":"perennial","in_headwater_formation":0},"geometry":{"type":"LineString","coordinates":[[68.41875,38.25208],[68.41458,38.24792]]}},{"type":"Feature","properties":{"hyriv_id":40388226,"system_id":"amu_darya","discharge_cms":129.723,"strahler_order":5,"channel_class":"perennial","in_headwater_formation":1},"geometry":{"type":"LineString","coordinates":[[70.65208,38.77292],[70.63125,38.75625]]}},{"type":"Feature","properties":{"hyriv_id":40368204,"system_id":"amu_darya","discharge_cms":129.758,"strahler_order":4,"channel_class":"perennial","in_headwater_formation":0},"geometry":{"type":"LineString","coordinates":[[68.08542,39.44375],[68.07708,39.45208],[68.05625,39.45625]]}},{"type":"Feature","properties":{"hyriv_id":40367827,"system_id":"amu_darya","discharge_cms":129.924,"strahler_order":4,"channel_class":"perennial","in_headwater_formation":0},"geometry":{"type":"LineString","coordinates":[[68.05625,39.45625],[68.05208,39.45625]]}},{"type":"Feature","properties":{"hyriv_id":40388496,"system_id":"amu_darya","discharge_cms":130.193,"strahler_order":5,"channel_class":"perennial","in_headwater_formation":1},"geometry":{"type":"LineString","coordinates":[[70.63125,38.75625],[70.61875,38.74792]]}},{"type":"Feature","properties":{"hyriv_id":40419776,"system_id":"amu_darya","discharge_cms":131.363,"strahler_order":6,"channel_class":"perennial","in_headwater_formation":1},"geometry":{"type":"LineString","coordinates":[[71.53958,37.69375],[71.55208,37.72708]]}},{"type":"Feature","properties":{"hyriv_id":40404966,"system_id":"amu_darya","discharge_cms":131.589,"strahler_order":5,"channel_class":"perennial","in_headwater_formation":0},"geometry":{"type":"LineString","coordinates":[[68.41458,38.24792],[68.40208,38.23958],[68.39792,38.20625],[68.40625,38.19792],[68.40208,38.19375]]}},{"type":"Feature","properties":{"hyriv_id":40440673,"system_id":"amu_darya","discharge_cms":132.279,"strahler_order":5,"channel_class":"perennial","in_headwater_formation":1},"geometry":{"type":"LineString","coordinates":[[70.16458,37.07708],[70.15208,37.05208],[70.13542,37.04792]]}},{"type":"Feature","properties":{"hyriv_id":40406324,"system_id":"amu_darya","discharge_cms":133.287,"strahler_order":5,"channel_class":"perennial","in_headwater_formation":0},"geometry":{"type":"LineString","coordinates":[[68.40208,38.19375],[68.40625,38.18125],[68.39375,38.14375]]}},{"type":"Feature","properties":{"hyriv_id":40441812,"system_id":"amu_darya","discharge_cms":133.493,"strahler_order":5,"channel_class":"perennial","in_headwater_formation":1},"geometry":{"type":"LineString","coordinates":[[70.13542,37.04792],[70.11458,37.03125],[70.10625,37.01458]]}},{"type":"Feature","properties":{"hyriv_id":40418780,"system_id":"amu_darya","discharge_cms":133.65,"strahler_order":6,"channel_class":"perennial","in_headwater_formation":1},"geometry":{"type":"LineString","coordinates":[[71.55208,37.72708],[71.55208,37.73958],[71.53125,37.76458]]}},{"type":"Feature","properties":{"hyriv_id":40376883,"system_id":"amu_darya","discharge_cms":134.361,"strahler_order":5,"channel_class":"perennial","in_headwater_formation":1},"geometry":{"type":"LineString","coordinates":[[71.69792,39.13958],[71.69375,39.13958]]}},{"type":"Feature","properties":{"hyriv_id":40417590,"system_id":"amu_darya","discharge_cms":134.438,"strahler_order":6,"channel_class":"perennial","in_headwater_formation":1},"geometry":{"type":"LineString","coordinates":[[71.53125,37.76458],[71.53542,37.76875]]}},{"type":"Feature","properties":{"hyriv_id":40407392,"system_id":"amu_darya","discharge_cms":134.558,"strahler_order":5,"channel_class":"perennial","in_headwater_formation":0},"geometry":{"type":"LineString","coordinates":[[68.39375,38.14375],[68.37708,38.10625]]}},{"type":"Feature","properties":{"hyriv_id":40376881,"system_id":"amu_darya","discharge_cms":134.804,"strahler_order":5,"channel_class":"perennial","in_headwater_formation":1},"geometry":{"type":"LineString","coordinates":[[71.69375,39.13958],[71.68125,39.14375]]}},{"type":"Feature","properties":{"hyriv_id":40407903,"system_id":"amu_darya","discharge_cms":135.138,"strahler_order":5,"channel_class":"perennial","in_headwater_formation":0},"geometry":{"type":"LineString","coordinates":[[68.37708,38.10625],[68.37292,38.09375],[68.37708,38.08958]]}},{"type":"Feature","properties":{"hyriv_id":40376880,"system_id":"amu_darya","discharge_cms":135.47,"strahler_order":5,"channel_class":"perennial","in_headwater_formation":1},"geometry":{"type":"LineString","coordinates":[[71.68125,39.14375],[71.63958,39.13958]]}},{"type":"Feature","properties":{"hyriv_id":40376988,"system_id":"amu_darya","discharge_cms":136.065,"strahler_order":5,"channel_class":"perennial","in_headwater_formation":1},"geometry":{"type":"LineString","coordinates":[[71.63958,39.13958],[71.63125,39.13542],[71.61042,39.13958]]}},{"type":"Feature","properties":{"hyriv_id":40376879,"system_id":"amu_darya","discharge_cms":137.023,"strahler_order":5,"channel_class":"perennial","in_headwater_formation":1},"geometry":{"type":"LineString","coordinates":[[71.61042,39.13958],[71.58125,39.15208]]}},{"type":"Feature","properties":{"hyriv_id":40367826,"system_id":"amu_darya","discharge_cms":137.467,"strahler_order":4,"channel_class":"perennial","in_headwater_formation":0},"geometry":{"type":"LineString","coordinates":[[68.05208,39.45625],[68.03125,39.47292]]}},{"type":"Feature","properties":{"hyriv_id":40417456,"system_id":"amu_darya","discharge_cms":137.758,"strahler_order":6,"channel_class":"perennial","in_headwater_formation":1},"geometry":{"type":"LineString","coordinates":[[71.53542,37.76875],[71.55625,37.78542],[71.58542,37.79375],[71.59375,37.80208]]}},{"type":"Feature","properties":{"hyriv_id":40367321,"system_id":"amu_darya","discharge_cms":138.426,"strahler_order":4,"channel_class":"perennial","in_headwater_formation":0},"geometry":{"type":"LineString","coordinates":[[68.03125,39.47292],[67.99375,39.47292]]}},{"type":"Feature","properties":{"hyriv_id":40376523,"system_id":"amu_darya","discharge_cms":138.45,"strahler_order":5,"channel_class":"perennial","in_headwater_formation":1},"geometry":{"type":"LineString","coordinates":[[71.58125,39.15208],[71.57292,39.15625]]}},{"type":"Feature","properties":{"hyriv_id":40367447,"system_id":"amu_darya","discharge_cms":138.702,"strahler_order":4,"channel_class":"perennial","in_headwater_formation":0},"geometry":{"type":"LineString","coordinates":[[67.99375,39.47292],[67.96458,39.46875]]}},{"type":"Feature","properties":{"hyriv_id":40376399,"system_id":"amu_darya","discharge_cms":138.846,"strahler_order":5,"channel_class":"perennial","in_headwater_formation":1},"geometry":{"type":"LineString","coordinates":[[71.57292,39.15625],[71.56042,39.16042]]}},{"type":"Feature","properties":{"hyriv_id":40367446,"system_id":"amu_darya","discharge_cms":138.895,"strahler_order":4,"channel_class":"perennial","in_headwater_formation":0},"geometry":{"type":"LineString","coordinates":[[67.96458,39.46875],[67.94792,39.47292]]}},{"type":"Feature","properties":{"hyriv_id":40442068,"system_id":"amu_darya","discharge_cms":138.987,"strahler_order":5,"channel_class":"perennial","in_headwater_formation":1},"geometry":{"type":"LineString","coordinates":[[70.10625,37.01458],[70.10625,37.00625]]}},{"type":"Feature","properties":{"hyriv_id":40376275,"system_id":"amu_darya","discharge_cms":139.095,"strahler_order":5,"channel_class":"perennial","in_headwater_formation":1},"geometry":{"type":"LineString","coordinates":[[71.56042,39.16042],[71.55625,39.16458]]}},{"type":"Feature","properties":{"hyriv_id":40408428,"system_id":"amu_darya","discharge_cms":139.205,"strahler_order":5,"channel_class":"perennial","in_headwater_formation":0},"geometry":{"type":"LineString","coordinates":[[68.37708,38.08958],[68.37292,38.07292]]}},{"type":"Feature","properties":{"hyriv_id":40388613,"system_id":"amu_darya","discharge_cms":139.307,"strahler_order":5,"channel_class":"perennial","in_headwater_formation":1},"geometry":{"type":"LineString","coordinates":[[70.61875,38.74792],[70.61458,38.74375],[70.61042,38.74792]]}},{"type":"Feature","properties":{"hyriv_id":40367577,"system_id":"amu_darya","discharge_cms":139.36,"strahler_order":4,"channel_class":"perennial","in_headwater_formation":0},"geometry":{"type":"LineString","coordinates":[[67.94792,39.47292],[67.92292,39.47292],[67.91042,39.46458]]}},{"type":"Feature","properties":{"hyriv_id":40442761,"system_id":"amu_darya","discharge_cms":139.465,"strahler_order":5,"channel_class":"perennial","in_headwater_formation":1},"geometry":{"type":"LineString","coordinates":[[70.10625,37.00625],[70.09792,36.99375],[70.07292,36.98542]]}},{"type":"Feature","properties":{"hyriv_id":40408564,"system_id":"amu_darya","discharge_cms":139.475,"strahler_order":5,"channel_class":"perennial","in_headwater_formation":0},"geometry":{"type":"LineString","coordinates":[[68.37292,38.07292],[68.36875,38.06875]]}},{"type":"Feature","properties":{"hyriv_id":40367703,"system_id":"amu_darya","discharge_cms":139.822,"strahler_order":4,"channel_class":"perennial","in_headwater_formation":0},"geometry":{"type":"LineString","coordinates":[[67.91042,39.46458],[67.90625,39.46042],[67.88958,39.46458]]}},{"type":"Feature","properties":{"hyriv_id":40367575,"system_id":"amu_darya","discharge_cms":140.043,"strahler_order":4,"channel_class":"perennial","in_headwater_formation":0},"geometry":{"type":"LineString","coordinates":[[67.88958,39.46458],[67.87292,39.47292]]}},{"type":"Feature","properties":{"hyriv_id":40388977,"system_id":"amu_darya","discharge_cms":140.14,"strahler_order":5,"channel_class":"perennial","in_headwater_formation":1},"geometry":{"type":"LineString","coordinates":[[70.61042,38.74792],[70.59792,38.73542],[70.58125,38.73125]]}},{"type":"Feature","properties":{"hyriv_id":40408809,"system_id":"amu_darya","discharge_cms":140.277,"strahler_order":5,"channel_class":"perennial","in_headwater_formation":0},"geometry":{"type":"LineString","coordinates":[[68.36875,38.06875],[68.34792,38.06042]]}},{"type":"Feature","properties":{"hyriv_id":40367318,"system_id":"amu_darya","discharge_cms":140.442,"strahler_order":4,"channel_class":"perennial","in_headwater_formation":0},"geometry":{"type":"LineString","coordinates":[[67.87292,39.47292],[67.83958,39.47708]]}},{"type":"Feature","properties":{"hyriv_id":40366626,"system_id":"amu_darya","discharge_cms":140.593,"strahler_order":4,"channel_class":"perennial","in_headwater_formation":0},"geometry":{"type":"LineString","coordinates":[[67.73958,39.50625],[67.72708,39.50208],[67.71875,39.50625],[67.71042,39.49792]]}},{"type":"Feature","properties":{"hyriv_id":40367317,"system_id":"amu_darya","discharge_cms":140.793,"strahler_order":4,"channel_class":"perennial","in_headwater_formation":0},"geometry":{"type":"LineString","coordinates":[[67.83958,39.47708],[67.82292,39.47292],[67.80625,39.48542]]}},{"type":"Feature","properties":{"hyriv_id":40366445,"system_id":"amu_darya","discharge_cms":140.813,"strahler_order":4,"channel_class":"perennial","in_headwater_formation":0},"geometry":{"type":"LineString","coordinates":[[67.76458,39.51458],[67.73958,39.50625]]}},{"type":"Feature","properties":{"hyriv_id":40366959,"system_id":"amu_darya","discharge_cms":140.875,"strahler_order":4,"channel_class":"perennial","in_headwater_formation":0},"geometry":{"type":"LineString","coordinates":[[67.80625,39.48542],[67.79375,39.48958]]}},{"type":"Feature","properties":{"hyriv_id":40366627,"system_id":"amu_darya","discharge_cms":140.879,"strahler_order":4,"channel_class":"perennial","in_headwater_formation":0},"geometry":{"type":"LineString","coordinates":[[67.78958,39.49792],[67.76458,39.51458]]}},{"type":"Feature","properties":{"hyriv_id":40366854,"system_id":"amu_darya","discharge_cms":140.945,"strahler_order":4,"channel_class":"perennial","in_headwater_formation":0},"geometry":{"type":"LineString","coordinates":[[67.79375,39.48958],[67.78958,39.49792]]}},{"type":"Feature","properties":{"hyriv_id":40409337,"system_id":"amu_darya","discharge_cms":141.006,"strahler_order":5,"channel_class":"perennial","in_headwater_formation":0},"geometry":{"type":"LineString","coordinates":[[68.34792,38.06042],[68.33125,38.04375]]}},{"type":"Feature","properties":{"hyriv_id":40389102,"system_id":"amu_darya","discharge_cms":141.747,"strahler_order":5,"channel_class":"perennial","in_headwater_formation":1},"geometry":{"type":"LineString","coordinates":[[70.58125,38.73125],[70.57292,38.72708]]}},{"type":"Feature","properties":{"hyriv_id":40409736,"system_id":"amu_darya","discharge_cms":142.196,"strahler_order":5,"channel_class":"perennial","in_headwater_formation":0},"geometry":{"type":"LineString","coordinates":[[68.33125,38.04375],[68.31042,38.03125]]}},{"type":"Feature","properties":{"hyriv_id":40416482,"system_id":"amu_darya","discharge_cms":142.514,"strahler_order":6,"channel_class":"perennial","in_headwater_formation":1},"geometry":{"type":"LineString","coordinates":[[71.59375,37.80208],[71.58542,37.85208],[71.59792,37.87292]]}},{"type":"Feature","properties":{"hyriv_id":40389378,"system_id":"amu_darya","discharge_cms":142.817,"strahler_order":5,"channel_class":"perennial","in_headwater_formation":1},"geometry":{"type":"LineString","coordinates":[[70.57292,38.72708],[70.54375,38.71875]]}},{"type":"Feature","properties":{"hyriv_id":40410341,"system_id":"amu_darya","discharge_cms":143.097,"strahler_order":5,"channel_class":"perennial","in_headwater_formation":0},"geometry":{"type":"LineString","coordinates":[[68.31042,38.03125],[68.29792,38.01042]]}},{"type":"Feature","properties":{"hyriv_id":40376152,"system_id":"amu_darya","discharge_cms":143.245,"strahler_order":5,"channel_class":"perennial","in_headwater_formation":1},"geometry":{"type":"LineString","coordinates":[[71.55625,39.16458],[71.55625,39.17292]]}},{"type":"Feature","properties":{"hyriv_id":40389758,"system_id":"amu_darya","discharge_cms":143.705,"strahler_order":5,"channel_class":"perennial","in_headwater_formation":1},"geometry":{"type":"LineString","coordinates":[[70.54375,38.71875],[70.53542,38.71875],[70.52292,38.70625]]}},{"type":"Feature","properties":{"hyriv_id":40410859,"system_id":"amu_darya","discharge_cms":143.814,"strahler_order":5,"channel_class":"perennial","in_headwater_formation":0},"geometry":{"type":"LineString","coordinates":[[68.29792,38.01042],[68.28542,37.99375]]}},{"type":"Feature","properties":{"hyriv_id":40389757,"system_id":"amu_darya","discharge_cms":143.931,"strahler_order":5,"channel_class":"perennial","in_headwater_formation":1},"geometry":{"type":"LineString","coordinates":[[70.52292,38.70625],[70.51875,38.70625]]}},{"type":"Feature","properties":{"hyriv_id":40363164,"system_id":"amu_darya","discharge_cms":143.958,"strahler_order":6,"channel_class":"perennial","in_headwater_formation":0},"geometry":{"type":"LineString","coordinates":[[64.01875,39.64792],[63.99375,39.62708],[63.96458,39.62292]]}},{"type":"Feature","properties":{"hyriv_id":40362367,"system_id":"amu_darya","discharge_cms":143.992,"strahler_order":6,"channel_class":"perennial","in_headwater_formation":0},"geometry":{"type":"LineString","coordinates":[[64.03958,39.66875],[64.01875,39.64792]]}},{"type":"Feature","properties":{"hyriv_id":40364698,"system_id":"amu_darya","discharge_cms":144.005,"strahler_order":6,"channel_class":"perennial","in_headwater_formation":0},"geometry":{"type":"LineString","coordinates":[[63.96458,39.62292],[63.94792,39.59375],[63.92292,39.58542],[63.91042,39.56875]]}},{"type":"Feature","properties":{"hyriv_id":40361775,"system_id":"amu_darya","discharge_cms":144.031,"strahler_order":6,"channel_class":"perennial","in_headwater_formation":0},"geometry":{"type":"LineString","coordinates":[[64.14792,39.72292],[64.09375,39.68125],[64.06042,39.66875],[64.03958,39.66875]]}},{"type":"Feature","properties":{"hyriv_id":40411127,"system_id":"amu_darya","discharge_cms":144.248,"strahler_order":5,"channel_class":"perennial","in_headwater_formation":0},"geometry":{"type":"LineString","coordinates":[[68.28542,37.99375],[68.28542,37.98542]]}},{"type":"Feature","properties":{"hyriv_id":40360248,"system_id":"amu_darya","discharge_cms":144.28,"strahler_order":6,"channel_class":"perennial","in_headwater_formation":0},"geometry":{"type":"LineString","coordinates":[[64.16458,39.72708],[64.14792,39.72292]]}},{"type":"Feature","properties":{"hyriv_id":40360120,"system_id":"amu_darya","discharge_cms":144.308,"strahler_order":6,"channel_class":"perennial","in_headwater_formation":0},"geometry":{"type":"LineString","coordinates":[[64.25625,39.78125],[64.22708,39.76875],[64.18542,39.73542],[64.16458,39.72708]]}},{"type":"Feature","properties":{"hyriv_id":40375945,"system_id":"amu_darya","discharge_cms":144.325,"strahler_order":5,"channel_class":"perennial","in_headwater_formation":1},"geometry":{"type":"LineString","coordinates":[[71.55625,39.17292],[71.52292,39.20208]]}},{"type":"Feature","properties":{"hyriv_id":40411770,"system_id":"amu_darya","discharge_cms":144.465,"strahler_order":5,"channel_class":"perennial","in_headwater_formation":0},"geometry":{"type":"LineString","coordinates":[[68.28542,37.98542],[68.28542,37.96458]]}},{"type":"Feature","properties":{"hyriv_id":40358451,"system_id":"amu_darya","discharge_cms":144.51,"strahler_order":6,"channel_class":"perennial","in_headwater_formation":0},"geometry":{"type":"LineString","coordinates":[[64.28542,39.80208],[64.25625,39.78125]]}},{"type":"Feature","properties":{"hyriv_id":40357822,"system_id":"amu_darya","discharge_cms":144.569,"strahler_order":6,"channel_class":"perennial","in_headwater_formation":0},"geometry":{"type":"LineString","coordinates":[[64.33125,39.83542],[64.28542,39.80208]]}},{"type":"Feature","properties":{"hyriv_id":40356818,"system_id":"amu_darya","discharge_cms":144.592,"strahler_order":6,"channel_class":"perennial","in_headwater_formation":0},"geometry":{"type":"LineString","coordinates":[[64.32708,39.86042],[64.33125,39.83542]]}},{"type":"Feature","properties":{"hyriv_id":40356089,"system_id":"amu_darya","discharge_cms":144.65,"strahler_order":6,"channel_class":"perennial","in_headwater_formation":0},"geometry":{"type":"LineString","coordinates":[[64.32708,39.88542],[64.32292,39.87292],[64.32708,39.86042]]}},{"type":"Feature","properties":{"hyriv_id":40355350,"system_id":"amu_darya","discharge_cms":144.702,"strahler_order":6,"channel_class":"perennial","in_headwater_formation":0},"geometry":{"type":"LineString","coordinates":[[64.33125,39.88542],[64.32708,39.88542]]}},{"type":"Feature","properties":{"hyriv_id":40355351,"system_id":"amu_darya","discharge_cms":144.708,"strahler_order":6,"channel_class":"perennial","in_headwater_formation":0},"geometry":{"type":"LineString","coordinates":[[64.39792,39.92708],[64.36042,39.91458],[64.33125,39.88542]]}},{"type":"Feature","properties":{"hyriv_id":40389755,"system_id":"amu_darya","discharge_cms":144.779,"strahler_order":5,"channel_class":"perennial","in_headwater_formation":1},"geometry":{"type":"LineString","coordinates":[[70.51875,38.70625],[70.50208,38.70625]]}},{"type":"Feature","properties":{"hyriv_id":40412113,"system_id":"amu_darya","discharge_cms":144.792,"strahler_order":5,"channel_class":"perennial","in_headwater_formation":0},"geometry":{"type":"LineString","coordinates":[[68.28542,37.96458],[68.28125,37.95208]]}},{"type":"Feature","properties":{"hyriv_id":40354135,"system_id":"amu_darya","discharge_cms":144.852,"strahler_order":6,"channel_class":"perennial","in_headwater_formation":0},"geometry":{"type":"LineString","coordinates":[[64.42708,39.93542],[64.39792,39.92708]]}},{"type":"Feature","properties":{"hyriv_id":40353917,"system_id":"amu_darya","discharge_cms":144.895,"strahler_order":6,"channel_class":"perennial","in_headwater_formation":0},"geometry":{"type":"LineString","coordinates":[[64.43542,39.93542],[64.42708,39.93542]]}},{"type":"Feature","properties":{"hyriv_id":40353918,"system_id":"amu_darya","discharge_cms":144.902,"strahler_order":6,"channel_class":"perennial","in_headwater_formation":0},"geometry":{"type":"LineString","coordinates":[[64.49792,39.96042],[64.47292,39.96458],[64.43542,39.93542]]}},{"type":"Feature","properties":{"hyriv_id":40353318,"system_id":"amu_darya","discharge_cms":145.032,"strahler_order":6,"channel_class":"perennial","in_headwater_formation":0},"geometry":{"type":"LineString","coordinates":[[64.58542,39.96875],[64.55208,39.95625],[64.52708,39.96458],[64.49792,39.96042]]}},{"type":"Feature","properties":{"hyriv_id":40389891,"system_id":"amu_darya","discharge_cms":145.218,"strahler_order":5,"channel_class":"perennial","in_headwater_formation":1},"geometry":{"type":"LineString","coordinates":[[70.50208,38.70625],[70.48958,38.70208]]}},{"type":"Feature","properties":{"hyriv_id":40412342,"system_id":"amu_darya","discharge_cms":145.242,"strahler_order":5,"channel_class":"perennial","in_headwater_formation":0},"geometry":{"type":"LineString","coordinates":[[68.28125,37.95208],[68.27708,37.94375]]}},{"type":"Feature","properties":{"hyriv_id":40413215,"system_id":"amu_darya","discharge_cms":145.518,"strahler_order":5,"channel_class":"perennial","in_headwater_formation":0},"geometry":{"type":"LineString","coordinates":[[68.27708,37.94375],[68.27292,37.93958],[68.28125,37.92292],[68.27292,37.91458]]}},{"type":"Feature","properties":{"hyriv_id":40375141,"system_id":"amu_darya","discharge_cms":145.737,"strahler_order":5,"channel_class":"perennial","in_headwater_formation":1},"geometry":{"type":"LineString","coordinates":[[71.52292,39.20208],[71.46042,39.25208]]}},{"type":"Feature","properties":{"hyriv_id":40413608,"system_id":"amu_darya","discharge_cms":145.758,"strahler_order":5,"channel_class":"perennial","in_headwater_formation":0},"geometry":{"type":"LineString","coordinates":[[68.27292,37.91458],[68.26042,37.90208]]}},{"type":"Feature","properties":{"hyriv_id":40366444,"system_id":"amu_darya","discharge_cms":145.987,"strahler_order":5,"channel_class":"perennial","in_headwater_formation":0},"geometry":{"type":"LineString","coordinates":[[67.60208,39.51042],[67.59792,39.50625]]}},{"type":"Feature","properties":{"hyriv_id":40366330,"system_id":"amu_darya","discharge_cms":146.012,"strahler_order":5,"channel_class":"perennial","in_headwater_formation":0},"geometry":{"type":"LineString","coordinates":[[67.63125,39.51875],[67.62292,39.51042],[67.60625,39.51458],[67.60208,39.51042]]}},{"type":"Feature","properties":{"hyriv_id":40366624,"system_id":"amu_darya","discharge_cms":146.134,"strahler_order":5,"channel_class":"perennial","in_headwater_formation":0},"geometry":{"type":"LineString","coordinates":[[67.59792,39.50625],[67.55208,39.49792]]}},{"type":"Feature","properties":{"hyriv_id":40366325,"system_id":"amu_darya","discharge_cms":146.178,"strahler_order":5,"channel_class":"perennial","in_headwater_formation":0},"geometry":{"type":"LineString","coordinates":[[67.51458,39.51042],[67.48125,39.52708]]}},{"type":"Feature","properties":{"hyriv_id":40366623,"system_id":"amu_darya","discharge_cms":146.2,"strahler_order":5,"channel_class":"perennial","in_headwater_formation":0},"geometry":{"type":"LineString","coordinates":[[67.55208,39.49792],[67.54375,39.49792]]}},{"type":"Feature","properties":{"hyriv_id":40366622,"system_id":"amu_darya","discharge_cms":146.242,"strahler_order":5,"channel_class":"perennial","in_headwater_formation":0},"geometry":{"type":"LineString","coordinates":[[67.54375,39.49792],[67.52292,39.50208],[67.51458,39.51042]]}},{"type":"Feature","properties":{"hyriv_id":40413732,"system_id":"amu_darya","discharge_cms":146.259,"strahler_order":5,"channel_class":"perennial","in_headwater_formation":0},"geometry":{"type":"LineString","coordinates":[[68.26042,37.90208],[68.26042,37.89792]]}},{"type":"Feature","properties":{"hyriv_id":40365905,"system_id":"amu_darya","discharge_cms":146.262,"strahler_order":5,"channel_class":"perennial","in_headwater_formation":0},"geometry":{"type":"LineString","coordinates":[[67.48125,39.52708],[67.46042,39.53125],[67.44792,39.52708]]}},{"type":"Feature","properties":{"hyriv_id":40366209,"system_id":"amu_darya","discharge_cms":146.284,"strahler_order":5,"channel_class":"perennial","in_headwater_formation":0},"geometry":{"type":"LineString","coordinates":[[67.64375,39.51458],[67.63125,39.51875]]}},{"type":"Feature","properties":{"hyriv_id":40366210,"system_id":"amu_darya","discharge_cms":146.298,"strahler_order":5,"channel_class":"perennial","in_headwater_formation":0},"geometry":{"type":"LineString","coordinates":[[67.65625,39.51875],[67.64375,39.51458]]}},{"type":"Feature","properties":{"hyriv_id":40366520,"system_id":"amu_darya","discharge_cms":146.396,"strahler_order":5,"channel_class":"perennial","in_headwater_formation":0},"geometry":{"type":"LineString","coordinates":[[67.68125,39.50208],[67.65625,39.51875]]}},{"type":"Feature","properties":{"hyriv_id":40366625,"system_id":"amu_darya","discharge_cms":146.54,"strahler_order":5,"channel_class":"perennial","in_headwater_formation":0},"geometry":{"type":"LineString","coordinates":[[67.71042,39.49792],[67.68125,39.50208]]}},{"type":"Feature","properties":{"hyriv_id":40365904,"system_id":"amu_darya","discharge_cms":146.575,"strahler_order":5,"channel_class":"perennial","in_headwater_formation":0},"geometry":{"type":"LineString","coordinates":[[67.44792,39.52708],[67.42708,39.53125],[67.41875,39.53958],[67.37292,39.54792],[67.36042,39.56458],[67.34375,39.56042],[67.32292,39.56875],[67.29792,39.56458],[67.24792,39.59375]]}},{"type":"Feature","properties":{"hyriv_id":40361182,"system_id":"amu_darya","discharge_cms":146.593,"strahler_order":5,"channel_class":"perennial","in_headwater_formation":0},"geometry":{"type":"LineString","coordinates":[[67.06458,39.68958],[67.03125,39.70208],[67.00625,39.70208],[66.94375,39.72708],[66.93125,39.72292],[66.91458,39.73542],[66.88125,39.74375]]}},{"type":"Feature","properties":{"hyriv_id":40364092,"system_id":"amu_darya","discharge_cms":146.613,"strahler_order":5,"channel_class":"perennial","in_headwater_formation":0},"geometry":{"type":"LineString","coordinates":[[67.24792,39.59375],[67.23542,39.58958],[67.21458,39.60625],[67.20208,39.60625]]}},{"type":"Feature","properties":{"hyriv_id":40363638,"system_id":"amu_darya","discharge_cms":146.651,"strahler_order":5,"channel_class":"perennial","in_headwater_formation":0},"geometry":{"type":"LineString","coordinates":[[67.20208,39.60625],[67.18958,39.62292]]}},{"type":"Feature","properties":{"hyriv_id":40363167,"system_id":"amu_darya","discharge_cms":146.702,"strahler_order":5,"channel_class":"perennial","in_headwater_formation":0},"geometry":{"type":"LineString","coordinates":[[67.18958,39.62292],[67.18542,39.62708],[67.16875,39.62292],[67.10208,39.65625]]}},{"type":"Feature","properties":{"hyriv_id":40362121,"system_id":"amu_darya","discharge_cms":146.721,"strahler_order":5,"channel_class":"perennial","in_headwater_formation":0},"geometry":{"type":"LineString","coordinates":[[67.10208,39.65625],[67.09792,39.65625]]}},{"type":"Feature","properties":{"hyriv_id":40362120,"system_id":"amu_darya","discharge_cms":146.835,"strahler_order":5,"channel_class":"perennial","in_headwater_formation":0},"geometry":{"type":"LineString","coordinates":[[67.09792,39.65625],[67.07708,39.67292],[67.07708,39.68125]]}},{"type":"Feature","properties":{"hyriv_id":40414067,"system_id":"amu_darya","discharge_cms":146.845,"strahler_order":5,"channel_class":"perennial","in_headwater_formation":0},"geometry":{"type":"LineString","coordinates":[[68.26042,37.89792],[68.26458,37.88542]]}},{"type":"Feature","properties":{"hyriv_id":40361432,"system_id":"amu_darya","discharge_cms":146.848,"strahler_order":5,"channel_class":"perennial","in_headwater_formation":0},"geometry":{"type":"LineString","coordinates":[[67.07708,39.68125],[67.06458,39.68958]]}},{"type":"Feature","properties":{"hyriv_id":40415254,"system_id":"amu_darya","discharge_cms":147.47,"strahler_order":5,"channel_class":"perennial","in_headwater_formation":0},"geometry":{"type":"LineString","coordinates":[[68.26458,37.88542],[68.25208,37.87708],[68.25208,37.86042],[68.23125,37.84375]]}},{"type":"Feature","properties":{"hyriv_id":40415499,"system_id":"amu_darya","discharge_cms":147.758,"strahler_order":5,"channel_class":"perennial","in_headwater_formation":0},"geometry":{"type":"LineString","coordinates":[[68.23125,37.84375],[68.21875,37.83542]]}},{"type":"Feature","properties":{"hyriv_id":40415872,"system_id":"amu_darya","discharge_cms":147.908,"strahler_order":5,"channel_class":"perennial","in_headwater_formation":0},"geometry":{"type":"LineString","coordinates":[[68.21875,37.83542],[68.21875,37.82708],[68.21042,37.82292]]}},{"type":"Feature","properties":{"hyriv_id":40444332,"system_id":"amu_darya","discharge_cms":147.922,"strahler_order":5,"channel_class":"perennial","in_headwater_formation":1},"geometry":{"type":"LineString","coordinates":[[70.07292,36.98542],[70.06042,36.98542],[70.04375,36.96875],[70.04792,36.94792],[70.03958,36.93958]]}},{"type":"Feature","properties":{"hyriv_id":40373682,"system_id":"amu_darya","discharge_cms":148.039,"strahler_order":5,"channel_class":"perennial","in_headwater_formation":1},"geometry":{"type":"LineString","coordinates":[[71.46042,39.25208],[71.45208,39.25625],[71.44375,39.25208],[71.43125,39.26042]]}},{"type":"Feature","properties":{"hyriv_id":40416612,"system_id":"amu_darya","discharge_cms":148.135,"strahler_order":5,"channel_class":"perennial","in_headwater_formation":0},"geometry":{"type":"LineString","coordinates":[[68.21042,37.82292],[68.19375,37.79792]]}},{"type":"Feature","properties":{"hyriv_id":40358082,"system_id":"amu_darya","discharge_cms":148.198,"strahler_order":5,"channel_class":"perennial","in_headwater_formation":0},"geometry":{"type":"LineString","coordinates":[[66.74792,39.79375],[66.72292,39.80625],[66.69375,39.81042]]}},{"type":"Feature","properties":{"hyriv_id":40417583,"system_id":"amu_darya","discharge_cms":148.329,"strahler_order":5,"channel_class":"perennial","in_headwater_formation":0},"geometry":{"type":"LineString","coordinates":[[68.19375,37.79792],[68.20208,37.78125],[68.18542,37.76458]]}},{"type":"Feature","properties":{"hyriv_id":40358587,"system_id":"amu_darya","discharge_cms":148.339,"strahler_order":5,"channel_class":"perennial","in_headwater_formation":0},"geometry":{"type":"LineString","coordinates":[[66.79792,39.77708],[66.76875,39.78542],[66.75208,39.79792],[66.74792,39.79375]]}},{"type":"Feature","properties":{"hyriv_id":40359305,"system_id":"amu_darya","discharge_cms":148.462,"strahler_order":5,"channel_class":"perennial","in_headwater_formation":0},"geometry":{"type":"LineString","coordinates":[[66.85208,39.75208],[66.82708,39.75625],[66.79792,39.77708]]}},{"type":"Feature","properties":{"hyriv_id":40357581,"system_id":"amu_darya","discharge_cms":148.465,"strahler_order":5,"channel_class":"perennial","in_headwater_formation":0},"geometry":{"type":"LineString","coordinates":[[66.69375,39.81042],[66.68125,39.81458],[66.67292,39.81042],[66.66042,39.81875],[66.65208,39.81458]]}},{"type":"Feature","properties":{"hyriv_id":40357316,"system_id":"amu_darya","discharge_cms":148.47,"strahler_order":5,"channel_class":"perennial","in_headwater_formation":0},"geometry":{"type":"LineString","coordinates":[[66.64792,39.81875],[66.60208,39.82708]]}},{"type":"Feature","properties":{"hyriv_id":40359577,"system_id":"amu_darya","discharge_cms":148.578,"strahler_order":5,"channel_class":"perennial","in_headwater_formation":0},"geometry":{"type":"LineString","coordinates":[[66.88125,39.74375],[66.85208,39.75208]]}},{"type":"Feature","properties":{"hyriv_id":40357451,"system_id":"amu_darya","discharge_cms":148.581,"strahler_order":5,"channel_class":"perennial","in_headwater_formation":0},"geometry":{"type":"LineString","coordinates":[[66.65208,39.81458],[66.64792,39.81875]]}},{"type":"Feature","properties":{"hyriv_id":40357048,"system_id":"amu_darya","discharge_cms":148.618,"strahler_order":5,"channel_class":"perennial","in_headwater_formation":0},"geometry":{"type":"LineString","coordinates":[[66.60208,39.82708],[66.57292,39.83542],[66.50208,39.88125],[66.49375,39.87708]]}},{"type":"Feature","properties":{"hyriv_id":40414451,"system_id":"amu_darya","discharge_cms":148.666,"strahler_order":6,"channel_class":"perennial","in_headwater_formation":1},"geometry":{"type":"LineString","coordinates":[[71.59792,37.87292],[71.59792,37.88542],[71.58958,37.89375],[71.58958,37.92292],[71.56458,37.93542]]}},{"type":"Feature","properties":{"hyriv_id":40355599,"system_id":"amu_darya","discharge_cms":148.704,"strahler_order":5,"channel_class":"perennial","in_headwater_formation":0},"geometry":{"type":"LineString","coordinates":[[66.49375,39.87708],[66.46042,39.89792],[66.44375,39.89375],[66.43125,39.91042],[66.41458,39.91875],[66.38542,39.92292]]}},{"type":"Feature","properties":{"hyriv_id":40354269,"system_id":"amu_darya","discharge_cms":148.72,"strahler_order":5,"channel_class":"perennial","in_headwater_formation":0},"geometry":{"type":"LineString","coordinates":[[66.38542,39.92292],[66.36458,39.92708]]}},{"type":"Feature","properties":{"hyriv_id":40354137,"system_id":"amu_darya","discharge_cms":148.725,"strahler_order":5,"channel_class":"perennial","in_headwater_formation":0},"geometry":{"type":"LineString","coordinates":[[66.36458,39.92708],[66.35208,39.93125]]}},{"type":"Feature","properties":{"hyriv_id":40373474,"system_id":"amu_darya","discharge_cms":148.727,"strahler_order":5,"channel_class":"perennial","in_headwater_formation":1},"geometry":{"type":"LineString","coordinates":[[71.43125,39.26042],[71.40625,39.26458]]}},{"type":"Feature","properties":{"hyriv_id":40354030,"system_id":"amu_darya","discharge_cms":148.728,"strahler_order":5,"channel_class":"perennial","in_headwater_formation":0},"geometry":{"type":"LineString","coordinates":[[66.35208,39.93125],[66.33958,39.94375]]}},{"type":"Feature","properties":{"hyriv_id":40353673,"system_id":"amu_darya","discharge_cms":148.735,"strahler_order":5,"channel_class":"perennial","in_headwater_formation":0},"geometry":{"type":"LineString","coordinates":[[66.33958,39.94375],[66.32292,39.94375],[66.28542,39.96458],[66.26458,39.96458]]}},{"type":"Feature","properties":{"hyriv_id":40353080,"system_id":"amu_darya","discharge_cms":148.736,"strahler_order":5,"channel_class":"perennial","in_headwater_formation":0},"geometry":{"type":"LineString","coordinates":[[66.26458,39.96458],[66.24375,39.96875]]}},{"type":"Feature","properties":{"hyriv_id":40353079,"system_id":"amu_darya","discharge_cms":148.746,"strahler_order":5,"channel_class":"perennial","in_headwater_formation":0},"geometry":{"type":"LineString","coordinates":[[66.24375,39.96875],[66.18958,39.96458]]}},{"type":"Feature","properties":{"hyriv_id":40353211,"system_id":"amu_darya","discharge_cms":148.748,"strahler_order":5,"channel_class":"perennial","in_headwater_formation":0},"geometry":{"type":"LineString","coordinates":[[66.18958,39.96458],[66.15625,39.96042]]}},{"type":"Feature","properties":{"hyriv_id":40418902,"system_id":"amu_darya","discharge_cms":148.813,"strahler_order":5,"channel_class":"perennial","in_headwater_formation":0},"geometry":{"type":"LineString","coordinates":[[68.18542,37.76458],[68.18542,37.75625],[68.16458,37.73958],[68.16458,37.72292]]}},{"type":"Feature","properties":{"hyriv_id":40351550,"system_id":"amu_darya","discharge_cms":149.255,"strahler_order":5,"channel_class":"perennial","in_headwater_formation":0},"geometry":{"type":"LineString","coordinates":[[65.94792,40.01458],[65.94375,40.01875]]}},{"type":"Feature","properties":{"hyriv_id":40351704,"system_id":"amu_darya","discharge_cms":149.287,"strahler_order":5,"channel_class":"perennial","in_headwater_formation":0},"geometry":{"type":"LineString","coordinates":[[65.97292,40.01042],[65.94792,40.01458]]}},{"type":"Feature","properties":{"hyriv_id":40351967,"system_id":"amu_darya","discharge_cms":149.3,"strahler_order":5,"channel_class":"perennial","in_headwater_formation":0},"geometry":{"type":"LineString","coordinates":[[66.02292,40.00208],[65.97292,40.01042]]}},{"type":"Feature","properties":{"hyriv_id":40353322,"system_id":"amu_darya","discharge_cms":149.336,"strahler_order":5,"channel_class":"perennial","in_headwater_formation":0},"geometry":{"type":"LineString","coordinates":[[66.15625,39.96042],[66.13958,39.96458],[66.12708,39.95625]]}},{"type":"Feature","properties":{"hyriv_id":40353321,"system_id":"amu_darya","discharge_cms":149.347,"strahler_order":5,"channel_class":"perennial","in_headwater_formation":0},"geometry":{"type":"LineString","coordinates":[[66.12708,39.95625],[66.12292,39.96042]]}},{"type":"Feature","properties":{"hyriv_id":40353209,"system_id":"amu_darya","discharge_cms":149.352,"strahler_order":5,"channel_class":"perennial","in_headwater_formation":0},"geometry":{"type":"LineString","coordinates":[[66.12292,39.96042],[66.09792,39.96042],[66.08958,39.97292],[66.07708,39.97292]]}},{"type":"Feature","properties":{"hyriv_id":40373364,"system_id":"amu_darya","discharge_cms":149.364,"strahler_order":5,"channel_class":"perennial","in_headwater_formation":1},"geometry":{"type":"LineString","coordinates":[[71.40625,39.26458],[71.38542,39.26458]]}},{"type":"Feature","properties":{"hyriv_id":40352339,"system_id":"amu_darya","discharge_cms":149.374,"strahler_order":5,"channel_class":"perennial","in_headwater_formation":0},"geometry":{"type":"LineString","coordinates":[[66.05625,39.98958],[66.03542,40.00208],[66.02292,40.00208]]}},{"type":"Feature","properties":{"hyriv_id":40390008,"system_id":"amu_darya","discharge_cms":149.379,"strahler_order":5,"channel_class":"perennial","in_headwater_formation":1},"geometry":{"type":"LineString","coordinates":[[70.48958,38.70208],[70.46875,38.69792]]}},{"type":"Feature","properties":{"hyriv_id":40352830,"system_id":"amu_darya","discharge_cms":149.4,"strahler_order":5,"channel_class":"perennial","in_headwater_formation":0},"geometry":{"type":"LineString","coordinates":[[66.07708,39.97292],[66.07292,39.98125],[66.06458,39.98125]]}},{"type":"Feature","properties":{"hyriv_id":40352569,"system_id":"amu_darya","discharge_cms":149.415,"strahler_order":5,"channel_class":"perennial","in_headwater_formation":0},"geometry":{"type":"LineString","coordinates":[[66.06458,39.98125],[66.05625,39.98958]]}},{"type":"Feature","properties":{"hyriv_id":40373363,"system_id":"amu_darya","discharge_cms":149.621,"strahler_order":5,"channel_class":"perennial","in_headwater_formation":1},"geometry":{"type":"LineString","coordinates":[[71.38542,39.26458],[71.37708,39.26875]]}},{"type":"Feature","properties":{"hyriv_id":40420422,"system_id":"amu_darya","discharge_cms":149.787,"strahler_order":5,"channel_class":"perennial","in_headwater_formation":0},"geometry":{"type":"LineString","coordinates":[[68.16458,37.72292],[68.15625,37.71042],[68.16458,37.70208],[68.15625,37.68958],[68.15625,37.67292]]}},{"type":"Feature","properties":{"hyriv_id":40420682,"system_id":"amu_darya","discharge_cms":149.854,"strahler_order":5,"channel_class":"perennial","in_headwater_formation":0},"geometry":{"type":"LineString","coordinates":[[68.15625,37.67292],[68.14792,37.66458]]}},{"type":"Feature","properties":{"hyriv_id":40420791,"system_id":"amu_darya","discharge_cms":149.949,"strahler_order":5,"channel_class":"perennial","in_headwater_formation":0},"geometry":{"type":"LineString","coordinates":[[68.14792,37.66458],[68.14375,37.66042]]}},{"type":"Feature","properties":{"hyriv_id":40353076,"system_id":"amu_darya","discharge_cms":149.994,"strahler_order":6,"channel_class":"perennial","in_headwater_formation":0},"geometry":{"type":"LineString","coordinates":[[64.60208,39.97292],[64.58958,39.96458],[64.58542,39.96875]]}},{"type":"Feature","properties":{"hyriv_id":40421963,"system_id":"amu_darya","discharge_cms":150.752,"strahler_order":5,"channel_class":"perennial","in_headwater_formation":0},"geometry":{"type":"LineString","coordinates":[[68.14375,37.66042],[68.13958,37.62292]]}},{"type":"Feature","properties":{"hyriv_id":40352829,"system_id":"amu_darya","discharge_cms":150.915,"strahler_order":6,"channel_class":"perennial","in_headwater_formation":0},"geometry":{"type":"LineString","coordinates":[[64.68958,40.01458],[64.67708,40.01042],[64.66458,39.99375],[64.65208,39.99375],[64.63125,39.97708],[64.60208,39.97292]]}},{"type":"Feature","properties":{"hyriv_id":40422094,"system_id":"amu_darya","discharge_cms":151.451,"strahler_order":5,"channel_class":"perennial","in_headwater_formation":0},"geometry":{"type":"LineString","coordinates":[[68.13958,37.62292],[68.13542,37.61875]]}},{"type":"Feature","properties":{"hyriv_id":40390007,"system_id":"amu_darya","discharge_cms":151.509,"strahler_order":5,"channel_class":"perennial","in_headwater_formation":1},"geometry":{"type":"LineString","coordinates":[[70.46875,38.69792],[70.44375,38.71458]]}},{"type":"Feature","properties":{"hyriv_id":40422354,"system_id":"amu_darya","discharge_cms":151.539,"strahler_order":5,"channel_class":"perennial","in_headwater_formation":0},"geometry":{"type":"LineString","coordinates":[[68.13542,37.61875],[68.13125,37.61042]]}},{"type":"Feature","properties":{"hyriv_id":40440669,"system_id":"amu_darya","discharge_cms":151.666,"strahler_order":5,"channel_class":"perennial","in_headwater_formation":0},"geometry":{"type":"LineString","coordinates":[[68.10625,37.10208],[68.09792,37.08958],[68.10208,37.07708],[68.09792,37.04792]]}},{"type":"Feature","properties":{"hyriv_id":40424225,"system_id":"amu_darya","discharge_cms":151.69,"strahler_order":5,"channel_class":"perennial","in_headwater_formation":0},"geometry":{"type":"LineString","coordinates":[[68.13125,37.61042],[68.14375,37.58958],[68.13125,37.55208]]}},{"type":"Feature","properties":{"hyriv_id":40438772,"system_id":"amu_darya","discharge_cms":151.876,"strahler_order":5,"channel_class":"perennial","in_headwater_formation":0},"geometry":{"type":"LineString","coordinates":[[68.13125,37.13958],[68.12708,37.11458],[68.10625,37.10208]]}},{"type":"Feature","properties":{"hyriv_id":40437492,"system_id":"amu_darya","discharge_cms":151.968,"strahler_order":5,"channel_class":"perennial","in_headwater_formation":0},"geometry":{"type":"LineString","coordinates":[[68.14375,37.14792],[68.13125,37.13958]]}},{"type":"Feature","properties":{"hyriv_id":40437184,"system_id":"amu_darya","discharge_cms":152.004,"strahler_order":5,"channel_class":"perennial","in_headwater_formation":0},"geometry":{"type":"LineString","coordinates":[[68.15625,37.16875],[68.14375,37.14792]]}},{"type":"Feature","properties":{"hyriv_id":40425082,"system_id":"amu_darya","discharge_cms":152.036,"strahler_order":5,"channel_class":"perennial","in_headwater_formation":0},"geometry":{"type":"LineString","coordinates":[[68.13125,37.55208],[68.13542,37.52292]]}},{"type":"Feature","properties":{"hyriv_id":40427855,"system_id":"amu_darya","discharge_cms":152.072,"strahler_order":5,"channel_class":"perennial","in_headwater_formation":0},"geometry":{"type":"LineString","coordinates":[[68.15208,37.50208],[68.15625,37.49792],[68.14792,37.46875],[68.15208,37.43542]]}},{"type":"Feature","properties":{"hyriv_id":40436463,"system_id":"amu_darya","discharge_cms":152.074,"strahler_order":5,"channel_class":"perennial","in_headwater_formation":0},"geometry":{"type":"LineString","coordinates":[[68.15625,37.17708],[68.15625,37.16875]]}},{"type":"Feature","properties":{"hyriv_id":40436161,"system_id":"amu_darya","discharge_cms":152.093,"strahler_order":5,"channel_class":"perennial","in_headwater_formation":0},"geometry":{"type":"LineString","coordinates":[[68.16875,37.19375],[68.15625,37.17708]]}},{"type":"Feature","properties":{"hyriv_id":40425755,"system_id":"amu_darya","discharge_cms":152.119,"strahler_order":5,"channel_class":"perennial","in_headwater_formation":0},"geometry":{"type":"LineString","coordinates":[[68.13542,37.52292],[68.15208,37.50208]]}},{"type":"Feature","properties":{"hyriv_id":40435620,"system_id":"amu_darya","discharge_cms":152.156,"strahler_order":5,"channel_class":"perennial","in_headwater_formation":0},"geometry":{"type":"LineString","coordinates":[[68.16875,37.21458],[68.16875,37.19375]]}},{"type":"Feature","properties":{"hyriv_id":40434656,"system_id":"amu_darya","discharge_cms":152.204,"strahler_order":5,"channel_class":"perennial","in_headwater_formation":0},"geometry":{"type":"LineString","coordinates":[[68.15208,37.26875],[68.15208,37.24792],[68.16458,37.22708]]}},{"type":"Feature","properties":{"hyriv_id":40435003,"system_id":"amu_darya","discharge_cms":152.22,"strahler_order":5,"channel_class":"perennial","in_headwater_formation":0},"geometry":{"type":"LineString","coordinates":[[68.16875,37.22292],[68.16875,37.21458]]}},{"type":"Feature","properties":{"hyriv_id":40434783,"system_id":"amu_darya","discharge_cms":152.241,"strahler_order":5,"channel_class":"perennial","in_headwater_formation":0},"geometry":{"type":"LineString","coordinates":[[68.16458,37.22708],[68.16875,37.22292]]}},{"type":"Feature","properties":{"hyriv_id":40443510,"system_id":"amu_darya","discharge_cms":152.303,"strahler_order":5,"channel_class":"perennial","in_headwater_formation":0},"geometry":{"type":"LineString","coordinates":[[68.08125,37.01458],[68.07292,36.99375],[68.05625,36.98125],[68.04792,36.96458]]}},{"type":"Feature","properties":{"hyriv_id":40444458,"system_id":"amu_darya","discharge_cms":152.317,"strahler_order":5,"channel_class":"perennial","in_headwater_formation":0},"geometry":{"type":"LineString","coordinates":[[68.04792,36.96458],[68.04375,36.93542]]}},{"type":"Feature","properties":{"hyriv_id":40433318,"system_id":"amu_darya","discharge_cms":152.323,"strahler_order":5,"channel_class":"perennial","in_headwater_formation":0},"geometry":{"type":"LineString","coordinates":[[68.14375,37.27708],[68.15208,37.26875]]}},{"type":"Feature","properties":{"hyriv_id":40389521,"system_id":"amu_darya","discharge_cms":152.325,"strahler_order":5,"channel_class":"perennial","in_headwater_formation":1},"geometry":{"type":"LineString","coordinates":[[70.44375,38.71458],[70.42708,38.72292]]}},{"type":"Feature","properties":{"hyriv_id":40433025,"system_id":"amu_darya","discharge_cms":152.338,"strahler_order":5,"channel_class":"perennial","in_headwater_formation":0},"geometry":{"type":"LineString","coordinates":[[68.14792,37.31458],[68.14375,37.27708]]}},{"type":"Feature","properties":{"hyriv_id":40441805,"system_id":"amu_darya","discharge_cms":152.348,"strahler_order":5,"channel_class":"perennial","in_headwater_formation":0},"geometry":{"type":"LineString","coordinates":[[68.09792,37.04792],[68.09375,37.02708],[68.08125,37.01458]]}},{"type":"Feature","properties":{"hyriv_id":40431646,"system_id":"amu_darya","discharge_cms":152.394,"strahler_order":5,"channel_class":"perennial","in_headwater_formation":0},"geometry":{"type":"LineString","coordinates":[[68.13958,37.32708],[68.14375,37.31875]]}},{"type":"Feature","properties":{"hyriv_id":40431362,"system_id":"amu_darya","discharge_cms":152.397,"strahler_order":5,"channel_class":"perennial","in_headwater_formation":0},"geometry":{"type":"LineString","coordinates":[[68.14792,37.36042],[68.13958,37.32708]]}},{"type":"Feature","properties":{"hyriv_id":40431813,"system_id":"amu_darya","discharge_cms":152.436,"strahler_order":5,"channel_class":"perennial","in_headwater_formation":0},"geometry":{"type":"LineString","coordinates":[[68.14375,37.31875],[68.14792,37.31458]]}},{"type":"Feature","properties":{"hyriv_id":40428811,"system_id":"amu_darya","discharge_cms":152.464,"strahler_order":5,"channel_class":"perennial","in_headwater_formation":0},"geometry":{"type":"LineString","coordinates":[[68.14792,37.41875],[68.15208,37.40625]]}},{"type":"Feature","properties":{"hyriv_id":40428396,"system_id":"amu_darya","discharge_cms":152.478,"strahler_order":5,"channel_class":"perennial","in_headwater_formation":0},"geometry":{"type":"LineString","coordinates":[[68.14792,37.43125],[68.14792,37.41875]]}},{"type":"Feature","properties":{"hyriv_id":40427988,"system_id":"amu_darya","discharge_cms":152.495,"strahler_order":5,"channel_class":"perennial","in_headwater_formation":0},"geometry":{"type":"LineString","coordinates":[[68.15208,37.43542],[68.14792,37.43125]]}},{"type":"Feature","properties":{"hyriv_id":40430255,"system_id":"amu_darya","discharge_cms":152.497,"strahler_order":5,"channel_class":"perennial","in_headwater_formation":0},"geometry":{"type":"LineString","coordinates":[[68.15625,37.38542],[68.15625,37.36875],[68.14792,37.36042]]}},{"type":"Feature","properties":{"hyriv_id":40429214,"system_id":"amu_darya","discharge_cms":152.516,"strahler_order":5,"channel_class":"perennial","in_headwater_formation":0},"geometry":{"type":"LineString","coordinates":[[68.15208,37.40625],[68.15625,37.39375]]}},{"type":"Feature","properties":{"hyriv_id":40429480,"system_id":"amu_darya","discharge_cms":152.524,"strahler_order":5,"channel_class":"perennial","in_headwater_formation":0},"geometry":{"type":"LineString","coordinates":[[68.15625,37.39375],[68.15625,37.38542]]}},{"type":"Feature","properties":{"hyriv_id":40421572,"system_id":"amu_darya","discharge_cms":152.876,"strahler_order":5,"channel_class":"perennial","in_headwater_formation":1},"geometry":{"type":"LineString","coordinates":[[69.35208,37.64792],[69.34375,37.63542]]}},{"type":"Feature","properties":{"hyriv_id":40421967,"system_id":"amu_darya","discharge_cms":153.061,"strahler_order":5,"channel_class":"perennial","in_headwater_formation":1},"geometry":{"type":"LineString","coordinates":[[69.34375,37.63542],[69.33958,37.62292]]}},{"type":"Feature","properties":{"hyriv_id":40422230,"system_id":"amu_darya","discharge_cms":153.231,"strahler_order":5,"channel_class":"perennial","in_headwater_formation":1},"geometry":{"type":"LineString","coordinates":[[69.33958,37.62292],[69.33125,37.61458]]}},{"type":"Feature","properties":{"hyriv_id":40422773,"system_id":"amu_darya","discharge_cms":153.455,"strahler_order":5,"channel_class":"perennial","in_headwater_formation":1},"geometry":{"type":"LineString","coordinates":[[69.33125,37.61458],[69.33125,37.59792]]}},{"type":"Feature","properties":{"hyriv_id":40389376,"system_id":"amu_darya","discharge_cms":153.688,"strahler_order":5,"channel_class":"perennial","in_headwater_formation":1},"geometry":{"type":"LineString","coordinates":[[70.42708,38.72292],[70.41458,38.71875]]}},{"type":"Feature","properties":{"hyriv_id":40423954,"system_id":"amu_darya","discharge_cms":153.873,"strahler_order":5,"channel_class":"perennial","in_headwater_formation":1},"geometry":{"type":"LineString","coordinates":[[69.33125,37.59792],[69.33542,37.59375],[69.33125,37.56042]]}},{"type":"Feature","properties":{"hyriv_id":40424351,"system_id":"amu_darya","discharge_cms":154.024,"strahler_order":5,"channel_class":"perennial","in_headwater_formation":1},"geometry":{"type":"LineString","coordinates":[[69.33125,37.56042],[69.33125,37.54792]]}},{"type":"Feature","properties":{"hyriv_id":40446748,"system_id":"amu_darya","discharge_cms":154.075,"strahler_order":6,"channel_class":"perennial","in_headwater_formation":1},"geometry":{"type":"LineString","coordinates":[[68.61458,36.86458],[68.59792,36.87292]]}},{"type":"Feature","properties":{"hyriv_id":40446488,"system_id":"amu_darya","discharge_cms":154.158,"strahler_order":6,"channel_class":"perennial","in_headwater_formation":1},"geometry":{"type":"LineString","coordinates":[[68.59792,36.87292],[68.59375,36.87708]]}},{"type":"Feature","properties":{"hyriv_id":40424610,"system_id":"amu_darya","discharge_cms":154.183,"strahler_order":5,"channel_class":"perennial","in_headwater_formation":1},"geometry":{"type":"LineString","coordinates":[[69.33125,37.54792],[69.33125,37.53958]]}},{"type":"Feature","properties":{"hyriv_id":40351432,"system_id":"amu_darya","discharge_cms":154.37,"strahler_order":6,"channel_class":"perennial","in_headwater_formation":0},"geometry":{"type":"LineString","coordinates":[[65.94375,40.01875],[65.92708,40.01875]]}},{"type":"Feature","properties":{"hyriv_id":40351430,"system_id":"amu_darya","discharge_cms":154.414,"strahler_order":6,"channel_class":"perennial","in_headwater_formation":0},"geometry":{"type":"LineString","coordinates":[[65.83958,40.01875],[65.78958,40.03542]]}},{"type":"Feature","properties":{"hyriv_id":40351964,"system_id":"amu_darya","discharge_cms":154.438,"strahler_order":6,"channel_class":"perennial","in_headwater_formation":0},"geometry":{"type":"LineString","coordinates":[[65.86042,40.00208],[65.85208,40.01042]]}},{"type":"Feature","properties":{"hyriv_id":40351702,"system_id":"amu_darya","discharge_cms":154.439,"strahler_order":6,"channel_class":"perennial","in_headwater_formation":0},"geometry":{"type":"LineString","coordinates":[[65.85208,40.01042],[65.83958,40.01875]]}},{"type":"Feature","properties":{"hyriv_id":40351965,"system_id":"amu_darya","discharge_cms":154.457,"strahler_order":6,"channel_class":"perennial","in_headwater_formation":0},"geometry":{"type":"LineString","coordinates":[[65.89792,40.01458],[65.86042,40.00208]]}},{"type":"Feature","properties":{"hyriv_id":40351548,"system_id":"amu_darya","discharge_cms":154.469,"strahler_order":6,"channel_class":"perennial","in_headwater_formation":0},"geometry":{"type":"LineString","coordinates":[[65.91875,40.01458],[65.91458,40.01875],[65.89792,40.01458]]}},{"type":"Feature","properties":{"hyriv_id":40389375,"system_id":"amu_darya","discharge_cms":154.477,"strahler_order":5,"channel_class":"perennial","in_headwater_formation":1},"geometry":{"type":"LineString","coordinates":[[70.41458,38.71875],[70.38542,38.72708]]}},{"type":"Feature","properties":{"hyriv_id":40351549,"system_id":"amu_darya","discharge_cms":154.491,"strahler_order":6,"channel_class":"perennial","in_headwater_formation":0},"geometry":{"type":"LineString","coordinates":[[65.92708,40.01875],[65.91875,40.01458]]}},{"type":"Feature","properties":{"hyriv_id":40351000,"system_id":"amu_darya","discharge_cms":154.501,"strahler_order":6,"channel_class":"perennial","in_headwater_formation":0},"geometry":{"type":"LineString","coordinates":[[65.78958,40.03542],[65.78542,40.03125],[65.78125,40.03542]]}},{"type":"Feature","properties":{"hyriv_id":40350998,"system_id":"amu_darya","discharge_cms":154.611,"strahler_order":6,"channel_class":"perennial","in_headwater_formation":0},"geometry":{"type":"LineString","coordinates":[[65.77708,40.03125],[65.75625,40.03958],[65.75208,40.03542],[65.73125,40.04792]]}},{"type":"Feature","properties":{"hyriv_id":40350999,"system_id":"amu_darya","discharge_cms":154.614,"strahler_order":6,"channel_class":"perennial","in_headwater_formation":0},"geometry":{"type":"LineString","coordinates":[[65.78125,40.03542],[65.77708,40.03125]]}},{"type":"Feature","properties":{"hyriv_id":40350466,"system_id":"amu_darya","discharge_cms":154.634,"strahler_order":6,"channel_class":"perennial","in_headwater_formation":0},"geometry":{"type":"LineString","coordinates":[[65.73125,40.04792],[65.71875,40.05208]]}},{"type":"Feature","properties":{"hyriv_id":40350325,"system_id":"amu_darya","discharge_cms":154.673,"strahler_order":6,"channel_class":"perennial","in_headwater_formation":0},"geometry":{"type":"LineString","coordinates":[[65.71875,40.05208],[65.68958,40.06458]]}},{"type":"Feature","properties":{"hyriv_id":40349563,"system_id":"amu_darya","discharge_cms":154.713,"strahler_order":6,"channel_class":"perennial","in_headwater_formation":0},"geometry":{"type":"LineString","coordinates":[[65.67292,40.07708],[65.67292,40.08542],[65.65625,40.10208]]}},{"type":"Feature","properties":{"hyriv_id":40349942,"system_id":"amu_darya","discharge_cms":154.713,"strahler_order":6,"channel_class":"perennial","in_headwater_formation":0},"geometry":{"type":"LineString","coordinates":[[65.68958,40.06458],[65.67292,40.07708]]}},{"type":"Feature","properties":{"hyriv_id":40348784,"system_id":"amu_darya","discharge_cms":154.715,"strahler_order":6,"channel_class":"perennial","in_headwater_formation":0},"geometry":{"type":"LineString","coordinates":[[65.65625,40.10208],[65.63958,40.11042]]}},{"type":"Feature","properties":{"hyriv_id":40348541,"system_id":"amu_darya","discharge_cms":154.718,"strahler_order":6,"channel_class":"perennial","in_headwater_formation":0},"geometry":{"type":"LineString","coordinates":[[65.63958,40.11042],[65.63542,40.11458]]}},{"type":"Feature","properties":{"hyriv_id":40348425,"system_id":"amu_darya","discharge_cms":154.734,"strahler_order":6,"channel_class":"perennial","in_headwater_formation":0},"geometry":{"type":"LineString","coordinates":[[65.63542,40.11458],[65.62292,40.11875],[65.61458,40.13125],[65.60208,40.13125]]}},{"type":"Feature","properties":{"hyriv_id":40347565,"system_id":"amu_darya","discharge_cms":154.743,"strahler_order":6,"channel_class":"perennial","in_headwater_formation":0},"geometry":{"type":"LineString","coordinates":[[65.58542,40.13958],[65.56875,40.14375],[65.56042,40.16042]]}},{"type":"Feature","properties":{"hyriv_id":40347858,"system_id":"amu_darya","discharge_cms":154.747,"strahler_order":6,"channel_class":"perennial","in_headwater_formation":0},"geometry":{"type":"LineString","coordinates":[[65.60208,40.13125],[65.58542,40.13958]]}},{"type":"Feature","properties":{"hyriv_id":40351543,"system_id":"amu_darya","discharge_cms":154.751,"strahler_order":6,"channel_class":"perennial","in_headwater_formation":0},"geometry":{"type":"LineString","coordinates":[[64.81042,40.12708],[64.80625,40.11875],[64.81042,40.10625],[64.78125,40.07708],[64.77708,40.06042],[64.76458,40.04792],[64.74792,40.04375],[64.71875,40.01875],[64.68958,40.01458]]}},{"type":"Feature","properties":{"hyriv_id":40389100,"system_id":"amu_darya","discharge_cms":154.778,"strahler_order":5,"channel_class":"perennial","in_headwater_formation":1},"geometry":{"type":"LineString","coordinates":[[70.38542,38.72708],[70.38125,38.73125]]}},{"type":"Feature","properties":{"hyriv_id":40424954,"system_id":"amu_darya","discharge_cms":154.782,"strahler_order":5,"channel_class":"perennial","in_headwater_formation":1},"geometry":{"type":"LineString","coordinates":[[69.33125,37.53958],[69.33125,37.52708]]}},{"type":"Feature","properties":{"hyriv_id":40346639,"system_id":"amu_darya","discharge_cms":154.79,"strahler_order":6,"channel_class":"perennial","in_headwater_formation":0},"geometry":{"type":"LineString","coordinates":[[65.53125,40.16875],[65.50625,40.17292]]}},{"type":"Feature","properties":{"hyriv_id":40346797,"system_id":"amu_darya","discharge_cms":154.79,"strahler_order":6,"channel_class":"perennial","in_headwater_formation":0},"geometry":{"type":"LineString","coordinates":[[65.54792,40.16458],[65.53125,40.16875]]}},{"type":"Feature","properties":{"hyriv_id":40346935,"system_id":"amu_darya","discharge_cms":154.791,"strahler_order":6,"channel_class":"perennial","in_headwater_formation":0},"geometry":{"type":"LineString","coordinates":[[65.56042,40.16042],[65.54792,40.16458]]}},{"type":"Feature","properties":{"hyriv_id":40346488,"system_id":"amu_darya","discharge_cms":154.797,"strahler_order":6,"channel_class":"perennial","in_headwater_formation":0},"geometry":{"type":"LineString","coordinates":[[65.50625,40.17292],[65.49375,40.17292],[65.48542,40.18125],[65.47708,40.17708]]}},{"type":"Feature","properties":{"hyriv_id":40346638,"system_id":"amu_darya","discharge_cms":154.814,"strahler_order":6,"channel_class":"perennial","in_headwater_formation":0},"geometry":{"type":"LineString","coordinates":[[65.47708,40.17708],[65.43958,40.18542],[65.43125,40.17708],[65.40208,40.16875]]}},{"type":"Feature","properties":{"hyriv_id":40346637,"system_id":"amu_darya","discharge_cms":154.855,"strahler_order":6,"channel_class":"perennial","in_headwater_formation":0},"geometry":{"type":"LineString","coordinates":[[65.40208,40.16875],[65.39375,40.16875]]}},{"type":"Feature","properties":{"hyriv_id":40346636,"system_id":"amu_darya","discharge_cms":154.894,"strahler_order":6,"channel_class":"perennial","in_headwater_formation":0},"geometry":{"type":"LineString","coordinates":[[65.39375,40.16875],[65.38125,40.16875]]}},{"type":"Feature","properties":{"hyriv_id":40346934,"system_id":"amu_darya","discharge_cms":154.96,"strahler_order":6,"channel_class":"perennial","in_headwater_formation":0},"geometry":{"type":"LineString","coordinates":[[65.38125,40.16875],[65.33958,40.16042]]}},{"type":"Feature","properties":{"hyriv_id":40346933,"system_id":"amu_darya","discharge_cms":154.969,"strahler_order":6,"channel_class":"perennial","in_headwater_formation":0},"geometry":{"type":"LineString","coordinates":[[65.33958,40.16042],[65.31875,40.16875]]}},{"type":"Feature","properties":{"hyriv_id":40347999,"system_id":"amu_darya","discharge_cms":155.015,"strahler_order":6,"channel_class":"perennial","in_headwater_formation":0},"geometry":{"type":"LineString","coordinates":[[64.81042,40.13125],[64.81042,40.12708]]}},{"type":"Feature","properties":{"hyriv_id":40347854,"system_id":"amu_darya","discharge_cms":155.019,"strahler_order":6,"channel_class":"perennial","in_headwater_formation":0},"geometry":{"type":"LineString","coordinates":[[64.83542,40.16042],[64.81875,40.15208],[64.81042,40.13125]]}},{"type":"Feature","properties":{"hyriv_id":40346796,"system_id":"amu_darya","discharge_cms":155.02,"strahler_order":6,"channel_class":"perennial","in_headwater_formation":0},"geometry":{"type":"LineString","coordinates":[[65.31875,40.16875],[65.28958,40.16458]]}},{"type":"Feature","properties":{"hyriv_id":40346795,"system_id":"amu_darya","discharge_cms":155.047,"strahler_order":6,"channel_class":"perennial","in_headwater_formation":0},"geometry":{"type":"LineString","coordinates":[[65.28958,40.16458],[65.27708,40.16458],[65.26458,40.17708],[65.24792,40.17708]]}},{"type":"Feature","properties":{"hyriv_id":40346487,"system_id":"amu_darya","discharge_cms":155.055,"strahler_order":6,"channel_class":"perennial","in_headwater_formation":0},"geometry":{"type":"LineString","coordinates":[[65.24792,40.17708],[65.23542,40.17292]]}},{"type":"Feature","properties":{"hyriv_id":40425480,"system_id":"amu_darya","discharge_cms":155.058,"strahler_order":5,"channel_class":"perennial","in_headwater_formation":1},"geometry":{"type":"LineString","coordinates":[[69.33125,37.52708],[69.33125,37.51042]]}},{"type":"Feature","properties":{"hyriv_id":40346486,"system_id":"amu_darya","discharge_cms":155.059,"strahler_order":6,"channel_class":"perennial","in_headwater_formation":0},"geometry":{"type":"LineString","coordinates":[[65.23542,40.17292],[65.21458,40.17708]]}},{"type":"Feature","properties":{"hyriv_id":40346930,"system_id":"amu_darya","discharge_cms":155.075,"strahler_order":6,"channel_class":"perennial","in_headwater_formation":0},"geometry":{"type":"LineString","coordinates":[[64.88542,40.16458],[64.83542,40.16042]]}},{"type":"Feature","properties":{"hyriv_id":40346485,"system_id":"amu_darya","discharge_cms":155.138,"strahler_order":6,"channel_class":"perennial","in_headwater_formation":0},"geometry":{"type":"LineString","coordinates":[[65.21458,40.17708],[65.19792,40.17292]]}},{"type":"Feature","properties":{"hyriv_id":40347294,"system_id":"amu_darya","discharge_cms":155.162,"strahler_order":6,"channel_class":"perennial","in_headwater_formation":0},"geometry":{"type":"LineString","coordinates":[[64.96458,40.16042],[64.96042,40.15625],[64.94792,40.16042],[64.93125,40.14792],[64.91458,40.14792],[64.88542,40.16458]]}},{"type":"Feature","properties":{"hyriv_id":40346484,"system_id":"amu_darya","discharge_cms":155.195,"strahler_order":6,"channel_class":"perennial","in_headwater_formation":0},"geometry":{"type":"LineString","coordinates":[[65.19792,40.17292],[65.19375,40.17708]]}},{"type":"Feature","properties":{"hyriv_id":40346483,"system_id":"amu_darya","discharge_cms":155.256,"strahler_order":6,"channel_class":"perennial","in_headwater_formation":0},"geometry":{"type":"LineString","coordinates":[[65.19375,40.17708],[65.15625,40.17292],[65.13125,40.18125]]}},{"type":"Feature","properties":{"hyriv_id":40346217,"system_id":"amu_darya","discharge_cms":155.264,"strahler_order":6,"channel_class":"perennial","in_headwater_formation":0},"geometry":{"type":"LineString","coordinates":[[65.13125,40.18125],[65.11458,40.18958]]}},{"type":"Feature","properties":{"hyriv_id":40346088,"system_id":"amu_darya","discharge_cms":155.293,"strahler_order":6,"channel_class":"perennial","in_headwater_formation":0},"geometry":{"type":"LineString","coordinates":[[65.11458,40.18958],[65.10208,40.18542],[65.06042,40.18958]]}},{"type":"Feature","properties":{"hyriv_id":40346931,"system_id":"amu_darya","discharge_cms":155.303,"strahler_order":6,"channel_class":"perennial","in_headwater_formation":0},"geometry":{"type":"LineString","coordinates":[[65.00208,40.18125],[64.98542,40.17708],[64.96458,40.16042]]}},{"type":"Feature","properties":{"hyriv_id":40346087,"system_id":"amu_darya","discharge_cms":155.329,"strahler_order":6,"channel_class":"perennial","in_headwater_formation":0},"geometry":{"type":"LineString","coordinates":[[65.06042,40.18958],[65.02708,40.18542]]}},{"type":"Feature","properties":{"hyriv_id":40346347,"system_id":"amu_darya","discharge_cms":155.358,"strahler_order":6,"channel_class":"perennial","in_headwater_formation":0},"geometry":{"type":"LineString","coordinates":[[65.02708,40.18542],[65.01458,40.17708],[65.00208,40.18125]]}},{"type":"Feature","properties":{"hyriv_id":40426414,"system_id":"amu_darya","discharge_cms":155.411,"strahler_order":5,"channel_class":"perennial","in_headwater_formation":1},"geometry":{"type":"LineString","coordinates":[[69.33125,37.51042],[69.33125,37.48125]]}},{"type":"Feature","properties":{"hyriv_id":40308394,"system_id":"syr_darya","discharge_cms":155.421,"strahler_order":5,"channel_class":"perennial","in_headwater_formation":1},"geometry":{"type":"LineString","coordinates":[[74.69792,41.42708],[74.68958,41.43125],[74.66458,41.41458],[74.63542,41.41042],[74.62292,41.40208],[74.60625,41.41042]]}},{"type":"Feature","properties":{"hyriv_id":40308136,"system_id":"syr_darya","discharge_cms":155.523,"strahler_order":5,"channel_class":"perennial","in_headwater_formation":1},"geometry":{"type":"LineString","coordinates":[[74.60625,41.41042],[74.61042,41.41875],[74.60625,41.42708]]}},{"type":"Feature","properties":{"hyriv_id":40426552,"system_id":"amu_darya","discharge_cms":155.741,"strahler_order":5,"channel_class":"perennial","in_headwater_formation":1},"geometry":{"type":"LineString","coordinates":[[69.33125,37.48125],[69.33542,37.47708]]}},{"type":"Feature","properties":{"hyriv_id":40307548,"system_id":"syr_darya","discharge_cms":155.836,"strahler_order":5,"channel_class":"perennial","in_headwater_formation":1},"geometry":{"type":"LineString","coordinates":[[74.60625,41.42708],[74.58125,41.42708],[74.56875,41.43542]]}},{"type":"Feature","properties":{"hyriv_id":40446348,"system_id":"amu_darya","discharge_cms":155.925,"strahler_order":6,"channel_class":"perennial","in_headwater_formation":1},"geometry":{"type":"LineString","coordinates":[[68.59375,36.87708],[68.56875,36.90208]]}},{"type":"Feature","properties":{"hyriv_id":40427468,"system_id":"amu_darya","discharge_cms":155.933,"strahler_order":5,"channel_class":"perennial","in_headwater_formation":1},"geometry":{"type":"LineString","coordinates":[[69.33542,37.47708],[69.34375,37.46458],[69.33542,37.44792]]}},{"type":"Feature","properties":{"hyriv_id":40445551,"system_id":"amu_darya","discharge_cms":156.019,"strahler_order":6,"channel_class":"perennial","in_headwater_formation":1},"geometry":{"type":"LineString","coordinates":[[68.56875,36.90208],[68.57708,36.91042],[68.56875,36.91875],[68.57708,36.93125],[68.55625,36.93958]]}},{"type":"Feature","properties":{"hyriv_id":40444329,"system_id":"amu_darya","discharge_cms":156.066,"strahler_order":6,"channel_class":"perennial","in_headwater_formation":1},"geometry":{"type":"LineString","coordinates":[[68.55625,36.93958],[68.55208,36.95625]]}},{"type":"Feature","properties":{"hyriv_id":40443766,"system_id":"amu_darya","discharge_cms":156.121,"strahler_order":6,"channel_class":"perennial","in_headwater_formation":1},"geometry":{"type":"LineString","coordinates":[[68.55208,36.95625],[68.54792,36.96042]]}},{"type":"Feature","properties":{"hyriv_id":40389099,"system_id":"amu_darya","discharge_cms":156.186,"strahler_order":5,"channel_class":"perennial","in_headwater_formation":1},"geometry":{"type":"LineString","coordinates":[[70.38125,38.73125],[70.36042,38.72708],[70.33542,38.74375]]}},{"type":"Feature","properties":{"hyriv_id":40442599,"system_id":"amu_darya","discharge_cms":156.254,"strahler_order":6,"channel_class":"perennial","in_headwater_formation":1},"geometry":{"type":"LineString","coordinates":[[68.38542,37.01875],[68.36458,37.01042],[68.36042,36.98958]]}},{"type":"Feature","properties":{"hyriv_id":40442598,"system_id":"amu_darya","discharge_cms":156.256,"strahler_order":6,"channel_class":"perennial","in_headwater_formation":1},"geometry":{"type":"LineString","coordinates":[[68.27292,36.98958],[68.26458,37.00625],[68.23958,37.00625]]}},{"type":"Feature","properties":{"hyriv_id":40443632,"system_id":"amu_darya","discharge_cms":156.292,"strahler_order":6,"channel_class":"perennial","in_headwater_formation":1},"geometry":{"type":"LineString","coordinates":[[68.54792,36.96042],[68.53958,36.96875],[68.53125,36.96458],[68.51875,36.98958],[68.49792,36.99375]]}},{"type":"Feature","properties":{"hyriv_id":40442481,"system_id":"amu_darya","discharge_cms":156.295,"strahler_order":6,"channel_class":"perennial","in_headwater_formation":1},"geometry":{"type":"LineString","coordinates":[[68.49792,36.99375],[68.48542,37.02708]]}},{"type":"Feature","properties":{"hyriv_id":40442912,"system_id":"amu_darya","discharge_cms":156.375,"strahler_order":6,"channel_class":"perennial","in_headwater_formation":1},"geometry":{"type":"LineString","coordinates":[[68.36042,36.98958],[68.35208,36.98125],[68.27292,36.98958]]}},{"type":"Feature","properties":{"hyriv_id":40428249,"system_id":"amu_darya","discharge_cms":156.388,"strahler_order":5,"channel_class":"perennial","in_headwater_formation":1},"geometry":{"type":"LineString","coordinates":[[69.33542,37.44792],[69.33542,37.42292]]}},{"type":"Feature","properties":{"hyriv_id":40441807,"system_id":"amu_darya","discharge_cms":156.396,"strahler_order":6,"channel_class":"perennial","in_headwater_formation":1},"geometry":{"type":"LineString","coordinates":[[68.42292,37.02708],[68.41042,37.02708],[68.40208,37.01458],[68.38542,37.01875]]}},{"type":"Feature","properties":{"hyriv_id":40441529,"system_id":"amu_darya","discharge_cms":156.581,"strahler_order":6,"channel_class":"perennial","in_headwater_formation":1},"geometry":{"type":"LineString","coordinates":[[68.48542,37.02708],[68.44792,37.03125],[68.43542,37.02292]]}},{"type":"Feature","properties":{"hyriv_id":40441528,"system_id":"amu_darya","discharge_cms":156.607,"strahler_order":6,"channel_class":"perennial","in_headwater_formation":1},"geometry":{"type":"LineString","coordinates":[[68.43542,37.02292],[68.42292,37.02708]]}},{"type":"Feature","properties":{"hyriv_id":40429360,"system_id":"amu_darya","discharge_cms":156.772,"strahler_order":5,"channel_class":"perennial","in_headwater_formation":1},"geometry":{"type":"LineString","coordinates":[[69.33542,37.42292],[69.33958,37.41458],[69.33542,37.40625],[69.34792,37.40208],[69.35625,37.38958]]}},{"type":"Feature","properties":{"hyriv_id":40307274,"system_id":"syr_darya","discharge_cms":156.945,"strahler_order":5,"channel_class":"perennial","in_headwater_formation":1},"geometry":{"type":"LineString","coordinates":[[74.56875,41.43542],[74.53958,41.44375]]}},{"type":"Feature","properties":{"hyriv_id":40429608,"system_id":"amu_darya","discharge_cms":157.016,"strahler_order":5,"channel_class":"perennial","in_headwater_formation":1},"geometry":{"type":"LineString","coordinates":[[69.35625,37.38958],[69.36875,37.38125]]}},{"type":"Feature","properties":{"hyriv_id":40307014,"system_id":"syr_darya","discharge_cms":157.066,"strahler_order":5,"channel_class":"perennial","in_headwater_formation":1},"geometry":{"type":"LineString","coordinates":[[74.53958,41.44375],[74.53125,41.44375]]}},{"type":"Feature","properties":{"hyriv_id":40307146,"system_id":"syr_darya","discharge_cms":157.568,"strahler_order":5,"channel_class":"perennial","in_headwater_formation":1},"geometry":{"type":"LineString","coordinates":[[74.53125,41.44375],[74.49792,41.44792],[74.48125,41.43958],[74.47292,41.44375]]}},{"type":"Feature","properties":{"hyriv_id":40307011,"system_id":"syr_darya","discharge_cms":157.99,"strahler_order":5,"channel_class":"perennial","in_headwater_formation":1},"geometry":{"type":"LineString","coordinates":[[74.47292,41.44375],[74.46875,41.44375]]}},{"type":"Feature","properties":{"hyriv_id":40307145,"system_id":"syr_darya","discharge_cms":158.252,"strahler_order":5,"channel_class":"perennial","in_headwater_formation":1},"geometry":{"type":"LineString","coordinates":[[74.46875,41.44375],[74.45625,41.43958]]}},{"type":"Feature","properties":{"hyriv_id":40307824,"system_id":"syr_darya","discharge_cms":158.977,"strahler_order":5,"channel_class":"perennial","in_headwater_formation":1},"geometry":{"type":"LineString","coordinates":[[74.45625,41.43958],[74.43542,41.41875]]}},{"type":"Feature","properties":{"hyriv_id":40307987,"system_id":"syr_darya","discharge_cms":159.275,"strahler_order":5,"channel_class":"perennial","in_headwater_formation":1},"geometry":{"type":"LineString","coordinates":[[74.43542,41.41875],[74.42708,41.41458]]}},{"type":"Feature","properties":{"hyriv_id":40308134,"system_id":"syr_darya","discharge_cms":159.392,"strahler_order":5,"channel_class":"perennial","in_headwater_formation":1},"geometry":{"type":"LineString","coordinates":[[74.42708,41.41458],[74.42292,41.41042]]}},{"type":"Feature","properties":{"hyriv_id":40308278,"system_id":"syr_darya","discharge_cms":159.637,"strahler_order":5,"channel_class":"perennial","in_headwater_formation":1},"geometry":{"type":"LineString","coordinates":[[74.42292,41.41042],[74.40208,41.40625]]}},{"type":"Feature","properties":{"hyriv_id":40308945,"system_id":"syr_darya","discharge_cms":160.207,"strahler_order":5,"channel_class":"perennial","in_headwater_formation":1},"geometry":{"type":"LineString","coordinates":[[74.40208,41.40625],[74.39792,41.40208],[74.37708,41.40625],[74.36875,41.39792],[74.37292,41.38958],[74.36875,41.38542]]}},{"type":"Feature","properties":{"hyriv_id":40309224,"system_id":"syr_darya","discharge_cms":161.416,"strahler_order":5,"channel_class":"perennial","in_headwater_formation":1},"geometry":{"type":"LineString","coordinates":[[74.36875,41.38542],[74.31458,41.38958],[74.28125,41.37708]]}},{"type":"Feature","properties":{"hyriv_id":40429881,"system_id":"amu_darya","discharge_cms":161.462,"strahler_order":5,"channel_class":"perennial","in_headwater_formation":1},"geometry":{"type":"LineString","coordinates":[[69.36875,37.38125],[69.37292,37.37292]]}},{"type":"Feature","properties":{"hyriv_id":40388611,"system_id":"amu_darya","discharge_cms":161.504,"strahler_order":5,"channel_class":"perennial","in_headwater_formation":1},"geometry":{"type":"LineString","coordinates":[[70.33542,38.74375],[70.33542,38.75625],[70.32708,38.76042]]}},{"type":"Feature","properties":{"hyriv_id":40430532,"system_id":"amu_darya","discharge_cms":161.821,"strahler_order":5,"channel_class":"perennial","in_headwater_formation":1},"geometry":{"type":"LineString","coordinates":[[69.37292,37.37292],[69.38125,37.36458],[69.38125,37.35208]]}},{"type":"Feature","properties":{"hyriv_id":40309492,"system_id":"syr_darya","discharge_cms":162.151,"strahler_order":5,"channel_class":"perennial","in_headwater_formation":1},"geometry":{"type":"LineString","coordinates":[[74.28125,41.37708],[74.23958,41.36875]]}},{"type":"Feature","properties":{"hyriv_id":40309491,"system_id":"syr_darya","discharge_cms":162.448,"strahler_order":5,"channel_class":"perennial","in_headwater_formation":1},"geometry":{"type":"LineString","coordinates":[[74.23958,41.36875],[74.22292,41.37708]]}},{"type":"Feature","properties":{"hyriv_id":40430670,"system_id":"amu_darya","discharge_cms":162.608,"strahler_order":5,"channel_class":"perennial","in_headwater_formation":1},"geometry":{"type":"LineString","coordinates":[[69.38125,37.35208],[69.38125,37.34792]]}},{"type":"Feature","properties":{"hyriv_id":40309223,"system_id":"syr_darya","discharge_cms":162.791,"strahler_order":5,"channel_class":"perennial","in_headwater_formation":1},"geometry":{"type":"LineString","coordinates":[[74.22292,41.37708],[74.21042,41.38125]]}},{"type":"Feature","properties":{"hyriv_id":40433172,"system_id":"amu_darya","discharge_cms":163.382,"strahler_order":5,"channel_class":"perennial","in_headwater_formation":1},"geometry":{"type":"LineString","coordinates":[[69.38125,37.34792],[69.41458,37.30208],[69.41042,37.28125],[69.41458,37.27292]]}},{"type":"Feature","properties":{"hyriv_id":40388108,"system_id":"amu_darya","discharge_cms":163.442,"strahler_order":5,"channel_class":"perennial","in_headwater_formation":1},"geometry":{"type":"LineString","coordinates":[[70.32708,38.76042],[70.31458,38.76042],[70.29375,38.78542]]}},{"type":"Feature","properties":{"hyriv_id":40309083,"system_id":"syr_darya","discharge_cms":163.91,"strahler_order":5,"channel_class":"perennial","in_headwater_formation":1},"geometry":{"type":"LineString","coordinates":[[74.21042,41.38125],[74.19792,41.39375]]}},{"type":"Feature","properties":{"hyriv_id":40308669,"system_id":"syr_darya","discharge_cms":164.205,"strahler_order":5,"channel_class":"perennial","in_headwater_formation":1},"geometry":{"type":"LineString","coordinates":[[74.19792,41.39375],[74.18958,41.39792]]}},{"type":"Feature","properties":{"hyriv_id":40308537,"system_id":"syr_darya","discharge_cms":164.546,"strahler_order":5,"channel_class":"perennial","in_headwater_formation":1},"geometry":{"type":"LineString","coordinates":[[74.18958,41.39792],[74.17708,41.39792]]}},{"type":"Feature","properties":{"hyriv_id":40308536,"system_id":"syr_darya","discharge_cms":164.876,"strahler_order":5,"channel_class":"perennial","in_headwater_formation":1},"geometry":{"type":"LineString","coordinates":[[74.17708,41.39792],[74.16458,41.40208],[74.16042,41.39792]]}},{"type":"Feature","properties":{"hyriv_id":40308535,"system_id":"syr_darya","discharge_cms":165.123,"strahler_order":5,"channel_class":"perennial","in_headwater_formation":1},"geometry":{"type":"LineString","coordinates":[[74.16042,41.39792],[74.15208,41.40208]]}},{"type":"Feature","properties":{"hyriv_id":40308534,"system_id":"syr_darya","discharge_cms":166.807,"strahler_order":5,"channel_class":"perennial","in_headwater_formation":1},"geometry":{"type":"LineString","coordinates":[[74.15208,41.40208],[74.12708,41.39792]]}},{"type":"Feature","properties":{"hyriv_id":40308533,"system_id":"syr_darya","discharge_cms":167.239,"strahler_order":5,"channel_class":"perennial","in_headwater_formation":1},"geometry":{"type":"LineString","coordinates":[[74.12708,41.39792],[74.11042,41.39792]]}},{"type":"Feature","properties":{"hyriv_id":40444467,"system_id":"amu_darya","discharge_cms":167.72,"strahler_order":5,"channel_class":"perennial","in_headwater_formation":1},"geometry":{"type":"LineString","coordinates":[[70.03958,36.93958],[70.03542,36.93542],[70.01875,36.93958]]}},{"type":"Feature","properties":{"hyriv_id":40308531,"system_id":"syr_darya","discharge_cms":167.79,"strahler_order":5,"channel_class":"perennial","in_headwater_formation":1},"geometry":{"type":"LineString","coordinates":[[74.11042,41.39792],[74.08958,41.40208]]}},{"type":"Feature","properties":{"hyriv_id":40308391,"system_id":"syr_darya","discharge_cms":168.42,"strahler_order":5,"channel_class":"perennial","in_headwater_formation":1},"geometry":{"type":"LineString","coordinates":[[74.08958,41.40208],[74.06042,41.41458],[74.05625,41.41042]]}},{"type":"Feature","properties":{"hyriv_id":40308133,"system_id":"syr_darya","discharge_cms":169.327,"strahler_order":5,"channel_class":"perennial","in_headwater_formation":1},"geometry":{"type":"LineString","coordinates":[[74.05625,41.41042],[74.04792,41.41042]]}},{"type":"Feature","properties":{"hyriv_id":40444894,"system_id":"amu_darya","discharge_cms":170.219,"strahler_order":5,"channel_class":"perennial","in_headwater_formation":1},"geometry":{"type":"LineString","coordinates":[[70.01875,36.93958],[69.99375,36.92292]]}},{"type":"Feature","properties":{"hyriv_id":40308131,"system_id":"syr_darya","discharge_cms":170.5,"strahler_order":5,"channel_class":"perennial","in_headwater_formation":1},"geometry":{"type":"LineString","coordinates":[[74.04792,41.41042],[74.02708,41.41458],[74.01042,41.42708]]}},{"type":"Feature","properties":{"hyriv_id":40444892,"system_id":"amu_darya","discharge_cms":170.548,"strahler_order":5,"channel_class":"perennial","in_headwater_formation":1},"geometry":{"type":"LineString","coordinates":[[69.99375,36.92292],[69.97708,36.92708],[69.96458,36.92292]]}},{"type":"Feature","properties":{"hyriv_id":40307546,"system_id":"syr_darya","discharge_cms":171.067,"strahler_order":5,"channel_class":"perennial","in_headwater_formation":1},"geometry":{"type":"LineString","coordinates":[[74.01042,41.42708],[73.99792,41.43542]]}},{"type":"Feature","properties":{"hyriv_id":40445037,"system_id":"amu_darya","discharge_cms":171.288,"strahler_order":5,"channel_class":"perennial","in_headwater_formation":1},"geometry":{"type":"LineString","coordinates":[[69.96458,36.92292],[69.95625,36.91875]]}},{"type":"Feature","properties":{"hyriv_id":40446071,"system_id":"amu_darya","discharge_cms":172.178,"strahler_order":5,"channel_class":"perennial","in_headwater_formation":1},"geometry":{"type":"LineString","coordinates":[[69.95625,36.91875],[69.95208,36.91458],[69.93542,36.91875],[69.92708,36.91042],[69.91042,36.91875],[69.88958,36.91458],[69.88542,36.91042],[69.88958,36.89792],[69.87292,36.88542]]}},{"type":"Feature","properties":{"hyriv_id":40387404,"system_id":"amu_darya","discharge_cms":172.204,"strahler_order":5,"channel_class":"perennial","in_headwater_formation":1},"geometry":{"type":"LineString","coordinates":[[70.29375,38.78542],[70.25625,38.78958]]}},{"type":"Feature","properties":{"hyriv_id":40446350,"system_id":"amu_darya","discharge_cms":172.583,"strahler_order":5,"channel_class":"perennial","in_headwater_formation":1},"geometry":{"type":"LineString","coordinates":[[69.87292,36.88542],[69.86458,36.87708],[69.85208,36.87708],[69.83542,36.88958]]}},{"type":"Feature","properties":{"hyriv_id":40445939,"system_id":"amu_darya","discharge_cms":172.947,"strahler_order":5,"channel_class":"perennial","in_headwater_formation":1},"geometry":{"type":"LineString","coordinates":[[69.83542,36.88958],[69.82292,36.88958]]}},{"type":"Feature","properties":{"hyriv_id":40445938,"system_id":"amu_darya","discharge_cms":173.1,"strahler_order":5,"channel_class":"perennial","in_headwater_formation":1},"geometry":{"type":"LineString","coordinates":[[69.82292,36.88958],[69.81875,36.89375],[69.81042,36.88958]]}},{"type":"Feature","properties":{"hyriv_id":40307271,"system_id":"syr_darya","discharge_cms":173.203,"strahler_order":5,"channel_class":"perennial","in_headwater_formation":1},"geometry":{"type":"LineString","coordinates":[[73.99792,41.43542],[73.98958,41.44792]]}},{"type":"Feature","properties":{"hyriv_id":40387316,"system_id":"amu_darya","discharge_cms":173.246,"strahler_order":5,"channel_class":"perennial","in_headwater_formation":1},"geometry":{"type":"LineString","coordinates":[[70.25625,38.78958],[70.25208,38.79375],[70.24375,38.78958]]}},{"type":"Feature","properties":{"hyriv_id":40447022,"system_id":"amu_darya","discharge_cms":173.43,"strahler_order":5,"channel_class":"perennial","in_headwater_formation":1},"geometry":{"type":"LineString","coordinates":[[69.81042,36.88958],[69.80625,36.88542],[69.78958,36.88958],[69.78125,36.88125],[69.78958,36.85625]]}},{"type":"Feature","properties":{"hyriv_id":40387314,"system_id":"amu_darya","discharge_cms":173.894,"strahler_order":5,"channel_class":"perennial","in_headwater_formation":1},"geometry":{"type":"LineString","coordinates":[[70.24375,38.78958],[70.23125,38.78958]]}},{"type":"Feature","properties":{"hyriv_id":40306882,"system_id":"syr_darya","discharge_cms":174.417,"strahler_order":5,"channel_class":"perennial","in_headwater_formation":1},"geometry":{"type":"LineString","coordinates":[[73.98958,41.44792],[73.97708,41.45625]]}},{"type":"Feature","properties":{"hyriv_id":40447320,"system_id":"amu_darya","discharge_cms":175.068,"strahler_order":5,"channel_class":"perennial","in_headwater_formation":1},"geometry":{"type":"LineString","coordinates":[[69.78958,36.85625],[69.77708,36.84792],[69.77292,36.85208]]}},{"type":"Feature","properties":{"hyriv_id":40447183,"system_id":"amu_darya","discharge_cms":175.64,"strahler_order":5,"channel_class":"perennial","in_headwater_formation":1},"geometry":{"type":"LineString","coordinates":[[69.77292,36.85208],[69.75208,36.86042]]}},{"type":"Feature","properties":{"hyriv_id":40446891,"system_id":"amu_darya","discharge_cms":175.951,"strahler_order":5,"channel_class":"perennial","in_headwater_formation":1},"geometry":{"type":"LineString","coordinates":[[69.75208,36.86042],[69.73958,36.86458],[69.73958,36.87292]]}},{"type":"Feature","properties":{"hyriv_id":40446495,"system_id":"amu_darya","discharge_cms":176.172,"strahler_order":5,"channel_class":"perennial","in_headwater_formation":1},"geometry":{"type":"LineString","coordinates":[[69.73958,36.87292],[69.74375,36.88125],[69.72708,36.89375]]}},{"type":"Feature","properties":{"hyriv_id":40387313,"system_id":"amu_darya","discharge_cms":176.553,"strahler_order":5,"channel_class":"perennial","in_headwater_formation":1},"geometry":{"type":"LineString","coordinates":[[70.23125,38.78958],[70.22292,38.80208],[70.21458,38.80208]]}},{"type":"Feature","properties":{"hyriv_id":40445819,"system_id":"amu_darya","discharge_cms":176.867,"strahler_order":5,"channel_class":"perennial","in_headwater_formation":1},"geometry":{"type":"LineString","coordinates":[[69.72708,36.89375],[69.71875,36.89792]]}},{"type":"Feature","properties":{"hyriv_id":40445700,"system_id":"amu_darya","discharge_cms":177.037,"strahler_order":5,"channel_class":"perennial","in_headwater_formation":1},"geometry":{"type":"LineString","coordinates":[[69.71875,36.89792],[69.71042,36.90625],[69.71875,36.92292]]}},{"type":"Feature","properties":{"hyriv_id":40386917,"system_id":"amu_darya","discharge_cms":177.227,"strahler_order":5,"channel_class":"perennial","in_headwater_formation":1},"geometry":{"type":"LineString","coordinates":[[70.21458,38.80208],[70.21042,38.81875]]}},{"type":"Feature","properties":{"hyriv_id":40444890,"system_id":"amu_darya","discharge_cms":177.646,"strahler_order":5,"channel_class":"perennial","in_headwater_formation":1},"geometry":{"type":"LineString","coordinates":[[69.71875,36.92292],[69.69792,36.93542]]}},{"type":"Feature","properties":{"hyriv_id":40386404,"system_id":"amu_darya","discharge_cms":177.845,"strahler_order":5,"channel_class":"perennial","in_headwater_formation":1},"geometry":{"type":"LineString","coordinates":[[70.21042,38.81875],[70.20208,38.83542]]}},{"type":"Feature","properties":{"hyriv_id":40444465,"system_id":"amu_darya","discharge_cms":178.239,"strahler_order":5,"channel_class":"perennial","in_headwater_formation":1},"geometry":{"type":"LineString","coordinates":[[69.69792,36.93542],[69.68958,36.93542]]}},{"type":"Feature","properties":{"hyriv_id":40444464,"system_id":"amu_darya","discharge_cms":178.489,"strahler_order":5,"channel_class":"perennial","in_headwater_formation":1},"geometry":{"type":"LineString","coordinates":[[69.68958,36.93542],[69.68542,36.93958]]}},{"type":"Feature","properties":{"hyriv_id":40444330,"system_id":"amu_darya","discharge_cms":179.016,"strahler_order":5,"channel_class":"perennial","in_headwater_formation":1},"geometry":{"type":"LineString","coordinates":[[69.68542,36.93958],[69.66875,36.94792],[69.63958,36.98125]]}},{"type":"Feature","properties":{"hyriv_id":40385896,"system_id":"amu_darya","discharge_cms":179.096,"strahler_order":5,"channel_class":"perennial","in_headwater_formation":1},"geometry":{"type":"LineString","coordinates":[[70.20208,38.83542],[70.19792,38.83542]]}},{"type":"Feature","properties":{"hyriv_id":40442917,"system_id":"amu_darya","discharge_cms":179.587,"strahler_order":5,"channel_class":"perennial","in_headwater_formation":1},"geometry":{"type":"LineString","coordinates":[[69.63958,36.98125],[69.62292,36.99375],[69.59375,36.99792]]}},{"type":"Feature","properties":{"hyriv_id":40386262,"system_id":"amu_darya","discharge_cms":180.229,"strahler_order":5,"channel_class":"perennial","in_headwater_formation":1},"geometry":{"type":"LineString","coordinates":[[70.19792,38.83542],[70.16042,38.82292]]}},{"type":"Feature","properties":{"hyriv_id":40442353,"system_id":"amu_darya","discharge_cms":181.059,"strahler_order":5,"channel_class":"perennial","in_headwater_formation":1},"geometry":{"type":"LineString","coordinates":[[69.59375,36.99792],[69.58958,37.00208]]}},{"type":"Feature","properties":{"hyriv_id":40442211,"system_id":"amu_darya","discharge_cms":181.51,"strahler_order":5,"channel_class":"perennial","in_headwater_formation":1},"geometry":{"type":"LineString","coordinates":[[69.58958,37.00208],[69.58125,37.01042]]}},{"type":"Feature","properties":{"hyriv_id":40441946,"system_id":"amu_darya","discharge_cms":182.105,"strahler_order":5,"channel_class":"perennial","in_headwater_formation":1},"geometry":{"type":"LineString","coordinates":[[69.58125,37.01042],[69.57708,37.02292],[69.56875,37.01875],[69.56458,37.02292]]}},{"type":"Feature","properties":{"hyriv_id":40441532,"system_id":"amu_darya","discharge_cms":182.335,"strahler_order":5,"channel_class":"perennial","in_headwater_formation":1},"geometry":{"type":"LineString","coordinates":[[69.56458,37.02292],[69.54375,37.03542]]}},{"type":"Feature","properties":{"hyriv_id":40441097,"system_id":"amu_darya","discharge_cms":182.802,"strahler_order":5,"channel_class":"perennial","in_headwater_formation":1},"geometry":{"type":"LineString","coordinates":[[69.54375,37.03542],[69.53125,37.04375]]}},{"type":"Feature","properties":{"hyriv_id":40386261,"system_id":"amu_darya","discharge_cms":182.954,"strahler_order":5,"channel_class":"perennial","in_headwater_formation":1},"geometry":{"type":"LineString","coordinates":[[70.16042,38.82292],[70.14792,38.83125],[70.14375,38.84375],[70.12708,38.83542],[70.11458,38.83958]]}},{"type":"Feature","properties":{"hyriv_id":40385781,"system_id":"amu_darya","discharge_cms":183.979,"strahler_order":5,"channel_class":"perennial","in_headwater_formation":1},"geometry":{"type":"LineString","coordinates":[[70.11458,38.83958],[70.11458,38.84792],[70.10208,38.86042]]}},{"type":"Feature","properties":{"hyriv_id":40440827,"system_id":"amu_darya","discharge_cms":184.607,"strahler_order":5,"channel_class":"perennial","in_headwater_formation":1},"geometry":{"type":"LineString","coordinates":[[69.53125,37.04375],[69.50208,37.06875]]}},{"type":"Feature","properties":{"hyriv_id":40439915,"system_id":"amu_darya","discharge_cms":184.76,"strahler_order":5,"channel_class":"perennial","in_headwater_formation":1},"geometry":{"type":"LineString","coordinates":[[69.50208,37.06875],[69.49375,37.06875]]}},{"type":"Feature","properties":{"hyriv_id":40385133,"system_id":"amu_darya","discharge_cms":185.396,"strahler_order":5,"channel_class":"perennial","in_headwater_formation":1},"geometry":{"type":"LineString","coordinates":[[70.10208,38.86042],[70.06875,38.86458]]}},{"type":"Feature","properties":{"hyriv_id":40439913,"system_id":"amu_darya","discharge_cms":185.589,"strahler_order":5,"channel_class":"perennial","in_headwater_formation":1},"geometry":{"type":"LineString","coordinates":[[69.49375,37.06875],[69.47708,37.07292],[69.47292,37.08958],[69.46042,37.10208]]}},{"type":"Feature","properties":{"hyriv_id":40438776,"system_id":"amu_darya","discharge_cms":186.28,"strahler_order":5,"channel_class":"perennial","in_headwater_formation":1},"geometry":{"type":"LineString","coordinates":[[69.46042,37.10208],[69.44792,37.12292],[69.40208,37.16458]]}},{"type":"Feature","properties":{"hyriv_id":40384981,"system_id":"amu_darya","discharge_cms":186.682,"strahler_order":5,"channel_class":"perennial","in_headwater_formation":1},"geometry":{"type":"LineString","coordinates":[[70.06875,38.86458],[70.06458,38.86875],[70.02708,38.86458]]}},{"type":"Feature","properties":{"hyriv_id":40384980,"system_id":"amu_darya","discharge_cms":188.306,"strahler_order":5,"channel_class":"perennial","in_headwater_formation":1},"geometry":{"type":"LineString","coordinates":[[70.02708,38.86458],[70.02292,38.86458]]}},{"type":"Feature","properties":{"hyriv_id":40301731,"system_id":"syr_darya","discharge_cms":191.283,"strahler_order":5,"channel_class":"perennial","in_headwater_formation":0},"geometry":{"type":"LineString","coordinates":[[70.00625,41.63125],[69.98542,41.62292]]}},{"type":"Feature","properties":{"hyriv_id":40301730,"system_id":"syr_darya","discharge_cms":191.626,"strahler_order":5,"channel_class":"perennial","in_headwater_formation":0},"geometry":{"type":"LineString","coordinates":[[69.98542,41.62292],[69.97708,41.62292]]}},{"type":"Feature","properties":{"hyriv_id":40301729,"system_id":"syr_darya","discharge_cms":192.589,"strahler_order":5,"channel_class":"perennial","in_headwater_formation":0},"geometry":{"type":"LineString","coordinates":[[69.97708,41.62292],[69.95208,41.63125]]}},{"type":"Feature","properties":{"hyriv_id":40301480,"system_id":"syr_darya","discharge_cms":192.787,"strahler_order":5,"channel_class":"perennial","in_headwater_formation":0},"geometry":{"type":"LineString","coordinates":[[69.95208,41.63125],[69.94792,41.63125]]}},{"type":"Feature","properties":{"hyriv_id":40306637,"system_id":"syr_darya","discharge_cms":201.277,"strahler_order":5,"channel_class":"perennial","in_headwater_formation":1},"geometry":{"type":"LineString","coordinates":[[73.97708,41.45625],[73.96875,41.47292],[73.95625,41.46875],[73.93958,41.48958],[73.92708,41.49375]]}},{"type":"Feature","properties":{"hyriv_id":40305535,"system_id":"syr_darya","discharge_cms":202.407,"strahler_order":5,"channel_class":"perennial","in_headwater_formation":1},"geometry":{"type":"LineString","coordinates":[[73.92708,41.49375],[73.93125,41.49792],[73.92708,41.51875],[73.93958,41.52708]]}},{"type":"Feature","properties":{"hyriv_id":40304547,"system_id":"syr_darya","discharge_cms":202.643,"strahler_order":5,"channel_class":"perennial","in_headwater_formation":1},"geometry":{"type":"LineString","coordinates":[[73.93958,41.52708],[73.93542,41.53958],[73.94375,41.55625]]}},{"type":"Feature","properties":{"hyriv_id":40303703,"system_id":"syr_darya","discharge_cms":202.896,"strahler_order":5,"channel_class":"perennial","in_headwater_formation":1},"geometry":{"type":"LineString","coordinates":[[73.94375,41.55625],[73.93542,41.56875]]}},{"type":"Feature","properties":{"hyriv_id":40303339,"system_id":"syr_darya","discharge_cms":203.504,"strahler_order":5,"channel_class":"perennial","in_headwater_formation":1},"geometry":{"type":"LineString","coordinates":[[73.93542,41.56875],[73.93958,41.58958],[73.93125,41.59792],[73.94375,41.60625],[73.92708,41.62708],[73.92708,41.63542],[73.91458,41.64375],[73.91458,41.65208]]}},{"type":"Feature","properties":{"hyriv_id":40300875,"system_id":"syr_darya","discharge_cms":204.321,"strahler_order":5,"channel_class":"perennial","in_headwater_formation":1},"geometry":{"type":"LineString","coordinates":[[73.91458,41.65208],[73.91458,41.65625]]}},{"type":"Feature","properties":{"hyriv_id":40300730,"system_id":"syr_darya","discharge_cms":205.148,"strahler_order":5,"channel_class":"perennial","in_headwater_formation":1},"geometry":{"type":"LineString","coordinates":[[73.91458,41.65625],[73.88958,41.68958],[73.88542,41.70625]]}},{"type":"Feature","properties":{"hyriv_id":40299135,"system_id":"syr_darya","discharge_cms":205.316,"strahler_order":5,"channel_class":"perennial","in_headwater_formation":1},"geometry":{"type":"LineString","coordinates":[[73.88542,41.70625],[73.86875,41.71458]]}},{"type":"Feature","properties":{"hyriv_id":40301852,"system_id":"syr_darya","discharge_cms":206.497,"strahler_order":5,"channel_class":"perennial","in_headwater_formation":0},"geometry":{"type":"LineString","coordinates":[[69.94792,41.63125],[69.90625,41.61875]]}},{"type":"Feature","properties":{"hyriv_id":40302474,"system_id":"syr_darya","discharge_cms":208.295,"strahler_order":5,"channel_class":"perennial","in_headwater_formation":0},"geometry":{"type":"LineString","coordinates":[[69.90625,41.61875],[69.86042,41.59792]]}},{"type":"Feature","properties":{"hyriv_id":40302721,"system_id":"syr_darya","discharge_cms":209.266,"strahler_order":5,"channel_class":"perennial","in_headwater_formation":0},"geometry":{"type":"LineString","coordinates":[[69.86042,41.59792],[69.83958,41.58958]]}},{"type":"Feature","properties":{"hyriv_id":40302830,"system_id":"syr_darya","discharge_cms":210.339,"strahler_order":5,"channel_class":"perennial","in_headwater_formation":0},"geometry":{"type":"LineString","coordinates":[[69.83958,41.58958],[69.81042,41.58542]]}},{"type":"Feature","properties":{"hyriv_id":40302982,"system_id":"syr_darya","discharge_cms":210.688,"strahler_order":5,"channel_class":"perennial","in_headwater_formation":0},"geometry":{"type":"LineString","coordinates":[[69.81042,41.58542],[69.80625,41.58125]]}},{"type":"Feature","properties":{"hyriv_id":40302981,"system_id":"syr_darya","discharge_cms":212.237,"strahler_order":5,"channel_class":"perennial","in_headwater_formation":0},"geometry":{"type":"LineString","coordinates":[[69.80625,41.58125],[69.78958,41.58125]]}},{"type":"Feature","properties":{"hyriv_id":40303216,"system_id":"syr_darya","discharge_cms":213.701,"strahler_order":5,"channel_class":"perennial","in_headwater_formation":0},"geometry":{"type":"LineString","coordinates":[[69.78958,41.58125],[69.77708,41.57292],[69.76458,41.57708],[69.75208,41.57292]]}},{"type":"Feature","properties":{"hyriv_id":40303215,"system_id":"syr_darya","discharge_cms":221.423,"strahler_order":5,"channel_class":"perennial","in_headwater_formation":0},"geometry":{"type":"LineString","coordinates":[[69.75208,41.57292],[69.74792,41.57292]]}},{"type":"Feature","properties":{"hyriv_id":40303329,"system_id":"syr_darya","discharge_cms":222.236,"strahler_order":5,"channel_class":"perennial","in_headwater_formation":0},"geometry":{"type":"LineString","coordinates":[[69.74792,41.57292],[69.73958,41.56875]]}},{"type":"Feature","properties":{"hyriv_id":40303693,"system_id":"syr_darya","discharge_cms":223.29,"strahler_order":5,"channel_class":"perennial","in_headwater_formation":0},"geometry":{"type":"LineString","coordinates":[[69.73958,41.56875],[69.71458,41.55625]]}},{"type":"Feature","properties":{"hyriv_id":40336469,"system_id":"syr_darya","discharge_cms":224.021,"strahler_order":7,"channel_class":"perennial","in_headwater_formation":0},"geometry":{"type":"LineString","coordinates":[[69.09375,40.49375],[69.10208,40.50208],[69.09792,40.50625]]}},{"type":"Feature","properties":{"hyriv_id":40304205,"system_id":"syr_darya","discharge_cms":224.345,"strahler_order":5,"channel_class":"perennial","in_headwater_formation":0},"geometry":{"type":"LineString","coordinates":[[69.71458,41.55625],[69.69792,41.53958]]}},{"type":"Feature","properties":{"hyriv_id":40304304,"system_id":"syr_darya","discharge_cms":224.744,"strahler_order":5,"channel_class":"perennial","in_headwater_formation":0},"geometry":{"type":"LineString","coordinates":[[69.69792,41.53958],[69.68958,41.53542]]}},{"type":"Feature","properties":{"hyriv_id":40304429,"system_id":"syr_darya","discharge_cms":225.179,"strahler_order":5,"channel_class":"perennial","in_headwater_formation":0},"geometry":{"type":"LineString","coordinates":[[69.68958,41.53542],[69.68542,41.53125]]}},{"type":"Feature","properties":{"hyriv_id":40304762,"system_id":"syr_darya","discharge_cms":226.082,"strahler_order":5,"channel_class":"perennial","in_headwater_formation":0},"geometry":{"type":"LineString","coordinates":[[69.68542,41.53125],[69.66042,41.51875]]}},{"type":"Feature","properties":{"hyriv_id":40304902,"system_id":"syr_darya","discharge_cms":226.315,"strahler_order":5,"channel_class":"perennial","in_headwater_formation":0},"geometry":{"type":"LineString","coordinates":[[69.66042,41.51875],[69.65625,41.51458]]}},{"type":"Feature","properties":{"hyriv_id":40305017,"system_id":"syr_darya","discharge_cms":227.014,"strahler_order":5,"channel_class":"perennial","in_headwater_formation":0},"geometry":{"type":"LineString","coordinates":[[69.65625,41.51458],[69.65208,41.51875],[69.63958,41.51042]]}},{"type":"Feature","properties":{"hyriv_id":40336744,"system_id":"syr_darya","discharge_cms":227.345,"strahler_order":7,"channel_class":"perennial","in_headwater_formation":0},"geometry":{"type":"LineString","coordinates":[[69.08542,40.48542],[69.09375,40.49375]]}},{"type":"Feature","properties":{"hyriv_id":40305141,"system_id":"syr_darya","discharge_cms":227.876,"strahler_order":5,"channel_class":"perennial","in_headwater_formation":0},"geometry":{"type":"LineString","coordinates":[[69.63958,41.51042],[69.63542,41.50625]]}},{"type":"Feature","properties":{"hyriv_id":40336221,"system_id":"syr_darya","discharge_cms":228.841,"strahler_order":7,"channel_class":"perennial","in_headwater_formation":0},"geometry":{"type":"LineString","coordinates":[[69.09792,40.50625],[69.08125,40.50208],[69.06875,40.50625]]}},{"type":"Feature","properties":{"hyriv_id":40336081,"system_id":"syr_darya","discharge_cms":228.971,"strahler_order":7,"channel_class":"perennial","in_headwater_formation":0},"geometry":{"type":"LineString","coordinates":[[69.06875,40.50625],[69.08125,40.51875],[69.08125,40.54375]]}},{"type":"Feature","properties":{"hyriv_id":40334798,"system_id":"syr_darya","discharge_cms":229.083,"strahler_order":7,"channel_class":"perennial","in_headwater_formation":0},"geometry":{"type":"LineString","coordinates":[[69.08125,40.54375],[69.08125,40.56458],[69.10208,40.56875],[69.09375,40.58125]]}},{"type":"Feature","properties":{"hyriv_id":40333577,"system_id":"syr_darya","discharge_cms":229.472,"strahler_order":7,"channel_class":"perennial","in_headwater_formation":0},"geometry":{"type":"LineString","coordinates":[[69.09375,40.58125],[69.08125,40.58958]]}},{"type":"Feature","properties":{"hyriv_id":40333291,"system_id":"syr_darya","discharge_cms":229.608,"strahler_order":7,"channel_class":"perennial","in_headwater_formation":0},"geometry":{"type":"LineString","coordinates":[[69.08125,40.58958],[69.08958,40.60208]]}},{"type":"Feature","properties":{"hyriv_id":40306873,"system_id":"syr_darya","discharge_cms":230.239,"strahler_order":5,"channel_class":"perennial","in_headwater_formation":0},"geometry":{"type":"LineString","coordinates":[[69.63542,41.50625],[69.61458,41.49375],[69.59792,41.44792]]}},{"type":"Feature","properties":{"hyriv_id":40337323,"system_id":"syr_darya","discharge_cms":230.701,"strahler_order":7,"channel_class":"perennial","in_headwater_formation":0},"geometry":{"type":"LineString","coordinates":[[69.10625,40.46875],[69.08542,40.48542]]}},{"type":"Feature","properties":{"hyriv_id":40307537,"system_id":"syr_darya","discharge_cms":231.549,"strahler_order":5,"channel_class":"perennial","in_headwater_formation":0},"geometry":{"type":"LineString","coordinates":[[69.59792,41.44792],[69.58542,41.43125],[69.57292,41.42708]]}},{"type":"Feature","properties":{"hyriv_id":40332861,"system_id":"syr_darya","discharge_cms":231.708,"strahler_order":7,"channel_class":"perennial","in_headwater_formation":0},"geometry":{"type":"LineString","coordinates":[[69.08958,40.60208],[69.06875,40.61458]]}},{"type":"Feature","properties":{"hyriv_id":40332527,"system_id":"syr_darya","discharge_cms":231.955,"strahler_order":7,"channel_class":"perennial","in_headwater_formation":0},"geometry":{"type":"LineString","coordinates":[[69.06875,40.61458],[69.05625,40.62708],[69.06042,40.63542],[69.05208,40.64375],[68.98958,40.64792]]}},{"type":"Feature","properties":{"hyriv_id":40331465,"system_id":"syr_darya","discharge_cms":232.137,"strahler_order":7,"channel_class":"perennial","in_headwater_formation":0},"geometry":{"type":"LineString","coordinates":[[68.98958,40.64792],[69.00625,40.66458],[69.00208,40.66875]]}},{"type":"Feature","properties":{"hyriv_id":40308124,"system_id":"syr_darya","discharge_cms":232.391,"strahler_order":5,"channel_class":"perennial","in_headwater_formation":0},"geometry":{"type":"LineString","coordinates":[[69.57292,41.42708],[69.55625,41.41042]]}},{"type":"Feature","properties":{"hyriv_id":40330812,"system_id":"syr_darya","discharge_cms":232.567,"strahler_order":7,"channel_class":"perennial","in_headwater_formation":0},"geometry":{"type":"LineString","coordinates":[[69.00208,40.66875],[68.99792,40.67292],[68.97708,40.66875]]}},{"type":"Feature","properties":{"hyriv_id":40310998,"system_id":"syr_darya","discharge_cms":234.141,"strahler_order":5,"channel_class":"perennial","in_headwater_formation":0},"geometry":{"type":"LineString","coordinates":[[69.55625,41.41042],[69.47708,41.33542],[69.46042,41.33125],[69.44792,41.31875]]}},{"type":"Feature","properties":{"hyriv_id":40311651,"system_id":"syr_darya","discharge_cms":234.705,"strahler_order":5,"channel_class":"perennial","in_headwater_formation":0},"geometry":{"type":"LineString","coordinates":[[69.44792,41.31875],[69.41458,41.29792]]}},{"type":"Feature","properties":{"hyriv_id":40312521,"system_id":"syr_darya","discharge_cms":234.908,"strahler_order":5,"channel_class":"perennial","in_headwater_formation":0},"geometry":{"type":"LineString","coordinates":[[69.41458,41.29792],[69.38958,41.26875]]}},{"type":"Feature","properties":{"hyriv_id":40312775,"system_id":"syr_darya","discharge_cms":235.069,"strahler_order":5,"channel_class":"perennial","in_headwater_formation":0},"geometry":{"type":"LineString","coordinates":[[69.38958,41.26875],[69.37292,41.26042]]}},{"type":"Feature","properties":{"hyriv_id":40313881,"system_id":"syr_darya","discharge_cms":235.744,"strahler_order":5,"channel_class":"perennial","in_headwater_formation":0},"geometry":{"type":"LineString","coordinates":[[69.37292,41.26042],[69.29792,41.22292]]}},{"type":"Feature","properties":{"hyriv_id":40314514,"system_id":"syr_darya","discharge_cms":236.109,"strahler_order":5,"channel_class":"perennial","in_headwater_formation":0},"geometry":{"type":"LineString","coordinates":[[69.29792,41.22292],[69.26875,41.20208]]}},{"type":"Feature","properties":{"hyriv_id":40314925,"system_id":"syr_darya","discharge_cms":236.266,"strahler_order":5,"channel_class":"perennial","in_headwater_formation":0},"geometry":{"type":"LineString","coordinates":[[69.26875,41.20208],[69.25208,41.18958]]}},{"type":"Feature","properties":{"hyriv_id":40316552,"system_id":"syr_darya","discharge_cms":236.534,"strahler_order":5,"channel_class":"perennial","in_headwater_formation":0},"geometry":{"type":"LineString","coordinates":[[69.25208,41.18958],[69.18542,41.13542]]}},{"type":"Feature","properties":{"hyriv_id":40317701,"system_id":"syr_darya","discharge_cms":236.873,"strahler_order":5,"channel_class":"perennial","in_headwater_formation":0},"geometry":{"type":"LineString","coordinates":[[69.18542,41.13542],[69.16875,41.12292],[69.15208,41.09792]]}},{"type":"Feature","properties":{"hyriv_id":40318321,"system_id":"syr_darya","discharge_cms":237.053,"strahler_order":5,"channel_class":"perennial","in_headwater_formation":0},"geometry":{"type":"LineString","coordinates":[[69.15208,41.09792],[69.12708,41.08958],[69.11875,41.07708],[69.11042,41.08125]]}},{"type":"Feature","properties":{"hyriv_id":40330936,"system_id":"syr_darya","discharge_cms":238.694,"strahler_order":7,"channel_class":"perennial","in_headwater_formation":0},"geometry":{"type":"LineString","coordinates":[[68.97708,40.66875],[68.96458,40.66458],[68.95625,40.67292]]}},{"type":"Feature","properties":{"hyriv_id":40318206,"system_id":"syr_darya","discharge_cms":238.942,"strahler_order":5,"channel_class":"perennial","in_headwater_formation":0},"geometry":{"type":"LineString","coordinates":[[69.11042,41.08125],[69.10625,41.08125]]}},{"type":"Feature","properties":{"hyriv_id":40330675,"system_id":"syr_darya","discharge_cms":239.021,"strahler_order":7,"channel_class":"perennial","in_headwater_formation":0},"geometry":{"type":"LineString","coordinates":[[68.95625,40.67292],[68.96458,40.68542],[68.95208,40.69792],[68.95208,40.70625],[68.94375,40.71458],[68.91875,40.71458],[68.90625,40.73125]]}},{"type":"Feature","properties":{"hyriv_id":40338815,"system_id":"syr_darya","discharge_cms":239.137,"strahler_order":7,"channel_class":"perennial","in_headwater_formation":0},"geometry":{"type":"LineString","coordinates":[[69.11042,40.42292],[69.11875,40.43542],[69.10625,40.46875]]}},{"type":"Feature","properties":{"hyriv_id":40328901,"system_id":"syr_darya","discharge_cms":239.161,"strahler_order":7,"channel_class":"perennial","in_headwater_formation":0},"geometry":{"type":"LineString","coordinates":[[68.90625,40.73125],[68.90625,40.73958]]}},{"type":"Feature","properties":{"hyriv_id":40319248,"system_id":"syr_darya","discharge_cms":239.302,"strahler_order":5,"channel_class":"perennial","in_headwater_formation":0},"geometry":{"type":"LineString","coordinates":[[69.10625,41.08125],[69.07708,41.05208],[69.06042,41.04375]]}},{"type":"Feature","properties":{"hyriv_id":40319895,"system_id":"syr_darya","discharge_cms":239.472,"strahler_order":5,"channel_class":"perennial","in_headwater_formation":0},"geometry":{"type":"LineString","coordinates":[[69.06042,41.04375],[69.03542,41.02292]]}},{"type":"Feature","properties":{"hyriv_id":40328644,"system_id":"syr_darya","discharge_cms":239.631,"strahler_order":7,"channel_class":"perennial","in_headwater_formation":0},"geometry":{"type":"LineString","coordinates":[[68.90625,40.73958],[68.89792,40.76875],[68.86042,40.78958]]}},{"type":"Feature","properties":{"hyriv_id":40321028,"system_id":"syr_darya","discharge_cms":239.749,"strahler_order":5,"channel_class":"perennial","in_headwater_formation":0},"geometry":{"type":"LineString","coordinates":[[69.03542,41.02292],[68.99375,40.98958],[68.95625,40.98542]]}},{"type":"Feature","properties":{"hyriv_id":40321301,"system_id":"syr_darya","discharge_cms":240.164,"strahler_order":5,"channel_class":"perennial","in_headwater_formation":0},"geometry":{"type":"LineString","coordinates":[[68.95625,40.98542],[68.93958,40.97708]]}},{"type":"Feature","properties":{"hyriv_id":40321970,"system_id":"syr_darya","discharge_cms":240.455,"strahler_order":5,"channel_class":"perennial","in_headwater_formation":0},"geometry":{"type":"LineString","coordinates":[[68.93958,40.97708],[68.91042,40.97292],[68.87708,40.95625]]}},{"type":"Feature","properties":{"hyriv_id":40322361,"system_id":"syr_darya","discharge_cms":240.719,"strahler_order":5,"channel_class":"perennial","in_headwater_formation":0},"geometry":{"type":"LineString","coordinates":[[68.87708,40.95625],[68.86042,40.95625],[68.83958,40.94375]]}},{"type":"Feature","properties":{"hyriv_id":40322476,"system_id":"syr_darya","discharge_cms":240.805,"strahler_order":5,"channel_class":"perennial","in_headwater_formation":0},"geometry":{"type":"LineString","coordinates":[[68.83958,40.94375],[68.83542,40.93958]]}},{"type":"Feature","properties":{"hyriv_id":40322838,"system_id":"syr_darya","discharge_cms":240.958,"strahler_order":5,"channel_class":"perennial","in_headwater_formation":0},"geometry":{"type":"LineString","coordinates":[[68.83542,40.93958],[68.79792,40.92708]]}},{"type":"Feature","properties":{"hyriv_id":40323482,"system_id":"syr_darya","discharge_cms":241.066,"strahler_order":5,"channel_class":"perennial","in_headwater_formation":0},"geometry":{"type":"LineString","coordinates":[[68.79792,40.92708],[68.76875,40.90625]]}},{"type":"Feature","properties":{"hyriv_id":40323481,"system_id":"syr_darya","discharge_cms":241.172,"strahler_order":5,"channel_class":"perennial","in_headwater_formation":0},"geometry":{"type":"LineString","coordinates":[[68.76875,40.90625],[68.72708,40.90625]]}},{"type":"Feature","properties":{"hyriv_id":40323617,"system_id":"syr_darya","discharge_cms":241.276,"strahler_order":5,"channel_class":"perennial","in_headwater_formation":0},"geometry":{"type":"LineString","coordinates":[[68.72708,40.90625],[68.69792,40.90208]]}},{"type":"Feature","properties":{"hyriv_id":40374153,"system_id":"amu_darya","discharge_cms":256.158,"strahler_order":5,"channel_class":"perennial","in_headwater_formation":1},"geometry":{"type":"LineString","coordinates":[[71.37708,39.26875],[71.36875,39.26042],[71.34375,39.25625],[71.33958,39.25208],[71.34375,39.23542]]}},{"type":"Feature","properties":{"hyriv_id":40374292,"system_id":"amu_darya","discharge_cms":257.243,"strahler_order":5,"channel_class":"perennial","in_headwater_formation":1},"geometry":{"type":"LineString","coordinates":[[71.34375,39.23542],[71.34375,39.23125]]}},{"type":"Feature","properties":{"hyriv_id":40339352,"system_id":"syr_darya","discharge_cms":257.598,"strahler_order":7,"channel_class":"perennial","in_headwater_formation":0},"geometry":{"type":"LineString","coordinates":[[69.09375,40.40625],[69.11042,40.42292]]}},{"type":"Feature","properties":{"hyriv_id":40374792,"system_id":"amu_darya","discharge_cms":257.766,"strahler_order":5,"channel_class":"perennial","in_headwater_formation":1},"geometry":{"type":"LineString","coordinates":[[71.34375,39.23125],[71.33125,39.21458]]}},{"type":"Feature","properties":{"hyriv_id":40375357,"system_id":"amu_darya","discharge_cms":259.525,"strahler_order":5,"channel_class":"perennial","in_headwater_formation":1},"geometry":{"type":"LineString","coordinates":[[71.33125,39.21458],[71.31875,39.20208],[71.29375,39.20625],[71.27708,39.20208],[71.27292,39.19375]]}},{"type":"Feature","properties":{"hyriv_id":40375474,"system_id":"amu_darya","discharge_cms":261.584,"strahler_order":5,"channel_class":"perennial","in_headwater_formation":1},"geometry":{"type":"LineString","coordinates":[[71.27292,39.19375],[71.26875,39.18958]]}},{"type":"Feature","properties":{"hyriv_id":40375473,"system_id":"amu_darya","discharge_cms":262.781,"strahler_order":5,"channel_class":"perennial","in_headwater_formation":1},"geometry":{"type":"LineString","coordinates":[[71.26875,39.18958],[71.25208,39.18958]]}},{"type":"Feature","properties":{"hyriv_id":40375606,"system_id":"amu_darya","discharge_cms":263.566,"strahler_order":5,"channel_class":"perennial","in_headwater_formation":1},"geometry":{"type":"LineString","coordinates":[[71.25208,39.18958],[71.23958,39.18542],[71.22292,39.18958]]}},{"type":"Feature","properties":{"hyriv_id":40339994,"system_id":"syr_darya","discharge_cms":264.331,"strahler_order":7,"channel_class":"perennial","in_headwater_formation":0},"geometry":{"type":"LineString","coordinates":[[69.13958,40.38542],[69.11875,40.40208],[69.10208,40.40208],[69.09375,40.39375],[69.08958,40.39792],[69.09375,40.40625]]}},{"type":"Feature","properties":{"hyriv_id":40375472,"system_id":"amu_darya","discharge_cms":264.914,"strahler_order":5,"channel_class":"perennial","in_headwater_formation":1},"geometry":{"type":"LineString","coordinates":[[71.22292,39.18958],[71.20625,39.18958]]}},{"type":"Feature","properties":{"hyriv_id":40184550,"system_id":"syr_darya","discharge_cms":270.222,"strahler_order":8,"channel_class":"perennial","in_headwater_formation":0},"geometry":{"type":"LineString","coordinates":[[64.51875,45.06875],[64.49375,45.10208],[64.48125,45.10208],[64.45208,45.13125]]}},{"type":"Feature","properties":{"hyriv_id":40182562,"system_id":"syr_darya","discharge_cms":270.3,"strahler_order":8,"channel_class":"perennial","in_headwater_formation":0},"geometry":{"type":"LineString","coordinates":[[64.45208,45.13125],[64.42708,45.13542],[64.41875,45.14375]]}},{"type":"Feature","properties":{"hyriv_id":40182095,"system_id":"syr_darya","discharge_cms":270.341,"strahler_order":8,"channel_class":"perennial","in_headwater_formation":0},"geometry":{"type":"LineString","coordinates":[[64.41875,45.14375],[64.41042,45.16042]]}},{"type":"Feature","properties":{"hyriv_id":40181525,"system_id":"syr_darya","discharge_cms":270.522,"strahler_order":8,"channel_class":"perennial","in_headwater_formation":0},"geometry":{"type":"LineString","coordinates":[[64.41042,45.16042],[64.39792,45.16042],[64.38125,45.17708],[64.37292,45.20625],[64.36458,45.21458],[64.35208,45.21458],[64.32708,45.23125]]}},{"type":"Feature","properties":{"hyriv_id":40179062,"system_id":"syr_darya","discharge_cms":270.591,"strahler_order":8,"channel_class":"perennial","in_headwater_formation":0},"geometry":{"type":"LineString","coordinates":[[64.32708,45.23125],[64.32708,45.25625]]}},{"type":"Feature","properties":{"hyriv_id":40178194,"system_id":"syr_darya","discharge_cms":270.742,"strahler_order":8,"channel_class":"perennial","in_headwater_formation":0},"geometry":{"type":"LineString","coordinates":[[64.32708,45.25625],[64.29375,45.26875],[64.28542,45.26458],[64.24792,45.26875]]}},{"type":"Feature","properties":{"hyriv_id":40177755,"system_id":"syr_darya","discharge_cms":270.843,"strahler_order":8,"channel_class":"perennial","in_headwater_formation":0},"geometry":{"type":"LineString","coordinates":[[64.24792,45.26875],[64.23125,45.28542],[64.23125,45.29375]]}},{"type":"Feature","properties":{"hyriv_id":40176914,"system_id":"syr_darya","discharge_cms":270.959,"strahler_order":8,"channel_class":"perennial","in_headwater_formation":0},"geometry":{"type":"LineString","coordinates":[[64.23125,45.29375],[64.23542,45.30208],[64.23125,45.31458]]}},{"type":"Feature","properties":{"hyriv_id":40176261,"system_id":"syr_darya","discharge_cms":271.016,"strahler_order":8,"channel_class":"perennial","in_headwater_formation":0},"geometry":{"type":"LineString","coordinates":[[64.23125,45.31458],[64.23125,45.33125],[64.22292,45.34375]]}},{"type":"Feature","properties":{"hyriv_id":40175304,"system_id":"syr_darya","discharge_cms":271.087,"strahler_order":8,"channel_class":"perennial","in_headwater_formation":0},"geometry":{"type":"LineString","coordinates":[[64.22292,45.34375],[64.20208,45.37292]]}},{"type":"Feature","properties":{"hyriv_id":40174393,"system_id":"syr_darya","discharge_cms":271.168,"strahler_order":8,"channel_class":"perennial","in_headwater_formation":0},"geometry":{"type":"LineString","coordinates":[[64.20208,45.37292],[64.20208,45.39375],[64.19375,45.40208]]}},{"type":"Feature","properties":{"hyriv_id":40173441,"system_id":"syr_darya","discharge_cms":271.314,"strahler_order":8,"channel_class":"perennial","in_headwater_formation":0},"geometry":{"type":"LineString","coordinates":[[64.19375,45.40208],[64.18125,45.42292],[64.16458,45.41458],[64.16042,45.41875]]}},{"type":"Feature","properties":{"hyriv_id":40172862,"system_id":"syr_darya","discharge_cms":271.454,"strahler_order":8,"channel_class":"perennial","in_headwater_formation":0},"geometry":{"type":"LineString","coordinates":[[64.16042,45.41875],[64.15208,45.43125],[64.13542,45.43125]]}},{"type":"Feature","properties":{"hyriv_id":40172372,"system_id":"syr_darya","discharge_cms":271.571,"strahler_order":8,"channel_class":"perennial","in_headwater_formation":0},"geometry":{"type":"LineString","coordinates":[[64.13542,45.43125],[64.11875,45.43542],[64.12292,45.46042],[64.10625,45.46875]]}},{"type":"Feature","properties":{"hyriv_id":40184551,"system_id":"syr_darya","discharge_cms":271.856,"strahler_order":8,"channel_class":"perennial","in_headwater_formation":0},"geometry":{"type":"LineString","coordinates":[[64.54792,45.08542],[64.51875,45.06875]]}},{"type":"Feature","properties":{"hyriv_id":40184705,"system_id":"syr_darya","discharge_cms":273.598,"strahler_order":8,"channel_class":"perennial","in_headwater_formation":0},"geometry":{"type":"LineString","coordinates":[[64.59375,45.06458],[64.56042,45.08542],[64.54792,45.08542]]}},{"type":"Feature","properties":{"hyriv_id":40412597,"system_id":"amu_darya","discharge_cms":273.91,"strahler_order":7,"channel_class":"perennial","in_headwater_formation":1},"geometry":{"type":"LineString","coordinates":[[71.56458,37.93542],[71.54792,37.94375]]}},{"type":"Feature","properties":{"hyriv_id":40184706,"system_id":"syr_darya","discharge_cms":276.361,"strahler_order":8,"channel_class":"perennial","in_headwater_formation":0},"geometry":{"type":"LineString","coordinates":[[64.62708,45.06458],[64.59375,45.06458]]}},{"type":"Feature","properties":{"hyriv_id":40185879,"system_id":"syr_darya","discharge_cms":278.368,"strahler_order":8,"channel_class":"perennial","in_headwater_formation":0},"geometry":{"type":"LineString","coordinates":[[64.70625,45.02708],[64.66458,45.04792],[64.65208,45.06042],[64.62708,45.06458]]}},{"type":"Feature","properties":{"hyriv_id":40412348,"system_id":"amu_darya","discharge_cms":279.472,"strahler_order":7,"channel_class":"perennial","in_headwater_formation":1},"geometry":{"type":"LineString","coordinates":[[71.54792,37.94375],[71.53958,37.95208],[71.51458,37.95625],[71.49792,37.94792]]}},{"type":"Feature","properties":{"hyriv_id":40412596,"system_id":"amu_darya","discharge_cms":279.798,"strahler_order":7,"channel_class":"perennial","in_headwater_formation":1},"geometry":{"type":"LineString","coordinates":[[71.49792,37.94792],[71.47708,37.93542]]}},{"type":"Feature","properties":{"hyriv_id":40412832,"system_id":"amu_darya","discharge_cms":280.063,"strahler_order":7,"channel_class":"perennial","in_headwater_formation":1},"geometry":{"type":"LineString","coordinates":[[71.47708,37.93542],[71.46042,37.92708]]}},{"type":"Feature","properties":{"hyriv_id":40171105,"system_id":"syr_darya","discharge_cms":280.278,"strahler_order":8,"channel_class":"perennial","in_headwater_formation":0},"geometry":{"type":"LineString","coordinates":[[63.92708,45.47708],[63.91458,45.46875],[63.89792,45.47292]]}},{"type":"Feature","properties":{"hyriv_id":40412956,"system_id":"amu_darya","discharge_cms":280.366,"strahler_order":7,"channel_class":"perennial","in_headwater_formation":1},"geometry":{"type":"LineString","coordinates":[[71.46042,37.92708],[71.43958,37.92292]]}},{"type":"Feature","properties":{"hyriv_id":40412955,"system_id":"amu_darya","discharge_cms":281.061,"strahler_order":7,"channel_class":"perennial","in_headwater_formation":1},"geometry":{"type":"LineString","coordinates":[[71.43958,37.92292],[71.43125,37.92292]]}},{"type":"Feature","properties":{"hyriv_id":40171239,"system_id":"syr_darya","discharge_cms":281.573,"strahler_order":8,"channel_class":"perennial","in_headwater_formation":0},"geometry":{"type":"LineString","coordinates":[[63.98542,45.47708],[63.96875,45.46458],[63.95625,45.46458],[63.94792,45.47708],[63.92708,45.47708]]}},{"type":"Feature","properties":{"hyriv_id":40413104,"system_id":"amu_darya","discharge_cms":281.589,"strahler_order":7,"channel_class":"perennial","in_headwater_formation":1},"geometry":{"type":"LineString","coordinates":[[71.43125,37.92292],[71.41875,37.91875]]}},{"type":"Feature","properties":{"hyriv_id":40413491,"system_id":"amu_darya","discharge_cms":282.033,"strahler_order":7,"channel_class":"perennial","in_headwater_formation":1},"geometry":{"type":"LineString","coordinates":[[71.41875,37.91875],[71.40625,37.91042],[71.37292,37.90625]]}},{"type":"Feature","properties":{"hyriv_id":40413955,"system_id":"amu_darya","discharge_cms":282.676,"strahler_order":7,"channel_class":"perennial","in_headwater_formation":1},"geometry":{"type":"LineString","coordinates":[[71.37292,37.90625],[71.33542,37.88958],[71.31458,37.91458]]}},{"type":"Feature","properties":{"hyriv_id":40186018,"system_id":"syr_darya","discharge_cms":283.122,"strahler_order":8,"channel_class":"perennial","in_headwater_formation":0},"geometry":{"type":"LineString","coordinates":[[64.74792,45.02708],[64.73542,45.02292],[64.70625,45.02708]]}},{"type":"Feature","properties":{"hyriv_id":40171477,"system_id":"syr_darya","discharge_cms":284.35,"strahler_order":8,"channel_class":"perennial","in_headwater_formation":0},"geometry":{"type":"LineString","coordinates":[[64.03542,45.45625],[64.02292,45.46042],[64.02708,45.46875],[64.02292,45.47292],[63.98542,45.47708]]}},{"type":"Feature","properties":{"hyriv_id":40171106,"system_id":"syr_darya","discharge_cms":284.732,"strahler_order":8,"channel_class":"perennial","in_headwater_formation":0},"geometry":{"type":"LineString","coordinates":[[64.10625,45.46875],[64.06458,45.47292]]}},{"type":"Feature","properties":{"hyriv_id":40171478,"system_id":"syr_darya","discharge_cms":284.823,"strahler_order":8,"channel_class":"perennial","in_headwater_formation":0},"geometry":{"type":"LineString","coordinates":[[64.06458,45.47292],[64.03542,45.45625]]}},{"type":"Feature","properties":{"hyriv_id":40187354,"system_id":"syr_darya","discharge_cms":285.589,"strahler_order":8,"channel_class":"perennial","in_headwater_formation":0},"geometry":{"type":"LineString","coordinates":[[64.78125,44.98542],[64.76875,44.98958],[64.76875,45.00208],[64.75625,45.01042],[64.76042,45.01875],[64.74792,45.02708]]}},{"type":"Feature","properties":{"hyriv_id":40413229,"system_id":"amu_darya","discharge_cms":285.625,"strahler_order":7,"channel_class":"perennial","in_headwater_formation":1},"geometry":{"type":"LineString","coordinates":[[71.31458,37.91458],[71.30625,37.92292]]}},{"type":"Feature","properties":{"hyriv_id":40412952,"system_id":"amu_darya","discharge_cms":285.928,"strahler_order":7,"channel_class":"perennial","in_headwater_formation":1},"geometry":{"type":"LineString","coordinates":[[71.30625,37.92292],[71.29792,37.93125],[71.28958,37.93125],[71.28542,37.92292]]}},{"type":"Feature","properties":{"hyriv_id":40413102,"system_id":"amu_darya","discharge_cms":286.543,"strahler_order":7,"channel_class":"perennial","in_headwater_formation":1},"geometry":{"type":"LineString","coordinates":[[71.28542,37.92292],[71.27292,37.91875]]}},{"type":"Feature","properties":{"hyriv_id":40375470,"system_id":"amu_darya","discharge_cms":286.546,"strahler_order":5,"channel_class":"perennial","in_headwater_formation":1},"geometry":{"type":"LineString","coordinates":[[71.20625,39.18958],[71.19792,39.18958]]}},{"type":"Feature","properties":{"hyriv_id":40413101,"system_id":"amu_darya","discharge_cms":286.937,"strahler_order":7,"channel_class":"perennial","in_headwater_formation":1},"geometry":{"type":"LineString","coordinates":[[71.27292,37.91875],[71.25208,37.93125],[71.26458,37.94375],[71.27292,37.97292]]}},{"type":"Feature","properties":{"hyriv_id":40411527,"system_id":"amu_darya","discharge_cms":287.073,"strahler_order":7,"channel_class":"perennial","in_headwater_formation":1},"geometry":{"type":"LineString","coordinates":[[71.27292,37.97292],[71.27292,37.98542]]}},{"type":"Feature","properties":{"hyriv_id":40411138,"system_id":"amu_darya","discharge_cms":287.227,"strahler_order":7,"channel_class":"perennial","in_headwater_formation":1},"geometry":{"type":"LineString","coordinates":[[71.27292,37.98542],[71.27292,37.98958]]}},{"type":"Feature","properties":{"hyriv_id":40187488,"system_id":"syr_darya","discharge_cms":287.874,"strahler_order":8,"channel_class":"perennial","in_headwater_formation":0},"geometry":{"type":"LineString","coordinates":[[64.82292,44.98125],[64.80625,44.98125],[64.79792,44.98958],[64.78125,44.98542]]}},{"type":"Feature","properties":{"hyriv_id":40187781,"system_id":"syr_darya","discharge_cms":288.236,"strahler_order":8,"channel_class":"perennial","in_headwater_formation":0},"geometry":{"type":"LineString","coordinates":[[64.83125,44.97292],[64.82292,44.98125]]}},{"type":"Feature","properties":{"hyriv_id":40187920,"system_id":"syr_darya","discharge_cms":288.306,"strahler_order":8,"channel_class":"perennial","in_headwater_formation":0},"geometry":{"type":"LineString","coordinates":[[64.90625,44.96875],[64.88125,44.97292],[64.85625,44.96875],[64.84375,44.98125],[64.83125,44.97292]]}},{"type":"Feature","properties":{"hyriv_id":40375845,"system_id":"amu_darya","discharge_cms":288.322,"strahler_order":5,"channel_class":"perennial","in_headwater_formation":1},"geometry":{"type":"LineString","coordinates":[[71.19792,39.18958],[71.18542,39.18958],[71.16875,39.17708]]}},{"type":"Feature","properties":{"hyriv_id":40187922,"system_id":"syr_darya","discharge_cms":288.937,"strahler_order":8,"channel_class":"perennial","in_headwater_formation":0},"geometry":{"type":"LineString","coordinates":[[64.93125,44.98542],[64.90625,44.96875]]}},{"type":"Feature","properties":{"hyriv_id":40187355,"system_id":"syr_darya","discharge_cms":289.155,"strahler_order":8,"channel_class":"perennial","in_headwater_formation":0},"geometry":{"type":"LineString","coordinates":[[64.99792,45.01458],[64.98542,45.02292],[64.97292,45.01458],[64.95625,45.01875],[64.95208,45.00208],[64.93125,44.98542]]}},{"type":"Feature","properties":{"hyriv_id":40376044,"system_id":"amu_darya","discharge_cms":289.435,"strahler_order":5,"channel_class":"perennial","in_headwater_formation":1},"geometry":{"type":"LineString","coordinates":[[71.16875,39.17708],[71.13542,39.16875]]}},{"type":"Feature","properties":{"hyriv_id":40340371,"system_id":"syr_darya","discharge_cms":289.645,"strahler_order":7,"channel_class":"perennial","in_headwater_formation":0},"geometry":{"type":"LineString","coordinates":[[69.11458,40.37292],[69.13958,40.38542]]}},{"type":"Feature","properties":{"hyriv_id":40376043,"system_id":"amu_darya","discharge_cms":289.763,"strahler_order":5,"channel_class":"perennial","in_headwater_formation":1},"geometry":{"type":"LineString","coordinates":[[71.13542,39.16875],[71.12708,39.16875]]}},{"type":"Feature","properties":{"hyriv_id":40170984,"system_id":"syr_darya","discharge_cms":290.201,"strahler_order":8,"channel_class":"perennial","in_headwater_formation":0},"geometry":{"type":"LineString","coordinates":[[63.89792,45.47292],[63.89375,45.48542],[63.86875,45.50208],[63.87292,45.51875],[63.85625,45.52708],[63.84375,45.54375],[63.86875,45.54375],[63.87708,45.56042],[63.89792,45.56042],[63.90208,45.57292],[63.91458,45.57708]]}},{"type":"Feature","properties":{"hyriv_id":40299014,"system_id":"syr_darya","discharge_cms":290.209,"strahler_order":6,"channel_class":"perennial","in_headwater_formation":1},"geometry":{"type":"LineString","coordinates":[[73.86875,41.71458],[73.85625,41.71042],[73.84375,41.71458]]}},{"type":"Feature","properties":{"hyriv_id":40376149,"system_id":"amu_darya","discharge_cms":290.43,"strahler_order":5,"channel_class":"perennial","in_headwater_formation":1},"geometry":{"type":"LineString","coordinates":[[71.12708,39.16875],[71.11458,39.16458]]}},{"type":"Feature","properties":{"hyriv_id":40167513,"system_id":"syr_darya","discharge_cms":290.889,"strahler_order":8,"channel_class":"perennial","in_headwater_formation":0},"geometry":{"type":"LineString","coordinates":[[63.91458,45.57708],[63.92292,45.58125]]}},{"type":"Feature","properties":{"hyriv_id":40376271,"system_id":"amu_darya","discharge_cms":291.552,"strahler_order":5,"channel_class":"perennial","in_headwater_formation":1},"geometry":{"type":"LineString","coordinates":[[71.11458,39.16458],[71.09792,39.16042]]}},{"type":"Feature","properties":{"hyriv_id":40298891,"system_id":"syr_darya","discharge_cms":291.662,"strahler_order":6,"channel_class":"perennial","in_headwater_formation":1},"geometry":{"type":"LineString","coordinates":[[73.84375,41.71458],[73.83125,41.72708],[73.80208,41.72708]]}},{"type":"Feature","properties":{"hyriv_id":40298633,"system_id":"syr_darya","discharge_cms":291.973,"strahler_order":6,"channel_class":"perennial","in_headwater_formation":1},"geometry":{"type":"LineString","coordinates":[[73.80208,41.72708],[73.79375,41.72292],[73.76042,41.73125]]}},{"type":"Feature","properties":{"hyriv_id":40298376,"system_id":"syr_darya","discharge_cms":292.608,"strahler_order":6,"channel_class":"perennial","in_headwater_formation":1},"geometry":{"type":"LineString","coordinates":[[73.76042,41.73125],[73.75625,41.73958]]}},{"type":"Feature","properties":{"hyriv_id":40376396,"system_id":"amu_darya","discharge_cms":292.646,"strahler_order":5,"channel_class":"perennial","in_headwater_formation":1},"geometry":{"type":"LineString","coordinates":[[71.09792,39.16042],[71.06875,39.15625]]}},{"type":"Feature","properties":{"hyriv_id":40298087,"system_id":"syr_darya","discharge_cms":292.845,"strahler_order":6,"channel_class":"perennial","in_headwater_formation":1},"geometry":{"type":"LineString","coordinates":[[73.75625,41.73958],[73.73125,41.74792],[73.71875,41.74375],[73.71042,41.75208]]}},{"type":"Feature","properties":{"hyriv_id":40186760,"system_id":"syr_darya","discharge_cms":293.099,"strahler_order":8,"channel_class":"perennial","in_headwater_formation":0},"geometry":{"type":"LineString","coordinates":[[65.02292,45.00208],[64.99792,45.01458]]}},{"type":"Feature","properties":{"hyriv_id":40297676,"system_id":"syr_darya","discharge_cms":293.559,"strahler_order":6,"channel_class":"perennial","in_headwater_formation":1},"geometry":{"type":"LineString","coordinates":[[73.71042,41.75208],[73.68958,41.76458],[73.67708,41.76458],[73.67292,41.77292]]}},{"type":"Feature","properties":{"hyriv_id":40297009,"system_id":"syr_darya","discharge_cms":293.689,"strahler_order":6,"channel_class":"perennial","in_headwater_formation":1},"geometry":{"type":"LineString","coordinates":[[73.67292,41.77292],[73.66458,41.77292]]}},{"type":"Feature","properties":{"hyriv_id":40376395,"system_id":"amu_darya","discharge_cms":293.785,"strahler_order":5,"channel_class":"perennial","in_headwater_formation":1},"geometry":{"type":"LineString","coordinates":[[71.06875,39.15625],[71.06458,39.16042]]}},{"type":"Feature","properties":{"hyriv_id":40297008,"system_id":"syr_darya","discharge_cms":293.998,"strahler_order":6,"channel_class":"perennial","in_headwater_formation":1},"geometry":{"type":"LineString","coordinates":[[73.66458,41.77292],[73.61875,41.79375]]}},{"type":"Feature","properties":{"hyriv_id":40296297,"system_id":"syr_darya","discharge_cms":294.173,"strahler_order":6,"channel_class":"perennial","in_headwater_formation":1},"geometry":{"type":"LineString","coordinates":[[73.61875,41.79375],[73.61042,41.79792]]}},{"type":"Feature","properties":{"hyriv_id":40296296,"system_id":"syr_darya","discharge_cms":294.65,"strahler_order":6,"channel_class":"perennial","in_headwater_formation":1},"geometry":{"type":"LineString","coordinates":[[73.61042,41.79792],[73.58542,41.79375],[73.57708,41.80208],[73.55625,41.79792],[73.54792,41.80208]]}},{"type":"Feature","properties":{"hyriv_id":40376394,"system_id":"amu_darya","discharge_cms":294.748,"strahler_order":5,"channel_class":"perennial","in_headwater_formation":1},"geometry":{"type":"LineString","coordinates":[[71.06458,39.16042],[71.04375,39.15625]]}},{"type":"Feature","properties":{"hyriv_id":40376520,"system_id":"amu_darya","discharge_cms":295.054,"strahler_order":5,"channel_class":"perennial","in_headwater_formation":1},"geometry":{"type":"LineString","coordinates":[[71.04375,39.15625],[71.03542,39.15208]]}},{"type":"Feature","properties":{"hyriv_id":40167401,"system_id":"syr_darya","discharge_cms":295.377,"strahler_order":8,"channel_class":"perennial","in_headwater_formation":0},"geometry":{"type":"LineString","coordinates":[[63.92292,45.58125],[63.92708,45.58542],[63.90625,45.60208],[63.91458,45.61875],[63.90208,45.62292]]}},{"type":"Feature","properties":{"hyriv_id":40376656,"system_id":"amu_darya","discharge_cms":295.917,"strahler_order":5,"channel_class":"perennial","in_headwater_formation":1},"geometry":{"type":"LineString","coordinates":[[71.03542,39.15208],[71.02708,39.14792],[71.01875,39.15208]]}},{"type":"Feature","properties":{"hyriv_id":40376655,"system_id":"amu_darya","discharge_cms":296.786,"strahler_order":5,"channel_class":"perennial","in_headwater_formation":1},"geometry":{"type":"LineString","coordinates":[[71.01875,39.15208],[71.00625,39.15625],[70.99375,39.14792]]}},{"type":"Feature","properties":{"hyriv_id":40376654,"system_id":"amu_darya","discharge_cms":297.409,"strahler_order":5,"channel_class":"perennial","in_headwater_formation":1},"geometry":{"type":"LineString","coordinates":[[70.99375,39.14792],[70.97708,39.15208]]}},{"type":"Feature","properties":{"hyriv_id":40376517,"system_id":"amu_darya","discharge_cms":298.601,"strahler_order":5,"channel_class":"perennial","in_headwater_formation":1},"geometry":{"type":"LineString","coordinates":[[70.97708,39.15208],[70.94792,39.15208]]}},{"type":"Feature","properties":{"hyriv_id":40187356,"system_id":"syr_darya","discharge_cms":299.305,"strahler_order":8,"channel_class":"perennial","in_headwater_formation":0},"geometry":{"type":"LineString","coordinates":[[65.05625,44.98542],[65.04375,44.98958],[65.03542,44.98542],[65.02292,45.00208]]}},{"type":"Feature","properties":{"hyriv_id":40297007,"system_id":"syr_darya","discharge_cms":299.351,"strahler_order":6,"channel_class":"perennial","in_headwater_formation":1},"geometry":{"type":"LineString","coordinates":[[73.54792,41.80208],[73.53958,41.79792],[73.50208,41.80208],[73.47708,41.78542],[73.47292,41.77292]]}},{"type":"Feature","properties":{"hyriv_id":40376653,"system_id":"amu_darya","discharge_cms":299.366,"strahler_order":5,"channel_class":"perennial","in_headwater_formation":1},"geometry":{"type":"LineString","coordinates":[[70.94792,39.15208],[70.93958,39.14792],[70.92708,39.15208]]}},{"type":"Feature","properties":{"hyriv_id":40341758,"system_id":"syr_darya","discharge_cms":299.7,"strahler_order":7,"channel_class":"perennial","in_headwater_formation":0},"geometry":{"type":"LineString","coordinates":[[69.13125,40.32708],[69.11458,40.34792],[69.13542,40.36458],[69.11458,40.37292]]}},{"type":"Feature","properties":{"hyriv_id":40166376,"system_id":"syr_darya","discharge_cms":299.709,"strahler_order":8,"channel_class":"perennial","in_headwater_formation":0},"geometry":{"type":"LineString","coordinates":[[63.90208,45.62292],[63.87708,45.61458],[63.87292,45.63958]]}},{"type":"Feature","properties":{"hyriv_id":40297167,"system_id":"syr_darya","discharge_cms":300.867,"strahler_order":6,"channel_class":"perennial","in_headwater_formation":1},"geometry":{"type":"LineString","coordinates":[[73.47292,41.77292],[73.46042,41.77708],[73.44375,41.76875],[73.43125,41.78125]]}},{"type":"Feature","properties":{"hyriv_id":40297288,"system_id":"syr_darya","discharge_cms":301.067,"strahler_order":6,"channel_class":"perennial","in_headwater_formation":1},"geometry":{"type":"LineString","coordinates":[[73.43125,41.78125],[73.42292,41.76875],[73.41042,41.76458],[73.40625,41.76875]]}},{"type":"Feature","properties":{"hyriv_id":40297166,"system_id":"syr_darya","discharge_cms":301.402,"strahler_order":6,"channel_class":"perennial","in_headwater_formation":1},"geometry":{"type":"LineString","coordinates":[[73.40625,41.76875],[73.40208,41.78125],[73.37708,41.76875],[73.36875,41.77292],[73.33958,41.76875]]}},{"type":"Feature","properties":{"hyriv_id":40165565,"system_id":"syr_darya","discharge_cms":302.079,"strahler_order":8,"channel_class":"perennial","in_headwater_formation":0},"geometry":{"type":"LineString","coordinates":[[63.87292,45.63958],[63.86458,45.64375],[63.84375,45.63958]]}},{"type":"Feature","properties":{"hyriv_id":40376769,"system_id":"amu_darya","discharge_cms":303.829,"strahler_order":5,"channel_class":"perennial","in_headwater_formation":1},"geometry":{"type":"LineString","coordinates":[[70.92708,39.15208],[70.91875,39.16042],[70.88958,39.14375]]}},{"type":"Feature","properties":{"hyriv_id":40376768,"system_id":"amu_darya","discharge_cms":304.146,"strahler_order":5,"channel_class":"perennial","in_headwater_formation":1},"geometry":{"type":"LineString","coordinates":[[70.88958,39.14375],[70.88125,39.14375]]}},{"type":"Feature","properties":{"hyriv_id":40297165,"system_id":"syr_darya","discharge_cms":304.159,"strahler_order":6,"channel_class":"perennial","in_headwater_formation":1},"geometry":{"type":"LineString","coordinates":[[73.33958,41.76875],[73.32708,41.77708],[73.28958,41.76875]]}},{"type":"Feature","properties":{"hyriv_id":40297163,"system_id":"syr_darya","discharge_cms":304.53,"strahler_order":6,"channel_class":"perennial","in_headwater_formation":1},"geometry":{"type":"LineString","coordinates":[[73.28958,41.76875],[73.26875,41.77292]]}},{"type":"Feature","properties":{"hyriv_id":40297005,"system_id":"syr_darya","discharge_cms":304.958,"strahler_order":6,"channel_class":"perennial","in_headwater_formation":1},"geometry":{"type":"LineString","coordinates":[[73.26875,41.77292],[73.25625,41.77708],[73.22292,41.77292],[73.20625,41.78125]]}},{"type":"Feature","properties":{"hyriv_id":40165564,"system_id":"syr_darya","discharge_cms":306.095,"strahler_order":8,"channel_class":"perennial","in_headwater_formation":0},"geometry":{"type":"LineString","coordinates":[[63.84375,45.63958],[63.83542,45.64375],[63.83125,45.65625],[63.80208,45.65625]]}},{"type":"Feature","properties":{"hyriv_id":40376767,"system_id":"amu_darya","discharge_cms":306.106,"strahler_order":5,"channel_class":"perennial","in_headwater_formation":1},"geometry":{"type":"LineString","coordinates":[[70.88125,39.14375],[70.86042,39.14375]]}},{"type":"Feature","properties":{"hyriv_id":40296729,"system_id":"syr_darya","discharge_cms":306.495,"strahler_order":6,"channel_class":"perennial","in_headwater_formation":1},"geometry":{"type":"LineString","coordinates":[[73.20625,41.78125],[73.16875,41.78542],[73.14375,41.78125]]}},{"type":"Feature","properties":{"hyriv_id":40296728,"system_id":"syr_darya","discharge_cms":306.895,"strahler_order":6,"channel_class":"perennial","in_headwater_formation":1},"geometry":{"type":"LineString","coordinates":[[73.14375,41.78125],[73.13125,41.78125]]}},{"type":"Feature","properties":{"hyriv_id":40296727,"system_id":"syr_darya","discharge_cms":307.024,"strahler_order":6,"channel_class":"perennial","in_headwater_formation":1},"geometry":{"type":"LineString","coordinates":[[73.13125,41.78125],[73.12708,41.78542]]}},{"type":"Feature","properties":{"hyriv_id":40327154,"system_id":"syr_darya","discharge_cms":308.604,"strahler_order":7,"channel_class":"perennial","in_headwater_formation":0},"geometry":{"type":"LineString","coordinates":[[68.86042,40.78958],[68.84792,40.78958]]}},{"type":"Feature","properties":{"hyriv_id":40327153,"system_id":"syr_darya","discharge_cms":308.752,"strahler_order":7,"channel_class":"perennial","in_headwater_formation":0},"geometry":{"type":"LineString","coordinates":[[68.84792,40.78958],[68.83125,40.79375]]}},{"type":"Feature","properties":{"hyriv_id":40327004,"system_id":"syr_darya","discharge_cms":308.882,"strahler_order":7,"channel_class":"perennial","in_headwater_formation":0},"geometry":{"type":"LineString","coordinates":[[68.83125,40.79375],[68.82708,40.79792],[68.83125,40.81458]]}},{"type":"Feature","properties":{"hyriv_id":40326401,"system_id":"syr_darya","discharge_cms":309.479,"strahler_order":7,"channel_class":"perennial","in_headwater_formation":0},"geometry":{"type":"LineString","coordinates":[[68.83125,40.81458],[68.80625,40.81875],[68.78542,40.83542],[68.77292,40.83542]]}},{"type":"Feature","properties":{"hyriv_id":40325797,"system_id":"syr_darya","discharge_cms":309.629,"strahler_order":7,"channel_class":"perennial","in_headwater_formation":0},"geometry":{"type":"LineString","coordinates":[[68.77292,40.83542],[68.76042,40.84375]]}},{"type":"Feature","properties":{"hyriv_id":40162128,"system_id":"syr_darya","discharge_cms":309.637,"strahler_order":8,"channel_class":"perennial","in_headwater_formation":0},"geometry":{"type":"LineString","coordinates":[[63.78542,45.74375],[63.78125,45.74792]]}},{"type":"Feature","properties":{"hyriv_id":40325517,"system_id":"syr_darya","discharge_cms":309.783,"strahler_order":7,"channel_class":"perennial","in_headwater_formation":0},"geometry":{"type":"LineString","coordinates":[[68.76042,40.84375],[68.75208,40.85208],[68.73542,40.84375]]}},{"type":"Feature","properties":{"hyriv_id":40325516,"system_id":"syr_darya","discharge_cms":309.938,"strahler_order":7,"channel_class":"perennial","in_headwater_formation":0},"geometry":{"type":"LineString","coordinates":[[68.73542,40.84375],[68.73125,40.85625],[68.74375,40.86875],[68.73542,40.87708],[68.72292,40.86458],[68.71458,40.86875]]}},{"type":"Feature","properties":{"hyriv_id":40324746,"system_id":"syr_darya","discharge_cms":310.072,"strahler_order":7,"channel_class":"perennial","in_headwater_formation":0},"geometry":{"type":"LineString","coordinates":[[68.71458,40.86875],[68.71458,40.88125],[68.72292,40.88958],[68.69792,40.90208]]}},{"type":"Feature","properties":{"hyriv_id":40296585,"system_id":"syr_darya","discharge_cms":312.292,"strahler_order":6,"channel_class":"perennial","in_headwater_formation":1},"geometry":{"type":"LineString","coordinates":[[73.12708,41.78542],[73.11875,41.79375],[73.05625,41.79375]]}},{"type":"Feature","properties":{"hyriv_id":40164996,"system_id":"syr_darya","discharge_cms":312.474,"strahler_order":8,"channel_class":"perennial","in_headwater_formation":0},"geometry":{"type":"LineString","coordinates":[[63.80208,45.65625],[63.78958,45.66042],[63.78542,45.67292],[63.76042,45.67292],[63.73958,45.70208]]}},{"type":"Feature","properties":{"hyriv_id":40296295,"system_id":"syr_darya","discharge_cms":312.728,"strahler_order":6,"channel_class":"perennial","in_headwater_formation":1},"geometry":{"type":"LineString","coordinates":[[73.05625,41.79375],[73.04375,41.79792]]}},{"type":"Feature","properties":{"hyriv_id":40296147,"system_id":"syr_darya","discharge_cms":313.242,"strahler_order":6,"channel_class":"perennial","in_headwater_formation":1},"geometry":{"type":"LineString","coordinates":[[73.04375,41.79792],[73.01875,41.79792]]}},{"type":"Feature","properties":{"hyriv_id":40162247,"system_id":"syr_darya","discharge_cms":313.374,"strahler_order":8,"channel_class":"perennial","in_headwater_formation":0},"geometry":{"type":"LineString","coordinates":[[63.78125,45.74792],[63.76458,45.75208],[63.75625,45.73958]]}},{"type":"Feature","properties":{"hyriv_id":40296145,"system_id":"syr_darya","discharge_cms":313.451,"strahler_order":6,"channel_class":"perennial","in_headwater_formation":1},"geometry":{"type":"LineString","coordinates":[[73.01875,41.79792],[72.98958,41.79792]]}},{"type":"Feature","properties":{"hyriv_id":40296143,"system_id":"syr_darya","discharge_cms":314.707,"strahler_order":6,"channel_class":"perennial","in_headwater_formation":1},"geometry":{"type":"LineString","coordinates":[[72.98958,41.79792],[72.94375,41.79792]]}},{"type":"Feature","properties":{"hyriv_id":40296142,"system_id":"syr_darya","discharge_cms":314.932,"strahler_order":6,"channel_class":"perennial","in_headwater_formation":1},"geometry":{"type":"LineString","coordinates":[[72.94375,41.79792],[72.88958,41.79792]]}},{"type":"Feature","properties":{"hyriv_id":40296141,"system_id":"syr_darya","discharge_cms":315.173,"strahler_order":6,"channel_class":"perennial","in_headwater_formation":1},"geometry":{"type":"LineString","coordinates":[[72.88958,41.79792],[72.80625,41.79792]]}},{"type":"Feature","properties":{"hyriv_id":40163471,"system_id":"syr_darya","discharge_cms":318.545,"strahler_order":8,"channel_class":"perennial","in_headwater_formation":0},"geometry":{"type":"LineString","coordinates":[[63.73958,45.70208],[63.74375,45.71042],[63.75625,45.70625],[63.77708,45.71042],[63.78958,45.72708],[63.78542,45.74375]]}},{"type":"Feature","properties":{"hyriv_id":40187357,"system_id":"syr_darya","discharge_cms":318.551,"strahler_order":8,"channel_class":"perennial","in_headwater_formation":0},"geometry":{"type":"LineString","coordinates":[[65.08958,45.00208],[65.05625,44.98542]]}},{"type":"Feature","properties":{"hyriv_id":40411014,"system_id":"amu_darya","discharge_cms":319.294,"strahler_order":7,"channel_class":"perennial","in_headwater_formation":1},"geometry":{"type":"LineString","coordinates":[[71.27292,37.98958],[71.30625,38.02708]]}},{"type":"Feature","properties":{"hyriv_id":40409878,"system_id":"amu_darya","discharge_cms":320.779,"strahler_order":7,"channel_class":"perennial","in_headwater_formation":1},"geometry":{"type":"LineString","coordinates":[[71.30625,38.02708],[71.29792,38.05208]]}},{"type":"Feature","properties":{"hyriv_id":40162386,"system_id":"syr_darya","discharge_cms":322.165,"strahler_order":8,"channel_class":"perennial","in_headwater_formation":0},"geometry":{"type":"LineString","coordinates":[[63.75625,45.73958],[63.72292,45.73542],[63.67292,45.74375],[63.64792,45.73958]]}},{"type":"Feature","properties":{"hyriv_id":40162915,"system_id":"syr_darya","discharge_cms":324.459,"strahler_order":8,"channel_class":"perennial","in_headwater_formation":0},"geometry":{"type":"LineString","coordinates":[[63.64792,45.73958],[63.62292,45.71875]]}},{"type":"Feature","properties":{"hyriv_id":40296430,"system_id":"syr_darya","discharge_cms":324.745,"strahler_order":6,"channel_class":"perennial","in_headwater_formation":1},"geometry":{"type":"LineString","coordinates":[[72.80625,41.79792],[72.79375,41.78958]]}},{"type":"Feature","properties":{"hyriv_id":40409085,"system_id":"amu_darya","discharge_cms":324.993,"strahler_order":7,"channel_class":"perennial","in_headwater_formation":1},"geometry":{"type":"LineString","coordinates":[[71.29792,38.05208],[71.31875,38.09375]]}},{"type":"Feature","properties":{"hyriv_id":40342684,"system_id":"syr_darya","discharge_cms":325.017,"strahler_order":7,"channel_class":"perennial","in_headwater_formation":0},"geometry":{"type":"LineString","coordinates":[[69.12292,40.29792],[69.09792,40.31458],[69.13125,40.32708]]}},{"type":"Feature","properties":{"hyriv_id":40296584,"system_id":"syr_darya","discharge_cms":325.087,"strahler_order":6,"channel_class":"perennial","in_headwater_formation":1},"geometry":{"type":"LineString","coordinates":[[72.79375,41.78958],[72.78958,41.78542]]}},{"type":"Feature","properties":{"hyriv_id":40163173,"system_id":"syr_darya","discharge_cms":326.617,"strahler_order":8,"channel_class":"perennial","in_headwater_formation":0},"geometry":{"type":"LineString","coordinates":[[63.62292,45.71875],[63.59792,45.71042]]}},{"type":"Feature","properties":{"hyriv_id":40163171,"system_id":"syr_darya","discharge_cms":326.991,"strahler_order":8,"channel_class":"perennial","in_headwater_formation":0},"geometry":{"type":"LineString","coordinates":[[63.59792,45.71042],[63.59375,45.71042]]}},{"type":"Feature","properties":{"hyriv_id":40407785,"system_id":"amu_darya","discharge_cms":327.336,"strahler_order":7,"channel_class":"perennial","in_headwater_formation":1},"geometry":{"type":"LineString","coordinates":[[71.31875,38.09375],[71.31875,38.10208],[71.33958,38.13125]]}},{"type":"Feature","properties":{"hyriv_id":40406667,"system_id":"amu_darya","discharge_cms":329.876,"strahler_order":7,"channel_class":"perennial","in_headwater_formation":1},"geometry":{"type":"LineString","coordinates":[[71.33958,38.13125],[71.34792,38.13958]]}},{"type":"Feature","properties":{"hyriv_id":40406432,"system_id":"amu_darya","discharge_cms":330.838,"strahler_order":7,"channel_class":"perennial","in_headwater_formation":1},"geometry":{"type":"LineString","coordinates":[[71.34792,38.13958],[71.35208,38.14375]]}},{"type":"Feature","properties":{"hyriv_id":40163749,"system_id":"syr_darya","discharge_cms":331.72,"strahler_order":8,"channel_class":"perennial","in_headwater_formation":0},"geometry":{"type":"LineString","coordinates":[[63.59375,45.71042],[63.55208,45.70625],[63.53542,45.69375]]}},{"type":"Feature","properties":{"hyriv_id":40406334,"system_id":"amu_darya","discharge_cms":332.013,"strahler_order":7,"channel_class":"perennial","in_headwater_formation":1},"geometry":{"type":"LineString","coordinates":[[71.35208,38.14375],[71.36875,38.15625]]}},{"type":"Feature","properties":{"hyriv_id":40186895,"system_id":"syr_darya","discharge_cms":334.542,"strahler_order":8,"channel_class":"perennial","in_headwater_formation":0},"geometry":{"type":"LineString","coordinates":[[65.12708,45.00208],[65.11875,44.99792],[65.10625,45.01042],[65.08958,45.00208]]}},{"type":"Feature","properties":{"hyriv_id":40405995,"system_id":"amu_darya","discharge_cms":334.865,"strahler_order":7,"channel_class":"perennial","in_headwater_formation":1},"geometry":{"type":"LineString","coordinates":[[71.36875,38.15625],[71.38125,38.20208]]}},{"type":"Feature","properties":{"hyriv_id":40164040,"system_id":"syr_darya","discharge_cms":334.972,"strahler_order":8,"channel_class":"perennial","in_headwater_formation":0},"geometry":{"type":"LineString","coordinates":[[63.53542,45.69375],[63.50625,45.69375],[63.49375,45.68542],[63.47708,45.68542]]}},{"type":"Feature","properties":{"hyriv_id":40404744,"system_id":"amu_darya","discharge_cms":335.515,"strahler_order":7,"channel_class":"perennial","in_headwater_formation":1},"geometry":{"type":"LineString","coordinates":[[71.38125,38.20208],[71.38125,38.20625]]}},{"type":"Feature","properties":{"hyriv_id":40164608,"system_id":"syr_darya","discharge_cms":335.702,"strahler_order":8,"channel_class":"perennial","in_headwater_formation":0},"geometry":{"type":"LineString","coordinates":[[63.47708,45.68542],[63.41875,45.66875]]}},{"type":"Feature","properties":{"hyriv_id":40297004,"system_id":"syr_darya","discharge_cms":337.237,"strahler_order":6,"channel_class":"perennial","in_headwater_formation":1},"geometry":{"type":"LineString","coordinates":[[72.78958,41.78542],[72.77708,41.77292]]}},{"type":"Feature","properties":{"hyriv_id":40165412,"system_id":"syr_darya","discharge_cms":337.263,"strahler_order":8,"channel_class":"perennial","in_headwater_formation":0},"geometry":{"type":"LineString","coordinates":[[63.41875,45.66875],[63.40625,45.66875],[63.38958,45.65208],[63.34792,45.64375]]}},{"type":"Feature","properties":{"hyriv_id":40377258,"system_id":"amu_darya","discharge_cms":337.399,"strahler_order":5,"channel_class":"perennial","in_headwater_formation":1},"geometry":{"type":"LineString","coordinates":[[70.86042,39.14375],[70.84375,39.13125],[70.81875,39.12708]]}},{"type":"Feature","properties":{"hyriv_id":40297527,"system_id":"syr_darya","discharge_cms":337.705,"strahler_order":6,"channel_class":"perennial","in_headwater_formation":1},"geometry":{"type":"LineString","coordinates":[[72.77708,41.77292],[72.74375,41.75625]]}},{"type":"Feature","properties":{"hyriv_id":40299130,"system_id":"syr_darya","discharge_cms":338.082,"strahler_order":6,"channel_class":"perennial","in_headwater_formation":1},"geometry":{"type":"LineString","coordinates":[[72.74375,41.75625],[72.71042,41.72708],[72.70625,41.70625]]}},{"type":"Feature","properties":{"hyriv_id":40299493,"system_id":"syr_darya","discharge_cms":338.154,"strahler_order":6,"channel_class":"perennial","in_headwater_formation":1},"geometry":{"type":"LineString","coordinates":[[72.70625,41.70625],[72.69375,41.69375]]}},{"type":"Feature","properties":{"hyriv_id":40300163,"system_id":"syr_darya","discharge_cms":338.38,"strahler_order":6,"channel_class":"perennial","in_headwater_formation":1},"geometry":{"type":"LineString","coordinates":[[72.69375,41.69375],[72.66042,41.68542],[72.63958,41.67292]]}},{"type":"Feature","properties":{"hyriv_id":40166927,"system_id":"syr_darya","discharge_cms":338.548,"strahler_order":8,"channel_class":"perennial","in_headwater_formation":0},"geometry":{"type":"LineString","coordinates":[[63.34792,45.64375],[63.33125,45.62708],[63.33125,45.61458],[63.31458,45.60208],[63.28958,45.59792],[63.22292,45.60208]]}},{"type":"Feature","properties":{"hyriv_id":40301605,"system_id":"syr_darya","discharge_cms":338.935,"strahler_order":6,"channel_class":"perennial","in_headwater_formation":1},"geometry":{"type":"LineString","coordinates":[[72.63958,41.67292],[72.63542,41.66042],[72.63958,41.64792],[72.63125,41.63958],[72.63542,41.62708]]}},{"type":"Feature","properties":{"hyriv_id":40167273,"system_id":"syr_darya","discharge_cms":339.391,"strahler_order":8,"channel_class":"perennial","in_headwater_formation":0},"geometry":{"type":"LineString","coordinates":[[63.22292,45.60208],[63.19792,45.59792],[63.17708,45.58542],[63.15208,45.58542],[63.13958,45.60625]]}},{"type":"Feature","properties":{"hyriv_id":40166655,"system_id":"syr_darya","discharge_cms":339.69,"strahler_order":8,"channel_class":"perennial","in_headwater_formation":0},"geometry":{"type":"LineString","coordinates":[[63.13958,45.60625],[63.12292,45.63542]]}},{"type":"Feature","properties":{"hyriv_id":40165729,"system_id":"syr_darya","discharge_cms":339.864,"strahler_order":8,"channel_class":"perennial","in_headwater_formation":0},"geometry":{"type":"LineString","coordinates":[[63.12292,45.63542],[63.11458,45.64375]]}},{"type":"Feature","properties":{"hyriv_id":40165409,"system_id":"syr_darya","discharge_cms":340.109,"strahler_order":8,"channel_class":"perennial","in_headwater_formation":0},"geometry":{"type":"LineString","coordinates":[[63.11458,45.64375],[63.09375,45.66042]]}},{"type":"Feature","properties":{"hyriv_id":40164872,"system_id":"syr_darya","discharge_cms":341.306,"strahler_order":8,"channel_class":"perennial","in_headwater_formation":0},"geometry":{"type":"LineString","coordinates":[[63.09375,45.66042],[63.05625,45.69375],[63.02292,45.70208],[62.99792,45.70208],[62.98125,45.69375]]}},{"type":"Feature","properties":{"hyriv_id":40163747,"system_id":"syr_darya","discharge_cms":341.964,"strahler_order":8,"channel_class":"perennial","in_headwater_formation":0},"geometry":{"type":"LineString","coordinates":[[62.98125,45.69375],[62.96875,45.70208],[62.96875,45.71458],[62.96042,45.72292],[62.93125,45.72292]]}},{"type":"Feature","properties":{"hyriv_id":40162772,"system_id":"syr_darya","discharge_cms":342.008,"strahler_order":8,"channel_class":"perennial","in_headwater_formation":0},"geometry":{"type":"LineString","coordinates":[[62.93125,45.72292],[62.92708,45.72292]]}},{"type":"Feature","properties":{"hyriv_id":40162770,"system_id":"syr_darya","discharge_cms":342.569,"strahler_order":8,"channel_class":"perennial","in_headwater_formation":0},"geometry":{"type":"LineString","coordinates":[[62.92708,45.72292],[62.89792,45.72292],[62.88542,45.73125]]}},{"type":"Feature","properties":{"hyriv_id":40377960,"system_id":"amu_darya","discharge_cms":343.037,"strahler_order":5,"channel_class":"perennial","in_headwater_formation":1},"geometry":{"type":"LineString","coordinates":[[70.81875,39.12708],[70.81042,39.13125],[70.78958,39.12292],[70.76875,39.10208],[70.74792,39.10208]]}},{"type":"Feature","properties":{"hyriv_id":40164188,"system_id":"syr_darya","discharge_cms":343.13,"strahler_order":8,"channel_class":"perennial","in_headwater_formation":0},"geometry":{"type":"LineString","coordinates":[[62.88542,45.73125],[62.86875,45.73542],[62.83542,45.68958],[62.81458,45.68125]]}},{"type":"Feature","properties":{"hyriv_id":40164187,"system_id":"syr_darya","discharge_cms":343.408,"strahler_order":8,"channel_class":"perennial","in_headwater_formation":0},"geometry":{"type":"LineString","coordinates":[[62.81458,45.68125],[62.78958,45.68125],[62.77292,45.70208]]}},{"type":"Feature","properties":{"hyriv_id":40164039,"system_id":"syr_darya","discharge_cms":343.622,"strahler_order":8,"channel_class":"perennial","in_headwater_formation":0},"geometry":{"type":"LineString","coordinates":[[62.77292,45.70208],[62.76458,45.70208],[62.75625,45.68542]]}},{"type":"Feature","properties":{"hyriv_id":40301858,"system_id":"syr_darya","discharge_cms":344.071,"strahler_order":6,"channel_class":"perennial","in_headwater_formation":1},"geometry":{"type":"LineString","coordinates":[[72.63542,41.62708],[72.62292,41.61875]]}},{"type":"Feature","properties":{"hyriv_id":40302482,"system_id":"syr_darya","discharge_cms":344.263,"strahler_order":6,"channel_class":"perennial","in_headwater_formation":1},"geometry":{"type":"LineString","coordinates":[[72.62292,41.61875],[72.61458,41.61458],[72.58958,41.61875],[72.56875,41.59792]]}},{"type":"Feature","properties":{"hyriv_id":40156700,"system_id":"syr_darya","discharge_cms":344.543,"strahler_order":8,"channel_class":"perennial","in_headwater_formation":0},"geometry":{"type":"LineString","coordinates":[[61.83542,45.91875],[61.83958,45.95625]]}},{"type":"Feature","properties":{"hyriv_id":40378097,"system_id":"amu_darya","discharge_cms":344.559,"strahler_order":5,"channel_class":"perennial","in_headwater_formation":1},"geometry":{"type":"LineString","coordinates":[[70.74792,39.10208],[70.73958,39.09792]]}},{"type":"Feature","properties":{"hyriv_id":40164038,"system_id":"syr_darya","discharge_cms":344.737,"strahler_order":8,"channel_class":"perennial","in_headwater_formation":0},"geometry":{"type":"LineString","coordinates":[[62.75625,45.68542],[62.74375,45.69375],[62.73542,45.71042],[62.71458,45.71042],[62.69792,45.71875]]}},{"type":"Feature","properties":{"hyriv_id":40162913,"system_id":"syr_darya","discharge_cms":344.828,"strahler_order":8,"channel_class":"perennial","in_headwater_formation":0},"geometry":{"type":"LineString","coordinates":[[62.69792,45.71875],[62.69375,45.71875]]}},{"type":"Feature","properties":{"hyriv_id":40157495,"system_id":"syr_darya","discharge_cms":344.893,"strahler_order":8,"channel_class":"perennial","in_headwater_formation":0},"geometry":{"type":"LineString","coordinates":[[61.75208,45.89375],[61.77708,45.91458],[61.83542,45.91875]]}},{"type":"Feature","properties":{"hyriv_id":40302728,"system_id":"syr_darya","discharge_cms":345.104,"strahler_order":6,"channel_class":"perennial","in_headwater_formation":1},"geometry":{"type":"LineString","coordinates":[[72.56875,41.59792],[72.56042,41.58958]]}},{"type":"Feature","properties":{"hyriv_id":40303112,"system_id":"syr_darya","discharge_cms":345.183,"strahler_order":6,"channel_class":"perennial","in_headwater_formation":1},"geometry":{"type":"LineString","coordinates":[[72.56042,41.58958],[72.53542,41.57708]]}},{"type":"Feature","properties":{"hyriv_id":40378457,"system_id":"amu_darya","discharge_cms":345.727,"strahler_order":5,"channel_class":"perennial","in_headwater_formation":1},"geometry":{"type":"LineString","coordinates":[[70.73958,39.09792],[70.72708,39.08542],[70.71458,39.08542]]}},{"type":"Feature","properties":{"hyriv_id":40158018,"system_id":"syr_darya","discharge_cms":345.94,"strahler_order":8,"channel_class":"perennial","in_headwater_formation":0},"geometry":{"type":"LineString","coordinates":[[61.72708,45.87708],[61.75208,45.89375]]}},{"type":"Feature","properties":{"hyriv_id":40304090,"system_id":"syr_darya","discharge_cms":346.035,"strahler_order":6,"channel_class":"perennial","in_headwater_formation":1},"geometry":{"type":"LineString","coordinates":[[72.53542,41.57708],[72.50625,41.55208],[72.48542,41.55208],[72.48125,41.54375]]}},{"type":"Feature","properties":{"hyriv_id":40186896,"system_id":"syr_darya","discharge_cms":346.056,"strahler_order":8,"channel_class":"perennial","in_headwater_formation":0},"geometry":{"type":"LineString","coordinates":[[65.13958,44.99792],[65.13125,45.00625],[65.12708,45.00208]]}},{"type":"Feature","properties":{"hyriv_id":40158277,"system_id":"syr_darya","discharge_cms":346.241,"strahler_order":8,"channel_class":"perennial","in_headwater_formation":0},"geometry":{"type":"LineString","coordinates":[[61.70208,45.86875],[61.71875,45.86875],[61.72708,45.87708]]}},{"type":"Feature","properties":{"hyriv_id":40378737,"system_id":"amu_darya","discharge_cms":346.393,"strahler_order":5,"channel_class":"perennial","in_headwater_formation":1},"geometry":{"type":"LineString","coordinates":[[70.71458,39.08542],[70.69792,39.07708]]}},{"type":"Feature","properties":{"hyriv_id":40162766,"system_id":"syr_darya","discharge_cms":346.544,"strahler_order":8,"channel_class":"perennial","in_headwater_formation":0},"geometry":{"type":"LineString","coordinates":[[61.76042,45.72292],[61.73958,45.72708],[61.71875,45.74792],[61.71458,45.76042],[61.69792,45.77708],[61.68958,45.77708],[61.67292,45.79792],[61.67708,45.85208],[61.70208,45.86875]]}},{"type":"Feature","properties":{"hyriv_id":40304434,"system_id":"syr_darya","discharge_cms":346.628,"strahler_order":6,"channel_class":"perennial","in_headwater_formation":1},"geometry":{"type":"LineString","coordinates":[[72.48125,41.54375],[72.46875,41.53125]]}},{"type":"Feature","properties":{"hyriv_id":40305281,"system_id":"syr_darya","discharge_cms":346.851,"strahler_order":6,"channel_class":"perennial","in_headwater_formation":1},"geometry":{"type":"LineString","coordinates":[[72.46875,41.53125],[72.46042,41.53125],[72.45208,41.51875],[72.42292,41.51875],[72.40625,41.50208],[72.39792,41.50625]]}},{"type":"Feature","properties":{"hyriv_id":40306741,"system_id":"syr_darya","discharge_cms":346.908,"strahler_order":6,"channel_class":"perennial","in_headwater_formation":1},"geometry":{"type":"LineString","coordinates":[[72.29792,41.47708],[72.29375,41.47292],[72.29792,41.46458],[72.28958,41.45625],[72.26875,41.45208]]}},{"type":"Feature","properties":{"hyriv_id":40305146,"system_id":"syr_darya","discharge_cms":347.069,"strahler_order":6,"channel_class":"perennial","in_headwater_formation":1},"geometry":{"type":"LineString","coordinates":[[72.39792,41.50625],[72.38958,41.50625]]}},{"type":"Feature","properties":{"hyriv_id":40306012,"system_id":"syr_darya","discharge_cms":347.083,"strahler_order":6,"channel_class":"perennial","in_headwater_formation":1},"geometry":{"type":"LineString","coordinates":[[72.33542,41.48542],[72.31875,41.48958],[72.29792,41.47708]]}},{"type":"Feature","properties":{"hyriv_id":40305779,"system_id":"syr_darya","discharge_cms":347.093,"strahler_order":6,"channel_class":"perennial","in_headwater_formation":1},"geometry":{"type":"LineString","coordinates":[[72.36458,41.49792],[72.34792,41.49792],[72.33542,41.48542]]}},{"type":"Feature","properties":{"hyriv_id":40308129,"system_id":"syr_darya","discharge_cms":347.112,"strahler_order":6,"channel_class":"perennial","in_headwater_formation":1},"geometry":{"type":"LineString","coordinates":[[72.26875,41.45208],[72.22708,41.41042]]}},{"type":"Feature","properties":{"hyriv_id":40305403,"system_id":"syr_darya","discharge_cms":347.154,"strahler_order":6,"channel_class":"perennial","in_headwater_formation":1},"geometry":{"type":"LineString","coordinates":[[72.38958,41.50625],[72.37292,41.51042],[72.36458,41.49792]]}},{"type":"Feature","properties":{"hyriv_id":40163049,"system_id":"syr_darya","discharge_cms":347.934,"strahler_order":8,"channel_class":"perennial","in_headwater_formation":0},"geometry":{"type":"LineString","coordinates":[[62.69375,45.71875],[62.66042,45.72292],[62.64375,45.71458]]}},{"type":"Feature","properties":{"hyriv_id":40378736,"system_id":"amu_darya","discharge_cms":347.936,"strahler_order":5,"channel_class":"perennial","in_headwater_formation":1},"geometry":{"type":"LineString","coordinates":[[70.69792,39.07708],[70.67708,39.08125]]}},{"type":"Feature","properties":{"hyriv_id":40163048,"system_id":"syr_darya","discharge_cms":348.084,"strahler_order":8,"channel_class":"perennial","in_headwater_formation":0},"geometry":{"type":"LineString","coordinates":[[62.64375,45.71458],[62.63125,45.71458]]}},{"type":"Feature","properties":{"hyriv_id":40344402,"system_id":"syr_darya","discharge_cms":348.239,"strahler_order":7,"channel_class":"perennial","in_headwater_formation":0},"geometry":{"type":"LineString","coordinates":[[69.21042,40.24375],[69.16875,40.25625],[69.18125,40.26875],[69.16458,40.28125],[69.16042,40.29375],[69.12292,40.29792]]}},{"type":"Feature","properties":{"hyriv_id":40163047,"system_id":"syr_darya","discharge_cms":348.573,"strahler_order":8,"channel_class":"perennial","in_headwater_formation":0},"geometry":{"type":"LineString","coordinates":[[62.63125,45.71458],[62.62292,45.72292],[62.62292,45.73542],[62.63958,45.75208],[62.62292,45.76042],[62.62708,45.77292]]}},{"type":"Feature","properties":{"hyriv_id":40162767,"system_id":"syr_darya","discharge_cms":348.849,"strahler_order":8,"channel_class":"perennial","in_headwater_formation":0},"geometry":{"type":"LineString","coordinates":[[61.80208,45.73125],[61.79375,45.73958],[61.77708,45.73958],[61.76042,45.72292]]}},{"type":"Feature","properties":{"hyriv_id":40378611,"system_id":"amu_darya","discharge_cms":349.023,"strahler_order":5,"channel_class":"perennial","in_headwater_formation":1},"geometry":{"type":"LineString","coordinates":[[70.67708,39.08125],[70.67292,39.08125]]}},{"type":"Feature","properties":{"hyriv_id":40161201,"system_id":"syr_darya","discharge_cms":349.11,"strahler_order":8,"channel_class":"perennial","in_headwater_formation":0},"geometry":{"type":"LineString","coordinates":[[62.62708,45.77292],[62.63125,45.80208],[62.61875,45.82292],[62.59792,45.82708],[62.58125,45.81042]]}},{"type":"Feature","properties":{"hyriv_id":40162520,"system_id":"syr_darya","discharge_cms":349.406,"strahler_order":8,"channel_class":"perennial","in_headwater_formation":0},"geometry":{"type":"LineString","coordinates":[[61.81458,45.73125],[61.80208,45.73125]]}},{"type":"Feature","properties":{"hyriv_id":40162909,"system_id":"syr_darya","discharge_cms":349.542,"strahler_order":8,"channel_class":"perennial","in_headwater_formation":0},"geometry":{"type":"LineString","coordinates":[[61.87292,45.71875],[61.84375,45.73125],[61.81458,45.73125]]}},{"type":"Feature","properties":{"hyriv_id":40378735,"system_id":"amu_darya","discharge_cms":350.027,"strahler_order":5,"channel_class":"perennial","in_headwater_formation":1},"geometry":{"type":"LineString","coordinates":[[70.67292,39.08125],[70.65625,39.07708]]}},{"type":"Feature","properties":{"hyriv_id":40187358,"system_id":"syr_darya","discharge_cms":350.219,"strahler_order":8,"channel_class":"perennial","in_headwater_formation":0},"geometry":{"type":"LineString","coordinates":[[65.17292,44.99375],[65.15625,44.99375],[65.14792,44.98542],[65.13958,44.99792]]}},{"type":"Feature","properties":{"hyriv_id":40165269,"system_id":"syr_darya","discharge_cms":350.225,"strahler_order":8,"channel_class":"perennial","in_headwater_formation":0},"geometry":{"type":"LineString","coordinates":[[61.97708,45.66875],[61.97708,45.65625],[61.96042,45.64792],[61.91458,45.67708],[61.87292,45.71875]]}},{"type":"Feature","properties":{"hyriv_id":40161200,"system_id":"syr_darya","discharge_cms":350.433,"strahler_order":8,"channel_class":"perennial","in_headwater_formation":0},"geometry":{"type":"LineString","coordinates":[[62.58125,45.81042],[62.57292,45.79375],[62.55208,45.77708],[62.52708,45.77292]]}},{"type":"Feature","properties":{"hyriv_id":40161598,"system_id":"syr_darya","discharge_cms":350.832,"strahler_order":8,"channel_class":"perennial","in_headwater_formation":0},"geometry":{"type":"LineString","coordinates":[[62.52708,45.77292],[62.48125,45.76042]]}},{"type":"Feature","properties":{"hyriv_id":40162127,"system_id":"syr_darya","discharge_cms":351.092,"strahler_order":8,"channel_class":"perennial","in_headwater_formation":0},"geometry":{"type":"LineString","coordinates":[[62.48125,45.76042],[62.46042,45.74375],[62.45208,45.74375]]}},{"type":"Feature","properties":{"hyriv_id":40162244,"system_id":"syr_darya","discharge_cms":351.161,"strahler_order":8,"channel_class":"perennial","in_headwater_formation":0},"geometry":{"type":"LineString","coordinates":[[62.45208,45.74375],[62.42708,45.73958]]}},{"type":"Feature","properties":{"hyriv_id":40162243,"system_id":"syr_darya","discharge_cms":351.199,"strahler_order":8,"channel_class":"perennial","in_headwater_formation":0},"geometry":{"type":"LineString","coordinates":[[62.42708,45.73958],[62.42292,45.74375]]}},{"type":"Feature","properties":{"hyriv_id":40162125,"system_id":"syr_darya","discharge_cms":351.256,"strahler_order":8,"channel_class":"perennial","in_headwater_formation":0},"geometry":{"type":"LineString","coordinates":[[62.42292,45.74375],[62.37708,45.77292]]}},{"type":"Feature","properties":{"hyriv_id":40161198,"system_id":"syr_darya","discharge_cms":351.32,"strahler_order":8,"channel_class":"perennial","in_headwater_formation":0},"geometry":{"type":"LineString","coordinates":[[62.37708,45.77292],[62.37292,45.77292]]}},{"type":"Feature","properties":{"hyriv_id":40161462,"system_id":"syr_darya","discharge_cms":351.427,"strahler_order":8,"channel_class":"perennial","in_headwater_formation":0},"geometry":{"type":"LineString","coordinates":[[62.37292,45.77292],[62.34792,45.76458]]}},{"type":"Feature","properties":{"hyriv_id":40161730,"system_id":"syr_darya","discharge_cms":351.564,"strahler_order":8,"channel_class":"perennial","in_headwater_formation":0},"geometry":{"type":"LineString","coordinates":[[62.34792,45.76458],[62.31458,45.75625]]}},{"type":"Feature","properties":{"hyriv_id":40161728,"system_id":"syr_darya","discharge_cms":351.606,"strahler_order":8,"channel_class":"perennial","in_headwater_formation":0},"geometry":{"type":"LineString","coordinates":[[62.31458,45.75625],[62.27292,45.76042]]}},{"type":"Feature","properties":{"hyriv_id":40162124,"system_id":"syr_darya","discharge_cms":351.706,"strahler_order":8,"channel_class":"perennial","in_headwater_formation":0},"geometry":{"type":"LineString","coordinates":[[62.27292,45.76042],[62.26458,45.74792],[62.24375,45.74375],[62.18958,45.76875]]}},{"type":"Feature","properties":{"hyriv_id":40164605,"system_id":"syr_darya","discharge_cms":351.751,"strahler_order":8,"channel_class":"perennial","in_headwater_formation":0},"geometry":{"type":"LineString","coordinates":[[61.98958,45.68542],[61.97708,45.67708],[61.97708,45.66875]]}},{"type":"Feature","properties":{"hyriv_id":40161335,"system_id":"syr_darya","discharge_cms":351.769,"strahler_order":8,"channel_class":"perennial","in_headwater_formation":0},"geometry":{"type":"LineString","coordinates":[[62.18958,45.76875],[62.18542,45.76875]]}},{"type":"Feature","properties":{"hyriv_id":40162123,"system_id":"syr_darya","discharge_cms":351.826,"strahler_order":8,"channel_class":"perennial","in_headwater_formation":0},"geometry":{"type":"LineString","coordinates":[[62.18542,45.76875],[62.17292,45.75625],[62.18125,45.74792],[62.17708,45.74375]]}},{"type":"Feature","properties":{"hyriv_id":40162383,"system_id":"syr_darya","discharge_cms":351.883,"strahler_order":8,"channel_class":"perennial","in_headwater_formation":0},"geometry":{"type":"LineString","coordinates":[[62.17708,45.74375],[62.15208,45.73542]]}},{"type":"Feature","properties":{"hyriv_id":40162382,"system_id":"syr_darya","discharge_cms":351.909,"strahler_order":8,"channel_class":"perennial","in_headwater_formation":0},"geometry":{"type":"LineString","coordinates":[[62.15208,45.73542],[62.13542,45.73542]]}},{"type":"Feature","properties":{"hyriv_id":40162381,"system_id":"syr_darya","discharge_cms":351.948,"strahler_order":8,"channel_class":"perennial","in_headwater_formation":0},"geometry":{"type":"LineString","coordinates":[[62.13542,45.73542],[62.11875,45.73958]]}},{"type":"Feature","properties":{"hyriv_id":40164037,"system_id":"syr_darya","discharge_cms":352.006,"strahler_order":8,"channel_class":"perennial","in_headwater_formation":0},"geometry":{"type":"LineString","coordinates":[[62.02708,45.69375],[62.01458,45.68542],[61.98958,45.68542]]}},{"type":"Feature","properties":{"hyriv_id":40162768,"system_id":"syr_darya","discharge_cms":352.029,"strahler_order":8,"channel_class":"perennial","in_headwater_formation":0},"geometry":{"type":"LineString","coordinates":[[62.11875,45.73958],[62.09792,45.73958],[62.08958,45.72292],[62.04792,45.73125]]}},{"type":"Feature","properties":{"hyriv_id":40162638,"system_id":"syr_darya","discharge_cms":352.051,"strahler_order":8,"channel_class":"perennial","in_headwater_formation":0},"geometry":{"type":"LineString","coordinates":[[62.04792,45.73125],[62.03958,45.72708]]}},{"type":"Feature","properties":{"hyriv_id":40163045,"system_id":"syr_darya","discharge_cms":352.073,"strahler_order":8,"channel_class":"perennial","in_headwater_formation":0},"geometry":{"type":"LineString","coordinates":[[62.03958,45.72708],[62.02708,45.71458]]}},{"type":"Feature","properties":{"hyriv_id":40163745,"system_id":"syr_darya","discharge_cms":352.092,"strahler_order":8,"channel_class":"perennial","in_headwater_formation":0},"geometry":{"type":"LineString","coordinates":[[62.02708,45.71458],[62.01458,45.70208],[62.02708,45.69375]]}},{"type":"Feature","properties":{"hyriv_id":40378734,"system_id":"amu_darya","discharge_cms":352.551,"strahler_order":5,"channel_class":"perennial","in_headwater_formation":1},"geometry":{"type":"LineString","coordinates":[[70.65625,39.07708],[70.62292,39.08125]]}},{"type":"Feature","properties":{"hyriv_id":40378733,"system_id":"amu_darya","discharge_cms":353.439,"strahler_order":5,"channel_class":"perennial","in_headwater_formation":1},"geometry":{"type":"LineString","coordinates":[[70.62292,39.08125],[70.59792,39.07708]]}},{"type":"Feature","properties":{"hyriv_id":40378732,"system_id":"amu_darya","discharge_cms":353.736,"strahler_order":5,"channel_class":"perennial","in_headwater_formation":1},"geometry":{"type":"LineString","coordinates":[[70.59792,39.07708],[70.59375,39.08125]]}},{"type":"Feature","properties":{"hyriv_id":40323354,"system_id":"syr_darya","discharge_cms":355.779,"strahler_order":6,"channel_class":"perennial","in_headwater_formation":1},"geometry":{"type":"LineString","coordinates":[[71.82292,40.93958],[71.80208,40.93958],[71.75625,40.91042]]}},{"type":"Feature","properties":{"hyriv_id":40378607,"system_id":"amu_darya","discharge_cms":355.975,"strahler_order":5,"channel_class":"perennial","in_headwater_formation":1},"geometry":{"type":"LineString","coordinates":[[70.59375,39.08125],[70.56042,39.08542]]}},{"type":"Feature","properties":{"hyriv_id":40378606,"system_id":"amu_darya","discharge_cms":356.695,"strahler_order":5,"channel_class":"perennial","in_headwater_formation":1},"geometry":{"type":"LineString","coordinates":[[70.56042,39.08542],[70.54375,39.08125]]}},{"type":"Feature","properties":{"hyriv_id":40322481,"system_id":"syr_darya","discharge_cms":357.684,"strahler_order":6,"channel_class":"perennial","in_headwater_formation":1},"geometry":{"type":"LineString","coordinates":[[71.82708,40.94375],[71.82292,40.93958]]}},{"type":"Feature","properties":{"hyriv_id":40322373,"system_id":"syr_darya","discharge_cms":357.791,"strahler_order":6,"channel_class":"perennial","in_headwater_formation":1},"geometry":{"type":"LineString","coordinates":[[71.85625,40.96042],[71.82708,40.94375]]}},{"type":"Feature","properties":{"hyriv_id":40321847,"system_id":"syr_darya","discharge_cms":358.635,"strahler_order":6,"channel_class":"perennial","in_headwater_formation":1},"geometry":{"type":"LineString","coordinates":[[71.86042,40.96458],[71.85625,40.96042]]}},{"type":"Feature","properties":{"hyriv_id":40321715,"system_id":"syr_darya","discharge_cms":358.737,"strahler_order":6,"channel_class":"perennial","in_headwater_formation":1},"geometry":{"type":"LineString","coordinates":[[71.88125,40.98125],[71.86875,40.96458],[71.86042,40.96458]]}},{"type":"Feature","properties":{"hyriv_id":40321179,"system_id":"syr_darya","discharge_cms":359.321,"strahler_order":6,"channel_class":"perennial","in_headwater_formation":1},"geometry":{"type":"LineString","coordinates":[[71.92292,41.01042],[71.88125,40.98125]]}},{"type":"Feature","properties":{"hyriv_id":40378825,"system_id":"amu_darya","discharge_cms":359.646,"strahler_order":5,"channel_class":"perennial","in_headwater_formation":1},"geometry":{"type":"LineString","coordinates":[[70.54375,39.08125],[70.53125,39.07292]]}},{"type":"Feature","properties":{"hyriv_id":40320245,"system_id":"syr_darya","discharge_cms":360.15,"strahler_order":6,"channel_class":"perennial","in_headwater_formation":1},"geometry":{"type":"LineString","coordinates":[[71.95625,41.02708],[71.92292,41.01042]]}},{"type":"Feature","properties":{"hyriv_id":40379302,"system_id":"amu_darya","discharge_cms":360.814,"strahler_order":5,"channel_class":"perennial","in_headwater_formation":1},"geometry":{"type":"LineString","coordinates":[[70.53125,39.07292],[70.51458,39.05625],[70.50208,39.05625]]}},{"type":"Feature","properties":{"hyriv_id":40319774,"system_id":"syr_darya","discharge_cms":360.843,"strahler_order":6,"channel_class":"perennial","in_headwater_formation":1},"geometry":{"type":"LineString","coordinates":[[71.97708,41.04375],[71.95625,41.02708]]}},{"type":"Feature","properties":{"hyriv_id":40319254,"system_id":"syr_darya","discharge_cms":361.249,"strahler_order":6,"channel_class":"perennial","in_headwater_formation":1},"geometry":{"type":"LineString","coordinates":[[71.99792,41.05625],[71.97708,41.04375]]}},{"type":"Feature","properties":{"hyriv_id":40145639,"system_id":"syr_darya","discharge_cms":361.285,"strahler_order":8,"channel_class":"perennial","in_headwater_formation":0},"geometry":{"type":"LineString","coordinates":[[60.92708,46.27292],[60.95208,46.33542]]}},{"type":"Feature","properties":{"hyriv_id":40379301,"system_id":"amu_darya","discharge_cms":361.399,"strahler_order":5,"channel_class":"perennial","in_headwater_formation":1},"geometry":{"type":"LineString","coordinates":[[70.50208,39.05625],[70.48542,39.05625]]}},{"type":"Feature","properties":{"hyriv_id":40146291,"system_id":"syr_darya","discharge_cms":361.514,"strahler_order":8,"channel_class":"perennial","in_headwater_formation":0},"geometry":{"type":"LineString","coordinates":[[60.91458,46.25208],[60.92708,46.27292]]}},{"type":"Feature","properties":{"hyriv_id":40147844,"system_id":"syr_darya","discharge_cms":361.585,"strahler_order":8,"channel_class":"perennial","in_headwater_formation":0},"geometry":{"type":"LineString","coordinates":[[60.89375,46.19792],[60.91458,46.25208]]}},{"type":"Feature","properties":{"hyriv_id":40318941,"system_id":"syr_darya","discharge_cms":361.668,"strahler_order":6,"channel_class":"perennial","in_headwater_formation":1},"geometry":{"type":"LineString","coordinates":[[72.04375,41.10625],[72.01458,41.06042],[71.99792,41.05625]]}},{"type":"Feature","properties":{"hyriv_id":40317463,"system_id":"syr_darya","discharge_cms":361.678,"strahler_order":6,"channel_class":"perennial","in_headwater_formation":1},"geometry":{"type":"LineString","coordinates":[[72.08125,41.12708],[72.06875,41.11458],[72.04375,41.10625]]}},{"type":"Feature","properties":{"hyriv_id":40149171,"system_id":"syr_darya","discharge_cms":361.726,"strahler_order":8,"channel_class":"perennial","in_headwater_formation":0},"geometry":{"type":"LineString","coordinates":[[60.87708,46.15625],[60.88125,46.17708]]}},{"type":"Feature","properties":{"hyriv_id":40148347,"system_id":"syr_darya","discharge_cms":361.74,"strahler_order":8,"channel_class":"perennial","in_headwater_formation":0},"geometry":{"type":"LineString","coordinates":[[60.88542,46.18125],[60.89375,46.19792]]}},{"type":"Feature","properties":{"hyriv_id":40151341,"system_id":"syr_darya","discharge_cms":361.755,"strahler_order":8,"channel_class":"perennial","in_headwater_formation":0},"geometry":{"type":"LineString","coordinates":[[60.99792,46.09792],[60.98542,46.08958],[60.91875,46.08958],[60.88125,46.09792],[60.86875,46.10625],[60.87292,46.15208]]}},{"type":"Feature","properties":{"hyriv_id":40149307,"system_id":"syr_darya","discharge_cms":361.783,"strahler_order":8,"channel_class":"perennial","in_headwater_formation":0},"geometry":{"type":"LineString","coordinates":[[60.87292,46.15208],[60.87708,46.15625]]}},{"type":"Feature","properties":{"hyriv_id":40148481,"system_id":"syr_darya","discharge_cms":361.786,"strahler_order":8,"channel_class":"perennial","in_headwater_formation":0},"geometry":{"type":"LineString","coordinates":[[60.88125,46.17708],[60.88542,46.18125]]}},{"type":"Feature","properties":{"hyriv_id":40316711,"system_id":"syr_darya","discharge_cms":361.828,"strahler_order":6,"channel_class":"perennial","in_headwater_formation":1},"geometry":{"type":"LineString","coordinates":[[72.12292,41.15625],[72.11042,41.15625],[72.08542,41.13125]]}},{"type":"Feature","properties":{"hyriv_id":40315930,"system_id":"syr_darya","discharge_cms":361.859,"strahler_order":6,"channel_class":"perennial","in_headwater_formation":1},"geometry":{"type":"LineString","coordinates":[[72.15625,41.16042],[72.13542,41.16458],[72.12292,41.15625]]}},{"type":"Feature","properties":{"hyriv_id":40316856,"system_id":"syr_darya","discharge_cms":361.898,"strahler_order":6,"channel_class":"perennial","in_headwater_formation":1},"geometry":{"type":"LineString","coordinates":[[72.08542,41.13125],[72.08125,41.12708]]}},{"type":"Feature","properties":{"hyriv_id":40315809,"system_id":"syr_darya","discharge_cms":362.039,"strahler_order":6,"channel_class":"perennial","in_headwater_formation":1},"geometry":{"type":"LineString","coordinates":[[72.16875,41.17708],[72.16875,41.16875],[72.15625,41.16042]]}},{"type":"Feature","properties":{"hyriv_id":40310109,"system_id":"syr_darya","discharge_cms":362.082,"strahler_order":6,"channel_class":"perennial","in_headwater_formation":1},"geometry":{"type":"LineString","coordinates":[[72.23125,41.39792],[72.22708,41.39375],[72.23958,41.38125],[72.23542,41.36875],[72.23958,41.35625],[72.23125,41.34792]]}},{"type":"Feature","properties":{"hyriv_id":40311005,"system_id":"syr_darya","discharge_cms":362.11,"strahler_order":6,"channel_class":"perennial","in_headwater_formation":1},"geometry":{"type":"LineString","coordinates":[[72.22292,41.33958],[72.21458,41.33958],[72.19792,41.31875]]}},{"type":"Feature","properties":{"hyriv_id":40315330,"system_id":"syr_darya","discharge_cms":362.154,"strahler_order":6,"channel_class":"perennial","in_headwater_formation":1},"geometry":{"type":"LineString","coordinates":[[72.16458,41.19792],[72.16042,41.18542],[72.16875,41.17708]]}},{"type":"Feature","properties":{"hyriv_id":40310361,"system_id":"syr_darya","discharge_cms":362.162,"strahler_order":6,"channel_class":"perennial","in_headwater_formation":1},"geometry":{"type":"LineString","coordinates":[[72.23125,41.34792],[72.22292,41.33958]]}},{"type":"Feature","properties":{"hyriv_id":40308527,"system_id":"syr_darya","discharge_cms":362.166,"strahler_order":6,"channel_class":"perennial","in_headwater_formation":1},"geometry":{"type":"LineString","coordinates":[[72.22708,41.41042],[72.23125,41.39792]]}},{"type":"Feature","properties":{"hyriv_id":40313653,"system_id":"syr_darya","discharge_cms":362.207,"strahler_order":6,"channel_class":"perennial","in_headwater_formation":1},"geometry":{"type":"LineString","coordinates":[[72.20625,41.25208],[72.20208,41.23125]]}},{"type":"Feature","properties":{"hyriv_id":40314669,"system_id":"syr_darya","discharge_cms":362.247,"strahler_order":6,"channel_class":"perennial","in_headwater_formation":1},"geometry":{"type":"LineString","coordinates":[[72.18125,41.21875],[72.16458,41.19792]]}},{"type":"Feature","properties":{"hyriv_id":40313047,"system_id":"syr_darya","discharge_cms":362.255,"strahler_order":6,"channel_class":"perennial","in_headwater_formation":1},"geometry":{"type":"LineString","coordinates":[[72.19375,41.29792],[72.19375,41.28958],[72.21042,41.27708],[72.20208,41.26458],[72.20625,41.25208]]}},{"type":"Feature","properties":{"hyriv_id":40311120,"system_id":"syr_darya","discharge_cms":362.305,"strahler_order":6,"channel_class":"perennial","in_headwater_formation":1},"geometry":{"type":"LineString","coordinates":[[72.19792,41.31875],[72.19375,41.31458]]}},{"type":"Feature","properties":{"hyriv_id":40314009,"system_id":"syr_darya","discharge_cms":362.339,"strahler_order":6,"channel_class":"perennial","in_headwater_formation":1},"geometry":{"type":"LineString","coordinates":[[72.20208,41.23125],[72.19792,41.22292],[72.18125,41.21875]]}},{"type":"Feature","properties":{"hyriv_id":40311657,"system_id":"syr_darya","discharge_cms":362.429,"strahler_order":6,"channel_class":"perennial","in_headwater_formation":1},"geometry":{"type":"LineString","coordinates":[[72.19375,41.31458],[72.19375,41.29792]]}},{"type":"Feature","properties":{"hyriv_id":40151864,"system_id":"syr_darya","discharge_cms":362.454,"strahler_order":8,"channel_class":"perennial","in_headwater_formation":0},"geometry":{"type":"LineString","coordinates":[[61.04375,46.07292],[61.01875,46.09792],[60.99792,46.09792]]}},{"type":"Feature","properties":{"hyriv_id":40153210,"system_id":"syr_darya","discharge_cms":362.517,"strahler_order":8,"channel_class":"perennial","in_headwater_formation":0},"geometry":{"type":"LineString","coordinates":[[61.12292,46.03125],[61.09792,46.03125],[61.07292,46.04792],[61.06042,46.04792],[61.04375,46.07292]]}},{"type":"Feature","properties":{"hyriv_id":40153455,"system_id":"syr_darya","discharge_cms":362.633,"strahler_order":8,"channel_class":"perennial","in_headwater_formation":0},"geometry":{"type":"LineString","coordinates":[[61.16458,46.02708],[61.14792,46.02292],[61.12292,46.03125]]}},{"type":"Feature","properties":{"hyriv_id":40153323,"system_id":"syr_darya","discharge_cms":362.688,"strahler_order":8,"channel_class":"perennial","in_headwater_formation":0},"geometry":{"type":"LineString","coordinates":[[61.17292,46.02708],[61.16458,46.02708]]}},{"type":"Feature","properties":{"hyriv_id":40153324,"system_id":"syr_darya","discharge_cms":362.695,"strahler_order":8,"channel_class":"perennial","in_headwater_formation":0},"geometry":{"type":"LineString","coordinates":[[61.20625,46.03958],[61.18125,46.03542],[61.17292,46.02708]]}},{"type":"Feature","properties":{"hyriv_id":40152908,"system_id":"syr_darya","discharge_cms":362.738,"strahler_order":8,"channel_class":"perennial","in_headwater_formation":0},"geometry":{"type":"LineString","coordinates":[[61.26042,46.03958],[61.20625,46.03958]]}},{"type":"Feature","properties":{"hyriv_id":40152910,"system_id":"syr_darya","discharge_cms":362.795,"strahler_order":8,"channel_class":"perennial","in_headwater_formation":0},"geometry":{"type":"LineString","coordinates":[[61.33125,46.06042],[61.26042,46.03958]]}},{"type":"Feature","properties":{"hyriv_id":40151729,"system_id":"syr_darya","discharge_cms":362.875,"strahler_order":8,"channel_class":"perennial","in_headwater_formation":0},"geometry":{"type":"LineString","coordinates":[[61.36042,46.08542],[61.34792,46.07708]]}},{"type":"Feature","properties":{"hyriv_id":40151465,"system_id":"syr_darya","discharge_cms":362.882,"strahler_order":8,"channel_class":"perennial","in_headwater_formation":0},"geometry":{"type":"LineString","coordinates":[[61.37708,46.09375],[61.36042,46.08542]]}},{"type":"Feature","properties":{"hyriv_id":40152258,"system_id":"syr_darya","discharge_cms":362.889,"strahler_order":8,"channel_class":"perennial","in_headwater_formation":0},"geometry":{"type":"LineString","coordinates":[[61.34375,46.07292],[61.33125,46.06042]]}},{"type":"Feature","properties":{"hyriv_id":40151866,"system_id":"syr_darya","discharge_cms":362.899,"strahler_order":8,"channel_class":"perennial","in_headwater_formation":0},"geometry":{"type":"LineString","coordinates":[[61.34792,46.07708],[61.34375,46.07292]]}},{"type":"Feature","properties":{"hyriv_id":40151198,"system_id":"syr_darya","discharge_cms":362.906,"strahler_order":8,"channel_class":"perennial","in_headwater_formation":0},"geometry":{"type":"LineString","coordinates":[[61.43125,46.09792],[61.37708,46.09375]]}},{"type":"Feature","properties":{"hyriv_id":40151078,"system_id":"syr_darya","discharge_cms":362.995,"strahler_order":8,"channel_class":"perennial","in_headwater_formation":0},"geometry":{"type":"LineString","coordinates":[[61.46458,46.10625],[61.43125,46.09792]]}},{"type":"Feature","properties":{"hyriv_id":40150827,"system_id":"syr_darya","discharge_cms":363.042,"strahler_order":8,"channel_class":"perennial","in_headwater_formation":0},"geometry":{"type":"LineString","coordinates":[[61.50625,46.11458],[61.48542,46.11458],[61.46458,46.10625]]}},{"type":"Feature","properties":{"hyriv_id":40150945,"system_id":"syr_darya","discharge_cms":363.379,"strahler_order":8,"channel_class":"perennial","in_headwater_formation":0},"geometry":{"type":"LineString","coordinates":[[61.53125,46.10208],[61.50625,46.11458]]}},{"type":"Feature","properties":{"hyriv_id":40379299,"system_id":"amu_darya","discharge_cms":363.466,"strahler_order":5,"channel_class":"perennial","in_headwater_formation":1},"geometry":{"type":"LineString","coordinates":[[70.48542,39.05625],[70.48125,39.05625]]}},{"type":"Feature","properties":{"hyriv_id":40379297,"system_id":"amu_darya","discharge_cms":363.85,"strahler_order":5,"channel_class":"perennial","in_headwater_formation":1},"geometry":{"type":"LineString","coordinates":[[70.48125,39.05625],[70.46875,39.05625]]}},{"type":"Feature","properties":{"hyriv_id":40151079,"system_id":"syr_darya","discharge_cms":364.236,"strahler_order":8,"channel_class":"perennial","in_headwater_formation":0},"geometry":{"type":"LineString","coordinates":[[61.54375,46.09792],[61.53125,46.10208]]}},{"type":"Feature","properties":{"hyriv_id":40323623,"system_id":"syr_darya","discharge_cms":364.239,"strahler_order":6,"channel_class":"perennial","in_headwater_formation":1},"geometry":{"type":"LineString","coordinates":[[71.75625,40.91042],[71.75625,40.90208]]}},{"type":"Feature","properties":{"hyriv_id":40151081,"system_id":"syr_darya","discharge_cms":364.416,"strahler_order":8,"channel_class":"perennial","in_headwater_formation":0},"geometry":{"type":"LineString","coordinates":[[61.54792,46.09792],[61.54375,46.09792]]}},{"type":"Feature","properties":{"hyriv_id":40151200,"system_id":"syr_darya","discharge_cms":364.555,"strahler_order":8,"channel_class":"perennial","in_headwater_formation":0},"geometry":{"type":"LineString","coordinates":[[61.56458,46.09375],[61.54792,46.09792]]}},{"type":"Feature","properties":{"hyriv_id":40151201,"system_id":"syr_darya","discharge_cms":365.027,"strahler_order":8,"channel_class":"perennial","in_headwater_formation":0},"geometry":{"type":"LineString","coordinates":[[61.58542,46.09375],[61.56458,46.09375]]}},{"type":"Feature","properties":{"hyriv_id":40379296,"system_id":"amu_darya","discharge_cms":365.513,"strahler_order":5,"channel_class":"perennial","in_headwater_formation":1},"geometry":{"type":"LineString","coordinates":[[70.46875,39.05625],[70.44792,39.05625]]}},{"type":"Feature","properties":{"hyriv_id":40151202,"system_id":"syr_darya","discharge_cms":365.712,"strahler_order":8,"channel_class":"perennial","in_headwater_formation":0},"geometry":{"type":"LineString","coordinates":[[61.60208,46.09375],[61.58542,46.09375]]}},{"type":"Feature","properties":{"hyriv_id":40404616,"system_id":"amu_darya","discharge_cms":365.941,"strahler_order":7,"channel_class":"perennial","in_headwater_formation":1},"geometry":{"type":"LineString","coordinates":[[71.38125,38.20625],[71.38542,38.21875],[71.38125,38.24792]]}},{"type":"Feature","properties":{"hyriv_id":40151998,"system_id":"syr_darya","discharge_cms":366.277,"strahler_order":8,"channel_class":"perennial","in_headwater_formation":0},"geometry":{"type":"LineString","coordinates":[[61.68542,46.06875],[61.63125,46.07708],[61.60208,46.09375]]}},{"type":"Feature","properties":{"hyriv_id":40379808,"system_id":"amu_darya","discharge_cms":366.339,"strahler_order":5,"channel_class":"perennial","in_headwater_formation":1},"geometry":{"type":"LineString","coordinates":[[70.44792,39.05625],[70.43125,39.03958]]}},{"type":"Feature","properties":{"hyriv_id":40379926,"system_id":"amu_darya","discharge_cms":367.207,"strahler_order":5,"channel_class":"perennial","in_headwater_formation":1},"geometry":{"type":"LineString","coordinates":[[70.43125,39.03958],[70.40208,39.03542]]}},{"type":"Feature","properties":{"hyriv_id":40380045,"system_id":"amu_darya","discharge_cms":367.941,"strahler_order":5,"channel_class":"perennial","in_headwater_formation":1},"geometry":{"type":"LineString","coordinates":[[70.40208,39.03542],[70.39375,39.03125]]}},{"type":"Feature","properties":{"hyriv_id":40380387,"system_id":"amu_darya","discharge_cms":368.694,"strahler_order":5,"channel_class":"perennial","in_headwater_formation":1},"geometry":{"type":"LineString","coordinates":[[70.39375,39.03125],[70.37708,39.01875]]}},{"type":"Feature","properties":{"hyriv_id":40152413,"system_id":"syr_darya","discharge_cms":369.137,"strahler_order":8,"channel_class":"perennial","in_headwater_formation":0},"geometry":{"type":"LineString","coordinates":[[61.71875,46.05625],[61.68542,46.06875]]}},{"type":"Feature","properties":{"hyriv_id":40187924,"system_id":"syr_darya","discharge_cms":369.488,"strahler_order":8,"channel_class":"perennial","in_headwater_formation":0},"geometry":{"type":"LineString","coordinates":[[65.28125,44.98958],[65.25625,44.98542],[65.22292,44.96875],[65.20208,44.96875],[65.19792,44.97292],[65.20208,44.98125],[65.19375,44.98958],[65.17292,44.99375]]}},{"type":"Feature","properties":{"hyriv_id":40403459,"system_id":"amu_darya","discharge_cms":369.52,"strahler_order":7,"channel_class":"perennial","in_headwater_formation":1},"geometry":{"type":"LineString","coordinates":[[71.38125,38.24792],[71.36458,38.26875],[71.33125,38.27708]]}},{"type":"Feature","properties":{"hyriv_id":40380639,"system_id":"amu_darya","discharge_cms":369.81,"strahler_order":5,"channel_class":"perennial","in_headwater_formation":1},"geometry":{"type":"LineString","coordinates":[[70.37708,39.01875],[70.36458,39.01042]]}},{"type":"Feature","properties":{"hyriv_id":40152754,"system_id":"syr_darya","discharge_cms":370.279,"strahler_order":8,"channel_class":"perennial","in_headwater_formation":0},"geometry":{"type":"LineString","coordinates":[[61.73125,46.04375],[61.71875,46.05625]]}},{"type":"Feature","properties":{"hyriv_id":40402634,"system_id":"amu_darya","discharge_cms":370.638,"strahler_order":7,"channel_class":"perennial","in_headwater_formation":1},"geometry":{"type":"LineString","coordinates":[[71.33125,38.27708],[71.33125,38.29375]]}},{"type":"Feature","properties":{"hyriv_id":40155230,"system_id":"syr_darya","discharge_cms":370.843,"strahler_order":8,"channel_class":"perennial","in_headwater_formation":0},"geometry":{"type":"LineString","coordinates":[[61.83125,45.96458],[61.78958,45.97708],[61.77292,45.98958],[61.76458,45.99792],[61.76875,46.00625],[61.73125,46.04375]]}},{"type":"Feature","properties":{"hyriv_id":40402138,"system_id":"amu_darya","discharge_cms":371.656,"strahler_order":7,"channel_class":"perennial","in_headwater_formation":1},"geometry":{"type":"LineString","coordinates":[[71.33125,38.29375],[71.33125,38.30208]]}},{"type":"Feature","properties":{"hyriv_id":40380764,"system_id":"amu_darya","discharge_cms":372.928,"strahler_order":5,"channel_class":"perennial","in_headwater_formation":1},"geometry":{"type":"LineString","coordinates":[[70.36458,39.01042],[70.34375,39.00625]]}},{"type":"Feature","properties":{"hyriv_id":40155488,"system_id":"syr_darya","discharge_cms":373.178,"strahler_order":8,"channel_class":"perennial","in_headwater_formation":0},"geometry":{"type":"LineString","coordinates":[[61.83958,45.95625],[61.83125,45.96458]]}},{"type":"Feature","properties":{"hyriv_id":40380895,"system_id":"amu_darya","discharge_cms":374.008,"strahler_order":5,"channel_class":"perennial","in_headwater_formation":1},"geometry":{"type":"LineString","coordinates":[[70.34375,39.00625],[70.30625,39.00208]]}},{"type":"Feature","properties":{"hyriv_id":40381029,"system_id":"amu_darya","discharge_cms":374.656,"strahler_order":5,"channel_class":"perennial","in_headwater_formation":1},"geometry":{"type":"LineString","coordinates":[[70.30625,39.00208],[70.29792,38.99792]]}},{"type":"Feature","properties":{"hyriv_id":40381028,"system_id":"amu_darya","discharge_cms":376.439,"strahler_order":5,"channel_class":"perennial","in_headwater_formation":1},"geometry":{"type":"LineString","coordinates":[[70.29792,38.99792],[70.27708,39.00208]]}},{"type":"Feature","properties":{"hyriv_id":40380892,"system_id":"amu_darya","discharge_cms":376.777,"strahler_order":5,"channel_class":"perennial","in_headwater_formation":1},"geometry":{"type":"LineString","coordinates":[[70.27708,39.00208],[70.26875,39.00208]]}},{"type":"Feature","properties":{"hyriv_id":40380890,"system_id":"amu_darya","discharge_cms":377.199,"strahler_order":5,"channel_class":"perennial","in_headwater_formation":1},"geometry":{"type":"LineString","coordinates":[[70.26875,39.00208],[70.25625,39.00208]]}},{"type":"Feature","properties":{"hyriv_id":40381284,"system_id":"amu_darya","discharge_cms":380.015,"strahler_order":5,"channel_class":"perennial","in_headwater_formation":1},"geometry":{"type":"LineString","coordinates":[[70.25625,39.00208],[70.19375,38.98958]]}},{"type":"Feature","properties":{"hyriv_id":40381283,"system_id":"amu_darya","discharge_cms":382.343,"strahler_order":5,"channel_class":"perennial","in_headwater_formation":1},"geometry":{"type":"LineString","coordinates":[[70.19375,38.98958],[70.17708,38.99792],[70.16875,38.98958],[70.16042,38.99792]]}},{"type":"Feature","properties":{"hyriv_id":40345239,"system_id":"syr_darya","discharge_cms":397.089,"strahler_order":7,"channel_class":"perennial","in_headwater_formation":0},"geometry":{"type":"LineString","coordinates":[[69.26042,40.21458],[69.23958,40.23125],[69.21042,40.22292],[69.20625,40.22708],[69.21042,40.24375]]}},{"type":"Feature","properties":{"hyriv_id":40381169,"system_id":"amu_darya","discharge_cms":415.872,"strahler_order":5,"channel_class":"perennial","in_headwater_formation":1},"geometry":{"type":"LineString","coordinates":[[70.16042,38.99792],[70.15625,38.99375]]}},{"type":"Feature","properties":{"hyriv_id":40401886,"system_id":"amu_darya","discharge_cms":423.769,"strahler_order":7,"channel_class":"perennial","in_headwater_formation":1},"geometry":{"type":"LineString","coordinates":[[71.33125,38.30208],[71.30208,38.31042]]}},{"type":"Feature","properties":{"hyriv_id":40381406,"system_id":"amu_darya","discharge_cms":425.733,"strahler_order":5,"channel_class":"perennial","in_headwater_formation":1},"geometry":{"type":"LineString","coordinates":[[70.15625,38.99375],[70.14792,38.98542]]}},{"type":"Feature","properties":{"hyriv_id":40401652,"system_id":"amu_darya","discharge_cms":425.743,"strahler_order":7,"channel_class":"perennial","in_headwater_formation":1},"geometry":{"type":"LineString","coordinates":[[71.30208,38.31042],[71.27708,38.31458]]}},{"type":"Feature","properties":{"hyriv_id":40345497,"system_id":"syr_darya","discharge_cms":425.767,"strahler_order":7,"channel_class":"perennial","in_headwater_formation":0},"geometry":{"type":"LineString","coordinates":[[69.28125,40.20625],[69.26042,40.21458]]}},{"type":"Feature","properties":{"hyriv_id":40381904,"system_id":"amu_darya","discharge_cms":427.105,"strahler_order":5,"channel_class":"perennial","in_headwater_formation":1},"geometry":{"type":"LineString","coordinates":[[70.14792,38.98542],[70.13542,38.96875]]}},{"type":"Feature","properties":{"hyriv_id":40401651,"system_id":"amu_darya","discharge_cms":427.933,"strahler_order":7,"channel_class":"perennial","in_headwater_formation":1},"geometry":{"type":"LineString","coordinates":[[71.27708,38.31458],[71.25208,38.31042]]}},{"type":"Feature","properties":{"hyriv_id":40401650,"system_id":"amu_darya","discharge_cms":428.74,"strahler_order":7,"channel_class":"perennial","in_headwater_formation":1},"geometry":{"type":"LineString","coordinates":[[71.25208,38.31042],[71.24375,38.31875]]}},{"type":"Feature","properties":{"hyriv_id":40382597,"system_id":"amu_darya","discharge_cms":429.107,"strahler_order":5,"channel_class":"perennial","in_headwater_formation":1},"geometry":{"type":"LineString","coordinates":[[70.13542,38.96875],[70.12708,38.95208],[70.11458,38.94375]]}},{"type":"Feature","properties":{"hyriv_id":40345945,"system_id":"syr_darya","discharge_cms":430.003,"strahler_order":7,"channel_class":"perennial","in_headwater_formation":0},"geometry":{"type":"LineString","coordinates":[[69.30625,40.18958],[69.28125,40.20625]]}},{"type":"Feature","properties":{"hyriv_id":40382848,"system_id":"amu_darya","discharge_cms":430.603,"strahler_order":5,"channel_class":"perennial","in_headwater_formation":1},"geometry":{"type":"LineString","coordinates":[[70.11458,38.94375],[70.11458,38.93542]]}},{"type":"Feature","properties":{"hyriv_id":40401422,"system_id":"amu_darya","discharge_cms":430.627,"strahler_order":7,"channel_class":"perennial","in_headwater_formation":1},"geometry":{"type":"LineString","coordinates":[[71.24375,38.31875],[71.21875,38.32708]]}},{"type":"Feature","properties":{"hyriv_id":40383174,"system_id":"amu_darya","discharge_cms":431.431,"strahler_order":5,"channel_class":"perennial","in_headwater_formation":1},"geometry":{"type":"LineString","coordinates":[[70.11458,38.93542],[70.11042,38.92292]]}},{"type":"Feature","properties":{"hyriv_id":40187207,"system_id":"syr_darya","discharge_cms":431.587,"strahler_order":8,"channel_class":"perennial","in_headwater_formation":0},"geometry":{"type":"LineString","coordinates":[[65.29375,44.98958],[65.28125,44.98958]]}},{"type":"Feature","properties":{"hyriv_id":40188375,"system_id":"syr_darya","discharge_cms":433.422,"strahler_order":8,"channel_class":"perennial","in_headwater_formation":0},"geometry":{"type":"LineString","coordinates":[[65.32708,44.95625],[65.32708,44.96458],[65.31042,44.98125],[65.29375,44.98958]]}},{"type":"Feature","properties":{"hyriv_id":40383785,"system_id":"amu_darya","discharge_cms":434.126,"strahler_order":5,"channel_class":"perennial","in_headwater_formation":1},"geometry":{"type":"LineString","coordinates":[[70.11042,38.92292],[70.10208,38.91875],[70.10625,38.91458],[70.10208,38.90625],[70.09375,38.91042],[70.08125,38.90208]]}},{"type":"Feature","properties":{"hyriv_id":40327308,"system_id":"syr_darya","discharge_cms":434.198,"strahler_order":7,"channel_class":"perennial","in_headwater_formation":0},"geometry":{"type":"LineString","coordinates":[[71.05208,40.79375],[71.06042,40.78542]]}},{"type":"Feature","properties":{"hyriv_id":40327007,"system_id":"syr_darya","discharge_cms":434.711,"strahler_order":7,"channel_class":"perennial","in_headwater_formation":0},"geometry":{"type":"LineString","coordinates":[[71.03542,40.82708],[71.05208,40.79375]]}},{"type":"Feature","properties":{"hyriv_id":40383919,"system_id":"amu_darya","discharge_cms":434.913,"strahler_order":5,"channel_class":"perennial","in_headwater_formation":1},"geometry":{"type":"LineString","coordinates":[[70.08125,38.90208],[70.08125,38.89792]]}},{"type":"Feature","properties":{"hyriv_id":40401179,"system_id":"amu_darya","discharge_cms":435.41,"strahler_order":7,"channel_class":"perennial","in_headwater_formation":1},"geometry":{"type":"LineString","coordinates":[[71.21875,38.32708],[71.18542,38.36458]]}},{"type":"Feature","properties":{"hyriv_id":40326046,"system_id":"syr_darya","discharge_cms":436.57,"strahler_order":7,"channel_class":"perennial","in_headwater_formation":0},"geometry":{"type":"LineString","coordinates":[[71.07292,40.84792],[71.04375,40.84792],[71.03542,40.82708]]}},{"type":"Feature","properties":{"hyriv_id":40384706,"system_id":"amu_darya","discharge_cms":437.756,"strahler_order":5,"channel_class":"perennial","in_headwater_formation":1},"geometry":{"type":"LineString","coordinates":[[70.08125,38.89792],[70.07292,38.88125],[70.03542,38.87292]]}},{"type":"Feature","properties":{"hyriv_id":40384979,"system_id":"amu_darya","discharge_cms":438.592,"strahler_order":5,"channel_class":"perennial","in_headwater_formation":1},"geometry":{"type":"LineString","coordinates":[[70.03542,38.87292],[70.02292,38.86458]]}},{"type":"Feature","properties":{"hyriv_id":40325521,"system_id":"syr_darya","discharge_cms":439.019,"strahler_order":7,"channel_class":"perennial","in_headwater_formation":0},"geometry":{"type":"LineString","coordinates":[[71.11458,40.84375],[71.07292,40.84792]]}},{"type":"Feature","properties":{"hyriv_id":40345946,"system_id":"syr_darya","discharge_cms":439.975,"strahler_order":7,"channel_class":"perennial","in_headwater_formation":0},"geometry":{"type":"LineString","coordinates":[[69.31875,40.18958],[69.30625,40.18958]]}},{"type":"Feature","properties":{"hyriv_id":40325665,"system_id":"syr_darya","discharge_cms":440.797,"strahler_order":7,"channel_class":"perennial","in_headwater_formation":0},"geometry":{"type":"LineString","coordinates":[[71.13958,40.84375],[71.11875,40.83958],[71.11458,40.84375]]}},{"type":"Feature","properties":{"hyriv_id":40325525,"system_id":"syr_darya","discharge_cms":441.343,"strahler_order":7,"channel_class":"perennial","in_headwater_formation":0},"geometry":{"type":"LineString","coordinates":[[71.21458,40.86042],[71.20625,40.85208],[71.19375,40.85208],[71.18958,40.84375]]}},{"type":"Feature","properties":{"hyriv_id":40400123,"system_id":"amu_darya","discharge_cms":441.625,"strahler_order":7,"channel_class":"perennial","in_headwater_formation":1},"geometry":{"type":"LineString","coordinates":[[71.18542,38.36458],[71.15208,38.39375]]}},{"type":"Feature","properties":{"hyriv_id":40399277,"system_id":"amu_darya","discharge_cms":442.041,"strahler_order":7,"channel_class":"perennial","in_headwater_formation":1},"geometry":{"type":"LineString","coordinates":[[71.15208,38.39375],[71.15208,38.39792]]}},{"type":"Feature","properties":{"hyriv_id":40325296,"system_id":"syr_darya","discharge_cms":442.054,"strahler_order":7,"channel_class":"perennial","in_headwater_formation":0},"geometry":{"type":"LineString","coordinates":[[71.25208,40.86458],[71.23542,40.85208],[71.21458,40.86042]]}},{"type":"Feature","properties":{"hyriv_id":40326047,"system_id":"syr_darya","discharge_cms":442.302,"strahler_order":7,"channel_class":"perennial","in_headwater_formation":0},"geometry":{"type":"LineString","coordinates":[[71.18958,40.84375],[71.19375,40.83542],[71.18542,40.82708],[71.16042,40.82708],[71.13958,40.84375]]}},{"type":"Feature","properties":{"hyriv_id":40345948,"system_id":"syr_darya","discharge_cms":442.52,"strahler_order":7,"channel_class":"perennial","in_headwater_formation":0},"geometry":{"type":"LineString","coordinates":[[69.34792,40.19792],[69.32708,40.18958]]}},{"type":"Feature","properties":{"hyriv_id":40399147,"system_id":"amu_darya","discharge_cms":443.938,"strahler_order":7,"channel_class":"perennial","in_headwater_formation":1},"geometry":{"type":"LineString","coordinates":[[71.15208,38.39792],[71.14792,38.40208],[71.13125,38.39792]]}},{"type":"Feature","properties":{"hyriv_id":40325040,"system_id":"syr_darya","discharge_cms":444.226,"strahler_order":7,"channel_class":"perennial","in_headwater_formation":0},"geometry":{"type":"LineString","coordinates":[[71.28125,40.87292],[71.26875,40.86042],[71.25208,40.86458]]}},{"type":"Feature","properties":{"hyriv_id":40399146,"system_id":"amu_darya","discharge_cms":444.328,"strahler_order":7,"channel_class":"perennial","in_headwater_formation":1},"geometry":{"type":"LineString","coordinates":[[71.13125,38.39792],[71.12708,38.40208]]}},{"type":"Feature","properties":{"hyriv_id":40345947,"system_id":"syr_darya","discharge_cms":444.978,"strahler_order":7,"channel_class":"perennial","in_headwater_formation":0},"geometry":{"type":"LineString","coordinates":[[69.32708,40.18958],[69.31875,40.18958]]}},{"type":"Feature","properties":{"hyriv_id":40324616,"system_id":"syr_darya","discharge_cms":445.817,"strahler_order":7,"channel_class":"perennial","in_headwater_formation":0},"geometry":{"type":"LineString","coordinates":[[71.57708,40.87708],[71.57292,40.87292],[71.54792,40.87708]]}},{"type":"Feature","properties":{"hyriv_id":40325041,"system_id":"syr_darya","discharge_cms":446.032,"strahler_order":7,"channel_class":"perennial","in_headwater_formation":0},"geometry":{"type":"LineString","coordinates":[[71.32292,40.88125],[71.31458,40.86042],[71.29375,40.87708],[71.28125,40.87292]]}},{"type":"Feature","properties":{"hyriv_id":40324445,"system_id":"syr_darya","discharge_cms":447.0,"strahler_order":7,"channel_class":"perennial","in_headwater_formation":0},"geometry":{"type":"LineString","coordinates":[[71.59792,40.88958],[71.57708,40.87708]]}},{"type":"Feature","properties":{"hyriv_id":40324758,"system_id":"syr_darya","discharge_cms":447.604,"strahler_order":7,"channel_class":"perennial","in_headwater_formation":1},"geometry":{"type":"LineString","coordinates":[[71.67708,40.87708],[71.66875,40.86875],[71.63958,40.87708],[71.60625,40.87292],[71.59792,40.88958]]}},{"type":"Feature","properties":{"hyriv_id":40324328,"system_id":"syr_darya","discharge_cms":447.776,"strahler_order":7,"channel_class":"perennial","in_headwater_formation":0},"geometry":{"type":"LineString","coordinates":[[71.36458,40.88542],[71.33958,40.89375],[71.32292,40.88125]]}},{"type":"Feature","properties":{"hyriv_id":40327428,"system_id":"syr_darya","discharge_cms":447.9,"strahler_order":7,"channel_class":"perennial","in_headwater_formation":0},"geometry":{"type":"LineString","coordinates":[[71.04375,40.78125],[71.01875,40.81875],[70.98958,40.81875]]}},{"type":"Feature","properties":{"hyriv_id":40399031,"system_id":"amu_darya","discharge_cms":447.992,"strahler_order":7,"channel_class":"perennial","in_headwater_formation":1},"geometry":{"type":"LineString","coordinates":[[71.12708,38.40208],[71.10625,38.41042],[71.11042,38.41875],[71.10625,38.42292]]}},{"type":"Feature","properties":{"hyriv_id":40326757,"system_id":"syr_darya","discharge_cms":448.372,"strahler_order":7,"channel_class":"perennial","in_headwater_formation":0},"geometry":{"type":"LineString","coordinates":[[70.98958,40.81875],[70.96875,40.80208]]}},{"type":"Feature","properties":{"hyriv_id":40327307,"system_id":"syr_darya","discharge_cms":448.451,"strahler_order":7,"channel_class":"perennial","in_headwater_formation":0},"geometry":{"type":"LineString","coordinates":[[70.96875,40.80208],[70.94792,40.78542]]}},{"type":"Feature","properties":{"hyriv_id":40327677,"system_id":"syr_darya","discharge_cms":448.637,"strahler_order":7,"channel_class":"perennial","in_headwater_formation":0},"geometry":{"type":"LineString","coordinates":[[70.94792,40.78542],[70.93125,40.77292]]}},{"type":"Feature","properties":{"hyriv_id":40327796,"system_id":"syr_darya","discharge_cms":448.839,"strahler_order":7,"channel_class":"perennial","in_headwater_formation":0},"geometry":{"type":"LineString","coordinates":[[70.93125,40.77292],[70.92708,40.76875]]}},{"type":"Feature","properties":{"hyriv_id":40328277,"system_id":"syr_darya","discharge_cms":448.861,"strahler_order":7,"channel_class":"perennial","in_headwater_formation":0},"geometry":{"type":"LineString","coordinates":[[70.92708,40.76875],[70.90625,40.75208]]}},{"type":"Feature","properties":{"hyriv_id":40328770,"system_id":"syr_darya","discharge_cms":449.024,"strahler_order":7,"channel_class":"perennial","in_headwater_formation":0},"geometry":{"type":"LineString","coordinates":[[70.90625,40.75208],[70.88958,40.73542]]}},{"type":"Feature","properties":{"hyriv_id":40324897,"system_id":"syr_darya","discharge_cms":450.341,"strahler_order":7,"channel_class":"perennial","in_headwater_formation":0},"geometry":{"type":"LineString","coordinates":[[71.41042,40.88542],[71.39375,40.86458],[71.38125,40.88125],[71.36458,40.88542]]}},{"type":"Feature","properties":{"hyriv_id":40345742,"system_id":"syr_darya","discharge_cms":450.442,"strahler_order":7,"channel_class":"perennial","in_headwater_formation":0},"geometry":{"type":"LineString","coordinates":[[69.41042,40.20625],[69.34792,40.19792]]}},{"type":"Feature","properties":{"hyriv_id":40324447,"system_id":"syr_darya","discharge_cms":451.176,"strahler_order":7,"channel_class":"perennial","in_headwater_formation":1},"geometry":{"type":"LineString","coordinates":[[71.68542,40.88125],[71.67708,40.87708]]}},{"type":"Feature","properties":{"hyriv_id":40324333,"system_id":"syr_darya","discharge_cms":451.516,"strahler_order":7,"channel_class":"perennial","in_headwater_formation":1},"geometry":{"type":"LineString","coordinates":[[71.75625,40.90208],[71.72708,40.89792],[71.71875,40.88542],[71.70208,40.89375],[71.68542,40.88125]]}},{"type":"Feature","properties":{"hyriv_id":40327532,"system_id":"syr_darya","discharge_cms":451.7,"strahler_order":7,"channel_class":"perennial","in_headwater_formation":0},"geometry":{"type":"LineString","coordinates":[[71.05208,40.77708],[71.04375,40.78125]]}},{"type":"Feature","properties":{"hyriv_id":40327533,"system_id":"syr_darya","discharge_cms":452.255,"strahler_order":7,"channel_class":"perennial","in_headwater_formation":0},"geometry":{"type":"LineString","coordinates":[[71.06042,40.78542],[71.05208,40.77708]]}},{"type":"Feature","properties":{"hyriv_id":40328906,"system_id":"syr_darya","discharge_cms":452.507,"strahler_order":7,"channel_class":"perennial","in_headwater_formation":0},"geometry":{"type":"LineString","coordinates":[[70.88958,40.73542],[70.88125,40.73125]]}},{"type":"Feature","properties":{"hyriv_id":40328905,"system_id":"syr_darya","discharge_cms":452.53,"strahler_order":7,"channel_class":"perennial","in_headwater_formation":0},"geometry":{"type":"LineString","coordinates":[[70.88125,40.73125],[70.85625,40.73125]]}},{"type":"Feature","properties":{"hyriv_id":40324184,"system_id":"syr_darya","discharge_cms":453.685,"strahler_order":7,"channel_class":"perennial","in_headwater_formation":0},"geometry":{"type":"LineString","coordinates":[[71.41875,40.88542],[71.41042,40.88542]]}},{"type":"Feature","properties":{"hyriv_id":40324329,"system_id":"syr_darya","discharge_cms":454.053,"strahler_order":7,"channel_class":"perennial","in_headwater_formation":0},"geometry":{"type":"LineString","coordinates":[[71.43958,40.88125],[71.41875,40.88542]]}},{"type":"Feature","properties":{"hyriv_id":40399145,"system_id":"amu_darya","discharge_cms":454.615,"strahler_order":7,"channel_class":"perennial","in_headwater_formation":1},"geometry":{"type":"LineString","coordinates":[[71.10625,38.42292],[71.08958,38.42292],[71.07292,38.41458],[71.06458,38.39792],[71.05625,38.40208]]}},{"type":"Feature","properties":{"hyriv_id":40191636,"system_id":"syr_darya","discharge_cms":454.78,"strahler_order":8,"channel_class":"perennial","in_headwater_formation":0},"geometry":{"type":"LineString","coordinates":[[65.43958,44.86042],[65.43125,44.86042],[65.41875,44.87292],[65.40208,44.86875],[65.36875,44.90625],[65.36458,44.91875],[65.34375,44.92292],[65.32708,44.95625]]}},{"type":"Feature","properties":{"hyriv_id":40399030,"system_id":"amu_darya","discharge_cms":455.337,"strahler_order":7,"channel_class":"perennial","in_headwater_formation":1},"geometry":{"type":"LineString","coordinates":[[71.05625,38.40208],[71.04792,38.41042]]}},{"type":"Feature","properties":{"hyriv_id":40324330,"system_id":"syr_darya","discharge_cms":455.344,"strahler_order":7,"channel_class":"perennial","in_headwater_formation":0},"geometry":{"type":"LineString","coordinates":[[71.46042,40.88542],[71.43958,40.88125]]}},{"type":"Feature","properties":{"hyriv_id":40324331,"system_id":"syr_darya","discharge_cms":456.604,"strahler_order":7,"channel_class":"perennial","in_headwater_formation":0},"geometry":{"type":"LineString","coordinates":[[71.47708,40.88125],[71.46042,40.88542]]}},{"type":"Feature","properties":{"hyriv_id":40324755,"system_id":"syr_darya","discharge_cms":457.629,"strahler_order":7,"channel_class":"perennial","in_headwater_formation":0},"geometry":{"type":"LineString","coordinates":[[71.50208,40.87292],[71.48542,40.86875],[71.47708,40.88125]]}},{"type":"Feature","properties":{"hyriv_id":40398800,"system_id":"amu_darya","discharge_cms":458.271,"strahler_order":7,"channel_class":"perennial","in_headwater_formation":1},"geometry":{"type":"LineString","coordinates":[[71.04792,38.41042],[71.03958,38.42708],[71.03958,38.44375]]}},{"type":"Feature","properties":{"hyriv_id":40397722,"system_id":"amu_darya","discharge_cms":459.229,"strahler_order":7,"channel_class":"perennial","in_headwater_formation":1},"geometry":{"type":"LineString","coordinates":[[71.03958,38.44375],[71.03125,38.45208]]}},{"type":"Feature","properties":{"hyriv_id":40324756,"system_id":"syr_darya","discharge_cms":459.353,"strahler_order":7,"channel_class":"perennial","in_headwater_formation":0},"geometry":{"type":"LineString","coordinates":[[71.52708,40.86875],[71.50208,40.87292]]}},{"type":"Feature","properties":{"hyriv_id":40324757,"system_id":"syr_darya","discharge_cms":460.421,"strahler_order":7,"channel_class":"perennial","in_headwater_formation":0},"geometry":{"type":"LineString","coordinates":[[71.54792,40.87708],[71.52708,40.86875]]}},{"type":"Feature","properties":{"hyriv_id":40397441,"system_id":"amu_darya","discharge_cms":460.722,"strahler_order":7,"channel_class":"perennial","in_headwater_formation":1},"geometry":{"type":"LineString","coordinates":[[71.03125,38.45208],[71.02292,38.46875]]}},{"type":"Feature","properties":{"hyriv_id":40329020,"system_id":"syr_darya","discharge_cms":467.974,"strahler_order":7,"channel_class":"perennial","in_headwater_formation":0},"geometry":{"type":"LineString","coordinates":[[70.85625,40.73125],[70.84792,40.72708],[70.83542,40.73125]]}},{"type":"Feature","properties":{"hyriv_id":40329143,"system_id":"syr_darya","discharge_cms":468.011,"strahler_order":7,"channel_class":"perennial","in_headwater_formation":0},"geometry":{"type":"LineString","coordinates":[[70.83542,40.73125],[70.81042,40.72292]]}},{"type":"Feature","properties":{"hyriv_id":40329141,"system_id":"syr_darya","discharge_cms":468.033,"strahler_order":7,"channel_class":"perennial","in_headwater_formation":0},"geometry":{"type":"LineString","coordinates":[[70.81042,40.72292],[70.79792,40.72292]]}},{"type":"Feature","properties":{"hyriv_id":40396913,"system_id":"amu_darya","discharge_cms":468.539,"strahler_order":7,"channel_class":"perennial","in_headwater_formation":1},"geometry":{"type":"LineString","coordinates":[[71.02292,38.46875],[71.00625,38.47292],[70.99375,38.48958],[70.96458,38.47708]]}},{"type":"Feature","properties":{"hyriv_id":40329685,"system_id":"syr_darya","discharge_cms":469.26,"strahler_order":7,"channel_class":"perennial","in_headwater_formation":0},"geometry":{"type":"LineString","coordinates":[[70.79792,40.72292],[70.78125,40.71875],[70.77708,40.70625]]}},{"type":"Feature","properties":{"hyriv_id":40329791,"system_id":"syr_darya","discharge_cms":469.279,"strahler_order":7,"channel_class":"perennial","in_headwater_formation":0},"geometry":{"type":"LineString","coordinates":[[70.77708,40.70625],[70.77292,40.70208]]}},{"type":"Feature","properties":{"hyriv_id":40330045,"system_id":"syr_darya","discharge_cms":469.358,"strahler_order":7,"channel_class":"perennial","in_headwater_formation":0},"geometry":{"type":"LineString","coordinates":[[70.77292,40.70208],[70.75208,40.69375]]}},{"type":"Feature","properties":{"hyriv_id":40330149,"system_id":"syr_darya","discharge_cms":469.477,"strahler_order":7,"channel_class":"perennial","in_headwater_formation":0},"geometry":{"type":"LineString","coordinates":[[70.75208,40.69375],[70.73958,40.68958]]}},{"type":"Feature","properties":{"hyriv_id":40396617,"system_id":"amu_darya","discharge_cms":469.98,"strahler_order":7,"channel_class":"perennial","in_headwater_formation":1},"geometry":{"type":"LineString","coordinates":[[70.96458,38.47708],[70.96042,38.47708]]}},{"type":"Feature","properties":{"hyriv_id":40330947,"system_id":"syr_darya","discharge_cms":471.65,"strahler_order":7,"channel_class":"perennial","in_headwater_formation":0},"geometry":{"type":"LineString","coordinates":[[70.73958,40.68958],[70.73125,40.68542],[70.73542,40.66458]]}},{"type":"Feature","properties":{"hyriv_id":40331202,"system_id":"syr_darya","discharge_cms":471.696,"strahler_order":7,"channel_class":"perennial","in_headwater_formation":0},"geometry":{"type":"LineString","coordinates":[[70.73542,40.66458],[70.73125,40.65625],[70.70625,40.66458]]}},{"type":"Feature","properties":{"hyriv_id":40330945,"system_id":"syr_darya","discharge_cms":471.831,"strahler_order":7,"channel_class":"perennial","in_headwater_formation":0},"geometry":{"type":"LineString","coordinates":[[70.70625,40.66458],[70.70208,40.66458]]}},{"type":"Feature","properties":{"hyriv_id":40331470,"system_id":"syr_darya","discharge_cms":471.88,"strahler_order":7,"channel_class":"perennial","in_headwater_formation":0},"geometry":{"type":"LineString","coordinates":[[70.70208,40.66458],[70.67708,40.64792]]}},{"type":"Feature","properties":{"hyriv_id":40397867,"system_id":"amu_darya","discharge_cms":473.06,"strahler_order":7,"channel_class":"perennial","in_headwater_formation":1},"geometry":{"type":"LineString","coordinates":[[70.96042,38.47708],[70.94375,38.47292],[70.96042,38.45625],[70.96042,38.44375],[70.95208,38.43958]]}},{"type":"Feature","properties":{"hyriv_id":40398148,"system_id":"amu_darya","discharge_cms":474.84,"strahler_order":7,"channel_class":"perennial","in_headwater_formation":1},"geometry":{"type":"LineString","coordinates":[[70.95208,38.43958],[70.93958,38.44375],[70.93125,38.43125]]}},{"type":"Feature","properties":{"hyriv_id":40345356,"system_id":"syr_darya","discharge_cms":474.92,"strahler_order":7,"channel_class":"perennial","in_headwater_formation":0},"geometry":{"type":"LineString","coordinates":[[69.42292,40.21875],[69.41458,40.21042]]}},{"type":"Feature","properties":{"hyriv_id":40345498,"system_id":"syr_darya","discharge_cms":475.185,"strahler_order":7,"channel_class":"perennial","in_headwater_formation":0},"geometry":{"type":"LineString","coordinates":[[69.41458,40.21042],[69.41042,40.20625]]}},{"type":"Feature","properties":{"hyriv_id":40398147,"system_id":"amu_darya","discharge_cms":475.643,"strahler_order":7,"channel_class":"perennial","in_headwater_formation":1},"geometry":{"type":"LineString","coordinates":[[70.93125,38.43125],[70.91458,38.43542]]}},{"type":"Feature","properties":{"hyriv_id":40331891,"system_id":"syr_darya","discharge_cms":476.297,"strahler_order":7,"channel_class":"perennial","in_headwater_formation":0},"geometry":{"type":"LineString","coordinates":[[70.67708,40.64792],[70.66458,40.63542]]}},{"type":"Feature","properties":{"hyriv_id":40332302,"system_id":"syr_darya","discharge_cms":476.439,"strahler_order":7,"channel_class":"perennial","in_headwater_formation":0},"geometry":{"type":"LineString","coordinates":[[70.66458,40.63542],[70.63542,40.62292]]}},{"type":"Feature","properties":{"hyriv_id":40333584,"system_id":"syr_darya","discharge_cms":476.507,"strahler_order":7,"channel_class":"perennial","in_headwater_formation":0},"geometry":{"type":"LineString","coordinates":[[70.63542,40.62292],[70.59792,40.58958],[70.59792,40.58125]]}},{"type":"Feature","properties":{"hyriv_id":40398027,"system_id":"amu_darya","discharge_cms":477.404,"strahler_order":7,"channel_class":"perennial","in_headwater_formation":1},"geometry":{"type":"LineString","coordinates":[[70.91458,38.43542],[70.88958,38.46875]]}},{"type":"Feature","properties":{"hyriv_id":40345114,"system_id":"syr_darya","discharge_cms":478.036,"strahler_order":7,"channel_class":"perennial","in_headwater_formation":0},"geometry":{"type":"LineString","coordinates":[[69.46458,40.23125],[69.43542,40.22708],[69.42292,40.21875]]}},{"type":"Feature","properties":{"hyriv_id":40396911,"system_id":"amu_darya","discharge_cms":478.051,"strahler_order":7,"channel_class":"perennial","in_headwater_formation":1},"geometry":{"type":"LineString","coordinates":[[70.88958,38.46875],[70.87708,38.46875]]}},{"type":"Feature","properties":{"hyriv_id":40333867,"system_id":"syr_darya","discharge_cms":479.521,"strahler_order":7,"channel_class":"perennial","in_headwater_formation":0},"geometry":{"type":"LineString","coordinates":[[70.59792,40.58125],[70.58958,40.57292]]}},{"type":"Feature","properties":{"hyriv_id":40334090,"system_id":"syr_darya","discharge_cms":479.583,"strahler_order":7,"channel_class":"perennial","in_headwater_formation":0},"geometry":{"type":"LineString","coordinates":[[70.58958,40.57292],[70.56875,40.56458]]}},{"type":"Feature","properties":{"hyriv_id":40334631,"system_id":"syr_darya","discharge_cms":479.724,"strahler_order":7,"channel_class":"perennial","in_headwater_formation":0},"geometry":{"type":"LineString","coordinates":[[70.56875,40.56458],[70.54792,40.55625],[70.52292,40.55625],[70.51458,40.54792]]}},{"type":"Feature","properties":{"hyriv_id":40397866,"system_id":"amu_darya","discharge_cms":480.297,"strahler_order":7,"channel_class":"perennial","in_headwater_formation":1},"geometry":{"type":"LineString","coordinates":[[70.87708,38.46875],[70.85625,38.45625],[70.86042,38.44792],[70.85208,38.43958],[70.84375,38.44375]]}},{"type":"Feature","properties":{"hyriv_id":40335805,"system_id":"syr_darya","discharge_cms":486.558,"strahler_order":7,"channel_class":"perennial","in_headwater_formation":0},"geometry":{"type":"LineString","coordinates":[[70.51458,40.54792],[70.49375,40.51458]]}},{"type":"Feature","properties":{"hyriv_id":40336229,"system_id":"syr_darya","discharge_cms":486.585,"strahler_order":7,"channel_class":"perennial","in_headwater_formation":0},"geometry":{"type":"LineString","coordinates":[[70.49375,40.51458],[70.47708,40.50208]]}},{"type":"Feature","properties":{"hyriv_id":40337751,"system_id":"syr_darya","discharge_cms":486.694,"strahler_order":7,"channel_class":"perennial","in_headwater_formation":0},"geometry":{"type":"LineString","coordinates":[[70.47292,40.50208],[70.45208,40.50208],[70.38958,40.47708],[70.36875,40.47708],[70.33125,40.45625]]}},{"type":"Feature","properties":{"hyriv_id":40336228,"system_id":"syr_darya","discharge_cms":486.726,"strahler_order":7,"channel_class":"perennial","in_headwater_formation":0},"geometry":{"type":"LineString","coordinates":[[70.47708,40.50208],[70.47292,40.50208]]}},{"type":"Feature","properties":{"hyriv_id":40338536,"system_id":"syr_darya","discharge_cms":486.731,"strahler_order":7,"channel_class":"perennial","in_headwater_formation":0},"geometry":{"type":"LineString","coordinates":[[70.33125,40.45625],[70.33542,40.43125]]}},{"type":"Feature","properties":{"hyriv_id":40341152,"system_id":"syr_darya","discharge_cms":486.762,"strahler_order":7,"channel_class":"perennial","in_headwater_formation":0},"geometry":{"type":"LineString","coordinates":[[70.33542,40.43125],[70.33958,40.41875],[70.31458,40.40208],[70.31042,40.38125],[70.29375,40.37292],[70.27708,40.34792]]}},{"type":"Feature","properties":{"hyriv_id":40341880,"system_id":"syr_darya","discharge_cms":486.938,"strahler_order":7,"channel_class":"perennial","in_headwater_formation":0},"geometry":{"type":"LineString","coordinates":[[70.27708,40.34792],[70.25208,40.34375],[70.23958,40.33125],[70.18542,40.32292]]}},{"type":"Feature","properties":{"hyriv_id":40342030,"system_id":"syr_darya","discharge_cms":490.817,"strahler_order":7,"channel_class":"perennial","in_headwater_formation":0},"geometry":{"type":"LineString","coordinates":[[70.18542,40.32292],[70.18125,40.31875]]}},{"type":"Feature","properties":{"hyriv_id":40342271,"system_id":"syr_darya","discharge_cms":492.208,"strahler_order":7,"channel_class":"perennial","in_headwater_formation":0},"geometry":{"type":"LineString","coordinates":[[70.18125,40.31875],[70.12708,40.31042]]}},{"type":"Feature","properties":{"hyriv_id":40342556,"system_id":"syr_darya","discharge_cms":492.278,"strahler_order":7,"channel_class":"perennial","in_headwater_formation":0},"geometry":{"type":"LineString","coordinates":[[70.12708,40.31042],[70.09792,40.30208]]}},{"type":"Feature","properties":{"hyriv_id":40342971,"system_id":"syr_darya","discharge_cms":492.834,"strahler_order":7,"channel_class":"perennial","in_headwater_formation":0},"geometry":{"type":"LineString","coordinates":[[70.08125,40.29792],[70.02292,40.28958]]}},{"type":"Feature","properties":{"hyriv_id":40342689,"system_id":"syr_darya","discharge_cms":492.845,"strahler_order":7,"channel_class":"perennial","in_headwater_formation":0},"geometry":{"type":"LineString","coordinates":[[70.09792,40.30208],[70.08125,40.29792]]}},{"type":"Feature","properties":{"hyriv_id":40343460,"system_id":"syr_darya","discharge_cms":492.932,"strahler_order":7,"channel_class":"perennial","in_headwater_formation":0},"geometry":{"type":"LineString","coordinates":[[70.02292,40.28958],[69.92292,40.27292]]}},{"type":"Feature","properties":{"hyriv_id":40343458,"system_id":"syr_darya","discharge_cms":492.973,"strahler_order":7,"channel_class":"perennial","in_headwater_formation":0},"geometry":{"type":"LineString","coordinates":[[69.92292,40.27292],[69.88125,40.27292]]}},{"type":"Feature","properties":{"hyriv_id":40344765,"system_id":"syr_darya","discharge_cms":493.414,"strahler_order":7,"channel_class":"perennial","in_headwater_formation":0},"geometry":{"type":"LineString","coordinates":[[69.49375,40.23542],[69.46458,40.23125]]}},{"type":"Feature","properties":{"hyriv_id":40343457,"system_id":"syr_darya","discharge_cms":493.477,"strahler_order":7,"channel_class":"perennial","in_headwater_formation":0},"geometry":{"type":"LineString","coordinates":[[69.88125,40.27292],[69.85625,40.27292]]}},{"type":"Feature","properties":{"hyriv_id":40343455,"system_id":"syr_darya","discharge_cms":493.545,"strahler_order":7,"channel_class":"perennial","in_headwater_formation":0},"geometry":{"type":"LineString","coordinates":[[69.85625,40.27292],[69.83958,40.27292]]}},{"type":"Feature","properties":{"hyriv_id":40343454,"system_id":"syr_darya","discharge_cms":494.059,"strahler_order":7,"channel_class":"perennial","in_headwater_formation":0},"geometry":{"type":"LineString","coordinates":[[69.83958,40.27292],[69.81458,40.27708],[69.80208,40.30208]]}},{"type":"Feature","properties":{"hyriv_id":40342554,"system_id":"syr_darya","discharge_cms":496.771,"strahler_order":7,"channel_class":"perennial","in_headwater_formation":0},"geometry":{"type":"LineString","coordinates":[[69.80208,40.30208],[69.78542,40.30208]]}},{"type":"Feature","properties":{"hyriv_id":40343453,"system_id":"syr_darya","discharge_cms":496.941,"strahler_order":7,"channel_class":"perennial","in_headwater_formation":0},"geometry":{"type":"LineString","coordinates":[[69.78542,40.30208],[69.77708,40.29375],[69.78542,40.28125],[69.77708,40.27292],[69.76458,40.27292],[69.74375,40.29375]]}},{"type":"Feature","properties":{"hyriv_id":40342837,"system_id":"syr_darya","discharge_cms":497.027,"strahler_order":7,"channel_class":"perennial","in_headwater_formation":0},"geometry":{"type":"LineString","coordinates":[[69.74375,40.29375],[69.72292,40.29792]]}},{"type":"Feature","properties":{"hyriv_id":40342686,"system_id":"syr_darya","discharge_cms":497.48,"strahler_order":7,"channel_class":"perennial","in_headwater_formation":0},"geometry":{"type":"LineString","coordinates":[[69.72292,40.29792],[69.70625,40.29792]]}},{"type":"Feature","properties":{"hyriv_id":40397721,"system_id":"amu_darya","discharge_cms":497.818,"strahler_order":7,"channel_class":"perennial","in_headwater_formation":1},"geometry":{"type":"LineString","coordinates":[[70.84375,38.44375],[70.83125,38.45208]]}},{"type":"Feature","properties":{"hyriv_id":40342836,"system_id":"syr_darya","discharge_cms":498.135,"strahler_order":7,"channel_class":"perennial","in_headwater_formation":0},"geometry":{"type":"LineString","coordinates":[[69.70625,40.29792],[69.68125,40.29375]]}},{"type":"Feature","properties":{"hyriv_id":40342835,"system_id":"syr_darya","discharge_cms":498.225,"strahler_order":7,"channel_class":"perennial","in_headwater_formation":0},"geometry":{"type":"LineString","coordinates":[[69.68125,40.29375],[69.67292,40.29375]]}},{"type":"Feature","properties":{"hyriv_id":40342834,"system_id":"syr_darya","discharge_cms":498.259,"strahler_order":7,"channel_class":"perennial","in_headwater_formation":0},"geometry":{"type":"LineString","coordinates":[[69.67292,40.29375],[69.66042,40.30208]]}},{"type":"Feature","properties":{"hyriv_id":40342833,"system_id":"syr_darya","discharge_cms":498.321,"strahler_order":7,"channel_class":"perennial","in_headwater_formation":0},"geometry":{"type":"LineString","coordinates":[[69.66042,40.30208],[69.63542,40.29375]]}},{"type":"Feature","properties":{"hyriv_id":40342968,"system_id":"syr_darya","discharge_cms":498.355,"strahler_order":7,"channel_class":"perennial","in_headwater_formation":0},"geometry":{"type":"LineString","coordinates":[[69.63542,40.29375],[69.62292,40.28958]]}},{"type":"Feature","properties":{"hyriv_id":40343743,"system_id":"syr_darya","discharge_cms":498.448,"strahler_order":7,"channel_class":"perennial","in_headwater_formation":0},"geometry":{"type":"LineString","coordinates":[[69.62292,40.28958],[69.60208,40.28958],[69.58125,40.26458]]}},{"type":"Feature","properties":{"hyriv_id":40344147,"system_id":"syr_darya","discharge_cms":498.529,"strahler_order":7,"channel_class":"perennial","in_headwater_formation":0},"geometry":{"type":"LineString","coordinates":[[69.58125,40.26458],[69.56458,40.25208]]}},{"type":"Feature","properties":{"hyriv_id":40397720,"system_id":"amu_darya","discharge_cms":500.117,"strahler_order":7,"channel_class":"perennial","in_headwater_formation":1},"geometry":{"type":"LineString","coordinates":[[70.83125,38.45208],[70.80625,38.44375],[70.78542,38.45625]]}},{"type":"Feature","properties":{"hyriv_id":40344652,"system_id":"syr_darya","discharge_cms":504.871,"strahler_order":7,"channel_class":"perennial","in_headwater_formation":0},"geometry":{"type":"LineString","coordinates":[[69.50625,40.23542],[69.49375,40.23542]]}},{"type":"Feature","properties":{"hyriv_id":40344525,"system_id":"syr_darya","discharge_cms":506.169,"strahler_order":7,"channel_class":"perennial","in_headwater_formation":0},"geometry":{"type":"LineString","coordinates":[[69.56458,40.25208],[69.52708,40.23958]]}},{"type":"Feature","properties":{"hyriv_id":40344653,"system_id":"syr_darya","discharge_cms":506.231,"strahler_order":7,"channel_class":"perennial","in_headwater_formation":0},"geometry":{"type":"LineString","coordinates":[[69.52708,40.23958],[69.50625,40.23542]]}},{"type":"Feature","properties":{"hyriv_id":40397719,"system_id":"amu_darya","discharge_cms":518.425,"strahler_order":7,"channel_class":"perennial","in_headwater_formation":1},"geometry":{"type":"LineString","coordinates":[[70.78542,38.45625],[70.77292,38.45625],[70.76458,38.44375]]}},{"type":"Feature","properties":{"hyriv_id":40398668,"system_id":"amu_darya","discharge_cms":521.54,"strahler_order":7,"channel_class":"perennial","in_headwater_formation":1},"geometry":{"type":"LineString","coordinates":[[70.76458,38.44375],[70.75625,38.42708],[70.71458,38.41458]]}},{"type":"Feature","properties":{"hyriv_id":40398666,"system_id":"amu_darya","discharge_cms":522.891,"strahler_order":7,"channel_class":"perennial","in_headwater_formation":1},"geometry":{"type":"LineString","coordinates":[[70.71458,38.41458],[70.68958,38.41875]]}},{"type":"Feature","properties":{"hyriv_id":40399029,"system_id":"amu_darya","discharge_cms":523.857,"strahler_order":7,"channel_class":"perennial","in_headwater_formation":1},"geometry":{"type":"LineString","coordinates":[[70.68958,38.41875],[70.67292,38.40208]]}},{"type":"Feature","properties":{"hyriv_id":40191923,"system_id":"syr_darya","discharge_cms":527.437,"strahler_order":8,"channel_class":"perennial","in_headwater_formation":0},"geometry":{"type":"LineString","coordinates":[[65.45625,44.85208],[65.43958,44.86042]]}},{"type":"Feature","properties":{"hyriv_id":40399502,"system_id":"amu_darya","discharge_cms":530.521,"strahler_order":7,"channel_class":"perennial","in_headwater_formation":1},"geometry":{"type":"LineString","coordinates":[[70.67292,38.40208],[70.68125,38.38542],[70.68542,38.38958],[70.69375,38.38542]]}},{"type":"Feature","properties":{"hyriv_id":40399986,"system_id":"amu_darya","discharge_cms":531.403,"strahler_order":7,"channel_class":"perennial","in_headwater_formation":1},"geometry":{"type":"LineString","coordinates":[[70.69375,38.38542],[70.68958,38.36875]]}},{"type":"Feature","properties":{"hyriv_id":40400477,"system_id":"amu_darya","discharge_cms":533.102,"strahler_order":7,"channel_class":"perennial","in_headwater_formation":1},"geometry":{"type":"LineString","coordinates":[[70.68958,38.36875],[70.66042,38.35208]]}},{"type":"Feature","properties":{"hyriv_id":40193079,"system_id":"syr_darya","discharge_cms":535.972,"strahler_order":8,"channel_class":"perennial","in_headwater_formation":0},"geometry":{"type":"LineString","coordinates":[[65.49375,44.81875],[65.48958,44.83542],[65.45625,44.83958],[65.45208,44.84375],[65.45625,44.85208]]}},{"type":"Feature","properties":{"hyriv_id":40400593,"system_id":"amu_darya","discharge_cms":536.019,"strahler_order":7,"channel_class":"perennial","in_headwater_formation":1},"geometry":{"type":"LineString","coordinates":[[70.66042,38.35208],[70.65208,38.34792],[70.61875,38.35208]]}},{"type":"Feature","properties":{"hyriv_id":40400702,"system_id":"amu_darya","discharge_cms":536.829,"strahler_order":7,"channel_class":"perennial","in_headwater_formation":1},"geometry":{"type":"LineString","coordinates":[[70.61875,38.35208],[70.61042,38.34375]]}},{"type":"Feature","properties":{"hyriv_id":40400838,"system_id":"amu_darya","discharge_cms":538.049,"strahler_order":7,"channel_class":"perennial","in_headwater_formation":1},"geometry":{"type":"LineString","coordinates":[[70.61042,38.34375],[70.61042,38.33958]]}},{"type":"Feature","properties":{"hyriv_id":40401645,"system_id":"amu_darya","discharge_cms":539.671,"strahler_order":7,"channel_class":"perennial","in_headwater_formation":1},"geometry":{"type":"LineString","coordinates":[[70.61042,38.33958],[70.61458,38.31875],[70.60625,38.31042]]}},{"type":"Feature","properties":{"hyriv_id":40402136,"system_id":"amu_darya","discharge_cms":540.628,"strahler_order":7,"channel_class":"perennial","in_headwater_formation":1},"geometry":{"type":"LineString","coordinates":[[70.60625,38.31042],[70.61042,38.29375]]}},{"type":"Feature","properties":{"hyriv_id":40315195,"system_id":"syr_darya","discharge_cms":542.892,"strahler_order":8,"channel_class":"perennial","in_headwater_formation":0},"geometry":{"type":"LineString","coordinates":[[68.00208,41.18125],[67.97292,41.20625]]}},{"type":"Feature","properties":{"hyriv_id":40402736,"system_id":"amu_darya","discharge_cms":543.469,"strahler_order":7,"channel_class":"perennial","in_headwater_formation":1},"geometry":{"type":"LineString","coordinates":[[70.61042,38.29375],[70.60208,38.28125],[70.57292,38.27292]]}},{"type":"Feature","properties":{"hyriv_id":40314372,"system_id":"syr_darya","discharge_cms":543.47,"strahler_order":8,"channel_class":"perennial","in_headwater_formation":0},"geometry":{"type":"LineString","coordinates":[[67.97292,41.20625],[67.96458,41.23542]]}},{"type":"Feature","properties":{"hyriv_id":40313521,"system_id":"syr_darya","discharge_cms":543.843,"strahler_order":8,"channel_class":"perennial","in_headwater_formation":0},"geometry":{"type":"LineString","coordinates":[[67.96458,41.23542],[67.95625,41.26042]]}},{"type":"Feature","properties":{"hyriv_id":40403333,"system_id":"amu_darya","discharge_cms":544.691,"strahler_order":7,"channel_class":"perennial","in_headwater_formation":1},"geometry":{"type":"LineString","coordinates":[[70.57292,38.27292],[70.55625,38.25208]]}},{"type":"Feature","properties":{"hyriv_id":40312771,"system_id":"syr_darya","discharge_cms":545.688,"strahler_order":8,"channel_class":"perennial","in_headwater_formation":0},"geometry":{"type":"LineString","coordinates":[[67.95625,41.26042],[67.95208,41.28125],[67.96875,41.29375],[67.99375,41.29375],[68.00625,41.30208],[68.06042,41.31042]]}},{"type":"Feature","properties":{"hyriv_id":40311251,"system_id":"syr_darya","discharge_cms":545.739,"strahler_order":8,"channel_class":"perennial","in_headwater_formation":0},"geometry":{"type":"LineString","coordinates":[[68.06042,41.31042],[68.05208,41.33958]]}},{"type":"Feature","properties":{"hyriv_id":40310356,"system_id":"syr_darya","discharge_cms":545.862,"strahler_order":8,"channel_class":"perennial","in_headwater_formation":0},"geometry":{"type":"LineString","coordinates":[[68.05208,41.33958],[68.06042,41.34792],[68.10208,41.35208]]}},{"type":"Feature","properties":{"hyriv_id":40309972,"system_id":"syr_darya","discharge_cms":546.097,"strahler_order":8,"channel_class":"perennial","in_headwater_formation":0},"geometry":{"type":"LineString","coordinates":[[68.10208,41.35208],[68.10625,41.36042],[68.10208,41.38125],[68.11042,41.38958]]}},{"type":"Feature","properties":{"hyriv_id":40308787,"system_id":"syr_darya","discharge_cms":546.147,"strahler_order":8,"channel_class":"perennial","in_headwater_formation":0},"geometry":{"type":"LineString","coordinates":[[68.11042,41.38958],[68.08958,41.40208]]}},{"type":"Feature","properties":{"hyriv_id":40403580,"system_id":"amu_darya","discharge_cms":546.869,"strahler_order":7,"channel_class":"perennial","in_headwater_formation":1},"geometry":{"type":"LineString","coordinates":[[70.55625,38.25208],[70.54792,38.24375]]}},{"type":"Feature","properties":{"hyriv_id":40308382,"system_id":"syr_darya","discharge_cms":547.058,"strahler_order":8,"channel_class":"perennial","in_headwater_formation":0},"geometry":{"type":"LineString","coordinates":[[68.08958,41.40208],[68.08542,41.42292],[68.11458,41.44375]]}},{"type":"Feature","properties":{"hyriv_id":40403910,"system_id":"amu_darya","discharge_cms":547.602,"strahler_order":7,"channel_class":"perennial","in_headwater_formation":1},"geometry":{"type":"LineString","coordinates":[[70.54792,38.24375],[70.53958,38.23125]]}},{"type":"Feature","properties":{"hyriv_id":40306998,"system_id":"syr_darya","discharge_cms":547.707,"strahler_order":8,"channel_class":"perennial","in_headwater_formation":0},"geometry":{"type":"LineString","coordinates":[[68.11458,41.44375],[68.11458,41.44792]]}},{"type":"Feature","properties":{"hyriv_id":40306870,"system_id":"syr_darya","discharge_cms":548.907,"strahler_order":8,"channel_class":"perennial","in_headwater_formation":0},"geometry":{"type":"LineString","coordinates":[[68.11458,41.44792],[68.11042,41.46875],[68.09792,41.48125]]}},{"type":"Feature","properties":{"hyriv_id":40305892,"system_id":"syr_darya","discharge_cms":549.256,"strahler_order":8,"channel_class":"perennial","in_headwater_formation":0},"geometry":{"type":"LineString","coordinates":[[68.09792,41.48125],[68.08125,41.49375]]}},{"type":"Feature","properties":{"hyriv_id":40305517,"system_id":"syr_darya","discharge_cms":549.5,"strahler_order":8,"channel_class":"perennial","in_headwater_formation":0},"geometry":{"type":"LineString","coordinates":[[68.08125,41.49375],[68.06875,41.51042]]}},{"type":"Feature","properties":{"hyriv_id":40305015,"system_id":"syr_darya","discharge_cms":549.624,"strahler_order":8,"channel_class":"perennial","in_headwater_formation":0},"geometry":{"type":"LineString","coordinates":[[68.06875,41.51042],[68.09375,41.53542],[68.09375,41.54792],[68.06875,41.56875]]}},{"type":"Feature","properties":{"hyriv_id":40303323,"system_id":"syr_darya","discharge_cms":549.987,"strahler_order":8,"channel_class":"perennial","in_headwater_formation":0},"geometry":{"type":"LineString","coordinates":[[68.06875,41.56875],[68.06042,41.58542]]}},{"type":"Feature","properties":{"hyriv_id":40302821,"system_id":"syr_darya","discharge_cms":550.132,"strahler_order":8,"channel_class":"perennial","in_headwater_formation":0},"geometry":{"type":"LineString","coordinates":[[68.06042,41.58542],[68.06042,41.59375],[68.07292,41.60625],[68.04375,41.63542]]}},{"type":"Feature","properties":{"hyriv_id":40301345,"system_id":"syr_darya","discharge_cms":550.218,"strahler_order":8,"channel_class":"perennial","in_headwater_formation":0},"geometry":{"type":"LineString","coordinates":[[68.04375,41.63542],[68.04375,41.65208]]}},{"type":"Feature","properties":{"hyriv_id":40300861,"system_id":"syr_darya","discharge_cms":550.26,"strahler_order":8,"channel_class":"perennial","in_headwater_formation":0},"geometry":{"type":"LineString","coordinates":[[68.04375,41.65208],[68.04375,41.67708]]}},{"type":"Feature","properties":{"hyriv_id":40300031,"system_id":"syr_darya","discharge_cms":550.309,"strahler_order":8,"channel_class":"perennial","in_headwater_formation":0},"geometry":{"type":"LineString","coordinates":[[68.04375,41.67708],[68.03542,41.69792]]}},{"type":"Feature","properties":{"hyriv_id":40299347,"system_id":"syr_darya","discharge_cms":550.397,"strahler_order":8,"channel_class":"perennial","in_headwater_formation":0},"geometry":{"type":"LineString","coordinates":[[68.03542,41.69792],[68.03542,41.72292]]}},{"type":"Feature","properties":{"hyriv_id":40298624,"system_id":"syr_darya","discharge_cms":550.504,"strahler_order":8,"channel_class":"perennial","in_headwater_formation":0},"geometry":{"type":"LineString","coordinates":[[68.03542,41.72292],[68.03958,41.73958],[68.01875,41.74792]]}},{"type":"Feature","properties":{"hyriv_id":40297796,"system_id":"syr_darya","discharge_cms":551.036,"strahler_order":8,"channel_class":"perennial","in_headwater_formation":0},"geometry":{"type":"LineString","coordinates":[[68.01875,41.74792],[68.02292,41.75208]]}},{"type":"Feature","properties":{"hyriv_id":40297797,"system_id":"syr_darya","discharge_cms":551.155,"strahler_order":8,"channel_class":"perennial","in_headwater_formation":0},"geometry":{"type":"LineString","coordinates":[[68.02292,41.75208],[68.05208,41.74792],[68.07708,41.78542]]}},{"type":"Feature","properties":{"hyriv_id":40296570,"system_id":"syr_darya","discharge_cms":551.214,"strahler_order":8,"channel_class":"perennial","in_headwater_formation":0},"geometry":{"type":"LineString","coordinates":[[68.07708,41.78542],[68.10625,41.80208]]}},{"type":"Feature","properties":{"hyriv_id":40296010,"system_id":"syr_darya","discharge_cms":551.28,"strahler_order":8,"channel_class":"perennial","in_headwater_formation":0},"geometry":{"type":"LineString","coordinates":[[68.10625,41.80208],[68.11458,41.81042],[68.11042,41.82708]]}},{"type":"Feature","properties":{"hyriv_id":40295229,"system_id":"syr_darya","discharge_cms":551.357,"strahler_order":8,"channel_class":"perennial","in_headwater_formation":0},"geometry":{"type":"LineString","coordinates":[[68.11042,41.82708],[68.08958,41.84792],[68.08958,41.86875]]}},{"type":"Feature","properties":{"hyriv_id":40293938,"system_id":"syr_darya","discharge_cms":551.435,"strahler_order":8,"channel_class":"perennial","in_headwater_formation":0},"geometry":{"type":"LineString","coordinates":[[68.08958,41.86875],[68.10625,41.89375]]}},{"type":"Feature","properties":{"hyriv_id":40323616,"system_id":"syr_darya","discharge_cms":551.436,"strahler_order":7,"channel_class":"perennial","in_headwater_formation":0},"geometry":{"type":"LineString","coordinates":[[68.69792,40.90208],[68.68542,40.91875],[68.66042,40.92708]]}},{"type":"Feature","properties":{"hyriv_id":40293169,"system_id":"syr_darya","discharge_cms":553.678,"strahler_order":8,"channel_class":"perennial","in_headwater_formation":0},"geometry":{"type":"LineString","coordinates":[[68.10625,41.89375],[68.11875,41.92292]]}},{"type":"Feature","properties":{"hyriv_id":40292204,"system_id":"syr_darya","discharge_cms":553.775,"strahler_order":8,"channel_class":"perennial","in_headwater_formation":0},"geometry":{"type":"LineString","coordinates":[[68.11875,41.92292],[68.11042,41.93125],[68.11458,41.94792],[68.12292,41.95208],[68.14792,41.94792]]}},{"type":"Feature","properties":{"hyriv_id":40291353,"system_id":"syr_darya","discharge_cms":553.956,"strahler_order":8,"channel_class":"perennial","in_headwater_formation":0},"geometry":{"type":"LineString","coordinates":[[68.14792,41.94792],[68.16042,41.95625],[68.16875,41.98958]]}},{"type":"Feature","properties":{"hyriv_id":40290054,"system_id":"syr_darya","discharge_cms":554.406,"strahler_order":8,"channel_class":"perennial","in_headwater_formation":0},"geometry":{"type":"LineString","coordinates":[[68.16875,41.98958],[68.17708,41.99792]]}},{"type":"Feature","properties":{"hyriv_id":40289798,"system_id":"syr_darya","discharge_cms":554.501,"strahler_order":8,"channel_class":"perennial","in_headwater_formation":0},"geometry":{"type":"LineString","coordinates":[[68.17708,41.99792],[68.18542,42.01875]]}},{"type":"Feature","properties":{"hyriv_id":40289205,"system_id":"syr_darya","discharge_cms":555.83,"strahler_order":8,"channel_class":"perennial","in_headwater_formation":0},"geometry":{"type":"LineString","coordinates":[[68.18542,42.01875],[68.18542,42.03542],[68.17292,42.04792]]}},{"type":"Feature","properties":{"hyriv_id":40288312,"system_id":"syr_darya","discharge_cms":555.861,"strahler_order":8,"channel_class":"perennial","in_headwater_formation":0},"geometry":{"type":"LineString","coordinates":[[68.17292,42.04792],[68.16458,42.06042]]}},{"type":"Feature","properties":{"hyriv_id":40287959,"system_id":"syr_darya","discharge_cms":555.983,"strahler_order":8,"channel_class":"perennial","in_headwater_formation":0},"geometry":{"type":"LineString","coordinates":[[68.16458,42.06042],[68.16875,42.06458],[68.21042,42.06042]]}},{"type":"Feature","properties":{"hyriv_id":40287960,"system_id":"syr_darya","discharge_cms":556.038,"strahler_order":8,"channel_class":"perennial","in_headwater_formation":0},"geometry":{"type":"LineString","coordinates":[[68.21042,42.06042],[68.21875,42.07708]]}},{"type":"Feature","properties":{"hyriv_id":40322835,"system_id":"syr_darya","discharge_cms":556.262,"strahler_order":7,"channel_class":"perennial","in_headwater_formation":0},"geometry":{"type":"LineString","coordinates":[[68.66042,40.92708],[68.65625,40.92708]]}},{"type":"Feature","properties":{"hyriv_id":40287469,"system_id":"syr_darya","discharge_cms":556.319,"strahler_order":8,"channel_class":"perennial","in_headwater_formation":0},"geometry":{"type":"LineString","coordinates":[[68.21875,42.07708],[68.21875,42.09375],[68.23542,42.10208],[68.23125,42.11458]]}},{"type":"Feature","properties":{"hyriv_id":40322834,"system_id":"syr_darya","discharge_cms":558.137,"strahler_order":7,"channel_class":"perennial","in_headwater_formation":0},"geometry":{"type":"LineString","coordinates":[[68.65625,40.92708],[68.63542,40.95208]]}},{"type":"Feature","properties":{"hyriv_id":40322102,"system_id":"syr_darya","discharge_cms":558.895,"strahler_order":7,"channel_class":"perennial","in_headwater_formation":0},"geometry":{"type":"LineString","coordinates":[[68.63542,40.95208],[68.62708,40.96458],[68.63125,40.97292],[68.65625,40.97292],[68.67292,40.98542]]}},{"type":"Feature","properties":{"hyriv_id":40321025,"system_id":"syr_darya","discharge_cms":559.011,"strahler_order":7,"channel_class":"perennial","in_headwater_formation":0},"geometry":{"type":"LineString","coordinates":[[68.67292,40.98542],[68.65208,40.99792],[68.62292,40.99792],[68.61042,41.01042]]}},{"type":"Feature","properties":{"hyriv_id":40405209,"system_id":"amu_darya","discharge_cms":560.113,"strahler_order":7,"channel_class":"perennial","in_headwater_formation":1},"geometry":{"type":"LineString","coordinates":[[70.53958,38.23125],[70.53542,38.22292],[70.53958,38.21042],[70.51458,38.18542]]}},{"type":"Feature","properties":{"hyriv_id":40286301,"system_id":"syr_darya","discharge_cms":561.274,"strahler_order":8,"channel_class":"perennial","in_headwater_formation":0},"geometry":{"type":"LineString","coordinates":[[68.23125,42.11458],[68.21875,42.12708],[68.18125,42.13542],[68.15625,42.12708],[68.14792,42.13125]]}},{"type":"Feature","properties":{"hyriv_id":40285783,"system_id":"syr_darya","discharge_cms":561.382,"strahler_order":8,"channel_class":"perennial","in_headwater_formation":0},"geometry":{"type":"LineString","coordinates":[[68.14792,42.13125],[68.13958,42.15625],[68.15625,42.16042]]}},{"type":"Feature","properties":{"hyriv_id":40284890,"system_id":"syr_darya","discharge_cms":561.429,"strahler_order":8,"channel_class":"perennial","in_headwater_formation":0},"geometry":{"type":"LineString","coordinates":[[68.15625,42.16042],[68.17292,42.17292],[68.18958,42.17292]]}},{"type":"Feature","properties":{"hyriv_id":40284747,"system_id":"syr_darya","discharge_cms":561.523,"strahler_order":8,"channel_class":"perennial","in_headwater_formation":0},"geometry":{"type":"LineString","coordinates":[[68.18958,42.17292],[68.20625,42.16458],[68.21458,42.18542],[68.23542,42.20208]]}},{"type":"Feature","properties":{"hyriv_id":40283545,"system_id":"syr_darya","discharge_cms":561.597,"strahler_order":8,"channel_class":"perennial","in_headwater_formation":0},"geometry":{"type":"LineString","coordinates":[[68.23542,42.20208],[68.25208,42.22292],[68.25208,42.24375]]}},{"type":"Feature","properties":{"hyriv_id":40282152,"system_id":"syr_darya","discharge_cms":561.716,"strahler_order":8,"channel_class":"perennial","in_headwater_formation":0},"geometry":{"type":"LineString","coordinates":[[68.25208,42.24375],[68.25625,42.24792]]}},{"type":"Feature","properties":{"hyriv_id":40281999,"system_id":"syr_darya","discharge_cms":561.825,"strahler_order":8,"channel_class":"perennial","in_headwater_formation":0},"geometry":{"type":"LineString","coordinates":[[68.25625,42.24792],[68.26042,42.25625],[68.27292,42.25625],[68.28542,42.27292]]}},{"type":"Feature","properties":{"hyriv_id":40281145,"system_id":"syr_darya","discharge_cms":561.951,"strahler_order":8,"channel_class":"perennial","in_headwater_formation":0},"geometry":{"type":"LineString","coordinates":[[68.28542,42.27292],[68.25625,42.28542]]}},{"type":"Feature","properties":{"hyriv_id":40280756,"system_id":"syr_darya","discharge_cms":562.033,"strahler_order":8,"channel_class":"perennial","in_headwater_formation":0},"geometry":{"type":"LineString","coordinates":[[68.25625,42.28542],[68.24375,42.29375],[68.24375,42.30208]]}},{"type":"Feature","properties":{"hyriv_id":40280195,"system_id":"syr_darya","discharge_cms":562.19,"strahler_order":8,"channel_class":"perennial","in_headwater_formation":0},"geometry":{"type":"LineString","coordinates":[[68.24375,42.30208],[68.25625,42.31875],[68.25625,42.32708],[68.24375,42.33958],[68.24792,42.35625]]}},{"type":"Feature","properties":{"hyriv_id":40278301,"system_id":"syr_darya","discharge_cms":562.339,"strahler_order":8,"channel_class":"perennial","in_headwater_formation":0},"geometry":{"type":"LineString","coordinates":[[68.24792,42.35625],[68.26042,42.36875],[68.27292,42.36458],[68.27708,42.36875],[68.26875,42.37708]]}},{"type":"Feature","properties":{"hyriv_id":40272583,"system_id":"syr_darya","discharge_cms":562.428,"strahler_order":8,"channel_class":"perennial","in_headwater_formation":0},"geometry":{"type":"LineString","coordinates":[[68.18125,42.52708],[68.17708,42.53542],[68.19375,42.54375],[68.20625,42.55625],[68.20625,42.56458]]}},{"type":"Feature","properties":{"hyriv_id":40277607,"system_id":"syr_darya","discharge_cms":562.511,"strahler_order":8,"channel_class":"perennial","in_headwater_formation":0},"geometry":{"type":"LineString","coordinates":[[68.26875,42.37708],[68.25208,42.38958],[68.25208,42.39792],[68.27292,42.40625],[68.24792,42.41042],[68.23542,42.42292],[68.23542,42.43125]]}},{"type":"Feature","properties":{"hyriv_id":40275845,"system_id":"syr_darya","discharge_cms":562.58,"strahler_order":8,"channel_class":"perennial","in_headwater_formation":0},"geometry":{"type":"LineString","coordinates":[[68.23542,42.43125],[68.25625,42.44375],[68.25208,42.44792]]}},{"type":"Feature","properties":{"hyriv_id":40273795,"system_id":"syr_darya","discharge_cms":562.62,"strahler_order":8,"channel_class":"perennial","in_headwater_formation":0},"geometry":{"type":"LineString","coordinates":[[68.21875,42.49375],[68.21042,42.51042],[68.20208,42.51042]]}},{"type":"Feature","properties":{"hyriv_id":40273189,"system_id":"syr_darya","discharge_cms":562.628,"strahler_order":8,"channel_class":"perennial","in_headwater_formation":0},"geometry":{"type":"LineString","coordinates":[[68.20208,42.51042],[68.18125,42.52708]]}},{"type":"Feature","properties":{"hyriv_id":40275311,"system_id":"syr_darya","discharge_cms":562.667,"strahler_order":8,"channel_class":"perennial","in_headwater_formation":0},"geometry":{"type":"LineString","coordinates":[[68.25208,42.44792],[68.22292,42.46458],[68.21875,42.49375]]}},{"type":"Feature","properties":{"hyriv_id":40406331,"system_id":"amu_darya","discharge_cms":563.812,"strahler_order":7,"channel_class":"perennial","in_headwater_formation":1},"geometry":{"type":"LineString","coordinates":[[70.51458,38.18542],[70.50208,38.16042],[70.50208,38.14375]]}},{"type":"Feature","properties":{"hyriv_id":40406789,"system_id":"amu_darya","discharge_cms":564.672,"strahler_order":7,"channel_class":"perennial","in_headwater_formation":1},"geometry":{"type":"LineString","coordinates":[[70.50208,38.14375],[70.50625,38.12708]]}},{"type":"Feature","properties":{"hyriv_id":40264785,"system_id":"syr_darya","discharge_cms":565.66,"strahler_order":8,"channel_class":"perennial","in_headwater_formation":0},"geometry":{"type":"LineString","coordinates":[[68.21875,42.76042],[68.21042,42.76458],[68.19375,42.75208],[68.17708,42.75625],[68.17708,42.76458],[68.19792,42.78542],[68.21875,42.78125],[68.23125,42.79375]]}},{"type":"Feature","properties":{"hyriv_id":40267821,"system_id":"syr_darya","discharge_cms":565.947,"strahler_order":8,"channel_class":"perennial","in_headwater_formation":0},"geometry":{"type":"LineString","coordinates":[[68.25208,42.66458],[68.23958,42.66458],[68.23125,42.67292],[68.23542,42.70625],[68.21875,42.72292],[68.22292,42.75625],[68.21875,42.76042]]}},{"type":"Feature","properties":{"hyriv_id":40270252,"system_id":"syr_darya","discharge_cms":566.325,"strahler_order":8,"channel_class":"perennial","in_headwater_formation":0},"geometry":{"type":"LineString","coordinates":[[68.21458,42.59375],[68.21042,42.60625],[68.23542,42.62292],[68.25208,42.62292],[68.25625,42.63542]]}},{"type":"Feature","properties":{"hyriv_id":40268891,"system_id":"syr_darya","discharge_cms":566.543,"strahler_order":8,"channel_class":"perennial","in_headwater_formation":0},"geometry":{"type":"LineString","coordinates":[[68.25625,42.63542],[68.25208,42.66458]]}},{"type":"Feature","properties":{"hyriv_id":40270526,"system_id":"syr_darya","discharge_cms":566.656,"strahler_order":8,"channel_class":"perennial","in_headwater_formation":0},"geometry":{"type":"LineString","coordinates":[[68.21458,42.58542],[68.21875,42.58958],[68.21458,42.59375]]}},{"type":"Feature","properties":{"hyriv_id":40271262,"system_id":"syr_darya","discharge_cms":566.677,"strahler_order":8,"channel_class":"perennial","in_headwater_formation":0},"geometry":{"type":"LineString","coordinates":[[68.20625,42.56458],[68.21458,42.58542]]}},{"type":"Feature","properties":{"hyriv_id":40193514,"system_id":"syr_darya","discharge_cms":568.048,"strahler_order":8,"channel_class":"perennial","in_headwater_formation":0},"geometry":{"type":"LineString","coordinates":[[65.49375,44.80625],[65.49375,44.81875]]}},{"type":"Feature","properties":{"hyriv_id":40407544,"system_id":"amu_darya","discharge_cms":569.15,"strahler_order":7,"channel_class":"perennial","in_headwater_formation":1},"geometry":{"type":"LineString","coordinates":[[70.50625,38.12708],[70.46042,38.10208],[70.44792,38.10208]]}},{"type":"Feature","properties":{"hyriv_id":40408279,"system_id":"amu_darya","discharge_cms":571.702,"strahler_order":7,"channel_class":"perennial","in_headwater_formation":1},"geometry":{"type":"LineString","coordinates":[[70.44792,38.10208],[70.43542,38.10208],[70.41458,38.07708]]}},{"type":"Feature","properties":{"hyriv_id":40194636,"system_id":"syr_darya","discharge_cms":574.441,"strahler_order":8,"channel_class":"perennial","in_headwater_formation":0},"geometry":{"type":"LineString","coordinates":[[65.51875,44.77292],[65.49792,44.79375],[65.49375,44.80625]]}},{"type":"Feature","properties":{"hyriv_id":40195090,"system_id":"syr_darya","discharge_cms":582.17,"strahler_order":8,"channel_class":"perennial","in_headwater_formation":0},"geometry":{"type":"LineString","coordinates":[[65.53958,44.76042],[65.51875,44.77292]]}},{"type":"Feature","properties":{"hyriv_id":40195216,"system_id":"syr_darya","discharge_cms":583.506,"strahler_order":8,"channel_class":"perennial","in_headwater_formation":0},"geometry":{"type":"LineString","coordinates":[[65.56042,44.75625],[65.53958,44.76042]]}},{"type":"Feature","properties":{"hyriv_id":40195217,"system_id":"syr_darya","discharge_cms":584.822,"strahler_order":8,"channel_class":"perennial","in_headwater_formation":0},"geometry":{"type":"LineString","coordinates":[[65.58125,44.76042],[65.56042,44.75625]]}},{"type":"Feature","properties":{"hyriv_id":40195752,"system_id":"syr_darya","discharge_cms":586.155,"strahler_order":8,"channel_class":"perennial","in_headwater_formation":0},"geometry":{"type":"LineString","coordinates":[[65.62292,44.74375],[65.59792,44.73958],[65.58125,44.76042]]}},{"type":"Feature","properties":{"hyriv_id":40320236,"system_id":"syr_darya","discharge_cms":588.092,"strahler_order":7,"channel_class":"perennial","in_headwater_formation":0},"geometry":{"type":"LineString","coordinates":[[68.61042,41.01042],[68.60625,41.02708]]}},{"type":"Feature","properties":{"hyriv_id":40408278,"system_id":"amu_darya","discharge_cms":588.196,"strahler_order":7,"channel_class":"perennial","in_headwater_formation":1},"geometry":{"type":"LineString","coordinates":[[70.41458,38.07708],[70.40625,38.07708]]}},{"type":"Feature","properties":{"hyriv_id":40320235,"system_id":"syr_darya","discharge_cms":588.251,"strahler_order":7,"channel_class":"perennial","in_headwater_formation":0},"geometry":{"type":"LineString","coordinates":[[68.60625,41.02708],[68.58958,41.03125],[68.56875,41.01042],[68.55625,41.01042]]}},{"type":"Feature","properties":{"hyriv_id":40320234,"system_id":"syr_darya","discharge_cms":588.362,"strahler_order":7,"channel_class":"perennial","in_headwater_formation":0},"geometry":{"type":"LineString","coordinates":[[68.55625,41.01042],[68.53542,41.01458]]}},{"type":"Feature","properties":{"hyriv_id":40320138,"system_id":"syr_darya","discharge_cms":588.585,"strahler_order":7,"channel_class":"perennial","in_headwater_formation":0},"geometry":{"type":"LineString","coordinates":[[68.53542,41.01458],[68.51458,41.04375],[68.49792,41.05625],[68.50208,41.07292],[68.49375,41.08125],[68.46875,41.07708]]}},{"type":"Feature","properties":{"hyriv_id":40409080,"system_id":"amu_darya","discharge_cms":589.0,"strahler_order":7,"channel_class":"perennial","in_headwater_formation":1},"geometry":{"type":"LineString","coordinates":[[70.40625,38.07708],[70.36875,38.05208]]}},{"type":"Feature","properties":{"hyriv_id":40195598,"system_id":"syr_darya","discharge_cms":589.051,"strahler_order":8,"channel_class":"perennial","in_headwater_formation":0},"geometry":{"type":"LineString","coordinates":[[65.66458,44.75208],[65.63125,44.75208],[65.62292,44.74375]]}},{"type":"Feature","properties":{"hyriv_id":40409214,"system_id":"amu_darya","discharge_cms":589.417,"strahler_order":7,"channel_class":"perennial","in_headwater_formation":1},"geometry":{"type":"LineString","coordinates":[[70.36875,38.05208],[70.36458,38.04792]]}},{"type":"Feature","properties":{"hyriv_id":40318319,"system_id":"syr_darya","discharge_cms":589.425,"strahler_order":7,"channel_class":"perennial","in_headwater_formation":0},"geometry":{"type":"LineString","coordinates":[[68.46875,41.07708],[68.45208,41.08542]]}},{"type":"Feature","properties":{"hyriv_id":40409478,"system_id":"amu_darya","discharge_cms":589.663,"strahler_order":7,"channel_class":"perennial","in_headwater_formation":1},"geometry":{"type":"LineString","coordinates":[[70.36458,38.04792],[70.35625,38.03958]]}},{"type":"Feature","properties":{"hyriv_id":40410238,"system_id":"amu_darya","discharge_cms":590.34,"strahler_order":7,"channel_class":"perennial","in_headwater_formation":1},"geometry":{"type":"LineString","coordinates":[[70.35625,38.03958],[70.35625,38.03125],[70.33958,38.01458]]}},{"type":"Feature","properties":{"hyriv_id":40410346,"system_id":"amu_darya","discharge_cms":590.544,"strahler_order":7,"channel_class":"perennial","in_headwater_formation":1},"geometry":{"type":"LineString","coordinates":[[70.33958,38.01458],[70.33542,38.01042]]}},{"type":"Feature","properties":{"hyriv_id":40410464,"system_id":"amu_darya","discharge_cms":591.112,"strahler_order":7,"channel_class":"perennial","in_headwater_formation":1},"geometry":{"type":"LineString","coordinates":[[70.33542,38.01042],[70.33125,38.00625]]}},{"type":"Feature","properties":{"hyriv_id":40195599,"system_id":"syr_darya","discharge_cms":591.723,"strahler_order":8,"channel_class":"perennial","in_headwater_formation":0},"geometry":{"type":"LineString","coordinates":[[65.73958,44.74792],[65.71458,44.74375],[65.70625,44.75208],[65.68958,44.74792],[65.66458,44.75208]]}},{"type":"Feature","properties":{"hyriv_id":40411010,"system_id":"amu_darya","discharge_cms":592.331,"strahler_order":7,"channel_class":"perennial","in_headwater_formation":1},"geometry":{"type":"LineString","coordinates":[[70.33125,38.00625],[70.29792,37.98958]]}},{"type":"Feature","properties":{"hyriv_id":40411653,"system_id":"amu_darya","discharge_cms":592.968,"strahler_order":7,"channel_class":"perennial","in_headwater_formation":1},"geometry":{"type":"LineString","coordinates":[[70.29792,37.98958],[70.28542,37.96875]]}},{"type":"Feature","properties":{"hyriv_id":40412346,"system_id":"amu_darya","discharge_cms":593.48,"strahler_order":7,"channel_class":"perennial","in_headwater_formation":1},"geometry":{"type":"LineString","coordinates":[[70.28542,37.96875],[70.26458,37.98125],[70.26042,37.97708],[70.27708,37.94375]]}},{"type":"Feature","properties":{"hyriv_id":40412470,"system_id":"amu_darya","discharge_cms":593.628,"strahler_order":7,"channel_class":"perennial","in_headwater_formation":1},"geometry":{"type":"LineString","coordinates":[[70.27708,37.94375],[70.27292,37.93958]]}},{"type":"Feature","properties":{"hyriv_id":40412948,"system_id":"amu_darya","discharge_cms":594.189,"strahler_order":7,"channel_class":"perennial","in_headwater_formation":1},"geometry":{"type":"LineString","coordinates":[[70.27292,37.93958],[70.23958,37.94375],[70.21875,37.93542],[70.21042,37.92292]]}},{"type":"Feature","properties":{"hyriv_id":40412947,"system_id":"amu_darya","discharge_cms":594.997,"strahler_order":7,"channel_class":"perennial","in_headwater_formation":1},"geometry":{"type":"LineString","coordinates":[[70.21042,37.92292],[70.19792,37.93958]]}},{"type":"Feature","properties":{"hyriv_id":40195899,"system_id":"syr_darya","discharge_cms":596.533,"strahler_order":8,"channel_class":"perennial","in_headwater_formation":0},"geometry":{"type":"LineString","coordinates":[[65.76042,44.73542],[65.74792,44.74792],[65.73958,44.74792]]}},{"type":"Feature","properties":{"hyriv_id":40196557,"system_id":"syr_darya","discharge_cms":597.819,"strahler_order":8,"channel_class":"perennial","in_headwater_formation":0},"geometry":{"type":"LineString","coordinates":[[65.79375,44.71458],[65.77708,44.71875],[65.76042,44.73542]]}},{"type":"Feature","properties":{"hyriv_id":40198088,"system_id":"syr_darya","discharge_cms":599.957,"strahler_order":8,"channel_class":"perennial","in_headwater_formation":0},"geometry":{"type":"LineString","coordinates":[[65.78125,44.66875],[65.78542,44.69792],[65.79792,44.71042],[65.79375,44.71458]]}},{"type":"Feature","properties":{"hyriv_id":40257530,"system_id":"syr_darya","discharge_cms":600.467,"strahler_order":8,"channel_class":"perennial","in_headwater_formation":0},"geometry":{"type":"LineString","coordinates":[[68.16042,42.95625],[68.12292,42.97292],[68.08542,42.96042],[68.07708,42.96875],[68.07708,42.98542],[68.06042,42.99792],[68.03125,42.99792],[68.01875,42.98542]]}},{"type":"Feature","properties":{"hyriv_id":40256422,"system_id":"syr_darya","discharge_cms":601.083,"strahler_order":8,"channel_class":"perennial","in_headwater_formation":0},"geometry":{"type":"LineString","coordinates":[[68.01875,42.98542],[68.01042,42.98958],[68.01875,43.00208],[68.01458,43.01458],[67.99375,43.00625],[67.98125,43.00625],[67.97292,43.01458]]}},{"type":"Feature","properties":{"hyriv_id":40259061,"system_id":"syr_darya","discharge_cms":601.487,"strahler_order":8,"channel_class":"perennial","in_headwater_formation":0},"geometry":{"type":"LineString","coordinates":[[68.15208,42.91458],[68.14375,42.93542],[68.16458,42.95208],[68.16042,42.95625]]}},{"type":"Feature","properties":{"hyriv_id":40261262,"system_id":"syr_darya","discharge_cms":601.736,"strahler_order":8,"channel_class":"perennial","in_headwater_formation":0},"geometry":{"type":"LineString","coordinates":[[68.13125,42.85208],[68.11042,42.87292],[68.08958,42.87708],[68.10208,42.88542],[68.13125,42.88958],[68.15208,42.90625],[68.15208,42.91458]]}},{"type":"Feature","properties":{"hyriv_id":40261848,"system_id":"syr_darya","discharge_cms":602.425,"strahler_order":8,"channel_class":"perennial","in_headwater_formation":0},"geometry":{"type":"LineString","coordinates":[[68.20208,42.84375],[68.19375,42.84792],[68.18125,42.83958],[68.15208,42.83542],[68.13125,42.85208]]}},{"type":"Feature","properties":{"hyriv_id":40261996,"system_id":"syr_darya","discharge_cms":602.811,"strahler_order":8,"channel_class":"perennial","in_headwater_formation":0},"geometry":{"type":"LineString","coordinates":[[68.19792,42.83125],[68.20208,42.84375]]}},{"type":"Feature","properties":{"hyriv_id":40263058,"system_id":"syr_darya","discharge_cms":602.85,"strahler_order":8,"channel_class":"perennial","in_headwater_formation":0},"geometry":{"type":"LineString","coordinates":[[68.22292,42.80208],[68.20625,42.81042],[68.19792,42.83125]]}},{"type":"Feature","properties":{"hyriv_id":40198356,"system_id":"syr_darya","discharge_cms":602.897,"strahler_order":8,"channel_class":"perennial","in_headwater_formation":0},"geometry":{"type":"LineString","coordinates":[[65.81042,44.67292],[65.80208,44.67292],[65.78958,44.66042],[65.78125,44.66875]]}},{"type":"Feature","properties":{"hyriv_id":40263324,"system_id":"syr_darya","discharge_cms":603.076,"strahler_order":8,"channel_class":"perennial","in_headwater_formation":0},"geometry":{"type":"LineString","coordinates":[[68.23125,42.79375],[68.22292,42.80208]]}},{"type":"Feature","properties":{"hyriv_id":40255417,"system_id":"syr_darya","discharge_cms":604.795,"strahler_order":8,"channel_class":"perennial","in_headwater_formation":0},"geometry":{"type":"LineString","coordinates":[[67.97292,43.01458],[67.96458,43.01458],[67.93958,43.04792]]}},{"type":"Feature","properties":{"hyriv_id":40254709,"system_id":"syr_darya","discharge_cms":604.862,"strahler_order":8,"channel_class":"perennial","in_headwater_formation":0},"geometry":{"type":"LineString","coordinates":[[67.93958,43.04792],[67.91458,43.03542]]}},{"type":"Feature","properties":{"hyriv_id":40197936,"system_id":"syr_darya","discharge_cms":604.973,"strahler_order":8,"channel_class":"perennial","in_headwater_formation":0},"geometry":{"type":"LineString","coordinates":[[65.81875,44.67292],[65.81042,44.67292]]}},{"type":"Feature","properties":{"hyriv_id":40254842,"system_id":"syr_darya","discharge_cms":604.995,"strahler_order":8,"channel_class":"perennial","in_headwater_formation":0},"geometry":{"type":"LineString","coordinates":[[67.91458,43.03542],[67.89792,43.03125]]}},{"type":"Feature","properties":{"hyriv_id":40254841,"system_id":"syr_darya","discharge_cms":605.07,"strahler_order":8,"channel_class":"perennial","in_headwater_formation":0},"geometry":{"type":"LineString","coordinates":[[67.89792,43.03125],[67.87708,43.04792],[67.87708,43.06875]]}},{"type":"Feature","properties":{"hyriv_id":40254274,"system_id":"syr_darya","discharge_cms":605.173,"strahler_order":8,"channel_class":"perennial","in_headwater_formation":0},"geometry":{"type":"LineString","coordinates":[[67.87708,43.06875],[67.87292,43.07292],[67.86875,43.06875],[67.86875,43.05625],[67.86042,43.04792],[67.84375,43.04792],[67.83542,43.05625]]}},{"type":"Feature","properties":{"hyriv_id":40253996,"system_id":"syr_darya","discharge_cms":605.45,"strahler_order":8,"channel_class":"perennial","in_headwater_formation":0},"geometry":{"type":"LineString","coordinates":[[67.83542,43.05625],[67.82708,43.06458],[67.82708,43.08542],[67.84375,43.11042],[67.86875,43.13125],[67.84375,43.15625],[67.86458,43.16875],[67.86458,43.18125]]}},{"type":"Feature","properties":{"hyriv_id":40199667,"system_id":"syr_darya","discharge_cms":605.499,"strahler_order":8,"channel_class":"perennial","in_headwater_formation":0},"geometry":{"type":"LineString","coordinates":[[65.88125,44.62292],[65.88125,44.63125],[65.89375,44.64375],[65.88958,44.65625],[65.87292,44.65625],[65.85625,44.64375],[65.83958,44.67292],[65.81875,44.67292]]}},{"type":"Feature","properties":{"hyriv_id":40249722,"system_id":"syr_darya","discharge_cms":605.686,"strahler_order":8,"channel_class":"perennial","in_headwater_formation":0},"geometry":{"type":"LineString","coordinates":[[67.86458,43.18125],[67.84375,43.18958]]}},{"type":"Feature","properties":{"hyriv_id":40249407,"system_id":"syr_darya","discharge_cms":605.766,"strahler_order":8,"channel_class":"perennial","in_headwater_formation":0},"geometry":{"type":"LineString","coordinates":[[67.84375,43.18958],[67.86458,43.20208],[67.87292,43.21458]]}},{"type":"Feature","properties":{"hyriv_id":40318070,"system_id":"syr_darya","discharge_cms":607.144,"strahler_order":7,"channel_class":"perennial","in_headwater_formation":0},"geometry":{"type":"LineString","coordinates":[[68.45208,41.08542],[68.43125,41.11042]]}},{"type":"Feature","properties":{"hyriv_id":40317352,"system_id":"syr_darya","discharge_cms":607.244,"strahler_order":7,"channel_class":"perennial","in_headwater_formation":0},"geometry":{"type":"LineString","coordinates":[[68.43125,41.11042],[68.40208,41.11042]]}},{"type":"Feature","properties":{"hyriv_id":40317350,"system_id":"syr_darya","discharge_cms":607.328,"strahler_order":7,"channel_class":"perennial","in_headwater_formation":0},"geometry":{"type":"LineString","coordinates":[[68.40208,41.11042],[68.38125,41.11042]]}},{"type":"Feature","properties":{"hyriv_id":40317348,"system_id":"syr_darya","discharge_cms":607.371,"strahler_order":7,"channel_class":"perennial","in_headwater_formation":0},"geometry":{"type":"LineString","coordinates":[[68.38125,41.11042],[68.36875,41.11042]]}},{"type":"Feature","properties":{"hyriv_id":40317460,"system_id":"syr_darya","discharge_cms":607.683,"strahler_order":7,"channel_class":"perennial","in_headwater_formation":0},"geometry":{"type":"LineString","coordinates":[[68.36875,41.11042],[68.31042,41.10625]]}},{"type":"Feature","properties":{"hyriv_id":40317459,"system_id":"syr_darya","discharge_cms":608.153,"strahler_order":7,"channel_class":"perennial","in_headwater_formation":0},"geometry":{"type":"LineString","coordinates":[[68.31042,41.10625],[68.30625,41.10625]]}},{"type":"Feature","properties":{"hyriv_id":40412593,"system_id":"amu_darya","discharge_cms":608.156,"strahler_order":7,"channel_class":"perennial","in_headwater_formation":1},"geometry":{"type":"LineString","coordinates":[[70.19792,37.93958],[70.18542,37.94375],[70.17708,37.93542]]}},{"type":"Feature","properties":{"hyriv_id":40317457,"system_id":"syr_darya","discharge_cms":608.198,"strahler_order":7,"channel_class":"perennial","in_headwater_formation":0},"geometry":{"type":"LineString","coordinates":[[68.30625,41.10625],[68.27292,41.10625]]}},{"type":"Feature","properties":{"hyriv_id":40317456,"system_id":"syr_darya","discharge_cms":608.361,"strahler_order":7,"channel_class":"perennial","in_headwater_formation":0},"geometry":{"type":"LineString","coordinates":[[68.27292,41.10625],[68.26875,41.10625]]}},{"type":"Feature","properties":{"hyriv_id":40317454,"system_id":"syr_darya","discharge_cms":608.637,"strahler_order":7,"channel_class":"perennial","in_headwater_formation":0},"geometry":{"type":"LineString","coordinates":[[68.26875,41.10625],[68.23958,41.10625]]}},{"type":"Feature","properties":{"hyriv_id":40413487,"system_id":"amu_darya","discharge_cms":609.425,"strahler_order":7,"channel_class":"perennial","in_headwater_formation":1},"geometry":{"type":"LineString","coordinates":[[70.17708,37.93542],[70.17292,37.93125],[70.17708,37.90625]]}},{"type":"Feature","properties":{"hyriv_id":40413852,"system_id":"amu_darya","discharge_cms":610.41,"strahler_order":7,"channel_class":"perennial","in_headwater_formation":1},"geometry":{"type":"LineString","coordinates":[[70.17708,37.90625],[70.18125,37.89375]]}},{"type":"Feature","properties":{"hyriv_id":40317452,"system_id":"syr_darya","discharge_cms":611.035,"strahler_order":7,"channel_class":"perennial","in_headwater_formation":0},"geometry":{"type":"LineString","coordinates":[[68.23958,41.10625],[68.19792,41.11042]]}},{"type":"Feature","properties":{"hyriv_id":40317346,"system_id":"syr_darya","discharge_cms":611.276,"strahler_order":7,"channel_class":"perennial","in_headwater_formation":0},"geometry":{"type":"LineString","coordinates":[[68.19792,41.11042],[68.15625,41.11875]]}},{"type":"Feature","properties":{"hyriv_id":40317112,"system_id":"syr_darya","discharge_cms":611.46,"strahler_order":7,"channel_class":"perennial","in_headwater_formation":0},"geometry":{"type":"LineString","coordinates":[[68.15625,41.11875],[68.14375,41.11875]]}},{"type":"Feature","properties":{"hyriv_id":40317111,"system_id":"syr_darya","discharge_cms":611.636,"strahler_order":7,"channel_class":"perennial","in_headwater_formation":0},"geometry":{"type":"LineString","coordinates":[[68.14375,41.11875],[68.13542,41.12292]]}},{"type":"Feature","properties":{"hyriv_id":40415261,"system_id":"amu_darya","discharge_cms":611.671,"strahler_order":7,"channel_class":"perennial","in_headwater_formation":1},"geometry":{"type":"LineString","coordinates":[[70.18125,37.89375],[70.17708,37.88125],[70.18542,37.85208],[70.19375,37.84375],[70.20625,37.84375]]}},{"type":"Feature","properties":{"hyriv_id":40316985,"system_id":"syr_darya","discharge_cms":611.717,"strahler_order":7,"channel_class":"perennial","in_headwater_formation":0},"geometry":{"type":"LineString","coordinates":[[68.13542,41.12292],[68.08542,41.13542]]}},{"type":"Feature","properties":{"hyriv_id":40415375,"system_id":"amu_darya","discharge_cms":612.092,"strahler_order":7,"channel_class":"perennial","in_headwater_formation":1},"geometry":{"type":"LineString","coordinates":[[70.20625,37.84375],[70.21042,37.83958]]}},{"type":"Feature","properties":{"hyriv_id":40316548,"system_id":"syr_darya","discharge_cms":612.306,"strahler_order":7,"channel_class":"perennial","in_headwater_formation":0},"geometry":{"type":"LineString","coordinates":[[68.08542,41.13542],[68.05625,41.14792]]}},{"type":"Feature","properties":{"hyriv_id":40316186,"system_id":"syr_darya","discharge_cms":612.376,"strahler_order":7,"channel_class":"perennial","in_headwater_formation":0},"geometry":{"type":"LineString","coordinates":[[68.05625,41.14792],[68.01042,41.17292]]}},{"type":"Feature","properties":{"hyriv_id":40315453,"system_id":"syr_darya","discharge_cms":612.447,"strahler_order":7,"channel_class":"perennial","in_headwater_formation":0},"geometry":{"type":"LineString","coordinates":[[68.01042,41.17292],[68.00208,41.18125]]}},{"type":"Feature","properties":{"hyriv_id":40199935,"system_id":"syr_darya","discharge_cms":612.961,"strahler_order":8,"channel_class":"perennial","in_headwater_formation":0},"geometry":{"type":"LineString","coordinates":[[65.91458,44.61458],[65.91042,44.62708],[65.89375,44.62708],[65.88542,44.61875],[65.88125,44.62292]]}},{"type":"Feature","properties":{"hyriv_id":40415501,"system_id":"amu_darya","discharge_cms":614.356,"strahler_order":7,"channel_class":"perennial","in_headwater_formation":1},"geometry":{"type":"LineString","coordinates":[[70.21042,37.83958],[70.21458,37.83542]]}},{"type":"Feature","properties":{"hyriv_id":40201267,"system_id":"syr_darya","discharge_cms":615.584,"strahler_order":8,"channel_class":"perennial","in_headwater_formation":0},"geometry":{"type":"LineString","coordinates":[[65.92292,44.57292],[65.91458,44.57708],[65.93125,44.58958],[65.91042,44.59792],[65.91458,44.61458]]}},{"type":"Feature","properties":{"hyriv_id":40415878,"system_id":"amu_darya","discharge_cms":616.612,"strahler_order":7,"channel_class":"perennial","in_headwater_formation":1},"geometry":{"type":"LineString","coordinates":[[70.21458,37.83542],[70.22292,37.83125],[70.25208,37.83542],[70.26875,37.82292]]}},{"type":"Feature","properties":{"hyriv_id":40201671,"system_id":"syr_darya","discharge_cms":619.592,"strahler_order":8,"channel_class":"perennial","in_headwater_formation":0},"geometry":{"type":"LineString","coordinates":[[65.95208,44.56042],[65.93542,44.57292],[65.92292,44.57292]]}},{"type":"Feature","properties":{"hyriv_id":40204068,"system_id":"syr_darya","discharge_cms":621.425,"strahler_order":8,"channel_class":"perennial","in_headwater_formation":0},"geometry":{"type":"LineString","coordinates":[[65.93542,44.48542],[65.91875,44.48958],[65.90625,44.50208],[65.94375,44.50625],[65.94792,44.53125],[65.93958,44.53958],[65.93958,44.55208],[65.95208,44.56042]]}},{"type":"Feature","properties":{"hyriv_id":40417586,"system_id":"amu_darya","discharge_cms":622.61,"strahler_order":7,"channel_class":"perennial","in_headwater_formation":1},"geometry":{"type":"LineString","coordinates":[[70.26875,37.82292],[70.28125,37.81458],[70.27292,37.79792],[70.29375,37.76458]]}},{"type":"Feature","properties":{"hyriv_id":40418004,"system_id":"amu_darya","discharge_cms":625.318,"strahler_order":7,"channel_class":"perennial","in_headwater_formation":1},"geometry":{"type":"LineString","coordinates":[[70.29375,37.76458],[70.28958,37.75208]]}},{"type":"Feature","properties":{"hyriv_id":40418908,"system_id":"amu_darya","discharge_cms":625.838,"strahler_order":7,"channel_class":"perennial","in_headwater_formation":1},"geometry":{"type":"LineString","coordinates":[[70.28958,37.75208],[70.30208,37.72292]]}},{"type":"Feature","properties":{"hyriv_id":40385262,"system_id":"amu_darya","discharge_cms":628.748,"strahler_order":6,"channel_class":"perennial","in_headwater_formation":1},"geometry":{"type":"LineString","coordinates":[[70.02292,38.86458],[70.01458,38.86042],[70.00208,38.86458],[69.98542,38.85625]]}},{"type":"Feature","properties":{"hyriv_id":40204646,"system_id":"syr_darya","discharge_cms":628.82,"strahler_order":8,"channel_class":"perennial","in_headwater_formation":0},"geometry":{"type":"LineString","coordinates":[[65.98958,44.47292],[65.97708,44.46875],[65.96458,44.48542],[65.93542,44.48542]]}},{"type":"Feature","properties":{"hyriv_id":40385404,"system_id":"amu_darya","discharge_cms":629.395,"strahler_order":6,"channel_class":"perennial","in_headwater_formation":1},"geometry":{"type":"LineString","coordinates":[[69.98542,38.85625],[69.98125,38.85208],[69.95625,38.85625]]}},{"type":"Feature","properties":{"hyriv_id":40419656,"system_id":"amu_darya","discharge_cms":630.296,"strahler_order":7,"channel_class":"perennial","in_headwater_formation":1},"geometry":{"type":"LineString","coordinates":[[70.30208,37.72292],[70.29375,37.71458],[70.30208,37.69792]]}},{"type":"Feature","properties":{"hyriv_id":40385403,"system_id":"amu_darya","discharge_cms":631.167,"strahler_order":6,"channel_class":"perennial","in_headwater_formation":1},"geometry":{"type":"LineString","coordinates":[[69.95625,38.85625],[69.93125,38.85208]]}},{"type":"Feature","properties":{"hyriv_id":40420558,"system_id":"amu_darya","discharge_cms":631.229,"strahler_order":7,"channel_class":"perennial","in_headwater_formation":1},"geometry":{"type":"LineString","coordinates":[[70.30208,37.69792],[70.27708,37.66875]]}},{"type":"Feature","properties":{"hyriv_id":40204498,"system_id":"syr_darya","discharge_cms":631.3,"strahler_order":8,"channel_class":"perennial","in_headwater_formation":0},"geometry":{"type":"LineString","coordinates":[[66.00625,44.48125],[65.98958,44.47292]]}},{"type":"Feature","properties":{"hyriv_id":40420688,"system_id":"amu_darya","discharge_cms":631.415,"strahler_order":7,"channel_class":"perennial","in_headwater_formation":1},"geometry":{"type":"LineString","coordinates":[[70.27708,37.66875],[70.27708,37.66458]]}},{"type":"Feature","properties":{"hyriv_id":40385779,"system_id":"amu_darya","discharge_cms":631.527,"strahler_order":6,"channel_class":"perennial","in_headwater_formation":1},"geometry":{"type":"LineString","coordinates":[[69.93125,38.85208],[69.91875,38.83958]]}},{"type":"Feature","properties":{"hyriv_id":40421223,"system_id":"amu_darya","discharge_cms":631.665,"strahler_order":7,"channel_class":"perennial","in_headwater_formation":1},"geometry":{"type":"LineString","coordinates":[[70.27708,37.66458],[70.27708,37.65625],[70.26458,37.64792]]}},{"type":"Feature","properties":{"hyriv_id":40386123,"system_id":"amu_darya","discharge_cms":631.755,"strahler_order":6,"channel_class":"perennial","in_headwater_formation":1},"geometry":{"type":"LineString","coordinates":[[69.91875,38.83958],[69.91458,38.82708]]}},{"type":"Feature","properties":{"hyriv_id":40421973,"system_id":"amu_darya","discharge_cms":631.982,"strahler_order":7,"channel_class":"perennial","in_headwater_formation":1},"geometry":{"type":"LineString","coordinates":[[70.26458,37.64792],[70.26042,37.63958],[70.26875,37.62292]]}},{"type":"Feature","properties":{"hyriv_id":40205009,"system_id":"syr_darya","discharge_cms":632.02,"strahler_order":8,"channel_class":"perennial","in_headwater_formation":0},"geometry":{"type":"LineString","coordinates":[[66.03542,44.45625],[66.00625,44.48125]]}},{"type":"Feature","properties":{"hyriv_id":40386542,"system_id":"amu_darya","discharge_cms":632.123,"strahler_order":6,"channel_class":"perennial","in_headwater_formation":1},"geometry":{"type":"LineString","coordinates":[[69.91458,38.82708],[69.89375,38.81458]]}},{"type":"Feature","properties":{"hyriv_id":40386915,"system_id":"amu_darya","discharge_cms":632.368,"strahler_order":6,"channel_class":"perennial","in_headwater_formation":1},"geometry":{"type":"LineString","coordinates":[[69.89375,38.81458],[69.87708,38.80208]]}},{"type":"Feature","properties":{"hyriv_id":40205010,"system_id":"syr_darya","discharge_cms":633.139,"strahler_order":8,"channel_class":"perennial","in_headwater_formation":0},"geometry":{"type":"LineString","coordinates":[[66.11458,44.47292],[66.10625,44.48542],[66.09375,44.48542],[66.07292,44.46875],[66.06458,44.46875],[66.06042,44.47292],[66.06458,44.48542],[66.05625,44.49375],[66.03958,44.47292],[66.03542,44.45625]]}},{"type":"Feature","properties":{"hyriv_id":40387312,"system_id":"amu_darya","discharge_cms":638.247,"strahler_order":6,"channel_class":"perennial","in_headwater_formation":1},"geometry":{"type":"LineString","coordinates":[[69.87708,38.80208],[69.86875,38.78958]]}},{"type":"Feature","properties":{"hyriv_id":40205160,"system_id":"syr_darya","discharge_cms":638.394,"strahler_order":8,"channel_class":"perennial","in_headwater_formation":0},"geometry":{"type":"LineString","coordinates":[[66.12708,44.45208],[66.11458,44.46042],[66.11458,44.47292]]}},{"type":"Feature","properties":{"hyriv_id":40387741,"system_id":"amu_darya","discharge_cms":638.63,"strahler_order":6,"channel_class":"perennial","in_headwater_formation":1},"geometry":{"type":"LineString","coordinates":[[69.86875,38.78958],[69.86042,38.77292]]}},{"type":"Feature","properties":{"hyriv_id":40205844,"system_id":"syr_darya","discharge_cms":639.468,"strahler_order":8,"channel_class":"perennial","in_headwater_formation":0},"geometry":{"type":"LineString","coordinates":[[66.19375,44.43125],[66.18542,44.43125],[66.17292,44.44792],[66.15625,44.43542],[66.14375,44.44792],[66.12708,44.45208]]}},{"type":"Feature","properties":{"hyriv_id":40388492,"system_id":"amu_darya","discharge_cms":640.254,"strahler_order":6,"channel_class":"perennial","in_headwater_formation":1},"geometry":{"type":"LineString","coordinates":[[69.86042,38.77292],[69.83542,38.74792]]}},{"type":"Feature","properties":{"hyriv_id":40388608,"system_id":"amu_darya","discharge_cms":640.467,"strahler_order":6,"channel_class":"perennial","in_headwater_formation":1},"geometry":{"type":"LineString","coordinates":[[69.83542,38.74792],[69.83125,38.74375]]}},{"type":"Feature","properties":{"hyriv_id":40206707,"system_id":"syr_darya","discharge_cms":642.66,"strahler_order":8,"channel_class":"perennial","in_headwater_formation":0},"geometry":{"type":"LineString","coordinates":[[66.21875,44.41458],[66.18125,44.40625],[66.17708,44.41458],[66.19792,44.42708],[66.19375,44.43125]]}},{"type":"Feature","properties":{"hyriv_id":40388729,"system_id":"amu_darya","discharge_cms":642.803,"strahler_order":6,"channel_class":"perennial","in_headwater_formation":1},"geometry":{"type":"LineString","coordinates":[[69.83125,38.74375],[69.82708,38.73958]]}},{"type":"Feature","properties":{"hyriv_id":40389640,"system_id":"amu_darya","discharge_cms":644.001,"strahler_order":6,"channel_class":"perennial","in_headwater_formation":1},"geometry":{"type":"LineString","coordinates":[[69.82708,38.73958],[69.78542,38.71042]]}},{"type":"Feature","properties":{"hyriv_id":40207275,"system_id":"syr_darya","discharge_cms":645.834,"strahler_order":8,"channel_class":"perennial","in_headwater_formation":0},"geometry":{"type":"LineString","coordinates":[[66.26458,44.40208],[66.25208,44.39375],[66.22292,44.38958],[66.21875,44.41458]]}},{"type":"Feature","properties":{"hyriv_id":40207843,"system_id":"syr_darya","discharge_cms":648.796,"strahler_order":8,"channel_class":"perennial","in_headwater_formation":0},"geometry":{"type":"LineString","coordinates":[[66.26875,44.37292],[66.26458,44.40208]]}},{"type":"Feature","properties":{"hyriv_id":40208401,"system_id":"syr_darya","discharge_cms":648.977,"strahler_order":8,"channel_class":"perennial","in_headwater_formation":0},"geometry":{"type":"LineString","coordinates":[[66.26042,44.35625],[66.25208,44.36458],[66.26875,44.37292]]}},{"type":"Feature","properties":{"hyriv_id":40209975,"system_id":"syr_darya","discharge_cms":649.945,"strahler_order":8,"channel_class":"perennial","in_headwater_formation":0},"geometry":{"type":"LineString","coordinates":[[66.28958,44.30625],[66.27292,44.32292],[66.27292,44.34375],[66.26042,44.35625]]}},{"type":"Feature","properties":{"hyriv_id":40390138,"system_id":"amu_darya","discharge_cms":650.499,"strahler_order":6,"channel_class":"perennial","in_headwater_formation":1},"geometry":{"type":"LineString","coordinates":[[69.78542,38.71042],[69.77708,38.69375]]}},{"type":"Feature","properties":{"hyriv_id":40390363,"system_id":"amu_darya","discharge_cms":651.182,"strahler_order":6,"channel_class":"perennial","in_headwater_formation":1},"geometry":{"type":"LineString","coordinates":[[69.77708,38.69375],[69.77292,38.68542]]}},{"type":"Feature","properties":{"hyriv_id":40422646,"system_id":"amu_darya","discharge_cms":651.445,"strahler_order":7,"channel_class":"perennial","in_headwater_formation":1},"geometry":{"type":"LineString","coordinates":[[70.26875,37.62292],[70.26458,37.61042],[70.24375,37.61458],[70.21458,37.60208]]}},{"type":"Feature","properties":{"hyriv_id":40390765,"system_id":"amu_darya","discharge_cms":651.453,"strahler_order":6,"channel_class":"perennial","in_headwater_formation":1},"geometry":{"type":"LineString","coordinates":[[69.77292,38.68542],[69.77708,38.67292]]}},{"type":"Feature","properties":{"hyriv_id":40212588,"system_id":"syr_darya","discharge_cms":652.096,"strahler_order":8,"channel_class":"perennial","in_headwater_formation":0},"geometry":{"type":"LineString","coordinates":[[66.41875,44.22708],[66.38958,44.24792],[66.38542,44.27292],[66.37708,44.28125],[66.36458,44.27292],[66.34792,44.27292],[66.33542,44.28125],[66.34792,44.29375],[66.33958,44.30625],[66.30625,44.29792],[66.28958,44.30625]]}},{"type":"Feature","properties":{"hyriv_id":40423149,"system_id":"amu_darya","discharge_cms":652.766,"strahler_order":7,"channel_class":"perennial","in_headwater_formation":1},"geometry":{"type":"LineString","coordinates":[[70.21458,37.60208],[70.21875,37.58958],[70.21458,37.58542]]}},{"type":"Feature","properties":{"hyriv_id":40391772,"system_id":"amu_darya","discharge_cms":653.422,"strahler_order":6,"channel_class":"perennial","in_headwater_formation":1},"geometry":{"type":"LineString","coordinates":[[69.77708,38.67292],[69.73542,38.63958]]}},{"type":"Feature","properties":{"hyriv_id":40391886,"system_id":"amu_darya","discharge_cms":653.644,"strahler_order":6,"channel_class":"perennial","in_headwater_formation":1},"geometry":{"type":"LineString","coordinates":[[69.73542,38.63958],[69.73125,38.63542]]}},{"type":"Feature","properties":{"hyriv_id":40423680,"system_id":"amu_darya","discharge_cms":653.653,"strahler_order":7,"channel_class":"perennial","in_headwater_formation":1},"geometry":{"type":"LineString","coordinates":[[70.21458,37.58542],[70.20625,37.58125],[70.21458,37.57292],[70.21042,37.56875]]}},{"type":"Feature","properties":{"hyriv_id":40423957,"system_id":"amu_darya","discharge_cms":653.984,"strahler_order":7,"channel_class":"perennial","in_headwater_formation":1},"geometry":{"type":"LineString","coordinates":[[70.21042,37.56875],[70.19792,37.56458],[70.18542,37.56875],[70.18125,37.56042]]}},{"type":"Feature","properties":{"hyriv_id":40392369,"system_id":"amu_darya","discharge_cms":654.174,"strahler_order":6,"channel_class":"perennial","in_headwater_formation":1},"geometry":{"type":"LineString","coordinates":[[69.73125,38.63542],[69.71042,38.61875]]}},{"type":"Feature","properties":{"hyriv_id":40392594,"system_id":"amu_darya","discharge_cms":654.506,"strahler_order":6,"channel_class":"perennial","in_headwater_formation":1},"geometry":{"type":"LineString","coordinates":[[69.71042,38.61875],[69.70208,38.61042]]}},{"type":"Feature","properties":{"hyriv_id":40392979,"system_id":"amu_darya","discharge_cms":654.722,"strahler_order":6,"channel_class":"perennial","in_headwater_formation":1},"geometry":{"type":"LineString","coordinates":[[69.70208,38.61042],[69.69792,38.59792]]}},{"type":"Feature","properties":{"hyriv_id":40393692,"system_id":"amu_darya","discharge_cms":655.421,"strahler_order":6,"channel_class":"perennial","in_headwater_formation":1},"geometry":{"type":"LineString","coordinates":[[69.69792,38.59792],[69.69792,38.58958],[69.68542,38.57708]]}},{"type":"Feature","properties":{"hyriv_id":40424828,"system_id":"amu_darya","discharge_cms":655.451,"strahler_order":7,"channel_class":"perennial","in_headwater_formation":1},"geometry":{"type":"LineString","coordinates":[[70.18125,37.56042],[70.17292,37.53542],[70.15625,37.53125]]}},{"type":"Feature","properties":{"hyriv_id":40394325,"system_id":"amu_darya","discharge_cms":656.481,"strahler_order":6,"channel_class":"perennial","in_headwater_formation":1},"geometry":{"type":"LineString","coordinates":[[69.68542,38.57708],[69.66042,38.55625]]}},{"type":"Feature","properties":{"hyriv_id":40395197,"system_id":"amu_darya","discharge_cms":657.694,"strahler_order":6,"channel_class":"perennial","in_headwater_formation":1},"geometry":{"type":"LineString","coordinates":[[69.66042,38.55625],[69.65625,38.53958],[69.63958,38.52708]]}},{"type":"Feature","properties":{"hyriv_id":40424827,"system_id":"amu_darya","discharge_cms":658.453,"strahler_order":7,"channel_class":"perennial","in_headwater_formation":1},"geometry":{"type":"LineString","coordinates":[[70.15625,37.53125],[70.14792,37.53125]]}},{"type":"Feature","properties":{"hyriv_id":40396152,"system_id":"amu_darya","discharge_cms":659.021,"strahler_order":6,"channel_class":"perennial","in_headwater_formation":1},"geometry":{"type":"LineString","coordinates":[[69.63958,38.52708],[69.61458,38.49375]]}},{"type":"Feature","properties":{"hyriv_id":40425090,"system_id":"amu_darya","discharge_cms":659.091,"strahler_order":7,"channel_class":"perennial","in_headwater_formation":1},"geometry":{"type":"LineString","coordinates":[[70.14792,37.53125],[70.13125,37.52292],[70.12292,37.52708],[70.11042,37.52292],[70.08125,37.53958]]}},{"type":"Feature","properties":{"hyriv_id":40396151,"system_id":"amu_darya","discharge_cms":659.438,"strahler_order":6,"channel_class":"perennial","in_headwater_formation":1},"geometry":{"type":"LineString","coordinates":[[69.61458,38.49375],[69.61042,38.49375]]}},{"type":"Feature","properties":{"hyriv_id":40248427,"system_id":"syr_darya","discharge_cms":659.618,"strahler_order":8,"channel_class":"perennial","in_headwater_formation":0},"geometry":{"type":"LineString","coordinates":[[67.87292,43.21458],[67.86042,43.21875]]}},{"type":"Feature","properties":{"hyriv_id":40248288,"system_id":"syr_darya","discharge_cms":659.843,"strahler_order":8,"channel_class":"perennial","in_headwater_formation":0},"geometry":{"type":"LineString","coordinates":[[67.86042,43.21875],[67.83125,43.22292]]}},{"type":"Feature","properties":{"hyriv_id":40248116,"system_id":"syr_darya","discharge_cms":659.908,"strahler_order":8,"channel_class":"perennial","in_headwater_formation":0},"geometry":{"type":"LineString","coordinates":[[67.83125,43.22292],[67.78542,43.22708]]}},{"type":"Feature","properties":{"hyriv_id":40247960,"system_id":"syr_darya","discharge_cms":660.017,"strahler_order":8,"channel_class":"perennial","in_headwater_formation":0},"geometry":{"type":"LineString","coordinates":[[67.78542,43.22708],[67.79375,43.23542],[67.82292,43.24375],[67.82708,43.24792],[67.82292,43.25625]]}},{"type":"Feature","properties":{"hyriv_id":40214974,"system_id":"syr_darya","discharge_cms":660.107,"strahler_order":8,"channel_class":"perennial","in_headwater_formation":0},"geometry":{"type":"LineString","coordinates":[[66.39375,44.16042],[66.39375,44.16875],[66.41875,44.19792],[66.40208,44.21875],[66.41875,44.22708]]}},{"type":"Feature","properties":{"hyriv_id":40396904,"system_id":"amu_darya","discharge_cms":660.95,"strahler_order":6,"channel_class":"perennial","in_headwater_formation":1},"geometry":{"type":"LineString","coordinates":[[69.61042,38.49375],[69.56875,38.46875]]}},{"type":"Feature","properties":{"hyriv_id":40397572,"system_id":"amu_darya","discharge_cms":661.34,"strahler_order":6,"channel_class":"perennial","in_headwater_formation":1},"geometry":{"type":"LineString","coordinates":[[69.56875,38.46875],[69.55625,38.45625],[69.56042,38.44792]]}},{"type":"Feature","properties":{"hyriv_id":40246894,"system_id":"syr_darya","discharge_cms":661.713,"strahler_order":8,"channel_class":"perennial","in_headwater_formation":0},"geometry":{"type":"LineString","coordinates":[[67.82292,43.25625],[67.79792,43.26042],[67.78958,43.25625],[67.77292,43.27708],[67.79792,43.28125],[67.81042,43.29375]]}},{"type":"Feature","properties":{"hyriv_id":40424613,"system_id":"amu_darya","discharge_cms":661.752,"strahler_order":7,"channel_class":"perennial","in_headwater_formation":1},"geometry":{"type":"LineString","coordinates":[[70.08125,37.53958],[70.07708,37.54375]]}},{"type":"Feature","properties":{"hyriv_id":40245609,"system_id":"syr_darya","discharge_cms":661.79,"strahler_order":8,"channel_class":"perennial","in_headwater_formation":0},"geometry":{"type":"LineString","coordinates":[[67.81042,43.29375],[67.79375,43.31042],[67.79792,43.32292]]}},{"type":"Feature","properties":{"hyriv_id":40397858,"system_id":"amu_darya","discharge_cms":661.948,"strahler_order":6,"channel_class":"perennial","in_headwater_formation":1},"geometry":{"type":"LineString","coordinates":[[69.56042,38.44792],[69.55625,38.43958],[69.53125,38.43958]]}},{"type":"Feature","properties":{"hyriv_id":40397857,"system_id":"amu_darya","discharge_cms":662.228,"strahler_order":6,"channel_class":"perennial","in_headwater_formation":1},"geometry":{"type":"LineString","coordinates":[[69.53125,38.43958],[69.52292,38.43958],[69.51875,38.44792]]}},{"type":"Feature","properties":{"hyriv_id":40424475,"system_id":"amu_darya","discharge_cms":662.315,"strahler_order":7,"channel_class":"perennial","in_headwater_formation":1},"geometry":{"type":"LineString","coordinates":[[70.07708,37.54375],[70.06875,37.55625]]}},{"type":"Feature","properties":{"hyriv_id":40244579,"system_id":"syr_darya","discharge_cms":662.574,"strahler_order":8,"channel_class":"perennial","in_headwater_formation":0},"geometry":{"type":"LineString","coordinates":[[67.79792,43.32292],[67.78958,43.33125]]}},{"type":"Feature","properties":{"hyriv_id":40397570,"system_id":"amu_darya","discharge_cms":662.641,"strahler_order":6,"channel_class":"perennial","in_headwater_formation":1},"geometry":{"type":"LineString","coordinates":[[69.51875,38.44792],[69.51458,38.45208],[69.51042,38.44792]]}},{"type":"Feature","properties":{"hyriv_id":40244295,"system_id":"syr_darya","discharge_cms":662.75,"strahler_order":8,"channel_class":"perennial","in_headwater_formation":0},"geometry":{"type":"LineString","coordinates":[[67.78958,43.33125],[67.73125,43.33542],[67.71458,43.34792],[67.71875,43.35625],[67.74375,43.35208],[67.74792,43.35625],[67.73958,43.36458]]}},{"type":"Feature","properties":{"hyriv_id":40424231,"system_id":"amu_darya","discharge_cms":663.093,"strahler_order":7,"channel_class":"perennial","in_headwater_formation":1},"geometry":{"type":"LineString","coordinates":[[70.06875,37.55625],[70.03958,37.56042],[70.01875,37.55208]]}},{"type":"Feature","properties":{"hyriv_id":40216592,"system_id":"syr_darya","discharge_cms":663.473,"strahler_order":8,"channel_class":"perennial","in_headwater_formation":0},"geometry":{"type":"LineString","coordinates":[[66.45625,44.11458],[66.44792,44.13542],[66.43542,44.13125],[66.42708,44.13542],[66.43125,44.15625],[66.42708,44.16458],[66.41458,44.15625],[66.39375,44.16042]]}},{"type":"Feature","properties":{"hyriv_id":40424230,"system_id":"amu_darya","discharge_cms":663.639,"strahler_order":7,"channel_class":"perennial","in_headwater_formation":1},"geometry":{"type":"LineString","coordinates":[[70.01875,37.55208],[70.00625,37.55208],[69.99375,37.56875],[69.97708,37.56458]]}},{"type":"Feature","properties":{"hyriv_id":40398274,"system_id":"amu_darya","discharge_cms":663.854,"strahler_order":6,"channel_class":"perennial","in_headwater_formation":1},"geometry":{"type":"LineString","coordinates":[[69.51042,38.44792],[69.49792,38.42708]]}},{"type":"Feature","properties":{"hyriv_id":40423828,"system_id":"amu_darya","discharge_cms":664.502,"strahler_order":7,"channel_class":"perennial","in_headwater_formation":1},"geometry":{"type":"LineString","coordinates":[[69.97708,37.56458],[69.95625,37.56458]]}},{"type":"Feature","properties":{"hyriv_id":40398409,"system_id":"amu_darya","discharge_cms":664.561,"strahler_order":6,"channel_class":"perennial","in_headwater_formation":1},"geometry":{"type":"LineString","coordinates":[[69.49792,38.42708],[69.49375,38.42292]]}},{"type":"Feature","properties":{"hyriv_id":40224819,"system_id":"syr_darya","discharge_cms":664.697,"strahler_order":8,"channel_class":"perennial","in_headwater_formation":0},"geometry":{"type":"LineString","coordinates":[[67.20208,43.87708],[67.17708,43.89792]]}},{"type":"Feature","properties":{"hyriv_id":40399139,"system_id":"amu_darya","discharge_cms":664.708,"strahler_order":6,"channel_class":"perennial","in_headwater_formation":1},"geometry":{"type":"LineString","coordinates":[[69.49375,38.42292],[69.48958,38.41042],[69.46458,38.39792]]}},{"type":"Feature","properties":{"hyriv_id":40423827,"system_id":"amu_darya","discharge_cms":664.762,"strahler_order":7,"channel_class":"perennial","in_headwater_formation":1},"geometry":{"type":"LineString","coordinates":[[69.95625,37.56458],[69.95208,37.57708]]}},{"type":"Feature","properties":{"hyriv_id":40399854,"system_id":"amu_darya","discharge_cms":664.78,"strahler_order":6,"channel_class":"perennial","in_headwater_formation":1},"geometry":{"type":"LineString","coordinates":[[69.46458,38.39792],[69.43542,38.37292]]}},{"type":"Feature","properties":{"hyriv_id":40223174,"system_id":"syr_darya","discharge_cms":664.856,"strahler_order":8,"channel_class":"perennial","in_headwater_formation":0},"geometry":{"type":"LineString","coordinates":[[67.14792,43.92292],[67.11458,43.93125]]}},{"type":"Feature","properties":{"hyriv_id":40400245,"system_id":"amu_darya","discharge_cms":664.943,"strahler_order":6,"channel_class":"perennial","in_headwater_formation":1},"geometry":{"type":"LineString","coordinates":[[69.43542,38.37292],[69.42292,38.36042]]}},{"type":"Feature","properties":{"hyriv_id":40227358,"system_id":"syr_darya","discharge_cms":664.968,"strahler_order":8,"channel_class":"perennial","in_headwater_formation":0},"geometry":{"type":"LineString","coordinates":[[67.21042,43.80625],[67.21042,43.82292],[67.22292,43.83542],[67.22292,43.84375],[67.20208,43.86458],[67.20208,43.87708]]}},{"type":"Feature","properties":{"hyriv_id":40220765,"system_id":"syr_darya","discharge_cms":665.033,"strahler_order":8,"channel_class":"perennial","in_headwater_formation":0},"geometry":{"type":"LineString","coordinates":[[66.99375,44.00625],[66.97708,43.98958],[66.95625,43.98958],[66.93958,44.00208],[66.93125,44.00208],[66.92708,43.99375]]}},{"type":"Feature","properties":{"hyriv_id":40221919,"system_id":"syr_darya","discharge_cms":665.033,"strahler_order":8,"channel_class":"perennial","in_headwater_formation":0},"geometry":{"type":"LineString","coordinates":[[67.04792,43.96458],[67.03125,43.95625],[67.01458,43.96042],[67.01458,43.96875],[67.03542,43.99792],[67.02708,44.01458]]}},{"type":"Feature","properties":{"hyriv_id":40220190,"system_id":"syr_darya","discharge_cms":665.055,"strahler_order":8,"channel_class":"perennial","in_headwater_formation":0},"geometry":{"type":"LineString","coordinates":[[67.02708,44.01458],[67.00208,44.01458],[66.99375,44.00625]]}},{"type":"Feature","properties":{"hyriv_id":40401055,"system_id":"amu_darya","discharge_cms":665.098,"strahler_order":6,"channel_class":"perennial","in_headwater_formation":1},"geometry":{"type":"LineString","coordinates":[[69.42292,38.36042],[69.41042,38.35208],[69.39375,38.35208],[69.37292,38.33125]]}},{"type":"Feature","properties":{"hyriv_id":40221036,"system_id":"syr_darya","discharge_cms":665.101,"strahler_order":8,"channel_class":"perennial","in_headwater_formation":0},"geometry":{"type":"LineString","coordinates":[[66.92708,43.99375],[66.91875,43.98125]]}},{"type":"Feature","properties":{"hyriv_id":40221495,"system_id":"syr_darya","discharge_cms":665.143,"strahler_order":8,"channel_class":"perennial","in_headwater_formation":0},"geometry":{"type":"LineString","coordinates":[[66.91875,43.98125],[66.89792,43.96875]]}},{"type":"Feature","properties":{"hyriv_id":40401177,"system_id":"amu_darya","discharge_cms":665.304,"strahler_order":6,"channel_class":"perennial","in_headwater_formation":1},"geometry":{"type":"LineString","coordinates":[[69.36458,38.32708],[69.31458,38.32708]]}},{"type":"Feature","properties":{"hyriv_id":40224511,"system_id":"syr_darya","discharge_cms":665.359,"strahler_order":8,"channel_class":"perennial","in_headwater_formation":0},"geometry":{"type":"LineString","coordinates":[[67.15208,43.88542],[67.16042,43.91042],[67.14792,43.92292]]}},{"type":"Feature","properties":{"hyriv_id":40401178,"system_id":"amu_darya","discharge_cms":665.533,"strahler_order":6,"channel_class":"perennial","in_headwater_formation":1},"geometry":{"type":"LineString","coordinates":[[69.37292,38.33125],[69.36458,38.32708]]}},{"type":"Feature","properties":{"hyriv_id":40222231,"system_id":"syr_darya","discharge_cms":665.552,"strahler_order":8,"channel_class":"perennial","in_headwater_formation":0},"geometry":{"type":"LineString","coordinates":[[66.89792,43.96875],[66.88542,43.97292],[66.87708,43.96458],[66.88125,43.95208],[66.87708,43.94792],[66.86042,43.96458],[66.85208,43.96042]]}},{"type":"Feature","properties":{"hyriv_id":40222850,"system_id":"syr_darya","discharge_cms":665.588,"strahler_order":8,"channel_class":"perennial","in_headwater_formation":0},"geometry":{"type":"LineString","coordinates":[[66.85208,43.96042],[66.81875,43.93125]]}},{"type":"Feature","properties":{"hyriv_id":40222849,"system_id":"syr_darya","discharge_cms":665.646,"strahler_order":8,"channel_class":"perennial","in_headwater_formation":0},"geometry":{"type":"LineString","coordinates":[[66.81875,43.93125],[66.80625,43.93125],[66.77292,43.94792]]}},{"type":"Feature","properties":{"hyriv_id":40224654,"system_id":"syr_darya","discharge_cms":665.951,"strahler_order":8,"channel_class":"perennial","in_headwater_formation":0},"geometry":{"type":"LineString","coordinates":[[67.17708,43.89792],[67.16875,43.89792],[67.15625,43.88125],[67.15208,43.88542]]}},{"type":"Feature","properties":{"hyriv_id":40227542,"system_id":"syr_darya","discharge_cms":666.049,"strahler_order":8,"channel_class":"perennial","in_headwater_formation":0},"geometry":{"type":"LineString","coordinates":[[67.26042,43.80625],[67.24792,43.81042],[67.22292,43.81042],[67.21458,43.80208],[67.21042,43.80625]]}},{"type":"Feature","properties":{"hyriv_id":40223022,"system_id":"syr_darya","discharge_cms":666.221,"strahler_order":8,"channel_class":"perennial","in_headwater_formation":0},"geometry":{"type":"LineString","coordinates":[[67.07708,43.92708],[67.06042,43.93958],[67.04792,43.96458]]}},{"type":"Feature","properties":{"hyriv_id":40243211,"system_id":"syr_darya","discharge_cms":666.348,"strahler_order":8,"channel_class":"perennial","in_headwater_formation":0},"geometry":{"type":"LineString","coordinates":[[67.73958,43.36458],[67.70625,43.36875]]}},{"type":"Feature","properties":{"hyriv_id":40245030,"system_id":"syr_darya","discharge_cms":666.448,"strahler_order":8,"channel_class":"perennial","in_headwater_formation":0},"geometry":{"type":"LineString","coordinates":[[67.70625,43.36875],[67.68125,43.34792],[67.68542,43.31875],[67.68125,43.31042]]}},{"type":"Feature","properties":{"hyriv_id":40223023,"system_id":"syr_darya","discharge_cms":666.727,"strahler_order":8,"channel_class":"perennial","in_headwater_formation":0},"geometry":{"type":"LineString","coordinates":[[67.11458,43.93125],[67.07708,43.92708]]}},{"type":"Feature","properties":{"hyriv_id":40245029,"system_id":"syr_darya","discharge_cms":666.776,"strahler_order":8,"channel_class":"perennial","in_headwater_formation":0},"geometry":{"type":"LineString","coordinates":[[67.68125,43.31042],[67.66042,43.32708],[67.66458,43.36875],[67.61875,43.38125],[67.62292,43.39375],[67.64375,43.38958],[67.65208,43.39792],[67.64375,43.40625]]}},{"type":"Feature","properties":{"hyriv_id":40227701,"system_id":"syr_darya","discharge_cms":666.836,"strahler_order":8,"channel_class":"perennial","in_headwater_formation":0},"geometry":{"type":"LineString","coordinates":[[67.27708,43.79792],[67.26042,43.80625]]}},{"type":"Feature","properties":{"hyriv_id":40401176,"system_id":"amu_darya","discharge_cms":666.911,"strahler_order":6,"channel_class":"perennial","in_headwater_formation":1},"geometry":{"type":"LineString","coordinates":[[69.31458,38.32708],[69.31042,38.32708]]}},{"type":"Feature","properties":{"hyriv_id":40400831,"system_id":"amu_darya","discharge_cms":666.945,"strahler_order":6,"channel_class":"perennial","in_headwater_formation":1},"geometry":{"type":"LineString","coordinates":[[69.30208,38.33958],[69.32292,38.34792],[69.35208,38.37708],[69.34792,38.38125]]}},{"type":"Feature","properties":{"hyriv_id":40228018,"system_id":"syr_darya","discharge_cms":667.049,"strahler_order":8,"channel_class":"perennial","in_headwater_formation":0},"geometry":{"type":"LineString","coordinates":[[67.28542,43.78958],[67.27708,43.79792]]}},{"type":"Feature","properties":{"hyriv_id":40401175,"system_id":"amu_darya","discharge_cms":667.061,"strahler_order":6,"channel_class":"perennial","in_headwater_formation":1},"geometry":{"type":"LineString","coordinates":[[69.31042,38.32708],[69.30208,38.33958]]}},{"type":"Feature","properties":{"hyriv_id":40229101,"system_id":"syr_darya","discharge_cms":667.089,"strahler_order":8,"channel_class":"perennial","in_headwater_formation":0},"geometry":{"type":"LineString","coordinates":[[67.27708,43.76042],[67.28542,43.76875],[67.28542,43.78958]]}},{"type":"Feature","properties":{"hyriv_id":40399622,"system_id":"amu_darya","discharge_cms":667.26,"strahler_order":6,"channel_class":"perennial","in_headwater_formation":1},"geometry":{"type":"LineString","coordinates":[[69.33542,38.38542],[69.31458,38.38125],[69.30208,38.38542]]}},{"type":"Feature","properties":{"hyriv_id":40399623,"system_id":"amu_darya","discharge_cms":667.337,"strahler_order":6,"channel_class":"perennial","in_headwater_formation":1},"geometry":{"type":"LineString","coordinates":[[69.34792,38.38125],[69.33542,38.38542]]}},{"type":"Feature","properties":{"hyriv_id":40230526,"system_id":"syr_darya","discharge_cms":667.529,"strahler_order":8,"channel_class":"perennial","in_headwater_formation":0},"geometry":{"type":"LineString","coordinates":[[67.35208,43.74375],[67.33125,43.74792],[67.32292,43.73958],[67.32708,43.72708],[67.31458,43.72292],[67.30208,43.74375],[67.28542,43.74792],[67.27708,43.76042]]}},{"type":"Feature","properties":{"hyriv_id":40231361,"system_id":"syr_darya","discharge_cms":667.587,"strahler_order":8,"channel_class":"perennial","in_headwater_formation":0},"geometry":{"type":"LineString","coordinates":[[67.36875,43.69792],[67.34375,43.72292],[67.35208,43.73958]]}},{"type":"Feature","properties":{"hyriv_id":40423393,"system_id":"amu_darya","discharge_cms":667.676,"strahler_order":7,"channel_class":"perennial","in_headwater_formation":1},"geometry":{"type":"LineString","coordinates":[[69.95208,37.57708],[69.94375,37.60625]]}},{"type":"Feature","properties":{"hyriv_id":40231626,"system_id":"syr_darya","discharge_cms":668.087,"strahler_order":8,"channel_class":"perennial","in_headwater_formation":0},"geometry":{"type":"LineString","coordinates":[[67.39375,43.68958],[67.36875,43.69792]]}},{"type":"Feature","properties":{"hyriv_id":40216593,"system_id":"syr_darya","discharge_cms":668.143,"strahler_order":8,"channel_class":"perennial","in_headwater_formation":0},"geometry":{"type":"LineString","coordinates":[[66.50625,44.13958],[66.48958,44.13958],[66.47708,44.12708],[66.46458,44.12708],[66.45625,44.11458]]}},{"type":"Feature","properties":{"hyriv_id":40222230,"system_id":"syr_darya","discharge_cms":668.24,"strahler_order":8,"channel_class":"perennial","in_headwater_formation":0},"geometry":{"type":"LineString","coordinates":[[66.77292,43.94792],[66.73958,43.96875],[66.72708,43.96875],[66.71458,43.95208],[66.70208,43.95208]]}},{"type":"Feature","properties":{"hyriv_id":40222077,"system_id":"syr_darya","discharge_cms":668.299,"strahler_order":8,"channel_class":"perennial","in_headwater_formation":0},"geometry":{"type":"LineString","coordinates":[[66.70208,43.95208],[66.67708,43.95208],[66.64792,43.96875],[66.63125,43.96042]]}},{"type":"Feature","properties":{"hyriv_id":40221918,"system_id":"syr_darya","discharge_cms":668.33,"strahler_order":8,"channel_class":"perennial","in_headwater_formation":0},"geometry":{"type":"LineString","coordinates":[[66.63125,43.96042],[66.60625,43.95625],[66.58958,43.98125]]}},{"type":"Feature","properties":{"hyriv_id":40221186,"system_id":"syr_darya","discharge_cms":668.366,"strahler_order":8,"channel_class":"perennial","in_headwater_formation":0},"geometry":{"type":"LineString","coordinates":[[66.58958,43.98125],[66.56875,43.97708]]}},{"type":"Feature","properties":{"hyriv_id":40232509,"system_id":"syr_darya","discharge_cms":668.371,"strahler_order":8,"channel_class":"perennial","in_headwater_formation":0},"geometry":{"type":"LineString","coordinates":[[67.39375,43.66458],[67.40208,43.67292],[67.39792,43.68542]]}},{"type":"Feature","properties":{"hyriv_id":40231758,"system_id":"syr_darya","discharge_cms":668.414,"strahler_order":8,"channel_class":"perennial","in_headwater_formation":0},"geometry":{"type":"LineString","coordinates":[[67.39792,43.68542],[67.39375,43.68958]]}},{"type":"Feature","properties":{"hyriv_id":40399621,"system_id":"amu_darya","discharge_cms":668.423,"strahler_order":6,"channel_class":"perennial","in_headwater_formation":1},"geometry":{"type":"LineString","coordinates":[[69.30208,38.38542],[69.29792,38.38125],[69.27292,38.38542]]}},{"type":"Feature","properties":{"hyriv_id":40399498,"system_id":"amu_darya","discharge_cms":668.641,"strahler_order":6,"channel_class":"perennial","in_headwater_formation":1},"geometry":{"type":"LineString","coordinates":[[69.27292,38.38542],[69.26875,38.38958]]}},{"type":"Feature","properties":{"hyriv_id":40232940,"system_id":"syr_darya","discharge_cms":668.671,"strahler_order":8,"channel_class":"perennial","in_headwater_formation":0},"geometry":{"type":"LineString","coordinates":[[67.41458,43.65208],[67.39375,43.66458]]}},{"type":"Feature","properties":{"hyriv_id":40241716,"system_id":"syr_darya","discharge_cms":668.68,"strahler_order":8,"channel_class":"perennial","in_headwater_formation":0},"geometry":{"type":"LineString","coordinates":[[67.64375,43.40625],[67.62292,43.41458]]}},{"type":"Feature","properties":{"hyriv_id":40241431,"system_id":"syr_darya","discharge_cms":668.712,"strahler_order":8,"channel_class":"perennial","in_headwater_formation":0},"geometry":{"type":"LineString","coordinates":[[67.62292,43.41458],[67.61458,43.41458]]}},{"type":"Feature","properties":{"hyriv_id":40399136,"system_id":"amu_darya","discharge_cms":668.744,"strahler_order":6,"channel_class":"perennial","in_headwater_formation":1},"geometry":{"type":"LineString","coordinates":[[69.26042,38.39792],[69.25625,38.40208],[69.24375,38.39792]]}},{"type":"Feature","properties":{"hyriv_id":40399386,"system_id":"amu_darya","discharge_cms":668.753,"strahler_order":6,"channel_class":"perennial","in_headwater_formation":1},"geometry":{"type":"LineString","coordinates":[[69.26875,38.38958],[69.26042,38.39792]]}},{"type":"Feature","properties":{"hyriv_id":40233665,"system_id":"syr_darya","discharge_cms":668.778,"strahler_order":8,"channel_class":"perennial","in_headwater_formation":0},"geometry":{"type":"LineString","coordinates":[[67.43958,43.63125],[67.43542,43.63542]]}},{"type":"Feature","properties":{"hyriv_id":40234696,"system_id":"syr_darya","discharge_cms":668.805,"strahler_order":8,"channel_class":"perennial","in_headwater_formation":0},"geometry":{"type":"LineString","coordinates":[[67.45625,43.60208],[67.43958,43.63125]]}},{"type":"Feature","properties":{"hyriv_id":40229891,"system_id":"syr_darya","discharge_cms":668.806,"strahler_order":8,"channel_class":"perennial","in_headwater_formation":0},"geometry":{"type":"LineString","coordinates":[[67.35208,43.73958],[67.35208,43.74375]]}},{"type":"Feature","properties":{"hyriv_id":40241715,"system_id":"syr_darya","discharge_cms":668.855,"strahler_order":8,"channel_class":"perennial","in_headwater_formation":0},"geometry":{"type":"LineString","coordinates":[[67.61458,43.41458],[67.58542,43.40625]]}},{"type":"Feature","properties":{"hyriv_id":40422508,"system_id":"amu_darya","discharge_cms":668.898,"strahler_order":7,"channel_class":"perennial","in_headwater_formation":1},"geometry":{"type":"LineString","coordinates":[[69.94375,37.60625],[69.93125,37.61042]]}},{"type":"Feature","properties":{"hyriv_id":40233220,"system_id":"syr_darya","discharge_cms":668.915,"strahler_order":8,"channel_class":"perennial","in_headwater_formation":0},"geometry":{"type":"LineString","coordinates":[[67.42708,43.64375],[67.41458,43.65208]]}},{"type":"Feature","properties":{"hyriv_id":40233520,"system_id":"syr_darya","discharge_cms":669.053,"strahler_order":8,"channel_class":"perennial","in_headwater_formation":0},"geometry":{"type":"LineString","coordinates":[[67.43542,43.63542],[67.42708,43.64375]]}},{"type":"Feature","properties":{"hyriv_id":40409737,"system_id":"amu_darya","discharge_cms":669.12,"strahler_order":6,"channel_class":"perennial","in_headwater_formation":1},"geometry":{"type":"LineString","coordinates":[[69.05208,38.06875],[69.04792,38.05208],[69.06458,38.04375],[69.07292,38.03125]]}},{"type":"Feature","properties":{"hyriv_id":40408565,"system_id":"amu_darya","discharge_cms":669.144,"strahler_order":6,"channel_class":"perennial","in_headwater_formation":1},"geometry":{"type":"LineString","coordinates":[[69.08125,38.13958],[69.06042,38.11458],[69.06458,38.09792],[69.05208,38.06875]]}},{"type":"Feature","properties":{"hyriv_id":40234957,"system_id":"syr_darya","discharge_cms":669.233,"strahler_order":8,"channel_class":"perennial","in_headwater_formation":0},"geometry":{"type":"LineString","coordinates":[[67.47292,43.59375],[67.45625,43.60208]]}},{"type":"Feature","properties":{"hyriv_id":40405984,"system_id":"amu_darya","discharge_cms":669.28,"strahler_order":6,"channel_class":"perennial","in_headwater_formation":1},"geometry":{"type":"LineString","coordinates":[[69.14792,38.31042],[69.12708,38.28125],[69.11042,38.22292],[69.11458,38.21042],[69.08958,38.15625]]}},{"type":"Feature","properties":{"hyriv_id":40406421,"system_id":"amu_darya","discharge_cms":669.294,"strahler_order":6,"channel_class":"perennial","in_headwater_formation":1},"geometry":{"type":"LineString","coordinates":[[69.08958,38.15625],[69.08125,38.13958]]}},{"type":"Feature","properties":{"hyriv_id":40422360,"system_id":"amu_darya","discharge_cms":669.333,"strahler_order":7,"channel_class":"perennial","in_headwater_formation":1},"geometry":{"type":"LineString","coordinates":[[69.93125,37.61042],[69.91458,37.61875],[69.89375,37.61875]]}},{"type":"Feature","properties":{"hyriv_id":40401054,"system_id":"amu_darya","discharge_cms":669.358,"strahler_order":6,"channel_class":"perennial","in_headwater_formation":1},"geometry":{"type":"LineString","coordinates":[[69.20625,38.37292],[69.19375,38.36042],[69.19375,38.34792],[69.16875,38.33125]]}},{"type":"Feature","properties":{"hyriv_id":40399852,"system_id":"amu_darya","discharge_cms":669.438,"strahler_order":6,"channel_class":"perennial","in_headwater_formation":1},"geometry":{"type":"LineString","coordinates":[[69.24375,38.39792],[69.20625,38.37292]]}},{"type":"Feature","properties":{"hyriv_id":40235420,"system_id":"syr_darya","discharge_cms":669.471,"strahler_order":8,"channel_class":"perennial","in_headwater_formation":0},"geometry":{"type":"LineString","coordinates":[[67.48542,43.58125],[67.47292,43.59375]]}},{"type":"Feature","properties":{"hyriv_id":40236807,"system_id":"syr_darya","discharge_cms":669.641,"strahler_order":8,"channel_class":"perennial","in_headwater_formation":0},"geometry":{"type":"LineString","coordinates":[[67.51458,43.54375],[67.48542,43.57292],[67.48542,43.58125]]}},{"type":"Feature","properties":{"hyriv_id":40401640,"system_id":"amu_darya","discharge_cms":669.645,"strahler_order":6,"channel_class":"perennial","in_headwater_formation":1},"geometry":{"type":"LineString","coordinates":[[69.16875,38.33125],[69.16042,38.31458],[69.14792,38.31042]]}},{"type":"Feature","properties":{"hyriv_id":40238002,"system_id":"syr_darya","discharge_cms":669.856,"strahler_order":8,"channel_class":"perennial","in_headwater_formation":0},"geometry":{"type":"LineString","coordinates":[[67.48958,43.51042],[67.51458,43.53125],[67.51458,43.53958]]}},{"type":"Feature","properties":{"hyriv_id":40236938,"system_id":"syr_darya","discharge_cms":669.895,"strahler_order":8,"channel_class":"perennial","in_headwater_formation":0},"geometry":{"type":"LineString","coordinates":[[67.51458,43.53958],[67.51458,43.54375]]}},{"type":"Feature","properties":{"hyriv_id":40410458,"system_id":"amu_darya","discharge_cms":669.935,"strahler_order":6,"channel_class":"perennial","in_headwater_formation":1},"geometry":{"type":"LineString","coordinates":[[69.07292,38.03125],[69.05208,38.01042],[69.05625,38.00625]]}},{"type":"Feature","properties":{"hyriv_id":40238334,"system_id":"syr_darya","discharge_cms":669.998,"strahler_order":8,"channel_class":"perennial","in_headwater_formation":0},"geometry":{"type":"LineString","coordinates":[[67.48958,43.50208],[67.48958,43.51042]]}},{"type":"Feature","properties":{"hyriv_id":40238490,"system_id":"syr_darya","discharge_cms":670.044,"strahler_order":8,"channel_class":"perennial","in_headwater_formation":0},"geometry":{"type":"LineString","coordinates":[[67.50625,43.49792],[67.48958,43.50208]]}},{"type":"Feature","properties":{"hyriv_id":40215868,"system_id":"syr_darya","discharge_cms":670.234,"strahler_order":8,"channel_class":"perennial","in_headwater_formation":0},"geometry":{"type":"LineString","coordinates":[[66.51042,44.13542],[66.50625,44.13958]]}},{"type":"Feature","properties":{"hyriv_id":40217184,"system_id":"syr_darya","discharge_cms":670.234,"strahler_order":8,"channel_class":"perennial","in_headwater_formation":0},"geometry":{"type":"LineString","coordinates":[[66.52708,44.09792],[66.51875,44.11042],[66.49792,44.10208],[66.48125,44.11042],[66.48542,44.11875],[66.50208,44.12292],[66.51042,44.13542]]}},{"type":"Feature","properties":{"hyriv_id":40411650,"system_id":"amu_darya","discharge_cms":670.493,"strahler_order":6,"channel_class":"perennial","in_headwater_formation":1},"geometry":{"type":"LineString","coordinates":[[69.05625,38.00625],[69.03542,37.97708],[69.01875,37.96875]]}},{"type":"Feature","properties":{"hyriv_id":40412588,"system_id":"amu_darya","discharge_cms":671.058,"strahler_order":6,"channel_class":"perennial","in_headwater_formation":1},"geometry":{"type":"LineString","coordinates":[[69.01875,37.96875],[69.01042,37.96458],[68.99375,37.93542]]}},{"type":"Feature","properties":{"hyriv_id":40413483,"system_id":"amu_darya","discharge_cms":671.41,"strahler_order":6,"channel_class":"perennial","in_headwater_formation":1},"geometry":{"type":"LineString","coordinates":[[68.99375,37.93542],[68.97292,37.90625]]}},{"type":"Feature","properties":{"hyriv_id":40422359,"system_id":"amu_darya","discharge_cms":671.539,"strahler_order":7,"channel_class":"perennial","in_headwater_formation":1},"geometry":{"type":"LineString","coordinates":[[69.89375,37.61875],[69.88542,37.61042]]}},{"type":"Feature","properties":{"hyriv_id":40414070,"system_id":"amu_darya","discharge_cms":671.837,"strahler_order":6,"channel_class":"perennial","in_headwater_formation":1},"geometry":{"type":"LineString","coordinates":[[68.97292,37.90625],[68.95625,37.88958],[68.91875,37.88542]]}},{"type":"Feature","properties":{"hyriv_id":40422776,"system_id":"amu_darya","discharge_cms":671.984,"strahler_order":7,"channel_class":"perennial","in_headwater_formation":1},"geometry":{"type":"LineString","coordinates":[[69.88542,37.61042],[69.85625,37.59792]]}},{"type":"Feature","properties":{"hyriv_id":40220612,"system_id":"syr_darya","discharge_cms":672.263,"strahler_order":8,"channel_class":"perennial","in_headwater_formation":0},"geometry":{"type":"LineString","coordinates":[[66.51875,43.99375],[66.51042,44.00625],[66.51875,44.02708],[66.49792,44.03958],[66.51458,44.05208],[66.48958,44.06458],[66.49792,44.07292],[66.48958,44.08125],[66.50625,44.09375],[66.52292,44.08542],[66.52708,44.09792]]}},{"type":"Feature","properties":{"hyriv_id":40414321,"system_id":"amu_darya","discharge_cms":672.46,"strahler_order":6,"channel_class":"perennial","in_headwater_formation":1},"geometry":{"type":"LineString","coordinates":[[68.91875,37.88542],[68.91042,37.88958],[68.90208,37.88125],[68.87708,37.87708],[68.86875,37.88542],[68.81875,37.89375],[68.81458,37.88958],[68.81042,37.89792]]}},{"type":"Feature","properties":{"hyriv_id":40413734,"system_id":"amu_darya","discharge_cms":672.876,"strahler_order":6,"channel_class":"perennial","in_headwater_formation":1},"geometry":{"type":"LineString","coordinates":[[68.81042,37.89792],[68.78542,37.91042],[68.77708,37.90625],[68.73958,37.91042]]}},{"type":"Feature","properties":{"hyriv_id":40413610,"system_id":"amu_darya","discharge_cms":673.129,"strahler_order":6,"channel_class":"perennial","in_headwater_formation":1},"geometry":{"type":"LineString","coordinates":[[68.73958,37.91042],[68.73542,37.90625],[68.71042,37.91042],[68.69375,37.90208]]}},{"type":"Feature","properties":{"hyriv_id":40242002,"system_id":"syr_darya","discharge_cms":673.584,"strahler_order":8,"channel_class":"perennial","in_headwater_formation":0},"geometry":{"type":"LineString","coordinates":[[67.58542,43.40625],[67.57292,43.39792],[67.56042,43.40208]]}},{"type":"Feature","properties":{"hyriv_id":40241846,"system_id":"syr_darya","discharge_cms":673.656,"strahler_order":8,"channel_class":"perennial","in_headwater_formation":0},"geometry":{"type":"LineString","coordinates":[[67.56042,43.40208],[67.57708,43.42708],[67.60208,43.43958],[67.59375,43.45208]]}},{"type":"Feature","properties":{"hyriv_id":40240103,"system_id":"syr_darya","discharge_cms":674.042,"strahler_order":8,"channel_class":"perennial","in_headwater_formation":0},"geometry":{"type":"LineString","coordinates":[[67.59375,43.45208],[67.58125,43.45208]]}},{"type":"Feature","properties":{"hyriv_id":40240406,"system_id":"syr_darya","discharge_cms":674.087,"strahler_order":8,"channel_class":"perennial","in_headwater_formation":0},"geometry":{"type":"LineString","coordinates":[[67.58125,43.45208],[67.56458,43.44375],[67.55625,43.44792]]}},{"type":"Feature","properties":{"hyriv_id":40240251,"system_id":"syr_darya","discharge_cms":674.29,"strahler_order":8,"channel_class":"perennial","in_headwater_formation":0},"geometry":{"type":"LineString","coordinates":[[67.55625,43.44792],[67.55625,43.45625],[67.54375,43.46875],[67.51875,43.47708],[67.51042,43.48958]]}},{"type":"Feature","properties":{"hyriv_id":40238783,"system_id":"syr_darya","discharge_cms":674.328,"strahler_order":8,"channel_class":"perennial","in_headwater_formation":0},"geometry":{"type":"LineString","coordinates":[[67.51042,43.48958],[67.50625,43.49792]]}},{"type":"Feature","properties":{"hyriv_id":40220613,"system_id":"syr_darya","discharge_cms":674.516,"strahler_order":8,"channel_class":"perennial","in_headwater_formation":0},"geometry":{"type":"LineString","coordinates":[[66.54792,44.00625],[66.53958,44.01458],[66.53542,44.00208],[66.51875,43.99375]]}},{"type":"Feature","properties":{"hyriv_id":40221185,"system_id":"syr_darya","discharge_cms":674.585,"strahler_order":8,"channel_class":"perennial","in_headwater_formation":0},"geometry":{"type":"LineString","coordinates":[[66.56875,43.97708],[66.54792,44.00625]]}},{"type":"Feature","properties":{"hyriv_id":40423679,"system_id":"amu_darya","discharge_cms":676.783,"strahler_order":7,"channel_class":"perennial","in_headwater_formation":1},"geometry":{"type":"LineString","coordinates":[[69.85625,37.59792],[69.81875,37.56875]]}},{"type":"Feature","properties":{"hyriv_id":40423678,"system_id":"amu_darya","discharge_cms":681.411,"strahler_order":7,"channel_class":"perennial","in_headwater_formation":1},"geometry":{"type":"LineString","coordinates":[[69.81875,37.56875],[69.80208,37.56875],[69.77708,37.59375]]}},{"type":"Feature","properties":{"hyriv_id":40423531,"system_id":"amu_darya","discharge_cms":682.835,"strahler_order":7,"channel_class":"perennial","in_headwater_formation":1},"geometry":{"type":"LineString","coordinates":[[69.77708,37.59375],[69.75208,37.59375],[69.74375,37.58542],[69.73542,37.58958],[69.71875,37.57292],[69.68542,37.57708]]}},{"type":"Feature","properties":{"hyriv_id":40424069,"system_id":"amu_darya","discharge_cms":683.059,"strahler_order":7,"channel_class":"perennial","in_headwater_formation":1},"geometry":{"type":"LineString","coordinates":[[69.68542,37.57708],[69.67292,37.56458],[69.64375,37.55625]]}},{"type":"Feature","properties":{"hyriv_id":40424955,"system_id":"amu_darya","discharge_cms":683.885,"strahler_order":7,"channel_class":"perennial","in_headwater_formation":1},"geometry":{"type":"LineString","coordinates":[[69.64375,37.55625],[69.61458,37.52708]]}},{"type":"Feature","properties":{"hyriv_id":40426415,"system_id":"amu_darya","discharge_cms":684.409,"strahler_order":7,"channel_class":"perennial","in_headwater_formation":1},"geometry":{"type":"LineString","coordinates":[[69.61458,37.52708],[69.59375,37.49792],[69.58958,37.48125]]}},{"type":"Feature","properties":{"hyriv_id":40414068,"system_id":"amu_darya","discharge_cms":700.536,"strahler_order":6,"channel_class":"perennial","in_headwater_formation":1},"geometry":{"type":"LineString","coordinates":[[68.69375,37.90208],[68.66875,37.89375],[68.66458,37.88542]]}},{"type":"Feature","properties":{"hyriv_id":40414192,"system_id":"amu_darya","discharge_cms":700.675,"strahler_order":6,"channel_class":"perennial","in_headwater_formation":1},"geometry":{"type":"LineString","coordinates":[[68.66458,37.88542],[68.66042,37.88125]]}},{"type":"Feature","properties":{"hyriv_id":40414928,"system_id":"amu_darya","discharge_cms":702.201,"strahler_order":6,"channel_class":"perennial","in_headwater_formation":1},"geometry":{"type":"LineString","coordinates":[[68.66042,37.88125],[68.63542,37.85625]]}},{"type":"Feature","properties":{"hyriv_id":40415256,"system_id":"amu_darya","discharge_cms":702.506,"strahler_order":6,"channel_class":"perennial","in_headwater_formation":1},"geometry":{"type":"LineString","coordinates":[[68.63542,37.85625],[68.63542,37.84792],[68.62708,37.84375]]}},{"type":"Feature","properties":{"hyriv_id":40428120,"system_id":"amu_darya","discharge_cms":702.588,"strahler_order":7,"channel_class":"perennial","in_headwater_formation":1},"geometry":{"type":"LineString","coordinates":[[69.58958,37.48125],[69.57292,37.46875],[69.56458,37.45625],[69.56875,37.44792],[69.55625,37.43958],[69.56042,37.43542],[69.55208,37.42708]]}},{"type":"Feature","properties":{"hyriv_id":40415372,"system_id":"amu_darya","discharge_cms":702.801,"strahler_order":6,"channel_class":"perennial","in_headwater_formation":1},"geometry":{"type":"LineString","coordinates":[[68.62708,37.84375],[68.61875,37.83958]]}},{"type":"Feature","properties":{"hyriv_id":40415621,"system_id":"amu_darya","discharge_cms":702.886,"strahler_order":6,"channel_class":"perennial","in_headwater_formation":1},"geometry":{"type":"LineString","coordinates":[[68.61875,37.83958],[68.60625,37.83125]]}},{"type":"Feature","properties":{"hyriv_id":40416099,"system_id":"amu_darya","discharge_cms":703.041,"strahler_order":6,"channel_class":"perennial","in_headwater_formation":1},"geometry":{"type":"LineString","coordinates":[[68.60625,37.83125],[68.60625,37.81458]]}},{"type":"Feature","properties":{"hyriv_id":40416356,"system_id":"amu_darya","discharge_cms":703.162,"strahler_order":6,"channel_class":"perennial","in_headwater_formation":1},"geometry":{"type":"LineString","coordinates":[[68.60625,37.81458],[68.60625,37.80625]]}},{"type":"Feature","properties":{"hyriv_id":40428119,"system_id":"amu_darya","discharge_cms":703.217,"strahler_order":7,"channel_class":"perennial","in_headwater_formation":1},"geometry":{"type":"LineString","coordinates":[[69.55208,37.42708],[69.54792,37.42708]]}},{"type":"Feature","properties":{"hyriv_id":40417212,"system_id":"amu_darya","discharge_cms":703.448,"strahler_order":6,"channel_class":"perennial","in_headwater_formation":1},"geometry":{"type":"LineString","coordinates":[[68.60625,37.80625],[68.60208,37.79792],[68.60625,37.79375],[68.59792,37.78542],[68.60208,37.77708]]}},{"type":"Feature","properties":{"hyriv_id":40417332,"system_id":"amu_darya","discharge_cms":703.556,"strahler_order":6,"channel_class":"perennial","in_headwater_formation":1},"geometry":{"type":"LineString","coordinates":[[68.60208,37.77708],[68.60208,37.77292]]}},{"type":"Feature","properties":{"hyriv_id":40418000,"system_id":"amu_darya","discharge_cms":703.639,"strahler_order":6,"channel_class":"perennial","in_headwater_formation":1},"geometry":{"type":"LineString","coordinates":[[68.60208,37.77292],[68.60625,37.76458],[68.60208,37.75208]]}},{"type":"Feature","properties":{"hyriv_id":40428819,"system_id":"amu_darya","discharge_cms":703.68,"strahler_order":7,"channel_class":"perennial","in_headwater_formation":1},"geometry":{"type":"LineString","coordinates":[[69.54792,37.42708],[69.53958,37.41042],[69.52292,37.40625]]}},{"type":"Feature","properties":{"hyriv_id":40418770,"system_id":"amu_darya","discharge_cms":703.733,"strahler_order":6,"channel_class":"perennial","in_headwater_formation":1},"geometry":{"type":"LineString","coordinates":[[68.60208,37.75208],[68.59792,37.74792],[68.60208,37.72708]]}},{"type":"Feature","properties":{"hyriv_id":40419013,"system_id":"amu_darya","discharge_cms":703.79,"strahler_order":6,"channel_class":"perennial","in_headwater_formation":1},"geometry":{"type":"LineString","coordinates":[[68.60208,37.72708],[68.59375,37.71875]]}},{"type":"Feature","properties":{"hyriv_id":40419410,"system_id":"amu_darya","discharge_cms":704.004,"strahler_order":6,"channel_class":"perennial","in_headwater_formation":1},"geometry":{"type":"LineString","coordinates":[[68.59375,37.71875],[68.60208,37.70625]]}},{"type":"Feature","properties":{"hyriv_id":40420273,"system_id":"amu_darya","discharge_cms":704.158,"strahler_order":6,"channel_class":"perennial","in_headwater_formation":1},"geometry":{"type":"LineString","coordinates":[[68.60208,37.70625],[68.60625,37.70208],[68.60208,37.67708]]}},{"type":"Feature","properties":{"hyriv_id":40420793,"system_id":"amu_darya","discharge_cms":704.261,"strahler_order":6,"channel_class":"perennial","in_headwater_formation":1},"geometry":{"type":"LineString","coordinates":[[68.60208,37.67708],[68.58542,37.66042]]}},{"type":"Feature","properties":{"hyriv_id":40421216,"system_id":"amu_darya","discharge_cms":704.455,"strahler_order":6,"channel_class":"perennial","in_headwater_formation":1},"geometry":{"type":"LineString","coordinates":[[68.58542,37.66042],[68.56458,37.64792]]}},{"type":"Feature","properties":{"hyriv_id":40429745,"system_id":"amu_darya","discharge_cms":704.715,"strahler_order":7,"channel_class":"perennial","in_headwater_formation":1},"geometry":{"type":"LineString","coordinates":[[69.52292,37.40625],[69.50625,37.39375],[69.49792,37.37708]]}},{"type":"Feature","properties":{"hyriv_id":40430260,"system_id":"amu_darya","discharge_cms":704.76,"strahler_order":7,"channel_class":"perennial","in_headwater_formation":1},"geometry":{"type":"LineString","coordinates":[[69.49792,37.37708],[69.49375,37.36875],[69.49792,37.36042]]}},{"type":"Feature","properties":{"hyriv_id":40430671,"system_id":"amu_darya","discharge_cms":704.884,"strahler_order":7,"channel_class":"perennial","in_headwater_formation":1},"geometry":{"type":"LineString","coordinates":[[69.49792,37.36042],[69.48958,37.34792]]}},{"type":"Feature","properties":{"hyriv_id":40431650,"system_id":"amu_darya","discharge_cms":707.69,"strahler_order":7,"channel_class":"perennial","in_headwater_formation":1},"geometry":{"type":"LineString","coordinates":[[69.48958,37.34792],[69.47292,37.31875]]}},{"type":"Feature","properties":{"hyriv_id":40431819,"system_id":"amu_darya","discharge_cms":707.872,"strahler_order":7,"channel_class":"perennial","in_headwater_formation":1},"geometry":{"type":"LineString","coordinates":[[69.47292,37.31875],[69.46458,37.31458]]}},{"type":"Feature","properties":{"hyriv_id":40432242,"system_id":"amu_darya","discharge_cms":708.137,"strahler_order":7,"channel_class":"perennial","in_headwater_formation":1},"geometry":{"type":"LineString","coordinates":[[69.46458,37.31458],[69.46875,37.31042],[69.46458,37.30208]]}},{"type":"Feature","properties":{"hyriv_id":40433173,"system_id":"amu_darya","discharge_cms":708.281,"strahler_order":7,"channel_class":"perennial","in_headwater_formation":1},"geometry":{"type":"LineString","coordinates":[[69.46458,37.30208],[69.41458,37.27292]]}},{"type":"Feature","properties":{"hyriv_id":40438483,"system_id":"amu_darya","discharge_cms":716.373,"strahler_order":6,"channel_class":"perennial","in_headwater_formation":1},"geometry":{"type":"LineString","coordinates":[[68.30208,37.14375],[68.28958,37.13125],[68.29792,37.12292],[68.31042,37.12292],[68.31875,37.11042]]}},{"type":"Feature","properties":{"hyriv_id":40437314,"system_id":"amu_darya","discharge_cms":717.294,"strahler_order":6,"channel_class":"perennial","in_headwater_formation":1},"geometry":{"type":"LineString","coordinates":[[68.30208,37.19375],[68.31458,37.18125],[68.30208,37.14375]]}},{"type":"Feature","properties":{"hyriv_id":40435622,"system_id":"amu_darya","discharge_cms":718.285,"strahler_order":6,"channel_class":"perennial","in_headwater_formation":1},"geometry":{"type":"LineString","coordinates":[[68.31875,37.20625],[68.31458,37.19792],[68.30208,37.19375]]}},{"type":"Feature","properties":{"hyriv_id":40423147,"system_id":"amu_darya","discharge_cms":718.355,"strahler_order":6,"channel_class":"perennial","in_headwater_formation":1},"geometry":{"type":"LineString","coordinates":[[68.56458,37.64792],[68.55208,37.63542],[68.55625,37.61458],[68.54375,37.60625],[68.53958,37.58542]]}},{"type":"Feature","properties":{"hyriv_id":40435256,"system_id":"amu_darya","discharge_cms":718.633,"strahler_order":6,"channel_class":"perennial","in_headwater_formation":1},"geometry":{"type":"LineString","coordinates":[[68.31875,37.23542],[68.31042,37.22708],[68.31042,37.21458],[68.31875,37.20625]]}},{"type":"Feature","properties":{"hyriv_id":40424824,"system_id":"amu_darya","discharge_cms":718.729,"strahler_order":6,"channel_class":"perennial","in_headwater_formation":1},"geometry":{"type":"LineString","coordinates":[[68.53958,37.58542],[68.52708,37.54792],[68.51458,37.53125]]}},{"type":"Feature","properties":{"hyriv_id":40434397,"system_id":"amu_darya","discharge_cms":719.18,"strahler_order":6,"channel_class":"perennial","in_headwater_formation":1},"geometry":{"type":"LineString","coordinates":[[68.33125,37.26042],[68.31875,37.23542]]}},{"type":"Feature","properties":{"hyriv_id":40433591,"system_id":"amu_darya","discharge_cms":719.624,"strahler_order":6,"channel_class":"perennial","in_headwater_formation":1},"geometry":{"type":"LineString","coordinates":[[68.34792,37.26875],[68.33125,37.26042]]}},{"type":"Feature","properties":{"hyriv_id":40433321,"system_id":"amu_darya","discharge_cms":719.887,"strahler_order":6,"channel_class":"perennial","in_headwater_formation":1},"geometry":{"type":"LineString","coordinates":[[68.35208,37.27292],[68.34792,37.26875]]}},{"type":"Feature","properties":{"hyriv_id":40433168,"system_id":"amu_darya","discharge_cms":719.931,"strahler_order":6,"channel_class":"perennial","in_headwater_formation":1},"geometry":{"type":"LineString","coordinates":[[68.37708,37.29792],[68.35208,37.27292]]}},{"type":"Feature","properties":{"hyriv_id":40432632,"system_id":"amu_darya","discharge_cms":720.314,"strahler_order":6,"channel_class":"perennial","in_headwater_formation":1},"geometry":{"type":"LineString","coordinates":[[68.39792,37.28958],[68.38542,37.29792]]}},{"type":"Feature","properties":{"hyriv_id":40432376,"system_id":"amu_darya","discharge_cms":720.487,"strahler_order":6,"channel_class":"perennial","in_headwater_formation":1},"geometry":{"type":"LineString","coordinates":[[68.38542,37.29792],[68.37708,37.29792]]}},{"type":"Feature","properties":{"hyriv_id":40432904,"system_id":"amu_darya","discharge_cms":720.527,"strahler_order":6,"channel_class":"perennial","in_headwater_formation":1},"geometry":{"type":"LineString","coordinates":[[68.44375,37.32708],[68.43125,37.33125],[68.42292,37.32708],[68.42708,37.28958],[68.41875,37.28125],[68.40625,37.28125],[68.39792,37.28958]]}},{"type":"Feature","properties":{"hyriv_id":40431364,"system_id":"amu_darya","discharge_cms":721.567,"strahler_order":6,"channel_class":"perennial","in_headwater_formation":1},"geometry":{"type":"LineString","coordinates":[[68.47292,37.37292],[68.47292,37.36458],[68.46042,37.35208],[68.46042,37.33958],[68.44375,37.32708]]}},{"type":"Feature","properties":{"hyriv_id":40429482,"system_id":"amu_darya","discharge_cms":722.292,"strahler_order":6,"channel_class":"perennial","in_headwater_formation":1},"geometry":{"type":"LineString","coordinates":[[68.46875,37.41042],[68.47708,37.40208],[68.47292,37.39375],[68.47708,37.38542]]}},{"type":"Feature","properties":{"hyriv_id":40426288,"system_id":"amu_darya","discharge_cms":722.412,"strahler_order":6,"channel_class":"perennial","in_headwater_formation":1},"geometry":{"type":"LineString","coordinates":[[68.51458,37.53125],[68.51458,37.51875],[68.50208,37.49792],[68.50625,37.48542]]}},{"type":"Feature","properties":{"hyriv_id":40429880,"system_id":"amu_darya","discharge_cms":722.511,"strahler_order":6,"channel_class":"perennial","in_headwater_formation":1},"geometry":{"type":"LineString","coordinates":[[68.47708,37.38542],[68.47292,37.37292]]}},{"type":"Feature","properties":{"hyriv_id":40428550,"system_id":"amu_darya","discharge_cms":722.561,"strahler_order":6,"channel_class":"perennial","in_headwater_formation":1},"geometry":{"type":"LineString","coordinates":[[68.46042,37.44375],[68.46042,37.43542],[68.47708,37.42292],[68.47708,37.41458]]}},{"type":"Feature","properties":{"hyriv_id":40427611,"system_id":"amu_darya","discharge_cms":722.727,"strahler_order":6,"channel_class":"perennial","in_headwater_formation":1},"geometry":{"type":"LineString","coordinates":[[68.49792,37.47292],[68.48958,37.46042],[68.47292,37.45625],[68.46042,37.44375]]}},{"type":"Feature","properties":{"hyriv_id":40428676,"system_id":"amu_darya","discharge_cms":722.756,"strahler_order":6,"channel_class":"perennial","in_headwater_formation":1},"geometry":{"type":"LineString","coordinates":[[68.47708,37.41458],[68.46875,37.41042]]}},{"type":"Feature","properties":{"hyriv_id":40426664,"system_id":"amu_darya","discharge_cms":723.353,"strahler_order":6,"channel_class":"perennial","in_headwater_formation":1},"geometry":{"type":"LineString","coordinates":[[68.50625,37.48542],[68.49792,37.47292]]}},{"type":"Feature","properties":{"hyriv_id":40434402,"system_id":"amu_darya","discharge_cms":871.411,"strahler_order":7,"channel_class":"perennial","in_headwater_formation":1},"geometry":{"type":"LineString","coordinates":[[69.46042,37.24792],[69.45625,37.23542]]}},{"type":"Feature","properties":{"hyriv_id":40433984,"system_id":"amu_darya","discharge_cms":871.432,"strahler_order":7,"channel_class":"perennial","in_headwater_formation":1},"geometry":{"type":"LineString","coordinates":[[69.42292,37.25208],[69.43542,37.24792],[69.44792,37.26042],[69.45625,37.26042],[69.46458,37.25208],[69.46042,37.24792]]}},{"type":"Feature","properties":{"hyriv_id":40433842,"system_id":"amu_darya","discharge_cms":871.611,"strahler_order":7,"channel_class":"perennial","in_headwater_formation":1},"geometry":{"type":"LineString","coordinates":[[69.41458,37.27292],[69.42292,37.25208]]}},{"type":"Feature","properties":{"hyriv_id":40434788,"system_id":"amu_darya","discharge_cms":872.141,"strahler_order":7,"channel_class":"perennial","in_headwater_formation":1},"geometry":{"type":"LineString","coordinates":[[69.45625,37.23542],[69.45208,37.22292]]}},{"type":"Feature","properties":{"hyriv_id":40436613,"system_id":"amu_darya","discharge_cms":872.784,"strahler_order":7,"channel_class":"perennial","in_headwater_formation":1},"geometry":{"type":"LineString","coordinates":[[69.42292,37.19375],[69.40208,37.16458]]}},{"type":"Feature","properties":{"hyriv_id":40435627,"system_id":"amu_darya","discharge_cms":872.887,"strahler_order":7,"channel_class":"perennial","in_headwater_formation":1},"geometry":{"type":"LineString","coordinates":[[69.45208,37.22292],[69.42292,37.19375]]}},{"type":"Feature","properties":{"hyriv_id":40436612,"system_id":"amu_darya","discharge_cms":1058.833,"strahler_order":7,"channel_class":"perennial","in_headwater_formation":1},"geometry":{"type":"LineString","coordinates":[[69.40208,37.16458],[69.38542,37.16458]]}},{"type":"Feature","properties":{"hyriv_id":40438067,"system_id":"amu_darya","discharge_cms":1059.856,"strahler_order":7,"channel_class":"perennial","in_headwater_formation":1},"geometry":{"type":"LineString","coordinates":[[69.21458,37.12292],[69.18958,37.13958]]}},{"type":"Feature","properties":{"hyriv_id":40439085,"system_id":"amu_darya","discharge_cms":1060.088,"strahler_order":7,"channel_class":"perennial","in_headwater_formation":1},"geometry":{"type":"LineString","coordinates":[[69.27292,37.10208],[69.24792,37.09375],[69.22708,37.10625],[69.21458,37.12292]]}},{"type":"Feature","properties":{"hyriv_id":40438775,"system_id":"amu_darya","discharge_cms":1060.635,"strahler_order":7,"channel_class":"perennial","in_headwater_formation":1},"geometry":{"type":"LineString","coordinates":[[69.34375,37.14375],[69.32292,37.11875],[69.28958,37.11458],[69.27292,37.10208]]}},{"type":"Feature","properties":{"hyriv_id":40437320,"system_id":"amu_darya","discharge_cms":1061.204,"strahler_order":7,"channel_class":"perennial","in_headwater_formation":1},"geometry":{"type":"LineString","coordinates":[[69.38125,37.16875],[69.37292,37.16875],[69.34375,37.14375]]}},{"type":"Feature","properties":{"hyriv_id":40436611,"system_id":"amu_darya","discharge_cms":1061.455,"strahler_order":7,"channel_class":"perennial","in_headwater_formation":1},"geometry":{"type":"LineString","coordinates":[[69.38542,37.16458],[69.38125,37.16875]]}},{"type":"Feature","properties":{"hyriv_id":40437496,"system_id":"amu_darya","discharge_cms":1062.369,"strahler_order":7,"channel_class":"perennial","in_headwater_formation":1},"geometry":{"type":"LineString","coordinates":[[69.18958,37.13958],[69.17292,37.14792],[69.14375,37.14792],[69.10208,37.19375],[69.09792,37.21875],[69.08542,37.23542],[69.06458,37.25208],[69.04375,37.24792]]}},{"type":"Feature","properties":{"hyriv_id":40433982,"system_id":"amu_darya","discharge_cms":1062.383,"strahler_order":7,"channel_class":"perennial","in_headwater_formation":1},"geometry":{"type":"LineString","coordinates":[[69.04375,37.24792],[69.02708,37.26458]]}},{"type":"Feature","properties":{"hyriv_id":40433456,"system_id":"amu_darya","discharge_cms":1062.481,"strahler_order":7,"channel_class":"perennial","in_headwater_formation":1},"geometry":{"type":"LineString","coordinates":[[69.02708,37.26458],[68.99792,37.27292],[68.96042,37.30208],[68.93958,37.30208],[68.93542,37.29792],[68.93958,37.28125],[68.92708,37.27708]]}},{"type":"Feature","properties":{"hyriv_id":40433028,"system_id":"amu_darya","discharge_cms":1072.659,"strahler_order":7,"channel_class":"perennial","in_headwater_formation":1},"geometry":{"type":"LineString","coordinates":[[68.92708,37.27708],[68.91042,37.27708]]}},{"type":"Feature","properties":{"hyriv_id":40433714,"system_id":"amu_darya","discharge_cms":1073.197,"strahler_order":7,"channel_class":"perennial","in_headwater_formation":1},"geometry":{"type":"LineString","coordinates":[[68.91042,37.27708],[68.84375,37.26458],[68.83542,37.25625]]}},{"type":"Feature","properties":{"hyriv_id":40433981,"system_id":"amu_darya","discharge_cms":1074.762,"strahler_order":7,"channel_class":"perennial","in_headwater_formation":1},"geometry":{"type":"LineString","coordinates":[[68.83542,37.25625],[68.82708,37.24792]]}},{"type":"Feature","properties":{"hyriv_id":40438930,"system_id":"amu_darya","discharge_cms":1074.849,"strahler_order":7,"channel_class":"perennial","in_headwater_formation":1},"geometry":{"type":"LineString","coordinates":[[68.41875,37.10625],[68.41458,37.10208],[68.38958,37.10625],[68.37292,37.09792],[68.31875,37.11042]]}},{"type":"Feature","properties":{"hyriv_id":40434240,"system_id":"amu_darya","discharge_cms":1077.152,"strahler_order":7,"channel_class":"perennial","in_headwater_formation":1},"geometry":{"type":"LineString","coordinates":[[68.82708,37.24792],[68.81458,37.23958]]}},{"type":"Feature","properties":{"hyriv_id":40438629,"system_id":"amu_darya","discharge_cms":1077.949,"strahler_order":7,"channel_class":"perennial","in_headwater_formation":1},"geometry":{"type":"LineString","coordinates":[[68.41458,37.13542],[68.41875,37.10625]]}},{"type":"Feature","properties":{"hyriv_id":40435387,"system_id":"amu_darya","discharge_cms":1078.045,"strahler_order":7,"channel_class":"perennial","in_headwater_formation":1},"geometry":{"type":"LineString","coordinates":[[68.81458,37.23958],[68.74375,37.23125],[68.71875,37.21042],[68.71875,37.20208]]}},{"type":"Feature","properties":{"hyriv_id":40435625,"system_id":"amu_darya","discharge_cms":1078.148,"strahler_order":7,"channel_class":"perennial","in_headwater_formation":1},"geometry":{"type":"LineString","coordinates":[[68.71875,37.20208],[68.71458,37.19375]]}},{"type":"Feature","properties":{"hyriv_id":40435915,"system_id":"amu_darya","discharge_cms":1078.386,"strahler_order":7,"channel_class":"perennial","in_headwater_formation":1},"geometry":{"type":"LineString","coordinates":[[68.71458,37.19375],[68.69375,37.18542]]}},{"type":"Feature","properties":{"hyriv_id":40437493,"system_id":"amu_darya","discharge_cms":1078.777,"strahler_order":7,"channel_class":"perennial","in_headwater_formation":1},"geometry":{"type":"LineString","coordinates":[[68.47292,37.15625],[68.45625,37.13958],[68.41875,37.14375]]}},{"type":"Feature","properties":{"hyriv_id":40437638,"system_id":"amu_darya","discharge_cms":1078.819,"strahler_order":7,"channel_class":"perennial","in_headwater_formation":1},"geometry":{"type":"LineString","coordinates":[[68.41875,37.14375],[68.41458,37.13542]]}},{"type":"Feature","properties":{"hyriv_id":40435914,"system_id":"amu_darya","discharge_cms":1078.923,"strahler_order":7,"channel_class":"perennial","in_headwater_formation":1},"geometry":{"type":"LineString","coordinates":[[68.69375,37.18542],[68.67292,37.18542],[68.66458,37.19375],[68.64792,37.18958],[68.64375,37.19375],[68.62708,37.18542]]}},{"type":"Feature","properties":{"hyriv_id":40435913,"system_id":"amu_darya","discharge_cms":1079.025,"strahler_order":7,"channel_class":"perennial","in_headwater_formation":1},"geometry":{"type":"LineString","coordinates":[[68.62708,37.18542],[68.61875,37.19375]]}},{"type":"Feature","properties":{"hyriv_id":40436872,"system_id":"amu_darya","discharge_cms":1080.398,"strahler_order":7,"channel_class":"perennial","in_headwater_formation":1},"geometry":{"type":"LineString","coordinates":[[68.51458,37.16042],[68.47292,37.15625]]}},{"type":"Feature","properties":{"hyriv_id":40435765,"system_id":"amu_darya","discharge_cms":1080.725,"strahler_order":7,"channel_class":"perennial","in_headwater_formation":1},"geometry":{"type":"LineString","coordinates":[[68.61875,37.19375],[68.57708,37.18958]]}},{"type":"Feature","properties":{"hyriv_id":40436030,"system_id":"amu_darya","discharge_cms":1080.831,"strahler_order":7,"channel_class":"perennial","in_headwater_formation":1},"geometry":{"type":"LineString","coordinates":[[68.57708,37.18958],[68.56458,37.18958],[68.55625,37.18125]]}},{"type":"Feature","properties":{"hyriv_id":40436320,"system_id":"amu_darya","discharge_cms":1080.888,"strahler_order":7,"channel_class":"perennial","in_headwater_formation":1},"geometry":{"type":"LineString","coordinates":[[68.55625,37.18125],[68.54375,37.17292]]}},{"type":"Feature","properties":{"hyriv_id":40436609,"system_id":"amu_darya","discharge_cms":1080.996,"strahler_order":7,"channel_class":"perennial","in_headwater_formation":1},"geometry":{"type":"LineString","coordinates":[[68.54375,37.17292],[68.53542,37.16458]]}},{"type":"Feature","properties":{"hyriv_id":40436742,"system_id":"amu_darya","discharge_cms":1081.073,"strahler_order":7,"channel_class":"perennial","in_headwater_formation":1},"geometry":{"type":"LineString","coordinates":[[68.53542,37.16458],[68.51458,37.16042]]}},{"type":"Feature","properties":{"hyriv_id":40218579,"system_id":"amu_darya","discharge_cms":1584.213,"strahler_order":8,"channel_class":"perennial","in_headwater_formation":0},"geometry":{"type":"LineString","coordinates":[[59.54375,44.05625],[59.54375,44.07708]]}},{"type":"Feature","properties":{"hyriv_id":40221484,"system_id":"amu_darya","discharge_cms":1584.238,"strahler_order":8,"channel_class":"perennial","in_headwater_formation":0},"geometry":{"type":"LineString","coordinates":[[59.53125,43.96875],[59.53958,43.98542],[59.54375,44.05625]]}},{"type":"Feature","properties":{"hyriv_id":40217856,"system_id":"amu_darya","discharge_cms":1584.424,"strahler_order":8,"channel_class":"perennial","in_headwater_formation":0},"geometry":{"type":"LineString","coordinates":[[59.54375,44.07708],[59.54375,44.08125]]}},{"type":"Feature","properties":{"hyriv_id":40228007,"system_id":"amu_darya","discharge_cms":1585.566,"strahler_order":8,"channel_class":"perennial","in_headwater_formation":0},"geometry":{"type":"LineString","coordinates":[[59.31875,43.78958],[59.45208,43.83958],[59.46875,43.85625],[59.47292,43.88542],[59.50625,43.92708],[59.51458,43.95625],[59.53125,43.96875]]}},{"type":"Feature","properties":{"hyriv_id":40217713,"system_id":"amu_darya","discharge_cms":1586.101,"strahler_order":8,"channel_class":"perennial","in_headwater_formation":0},"geometry":{"type":"LineString","coordinates":[[59.54375,44.08125],[59.54375,44.09375]]}},{"type":"Feature","properties":{"hyriv_id":40203159,"system_id":"amu_darya","discharge_cms":1586.188,"strahler_order":8,"channel_class":"perennial","in_headwater_formation":0},"geometry":{"type":"LineString","coordinates":[[59.51458,44.51458],[59.52292,44.61458]]}},{"type":"Feature","properties":{"hyriv_id":40203835,"system_id":"amu_darya","discharge_cms":1586.207,"strahler_order":8,"channel_class":"perennial","in_headwater_formation":0},"geometry":{"type":"LineString","coordinates":[[59.51458,44.49375],[59.51458,44.51458]]}},{"type":"Feature","properties":{"hyriv_id":40204478,"system_id":"amu_darya","discharge_cms":1586.211,"strahler_order":8,"channel_class":"perennial","in_headwater_formation":0},"geometry":{"type":"LineString","coordinates":[[59.51458,44.47292],[59.51458,44.49375]]}},{"type":"Feature","properties":{"hyriv_id":40197927,"system_id":"amu_darya","discharge_cms":1586.212,"strahler_order":8,"channel_class":"perennial","in_headwater_formation":0},"geometry":{"type":"LineString","coordinates":[[59.53542,44.67292],[59.54375,44.72292]]}},{"type":"Feature","properties":{"hyriv_id":40199925,"system_id":"amu_darya","discharge_cms":1586.233,"strahler_order":8,"channel_class":"perennial","in_headwater_formation":0},"geometry":{"type":"LineString","coordinates":[[59.52292,44.61458],[59.53542,44.67292]]}},{"type":"Feature","properties":{"hyriv_id":40204999,"system_id":"amu_darya","discharge_cms":1586.24,"strahler_order":8,"channel_class":"perennial","in_headwater_formation":0},"geometry":{"type":"LineString","coordinates":[[59.51042,44.45625],[59.51458,44.47292]]}},{"type":"Feature","properties":{"hyriv_id":40205701,"system_id":"amu_darya","discharge_cms":1586.252,"strahler_order":8,"channel_class":"perennial","in_headwater_formation":0},"geometry":{"type":"LineString","coordinates":[[59.51042,44.43542],[59.51042,44.45625]]}},{"type":"Feature","properties":{"hyriv_id":40211530,"system_id":"amu_darya","discharge_cms":1586.274,"strahler_order":8,"channel_class":"perennial","in_headwater_formation":0},"geometry":{"type":"LineString","coordinates":[[59.52292,44.25625],[59.51042,44.37708]]}},{"type":"Feature","properties":{"hyriv_id":40206417,"system_id":"amu_darya","discharge_cms":1586.285,"strahler_order":8,"channel_class":"perennial","in_headwater_formation":0},"geometry":{"type":"LineString","coordinates":[[59.51042,44.41458],[59.51042,44.43542]]}},{"type":"Feature","properties":{"hyriv_id":40213048,"system_id":"amu_darya","discharge_cms":1586.301,"strahler_order":8,"channel_class":"perennial","in_headwater_formation":0},"geometry":{"type":"LineString","coordinates":[[59.53125,44.21458],[59.52708,44.23125]]}},{"type":"Feature","properties":{"hyriv_id":40217320,"system_id":"amu_darya","discharge_cms":1586.301,"strahler_order":8,"channel_class":"perennial","in_headwater_formation":0},"geometry":{"type":"LineString","coordinates":[[59.54375,44.09375],[59.53125,44.21458]]}},{"type":"Feature","properties":{"hyriv_id":40212443,"system_id":"amu_darya","discharge_cms":1586.305,"strahler_order":8,"channel_class":"perennial","in_headwater_formation":0},"geometry":{"type":"LineString","coordinates":[[59.52708,44.23125],[59.52292,44.25625]]}},{"type":"Feature","properties":{"hyriv_id":40207000,"system_id":"amu_darya","discharge_cms":1586.314,"strahler_order":8,"channel_class":"perennial","in_headwater_formation":0},"geometry":{"type":"LineString","coordinates":[[59.51042,44.39792],[59.51042,44.41458]]}},{"type":"Feature","properties":{"hyriv_id":40207552,"system_id":"amu_darya","discharge_cms":1586.344,"strahler_order":8,"channel_class":"perennial","in_headwater_formation":0},"geometry":{"type":"LineString","coordinates":[[59.51042,44.38125],[59.51042,44.39792]]}},{"type":"Feature","properties":{"hyriv_id":40207692,"system_id":"amu_darya","discharge_cms":1586.366,"strahler_order":8,"channel_class":"perennial","in_headwater_formation":0},"geometry":{"type":"LineString","coordinates":[[59.51042,44.37708],[59.51042,44.38125]]}},{"type":"Feature","properties":{"hyriv_id":40229541,"system_id":"amu_darya","discharge_cms":1587.635,"strahler_order":8,"channel_class":"perennial","in_headwater_formation":0},"geometry":{"type":"LineString","coordinates":[[59.26458,43.74792],[59.27708,43.76042]]}},{"type":"Feature","properties":{"hyriv_id":40229705,"system_id":"amu_darya","discharge_cms":1587.658,"strahler_order":8,"channel_class":"perennial","in_headwater_formation":0},"geometry":{"type":"LineString","coordinates":[[59.25208,43.74375],[59.26458,43.74792]]}},{"type":"Feature","properties":{"hyriv_id":40231479,"system_id":"amu_darya","discharge_cms":1587.676,"strahler_order":8,"channel_class":"perennial","in_headwater_formation":0},"geometry":{"type":"LineString","coordinates":[[59.24792,43.69375],[59.23958,43.70208],[59.23542,43.72292],[59.24792,43.73125],[59.25208,43.74375]]}},{"type":"Feature","properties":{"hyriv_id":40236061,"system_id":"amu_darya","discharge_cms":1587.696,"strahler_order":8,"channel_class":"perennial","in_headwater_formation":0},"geometry":{"type":"LineString","coordinates":[[59.25625,43.56458],[59.26042,43.58542]]}},{"type":"Feature","properties":{"hyriv_id":40244150,"system_id":"amu_darya","discharge_cms":1587.737,"strahler_order":8,"channel_class":"perennial","in_headwater_formation":0},"geometry":{"type":"LineString","coordinates":[[59.27708,43.33542],[59.30208,43.34792],[59.32292,43.38958],[59.30208,43.39792],[59.31042,43.41458],[59.30625,43.45625],[59.28958,43.46875],[59.26458,43.47292],[59.24375,43.49375],[59.24375,43.50625],[59.25208,43.51458],[59.27292,43.52292],[59.25625,43.54375],[59.25208,43.55625],[59.25625,43.56458]]}},{"type":"Feature","properties":{"hyriv_id":40232926,"system_id":"amu_darya","discharge_cms":1587.747,"strahler_order":8,"channel_class":"perennial","in_headwater_formation":0},"geometry":{"type":"LineString","coordinates":[[59.26875,43.65208],[59.24792,43.69375]]}},{"type":"Feature","properties":{"hyriv_id":40235238,"system_id":"amu_darya","discharge_cms":1587.789,"strahler_order":8,"channel_class":"perennial","in_headwater_formation":0},"geometry":{"type":"LineString","coordinates":[[59.26042,43.58542],[59.27292,43.59375],[59.26458,43.60625],[59.27708,43.61458],[59.27292,43.63125]]}},{"type":"Feature","properties":{"hyriv_id":40233651,"system_id":"amu_darya","discharge_cms":1587.831,"strahler_order":8,"channel_class":"perennial","in_headwater_formation":0},"geometry":{"type":"LineString","coordinates":[[59.27292,43.63125],[59.26875,43.65208]]}},{"type":"Feature","properties":{"hyriv_id":40229078,"system_id":"amu_darya","discharge_cms":1587.849,"strahler_order":8,"channel_class":"perennial","in_headwater_formation":0},"geometry":{"type":"LineString","coordinates":[[59.27708,43.76042],[59.28542,43.77292],[59.31875,43.78958]]}},{"type":"Feature","properties":{"hyriv_id":40244714,"system_id":"amu_darya","discharge_cms":1588.406,"strahler_order":8,"channel_class":"perennial","in_headwater_formation":0},"geometry":{"type":"LineString","coordinates":[[59.26042,43.31875],[59.27708,43.33542]]}},{"type":"Feature","properties":{"hyriv_id":40246585,"system_id":"amu_darya","discharge_cms":1588.437,"strahler_order":8,"channel_class":"perennial","in_headwater_formation":0},"geometry":{"type":"LineString","coordinates":[[59.23542,43.26458],[59.23125,43.28125],[59.26042,43.31875]]}},{"type":"Feature","properties":{"hyriv_id":40253515,"system_id":"amu_darya","discharge_cms":1588.507,"strahler_order":8,"channel_class":"perennial","in_headwater_formation":0},"geometry":{"type":"LineString","coordinates":[[59.16458,43.06875],[59.15625,43.09375],[59.16458,43.10208],[59.15208,43.12292],[59.15208,43.13958],[59.13958,43.15208],[59.13958,43.17292],[59.13125,43.18542],[59.13125,43.20625],[59.14375,43.21875],[59.14375,43.24792],[59.16875,43.26042],[59.18542,43.27708],[59.20208,43.27708],[59.22708,43.26042],[59.23542,43.26458]]}},{"type":"Feature","properties":{"hyriv_id":40260193,"system_id":"amu_darya","discharge_cms":1589.147,"strahler_order":8,"channel_class":"perennial","in_headwater_formation":0},"geometry":{"type":"LineString","coordinates":[[59.21875,42.88125],[59.20208,42.88958],[59.18125,42.92292],[59.18958,42.96042],[59.17292,42.98125],[59.18542,42.99792],[59.18125,43.01458],[59.15625,43.03958],[59.15625,43.05625],[59.16458,43.06875]]}},{"type":"Feature","properties":{"hyriv_id":40261116,"system_id":"amu_darya","discharge_cms":1589.757,"strahler_order":8,"channel_class":"perennial","in_headwater_formation":0},"geometry":{"type":"LineString","coordinates":[[59.23125,42.85625],[59.23125,42.86875],[59.21875,42.88125]]}},{"type":"Feature","properties":{"hyriv_id":40262274,"system_id":"amu_darya","discharge_cms":1589.836,"strahler_order":8,"channel_class":"perennial","in_headwater_formation":0},"geometry":{"type":"LineString","coordinates":[[59.21458,42.82292],[59.23125,42.83958],[59.23125,42.85625]]}},{"type":"Feature","properties":{"hyriv_id":40263044,"system_id":"amu_darya","discharge_cms":1589.952,"strahler_order":8,"channel_class":"perennial","in_headwater_formation":0},"geometry":{"type":"LineString","coordinates":[[59.19792,42.80208],[59.21458,42.82292]]}},{"type":"Feature","properties":{"hyriv_id":40263720,"system_id":"amu_darya","discharge_cms":1590.024,"strahler_order":8,"channel_class":"perennial","in_headwater_formation":0},"geometry":{"type":"LineString","coordinates":[[59.20208,42.78125],[59.19792,42.80208]]}},{"type":"Feature","properties":{"hyriv_id":40264166,"system_id":"amu_darya","discharge_cms":1590.096,"strahler_order":8,"channel_class":"perennial","in_headwater_formation":0},"geometry":{"type":"LineString","coordinates":[[59.20625,42.76875],[59.20208,42.78125]]}},{"type":"Feature","properties":{"hyriv_id":40264473,"system_id":"amu_darya","discharge_cms":1590.139,"strahler_order":8,"channel_class":"perennial","in_headwater_formation":0},"geometry":{"type":"LineString","coordinates":[[59.21458,42.76042],[59.20625,42.76875]]}},{"type":"Feature","properties":{"hyriv_id":40265086,"system_id":"amu_darya","discharge_cms":1590.166,"strahler_order":8,"channel_class":"perennial","in_headwater_formation":0},"geometry":{"type":"LineString","coordinates":[[59.27292,42.75625],[59.25625,42.74375],[59.23542,42.74375],[59.21458,42.76042]]}},{"type":"Feature","properties":{"hyriv_id":40265244,"system_id":"amu_darya","discharge_cms":1590.37,"strahler_order":8,"channel_class":"perennial","in_headwater_formation":0},"geometry":{"type":"LineString","coordinates":[[59.31458,42.73958],[59.31458,42.75625],[59.30208,42.77292],[59.29375,42.77292],[59.27292,42.75625]]}},{"type":"Feature","properties":{"hyriv_id":40265380,"system_id":"amu_darya","discharge_cms":1590.587,"strahler_order":8,"channel_class":"perennial","in_headwater_formation":0},"geometry":{"type":"LineString","coordinates":[[59.31458,42.73542],[59.31458,42.73958]]}},{"type":"Feature","properties":{"hyriv_id":40269846,"system_id":"amu_darya","discharge_cms":1590.599,"strahler_order":8,"channel_class":"perennial","in_headwater_formation":0},"geometry":{"type":"LineString","coordinates":[[59.28958,42.60625],[59.31875,42.63542],[59.30625,42.67708],[59.31458,42.73542]]}},{"type":"Feature","properties":{"hyriv_id":40270109,"system_id":"amu_darya","discharge_cms":1591.051,"strahler_order":8,"channel_class":"perennial","in_headwater_formation":0},"geometry":{"type":"LineString","coordinates":[[59.28125,42.59792],[59.28958,42.60625]]}},{"type":"Feature","properties":{"hyriv_id":40271520,"system_id":"amu_darya","discharge_cms":1591.08,"strahler_order":8,"channel_class":"perennial","in_headwater_formation":0},"geometry":{"type":"LineString","coordinates":[[59.37708,42.56458],[59.34375,42.55625],[59.33958,42.56042],[59.35625,42.58125],[59.35208,42.58542],[59.33958,42.58958],[59.31042,42.57708],[59.28958,42.57708],[59.27708,42.58958],[59.28125,42.59792]]}},{"type":"Feature","properties":{"hyriv_id":40196306,"system_id":"amu_darya","discharge_cms":1591.153,"strahler_order":8,"channel_class":"perennial","in_headwater_formation":0},"geometry":{"type":"LineString","coordinates":[[59.54375,44.72292],[59.54792,44.73542]]}},{"type":"Feature","properties":{"hyriv_id":40195886,"system_id":"amu_darya","discharge_cms":1591.247,"strahler_order":8,"channel_class":"perennial","in_headwater_formation":0},"geometry":{"type":"LineString","coordinates":[[59.54792,44.73542],[59.60208,44.78958]]}},{"type":"Feature","properties":{"hyriv_id":40191775,"system_id":"amu_darya","discharge_cms":1591.305,"strahler_order":8,"channel_class":"perennial","in_headwater_formation":0},"geometry":{"type":"LineString","coordinates":[[59.66458,44.85625],[59.71042,44.90208]]}},{"type":"Feature","properties":{"hyriv_id":40194099,"system_id":"amu_darya","discharge_cms":1591.318,"strahler_order":8,"channel_class":"perennial","in_headwater_formation":0},"geometry":{"type":"LineString","coordinates":[[59.60208,44.78958],[59.63125,44.81875]]}},{"type":"Feature","properties":{"hyriv_id":40192624,"system_id":"amu_darya","discharge_cms":1591.332,"strahler_order":8,"channel_class":"perennial","in_headwater_formation":0},"geometry":{"type":"LineString","coordinates":[[59.64375,44.83125],[59.66458,44.85625]]}},{"type":"Feature","properties":{"hyriv_id":40193066,"system_id":"amu_darya","discharge_cms":1591.343,"strahler_order":8,"channel_class":"perennial","in_headwater_formation":0},"geometry":{"type":"LineString","coordinates":[[59.63125,44.81875],[59.64375,44.83125]]}},{"type":"Feature","properties":{"hyriv_id":40274742,"system_id":"amu_darya","discharge_cms":1591.588,"strahler_order":8,"channel_class":"perennial","in_headwater_formation":0},"geometry":{"type":"LineString","coordinates":[[59.54792,42.46458],[59.52708,42.48542],[59.41458,42.52292],[59.39375,42.55208],[59.37708,42.56458]]}},{"type":"Feature","properties":{"hyriv_id":40190238,"system_id":"amu_darya","discharge_cms":1592.135,"strahler_order":8,"channel_class":"perennial","in_headwater_formation":0},"geometry":{"type":"LineString","coordinates":[[59.71042,44.90208],[59.71458,44.90625]]}},{"type":"Feature","properties":{"hyriv_id":40275562,"system_id":"amu_darya","discharge_cms":1626.291,"strahler_order":8,"channel_class":"perennial","in_headwater_formation":0},"geometry":{"type":"LineString","coordinates":[[59.55625,42.43958],[59.54792,42.46458]]}},{"type":"Feature","properties":{"hyriv_id":40277424,"system_id":"amu_darya","discharge_cms":1641.918,"strahler_order":8,"channel_class":"perennial","in_headwater_formation":0},"geometry":{"type":"LineString","coordinates":[[59.58542,42.38125],[59.58125,42.42708],[59.55625,42.43958]]}},{"type":"Feature","properties":{"hyriv_id":40277864,"system_id":"amu_darya","discharge_cms":1686.193,"strahler_order":8,"channel_class":"perennial","in_headwater_formation":0},"geometry":{"type":"LineString","coordinates":[[59.60208,42.36875],[59.58542,42.38125]]}},{"type":"Feature","properties":{"hyriv_id":40278731,"system_id":"amu_darya","discharge_cms":1696.61,"strahler_order":8,"channel_class":"perennial","in_headwater_formation":0},"geometry":{"type":"LineString","coordinates":[[59.63958,42.34375],[59.62708,42.34375],[59.60208,42.36875]]}},{"type":"Feature","properties":{"hyriv_id":40278732,"system_id":"amu_darya","discharge_cms":1720.049,"strahler_order":8,"channel_class":"perennial","in_headwater_formation":0},"geometry":{"type":"LineString","coordinates":[[59.66458,42.34792],[59.63958,42.34375]]}},{"type":"Feature","properties":{"hyriv_id":40279460,"system_id":"amu_darya","discharge_cms":1735.674,"strahler_order":8,"channel_class":"perennial","in_headwater_formation":0},"geometry":{"type":"LineString","coordinates":[[59.72292,42.32292],[59.69792,42.33958],[59.66458,42.34792]]}},{"type":"Feature","properties":{"hyriv_id":40403674,"system_id":"amu_darya","discharge_cms":1761.615,"strahler_order":7,"channel_class":"perennial","in_headwater_formation":0},"geometry":{"type":"LineString","coordinates":[[64.51042,38.23958],[64.50208,38.25625]]}},{"type":"Feature","properties":{"hyriv_id":40403200,"system_id":"amu_darya","discharge_cms":1761.773,"strahler_order":7,"channel_class":"perennial","in_headwater_formation":0},"geometry":{"type":"LineString","coordinates":[[64.50208,38.25625],[64.47708,38.28125]]}},{"type":"Feature","properties":{"hyriv_id":40402499,"system_id":"amu_darya","discharge_cms":1761.79,"strahler_order":7,"channel_class":"perennial","in_headwater_formation":0},"geometry":{"type":"LineString","coordinates":[[64.47708,38.28125],[64.46875,38.28958],[64.45208,38.28958],[64.41875,38.30208]]}},{"type":"Feature","properties":{"hyriv_id":40403888,"system_id":"amu_darya","discharge_cms":1762.206,"strahler_order":7,"channel_class":"perennial","in_headwater_formation":0},"geometry":{"type":"LineString","coordinates":[[64.54375,38.23125],[64.51042,38.23958]]}},{"type":"Feature","properties":{"hyriv_id":40401869,"system_id":"amu_darya","discharge_cms":1762.312,"strahler_order":7,"channel_class":"perennial","in_headwater_formation":0},"geometry":{"type":"LineString","coordinates":[[64.41875,38.30208],[64.38542,38.31875]]}},{"type":"Feature","properties":{"hyriv_id":40401411,"system_id":"amu_darya","discharge_cms":1762.342,"strahler_order":7,"channel_class":"perennial","in_headwater_formation":0},"geometry":{"type":"LineString","coordinates":[[64.38542,38.31875],[64.36458,38.32708],[64.35208,38.34375],[64.36458,38.37708],[64.35208,38.39375]]}},{"type":"Feature","properties":{"hyriv_id":40399262,"system_id":"amu_darya","discharge_cms":1762.371,"strahler_order":7,"channel_class":"perennial","in_headwater_formation":0},"geometry":{"type":"LineString","coordinates":[[64.35208,38.39375],[64.31458,38.43542]]}},{"type":"Feature","properties":{"hyriv_id":40398006,"system_id":"amu_darya","discharge_cms":1762.451,"strahler_order":7,"channel_class":"perennial","in_headwater_formation":0},"geometry":{"type":"LineString","coordinates":[[64.31458,38.43542],[64.28958,38.43542]]}},{"type":"Feature","properties":{"hyriv_id":40398005,"system_id":"amu_darya","discharge_cms":1762.483,"strahler_order":7,"channel_class":"perennial","in_headwater_formation":0},"geometry":{"type":"LineString","coordinates":[[64.28958,38.43542],[64.28125,38.43542],[64.27292,38.44792]]}},{"type":"Feature","properties":{"hyriv_id":40397563,"system_id":"amu_darya","discharge_cms":1762.507,"strahler_order":7,"channel_class":"perennial","in_headwater_formation":0},"geometry":{"type":"LineString","coordinates":[[64.27292,38.44792],[64.24792,38.46875]]}},{"type":"Feature","properties":{"hyriv_id":40396891,"system_id":"amu_darya","discharge_cms":1762.533,"strahler_order":7,"channel_class":"perennial","in_headwater_formation":0},"geometry":{"type":"LineString","coordinates":[[64.24792,38.46875],[64.24375,38.48958],[64.22708,38.49375]]}},{"type":"Feature","properties":{"hyriv_id":40396139,"system_id":"amu_darya","discharge_cms":1762.56,"strahler_order":7,"channel_class":"perennial","in_headwater_formation":0},"geometry":{"type":"LineString","coordinates":[[64.22708,38.49375],[64.19375,38.49792]]}},{"type":"Feature","properties":{"hyriv_id":40404005,"system_id":"amu_darya","discharge_cms":1763.394,"strahler_order":7,"channel_class":"perennial","in_headwater_formation":0},"geometry":{"type":"LineString","coordinates":[[64.54792,38.22708],[64.54375,38.23125]]}},{"type":"Feature","properties":{"hyriv_id":40404006,"system_id":"amu_darya","discharge_cms":1763.534,"strahler_order":7,"channel_class":"perennial","in_headwater_formation":0},"geometry":{"type":"LineString","coordinates":[[64.55625,38.22708],[64.54792,38.22708]]}},{"type":"Feature","properties":{"hyriv_id":40404247,"system_id":"amu_darya","discharge_cms":1763.817,"strahler_order":7,"channel_class":"perennial","in_headwater_formation":0},"geometry":{"type":"LineString","coordinates":[[64.57708,38.21875],[64.55625,38.22708]]}},{"type":"Feature","properties":{"hyriv_id":40405423,"system_id":"amu_darya","discharge_cms":1763.888,"strahler_order":7,"channel_class":"perennial","in_headwater_formation":0},"geometry":{"type":"LineString","coordinates":[[64.66875,38.17708],[64.65208,38.18542]]}},{"type":"Feature","properties":{"hyriv_id":40405520,"system_id":"amu_darya","discharge_cms":1764.468,"strahler_order":7,"channel_class":"perennial","in_headwater_formation":0},"geometry":{"type":"LineString","coordinates":[[64.68958,38.17292],[64.66875,38.17708]]}},{"type":"Feature","properties":{"hyriv_id":40396028,"system_id":"amu_darya","discharge_cms":1764.493,"strahler_order":7,"channel_class":"perennial","in_headwater_formation":0},"geometry":{"type":"LineString","coordinates":[[64.19375,38.49792],[64.18542,38.50208],[64.16458,38.49792],[64.14792,38.51458],[64.14375,38.55625],[64.11875,38.59375]]}},{"type":"Feature","properties":{"hyriv_id":40404248,"system_id":"amu_darya","discharge_cms":1764.523,"strahler_order":7,"channel_class":"perennial","in_headwater_formation":0},"geometry":{"type":"LineString","coordinates":[[64.58542,38.21875],[64.57708,38.21875]]}},{"type":"Feature","properties":{"hyriv_id":40393124,"system_id":"amu_darya","discharge_cms":1764.654,"strahler_order":7,"channel_class":"perennial","in_headwater_formation":0},"geometry":{"type":"LineString","coordinates":[[64.11875,38.59375],[64.11458,38.60208]]}},{"type":"Feature","properties":{"hyriv_id":40405198,"system_id":"amu_darya","discharge_cms":1764.818,"strahler_order":7,"channel_class":"perennial","in_headwater_formation":0},"geometry":{"type":"LineString","coordinates":[[64.65208,38.18542],[64.61875,38.21042],[64.58542,38.21875]]}},{"type":"Feature","properties":{"hyriv_id":40405628,"system_id":"amu_darya","discharge_cms":1765.212,"strahler_order":7,"channel_class":"perennial","in_headwater_formation":0},"geometry":{"type":"LineString","coordinates":[[64.72292,38.16875],[64.68958,38.17292]]}},{"type":"Feature","properties":{"hyriv_id":40392836,"system_id":"amu_darya","discharge_cms":1765.334,"strahler_order":7,"channel_class":"perennial","in_headwater_formation":0},"geometry":{"type":"LineString","coordinates":[[64.11458,38.60208],[64.10625,38.61042],[64.09792,38.63958]]}},{"type":"Feature","properties":{"hyriv_id":40405629,"system_id":"amu_darya","discharge_cms":1766.405,"strahler_order":7,"channel_class":"perennial","in_headwater_formation":0},"geometry":{"type":"LineString","coordinates":[[64.74375,38.17292],[64.72292,38.16875]]}},{"type":"Feature","properties":{"hyriv_id":40405972,"system_id":"amu_darya","discharge_cms":1767.117,"strahler_order":7,"channel_class":"perennial","in_headwater_formation":0},"geometry":{"type":"LineString","coordinates":[[64.82292,38.15625],[64.78125,38.16875],[64.74792,38.16875]]}},{"type":"Feature","properties":{"hyriv_id":40405630,"system_id":"amu_darya","discharge_cms":1767.142,"strahler_order":7,"channel_class":"perennial","in_headwater_formation":0},"geometry":{"type":"LineString","coordinates":[[64.74792,38.16875],[64.74375,38.17292]]}},{"type":"Feature","properties":{"hyriv_id":40391759,"system_id":"amu_darya","discharge_cms":1767.163,"strahler_order":7,"channel_class":"perennial","in_headwater_formation":0},"geometry":{"type":"LineString","coordinates":[[64.09792,38.63958],[64.08125,38.64375],[64.06458,38.66042],[64.06458,38.68958],[64.02708,38.71875]]}},{"type":"Feature","properties":{"hyriv_id":40406777,"system_id":"amu_darya","discharge_cms":1769.575,"strahler_order":7,"channel_class":"perennial","in_headwater_formation":0},"geometry":{"type":"LineString","coordinates":[[64.85625,38.12708],[64.83125,38.14792]]}},{"type":"Feature","properties":{"hyriv_id":40406208,"system_id":"amu_darya","discharge_cms":1769.774,"strahler_order":7,"channel_class":"perennial","in_headwater_formation":0},"geometry":{"type":"LineString","coordinates":[[64.83125,38.14792],[64.82292,38.15625]]}},{"type":"Feature","properties":{"hyriv_id":40407176,"system_id":"amu_darya","discharge_cms":1770.466,"strahler_order":7,"channel_class":"perennial","in_headwater_formation":0},"geometry":{"type":"LineString","coordinates":[[64.89375,38.11458],[64.86875,38.11458],[64.85625,38.12708]]}},{"type":"Feature","properties":{"hyriv_id":40407177,"system_id":"amu_darya","discharge_cms":1771.81,"strahler_order":7,"channel_class":"perennial","in_headwater_formation":0},"geometry":{"type":"LineString","coordinates":[[64.89792,38.11875],[64.89375,38.11458]]}},{"type":"Feature","properties":{"hyriv_id":40407059,"system_id":"amu_darya","discharge_cms":1771.935,"strahler_order":7,"channel_class":"perennial","in_headwater_formation":0},"geometry":{"type":"LineString","coordinates":[[64.92292,38.11875],[64.89792,38.11875]]}},{"type":"Feature","properties":{"hyriv_id":40280995,"system_id":"amu_darya","discharge_cms":1772.135,"strahler_order":8,"channel_class":"perennial","in_headwater_formation":0},"geometry":{"type":"LineString","coordinates":[[59.82708,42.29792],[59.81458,42.28542],[59.78125,42.27708],[59.76875,42.28958],[59.75208,42.29375],[59.72292,42.32292]]}},{"type":"Feature","properties":{"hyriv_id":40407299,"system_id":"amu_darya","discharge_cms":1772.719,"strahler_order":7,"channel_class":"perennial","in_headwater_formation":0},"geometry":{"type":"LineString","coordinates":[[64.93542,38.11042],[64.92292,38.11875]]}},{"type":"Feature","properties":{"hyriv_id":40407899,"system_id":"amu_darya","discharge_cms":1773.162,"strahler_order":7,"channel_class":"perennial","in_headwater_formation":0},"geometry":{"type":"LineString","coordinates":[[64.97708,38.08958],[64.93542,38.11042]]}},{"type":"Feature","properties":{"hyriv_id":40408159,"system_id":"amu_darya","discharge_cms":1774.65,"strahler_order":7,"channel_class":"perennial","in_headwater_formation":0},"geometry":{"type":"LineString","coordinates":[[65.00625,38.08125],[65.00208,38.08958],[64.97708,38.08958]]}},{"type":"Feature","properties":{"hyriv_id":40410105,"system_id":"amu_darya","discharge_cms":1775.132,"strahler_order":7,"channel_class":"perennial","in_headwater_formation":0},"geometry":{"type":"LineString","coordinates":[[65.07708,38.01875],[65.06042,38.02292]]}},{"type":"Feature","properties":{"hyriv_id":40410455,"system_id":"amu_darya","discharge_cms":1775.176,"strahler_order":7,"channel_class":"perennial","in_headwater_formation":0},"geometry":{"type":"LineString","coordinates":[[65.10625,38.00625],[65.08958,38.01875],[65.07708,38.01875]]}},{"type":"Feature","properties":{"hyriv_id":40410731,"system_id":"amu_darya","discharge_cms":1775.207,"strahler_order":7,"channel_class":"perennial","in_headwater_formation":0},"geometry":{"type":"LineString","coordinates":[[65.11458,37.99792],[65.10625,38.00625]]}},{"type":"Feature","properties":{"hyriv_id":40409990,"system_id":"amu_darya","discharge_cms":1775.385,"strahler_order":7,"channel_class":"perennial","in_headwater_formation":0},"geometry":{"type":"LineString","coordinates":[[65.06042,38.02292],[65.01458,38.06458],[65.00625,38.08125]]}},{"type":"Feature","properties":{"hyriv_id":40411395,"system_id":"amu_darya","discharge_cms":1777.522,"strahler_order":7,"channel_class":"perennial","in_headwater_formation":0},"geometry":{"type":"LineString","coordinates":[[65.13125,37.97708],[65.11458,37.99792]]}},{"type":"Feature","properties":{"hyriv_id":40442063,"system_id":"amu_darya","discharge_cms":1784.025,"strahler_order":7,"channel_class":"perennial","in_headwater_formation":1},"geometry":{"type":"LineString","coordinates":[[68.24375,37.01042],[68.23958,37.00625]]}},{"type":"Feature","properties":{"hyriv_id":40441943,"system_id":"amu_darya","discharge_cms":1784.234,"strahler_order":7,"channel_class":"perennial","in_headwater_formation":1},"geometry":{"type":"LineString","coordinates":[[68.31875,37.11042],[68.29375,37.08958],[68.28958,37.03125],[68.28125,37.01875],[68.26875,37.01042],[68.24375,37.01042]]}},{"type":"Feature","properties":{"hyriv_id":40412330,"system_id":"amu_darya","discharge_cms":1789.108,"strahler_order":7,"channel_class":"perennial","in_headwater_formation":0},"geometry":{"type":"LineString","coordinates":[[65.13958,37.94375],[65.13958,37.96042],[65.13125,37.97708]]}},{"type":"Feature","properties":{"hyriv_id":40412820,"system_id":"amu_darya","discharge_cms":1807.652,"strahler_order":7,"channel_class":"perennial","in_headwater_formation":0},"geometry":{"type":"LineString","coordinates":[[65.15625,37.92708],[65.13958,37.94375]]}},{"type":"Feature","properties":{"hyriv_id":40389359,"system_id":"amu_darya","discharge_cms":1808.227,"strahler_order":7,"channel_class":"perennial","in_headwater_formation":0},"geometry":{"type":"LineString","coordinates":[[64.02708,38.71875],[63.99375,38.73958]]}},{"type":"Feature","properties":{"hyriv_id":40388717,"system_id":"amu_darya","discharge_cms":1808.629,"strahler_order":7,"channel_class":"perennial","in_headwater_formation":0},"geometry":{"type":"LineString","coordinates":[[63.99375,38.73958],[63.98958,38.76458],[64.00625,38.78125],[64.00208,38.78958]]}},{"type":"Feature","properties":{"hyriv_id":40387301,"system_id":"amu_darya","discharge_cms":1808.825,"strahler_order":7,"channel_class":"perennial","in_headwater_formation":0},"geometry":{"type":"LineString","coordinates":[[64.00208,38.78958],[63.97708,38.79792]]}},{"type":"Feature","properties":{"hyriv_id":40387043,"system_id":"amu_darya","discharge_cms":1808.896,"strahler_order":7,"channel_class":"perennial","in_headwater_formation":0},"geometry":{"type":"LineString","coordinates":[[63.97708,38.79792],[63.96458,38.81042]]}},{"type":"Feature","properties":{"hyriv_id":40386642,"system_id":"amu_darya","discharge_cms":1809.04,"strahler_order":7,"channel_class":"perennial","in_headwater_formation":0},"geometry":{"type":"LineString","coordinates":[[63.96458,38.81042],[63.96042,38.84375]]}},{"type":"Feature","properties":{"hyriv_id":40385630,"system_id":"amu_darya","discharge_cms":1809.17,"strahler_order":7,"channel_class":"perennial","in_headwater_formation":0},"geometry":{"type":"LineString","coordinates":[[63.96042,38.84375],[63.93958,38.86875]]}},{"type":"Feature","properties":{"hyriv_id":40384821,"system_id":"amu_darya","discharge_cms":1809.23,"strahler_order":7,"channel_class":"perennial","in_headwater_formation":0},"geometry":{"type":"LineString","coordinates":[[63.93958,38.86875],[63.93125,38.87708]]}},{"type":"Feature","properties":{"hyriv_id":40384560,"system_id":"amu_darya","discharge_cms":1809.438,"strahler_order":7,"channel_class":"perennial","in_headwater_formation":0},"geometry":{"type":"LineString","coordinates":[[63.93125,38.87708],[63.92292,38.89792],[63.90208,38.91875]]}},{"type":"Feature","properties":{"hyriv_id":40383266,"system_id":"amu_darya","discharge_cms":1809.629,"strahler_order":7,"channel_class":"perennial","in_headwater_formation":0},"geometry":{"type":"LineString","coordinates":[[63.90208,38.91875],[63.88125,38.93958],[63.87708,38.96042]]}},{"type":"Feature","properties":{"hyriv_id":40382130,"system_id":"amu_darya","discharge_cms":1809.901,"strahler_order":7,"channel_class":"perennial","in_headwater_formation":0},"geometry":{"type":"LineString","coordinates":[[63.87708,38.96042],[63.85208,38.98542],[63.82708,38.98542],[63.81458,38.97708]]}},{"type":"Feature","properties":{"hyriv_id":40381654,"system_id":"amu_darya","discharge_cms":1809.948,"strahler_order":7,"channel_class":"perennial","in_headwater_formation":0},"geometry":{"type":"LineString","coordinates":[[63.81458,38.97708],[63.80625,38.97708]]}},{"type":"Feature","properties":{"hyriv_id":40412942,"system_id":"amu_darya","discharge_cms":1816.9,"strahler_order":7,"channel_class":"perennial","in_headwater_formation":0},"geometry":{"type":"LineString","coordinates":[[65.16042,37.92292],[65.15625,37.92708]]}},{"type":"Feature","properties":{"hyriv_id":40413206,"system_id":"amu_darya","discharge_cms":1819.2,"strahler_order":7,"channel_class":"perennial","in_headwater_formation":0},"geometry":{"type":"LineString","coordinates":[[65.18125,37.91458],[65.16042,37.92292]]}},{"type":"Feature","properties":{"hyriv_id":40381653,"system_id":"amu_darya","discharge_cms":1819.695,"strahler_order":7,"channel_class":"perennial","in_headwater_formation":0},"geometry":{"type":"LineString","coordinates":[[63.80625,38.97708],[63.78542,39.00208],[63.78542,39.01042],[63.75625,39.03958],[63.73542,39.03958]]}},{"type":"Feature","properties":{"hyriv_id":40379787,"system_id":"amu_darya","discharge_cms":1821.073,"strahler_order":7,"channel_class":"perennial","in_headwater_formation":0},"geometry":{"type":"LineString","coordinates":[[63.73542,39.03958],[63.72708,39.04375]]}},{"type":"Feature","properties":{"hyriv_id":40414055,"system_id":"amu_darya","discharge_cms":1830.569,"strahler_order":7,"channel_class":"perennial","in_headwater_formation":0},"geometry":{"type":"LineString","coordinates":[[65.20208,37.88542],[65.18125,37.91458]]}},{"type":"Feature","properties":{"hyriv_id":40379658,"system_id":"amu_darya","discharge_cms":1831.809,"strahler_order":7,"channel_class":"perennial","in_headwater_formation":0},"geometry":{"type":"LineString","coordinates":[[63.72708,39.04375],[63.68958,39.08125],[63.67708,39.08542],[63.67292,39.09792]]}},{"type":"Feature","properties":{"hyriv_id":40378079,"system_id":"amu_darya","discharge_cms":1835.154,"strahler_order":7,"channel_class":"perennial","in_headwater_formation":0},"geometry":{"type":"LineString","coordinates":[[63.67292,39.09792],[63.65208,39.10625]]}},{"type":"Feature","properties":{"hyriv_id":40280332,"system_id":"amu_darya","discharge_cms":1839.851,"strahler_order":8,"channel_class":"perennial","in_headwater_formation":0},"geometry":{"type":"LineString","coordinates":[[59.84792,42.31875],[59.82708,42.29792]]}},{"type":"Feature","properties":{"hyriv_id":40414438,"system_id":"amu_darya","discharge_cms":1846.729,"strahler_order":7,"channel_class":"perennial","in_headwater_formation":0},"geometry":{"type":"LineString","coordinates":[[65.20208,37.87292],[65.20208,37.88542]]}},{"type":"Feature","properties":{"hyriv_id":40279583,"system_id":"amu_darya","discharge_cms":1852.873,"strahler_order":8,"channel_class":"perennial","in_headwater_formation":0},"geometry":{"type":"LineString","coordinates":[[59.86875,42.33542],[59.85625,42.33125],[59.84792,42.31875]]}},{"type":"Feature","properties":{"hyriv_id":40415362,"system_id":"amu_darya","discharge_cms":1853.671,"strahler_order":7,"channel_class":"perennial","in_headwater_formation":0},"geometry":{"type":"LineString","coordinates":[[65.23542,37.83958],[65.20208,37.87292]]}},{"type":"Feature","properties":{"hyriv_id":40279461,"system_id":"amu_darya","discharge_cms":1868.495,"strahler_order":8,"channel_class":"perennial","in_headwater_formation":0},"geometry":{"type":"LineString","coordinates":[[59.90208,42.32292],[59.88125,42.33542],[59.87708,42.33125],[59.86875,42.33542]]}},{"type":"Feature","properties":{"hyriv_id":40415753,"system_id":"amu_darya","discharge_cms":1874.88,"strahler_order":7,"channel_class":"perennial","in_headwater_formation":0},"geometry":{"type":"LineString","coordinates":[[65.24375,37.82708],[65.23542,37.83958]]}},{"type":"Feature","properties":{"hyriv_id":40417995,"system_id":"amu_darya","discharge_cms":1881.794,"strahler_order":7,"channel_class":"perennial","in_headwater_formation":0},"geometry":{"type":"LineString","coordinates":[[65.28125,37.75208],[65.28125,37.76875],[65.27292,37.78542],[65.26042,37.81042],[65.24375,37.82708]]}},{"type":"Feature","properties":{"hyriv_id":40280594,"system_id":"amu_darya","discharge_cms":1889.324,"strahler_order":8,"channel_class":"perennial","in_headwater_formation":0},"geometry":{"type":"LineString","coordinates":[[59.97292,42.28958],[59.95625,42.29792],[59.92292,42.30208],[59.90208,42.32292]]}},{"type":"Feature","properties":{"hyriv_id":40419515,"system_id":"amu_darya","discharge_cms":1923.462,"strahler_order":7,"channel_class":"perennial","in_headwater_formation":0},"geometry":{"type":"LineString","coordinates":[[65.30208,37.70208],[65.28125,37.75208]]}},{"type":"Feature","properties":{"hyriv_id":40280743,"system_id":"amu_darya","discharge_cms":1933.595,"strahler_order":8,"channel_class":"perennial","in_headwater_formation":0},"geometry":{"type":"LineString","coordinates":[[59.97708,42.28542],[59.97292,42.28958]]}},{"type":"Feature","properties":{"hyriv_id":40443367,"system_id":"amu_darya","discharge_cms":1935.001,"strahler_order":7,"channel_class":"perennial","in_headwater_formation":0},"geometry":{"type":"LineString","coordinates":[[68.17292,37.01042],[68.16042,37.00625],[68.12292,36.96875]]}},{"type":"Feature","properties":{"hyriv_id":40444191,"system_id":"amu_darya","discharge_cms":1935.03,"strahler_order":7,"channel_class":"perennial","in_headwater_formation":0},"geometry":{"type":"LineString","coordinates":[[68.12292,36.96875],[68.07708,36.94375]]}},{"type":"Feature","properties":{"hyriv_id":40444459,"system_id":"amu_darya","discharge_cms":1935.411,"strahler_order":7,"channel_class":"perennial","in_headwater_formation":0},"geometry":{"type":"LineString","coordinates":[[68.07708,36.94375],[68.05625,36.94375],[68.04375,36.93542]]}},{"type":"Feature","properties":{"hyriv_id":40441941,"system_id":"amu_darya","discharge_cms":1936.145,"strahler_order":7,"channel_class":"perennial","in_headwater_formation":1},"geometry":{"type":"LineString","coordinates":[[68.17708,37.01458],[68.17292,37.01042]]}},{"type":"Feature","properties":{"hyriv_id":40281269,"system_id":"amu_darya","discharge_cms":1936.197,"strahler_order":8,"channel_class":"perennial","in_headwater_formation":0},"geometry":{"type":"LineString","coordinates":[[59.99375,42.26875],[59.97708,42.28542]]}},{"type":"Feature","properties":{"hyriv_id":40441806,"system_id":"amu_darya","discharge_cms":1936.38,"strahler_order":7,"channel_class":"perennial","in_headwater_formation":1},"geometry":{"type":"LineString","coordinates":[[68.19375,37.01875],[68.17708,37.01458]]}},{"type":"Feature","properties":{"hyriv_id":40442208,"system_id":"amu_darya","discharge_cms":1937.346,"strahler_order":7,"channel_class":"perennial","in_headwater_formation":1},"geometry":{"type":"LineString","coordinates":[[68.22292,37.00208],[68.21042,37.00208],[68.19375,37.01875]]}},{"type":"Feature","properties":{"hyriv_id":40442209,"system_id":"amu_darya","discharge_cms":1939.298,"strahler_order":7,"channel_class":"perennial","in_headwater_formation":1},"geometry":{"type":"LineString","coordinates":[[68.23958,37.00625],[68.22292,37.00208]]}},{"type":"Feature","properties":{"hyriv_id":40281428,"system_id":"amu_darya","discharge_cms":1946.612,"strahler_order":8,"channel_class":"perennial","in_headwater_formation":0},"geometry":{"type":"LineString","coordinates":[[60.01042,42.26458],[59.99375,42.26875]]}},{"type":"Feature","properties":{"hyriv_id":40377845,"system_id":"amu_darya","discharge_cms":1948.342,"strahler_order":8,"channel_class":"perennial","in_headwater_formation":0},"geometry":{"type":"LineString","coordinates":[[63.65208,39.10625],[63.64792,39.10625]]}},{"type":"Feature","properties":{"hyriv_id":40281704,"system_id":"amu_darya","discharge_cms":1949.24,"strahler_order":8,"channel_class":"perennial","in_headwater_formation":0},"geometry":{"type":"LineString","coordinates":[[60.02292,42.25625],[60.01042,42.26458]]}},{"type":"Feature","properties":{"hyriv_id":40281845,"system_id":"amu_darya","discharge_cms":1949.272,"strahler_order":8,"channel_class":"perennial","in_headwater_formation":0},"geometry":{"type":"LineString","coordinates":[[60.07292,42.25208],[60.02292,42.25625]]}},{"type":"Feature","properties":{"hyriv_id":40282136,"system_id":"amu_darya","discharge_cms":1949.402,"strahler_order":8,"channel_class":"perennial","in_headwater_formation":0},"geometry":{"type":"LineString","coordinates":[[60.08958,42.24375],[60.07292,42.25208]]}},{"type":"Feature","properties":{"hyriv_id":40282298,"system_id":"amu_darya","discharge_cms":1949.446,"strahler_order":8,"channel_class":"perennial","in_headwater_formation":0},"geometry":{"type":"LineString","coordinates":[[60.10625,42.23958],[60.08958,42.24375]]}},{"type":"Feature","properties":{"hyriv_id":40282715,"system_id":"amu_darya","discharge_cms":1949.49,"strahler_order":8,"channel_class":"perennial","in_headwater_formation":0},"geometry":{"type":"LineString","coordinates":[[60.11042,42.22708],[60.10625,42.23958]]}},{"type":"Feature","properties":{"hyriv_id":40283945,"system_id":"amu_darya","discharge_cms":1949.518,"strahler_order":8,"channel_class":"perennial","in_headwater_formation":0},"geometry":{"type":"LineString","coordinates":[[60.15208,42.18958],[60.13958,42.20208],[60.12292,42.20625],[60.11042,42.21875],[60.11042,42.22708]]}},{"type":"Feature","properties":{"hyriv_id":40284604,"system_id":"amu_darya","discharge_cms":1949.642,"strahler_order":8,"channel_class":"perennial","in_headwater_formation":0},"geometry":{"type":"LineString","coordinates":[[60.17708,42.16875],[60.15208,42.18958]]}},{"type":"Feature","properties":{"hyriv_id":40286542,"system_id":"amu_darya","discharge_cms":1949.708,"strahler_order":8,"channel_class":"perennial","in_headwater_formation":0},"geometry":{"type":"LineString","coordinates":[[60.26458,42.10625],[60.21458,42.15208],[60.17708,42.16875]]}},{"type":"Feature","properties":{"hyriv_id":40289564,"system_id":"amu_darya","discharge_cms":1949.819,"strahler_order":8,"channel_class":"perennial","in_headwater_formation":0},"geometry":{"type":"LineString","coordinates":[[60.29375,42.00625],[60.29375,42.02292],[60.28125,42.03542]]}},{"type":"Feature","properties":{"hyriv_id":40290422,"system_id":"amu_darya","discharge_cms":1949.894,"strahler_order":8,"channel_class":"perennial","in_headwater_formation":0},"geometry":{"type":"LineString","coordinates":[[60.31875,41.97708],[60.29375,42.00625]]}},{"type":"Feature","properties":{"hyriv_id":40286657,"system_id":"amu_darya","discharge_cms":1949.948,"strahler_order":8,"channel_class":"perennial","in_headwater_formation":0},"geometry":{"type":"LineString","coordinates":[[60.26458,42.10208],[60.26458,42.10625]]}},{"type":"Feature","properties":{"hyriv_id":40288692,"system_id":"amu_darya","discharge_cms":1949.956,"strahler_order":8,"channel_class":"perennial","in_headwater_formation":0},"geometry":{"type":"LineString","coordinates":[[60.28125,42.03542],[60.26875,42.04375],[60.26458,42.10208]]}},{"type":"Feature","properties":{"hyriv_id":40290423,"system_id":"amu_darya","discharge_cms":1950.048,"strahler_order":8,"channel_class":"perennial","in_headwater_formation":0},"geometry":{"type":"LineString","coordinates":[[60.34792,41.97708],[60.31875,41.97708]]}},{"type":"Feature","properties":{"hyriv_id":40293398,"system_id":"amu_darya","discharge_cms":1950.225,"strahler_order":8,"channel_class":"perennial","in_headwater_formation":0},"geometry":{"type":"LineString","coordinates":[[60.45625,41.88542],[60.45208,41.88958],[60.45625,41.93958],[60.43542,41.96042],[60.38542,41.96458],[60.34792,41.97708]]}},{"type":"Feature","properties":{"hyriv_id":40419898,"system_id":"amu_darya","discharge_cms":1951.063,"strahler_order":7,"channel_class":"perennial","in_headwater_formation":0},"geometry":{"type":"LineString","coordinates":[[65.37708,37.71042],[65.35208,37.69375],[65.33125,37.68958],[65.31875,37.68958],[65.30208,37.70208]]}},{"type":"Feature","properties":{"hyriv_id":40294070,"system_id":"amu_darya","discharge_cms":1951.214,"strahler_order":8,"channel_class":"perennial","in_headwater_formation":0},"geometry":{"type":"LineString","coordinates":[[60.47708,41.86458],[60.45625,41.88542]]}},{"type":"Feature","properties":{"hyriv_id":40294831,"system_id":"amu_darya","discharge_cms":1951.338,"strahler_order":8,"channel_class":"perennial","in_headwater_formation":0},"geometry":{"type":"LineString","coordinates":[[60.51875,41.83958],[60.51875,41.84792],[60.50625,41.86042],[60.47708,41.86458]]}},{"type":"Feature","properties":{"hyriv_id":40296707,"system_id":"amu_darya","discharge_cms":1952.369,"strahler_order":8,"channel_class":"perennial","in_headwater_formation":0},"geometry":{"type":"LineString","coordinates":[[60.56458,41.78125],[60.54375,41.78125],[60.51875,41.80208],[60.51458,41.81042],[60.51875,41.83958]]}},{"type":"Feature","properties":{"hyriv_id":40297265,"system_id":"amu_darya","discharge_cms":1954.956,"strahler_order":8,"channel_class":"perennial","in_headwater_formation":0},"geometry":{"type":"LineString","coordinates":[[60.59792,41.76458],[60.56458,41.78125]]}},{"type":"Feature","properties":{"hyriv_id":40297641,"system_id":"amu_darya","discharge_cms":1955.988,"strahler_order":8,"channel_class":"perennial","in_headwater_formation":0},"geometry":{"type":"LineString","coordinates":[[60.63542,41.75208],[60.59792,41.76458]]}},{"type":"Feature","properties":{"hyriv_id":40297914,"system_id":"amu_darya","discharge_cms":1957.15,"strahler_order":8,"channel_class":"perennial","in_headwater_formation":0},"geometry":{"type":"LineString","coordinates":[[60.64375,41.74375],[60.63542,41.75208]]}},{"type":"Feature","properties":{"hyriv_id":40299222,"system_id":"amu_darya","discharge_cms":1957.405,"strahler_order":8,"channel_class":"perennial","in_headwater_formation":0},"geometry":{"type":"LineString","coordinates":[[60.67292,41.70208],[60.64375,41.74375]]}},{"type":"Feature","properties":{"hyriv_id":40300141,"system_id":"amu_darya","discharge_cms":1958.693,"strahler_order":8,"channel_class":"perennial","in_headwater_formation":0},"geometry":{"type":"LineString","coordinates":[[60.68542,41.67292],[60.67292,41.68542],[60.67292,41.70208]]}},{"type":"Feature","properties":{"hyriv_id":40300553,"system_id":"amu_darya","discharge_cms":1959.595,"strahler_order":8,"channel_class":"perennial","in_headwater_formation":0},"geometry":{"type":"LineString","coordinates":[[60.69792,41.66042],[60.68542,41.67292]]}},{"type":"Feature","properties":{"hyriv_id":40300979,"system_id":"amu_darya","discharge_cms":1959.981,"strahler_order":8,"channel_class":"perennial","in_headwater_formation":0},"geometry":{"type":"LineString","coordinates":[[60.71875,41.64792],[60.71042,41.64792],[60.69792,41.66042]]}},{"type":"Feature","properties":{"hyriv_id":40301331,"system_id":"amu_darya","discharge_cms":1960.624,"strahler_order":8,"channel_class":"perennial","in_headwater_formation":0},"geometry":{"type":"LineString","coordinates":[[60.76042,41.63542],[60.73125,41.63958],[60.71875,41.64792]]}},{"type":"Feature","properties":{"hyriv_id":40302325,"system_id":"amu_darya","discharge_cms":1961.902,"strahler_order":8,"channel_class":"perennial","in_headwater_formation":0},"geometry":{"type":"LineString","coordinates":[[60.79375,41.60208],[60.78542,41.62292],[60.76042,41.63542]]}},{"type":"Feature","properties":{"hyriv_id":40302710,"system_id":"amu_darya","discharge_cms":1963.318,"strahler_order":8,"channel_class":"perennial","in_headwater_formation":0},"geometry":{"type":"LineString","coordinates":[[60.83542,41.58958],[60.81458,41.60208],[60.79375,41.60208]]}},{"type":"Feature","properties":{"hyriv_id":40377844,"system_id":"amu_darya","discharge_cms":1964.279,"strahler_order":8,"channel_class":"perennial","in_headwater_formation":0},"geometry":{"type":"LineString","coordinates":[[63.64792,39.10625],[63.58958,39.13125],[63.55625,39.12708]]}},{"type":"Feature","properties":{"hyriv_id":40303811,"system_id":"amu_darya","discharge_cms":1964.586,"strahler_order":8,"channel_class":"perennial","in_headwater_formation":0},"geometry":{"type":"LineString","coordinates":[[60.88125,41.55208],[60.83542,41.58958]]}},{"type":"Feature","properties":{"hyriv_id":40304069,"system_id":"amu_darya","discharge_cms":1965.998,"strahler_order":8,"channel_class":"perennial","in_headwater_formation":0},"geometry":{"type":"LineString","coordinates":[[60.89792,41.54375],[60.88125,41.55208]]}},{"type":"Feature","properties":{"hyriv_id":40304885,"system_id":"amu_darya","discharge_cms":1966.494,"strahler_order":8,"channel_class":"perennial","in_headwater_formation":0},"geometry":{"type":"LineString","coordinates":[[60.93958,41.51458],[60.92292,41.53542],[60.89792,41.54375]]}},{"type":"Feature","properties":{"hyriv_id":40305997,"system_id":"amu_darya","discharge_cms":1967.904,"strahler_order":8,"channel_class":"perennial","in_headwater_formation":0},"geometry":{"type":"LineString","coordinates":[[60.96875,41.47708],[60.93958,41.50625],[60.93958,41.51458]]}},{"type":"Feature","properties":{"hyriv_id":40306500,"system_id":"amu_darya","discharge_cms":1968.716,"strahler_order":8,"channel_class":"perennial","in_headwater_formation":0},"geometry":{"type":"LineString","coordinates":[[60.99375,41.46042],[60.98542,41.46042],[60.96875,41.47708]]}},{"type":"Feature","properties":{"hyriv_id":40306618,"system_id":"amu_darya","discharge_cms":1969.157,"strahler_order":8,"channel_class":"perennial","in_headwater_formation":0},"geometry":{"type":"LineString","coordinates":[[61.00625,41.45625],[60.99375,41.46042]]}},{"type":"Feature","properties":{"hyriv_id":40307516,"system_id":"amu_darya","discharge_cms":1969.3,"strahler_order":8,"channel_class":"perennial","in_headwater_formation":0},"geometry":{"type":"LineString","coordinates":[[61.04792,41.42708],[61.02708,41.44792],[61.01458,41.44792],[61.00625,41.45625]]}},{"type":"Feature","properties":{"hyriv_id":40377245,"system_id":"amu_darya","discharge_cms":1969.409,"strahler_order":8,"channel_class":"perennial","in_headwater_formation":0},"geometry":{"type":"LineString","coordinates":[[63.55625,39.12708],[63.53542,39.14375],[63.53542,39.15208]]}},{"type":"Feature","properties":{"hyriv_id":40307664,"system_id":"amu_darya","discharge_cms":1969.655,"strahler_order":8,"channel_class":"perennial","in_headwater_formation":0},"geometry":{"type":"LineString","coordinates":[[61.07708,41.42292],[61.04792,41.42708]]}},{"type":"Feature","properties":{"hyriv_id":40308646,"system_id":"amu_darya","discharge_cms":1969.902,"strahler_order":8,"channel_class":"perennial","in_headwater_formation":0},"geometry":{"type":"LineString","coordinates":[[61.12708,41.39375],[61.09792,41.42292],[61.07708,41.42292]]}},{"type":"Feature","properties":{"hyriv_id":40308929,"system_id":"amu_darya","discharge_cms":1970.353,"strahler_order":8,"channel_class":"perennial","in_headwater_formation":0},"geometry":{"type":"LineString","coordinates":[[61.16458,41.38542],[61.14792,41.39375],[61.12708,41.39375]]}},{"type":"Feature","properties":{"hyriv_id":40309466,"system_id":"amu_darya","discharge_cms":1970.681,"strahler_order":8,"channel_class":"perennial","in_headwater_formation":0},"geometry":{"type":"LineString","coordinates":[[61.20208,41.36875],[61.18542,41.38125],[61.16458,41.38542]]}},{"type":"Feature","properties":{"hyriv_id":40310743,"system_id":"amu_darya","discharge_cms":1971.002,"strahler_order":8,"channel_class":"perennial","in_headwater_formation":0},"geometry":{"type":"LineString","coordinates":[[61.25625,41.32708],[61.21875,41.36458],[61.20208,41.36875]]}},{"type":"Feature","properties":{"hyriv_id":40311528,"system_id":"amu_darya","discharge_cms":1971.467,"strahler_order":8,"channel_class":"perennial","in_headwater_formation":0},"geometry":{"type":"LineString","coordinates":[[61.26875,41.30208],[61.25625,41.32708]]}},{"type":"Feature","properties":{"hyriv_id":40311636,"system_id":"amu_darya","discharge_cms":1971.685,"strahler_order":8,"channel_class":"perennial","in_headwater_formation":0},"geometry":{"type":"LineString","coordinates":[[61.27292,41.29792],[61.26875,41.30208]]}},{"type":"Feature","properties":{"hyriv_id":40313175,"system_id":"amu_darya","discharge_cms":1971.715,"strahler_order":8,"channel_class":"perennial","in_headwater_formation":0},"geometry":{"type":"LineString","coordinates":[[61.30208,41.24792],[61.28125,41.26875],[61.27292,41.29792]]}},{"type":"Feature","properties":{"hyriv_id":40314123,"system_id":"amu_darya","discharge_cms":1972.137,"strahler_order":8,"channel_class":"perennial","in_headwater_formation":0},"geometry":{"type":"LineString","coordinates":[[61.35625,41.21458],[61.34375,41.21458],[61.30208,41.24792]]}},{"type":"Feature","properties":{"hyriv_id":40314125,"system_id":"amu_darya","discharge_cms":1972.609,"strahler_order":8,"channel_class":"perennial","in_headwater_formation":0},"geometry":{"type":"LineString","coordinates":[[61.39375,41.21458],[61.35625,41.21458]]}},{"type":"Feature","properties":{"hyriv_id":40313992,"system_id":"amu_darya","discharge_cms":1972.633,"strahler_order":8,"channel_class":"perennial","in_headwater_formation":0},"geometry":{"type":"LineString","coordinates":[[61.41042,41.26458],[61.40208,41.21875]]}},{"type":"Feature","properties":{"hyriv_id":40314126,"system_id":"amu_darya","discharge_cms":1972.929,"strahler_order":8,"channel_class":"perennial","in_headwater_formation":0},"geometry":{"type":"LineString","coordinates":[[61.40208,41.21875],[61.39375,41.21458]]}},{"type":"Feature","properties":{"hyriv_id":40312621,"system_id":"amu_darya","discharge_cms":1973.033,"strahler_order":8,"channel_class":"perennial","in_headwater_formation":0},"geometry":{"type":"LineString","coordinates":[[61.43125,41.28542],[61.41042,41.26458]]}},{"type":"Feature","properties":{"hyriv_id":40312145,"system_id":"amu_darya","discharge_cms":1973.208,"strahler_order":8,"channel_class":"perennial","in_headwater_formation":0},"geometry":{"type":"LineString","coordinates":[[61.46458,41.28125],[61.43125,41.28542]]}},{"type":"Feature","properties":{"hyriv_id":40312146,"system_id":"amu_darya","discharge_cms":1973.493,"strahler_order":8,"channel_class":"perennial","in_headwater_formation":0},"geometry":{"type":"LineString","coordinates":[[61.46875,41.28125],[61.46458,41.28125]]}},{"type":"Feature","properties":{"hyriv_id":40312622,"system_id":"amu_darya","discharge_cms":1973.523,"strahler_order":8,"channel_class":"perennial","in_headwater_formation":0},"geometry":{"type":"LineString","coordinates":[[61.52708,41.26458],[61.48542,41.28125],[61.46875,41.28125]]}},{"type":"Feature","properties":{"hyriv_id":40313177,"system_id":"amu_darya","discharge_cms":1973.929,"strahler_order":8,"channel_class":"perennial","in_headwater_formation":0},"geometry":{"type":"LineString","coordinates":[[61.63542,41.24792],[61.58125,41.26042],[61.52708,41.26458]]}},{"type":"Feature","properties":{"hyriv_id":40313639,"system_id":"amu_darya","discharge_cms":1974.507,"strahler_order":8,"channel_class":"perennial","in_headwater_formation":0},"geometry":{"type":"LineString","coordinates":[[61.68125,41.23125],[61.66875,41.23125],[61.63542,41.24792]]}},{"type":"Feature","properties":{"hyriv_id":40313994,"system_id":"amu_darya","discharge_cms":1974.744,"strahler_order":8,"channel_class":"perennial","in_headwater_formation":0},"geometry":{"type":"LineString","coordinates":[[61.71458,41.21875],[61.70625,41.22708],[61.68125,41.23125]]}},{"type":"Feature","properties":{"hyriv_id":40314654,"system_id":"amu_darya","discharge_cms":1974.908,"strahler_order":8,"channel_class":"perennial","in_headwater_formation":0},"geometry":{"type":"LineString","coordinates":[[61.74375,41.19792],[61.72292,41.20208]]}},{"type":"Feature","properties":{"hyriv_id":40314502,"system_id":"amu_darya","discharge_cms":1974.917,"strahler_order":8,"channel_class":"perennial","in_headwater_formation":0},"geometry":{"type":"LineString","coordinates":[[61.72292,41.20208],[61.71458,41.21875]]}},{"type":"Feature","properties":{"hyriv_id":40315916,"system_id":"amu_darya","discharge_cms":1975.019,"strahler_order":8,"channel_class":"perennial","in_headwater_formation":0},"geometry":{"type":"LineString","coordinates":[[61.78958,41.15625],[61.74375,41.19792]]}},{"type":"Feature","properties":{"hyriv_id":40316834,"system_id":"amu_darya","discharge_cms":1975.264,"strahler_order":8,"channel_class":"perennial","in_headwater_formation":0},"geometry":{"type":"LineString","coordinates":[[61.83125,41.12708],[61.78958,41.15625]]}},{"type":"Feature","properties":{"hyriv_id":40316969,"system_id":"amu_darya","discharge_cms":1975.486,"strahler_order":8,"channel_class":"perennial","in_headwater_formation":0},"geometry":{"type":"LineString","coordinates":[[61.83542,41.12292],[61.83125,41.12708]]}},{"type":"Feature","properties":{"hyriv_id":40317097,"system_id":"amu_darya","discharge_cms":1975.496,"strahler_order":8,"channel_class":"perennial","in_headwater_formation":0},"geometry":{"type":"LineString","coordinates":[[61.84792,41.11875],[61.83542,41.12292]]}},{"type":"Feature","properties":{"hyriv_id":40317329,"system_id":"amu_darya","discharge_cms":1975.558,"strahler_order":8,"channel_class":"perennial","in_headwater_formation":0},"geometry":{"type":"LineString","coordinates":[[61.88125,41.11042],[61.84792,41.11875]]}},{"type":"Feature","properties":{"hyriv_id":40318785,"system_id":"amu_darya","discharge_cms":1975.723,"strahler_order":8,"channel_class":"perennial","in_headwater_formation":0},"geometry":{"type":"LineString","coordinates":[[61.89792,41.06042],[61.89792,41.08958],[61.88125,41.11042]]}},{"type":"Feature","properties":{"hyriv_id":40319129,"system_id":"amu_darya","discharge_cms":1975.832,"strahler_order":8,"channel_class":"perennial","in_headwater_formation":0},"geometry":{"type":"LineString","coordinates":[[61.91042,41.04792],[61.89792,41.06042]]}},{"type":"Feature","properties":{"hyriv_id":40320222,"system_id":"amu_darya","discharge_cms":1975.889,"strahler_order":8,"channel_class":"perennial","in_headwater_formation":0},"geometry":{"type":"LineString","coordinates":[[61.95625,41.01042],[61.95625,41.02708],[61.94792,41.03542],[61.92708,41.04792],[61.91042,41.04792]]}},{"type":"Feature","properties":{"hyriv_id":40320746,"system_id":"amu_darya","discharge_cms":1976.217,"strahler_order":8,"channel_class":"perennial","in_headwater_formation":0},"geometry":{"type":"LineString","coordinates":[[61.97708,40.99375],[61.95625,41.01042]]}},{"type":"Feature","properties":{"hyriv_id":40322580,"system_id":"amu_darya","discharge_cms":1976.281,"strahler_order":8,"channel_class":"perennial","in_headwater_formation":0},"geometry":{"type":"LineString","coordinates":[[61.98125,40.93542],[61.98542,40.97708],[61.97708,40.99375]]}},{"type":"Feature","properties":{"hyriv_id":40326388,"system_id":"amu_darya","discharge_cms":1976.42,"strahler_order":8,"channel_class":"perennial","in_headwater_formation":0},"geometry":{"type":"LineString","coordinates":[[61.96458,40.81458],[61.96042,40.82708],[61.98125,40.85208]]}},{"type":"Feature","properties":{"hyriv_id":40322710,"system_id":"amu_darya","discharge_cms":1976.522,"strahler_order":8,"channel_class":"perennial","in_headwater_formation":0},"geometry":{"type":"LineString","coordinates":[[61.98542,40.93125],[61.98125,40.93542]]}},{"type":"Feature","properties":{"hyriv_id":40324595,"system_id":"amu_darya","discharge_cms":1976.527,"strahler_order":8,"channel_class":"perennial","in_headwater_formation":0},"geometry":{"type":"LineString","coordinates":[[61.98542,40.87292],[61.97708,40.88542],[61.97708,40.89375],[61.98958,40.90625],[61.98542,40.93125]]}},{"type":"Feature","properties":{"hyriv_id":40327280,"system_id":"amu_darya","discharge_cms":1976.562,"strahler_order":8,"channel_class":"perennial","in_headwater_formation":0},"geometry":{"type":"LineString","coordinates":[[62.02292,40.78542],[62.00625,40.80625],[61.98125,40.80625],[61.96458,40.81458]]}},{"type":"Feature","properties":{"hyriv_id":40324735,"system_id":"amu_darya","discharge_cms":1976.775,"strahler_order":8,"channel_class":"perennial","in_headwater_formation":0},"geometry":{"type":"LineString","coordinates":[[61.98542,40.86875],[61.98542,40.87292]]}},{"type":"Feature","properties":{"hyriv_id":40325277,"system_id":"amu_darya","discharge_cms":1976.784,"strahler_order":8,"channel_class":"perennial","in_headwater_formation":0},"geometry":{"type":"LineString","coordinates":[[61.98125,40.85208],[61.98542,40.86875]]}},{"type":"Feature","properties":{"hyriv_id":40329005,"system_id":"amu_darya","discharge_cms":1976.819,"strahler_order":8,"channel_class":"perennial","in_headwater_formation":0},"geometry":{"type":"LineString","coordinates":[[62.04375,40.72708],[62.04375,40.75208],[62.02292,40.78542]]}},{"type":"Feature","properties":{"hyriv_id":40329413,"system_id":"amu_darya","discharge_cms":1977.053,"strahler_order":8,"channel_class":"perennial","in_headwater_formation":0},"geometry":{"type":"LineString","coordinates":[[62.04792,40.71458],[62.04375,40.72708]]}},{"type":"Feature","properties":{"hyriv_id":40332016,"system_id":"amu_darya","discharge_cms":1977.094,"strahler_order":8,"channel_class":"perennial","in_headwater_formation":0},"geometry":{"type":"LineString","coordinates":[[62.10208,40.63125],[62.10208,40.66042],[62.07708,40.67708],[62.04792,40.71458]]}},{"type":"Feature","properties":{"hyriv_id":40332515,"system_id":"amu_darya","discharge_cms":1977.452,"strahler_order":8,"channel_class":"perennial","in_headwater_formation":0},"geometry":{"type":"LineString","coordinates":[[62.10208,40.61458],[62.10208,40.63125]]}},{"type":"Feature","properties":{"hyriv_id":40332730,"system_id":"amu_darya","discharge_cms":1977.513,"strahler_order":8,"channel_class":"perennial","in_headwater_formation":0},"geometry":{"type":"LineString","coordinates":[[62.10625,40.60625],[62.10208,40.61458]]}},{"type":"Feature","properties":{"hyriv_id":40333844,"system_id":"amu_darya","discharge_cms":1977.518,"strahler_order":8,"channel_class":"perennial","in_headwater_formation":0},"geometry":{"type":"LineString","coordinates":[[62.12292,40.57292],[62.10625,40.58958],[62.10625,40.60625]]}},{"type":"Feature","properties":{"hyriv_id":40334080,"system_id":"amu_darya","discharge_cms":1977.635,"strahler_order":8,"channel_class":"perennial","in_headwater_formation":0},"geometry":{"type":"LineString","coordinates":[[62.13125,40.56458],[62.12292,40.57292]]}},{"type":"Feature","properties":{"hyriv_id":40335359,"system_id":"amu_darya","discharge_cms":1977.639,"strahler_order":8,"channel_class":"perennial","in_headwater_formation":0},"geometry":{"type":"LineString","coordinates":[[62.18958,40.52708],[62.17708,40.53958],[62.16042,40.53958],[62.13125,40.56458]]}},{"type":"Feature","properties":{"hyriv_id":40341862,"system_id":"amu_darya","discharge_cms":1977.647,"strahler_order":8,"channel_class":"perennial","in_headwater_formation":0},"geometry":{"type":"LineString","coordinates":[[62.38958,40.32292],[62.34792,40.36042],[62.34792,40.37708],[62.36042,40.39792]]}},{"type":"Feature","properties":{"hyriv_id":40342542,"system_id":"amu_darya","discharge_cms":1977.683,"strahler_order":8,"channel_class":"perennial","in_headwater_formation":0},"geometry":{"type":"LineString","coordinates":[[62.39375,40.30208],[62.39375,40.31458]]}},{"type":"Feature","properties":{"hyriv_id":40344753,"system_id":"amu_darya","discharge_cms":1977.74,"strahler_order":8,"channel_class":"perennial","in_headwater_formation":0},"geometry":{"type":"LineString","coordinates":[[62.38958,40.23125],[62.38542,40.26042],[62.37292,40.28125],[62.38542,40.28542],[62.39375,40.30208]]}},{"type":"Feature","properties":{"hyriv_id":40337877,"system_id":"amu_darya","discharge_cms":1977.862,"strahler_order":8,"channel_class":"perennial","in_headwater_formation":0},"geometry":{"type":"LineString","coordinates":[[62.28958,40.45208],[62.28542,40.46875],[62.26875,40.48125],[62.20208,40.49375]]}},{"type":"Feature","properties":{"hyriv_id":40336459,"system_id":"amu_darya","discharge_cms":1977.868,"strahler_order":8,"channel_class":"perennial","in_headwater_formation":0},"geometry":{"type":"LineString","coordinates":[[62.20208,40.49375],[62.18958,40.50625]]}},{"type":"Feature","properties":{"hyriv_id":40336063,"system_id":"amu_darya","discharge_cms":1977.879,"strahler_order":8,"channel_class":"perennial","in_headwater_formation":0},"geometry":{"type":"LineString","coordinates":[[62.18958,40.50625],[62.18542,40.51042],[62.18958,40.52708]]}},{"type":"Feature","properties":{"hyriv_id":40342142,"system_id":"amu_darya","discharge_cms":1978.065,"strahler_order":8,"channel_class":"perennial","in_headwater_formation":0},"geometry":{"type":"LineString","coordinates":[[62.39375,40.31458],[62.38958,40.32292]]}},{"type":"Feature","properties":{"hyriv_id":40344977,"system_id":"amu_darya","discharge_cms":1978.133,"strahler_order":8,"channel_class":"perennial","in_headwater_formation":0},"geometry":{"type":"LineString","coordinates":[[62.39792,40.22292],[62.38958,40.23125]]}},{"type":"Feature","properties":{"hyriv_id":40346342,"system_id":"amu_darya","discharge_cms":1978.153,"strahler_order":8,"channel_class":"perennial","in_headwater_formation":0},"geometry":{"type":"LineString","coordinates":[[62.40625,40.17708],[62.40625,40.18958],[62.39792,40.19792],[62.39792,40.22292]]}},{"type":"Feature","properties":{"hyriv_id":40347996,"system_id":"amu_darya","discharge_cms":1978.382,"strahler_order":8,"channel_class":"perennial","in_headwater_formation":0},"geometry":{"type":"LineString","coordinates":[[62.40625,40.12708],[62.41458,40.14792],[62.41042,40.17292]]}},{"type":"Feature","properties":{"hyriv_id":40346474,"system_id":"amu_darya","discharge_cms":1978.399,"strahler_order":8,"channel_class":"perennial","in_headwater_formation":0},"geometry":{"type":"LineString","coordinates":[[62.41042,40.17292],[62.40625,40.17708]]}},{"type":"Feature","properties":{"hyriv_id":40338242,"system_id":"amu_darya","discharge_cms":1978.406,"strahler_order":8,"channel_class":"perennial","in_headwater_formation":0},"geometry":{"type":"LineString","coordinates":[[62.31042,40.43958],[62.30208,40.43958],[62.28958,40.45208]]}},{"type":"Feature","properties":{"hyriv_id":40339574,"system_id":"amu_darya","discharge_cms":1978.433,"strahler_order":8,"channel_class":"perennial","in_headwater_formation":0},"geometry":{"type":"LineString","coordinates":[[62.36042,40.39792],[62.33958,40.41042],[62.33958,40.42292]]}},{"type":"Feature","properties":{"hyriv_id":40338803,"system_id":"amu_darya","discharge_cms":1978.526,"strahler_order":8,"channel_class":"perennial","in_headwater_formation":0},"geometry":{"type":"LineString","coordinates":[[62.33958,40.42292],[62.31042,40.43958]]}},{"type":"Feature","properties":{"hyriv_id":40349683,"system_id":"amu_darya","discharge_cms":1978.547,"strahler_order":8,"channel_class":"perennial","in_headwater_formation":0},"geometry":{"type":"LineString","coordinates":[[62.42292,40.07292],[62.39375,40.10208]]}},{"type":"Feature","properties":{"hyriv_id":40348780,"system_id":"amu_darya","discharge_cms":1978.626,"strahler_order":8,"channel_class":"perennial","in_headwater_formation":0},"geometry":{"type":"LineString","coordinates":[[62.39375,40.10208],[62.39375,40.11458],[62.40625,40.12708]]}},{"type":"Feature","properties":{"hyriv_id":40350984,"system_id":"amu_darya","discharge_cms":1978.709,"strahler_order":8,"channel_class":"perennial","in_headwater_formation":0},"geometry":{"type":"LineString","coordinates":[[62.41875,40.03125],[62.40625,40.04375],[62.43125,40.06042],[62.42292,40.07292]]}},{"type":"Feature","properties":{"hyriv_id":40376505,"system_id":"amu_darya","discharge_cms":1978.785,"strahler_order":8,"channel_class":"perennial","in_headwater_formation":0},"geometry":{"type":"LineString","coordinates":[[63.53542,39.15208],[63.53958,39.16458],[63.53125,39.17292],[63.49792,39.18125]]}},{"type":"Feature","properties":{"hyriv_id":40351275,"system_id":"amu_darya","discharge_cms":1978.969,"strahler_order":8,"channel_class":"perennial","in_headwater_formation":0},"geometry":{"type":"LineString","coordinates":[[62.43125,40.02292],[62.41875,40.03125]]}},{"type":"Feature","properties":{"hyriv_id":40351696,"system_id":"amu_darya","discharge_cms":1979.028,"strahler_order":8,"channel_class":"perennial","in_headwater_formation":0},"geometry":{"type":"LineString","coordinates":[[62.43542,40.01042],[62.43125,40.02292]]}},{"type":"Feature","properties":{"hyriv_id":40375709,"system_id":"amu_darya","discharge_cms":1979.028,"strahler_order":8,"channel_class":"perennial","in_headwater_formation":0},"geometry":{"type":"LineString","coordinates":[[63.49792,39.18125],[63.48125,39.21042],[63.45625,39.22292]]}},{"type":"Feature","properties":{"hyriv_id":40353437,"system_id":"amu_darya","discharge_cms":1979.042,"strahler_order":8,"channel_class":"perennial","in_headwater_formation":0},"geometry":{"type":"LineString","coordinates":[[62.48542,39.95208],[62.47292,39.95208],[62.43958,39.98125],[62.43542,40.01042]]}},{"type":"Feature","properties":{"hyriv_id":40374535,"system_id":"amu_darya","discharge_cms":1979.067,"strahler_order":8,"channel_class":"perennial","in_headwater_formation":0},"geometry":{"type":"LineString","coordinates":[[63.45625,39.22292],[63.45208,39.22708]]}},{"type":"Feature","properties":{"hyriv_id":40374393,"system_id":"amu_darya","discharge_cms":1979.174,"strahler_order":8,"channel_class":"perennial","in_headwater_formation":0},"geometry":{"type":"LineString","coordinates":[[63.45208,39.22708],[63.42292,39.25208],[63.39792,39.25625]]}},{"type":"Feature","properties":{"hyriv_id":40373561,"system_id":"amu_darya","discharge_cms":1979.221,"strahler_order":8,"channel_class":"perennial","in_headwater_formation":0},"geometry":{"type":"LineString","coordinates":[[63.39792,39.25625],[63.38125,39.25625]]}},{"type":"Feature","properties":{"hyriv_id":40373560,"system_id":"amu_darya","discharge_cms":1979.269,"strahler_order":8,"channel_class":"perennial","in_headwater_formation":0},"geometry":{"type":"LineString","coordinates":[[63.38125,39.25625],[63.35208,39.26042]]}},{"type":"Feature","properties":{"hyriv_id":40373459,"system_id":"amu_darya","discharge_cms":1979.314,"strahler_order":8,"channel_class":"perennial","in_headwater_formation":0},"geometry":{"type":"LineString","coordinates":[[63.35208,39.26042],[63.34792,39.26458]]}},{"type":"Feature","properties":{"hyriv_id":40373344,"system_id":"amu_darya","discharge_cms":1979.404,"strahler_order":8,"channel_class":"perennial","in_headwater_formation":0},"geometry":{"type":"LineString","coordinates":[[63.34792,39.26458],[63.32708,39.26875],[63.31042,39.28125],[63.28958,39.28125]]}},{"type":"Feature","properties":{"hyriv_id":40372899,"system_id":"amu_darya","discharge_cms":1979.48,"strahler_order":8,"channel_class":"perennial","in_headwater_formation":0},"geometry":{"type":"LineString","coordinates":[[63.28958,39.28125],[63.26875,39.30208],[63.24792,39.30208],[63.22708,39.28958]]}},{"type":"Feature","properties":{"hyriv_id":40354028,"system_id":"amu_darya","discharge_cms":1979.518,"strahler_order":8,"channel_class":"perennial","in_headwater_formation":0},"geometry":{"type":"LineString","coordinates":[[62.49375,39.93125],[62.49375,39.94375],[62.48542,39.95208]]}},{"type":"Feature","properties":{"hyriv_id":40372645,"system_id":"amu_darya","discharge_cms":1979.52,"strahler_order":8,"channel_class":"perennial","in_headwater_formation":0},"geometry":{"type":"LineString","coordinates":[[63.22708,39.28958],[63.21042,39.28958],[63.19792,39.30625]]}},{"type":"Feature","properties":{"hyriv_id":40355972,"system_id":"amu_darya","discharge_cms":1979.637,"strahler_order":8,"channel_class":"perennial","in_headwater_formation":0},"geometry":{"type":"LineString","coordinates":[[62.52708,39.86458],[62.52708,39.89375],[62.51042,39.89792],[62.49375,39.91458],[62.49375,39.93125]]}},{"type":"Feature","properties":{"hyriv_id":40372147,"system_id":"amu_darya","discharge_cms":1979.79,"strahler_order":8,"channel_class":"perennial","in_headwater_formation":0},"geometry":{"type":"LineString","coordinates":[[63.19792,39.30625],[63.17292,39.32292]]}},{"type":"Feature","properties":{"hyriv_id":40371802,"system_id":"amu_darya","discharge_cms":1979.846,"strahler_order":8,"channel_class":"perennial","in_headwater_formation":0},"geometry":{"type":"LineString","coordinates":[[63.17292,39.32292],[63.14375,39.31875]]}},{"type":"Feature","properties":{"hyriv_id":40372020,"system_id":"amu_darya","discharge_cms":1979.973,"strahler_order":8,"channel_class":"perennial","in_headwater_formation":0},"geometry":{"type":"LineString","coordinates":[[63.14375,39.31875],[63.09375,39.31042],[63.06875,39.32708]]}},{"type":"Feature","properties":{"hyriv_id":40371569,"system_id":"amu_darya","discharge_cms":1980.031,"strahler_order":8,"channel_class":"perennial","in_headwater_formation":0},"geometry":{"type":"LineString","coordinates":[[63.06875,39.32708],[63.03958,39.33542]]}},{"type":"Feature","properties":{"hyriv_id":40370768,"system_id":"amu_darya","discharge_cms":1980.048,"strahler_order":8,"channel_class":"perennial","in_headwater_formation":0},"geometry":{"type":"LineString","coordinates":[[62.98542,39.35625],[62.96875,39.36458]]}},{"type":"Feature","properties":{"hyriv_id":40371326,"system_id":"amu_darya","discharge_cms":1980.072,"strahler_order":8,"channel_class":"perennial","in_headwater_formation":0},"geometry":{"type":"LineString","coordinates":[[63.03958,39.33542],[63.01042,39.34375],[62.99792,39.35625],[62.98542,39.35625]]}},{"type":"Feature","properties":{"hyriv_id":40357304,"system_id":"amu_darya","discharge_cms":1982.222,"strahler_order":8,"channel_class":"perennial","in_headwater_formation":0},"geometry":{"type":"LineString","coordinates":[[62.55625,39.81875],[62.53125,39.83542],[62.52708,39.85625]]}},{"type":"Feature","properties":{"hyriv_id":40356220,"system_id":"amu_darya","discharge_cms":1982.786,"strahler_order":8,"channel_class":"perennial","in_headwater_formation":0},"geometry":{"type":"LineString","coordinates":[[62.52708,39.85625],[62.52708,39.86458]]}},{"type":"Feature","properties":{"hyriv_id":40357437,"system_id":"amu_darya","discharge_cms":1984.595,"strahler_order":8,"channel_class":"perennial","in_headwater_formation":0},"geometry":{"type":"LineString","coordinates":[[62.56458,39.81458],[62.55625,39.81875]]}},{"type":"Feature","properties":{"hyriv_id":40358801,"system_id":"amu_darya","discharge_cms":1984.959,"strahler_order":8,"channel_class":"perennial","in_headwater_formation":0},"geometry":{"type":"LineString","coordinates":[[62.57708,39.76875],[62.56458,39.81458]]}},{"type":"Feature","properties":{"hyriv_id":40359171,"system_id":"amu_darya","discharge_cms":1986.498,"strahler_order":8,"channel_class":"perennial","in_headwater_formation":0},"geometry":{"type":"LineString","coordinates":[[62.65625,39.75625],[62.58542,39.76042],[62.57708,39.76875]]}},{"type":"Feature","properties":{"hyriv_id":40359564,"system_id":"amu_darya","discharge_cms":1990.453,"strahler_order":8,"channel_class":"perennial","in_headwater_formation":0},"geometry":{"type":"LineString","coordinates":[[62.66875,39.74375],[62.65625,39.75625]]}},{"type":"Feature","properties":{"hyriv_id":40360483,"system_id":"amu_darya","discharge_cms":1990.894,"strahler_order":8,"channel_class":"perennial","in_headwater_formation":0},"geometry":{"type":"LineString","coordinates":[[62.68125,39.71458],[62.67708,39.73542]]}},{"type":"Feature","properties":{"hyriv_id":40359839,"system_id":"amu_darya","discharge_cms":1991.085,"strahler_order":8,"channel_class":"perennial","in_headwater_formation":0},"geometry":{"type":"LineString","coordinates":[[62.67708,39.73542],[62.66875,39.74375]]}},{"type":"Feature","properties":{"hyriv_id":40360944,"system_id":"amu_darya","discharge_cms":1991.9,"strahler_order":8,"channel_class":"perennial","in_headwater_formation":0},"geometry":{"type":"LineString","coordinates":[[62.69792,39.69792],[62.68125,39.71458]]}},{"type":"Feature","properties":{"hyriv_id":40362361,"system_id":"amu_darya","discharge_cms":1992.728,"strahler_order":8,"channel_class":"perennial","in_headwater_formation":0},"geometry":{"type":"LineString","coordinates":[[62.75625,39.64792],[62.74375,39.64792],[62.73125,39.66875],[62.69792,39.69792]]}},{"type":"Feature","properties":{"hyriv_id":40419283,"system_id":"amu_darya","discharge_cms":1992.738,"strahler_order":7,"channel_class":"perennial","in_headwater_formation":0},"geometry":{"type":"LineString","coordinates":[[65.38542,37.71042],[65.37708,37.71042]]}},{"type":"Feature","properties":{"hyriv_id":40362364,"system_id":"amu_darya","discharge_cms":1995.611,"strahler_order":8,"channel_class":"perennial","in_headwater_formation":0},"geometry":{"type":"LineString","coordinates":[[62.77708,39.66042],[62.76458,39.64792]]}},{"type":"Feature","properties":{"hyriv_id":40362363,"system_id":"amu_darya","discharge_cms":1996.159,"strahler_order":8,"channel_class":"perennial","in_headwater_formation":0},"geometry":{"type":"LineString","coordinates":[[62.76458,39.64792],[62.75625,39.64792]]}},{"type":"Feature","properties":{"hyriv_id":40361986,"system_id":"amu_darya","discharge_cms":1996.235,"strahler_order":8,"channel_class":"perennial","in_headwater_formation":0},"geometry":{"type":"LineString","coordinates":[[62.81875,39.66042],[62.80208,39.66875],[62.78542,39.66875],[62.77708,39.66042]]}},{"type":"Feature","properties":{"hyriv_id":40419899,"system_id":"amu_darya","discharge_cms":1997.307,"strahler_order":7,"channel_class":"perennial","in_headwater_formation":0},"geometry":{"type":"LineString","coordinates":[[65.43958,37.68958],[65.43125,37.69792],[65.38542,37.71042]]}},{"type":"Feature","properties":{"hyriv_id":40362650,"system_id":"amu_darya","discharge_cms":1998.385,"strahler_order":8,"channel_class":"perennial","in_headwater_formation":0},"geometry":{"type":"LineString","coordinates":[[62.85625,39.63958],[62.81875,39.66042]]}},{"type":"Feature","properties":{"hyriv_id":40364085,"system_id":"amu_darya","discharge_cms":1998.478,"strahler_order":8,"channel_class":"perennial","in_headwater_formation":0},"geometry":{"type":"LineString","coordinates":[[62.90625,39.58958],[62.87708,39.61042],[62.88125,39.62292]]}},{"type":"Feature","properties":{"hyriv_id":40366315,"system_id":"amu_darya","discharge_cms":1999.725,"strahler_order":8,"channel_class":"perennial","in_headwater_formation":0},"geometry":{"type":"LineString","coordinates":[[62.96042,39.51042],[62.96458,39.53125],[62.94792,39.55208]]}},{"type":"Feature","properties":{"hyriv_id":40363155,"system_id":"amu_darya","discharge_cms":2000.199,"strahler_order":8,"channel_class":"perennial","in_headwater_formation":0},"geometry":{"type":"LineString","coordinates":[[62.88125,39.62292],[62.85625,39.63958]]}},{"type":"Feature","properties":{"hyriv_id":40364696,"system_id":"amu_darya","discharge_cms":2000.57,"strahler_order":8,"channel_class":"perennial","in_headwater_formation":0},"geometry":{"type":"LineString","coordinates":[[62.92708,39.56875],[62.90625,39.58958]]}},{"type":"Feature","properties":{"hyriv_id":40365200,"system_id":"amu_darya","discharge_cms":2001.602,"strahler_order":8,"channel_class":"perennial","in_headwater_formation":0},"geometry":{"type":"LineString","coordinates":[[62.94792,39.55208],[62.92708,39.56875]]}},{"type":"Feature","properties":{"hyriv_id":40367949,"system_id":"amu_darya","discharge_cms":2001.733,"strahler_order":8,"channel_class":"perennial","in_headwater_formation":0},"geometry":{"type":"LineString","coordinates":[[62.96458,39.45208],[62.96875,39.49375],[62.96042,39.51042]]}},{"type":"Feature","properties":{"hyriv_id":40370533,"system_id":"amu_darya","discharge_cms":2002.024,"strahler_order":8,"channel_class":"perennial","in_headwater_formation":0},"geometry":{"type":"LineString","coordinates":[[62.96875,39.36458],[62.97292,39.38542],[62.95625,39.40625],[62.96458,39.45208]]}},{"type":"Feature","properties":{"hyriv_id":40435252,"system_id":"amu_darya","discharge_cms":2025.082,"strahler_order":7,"channel_class":"perennial","in_headwater_formation":0},"geometry":{"type":"LineString","coordinates":[[67.35625,37.20625],[67.31458,37.20625]]}},{"type":"Feature","properties":{"hyriv_id":40435253,"system_id":"amu_darya","discharge_cms":2026.432,"strahler_order":7,"channel_class":"perennial","in_headwater_formation":0},"geometry":{"type":"LineString","coordinates":[[67.36875,37.21458],[67.35625,37.20625]]}},{"type":"Feature","properties":{"hyriv_id":40435001,"system_id":"amu_darya","discharge_cms":2026.827,"strahler_order":7,"channel_class":"perennial","in_headwater_formation":0},"geometry":{"type":"LineString","coordinates":[[67.38958,37.22292],[67.36875,37.21458]]}},{"type":"Feature","properties":{"hyriv_id":40420411,"system_id":"amu_darya","discharge_cms":2027.407,"strahler_order":7,"channel_class":"perennial","in_headwater_formation":0},"geometry":{"type":"LineString","coordinates":[[65.48542,37.67292],[65.45208,37.67708],[65.43958,37.68958]]}},{"type":"Feature","properties":{"hyriv_id":40434778,"system_id":"amu_darya","discharge_cms":2027.492,"strahler_order":7,"channel_class":"perennial","in_headwater_formation":0},"geometry":{"type":"LineString","coordinates":[[67.48125,37.26875],[67.44792,37.23542],[67.41042,37.22292],[67.38958,37.22292]]}},{"type":"Feature","properties":{"hyriv_id":40434112,"system_id":"amu_darya","discharge_cms":2030.307,"strahler_order":7,"channel_class":"perennial","in_headwater_formation":0},"geometry":{"type":"LineString","coordinates":[[67.54375,37.24375],[67.52708,37.26458],[67.48125,37.26875]]}},{"type":"Feature","properties":{"hyriv_id":40434779,"system_id":"amu_darya","discharge_cms":2035.999,"strahler_order":7,"channel_class":"perennial","in_headwater_formation":0},"geometry":{"type":"LineString","coordinates":[[67.59792,37.23542],[67.58542,37.23542],[67.57292,37.22292],[67.56458,37.22292],[67.54375,37.24375]]}},{"type":"Feature","properties":{"hyriv_id":40434394,"system_id":"amu_darya","discharge_cms":2041.672,"strahler_order":7,"channel_class":"perennial","in_headwater_formation":0},"geometry":{"type":"LineString","coordinates":[[67.61458,37.23542],[67.59792,37.23542]]}},{"type":"Feature","properties":{"hyriv_id":40434522,"system_id":"amu_darya","discharge_cms":2041.82,"strahler_order":7,"channel_class":"perennial","in_headwater_formation":0},"geometry":{"type":"LineString","coordinates":[[67.61875,37.23125],[67.61458,37.23542]]}},{"type":"Feature","properties":{"hyriv_id":40434900,"system_id":"amu_darya","discharge_cms":2042.253,"strahler_order":7,"channel_class":"perennial","in_headwater_formation":0},"geometry":{"type":"LineString","coordinates":[[67.68542,37.22292],[67.64375,37.21875],[67.61875,37.23125]]}},{"type":"Feature","properties":{"hyriv_id":40434780,"system_id":"amu_darya","discharge_cms":2049.229,"strahler_order":7,"channel_class":"perennial","in_headwater_formation":0},"geometry":{"type":"LineString","coordinates":[[67.68958,37.22292],[67.68542,37.22292]]}},{"type":"Feature","properties":{"hyriv_id":40434781,"system_id":"amu_darya","discharge_cms":2049.663,"strahler_order":7,"channel_class":"perennial","in_headwater_formation":0},"geometry":{"type":"LineString","coordinates":[[67.72708,37.22292],[67.68958,37.22292]]}},{"type":"Feature","properties":{"hyriv_id":40420925,"system_id":"amu_darya","discharge_cms":2052.413,"strahler_order":7,"channel_class":"perennial","in_headwater_formation":0},"geometry":{"type":"LineString","coordinates":[[65.54792,37.66042],[65.51458,37.65625],[65.48542,37.67292]]}},{"type":"Feature","properties":{"hyriv_id":40435254,"system_id":"amu_darya","discharge_cms":2053.539,"strahler_order":7,"channel_class":"perennial","in_headwater_formation":0},"geometry":{"type":"LineString","coordinates":[[67.74792,37.20625],[67.72708,37.22292]]}},{"type":"Feature","properties":{"hyriv_id":40435910,"system_id":"amu_darya","discharge_cms":2055.715,"strahler_order":7,"channel_class":"perennial","in_headwater_formation":0},"geometry":{"type":"LineString","coordinates":[[67.77708,37.18542],[67.74792,37.20625]]}},{"type":"Feature","properties":{"hyriv_id":40423256,"system_id":"amu_darya","discharge_cms":2058.635,"strahler_order":7,"channel_class":"perennial","in_headwater_formation":0},"geometry":{"type":"LineString","coordinates":[[65.71458,37.58125],[65.71042,37.58125]]}},{"type":"Feature","properties":{"hyriv_id":40423258,"system_id":"amu_darya","discharge_cms":2058.831,"strahler_order":7,"channel_class":"perennial","in_headwater_formation":0},"geometry":{"type":"LineString","coordinates":[[65.76042,37.58542],[65.71458,37.58125]]}},{"type":"Feature","properties":{"hyriv_id":40436027,"system_id":"amu_darya","discharge_cms":2059.194,"strahler_order":7,"channel_class":"perennial","in_headwater_formation":0},"geometry":{"type":"LineString","coordinates":[[67.78125,37.18125],[67.77708,37.18542]]}},{"type":"Feature","properties":{"hyriv_id":40436868,"system_id":"amu_darya","discharge_cms":2059.56,"strahler_order":7,"channel_class":"perennial","in_headwater_formation":0},"geometry":{"type":"LineString","coordinates":[[67.79375,37.15625],[67.79375,37.16875],[67.78125,37.18125]]}},{"type":"Feature","properties":{"hyriv_id":40423522,"system_id":"amu_darya","discharge_cms":2061.149,"strahler_order":7,"channel_class":"perennial","in_headwater_formation":0},"geometry":{"type":"LineString","coordinates":[[65.77292,37.57292],[65.76042,37.58542]]}},{"type":"Feature","properties":{"hyriv_id":40425475,"system_id":"amu_darya","discharge_cms":2061.52,"strahler_order":7,"channel_class":"perennial","in_headwater_formation":0},"geometry":{"type":"LineString","coordinates":[[65.80625,37.51042],[65.78125,37.51875],[65.76875,37.53958],[65.76875,37.56042]]}},{"type":"Feature","properties":{"hyriv_id":40423945,"system_id":"amu_darya","discharge_cms":2061.915,"strahler_order":7,"channel_class":"perennial","in_headwater_formation":0},"geometry":{"type":"LineString","coordinates":[[65.76875,37.56042],[65.77292,37.57292]]}},{"type":"Feature","properties":{"hyriv_id":40421059,"system_id":"amu_darya","discharge_cms":2061.923,"strahler_order":7,"channel_class":"perennial","in_headwater_formation":0},"geometry":{"type":"LineString","coordinates":[[65.57292,37.65208],[65.54792,37.66042]]}},{"type":"Feature","properties":{"hyriv_id":40438198,"system_id":"amu_darya","discharge_cms":2062.169,"strahler_order":7,"channel_class":"perennial","in_headwater_formation":0},"geometry":{"type":"LineString","coordinates":[[67.78958,37.11875],[67.79375,37.15625]]}},{"type":"Feature","properties":{"hyriv_id":40422085,"system_id":"amu_darya","discharge_cms":2063.143,"strahler_order":7,"channel_class":"perennial","in_headwater_formation":0},"geometry":{"type":"LineString","coordinates":[[65.63125,37.61875],[65.62292,37.62708],[65.59792,37.63125],[65.57292,37.65208]]}},{"type":"Feature","properties":{"hyriv_id":40426136,"system_id":"amu_darya","discharge_cms":2064.614,"strahler_order":7,"channel_class":"perennial","in_headwater_formation":0},"geometry":{"type":"LineString","coordinates":[[65.85208,37.48958],[65.81875,37.49375]]}},{"type":"Feature","properties":{"hyriv_id":40426008,"system_id":"amu_darya","discharge_cms":2064.888,"strahler_order":7,"channel_class":"perennial","in_headwater_formation":0},"geometry":{"type":"LineString","coordinates":[[65.81875,37.49375],[65.80625,37.51042]]}},{"type":"Feature","properties":{"hyriv_id":40426660,"system_id":"amu_darya","discharge_cms":2065.646,"strahler_order":7,"channel_class":"perennial","in_headwater_formation":0},"geometry":{"type":"LineString","coordinates":[[65.89792,37.47292],[65.85208,37.48958]]}},{"type":"Feature","properties":{"hyriv_id":40430663,"system_id":"amu_darya","discharge_cms":2065.653,"strahler_order":7,"channel_class":"perennial","in_headwater_formation":0},"geometry":{"type":"LineString","coordinates":[[67.03958,37.34792],[67.02292,37.35208],[66.98958,37.37708]]}},{"type":"Feature","properties":{"hyriv_id":40440039,"system_id":"amu_darya","discharge_cms":2066.067,"strahler_order":7,"channel_class":"perennial","in_headwater_formation":0},"geometry":{"type":"LineString","coordinates":[[67.86458,37.06458],[67.83125,37.06458],[67.80625,37.07292],[67.79375,37.08958],[67.78958,37.11875]]}},{"type":"Feature","properties":{"hyriv_id":40422499,"system_id":"amu_darya","discharge_cms":2066.138,"strahler_order":7,"channel_class":"perennial","in_headwater_formation":0},"geometry":{"type":"LineString","coordinates":[[65.64792,37.60625],[65.63125,37.61875]]}},{"type":"Feature","properties":{"hyriv_id":40423255,"system_id":"amu_darya","discharge_cms":2066.986,"strahler_order":7,"channel_class":"perennial","in_headwater_formation":0},"geometry":{"type":"LineString","coordinates":[[65.71042,37.58125],[65.67292,37.58125],[65.64792,37.60625]]}},{"type":"Feature","properties":{"hyriv_id":40426947,"system_id":"amu_darya","discharge_cms":2067.065,"strahler_order":7,"channel_class":"perennial","in_headwater_formation":0},"geometry":{"type":"LineString","coordinates":[[65.91458,37.46458],[65.89792,37.47292]]}},{"type":"Feature","properties":{"hyriv_id":40430789,"system_id":"amu_darya","discharge_cms":2067.203,"strahler_order":7,"channel_class":"perennial","in_headwater_formation":0},"geometry":{"type":"LineString","coordinates":[[67.08542,37.34375],[67.03958,37.34792]]}},{"type":"Feature","properties":{"hyriv_id":40427079,"system_id":"amu_darya","discharge_cms":2067.571,"strahler_order":7,"channel_class":"perennial","in_headwater_formation":0},"geometry":{"type":"LineString","coordinates":[[65.93542,37.46042],[65.91458,37.46458]]}},{"type":"Feature","properties":{"hyriv_id":40430250,"system_id":"amu_darya","discharge_cms":2067.607,"strahler_order":7,"channel_class":"perennial","in_headwater_formation":0},"geometry":{"type":"LineString","coordinates":[[66.77708,37.36458],[66.75625,37.36042]]}},{"type":"Feature","properties":{"hyriv_id":40430120,"system_id":"amu_darya","discharge_cms":2067.813,"strahler_order":7,"channel_class":"perennial","in_headwater_formation":0},"geometry":{"type":"LineString","coordinates":[[66.80625,37.36458],[66.79792,37.36875],[66.77708,37.36458]]}},{"type":"Feature","properties":{"hyriv_id":40427191,"system_id":"amu_darya","discharge_cms":2068.188,"strahler_order":7,"channel_class":"perennial","in_headwater_formation":0},"geometry":{"type":"LineString","coordinates":[[65.93958,37.45625],[65.93542,37.46042]]}},{"type":"Feature","properties":{"hyriv_id":40430791,"system_id":"amu_darya","discharge_cms":2068.198,"strahler_order":7,"channel_class":"perennial","in_headwater_formation":0},"geometry":{"type":"LineString","coordinates":[[67.08958,37.34375],[67.08542,37.34375]]}},{"type":"Feature","properties":{"hyriv_id":40430792,"system_id":"amu_darya","discharge_cms":2068.29,"strahler_order":7,"channel_class":"perennial","in_headwater_formation":0},"geometry":{"type":"LineString","coordinates":[[67.12292,37.34375],[67.08958,37.34375]]}},{"type":"Feature","properties":{"hyriv_id":40427605,"system_id":"amu_darya","discharge_cms":2068.31,"strahler_order":7,"channel_class":"perennial","in_headwater_formation":0},"geometry":{"type":"LineString","coordinates":[[65.97708,37.44375],[65.93958,37.45625]]}},{"type":"Feature","properties":{"hyriv_id":40430390,"system_id":"amu_darya","discharge_cms":2068.378,"strahler_order":7,"channel_class":"perennial","in_headwater_formation":0},"geometry":{"type":"LineString","coordinates":[[66.83125,37.35625],[66.80625,37.36458]]}},{"type":"Feature","properties":{"hyriv_id":40430392,"system_id":"amu_darya","discharge_cms":2068.88,"strahler_order":7,"channel_class":"perennial","in_headwater_formation":0},"geometry":{"type":"LineString","coordinates":[[66.84792,37.36042],[66.83125,37.35625]]}},{"type":"Feature","properties":{"hyriv_id":40430251,"system_id":"amu_darya","discharge_cms":2069.182,"strahler_order":7,"channel_class":"perennial","in_headwater_formation":0},"geometry":{"type":"LineString","coordinates":[[66.86042,37.37292],[66.84792,37.36042]]}},{"type":"Feature","properties":{"hyriv_id":40427728,"system_id":"amu_darya","discharge_cms":2069.298,"strahler_order":7,"channel_class":"perennial","in_headwater_formation":0},"geometry":{"type":"LineString","coordinates":[[65.98125,37.43958],[65.97708,37.44375]]}},{"type":"Feature","properties":{"hyriv_id":40428109,"system_id":"amu_darya","discharge_cms":2069.354,"strahler_order":7,"channel_class":"perennial","in_headwater_formation":0},"geometry":{"type":"LineString","coordinates":[[66.07292,37.42708],[65.99375,37.43125],[65.98125,37.43958]]}},{"type":"Feature","properties":{"hyriv_id":40429878,"system_id":"amu_darya","discharge_cms":2069.354,"strahler_order":7,"channel_class":"perennial","in_headwater_formation":0},"geometry":{"type":"LineString","coordinates":[[66.90208,37.37708],[66.86042,37.37292]]}},{"type":"Feature","properties":{"hyriv_id":40430929,"system_id":"amu_darya","discharge_cms":2069.409,"strahler_order":7,"channel_class":"perennial","in_headwater_formation":0},"geometry":{"type":"LineString","coordinates":[[67.13542,37.33958],[67.12292,37.34375]]}},{"type":"Feature","properties":{"hyriv_id":40430385,"system_id":"amu_darya","discharge_cms":2069.674,"strahler_order":7,"channel_class":"perennial","in_headwater_formation":0},"geometry":{"type":"LineString","coordinates":[[66.23125,37.35625],[66.18542,37.36458]]}},{"type":"Feature","properties":{"hyriv_id":40431644,"system_id":"amu_darya","discharge_cms":2069.753,"strahler_order":7,"channel_class":"perennial","in_headwater_formation":0},"geometry":{"type":"LineString","coordinates":[[67.16458,37.31875],[67.13542,37.33958]]}},{"type":"Feature","properties":{"hyriv_id":40428963,"system_id":"amu_darya","discharge_cms":2069.824,"strahler_order":7,"channel_class":"perennial","in_headwater_formation":0},"geometry":{"type":"LineString","coordinates":[[66.11875,37.40208],[66.11042,37.41042]]}},{"type":"Feature","properties":{"hyriv_id":40430114,"system_id":"amu_darya","discharge_cms":2069.871,"strahler_order":7,"channel_class":"perennial","in_headwater_formation":0},"geometry":{"type":"LineString","coordinates":[[66.16458,37.36458],[66.14375,37.36875]]}},{"type":"Feature","properties":{"hyriv_id":40429987,"system_id":"amu_darya","discharge_cms":2069.885,"strahler_order":7,"channel_class":"perennial","in_headwater_formation":0},"geometry":{"type":"LineString","coordinates":[[66.14375,37.36875],[66.11875,37.40208]]}},{"type":"Feature","properties":{"hyriv_id":40431497,"system_id":"amu_darya","discharge_cms":2069.898,"strahler_order":7,"channel_class":"perennial","in_headwater_formation":0},"geometry":{"type":"LineString","coordinates":[[66.30625,37.32292],[66.23125,37.35625]]}},{"type":"Feature","properties":{"hyriv_id":40430115,"system_id":"amu_darya","discharge_cms":2070.028,"strahler_order":7,"channel_class":"perennial","in_headwater_formation":0},"geometry":{"type":"LineString","coordinates":[[66.18542,37.36458],[66.16458,37.36458]]}},{"type":"Feature","properties":{"hyriv_id":40429732,"system_id":"amu_darya","discharge_cms":2070.095,"strahler_order":7,"channel_class":"perennial","in_headwater_formation":0},"geometry":{"type":"LineString","coordinates":[[66.90625,37.38125],[66.90208,37.37708]]}},{"type":"Feature","properties":{"hyriv_id":40429597,"system_id":"amu_darya","discharge_cms":2070.173,"strahler_order":7,"channel_class":"perennial","in_headwater_formation":0},"geometry":{"type":"LineString","coordinates":[[66.93958,37.38125],[66.90625,37.38125]]}},{"type":"Feature","properties":{"hyriv_id":40431499,"system_id":"amu_darya","discharge_cms":2070.388,"strahler_order":7,"channel_class":"perennial","in_headwater_formation":0},"geometry":{"type":"LineString","coordinates":[[66.32708,37.32292],[66.31875,37.32292]]}},{"type":"Feature","properties":{"hyriv_id":40431501,"system_id":"amu_darya","discharge_cms":2070.429,"strahler_order":7,"channel_class":"perennial","in_headwater_formation":0},"geometry":{"type":"LineString","coordinates":[[66.39375,37.32708],[66.32708,37.32292]]}},{"type":"Feature","properties":{"hyriv_id":40431498,"system_id":"amu_darya","discharge_cms":2070.45,"strahler_order":7,"channel_class":"perennial","in_headwater_formation":0},"geometry":{"type":"LineString","coordinates":[[66.31875,37.32292],[66.30625,37.32292]]}},{"type":"Feature","properties":{"hyriv_id":40428243,"system_id":"amu_darya","discharge_cms":2070.479,"strahler_order":7,"channel_class":"perennial","in_headwater_formation":0},"geometry":{"type":"LineString","coordinates":[[66.08958,37.42292],[66.07292,37.42708]]}},{"type":"Feature","properties":{"hyriv_id":40428672,"system_id":"amu_darya","discharge_cms":2070.577,"strahler_order":7,"channel_class":"perennial","in_headwater_formation":0},"geometry":{"type":"LineString","coordinates":[[66.11042,37.41042],[66.08958,37.42292]]}},{"type":"Feature","properties":{"hyriv_id":40431503,"system_id":"amu_darya","discharge_cms":2070.636,"strahler_order":7,"channel_class":"perennial","in_headwater_formation":0},"geometry":{"type":"LineString","coordinates":[[66.48542,37.33125],[66.45208,37.33125],[66.43542,37.32292]]}},{"type":"Feature","properties":{"hyriv_id":40433837,"system_id":"amu_darya","discharge_cms":2070.711,"strahler_order":7,"channel_class":"perennial","in_headwater_formation":0},"geometry":{"type":"LineString","coordinates":[[67.20625,37.25208],[67.17292,37.27708],[67.16875,37.28958],[67.17292,37.31042],[67.16458,37.31875]]}},{"type":"Feature","properties":{"hyriv_id":40429599,"system_id":"amu_darya","discharge_cms":2070.76,"strahler_order":7,"channel_class":"perennial","in_headwater_formation":0},"geometry":{"type":"LineString","coordinates":[[66.95208,37.38125],[66.93958,37.38125]]}},{"type":"Feature","properties":{"hyriv_id":40429733,"system_id":"amu_darya","discharge_cms":2070.923,"strahler_order":7,"channel_class":"perennial","in_headwater_formation":0},"geometry":{"type":"LineString","coordinates":[[66.98958,37.37708],[66.95208,37.38125]]}},{"type":"Feature","properties":{"hyriv_id":40431358,"system_id":"amu_darya","discharge_cms":2070.967,"strahler_order":7,"channel_class":"perennial","in_headwater_formation":0},"geometry":{"type":"LineString","coordinates":[[66.39792,37.33125],[66.39375,37.32708]]}},{"type":"Feature","properties":{"hyriv_id":40431502,"system_id":"amu_darya","discharge_cms":2070.972,"strahler_order":7,"channel_class":"perennial","in_headwater_formation":0},"geometry":{"type":"LineString","coordinates":[[66.43542,37.32292],[66.41042,37.32292],[66.39792,37.33125]]}},{"type":"Feature","properties":{"hyriv_id":40431221,"system_id":"amu_darya","discharge_cms":2071.001,"strahler_order":7,"channel_class":"perennial","in_headwater_formation":0},"geometry":{"type":"LineString","coordinates":[[66.50625,37.33542],[66.48542,37.33125]]}},{"type":"Feature","properties":{"hyriv_id":40431086,"system_id":"amu_darya","discharge_cms":2071.264,"strahler_order":7,"channel_class":"perennial","in_headwater_formation":0},"geometry":{"type":"LineString","coordinates":[[66.51042,37.33542],[66.50625,37.33542]]}},{"type":"Feature","properties":{"hyriv_id":40431087,"system_id":"amu_darya","discharge_cms":2071.338,"strahler_order":7,"channel_class":"perennial","in_headwater_formation":0},"geometry":{"type":"LineString","coordinates":[[66.53125,37.34375],[66.51042,37.33542]]}},{"type":"Feature","properties":{"hyriv_id":40430788,"system_id":"amu_darya","discharge_cms":2071.59,"strahler_order":7,"channel_class":"perennial","in_headwater_formation":0},"geometry":{"type":"LineString","coordinates":[[66.55208,37.35208],[66.53125,37.34375]]}},{"type":"Feature","properties":{"hyriv_id":40430661,"system_id":"amu_darya","discharge_cms":2071.945,"strahler_order":7,"channel_class":"perennial","in_headwater_formation":0},"geometry":{"type":"LineString","coordinates":[[66.57292,37.34792],[66.55208,37.35208]]}},{"type":"Feature","properties":{"hyriv_id":40431088,"system_id":"amu_darya","discharge_cms":2072.099,"strahler_order":7,"channel_class":"perennial","in_headwater_formation":0},"geometry":{"type":"LineString","coordinates":[[66.67708,37.33542],[66.64375,37.33958],[66.61458,37.33542],[66.57292,37.34792]]}},{"type":"Feature","properties":{"hyriv_id":40435250,"system_id":"amu_darya","discharge_cms":2073.164,"strahler_order":7,"channel_class":"perennial","in_headwater_formation":0},"geometry":{"type":"LineString","coordinates":[[67.23958,37.20625],[67.23125,37.21042],[67.22708,37.23542],[67.21458,37.23958],[67.20625,37.25208]]}},{"type":"Feature","properties":{"hyriv_id":40431089,"system_id":"amu_darya","discharge_cms":2074.206,"strahler_order":7,"channel_class":"perennial","in_headwater_formation":0},"geometry":{"type":"LineString","coordinates":[[66.70208,37.33958],[66.67708,37.33542]]}},{"type":"Feature","properties":{"hyriv_id":40430928,"system_id":"amu_darya","discharge_cms":2074.697,"strahler_order":7,"channel_class":"perennial","in_headwater_formation":0},"geometry":{"type":"LineString","coordinates":[[66.72292,37.35208],[66.70208,37.33958]]}},{"type":"Feature","properties":{"hyriv_id":40435907,"system_id":"amu_darya","discharge_cms":2075.104,"strahler_order":7,"channel_class":"perennial","in_headwater_formation":0},"geometry":{"type":"LineString","coordinates":[[67.29375,37.19375],[67.24792,37.18542],[67.23958,37.20625]]}},{"type":"Feature","properties":{"hyriv_id":40430528,"system_id":"amu_darya","discharge_cms":2075.115,"strahler_order":7,"channel_class":"perennial","in_headwater_formation":0},"geometry":{"type":"LineString","coordinates":[[66.74375,37.36042],[66.72292,37.35208]]}},{"type":"Feature","properties":{"hyriv_id":40430249,"system_id":"amu_darya","discharge_cms":2075.486,"strahler_order":7,"channel_class":"perennial","in_headwater_formation":0},"geometry":{"type":"LineString","coordinates":[[66.75625,37.36042],[66.74375,37.36042]]}},{"type":"Feature","properties":{"hyriv_id":40440825,"system_id":"amu_darya","discharge_cms":2076.914,"strahler_order":7,"channel_class":"perennial","in_headwater_formation":0},"geometry":{"type":"LineString","coordinates":[[67.90625,37.04375],[67.89375,37.06042],[67.86458,37.06458]]}},{"type":"Feature","properties":{"hyriv_id":40435616,"system_id":"amu_darya","discharge_cms":2077.323,"strahler_order":7,"channel_class":"perennial","in_headwater_formation":0},"geometry":{"type":"LineString","coordinates":[[67.29792,37.19792],[67.29375,37.19375]]}},{"type":"Feature","properties":{"hyriv_id":40435517,"system_id":"amu_darya","discharge_cms":2077.431,"strahler_order":7,"channel_class":"perennial","in_headwater_formation":0},"geometry":{"type":"LineString","coordinates":[[67.31458,37.20625],[67.29792,37.19792]]}},{"type":"Feature","properties":{"hyriv_id":40441803,"system_id":"amu_darya","discharge_cms":2081.7,"strahler_order":7,"channel_class":"perennial","in_headwater_formation":0},"geometry":{"type":"LineString","coordinates":[[67.91875,37.01458],[67.91042,37.02292],[67.90625,37.04375]]}},{"type":"Feature","properties":{"hyriv_id":40442910,"system_id":"amu_darya","discharge_cms":2084.739,"strahler_order":7,"channel_class":"perennial","in_headwater_formation":0},"geometry":{"type":"LineString","coordinates":[[67.95208,36.98125],[67.91875,37.01458]]}},{"type":"Feature","properties":{"hyriv_id":40443630,"system_id":"amu_darya","discharge_cms":2087.361,"strahler_order":7,"channel_class":"perennial","in_headwater_formation":0},"geometry":{"type":"LineString","coordinates":[[67.98125,36.96042],[67.95625,36.96875],[67.95208,36.98125]]}},{"type":"Feature","properties":{"hyriv_id":40444611,"system_id":"amu_darya","discharge_cms":2087.739,"strahler_order":7,"channel_class":"perennial","in_headwater_formation":0},"geometry":{"type":"LineString","coordinates":[[68.04375,36.93542],[68.02708,36.93125]]}},{"type":"Feature","properties":{"hyriv_id":40444610,"system_id":"amu_darya","discharge_cms":2089.345,"strahler_order":7,"channel_class":"perennial","in_headwater_formation":0},"geometry":{"type":"LineString","coordinates":[[68.02708,36.93125],[68.01458,36.93125],[67.98125,36.96042]]}}]}
